uid,namedLocation,domainID,siteID,plotID,setDate,collectDate,identifiedDate,individualID,taxonID,kingdom,phylum,class,order,family,subfamily,tribe,genus,subgenus,specificEpithet,infraspecificEpithet,scientificName,scientificNameAuthorship,taxonRank,identificationQualifier,sex,morphospeciesID,identificationReferences,identifiedBy,laboratoryName,identificationRemarks,sampleCondition,dnaBarcoded,geneticSampleID,remarks
"2c78e1b8-fb51-47a0-9bf3-0761c9e85855","STEI_022.basePlot.bet","D05","STEI","STEI_022","2015-07-29","2015-08-12","2017-01-15","NEON.BET.D05.001126","AGOTRI","Animalia","Arthropoda","Insecta","Coleoptera","Carabidae","Harpalinae","Platynini","Agonum","Olisares","trigeminum",,"Agonum trigeminum","Lindroth","species",,"F",,"Liebherr, J. K. 1994. Identification of new world Agonum , review of the mexican fauna , and description of Incagonum , new genus , from South America (Coleoptera: Carabidae: Platynini). Journal of The New York Entomological Society 102:1-55.","Kipling Will","Essig Museum of Entomology",,"No known compromise","N",,
"34cf422f-5cd6-428d-9cfb-b166ddfc03c4","STEI_007.basePlot.bet","D05","STEI","STEI_007","2015-07-29","2015-08-12","2017-01-15","NEON.BET.D05.001132","CYMCRI","Animalia","Arthropoda","Insecta","Coleoptera","Carabidae","Harpalinae","Lebiini","Cymindis","Tarulus","cribricollis",,"Cymindis cribricollis","Dejean","species",,"F",,"Lindroth, C. H. 1969. The ground-beetles (Carabidae, excl. Cicindelinae) of Canada and Alaska, parts 1-6. Opuscula E. Entomoligiska Sallskapet.","Kipling Will","Essig Museum of Entomology",,"No known compromise","N",,
"1842c4f7-219b-4f95-b2d5-e26e5d3216b3","STEI_004.basePlot.bet","D05","STEI","STEI_004","2015-07-29","2015-08-12","2017-01-15","NEON.BET.D05.001145","PTECOR1","Animalia","Arthropoda","Insecta","Coleoptera","Carabidae","Harpalinae","Pterostichini","Pterostichus","Euferonia","coracinus",,"Pterostichus coracinus","Newman","species",,"F",,"Lindroth, C. H. 1969. The ground-beetles (Carabidae, excl. Cicindelinae) of Canada and Alaska, parts 1-6. Opuscula E. Entomoligiska Sallskapet.","Kipling Will","Essig Museum of Entomology",,"No known compromise","N",,
"bad1a918-97de-4a84-b796-b3d911c3149e","STEI_008.basePlot.bet","D05","STEI","STEI_008","2015-07-29","2015-08-12","2017-01-15","NEON.BET.D05.001151","PTETRI3","Animalia","Arthropoda","Insecta","Coleoptera","Carabidae","Harpalinae","Pterostichini","Pterostichus","Hypherpes","tristis",,"Pterostichus tristis","Dejean","species",,"F",,"Lindroth, C. H. 1969. The ground-beetles (Carabidae, excl. Cicindelinae) of Canada and Alaska, parts 1-6. Opuscula E. Entomoligiska Sallskapet.","Kipling Will","Essig Museum of Entomology",,"No known compromise","N",,
"3ec12abd-9ad8-421c-a088-ea2c4e3c76c2","STEI_004.basePlot.bet","D05","STEI","STEI_004","2015-07-29","2015-08-12","2017-01-15","NEON.BET.D05.001143","PTECOR1","Animalia","Arthropoda","Insecta","Coleoptera","Carabidae","Harpalinae","Pterostichini","Pterostichus","Euferonia","coracinus",,"Pterostichus coracinus","Newman","species",,"M",,"Lindroth, C. H. 1969. The ground-beetles (Carabidae, excl. Cicindelinae) of Canada and Alaska, parts 1-6. Opuscula E. Entomoligiska Sallskapet.","Kipling Will","Essig Museum of Entomology",,"No known compromise","N",,
"74248897-ebe6-4e0b-857c-4f8e0d8d920b","STEI_004.basePlot.bet","D05","STEI","STEI_004","2015-07-29","2015-08-12","2017-01-15","NEON.BET.D05.001144","PTECOR1","Animalia","Arthropoda","Insecta","Coleoptera","Carabidae","Harpalinae","Pterostichini","Pterostichus","Euferonia","coracinus",,"Pterostichus coracinus","Newman","species",,"M",,"Lindroth, C. H. 1969. The ground-beetles (Carabidae, excl. Cicindelinae) of Canada and Alaska, parts 1-6. Opuscula E. Entomoligiska Sallskapet.","Kipling Will","Essig Museum of Entomology",,"No known compromise","N",,
"216ad7f9-d082-4e94-af6e-a648002337e8","STEI_001.basePlot.bet","D05","STEI","STEI_001","2015-07-29","2015-08-12","2017-01-15","NEON.BET.D05.000948","PTEMEL","Animalia","Arthropoda","Insecta","Coleoptera","Carabidae","Harpalinae","Pterostichini","Pterostichus","Morphnosoma","melanarius","melanarius","Pterostichus melanarius melanarius","Illiger","subspecies",,"F",,"Lindroth, C. H. 1969. The ground-beetles (Carabidae, excl. Cicindelinae) of Canada and Alaska, parts 1-6. Opuscula E. Entomoligiska Sallskapet.","Kipling Will","Essig Museum of Entomology",,"No known compromise","N",,
"5c20669c-2988-400a-8611-12f53eafff17","STEI_001.basePlot.bet","D05","STEI","STEI_001","2015-07-29","2015-08-12","2017-01-15","NEON.BET.D05.000949","PTEMEL","Animalia","Arthropoda","Insecta","Coleoptera","Carabidae","Harpalinae","Pterostichini","Pterostichus","Morphnosoma","melanarius","melanarius","Pterostichus melanarius melanarius","Illiger","subspecies",,"M",,"Lindroth, C. H. 1969. The ground-beetles (Carabidae, excl. Cicindelinae) of Canada and Alaska, parts 1-6. Opuscula E. Entomoligiska Sallskapet.","Kipling Will","Essig Museum of Entomology",,"No known compromise","N",,
"6e831a79-b613-4346-be96-52768209b619","STEI_002.basePlot.bet","D05","STEI","STEI_002","2015-07-29","2015-08-12","2017-01-15","NEON.BET.D05.000950","PTEMEL","Animalia","Arthropoda","Insecta","Coleoptera","Carabidae","Harpalinae","Pterostichini","Pterostichus","Morphnosoma","melanarius","melanarius","Pterostichus melanarius melanarius","Illiger","subspecies",,"F",,"Lindroth, C. H. 1969. The ground-beetles (Carabidae, excl. Cicindelinae) of Canada and Alaska, parts 1-6. Opuscula E. Entomoligiska Sallskapet.","Kipling Will","Essig Museum of Entomology",,"No known compromise","N",,
"395c8e40-3424-4990-8c5d-84802a3c5fc1","STEI_008.basePlot.bet","D05","STEI","STEI_008","2015-07-29","2015-08-12","2017-01-15","NEON.BET.D05.000979","PTEMEL","Animalia","Arthropoda","Insecta","Coleoptera","Carabidae","Harpalinae","Pterostichini","Pterostichus","Morphnosoma","melanarius","melanarius","Pterostichus melanarius melanarius","Illiger","subspecies",,"F",,"Lindroth, C. H. 1969. The ground-beetles (Carabidae, excl. Cicindelinae) of Canada and Alaska, parts 1-6. Opuscula E. Entomoligiska Sallskapet.","Kipling Will","Essig Museum of Entomology",,"No known compromise","N",,
"331ef983-6cf4-41ca-8a90-bc05f199c8f6","STEI_005.basePlot.bet","D05","STEI","STEI_005","2015-07-29","2015-08-12","2017-01-15","NEON.BET.D05.000972","PTEMEL","Animalia","Arthropoda","Insecta","Coleoptera","Carabidae","Harpalinae","Pterostichini","Pterostichus","Morphnosoma","melanarius","melanarius","Pterostichus melanarius melanarius","Illiger","subspecies",,"M",,"Lindroth, C. H. 1969. The ground-beetles (Carabidae, excl. Cicindelinae) of Canada and Alaska, parts 1-6. Opuscula E. Entomoligiska Sallskapet.","Kipling Will","Essig Museum of Entomology",,"No known compromise","N",,
"896e1db5-c7a1-48d6-a9aa-d01f16abd8bd","STEI_005.basePlot.bet","D05","STEI","STEI_005","2015-07-29","2015-08-12","2017-01-15","NEON.BET.D05.000971","PTEMEL","Animalia","Arthropoda","Insecta","Coleoptera","Carabidae","Harpalinae","Pterostichini","Pterostichus","Morphnosoma","melanarius","melanarius","Pterostichus melanarius melanarius","Illiger","subspecies",,"F",,"Lindroth, C. H. 1969. The ground-beetles (Carabidae, excl. Cicindelinae) of Canada and Alaska, parts 1-6. Opuscula E. Entomoligiska Sallskapet.","Kipling Will","Essig Museum of Entomology",,"No known compromise","N",,
"a2a043b5-0e3f-45fa-8a28-37ec30b25998","STEI_005.basePlot.bet","D05","STEI","STEI_005","2015-07-29","2015-08-12","2017-01-15","NEON.BET.D05.000970","PTEMEL","Animalia","Arthropoda","Insecta","Coleoptera","Carabidae","Harpalinae","Pterostichini","Pterostichus","Morphnosoma","melanarius","melanarius","Pterostichus melanarius melanarius","Illiger","subspecies",,"M",,"Lindroth, C. H. 1969. The ground-beetles (Carabidae, excl. Cicindelinae) of Canada and Alaska, parts 1-6. Opuscula E. Entomoligiska Sallskapet.","Kipling Will","Essig Museum of Entomology",,"No known compromise","N",,
"a4802477-4a29-48a9-8857-df2604d307d7","STEI_005.basePlot.bet","D05","STEI","STEI_005","2015-07-29","2015-08-12","2017-01-15","NEON.BET.D05.000969","PTEMEL","Animalia","Arthropoda","Insecta","Coleoptera","Carabidae","Harpalinae","Pterostichini","Pterostichus","Morphnosoma","melanarius","melanarius","Pterostichus melanarius melanarius","Illiger","subspecies",,"F",,"Lindroth, C. H. 1969. The ground-beetles (Carabidae, excl. Cicindelinae) of Canada and Alaska, parts 1-6. Opuscula E. Entomoligiska Sallskapet.","Kipling Will","Essig Museum of Entomology",,"No known compromise","N",,
"f7a51c1a-8872-4d20-9a48-20977341e29a","STEI_005.basePlot.bet","D05","STEI","STEI_005","2015-07-29","2015-08-12","2017-01-15","NEON.BET.D05.000973","PTEMEL","Animalia","Arthropoda","Insecta","Coleoptera","Carabidae","Harpalinae","Pterostichini","Pterostichus","Morphnosoma","melanarius","melanarius","Pterostichus melanarius melanarius","Illiger","subspecies",,"F",,"Lindroth, C. H. 1969. The ground-beetles (Carabidae, excl. Cicindelinae) of Canada and Alaska, parts 1-6. Opuscula E. Entomoligiska Sallskapet.","Kipling Will","Essig Museum of Entomology",,"No known compromise","N",,
"a5a7badc-5e9c-429d-8fd5-c3df1487ea33","STEI_006.basePlot.bet","D05","STEI","STEI_006","2015-07-29","2015-08-12","2017-01-15","NEON.BET.D05.000977","PTEMEL","Animalia","Arthropoda","Insecta","Coleoptera","Carabidae","Harpalinae","Pterostichini","Pterostichus","Morphnosoma","melanarius","melanarius","Pterostichus melanarius melanarius","Illiger","subspecies",,"F",,"Lindroth, C. H. 1969. The ground-beetles (Carabidae, excl. Cicindelinae) of Canada and Alaska, parts 1-6. Opuscula E. Entomoligiska Sallskapet.","Kipling Will","Essig Museum of Entomology",,"No known compromise","N",,
"b2ded57a-ae6b-433d-ad8d-f31783b1fac2","STEI_006.basePlot.bet","D05","STEI","STEI_006","2015-07-29","2015-08-12","2017-01-15","NEON.BET.D05.000976","PTEMEL","Animalia","Arthropoda","Insecta","Coleoptera","Carabidae","Harpalinae","Pterostichini","Pterostichus","Morphnosoma","melanarius","melanarius","Pterostichus melanarius melanarius","Illiger","subspecies",,"F",,"Lindroth, C. H. 1969. The ground-beetles (Carabidae, excl. Cicindelinae) of Canada and Alaska, parts 1-6. Opuscula E. Entomoligiska Sallskapet.","Kipling Will","Essig Museum of Entomology",,"No known compromise","N",,
"1768bef4-2c37-499b-b306-718dee235fc3","STEI_006.basePlot.bet","D05","STEI","STEI_006","2015-07-29","2015-08-12","2017-01-15","NEON.BET.D05.000978","PTEMEL","Animalia","Arthropoda","Insecta","Coleoptera","Carabidae","Harpalinae","Pterostichini","Pterostichus","Morphnosoma","melanarius","melanarius","Pterostichus melanarius melanarius","Illiger","subspecies",,"F",,"Lindroth, C. H. 1969. The ground-beetles (Carabidae, excl. Cicindelinae) of Canada and Alaska, parts 1-6. Opuscula E. Entomoligiska Sallskapet.","Kipling Will","Essig Museum of Entomology",,"No known compromise","N",,
"64d9fab7-3984-46e9-851c-704cb5269d63","STEI_006.basePlot.bet","D05","STEI","STEI_006","2015-07-29","2015-08-12","2017-01-15","NEON.BET.D05.000975","PTEMEL","Animalia","Arthropoda","Insecta","Coleoptera","Carabidae","Harpalinae","Pterostichini","Pterostichus","Morphnosoma","melanarius","melanarius","Pterostichus melanarius melanarius","Illiger","subspecies",,"F",,"Lindroth, C. H. 1969. The ground-beetles (Carabidae, excl. Cicindelinae) of Canada and Alaska, parts 1-6. Opuscula E. Entomoligiska Sallskapet.","Kipling Will","Essig Museum of Entomology",,"No known compromise","N",,
"b0c1030b-64b5-4f5b-9981-91d3266d9410","STEI_006.basePlot.bet","D05","STEI","STEI_006","2015-07-29","2015-08-12","2017-01-15","NEON.BET.D05.000974","PTEMEL","Animalia","Arthropoda","Insecta","Coleoptera","Carabidae","Harpalinae","Pterostichini","Pterostichus","Morphnosoma","melanarius","melanarius","Pterostichus melanarius melanarius","Illiger","subspecies",,"F",,"Lindroth, C. H. 1969. The ground-beetles (Carabidae, excl. Cicindelinae) of Canada and Alaska, parts 1-6. Opuscula E. Entomoligiska Sallskapet.","Kipling Will","Essig Museum of Entomology",,"No known compromise","N",,
"57e37424-d11d-4270-8fa1-3f4ae270a84b","STEI_009.basePlot.bet","D05","STEI","STEI_009","2015-07-29","2015-08-12","2017-01-15","NEON.BET.D05.000980","PTEMEL","Animalia","Arthropoda","Insecta","Coleoptera","Carabidae","Harpalinae","Pterostichini","Pterostichus","Morphnosoma","melanarius","melanarius","Pterostichus melanarius melanarius","Illiger","subspecies",,"M",,"Lindroth, C. H. 1969. The ground-beetles (Carabidae, excl. Cicindelinae) of Canada and Alaska, parts 1-6. Opuscula E. Entomoligiska Sallskapet.","Kipling Will","Essig Museum of Entomology",,"No known compromise","N",,
"4187092a-4ff9-404e-b172-cfa72fc7ee19","STEI_003.basePlot.bet","D05","STEI","STEI_003","2015-07-29","2015-08-12","2017-01-15","NEON.BET.D05.000956","PTEMEL","Animalia","Arthropoda","Insecta","Coleoptera","Carabidae","Harpalinae","Pterostichini","Pterostichus","Morphnosoma","melanarius","melanarius","Pterostichus melanarius melanarius","Illiger","subspecies",,"M",,"Lindroth, C. H. 1969. The ground-beetles (Carabidae, excl. Cicindelinae) of Canada and Alaska, parts 1-6. Opuscula E. Entomoligiska Sallskapet.","Kipling Will","Essig Museum of Entomology",,"No known compromise","N",,
"705c0aa8-a18b-4b1b-b798-ffe186e167f7","STEI_003.basePlot.bet","D05","STEI","STEI_003","2015-07-29","2015-08-12","2017-01-15","NEON.BET.D05.000959","PTEMEL","Animalia","Arthropoda","Insecta","Coleoptera","Carabidae","Harpalinae","Pterostichini","Pterostichus","Morphnosoma","melanarius","melanarius","Pterostichus melanarius melanarius","Illiger","subspecies",,"M",,"Lindroth, C. H. 1969. The ground-beetles (Carabidae, excl. Cicindelinae) of Canada and Alaska, parts 1-6. Opuscula E. Entomoligiska Sallskapet.","Kipling Will","Essig Museum of Entomology",,"No known compromise","N",,
"03cbc063-1bfc-4b7d-8147-5f4fdc68ebb9","STEI_003.basePlot.bet","D05","STEI","STEI_003","2015-07-29","2015-08-12","2017-01-15","NEON.BET.D05.000962","PTEMEL","Animalia","Arthropoda","Insecta","Coleoptera","Carabidae","Harpalinae","Pterostichini","Pterostichus","Morphnosoma","melanarius","melanarius","Pterostichus melanarius melanarius","Illiger","subspecies",,"F",,"Lindroth, C. H. 1969. The ground-beetles (Carabidae, excl. Cicindelinae) of Canada and Alaska, parts 1-6. Opuscula E. Entomoligiska Sallskapet.","Kipling Will","Essig Museum of Entomology",,"No known compromise","N",,
"9bf50fb2-ae1b-47c3-9916-a8aa066dec6b","STEI_003.basePlot.bet","D05","STEI","STEI_003","2015-07-29","2015-08-12","2017-01-15","NEON.BET.D05.000957","PTEMEL","Animalia","Arthropoda","Insecta","Coleoptera","Carabidae","Harpalinae","Pterostichini","Pterostichus","Morphnosoma","melanarius","melanarius","Pterostichus melanarius melanarius","Illiger","subspecies",,"M",,"Lindroth, C. H. 1969. The ground-beetles (Carabidae, excl. Cicindelinae) of Canada and Alaska, parts 1-6. Opuscula E. Entomoligiska Sallskapet.","Kipling Will","Essig Museum of Entomology",,"No known compromise","N",,
"0d723c14-dd99-462c-91f9-f273688bc2c2","STEI_003.basePlot.bet","D05","STEI","STEI_003","2015-07-29","2015-08-12","2017-01-15","NEON.BET.D05.000961","PTEMEL","Animalia","Arthropoda","Insecta","Coleoptera","Carabidae","Harpalinae","Pterostichini","Pterostichus","Morphnosoma","melanarius","melanarius","Pterostichus melanarius melanarius","Illiger","subspecies",,"M",,"Lindroth, C. H. 1969. The ground-beetles (Carabidae, excl. Cicindelinae) of Canada and Alaska, parts 1-6. Opuscula E. Entomoligiska Sallskapet.","Kipling Will","Essig Museum of Entomology",,"No known compromise","N",,
"8789bd16-3dd4-4bb1-9566-29b4342fcbe2","STEI_003.basePlot.bet","D05","STEI","STEI_003","2015-07-29","2015-08-12","2017-01-15","NEON.BET.D05.000958","PTEMEL","Animalia","Arthropoda","Insecta","Coleoptera","Carabidae","Harpalinae","Pterostichini","Pterostichus","Morphnosoma","melanarius","melanarius","Pterostichus melanarius melanarius","Illiger","subspecies",,"M",,"Lindroth, C. H. 1969. The ground-beetles (Carabidae, excl. Cicindelinae) of Canada and Alaska, parts 1-6. Opuscula E. Entomoligiska Sallskapet.","Kipling Will","Essig Museum of Entomology",,"No known compromise","N",,
"080c8120-fe26-4ef7-90dd-40d972f5da42","STEI_003.basePlot.bet","D05","STEI","STEI_003","2015-07-29","2015-08-12","2017-01-15","NEON.BET.D05.000960","PTEMEL","Animalia","Arthropoda","Insecta","Coleoptera","Carabidae","Harpalinae","Pterostichini","Pterostichus","Morphnosoma","melanarius","melanarius","Pterostichus melanarius melanarius","Illiger","subspecies",,"F",,"Lindroth, C. H. 1969. The ground-beetles (Carabidae, excl. Cicindelinae) of Canada and Alaska, parts 1-6. Opuscula E. Entomoligiska Sallskapet.","Kipling Will","Essig Museum of Entomology",,"No known compromise","N",,
"6753f7f4-7628-4e2c-a95b-c329efea0c79","STEI_004.basePlot.bet","D05","STEI","STEI_004","2015-07-29","2015-08-12","2017-01-15","NEON.BET.D05.000966","PTEMEL","Animalia","Arthropoda","Insecta","Coleoptera","Carabidae","Harpalinae","Pterostichini","Pterostichus","Morphnosoma","melanarius","melanarius","Pterostichus melanarius melanarius","Illiger","subspecies",,"M",,"Lindroth, C. H. 1969. The ground-beetles (Carabidae, excl. Cicindelinae) of Canada and Alaska, parts 1-6. Opuscula E. Entomoligiska Sallskapet.","Kipling Will","Essig Museum of Entomology",,"No known compromise","N",,
"3aaa5e8d-8964-47ba-b5fa-ca18f704aeb2","STEI_004.basePlot.bet","D05","STEI","STEI_004","2015-07-29","2015-08-12","2017-01-15","NEON.BET.D05.000965","PTEMEL","Animalia","Arthropoda","Insecta","Coleoptera","Carabidae","Harpalinae","Pterostichini","Pterostichus","Morphnosoma","melanarius","melanarius","Pterostichus melanarius melanarius","Illiger","subspecies",,"M",,"Lindroth, C. H. 1969. The ground-beetles (Carabidae, excl. Cicindelinae) of Canada and Alaska, parts 1-6. Opuscula E. Entomoligiska Sallskapet.","Kipling Will","Essig Museum of Entomology",,"No known compromise","N",,
"fd2ff1d7-fb33-4b88-bddb-7b8738a6176b","STEI_004.basePlot.bet","D05","STEI","STEI_004","2015-07-29","2015-08-12","2017-01-15","NEON.BET.D05.000968","PTEMEL","Animalia","Arthropoda","Insecta","Coleoptera","Carabidae","Harpalinae","Pterostichini","Pterostichus","Morphnosoma","melanarius","melanarius","Pterostichus melanarius melanarius","Illiger","subspecies",,"F",,"Lindroth, C. H. 1969. The ground-beetles (Carabidae, excl. Cicindelinae) of Canada and Alaska, parts 1-6. Opuscula E. Entomoligiska Sallskapet.","Kipling Will","Essig Museum of Entomology",,"No known compromise","N",,
"1225a31f-e542-4e5c-9b68-a169e62e01ad","STEI_004.basePlot.bet","D05","STEI","STEI_004","2015-07-29","2015-08-12","2017-01-15","NEON.BET.D05.000967","PTEMEL","Animalia","Arthropoda","Insecta","Coleoptera","Carabidae","Harpalinae","Pterostichini","Pterostichus","Morphnosoma","melanarius","melanarius","Pterostichus melanarius melanarius","Illiger","subspecies",,"M",,"Lindroth, C. H. 1969. The ground-beetles (Carabidae, excl. Cicindelinae) of Canada and Alaska, parts 1-6. Opuscula E. Entomoligiska Sallskapet.","Kipling Will","Essig Museum of Entomology",,"No known compromise","N",,
"d6745531-0aee-4847-a4b0-e52677164d5e","STEI_004.basePlot.bet","D05","STEI","STEI_004","2015-07-29","2015-08-12","2017-01-15","NEON.BET.D05.000964","PTEMEL","Animalia","Arthropoda","Insecta","Coleoptera","Carabidae","Harpalinae","Pterostichini","Pterostichus","Morphnosoma","melanarius","melanarius","Pterostichus melanarius melanarius","Illiger","subspecies",,"M",,"Lindroth, C. H. 1969. The ground-beetles (Carabidae, excl. Cicindelinae) of Canada and Alaska, parts 1-6. Opuscula E. Entomoligiska Sallskapet.","Kipling Will","Essig Museum of Entomology",,"No known compromise","N",,
"efdabaad-6d9c-4515-a395-54b66a9e4a8b","STEI_004.basePlot.bet","D05","STEI","STEI_004","2015-07-29","2015-08-12","2017-01-15","NEON.BET.D05.000963","PTEMEL","Animalia","Arthropoda","Insecta","Coleoptera","Carabidae","Harpalinae","Pterostichini","Pterostichus","Morphnosoma","melanarius","melanarius","Pterostichus melanarius melanarius","Illiger","subspecies",,"M",,"Lindroth, C. H. 1969. The ground-beetles (Carabidae, excl. Cicindelinae) of Canada and Alaska, parts 1-6. Opuscula E. Entomoligiska Sallskapet.","Kipling Will","Essig Museum of Entomology",,"No known compromise","N",,
"9cea1c7b-b8b6-405a-a8a9-72d7c52c3a46","STEI_002.basePlot.bet","D05","STEI","STEI_002","2015-07-29","2015-08-12","2017-01-15","NEON.BET.D05.000953","PTEMEL","Animalia","Arthropoda","Insecta","Coleoptera","Carabidae","Harpalinae","Pterostichini","Pterostichus","Morphnosoma","melanarius","melanarius","Pterostichus melanarius melanarius","Illiger","subspecies",,"F",,"Lindroth, C. H. 1969. The ground-beetles (Carabidae, excl. Cicindelinae) of Canada and Alaska, parts 1-6. Opuscula E. Entomoligiska Sallskapet.","Kipling Will","Essig Museum of Entomology",,"No known compromise","N",,
"40511709-7b77-4c35-8c82-5180287e9267","STEI_002.basePlot.bet","D05","STEI","STEI_002","2015-07-29","2015-08-12","2017-01-15","NEON.BET.D05.000955","PTEMEL","Animalia","Arthropoda","Insecta","Coleoptera","Carabidae","Harpalinae","Pterostichini","Pterostichus","Morphnosoma","melanarius","melanarius","Pterostichus melanarius melanarius","Illiger","subspecies",,"F",,"Lindroth, C. H. 1969. The ground-beetles (Carabidae, excl. Cicindelinae) of Canada and Alaska, parts 1-6. Opuscula E. Entomoligiska Sallskapet.","Kipling Will","Essig Museum of Entomology",,"No known compromise","N",,
"dc1540f1-8d58-459f-81a6-a6bf7ca62f3f","STEI_002.basePlot.bet","D05","STEI","STEI_002","2015-07-29","2015-08-12","2017-01-15","NEON.BET.D05.000954","PTEMEL","Animalia","Arthropoda","Insecta","Coleoptera","Carabidae","Harpalinae","Pterostichini","Pterostichus","Morphnosoma","melanarius","melanarius","Pterostichus melanarius melanarius","Illiger","subspecies",,"F",,"Lindroth, C. H. 1969. The ground-beetles (Carabidae, excl. Cicindelinae) of Canada and Alaska, parts 1-6. Opuscula E. Entomoligiska Sallskapet.","Kipling Will","Essig Museum of Entomology",,"No known compromise","N",,
"621e51dd-9e12-48c8-82ed-c410603defaf","STEI_002.basePlot.bet","D05","STEI","STEI_002","2015-07-29","2015-08-12","2017-01-15","NEON.BET.D05.000951","PTEMEL","Animalia","Arthropoda","Insecta","Coleoptera","Carabidae","Harpalinae","Pterostichini","Pterostichus","Morphnosoma","melanarius","melanarius","Pterostichus melanarius melanarius","Illiger","subspecies",,"F",,"Lindroth, C. H. 1969. The ground-beetles (Carabidae, excl. Cicindelinae) of Canada and Alaska, parts 1-6. Opuscula E. Entomoligiska Sallskapet.","Kipling Will","Essig Museum of Entomology",,"No known compromise","N",,
"104021f0-358d-4969-afd4-4182bfc57269","STEI_002.basePlot.bet","D05","STEI","STEI_002","2015-07-29","2015-08-12","2017-01-15","NEON.BET.D05.000952","PTEMEL","Animalia","Arthropoda","Insecta","Coleoptera","Carabidae","Harpalinae","Pterostichini","Pterostichus","Morphnosoma","melanarius","melanarius","Pterostichus melanarius melanarius","Illiger","subspecies",,"F",,"Lindroth, C. H. 1969. The ground-beetles (Carabidae, excl. Cicindelinae) of Canada and Alaska, parts 1-6. Opuscula E. Entomoligiska Sallskapet.","Kipling Will","Essig Museum of Entomology",,"No known compromise","N",,
"8d68e18e-83ec-4273-abd8-95db05c0d26d","STEI_001.basePlot.bet","D05","STEI","STEI_001","2015-07-29","2015-08-12","2017-01-15","NEON.BET.D05.001059","PTENOV","Animalia","Arthropoda","Insecta","Coleoptera","Carabidae","Harpalinae","Pterostichini","Pterostichus","Euferonia","novus",,"Pterostichus novus","Straneo","species",,"F",,"Lindroth, C. H. 1969. The ground-beetles (Carabidae, excl. Cicindelinae) of Canada and Alaska, parts 1-6. Opuscula E. Entomoligiska Sallskapet.","Kipling Will","Essig Museum of Entomology",,"No known compromise","N",,
"71c2dbfd-fd3e-4ea2-a65f-5a35939684de","STEI_001.basePlot.bet","D05","STEI","STEI_001","2015-07-29","2015-08-12","2017-01-15","NEON.BET.D05.001060","PTENOV","Animalia","Arthropoda","Insecta","Coleoptera","Carabidae","Harpalinae","Pterostichini","Pterostichus","Euferonia","novus",,"Pterostichus novus","Straneo","species",,"F",,"Lindroth, C. H. 1969. The ground-beetles (Carabidae, excl. Cicindelinae) of Canada and Alaska, parts 1-6. Opuscula E. Entomoligiska Sallskapet.","Kipling Will","Essig Museum of Entomology",,"No known compromise","N",,
"55af50c2-c68c-48c3-b108-51bca39a36c2","STEI_001.basePlot.bet","D05","STEI","STEI_001","2015-07-29","2015-08-12","2017-01-15","NEON.BET.D05.001062","PTENOV","Animalia","Arthropoda","Insecta","Coleoptera","Carabidae","Harpalinae","Pterostichini","Pterostichus","Euferonia","novus",,"Pterostichus novus","Straneo","species",,"F",,"Lindroth, C. H. 1969. The ground-beetles (Carabidae, excl. Cicindelinae) of Canada and Alaska, parts 1-6. Opuscula E. Entomoligiska Sallskapet.","Kipling Will","Essig Museum of Entomology",,"No known compromise","N",,
"f43cef92-401c-4f33-81b0-fb54d8bb8007","STEI_007.basePlot.bet","D05","STEI","STEI_007","2015-07-29","2015-08-12","2017-01-15","NEON.BET.D05.001076","PTENOV","Animalia","Arthropoda","Insecta","Coleoptera","Carabidae","Harpalinae","Pterostichini","Pterostichus","Euferonia","novus",,"Pterostichus novus","Straneo","species",,"M",,"Lindroth, C. H. 1969. The ground-beetles (Carabidae, excl. Cicindelinae) of Canada and Alaska, parts 1-6. Opuscula E. Entomoligiska Sallskapet.","Kipling Will","Essig Museum of Entomology",,"No known compromise","N",,
"d7c18146-380e-431a-abbe-6a04d3cd6306","STEI_001.basePlot.bet","D05","STEI","STEI_001","2015-07-29","2015-08-12","2017-01-15","NEON.BET.D05.001061","PTENOV","Animalia","Arthropoda","Insecta","Coleoptera","Carabidae","Harpalinae","Pterostichini","Pterostichus","Euferonia","novus",,"Pterostichus novus","Straneo","species",,"F",,"Lindroth, C. H. 1969. The ground-beetles (Carabidae, excl. Cicindelinae) of Canada and Alaska, parts 1-6. Opuscula E. Entomoligiska Sallskapet.","Kipling Will","Essig Museum of Entomology",,"No known compromise","N",,
"5e8424ff-913c-4204-a0be-7b04c96843b7","STEI_007.basePlot.bet","D05","STEI","STEI_007","2015-07-29","2015-08-12","2017-01-15","NEON.BET.D05.001078","PTENOV","Animalia","Arthropoda","Insecta","Coleoptera","Carabidae","Harpalinae","Pterostichini","Pterostichus","Euferonia","novus",,"Pterostichus novus","Straneo","species",,"M",,"Lindroth, C. H. 1969. The ground-beetles (Carabidae, excl. Cicindelinae) of Canada and Alaska, parts 1-6. Opuscula E. Entomoligiska Sallskapet.","Kipling Will","Essig Museum of Entomology",,"No known compromise","N",,
"75acae38-2eee-4cdf-9b1a-90d33a1916a9","STEI_007.basePlot.bet","D05","STEI","STEI_007","2015-07-29","2015-08-12","2017-01-15","NEON.BET.D05.001077","PTENOV","Animalia","Arthropoda","Insecta","Coleoptera","Carabidae","Harpalinae","Pterostichini","Pterostichus","Euferonia","novus",,"Pterostichus novus","Straneo","species",,"F",,"Lindroth, C. H. 1969. The ground-beetles (Carabidae, excl. Cicindelinae) of Canada and Alaska, parts 1-6. Opuscula E. Entomoligiska Sallskapet.","Kipling Will","Essig Museum of Entomology",,"No known compromise","N",,
"fe747e3b-738f-4b75-94d6-66668390d7bc","STEI_007.basePlot.bet","D05","STEI","STEI_007","2015-07-29","2015-08-12","2017-01-15","NEON.BET.D05.001079","PTENOV","Animalia","Arthropoda","Insecta","Coleoptera","Carabidae","Harpalinae","Pterostichini","Pterostichus","Euferonia","novus",,"Pterostichus novus","Straneo","species",,"F",,"Lindroth, C. H. 1969. The ground-beetles (Carabidae, excl. Cicindelinae) of Canada and Alaska, parts 1-6. Opuscula E. Entomoligiska Sallskapet.","Kipling Will","Essig Museum of Entomology",,"No known compromise","N",,
"17db329f-84f7-4504-837b-a07ef2701bae","STEI_007.basePlot.bet","D05","STEI","STEI_007","2015-07-29","2015-08-12","2017-01-15","NEON.BET.D05.001075","PTENOV","Animalia","Arthropoda","Insecta","Coleoptera","Carabidae","Harpalinae","Pterostichini","Pterostichus","Euferonia","novus",,"Pterostichus novus","Straneo","species",,"M",,"Lindroth, C. H. 1969. The ground-beetles (Carabidae, excl. Cicindelinae) of Canada and Alaska, parts 1-6. Opuscula E. Entomoligiska Sallskapet.","Kipling Will","Essig Museum of Entomology",,"No known compromise","N",,
"5288c6da-61c7-4641-908a-4ded950dcfd8","STEI_002.basePlot.bet","D05","STEI","STEI_002","2015-07-29","2015-08-12","2017-01-15","NEON.BET.D05.001063","PTENOV","Animalia","Arthropoda","Insecta","Coleoptera","Carabidae","Harpalinae","Pterostichini","Pterostichus","Euferonia","novus",,"Pterostichus novus","Straneo","species",,"M",,"Lindroth, C. H. 1969. The ground-beetles (Carabidae, excl. Cicindelinae) of Canada and Alaska, parts 1-6. Opuscula E. Entomoligiska Sallskapet.","Kipling Will","Essig Museum of Entomology",,"No known compromise","N",,
"fbc18bc0-0e9f-4081-abc0-1f2a67852032","STEI_002.basePlot.bet","D05","STEI","STEI_002","2015-07-29","2015-08-12","2017-01-15","NEON.BET.D05.001064","PTENOV","Animalia","Arthropoda","Insecta","Coleoptera","Carabidae","Harpalinae","Pterostichini","Pterostichus","Euferonia","novus",,"Pterostichus novus","Straneo","species",,"M",,"Lindroth, C. H. 1969. The ground-beetles (Carabidae, excl. Cicindelinae) of Canada and Alaska, parts 1-6. Opuscula E. Entomoligiska Sallskapet.","Kipling Will","Essig Museum of Entomology",,"No known compromise","N",,
"07894fc7-cd55-4ea7-9194-9426741bf7a7","STEI_004.basePlot.bet","D05","STEI","STEI_004","2015-07-29","2015-08-12","2017-01-15","NEON.BET.D05.001068","PTENOV","Animalia","Arthropoda","Insecta","Coleoptera","Carabidae","Harpalinae","Pterostichini","Pterostichus","Euferonia","novus",,"Pterostichus novus","Straneo","species",,"F",,"Lindroth, C. H. 1969. The ground-beetles (Carabidae, excl. Cicindelinae) of Canada and Alaska, parts 1-6. Opuscula E. Entomoligiska Sallskapet.","Kipling Will","Essig Museum of Entomology",,"No known compromise","N",,
"ee3a103c-f7d8-48ad-8f04-81c3560530b4","STEI_004.basePlot.bet","D05","STEI","STEI_004","2015-07-29","2015-08-12","2017-01-15","NEON.BET.D05.001067","PTENOV","Animalia","Arthropoda","Insecta","Coleoptera","Carabidae","Harpalinae","Pterostichini","Pterostichus","Euferonia","novus",,"Pterostichus novus","Straneo","species",,"F",,"Lindroth, C. H. 1969. The ground-beetles (Carabidae, excl. Cicindelinae) of Canada and Alaska, parts 1-6. Opuscula E. Entomoligiska Sallskapet.","Kipling Will","Essig Museum of Entomology",,"No known compromise","N",,
"2f88e1cb-113b-45d6-b356-6c43c1a96686","STEI_003.basePlot.bet","D05","STEI","STEI_003","2015-07-29","2015-08-12","2017-01-15","NEON.BET.D05.001065","PTENOV","Animalia","Arthropoda","Insecta","Coleoptera","Carabidae","Harpalinae","Pterostichini","Pterostichus","Euferonia","novus",,"Pterostichus novus","Straneo","species",,"F",,"Lindroth, C. H. 1969. The ground-beetles (Carabidae, excl. Cicindelinae) of Canada and Alaska, parts 1-6. Opuscula E. Entomoligiska Sallskapet.","Kipling Will","Essig Museum of Entomology",,"No known compromise","N",,
"003851c8-3ed5-4f1c-a497-9dc504850e7e","STEI_003.basePlot.bet","D05","STEI","STEI_003","2015-07-29","2015-08-12","2017-01-15","NEON.BET.D05.001066","PTENOV","Animalia","Arthropoda","Insecta","Coleoptera","Carabidae","Harpalinae","Pterostichini","Pterostichus","Euferonia","novus",,"Pterostichus novus","Straneo","species",,"F",,"Lindroth, C. H. 1969. The ground-beetles (Carabidae, excl. Cicindelinae) of Canada and Alaska, parts 1-6. Opuscula E. Entomoligiska Sallskapet.","Kipling Will","Essig Museum of Entomology",,"No known compromise","N",,
"e42531ae-be26-4b91-9ea4-16fc4fb17722","STEI_009.basePlot.bet","D05","STEI","STEI_009","2015-07-29","2015-08-12","2017-01-15","NEON.BET.D05.001082","PTENOV","Animalia","Arthropoda","Insecta","Coleoptera","Carabidae","Harpalinae","Pterostichini","Pterostichus","Euferonia","novus",,"Pterostichus novus","Straneo","species",,"M",,"Lindroth, C. H. 1969. The ground-beetles (Carabidae, excl. Cicindelinae) of Canada and Alaska, parts 1-6. Opuscula E. Entomoligiska Sallskapet.","Kipling Will","Essig Museum of Entomology",,"No known compromise","N",,
"135e3f1d-ff0a-4a65-8e53-f48057f68c14","STEI_006.basePlot.bet","D05","STEI","STEI_006","2015-07-29","2015-08-12","2017-01-15","NEON.BET.D05.001071","PTENOV","Animalia","Arthropoda","Insecta","Coleoptera","Carabidae","Harpalinae","Pterostichini","Pterostichus","Euferonia","novus",,"Pterostichus novus","Straneo","species",,"M",,"Lindroth, C. H. 1969. The ground-beetles (Carabidae, excl. Cicindelinae) of Canada and Alaska, parts 1-6. Opuscula E. Entomoligiska Sallskapet.","Kipling Will","Essig Museum of Entomology",,"No known compromise","N",,
"21a4b044-656d-4f14-9cf4-81f2ef75c3e6","STEI_009.basePlot.bet","D05","STEI","STEI_009","2015-07-29","2015-08-12","2017-01-15","NEON.BET.D05.001083","PTENOV","Animalia","Arthropoda","Insecta","Coleoptera","Carabidae","Harpalinae","Pterostichini","Pterostichus","Euferonia","novus",,"Pterostichus novus","Straneo","species",,"M",,"Lindroth, C. H. 1969. The ground-beetles (Carabidae, excl. Cicindelinae) of Canada and Alaska, parts 1-6. Opuscula E. Entomoligiska Sallskapet.","Kipling Will","Essig Museum of Entomology",,"No known compromise","N",,
"e0718946-f0fd-4f65-a046-f554443028de","STEI_006.basePlot.bet","D05","STEI","STEI_006","2015-07-29","2015-08-12","2017-01-15","NEON.BET.D05.001072","PTENOV","Animalia","Arthropoda","Insecta","Coleoptera","Carabidae","Harpalinae","Pterostichini","Pterostichus","Euferonia","novus",,"Pterostichus novus","Straneo","species",,"F",,"Lindroth, C. H. 1969. The ground-beetles (Carabidae, excl. Cicindelinae) of Canada and Alaska, parts 1-6. Opuscula E. Entomoligiska Sallskapet.","Kipling Will","Essig Museum of Entomology",,"No known compromise","N",,
"2b8dd311-8ab7-4303-876c-d7ed2961012b","STEI_006.basePlot.bet","D05","STEI","STEI_006","2015-07-29","2015-08-12","2017-01-15","NEON.BET.D05.001073","PTENOV","Animalia","Arthropoda","Insecta","Coleoptera","Carabidae","Harpalinae","Pterostichini","Pterostichus","Euferonia","novus",,"Pterostichus novus","Straneo","species",,"F",,"Lindroth, C. H. 1969. The ground-beetles (Carabidae, excl. Cicindelinae) of Canada and Alaska, parts 1-6. Opuscula E. Entomoligiska Sallskapet.","Kipling Will","Essig Museum of Entomology",,"No known compromise","N",,
"44e1e3de-d30e-4e37-b1df-ebc00373bcba","STEI_006.basePlot.bet","D05","STEI","STEI_006","2015-07-29","2015-08-12","2017-01-15","NEON.BET.D05.001074","PTENOV","Animalia","Arthropoda","Insecta","Coleoptera","Carabidae","Harpalinae","Pterostichini","Pterostichus","Euferonia","novus",,"Pterostichus novus","Straneo","species",,"M",,"Lindroth, C. H. 1969. The ground-beetles (Carabidae, excl. Cicindelinae) of Canada and Alaska, parts 1-6. Opuscula E. Entomoligiska Sallskapet.","Kipling Will","Essig Museum of Entomology",,"No known compromise","N",,
"d4f60a2c-6693-4c63-8f4f-94afe3ccd2b8","STEI_006.basePlot.bet","D05","STEI","STEI_006","2015-07-29","2015-08-12","2017-01-15","NEON.BET.D05.001070","PTENOV","Animalia","Arthropoda","Insecta","Coleoptera","Carabidae","Harpalinae","Pterostichini","Pterostichus","Euferonia","novus",,"Pterostichus novus","Straneo","species",,"F",,"Lindroth, C. H. 1969. The ground-beetles (Carabidae, excl. Cicindelinae) of Canada and Alaska, parts 1-6. Opuscula E. Entomoligiska Sallskapet.","Kipling Will","Essig Museum of Entomology",,"No known compromise","N",,
"2de51fca-04eb-4861-b5c4-030e02b39147","STEI_005.basePlot.bet","D05","STEI","STEI_005","2015-07-29","2015-08-12","2017-01-15","NEON.BET.D05.001069","PTENOV","Animalia","Arthropoda","Insecta","Coleoptera","Carabidae","Harpalinae","Pterostichini","Pterostichus","Euferonia","novus",,"Pterostichus novus","Straneo","species",,"M",,"Lindroth, C. H. 1969. The ground-beetles (Carabidae, excl. Cicindelinae) of Canada and Alaska, parts 1-6. Opuscula E. Entomoligiska Sallskapet.","Kipling Will","Essig Museum of Entomology",,"No known compromise","N",,
"6411af6b-6c1a-457c-a8cd-b812fdae74c6","STEI_008.basePlot.bet","D05","STEI","STEI_008","2015-07-29","2015-08-12","2017-01-15","NEON.BET.D05.001081","PTENOV","Animalia","Arthropoda","Insecta","Coleoptera","Carabidae","Harpalinae","Pterostichini","Pterostichus","Euferonia","novus",,"Pterostichus novus","Straneo","species",,"F",,"Lindroth, C. H. 1969. The ground-beetles (Carabidae, excl. Cicindelinae) of Canada and Alaska, parts 1-6. Opuscula E. Entomoligiska Sallskapet.","Kipling Will","Essig Museum of Entomology",,"No known compromise","N",,
"28643277-061b-401f-9a8c-5bd98454dc46","STEI_008.basePlot.bet","D05","STEI","STEI_008","2015-07-29","2015-08-12","2017-01-15","NEON.BET.D05.001080","PTENOV","Animalia","Arthropoda","Insecta","Coleoptera","Carabidae","Harpalinae","Pterostichini","Pterostichus","Euferonia","novus",,"Pterostichus novus","Straneo","species",,"F",,"Lindroth, C. H. 1969. The ground-beetles (Carabidae, excl. Cicindelinae) of Canada and Alaska, parts 1-6. Opuscula E. Entomoligiska Sallskapet.","Kipling Will","Essig Museum of Entomology",,"No known compromise","N",,
"8abf912f-e7e4-4b35-8578-0f4afe3869ae","STEI_003.basePlot.bet","D05","STEI","STEI_003","2015-07-29","2015-08-12","2017-01-15","NEON.BET.D05.001108","CALGRE","Animalia","Arthropoda","Insecta","Coleoptera","Carabidae","Harpalinae","Sphodrini","Calathus","Neocalathus","gregarius",,"Calathus gregarius","Say","species",,"F",,"Lindroth, C. H. 1969. The ground-beetles (Carabidae, excl. Cicindelinae) of Canada and Alaska, parts 1-6. Opuscula E. Entomoligiska Sallskapet.","Kipling Will","Essig Museum of Entomology",,"No known compromise","N",,
"0077b07b-a6a6-46b8-b9ae-2f27f735d405","STEI_003.basePlot.bet","D05","STEI","STEI_003","2015-07-29","2015-08-12","2017-01-15","NEON.BET.D05.001107","CALGRE","Animalia","Arthropoda","Insecta","Coleoptera","Carabidae","Harpalinae","Sphodrini","Calathus","Neocalathus","gregarius",,"Calathus gregarius","Say","species",,"F",,"Lindroth, C. H. 1969. The ground-beetles (Carabidae, excl. Cicindelinae) of Canada and Alaska, parts 1-6. Opuscula E. Entomoligiska Sallskapet.","Kipling Will","Essig Museum of Entomology",,"No known compromise","N",,
"5f6899ab-a509-412e-9480-cc910738da59","STEI_009.basePlot.bet","D05","STEI","STEI_009","2015-07-29","2015-08-12","2017-01-15","NEON.BET.D05.001110","CALGRE","Animalia","Arthropoda","Insecta","Coleoptera","Carabidae","Harpalinae","Sphodrini","Calathus","Neocalathus","gregarius",,"Calathus gregarius","Say","species",,"F",,"Lindroth, C. H. 1969. The ground-beetles (Carabidae, excl. Cicindelinae) of Canada and Alaska, parts 1-6. Opuscula E. Entomoligiska Sallskapet.","Kipling Will","Essig Museum of Entomology",,"No known compromise","N",,
"d4c3103b-b8c8-4240-8248-f3dcffc4d326","STEI_004.basePlot.bet","D05","STEI","STEI_004","2015-07-29","2015-08-12","2017-01-15","NEON.BET.D05.001109","CALGRE","Animalia","Arthropoda","Insecta","Coleoptera","Carabidae","Harpalinae","Sphodrini","Calathus","Neocalathus","gregarius",,"Calathus gregarius","Say","species",,"F",,"Lindroth, C. H. 1969. The ground-beetles (Carabidae, excl. Cicindelinae) of Canada and Alaska, parts 1-6. Opuscula E. Entomoligiska Sallskapet.","Kipling Will","Essig Museum of Entomology",,"No known compromise","N",,
"7f05eead-38d5-4562-bf1f-aeff240856e6","STEI_022.basePlot.bet","D05","STEI","STEI_022","2015-07-29","2015-08-12","2017-01-15","NEON.BET.D05.001119","AGOGRA","Animalia","Arthropoda","Insecta","Coleoptera","Carabidae","Harpalinae","Platynini","Agonum","Europhilus","gratiosum",,"Agonum gratiosum","Mannerheim","species",,"F",,"Liebherr, J. K. 1994. Identification of new world Agonum , review of the mexican fauna , and description of Incagonum , new genus , from South America (Coleoptera: Carabidae: Platynini). Journal of The New York Entomological Society 102:1-55.","Kipling Will","Essig Museum of Entomology",,"No known compromise","N",,
"2cb6d741-d73a-4e6f-8c44-59a63c16df3f","STEI_022.basePlot.bet","D05","STEI","STEI_022","2015-07-29","2015-08-12","2017-01-15","NEON.BET.D05.001120","AGOGRA","Animalia","Arthropoda","Insecta","Coleoptera","Carabidae","Harpalinae","Platynini","Agonum","Europhilus","gratiosum",,"Agonum gratiosum","Mannerheim","species",,"M",,"Liebherr, J. K. 1994. Identification of new world Agonum , review of the mexican fauna , and description of Incagonum , new genus , from South America (Coleoptera: Carabidae: Platynini). Journal of The New York Entomological Society 102:1-55.","Kipling Will","Essig Museum of Entomology",,"No known compromise","N",,
"e88c3a45-19ac-4c30-af1b-966478e226be","STEI_008.basePlot.bet","D05","STEI","STEI_008","2015-07-29","2015-08-12","2017-01-15","NEON.BET.D05.000883","SYNIMP","Animalia","Arthropoda","Insecta","Coleoptera","Carabidae","Harpalinae","Sphodrini","Synuchus",,"impunctatus",,"Synuchus impunctatus","Say","species",,"M",,"Lindroth, C. H. 1969. The ground-beetles (Carabidae, excl. Cicindelinae) of Canada and Alaska, parts 1-6. Opuscula E. Entomoligiska Sallskapet.","Kipling Will","Essig Museum of Entomology",,"No known compromise","N",,
"f8679270-7004-49f3-967d-364d1f81f70a","STEI_006.basePlot.bet","D05","STEI","STEI_006","2015-07-29","2015-08-12","2017-01-15","NEON.BET.D05.000881","SYNIMP","Animalia","Arthropoda","Insecta","Coleoptera","Carabidae","Harpalinae","Sphodrini","Synuchus",,"impunctatus",,"Synuchus impunctatus","Say","species",,"M",,"Lindroth, C. H. 1969. The ground-beetles (Carabidae, excl. Cicindelinae) of Canada and Alaska, parts 1-6. Opuscula E. Entomoligiska Sallskapet.","Kipling Will","Essig Museum of Entomology",,"No known compromise","N",,
"d9cc0833-e8fb-4df3-9c0b-0bb76dbdb069","STEI_005.basePlot.bet","D05","STEI","STEI_005","2015-07-29","2015-08-12","2017-01-15","NEON.BET.D05.000880","SYNIMP","Animalia","Arthropoda","Insecta","Coleoptera","Carabidae","Harpalinae","Sphodrini","Synuchus",,"impunctatus",,"Synuchus impunctatus","Say","species",,"F",,"Lindroth, C. H. 1969. The ground-beetles (Carabidae, excl. Cicindelinae) of Canada and Alaska, parts 1-6. Opuscula E. Entomoligiska Sallskapet.","Kipling Will","Essig Museum of Entomology",,"No known compromise","N",,
"aea92ab8-37bc-4196-aa0a-1887ecce5611","STEI_003.basePlot.bet","D05","STEI","STEI_003","2015-07-29","2015-08-12","2017-01-15","NEON.BET.D05.000878","SYNIMP","Animalia","Arthropoda","Insecta","Coleoptera","Carabidae","Harpalinae","Sphodrini","Synuchus",,"impunctatus",,"Synuchus impunctatus","Say","species",,"F",,"Lindroth, C. H. 1969. The ground-beetles (Carabidae, excl. Cicindelinae) of Canada and Alaska, parts 1-6. Opuscula E. Entomoligiska Sallskapet.","Kipling Will","Essig Museum of Entomology",,"No known compromise","N",,
"dbd92a7f-2990-4ec4-b095-7f4d71ab4a82","STEI_009.basePlot.bet","D05","STEI","STEI_009","2015-07-29","2015-08-12","2017-01-15","NEON.BET.D05.000884","SYNIMP","Animalia","Arthropoda","Insecta","Coleoptera","Carabidae","Harpalinae","Sphodrini","Synuchus",,"impunctatus",,"Synuchus impunctatus","Say","species",,"F",,"Lindroth, C. H. 1969. The ground-beetles (Carabidae, excl. Cicindelinae) of Canada and Alaska, parts 1-6. Opuscula E. Entomoligiska Sallskapet.","Kipling Will","Essig Museum of Entomology",,"No known compromise","N",,
"f5d15109-f9b0-4f31-b14a-dadd7b3e907f","STEI_002.basePlot.bet","D05","STEI","STEI_002","2015-07-29","2015-08-12","2017-01-15","NEON.BET.D05.000877","SYNIMP","Animalia","Arthropoda","Insecta","Coleoptera","Carabidae","Harpalinae","Sphodrini","Synuchus",,"impunctatus",,"Synuchus impunctatus","Say","species",,"F",,"Lindroth, C. H. 1969. The ground-beetles (Carabidae, excl. Cicindelinae) of Canada and Alaska, parts 1-6. Opuscula E. Entomoligiska Sallskapet.","Kipling Will","Essig Museum of Entomology",,"No known compromise","N",,
"aaaa513a-e126-4099-a5ca-2683078ec5e2","STEI_004.basePlot.bet","D05","STEI","STEI_004","2015-07-29","2015-08-12","2017-01-15","NEON.BET.D05.000879","SYNIMP","Animalia","Arthropoda","Insecta","Coleoptera","Carabidae","Harpalinae","Sphodrini","Synuchus",,"impunctatus",,"Synuchus impunctatus","Say","species",,"F",,"Lindroth, C. H. 1969. The ground-beetles (Carabidae, excl. Cicindelinae) of Canada and Alaska, parts 1-6. Opuscula E. Entomoligiska Sallskapet.","Kipling Will","Essig Museum of Entomology",,"No known compromise","N",,
"1d38104f-fd48-487f-bba1-d0351c5d8f3a","STEI_007.basePlot.bet","D05","STEI","STEI_007","2015-07-29","2015-08-12","2017-01-15","NEON.BET.D05.000882","SYNIMP","Animalia","Arthropoda","Insecta","Coleoptera","Carabidae","Harpalinae","Sphodrini","Synuchus",,"impunctatus",,"Synuchus impunctatus","Say","species",,"M",,"Lindroth, C. H. 1969. The ground-beetles (Carabidae, excl. Cicindelinae) of Canada and Alaska, parts 1-6. Opuscula E. Entomoligiska Sallskapet.","Kipling Will","Essig Museum of Entomology",,"No known compromise","N",,
"0ee777d5-8b84-4abe-9a04-ff4aae9092f2","STEI_001.basePlot.bet","D05","STEI","STEI_001","2015-07-29","2015-08-12","2017-01-15","NEON.BET.D05.000876","CALGRE","Animalia","Arthropoda","Insecta","Coleoptera","Carabidae","Harpalinae","Sphodrini","Calathus","Neocalathus","gregarius",,"Calathus gregarius","Say","species",,"M",,"Lindroth, C. H. 1969. The ground-beetles (Carabidae, excl. Cicindelinae) of Canada and Alaska, parts 1-6. Opuscula E. Entomoligiska Sallskapet.","Kipling Will","Essig Museum of Entomology",,"No known compromise","N",,
"ec868373-7b46-4b41-a529-2df8e44710dc","STEI_001.basePlot.bet","D05","STEI","STEI_001","2015-07-29","2015-08-12","2017-01-15","NEON.BET.D05.000875","SYNIMP","Animalia","Arthropoda","Insecta","Coleoptera","Carabidae","Harpalinae","Sphodrini","Synuchus",,"impunctatus",,"Synuchus impunctatus","Say","species",,"M",,"Lindroth, C. H. 1969. The ground-beetles (Carabidae, excl. Cicindelinae) of Canada and Alaska, parts 1-6. Opuscula E. Entomoligiska Sallskapet.","Kipling Will","Essig Museum of Entomology",,"No known compromise","N",,
"1dcf581c-5c82-4b97-89d2-df10c9948f80","STEI_005.basePlot.bet","D05","STEI","STEI_005","2015-08-12","2015-08-26","2017-01-15","NEON.BET.D05.000891","SYNIMP","Animalia","Arthropoda","Insecta","Coleoptera","Carabidae","Harpalinae","Sphodrini","Synuchus",,"impunctatus",,"Synuchus impunctatus","Say","species",,"F",,"Lindroth, C. H. 1969. The ground-beetles (Carabidae, excl. Cicindelinae) of Canada and Alaska, parts 1-6. Opuscula E. Entomoligiska Sallskapet.","Kipling Will","Essig Museum of Entomology",,"No known compromise","N",,
"cecd7baa-c273-4e0f-bc28-4b8cbfc127a2","STEI_008.basePlot.bet","D05","STEI","STEI_008","2015-08-12","2015-08-26","2017-01-15","NEON.BET.D05.001152","PTETRI3","Animalia","Arthropoda","Insecta","Coleoptera","Carabidae","Harpalinae","Pterostichini","Pterostichus","Hypherpes","tristis",,"Pterostichus tristis","Dejean","species",,"F",,"Lindroth, C. H. 1969. The ground-beetles (Carabidae, excl. Cicindelinae) of Canada and Alaska, parts 1-6. Opuscula E. Entomoligiska Sallskapet.","Kipling Will","Essig Museum of Entomology",,"No known compromise","N",,
"d809b32d-7ac7-4be2-bbee-8f8cc29d8d7b","STEI_005.basePlot.bet","D05","STEI","STEI_005","2015-08-12","2015-08-26","2017-01-15","NEON.BET.D05.000890","SYNIMP","Animalia","Arthropoda","Insecta","Coleoptera","Carabidae","Harpalinae","Sphodrini","Synuchus",,"impunctatus",,"Synuchus impunctatus","Say","species",,"F",,"Lindroth, C. H. 1969. The ground-beetles (Carabidae, excl. Cicindelinae) of Canada and Alaska, parts 1-6. Opuscula E. Entomoligiska Sallskapet.","Kipling Will","Essig Museum of Entomology",,"No known compromise","N",,
"8d1315a9-09fc-46f2-b178-5f9202eb79ea","STEI_004.basePlot.bet","D05","STEI","STEI_004","2015-08-12","2015-08-26","2017-01-15","NEON.BET.D05.000888","SYNIMP","Animalia","Arthropoda","Insecta","Coleoptera","Carabidae","Harpalinae","Sphodrini","Synuchus",,"impunctatus",,"Synuchus impunctatus","Say","species",,"F",,"Lindroth, C. H. 1969. The ground-beetles (Carabidae, excl. Cicindelinae) of Canada and Alaska, parts 1-6. Opuscula E. Entomoligiska Sallskapet.","Kipling Will","Essig Museum of Entomology",,"No known compromise","N",,
"95333847-0264-4525-be14-93152c7a1f83","STEI_003.basePlot.bet","D05","STEI","STEI_003","2015-08-12","2015-08-26","2017-01-15","NEON.BET.D05.000887","SYNIMP","Animalia","Arthropoda","Insecta","Coleoptera","Carabidae","Harpalinae","Sphodrini","Synuchus",,"impunctatus",,"Synuchus impunctatus","Say","species",,"F",,"Lindroth, C. H. 1969. The ground-beetles (Carabidae, excl. Cicindelinae) of Canada and Alaska, parts 1-6. Opuscula E. Entomoligiska Sallskapet.","Kipling Will","Essig Museum of Entomology",,"No known compromise","N",,
"a55a887c-d0cf-4468-b0e1-803c01094009","STEI_004.basePlot.bet","D05","STEI","STEI_004","2015-08-12","2015-08-26","2017-01-15","NEON.BET.D05.000889","SYNIMP","Animalia","Arthropoda","Insecta","Coleoptera","Carabidae","Harpalinae","Sphodrini","Synuchus",,"impunctatus",,"Synuchus impunctatus","Say","species",,"F",,"Lindroth, C. H. 1969. The ground-beetles (Carabidae, excl. Cicindelinae) of Canada and Alaska, parts 1-6. Opuscula E. Entomoligiska Sallskapet.","Kipling Will","Essig Museum of Entomology",,"No known compromise","N",,
"8a045adb-9ab6-4aa4-81da-d88c21d8839d","STEI_003.basePlot.bet","D05","STEI","STEI_003","2015-08-12","2015-08-26","2017-01-15","NEON.BET.D05.000886","SYNIMP","Animalia","Arthropoda","Insecta","Coleoptera","Carabidae","Harpalinae","Sphodrini","Synuchus",,"impunctatus",,"Synuchus impunctatus","Say","species",,"F",,"Lindroth, C. H. 1969. The ground-beetles (Carabidae, excl. Cicindelinae) of Canada and Alaska, parts 1-6. Opuscula E. Entomoligiska Sallskapet.","Kipling Will","Essig Museum of Entomology",,"No known compromise","N",,
"6f2d14f8-f039-46a9-9c57-88f822aa1a1f","STEI_001.basePlot.bet","D05","STEI","STEI_001","2015-08-12","2015-08-26","2017-01-15","NEON.BET.D05.000885","SYNIMP","Animalia","Arthropoda","Insecta","Coleoptera","Carabidae","Harpalinae","Sphodrini","Synuchus",,"impunctatus",,"Synuchus impunctatus","Say","species",,"F",,"Lindroth, C. H. 1969. The ground-beetles (Carabidae, excl. Cicindelinae) of Canada and Alaska, parts 1-6. Opuscula E. Entomoligiska Sallskapet.","Kipling Will","Essig Museum of Entomology",,"No known compromise","N",,
"ded29a11-92ea-4012-ba34-191ec0ae0724","STEI_007.basePlot.bet","D05","STEI","STEI_007","2015-08-12","2015-08-26","2017-01-15","NEON.BET.D05.000893","SYNIMP","Animalia","Arthropoda","Insecta","Coleoptera","Carabidae","Harpalinae","Sphodrini","Synuchus",,"impunctatus",,"Synuchus impunctatus","Say","species",,"M",,"Lindroth, C. H. 1969. The ground-beetles (Carabidae, excl. Cicindelinae) of Canada and Alaska, parts 1-6. Opuscula E. Entomoligiska Sallskapet.","Kipling Will","Essig Museum of Entomology",,"No known compromise","N",,
"e62bf3a9-be77-4036-9966-48acc32b53db","STEI_009.basePlot.bet","D05","STEI","STEI_009","2015-08-12","2015-08-26","2017-01-15","NEON.BET.D05.000895","SYNIMP","Animalia","Arthropoda","Insecta","Coleoptera","Carabidae","Harpalinae","Sphodrini","Synuchus",,"impunctatus",,"Synuchus impunctatus","Say","species",,"F",,"Lindroth, C. H. 1969. The ground-beetles (Carabidae, excl. Cicindelinae) of Canada and Alaska, parts 1-6. Opuscula E. Entomoligiska Sallskapet.","Kipling Will","Essig Museum of Entomology",,"No known compromise","N",,
"e4cdc5c5-10a9-4bf6-87ec-4afa2011a4c1","STEI_009.basePlot.bet","D05","STEI","STEI_009","2015-08-12","2015-08-26","2017-01-15","NEON.BET.D05.000896","SYNIMP","Animalia","Arthropoda","Insecta","Coleoptera","Carabidae","Harpalinae","Sphodrini","Synuchus",,"impunctatus",,"Synuchus impunctatus","Say","species",,"M",,"Lindroth, C. H. 1969. The ground-beetles (Carabidae, excl. Cicindelinae) of Canada and Alaska, parts 1-6. Opuscula E. Entomoligiska Sallskapet.","Kipling Will","Essig Museum of Entomology",,"No known compromise","N",,
"bf57c8e3-66a4-45c7-b582-f9edd1d43a5c","STEI_008.basePlot.bet","D05","STEI","STEI_008","2015-08-12","2015-08-26","2017-01-15","NEON.BET.D05.000894","SYNIMP","Animalia","Arthropoda","Insecta","Coleoptera","Carabidae","Harpalinae","Sphodrini","Synuchus",,"impunctatus",,"Synuchus impunctatus","Say","species",,"F",,"Lindroth, C. H. 1969. The ground-beetles (Carabidae, excl. Cicindelinae) of Canada and Alaska, parts 1-6. Opuscula E. Entomoligiska Sallskapet.","Kipling Will","Essig Museum of Entomology",,"No known compromise","N",,
"02b1adcc-9968-4352-b93e-31b9e4f900bd","STEI_001.basePlot.bet","D05","STEI","STEI_001","2015-08-12","2015-08-26","2017-01-15","NEON.BET.D05.000983","PTEMEL","Animalia","Arthropoda","Insecta","Coleoptera","Carabidae","Harpalinae","Pterostichini","Pterostichus","Morphnosoma","melanarius","melanarius","Pterostichus melanarius melanarius","Illiger","subspecies",,"F",,"Lindroth, C. H. 1969. The ground-beetles (Carabidae, excl. Cicindelinae) of Canada and Alaska, parts 1-6. Opuscula E. Entomoligiska Sallskapet.","Kipling Will","Essig Museum of Entomology",,"No known compromise","N",,
"133c0962-bf3b-4cb2-a5e1-49d01b47c136","STEI_001.basePlot.bet","D05","STEI","STEI_001","2015-08-12","2015-08-26","2017-01-15","NEON.BET.D05.000981","PTEMEL","Animalia","Arthropoda","Insecta","Coleoptera","Carabidae","Harpalinae","Pterostichini","Pterostichus","Morphnosoma","melanarius","melanarius","Pterostichus melanarius melanarius","Illiger","subspecies",,"F",,"Lindroth, C. H. 1969. The ground-beetles (Carabidae, excl. Cicindelinae) of Canada and Alaska, parts 1-6. Opuscula E. Entomoligiska Sallskapet.","Kipling Will","Essig Museum of Entomology",,"No known compromise","N",,
"365c586c-6542-476e-9451-d99d9db7b019","STEI_001.basePlot.bet","D05","STEI","STEI_001","2015-08-12","2015-08-26","2017-01-15","NEON.BET.D05.000984","PTEMEL","Animalia","Arthropoda","Insecta","Coleoptera","Carabidae","Harpalinae","Pterostichini","Pterostichus","Morphnosoma","melanarius","melanarius","Pterostichus melanarius melanarius","Illiger","subspecies",,"F",,"Lindroth, C. H. 1969. The ground-beetles (Carabidae, excl. Cicindelinae) of Canada and Alaska, parts 1-6. Opuscula E. Entomoligiska Sallskapet.","Kipling Will","Essig Museum of Entomology",,"No known compromise","N",,
"e93402db-d034-490f-9e7f-8db62f0c1f76","STEI_001.basePlot.bet","D05","STEI","STEI_001","2015-08-12","2015-08-26","2017-01-15","NEON.BET.D05.000982","PTEMEL","Animalia","Arthropoda","Insecta","Coleoptera","Carabidae","Harpalinae","Pterostichini","Pterostichus","Morphnosoma","melanarius","melanarius","Pterostichus melanarius melanarius","Illiger","subspecies",,"M",,"Lindroth, C. H. 1969. The ground-beetles (Carabidae, excl. Cicindelinae) of Canada and Alaska, parts 1-6. Opuscula E. Entomoligiska Sallskapet.","Kipling Will","Essig Museum of Entomology",,"No known compromise","N",,
"ef937994-a67b-4639-badd-0d52976c897d","STEI_002.basePlot.bet","D05","STEI","STEI_002","2015-08-12","2015-08-26","2017-01-15","NEON.BET.D05.000985","PTEMEL","Animalia","Arthropoda","Insecta","Coleoptera","Carabidae","Harpalinae","Pterostichini","Pterostichus","Morphnosoma","melanarius","melanarius","Pterostichus melanarius melanarius","Illiger","subspecies",,"M",,"Lindroth, C. H. 1969. The ground-beetles (Carabidae, excl. Cicindelinae) of Canada and Alaska, parts 1-6. Opuscula E. Entomoligiska Sallskapet.","Kipling Will","Essig Museum of Entomology",,"No known compromise","N",,
"ec7dfedb-99f9-459d-affc-12e30e396203","STEI_004.basePlot.bet","D05","STEI","STEI_004","2015-08-12","2015-08-26","2017-01-15","NEON.BET.D05.000988","PTEMEL","Animalia","Arthropoda","Insecta","Coleoptera","Carabidae","Harpalinae","Pterostichini","Pterostichus","Morphnosoma","melanarius","melanarius","Pterostichus melanarius melanarius","Illiger","subspecies",,"F",,"Lindroth, C. H. 1969. The ground-beetles (Carabidae, excl. Cicindelinae) of Canada and Alaska, parts 1-6. Opuscula E. Entomoligiska Sallskapet.","Kipling Will","Essig Museum of Entomology",,"No known compromise","N",,
"637d3be6-eb20-4f89-9d85-0be3292161ae","STEI_004.basePlot.bet","D05","STEI","STEI_004","2015-08-12","2015-08-26","2017-01-15","NEON.BET.D05.000987","PTEMEL","Animalia","Arthropoda","Insecta","Coleoptera","Carabidae","Harpalinae","Pterostichini","Pterostichus","Morphnosoma","melanarius","melanarius","Pterostichus melanarius melanarius","Illiger","subspecies",,"M",,"Lindroth, C. H. 1969. The ground-beetles (Carabidae, excl. Cicindelinae) of Canada and Alaska, parts 1-6. Opuscula E. Entomoligiska Sallskapet.","Kipling Will","Essig Museum of Entomology",,"No known compromise","N",,
"2b17840b-744c-4119-8145-7516e2aab7d3","STEI_003.basePlot.bet","D05","STEI","STEI_003","2015-08-12","2015-08-26","2017-01-15","NEON.BET.D05.000986","PTEMEL","Animalia","Arthropoda","Insecta","Coleoptera","Carabidae","Harpalinae","Pterostichini","Pterostichus","Morphnosoma","melanarius","melanarius","Pterostichus melanarius melanarius","Illiger","subspecies",,"F",,"Lindroth, C. H. 1969. The ground-beetles (Carabidae, excl. Cicindelinae) of Canada and Alaska, parts 1-6. Opuscula E. Entomoligiska Sallskapet.","Kipling Will","Essig Museum of Entomology",,"No known compromise","N",,
"79aba14a-4dd8-4087-8b50-e8fa9a8a15da","STEI_009.basePlot.bet","D05","STEI","STEI_009","2015-08-12","2015-08-26","2017-01-15","NEON.BET.D05.000996","PTEMEL","Animalia","Arthropoda","Insecta","Coleoptera","Carabidae","Harpalinae","Pterostichini","Pterostichus","Morphnosoma","melanarius","melanarius","Pterostichus melanarius melanarius","Illiger","subspecies",,"F",,"Lindroth, C. H. 1969. The ground-beetles (Carabidae, excl. Cicindelinae) of Canada and Alaska, parts 1-6. Opuscula E. Entomoligiska Sallskapet.","Kipling Will","Essig Museum of Entomology",,"No known compromise","N",,
"fc29fe60-b67f-48ce-9f59-a5c1c94d37f4","STEI_009.basePlot.bet","D05","STEI","STEI_009","2015-08-12","2015-08-26","2017-01-15","NEON.BET.D05.000995","PTEMEL","Animalia","Arthropoda","Insecta","Coleoptera","Carabidae","Harpalinae","Pterostichini","Pterostichus","Morphnosoma","melanarius","melanarius","Pterostichus melanarius melanarius","Illiger","subspecies",,"F",,"Lindroth, C. H. 1969. The ground-beetles (Carabidae, excl. Cicindelinae) of Canada and Alaska, parts 1-6. Opuscula E. Entomoligiska Sallskapet.","Kipling Will","Essig Museum of Entomology",,"No known compromise","N",,
"97a44aec-446e-457c-a41c-446d4026c8ad","STEI_006.basePlot.bet","D05","STEI","STEI_006","2015-08-12","2015-08-26","2017-01-15","NEON.BET.D05.000992","PTEMEL","Animalia","Arthropoda","Insecta","Coleoptera","Carabidae","Harpalinae","Pterostichini","Pterostichus","Morphnosoma","melanarius","melanarius","Pterostichus melanarius melanarius","Illiger","subspecies",,"F",,"Lindroth, C. H. 1969. The ground-beetles (Carabidae, excl. Cicindelinae) of Canada and Alaska, parts 1-6. Opuscula E. Entomoligiska Sallskapet.","Kipling Will","Essig Museum of Entomology",,"No known compromise","N",,
"739a1c81-b4a6-4a41-841b-158d766ad1c0","STEI_006.basePlot.bet","D05","STEI","STEI_006","2015-08-12","2015-08-26","2017-01-15","NEON.BET.D05.000994","PTEMEL","Animalia","Arthropoda","Insecta","Coleoptera","Carabidae","Harpalinae","Pterostichini","Pterostichus","Morphnosoma","melanarius","melanarius","Pterostichus melanarius melanarius","Illiger","subspecies",,"F",,"Lindroth, C. H. 1969. The ground-beetles (Carabidae, excl. Cicindelinae) of Canada and Alaska, parts 1-6. Opuscula E. Entomoligiska Sallskapet.","Kipling Will","Essig Museum of Entomology",,"No known compromise","N",,
"3d9d5488-6f1b-4801-810a-6bad470a9dfb","STEI_006.basePlot.bet","D05","STEI","STEI_006","2015-08-12","2015-08-26","2017-01-15","NEON.BET.D05.000993","PTEMEL","Animalia","Arthropoda","Insecta","Coleoptera","Carabidae","Harpalinae","Pterostichini","Pterostichus","Morphnosoma","melanarius","melanarius","Pterostichus melanarius melanarius","Illiger","subspecies",,"F",,"Lindroth, C. H. 1969. The ground-beetles (Carabidae, excl. Cicindelinae) of Canada and Alaska, parts 1-6. Opuscula E. Entomoligiska Sallskapet.","Kipling Will","Essig Museum of Entomology",,"No known compromise","N",,
"18b4f3a6-1710-4e46-9be5-2ca22fb31303","STEI_005.basePlot.bet","D05","STEI","STEI_005","2015-08-12","2015-08-26","2017-01-15","NEON.BET.D05.000991","PTEMEL","Animalia","Arthropoda","Insecta","Coleoptera","Carabidae","Harpalinae","Pterostichini","Pterostichus","Morphnosoma","melanarius","melanarius","Pterostichus melanarius melanarius","Illiger","subspecies",,"M",,"Lindroth, C. H. 1969. The ground-beetles (Carabidae, excl. Cicindelinae) of Canada and Alaska, parts 1-6. Opuscula E. Entomoligiska Sallskapet.","Kipling Will","Essig Museum of Entomology",,"No known compromise","N",,
"8994e626-a0d5-4a3a-9bd0-4beaaf9b93e1","STEI_005.basePlot.bet","D05","STEI","STEI_005","2015-08-12","2015-08-26","2017-01-15","NEON.BET.D05.000989","PTEMEL","Animalia","Arthropoda","Insecta","Coleoptera","Carabidae","Harpalinae","Pterostichini","Pterostichus","Morphnosoma","melanarius","melanarius","Pterostichus melanarius melanarius","Illiger","subspecies",,"M",,"Lindroth, C. H. 1969. The ground-beetles (Carabidae, excl. Cicindelinae) of Canada and Alaska, parts 1-6. Opuscula E. Entomoligiska Sallskapet.","Kipling Will","Essig Museum of Entomology",,"No known compromise","N",,
"784922db-0804-4bde-aa5b-f972640a1929","STEI_005.basePlot.bet","D05","STEI","STEI_005","2015-08-12","2015-08-26","2017-01-15","NEON.BET.D05.000990","PTEMEL","Animalia","Arthropoda","Insecta","Coleoptera","Carabidae","Harpalinae","Pterostichini","Pterostichus","Morphnosoma","melanarius","melanarius","Pterostichus melanarius melanarius","Illiger","subspecies",,"F",,"Lindroth, C. H. 1969. The ground-beetles (Carabidae, excl. Cicindelinae) of Canada and Alaska, parts 1-6. Opuscula E. Entomoligiska Sallskapet.","Kipling Will","Essig Museum of Entomology",,"No known compromise","N",,
"aa3219ff-9b6b-41e9-ba84-c9e043d79a2f","STEI_007.basePlot.bet","D05","STEI","STEI_007","2015-08-12","2015-08-26","2017-01-15","NEON.BET.D05.001095","PTENOV","Animalia","Arthropoda","Insecta","Coleoptera","Carabidae","Harpalinae","Pterostichini","Pterostichus","Euferonia","novus",,"Pterostichus novus","Straneo","species",,"M",,"Lindroth, C. H. 1969. The ground-beetles (Carabidae, excl. Cicindelinae) of Canada and Alaska, parts 1-6. Opuscula E. Entomoligiska Sallskapet.","Kipling Will","Essig Museum of Entomology",,"No known compromise","N",,
"2a0c7795-1854-4acd-856d-6117ea90c908","STEI_007.basePlot.bet","D05","STEI","STEI_007","2015-08-12","2015-08-26","2017-01-15","NEON.BET.D05.001093","PTENOV","Animalia","Arthropoda","Insecta","Coleoptera","Carabidae","Harpalinae","Pterostichini","Pterostichus","Euferonia","novus",,"Pterostichus novus","Straneo","species",,"M",,"Lindroth, C. H. 1969. The ground-beetles (Carabidae, excl. Cicindelinae) of Canada and Alaska, parts 1-6. Opuscula E. Entomoligiska Sallskapet.","Kipling Will","Essig Museum of Entomology",,"No known compromise","N",,
"8a610634-ca26-4624-89d3-2cc1248ef9b0","STEI_001.basePlot.bet","D05","STEI","STEI_001","2015-08-12","2015-08-26","2017-01-15","NEON.BET.D05.001084","PTENOV","Animalia","Arthropoda","Insecta","Coleoptera","Carabidae","Harpalinae","Pterostichini","Pterostichus","Euferonia","novus",,"Pterostichus novus","Straneo","species",,"F",,"Lindroth, C. H. 1969. The ground-beetles (Carabidae, excl. Cicindelinae) of Canada and Alaska, parts 1-6. Opuscula E. Entomoligiska Sallskapet.","Kipling Will","Essig Museum of Entomology",,"No known compromise","N",,
"fdbfc649-b1cd-4aa7-96d1-9f74e67e4e69","STEI_007.basePlot.bet","D05","STEI","STEI_007","2015-08-12","2015-08-26","2017-01-15","NEON.BET.D05.001094","PTENOV","Animalia","Arthropoda","Insecta","Coleoptera","Carabidae","Harpalinae","Pterostichini","Pterostichus","Euferonia","novus",,"Pterostichus novus","Straneo","species",,"F",,"Lindroth, C. H. 1969. The ground-beetles (Carabidae, excl. Cicindelinae) of Canada and Alaska, parts 1-6. Opuscula E. Entomoligiska Sallskapet.","Kipling Will","Essig Museum of Entomology",,"No known compromise","N",,
"1a649734-ac47-4412-af42-180c1951c465","STEI_022.basePlot.bet","D05","STEI","STEI_022","2015-08-12","2015-08-26","2017-01-15","NEON.BET.D05.001097","PTENOV","Animalia","Arthropoda","Insecta","Coleoptera","Carabidae","Harpalinae","Pterostichini","Pterostichus","Euferonia","novus",,"Pterostichus novus","Straneo","species",,"F",,"Lindroth, C. H. 1969. The ground-beetles (Carabidae, excl. Cicindelinae) of Canada and Alaska, parts 1-6. Opuscula E. Entomoligiska Sallskapet.","Kipling Will","Essig Museum of Entomology",,"No known compromise","N",,
"5a913446-65b7-4ef5-8c90-29fb407a4da8","STEI_004.basePlot.bet","D05","STEI","STEI_004","2015-08-12","2015-08-26","2017-01-15","NEON.BET.D05.001086","PTENOV","Animalia","Arthropoda","Insecta","Coleoptera","Carabidae","Harpalinae","Pterostichini","Pterostichus","Euferonia","novus",,"Pterostichus novus","Straneo","species",,"F",,"Lindroth, C. H. 1969. The ground-beetles (Carabidae, excl. Cicindelinae) of Canada and Alaska, parts 1-6. Opuscula E. Entomoligiska Sallskapet.","Kipling Will","Essig Museum of Entomology",,"No known compromise","N",,
"772c51a8-afe8-4472-9875-0326393085c6","STEI_006.basePlot.bet","D05","STEI","STEI_006","2015-08-12","2015-08-26","2017-01-15","NEON.BET.D05.001090","PTENOV","Animalia","Arthropoda","Insecta","Coleoptera","Carabidae","Harpalinae","Pterostichini","Pterostichus","Euferonia","novus",,"Pterostichus novus","Straneo","species",,"F",,"Lindroth, C. H. 1969. The ground-beetles (Carabidae, excl. Cicindelinae) of Canada and Alaska, parts 1-6. Opuscula E. Entomoligiska Sallskapet.","Kipling Will","Essig Museum of Entomology",,"No known compromise","N",,
"7a9bbae4-9152-496e-ae39-e95c15cb9d7d","STEI_006.basePlot.bet","D05","STEI","STEI_006","2015-08-12","2015-08-26","2017-01-15","NEON.BET.D05.001091","PTENOV","Animalia","Arthropoda","Insecta","Coleoptera","Carabidae","Harpalinae","Pterostichini","Pterostichus","Euferonia","novus",,"Pterostichus novus","Straneo","species",,"F",,"Lindroth, C. H. 1969. The ground-beetles (Carabidae, excl. Cicindelinae) of Canada and Alaska, parts 1-6. Opuscula E. Entomoligiska Sallskapet.","Kipling Will","Essig Museum of Entomology",,"No known compromise","N",,
"bf8eaf0b-2f82-4142-8401-d8946daddf87","STEI_003.basePlot.bet","D05","STEI","STEI_003","2015-08-12","2015-08-26","2017-01-15","NEON.BET.D05.001085","PTENOV","Animalia","Arthropoda","Insecta","Coleoptera","Carabidae","Harpalinae","Pterostichini","Pterostichus","Euferonia","novus",,"Pterostichus novus","Straneo","species",,"F",,"Lindroth, C. H. 1969. The ground-beetles (Carabidae, excl. Cicindelinae) of Canada and Alaska, parts 1-6. Opuscula E. Entomoligiska Sallskapet.","Kipling Will","Essig Museum of Entomology",,"No known compromise","N",,
"8610f7b2-9a4f-4266-83d2-9b29960c5fa7","STEI_009.basePlot.bet","D05","STEI","STEI_009","2015-08-12","2015-08-26","2017-01-15","NEON.BET.D05.001096","PTENOV","Animalia","Arthropoda","Insecta","Coleoptera","Carabidae","Harpalinae","Pterostichini","Pterostichus","Euferonia","novus",,"Pterostichus novus","Straneo","species",,"F",,"Lindroth, C. H. 1969. The ground-beetles (Carabidae, excl. Cicindelinae) of Canada and Alaska, parts 1-6. Opuscula E. Entomoligiska Sallskapet.","Kipling Will","Essig Museum of Entomology",,"No known compromise","N",,
"cc422c61-53a1-4092-bd76-ff3309404935","STEI_006.basePlot.bet","D05","STEI","STEI_006","2015-08-12","2015-08-26","2017-01-15","NEON.BET.D05.001092","PTENOV","Animalia","Arthropoda","Insecta","Coleoptera","Carabidae","Harpalinae","Pterostichini","Pterostichus","Euferonia","novus",,"Pterostichus novus","Straneo","species",,"F",,"Lindroth, C. H. 1969. The ground-beetles (Carabidae, excl. Cicindelinae) of Canada and Alaska, parts 1-6. Opuscula E. Entomoligiska Sallskapet.","Kipling Will","Essig Museum of Entomology",,"No known compromise","N",,
"e6197cf6-bbd6-402f-aaf4-2bfd9b32c42c","STEI_005.basePlot.bet","D05","STEI","STEI_005","2015-08-12","2015-08-26","2017-01-15","NEON.BET.D05.001087","PTENOV","Animalia","Arthropoda","Insecta","Coleoptera","Carabidae","Harpalinae","Pterostichini","Pterostichus","Euferonia","novus",,"Pterostichus novus","Straneo","species",,"M",,"Lindroth, C. H. 1969. The ground-beetles (Carabidae, excl. Cicindelinae) of Canada and Alaska, parts 1-6. Opuscula E. Entomoligiska Sallskapet.","Kipling Will","Essig Museum of Entomology",,"No known compromise","N",,
"4cee0716-791d-4db2-9d50-db54c7683845","STEI_005.basePlot.bet","D05","STEI","STEI_005","2015-08-12","2015-08-26","2017-01-15","NEON.BET.D05.001089","PTENOV","Animalia","Arthropoda","Insecta","Coleoptera","Carabidae","Harpalinae","Pterostichini","Pterostichus","Euferonia","novus",,"Pterostichus novus","Straneo","species",,"F",,"Lindroth, C. H. 1969. The ground-beetles (Carabidae, excl. Cicindelinae) of Canada and Alaska, parts 1-6. Opuscula E. Entomoligiska Sallskapet.","Kipling Will","Essig Museum of Entomology",,"No known compromise","N",,
"0c381f29-aafa-44a3-889d-eb488b5f0673","STEI_005.basePlot.bet","D05","STEI","STEI_005","2015-08-12","2015-08-26","2017-01-15","NEON.BET.D05.001088","PTENOV","Animalia","Arthropoda","Insecta","Coleoptera","Carabidae","Harpalinae","Pterostichini","Pterostichus","Euferonia","novus",,"Pterostichus novus","Straneo","species",,"F",,"Lindroth, C. H. 1969. The ground-beetles (Carabidae, excl. Cicindelinae) of Canada and Alaska, parts 1-6. Opuscula E. Entomoligiska Sallskapet.","Kipling Will","Essig Museum of Entomology",,"No known compromise","N",,
"1149f7ae-5763-45f2-bcfe-366b1de7009d","STEI_005.basePlot.bet","D05","STEI","STEI_005","2015-08-12","2015-08-26","2017-01-15","NEON.BET.D05.001115","CALGRE","Animalia","Arthropoda","Insecta","Coleoptera","Carabidae","Harpalinae","Sphodrini","Calathus","Neocalathus","gregarius",,"Calathus gregarius","Say","species",,"F",,"Lindroth, C. H. 1969. The ground-beetles (Carabidae, excl. Cicindelinae) of Canada and Alaska, parts 1-6. Opuscula E. Entomoligiska Sallskapet.","Kipling Will","Essig Museum of Entomology",,"No known compromise","N",,
"29b9673c-2533-4172-b79b-e2150488c44d","STEI_005.basePlot.bet","D05","STEI","STEI_005","2015-08-12","2015-08-26","2017-01-15","NEON.BET.D05.001116","CALGRE","Animalia","Arthropoda","Insecta","Coleoptera","Carabidae","Harpalinae","Sphodrini","Calathus","Neocalathus","gregarius",,"Calathus gregarius","Say","species",,"F",,"Lindroth, C. H. 1969. The ground-beetles (Carabidae, excl. Cicindelinae) of Canada and Alaska, parts 1-6. Opuscula E. Entomoligiska Sallskapet.","Kipling Will","Essig Museum of Entomology",,"No known compromise","N",,
"6f2bf96d-a683-47a5-9ed5-878b95740f2f","STEI_003.basePlot.bet","D05","STEI","STEI_003","2015-08-12","2015-08-26","2017-01-15","NEON.BET.D05.001130","SPHSTE1","Animalia","Arthropoda","Insecta","Coleoptera","Carabidae","Carabinae","Cychrini","Sphaeroderus",,"stenostomus","lecontei","Sphaeroderus stenostomus lecontei","Dejean","subspecies",,"M",,"Lindroth, C. H. 1969. The ground-beetles (Carabidae, excl. Cicindelinae) of Canada and Alaska, parts 1-6. Opuscula E. Entomoligiska Sallskapet.","Kipling Will","Essig Museum of Entomology",,"No known compromise","N",,
"a7214596-cf71-4a6f-ae94-2e8633c7383f","STEI_003.basePlot.bet","D05","STEI","STEI_003","2015-08-12","2015-08-26","2017-01-15","NEON.BET.D05.001114","CALGRE","Animalia","Arthropoda","Insecta","Coleoptera","Carabidae","Harpalinae","Sphodrini","Calathus","Neocalathus","gregarius",,"Calathus gregarius","Say","species",,"F",,"Lindroth, C. H. 1969. The ground-beetles (Carabidae, excl. Cicindelinae) of Canada and Alaska, parts 1-6. Opuscula E. Entomoligiska Sallskapet.","Kipling Will","Essig Museum of Entomology",,"No known compromise","N",,
"7fcc25cb-6a69-4ae3-be68-2d232912f93e","STEI_003.basePlot.bet","D05","STEI","STEI_003","2015-08-12","2015-08-26","2017-01-15","NEON.BET.D05.001113","CALGRE","Animalia","Arthropoda","Insecta","Coleoptera","Carabidae","Harpalinae","Sphodrini","Calathus","Neocalathus","gregarius",,"Calathus gregarius","Say","species",,"F",,"Lindroth, C. H. 1969. The ground-beetles (Carabidae, excl. Cicindelinae) of Canada and Alaska, parts 1-6. Opuscula E. Entomoligiska Sallskapet.","Kipling Will","Essig Museum of Entomology",,"No known compromise","N",,
"71b8daab-b049-43e0-9c59-4ab6e6987b97","STEI_022.basePlot.bet","D05","STEI","STEI_022","2015-08-12","2015-08-26","2017-01-15","NEON.BET.D05.001122","AGOGRA","Animalia","Arthropoda","Insecta","Coleoptera","Carabidae","Harpalinae","Platynini","Agonum","Europhilus","gratiosum",,"Agonum gratiosum","Mannerheim","species",,"F",,"Liebherr, J. K. 1994. Identification of new world Agonum , review of the mexican fauna , and description of Incagonum , new genus , from South America (Coleoptera: Carabidae: Platynini). Journal of The New York Entomological Society 102:1-55.","Kipling Will","Essig Museum of Entomology",,"No known compromise","N",,
"3068ec04-f981-4a8c-a07d-da355f30b236","STEI_004.basePlot.bet","D05","STEI","STEI_004","2015-08-12","2015-08-26","2017-01-15","NEON.BET.D05.001135","NOTAQU","Animalia","Arthropoda","Insecta","Coleoptera","Carabidae","Nebriinae","Notiophilini","Notiophilus",,"aquaticus",,"Notiophilus aquaticus","Linnaeus","species",,"M",,"Lindroth, C. H. 1969. The ground-beetles (Carabidae, excl. Cicindelinae) of Canada and Alaska, parts 1-6. Opuscula E. Entomoligiska Sallskapet.","Kipling Will","Essig Museum of Entomology",,"No known compromise","N",,
"b2055bdc-ef91-435a-b8ef-b9b83e31c835","STEI_022.basePlot.bet","D05","STEI","STEI_022","2015-08-12","2015-08-26","2017-01-15","NEON.BET.D05.001121","AGOGRA","Animalia","Arthropoda","Insecta","Coleoptera","Carabidae","Harpalinae","Platynini","Agonum","Europhilus","gratiosum",,"Agonum gratiosum","Mannerheim","species",,"F",,"Liebherr, J. K. 1994. Identification of new world Agonum , review of the mexican fauna , and description of Incagonum , new genus , from South America (Coleoptera: Carabidae: Platynini). Journal of The New York Entomological Society 102:1-55.","Kipling Will","Essig Museum of Entomology",,"No known compromise","N",,
"6ef5c265-48b0-4c26-a76d-54789eb2c7f5","STEI_002.basePlot.bet","D05","STEI","STEI_002","2015-08-12","2015-08-26","2017-01-15","NEON.BET.D05.001129","SPHSTE1","Animalia","Arthropoda","Insecta","Coleoptera","Carabidae","Carabinae","Cychrini","Sphaeroderus",,"stenostomus","lecontei","Sphaeroderus stenostomus lecontei","Dejean","subspecies",,"F",,"Lindroth, C. H. 1969. The ground-beetles (Carabidae, excl. Cicindelinae) of Canada and Alaska, parts 1-6. Opuscula E. Entomoligiska Sallskapet.","Kipling Will","Essig Museum of Entomology",,"No known compromise","N",,
"a850073a-92a9-44da-b941-b9d491ae172b","STEI_001.basePlot.bet","D05","STEI","STEI_001","2015-08-12","2015-08-26","2017-01-15","NEON.BET.D05.001112","CALGRE","Animalia","Arthropoda","Insecta","Coleoptera","Carabidae","Harpalinae","Sphodrini","Calathus","Neocalathus","gregarius",,"Calathus gregarius","Say","species",,"F",,"Lindroth, C. H. 1969. The ground-beetles (Carabidae, excl. Cicindelinae) of Canada and Alaska, parts 1-6. Opuscula E. Entomoligiska Sallskapet.","Kipling Will","Essig Museum of Entomology",,"No known compromise","N",,
"a6ba9ec4-8445-44fd-87d3-345c17aa6c4f","STEI_001.basePlot.bet","D05","STEI","STEI_001","2015-08-12","2015-08-26","2017-01-15","NEON.BET.D05.001111","CALGRE","Animalia","Arthropoda","Insecta","Coleoptera","Carabidae","Harpalinae","Sphodrini","Calathus","Neocalathus","gregarius",,"Calathus gregarius","Say","species",,"F",,"Lindroth, C. H. 1969. The ground-beetles (Carabidae, excl. Cicindelinae) of Canada and Alaska, parts 1-6. Opuscula E. Entomoligiska Sallskapet.","Kipling Will","Essig Museum of Entomology",,"No known compromise","N",,
"04464370-04c9-4c02-b44f-b408cfdc59b5","STEI_006.basePlot.bet","D05","STEI","STEI_006","2015-08-12","2015-08-26","2017-01-15","NEON.BET.D05.000892","SYNIMP","Animalia","Arthropoda","Insecta","Coleoptera","Carabidae","Harpalinae","Sphodrini","Synuchus",,"impunctatus",,"Synuchus impunctatus","Say","species",,"F",,"Lindroth, C. H. 1969. The ground-beetles (Carabidae, excl. Cicindelinae) of Canada and Alaska, parts 1-6. Opuscula E. Entomoligiska Sallskapet.","Kipling Will","Essig Museum of Entomology",,"No known compromise","N",,
