uid,namedLocation,domainID,siteID,plotID,trapID,setDate,collectDate,processingDate,etOHChangeDate,identifiedDate,sampleID,subsampleID,sampleType,taxonID,scientificName,taxonRank,identificationQualifier,scientificNameAuthorship,morphospeciesID,individualCount,identificationReferences,identifiedBy,recordedBy,remarks
"877ed5cd-a4b7-411e-9eb2-c6884dfbc2ca","STEI_005.basePlot.bet","D05","STEI","STEI_005","W","2015-07-29","2015-08-12","2015-08-13","2015-12-15","2015-12-17","STEI_005.W.20150812","qriLSsXGHExkJ0BZQleZ0XDJ8AkbhsOgOg+UA/qqWGU=","carabid","PTENOV","Pterostichus novus","species","cf. species","Straneo",,4,"Bousquet, Y. 2010b. Illustrated Identification Guide to Adults and Larvae of Northeastern North American Ground Beetles (Coleoptera: Carabidae). 1st Ed. Pensoft Publishers, Sofia, Bulgaria.","Syw2LXB/pj+fmGCuwdgBGVryVUmYhw3g","Syw2LXB/pj+fmGCuwdgBGVryVUmYhw3g","Could be PTECOR1"
"77860c89-bedd-4916-b198-9c8851dc603a","STEI_005.basePlot.bet","D05","STEI","STEI_005","W","2015-07-29","2015-08-12","2015-08-13","2015-12-15","2015-12-17","STEI_005.W.20150812","qriLSsXGHExkJ0BZQleZ0bvb/qXxJ8ArDzph6NAxrPE=","carabid","PTEMEL","Pterostichus melanarius melanarius","subspecies",,"Illiger",,2,"Bousquet, Y. 2010b. Illustrated Identification Guide to Adults and Larvae of Northeastern North American Ground Beetles (Coleoptera: Carabidae). 1st Ed. Pensoft Publishers, Sofia, Bulgaria.","Syw2LXB/pj+fmGCuwdgBGVryVUmYhw3g","Syw2LXB/pj+fmGCuwdgBGVryVUmYhw3g",
"78684ea9-666f-425d-9d5c-dfdf413c78ef","STEI_005.basePlot.bet","D05","STEI","STEI_005","W","2015-07-29","2015-08-12","2015-08-13","2015-12-15",,"STEI_005.W.20150812","qriLSsXGHExkJ0BZQleZ0dYGHuClsNR4eyO3wfAusrE=","invert bycatch",,,,,,,,,,"Syw2LXB/pj+fmGCuwdgBGVryVUmYhw3g",
"67553467-5024-4cdd-80c8-d11a4ca7702f","STEI_006.basePlot.bet","D05","STEI","STEI_006","W","2015-07-29","2015-08-12","2015-08-13","2015-12-15","2015-12-17","STEI_006.W.20150812","FSczGbn18rTrcqioJIsWAEB4szlSxVKRqbGdB1kfdc0=","carabid","PTENOV","Pterostichus novus","species","cf. species","Straneo",,5,"Bousquet, Y. 2010b. Illustrated Identification Guide to Adults and Larvae of Northeastern North American Ground Beetles (Coleoptera: Carabidae). 1st Ed. Pensoft Publishers, Sofia, Bulgaria.","Syw2LXB/pj+fmGCuwdgBGVryVUmYhw3g","Syw2LXB/pj+fmGCuwdgBGVryVUmYhw3g","Could be PTECOR1"
"9858ecec-56aa-47b8-adfd-bb9f6318d704","STEI_006.basePlot.bet","D05","STEI","STEI_006","W","2015-07-29","2015-08-12","2015-08-13","2015-12-15","2015-12-17","STEI_006.W.20150812","FSczGbn18rTrcqioJIsWANnGo5vANqJhkA463oR1/VM=","carabid","PTEMEL","Pterostichus melanarius melanarius","subspecies",,"Illiger",,2,"Bousquet, Y. 2010b. Illustrated Identification Guide to Adults and Larvae of Northeastern North American Ground Beetles (Coleoptera: Carabidae). 1st Ed. Pensoft Publishers, Sofia, Bulgaria.","Syw2LXB/pj+fmGCuwdgBGVryVUmYhw3g","Syw2LXB/pj+fmGCuwdgBGVryVUmYhw3g",
"7a9141b5-7c31-4c6a-b84a-7c26a53ec937","STEI_006.basePlot.bet","D05","STEI","STEI_006","W","2015-07-29","2015-08-12","2015-08-13","2015-12-15",,"STEI_006.W.20150812","FSczGbn18rTrcqioJIsWAEIyLC/oVBRFht+q+nFWQRI=","invert bycatch",,,,,,,,,,"Syw2LXB/pj+fmGCuwdgBGVryVUmYhw3g",
"aa1fe197-ec4e-4345-93e9-713f97cc6edd","STEI_009.basePlot.bet","D05","STEI","STEI_009","W","2015-07-29","2015-08-12","2015-08-13","2015-12-15",,"STEI_009.W.20150812","IGPPmzEoPodPzdGs8IqUuoMzyKL2aP76/UshRWYuJ7o=","invert bycatch",,,,,,,,,,"Syw2LXB/pj+fmGCuwdgBGVryVUmYhw3g",
"ae074852-d12b-49a7-ad8e-b3557d3e7610","STEI_003.basePlot.bet","D05","STEI","STEI_003","W","2015-07-29","2015-08-12","2015-08-13","2015-12-15","2015-12-17","STEI_003.W.20150812","DWUoTzNcbNkQBXy9/grK1IDONuIl7BpqQtqJWqFK3Lo=","carabid","PTENOV","Pterostichus novus","species","cf. species","Straneo",,3,"Bousquet, Y. 2010b. Illustrated Identification Guide to Adults and Larvae of Northeastern North American Ground Beetles (Coleoptera: Carabidae). 1st Ed. Pensoft Publishers, Sofia, Bulgaria.","Syw2LXB/pj+fmGCuwdgBGVryVUmYhw3g","Syw2LXB/pj+fmGCuwdgBGVryVUmYhw3g",
"b2add856-1931-4e69-b481-b7f40edbdf26","STEI_003.basePlot.bet","D05","STEI","STEI_003","W","2015-07-29","2015-08-12","2015-08-13","2015-12-15",,"STEI_003.W.20150812","DWUoTzNcbNkQBXy9/grK1B9uHrqBNCyvel2/dyCq7uw=","invert bycatch",,,,,,,,,,"Syw2LXB/pj+fmGCuwdgBGVryVUmYhw3g",
"92ed241f-e7a6-4391-82c0-bea1ce81a34e","STEI_004.basePlot.bet","D05","STEI","STEI_004","W","2015-07-29","2015-08-12","2015-08-13","2015-12-15","2015-12-17","STEI_004.W.20150812","kIMktcbzaDfopl8XeK6kDi877I71z6Gz2aPxb2Q7D/Q=","carabid","SYNIMP","Synuchus impunctatus","species",,"Say",,1,"Lindroth, C. H. 1969. The ground-beetles (Carabidae, excl. Cicindelinae) of Canada and Alaska, parts 1-6. Opuscula E. Entomoligiska Sallskapet.","Syw2LXB/pj+fmGCuwdgBGVryVUmYhw3g","Syw2LXB/pj+fmGCuwdgBGVryVUmYhw3g",
"6bf6a174-d154-4c70-83ee-9f5fdbe12a3a","STEI_004.basePlot.bet","D05","STEI","STEI_004","W","2015-07-29","2015-08-12","2015-08-13","2015-12-15","2015-12-17","STEI_004.W.20150812","kIMktcbzaDfopl8XeK6kDlFohoPNDTF93j3bBT8ibCs=","carabid","PTEMEL","Pterostichus melanarius melanarius","subspecies",,"Illiger",,4,"Bousquet, Y. 2010b. Illustrated Identification Guide to Adults and Larvae of Northeastern North American Ground Beetles (Coleoptera: Carabidae). 1st Ed. Pensoft Publishers, Sofia, Bulgaria.","Syw2LXB/pj+fmGCuwdgBGVryVUmYhw3g","Syw2LXB/pj+fmGCuwdgBGVryVUmYhw3g",
"e65938da-e0ec-4dc3-b3db-0d747867307c","STEI_003.basePlot.bet","D05","STEI","STEI_003","W","2015-07-29","2015-08-12","2015-08-13","2015-12-15","2015-12-17","STEI_003.W.20150812","DWUoTzNcbNkQBXy9/grK1BZGohMPLrOFzHUehHzToQE=","carabid","PTEMEL","Pterostichus melanarius melanarius","subspecies",,"Illiger",,2,"Bousquet, Y. 2010b. Illustrated Identification Guide to Adults and Larvae of Northeastern North American Ground Beetles (Coleoptera: Carabidae). 1st Ed. Pensoft Publishers, Sofia, Bulgaria.","Syw2LXB/pj+fmGCuwdgBGVryVUmYhw3g","Syw2LXB/pj+fmGCuwdgBGVryVUmYhw3g",
"216263b9-f5b4-461a-b7e0-64b9f9fa648f","STEI_001.basePlot.bet","D05","STEI","STEI_001","E","2015-07-29","2015-08-12","2015-08-13","2015-12-15","2015-12-14","STEI_001.E.20150812","7JlQSbZIlXilWjgAqnwWzsYKXfXKYqoPF0BppovHqgE=","carabid","PTENOV","Pterostichus novus","species","cf. species","Straneo",,4,"Bousquet, Y. 2010b. Illustrated Identification Guide to Adults and Larvae of Northeastern North American Ground Beetles (Coleoptera: Carabidae). 1st Ed. Pensoft Publishers, Sofia, Bulgaria.","Syw2LXB/pj+fmGCuwdgBGVryVUmYhw3g","Syw2LXB/pj+fmGCuwdgBGVryVUmYhw3g","Could be PTECOR1"
"41c8370e-eb10-469c-bb54-1f32dbe94ee4","STEI_001.basePlot.bet","D05","STEI","STEI_001","E","2015-07-29","2015-08-12","2015-08-13","2015-12-15","2015-12-14","STEI_001.E.20150812","7JlQSbZIlXilWjgAqnwWzq9Bpw7zUx9cTSnUrfZ/IHk=","carabid","PTEMEL","Pterostichus melanarius melanarius","subspecies","cf. species","Illiger",,6,"Bousquet, Y. 2010b. Illustrated Identification Guide to Adults and Larvae of Northeastern North American Ground Beetles (Coleoptera: Carabidae). 1st Ed. Pensoft Publishers, Sofia, Bulgaria.","Syw2LXB/pj+fmGCuwdgBGVryVUmYhw3g","Syw2LXB/pj+fmGCuwdgBGVryVUmYhw3g",
"c8d04782-d859-416d-9a66-bb9fcb824bff","STEI_002.basePlot.bet","D05","STEI","STEI_002","E","2015-07-29","2015-08-12","2015-08-13","2015-12-15",,"STEI_002.E.20150812","aZO6SdKsrBzczDPPnkf0n5flc9l+OP+sEpgbEDeaoMM=","invert bycatch",,,,,,,,,,"Syw2LXB/pj+fmGCuwdgBGVryVUmYhw3g",
"467083d3-8779-4d8a-b11d-728dbdcc2cd8","STEI_002.basePlot.bet","D05","STEI","STEI_002","E","2015-07-29","2015-08-12","2015-08-13","2015-12-15","2015-12-15","STEI_002.E.20150812","aZO6SdKsrBzczDPPnkf0n788Gi645utTYuA1oBWyjwA=","carabid","PTEMEL","Pterostichus melanarius melanarius","subspecies",,"Illiger",,2,"Bousquet, Y. 2010b. Illustrated Identification Guide to Adults and Larvae of Northeastern North American Ground Beetles (Coleoptera: Carabidae). 1st Ed. Pensoft Publishers, Sofia, Bulgaria.","Syw2LXB/pj+fmGCuwdgBGVryVUmYhw3g","Syw2LXB/pj+fmGCuwdgBGVryVUmYhw3g",
"c2e23999-1bde-44b8-92f8-411e9c684f76","STEI_007.basePlot.bet","D05","STEI","STEI_007","E","2015-07-29","2015-08-12","2015-08-13","2015-12-15",,"STEI_007.E.20150812","uTVelW27vZRQ0tyYazpzg4ViBaib2tvx+Owq7SWtaf8=","invert bycatch",,,,,,,,,,"Syw2LXB/pj+fmGCuwdgBGVryVUmYhw3g",
"0f7628ce-6680-4eab-a21c-2de9e2318557","STEI_001.basePlot.bet","D05","STEI","STEI_001","E","2015-07-29","2015-08-12","2015-08-13","2015-12-15",,"STEI_001.E.20150812","7JlQSbZIlXilWjgAqnwWzgtR1rLxUKNyXXAradNa0Xs=","invert bycatch",,,,,,,,,,"Syw2LXB/pj+fmGCuwdgBGVryVUmYhw3g",
"dcad1926-687d-406f-8ee2-95a82b24f329","STEI_004.basePlot.bet","D05","STEI","STEI_004","E","2015-07-29","2015-08-12","2015-08-13","2015-12-15",,"STEI_004.E.20150812","kIMktcbzaDceqF0M0I5i2VfSFDtII3Vfnh+6ufhIT0k=","invert bycatch",,,,,,,,,,"Syw2LXB/pj+fmGCuwdgBGVryVUmYhw3g",
"02eca45d-00e0-4f82-b4b5-ba6f8359bb12","STEI_022.basePlot.bet","D05","STEI","STEI_022","E","2015-07-29","2015-08-12","2015-08-13","2015-12-15","2015-12-18","STEI_022.E.20150812","HE/LDGsDHdr5PzztQj5XdM1SN8dMGA+NE7FfrGkeGrs=","carabid","AGOGRA","Agonum gratiosum","species",,"Mannerheim",,1,"Lindroth, C. H. 1969. The ground-beetles (Carabidae, excl. Cicindelinae) of Canada and Alaska, parts 1-6. Opuscula E. Entomoligiska Sallskapet.","Syw2LXB/pj+fmGCuwdgBGVryVUmYhw3g","Syw2LXB/pj+fmGCuwdgBGVryVUmYhw3g",
"efa3c3de-6cfc-4c64-a92b-16eaffa14d47","STEI_022.basePlot.bet","D05","STEI","STEI_022","E","2015-07-29","2015-08-12","2015-08-13","2015-12-15",,"STEI_022.E.20150812","HE/LDGsDHdr5PzztQj5XdG16r5ru6a433Z19/h9uhJo=","invert bycatch",,,,,,,,,,"Syw2LXB/pj+fmGCuwdgBGVryVUmYhw3g",
"da352c4e-bbff-41d9-8c1b-d8481968f211","STEI_022.basePlot.bet","D05","STEI","STEI_022","E","2015-07-29","2015-08-12","2015-08-13","2015-12-15","2015-12-18","STEI_022.E.20150812","HE/LDGsDHdr5PzztQj5XdAQecRLNLd97IKyloZJN4HI=","carabid","AGOTRI","Agonum trigeminum","species",,"Lindroth",,1,"Lindroth, C. H. 1969. The ground-beetles (Carabidae, excl. Cicindelinae) of Canada and Alaska, parts 1-6. Opuscula E. Entomoligiska Sallskapet.","Syw2LXB/pj+fmGCuwdgBGVryVUmYhw3g","Syw2LXB/pj+fmGCuwdgBGVryVUmYhw3g",
"10228e72-8c9e-4b2e-b700-3562d008395d","STEI_003.basePlot.bet","D05","STEI","STEI_003","E","2015-07-29","2015-08-12","2015-08-13","2015-12-15","2015-12-17","STEI_003.E.20150812","DWUoTzNcbNlDfZbsjlU9vmR/TVijDnsCpjsiyIpEMY0=","carabid","SYNIMP","Synuchus impunctatus","species",,"Say",,1,"Lindroth, C. H. 1969. The ground-beetles (Carabidae, excl. Cicindelinae) of Canada and Alaska, parts 1-6. Opuscula E. Entomoligiska Sallskapet.","Syw2LXB/pj+fmGCuwdgBGVryVUmYhw3g","Syw2LXB/pj+fmGCuwdgBGVryVUmYhw3g",
"521ca2db-6f24-47a8-9849-c055ccb86a10","STEI_009.basePlot.bet","D05","STEI","STEI_009","E","2015-07-29","2015-08-12","2015-08-13","2015-12-15","2015-12-17","STEI_009.E.20150812","IGPPmzEoPofO8xCWuBZ7OOuaI64p4Tpz1uq0Brj1dko=","carabid","PTENOV","Pterostichus novus","species","cf. species","Straneo",,3,"Bousquet, Y. 2010b. Illustrated Identification Guide to Adults and Larvae of Northeastern North American Ground Beetles (Coleoptera: Carabidae). 1st Ed. Pensoft Publishers, Sofia, Bulgaria.","Syw2LXB/pj+fmGCuwdgBGVryVUmYhw3g","Syw2LXB/pj+fmGCuwdgBGVryVUmYhw3g",
"12cc1dc2-c8d0-4e4d-85f4-3593c502b0f1","STEI_003.basePlot.bet","D05","STEI","STEI_003","E","2015-07-29","2015-08-12","2015-08-13","2015-12-15","2015-12-17","STEI_003.E.20150812","DWUoTzNcbNlDfZbsjlU9vkuwcTSp09JE/GElJeyH8VQ=","carabid","PTENOV","Pterostichus novus","species","cf. species","Straneo",,3,"Bousquet, Y. 2010b. Illustrated Identification Guide to Adults and Larvae of Northeastern North American Ground Beetles (Coleoptera: Carabidae). 1st Ed. Pensoft Publishers, Sofia, Bulgaria.","Syw2LXB/pj+fmGCuwdgBGVryVUmYhw3g","Syw2LXB/pj+fmGCuwdgBGVryVUmYhw3g",
"e964dff7-5de9-4ce9-9050-c77a42787c22","STEI_003.basePlot.bet","D05","STEI","STEI_003","E","2015-07-29","2015-08-12","2015-08-13","2015-12-15",,"STEI_003.E.20150812","DWUoTzNcbNlDfZbsjlU9vp+GteUFP9bQBtNMv1U8k0c=","invert bycatch",,,,,,,,,,"Syw2LXB/pj+fmGCuwdgBGVryVUmYhw3g",
"2bdd3da1-5e4a-4a5f-b8f3-29eba4dffe66","STEI_006.basePlot.bet","D05","STEI","STEI_006","E","2015-07-29","2015-08-12","2015-08-13","2015-12-15","2015-12-17","STEI_006.E.20150812","FSczGbn18rSQaynL1Ipu9zZz6j0GUzBQ868Uz5Bq7+Q=","carabid","SYNIMP","Synuchus impunctatus","species",,"Say",,1,"Lindroth, C. H. 1969. The ground-beetles (Carabidae, excl. Cicindelinae) of Canada and Alaska, parts 1-6. Opuscula E. Entomoligiska Sallskapet.","Syw2LXB/pj+fmGCuwdgBGVryVUmYhw3g","Syw2LXB/pj+fmGCuwdgBGVryVUmYhw3g",
"ff47978b-428f-4739-9be0-80b3b652fdb3","STEI_006.basePlot.bet","D05","STEI","STEI_006","E","2015-07-29","2015-08-12","2015-08-13","2015-12-15",,"STEI_006.E.20150812","FSczGbn18rSQaynL1Ipu99e8TM+ML3rZ32bBs6uWYZU=","invert bycatch",,,,,,,,,,"Syw2LXB/pj+fmGCuwdgBGVryVUmYhw3g",
"a616902d-93c9-4f32-9665-792c79b19bfd","STEI_009.basePlot.bet","D05","STEI","STEI_009","E","2015-07-29","2015-08-12","2015-08-13","2015-12-15","2015-12-17","STEI_009.E.20150812","IGPPmzEoPofO8xCWuBZ7OIXCsFsWi+e1zrgmMQ0mDas=","carabid","SYNIMP","Synuchus impunctatus","species",,"Say",,1,"Lindroth, C. H. 1969. The ground-beetles (Carabidae, excl. Cicindelinae) of Canada and Alaska, parts 1-6. Opuscula E. Entomoligiska Sallskapet.","Syw2LXB/pj+fmGCuwdgBGVryVUmYhw3g","Syw2LXB/pj+fmGCuwdgBGVryVUmYhw3g",
"1e6b6e85-6b6f-4b35-9fb2-d5ae807d56cd","STEI_009.basePlot.bet","D05","STEI","STEI_009","E","2015-07-29","2015-08-12","2015-08-13","2015-12-15",,"STEI_009.E.20150812","IGPPmzEoPofO8xCWuBZ7OH9u1Lit/LKi8Bwi1W4ilF0=","invert bycatch",,,,,,,,,,"Syw2LXB/pj+fmGCuwdgBGVryVUmYhw3g",
"87776d21-6181-4d51-a24b-a9bbe1fa81cf","STEI_009.basePlot.bet","D05","STEI","STEI_009","E","2015-07-29","2015-08-12","2015-08-13","2015-12-15","2015-12-17","STEI_009.E.20150812","IGPPmzEoPofO8xCWuBZ7ONVE+AgcvEa19oJex0XLbNg=","carabid","CALGRE","Calathus gregarius","species",,"Say",,1,"Bousquet, Y. 2010b. Illustrated Identification Guide to Adults and Larvae of Northeastern North American Ground Beetles (Coleoptera: Carabidae). 1st Ed. Pensoft Publishers, Sofia, Bulgaria.","Syw2LXB/pj+fmGCuwdgBGVryVUmYhw3g","Syw2LXB/pj+fmGCuwdgBGVryVUmYhw3g",
"832f9707-9cae-4571-9233-dbc36e99cd7d","STEI_005.basePlot.bet","D05","STEI","STEI_005","E","2015-07-29","2015-08-12","2015-08-13","2015-12-15","2015-12-17","STEI_005.E.20150812","qriLSsXGHEzqqgZGGDGOjp8VhnbZDY3xdCaPwBYiWlM=","carabid","PTENOV","Pterostichus novus","species","cf. species","Straneo",,1,"Bousquet, Y. 2010b. Illustrated Identification Guide to Adults and Larvae of Northeastern North American Ground Beetles (Coleoptera: Carabidae). 1st Ed. Pensoft Publishers, Sofia, Bulgaria.","Syw2LXB/pj+fmGCuwdgBGVryVUmYhw3g","Syw2LXB/pj+fmGCuwdgBGVryVUmYhw3g","Could be PTECOR1"
"6e33cf6d-4a5d-4387-ba1b-39793997aa0a","STEI_005.basePlot.bet","D05","STEI","STEI_005","E","2015-07-29","2015-08-12","2015-08-13","2015-12-15","2015-12-17","STEI_005.E.20150812","qriLSsXGHEzqqgZGGDGOjtNBcYFtJ3JPcnv6CscKg3c=","carabid","PTEMEL","Pterostichus melanarius melanarius","subspecies",,"Illiger",,5,"Bousquet, Y. 2010b. Illustrated Identification Guide to Adults and Larvae of Northeastern North American Ground Beetles (Coleoptera: Carabidae). 1st Ed. Pensoft Publishers, Sofia, Bulgaria.","Syw2LXB/pj+fmGCuwdgBGVryVUmYhw3g","Syw2LXB/pj+fmGCuwdgBGVryVUmYhw3g",
"f4f7ae3d-05a7-4c52-897d-112b6e6e90c4","STEI_006.basePlot.bet","D05","STEI","STEI_006","E","2015-07-29","2015-08-12","2015-08-13","2015-12-15","2015-12-17","STEI_006.E.20150812","FSczGbn18rSQaynL1Ipu9/7vSnZInyq1XaPTURXIIU0=","carabid","PTEMEL","Pterostichus melanarius melanarius","subspecies",,"Illiger",,5,"Bousquet, Y. 2010b. Illustrated Identification Guide to Adults and Larvae of Northeastern North American Ground Beetles (Coleoptera: Carabidae). 1st Ed. Pensoft Publishers, Sofia, Bulgaria.","Syw2LXB/pj+fmGCuwdgBGVryVUmYhw3g","Syw2LXB/pj+fmGCuwdgBGVryVUmYhw3g",
"d4b41db1-cf32-4f02-9b34-50ea5c703da2","STEI_008.basePlot.bet","D05","STEI","STEI_008","E","2015-07-29","2015-08-12","2015-08-13","2015-12-15","2015-12-17","STEI_008.E.20150812","RJLsXNaoVctHu0/r1mZQZDL2CXVvcJKdX3kGzXiqmIU=","carabid","PTEADO","Pterostichus adoxus","species","cf. species","Say",,1,"Bousquet, Y. 2010b. Illustrated Identification Guide to Adults and Larvae of Northeastern North American Ground Beetles (Coleoptera: Carabidae). 1st Ed. Pensoft Publishers, Sofia, Bulgaria.","Syw2LXB/pj+fmGCuwdgBGVryVUmYhw3g","Syw2LXB/pj+fmGCuwdgBGVryVUmYhw3g","Could be PTETRI1"
"b8f10c35-83c1-44e5-a509-91e717442d58","STEI_008.basePlot.bet","D05","STEI","STEI_008","E","2015-07-29","2015-08-12","2015-08-13","2015-12-15",,"STEI_008.E.20150812","RJLsXNaoVctHu0/r1mZQZEN8wcF90OUGjQgJOP3wT+0=","invert bycatch",,,,,,,,,,"Syw2LXB/pj+fmGCuwdgBGVryVUmYhw3g",
"d661f2c0-7f5c-44b5-a72a-5a7749faa4fe","STEI_005.basePlot.bet","D05","STEI","STEI_005","E","2015-07-29","2015-08-12","2015-08-13","2015-12-15","2015-12-17","STEI_005.E.20150812","qriLSsXGHEzqqgZGGDGOjkEt91leeFQ9gYfdgTig+Bg=","carabid","SYNIMP","Synuchus impunctatus","species",,"Say",,1,"Lindroth, C. H. 1969. The ground-beetles (Carabidae, excl. Cicindelinae) of Canada and Alaska, parts 1-6. Opuscula E. Entomoligiska Sallskapet.","Syw2LXB/pj+fmGCuwdgBGVryVUmYhw3g","Syw2LXB/pj+fmGCuwdgBGVryVUmYhw3g",
"0278a89c-975b-4b85-8e30-cdee5664b423","STEI_005.basePlot.bet","D05","STEI","STEI_005","E","2015-07-29","2015-08-12","2015-08-13","2015-12-15",,"STEI_005.E.20150812","qriLSsXGHEzqqgZGGDGOjiIl1IqTYua4ktFqWzjPShM=","invert bycatch",,,,,,,,,,"Syw2LXB/pj+fmGCuwdgBGVryVUmYhw3g",
"062d42f5-7b7c-489c-b107-58bcaee3849e","STEI_022.basePlot.bet","D05","STEI","STEI_022","W","2015-07-29","2015-08-12","2015-08-13","2015-12-15",,"STEI_022.W.20150812","HE/LDGsDHdqWSJE1Gas9mR5LwwIY3rNR1HETYWwHsKo=","invert bycatch",,,,,,,,,,"Syw2LXB/pj+fmGCuwdgBGVryVUmYhw3g",
"5eacefb1-14ce-461e-8244-fd3deb004265","STEI_004.basePlot.bet","D05","STEI","STEI_004","W","2015-07-29","2015-08-12","2015-08-13","2015-12-15",,"STEI_004.W.20150812","kIMktcbzaDfopl8XeK6kDt3ENCc8F7HjmYBU7WKAmgs=","invert bycatch",,,,,,,,,,"Syw2LXB/pj+fmGCuwdgBGVryVUmYhw3g",
"0541eb8d-e6c6-41b0-92ea-bdc432169424","STEI_004.basePlot.bet","D05","STEI","STEI_004","W","2015-07-29","2015-08-12","2015-08-13","2015-12-15","2015-12-17","STEI_004.W.20150812","kIMktcbzaDfopl8XeK6kDs5+ebEEmSx6Q+CFN+qFIl4=","carabid","PTECOR1","Pterostichus coracinus","species","cf. species","Newman",,2,"Bousquet, Y. 2010b. Illustrated Identification Guide to Adults and Larvae of Northeastern North American Ground Beetles (Coleoptera: Carabidae). 1st Ed. Pensoft Publishers, Sofia, Bulgaria.","Syw2LXB/pj+fmGCuwdgBGVryVUmYhw3g","Syw2LXB/pj+fmGCuwdgBGVryVUmYhw3g","Could be PTENOV"
"fc83e2f4-e196-477f-af2b-888b99b5d58a","STEI_002.basePlot.bet","D05","STEI","STEI_002","W","2015-07-29","2015-08-12","2015-08-13","2015-12-15",,"STEI_002.W.20150812","aZO6SdKsrBwtdgTlLOdz5lwcS4bblvn3Gkh6hnRXJRA=","invert bycatch",,,,,,,,,,"Syw2LXB/pj+fmGCuwdgBGVryVUmYhw3g",
"f47a1ab0-6fab-4e14-a7ad-1a1b40441681","STEI_002.basePlot.bet","D05","STEI","STEI_002","W","2015-07-29","2015-08-12","2015-08-13","2015-12-15","2015-12-15","STEI_002.W.20150812","aZO6SdKsrBwtdgTlLOdz5lAP2icTWc3X9/IUzOHSYLg=","carabid","PTENOV","Pterostichus novus","species","cf. species","Straneo",,1,"Bousquet, Y. 2010b. Illustrated Identification Guide to Adults and Larvae of Northeastern North American Ground Beetles (Coleoptera: Carabidae). 1st Ed. Pensoft Publishers, Sofia, Bulgaria.","Syw2LXB/pj+fmGCuwdgBGVryVUmYhw3g","Syw2LXB/pj+fmGCuwdgBGVryVUmYhw3g",
"e1f9d403-65c0-481a-a0f0-246ee6cc2ad2","STEI_022.basePlot.bet","D05","STEI","STEI_022","W","2015-07-29","2015-08-12","2015-08-13","2015-12-15","2015-12-18","STEI_022.W.20150812","HE/LDGsDHdqWSJE1Gas9meAh7q6M7PGftC83X4esIAM=","carabid","AGOGRA","Agonum gratiosum","species",,"Mannerheim",,1,"Lindroth, C. H. 1969. The ground-beetles (Carabidae, excl. Cicindelinae) of Canada and Alaska, parts 1-6. Opuscula E. Entomoligiska Sallskapet.","Syw2LXB/pj+fmGCuwdgBGVryVUmYhw3g","Syw2LXB/pj+fmGCuwdgBGVryVUmYhw3g",
"d3bdf7c5-d6fd-46a2-9627-d06c3ddca51a","STEI_007.basePlot.bet","D05","STEI","STEI_007","W","2015-07-29","2015-08-12","2015-08-13","2015-12-15","2015-12-17","STEI_007.W.20150812","uTVelW27vZStPB8JLcQTHs51lEjSD+znfb4SLb8pRQ0=","carabid","SYNIMP","Synuchus impunctatus","species",,"Say",,2,"Lindroth, C. H. 1969. The ground-beetles (Carabidae, excl. Cicindelinae) of Canada and Alaska, parts 1-6. Opuscula E. Entomoligiska Sallskapet.","Syw2LXB/pj+fmGCuwdgBGVryVUmYhw3g","Syw2LXB/pj+fmGCuwdgBGVryVUmYhw3g",
"a8cd64f3-8eeb-4b40-b29d-ab218b6ccd62","STEI_002.basePlot.bet","D05","STEI","STEI_002","W","2015-07-29","2015-08-12","2015-08-13","2015-12-15","2015-12-15","STEI_002.W.20150812","aZO6SdKsrBwtdgTlLOdz5j9gykLpR2Ugpom0XDYTtFg=","carabid","PTEMEL","Pterostichus melanarius melanarius","subspecies",,"Illiger",,4,"Bousquet, Y. 2010b. Illustrated Identification Guide to Adults and Larvae of Northeastern North American Ground Beetles (Coleoptera: Carabidae). 1st Ed. Pensoft Publishers, Sofia, Bulgaria.","Syw2LXB/pj+fmGCuwdgBGVryVUmYhw3g","Syw2LXB/pj+fmGCuwdgBGVryVUmYhw3g",
"f7178505-2d23-42d2-8d9e-a531bf858fcf","STEI_007.basePlot.bet","D05","STEI","STEI_007","W","2015-07-29","2015-08-12","2015-08-13","2015-12-15",,"STEI_007.W.20150812","uTVelW27vZStPB8JLcQTHlF+wb0Mfvjv5fn31VG250Q=","invert bycatch",,,,,,,,,,"Syw2LXB/pj+fmGCuwdgBGVryVUmYhw3g",
"00c539c5-535e-464f-bf5c-d4284b766661","STEI_001.basePlot.bet","D05","STEI","STEI_001","W","2015-07-29","2015-08-12","2015-08-13","2015-12-15",,"STEI_001.W.20150812","7JlQSbZIlXhxW2wwuwFcmpI6SektwawH/8h6WaXH1Dw=","invert bycatch",,,,,,,,,,"Syw2LXB/pj+fmGCuwdgBGVryVUmYhw3g",
"d956063d-17a6-4ce2-b863-bcaefb7c0df4","STEI_001.basePlot.bet","D05","STEI","STEI_001","W","2015-07-29","2015-08-12","2015-08-13","2015-12-15","2015-12-15","STEI_001.W.20150812","7JlQSbZIlXhxW2wwuwFcmjgK/i22qxPlsMOuOO/EcBk=","carabid","PTEMEL","Pterostichus melanarius melanarius","subspecies",,"Illiger",,2,"Lindroth, C. H. 1969. The ground-beetles (Carabidae, excl. Cicindelinae) of Canada and Alaska, parts 1-6. Opuscula E. Entomoligiska Sallskapet.","Syw2LXB/pj+fmGCuwdgBGVryVUmYhw3g","Syw2LXB/pj+fmGCuwdgBGVryVUmYhw3g",
"7050ecf5-2aa3-4b74-80aa-dd55551b851e","STEI_007.basePlot.bet","D05","STEI","STEI_007","W","2015-07-29","2015-08-12","2015-08-13","2015-12-15","2015-12-17","STEI_007.W.20150812","uTVelW27vZStPB8JLcQTHjEhEHmbA9EpXT3bdKAizhg=","carabid","PTENOV","Pterostichus novus","species","cf. species","Straneo",,1,"Bousquet, Y. 2010b. Illustrated Identification Guide to Adults and Larvae of Northeastern North American Ground Beetles (Coleoptera: Carabidae). 1st Ed. Pensoft Publishers, Sofia, Bulgaria.","Syw2LXB/pj+fmGCuwdgBGVryVUmYhw3g","Syw2LXB/pj+fmGCuwdgBGVryVUmYhw3g",
"b562090a-b455-44f8-b7f9-52fe29fbf1c7","STEI_001.basePlot.bet","D05","STEI","STEI_001","N","2015-07-29","2015-08-12","2015-08-13","2015-12-15","2015-12-15","STEI_001.N.20150812","7JlQSbZIlXhtt3ir6xZ4HzGVArJjkFQNc+fmReEZmYc=","carabid","PTEMEL","Pterostichus melanarius melanarius","subspecies",,"Illiger",,10,"Bousquet, Y. 2010b. Illustrated Identification Guide to Adults and Larvae of Northeastern North American Ground Beetles (Coleoptera: Carabidae). 1st Ed. Pensoft Publishers, Sofia, Bulgaria.","Syw2LXB/pj+fmGCuwdgBGVryVUmYhw3g","Syw2LXB/pj+fmGCuwdgBGVryVUmYhw3g",
"8849b03e-2f40-42f8-81c4-fa68145ddd5c","STEI_001.basePlot.bet","D05","STEI","STEI_001","N","2015-07-29","2015-08-12","2015-08-13","2015-12-15","2015-12-15","STEI_001.N.20150812","7JlQSbZIlXhtt3ir6xZ4H9H5/re3LYCbQz0hGLrhhK4=","carabid","SYNIMP","Synuchus impunctatus","species",,"Say",,2,"Lindroth, C. H. 1969. The ground-beetles (Carabidae, excl. Cicindelinae) of Canada and Alaska, parts 1-6. Opuscula E. Entomoligiska Sallskapet.","Syw2LXB/pj+fmGCuwdgBGVryVUmYhw3g","Syw2LXB/pj+fmGCuwdgBGVryVUmYhw3g",
"90591ec9-6e62-45d4-a3e9-4782adfb1667","STEI_001.basePlot.bet","D05","STEI","STEI_001","N","2015-07-29","2015-08-12","2015-08-13","2015-12-15","2015-12-15","STEI_001.N.20150812","7JlQSbZIlXhtt3ir6xZ4H3bzCje3qLenEmDMGcA/SU8=","carabid","PTENOV","Pterostichus novus","species","cf. species","Straneo",,1,"Bousquet, Y. 2010b. Illustrated Identification Guide to Adults and Larvae of Northeastern North American Ground Beetles (Coleoptera: Carabidae). 1st Ed. Pensoft Publishers, Sofia, Bulgaria.","Syw2LXB/pj+fmGCuwdgBGVryVUmYhw3g","Syw2LXB/pj+fmGCuwdgBGVryVUmYhw3g","Could be PTECOR1"
"f8700ce0-e798-4fd0-be25-36db0efaef8f","STEI_001.basePlot.bet","D05","STEI","STEI_001","N","2015-07-29","2015-08-12","2015-08-13","2015-12-15",,"STEI_001.N.20150812","7JlQSbZIlXhtt3ir6xZ4H5q4vo3oIF9kXjZXsF3PcEo=","invert bycatch",,,,,,,,,,"Syw2LXB/pj+fmGCuwdgBGVryVUmYhw3g",
"e3cd6af0-550e-4379-862c-d98f3d62fc6c","STEI_007.basePlot.bet","D05","STEI","STEI_007","N","2015-07-29","2015-08-12","2015-08-13","2015-12-15",,"STEI_007.N.20150812","uTVelW27vZSu1gY219xcTfJgRKofyWRR+jrLmXA7FVE=","invert bycatch",,,,,,,,,,"Syw2LXB/pj+fmGCuwdgBGVryVUmYhw3g",
"79780570-face-477a-b0ba-b6615cfd3684","STEI_002.basePlot.bet","D05","STEI","STEI_002","N","2015-07-29","2015-08-12","2015-08-13","2015-12-15","2015-12-15","STEI_002.N.20150812","aZO6SdKsrBwpriIgpWySn1Ri/OyN+c/eVESCUUaxaQI=","carabid","SYNIMP","Synuchus impunctatus","species",,"Say",,1,"Lindroth, C. H. 1969. The ground-beetles (Carabidae, excl. Cicindelinae) of Canada and Alaska, parts 1-6. Opuscula E. Entomoligiska Sallskapet.","Syw2LXB/pj+fmGCuwdgBGVryVUmYhw3g","Syw2LXB/pj+fmGCuwdgBGVryVUmYhw3g",
"644b997c-13f2-41cd-8b24-cb4346f6c1f4","STEI_002.basePlot.bet","D05","STEI","STEI_002","N","2015-07-29","2015-08-12","2015-08-13","2015-12-15","2015-12-15","STEI_002.N.20150812","aZO6SdKsrBwpriIgpWySn4KI9iwSGA9e/0tkXc6BgS8=","carabid","PTEMEL","Pterostichus melanarius melanarius","subspecies",,"Illiger",,1,"Bousquet, Y. 2010b. Illustrated Identification Guide to Adults and Larvae of Northeastern North American Ground Beetles (Coleoptera: Carabidae). 1st Ed. Pensoft Publishers, Sofia, Bulgaria.","Syw2LXB/pj+fmGCuwdgBGVryVUmYhw3g","Syw2LXB/pj+fmGCuwdgBGVryVUmYhw3g",
"96a8f444-14df-4c6d-b284-43adf024a96f","STEI_002.basePlot.bet","D05","STEI","STEI_002","N","2015-07-29","2015-08-12","2015-08-13","2015-12-15","2015-12-15","STEI_002.N.20150812","aZO6SdKsrBwpriIgpWySn7suw0JBPVSNXuasSHgNf5c=","carabid","PTENOV","Pterostichus novus","species","cf. species","Straneo",,2,"Bousquet, Y. 2010b. Illustrated Identification Guide to Adults and Larvae of Northeastern North American Ground Beetles (Coleoptera: Carabidae). 1st Ed. Pensoft Publishers, Sofia, Bulgaria.","Syw2LXB/pj+fmGCuwdgBGVryVUmYhw3g","Syw2LXB/pj+fmGCuwdgBGVryVUmYhw3g",
"138fed9b-fcf6-4316-9baf-b8586eaaac7d","STEI_002.basePlot.bet","D05","STEI","STEI_002","N","2015-07-29","2015-08-12","2015-08-13","2015-12-15",,"STEI_002.N.20150812","aZO6SdKsrBwpriIgpWySn64m2gcwo9Ji+Mvn332OQgQ=","invert bycatch",,,,,,,,,,"Syw2LXB/pj+fmGCuwdgBGVryVUmYhw3g",
"914495d2-f422-4c05-a41c-f38e9d8fb272","STEI_022.basePlot.bet","D05","STEI","STEI_022","N","2015-07-29","2015-08-12","2015-08-13","2015-12-15",,"STEI_022.N.20150812","HE/LDGsDHdr6H3ufP3RpKuUwetXsXlGUXS+StiD3c0g=","invert bycatch",,,,,,,,,,"Syw2LXB/pj+fmGCuwdgBGVryVUmYhw3g",
"07240980-cc9b-4373-b39e-c918212123ff","STEI_004.basePlot.bet","D05","STEI","STEI_004","N","2015-07-29","2015-08-12","2015-08-13","2015-12-15","2015-12-17","STEI_004.N.20150812","kIMktcbzaDfuG2WJ9KGF5kARrrgISpNHGma72uLliXQ=","carabid","PTENOV","Pterostichus novus","species","cf. species","Straneo",,2,"Bousquet, Y. 2010b. Illustrated Identification Guide to Adults and Larvae of Northeastern North American Ground Beetles (Coleoptera: Carabidae). 1st Ed. Pensoft Publishers, Sofia, Bulgaria.","Syw2LXB/pj+fmGCuwdgBGVryVUmYhw3g","Syw2LXB/pj+fmGCuwdgBGVryVUmYhw3g","Could be PTECOR1"
"dacc16a2-0c1f-448d-ac8f-43822c21bb32","STEI_004.basePlot.bet","D05","STEI","STEI_004","N","2015-07-29","2015-08-12","2015-08-13","2015-12-15",,"STEI_004.N.20150812","kIMktcbzaDfuG2WJ9KGF5hEwosPZB+du3YwePBLVY6I=","invert bycatch",,,,,,,,,,"Syw2LXB/pj+fmGCuwdgBGVryVUmYhw3g",
"cedeb6c9-a4d8-40f0-86e9-1aa18b43820d","STEI_004.basePlot.bet","D05","STEI","STEI_004","N","2015-07-29","2015-08-12","2015-08-13","2015-12-15","2015-12-17","STEI_004.N.20150812","kIMktcbzaDfuG2WJ9KGF5jCeMwe3SuIsOxryG0uOdDk=","carabid","PTEMEL","Pterostichus melanarius melanarius","subspecies",,"Illiger",,2,"Bousquet, Y. 2010b. Illustrated Identification Guide to Adults and Larvae of Northeastern North American Ground Beetles (Coleoptera: Carabidae). 1st Ed. Pensoft Publishers, Sofia, Bulgaria.","Syw2LXB/pj+fmGCuwdgBGVryVUmYhw3g","Syw2LXB/pj+fmGCuwdgBGVryVUmYhw3g",
"6a2e7bc9-19e5-4fd1-9d9f-8f627c989f5c","STEI_004.basePlot.bet","D05","STEI","STEI_004","N","2015-07-29","2015-08-12","2015-08-13","2015-12-15","2015-12-17","STEI_004.N.20150812","kIMktcbzaDfuG2WJ9KGF5iVe85rqCEsVWT1ZGyajFs0=","carabid","CALGRE","Calathus gregarius","species",,"Say",,1,"Bousquet, Y. 2010b. Illustrated Identification Guide to Adults and Larvae of Northeastern North American Ground Beetles (Coleoptera: Carabidae). 1st Ed. Pensoft Publishers, Sofia, Bulgaria.","Syw2LXB/pj+fmGCuwdgBGVryVUmYhw3g","Syw2LXB/pj+fmGCuwdgBGVryVUmYhw3g",
"c9b70f5b-9196-4234-b58a-87320acf3c87","STEI_003.basePlot.bet","D05","STEI","STEI_003","N","2015-07-29","2015-08-12","2015-08-13","2015-12-15","2015-12-17","STEI_003.N.20150812","DWUoTzNcbNmeQ3BMYR7VXtZ+5oCuEjNKW3okbkh44J4=","carabid","CALGRE","Calathus gregarius","species","cf. species","Say",,2,"Bousquet, Y. 2010b. Illustrated Identification Guide to Adults and Larvae of Northeastern North American Ground Beetles (Coleoptera: Carabidae). 1st Ed. Pensoft Publishers, Sofia, Bulgaria.","Syw2LXB/pj+fmGCuwdgBGVryVUmYhw3g","Syw2LXB/pj+fmGCuwdgBGVryVUmYhw3g","Could be CALING"
"a687a853-9cad-4589-aa0e-6c47a4db622e","STEI_003.basePlot.bet","D05","STEI","STEI_003","N","2015-07-29","2015-08-12","2015-08-13","2015-12-15","2015-12-17","STEI_003.N.20150812","DWUoTzNcbNmeQ3BMYR7VXnU9xe5MuM7mTn1E7vD44i8=","carabid","PTENOV","Pterostichus novus","species","cf. species","Straneo",,4,"Bousquet, Y. 2010b. Illustrated Identification Guide to Adults and Larvae of Northeastern North American Ground Beetles (Coleoptera: Carabidae). 1st Ed. Pensoft Publishers, Sofia, Bulgaria.","Syw2LXB/pj+fmGCuwdgBGVryVUmYhw3g","Syw2LXB/pj+fmGCuwdgBGVryVUmYhw3g","Could be PTECOR1"
"9358fc80-d6ac-417a-8a8c-975b0e4807c2","STEI_003.basePlot.bet","D05","STEI","STEI_003","N","2015-07-29","2015-08-12","2015-08-13","2015-12-15",,"STEI_003.N.20150812","DWUoTzNcbNmeQ3BMYR7VXosPBa7Xa3JQD9NSOuDV9bA=","invert bycatch",,,,,,,,,,"Syw2LXB/pj+fmGCuwdgBGVryVUmYhw3g",
"00cc5563-d3d8-4115-810e-c6ed6aa364a3","STEI_003.basePlot.bet","D05","STEI","STEI_003","N","2015-07-29","2015-08-12","2015-08-13","2015-12-15","2015-12-17","STEI_003.N.20150812","DWUoTzNcbNmeQ3BMYR7VXnn3tfbwwLdX3MMgbtmGPgM=","carabid","SYNIMP","Synuchus impunctatus","species",,"Say",,4,"Lindroth, C. H. 1969. The ground-beetles (Carabidae, excl. Cicindelinae) of Canada and Alaska, parts 1-6. Opuscula E. Entomoligiska Sallskapet.","Syw2LXB/pj+fmGCuwdgBGVryVUmYhw3g","Syw2LXB/pj+fmGCuwdgBGVryVUmYhw3g",
"e404871e-499c-4a8c-8495-5cf28467cc95","STEI_009.basePlot.bet","D05","STEI","STEI_009","N","2015-07-29","2015-08-12","2015-08-13","2015-12-15",,"STEI_009.N.20150812","IGPPmzEoPocjQ+lInSguXuvu9JtBdgyTLBC8pIPbFrk=","invert bycatch",,,,,,,,,,"Syw2LXB/pj+fmGCuwdgBGVryVUmYhw3g",
"baa11df2-47c7-4acc-9171-862b39cc7365","STEI_009.basePlot.bet","D05","STEI","STEI_009","N","2015-07-29","2015-08-12","2015-08-13","2015-12-15","2015-12-17","STEI_009.N.20150812","IGPPmzEoPocjQ+lInSguXkUT/JWOvjjcw6o4myv3Zx8=","carabid","PTENOV","Pterostichus novus","species","cf. species","Straneo",,4,"Bousquet, Y. 2010b. Illustrated Identification Guide to Adults and Larvae of Northeastern North American Ground Beetles (Coleoptera: Carabidae). 1st Ed. Pensoft Publishers, Sofia, Bulgaria.","Syw2LXB/pj+fmGCuwdgBGVryVUmYhw3g","Syw2LXB/pj+fmGCuwdgBGVryVUmYhw3g","Could be PTECOR1"
"e0277b8d-91e5-429b-b10f-493b732d2d79","STEI_006.basePlot.bet","D05","STEI","STEI_006","N","2015-07-29","2015-08-12","2015-08-13","2015-12-15","2015-12-17","STEI_006.N.20150812","FSczGbn18rSt2juvow/4B035QeMk2XZtzSkIaomTPe8=","carabid","PTEMEL","Pterostichus melanarius melanarius","subspecies",,"Illiger",,5,"Bousquet, Y. 2010b. Illustrated Identification Guide to Adults and Larvae of Northeastern North American Ground Beetles (Coleoptera: Carabidae). 1st Ed. Pensoft Publishers, Sofia, Bulgaria.","Syw2LXB/pj+fmGCuwdgBGVryVUmYhw3g","Syw2LXB/pj+fmGCuwdgBGVryVUmYhw3g",
"0034dc08-3aae-4b92-b56b-f23d1a692169","STEI_006.basePlot.bet","D05","STEI","STEI_006","N","2015-07-29","2015-08-12","2015-08-13","2015-12-15",,"STEI_006.N.20150812","FSczGbn18rSt2juvow/4BwBaOyN7ZRyfVg3pVzfRp7Y=","invert bycatch",,,,,,,,,,"Syw2LXB/pj+fmGCuwdgBGVryVUmYhw3g",
"9d094196-e513-453d-85a5-b5f08c7de55d","STEI_005.basePlot.bet","D05","STEI","STEI_005","N","2015-07-29","2015-08-12","2015-08-13","2015-12-15","2015-12-17","STEI_005.N.20150812","qriLSsXGHEzjCaxNiL0KKqwqTGu0D8f64y97IHWweLw=","carabid","PTEMEL","Pterostichus melanarius melanarius","subspecies",,"Illiger",,4,"Bousquet, Y. 2010b. Illustrated Identification Guide to Adults and Larvae of Northeastern North American Ground Beetles (Coleoptera: Carabidae). 1st Ed. Pensoft Publishers, Sofia, Bulgaria.","Syw2LXB/pj+fmGCuwdgBGVryVUmYhw3g","Syw2LXB/pj+fmGCuwdgBGVryVUmYhw3g",
"f2b9b569-c695-48b0-bdfb-ca04d51717b8","STEI_005.basePlot.bet","D05","STEI","STEI_005","N","2015-07-29","2015-08-12","2015-08-13","2015-12-15",,"STEI_005.N.20150812","qriLSsXGHEzjCaxNiL0KKm82UokA2V3i9+gpAq5rO04=","invert bycatch",,,,,,,,,,"Syw2LXB/pj+fmGCuwdgBGVryVUmYhw3g",
"38afbce2-0c43-4b84-85c4-28b554d95de8","STEI_008.basePlot.bet","D05","STEI","STEI_008","N","2015-07-29","2015-08-12","2015-08-13","2015-12-15",,"STEI_008.N.20150812","RJLsXNaoVcvDSyLERhERUfgAve/cZ5/MWmt0iNHYjKk=","invert bycatch",,,,,,,,,,"Syw2LXB/pj+fmGCuwdgBGVryVUmYhw3g",
"9918256f-3f59-46de-81f3-7ffab26e1a71","STEI_007.basePlot.bet","D05","STEI","STEI_007","S","2015-07-29","2015-08-12","2015-08-13","2015-12-15","2015-12-17","STEI_007.S.20150812","uTVelW27vZQ7JWI5SUEaWQ3I8WnsjvH2Bmnw2RS62Z4=","carabid","PTENOV","Pterostichus novus","species","cf. species","Straneo",,4,"Bousquet, Y. 2010b. Illustrated Identification Guide to Adults and Larvae of Northeastern North American Ground Beetles (Coleoptera: Carabidae). 1st Ed. Pensoft Publishers, Sofia, Bulgaria.","Syw2LXB/pj+fmGCuwdgBGVryVUmYhw3g","Syw2LXB/pj+fmGCuwdgBGVryVUmYhw3g","Could be PTECOR1"
"fd7729df-6c48-4813-b29d-2169a35856a5","STEI_007.basePlot.bet","D05","STEI","STEI_007","S","2015-07-29","2015-08-12","2015-08-13","2015-12-15","2015-12-17","STEI_007.S.20150812","uTVelW27vZQ7JWI5SUEaWR5FwNhCHapv5XIaYyjUh6c=","carabid","CYMCRI","Cymindis cribricollis","species",,"Dejean",,1,"Lindroth, C. H. 1969. The ground-beetles (Carabidae, excl. Cicindelinae) of Canada and Alaska, parts 1-6. Opuscula E. Entomoligiska Sallskapet.","Syw2LXB/pj+fmGCuwdgBGVryVUmYhw3g","Syw2LXB/pj+fmGCuwdgBGVryVUmYhw3g",
"2a28150f-bb19-49b4-b122-432f75564e83","STEI_001.basePlot.bet","D05","STEI","STEI_001","S","2015-07-29","2015-08-12","2015-08-13","2015-12-15",,"STEI_001.S.20150812","7JlQSbZIlXh5KTkQ3JTuxnqnM55A4F2ZAVM5/ewL2io=","invert bycatch",,,,,,,,,,"Syw2LXB/pj+fmGCuwdgBGVryVUmYhw3g",
"fd7bd6a4-eeef-4345-aa6c-70df35a4a3e1","STEI_002.basePlot.bet","D05","STEI","STEI_002","S","2015-07-29","2015-08-12","2015-08-13","2015-12-15","2015-12-15","STEI_002.S.20150812","aZO6SdKsrByHr+Qz2hBleDgbcq252V1ePLaFcn3qKRI=","carabid","PTEMEL","Pterostichus melanarius melanarius","subspecies",,"Illiger",,15,"Bousquet, Y. 2010b. Illustrated Identification Guide to Adults and Larvae of Northeastern North American Ground Beetles (Coleoptera: Carabidae). 1st Ed. Pensoft Publishers, Sofia, Bulgaria.","Syw2LXB/pj+fmGCuwdgBGVryVUmYhw3g","Syw2LXB/pj+fmGCuwdgBGVryVUmYhw3g",
"47f21068-feb7-467a-8f15-945c4ea3461a","STEI_002.basePlot.bet","D05","STEI","STEI_002","S","2015-07-29","2015-08-12","2015-08-13","2015-12-15",,"STEI_002.S.20150812","aZO6SdKsrByHr+Qz2hBleCH1jpRF2Q4UGQYYQRXUUAM=","invert bycatch",,,,,,,,,,"Syw2LXB/pj+fmGCuwdgBGVryVUmYhw3g",
"29b29ab6-4d45-47ad-a50f-7f7d92fd5089","STEI_007.basePlot.bet","D05","STEI","STEI_007","S","2015-07-29","2015-08-12","2015-08-13","2015-12-15",,"STEI_007.S.20150812","uTVelW27vZQ7JWI5SUEaWVtKF/6snJTe7SQCZ2NzIQI=","invert bycatch",,,,,,,,,,"Syw2LXB/pj+fmGCuwdgBGVryVUmYhw3g",
"87abdf5e-2989-42c9-988d-e1080ee647cd","STEI_007.basePlot.bet","D05","STEI","STEI_007","S","2015-07-29","2015-08-12","2015-08-13","2015-12-15","2015-12-17","STEI_007.S.20150812","uTVelW27vZQ7JWI5SUEaWTqv9DNdl49uvKwu8njcan8=","carabid","SYNIMP","Synuchus impunctatus","species",,"Say",,1,"Lindroth, C. H. 1969. The ground-beetles (Carabidae, excl. Cicindelinae) of Canada and Alaska, parts 1-6. Opuscula E. Entomoligiska Sallskapet.","Syw2LXB/pj+fmGCuwdgBGVryVUmYhw3g","Syw2LXB/pj+fmGCuwdgBGVryVUmYhw3g",
"201211c1-3392-401a-a091-f9e20d159365","STEI_003.basePlot.bet","D05","STEI","STEI_003","S","2015-07-29","2015-08-12","2015-08-13","2015-12-15",,"STEI_003.S.20150812","DWUoTzNcbNk6kJUcD6PmFKvGZFv5gLCKajk6J/aHP6A=","invert bycatch",,,,,,,,,,"Syw2LXB/pj+fmGCuwdgBGVryVUmYhw3g",
"5ca19440-5e28-456e-aff7-097442b2d81f","STEI_003.basePlot.bet","D05","STEI","STEI_003","S","2015-07-29","2015-08-12","2015-08-13","2015-12-15","2015-12-17","STEI_003.S.20150812","DWUoTzNcbNk6kJUcD6PmFAhSrmBW9o0jHeD3nZjDOWU=","carabid","PTEMEL","Pterostichus melanarius melanarius","subspecies",,"Illiger",,5,"Bousquet, Y. 2010b. Illustrated Identification Guide to Adults and Larvae of Northeastern North American Ground Beetles (Coleoptera: Carabidae). 1st Ed. Pensoft Publishers, Sofia, Bulgaria.","Syw2LXB/pj+fmGCuwdgBGVryVUmYhw3g","Syw2LXB/pj+fmGCuwdgBGVryVUmYhw3g",
"9583a372-d579-456a-b9c9-5c0daaf88130","STEI_004.basePlot.bet","D05","STEI","STEI_004","S","2015-07-29","2015-08-12","2015-08-13","2015-12-15","2015-12-17","STEI_004.S.20150812","kIMktcbzaDdggXCszCoRCeT6DAwsXHatUazRtwteFJQ=","carabid","PTECOR1","Pterostichus coracinus","species","cf. species","Newman",,1,"Bousquet, Y. 2010b. Illustrated Identification Guide to Adults and Larvae of Northeastern North American Ground Beetles (Coleoptera: Carabidae). 1st Ed. Pensoft Publishers, Sofia, Bulgaria.","Syw2LXB/pj+fmGCuwdgBGVryVUmYhw3g","Syw2LXB/pj+fmGCuwdgBGVryVUmYhw3g","Could be PTENOV"
"0723ef7a-7e8c-4069-911e-11f33d5f7e3a","STEI_022.basePlot.bet","D05","STEI","STEI_022","S","2015-07-29","2015-08-12","2015-08-13","2015-12-15",,"STEI_022.S.20150812","HE/LDGsDHdriV3WMitxn1pe0k6xglefK/Ez8BJaaP9I=","invert bycatch",,,,,,,,,,"Syw2LXB/pj+fmGCuwdgBGVryVUmYhw3g",
"6e222767-3925-4100-b78b-12b87985a030","STEI_004.basePlot.bet","D05","STEI","STEI_004","S","2015-07-29","2015-08-12","2015-08-13","2015-12-15",,"STEI_004.S.20150812","kIMktcbzaDdggXCszCoRCa6Nq1xbGW+/zuKljSqyXR0=","invert bycatch",,,,,,,,,,"Syw2LXB/pj+fmGCuwdgBGVryVUmYhw3g",
"aff164e4-3600-4282-affc-4a8e05127aed","STEI_003.basePlot.bet","D05","STEI","STEI_003","S","2015-07-29","2015-08-12","2015-08-13","2015-12-15","2015-12-17","STEI_003.S.20150812","DWUoTzNcbNk6kJUcD6PmFK6+K8AGhWM/pMmHai6gnvY=","carabid","PTENOV","Pterostichus novus","species","cf. species","Straneo",,2,"Bousquet, Y. 2010b. Illustrated Identification Guide to Adults and Larvae of Northeastern North American Ground Beetles (Coleoptera: Carabidae). 1st Ed. Pensoft Publishers, Sofia, Bulgaria.","Syw2LXB/pj+fmGCuwdgBGVryVUmYhw3g","Syw2LXB/pj+fmGCuwdgBGVryVUmYhw3g","Could be PTECOR1"
"c2ecbe50-1bbc-4db0-b447-5297d11b21af","STEI_009.basePlot.bet","D05","STEI","STEI_009","S","2015-07-29","2015-08-12","2015-08-13","2015-12-15","2015-12-17","STEI_009.S.20150812","IGPPmzEoPodyxxm204wFgbSRxy1osytox0ONaexLCrE=","carabid","SYNIMP","Synuchus impunctatus","species",,"Say",,3,"Lindroth, C. H. 1969. The ground-beetles (Carabidae, excl. Cicindelinae) of Canada and Alaska, parts 1-6. Opuscula E. Entomoligiska Sallskapet.","Syw2LXB/pj+fmGCuwdgBGVryVUmYhw3g","Syw2LXB/pj+fmGCuwdgBGVryVUmYhw3g",
"638826f5-71af-4bc3-8827-185311c2acd3","STEI_009.basePlot.bet","D05","STEI","STEI_009","S","2015-07-29","2015-08-12","2015-08-13","2015-12-15",,"STEI_009.S.20150812","IGPPmzEoPodyxxm204wFgTDcgmZuGWC6CzL6G1ywo8Q=","invert bycatch",,,,,,,,,,"Syw2LXB/pj+fmGCuwdgBGVryVUmYhw3g",
"f4673ad6-d5cd-489e-bb16-3ef0101a41f9","STEI_003.basePlot.bet","D05","STEI","STEI_003","S","2015-07-29","2015-08-12","2015-08-13","2015-12-15","2015-12-17","STEI_003.S.20150812","DWUoTzNcbNk6kJUcD6PmFM70dyS1z9W4b8oPhxfDos8=","carabid","SYNIMP","Synuchus impunctatus","species",,"Say",,1,"Lindroth, C. H. 1969. The ground-beetles (Carabidae, excl. Cicindelinae) of Canada and Alaska, parts 1-6. Opuscula E. Entomoligiska Sallskapet.","Syw2LXB/pj+fmGCuwdgBGVryVUmYhw3g","Syw2LXB/pj+fmGCuwdgBGVryVUmYhw3g",
"54f71146-521e-4690-9b48-f978618f1736","STEI_009.basePlot.bet","D05","STEI","STEI_009","S","2015-07-29","2015-08-12","2015-08-13","2015-12-15","2015-12-17","STEI_009.S.20150812","IGPPmzEoPodyxxm204wFgfVVrBr1fBMVAFfGWsefPrI=","carabid","PTENOV","Pterostichus novus","species","cf. species","Straneo",,2,"Bousquet, Y. 2010b. Illustrated Identification Guide to Adults and Larvae of Northeastern North American Ground Beetles (Coleoptera: Carabidae). 1st Ed. Pensoft Publishers, Sofia, Bulgaria.","Syw2LXB/pj+fmGCuwdgBGVryVUmYhw3g","Syw2LXB/pj+fmGCuwdgBGVryVUmYhw3g",
"8fc3c192-fe55-4871-9183-def06871cc90","STEI_009.basePlot.bet","D05","STEI","STEI_009","S","2015-07-29","2015-08-12","2015-08-13","2015-12-15","2015-12-17","STEI_009.S.20150812","IGPPmzEoPodyxxm204wFgTbNyPc9CUcJc4jLNIa/Iec=","carabid","PTEMEL","Pterostichus melanarius melanarius","subspecies",,"Illiger",,1,"Bousquet, Y. 2010b. Illustrated Identification Guide to Adults and Larvae of Northeastern North American Ground Beetles (Coleoptera: Carabidae). 1st Ed. Pensoft Publishers, Sofia, Bulgaria.","Syw2LXB/pj+fmGCuwdgBGVryVUmYhw3g","Syw2LXB/pj+fmGCuwdgBGVryVUmYhw3g",
"bb1f28ef-bef9-4aeb-bd0e-fd7eaef40b78","STEI_006.basePlot.bet","D05","STEI","STEI_006","S","2015-07-29","2015-08-12","2015-08-13","2015-12-15",,"STEI_006.S.20150812","FSczGbn18rRn/BfL37sgCvjqwdcqpDb3LLfO0k0INms=","invert bycatch",,,,,,,,,,"Syw2LXB/pj+fmGCuwdgBGVryVUmYhw3g",
"dd5f0ca0-7f00-4caa-8300-922de37cd134","STEI_008.basePlot.bet","D05","STEI","STEI_008","S","2015-07-29","2015-08-12","2015-08-13","2015-12-15","2015-12-17","STEI_008.S.20150812","RJLsXNaoVcuhQq3Wf5N8r6j8Bp3hKKIPAhQjdrezQxg=","carabid","SYNIMP","Synuchus impunctatus","species",,"Say",,1,"Lindroth, C. H. 1969. The ground-beetles (Carabidae, excl. Cicindelinae) of Canada and Alaska, parts 1-6. Opuscula E. Entomoligiska Sallskapet.","Syw2LXB/pj+fmGCuwdgBGVryVUmYhw3g","Syw2LXB/pj+fmGCuwdgBGVryVUmYhw3g",
"052ac3ea-e493-42d4-aef5-fe374d2efe13","STEI_008.basePlot.bet","D05","STEI","STEI_008","S","2015-07-29","2015-08-12","2015-08-13","2015-12-15",,"STEI_008.S.20150812","RJLsXNaoVcuhQq3Wf5N8r7hn0KUuFofGC0pDHnQqBu0=","invert bycatch",,,,,,,,,,"Syw2LXB/pj+fmGCuwdgBGVryVUmYhw3g",
"a17be0c4-a553-4b0e-b9ec-6ec67d13da11","STEI_005.basePlot.bet","D05","STEI","STEI_005","S","2015-07-29","2015-08-12","2015-08-13","2015-12-15",,"STEI_005.S.20150812","qriLSsXGHEzm40g7fPUv3dOziNsKeBSQBFW7bO7c7qw=","invert bycatch",,,,,,,,,,"Syw2LXB/pj+fmGCuwdgBGVryVUmYhw3g",
"9a2d3b2b-19bd-4a4a-b87d-5b7c7125ff31","STEI_006.basePlot.bet","D05","STEI","STEI_006","S","2015-07-29","2015-08-12","2015-08-13","2015-12-15","2015-12-17","STEI_006.S.20150812","FSczGbn18rRn/BfL37sgCuThcvURNZlelbUsMtxHPLI=","carabid","PTEMEL","Pterostichus melanarius melanarius","subspecies",,"Illiger",,2,"Bousquet, Y. 2010b. Illustrated Identification Guide to Adults and Larvae of Northeastern North American Ground Beetles (Coleoptera: Carabidae). 1st Ed. Pensoft Publishers, Sofia, Bulgaria.","Syw2LXB/pj+fmGCuwdgBGVryVUmYhw3g","Syw2LXB/pj+fmGCuwdgBGVryVUmYhw3g",
"aced8017-8523-417c-a95a-4a44067fadef","STEI_008.basePlot.bet","D05","STEI","STEI_008","W","2015-07-29","2015-08-12","2015-08-13","2015-12-15","2015-12-17","STEI_008.W.20150812","RJLsXNaoVcufUNOFH9UGgbxfrH1hX0phNTb1JiN2MDk=","carabid","PTEMEL","Pterostichus melanarius melanarius","subspecies",,"Illiger",,1,"Bousquet, Y. 2010b. Illustrated Identification Guide to Adults and Larvae of Northeastern North American Ground Beetles (Coleoptera: Carabidae). 1st Ed. Pensoft Publishers, Sofia, Bulgaria.","Syw2LXB/pj+fmGCuwdgBGVryVUmYhw3g","Syw2LXB/pj+fmGCuwdgBGVryVUmYhw3g",
"68f3e8ad-7cf9-4d25-8fdd-6219f890261a","STEI_008.basePlot.bet","D05","STEI","STEI_008","W","2015-07-29","2015-08-12","2015-08-13","2015-12-15","2015-12-17","STEI_008.W.20150812","RJLsXNaoVcufUNOFH9UGgRNNd5vT6LLs1XKwG7S6CkM=","carabid","SYNIMP","Synuchus impunctatus","species",,"Say",,1,"Lindroth, C. H. 1969. The ground-beetles (Carabidae, excl. Cicindelinae) of Canada and Alaska, parts 1-6. Opuscula E. Entomoligiska Sallskapet.","Syw2LXB/pj+fmGCuwdgBGVryVUmYhw3g","Syw2LXB/pj+fmGCuwdgBGVryVUmYhw3g",
"4a4a7863-0128-4cbe-9193-e51bcdcee397","STEI_008.basePlot.bet","D05","STEI","STEI_008","W","2015-07-29","2015-08-12","2015-08-13","2015-12-15",,"STEI_008.W.20150812","RJLsXNaoVcufUNOFH9UGgUQnPa3x/u5sYm4m2T5CBu0=","invert bycatch",,,,,,,,,,"Syw2LXB/pj+fmGCuwdgBGVryVUmYhw3g",
"c20e0739-94c9-4c70-90ac-2dde31e15651","STEI_008.basePlot.bet","D05","STEI","STEI_008","W","2015-07-29","2015-08-12","2015-08-13","2015-12-15","2015-12-17","STEI_008.W.20150812","RJLsXNaoVcufUNOFH9UGgV9J785Kvtjd/WX9WrNebOo=","carabid","PTENOV","Pterostichus novus","species","cf. species","Straneo",,2,"Bousquet, Y. 2010b. Illustrated Identification Guide to Adults and Larvae of Northeastern North American Ground Beetles (Coleoptera: Carabidae). 1st Ed. Pensoft Publishers, Sofia, Bulgaria.","Syw2LXB/pj+fmGCuwdgBGVryVUmYhw3g","Syw2LXB/pj+fmGCuwdgBGVryVUmYhw3g","Could be PTECOR1"
"45a030d8-9646-4f32-933f-15013208ffe3","STEI_007.basePlot.bet","D05","STEI","STEI_007","S","2015-08-12","2015-08-26","2015-08-27","2015-12-23","2015-12-28","STEI_007.S.20150826","uTVelW27vZQ7JWI5SUEaWT03FdQhq+tr+7zalWEayo4=","carabid","PTENOV","Pterostichus novus","species","cf. species","Straneo",,3,"Bousquet, Y. 2010b. Illustrated Identification Guide to Adults and Larvae of Northeastern North American Ground Beetles (Coleoptera: Carabidae). 1st Ed. Pensoft Publishers, Sofia, Bulgaria.","Syw2LXB/pj+fmGCuwdgBGVryVUmYhw3g","Syw2LXB/pj+fmGCuwdgBGVryVUmYhw3g","Could be PTECOR1"
"aee81970-f656-4244-9117-2e0bd2091ffc","STEI_002.basePlot.bet","D05","STEI","STEI_002","S","2015-08-12","2015-08-26","2015-08-27","2015-12-18",,"STEI_002.S.20150826","aZO6SdKsrByHr+Qz2hBleHevjULMoXUG8/qe8XkrVK8=","invert bycatch",,,,,,,,,,"Syw2LXB/pj+fmGCuwdgBGVryVUmYhw3g",
"27531ed4-9ba9-4730-8fd6-e5d96ad48bb9","STEI_007.basePlot.bet","D05","STEI","STEI_007","S","2015-08-12","2015-08-26","2015-08-27","2015-12-23","2015-12-28","STEI_007.S.20150826","uTVelW27vZQ7JWI5SUEaWbSFsPGzgQEk7EiclFh6zX0=","carabid","SYNIMP","Synuchus impunctatus","species",,"Say",,1,"Lindroth, C. H. 1969. The ground-beetles (Carabidae, excl. Cicindelinae) of Canada and Alaska, parts 1-6. Opuscula E. Entomoligiska Sallskapet.","Syw2LXB/pj+fmGCuwdgBGVryVUmYhw3g","Syw2LXB/pj+fmGCuwdgBGVryVUmYhw3g",
"2f26346f-a4da-4221-b073-93fe1fd3e42b","STEI_022.basePlot.bet","D05","STEI","STEI_022","S","2015-08-12","2015-08-26","2015-08-27","2015-12-23","2015-12-28","STEI_022.S.20150826","HE/LDGsDHdriV3WMitxn1gtOeZt2cPasLDSuEV/xpcQ=","carabid","AGOGRA","Agonum gratiosum","species",,"Mannerheim",,1,"Bousquet, Y. 2010b. Illustrated Identification Guide to Adults and Larvae of Northeastern North American Ground Beetles (Coleoptera: Carabidae). 1st Ed. Pensoft Publishers, Sofia, Bulgaria.","Syw2LXB/pj+fmGCuwdgBGVryVUmYhw3g","Syw2LXB/pj+fmGCuwdgBGVryVUmYhw3g",
"50286bf3-151e-448c-8533-8cdc869db975","STEI_022.basePlot.bet","D05","STEI","STEI_022","S","2015-08-12","2015-08-26","2015-08-27","2015-12-23",,"STEI_022.S.20150826","HE/LDGsDHdriV3WMitxn1kW8OfWtz03TdjWURg0Y0Lo=","invert bycatch",,,,,,,,,,"Syw2LXB/pj+fmGCuwdgBGVryVUmYhw3g",
"4902d397-741e-4fcd-b237-f8c08ef423e3","STEI_001.basePlot.bet","D05","STEI","STEI_001","S","2015-08-12","2015-08-26","2015-08-27","2015-12-18","2015-12-18","STEI_001.S.20150826","7JlQSbZIlXh5KTkQ3JTuxtNab9jPdsCwQHjQBZiwuvM=","carabid","PTENOV","Pterostichus novus","species","cf. species","Straneo",,1,"Bousquet, Y. 2010b. Illustrated Identification Guide to Adults and Larvae of Northeastern North American Ground Beetles (Coleoptera: Carabidae). 1st Ed. Pensoft Publishers, Sofia, Bulgaria.","Syw2LXB/pj+fmGCuwdgBGVryVUmYhw3g","Syw2LXB/pj+fmGCuwdgBGVryVUmYhw3g","Could be PTECOR1"
"6e9fb776-852a-4e9b-8ca6-b4a8cfdb0b4b","STEI_001.basePlot.bet","D05","STEI","STEI_001","S","2015-08-12","2015-08-26","2015-08-27","2015-12-18",,"STEI_001.S.20150826","7JlQSbZIlXh5KTkQ3JTuxnNl1MZAJqVPoxOrLTu1mTQ=","invert bycatch",,,,,,,,,,"Syw2LXB/pj+fmGCuwdgBGVryVUmYhw3g",
"034d16c0-dde2-493d-b250-f063e7b001c5","STEI_007.basePlot.bet","D05","STEI","STEI_007","S","2015-08-12","2015-08-26","2015-08-27","2015-12-23",,"STEI_007.S.20150826","uTVelW27vZQ7JWI5SUEaWa5hD2LmV23Glau9oRi7UI4=","invert bycatch",,,,,,,,,,"Syw2LXB/pj+fmGCuwdgBGVryVUmYhw3g",
"7efa69df-84c7-4628-8104-b7700c9c18fb","STEI_002.basePlot.bet","D05","STEI","STEI_002","S","2015-08-12","2015-08-26","2015-08-27","2015-12-18","2015-12-21","STEI_002.S.20150826","aZO6SdKsrByHr+Qz2hBleAWboba6EHudFbGBbszyC18=","carabid","PTEMEL","Pterostichus melanarius melanarius","subspecies",,"Illiger",,1,"Bousquet, Y. 2010b. Illustrated Identification Guide to Adults and Larvae of Northeastern North American Ground Beetles (Coleoptera: Carabidae). 1st Ed. Pensoft Publishers, Sofia, Bulgaria.","Syw2LXB/pj+fmGCuwdgBGVryVUmYhw3g","Syw2LXB/pj+fmGCuwdgBGVryVUmYhw3g","This entry was missed while recording data on the sorting datasheet. The locality label indicated that this individual is from this trap however it is possible that the trap ID may be incorrect"
"14ed8aa7-3e50-4b5c-8479-e11bfbd96be2","STEI_005.basePlot.bet","D05","STEI","STEI_005","W","2015-08-12","2015-08-26","2015-08-27","2015-12-23","2015-12-23","STEI_005.W.20150826","qriLSsXGHExkJ0BZQleZ0WGxJfpfqkZNH6F0Cmpyfr4=","carabid","PTENOV","Pterostichus novus","species","cf. species","Straneo",,3,"Bousquet, Y. 2010b. Illustrated Identification Guide to Adults and Larvae of Northeastern North American Ground Beetles (Coleoptera: Carabidae). 1st Ed. Pensoft Publishers, Sofia, Bulgaria.","Syw2LXB/pj+fmGCuwdgBGVryVUmYhw3g","Syw2LXB/pj+fmGCuwdgBGVryVUmYhw3g",
"f63f2e40-af6e-495f-9b97-1d2abdcd5693","STEI_005.basePlot.bet","D05","STEI","STEI_005","W","2015-08-12","2015-08-26","2015-08-27","2015-12-18",,"STEI_005.W.20150826","qriLSsXGHExkJ0BZQleZ0Qa8wDgrfFxQgHFOOtV6OoU=","invert bycatch",,,,,,,,,,"Syw2LXB/pj+fmGCuwdgBGVryVUmYhw3g",
"589e0df5-2a29-4623-9144-70e30a5cc0aa","STEI_006.basePlot.bet","D05","STEI","STEI_006","W","2015-08-12","2015-08-26","2015-08-27","2015-12-23",,"STEI_006.W.20150826","FSczGbn18rTrcqioJIsWAFvr2VTdqKXZrLEpt76qYxY=","invert bycatch",,,,,,,,,,"Syw2LXB/pj+fmGCuwdgBGVryVUmYhw3g",
"0fb803b5-ee4a-40dc-8bb3-db45a1e70e32","STEI_008.basePlot.bet","D05","STEI","STEI_008","W","2015-08-12","2015-08-26","2015-08-27","2015-12-23","2015-12-28","STEI_008.W.20150826","RJLsXNaoVcufUNOFH9UGga3k4nZteilH2NZh/b466Is=","carabid","SYNIMP","Synuchus impunctatus","species",,"Say",,1,"Lindroth, C. H. 1969. The ground-beetles (Carabidae, excl. Cicindelinae) of Canada and Alaska, parts 1-6. Opuscula E. Entomoligiska Sallskapet.","Syw2LXB/pj+fmGCuwdgBGVryVUmYhw3g","Syw2LXB/pj+fmGCuwdgBGVryVUmYhw3g",
"f384fc5f-604d-419d-8f90-694eb9cf6358","STEI_009.basePlot.bet","D05","STEI","STEI_009","W","2015-08-12","2015-08-26","2015-08-27","2015-12-23","2015-12-28","STEI_009.W.20150826","IGPPmzEoPodPzdGs8IqUugfNr0i+7dKQ4KdojoONbUA=","carabid","PTENOV","Pterostichus novus","species","cf. species","Straneo",,1,"Bousquet, Y. 2010b. Illustrated Identification Guide to Adults and Larvae of Northeastern North American Ground Beetles (Coleoptera: Carabidae). 1st Ed. Pensoft Publishers, Sofia, Bulgaria.","Syw2LXB/pj+fmGCuwdgBGVryVUmYhw3g","Syw2LXB/pj+fmGCuwdgBGVryVUmYhw3g","Could be PTECOR1"
"4efb5cbe-9137-4695-aa38-9a0e6c2f1991","STEI_006.basePlot.bet","D05","STEI","STEI_006","W","2015-08-12","2015-08-26","2015-08-27","2015-12-23","2015-12-23","STEI_006.W.20150826","FSczGbn18rTrcqioJIsWAO3XGypewPlB+SeYiNS/YRM=","carabid","PTENOV","Pterostichus novus","species","cf. species","Straneo",,3,"Bousquet, Y. 2010b. Illustrated Identification Guide to Adults and Larvae of Northeastern North American Ground Beetles (Coleoptera: Carabidae). 1st Ed. Pensoft Publishers, Sofia, Bulgaria.","Syw2LXB/pj+fmGCuwdgBGVryVUmYhw3g","Syw2LXB/pj+fmGCuwdgBGVryVUmYhw3g","Could be PTECOR1"
"7cd8d2e2-38bb-4e39-895e-fd69b28865c2","STEI_005.basePlot.bet","D05","STEI","STEI_005","W","2015-08-12","2015-08-26","2015-08-27","2015-12-23","2015-12-23","STEI_005.W.20150826","qriLSsXGHExkJ0BZQleZ0dDp/J9ZK5cxD/D31soKqsU=","carabid","SYNIMP","Synuchus impunctatus","species",,"Say",,3,"Lindroth, C. H. 1969. The ground-beetles (Carabidae, excl. Cicindelinae) of Canada and Alaska, parts 1-6. Opuscula E. Entomoligiska Sallskapet.","Syw2LXB/pj+fmGCuwdgBGVryVUmYhw3g","Syw2LXB/pj+fmGCuwdgBGVryVUmYhw3g",
"ff3087a3-fda3-46a0-afa6-778aeb1f605f","STEI_006.basePlot.bet","D05","STEI","STEI_006","W","2015-08-12","2015-08-26","2015-08-27","2015-12-23","2015-12-23","STEI_006.W.20150826","FSczGbn18rTrcqioJIsWAAU3+9BK0DxZR96dE6FRiag=","carabid","PTEMEL","Pterostichus melanarius melanarius","subspecies",,"Illiger",,1,"Bousquet, Y. 2010b. Illustrated Identification Guide to Adults and Larvae of Northeastern North American Ground Beetles (Coleoptera: Carabidae). 1st Ed. Pensoft Publishers, Sofia, Bulgaria.","Syw2LXB/pj+fmGCuwdgBGVryVUmYhw3g","Syw2LXB/pj+fmGCuwdgBGVryVUmYhw3g",
"6dbc276f-bf64-4cb2-9d55-d192ca070e50","STEI_004.basePlot.bet","D05","STEI","STEI_004","W","2015-08-12","2015-08-26","2015-08-27","2015-12-18","2015-12-23","STEI_004.W.20150826","kIMktcbzaDfopl8XeK6kDhNcxO5dVYbIuQurbkRRPcM=","carabid","PTENOV","Pterostichus novus","species","cf. species","Straneo",,1,"Bousquet, Y. 2010b. Illustrated Identification Guide to Adults and Larvae of Northeastern North American Ground Beetles (Coleoptera: Carabidae). 1st Ed. Pensoft Publishers, Sofia, Bulgaria.","Syw2LXB/pj+fmGCuwdgBGVryVUmYhw3g","Syw2LXB/pj+fmGCuwdgBGVryVUmYhw3g",
"3ddeb5c8-9ee2-4c44-9791-3f28ee9a8980","STEI_004.basePlot.bet","D05","STEI","STEI_004","W","2015-08-12","2015-08-26","2015-08-27","2015-12-18","2015-12-23","STEI_004.W.20150826","kIMktcbzaDfopl8XeK6kDiJhr9SnC6vN4PBspfgeVAA=","carabid","PTEMEL","Pterostichus melanarius melanarius","subspecies",,"Illiger",,4,"Bousquet, Y. 2010b. Illustrated Identification Guide to Adults and Larvae of Northeastern North American Ground Beetles (Coleoptera: Carabidae). 1st Ed. Pensoft Publishers, Sofia, Bulgaria.","Syw2LXB/pj+fmGCuwdgBGVryVUmYhw3g","Syw2LXB/pj+fmGCuwdgBGVryVUmYhw3g",
"b76cc7de-3273-4f60-9b0e-a226a615a3b0","STEI_003.basePlot.bet","D05","STEI","STEI_003","W","2015-08-12","2015-08-26","2015-08-27","2015-12-18","2015-12-21","STEI_003.W.20150826","DWUoTzNcbNkQBXy9/grK1ExUGD2bnxiYoy5nFErJUGg=","carabid","PTEMEL","Pterostichus melanarius melanarius","subspecies",,"Illiger",,1,"Bousquet, Y. 2010b. Illustrated Identification Guide to Adults and Larvae of Northeastern North American Ground Beetles (Coleoptera: Carabidae). 1st Ed. Pensoft Publishers, Sofia, Bulgaria.","Syw2LXB/pj+fmGCuwdgBGVryVUmYhw3g","Syw2LXB/pj+fmGCuwdgBGVryVUmYhw3g",
"d8937456-d84d-476b-b338-01190db7f4d5","STEI_003.basePlot.bet","D05","STEI","STEI_003","W","2015-08-12","2015-08-26","2015-08-27","2015-12-18",,"STEI_003.W.20150826","DWUoTzNcbNkQBXy9/grK1M1snRLZ02LQs6lB3L3tEIg=","invert bycatch",,,,,,,,,,"Syw2LXB/pj+fmGCuwdgBGVryVUmYhw3g",
"97ef24c7-88b1-4e5f-9ea0-a80cb2feaf25","STEI_007.basePlot.bet","D05","STEI","STEI_007","W","2015-08-12","2015-08-26","2015-08-27","2015-12-23","2015-12-28","STEI_007.W.20150826","uTVelW27vZStPB8JLcQTHs2BCBapGY6rucKIOp6BSd4=","carabid","PTENOV","Pterostichus novus","species","cf. species","Straneo",,1,"Bousquet, Y. 2010b. Illustrated Identification Guide to Adults and Larvae of Northeastern North American Ground Beetles (Coleoptera: Carabidae). 1st Ed. Pensoft Publishers, Sofia, Bulgaria.","Syw2LXB/pj+fmGCuwdgBGVryVUmYhw3g","Syw2LXB/pj+fmGCuwdgBGVryVUmYhw3g","Could be PTECOR1"
"c535f332-55f0-48d4-bb8b-b5a4c9a77b41","STEI_002.basePlot.bet","D05","STEI","STEI_002","W","2015-08-12","2015-08-26","2015-08-27","2015-12-18","2015-12-21","STEI_002.W.20150826","aZO6SdKsrBwtdgTlLOdz5uojkAQcs4nEo0zPFmvkQ30=","carabid","PTEMEL","Pterostichus melanarius melanarius","subspecies",,"Illiger",,1,"Bousquet, Y. 2010b. Illustrated Identification Guide to Adults and Larvae of Northeastern North American Ground Beetles (Coleoptera: Carabidae). 1st Ed. Pensoft Publishers, Sofia, Bulgaria.","Syw2LXB/pj+fmGCuwdgBGVryVUmYhw3g","Syw2LXB/pj+fmGCuwdgBGVryVUmYhw3g",
"cbae11b8-e579-4eb0-8e6e-3c0eecd4e24c","STEI_022.basePlot.bet","D05","STEI","STEI_022","W","2015-08-12","2015-08-26","2015-08-27","2015-12-23","2015-12-28","STEI_022.W.20150826","HE/LDGsDHdqWSJE1Gas9mWLztVxxc5LDdN5Tsx0SZnk=","carabid","AGOGRA","Agonum gratiosum","species",,"Mannerheim",,1,"Bousquet, Y. 2010b. Illustrated Identification Guide to Adults and Larvae of Northeastern North American Ground Beetles (Coleoptera: Carabidae). 1st Ed. Pensoft Publishers, Sofia, Bulgaria.","Syw2LXB/pj+fmGCuwdgBGVryVUmYhw3g","Syw2LXB/pj+fmGCuwdgBGVryVUmYhw3g",
"30fd7a90-ce13-4b58-af48-a3f96cfd98b0","STEI_002.basePlot.bet","D05","STEI","STEI_002","W","2015-08-12","2015-08-26","2015-08-27","2015-12-18",,"STEI_002.W.20150826","aZO6SdKsrBwtdgTlLOdz5jBbAJdg6Ye/kAa8ZROX66g=","invert bycatch",,,,,,,,,,"Syw2LXB/pj+fmGCuwdgBGVryVUmYhw3g",
"81f27f68-0ccb-4272-b90b-922d9ebc5a66","STEI_007.basePlot.bet","D05","STEI","STEI_007","W","2015-08-12","2015-08-26","2015-08-27","2015-12-23",,"STEI_007.W.20150826","uTVelW27vZStPB8JLcQTHrI5FskI2hX/IUYVzDiN7dY=","invert bycatch",,,,,,,,,,"Syw2LXB/pj+fmGCuwdgBGVryVUmYhw3g",
"885d1d3e-1cfe-4720-9fa6-908af49e5047","STEI_001.basePlot.bet","D05","STEI","STEI_001","W","2015-08-12","2015-08-26","2015-08-27","2015-12-18","2015-12-18","STEI_001.W.20150826","7JlQSbZIlXhxW2wwuwFcmswlEFBXaDVKgg+SBHUR9fg=","carabid","CALGRE","Calathus gregarius","species",,"Say",,1,"Bousquet, Y. 2010b. Illustrated Identification Guide to Adults and Larvae of Northeastern North American Ground Beetles (Coleoptera: Carabidae). 1st Ed. Pensoft Publishers, Sofia, Bulgaria.","Syw2LXB/pj+fmGCuwdgBGVryVUmYhw3g","Syw2LXB/pj+fmGCuwdgBGVryVUmYhw3g",
"cd50b034-fed9-4580-9f7c-5be42fe4eb50","STEI_007.basePlot.bet","D05","STEI","STEI_007","W","2015-08-12","2015-08-26","2015-08-27","2015-12-23","2015-12-28","STEI_007.W.20150826","uTVelW27vZStPB8JLcQTHvVKfUcVsapRtuTB8EKhWtM=","carabid","SYNIMP","Synuchus impunctatus","species",,"Say",,1,"Lindroth, C. H. 1969. The ground-beetles (Carabidae, excl. Cicindelinae) of Canada and Alaska, parts 1-6. Opuscula E. Entomoligiska Sallskapet.","Syw2LXB/pj+fmGCuwdgBGVryVUmYhw3g","Syw2LXB/pj+fmGCuwdgBGVryVUmYhw3g",
"78e28712-b237-4449-b8d3-a2009bc9a183","STEI_003.basePlot.bet","D05","STEI","STEI_003","W","2015-08-12","2015-08-26","2015-08-27","2015-12-18","2015-12-21","STEI_003.W.20150826","DWUoTzNcbNkQBXy9/grK1M6Q6IHzGgZU/UgAlP0qcZg=","carabid","SYNIMP","Synuchus impunctatus","species",,"Say",,3,"Lindroth, C. H. 1969. The ground-beetles (Carabidae, excl. Cicindelinae) of Canada and Alaska, parts 1-6. Opuscula E. Entomoligiska Sallskapet.","Syw2LXB/pj+fmGCuwdgBGVryVUmYhw3g","Syw2LXB/pj+fmGCuwdgBGVryVUmYhw3g",
"eff6617f-fa04-4dbc-988b-263f5d53cc0b","STEI_009.basePlot.bet","D05","STEI","STEI_009","W","2015-08-12","2015-08-26","2015-08-27","2015-12-23",,"STEI_009.W.20150826","IGPPmzEoPodPzdGs8IqUur8y8C4jQ6UDLdmZDSJdUV4=","invert bycatch",,,,,,,,,,"Syw2LXB/pj+fmGCuwdgBGVryVUmYhw3g",
"27a3a038-bd11-4c8e-a747-bb961991e8fc","STEI_008.basePlot.bet","D05","STEI","STEI_008","W","2015-08-12","2015-08-26","2015-08-27","2015-12-23",,"STEI_008.W.20150826","RJLsXNaoVcufUNOFH9UGgWkPVA/Ud2l0rhQH+3cxK8k=","invert bycatch",,,,,,,,,,"Syw2LXB/pj+fmGCuwdgBGVryVUmYhw3g",
"2bd384a3-1ac1-4748-8f1b-eda4d9b56bda","STEI_004.basePlot.bet","D05","STEI","STEI_004","W","2015-08-12","2015-08-26","2015-08-27","2015-12-18",,"STEI_004.W.20150826","kIMktcbzaDfopl8XeK6kDoPdwAlhJverjw1vqiztt8U=","invert bycatch",,,,,,,,,,"Syw2LXB/pj+fmGCuwdgBGVryVUmYhw3g",
"83694f8d-08fd-4fc3-93e1-aadd204d6f79","STEI_022.basePlot.bet","D05","STEI","STEI_022","W","2015-08-12","2015-08-26","2015-08-27","2015-12-23",,"STEI_022.W.20150826","HE/LDGsDHdqWSJE1Gas9mfXOcgFUeWnVPEIOAwd8zwA=","invert bycatch",,,,,,,,,,"Syw2LXB/pj+fmGCuwdgBGVryVUmYhw3g",
"30822ca3-3802-4337-9a39-799359270b4c","STEI_004.basePlot.bet","D05","STEI","STEI_004","W","2015-08-12","2015-08-26","2015-08-27","2015-12-18","2015-12-23","STEI_004.W.20150826","kIMktcbzaDfopl8XeK6kDqVaf09Py3TJa3Wdh2qHmqs=","carabid","SYNIMP","Synuchus impunctatus","species",,"Say",,1,"Lindroth, C. H. 1969. The ground-beetles (Carabidae, excl. Cicindelinae) of Canada and Alaska, parts 1-6. Opuscula E. Entomoligiska Sallskapet.","Syw2LXB/pj+fmGCuwdgBGVryVUmYhw3g","Syw2LXB/pj+fmGCuwdgBGVryVUmYhw3g",
"495ff85c-f66f-4f25-9baa-95f1fba68f68","STEI_003.basePlot.bet","D05","STEI","STEI_003","W","2015-08-12","2015-08-26","2015-08-27","2015-12-18","2015-12-21","STEI_003.W.20150826","DWUoTzNcbNkQBXy9/grK1Ic4ie0b2YNhDRQyW2wKJSI=","carabid","PTENOV","Pterostichus novus","species","cf. species","Straneo",,1,"Bousquet, Y. 2010b. Illustrated Identification Guide to Adults and Larvae of Northeastern North American Ground Beetles (Coleoptera: Carabidae). 1st Ed. Pensoft Publishers, Sofia, Bulgaria.","Syw2LXB/pj+fmGCuwdgBGVryVUmYhw3g","Syw2LXB/pj+fmGCuwdgBGVryVUmYhw3g","Could be PTECOR1"
"33947c69-573c-4d4f-8600-010d773dfe54","STEI_001.basePlot.bet","D05","STEI","STEI_001","W","2015-08-12","2015-08-26","2015-08-27","2015-12-18","2015-12-18","STEI_001.W.20150826","7JlQSbZIlXhxW2wwuwFcmukd3u4GqcPo5I6sr92GfGM=","carabid","PTEMEL","Pterostichus melanarius melanarius","subspecies",,"Illiger",,4,"Bousquet, Y. 2010b. Illustrated Identification Guide to Adults and Larvae of Northeastern North American Ground Beetles (Coleoptera: Carabidae). 1st Ed. Pensoft Publishers, Sofia, Bulgaria.","Syw2LXB/pj+fmGCuwdgBGVryVUmYhw3g","Syw2LXB/pj+fmGCuwdgBGVryVUmYhw3g",
"0ad7fa80-6d02-4bcf-80fa-4b4266f056a4","STEI_001.basePlot.bet","D05","STEI","STEI_001","W","2015-08-12","2015-08-26","2015-08-27","2015-12-18",,"STEI_001.W.20150826","7JlQSbZIlXhxW2wwuwFcmsZLsdFrsvfjO8MaVy6WnKs=","invert bycatch",,,,,,,,,,"Syw2LXB/pj+fmGCuwdgBGVryVUmYhw3g",
"5719e769-bdbd-42e9-9fa1-29d395c42843","STEI_001.basePlot.bet","D05","STEI","STEI_001","W","2015-08-12","2015-08-26","2015-08-27","2015-12-18","2015-12-18","STEI_001.W.20150826","7JlQSbZIlXhxW2wwuwFcmncCnUshWdxr0dLtPwzSY9A=","carabid","PTENOV","Pterostichus novus","species",,"Straneo",,1,"Bousquet, Y. 2010b. Illustrated Identification Guide to Adults and Larvae of Northeastern North American Ground Beetles (Coleoptera: Carabidae). 1st Ed. Pensoft Publishers, Sofia, Bulgaria.","Syw2LXB/pj+fmGCuwdgBGVryVUmYhw3g","Syw2LXB/pj+fmGCuwdgBGVryVUmYhw3g",
"cb8d6af6-8cdc-47ce-a7ae-4150db772f8a","STEI_005.basePlot.bet","D05","STEI","STEI_005","E","2015-08-12","2015-08-26","2015-08-27","2015-12-18","2015-12-23","STEI_005.E.20150826","qriLSsXGHEzqqgZGGDGOjrdjOwUmdQSNMzorjCwniAQ=","carabid","CALGRE","Calathus gregarius","species","cf. species","Say",,1,"Bousquet, Y. 2010b. Illustrated Identification Guide to Adults and Larvae of Northeastern North American Ground Beetles (Coleoptera: Carabidae). 1st Ed. Pensoft Publishers, Sofia, Bulgaria.","Syw2LXB/pj+fmGCuwdgBGVryVUmYhw3g","Syw2LXB/pj+fmGCuwdgBGVryVUmYhw3g","Differs from other CALGRE in that head pronotum are lighter than elytra"
"e90d7125-46a9-42d7-9f32-5c8faab88c65","STEI_007.basePlot.bet","D05","STEI","STEI_007","E","2015-08-12","2015-08-26","2015-08-27","2015-12-23","2015-12-28","STEI_007.E.20150826","uTVelW27vZRQ0tyYazpzg8r0sG3OQFt8tanSNkKwlJ0=","carabid","PTENOV","Pterostichus novus","species","cf. species","Straneo",,1,"Bousquet, Y. 2010b. Illustrated Identification Guide to Adults and Larvae of Northeastern North American Ground Beetles (Coleoptera: Carabidae). 1st Ed. Pensoft Publishers, Sofia, Bulgaria.","Syw2LXB/pj+fmGCuwdgBGVryVUmYhw3g","Syw2LXB/pj+fmGCuwdgBGVryVUmYhw3g","Could be PTECOR1"
"e7b3fc0e-6c64-4ce6-a58d-10b8e21d3de6","STEI_001.basePlot.bet","D05","STEI","STEI_001","E","2015-08-12","2015-08-26","2015-08-27","2015-12-18","2015-12-18","STEI_001.E.20150826","7JlQSbZIlXilWjgAqnwWzrsGghBK20hX5p3B0hzTId0=","carabid","SYNIMP","Synuchus impunctatus","species",,"Say",,2,"Lindroth, C. H. 1969. The ground-beetles (Carabidae, excl. Cicindelinae) of Canada and Alaska, parts 1-6. Opuscula E. Entomoligiska Sallskapet.","Syw2LXB/pj+fmGCuwdgBGVryVUmYhw3g","Syw2LXB/pj+fmGCuwdgBGVryVUmYhw3g",
"b23e3cad-9135-4f14-a560-af06c399376c","STEI_001.basePlot.bet","D05","STEI","STEI_001","E","2015-08-12","2015-08-26","2015-08-27","2015-12-18","2015-12-18","STEI_001.E.20150826","7JlQSbZIlXilWjgAqnwWzoFIlIrD+eIsxSM/Rn2sa0E=","carabid","PTEMEL","Pterostichus melanarius melanarius","subspecies",,"Illiger",,2,"Bousquet, Y. 2010b. Illustrated Identification Guide to Adults and Larvae of Northeastern North American Ground Beetles (Coleoptera: Carabidae). 1st Ed. Pensoft Publishers, Sofia, Bulgaria.","Syw2LXB/pj+fmGCuwdgBGVryVUmYhw3g","Syw2LXB/pj+fmGCuwdgBGVryVUmYhw3g",
"ba700bfe-cecb-4563-ada8-6a3444d6e8d7","STEI_001.basePlot.bet","D05","STEI","STEI_001","E","2015-08-12","2015-08-26","2015-08-27","2015-12-18",,"STEI_001.E.20150826","7JlQSbZIlXilWjgAqnwWzmd64Icwuv5p8pFSvNEAmfs=","invert bycatch",,,,,,,,,,"Syw2LXB/pj+fmGCuwdgBGVryVUmYhw3g",
"e0f28368-859b-47cb-8198-bafdf308d533","STEI_002.basePlot.bet","D05","STEI","STEI_002","E","2015-08-12","2015-08-26","2015-08-27","2015-12-18","2015-12-21","STEI_002.E.20150826","aZO6SdKsrBzczDPPnkf0n6eCx7W4NatRZ+pEJWajb+M=","carabid","PTEMEL","Pterostichus melanarius melanarius","subspecies",,"Illiger",,3,"Bousquet, Y. 2010b. Illustrated Identification Guide to Adults and Larvae of Northeastern North American Ground Beetles (Coleoptera: Carabidae). 1st Ed. Pensoft Publishers, Sofia, Bulgaria.","Syw2LXB/pj+fmGCuwdgBGVryVUmYhw3g","Syw2LXB/pj+fmGCuwdgBGVryVUmYhw3g",
"18bd255d-fb87-484d-bcbf-54c21252700d","STEI_022.basePlot.bet","D05","STEI","STEI_022","E","2015-08-12","2015-08-26","2015-08-27","2015-12-23",,"STEI_022.E.20150826","HE/LDGsDHdr5PzztQj5XdN/3gaA8Cad4R1bnjnTKxfU=","invert bycatch",,,,,,,,,,"Syw2LXB/pj+fmGCuwdgBGVryVUmYhw3g",
"ae72fb76-c8c3-4d93-b09a-d5b3dae03c47","STEI_002.basePlot.bet","D05","STEI","STEI_002","E","2015-08-12","2015-08-26","2015-08-27","2015-12-18",,"STEI_002.E.20150826","aZO6SdKsrBzczDPPnkf0n2WcKKx2LcgprUXfh2NNn40=","invert bycatch",,,,,,,,,,"Syw2LXB/pj+fmGCuwdgBGVryVUmYhw3g",
"fbbbbf0c-b243-463d-9acc-145657bcb836","STEI_007.basePlot.bet","D05","STEI","STEI_007","E","2015-08-12","2015-08-26","2015-08-27","2015-12-23","2015-12-28","STEI_007.E.20150826","uTVelW27vZRQ0tyYazpzg0Y3ZzXCIGWSPWNcsGjn23U=","carabid","SYNIMP","Synuchus impunctatus","species",,"Say",,1,"Lindroth, C. H. 1969. The ground-beetles (Carabidae, excl. Cicindelinae) of Canada and Alaska, parts 1-6. Opuscula E. Entomoligiska Sallskapet.","Syw2LXB/pj+fmGCuwdgBGVryVUmYhw3g","Syw2LXB/pj+fmGCuwdgBGVryVUmYhw3g",
"9308c968-e345-441c-8787-72f51049760d","STEI_007.basePlot.bet","D05","STEI","STEI_007","E","2015-08-12","2015-08-26","2015-08-27","2015-12-23",,"STEI_007.E.20150826","uTVelW27vZRQ0tyYazpzg2LXn6jxlEBKzev1n4l0fCA=","invert bycatch",,,,,,,,,,"Syw2LXB/pj+fmGCuwdgBGVryVUmYhw3g",
"181827f7-98b6-4841-838b-fdce75aa9cda","STEI_003.basePlot.bet","D05","STEI","STEI_003","E","2015-08-12","2015-08-26","2015-08-27","2015-12-18","2015-12-21","STEI_003.E.20150826","DWUoTzNcbNlDfZbsjlU9vj9Tb4jaDhsKc82JRfe+I7Q=","carabid","SPHSTE1","Sphaeroderus stenostomus lecontei","subspecies",,"Dejean",,1,"Lindroth, C. H. 1969. The ground-beetles (Carabidae, excl. Cicindelinae) of Canada and Alaska, parts 1-6. Opuscula E. Entomoligiska Sallskapet.","Syw2LXB/pj+fmGCuwdgBGVryVUmYhw3g","Syw2LXB/pj+fmGCuwdgBGVryVUmYhw3g",
"d47d6727-dff6-425f-86f2-e9e94cbebde0","STEI_003.basePlot.bet","D05","STEI","STEI_003","E","2015-08-12","2015-08-26","2015-08-27","2015-12-18","2015-12-21","STEI_003.E.20150826","DWUoTzNcbNlDfZbsjlU9vjea/G8v0iFA63u7skilchM=","carabid","PTENOV","Pterostichus novus","species","cf. species","Straneo",,4,"Bousquet, Y. 2010b. Illustrated Identification Guide to Adults and Larvae of Northeastern North American Ground Beetles (Coleoptera: Carabidae). 1st Ed. Pensoft Publishers, Sofia, Bulgaria.","Syw2LXB/pj+fmGCuwdgBGVryVUmYhw3g","Syw2LXB/pj+fmGCuwdgBGVryVUmYhw3g","Could be PTECOR1"
"816e9aec-ff90-427e-80c4-80ade7b4de51","STEI_004.basePlot.bet","D05","STEI","STEI_004","E","2015-08-12","2015-08-26","2015-08-27","2015-12-18","2015-12-23","STEI_004.E.20150826","kIMktcbzaDceqF0M0I5i2bnz4/igCxKrD4ExgqVhYkM=","carabid","PTEMEL","Pterostichus melanarius melanarius","subspecies",,"Illiger",,2,"Bousquet, Y. 2010b. Illustrated Identification Guide to Adults and Larvae of Northeastern North American Ground Beetles (Coleoptera: Carabidae). 1st Ed. Pensoft Publishers, Sofia, Bulgaria.","Syw2LXB/pj+fmGCuwdgBGVryVUmYhw3g","Syw2LXB/pj+fmGCuwdgBGVryVUmYhw3g",
"f9d6b4d5-4a89-4a82-8007-e5f80c094f56","STEI_004.basePlot.bet","D05","STEI","STEI_004","E","2015-08-12","2015-08-26","2015-08-27","2015-12-18",,"STEI_004.E.20150826","kIMktcbzaDceqF0M0I5i2QvymhcgntvEHOGK5COcVBc=","invert bycatch",,,,,,,,,,"Syw2LXB/pj+fmGCuwdgBGVryVUmYhw3g",
"020db63c-02c1-44c6-a0f3-fc26e227cb49","STEI_004.basePlot.bet","D05","STEI","STEI_004","E","2015-08-12","2015-08-26","2015-08-27","2015-12-18","2015-12-23","STEI_004.E.20150826","kIMktcbzaDceqF0M0I5i2SL28jVBWGX42dd7oSOn9b0=","carabid","SYNIMP","Synuchus impunctatus","species",,"Say",,1,"Lindroth, C. H. 1969. The ground-beetles (Carabidae, excl. Cicindelinae) of Canada and Alaska, parts 1-6. Opuscula E. Entomoligiska Sallskapet.","Syw2LXB/pj+fmGCuwdgBGVryVUmYhw3g","Syw2LXB/pj+fmGCuwdgBGVryVUmYhw3g",
"94a513a9-03e9-4607-a6e7-e2d9ba535337","STEI_003.basePlot.bet","D05","STEI","STEI_003","E","2015-08-12","2015-08-26","2015-08-27","2015-12-18","2015-12-21","STEI_003.E.20150826","DWUoTzNcbNlDfZbsjlU9vkKNeJgEQL0L0iYU/o0xeNQ=","carabid","PTEMEL","Pterostichus melanarius melanarius","subspecies",,"Illiger",,1,"Bousquet, Y. 2010b. Illustrated Identification Guide to Adults and Larvae of Northeastern North American Ground Beetles (Coleoptera: Carabidae). 1st Ed. Pensoft Publishers, Sofia, Bulgaria.","Syw2LXB/pj+fmGCuwdgBGVryVUmYhw3g","Syw2LXB/pj+fmGCuwdgBGVryVUmYhw3g",
"c49c958b-c8ed-4b54-81f0-2dd1a7cf07aa","STEI_003.basePlot.bet","D05","STEI","STEI_003","E","2015-08-12","2015-08-26","2015-08-27","2015-12-18","2015-12-21","STEI_003.E.20150826","DWUoTzNcbNlDfZbsjlU9vuzxnO7o6Qwq5TwB5dFKc+U=","carabid","CALGRE","Calathus gregarius","species","cf. species","Say",,2,"Bousquet, Y. 2010b. Illustrated Identification Guide to Adults and Larvae of Northeastern North American Ground Beetles (Coleoptera: Carabidae). 1st Ed. Pensoft Publishers, Sofia, Bulgaria.","Syw2LXB/pj+fmGCuwdgBGVryVUmYhw3g","Syw2LXB/pj+fmGCuwdgBGVryVUmYhw3g","Could be CALING"
"3e0a5a5f-31af-460d-ac84-156381b9d121","STEI_003.basePlot.bet","D05","STEI","STEI_003","E","2015-08-12","2015-08-26","2015-08-27","2015-12-18","2015-12-21","STEI_003.E.20150826","DWUoTzNcbNlDfZbsjlU9vjP1thxxiY6Y8mAoiDM0nqE=","carabid","SYNIMP","Synuchus impunctatus","species",,"Say",,1,"Lindroth, C. H. 1969. The ground-beetles (Carabidae, excl. Cicindelinae) of Canada and Alaska, parts 1-6. Opuscula E. Entomoligiska Sallskapet.","Syw2LXB/pj+fmGCuwdgBGVryVUmYhw3g","Syw2LXB/pj+fmGCuwdgBGVryVUmYhw3g",
"642853cd-7e08-4caa-8637-a50920060cb5","STEI_006.basePlot.bet","D05","STEI","STEI_006","E","2015-08-12","2015-08-26","2015-08-27","2015-12-23",,"STEI_006.E.20150826","FSczGbn18rSQaynL1Ipu94ngWP7AMkMpHRYObAAbD8s=","invert bycatch",,,,,,,,,,"Syw2LXB/pj+fmGCuwdgBGVryVUmYhw3g",
"e4b0377c-6f75-4fbc-af6f-c0092bdd78d5","STEI_009.basePlot.bet","D05","STEI","STEI_009","E","2015-08-12","2015-08-26","2015-08-27","2015-12-23",,"STEI_009.E.20150826","IGPPmzEoPofO8xCWuBZ7OFuFGinqQtuE0d5cTOwaSz4=","invert bycatch",,,,,,,,,,"Syw2LXB/pj+fmGCuwdgBGVryVUmYhw3g",
"3aa5b0b3-5172-40c3-ba10-bb1dfc05570c","STEI_009.basePlot.bet","D05","STEI","STEI_009","E","2015-08-12","2015-08-26","2015-08-27","2015-12-23","2015-12-28","STEI_009.E.20150826","IGPPmzEoPofO8xCWuBZ7OO8eDQeIeWkBPISWqfsAUFc=","carabid","SYNIMP","Synuchus impunctatus","species",,"Say",,2,"Lindroth, C. H. 1969. The ground-beetles (Carabidae, excl. Cicindelinae) of Canada and Alaska, parts 1-6. Opuscula E. Entomoligiska Sallskapet.","Syw2LXB/pj+fmGCuwdgBGVryVUmYhw3g","Syw2LXB/pj+fmGCuwdgBGVryVUmYhw3g",
"7bb60177-db34-438a-8f18-3d92b0154569","STEI_003.basePlot.bet","D05","STEI","STEI_003","E","2015-08-12","2015-08-26","2015-08-27","2015-12-18",,"STEI_003.E.20150826","DWUoTzNcbNlDfZbsjlU9vkcfCqssSmq9xXizu3qIIdg=","invert bycatch",,,,,,,,,,"Syw2LXB/pj+fmGCuwdgBGVryVUmYhw3g",
"1879c12a-84a6-4eb6-a0c8-c03a645cc0b7","STEI_008.basePlot.bet","D05","STEI","STEI_008","E","2015-08-12","2015-08-26","2015-08-27","2015-12-23","2015-12-28","STEI_008.E.20150826","RJLsXNaoVctHu0/r1mZQZK5S9fARYF+mLUmbFK+G1Z4=","carabid","PTETRI3","Pterostichus tristis","species","cf. species","Dejean",,1,"Bousquet, Y. 2010b. Illustrated Identification Guide to Adults and Larvae of Northeastern North American Ground Beetles (Coleoptera: Carabidae). 1st Ed. Pensoft Publishers, Sofia, Bulgaria.","Syw2LXB/pj+fmGCuwdgBGVryVUmYhw3g","Syw2LXB/pj+fmGCuwdgBGVryVUmYhw3g","Could be PTEADO"
"8e122586-ae21-45d2-a919-4421234438e5","STEI_008.basePlot.bet","D05","STEI","STEI_008","E","2015-08-12","2015-08-26","2015-08-27","2015-12-23",,"STEI_008.E.20150826","RJLsXNaoVctHu0/r1mZQZBB9H1egZj9fVTzUEn5IKrI=","invert bycatch",,,,,,,,,,"Syw2LXB/pj+fmGCuwdgBGVryVUmYhw3g",
"35f144cc-1e35-4b81-a9fd-9d824415b66b","STEI_005.basePlot.bet","D05","STEI","STEI_005","E","2015-08-12","2015-08-26","2015-08-27","2015-12-18","2015-12-23","STEI_005.E.20150826","qriLSsXGHEzqqgZGGDGOjlbIQzHkq79i756HwgHZB4g=","carabid","SYNIMP","Synuchus impunctatus","species",,"Say",,1,"Lindroth, C. H. 1969. The ground-beetles (Carabidae, excl. Cicindelinae) of Canada and Alaska, parts 1-6. Opuscula E. Entomoligiska Sallskapet.","Syw2LXB/pj+fmGCuwdgBGVryVUmYhw3g","Syw2LXB/pj+fmGCuwdgBGVryVUmYhw3g",
"69ef9f76-96f5-4e0a-9cfb-463745cbde0b","STEI_005.basePlot.bet","D05","STEI","STEI_005","E","2015-08-12","2015-08-26","2015-08-27","2015-12-18",,"STEI_005.E.20150826","qriLSsXGHEzqqgZGGDGOjpKJJXMtHFD/cY2CgQUAUMw=","invert bycatch",,,,,,,,,,"Syw2LXB/pj+fmGCuwdgBGVryVUmYhw3g",
"c720abf7-12fc-4f7f-a53a-4a008f82973f","STEI_008.basePlot.bet","D05","STEI","STEI_008","N","2015-08-12","2015-08-26","2015-08-27","2015-12-23",,"STEI_008.N.20150826","RJLsXNaoVcvDSyLERhERUQmlgUXAZmk8fsSW4qpj7iM=","invert bycatch",,,,,,,,,,"Syw2LXB/pj+fmGCuwdgBGVryVUmYhw3g",
"6b625b33-13e5-471f-84ee-7351c0440794","STEI_005.basePlot.bet","D05","STEI","STEI_005","N","2015-08-12","2015-08-26","2015-08-27","2015-12-18",,"STEI_005.N.20150826","qriLSsXGHEzjCaxNiL0KKvQ4flPDzhj1o1JBl8Inf38=","invert bycatch",,,,,,,,,,"Syw2LXB/pj+fmGCuwdgBGVryVUmYhw3g",
"70b1573d-2ea0-4ac4-91ed-c31549da10a3","STEI_006.basePlot.bet","D05","STEI","STEI_006","N","2015-08-12","2015-08-26","2015-08-27","2015-12-23",,"STEI_006.N.20150826","FSczGbn18rSt2juvow/4B/tqqKQB9ojreAB6/j5lHjk=","invert bycatch",,,,,,,,,,"Syw2LXB/pj+fmGCuwdgBGVryVUmYhw3g",
"fae7ab2c-1b53-4965-b55b-87c0fbc8e09b","STEI_006.basePlot.bet","D05","STEI","STEI_006","N","2015-08-12","2015-08-26","2015-08-27","2015-12-23","2015-12-23","STEI_006.N.20150826","FSczGbn18rSt2juvow/4B4b5OhhEBvmSX2+ziQ1hIZI=","carabid","PTEMEL","Pterostichus melanarius melanarius","subspecies",,"Illiger",,3,"Bousquet, Y. 2010b. Illustrated Identification Guide to Adults and Larvae of Northeastern North American Ground Beetles (Coleoptera: Carabidae). 1st Ed. Pensoft Publishers, Sofia, Bulgaria.","Syw2LXB/pj+fmGCuwdgBGVryVUmYhw3g","Syw2LXB/pj+fmGCuwdgBGVryVUmYhw3g",
"82e5c9d2-7f5b-4c30-8e33-a437da08b8c6","STEI_009.basePlot.bet","D05","STEI","STEI_009","N","2015-08-12","2015-08-26","2015-08-27","2015-12-23",,"STEI_009.N.20150826","IGPPmzEoPocjQ+lInSguXkEY6Ym3RyCoYkWruLOzD0Q=","invert bycatch",,,,,,,,,,"Syw2LXB/pj+fmGCuwdgBGVryVUmYhw3g",
"89e41b96-4c2b-4d7a-946f-38d2fe783701","STEI_003.basePlot.bet","D05","STEI","STEI_003","N","2015-08-12","2015-08-26","2015-08-27","2015-12-18","2015-12-21","STEI_003.N.20150826","DWUoTzNcbNmeQ3BMYR7VXgLwjk6+7nyYWtNy2PG2/Bc=","carabid","SYNIMP","Synuchus impunctatus","species",,"Say",,2,"Lindroth, C. H. 1969. The ground-beetles (Carabidae, excl. Cicindelinae) of Canada and Alaska, parts 1-6. Opuscula E. Entomoligiska Sallskapet.","Syw2LXB/pj+fmGCuwdgBGVryVUmYhw3g","Syw2LXB/pj+fmGCuwdgBGVryVUmYhw3g",
"e9a5b5c3-9dbc-4af8-8e65-ebf58a513d3b","STEI_004.basePlot.bet","D05","STEI","STEI_004","N","2015-08-12","2015-08-26","2015-08-27","2015-12-18","2015-12-23","STEI_004.N.20150826","kIMktcbzaDfuG2WJ9KGF5py24rXr6nEk5HIPbcdeK4g=","carabid","PTEMEL","Pterostichus melanarius melanarius","subspecies",,"Illiger",,2,"Bousquet, Y. 2010b. Illustrated Identification Guide to Adults and Larvae of Northeastern North American Ground Beetles (Coleoptera: Carabidae). 1st Ed. Pensoft Publishers, Sofia, Bulgaria.","Syw2LXB/pj+fmGCuwdgBGVryVUmYhw3g","Syw2LXB/pj+fmGCuwdgBGVryVUmYhw3g",
"4a761699-a538-49b8-b243-69d4c086b294","STEI_003.basePlot.bet","D05","STEI","STEI_003","N","2015-08-12","2015-08-26","2015-08-27","2015-12-18",,"STEI_003.N.20150826","DWUoTzNcbNmeQ3BMYR7VXvl/VfWqhywwmHzKAcIYStw=","invert bycatch",,,,,,,,,,"Syw2LXB/pj+fmGCuwdgBGVryVUmYhw3g",
"d305f051-f785-4b31-81e6-b70e1ef6da9e","STEI_004.basePlot.bet","D05","STEI","STEI_004","N","2015-08-12","2015-08-26","2015-08-27","2015-12-18","2015-12-23","STEI_004.N.20150826","kIMktcbzaDfuG2WJ9KGF5vCr+c+VRiTeym0F/+nuSns=","carabid","SYNIMP","Synuchus impunctatus","species",,"Say",,2,"Lindroth, C. H. 1969. The ground-beetles (Carabidae, excl. Cicindelinae) of Canada and Alaska, parts 1-6. Opuscula E. Entomoligiska Sallskapet.","Syw2LXB/pj+fmGCuwdgBGVryVUmYhw3g","Syw2LXB/pj+fmGCuwdgBGVryVUmYhw3g",
"e9a24c24-abd5-4c3c-a6c2-31ffb2250cb7","STEI_004.basePlot.bet","D05","STEI","STEI_004","N","2015-08-12","2015-08-26","2015-08-27","2015-12-18",,"STEI_004.N.20150826","kIMktcbzaDfuG2WJ9KGF5qYdBZAL/XHyMko+w8IEOhs=","invert bycatch",,,,,,,,,,"Syw2LXB/pj+fmGCuwdgBGVryVUmYhw3g",
"e2afd275-4274-434a-83db-26106a80c483","STEI_022.basePlot.bet","D05","STEI","STEI_022","N","2015-08-12","2015-08-26","2015-08-27","2015-12-23","2015-12-28","STEI_022.N.20150826","HE/LDGsDHdr6H3ufP3RpKtyD5pbiEK+0kK3eWAAgKKE=","carabid","PTENOV","Pterostichus novus","species","cf. species","Straneo",,1,"Bousquet, Y. 2010b. Illustrated Identification Guide to Adults and Larvae of Northeastern North American Ground Beetles (Coleoptera: Carabidae). 1st Ed. Pensoft Publishers, Sofia, Bulgaria.","Syw2LXB/pj+fmGCuwdgBGVryVUmYhw3g","Syw2LXB/pj+fmGCuwdgBGVryVUmYhw3g","Could be PTECOR1"
"3dff8cfc-e55e-48b0-bb28-53b671d402a0","STEI_022.basePlot.bet","D05","STEI","STEI_022","N","2015-08-12","2015-08-26","2015-08-27","2015-12-23",,"STEI_022.N.20150826","HE/LDGsDHdr6H3ufP3RpKpABuKxqLzLi3Yj5SroGSug=","invert bycatch",,,,,,,,,,"Syw2LXB/pj+fmGCuwdgBGVryVUmYhw3g",
"213586ad-465b-44e3-a5a4-ac7fd5e2ec22","STEI_002.basePlot.bet","D05","STEI","STEI_002","N","2015-08-12","2015-08-26","2015-08-27","2015-12-18","2015-12-21","STEI_002.N.20150826","aZO6SdKsrBwpriIgpWySn6pDoz3GKsIeEA9c9JEA3rg=","carabid","SPHSTE1","Sphaeroderus stenostomus lecontei","subspecies",,"Dejean",,1,"Lindroth, C. H. 1969. The ground-beetles (Carabidae, excl. Cicindelinae) of Canada and Alaska, parts 1-6. Opuscula E. Entomoligiska Sallskapet.","Syw2LXB/pj+fmGCuwdgBGVryVUmYhw3g","Syw2LXB/pj+fmGCuwdgBGVryVUmYhw3g",
"a4acd849-2a20-46bf-b65d-7d3bf35b3b34","STEI_002.basePlot.bet","D05","STEI","STEI_002","N","2015-08-12","2015-08-26","2015-08-27","2015-12-18","2015-12-21","STEI_002.N.20150826","aZO6SdKsrBwpriIgpWySn5k2xtJMwPFYBzp7R9ajBs4=","carabid","PTEMEL","Pterostichus melanarius melanarius","subspecies",,"Illiger",,6,"Bousquet, Y. 2010b. Illustrated Identification Guide to Adults and Larvae of Northeastern North American Ground Beetles (Coleoptera: Carabidae). 1st Ed. Pensoft Publishers, Sofia, Bulgaria.","Syw2LXB/pj+fmGCuwdgBGVryVUmYhw3g","Syw2LXB/pj+fmGCuwdgBGVryVUmYhw3g",
"2346d0f1-50c0-4c07-8fac-2a511e4fe070","STEI_002.basePlot.bet","D05","STEI","STEI_002","N","2015-08-12","2015-08-26","2015-08-27","2015-12-18",,"STEI_002.N.20150826","aZO6SdKsrBwpriIgpWySn8KcTyttDCxymD/LAVaU9e8=","invert bycatch",,,,,,,,,,"Syw2LXB/pj+fmGCuwdgBGVryVUmYhw3g",
"93ea7882-8bc1-4431-b1ec-e5215ded8ae1","STEI_007.basePlot.bet","D05","STEI","STEI_007","N","2015-08-12","2015-08-26","2015-08-27","2015-12-23",,"STEI_007.N.20150826","uTVelW27vZSu1gY219xcTcycIR9nSTeD+RT/YL6T5Rk=","invert bycatch",,,,,,,,,,"Syw2LXB/pj+fmGCuwdgBGVryVUmYhw3g",
"27a590b6-c557-4cbf-88e9-6d1e624895f4","STEI_001.basePlot.bet","D05","STEI","STEI_001","N","2015-08-12","2015-08-26","2015-08-27","2015-12-18","2015-12-18","STEI_001.N.20150826","7JlQSbZIlXhtt3ir6xZ4H/cOLHA1G1CXE1F5pzDFadc=","carabid","PTEMEL","Pterostichus melanarius melanarius","subspecies",,"Illiger",,3,"Bousquet, Y. 2010b. Illustrated Identification Guide to Adults and Larvae of Northeastern North American Ground Beetles (Coleoptera: Carabidae). 1st Ed. Pensoft Publishers, Sofia, Bulgaria.","Syw2LXB/pj+fmGCuwdgBGVryVUmYhw3g","Syw2LXB/pj+fmGCuwdgBGVryVUmYhw3g",
"a70a6b0d-a2d2-467a-8989-3c8128f74809","STEI_001.basePlot.bet","D05","STEI","STEI_001","N","2015-08-12","2015-08-26","2015-08-27","2015-12-18","2015-12-18","STEI_001.N.20150826","7JlQSbZIlXhtt3ir6xZ4H1QVwjYfN4NKQUnsQWGxDcU=","carabid","SYNIMP","Synuchus impunctatus","species",,"Say",,1,"Lindroth, C. H. 1969. The ground-beetles (Carabidae, excl. Cicindelinae) of Canada and Alaska, parts 1-6. Opuscula E. Entomoligiska Sallskapet.","Syw2LXB/pj+fmGCuwdgBGVryVUmYhw3g","Syw2LXB/pj+fmGCuwdgBGVryVUmYhw3g",
"cb5ba992-07b3-4baf-86d6-a69cd39e5947","STEI_001.basePlot.bet","D05","STEI","STEI_001","N","2015-08-12","2015-08-26","2015-08-27","2015-12-18","2015-12-18","STEI_001.N.20150826","7JlQSbZIlXhtt3ir6xZ4H6VR1j/dM/P+11a31gy2foA=","carabid","CALGRE","Calathus gregarius","species","cf. species","Say",,1,"Bousquet, Y. 2010b. Illustrated Identification Guide to Adults and Larvae of Northeastern North American Ground Beetles (Coleoptera: Carabidae). 1st Ed. Pensoft Publishers, Sofia, Bulgaria.","Syw2LXB/pj+fmGCuwdgBGVryVUmYhw3g","Syw2LXB/pj+fmGCuwdgBGVryVUmYhw3g","Could be CALING"
"b9ee81b1-55c7-4c4e-8866-3837428c5c3f","STEI_001.basePlot.bet","D05","STEI","STEI_001","N","2015-08-12","2015-08-26","2015-08-27","2015-12-18",,"STEI_001.N.20150826","7JlQSbZIlXhtt3ir6xZ4H9VfujNVUt6jUmJyngOgjnU=","invert bycatch",,,,,,,,,,"Syw2LXB/pj+fmGCuwdgBGVryVUmYhw3g",
"16a15fc0-c726-4e75-9117-42c323e47cd0","STEI_005.basePlot.bet","D05","STEI","STEI_005","N","2015-08-12","2015-08-26","2015-08-27","2015-12-18","2015-12-23","STEI_005.N.20150826","qriLSsXGHEzjCaxNiL0KKn8bgkoXoSSqrUCl1xMhe1k=","carabid","PTEMEL","Pterostichus melanarius melanarius","subspecies",,"Illiger",,3,"Bousquet, Y. 2010b. Illustrated Identification Guide to Adults and Larvae of Northeastern North American Ground Beetles (Coleoptera: Carabidae). 1st Ed. Pensoft Publishers, Sofia, Bulgaria.","Syw2LXB/pj+fmGCuwdgBGVryVUmYhw3g","Syw2LXB/pj+fmGCuwdgBGVryVUmYhw3g",
"3418224d-b406-46d6-9d05-f5c3f584c9e2","STEI_003.basePlot.bet","D05","STEI","STEI_003","N","2015-08-12","2015-08-26","2015-08-27","2015-12-18","2015-12-21","STEI_003.N.20150826","DWUoTzNcbNmeQ3BMYR7VXtDyIgSYentozL1ktpLO1x0=","carabid","PTENOV","Pterostichus novus","species","cf. species","Straneo",,1,"Bousquet, Y. 2010b. Illustrated Identification Guide to Adults and Larvae of Northeastern North American Ground Beetles (Coleoptera: Carabidae). 1st Ed. Pensoft Publishers, Sofia, Bulgaria.","Syw2LXB/pj+fmGCuwdgBGVryVUmYhw3g","Syw2LXB/pj+fmGCuwdgBGVryVUmYhw3g",
"254c720e-5698-4c22-a2cf-e88639a78430","STEI_008.basePlot.bet","D05","STEI","STEI_008","S","2015-08-12","2015-08-26","2015-08-27","2015-12-23",,"STEI_008.S.20150826","RJLsXNaoVcuhQq3Wf5N8r0baRdCm8MPsp8N+dCEWwSc=","invert bycatch",,,,,,,,,,"Syw2LXB/pj+fmGCuwdgBGVryVUmYhw3g",
"044d89ed-6797-4409-bba3-c99b226720fe","STEI_005.basePlot.bet","D05","STEI","STEI_005","S","2015-08-12","2015-08-26","2015-08-27","2015-12-18","2015-12-23","STEI_005.S.20150826","qriLSsXGHEzm40g7fPUv3SbdRAGl+xHCeAVkSi0aurA=","carabid","CALGRE","Calathus gregarius","species","cf. species","Say",,1,"Bousquet, Y. 2010b. Illustrated Identification Guide to Adults and Larvae of Northeastern North American Ground Beetles (Coleoptera: Carabidae). 1st Ed. Pensoft Publishers, Sofia, Bulgaria.","Syw2LXB/pj+fmGCuwdgBGVryVUmYhw3g","Syw2LXB/pj+fmGCuwdgBGVryVUmYhw3g","Could be CALING"
"8069f2c4-2ec5-42bb-9ea7-185376654ede","STEI_006.basePlot.bet","D05","STEI","STEI_006","S","2015-08-12","2015-08-26","2015-08-27","2015-12-23",,"STEI_006.S.20150826","FSczGbn18rRn/BfL37sgCvlm0cgLCX0gyWoJSkph6t0=","invert bycatch",,,,,,,,,,"Syw2LXB/pj+fmGCuwdgBGVryVUmYhw3g",
"43420e9c-05ba-40f6-bbc0-f2418b03840b","STEI_005.basePlot.bet","D05","STEI","STEI_005","S","2015-08-12","2015-08-26","2015-08-27","2015-12-18",,"STEI_005.S.20150826","qriLSsXGHEzm40g7fPUv3SszZHabad1wKdviaO0gM0s=","invert bycatch",,,,,,,,,,"Syw2LXB/pj+fmGCuwdgBGVryVUmYhw3g",
"770cc76c-7106-4aeb-96db-af524d876ee0","STEI_005.basePlot.bet","D05","STEI","STEI_005","S","2015-08-12","2015-08-26","2015-08-27","2015-12-18","2015-12-23","STEI_005.S.20150826","qriLSsXGHEzm40g7fPUv3c7Cfewa8NWvZ2h/W8jbmlM=","carabid","SYNIMP","Synuchus impunctatus","species",,"Say",,1,"Lindroth, C. H. 1969. The ground-beetles (Carabidae, excl. Cicindelinae) of Canada and Alaska, parts 1-6. Opuscula E. Entomoligiska Sallskapet.","Syw2LXB/pj+fmGCuwdgBGVryVUmYhw3g","Syw2LXB/pj+fmGCuwdgBGVryVUmYhw3g",
"2a57cb38-3517-47dc-a659-a12f4e7eeeec","STEI_009.basePlot.bet","D05","STEI","STEI_009","S","2015-08-12","2015-08-26","2015-08-27","2015-12-23","2015-12-28","STEI_009.S.20150826","IGPPmzEoPodyxxm204wFgTfJaDJh7zKVm7sWKY1zYb8=","carabid","SYNIMP","Synuchus impunctatus","species",,"Say",,1,"Lindroth, C. H. 1969. The ground-beetles (Carabidae, excl. Cicindelinae) of Canada and Alaska, parts 1-6. Opuscula E. Entomoligiska Sallskapet.","Syw2LXB/pj+fmGCuwdgBGVryVUmYhw3g","Syw2LXB/pj+fmGCuwdgBGVryVUmYhw3g",
"eb0a1d55-6770-4fe2-987f-c3dde19049f7","STEI_006.basePlot.bet","D05","STEI","STEI_006","S","2015-08-12","2015-08-26","2015-08-27","2015-12-23","2015-12-23","STEI_006.S.20150826","FSczGbn18rRn/BfL37sgCj7mqoNP88+D5N3VU4OMy7U=","carabid","SYNIMP","Synuchus impunctatus","species",,"Say",,1,"Lindroth, C. H. 1969. The ground-beetles (Carabidae, excl. Cicindelinae) of Canada and Alaska, parts 1-6. Opuscula E. Entomoligiska Sallskapet.","Syw2LXB/pj+fmGCuwdgBGVryVUmYhw3g","Syw2LXB/pj+fmGCuwdgBGVryVUmYhw3g",
"dc7fa65a-23fb-4e09-bc62-0c6ba961ee55","STEI_006.basePlot.bet","D05","STEI","STEI_006","S","2015-08-12","2015-08-26","2015-08-27","2015-12-23","2015-12-23","STEI_006.S.20150826","FSczGbn18rRn/BfL37sgCg8m1afgPauFSGHRgwRRdFw=","carabid","PTEMEL","Pterostichus melanarius melanarius","subspecies",,"Illiger",,1,"Bousquet, Y. 2010b. Illustrated Identification Guide to Adults and Larvae of Northeastern North American Ground Beetles (Coleoptera: Carabidae). 1st Ed. Pensoft Publishers, Sofia, Bulgaria.","Syw2LXB/pj+fmGCuwdgBGVryVUmYhw3g","Syw2LXB/pj+fmGCuwdgBGVryVUmYhw3g",
"b7c3ebd6-cc83-4ddb-a31f-5d07f21f5a4a","STEI_009.basePlot.bet","D05","STEI","STEI_009","S","2015-08-12","2015-08-26","2015-08-27","2015-12-23","2015-12-28","STEI_009.S.20150826","IGPPmzEoPodyxxm204wFgcT26n9ZwGhe08y/+8kdZpI=","carabid","PTEMEL","Pterostichus melanarius melanarius","subspecies",,"Illiger",,2,"Bousquet, Y. 2010b. Illustrated Identification Guide to Adults and Larvae of Northeastern North American Ground Beetles (Coleoptera: Carabidae). 1st Ed. Pensoft Publishers, Sofia, Bulgaria.","Syw2LXB/pj+fmGCuwdgBGVryVUmYhw3g","Syw2LXB/pj+fmGCuwdgBGVryVUmYhw3g",
"4be32c2a-959e-45e8-a711-e950a526bb8a","STEI_009.basePlot.bet","D05","STEI","STEI_009","S","2015-08-12","2015-08-26","2015-08-27","2015-12-23","2015-12-28","STEI_009.S.20150826","IGPPmzEoPodyxxm204wFgUndboMnCb/LOVMgUTNocqs=","carabid","PTENOV","Pterostichus novus","species","cf. species","Straneo",,4,"Bousquet, Y. 2010b. Illustrated Identification Guide to Adults and Larvae of Northeastern North American Ground Beetles (Coleoptera: Carabidae). 1st Ed. Pensoft Publishers, Sofia, Bulgaria.","Syw2LXB/pj+fmGCuwdgBGVryVUmYhw3g","Syw2LXB/pj+fmGCuwdgBGVryVUmYhw3g","Could be PTECOR1"
"815f3cd1-0e90-41ed-9e32-c9d5e6fe122c","STEI_009.basePlot.bet","D05","STEI","STEI_009","S","2015-08-12","2015-08-26","2015-08-27","2015-12-23",,"STEI_009.S.20150826","IGPPmzEoPodyxxm204wFgSGqf+GeQJTta4QgDZUhLiU=","invert bycatch",,,,,,,,,,"Syw2LXB/pj+fmGCuwdgBGVryVUmYhw3g",
"25727168-88ce-4a56-865f-87d9de940bd7","STEI_003.basePlot.bet","D05","STEI","STEI_003","S","2015-08-12","2015-08-26","2015-08-27","2015-12-18",,"STEI_003.S.20150826","DWUoTzNcbNk6kJUcD6PmFE9hLfgCOPZ/tiFTEnZvnRo=","invert bycatch",,,,,,,,,,"Syw2LXB/pj+fmGCuwdgBGVryVUmYhw3g",
"f518f12a-3140-4a8c-8c98-feaad213468a","STEI_003.basePlot.bet","D05","STEI","STEI_003","S","2015-08-12","2015-08-26","2015-08-27","2015-12-18","2015-12-21","STEI_003.S.20150826","DWUoTzNcbNk6kJUcD6PmFPJY8RBDKUVlXHB7j7l/M/0=","carabid","PTEMEL","Pterostichus melanarius melanarius","subspecies",,"Illiger",,1,"Bousquet, Y. 2010b. Illustrated Identification Guide to Adults and Larvae of Northeastern North American Ground Beetles (Coleoptera: Carabidae). 1st Ed. Pensoft Publishers, Sofia, Bulgaria.","Syw2LXB/pj+fmGCuwdgBGVryVUmYhw3g","Syw2LXB/pj+fmGCuwdgBGVryVUmYhw3g",
"53757706-9376-432c-b4e6-0a8e73c0501f","STEI_004.basePlot.bet","D05","STEI","STEI_004","S","2015-08-12","2015-08-26","2015-08-27","2015-12-18","2015-12-23","STEI_004.S.20150826","kIMktcbzaDdggXCszCoRCewTpkGI5Nf+Nrt3Eig3Ids=","carabid","NOTAEN","Notiophilus aeneus","species",,"Herbst",,1,"Bousquet, Y. 2010b. Illustrated Identification Guide to Adults and Larvae of Northeastern North American Ground Beetles (Coleoptera: Carabidae). 1st Ed. Pensoft Publishers, Sofia, Bulgaria.","Syw2LXB/pj+fmGCuwdgBGVryVUmYhw3g","Syw2LXB/pj+fmGCuwdgBGVryVUmYhw3g",
"079dd715-294e-4b95-adb3-3034c8463fa8","STEI_004.basePlot.bet","D05","STEI","STEI_004","S","2015-08-12","2015-08-26","2015-08-27","2015-12-18",,"STEI_004.S.20150826","kIMktcbzaDdggXCszCoRCTU9D+lWsi52Ed0Zaw/4Tgs=","invert bycatch",,,,,,,,,,"Syw2LXB/pj+fmGCuwdgBGVryVUmYhw3g",
"fffb172b-88d4-4dcf-9ffc-f4aadb33a1f9","STEI_004.basePlot.bet","D05","STEI","STEI_004","S","2015-08-12","2015-08-26","2015-08-27","2015-12-18","2015-12-23","STEI_004.S.20150826","kIMktcbzaDdggXCszCoRCVMEW+VQuQoi4X12qZYqBZs=","carabid","SYNIMP","Synuchus impunctatus","species",,"Say",,1,"Lindroth, C. H. 1969. The ground-beetles (Carabidae, excl. Cicindelinae) of Canada and Alaska, parts 1-6. Opuscula E. Entomoligiska Sallskapet.","Syw2LXB/pj+fmGCuwdgBGVryVUmYhw3g","Syw2LXB/pj+fmGCuwdgBGVryVUmYhw3g",
