uid,namedLocation,domainID,siteID,plotID,trapID,setDate,collectDate,processingDate,identifiedDate,subsampleID,individualID,taxonID,scientificName,taxonRank,identificationQualifier,scientificNameAuthorship,morphospeciesID,identificationReferences,totalLength,identifiedBy,recordedBy,remarks
"787f2c30-41a4-401b-a915-089b38bf4865","DSNY_021.basePlot.bet","D03","DSNY","DSNY_021","E","2014-04-02","2014-04-16","2014-06-24","2014-06-24","Erg6c3/ITQuY8YQBcJUCqAMmBfEqzIPG/uwKdVSG+UM=","NEON.BET.D03.000465","CLISP4","Clivina sp.","genus",,"Latreille",,"Other",,"7ZsG8s1cQijU1p7CX6b9FNrZuRO+/rX6","7ZsG8s1cQijU1p7CX6b9FNrZuRO+/rX6",
"04569827-c327-4409-b339-05fb6b5f018e","DSNY_021.basePlot.bet","D03","DSNY","DSNY_021","E","2014-04-02","2014-04-16","2014-06-24","2014-06-24","Erg6c3/ITQuY8YQBcJUCqAMmBfEqzIPG/uwKdVSG+UM=","NEON.BET.D03.000444","CLISP4","Clivina sp.","genus",,"Latreille",,"Other",,"7ZsG8s1cQijU1p7CX6b9FNrZuRO+/rX6","7ZsG8s1cQijU1p7CX6b9FNrZuRO+/rX6",
"04f29f62-753a-43cb-bfbd-95fcc1100d15","DSNY_021.basePlot.bet","D03","DSNY","DSNY_021","E","2014-04-02","2014-04-16","2014-06-24","2014-06-24","Erg6c3/ITQuY8YQBcJUCqAMmBfEqzIPG/uwKdVSG+UM=","NEON.BET.D03.000442","CLISP4","Clivina sp.","genus",,"Latreille",,"Other",,"7ZsG8s1cQijU1p7CX6b9FNrZuRO+/rX6","7ZsG8s1cQijU1p7CX6b9FNrZuRO+/rX6",
"2a7e7df0-439e-4128-b04d-bc85a7a175ca","DSNY_021.basePlot.bet","D03","DSNY","DSNY_021","E","2014-04-02","2014-04-16","2014-06-24","2014-06-24","Erg6c3/ITQuY8YQBcJUCqAMmBfEqzIPG/uwKdVSG+UM=","NEON.BET.D03.000441","CLISP4","Clivina sp.","genus",,"Latreille",,"Other",,"7ZsG8s1cQijU1p7CX6b9FNrZuRO+/rX6","7ZsG8s1cQijU1p7CX6b9FNrZuRO+/rX6",
"9e991fdc-992f-4fe0-a82f-53c7d151c488","DSNY_009.basePlot.bet","D03","DSNY","DSNY_009","W","2014-04-02","2014-04-16","2014-09-29","2014-09-29","1vKvBMnuhLuRgiJ5/v4bYG+Vp7Qtke3E4kyo5ejQAj8=","NEON.BET.D03.000380","CYCFAB","Cyclotrachelus faber","species",,"Germar",,"Other",,"iiDgbhaUgfPlmO3sDuElTmkNgYTXyxbk","iiDgbhaUgfPlmO3sDuElTmkNgYTXyxbk",
"0641f6cd-071d-4f41-bb4e-fe9f6a72b3a1","DSNY_009.basePlot.bet","D03","DSNY","DSNY_009","S","2014-04-02","2014-04-16","2014-06-25","2014-06-25","1vKvBMnuhLuZzWi6bUlu5TEGxTR280rBa+UMbPJfOVY=","NEON.BET.D03.000466","CLISP4","Clivina sp.","genus",,"Latreille",,"Other",,"7ZsG8s1cQijU1p7CX6b9FNrZuRO+/rX6","7ZsG8s1cQijU1p7CX6b9FNrZuRO+/rX6",
"d59f0232-6e80-44b0-8b7b-62fec9329827","DSNY_003.basePlot.bet","D03","DSNY","DSNY_003","S","2014-04-02","2014-04-16","2014-09-29","2014-09-29","BMkXqiEDyEIyCtPyvASehhUZnZ2bXIuOXkkhxTP6zpk=","NEON.BET.D03.000370","CYCFAB","Cyclotrachelus faber","species",,"Germar",,"Other",,"7ZsG8s1cQijU1p7CX6b9FNrZuRO+/rX6","7ZsG8s1cQijU1p7CX6b9FNrZuRO+/rX6",
"d4ccb818-191d-4444-bc86-7a7179a64749","DSNY_016.basePlot.bet","D03","DSNY","DSNY_016","S","2014-04-02","2014-04-16","2014-08-11","2014-08-11","d/dxr9yOJlPuzoEph/oSTnOPKiFaTXQL+P66cYOBTCI=","NEON.BET.D03.000454","CLISP4","Clivina sp.","genus",,"Latreille",,"Other",,"7ZsG8s1cQijU1p7CX6b9FNrZuRO+/rX6","7ZsG8s1cQijU1p7CX6b9FNrZuRO+/rX6",
"a9f0d44f-dbdc-479f-bded-087732834770","DSNY_016.basePlot.bet","D03","DSNY","DSNY_016","E","2014-04-02","2014-04-16","2014-06-25","2014-06-25","d/dxr9yOJlPxf9qpe2TuPtulZRspUdZShhW5tBOBZEs=","NEON.BET.D03.000469","CLISP4","Clivina sp.","genus",,"Latreille",,"Other",,"7ZsG8s1cQijU1p7CX6b9FNrZuRO+/rX6","7ZsG8s1cQijU1p7CX6b9FNrZuRO+/rX6",
