uid,namedLocation,domainID,siteID,plotID,setDate,collectDate,identifiedDate,individualID,taxonID,kingdom,phylum,class,order,family,subfamily,tribe,genus,subgenus,specificEpithet,infraspecificEpithet,scientificName,scientificNameAuthorship,taxonRank,identificationQualifier,sex,morphospeciesID,identificationReferences,identifiedBy,laboratoryName,identificationRemarks,sampleCondition,dnaBarcoded,geneticSampleID,remarks
"6f2ce8a1-9914-4132-bfca-30972d4fc5c7","DSNY_021.basePlot.bet","D03","DSNY","DSNY_021","2014-04-02","2014-04-16","2016-10-06","NEON.BET.D03.000444","PARSUL","Animalia","Arthropoda","Insecta","Coleoptera","Carabidae","Scaritinae","Clivinini","Paraclivina",,"sulcipennis",,"Paraclivina sulcipennis","Putzeys","species","cf. species","U",,"Putzeys, J. A. A. H. 1867. RÃ©vision gÃ©nÃ©rale des clivinides.  Annales de la SociÃ©tÃ© Entomologique de Belgique 10:1-242.","Robert L. Davidson","Carnegie Museum of Invertebrate Zoology","No revision or types checked since LeConte and Putzeys; names in keys and collections repeat misidentifications and are not reliable. I have ''cf''ed names as in Putzeys keys and as interpreted in some collections.","No known compromise","N",,
"58983667-1b97-4c9f-bd6d-35442f1a4f5d","DSNY_021.basePlot.bet","D03","DSNY","DSNY_021","2014-04-02","2014-04-16","2016-10-06","NEON.BET.D03.000441","PARSUL","Animalia","Arthropoda","Insecta","Coleoptera","Carabidae","Scaritinae","Clivinini","Paraclivina",,"sulcipennis",,"Paraclivina sulcipennis","Putzeys","species","cf. species","U",,"Putzeys, J. A. A. H. 1867. RÃ©vision gÃ©nÃ©rale des clivinides.  Annales de la SociÃ©tÃ© Entomologique de Belgique 10:1-242.","Robert L. Davidson","Carnegie Museum of Invertebrate Zoology","No revision or types checked since LeConte and Putzeys; names in keys and collections repeat misidentifications and are not reliable. I have ''cf''ed names as in Putzeys keys and as interpreted in some collections.","No known compromise","N",,
"12ccd0ca-813a-4c4e-b6e0-d0507d799926","DSNY_009.basePlot.bet","D03","DSNY","DSNY_009","2014-04-02","2014-04-16","2016-10-03","NEON.BET.D03.000380","CYCFAB","Animalia","Arthropoda","Insecta","Coleoptera","Carabidae","Harpalinae","Pterostichini","Cyclotrachelus","Cyclotrachelus","faber",,"Cyclotrachelus faber","Germar","species",,"F",,"Bousquet, Y. 2012. Catalogue of Geadephaga (Coleoptera, Adephaga) of America, north of Mexico. ZooKeys 245:1-1722.","Robert L. Davidson","Carnegie Museum of Invertebrate Zoology",,"No known compromise","N",,
"cd3f5923-6bd0-4f1a-8739-599a371d36cd","DSNY_003.basePlot.bet","D03","DSNY","DSNY_003","2014-04-02","2014-04-16","2016-10-03","NEON.BET.D03.000370","CYCFAB","Animalia","Arthropoda","Insecta","Coleoptera","Carabidae","Harpalinae","Pterostichini","Cyclotrachelus","Cyclotrachelus","faber",,"Cyclotrachelus faber","Germar","species",,"M",,"Bousquet, Y. 2012. Catalogue of Geadephaga (Coleoptera, Adephaga) of America, north of Mexico. ZooKeys 245:1-1722.","Robert L. Davidson","Carnegie Museum of Invertebrate Zoology",,"No known compromise","N",,
"ce994996-05bc-454e-aad3-1f142e57546b","DSNY_021.basePlot.bet","D03","DSNY","DSNY_021","2014-04-02","2014-04-16","2016-10-06","NEON.BET.D03.000442","PARSUL","Animalia","Arthropoda","Insecta","Coleoptera","Carabidae","Scaritinae","Clivinini","Paraclivina",,"sulcipennis",,"Paraclivina sulcipennis","Putzeys","species","cf. species","M",,"Putzeys, J. A. A. H. 1867. RÃ©vision gÃ©nÃ©rale des clivinides.  Annales de la SociÃ©tÃ© Entomologique de Belgique 10:1-242.","Robert L. Davidson","Carnegie Museum of Invertebrate Zoology","No revision or types checked since LeConte and Putzeys; names in keys and collections repeat misidentifications and are not reliable. I have ''cf''ed names as in Putzeys keys and as interpreted in some collections.","No known compromise","N",,
"d38e1923-16a3-43ea-8dae-aae298b7e884","DSNY_016.basePlot.bet","D03","DSNY","DSNY_016","2014-04-02","2014-04-16","2016-10-06","NEON.BET.D03.000454","PARSUL","Animalia","Arthropoda","Insecta","Coleoptera","Carabidae","Scaritinae","Clivinini","Paraclivina",,"sulcipennis",,"Paraclivina sulcipennis","Putzeys","species","cf. species","M",,"Putzeys, J. A. A. H. 1867. RÃ©vision gÃ©nÃ©rale des clivinides.  Annales de la SociÃ©tÃ© Entomologique de Belgique 10:1-242.","Robert L. Davidson","Carnegie Museum of Invertebrate Zoology","No revision or types checked since LeConte and Putzeys; names in keys and collections repeat misidentifications and are not reliable. I have ''cf''ed names as in Putzeys keys and as interpreted in some collections.","No known compromise","N",,
"85237f53-abe7-470d-bf83-ed9bfd24cb9e","DSNY_009.basePlot.bet","D03","DSNY","DSNY_009","2014-04-02","2014-04-16","2016-10-06","NEON.BET.D03.000466","PARSUL","Animalia","Arthropoda","Insecta","Coleoptera","Carabidae","Scaritinae","Clivinini","Paraclivina",,"sulcipennis",,"Paraclivina sulcipennis","Putzeys","species","cf. species","U",,"Putzeys, J. A. A. H. 1867. RÃ©vision gÃ©nÃ©rale des clivinides.  Annales de la SociÃ©tÃ© Entomologique de Belgique 10:1-242.","Robert L. Davidson","Carnegie Museum of Invertebrate Zoology","No revision or types checked since LeConte and Putzeys; names in keys and collections repeat misidentifications and are not reliable. I have ''cf''ed names as in Putzeys keys and as interpreted in some collections.","No known compromise","N",,
"285cad11-4893-487c-a6d1-b0c1c19af5db","DSNY_016.basePlot.bet","D03","DSNY","DSNY_016","2014-04-02","2014-04-16","2016-10-06","NEON.BET.D03.000469","PARSUL","Animalia","Arthropoda","Insecta","Coleoptera","Carabidae","Scaritinae","Clivinini","Paraclivina",,"sulcipennis",,"Paraclivina sulcipennis","Putzeys","species","cf. species","F",,"Putzeys, J. A. A. H. 1867. RÃ©vision gÃ©nÃ©rale des clivinides.  Annales de la SociÃ©tÃ© Entomologique de Belgique 10:1-242.","Robert L. Davidson","Carnegie Museum of Invertebrate Zoology","No revision or types checked since LeConte and Putzeys; names in keys and collections repeat misidentifications and are not reliable. I have ''cf''ed names as in Putzeys keys and as interpreted in some collections.","No known compromise","N",,
"745a8a7e-3c2e-455d-92ca-95d0ff346f68","DSNY_021.basePlot.bet","D03","DSNY","DSNY_021","2014-04-02","2014-04-16","2016-10-06","NEON.BET.D03.000465","PARSUL","Animalia","Arthropoda","Insecta","Coleoptera","Carabidae","Scaritinae","Clivinini","Paraclivina",,"sulcipennis",,"Paraclivina sulcipennis","Putzeys","species","cf. species","M",,"Putzeys, J. A. A. H. 1867. RÃ©vision gÃ©nÃ©rale des clivinides.  Annales de la SociÃ©tÃ© Entomologique de Belgique 10:1-242.","Robert L. Davidson","Carnegie Museum of Invertebrate Zoology","No revision or types checked since LeConte and Putzeys; names in keys and collections repeat misidentifications and are not reliable. I have ''cf''ed names as in Putzeys keys and as interpreted in some collections.","No known compromise","N",,
