uid,namedLocation,domainID,siteID,plotID,setDate,collectDate,processingDate,subsampleIDList,archiveVialID,scientificName,recordedBy,remarks
"344c1724-19c2-478b-8813-af9f932ccf3a","STER_029.basePlot.bet","D10","STER","STER_029","2014-08-19","2014-09-02","2015-02-24","KK2q9nxeS92MnnDFxwDsO1eZY7rSr/104XkjK1EYiC5FBjKGU3G1aJfEZcTSh8XHl8sxfChOVuv4STqR6DoLY10yaGfLvOl4UOH+doHsF7JqRB96VjCWI33GaImHR/2v","KK2q9nxeS9390W7CcN2BoggNwLmmMakhbrAa4yieRnw=","Harpalus amputatus",,
"39d5f121-230a-4723-8b06-66706d76ab90","STER_028.basePlot.bet","D10","STER","STER_028","2014-08-19","2014-09-02","2015-02-24","bW2EsnYmokVQpJJnurqSXCP+bq0/CwzCzZAjf05ZmGtPBTF74J0CSHiT/N88aEAYDdi6gXcAg3h+E4KTnCoc4g==","bW2EsnYmokXGiZOO7ummVEmpXn3IEY9C7UgQ7Yh7Vqk=","Harpalus pensylvanicus",,
"b4a053ae-dc81-4cf4-b418-2d84497403ac","STER_033.basePlot.bet","D10","STER","STER_033","2014-08-19","2014-09-02","2015-02-24","Yx5jJOWNohJFQXiJJJCIN8zWvVfW9uj0xRZI4OvQGd5fwDwlAjrnA2htFMPXYmGmbqfS26uWnfGNbTdCzL1Y0Q==","Yx5jJOWNohL7sv/z90oxqgRYypyboMbLsnGnKwcTy2Q=","Harpalus reversus",,
"aa21ed22-9371-4904-b045-24b39c631061","STER_034.basePlot.bet","D10","STER","STER_034","2014-08-19","2014-09-02","2015-02-23","v+COazD1kvxOxqFf5ztIrGO6HRd6XQcBcB3S9SPt/gLqiTzCCooOuzCUXfMgNE4ZN4f0vdg/yiXQUUaLM7sYXQ==","v+COazD1kvwKtkt4PEsAls1x8/FyYnv/vXEfRf3NVlQ=","Harpalus reversus",,
"c390796f-41f4-403e-9f09-bcd5a20beeb3","STER_028.basePlot.bet","D10","STER","STER_028","2014-08-19","2014-09-02","2015-02-24","bW2EsnYmokVQpJJnurqSXIpj7G+fk2H0A+KCpnT7odzzDtnHB4QWspkzAUhyp8mJ1RTlrWhyGNO05GM13nWwg3vac7SLj1lRXpcc0/U0kqONKHNEUpT71y/XORaOZp/arCrCshnx9HGx7qAo08wl4mwh7nsoLvR5","bW2EsnYmokXGiZOO7ummVHyzkquyx+GotvIbldimP9E=","Harpalus reversus",,
"3e64ceaa-81b4-4b75-a887-ad906abb5983","STER_026.basePlot.bet","D10","STER","STER_026","2014-08-19","2014-09-02","2015-02-24","B74IC5C471onqNMgufCM3h5YD2b94Yu/BRYViO6CkmpnlYmrWyW9+6VxfKzC9IIfrmtbIXdVlzjGEDWeWW7f4w==","B74IC5C471qDB/F9uYW5dCcwGyJIrWhsNR4p3A36fEg=","Harpalus reversus",,
"ad236b63-89b2-4a05-b5bc-147ef2394093","STER_006.basePlot.bet","D10","STER","STER_006","2014-08-19","2014-09-02","2015-02-24","LZ9IDatJ8HE+OOV3AMnyNTXBaW1/xBjmmg1T6xRdk0RoOJ3hVRr+SJ0DmTEIlVRmSV8J+ox7fnd+XGv1Knelhg==","LZ9IDatJ8HHbBhXdC5893kv+IuX1vrqaDlFhttY8Sag=","Harpalus pensylvanicus",,
"c71fa0cc-8f24-4787-aa97-e8d09f77160e","STER_032.basePlot.bet","D10","STER","STER_032","2014-08-19","2014-09-02","2015-02-24","fEa5yf30aQwCJ08QSZSv4vDk6At1sHBwGYcjr8RZVUEWSnf6PNAFDkPQjum8mijefokU2+FEqlKboEEcDDUOiw==","fEa5yf30aQwZPzlAtg18NkfdGOG9Cx3PwDVr/HCNyoU=","Harpalus reversus",,
"2a0c55bc-7f1d-4458-b373-509b21b6a12a","STER_027.basePlot.bet","D10","STER","STER_027","2014-08-19","2014-09-02","2015-01-15","FuEDHNSxWAndhNsZfGrSl5teERxnRJ7mh8zsiHcVPBOS5MR6PEAXdCpLiXfu6D0NlbhsDfCdsQg=","FuEDHNSxWAkGzTEo3uRRq2fjaoiUVwVz",,,
"adbe2983-ce62-47c4-bdb6-f2fa3ea8d784","STER_032.basePlot.bet","D10","STER","STER_032","2014-08-19","2014-09-02","2015-02-24","fEa5yf30aQwCJ08QSZSv4jKALd4buGr+f2zmQE+dMZmhdYJiGKKceMLDBc0DM7o1BspsTpn1aVMTN32XEh86Qcyw5OfweZoqJTHHD3cCf06zHD+PR8S/+6qrsc7Mtam8","fEa5yf30aQwZPzlAtg18NqBoLzXycCdNWLANl9z2ysI=","Agonum placidum",,
"d1f3809c-53c1-48c0-89dc-7c3c1123f2ef","STER_034.basePlot.bet","D10","STER","STER_034","2014-08-19","2014-09-02","2015-02-23","v+COazD1kvxSkLBCFXDApRThdvWaT0LZwI8N7Zx8zMaI7PWKQ6RKE4s07g20j3TJfGaNT2BokEb4p5Sx98+b29+iwsBZfD0/YrEi4NQgAt+vRtCI2pnZKRbfPYkNYXdU","v+COazD1kvwKtkt4PEsAluSENybLC/dsY4yoSG785Pc=","Agonum placidum",,
"e020c84e-b1c1-42b9-8734-8590ab12121d","STER_006.basePlot.bet","D10","STER","STER_006","2014-08-19","2014-09-02","2015-02-24","LZ9IDatJ8HEz8jJfyVqbpBnJqxBreifIGHnvQCuoLlt/EPIIPKz9+lFgeb3k2H4Qyxe8amdjJOEh5H/DKcTgYA==","LZ9IDatJ8HHbBhXdC5893nHMJY0t5bZE4gchPkyg1js=","Agonum placidum",,
"ac947cf1-17e8-47f6-8e7b-130f51ad85bc","STER_027.basePlot.bet","D10","STER","STER_027","2014-08-19","2014-09-02","2015-02-24","FuEDHNSxWAnQlwXeH1K2nBItgV8wjgH/sdRgCNeWG5RInKizujhblnwGI/myPqfyc2tC5PDcFSxA025pF+0KlQ==","FuEDHNSxWAkGzTEo3uRRqxWBeoUE5Ymsno8RSk1Wnjg=","Agonum placidum",,
"212e08c6-b4f3-4fee-8765-057db20c1a24","STER_029.basePlot.bet","D10","STER","STER_029","2014-08-19","2014-09-02","2015-02-24","KK2q9nxeS91klkZAAvOHCD8Q+uS6qdff76QRMaf2NhLBTWbUeVvgZj3vcfK6PfxnXJ5zCZKE0iAA0ouPvppVA0Nt61aX/2q7S0zFA35csYVQ90GBuwZWLKjzwc9r0mSI","KK2q9nxeS9390W7CcN2Bots1o8q80gX9hbGA/9C/eZo=","Amara carinata",,
"191e06a7-96e4-44e9-8bb5-604f9d5c6573","STER_028.basePlot.bet","D10","STER","STER_028","2014-08-19","2014-09-02","2015-02-24","bW2EsnYmokVWPqfSzuJ6n7PG0j5rQjxELy2+UzzRyXe4bah5kziUC4ag90lk4fEUf1ROKSvIjJNilZ9j4XvG6NkWobFUvTOOaqFkS4pLxPfzroscENNyxh1EfIT0BBDfeFL5CMAafJjXWOV9ct8YRdQAA08J98nE","bW2EsnYmokXGiZOO7ummVABZdvFU03YL0MhwSDFchcg=","Amara carinata",,
"9be1ad72-7bd8-4f03-b1bc-c078df18ad3c","STER_028.basePlot.bet","D10","STER","STER_028","2014-08-19","2014-09-02","2015-02-24","bW2EsnYmokWyVquFpJyOPXLN2fg4b8AYKuymLepSyEWaJUNQT6cD2lP8zoM9DcHHmRI1+UsPoMQZcMtOgDcHMV2gesU0e51OMX817c8/glMfXiXLbTDZ10SrsVopWie96btLJoPFQne9uTgbbFHfMHre0hJDUs2l","bW2EsnYmokXGiZOO7ummVCiJcd8zNY4lNB2FXcvulE4=","Agonum placidum",,
"43ccc5fd-33f5-4e24-8263-b421e9c3d0f9","STER_026.basePlot.bet","D10","STER","STER_026","2014-08-19","2014-09-02","2015-02-24","B74IC5C471paZL2Rabor66ACwoM8AynOs0Vod/rwWGskTIxGYH/szDVLNNR9z45BmmeRDsGUUJWfXJNHofjWdrUHpJQTf2NG1g/x1BLE44pZ51U1FoMVBoreDe/PGuPS","B74IC5C471qDB/F9uYW5dLNH6AUa+LohETY5PH2fnwk=","Agonum placidum",,
"04711b7c-c1bb-4778-a7c3-77c2b7df271c","STER_026.basePlot.bet","D10","STER","STER_026","2014-08-19","2014-09-02","2015-02-24","B74IC5C471onqNMgufCM3rOOxR5gtU03wKjZqicMnQmX2Erp6hw5O6xtdEAm/L03G4dE6ERYUzZyIl9Vhxtk6g==","B74IC5C471qDB/F9uYW5dE0cCjPG0tEYDLX9FhpdBas=","Amara carinata",,
"c69ad777-8186-4943-b8d8-a337f689cb89","STER_031.basePlot.bet","D10","STER","STER_031","2014-08-19","2014-09-02","2015-02-24","1mQK2LOpYfsiZhIMO/VVjQKscVYQWoh4DiZc0viKFunO6UtgZlh4sENPyZviDTn12X6j15cejQxh6nI2oYc0DA==","1mQK2LOpYfs8n302JawqEeXXc5K7voYwvuVXlj/uZvs=","Amara carinata",,
"9dab236a-9f8e-4766-adf4-0d1c749516f9","STER_035.basePlot.bet","D10","STER","STER_035","2014-08-19","2014-09-02","2015-02-23","xZ4ZeMJQZ4LajES5yhRAJ71FMTMzMr1RZfLH/oWrM0R5sh2/t9IfwexsoY01IYBFLZjBriUVBTqq9UAsl7ckBw==","xZ4ZeMJQZ4IQJaA9RfYvLmiBSNOSdwIekgiBvMXhsPs=","Amara carinata",,
"2a686089-8c72-4464-af9b-df14186d1868","STER_033.basePlot.bet","D10","STER","STER_033","2014-08-19","2014-09-02","2015-02-24","Yx5jJOWNohJp6dqmDJpDSnKwmYD9WPPRYxltgF8KPQ0wlk5Rd28RDKWTv1iYwPMVqKczZVlJNudH801d+8OOYA==","Yx5jJOWNohL7sv/z90oxqnoz92JXKbat+bdwGxaCGTE=","Amara carinata",,
"dd765913-161d-4436-a610-3ac9b4616d8e","STER_033.basePlot.bet","D10","STER","STER_033","2014-08-19","2014-09-02","2015-02-24","Yx5jJOWNohJFQXiJJJCINyHIccLUXRbAvnlPLPVcTllQJb/wHK0pJcboZH+alqrKjcQMsKw/DFiaMrJW8w92cKADTZ/sooGz7ppkJ6PKL2/XF2Su0NOxpm4xTjXWQad2","Yx5jJOWNohL7sv/z90oxqkLpgKg7oA1ZwP+V4k1n0sI=","Cicindela punctulata",,
"b483bff8-583e-4853-a5e2-c850bf6c17b1","STER_032.basePlot.bet","D10","STER","STER_032","2014-08-19","2014-09-02","2015-02-24","fEa5yf30aQzckOvtMoeH/+opcICUNJVYz9i1rBnR5R+GJ/qpj/z65GLSXafDz8qpY7De2XMfR1dNadcXmXp2HIWpniLEN99BLm3kqThs+U8F/ZCrvSLwTvDhxqhjw+KQJNJMnK9fiJRy4/Tug3yoqGUyj2YIuMmt","fEa5yf30aQwZPzlAtg18NqAW3e1OJGU5/qaKW27b3LM=","Cicindela punctulata",,
"f4c20950-b6dd-48d4-a55d-053b1d84e392","STER_029.basePlot.bet","D10","STER","STER_029","2014-08-19","2014-09-02","2015-02-24","KK2q9nxeS91GbdWqecI4hXo4VqkGsvDtv59DQ6q8DfbfFTKY443Nzena05prQklG0pVpYabOx5JdsU+SpZHU8A==","KK2q9nxeS9390W7CcN2BojTCFllT+AwZBwQ56xmsg8A=","Cicindela punctulata",,
"87da23f8-d45f-4d8a-97b0-1b93eb0467d9","STER_026.basePlot.bet","D10","STER","STER_026","2014-08-19","2014-09-02","2015-02-24","B74IC5C471q65WAnY8r9A9G3zn6Si1cTMmAJowWeRCUxmchGkQZFr0eOBNjXqqVwSl3MSboXtWRmMPtqAyUXrg==","B74IC5C471qDB/F9uYW5dNtCAqxeFEteYvzXsWPEiuE=","Cicindela punctulata",,
"c52c68ba-138f-4d77-adb7-15ad5c94253f","STER_006.basePlot.bet","D10","STER","STER_006","2014-08-19","2014-09-02","2015-02-24","LZ9IDatJ8HEz8jJfyVqbpMgX9QIEy7Qw/1jdIgxwV77DxNzkX4+KVWB0Z/LCXrAp6X0pg9qitllSbUjU5/LvmA==","LZ9IDatJ8HHbBhXdC5893q7F0zyCvnovZZ2wEoBAI54=","Cicindela punctulata",,
"81e86513-c3a2-4bcf-a8ff-38f185c84adf","STER_035.basePlot.bet","D10","STER","STER_035","2014-08-19","2014-09-02","2015-02-23","xZ4ZeMJQZ4KfGZrDICs1TCsdlAEnQpP4Nktd408HB5YYM3zllT0ICB9Byzs3C68Zm5EfeI8hJ8/ltXrCw7MmRg==","xZ4ZeMJQZ4IQJaA9RfYvLqAcyOGgfpeT0BxwxiXO9FE=","Cratacanthus dubius",,
"a360daac-6889-450e-a0e3-038c7b5b066b","STER_032.basePlot.bet","D10","STER","STER_032","2014-08-19","2014-09-02","2015-02-24","fEa5yf30aQwCJ08QSZSv4txjUGRgtS0OIPu0PaqeZvWVn6s/QcapSX5Py06yJqZzE1BgPWhdDDKvNRvnmEBBSAvKBEZBDXlfin+5m3feBC88cqgZfR/2Yy87EHSuVp1zMlzxLuAJdIN+PpTM7BJvbdnuF55pc+MK","fEa5yf30aQwZPzlAtg18NiPfT/raiMLqKayIkM9c2ME=","Cratacanthus dubius",,
"d22c8890-300a-46e4-b78e-ed721febd68f","STER_033.basePlot.bet","D10","STER","STER_033","2014-08-19","2014-09-02","2015-02-24","Yx5jJOWNohLt0qDALt67yxXNV0W4VJJoBVR/PSzJzCHqoW3X64ILUeZRrp1qJnKG3R8DO0QmPPFoNVF0flt9mQuNQPX1H4ezUcDyx/Q1xbsPnptvCeLKqW16Ga0z8HSF","Yx5jJOWNohL7sv/z90oxqhH5GwhtDDlp6/uINwA1ZH4=","Cratacanthus dubius",,
"c40c0ab7-2c2c-4763-a7bd-9f32f38643b9","STER_031.basePlot.bet","D10","STER","STER_031","2014-08-19","2014-09-02","2015-02-24","1mQK2LOpYfsiZhIMO/VVjQJdMWJoJyvk39hByFK33QPYRIn5335GbXXYHbQVCNQFJSgG0w/GDOkm4o2ucD7PCooFNRL5OzrWi+/S2p0m5sblJHjjWwevnTxdhC3hy7PHJ5E52eSJ1l0iU1bxgPZdBTXXdYTSBETk","1mQK2LOpYfs8n302JawqETb61Wmu8SMRhmR+YnkDdw0=","Cratacanthus dubius",,
"89ed0fd8-2963-460b-8a62-b82266238a32","STER_028.basePlot.bet","D10","STER","STER_028","2014-08-19","2014-09-02","2015-02-24","bW2EsnYmokW/AO8CH3yZtUfv/o2wyI8UmNW99J6fIWPWRQ1Y6ltuIrpQmUdhInhhwUtTGKIgjfCUhlcqPMwTaw==","bW2EsnYmokXGiZOO7ummVKYd2+Dvgvk++68cDh6tZNk=","Cratacanthus dubius",,
"c1d0f474-3bbf-4ce9-9606-88f2b4a1c15f","STER_029.basePlot.bet","D10","STER","STER_029","2014-08-19","2014-09-02","2015-02-24","KK2q9nxeS909qea31nTmns7xFuV7S4Q2HnebU3UzBNsA4l8RRgL9LJb0Av9WXnk6nRoArNLFwnr13m81JqijpaRLawrdp5Otf6AkkXp5gL4brQ1yKMB+x9tWsgJsgcAg","KK2q9nxeS9390W7CcN2BoqOkz5lfULYmxtM5y75ucnw=","Cratacanthus dubius",,
"09ff0985-2732-470c-a34a-cfa2a818779d","STER_026.basePlot.bet","D10","STER","STER_026","2014-08-19","2014-09-02","2015-02-24","B74IC5C471onqNMgufCM3uucPzcRY/zLOmLyA1gr+h80KVNg8Yn+6EAIjf5trzsgtOqC49avtALf4WCZpHOU6g==","B74IC5C471qDB/F9uYW5dCPlM+ovX+QQEb7SyRFyn7Q=","Cyclotrachelus torvus",,
"59a3ae09-d393-4fe3-a985-1064be8c82a4","STER_032.basePlot.bet","D10","STER","STER_032","2014-08-19","2014-09-02","2015-02-24","fEa5yf30aQwLrou1WnSFof6Wqh4rxude6EymG/KMM1+2ImpHw3Pdm6zz8jrggs608xjV5cRKA+anXo/11xXVmw==","fEa5yf30aQwZPzlAtg18Nm8EJBuBU8KzXx1WlrO7a+o=","Cyclotrachelus torvus",,
"68edb26c-fc75-4fdf-bdb7-3541f9fa3264","STER_006.basePlot.bet","D10","STER","STER_006","2014-08-19","2014-09-02","2015-02-24","LZ9IDatJ8HE+OOV3AMnyNX0FzGE+gWw11Xoucn50SgdjjjdS1n/d41OgCQA24UATTy970TOSP/mhWWTIj2c9mQ==","LZ9IDatJ8HHbBhXdC5893leaD0v7deW3n9L+tsgD+bw=","Cyclotrachelus torvus",,
"8a900096-3cee-4caf-8299-ed0b78633ade","STER_033.basePlot.bet","D10","STER","STER_033","2014-08-19","2014-09-02","2015-02-24","Yx5jJOWNohLt0qDALt67y94ozS761dW4PtnP1219JABqexQpaW6RwgIYRt9M1z4NiDAR1LKXbqbyrGm8Kar74w==","Yx5jJOWNohL7sv/z90oxqsTlov9buS0iUZoMa1leYqM=","Harpalus amputatus",,
"4e9410d1-e495-452a-a43a-55ceadbafab4","STER_031.basePlot.bet","D10","STER","STER_031","2014-08-19","2014-09-02","2015-02-24","1mQK2LOpYfuWnIBkG65ol0G4GGbkTaRYsFX0JaSgUuCCg4dBW+5dMWauj8ii98YJuYqrsOHlMDgdKtvWmchHMnig82VqIBAzvD6o6f+JViSQ5gEyeQ5SgVfS2ZwFO1Zt","1mQK2LOpYfs8n302JawqEXDuzj0/A6H/P/FAsM6hrZY=","Harpalus amputatus",,
"86eeffcb-d8d9-4a6b-9d68-76f661cc6815","STER_032.basePlot.bet","D10","STER","STER_032","2014-08-19","2014-09-02","2015-02-24","fEa5yf30aQwCJ08QSZSv4gsv96qtvC9HkPikXiSDwZF6sDXHjpl8q2IeoJedekb6MI8uVAQYqy3GHMXZxex3lg==","fEa5yf30aQwZPzlAtg18NqsdEmMT07JZRhOdykM1j+Q=","Harpalus caliginosus",,
"e2e8066c-7397-404c-9b60-a0f864c49315","STER_006.basePlot.bet","D10","STER","STER_006","2014-08-19","2014-09-02","2015-02-24","LZ9IDatJ8HHnQun5ScVKQUO8y39kOoO1DhJJ9tgjywIUv4Rh+bHp5CFhmw09D+9gY2OzoGuuMKxKpAAV8Yc8QuXfLfR46nGoMXEdVHIuRBy+AyEqDTXKxHXXLdB9FnzG","LZ9IDatJ8HHbBhXdC5893lnga+r0crJy8ma2K3OTCN4=","Harpalus caliginosus",,
"ce5c6241-d176-4c83-8fc5-0a877a99bb6a","STER_027.basePlot.bet","D10","STER","STER_027","2014-08-19","2014-09-02","2015-02-24","FuEDHNSxWAnQlwXeH1K2nDH4Um1YJGpKckQzu8XNrOogVGkYUuTWjR4j0jx8knT7TdwPbzlZdazjQ/CIw21KpVOR7wwT63U4KBERiJe5FsloiMbHZcC3eZ51N2SLYUPT","FuEDHNSxWAkGzTEo3uRRq6itKUADSfoZyXIPcrgazZc=","Harpalus amputatus",,
"cfaa6d0d-1e5a-4866-b87d-bfe7ef63453e","STER_006.basePlot.bet","D10","STER","STER_006","2014-09-02","2014-09-16","2015-01-22","LZ9IDatJ8HE+OOV3AMnyNUerbXhF0Vd/CcX+QZtSn6Ti3IeCHhgYu4S/ltkLLECjmopA/j969xV/EQhwwBTsjVkwomyroHXLDUlfTblsLWjmieRBq2lWkEAbtCA6/F3st2sGSleMHns=","LZ9IDatJ8HHiEAWUPXM219l/gwKJEuNh",,,
"58f73993-2ad1-47ea-a359-7f2d1c735c14","STER_027.basePlot.bet","D10","STER","STER_027","2014-09-02","2014-09-16","2015-02-25","FuEDHNSxWAmQmPde4WiVaT2ms8Fs67bkTHtiOIQpJ9jsIr/So8rpNAfsBPhFhC1gyclvUpzwy4IhBHPMcDhkfphITouDufEwefd7gFDcaTEmM5Vd6BzAezKdFNqwaP55","FuEDHNSxWAkO06p3tyfmtelpOb8m4+7idIDeum3Yv6M=","Harpalus reversus",,
"bfefa3e3-f061-4280-afb6-3009be01a36e","STER_034.basePlot.bet","D10","STER","STER_034","2014-09-02","2014-09-16","2015-02-25","v+COazD1kvwkHo3S4bdJ/grNMQ7BimwsJ4yEOGS8CsxSIXFohdTMB0JOWVM8IugKSE4sL8/WVRytmmsZTEamGaErOMMXPrknRrT2pA59cIioGnuHaW0PbMa5xPAXYJvj","v+COazD1kvzJ0c9y7Uv2SQ07xVkTGs6dtbCpHZC8HGE=","Amara carinata",,
"4b11bd9f-d527-4e61-9972-4957706a03f3","STER_028.basePlot.bet","D10","STER","STER_028","2014-09-02","2014-09-16","2015-02-25","bW2EsnYmokWyVquFpJyOPZulLGJHtF45sZflVVyh7z1lAQOhwyB8YcE/76aauEcszvXcMWuC4af3XY2y1TDIpRt9Tj752dk8yAylNzbkuNOWiPgqCnM85yYJsYpSNbbQrodSd8toHkeyYE7tUsxaozclfoLWWWqg","bW2EsnYmokUDEe9JQAxP6Ick+FLubu2R90UaFJgsK58=","Amara carinata",,
"22cd5b72-cb12-4209-aca8-b204cf4749e5","STER_026.basePlot.bet","D10","STER","STER_026","2014-09-02","2014-09-16","2015-02-25","B74IC5C471onqNMgufCM3nen4HWpg8qRo/WBJNegOHSF7XM8nWc26p+RT/XfhtrynfCPHn6qleNLDolwshYnVFW8PueaAymi/KUphnoFxtCPDShLtSK6C3ODUe0YPiz3TTOzfNK+BLl9HtLsiNd2ysb3aTCPa8Db","B74IC5C471qLF8qL314lF+2aLL4SKfkSuO4roMnRnUE=","Amara carinata",,
"0ce6b054-2411-4796-8f47-7f89f760135a","STER_026.basePlot.bet","D10","STER","STER_026","2014-09-02","2014-09-16","2015-02-25","B74IC5C471q65WAnY8r9A5//OdxH8Pr/7i53s3fb1z65NdcY/kukwQgLqwtFE0w45WObRANNlk+cIpPq5wy1jQ==","B74IC5C471qLF8qL314lFxJ3DaV1Z6oXPHHAOwiHFFI=","Agonum placidum",,
"caf8c6f3-3a37-4117-90d6-0301763e1e11","STER_027.basePlot.bet","D10","STER","STER_027","2014-09-02","2014-09-16","2015-02-25","FuEDHNSxWAmQmPde4WiVae1BRtnXFTczE6tEy6roP+zk8XwztQzcdBRnn3G1/IxDSXb4ximLmb1gssKTOuDHNA==","FuEDHNSxWAkO06p3tyfmteSAgWuICQb4eFGL0cFSapA=","Amara carinata",,
"3f39bd2a-076a-4cf4-8d6d-6fda694d49cc","STER_032.basePlot.bet","D10","STER","STER_032","2014-09-02","2014-09-16","2015-02-25","fEa5yf30aQwCJ08QSZSv4od9LvGzch7yHxPPS+i2yBVXsRlt2wOXUL7+bmmxgZOU2KDI4x7cAPkUAbyuvhvn2Qvdf7uiv4Mt4up90SQgIwHEuUGLelYmMbs/WWiUyDySnrkti2DQQCTzmwefC52PwcIFV/2c1Yc6","fEa5yf30aQztmEMUDokmKtkpLlPnzOqa3DGf7HbeC5M=","Amara carinata",,
"2724f032-93d0-48f4-a18c-8e8b444efae7","STER_033.basePlot.bet","D10","STER","STER_033","2014-09-02","2014-09-16","2015-02-25","Yx5jJOWNohJp6dqmDJpDShYQxh82o7vsfbVQWkUVm9c3JmOw5M0MIn4SM46mSYf7R4fz4BexgtEmTBHtSg/dzQ==","Yx5jJOWNohJjJcIEIk+8kpFuKDekmDMO0dgX8NBkJFc=","Cicindela punctulata",,
"f6ded4a3-b7bd-4b14-bfec-9521197f3eba","STER_032.basePlot.bet","D10","STER","STER_032","2014-09-02","2014-09-16","2015-02-25","fEa5yf30aQwLrou1WnSFoaClMSYu9fL44QFRY8KrWWkbvo0h8FR9DpXwFjHS/TR/m+ueTWKPlWi2QC7ZTWn9Xb0aoJgKnD6mfNrECjYHCD4jaEvYyalHAqba81ME6uY1AmbOd88NZwQOpLYYLJYlCmJfIZKe66wD","fEa5yf30aQztmEMUDokmKg36H31ABoYXxIxwIgKMAKo=","Cicindela punctulata",,
"9b75ec6c-416c-4599-a47c-5f24928f29b7","STER_029.basePlot.bet","D10","STER","STER_029","2014-09-02","2014-09-16","2015-02-25","KK2q9nxeS91GbdWqecI4haX/4lgUEuMvU3RsobHN6D62XWMncBDCHYbaBjINvY0qILiS/MZa+KXs55M1HPZtzdik+mGUzQkyE0gs6kdNKAEsOto0fKGlJnkwQ0HMCj46","KK2q9nxeS92WEPQFqR1Q86vj0E6sa/oOL1rh6/DxSok=","Anisodactylus rusticus",,
"24eefa6c-01b7-4cf2-aeb4-132093d9a1ab","STER_035.basePlot.bet","D10","STER","STER_035","2014-09-02","2014-09-16","2015-02-25","xZ4ZeMJQZ4JWwqKs5m9HZrt64xOYQptspYOJEOOy2aTIttxDjfpYF4aL2mvdEiLtarjCaPJUdys3stqFCvJtBaSMm2j8lfvyp8fGHoWy7YcmCjSo3eha1vpd2/du52HT","xZ4ZeMJQZ4I4YWDUIFwyM3dAVzk+aUPEigmXJwMIR70=","Cratacanthus dubius",,
"4b1bc5dc-6aa6-4b15-9996-99e437338ee7","STER_006.basePlot.bet","D10","STER","STER_006","2014-09-02","2014-09-16","2015-02-25","LZ9IDatJ8HEz8jJfyVqbpBbpEgMUn2Y2ilS3lIAYo9XHf30AykYKz0YKpMkfFQppJVbfGTCVqDsNp5ROdwXVzw==","LZ9IDatJ8HHiEAWUPXM210NRfLKpfOO0sA7+vyetxYQ=","Cicindela punctulata",,
"47d30731-e41c-4f96-92f8-ecccf8171c91","STER_032.basePlot.bet","D10","STER","STER_032","2014-09-02","2014-09-16","2015-02-25","fEa5yf30aQwvj3g+ODeZAxxuOos+NmbetxJNyUJtrw0PyEjcb5p/O+YC7lGTIODgLgsSrrGP/we1uPXEBEJvWdi6iT1SYHp8sturVStsp6LAbkiv5LLBwqCFYSn9BNzd63YP1jF6qTy2z12IMFXuP1ELUPvmZ3sJ","fEa5yf30aQztmEMUDokmKo1NGCAULZwuHc9BtG3FchE=","Cratacanthus dubius",,
"ca18c7d3-f793-47b1-9d3c-6471201f4ae6","STER_033.basePlot.bet","D10","STER","STER_033","2014-09-02","2014-09-16","2015-02-25","Yx5jJOWNohLt0qDALt67y7ZZ/nQKFBu8hsd3TJqULtIfaWySo8O8LyaYatZCrdVlKeOPYdeWAr+xi6+y3kgcTmEvV8bN4OjHlXPTO93zSLxutekuw5nPo+Yh2Yrp70Jj","Yx5jJOWNohJjJcIEIk+8kqU/Sk4do8gHDKCA8blEBfk=","Cratacanthus dubius",,
"e389b489-6bfa-4877-9417-2e566e9cd102","STER_031.basePlot.bet","D10","STER","STER_031","2014-09-02","2014-09-16","2015-02-25","1mQK2LOpYft7qGVIqUfGwG0ci8xlmz0wRKVjv3sZMkRuHldtxCLCwa9TfAcAl51HVelv7rn9tmWN89V0tWonqgMPttdnAcQ/ZH+NsmSPXvYIcQmVlIUWM92jfCAWVPuW7aWW/0up4P+Xx8aW5wyTNkX98qb6ViCb","1mQK2LOpYfvxYzYOC60qTso0flK9IHSMpQlro74nmQE=","Cratacanthus dubius",,
"82c38233-93e2-4c4d-90e9-164cea54f017","STER_029.basePlot.bet","D10","STER","STER_029","2014-09-02","2014-09-16","2015-02-25","KK2q9nxeS91GbdWqecI4hSeqcuj+KilfkMWNX7RJ/05DORuc+e94UzqweH2BQVYGuQHbyk9Jla7X3hQHv0a8H2bgmKFFkZPmgcCWamg3mbZ3rMkSQyO1TsBtwyiqJk6P","KK2q9nxeS92WEPQFqR1Q8yFYTEaYkdss5dQFPeskKFA=","Cratacanthus dubius",,
"157c8a2a-ce45-4819-a2f2-2ff151a2fcc8","STER_027.basePlot.bet","D10","STER","STER_027","2014-09-02","2014-09-16","2015-02-25","FuEDHNSxWAmQmPde4WiVabgIpQ12ipYF567q7CtzCbbBeeocbsBn1cUZJAWL3vXUWlQqIoPSv3aNlgJO5Op4O3Q6bPv8RatkOxX0PitIoy/nDF8dZpV/uxd/INDikvSD","FuEDHNSxWAkO06p3tyfmtXql6u7APmeO7e0qfFZbyH8=","Cratacanthus dubius",,
"d5133d55-68ff-407a-918d-066369f0df09","STER_006.basePlot.bet","D10","STER","STER_006","2014-09-02","2014-09-16","2015-02-25","LZ9IDatJ8HEz8jJfyVqbpOSDXryfe75ZksAui1vKu000Sa9IUG1SYfAL6rv0vn2U01C/HnjBXjz2iWjk3q07AZjRuEfHoqsDErADKy71rMAdXMpbCJH1B05OFXHLJjso","LZ9IDatJ8HHiEAWUPXM219dxRJ5w4Q6LoV9HatQXWOI=","Cyclotrachelus torvus",,
"a009f900-0625-4a9d-b2e1-6622157e1fce","STER_033.basePlot.bet","D10","STER","STER_033","2014-09-02","2014-09-16","2015-02-25","Yx5jJOWNohJFQXiJJJCIN5WoHWWAGY3+XUeF3OXCZ3bnc5KdDUdGpVhyxDrb9oQO3jRRJbAKL/h1CdvRgWHHEw==","Yx5jJOWNohJjJcIEIk+8kicy76Tmp+v84Wp1MlIKp0U=","Harpalus amputatus",,
"4e1ffff2-3279-4605-ab40-f9a3781266e3","STER_033.basePlot.bet","D10","STER","STER_033","2014-09-02","2014-09-16","2015-02-25","Yx5jJOWNohJp6dqmDJpDSlbcRhuoFoeXBoCBL4VHZLRdNxbRCbLyTwdpKylPWpz11G7K2bZ+GuE6vuxXcFSkZ3IUptADO9fR+Ge9ro6eQvXBrcBOTM2TdDYZTXxX1NXh","Yx5jJOWNohJjJcIEIk+8ksEKxoQEuAapjySMMVRj0fU=","Harpalus pensylvanicus",,
"5c7c0fb8-e7d1-4cae-8a64-0f4c0f19830e","STER_026.basePlot.bet","D10","STER","STER_026","2014-09-02","2014-09-16","2015-02-25","B74IC5C471onqNMgufCM3rLKQDsCFNDTfd/zVvqpaeaG/MhQV297TQlkKYTXpMcTfURMuX5Wmq/5HtmjaadUMR26ea/knjXCLHU0bcziZdEJ7KVe+a2/QdpAYlOntvA6","B74IC5C471qLF8qL314lFx1XVneW+RriTlglTQlD/5s=","Harpalus caliginosus",,
"1018faf7-6cbb-4fb2-9408-edb974aba93c","STER_031.basePlot.bet","D10","STER","STER_031","2014-09-02","2014-09-16","2015-02-25","1mQK2LOpYfsiZhIMO/VVjdY2URnjmePp9dMpFAO7LMURQaP/dLYwTH9LGvl3Y6bPq6+20DpFqgVQZTi/Gk/r4+tqfMvVnWoHZ1Bk1Qn5Bvnv8AhyqlFwwd4H1LzdOTd7","1mQK2LOpYfvxYzYOC60qTrn4oOiAj1VDmCp0oTy+ig4=","Harpalus amputatus",,
"e2c7b21e-0ebd-433d-b7d4-2a4c096db7b9","STER_029.basePlot.bet","D10","STER","STER_029","2014-09-02","2014-09-16","2015-02-25","KK2q9nxeS91klkZAAvOHCM69yC5OLrMWAlytOdhAuB8MI37OWDNmzGlr0N+qDwAQFtSTHwErFdpcZr+oiLzwNtnaQRxYAaSpAFjezLU+KBDU+UakZKJW4HPH9OnOcKtRuYah9TKe7FFUoUxQAwbxjIeClz6mnZu2nWJBSt2oZWk=","KK2q9nxeS92WEPQFqR1Q8++ZT0Ih9X3DtBf5RLZzAYs=","Harpalus amputatus",,
"da29975c-4eb0-4006-944c-41fe043efd14","STER_028.basePlot.bet","D10","STER","STER_028","2014-09-02","2014-09-16","2015-02-25","bW2EsnYmokVQpJJnurqSXKxCTLcFLlP9RUrosLxuIoBC5U9Lq5WskS1Gu0G5iuHNSa8d+kNPQ0kQCmgfOpvd7Q==","bW2EsnYmokUDEe9JQAxP6NYsroBgjlImzIRgZbsGvMY=","Harpalus amputatus",,
"2e7cb5bb-2708-44bd-8ffa-0448967a99fe","STER_027.basePlot.bet","D10","STER","STER_027","2014-09-02","2014-09-16","2015-02-25","FuEDHNSxWAmQmPde4WiVaZVq7T5BdWSTlgVY8bGrmCwM55gQgoso+WF522NFnPNWsEYyarh6vhIgD72HEJydyamp5tEKVCiTG5K7joWwSaufrdurzATATma+zEcagIW+Ow98fv3kpWAB9WSsfynVkns53tN8tiHphwBfMdxEnn0=","FuEDHNSxWAkO06p3tyfmtSl1ylN21wlHI11AV0GUR14=","Harpalus amputatus",,
"499ea994-f025-436d-8a43-855540800c9a","STER_032.basePlot.bet","D10","STER","STER_032","2014-09-02","2014-09-16","2015-02-25","fEa5yf30aQwvj3g+ODeZA1n0l0nZ3EV4AESS78Cv3wjdQwA/epwjpCcf0CyjCE7v267prU2+4O1O5h72oXcigXtrqwqUnfKS1bj7eDlC/oFGiHsm/Ve2zRlwezWCtt+nByl/T5cRBQY4Zq3vgj4H8DxTAcpfF5YfLQ1TTnNCHwg=","fEa5yf30aQztmEMUDokmKkEFJlNjtwvaa+hS31Io7qY=","Harpalus amputatus",,
"a764e336-9b3a-4736-a50a-8d3c2e8e57f9","STER_034.basePlot.bet","D10","STER","STER_034","2014-09-02","2014-09-16","2015-02-25","v+COazD1kvwkHo3S4bdJ/oa/XPSSusvS08ZungqrKCRhOutzFJ626jjlPxeuMfAvYSDESZmpzu7VXY52lCuAmAJp+UyRxkQpYycGKnWromrnu0v//jNV3n2/CDe2RFop","v+COazD1kvzJ0c9y7Uv2SeRJ43QZfk+a/isB+KCWJXc=","Harpalus pensylvanicus",,
"676e0bed-60c1-4ef6-bae9-13a1d38ccf5f","STER_028.basePlot.bet","D10","STER","STER_028","2014-09-02","2014-09-16","2015-02-25","bW2EsnYmokVQpJJnurqSXL/HYgLHvJNTYz1CHm7BL79cvl4cwxRTzRAriUgHqfy86bQ24Tzi7BjeeK4LhNHAjUGddZmcYEsyWIPr3+1nhAJCPQgvYZb15bxYVpxNp8nuZ8gB48lJ10eHraQa/NIdEMbl7n2Ltqmw","bW2EsnYmokUDEe9JQAxP6AlIbh519WQO12yQkxbpoyc=","Harpalus reversus",,
"eda24203-23af-4339-89ea-0693d05f6503","STER_032.basePlot.bet","D10","STER","STER_032","2014-09-02","2014-09-16","2015-02-25","fEa5yf30aQwCJ08QSZSv4lZtQ8d9rFGscshi4mpBt1NDiSvGRk5GcZprRj+r2PsHRDYDq5EcTclCOEQvl35Tuy213zfHaZ4Xjob4tkaAUmRGdnUI5+NjRuWjoY/6W0Md","fEa5yf30aQztmEMUDokmKhjE0Mh/XDfkUKS4znB2gSk=","Harpalus reversus",,
"13b97d5f-a2bd-46a3-b8b1-d7310cd55118","STER_026.basePlot.bet","D10","STER","STER_026","2014-09-02","2014-09-16","2015-02-25","B74IC5C471q65WAnY8r9A8pB4BoiQEsrIGok2v6bGuP+JaOPO/Z3d44vLF9yr9f1m3AvYHNOwrdumsiden0S75S5lvw3HokRNJ1+q5piVV5SZG+NELqhSI0KrETdf9fq","B74IC5C471qLF8qL314lF/TtGwMbMnAV6pxD2/2Fzck=","Harpalus reversus",,
"cc419068-8da1-4c80-aa54-51478fa21a7e","STER_033.basePlot.bet","D10","STER","STER_033","2014-09-02","2014-09-16","2015-02-25","Yx5jJOWNohJp6dqmDJpDShDtTlmO1NcSM+FvGT6WXapA0E9s/C7s+O+KYKUmyu7S4BNn9Jsk+fECJT3bJwuP9ey2Lq9uvMvq2BCQbZoNPC3QBEPKo/k3Y/9YX/HQcHfnFwK/lq5de9OFvVge6uXNDkJVppsTePAc","Yx5jJOWNohJjJcIEIk+8kqISdR80KKIyk3fggodsxQo=","Amara carinata",,
