uid,namedLocation,domainID,siteID,plotID,trapID,setDate,collectDate,processingDate,identifiedDate,subsampleID,individualID,taxonID,scientificName,taxonRank,identificationQualifier,scientificNameAuthorship,morphospeciesID,identificationReferences,totalLength,identifiedBy,recordedBy,remarks
"5ca445d8-951a-44b9-b596-101747f9e1ca","STER_034.basePlot.bet","D10","STER","STER_034","N","2014-08-19","2014-09-02","2015-02-23","2015-02-23","v+COazD1kvxSkLBCFXDApV02z1Yd02747uKrqL8M4Fs=","NEON.BET.D10.002463","PASELO","Pasimachus elongatus","species",,"LeConte",,"Other",,"P+EeY8owwbjzXaiaPoIJpc6mcpR6iWBh","P+EeY8owwbjzXaiaPoIJpc6mcpR6iWBh",
"2c3d9b2c-3a13-4a8f-8bbe-1ab2ed7ae5b4","STER_032.basePlot.bet","D10","STER","STER_032","N","2014-08-19","2014-09-02","2015-01-15","2015-02-24","fEa5yf30aQwvj3g+ODeZA0wcNB1m8sevztPjVNIgRtQ=","NEON.BET.D10.002503","EURGRO","Euryderus grossus","species",,"Say",,"Other",,"P+EeY8owwbjzXaiaPoIJpc6mcpR6iWBh","P+EeY8owwbjzXaiaPoIJpc6mcpR6iWBh",
"d899071e-5776-4260-b194-333e9dfd77a3","STER_031.basePlot.bet","D10","STER","STER_031","N","2014-08-19","2014-09-02","2015-01-15","2015-01-15","1mQK2LOpYfsiZhIMO/VVjWvrilEqbwmUhVa2Z7jLkI8=","NEON.BET.D10.002420","CHLTOM","Chlaenius tomentosus","species",,"Say",,"Other",,"P+EeY8owwbjzXaiaPoIJpc6mcpR6iWBh","XXW8BqPXtz8Ncjf8bOi7gc6Hj7+NVXsl",
"a7bbf5df-9ef4-4dde-8383-b7676279c60b","STER_031.basePlot.bet","D10","STER","STER_031","N","2014-08-19","2014-09-02","2015-01-15","2015-01-15","1mQK2LOpYfsiZhIMO/VVjVFceVsm3xv54Jm6Nyfry6Q=","NEON.BET.D10.002421","PASELO","Pasimachus elongatus","species",,"LeConte",,"Other",,"P+EeY8owwbjzXaiaPoIJpc6mcpR6iWBh","XXW8BqPXtz8Ncjf8bOi7gc6Hj7+NVXsl",
"f62cd3fc-98e8-4ffd-b106-f218883b9b4a","STER_031.basePlot.bet","D10","STER","STER_031","N","2014-08-19","2014-09-02","2015-01-15","2015-01-15","1mQK2LOpYfsiZhIMO/VVja1XodjrdwDRgPlCjbmqqlk=","NEON.BET.D10.002422","POESCI","Poecilus scitulus","species",,"LeConte",,"Other",,"P+EeY8owwbjzXaiaPoIJpc6mcpR6iWBh","XXW8BqPXtz8Ncjf8bOi7gc6Hj7+NVXsl",
"fb6b8e3b-0e2d-403c-9a00-99d350cd6198","STER_031.basePlot.bet","D10","STER","STER_031","N","2014-08-19","2014-09-02","2015-01-15","2015-01-15","1mQK2LOpYfsiZhIMO/VVjS98Vk9mStxB1utb1FNKSfI=","NEON.BET.D10.002423","BEMRAP","Bembidion rapidum","species",,"LeConte",,"Other",,"P+EeY8owwbjzXaiaPoIJpc6mcpR6iWBh","XXW8BqPXtz8Ncjf8bOi7gc6Hj7+NVXsl",
"d8b266e5-ca3b-473d-b794-8de1787e8760","STER_028.basePlot.bet","D10","STER","STER_028","N","2014-08-19","2014-09-02","2015-01-15","2015-02-23","bW2EsnYmokWyVquFpJyOPWaNjPgeAneyFXVrfS7LV3I=","NEON.BET.D10.002432","PASELO","Pasimachus elongatus","species",,"LeConte",,"Other",,"XXW8BqPXtz8Ncjf8bOi7gc6Hj7+NVXsl","XXW8BqPXtz8Ncjf8bOi7gc6Hj7+NVXsl",
"62bee25b-5173-44bc-b4e2-ce63c6839d7d","STER_033.basePlot.bet","D10","STER","STER_033","N","2014-08-19","2014-09-02","2015-02-23","2015-02-23","Yx5jJOWNohJp6dqmDJpDSlEFNEH8ARJsb9TLH682SX8=","NEON.BET.D10.002476","CARSP14","Carabidae sp.","family",,"Latreille","D10.2014.MorphF","Other",,"P+EeY8owwbjzXaiaPoIJpc6mcpR6iWBh","P+EeY8owwbjzXaiaPoIJpc6mcpR6iWBh","approximately 10mm. leg more rufous than body. enlarged femur on all legs. One orbital setae"
"d1c6807e-f5f6-49f3-87f7-402a5d8be907","STER_033.basePlot.bet","D10","STER","STER_033","N","2014-08-19","2014-09-02","2015-01-15","2015-02-24","Yx5jJOWNohJp6dqmDJpDSlEFNEH8ARJsb9TLH682SX8=","NEON.BET.D10.002483","CARSP14","Carabidae sp.","family",,"Latreille","D10.2014.MorphJ","Other",,"P+EeY8owwbjzXaiaPoIJpc6mcpR6iWBh","P+EeY8owwbjzXaiaPoIJpc6mcpR6iWBh","Could be Amara sp. approximately 10mm. bottom of pronotum has hook on it. brown color. Smaller than B"
"a5a3fca3-4bca-48ae-b471-473cad43e522","STER_033.basePlot.bet","D10","STER","STER_033","N","2014-08-19","2014-09-02","2015-01-15","2015-02-24","Yx5jJOWNohJp6dqmDJpDSlEFNEH8ARJsb9TLH682SX8=","NEON.BET.D10.002482","CARSP14","Carabidae sp.","family",,"Latreille","D10.2014.MorphJ","Other",,"P+EeY8owwbjzXaiaPoIJpc6mcpR6iWBh","P+EeY8owwbjzXaiaPoIJpc6mcpR6iWBh","Could be Amara sp. approximately 10mm. bottom of pronotum has hook on it. brown color. Smaller than B"
"2fb7dea3-a4c8-4c66-a181-553a129c3933","STER_033.basePlot.bet","D10","STER","STER_033","N","2014-08-19","2014-09-02","2015-02-23","2015-02-23","Yx5jJOWNohJp6dqmDJpDSlEFNEH8ARJsb9TLH682SX8=","NEON.BET.D10.002478","CARSP14","Carabidae sp.","family",,"Latreille","D10.2014.MorphF","Other",,"P+EeY8owwbjzXaiaPoIJpc6mcpR6iWBh","P+EeY8owwbjzXaiaPoIJpc6mcpR6iWBh","approximately 10mm. leg more rufous than body. enlarged femur on all legs. One orbital setae"
"96fa4993-9f75-4252-8175-876bc656dc0e","STER_031.basePlot.bet","D10","STER","STER_031","N","2014-08-19","2014-09-02","2015-01-15","2015-01-15","1mQK2LOpYfsiZhIMO/VVjS98Vk9mStxB1utb1FNKSfI=","NEON.BET.D10.002424","BEMRAP","Bembidion rapidum","species",,"LeConte",,"Other",,"P+EeY8owwbjzXaiaPoIJpc6mcpR6iWBh","XXW8BqPXtz8Ncjf8bOi7gc6Hj7+NVXsl",
"38982334-a3e6-4fa3-989a-0cd20677378c","STER_031.basePlot.bet","D10","STER","STER_031","N","2014-08-19","2014-09-02","2015-01-15","2015-02-23","1mQK2LOpYfsiZhIMO/VVjS98Vk9mStxB1utb1FNKSfI=","NEON.BET.D10.002425","SELSP2","Selenophorus sp.","genus",,"Dejean",,"Other",,"P+EeY8owwbjzXaiaPoIJpc6mcpR6iWBh","XXW8BqPXtz8Ncjf8bOi7gc6Hj7+NVXsl",
"0d34afc3-47a7-40bf-980e-f948c00fdf29","STER_033.basePlot.bet","D10","STER","STER_033","N","2014-08-19","2014-09-02","2015-01-15","2015-02-24","Yx5jJOWNohJp6dqmDJpDSlEFNEH8ARJsb9TLH682SX8=","NEON.BET.D10.002480","CARSP14","Carabidae sp.","family",,"Latreille","D10.2014.MorphJ","Other",,"P+EeY8owwbjzXaiaPoIJpc6mcpR6iWBh","P+EeY8owwbjzXaiaPoIJpc6mcpR6iWBh","Could be Amara sp. approximately 10mm. bottom of pronotum has hook on it. brown color. Smaller than B"
"2ffe0ca2-3cbf-463e-b507-0932fc507f12","STER_033.basePlot.bet","D10","STER","STER_033","N","2014-08-19","2014-09-02","2015-01-15","2015-02-24","Yx5jJOWNohJp6dqmDJpDShwk4GngSqDHWA7Vje+dFIg=","NEON.BET.D10.002490","HARCAL","Harpalus caliginosus","species",,"Fabricius",,"Other",,"P+EeY8owwbjzXaiaPoIJpc6mcpR6iWBh","XXW8BqPXtz8Ncjf8bOi7gc6Hj7+NVXsl",
"b14ed170-d14c-460f-8927-15f257a25bff","STER_033.basePlot.bet","D10","STER","STER_033","N","2014-08-19","2014-09-02","2015-02-23","2015-02-23","Yx5jJOWNohJp6dqmDJpDSlEFNEH8ARJsb9TLH682SX8=","NEON.BET.D10.002474","CARSP14","Carabidae sp.","family",,"Latreille","D10.2014.MorphF","Other",,"P+EeY8owwbjzXaiaPoIJpc6mcpR6iWBh","P+EeY8owwbjzXaiaPoIJpc6mcpR6iWBh","approximately 10mm. leg more rufous than body. enlarged femur on all legs. One orbital setae"
"48cf487a-875c-4127-9a4f-fa24d0bdc6cc","STER_033.basePlot.bet","D10","STER","STER_033","N","2014-08-19","2014-09-02","2015-02-23","2015-02-23","Yx5jJOWNohJp6dqmDJpDSlEFNEH8ARJsb9TLH682SX8=","NEON.BET.D10.002472","CARSP14","Carabidae sp.","family",,"Latreille","D10.2014.MorphF","Other",,"P+EeY8owwbjzXaiaPoIJpc6mcpR6iWBh","P+EeY8owwbjzXaiaPoIJpc6mcpR6iWBh","approximately 10mm. leg more rufous than body. enlarged femur on all legs. One orbital setae"
"b21777fe-6a96-4df3-acfd-dc8d379d91cd","STER_033.basePlot.bet","D10","STER","STER_033","N","2014-08-19","2014-09-02","2015-02-23","2015-02-23","Yx5jJOWNohJp6dqmDJpDSlEFNEH8ARJsb9TLH682SX8=","NEON.BET.D10.002475","CARSP14","Carabidae sp.","family",,"Latreille","D10.2014.MorphF","Other",,"P+EeY8owwbjzXaiaPoIJpc6mcpR6iWBh","P+EeY8owwbjzXaiaPoIJpc6mcpR6iWBh","approximately 10mm. leg more rufous than body. enlarged femur on all legs. One orbital setae"
"fbcd7c0f-f34d-45b3-8666-4b930faca572","STER_033.basePlot.bet","D10","STER","STER_033","N","2014-08-19","2014-09-02","2015-01-15","2015-02-24","Yx5jJOWNohJp6dqmDJpDSlEFNEH8ARJsb9TLH682SX8=","NEON.BET.D10.002481","CARSP14","Carabidae sp.","family",,"Latreille","D10.2014.MorphJ","Other",,"P+EeY8owwbjzXaiaPoIJpc6mcpR6iWBh","P+EeY8owwbjzXaiaPoIJpc6mcpR6iWBh","Could be Amara sp. approximately 10mm. bottom of pronotum has hook on it. brown color. Smaller than B"
"9c9c44c4-5f65-407d-8510-dd838b4be767","STER_033.basePlot.bet","D10","STER","STER_033","N","2014-08-19","2014-09-02","2015-02-23","2015-02-23","Yx5jJOWNohJp6dqmDJpDSlEFNEH8ARJsb9TLH682SX8=","NEON.BET.D10.002473","CARSP14","Carabidae sp.","family",,"Latreille","D10.2014.MorphF","Other",,"P+EeY8owwbjzXaiaPoIJpc6mcpR6iWBh","P+EeY8owwbjzXaiaPoIJpc6mcpR6iWBh","approximately 10mm. leg more rufous than body. enlarged femur on all legs. One orbital setae"
"2d64584f-7f6b-4f6f-a314-1bdb0e3e93c0","STER_033.basePlot.bet","D10","STER","STER_033","N","2014-08-19","2014-09-02","2015-01-15","2015-02-24","Yx5jJOWNohJp6dqmDJpDSlEFNEH8ARJsb9TLH682SX8=","NEON.BET.D10.002479","CARSP14","Carabidae sp.","family",,"Latreille","D10.2014.MorphJ","Other",,"P+EeY8owwbjzXaiaPoIJpc6mcpR6iWBh","P+EeY8owwbjzXaiaPoIJpc6mcpR6iWBh","Could be Amara sp. approximately 10mm. bottom of pronotum has hook on it. brown color. Smaller than B"
"7c99163e-0845-4a1c-be2a-bc0156d2d496","STER_033.basePlot.bet","D10","STER","STER_033","N","2014-08-19","2014-09-02","2015-02-23","2015-02-23","Yx5jJOWNohJp6dqmDJpDSlEFNEH8ARJsb9TLH682SX8=","NEON.BET.D10.002477","CARSP14","Carabidae sp.","family",,"Latreille","D10.2014.MorphF","Other",,"P+EeY8owwbjzXaiaPoIJpc6mcpR6iWBh","P+EeY8owwbjzXaiaPoIJpc6mcpR6iWBh","approximately 10mm. leg more rufous than body. enlarged femur on all legs. One orbital setae"
"611b4600-2f49-45a1-bdc0-aef849b7c3c3","STER_033.basePlot.bet","D10","STER","STER_033","N","2014-08-19","2014-09-02","2015-02-23","2015-02-23","Yx5jJOWNohJp6dqmDJpDSlEFNEH8ARJsb9TLH682SX8=","NEON.BET.D10.002471","CARSP14","Carabidae sp.","family",,"Latreille","D10.2014.MorphF","Other",,"P+EeY8owwbjzXaiaPoIJpc6mcpR6iWBh","P+EeY8owwbjzXaiaPoIJpc6mcpR6iWBh","approximately 10mm. leg more rufous than body. enlarged femur on all legs. One orbital setae"
"7e60543c-092b-4fb3-b9f8-6ad579e4335c","STER_033.basePlot.bet","D10","STER","STER_033","N","2014-08-19","2014-09-02","2015-02-23","2015-02-23","Yx5jJOWNohJp6dqmDJpDSqHruI2h2t5qZ6DZuxGnTvo=","NEON.BET.D10.002469","CHLTOM","Chlaenius tomentosus","species",,"Say",,"Other",,"P+EeY8owwbjzXaiaPoIJpc6mcpR6iWBh","P+EeY8owwbjzXaiaPoIJpc6mcpR6iWBh",
"a568a649-4cc4-46d2-8260-b835856aac07","STER_032.basePlot.bet","D10","STER","STER_032","S","2014-08-19","2014-09-02","2015-01-15","2015-02-24","fEa5yf30aQwCJ08QSZSv4na9N9gCihyhpBeNT9ST0F8=","NEON.BET.D10.002504","CALAFF1","Calosoma affine","species",,"Chaudoir",,"Other",,"P+EeY8owwbjzXaiaPoIJpc6mcpR6iWBh","P+EeY8owwbjzXaiaPoIJpc6mcpR6iWBh",
"3d5184b6-9efd-4658-9fff-dffdb798761a","STER_034.basePlot.bet","D10","STER","STER_034","S","2014-08-19","2014-09-02","2015-02-23","2015-02-23","v+COazD1kvxOxqFf5ztIrAMTg4UKbIltZ3b6kpOx0MQ=","NEON.BET.D10.002467","CICPUN","Cicindela punctulata","species",,"Olivier",,"Other",,"P+EeY8owwbjzXaiaPoIJpc6mcpR6iWBh","P+EeY8owwbjzXaiaPoIJpc6mcpR6iWBh",
"ef047827-0e02-421a-ba8d-83f8e64997c6","STER_034.basePlot.bet","D10","STER","STER_034","S","2014-08-19","2014-09-02","2015-02-23","2015-02-23","v+COazD1kvxOxqFf5ztIrAMTg4UKbIltZ3b6kpOx0MQ=","NEON.BET.D10.002468","CICPUN","Cicindela punctulata","species",,"Olivier",,"Other",,"P+EeY8owwbjzXaiaPoIJpc6mcpR6iWBh","P+EeY8owwbjzXaiaPoIJpc6mcpR6iWBh",
"99d9aab9-b80b-482e-b4e5-547f48522c1e","STER_034.basePlot.bet","D10","STER","STER_034","S","2014-08-19","2014-09-02","2015-02-23","2015-02-23","v+COazD1kvxOxqFf5ztIrB2i+3Q7xvSbFyT60SwWFRQ=","NEON.BET.D10.002466","HARCAL","Harpalus caliginosus","species",,"Fabricius",,"Other",22,"P+EeY8owwbjzXaiaPoIJpc6mcpR6iWBh","P+EeY8owwbjzXaiaPoIJpc6mcpR6iWBh",
"d9636915-77cc-40b4-8f86-ab86031b7584","STER_006.basePlot.bet","D10","STER","STER_006","S","2014-08-19","2014-09-02","2015-02-24","2015-02-24","LZ9IDatJ8HE+OOV3AMnyNfvNfiMphreOa54dsjW0fAo=","NEON.BET.D10.002540","EURGRO","Euryderus grossus","species",,"Say",,"Other",,"XXW8BqPXtz8Ncjf8bOi7gc6Hj7+NVXsl","XXW8BqPXtz8Ncjf8bOi7gc6Hj7+NVXsl",
"3686036c-5576-4778-ba3d-9215cd7df4ce","STER_027.basePlot.bet","D10","STER","STER_027","S","2014-08-19","2014-09-02","2015-02-24","2015-02-24","FuEDHNSxWAmQmPde4WiVaQ50WuZR47Q0rCUTGcoeeBQ=","NEON.BET.D10.002440","CARSP14","Carabidae sp.","family",,"Latreille","D10.2014.MorphF","Other",,"XXW8BqPXtz8Ncjf8bOi7gc6Hj7+NVXsl","XXW8BqPXtz8Ncjf8bOi7gc6Hj7+NVXsl","approximately 10mm. leg more rufous than body. enlarged femur on all legs. One orbital setae"
"d597e2c1-c749-4c21-9001-6db169fc9b4c","STER_027.basePlot.bet","D10","STER","STER_027","S","2014-08-19","2014-09-02","2015-02-24","2015-02-24","FuEDHNSxWAmQmPde4WiVaQ50WuZR47Q0rCUTGcoeeBQ=","NEON.BET.D10.002442","CARSP14","Carabidae sp.","family",,"Latreille","D10.2014.MorphF","Other",,"XXW8BqPXtz8Ncjf8bOi7gc6Hj7+NVXsl","XXW8BqPXtz8Ncjf8bOi7gc6Hj7+NVXsl","approximately 10mm. leg more rufous than body. enlarged femur on all legs. One orbital setae"
"eb90574f-ce57-4e2a-9c9a-091bf06274ae","STER_027.basePlot.bet","D10","STER","STER_027","S","2014-08-19","2014-09-02","2015-02-24","2015-02-24","FuEDHNSxWAmQmPde4WiVaQ50WuZR47Q0rCUTGcoeeBQ=","NEON.BET.D10.002441","CARSP14","Carabidae sp.","family",,"Latreille","D10.2014.MorphF","Other",,"XXW8BqPXtz8Ncjf8bOi7gc6Hj7+NVXsl","XXW8BqPXtz8Ncjf8bOi7gc6Hj7+NVXsl","approximately 10mm. leg more rufous than body. enlarged femur on all legs. One orbital setae"
"45e80f1f-39b3-478d-8c69-f45fc5e8268e","STER_029.basePlot.bet","D10","STER","STER_029","S","2014-08-19","2014-09-02","2015-01-15","2015-02-24","KK2q9nxeS92MnnDFxwDsOwkawpgUrnELp4kpFKDit78=","NEON.BET.D10.002493","CARSP14","Carabidae sp.","family",,"Latreille","D10.2014.MorphJ","Other",,"P+EeY8owwbjzXaiaPoIJpc6mcpR6iWBh","XXW8BqPXtz8Ncjf8bOi7gc6Hj7+NVXsl","Could be Amara sp. approximately 10mm. bottom of pronotum has hook on it. brown color. Smaller than B"
"12b59eff-3266-487e-b29b-e8ff2283f2e2","STER_029.basePlot.bet","D10","STER","STER_029","S","2014-08-19","2014-09-02","2015-01-15","2015-02-24","KK2q9nxeS92MnnDFxwDsO3OlG7wxGR3R0ZdVR12y3wM=","NEON.BET.D10.002495","PASELO","Pasimachus elongatus","species",,"LeConte",,"Other",,"P+EeY8owwbjzXaiaPoIJpc6mcpR6iWBh","XXW8BqPXtz8Ncjf8bOi7gc6Hj7+NVXsl",
"ebe4d7eb-faea-4fa4-90d0-1009d64e2625","STER_029.basePlot.bet","D10","STER","STER_029","S","2014-08-19","2014-09-02","2015-01-15","2015-02-24","KK2q9nxeS92MnnDFxwDsO3OlG7wxGR3R0ZdVR12y3wM=","NEON.BET.D10.002496","PASELO","Pasimachus elongatus","species",,"LeConte",,"Other",,"P+EeY8owwbjzXaiaPoIJpc6mcpR6iWBh","XXW8BqPXtz8Ncjf8bOi7gc6Hj7+NVXsl",
"50d799c4-3df1-4df6-b2ec-4fbf364c0b0e","STER_028.basePlot.bet","D10","STER","STER_028","S","2014-08-19","2014-09-02","2015-02-24","2015-02-24","bW2EsnYmokVQpJJnurqSXJ6JUdTMqVk08VwzKfm5WiY=","NEON.BET.D10.002439","HARCAL","Harpalus caliginosus","species",,"Fabricius",,"Other",,"XXW8BqPXtz8Ncjf8bOi7gc6Hj7+NVXsl","XXW8BqPXtz8Ncjf8bOi7gc6Hj7+NVXsl",
"2da4e4f8-9e67-4cce-bbae-ea7ca6958654","STER_031.basePlot.bet","D10","STER","STER_031","S","2014-08-19","2014-09-02","2015-01-15","2015-02-23","1mQK2LOpYfuWnIBkG65ol3z7l6M0/cDkQR9wFYkDvsM=","NEON.BET.D10.002428","CARSP14","Carabidae sp.","family",,"Latreille","D10.2014.MorphF","Other",,"XXW8BqPXtz8Ncjf8bOi7gc6Hj7+NVXsl","XXW8BqPXtz8Ncjf8bOi7gc6Hj7+NVXsl","approximately 10mm. leg more rufous than body. enlarged femur on all legs. One orbital setae"
"da921367-d6e3-409f-a241-7356fd023c79","STER_031.basePlot.bet","D10","STER","STER_031","S","2014-08-19","2014-09-02","2015-01-15","2015-01-15","1mQK2LOpYfuWnIBkG65ol7eWvqbqhBgkMI1DhKYz6pU=","NEON.BET.D10.002418","PASELO","Pasimachus elongatus","species",,"LeConte",,"Other",,"P+EeY8owwbjzXaiaPoIJpc6mcpR6iWBh","XXW8BqPXtz8Ncjf8bOi7gc6Hj7+NVXsl",
"9428c822-23da-48ca-9dd4-7ee9909afaa9","STER_031.basePlot.bet","D10","STER","STER_031","S","2014-08-19","2014-09-02","2015-01-15","2015-02-23","1mQK2LOpYfuWnIBkG65ol3z7l6M0/cDkQR9wFYkDvsM=","NEON.BET.D10.002426","CRADUB","Cratacanthus dubius","species",,"Palisot de Beauvois",,"Other",,"XXW8BqPXtz8Ncjf8bOi7gc6Hj7+NVXsl","XXW8BqPXtz8Ncjf8bOi7gc6Hj7+NVXsl",
"ff0308e2-48fe-4fbb-98be-096fd21d09a8","STER_031.basePlot.bet","D10","STER","STER_031","S","2014-08-19","2014-09-02","2015-01-15","2015-01-15","1mQK2LOpYfuWnIBkG65ol7eWvqbqhBgkMI1DhKYz6pU=","NEON.BET.D10.002419","PASELO","Pasimachus elongatus","species",,"LeConte",,"Other",,"P+EeY8owwbjzXaiaPoIJpc6mcpR6iWBh","XXW8BqPXtz8Ncjf8bOi7gc6Hj7+NVXsl",
"f7b263f8-34fb-4b4b-b6ba-22edf3d0c4af","STER_031.basePlot.bet","D10","STER","STER_031","S","2014-08-19","2014-09-02","2015-01-15","2015-02-23","1mQK2LOpYfuWnIBkG65ol3z7l6M0/cDkQR9wFYkDvsM=","NEON.BET.D10.002427","CARSP14","Carabidae sp.","family",,"Latreille","D10.2014.MorphF","Other",,"XXW8BqPXtz8Ncjf8bOi7gc6Hj7+NVXsl","XXW8BqPXtz8Ncjf8bOi7gc6Hj7+NVXsl","approximately 10mm. leg more rufous than body. enlarged femur on all legs. One orbital setae"
"c39a7252-f3e4-44b2-80bf-80d69383f538","STER_035.basePlot.bet","D10","STER","STER_035","S","2014-08-19","2014-09-02","2015-02-23","2015-02-23","xZ4ZeMJQZ4K7mO3fvHXJBRVI2y8MOOrUEe8yyE595i0=","NEON.BET.D10.002462","CARSP14","Carabidae sp.","family",,"Latreille","D10.2014.MorphF","Other",,"P+EeY8owwbjzXaiaPoIJpc6mcpR6iWBh","P+EeY8owwbjzXaiaPoIJpc6mcpR6iWBh","approximately 10mm. leg more rufous than body. enlarged femur on all legs. One orbital setae"
"e4139f93-9006-44e5-9ae7-8c3eb52488f0","STER_033.basePlot.bet","D10","STER","STER_033","S","2014-08-19","2014-09-02","2015-01-15","2015-02-24","Yx5jJOWNohLt0qDALt67yx7S9Qld/nHrMZcnoBbDdLg=","NEON.BET.D10.002484","CARSP14","Carabidae sp.","family",,"Latreille","D10.2014.MorphJ","Other",,"P+EeY8owwbjzXaiaPoIJpc6mcpR6iWBh","P+EeY8owwbjzXaiaPoIJpc6mcpR6iWBh","Could be Amara sp. approximately 10mm. bottom of pronotum has hook on it. brown color. Smaller than B"
"fb1e33dd-d58e-4d81-8c1f-702b02e05b97","STER_033.basePlot.bet","D10","STER","STER_033","S","2014-08-19","2014-09-02","2015-01-15","2015-02-24","Yx5jJOWNohLt0qDALt67yx7S9Qld/nHrMZcnoBbDdLg=","NEON.BET.D10.002485","SELSP2","Selenophorus sp.","genus",,"Dejean",,"Other",,"P+EeY8owwbjzXaiaPoIJpc6mcpR6iWBh","P+EeY8owwbjzXaiaPoIJpc6mcpR6iWBh",
"58c0b141-b553-455a-b6de-560e8cfc1714","STER_029.basePlot.bet","D10","STER","STER_029","W","2014-08-19","2014-09-02","2015-01-15","2015-02-24","KK2q9nxeS91klkZAAvOHCH+A3lxcSCq0hsn6RDeTtNw=","NEON.BET.D10.002491","CARSP14","Carabidae sp.","family",,"Latreille","D10.2014.MorphF","Other",,"P+EeY8owwbjzXaiaPoIJpc6mcpR6iWBh","XXW8BqPXtz8Ncjf8bOi7gc6Hj7+NVXsl","approximately 10mm. leg more rufous than body. enlarged femur on all legs. One orbital setae"
"125862a1-a5f2-4fc8-9a02-438c5f160cf1","STER_031.basePlot.bet","D10","STER","STER_031","W","2014-08-19","2014-09-02","2015-01-15","2015-01-15","1mQK2LOpYfsuxya6+0Kcp+6MsT95SmRwBhXa+4aZ0lA=","NEON.BET.D10.002416","CYCTOR","Cyclotrachelus torvus","species",,"LeConte",,"Other",,"P+EeY8owwbjzXaiaPoIJpc6mcpR6iWBh","XXW8BqPXtz8Ncjf8bOi7gc6Hj7+NVXsl",
"f1a15d7d-e844-47b9-beed-a47ba9ca5106","STER_031.basePlot.bet","D10","STER","STER_031","W","2014-08-19","2014-09-02","2015-01-15","2015-02-23","1mQK2LOpYfsuxya6+0Kcp65pH8PtnVCH3A5XwWcyLXM=","NEON.BET.D10.002430","CARSP14","Carabidae sp.","family",,"Latreille","D10.2014.MorphJ","Other",,"XXW8BqPXtz8Ncjf8bOi7gc6Hj7+NVXsl","XXW8BqPXtz8Ncjf8bOi7gc6Hj7+NVXsl","Could be Amara sp. approximately 10mm. bottom of pronotum has hook on it. brown color. Smaller than B"
"1eb99fb8-77e3-4747-9db1-88b16f0f63d2","STER_031.basePlot.bet","D10","STER","STER_031","W","2014-08-19","2014-09-02","2015-01-15","2015-02-23","1mQK2LOpYfsuxya6+0Kcp65pH8PtnVCH3A5XwWcyLXM=","NEON.BET.D10.002429","CARSP14","Carabidae sp.","family",,"Latreille","D10.2014.MorphF","Other",,"XXW8BqPXtz8Ncjf8bOi7gc6Hj7+NVXsl","XXW8BqPXtz8Ncjf8bOi7gc6Hj7+NVXsl","approximately 10mm. leg more rufous than body. enlarged femur on all legs. One orbital setae"
"e8ef4b7c-db90-4cdd-bd3e-62fe8896c035","STER_031.basePlot.bet","D10","STER","STER_031","W","2014-08-19","2014-09-02","2015-01-15","2015-02-23","1mQK2LOpYfsuxya6+0Kcp65pH8PtnVCH3A5XwWcyLXM=","NEON.BET.D10.002431","CARSP14","Carabidae sp.","family",,"Latreille","D10.2014.MorphJ","Other",,"XXW8BqPXtz8Ncjf8bOi7gc6Hj7+NVXsl","XXW8BqPXtz8Ncjf8bOi7gc6Hj7+NVXsl","Could be Amara sp. approximately 10mm. bottom of pronotum has hook on it. brown color. Smaller than B"
"4229786c-7a80-4b7b-ad3a-658d9ce4d34b","STER_031.basePlot.bet","D10","STER","STER_031","W","2014-08-19","2014-09-02","2015-01-15","2015-01-15","1mQK2LOpYfsuxya6+0Kcp5gDGfqKrkCV6b3B5rRY2kM=","NEON.BET.D10.002417","PASELO","Pasimachus elongatus","species",,"LeConte",,"Other",,"P+EeY8owwbjzXaiaPoIJpc6mcpR6iWBh","XXW8BqPXtz8Ncjf8bOi7gc6Hj7+NVXsl",
"79073a04-c892-4015-9451-569c966b8f21","STER_028.basePlot.bet","D10","STER","STER_028","W","2014-08-19","2014-09-02","2015-02-24","2015-02-24","bW2EsnYmokW/AO8CH3yZtTJqGsmwFBECfqwjOc2ocxs=","NEON.BET.D10.002437","HARCAL","Harpalus caliginosus","species",,"Fabricius",,"Other",,"XXW8BqPXtz8Ncjf8bOi7gc6Hj7+NVXsl","XXW8BqPXtz8Ncjf8bOi7gc6Hj7+NVXsl",
"89d3df07-216f-4d44-b81f-bb5a163e0897","STER_033.basePlot.bet","D10","STER","STER_033","W","2014-08-19","2014-09-02","2015-01-15","2015-02-24","Yx5jJOWNohLDsVw75MbO8Ebag6EFRm9cw4bfX5tQSyY=","NEON.BET.D10.002489","SELSP2","Selenophorus sp.","genus",,"Dejean",,"Other",,"P+EeY8owwbjzXaiaPoIJpc6mcpR6iWBh","P+EeY8owwbjzXaiaPoIJpc6mcpR6iWBh",
"31f3e97c-90b3-4763-80e5-28f35ba221be","STER_035.basePlot.bet","D10","STER","STER_035","W","2014-08-19","2014-09-02","2015-02-23","2015-02-23","xZ4ZeMJQZ4LajES5yhRAJyfxRx1hK8sH5dIG/zPRcIA=","NEON.BET.D10.002460","CRADUB","Cratacanthus dubius","species",,"Palisot de Beauvois",,"Other",,"P+EeY8owwbjzXaiaPoIJpc6mcpR6iWBh","P+EeY8owwbjzXaiaPoIJpc6mcpR6iWBh",
"39cd763c-c26f-459f-b64d-904f81efb040","STER_035.basePlot.bet","D10","STER","STER_035","W","2014-08-19","2014-09-02","2015-02-23","2015-02-23","xZ4ZeMJQZ4LajES5yhRAJ4gKaZ2ccOKRlhxZJDnZiaQ=","NEON.BET.D10.002459","HARPEN","Harpalus pensylvanicus","species",,"DeGeer",,"Other",,"P+EeY8owwbjzXaiaPoIJpc6mcpR6iWBh","P+EeY8owwbjzXaiaPoIJpc6mcpR6iWBh",
"bf480303-f635-464c-bf5a-44ac9c683f8d","STER_033.basePlot.bet","D10","STER","STER_033","E","2014-08-19","2014-09-02","2015-01-15","2015-02-24","Yx5jJOWNohJFQXiJJJCINxjNDKAvpm6hR0++qjZ89yU=","NEON.BET.D10.002486","CARSP14","Carabidae sp.","family",,"Latreille","D10.2014.MorphF","Other",,"P+EeY8owwbjzXaiaPoIJpc6mcpR6iWBh","P+EeY8owwbjzXaiaPoIJpc6mcpR6iWBh","approximately 10mm. leg more rufous than body. enlarged femur on all legs. One orbital setae"
"92807132-69c1-430e-a4e8-1127bf1d6484","STER_033.basePlot.bet","D10","STER","STER_033","E","2014-08-19","2014-09-02","2015-01-15","2015-02-24","Yx5jJOWNohJFQXiJJJCINxjNDKAvpm6hR0++qjZ89yU=","NEON.BET.D10.002487","CARSP14","Carabidae sp.","family",,"Latreille","D10.2014.MorphF","Other",,"P+EeY8owwbjzXaiaPoIJpc6mcpR6iWBh","P+EeY8owwbjzXaiaPoIJpc6mcpR6iWBh","approximately 10mm. leg more rufous than body. enlarged femur on all legs. One orbital setae"
"56157e8b-f15f-43e5-a2f6-265321703cc3","STER_035.basePlot.bet","D10","STER","STER_035","E","2014-08-19","2014-09-02","2015-02-23","2015-02-23","xZ4ZeMJQZ4KfGZrDICs1TKEtljz2mvZCOVBNlUfr7Kk=","NEON.BET.D10.002461","CARSP14","Carabidae sp.","family",,"Latreille","D10.2014.MorphF","Other",,"P+EeY8owwbjzXaiaPoIJpc6mcpR6iWBh","P+EeY8owwbjzXaiaPoIJpc6mcpR6iWBh","approximately 10mm. leg more rufous than body. enlarged femur on all legs. One orbital setae"
"2f7a872a-737f-40a2-83b4-61cf42d46b12","STER_033.basePlot.bet","D10","STER","STER_033","E","2014-08-19","2014-09-02","2015-02-23","2015-02-23","Yx5jJOWNohJFQXiJJJCIN9MLW5k6SS38u+DGv1b3DiQ=","NEON.BET.D10.002470","PASELO","Pasimachus elongatus","species",,"LeConte",,"Other",,"P+EeY8owwbjzXaiaPoIJpc6mcpR6iWBh","P+EeY8owwbjzXaiaPoIJpc6mcpR6iWBh",
"cefac932-fb1c-4b7a-bd9f-6d0f8ce68079","STER_033.basePlot.bet","D10","STER","STER_033","E","2014-08-19","2014-09-02","2015-01-15","2015-02-24","Yx5jJOWNohJFQXiJJJCINxjNDKAvpm6hR0++qjZ89yU=","NEON.BET.D10.002488","CARSP14","Carabidae sp.","family",,"Latreille","D10.2014.MorphF","Other",,"P+EeY8owwbjzXaiaPoIJpc6mcpR6iWBh","P+EeY8owwbjzXaiaPoIJpc6mcpR6iWBh","approximately 10mm. leg more rufous than body. enlarged femur on all legs. One orbital setae"
"ec59e967-32a9-4db6-91a5-c5032a53857b","STER_028.basePlot.bet","D10","STER","STER_028","E","2014-08-19","2014-09-02","2015-01-15","2015-02-23","bW2EsnYmokVWPqfSzuJ6n+HqHOfyNCyuE485LwYyQmk=","NEON.BET.D10.002434","HARCAL","Harpalus caliginosus","species",,"Fabricius",,"Other",,"XXW8BqPXtz8Ncjf8bOi7gc6Hj7+NVXsl","XXW8BqPXtz8Ncjf8bOi7gc6Hj7+NVXsl",
"54376dfc-4447-45ad-abe0-7011f024a671","STER_028.basePlot.bet","D10","STER","STER_028","E","2014-08-19","2014-09-02","2015-02-24","2015-02-24","bW2EsnYmokVWPqfSzuJ6n+JQjrzpaNxLYqlLTUjWceM=","NEON.BET.D10.002436","PASELO","Pasimachus elongatus","species",,"LeConte",,"Other",,"XXW8BqPXtz8Ncjf8bOi7gc6Hj7+NVXsl","XXW8BqPXtz8Ncjf8bOi7gc6Hj7+NVXsl",
"10b5aad9-483d-4516-a109-43c058686e61","STER_028.basePlot.bet","D10","STER","STER_028","E","2014-08-19","2014-09-02","2015-01-15","2015-02-23","bW2EsnYmokVWPqfSzuJ6n3ahvk8ko95CawtXfkLEozY=","NEON.BET.D10.002433","CHLTOM","Chlaenius tomentosus","species",,"Say",,"Other",,"XXW8BqPXtz8Ncjf8bOi7gc6Hj7+NVXsl","XXW8BqPXtz8Ncjf8bOi7gc6Hj7+NVXsl",
"bccb768e-b823-410e-8a9a-ab42d502f6c9","STER_028.basePlot.bet","D10","STER","STER_028","E","2014-08-19","2014-09-02","2015-01-15","2015-02-23","bW2EsnYmokVWPqfSzuJ6n+HqHOfyNCyuE485LwYyQmk=","NEON.BET.D10.002435","HARCAL","Harpalus caliginosus","species",,"Fabricius",,"Other",,"XXW8BqPXtz8Ncjf8bOi7gc6Hj7+NVXsl","XXW8BqPXtz8Ncjf8bOi7gc6Hj7+NVXsl",
"3caa1a31-8f25-437a-abda-bbabde604e39","STER_028.basePlot.bet","D10","STER","STER_028","E","2014-08-19","2014-09-02","2015-02-24","2015-02-24","bW2EsnYmokVWPqfSzuJ6n5M6FeLFHDNVCSbrar5GJ0o=","NEON.BET.D10.002438","CARSP14","Carabidae sp.","family",,"Latreille","D10.2014.MorphB","Other",,"XXW8BqPXtz8Ncjf8bOi7gc6Hj7+NVXsl","XXW8BqPXtz8Ncjf8bOi7gc6Hj7+NVXsl","approximately 5 mm in length. 2 orbital setae. pronotum with somewhat parallel sides. brassy iridescence overall. Could be Amara cupreolata or A. convexa"
"48e70474-72ca-4e31-b926-88ea77158213","STER_029.basePlot.bet","D10","STER","STER_029","E","2014-08-19","2014-09-02","2015-01-15","2015-02-24","KK2q9nxeS909qea31nTmnm137KKBM4CMBGHgJD3KsXY=","NEON.BET.D10.002494","CARSP14","Carabidae sp.","family",,"Latreille","D10.2014.MorphJ","Other",,"P+EeY8owwbjzXaiaPoIJpc6mcpR6iWBh","XXW8BqPXtz8Ncjf8bOi7gc6Hj7+NVXsl","Could be Amara sp. approximately 10mm. bottom of pronotum has hook on it. brown color. Smaller than B"
"38ebd278-aa60-4d4f-b7d6-a7e9a10bb407","STER_027.basePlot.bet","D10","STER","STER_027","E","2014-08-19","2014-09-02","2015-02-24","2015-02-24","FuEDHNSxWAnC6N5I7J0Usvl88/MFvSkXrf4KFUJ40wc=","NEON.BET.D10.002443","HARCAL","Harpalus caliginosus","species",,"Fabricius",,"Other",,"XXW8BqPXtz8Ncjf8bOi7gc6Hj7+NVXsl","XXW8BqPXtz8Ncjf8bOi7gc6Hj7+NVXsl",
"d302085e-e618-4750-b5dd-7dc963fbdbe8","STER_006.basePlot.bet","D10","STER","STER_006","E","2014-08-19","2014-09-02","2015-02-24","2015-02-24","LZ9IDatJ8HEz8jJfyVqbpIdqinquyXPUKU+BWqGZBUk=","NEON.BET.D10.002444","HARCAL","Harpalus caliginosus","species",,"Fabricius",,"Other",,"XXW8BqPXtz8Ncjf8bOi7gc6Hj7+NVXsl","XXW8BqPXtz8Ncjf8bOi7gc6Hj7+NVXsl",
"c4120741-827e-4e25-a0d5-6d2b83940e53","STER_006.basePlot.bet","D10","STER","STER_006","E","2014-08-19","2014-09-02","2015-02-24","2015-02-24","LZ9IDatJ8HEz8jJfyVqbpIdqinquyXPUKU+BWqGZBUk=","NEON.BET.D10.002539","HARCAL","Harpalus caliginosus","species",,"Fabricius",,"Other",,"XXW8BqPXtz8Ncjf8bOi7gc6Hj7+NVXsl","XXW8BqPXtz8Ncjf8bOi7gc6Hj7+NVXsl",
"6e21a98b-8ea2-42b1-aaa5-ec6029a12634","STER_034.basePlot.bet","D10","STER","STER_034","E","2014-08-19","2014-09-02","2015-02-23","2015-02-23","v+COazD1kvwkHo3S4bdJ/sV2i0UV9va5TuKpLUOmLLo=","NEON.BET.D10.002465","HARPEN","Harpalus pensylvanicus","species",,"DeGeer",,"Other",,"P+EeY8owwbjzXaiaPoIJpc6mcpR6iWBh","P+EeY8owwbjzXaiaPoIJpc6mcpR6iWBh",
"c4da83a4-579f-49bb-aa9b-7d28bef1f858","STER_032.basePlot.bet","D10","STER","STER_032","E","2014-08-19","2014-09-02","2015-01-15","2015-02-24","fEa5yf30aQzckOvtMoeH/0oFk2ygBiTkxM7MsHU+djU=","NEON.BET.D10.002499","CARSP14","Carabidae sp.","family",,"Latreille","D10.2014.MorphF","Other",,"P+EeY8owwbjzXaiaPoIJpc6mcpR6iWBh","P+EeY8owwbjzXaiaPoIJpc6mcpR6iWBh","approximately 10mm. leg more rufous than body. enlarged femur on all legs. One orbital setae"
"c86aab13-c893-43c3-8e5c-28c68cb862fc","STER_032.basePlot.bet","D10","STER","STER_032","E","2014-08-19","2014-09-02","2015-02-24","2015-02-24","fEa5yf30aQzckOvtMoeH/7f4xRdRBXyjBiiPPa9UgBE=","NEON.BET.D10.002498","HARCAL","Harpalus caliginosus","species",,"Fabricius",,"Other",,"P+EeY8owwbjzXaiaPoIJpc6mcpR6iWBh","XXW8BqPXtz8Ncjf8bOi7gc6Hj7+NVXsl",
"19ef7293-5702-4816-82ff-82bdff2b6fda","STER_029.basePlot.bet","D10","STER","STER_029","N","2014-08-19","2014-09-02","2015-01-15","2015-02-24","KK2q9nxeS91GbdWqecI4hbCky/3EDttl8xYl9jv0SIY=","NEON.BET.D10.002492","CARSP14","Carabidae sp.","family",,"Latreille","D10.2014.MorphP","Other",,"P+EeY8owwbjzXaiaPoIJpc6mcpR6iWBh","XXW8BqPXtz8Ncjf8bOi7gc6Hj7+NVXsl","approximately 13 mm. Green. pubescent pronotum. Strong dorsal groove. legs yellow. Boxed mentum."
"c15a77b2-9ef2-4767-bceb-4164608a61f8","STER_034.basePlot.bet","D10","STER","STER_034","N","2014-08-19","2014-09-02","2015-02-23","2015-02-23","v+COazD1kvxSkLBCFXDApZs81yMNHkIxzMjYzKtFodk=","NEON.BET.D10.002464","POESCI","Poecilus scitulus","species",,"LeConte",,"Other",,"P+EeY8owwbjzXaiaPoIJpc6mcpR6iWBh","P+EeY8owwbjzXaiaPoIJpc6mcpR6iWBh",
"32398d26-5912-40fc-924b-05235da81042","STER_032.basePlot.bet","D10","STER","STER_032","N","2014-08-19","2014-09-02","2015-01-15","2015-02-24","fEa5yf30aQwvj3g+ODeZAx7igbjkv/e+G5dnc6rvKXQ=","NEON.BET.D10.002501","CARSP14","Carabidae sp.","family",,"Latreille","D10.2014.MorphF","Other",,"P+EeY8owwbjzXaiaPoIJpc6mcpR6iWBh","P+EeY8owwbjzXaiaPoIJpc6mcpR6iWBh","approximately 10mm. leg more rufous than body. enlarged femur on all legs. One orbital setae"
"17e81179-df3c-4464-bd9a-47e97369e1b2","STER_032.basePlot.bet","D10","STER","STER_032","N","2014-08-19","2014-09-02","2015-01-15","2015-02-24","fEa5yf30aQwvj3g+ODeZAx7igbjkv/e+G5dnc6rvKXQ=","NEON.BET.D10.002500","CARSP14","Carabidae sp.","family",,"Latreille","D10.2014.MorphF","Other",,"P+EeY8owwbjzXaiaPoIJpc6mcpR6iWBh","P+EeY8owwbjzXaiaPoIJpc6mcpR6iWBh","approximately 10mm. leg more rufous than body. enlarged femur on all legs. One orbital setae"
"f3eff84c-6f75-4058-9fda-a405d3f4db17","STER_032.basePlot.bet","D10","STER","STER_032","N","2014-08-19","2014-09-02","2015-01-15","2015-02-24","fEa5yf30aQwvj3g+ODeZAx7igbjkv/e+G5dnc6rvKXQ=","NEON.BET.D10.002502","CARSP14","Carabidae sp.","family",,"Latreille","D10.2014.MorphF","Other",,"P+EeY8owwbjzXaiaPoIJpc6mcpR6iWBh","P+EeY8owwbjzXaiaPoIJpc6mcpR6iWBh","approximately 10mm. leg more rufous than body. enlarged femur on all legs. One orbital setae"
"245dce2c-c8e9-4c8d-87cf-e584c217a083","STER_029.basePlot.bet","D10","STER","STER_029","N","2014-08-19","2014-09-02","2015-01-15","2015-02-24","KK2q9nxeS91GbdWqecI4hdAnG1xtg/ZdSryP3duFluY=","NEON.BET.D10.002497","PASELO","Pasimachus elongatus","species",,"LeConte",,"Other",,"P+EeY8owwbjzXaiaPoIJpc6mcpR6iWBh","XXW8BqPXtz8Ncjf8bOi7gc6Hj7+NVXsl",
"1373915f-5ec0-4788-b6b8-44938cf6def2","STER_006.basePlot.bet","D10","STER","STER_006","N","2014-08-19","2014-09-02","2015-02-24","2015-02-24","LZ9IDatJ8HHnQun5ScVKQZTxrlXbsDedHGrzYQro8ec=","NEON.BET.D10.002541","PASELO","Pasimachus elongatus","species",,"LeConte",,"Other",,"XXW8BqPXtz8Ncjf8bOi7gc6Hj7+NVXsl","XXW8BqPXtz8Ncjf8bOi7gc6Hj7+NVXsl",
"4d1b221d-a0f1-4e08-8df2-c4e24faafd1e","STER_006.basePlot.bet","D10","STER","STER_006","E","2014-09-02","2014-09-16","2015-02-25","2015-02-25","LZ9IDatJ8HEz8jJfyVqbpBbpEgMUn2Y2GEv/doDWcs4=","NEON.BET.D10.002548","CICPUN","Cicindela punctulata","species",,"Olivier",,"Other",,"XXW8BqPXtz8Ncjf8bOi7gc6Hj7+NVXsl","XXW8BqPXtz8Ncjf8bOi7gc6Hj7+NVXsl",
"b2eaba47-20ad-448c-abb1-4b9b897efbe3","STER_029.basePlot.bet","D10","STER","STER_029","W","2014-09-02","2014-09-16","2015-02-25","2015-02-25","KK2q9nxeS91klkZAAvOHCKnPMShCl7ZSQDYwSNfSAoY=","NEON.BET.D10.002556","CARSP14","Carabidae sp.","family",,"Latreille","D10.2014.MorphJ","Other",,"XXW8BqPXtz8Ncjf8bOi7gc6Hj7+NVXsl","XXW8BqPXtz8Ncjf8bOi7gc6Hj7+NVXsl","Could be Amara sp. approximately 10mm. bottom of pronotum has hook on it. brown color. Smaller than B"
"db8b7323-239c-4600-a500-37da896212bf","STER_034.basePlot.bet","D10","STER","STER_034","E","2014-09-02","2014-09-16","2015-02-25","2015-02-25","v+COazD1kvwkHo3S4bdJ/m4zzU/qBi4S4lwUPfh3Rws=","NEON.BET.D10.002519","CARSP14","Carabidae sp.","family",,"Latreille","D10.2014.MorphAB","Other",,"P+EeY8owwbjzXaiaPoIJpc6mcpR6iWBh","P+EeY8owwbjzXaiaPoIJpc6mcpR6iWBh","similar to or is either Harpalus fuscipalpus or Harpalus carbonatus. approximately 10 mm long. Basal fovea more convex. Sparsely punctate. Posterior pronotal corners rounded but defined with small overlap onto elytra."
"f22d1430-061c-4a44-8ed1-fb2774644018","STER_026.basePlot.bet","D10","STER","STER_026","E","2014-09-02","2014-09-16","2015-02-25","2015-02-25","B74IC5C471qkd52M+0cNLNFs5YtgFQ+KJxKDdQMBCQU=","NEON.BET.D10.002542","CARSP14","Carabidae sp.","family",,"Latreille","D10.2014.MorphJ","Other",,"XXW8BqPXtz8Ncjf8bOi7gc6Hj7+NVXsl","XXW8BqPXtz8Ncjf8bOi7gc6Hj7+NVXsl","Could be Amara sp. approximately 10mm. bottom of pronotum has hook on it. brown color. Smaller than B"
"4685bda6-306c-452a-8cd6-cd5571ae3367","STER_032.basePlot.bet","D10","STER","STER_032","E","2014-09-02","2014-09-16","2015-02-25","2015-02-25","fEa5yf30aQzckOvtMoeH/3SRIGbKrWM//CELSMLg8eQ=","NEON.BET.D10.002554","CARSP14","Carabidae sp.","family",,"Latreille","D10.2014.MorphF","Other",,"XXW8BqPXtz8Ncjf8bOi7gc6Hj7+NVXsl","XXW8BqPXtz8Ncjf8bOi7gc6Hj7+NVXsl","approximately 10mm. leg more rufous than body. enlarged femur on all legs. One orbital setae"
"06fe8976-f868-4553-bf8b-3ac1677462df","STER_031.basePlot.bet","D10","STER","STER_031","E","2014-09-02","2014-09-16","2015-02-25","2015-02-25","1mQK2LOpYft7qGVIqUfGwBPO/9Et6B2e/0YD4KHutr0=","NEON.BET.D10.002517","POELUC","Poecilus lucublandus","species",,"Say",,"Other",,"P+EeY8owwbjzXaiaPoIJpc6mcpR6iWBh","P+EeY8owwbjzXaiaPoIJpc6mcpR6iWBh",
"39e6a24e-34fe-490b-87f9-88ccacaf8117","STER_033.basePlot.bet","D10","STER","STER_033","E","2014-09-02","2014-09-16","2015-02-25","2015-02-25","Yx5jJOWNohJFQXiJJJCINzklgHR+epibTfy8KTbqi5A=","NEON.BET.D10.002524","CARSP14","Carabidae sp.","family",,"Latreille","D10.2014.MorphJ","Other",,"P+EeY8owwbjzXaiaPoIJpc6mcpR6iWBh","P+EeY8owwbjzXaiaPoIJpc6mcpR6iWBh","Could be Amara sp. approximately 10mm. bottom of pronotum has hook on it. brown color. Smaller than B"
"4f42ab5d-993f-44e5-b7d7-6459b5eccdb9","STER_028.basePlot.bet","D10","STER","STER_028","E","2014-09-02","2014-09-16","2015-02-25","2015-02-25","bW2EsnYmokVWPqfSzuJ6nwgnphoBaaFM9TdpuHfRv+I=","NEON.BET.D10.002510","CRADUB","Cratacanthus dubius","species",,"Palisot de Beauvois",,"Other",,"P+EeY8owwbjzXaiaPoIJpc6mcpR6iWBh","P+EeY8owwbjzXaiaPoIJpc6mcpR6iWBh",
"cc1fbc3f-da40-4dd9-99f5-3c2dd32e2fa9","STER_029.basePlot.bet","D10","STER","STER_029","E","2014-09-02","2014-09-16","2015-02-25","2015-02-25","KK2q9nxeS909qea31nTmnjO6fj+B+nYOsTNuV7w8yZw=","NEON.BET.D10.002558","CARSP14","Carabidae sp.","family",,"Latreille","D10.2014.MorphJ","Other",,"XXW8BqPXtz8Ncjf8bOi7gc6Hj7+NVXsl","XXW8BqPXtz8Ncjf8bOi7gc6Hj7+NVXsl","Could be Amara sp. approximately 10mm. bottom of pronotum has hook on it. brown color. Smaller than B"
"1b99f2af-bfe1-4158-959c-58ba0b0dec31","STER_028.basePlot.bet","D10","STER","STER_028","E","2014-09-02","2014-09-16","2015-02-25","2015-02-25","bW2EsnYmokVWPqfSzuJ6n5nMEveDIvDY90SpaAkoHUk=","NEON.BET.D10.002508","CYCTOR","Cyclotrachelus torvus","species",,"LeConte",,"Other",,"P+EeY8owwbjzXaiaPoIJpc6mcpR6iWBh","P+EeY8owwbjzXaiaPoIJpc6mcpR6iWBh",
"4c73deee-ff3f-4056-a83d-55be4d2850e7","STER_028.basePlot.bet","D10","STER","STER_028","E","2014-09-02","2014-09-16","2015-02-25","2015-02-25","bW2EsnYmokVWPqfSzuJ6nwgnphoBaaFM9TdpuHfRv+I=","NEON.BET.D10.002509","CRADUB","Cratacanthus dubius","species",,"Palisot de Beauvois",,"Other",,"P+EeY8owwbjzXaiaPoIJpc6mcpR6iWBh","P+EeY8owwbjzXaiaPoIJpc6mcpR6iWBh",
"6b67882e-02ed-4603-859f-45b78c9741a2","STER_034.basePlot.bet","D10","STER","STER_034","E","2014-09-02","2014-09-16","2015-02-25","2015-02-25","v+COazD1kvwkHo3S4bdJ/m4zzU/qBi4S4lwUPfh3Rws=","NEON.BET.D10.002521","AGOCON","Agonoleptus conjunctus","species",,"Say",,"Other",,"P+EeY8owwbjzXaiaPoIJpc6mcpR6iWBh","P+EeY8owwbjzXaiaPoIJpc6mcpR6iWBh",
"6c7b4734-9b5c-4a92-b24a-c50b2e6d977c","STER_034.basePlot.bet","D10","STER","STER_034","E","2014-09-02","2014-09-16","2015-02-25","2015-02-25","v+COazD1kvwkHo3S4bdJ/m4zzU/qBi4S4lwUPfh3Rws=","NEON.BET.D10.002520","CARSP14","Carabidae sp.","family",,"Latreille","D10.2014.MorphAB","Other",,"P+EeY8owwbjzXaiaPoIJpc6mcpR6iWBh","P+EeY8owwbjzXaiaPoIJpc6mcpR6iWBh","similar to or is either Harpalus fuscipalpus or Harpalus carbonatus. approximately 10 mm long. Basal fovea more convex. Sparsely punctate. Posterior pronotal corners rounded but defined with small overlap onto elytra."
"0a6d6796-271f-49a3-ad73-cf04bb87a488","STER_032.basePlot.bet","D10","STER","STER_032","N","2014-09-02","2014-09-16","2015-02-25","2015-02-25","fEa5yf30aQwvj3g+ODeZA2n/kWfoR19ZIiF+yBUTTvw=","NEON.BET.D10.002551","CALAFF1","Calosoma affine","species",,"Chaudoir",,"Other",,"XXW8BqPXtz8Ncjf8bOi7gc6Hj7+NVXsl","XXW8BqPXtz8Ncjf8bOi7gc6Hj7+NVXsl",
"e1e02264-a43b-478f-ac0f-2701ed95cd2c","STER_034.basePlot.bet","D10","STER","STER_034","N","2014-09-02","2014-09-16","2015-02-25","2015-02-25","v+COazD1kvxSkLBCFXDApQAyOCN7vCscTW9NH3iNnvs=","NEON.BET.D10.002518","CALAFF1","Calosoma affine","species",,"Chaudoir",,"Other",,"P+EeY8owwbjzXaiaPoIJpc6mcpR6iWBh","P+EeY8owwbjzXaiaPoIJpc6mcpR6iWBh",
"2557bb7a-ea03-4a15-a163-bf83c1c80804","STER_027.basePlot.bet","D10","STER","STER_027","N","2014-09-02","2014-09-16","2015-02-25","2015-02-25","FuEDHNSxWAnQlwXeH1K2nO8yRdXRtKLzsZGr81ozffs=","NEON.BET.D10.002545","POESCI","Poecilus scitulus","species",,"LeConte",,"Other",,"XXW8BqPXtz8Ncjf8bOi7gc6Hj7+NVXsl","XXW8BqPXtz8Ncjf8bOi7gc6Hj7+NVXsl",
"e36e0c96-fe58-4945-b509-6db0be8c7752","STER_027.basePlot.bet","D10","STER","STER_027","N","2014-09-02","2014-09-16","2015-02-25","2015-02-25","FuEDHNSxWAnQlwXeH1K2nO8yRdXRtKLzsZGr81ozffs=","NEON.BET.D10.002546","POESCI","Poecilus scitulus","species",,"LeConte",,"Other",,"XXW8BqPXtz8Ncjf8bOi7gc6Hj7+NVXsl","XXW8BqPXtz8Ncjf8bOi7gc6Hj7+NVXsl",
"1c675a2f-aaa2-4b37-abea-82194b3273f1","STER_027.basePlot.bet","D10","STER","STER_027","N","2014-09-02","2014-09-16","2015-02-25","2015-02-25","FuEDHNSxWAnQlwXeH1K2nO8yRdXRtKLzsZGr81ozffs=","NEON.BET.D10.002547","CARSP14","Carabidae sp.","family",,"Latreille","D10.2014.MorphJ","Other",,"XXW8BqPXtz8Ncjf8bOi7gc6Hj7+NVXsl","XXW8BqPXtz8Ncjf8bOi7gc6Hj7+NVXsl","Could be Amara sp. approximately 10mm. bottom of pronotum has hook on it. brown color. Smaller than B"
"3630a69e-3162-4a92-885d-c9061fbbcdd1","STER_031.basePlot.bet","D10","STER","STER_031","N","2014-09-02","2014-09-16","2015-02-25","2015-02-25","1mQK2LOpYfsiZhIMO/VVjQ5mETwHByhk/HQD+PxDYPg=","NEON.BET.D10.002514","CARSP14","Carabidae sp.","family",,"Latreille","D10.2014.MorphF","Other",,"P+EeY8owwbjzXaiaPoIJpc6mcpR6iWBh","P+EeY8owwbjzXaiaPoIJpc6mcpR6iWBh","approximately 10mm. leg more rufous than body. enlarged femur on all legs. One orbital setae"
"a88be447-2973-4236-b0b9-8ba7b2818f86","STER_031.basePlot.bet","D10","STER","STER_031","N","2014-09-02","2014-09-16","2015-02-25","2015-02-25","1mQK2LOpYfsiZhIMO/VVjQ5mETwHByhk/HQD+PxDYPg=","NEON.BET.D10.002516","CARSP14","Carabidae sp.","family",,"Latreille","D10.2014.MorphJ","Other",,"P+EeY8owwbjzXaiaPoIJpc6mcpR6iWBh","P+EeY8owwbjzXaiaPoIJpc6mcpR6iWBh","Could be Amara sp. approximately 10mm. bottom of pronotum has hook on it. brown color. Smaller than B"
"37629e77-f2e9-4fa1-af43-04b6158da7b8","STER_031.basePlot.bet","D10","STER","STER_031","N","2014-09-02","2014-09-16","2015-02-25","2015-02-25","1mQK2LOpYfsiZhIMO/VVjQ5mETwHByhk/HQD+PxDYPg=","NEON.BET.D10.002515","CARSP14","Carabidae sp.","family",,"Latreille","D10.2014.MorphJ","Other",,"P+EeY8owwbjzXaiaPoIJpc6mcpR6iWBh","P+EeY8owwbjzXaiaPoIJpc6mcpR6iWBh","Could be Amara sp. approximately 10mm. bottom of pronotum has hook on it. brown color. Smaller than B"
"746f9316-f2c2-4d84-88b1-dd734f36b0a2","STER_033.basePlot.bet","D10","STER","STER_033","N","2014-09-02","2014-09-16","2015-02-25","2015-02-25","Yx5jJOWNohJp6dqmDJpDShk52LzpLyX4wAq3kPvIER8=","NEON.BET.D10.002528","CARSP14","Carabidae sp.","family",,"Latreille","D10.2014.MorphF","Other",,"P+EeY8owwbjzXaiaPoIJpc6mcpR6iWBh","P+EeY8owwbjzXaiaPoIJpc6mcpR6iWBh","approximately 10mm. leg more rufous than body. enlarged femur on all legs. One orbital setae"
"b708bbf9-610d-4895-8774-cf4c3411062f","STER_033.basePlot.bet","D10","STER","STER_033","N","2014-09-02","2014-09-16","2015-02-25","2015-02-25","Yx5jJOWNohJp6dqmDJpDShk52LzpLyX4wAq3kPvIER8=","NEON.BET.D10.002527","CARSP14","Carabidae sp.","family",,"Latreille","D10.2014.MorphJ","Other",,"P+EeY8owwbjzXaiaPoIJpc6mcpR6iWBh","P+EeY8owwbjzXaiaPoIJpc6mcpR6iWBh","Could be Amara sp. approximately 10mm. bottom of pronotum has hook on it. brown color. Smaller than B"
"02c0e316-5b73-4639-af3f-8f7d38ec77d1","STER_033.basePlot.bet","D10","STER","STER_033","N","2014-09-02","2014-09-16","2015-02-25","2015-02-25","Yx5jJOWNohJp6dqmDJpDShk52LzpLyX4wAq3kPvIER8=","NEON.BET.D10.002526","CARSP14","Carabidae sp.","family",,"Latreille","D10.2014.MorphJ","Other",,"P+EeY8owwbjzXaiaPoIJpc6mcpR6iWBh","P+EeY8owwbjzXaiaPoIJpc6mcpR6iWBh","Could be Amara sp. approximately 10mm. bottom of pronotum has hook on it. brown color. Smaller than B"
"f139d7e4-f067-407b-b3f3-6edfa9b69900","STER_033.basePlot.bet","D10","STER","STER_033","N","2014-09-02","2014-09-16","2015-02-25","2015-02-25","Yx5jJOWNohJp6dqmDJpDShk52LzpLyX4wAq3kPvIER8=","NEON.BET.D10.002529","CARSP14","Carabidae sp.","family",,"Latreille","D10.2014.MorphF","Other",,"P+EeY8owwbjzXaiaPoIJpc6mcpR6iWBh","P+EeY8owwbjzXaiaPoIJpc6mcpR6iWBh","approximately 10mm. leg more rufous than body. enlarged femur on all legs. One orbital setae"
"7e3f9a9a-8ff2-4282-adb4-4685019ed009","STER_027.basePlot.bet","D10","STER","STER_027","S","2014-09-02","2014-09-16","2015-02-25","2015-02-25","FuEDHNSxWAmQmPde4WiVaQSw2Qxdg29BuzZXZpTwCWE=","NEON.BET.D10.002543","CARSP14","Carabidae sp.","family",,"Latreille","D10.2014.MorphF","Other",,"XXW8BqPXtz8Ncjf8bOi7gc6Hj7+NVXsl","XXW8BqPXtz8Ncjf8bOi7gc6Hj7+NVXsl","approximately 10mm. leg more rufous than body. enlarged femur on all legs. One orbital setae"
"abc7c863-504b-43d3-bc9f-c4d97c36a481","STER_028.basePlot.bet","D10","STER","STER_028","S","2014-09-02","2014-09-16","2015-02-25","2015-02-25","bW2EsnYmokVQpJJnurqSXLAFY4+/sfIuA3gCCP/xZYc=","NEON.BET.D10.002512","CARSP14","Carabidae sp.","family",,"Latreille","D10.2014.MorphF","Other",,"P+EeY8owwbjzXaiaPoIJpc6mcpR6iWBh","P+EeY8owwbjzXaiaPoIJpc6mcpR6iWBh","approximately 10mm. leg more rufous than body. enlarged femur on all legs. One orbital setae"
"a698411a-f4c0-480b-956f-419a97c62ee8","STER_006.basePlot.bet","D10","STER","STER_006","S","2014-09-02","2014-09-16","2015-02-25","2015-02-25","LZ9IDatJ8HE+OOV3AMnyNWpCZRBa7wQ/0ZvejFJUBEw=","NEON.BET.D10.002549","CARSP14","Carabidae sp.","family",,"Latreille","D10.2014.MorphL","Other",,"XXW8BqPXtz8Ncjf8bOi7gc6Hj7+NVXsl","XXW8BqPXtz8Ncjf8bOi7gc6Hj7+NVXsl","approximately 15mm. basal pronotum indented with no dorsal ridge and not sinuate. elytra striate. Non toothed mentum. single orbital setae. similar to morph K but smaller"
"e6806157-9dbf-44d4-b0d6-973672f41c1c","STER_027.basePlot.bet","D10","STER","STER_027","S","2014-09-02","2014-09-16","2015-02-25","2015-02-25","FuEDHNSxWAmQmPde4WiVaQSw2Qxdg29BuzZXZpTwCWE=","NEON.BET.D10.002544","CARSP14","Carabidae sp.","family",,"Latreille","D10.2014.MorphL","Other",,"XXW8BqPXtz8Ncjf8bOi7gc6Hj7+NVXsl","XXW8BqPXtz8Ncjf8bOi7gc6Hj7+NVXsl","approximately 15mm. basal pronotum indented with no dorsal ridge and not sinuate. elytra striate. Non toothed mentum. single orbital setae. similar to morph K but smaller"
"fbf164e9-8bcf-406f-b994-e9010dcf0fa9","STER_033.basePlot.bet","D10","STER","STER_033","S","2014-09-02","2014-09-16","2015-02-25","2015-02-25","Yx5jJOWNohLt0qDALt67yz6Q4GY6mY/OM1uFnR4NUII=","NEON.BET.D10.002522","CARSP14","Carabidae sp.","family",,"Latreille","D10.2014.MorphJ","Other",,"P+EeY8owwbjzXaiaPoIJpc6mcpR6iWBh","P+EeY8owwbjzXaiaPoIJpc6mcpR6iWBh","Could be Amara sp. approximately 10mm. bottom of pronotum has hook on it. brown color. Smaller than B"
"7893d11d-1eb3-4137-a421-f3124b35a39a","STER_029.basePlot.bet","D10","STER","STER_029","S","2014-09-02","2014-09-16","2015-02-25","2015-02-25","KK2q9nxeS92MnnDFxwDsO4fJJkaqGR77d5T9gLe+qZI=","NEON.BET.D10.002557","CARSP14","Carabidae sp.","family",,"Latreille","D10.2014.MorphJ","Other",,"XXW8BqPXtz8Ncjf8bOi7gc6Hj7+NVXsl","XXW8BqPXtz8Ncjf8bOi7gc6Hj7+NVXsl","Could be Amara sp. approximately 10mm. bottom of pronotum has hook on it. brown color. Smaller than B"
"103f9c9a-e756-4e22-aed7-0884892cf896","STER_031.basePlot.bet","D10","STER","STER_031","S","2014-09-02","2014-09-16","2015-02-25","2015-02-25","1mQK2LOpYfuWnIBkG65ol1Sf4pjxeJyH28UF1qebGpo=","NEON.BET.D10.002513","CARSP14","Carabidae sp.","family",,"Latreille","D10.2014.MorphJ","Other",,"P+EeY8owwbjzXaiaPoIJpc6mcpR6iWBh","P+EeY8owwbjzXaiaPoIJpc6mcpR6iWBh","Could be Amara sp. approximately 10mm. bottom of pronotum has hook on it. brown color. Smaller than B"
"36a41755-8bde-4d2e-b928-8540b83d6fb1","STER_028.basePlot.bet","D10","STER","STER_028","S","2014-09-02","2014-09-16","2015-02-25","2015-02-25","bW2EsnYmokVQpJJnurqSXGjrVn4b2a5aIcWEbSRrK0M=","NEON.BET.D10.002507","POESCI","Poecilus scitulus","species",,"LeConte",,"Other",,"P+EeY8owwbjzXaiaPoIJpc6mcpR6iWBh","P+EeY8owwbjzXaiaPoIJpc6mcpR6iWBh",
"9f84e240-da8a-40fb-acf2-d4e3766f4928","STER_028.basePlot.bet","D10","STER","STER_028","W","2014-09-02","2014-09-16","2015-02-25","2015-02-25","bW2EsnYmokW/AO8CH3yZtUyIopJkv9GiyziJukbgnIY=","NEON.BET.D10.002511","CARSP14","Carabidae sp.","family",,"Latreille","D10.2014.MorphJ","Other",,"P+EeY8owwbjzXaiaPoIJpc6mcpR6iWBh","P+EeY8owwbjzXaiaPoIJpc6mcpR6iWBh","Could be Amara sp. approximately 10mm. bottom of pronotum has hook on it. brown color. Smaller than B"
"e56e2480-6264-47cb-a05c-a21bdacc4574","STER_006.basePlot.bet","D10","STER","STER_006","W","2014-09-02","2014-09-16","2015-02-25","2015-02-25","LZ9IDatJ8HESxDP8kphD/d9oBy+R2vkBGAF6l1w/4Nw=","NEON.BET.D10.002550","CARSP14","Carabidae sp.","family",,"Latreille","D10.2014.MorphJ","Other",,"XXW8BqPXtz8Ncjf8bOi7gc6Hj7+NVXsl","XXW8BqPXtz8Ncjf8bOi7gc6Hj7+NVXsl","Could be Amara sp. approximately 10mm. bottom of pronotum has hook on it. brown color. Smaller than B"
"581fe258-5a42-434c-9cff-30a077e79741","STER_032.basePlot.bet","D10","STER","STER_032","W","2014-09-02","2014-09-16","2015-02-25","2015-02-25","fEa5yf30aQwLrou1WnSFoayynK2PMeUDLFaq+TZ5Z+w=","NEON.BET.D10.002552","CARSP14","Carabidae sp.","family",,"Latreille","D10.2014.MorphJ","Other",,"XXW8BqPXtz8Ncjf8bOi7gc6Hj7+NVXsl","XXW8BqPXtz8Ncjf8bOi7gc6Hj7+NVXsl","Could be Amara sp. approximately 10mm. bottom of pronotum has hook on it. brown color. Smaller than B"
"f2010aff-1b7d-4e5f-8a89-dca284229edb","STER_033.basePlot.bet","D10","STER","STER_033","W","2014-09-02","2014-09-16","2015-02-25","2015-02-25","Yx5jJOWNohLDsVw75MbO8PAGFcTgr3Qu/9BRbxJRgq0=","NEON.BET.D10.002525","DYSGLO","Dyschirius globulosus","species",,"Say",,"Other",,"P+EeY8owwbjzXaiaPoIJpc6mcpR6iWBh","P+EeY8owwbjzXaiaPoIJpc6mcpR6iWBh",
"ea5ab584-93cb-454d-b329-054443632d1c","STER_032.basePlot.bet","D10","STER","STER_032","W","2014-09-02","2014-09-16","2015-02-25","2015-02-25","fEa5yf30aQwLrou1WnSFoayynK2PMeUDLFaq+TZ5Z+w=","NEON.BET.D10.002553","AMAOBE","Amara obesa","species",,"Say",,"Other",,"XXW8BqPXtz8Ncjf8bOi7gc6Hj7+NVXsl","XXW8BqPXtz8Ncjf8bOi7gc6Hj7+NVXsl",
"d9159f20-c92b-464b-8f7c-80054e35270f","STER_029.basePlot.bet","D10","STER","STER_029","W","2014-09-02","2014-09-16","2015-02-25","2015-02-25","KK2q9nxeS91klkZAAvOHCKnPMShCl7ZSQDYwSNfSAoY=","NEON.BET.D10.002555","CARSP14","Carabidae sp.","family",,"Latreille","D10.2014.MorphF","Other",,"XXW8BqPXtz8Ncjf8bOi7gc6Hj7+NVXsl","XXW8BqPXtz8Ncjf8bOi7gc6Hj7+NVXsl","approximately 10mm. leg more rufous than body. enlarged femur on all legs. One orbital setae"
"65ca0c71-e46e-49f3-a0dd-1dc109de7b75","STER_033.basePlot.bet","D10","STER","STER_033","E","2014-09-02","2014-09-16","2015-02-25","2015-02-25","Yx5jJOWNohJFQXiJJJCINzklgHR+epibTfy8KTbqi5A=","NEON.BET.D10.002523","CARSP14","Carabidae sp.","family",,"Latreille","D10.2014.MorphF","Other",,"P+EeY8owwbjzXaiaPoIJpc6mcpR6iWBh","P+EeY8owwbjzXaiaPoIJpc6mcpR6iWBh","approximately 10mm. leg more rufous than body. enlarged femur on all legs. One orbital setae"
