uid,namedLocation,domainID,siteID,plotID,trapID,setDate,collectDate,processingDate,etOHChangeDate,identifiedDate,sampleID,subsampleID,sampleType,taxonID,scientificName,taxonRank,identificationQualifier,scientificNameAuthorship,morphospeciesID,individualCount,identificationReferences,identifiedBy,recordedBy,remarks
"75842234-37e9-4535-bb4f-713079351959","UKFS_001.basePlot.bet","D06","UKFS","UKFS_001","E","2015-08-25","2015-09-08","2015-09-09","2015-09-17",,"UKFS_001.E.20150908","W8lw52JMhqCf3upy0dCzjQSiBRKK2SlSDMfC5rzR6K4=","invert bycatch",,,,,,,,,,"sk+ncTlknmGlnEtX/xe01ipH6tZVDj7e",
"b4451ba3-536a-4b52-b862-8bc1da7a74a7","UKFS_010.basePlot.bet","D06","UKFS","UKFS_010","E","2015-08-25","2015-09-08","2015-09-09","2015-09-16","2015-09-16","UKFS_010.E.20150908","26ylXNgyPLyROz6pS2nu9U7ivO+lgn+JUVXz5WZWx8M=","carabid","PASELO","Pasimachus elongatus","species",,"LeConte",,1,"Other","77todYjt/jkEGWUHO3SI0BRlGpUHn9Xh","77todYjt/jkEGWUHO3SI0BRlGpUHn9Xh",
"2f04b78d-a0aa-4764-a0c8-de502a62688d","UKFS_010.basePlot.bet","D06","UKFS","UKFS_010","E","2015-08-25","2015-09-08","2015-09-09","2015-09-16",,"UKFS_010.E.20150908","26ylXNgyPLyROz6pS2nu9RYHDog6AEmRu5mBm4CP7iI=","invert bycatch",,,,,,,,,,"77todYjt/jkEGWUHO3SI0BRlGpUHn9Xh",
"ae27fcd3-2e67-456a-b843-a72d96593d2b","UKFS_002.basePlot.bet","D06","UKFS","UKFS_002","E","2015-08-25","2015-09-08","2015-09-08","2015-09-17",,"UKFS_002.E.20150908","ThLXd3W736+v3QEZHc9CpL/Sg/D+rSQjF+wTH3dSfWg=","invert bycatch",,,,,,,,,,"77todYjt/jkEGWUHO3SI0BRlGpUHn9Xh",
"c5aa3c46-163d-43a7-a142-d07bbc9d14d3","UKFS_002.basePlot.bet","D06","UKFS","UKFS_002","E","2015-08-25","2015-09-08","2015-09-08","2015-09-17","2015-09-28","UKFS_002.E.20150908","ThLXd3W736+v3QEZHc9CpDQ3GX9gObHgq4K6fUod2PA=","carabid","CARSP14","Carabidae sp.","family",,"Latreille","D06.2015.MorphK",2,"Other","77todYjt/jkEGWUHO3SI0BRlGpUHn9Xh","77todYjt/jkEGWUHO3SI0BRlGpUHn9Xh","Dark brown overall, light brown edge of pronotum. Pronotum basally punctate. Harpalus sp."
"6f34be49-ba01-40f1-ac0c-01e4489f99b6","UKFS_008.basePlot.bet","D06","UKFS","UKFS_008","E","2015-08-25","2015-09-08","2015-09-09","2015-09-16","2015-09-28","UKFS_008.E.20150908","5GU/wTV57IUADZuiX4ZHqZL7XTthYLT5MN/DZDLLEKQ=","carabid","CARSP14","Carabidae sp.","family",,"Latreille","D06.2015.MorphD",2,"Other","77todYjt/jkEGWUHO3SI0BRlGpUHn9Xh","wQI+SYME+gr3nKVXMbMGzlxt6VcoOetL","Dark brown with light brown around the edge of the pronotum. Loxandrus sp."
"bc616cfd-3947-4d57-8d3c-e19e9770b1da","UKFS_008.basePlot.bet","D06","UKFS","UKFS_008","E","2015-08-25","2015-09-08","2015-09-09","2015-09-16",,"UKFS_008.E.20150908","5GU/wTV57IUADZuiX4ZHqUk6DZk8i4eXWhLNcTRUjoE=","invert bycatch",,,,,,,,,,"wQI+SYME+gr3nKVXMbMGzlxt6VcoOetL",
"48f19a4e-7ca8-4b6d-94f9-db4cbc278559","UKFS_005.basePlot.bet","D06","UKFS","UKFS_005","E","2015-08-25","2015-09-08","2015-09-09","2015-09-16",,"UKFS_005.E.20150908","U/hiAoS2t8wcH1I0HKSVBR9xzk0Efim5AemYuQkKaII=","invert bycatch",,,,,,,,,,"wQI+SYME+gr3nKVXMbMGzlxt6VcoOetL",
"ebcf1790-362a-4a06-923a-fc69a6d33555","UKFS_006.basePlot.bet","D06","UKFS","UKFS_006","E","2015-08-25","2015-09-08","2015-09-09","2015-09-17",,"UKFS_006.E.20150908","B2YMmw2rf0dJ+PFjWSEvBSJibZF+CQtEsOwCWfSeXuw=","invert bycatch",,,,,,,,,,"77todYjt/jkEGWUHO3SI0BRlGpUHn9Xh",
"c6320abb-4604-41fb-98bf-9af71827a679","UKFS_007.basePlot.bet","D06","UKFS","UKFS_007","N","2015-08-25","2015-09-08","2015-09-09","2015-09-16","2015-09-28","UKFS_007.N.20150908","PlyNduRc44SsZadZ+D6NMIN7SU8dCkbJPGyp53A9U7A=","carabid","CARSP14","Carabidae sp.","family",,"Latreille","D06.2015.MorphF",1,"Other","77todYjt/jkEGWUHO3SI0BRlGpUHn9Xh","wQI+SYME+gr3nKVXMbMGzlxt6VcoOetL","Black, iridescent when shown in the light. Rainbow reflection. Loxandrus sp."
"34e26d17-06b2-480d-951c-c7ae608b9dc5","UKFS_007.basePlot.bet","D06","UKFS","UKFS_007","N","2015-08-25","2015-09-08","2015-09-09","2015-09-16",,"UKFS_007.N.20150908","PlyNduRc44SsZadZ+D6NMGsL47y+PR7e+I6ezElESng=","invert bycatch",,,,,,,,,,"wQI+SYME+gr3nKVXMbMGzlxt6VcoOetL",
"c9ccf5f0-0d48-4ebe-80cf-fbb680e160a8","UKFS_009.basePlot.bet","D06","UKFS","UKFS_009","N","2015-08-25","2015-09-08","2015-09-09","2015-09-17",,"UKFS_009.N.20150908","MMz820nXMkkaBm8agXb1+6AWwPfBl+LOvwV7c7nQM/Q=","invert bycatch",,,,,,,,,,"77todYjt/jkEGWUHO3SI0BRlGpUHn9Xh",
"766ea730-d5c8-4bc5-ae0f-aa5fa55ecabc","UKFS_003.basePlot.bet","D06","UKFS","UKFS_003","N","2015-08-25","2015-09-08","2015-09-08","2015-09-16",,"UKFS_003.N.20150908","Vl3mTlloYQRW5CGpwBn0gy2xDdeOyRPTJU2Lnrr4k0Q=","invert bycatch",,,,,,,,,,"77todYjt/jkEGWUHO3SI0BRlGpUHn9Xh",
"86dc3ac7-a26c-417c-9f55-726ed6b72287","UKFS_001.basePlot.bet","D06","UKFS","UKFS_001","N","2015-08-25","2015-09-08","2015-09-09","2015-09-17",,"UKFS_001.N.20150908","W8lw52JMhqCv0mgp+Tx3KQui7kUkQd0mOA0NTF1GxHM=","invert bycatch",,,,,,,,,,"sk+ncTlknmGlnEtX/xe01ipH6tZVDj7e",
"e43e33bd-10a1-448e-88ee-ffaf11e12318","UKFS_001.basePlot.bet","D06","UKFS","UKFS_001","N","2015-08-25","2015-09-08","2015-09-09","2015-09-17","2015-09-28","UKFS_001.N.20150908","W8lw52JMhqCv0mgp+Tx3KfxNif0+lceD9t+22sno3Jc=","carabid","BRAALT","Brachinus alternans","species",,"Dejean",,1,"Other","77todYjt/jkEGWUHO3SI0BRlGpUHn9Xh","sk+ncTlknmGlnEtX/xe01ipH6tZVDj7e",
"39225326-1a47-429d-aa8e-6a1a42f4f150","UKFS_010.basePlot.bet","D06","UKFS","UKFS_010","N","2015-08-25","2015-09-08","2015-09-09","2015-09-16",,"UKFS_010.N.20150908","26ylXNgyPLzDn0LVl9IGVA6s0FEdHP6KmVf40Hn3Mv0=","invert bycatch",,,,,,,,,,"77todYjt/jkEGWUHO3SI0BRlGpUHn9Xh",
"d1c5bf3a-48b1-4ef0-83ba-8b5112095402","UKFS_005.basePlot.bet","D06","UKFS","UKFS_005","E","2015-08-25","2015-09-08","2015-09-09","2015-09-16","2015-09-28","UKFS_005.E.20150908","U/hiAoS2t8wcH1I0HKSVBUNuR5ymxDcinDyZt4MBi9I=","carabid","CARSP14","Carabidae sp.","family",,"Latreille","D06.2015.MorphF",1,"Other","77todYjt/jkEGWUHO3SI0BRlGpUHn9Xh","wQI+SYME+gr3nKVXMbMGzlxt6VcoOetL","Black, iridescent when shown in the light. Rainbow reflection. Loxandrus sp.|Dark brown with light brown around the edge of the pronotum. Loxandrus sp."
"8cf0616e-6fca-47be-8de2-99fcb3d6e553","UKFS_004.basePlot.bet","D06","UKFS","UKFS_004","E","2015-08-25","2015-09-08","2015-09-09","2015-09-17","2015-09-28","UKFS_004.E.20150908","luQoN84IPtGyMW6k1P1bZSJQXuGwC+j2r3mruY7lBgg=","carabid","CARSP14","Carabidae sp.","family",,"Latreille","D06.2015.MorphD",14,"Other","77todYjt/jkEGWUHO3SI0BRlGpUHn9Xh","77todYjt/jkEGWUHO3SI0BRlGpUHn9Xh","Lime green and bronze, metallic, medium size.|Dark brown with light brown around the edge of the pronotum. Loxandrus sp."
"df54e335-ede4-4621-9b3c-2da58f6445de","UKFS_001.basePlot.bet","D06","UKFS","UKFS_001","E","2015-08-25","2015-09-08","2015-09-09","2015-09-17","2015-09-28","UKFS_001.E.20150908","W8lw52JMhqCf3upy0dCzjQtd+wFsxGIB2AyKjpX47FQ=","carabid","CARSP14","Carabidae sp.","family",,"Latreille","D06.2015.MorphD",1,"Other","77todYjt/jkEGWUHO3SI0BRlGpUHn9Xh","sk+ncTlknmGlnEtX/xe01ipH6tZVDj7e","Dark brown with light brown around the edge of the pronotum. Loxandrus sp."
"8d2f148a-aa00-45bb-9c1c-4e133eed2368","UKFS_007.basePlot.bet","D06","UKFS","UKFS_007","E","2015-08-25","2015-09-08","2015-09-09","2015-09-16",,"UKFS_007.E.20150908","PlyNduRc44Qcdojg0RaG6wJv6t8joVy8z/Y0k3+K62Q=","invert bycatch",,,,,,,,,,"wQI+SYME+gr3nKVXMbMGzlxt6VcoOetL",
"e13b69e0-2825-41c1-b7e1-3ef97885bd37","UKFS_007.basePlot.bet","D06","UKFS","UKFS_007","E","2015-08-25","2015-09-08","2015-09-09","2015-09-16","2015-09-28","UKFS_007.E.20150908","PlyNduRc44Qcdojg0RaG61iNgT94MR/KjZ2p5UM0vZg=","carabid","CARSP14","Carabidae sp.","family",,"Latreille","D06.2015.MorphF",1,"Other","77todYjt/jkEGWUHO3SI0BRlGpUHn9Xh","wQI+SYME+gr3nKVXMbMGzlxt6VcoOetL","Black, iridescent when shown in the light. Rainbow reflection. Loxandrus sp."
"112f78c5-668b-4a14-976b-61d092294db7","UKFS_003.basePlot.bet","D06","UKFS","UKFS_003","E","2015-08-25","2015-09-08","2015-09-08","2015-09-16",,"UKFS_003.E.20150908","Vl3mTlloYQT2VnzwvbmzbT4s7WqglRYFq72Lqh84YN0=","invert bycatch",,,,,,,,,,"77todYjt/jkEGWUHO3SI0BRlGpUHn9Xh",
"c9347b07-bfb1-4664-9889-b66e7e7c256e","UKFS_003.basePlot.bet","D06","UKFS","UKFS_003","E","2015-08-25","2015-09-08","2015-09-08","2015-09-16","2015-09-16","UKFS_003.E.20150908","Vl3mTlloYQT2VnzwvbmzbdQ8RbKi2k+VJaFKmXyy+6k=","carabid","CARSP14","Carabidae sp.","family",,"Latreille","D06.2015.MorphB",1,"Other","77todYjt/jkEGWUHO3SI0BRlGpUHn9Xh","77todYjt/jkEGWUHO3SI0BRlGpUHn9Xh","Cyclotrachelus sp. Black oval pronotum. Notches on the posterolateral angles."
"c624bfec-7999-4749-bfe2-611d254fdc2e","UKFS_001.basePlot.bet","D06","UKFS","UKFS_001","E","2015-08-25","2015-09-08","2015-09-09","2015-09-17","2015-09-28","UKFS_001.E.20150908","W8lw52JMhqCf3upy0dCzjTpco1itkp0Q6rC7dFanoBE=","carabid","BRAALT","Brachinus alternans","species",,"Dejean",,2,"Other","77todYjt/jkEGWUHO3SI0BRlGpUHn9Xh","sk+ncTlknmGlnEtX/xe01ipH6tZVDj7e",
"594c2ba6-3a9e-406b-82cb-ddbada70e11f","UKFS_004.basePlot.bet","D06","UKFS","UKFS_004","E","2015-08-25","2015-09-08","2015-09-09","2015-09-17","2015-09-17","UKFS_004.E.20150908","luQoN84IPtGyMW6k1P1bZXU2zWJHuv/P5Jqt6Q8nyHk=","carabid","GALBIC","Galerita bicolor","species",,"Drury",,1,"Other","77todYjt/jkEGWUHO3SI0BRlGpUHn9Xh","77todYjt/jkEGWUHO3SI0BRlGpUHn9Xh",
"9faaadf9-6672-4298-864e-0cc2455fe0f7","UKFS_004.basePlot.bet","D06","UKFS","UKFS_004","E","2015-08-25","2015-09-08","2015-09-09","2015-09-17",,"UKFS_004.E.20150908","luQoN84IPtGyMW6k1P1bZbYaA94y8mqJ6fICAAGJ18o=","invert bycatch",,,,,,,,,,"77todYjt/jkEGWUHO3SI0BRlGpUHn9Xh",
"ae2e232b-ab6a-4e20-b4f2-a5916621b4c2","UKFS_004.basePlot.bet","D06","UKFS","UKFS_004","E","2015-08-25","2015-09-08","2015-09-09","2015-09-17","2015-09-28","UKFS_004.E.20150908","luQoN84IPtGyMW6k1P1bZQNBlu1f+3hlf48aOK4oC/w=","carabid","GALATR","Galerita atripes","species",,"LeConte",,1,"Other","77todYjt/jkEGWUHO3SI0BRlGpUHn9Xh","77todYjt/jkEGWUHO3SI0BRlGpUHn9Xh",
"5dbd32c8-e29a-45da-aa64-ffe11ac3dc4c","UKFS_009.basePlot.bet","D06","UKFS","UKFS_009","E","2015-08-25","2015-09-08","2015-09-09","2015-09-17",,"UKFS_009.E.20150908","MMz820nXMkl9BrpXOPF+VL9R+qntJMJ54UWpmG0RD+g=","invert bycatch",,,,,,,,,,"77todYjt/jkEGWUHO3SI0BRlGpUHn9Xh",
"af648a42-91b7-4401-936c-e5816255f6a1","UKFS_002.basePlot.bet","D06","UKFS","UKFS_002","N","2015-08-25","2015-09-08","2015-09-08","2015-09-17",,"UKFS_002.N.20150908","ThLXd3W7368x81PZ9eOjJYu9FlQxmpm30PQM88S1jOs=","invert bycatch",,,,,,,,,,"77todYjt/jkEGWUHO3SI0BRlGpUHn9Xh",
"b532f72b-71af-43c9-bdf2-8548b06c888b","UKFS_004.basePlot.bet","D06","UKFS","UKFS_004","N","2015-08-25","2015-09-08","2015-09-09","2015-09-17",,"UKFS_004.N.20150908","luQoN84IPtFCEbD/M+6Lb7w/KzMI8NNJJKQ54c3Lhtk=","invert bycatch",,,,,,,,,,"77todYjt/jkEGWUHO3SI0BRlGpUHn9Xh",
"cb18e110-8562-4660-84a1-9faa029166f3","UKFS_004.basePlot.bet","D06","UKFS","UKFS_004","N","2015-08-25","2015-09-08","2015-09-09","2015-09-17","2015-09-25","UKFS_004.N.20150908","luQoN84IPtFCEbD/M+6Lb9zqG5QF/DW7h+V3A83dsWs=","carabid","CARSP14","Carabidae sp.","family",,"Latreille","D06.2015.MorphD",6,"Other","77todYjt/jkEGWUHO3SI0BRlGpUHn9Xh","77todYjt/jkEGWUHO3SI0BRlGpUHn9Xh","Dark brown with light brown around the edge of the pronotum. Loxandrus sp."
"3af9e0f5-006c-4ed2-88b1-f713dd25ffdc","UKFS_004.basePlot.bet","D06","UKFS","UKFS_004","N","2015-08-25","2015-09-08","2015-09-09","2015-09-17","2015-09-17","UKFS_004.N.20150908","luQoN84IPtFCEbD/M+6Lb9oVlZ1NAC1Nf3Im4dc/hLU=","carabid","BRAALT","Brachinus alternans","species",,"Dejean",,4,"Other","77todYjt/jkEGWUHO3SI0BRlGpUHn9Xh","77todYjt/jkEGWUHO3SI0BRlGpUHn9Xh",
"e6f508ea-8165-4a48-948a-a9d3818d2aa7","UKFS_008.basePlot.bet","D06","UKFS","UKFS_008","N","2015-08-25","2015-09-08","2015-09-09","2015-09-16",,"UKFS_008.N.20150908","5GU/wTV57IXAqJ6T3+RdvQOYVlus5Hw8iyEFDgkMqog=","invert bycatch",,,,,,,,,,"wQI+SYME+gr3nKVXMbMGzlxt6VcoOetL",
"3379d9fe-5aa6-45a1-bce2-cd34422af2aa","UKFS_005.basePlot.bet","D06","UKFS","UKFS_005","N","2015-08-25","2015-09-08","2015-09-09","2015-09-16",,"UKFS_005.N.20150908","U/hiAoS2t8ykNrO53nVw+9XehZF0LEij65ehgUt85Nk=","invert bycatch",,,,,,,,,,"wQI+SYME+gr3nKVXMbMGzlxt6VcoOetL",
"57e1de7e-a2e1-4375-b5a9-e7f3bd2b292f","UKFS_006.basePlot.bet","D06","UKFS","UKFS_006","N","2015-08-25","2015-09-08","2015-09-09","2015-09-17",,"UKFS_006.N.20150908","B2YMmw2rf0fo8U6L7B9sNPw1UKhdHNaFd80yKXB7QV0=","invert bycatch",,,,,,,,,,"77todYjt/jkEGWUHO3SI0BRlGpUHn9Xh",
"bb7dcc49-5fa5-4279-a515-07c2c70c0d17","UKFS_006.basePlot.bet","D06","UKFS","UKFS_006","N","2015-08-25","2015-09-08","2015-09-09","2015-09-17","2015-09-17","UKFS_006.N.20150908","B2YMmw2rf0fo8U6L7B9sNGJPr2W/mqgjx49L0pJiezw=","carabid","CARSP14","Carabidae sp.","family",,"Latreille","D06.2015.MorphB",1,"Other","77todYjt/jkEGWUHO3SI0BRlGpUHn9Xh","77todYjt/jkEGWUHO3SI0BRlGpUHn9Xh","Cyclotrachelus sp. Black oval pronotum. Notches on the posterolateral angles."
"bf4919eb-9033-4c0d-b3b4-5f0f9bc10f4f","UKFS_008.basePlot.bet","D06","UKFS","UKFS_008","S","2015-08-25","2015-09-08","2015-09-09","2015-09-16",,"UKFS_008.S.20150908","5GU/wTV57IXnpLXUjN/eAAsoprZWfMlz85PUtZHl+lQ=","invert bycatch",,,,,,,,,,"wQI+SYME+gr3nKVXMbMGzlxt6VcoOetL",
"f4c57a9c-43df-4a98-88a4-f49a8d1d6e00","UKFS_005.basePlot.bet","D06","UKFS","UKFS_005","S","2015-08-25","2015-09-08","2015-09-09","2015-09-16","2015-09-28","UKFS_005.S.20150908","U/hiAoS2t8wHr9hCVZ7Q/ImHfoa1QWyav2M+cSzTcgk=","carabid","CARSP14","Carabidae sp.","family",,"Latreille","D06.2015.MorphF",1,"Other","77todYjt/jkEGWUHO3SI0BRlGpUHn9Xh","wQI+SYME+gr3nKVXMbMGzlxt6VcoOetL","Black, iridescent when shown in the light. Rainbow reflection. Loxandrus sp."
"22f20362-f33c-4d32-a3c4-22924d36f240","UKFS_005.basePlot.bet","D06","UKFS","UKFS_005","S","2015-08-25","2015-09-08","2015-09-09","2015-09-16","2015-09-16","UKFS_005.S.20150908","U/hiAoS2t8wHr9hCVZ7Q/JwswFVDnjXnvkYuwlNs1Bw=","carabid","GALATR","Galerita atripes","species",,"LeConte",,1,"Other","wQI+SYME+gr3nKVXMbMGzlxt6VcoOetL","wQI+SYME+gr3nKVXMbMGzlxt6VcoOetL",
"9da36d7f-38b1-43d8-ab7f-4857f0059a29","UKFS_006.basePlot.bet","D06","UKFS","UKFS_006","S","2015-08-25","2015-09-08","2015-09-09","2015-09-17","2015-09-17","UKFS_006.S.20150908","B2YMmw2rf0fnt5F1w8Doz7j9DN7lHHYrFaNFCYzbgwM=","carabid","DICPUR4","Dicaelus purpuratus","species",,"Bonelli",,2,"Other","77todYjt/jkEGWUHO3SI0BRlGpUHn9Xh","77todYjt/jkEGWUHO3SI0BRlGpUHn9Xh",
"d90c6c20-0a3e-4014-84fd-42e18c86cf33","UKFS_004.basePlot.bet","D06","UKFS","UKFS_004","S","2015-08-25","2015-09-08","2015-09-09","2015-09-17","2015-09-17","UKFS_004.S.20150908","luQoN84IPtE+nCttLa7FCbtU7oW5tH4VIM2Ej6eDias=","carabid","BRAALT","Brachinus alternans","species",,"Dejean",,1,"Other","77todYjt/jkEGWUHO3SI0BRlGpUHn9Xh","77todYjt/jkEGWUHO3SI0BRlGpUHn9Xh",
"e8ff90ac-f633-4cf0-87d9-cf6dc9120a70","UKFS_004.basePlot.bet","D06","UKFS","UKFS_004","S","2015-08-25","2015-09-08","2015-09-09","2015-09-17",,"UKFS_004.S.20150908","luQoN84IPtE+nCttLa7FCY/kGqRO7fHSsA8E25eZvoQ=","invert bycatch",,,,,,,,,,"77todYjt/jkEGWUHO3SI0BRlGpUHn9Xh",
"522a0f82-6472-4ffb-811d-398a18795590","UKFS_009.basePlot.bet","D06","UKFS","UKFS_009","S","2015-08-25","2015-09-08","2015-09-09","2015-09-17","2015-09-17","UKFS_009.S.20150908","MMz820nXMklIuibWjob24CpUJRnxsQZTPmTuOJZlVXM=","carabid","CARSP14","Carabidae sp.","family",,"Latreille","D06.2015.MorphG",1,"Other","77todYjt/jkEGWUHO3SI0BRlGpUHn9Xh","77todYjt/jkEGWUHO3SI0BRlGpUHn9Xh","Metallic green big headed tiger beetle. Megacephala sp."
"8d00a3be-4eaa-440d-8f61-254c3b9d6bce","UKFS_009.basePlot.bet","D06","UKFS","UKFS_009","S","2015-08-25","2015-09-08","2015-09-09","2015-09-17",,"UKFS_009.S.20150908","MMz820nXMklIuibWjob24L0Pnv/MX0dxWymymIkYoKE=","invert bycatch",,,,,,,,,,"77todYjt/jkEGWUHO3SI0BRlGpUHn9Xh",
"dd6e047c-5610-4597-9a4a-ca236aec4ddf","UKFS_003.basePlot.bet","D06","UKFS","UKFS_003","S","2015-08-25","2015-09-08","2015-09-08","2015-09-16",,"UKFS_003.S.20150908","Vl3mTlloYQQKrLsC1l93W6nNyAfiS7ACxZW/WoBm8Vw=","invert bycatch",,,,,,,,,,"77todYjt/jkEGWUHO3SI0BRlGpUHn9Xh",
"546e2612-8e33-4dac-b454-538962a3a9e7","UKFS_001.basePlot.bet","D06","UKFS","UKFS_001","S","2015-08-25","2015-09-08","2015-09-09","2015-09-17","2015-09-28","UKFS_001.S.20150908","W8lw52JMhqAmSsyHNCbL6TInzPygqwHY+KuoP1KL+To=","carabid","CARSP14","Carabidae sp.","family",,"Latreille","D06.2015.MorphD",3,"Other","77todYjt/jkEGWUHO3SI0BRlGpUHn9Xh","sk+ncTlknmGlnEtX/xe01ipH6tZVDj7e","Dark brown with light brown around the edge of the pronotum. Loxandrus sp."
"58ff86b4-24b0-4eb1-b947-240094ff2a96","UKFS_004.basePlot.bet","D06","UKFS","UKFS_004","S","2015-08-25","2015-09-08","2015-09-09","2015-09-17","2015-09-28","UKFS_004.S.20150908","luQoN84IPtE+nCttLa7FCSvy/zcHZtiMKxGSqIP4WA4=","carabid","CARSP14","Carabidae sp.","family",,"Latreille","D06.2015.MorphD",1,"Other","77todYjt/jkEGWUHO3SI0BRlGpUHn9Xh","77todYjt/jkEGWUHO3SI0BRlGpUHn9Xh","Dark brown with light brown around the edge of the pronotum. Loxandrus sp."
"7cf74e53-6f24-4407-adac-3485c203a78b","UKFS_009.basePlot.bet","D06","UKFS","UKFS_009","S","2015-08-25","2015-09-08","2015-09-09","2015-09-17","2015-09-17","UKFS_009.S.20150908","MMz820nXMklIuibWjob24Hpb+kR9dppbFeg9Wf07Qo0=","carabid","SCASUB2","Scarites subterraneus","species",,"Fabricius",,1,"Other","77todYjt/jkEGWUHO3SI0BRlGpUHn9Xh","77todYjt/jkEGWUHO3SI0BRlGpUHn9Xh",
"02024b79-e01d-487b-9e35-691680ae61f0","UKFS_001.basePlot.bet","D06","UKFS","UKFS_001","S","2015-08-25","2015-09-08","2015-09-09","2015-09-17",,"UKFS_001.S.20150908","W8lw52JMhqAmSsyHNCbL6ZwbNO1b2GhU+5HKi1GbglU=","invert bycatch",,,,,,,,,,"sk+ncTlknmGlnEtX/xe01ipH6tZVDj7e",
"7423f690-c4ee-4093-a6ff-a65c4a9686e3","UKFS_007.basePlot.bet","D06","UKFS","UKFS_007","S","2015-08-25","2015-09-08","2015-09-09","2015-09-16",,"UKFS_007.S.20150908","PlyNduRc44RUoq0pcfo96vZcCklWakdcds6DRd7NyVk=","invert bycatch",,,,,,,,,,"wQI+SYME+gr3nKVXMbMGzlxt6VcoOetL",
"5052139a-6d88-4197-a176-e1d96f46bbea","UKFS_005.basePlot.bet","D06","UKFS","UKFS_005","S","2015-08-25","2015-09-08","2015-09-09","2015-09-16",,"UKFS_005.S.20150908","U/hiAoS2t8wHr9hCVZ7Q/NJYnk8Jzf9rcBM3nIQepFU=","invert bycatch",,,,,,,,,,"wQI+SYME+gr3nKVXMbMGzlxt6VcoOetL",
"ebfc41d6-248b-40e6-9898-411b8003a75b","UKFS_006.basePlot.bet","D06","UKFS","UKFS_006","S","2015-08-25","2015-09-08","2015-09-09","2015-09-17",,"UKFS_006.S.20150908","B2YMmw2rf0fnt5F1w8DozxQ39Ols9tkpVDPxDK1IPg8=","invert bycatch",,,,,,,,,,"77todYjt/jkEGWUHO3SI0BRlGpUHn9Xh",
"34e9443d-8c01-4f1d-a13d-d8b65ae06dca","UKFS_010.basePlot.bet","D06","UKFS","UKFS_010","S","2015-08-25","2015-09-08","2015-09-09","2015-09-16",,"UKFS_010.S.20150908","26ylXNgyPLzHrGLlAmMPzEdD90PRai4t9pyOEl5RzhY=","invert bycatch",,,,,,,,,,"77todYjt/jkEGWUHO3SI0BRlGpUHn9Xh",
"3cd0a500-fcd8-4c64-8bfb-109c73919892","UKFS_002.basePlot.bet","D06","UKFS","UKFS_002","S","2015-08-25","2015-09-08","2015-09-08","2015-09-17",,"UKFS_002.S.20150908","ThLXd3W736+K1+DiZEI5+E+Wml4fcLXyj/5nt2v+09Q=","invert bycatch",,,,,,,,,,"77todYjt/jkEGWUHO3SI0BRlGpUHn9Xh",
"c0bd6a37-f703-4446-8eef-8fc57ac2dfc1","UKFS_003.basePlot.bet","D06","UKFS","UKFS_003","W","2015-08-25","2015-09-08","2015-09-08","2015-09-16",,"UKFS_003.W.20150908","Vl3mTlloYQShkwfefQDNqaExEgPM9z8KFMucTsKjF3E=","carabid","BRAALT","Brachinus alternans","species",,"Dejean",,1,"Other",,"77todYjt/jkEGWUHO3SI0BRlGpUHn9Xh",
"39ac8cf1-84c0-47c1-aa2c-7406a9f9135f","UKFS_009.basePlot.bet","D06","UKFS","UKFS_009","W","2015-08-25","2015-09-08","2015-09-09","2015-09-17",,"UKFS_009.W.20150908","MMz820nXMknlpp7hDs47BejxpVTcxWtmwlvNbMr20Vg=","invert bycatch",,,,,,,,,,"77todYjt/jkEGWUHO3SI0BRlGpUHn9Xh",
"4d6f75f6-32f0-49af-a42e-0b7f402dafe1","UKFS_009.basePlot.bet","D06","UKFS","UKFS_009","W","2015-08-25","2015-09-08","2015-09-09","2015-09-17","2015-09-28","UKFS_009.W.20150908","MMz820nXMknlpp7hDs47BclB6FNkX2jtp9LqKP1k9Xc=","carabid","HARCAL","Harpalus caliginosus","species",,"Fabricius",,11,"Other","77todYjt/jkEGWUHO3SI0BRlGpUHn9Xh","77todYjt/jkEGWUHO3SI0BRlGpUHn9Xh",
"d546f43b-d002-411a-b712-9a14e31c59df","UKFS_003.basePlot.bet","D06","UKFS","UKFS_003","W","2015-08-25","2015-09-08","2015-09-08","2015-09-16","2015-09-28","UKFS_003.W.20150908","Vl3mTlloYQShkwfefQDNqeW4cu/PpRsVAEf2aULwkps=","carabid","CARSP14","Carabidae sp.","family",,"Latreille","D06.2015.MorphF",1,"Other","77todYjt/jkEGWUHO3SI0BRlGpUHn9Xh","77todYjt/jkEGWUHO3SI0BRlGpUHn9Xh","Black, iridescent when shown in the light. Rainbow reflection. Loxandrus sp."
"f8d2b06d-3bdd-41c2-a778-0ea664cb710c","UKFS_003.basePlot.bet","D06","UKFS","UKFS_003","W","2015-08-25","2015-09-08","2015-09-08","2015-09-16",,"UKFS_003.W.20150908","Vl3mTlloYQShkwfefQDNqXoaH3JyqFQ8zF0byFoWcNc=","invert bycatch",,,,,,,,,,"77todYjt/jkEGWUHO3SI0BRlGpUHn9Xh",
"47f2d692-0e65-4bea-a96f-48fa6737a785","UKFS_001.basePlot.bet","D06","UKFS","UKFS_001","W","2015-08-25","2015-09-08","2015-09-09","2015-09-17",,"UKFS_001.W.20150908","W8lw52JMhqDu0Lle5bL3/YrzbOAg/+BxAxHzOa0lxKY=","invert bycatch",,,,,,,,,,"sk+ncTlknmGlnEtX/xe01ipH6tZVDj7e",
"28d3f493-665d-4d97-83ae-c6caea2a8943","UKFS_007.basePlot.bet","D06","UKFS","UKFS_007","W","2015-08-25","2015-09-08","2015-09-09","2015-09-16",,"UKFS_007.W.20150908","PlyNduRc44S/3N+/1RkSodYBCzgKvYjudcNQL7C3C9s=","invert bycatch",,,,,,,,,,"wQI+SYME+gr3nKVXMbMGzlxt6VcoOetL",
"745c97e4-ac63-4ed8-a7c2-ed214cc975d7","UKFS_009.basePlot.bet","D06","UKFS","UKFS_009","W","2015-08-25","2015-09-08","2015-09-09","2015-09-17","2015-09-28","UKFS_009.W.20150908","MMz820nXMknlpp7hDs47BSl0BHi3YM+7O8K86+yUUjA=","carabid","CARSP14","Carabidae sp.","family",,"Latreille","D06.2015.MorphK",4,"Other","77todYjt/jkEGWUHO3SI0BRlGpUHn9Xh","77todYjt/jkEGWUHO3SI0BRlGpUHn9Xh","Dark brown overall, light brown edge of pronotum. Pronotum basally punctate. Harpalus sp."
"6d14cac8-6e81-4b87-80c9-191f7062f2b8","UKFS_009.basePlot.bet","D06","UKFS","UKFS_009","W","2015-08-25","2015-09-08","2015-09-09","2015-09-17","2015-09-17","UKFS_009.W.20150908","MMz820nXMknlpp7hDs47BeaPxSzGr+oFlNBlHuOE0J0=","carabid","BRAALT","Brachinus alternans","species",,"Dejean",,2,"Other","77todYjt/jkEGWUHO3SI0BRlGpUHn9Xh","77todYjt/jkEGWUHO3SI0BRlGpUHn9Xh",
"6afb3e42-9351-4146-92a2-4fc5248fe29b","UKFS_002.basePlot.bet","D06","UKFS","UKFS_002","W","2015-08-25","2015-09-08","2015-09-08","2015-09-17","2015-09-17","UKFS_002.W.20150908","ThLXd3W7368zCKg0KTot3xgU/0B/YTbTIPMJrpAdt2g=","carabid","CHLNEM","Chlaenius nemoralis","species",,"Say",,1,"Other","77todYjt/jkEGWUHO3SI0BRlGpUHn9Xh","77todYjt/jkEGWUHO3SI0BRlGpUHn9Xh",
"ab19870f-c525-48bd-92f3-9c7feabe4343","UKFS_002.basePlot.bet","D06","UKFS","UKFS_002","W","2015-08-25","2015-09-08","2015-09-08","2015-09-17","2015-09-28","UKFS_002.W.20150908","ThLXd3W7368zCKg0KTot33seAwFdyeKJP31CPfE3XlA=","carabid","SEMPUN","Semiardistomis puncticollis","species",,"Dejean",,1,"Other","77todYjt/jkEGWUHO3SI0BRlGpUHn9Xh","77todYjt/jkEGWUHO3SI0BRlGpUHn9Xh",
"b55130be-459d-464e-a70d-be9a79c99e9c","UKFS_004.basePlot.bet","D06","UKFS","UKFS_004","W","2015-08-25","2015-09-08","2015-09-09","2015-09-17",,"UKFS_004.W.20150908","luQoN84IPtEnb6sGg4J5kjVHulM4rEIYolYgVFDAlIs=","invert bycatch",,,,,,,,,,"77todYjt/jkEGWUHO3SI0BRlGpUHn9Xh",
"b3eda9a3-f70f-44f6-adc7-6b6e4622f2ad","UKFS_009.basePlot.bet","D06","UKFS","UKFS_009","W","2015-08-25","2015-09-08","2015-09-09","2015-09-17","2015-09-17","UKFS_009.W.20150908","MMz820nXMknlpp7hDs47BQuZL91kmrimnzKd1G7NUaI=","carabid","SCASUB2","Scarites subterraneus","species",,"Fabricius",,2,"Other","77todYjt/jkEGWUHO3SI0BRlGpUHn9Xh","77todYjt/jkEGWUHO3SI0BRlGpUHn9Xh",
"e2292c6b-4c29-4ed1-a15d-443451b418ba","UKFS_002.basePlot.bet","D06","UKFS","UKFS_002","W","2015-08-25","2015-09-08","2015-09-08","2015-09-17",,"UKFS_002.W.20150908","ThLXd3W7368zCKg0KTot371nzKUFXHU2Yqs7eaVrylY=","invert bycatch",,,,,,,,,,"77todYjt/jkEGWUHO3SI0BRlGpUHn9Xh",
"b2d8e410-f0f2-4523-b4cf-0c33336bfb8a","UKFS_010.basePlot.bet","D06","UKFS","UKFS_010","W","2015-08-25","2015-09-08","2015-09-09","2015-09-16",,"UKFS_010.W.20150908","26ylXNgyPLyzBCQxUJaQs0cx6AU1O8f0S22NNJYyapE=","invert bycatch",,,,,,,,,,"77todYjt/jkEGWUHO3SI0BRlGpUHn9Xh",
"fbe1b7d3-b551-420d-9206-c11eeb40a09f","UKFS_002.basePlot.bet","D06","UKFS","UKFS_002","W","2015-08-25","2015-09-08","2015-09-08","2015-09-17","2015-09-28","UKFS_002.W.20150908","ThLXd3W7368zCKg0KTot3+UCcl5gamJs55CPwHMep5Y=","carabid","CARSP14","Carabidae sp.","family",,"Latreille","D06.2015.MorphF",3,"Other","77todYjt/jkEGWUHO3SI0BRlGpUHn9Xh","77todYjt/jkEGWUHO3SI0BRlGpUHn9Xh","Black, iridescent when shown in the light. Rainbow reflection. Loxandrus sp."
"b82a7bec-db77-400c-a905-62b3095f3e7e","UKFS_002.basePlot.bet","D06","UKFS","UKFS_002","W","2015-08-25","2015-09-08","2015-09-08","2015-09-17","2015-09-17","UKFS_002.W.20150908","ThLXd3W7368zCKg0KTot38kpfI1ZQ29dmGOywbnxELY=","carabid","BRAALT","Brachinus alternans","species",,"Dejean",,1,"Other","77todYjt/jkEGWUHO3SI0BRlGpUHn9Xh","77todYjt/jkEGWUHO3SI0BRlGpUHn9Xh",
"f38a583d-ac2f-4dde-84a7-a5c30d0f5fcf","UKFS_008.basePlot.bet","D06","UKFS","UKFS_008","W","2015-08-25","2015-09-08","2015-09-09","2015-09-16",,"UKFS_008.W.20150908","5GU/wTV57IWBL4I7Yrasm1AP1ZTmS7qgX8m3AOBGZVU=","invert bycatch",,,,,,,,,,"wQI+SYME+gr3nKVXMbMGzlxt6VcoOetL",
"41bb87b4-38df-4b51-be5b-d8b704f75666","UKFS_008.basePlot.bet","D06","UKFS","UKFS_008","W","2015-08-25","2015-09-08","2015-09-09","2015-09-16","2015-09-28","UKFS_008.W.20150908","5GU/wTV57IWBL4I7Yrasm2jwsh2ttw/B9KuK/r1ok+E=","carabid","CARSP14","Carabidae sp.","family",,"Latreille","D06.2015.MorphK",8,"Other","77todYjt/jkEGWUHO3SI0BRlGpUHn9Xh","wQI+SYME+gr3nKVXMbMGzlxt6VcoOetL","Dark brown overall, light brown edge of pronotum. Pronotum basally punctate. Harpalus sp."
"4986503b-d897-4d24-a734-ac1db3732f30","UKFS_005.basePlot.bet","D06","UKFS","UKFS_005","W","2015-08-25","2015-09-08","2015-09-09","2015-09-16",,"UKFS_005.W.20150908","U/hiAoS2t8z2TlFIZ0xoJPYKykBkNWlkH8BCn1L9RVA=","invert bycatch",,,,,,,,,,"wQI+SYME+gr3nKVXMbMGzlxt6VcoOetL",
"a6477c4a-d01a-4848-b511-b81f69df866b","UKFS_006.basePlot.bet","D06","UKFS","UKFS_006","W","2015-08-25","2015-09-08","2015-09-09","2015-09-17",,"UKFS_006.W.20150908","B2YMmw2rf0fYWbPYzxQo9vabixTbtVvvL8Kju5UvtE0=","invert bycatch",,,,,,,,,,"77todYjt/jkEGWUHO3SI0BRlGpUHn9Xh",
"0bb7f813-b571-4665-801b-c59e3700a8aa","UKFS_007.basePlot.bet","D06","UKFS","UKFS_007","E","2015-09-08","2015-09-22","2015-09-23","2015-09-23","2015-09-23","UKFS_007.E.20150922","PlyNduRc44Qcdojg0RaG68okBavL1ldcuYyQhz/y/rM=","carabid","BRAALT","Brachinus alternans","species",,"Dejean",,1,"Other","77todYjt/jkEGWUHO3SI0BRlGpUHn9Xh","77todYjt/jkEGWUHO3SI0BRlGpUHn9Xh",
"587574c3-ed71-4485-bd37-2df03fdca942","UKFS_001.basePlot.bet","D06","UKFS","UKFS_001","E","2015-09-08","2015-09-22","2015-09-23","2015-09-23",,"UKFS_001.E.20150922","W8lw52JMhqCf3upy0dCzja4DwPJiqTsYfET/ezYTlg0=","invert bycatch",,,,,,,,,,"wQI+SYME+gr3nKVXMbMGzlxt6VcoOetL",
"2de637f3-2971-4d11-8758-e4743a36c034","UKFS_004.basePlot.bet","D06","UKFS","UKFS_004","N","2015-09-08","2015-09-22","2015-09-23","2015-09-23","2015-09-29","UKFS_004.N.20150922","luQoN84IPtFCEbD/M+6Lb83d5wqGE8MF3guwAkSXFOs=","carabid","CARSP14","Carabidae sp.","family",,"Latreille","D06.2015.MorphD",8,"Other","77todYjt/jkEGWUHO3SI0BRlGpUHn9Xh","77todYjt/jkEGWUHO3SI0BRlGpUHn9Xh","Dark brown with light brown around the edge of the pronotum. Loxandrus sp.|Black, iridescent when shown in the light. Rainbow reflection. Loxandrus sp."
"291e4529-9500-4de0-9fb0-908d9ed4a844","UKFS_008.basePlot.bet","D06","UKFS","UKFS_008","N","2015-09-08","2015-09-22","2015-09-23","2015-09-23","2015-09-29","UKFS_008.N.20150922","5GU/wTV57IXAqJ6T3+RdvU7cOBsenkyPhLaPtfPkclE=","carabid","CARSP14","Carabidae sp.","family",,"Latreille","D06.2015.MorphD",6,"Other","77todYjt/jkEGWUHO3SI0BRlGpUHn9Xh","77todYjt/jkEGWUHO3SI0BRlGpUHn9Xh","Dark brown with light brown around the edge of the pronotum. Loxandrus sp.|Dark brown with light brown patches. Semi heart shaped pronotum."
"5d03594a-c9fa-4e93-bb88-4a069c25ada3","UKFS_003.basePlot.bet","D06","UKFS","UKFS_003","N","2015-09-08","2015-09-22","2015-09-23","2015-09-23",,"UKFS_003.N.20150922","Vl3mTlloYQRW5CGpwBn0g4OfZnraBYhLPAQxf3rRWbY=","invert bycatch",,,,,,,,,,"77todYjt/jkEGWUHO3SI0BRlGpUHn9Xh","Carabids found in all traps at this plot. All bycatch pooled into one vial."
"9c4db7a7-e379-4a11-9054-c891a2fbf9b9","UKFS_009.basePlot.bet","D06","UKFS","UKFS_009","N","2015-09-08","2015-09-22","2015-09-23","2015-09-24","2015-09-29","UKFS_009.N.20150922","MMz820nXMkkaBm8agXb1+54a0DOgM20wiW9FedI2cF0=","carabid","CARSP14","Carabidae sp.","family",,"Latreille","D06.2015.MorphF",1,"Other","77todYjt/jkEGWUHO3SI0BRlGpUHn9Xh","77todYjt/jkEGWUHO3SI0BRlGpUHn9Xh","Black, iridescent when shown in the light. Rainbow reflection. Loxandrus sp."
"93d75383-d3e7-4496-b5be-9d656381906a","UKFS_003.basePlot.bet","D06","UKFS","UKFS_003","N","2015-09-08","2015-09-22","2015-09-23","2015-09-23","2015-09-23","UKFS_003.N.20150922","Vl3mTlloYQRW5CGpwBn0gzhCFAD9ImC7AB5syQUiNsc=","carabid","CARSYL","Carabus sylvosus","species",,"Say",,1,"Other","77todYjt/jkEGWUHO3SI0BRlGpUHn9Xh","77todYjt/jkEGWUHO3SI0BRlGpUHn9Xh",
"fa317036-935a-45f5-8e94-ffa4a81c64f8","UKFS_009.basePlot.bet","D06","UKFS","UKFS_009","N","2015-09-08","2015-09-22","2015-09-23","2015-09-24",,"UKFS_009.N.20150922","MMz820nXMkkaBm8agXb1+42BAy1Afnv8iyvS6EjiwIo=","invert bycatch",,,,,,,,,,"77todYjt/jkEGWUHO3SI0BRlGpUHn9Xh","Carabids found at all traps in this plot. All bycatch pooled and stored in one vial."
"1db8307b-215d-4810-93bc-4ba444792d5a","UKFS_008.basePlot.bet","D06","UKFS","UKFS_008","N","2015-09-08","2015-09-22","2015-09-23","2015-09-23",,"UKFS_008.N.20150922","5GU/wTV57IXAqJ6T3+RdvUXj4BME/XZnjuynkR2j8ZY=","invert bycatch",,,,,,,,,,"77todYjt/jkEGWUHO3SI0BRlGpUHn9Xh","Carabids found in all traps at this plot. All by catch stored in one vial."
"03ce7b61-1db3-485a-a405-33aec229910e","UKFS_006.basePlot.bet","D06","UKFS","UKFS_006","N","2015-09-08","2015-09-22","2015-09-23","2015-09-23",,"UKFS_006.N.20150922","B2YMmw2rf0fo8U6L7B9sNHRfhew43LwwXJeAv5woEdM=","invert bycatch",,,,,,,,,,"77todYjt/jkEGWUHO3SI0BRlGpUHn9Xh",
"ebccc932-bef8-4c5e-a0e7-27f77223e1aa","UKFS_006.basePlot.bet","D06","UKFS","UKFS_006","N","2015-09-08","2015-09-22","2015-09-23","2015-09-23","2015-09-29","UKFS_006.N.20150922","B2YMmw2rf0fo8U6L7B9sNPdiaRj4mvptE8EBmqdZMZI=","carabid","CARSP14","Carabidae sp.","family",,"Latreille","D06.2015.MorphD",1,"Other","77todYjt/jkEGWUHO3SI0BRlGpUHn9Xh","77todYjt/jkEGWUHO3SI0BRlGpUHn9Xh","Dark brown with light brown around the edge of the pronotum. Loxandrus sp."
"bda8a370-a0e8-476b-a8bd-131aad77307c","UKFS_005.basePlot.bet","D06","UKFS","UKFS_005","N","2015-09-08","2015-09-22","2015-09-23","2015-09-23","2015-09-29","UKFS_005.N.20150922","U/hiAoS2t8ykNrO53nVw+8QyqxhHHOF9mEiLNXELatY=","carabid","CARSP14","Carabidae sp.","family",,"Latreille","D06.2015.MorphF",1,"Other","77todYjt/jkEGWUHO3SI0BRlGpUHn9Xh","wQI+SYME+gr3nKVXMbMGzlxt6VcoOetL","Black, iridescent when shown in the light. Rainbow reflection. Loxandrus sp."
"316f13ca-d1ba-4477-ad3d-087bf6b0a32b","UKFS_005.basePlot.bet","D06","UKFS","UKFS_005","N","2015-09-08","2015-09-22","2015-09-23","2015-09-23",,"UKFS_005.N.20150922","U/hiAoS2t8ykNrO53nVw++2TJOlDg87tTKV8dHDf9bM=","invert bycatch",,,,,,,,,,"wQI+SYME+gr3nKVXMbMGzlxt6VcoOetL","Carabids found in all traps at the plot. All by catch stored in one vial."
"6c339516-04ca-4f9d-a8b1-6ab85e91a6f6","UKFS_004.basePlot.bet","D06","UKFS","UKFS_004","N","2015-09-08","2015-09-22","2015-09-23","2015-09-23","2015-09-23","UKFS_004.N.20150922","luQoN84IPtFCEbD/M+6LbyIZcBlVatx3ybTgN7F8xxw=","carabid","BRAALT","Brachinus alternans","species",,"Dejean",,1,"Other","77todYjt/jkEGWUHO3SI0BRlGpUHn9Xh","77todYjt/jkEGWUHO3SI0BRlGpUHn9Xh",
"02c14912-c615-47a0-ae9c-3c7c8d74829a","UKFS_004.basePlot.bet","D06","UKFS","UKFS_004","N","2015-09-08","2015-09-22","2015-09-23","2015-09-23",,"UKFS_004.N.20150922","luQoN84IPtFCEbD/M+6LbzqvcneRcY20DCFO8vnGGS4=","invert bycatch",,,,,,,,,,"77todYjt/jkEGWUHO3SI0BRlGpUHn9Xh","Carabids found in all traps at this plot. All bycatch combined into one vial."
"f9ecbc3d-fadb-4942-8154-62f0c6769c79","UKFS_010.basePlot.bet","D06","UKFS","UKFS_010","N","2015-09-08","2015-09-22","2015-09-23","2015-09-23","2015-09-29","UKFS_010.N.20150922","26ylXNgyPLzDn0LVl9IGVJtU5tgJF0SWHtyo18dvg74=","carabid","CARSP14","Carabidae sp.","family",,"Latreille","D06.2015.MorphF",4,"Other","77todYjt/jkEGWUHO3SI0BRlGpUHn9Xh","wQI+SYME+gr3nKVXMbMGzlxt6VcoOetL","Black, iridescent when shown in the light. Rainbow reflection. Loxandrus sp."
"d2c4e37f-8cd4-432a-b2de-7d87fc1b1ea0","UKFS_010.basePlot.bet","D06","UKFS","UKFS_010","N","2015-09-08","2015-09-22","2015-09-23","2015-09-23",,"UKFS_010.N.20150922","26ylXNgyPLzDn0LVl9IGVPNEpR+spA9RKPHtF1jpI6Y=","invert bycatch",,,,,,,,,,"wQI+SYME+gr3nKVXMbMGzlxt6VcoOetL",
"27f5a690-289b-4e98-998c-1309450be734","UKFS_007.basePlot.bet","D06","UKFS","UKFS_007","N","2015-09-08","2015-09-22","2015-09-23","2015-09-23",,"UKFS_007.N.20150922","PlyNduRc44SsZadZ+D6NMGoV0nTcAH0ilzp/EsHbONc=","invert bycatch",,,,,,,,,,"77todYjt/jkEGWUHO3SI0BRlGpUHn9Xh",
"c3c15dd6-e7b7-4256-ab40-6296218edb13","UKFS_001.basePlot.bet","D06","UKFS","UKFS_001","N","2015-09-08","2015-09-22","2015-09-23","2015-09-23",,"UKFS_001.N.20150922","W8lw52JMhqCv0mgp+Tx3KUxEnIMc9F15WS93UlyxVNM=","invert bycatch",,,,,,,,,,"wQI+SYME+gr3nKVXMbMGzlxt6VcoOetL",
"9579a469-4153-4a9c-882d-f654e6644c32","UKFS_003.basePlot.bet","D06","UKFS","UKFS_003","N","2015-09-08","2015-09-22","2015-09-23","2015-09-23","2015-09-23","UKFS_003.N.20150922","Vl3mTlloYQRW5CGpwBn0g7gYWrhkRX5ei0S4Bnv1eBI=","carabid","BRAALT","Brachinus alternans","species",,"Dejean",,1,"Other","77todYjt/jkEGWUHO3SI0BRlGpUHn9Xh","77todYjt/jkEGWUHO3SI0BRlGpUHn9Xh",
"66fa17de-2cc3-40dc-b680-7a3dfc55082c","UKFS_003.basePlot.bet","D06","UKFS","UKFS_003","N","2015-09-08","2015-09-22","2015-09-23","2015-09-23","2015-09-29","UKFS_003.N.20150922","Vl3mTlloYQRW5CGpwBn0g3gtzYDs+NarA+bNyI7DxWw=","carabid","CARSP14","Carabidae sp.","family",,"Latreille","D06.2015.MorphF",2,"Other","77todYjt/jkEGWUHO3SI0BRlGpUHn9Xh","77todYjt/jkEGWUHO3SI0BRlGpUHn9Xh","Black, iridescent when shown in the light. Rainbow reflection. Loxandrus sp."
"7153d6d1-e496-4790-ab5f-f82ff9cba3a9","UKFS_010.basePlot.bet","D06","UKFS","UKFS_010","S","2015-09-08","2015-09-22","2015-09-23","2015-09-23","2015-09-29","UKFS_010.S.20150922","26ylXNgyPLzHrGLlAmMPzPA98JOvKtL0t3EasakaGgc=","carabid","CARSP14","Carabidae sp.","family",,"Latreille","D06.2015.MorphF",3,"Other","77todYjt/jkEGWUHO3SI0BRlGpUHn9Xh","wQI+SYME+gr3nKVXMbMGzlxt6VcoOetL","Black, iridescent when shown in the light. Rainbow reflection. Loxandrus sp.|Dark brown with light brown around the edge of the pronotum. Loxandrus sp."
"a00f9cae-8038-4daa-845a-8203bf526040","UKFS_007.basePlot.bet","D06","UKFS","UKFS_007","S","2015-09-08","2015-09-22","2015-09-23","2015-09-23","2015-09-29","UKFS_007.S.20150922","PlyNduRc44RUoq0pcfo96qu2rm/wep0wWQ2y3YMWF/Q=","carabid","CARSP14","Carabidae sp.","family",,"Latreille","D06.2015.MorphD",1,"Other","77todYjt/jkEGWUHO3SI0BRlGpUHn9Xh","77todYjt/jkEGWUHO3SI0BRlGpUHn9Xh","Dark brown with light brown around the edge of the pronotum. Loxandrus sp.|Light to dark brown. Transverse dark brown. Band on apical 3rd of elytra."
"9b460482-4bb2-4600-8008-a3688c661468","UKFS_006.basePlot.bet","D06","UKFS","UKFS_006","S","2015-09-08","2015-09-22","2015-09-23","2015-09-23","2015-09-29","UKFS_006.S.20150922","B2YMmw2rf0fnt5F1w8DozzzZ43SLdgz31ZtciNSYzjs=","carabid","CARSP14","Carabidae sp.","family",,"Latreille","D06.2015.MorphF",1,"Other","77todYjt/jkEGWUHO3SI0BRlGpUHn9Xh","77todYjt/jkEGWUHO3SI0BRlGpUHn9Xh","Black, iridescent when shown in the light. Rainbow reflection. Loxandrus sp.|Dark brown with light brown around the edge of the pronotum. Loxandrus sp."
"b0a6399c-4596-4c27-968c-f0cd82b4ba95","UKFS_004.basePlot.bet","D06","UKFS","UKFS_004","S","2015-09-08","2015-09-22","2015-09-23","2015-09-23","2015-09-29","UKFS_004.S.20150922","luQoN84IPtE+nCttLa7FCRkrbC/wx6jtrpYBK7y00SU=","carabid","CARSP14","Carabidae sp.","family",,"Latreille","D06.2015.MorphD",10,"Other","77todYjt/jkEGWUHO3SI0BRlGpUHn9Xh","77todYjt/jkEGWUHO3SI0BRlGpUHn9Xh","Black, iridescent when shown in the light. Rainbow reflection. Loxandrus sp.|Cyclotrachelus sp. Black oval pronotum. Notches on the posterolateral angles.|Dark brown with light brown around the edge of the pronotum. Loxandrus sp."
"583308db-da29-4c82-acc7-9362698544ca","UKFS_008.basePlot.bet","D06","UKFS","UKFS_008","S","2015-09-08","2015-09-22","2015-09-23","2015-09-23","2015-09-29","UKFS_008.S.20150922","5GU/wTV57IXnpLXUjN/eALxj9CuE+GlSNrYNXNkPLzo=","carabid","CARSP14","Carabidae sp.","family",,"Latreille","D06.2015.MorphD",3,"Other","77todYjt/jkEGWUHO3SI0BRlGpUHn9Xh","77todYjt/jkEGWUHO3SI0BRlGpUHn9Xh","Dark brown with light brown around the edge of the pronotum. Loxandrus sp."
"c84e7db0-01ad-414e-8c86-51ea5eaa5a23","UKFS_005.basePlot.bet","D06","UKFS","UKFS_005","S","2015-09-08","2015-09-22","2015-09-23","2015-09-23","2015-09-29","UKFS_005.S.20150922","U/hiAoS2t8wHr9hCVZ7Q/GAyGM6Hn7d37Mo0hQ+wOLA=","carabid","GALATR","Galerita atripes","species",,"LeConte",,1,"Other","77todYjt/jkEGWUHO3SI0BRlGpUHn9Xh","wQI+SYME+gr3nKVXMbMGzlxt6VcoOetL",
"5860fd0f-7ea3-41b7-8a93-52b2526065b0","UKFS_005.basePlot.bet","D06","UKFS","UKFS_005","S","2015-09-08","2015-09-22","2015-09-23","2015-09-23","2015-09-29","UKFS_005.S.20150922","U/hiAoS2t8wHr9hCVZ7Q/Dbl8ZmaqB2ZzoCyhTNBB28=","carabid","CARSP14","Carabidae sp.","family",,"Latreille","D06.2015.MorphF",8,"Other","77todYjt/jkEGWUHO3SI0BRlGpUHn9Xh","wQI+SYME+gr3nKVXMbMGzlxt6VcoOetL","Black, iridescent when shown in the light. Rainbow reflection. Loxandrus sp."
"44b78e4d-396f-44fc-a29d-afdc53c3e9d6","UKFS_005.basePlot.bet","D06","UKFS","UKFS_005","S","2015-09-08","2015-09-22","2015-09-23","2015-09-23","2015-09-23","UKFS_005.S.20150922","U/hiAoS2t8wHr9hCVZ7Q/OBvvQDumpkg8pQnTuLI7zI=","carabid","GALBIC","Galerita bicolor","species",,"Drury",,1,"Other","wQI+SYME+gr3nKVXMbMGzlxt6VcoOetL","wQI+SYME+gr3nKVXMbMGzlxt6VcoOetL",
"295f7fca-c09d-4aec-be55-fc10084bcb70","UKFS_010.basePlot.bet","D06","UKFS","UKFS_010","S","2015-09-08","2015-09-22","2015-09-23","2015-09-23","2015-09-23","UKFS_010.S.20150922","26ylXNgyPLzHrGLlAmMPzBMJ70XeyZybSraO2fHqKSs=","carabid","CHLNEM","Chlaenius nemoralis","species",,"Say",,1,"Other","wQI+SYME+gr3nKVXMbMGzlxt6VcoOetL","wQI+SYME+gr3nKVXMbMGzlxt6VcoOetL",
"742530b9-c556-4699-8660-97bb5d7a6c9d","UKFS_010.basePlot.bet","D06","UKFS","UKFS_010","S","2015-09-08","2015-09-22","2015-09-23","2015-09-23",,"UKFS_010.S.20150922","26ylXNgyPLzHrGLlAmMPzH/P8adAZiZq5Uvj7h9H3Vs=","invert bycatch",,,,,,,,,,"wQI+SYME+gr3nKVXMbMGzlxt6VcoOetL",
"3c22a135-654e-47c8-9561-bd08ea920a7c","UKFS_006.basePlot.bet","D06","UKFS","UKFS_006","S","2015-09-08","2015-09-22","2015-09-23","2015-09-23",,"UKFS_006.S.20150922","B2YMmw2rf0fnt5F1w8Doz2aWRf5MmkjeJRNpwGfQz0M=","invert bycatch",,,,,,,,,,"77todYjt/jkEGWUHO3SI0BRlGpUHn9Xh",
"eca01bb5-ddd1-4f41-b8df-42117849d552","UKFS_010.basePlot.bet","D06","UKFS","UKFS_010","S","2015-09-08","2015-09-22","2015-09-23","2015-09-23","2015-09-23","UKFS_010.S.20150922","26ylXNgyPLzHrGLlAmMPzBITozhqnTxuiEZirDOo03w=","carabid","DICFUR","Dicaelus furvus","species",,"Dejean",,1,"Teaching collection","wQI+SYME+gr3nKVXMbMGzlxt6VcoOetL","wQI+SYME+gr3nKVXMbMGzlxt6VcoOetL",
"e53ba4c2-b094-4d7d-9008-5942f78650e1","UKFS_006.basePlot.bet","D06","UKFS","UKFS_006","S","2015-09-08","2015-09-22","2015-09-23","2015-09-23","2015-09-23","UKFS_006.S.20150922","B2YMmw2rf0fnt5F1w8Doz21w6IelMrmGIx81y5qBlSs=","vert bycatch herp","PSEMAC","Pseudacris maculata","species",,"Agassiz",,1,"Other","77todYjt/jkEGWUHO3SI0BRlGpUHn9Xh","77todYjt/jkEGWUHO3SI0BRlGpUHn9Xh",
"1f84f8e4-fc3f-4135-becd-7cf817abb770","UKFS_009.basePlot.bet","D06","UKFS","UKFS_009","S","2015-09-08","2015-09-22","2015-09-23","2015-09-24","2015-09-29","UKFS_009.S.20150922","MMz820nXMklIuibWjob24CjKLNABn8rPe5F0WkKg5Dk=","carabid","CARSP14","Carabidae sp.","family",,"Latreille","D06.2015.MorphF",1,"Other","77todYjt/jkEGWUHO3SI0BRlGpUHn9Xh","77todYjt/jkEGWUHO3SI0BRlGpUHn9Xh","Black, iridescent when shown in the light. Rainbow reflection. Loxandrus sp."
"cf904c9e-214f-4909-ab5e-caa9589a654d","UKFS_002.basePlot.bet","D06","UKFS","UKFS_002","S","2015-09-08","2015-09-22","2015-09-23","2015-09-24",,"UKFS_002.S.20150922","ThLXd3W736+K1+DiZEI5+NNDBB6Al1TL7l/k2dwFGCs=","invert bycatch",,,,,,,,,,"77todYjt/jkEGWUHO3SI0BRlGpUHn9Xh",
"ffe6ecc1-b151-4aa4-ad25-4a922f7b0688","UKFS_010.basePlot.bet","D06","UKFS","UKFS_010","S","2015-09-08","2015-09-22","2015-09-23","2015-09-23","2015-09-23","UKFS_010.S.20150922","26ylXNgyPLzHrGLlAmMPzAlAjKMnXOml5KTuvjV3IWs=","carabid","BRAALT","Brachinus alternans","species",,"Dejean",,1,"Other","wQI+SYME+gr3nKVXMbMGzlxt6VcoOetL","wQI+SYME+gr3nKVXMbMGzlxt6VcoOetL",
"a497180c-1a57-4bf8-afcd-23d95cf174fc","UKFS_007.basePlot.bet","D06","UKFS","UKFS_007","S","2015-09-08","2015-09-22","2015-09-23","2015-09-23",,"UKFS_007.S.20150922","PlyNduRc44RUoq0pcfo96j5I4eghYz5pgVXgKX+1pms=","invert bycatch",,,,,,,,,,"77todYjt/jkEGWUHO3SI0BRlGpUHn9Xh",
"1c6d37fa-1fb9-4971-8451-b08a4f61affd","UKFS_001.basePlot.bet","D06","UKFS","UKFS_001","S","2015-09-08","2015-09-22","2015-09-23","2015-09-23","2015-09-29","UKFS_001.S.20150922","W8lw52JMhqAmSsyHNCbL6dkuvgvGCsO/pe6MRz+F04k=","carabid","CARSP14","Carabidae sp.","family",,"Latreille","D06.2015.MorphD",2,"Other","77todYjt/jkEGWUHO3SI0BRlGpUHn9Xh","wQI+SYME+gr3nKVXMbMGzlxt6VcoOetL","Dark brown with light brown around the edge of the pronotum. Loxandrus sp."
"56ce87ff-cba4-4b36-9d13-d590b62680b1","UKFS_001.basePlot.bet","D06","UKFS","UKFS_001","S","2015-09-08","2015-09-22","2015-09-23","2015-09-23",,"UKFS_001.S.20150922","W8lw52JMhqAmSsyHNCbL6dedGC+DGk4bGJz3U/3R7xs=","invert bycatch",,,,,,,,,,"wQI+SYME+gr3nKVXMbMGzlxt6VcoOetL",
"9b863fcf-e51e-4470-b1b2-700b7aeeda7a","UKFS_003.basePlot.bet","D06","UKFS","UKFS_003","S","2015-09-08","2015-09-22","2015-09-23","2015-09-23","2015-09-29","UKFS_003.S.20150922","Vl3mTlloYQQKrLsC1l93W8onKtMSRqMhrLMOreZ77YY=","carabid","CARSP14","Carabidae sp.","family",,"Latreille","D06.2015.MorphF",4,"Other","77todYjt/jkEGWUHO3SI0BRlGpUHn9Xh","77todYjt/jkEGWUHO3SI0BRlGpUHn9Xh","Black, iridescent when shown in the light. Rainbow reflection. Loxandrus sp."
"af6ae0b5-090a-4a27-8e31-82b3c1c8df7a","UKFS_009.basePlot.bet","D06","UKFS","UKFS_009","W","2015-09-08","2015-09-22","2015-09-23","2015-09-24","2015-09-29","UKFS_009.W.20150922","MMz820nXMknlpp7hDs47BX5CFCKP6Btfx/DU520NUvQ=","carabid","CARSP14","Carabidae sp.","family",,"Latreille","D06.2015.MorphK",9,"Other","77todYjt/jkEGWUHO3SI0BRlGpUHn9Xh","77todYjt/jkEGWUHO3SI0BRlGpUHn9Xh","Black, iridescent when shown in the light. Rainbow reflection. Loxandrus sp.|Dark brown overall, light brown edge of pronotum. Pronotum basally punctate. Harpalus sp."
"70d08462-47ae-424a-bb61-dbd13f73b4cb","UKFS_008.basePlot.bet","D06","UKFS","UKFS_008","W","2015-09-08","2015-09-22","2015-09-23","2015-09-23","2015-09-29","UKFS_008.W.20150922","5GU/wTV57IWBL4I7Yrasm9OLJ5+fWC0fZ5R1uAPXWbs=","carabid","CARSP14","Carabidae sp.","family",,"Latreille","D06.2015.MorphF",2,"Other","77todYjt/jkEGWUHO3SI0BRlGpUHn9Xh","77todYjt/jkEGWUHO3SI0BRlGpUHn9Xh","Black, iridescent when shown in the light. Rainbow reflection. Loxandrus sp.|Dark brown overall, light brown edge of pronotum. Pronotum basally punctate. Harpalus sp."
"4171925d-07bd-4cd3-8060-17200db58588","UKFS_007.basePlot.bet","D06","UKFS","UKFS_007","W","2015-09-08","2015-09-22","2015-09-23","2015-09-23",,"UKFS_007.W.20150922","PlyNduRc44S/3N+/1RkSobEn6sorZrDykSPnCzc72uU=","invert bycatch",,,,,,,,,,"77todYjt/jkEGWUHO3SI0BRlGpUHn9Xh",
"5030ee39-52e7-4ee4-b1fe-89fb8e32dc35","UKFS_001.basePlot.bet","D06","UKFS","UKFS_001","W","2015-09-08","2015-09-22","2015-09-23","2015-09-23",,"UKFS_001.W.20150922","W8lw52JMhqDu0Lle5bL3/dBfkjS0daPOs9I+1VXPlL8=","invert bycatch",,,,,,,,,,"wQI+SYME+gr3nKVXMbMGzlxt6VcoOetL",
"d80d61c4-1ae9-498c-9edc-34b44709c919","UKFS_003.basePlot.bet","D06","UKFS","UKFS_003","W","2015-09-08","2015-09-22","2015-09-23","2015-09-23","2015-09-29","UKFS_003.W.20150922","Vl3mTlloYQShkwfefQDNqZqEulL4zOIV1Rzj+xJeJGg=","carabid","CARSP14","Carabidae sp.","family",,"Latreille","D06.2015.MorphF",5,"Other","77todYjt/jkEGWUHO3SI0BRlGpUHn9Xh","77todYjt/jkEGWUHO3SI0BRlGpUHn9Xh","Black, iridescent when shown in the light. Rainbow reflection. Loxandrus sp."
"c04b7b7a-2e80-4c9a-aaf9-a0d4ff506728","UKFS_009.basePlot.bet","D06","UKFS","UKFS_009","W","2015-09-08","2015-09-22","2015-09-23","2015-09-24","2015-09-29","UKFS_009.W.20150922","MMz820nXMknlpp7hDs47BSeU3+G9V7iV/c0rNc1CAbU=","carabid","HARCAL","Harpalus caliginosus","species",,"Fabricius",,1,"Other","77todYjt/jkEGWUHO3SI0BRlGpUHn9Xh","77todYjt/jkEGWUHO3SI0BRlGpUHn9Xh",
"6699e149-7a08-4131-9f56-012cbc8f944f","UKFS_009.basePlot.bet","D06","UKFS","UKFS_009","W","2015-09-08","2015-09-22","2015-09-23","2015-09-24","2015-09-29","UKFS_009.W.20150922","MMz820nXMknlpp7hDs47Bb+71OpU+aFf0/wTM+DXgy4=","carabid","SCASUB2","Scarites subterraneus","species",,"Fabricius",,1,"Other","77todYjt/jkEGWUHO3SI0BRlGpUHn9Xh","77todYjt/jkEGWUHO3SI0BRlGpUHn9Xh",
"7a33fe1d-5426-47f4-9d1d-016c6971b137","UKFS_004.basePlot.bet","D06","UKFS","UKFS_004","W","2015-09-08","2015-09-22","2015-09-23","2015-09-23","2015-09-29","UKFS_004.W.20150922","luQoN84IPtEnb6sGg4J5kp07Xfk8PueGNc3lo2Y1Rxw=","carabid","CARSP14","Carabidae sp.","family",,"Latreille","D06.2015.MorphD",1,"Other","77todYjt/jkEGWUHO3SI0BRlGpUHn9Xh","77todYjt/jkEGWUHO3SI0BRlGpUHn9Xh","Dark brown with light brown around the edge of the pronotum. Loxandrus sp."
"4cc77a88-10fd-495e-a844-a61496af3ecd","UKFS_004.basePlot.bet","D06","UKFS","UKFS_004","W","2015-09-08","2015-09-22","2015-09-23","2015-09-23","2015-09-23","UKFS_004.W.20150922","luQoN84IPtEnb6sGg4J5koDIMXmEgLM9K8MInYlCodo=","carabid","DICPUR4","Dicaelus purpuratus","species",,"Bonelli",,1,"Other","77todYjt/jkEGWUHO3SI0BRlGpUHn9Xh","77todYjt/jkEGWUHO3SI0BRlGpUHn9Xh",
"42b26ec2-c561-451c-aa38-ef7ffaba232a","UKFS_002.basePlot.bet","D06","UKFS","UKFS_002","W","2015-09-08","2015-09-22","2015-09-23","2015-09-24",,"UKFS_002.W.20150922","ThLXd3W7368zCKg0KTot3wnqgDPIyujz1Fg2lc07wpw=","invert bycatch",,,,,,,,,,"77todYjt/jkEGWUHO3SI0BRlGpUHn9Xh",
"e190b604-b0d5-44ab-9b90-005bbadc5ed4","UKFS_002.basePlot.bet","D06","UKFS","UKFS_002","W","2015-09-08","2015-09-22","2015-09-23","2015-09-24","2015-09-29","UKFS_002.W.20150922","ThLXd3W7368zCKg0KTot36lka/bFMQ20izxP1mL2GWo=","carabid","CARSP14","Carabidae sp.","family",,"Latreille","D06.2015.MorphF",5,"Other","77todYjt/jkEGWUHO3SI0BRlGpUHn9Xh","77todYjt/jkEGWUHO3SI0BRlGpUHn9Xh","Black, iridescent when shown in the light. Rainbow reflection. Loxandrus sp."
"90765be8-010c-4140-84ed-44aca7303e2d","UKFS_010.basePlot.bet","D06","UKFS","UKFS_010","W","2015-09-08","2015-09-22","2015-09-23","2015-09-23","2015-09-29","UKFS_010.W.20150922","26ylXNgyPLyzBCQxUJaQs65mn4E1vSMOI/BbKercmTE=","carabid","CARSP14","Carabidae sp.","family",,"Latreille","D06.2015.MorphF",2,"Other","77todYjt/jkEGWUHO3SI0BRlGpUHn9Xh","wQI+SYME+gr3nKVXMbMGzlxt6VcoOetL","Black, iridescent when shown in the light. Rainbow reflection. Loxandrus sp."
"d813a42e-8cc9-4f95-8976-c31420877808","UKFS_010.basePlot.bet","D06","UKFS","UKFS_010","W","2015-09-08","2015-09-22","2015-09-23","2015-09-23",,"UKFS_010.W.20150922","26ylXNgyPLyzBCQxUJaQsxkqn6O0YsUI0mtY7e+gr0c=","invert bycatch",,,,,,,,,,"wQI+SYME+gr3nKVXMbMGzlxt6VcoOetL",
"cdf588b8-9ec0-4361-b1c0-664057f8cbf3","UKFS_006.basePlot.bet","D06","UKFS","UKFS_006","W","2015-09-08","2015-09-22","2015-09-23","2015-09-23",,"UKFS_006.W.20150922","B2YMmw2rf0fYWbPYzxQo9ilSz3/uRe054jdnilDqoFg=","invert bycatch",,,,,,,,,,"77todYjt/jkEGWUHO3SI0BRlGpUHn9Xh",
"1cd63ad2-2fa5-47d1-96a6-e4673e0d57d9","UKFS_006.basePlot.bet","D06","UKFS","UKFS_006","W","2015-09-08","2015-09-22","2015-09-23","2015-09-23","2015-09-29","UKFS_006.W.20150922","B2YMmw2rf0fYWbPYzxQo9k5SM95CtIFzch35Ve+0dXg=","carabid","CARSP14","Carabidae sp.","family",,"Latreille","D06.2015.MorphD",1,"Other","77todYjt/jkEGWUHO3SI0BRlGpUHn9Xh","77todYjt/jkEGWUHO3SI0BRlGpUHn9Xh","Dark brown with light brown around the edge of the pronotum. Loxandrus sp."
"973f68de-0ce7-4550-a257-4977682dc832","UKFS_005.basePlot.bet","D06","UKFS","UKFS_005","W","2015-09-08","2015-09-22","2015-09-23","2015-09-23","2015-09-29","UKFS_005.W.20150922","U/hiAoS2t8z2TlFIZ0xoJN0knnzvokykQX0yrwYCnYA=","carabid","CARSP14","Carabidae sp.","family",,"Latreille","D06.2015.MorphF",3,"Other","77todYjt/jkEGWUHO3SI0BRlGpUHn9Xh","wQI+SYME+gr3nKVXMbMGzlxt6VcoOetL","Black, iridescent when shown in the light. Rainbow reflection. Loxandrus sp."
"67beaddb-95c5-4695-b4d7-c5004783e576","UKFS_009.basePlot.bet","D06","UKFS","UKFS_009","E","2015-09-08","2015-09-22","2015-09-23","2015-09-24","2015-09-29","UKFS_009.E.20150922","MMz820nXMkl9BrpXOPF+VDDXOwNiWn2BMIV6BArD5JM=","carabid","CARSP14","Carabidae sp.","family",,"Latreille","D06.2015.MorphF",5,"Other","77todYjt/jkEGWUHO3SI0BRlGpUHn9Xh","77todYjt/jkEGWUHO3SI0BRlGpUHn9Xh","Cyclotrachelus sp. Black oval pronotum. Notches on the posterolateral angles.|Black, iridescent when shown in the light. Rainbow reflection. Loxandrus sp."
"aadb2bb8-6a8f-4a6f-987f-19622d0bd84d","UKFS_005.basePlot.bet","D06","UKFS","UKFS_005","E","2015-09-08","2015-09-22","2015-09-23","2015-09-23","2015-09-29","UKFS_005.E.20150922","U/hiAoS2t8wcH1I0HKSVBSW80JU3Ga0BmFfsfj5dawE=","carabid","CARSP14","Carabidae sp.","family",,"Latreille","D06.2015.MorphF",2,"Other","77todYjt/jkEGWUHO3SI0BRlGpUHn9Xh","wQI+SYME+gr3nKVXMbMGzlxt6VcoOetL","Black, iridescent when shown in the light. Rainbow reflection. Loxandrus sp.|Orange head and pronotum, black metallic elytra. No hair. Ring of punctures on edge of pronotum."
"7ce5b4fb-792a-4c6d-925a-48269b6751b8","UKFS_010.basePlot.bet","D06","UKFS","UKFS_010","E","2015-09-08","2015-09-22","2015-09-23","2015-09-23","2015-09-29","UKFS_010.E.20150922","26ylXNgyPLyROz6pS2nu9WvrgUIDhhru3uqMHz5BeoA=","carabid","CARSP14","Carabidae sp.","family",,"Latreille","D06.2015.MorphF",2,"Other","77todYjt/jkEGWUHO3SI0BRlGpUHn9Xh","wQI+SYME+gr3nKVXMbMGzlxt6VcoOetL","Black, iridescent when shown in the light. Rainbow reflection. Loxandrus sp."
"a3ab1820-2739-4deb-83a9-06fb6aec0c36","UKFS_010.basePlot.bet","D06","UKFS","UKFS_010","E","2015-09-08","2015-09-22","2015-09-23","2015-09-23",,"UKFS_010.E.20150922","26ylXNgyPLyROz6pS2nu9eUTTltR1Q2ObsQC1d3Ya5o=","invert bycatch",,,,,,,,,,"wQI+SYME+gr3nKVXMbMGzlxt6VcoOetL",
"adc85623-02e5-4934-900c-ff83a965c358","UKFS_006.basePlot.bet","D06","UKFS","UKFS_006","E","2015-09-08","2015-09-22","2015-09-23","2015-09-23",,"UKFS_006.E.20150922","B2YMmw2rf0dJ+PFjWSEvBV5ZXfNTJcfmzhIitkxRVP0=","invert bycatch",,,,,,,,,,"77todYjt/jkEGWUHO3SI0BRlGpUHn9Xh",
"71b2c40f-68b0-490d-b588-a75c12e56900","UKFS_008.basePlot.bet","D06","UKFS","UKFS_008","E","2015-09-08","2015-09-22","2015-09-23","2015-09-23","2015-09-29","UKFS_008.E.20150922","5GU/wTV57IUADZuiX4ZHqdhEAA2YCRTMxavvz7luMQs=","carabid","CARSP14","Carabidae sp.","family",,"Latreille","D06.2015.MorphD",14,"Other","77todYjt/jkEGWUHO3SI0BRlGpUHn9Xh","77todYjt/jkEGWUHO3SI0BRlGpUHn9Xh","Dark brown with light brown around the edge of the pronotum. Loxandrus sp."
"26e82ae1-32aa-4782-86ec-1a44a4b5d21e","UKFS_001.basePlot.bet","D06","UKFS","UKFS_001","E","2015-09-08","2015-09-22","2015-09-23","2015-09-23","2015-09-23","UKFS_001.E.20150922","W8lw52JMhqCf3upy0dCzjQMK61MBaIjYVrLKYcDX4FY=","carabid","CARSYL","Carabus sylvosus","species",,"Say",,1,"Other","wQI+SYME+gr3nKVXMbMGzlxt6VcoOetL","wQI+SYME+gr3nKVXMbMGzlxt6VcoOetL",
"ef96dc1d-48f9-4c5e-9e76-3f45aa0956a6","UKFS_003.basePlot.bet","D06","UKFS","UKFS_003","E","2015-09-08","2015-09-22","2015-09-23","2015-09-23","2015-09-29","UKFS_003.E.20150922","Vl3mTlloYQT2VnzwvbmzbTn3mOCZlzQ85ofC4lkmHPw=","carabid","CARSP14","Carabidae sp.","family",,"Latreille","D06.2015.MorphF",1,"Other","77todYjt/jkEGWUHO3SI0BRlGpUHn9Xh","77todYjt/jkEGWUHO3SI0BRlGpUHn9Xh","Black, iridescent when shown in the light. Rainbow reflection. Loxandrus sp."
"14a7f6d4-0f25-4015-ac6c-577894fa558c","UKFS_004.basePlot.bet","D06","UKFS","UKFS_004","E","2015-09-08","2015-09-22","2015-09-23","2015-09-23","2015-09-29","UKFS_004.E.20150922","luQoN84IPtGyMW6k1P1bZRNijrCAYHAKMsABrRLW6Pc=","carabid","CARSP14","Carabidae sp.","family",,"Latreille","D06.2015.MorphD",7,"Other","77todYjt/jkEGWUHO3SI0BRlGpUHn9Xh","77todYjt/jkEGWUHO3SI0BRlGpUHn9Xh","Dark brown with light brown around the edge of the pronotum. Loxandrus sp."
"8b4ec57a-9baa-47e5-9680-20277a7d8d7b","UKFS_002.basePlot.bet","D06","UKFS","UKFS_002","E","2015-09-08","2015-09-22","2015-09-23","2015-09-24",,"UKFS_002.E.20150922","ThLXd3W736+v3QEZHc9CpOh7AQzq7tIf2RMo27YpS2w=","invert bycatch",,,,,,,,,,"77todYjt/jkEGWUHO3SI0BRlGpUHn9Xh",
"9188e7ba-9fb7-4790-b82c-ae6c3cb1687a","UKFS_007.basePlot.bet","D06","UKFS","UKFS_007","E","2015-09-08","2015-09-22","2015-09-23","2015-09-23","2015-09-29","UKFS_007.E.20150922","PlyNduRc44Qcdojg0RaG6xkN4EKiqNV410zLm11EfHs=","carabid","CARSP14","Carabidae sp.","family",,"Latreille","D06.2015.MorphD",1,"Other","77todYjt/jkEGWUHO3SI0BRlGpUHn9Xh","77todYjt/jkEGWUHO3SI0BRlGpUHn9Xh","Dark brown with light brown around the edge of the pronotum. Loxandrus sp."
"002d251c-08e6-466d-9328-f7a99bb32069","UKFS_007.basePlot.bet","D06","UKFS","UKFS_007","E","2015-09-08","2015-09-22","2015-09-23","2015-09-23",,"UKFS_007.E.20150922","PlyNduRc44Qcdojg0RaG63ohlnzBmBv9J0DJkSWiLAw=","invert bycatch",,,,,,,,,,"77todYjt/jkEGWUHO3SI0BRlGpUHn9Xh",
