uid,namedLocation,domainID,siteID,plotID,trapID,setDate,collectDate,processingDate,identifiedDate,subsampleID,individualID,taxonID,scientificName,taxonRank,identificationQualifier,scientificNameAuthorship,morphospeciesID,identificationReferences,totalLength,identifiedBy,recordedBy,remarks
"0704a1fb-a831-467d-8204-c01d29e60db4","UKFS_009.basePlot.bet","D06","UKFS","UKFS_009","W","2015-08-25","2015-09-08","2015-09-30","2015-09-30","MMz820nXMknlpp7hDs47BclB6FNkX2jtp9LqKP1k9Xc=","NEON.BET.D06.000426","HARCAL","Harpalus caliginosus","species",,"Fabricius",,"Other",,"77todYjt/jkEGWUHO3SI0BRlGpUHn9Xh","77todYjt/jkEGWUHO3SI0BRlGpUHn9Xh",
"31b986c3-6ad4-4888-85e2-d54181cb722e","UKFS_009.basePlot.bet","D06","UKFS","UKFS_009","W","2015-08-25","2015-09-08","2015-09-30","2015-09-30","MMz820nXMknlpp7hDs47BclB6FNkX2jtp9LqKP1k9Xc=","NEON.BET.D06.000424","HARCAL","Harpalus caliginosus","species",,"Fabricius",,"Other",,"77todYjt/jkEGWUHO3SI0BRlGpUHn9Xh","77todYjt/jkEGWUHO3SI0BRlGpUHn9Xh",
"7b7f1877-c1fc-48e2-8315-5812fed70faa","UKFS_008.basePlot.bet","D06","UKFS","UKFS_008","W","2015-08-25","2015-09-08","2015-09-30","2015-09-30","5GU/wTV57IWBL4I7Yrasm2jwsh2ttw/B9KuK/r1ok+E=","NEON.BET.D06.000412","CARSP14","Carabidae sp.","family",,"Latreille","D06.2015.MorphK","Other",,"77todYjt/jkEGWUHO3SI0BRlGpUHn9Xh","77todYjt/jkEGWUHO3SI0BRlGpUHn9Xh","Dark brown overall, light brown edge of pronotum. Pronotum basally punctate. Harpalus sp."
"c53ad376-17c5-468a-81ad-04e88cbd38ce","UKFS_008.basePlot.bet","D06","UKFS","UKFS_008","W","2015-08-25","2015-09-08","2015-09-30","2015-09-30","5GU/wTV57IWBL4I7Yrasm2jwsh2ttw/B9KuK/r1ok+E=","NEON.BET.D06.000411","CARSP14","Carabidae sp.","family",,"Latreille","D06.2015.MorphK","Other",,"77todYjt/jkEGWUHO3SI0BRlGpUHn9Xh","77todYjt/jkEGWUHO3SI0BRlGpUHn9Xh","Dark brown overall, light brown edge of pronotum. Pronotum basally punctate. Harpalus sp."
"2a6d8f9a-c24c-422c-be0e-0a623c3a8811","UKFS_008.basePlot.bet","D06","UKFS","UKFS_008","W","2015-08-25","2015-09-08","2015-09-30","2015-09-30","5GU/wTV57IWBL4I7Yrasm2jwsh2ttw/B9KuK/r1ok+E=","NEON.BET.D06.000414","CARSP14","Carabidae sp.","family",,"Latreille","D06.2015.MorphK","Other",,"77todYjt/jkEGWUHO3SI0BRlGpUHn9Xh","77todYjt/jkEGWUHO3SI0BRlGpUHn9Xh","Dark brown overall, light brown edge of pronotum. Pronotum basally punctate. Harpalus sp."
"1c474bd4-e4ad-4059-9612-655ee31fcc06","UKFS_008.basePlot.bet","D06","UKFS","UKFS_008","W","2015-08-25","2015-09-08","2015-09-30","2015-09-30","5GU/wTV57IWBL4I7Yrasm2jwsh2ttw/B9KuK/r1ok+E=","NEON.BET.D06.000409","CARSP14","Carabidae sp.","family",,"Latreille","D06.2015.MorphK","Other",,"77todYjt/jkEGWUHO3SI0BRlGpUHn9Xh","77todYjt/jkEGWUHO3SI0BRlGpUHn9Xh","Dark brown overall, light brown edge of pronotum. Pronotum basally punctate. Harpalus sp."
"d583d6fa-918a-470c-8936-5915625af1bc","UKFS_002.basePlot.bet","D06","UKFS","UKFS_002","W","2015-08-25","2015-09-08","2015-09-30","2015-09-30","ThLXd3W7368zCKg0KTot3xgU/0B/YTbTIPMJrpAdt2g=","NEON.BET.D06.000415","CHLNEM","Chlaenius nemoralis","species",,"Say",,"Other",,"77todYjt/jkEGWUHO3SI0BRlGpUHn9Xh","77todYjt/jkEGWUHO3SI0BRlGpUHn9Xh",
"12419d3b-4b83-403a-a3df-95bf3e12819b","UKFS_008.basePlot.bet","D06","UKFS","UKFS_008","W","2015-08-25","2015-09-08","2015-09-30","2015-09-30","5GU/wTV57IWBL4I7Yrasm2jwsh2ttw/B9KuK/r1ok+E=","NEON.BET.D06.000408","CARSP14","Carabidae sp.","family",,"Latreille","D06.2015.MorphK","Other",,"77todYjt/jkEGWUHO3SI0BRlGpUHn9Xh","77todYjt/jkEGWUHO3SI0BRlGpUHn9Xh","Dark brown overall, light brown edge of pronotum. Pronotum basally punctate. Harpalus sp."
"f0da313c-943e-4061-aec4-8d2b36325656","UKFS_008.basePlot.bet","D06","UKFS","UKFS_008","W","2015-08-25","2015-09-08","2015-09-30","2015-09-30","5GU/wTV57IWBL4I7Yrasm2jwsh2ttw/B9KuK/r1ok+E=","NEON.BET.D06.000413","CARSP14","Carabidae sp.","family",,"Latreille","D06.2015.MorphK","Other",,"77todYjt/jkEGWUHO3SI0BRlGpUHn9Xh","77todYjt/jkEGWUHO3SI0BRlGpUHn9Xh","Dark brown overall, light brown edge of pronotum. Pronotum basally punctate. Harpalus sp."
"82f7b148-4100-4ca4-ad20-0a2c59980fc6","UKFS_008.basePlot.bet","D06","UKFS","UKFS_008","W","2015-08-25","2015-09-08","2015-09-30","2015-09-30","5GU/wTV57IWBL4I7Yrasm2jwsh2ttw/B9KuK/r1ok+E=","NEON.BET.D06.000407","CARSP14","Carabidae sp.","family",,"Latreille","D06.2015.MorphK","Other",,"77todYjt/jkEGWUHO3SI0BRlGpUHn9Xh","77todYjt/jkEGWUHO3SI0BRlGpUHn9Xh","Dark brown overall, light brown edge of pronotum. Pronotum basally punctate. Harpalus sp."
"a2e4e0fa-172a-4f02-956f-6caf6497983f","UKFS_009.basePlot.bet","D06","UKFS","UKFS_009","W","2015-08-25","2015-09-08","2015-09-30","2015-09-30","MMz820nXMknlpp7hDs47BSl0BHi3YM+7O8K86+yUUjA=","NEON.BET.D06.000432","CARSP14","Carabidae sp.","family",,"Latreille","D06.2015.MorphK","Other",,"77todYjt/jkEGWUHO3SI0BRlGpUHn9Xh","77todYjt/jkEGWUHO3SI0BRlGpUHn9Xh","Dark brown overall, light brown edge of pronotum. Pronotum basally punctate. Harpalus sp."
"f2ae127e-e224-477f-95bb-cc4cb5e2e1a5","UKFS_009.basePlot.bet","D06","UKFS","UKFS_009","W","2015-08-25","2015-09-08","2015-09-30","2015-09-30","MMz820nXMknlpp7hDs47BeaPxSzGr+oFlNBlHuOE0J0=","NEON.BET.D06.000229","BRAALT","Brachinus alternans","species",,"Dejean",,"Other",,"77todYjt/jkEGWUHO3SI0BRlGpUHn9Xh","77todYjt/jkEGWUHO3SI0BRlGpUHn9Xh",
"6fe3b0d5-e9ae-46cc-a094-95d1c18ef346","UKFS_009.basePlot.bet","D06","UKFS","UKFS_009","W","2015-08-25","2015-09-08","2015-09-30","2015-09-30","MMz820nXMknlpp7hDs47BclB6FNkX2jtp9LqKP1k9Xc=","NEON.BET.D06.000422","HARCAL","Harpalus caliginosus","species",,"Fabricius",,"Other",,"77todYjt/jkEGWUHO3SI0BRlGpUHn9Xh","77todYjt/jkEGWUHO3SI0BRlGpUHn9Xh",
"b0acbcaa-5a02-49f1-a111-898e2b21d710","UKFS_009.basePlot.bet","D06","UKFS","UKFS_009","W","2015-08-25","2015-09-08","2015-09-30","2015-09-30","MMz820nXMknlpp7hDs47BSl0BHi3YM+7O8K86+yUUjA=","NEON.BET.D06.000434","CARSP14","Carabidae sp.","family",,"Latreille","D06.2015.MorphK","Other",,"77todYjt/jkEGWUHO3SI0BRlGpUHn9Xh","77todYjt/jkEGWUHO3SI0BRlGpUHn9Xh","Dark brown overall, light brown edge of pronotum. Pronotum basally punctate. Harpalus sp."
"6b153a37-8444-4c99-97c1-77438d15ba19","UKFS_009.basePlot.bet","D06","UKFS","UKFS_009","W","2015-08-25","2015-09-08","2015-09-30","2015-09-30","MMz820nXMknlpp7hDs47BclB6FNkX2jtp9LqKP1k9Xc=","NEON.BET.D06.000430","HARCAL","Harpalus caliginosus","species",,"Fabricius",,"Other",,"77todYjt/jkEGWUHO3SI0BRlGpUHn9Xh","77todYjt/jkEGWUHO3SI0BRlGpUHn9Xh",
"7444b352-d0da-46a1-9df5-0a81d0367c39","UKFS_009.basePlot.bet","D06","UKFS","UKFS_009","W","2015-08-25","2015-09-08","2015-09-30","2015-09-30","MMz820nXMknlpp7hDs47BSl0BHi3YM+7O8K86+yUUjA=","NEON.BET.D06.000431","CARSP14","Carabidae sp.","family",,"Latreille","D06.2015.MorphK","Other",,"77todYjt/jkEGWUHO3SI0BRlGpUHn9Xh","77todYjt/jkEGWUHO3SI0BRlGpUHn9Xh","Dark brown overall, light brown edge of pronotum. Pronotum basally punctate. Harpalus sp."
"d7431969-7514-4bd7-a4fb-22ddb6d0486d","UKFS_009.basePlot.bet","D06","UKFS","UKFS_009","W","2015-08-25","2015-09-08","2015-09-30","2015-09-30","MMz820nXMknlpp7hDs47BQuZL91kmrimnzKd1G7NUaI=","NEON.BET.D06.000436","SCASUB2","Scarites subterraneus","species",,"Fabricius",,"Other",,"77todYjt/jkEGWUHO3SI0BRlGpUHn9Xh","77todYjt/jkEGWUHO3SI0BRlGpUHn9Xh",
"fc2501d3-fb6a-43fc-9a25-8a0016605b66","UKFS_009.basePlot.bet","D06","UKFS","UKFS_009","W","2015-08-25","2015-09-08","2015-09-30","2015-09-30","MMz820nXMknlpp7hDs47BclB6FNkX2jtp9LqKP1k9Xc=","NEON.BET.D06.000423","HARCAL","Harpalus caliginosus","species",,"Fabricius",,"Other",,"77todYjt/jkEGWUHO3SI0BRlGpUHn9Xh","77todYjt/jkEGWUHO3SI0BRlGpUHn9Xh",
"e33e4a6b-f366-4f51-acb2-fba4aa5e59ea","UKFS_009.basePlot.bet","D06","UKFS","UKFS_009","W","2015-08-25","2015-09-08","2015-09-30","2015-09-30","MMz820nXMknlpp7hDs47BclB6FNkX2jtp9LqKP1k9Xc=","NEON.BET.D06.000421","HARCAL","Harpalus caliginosus","species",,"Fabricius",,"Other",,"77todYjt/jkEGWUHO3SI0BRlGpUHn9Xh","77todYjt/jkEGWUHO3SI0BRlGpUHn9Xh",
"f60f586f-2256-40f6-995b-9e30a9b703dc","UKFS_009.basePlot.bet","D06","UKFS","UKFS_009","W","2015-08-25","2015-09-08","2015-09-30","2015-09-30","MMz820nXMknlpp7hDs47BclB6FNkX2jtp9LqKP1k9Xc=","NEON.BET.D06.000428","HARCAL","Harpalus caliginosus","species",,"Fabricius",,"Other",,"77todYjt/jkEGWUHO3SI0BRlGpUHn9Xh","77todYjt/jkEGWUHO3SI0BRlGpUHn9Xh",
"2dc46d21-f01c-47a5-b521-b366db4c90d0","UKFS_008.basePlot.bet","D06","UKFS","UKFS_008","W","2015-08-25","2015-09-08","2015-09-30","2015-09-30","5GU/wTV57IWBL4I7Yrasm2jwsh2ttw/B9KuK/r1ok+E=","NEON.BET.D06.000410","CARSP14","Carabidae sp.","family",,"Latreille","D06.2015.MorphK","Other",,"77todYjt/jkEGWUHO3SI0BRlGpUHn9Xh","77todYjt/jkEGWUHO3SI0BRlGpUHn9Xh","Dark brown overall, light brown edge of pronotum. Pronotum basally punctate. Harpalus sp."
"75b8af97-67e3-4f1c-8ee2-58788ba4cc6f","UKFS_002.basePlot.bet","D06","UKFS","UKFS_002","W","2015-08-25","2015-09-08","2015-09-30","2015-09-30","ThLXd3W7368zCKg0KTot38kpfI1ZQ29dmGOywbnxELY=","NEON.BET.D06.000511","BRAALT","Brachinus alternans","species",,"Dejean",,"Other",,"77todYjt/jkEGWUHO3SI0BRlGpUHn9Xh","77todYjt/jkEGWUHO3SI0BRlGpUHn9Xh",
"80108015-2ef0-4582-8759-4c1e5ea8ac4f","UKFS_002.basePlot.bet","D06","UKFS","UKFS_002","W","2015-08-25","2015-09-08","2015-09-30","2015-09-30","ThLXd3W7368zCKg0KTot3+UCcl5gamJs55CPwHMep5Y=","NEON.BET.D06.000417","CARSP14","Carabidae sp.","family",,"Latreille","D06.2015.MorphF","Other",,"77todYjt/jkEGWUHO3SI0BRlGpUHn9Xh","77todYjt/jkEGWUHO3SI0BRlGpUHn9Xh","Black, iridescent when shown in the light. Rainbow reflection. Loxandrus sp."
"fa947410-65d8-454b-9789-a566936f4c6f","UKFS_009.basePlot.bet","D06","UKFS","UKFS_009","W","2015-08-25","2015-09-08","2015-09-30","2015-09-30","MMz820nXMknlpp7hDs47BeaPxSzGr+oFlNBlHuOE0J0=","NEON.BET.D06.000228","BRAALT","Brachinus alternans","species",,"Dejean",,"Other",,"77todYjt/jkEGWUHO3SI0BRlGpUHn9Xh","77todYjt/jkEGWUHO3SI0BRlGpUHn9Xh",
"a5bdc1e6-b12b-4fa3-941d-3b128982ea8c","UKFS_004.basePlot.bet","D06","UKFS","UKFS_004","E","2015-08-25","2015-09-08","2015-09-30","2015-09-30","luQoN84IPtGyMW6k1P1bZSJQXuGwC+j2r3mruY7lBgg=","NEON.BET.D06.000529","CARSP14","Carabidae sp.","family",,"Latreille","D06.2015.MorphD","Other",,"77todYjt/jkEGWUHO3SI0BRlGpUHn9Xh","77todYjt/jkEGWUHO3SI0BRlGpUHn9Xh","Dark brown with light brown around the edge of the pronotum. Loxandrus sp."
"ea2315b0-e7c1-42c8-89d7-de158a668d9b","UKFS_004.basePlot.bet","D06","UKFS","UKFS_004","E","2015-08-25","2015-09-08","2015-09-30","2015-09-30","luQoN84IPtGyMW6k1P1bZSJQXuGwC+j2r3mruY7lBgg=","NEON.BET.D06.000521","CARSP14","Carabidae sp.","family",,"Latreille","D06.2015.MorphD","Other",,"77todYjt/jkEGWUHO3SI0BRlGpUHn9Xh","77todYjt/jkEGWUHO3SI0BRlGpUHn9Xh","Dark brown with light brown around the edge of the pronotum. Loxandrus sp."
"dacb8987-9b2b-44c0-bdf0-2c8943eb2167","UKFS_004.basePlot.bet","D06","UKFS","UKFS_004","E","2015-08-25","2015-09-08","2015-09-30","2015-09-30","luQoN84IPtGyMW6k1P1bZSJQXuGwC+j2r3mruY7lBgg=","NEON.BET.D06.000526","CARSP14","Carabidae sp.","family",,"Latreille","D06.2015.MorphD","Other",,"77todYjt/jkEGWUHO3SI0BRlGpUHn9Xh","77todYjt/jkEGWUHO3SI0BRlGpUHn9Xh","Dark brown with light brown around the edge of the pronotum. Loxandrus sp."
"2f2955da-6f32-4f89-92e3-0ec3e344b150","UKFS_004.basePlot.bet","D06","UKFS","UKFS_004","E","2015-08-25","2015-09-08","2015-09-30","2015-09-30","luQoN84IPtGyMW6k1P1bZSJQXuGwC+j2r3mruY7lBgg=","NEON.BET.D06.000520","CARSP14","Carabidae sp.","family",,"Latreille","D06.2015.MorphC","Other",,"77todYjt/jkEGWUHO3SI0BRlGpUHn9Xh","77todYjt/jkEGWUHO3SI0BRlGpUHn9Xh","Lime green and bronze, metallic, medium size."
"9a9ca493-aada-40fd-9f6a-5c086e648b30","UKFS_007.basePlot.bet","D06","UKFS","UKFS_007","E","2015-08-25","2015-09-08","2015-09-30","2015-09-30","PlyNduRc44Qcdojg0RaG61iNgT94MR/KjZ2p5UM0vZg=","NEON.BET.D06.000517","CARSP14","Carabidae sp.","family",,"Latreille","D06.2015.MorphF","Other",,"77todYjt/jkEGWUHO3SI0BRlGpUHn9Xh","77todYjt/jkEGWUHO3SI0BRlGpUHn9Xh","Black, iridescent when shown in the light. Rainbow reflection. Loxandrus sp."
"4962e39c-3b40-4d5c-98d6-9e54f76785ca","UKFS_001.basePlot.bet","D06","UKFS","UKFS_001","E","2015-08-25","2015-09-08","2015-09-30","2015-09-30","W8lw52JMhqCf3upy0dCzjQtd+wFsxGIB2AyKjpX47FQ=","NEON.BET.D06.000404","CARSP14","Carabidae sp.","family",,"Latreille","D06.2015.MorphD","Other",,"77todYjt/jkEGWUHO3SI0BRlGpUHn9Xh","77todYjt/jkEGWUHO3SI0BRlGpUHn9Xh","Dark brown with light brown around the edge of the pronotum. Loxandrus sp."
"165395e2-14ad-4a09-a49b-871f19179fad","UKFS_004.basePlot.bet","D06","UKFS","UKFS_004","E","2015-08-25","2015-09-08","2015-09-30","2015-09-30","luQoN84IPtGyMW6k1P1bZSJQXuGwC+j2r3mruY7lBgg=","NEON.BET.D06.000530","CARSP14","Carabidae sp.","family",,"Latreille","D06.2015.MorphD","Other",,"77todYjt/jkEGWUHO3SI0BRlGpUHn9Xh","77todYjt/jkEGWUHO3SI0BRlGpUHn9Xh","Dark brown with light brown around the edge of the pronotum. Loxandrus sp."
"d1da3c3e-1729-45ae-8c26-b636f7992a74","UKFS_004.basePlot.bet","D06","UKFS","UKFS_004","E","2015-08-25","2015-09-08","2015-09-30","2015-09-30","luQoN84IPtGyMW6k1P1bZSJQXuGwC+j2r3mruY7lBgg=","NEON.BET.D06.000531","CARSP14","Carabidae sp.","family",,"Latreille","D06.2015.MorphD","Other",,"77todYjt/jkEGWUHO3SI0BRlGpUHn9Xh","77todYjt/jkEGWUHO3SI0BRlGpUHn9Xh","Dark brown with light brown around the edge of the pronotum. Loxandrus sp."
"c91e0929-43dc-42a8-ae18-4c85d58b4e00","UKFS_004.basePlot.bet","D06","UKFS","UKFS_004","E","2015-08-25","2015-09-08","2015-09-30","2015-09-30","luQoN84IPtGyMW6k1P1bZSJQXuGwC+j2r3mruY7lBgg=","NEON.BET.D06.000527","CARSP14","Carabidae sp.","family",,"Latreille","D06.2015.MorphD","Other",,"77todYjt/jkEGWUHO3SI0BRlGpUHn9Xh","77todYjt/jkEGWUHO3SI0BRlGpUHn9Xh","Dark brown with light brown around the edge of the pronotum. Loxandrus sp."
"03ff7ae2-0975-4c20-a438-16b9c2f425dc","UKFS_004.basePlot.bet","D06","UKFS","UKFS_004","E","2015-08-25","2015-09-08","2015-09-30","2015-09-30","luQoN84IPtGyMW6k1P1bZSJQXuGwC+j2r3mruY7lBgg=","NEON.BET.D06.000528","CARSP14","Carabidae sp.","family",,"Latreille","D06.2015.MorphD","Other",,"77todYjt/jkEGWUHO3SI0BRlGpUHn9Xh","77todYjt/jkEGWUHO3SI0BRlGpUHn9Xh","Dark brown with light brown around the edge of the pronotum. Loxandrus sp."
"72cf1ab7-178b-4365-8892-0ad0b4a6df5d","UKFS_003.basePlot.bet","D06","UKFS","UKFS_003","E","2015-08-25","2015-09-08","2015-09-30","2015-09-30","Vl3mTlloYQT2VnzwvbmzbdQ8RbKi2k+VJaFKmXyy+6k=","NEON.BET.D06.000537","CARSP14","Carabidae sp.","family",,"Latreille","D06.2015.MorphB","Other",,"77todYjt/jkEGWUHO3SI0BRlGpUHn9Xh","77todYjt/jkEGWUHO3SI0BRlGpUHn9Xh","Cyclotrachelus sp. Black oval pronotum. Notches on the posterolateral angles."
"2561e4c4-4c6f-4f73-a53e-00e5b18c160d","UKFS_004.basePlot.bet","D06","UKFS","UKFS_004","E","2015-08-25","2015-09-08","2015-09-30","2015-09-30","luQoN84IPtGyMW6k1P1bZSJQXuGwC+j2r3mruY7lBgg=","NEON.BET.D06.000523","CARSP14","Carabidae sp.","family",,"Latreille","D06.2015.MorphD","Other",,"77todYjt/jkEGWUHO3SI0BRlGpUHn9Xh","77todYjt/jkEGWUHO3SI0BRlGpUHn9Xh","Dark brown with light brown around the edge of the pronotum. Loxandrus sp."
"773a8850-5b4b-4780-b369-099412c617d0","UKFS_004.basePlot.bet","D06","UKFS","UKFS_004","E","2015-08-25","2015-09-08","2015-09-30","2015-09-30","luQoN84IPtGyMW6k1P1bZSJQXuGwC+j2r3mruY7lBgg=","NEON.BET.D06.000534","CARSP14","Carabidae sp.","family",,"Latreille","D06.2015.MorphD","Other",,"77todYjt/jkEGWUHO3SI0BRlGpUHn9Xh","77todYjt/jkEGWUHO3SI0BRlGpUHn9Xh","Dark brown with light brown around the edge of the pronotum. Loxandrus sp."
"e46d2444-8c9d-4c8c-b420-0fbd73d053aa","UKFS_004.basePlot.bet","D06","UKFS","UKFS_004","E","2015-08-25","2015-09-08","2015-09-30","2015-09-30","luQoN84IPtGyMW6k1P1bZSJQXuGwC+j2r3mruY7lBgg=","NEON.BET.D06.000532","CARSP14","Carabidae sp.","family",,"Latreille","D06.2015.MorphD","Other",,"77todYjt/jkEGWUHO3SI0BRlGpUHn9Xh","77todYjt/jkEGWUHO3SI0BRlGpUHn9Xh","Dark brown with light brown around the edge of the pronotum. Loxandrus sp."
"c8772cec-8f23-4920-8a0d-098bba1db9ce","UKFS_004.basePlot.bet","D06","UKFS","UKFS_004","E","2015-08-25","2015-09-08","2015-09-30","2015-09-30","luQoN84IPtGyMW6k1P1bZSJQXuGwC+j2r3mruY7lBgg=","NEON.BET.D06.000525","CARSP14","Carabidae sp.","family",,"Latreille","D06.2015.MorphD","Other",,"77todYjt/jkEGWUHO3SI0BRlGpUHn9Xh","77todYjt/jkEGWUHO3SI0BRlGpUHn9Xh","Dark brown with light brown around the edge of the pronotum. Loxandrus sp."
"6508e8fa-c03c-47b5-b68d-594c98cb01ef","UKFS_004.basePlot.bet","D06","UKFS","UKFS_004","E","2015-08-25","2015-09-08","2015-09-30","2015-09-30","luQoN84IPtGyMW6k1P1bZSJQXuGwC+j2r3mruY7lBgg=","NEON.BET.D06.000524","CARSP14","Carabidae sp.","family",,"Latreille","D06.2015.MorphD","Other",,"77todYjt/jkEGWUHO3SI0BRlGpUHn9Xh","77todYjt/jkEGWUHO3SI0BRlGpUHn9Xh","Dark brown with light brown around the edge of the pronotum. Loxandrus sp."
"311ebcd7-d859-4571-9663-f6bcd6ffcfc6","UKFS_004.basePlot.bet","D06","UKFS","UKFS_004","E","2015-08-25","2015-09-08","2015-09-30","2015-09-30","luQoN84IPtGyMW6k1P1bZSJQXuGwC+j2r3mruY7lBgg=","NEON.BET.D06.000522","CARSP14","Carabidae sp.","family",,"Latreille","D06.2015.MorphD","Other",,"77todYjt/jkEGWUHO3SI0BRlGpUHn9Xh","77todYjt/jkEGWUHO3SI0BRlGpUHn9Xh","Dark brown with light brown around the edge of the pronotum. Loxandrus sp."
"be464dd9-acbd-4e2a-977f-b1efff0dfff6","UKFS_004.basePlot.bet","D06","UKFS","UKFS_004","E","2015-08-25","2015-09-08","2015-09-30","2015-09-30","luQoN84IPtGyMW6k1P1bZSJQXuGwC+j2r3mruY7lBgg=","NEON.BET.D06.000533","CARSP14","Carabidae sp.","family",,"Latreille","D06.2015.MorphD","Other",,"77todYjt/jkEGWUHO3SI0BRlGpUHn9Xh","77todYjt/jkEGWUHO3SI0BRlGpUHn9Xh","Dark brown with light brown around the edge of the pronotum. Loxandrus sp."
"c67ebbc5-1b8d-4a23-b8fc-46939caa995a","UKFS_010.basePlot.bet","D06","UKFS","UKFS_010","E","2015-08-25","2015-09-08","2015-09-30","2015-09-30","26ylXNgyPLyROz6pS2nu9U7ivO+lgn+JUVXz5WZWx8M=","NEON.BET.D06.000543","PASELO","Pasimachus elongatus","species",,"LeConte",,"Other",,"77todYjt/jkEGWUHO3SI0BRlGpUHn9Xh","77todYjt/jkEGWUHO3SI0BRlGpUHn9Xh",
"a117c141-09b8-436c-8e00-cc4d62c5ddd5","UKFS_008.basePlot.bet","D06","UKFS","UKFS_008","E","2015-08-25","2015-09-08","2015-09-30","2015-09-30","5GU/wTV57IUADZuiX4ZHqZL7XTthYLT5MN/DZDLLEKQ=","NEON.BET.D06.000541","CARSP14","Carabidae sp.","family",,"Latreille","D06.2015.MorphD","Other",,"77todYjt/jkEGWUHO3SI0BRlGpUHn9Xh","77todYjt/jkEGWUHO3SI0BRlGpUHn9Xh","Dark brown with light brown around the edge of the pronotum. Loxandrus sp."
"ac950aad-4f40-4c21-8f8e-52a7666410d7","UKFS_008.basePlot.bet","D06","UKFS","UKFS_008","E","2015-08-25","2015-09-08","2015-09-30","2015-09-30","5GU/wTV57IUADZuiX4ZHqZL7XTthYLT5MN/DZDLLEKQ=","NEON.BET.D06.000540","CARSP14","Carabidae sp.","family",,"Latreille","D06.2015.MorphD","Other",,"77todYjt/jkEGWUHO3SI0BRlGpUHn9Xh","77todYjt/jkEGWUHO3SI0BRlGpUHn9Xh","Dark brown with light brown around the edge of the pronotum. Loxandrus sp."
"5c4c9caf-5e52-4597-85ed-e16c96b8b5c3","UKFS_005.basePlot.bet","D06","UKFS","UKFS_005","E","2015-08-25","2015-09-08","2015-09-30","2015-09-30","U/hiAoS2t8wcH1I0HKSVBUNuR5ymxDcinDyZt4MBi9I=","NEON.BET.D06.000513","CARSP14","Carabidae sp.","family",,"Latreille","D06.2015.MorphD","Other",,"77todYjt/jkEGWUHO3SI0BRlGpUHn9Xh","77todYjt/jkEGWUHO3SI0BRlGpUHn9Xh","Dark brown with light brown around the edge of the pronotum. Loxandrus sp."
"d9d5a243-b3c5-419b-a78e-2f0866b4f30a","UKFS_005.basePlot.bet","D06","UKFS","UKFS_005","E","2015-08-25","2015-09-08","2015-09-30","2015-09-30","U/hiAoS2t8wcH1I0HKSVBUNuR5ymxDcinDyZt4MBi9I=","NEON.BET.D06.000512","CARSP14","Carabidae sp.","family",,"Latreille","D06.2015.MorphF","Other",,"77todYjt/jkEGWUHO3SI0BRlGpUHn9Xh","77todYjt/jkEGWUHO3SI0BRlGpUHn9Xh","Black, iridescent when shown in the light. Rainbow reflection. Loxandrus sp."
"aedd6f3d-fdd1-4096-aa77-27c79accdd4a","UKFS_001.basePlot.bet","D06","UKFS","UKFS_001","E","2015-08-25","2015-09-08","2015-09-30","2015-09-30","W8lw52JMhqCf3upy0dCzjTpco1itkp0Q6rC7dFanoBE=","NEON.BET.D06.000406","BRAALT","Brachinus alternans","species",,"Dejean",,"Other",,"77todYjt/jkEGWUHO3SI0BRlGpUHn9Xh","77todYjt/jkEGWUHO3SI0BRlGpUHn9Xh",
"193d8bac-107c-4d5c-b6a4-9384636b1fb0","UKFS_001.basePlot.bet","D06","UKFS","UKFS_001","E","2015-08-25","2015-09-08","2015-09-30","2015-09-30","W8lw52JMhqCf3upy0dCzjTpco1itkp0Q6rC7dFanoBE=","NEON.BET.D06.000405","BRAALT","Brachinus alternans","species",,"Dejean",,"Other",,"77todYjt/jkEGWUHO3SI0BRlGpUHn9Xh","77todYjt/jkEGWUHO3SI0BRlGpUHn9Xh",
"5c05eb01-0905-48ba-8fbb-181e758471e4","UKFS_002.basePlot.bet","D06","UKFS","UKFS_002","E","2015-08-25","2015-09-08","2015-09-30","2015-09-30","ThLXd3W736+v3QEZHc9CpDQ3GX9gObHgq4K6fUod2PA=","NEON.BET.D06.000381","CARSP14","Carabidae sp.","family",,"Latreille","D06.2015.MorphK","Other",,"77todYjt/jkEGWUHO3SI0BRlGpUHn9Xh","77todYjt/jkEGWUHO3SI0BRlGpUHn9Xh","Dark brown overall, light brown edge of pronotum. Pronotum basally punctate. Harpalus sp."
"85bd8bcf-9101-4d76-838e-ca28bf421dbc","UKFS_002.basePlot.bet","D06","UKFS","UKFS_002","E","2015-08-25","2015-09-08","2015-09-30","2015-09-30","ThLXd3W736+v3QEZHc9CpDQ3GX9gObHgq4K6fUod2PA=","NEON.BET.D06.000382","CARSP14","Carabidae sp.","family",,"Latreille","D06.2015.MorphK","Other",,"77todYjt/jkEGWUHO3SI0BRlGpUHn9Xh","77todYjt/jkEGWUHO3SI0BRlGpUHn9Xh","Dark brown overall, light brown edge of pronotum. Pronotum basally punctate. Harpalus sp."
"33522f4d-fd60-4b79-a511-fc282debf721","UKFS_004.basePlot.bet","D06","UKFS","UKFS_004","E","2015-08-25","2015-09-08","2015-09-30","2015-09-30","luQoN84IPtGyMW6k1P1bZQNBlu1f+3hlf48aOK4oC/w=","NEON.BET.D06.000226","GALATR","Galerita atripes","species",,"LeConte",,"Other",,"77todYjt/jkEGWUHO3SI0BRlGpUHn9Xh","77todYjt/jkEGWUHO3SI0BRlGpUHn9Xh",
"b5abec1a-bf86-46cb-aee0-eda9be4a6f98","UKFS_004.basePlot.bet","D06","UKFS","UKFS_004","E","2015-08-25","2015-09-08","2015-09-30","2015-09-30","luQoN84IPtGyMW6k1P1bZXU2zWJHuv/P5Jqt6Q8nyHk=","NEON.BET.D06.000227","GALBIC","Galerita bicolor","species",,"Drury",,"Other",,"77todYjt/jkEGWUHO3SI0BRlGpUHn9Xh","77todYjt/jkEGWUHO3SI0BRlGpUHn9Xh",
"9a9d9557-6b77-4649-b23b-095c169b7382","UKFS_006.basePlot.bet","D06","UKFS","UKFS_006","N","2015-08-25","2015-09-08","2015-09-30","2015-09-30","B2YMmw2rf0fo8U6L7B9sNGJPr2W/mqgjx49L0pJiezw=","NEON.BET.D06.000539","CARSP14","Carabidae sp.","family",,"Latreille","D06.2015.MorphB","Other",,"77todYjt/jkEGWUHO3SI0BRlGpUHn9Xh","77todYjt/jkEGWUHO3SI0BRlGpUHn9Xh","Cyclotrachelus sp. Black oval pronotum. Notches on the posterolateral angles."
"4e25c5d8-d865-4d41-87dd-be9f8d6140df","UKFS_007.basePlot.bet","D06","UKFS","UKFS_007","N","2015-08-25","2015-09-08","2015-09-30","2015-09-30","PlyNduRc44SsZadZ+D6NMIN7SU8dCkbJPGyp53A9U7A=","NEON.BET.D06.000516","CARSP14","Carabidae sp.","family",,"Latreille","D06.2015.MorphF","Other",,"77todYjt/jkEGWUHO3SI0BRlGpUHn9Xh","77todYjt/jkEGWUHO3SI0BRlGpUHn9Xh","Black, iridescent when shown in the light. Rainbow reflection. Loxandrus sp."
"07ae6f27-f24e-4dd4-b502-6bf63363c0c5","UKFS_001.basePlot.bet","D06","UKFS","UKFS_001","N","2015-08-25","2015-09-08","2015-09-30","2015-09-30","W8lw52JMhqCv0mgp+Tx3KfxNif0+lceD9t+22sno3Jc=","NEON.BET.D06.000538","BRAALT","Brachinus alternans","species",,"Dejean",,"Other",,"77todYjt/jkEGWUHO3SI0BRlGpUHn9Xh","77todYjt/jkEGWUHO3SI0BRlGpUHn9Xh",
"f9e7e7b4-2381-4510-89b8-5beee7ced6f9","UKFS_004.basePlot.bet","D06","UKFS","UKFS_004","N","2015-08-25","2015-09-08","2015-09-30","2015-09-30","luQoN84IPtFCEbD/M+6Lb9zqG5QF/DW7h+V3A83dsWs=","NEON.BET.D06.000224","CARSP14","Carabidae sp.","family",,"Latreille","D06.2015.MorphD","Other",,"77todYjt/jkEGWUHO3SI0BRlGpUHn9Xh","77todYjt/jkEGWUHO3SI0BRlGpUHn9Xh","Dark brown with light brown around the edge of the pronotum. Loxandrus sp."
"0c8a91d9-f5a3-4cb4-8002-31b2edd9c7bf","UKFS_004.basePlot.bet","D06","UKFS","UKFS_004","N","2015-08-25","2015-09-08","2015-09-30","2015-09-30","luQoN84IPtFCEbD/M+6Lb9zqG5QF/DW7h+V3A83dsWs=","NEON.BET.D06.000220","CARSP14","Carabidae sp.","family",,"Latreille","D06.2015.MorphD","Other",,"77todYjt/jkEGWUHO3SI0BRlGpUHn9Xh","77todYjt/jkEGWUHO3SI0BRlGpUHn9Xh","Dark brown with light brown around the edge of the pronotum. Loxandrus sp."
"a1cc704f-b66d-4812-8ca4-60faff1233ae","UKFS_004.basePlot.bet","D06","UKFS","UKFS_004","N","2015-08-25","2015-09-08","2015-09-30","2015-09-30","luQoN84IPtFCEbD/M+6Lb9oVlZ1NAC1Nf3Im4dc/hLU=","NEON.BET.D06.000217","BRAALT","Brachinus alternans","species",,"Dejean",,"Other",,"77todYjt/jkEGWUHO3SI0BRlGpUHn9Xh","77todYjt/jkEGWUHO3SI0BRlGpUHn9Xh",
"c80d341e-843d-4873-b683-7cacb5ec9797","UKFS_004.basePlot.bet","D06","UKFS","UKFS_004","N","2015-08-25","2015-09-08","2015-09-30","2015-09-30","luQoN84IPtFCEbD/M+6Lb9zqG5QF/DW7h+V3A83dsWs=","NEON.BET.D06.000221","CARSP14","Carabidae sp.","family",,"Latreille","D06.2015.MorphD","Other",,"77todYjt/jkEGWUHO3SI0BRlGpUHn9Xh","77todYjt/jkEGWUHO3SI0BRlGpUHn9Xh","Dark brown with light brown around the edge of the pronotum. Loxandrus sp."
"720b487c-346f-43cd-9679-a1c849de35ae","UKFS_004.basePlot.bet","D06","UKFS","UKFS_004","N","2015-08-25","2015-09-08","2015-09-30","2015-09-30","luQoN84IPtFCEbD/M+6Lb9oVlZ1NAC1Nf3Im4dc/hLU=","NEON.BET.D06.000218","BRAALT","Brachinus alternans","species",,"Dejean",,"Other",,"77todYjt/jkEGWUHO3SI0BRlGpUHn9Xh","77todYjt/jkEGWUHO3SI0BRlGpUHn9Xh",
"f759461b-3b51-44cd-a257-1bd8c1a0e1f0","UKFS_004.basePlot.bet","D06","UKFS","UKFS_004","N","2015-08-25","2015-09-08","2015-09-30","2015-09-30","luQoN84IPtFCEbD/M+6Lb9zqG5QF/DW7h+V3A83dsWs=","NEON.BET.D06.000223","CARSP14","Carabidae sp.","family",,"Latreille","D06.2015.MorphD","Other",,"77todYjt/jkEGWUHO3SI0BRlGpUHn9Xh","77todYjt/jkEGWUHO3SI0BRlGpUHn9Xh","Dark brown with light brown around the edge of the pronotum. Loxandrus sp."
"28f5ae35-17fd-4b0b-a160-5b1d6e7b80f8","UKFS_004.basePlot.bet","D06","UKFS","UKFS_004","N","2015-08-25","2015-09-08","2015-09-30","2015-09-30","luQoN84IPtFCEbD/M+6Lb9oVlZ1NAC1Nf3Im4dc/hLU=","NEON.BET.D06.000219","BRAALT","Brachinus alternans","species",,"Dejean",,"Other",,"77todYjt/jkEGWUHO3SI0BRlGpUHn9Xh","77todYjt/jkEGWUHO3SI0BRlGpUHn9Xh",
"a7048353-2853-421b-bc26-4773648be8d2","UKFS_004.basePlot.bet","D06","UKFS","UKFS_004","N","2015-08-25","2015-09-08","2015-09-30","2015-09-14","luQoN84IPtFCEbD/M+6Lb9oVlZ1NAC1Nf3Im4dc/hLU=","NEON.BET.D06.000216","BRAALT","Brachinus alternans","species",,"Dejean",,"Other",,"77todYjt/jkEGWUHO3SI0BRlGpUHn9Xh","77todYjt/jkEGWUHO3SI0BRlGpUHn9Xh",
"ea904e4a-3843-4701-8a8e-2170ce188a5e","UKFS_004.basePlot.bet","D06","UKFS","UKFS_004","N","2015-08-25","2015-09-08","2015-09-30","2015-09-30","luQoN84IPtFCEbD/M+6Lb9zqG5QF/DW7h+V3A83dsWs=","NEON.BET.D06.000225","CARSP14","Carabidae sp.","family",,"Latreille","D06.2015.MorphD","Other",,"77todYjt/jkEGWUHO3SI0BRlGpUHn9Xh","77todYjt/jkEGWUHO3SI0BRlGpUHn9Xh","Dark brown with light brown around the edge of the pronotum. Loxandrus sp."
"d3871eda-9510-494f-b3a0-1e44a4f9fd33","UKFS_004.basePlot.bet","D06","UKFS","UKFS_004","N","2015-08-25","2015-09-08","2015-09-30","2015-09-30","luQoN84IPtFCEbD/M+6Lb9zqG5QF/DW7h+V3A83dsWs=","NEON.BET.D06.000222","CARSP14","Carabidae sp.","family",,"Latreille","D06.2015.MorphD","Other",,"77todYjt/jkEGWUHO3SI0BRlGpUHn9Xh","77todYjt/jkEGWUHO3SI0BRlGpUHn9Xh","Dark brown with light brown around the edge of the pronotum. Loxandrus sp."
"ed6e0169-7abf-41e0-84e1-1a48eb345f9b","UKFS_009.basePlot.bet","D06","UKFS","UKFS_009","S","2015-08-25","2015-09-08","2015-09-30","2015-09-30","MMz820nXMklIuibWjob24Hpb+kR9dppbFeg9Wf07Qo0=","NEON.BET.D06.000515","SCASUB2","Scarites subterraneus","species",,"Fabricius",,"Other",,"77todYjt/jkEGWUHO3SI0BRlGpUHn9Xh","77todYjt/jkEGWUHO3SI0BRlGpUHn9Xh",
"26ab9467-563f-419f-9160-9069dc35365d","UKFS_009.basePlot.bet","D06","UKFS","UKFS_009","S","2015-08-25","2015-09-08","2015-09-30","2015-09-30","MMz820nXMklIuibWjob24CpUJRnxsQZTPmTuOJZlVXM=","NEON.BET.D06.000458","CARSP14","Carabidae sp.","family",,"Latreille","D06.2015.MorphG","Other",,"77todYjt/jkEGWUHO3SI0BRlGpUHn9Xh","77todYjt/jkEGWUHO3SI0BRlGpUHn9Xh","Metallic green big headed tiger beetle. Megacephala sp."
"7c6dd536-a860-44af-ac11-7a68e648cdd6","UKFS_001.basePlot.bet","D06","UKFS","UKFS_001","S","2015-08-25","2015-09-08","2015-09-30","2015-09-30","W8lw52JMhqAmSsyHNCbL6TInzPygqwHY+KuoP1KL+To=","NEON.BET.D06.000400","CARSP14","Carabidae sp.","family",,"Latreille","D06.2015.MorphD","Other",,"77todYjt/jkEGWUHO3SI0BRlGpUHn9Xh","77todYjt/jkEGWUHO3SI0BRlGpUHn9Xh","Dark brown with light brown around the edge of the pronotum. Loxandrus sp."
"8b17ce10-22dd-433b-963a-05a0ef2a0487","UKFS_001.basePlot.bet","D06","UKFS","UKFS_001","S","2015-08-25","2015-09-08","2015-09-30","2015-09-30","W8lw52JMhqAmSsyHNCbL6TInzPygqwHY+KuoP1KL+To=","NEON.BET.D06.000399","CARSP14","Carabidae sp.","family",,"Latreille","D06.2015.MorphD","Other",,"77todYjt/jkEGWUHO3SI0BRlGpUHn9Xh","77todYjt/jkEGWUHO3SI0BRlGpUHn9Xh","Dark brown with light brown around the edge of the pronotum. Loxandrus sp."
"739024ff-568c-4331-80b7-4e4b98f0af6e","UKFS_005.basePlot.bet","D06","UKFS","UKFS_005","S","2015-08-25","2015-09-08","2015-09-30","2015-09-30","U/hiAoS2t8wHr9hCVZ7Q/ImHfoa1QWyav2M+cSzTcgk=","NEON.BET.D06.000514","CARSP14","Carabidae sp.","family",,"Latreille","D06.2015.MorphF","Other",,"77todYjt/jkEGWUHO3SI0BRlGpUHn9Xh","77todYjt/jkEGWUHO3SI0BRlGpUHn9Xh","Black, iridescent when shown in the light. Rainbow reflection. Loxandrus sp."
"1c1cefb4-79da-4e55-aed9-fd9a7728d8ac","UKFS_006.basePlot.bet","D06","UKFS","UKFS_006","S","2015-08-25","2015-09-08","2015-09-30","2015-09-30","B2YMmw2rf0fnt5F1w8Doz7j9DN7lHHYrFaNFCYzbgwM=","NEON.BET.D06.000403","DICPUR4","Dicaelus purpuratus","species",,"Bonelli",,"Other",,"77todYjt/jkEGWUHO3SI0BRlGpUHn9Xh","77todYjt/jkEGWUHO3SI0BRlGpUHn9Xh",
"4e6681e1-2e7e-4fb0-af7b-6ac01949ad3d","UKFS_004.basePlot.bet","D06","UKFS","UKFS_004","S","2015-08-25","2015-09-08","2015-09-30","2015-09-30","luQoN84IPtE+nCttLa7FCbtU7oW5tH4VIM2Ej6eDias=","NEON.BET.D06.000518","BRAALT","Brachinus alternans","species",,"Dejean",,"Other",,"77todYjt/jkEGWUHO3SI0BRlGpUHn9Xh","77todYjt/jkEGWUHO3SI0BRlGpUHn9Xh",
"2bb25162-8d1f-4140-833b-26ec1a9468ea","UKFS_004.basePlot.bet","D06","UKFS","UKFS_004","S","2015-08-25","2015-09-08","2015-09-30","2015-09-30","luQoN84IPtE+nCttLa7FCSvy/zcHZtiMKxGSqIP4WA4=","NEON.BET.D06.000519","CARSP14","Carabidae sp.","family",,"Latreille","D06.2015.MorphD","Other",,"77todYjt/jkEGWUHO3SI0BRlGpUHn9Xh","77todYjt/jkEGWUHO3SI0BRlGpUHn9Xh","Dark brown with light brown around the edge of the pronotum. Loxandrus sp."
"209edc6f-4473-4995-b973-17cc5827ffd6","UKFS_005.basePlot.bet","D06","UKFS","UKFS_005","S","2015-08-25","2015-09-08","2015-09-30","2015-09-30","U/hiAoS2t8wHr9hCVZ7Q/JwswFVDnjXnvkYuwlNs1Bw=","NEON.BET.D06.000510","GALATR","Galerita atripes","species",,"LeConte",,"Other",,"77todYjt/jkEGWUHO3SI0BRlGpUHn9Xh","77todYjt/jkEGWUHO3SI0BRlGpUHn9Xh",
"7b8119af-338d-45ec-aa1b-157389f2e14d","UKFS_001.basePlot.bet","D06","UKFS","UKFS_001","S","2015-08-25","2015-09-08","2015-09-30","2015-09-30","W8lw52JMhqAmSsyHNCbL6TInzPygqwHY+KuoP1KL+To=","NEON.BET.D06.000401","CARSP14","Carabidae sp.","family",,"Latreille","D06.2015.MorphD","Other",,"77todYjt/jkEGWUHO3SI0BRlGpUHn9Xh","77todYjt/jkEGWUHO3SI0BRlGpUHn9Xh","Dark brown with light brown around the edge of the pronotum. Loxandrus sp."
"bf89e82b-0ba4-4fea-a672-dd7103c03948","UKFS_006.basePlot.bet","D06","UKFS","UKFS_006","S","2015-08-25","2015-09-08","2015-09-30","2015-09-30","B2YMmw2rf0fnt5F1w8Doz7j9DN7lHHYrFaNFCYzbgwM=","NEON.BET.D06.000402","DICPUR4","Dicaelus purpuratus","species",,"Bonelli",,"Other",,"77todYjt/jkEGWUHO3SI0BRlGpUHn9Xh","77todYjt/jkEGWUHO3SI0BRlGpUHn9Xh",
"3733f084-fd20-43c9-ab68-d9f07abd8a7d","UKFS_003.basePlot.bet","D06","UKFS","UKFS_003","W","2015-08-25","2015-09-08","2015-09-30","2015-09-30","Vl3mTlloYQShkwfefQDNqeW4cu/PpRsVAEf2aULwkps=","NEON.BET.D06.000535","CARSP14","Carabidae sp.","family",,"Latreille","D06.2015.MorphF","Other",,"77todYjt/jkEGWUHO3SI0BRlGpUHn9Xh","77todYjt/jkEGWUHO3SI0BRlGpUHn9Xh","Black, iridescent when shown in the light. Rainbow reflection. Loxandrus sp."
"dad05af5-ee2c-4d66-84f5-ffe702d230d3","UKFS_009.basePlot.bet","D06","UKFS","UKFS_009","W","2015-08-25","2015-09-08","2015-09-30","2015-09-30","MMz820nXMknlpp7hDs47BQuZL91kmrimnzKd1G7NUaI=","NEON.BET.D06.000437","SCASUB2","Scarites subterraneus","species",,"Fabricius",,"Other",,"77todYjt/jkEGWUHO3SI0BRlGpUHn9Xh","77todYjt/jkEGWUHO3SI0BRlGpUHn9Xh",
"0930042c-5419-46fa-a209-065489b98cac","UKFS_003.basePlot.bet","D06","UKFS","UKFS_003","W","2015-08-25","2015-09-08","2015-09-30","2015-09-30","Vl3mTlloYQShkwfefQDNqaExEgPM9z8KFMucTsKjF3E=","NEON.BET.D06.000536","BRAALT","Brachinus alternans","species",,"Dejean",,"Other",,"77todYjt/jkEGWUHO3SI0BRlGpUHn9Xh","77todYjt/jkEGWUHO3SI0BRlGpUHn9Xh",
"b938c2c7-2745-4173-b65c-393f70ce0944","UKFS_009.basePlot.bet","D06","UKFS","UKFS_009","W","2015-08-25","2015-09-08","2015-09-30","2015-09-30","MMz820nXMknlpp7hDs47BSl0BHi3YM+7O8K86+yUUjA=","NEON.BET.D06.000433","CARSP14","Carabidae sp.","family",,"Latreille","D06.2015.MorphK","Other",,"77todYjt/jkEGWUHO3SI0BRlGpUHn9Xh","77todYjt/jkEGWUHO3SI0BRlGpUHn9Xh","Dark brown overall, light brown edge of pronotum. Pronotum basally punctate. Harpalus sp."
"e089096c-b3f0-4c48-95dd-056722f1419e","UKFS_009.basePlot.bet","D06","UKFS","UKFS_009","W","2015-08-25","2015-09-08","2015-09-30","2015-09-30","MMz820nXMknlpp7hDs47BclB6FNkX2jtp9LqKP1k9Xc=","NEON.BET.D06.000425","HARCAL","Harpalus caliginosus","species",,"Fabricius",,"Other",,"77todYjt/jkEGWUHO3SI0BRlGpUHn9Xh","77todYjt/jkEGWUHO3SI0BRlGpUHn9Xh",
"c2601d85-3619-4141-aeea-b1b6d9962bd8","UKFS_009.basePlot.bet","D06","UKFS","UKFS_009","W","2015-08-25","2015-09-08","2015-09-30","2015-09-30","MMz820nXMknlpp7hDs47BclB6FNkX2jtp9LqKP1k9Xc=","NEON.BET.D06.000427","HARCAL","Harpalus caliginosus","species",,"Fabricius",,"Other",,"77todYjt/jkEGWUHO3SI0BRlGpUHn9Xh","77todYjt/jkEGWUHO3SI0BRlGpUHn9Xh",
"1ce33bdd-5f46-4af3-95cf-8e9d5ca0bfa8","UKFS_009.basePlot.bet","D06","UKFS","UKFS_009","W","2015-08-25","2015-09-08","2015-09-30","2015-09-30","MMz820nXMknlpp7hDs47BclB6FNkX2jtp9LqKP1k9Xc=","NEON.BET.D06.000420","HARCAL","Harpalus caliginosus","species",,"Fabricius",,"Other",,"77todYjt/jkEGWUHO3SI0BRlGpUHn9Xh","77todYjt/jkEGWUHO3SI0BRlGpUHn9Xh",
"e8f247cc-86c4-4c41-b8e7-a296d4d18111","UKFS_009.basePlot.bet","D06","UKFS","UKFS_009","W","2015-08-25","2015-09-08","2015-09-30","2015-09-30","MMz820nXMknlpp7hDs47BclB6FNkX2jtp9LqKP1k9Xc=","NEON.BET.D06.000429","HARCAL","Harpalus caliginosus","species",,"Fabricius",,"Other",,"77todYjt/jkEGWUHO3SI0BRlGpUHn9Xh","77todYjt/jkEGWUHO3SI0BRlGpUHn9Xh",
"03038b38-a833-4762-8349-a80507d3eb20","UKFS_002.basePlot.bet","D06","UKFS","UKFS_002","W","2015-08-25","2015-09-08","2015-09-30","2015-09-30","ThLXd3W7368zCKg0KTot3+UCcl5gamJs55CPwHMep5Y=","NEON.BET.D06.000418","CARSP14","Carabidae sp.","family",,"Latreille","D06.2015.MorphF","Other",,"77todYjt/jkEGWUHO3SI0BRlGpUHn9Xh","77todYjt/jkEGWUHO3SI0BRlGpUHn9Xh","Black, iridescent when shown in the light. Rainbow reflection. Loxandrus sp."
"658c0675-cc83-4413-8eeb-d5a9f3784a29","UKFS_002.basePlot.bet","D06","UKFS","UKFS_002","W","2015-08-25","2015-09-08","2015-09-30","2015-09-30","ThLXd3W7368zCKg0KTot33seAwFdyeKJP31CPfE3XlA=","NEON.BET.D06.000419","SEMPUN","Semiardistomis puncticollis","species",,"Dejean",,"Other",,"77todYjt/jkEGWUHO3SI0BRlGpUHn9Xh","77todYjt/jkEGWUHO3SI0BRlGpUHn9Xh",
"1952841a-c6d7-4e9d-b379-83d297c3bdec","UKFS_002.basePlot.bet","D06","UKFS","UKFS_002","W","2015-08-25","2015-09-08","2015-09-30","2015-09-30","ThLXd3W7368zCKg0KTot3+UCcl5gamJs55CPwHMep5Y=","NEON.BET.D06.000416","CARSP14","Carabidae sp.","family",,"Latreille","D06.2015.MorphF","Other",,"77todYjt/jkEGWUHO3SI0BRlGpUHn9Xh","77todYjt/jkEGWUHO3SI0BRlGpUHn9Xh","Black, iridescent when shown in the light. Rainbow reflection. Loxandrus sp."
"6cad09ba-1858-46ca-993e-0446dd1a9fac","UKFS_010.basePlot.bet","D06","UKFS","UKFS_010","E","2015-09-08","2015-09-22","2015-09-30","2015-09-30","26ylXNgyPLyROz6pS2nu9WvrgUIDhhru3uqMHz5BeoA=","NEON.BET.D06.000560","CARSP14","Carabidae sp.","family",,"Latreille","D06.2015.MorphF","Other",,"77todYjt/jkEGWUHO3SI0BRlGpUHn9Xh","77todYjt/jkEGWUHO3SI0BRlGpUHn9Xh","Black, iridescent when shown in the light. Rainbow reflection. Loxandrus sp."
"6a6345bb-7792-4a6c-ac5c-bf86f87182bb","UKFS_007.basePlot.bet","D06","UKFS","UKFS_007","E","2015-09-08","2015-09-22","2015-09-30","2015-09-30","PlyNduRc44Qcdojg0RaG68okBavL1ldcuYyQhz/y/rM=","NEON.BET.D06.000577","BRAALT","Brachinus alternans","species",,"Dejean",,"Other",,"77todYjt/jkEGWUHO3SI0BRlGpUHn9Xh","77todYjt/jkEGWUHO3SI0BRlGpUHn9Xh",
"a3c09fdc-95ea-49e6-a36f-2343a4b2f803","UKFS_001.basePlot.bet","D06","UKFS","UKFS_001","E","2015-09-08","2015-09-22","2015-09-30","2015-09-30","W8lw52JMhqCf3upy0dCzjQMK61MBaIjYVrLKYcDX4FY=","NEON.BET.D06.000542","CARSYL","Carabus sylvosus","species",,"Say",,"Other",,"77todYjt/jkEGWUHO3SI0BRlGpUHn9Xh","77todYjt/jkEGWUHO3SI0BRlGpUHn9Xh",
"174dd09c-98db-4796-a9ae-b5b4352902c4","UKFS_010.basePlot.bet","D06","UKFS","UKFS_010","E","2015-09-08","2015-09-22","2015-09-30","2015-09-30","26ylXNgyPLyROz6pS2nu9WvrgUIDhhru3uqMHz5BeoA=","NEON.BET.D06.000561","CARSP14","Carabidae sp.","family",,"Latreille","D06.2015.MorphF","Other",,"77todYjt/jkEGWUHO3SI0BRlGpUHn9Xh","77todYjt/jkEGWUHO3SI0BRlGpUHn9Xh","Black, iridescent when shown in the light. Rainbow reflection. Loxandrus sp."
"a29315e5-e1fc-4a73-b697-1d977c273a91","UKFS_009.basePlot.bet","D06","UKFS","UKFS_009","E","2015-09-08","2015-09-22","2015-09-30","2015-09-30","MMz820nXMkl9BrpXOPF+VDDXOwNiWn2BMIV6BArD5JM=","NEON.BET.D06.000567","CARSP14","Carabidae sp.","family",,"Latreille","D06.2015.MorphB","Other",,"77todYjt/jkEGWUHO3SI0BRlGpUHn9Xh","77todYjt/jkEGWUHO3SI0BRlGpUHn9Xh","Cyclotrachelus sp. Black oval pronotum. Notches on the posterolateral angles."
"9471b653-814e-4df2-80af-77338ed5389b","UKFS_003.basePlot.bet","D06","UKFS","UKFS_003","E","2015-09-08","2015-09-22","2015-09-30","2015-09-30","Vl3mTlloYQT2VnzwvbmzbTn3mOCZlzQ85ofC4lkmHPw=","NEON.BET.D06.000479","CARSP14","Carabidae sp.","family",,"Latreille","D06.2015.MorphF","Other",,"77todYjt/jkEGWUHO3SI0BRlGpUHn9Xh","77todYjt/jkEGWUHO3SI0BRlGpUHn9Xh","Black, iridescent when shown in the light. Rainbow reflection. Loxandrus sp."
"f13b78b7-f501-41cd-b616-56c7a3982a08","UKFS_007.basePlot.bet","D06","UKFS","UKFS_007","E","2015-09-08","2015-09-22","2015-09-30","2015-09-30","PlyNduRc44Qcdojg0RaG6xkN4EKiqNV410zLm11EfHs=","NEON.BET.D06.000578","CARSP14","Carabidae sp.","family",,"Latreille","D06.2015.MorphD","Other",,"77todYjt/jkEGWUHO3SI0BRlGpUHn9Xh","77todYjt/jkEGWUHO3SI0BRlGpUHn9Xh","Dark brown with light brown around the edge of the pronotum. Loxandrus sp."
"750c450e-a10c-4cc4-b6c6-59688521271c","UKFS_008.basePlot.bet","D06","UKFS","UKFS_008","E","2015-09-08","2015-09-22","2015-09-30","2015-09-30","5GU/wTV57IUADZuiX4ZHqdhEAA2YCRTMxavvz7luMQs=","NEON.BET.D06.000387","CARSP14","Carabidae sp.","family",,"Latreille","D06.2015.MorphD","Other",,"77todYjt/jkEGWUHO3SI0BRlGpUHn9Xh","77todYjt/jkEGWUHO3SI0BRlGpUHn9Xh","Dark brown with light brown around the edge of the pronotum. Loxandrus sp."
"483db7e3-a80c-487e-8cc5-a87a6cb6bf4a","UKFS_008.basePlot.bet","D06","UKFS","UKFS_008","E","2015-09-08","2015-09-22","2015-09-30","2015-09-30","5GU/wTV57IUADZuiX4ZHqdhEAA2YCRTMxavvz7luMQs=","NEON.BET.D06.000392","CARSP14","Carabidae sp.","family",,"Latreille","D06.2015.MorphD","Other",,"77todYjt/jkEGWUHO3SI0BRlGpUHn9Xh","77todYjt/jkEGWUHO3SI0BRlGpUHn9Xh","Dark brown with light brown around the edge of the pronotum. Loxandrus sp."
"8d925cf8-b9e1-4b8e-bbd7-0ead5022e046","UKFS_008.basePlot.bet","D06","UKFS","UKFS_008","E","2015-09-08","2015-09-22","2015-09-30","2015-09-30","5GU/wTV57IUADZuiX4ZHqdhEAA2YCRTMxavvz7luMQs=","NEON.BET.D06.000395","CARSP14","Carabidae sp.","family",,"Latreille","D06.2015.MorphD","Other",,"77todYjt/jkEGWUHO3SI0BRlGpUHn9Xh","77todYjt/jkEGWUHO3SI0BRlGpUHn9Xh","Dark brown with light brown around the edge of the pronotum. Loxandrus sp."
"35a16a4e-ad33-42ba-b0f0-d361b8dde988","UKFS_005.basePlot.bet","D06","UKFS","UKFS_005","E","2015-09-08","2015-09-22","2015-09-30","2015-09-30","U/hiAoS2t8wcH1I0HKSVBSW80JU3Ga0BmFfsfj5dawE=","NEON.BET.D06.000462","CARSP14","Carabidae sp.","family",,"Latreille","D06.2015.MorphM","Other",,"77todYjt/jkEGWUHO3SI0BRlGpUHn9Xh","77todYjt/jkEGWUHO3SI0BRlGpUHn9Xh","Orange head and pronotum, black metallic elytra. No hair. Ring of punctures on edge of pronotum."
"ea402344-2a78-4f00-b206-e9d07738907e","UKFS_008.basePlot.bet","D06","UKFS","UKFS_008","E","2015-09-08","2015-09-22","2015-09-30","2015-09-30","5GU/wTV57IUADZuiX4ZHqdhEAA2YCRTMxavvz7luMQs=","NEON.BET.D06.000388","CARSP14","Carabidae sp.","family",,"Latreille","D06.2015.MorphD","Other",,"77todYjt/jkEGWUHO3SI0BRlGpUHn9Xh","77todYjt/jkEGWUHO3SI0BRlGpUHn9Xh","Dark brown with light brown around the edge of the pronotum. Loxandrus sp."
"82b4b64f-d2d7-42cf-a801-c538abe7badd","UKFS_008.basePlot.bet","D06","UKFS","UKFS_008","E","2015-09-08","2015-09-22","2015-09-30","2015-09-30","5GU/wTV57IUADZuiX4ZHqdhEAA2YCRTMxavvz7luMQs=","NEON.BET.D06.000397","CARSP14","Carabidae sp.","family",,"Latreille","D06.2015.MorphD","Other",,"77todYjt/jkEGWUHO3SI0BRlGpUHn9Xh","77todYjt/jkEGWUHO3SI0BRlGpUHn9Xh","Dark brown with light brown around the edge of the pronotum. Loxandrus sp."
"f85ba61c-335b-4744-bd36-87376362ef20","UKFS_008.basePlot.bet","D06","UKFS","UKFS_008","E","2015-09-08","2015-09-22","2015-09-30","2015-09-30","5GU/wTV57IUADZuiX4ZHqdhEAA2YCRTMxavvz7luMQs=","NEON.BET.D06.000385","CARSP14","Carabidae sp.","family",,"Latreille","D06.2015.MorphD","Other",,"77todYjt/jkEGWUHO3SI0BRlGpUHn9Xh","77todYjt/jkEGWUHO3SI0BRlGpUHn9Xh","Dark brown with light brown around the edge of the pronotum. Loxandrus sp."
"f32b80a3-70f1-4e17-bb2b-6375371af106","UKFS_008.basePlot.bet","D06","UKFS","UKFS_008","E","2015-09-08","2015-09-22","2015-09-30","2015-09-30","5GU/wTV57IUADZuiX4ZHqdhEAA2YCRTMxavvz7luMQs=","NEON.BET.D06.000391","CARSP14","Carabidae sp.","family",,"Latreille","D06.2015.MorphD","Other",,"77todYjt/jkEGWUHO3SI0BRlGpUHn9Xh","77todYjt/jkEGWUHO3SI0BRlGpUHn9Xh","Dark brown with light brown around the edge of the pronotum. Loxandrus sp."
"80a2e4d0-2df3-4602-97be-b3613b59d187","UKFS_008.basePlot.bet","D06","UKFS","UKFS_008","E","2015-09-08","2015-09-22","2015-09-30","2015-09-30","5GU/wTV57IUADZuiX4ZHqdhEAA2YCRTMxavvz7luMQs=","NEON.BET.D06.000396","CARSP14","Carabidae sp.","family",,"Latreille","D06.2015.MorphD","Other",,"77todYjt/jkEGWUHO3SI0BRlGpUHn9Xh","77todYjt/jkEGWUHO3SI0BRlGpUHn9Xh","Dark brown with light brown around the edge of the pronotum. Loxandrus sp."
"2b8f2928-3d28-4cdc-89bb-ba13a849b403","UKFS_008.basePlot.bet","D06","UKFS","UKFS_008","E","2015-09-08","2015-09-22","2015-09-30","2015-09-30","5GU/wTV57IUADZuiX4ZHqdhEAA2YCRTMxavvz7luMQs=","NEON.BET.D06.000390","CARSP14","Carabidae sp.","family",,"Latreille","D06.2015.MorphD","Other",,"77todYjt/jkEGWUHO3SI0BRlGpUHn9Xh","77todYjt/jkEGWUHO3SI0BRlGpUHn9Xh","Dark brown with light brown around the edge of the pronotum. Loxandrus sp."
"2fba0278-3ea0-4c60-b34f-b91a9865789b","UKFS_008.basePlot.bet","D06","UKFS","UKFS_008","E","2015-09-08","2015-09-22","2015-09-30","2015-09-30","5GU/wTV57IUADZuiX4ZHqdhEAA2YCRTMxavvz7luMQs=","NEON.BET.D06.000398","CARSP14","Carabidae sp.","family",,"Latreille","D06.2015.MorphD","Other",,"77todYjt/jkEGWUHO3SI0BRlGpUHn9Xh","77todYjt/jkEGWUHO3SI0BRlGpUHn9Xh","Dark brown with light brown around the edge of the pronotum. Loxandrus sp."
"aa8263e8-ae89-49ab-9aaa-fbd51fe40523","UKFS_008.basePlot.bet","D06","UKFS","UKFS_008","E","2015-09-08","2015-09-22","2015-09-30","2015-09-30","5GU/wTV57IUADZuiX4ZHqdhEAA2YCRTMxavvz7luMQs=","NEON.BET.D06.000389","CARSP14","Carabidae sp.","family",,"Latreille","D06.2015.MorphD","Other",,"77todYjt/jkEGWUHO3SI0BRlGpUHn9Xh","77todYjt/jkEGWUHO3SI0BRlGpUHn9Xh","Dark brown with light brown around the edge of the pronotum. Loxandrus sp."
"686011e7-353c-4381-bf55-0a0321824ca7","UKFS_008.basePlot.bet","D06","UKFS","UKFS_008","E","2015-09-08","2015-09-22","2015-09-30","2015-09-30","5GU/wTV57IUADZuiX4ZHqdhEAA2YCRTMxavvz7luMQs=","NEON.BET.D06.000393","CARSP14","Carabidae sp.","family",,"Latreille","D06.2015.MorphD","Other",,"77todYjt/jkEGWUHO3SI0BRlGpUHn9Xh","77todYjt/jkEGWUHO3SI0BRlGpUHn9Xh","Dark brown with light brown around the edge of the pronotum. Loxandrus sp."
"00ccb368-a1d5-4c89-9f61-65ea69c56a63","UKFS_008.basePlot.bet","D06","UKFS","UKFS_008","E","2015-09-08","2015-09-22","2015-09-30","2015-09-30","5GU/wTV57IUADZuiX4ZHqdhEAA2YCRTMxavvz7luMQs=","NEON.BET.D06.000394","CARSP14","Carabidae sp.","family",,"Latreille","D06.2015.MorphD","Other",,"77todYjt/jkEGWUHO3SI0BRlGpUHn9Xh","77todYjt/jkEGWUHO3SI0BRlGpUHn9Xh","Dark brown with light brown around the edge of the pronotum. Loxandrus sp."
"716226e7-e8d7-402b-9d8f-b34743a8da04","UKFS_008.basePlot.bet","D06","UKFS","UKFS_008","E","2015-09-08","2015-09-22","2015-09-30","2015-09-30","5GU/wTV57IUADZuiX4ZHqdhEAA2YCRTMxavvz7luMQs=","NEON.BET.D06.000386","CARSP14","Carabidae sp.","family",,"Latreille","D06.2015.MorphD","Other",,"77todYjt/jkEGWUHO3SI0BRlGpUHn9Xh","77todYjt/jkEGWUHO3SI0BRlGpUHn9Xh","Dark brown with light brown around the edge of the pronotum. Loxandrus sp."
"39a1dd17-f80d-4f9a-96eb-67f0cbe82946","UKFS_004.basePlot.bet","D06","UKFS","UKFS_004","E","2015-09-08","2015-09-22","2015-09-30","2015-09-30","luQoN84IPtGyMW6k1P1bZRNijrCAYHAKMsABrRLW6Pc=","NEON.BET.D06.000284","CARSP14","Carabidae sp.","family",,"Latreille","D06.2015.MorphD","Other",,"77todYjt/jkEGWUHO3SI0BRlGpUHn9Xh","77todYjt/jkEGWUHO3SI0BRlGpUHn9Xh","Dark brown with light brown around the edge of the pronotum. Loxandrus sp."
"66615078-e8b3-425e-b489-d77bac0f79da","UKFS_004.basePlot.bet","D06","UKFS","UKFS_004","E","2015-09-08","2015-09-22","2015-09-30","2015-09-30","luQoN84IPtGyMW6k1P1bZRNijrCAYHAKMsABrRLW6Pc=","NEON.BET.D06.000283","CARSP14","Carabidae sp.","family",,"Latreille","D06.2015.MorphD","Other",,"77todYjt/jkEGWUHO3SI0BRlGpUHn9Xh","77todYjt/jkEGWUHO3SI0BRlGpUHn9Xh","Dark brown with light brown around the edge of the pronotum. Loxandrus sp."
"6632891c-e51c-401a-8b9c-6f6f9be3575b","UKFS_004.basePlot.bet","D06","UKFS","UKFS_004","E","2015-09-08","2015-09-22","2015-09-30","2015-09-30","luQoN84IPtGyMW6k1P1bZRNijrCAYHAKMsABrRLW6Pc=","NEON.BET.D06.000289","CARSP14","Carabidae sp.","family",,"Latreille","D06.2015.MorphD","Other",,"77todYjt/jkEGWUHO3SI0BRlGpUHn9Xh","77todYjt/jkEGWUHO3SI0BRlGpUHn9Xh","Dark brown with light brown around the edge of the pronotum. Loxandrus sp."
"05d0fed2-ace9-47f1-bac4-238fa0d74b99","UKFS_004.basePlot.bet","D06","UKFS","UKFS_004","E","2015-09-08","2015-09-22","2015-09-30","2015-09-30","luQoN84IPtGyMW6k1P1bZRNijrCAYHAKMsABrRLW6Pc=","NEON.BET.D06.000286","CARSP14","Carabidae sp.","family",,"Latreille","D06.2015.MorphD","Other",,"77todYjt/jkEGWUHO3SI0BRlGpUHn9Xh","77todYjt/jkEGWUHO3SI0BRlGpUHn9Xh","Dark brown with light brown around the edge of the pronotum. Loxandrus sp."
"a027d255-d871-4b46-bf7f-235e605ec436","UKFS_004.basePlot.bet","D06","UKFS","UKFS_004","E","2015-09-08","2015-09-22","2015-09-30","2015-09-30","luQoN84IPtGyMW6k1P1bZRNijrCAYHAKMsABrRLW6Pc=","NEON.BET.D06.000287","CARSP14","Carabidae sp.","family",,"Latreille","D06.2015.MorphD","Other",,"77todYjt/jkEGWUHO3SI0BRlGpUHn9Xh","77todYjt/jkEGWUHO3SI0BRlGpUHn9Xh","Dark brown with light brown around the edge of the pronotum. Loxandrus sp."
"484beddd-7da4-42df-949a-3a0eee3f0834","UKFS_004.basePlot.bet","D06","UKFS","UKFS_004","E","2015-09-08","2015-09-22","2015-09-30","2015-09-30","luQoN84IPtGyMW6k1P1bZRNijrCAYHAKMsABrRLW6Pc=","NEON.BET.D06.000288","CARSP14","Carabidae sp.","family",,"Latreille","D06.2015.MorphD","Other",,"77todYjt/jkEGWUHO3SI0BRlGpUHn9Xh","77todYjt/jkEGWUHO3SI0BRlGpUHn9Xh","Dark brown with light brown around the edge of the pronotum. Loxandrus sp."
"32b59770-949e-4b15-bf33-ec7e68a3dc1a","UKFS_009.basePlot.bet","D06","UKFS","UKFS_009","E","2015-09-08","2015-09-22","2015-09-30","2015-09-30","MMz820nXMkl9BrpXOPF+VDDXOwNiWn2BMIV6BArD5JM=","NEON.BET.D06.000277","CARSP14","Carabidae sp.","family",,"Latreille","D06.2015.MorphF","Other",,"77todYjt/jkEGWUHO3SI0BRlGpUHn9Xh","77todYjt/jkEGWUHO3SI0BRlGpUHn9Xh","Black, iridescent when shown in the light. Rainbow reflection. Loxandrus sp."
"dbaec2c8-293a-47ff-8cbd-65b43e82a999","UKFS_009.basePlot.bet","D06","UKFS","UKFS_009","E","2015-09-08","2015-09-22","2015-09-30","2015-09-30","MMz820nXMkl9BrpXOPF+VDDXOwNiWn2BMIV6BArD5JM=","NEON.BET.D06.000279","CARSP14","Carabidae sp.","family",,"Latreille","D06.2015.MorphF","Other",,"77todYjt/jkEGWUHO3SI0BRlGpUHn9Xh","77todYjt/jkEGWUHO3SI0BRlGpUHn9Xh","Black, iridescent when shown in the light. Rainbow reflection. Loxandrus sp."
"2ad1a0f8-0f77-449b-9593-9752981cb5e8","UKFS_004.basePlot.bet","D06","UKFS","UKFS_004","E","2015-09-08","2015-09-22","2015-09-30","2015-09-30","luQoN84IPtGyMW6k1P1bZRNijrCAYHAKMsABrRLW6Pc=","NEON.BET.D06.000285","CARSP14","Carabidae sp.","family",,"Latreille","D06.2015.MorphD","Other",,"77todYjt/jkEGWUHO3SI0BRlGpUHn9Xh","77todYjt/jkEGWUHO3SI0BRlGpUHn9Xh","Dark brown with light brown around the edge of the pronotum. Loxandrus sp."
"9d3dfb3e-fce7-4e57-9f9f-cec8cfddb4fc","UKFS_009.basePlot.bet","D06","UKFS","UKFS_009","E","2015-09-08","2015-09-22","2015-09-30","2015-09-30","MMz820nXMkl9BrpXOPF+VDDXOwNiWn2BMIV6BArD5JM=","NEON.BET.D06.000278","CARSP14","Carabidae sp.","family",,"Latreille","D06.2015.MorphF","Other",,"77todYjt/jkEGWUHO3SI0BRlGpUHn9Xh","77todYjt/jkEGWUHO3SI0BRlGpUHn9Xh","Black, iridescent when shown in the light. Rainbow reflection. Loxandrus sp."
"fa3200f5-1bbb-4113-b3ac-f7789c89eddc","UKFS_009.basePlot.bet","D06","UKFS","UKFS_009","E","2015-09-08","2015-09-22","2015-09-30","2015-09-30","MMz820nXMkl9BrpXOPF+VDDXOwNiWn2BMIV6BArD5JM=","NEON.BET.D06.000280","CARSP14","Carabidae sp.","family",,"Latreille","D06.2015.MorphF","Other",,"77todYjt/jkEGWUHO3SI0BRlGpUHn9Xh","77todYjt/jkEGWUHO3SI0BRlGpUHn9Xh","Black, iridescent when shown in the light. Rainbow reflection. Loxandrus sp."
"124b1ff3-2112-45e2-8414-4c6751c47678","UKFS_009.basePlot.bet","D06","UKFS","UKFS_009","E","2015-09-08","2015-09-22","2015-09-30","2015-09-30","MMz820nXMkl9BrpXOPF+VDDXOwNiWn2BMIV6BArD5JM=","NEON.BET.D06.000276","CARSP14","Carabidae sp.","family",,"Latreille","D06.2015.MorphF","Other",,"77todYjt/jkEGWUHO3SI0BRlGpUHn9Xh","77todYjt/jkEGWUHO3SI0BRlGpUHn9Xh","Black, iridescent when shown in the light. Rainbow reflection. Loxandrus sp."
"d2fb63d7-6060-405f-af68-378ed20336da","UKFS_005.basePlot.bet","D06","UKFS","UKFS_005","E","2015-09-08","2015-09-22","2015-09-30","2015-09-30","U/hiAoS2t8wcH1I0HKSVBSW80JU3Ga0BmFfsfj5dawE=","NEON.BET.D06.000230","CARSP14","Carabidae sp.","family",,"Latreille","D06.2015.MorphF","Other",,"77todYjt/jkEGWUHO3SI0BRlGpUHn9Xh","77todYjt/jkEGWUHO3SI0BRlGpUHn9Xh","Black, iridescent when shown in the light. Rainbow reflection. Loxandrus sp."
"ea6631e0-a606-4a1a-a475-249507033a3a","UKFS_005.basePlot.bet","D06","UKFS","UKFS_005","E","2015-09-08","2015-09-22","2015-09-30","2015-09-28","U/hiAoS2t8wcH1I0HKSVBSW80JU3Ga0BmFfsfj5dawE=","NEON.BET.D06.000231","CARSP14","Carabidae sp.","family",,"Latreille","D06.2015.MorphF","Other",,"77todYjt/jkEGWUHO3SI0BRlGpUHn9Xh","77todYjt/jkEGWUHO3SI0BRlGpUHn9Xh","Black, iridescent when shown in the light. Rainbow reflection. Loxandrus sp."
"57dbd829-94f9-40f6-8b9b-ee3948a15701","UKFS_003.basePlot.bet","D06","UKFS","UKFS_003","N","2015-09-08","2015-09-22","2015-09-30","2015-09-30","Vl3mTlloYQRW5CGpwBn0gzhCFAD9ImC7AB5syQUiNsc=","NEON.BET.D06.000481","CARSYL","Carabus sylvosus","species",,"Say",,"Other",,"77todYjt/jkEGWUHO3SI0BRlGpUHn9Xh","77todYjt/jkEGWUHO3SI0BRlGpUHn9Xh",
"fbcfbfca-e994-40fe-916b-e701af8d4a42","UKFS_005.basePlot.bet","D06","UKFS","UKFS_005","N","2015-09-08","2015-09-22","2015-09-30","2015-09-30","U/hiAoS2t8ykNrO53nVw+8QyqxhHHOF9mEiLNXELatY=","NEON.BET.D06.000461","CARSP14","Carabidae sp.","family",,"Latreille","D06.2015.MorphF","Other",,"77todYjt/jkEGWUHO3SI0BRlGpUHn9Xh","77todYjt/jkEGWUHO3SI0BRlGpUHn9Xh","Black, iridescent when shown in the light. Rainbow reflection. Loxandrus sp."
"025f469d-0975-4121-9a00-ffa275b8d4c8","UKFS_004.basePlot.bet","D06","UKFS","UKFS_004","N","2015-09-08","2015-09-22","2015-09-30","2015-09-30","luQoN84IPtFCEbD/M+6Lb83d5wqGE8MF3guwAkSXFOs=","NEON.BET.D06.000269","CARSP14","Carabidae sp.","family",,"Latreille","D06.2015.MorphD","Other",,"77todYjt/jkEGWUHO3SI0BRlGpUHn9Xh","77todYjt/jkEGWUHO3SI0BRlGpUHn9Xh","Dark brown with light brown around the edge of the pronotum. Loxandrus sp."
"26d7cf86-2c5a-498c-beef-25b6e84c5fda","UKFS_004.basePlot.bet","D06","UKFS","UKFS_004","N","2015-09-08","2015-09-22","2015-09-30","2015-09-30","luQoN84IPtFCEbD/M+6LbyIZcBlVatx3ybTgN7F8xxw=","NEON.BET.D06.000459","BRAALT","Brachinus alternans","species",,"Dejean",,"Other",,"77todYjt/jkEGWUHO3SI0BRlGpUHn9Xh","77todYjt/jkEGWUHO3SI0BRlGpUHn9Xh",
"0ee96344-77c4-4b3f-8f32-445784ee55d1","UKFS_003.basePlot.bet","D06","UKFS","UKFS_003","N","2015-09-08","2015-09-22","2015-09-30","2015-09-30","Vl3mTlloYQRW5CGpwBn0g7gYWrhkRX5ei0S4Bnv1eBI=","NEON.BET.D06.000480","BRAALT","Brachinus alternans","species",,"Dejean",,"Other",,"77todYjt/jkEGWUHO3SI0BRlGpUHn9Xh","77todYjt/jkEGWUHO3SI0BRlGpUHn9Xh",
"0ae029c8-1835-4b27-bf2e-bfa627ad4e7d","UKFS_009.basePlot.bet","D06","UKFS","UKFS_009","N","2015-09-08","2015-09-22","2015-09-30","2015-09-30","MMz820nXMkkaBm8agXb1+54a0DOgM20wiW9FedI2cF0=","NEON.BET.D06.000569","CARSP14","Carabidae sp.","family",,"Latreille","D06.2015.MorphF","Other",,"77todYjt/jkEGWUHO3SI0BRlGpUHn9Xh","77todYjt/jkEGWUHO3SI0BRlGpUHn9Xh","Black, iridescent when shown in the light. Rainbow reflection. Loxandrus sp."
"9901772e-e53f-41b2-bfc7-8e25dc71bf5c","UKFS_008.basePlot.bet","D06","UKFS","UKFS_008","N","2015-09-08","2015-09-22","2015-09-30","2015-09-30","5GU/wTV57IXAqJ6T3+RdvU7cOBsenkyPhLaPtfPkclE=","NEON.BET.D06.000444","CARSP14","Carabidae sp.","family",,"Latreille","D06.2015.MorphD","Other",,"77todYjt/jkEGWUHO3SI0BRlGpUHn9Xh","77todYjt/jkEGWUHO3SI0BRlGpUHn9Xh","Dark brown with light brown around the edge of the pronotum. Loxandrus sp."
"a2855e23-710f-436b-8822-705a9d7753c0","UKFS_008.basePlot.bet","D06","UKFS","UKFS_008","N","2015-09-08","2015-09-22","2015-09-30","2015-09-30","5GU/wTV57IXAqJ6T3+RdvU7cOBsenkyPhLaPtfPkclE=","NEON.BET.D06.000482","CARSP14","Carabidae sp.","family",,"Latreille","D06.2015.MorphN","Other",,"77todYjt/jkEGWUHO3SI0BRlGpUHn9Xh","77todYjt/jkEGWUHO3SI0BRlGpUHn9Xh","Dark brown with light brown patches. Semi heart shaped pronotum."
"a75cd4c3-9df8-4394-89c7-4ec2bbd6a79b","UKFS_008.basePlot.bet","D06","UKFS","UKFS_008","N","2015-09-08","2015-09-22","2015-09-30","2015-09-30","5GU/wTV57IXAqJ6T3+RdvU7cOBsenkyPhLaPtfPkclE=","NEON.BET.D06.000445","CARSP14","Carabidae sp.","family",,"Latreille","D06.2015.MorphD","Other",,"77todYjt/jkEGWUHO3SI0BRlGpUHn9Xh","77todYjt/jkEGWUHO3SI0BRlGpUHn9Xh","Dark brown with light brown around the edge of the pronotum. Loxandrus sp."
"97209ba5-2ee8-4110-8c89-2ee50dbbc257","UKFS_008.basePlot.bet","D06","UKFS","UKFS_008","N","2015-09-08","2015-09-22","2015-09-30","2015-09-30","5GU/wTV57IXAqJ6T3+RdvU7cOBsenkyPhLaPtfPkclE=","NEON.BET.D06.000443","CARSP14","Carabidae sp.","family",,"Latreille","D06.2015.MorphD","Other",,"77todYjt/jkEGWUHO3SI0BRlGpUHn9Xh","77todYjt/jkEGWUHO3SI0BRlGpUHn9Xh","Dark brown with light brown around the edge of the pronotum. Loxandrus sp."
"591f97ff-44ee-4e30-8062-b84557e80f32","UKFS_006.basePlot.bet","D06","UKFS","UKFS_006","N","2015-09-08","2015-09-22","2015-09-30","2015-09-30","B2YMmw2rf0fo8U6L7B9sNPdiaRj4mvptE8EBmqdZMZI=","NEON.BET.D06.000496","CARSP14","Carabidae sp.","family",,"Latreille","D06.2015.MorphD","Other",,"77todYjt/jkEGWUHO3SI0BRlGpUHn9Xh","77todYjt/jkEGWUHO3SI0BRlGpUHn9Xh","Dark brown with light brown around the edge of the pronotum. Loxandrus sp."
"da1bc901-4b30-4cde-b093-a0732d7d709c","UKFS_008.basePlot.bet","D06","UKFS","UKFS_008","N","2015-09-08","2015-09-22","2015-09-30","2015-09-30","5GU/wTV57IXAqJ6T3+RdvU7cOBsenkyPhLaPtfPkclE=","NEON.BET.D06.000447","CARSP14","Carabidae sp.","family",,"Latreille","D06.2015.MorphD","Other",,"77todYjt/jkEGWUHO3SI0BRlGpUHn9Xh","77todYjt/jkEGWUHO3SI0BRlGpUHn9Xh","Dark brown with light brown around the edge of the pronotum. Loxandrus sp."
"ef0d9c00-220f-41b3-ac04-b144e891f350","UKFS_008.basePlot.bet","D06","UKFS","UKFS_008","N","2015-09-08","2015-09-22","2015-09-30","2015-09-30","5GU/wTV57IXAqJ6T3+RdvU7cOBsenkyPhLaPtfPkclE=","NEON.BET.D06.000448","CARSP14","Carabidae sp.","family",,"Latreille","D06.2015.MorphD","Other",,"77todYjt/jkEGWUHO3SI0BRlGpUHn9Xh","77todYjt/jkEGWUHO3SI0BRlGpUHn9Xh","Dark brown with light brown around the edge of the pronotum. Loxandrus sp."
"80a676f3-048a-4488-aa8b-8a39abf5a89b","UKFS_008.basePlot.bet","D06","UKFS","UKFS_008","N","2015-09-08","2015-09-22","2015-09-30","2015-09-30","5GU/wTV57IXAqJ6T3+RdvU7cOBsenkyPhLaPtfPkclE=","NEON.BET.D06.000446","CARSP14","Carabidae sp.","family",,"Latreille","D06.2015.MorphD","Other",,"77todYjt/jkEGWUHO3SI0BRlGpUHn9Xh","77todYjt/jkEGWUHO3SI0BRlGpUHn9Xh","Dark brown with light brown around the edge of the pronotum. Loxandrus sp."
"c9f3ee64-f813-4bea-8666-56fa4cc30e75","UKFS_004.basePlot.bet","D06","UKFS","UKFS_004","N","2015-09-08","2015-09-22","2015-09-30","2015-09-30","luQoN84IPtFCEbD/M+6Lb83d5wqGE8MF3guwAkSXFOs=","NEON.BET.D06.000271","CARSP14","Carabidae sp.","family",,"Latreille","D06.2015.MorphD","Other",,"77todYjt/jkEGWUHO3SI0BRlGpUHn9Xh","77todYjt/jkEGWUHO3SI0BRlGpUHn9Xh","Dark brown with light brown around the edge of the pronotum. Loxandrus sp."
"086bca22-90ea-4b8a-95ee-d62d4acf74f7","UKFS_004.basePlot.bet","D06","UKFS","UKFS_004","N","2015-09-08","2015-09-22","2015-09-30","2015-09-30","luQoN84IPtFCEbD/M+6Lb83d5wqGE8MF3guwAkSXFOs=","NEON.BET.D06.000274","CARSP14","Carabidae sp.","family",,"Latreille","D06.2015.MorphD","Other",,"77todYjt/jkEGWUHO3SI0BRlGpUHn9Xh","77todYjt/jkEGWUHO3SI0BRlGpUHn9Xh","Dark brown with light brown around the edge of the pronotum. Loxandrus sp."
"18b583fa-1e19-47ac-8bce-39a98fc9d658","UKFS_004.basePlot.bet","D06","UKFS","UKFS_004","N","2015-09-08","2015-09-22","2015-09-30","2015-09-30","luQoN84IPtFCEbD/M+6Lb83d5wqGE8MF3guwAkSXFOs=","NEON.BET.D06.000291","CARSP14","Carabidae sp.","family",,"Latreille","D06.2015.MorphF","Other",,"77todYjt/jkEGWUHO3SI0BRlGpUHn9Xh","77todYjt/jkEGWUHO3SI0BRlGpUHn9Xh","Black, iridescent when shown in the light. Rainbow reflection. Loxandrus sp."
"731f1c60-e254-425f-ad2f-749a4d7fd9ea","UKFS_004.basePlot.bet","D06","UKFS","UKFS_004","N","2015-09-08","2015-09-22","2015-09-30","2015-09-30","luQoN84IPtFCEbD/M+6Lb83d5wqGE8MF3guwAkSXFOs=","NEON.BET.D06.000293","CARSP14","Carabidae sp.","family",,"Latreille","D06.2015.MorphF","Other",,"77todYjt/jkEGWUHO3SI0BRlGpUHn9Xh","77todYjt/jkEGWUHO3SI0BRlGpUHn9Xh","Black, iridescent when shown in the light. Rainbow reflection. Loxandrus sp."
"04cd7eff-afee-4811-8da8-9d6cd1b075d4","UKFS_003.basePlot.bet","D06","UKFS","UKFS_003","N","2015-09-08","2015-09-22","2015-09-30","2015-09-30","Vl3mTlloYQRW5CGpwBn0g3gtzYDs+NarA+bNyI7DxWw=","NEON.BET.D06.000301","CARSP14","Carabidae sp.","family",,"Latreille","D06.2015.MorphF","Other",,"77todYjt/jkEGWUHO3SI0BRlGpUHn9Xh","77todYjt/jkEGWUHO3SI0BRlGpUHn9Xh","Black, iridescent when shown in the light. Rainbow reflection. Loxandrus sp."
"5f0e16b1-890b-4705-803e-f35835c6f28a","UKFS_003.basePlot.bet","D06","UKFS","UKFS_003","N","2015-09-08","2015-09-22","2015-09-30","2015-09-30","Vl3mTlloYQRW5CGpwBn0g3gtzYDs+NarA+bNyI7DxWw=","NEON.BET.D06.000302","CARSP14","Carabidae sp.","family",,"Latreille","D06.2015.MorphF","Other",,"77todYjt/jkEGWUHO3SI0BRlGpUHn9Xh","77todYjt/jkEGWUHO3SI0BRlGpUHn9Xh","Black, iridescent when shown in the light. Rainbow reflection. Loxandrus sp."
"34f1e6a8-0656-44d3-9c58-e62898efd9f9","UKFS_004.basePlot.bet","D06","UKFS","UKFS_004","N","2015-09-08","2015-09-22","2015-09-30","2015-09-30","luQoN84IPtFCEbD/M+6Lb83d5wqGE8MF3guwAkSXFOs=","NEON.BET.D06.000275","CARSP14","Carabidae sp.","family",,"Latreille","D06.2015.MorphD","Other",,"77todYjt/jkEGWUHO3SI0BRlGpUHn9Xh","77todYjt/jkEGWUHO3SI0BRlGpUHn9Xh","Dark brown with light brown around the edge of the pronotum. Loxandrus sp."
"531386ee-6bab-425b-bb01-51f45165e846","UKFS_004.basePlot.bet","D06","UKFS","UKFS_004","N","2015-09-08","2015-09-22","2015-09-30","2015-09-30","luQoN84IPtFCEbD/M+6Lb83d5wqGE8MF3guwAkSXFOs=","NEON.BET.D06.000292","CARSP14","Carabidae sp.","family",,"Latreille","D06.2015.MorphF","Other",,"77todYjt/jkEGWUHO3SI0BRlGpUHn9Xh","77todYjt/jkEGWUHO3SI0BRlGpUHn9Xh","Black, iridescent when shown in the light. Rainbow reflection. Loxandrus sp."
"4b1179fd-b56f-4849-ad4e-bc993968057d","UKFS_004.basePlot.bet","D06","UKFS","UKFS_004","N","2015-09-08","2015-09-22","2015-09-30","2015-09-30","luQoN84IPtFCEbD/M+6Lb83d5wqGE8MF3guwAkSXFOs=","NEON.BET.D06.000273","CARSP14","Carabidae sp.","family",,"Latreille","D06.2015.MorphD","Other",,"77todYjt/jkEGWUHO3SI0BRlGpUHn9Xh","77todYjt/jkEGWUHO3SI0BRlGpUHn9Xh","Dark brown with light brown around the edge of the pronotum. Loxandrus sp."
"ee9492f4-6066-4ae4-abbb-51ff4b9582d5","UKFS_004.basePlot.bet","D06","UKFS","UKFS_004","N","2015-09-08","2015-09-22","2015-09-30","2015-09-30","luQoN84IPtFCEbD/M+6Lb83d5wqGE8MF3guwAkSXFOs=","NEON.BET.D06.000290","CARSP14","Carabidae sp.","family",,"Latreille","D06.2015.MorphF","Other",,"77todYjt/jkEGWUHO3SI0BRlGpUHn9Xh","77todYjt/jkEGWUHO3SI0BRlGpUHn9Xh","Black, iridescent when shown in the light. Rainbow reflection. Loxandrus sp."
"16fb27eb-accc-4446-926b-037a123a4ea7","UKFS_004.basePlot.bet","D06","UKFS","UKFS_004","N","2015-09-08","2015-09-22","2015-09-30","2015-09-30","luQoN84IPtFCEbD/M+6Lb83d5wqGE8MF3guwAkSXFOs=","NEON.BET.D06.000268","CARSP14","Carabidae sp.","family",,"Latreille","D06.2015.MorphD","Other",,"77todYjt/jkEGWUHO3SI0BRlGpUHn9Xh","77todYjt/jkEGWUHO3SI0BRlGpUHn9Xh","Dark brown with light brown around the edge of the pronotum. Loxandrus sp."
"b37ca17d-3449-401e-8d88-d39b69f76b7f","UKFS_004.basePlot.bet","D06","UKFS","UKFS_004","N","2015-09-08","2015-09-22","2015-09-30","2015-09-30","luQoN84IPtFCEbD/M+6Lb83d5wqGE8MF3guwAkSXFOs=","NEON.BET.D06.000272","CARSP14","Carabidae sp.","family",,"Latreille","D06.2015.MorphD","Other",,"77todYjt/jkEGWUHO3SI0BRlGpUHn9Xh","77todYjt/jkEGWUHO3SI0BRlGpUHn9Xh","Dark brown with light brown around the edge of the pronotum. Loxandrus sp."
"5fb22416-d666-4e59-9e60-09c120c1a5fa","UKFS_004.basePlot.bet","D06","UKFS","UKFS_004","N","2015-09-08","2015-09-22","2015-09-30","2015-09-30","luQoN84IPtFCEbD/M+6Lb83d5wqGE8MF3guwAkSXFOs=","NEON.BET.D06.000270","CARSP14","Carabidae sp.","family",,"Latreille","D06.2015.MorphD","Other",,"77todYjt/jkEGWUHO3SI0BRlGpUHn9Xh","77todYjt/jkEGWUHO3SI0BRlGpUHn9Xh","Dark brown with light brown around the edge of the pronotum. Loxandrus sp."
"7cea169b-5e73-4871-b80d-96960f6ae8e6","UKFS_010.basePlot.bet","D06","UKFS","UKFS_010","N","2015-09-08","2015-09-22","2015-09-30","2015-09-30","26ylXNgyPLzDn0LVl9IGVJtU5tgJF0SWHtyo18dvg74=","NEON.BET.D06.000295","CARSP14","Carabidae sp.","family",,"Latreille","D06.2015.MorphF","Other",,"77todYjt/jkEGWUHO3SI0BRlGpUHn9Xh","77todYjt/jkEGWUHO3SI0BRlGpUHn9Xh","Black, iridescent when shown in the light. Rainbow reflection. Loxandrus sp."
"0df28e65-e883-461a-ba1b-32d2f39c3bec","UKFS_010.basePlot.bet","D06","UKFS","UKFS_010","N","2015-09-08","2015-09-22","2015-09-30","2015-09-30","26ylXNgyPLzDn0LVl9IGVJtU5tgJF0SWHtyo18dvg74=","NEON.BET.D06.000294","CARSP14","Carabidae sp.","family",,"Latreille","D06.2015.MorphF","Other",,"77todYjt/jkEGWUHO3SI0BRlGpUHn9Xh","77todYjt/jkEGWUHO3SI0BRlGpUHn9Xh","Black, iridescent when shown in the light. Rainbow reflection. Loxandrus sp."
"292277b0-f7e1-4dc3-a6b5-682cf5d911d0","UKFS_010.basePlot.bet","D06","UKFS","UKFS_010","N","2015-09-08","2015-09-22","2015-09-30","2015-09-30","26ylXNgyPLzDn0LVl9IGVJtU5tgJF0SWHtyo18dvg74=","NEON.BET.D06.000297","CARSP14","Carabidae sp.","family",,"Latreille","D06.2015.MorphF","Other",,"77todYjt/jkEGWUHO3SI0BRlGpUHn9Xh","77todYjt/jkEGWUHO3SI0BRlGpUHn9Xh","Black, iridescent when shown in the light. Rainbow reflection. Loxandrus sp."
"a3be3c08-c7c3-4017-8b11-944140c374aa","UKFS_010.basePlot.bet","D06","UKFS","UKFS_010","N","2015-09-08","2015-09-22","2015-09-30","2015-09-30","26ylXNgyPLzDn0LVl9IGVJtU5tgJF0SWHtyo18dvg74=","NEON.BET.D06.000296","CARSP14","Carabidae sp.","family",,"Latreille","D06.2015.MorphF","Other",,"77todYjt/jkEGWUHO3SI0BRlGpUHn9Xh","77todYjt/jkEGWUHO3SI0BRlGpUHn9Xh","Black, iridescent when shown in the light. Rainbow reflection. Loxandrus sp."
"21c5b4f4-2625-4d5a-8fed-379e3adedd69","UKFS_007.basePlot.bet","D06","UKFS","UKFS_007","S","2015-09-08","2015-09-22","2015-09-30","2015-09-30","PlyNduRc44RUoq0pcfo96qu2rm/wep0wWQ2y3YMWF/Q=","NEON.BET.D06.000575","CARSP14","Carabidae sp.","family",,"Latreille","D06.2015.MorphO","Other",,"77todYjt/jkEGWUHO3SI0BRlGpUHn9Xh","77todYjt/jkEGWUHO3SI0BRlGpUHn9Xh","Light to dark brown. Transverse dark brown. Band on apical 3rd of elytra."
"f5ba4bdb-232e-49c5-88dc-ee5f0d2e5fd2","UKFS_001.basePlot.bet","D06","UKFS","UKFS_001","S","2015-09-08","2015-09-22","2015-09-30","2015-09-30","W8lw52JMhqAmSsyHNCbL6dkuvgvGCsO/pe6MRz+F04k=","NEON.BET.D06.000383","CARSP14","Carabidae sp.","family",,"Latreille","D06.2015.MorphD","Other",,"wQI+SYME+gr3nKVXMbMGzlxt6VcoOetL","77todYjt/jkEGWUHO3SI0BRlGpUHn9Xh","Dark brown with light brown around the edge of the pronotum. Loxandrus sp."
"3983ac6a-3677-43b3-bfa7-c3f87eca9ebc","UKFS_007.basePlot.bet","D06","UKFS","UKFS_007","S","2015-09-08","2015-09-22","2015-09-30","2015-09-30","PlyNduRc44RUoq0pcfo96qu2rm/wep0wWQ2y3YMWF/Q=","NEON.BET.D06.000576","CARSP14","Carabidae sp.","family",,"Latreille","D06.2015.MorphD","Other",,"77todYjt/jkEGWUHO3SI0BRlGpUHn9Xh","77todYjt/jkEGWUHO3SI0BRlGpUHn9Xh","Dark brown with light brown around the edge of the pronotum. Loxandrus sp."
"719a06a8-2703-459c-bfb4-1ff3f535149b","UKFS_009.basePlot.bet","D06","UKFS","UKFS_009","S","2015-09-08","2015-09-22","2015-09-30","2015-09-30","MMz820nXMklIuibWjob24CjKLNABn8rPe5F0WkKg5Dk=","NEON.BET.D06.000566","CARSP14","Carabidae sp.","family",,"Latreille","D06.2015.MorphF","Other",,"77todYjt/jkEGWUHO3SI0BRlGpUHn9Xh","77todYjt/jkEGWUHO3SI0BRlGpUHn9Xh","Black, iridescent when shown in the light. Rainbow reflection. Loxandrus sp."
"c8047aab-c4ff-4c67-8ae9-6db77019e74b","UKFS_004.basePlot.bet","D06","UKFS","UKFS_004","S","2015-09-08","2015-09-22","2015-09-30","2015-09-30","luQoN84IPtE+nCttLa7FCRkrbC/wx6jtrpYBK7y00SU=","NEON.BET.D06.000460","CARSP14","Carabidae sp.","family",,"Latreille","D06.2015.MorphB","Other",,"77todYjt/jkEGWUHO3SI0BRlGpUHn9Xh","77todYjt/jkEGWUHO3SI0BRlGpUHn9Xh","Cyclotrachelus sp. Black oval pronotum. Notches on the posterolateral angles."
"e7c58518-b955-4296-a4c8-496d746f4c0d","UKFS_010.basePlot.bet","D06","UKFS","UKFS_010","S","2015-09-08","2015-09-22","2015-09-30","2015-09-30","26ylXNgyPLzHrGLlAmMPzBMJ70XeyZybSraO2fHqKSs=","NEON.BET.D06.000554","CHLNEM","Chlaenius nemoralis","species",,"Say",,"Other",,"77todYjt/jkEGWUHO3SI0BRlGpUHn9Xh","77todYjt/jkEGWUHO3SI0BRlGpUHn9Xh",
"bcebf686-0fe6-4c6b-ae73-68ed0ef969b8","UKFS_010.basePlot.bet","D06","UKFS","UKFS_010","S","2015-09-08","2015-09-22","2015-09-30","2015-09-30","26ylXNgyPLzHrGLlAmMPzAlAjKMnXOml5KTuvjV3IWs=","NEON.BET.D06.000555","BRAALT","Brachinus alternans","species",,"Dejean",,"Other",,"77todYjt/jkEGWUHO3SI0BRlGpUHn9Xh","77todYjt/jkEGWUHO3SI0BRlGpUHn9Xh",
"4b8e9e03-1e47-4b54-a5cc-c283433446d6","UKFS_006.basePlot.bet","D06","UKFS","UKFS_006","S","2015-09-08","2015-09-22","2015-09-30","2015-09-30","B2YMmw2rf0fnt5F1w8DozzzZ43SLdgz31ZtciNSYzjs=","NEON.BET.D06.000495","CARSP14","Carabidae sp.","family",,"Latreille","D06.2015.MorphD","Other",,"77todYjt/jkEGWUHO3SI0BRlGpUHn9Xh","77todYjt/jkEGWUHO3SI0BRlGpUHn9Xh","Dark brown with light brown around the edge of the pronotum. Loxandrus sp."
"3dda5432-52da-4e3f-95a0-321ba8a90d65","UKFS_006.basePlot.bet","D06","UKFS","UKFS_006","S","2015-09-08","2015-09-22","2015-09-30","2015-09-30","B2YMmw2rf0fnt5F1w8DozzzZ43SLdgz31ZtciNSYzjs=","NEON.BET.D06.000494","CARSP14","Carabidae sp.","family",,"Latreille","D06.2015.MorphF","Other",,"77todYjt/jkEGWUHO3SI0BRlGpUHn9Xh","77todYjt/jkEGWUHO3SI0BRlGpUHn9Xh","Black, iridescent when shown in the light. Rainbow reflection. Loxandrus sp."
"6ffbd410-3511-4539-9b58-a300635cb2a0","UKFS_008.basePlot.bet","D06","UKFS","UKFS_008","S","2015-09-08","2015-09-22","2015-09-30","2015-09-30","5GU/wTV57IXnpLXUjN/eALxj9CuE+GlSNrYNXNkPLzo=","NEON.BET.D06.000440","CARSP14","Carabidae sp.","family",,"Latreille","D06.2015.MorphD","Other",,"77todYjt/jkEGWUHO3SI0BRlGpUHn9Xh","77todYjt/jkEGWUHO3SI0BRlGpUHn9Xh","Dark brown with light brown around the edge of the pronotum. Loxandrus sp."
"42e748de-2307-4ba0-91d0-a4de3f3f0e54","UKFS_008.basePlot.bet","D06","UKFS","UKFS_008","S","2015-09-08","2015-09-22","2015-09-30","2015-09-30","5GU/wTV57IXnpLXUjN/eALxj9CuE+GlSNrYNXNkPLzo=","NEON.BET.D06.000441","CARSP14","Carabidae sp.","family",,"Latreille","D06.2015.MorphD","Other",,"77todYjt/jkEGWUHO3SI0BRlGpUHn9Xh","77todYjt/jkEGWUHO3SI0BRlGpUHn9Xh","Dark brown with light brown around the edge of the pronotum. Loxandrus sp."
"7de2c3ba-9ea3-4621-8a05-17e07f74e175","UKFS_001.basePlot.bet","D06","UKFS","UKFS_001","S","2015-09-08","2015-09-22","2015-09-30","2015-09-30","W8lw52JMhqAmSsyHNCbL6dkuvgvGCsO/pe6MRz+F04k=","NEON.BET.D06.000384","CARSP14","Carabidae sp.","family",,"Latreille","D06.2015.MorphD","Other",,"wQI+SYME+gr3nKVXMbMGzlxt6VcoOetL","77todYjt/jkEGWUHO3SI0BRlGpUHn9Xh","Dark brown with light brown around the edge of the pronotum. Loxandrus sp."
"1b8efebc-5757-4cae-a131-e1357c6c28bc","UKFS_003.basePlot.bet","D06","UKFS","UKFS_003","S","2015-09-08","2015-09-22","2015-09-30","2015-09-29","Vl3mTlloYQQKrLsC1l93W8onKtMSRqMhrLMOreZ77YY=","NEON.BET.D06.000342","CARSP14","Carabidae sp.","family",,"Latreille","D06.2015.MorphF","Other",,"77todYjt/jkEGWUHO3SI0BRlGpUHn9Xh","77todYjt/jkEGWUHO3SI0BRlGpUHn9Xh","Black, iridescent when shown in the light. Rainbow reflection. Loxandrus sp."
"d1196776-a1ba-40aa-b913-35b19d652e04","UKFS_003.basePlot.bet","D06","UKFS","UKFS_003","S","2015-09-08","2015-09-22","2015-09-30","2015-09-29","Vl3mTlloYQQKrLsC1l93W8onKtMSRqMhrLMOreZ77YY=","NEON.BET.D06.000341","CARSP14","Carabidae sp.","family",,"Latreille","D06.2015.MorphF","Other",,"77todYjt/jkEGWUHO3SI0BRlGpUHn9Xh","77todYjt/jkEGWUHO3SI0BRlGpUHn9Xh","Black, iridescent when shown in the light. Rainbow reflection. Loxandrus sp."
"48ac9f2e-48a1-4ccd-bd6b-e313c4192325","UKFS_004.basePlot.bet","D06","UKFS","UKFS_004","S","2015-09-08","2015-09-22","2015-09-30","2015-09-30","luQoN84IPtE+nCttLa7FCRkrbC/wx6jtrpYBK7y00SU=","NEON.BET.D06.000265","CARSP14","Carabidae sp.","family",,"Latreille","D06.2015.MorphD","Other",,"77todYjt/jkEGWUHO3SI0BRlGpUHn9Xh","77todYjt/jkEGWUHO3SI0BRlGpUHn9Xh","Dark brown with light brown around the edge of the pronotum. Loxandrus sp."
"88db35d9-3468-4477-9b54-c5f23a7d2fb3","UKFS_004.basePlot.bet","D06","UKFS","UKFS_004","S","2015-09-08","2015-09-22","2015-09-30","2015-09-30","luQoN84IPtE+nCttLa7FCRkrbC/wx6jtrpYBK7y00SU=","NEON.BET.D06.000266","CARSP14","Carabidae sp.","family",,"Latreille","D06.2015.MorphD","Other",,"77todYjt/jkEGWUHO3SI0BRlGpUHn9Xh","77todYjt/jkEGWUHO3SI0BRlGpUHn9Xh","Dark brown with light brown around the edge of the pronotum. Loxandrus sp."
"bf47f47f-c0f6-4414-ad1c-371cbd3929ab","UKFS_004.basePlot.bet","D06","UKFS","UKFS_004","S","2015-09-08","2015-09-22","2015-09-30","2015-09-30","luQoN84IPtE+nCttLa7FCRkrbC/wx6jtrpYBK7y00SU=","NEON.BET.D06.000261","CARSP14","Carabidae sp.","family",,"Latreille","D06.2015.MorphD","Other",,"77todYjt/jkEGWUHO3SI0BRlGpUHn9Xh","77todYjt/jkEGWUHO3SI0BRlGpUHn9Xh","Dark brown with light brown around the edge of the pronotum. Loxandrus sp."
"ac0c60d3-ac4d-4671-acb9-2fa9b391251d","UKFS_004.basePlot.bet","D06","UKFS","UKFS_004","S","2015-09-08","2015-09-22","2015-09-30","2015-09-30","luQoN84IPtE+nCttLa7FCRkrbC/wx6jtrpYBK7y00SU=","NEON.BET.D06.000262","CARSP14","Carabidae sp.","family",,"Latreille","D06.2015.MorphD","Other",,"77todYjt/jkEGWUHO3SI0BRlGpUHn9Xh","77todYjt/jkEGWUHO3SI0BRlGpUHn9Xh","Dark brown with light brown around the edge of the pronotum. Loxandrus sp."
"1c25c9bc-d7ba-45f6-ab19-4ff46666d4d7","UKFS_008.basePlot.bet","D06","UKFS","UKFS_008","S","2015-09-08","2015-09-22","2015-09-30","2015-09-30","5GU/wTV57IXnpLXUjN/eALxj9CuE+GlSNrYNXNkPLzo=","NEON.BET.D06.000442","CARSP14","Carabidae sp.","family",,"Latreille","D06.2015.MorphD","Other",,"77todYjt/jkEGWUHO3SI0BRlGpUHn9Xh","77todYjt/jkEGWUHO3SI0BRlGpUHn9Xh","Dark brown with light brown around the edge of the pronotum. Loxandrus sp."
"b5c78a0a-40e8-43e1-9673-3af401a12b86","UKFS_010.basePlot.bet","D06","UKFS","UKFS_010","S","2015-09-08","2015-09-22","2015-09-30","2015-09-30","26ylXNgyPLzHrGLlAmMPzPA98JOvKtL0t3EasakaGgc=","NEON.BET.D06.000308","CARSP14","Carabidae sp.","family",,"Latreille","D06.2015.MorphD","Other",,"77todYjt/jkEGWUHO3SI0BRlGpUHn9Xh","77todYjt/jkEGWUHO3SI0BRlGpUHn9Xh","Dark brown with light brown around the edge of the pronotum. Loxandrus sp."
"6563e6e5-2b65-4487-8826-b23064e466d3","UKFS_010.basePlot.bet","D06","UKFS","UKFS_010","S","2015-09-08","2015-09-22","2015-09-30","2015-09-30","26ylXNgyPLzHrGLlAmMPzPA98JOvKtL0t3EasakaGgc=","NEON.BET.D06.000299","CARSP14","Carabidae sp.","family",,"Latreille","D06.2015.MorphF","Other",,"77todYjt/jkEGWUHO3SI0BRlGpUHn9Xh","77todYjt/jkEGWUHO3SI0BRlGpUHn9Xh","Black, iridescent when shown in the light. Rainbow reflection. Loxandrus sp."
"7749c088-2fd3-438b-874f-b9c0b34a2ecc","UKFS_010.basePlot.bet","D06","UKFS","UKFS_010","S","2015-09-08","2015-09-22","2015-09-30","2015-09-30","26ylXNgyPLzHrGLlAmMPzPA98JOvKtL0t3EasakaGgc=","NEON.BET.D06.000300","CARSP14","Carabidae sp.","family",,"Latreille","D06.2015.MorphF","Other",,"77todYjt/jkEGWUHO3SI0BRlGpUHn9Xh","77todYjt/jkEGWUHO3SI0BRlGpUHn9Xh","Black, iridescent when shown in the light. Rainbow reflection. Loxandrus sp."
"4822e129-ef57-42cf-9d72-10748ff7156f","UKFS_005.basePlot.bet","D06","UKFS","UKFS_005","S","2015-09-08","2015-09-22","2015-09-30","2015-08-27","U/hiAoS2t8wHr9hCVZ7Q/Dbl8ZmaqB2ZzoCyhTNBB28=","NEON.BET.D06.000239","CARSP14","Carabidae sp.","family",,"Latreille","D06.2015.MorphF","Other",,"/sVzRO01Fu+91IQNMsKeUEFazyktd0rY","77todYjt/jkEGWUHO3SI0BRlGpUHn9Xh","Black, iridescent when shown in the light. Rainbow reflection. Loxandrus sp."
"fc1e8f3a-35d2-4eaa-add9-c4201b3d63e0","UKFS_005.basePlot.bet","D06","UKFS","UKFS_005","S","2015-09-08","2015-09-22","2015-09-30","2015-09-29","U/hiAoS2t8wHr9hCVZ7Q/OBvvQDumpkg8pQnTuLI7zI=","NEON.BET.D06.000337","GALBIC","Galerita bicolor","species",,"Drury",,"Other",,"77todYjt/jkEGWUHO3SI0BRlGpUHn9Xh","77todYjt/jkEGWUHO3SI0BRlGpUHn9Xh",
"15ffd804-d526-4ad2-8d4c-5d5c25e58146","UKFS_005.basePlot.bet","D06","UKFS","UKFS_005","S","2015-09-08","2015-09-22","2015-09-30","2015-09-29","U/hiAoS2t8wHr9hCVZ7Q/GAyGM6Hn7d37Mo0hQ+wOLA=","NEON.BET.D06.000338","GALATR","Galerita atripes","species",,"LeConte",,"Other",,"77todYjt/jkEGWUHO3SI0BRlGpUHn9Xh","77todYjt/jkEGWUHO3SI0BRlGpUHn9Xh",
"058d5c36-5610-4e81-99b4-29cbbf6374f6","UKFS_010.basePlot.bet","D06","UKFS","UKFS_010","S","2015-09-08","2015-09-22","2015-09-30","2015-09-30","26ylXNgyPLzHrGLlAmMPzBITozhqnTxuiEZirDOo03w=","NEON.BET.D06.000309","DICFUR","Dicaelus furvus","species",,"Dejean",,"Other",,"77todYjt/jkEGWUHO3SI0BRlGpUHn9Xh","77todYjt/jkEGWUHO3SI0BRlGpUHn9Xh",
"567b7172-9491-4c7c-b199-9e4d88bafb13","UKFS_010.basePlot.bet","D06","UKFS","UKFS_010","S","2015-09-08","2015-09-22","2015-09-30","2015-09-30","26ylXNgyPLzHrGLlAmMPzPA98JOvKtL0t3EasakaGgc=","NEON.BET.D06.000298","CARSP14","Carabidae sp.","family",,"Latreille","D06.2015.MorphF","Other",,"77todYjt/jkEGWUHO3SI0BRlGpUHn9Xh","77todYjt/jkEGWUHO3SI0BRlGpUHn9Xh","Black, iridescent when shown in the light. Rainbow reflection. Loxandrus sp."
"e41bd7da-a95d-4073-adfc-216513b598d7","UKFS_004.basePlot.bet","D06","UKFS","UKFS_004","S","2015-09-08","2015-09-22","2015-09-30","2015-09-30","luQoN84IPtE+nCttLa7FCRkrbC/wx6jtrpYBK7y00SU=","NEON.BET.D06.000281","CARSP14","Carabidae sp.","family",,"Latreille","D06.2015.MorphF","Other",,"77todYjt/jkEGWUHO3SI0BRlGpUHn9Xh","77todYjt/jkEGWUHO3SI0BRlGpUHn9Xh","Black, iridescent when shown in the light. Rainbow reflection. Loxandrus sp."
"c5f09f83-e874-4835-a2f7-198f879fb9ea","UKFS_004.basePlot.bet","D06","UKFS","UKFS_004","S","2015-09-08","2015-09-22","2015-09-30","2015-09-21","luQoN84IPtE+nCttLa7FCRkrbC/wx6jtrpYBK7y00SU=","NEON.BET.D06.000260","CARSP14","Carabidae sp.","family",,"Latreille","D06.2015.MorphD","Other",,"77todYjt/jkEGWUHO3SI0BRlGpUHn9Xh","77todYjt/jkEGWUHO3SI0BRlGpUHn9Xh","Dark brown with light brown around the edge of the pronotum. Loxandrus sp."
"0ca6abde-f81d-4d72-bbfe-4d8b986a1741","UKFS_004.basePlot.bet","D06","UKFS","UKFS_004","S","2015-09-08","2015-09-22","2015-09-30","2015-09-30","luQoN84IPtE+nCttLa7FCRkrbC/wx6jtrpYBK7y00SU=","NEON.BET.D06.000264","CARSP14","Carabidae sp.","family",,"Latreille","D06.2015.MorphD","Other",,"77todYjt/jkEGWUHO3SI0BRlGpUHn9Xh","77todYjt/jkEGWUHO3SI0BRlGpUHn9Xh","Dark brown with light brown around the edge of the pronotum. Loxandrus sp."
"0a6a77c1-f03e-41f3-837f-5a610e915583","UKFS_004.basePlot.bet","D06","UKFS","UKFS_004","S","2015-09-08","2015-09-22","2015-09-30","2015-09-30","luQoN84IPtE+nCttLa7FCRkrbC/wx6jtrpYBK7y00SU=","NEON.BET.D06.000263","CARSP14","Carabidae sp.","family",,"Latreille","D06.2015.MorphD","Other",,"77todYjt/jkEGWUHO3SI0BRlGpUHn9Xh","77todYjt/jkEGWUHO3SI0BRlGpUHn9Xh","Dark brown with light brown around the edge of the pronotum. Loxandrus sp."
"40cff17f-b7c5-4201-bb46-80e9e811df59","UKFS_003.basePlot.bet","D06","UKFS","UKFS_003","S","2015-09-08","2015-09-22","2015-09-30","2015-09-29","Vl3mTlloYQQKrLsC1l93W8onKtMSRqMhrLMOreZ77YY=","NEON.BET.D06.000344","CARSP14","Carabidae sp.","family",,"Latreille","D06.2015.MorphF","Other",,"77todYjt/jkEGWUHO3SI0BRlGpUHn9Xh","77todYjt/jkEGWUHO3SI0BRlGpUHn9Xh","Black, iridescent when shown in the light. Rainbow reflection. Loxandrus sp."
"2423f2de-dec6-441b-9f76-238c5a119756","UKFS_004.basePlot.bet","D06","UKFS","UKFS_004","S","2015-09-08","2015-09-22","2015-09-30","2015-09-30","luQoN84IPtE+nCttLa7FCRkrbC/wx6jtrpYBK7y00SU=","NEON.BET.D06.000282","CARSP14","Carabidae sp.","family",,"Latreille","D06.2015.MorphF","Other",,"77todYjt/jkEGWUHO3SI0BRlGpUHn9Xh","77todYjt/jkEGWUHO3SI0BRlGpUHn9Xh","Black, iridescent when shown in the light. Rainbow reflection. Loxandrus sp."
"5a761597-84cd-4e7d-acd3-a61a6310d715","UKFS_004.basePlot.bet","D06","UKFS","UKFS_004","S","2015-09-08","2015-09-22","2015-09-30","2015-09-30","luQoN84IPtE+nCttLa7FCRkrbC/wx6jtrpYBK7y00SU=","NEON.BET.D06.000267","CARSP14","Carabidae sp.","family",,"Latreille","D06.2015.MorphD","Other",,"77todYjt/jkEGWUHO3SI0BRlGpUHn9Xh","77todYjt/jkEGWUHO3SI0BRlGpUHn9Xh","Dark brown with light brown around the edge of the pronotum. Loxandrus sp."
"e976c042-0ca1-49a7-997a-aba33a6be55d","UKFS_003.basePlot.bet","D06","UKFS","UKFS_003","S","2015-09-08","2015-09-22","2015-09-30","2015-09-29","Vl3mTlloYQQKrLsC1l93W8onKtMSRqMhrLMOreZ77YY=","NEON.BET.D06.000343","CARSP14","Carabidae sp.","family",,"Latreille","D06.2015.MorphF","Other",,"77todYjt/jkEGWUHO3SI0BRlGpUHn9Xh","77todYjt/jkEGWUHO3SI0BRlGpUHn9Xh","Black, iridescent when shown in the light. Rainbow reflection. Loxandrus sp."
"c61cdba8-4029-44e2-8790-292c675aa555","UKFS_004.basePlot.bet","D06","UKFS","UKFS_004","S","2015-09-08","2015-09-22","2015-09-30","2015-09-28","luQoN84IPtE+nCttLa7FCRkrbC/wx6jtrpYBK7y00SU=","NEON.BET.D06.000258","CARSP14","Carabidae sp.","family",,"Latreille","D06.2015.MorphD","Other",,"77todYjt/jkEGWUHO3SI0BRlGpUHn9Xh","77todYjt/jkEGWUHO3SI0BRlGpUHn9Xh","Dark brown with light brown around the edge of the pronotum. Loxandrus sp."
"c8241c24-e036-4842-8a5e-1c3eb57bb3f9","UKFS_005.basePlot.bet","D06","UKFS","UKFS_005","S","2015-09-08","2015-09-22","2015-09-30","2015-09-30","U/hiAoS2t8wHr9hCVZ7Q/Dbl8ZmaqB2ZzoCyhTNBB28=","NEON.BET.D06.000234","CARSP14","Carabidae sp.","family",,"Latreille","D06.2015.MorphF","Other",,"77todYjt/jkEGWUHO3SI0BRlGpUHn9Xh","77todYjt/jkEGWUHO3SI0BRlGpUHn9Xh","Black, iridescent when shown in the light. Rainbow reflection. Loxandrus sp."
"0e272bd6-3e21-4cb7-82b2-52415b380f3b","UKFS_005.basePlot.bet","D06","UKFS","UKFS_005","S","2015-09-08","2015-09-22","2015-09-30","2015-08-27","U/hiAoS2t8wHr9hCVZ7Q/Dbl8ZmaqB2ZzoCyhTNBB28=","NEON.BET.D06.000238","CARSP14","Carabidae sp.","family",,"Latreille","D06.2015.MorphF","Other",,"/sVzRO01Fu+91IQNMsKeUEFazyktd0rY","77todYjt/jkEGWUHO3SI0BRlGpUHn9Xh","Black, iridescent when shown in the light. Rainbow reflection. Loxandrus sp."
"7d9047cb-76ae-4dcd-93ba-89cb7489a711","UKFS_005.basePlot.bet","D06","UKFS","UKFS_005","S","2015-09-08","2015-09-22","2015-09-30","2015-08-27","U/hiAoS2t8wHr9hCVZ7Q/Dbl8ZmaqB2ZzoCyhTNBB28=","NEON.BET.D06.000237","CARSP14","Carabidae sp.","family",,"Latreille","D06.2015.MorphF","Other",,"/sVzRO01Fu+91IQNMsKeUEFazyktd0rY","77todYjt/jkEGWUHO3SI0BRlGpUHn9Xh","Black, iridescent when shown in the light. Rainbow reflection. Loxandrus sp."
"ed6a1109-c040-4f36-9578-9c08f67d37cd","UKFS_005.basePlot.bet","D06","UKFS","UKFS_005","S","2015-09-08","2015-09-22","2015-09-30","2015-09-30","U/hiAoS2t8wHr9hCVZ7Q/Dbl8ZmaqB2ZzoCyhTNBB28=","NEON.BET.D06.000236","CARSP14","Carabidae sp.","family",,"Latreille","D06.2015.MorphF","Other",,"77todYjt/jkEGWUHO3SI0BRlGpUHn9Xh","77todYjt/jkEGWUHO3SI0BRlGpUHn9Xh","Black, iridescent when shown in the light. Rainbow reflection. Loxandrus sp."
"4dcaf55f-3c7b-4197-bf2b-969d0863c998","UKFS_004.basePlot.bet","D06","UKFS","UKFS_004","S","2015-09-08","2015-09-22","2015-09-30","2015-09-21","luQoN84IPtE+nCttLa7FCRkrbC/wx6jtrpYBK7y00SU=","NEON.BET.D06.000259","CARSP14","Carabidae sp.","family",,"Latreille","D06.2015.MorphD","Other",,"77todYjt/jkEGWUHO3SI0BRlGpUHn9Xh","77todYjt/jkEGWUHO3SI0BRlGpUHn9Xh","Dark brown with light brown around the edge of the pronotum. Loxandrus sp."
"91d28380-25fe-4bae-ae86-90d47451daf1","UKFS_005.basePlot.bet","D06","UKFS","UKFS_005","S","2015-09-08","2015-09-22","2015-09-30","2015-09-30","U/hiAoS2t8wHr9hCVZ7Q/Dbl8ZmaqB2ZzoCyhTNBB28=","NEON.BET.D06.000233","CARSP14","Carabidae sp.","family",,"Latreille","D06.2015.MorphF","Other",,"77todYjt/jkEGWUHO3SI0BRlGpUHn9Xh","77todYjt/jkEGWUHO3SI0BRlGpUHn9Xh","Black, iridescent when shown in the light. Rainbow reflection. Loxandrus sp."
"3a15247e-3108-4af0-a1b5-7b7a1b019e0b","UKFS_005.basePlot.bet","D06","UKFS","UKFS_005","S","2015-09-08","2015-09-22","2015-09-30","2015-09-30","U/hiAoS2t8wHr9hCVZ7Q/Dbl8ZmaqB2ZzoCyhTNBB28=","NEON.BET.D06.000232","CARSP14","Carabidae sp.","family",,"Latreille","D06.2015.MorphF","Other",,"77todYjt/jkEGWUHO3SI0BRlGpUHn9Xh","77todYjt/jkEGWUHO3SI0BRlGpUHn9Xh","Black, iridescent when shown in the light. Rainbow reflection. Loxandrus sp."
"9a214bbb-6099-4c16-822b-34c39f8eaf82","UKFS_005.basePlot.bet","D06","UKFS","UKFS_005","S","2015-09-08","2015-09-22","2015-09-30","2015-08-27","U/hiAoS2t8wHr9hCVZ7Q/Dbl8ZmaqB2ZzoCyhTNBB28=","NEON.BET.D06.000235","CARSP14","Carabidae sp.","family",,"Latreille","D06.2015.MorphF","Other",,"/sVzRO01Fu+91IQNMsKeUEFazyktd0rY","77todYjt/jkEGWUHO3SI0BRlGpUHn9Xh","Black, iridescent when shown in the light. Rainbow reflection. Loxandrus sp."
"50dcd250-808c-443a-8c8f-a6c40f9b2441","UKFS_005.basePlot.bet","D06","UKFS","UKFS_005","W","2015-09-08","2015-09-22","2015-09-30","2015-09-30","U/hiAoS2t8z2TlFIZ0xoJN0knnzvokykQX0yrwYCnYA=","NEON.BET.D06.000570","CARSP14","Carabidae sp.","family",,"Latreille","D06.2015.MorphF","Other",,"77todYjt/jkEGWUHO3SI0BRlGpUHn9Xh","77todYjt/jkEGWUHO3SI0BRlGpUHn9Xh","Black, iridescent when shown in the light. Rainbow reflection. Loxandrus sp."
"fd276b10-5855-4422-97df-6ca411eb9545","UKFS_005.basePlot.bet","D06","UKFS","UKFS_005","W","2015-09-08","2015-09-22","2015-09-30","2015-09-30","U/hiAoS2t8z2TlFIZ0xoJN0knnzvokykQX0yrwYCnYA=","NEON.BET.D06.000571","CARSP14","Carabidae sp.","family",,"Latreille","D06.2015.MorphF","Other",,"77todYjt/jkEGWUHO3SI0BRlGpUHn9Xh","77todYjt/jkEGWUHO3SI0BRlGpUHn9Xh","Black, iridescent when shown in the light. Rainbow reflection. Loxandrus sp."
"be23f5ab-d098-4f87-a7e3-f8a4dfe0bfb8","UKFS_008.basePlot.bet","D06","UKFS","UKFS_008","W","2015-09-08","2015-09-22","2015-09-30","2015-09-30","5GU/wTV57IWBL4I7Yrasm9OLJ5+fWC0fZ5R1uAPXWbs=","NEON.BET.D06.000565","CARSP14","Carabidae sp.","family",,"Latreille","D06.2015.MorphF","Other",,"77todYjt/jkEGWUHO3SI0BRlGpUHn9Xh","77todYjt/jkEGWUHO3SI0BRlGpUHn9Xh","Black, iridescent when shown in the light. Rainbow reflection. Loxandrus sp."
"8ae41549-2012-4592-b1af-84437f9da0ea","UKFS_004.basePlot.bet","D06","UKFS","UKFS_004","W","2015-09-08","2015-09-22","2015-09-30","2015-09-30","luQoN84IPtEnb6sGg4J5kp07Xfk8PueGNc3lo2Y1Rxw=","NEON.BET.D06.000573","CARSP14","Carabidae sp.","family",,"Latreille","D06.2015.MorphD","Other",,"77todYjt/jkEGWUHO3SI0BRlGpUHn9Xh","77todYjt/jkEGWUHO3SI0BRlGpUHn9Xh","Dark brown with light brown around the edge of the pronotum. Loxandrus sp."
"8ddaa2de-aa24-4908-a398-22050fe08a57","UKFS_004.basePlot.bet","D06","UKFS","UKFS_004","W","2015-09-08","2015-09-22","2015-09-30","2015-09-30","luQoN84IPtEnb6sGg4J5koDIMXmEgLM9K8MInYlCodo=","NEON.BET.D06.000574","DICPUR4","Dicaelus purpuratus","species",,"Bonelli",,"Other",,"77todYjt/jkEGWUHO3SI0BRlGpUHn9Xh","77todYjt/jkEGWUHO3SI0BRlGpUHn9Xh",
"9b23c5fd-505c-4efd-b21a-f06836595c6e","UKFS_010.basePlot.bet","D06","UKFS","UKFS_010","W","2015-09-08","2015-09-22","2015-09-30","2015-09-30","26ylXNgyPLyzBCQxUJaQs65mn4E1vSMOI/BbKercmTE=","NEON.BET.D06.000558","CARSP14","Carabidae sp.","family",,"Latreille","D06.2015.MorphF","Other",,"77todYjt/jkEGWUHO3SI0BRlGpUHn9Xh","77todYjt/jkEGWUHO3SI0BRlGpUHn9Xh","Black, iridescent when shown in the light. Rainbow reflection. Loxandrus sp."
"1798b201-a2f6-4fe0-81a5-5762148acb74","UKFS_005.basePlot.bet","D06","UKFS","UKFS_005","W","2015-09-08","2015-09-22","2015-09-30","2015-09-30","U/hiAoS2t8z2TlFIZ0xoJN0knnzvokykQX0yrwYCnYA=","NEON.BET.D06.000572","CARSP14","Carabidae sp.","family",,"Latreille","D06.2015.MorphF","Other",,"77todYjt/jkEGWUHO3SI0BRlGpUHn9Xh","77todYjt/jkEGWUHO3SI0BRlGpUHn9Xh","Black, iridescent when shown in the light. Rainbow reflection. Loxandrus sp."
"e2cc6807-ec78-4b22-b134-8c0ef68255b5","UKFS_009.basePlot.bet","D06","UKFS","UKFS_009","W","2015-09-08","2015-09-22","2015-09-30","2015-09-30","MMz820nXMknlpp7hDs47BSeU3+G9V7iV/c0rNc1CAbU=","NEON.BET.D06.000568","HARCAL","Harpalus caliginosus","species",,"Fabricius",,"Other",,"77todYjt/jkEGWUHO3SI0BRlGpUHn9Xh","77todYjt/jkEGWUHO3SI0BRlGpUHn9Xh",
"39ba1a93-2de3-4f8f-a000-ec1f6309937f","UKFS_008.basePlot.bet","D06","UKFS","UKFS_008","W","2015-09-08","2015-09-22","2015-09-30","2015-09-30","5GU/wTV57IWBL4I7Yrasm9OLJ5+fWC0fZ5R1uAPXWbs=","NEON.BET.D06.000564","CARSP14","Carabidae sp.","family",,"Latreille","D06.2015.MorphF","Other",,"77todYjt/jkEGWUHO3SI0BRlGpUHn9Xh","77todYjt/jkEGWUHO3SI0BRlGpUHn9Xh","Black, iridescent when shown in the light. Rainbow reflection. Loxandrus sp."
"886729a6-2ac8-4fec-8710-d5801180f149","UKFS_010.basePlot.bet","D06","UKFS","UKFS_010","W","2015-09-08","2015-09-22","2015-09-30","2015-09-30","26ylXNgyPLyzBCQxUJaQs65mn4E1vSMOI/BbKercmTE=","NEON.BET.D06.000559","CARSP14","Carabidae sp.","family",,"Latreille","D06.2015.MorphF","Other",,"77todYjt/jkEGWUHO3SI0BRlGpUHn9Xh","77todYjt/jkEGWUHO3SI0BRlGpUHn9Xh","Black, iridescent when shown in the light. Rainbow reflection. Loxandrus sp."
"41a92ea3-3823-4549-9b50-7a5af46540ce","UKFS_008.basePlot.bet","D06","UKFS","UKFS_008","W","2015-09-08","2015-09-22","2015-09-30","2015-09-30","5GU/wTV57IWBL4I7Yrasm9OLJ5+fWC0fZ5R1uAPXWbs=","NEON.BET.D06.000438","CARSP14","Carabidae sp.","family",,"Latreille","D06.2015.MorphK","Other",,"77todYjt/jkEGWUHO3SI0BRlGpUHn9Xh","77todYjt/jkEGWUHO3SI0BRlGpUHn9Xh","Dark brown overall, light brown edge of pronotum. Pronotum basally punctate. Harpalus sp."
"3565408f-d634-457f-b785-a19b00089744","UKFS_008.basePlot.bet","D06","UKFS","UKFS_008","W","2015-09-08","2015-09-22","2015-09-30","2015-09-30","5GU/wTV57IWBL4I7Yrasm9OLJ5+fWC0fZ5R1uAPXWbs=","NEON.BET.D06.000439","CARSP14","Carabidae sp.","family",,"Latreille","D06.2015.MorphK","Other",,"77todYjt/jkEGWUHO3SI0BRlGpUHn9Xh","77todYjt/jkEGWUHO3SI0BRlGpUHn9Xh","Dark brown overall, light brown edge of pronotum. Pronotum basally punctate. Harpalus sp."
"4c3c0104-529e-4bf0-ab15-869e6389130b","UKFS_003.basePlot.bet","D06","UKFS","UKFS_003","W","2015-09-08","2015-09-22","2015-09-30","2015-09-30","Vl3mTlloYQShkwfefQDNqZqEulL4zOIV1Rzj+xJeJGg=","NEON.BET.D06.000304","CARSP14","Carabidae sp.","family",,"Latreille","D06.2015.MorphF","Other",,"77todYjt/jkEGWUHO3SI0BRlGpUHn9Xh","77todYjt/jkEGWUHO3SI0BRlGpUHn9Xh","Black, iridescent when shown in the light. Rainbow reflection. Loxandrus sp."
"f5af1d69-d7a7-484c-89b9-21161079ebfd","UKFS_002.basePlot.bet","D06","UKFS","UKFS_002","W","2015-09-08","2015-09-22","2015-09-30","2015-09-28","ThLXd3W7368zCKg0KTot36lka/bFMQ20izxP1mL2GWo=","NEON.BET.D06.000257","CARSP14","Carabidae sp.","family",,"Latreille","D06.2015.MorphF","Other",,"77todYjt/jkEGWUHO3SI0BRlGpUHn9Xh","77todYjt/jkEGWUHO3SI0BRlGpUHn9Xh","Black, iridescent when shown in the light. Rainbow reflection. Loxandrus sp."
"5d0c65d3-3a4f-49e5-9c17-24873aa960f9","UKFS_002.basePlot.bet","D06","UKFS","UKFS_002","W","2015-09-08","2015-09-22","2015-09-30","2015-08-27","ThLXd3W7368zCKg0KTot36lka/bFMQ20izxP1mL2GWo=","NEON.BET.D06.000253","CARSP14","Carabidae sp.","family",,"Latreille","D06.2015.MorphF","Other",,"/sVzRO01Fu+91IQNMsKeUEFazyktd0rY","77todYjt/jkEGWUHO3SI0BRlGpUHn9Xh","Black, iridescent when shown in the light. Rainbow reflection. Loxandrus sp."
"ff062775-7205-4906-8d2f-5b185d100821","UKFS_006.basePlot.bet","D06","UKFS","UKFS_006","W","2015-09-08","2015-09-22","2015-09-30","2015-09-30","B2YMmw2rf0fYWbPYzxQo9k5SM95CtIFzch35Ve+0dXg=","NEON.BET.D06.000493","CARSP14","Carabidae sp.","family",,"Latreille","D06.2015.MorphD","Other",,"77todYjt/jkEGWUHO3SI0BRlGpUHn9Xh","77todYjt/jkEGWUHO3SI0BRlGpUHn9Xh","Dark brown with light brown around the edge of the pronotum. Loxandrus sp."
"7210b023-d897-44e9-91c8-0af1bdcf4c33","UKFS_003.basePlot.bet","D06","UKFS","UKFS_003","W","2015-09-08","2015-09-22","2015-09-30","2015-09-30","Vl3mTlloYQShkwfefQDNqZqEulL4zOIV1Rzj+xJeJGg=","NEON.BET.D06.000305","CARSP14","Carabidae sp.","family",,"Latreille","D06.2015.MorphF","Other",,"77todYjt/jkEGWUHO3SI0BRlGpUHn9Xh","77todYjt/jkEGWUHO3SI0BRlGpUHn9Xh","Black, iridescent when shown in the light. Rainbow reflection. Loxandrus sp."
"971bc6ef-8851-4db3-a915-f03d0d3ce8ab","UKFS_003.basePlot.bet","D06","UKFS","UKFS_003","W","2015-09-08","2015-09-22","2015-09-30","2015-09-30","Vl3mTlloYQShkwfefQDNqZqEulL4zOIV1Rzj+xJeJGg=","NEON.BET.D06.000307","CARSP14","Carabidae sp.","family",,"Latreille","D06.2015.MorphF","Other",,"77todYjt/jkEGWUHO3SI0BRlGpUHn9Xh","77todYjt/jkEGWUHO3SI0BRlGpUHn9Xh","Black, iridescent when shown in the light. Rainbow reflection. Loxandrus sp."
"ce91b078-0024-4352-90a5-ce3d639d19e3","UKFS_003.basePlot.bet","D06","UKFS","UKFS_003","W","2015-09-08","2015-09-22","2015-09-30","2015-09-30","Vl3mTlloYQShkwfefQDNqZqEulL4zOIV1Rzj+xJeJGg=","NEON.BET.D06.000303","CARSP14","Carabidae sp.","family",,"Latreille","D06.2015.MorphF","Other",,"77todYjt/jkEGWUHO3SI0BRlGpUHn9Xh","77todYjt/jkEGWUHO3SI0BRlGpUHn9Xh","Black, iridescent when shown in the light. Rainbow reflection. Loxandrus sp."
"93332da5-9525-4e5d-b3c2-6328beed52f9","UKFS_003.basePlot.bet","D06","UKFS","UKFS_003","W","2015-09-08","2015-09-22","2015-09-30","2015-09-30","Vl3mTlloYQShkwfefQDNqZqEulL4zOIV1Rzj+xJeJGg=","NEON.BET.D06.000306","CARSP14","Carabidae sp.","family",,"Latreille","D06.2015.MorphF","Other",,"77todYjt/jkEGWUHO3SI0BRlGpUHn9Xh","77todYjt/jkEGWUHO3SI0BRlGpUHn9Xh","Black, iridescent when shown in the light. Rainbow reflection. Loxandrus sp."
"9f3ebb52-3260-4002-b8e5-75ae7b740533","UKFS_009.basePlot.bet","D06","UKFS","UKFS_009","W","2015-09-08","2015-09-22","2015-09-30","2015-09-28","MMz820nXMknlpp7hDs47BX5CFCKP6Btfx/DU520NUvQ=","NEON.BET.D06.000247","CARSP14","Carabidae sp.","family",,"Latreille","D06.2015.MorphK","Other",,"77todYjt/jkEGWUHO3SI0BRlGpUHn9Xh","77todYjt/jkEGWUHO3SI0BRlGpUHn9Xh","Dark brown overall, light brown edge of pronotum. Pronotum basally punctate. Harpalus sp."
"24aa9e0f-3aed-430c-b273-89801771debb","UKFS_002.basePlot.bet","D06","UKFS","UKFS_002","W","2015-09-08","2015-09-22","2015-09-30","2015-09-29","ThLXd3W7368zCKg0KTot36lka/bFMQ20izxP1mL2GWo=","NEON.BET.D06.000256","CARSP14","Carabidae sp.","family",,"Latreille","D06.2015.MorphF","Other",,"77todYjt/jkEGWUHO3SI0BRlGpUHn9Xh","77todYjt/jkEGWUHO3SI0BRlGpUHn9Xh","Black, iridescent when shown in the light. Rainbow reflection. Loxandrus sp."
"98cb2b63-1321-4949-a696-28a32cbedeb3","UKFS_002.basePlot.bet","D06","UKFS","UKFS_002","W","2015-09-08","2015-09-22","2015-09-30","2015-09-29","ThLXd3W7368zCKg0KTot36lka/bFMQ20izxP1mL2GWo=","NEON.BET.D06.000254","CARSP14","Carabidae sp.","family",,"Latreille","D06.2015.MorphF","Other",,"77todYjt/jkEGWUHO3SI0BRlGpUHn9Xh","77todYjt/jkEGWUHO3SI0BRlGpUHn9Xh","Black, iridescent when shown in the light. Rainbow reflection. Loxandrus sp."
"f4b40cb6-caf9-44fd-b588-3c1480450ff6","UKFS_002.basePlot.bet","D06","UKFS","UKFS_002","W","2015-09-08","2015-09-22","2015-09-30","2015-09-28","ThLXd3W7368zCKg0KTot36lka/bFMQ20izxP1mL2GWo=","NEON.BET.D06.000255","CARSP14","Carabidae sp.","family",,"Latreille","D06.2015.MorphF","Other",,"77todYjt/jkEGWUHO3SI0BRlGpUHn9Xh","77todYjt/jkEGWUHO3SI0BRlGpUHn9Xh","Black, iridescent when shown in the light. Rainbow reflection. Loxandrus sp."
"5bf7c474-c5b5-4238-9be1-febee05617b6","UKFS_009.basePlot.bet","D06","UKFS","UKFS_009","W","2015-09-08","2015-09-22","2015-09-30","2015-09-28","MMz820nXMknlpp7hDs47BX5CFCKP6Btfx/DU520NUvQ=","NEON.BET.D06.000246","CARSP14","Carabidae sp.","family",,"Latreille","D06.2015.MorphK","Other",,"77todYjt/jkEGWUHO3SI0BRlGpUHn9Xh","77todYjt/jkEGWUHO3SI0BRlGpUHn9Xh","Dark brown overall, light brown edge of pronotum. Pronotum basally punctate. Harpalus sp."
"35719be9-4ec8-4e93-ab1f-01edeba0a0ea","UKFS_009.basePlot.bet","D06","UKFS","UKFS_009","W","2015-09-08","2015-09-22","2015-09-30","2015-09-28","MMz820nXMknlpp7hDs47BX5CFCKP6Btfx/DU520NUvQ=","NEON.BET.D06.000252","CARSP14","Carabidae sp.","family",,"Latreille","D06.2015.MorphK","Other",,"77todYjt/jkEGWUHO3SI0BRlGpUHn9Xh","77todYjt/jkEGWUHO3SI0BRlGpUHn9Xh","Dark brown overall, light brown edge of pronotum. Pronotum basally punctate. Harpalus sp."
"fc38abbb-85c6-4b52-b83e-5da5a3ca5888","UKFS_009.basePlot.bet","D06","UKFS","UKFS_009","W","2015-09-08","2015-09-22","2015-09-30","2015-09-29","MMz820nXMknlpp7hDs47BX5CFCKP6Btfx/DU520NUvQ=","NEON.BET.D06.000244","CARSP14","Carabidae sp.","family",,"Latreille","D06.2015.MorphK","Other",,"77todYjt/jkEGWUHO3SI0BRlGpUHn9Xh","77todYjt/jkEGWUHO3SI0BRlGpUHn9Xh","Dark brown overall, light brown edge of pronotum. Pronotum basally punctate. Harpalus sp."
"06409f88-d145-42dc-9630-7ec7b235fbfa","UKFS_009.basePlot.bet","D06","UKFS","UKFS_009","W","2015-09-08","2015-09-22","2015-09-30","2015-09-28","MMz820nXMknlpp7hDs47BX5CFCKP6Btfx/DU520NUvQ=","NEON.BET.D06.000242","CARSP14","Carabidae sp.","family",,"Latreille","D06.2015.MorphF","Other",,"77todYjt/jkEGWUHO3SI0BRlGpUHn9Xh","77todYjt/jkEGWUHO3SI0BRlGpUHn9Xh","Black, iridescent when shown in the light. Rainbow reflection. Loxandrus sp."
"69761018-5782-4c6a-9f97-031cb0120f43","UKFS_009.basePlot.bet","D06","UKFS","UKFS_009","W","2015-09-08","2015-09-22","2015-09-30","2015-09-28","MMz820nXMknlpp7hDs47BX5CFCKP6Btfx/DU520NUvQ=","NEON.BET.D06.000241","CARSP14","Carabidae sp.","family",,"Latreille","D06.2015.MorphF","Other",,"77todYjt/jkEGWUHO3SI0BRlGpUHn9Xh","77todYjt/jkEGWUHO3SI0BRlGpUHn9Xh","Black, iridescent when shown in the light. Rainbow reflection. Loxandrus sp."
"4db24cb7-cf17-4a31-b192-be07d1763b2b","UKFS_009.basePlot.bet","D06","UKFS","UKFS_009","W","2015-09-08","2015-09-22","2015-09-30","2015-09-28","MMz820nXMknlpp7hDs47BX5CFCKP6Btfx/DU520NUvQ=","NEON.BET.D06.000250","CARSP14","Carabidae sp.","family",,"Latreille","D06.2015.MorphK","Other",,"77todYjt/jkEGWUHO3SI0BRlGpUHn9Xh","77todYjt/jkEGWUHO3SI0BRlGpUHn9Xh","Dark brown overall, light brown edge of pronotum. Pronotum basally punctate. Harpalus sp."
"0fa752e3-7ceb-4d5b-8818-3fc4895226d0","UKFS_009.basePlot.bet","D06","UKFS","UKFS_009","W","2015-09-08","2015-09-22","2015-09-30","2015-08-27","MMz820nXMknlpp7hDs47BX5CFCKP6Btfx/DU520NUvQ=","NEON.BET.D06.000240","CARSP14","Carabidae sp.","family",,"Latreille","D06.2015.MorphF","Other",,"/sVzRO01Fu+91IQNMsKeUEFazyktd0rY","77todYjt/jkEGWUHO3SI0BRlGpUHn9Xh","Black, iridescent when shown in the light. Rainbow reflection. Loxandrus sp."
"ef72f382-56f2-4dcf-8196-569c0fe46176","UKFS_009.basePlot.bet","D06","UKFS","UKFS_009","W","2015-09-08","2015-09-22","2015-09-30","2015-09-28","MMz820nXMknlpp7hDs47Bb+71OpU+aFf0/wTM+DXgy4=","NEON.BET.D06.000243","SCASUB2","Scarites subterraneus","species",,"Fabricius",,"Other",,"77todYjt/jkEGWUHO3SI0BRlGpUHn9Xh","77todYjt/jkEGWUHO3SI0BRlGpUHn9Xh",
"3cbb5685-0581-4d9f-bf58-f52d24e16be1","UKFS_009.basePlot.bet","D06","UKFS","UKFS_009","W","2015-09-08","2015-09-22","2015-09-30","2015-09-28","MMz820nXMknlpp7hDs47BX5CFCKP6Btfx/DU520NUvQ=","NEON.BET.D06.000251","CARSP14","Carabidae sp.","family",,"Latreille","D06.2015.MorphK","Other",,"77todYjt/jkEGWUHO3SI0BRlGpUHn9Xh","77todYjt/jkEGWUHO3SI0BRlGpUHn9Xh","Dark brown overall, light brown edge of pronotum. Pronotum basally punctate. Harpalus sp."
"c311c0d7-1342-44bd-9956-09d379ddbd9d","UKFS_009.basePlot.bet","D06","UKFS","UKFS_009","W","2015-09-08","2015-09-22","2015-09-30","2015-09-28","MMz820nXMknlpp7hDs47BX5CFCKP6Btfx/DU520NUvQ=","NEON.BET.D06.000249","CARSP14","Carabidae sp.","family",,"Latreille","D06.2015.MorphK","Other",,"77todYjt/jkEGWUHO3SI0BRlGpUHn9Xh","77todYjt/jkEGWUHO3SI0BRlGpUHn9Xh","Dark brown overall, light brown edge of pronotum. Pronotum basally punctate. Harpalus sp."
"e4872c04-a61f-4984-917e-8e39ee30e43d","UKFS_009.basePlot.bet","D06","UKFS","UKFS_009","W","2015-09-08","2015-09-22","2015-09-30","2015-09-28","MMz820nXMknlpp7hDs47BX5CFCKP6Btfx/DU520NUvQ=","NEON.BET.D06.000248","CARSP14","Carabidae sp.","family",,"Latreille","D06.2015.MorphK","Other",,"77todYjt/jkEGWUHO3SI0BRlGpUHn9Xh","77todYjt/jkEGWUHO3SI0BRlGpUHn9Xh","Dark brown overall, light brown edge of pronotum. Pronotum basally punctate. Harpalus sp."
"fb2faca3-f8e6-4ccb-84f5-c7bc9a192b5a","UKFS_009.basePlot.bet","D06","UKFS","UKFS_009","W","2015-09-08","2015-09-22","2015-09-30","2015-08-27","MMz820nXMknlpp7hDs47BX5CFCKP6Btfx/DU520NUvQ=","NEON.BET.D06.000245","CARSP14","Carabidae sp.","family",,"Latreille","D06.2015.MorphK","Other",,"/sVzRO01Fu+91IQNMsKeUEFazyktd0rY","77todYjt/jkEGWUHO3SI0BRlGpUHn9Xh","Dark brown overall, light brown edge of pronotum. Pronotum basally punctate. Harpalus sp."
