uid,namedLocation,domainID,siteID,plotID,setDate,collectDate,processingDate,subsampleIDList,archiveVialID,scientificName,recordedBy,remarks
"fc584350-0c73-4fb4-85f1-4c3296f2ea93","WOOD_001.basePlot.bet","D09","WOOD","WOOD_001","2015-08-19","2015-09-02","2015-09-04","vZVALStcGze4oqiSg8fWanIApTFx8zLRJPY+ntdz/w5175W9JWA5Fomf0LnkmxNHDMDJn64B90AwEbUP+SqG5pk7BtgBeQPoE6s4w+0IMDY=","vZVALStcGzf5yEF+AP1eXo/meimEIDOy",,,
"a9b6f126-647d-4301-8b36-4e371719ea69","WOOD_002.basePlot.bet","D09","WOOD","WOOD_002","2015-08-19","2015-09-02","2015-09-09","V7nyjIgYGmPsrfFWaAbdc1O6EXa6m4tpf92Xvk1W2dKojSGv+CVjOiRPcqCma7KRoaODeo1kP7E=","V7nyjIgYGmPt21Hxa/4tOX4eZdUMLjrh",,,
"a536bbde-9e56-4ccd-b303-c79743bdafb2","WOOD_003.basePlot.bet","D09","WOOD","WOOD_003","2015-08-19","2015-09-02","2015-09-04","gVhx7bcr2vMPQlmoe6P0O83cy1qplm2JJXimKJ/wuDKrUfQQgWS728kcIMQw4JnZUHIono10We6MiWpa9OwZd87jQezzGxDZN6kdJdSuFrcggwW1fxSThBxjB1hhaiRHlw/EtLEtgYo=","gVhx7bcr2vP7umfnphjA9ud9lmL/UktT",,,
"84b057d3-4c17-4d4f-a6d6-ea227c17bb3b","WOOD_004.basePlot.bet","D09","WOOD","WOOD_004","2015-08-19","2015-09-02","2015-09-03","tVkCk1nh7tHmUpCuPlsZH2VAmeG9lvqQocntaCHL5rubS6WEOOp6up93H3Wz6JRPY+i1efkwaUbKZsnAoN4ttJETDH8jhmvFjxftLvZZ1c5P3T6Ra1SzYPaCJMg/WE+wxXYZ0lKfzn4=","tVkCk1nh7tHDmZ/leI/P+1VOf1tZQM/H",,,
"7cb5f24e-5ad6-4d70-8d58-db1a7d957abd","WOOD_002.basePlot.bet","D09","WOOD","WOOD_002","2015-08-19","2015-09-02","2015-09-09","V7nyjIgYGmOq7etLsw3mo2pKO37mumLuxxoGgeYGOkTgNNNOkknZA/NIFODNovhzFsCcJxJj3L4=","V7nyjIgYGmPt21Hxa/4tOaK9g9T/6OwL",,,
"49574359-2b7f-4e60-83dd-f42f22d68884","WOOD_005.basePlot.bet","D09","WOOD","WOOD_005","2015-08-19","2015-09-02","2015-09-04","Q/pjwyhQ09z2D0gRdKAm0jII/ZW2wPigJdw22hWLYDmAuu/owcvq8qqJJ8aiZ1pCqf5WAMk3pTp7SNPjchOXSw/3yV9F8mayuF3JFjDlRq+mGnywg3hcGJtnm5UP46ekAtmdWACo8xE=","Q/pjwyhQ09yFVo4qgg3lyPmSijFN1Jc6",,,
"ef20e595-35bf-4ba2-aafd-8da9b5d075c4","WOOD_006.basePlot.bet","D09","WOOD","WOOD_006","2015-08-19","2015-09-02","2015-09-09","WY3Zl9EyMicPkFOmFhW1QsvgnklGz0ftsLCh/KDc+cVKF76uiiZsVLkY1x1AYGheUmv6pSvh39g0/5KPfc/vvMpaHBedLIFC1gasXMOvxONQKS9O1a3CYO1oaEo6JEszPoxoVMHb3Yc=","WY3Zl9EyMieZO3d70rv2puYAH5ZUuIAI",,,
"defdc73e-956f-4c7f-9eae-9bea6914a2cc","WOOD_023.basePlot.bet","D09","WOOD","WOOD_023","2015-08-19","2015-09-02","2015-09-09","HkhQBNKo1QBPb44/Zt7AWloNe74Gs5Rtm9EehLNnnSdLTSVW2oCnnjwdF8PViCFcuuIwkNTN+Fk9SkbVtZGwRTsqbF4e6kokQQeRHKiz446u2gfGbBDvUQHarMTwRW/i9QKmzBDVQcE=","HkhQBNKo1QAFh8FPlvXXno7TrG5jljh5",,,
"5d0f5444-942f-45e8-b1da-d5435359707d","WOOD_021.basePlot.bet","D09","WOOD","WOOD_021","2015-08-19","2015-09-02","2015-09-04","WrmnCoit364/y0h1CUHTiz+LL+O+1IBWAsSEsqpK60EJWWM1UXt6lN2VEPcKH61CtikU0ktaROU=","WrmnCoit365Lojrp/N48YtFgGFvN1/Mm",,,
"bbca43a3-8dba-4b04-8b55-32b82e1c36ed","WOOD_007.basePlot.bet","D09","WOOD","WOOD_007","2015-08-19","2015-09-02","2015-09-04","5mkFtj0S+gjhtj3JnHzUKmeOHncojPmCNzSc6sjG6RSDhFmC2SWYJBfi0G+abPkx/OPbD4sXXJXjXIwkX2Xq0X7AOLrbN4ZVaudWxUuN42Lq9G2QG7oc7nJzPjr8SZpqZweX9xboNtI=","5mkFtj0S+gjYO6pYHKYj16LNonbiTtAI",,,
"f832037a-03fd-4ff0-9035-82ea7ffe32fb","WOOD_001.basePlot.bet","D09","WOOD","WOOD_001","2015-09-02","2015-09-16","2015-09-21","vZVALStcGzcsUDFQL3eqjTDLoMZRYQttYIFnAYLF5ekZy2v0imIRoU7Nw/IkD5mP+Dl1LjVm4s+e6Gdt8ga51jajjUfO5kHmUCc7lW3NNVyMBowmmJlFboaO7O+mlvD3gsFlZFq3foI=","vZVALStcGzfWBLKAEcqKe6m4t4Y34Zcg",,,
"49b10503-5faf-414e-9375-96fcaef5b795","WOOD_002.basePlot.bet","D09","WOOD","WOOD_002","2015-09-02","2015-09-16","2015-09-22","V7nyjIgYGmPsrfFWaAbdc0of6SncHXIHOQs+HnOs4HvQH/dxPwmVYWEU3j4w0/m5P6jf8Ddd7Q4hY9FQhCS6LrOJDkhalXnz08wZB3WZLVs=","V7nyjIgYGmNNdj5pqhNvthE3GYXfIdto",,,
"b5af7630-56fa-48f1-bc5b-d418a0caae3f","WOOD_003.basePlot.bet","D09","WOOD","WOOD_003","2015-09-02","2015-09-16","2015-09-22","gVhx7bcr2vPfgD1jJpAncJgWaVtS0QXlr2noOySYy2qzaqm8gBV4JXx/NJhw0Lo2sJ0x0rNZMhYwiiQUhv7DNCAwMpFbnhW5lDw5ROfEjnGdt3zNrZKw/sHbqDKDE4tIg0hHF0rXdvI=","gVhx7bcr2vMEHP75lhPt7uES0zWRIVI4",,,
"ac4323ce-0866-45d0-a295-52d141b99c74","WOOD_004.basePlot.bet","D09","WOOD","WOOD_004","2015-09-02","2015-09-16","2015-09-22","tVkCk1nh7tHzM8+WdK+C/rdpLgHc+2RPvd37DwIFH3QmLXMVt9p8mQT1FdhXzqErZDy8rU2vQZ4pwUp9cI/jiHhKxbkWHcfiK2EKkXCJxegz0+YAPPkPPM9m1MQJsxYfFll0WRUaD+c=","tVkCk1nh7tGlNl/3NEqIX/5h2yZcMbtO",,,
"794e9ddc-2142-4e55-9d0b-e4c86cc08bbc","WOOD_005.basePlot.bet","D09","WOOD","WOOD_005","2015-09-02","2015-09-16","2015-09-22","Q/pjwyhQ09wS8nTqfpfAX9rmLfZnNxZeg+w8TwV9Nw2jzx67rrab6mYI5gnpenjgn/8XPKVdV5A=","Q/pjwyhQ09x2Yi9iA8QIdTcTbrw0JJC+",,,
"4af82672-c085-4f84-8038-ec2fb16c475d","WOOD_006.basePlot.bet","D09","WOOD","WOOD_006","2015-09-02","2015-09-16","2015-09-22","WY3Zl9EyMidsY05I3ZVnB+lgWsOh0AZd5ueh770AVmOHBhdQZ5z4szWutoUvqxCWC4fouWpY63AQ7OtljOdgziJxfk9iFjO1B0Jsb+B5A224DEaFUbo+jwXDArHrmOdIx6NuBR2ypJs=","WY3Zl9EyMifV+IpeFzov+WUsVbONdPSW",,,
"92bf7c0d-4dde-409c-bdf5-fa81e065df88","WOOD_005.basePlot.bet","D09","WOOD","WOOD_005","2015-09-02","2015-09-16","2015-09-22","Q/pjwyhQ09z2D0gRdKAm0nxM5/u6hoAY9u17EhUnSGSr+tMbbPq1PS5OXXYodbF+2v5mlDcZqq0=","Q/pjwyhQ09x2Yi9iA8QIdRi5ViEy1Nua",,,
"14ea682c-b0ac-4d1c-b44f-4c0a9b3fff3c","WOOD_024.basePlot.bet","D09","WOOD","WOOD_024","2015-09-02","2015-09-16","2015-09-21","rKE54NR9lxQj3OeRSLR1b5Sk/22TDVnUNcGw6aJ8ht5OdlOR7EMsdQz/toLPAP56V834UbpMwnAqmzL/H6QRpiE+XJRGunVh0lrEZtvwy4M=","rKE54NR9lxTU1B8/SoPdbBX0GagWG4MQ",,,
"c84ac32b-ecfc-40b4-a719-578d81267429","WOOD_023.basePlot.bet","D09","WOOD","WOOD_023","2015-09-02","2015-09-16","2015-09-22","HkhQBNKo1QAlL2jarEbgAjYaXLWb1kp+Towjjly+2U2Ff8vmGvDCO1gcP43ouUfR8zEjxDp6S4CFZRsGqLur5IKYrgNy7Z5Chm+U0AE5/F7AG6dLoUOFskTj2LNrzhKvPLx1ajFssh4=","HkhQBNKo1QAHnkPSf6aBAXiqos6rjG9e",,,
"17492b6b-9a6d-4952-839f-54da55b0f5c8","WOOD_007.basePlot.bet","D09","WOOD","WOOD_007","2015-09-02","2015-09-16","2015-09-22","5mkFtj0S+gjhtj3JnHzUKpWYBCIHvtLPyZO93fFfXKWa2u/gSEcsA3lF2XxmOwHbFsGIqCZf4co=","5mkFtj0S+gj04OmYnm+gB8M+uPTNJPuY",,,
"7be0c034-cf86-4963-bbe4-5a4ca4a71b26","WOOD_021.basePlot.bet","D09","WOOD","WOOD_021","2015-09-02","2015-09-16","2015-09-21","WrmnCoit364/y0h1CUHTixtnNzw4AtYEfFi4RNUIRVTdbP/u9wf1b4ZUMT6SF/Y8R/HeMAGJgyQ=","WrmnCoit364f+QLrilt2NQBDAmtuYVGy",,,
"fe14aa28-df91-4999-9c84-b8227c943618","WOOD_007.basePlot.bet","D09","WOOD","WOOD_007","2015-09-02","2015-09-16","2015-09-22","5mkFtj0S+gg8JsQ8+kY2DXPZ1sJ/qIuRgr3z8kdfbMZ0PDnpuOOoqK06mG0KDDx2ene41xJkhLw=","5mkFtj0S+gj04OmYnm+gB9fbY1d0TEIY",,,
