uid,namedLocation,domainID,siteID,plotID,setDate,collectDate,identifiedDate,individualID,taxonID,kingdom,phylum,class,order,family,subfamily,tribe,genus,subgenus,specificEpithet,infraspecificEpithet,scientificName,scientificNameAuthorship,taxonRank,identificationQualifier,sex,morphospeciesID,identificationReferences,identifiedBy,laboratoryName,identificationRemarks,sampleCondition,dnaBarcoded,geneticSampleID,remarks
"87a53cdb-832c-4f85-b4c8-1b4d22ad7318","WOOD_024.basePlot.bet","D09","WOOD","WOOD_024","2015-08-19","2015-09-02","2016-11-09","NEON.BET.D09.001137","BRACYA2","Animalia","Arthropoda","Insecta","Coleoptera","Carabidae","Brachininae","Brachinini","Brachinus","Neobrachinus","cyanochroaticus",,"Brachinus cyanochroaticus","Erwin","species",,"M",,"Erwin, T. L. 1970a. A Reclassification of Bombardier Beetles and a Taxonomic Revision of the North and Middle American Species (Carabidae: Brachinida). Quaestiones Entomologicae 6:4-215.","Robert L. Davidson","Carnegie Museum of Invertebrate Zoology",,"No known compromise","N",,
"585883bd-e03d-44d1-9c3d-86ca2f7cc1a5","WOOD_002.basePlot.bet","D09","WOOD","WOOD_002","2015-08-19","2015-09-02","2016-11-08","NEON.BET.D09.001145","POELUC","Animalia","Arthropoda","Insecta","Coleoptera","Carabidae","Harpalinae","Pterostichini","Poecilus","Poecilus","lucublandus",,"Poecilus lucublandus","Say","species",,"F",,"Lindroth, C. H. 1969. The ground-beetles (Carabidae, excl. Cicindelinae) of Canada and Alaska, parts 1-6. Opuscula E. Entomoligiska Sallskapet.","Robert L. Davidson","Carnegie Museum of Invertebrate Zoology",,"No known compromise","N",,
"e0ea3b99-32a5-4028-b7cc-313277fbebcc","WOOD_007.basePlot.bet","D09","WOOD","WOOD_007","2015-08-19","2015-09-02","2016-11-15","NEON.BET.D09.001214","AMATEN1","Animalia","Arthropoda","Insecta","Coleoptera","Carabidae","Harpalinae","Zabrini","Amara","Amara","tenax",,"Amara tenax","Casey","species",,"F",,"Hieke, F. 2003. Die Gruppe der Amara (Amara) cupreolata Putzeys 1866 (Coleoptera: Carabidae). Linzer Biologische BeitrÃ¤ge 35:201-216.","Robert L. Davidson","Carnegie Museum of Invertebrate Zoology",,"No known compromise","N",,
"f6813182-9c33-46bf-9bed-28d791f10e97","WOOD_021.basePlot.bet","D09","WOOD","WOOD_021","2015-08-19","2015-09-02","2016-11-09","NEON.BET.D09.001151","BRACYA2","Animalia","Arthropoda","Insecta","Coleoptera","Carabidae","Brachininae","Brachinini","Brachinus","Neobrachinus","cyanochroaticus",,"Brachinus cyanochroaticus","Erwin","species",,"F",,"Erwin, T. L. 1970a. A Reclassification of Bombardier Beetles and a Taxonomic Revision of the North and Middle American Species (Carabidae: Brachinida). Quaestiones Entomologicae 6:4-215.","Robert L. Davidson","Carnegie Museum of Invertebrate Zoology",,"No known compromise","N",,
"057f1f98-a72c-42e5-85cf-e7b230e7b6e4","WOOD_007.basePlot.bet","D09","WOOD","WOOD_007","2015-08-19","2015-09-02","2016-11-11","NEON.BET.D09.001204","DYSSP4","Animalia","Arthropoda","Insecta","Coleoptera","Carabidae","Scaritinae","Dyschiriini","Dyschirius",,"sp.",,"Dyschirius sp.","Bonelli","genus",,"U",,"Bousquet, Y. 1988. Dyschirius of America North of Mexico - Descriptions of New Species with Keys to Species Groups and Species (Coleoptera, Carabidae). Canadian Entomologist 120:361-387.","Robert L. Davidson","Carnegie Museum of Invertebrate Zoology",,"No known compromise","N",,"probably longulus, but no one seems to be able to distinguish globulosus/longulus consistently"
"9c1ecb39-1a04-448d-aff1-629eabbf8969","WOOD_021.basePlot.bet","D09","WOOD","WOOD_021","2015-08-19","2015-09-02","2016-10-13","NEON.BET.D09.001156","PTEMEL","Animalia","Arthropoda","Insecta","Coleoptera","Carabidae","Harpalinae","Pterostichini","Pterostichus","Morphnosoma","melanarius","melanarius","Pterostichus melanarius melanarius","Illiger","subspecies",,"M",,"Lindroth, C. H. 1969. The ground-beetles (Carabidae, excl. Cicindelinae) of Canada and Alaska, parts 1-6. Opuscula E. Entomoligiska Sallskapet.","Robert L. Davidson","Carnegie Museum of Invertebrate Zoology",,"No known compromise","N",,
"8dd6c12b-d48a-480b-a319-f082b8680717","WOOD_021.basePlot.bet","D09","WOOD","WOOD_021","2015-08-19","2015-09-02","2016-11-11","NEON.BET.D09.001158","ANIHAR2","Animalia","Arthropoda","Insecta","Coleoptera","Carabidae","Harpalinae","Harpalini","Anisodactylus","Anisodactylus","harrisii",,"Anisodactylus harrisii","LeConte","species",,"M",,"Lindroth, C. H. 1969. The ground-beetles (Carabidae, excl. Cicindelinae) of Canada and Alaska, parts 1-6. Opuscula E. Entomoligiska Sallskapet.","Robert L. Davidson","Carnegie Museum of Invertebrate Zoology",,"No known compromise","N",,
"eb5fb1db-3c0a-4f8a-82c6-a75d327cbc93","WOOD_021.basePlot.bet","D09","WOOD","WOOD_021","2015-08-19","2015-09-02","2016-11-07","NEON.BET.D09.001150","CHLSER","Animalia","Arthropoda","Insecta","Coleoptera","Carabidae","Harpalinae","Chlaeniini","Chlaenius","Chlaenius","sericeus",,"Chlaenius sericeus","Forster","species",,"F",,"Bell, R. T. 1960. A Revision of the Genus Chlaenius Bonelli (Coleoptera, Carabidae) in North America. Miscellaneous Publications of the Entomological Society of America 1:98-166.","Robert L. Davidson","Carnegie Museum of Invertebrate Zoology",,"No known compromise","N",,
"c956f44c-a813-4c2a-9335-1ab693b3ddc2","WOOD_023.basePlot.bet","D09","WOOD","WOOD_023","2015-08-19","2015-09-02","2016-11-07","NEON.BET.D09.001192","PATLEC","Animalia","Arthropoda","Insecta","Coleoptera","Carabidae","Patrobinae","Patrobini","Patrobus",,"lecontei",,"Patrobus lecontei","Chaudoir","species",,"F",,"Lindroth, C. H. 1969. The ground-beetles (Carabidae, excl. Cicindelinae) of Canada and Alaska, parts 1-6. Opuscula E. Entomoligiska Sallskapet.","Robert L. Davidson","Carnegie Museum of Invertebrate Zoology",,"No known compromise","N",,
"25b6f855-b8c1-4b44-b30d-3e8d3c13adb7","WOOD_023.basePlot.bet","D09","WOOD","WOOD_023","2015-08-19","2015-09-02","2016-11-08","NEON.BET.D09.001191","AGOPRO","Animalia","Arthropoda","Insecta","Coleoptera","Carabidae","Harpalinae","Platynini","Agonum","Olisares","propinquum",,"Agonum propinquum","Gemminger and Harold","species",,"F",,"Liebherr, J. K. 1994. Identification of new world Agonum , review of the mexican fauna , and description of Incagonum , new genus , from South America (Coleoptera: Carabidae: Platynini). Journal of The New York Entomological Society 102:1-55.","Robert L. Davidson","Carnegie Museum of Invertebrate Zoology",,"No known compromise","N",,"immature"
"7dc6c326-f5be-4df2-80f3-59da0534cd07","WOOD_023.basePlot.bet","D09","WOOD","WOOD_023","2015-08-19","2015-09-02","2016-11-09","NEON.BET.D09.001176","PTECOM","Animalia","Arthropoda","Insecta","Coleoptera","Carabidae","Harpalinae","Pterostichini","Pterostichus","Argutor","commutabilis",,"Pterostichus commutabilis","Motschulsky","species",,"F",,"Bousquet, Y., and R. Webster. 2004. Review of the Nearctic species of the Holarctic subgenus Argutor (Coleoptera: Carabidae). Canadian Entomologist 136:645-660.","Robert L. Davidson","Carnegie Museum of Invertebrate Zoology",,"No known compromise","N",,
"6cbe29a3-0596-4e60-8c88-f763011b7372","WOOD_023.basePlot.bet","D09","WOOD","WOOD_023","2015-08-19","2015-09-02","2016-11-07","NEON.BET.D09.001169","DIPSTR","Animalia","Arthropoda","Insecta","Coleoptera","Carabidae","Harpalinae","Licinini","Diplocheila","Isorembus","striatopunctata",,"Diplocheila striatopunctata","LeConte","species",,"M",,"Lindroth, C. H. 1969. The ground-beetles (Carabidae, excl. Cicindelinae) of Canada and Alaska, parts 1-6. Opuscula E. Entomoligiska Sallskapet.","Robert L. Davidson","Carnegie Museum of Invertebrate Zoology",,"No known compromise","N",,
"fcf0d64f-0b9f-4ff2-8c33-8ee2228a0cae","WOOD_023.basePlot.bet","D09","WOOD","WOOD_023","2015-08-19","2015-09-02","2016-10-28","NEON.BET.D09.001190","CARMAE","Animalia","Arthropoda","Insecta","Coleoptera","Carabidae","Carabinae","Carabini","Carabus","Homoeocarabus","maeander","maeander","Carabus maeander maeander","Fischer von Waldheim","subspecies",,"F",,"Lindroth, C. H. 1969. The ground-beetles (Carabidae, excl. Cicindelinae) of Canada and Alaska, parts 1-6. Opuscula E. Entomoligiska Sallskapet.","Robert L. Davidson","Carnegie Museum of Invertebrate Zoology",,"No known compromise","N",,
"386f0a95-3d2e-4a00-8b89-39dbcaf0c140","WOOD_023.basePlot.bet","D09","WOOD","WOOD_023","2015-08-19","2015-09-02","2016-11-08","NEON.BET.D09.001189","OXYPUS","Animalia","Arthropoda","Insecta","Coleoptera","Carabidae","Harpalinae","Platynini","Oxypselaphus",,"pusillus",,"Oxypselaphus pusillus","LeConte","species",,"F",,"Lindroth, C. H. 1969. The ground-beetles (Carabidae, excl. Cicindelinae) of Canada and Alaska, parts 1-6. Opuscula E. Entomoligiska Sallskapet.","Robert L. Davidson","Carnegie Museum of Invertebrate Zoology",,"No known compromise","N",,
"00f4c219-4218-4deb-a5a9-482313adab59","WOOD_023.basePlot.bet","D09","WOOD","WOOD_023","2015-08-19","2015-09-02","2016-10-13","NEON.BET.D09.001177","PTEMEL","Animalia","Arthropoda","Insecta","Coleoptera","Carabidae","Harpalinae","Pterostichini","Pterostichus","Morphnosoma","melanarius","melanarius","Pterostichus melanarius melanarius","Illiger","subspecies",,"M",,"Lindroth, C. H. 1969. The ground-beetles (Carabidae, excl. Cicindelinae) of Canada and Alaska, parts 1-6. Opuscula E. Entomoligiska Sallskapet.","Robert L. Davidson","Carnegie Museum of Invertebrate Zoology",,"No known compromise","N",,
"f3193030-c979-4558-8ad6-2ed672fe82ad","WOOD_023.basePlot.bet","D09","WOOD","WOOD_023","2015-08-19","2015-09-02","2016-10-19","NEON.BET.D09.001174","PTECOR3","Animalia","Arthropoda","Insecta","Coleoptera","Carabidae","Harpalinae","Pterostichini","Pterostichus","Melanius","corvinus",,"Pterostichus corvinus","Dejean","species",,"F",,"Lindroth, C. H. 1969. The ground-beetles (Carabidae, excl. Cicindelinae) of Canada and Alaska, parts 1-6. Opuscula E. Entomoligiska Sallskapet.","Robert L. Davidson","Carnegie Museum of Invertebrate Zoology",,"No known compromise","N",,
"20181621-a18e-44d8-9a46-752ceeba5853","WOOD_004.basePlot.bet","D09","WOOD","WOOD_004","2015-08-19","2015-09-02","2016-11-08","NEON.BET.D09.001218","CALING","Animalia","Arthropoda","Insecta","Coleoptera","Carabidae","Harpalinae","Sphodrini","Calathus","Neocalathus","ingratus",,"Calathus ingratus","Dejean","species",,"F",,"Ball, G. E., and J. Negre. 1972. The taxonomy of the Nearctic species of the genus Calathus Bonelli (Coleoptera: Carabidae: Agonini). Transactions of the American Entomological Society 98:413-533.","Robert L. Davidson","Carnegie Museum of Invertebrate Zoology",,"No known compromise","N",,
"6ee2f601-0442-48ef-9e6c-18e0fd7647fb","WOOD_023.basePlot.bet","D09","WOOD","WOOD_023","2015-08-19","2015-09-02","2016-11-07","NEON.BET.D09.001193","PATLEC","Animalia","Arthropoda","Insecta","Coleoptera","Carabidae","Patrobinae","Patrobini","Patrobus",,"lecontei",,"Patrobus lecontei","Chaudoir","species",,"F",,"Lindroth, C. H. 1969. The ground-beetles (Carabidae, excl. Cicindelinae) of Canada and Alaska, parts 1-6. Opuscula E. Entomoligiska Sallskapet.","Robert L. Davidson","Carnegie Museum of Invertebrate Zoology",,"No known compromise","N",,
"e4f7c4da-51b5-4b49-a568-200c928b153d","WOOD_024.basePlot.bet","D09","WOOD","WOOD_024","2015-08-19","2015-09-02","2016-11-09","NEON.BET.D09.001138","SYNAME","Animalia","Arthropoda","Insecta","Coleoptera","Carabidae","Harpalinae","Lebiini","Syntomus",,"americanus",,"Syntomus americanus","Dejean","species",,"F",,"Lindroth, C. H. 1969. The ground-beetles (Carabidae, excl. Cicindelinae) of Canada and Alaska, parts 1-6. Opuscula E. Entomoligiska Sallskapet.","Robert L. Davidson","Carnegie Museum of Invertebrate Zoology",,"No known compromise","N",,"immature"
"2ed63455-172e-4390-8f98-60cae82f4353","WOOD_004.basePlot.bet","D09","WOOD","WOOD_004","2015-08-19","2015-09-02","2016-11-08","NEON.BET.D09.001215","CYMNEG","Animalia","Arthropoda","Insecta","Coleoptera","Carabidae","Harpalinae","Lebiini","Cymindis","Tarulus","neglecta",,"Cymindis neglecta","Haldeman","species",,"F",,"Lindroth, C. H. 1969. The ground-beetles (Carabidae, excl. Cicindelinae) of Canada and Alaska, parts 1-6. Opuscula E. Entomoligiska Sallskapet.","Robert L. Davidson","Carnegie Museum of Invertebrate Zoology",,"No known compromise","N",,
"ae9c850e-5792-4bde-96e3-47dde9f73fd4","WOOD_024.basePlot.bet","D09","WOOD","WOOD_024","2015-08-19","2015-09-02","2016-11-08","NEON.BET.D09.001136","SYNIMP","Animalia","Arthropoda","Insecta","Coleoptera","Carabidae","Harpalinae","Sphodrini","Synuchus",,"impunctatus",,"Synuchus impunctatus","Say","species",,"F",,"Lindroth, C. H. 1969. The ground-beetles (Carabidae, excl. Cicindelinae) of Canada and Alaska, parts 1-6. Opuscula E. Entomoligiska Sallskapet.","Robert L. Davidson","Carnegie Museum of Invertebrate Zoology",,"No known compromise","N",,"immature"
"a9b209e8-184f-4a59-be38-5edc2fd50b98","WOOD_005.basePlot.bet","D09","WOOD","WOOD_005","2015-09-02","2015-09-16","2016-11-09","NEON.BET.D09.001238","BRACYA2","Animalia","Arthropoda","Insecta","Coleoptera","Carabidae","Brachininae","Brachinini","Brachinus","Neobrachinus","cyanochroaticus",,"Brachinus cyanochroaticus","Erwin","species",,"F",,"Erwin, T. L. 1970a. A Reclassification of Bombardier Beetles and a Taxonomic Revision of the North and Middle American Species (Carabidae: Brachinida). Quaestiones Entomologicae 6:4-215.","Robert L. Davidson","Carnegie Museum of Invertebrate Zoology",,"No known compromise","N",,
"8e2d16fd-170c-4565-8756-956ef25de35e","WOOD_023.basePlot.bet","D09","WOOD","WOOD_023","2015-09-02","2015-09-16","2016-11-08","NEON.BET.D09.001278","AGOPRO","Animalia","Arthropoda","Insecta","Coleoptera","Carabidae","Harpalinae","Platynini","Agonum","Olisares","propinquum",,"Agonum propinquum","Gemminger and Harold","species",,"M",,"Liebherr, J. K. 1994. Identification of new world Agonum , review of the mexican fauna , and description of Incagonum , new genus , from South America (Coleoptera: Carabidae: Platynini). Journal of The New York Entomological Society 102:1-55.","Robert L. Davidson","Carnegie Museum of Invertebrate Zoology",,"No known compromise","N",,"immature"
"648e70f9-0110-49de-ab7c-475498889ba8","WOOD_021.basePlot.bet","D09","WOOD","WOOD_021","2015-09-02","2015-09-16","2016-11-07","NEON.BET.D09.001314","PATLEC","Animalia","Arthropoda","Insecta","Coleoptera","Carabidae","Patrobinae","Patrobini","Patrobus",,"lecontei",,"Patrobus lecontei","Chaudoir","species",,"F",,"Lindroth, C. H. 1969. The ground-beetles (Carabidae, excl. Cicindelinae) of Canada and Alaska, parts 1-6. Opuscula E. Entomoligiska Sallskapet.","Robert L. Davidson","Carnegie Museum of Invertebrate Zoology",,"No known compromise","N",,
"50925a40-e2ad-49ca-a5cc-6da3ebfac56d","WOOD_021.basePlot.bet","D09","WOOD","WOOD_021","2015-09-02","2015-09-16","2016-11-07","NEON.BET.D09.001316","DIPSTR","Animalia","Arthropoda","Insecta","Coleoptera","Carabidae","Harpalinae","Licinini","Diplocheila","Isorembus","striatopunctata",,"Diplocheila striatopunctata","LeConte","species",,"F",,"Lindroth, C. H. 1969. The ground-beetles (Carabidae, excl. Cicindelinae) of Canada and Alaska, parts 1-6. Opuscula E. Entomoligiska Sallskapet.","Robert L. Davidson","Carnegie Museum of Invertebrate Zoology",,"No known compromise","N",,
"39d016ef-dfb6-4d68-8c46-9e258e187095","WOOD_007.basePlot.bet","D09","WOOD","WOOD_007","2015-09-02","2015-09-16","2016-11-09","NEON.BET.D09.001274","SYNAME","Animalia","Arthropoda","Insecta","Coleoptera","Carabidae","Harpalinae","Lebiini","Syntomus",,"americanus",,"Syntomus americanus","Dejean","species",,"F",,"Lindroth, C. H. 1969. The ground-beetles (Carabidae, excl. Cicindelinae) of Canada and Alaska, parts 1-6. Opuscula E. Entomoligiska Sallskapet.","Robert L. Davidson","Carnegie Museum of Invertebrate Zoology",,"No known compromise","N",,"State Record for North Dakota"
"4bbacc55-ef45-45bd-a703-bc33f0b25dd3","WOOD_007.basePlot.bet","D09","WOOD","WOOD_007","2015-09-02","2015-09-16","2016-11-09","NEON.BET.D09.001276","PTEFEM","Animalia","Arthropoda","Insecta","Coleoptera","Carabidae","Harpalinae","Pterostichini","Pterostichus","Phonias","femoralis",,"Pterostichus femoralis","Kirby","species",,"M",,"Lindroth, C. H. 1969. The ground-beetles (Carabidae, excl. Cicindelinae) of Canada and Alaska, parts 1-6. Opuscula E. Entomoligiska Sallskapet.","Robert L. Davidson","Carnegie Museum of Invertebrate Zoology",,"No known compromise","N",,
"5f9e0bb3-c325-4091-9296-55ce16a8854b","WOOD_002.basePlot.bet","D09","WOOD","WOOD_002","2015-09-02","2015-09-16","2016-11-08","NEON.BET.D09.001243","CYMNEG","Animalia","Arthropoda","Insecta","Coleoptera","Carabidae","Harpalinae","Lebiini","Cymindis","Tarulus","neglecta",,"Cymindis neglecta","Haldeman","species",,"F",,"Lindroth, C. H. 1969. The ground-beetles (Carabidae, excl. Cicindelinae) of Canada and Alaska, parts 1-6. Opuscula E. Entomoligiska Sallskapet.","Robert L. Davidson","Carnegie Museum of Invertebrate Zoology",,"No known compromise","N",,
"9a8f72c4-db92-4b47-88af-ba49d2717219","WOOD_001.basePlot.bet","D09","WOOD","WOOD_001","2015-09-02","2015-09-16","2016-10-13","NEON.BET.D09.001241","PTEMEL","Animalia","Arthropoda","Insecta","Coleoptera","Carabidae","Harpalinae","Pterostichini","Pterostichus","Morphnosoma","melanarius","melanarius","Pterostichus melanarius melanarius","Illiger","subspecies",,"F",,"Lindroth, C. H. 1969. The ground-beetles (Carabidae, excl. Cicindelinae) of Canada and Alaska, parts 1-6. Opuscula E. Entomoligiska Sallskapet.","Robert L. Davidson","Carnegie Museum of Invertebrate Zoology",,"No known compromise","N",,
"0a262d5e-a59b-4cec-b747-7fe6e221692f","WOOD_002.basePlot.bet","D09","WOOD","WOOD_002","2015-09-02","2015-09-16","2016-10-13","NEON.BET.D09.001246","PTEMEL","Animalia","Arthropoda","Insecta","Coleoptera","Carabidae","Harpalinae","Pterostichini","Pterostichus","Morphnosoma","melanarius","melanarius","Pterostichus melanarius melanarius","Illiger","subspecies",,"F",,"Lindroth, C. H. 1969. The ground-beetles (Carabidae, excl. Cicindelinae) of Canada and Alaska, parts 1-6. Opuscula E. Entomoligiska Sallskapet.","Robert L. Davidson","Carnegie Museum of Invertebrate Zoology",,"No known compromise","N",,
"349a21d3-3b7c-4cc7-8c1b-a162cffe5a2f","WOOD_024.basePlot.bet","D09","WOOD","WOOD_024","2015-09-02","2015-09-16","2016-11-08","NEON.BET.D09.001308","AGOPRO","Animalia","Arthropoda","Insecta","Coleoptera","Carabidae","Harpalinae","Platynini","Agonum","Olisares","propinquum",,"Agonum propinquum","Gemminger and Harold","species",,"M",,"Liebherr, J. K. 1994. Identification of new world Agonum , review of the mexican fauna , and description of Incagonum , new genus , from South America (Coleoptera: Carabidae: Platynini). Journal of The New York Entomological Society 102:1-55.","Robert L. Davidson","Carnegie Museum of Invertebrate Zoology",,"No known compromise","N",,"immature"
"b38a8922-8a91-4a6c-8a1e-564078b19183","WOOD_024.basePlot.bet","D09","WOOD","WOOD_024","2015-09-02","2015-09-16","2016-11-07","NEON.BET.D09.001264","PATLEC","Animalia","Arthropoda","Insecta","Coleoptera","Carabidae","Patrobinae","Patrobini","Patrobus",,"lecontei",,"Patrobus lecontei","Chaudoir","species",,"F",,"Lindroth, C. H. 1969. The ground-beetles (Carabidae, excl. Cicindelinae) of Canada and Alaska, parts 1-6. Opuscula E. Entomoligiska Sallskapet.","Robert L. Davidson","Carnegie Museum of Invertebrate Zoology",,"No known compromise","N",,
"e6966e05-eb8c-4404-8eb7-d23e4656fa97","WOOD_024.basePlot.bet","D09","WOOD","WOOD_024","2015-09-02","2015-09-16","2016-10-19","NEON.BET.D09.001258","PTECOR3","Animalia","Arthropoda","Insecta","Coleoptera","Carabidae","Harpalinae","Pterostichini","Pterostichus","Melanius","corvinus",,"Pterostichus corvinus","Dejean","species",,"F",,"Lindroth, C. H. 1969. The ground-beetles (Carabidae, excl. Cicindelinae) of Canada and Alaska, parts 1-6. Opuscula E. Entomoligiska Sallskapet.","Robert L. Davidson","Carnegie Museum of Invertebrate Zoology",,"No known compromise","N",,
"7bd04950-d87a-45c6-9db2-f29856fba920","WOOD_024.basePlot.bet","D09","WOOD","WOOD_024","2015-09-02","2015-09-16","2016-11-08","NEON.BET.D09.001267","AGOPRO","Animalia","Arthropoda","Insecta","Coleoptera","Carabidae","Harpalinae","Platynini","Agonum","Olisares","propinquum",,"Agonum propinquum","Gemminger and Harold","species",,"F",,"Liebherr, J. K. 1994. Identification of new world Agonum , review of the mexican fauna , and description of Incagonum , new genus , from South America (Coleoptera: Carabidae: Platynini). Journal of The New York Entomological Society 102:1-55.","Robert L. Davidson","Carnegie Museum of Invertebrate Zoology",,"No known compromise","N",,"immature"
"700d7bee-2476-44b5-86c3-394e1be6c5eb","WOOD_024.basePlot.bet","D09","WOOD","WOOD_024","2015-09-02","2015-09-16","2016-11-07","NEON.BET.D09.001249","BLEHUD","Animalia","Arthropoda","Insecta","Coleoptera","Carabidae","Elaphrinae","Elaphrini","Blethisa",,"hudsonica",,"Blethisa hudsonica","Casey","species",,"M",,"Goulet, H., G. S. Lafer and S. Morita. 2009. A redescription of Blethisa multipunctata aurata Fischer von Waldheim, 1828 (Coleoptera: Carabidae: Elaphrinae). Zootaxa 2121:27-34.","Robert L. Davidson","Carnegie Museum of Invertebrate Zoology",,"No known compromise","N",,
"55837c00-1848-4428-82ad-e34c27c7ecc7","WOOD_024.basePlot.bet","D09","WOOD","WOOD_024","2015-09-02","2015-09-16","2016-11-08","NEON.BET.D09.001268","AGOPRO","Animalia","Arthropoda","Insecta","Coleoptera","Carabidae","Harpalinae","Platynini","Agonum","Olisares","propinquum",,"Agonum propinquum","Gemminger and Harold","species",,"F",,"Liebherr, J. K. 1994. Identification of new world Agonum , review of the mexican fauna , and description of Incagonum , new genus , from South America (Coleoptera: Carabidae: Platynini). Journal of The New York Entomological Society 102:1-55.","Robert L. Davidson","Carnegie Museum of Invertebrate Zoology",,"No known compromise","N",,"immature"
"66e82e65-4de8-4f45-af1b-a85159e36dea","WOOD_024.basePlot.bet","D09","WOOD","WOOD_024","2015-09-02","2015-09-16","2016-10-19","NEON.BET.D09.001257","PTECOR3","Animalia","Arthropoda","Insecta","Coleoptera","Carabidae","Harpalinae","Pterostichini","Pterostichus","Melanius","corvinus",,"Pterostichus corvinus","Dejean","species",,"F",,"Lindroth, C. H. 1969. The ground-beetles (Carabidae, excl. Cicindelinae) of Canada and Alaska, parts 1-6. Opuscula E. Entomoligiska Sallskapet.","Robert L. Davidson","Carnegie Museum of Invertebrate Zoology",,"No known compromise","N",,"immature"
"c0946e64-5b46-4ad5-9b97-b7feb85e10c2","WOOD_024.basePlot.bet","D09","WOOD","WOOD_024","2015-09-02","2015-09-16","2016-11-11","NEON.BET.D09.001321","BEMPSE1","Animalia","Arthropoda","Insecta","Coleoptera","Carabidae","Trechinae","Bembidiini","Bembidion","Trepanedoris","pseudocautum",,"Bembidion pseudocautum","Lindroth","species",,"M",,"Lindroth, C. H. 1969. The ground-beetles (Carabidae, excl. Cicindelinae) of Canada and Alaska, parts 1-6. Opuscula E. Entomoligiska Sallskapet.","Robert L. Davidson","Carnegie Museum of Invertebrate Zoology","head and prothorax missing","sample incomplete","N",,"head and prothorax missing"
"55582525-1781-4cab-852c-baf072f1bc76","WOOD_024.basePlot.bet","D09","WOOD","WOOD_024","2015-09-02","2015-09-16","2016-11-08","NEON.BET.D09.001266","AGOPRO","Animalia","Arthropoda","Insecta","Coleoptera","Carabidae","Harpalinae","Platynini","Agonum","Olisares","propinquum",,"Agonum propinquum","Gemminger and Harold","species",,"M",,"Liebherr, J. K. 1994. Identification of new world Agonum , review of the mexican fauna , and description of Incagonum , new genus , from South America (Coleoptera: Carabidae: Platynini). Journal of The New York Entomological Society 102:1-55.","Robert L. Davidson","Carnegie Museum of Invertebrate Zoology",,"No known compromise","N",,
"2c60b8ab-f39e-408f-9f66-f41ac702694a","WOOD_024.basePlot.bet","D09","WOOD","WOOD_024","2015-09-02","2015-09-16","2016-11-07","NEON.BET.D09.001262","PATLEC","Animalia","Arthropoda","Insecta","Coleoptera","Carabidae","Patrobinae","Patrobini","Patrobus",,"lecontei",,"Patrobus lecontei","Chaudoir","species",,"F",,"Lindroth, C. H. 1969. The ground-beetles (Carabidae, excl. Cicindelinae) of Canada and Alaska, parts 1-6. Opuscula E. Entomoligiska Sallskapet.","Robert L. Davidson","Carnegie Museum of Invertebrate Zoology",,"No known compromise","N",,
"8262673f-9f04-4950-aca3-8792529dbc5e","WOOD_024.basePlot.bet","D09","WOOD","WOOD_024","2015-09-02","2015-09-16","2016-10-19","NEON.BET.D09.001253","PTECOR3","Animalia","Arthropoda","Insecta","Coleoptera","Carabidae","Harpalinae","Pterostichini","Pterostichus","Melanius","corvinus",,"Pterostichus corvinus","Dejean","species",,"M",,"Lindroth, C. H. 1969. The ground-beetles (Carabidae, excl. Cicindelinae) of Canada and Alaska, parts 1-6. Opuscula E. Entomoligiska Sallskapet.","Robert L. Davidson","Carnegie Museum of Invertebrate Zoology",,"No known compromise","N",,
"95e5ed03-7b71-4304-9b66-883947530c20","WOOD_024.basePlot.bet","D09","WOOD","WOOD_024","2015-09-02","2015-09-16","2016-11-08","NEON.BET.D09.001309","AGOPRO","Animalia","Arthropoda","Insecta","Coleoptera","Carabidae","Harpalinae","Platynini","Agonum","Olisares","propinquum",,"Agonum propinquum","Gemminger and Harold","species",,"M",,"Liebherr, J. K. 1994. Identification of new world Agonum , review of the mexican fauna , and description of Incagonum , new genus , from South America (Coleoptera: Carabidae: Platynini). Journal of The New York Entomological Society 102:1-55.","Robert L. Davidson","Carnegie Museum of Invertebrate Zoology",,"No known compromise","N",,"immature"
"b24e7cd7-5c02-437b-b3e0-aca78b212628","WOOD_024.basePlot.bet","D09","WOOD","WOOD_024","2015-09-02","2015-09-16","2016-11-10","NEON.BET.D09.001320","BEMTRA1","Animalia","Arthropoda","Insecta","Coleoptera","Carabidae","Trechinae","Bembidiini","Bembidion","Diplocampa","transparens","transparens","Bembidion transparens transparens","Gebler","subspecies",,"F",,"Lindroth, C. H. 1969. The ground-beetles (Carabidae, excl. Cicindelinae) of Canada and Alaska, parts 1-6. Opuscula E. Entomoligiska Sallskapet.","Robert L. Davidson","Carnegie Museum of Invertebrate Zoology",,"No known compromise","N",,"immature"
"63b750f7-0d29-4efd-a030-d65959eb13c8","WOOD_024.basePlot.bet","D09","WOOD","WOOD_024","2015-09-02","2015-09-16","2016-11-08","NEON.BET.D09.001307","AGOPRO","Animalia","Arthropoda","Insecta","Coleoptera","Carabidae","Harpalinae","Platynini","Agonum","Olisares","propinquum",,"Agonum propinquum","Gemminger and Harold","species",,"F",,"Liebherr, J. K. 1994. Identification of new world Agonum , review of the mexican fauna , and description of Incagonum , new genus , from South America (Coleoptera: Carabidae: Platynini). Journal of The New York Entomological Society 102:1-55.","Robert L. Davidson","Carnegie Museum of Invertebrate Zoology",,"No known compromise","N",,"immature"
"d566dc11-d770-4fc9-88d7-697203f9f210","WOOD_024.basePlot.bet","D09","WOOD","WOOD_024","2015-09-02","2015-09-16","2016-11-08","NEON.BET.D09.001311","AGOPRO","Animalia","Arthropoda","Insecta","Coleoptera","Carabidae","Harpalinae","Platynini","Agonum","Olisares","propinquum",,"Agonum propinquum","Gemminger and Harold","species",,"F",,"Liebherr, J. K. 1994. Identification of new world Agonum , review of the mexican fauna , and description of Incagonum , new genus , from South America (Coleoptera: Carabidae: Platynini). Journal of The New York Entomological Society 102:1-55.","Robert L. Davidson","Carnegie Museum of Invertebrate Zoology",,"No known compromise","N",,"immature"
"05d6cbe6-f08f-4565-9a8e-7849c22df71f","WOOD_024.basePlot.bet","D09","WOOD","WOOD_024","2015-09-02","2015-09-16","2016-11-08","NEON.BET.D09.001269","AGOPRO","Animalia","Arthropoda","Insecta","Coleoptera","Carabidae","Harpalinae","Platynini","Agonum","Olisares","propinquum",,"Agonum propinquum","Gemminger and Harold","species",,"M",,"Liebherr, J. K. 1994. Identification of new world Agonum , review of the mexican fauna , and description of Incagonum , new genus , from South America (Coleoptera: Carabidae: Platynini). Journal of The New York Entomological Society 102:1-55.","Robert L. Davidson","Carnegie Museum of Invertebrate Zoology",,"No known compromise","N",,
"3e524e7b-3015-47db-9474-6ffacd3a9486","WOOD_024.basePlot.bet","D09","WOOD","WOOD_024","2015-09-02","2015-09-16","2016-10-19","NEON.BET.D09.001250","PTECOR3","Animalia","Arthropoda","Insecta","Coleoptera","Carabidae","Harpalinae","Pterostichini","Pterostichus","Melanius","corvinus",,"Pterostichus corvinus","Dejean","species",,"F",,"Lindroth, C. H. 1969. The ground-beetles (Carabidae, excl. Cicindelinae) of Canada and Alaska, parts 1-6. Opuscula E. Entomoligiska Sallskapet.","Robert L. Davidson","Carnegie Museum of Invertebrate Zoology",,"No known compromise","N",,
"54e6c401-5e08-4791-885c-a2b36615c1b1","WOOD_024.basePlot.bet","D09","WOOD","WOOD_024","2015-09-02","2015-09-16","2016-11-10","NEON.BET.D09.001322","BEMMIM","Animalia","Arthropoda","Insecta","Coleoptera","Carabidae","Trechinae","Bembidiini","Bembidion","Furcacampa","mimus",,"Bembidion mimus","Hayward","species",,"F",,"Lindroth, C. H. 1969. The ground-beetles (Carabidae, excl. Cicindelinae) of Canada and Alaska, parts 1-6. Opuscula E. Entomoligiska Sallskapet.","Robert L. Davidson","Carnegie Museum of Invertebrate Zoology",,"No known compromise","N",,
"fe856150-0a95-4624-a05b-984ec1e434d0","WOOD_024.basePlot.bet","D09","WOOD","WOOD_024","2015-09-02","2015-09-16","2016-11-08","NEON.BET.D09.001310","AGOPRO","Animalia","Arthropoda","Insecta","Coleoptera","Carabidae","Harpalinae","Platynini","Agonum","Olisares","propinquum",,"Agonum propinquum","Gemminger and Harold","species",,"F",,"Liebherr, J. K. 1994. Identification of new world Agonum , review of the mexican fauna , and description of Incagonum , new genus , from South America (Coleoptera: Carabidae: Platynini). Journal of The New York Entomological Society 102:1-55.","Robert L. Davidson","Carnegie Museum of Invertebrate Zoology",,"No known compromise","N",,"immature"
"d641afcf-6238-42cd-b331-de8d6a1f3622","WOOD_024.basePlot.bet","D09","WOOD","WOOD_024","2015-09-02","2015-09-16","2016-11-11","NEON.BET.D09.001319","BEMPSE1","Animalia","Arthropoda","Insecta","Coleoptera","Carabidae","Trechinae","Bembidiini","Bembidion","Trepanedoris","pseudocautum",,"Bembidion pseudocautum","Lindroth","species",,"F",,"Lindroth, C. H. 1969. The ground-beetles (Carabidae, excl. Cicindelinae) of Canada and Alaska, parts 1-6. Opuscula E. Entomoligiska Sallskapet.","Robert L. Davidson","Carnegie Museum of Invertebrate Zoology","head and prothorax missing","sample incomplete","N",,"head and prothorax missing"
"0704eeaf-8be0-41ce-bf23-707bc0f4cb88","WOOD_024.basePlot.bet","D09","WOOD","WOOD_024","2015-09-02","2015-09-16","2016-10-19","NEON.BET.D09.001248","PTECOR3","Animalia","Arthropoda","Insecta","Coleoptera","Carabidae","Harpalinae","Pterostichini","Pterostichus","Melanius","corvinus",,"Pterostichus corvinus","Dejean","species",,"M",,"Lindroth, C. H. 1969. The ground-beetles (Carabidae, excl. Cicindelinae) of Canada and Alaska, parts 1-6. Opuscula E. Entomoligiska Sallskapet.","Robert L. Davidson","Carnegie Museum of Invertebrate Zoology",,"No known compromise","N",,
"98c4b02e-3e39-4985-bad3-d089fdc904c9","WOOD_024.basePlot.bet","D09","WOOD","WOOD_024","2015-09-02","2015-09-16","2016-11-09","NEON.BET.D09.001317","BRACYA2","Animalia","Arthropoda","Insecta","Coleoptera","Carabidae","Brachininae","Brachinini","Brachinus","Neobrachinus","cyanochroaticus",,"Brachinus cyanochroaticus","Erwin","species",,"F",,"Erwin, T. L. 1970a. A Reclassification of Bombardier Beetles and a Taxonomic Revision of the North and Middle American Species (Carabidae: Brachinida). Quaestiones Entomologicae 6:4-215.","Robert L. Davidson","Carnegie Museum of Invertebrate Zoology",,"No known compromise","N",,
"a4b612ac-d83e-4cef-bfd7-a0bd440afb4e","WOOD_024.basePlot.bet","D09","WOOD","WOOD_024","2015-09-02","2015-09-16","2016-11-07","NEON.BET.D09.001259","PATLEC","Animalia","Arthropoda","Insecta","Coleoptera","Carabidae","Patrobinae","Patrobini","Patrobus",,"lecontei",,"Patrobus lecontei","Chaudoir","species",,"F",,"Lindroth, C. H. 1969. The ground-beetles (Carabidae, excl. Cicindelinae) of Canada and Alaska, parts 1-6. Opuscula E. Entomoligiska Sallskapet.","Robert L. Davidson","Carnegie Museum of Invertebrate Zoology",,"No known compromise","N",,
"228ace45-23be-4997-a903-7630cb74397b","WOOD_024.basePlot.bet","D09","WOOD","WOOD_024","2015-09-02","2015-09-16","2016-11-08","NEON.BET.D09.001313","AGOPRO","Animalia","Arthropoda","Insecta","Coleoptera","Carabidae","Harpalinae","Platynini","Agonum","Olisares","propinquum",,"Agonum propinquum","Gemminger and Harold","species",,"F",,"Liebherr, J. K. 1994. Identification of new world Agonum , review of the mexican fauna , and description of Incagonum , new genus , from South America (Coleoptera: Carabidae: Platynini). Journal of The New York Entomological Society 102:1-55.","Robert L. Davidson","Carnegie Museum of Invertebrate Zoology",,"No known compromise","N",,
"c0d94427-9068-4f62-9890-ad37fd49780f","WOOD_024.basePlot.bet","D09","WOOD","WOOD_024","2015-09-02","2015-09-16","2016-10-19","NEON.BET.D09.001252","PTECOR3","Animalia","Arthropoda","Insecta","Coleoptera","Carabidae","Harpalinae","Pterostichini","Pterostichus","Melanius","corvinus",,"Pterostichus corvinus","Dejean","species",,"M",,"Lindroth, C. H. 1969. The ground-beetles (Carabidae, excl. Cicindelinae) of Canada and Alaska, parts 1-6. Opuscula E. Entomoligiska Sallskapet.","Robert L. Davidson","Carnegie Museum of Invertebrate Zoology",,"No known compromise","N",,
"dbb30239-a1ce-49c7-9809-b1f3cba1496b","WOOD_024.basePlot.bet","D09","WOOD","WOOD_024","2015-09-02","2015-09-16","2016-11-07","NEON.BET.D09.001261","PATLEC","Animalia","Arthropoda","Insecta","Coleoptera","Carabidae","Patrobinae","Patrobini","Patrobus",,"lecontei",,"Patrobus lecontei","Chaudoir","species",,"F",,"Lindroth, C. H. 1969. The ground-beetles (Carabidae, excl. Cicindelinae) of Canada and Alaska, parts 1-6. Opuscula E. Entomoligiska Sallskapet.","Robert L. Davidson","Carnegie Museum of Invertebrate Zoology",,"No known compromise","N",,
"12ece442-7987-4dff-b8bb-ede2546deb20","WOOD_024.basePlot.bet","D09","WOOD","WOOD_024","2015-09-02","2015-09-16","2016-11-08","NEON.BET.D09.001318","AGOGRA","Animalia","Arthropoda","Insecta","Coleoptera","Carabidae","Harpalinae","Platynini","Agonum","Europhilus","gratiosum",,"Agonum gratiosum","Mannerheim","species",,"M",,"Liebherr, J. K. 1994. Identification of new world Agonum , review of the mexican fauna , and description of Incagonum , new genus , from South America (Coleoptera: Carabidae: Platynini). Journal of The New York Entomological Society 102:1-55.","Robert L. Davidson","Carnegie Museum of Invertebrate Zoology",,"No known compromise","N",,"immature"
"e27ecb08-566a-4e98-b6ea-57c1412a9aac","WOOD_024.basePlot.bet","D09","WOOD","WOOD_024","2015-09-02","2015-09-16","2016-11-07","NEON.BET.D09.001260","PATLEC","Animalia","Arthropoda","Insecta","Coleoptera","Carabidae","Patrobinae","Patrobini","Patrobus",,"lecontei",,"Patrobus lecontei","Chaudoir","species",,"F",,"Lindroth, C. H. 1969. The ground-beetles (Carabidae, excl. Cicindelinae) of Canada and Alaska, parts 1-6. Opuscula E. Entomoligiska Sallskapet.","Robert L. Davidson","Carnegie Museum of Invertebrate Zoology",,"No known compromise","N",,
"476b5536-69e8-465d-822f-d3222663c8e5","WOOD_024.basePlot.bet","D09","WOOD","WOOD_024","2015-09-02","2015-09-16","2016-10-19","NEON.BET.D09.001256","PTECOR3","Animalia","Arthropoda","Insecta","Coleoptera","Carabidae","Harpalinae","Pterostichini","Pterostichus","Melanius","corvinus",,"Pterostichus corvinus","Dejean","species",,"F",,"Lindroth, C. H. 1969. The ground-beetles (Carabidae, excl. Cicindelinae) of Canada and Alaska, parts 1-6. Opuscula E. Entomoligiska Sallskapet.","Robert L. Davidson","Carnegie Museum of Invertebrate Zoology",,"No known compromise","N",,"immature"
"e8f7a4e6-7f40-4a93-99fe-9cca401db4df","WOOD_024.basePlot.bet","D09","WOOD","WOOD_024","2015-09-02","2015-09-16","2016-11-08","NEON.BET.D09.001265","AGOPRO","Animalia","Arthropoda","Insecta","Coleoptera","Carabidae","Harpalinae","Platynini","Agonum","Olisares","propinquum",,"Agonum propinquum","Gemminger and Harold","species",,"F",,"Liebherr, J. K. 1994. Identification of new world Agonum , review of the mexican fauna , and description of Incagonum , new genus , from South America (Coleoptera: Carabidae: Platynini). Journal of The New York Entomological Society 102:1-55.","Robert L. Davidson","Carnegie Museum of Invertebrate Zoology",,"No known compromise","N",,"immature"
"0e2a75c5-48b0-4bd4-a93d-d9e60740b7cd","WOOD_024.basePlot.bet","D09","WOOD","WOOD_024","2015-09-02","2015-09-16","2016-11-08","NEON.BET.D09.001312","AGOPRO","Animalia","Arthropoda","Insecta","Coleoptera","Carabidae","Harpalinae","Platynini","Agonum","Olisares","propinquum",,"Agonum propinquum","Gemminger and Harold","species",,"M",,"Liebherr, J. K. 1994. Identification of new world Agonum , review of the mexican fauna , and description of Incagonum , new genus , from South America (Coleoptera: Carabidae: Platynini). Journal of The New York Entomological Society 102:1-55.","Robert L. Davidson","Carnegie Museum of Invertebrate Zoology",,"No known compromise","N",,
"96b801d2-4b7d-4877-929e-4535841434ce","WOOD_023.basePlot.bet","D09","WOOD","WOOD_023","2015-09-02","2015-09-16","2016-11-07","NEON.BET.D09.001303","PATLEC","Animalia","Arthropoda","Insecta","Coleoptera","Carabidae","Patrobinae","Patrobini","Patrobus",,"lecontei",,"Patrobus lecontei","Chaudoir","species",,"F",,"Lindroth, C. H. 1969. The ground-beetles (Carabidae, excl. Cicindelinae) of Canada and Alaska, parts 1-6. Opuscula E. Entomoligiska Sallskapet.","Robert L. Davidson","Carnegie Museum of Invertebrate Zoology",,"No known compromise","N",,
"92d423bc-a8ee-4f1b-b0f3-dd5ab0b12895","WOOD_023.basePlot.bet","D09","WOOD","WOOD_023","2015-09-02","2015-09-16","2016-10-13","NEON.BET.D09.001297","PTEMEL","Animalia","Arthropoda","Insecta","Coleoptera","Carabidae","Harpalinae","Pterostichini","Pterostichus","Morphnosoma","melanarius","melanarius","Pterostichus melanarius melanarius","Illiger","subspecies",,"F",,"Lindroth, C. H. 1969. The ground-beetles (Carabidae, excl. Cicindelinae) of Canada and Alaska, parts 1-6. Opuscula E. Entomoligiska Sallskapet.","Robert L. Davidson","Carnegie Museum of Invertebrate Zoology",,"No known compromise","N",,
"59b3a76b-80e0-4892-af83-76e7af5375be","WOOD_023.basePlot.bet","D09","WOOD","WOOD_023","2015-09-02","2015-09-16","2016-11-07","NEON.BET.D09.001290","PATLEC","Animalia","Arthropoda","Insecta","Coleoptera","Carabidae","Patrobinae","Patrobini","Patrobus",,"lecontei",,"Patrobus lecontei","Chaudoir","species",,"F",,"Lindroth, C. H. 1969. The ground-beetles (Carabidae, excl. Cicindelinae) of Canada and Alaska, parts 1-6. Opuscula E. Entomoligiska Sallskapet.","Robert L. Davidson","Carnegie Museum of Invertebrate Zoology",,"No known compromise","N",,
"d91873f5-f673-4311-8fcc-e2755c7adff2","WOOD_023.basePlot.bet","D09","WOOD","WOOD_023","2015-09-02","2015-09-16","2016-11-10","NEON.BET.D09.001277","BEMQUA4","Animalia","Arthropoda","Insecta","Coleoptera","Carabidae","Trechinae","Bembidiini","Bembidion","Bembidion","quadrimaculatum","oppositum","Bembidion quadrimaculatum oppositum","Say","subspecies",,"F",,"Lindroth, C. H. 1969. The ground-beetles (Carabidae, excl. Cicindelinae) of Canada and Alaska, parts 1-6. Opuscula E. Entomoligiska Sallskapet.","Robert L. Davidson","Carnegie Museum of Invertebrate Zoology",,"No known compromise","N",,
"ba198aa7-b9ad-49e9-853f-24311a71e047","WOOD_023.basePlot.bet","D09","WOOD","WOOD_023","2015-09-02","2015-09-16","2016-11-09","NEON.BET.D09.001301","PTECOM","Animalia","Arthropoda","Insecta","Coleoptera","Carabidae","Harpalinae","Pterostichini","Pterostichus","Argutor","commutabilis",,"Pterostichus commutabilis","Motschulsky","species",,"M",,"Bousquet, Y., and R. Webster. 2004. Review of the Nearctic species of the Holarctic subgenus Argutor (Coleoptera: Carabidae). Canadian Entomologist 136:645-660.","Robert L. Davidson","Carnegie Museum of Invertebrate Zoology",,"No known compromise","N",,
"9120b4e0-2e87-4992-81cd-7e6033444060","WOOD_023.basePlot.bet","D09","WOOD","WOOD_023","2015-09-02","2015-09-16","2016-11-07","NEON.BET.D09.001289","CHLALT","Animalia","Arthropoda","Insecta","Coleoptera","Carabidae","Harpalinae","Chlaeniini","Chlaenius","Agostenus","alternatus",,"Chlaenius alternatus","Horn","species",,"M",,"Bell, R. T. 1960. A Revision of the Genus Chlaenius Bonelli (Coleoptera, Carabidae) in North America. Miscellaneous Publications of the Entomological Society of America 1:98-166.","Robert L. Davidson","Carnegie Museum of Invertebrate Zoology",,"No known compromise","N",,
"60b78c63-5d10-435b-960f-b793e3e0cf86","WOOD_023.basePlot.bet","D09","WOOD","WOOD_023","2015-09-02","2015-09-16","2016-11-08","NEON.BET.D09.001280","AGOGRA","Animalia","Arthropoda","Insecta","Coleoptera","Carabidae","Harpalinae","Platynini","Agonum","Europhilus","gratiosum",,"Agonum gratiosum","Mannerheim","species",,"F",,"Liebherr, J. K. 1994. Identification of new world Agonum , review of the mexican fauna , and description of Incagonum , new genus , from South America (Coleoptera: Carabidae: Platynini). Journal of The New York Entomological Society 102:1-55.","Robert L. Davidson","Carnegie Museum of Invertebrate Zoology",,"No known compromise","N",,
"2072b0da-b1ad-4413-9e4d-5f273d3316a1","WOOD_023.basePlot.bet","D09","WOOD","WOOD_023","2015-09-02","2015-09-16","2016-11-07","NEON.BET.D09.001288","CHLALT","Animalia","Arthropoda","Insecta","Coleoptera","Carabidae","Harpalinae","Chlaeniini","Chlaenius","Agostenus","alternatus",,"Chlaenius alternatus","Horn","species",,"M",,"Bell, R. T. 1960. A Revision of the Genus Chlaenius Bonelli (Coleoptera, Carabidae) in North America. Miscellaneous Publications of the Entomological Society of America 1:98-166.","Robert L. Davidson","Carnegie Museum of Invertebrate Zoology",,"No known compromise","N",,
"b6bd5ae4-0179-4068-aadf-6bcd713ce212","WOOD_023.basePlot.bet","D09","WOOD","WOOD_023","2015-09-02","2015-09-16","2016-10-13","NEON.BET.D09.001281","PTEMEL","Animalia","Arthropoda","Insecta","Coleoptera","Carabidae","Harpalinae","Pterostichini","Pterostichus","Morphnosoma","melanarius","melanarius","Pterostichus melanarius melanarius","Illiger","subspecies",,"F",,"Lindroth, C. H. 1969. The ground-beetles (Carabidae, excl. Cicindelinae) of Canada and Alaska, parts 1-6. Opuscula E. Entomoligiska Sallskapet.","Robert L. Davidson","Carnegie Museum of Invertebrate Zoology",,"No known compromise","N",,
"2782d11b-cb80-4625-b3d0-dcc564c647cd","WOOD_023.basePlot.bet","D09","WOOD","WOOD_023","2015-09-02","2015-09-16","2016-11-08","NEON.BET.D09.001279","AGOPRO","Animalia","Arthropoda","Insecta","Coleoptera","Carabidae","Harpalinae","Platynini","Agonum","Olisares","propinquum",,"Agonum propinquum","Gemminger and Harold","species",,"M",,"Liebherr, J. K. 1994. Identification of new world Agonum , review of the mexican fauna , and description of Incagonum , new genus , from South America (Coleoptera: Carabidae: Platynini). Journal of The New York Entomological Society 102:1-55.","Robert L. Davidson","Carnegie Museum of Invertebrate Zoology",,"No known compromise","N",,
"9fb75813-e6f9-4c4d-87a3-6e3c7b65c5b9","WOOD_021.basePlot.bet","D09","WOOD","WOOD_021","2015-09-02","2015-09-16","2016-10-13","NEON.BET.D09.001305","PTEMEL","Animalia","Arthropoda","Insecta","Coleoptera","Carabidae","Harpalinae","Pterostichini","Pterostichus","Morphnosoma","melanarius","melanarius","Pterostichus melanarius melanarius","Illiger","subspecies",,"F",,"Lindroth, C. H. 1969. The ground-beetles (Carabidae, excl. Cicindelinae) of Canada and Alaska, parts 1-6. Opuscula E. Entomoligiska Sallskapet.","Robert L. Davidson","Carnegie Museum of Invertebrate Zoology",,"No known compromise","N",,
