uid,namedLocation,domainID,siteID,plotID,trapID,setDate,collectDate,processingDate,etOHChangeDate,identifiedDate,sampleID,subsampleID,sampleType,taxonID,scientificName,taxonRank,identificationQualifier,scientificNameAuthorship,morphospeciesID,individualCount,identificationReferences,identifiedBy,recordedBy,remarks
"668af085-a7fe-4d21-96f4-170641e1fa65","WOOD_006.basePlot.bet","D09","WOOD","WOOD_006","N","2015-08-19","2015-09-02","2015-09-03","2015-09-09",,"WOOD_006.N.20150902","WY3Zl9EyMicPkFOmFhW1QsvgnklGz0ftXaD2qKSHY+A=","invert bycatch",,,,,,,,,,"eE6kvSR3uoy9zdn7o7etq88/xsP7F3Qo",
"c7ae78b0-6d06-476b-837c-d8a060f914aa","WOOD_024.basePlot.bet","D09","WOOD","WOOD_024","N","2015-08-19","2015-09-02","2015-09-03","2015-09-09",,"WOOD_024.N.20150902","rKE54NR9lxREHzj3B6VcLcSKpm2hySkPZniXcpRLw34=","invert bycatch",,,,,,,,,,"eE6kvSR3uoy9zdn7o7etq88/xsP7F3Qo",
"8ba1f865-1180-44bc-94d4-b5460153e889","WOOD_001.basePlot.bet","D09","WOOD","WOOD_001","N","2015-08-19","2015-09-02","2015-09-03","2015-09-04",,"WOOD_001.N.20150902","vZVALStcGzemkswto4CoLaCF/DaRfLBDppIzH0F3UBA=","invert bycatch",,,,,,,,,,"eE6kvSR3uoy9zdn7o7etq88/xsP7F3Qo",
"3514e144-1438-4f47-9f0d-02fbb13f7cb2","WOOD_002.basePlot.bet","D09","WOOD","WOOD_002","N","2015-08-19","2015-09-02","2015-09-03","2015-09-09",,"WOOD_002.N.20150902","V7nyjIgYGmOq7etLsw3mo2pKO37mumLuQbi59l+XHSc=","invert bycatch",,,,,,,,,,"eE6kvSR3uoy9zdn7o7etq88/xsP7F3Qo",
"29be9f55-e97a-4d1b-a62c-822c6cea42c2","WOOD_007.basePlot.bet","D09","WOOD","WOOD_007","N","2015-08-19","2015-09-02","2015-09-03","2016-01-15","2016-01-27","WOOD_007.N.20150902","5mkFtj0S+gg8JsQ8+kY2DVfYVE+QWO2WucGTQxXaY3M=","carabid","SYNAME","Syntomus americanus","species","cf. species","Dejean",,2,"Lindroth, C. H. 1969. The ground-beetles (Carabidae, excl. Cicindelinae) of Canada and Alaska, parts 1-6. Opuscula E. Entomoligiska Sallskapet.","4oCBvlQIQ4DhSH30J22+0bs0GAacIQwk","a/0SlN26fEtmJ3LLysIxkaRUfZvckIBE",
"50a072a8-0231-4a29-8c64-da62e1dc452a","WOOD_007.basePlot.bet","D09","WOOD","WOOD_007","N","2015-08-19","2015-09-02","2015-09-03","2015-09-04",,"WOOD_007.N.20150902","5mkFtj0S+gg8JsQ8+kY2DTUyc095gbPgVXnrO5tG4Wg=","invert bycatch",,,,,,,,,,"49AT3csB7SNH9c2JnAOTHYMNXNZpKUYr",
"4970b59e-f129-4008-992f-53a9976b647f","WOOD_005.basePlot.bet","D09","WOOD","WOOD_005","N","2015-08-19","2015-09-02","2015-09-03","2015-09-04",,"WOOD_005.N.20150902","Q/pjwyhQ09ycrZ7nsLw/Q5dQFZVj1jaAc+rupC1ogcY=","invert bycatch",,,,,,,,,,"49AT3csB7SNH9c2JnAOTHYMNXNZpKUYr",
"6421d238-32fe-4ac1-b038-3b18f007af5e","WOOD_021.basePlot.bet","D09","WOOD","WOOD_021","N","2015-08-19","2015-09-02","2015-09-03","2015-09-04",,"WOOD_021.N.20150902","WrmnCoit364/y0h1CUHTiz+LL+O+1IBWPhF/n3DBIbA=","invert bycatch",,,,,,,,,,"eE6kvSR3uoy9zdn7o7etq88/xsP7F3Qo",
"32a42adb-1a81-4dd3-aece-4346d50a8c05","WOOD_023.basePlot.bet","D09","WOOD","WOOD_023","S","2015-08-19","2015-09-02","2015-09-03","2016-01-19","2016-01-22","WOOD_023.S.20150902","HkhQBNKo1QB/33EtIZadeSSl2gg7LIpLA3VEb10D/QQ=","carabid","BEMQUA4","Bembidion quadrimaculatum oppositum","subspecies",,"Say",,1,"Lindroth, C. H. 1969. The ground-beetles (Carabidae, excl. Cicindelinae) of Canada and Alaska, parts 1-6. Opuscula E. Entomoligiska Sallskapet.","4oCBvlQIQ4DhSH30J22+0bs0GAacIQwk","a/0SlN26fEtmJ3LLysIxkaRUfZvckIBE",
"173a2543-15e8-4dcb-b1c6-0beda6308026","WOOD_023.basePlot.bet","D09","WOOD","WOOD_023","S","2015-08-19","2015-09-02","2015-09-03","2016-01-19","2016-01-21","WOOD_023.S.20150902","HkhQBNKo1QB/33EtIZadeSRXpaFJf6TXsTRzVUVSck8=","carabid","PTECOM","Pterostichus commutabilis","species","cf. species","Motschulsky",,1,"Lindroth, C. H. 1969. The ground-beetles (Carabidae, excl. Cicindelinae) of Canada and Alaska, parts 1-6. Opuscula E. Entomoligiska Sallskapet.","4oCBvlQIQ4DhSH30J22+0bs0GAacIQwk","a/0SlN26fEtmJ3LLysIxkaRUfZvckIBE",
"2b1f0cec-5016-4009-9477-72c53711eacb","WOOD_023.basePlot.bet","D09","WOOD","WOOD_023","S","2015-08-19","2015-09-02","2015-09-03","2016-01-19","2016-01-25","WOOD_023.S.20150902","HkhQBNKo1QB/33EtIZadeUgdEvt9dR9r7vT6/P4O7Zw=","carabid","PTEMEL","Pterostichus melanarius melanarius","subspecies",,"Illiger",,8,"Lindroth, C. H. 1969. The ground-beetles (Carabidae, excl. Cicindelinae) of Canada and Alaska, parts 1-6. Opuscula E. Entomoligiska Sallskapet.","4oCBvlQIQ4DhSH30J22+0bs0GAacIQwk","a/0SlN26fEtmJ3LLysIxkaRUfZvckIBE",
"ca216f65-8223-4348-82c4-d6b34446f0be","WOOD_023.basePlot.bet","D09","WOOD","WOOD_023","S","2015-08-19","2015-09-02","2015-09-03","2016-01-19","2016-01-25","WOOD_023.S.20150902","HkhQBNKo1QB/33EtIZadeSRXpaFJf6TXdtKED4SPwfU=","carabid","PTECOR3","Pterostichus corvinus","species","cf. species","Dejean",,1,"Lindroth, C. H. 1969. The ground-beetles (Carabidae, excl. Cicindelinae) of Canada and Alaska, parts 1-6. Opuscula E. Entomoligiska Sallskapet.","4oCBvlQIQ4DhSH30J22+0bs0GAacIQwk","a/0SlN26fEtmJ3LLysIxkaRUfZvckIBE",
"031520f0-3b51-4180-8a85-b0819e44a482","WOOD_002.basePlot.bet","D09","WOOD","WOOD_002","S","2015-08-19","2015-09-02","2015-09-03","2016-01-14","2016-01-25","WOOD_002.S.20150902","V7nyjIgYGmPGW5RkcOYDIIeQ82Ozlv0XgDJ+ODOCuWA=","carabid","PTEMEL","Pterostichus melanarius melanarius","subspecies",,"Illiger",,2,"Lindroth, C. H. 1969. The ground-beetles (Carabidae, excl. Cicindelinae) of Canada and Alaska, parts 1-6. Opuscula E. Entomoligiska Sallskapet.","4oCBvlQIQ4DhSH30J22+0bs0GAacIQwk","a/0SlN26fEtmJ3LLysIxkaRUfZvckIBE",
"74b89eca-ad57-454c-80b6-cd2580994ec4","WOOD_006.basePlot.bet","D09","WOOD","WOOD_006","S","2015-08-19","2015-09-02","2015-09-03","2016-01-13","2016-01-25","WOOD_006.S.20150902","WY3Zl9EyMieUvlDPxyB+04soy/L0hLGLpg8sREGliHg=","carabid","PTEMEL","Pterostichus melanarius melanarius","subspecies",,"Illiger",,1,"Lindroth, C. H. 1969. The ground-beetles (Carabidae, excl. Cicindelinae) of Canada and Alaska, parts 1-6. Opuscula E. Entomoligiska Sallskapet.","4oCBvlQIQ4DhSH30J22+0bs0GAacIQwk","a/0SlN26fEtmJ3LLysIxkaRUfZvckIBE",
"532c16d6-8c99-4a00-9052-9e5162e96b46","WOOD_023.basePlot.bet","D09","WOOD","WOOD_023","S","2015-08-19","2015-09-02","2015-09-03","2016-01-19","2016-01-22","WOOD_023.S.20150902","HkhQBNKo1QB/33EtIZadeXGHhjRIVeCe1jBDjzXgYCc=","carabid","DIPSTR","Diplocheila striatopunctata","species",,"LeConte",,1,"Lindroth, C. H. 1969. The ground-beetles (Carabidae, excl. Cicindelinae) of Canada and Alaska, parts 1-6. Opuscula E. Entomoligiska Sallskapet.","4oCBvlQIQ4DhSH30J22+0bs0GAacIQwk","a/0SlN26fEtmJ3LLysIxkaRUfZvckIBE",
"e82a16b2-f469-4eae-ae79-56b80804717c","WOOD_007.basePlot.bet","D09","WOOD","WOOD_007","S","2015-08-19","2015-09-02","2015-09-03","2016-01-15","2016-01-22","WOOD_007.S.20150902","5mkFtj0S+ggRycJyJqYyrfOgIafXRfUS55cuycuMD4M=","carabid","AMACUP","Amara cupreolata","species","cf. species","Putzeys",,1,"Lindroth, C. H. 1969. The ground-beetles (Carabidae, excl. Cicindelinae) of Canada and Alaska, parts 1-6. Opuscula E. Entomoligiska Sallskapet.","4oCBvlQIQ4DhSH30J22+0bs0GAacIQwk","a/0SlN26fEtmJ3LLysIxkaRUfZvckIBE",
"749985c0-61d3-4df2-92a4-83a14fd39382","WOOD_007.basePlot.bet","D09","WOOD","WOOD_007","S","2015-08-19","2015-09-02","2015-09-03","2016-01-15","2016-01-27","WOOD_007.S.20150902","5mkFtj0S+ggRycJyJqYyrXOnfJicR6+QmvqkRIGLhhc=","carabid","SYNAME","Syntomus americanus","species","cf. species","Dejean",,4,"Lindroth, C. H. 1969. The ground-beetles (Carabidae, excl. Cicindelinae) of Canada and Alaska, parts 1-6. Opuscula E. Entomoligiska Sallskapet.","4oCBvlQIQ4DhSH30J22+0bs0GAacIQwk","a/0SlN26fEtmJ3LLysIxkaRUfZvckIBE",
"b8d04d40-141a-42b5-bb42-dc8197e5164d","WOOD_002.basePlot.bet","D09","WOOD","WOOD_002","S","2015-08-19","2015-09-02","2015-09-03","2016-01-14","2016-01-22","WOOD_002.S.20150902","V7nyjIgYGmPGW5RkcOYDIPyEy0dQPDKNMfqpUOnxVYo=","carabid","CYMNEG","Cymindis neglecta","species",,"Haldeman",,1,"Lindroth, C. H. 1969. The ground-beetles (Carabidae, excl. Cicindelinae) of Canada and Alaska, parts 1-6. Opuscula E. Entomoligiska Sallskapet.","4oCBvlQIQ4DhSH30J22+0bs0GAacIQwk","a/0SlN26fEtmJ3LLysIxkaRUfZvckIBE",
"0c5a7ebc-ae51-42c6-9847-851f3cdba3a7","WOOD_003.basePlot.bet","D09","WOOD","WOOD_003","S","2015-08-19","2015-09-02","2015-09-03","2015-09-04",,"WOOD_003.S.20150902","gVhx7bcr2vPVxuC4MX3D7b0srjtTyV1VNfKZ2AqTGCU=","invert bycatch",,,,,,,,,,"gvqKh+2rVI0t8HJY2s8e/fWJiaOGqWFm",
"434b35ef-7ba7-44b7-a507-be0df4341b8d","WOOD_023.basePlot.bet","D09","WOOD","WOOD_023","S","2015-08-19","2015-09-02","2015-09-03","2015-09-09",,"WOOD_023.S.20150902","HkhQBNKo1QB/33EtIZadeU8L0Q4sntXf53JcnnK0Nes=","invert bycatch",,,,,,,,,,"eE6kvSR3uoy9zdn7o7etq88/xsP7F3Qo",
"62eddc3c-a055-4afe-95f7-df9f1d5707c8","WOOD_005.basePlot.bet","D09","WOOD","WOOD_005","S","2015-08-19","2015-09-02","2015-09-03","2015-09-04",,"WOOD_005.S.20150902","Q/pjwyhQ09z2D0gRdKAm0jII/ZW2wPigep7XV/yAdbo=","invert bycatch",,,,,,,,,,"49AT3csB7SNH9c2JnAOTHYMNXNZpKUYr",
"03cbf7d2-dd9c-44d6-a983-f7111a306713","WOOD_007.basePlot.bet","D09","WOOD","WOOD_007","S","2015-08-19","2015-09-02","2015-09-03","2015-09-04",,"WOOD_007.S.20150902","5mkFtj0S+ggRycJyJqYyrQh/Op5yxAiO9LoE6pPumTg=","invert bycatch",,,,,,,,,,"49AT3csB7SNH9c2JnAOTHYMNXNZpKUYr",
"28d937a1-a3dc-4692-8027-9ce43f553efb","WOOD_002.basePlot.bet","D09","WOOD","WOOD_002","S","2015-08-19","2015-09-02","2015-09-03","2015-09-09",,"WOOD_002.S.20150902","V7nyjIgYGmPGW5RkcOYDIN3igesN01uf+EHCUZfJ/1k=","invert bycatch",,,,,,,,,,"eE6kvSR3uoy9zdn7o7etq88/xsP7F3Qo",
"6c6acb41-8a1d-4620-a26b-13bcf1be29ff","WOOD_006.basePlot.bet","D09","WOOD","WOOD_006","S","2015-08-19","2015-09-02","2015-09-03","2015-09-09",,"WOOD_006.S.20150902","WY3Zl9EyMieUvlDPxyB+0whZgOf3GW8fvnkE3KUWbrA=","invert bycatch",,,,,,,,,,"eE6kvSR3uoy9zdn7o7etq88/xsP7F3Qo",
"fc50c492-d14c-4a5f-80ec-6a7e44f6c27e","WOOD_004.basePlot.bet","D09","WOOD","WOOD_004","S","2015-08-19","2015-09-02","2015-09-03","2015-09-03",,"WOOD_004.S.20150902","tVkCk1nh7tEzQiI23vMWyfVXzJynqk6PdcunGiU36WU=","invert bycatch",,,,,,,,,,"eE6kvSR3uoy9zdn7o7etq88/xsP7F3Qo",
"2e045f6d-e624-407e-973b-84587a006903","WOOD_007.basePlot.bet","D09","WOOD","WOOD_007","W","2015-08-19","2015-09-02","2015-09-03","2016-01-15","2016-01-27","WOOD_007.W.20150902","5mkFtj0S+gjhtj3JnHzUKh48BDDsztnKB2bBkIfh3yc=","carabid","SYNAME","Syntomus americanus","species","cf. species","Dejean",,2,"Lindroth, C. H. 1969. The ground-beetles (Carabidae, excl. Cicindelinae) of Canada and Alaska, parts 1-6. Opuscula E. Entomoligiska Sallskapet.","4oCBvlQIQ4DhSH30J22+0bs0GAacIQwk","a/0SlN26fEtmJ3LLysIxkaRUfZvckIBE",
"4ef42347-cb59-40ee-98b5-838f6aae7c34","WOOD_007.basePlot.bet","D09","WOOD","WOOD_007","W","2015-08-19","2015-09-02","2015-09-03","2016-01-15","2016-01-22","WOOD_007.W.20150902","5mkFtj0S+gjhtj3JnHzUKivfimsTEi2gluXgz9dgH5A=","carabid","CARSP14","Carabidae sp.","family",,"Latreille","D09.2015.MorphA",1,"Lindroth, C. H. 1969. The ground-beetles (Carabidae, excl. Cicindelinae) of Canada and Alaska, parts 1-6. Opuscula E. Entomoligiska Sallskapet.","4oCBvlQIQ4DhSH30J22+0bs0GAacIQwk","a/0SlN26fEtmJ3LLysIxkaRUfZvckIBE","Dyschirius sp.| unable to narrow down to species| could be multiple species in morphospecies| metallic sheen but one individual a bit more brownish than black"
"93690e37-5b86-4f81-8da1-5956bdead5df","WOOD_002.basePlot.bet","D09","WOOD","WOOD_002","W","2015-08-19","2015-09-02","2015-09-03","2016-01-14","2016-01-25","WOOD_002.W.20150902","V7nyjIgYGmM6sIIp+cKQBMVYUyXk+gRpdS8S8O0izSY=","carabid","PTEMEL","Pterostichus melanarius melanarius","subspecies",,"Illiger",,1,"Lindroth, C. H. 1969. The ground-beetles (Carabidae, excl. Cicindelinae) of Canada and Alaska, parts 1-6. Opuscula E. Entomoligiska Sallskapet.","4oCBvlQIQ4DhSH30J22+0bs0GAacIQwk","a/0SlN26fEtmJ3LLysIxkaRUfZvckIBE",
"2c9c8086-9629-4405-a2a3-9a20e0b2d461","WOOD_002.basePlot.bet","D09","WOOD","WOOD_002","W","2015-08-19","2015-09-02","2015-09-03","2016-01-14","2016-01-25","WOOD_002.W.20150902","V7nyjIgYGmM6sIIp+cKQBIVRjcb1zfXvN3LehjnF4U8=","carabid","POELUC","Poecilus lucublandus","species",,"Say",,1,"Lindroth, C. H. 1969. The ground-beetles (Carabidae, excl. Cicindelinae) of Canada and Alaska, parts 1-6. Opuscula E. Entomoligiska Sallskapet.","4oCBvlQIQ4DhSH30J22+0bs0GAacIQwk","a/0SlN26fEtmJ3LLysIxkaRUfZvckIBE",
"3ffb6c8d-d223-4232-a7fc-8c76212ff1a4","WOOD_001.basePlot.bet","D09","WOOD","WOOD_001","W","2015-08-19","2015-09-02","2015-09-03","2016-01-19","2016-01-25","WOOD_001.W.20150902","vZVALStcGze4oqiSg8fWakqNkZhrmKbQau0056VmwHs=","carabid","PTEMEL","Pterostichus melanarius melanarius","subspecies",,"Illiger",,1,"Lindroth, C. H. 1969. The ground-beetles (Carabidae, excl. Cicindelinae) of Canada and Alaska, parts 1-6. Opuscula E. Entomoligiska Sallskapet.","4oCBvlQIQ4DhSH30J22+0bs0GAacIQwk","a/0SlN26fEtmJ3LLysIxkaRUfZvckIBE",
"419ee616-21db-49c8-abab-7840c0ed65a4","WOOD_006.basePlot.bet","D09","WOOD","WOOD_006","W","2015-08-19","2015-09-02","2015-09-03","2016-01-13","2016-01-25","WOOD_006.W.20150902","WY3Zl9EyMieRLqe2GmMq7d7uAUdrN+P1303buvXd8z8=","carabid","PTEMEL","Pterostichus melanarius melanarius","subspecies",,"Illiger",,2,"Lindroth, C. H. 1969. The ground-beetles (Carabidae, excl. Cicindelinae) of Canada and Alaska, parts 1-6. Opuscula E. Entomoligiska Sallskapet.","4oCBvlQIQ4DhSH30J22+0bs0GAacIQwk","a/0SlN26fEtmJ3LLysIxkaRUfZvckIBE",
"ab9c0abe-08e8-4792-b665-d2314efa0e6d","WOOD_001.basePlot.bet","D09","WOOD","WOOD_001","W","2015-08-19","2015-09-02","2015-09-03","2016-01-19","2016-01-27","WOOD_001.W.20150902","vZVALStcGze4oqiSg8fWasZJKW2DR6H04GQZcNy7kJY=","carabid","SYNAME","Syntomus americanus","species","cf. species","Dejean",,1,"Lindroth, C. H. 1969. The ground-beetles (Carabidae, excl. Cicindelinae) of Canada and Alaska, parts 1-6. Opuscula E. Entomoligiska Sallskapet.","4oCBvlQIQ4DhSH30J22+0bs0GAacIQwk","a/0SlN26fEtmJ3LLysIxkaRUfZvckIBE",
"a99298b1-6828-4c43-a2e6-780271c5c69c","WOOD_004.basePlot.bet","D09","WOOD","WOOD_004","W","2015-08-19","2015-09-02","2015-09-03","2016-01-15","2016-01-22","WOOD_004.W.20150902","tVkCk1nh7tHmUpCuPlsZH+ycpNFJLLpct5Zy/zaygOg=","carabid","CYMNEG","Cymindis neglecta","species",,"Haldeman",,1,"Lindroth, C. H. 1969. The ground-beetles (Carabidae, excl. Cicindelinae) of Canada and Alaska, parts 1-6. Opuscula E. Entomoligiska Sallskapet.","4oCBvlQIQ4DhSH30J22+0bs0GAacIQwk","a/0SlN26fEtmJ3LLysIxkaRUfZvckIBE",
"179a48f3-19a7-4d0e-b565-b009c452cbe7","WOOD_023.basePlot.bet","D09","WOOD","WOOD_023","W","2015-08-19","2015-09-02","2015-09-03","2016-01-19","2016-01-21","WOOD_023.W.20150902","HkhQBNKo1QBPb44/Zt7AWqB7P/Xg7hRWg7jB1UllkX8=","carabid","PATLEC","Patrobus lecontei","species","cf. species","Chaudoir",,2,"Lindroth, C. H. 1969. The ground-beetles (Carabidae, excl. Cicindelinae) of Canada and Alaska, parts 1-6. Opuscula E. Entomoligiska Sallskapet.","4oCBvlQIQ4DhSH30J22+0bs0GAacIQwk","a/0SlN26fEtmJ3LLysIxkaRUfZvckIBE",
"4998f9eb-a104-4cbe-983e-96b773bbb9d1","WOOD_023.basePlot.bet","D09","WOOD","WOOD_023","W","2015-08-19","2015-09-02","2015-09-03","2016-01-19","2016-01-22","WOOD_023.W.20150902","HkhQBNKo1QBPb44/Zt7AWlfP1VSDAH4mACl0Hwrdcpw=","carabid","CARMAE","Carabus maeander maeander","subspecies",,"Fischer von Waldheim",,1,"Lindroth, C. H. 1969. The ground-beetles (Carabidae, excl. Cicindelinae) of Canada and Alaska, parts 1-6. Opuscula E. Entomoligiska Sallskapet.","4oCBvlQIQ4DhSH30J22+0bs0GAacIQwk","a/0SlN26fEtmJ3LLysIxkaRUfZvckIBE",
"bacd8999-5460-49fa-92c7-f882d4f3d710","WOOD_023.basePlot.bet","D09","WOOD","WOOD_023","W","2015-08-19","2015-09-02","2015-09-03","2016-01-19","2016-01-21","WOOD_023.W.20150902","HkhQBNKo1QBPb44/Zt7AWpBM5/klsayJU29nC50Sb3U=","carabid","AGOPRO","Agonum propinquum","species","cf. species","Gemminger and Harold",,1,"Lindroth, C. H. 1969. The ground-beetles (Carabidae, excl. Cicindelinae) of Canada and Alaska, parts 1-6. Opuscula E. Entomoligiska Sallskapet.","4oCBvlQIQ4DhSH30J22+0bs0GAacIQwk","a/0SlN26fEtmJ3LLysIxkaRUfZvckIBE",
"4669261f-cbb2-4491-933f-8bea4739a809","WOOD_004.basePlot.bet","D09","WOOD","WOOD_004","W","2015-08-19","2015-09-02","2015-09-03","2015-09-03",,"WOOD_004.W.20150902","tVkCk1nh7tHmUpCuPlsZH2VAmeG9lvqQNJY0yYY1CeM=","invert bycatch",,,,,,,,,,"eE6kvSR3uoy9zdn7o7etq88/xsP7F3Qo",
"13a09143-f83c-4cc5-95dd-192c032af80b","WOOD_023.basePlot.bet","D09","WOOD","WOOD_023","W","2015-08-19","2015-09-02","2015-09-03","2015-09-09",,"WOOD_023.W.20150902","HkhQBNKo1QBPb44/Zt7AWloNe74Gs5Rttvb2wriNawk=","invert bycatch",,,,,,,,,,"eE6kvSR3uoy9zdn7o7etq88/xsP7F3Qo",
"91bd6c75-916a-4071-8d1e-b1797f97e3d1","WOOD_003.basePlot.bet","D09","WOOD","WOOD_003","W","2015-08-19","2015-09-02","2015-09-03","2015-09-04",,"WOOD_003.W.20150902","gVhx7bcr2vPNu942vL6aod8PEj9Y0X2EDKDjrV4V6Jo=","invert bycatch",,,,,,,,,,"gvqKh+2rVI0t8HJY2s8e/fWJiaOGqWFm",
"1ee39b37-1dea-48ef-8cc2-3c808008aeeb","WOOD_005.basePlot.bet","D09","WOOD","WOOD_005","W","2015-08-19","2015-09-02","2015-09-03","2015-09-04",,"WOOD_005.W.20150902","Q/pjwyhQ09wS8nTqfpfAX5Tjads+5pc70TKV985byZ4=","invert bycatch",,,,,,,,,,"49AT3csB7SNH9c2JnAOTHYMNXNZpKUYr",
"76587525-051b-44bd-92a8-40243d77d456","WOOD_007.basePlot.bet","D09","WOOD","WOOD_007","W","2015-08-19","2015-09-02","2015-09-03","2015-09-04",,"WOOD_007.W.20150902","5mkFtj0S+gjhtj3JnHzUKmeOHncojPmC5Dr6BG+CsUc=","invert bycatch",,,,,,,,,,"49AT3csB7SNH9c2JnAOTHYMNXNZpKUYr",
"0e5c4494-c00f-4684-98b4-3fa5beea5046","WOOD_002.basePlot.bet","D09","WOOD","WOOD_002","W","2015-08-19","2015-09-02","2015-09-03","2015-09-09",,"WOOD_002.W.20150902","V7nyjIgYGmM6sIIp+cKQBFkcy8wXUe9Qdzg4j4tyn64=","invert bycatch",,,,,,,,,,"eE6kvSR3uoy9zdn7o7etq88/xsP7F3Qo",
"13155e68-b685-4aea-bbcd-d7eb035cdc54","WOOD_006.basePlot.bet","D09","WOOD","WOOD_006","W","2015-08-19","2015-09-02","2015-09-03","2015-09-09",,"WOOD_006.W.20150902","WY3Zl9EyMieRLqe2GmMq7SftxAwehjvqJbdZ9E1APOk=","invert bycatch",,,,,,,,,,"eE6kvSR3uoy9zdn7o7etq88/xsP7F3Qo",
"fcc59381-dd5a-4cf9-a11a-c8a4177f63e6","WOOD_001.basePlot.bet","D09","WOOD","WOOD_001","W","2015-08-19","2015-09-02","2015-09-03","2015-09-04",,"WOOD_001.W.20150902","vZVALStcGze4oqiSg8fWanIApTFx8zLREq3mXgEsw58=","invert bycatch",,,,,,,,,,"eE6kvSR3uoy9zdn7o7etq88/xsP7F3Qo",
"93bce0e7-faff-41ba-8b0f-dba98ff3675e","WOOD_023.basePlot.bet","D09","WOOD","WOOD_023","E","2015-08-19","2015-09-02","2015-09-03","2016-01-19","2016-01-25","WOOD_023.E.20150902","HkhQBNKo1QDH9WfGaaJTwAPCBUGuK+oJZ0NOfZnK5qY=","carabid","PTEMEL","Pterostichus melanarius melanarius","subspecies",,"Illiger",,12,"Lindroth, C. H. 1969. The ground-beetles (Carabidae, excl. Cicindelinae) of Canada and Alaska, parts 1-6. Opuscula E. Entomoligiska Sallskapet.","4oCBvlQIQ4DhSH30J22+0bs0GAacIQwk","a/0SlN26fEtmJ3LLysIxkaRUfZvckIBE",
"38da61a5-b7f5-40d3-b970-a4e24b2a5433","WOOD_023.basePlot.bet","D09","WOOD","WOOD_023","E","2015-08-19","2015-09-02","2015-09-03","2016-01-19","2016-01-21","WOOD_023.E.20150902","HkhQBNKo1QDH9WfGaaJTwOROT24a6yl9nPnsGMIAsuc=","carabid","OXYPUS","Oxypselaphus pusillus","species",,"LeConte",,1,"Lindroth, C. H. 1969. The ground-beetles (Carabidae, excl. Cicindelinae) of Canada and Alaska, parts 1-6. Opuscula E. Entomoligiska Sallskapet.","4oCBvlQIQ4DhSH30J22+0bs0GAacIQwk","a/0SlN26fEtmJ3LLysIxkaRUfZvckIBE",
"7a06141a-f4b1-4558-8989-e9b9fb5b290a","WOOD_007.basePlot.bet","D09","WOOD","WOOD_007","E","2015-08-19","2015-09-02","2015-09-03","2016-01-15","2016-01-27","WOOD_007.E.20150902","5mkFtj0S+ghVPgPw3BKW9fQBt1d85i75MvcXlG0K4h8=","carabid","SYNAME","Syntomus americanus","species","cf. species","Dejean",,3,"Lindroth, C. H. 1969. The ground-beetles (Carabidae, excl. Cicindelinae) of Canada and Alaska, parts 1-6. Opuscula E. Entomoligiska Sallskapet.","4oCBvlQIQ4DhSH30J22+0bs0GAacIQwk","a/0SlN26fEtmJ3LLysIxkaRUfZvckIBE",
"a02ba0a2-5d5e-4a99-bd52-152ac14355e2","WOOD_002.basePlot.bet","D09","WOOD","WOOD_002","E","2015-08-19","2015-09-02","2015-09-03","2016-01-14","2016-01-25","WOOD_002.E.20150902","V7nyjIgYGmPsrfFWaAbdc00px6ciVQarDzsQB3gCNjk=","carabid","PTEMEL","Pterostichus melanarius melanarius","subspecies",,"Illiger",,3,"Lindroth, C. H. 1969. The ground-beetles (Carabidae, excl. Cicindelinae) of Canada and Alaska, parts 1-6. Opuscula E. Entomoligiska Sallskapet.","4oCBvlQIQ4DhSH30J22+0bs0GAacIQwk","a/0SlN26fEtmJ3LLysIxkaRUfZvckIBE",
"edc1194d-e304-4545-a0a9-1199025c8246","WOOD_007.basePlot.bet","D09","WOOD","WOOD_007","E","2015-08-19","2015-09-02","2015-09-03","2016-01-15","2016-01-22","WOOD_007.E.20150902","5mkFtj0S+ghVPgPw3BKW9UAJBCHUDBUgRCHRrpfWOgA=","carabid","CYMNEG","Cymindis neglecta","species",,"Haldeman",,2,"Lindroth, C. H. 1969. The ground-beetles (Carabidae, excl. Cicindelinae) of Canada and Alaska, parts 1-6. Opuscula E. Entomoligiska Sallskapet.","4oCBvlQIQ4DhSH30J22+0bs0GAacIQwk","a/0SlN26fEtmJ3LLysIxkaRUfZvckIBE",
"bbf50ef8-f1da-4c48-a2fc-7ec34f00436f","WOOD_002.basePlot.bet","D09","WOOD","WOOD_002","E","2015-08-19","2015-09-02","2015-09-03","2016-01-14","2016-01-22","WOOD_002.E.20150902","V7nyjIgYGmPsrfFWaAbdc4GB0ROKbRWRno9ALFlh8+U=","carabid","CYMNEG","Cymindis neglecta","species",,"Haldeman",,1,"Lindroth, C. H. 1969. The ground-beetles (Carabidae, excl. Cicindelinae) of Canada and Alaska, parts 1-6. Opuscula E. Entomoligiska Sallskapet.","4oCBvlQIQ4DhSH30J22+0bs0GAacIQwk","a/0SlN26fEtmJ3LLysIxkaRUfZvckIBE",
"24a6a218-13e9-4097-aa58-0f9b98768799","WOOD_004.basePlot.bet","D09","WOOD","WOOD_004","E","2015-08-19","2015-09-02","2015-09-03","2016-01-15","2016-01-26","WOOD_004.E.20150902","tVkCk1nh7tHYZrRML8ZImVrXXlPNQ9olscK6/47HYVo=","carabid","PTEMEL","Pterostichus melanarius melanarius","subspecies",,"Illiger",,1,"Lindroth, C. H. 1969. The ground-beetles (Carabidae, excl. Cicindelinae) of Canada and Alaska, parts 1-6. Opuscula E. Entomoligiska Sallskapet.","4oCBvlQIQ4DhSH30J22+0bs0GAacIQwk","a/0SlN26fEtmJ3LLysIxkaRUfZvckIBE",
"685bae99-7540-4bcb-8f98-a12bf144d959","WOOD_021.basePlot.bet","D09","WOOD","WOOD_021","E","2015-08-19","2015-09-02","2015-09-03","2016-01-15","2016-01-22","WOOD_021.E.20150902","WrmnCoit366aYWK9g06YabdoFZ/zuDKUGa5q3l9syt0=","carabid","CHLSER","Chlaenius sericeus","species",,"Forster",,1,"Lindroth, C. H. 1969. The ground-beetles (Carabidae, excl. Cicindelinae) of Canada and Alaska, parts 1-6. Opuscula E. Entomoligiska Sallskapet.","4oCBvlQIQ4DhSH30J22+0bs0GAacIQwk","a/0SlN26fEtmJ3LLysIxkaRUfZvckIBE",
"94b38662-00a9-45b7-ada6-0ff1b092af4c","WOOD_021.basePlot.bet","D09","WOOD","WOOD_021","E","2015-08-19","2015-09-02","2015-09-03","2016-01-15","2016-01-22","WOOD_021.E.20150902","WrmnCoit366aYWK9g06YaeqkqBq0duwh/H4QSoS7X2M=","carabid","ANIHAR2","Anisodactylus harrisii","species",,"LeConte",,1,"Lindroth, C. H. 1969. The ground-beetles (Carabidae, excl. Cicindelinae) of Canada and Alaska, parts 1-6. Opuscula E. Entomoligiska Sallskapet.","4oCBvlQIQ4DhSH30J22+0bs0GAacIQwk","a/0SlN26fEtmJ3LLysIxkaRUfZvckIBE",
"a35de955-7bf6-43ec-8da7-f005dba17254","WOOD_023.basePlot.bet","D09","WOOD","WOOD_023","E","2015-08-19","2015-09-02","2015-09-03","2015-09-09",,"WOOD_023.E.20150902","HkhQBNKo1QDH9WfGaaJTwLsC23yrfSBOI92Gp1KQWRk=","invert bycatch",,,,,,,,,,"eE6kvSR3uoy9zdn7o7etq88/xsP7F3Qo",
"45f4c8d5-f72a-47ed-ad5c-7295504a5466","WOOD_004.basePlot.bet","D09","WOOD","WOOD_004","E","2015-08-19","2015-09-02","2015-09-03","2015-09-03",,"WOOD_004.E.20150902","tVkCk1nh7tHYZrRML8ZImea4PxUg6p3H79LvWxWHhhw=","invert bycatch",,,,,,,,,,"eE6kvSR3uoy9zdn7o7etq88/xsP7F3Qo",
"68290f5f-e35e-43c5-92da-be203ea2ba07","WOOD_003.basePlot.bet","D09","WOOD","WOOD_003","E","2015-08-19","2015-09-02","2015-09-03","2015-09-04",,"WOOD_003.E.20150902","gVhx7bcr2vPfgD1jJpAncPokKjzvMJpodrL/M+KJuU4=","invert bycatch",,,,,,,,,,"gvqKh+2rVI0t8HJY2s8e/fWJiaOGqWFm",
"4623ad84-9c29-4068-a399-c76e71a8f23d","WOOD_021.basePlot.bet","D09","WOOD","WOOD_021","E","2015-08-19","2015-09-02","2015-09-03","2016-01-15","2016-01-25","WOOD_021.E.20150902","WrmnCoit366aYWK9g06YadDQqintBIyYrjDMui/6N9Y=","carabid","PTEMEL","Pterostichus melanarius melanarius","subspecies",,"Illiger",,5,"Lindroth, C. H. 1969. The ground-beetles (Carabidae, excl. Cicindelinae) of Canada and Alaska, parts 1-6. Opuscula E. Entomoligiska Sallskapet.","4oCBvlQIQ4DhSH30J22+0bs0GAacIQwk","a/0SlN26fEtmJ3LLysIxkaRUfZvckIBE",
"56a7e2d5-65f0-4889-8aa8-e6fb12309131","WOOD_007.basePlot.bet","D09","WOOD","WOOD_007","E","2015-08-19","2015-09-02","2015-09-03","2015-09-04",,"WOOD_007.E.20150902","5mkFtj0S+ghVPgPw3BKW9eVgRm5AM8XBfvYzvoI5RBA=","invert bycatch",,,,,,,,,,"49AT3csB7SNH9c2JnAOTHYMNXNZpKUYr",
"065d32af-aee7-4873-8665-6861ffafce4a","WOOD_001.basePlot.bet","D09","WOOD","WOOD_001","E","2015-08-19","2015-09-02","2015-09-03","2015-09-04",,"WOOD_001.E.20150902","vZVALStcGzcsUDFQL3eqjT9210kvRppSgLwzHV4NTbI=","invert bycatch",,,,,,,,,,"eE6kvSR3uoy9zdn7o7etq88/xsP7F3Qo",
"aa6796f0-16b5-460a-b3c7-6c743a6bc990","WOOD_002.basePlot.bet","D09","WOOD","WOOD_002","E","2015-08-19","2015-09-02","2015-09-03","2015-09-09",,"WOOD_002.E.20150902","V7nyjIgYGmPsrfFWaAbdc1O6EXa6m4tpaWGk1cYJIus=","invert bycatch",,,,,,,,,,"eE6kvSR3uoy9zdn7o7etq88/xsP7F3Qo",
"1400660b-79db-4cf6-bee8-436082ea738f","WOOD_006.basePlot.bet","D09","WOOD","WOOD_006","E","2015-08-19","2015-09-02","2015-09-03","2016-01-13","2016-01-25","WOOD_006.E.20150902","WY3Zl9EyMidsY05I3ZVnBySzU0w9f5MQzAZxOIR7qhw=","carabid","PTEMEL","Pterostichus melanarius melanarius","subspecies",,"Illiger",,3,"Lindroth, C. H. 1969. The ground-beetles (Carabidae, excl. Cicindelinae) of Canada and Alaska, parts 1-6. Opuscula E. Entomoligiska Sallskapet.","4oCBvlQIQ4DhSH30J22+0bs0GAacIQwk","a/0SlN26fEtmJ3LLysIxkaRUfZvckIBE",
"ba0659d8-4be4-4973-8c2e-b66ff132c720","WOOD_006.basePlot.bet","D09","WOOD","WOOD_006","E","2015-08-19","2015-09-02","2015-09-03","2015-09-09",,"WOOD_006.E.20150902","WY3Zl9EyMidsY05I3ZVnB9mTRu5QavJfLbB0e9PzBGU=","invert bycatch",,,,,,,,,,"eE6kvSR3uoy9zdn7o7etq88/xsP7F3Qo",
"59381f72-b7b0-4feb-adb9-7f9f3f6e36ba","WOOD_021.basePlot.bet","D09","WOOD","WOOD_021","E","2015-08-19","2015-09-02","2015-09-03","2015-09-04",,"WOOD_021.E.20150902","WrmnCoit366aYWK9g06YaVxdGKXidYm9en2B8lhOOa4=","invert bycatch",,,,,,,,,,"eE6kvSR3uoy9zdn7o7etq88/xsP7F3Qo",
"77267f8a-c4cb-448d-97c4-8e413a0c1fe7","WOOD_021.basePlot.bet","D09","WOOD","WOOD_021","E","2015-08-19","2015-09-02","2015-09-03","2016-01-15","2016-01-20","WOOD_021.E.20150902","WrmnCoit366aYWK9g06YaQjRZA4O3izwNN7B7aEUwFc=","carabid","BRACYA2","Brachinus cyanochroaticus","species",,"Erwin",,2,"Lindroth, C. H. 1969. The ground-beetles (Carabidae, excl. Cicindelinae) of Canada and Alaska, parts 1-6. Opuscula E. Entomoligiska Sallskapet.","4oCBvlQIQ4DhSH30J22+0bs0GAacIQwk","a/0SlN26fEtmJ3LLysIxkaRUfZvckIBE",
"28d138e2-1d9b-4768-9f4b-c4553ad6e2d3","WOOD_005.basePlot.bet","D09","WOOD","WOOD_005","E","2015-08-19","2015-09-02","2015-09-03","2015-09-04",,"WOOD_005.E.20150902","Q/pjwyhQ09yvsoMfuEsR3ZdF0Gpr0PSQPwgba+sOrqs=","invert bycatch",,,,,,,,,,"49AT3csB7SNH9c2JnAOTHYMNXNZpKUYr",
"6f0a8a1f-c99e-488e-9205-e0ddffe7243b","WOOD_021.basePlot.bet","D09","WOOD","WOOD_021","N","2015-08-19","2015-09-02","2015-09-03","2016-01-15","2016-01-25","WOOD_021.N.20150902","WrmnCoit364/y0h1CUHTiwW04Bd8gzHWRR3Tq/Wc2Jo=","carabid","PTEMEL","Pterostichus melanarius melanarius","subspecies",,"Illiger",,2,"Lindroth, C. H. 1969. The ground-beetles (Carabidae, excl. Cicindelinae) of Canada and Alaska, parts 1-6. Opuscula E. Entomoligiska Sallskapet.","4oCBvlQIQ4DhSH30J22+0bs0GAacIQwk","a/0SlN26fEtmJ3LLysIxkaRUfZvckIBE",
"2210993b-5d9a-4d98-9ee6-ba03f908fcfd","WOOD_002.basePlot.bet","D09","WOOD","WOOD_002","N","2015-08-19","2015-09-02","2015-09-03","2016-01-14","2016-01-22","WOOD_002.N.20150902","V7nyjIgYGmOq7etLsw3mo3PqISCECPt5Wzaxfxhgg0s=","carabid","CYMNEG","Cymindis neglecta","species",,"Haldeman",,1,"Lindroth, C. H. 1969. The ground-beetles (Carabidae, excl. Cicindelinae) of Canada and Alaska, parts 1-6. Opuscula E. Entomoligiska Sallskapet.","4oCBvlQIQ4DhSH30J22+0bs0GAacIQwk","a/0SlN26fEtmJ3LLysIxkaRUfZvckIBE",
"6e91acf4-1a5e-4b6b-971e-f3c573d2ff36","WOOD_002.basePlot.bet","D09","WOOD","WOOD_002","N","2015-08-19","2015-09-02","2015-09-03","2016-01-14","2016-01-25","WOOD_002.N.20150902","V7nyjIgYGmOq7etLsw3mo7JAIYfmKM8f1wi6Qns7fZg=","carabid","PTEMEL","Pterostichus melanarius melanarius","subspecies",,"Illiger",,1,"Lindroth, C. H. 1969. The ground-beetles (Carabidae, excl. Cicindelinae) of Canada and Alaska, parts 1-6. Opuscula E. Entomoligiska Sallskapet.","4oCBvlQIQ4DhSH30J22+0bs0GAacIQwk","a/0SlN26fEtmJ3LLysIxkaRUfZvckIBE",
"4453ea94-5244-45cc-a278-0933d5e1a93a","WOOD_024.basePlot.bet","D09","WOOD","WOOD_024","N","2015-08-19","2015-09-02","2015-09-03","2016-01-14","2016-01-27","WOOD_024.N.20150902","rKE54NR9lxREHzj3B6VcLf8XxLh/mtw4xWIGiBnVf8o=","carabid","SYNAME","Syntomus americanus","species","cf. species","Dejean",,1,"Lindroth, C. H. 1969. The ground-beetles (Carabidae, excl. Cicindelinae) of Canada and Alaska, parts 1-6. Opuscula E. Entomoligiska Sallskapet.","4oCBvlQIQ4DhSH30J22+0bs0GAacIQwk","a/0SlN26fEtmJ3LLysIxkaRUfZvckIBE",
"d00df1f0-e182-4290-97ed-f0141da75ea3","WOOD_024.basePlot.bet","D09","WOOD","WOOD_024","N","2015-08-19","2015-09-02","2015-09-03","2016-01-14","2016-01-20","WOOD_024.N.20150902","rKE54NR9lxREHzj3B6VcLROx+28g7/adHB9g0NSLls8=","carabid","BRACYA2","Brachinus cyanochroaticus","species",,"Erwin",,1,"Lindroth, C. H. 1969. The ground-beetles (Carabidae, excl. Cicindelinae) of Canada and Alaska, parts 1-6. Opuscula E. Entomoligiska Sallskapet.","4oCBvlQIQ4DhSH30J22+0bs0GAacIQwk","a/0SlN26fEtmJ3LLysIxkaRUfZvckIBE",
"49e53bdf-9dcb-4622-a5c0-c29d2b7ef9d1","WOOD_024.basePlot.bet","D09","WOOD","WOOD_024","N","2015-08-19","2015-09-02","2015-09-03","2016-01-14","2016-01-20","WOOD_024.N.20150902","rKE54NR9lxREHzj3B6VcLeGp1LdnHqIAKIlzcvLycp0=","carabid","CALADV","Calathus advena","species",,"LeConte",,1,"Lindroth, C. H. 1969. The ground-beetles (Carabidae, excl. Cicindelinae) of Canada and Alaska, parts 1-6. Opuscula E. Entomoligiska Sallskapet.","4oCBvlQIQ4DhSH30J22+0bs0GAacIQwk","a/0SlN26fEtmJ3LLysIxkaRUfZvckIBE",
"0d4b19c7-a5ca-44c4-8b22-187483824c31","WOOD_001.basePlot.bet","D09","WOOD","WOOD_001","N","2015-08-19","2015-09-02","2015-09-03","2016-01-19","2016-01-25","WOOD_001.N.20150902","vZVALStcGzemkswto4CoLb/zGgOiNGXMtGEyxeHmz+o=","carabid","PTEMEL","Pterostichus melanarius melanarius","subspecies",,"Illiger",,2,"Lindroth, C. H. 1969. The ground-beetles (Carabidae, excl. Cicindelinae) of Canada and Alaska, parts 1-6. Opuscula E. Entomoligiska Sallskapet.","4oCBvlQIQ4DhSH30J22+0bs0GAacIQwk","a/0SlN26fEtmJ3LLysIxkaRUfZvckIBE",
"aa532aba-0299-458f-a8f7-4d20ad79ee41","WOOD_004.basePlot.bet","D09","WOOD","WOOD_004","N","2015-08-19","2015-09-02","2015-09-03","2016-01-15","2016-01-20","WOOD_004.N.20150902","tVkCk1nh7tHzM8+WdK+C/qe6eThxw2ZqjfVYutx3BsQ=","carabid","CALGRE","Calathus gregarius","species","cf. species","Say",,1,"Lindroth, C. H. 1969. The ground-beetles (Carabidae, excl. Cicindelinae) of Canada and Alaska, parts 1-6. Opuscula E. Entomoligiska Sallskapet.","4oCBvlQIQ4DhSH30J22+0bs0GAacIQwk","a/0SlN26fEtmJ3LLysIxkaRUfZvckIBE",
"a7b6aeaa-e154-4b71-be29-0faf65cbec01","WOOD_006.basePlot.bet","D09","WOOD","WOOD_006","N","2015-08-19","2015-09-02","2015-09-03","2016-01-14","2016-01-25","WOOD_006.N.20150902","WY3Zl9EyMicPkFOmFhW1QoB1I0ULOL6jm26iQFoywbw=","carabid","PTEMEL","Pterostichus melanarius melanarius","subspecies",,"Illiger",,2,"Lindroth, C. H. 1969. The ground-beetles (Carabidae, excl. Cicindelinae) of Canada and Alaska, parts 1-6. Opuscula E. Entomoligiska Sallskapet.","4oCBvlQIQ4DhSH30J22+0bs0GAacIQwk","a/0SlN26fEtmJ3LLysIxkaRUfZvckIBE",
"f5370f16-0153-4c87-9b0a-6fa38fe0aee3","WOOD_004.basePlot.bet","D09","WOOD","WOOD_004","N","2015-08-19","2015-09-02","2015-09-03","2016-01-15","2016-01-26","WOOD_004.N.20150902","tVkCk1nh7tHzM8+WdK+C/unSXJGt6k1TfIiFb5cy9LQ=","carabid","PTEMEL","Pterostichus melanarius melanarius","subspecies",,"Illiger",,1,"Lindroth, C. H. 1969. The ground-beetles (Carabidae, excl. Cicindelinae) of Canada and Alaska, parts 1-6. Opuscula E. Entomoligiska Sallskapet.","4oCBvlQIQ4DhSH30J22+0bs0GAacIQwk","a/0SlN26fEtmJ3LLysIxkaRUfZvckIBE",
"d14befed-cd76-468d-a09f-76bfd983b890","WOOD_023.basePlot.bet","D09","WOOD","WOOD_023","N","2015-08-19","2015-09-02","2015-09-03","2016-01-15","2016-01-26","WOOD_023.N.20150902","HkhQBNKo1QAlL2jarEbgAuFDccb01WvHuLvIVTDnd3E=","carabid","PTEMEL","Pterostichus melanarius melanarius","subspecies",,"Illiger",,6,"Lindroth, C. H. 1969. The ground-beetles (Carabidae, excl. Cicindelinae) of Canada and Alaska, parts 1-6. Opuscula E. Entomoligiska Sallskapet.","4oCBvlQIQ4DhSH30J22+0bs0GAacIQwk","a/0SlN26fEtmJ3LLysIxkaRUfZvckIBE",
"f08dd06a-9dd0-4f44-94d1-716e757c7525","WOOD_003.basePlot.bet","D09","WOOD","WOOD_003","N","2015-08-19","2015-09-02","2015-09-03","2015-09-04",,"WOOD_003.N.20150902","gVhx7bcr2vMPQlmoe6P0O83cy1qplm2JMzuJCscI9S8=","invert bycatch",,,,,,,,,,"gvqKh+2rVI0t8HJY2s8e/fWJiaOGqWFm",
"b2cb2fe3-7700-4e2e-872c-6f59912cdb36","WOOD_023.basePlot.bet","D09","WOOD","WOOD_023","N","2015-08-19","2015-09-02","2015-09-03","2015-09-09",,"WOOD_023.N.20150902","HkhQBNKo1QAlL2jarEbgAvGwHGlNob4F0aGnzUsklAM=","invert bycatch",,,,,,,,,,"eE6kvSR3uoy9zdn7o7etq88/xsP7F3Qo",
"3113e6f1-6378-42c5-b51c-f1b824e47a63","WOOD_004.basePlot.bet","D09","WOOD","WOOD_004","N","2015-08-19","2015-09-02","2015-09-03","2015-09-03",,"WOOD_004.N.20150902","tVkCk1nh7tHzM8+WdK+C/kQlZDcb4FbyL5hljOcUQnM=","invert bycatch",,,,,,,,,,"eE6kvSR3uoy9zdn7o7etq88/xsP7F3Qo",
"41b5acb2-c7f9-42e4-8412-c874f52582f0","WOOD_023.basePlot.bet","D09","WOOD","WOOD_023","W","2015-09-02","2015-09-16","2015-09-17","2015-09-22",,"WOOD_023.W.20150916","HkhQBNKo1QBPb44/Zt7AWjxF22z/yqUkb2IwFDqOhzE=","invert bycatch",,,,,,,,,,"eE6kvSR3uoy9zdn7o7etq88/xsP7F3Qo",
"6da39e85-2035-4ac1-b2d1-036f6a266470","WOOD_003.basePlot.bet","D09","WOOD","WOOD_003","W","2015-09-02","2015-09-16","2015-09-17","2015-09-22",,"WOOD_003.W.20150916","gVhx7bcr2vPNu942vL6aoaigsXMBK4QLE2gT8fhADUQ=","invert bycatch",,,,,,,,,,"49AT3csB7SNH9c2JnAOTHYMNXNZpKUYr",
"e417b514-ed61-41dd-ab57-c4fd7faf624b","WOOD_021.basePlot.bet","D09","WOOD","WOOD_021","W","2015-09-02","2015-09-16","2015-09-17","2015-09-21",,"WOOD_021.W.20150916","WrmnCoit366kOdMB4ltgvbUx+NhrxUyLtYAI2G8nHuI=","invert bycatch",,,,,,,,,,"49AT3csB7SNH9c2JnAOTHYMNXNZpKUYr",
"dc8d79d4-4970-4e07-8df6-7237d0f1d6e1","WOOD_005.basePlot.bet","D09","WOOD","WOOD_005","W","2015-09-02","2015-09-16","2015-09-17","2015-09-22",,"WOOD_005.W.20150916","Q/pjwyhQ09wS8nTqfpfAX9rmLfZnNxZeOhbMVDq3UJU=","invert bycatch",,,,,,,,,,"eE6kvSR3uoy9zdn7o7etq88/xsP7F3Qo",
"ba4b858c-1114-4d34-8535-5c02dbccc9e6","WOOD_002.basePlot.bet","D09","WOOD","WOOD_002","W","2015-09-02","2015-09-16","2015-09-17","2015-09-22",,"WOOD_002.W.20150916","V7nyjIgYGmM6sIIp+cKQBBELlQiertdFO2brxkmN6tE=","invert bycatch",,,,,,,,,,"eE6kvSR3uoy9zdn7o7etq88/xsP7F3Qo",
"34bf0a71-f975-4caf-afc1-8baaa84b2b1b","WOOD_024.basePlot.bet","D09","WOOD","WOOD_024","W","2015-09-02","2015-09-16","2015-09-17","2016-01-20","2016-01-21","WOOD_024.W.20150916","rKE54NR9lxSk0yzCJNwfWKJGFtyaO3dumxTvPiff50w=","carabid","AGOGRA","Agonum gratiosum","species","cf. species","Mannerheim",,1,"Lindroth, C. H. 1969. The ground-beetles (Carabidae, excl. Cicindelinae) of Canada and Alaska, parts 1-6. Opuscula E. Entomoligiska Sallskapet.","4oCBvlQIQ4DhSH30J22+0bs0GAacIQwk","GOvgZIvQ0qQHj/ySC0OOMgunX2ZttPpr","mentum tooth not emarginate| epipleura perhaps indistinctly crossed in larger specimens| 3rd antennal segment with pubesence| antennal segment 2 to 4 distincly darker than 5 and after| maybe groove on inner metatarsus| 6.4 to 9.1 mm."
"bcb2ba15-9ad1-4a79-a913-2456fe8eed0f","WOOD_006.basePlot.bet","D09","WOOD","WOOD_006","W","2015-09-02","2015-09-16","2015-09-17","2016-01-19","2016-01-26","WOOD_006.W.20150916","WY3Zl9EyMieRLqe2GmMq7db7vKiwPt8iMICZRPGx1+c=","carabid","PTEMEL","Pterostichus melanarius melanarius","subspecies",,"Illiger",,7,"Lindroth, C. H. 1969. The ground-beetles (Carabidae, excl. Cicindelinae) of Canada and Alaska, parts 1-6. Opuscula E. Entomoligiska Sallskapet.","4oCBvlQIQ4DhSH30J22+0bs0GAacIQwk","GOvgZIvQ0qQHj/ySC0OOMgunX2ZttPpr",
"be67baae-87f0-478d-a7f1-6fbb25677ed5","WOOD_023.basePlot.bet","D09","WOOD","WOOD_023","W","2015-09-02","2015-09-16","2015-09-17","2016-01-20","2016-01-21","WOOD_023.W.20150916","HkhQBNKo1QBPb44/Zt7AWoSnyrS8TmX1Gw0J383nooc=","carabid","PATLEC","Patrobus lecontei","species","cf. species","Chaudoir",,1,"Lindroth, C. H. 1969. The ground-beetles (Carabidae, excl. Cicindelinae) of Canada and Alaska, parts 1-6. Opuscula E. Entomoligiska Sallskapet.","4oCBvlQIQ4DhSH30J22+0bs0GAacIQwk","a/0SlN26fEtmJ3LLysIxkaRUfZvckIBE","black to piceous and may have a metallic green sheen| anterior transverse impression sharp at middle though in some cases appears to extend to front margins as in P. longicornis| sinuation of prothorax generally seems to fit this species best"
"d7b3af23-ad81-4beb-b1f1-5e8ff6850a57","WOOD_005.basePlot.bet","D09","WOOD","WOOD_005","W","2015-09-02","2015-09-16","2015-09-17","2016-01-20","2016-01-20","WOOD_005.W.20150916","Q/pjwyhQ09wS8nTqfpfAX90jtpl0PJVKGkyiGgTmM4g=","carabid","BRACYA2","Brachinus cyanochroaticus","species",,"Erwin",,1,"Lindroth, C. H. 1969. The ground-beetles (Carabidae, excl. Cicindelinae) of Canada and Alaska, parts 1-6. Opuscula E. Entomoligiska Sallskapet.","4oCBvlQIQ4DhSH30J22+0bs0GAacIQwk","GOvgZIvQ0qQHj/ySC0OOMgunX2ZttPpr",
"31127f23-d267-431f-8614-bee6eeaf3c2a","WOOD_021.basePlot.bet","D09","WOOD","WOOD_021","W","2015-09-02","2015-09-16","2015-09-17","2016-01-20","2016-01-21","WOOD_021.W.20150916","WrmnCoit366kOdMB4ltgvWyXBTS9HLErzAx7D0w9Hjg=","carabid","PATLEC","Patrobus lecontei","species","cf. species","Chaudoir",,1,"Lindroth, C. H. 1969. The ground-beetles (Carabidae, excl. Cicindelinae) of Canada and Alaska, parts 1-6. Opuscula E. Entomoligiska Sallskapet.","4oCBvlQIQ4DhSH30J22+0bs0GAacIQwk","a/0SlN26fEtmJ3LLysIxkaRUfZvckIBE","black to piceous and may have a metallic green sheen| anterior transverse impression sharp at middle though in some cases appears to extend to front margins as in P. longicornis| sinuation of prothorax generally seems to fit this species best"
"f640d904-341e-4f6e-aa90-7d020196ea4e","WOOD_001.basePlot.bet","D09","WOOD","WOOD_001","W","2015-09-02","2015-09-16","2015-09-17","2016-01-20","2016-01-26","WOOD_001.W.20150916","vZVALStcGze4oqiSg8fWalfxrPbiy7MIe5D9p9Q36Uc=","carabid","PTEMEL","Pterostichus melanarius melanarius","subspecies",,"Illiger",,1,"Lindroth, C. H. 1969. The ground-beetles (Carabidae, excl. Cicindelinae) of Canada and Alaska, parts 1-6. Opuscula E. Entomoligiska Sallskapet.","4oCBvlQIQ4DhSH30J22+0bs0GAacIQwk","GOvgZIvQ0qQHj/ySC0OOMgunX2ZttPpr",
"05000d03-5a32-4d74-8557-611fbf73bfbf","WOOD_007.basePlot.bet","D09","WOOD","WOOD_007","W","2015-09-02","2015-09-16","2015-09-17","2016-01-19","2016-01-27","WOOD_007.W.20150916","5mkFtj0S+gjhtj3JnHzUKhgVPf+DxzxfwCrFLYlRDgM=","carabid","SYNAME","Syntomus americanus","species","cf. species","Dejean",,2,"Lindroth, C. H. 1969. The ground-beetles (Carabidae, excl. Cicindelinae) of Canada and Alaska, parts 1-6. Opuscula E. Entomoligiska Sallskapet.","4oCBvlQIQ4DhSH30J22+0bs0GAacIQwk","a/0SlN26fEtmJ3LLysIxkaRUfZvckIBE","Apex of elytra sinuate| elytral striae not well defined| Could be Apristus sp. but pubescence starts on 4th antennal segment and some seem less than 3 mm.| difficult to see if mentum tooth is bifid"
"3aa3beca-a1cb-409b-8f89-5c8931d39b2e","WOOD_024.basePlot.bet","D09","WOOD","WOOD_024","W","2015-09-02","2015-09-16","2015-09-17","2016-01-20","2016-01-22","WOOD_024.W.20150916","rKE54NR9lxSk0yzCJNwfWEPwu836k4HTlY2Is9NHhhM=","carabid","BEMVER1","Bembidion versicolor","species","cf. species","LeConte",,1,"Lindroth, C. H. 1969. The ground-beetles (Carabidae, excl. Cicindelinae) of Canada and Alaska, parts 1-6. Opuscula E. Entomoligiska Sallskapet.","4oCBvlQIQ4DhSH30J22+0bs0GAacIQwk","GOvgZIvQ0qQHj/ySC0OOMgunX2ZttPpr","entire forebody with microsculpture but difficult to tell the extent on center of prothorax| antennal segments 2 to 4 at least somewhat darkened| elytral striae may be interrupted at apex| could be B. timidum"
"6b699ce4-d5a1-408d-a54b-cff01fed060c","WOOD_024.basePlot.bet","D09","WOOD","WOOD_024","W","2015-09-02","2015-09-16","2015-09-17","2016-01-20","2016-01-22","WOOD_024.W.20150916","rKE54NR9lxSk0yzCJNwfWFPsl7o+BZPGrQ5pDseiSWM=","carabid","BEMPSE1","Bembidion pseudocautum","species","cf. species","Lindroth",,3,"Lindroth, C. H. 1969. The ground-beetles (Carabidae, excl. Cicindelinae) of Canada and Alaska, parts 1-6. Opuscula E. Entomoligiska Sallskapet.","4oCBvlQIQ4DhSH30J22+0bs0GAacIQwk","GOvgZIvQ0qQHj/ySC0OOMgunX2ZttPpr","frontal furrows deep and prolonged to clypeus| very shiny including elytra| appears to lack microsculpture| first 3 antennal segments pale| could be B. concretum or have a mix of 2 species"
"46a72584-24bd-439f-ba0d-f631b263dabd","WOOD_021.basePlot.bet","D09","WOOD","WOOD_021","E","2015-09-02","2015-09-16","2015-09-17","2015-09-21",,"WOOD_021.E.20150916","WrmnCoit366aYWK9g06YaevgePJ97AO7OnKAIjXar6s=","invert bycatch",,,,,,,,,,"eE6kvSR3uoy9zdn7o7etq88/xsP7F3Qo",
"72474ab9-7606-4058-be6f-da91ae6a4c75","WOOD_005.basePlot.bet","D09","WOOD","WOOD_005","E","2015-09-02","2015-09-16","2015-09-17","2015-09-22",,"WOOD_005.E.20150916","Q/pjwyhQ09yvsoMfuEsR3V9VZl7b5jKyt4je5rLkeY4=","invert bycatch",,,,,,,,,,"eE6kvSR3uoy9zdn7o7etq88/xsP7F3Qo",
"743fb12b-b15d-4e86-83e9-01b72434d6fe","WOOD_023.basePlot.bet","D09","WOOD","WOOD_023","E","2015-09-02","2015-09-16","2015-09-17","2015-09-22",,"WOOD_023.E.20150916","HkhQBNKo1QDH9WfGaaJTwNuSOkdwW00OL34D2x8DuEY=","invert bycatch",,,,,,,,,,"eE6kvSR3uoy9zdn7o7etq88/xsP7F3Qo",
"45be5b85-239f-4b2b-a4f8-ff984ab26bf3","WOOD_006.basePlot.bet","D09","WOOD","WOOD_006","E","2015-09-02","2015-09-16","2015-09-17","2015-09-22",,"WOOD_006.E.20150916","WY3Zl9EyMidsY05I3ZVnB+lgWsOh0AZd4jbCD8K5qv0=","invert bycatch",,,,,,,,,,"eE6kvSR3uoy9zdn7o7etq88/xsP7F3Qo",
"e9a1fa02-0c57-4efb-b6d2-99ada24c187b","WOOD_004.basePlot.bet","D09","WOOD","WOOD_004","E","2015-09-02","2015-09-16","2015-09-17","2015-09-22",,"WOOD_004.E.20150916","tVkCk1nh7tHYZrRML8ZImQvX9ifvnjFAGUOcFEb3YGA=","invert bycatch",,,,,,,,,,"49AT3csB7SNH9c2JnAOTHYMNXNZpKUYr",
"a221093e-9ebd-4e5c-a59c-3b1458eeaab3","WOOD_024.basePlot.bet","D09","WOOD","WOOD_024","E","2015-09-02","2015-09-16","2015-09-17","2015-09-21",,"WOOD_024.E.20150916","rKE54NR9lxQj3OeRSLR1b5Sk/22TDVnUwTknZR+NsZk=","invert bycatch",,,,,,,,,,"eE6kvSR3uoy9zdn7o7etq88/xsP7F3Qo",
"6809331f-2cf1-448e-8eba-e4afa267a4c2","WOOD_001.basePlot.bet","D09","WOOD","WOOD_001","E","2015-09-02","2015-09-16","2015-09-17","2015-09-21",,"WOOD_001.E.20150916","vZVALStcGzcsUDFQL3eqjTDLoMZRYQttp91Q/Kz4DnA=","invert bycatch",,,,,,,,,,"49AT3csB7SNH9c2JnAOTHYMNXNZpKUYr",
"f193a633-38ff-488e-bd97-91a116a96376","WOOD_003.basePlot.bet","D09","WOOD","WOOD_003","E","2015-09-02","2015-09-16","2015-09-17","2015-09-22",,"WOOD_003.E.20150916","gVhx7bcr2vPfgD1jJpAncJgWaVtS0QXlRuX65E1Q6VM=","invert bycatch",,,,,,,,,,"49AT3csB7SNH9c2JnAOTHYMNXNZpKUYr",
"b65c0400-782b-4f4f-a735-009eee5602b6","WOOD_002.basePlot.bet","D09","WOOD","WOOD_002","E","2015-09-02","2015-09-16","2015-09-17","2015-09-22",,"WOOD_002.E.20150916","V7nyjIgYGmPsrfFWaAbdc0of6SncHXIHyAzD+ZmmYSc=","invert bycatch",,,,,,,,,,"eE6kvSR3uoy9zdn7o7etq88/xsP7F3Qo",
"4957d421-76aa-4cd3-8ba4-df001b25e404","WOOD_007.basePlot.bet","D09","WOOD","WOOD_007","E","2015-09-02","2015-09-16","2015-09-17","2015-09-22",,"WOOD_007.E.20150916","5mkFtj0S+ghVPgPw3BKW9QE7K3LfwbCoGC7Eqqlhj6E=","invert bycatch",,,,,,,,,,"eE6kvSR3uoy9zdn7o7etq88/xsP7F3Qo",
"bd7402a8-01c0-49af-a5a9-076487f196d0","WOOD_023.basePlot.bet","D09","WOOD","WOOD_023","E","2015-09-02","2015-09-16","2015-09-17","2016-01-19","2016-01-21","WOOD_023.E.20150916","HkhQBNKo1QDH9WfGaaJTwOD/pnncX27mskOlFY+M4Us=","carabid","AGOGRA","Agonum gratiosum","species","cf. species","Mannerheim",,1,"Lindroth, C. H. 1969. The ground-beetles (Carabidae, excl. Cicindelinae) of Canada and Alaska, parts 1-6. Opuscula E. Entomoligiska Sallskapet.","4oCBvlQIQ4DhSH30J22+0bs0GAacIQwk","a/0SlN26fEtmJ3LLysIxkaRUfZvckIBE","mentum tooth not emarginate| epipleura perhaps indistinctly crossed in larger specimens| 3rd antennal segment with pubesence| antennal segment 2 to 4 distincly darker than 5 and after| maybe groove on inner metatarsus| 6.4 to 9.1 mm."
"a78ed515-77e3-47de-8219-dcf0cbf31d77","WOOD_023.basePlot.bet","D09","WOOD","WOOD_023","E","2015-09-02","2015-09-16","2015-09-17","2016-01-19","2016-01-26","WOOD_023.E.20150916","HkhQBNKo1QDH9WfGaaJTwLOk5bHAlDF/prUkiga78sE=","carabid","PTEMEL","Pterostichus melanarius melanarius","subspecies",,"Illiger",,7,"Lindroth, C. H. 1969. The ground-beetles (Carabidae, excl. Cicindelinae) of Canada and Alaska, parts 1-6. Opuscula E. Entomoligiska Sallskapet.","4oCBvlQIQ4DhSH30J22+0bs0GAacIQwk","a/0SlN26fEtmJ3LLysIxkaRUfZvckIBE",
"a076602b-1175-4c05-b9ee-f9c9fa3c1cea","WOOD_023.basePlot.bet","D09","WOOD","WOOD_023","E","2015-09-02","2015-09-16","2015-09-17","2016-01-19","2016-01-22","WOOD_023.E.20150916","HkhQBNKo1QDH9WfGaaJTwOLFCF2gRv9darmUK/6bqZE=","carabid","CHLALT","Chlaenius alternatus","species",,"Horn",,2,"Lindroth, C. H. 1969. The ground-beetles (Carabidae, excl. Cicindelinae) of Canada and Alaska, parts 1-6. Opuscula E. Entomoligiska Sallskapet.","4oCBvlQIQ4DhSH30J22+0bs0GAacIQwk","a/0SlN26fEtmJ3LLysIxkaRUfZvckIBE",
"5236aef6-c5fd-4cc8-9c6b-6d3d830bdd2b","WOOD_023.basePlot.bet","D09","WOOD","WOOD_023","E","2015-09-02","2015-09-16","2015-09-17","2016-01-19","2016-01-22","WOOD_023.E.20150916","HkhQBNKo1QDH9WfGaaJTwPsrNNA+K7S/GTfk+hSAaXs=","carabid","BEMQUA4","Bembidion quadrimaculatum oppositum","subspecies",,"Say",,1,"Lindroth, C. H. 1969. The ground-beetles (Carabidae, excl. Cicindelinae) of Canada and Alaska, parts 1-6. Opuscula E. Entomoligiska Sallskapet.","4oCBvlQIQ4DhSH30J22+0bs0GAacIQwk","a/0SlN26fEtmJ3LLysIxkaRUfZvckIBE",
"424d5b32-bba6-47c5-b62e-c7eca65d935c","WOOD_006.basePlot.bet","D09","WOOD","WOOD_006","E","2015-09-02","2015-09-16","2015-09-17","2016-01-19","2016-01-26","WOOD_006.E.20150916","WY3Zl9EyMidsY05I3ZVnB7KI+ddhMAeAsTrVxG7BzcY=","carabid","PTEMEL","Pterostichus melanarius melanarius","subspecies",,"Illiger",,5,"Lindroth, C. H. 1969. The ground-beetles (Carabidae, excl. Cicindelinae) of Canada and Alaska, parts 1-6. Opuscula E. Entomoligiska Sallskapet.","4oCBvlQIQ4DhSH30J22+0bs0GAacIQwk","GOvgZIvQ0qQHj/ySC0OOMgunX2ZttPpr",
"46d58888-18a2-4465-92db-6fb772d76e63","WOOD_024.basePlot.bet","D09","WOOD","WOOD_024","E","2015-09-02","2015-09-16","2015-09-17","2016-01-20","2016-01-21","WOOD_024.E.20150916","rKE54NR9lxQj3OeRSLR1bwVRFjBWMEaAJ9kSfSvU0bw=","carabid","PATLEC","Patrobus lecontei","species","cf. species","Chaudoir",,6,"Lindroth, C. H. 1969. The ground-beetles (Carabidae, excl. Cicindelinae) of Canada and Alaska, parts 1-6. Opuscula E. Entomoligiska Sallskapet.","4oCBvlQIQ4DhSH30J22+0bs0GAacIQwk","GOvgZIvQ0qQHj/ySC0OOMgunX2ZttPpr","black to piceous and may have a metallic green sheen| anterior transverse impression sharp at middle though in some cases appears to extend to front margins as in P. longicornis| sinuation of prothorax generally seems to fit this species best"
"01c0e645-9af7-4cf8-ad0a-95d100418229","WOOD_004.basePlot.bet","D09","WOOD","WOOD_004","E","2015-09-02","2015-09-16","2015-09-17","2016-01-19","2016-01-26","WOOD_004.E.20150916","tVkCk1nh7tHYZrRML8ZImeVsmtdXiDOkE0jKCUo7oGA=","carabid","PTEMEL","Pterostichus melanarius melanarius","subspecies",,"Illiger",,1,"Lindroth, C. H. 1969. The ground-beetles (Carabidae, excl. Cicindelinae) of Canada and Alaska, parts 1-6. Opuscula E. Entomoligiska Sallskapet.","4oCBvlQIQ4DhSH30J22+0bs0GAacIQwk","GOvgZIvQ0qQHj/ySC0OOMgunX2ZttPpr",
"384d0f2d-5dfc-47e3-b770-60ad32daa78c","WOOD_024.basePlot.bet","D09","WOOD","WOOD_024","E","2015-09-02","2015-09-16","2015-09-17","2016-01-20","2016-01-26","WOOD_024.E.20150916","rKE54NR9lxQj3OeRSLR1bwDscHPBZi1NJ1I3U6AaSe0=","carabid","PTECOR3","Pterostichus corvinus","species","cf. species","Dejean",,11,"Lindroth, C. H. 1969. The ground-beetles (Carabidae, excl. Cicindelinae) of Canada and Alaska, parts 1-6. Opuscula E. Entomoligiska Sallskapet.","4oCBvlQIQ4DhSH30J22+0bs0GAacIQwk","GOvgZIvQ0qQHj/ySC0OOMgunX2ZttPpr","last tarsi glabrous| incomplete elytral striae between 1 and 2 indistinct and short| prothorax hind angles nearly right and prominent| convex overall| size 11.5 to 15 mm| several individuals seem slightly too small and not deep black as described"
"93c6e686-4b75-41be-be50-f49c9280de2e","WOOD_024.basePlot.bet","D09","WOOD","WOOD_024","E","2015-09-02","2015-09-16","2015-09-17","2016-01-20","2016-01-26","WOOD_024.E.20150916","rKE54NR9lxQj3OeRSLR1b68L/D6xfXwEn49pClBBZWE=","carabid","BLEHUD","Blethisa hudsonica","species","cf. species","Casey",,1,"Lindroth, C. H. 1969. The ground-beetles (Carabidae, excl. Cicindelinae) of Canada and Alaska, parts 1-6. Opuscula E. Entomoligiska Sallskapet.","4oCBvlQIQ4DhSH30J22+0bs0GAacIQwk","GOvgZIvQ0qQHj/ySC0OOMgunX2ZttPpr","keyed to B. multipunctata in Lindroth 1969 of which hudsonica is formally a subspecies| only species in range in Bosquet 2012 but could not find adequate species information"
"940e080d-86f3-4e69-8078-b62dc20ad2f5","WOOD_007.basePlot.bet","D09","WOOD","WOOD_007","E","2015-09-02","2015-09-16","2015-09-17","2016-01-19","2016-01-27","WOOD_007.E.20150916","5mkFtj0S+ghVPgPw3BKW9QQ7PxHvai2w5+it8OhMrlU=","carabid","SYNAME","Syntomus americanus","species","cf. species","Dejean",,3,"Lindroth, C. H. 1969. The ground-beetles (Carabidae, excl. Cicindelinae) of Canada and Alaska, parts 1-6. Opuscula E. Entomoligiska Sallskapet.","4oCBvlQIQ4DhSH30J22+0bs0GAacIQwk","a/0SlN26fEtmJ3LLysIxkaRUfZvckIBE","Apex of elytra sinuate| elytral striae not well defined| Could be Apristus sp. but pubescence starts on 4th antennal segment and some seem less than 3 mm.| difficult to see if mentum tooth is bifid"
"38a7e55e-3194-4451-9444-ffa89f7b9b1b","WOOD_021.basePlot.bet","D09","WOOD","WOOD_021","E","2015-09-02","2015-09-16","2015-09-17","2016-01-20","2016-01-26","WOOD_021.E.20150916","WrmnCoit366aYWK9g06YaaKw4BwO02Ulns6ucRabm6M=","carabid","PTEMEL","Pterostichus melanarius melanarius","subspecies",,"Illiger",,2,"Lindroth, C. H. 1969. The ground-beetles (Carabidae, excl. Cicindelinae) of Canada and Alaska, parts 1-6. Opuscula E. Entomoligiska Sallskapet.","4oCBvlQIQ4DhSH30J22+0bs0GAacIQwk","a/0SlN26fEtmJ3LLysIxkaRUfZvckIBE",
"6b9b5f24-59ce-4760-9481-81e121073d13","WOOD_021.basePlot.bet","D09","WOOD","WOOD_021","E","2015-09-02","2015-09-16","2015-09-17","2016-01-20","2016-01-22","WOOD_021.E.20150916","WrmnCoit366aYWK9g06YaUneHNFQgonPmsRCkO1TJbA=","carabid","BRACYA2","Brachinus cyanochroaticus","species",,"Erwin",,1,"Lindroth, C. H. 1969. The ground-beetles (Carabidae, excl. Cicindelinae) of Canada and Alaska, parts 1-6. Opuscula E. Entomoligiska Sallskapet.","4oCBvlQIQ4DhSH30J22+0bs0GAacIQwk","a/0SlN26fEtmJ3LLysIxkaRUfZvckIBE",
"47563760-2018-4d72-98b3-46658fe59176","WOOD_002.basePlot.bet","D09","WOOD","WOOD_002","E","2015-09-02","2015-09-16","2015-09-17","2016-01-20","2016-01-26","WOOD_002.E.20150916","V7nyjIgYGmPsrfFWaAbdc16P7w6V1LHV5xwgOZXCPq4=","carabid","PTEMEL","Pterostichus melanarius melanarius","subspecies",,"Illiger",,1,"Lindroth, C. H. 1969. The ground-beetles (Carabidae, excl. Cicindelinae) of Canada and Alaska, parts 1-6. Opuscula E. Entomoligiska Sallskapet.","4oCBvlQIQ4DhSH30J22+0bs0GAacIQwk","GOvgZIvQ0qQHj/ySC0OOMgunX2ZttPpr",
"4c3aac38-d33d-422c-a747-a8896e6059fe","WOOD_023.basePlot.bet","D09","WOOD","WOOD_023","E","2015-09-02","2015-09-16","2015-09-17","2016-01-19","2016-01-21","WOOD_023.E.20150916","HkhQBNKo1QDH9WfGaaJTwNcHnT3gnpyyswVPtPKlTgI=","carabid","AGOPRO","Agonum propinquum","species","cf. species","Gemminger and Harold",,2,"Lindroth, C. H. 1969. The ground-beetles (Carabidae, excl. Cicindelinae) of Canada and Alaska, parts 1-6. Opuscula E. Entomoligiska Sallskapet.","4oCBvlQIQ4DhSH30J22+0bs0GAacIQwk","a/0SlN26fEtmJ3LLysIxkaRUfZvckIBE","prothorax wider than head with hind angles suggested and lateral bead evident| dark forebody and paler elytra| size 6.5 to 8.2 mm.| appendage color seems slightly darker than description for morph in range"
"0b3fa5f4-1baa-4dbc-b7bc-523d925732fb","WOOD_024.basePlot.bet","D09","WOOD","WOOD_024","E","2015-09-02","2015-09-16","2015-09-17","2016-01-20","2016-01-21","WOOD_024.E.20150916","rKE54NR9lxQj3OeRSLR1b0+KHUm7zufD5wF/yOBfxXw=","carabid","AGOPRO","Agonum propinquum","species","cf. species","Gemminger and Harold",,12,"Lindroth, C. H. 1969. The ground-beetles (Carabidae, excl. Cicindelinae) of Canada and Alaska, parts 1-6. Opuscula E. Entomoligiska Sallskapet.","4oCBvlQIQ4DhSH30J22+0bs0GAacIQwk","GOvgZIvQ0qQHj/ySC0OOMgunX2ZttPpr","prothorax wider than head with hind angles suggested and lateral bead evident| dark forebody and paler elytra| size 6.5 to 8.2 mm.| appendage color seems slightly darker than description for morph in range"
"5b3de660-111d-49d7-baac-13b6d3cba5b4","WOOD_007.basePlot.bet","D09","WOOD","WOOD_007","E","2015-09-02","2015-09-16","2015-09-17","2016-01-19","2016-01-21","WOOD_007.E.20150916","5mkFtj0S+ghVPgPw3BKW9YiGMlwkRvbhF5oKAOdCdPQ=","carabid","PTEFEM","Pterostichus femoralis","species",,"Kirby",,1,"Lindroth, C. H. 1969. The ground-beetles (Carabidae, excl. Cicindelinae) of Canada and Alaska, parts 1-6. Opuscula E. Entomoligiska Sallskapet.","4oCBvlQIQ4DhSH30J22+0bs0GAacIQwk","a/0SlN26fEtmJ3LLysIxkaRUfZvckIBE",
"7a8336ec-95f2-4eb6-9efb-aee7c4da2427","WOOD_024.basePlot.bet","D09","WOOD","WOOD_024","N","2015-09-02","2015-09-16","2015-09-17","2015-09-21",,"WOOD_024.N.20150916","rKE54NR9lxREHzj3B6VcLVV2CStZsedOl5vuYF10AMY=","invert bycatch",,,,,,,,,,"eE6kvSR3uoy9zdn7o7etq88/xsP7F3Qo",
"d77760fa-e615-4582-83ff-ed59851a9a51","WOOD_004.basePlot.bet","D09","WOOD","WOOD_004","N","2015-09-02","2015-09-16","2015-09-17","2015-09-22",,"WOOD_004.N.20150916","tVkCk1nh7tHzM8+WdK+C/rdpLgHc+2RPUjYiR2I+6ro=","invert bycatch",,,,,,,,,,"49AT3csB7SNH9c2JnAOTHYMNXNZpKUYr",
"cd5f80e0-6acc-405e-857b-c99ad76f56f7","WOOD_006.basePlot.bet","D09","WOOD","WOOD_006","N","2015-09-02","2015-09-16","2015-09-17","2015-09-22",,"WOOD_006.N.20150916","WY3Zl9EyMicPkFOmFhW1Qq3vM30ARVsvCba3p9Qlk3U=","invert bycatch",,,,,,,,,,"eE6kvSR3uoy9zdn7o7etq88/xsP7F3Qo",
"c5fe23e2-a015-4d8b-8904-2f3e61f76245","WOOD_023.basePlot.bet","D09","WOOD","WOOD_023","N","2015-09-02","2015-09-16","2015-09-17","2015-09-22",,"WOOD_023.N.20150916","HkhQBNKo1QAlL2jarEbgAjYaXLWb1kp+EEONu3G4Tx0=","invert bycatch",,,,,,,,,,"eE6kvSR3uoy9zdn7o7etq88/xsP7F3Qo",
"6d0b3aea-8381-42ad-9541-8e6a5ace378c","WOOD_003.basePlot.bet","D09","WOOD","WOOD_003","N","2015-09-02","2015-09-16","2015-09-17","2015-09-22",,"WOOD_003.N.20150916","gVhx7bcr2vMPQlmoe6P0OxivvB19bNWjtzl5gZ4bSAo=","invert bycatch",,,,,,,,,,"49AT3csB7SNH9c2JnAOTHYMNXNZpKUYr",
"9f180f0d-093f-47ba-8adf-a6348c9c3bf4","WOOD_002.basePlot.bet","D09","WOOD","WOOD_002","N","2015-09-02","2015-09-16","2015-09-17","2015-09-22",,"WOOD_002.N.20150916","V7nyjIgYGmOq7etLsw3mozY7SXCMru1/PiJVsic48A8=","invert bycatch",,,,,,,,,,"eE6kvSR3uoy9zdn7o7etq88/xsP7F3Qo",
"592d5ac2-80f6-421c-b951-b9b67e6cc0b3","WOOD_001.basePlot.bet","D09","WOOD","WOOD_001","N","2015-09-02","2015-09-16","2015-09-17","2015-09-21",,"WOOD_001.N.20150916","vZVALStcGzemkswto4CoLSrT52hkY9pLIJwkF7ge6rk=","invert bycatch",,,,,,,,,,"49AT3csB7SNH9c2JnAOTHYMNXNZpKUYr",
"954cbe4d-4e0e-4664-96ab-667e57eed277","WOOD_021.basePlot.bet","D09","WOOD","WOOD_021","N","2015-09-02","2015-09-16","2015-09-17","2015-09-21",,"WOOD_021.N.20150916","WrmnCoit364/y0h1CUHTixtnNzw4AtYELvh3Qu4w1M0=","invert bycatch",,,,,,,,,,"eE6kvSR3uoy9zdn7o7etq88/xsP7F3Qo",
"da8e728a-d824-4481-a2df-b79ab6e73e4c","WOOD_005.basePlot.bet","D09","WOOD","WOOD_005","N","2015-09-02","2015-09-16","2015-09-17","2015-09-22",,"WOOD_005.N.20150916","Q/pjwyhQ09ycrZ7nsLw/Q6TItWCecXLfbkju5YEUXt0=","invert bycatch",,,,,,,,,,"eE6kvSR3uoy9zdn7o7etq88/xsP7F3Qo",
"883ccc7f-cd10-4e89-9636-93c9c1f50a5a","WOOD_007.basePlot.bet","D09","WOOD","WOOD_007","N","2015-09-02","2015-09-16","2015-09-17","2015-09-22",,"WOOD_007.N.20150916","5mkFtj0S+gg8JsQ8+kY2DXPZ1sJ/qIuRx3r5G4EoYzA=","invert bycatch",,,,,,,,,,"eE6kvSR3uoy9zdn7o7etq88/xsP7F3Qo",
"5a5c4230-a603-4582-9f09-8390ab5ddd3f","WOOD_021.basePlot.bet","D09","WOOD","WOOD_021","N","2015-09-02","2015-09-16","2015-09-17","2016-01-20","2016-01-26","WOOD_021.N.20150916","WrmnCoit364/y0h1CUHTi8Yu97y3ACjbRpOCYk64s/M=","carabid","PTEMEL","Pterostichus melanarius melanarius","subspecies",,"Illiger",,1,"Lindroth, C. H. 1969. The ground-beetles (Carabidae, excl. Cicindelinae) of Canada and Alaska, parts 1-6. Opuscula E. Entomoligiska Sallskapet.","4oCBvlQIQ4DhSH30J22+0bs0GAacIQwk","a/0SlN26fEtmJ3LLysIxkaRUfZvckIBE",
"20c20917-dc59-4bb9-b1f0-f790f28aeddf","WOOD_002.basePlot.bet","D09","WOOD","WOOD_002","N","2015-09-02","2015-09-16","2015-09-17","2016-01-20","2016-01-22","WOOD_002.N.20150916","V7nyjIgYGmOq7etLsw3mo5LcRo1YMQKMU8RBKmyIi8Y=","carabid","CYMNEG","Cymindis neglecta","species",,"Haldeman",,1,"Lindroth, C. H. 1969. The ground-beetles (Carabidae, excl. Cicindelinae) of Canada and Alaska, parts 1-6. Opuscula E. Entomoligiska Sallskapet.","4oCBvlQIQ4DhSH30J22+0bs0GAacIQwk","GOvgZIvQ0qQHj/ySC0OOMgunX2ZttPpr",
"c196e12d-ee45-4119-a61f-df0a873f5354","WOOD_001.basePlot.bet","D09","WOOD","WOOD_001","N","2015-09-02","2015-09-16","2015-09-17","2016-01-20","2016-01-26","WOOD_001.N.20150916","vZVALStcGzemkswto4CoLaJOkcPqQHJVlNvllMnGILU=","carabid","PTEMEL","Pterostichus melanarius melanarius","subspecies",,"Illiger",,2,"Lindroth, C. H. 1969. The ground-beetles (Carabidae, excl. Cicindelinae) of Canada and Alaska, parts 1-6. Opuscula E. Entomoligiska Sallskapet.","4oCBvlQIQ4DhSH30J22+0bs0GAacIQwk","GOvgZIvQ0qQHj/ySC0OOMgunX2ZttPpr",
"6830271b-bbba-4907-bd61-81fecfa5c2dd","WOOD_024.basePlot.bet","D09","WOOD","WOOD_024","N","2015-09-02","2015-09-16","2015-09-17","2016-01-20","2016-01-22","WOOD_024.N.20150916","rKE54NR9lxREHzj3B6VcLWsRPOASg2E/XT6sCH3aG0A=","carabid","BRACYA2","Brachinus cyanochroaticus","species",,"Erwin",,1,"Lindroth, C. H. 1969. The ground-beetles (Carabidae, excl. Cicindelinae) of Canada and Alaska, parts 1-6. Opuscula E. Entomoligiska Sallskapet.","4oCBvlQIQ4DhSH30J22+0bs0GAacIQwk","GOvgZIvQ0qQHj/ySC0OOMgunX2ZttPpr",
"5ff060d6-4747-4b3a-bd53-def5ad94f237","WOOD_023.basePlot.bet","D09","WOOD","WOOD_023","N","2015-09-02","2015-09-16","2015-09-17","2016-01-20","2016-01-26","WOOD_023.N.20150916","HkhQBNKo1QAlL2jarEbgAlXZBvr7Jv32r2xhxDW/1TY=","carabid","PTEMEL","Pterostichus melanarius melanarius","subspecies",,"Illiger",,10,"Lindroth, C. H. 1969. The ground-beetles (Carabidae, excl. Cicindelinae) of Canada and Alaska, parts 1-6. Opuscula E. Entomoligiska Sallskapet.","4oCBvlQIQ4DhSH30J22+0bs0GAacIQwk","a/0SlN26fEtmJ3LLysIxkaRUfZvckIBE",
"b06cd0fb-a025-4548-a709-ff79c38acd38","WOOD_023.basePlot.bet","D09","WOOD","WOOD_023","N","2015-09-02","2015-09-16","2015-09-17","2016-01-20","2016-01-21","WOOD_023.N.20150916","HkhQBNKo1QAlL2jarEbgAiJtn9dX8K6JId4N+TyCWpM=","carabid","PATLEC","Patrobus lecontei","species","cf. species","Chaudoir",,1,"Lindroth, C. H. 1969. The ground-beetles (Carabidae, excl. Cicindelinae) of Canada and Alaska, parts 1-6. Opuscula E. Entomoligiska Sallskapet.","4oCBvlQIQ4DhSH30J22+0bs0GAacIQwk","a/0SlN26fEtmJ3LLysIxkaRUfZvckIBE","black to piceous and may have a metallic green sheen| anterior transverse impression sharp at middle though in some cases appears to extend to front margins as in P. longicornis| sinuation of prothorax generally seems to fit this species best"
"a4c7a95e-0c0c-4be4-8004-7f5f38dada2e","WOOD_021.basePlot.bet","D09","WOOD","WOOD_021","N","2015-09-02","2015-09-16","2015-09-17","2016-01-20","2016-01-22","WOOD_021.N.20150916","WrmnCoit364/y0h1CUHTi3cpfIIqUnahO+/fVU9KWQg=","carabid","DIPSTR","Diplocheila striatopunctata","species",,"LeConte",,1,"Lindroth, C. H. 1969. The ground-beetles (Carabidae, excl. Cicindelinae) of Canada and Alaska, parts 1-6. Opuscula E. Entomoligiska Sallskapet.","4oCBvlQIQ4DhSH30J22+0bs0GAacIQwk","a/0SlN26fEtmJ3LLysIxkaRUfZvckIBE",
"e7353c32-aa5f-480f-9510-c479a98c7d58","WOOD_006.basePlot.bet","D09","WOOD","WOOD_006","N","2015-09-02","2015-09-16","2015-09-17","2016-01-19","2016-01-26","WOOD_006.N.20150916","WY3Zl9EyMicPkFOmFhW1Qhnc5jQpVjr4k9BAqHeGlrE=","carabid","PTEMEL","Pterostichus melanarius melanarius","subspecies",,"Illiger",,1,"Lindroth, C. H. 1969. The ground-beetles (Carabidae, excl. Cicindelinae) of Canada and Alaska, parts 1-6. Opuscula E. Entomoligiska Sallskapet.","4oCBvlQIQ4DhSH30J22+0bs0GAacIQwk","GOvgZIvQ0qQHj/ySC0OOMgunX2ZttPpr",
"35ea1e6a-86f6-4297-8d78-1e1654eeb882","WOOD_004.basePlot.bet","D09","WOOD","WOOD_004","S","2015-09-02","2015-09-16","2015-09-17","2015-09-22",,"WOOD_004.S.20150916","tVkCk1nh7tEzQiI23vMWyZL6ODyfHAv/kEwqnLlQg7s=","invert bycatch",,,,,,,,,,"49AT3csB7SNH9c2JnAOTHYMNXNZpKUYr",
"0833f8a7-47a8-472b-bb7e-31298f7bee6c","WOOD_023.basePlot.bet","D09","WOOD","WOOD_023","S","2015-09-02","2015-09-16","2015-09-17","2015-09-22",,"WOOD_023.S.20150916","HkhQBNKo1QB/33EtIZadeSZYIgV4wKv5NKjfehyCG48=","invert bycatch",,,,,,,,,,"eE6kvSR3uoy9zdn7o7etq88/xsP7F3Qo",
"3dfc0c3a-f239-4739-addd-d9c746d6ac5b","WOOD_003.basePlot.bet","D09","WOOD","WOOD_003","S","2015-09-02","2015-09-16","2015-09-17","2015-09-22",,"WOOD_003.S.20150916","gVhx7bcr2vPVxuC4MX3D7V+smE2YW8piDByxkv8ARbE=","invert bycatch",,,,,,,,,,"49AT3csB7SNH9c2JnAOTHYMNXNZpKUYr",
"bfbc12ec-85be-4ecc-8296-bb35e70bf4fe","WOOD_005.basePlot.bet","D09","WOOD","WOOD_005","S","2015-09-02","2015-09-16","2015-09-17","2015-09-22",,"WOOD_005.S.20150916","Q/pjwyhQ09z2D0gRdKAm0nxM5/u6hoAYFZT3PDMTf6k=","invert bycatch",,,,,,,,,,"eE6kvSR3uoy9zdn7o7etq88/xsP7F3Qo",
"36f216d2-3098-44fa-a3b7-f908e260b634","WOOD_007.basePlot.bet","D09","WOOD","WOOD_007","S","2015-09-02","2015-09-16","2015-09-17","2015-09-22",,"WOOD_007.S.20150916","5mkFtj0S+ggRycJyJqYyra6g4HcCT3TMe55vg3C71pw=","invert bycatch",,,,,,,,,,"eE6kvSR3uoy9zdn7o7etq88/xsP7F3Qo",
"4502bdd8-f639-495d-a400-fa9468af9d56","WOOD_002.basePlot.bet","D09","WOOD","WOOD_002","S","2015-09-02","2015-09-16","2015-09-17","2015-09-22",,"WOOD_002.S.20150916","V7nyjIgYGmPGW5RkcOYDIMFrDjiXVD/MHcpTuye58kQ=","invert bycatch",,,,,,,,,,"eE6kvSR3uoy9zdn7o7etq88/xsP7F3Qo",
"2a236d6e-8297-46c3-8142-cacb14575659","WOOD_001.basePlot.bet","D09","WOOD","WOOD_001","S","2015-09-02","2015-09-16","2015-09-17","2015-09-21",,"WOOD_001.S.20150916","vZVALStcGzechsnwcGltVnp9Hpx7HhFwiwNBDGuwt24=","invert bycatch",,,,,,,,,,"49AT3csB7SNH9c2JnAOTHYMNXNZpKUYr",
"d3d7b0a9-85de-4352-a84c-8746e8f93d56","WOOD_006.basePlot.bet","D09","WOOD","WOOD_006","S","2015-09-02","2015-09-16","2015-09-17","2015-09-22",,"WOOD_006.S.20150916","WY3Zl9EyMieUvlDPxyB+02K3Mk6rftgM2g3/eAj4DRM=","invert bycatch",,,,,,,,,,"eE6kvSR3uoy9zdn7o7etq88/xsP7F3Qo",
"6452b0bc-41b6-43a2-8f3e-5c462eb403ca","WOOD_006.basePlot.bet","D09","WOOD","WOOD_006","S","2015-09-02","2015-09-16","2015-09-17","2016-01-19","2016-01-26","WOOD_006.S.20150916","WY3Zl9EyMieUvlDPxyB+0+ECfwGI5j7DsVB+iydBqhU=","carabid","PTEMEL","Pterostichus melanarius melanarius","subspecies",,"Illiger",,2,"Lindroth, C. H. 1969. The ground-beetles (Carabidae, excl. Cicindelinae) of Canada and Alaska, parts 1-6. Opuscula E. Entomoligiska Sallskapet.","4oCBvlQIQ4DhSH30J22+0bs0GAacIQwk","GOvgZIvQ0qQHj/ySC0OOMgunX2ZttPpr",
"03c1c7bf-8c5e-4cc5-a11e-0dab14fa2d6b","WOOD_023.basePlot.bet","D09","WOOD","WOOD_023","S","2015-09-02","2015-09-16","2015-09-17","2016-01-20","2016-01-26","WOOD_023.S.20150916","HkhQBNKo1QB/33EtIZadeVKqJ36EvlBjFi48oH9f8Bs=","carabid","PTEMEL","Pterostichus melanarius melanarius","subspecies",,"Illiger",,1,"Lindroth, C. H. 1969. The ground-beetles (Carabidae, excl. Cicindelinae) of Canada and Alaska, parts 1-6. Opuscula E. Entomoligiska Sallskapet.","4oCBvlQIQ4DhSH30J22+0bs0GAacIQwk","a/0SlN26fEtmJ3LLysIxkaRUfZvckIBE",
"5191e98b-d7e6-4667-b517-e320584afad8","WOOD_007.basePlot.bet","D09","WOOD","WOOD_007","S","2015-09-02","2015-09-16","2015-09-17","2016-01-19","2016-01-27","WOOD_007.S.20150916","5mkFtj0S+ggRycJyJqYyrRR2VQ7+bqLfHpEg9Qaq0sY=","carabid","SYNAME","Syntomus americanus","species","cf. species","Dejean",,1,"Lindroth, C. H. 1969. The ground-beetles (Carabidae, excl. Cicindelinae) of Canada and Alaska, parts 1-6. Opuscula E. Entomoligiska Sallskapet.","4oCBvlQIQ4DhSH30J22+0bs0GAacIQwk","a/0SlN26fEtmJ3LLysIxkaRUfZvckIBE","Apex of elytra sinuate| elytral striae not well defined| Could be Apristus sp. but pubescence starts on 4th antennal segment and some seem less than 3 mm.| difficult to see if mentum tooth is bifid"
"426d9e82-db1e-4742-a622-a9dfcb79063d","WOOD_002.basePlot.bet","D09","WOOD","WOOD_002","S","2015-09-02","2015-09-16","2015-09-17","2016-01-20","2016-01-26","WOOD_002.S.20150916","V7nyjIgYGmPGW5RkcOYDIIziOnvc8l5JhV/ZhyFf2jQ=","carabid","PTEMEL","Pterostichus melanarius melanarius","subspecies",,"Illiger",,2,"Lindroth, C. H. 1969. The ground-beetles (Carabidae, excl. Cicindelinae) of Canada and Alaska, parts 1-6. Opuscula E. Entomoligiska Sallskapet.","4oCBvlQIQ4DhSH30J22+0bs0GAacIQwk","GOvgZIvQ0qQHj/ySC0OOMgunX2ZttPpr",
"86d81faf-1df4-47a9-a144-90edf5bea1cd","WOOD_001.basePlot.bet","D09","WOOD","WOOD_001","S","2015-09-02","2015-09-16","2015-09-17","2016-01-20","2016-01-26","WOOD_001.S.20150916","vZVALStcGzechsnwcGltVqvja+eN7ch4AKWSfhpO4oU=","carabid","PTEMEL","Pterostichus melanarius melanarius","subspecies",,"Illiger",,1,"Lindroth, C. H. 1969. The ground-beetles (Carabidae, excl. Cicindelinae) of Canada and Alaska, parts 1-6. Opuscula E. Entomoligiska Sallskapet.","4oCBvlQIQ4DhSH30J22+0bs0GAacIQwk","GOvgZIvQ0qQHj/ySC0OOMgunX2ZttPpr",
"1106f426-b559-42f9-bd63-bde1818e069a","WOOD_005.basePlot.bet","D09","WOOD","WOOD_005","S","2015-09-02","2015-09-16","2015-09-17","2016-01-20","2016-01-20","WOOD_005.S.20150916","Q/pjwyhQ09z2D0gRdKAm0vMuoGYD4dyUdzjO6a+Ob24=","carabid","BRACYA2","Brachinus cyanochroaticus","species",,"Erwin",,2,"Lindroth, C. H. 1969. The ground-beetles (Carabidae, excl. Cicindelinae) of Canada and Alaska, parts 1-6. Opuscula E. Entomoligiska Sallskapet.","4oCBvlQIQ4DhSH30J22+0bs0GAacIQwk","GOvgZIvQ0qQHj/ySC0OOMgunX2ZttPpr",
"19401921-b8e9-4686-bdb7-85a807415e88","WOOD_023.basePlot.bet","D09","WOOD","WOOD_023","S","2015-09-02","2015-09-16","2015-09-17","2016-01-20","2016-01-21","WOOD_023.S.20150916","HkhQBNKo1QB/33EtIZadeTTtChTJHLkv3++jJ3ZVmkw=","carabid","PTECOM","Pterostichus commutabilis","species","cf. species","Motschulsky",,1,"Lindroth, C. H. 1969. The ground-beetles (Carabidae, excl. Cicindelinae) of Canada and Alaska, parts 1-6. Opuscula E. Entomoligiska Sallskapet.","4oCBvlQIQ4DhSH30J22+0bs0GAacIQwk","a/0SlN26fEtmJ3LLysIxkaRUfZvckIBE","Fits descriptions for species but 1 specimen seems a little large| keys to P. leconteianus in Lindroth| basal puncture meets 2nd striae| last tarsal segment glabrous beneath| prothorax hind angles completely rounded| legs rufous| elytra iridescent"
"3f44096f-b6a6-49f0-9170-3a6335d420cf","WOOD_007.basePlot.bet","D09","WOOD","WOOD_007","W","2015-09-02","2015-09-16","2015-09-17","2015-09-22",,"WOOD_007.W.20150916","5mkFtj0S+gjhtj3JnHzUKpWYBCIHvtLPYI+9AHq+znc=","invert bycatch",,,,,,,,,,"eE6kvSR3uoy9zdn7o7etq88/xsP7F3Qo",
"132685db-504e-4766-b83e-05aaa63c29cc","WOOD_001.basePlot.bet","D09","WOOD","WOOD_001","W","2015-09-02","2015-09-16","2015-09-17","2015-09-21",,"WOOD_001.W.20150916","vZVALStcGze4oqiSg8fWaoOiEK3zx0kYd4JEbiJEX7U=","invert bycatch",,,,,,,,,,"49AT3csB7SNH9c2JnAOTHYMNXNZpKUYr",
"74f8d93c-a80f-401b-93c4-741c65334497","WOOD_024.basePlot.bet","D09","WOOD","WOOD_024","W","2015-09-02","2015-09-16","2015-09-17","2015-09-21",,"WOOD_024.W.20150916","rKE54NR9lxSk0yzCJNwfWEAOBnTZn5weir4zMuJwYq0=","invert bycatch",,,,,,,,,,"eE6kvSR3uoy9zdn7o7etq88/xsP7F3Qo",
"847603b5-1b4d-4103-bffd-82363ebfd2be","WOOD_004.basePlot.bet","D09","WOOD","WOOD_004","W","2015-09-02","2015-09-16","2015-09-17","2015-09-22",,"WOOD_004.W.20150916","tVkCk1nh7tHmUpCuPlsZH1hLiIdMDqjcnDVaU9VWqdg=","invert bycatch",,,,,,,,,,"49AT3csB7SNH9c2JnAOTHYMNXNZpKUYr",
"0bfbf126-4492-4c4d-8116-817ed02f914a","WOOD_006.basePlot.bet","D09","WOOD","WOOD_006","W","2015-09-02","2015-09-16","2015-09-17","2015-09-22",,"WOOD_006.W.20150916","WY3Zl9EyMieRLqe2GmMq7WkElco4l09ekXQHouyGR2I=","invert bycatch",,,,,,,,,,"eE6kvSR3uoy9zdn7o7etq88/xsP7F3Qo",
