uid,namedLocation,domainID,siteID,plotID,trapID,setDate,collectDate,processingDate,etOHChangeDate,identifiedDate,sampleID,subsampleID,sampleType,taxonID,scientificName,taxonRank,identificationQualifier,scientificNameAuthorship,morphospeciesID,individualCount,identificationReferences,identifiedBy,recordedBy,remarks
"f62948ce-8a3f-45db-adf9-05866acdef90","UNDE_006.basePlot.bet","D05","UNDE","UNDE_006","E","2015-08-31","2015-09-14","2015-09-15","2015-09-17","2015-09-29","UNDE_006.E.20150914","izIYmtFoQUjYvdCG/eJV11FWi4VdcAu4kOSWzx35Ui4=","carabid","SYNIMP","Synuchus impunctatus","species",,"Say",,1,"Lindroth, C. H. 1969. The ground-beetles (Carabidae, excl. Cicindelinae) of Canada and Alaska, parts 1-6. Opuscula E. Entomoligiska Sallskapet.","Syw2LXB/pj+fmGCuwdgBGVryVUmYhw3g","sNWmFOzJI5k0heJ/hgLOpehrR5IinP1+","Head broke off from body so not chosen to pin"
"eb21f530-84c3-4d1c-b5e1-3be836c1d5cd","UNDE_011.basePlot.bet","D05","UNDE","UNDE_011","E","2015-08-31","2015-09-14","2015-09-15","2015-09-21",,"UNDE_011.E.20150914","0Ya1AWR2lPiVqJfHQh+4u6IpNdKUInmcIxjVlWsjl7Q=","invert bycatch",,,,,,,,,,"gv1RuG2ijYOiQdbqqg4qu+pKtrSPX1oD",
"a13a13fb-2cec-42db-89d7-f57ca87d4a14","UNDE_008.basePlot.bet","D05","UNDE","UNDE_008","E","2015-08-31","2015-09-14","2015-09-15","2015-09-17","2015-10-29","UNDE_008.E.20150914","MjA7sUqH2Ca0m+Es0SGwOa2NS7Ao/Zwznw7xvIRlMuw=","carabid","PTEMEL","Pterostichus melanarius melanarius","subspecies",,"Illiger",,1,"Lindroth, C. H. 1969. The ground-beetles (Carabidae, excl. Cicindelinae) of Canada and Alaska, parts 1-6. Opuscula E. Entomoligiska Sallskapet.","Syw2LXB/pj+fmGCuwdgBGVryVUmYhw3g","sNWmFOzJI5k0heJ/hgLOpehrR5IinP1+","pinned"
"e8fd0754-1f51-4a99-aa68-2a2d9977ec9d","UNDE_002.basePlot.bet","D05","UNDE","UNDE_002","E","2015-08-31","2015-09-14","2015-09-15","2015-09-17",,"UNDE_002.E.20150914","JrVNSI+TG1Jd4e6ZdTANOZ0EPisGgSuOYePuVK4yBHw=","invert bycatch",,,,,,,,,,"sNWmFOzJI5k0heJ/hgLOpehrR5IinP1+",
"ee9054c1-26f2-4624-a7aa-1622cd4ef9ed","UNDE_006.basePlot.bet","D05","UNDE","UNDE_006","E","2015-08-31","2015-09-14","2015-09-15","2015-09-17",,"UNDE_006.E.20150914","izIYmtFoQUjYvdCG/eJV1+sXqDYH2fLz8CcHMB9kkzI=","invert bycatch",,,,,,,,,,"sNWmFOzJI5k0heJ/hgLOpehrR5IinP1+",
"14f2c77c-2179-4bf9-bf87-342608992e86","UNDE_012.basePlot.bet","D05","UNDE","UNDE_012","E","2015-08-31","2015-09-14","2015-09-15","2015-09-17",,"UNDE_012.E.20150914","+v0vuVmyR4Af2uvP6M5Ld1bc6U3yrUvSdadw1KjEO08=","invert bycatch",,,,,,,,,,"sNWmFOzJI5k0heJ/hgLOpehrR5IinP1+",
"5d2848e0-cf0f-4091-b000-8f882e054cde","UNDE_007.basePlot.bet","D05","UNDE","UNDE_007","E","2015-08-31","2015-09-14","2015-09-15","2015-09-17",,"UNDE_007.E.20150914","sj+sxzQpSGBowuXeQO717Mvnwf83RPXQOzGVu04+jRc=","invert bycatch",,,,,,,,,,"sNWmFOzJI5k0heJ/hgLOpehrR5IinP1+",
"79406682-54fe-4805-bbdf-6aa02179639d","UNDE_010.basePlot.bet","D05","UNDE","UNDE_010","E","2015-08-31","2015-09-14","2015-09-15","2015-09-17",,"UNDE_010.E.20150914","hQDJ3TYDfoyUj4OsEBOXmwLbcikyo7SIbjJ6dITfyVg=","invert bycatch",,,,,,,,,,"sNWmFOzJI5k0heJ/hgLOpehrR5IinP1+",
"97c281bc-af07-4f26-9c46-a5473b1dc13f","UNDE_017.basePlot.bet","D05","UNDE","UNDE_017","E","2015-08-31","2015-09-14","2015-09-15","2015-09-21","2015-10-29","UNDE_017.E.20150914","xHY1KmNCr21DrRJn5PYxfyiQFXQRLwkK/QCvB3MOz/Y=","carabid","CARNEM","Carabus nemoralis nemoralis","subspecies",,"Mueller",,7,"Lindroth, C. H. 1969. The ground-beetles (Carabidae, excl. Cicindelinae) of Canada and Alaska, parts 1-6. Opuscula E. Entomoligiska Sallskapet.","Syw2LXB/pj+fmGCuwdgBGVryVUmYhw3g","sNWmFOzJI5k0heJ/hgLOpehrR5IinP1+","pooled with CARNEM from north and south traps"
"803dc346-6ab2-419b-a64c-4e6459a75cb7","UNDE_001.basePlot.bet","D05","UNDE","UNDE_001","E","2015-08-31","2015-09-14","2015-09-15","2015-09-17","2015-09-25","UNDE_001.E.20150914","kh3xmoTmJnCUw/P0Ua+hOZLcnDRxbgX584ESgc8RGH0=","carabid","CYMCRI","Cymindis cribricollis","species",,"Dejean",,1,"Lindroth, C. H. 1969. The ground-beetles (Carabidae, excl. Cicindelinae) of Canada and Alaska, parts 1-6. Opuscula E. Entomoligiska Sallskapet.","Syw2LXB/pj+fmGCuwdgBGVryVUmYhw3g","sNWmFOzJI5k0heJ/hgLOpehrR5IinP1+","pinned"
"41f204a4-fd11-4eda-9ac0-c78d33ba89fc","UNDE_008.basePlot.bet","D05","UNDE","UNDE_008","E","2015-08-31","2015-09-14","2015-09-15","2015-09-17",,"UNDE_008.E.20150914","MjA7sUqH2Ca0m+Es0SGwOY9YXLi5yTSfGS0ZdIDtlw4=","invert bycatch",,,,,,,,,,"sNWmFOzJI5k0heJ/hgLOpehrR5IinP1+",
"1b4ff8c8-a003-4e04-beaa-d787c458742d","UNDE_001.basePlot.bet","D05","UNDE","UNDE_001","E","2015-08-31","2015-09-14","2015-09-15","2015-09-17",,"UNDE_001.E.20150914","kh3xmoTmJnCUw/P0Ua+hOTtvAKQ//tRv9IwV4e2eIW4=","invert bycatch",,,,,,,,,,"sNWmFOzJI5k0heJ/hgLOpehrR5IinP1+",
"48cbb786-ad80-4f3f-8089-029ad30873c5","UNDE_008.basePlot.bet","D05","UNDE","UNDE_008","E","2015-08-31","2015-09-14","2015-09-15","2015-09-17","2015-10-29","UNDE_008.E.20150914","MjA7sUqH2Ca0m+Es0SGwOQrTIeCwMEwRhEEQH75BHX4=","carabid","CYMCRI","Cymindis cribricollis","species",,"Dejean",,1,"Lindroth, C. H. 1969. The ground-beetles (Carabidae, excl. Cicindelinae) of Canada and Alaska, parts 1-6. Opuscula E. Entomoligiska Sallskapet.","Syw2LXB/pj+fmGCuwdgBGVryVUmYhw3g","sNWmFOzJI5k0heJ/hgLOpehrR5IinP1+","pinned"
"29989c7c-ded8-448a-9060-89cfac0c43d6","UNDE_006.basePlot.bet","D05","UNDE","UNDE_006","E","2015-08-31","2015-09-14","2015-09-15","2015-09-17","2015-09-29","UNDE_006.E.20150914","izIYmtFoQUjYvdCG/eJV15Jye9PeqbAG+aoUuk/XeNU=","carabid","PTEMEL","Pterostichus melanarius melanarius","subspecies",,"Illiger",,1,"Lindroth, C. H. 1969. The ground-beetles (Carabidae, excl. Cicindelinae) of Canada and Alaska, parts 1-6. Opuscula E. Entomoligiska Sallskapet.","Syw2LXB/pj+fmGCuwdgBGVryVUmYhw3g","sNWmFOzJI5k0heJ/hgLOpehrR5IinP1+","pinned"
"f8ecd179-f1f0-4f47-b977-50559f092f7b","UNDE_003.basePlot.bet","D05","UNDE","UNDE_003","E","2015-08-31","2015-09-14","2015-09-15","2015-09-17","2015-09-30","UNDE_003.E.20150914","UKgrtiGQYSCWfxHTjKN1/GsaqO5oiJwsXyEh0Qp3u5U=","carabid","PTEPEN","Pterostichus pensylvanicus","species","cf. species","LeConte",,1,"Lindroth, C. H. 1969. The ground-beetles (Carabidae, excl. Cicindelinae) of Canada and Alaska, parts 1-6. Opuscula E. Entomoligiska Sallskapet.","Syw2LXB/pj+fmGCuwdgBGVryVUmYhw3g","sNWmFOzJI5k0heJ/hgLOpehrR5IinP1+","pinned"
"6cfd95d1-271c-49d8-baf9-0f047ea74cbd","UNDE_003.basePlot.bet","D05","UNDE","UNDE_003","E","2015-08-31","2015-09-14","2015-09-15","2015-09-17",,"UNDE_003.E.20150914","UKgrtiGQYSCWfxHTjKN1/HwDPXtzFfA6+UIgvg5RLyc=","invert bycatch",,,,,,,,,,"sNWmFOzJI5k0heJ/hgLOpehrR5IinP1+",
"3ef11ca6-47b9-41bc-b208-1697f2ae2340","UNDE_017.basePlot.bet","D05","UNDE","UNDE_017","E","2015-08-31","2015-09-14","2015-09-15","2015-09-21",,"UNDE_017.E.20150914","xHY1KmNCr21DrRJn5PYxfw0rjIDif75iZ6ORVnNB3U4=","invert bycatch",,,,,,,,,,"sNWmFOzJI5k0heJ/hgLOpehrR5IinP1+",
"bd6f15f0-298e-400a-b139-588231cdf8c2","UNDE_017.basePlot.bet","D05","UNDE","UNDE_017","N","2015-08-31","2015-09-14","2015-09-15","2015-09-21","2015-10-29","UNDE_017.N.20150914","xHY1KmNCr23nhIQ3WiWhMNT11/XsHKcpsqt0sP4O3x4=","carabid","CARSP14","Carabidae sp.","family",,"Latreille","D05.2015.MorphM",1,"Other","Syw2LXB/pj+fmGCuwdgBGVryVUmYhw3g","sNWmFOzJI5k0heJ/hgLOpehrR5IinP1+","pinned. Similar to ptepen in elytral puncture situation. Size approximately 12-13mm. Slightly paler| more brown| compared other ptepen & pteads. Legs paler."
"fd3549a0-14e1-4544-9a95-1a7250185f2a","UNDE_008.basePlot.bet","D05","UNDE","UNDE_008","N","2015-08-31","2015-09-14","2015-09-15","2015-09-17","2015-10-29","UNDE_008.N.20150914","MjA7sUqH2CaY31Dt12fKCNSh3cWH6mhna/48B5KrH6U=","carabid","PTEPEN","Pterostichus pensylvanicus","species","cf. species","LeConte",,1,"Lindroth, C. H. 1969. The ground-beetles (Carabidae, excl. Cicindelinae) of Canada and Alaska, parts 1-6. Opuscula E. Entomoligiska Sallskapet.","Syw2LXB/pj+fmGCuwdgBGVryVUmYhw3g","sNWmFOzJI5k0heJ/hgLOpehrR5IinP1+","pinned"
"38ea0c32-3cc8-464e-8964-7f7292f76a0e","UNDE_006.basePlot.bet","D05","UNDE","UNDE_006","N","2015-08-31","2015-09-14","2015-09-15","2015-09-17","2015-09-29","UNDE_006.N.20150914","izIYmtFoQUjEi58UfW/1UeAmZSneJfyq6YlRxpejYWk=","carabid","PTEMEL","Pterostichus melanarius melanarius","subspecies",,"Illiger",,1,"Lindroth, C. H. 1969. The ground-beetles (Carabidae, excl. Cicindelinae) of Canada and Alaska, parts 1-6. Opuscula E. Entomoligiska Sallskapet.","Syw2LXB/pj+fmGCuwdgBGVryVUmYhw3g","sNWmFOzJI5k0heJ/hgLOpehrR5IinP1+","pinned"
"9b8a988a-f971-4cdd-8461-58f99b58ff7e","UNDE_010.basePlot.bet","D05","UNDE","UNDE_010","N","2015-08-31","2015-09-14","2015-09-15","2015-09-17","2015-09-15","UNDE_010.N.20150914","hQDJ3TYDfoxCoxtjFHMyZ0y+fFvgyqlWkOH/2vrh4So=","vert bycatch herp","AMBLAT","Ambystoma laterale","species",,"Hallowell",,1,"Christoffel, R., R. Hay, R. Paloski, and M. Wolfgram. 2009. Amphibians of Wisconsin. Wisconsin Department of Natural Resources, Madison, Wisconsin.","sNWmFOzJI5k0heJ/hgLOpehrR5IinP1+","sNWmFOzJI5k0heJ/hgLOpehrR5IinP1+",
"87de792f-01b5-4c14-87e0-7325aaf329d5","UNDE_010.basePlot.bet","D05","UNDE","UNDE_010","N","2015-08-31","2015-09-14","2015-09-15","2015-09-17",,"UNDE_010.N.20150914","hQDJ3TYDfoxCoxtjFHMyZ8EkktdIYb1M93O2a1po/hs=","invert bycatch",,,,,,,,,,"sNWmFOzJI5k0heJ/hgLOpehrR5IinP1+",
"7ef5d320-e269-4a55-b3ae-daeb646bca91","UNDE_017.basePlot.bet","D05","UNDE","UNDE_017","N","2015-08-31","2015-09-14","2015-09-15","2015-09-21","2015-10-29","UNDE_017.N.20150914","xHY1KmNCr23nhIQ3WiWhMNurssn5bZzIaJ2mVvt6gY8=","carabid","CARNEM","Carabus nemoralis nemoralis","subspecies",,"Mueller",,16,"Lindroth, C. H. 1969. The ground-beetles (Carabidae, excl. Cicindelinae) of Canada and Alaska, parts 1-6. Opuscula E. Entomoligiska Sallskapet.","Syw2LXB/pj+fmGCuwdgBGVryVUmYhw3g","sNWmFOzJI5k0heJ/hgLOpehrR5IinP1+","pooled with CARNEM from east and south traps"
"5ca6651c-3a54-4588-8579-a689274bef09","UNDE_017.basePlot.bet","D05","UNDE","UNDE_017","N","2015-08-31","2015-09-14","2015-09-15","2015-09-21",,"UNDE_017.N.20150914","xHY1KmNCr23nhIQ3WiWhMN4jaWnZkxVRqfo/SV3Noh4=","invert bycatch",,,,,,,,,,"sNWmFOzJI5k0heJ/hgLOpehrR5IinP1+",
"39683bec-588d-4f2f-9159-42b6e75b6ff3","UNDE_003.basePlot.bet","D05","UNDE","UNDE_003","N","2015-08-31","2015-09-14","2015-09-15","2015-09-17",,"UNDE_003.N.20150914","UKgrtiGQYSDE7Wv8PWCVByPQw9hjNLvwy5ft4dN91Uo=","invert bycatch",,,,,,,,,,"sNWmFOzJI5k0heJ/hgLOpehrR5IinP1+",
"2693dc52-94af-4c50-ab8a-431ef52d6cda","UNDE_007.basePlot.bet","D05","UNDE","UNDE_007","N","2015-08-31","2015-09-14","2015-09-15","2015-09-17",,"UNDE_007.N.20150914","sj+sxzQpSGChK6h/mW6WHtHdbOP64PW+I2Jwg79MjuY=","invert bycatch",,,,,,,,,,"sNWmFOzJI5k0heJ/hgLOpehrR5IinP1+",
"e2d65401-5cd2-4030-9e1b-23f3428c2404","UNDE_001.basePlot.bet","D05","UNDE","UNDE_001","N","2015-08-31","2015-09-14","2015-09-15","2015-09-17","2015-09-25","UNDE_001.N.20150914","kh3xmoTmJnDEdDDgC6O3VklGTPqSwiH8oGl14Cqo9OQ=","carabid","CYMCRI","Cymindis cribricollis","species",,"Dejean",,1,"Lindroth, C. H. 1969. The ground-beetles (Carabidae, excl. Cicindelinae) of Canada and Alaska, parts 1-6. Opuscula E. Entomoligiska Sallskapet.","Syw2LXB/pj+fmGCuwdgBGVryVUmYhw3g","sNWmFOzJI5k0heJ/hgLOpehrR5IinP1+","pinned"
"f505efcf-b46d-4a1a-9b1e-a82dedca629b","UNDE_001.basePlot.bet","D05","UNDE","UNDE_001","N","2015-08-31","2015-09-14","2015-09-15","2015-09-17",,"UNDE_001.N.20150914","kh3xmoTmJnDEdDDgC6O3Vj4dvHJZA/zyoHHc0D6U+/Q=","invert bycatch",,,,,,,,,,"sNWmFOzJI5k0heJ/hgLOpehrR5IinP1+",
"bb0d11c0-8ea4-46fa-ba23-1aef1ae770be","UNDE_011.basePlot.bet","D05","UNDE","UNDE_011","N","2015-08-31","2015-09-14","2015-09-15","2015-09-21",,"UNDE_011.N.20150914","0Ya1AWR2lPjLjN29ViQVJidvT+DL/Y3OaS8iZr7L1/w=","invert bycatch",,,,,,,,,,"gv1RuG2ijYOiQdbqqg4qu+pKtrSPX1oD",
"bbb6c074-9eeb-49dd-9e5b-b9b750746405","UNDE_008.basePlot.bet","D05","UNDE","UNDE_008","N","2015-08-31","2015-09-14","2015-09-15","2015-09-17","2015-10-29","UNDE_008.N.20150914","MjA7sUqH2CaY31Dt12fKCBdkDmvmXA7yEb2kd60zfdY=","carabid","PTEMEL","Pterostichus melanarius melanarius","subspecies",,"Illiger",,1,"Lindroth, C. H. 1969. The ground-beetles (Carabidae, excl. Cicindelinae) of Canada and Alaska, parts 1-6. Opuscula E. Entomoligiska Sallskapet.","Syw2LXB/pj+fmGCuwdgBGVryVUmYhw3g","sNWmFOzJI5k0heJ/hgLOpehrR5IinP1+","pinned"
"f882a8a6-b00d-4377-88ea-65d89c66b6ab","UNDE_002.basePlot.bet","D05","UNDE","UNDE_002","N","2015-08-31","2015-09-14","2015-09-15","2015-09-17",,"UNDE_002.N.20150914","JrVNSI+TG1I7C2NLoJZz+Yf1+GIUO1FSwKGuZrmKL+s=","invert bycatch",,,,,,,,,,"sNWmFOzJI5k0heJ/hgLOpehrR5IinP1+",
"f0ceba80-0f4d-47e6-8692-ddd9ebee6715","UNDE_008.basePlot.bet","D05","UNDE","UNDE_008","N","2015-08-31","2015-09-14","2015-09-15","2015-09-17",,"UNDE_008.N.20150914","MjA7sUqH2CaY31Dt12fKCD5yH6FdOm6NvBhe3ZMtPl4=","invert bycatch",,,,,,,,,,"sNWmFOzJI5k0heJ/hgLOpehrR5IinP1+",
"30cace04-c3e3-4763-92be-c15e4e211554","UNDE_006.basePlot.bet","D05","UNDE","UNDE_006","N","2015-08-31","2015-09-14","2015-09-15","2015-09-17",,"UNDE_006.N.20150914","izIYmtFoQUjEi58UfW/1URGg5pRMp3uhZQvP6Dffqw0=","invert bycatch",,,,,,,,,,"sNWmFOzJI5k0heJ/hgLOpehrR5IinP1+",
"aa905148-d5f8-4412-b095-46fe3d7fd455","UNDE_012.basePlot.bet","D05","UNDE","UNDE_012","N","2015-08-31","2015-09-14","2015-09-15","2015-09-17",,"UNDE_012.N.20150914","+v0vuVmyR4CM34zYFTT88EhYO/2P4TWOl1ispDBrIkg=","invert bycatch",,,,,,,,,,"sNWmFOzJI5k0heJ/hgLOpehrR5IinP1+",
"0fd9363b-9932-4591-99f9-bd52a005b6a9","UNDE_006.basePlot.bet","D05","UNDE","UNDE_006","S","2015-08-31","2015-09-14","2015-09-15","2015-09-17",,"UNDE_006.S.20150914","izIYmtFoQUincgda/qaeEgvOep/l81R7ZVQwqWRsi2U=","invert bycatch",,,,,,,,,,"sNWmFOzJI5k0heJ/hgLOpehrR5IinP1+",
"c1128051-58eb-4863-a5b9-a0d82cf43f76","UNDE_006.basePlot.bet","D05","UNDE","UNDE_006","S","2015-08-31","2015-09-14","2015-09-15","2015-09-17","2015-09-29","UNDE_006.S.20150914","izIYmtFoQUincgda/qaeEpZH3Pf9No0D7Hxlv2D1iuc=","carabid","SYNIMP","Synuchus impunctatus","species",,"Say",,2,"Lindroth, C. H. 1969. The ground-beetles (Carabidae, excl. Cicindelinae) of Canada and Alaska, parts 1-6. Opuscula E. Entomoligiska Sallskapet.","Syw2LXB/pj+fmGCuwdgBGVryVUmYhw3g","sNWmFOzJI5k0heJ/hgLOpehrR5IinP1+","pinned"
"83464ddf-b438-4ebf-944f-c2c077c04354","UNDE_008.basePlot.bet","D05","UNDE","UNDE_008","S","2015-08-31","2015-09-14","2015-09-15","2015-09-17","2015-09-17","UNDE_008.S.20150914","MjA7sUqH2CbTzc7rq9n5rp5nE5TlAbByEQ89WI+YYnQ=","vert bycatch herp","AMBLAT","Ambystoma laterale","species",,"Hallowell",,1,"Christoffel, R., R. Hay, R. Paloski, and M. Wolfgram. 2009. Amphibians of Wisconsin. Wisconsin Department of Natural Resources, Madison, Wisconsin.","sNWmFOzJI5k0heJ/hgLOpehrR5IinP1+","sNWmFOzJI5k0heJ/hgLOpehrR5IinP1+",
"57fb46c4-3d03-4895-b81b-ac202cdff6da","UNDE_002.basePlot.bet","D05","UNDE","UNDE_002","S","2015-08-31","2015-09-14","2015-09-15","2015-09-17",,"UNDE_002.S.20150914","JrVNSI+TG1KjDnRGwybwsBOs21WW3YltQPMpjBO1jXg=","invert bycatch",,,,,,,,,,"sNWmFOzJI5k0heJ/hgLOpehrR5IinP1+",
"115bb654-3fe2-444e-8865-78599fff8b34","UNDE_008.basePlot.bet","D05","UNDE","UNDE_008","S","2015-08-31","2015-09-14","2015-09-15","2015-09-17","2015-10-29","UNDE_008.S.20150914","MjA7sUqH2CbTzc7rq9n5rnDAO+72mvemOdEzOs/PBZs=","carabid","PTEMEL","Pterostichus melanarius melanarius","subspecies",,"Illiger",,1,"Lindroth, C. H. 1969. The ground-beetles (Carabidae, excl. Cicindelinae) of Canada and Alaska, parts 1-6. Opuscula E. Entomoligiska Sallskapet.","Syw2LXB/pj+fmGCuwdgBGVryVUmYhw3g","sNWmFOzJI5k0heJ/hgLOpehrR5IinP1+","pinned"
"0120a16f-8245-4c6a-918a-1d9eee2c4f8f","UNDE_008.basePlot.bet","D05","UNDE","UNDE_008","S","2015-08-31","2015-09-14","2015-09-15","2015-09-17",,"UNDE_008.S.20150914","MjA7sUqH2CbTzc7rq9n5rjB6RTSvQ3vXKHtzZEkA81U=","invert bycatch",,,,,,,,,,"sNWmFOzJI5k0heJ/hgLOpehrR5IinP1+",
"457523c2-2c8c-4160-a909-552b8a40a272","UNDE_017.basePlot.bet","D05","UNDE","UNDE_017","S","2015-08-31","2015-09-14","2015-09-15","2015-09-21","2015-10-29","UNDE_017.S.20150914","xHY1KmNCr2390iLeCQFtjtGVEAycg3S09qLVWiZP+Z8=","carabid","PTEPEN","Pterostichus pensylvanicus","species","cf. species","LeConte",,1,"Other","Syw2LXB/pj+fmGCuwdgBGVryVUmYhw3g","sNWmFOzJI5k0heJ/hgLOpehrR5IinP1+","pinned"
"7ffe4841-1368-4244-abe1-1f24a3aca55b","UNDE_017.basePlot.bet","D05","UNDE","UNDE_017","S","2015-08-31","2015-09-14","2015-09-15","2015-09-21",,"UNDE_017.S.20150914","xHY1KmNCr2390iLeCQFtjlqlxp5RoiRkOhXTQQZOPDU=","invert bycatch",,,,,,,,,,"sNWmFOzJI5k0heJ/hgLOpehrR5IinP1+",
"ddcee2ab-4d01-4649-b886-f7523553abf1","UNDE_017.basePlot.bet","D05","UNDE","UNDE_017","S","2015-08-31","2015-09-14","2015-09-15","2015-09-21","2015-10-29","UNDE_017.S.20150914","xHY1KmNCr2390iLeCQFtjjNHxhPIS21BajOaesmgu90=","carabid","PTETRI3","Pterostichus tristis","species","cf. species","Dejean",,1,"Other","Syw2LXB/pj+fmGCuwdgBGVryVUmYhw3g","sNWmFOzJI5k0heJ/hgLOpehrR5IinP1+","pinned. Species ID uncertain| could be PTEADO"
"0bb69463-4d4a-4d6d-9002-8405174a6e9d","UNDE_003.basePlot.bet","D05","UNDE","UNDE_003","S","2015-08-31","2015-09-14","2015-09-15","2015-09-17",,"UNDE_003.S.20150914","UKgrtiGQYSD93KL4taUQ/y6X5jvgyrKHiPyPUgtIFqE=","invert bycatch",,,,,,,,,,"sNWmFOzJI5k0heJ/hgLOpehrR5IinP1+",
"5bc8ea01-7dd9-4cd1-88a3-f0824173be39","UNDE_007.basePlot.bet","D05","UNDE","UNDE_007","S","2015-08-31","2015-09-14","2015-09-15","2015-09-17","2015-10-01","UNDE_007.S.20150914","sj+sxzQpSGAJvREnLoEnis8/he4K/RnFKhQihqHUmM0=","carabid","CARNEM","Carabus nemoralis nemoralis","subspecies",,"Mueller",,3,"Evans, A. V. 2014. Beetles of Eastern North America. 1st Ed. Princeton University Press, Princeton, NJ.","Syw2LXB/pj+fmGCuwdgBGVryVUmYhw3g","sNWmFOzJI5k0heJ/hgLOpehrR5IinP1+",
"8fab001c-664c-480a-a02f-78c9fa76977c","UNDE_010.basePlot.bet","D05","UNDE","UNDE_010","S","2015-08-31","2015-09-14","2015-09-15","2015-09-17",,"UNDE_010.S.20150914","hQDJ3TYDfowchf80HEbqrEMz91VmGsrhevkJO9wc/CM=","invert bycatch",,,,,,,,,,"sNWmFOzJI5k0heJ/hgLOpehrR5IinP1+",
"64166ee3-74bf-434d-b473-a29a12699c24","UNDE_001.basePlot.bet","D05","UNDE","UNDE_001","S","2015-08-31","2015-09-14","2015-09-15","2015-09-17",,"UNDE_001.S.20150914","kh3xmoTmJnBOmO2jgFxxycKg/63DX3u6GHfc7hKtfDE=","invert bycatch",,,,,,,,,,"sNWmFOzJI5k0heJ/hgLOpehrR5IinP1+",
"c09a8f60-fa76-4cf8-9eb4-363a4962a87d","UNDE_017.basePlot.bet","D05","UNDE","UNDE_017","S","2015-08-31","2015-09-14","2015-09-15","2015-09-21","2015-10-29","UNDE_017.S.20150914","xHY1KmNCr2390iLeCQFtjhUf1fg1znIHKcoUqndS/ic=","carabid","CARNEM","Carabus nemoralis nemoralis","subspecies",,"Mueller",,1,"Other","Syw2LXB/pj+fmGCuwdgBGVryVUmYhw3g","sNWmFOzJI5k0heJ/hgLOpehrR5IinP1+","pooled with CARNEM from north and east traps"
"2330e6ca-4a1a-4a42-8643-d0f7ede8aa75","UNDE_003.basePlot.bet","D05","UNDE","UNDE_003","S","2015-08-31","2015-09-14","2015-09-15","2015-09-17","2015-09-15","UNDE_003.S.20150914","UKgrtiGQYSD93KL4taUQ/yGMZAyI0K5Pok0bwYlF2nw=","vert bycatch herp","ANAAME","Anaxyrus americanus","species",,"Holbrook",,1,"Christoffel, R., R. Hay, R. Paloski, and M. Wolfgram. 2009. Amphibians of Wisconsin. Wisconsin Department of Natural Resources, Madison, Wisconsin.","sNWmFOzJI5k0heJ/hgLOpehrR5IinP1+","sNWmFOzJI5k0heJ/hgLOpehrR5IinP1+",
"7a334d60-d279-4256-93de-006ea65e4e9c","UNDE_007.basePlot.bet","D05","UNDE","UNDE_007","S","2015-08-31","2015-09-14","2015-09-15","2015-09-17",,"UNDE_007.S.20150914","sj+sxzQpSGAJvREnLoEnir1EdJ+YV2IkUoYjRpSgm1M=","invert bycatch",,,,,,,,,,"sNWmFOzJI5k0heJ/hgLOpehrR5IinP1+",
"351d3ff8-b77b-48e5-b2ce-5ffab1800c8e","UNDE_012.basePlot.bet","D05","UNDE","UNDE_012","S","2015-08-31","2015-09-14","2015-09-15","2015-09-17","2015-10-29","UNDE_012.S.20150914","+v0vuVmyR4CIkd7rDYGbTxHEHK5GzfCYLdMMMe4N1tg=","carabid","PTEMEL","Pterostichus melanarius melanarius","subspecies",,"Illiger",,1,"Lindroth, C. H. 1969. The ground-beetles (Carabidae, excl. Cicindelinae) of Canada and Alaska, parts 1-6. Opuscula E. Entomoligiska Sallskapet.","Syw2LXB/pj+fmGCuwdgBGVryVUmYhw3g","sNWmFOzJI5k0heJ/hgLOpehrR5IinP1+","pinned"
"41062fbf-8a04-4386-98fb-331c9941dc93","UNDE_012.basePlot.bet","D05","UNDE","UNDE_012","S","2015-08-31","2015-09-14","2015-09-15","2015-09-17","2015-10-29","UNDE_012.S.20150914","+v0vuVmyR4CIkd7rDYGbT5Wf7QPl8v8+L9MrUtF3aCg=","carabid","CARNEM","Carabus nemoralis nemoralis","subspecies",,"Mueller",,2,"Lindroth, C. H. 1969. The ground-beetles (Carabidae, excl. Cicindelinae) of Canada and Alaska, parts 1-6. Opuscula E. Entomoligiska Sallskapet.","Syw2LXB/pj+fmGCuwdgBGVryVUmYhw3g","sNWmFOzJI5k0heJ/hgLOpehrR5IinP1+",
"443193f4-e4da-4038-9384-6cec8ec650d6","UNDE_012.basePlot.bet","D05","UNDE","UNDE_012","S","2015-08-31","2015-09-14","2015-09-15","2015-09-17",,"UNDE_012.S.20150914","+v0vuVmyR4CIkd7rDYGbTyhVAu9VG197/UyHGqCHbc4=","invert bycatch",,,,,,,,,,"sNWmFOzJI5k0heJ/hgLOpehrR5IinP1+",
"f9e854b6-a99f-4ecf-a663-476935345fff","UNDE_011.basePlot.bet","D05","UNDE","UNDE_011","S","2015-08-31","2015-09-14","2015-09-15","2015-09-21",,"UNDE_011.S.20150914","0Ya1AWR2lPjOH9slevD5lLbGjXFt4Ogh7sKwiTKS5fw=","invert bycatch",,,,,,,,,,"gv1RuG2ijYOiQdbqqg4qu+pKtrSPX1oD",
"8ddf169e-4d01-4dd9-94b0-704fb1b59d73","UNDE_007.basePlot.bet","D05","UNDE","UNDE_007","W","2015-08-31","2015-09-14","2015-09-15","2015-09-17","2015-10-01","UNDE_007.W.20150914","sj+sxzQpSGD1HzFiTYVmCizvmusetjvF0C9WGiIQO6g=","carabid","CARSP14","Carabidae sp.","family",,"Latreille","D05.2015.MorphK",1,"Other","Syw2LXB/pj+fmGCuwdgBGVryVUmYhw3g","sNWmFOzJI5k0heJ/hgLOpehrR5IinP1+","Very small| 4mm in length. Elytra truncate| elytra head and pronotum punctate. May not be a carabid| in very poor condition and could not be pinned. Head was broken off and one half of elytra was crushed"
"d3ead8ea-1864-4592-bcb8-068a898aa2d6","UNDE_007.basePlot.bet","D05","UNDE","UNDE_007","W","2015-08-31","2015-09-14","2015-09-15","2015-09-17","2015-09-29","UNDE_007.W.20150914","sj+sxzQpSGD1HzFiTYVmChM90WEL0wi2V54reiVJmts=","carabid","CARNEM","Carabus nemoralis nemoralis","subspecies",,"Mueller",,1,"Lindroth, C. H. 1969. The ground-beetles (Carabidae, excl. Cicindelinae) of Canada and Alaska, parts 1-6. Opuscula E. Entomoligiska Sallskapet.","Syw2LXB/pj+fmGCuwdgBGVryVUmYhw3g","sNWmFOzJI5k0heJ/hgLOpehrR5IinP1+","This specimen was somehow missed when filling out the sorting data| the error was discovered after the original submission of the sort data when there was a pinned individual from this plot with no corresponding sort data"
"673bcf35-ddeb-4f9d-9f59-6651c12b5ec6","UNDE_017.basePlot.bet","D05","UNDE","UNDE_017","W","2015-08-31","2015-09-14","2015-09-15","2015-09-21",,"UNDE_017.W.20150914","xHY1KmNCr21/vfHrmPsO/ZFYAnY5BUmMr6pAWhwQAfY=","invert bycatch",,,,,,,,,,"sNWmFOzJI5k0heJ/hgLOpehrR5IinP1+",
"3e7acb2b-bd54-46a6-b7cc-6b26e72c8d6b","UNDE_003.basePlot.bet","D05","UNDE","UNDE_003","W","2015-08-31","2015-09-14","2015-09-15","2015-09-17",,"UNDE_003.W.20150914","UKgrtiGQYSCMMKqzs+IsfTh1sQscDXSXWnLX6Wh/Wy0=","invert bycatch",,,,,,,,,,"sNWmFOzJI5k0heJ/hgLOpehrR5IinP1+",
"43a5f619-9b80-46aa-a1f8-7d0740c6399a","UNDE_007.basePlot.bet","D05","UNDE","UNDE_007","W","2015-08-31","2015-09-14","2015-09-15","2015-09-17",,"UNDE_007.W.20150914","sj+sxzQpSGD1HzFiTYVmCtq6SFmLm8HdJ5dKH9SDW40=","invert bycatch",,,,,,,,,,"sNWmFOzJI5k0heJ/hgLOpehrR5IinP1+",
"acfead61-0a80-491c-8da4-58701cf57afe","UNDE_007.basePlot.bet","D05","UNDE","UNDE_007","W","2015-08-31","2015-09-14","2015-09-15","2015-09-17","2015-09-17","UNDE_007.W.20150914","sj+sxzQpSGD1HzFiTYVmCm+NzlHUsM+CCmgDxC9bbHQ=","vert bycatch herp","LITSYL","Lithobates sylvaticus","species",,"LeConte",,1,"Christoffel, R., R. Hay, R. Paloski, and M. Wolfgram. 2009. Amphibians of Wisconsin. Wisconsin Department of Natural Resources, Madison, Wisconsin.","sNWmFOzJI5k0heJ/hgLOpehrR5IinP1+","sNWmFOzJI5k0heJ/hgLOpehrR5IinP1+",
"43e1b9c2-275c-46d9-87b3-e72c38f86e92","UNDE_008.basePlot.bet","D05","UNDE","UNDE_008","W","2015-08-31","2015-09-14","2015-09-15","2015-09-17","2015-10-29","UNDE_008.W.20150914","MjA7sUqH2Cau71Ud/qCQ7Hu457Ths3XhOowpMB158Vg=","carabid","SPHSTE1","Sphaeroderus stenostomus lecontei","subspecies",,"Dejean",,2,"Lindroth, C. H. 1969. The ground-beetles (Carabidae, excl. Cicindelinae) of Canada and Alaska, parts 1-6. Opuscula E. Entomoligiska Sallskapet.","Syw2LXB/pj+fmGCuwdgBGVryVUmYhw3g","sNWmFOzJI5k0heJ/hgLOpehrR5IinP1+","pinned"
"6ef89b67-786e-4569-be09-a251101781f4","UNDE_008.basePlot.bet","D05","UNDE","UNDE_008","W","2015-08-31","2015-09-14","2015-09-15","2015-09-17",,"UNDE_008.W.20150914","MjA7sUqH2Cau71Ud/qCQ7H39RVHy7s+tE0MRnqchyGQ=","invert bycatch",,,,,,,,,,"sNWmFOzJI5k0heJ/hgLOpehrR5IinP1+",
"64da0b7e-a146-421b-ab2c-07aa1fae2c26","UNDE_011.basePlot.bet","D05","UNDE","UNDE_011","W","2015-08-31","2015-09-14","2015-09-15","2015-09-21",,"UNDE_011.W.20150914","0Ya1AWR2lPhXpWIOgzgwG5kVc3s56qtErSajvF/LPdg=","invert bycatch",,,,,,,,,,"gv1RuG2ijYOiQdbqqg4qu+pKtrSPX1oD",
"cd6775b4-380b-47c4-aefa-e0049d041b18","UNDE_001.basePlot.bet","D05","UNDE","UNDE_001","W","2015-08-31","2015-09-14","2015-09-15","2015-09-17",,"UNDE_001.W.20150914","kh3xmoTmJnDe9rFmDlBXbWsSpAlMpmrmnZiKESKVW0M=","invert bycatch",,,,,,,,,,"sNWmFOzJI5k0heJ/hgLOpehrR5IinP1+",
"0fbedcaa-88a3-4d66-b072-2343ca177fca","UNDE_001.basePlot.bet","D05","UNDE","UNDE_001","W","2015-08-31","2015-09-14","2015-09-15","2015-09-17","2015-09-15","UNDE_001.W.20150914","kh3xmoTmJnDe9rFmDlBXbcXrvqnWNgRJkfMV0aV42r4=","vert bycatch herp","PLECIN","Plethodon cinereus","species",,"Green",,2,"Christoffel, R., R. Hay, R. Paloski, and M. Wolfgram. 2009. Amphibians of Wisconsin. Wisconsin Department of Natural Resources, Madison, Wisconsin.","sNWmFOzJI5k0heJ/hgLOpehrR5IinP1+","sNWmFOzJI5k0heJ/hgLOpehrR5IinP1+",
"25872c2f-ae39-426e-9a5d-cf62271c6210","UNDE_012.basePlot.bet","D05","UNDE","UNDE_012","W","2015-08-31","2015-09-14","2015-09-15","2015-09-17","2015-10-29","UNDE_012.W.20150914","+v0vuVmyR4D8BUMGCb9TBi9JzqehpaVt+ca7uTFvIAE=","carabid","PTEPEN","Pterostichus pensylvanicus","species",,"LeConte",,2,"Lindroth, C. H. 1969. The ground-beetles (Carabidae, excl. Cicindelinae) of Canada and Alaska, parts 1-6. Opuscula E. Entomoligiska Sallskapet.","Syw2LXB/pj+fmGCuwdgBGVryVUmYhw3g","sNWmFOzJI5k0heJ/hgLOpehrR5IinP1+","pinned"
"732afba2-f61d-4fef-bf09-dd8e04fbb8bc","UNDE_012.basePlot.bet","D05","UNDE","UNDE_012","W","2015-08-31","2015-09-14","2015-09-15","2015-09-17",,"UNDE_012.W.20150914","+v0vuVmyR4D8BUMGCb9TBiGhserIFRRNMsYOuKIn3A4=","invert bycatch",,,,,,,,,,"sNWmFOzJI5k0heJ/hgLOpehrR5IinP1+",
"43ca84cc-19a7-4e69-9f81-c0fbf70c3247","UNDE_006.basePlot.bet","D05","UNDE","UNDE_006","W","2015-08-31","2015-09-14","2015-09-15","2015-09-17",,"UNDE_006.W.20150914","izIYmtFoQUiVOEIRqtIFZNvW+H9tLlgpbIW7AoSKezY=","invert bycatch",,,,,,,,,,"sNWmFOzJI5k0heJ/hgLOpehrR5IinP1+",
"fbdd68a7-919c-4f63-b16c-0dab17089b2b","UNDE_002.basePlot.bet","D05","UNDE","UNDE_002","W","2015-08-31","2015-09-14","2015-09-15","2015-09-17",,"UNDE_002.W.20150914","JrVNSI+TG1IR5eAVg3TRTZ9asQmCpDQETXAnfgxlnIc=","invert bycatch",,,,,,,,,,"sNWmFOzJI5k0heJ/hgLOpehrR5IinP1+",
