uid,namedLocation,domainID,siteID,plotID,trapID,setDate,collectDate,processingDate,identifiedDate,subsampleID,individualID,taxonID,scientificName,taxonRank,identificationQualifier,scientificNameAuthorship,morphospeciesID,identificationReferences,totalLength,identifiedBy,recordedBy,remarks
"ff5ea102-35e1-4618-94c9-ef82a00aa712","NIWO_009.basePlot.bet","D13","NIWO","NIWO_009","S","2015-06-30","2015-07-14","2016-12-05","2016-10-20","ta53RQUlpj5UBMvJyahkRdacmvk7K0cqq4ufzjbji3Q=","NEON.BET.D13.000087","CALADV","Calathus advena","species",,"LeConte",,,,"s/lmw0PcTzR4Bmy/yhclYeu7XYLZW004","s/lmw0PcTzR4Bmy/yhclYeu7XYLZW004",
"e66d15c6-ddef-40c0-89cd-a3551ce3b7d7","NIWO_003.basePlot.bet","D13","NIWO","NIWO_003","N","2015-06-30","2015-07-14","2016-12-06","2016-08-09","ZRQ9gNwmgymIPtZS12an+8pUDlm/lMRjCvLc9iOlV7g=","NEON.BET.D13.000195","CARTAE","Carabus taedatus","species",,"Fabricius",,,,"s/lmw0PcTzR4Bmy/yhclYeu7XYLZW004","s/lmw0PcTzR4Bmy/yhclYeu7XYLZW004",
"78c256a0-0e7b-4740-82db-9afa3cfabd31","NIWO_005.basePlot.bet","D13","NIWO","NIWO_005","N","2015-06-30","2015-07-14","2016-12-01","2016-09-12","06Y8b7qnWrtKMYVGHYy4+v13vtDbSWQAsuxL0SoeanA=","NEON.BET.D13.000050","CALADV","Calathus advena","species",,"LeConte",,,,"s/lmw0PcTzR4Bmy/yhclYeu7XYLZW004","XZoPj1u9UmznO7Lakic/e+h3MMLMvbQt",
"808ab1ff-2116-4a57-801c-a7c911111e23","NIWO_008.basePlot.bet","D13","NIWO","NIWO_008","E","2015-06-30","2015-07-14","2016-12-06","2016-07-29","5+aRVO2c2a7Ju/6v8LE/pJY/SzjJrflU2hHElAqDB1w=","NEON.BET.D13.000192","CARTAE","Carabus taedatus","species",,"Fabricius",,,,"s/lmw0PcTzR4Bmy/yhclYeu7XYLZW004","s/lmw0PcTzR4Bmy/yhclYeu7XYLZW004",
"667fb494-58f1-458f-bbcd-7d4b5493279f","NIWO_005.basePlot.bet","D13","NIWO","NIWO_005","N","2015-06-30","2015-07-14","2016-12-01","2016-09-12","06Y8b7qnWrtKMYVGHYy4+v13vtDbSWQAsuxL0SoeanA=","NEON.BET.D13.000051","CALADV","Calathus advena","species",,"LeConte",,,,"s/lmw0PcTzR4Bmy/yhclYeu7XYLZW004","XZoPj1u9UmznO7Lakic/e+h3MMLMvbQt",
"97dca73a-824f-4a9c-a68c-f9ef2ba759d1","NIWO_002.basePlot.bet","D13","NIWO","NIWO_002","W","2015-06-30","2015-07-14","2016-12-01","2016-06-23","Yxxla30BRinMShdElcd2E8U2n8GF0Ykn6f+7G3QZkcA=","NEON.BET.D13.000001","OTHE","Carabidae sp.","family",,"Latreille","D13.2015.MorphO",,,"s/lmw0PcTzR4Bmy/yhclYeu7XYLZW004","s/lmw0PcTzR4Bmy/yhclYeu7XYLZW004",
"d5cbd6cc-bbdf-494c-ae54-8e1cfe9a34b7","NIWO_004.basePlot.bet","D13","NIWO","NIWO_004","N","2015-06-30","2015-07-14","2016-12-09","2016-10-18","aRw+8bWvW/xB0g5tp1LHGQZlecMoAlolQ640uMQIG1w=","NEON.BET.D13.000408","HARPAR","Harpalus paratus","species",,"Casey",,,,"s/lmw0PcTzR4Bmy/yhclYeu7XYLZW004","a/0SlN26fEuP6UaIdvPv8XTR4wP1QaRoaGwryJzzg3M=",
"a269a7f3-dccc-4baf-90e3-af512a882839","NIWO_004.basePlot.bet","D13","NIWO","NIWO_004","N","2015-06-30","2015-07-14","2016-12-09","2016-10-18","aRw+8bWvW/xB0g5tp1LHGQZlecMoAlolQ640uMQIG1w=","NEON.BET.D13.000407","HARPAR","Harpalus paratus","species",,"Casey",,,,"s/lmw0PcTzR4Bmy/yhclYeu7XYLZW004","a/0SlN26fEuP6UaIdvPv8XTR4wP1QaRoaGwryJzzg3M=",
"c38500f1-40c2-489d-acdc-d74bdada7ede","NIWO_008.basePlot.bet","D13","NIWO","NIWO_008","W","2015-06-30","2015-07-14","2016-12-06","2016-08-08","5+aRVO2c2a7tyUr5BvACjA5RPSCOOwC8W2PSwCuGZjI=","NEON.BET.D13.000194","CARTAE","Carabus taedatus","species",,"Fabricius",,,,"s/lmw0PcTzR4Bmy/yhclYeu7XYLZW004","s/lmw0PcTzR4Bmy/yhclYeu7XYLZW004",
"74442172-6a5e-469c-9b19-793b0838d500","NIWO_006.basePlot.bet","D13","NIWO","NIWO_006","S","2015-06-30","2015-07-14","2016-12-01","2016-10-18","/HCA//l5a79xspR2rESkgKU5URgr2fme7lxVQdDd5YI=","NEON.BET.D13.000068","AMAALP","Amara alpina","species",,"Paykull",,,,"s/lmw0PcTzR4Bmy/yhclYeu7XYLZW004","XZoPj1u9UmznO7Lakic/e+h3MMLMvbQt",
"9adbe100-4cc4-4fbf-bfcd-7d08735d5e7f","NIWO_004.basePlot.bet","D13","NIWO","NIWO_004","N","2015-06-30","2015-07-14","2016-12-09","2016-10-18","aRw+8bWvW/xB0g5tp1LHGQZlecMoAlolQ640uMQIG1w=","NEON.BET.D13.000406","HARPAR","Harpalus paratus","species",,"Casey",,,,"s/lmw0PcTzR4Bmy/yhclYeu7XYLZW004","a/0SlN26fEuP6UaIdvPv8XTR4wP1QaRoaGwryJzzg3M=",
"108fd837-9928-4402-96d5-cd418328905a","NIWO_004.basePlot.bet","D13","NIWO","NIWO_004","S","2015-06-30","2015-07-14","2016-12-12","2016-09-07","aRw+8bWvW/xPJ1WUnvg8OstamcWP+yQKYwtsdb+8dBU=","NEON.BET.D13.000430","HARSP7","Harpalus sp.","genus",,"Latreille","D13.2015.MorphE",,,"s/lmw0PcTzR4Bmy/yhclYeu7XYLZW004","s/lmw0PcTzR4Bmy/yhclYeu7XYLZW004",
"7079f5e9-1a6b-4c86-b79d-655324dc731c","NIWO_001.basePlot.bet","D13","NIWO","NIWO_001","W","2015-06-30","2015-07-14","2016-12-01","2016-08-16","fp9n17d9YyEhoHxM9Q6c8lKafuSgJb9xGZGL/DsQPYo=","NEON.BET.D13.000013","OTHE","Carabidae sp.","family",,"Latreille","D13.2015.MorphO",,,"s/lmw0PcTzR4Bmy/yhclYeu7XYLZW004","s/lmw0PcTzR4Bmy/yhclYeu7XYLZW004",
"c9371cf6-a65e-4172-a856-5b3df36b6d6f","NIWO_006.basePlot.bet","D13","NIWO","NIWO_006","S","2015-06-30","2015-07-14","2016-12-01","2016-10-18","/HCA//l5a79xspR2rESkgKU5URgr2fme7lxVQdDd5YI=","NEON.BET.D13.000067","AMAALP","Amara alpina","species",,"Paykull",,,,"s/lmw0PcTzR4Bmy/yhclYeu7XYLZW004","XZoPj1u9UmznO7Lakic/e+h3MMLMvbQt",
"cdddcb27-38ab-4dfe-84e4-1a1b6ba8ccce","NIWO_006.basePlot.bet","D13","NIWO","NIWO_006","N","2015-06-30","2015-07-14","2016-12-06","2016-08-12","/HCA//l5a79y9FQni434g3uxNJUBkXkr5WehqEn68nY=","NEON.BET.D13.000197","CARTAE","Carabus taedatus","species",,"Fabricius",,,,"s/lmw0PcTzR4Bmy/yhclYeu7XYLZW004","s/lmw0PcTzR4Bmy/yhclYeu7XYLZW004",
"1f15962d-5601-467c-a58f-8732df384508","NIWO_008.basePlot.bet","D13","NIWO","NIWO_008","W","2015-06-30","2015-07-14","2016-12-08","2016-08-08","5+aRVO2c2a7tyUr5BvACjNB/MshBaRSAT0F3yd++ZcY=","NEON.BET.D13.000280","AMAALP","Amara alpina","species",,"Paykull",,,,"s/lmw0PcTzR4Bmy/yhclYeu7XYLZW004","a/0SlN26fEuP6UaIdvPv8XTR4wP1QaRoaGwryJzzg3M=",
"72f0b9c2-020a-46cc-a5f0-c38f3c07a3e1","NIWO_004.basePlot.bet","D13","NIWO","NIWO_004","S","2015-06-30","2015-07-14","2016-12-07","2016-07-20","aRw+8bWvW/xPJ1WUnvg8OjXOYqGEEtipZA0QrUwjy5M=","NEON.BET.D13.000265","CYMBOR","Cymindis borealis","species",,"LeConte",,,,"s/lmw0PcTzR4Bmy/yhclYeu7XYLZW004","a/0SlN26fEuP6UaIdvPv8XTR4wP1QaRoaGwryJzzg3M=",
"7bb97952-b3e5-411d-88b2-3c1961aa7d37","NIWO_003.basePlot.bet","D13","NIWO","NIWO_003","N","2015-06-30","2015-07-14","2016-12-12","2017-01-18","ZRQ9gNwmgymIPtZS12an+8WAoKzsbBHMtWYAIvQfxiU=","NEON.BET.D13.000432","AMASP6","Amara (Celia) sp.","subgenus",,"Zimmermann","D13.2015.MorphF",,,"s/lmw0PcTzR4Bmy/yhclYeu7XYLZW004","s/lmw0PcTzR4Bmy/yhclYeu7XYLZW004",
"2679c693-62fe-4856-a4a2-4a54b551dbf1","NIWO_003.basePlot.bet","D13","NIWO","NIWO_003","N","2015-06-30","2015-07-14","2016-12-12","2017-01-18","ZRQ9gNwmgymIPtZS12an+8WAoKzsbBHMtWYAIvQfxiU=","NEON.BET.D13.000431","AMASP6","Amara (Celia) sp.","subgenus",,"Zimmermann","D13.2015.MorphF",,,"s/lmw0PcTzR4Bmy/yhclYeu7XYLZW004","s/lmw0PcTzR4Bmy/yhclYeu7XYLZW004","left hind leg glued back on"
"c45c3be3-106f-4a70-8025-b155ee0adfcd","NIWO_001.basePlot.bet","D13","NIWO","NIWO_001","S","2015-06-30","2015-07-14","2016-12-01","2016-09-12","fp9n17d9YyHDV4GhMX9L5CpRuOB3Hmgo7k6iiG4/8+E=","NEON.BET.D13.000055","OTHE","Carabidae sp.","family",,"Latreille","D13.2015.MorphO",,,"s/lmw0PcTzR4Bmy/yhclYeu7XYLZW004","XZoPj1u9UmznO7Lakic/e+h3MMLMvbQt",
"f15278a3-cc03-477b-9bce-53cb679e6bec","NIWO_006.basePlot.bet","D13","NIWO","NIWO_006","E","2015-06-30","2015-07-14","2016-12-09","2016-08-15","/HCA//l5a7/R8eac+Xr29jTxedCegSwbzJR6ka8UJcM=","NEON.BET.D13.000372","AGOCON","Agonoleptus conjunctus","species",,"Say",,,,"s/lmw0PcTzR4Bmy/yhclYeu7XYLZW004","a/0SlN26fEuP6UaIdvPv8XTR4wP1QaRoaGwryJzzg3M=",
"36d0d24c-84d7-4b5a-8cc4-30f2053893a1","NIWO_006.basePlot.bet","D13","NIWO","NIWO_006","E","2015-06-30","2015-07-14","2016-12-09","2016-08-15","/HCA//l5a7/R8eac+Xr29jTxedCegSwbzJR6ka8UJcM=","NEON.BET.D13.000371","AGOCON","Agonoleptus conjunctus","species",,"Say",,,,"s/lmw0PcTzR4Bmy/yhclYeu7XYLZW004","a/0SlN26fEuP6UaIdvPv8XTR4wP1QaRoaGwryJzzg3M=",
"95a593c2-a203-4563-a277-f18b5c4fd33f","NIWO_001.basePlot.bet","D13","NIWO","NIWO_001","N","2015-06-30","2015-07-14","2016-12-01","2016-09-07","fp9n17d9YyG54himxS8ErWgUnC7yv4rDeY80XK5amts=","NEON.BET.D13.000014","OTHE","Carabidae sp.","family",,"Latreille","D13.2015.MorphO",,,"s/lmw0PcTzR4Bmy/yhclYeu7XYLZW004","s/lmw0PcTzR4Bmy/yhclYeu7XYLZW004",
"212216a0-a29b-41b2-a824-0a002f1486df","NIWO_001.basePlot.bet","D13","NIWO","NIWO_001","E","2015-06-30","2015-07-14","2016-12-05","2016-09-08","fp9n17d9YyFql4/PPIwcaqK4Ts3/Ug77X7cUngIpCfU=","NEON.BET.D13.000080","CALADV","Calathus advena","species",,"LeConte",,,,"s/lmw0PcTzR4Bmy/yhclYeu7XYLZW004","s/lmw0PcTzR4Bmy/yhclYeu7XYLZW004",
"7aa538f8-a202-4950-a18e-c97bb3bf21ea","NIWO_007.basePlot.bet","D13","NIWO","NIWO_007","N","2015-06-30","2015-07-14","2016-12-07","2016-09-09","S04lt30Ahx+hs4bQv521KGKfMRi8Yfp1yAOGpOgrEGg=","NEON.BET.D13.000224","CYMUNI1","Cymindis unicolor","species",,"Kirby",,,,"s/lmw0PcTzR4Bmy/yhclYeu7XYLZW004","s/lmw0PcTzR4Bmy/yhclYeu7XYLZW004",
"1704581d-d19d-42ee-bbfc-79d308d0ed23","NIWO_003.basePlot.bet","D13","NIWO","NIWO_003","W","2015-06-30","2015-07-14","2016-12-12","2016-06-22","ZRQ9gNwmgylLFtb2kQGvQ2dJrQT5VNygf93X4mshG0o=","NEON.BET.D13.000426","AMASP11","Amara sp.","genus",,"Bonelli","D13.2015.MorphB",,,"s/lmw0PcTzR4Bmy/yhclYeu7XYLZW004","s/lmw0PcTzR4Bmy/yhclYeu7XYLZW004",
"88b42022-77fa-4800-912e-bd3b4b9147e7","NIWO_006.basePlot.bet","D13","NIWO","NIWO_006","S","2015-06-30","2015-07-14","2016-12-06","2016-08-12","/HCA//l5a79xspR2rESkgICuhhZvb/xgCZwMZ+bMaLQ=","NEON.BET.D13.000196","CARTAE","Carabus taedatus","species",,"Fabricius",,,,"s/lmw0PcTzR4Bmy/yhclYeu7XYLZW004","s/lmw0PcTzR4Bmy/yhclYeu7XYLZW004",
"b05bd709-22c0-418f-b3a9-beb03a0615f4","NIWO_001.basePlot.bet","D13","NIWO","NIWO_001","E","2015-06-30","2015-07-14","2016-12-05","2016-09-08","fp9n17d9YyFql4/PPIwcaqK4Ts3/Ug77X7cUngIpCfU=","NEON.BET.D13.000081","CALADV","Calathus advena","species",,"LeConte",,,,"s/lmw0PcTzR4Bmy/yhclYeu7XYLZW004","s/lmw0PcTzR4Bmy/yhclYeu7XYLZW004",
"01de74ca-7186-4eb1-a101-2e369e01ae3b","NIWO_004.basePlot.bet","D13","NIWO","NIWO_004","S","2015-06-30","2015-07-14","2016-12-12","2016-10-20","aRw+8bWvW/xPJ1WUnvg8OstamcWP+yQKmCOq8sXzgao=","NEON.BET.D13.000433","HARSP7","Harpalus sp.","genus",,"Latreille","D13.2015.MorphH",,,"s/lmw0PcTzR4Bmy/yhclYeu7XYLZW004","s/lmw0PcTzR4Bmy/yhclYeu7XYLZW004",
"bb06d0b0-b2a2-4507-b652-7378a639f040","NIWO_003.basePlot.bet","D13","NIWO","NIWO_003","W","2015-06-30","2015-07-14","2016-12-12","2016-06-22","ZRQ9gNwmgylLFtb2kQGvQ2dJrQT5VNygf93X4mshG0o=","NEON.BET.D13.000427","AMASP11","Amara sp.","genus",,"Bonelli","D13.2015.MorphB",,,"s/lmw0PcTzR4Bmy/yhclYeu7XYLZW004","s/lmw0PcTzR4Bmy/yhclYeu7XYLZW004",
"ad44a530-7196-44c3-bf67-4064d5d89844","NIWO_003.basePlot.bet","D13","NIWO","NIWO_003","E","2015-06-30","2015-07-14","2016-12-09","2016-08-12","ZRQ9gNwmgynu1ZgrUyHHairjo6O//4sNR153WddRF/A=","NEON.BET.D13.000364","AMAALP","Amara alpina","species",,"Paykull",,,,"s/lmw0PcTzR4Bmy/yhclYeu7XYLZW004","a/0SlN26fEuP6UaIdvPv8XTR4wP1QaRoaGwryJzzg3M=",
"41f028fa-92d9-4033-b0af-69103978fd38","NIWO_005.basePlot.bet","D13","NIWO","NIWO_005","N","2015-06-30","2015-07-14","2016-12-01","2016-09-12","06Y8b7qnWrtKMYVGHYy4+seiPsiXFNFyXYdZglM+LMM=","NEON.BET.D13.000052","OTHE","Carabidae sp.","family",,"Latreille","D13.2015.MorphO",,,"s/lmw0PcTzR4Bmy/yhclYeu7XYLZW004","XZoPj1u9UmznO7Lakic/e+h3MMLMvbQt",
"ed6fe729-d8f3-4b06-9b77-7a50636bddc4","NIWO_004.basePlot.bet","D13","NIWO","NIWO_004","W","2015-06-30","2015-07-14","2016-12-06","2016-05-06","aRw+8bWvW/yBjQW8FRnBY5eRnbNbvCux+kwYKYYLU0E=","NEON.BET.D13.000187","CARTAE","Carabus taedatus","species",,"Fabricius",,,,"s/lmw0PcTzR4Bmy/yhclYeu7XYLZW004","s/lmw0PcTzR4Bmy/yhclYeu7XYLZW004",
"e1587cf1-ac48-4730-9dcd-b1639f35d075","NIWO_008.basePlot.bet","D13","NIWO","NIWO_008","S","2015-06-30","2015-07-14","2016-12-06","2016-08-04","5+aRVO2c2a4fZXmRIIT3KeV9qd6CFCnC1iVE4IhFRkI=","NEON.BET.D13.000193","CARTAE","Carabus taedatus","species",,"Fabricius",,,,"s/lmw0PcTzR4Bmy/yhclYeu7XYLZW004","s/lmw0PcTzR4Bmy/yhclYeu7XYLZW004",
"9a666caf-34ad-4ec8-be0a-8786feba0b53","NIWO_002.basePlot.bet","D13","NIWO","NIWO_002","E","2015-06-30","2015-07-14","2016-12-01","2016-09-12","Yxxla30BRilqBoOx9xPoX4t5VMYbJnW+9qjWGeA5X5I=","NEON.BET.D13.000060","OTHE","Carabidae sp.","family",,"Latreille","D13.2015.MorphO",,,"s/lmw0PcTzR4Bmy/yhclYeu7XYLZW004","XZoPj1u9UmznO7Lakic/e+h3MMLMvbQt",
"dd33d316-9810-4e8e-96da-6a13540ef378","NIWO_005.basePlot.bet","D13","NIWO","NIWO_005","S","2015-06-30","2015-07-14","2016-12-01","2016-09-12","06Y8b7qnWrvNpkaT/gWkNuZa0/IsLPXA6EZtnmAKmH0=","NEON.BET.D13.000057","HARSP7","Harpalus sp.","genus",,"Latreille","D13.2015.MorphG",,,"s/lmw0PcTzR4Bmy/yhclYeu7XYLZW004","XZoPj1u9UmznO7Lakic/e+h3MMLMvbQt",
"73d0da4d-91be-4667-85b7-c8f35d7bc5db","NIWO_007.basePlot.bet","D13","NIWO","NIWO_007","W","2015-06-30","2015-07-14","2016-12-01","2016-10-18","S04lt30Ahx8VQr1krxvtUKF1f5UZ9/GyeCXpJowtZy4=","NEON.BET.D13.000066","OTHE","Carabidae sp.","family",,"Latreille","D13.2015.MorphO",,,"s/lmw0PcTzR4Bmy/yhclYeu7XYLZW004","XZoPj1u9UmznO7Lakic/e+h3MMLMvbQt",
"039686af-9ef2-495c-b4f6-0767dab7c678","NIWO_001.basePlot.bet","D13","NIWO","NIWO_001","W","2015-06-30","2015-07-14","2016-12-12","2016-08-22","fp9n17d9YyEhoHxM9Q6c8gEWzcG97weRqclceLrbLug=","NEON.BET.D13.000428","PTESP23","Pterostichus sp.","genus",,"Bonelli","D13.2015.MorphC",,,"s/lmw0PcTzR4Bmy/yhclYeu7XYLZW004","s/lmw0PcTzR4Bmy/yhclYeu7XYLZW004",
"6603e68c-e511-4e39-af96-6fe6a2a2f8df","NIWO_003.basePlot.bet","D13","NIWO","NIWO_003","W","2015-06-30","2015-07-14","2016-12-09","2016-06-13","ZRQ9gNwmgylLFtb2kQGvQ2dJrQT5VNygs+yAxVDgJ/w=","NEON.BET.D13.000424","AMASP11","Amara sp.","genus",,"Bonelli","D13.2015.MorphA",,,"s/lmw0PcTzR4Bmy/yhclYeu7XYLZW004","a/0SlN26fEuP6UaIdvPv8XTR4wP1QaRoaGwryJzzg3M=",
"7f17e0ca-1e58-4967-aec1-87bc412e922f","NIWO_003.basePlot.bet","D13","NIWO","NIWO_003","E","2015-06-30","2015-07-14","2016-12-12","2016-08-22","ZRQ9gNwmgynu1ZgrUyHHar6HvWlb8DHNBcTxkgXoZKE=","NEON.BET.D13.000429","AMASP","Amara (Curtonotus) sp.","subgenus",,"Stephens","D13.2015.MorphD",,,"s/lmw0PcTzR4Bmy/yhclYeu7XYLZW004","s/lmw0PcTzR4Bmy/yhclYeu7XYLZW004",
"d1548f37-f707-4744-b119-ac7131548c17","NIWO_003.basePlot.bet","D13","NIWO","NIWO_003","W","2015-06-30","2015-07-14","2016-12-09","2016-06-13","ZRQ9gNwmgylLFtb2kQGvQ2dJrQT5VNygs+yAxVDgJ/w=","NEON.BET.D13.000425","AMASP11","Amara sp.","genus",,"Bonelli","D13.2015.MorphA",,,"s/lmw0PcTzR4Bmy/yhclYeu7XYLZW004","a/0SlN26fEuP6UaIdvPv8XTR4wP1QaRoaGwryJzzg3M=",
"66e49205-f2d9-4d47-b90b-23e301e78970","NIWO_003.basePlot.bet","D13","NIWO","NIWO_003","E","2015-06-30","2015-07-14","2016-12-06","2016-05-10","ZRQ9gNwmgynu1ZgrUyHHapT2XcPg/2xm/Y6wzZRxVYQ=","NEON.BET.D13.000189","CARTAE","Carabus taedatus","species",,"Fabricius",,,,"s/lmw0PcTzR4Bmy/yhclYeu7XYLZW004","s/lmw0PcTzR4Bmy/yhclYeu7XYLZW004",
"7788f23f-ad9a-4545-bd6a-e9b7e6d434c7","NIWO_004.basePlot.bet","D13","NIWO","NIWO_004","S","2015-06-30","2015-07-14","2016-12-12","2016-10-20","aRw+8bWvW/xPJ1WUnvg8OstamcWP+yQKs7fSjZbwzQM=","NEON.BET.D13.000434","HARSP7","Harpalus sp.","genus",,"Latreille","D13.2015.MorphI",,,"s/lmw0PcTzR4Bmy/yhclYeu7XYLZW004","s/lmw0PcTzR4Bmy/yhclYeu7XYLZW004","Right elytron glued back on"
"fb903aca-7cfe-40f9-bd53-272ebc8825fc","NIWO_008.basePlot.bet","D13","NIWO","NIWO_008","W","2015-06-30","2015-07-14","2016-12-09","2016-08-08","5+aRVO2c2a7tyUr5BvACjP6jQS3Xx+bELHLpXYp8vgw=","NEON.BET.D13.000368","AMAIDA","Amara idahoana","species",,"Casey",,,,"s/lmw0PcTzR4Bmy/yhclYeu7XYLZW004","a/0SlN26fEuP6UaIdvPv8XTR4wP1QaRoaGwryJzzg3M=",
"1e1f90e8-4364-48cb-9f40-874b582dc416","NIWO_008.basePlot.bet","D13","NIWO","NIWO_008","E","2015-06-30","2015-07-14","2016-12-08","2016-08-04","5+aRVO2c2a7Ju/6v8LE/pJNM6XcxQGjaH1NLcp7iEu8=","NEON.BET.D13.000278","AMAALP","Amara alpina","species",,"Paykull",,,,"s/lmw0PcTzR4Bmy/yhclYeu7XYLZW004","a/0SlN26fEuP6UaIdvPv8XTR4wP1QaRoaGwryJzzg3M=",
"b04937e3-e49a-45d4-81db-a015e1392b33","NIWO_008.basePlot.bet","D13","NIWO","NIWO_008","S","2015-06-30","2015-07-14","2016-12-09","2016-08-05","5+aRVO2c2a4fZXmRIIT3KeTj58wwWA38+2WpowU4v8Y=","NEON.BET.D13.000365","AMAERR","Amara erratica","species",,"Duftschmid",,,,"s/lmw0PcTzR4Bmy/yhclYeu7XYLZW004","a/0SlN26fEuP6UaIdvPv8XTR4wP1QaRoaGwryJzzg3M=",
"9c375146-cc7d-4dca-88cd-323d15db50e7","NIWO_008.basePlot.bet","D13","NIWO","NIWO_008","W","2015-06-30","2015-07-14","2016-12-09","2016-08-08","5+aRVO2c2a7tyUr5BvACjP6jQS3Xx+bELHLpXYp8vgw=","NEON.BET.D13.000367","AMAIDA","Amara idahoana","species",,"Casey",,,,"s/lmw0PcTzR4Bmy/yhclYeu7XYLZW004","a/0SlN26fEuP6UaIdvPv8XTR4wP1QaRoaGwryJzzg3M=",
"09157299-48c4-4a0c-be62-481c4d4b8368","NIWO_008.basePlot.bet","D13","NIWO","NIWO_008","W","2015-06-30","2015-07-14","2016-12-09","2016-08-08","5+aRVO2c2a7tyUr5BvACjP6jQS3Xx+bELHLpXYp8vgw=","NEON.BET.D13.000369","AMAIDA","Amara idahoana","species",,"Casey",,,,"s/lmw0PcTzR4Bmy/yhclYeu7XYLZW004","a/0SlN26fEuP6UaIdvPv8XTR4wP1QaRoaGwryJzzg3M=",
"d5b62cff-3a26-4dd3-95bf-2651d3864c79","NIWO_008.basePlot.bet","D13","NIWO","NIWO_008","E","2015-06-30","2015-07-14","2016-12-08","2016-08-04","5+aRVO2c2a7Ju/6v8LE/pJNM6XcxQGjaH1NLcp7iEu8=","NEON.BET.D13.000279","AMAALP","Amara alpina","species",,"Paykull",,,,"s/lmw0PcTzR4Bmy/yhclYeu7XYLZW004","a/0SlN26fEuP6UaIdvPv8XTR4wP1QaRoaGwryJzzg3M=",
"25ea958d-3d32-4781-bdc4-64200881ec2b","NIWO_005.basePlot.bet","D13","NIWO","NIWO_005","W","2015-06-30","2015-07-14","2016-12-07","2016-09-09","06Y8b7qnWrtXKYveLFBULGImFTPqse4C6cM/7C4ak9U=","NEON.BET.D13.000226","CYMUNI1","Cymindis unicolor","species",,"Kirby",,,,"s/lmw0PcTzR4Bmy/yhclYeu7XYLZW004","s/lmw0PcTzR4Bmy/yhclYeu7XYLZW004",
"84905ec9-8936-42da-ba93-d3bdc1a83854","NIWO_005.basePlot.bet","D13","NIWO","NIWO_005","W","2015-06-30","2015-07-14","2016-12-07","2016-09-09","06Y8b7qnWrtXKYveLFBULGImFTPqse4C6cM/7C4ak9U=","NEON.BET.D13.000227","CYMUNI1","Cymindis unicolor","species",,"Kirby",,,,"s/lmw0PcTzR4Bmy/yhclYeu7XYLZW004","s/lmw0PcTzR4Bmy/yhclYeu7XYLZW004","Right hind leg glued back on"
"eaf39306-8420-4107-9bf2-83a9e1c88d46","NIWO_005.basePlot.bet","D13","NIWO","NIWO_005","W","2015-06-30","2015-07-14","2016-12-07","2016-09-09","06Y8b7qnWrtXKYveLFBULGImFTPqse4C6cM/7C4ak9U=","NEON.BET.D13.000225","CYMUNI1","Cymindis unicolor","species",,"Kirby",,,,"s/lmw0PcTzR4Bmy/yhclYeu7XYLZW004","s/lmw0PcTzR4Bmy/yhclYeu7XYLZW004",
"19999f77-cb71-44f8-be7e-0a97aeb72b5b","NIWO_002.basePlot.bet","D13","NIWO","NIWO_002","E","2015-06-30","2015-07-14","2016-12-09","2016-09-07","Yxxla30BRilqBoOx9xPoX00UOPPfBiNavjhxqXFYiCk=","NEON.BET.D13.000396","NOTDIR","Notiophilus directus","species",,"Casey",,,,"s/lmw0PcTzR4Bmy/yhclYeu7XYLZW004","a/0SlN26fEuP6UaIdvPv8XTR4wP1QaRoaGwryJzzg3M=",
"1b6ae01f-9007-4a4a-bac6-fa13c7d52230","NIWO_002.basePlot.bet","D13","NIWO","NIWO_002","S","2015-06-30","2015-07-14","2016-12-05","2016-09-07","Yxxla30BRinFv45w6Vr3F1IK9BmCQvBIDtUWqfcvDUk=","NEON.BET.D13.000047","CALADV","Calathus advena","species",,"LeConte",,,,"s/lmw0PcTzR4Bmy/yhclYeu7XYLZW004","s/lmw0PcTzR4Bmy/yhclYeu7XYLZW004","Left hind leg glued back on"
"b87e5193-15ce-4462-9a53-06592dc517b1","NIWO_002.basePlot.bet","D13","NIWO","NIWO_002","N","2015-06-30","2015-07-14","2016-12-09","2016-08-18","Yxxla30BRilk/hATSF9YprkD6TlDf64WjUCGK4UJJeA=","NEON.BET.D13.000375","NOTDIR","Notiophilus directus","species",,"Casey",,,,"s/lmw0PcTzR4Bmy/yhclYeu7XYLZW004","a/0SlN26fEuP6UaIdvPv8XTR4wP1QaRoaGwryJzzg3M=",
"319391fc-ecb8-4b0a-8c21-b2574f868c55","NIWO_005.basePlot.bet","D13","NIWO","NIWO_005","W","2015-06-30","2015-07-14","2016-12-05","2016-09-09","06Y8b7qnWrtXKYveLFBULNRcBmKlW94Hgv64SeBrTkU=","NEON.BET.D13.000084","CALADV","Calathus advena","species",,"LeConte",,,,"s/lmw0PcTzR4Bmy/yhclYeu7XYLZW004","s/lmw0PcTzR4Bmy/yhclYeu7XYLZW004",
"d7476e21-3780-4c4c-98bc-b0c2fbb3f11d","NIWO_005.basePlot.bet","D13","NIWO","NIWO_005","W","2015-06-30","2015-07-14","2016-12-05","2016-09-09","06Y8b7qnWrtXKYveLFBULNRcBmKlW94Hgv64SeBrTkU=","NEON.BET.D13.000085","CALADV","Calathus advena","species",,"LeConte",,,,"s/lmw0PcTzR4Bmy/yhclYeu7XYLZW004","s/lmw0PcTzR4Bmy/yhclYeu7XYLZW004",
"10d6d885-4275-430c-8ec2-f6209c19c2dc","NIWO_008.basePlot.bet","D13","NIWO","NIWO_008","N","2015-06-30","2015-07-14","2016-12-09","2016-08-08","5+aRVO2c2a6I5g93LOKgRgpYr+syXJTLlaCc1/+3iYI=","NEON.BET.D13.000361","AMAALP","Amara alpina","species",,"Paykull",,,,"s/lmw0PcTzR4Bmy/yhclYeu7XYLZW004","a/0SlN26fEuP6UaIdvPv8XTR4wP1QaRoaGwryJzzg3M=",
"dc58ee95-d8be-4c65-b746-cc421179ef89","NIWO_008.basePlot.bet","D13","NIWO","NIWO_008","N","2015-06-30","2015-07-14","2016-12-09","2016-08-08","5+aRVO2c2a6I5g93LOKgRgpYr+syXJTLlaCc1/+3iYI=","NEON.BET.D13.000362","AMAALP","Amara alpina","species",,"Paykull",,,,"s/lmw0PcTzR4Bmy/yhclYeu7XYLZW004","a/0SlN26fEuP6UaIdvPv8XTR4wP1QaRoaGwryJzzg3M=",
"c3da8111-3470-453d-86cb-2716bf263020","NIWO_008.basePlot.bet","D13","NIWO","NIWO_008","N","2015-06-30","2015-07-14","2016-12-09","2016-08-08","5+aRVO2c2a6I5g93LOKgRgpYr+syXJTLlaCc1/+3iYI=","NEON.BET.D13.000363","AMAALP","Amara alpina","species",,"Paykull",,,,"s/lmw0PcTzR4Bmy/yhclYeu7XYLZW004","a/0SlN26fEuP6UaIdvPv8XTR4wP1QaRoaGwryJzzg3M=",
"623650e9-01f2-43be-a8ab-264f18a8f8b5","NIWO_004.basePlot.bet","D13","NIWO","NIWO_004","E","2015-06-30","2015-07-14","2016-12-09","2016-09-08","aRw+8bWvW/wOIENap0etmR0NXlo0ApwIBrHrUR8cJwE=","NEON.BET.D13.000390","HARDES","Harpalus desertus","species",,"LeConte",,,,"s/lmw0PcTzR4Bmy/yhclYeu7XYLZW004","s/lmw0PcTzR4Bmy/yhclYeu7XYLZW004",
"82532623-63ed-42e0-a799-635bc0dda9e2","NIWO_004.basePlot.bet","D13","NIWO","NIWO_004","E","2015-06-30","2015-07-14","2016-12-09","2016-09-08","aRw+8bWvW/wOIENap0etmR0NXlo0ApwIBrHrUR8cJwE=","NEON.BET.D13.000394","HARDES","Harpalus desertus","species",,"LeConte",,,,"s/lmw0PcTzR4Bmy/yhclYeu7XYLZW004","s/lmw0PcTzR4Bmy/yhclYeu7XYLZW004",
"c50bab80-e90f-4df2-9f71-480f0b90f9bf","NIWO_008.basePlot.bet","D13","NIWO","NIWO_008","N","2015-06-30","2015-07-14","2016-12-06","2016-07-13","5+aRVO2c2a6I5g93LOKgRmevScsQh3FSmK4leL9Tu24=","NEON.BET.D13.000190","CARTAE","Carabus taedatus","species",,"Fabricius",,,,"s/lmw0PcTzR4Bmy/yhclYeu7XYLZW004","s/lmw0PcTzR4Bmy/yhclYeu7XYLZW004",
"1719d878-d411-4411-8c9f-2dfccd2ef76a","NIWO_004.basePlot.bet","D13","NIWO","NIWO_004","E","2015-06-30","2015-07-14","2016-12-09","2016-09-08","aRw+8bWvW/wOIENap0etmR0NXlo0ApwIBrHrUR8cJwE=","NEON.BET.D13.000393","HARDES","Harpalus desertus","species",,"LeConte",,,,"s/lmw0PcTzR4Bmy/yhclYeu7XYLZW004","s/lmw0PcTzR4Bmy/yhclYeu7XYLZW004",
"49e444af-586d-488c-af48-1fe010e1e5de","NIWO_004.basePlot.bet","D13","NIWO","NIWO_004","E","2015-06-30","2015-07-14","2016-12-09","2016-09-08","aRw+8bWvW/wOIENap0etmR0NXlo0ApwIBrHrUR8cJwE=","NEON.BET.D13.000392","HARDES","Harpalus desertus","species",,"LeConte",,,,"s/lmw0PcTzR4Bmy/yhclYeu7XYLZW004","s/lmw0PcTzR4Bmy/yhclYeu7XYLZW004",
"e94d4c13-7cd8-4136-8c0b-1917b10f9474","NIWO_004.basePlot.bet","D13","NIWO","NIWO_004","S","2015-06-30","2015-07-14","2016-12-02","2016-10-20","aRw+8bWvW/xPJ1WUnvg8OsR95rSrmmyWeTe0Tj7pCTs=","NEON.BET.D13.000026","OTHE","Carabidae sp.","family",,"Latreille","D13.2015.MorphO",,,"s/lmw0PcTzR4Bmy/yhclYeu7XYLZW004","s/lmw0PcTzR4Bmy/yhclYeu7XYLZW004",
"fb9734b4-a01e-44bd-9f3e-707aeae02e02","NIWO_003.basePlot.bet","D13","NIWO","NIWO_003","E","2015-06-30","2015-07-14","2016-12-06","2016-05-10","ZRQ9gNwmgynu1ZgrUyHHapT2XcPg/2xm/Y6wzZRxVYQ=","NEON.BET.D13.000188","CARTAE","Carabus taedatus","species",,"Fabricius",,,,"s/lmw0PcTzR4Bmy/yhclYeu7XYLZW004","s/lmw0PcTzR4Bmy/yhclYeu7XYLZW004",
"29a6d106-d4e0-4672-a94d-8815a4718bbd","NIWO_004.basePlot.bet","D13","NIWO","NIWO_004","E","2015-06-30","2015-07-14","2016-12-09","2016-09-08","aRw+8bWvW/wOIENap0etmR0NXlo0ApwIBrHrUR8cJwE=","NEON.BET.D13.000391","HARDES","Harpalus desertus","species",,"LeConte",,,,"s/lmw0PcTzR4Bmy/yhclYeu7XYLZW004","s/lmw0PcTzR4Bmy/yhclYeu7XYLZW004",
"a336a455-27fa-4608-ac3d-e5bac6b944fb","NIWO_004.basePlot.bet","D13","NIWO","NIWO_004","E","2015-06-30","2015-07-14","2016-12-09","2016-09-08","aRw+8bWvW/wOIENap0etmR0NXlo0ApwIBrHrUR8cJwE=","NEON.BET.D13.000395","HARDES","Harpalus desertus","species",,"LeConte",,,,"s/lmw0PcTzR4Bmy/yhclYeu7XYLZW004","s/lmw0PcTzR4Bmy/yhclYeu7XYLZW004",
"db708b4e-0b87-4a3e-be4c-1d77a02ac907","NIWO_010.basePlot.bet","D13","NIWO","NIWO_010","W","2015-06-30","2015-07-14","2016-12-02","2016-10-24","SpCPEqaS8lRCWHMNC5CpgH9R1+W5UiAjqwfr6swGodY=","NEON.BET.D13.000030","OTHE","Carabidae sp.","family",,"Latreille","D13.2015.MorphO",,,"s/lmw0PcTzR4Bmy/yhclYeu7XYLZW004","s/lmw0PcTzR4Bmy/yhclYeu7XYLZW004",
"f7e4902d-103c-4db9-be8c-c35c18a5611f","NIWO_010.basePlot.bet","D13","NIWO","NIWO_010","W","2015-06-30","2015-07-14","2016-12-02","2016-10-24","SpCPEqaS8lRCWHMNC5CpgH9R1+W5UiAjqwfr6swGodY=","NEON.BET.D13.000029","OTHE","Carabidae sp.","family",,"Latreille","D13.2015.MorphO",,,"s/lmw0PcTzR4Bmy/yhclYeu7XYLZW004","s/lmw0PcTzR4Bmy/yhclYeu7XYLZW004",
"2b955954-0c14-454f-b258-250750fa0326","NIWO_010.basePlot.bet","D13","NIWO","NIWO_010","E","2015-06-30","2015-07-14","2016-12-05","2016-10-24","SpCPEqaS8lQwXJB9DO/O43bNAuh9rFXU5i+RmEQtGuc=","NEON.BET.D13.000090","CALADV","Calathus advena","species",,"LeConte",,,,"s/lmw0PcTzR4Bmy/yhclYeu7XYLZW004","s/lmw0PcTzR4Bmy/yhclYeu7XYLZW004",
"1524edd6-6f04-4949-a658-8f2f34387723","NIWO_010.basePlot.bet","D13","NIWO","NIWO_010","E","2015-06-30","2015-07-14","2016-12-05","2016-10-24","SpCPEqaS8lQwXJB9DO/O43bNAuh9rFXU5i+RmEQtGuc=","NEON.BET.D13.000091","CALADV","Calathus advena","species",,"LeConte",,,,"s/lmw0PcTzR4Bmy/yhclYeu7XYLZW004","s/lmw0PcTzR4Bmy/yhclYeu7XYLZW004",
"3bf5d2b8-b3d2-4665-bace-10c5f6cf5f07","NIWO_006.basePlot.bet","D13","NIWO","NIWO_006","W","2015-06-30","2015-07-14","2016-12-01","2017-01-25","/HCA//l5a79/ynE56xJylO5mL3B3DO1mVyJx85KGRVo=","NEON.BET.D13.000073","OTHE","Carabidae sp.","family",,"Latreille","D13.2015.MorphO",,,"s/lmw0PcTzR4Bmy/yhclYeu7XYLZW004","XZoPj1u9UmznO7Lakic/e+h3MMLMvbQt",
"24edae83-5de4-45d9-90c2-b0e85ac27e7f","NIWO_006.basePlot.bet","D13","NIWO","NIWO_006","N","2015-06-30","2015-07-14","2016-12-07","2016-08-12","/HCA//l5a79y9FQni434g0Iw/f5nFwd4rM/BtJCvuYQ=","NEON.BET.D13.000266","CYMBOR","Cymindis borealis","species",,"LeConte",,,,"s/lmw0PcTzR4Bmy/yhclYeu7XYLZW004","a/0SlN26fEuP6UaIdvPv8XTR4wP1QaRoaGwryJzzg3M=",
"b4591096-d99e-418e-a729-55eee7680bef","NIWO_006.basePlot.bet","D13","NIWO","NIWO_006","E","2015-06-30","2015-07-14","2016-12-06","2016-08-12","/HCA//l5a7/R8eac+Xr29oJ7aTWKWLDfCMtm3t6dcb0=","NEON.BET.D13.000198","CARTAE","Carabus taedatus","species",,"Fabricius",,,,"s/lmw0PcTzR4Bmy/yhclYeu7XYLZW004","s/lmw0PcTzR4Bmy/yhclYeu7XYLZW004",
"9e58f633-eca4-4bfd-9c7c-53241043dd63","NIWO_006.basePlot.bet","D13","NIWO","NIWO_006","S","2015-06-30","2015-07-14","2016-12-09","2016-08-12","/HCA//l5a79xspR2rESkgPzvus8qVENalA5KWKmPtw0=","NEON.BET.D13.000389","CYMCRI","Cymindis cribricollis","species",,"Dejean",,,,"s/lmw0PcTzR4Bmy/yhclYeu7XYLZW004","s/lmw0PcTzR4Bmy/yhclYeu7XYLZW004",
"36ca0c65-cbce-4efb-9be6-de7321df0e01","NIWO_007.basePlot.bet","D13","NIWO","NIWO_007","W","2015-06-30","2015-07-14","2016-12-01","2017-01-18","S04lt30Ahx8VQr1krxvtUFXyF0Ei+V1vzHxuF+HaXCw=","NEON.BET.D13.000065","CALADV","Calathus advena","species",,"LeConte",,,,"s/lmw0PcTzR4Bmy/yhclYeu7XYLZW004","XZoPj1u9UmznO7Lakic/e+h3MMLMvbQt",
"1021c6a0-8307-4973-b21c-cad6f13d1707","NIWO_009.basePlot.bet","D13","NIWO","NIWO_009","S","2015-06-30","2015-07-14","2016-12-05","2016-10-20","ta53RQUlpj5UBMvJyahkRdacmvk7K0cqq4ufzjbji3Q=","NEON.BET.D13.000086","CALADV","Calathus advena","species",,"LeConte",,,,"s/lmw0PcTzR4Bmy/yhclYeu7XYLZW004","s/lmw0PcTzR4Bmy/yhclYeu7XYLZW004","right leg glued back on"
"640afa3a-f8e5-4895-8a5d-ba0ee9bd4e4e","NIWO_009.basePlot.bet","D13","NIWO","NIWO_009","N","2015-06-30","2015-07-14","2016-12-05","2016-07-13","ta53RQUlpj4uM1+qziUhandGWewZ/vafe4cnxUsK8O0=","NEON.BET.D13.000077","CALADV","Calathus advena","species",,"LeConte",,,,"s/lmw0PcTzR4Bmy/yhclYeu7XYLZW004","s/lmw0PcTzR4Bmy/yhclYeu7XYLZW004",
"b7197139-bb8f-4a9e-a5ee-afa6633891e6","NIWO_002.basePlot.bet","D13","NIWO","NIWO_002","N","2015-06-30","2015-07-14","2016-12-05","2016-08-18","Yxxla30BRilk/hATSF9YpjG+5n9X3f/cEgr0QeHN1VY=","NEON.BET.D13.000046","CALADV","Calathus advena","species",,"LeConte",,,,"s/lmw0PcTzR4Bmy/yhclYeu7XYLZW004","s/lmw0PcTzR4Bmy/yhclYeu7XYLZW004",
"101082a8-8ac9-4337-b33e-ad0aea846c4f","NIWO_005.basePlot.bet","D13","NIWO","NIWO_005","S","2015-06-30","2015-07-14","2016-12-01","2016-09-12","06Y8b7qnWrvNpkaT/gWkNoe1SqTVa5YQjZg0GMyvOCo=","NEON.BET.D13.000059","CALADV","Calathus advena","species",,"LeConte",,,,"s/lmw0PcTzR4Bmy/yhclYeu7XYLZW004","XZoPj1u9UmznO7Lakic/e+h3MMLMvbQt",
"35eb5c9d-1564-4868-b3c1-dc4674e9eb9a","NIWO_002.basePlot.bet","D13","NIWO","NIWO_002","N","2015-06-30","2015-07-14","2016-12-05","2016-08-18","Yxxla30BRilk/hATSF9YpjG+5n9X3f/cEgr0QeHN1VY=","NEON.BET.D13.000045","CALADV","Calathus advena","species",,"LeConte",,,,"s/lmw0PcTzR4Bmy/yhclYeu7XYLZW004","s/lmw0PcTzR4Bmy/yhclYeu7XYLZW004",
"de12dbea-5e7f-4d7a-87ae-35f17978eb42","NIWO_008.basePlot.bet","D13","NIWO","NIWO_008","W","2015-06-30","2015-07-14","2016-12-09","2016-08-08","5+aRVO2c2a7tyUr5BvACjG0Je6Ur7vl9/zMMylHJXkM=","NEON.BET.D13.000366","NOTAQU","Notiophilus aquaticus","species",,"Linnaeus",,,,"s/lmw0PcTzR4Bmy/yhclYeu7XYLZW004","a/0SlN26fEuP6UaIdvPv8XTR4wP1QaRoaGwryJzzg3M=",
"3fefe490-b4e1-4184-9bc9-8cad6aa64dc3","NIWO_005.basePlot.bet","D13","NIWO","NIWO_005","E","2015-06-30","2015-07-14","2016-12-01","2016-07-12","06Y8b7qnWrtrUXq6Cek0DPqq5syyVyBNV2Xag051dZc=","NEON.BET.D13.000002","OTHE","Carabidae sp.","family",,"Latreille","D13.2015.MorphO",,,"s/lmw0PcTzR4Bmy/yhclYeu7XYLZW004","s/lmw0PcTzR4Bmy/yhclYeu7XYLZW004",
"c73325b0-22b0-414f-8401-86d55ebc6701","NIWO_004.basePlot.bet","D13","NIWO","NIWO_004","E","2015-06-30","2015-07-14","2016-12-07","2016-09-08","aRw+8bWvW/wOIENap0etmXiCq6V1RZPfCkRcy1w8BLk=","NEON.BET.D13.000220","CYMUNI1","Cymindis unicolor","species",,"Kirby",,,,"s/lmw0PcTzR4Bmy/yhclYeu7XYLZW004","s/lmw0PcTzR4Bmy/yhclYeu7XYLZW004",
"0d0da9dc-8b95-41dc-b55e-131ce8541292","NIWO_004.basePlot.bet","D13","NIWO","NIWO_004","E","2015-06-30","2015-07-14","2016-12-09","2016-09-08","aRw+8bWvW/wOIENap0etmeeS0vk8L221ELGdZ2nzknc=","NEON.BET.D13.000404","SYNAME","Syntomus americanus","species",,"Dejean",,,,"s/lmw0PcTzR4Bmy/yhclYeu7XYLZW004","a/0SlN26fEuP6UaIdvPv8XTR4wP1QaRoaGwryJzzg3M=",
"49f8a1f6-05ce-44d0-acff-99bf3a1c20b1","NIWO_004.basePlot.bet","D13","NIWO","NIWO_004","E","2015-06-30","2015-07-14","2016-12-07","2016-09-08","aRw+8bWvW/wOIENap0etmXiCq6V1RZPfCkRcy1w8BLk=","NEON.BET.D13.000219","CYMUNI1","Cymindis unicolor","species",,"Kirby",,,,"s/lmw0PcTzR4Bmy/yhclYeu7XYLZW004","s/lmw0PcTzR4Bmy/yhclYeu7XYLZW004",
"f8656d85-b8f5-4ef2-b3a1-1fc4905354ae","NIWO_004.basePlot.bet","D13","NIWO","NIWO_004","E","2015-06-30","2015-07-14","2016-12-07","2016-09-08","aRw+8bWvW/wOIENap0etmXiCq6V1RZPfCkRcy1w8BLk=","NEON.BET.D13.000222","CYMUNI1","Cymindis unicolor","species",,"Kirby",,,,"s/lmw0PcTzR4Bmy/yhclYeu7XYLZW004","s/lmw0PcTzR4Bmy/yhclYeu7XYLZW004",
"ceb40fcf-8bb0-4474-8734-b2210ea07cdc","NIWO_004.basePlot.bet","D13","NIWO","NIWO_004","E","2015-06-30","2015-07-14","2016-12-07","2016-09-08","aRw+8bWvW/wOIENap0etmXiCq6V1RZPfCkRcy1w8BLk=","NEON.BET.D13.000221","CYMUNI1","Cymindis unicolor","species",,"Kirby",,,,"s/lmw0PcTzR4Bmy/yhclYeu7XYLZW004","s/lmw0PcTzR4Bmy/yhclYeu7XYLZW004",
"e4992887-a2e0-4d0f-a167-dca8ac559943","NIWO_004.basePlot.bet","D13","NIWO","NIWO_004","E","2015-06-30","2015-07-14","2016-12-07","2016-09-08","aRw+8bWvW/wOIENap0etmXiCq6V1RZPfCkRcy1w8BLk=","NEON.BET.D13.000223","CYMUNI1","Cymindis unicolor","species",,"Kirby",,,,"s/lmw0PcTzR4Bmy/yhclYeu7XYLZW004","s/lmw0PcTzR4Bmy/yhclYeu7XYLZW004","Right hind leg glued back on"
"1ebf78a3-460b-40ba-bc90-87401c0dd259","NIWO_010.basePlot.bet","D13","NIWO","NIWO_010","W","2015-06-30","2015-07-14","2016-12-05","2016-10-24","SpCPEqaS8lRCWHMNC5CpgOIyynmhrzmSnmrPvaqyYCw=","NEON.BET.D13.000089","CALADV","Calathus advena","species",,"LeConte",,,,"s/lmw0PcTzR4Bmy/yhclYeu7XYLZW004","s/lmw0PcTzR4Bmy/yhclYeu7XYLZW004","right hind leg glued back on"
"42f1b519-8185-4df3-8e30-af1133d5b771","NIWO_010.basePlot.bet","D13","NIWO","NIWO_010","W","2015-06-30","2015-07-14","2016-12-05","2016-10-24","SpCPEqaS8lRCWHMNC5CpgOIyynmhrzmSnmrPvaqyYCw=","NEON.BET.D13.000088","CALADV","Calathus advena","species",,"LeConte",,,,"s/lmw0PcTzR4Bmy/yhclYeu7XYLZW004","s/lmw0PcTzR4Bmy/yhclYeu7XYLZW004",
"f05e0b84-5fc7-4c3a-adeb-203bc5d34c0f","NIWO_004.basePlot.bet","D13","NIWO","NIWO_004","E","2015-06-30","2015-07-14","2016-12-07","2016-09-08","aRw+8bWvW/wOIENap0etmXiCq6V1RZPfCkRcy1w8BLk=","NEON.BET.D13.000218","CYMUNI1","Cymindis unicolor","species",,"Kirby",,,,"s/lmw0PcTzR4Bmy/yhclYeu7XYLZW004","s/lmw0PcTzR4Bmy/yhclYeu7XYLZW004",
"df45cd59-34f8-4ac7-8dad-502f582d2b1a","NIWO_006.basePlot.bet","D13","NIWO","NIWO_006","W","2015-06-30","2015-07-14","2016-12-09","2016-08-16","/HCA//l5a79/ynE56xJylK5yecb+/g5Qe1fMXtRKQLE=","NEON.BET.D13.000373","AGOCON","Agonoleptus conjunctus","species",,"Say",,,,"s/lmw0PcTzR4Bmy/yhclYeu7XYLZW004","a/0SlN26fEuP6UaIdvPv8XTR4wP1QaRoaGwryJzzg3M=",
"1b3430a8-608d-42fa-bcc7-4a0cbdebf1c7","NIWO_007.basePlot.bet","D13","NIWO","NIWO_007","S","2015-06-30","2015-07-14","2016-12-05","2016-08-16","S04lt30Ahx9lCmMDYRy7y0OlHtu1O4o8Os1Hcqto90s=","NEON.BET.D13.000044","CALADV","Calathus advena","species",,"LeConte",,,,"s/lmw0PcTzR4Bmy/yhclYeu7XYLZW004","s/lmw0PcTzR4Bmy/yhclYeu7XYLZW004",
"9990185c-859e-41bd-a658-2ce5e7ad3bc1","NIWO_007.basePlot.bet","D13","NIWO","NIWO_007","S","2015-06-30","2015-07-14","2016-12-07","2016-08-16","S04lt30Ahx9lCmMDYRy7y1QYvVgav7kolCb6X+VO0bk=","NEON.BET.D13.000200","CARTAE","Carabus taedatus","species",,"Fabricius",,,,"s/lmw0PcTzR4Bmy/yhclYeu7XYLZW004","s/lmw0PcTzR4Bmy/yhclYeu7XYLZW004",
"7dc244e3-16aa-4814-8355-a91988c82a3e","NIWO_007.basePlot.bet","D13","NIWO","NIWO_007","S","2015-06-30","2015-07-14","2016-12-01","2016-09-09","S04lt30Ahx9lCmMDYRy7y/EH07kbptYu0C8G/ZSFc8s=","NEON.BET.D13.000017","OTHE","Carabidae sp.","family",,"Latreille","D13.2015.MorphO",,,"s/lmw0PcTzR4Bmy/yhclYeu7XYLZW004","s/lmw0PcTzR4Bmy/yhclYeu7XYLZW004",
"c15766c7-5426-404a-9d58-581c409cc7b0","NIWO_007.basePlot.bet","D13","NIWO","NIWO_007","E","2015-06-30","2015-07-14","2016-12-01","2016-10-18","S04lt30Ahx8lo/Eol1ieZdIeL8dnuTRFxqd/3cVi7z0=","NEON.BET.D13.000062","CALADV","Calathus advena","species",,"LeConte",,,,"s/lmw0PcTzR4Bmy/yhclYeu7XYLZW004","XZoPj1u9UmznO7Lakic/e+h3MMLMvbQt",
"5723fdd2-b9f3-465c-beb4-60d955ab65b3","NIWO_007.basePlot.bet","D13","NIWO","NIWO_007","S","2015-06-30","2015-07-14","2016-12-05","2016-08-16","S04lt30Ahx9lCmMDYRy7y0OlHtu1O4o8Os1Hcqto90s=","NEON.BET.D13.000043","CALADV","Calathus advena","species",,"LeConte",,,,"s/lmw0PcTzR4Bmy/yhclYeu7XYLZW004","s/lmw0PcTzR4Bmy/yhclYeu7XYLZW004",
"09aa9839-75f7-4667-b772-ec8f20e7a5e6","NIWO_007.basePlot.bet","D13","NIWO","NIWO_007","E","2015-06-30","2015-07-14","2016-12-01","2016-10-18","S04lt30Ahx8lo/Eol1ieZdIeL8dnuTRFxqd/3cVi7z0=","NEON.BET.D13.000063","CALADV","Calathus advena","species",,"LeConte",,,,"s/lmw0PcTzR4Bmy/yhclYeu7XYLZW004","XZoPj1u9UmznO7Lakic/e+h3MMLMvbQt",
"aa64d13e-90a4-478a-8173-d10833472569","NIWO_007.basePlot.bet","D13","NIWO","NIWO_007","N","2015-06-30","2015-07-14","2016-12-01","2016-09-09","S04lt30Ahx+hs4bQv521KGTqb2mHExtJVH4Ue1e+shI=","NEON.BET.D13.000015","OTHE","Carabidae sp.","family",,"Latreille","D13.2015.MorphO",,,"s/lmw0PcTzR4Bmy/yhclYeu7XYLZW004","s/lmw0PcTzR4Bmy/yhclYeu7XYLZW004",
"8907e2fc-c13e-4f41-b96e-0511f17d5302","NIWO_006.basePlot.bet","D13","NIWO","NIWO_006","W","2015-06-30","2015-07-14","2016-12-01","2016-10-18","/HCA//l5a79/ynE56xJylAxDWHzyUN2ZZHZDUBpCM6c=","NEON.BET.D13.000076","AMAALP","Amara alpina","species",,"Paykull",,,,"s/lmw0PcTzR4Bmy/yhclYeu7XYLZW004","XZoPj1u9UmznO7Lakic/e+h3MMLMvbQt",
"e6d81959-0888-47ad-a3c2-8e337dc84c91","NIWO_007.basePlot.bet","D13","NIWO","NIWO_007","S","2015-06-30","2015-07-14","2016-12-01","2016-09-09","S04lt30Ahx9lCmMDYRy7y0OlHtu1O4o8FFoM8LVXGdE=","NEON.BET.D13.000048","CALADV","Calathus advena","species",,"LeConte",,,,"s/lmw0PcTzR4Bmy/yhclYeu7XYLZW004","XZoPj1u9UmznO7Lakic/e+h3MMLMvbQt",
"c7c742b2-651f-409d-a310-9b1af584eacc","NIWO_001.basePlot.bet","D13","NIWO","NIWO_001","E","2015-06-30","2015-07-14","2016-12-09","2016-08-24","fp9n17d9YyFql4/PPIwcamDHU7zhVghqghBJYmTzmtQ=","NEON.BET.D13.000376","NOTDIR","Notiophilus directus","species",,"Casey",,,,"s/lmw0PcTzR4Bmy/yhclYeu7XYLZW004","a/0SlN26fEuP6UaIdvPv8XTR4wP1QaRoaGwryJzzg3M=",
"a2d7fbbb-1e11-4269-83c3-c29e0b66cfca","NIWO_007.basePlot.bet","D13","NIWO","NIWO_007","S","2015-06-30","2015-07-14","2016-12-01","2016-09-09","S04lt30Ahx9lCmMDYRy7y0OlHtu1O4o8FFoM8LVXGdE=","NEON.BET.D13.000049","CALADV","Calathus advena","species",,"LeConte",,,,"s/lmw0PcTzR4Bmy/yhclYeu7XYLZW004","XZoPj1u9UmznO7Lakic/e+h3MMLMvbQt",
"dfa9c53a-125b-4656-bf5c-2f390fe84988","NIWO_006.basePlot.bet","D13","NIWO","NIWO_006","N","2015-06-30","2015-07-14","2016-12-01","2016-10-18","/HCA//l5a79y9FQni434g02VXdQNmgBFxU5waxV4WrY=","NEON.BET.D13.000069","AMAALP","Amara alpina","species",,"Paykull",,,,"s/lmw0PcTzR4Bmy/yhclYeu7XYLZW004","XZoPj1u9UmznO7Lakic/e+h3MMLMvbQt",
"499098b7-d3fa-4e0c-b9ce-fb0e5a813fa5","NIWO_006.basePlot.bet","D13","NIWO","NIWO_006","N","2015-06-30","2015-07-14","2016-12-01","2016-10-18","/HCA//l5a79y9FQni434g02VXdQNmgBFxU5waxV4WrY=","NEON.BET.D13.000072","AMAALP","Amara alpina","species",,"Paykull",,,,"s/lmw0PcTzR4Bmy/yhclYeu7XYLZW004","XZoPj1u9UmznO7Lakic/e+h3MMLMvbQt",
"b29ae6e9-b8da-4063-893f-dd49e7709a0b","NIWO_006.basePlot.bet","D13","NIWO","NIWO_006","W","2015-06-30","2015-07-14","2016-12-01","2016-10-18","/HCA//l5a79/ynE56xJylAxDWHzyUN2ZZHZDUBpCM6c=","NEON.BET.D13.000074","AMAALP","Amara alpina","species",,"Paykull",,,,"s/lmw0PcTzR4Bmy/yhclYeu7XYLZW004","XZoPj1u9UmznO7Lakic/e+h3MMLMvbQt",
"b57b1be4-0c0c-489a-9b4b-566c76526ae8","NIWO_006.basePlot.bet","D13","NIWO","NIWO_006","N","2015-06-30","2015-07-14","2016-12-01","2016-10-18","/HCA//l5a79y9FQni434g02VXdQNmgBFxU5waxV4WrY=","NEON.BET.D13.000071","AMAALP","Amara alpina","species",,"Paykull",,,,"s/lmw0PcTzR4Bmy/yhclYeu7XYLZW004","XZoPj1u9UmznO7Lakic/e+h3MMLMvbQt",
"a0ba89f9-aeb2-4066-bc3a-6ea2803d00b2","NIWO_006.basePlot.bet","D13","NIWO","NIWO_006","N","2015-06-30","2015-07-14","2016-12-01","2016-10-18","/HCA//l5a79y9FQni434g02VXdQNmgBFxU5waxV4WrY=","NEON.BET.D13.000070","AMAALP","Amara alpina","species",,"Paykull",,,,"s/lmw0PcTzR4Bmy/yhclYeu7XYLZW004","XZoPj1u9UmznO7Lakic/e+h3MMLMvbQt",
"17572756-8381-48f7-8df0-915d7f46851b","NIWO_006.basePlot.bet","D13","NIWO","NIWO_006","W","2015-06-30","2015-07-14","2016-12-01","2016-10-18","/HCA//l5a79/ynE56xJylAxDWHzyUN2ZZHZDUBpCM6c=","NEON.BET.D13.000075","AMAALP","Amara alpina","species",,"Paykull",,,,"s/lmw0PcTzR4Bmy/yhclYeu7XYLZW004","XZoPj1u9UmznO7Lakic/e+h3MMLMvbQt",
"4dd3a11f-ab7a-40f3-8c99-0daa781f3568","NIWO_002.basePlot.bet","D13","NIWO","NIWO_002","N","2015-06-30","2015-07-14","2016-12-01","2016-08-16","Yxxla30BRilk/hATSF9YppHSeSGv9aTBD8APHV4g7Yk=","NEON.BET.D13.000012","OTHE","Carabidae sp.","family",,"Latreille","D13.2015.MorphO",,,"s/lmw0PcTzR4Bmy/yhclYeu7XYLZW004","s/lmw0PcTzR4Bmy/yhclYeu7XYLZW004",
"8388d4eb-c8f0-4727-9aed-221c8ce2118b","NIWO_005.basePlot.bet","D13","NIWO","NIWO_005","W","2015-06-30","2015-07-14","2016-12-01","2016-09-09","06Y8b7qnWrtXKYveLFBULB/rC7UxSsvngM11DN1scYo=","NEON.BET.D13.000016","OTHE","Carabidae sp.","family",,"Latreille","D13.2015.MorphO",,,"s/lmw0PcTzR4Bmy/yhclYeu7XYLZW004","s/lmw0PcTzR4Bmy/yhclYeu7XYLZW004",
"bae6ad31-5f91-485b-be6f-ec9ddb2e6aed","NIWO_002.basePlot.bet","D13","NIWO","NIWO_002","N","2015-06-30","2015-07-14","2016-12-01","2016-08-16","Yxxla30BRilk/hATSF9YppHSeSGv9aTBD8APHV4g7Yk=","NEON.BET.D13.000007","OTHE","Carabidae sp.","family",,"Latreille","D13.2015.MorphO",,,"s/lmw0PcTzR4Bmy/yhclYeu7XYLZW004","s/lmw0PcTzR4Bmy/yhclYeu7XYLZW004",
"3cf08e2c-a94d-4095-9d91-e4f4da239a06","NIWO_002.basePlot.bet","D13","NIWO","NIWO_002","N","2015-06-30","2015-07-14","2016-12-01","2016-08-16","Yxxla30BRilk/hATSF9YppHSeSGv9aTBD8APHV4g7Yk=","NEON.BET.D13.000009","OTHE","Carabidae sp.","family",,"Latreille","D13.2015.MorphO",,,"s/lmw0PcTzR4Bmy/yhclYeu7XYLZW004","s/lmw0PcTzR4Bmy/yhclYeu7XYLZW004",
"941a512c-bd39-4076-90a1-d4bac130184d","NIWO_002.basePlot.bet","D13","NIWO","NIWO_002","N","2015-06-30","2015-07-14","2016-12-01","2016-08-16","Yxxla30BRilk/hATSF9YppHSeSGv9aTBD8APHV4g7Yk=","NEON.BET.D13.000006","OTHE","Carabidae sp.","family",,"Latreille","D13.2015.MorphO",,,"s/lmw0PcTzR4Bmy/yhclYeu7XYLZW004","s/lmw0PcTzR4Bmy/yhclYeu7XYLZW004",
"fcf8b6db-0003-4576-9d3b-27e504585899","NIWO_002.basePlot.bet","D13","NIWO","NIWO_002","N","2015-06-30","2015-07-14","2016-12-01","2016-08-16","Yxxla30BRilk/hATSF9YppHSeSGv9aTBD8APHV4g7Yk=","NEON.BET.D13.000004","OTHE","Carabidae sp.","family",,"Latreille","D13.2015.MorphO",,,"s/lmw0PcTzR4Bmy/yhclYeu7XYLZW004","s/lmw0PcTzR4Bmy/yhclYeu7XYLZW004",
"0a9c5bad-a0d8-4abf-8175-e67efff17e4f","NIWO_002.basePlot.bet","D13","NIWO","NIWO_002","N","2015-06-30","2015-07-14","2016-12-01","2016-08-16","Yxxla30BRilk/hATSF9YppHSeSGv9aTBD8APHV4g7Yk=","NEON.BET.D13.000005","OTHE","Carabidae sp.","family",,"Latreille","D13.2015.MorphO",,,"s/lmw0PcTzR4Bmy/yhclYeu7XYLZW004","s/lmw0PcTzR4Bmy/yhclYeu7XYLZW004",
"88780503-add3-4991-a50c-00bf1d08a8e8","NIWO_002.basePlot.bet","D13","NIWO","NIWO_002","N","2015-06-30","2015-07-14","2016-12-01","2016-08-16","Yxxla30BRilk/hATSF9YppHSeSGv9aTBD8APHV4g7Yk=","NEON.BET.D13.000011","OTHE","Carabidae sp.","family",,"Latreille","D13.2015.MorphO",,,"s/lmw0PcTzR4Bmy/yhclYeu7XYLZW004","s/lmw0PcTzR4Bmy/yhclYeu7XYLZW004",
"94f88667-934b-4261-bfda-da051023923b","NIWO_002.basePlot.bet","D13","NIWO","NIWO_002","N","2015-06-30","2015-07-14","2016-12-01","2016-08-16","Yxxla30BRilk/hATSF9YppHSeSGv9aTBD8APHV4g7Yk=","NEON.BET.D13.000010","OTHE","Carabidae sp.","family",,"Latreille","D13.2015.MorphO",,,"s/lmw0PcTzR4Bmy/yhclYeu7XYLZW004","s/lmw0PcTzR4Bmy/yhclYeu7XYLZW004",
"d1506c45-7716-4ba3-8b2f-7f92e0e9b5f5","NIWO_005.basePlot.bet","D13","NIWO","NIWO_005","S","2015-06-30","2015-07-14","2016-12-01","2016-09-12","06Y8b7qnWrvNpkaT/gWkNnZcg5bvew9jowmBQveUdLw=","NEON.BET.D13.000056","OTHE","Carabidae sp.","family",,"Latreille","D13.2015.MorphO",,,"s/lmw0PcTzR4Bmy/yhclYeu7XYLZW004","XZoPj1u9UmznO7Lakic/e+h3MMLMvbQt",
"e855201d-27c5-4891-a168-648f57d54f98","NIWO_002.basePlot.bet","D13","NIWO","NIWO_002","N","2015-06-30","2015-07-14","2016-12-01","2016-08-16","Yxxla30BRilk/hATSF9YppHSeSGv9aTBD8APHV4g7Yk=","NEON.BET.D13.000008","OTHE","Carabidae sp.","family",,"Latreille","D13.2015.MorphO",,,"s/lmw0PcTzR4Bmy/yhclYeu7XYLZW004","s/lmw0PcTzR4Bmy/yhclYeu7XYLZW004",
"77a69525-640c-4b8a-a901-55302b7175ec","NIWO_008.basePlot.bet","D13","NIWO","NIWO_008","E","2015-06-30","2015-07-14","2016-12-08","2016-08-02","5+aRVO2c2a7Ju/6v8LE/pJNM6XcxQGja1Fad1bjMxWs=","NEON.BET.D13.000276","AMAALP","Amara alpina","species",,"Paykull",,,,"s/lmw0PcTzR4Bmy/yhclYeu7XYLZW004","a/0SlN26fEuP6UaIdvPv8XTR4wP1QaRoaGwryJzzg3M=",
"bea6d2fa-9c56-42f0-8287-e9c5934969d7","NIWO_008.basePlot.bet","D13","NIWO","NIWO_008","E","2015-06-30","2015-07-14","2016-12-08","2016-08-02","5+aRVO2c2a7Ju/6v8LE/pJNM6XcxQGja1Fad1bjMxWs=","NEON.BET.D13.000277","AMAALP","Amara alpina","species",,"Paykull",,,,"s/lmw0PcTzR4Bmy/yhclYeu7XYLZW004","a/0SlN26fEuP6UaIdvPv8XTR4wP1QaRoaGwryJzzg3M=",
"6b9811c9-b710-48b6-897d-e38b7f358d6b","NIWO_008.basePlot.bet","D13","NIWO","NIWO_008","S","2015-06-30","2015-07-14","2016-12-07","2016-08-04","5+aRVO2c2a4fZXmRIIT3KYFXhkP7kv+FBqXHdi2v7ak=","NEON.BET.D13.000217","CYMUNI1","Cymindis unicolor","species",,"Kirby",,,,"s/lmw0PcTzR4Bmy/yhclYeu7XYLZW004","s/lmw0PcTzR4Bmy/yhclYeu7XYLZW004",
"c750162b-2393-40e6-a3e4-8b76f07c7c6f","NIWO_009.basePlot.bet","D13","NIWO","NIWO_009","S","2015-06-30","2015-07-14","2016-12-02","2016-10-24","ta53RQUlpj5UBMvJyahkRT+FCJyhYbiM2Y+Z0ABpSvM=","NEON.BET.D13.000028","OTHE","Carabidae sp.","family",,"Latreille","D13.2015.MorphO",,,"s/lmw0PcTzR4Bmy/yhclYeu7XYLZW004","s/lmw0PcTzR4Bmy/yhclYeu7XYLZW004",
"8b742470-29ee-4a2f-b010-350fd425f3f7","NIWO_009.basePlot.bet","D13","NIWO","NIWO_009","S","2015-06-30","2015-07-14","2016-12-02","2016-10-24","ta53RQUlpj5UBMvJyahkRT+FCJyhYbiM2Y+Z0ABpSvM=","NEON.BET.D13.000027","OTHE","Carabidae sp.","family",,"Latreille","D13.2015.MorphO",,,"s/lmw0PcTzR4Bmy/yhclYeu7XYLZW004","s/lmw0PcTzR4Bmy/yhclYeu7XYLZW004",
"254e3f57-16f7-4dda-877f-7e0c80e9ff64","NIWO_008.basePlot.bet","D13","NIWO","NIWO_008","N","2015-06-30","2015-07-14","2016-12-06","2016-07-13","5+aRVO2c2a6I5g93LOKgRmevScsQh3FSS0vDxzYJIMI=","NEON.BET.D13.000191","CARTAE","Carabus taedatus","species",,"Fabricius",,,,"s/lmw0PcTzR4Bmy/yhclYeu7XYLZW004","s/lmw0PcTzR4Bmy/yhclYeu7XYLZW004",
"19d2cfce-79d0-4479-bcdc-3c331f323401","NIWO_001.basePlot.bet","D13","NIWO","NIWO_001","S","2015-06-30","2015-07-14","2016-12-01","2016-09-12","fp9n17d9YyHDV4GhMX9L5NxryYQyn3j4OXGZbntorNU=","NEON.BET.D13.000054","CALADV","Calathus advena","species",,"LeConte",,,,"s/lmw0PcTzR4Bmy/yhclYeu7XYLZW004","XZoPj1u9UmznO7Lakic/e+h3MMLMvbQt",
"27757966-f81a-4793-a9ed-9c4f40ff1b63","NIWO_006.basePlot.bet","D13","NIWO","NIWO_006","E","2015-06-30","2015-07-14","2016-12-09","2016-08-12","/HCA//l5a7/R8eac+Xr29vyDJFMZ8Nq1sFZM+Qlz8v4=","NEON.BET.D13.000388","CYMCRI","Cymindis cribricollis","species",,"Dejean",,,,"s/lmw0PcTzR4Bmy/yhclYeu7XYLZW004","s/lmw0PcTzR4Bmy/yhclYeu7XYLZW004",
"a16fd05c-6214-427b-a012-481f13a6c683","NIWO_010.basePlot.bet","D13","NIWO","NIWO_010","E","2015-06-30","2015-07-14","2016-12-02","2016-10-24","SpCPEqaS8lQwXJB9DO/O42lUZALkIjP7o7sDyAJlXPI=","NEON.BET.D13.000031","OTHE","Carabidae sp.","family",,"Latreille","D13.2015.MorphO",,,"s/lmw0PcTzR4Bmy/yhclYeu7XYLZW004","s/lmw0PcTzR4Bmy/yhclYeu7XYLZW004",
"14a10a24-0cb2-46da-a6e5-e181337b8eed","NIWO_007.basePlot.bet","D13","NIWO","NIWO_007","N","2015-06-30","2015-07-14","2016-12-05","2016-09-09","S04lt30Ahx+hs4bQv521KK0enCvR7bygwreVCU7aSQg=","NEON.BET.D13.000082","CALADV","Calathus advena","species",,"LeConte",,,,"s/lmw0PcTzR4Bmy/yhclYeu7XYLZW004","s/lmw0PcTzR4Bmy/yhclYeu7XYLZW004",
"5ead7cc2-3a3d-4c49-9ea3-099ad2c7e4cc","NIWO_007.basePlot.bet","D13","NIWO","NIWO_007","N","2015-06-30","2015-07-14","2016-12-05","2016-09-09","S04lt30Ahx+hs4bQv521KK0enCvR7bygwreVCU7aSQg=","NEON.BET.D13.000083","CALADV","Calathus advena","species",,"LeConte",,,,"s/lmw0PcTzR4Bmy/yhclYeu7XYLZW004","s/lmw0PcTzR4Bmy/yhclYeu7XYLZW004",
"b803788f-f6c2-43e4-b4f6-1656c8b0e112","NIWO_001.basePlot.bet","D13","NIWO","NIWO_001","S","2015-06-30","2015-07-14","2016-12-01","2016-09-12","fp9n17d9YyHDV4GhMX9L5NxryYQyn3j4OXGZbntorNU=","NEON.BET.D13.000053","CALADV","Calathus advena","species",,"LeConte",,,,"s/lmw0PcTzR4Bmy/yhclYeu7XYLZW004","XZoPj1u9UmznO7Lakic/e+h3MMLMvbQt",
"f179dfbb-5e91-499a-adbd-b7664c326fd6","NIWO_004.basePlot.bet","D13","NIWO","NIWO_004","E","2015-06-30","2015-07-14","2016-12-07","2016-09-08","aRw+8bWvW/wOIENap0etmXiCq6V1RZPfCkRcy1w8BLk=","NEON.BET.D13.000229","CYMUNI1","Cymindis unicolor","species",,"Kirby",,,,"s/lmw0PcTzR4Bmy/yhclYeu7XYLZW004","s/lmw0PcTzR4Bmy/yhclYeu7XYLZW004",
"0cab8515-559f-44d4-8516-506521a3ffc8","NIWO_004.basePlot.bet","D13","NIWO","NIWO_004","E","2015-06-30","2015-07-14","2016-12-07","2016-09-08","aRw+8bWvW/wOIENap0etmXiCq6V1RZPfCkRcy1w8BLk=","NEON.BET.D13.000228","CYMUNI1","Cymindis unicolor","species",,"Kirby",,,,"s/lmw0PcTzR4Bmy/yhclYeu7XYLZW004","s/lmw0PcTzR4Bmy/yhclYeu7XYLZW004",
"f1b79816-e651-4147-813f-8dd03b07d1de","NIWO_010.basePlot.bet","D13","NIWO","NIWO_010","S","2015-06-30","2015-07-14","2016-12-05","2016-10-24","SpCPEqaS8lSDVwpWIb8p3pCn2CRgGRtG/RHZ2S+fcxU=","NEON.BET.D13.000092","CALADV","Calathus advena","species",,"LeConte",,,,"s/lmw0PcTzR4Bmy/yhclYeu7XYLZW004","s/lmw0PcTzR4Bmy/yhclYeu7XYLZW004",
"61cd6cca-2b6d-47db-aa46-d6add7757f31","NIWO_007.basePlot.bet","D13","NIWO","NIWO_007","S","2015-06-30","2015-07-14","2016-12-01","2016-08-12","S04lt30Ahx9lCmMDYRy7y/EH07kbptYuDiQhq7gRW7Y=","NEON.BET.D13.000003","OTHE","Carabidae sp.","family",,"Latreille","D13.2015.MorphO",,,"s/lmw0PcTzR4Bmy/yhclYeu7XYLZW004","s/lmw0PcTzR4Bmy/yhclYeu7XYLZW004",
"7113d892-94d0-472d-bedc-8c41fc8fa527","NIWO_002.basePlot.bet","D13","NIWO","NIWO_002","S","2015-06-30","2015-07-14","2016-12-01","2016-09-12","Yxxla30BRinFv45w6Vr3Fz7nMu+ks4g3oGSXVHKf/ZY=","NEON.BET.D13.000061","OTHE","Carabidae sp.","family",,"Latreille","D13.2015.MorphO",,,"s/lmw0PcTzR4Bmy/yhclYeu7XYLZW004","XZoPj1u9UmznO7Lakic/e+h3MMLMvbQt",
"57ef2d23-d32b-490b-a8f2-70b91d3ac35a","NIWO_005.basePlot.bet","D13","NIWO","NIWO_005","S","2015-06-30","2015-07-14","2016-12-01","2016-09-12","06Y8b7qnWrvNpkaT/gWkNkYWcf2VzqxnYqyg/o2m2JA=","NEON.BET.D13.000058","CALING","Calathus ingratus","species",,"Dejean",,,,"s/lmw0PcTzR4Bmy/yhclYeu7XYLZW004","XZoPj1u9UmznO7Lakic/e+h3MMLMvbQt",
"126f8fec-de40-4434-9d86-9441aadd4ec6","NIWO_002.basePlot.bet","D13","NIWO","NIWO_002","E","2015-06-30","2015-07-14","2016-12-05","2016-09-07","Yxxla30BRilqBoOx9xPoX+Kbwu2pmC6H7Cdg1vS9Fg0=","NEON.BET.D13.000079","CALADV","Calathus advena","species",,"LeConte",,,,"s/lmw0PcTzR4Bmy/yhclYeu7XYLZW004","s/lmw0PcTzR4Bmy/yhclYeu7XYLZW004",
"f3a7ba1b-d425-4f5e-a772-c0a21f4c077e","NIWO_002.basePlot.bet","D13","NIWO","NIWO_002","E","2015-06-30","2015-07-14","2016-12-05","2016-09-07","Yxxla30BRilqBoOx9xPoX+Kbwu2pmC6H7Cdg1vS9Fg0=","NEON.BET.D13.000078","CALADV","Calathus advena","species",,"LeConte",,,,"s/lmw0PcTzR4Bmy/yhclYeu7XYLZW004","s/lmw0PcTzR4Bmy/yhclYeu7XYLZW004",
"b472e514-00fa-44d6-b670-69887f9fcbab","NIWO_010.basePlot.bet","D13","NIWO","NIWO_010","E","2015-07-14","2015-07-28","2016-12-05","2016-11-07","SpCPEqaS8lQwXJB9DO/O45870xbURQav2NMjSpsHNPg=","NEON.BET.D13.000132","CALADV","Calathus advena","species",,"LeConte",,,,"s/lmw0PcTzR4Bmy/yhclYeu7XYLZW004","s/lmw0PcTzR4Bmy/yhclYeu7XYLZW004",
"3ffb889a-7b83-48a4-a983-2a06950767f4","NIWO_010.basePlot.bet","D13","NIWO","NIWO_010","E","2015-07-14","2015-07-28","2016-12-05","2016-11-07","SpCPEqaS8lQwXJB9DO/O45870xbURQav2NMjSpsHNPg=","NEON.BET.D13.000131","CALADV","Calathus advena","species",,"LeConte",,,,"s/lmw0PcTzR4Bmy/yhclYeu7XYLZW004","s/lmw0PcTzR4Bmy/yhclYeu7XYLZW004",
"a36cdd61-297f-45a5-ae43-35150731174a","NIWO_010.basePlot.bet","D13","NIWO","NIWO_010","S","2015-07-14","2015-07-28","2016-12-07","2016-11-07","SpCPEqaS8lSDVwpWIb8p3igs+b5s9Jt0wxu5uH4+cDk=","NEON.BET.D13.000210","CYMUNI1","Cymindis unicolor","species",,"Kirby",,,,"s/lmw0PcTzR4Bmy/yhclYeu7XYLZW004","s/lmw0PcTzR4Bmy/yhclYeu7XYLZW004",
"8df371a6-9ba8-4761-889a-78369b1cfd16","NIWO_004.basePlot.bet","D13","NIWO","NIWO_004","E","2015-07-14","2015-07-28","2016-12-12","2016-11-01","aRw+8bWvW/wOIENap0etmeEwWy+JciGY1HsGQM+k8qU=","NEON.BET.D13.000453","HARSP7","Harpalus sp.","genus",,"Latreille","D13.2015.MorphK",,,"s/lmw0PcTzR4Bmy/yhclYeu7XYLZW004","s/lmw0PcTzR4Bmy/yhclYeu7XYLZW004",
"deca7f09-0a12-4413-a3d8-bcbe5755f063","NIWO_004.basePlot.bet","D13","NIWO","NIWO_004","E","2015-07-14","2015-07-28","2016-12-12","2016-11-01","aRw+8bWvW/wOIENap0etmeEwWy+JciGY1HsGQM+k8qU=","NEON.BET.D13.000455","HARSP7","Harpalus sp.","genus",,"Latreille","D13.2015.MorphK",,,"s/lmw0PcTzR4Bmy/yhclYeu7XYLZW004","s/lmw0PcTzR4Bmy/yhclYeu7XYLZW004",
"bdd3d220-a07d-4a1d-ad94-68a21c59165c","NIWO_004.basePlot.bet","D13","NIWO","NIWO_004","E","2015-07-14","2015-07-28","2016-12-12","2016-11-01","aRw+8bWvW/wOIENap0etmeEwWy+JciGY1HsGQM+k8qU=","NEON.BET.D13.000454","HARSP7","Harpalus sp.","genus",,"Latreille","D13.2015.MorphK",,,"s/lmw0PcTzR4Bmy/yhclYeu7XYLZW004","s/lmw0PcTzR4Bmy/yhclYeu7XYLZW004",
"068db1ed-98ae-4bfa-ba2d-8b8206bc6a3b","NIWO_003.basePlot.bet","D13","NIWO","NIWO_003","E","2015-07-14","2015-07-28","2016-12-12","2016-10-28","ZRQ9gNwmgynu1ZgrUyHHap5ROBDbmoQE/R6j7YiwtZY=","NEON.BET.D13.000415","AMAQUE","Amara quenseli quenseli","subspecies",,"Schonherr",,,,"s/lmw0PcTzR4Bmy/yhclYeu7XYLZW004","a/0SlN26fEuP6UaIdvPv8XTR4wP1QaRoaGwryJzzg3M=",
"faa3be69-d3cd-4021-bca4-1b3f70e39ae5","NIWO_008.basePlot.bet","D13","NIWO","NIWO_008","W","2015-07-14","2015-07-28","2016-12-07","2016-11-07","5+aRVO2c2a7tyUr5BvACjD+HecCse8IDT5UYreBcCPY=","NEON.BET.D13.000240","CYMUNI1","Cymindis unicolor","species",,"Kirby",,,,"s/lmw0PcTzR4Bmy/yhclYeu7XYLZW004","s/lmw0PcTzR4Bmy/yhclYeu7XYLZW004",
"72547206-2b66-4077-bca2-26bc51650a25","NIWO_005.basePlot.bet","D13","NIWO","NIWO_005","N","2015-07-14","2015-07-28","2016-12-07","2016-10-31","06Y8b7qnWrtKMYVGHYy4+q2ikZYEcFBtpbvnpIjJiYc=","NEON.BET.D13.000230","CYMUNI1","Cymindis unicolor","species",,"Kirby",,,,"XZoPj1u9UmznO7Lakic/e+h3MMLMvbQt","s/lmw0PcTzR4Bmy/yhclYeu7XYLZW004",
"0aaac3ce-10fe-48a4-b891-1113c1867d14","NIWO_005.basePlot.bet","D13","NIWO","NIWO_005","N","2015-07-14","2015-07-28","2016-12-07","2016-10-31","06Y8b7qnWrtKMYVGHYy4+q2ikZYEcFBtpbvnpIjJiYc=","NEON.BET.D13.000231","CYMUNI1","Cymindis unicolor","species",,"Kirby",,,,"XZoPj1u9UmznO7Lakic/e+h3MMLMvbQt","s/lmw0PcTzR4Bmy/yhclYeu7XYLZW004","Right hind leg glued back on"
"6c5d261a-c1db-43ae-a56a-0ca7c9d6e828","NIWO_005.basePlot.bet","D13","NIWO","NIWO_005","W","2015-07-14","2015-07-28","2016-12-07","2016-11-01","06Y8b7qnWrtXKYveLFBULPUUDg260XxriLS/PwC950s=","NEON.BET.D13.000235","CYMUNI1","Cymindis unicolor","species",,"Kirby",,,,"XZoPj1u9UmznO7Lakic/e+h3MMLMvbQt","s/lmw0PcTzR4Bmy/yhclYeu7XYLZW004",
"bfd5458c-58c0-4b05-9d2b-74fbb8b33e28","NIWO_005.basePlot.bet","D13","NIWO","NIWO_005","N","2015-07-14","2015-07-28","2016-12-09","2016-10-31","06Y8b7qnWrtKMYVGHYy4+uOfMzXQdxO+cJa4xKGlCSI=","NEON.BET.D13.000343","CALING","Calathus ingratus","species",,"Dejean",,,,"XZoPj1u9UmznO7Lakic/e+h3MMLMvbQt","s/lmw0PcTzR4Bmy/yhclYeu7XYLZW004",
"1ffe15e7-7929-4a87-9087-5a81a884c142","NIWO_008.basePlot.bet","D13","NIWO","NIWO_008","S","2015-07-14","2015-07-28","2016-12-12","2016-11-07","5+aRVO2c2a4fZXmRIIT3KY7ADCrjywr49nIcCoc9Op4=","NEON.BET.D13.000418","AMAQUE","Amara quenseli quenseli","subspecies",,"Schonherr",,,,"s/lmw0PcTzR4Bmy/yhclYeu7XYLZW004","a/0SlN26fEuP6UaIdvPv8XTR4wP1QaRoaGwryJzzg3M=",
"783f54ee-4e42-4371-bb51-68afaae2c0c6","NIWO_008.basePlot.bet","D13","NIWO","NIWO_008","S","2015-07-14","2015-07-28","2016-12-12","2016-11-07","5+aRVO2c2a4fZXmRIIT3KY7ADCrjywr49nIcCoc9Op4=","NEON.BET.D13.000417","AMAQUE","Amara quenseli quenseli","subspecies",,"Schonherr",,,,"s/lmw0PcTzR4Bmy/yhclYeu7XYLZW004","a/0SlN26fEuP6UaIdvPv8XTR4wP1QaRoaGwryJzzg3M=",
"9ec703f8-7a1f-4f24-96f7-f462560c7602","NIWO_009.basePlot.bet","D13","NIWO","NIWO_009","E","2015-07-14","2015-07-28","2016-12-01","2016-11-07","ta53RQUlpj4ghU5Z94I+HZTYoWJZeKlpcvK3b1OVHZc=","NEON.BET.D13.000101","CARTAE","Carabus taedatus","species",,"Fabricius",,,,"s/lmw0PcTzR4Bmy/yhclYeu7XYLZW004","eZBb/7/JoE0nN0JfuHxguqVpFay9AoVo",
"d7d6cd98-e37e-4af3-b769-49252a19f0d2","NIWO_003.basePlot.bet","D13","NIWO","NIWO_003","W","2015-07-14","2015-07-28","2016-12-07","2016-10-20","ZRQ9gNwmgylLFtb2kQGvQ4oZiYZCuPSYZM8Lux1rH2s=","NEON.BET.D13.000201","CARTAE","Carabus taedatus","species",,"Fabricius",,,,"XZoPj1u9UmznO7Lakic/e+h3MMLMvbQt","s/lmw0PcTzR4Bmy/yhclYeu7XYLZW004",
"98162e6b-6c9c-4f54-a68e-f5edd7049b63","NIWO_010.basePlot.bet","D13","NIWO","NIWO_010","N","2015-07-14","2015-07-28","2016-12-05","2016-11-07","SpCPEqaS8lRPG9/1jERgKdh+VAW0ndCP5z57dzeiiXw=","NEON.BET.D13.000128","CALADV","Calathus advena","species",,"LeConte",,,,"s/lmw0PcTzR4Bmy/yhclYeu7XYLZW004","s/lmw0PcTzR4Bmy/yhclYeu7XYLZW004",
"5a0d6103-6c73-4b3c-8885-49131632acb2","NIWO_010.basePlot.bet","D13","NIWO","NIWO_010","W","2015-07-14","2015-07-28","2016-12-01","2016-11-07","SpCPEqaS8lRCWHMNC5CpgO3+NScLkBD2ug97ceZRqQc=","NEON.BET.D13.000022","OTHE","Carabidae sp.","family",,"Latreille","D13.2015.MorphO",,,"XZoPj1u9UmznO7Lakic/e+h3MMLMvbQt","s/lmw0PcTzR4Bmy/yhclYeu7XYLZW004",
"ecb9deeb-70df-4e80-ab76-b7006ae3ef73","NIWO_010.basePlot.bet","D13","NIWO","NIWO_010","N","2015-07-14","2015-07-28","2016-12-05","2016-11-07","SpCPEqaS8lRPG9/1jERgKdh+VAW0ndCP5z57dzeiiXw=","NEON.BET.D13.000127","CALADV","Calathus advena","species",,"LeConte",,,,"s/lmw0PcTzR4Bmy/yhclYeu7XYLZW004","s/lmw0PcTzR4Bmy/yhclYeu7XYLZW004",
"3db5f287-73af-46eb-b2d5-add1661c38ea","NIWO_001.basePlot.bet","D13","NIWO","NIWO_001","N","2015-07-14","2015-07-28","2016-12-05","2016-10-24","fp9n17d9YyG54himxS8ErWYdMt0owpCigG2VUPy2u4I=","NEON.BET.D13.000093","CALADV","Calathus advena","species",,"LeConte",,,,"XZoPj1u9UmznO7Lakic/e+h3MMLMvbQt","s/lmw0PcTzR4Bmy/yhclYeu7XYLZW004",
"b4ff0c74-0180-4ca9-9c55-3d82b6391c3e","NIWO_004.basePlot.bet","D13","NIWO","NIWO_004","W","2015-07-14","2015-07-28","2016-12-02","2016-10-28","aRw+8bWvW/yBjQW8FRnBY+XFX62NHVpxgj4YPhSV3NE=","NEON.BET.D13.000034","OTHE","Carabidae sp.","family",,"Latreille","D13.2015.MorphO",,,"s/lmw0PcTzR4Bmy/yhclYeu7XYLZW004","s/lmw0PcTzR4Bmy/yhclYeu7XYLZW004",
"48708659-edc5-4d27-b029-4b64ad7d6a85","NIWO_007.basePlot.bet","D13","NIWO","NIWO_007","W","2015-07-14","2015-07-28","2016-12-05","2016-11-02","S04lt30Ahx8VQr1krxvtUA32QNVTf3oLgkLYr+0aaU8=","NEON.BET.D13.000122","CALADV","Calathus advena","species",,"LeConte",,,,"XZoPj1u9UmznO7Lakic/e+h3MMLMvbQt","s/lmw0PcTzR4Bmy/yhclYeu7XYLZW004",
"b1ea8c4f-0eb6-460d-a5f1-82cda814e087","NIWO_006.basePlot.bet","D13","NIWO","NIWO_006","W","2015-07-14","2015-07-28","2016-12-08","2016-11-02","/HCA//l5a79/ynE56xJylBHOm030WM2sYesrTTjHetE=","NEON.BET.D13.000285","AMAALP","Amara alpina","species",,"Paykull",,,,"s/lmw0PcTzR4Bmy/yhclYeu7XYLZW004","a/0SlN26fEuP6UaIdvPv8XTR4wP1QaRoaGwryJzzg3M=",
"ec37dbc4-3b92-456a-854a-5257994c538b","NIWO_008.basePlot.bet","D13","NIWO","NIWO_008","N","2015-07-14","2015-07-28","2016-12-07","2016-11-07","5+aRVO2c2a6I5g93LOKgRlwInbt/tFCVtJmUJMUhrXI=","NEON.BET.D13.000239","CYMUNI1","Cymindis unicolor","species",,"Kirby",,,,"XZoPj1u9UmznO7Lakic/e+h3MMLMvbQt","s/lmw0PcTzR4Bmy/yhclYeu7XYLZW004",
"a3a3fdb4-dbab-4675-97af-a6c8e5a7fc86","NIWO_005.basePlot.bet","D13","NIWO","NIWO_005","S","2015-07-14","2015-07-28","2016-12-08","2016-11-01","06Y8b7qnWrvNpkaT/gWkNvDBbLtJL4b4ydbFJcYP3jI=","NEON.BET.D13.000294","OTHE","Carabidae sp.","family",,"Latreille","D13.2015.MorphO",,,"XZoPj1u9UmznO7Lakic/e+h3MMLMvbQt","s/lmw0PcTzR4Bmy/yhclYeu7XYLZW004",
"6cb30da6-3ecc-46ae-a291-455957012d38","NIWO_005.basePlot.bet","D13","NIWO","NIWO_005","E","2015-07-14","2015-07-28","2016-12-07","2016-11-01","06Y8b7qnWrtrUXq6Cek0DFP3VBJBB0qP+lRM/IqfYJY=","NEON.BET.D13.000232","CYMUNI1","Cymindis unicolor","species",,"Kirby",,,,"XZoPj1u9UmznO7Lakic/e+h3MMLMvbQt","s/lmw0PcTzR4Bmy/yhclYeu7XYLZW004","Right hind leg glued back on"
"6ef4b250-588c-4a6f-8e22-e9faeb271bdc","NIWO_005.basePlot.bet","D13","NIWO","NIWO_005","S","2015-07-14","2015-07-28","2016-12-05","2016-11-01","06Y8b7qnWrvNpkaT/gWkNrn40Plhmp3pfiIYoF5Rm7w=","NEON.BET.D13.000112","CALADV","Calathus advena","species",,"LeConte",,,,"XZoPj1u9UmznO7Lakic/e+h3MMLMvbQt","s/lmw0PcTzR4Bmy/yhclYeu7XYLZW004",
"d07bd8f8-acef-46ce-9ced-85cbaa053d88","NIWO_005.basePlot.bet","D13","NIWO","NIWO_005","S","2015-07-14","2015-07-28","2016-12-05","2016-11-01","06Y8b7qnWrvNpkaT/gWkNrn40Plhmp3pfiIYoF5Rm7w=","NEON.BET.D13.000113","CALADV","Calathus advena","species",,"LeConte",,,,"XZoPj1u9UmznO7Lakic/e+h3MMLMvbQt","s/lmw0PcTzR4Bmy/yhclYeu7XYLZW004",
"3b94b207-a574-4800-874c-55ddc6a3810d","NIWO_005.basePlot.bet","D13","NIWO","NIWO_005","E","2015-07-14","2015-07-28","2016-12-07","2016-11-01","06Y8b7qnWrtrUXq6Cek0DFP3VBJBB0qP+lRM/IqfYJY=","NEON.BET.D13.000233","CYMUNI1","Cymindis unicolor","species",,"Kirby",,,,"XZoPj1u9UmznO7Lakic/e+h3MMLMvbQt","s/lmw0PcTzR4Bmy/yhclYeu7XYLZW004","Right hind leg glued back on"
"a6f2abf7-1ce7-4a84-9e45-aaef6a7e13a8","NIWO_002.basePlot.bet","D13","NIWO","NIWO_002","E","2015-07-14","2015-07-28","2016-12-05","2016-10-26","Yxxla30BRilqBoOx9xPoX6OJjr8QQF3/zFc+NO0UEFA=","NEON.BET.D13.000106","CALADV","Calathus advena","species",,"LeConte",,,,"s/lmw0PcTzR4Bmy/yhclYeu7XYLZW004","s/lmw0PcTzR4Bmy/yhclYeu7XYLZW004",
"64a2e2f1-4607-4d72-91f4-7762095d1f91","NIWO_002.basePlot.bet","D13","NIWO","NIWO_002","S","2015-07-14","2015-07-28","2016-12-05","2016-10-28","Yxxla30BRinFv45w6Vr3F0VGcyNF1mfLzWCaHaAnYiY=","NEON.BET.D13.000108","CALADV","Calathus advena","species",,"LeConte",,,,"XZoPj1u9UmznO7Lakic/e+h3MMLMvbQt","s/lmw0PcTzR4Bmy/yhclYeu7XYLZW004",
"a347608a-5049-4bd6-aa7c-ad88fad257b6","NIWO_005.basePlot.bet","D13","NIWO","NIWO_005","N","2015-07-14","2015-07-28","2016-12-05","2016-10-31","06Y8b7qnWrtKMYVGHYy4+nbDm8M0SEjcD7EGdOv5M2M=","NEON.BET.D13.000110","CALADV","Calathus advena","species",,"LeConte",,,,"XZoPj1u9UmznO7Lakic/e+h3MMLMvbQt","s/lmw0PcTzR4Bmy/yhclYeu7XYLZW004",
"abc5714f-7ac4-45c4-8e0c-7ac1a8a3a2f3","NIWO_005.basePlot.bet","D13","NIWO","NIWO_005","N","2015-07-14","2015-07-28","2016-12-05","2016-10-31","06Y8b7qnWrtKMYVGHYy4+nbDm8M0SEjcD7EGdOv5M2M=","NEON.BET.D13.000109","CALADV","Calathus advena","species",,"LeConte",,,,"XZoPj1u9UmznO7Lakic/e+h3MMLMvbQt","s/lmw0PcTzR4Bmy/yhclYeu7XYLZW004",
"b1ba0f62-dfd3-481e-a406-a99b37b07727","NIWO_005.basePlot.bet","D13","NIWO","NIWO_005","E","2015-07-14","2015-07-28","2016-12-08","2016-11-01","06Y8b7qnWrtrUXq6Cek0DJIoNSWHilev5rJNTUfA1kE=","NEON.BET.D13.000293","OTHE","Carabidae sp.","family",,"Latreille","D13.2015.MorphO",,,"XZoPj1u9UmznO7Lakic/e+h3MMLMvbQt","s/lmw0PcTzR4Bmy/yhclYeu7XYLZW004",
"52bc3758-4692-4ab6-b430-9eba78dfda81","NIWO_008.basePlot.bet","D13","NIWO","NIWO_008","N","2015-07-14","2015-07-28","2016-12-08","2016-11-07","5+aRVO2c2a6I5g93LOKgRn3Y1XOevCchaGLXFQgsSgk=","NEON.BET.D13.000307","AMAALP","Amara alpina","species",,"Paykull",,,,"XZoPj1u9UmznO7Lakic/e+h3MMLMvbQt","a/0SlN26fEuP6UaIdvPv8XTR4wP1QaRoaGwryJzzg3M=",
"f2db7144-79b0-488a-8a14-82ea25c8c958","NIWO_008.basePlot.bet","D13","NIWO","NIWO_008","S","2015-07-14","2015-07-28","2016-12-09","2016-11-07","5+aRVO2c2a4fZXmRIIT3KerF4lI8dYmdXDN2qUPUFmk=","NEON.BET.D13.000384","CYMCRI","Cymindis cribricollis","species",,"Dejean",,,,"s/lmw0PcTzR4Bmy/yhclYeu7XYLZW004","s/lmw0PcTzR4Bmy/yhclYeu7XYLZW004",
"b162e2eb-6f0f-44f8-99dd-c1e0c9e323ac","NIWO_004.basePlot.bet","D13","NIWO","NIWO_004","E","2015-07-14","2015-07-28","2016-12-12","2016-11-01","aRw+8bWvW/wOIENap0etmeEwWy+JciGYJM9GQhat6FQ=","NEON.BET.D13.000452","HARSP7","Harpalus sp.","genus",,"Latreille","D13.2015.MorphH",,,"s/lmw0PcTzR4Bmy/yhclYeu7XYLZW004","s/lmw0PcTzR4Bmy/yhclYeu7XYLZW004",
"fb6e61aa-488b-4556-b20f-c0203fdc886f","NIWO_004.basePlot.bet","D13","NIWO","NIWO_004","E","2015-07-14","2015-07-28","2016-12-12","2016-11-01","aRw+8bWvW/wOIENap0etmeEwWy+JciGYJM9GQhat6FQ=","NEON.BET.D13.000451","HARSP7","Harpalus sp.","genus",,"Latreille","D13.2015.MorphH",,,"s/lmw0PcTzR4Bmy/yhclYeu7XYLZW004","s/lmw0PcTzR4Bmy/yhclYeu7XYLZW004",
"aed3c53a-eb8e-4e07-8ba6-2f2132fa5722","NIWO_004.basePlot.bet","D13","NIWO","NIWO_004","E","2015-07-14","2015-07-28","2016-12-12","2016-11-01","aRw+8bWvW/wOIENap0etmeEwWy+JciGYJM9GQhat6FQ=","NEON.BET.D13.000450","HARSP7","Harpalus sp.","genus",,"Latreille","D13.2015.MorphH",,,"s/lmw0PcTzR4Bmy/yhclYeu7XYLZW004","s/lmw0PcTzR4Bmy/yhclYeu7XYLZW004",
"b6584147-f49e-4d79-9587-a2ed38eaeebf","NIWO_003.basePlot.bet","D13","NIWO","NIWO_003","W","2015-07-14","2015-07-28","2016-12-12","2016-10-21","ZRQ9gNwmgylLFtb2kQGvQ9C+mysQoY6ocfcgWz7I/3s=","NEON.BET.D13.000447","AMASP11","Amara sp.","genus",,"Bonelli","D13.2015.MorphJ",,,"XZoPj1u9UmznO7Lakic/e+h3MMLMvbQt","s/lmw0PcTzR4Bmy/yhclYeu7XYLZW004",
"7b15c06d-53a4-4a08-a39f-a670c0e7db08","NIWO_003.basePlot.bet","D13","NIWO","NIWO_003","W","2015-07-14","2015-07-28","2016-12-12","2016-10-21","ZRQ9gNwmgylLFtb2kQGvQ9C+mysQoY6ocfcgWz7I/3s=","NEON.BET.D13.000446","AMASP11","Amara sp.","genus",,"Bonelli","D13.2015.MorphJ",,,"XZoPj1u9UmznO7Lakic/e+h3MMLMvbQt","s/lmw0PcTzR4Bmy/yhclYeu7XYLZW004",
"dd3748cb-9bc1-4b81-9646-7b7462a875d3","NIWO_009.basePlot.bet","D13","NIWO","NIWO_009","N","2015-07-14","2015-07-28","2016-12-05","2016-11-07","ta53RQUlpj4uM1+qziUhaoHmGYPPOcPHJxhZEjAX2Q8=","NEON.BET.D13.000124","CALADV","Calathus advena","species",,"LeConte",,,,"XZoPj1u9UmznO7Lakic/e+h3MMLMvbQt","s/lmw0PcTzR4Bmy/yhclYeu7XYLZW004",
"8c438c59-9ef2-4033-8d4b-752a09602a23","NIWO_009.basePlot.bet","D13","NIWO","NIWO_009","S","2015-07-14","2015-07-28","2016-12-01","2016-11-07","ta53RQUlpj5UBMvJyahkRXUnB5/5Ij0ecPY5elT5zTw=","NEON.BET.D13.000019","OTHE","Carabidae sp.","family",,"Latreille","D13.2015.MorphO",,,"XZoPj1u9UmznO7Lakic/e+h3MMLMvbQt","s/lmw0PcTzR4Bmy/yhclYeu7XYLZW004",
"fe1a6e17-26a8-4873-bbc1-acc8bf67c1fa","NIWO_010.basePlot.bet","D13","NIWO","NIWO_010","W","2015-07-14","2015-07-28","2016-12-05","2016-11-07","SpCPEqaS8lRCWHMNC5CpgLXS+RKEtiRs86qCAuLZCbs=","NEON.BET.D13.000136","CALADV","Calathus advena","species",,"LeConte",,,,"XZoPj1u9UmznO7Lakic/e+h3MMLMvbQt","s/lmw0PcTzR4Bmy/yhclYeu7XYLZW004",
"64052a79-badf-4457-82dd-395c03216289","NIWO_010.basePlot.bet","D13","NIWO","NIWO_010","W","2015-07-14","2015-07-28","2016-12-05","2016-11-07","SpCPEqaS8lRCWHMNC5CpgLXS+RKEtiRs86qCAuLZCbs=","NEON.BET.D13.000135","CALADV","Calathus advena","species",,"LeConte",,,,"XZoPj1u9UmznO7Lakic/e+h3MMLMvbQt","s/lmw0PcTzR4Bmy/yhclYeu7XYLZW004",
"b5ca5840-bf64-449c-b56e-a3cef57fa2a8","NIWO_006.basePlot.bet","D13","NIWO","NIWO_006","S","2015-07-14","2015-07-28","2016-12-09","2016-11-01","/HCA//l5a79xspR2rESkgKJEnnI1jWdrHoIYFkg5ucE=","NEON.BET.D13.000344","CALING","Calathus ingratus","species",,"Dejean",,,,"s/lmw0PcTzR4Bmy/yhclYeu7XYLZW004","s/lmw0PcTzR4Bmy/yhclYeu7XYLZW004",
"fa292365-b485-4900-b9bb-0e2fa5638784","NIWO_006.basePlot.bet","D13","NIWO","NIWO_006","E","2015-07-14","2015-07-28","2016-12-01","2016-11-01","/HCA//l5a7/R8eac+Xr29vszt0VQ8RF2R60RUSz0SWg=","NEON.BET.D13.000097","CARTAE","Carabus taedatus","species",,"Fabricius",,,,"XZoPj1u9UmznO7Lakic/e+h3MMLMvbQt","eZBb/7/JoE0nN0JfuHxguqVpFay9AoVo",
"32e2a7a0-d53f-4c1f-856d-9aebc2822041","NIWO_001.basePlot.bet","D13","NIWO","NIWO_001","E","2015-07-14","2015-07-28","2016-12-02","2016-10-26","fp9n17d9YyFql4/PPIwcahUIIn0WaW9mrHWFzMcLjx8=","NEON.BET.D13.000033","OTHE","Carabidae sp.","family",,"Latreille","D13.2015.MorphO",,,"XZoPj1u9UmznO7Lakic/e+h3MMLMvbQt","s/lmw0PcTzR4Bmy/yhclYeu7XYLZW004",
"7a1dc353-ef43-40d2-9880-5c4235eec370","NIWO_002.basePlot.bet","D13","NIWO","NIWO_002","S","2015-07-14","2015-07-28","2016-12-09","2016-10-28","Yxxla30BRinFv45w6Vr3F4jmMeUXwcmRrZxmEYo6u2s=","NEON.BET.D13.000397","NOTDIR","Notiophilus directus","species",,"Casey",,,,"XZoPj1u9UmznO7Lakic/e+h3MMLMvbQt","a/0SlN26fEuP6UaIdvPv8XTR4wP1QaRoaGwryJzzg3M=",
"e9f3af4e-9899-4a48-8fe7-eb8959a8a4b5","NIWO_006.basePlot.bet","D13","NIWO","NIWO_006","E","2015-07-14","2015-07-28","2016-12-08","2016-11-01","/HCA//l5a7/R8eac+Xr29hhwmbAVSKSVq2h3rZw2jjI=","NEON.BET.D13.000283","AMAALP","Amara alpina","species",,"Paykull",,,,"XZoPj1u9UmznO7Lakic/e+h3MMLMvbQt","a/0SlN26fEuP6UaIdvPv8XTR4wP1QaRoaGwryJzzg3M=",
"a3f15bf2-6256-4df1-b370-02b646377054","NIWO_002.basePlot.bet","D13","NIWO","NIWO_002","S","2015-07-14","2015-07-28","2016-12-09","2016-10-28","Yxxla30BRinFv45w6Vr3F4jmMeUXwcmRrZxmEYo6u2s=","NEON.BET.D13.000398","NOTDIR","Notiophilus directus","species",,"Casey",,,,"XZoPj1u9UmznO7Lakic/e+h3MMLMvbQt","a/0SlN26fEuP6UaIdvPv8XTR4wP1QaRoaGwryJzzg3M=",
"5794ba9f-c55b-44a4-bb29-3861f8b8380b","NIWO_002.basePlot.bet","D13","NIWO","NIWO_002","N","2015-07-14","2015-07-28","2016-12-05","2016-10-28","Yxxla30BRilk/hATSF9Ypuchl05XTJqW9rh3Xef8fPQ=","NEON.BET.D13.000107","CALADV","Calathus advena","species",,"LeConte",,,,"XZoPj1u9UmznO7Lakic/e+h3MMLMvbQt","s/lmw0PcTzR4Bmy/yhclYeu7XYLZW004",
"0c2018e5-6bde-4bc0-826d-857dbaa10db5","NIWO_004.basePlot.bet","D13","NIWO","NIWO_004","N","2015-07-14","2015-07-28","2016-12-12","2016-11-11","aRw+8bWvW/xB0g5tp1LHGV84141Lia9TtdUky5pe9G0=","NEON.BET.D13.000448","HARSP7","Harpalus sp.","genus",,"Latreille","D13.2015.MorphH",,,"s/lmw0PcTzR4Bmy/yhclYeu7XYLZW004","s/lmw0PcTzR4Bmy/yhclYeu7XYLZW004",
"43fee6bc-6364-46ad-b608-2c52fc7257ee","NIWO_004.basePlot.bet","D13","NIWO","NIWO_004","N","2015-07-14","2015-07-28","2016-12-12","2016-11-11","aRw+8bWvW/xB0g5tp1LHGV84141Lia9TtdUky5pe9G0=","NEON.BET.D13.000449","HARSP7","Harpalus sp.","genus",,"Latreille","D13.2015.MorphH",,,"s/lmw0PcTzR4Bmy/yhclYeu7XYLZW004","s/lmw0PcTzR4Bmy/yhclYeu7XYLZW004",
"60b7f7c8-ef84-47d8-828f-7725e8f21141","NIWO_009.basePlot.bet","D13","NIWO","NIWO_009","N","2015-07-14","2015-07-28","2016-12-08","2016-11-07","ta53RQUlpj4uM1+qziUharGcclkaeGwr1ZtOegVfgs8=","NEON.BET.D13.000312","OTHE","Carabidae sp.","family",,"Latreille","D13.2015.MorphO",,,"XZoPj1u9UmznO7Lakic/e+h3MMLMvbQt","s/lmw0PcTzR4Bmy/yhclYeu7XYLZW004",
"32ac58f9-a85e-4e76-8ca7-b955f78ab630","NIWO_006.basePlot.bet","D13","NIWO","NIWO_006","E","2015-07-14","2015-07-28","2016-12-09","2016-11-01","/HCA//l5a7/R8eac+Xr29jGXLZLP+KVF1KzQe9C+W8U=","NEON.BET.D13.000409","AMASIN","Amara sinuosa","species",,"Casey",,,,"XZoPj1u9UmznO7Lakic/e+h3MMLMvbQt","a/0SlN26fEuP6UaIdvPv8XTR4wP1QaRoaGwryJzzg3M=",
"053907ce-983c-4002-975e-e5055b1febad","NIWO_001.basePlot.bet","D13","NIWO","NIWO_001","S","2015-07-14","2015-07-28","2016-12-05","2016-10-24","fp9n17d9YyHDV4GhMX9L5HCz13v7aa3AtZ9rozJVPlg=","NEON.BET.D13.000104","CALADV","Calathus advena","species",,"LeConte",,,,"XZoPj1u9UmznO7Lakic/e+h3MMLMvbQt","s/lmw0PcTzR4Bmy/yhclYeu7XYLZW004",
"3032fb3c-d88b-4864-9861-41ec7caba592","NIWO_001.basePlot.bet","D13","NIWO","NIWO_001","S","2015-07-14","2015-07-28","2016-12-05","2016-10-24","fp9n17d9YyHDV4GhMX9L5HCz13v7aa3AtZ9rozJVPlg=","NEON.BET.D13.000094","CALADV","Calathus advena","species",,"LeConte",,,,"XZoPj1u9UmznO7Lakic/e+h3MMLMvbQt","s/lmw0PcTzR4Bmy/yhclYeu7XYLZW004",
"cac36b51-91bc-43a6-a62d-5f6455ceb06a","NIWO_006.basePlot.bet","D13","NIWO","NIWO_006","N","2015-07-14","2015-07-28","2016-12-07","2016-11-01","/HCA//l5a79y9FQni434gzb9SakA9wIAGpwfJ8lkzPw=","NEON.BET.D13.000236","CYMUNI1","Cymindis unicolor","species",,"Kirby",,,,"s/lmw0PcTzR4Bmy/yhclYeu7XYLZW004","s/lmw0PcTzR4Bmy/yhclYeu7XYLZW004",
"6ab5f1e1-4a10-4524-b251-d73e1a0d9e16","NIWO_007.basePlot.bet","D13","NIWO","NIWO_007","S","2015-07-14","2015-07-28","2016-12-05","2016-11-02","S04lt30Ahx9lCmMDYRy7y7re476p8rqFAcJxA78PlR8=","NEON.BET.D13.000118","CALADV","Calathus advena","species",,"LeConte",,,,"XZoPj1u9UmznO7Lakic/e+h3MMLMvbQt","s/lmw0PcTzR4Bmy/yhclYeu7XYLZW004",
"61c103c4-4653-47b6-a31a-6cde47c321d7","NIWO_007.basePlot.bet","D13","NIWO","NIWO_007","S","2015-07-14","2015-07-28","2016-12-05","2016-11-02","S04lt30Ahx9lCmMDYRy7y7re476p8rqFAcJxA78PlR8=","NEON.BET.D13.000119","CALADV","Calathus advena","species",,"LeConte",,,,"XZoPj1u9UmznO7Lakic/e+h3MMLMvbQt","s/lmw0PcTzR4Bmy/yhclYeu7XYLZW004",
"f3a06678-2945-4ae6-b7fd-29b07bc0642b","NIWO_010.basePlot.bet","D13","NIWO","NIWO_010","E","2015-07-14","2015-07-28","2016-12-01","2016-11-07","SpCPEqaS8lQwXJB9DO/O4/a3RlFl/qspfI3BRkb39/8=","NEON.BET.D13.000020","OTHE","Carabidae sp.","family",,"Latreille","D13.2015.MorphO",,,"s/lmw0PcTzR4Bmy/yhclYeu7XYLZW004","s/lmw0PcTzR4Bmy/yhclYeu7XYLZW004",
"9b7175d4-a90a-4b9e-99f9-357378e81f37","NIWO_009.basePlot.bet","D13","NIWO","NIWO_009","E","2015-07-14","2015-07-28","2016-12-05","2016-11-07","ta53RQUlpj4ghU5Z94I+HcJ1rveIkzfO5xR7aePvj2c=","NEON.BET.D13.000125","CALADV","Calathus advena","species",,"LeConte",,,,"s/lmw0PcTzR4Bmy/yhclYeu7XYLZW004","s/lmw0PcTzR4Bmy/yhclYeu7XYLZW004",
"50e09f89-d4bb-43c5-8d25-43b1178315d2","NIWO_001.basePlot.bet","D13","NIWO","NIWO_001","S","2015-07-14","2015-07-28","2016-12-08","2016-10-24","fp9n17d9YyHDV4GhMX9L5O83itr7b9sc0hd9rv9Hvv8=","NEON.BET.D13.000295","CYMUNI1","Cymindis unicolor","species",,"Kirby",,,,"XZoPj1u9UmznO7Lakic/e+h3MMLMvbQt","s/lmw0PcTzR4Bmy/yhclYeu7XYLZW004","Right hind leg glued back on"
"045293e8-521d-4f2d-a30c-28a335d14e27","NIWO_003.basePlot.bet","D13","NIWO","NIWO_003","N","2015-07-14","2015-07-28","2016-12-07","2016-10-28","ZRQ9gNwmgymIPtZS12an+079lF0r2lnaoLHEml/s3jA=","NEON.BET.D13.000202","CARTAE","Carabus taedatus","species",,"Fabricius",,,,"s/lmw0PcTzR4Bmy/yhclYeu7XYLZW004","s/lmw0PcTzR4Bmy/yhclYeu7XYLZW004",
"41944448-c410-4cdd-b7d6-861e1386cdbc","NIWO_003.basePlot.bet","D13","NIWO","NIWO_003","S","2015-07-14","2015-07-28","2016-12-12","2016-10-28","ZRQ9gNwmgykmJ0A4JTWHpPjR3MohBx+iMRPx2WSS2W4=","NEON.BET.D13.000416","AMAQUE","Amara quenseli quenseli","subspecies",,"Schonherr",,,,"s/lmw0PcTzR4Bmy/yhclYeu7XYLZW004","a/0SlN26fEuP6UaIdvPv8XTR4wP1QaRoaGwryJzzg3M=",
"7a6739c6-1d16-4b20-bed2-962870b1b4c1","NIWO_009.basePlot.bet","D13","NIWO","NIWO_009","W","2015-07-14","2015-07-28","2016-12-08","2016-11-02","ta53RQUlpj50LdnQTRdA6BWIeiYVV/ZiLXDh+fIaZ2A=","NEON.BET.D13.000311","OTHE","Carabidae sp.","family",,"Latreille","D13.2015.MorphO",,,"s/lmw0PcTzR4Bmy/yhclYeu7XYLZW004","s/lmw0PcTzR4Bmy/yhclYeu7XYLZW004",
"89947494-622e-426c-8f27-cbb45630160b","NIWO_002.basePlot.bet","D13","NIWO","NIWO_002","N","2015-07-14","2015-07-28","2016-12-09","2016-10-28","Yxxla30BRilk/hATSF9YpsPM49B6WfDZJi+Sb6za0UI=","NEON.BET.D13.000399","NOTDIR","Notiophilus directus","species",,"Casey",,,,"XZoPj1u9UmznO7Lakic/e+h3MMLMvbQt","a/0SlN26fEuP6UaIdvPv8XTR4wP1QaRoaGwryJzzg3M=",
"f9282702-8734-46aa-8eba-97d12603fd57","NIWO_002.basePlot.bet","D13","NIWO","NIWO_002","N","2015-07-14","2015-07-28","2016-12-09","2016-10-28","Yxxla30BRilk/hATSF9YpsPM49B6WfDZJi+Sb6za0UI=","NEON.BET.D13.000401","NOTDIR","Notiophilus directus","species",,"Casey",,,,"XZoPj1u9UmznO7Lakic/e+h3MMLMvbQt","a/0SlN26fEuP6UaIdvPv8XTR4wP1QaRoaGwryJzzg3M=",
"5699119d-d77f-4e85-ab90-22bd27844d20","NIWO_008.basePlot.bet","D13","NIWO","NIWO_008","W","2015-07-14","2015-07-28","2016-12-01","2016-11-07","5+aRVO2c2a7tyUr5BvACjNZkE8lqXqqnL56ePRQS7pg=","NEON.BET.D13.000100","CARTAE","Carabus taedatus","species",,"Fabricius",,,,"s/lmw0PcTzR4Bmy/yhclYeu7XYLZW004","eZBb/7/JoE0nN0JfuHxguqVpFay9AoVo",
"f924f4aa-eada-422f-88ed-f30b1d97593f","NIWO_002.basePlot.bet","D13","NIWO","NIWO_002","N","2015-07-14","2015-07-28","2016-12-09","2016-10-28","Yxxla30BRilk/hATSF9YpsPM49B6WfDZJi+Sb6za0UI=","NEON.BET.D13.000402","NOTDIR","Notiophilus directus","species",,"Casey",,,,"XZoPj1u9UmznO7Lakic/e+h3MMLMvbQt","a/0SlN26fEuP6UaIdvPv8XTR4wP1QaRoaGwryJzzg3M=",
"645bf2f9-9683-4c23-8505-283692515cdd","NIWO_002.basePlot.bet","D13","NIWO","NIWO_002","N","2015-07-14","2015-07-28","2016-12-09","2016-10-28","Yxxla30BRilk/hATSF9YpsPM49B6WfDZJi+Sb6za0UI=","NEON.BET.D13.000400","NOTDIR","Notiophilus directus","species",,"Casey",,,,"XZoPj1u9UmznO7Lakic/e+h3MMLMvbQt","a/0SlN26fEuP6UaIdvPv8XTR4wP1QaRoaGwryJzzg3M=",
"4bfbea23-18ba-4324-84a5-2f59bcfbb1d9","NIWO_006.basePlot.bet","D13","NIWO","NIWO_006","S","2015-07-14","2015-07-28","2016-12-08","2016-11-02","/HCA//l5a79xspR2rESkgOGNqmc7N6lI1AirEyS0tzQ=","NEON.BET.D13.000284","AMAALP","Amara alpina","species",,"Paykull",,,,"s/lmw0PcTzR4Bmy/yhclYeu7XYLZW004","a/0SlN26fEuP6UaIdvPv8XTR4wP1QaRoaGwryJzzg3M=",
"09871cd7-3e19-417d-9779-d35b9c5dcb42","NIWO_006.basePlot.bet","D13","NIWO","NIWO_006","S","2015-07-14","2015-07-28","2016-12-09","2016-11-01","/HCA//l5a79xspR2rESkgHj2PylRDkBDJD6pSiTDegs=","NEON.BET.D13.000383","CYMCRI","Cymindis cribricollis","species",,"Dejean",,,,"s/lmw0PcTzR4Bmy/yhclYeu7XYLZW004","s/lmw0PcTzR4Bmy/yhclYeu7XYLZW004",
"db0152ce-353e-4e5f-8c23-f6c71b9442f0","NIWO_010.basePlot.bet","D13","NIWO","NIWO_010","S","2015-07-14","2015-07-28","2016-12-01","2016-11-07","SpCPEqaS8lSDVwpWIb8p3l63U72BfRv14q2AZ66NeqY=","NEON.BET.D13.000021","OTHE","Carabidae sp.","family",,"Latreille","D13.2015.MorphO",,,"s/lmw0PcTzR4Bmy/yhclYeu7XYLZW004","s/lmw0PcTzR4Bmy/yhclYeu7XYLZW004",
"d49e292f-abaf-43f3-9923-3b0ed3d2be14","NIWO_009.basePlot.bet","D13","NIWO","NIWO_009","S","2015-07-14","2015-07-28","2016-12-05","2016-11-07","ta53RQUlpj5UBMvJyahkRWljqDU52+GsGZtlZwZh0tw=","NEON.BET.D13.000130","CALADV","Calathus advena","species",,"LeConte",,,,"XZoPj1u9UmznO7Lakic/e+h3MMLMvbQt","s/lmw0PcTzR4Bmy/yhclYeu7XYLZW004",
"44137042-25d8-4cc2-9d62-938199ff4737","NIWO_009.basePlot.bet","D13","NIWO","NIWO_009","S","2015-07-14","2015-07-28","2016-12-05","2016-11-07","ta53RQUlpj5UBMvJyahkRWljqDU52+GsGZtlZwZh0tw=","NEON.BET.D13.000129","CALADV","Calathus advena","species",,"LeConte",,,,"XZoPj1u9UmznO7Lakic/e+h3MMLMvbQt","s/lmw0PcTzR4Bmy/yhclYeu7XYLZW004",
"dce1f560-6b92-44e5-ad60-ac14bcc466fb","NIWO_009.basePlot.bet","D13","NIWO","NIWO_009","E","2015-07-14","2015-07-28","2016-12-08","2016-11-07","ta53RQUlpj4ghU5Z94I+HdD7Yo9zc1C4JxEcpXjWtRU=","NEON.BET.D13.000313","OTHE","Carabidae sp.","family",,"Latreille","D13.2015.MorphO",,,"s/lmw0PcTzR4Bmy/yhclYeu7XYLZW004","s/lmw0PcTzR4Bmy/yhclYeu7XYLZW004",
"60f56756-e890-4769-acc3-a8f3cbc89cb1","NIWO_003.basePlot.bet","D13","NIWO","NIWO_003","N","2015-07-14","2015-07-28","2016-12-12","2016-10-28","ZRQ9gNwmgymIPtZS12an+54ulSz7cd7SRzQZeSXQPMs=","NEON.BET.D13.000414","AMAQUE","Amara quenseli quenseli","subspecies",,"Schonherr",,,,"s/lmw0PcTzR4Bmy/yhclYeu7XYLZW004","a/0SlN26fEuP6UaIdvPv8XTR4wP1QaRoaGwryJzzg3M=",
"3e7a9fb6-eeec-47e8-b0db-6360603743e1","NIWO_003.basePlot.bet","D13","NIWO","NIWO_003","N","2015-07-14","2015-07-28","2016-12-12","2016-10-28","ZRQ9gNwmgymIPtZS12an+54ulSz7cd7SRzQZeSXQPMs=","NEON.BET.D13.000411","AMAQUE","Amara quenseli quenseli","subspecies",,"Schonherr",,,,"s/lmw0PcTzR4Bmy/yhclYeu7XYLZW004","a/0SlN26fEuP6UaIdvPv8XTR4wP1QaRoaGwryJzzg3M=",
"5736739d-f6e5-47ce-bff6-d7ddeb9f777c","NIWO_003.basePlot.bet","D13","NIWO","NIWO_003","N","2015-07-14","2015-07-28","2016-12-12","2016-10-28","ZRQ9gNwmgymIPtZS12an+54ulSz7cd7SRzQZeSXQPMs=","NEON.BET.D13.000413","AMAQUE","Amara quenseli quenseli","subspecies",,"Schonherr",,,,"s/lmw0PcTzR4Bmy/yhclYeu7XYLZW004","a/0SlN26fEuP6UaIdvPv8XTR4wP1QaRoaGwryJzzg3M=",
"288912ee-2d9d-4c7d-acf9-d3e4afb5e9c2","NIWO_003.basePlot.bet","D13","NIWO","NIWO_003","N","2015-07-14","2015-07-28","2016-12-12","2016-10-28","ZRQ9gNwmgymIPtZS12an+54ulSz7cd7SRzQZeSXQPMs=","NEON.BET.D13.000412","AMAQUE","Amara quenseli quenseli","subspecies",,"Schonherr",,,,"s/lmw0PcTzR4Bmy/yhclYeu7XYLZW004","a/0SlN26fEuP6UaIdvPv8XTR4wP1QaRoaGwryJzzg3M=",
"3950e987-5fc7-4a03-a371-21bb67b4cf97","NIWO_004.basePlot.bet","D13","NIWO","NIWO_004","N","2015-07-14","2015-07-28","2016-12-08","2016-10-31","aRw+8bWvW/xB0g5tp1LHGW/hlQyHYVv0RuEUtnHV8mw=","NEON.BET.D13.000292","OTHE","Carabidae sp.","family",,"Latreille","D13.2015.MorphO",,,"s/lmw0PcTzR4Bmy/yhclYeu7XYLZW004","s/lmw0PcTzR4Bmy/yhclYeu7XYLZW004",
"59bb9559-6cae-4e0c-b2bc-f2f527e8d620","NIWO_008.basePlot.bet","D13","NIWO","NIWO_008","W","2015-07-14","2015-07-28","2016-12-12","2016-11-07","5+aRVO2c2a7tyUr5BvACjP42EyF3WFAGhtFHDvSlUvQ=","NEON.BET.D13.000419","AMAQUE","Amara quenseli quenseli","subspecies",,"Schonherr",,,,"s/lmw0PcTzR4Bmy/yhclYeu7XYLZW004","a/0SlN26fEuP6UaIdvPv8XTR4wP1QaRoaGwryJzzg3M=",
"ee86e94e-234c-41e4-a1c0-822537d2ae8c","NIWO_005.basePlot.bet","D13","NIWO","NIWO_005","E","2015-07-14","2015-07-28","2016-12-05","2016-11-01","06Y8b7qnWrtrUXq6Cek0DJYwr/H3kt5UCaW8icLonPE=","NEON.BET.D13.000111","CALADV","Calathus advena","species",,"LeConte",,,,"XZoPj1u9UmznO7Lakic/e+h3MMLMvbQt","s/lmw0PcTzR4Bmy/yhclYeu7XYLZW004",
"f2af124c-fc50-4512-a00e-f89928986eef","NIWO_002.basePlot.bet","D13","NIWO","NIWO_002","S","2015-07-14","2015-07-28","2016-12-02","2016-10-28","Yxxla30BRinFv45w6Vr3F4PJMCrodauhR/CW56RWLj0=","NEON.BET.D13.000035","OTHE","Carabidae sp.","family",,"Latreille","D13.2015.MorphO",,,"XZoPj1u9UmznO7Lakic/e+h3MMLMvbQt","s/lmw0PcTzR4Bmy/yhclYeu7XYLZW004",
"a6fc06ec-e0f7-4c7d-b1a2-54fc51ae529a","NIWO_008.basePlot.bet","D13","NIWO","NIWO_008","N","2015-07-14","2015-07-28","2016-12-01","2016-11-07","5+aRVO2c2a6I5g93LOKgRnqBP/hz0UcRCsZMCAgeEdQ=","NEON.BET.D13.000099","CARTAE","Carabus taedatus","species",,"Fabricius",,,,"XZoPj1u9UmznO7Lakic/e+h3MMLMvbQt","eZBb/7/JoE0nN0JfuHxguqVpFay9AoVo",
"c88187b5-18d9-4c7d-ae39-1456f584e12b","NIWO_010.basePlot.bet","D13","NIWO","NIWO_010","W","2015-07-14","2015-07-28","2016-12-07","2016-11-07","SpCPEqaS8lRCWHMNC5CpgNBCuX3YJZBqDZfA9a20mrg=","NEON.BET.D13.000211","CYMUNI1","Cymindis unicolor","species",,"Kirby",,,,"XZoPj1u9UmznO7Lakic/e+h3MMLMvbQt","s/lmw0PcTzR4Bmy/yhclYeu7XYLZW004",
"c2190bc4-325a-43e3-9a48-1daf0727b04a","NIWO_009.basePlot.bet","D13","NIWO","NIWO_009","W","2015-07-14","2015-07-28","2016-12-05","2016-11-02","ta53RQUlpj50LdnQTRdA6HxaGsP2B4yJmpxUWVCCdYc=","NEON.BET.D13.000123","CALADV","Calathus advena","species",,"LeConte",,,,"s/lmw0PcTzR4Bmy/yhclYeu7XYLZW004","s/lmw0PcTzR4Bmy/yhclYeu7XYLZW004",
"fdf22fb0-77a2-4165-8b05-5c33dec8ca3c","NIWO_007.basePlot.bet","D13","NIWO","NIWO_007","N","2015-07-14","2015-07-28","2016-12-07","2016-11-02","S04lt30Ahx+hs4bQv521KJvm1CIBj7VzR3ulD39mkCQ=","NEON.BET.D13.000237","CYMUNI1","Cymindis unicolor","species",,"Kirby",,,,"s/lmw0PcTzR4Bmy/yhclYeu7XYLZW004","s/lmw0PcTzR4Bmy/yhclYeu7XYLZW004",
"25250b03-23be-448e-a278-669d4e4e7694","NIWO_007.basePlot.bet","D13","NIWO","NIWO_007","N","2015-07-14","2015-07-28","2016-12-05","2016-11-02","S04lt30Ahx+hs4bQv521KCKwdWA4TFSjKzNkMbYqsI8=","NEON.BET.D13.000121","CALADV","Calathus advena","species",,"LeConte",,,,"s/lmw0PcTzR4Bmy/yhclYeu7XYLZW004","s/lmw0PcTzR4Bmy/yhclYeu7XYLZW004",
"729bbda2-779a-4868-944a-471666bda293","NIWO_007.basePlot.bet","D13","NIWO","NIWO_007","N","2015-07-14","2015-07-28","2016-12-05","2016-11-02","S04lt30Ahx+hs4bQv521KCKwdWA4TFSjKzNkMbYqsI8=","NEON.BET.D13.000120","CALADV","Calathus advena","species",,"LeConte",,,,"s/lmw0PcTzR4Bmy/yhclYeu7XYLZW004","s/lmw0PcTzR4Bmy/yhclYeu7XYLZW004",
"f56f23d7-c801-4194-af36-95ef2e9ce2a4","NIWO_007.basePlot.bet","D13","NIWO","NIWO_007","E","2015-07-14","2015-07-28","2016-12-05","2016-11-02","S04lt30Ahx8lo/Eol1ieZWVL7kzm1oF/3Wf8Nv75rKE=","NEON.BET.D13.000117","CALADV","Calathus advena","species",,"LeConte",,,,"XZoPj1u9UmznO7Lakic/e+h3MMLMvbQt","s/lmw0PcTzR4Bmy/yhclYeu7XYLZW004",
"e08ac28c-73c0-4cbb-8c07-febef1388554","NIWO_010.basePlot.bet","D13","NIWO","NIWO_010","S","2015-07-14","2015-07-28","2016-12-05","2016-11-07","SpCPEqaS8lSDVwpWIb8p3pwn6k+TO2q0Dd6tnKO+PM8=","NEON.BET.D13.000133","CALADV","Calathus advena","species",,"LeConte",,,,"s/lmw0PcTzR4Bmy/yhclYeu7XYLZW004","s/lmw0PcTzR4Bmy/yhclYeu7XYLZW004",
"3ef31c31-7566-4be0-b986-4245cf5e1861","NIWO_007.basePlot.bet","D13","NIWO","NIWO_007","S","2015-07-14","2015-07-28","2016-12-08","2016-11-02","S04lt30Ahx9lCmMDYRy7y2bVDP3kjsPc1aSJ5bLZlXk=","NEON.BET.D13.000309","OTHE","Carabidae sp.","family",,"Latreille","D13.2015.MorphO",,,"XZoPj1u9UmznO7Lakic/e+h3MMLMvbQt","s/lmw0PcTzR4Bmy/yhclYeu7XYLZW004",
"1fd748ce-5e04-4d27-bd16-c11657e3ee0f","NIWO_007.basePlot.bet","D13","NIWO","NIWO_007","E","2015-07-14","2015-07-28","2016-12-05","2016-11-02","S04lt30Ahx8lo/Eol1ieZWVL7kzm1oF/3Wf8Nv75rKE=","NEON.BET.D13.000116","CALADV","Calathus advena","species",,"LeConte",,,,"XZoPj1u9UmznO7Lakic/e+h3MMLMvbQt","s/lmw0PcTzR4Bmy/yhclYeu7XYLZW004",
"6cb2dc7f-b8a1-4b70-94a2-cc92c83c12ab","NIWO_006.basePlot.bet","D13","NIWO","NIWO_006","N","2015-07-14","2015-07-28","2016-12-01","2016-11-01","/HCA//l5a79y9FQni434g4hBPAYRAG6DJiNq/mP5PWY=","NEON.BET.D13.000095","CARTAE","Carabus taedatus","species",,"Fabricius",,,,"s/lmw0PcTzR4Bmy/yhclYeu7XYLZW004","eZBb/7/JoE0nN0JfuHxguqVpFay9AoVo",
"b3047d27-cd25-4fd1-902c-5b2423dfb4af","NIWO_010.basePlot.bet","D13","NIWO","NIWO_010","S","2015-07-14","2015-07-28","2016-12-05","2016-11-07","SpCPEqaS8lSDVwpWIb8p3pwn6k+TO2q0Dd6tnKO+PM8=","NEON.BET.D13.000134","CALADV","Calathus advena","species",,"LeConte",,,,"s/lmw0PcTzR4Bmy/yhclYeu7XYLZW004","s/lmw0PcTzR4Bmy/yhclYeu7XYLZW004",
"e723aaaf-5543-4009-ba50-b1028eafbf70","NIWO_003.basePlot.bet","D13","NIWO","NIWO_003","W","2015-07-14","2015-07-28","2016-12-02","2016-10-24","ZRQ9gNwmgylLFtb2kQGvQzpITznEaHVmWfqrFPTNZ4M=","NEON.BET.D13.000038","AMAQUE","Amara quenseli quenseli","subspecies",,"Schonherr",,,,"s/lmw0PcTzR4Bmy/yhclYeu7XYLZW004","s/lmw0PcTzR4Bmy/yhclYeu7XYLZW004",
"1c369e90-7f22-4f07-8222-5744204f2c87","NIWO_006.basePlot.bet","D13","NIWO","NIWO_006","N","2015-07-14","2015-07-28","2016-12-01","2016-11-01","/HCA//l5a79y9FQni434g4hBPAYRAG6DJiNq/mP5PWY=","NEON.BET.D13.000096","CARTAE","Carabus taedatus","species",,"Fabricius",,,,"s/lmw0PcTzR4Bmy/yhclYeu7XYLZW004","eZBb/7/JoE0nN0JfuHxguqVpFay9AoVo",
"e9bfee52-bb94-4f9d-8918-cffa6b6be387","NIWO_003.basePlot.bet","D13","NIWO","NIWO_003","W","2015-07-14","2015-07-28","2016-12-02","2016-10-24","ZRQ9gNwmgylLFtb2kQGvQzpITznEaHVmWfqrFPTNZ4M=","NEON.BET.D13.000039","AMAQUE","Amara quenseli quenseli","subspecies",,"Schonherr",,,,"s/lmw0PcTzR4Bmy/yhclYeu7XYLZW004","s/lmw0PcTzR4Bmy/yhclYeu7XYLZW004",
"ebd6b00d-b5a2-449f-9740-ffc84dbf5df2","NIWO_003.basePlot.bet","D13","NIWO","NIWO_003","W","2015-07-14","2015-07-28","2016-12-02","2016-10-24","ZRQ9gNwmgylLFtb2kQGvQzpITznEaHVmWfqrFPTNZ4M=","NEON.BET.D13.000036","AMAQUE","Amara quenseli quenseli","subspecies",,"Schonherr",,,,"s/lmw0PcTzR4Bmy/yhclYeu7XYLZW004","s/lmw0PcTzR4Bmy/yhclYeu7XYLZW004",
"a533f700-618f-447f-b220-5af27c1be805","NIWO_003.basePlot.bet","D13","NIWO","NIWO_003","W","2015-07-14","2015-07-28","2016-12-02","2016-10-24","ZRQ9gNwmgylLFtb2kQGvQzpITznEaHVmWfqrFPTNZ4M=","NEON.BET.D13.000037","AMAQUE","Amara quenseli quenseli","subspecies",,"Schonherr",,,,"s/lmw0PcTzR4Bmy/yhclYeu7XYLZW004","s/lmw0PcTzR4Bmy/yhclYeu7XYLZW004",
"eadac803-885e-4127-a11f-937bcca65f12","NIWO_005.basePlot.bet","D13","NIWO","NIWO_005","S","2015-07-14","2015-07-28","2016-12-07","2016-11-01","06Y8b7qnWrvNpkaT/gWkNtSNffHUjsvMP5EpLfOkkDo=","NEON.BET.D13.000234","CYMUNI1","Cymindis unicolor","species",,"Kirby",,,,"XZoPj1u9UmznO7Lakic/e+h3MMLMvbQt","s/lmw0PcTzR4Bmy/yhclYeu7XYLZW004",
"edc38f0f-bd32-4fc5-9b9f-1e7832610839","NIWO_004.basePlot.bet","D13","NIWO","NIWO_004","N","2015-07-14","2015-07-28","2016-12-09","2016-10-31","aRw+8bWvW/xB0g5tp1LHGVJuQkivufHrEStz7KZwR2Y=","NEON.BET.D13.000405","SYNAME","Syntomus americanus","species",,"Dejean",,,,"s/lmw0PcTzR4Bmy/yhclYeu7XYLZW004","a/0SlN26fEuP6UaIdvPv8XTR4wP1QaRoaGwryJzzg3M=",
"72a19f74-d829-447b-8a0c-24005cabb2df","NIWO_008.basePlot.bet","D13","NIWO","NIWO_008","E","2015-07-14","2015-07-28","2016-12-09","2016-11-07","5+aRVO2c2a7Ju/6v8LE/pDa/upT42k+3CEyOwfRd/dc=","NEON.BET.D13.000350","AMAALP","Amara alpina","species",,"Paykull",,,,"XZoPj1u9UmznO7Lakic/e+h3MMLMvbQt","a/0SlN26fEuP6UaIdvPv8XTR4wP1QaRoaGwryJzzg3M=",
"01cda662-ecbb-49e6-bddb-12e1d019d942","NIWO_002.basePlot.bet","D13","NIWO","NIWO_002","W","2015-07-14","2015-07-28","2016-12-08","2016-10-31","Yxxla30BRinMShdElcd2E4+4jCR1bQkVPh/h1qf2ivA=","NEON.BET.D13.000297","OTHE","Carabidae sp.","family",,"Latreille","D13.2015.MorphO",,,"XZoPj1u9UmznO7Lakic/e+h3MMLMvbQt","s/lmw0PcTzR4Bmy/yhclYeu7XYLZW004",
"82460b05-efb0-4abe-afe6-081917cf2fbb","NIWO_005.basePlot.bet","D13","NIWO","NIWO_005","W","2015-07-14","2015-07-28","2016-12-08","2016-11-01","06Y8b7qnWrtXKYveLFBULHiAQC0zSEgPWClRWhty44k=","NEON.BET.D13.000308","OTHE","Carabidae sp.","family",,"Latreille","D13.2015.MorphO",,,"XZoPj1u9UmznO7Lakic/e+h3MMLMvbQt","s/lmw0PcTzR4Bmy/yhclYeu7XYLZW004",
"3f82612a-afc8-4572-9719-c1aa70687391","NIWO_005.basePlot.bet","D13","NIWO","NIWO_005","N","2015-07-14","2015-07-28","2016-12-08","2016-10-31","06Y8b7qnWrtKMYVGHYy4+s21iOAUwdcslMqN1K6S1Nw=","NEON.BET.D13.000291","OTHE","Carabidae sp.","family",,"Latreille","D13.2015.MorphO",,,"XZoPj1u9UmznO7Lakic/e+h3MMLMvbQt","s/lmw0PcTzR4Bmy/yhclYeu7XYLZW004",
"741eed18-85c2-45e2-9751-1ec1228527c5","NIWO_005.basePlot.bet","D13","NIWO","NIWO_005","W","2015-07-14","2015-07-28","2016-12-05","2016-11-01","06Y8b7qnWrtXKYveLFBULBCTmdUyum2TUTcWiF5e5vg=","NEON.BET.D13.000115","CALADV","Calathus advena","species",,"LeConte",,,,"XZoPj1u9UmznO7Lakic/e+h3MMLMvbQt","s/lmw0PcTzR4Bmy/yhclYeu7XYLZW004",
"20f066df-9268-40ca-9ae6-c1297ab6e555","NIWO_005.basePlot.bet","D13","NIWO","NIWO_005","W","2015-07-14","2015-07-28","2016-12-05","2016-11-01","06Y8b7qnWrtXKYveLFBULBCTmdUyum2TUTcWiF5e5vg=","NEON.BET.D13.000114","CALADV","Calathus advena","species",,"LeConte",,,,"XZoPj1u9UmznO7Lakic/e+h3MMLMvbQt","s/lmw0PcTzR4Bmy/yhclYeu7XYLZW004",
"b67ac6f3-641d-4edd-b69a-b0c33d1020b3","NIWO_005.basePlot.bet","D13","NIWO","NIWO_005","N","2015-07-14","2015-07-28","2016-12-01","2016-10-31","06Y8b7qnWrtKMYVGHYy4+nbDm8M0SEjcD7EGdOv5M2M=","NEON.BET.D13.000102","CALADV","Calathus advena","species",,"LeConte",,,,"XZoPj1u9UmznO7Lakic/e+h3MMLMvbQt","eZBb/7/JoE0nN0JfuHxguqVpFay9AoVo",
"9db67fa9-5399-45c8-8c8d-6565076f91ac","NIWO_008.basePlot.bet","D13","NIWO","NIWO_008","S","2015-07-14","2015-07-28","2016-12-03","2016-11-07","5+aRVO2c2a4fZXmRIIT3KfUnYw8MNlzxhCy4sx+ls/A=","NEON.BET.D13.000199","CARTAE","Carabus taedatus","species",,"Fabricius",,,,"s/lmw0PcTzR4Bmy/yhclYeu7XYLZW004","s/lmw0PcTzR4Bmy/yhclYeu7XYLZW004",
"746a3bb0-f493-4d0a-b506-c5194439c858","NIWO_006.basePlot.bet","D13","NIWO","NIWO_006","W","2015-07-14","2015-07-28","2016-12-01","2016-11-02","/HCA//l5a79/ynE56xJylIbii6t+yWgIvD1eN/dcTtw=","NEON.BET.D13.000098","CARTAE","Carabus taedatus","species",,"Fabricius",,,,"s/lmw0PcTzR4Bmy/yhclYeu7XYLZW004","eZBb/7/JoE0nN0JfuHxguqVpFay9AoVo",
"91148c2a-c272-419d-9c89-cf0ed73016d7","NIWO_010.basePlot.bet","D13","NIWO","NIWO_010","N","2015-07-14","2015-07-28","2016-12-01","2016-11-07","SpCPEqaS8lRPG9/1jERgKU31X5s0kSpuMz0CdATWAaA=","NEON.BET.D13.000018","OTHE","Carabidae sp.","family",,"Latreille","D13.2015.MorphO",,,"s/lmw0PcTzR4Bmy/yhclYeu7XYLZW004","s/lmw0PcTzR4Bmy/yhclYeu7XYLZW004",
"3fd0f0af-a05a-4a36-9108-31f49eae6da2","NIWO_003.basePlot.bet","D13","NIWO","NIWO_003","E","2015-07-14","2015-07-28","2016-12-02","2016-10-28","ZRQ9gNwmgynu1ZgrUyHHagcGKJmH7lj7Y7X4FgeDnyA=","NEON.BET.D13.000040","CARTAE","Carabus taedatus","species",,"Fabricius",,,,"s/lmw0PcTzR4Bmy/yhclYeu7XYLZW004","s/lmw0PcTzR4Bmy/yhclYeu7XYLZW004",
"300156f0-4756-4ecc-9f07-8c6fa4dd57b2","NIWO_001.basePlot.bet","D13","NIWO","NIWO_001","S","2015-07-14","2015-07-28","2016-12-02","2016-10-24","fp9n17d9YyHDV4GhMX9L5MtnyBW54k4kgKSdXJhAED8=","NEON.BET.D13.000032","OTHE","Carabidae sp.","family",,"Latreille","D13.2015.MorphO",,,"XZoPj1u9UmznO7Lakic/e+h3MMLMvbQt","s/lmw0PcTzR4Bmy/yhclYeu7XYLZW004",
"fedbd7bb-bf26-4f12-ab1b-42f476ac57b3","NIWO_001.basePlot.bet","D13","NIWO","NIWO_001","W","2015-07-14","2015-07-28","2016-12-05","2016-10-26","fp9n17d9YyEhoHxM9Q6c8t0hi2i7lRRXu64rm9m4Vng=","NEON.BET.D13.000105","CALADV","Calathus advena","species",,"LeConte",,,,"s/lmw0PcTzR4Bmy/yhclYeu7XYLZW004","s/lmw0PcTzR4Bmy/yhclYeu7XYLZW004",
"f1f96547-04ad-422a-b9e7-a5f2c53a8f95","NIWO_006.basePlot.bet","D13","NIWO","NIWO_006","N","2015-07-14","2015-07-28","2016-12-08","2016-11-01","/HCA//l5a79y9FQni434g08oaexlWSfbHIlhGvQu6Nw=","NEON.BET.D13.000281","AMAALP","Amara alpina","species",,"Paykull",,,,"s/lmw0PcTzR4Bmy/yhclYeu7XYLZW004","a/0SlN26fEuP6UaIdvPv8XTR4wP1QaRoaGwryJzzg3M=",
"b4fe5aaa-5e26-4919-bf66-bf60e649e256","NIWO_006.basePlot.bet","D13","NIWO","NIWO_006","N","2015-07-14","2015-07-28","2016-12-08","2016-11-01","/HCA//l5a79y9FQni434g08oaexlWSfbHIlhGvQu6Nw=","NEON.BET.D13.000282","AMAALP","Amara alpina","species",,"Paykull",,,,"s/lmw0PcTzR4Bmy/yhclYeu7XYLZW004","a/0SlN26fEuP6UaIdvPv8XTR4wP1QaRoaGwryJzzg3M=",
"1dfcf683-1733-4d69-9a07-3ca7abb40e21","NIWO_007.basePlot.bet","D13","NIWO","NIWO_007","N","2015-07-14","2015-07-28","2016-12-08","2016-11-02","S04lt30Ahx+hs4bQv521KKT13lcQfQxH7IvWCfd3gKA=","NEON.BET.D13.000310","OTHE","Carabidae sp.","family",,"Latreille","D13.2015.MorphO",,,"s/lmw0PcTzR4Bmy/yhclYeu7XYLZW004","s/lmw0PcTzR4Bmy/yhclYeu7XYLZW004",
"b37e19d3-8a99-467a-9bcc-9a87521cab19","NIWO_007.basePlot.bet","D13","NIWO","NIWO_007","W","2015-07-14","2015-07-28","2016-12-07","2016-11-02","S04lt30Ahx8VQr1krxvtUOAf/7//blgfbdQFOJXh2WA=","NEON.BET.D13.000238","CYMUNI1","Cymindis unicolor","species",,"Kirby",,,,"XZoPj1u9UmznO7Lakic/e+h3MMLMvbQt","s/lmw0PcTzR4Bmy/yhclYeu7XYLZW004",
