uid,namedLocation,domainID,siteID,plotID,trapID,setDate,collectDate,processingDate,etOHChangeDate,identifiedDate,sampleID,subsampleID,sampleType,taxonID,scientificName,taxonRank,identificationQualifier,scientificNameAuthorship,morphospeciesID,individualCount,identificationReferences,identifiedBy,recordedBy,remarks
"0082e93b-2b78-4dfe-b4ea-d4480aad031b","DSNY_001.basePlot.bet","D03","DSNY","DSNY_001","E","2016-04-05","2016-04-19","2016-04-20","2016-04-28","2016-04-28","DSNY_001.E.20160419","bfz4aAWYKWXWAPL7d3cGfUGFrsJQvXDMaSJJY5TjLu4=","carabid","ANIHAP","Anisodactylus haplomus","species",,"Chaudoir",,1,"Teaching collection","PbNu4t/t/O1BAZriMiaA3VbsZD9KatgX","PbNu4t/t/O1BAZriMiaA3VbsZD9KatgX",
"633900ee-a6ad-49c7-8044-0d7ed210a4ce","DSNY_004.basePlot.bet","D03","DSNY","DSNY_004","E","2016-04-05","2016-04-19","2016-04-20","2016-05-10",,"DSNY_004.E.20160419","x1o6KrZYU4f/rjBvj4E2PmH7h/73cqKk5krB26sQvFI=","invert bycatch",,,,,,,,,,"NlgO4yYukiEfH53pk4IrTfFWx3u3U6kO",
"0ad2dddc-37c5-48ed-bf20-6edec93f0938","DSNY_004.basePlot.bet","D03","DSNY","DSNY_004","W","2016-04-05","2016-04-19","2016-04-20","2016-05-10",,"DSNY_004.W.20160419","x1o6KrZYU4ekJUAZLlEQqLrmUOQCZ+6gkqCBNKf+KNI=","invert bycatch",,,,,,,,,,"NlgO4yYukiEfH53pk4IrTfFWx3u3U6kO",
"c46fcf2b-6872-407e-ac54-4e412d433771","DSNY_008.basePlot.bet","D03","DSNY","DSNY_008","W","2016-04-05","2016-04-19","2016-04-19","2016-04-21","2016-04-21","DSNY_008.W.20160419","6sH74oxYjH2F5ODMN1R/ZCp+/WSnKM8LkeVd/QHaU1w=","carabid","SCAOCA","Scarites ocalensis","species",,"Nichols",,1,"Weed, Aaron. Preliminary key to the Pasimachus (Coleoptera: Carabidae: Scaritini) of Florida. http://www.entnemdept.ufl.edu/choate/pasimachus_florida.pdf","SZd6jJU+PWukgvziuyetpzviWNuM2FzT","SZd6jJU+PWukgvziuyetpzviWNuM2FzT",
"b9bcfcc4-f37f-442f-8cae-9199094764f9","DSNY_005.basePlot.bet","D03","DSNY","DSNY_005","W","2016-04-05","2016-04-19","2016-04-20","2016-04-25",,"DSNY_005.W.20160419","y7J40q9OwqJooyMOEUUoAPwZa6WfIETQFCbLo0D3JM8=","invert bycatch",,,,,,,,,,"PbNu4t/t/O1BAZriMiaA3VbsZD9KatgX",
"1ae64017-1ff1-40ee-8dcd-4b73b82a805a","DSNY_001.basePlot.bet","D03","DSNY","DSNY_001","W","2016-04-05","2016-04-19","2016-04-20","2016-04-28",,"DSNY_001.W.20160419","bfz4aAWYKWXhXRKcATkPqIBg5XCTeprvcMJvVdDQP1o=","invert bycatch",,,,,,,,,,"PbNu4t/t/O1BAZriMiaA3VbsZD9KatgX",
"4a8aa4bc-4ced-4209-b256-efe04c38064e","DSNY_034.basePlot.bet","D03","DSNY","DSNY_034","W","2016-04-05","2016-04-19","2016-04-20","2016-04-26",,"DSNY_034.W.20160419","hQVJPLsOMie4XC+3W1kaL/OoplomDuwQQ20YEnnJ3nQ=","invert bycatch",,,,,,,,,,"PbNu4t/t/O1BAZriMiaA3VbsZD9KatgX",
"1b5dbf1c-183e-4405-b12c-0a76c2868cf3","DSNY_016.basePlot.bet","D03","DSNY","DSNY_016","W","2016-04-05","2016-04-19","2016-04-20","2016-05-10",,"DSNY_016.W.20160419","d/dxr9yOJlOvizPSZYH9brdWdoYLSkF9ghhoF10IRHY=","invert bycatch",,,,,,,,,,"NlgO4yYukiEfH53pk4IrTfFWx3u3U6kO",
"110d2054-4c36-4724-b5db-83101eff3577","DSNY_034.basePlot.bet","D03","DSNY","DSNY_034","W","2016-04-05","2016-04-19","2016-04-20","2016-04-26","2016-04-26","DSNY_034.W.20160419","hQVJPLsOMie4XC+3W1kaL+s+A6B9IVmbo1dhKM24YJ4=","carabid","ELASP7","Elaphropus sp.","genus",,"Motschulsky",,1,"Teaching collection","PbNu4t/t/O1BAZriMiaA3VbsZD9KatgX","PbNu4t/t/O1BAZriMiaA3VbsZD9KatgX",
"79953b72-f203-4215-8fcd-db5e75f3a5a0","DSNY_008.basePlot.bet","D03","DSNY","DSNY_008","W","2016-04-05","2016-04-19","2016-04-19","2016-04-21",,"DSNY_008.W.20160419","6sH74oxYjH2F5ODMN1R/ZAs1zk3bKShv1PCWtdcx0cM=","invert bycatch",,,,,,,,,,"SZd6jJU+PWukgvziuyetpzviWNuM2FzT",
"0751a8c6-cd18-4048-9f56-180f84eecd7f","DSNY_006.basePlot.bet","D03","DSNY","DSNY_006","W","2016-04-05","2016-04-19","2016-04-20","2016-04-21",,"DSNY_006.W.20160419","cXYD/hAdAd+8hDor/jBivMErU+vaoAqQh4wucUtKnJE=","invert bycatch",,,,,,,,,,"PbNu4t/t/O1BAZriMiaA3VbsZD9KatgX",
"f1e695d0-c857-48eb-be56-12dbacbd8668","DSNY_016.basePlot.bet","D03","DSNY","DSNY_016","E","2016-04-05","2016-04-19","2016-04-20","2016-05-10",,"DSNY_016.E.20160419","d/dxr9yOJlM4hj4xqLUYOSdeUGKrNT0QnJxdPIuGj7A=","invert bycatch",,,,,,,,,,"NlgO4yYukiEfH53pk4IrTfFWx3u3U6kO",
"80e23445-3178-4bf2-a45b-08a1524f321c","DSNY_005.basePlot.bet","D03","DSNY","DSNY_005","E","2016-04-05","2016-04-19","2016-04-20","2016-04-25",,"DSNY_005.E.20160419","y7J40q9OwqJn/zm81WuRz48MA75a39TqDFpyPr3q+pY=","invert bycatch",,,,,,,,,,"PbNu4t/t/O1BAZriMiaA3VbsZD9KatgX",
"3ea426c4-650a-4379-87f8-92bb1b272b9e","DSNY_006.basePlot.bet","D03","DSNY","DSNY_006","E","2016-04-05","2016-04-19","2016-04-20","2016-04-21",,"DSNY_006.E.20160419","cXYD/hAdAd+N/jUI2lauJ/E5FeqfqEkiqm191EBavx0=","invert bycatch",,,,,,,,,,"PbNu4t/t/O1BAZriMiaA3VbsZD9KatgX",
"c5d2ca45-2989-44b3-9832-2fef566e5670","DSNY_008.basePlot.bet","D03","DSNY","DSNY_008","E","2016-04-05","2016-04-19","2016-04-19","2016-04-21",,"DSNY_008.E.20160419","6sH74oxYjH1GULE7SWZVGWLPSy5AgD2IcUkipsKhzM4=","invert bycatch",,,,,,,,,,"SZd6jJU+PWukgvziuyetpzviWNuM2FzT",
"da42a960-e8ed-4ab1-8e69-a66b160ed503","DSNY_010.basePlot.bet","D03","DSNY","DSNY_010","E","2016-04-05","2016-04-19","2016-04-19","2016-04-21","2016-04-21","DSNY_010.E.20160419","oS3vHQLyTHnLIhBSl799xatMZc33QI4+cUkS3/fe5Rs=","carabid","SCAOCA","Scarites ocalensis","species",,"Nichols",,1,"Weed, Aaron. Preliminary key to the Pasimachus (Coleoptera: Carabidae: Scaritini) of Florida. http://www.entnemdept.ufl.edu/choate/pasimachus_florida.pdf","q+sogNxuTpaaq3nt4H3feKdAxSnPr68l","SZd6jJU+PWukgvziuyetpzviWNuM2FzT",
"84cc1b87-e314-4847-b177-1cfdacc13aad","DSNY_010.basePlot.bet","D03","DSNY","DSNY_010","E","2016-04-05","2016-04-19","2016-04-19","2016-04-21",,"DSNY_010.E.20160419","oS3vHQLyTHnLIhBSl799xaHQn5iwVQyvV2ti+HeDdUc=","invert bycatch",,,,,,,,,,"SZd6jJU+PWukgvziuyetpzviWNuM2FzT",
"9454c515-b1be-47e3-b6a9-8ba67ea69e45","DSNY_001.basePlot.bet","D03","DSNY","DSNY_001","E","2016-04-05","2016-04-19","2016-04-20","2016-04-28",,"DSNY_001.E.20160419","bfz4aAWYKWXWAPL7d3cGfRX60JTU+nYNqePKGJoTSm8=","invert bycatch",,,,,,,,,,"PbNu4t/t/O1BAZriMiaA3VbsZD9KatgX",
"bb1d54b8-3cd5-43e3-9168-21166641e920","DSNY_016.basePlot.bet","D03","DSNY","DSNY_016","E","2016-04-05","2016-04-19","2016-04-20","2016-05-10","2016-05-23","DSNY_016.E.20160419","d/dxr9yOJlM4hj4xqLUYOQUGhd2RKZpc108UgXRX4/E=","carabid","PARSTR","Paraclivina striatopunctata","species",,"Dejean",,1,"Teaching collection","PbNu4t/t/O1BAZriMiaA3VbsZD9KatgX","NlgO4yYukiEfH53pk4IrTfFWx3u3U6kO",
"0bb4f630-91fc-4f21-b884-e1d5f0c0dd16","DSNY_016.basePlot.bet","D03","DSNY","DSNY_016","E","2016-04-05","2016-04-19","2016-04-20","2016-05-10","2016-05-23","DSNY_016.E.20160419","d/dxr9yOJlM4hj4xqLUYOW1WvjWF1fi8kc/IbHB4B0I=","carabid","CYCFAB","Cyclotrachelus faber","species",,"Germar",,1,"Other","0sNvDjTxK2wLdAL6xdOeXEhP+mKKuqhQ","NlgO4yYukiEfH53pk4IrTfFWx3u3U6kO","individualCount not recorded. Value of 1 entered|"
"1a0e2405-93ed-4a11-976b-a803d5da8aaa","DSNY_013.basePlot.bet","D03","DSNY","DSNY_013","E","2016-04-05","2016-04-19","2016-04-20","2016-04-26",,"DSNY_013.E.20160419","RZJ4TLOkfTNwO/4UBbXIHFFS4KfnSJR7fKqVUHcWOak=","invert bycatch",,,,,,,,,,"PbNu4t/t/O1BAZriMiaA3VbsZD9KatgX",
"53603b7a-dde4-4490-bc5d-c53481b87a1e","DSNY_021.basePlot.bet","D03","DSNY","DSNY_021","E","2016-04-05","2016-04-19","2016-04-20","2016-05-09",,"DSNY_021.E.20160419","Erg6c3/ITQtt2l/FQ/RCXwItWpJkOWG7jA+fNzPRafk=","invert bycatch",,,,,,,,,,"NlgO4yYukiEfH53pk4IrTfFWx3u3U6kO",
"b3588930-fd95-4b96-b86c-69e36bcdb33f","DSNY_021.basePlot.bet","D03","DSNY","DSNY_021","N","2016-04-05","2016-04-19","2016-04-20","2016-05-09",,"DSNY_021.N.20160419","Erg6c3/ITQtQHsmQ6r6hI8Oj9VGRkvN8Rj47y3zxQAQ=","invert bycatch",,,,,,,,,,"NlgO4yYukiEfH53pk4IrTfFWx3u3U6kO",
"b14452a3-cc34-4953-aff3-9737820afef5","DSNY_010.basePlot.bet","D03","DSNY","DSNY_010","N","2016-04-05","2016-04-19","2016-04-19","2016-04-21",,"DSNY_010.N.20160419","oS3vHQLyTHnDK/kc386bs7Yx1HX9mo/i9ZvMg1CMUMs=","invert bycatch",,,,,,,,,,"SZd6jJU+PWukgvziuyetpzviWNuM2FzT",
"ab97b281-8809-47f7-b8ed-55759e86b518","DSNY_001.basePlot.bet","D03","DSNY","DSNY_001","N","2016-04-05","2016-04-19","2016-04-20","2016-04-28",,"DSNY_001.N.20160419","bfz4aAWYKWXuMVQc4M20m9ScxqMyza4dH7rh/fTSCco=","invert bycatch",,,,,,,,,,"PbNu4t/t/O1BAZriMiaA3VbsZD9KatgX",
"c8d7805e-8b5f-498f-bd8f-a6ea0b818aaf","DSNY_034.basePlot.bet","D03","DSNY","DSNY_034","N","2016-04-05","2016-04-19","2016-04-20","2016-04-26","2016-04-26","DSNY_034.N.20160419","hQVJPLsOMicVJEGjRiLfpXf/volzKey7KmQrG2tqakU=","carabid","CYCFAB","Cyclotrachelus faber","species",,"Germar",,4,"Teaching collection","PbNu4t/t/O1BAZriMiaA3VbsZD9KatgX","PbNu4t/t/O1BAZriMiaA3VbsZD9KatgX",
"f13f0bac-b48b-49ec-8071-27bd9bdc1669","DSNY_034.basePlot.bet","D03","DSNY","DSNY_034","N","2016-04-05","2016-04-19","2016-04-20","2016-04-26",,"DSNY_034.N.20160419","hQVJPLsOMicVJEGjRiLfpXtBLUHWFRGNcmXiDU21udM=","invert bycatch",,,,,,,,,,"PbNu4t/t/O1BAZriMiaA3VbsZD9KatgX",
"a00caaec-92ed-4edb-b012-f38c423482d8","DSNY_006.basePlot.bet","D03","DSNY","DSNY_006","N","2016-04-05","2016-04-19","2016-04-20","2016-04-21",,"DSNY_006.N.20160419","cXYD/hAdAd+gHdVWhmTRNU2vNtGw7lPR2YwVuO6kY+s=","invert bycatch",,,,,,,,,,"PbNu4t/t/O1BAZriMiaA3VbsZD9KatgX",
"8c6b03c9-c750-4bf4-a068-b104a0b7d5f3","DSNY_005.basePlot.bet","D03","DSNY","DSNY_005","N","2016-04-05","2016-04-19","2016-04-20","2016-04-25",,"DSNY_005.N.20160419","y7J40q9OwqLwrTVKaUzTvsVJW4QJ9s7TRkXZc0v8pSw=","invert bycatch",,,,,,,,,,"PbNu4t/t/O1BAZriMiaA3VbsZD9KatgX",
"6cb5fb02-117d-4c5c-8aaf-5b89bb210fe8","DSNY_021.basePlot.bet","D03","DSNY","DSNY_021","N","2016-04-05","2016-04-19","2016-04-20","2016-05-09","2016-05-23","DSNY_021.N.20160419","Erg6c3/ITQtQHsmQ6r6hIwgxFZo/UjKDbfk2BCcTzJs=","carabid","PASSUB1","Pasimachus sublaevis","species",,"Palisot de Beauvois",,1,"Teaching collection","PbNu4t/t/O1BAZriMiaA3VbsZD9KatgX","NlgO4yYukiEfH53pk4IrTfFWx3u3U6kO",
"543cef74-6e27-4f86-bbfb-1f90c7e589db","DSNY_004.basePlot.bet","D03","DSNY","DSNY_004","N","2016-04-05","2016-04-19","2016-04-20","2016-05-10",,"DSNY_004.N.20160419","x1o6KrZYU4eyPqY1wPlmSnMsUD/fF2KiPN5T6jD8Pn0=","invert bycatch",,,,,,,,,,"NlgO4yYukiEfH53pk4IrTfFWx3u3U6kO",
"a92e3e05-b22c-427e-9a19-3ed679a47c3c","DSNY_005.basePlot.bet","D03","DSNY","DSNY_005","N","2016-04-05","2016-04-19","2016-04-20","2016-04-25","2016-04-25","DSNY_005.N.20160419","y7J40q9OwqLwrTVKaUzTvvr2M6yfDUyV30HSARsVGT8=","carabid","SCAOCA","Scarites ocalensis","species",,"Nichols",,1,"Teaching collection","PbNu4t/t/O1BAZriMiaA3VbsZD9KatgX","PbNu4t/t/O1BAZriMiaA3VbsZD9KatgX",
"2bd6220d-1caa-4716-bbeb-2a5565b82cdc","DSNY_013.basePlot.bet","D03","DSNY","DSNY_013","N","2016-04-05","2016-04-19","2016-04-20","2016-04-26",,"DSNY_013.N.20160419","RZJ4TLOkfTM7HT6Ks2oJsrvzWmOhA26yHcf7/iXp7cw=","invert bycatch",,,,,,,,,,"PbNu4t/t/O1BAZriMiaA3VbsZD9KatgX",
"e9c804a4-8175-4011-b9db-e17e3942593c","DSNY_021.basePlot.bet","D03","DSNY","DSNY_021","N","2016-04-05","2016-04-19","2016-04-20","2016-05-09","2016-07-21","DSNY_021.N.20160419","Erg6c3/ITQtQHsmQ6r6hI7l6goXJ8sW/CktKg1/Ozjc=","carabid","ELAXAN","Elaphropus xanthopus","species",,"Dejean",,1,"Teaching collection","PbNu4t/t/O1BAZriMiaA3VbsZD9KatgX","NlgO4yYukiEfH53pk4IrTfFWx3u3U6kO",
"20bd01a6-6bbe-4743-a114-4fd770c2f71b","DSNY_004.basePlot.bet","D03","DSNY","DSNY_004","S","2016-04-05","2016-04-19","2016-04-20","2016-05-10",,"DSNY_004.S.20160419","x1o6KrZYU4e/OaBF4VjVxL7JVOxrIrUr0yIwQaMIwlk=","invert bycatch",,,,,,,,,,"NlgO4yYukiEfH53pk4IrTfFWx3u3U6kO",
"5ddf11bd-3994-4bd4-b079-3f06b4051456","DSNY_034.basePlot.bet","D03","DSNY","DSNY_034","S","2016-04-05","2016-04-19","2016-04-20","2016-04-26",,"DSNY_034.S.20160419","hQVJPLsOMiebBoXYTBZFg1LstN5Ctjmpagdhh/5JCHc=","invert bycatch",,,,,,,,,,"PbNu4t/t/O1BAZriMiaA3VbsZD9KatgX",
"ffae11e5-fc32-476a-a6ec-df2afe439f5e","DSNY_013.basePlot.bet","D03","DSNY","DSNY_013","S","2016-04-05","2016-04-19","2016-04-20","2016-04-26",,"DSNY_013.S.20160419","RZJ4TLOkfTOIHic6gx35uRQbaLFcoiE+wM64GKnKRog=","invert bycatch",,,,,,,,,,"PbNu4t/t/O1BAZriMiaA3VbsZD9KatgX",
"f348a3b5-eb5e-498a-9487-db81204d1d1f","DSNY_016.basePlot.bet","D03","DSNY","DSNY_016","S","2016-04-05","2016-04-19","2016-04-20","2016-05-10",,"DSNY_016.S.20160419","d/dxr9yOJlMdLSc8vmPkldar+89uK4/6m4xUVEjGHBE=","invert bycatch",,,,,,,,,,"NlgO4yYukiEfH53pk4IrTfFWx3u3U6kO",
"2e83e8d0-9ef9-4ed3-aaae-6ef3da4db2d1","DSNY_001.basePlot.bet","D03","DSNY","DSNY_001","S","2016-04-05","2016-04-19","2016-04-20","2016-04-28","2016-04-28","DSNY_001.S.20160419","bfz4aAWYKWU93E1xakqiI+3ks39GXJxL6upe/qy0awU=","carabid","SCAOCA","Scarites ocalensis","species",,"Nichols",,1,"Teaching collection","PbNu4t/t/O1BAZriMiaA3VbsZD9KatgX","PbNu4t/t/O1BAZriMiaA3VbsZD9KatgX",
"5c5a47e0-656e-4016-a5f5-6c8f1b53bd50","DSNY_010.basePlot.bet","D03","DSNY","DSNY_010","S","2016-04-05","2016-04-19","2016-04-19","2016-04-21",,"DSNY_010.S.20160419","oS3vHQLyTHkFWx2XHoHbJvuK8Un47P6YzlknpFQwFOA=","invert bycatch",,,,,,,,,,"SZd6jJU+PWukgvziuyetpzviWNuM2FzT",
"5cc6886c-e9bd-41f1-9ece-d2e8ecd352b8","DSNY_021.basePlot.bet","D03","DSNY","DSNY_021","S","2016-04-05","2016-04-19","2016-04-20","2016-05-09",,"DSNY_021.S.20160419","Erg6c3/ITQslhJrzzYyewSXMnis714svg58t0CQwBmo=","invert bycatch",,,,,,,,,,"NlgO4yYukiEfH53pk4IrTfFWx3u3U6kO",
"ef42422b-5b74-4ff2-b535-4112f9eb322a","DSNY_001.basePlot.bet","D03","DSNY","DSNY_001","S","2016-04-05","2016-04-19","2016-04-20","2016-04-28",,"DSNY_001.S.20160419","bfz4aAWYKWU93E1xakqiI63oxp3xfmUBDQ2DgF22Taw=","invert bycatch",,,,,,,,,,"PbNu4t/t/O1BAZriMiaA3VbsZD9KatgX",
"a99a3ada-818f-4284-9c50-6df5f694bed9","DSNY_034.basePlot.bet","D03","DSNY","DSNY_034","S","2016-04-05","2016-04-19","2016-04-20","2016-04-26","2016-04-26","DSNY_034.S.20160419","hQVJPLsOMiebBoXYTBZFg4JylxBIgVTnpvJIZgFSY80=","carabid","CYCFAB","Cyclotrachelus faber","species",,"Germar",,1,"Teaching collection","PbNu4t/t/O1BAZriMiaA3VbsZD9KatgX","PbNu4t/t/O1BAZriMiaA3VbsZD9KatgX",
"b21db58c-2cb1-4d19-8b78-afd36b06dacc","DSNY_005.basePlot.bet","D03","DSNY","DSNY_005","S","2016-04-05","2016-04-19","2016-04-20","2016-04-25",,"DSNY_005.S.20160419","y7J40q9OwqKV3dogmWaBhhWV5tSOI+yXYEoSXcWnJDw=","invert bycatch",,,,,,,,,,"PbNu4t/t/O1BAZriMiaA3VbsZD9KatgX",
"2c537510-2b24-4b90-88dc-9a1a171479d4","DSNY_006.basePlot.bet","D03","DSNY","DSNY_006","S","2016-04-05","2016-04-19","2016-04-20","2016-04-21",,"DSNY_006.S.20160419","cXYD/hAdAd9fwSPJEU0veTIrhXj4vYoT7hYMDsFUnA4=","invert bycatch",,,,,,,,,,"PbNu4t/t/O1BAZriMiaA3VbsZD9KatgX",
"1d01f5f0-bfa0-4c2a-bf67-1ad859ecc37b","DSNY_008.basePlot.bet","D03","DSNY","DSNY_008","S","2016-04-05","2016-04-19","2016-04-19","2016-04-21",,"DSNY_008.S.20160419","6sH74oxYjH0uvqUfaehiYAms9LjYqfk2JeybgAEwxJA=","invert bycatch",,,,,,,,,,"SZd6jJU+PWukgvziuyetpzviWNuM2FzT",
"d82342dc-0c83-477d-91e4-d3417db5de7b","DSNY_008.basePlot.bet","D03","DSNY","DSNY_008","W","2016-04-05","2016-04-19","2016-04-19","2016-04-21","2016-04-21","DSNY_008.W.20160419","6sH74oxYjH2F5ODMN1R/ZHZNghH2yXW3mhrprH2oOrQ=","carabid","PASSUB1","Pasimachus sublaevis","species",,"Palisot de Beauvois",,1,"Weed, Aaron. Preliminary key to the Pasimachus (Coleoptera: Carabidae: Scaritini) of Florida. http://www.entnemdept.ufl.edu/choate/pasimachus_florida.pdf","SZd6jJU+PWukgvziuyetpzviWNuM2FzT","SZd6jJU+PWukgvziuyetpzviWNuM2FzT",
"5052e1f0-3ab2-4da8-9ecb-8772424908a9","DSNY_021.basePlot.bet","D03","DSNY","DSNY_021","W","2016-04-05","2016-04-19","2016-04-20","2016-05-10",,"DSNY_021.W.20160419","Erg6c3/ITQvhzszfNrK9vLBKVuhzjPDgdK3DITO1H10=","invert bycatch",,,,,,,,,,"NlgO4yYukiEfH53pk4IrTfFWx3u3U6kO",
"e9d85cab-ea4c-4bd1-b342-c7ca2d2b287e","DSNY_010.basePlot.bet","D03","DSNY","DSNY_010","W","2016-04-05","2016-04-19","2016-04-19","2016-04-21",,"DSNY_010.W.20160419","oS3vHQLyTHmavJbB7Rd+udREfp5DVGH6IuhZCWtJ4Rg=","invert bycatch",,,,,,,,,,"SZd6jJU+PWukgvziuyetpzviWNuM2FzT",
"c0251737-4635-4217-8f6f-d49651cae09a","DSNY_013.basePlot.bet","D03","DSNY","DSNY_013","W","2016-04-05","2016-04-19","2016-04-20","2016-04-26",,"DSNY_013.W.20160419","RZJ4TLOkfTN7/JmquY42Fox43InBidOw2uVTHJoxJRw=","invert bycatch",,,,,,,,,,"PbNu4t/t/O1BAZriMiaA3VbsZD9KatgX",
