uid,namedLocation,domainID,siteID,plotID,setDate,collectDate,identifiedDate,individualID,taxonID,kingdom,phylum,class,order,family,subfamily,tribe,genus,subgenus,specificEpithet,infraspecificEpithet,scientificName,scientificNameAuthorship,taxonRank,identificationQualifier,sex,morphospeciesID,identificationReferences,identifiedBy,laboratoryName,identificationRemarks,sampleCondition,dnaBarcoded,geneticSampleID,remarks
"a9075e9b-2ca8-434e-b762-ebe3734dc475","TALL_008.basePlot.bet","D08","TALL","TALL_008","2014-06-18","2014-07-02","2017-01-15","NEON.BET.D08.000098","CYCCON2","Animalia","Arthropoda","Insecta","Coleoptera","Carabidae","Harpalinae","Pterostichini","Cyclotrachelus","Evarthrus","convivus",,"Cyclotrachelus convivus","LeConte","species",,"M",,"Freitag, R. 1969. A revision of the species of the genus Evarthrus LeConte. Quaestiones Entomologicae 5:89-212.","Kipling Will","Essig Museum of Entomology",,"No known compromise","N",,
"4142d05b-54ba-47f9-bc08-68e6fafeba90","TALL_003.basePlot.bet","D08","TALL","TALL_003","2014-06-18","2014-07-02","2017-01-15","NEON.BET.D08.000080","CYCCON2","Animalia","Arthropoda","Insecta","Coleoptera","Carabidae","Harpalinae","Pterostichini","Cyclotrachelus","Evarthrus","convivus",,"Cyclotrachelus convivus","LeConte","species",,"M",,"Freitag, R. 1969. A revision of the species of the genus Evarthrus LeConte. Quaestiones Entomologicae 5:89-212.","Kipling Will","Essig Museum of Entomology",,"No known compromise","N",,
"fcf5c9c4-1b5f-43d3-9e45-bb9b9d21fc18","TALL_008.basePlot.bet","D08","TALL","TALL_008","2014-06-18","2014-07-02","2017-01-15","NEON.BET.D08.000099","CYCCON2","Animalia","Arthropoda","Insecta","Coleoptera","Carabidae","Harpalinae","Pterostichini","Cyclotrachelus","Evarthrus","convivus",,"Cyclotrachelus convivus","LeConte","species",,"M",,"Freitag, R. 1969. A revision of the species of the genus Evarthrus LeConte. Quaestiones Entomologicae 5:89-212.","Kipling Will","Essig Museum of Entomology",,"No known compromise","N",,
"cb3d9bce-c215-4281-8d00-6d095d202214","TALL_005.basePlot.bet","D08","TALL","TALL_005","2014-06-18","2014-07-02","2017-01-15","NEON.BET.D08.000089","CYCCON2","Animalia","Arthropoda","Insecta","Coleoptera","Carabidae","Harpalinae","Pterostichini","Cyclotrachelus","Evarthrus","convivus",,"Cyclotrachelus convivus","LeConte","species",,"F",,"Freitag, R. 1969. A revision of the species of the genus Evarthrus LeConte. Quaestiones Entomologicae 5:89-212.","Kipling Will","Essig Museum of Entomology",,"No known compromise","N",,
"d479b3d0-edd5-4073-81eb-5b4df193fa71","TALL_005.basePlot.bet","D08","TALL","TALL_005","2014-06-18","2014-07-02","2017-01-15","NEON.BET.D08.000091","CYCFRE","Animalia","Arthropoda","Insecta","Coleoptera","Carabidae","Harpalinae","Pterostichini","Cyclotrachelus","Cyclotrachelus","freitagi",,"Cyclotrachelus freitagi","Bousquet","species",,"F",,"Freitag, R. 1969. A revision of the species of the genus Evarthrus LeConte. Quaestiones Entomologicae 5:89-212.","Kipling Will","Essig Museum of Entomology",,"No known compromise","N",,
"9002a279-714d-4363-b525-b8c34bd6fba3","TALL_005.basePlot.bet","D08","TALL","TALL_005","2014-06-18","2014-07-02","2017-01-15","NEON.BET.D08.000093","CYCCON2","Animalia","Arthropoda","Insecta","Coleoptera","Carabidae","Harpalinae","Pterostichini","Cyclotrachelus","Evarthrus","convivus",,"Cyclotrachelus convivus","LeConte","species",,"F",,"Freitag, R. 1969. A revision of the species of the genus Evarthrus LeConte. Quaestiones Entomologicae 5:89-212.","Kipling Will","Essig Museum of Entomology",,"No known compromise","N",,
"43321915-f505-4f28-9d2a-a06cae6ae9b6","TALL_005.basePlot.bet","D08","TALL","TALL_005","2014-06-18","2014-07-02","2017-01-15","NEON.BET.D08.000092","CYCCON2","Animalia","Arthropoda","Insecta","Coleoptera","Carabidae","Harpalinae","Pterostichini","Cyclotrachelus","Evarthrus","convivus",,"Cyclotrachelus convivus","LeConte","species",,"F",,"Freitag, R. 1969. A revision of the species of the genus Evarthrus LeConte. Quaestiones Entomologicae 5:89-212.","Kipling Will","Essig Museum of Entomology",,"No known compromise","N",,
"ed7020d7-d158-419e-9cbb-259b3a838293","TALL_001.basePlot.bet","D08","TALL","TALL_001","2014-06-18","2014-07-02","2017-01-15","NEON.BET.D08.000072","DICPOL","Animalia","Arthropoda","Insecta","Coleoptera","Carabidae","Harpalinae","Licinini","Dicaelus","Paradicaelus","politus",,"Dicaelus politus","Dejean","species",,"M",,"Ball, G. E. 1992. The Tribe Licinini (Coleoptera: Carabidae): A Review of the Genus-Groups and of the Species of Selected Genera. Journal of the New York Entomological Society 100:325-380.","Kipling Will","Essig Museum of Entomology",,"No known compromise","N",,
"3d53c546-f49a-4b2f-85d7-21800993eee3","TALL_005.basePlot.bet","D08","TALL","TALL_005","2014-06-18","2014-07-02","2017-01-15","NEON.BET.D08.000090","CYCCON2","Animalia","Arthropoda","Insecta","Coleoptera","Carabidae","Harpalinae","Pterostichini","Cyclotrachelus","Evarthrus","convivus",,"Cyclotrachelus convivus","LeConte","species",,"F",,"Freitag, R. 1969. A revision of the species of the genus Evarthrus LeConte. Quaestiones Entomologicae 5:89-212.","Kipling Will","Essig Museum of Entomology",,"No known compromise","N",,
"571f8856-a4cc-4e5f-a0ff-8fa792276a62","TALL_002.basePlot.bet","D08","TALL","TALL_002","2014-06-18","2014-07-02","2017-01-15","NEON.BET.D08.000073","DICDIL1","Animalia","Arthropoda","Insecta","Coleoptera","Carabidae","Harpalinae","Licinini","Dicaelus","Paradicaelus","dilatatus","dilatatus","Dicaelus dilatatus dilatatus","Say","subspecies",,"F",,"Ball, G. E. 1992. The Tribe Licinini (Coleoptera: Carabidae): A Review of the Genus-Groups and of the Species of Selected Genera. Journal of the New York Entomological Society 100:325-380.","Kipling Will","Essig Museum of Entomology",,"No known compromise","N",,
"d6c22f02-728f-42e1-abc1-c6b596710dc6","TALL_007.basePlot.bet","D08","TALL","TALL_007","2014-06-18","2014-07-02","2017-01-15","NEON.BET.D08.000095","PASPUN","Animalia","Arthropoda","Insecta","Coleoptera","Carabidae","Scaritinae","Pasimachini","Pasimachus","Pasimachus","punctulatus",,"Pasimachus punctulatus","Haldeman","species",,"M",,"Banninger, M. 1950. The subtribe Pasimachina (Coleoptera, Carabidae, Scaritini). Revista de Entomologica 21:481-511.","Kipling Will","Essig Museum of Entomology",,"No known compromise","N",,
"4d01ed76-d6ca-45cd-8ab8-b121ce615b31","TALL_002.basePlot.bet","D08","TALL","TALL_002","2014-06-18","2014-07-02","2017-01-15","NEON.BET.D08.000077","CYCCON2","Animalia","Arthropoda","Insecta","Coleoptera","Carabidae","Harpalinae","Pterostichini","Cyclotrachelus","Evarthrus","convivus",,"Cyclotrachelus convivus","LeConte","species",,"F",,"Freitag, R. 1969. A revision of the species of the genus Evarthrus LeConte. Quaestiones Entomologicae 5:89-212.","Kipling Will","Essig Museum of Entomology",,"No known compromise","N",,
"ad9f400b-b77e-4488-a8ed-dd67f0584876","TALL_002.basePlot.bet","D08","TALL","TALL_002","2014-06-18","2014-07-02","2017-01-15","NEON.BET.D08.000074","DICDIL1","Animalia","Arthropoda","Insecta","Coleoptera","Carabidae","Harpalinae","Licinini","Dicaelus","Paradicaelus","dilatatus","dilatatus","Dicaelus dilatatus dilatatus","Say","subspecies",,"M",,"Ball, G. E. 1992. The Tribe Licinini (Coleoptera: Carabidae): A Review of the Genus-Groups and of the Species of Selected Genera. Journal of the New York Entomological Society 100:325-380.","Kipling Will","Essig Museum of Entomology",,"No known compromise","N",,
"4add90e8-d0c4-48f6-b30a-c72a13d3d3da","TALL_007.basePlot.bet","D08","TALL","TALL_007","2014-06-18","2014-07-02","2017-01-15","NEON.BET.D08.000094","CYCCON2","Animalia","Arthropoda","Insecta","Coleoptera","Carabidae","Harpalinae","Pterostichini","Cyclotrachelus","Evarthrus","convivus",,"Cyclotrachelus convivus","LeConte","species",,"F",,"Freitag, R. 1969. A revision of the species of the genus Evarthrus LeConte. Quaestiones Entomologicae 5:89-212.","Kipling Will","Essig Museum of Entomology",,"No known compromise","N",,
"de9b35b2-421b-422f-83cc-ebb48f664ed7","TALL_002.basePlot.bet","D08","TALL","TALL_002","2014-06-18","2014-07-02","2017-01-15","NEON.BET.D08.000075","CYCCON2","Animalia","Arthropoda","Insecta","Coleoptera","Carabidae","Harpalinae","Pterostichini","Cyclotrachelus","Evarthrus","convivus",,"Cyclotrachelus convivus","LeConte","species",,"F",,"Freitag, R. 1969. A revision of the species of the genus Evarthrus LeConte. Quaestiones Entomologicae 5:89-212.","Kipling Will","Essig Museum of Entomology",,"No known compromise","N",,
"542dbdf6-afb0-400e-8b70-efa5850129ea","TALL_002.basePlot.bet","D08","TALL","TALL_002","2014-06-18","2014-07-02","2017-01-15","NEON.BET.D08.000076","CLIBAL","Animalia","Arthropoda","Insecta","Coleoptera","Rhysodidae",,,"Clinidium",,"baldufi",,"Clinidium baldufi","Bell","species",,"F",,"Bell R.T. and J.R. Bell. 1975. Two new taxa of Clinidium (Coleoptera: Rhysodidae or Carabidae) from the eastern U.S., with a revised key to U.S. Clinidium. The Coleopterists Bulletin 29: 65-68","Kipling Will","Essig Museum of Entomology",,"No known compromise","N",,
"b72955c5-d20e-486d-9d3a-94a73353d9e6","TALL_013.basePlot.bet","D08","TALL","TALL_013","2014-06-18","2014-07-02","2017-01-15","NEON.BET.D08.000104","CYCFRE","Animalia","Arthropoda","Insecta","Coleoptera","Carabidae","Harpalinae","Pterostichini","Cyclotrachelus","Cyclotrachelus","freitagi",,"Cyclotrachelus freitagi","Bousquet","species",,"F",,"Freitag, R. 1969. A revision of the species of the genus Evarthrus LeConte. Quaestiones Entomologicae 5:89-212.","Kipling Will","Essig Museum of Entomology",,"No known compromise","N",,
"d9b5b57b-a369-4651-a7be-af2f8f5963be","TALL_013.basePlot.bet","D08","TALL","TALL_013","2014-06-18","2014-07-02","2017-01-15","NEON.BET.D08.000103","CYCCON2","Animalia","Arthropoda","Insecta","Coleoptera","Carabidae","Harpalinae","Pterostichini","Cyclotrachelus","Evarthrus","convivus",,"Cyclotrachelus convivus","LeConte","species",,"F",,"Freitag, R. 1969. A revision of the species of the genus Evarthrus LeConte. Quaestiones Entomologicae 5:89-212.","Kipling Will","Essig Museum of Entomology",,"No known compromise","N",,
"05394e2b-6267-4c7b-9c4c-0b7d7aed1a63","TALL_009.basePlot.bet","D08","TALL","TALL_009","2014-06-18","2014-07-02","2017-01-15","NEON.BET.D08.000100","CYCCON2","Animalia","Arthropoda","Insecta","Coleoptera","Carabidae","Harpalinae","Pterostichini","Cyclotrachelus","Evarthrus","convivus",,"Cyclotrachelus convivus","LeConte","species",,"F",,"Freitag, R. 1969. A revision of the species of the genus Evarthrus LeConte. Quaestiones Entomologicae 5:89-212.","Kipling Will","Essig Museum of Entomology",,"No known compromise","N",,
"99912b0c-1749-40d4-ac6c-a2b87ecb29a7","TALL_009.basePlot.bet","D08","TALL","TALL_009","2014-06-18","2014-07-02","2017-01-15","NEON.BET.D08.000102","CYCFRE","Animalia","Arthropoda","Insecta","Coleoptera","Carabidae","Harpalinae","Pterostichini","Cyclotrachelus","Cyclotrachelus","freitagi",,"Cyclotrachelus freitagi","Bousquet","species",,"F",,"Freitag, R. 1969. A revision of the species of the genus Evarthrus LeConte. Quaestiones Entomologicae 5:89-212.","Kipling Will","Essig Museum of Entomology",,"No known compromise","N",,
"87f1d7da-1603-4045-a92e-cc9ce2304815","TALL_009.basePlot.bet","D08","TALL","TALL_009","2014-06-18","2014-07-02","2017-01-15","NEON.BET.D08.000101","CYCCON2","Animalia","Arthropoda","Insecta","Coleoptera","Carabidae","Harpalinae","Pterostichini","Cyclotrachelus","Evarthrus","convivus",,"Cyclotrachelus convivus","LeConte","species",,"F",,"Freitag, R. 1969. A revision of the species of the genus Evarthrus LeConte. Quaestiones Entomologicae 5:89-212.","Kipling Will","Essig Museum of Entomology",,"No known compromise","N",,
"4e9d75ec-4578-4a26-96f1-b3f44ab79361","TALL_003.basePlot.bet","D08","TALL","TALL_003","2014-06-18","2014-07-02","2017-01-15","NEON.BET.D08.000083","PASPUN","Animalia","Arthropoda","Insecta","Coleoptera","Carabidae","Scaritinae","Pasimachini","Pasimachus","Pasimachus","punctulatus",,"Pasimachus punctulatus","Haldeman","species",,"F",,"Banninger, M. 1950. The subtribe Pasimachina (Coleoptera, Carabidae, Scaritini). Revista de Entomologica 21:481-511.","Kipling Will","Essig Museum of Entomology",,"No known compromise","N",,
"447d8e78-4088-4ea0-b2b9-6054821c72f2","TALL_003.basePlot.bet","D08","TALL","TALL_003","2014-06-18","2014-07-02","2017-01-15","NEON.BET.D08.000086","DICAMB","Animalia","Arthropoda","Insecta","Coleoptera","Carabidae","Harpalinae","Licinini","Dicaelus","Paradicaelus","ambiguus",,"Dicaelus ambiguus","LaFerte-Senectere","species",,"M",,"Ball, G. E. 1992. The Tribe Licinini (Coleoptera: Carabidae): A Review of the Genus-Groups and of the Species of Selected Genera. Journal of the New York Entomological Society 100:325-380.","Kipling Will","Essig Museum of Entomology",,"No known compromise","N",,
"c744df4c-d4e5-4c05-8eb3-a502d010f178","TALL_003.basePlot.bet","D08","TALL","TALL_003","2014-06-18","2014-07-02","2017-01-15","NEON.BET.D08.000082","CYCFRE","Animalia","Arthropoda","Insecta","Coleoptera","Carabidae","Harpalinae","Pterostichini","Cyclotrachelus","Cyclotrachelus","freitagi",,"Cyclotrachelus freitagi","Bousquet","species",,"M",,"Freitag, R. 1969. A revision of the species of the genus Evarthrus LeConte. Quaestiones Entomologicae 5:89-212.","Kipling Will","Essig Museum of Entomology",,"No known compromise","N",,
"c841336a-8e0a-46fe-a168-0c3bac737aaa","TALL_003.basePlot.bet","D08","TALL","TALL_003","2014-06-18","2014-07-02","2017-01-15","NEON.BET.D08.000078","CYCCON2","Animalia","Arthropoda","Insecta","Coleoptera","Carabidae","Harpalinae","Pterostichini","Cyclotrachelus","Evarthrus","convivus",,"Cyclotrachelus convivus","LeConte","species",,"F",,"Freitag, R. 1969. A revision of the species of the genus Evarthrus LeConte. Quaestiones Entomologicae 5:89-212.","Kipling Will","Essig Museum of Entomology",,"No known compromise","N",,
"92b27f90-8531-4e9e-93da-bd6dc46d79ed","TALL_003.basePlot.bet","D08","TALL","TALL_003","2014-06-18","2014-07-02","2017-01-15","NEON.BET.D08.000087","CYCFRE","Animalia","Arthropoda","Insecta","Coleoptera","Carabidae","Harpalinae","Pterostichini","Cyclotrachelus","Cyclotrachelus","freitagi",,"Cyclotrachelus freitagi","Bousquet","species",,"F",,"Freitag, R. 1969. A revision of the species of the genus Evarthrus LeConte. Quaestiones Entomologicae 5:89-212.","Kipling Will","Essig Museum of Entomology",,"No known compromise","N",,
"b430ffe2-a816-4728-b1e2-8939e76260f2","TALL_003.basePlot.bet","D08","TALL","TALL_003","2014-06-18","2014-07-02","2017-01-15","NEON.BET.D08.000079","CYCCON2","Animalia","Arthropoda","Insecta","Coleoptera","Carabidae","Harpalinae","Pterostichini","Cyclotrachelus","Evarthrus","convivus",,"Cyclotrachelus convivus","LeConte","species",,"F",,"Freitag, R. 1969. A revision of the species of the genus Evarthrus LeConte. Quaestiones Entomologicae 5:89-212.","Kipling Will","Essig Museum of Entomology",,"No known compromise","N",,
"699e5305-ec9c-401b-979e-e3fba21e14d4","TALL_003.basePlot.bet","D08","TALL","TALL_003","2014-06-18","2014-07-02","2017-01-15","NEON.BET.D08.000085","CYCCON2","Animalia","Arthropoda","Insecta","Coleoptera","Carabidae","Harpalinae","Pterostichini","Cyclotrachelus","Evarthrus","convivus",,"Cyclotrachelus convivus","LeConte","species",,"M",,"Freitag, R. 1969. A revision of the species of the genus Evarthrus LeConte. Quaestiones Entomologicae 5:89-212.","Kipling Will","Essig Museum of Entomology",,"No known compromise","N",,
"f0441adb-e9c2-4387-a8ae-efdbcdb518ba","TALL_003.basePlot.bet","D08","TALL","TALL_003","2014-06-18","2014-07-02","2017-01-15","NEON.BET.D08.000081","CYCFRE","Animalia","Arthropoda","Insecta","Coleoptera","Carabidae","Harpalinae","Pterostichini","Cyclotrachelus","Cyclotrachelus","freitagi",,"Cyclotrachelus freitagi","Bousquet","species",,"M",,"Freitag, R. 1969. A revision of the species of the genus Evarthrus LeConte. Quaestiones Entomologicae 5:89-212.","Kipling Will","Essig Museum of Entomology",,"No known compromise","N",,
"3ab6bdeb-6a7f-448f-bfa3-909c82b61e01","TALL_003.basePlot.bet","D08","TALL","TALL_003","2014-06-18","2014-07-02","2017-01-15","NEON.BET.D08.000084","CYLUNI","Animalia","Arthropoda","Insecta","Coleoptera","Carabidae","Cicindelinae","Cicindelini","Cylindera","Cylindera","unipunctata",,"Cylindera unipunctata","Fabricius","species",,"M",,"Pearson, D., C. B. Knisley, and C. J. Kazilek. 2006. A Field Guide to the Tiger Beetles of the United States and Canada: Identification, Natural History, and Distribution of the Cicindelidae. Oxford University Press, New York.","Kipling Will","Essig Museum of Entomology",,"No known compromise","N",,
"ea41a7d2-a76e-4e28-a051-3a988e1bf879","TALL_004.basePlot.bet","D08","TALL","TALL_004","2014-06-18","2014-07-02","2017-01-15","NEON.BET.D08.000088","CYCCON2","Animalia","Arthropoda","Insecta","Coleoptera","Carabidae","Harpalinae","Pterostichini","Cyclotrachelus","Evarthrus","convivus",,"Cyclotrachelus convivus","LeConte","species",,"M",,"Freitag, R. 1969. A revision of the species of the genus Evarthrus LeConte. Quaestiones Entomologicae 5:89-212.","Kipling Will","Essig Museum of Entomology",,"No known compromise","N",,
"5fea5b1a-2fc2-44b8-8e1a-bdc8075d050a","TALL_006.basePlot.bet","D08","TALL","TALL_006","2014-07-02","2014-07-16","2017-01-15","NEON.BET.D08.000122","CYCCON2","Animalia","Arthropoda","Insecta","Coleoptera","Carabidae","Harpalinae","Pterostichini","Cyclotrachelus","Evarthrus","convivus",,"Cyclotrachelus convivus","LeConte","species",,"F",,"Freitag, R. 1969. A revision of the species of the genus Evarthrus LeConte. Quaestiones Entomologicae 5:89-212.","Kipling Will","Essig Museum of Entomology",,"No known compromise","N",,
"fe44ab85-490f-464e-98e6-4106a92e4bb4","TALL_005.basePlot.bet","D08","TALL","TALL_005","2014-07-02","2014-07-16","2017-01-15","NEON.BET.D08.000143","PASPUN","Animalia","Arthropoda","Insecta","Coleoptera","Carabidae","Scaritinae","Pasimachini","Pasimachus","Pasimachus","punctulatus",,"Pasimachus punctulatus","Haldeman","species",,"F",,"Banninger, M. 1950. The subtribe Pasimachina (Coleoptera, Carabidae, Scaritini). Revista de Entomologica 21:481-511.","Kipling Will","Essig Museum of Entomology",,"No known compromise","N",,
"4bc62ffc-1118-4503-84e4-0e38f3476118","TALL_005.basePlot.bet","D08","TALL","TALL_005","2014-07-02","2014-07-16","2017-01-15","NEON.BET.D08.000148","DICFUR2","Animalia","Arthropoda","Insecta","Coleoptera","Carabidae","Harpalinae","Licinini","Dicaelus","Paradicaelus","furvus","furvus","Dicaelus furvus furvus","Dejean","subspecies",,"M",,"Ball, G. E. 1992. The Tribe Licinini (Coleoptera: Carabidae): A Review of the Genus-Groups and of the Species of Selected Genera. Journal of the New York Entomological Society 100:325-380.","Kipling Will","Essig Museum of Entomology",,"No known compromise","N",,
"52c7af67-9a70-49ca-88e3-e2a660a6516e","TALL_005.basePlot.bet","D08","TALL","TALL_005","2014-07-02","2014-07-16","2017-01-15","NEON.BET.D08.000142","CYCCON2","Animalia","Arthropoda","Insecta","Coleoptera","Carabidae","Harpalinae","Pterostichini","Cyclotrachelus","Evarthrus","convivus",,"Cyclotrachelus convivus","LeConte","species",,"F",,"Freitag, R. 1969. A revision of the species of the genus Evarthrus LeConte. Quaestiones Entomologicae 5:89-212.","Kipling Will","Essig Museum of Entomology",,"No known compromise","N",,
"a8c54b17-5632-4252-b867-e0771d368e3f","TALL_005.basePlot.bet","D08","TALL","TALL_005","2014-07-02","2014-07-16","2017-01-15","NEON.BET.D08.000145","CYCCON2","Animalia","Arthropoda","Insecta","Coleoptera","Carabidae","Harpalinae","Pterostichini","Cyclotrachelus","Evarthrus","convivus",,"Cyclotrachelus convivus","LeConte","species",,"F",,"Freitag, R. 1969. A revision of the species of the genus Evarthrus LeConte. Quaestiones Entomologicae 5:89-212.","Kipling Will","Essig Museum of Entomology",,"No known compromise","N",,
"b0f60326-64ad-48cb-909a-3dbbb6eaf645","TALL_005.basePlot.bet","D08","TALL","TALL_005","2014-07-02","2014-07-16","2017-01-15","NEON.BET.D08.000146","DICFUR2","Animalia","Arthropoda","Insecta","Coleoptera","Carabidae","Harpalinae","Licinini","Dicaelus","Paradicaelus","furvus","furvus","Dicaelus furvus furvus","Dejean","subspecies",,"M",,"Ball, G. E. 1992. The Tribe Licinini (Coleoptera: Carabidae): A Review of the Genus-Groups and of the Species of Selected Genera. Journal of the New York Entomological Society 100:325-380.","Kipling Will","Essig Museum of Entomology",,"No known compromise","N",,
"9845efe0-e820-4720-84d7-7cbbbe6937b2","TALL_005.basePlot.bet","D08","TALL","TALL_005","2014-07-02","2014-07-16","2017-01-15","NEON.BET.D08.000147","DICAMB","Animalia","Arthropoda","Insecta","Coleoptera","Carabidae","Harpalinae","Licinini","Dicaelus","Paradicaelus","ambiguus",,"Dicaelus ambiguus","LaFerte-Senectere","species",,"M",,"Ball, G. E. 1992. The Tribe Licinini (Coleoptera: Carabidae): A Review of the Genus-Groups and of the Species of Selected Genera. Journal of the New York Entomological Society 100:325-380.","Kipling Will","Essig Museum of Entomology",,"No known compromise","N",,
"0db5b68a-4016-43f2-9d2f-7e15c9f39dcf","TALL_005.basePlot.bet","D08","TALL","TALL_005","2014-07-02","2014-07-16","2017-01-15","NEON.BET.D08.000144","PASPUN","Animalia","Arthropoda","Insecta","Coleoptera","Carabidae","Scaritinae","Pasimachini","Pasimachus","Pasimachus","punctulatus",,"Pasimachus punctulatus","Haldeman","species",,"F",,"Banninger, M. 1950. The subtribe Pasimachina (Coleoptera, Carabidae, Scaritini). Revista de Entomologica 21:481-511.","Kipling Will","Essig Museum of Entomology",,"No known compromise","N",,
"23fb086e-6baf-434d-9de1-2bf2917f2c4f","TALL_004.basePlot.bet","D08","TALL","TALL_004","2014-07-02","2014-07-16","2017-01-15","NEON.BET.D08.000120","CYCCON2","Animalia","Arthropoda","Insecta","Coleoptera","Carabidae","Harpalinae","Pterostichini","Cyclotrachelus","Evarthrus","convivus",,"Cyclotrachelus convivus","LeConte","species",,"M",,"Freitag, R. 1969. A revision of the species of the genus Evarthrus LeConte. Quaestiones Entomologicae 5:89-212.","Kipling Will","Essig Museum of Entomology",,"No known compromise","N",,
"feb4add5-3f32-463d-b823-eb941e4c5f1d","TALL_004.basePlot.bet","D08","TALL","TALL_004","2014-07-02","2014-07-16","2017-01-15","NEON.BET.D08.000121","CYCCON2","Animalia","Arthropoda","Insecta","Coleoptera","Carabidae","Harpalinae","Pterostichini","Cyclotrachelus","Evarthrus","convivus",,"Cyclotrachelus convivus","LeConte","species",,"M",,"Freitag, R. 1969. A revision of the species of the genus Evarthrus LeConte. Quaestiones Entomologicae 5:89-212.","Kipling Will","Essig Museum of Entomology",,"No known compromise","N",,
"89b55890-9ef0-4f67-b942-bdbe71d977f5","TALL_008.basePlot.bet","D08","TALL","TALL_008","2014-07-02","2014-07-16","2017-01-15","NEON.BET.D08.000130","CYCCON2","Animalia","Arthropoda","Insecta","Coleoptera","Carabidae","Harpalinae","Pterostichini","Cyclotrachelus","Evarthrus","convivus",,"Cyclotrachelus convivus","LeConte","species",,"M",,"Freitag, R. 1969. A revision of the species of the genus Evarthrus LeConte. Quaestiones Entomologicae 5:89-212.","Kipling Will","Essig Museum of Entomology",,"No known compromise","N",,
"aef15c5b-ef03-4b44-a2ae-78c1ebb12db2","TALL_008.basePlot.bet","D08","TALL","TALL_008","2014-07-02","2014-07-16","2017-01-15","NEON.BET.D08.000134","CYCCON2","Animalia","Arthropoda","Insecta","Coleoptera","Carabidae","Harpalinae","Pterostichini","Cyclotrachelus","Evarthrus","convivus",,"Cyclotrachelus convivus","LeConte","species",,"F",,"Freitag, R. 1969. A revision of the species of the genus Evarthrus LeConte. Quaestiones Entomologicae 5:89-212.","Kipling Will","Essig Museum of Entomology",,"No known compromise","N",,
"0fe79478-9141-4372-ba53-6d828cc761b1","TALL_008.basePlot.bet","D08","TALL","TALL_008","2014-07-02","2014-07-16","2017-01-15","NEON.BET.D08.000129","CYCCON2","Animalia","Arthropoda","Insecta","Coleoptera","Carabidae","Harpalinae","Pterostichini","Cyclotrachelus","Evarthrus","convivus",,"Cyclotrachelus convivus","LeConte","species",,"F",,"Freitag, R. 1969. A revision of the species of the genus Evarthrus LeConte. Quaestiones Entomologicae 5:89-212.","Kipling Will","Essig Museum of Entomology",,"No known compromise","N",,
"e639d6ac-a2ba-4ceb-a17c-52c3918c4a2e","TALL_008.basePlot.bet","D08","TALL","TALL_008","2014-07-02","2014-07-16","2017-01-15","NEON.BET.D08.000131","CYCCON2","Animalia","Arthropoda","Insecta","Coleoptera","Carabidae","Harpalinae","Pterostichini","Cyclotrachelus","Evarthrus","convivus",,"Cyclotrachelus convivus","LeConte","species",,"M",,"Freitag, R. 1969. A revision of the species of the genus Evarthrus LeConte. Quaestiones Entomologicae 5:89-212.","Kipling Will","Essig Museum of Entomology",,"No known compromise","N",,
"db05b57f-47ad-4f10-84d2-adb647645896","TALL_008.basePlot.bet","D08","TALL","TALL_008","2014-07-02","2014-07-16","2017-01-15","NEON.BET.D08.000133","CYCCON2","Animalia","Arthropoda","Insecta","Coleoptera","Carabidae","Harpalinae","Pterostichini","Cyclotrachelus","Evarthrus","convivus",,"Cyclotrachelus convivus","LeConte","species",,"F",,"Freitag, R. 1969. A revision of the species of the genus Evarthrus LeConte. Quaestiones Entomologicae 5:89-212.","Kipling Will","Essig Museum of Entomology",,"No known compromise","N",,
"521241ee-6d7a-4b22-a24e-fb712b68f369","TALL_001.basePlot.bet","D08","TALL","TALL_001","2014-07-02","2014-07-16","2017-01-15","NEON.BET.D08.000110","CYCCON2","Animalia","Arthropoda","Insecta","Coleoptera","Carabidae","Harpalinae","Pterostichini","Cyclotrachelus","Evarthrus","convivus",,"Cyclotrachelus convivus","LeConte","species",,"F",,"Freitag, R. 1969. A revision of the species of the genus Evarthrus LeConte. Quaestiones Entomologicae 5:89-212.","Kipling Will","Essig Museum of Entomology",,"No known compromise","N",,
"01aad509-f3fb-4dd6-a0c8-964b29fdbe74","TALL_001.basePlot.bet","D08","TALL","TALL_001","2014-07-02","2014-07-16","2017-01-15","NEON.BET.D08.000109","CYCCON2","Animalia","Arthropoda","Insecta","Coleoptera","Carabidae","Harpalinae","Pterostichini","Cyclotrachelus","Evarthrus","convivus",,"Cyclotrachelus convivus","LeConte","species",,"F",,"Freitag, R. 1969. A revision of the species of the genus Evarthrus LeConte. Quaestiones Entomologicae 5:89-212.","Kipling Will","Essig Museum of Entomology",,"No known compromise","N",,
"4062e10f-c9e9-446a-a2ec-d314bc7b026a","TALL_001.basePlot.bet","D08","TALL","TALL_001","2014-07-02","2014-07-16","2017-01-15","NEON.BET.D08.000105","CYCCON2","Animalia","Arthropoda","Insecta","Coleoptera","Carabidae","Harpalinae","Pterostichini","Cyclotrachelus","Evarthrus","convivus",,"Cyclotrachelus convivus","LeConte","species",,"F",,"Freitag, R. 1969. A revision of the species of the genus Evarthrus LeConte. Quaestiones Entomologicae 5:89-212.","Kipling Will","Essig Museum of Entomology",,"No known compromise","N",,
"a86a4063-6424-4934-a23a-08795160dfde","TALL_001.basePlot.bet","D08","TALL","TALL_001","2014-07-02","2014-07-16","2017-01-15","NEON.BET.D08.000108","DICDIL1","Animalia","Arthropoda","Insecta","Coleoptera","Carabidae","Harpalinae","Licinini","Dicaelus","Paradicaelus","dilatatus","dilatatus","Dicaelus dilatatus dilatatus","Say","subspecies",,"F",,"Ball, G. E. 1992. The Tribe Licinini (Coleoptera: Carabidae): A Review of the Genus-Groups and of the Species of Selected Genera. Journal of the New York Entomological Society 100:325-380.","Kipling Will","Essig Museum of Entomology",,"No known compromise","N",,
"0f95ce44-6edb-49f1-a178-e8af4746b8b1","TALL_001.basePlot.bet","D08","TALL","TALL_001","2014-07-02","2014-07-16","2017-01-15","NEON.BET.D08.000106","CYCCON2","Animalia","Arthropoda","Insecta","Coleoptera","Carabidae","Harpalinae","Pterostichini","Cyclotrachelus","Evarthrus","convivus",,"Cyclotrachelus convivus","LeConte","species",,"F",,"Freitag, R. 1969. A revision of the species of the genus Evarthrus LeConte. Quaestiones Entomologicae 5:89-212.","Kipling Will","Essig Museum of Entomology",,"No known compromise","N",,
"14f6654b-483d-4f18-8a9e-8159238f80a6","TALL_001.basePlot.bet","D08","TALL","TALL_001","2014-07-02","2014-07-16","2017-01-15","NEON.BET.D08.000107","PASPUN","Animalia","Arthropoda","Insecta","Coleoptera","Carabidae","Scaritinae","Pasimachini","Pasimachus","Pasimachus","punctulatus",,"Pasimachus punctulatus","Haldeman","species",,"F",,"Banninger, M. 1950. The subtribe Pasimachina (Coleoptera, Carabidae, Scaritini). Revista de Entomologica 21:481-511.","Kipling Will","Essig Museum of Entomology",,"No known compromise","N",,
"31bbddda-3947-49ba-8730-c313697ae96d","TALL_002.basePlot.bet","D08","TALL","TALL_002","2014-07-02","2014-07-16","2017-01-15","NEON.BET.D08.000111","CYCCON2","Animalia","Arthropoda","Insecta","Coleoptera","Carabidae","Harpalinae","Pterostichini","Cyclotrachelus","Evarthrus","convivus",,"Cyclotrachelus convivus","LeConte","species",,"F",,"Freitag, R. 1969. A revision of the species of the genus Evarthrus LeConte. Quaestiones Entomologicae 5:89-212.","Kipling Will","Essig Museum of Entomology",,"No known compromise","N",,
"b8d73f4d-0402-44d1-9197-ffa33731f316","TALL_002.basePlot.bet","D08","TALL","TALL_002","2014-07-02","2014-07-16","2017-01-15","NEON.BET.D08.000113","CYCCON2","Animalia","Arthropoda","Insecta","Coleoptera","Carabidae","Harpalinae","Pterostichini","Cyclotrachelus","Evarthrus","convivus",,"Cyclotrachelus convivus","LeConte","species",,"F",,"Freitag, R. 1969. A revision of the species of the genus Evarthrus LeConte. Quaestiones Entomologicae 5:89-212.","Kipling Will","Essig Museum of Entomology",,"No known compromise","N",,
"b1553fc4-0d9b-40fd-8d13-35c6774d01e2","TALL_002.basePlot.bet","D08","TALL","TALL_002","2014-07-02","2014-07-16","2017-01-15","NEON.BET.D08.000112","DICPOL","Animalia","Arthropoda","Insecta","Coleoptera","Carabidae","Harpalinae","Licinini","Dicaelus","Paradicaelus","politus",,"Dicaelus politus","Dejean","species",,"M",,"Ball, G. E. 1992. The Tribe Licinini (Coleoptera: Carabidae): A Review of the Genus-Groups and of the Species of Selected Genera. Journal of the New York Entomological Society 100:325-380.","Kipling Will","Essig Museum of Entomology",,"No known compromise","N",,
"ba11dfa3-b3e3-4d52-a1e0-5e75f0080843","TALL_002.basePlot.bet","D08","TALL","TALL_002","2014-07-02","2014-07-16","2017-01-15","NEON.BET.D08.000114","CYCCON2","Animalia","Arthropoda","Insecta","Coleoptera","Carabidae","Harpalinae","Pterostichini","Cyclotrachelus","Evarthrus","convivus",,"Cyclotrachelus convivus","LeConte","species",,"F",,"Freitag, R. 1969. A revision of the species of the genus Evarthrus LeConte. Quaestiones Entomologicae 5:89-212.","Kipling Will","Essig Museum of Entomology",,"No known compromise","N",,
"2d621280-d194-4a51-aecd-75935df66011","TALL_003.basePlot.bet","D08","TALL","TALL_003","2014-07-02","2014-07-16","2017-01-15","NEON.BET.D08.000115","CYCFRE","Animalia","Arthropoda","Insecta","Coleoptera","Carabidae","Harpalinae","Pterostichini","Cyclotrachelus","Cyclotrachelus","freitagi",,"Cyclotrachelus freitagi","Bousquet","species",,"F",,"Freitag, R. 1969. A revision of the species of the genus Evarthrus LeConte. Quaestiones Entomologicae 5:89-212.","Kipling Will","Essig Museum of Entomology",,"No known compromise","N",,
"9b55ae7e-8ecc-4a0b-97d1-da3357e4035b","TALL_003.basePlot.bet","D08","TALL","TALL_003","2014-07-02","2014-07-16","2017-01-15","NEON.BET.D08.000117","CYCCON2","Animalia","Arthropoda","Insecta","Coleoptera","Carabidae","Harpalinae","Pterostichini","Cyclotrachelus","Evarthrus","convivus",,"Cyclotrachelus convivus","LeConte","species",,"M",,"Freitag, R. 1969. A revision of the species of the genus Evarthrus LeConte. Quaestiones Entomologicae 5:89-212.","Kipling Will","Essig Museum of Entomology",,"No known compromise","N",,
"9b7c6a5e-0c4c-4992-8d05-f0fcad54ab0f","TALL_003.basePlot.bet","D08","TALL","TALL_003","2014-07-02","2014-07-16","2017-01-15","NEON.BET.D08.000119","CYCCON2","Animalia","Arthropoda","Insecta","Coleoptera","Carabidae","Harpalinae","Pterostichini","Cyclotrachelus","Evarthrus","convivus",,"Cyclotrachelus convivus","LeConte","species",,"F",,"Freitag, R. 1969. A revision of the species of the genus Evarthrus LeConte. Quaestiones Entomologicae 5:89-212.","Kipling Will","Essig Museum of Entomology",,"No known compromise","N",,
"58c8865f-df39-4ea4-8a89-2f605c94236b","TALL_003.basePlot.bet","D08","TALL","TALL_003","2014-07-02","2014-07-16","2017-01-15","NEON.BET.D08.000116","CYCCON2","Animalia","Arthropoda","Insecta","Coleoptera","Carabidae","Harpalinae","Pterostichini","Cyclotrachelus","Evarthrus","convivus",,"Cyclotrachelus convivus","LeConte","species",,"F",,"Freitag, R. 1969. A revision of the species of the genus Evarthrus LeConte. Quaestiones Entomologicae 5:89-212.","Kipling Will","Essig Museum of Entomology",,"No known compromise","N",,
"59f410d1-62c3-4bcd-a009-45b4507632db","TALL_009.basePlot.bet","D08","TALL","TALL_009","2014-07-02","2014-07-16","2017-01-15","NEON.BET.D08.000136","CYCFRE","Animalia","Arthropoda","Insecta","Coleoptera","Carabidae","Harpalinae","Pterostichini","Cyclotrachelus","Cyclotrachelus","freitagi",,"Cyclotrachelus freitagi","Bousquet","species",,"M",,"Freitag, R. 1969. A revision of the species of the genus Evarthrus LeConte. Quaestiones Entomologicae 5:89-212.","Kipling Will","Essig Museum of Entomology",,"No known compromise","N",,
"a993c3c6-d382-44ed-b28d-4188d1aa0f2b","TALL_003.basePlot.bet","D08","TALL","TALL_003","2014-07-02","2014-07-16","2017-01-15","NEON.BET.D08.000118","CYCCON2","Animalia","Arthropoda","Insecta","Coleoptera","Carabidae","Harpalinae","Pterostichini","Cyclotrachelus","Evarthrus","convivus",,"Cyclotrachelus convivus","LeConte","species",,"M",,"Freitag, R. 1969. A revision of the species of the genus Evarthrus LeConte. Quaestiones Entomologicae 5:89-212.","Kipling Will","Essig Museum of Entomology",,"No known compromise","N",,
"84917d2c-4e69-4919-abd8-3bb254f67b06","TALL_009.basePlot.bet","D08","TALL","TALL_009","2014-07-02","2014-07-16","2017-01-15","NEON.BET.D08.000138","CYCCON2","Animalia","Arthropoda","Insecta","Coleoptera","Carabidae","Harpalinae","Pterostichini","Cyclotrachelus","Evarthrus","convivus",,"Cyclotrachelus convivus","LeConte","species",,"M",,"Freitag, R. 1969. A revision of the species of the genus Evarthrus LeConte. Quaestiones Entomologicae 5:89-212.","Kipling Will","Essig Museum of Entomology",,"No known compromise","N",,
"8d3dc146-9b47-4975-ac95-8f8c47bfd66e","TALL_009.basePlot.bet","D08","TALL","TALL_009","2014-07-02","2014-07-16","2017-01-15","NEON.BET.D08.000141","SCASUB2","Animalia","Arthropoda","Insecta","Coleoptera","Carabidae","Scaritinae","Scaritini","Scarites","Scarites","subterraneus",,"Scarites subterraneus","Fabricius","species",,"F",,"Bousquet, Y. and P. E. Skelley. 2010. Description of a New Species of Scarites Fabricius (Coleoptera: Carabidae) from Florida. The Coleopterists Bulletin 64(1): 45-49.","Kipling Will","Essig Museum of Entomology",,"No known compromise","N",,
"e9490706-99cd-47db-ba83-334451e1776f","TALL_009.basePlot.bet","D08","TALL","TALL_009","2014-07-02","2014-07-16","2017-01-15","NEON.BET.D08.000140","CYCFRE","Animalia","Arthropoda","Insecta","Coleoptera","Carabidae","Harpalinae","Pterostichini","Cyclotrachelus","Cyclotrachelus","freitagi",,"Cyclotrachelus freitagi","Bousquet","species",,"F",,"Freitag, R. 1969. A revision of the species of the genus Evarthrus LeConte. Quaestiones Entomologicae 5:89-212.","Kipling Will","Essig Museum of Entomology",,"No known compromise","N",,
"04160b4f-4e74-4813-980a-f7a2a0b9acf5","TALL_009.basePlot.bet","D08","TALL","TALL_009","2014-07-02","2014-07-16","2017-01-15","NEON.BET.D08.000139","CYCFRE","Animalia","Arthropoda","Insecta","Coleoptera","Carabidae","Harpalinae","Pterostichini","Cyclotrachelus","Cyclotrachelus","freitagi",,"Cyclotrachelus freitagi","Bousquet","species",,"F",,"Freitag, R. 1969. A revision of the species of the genus Evarthrus LeConte. Quaestiones Entomologicae 5:89-212.","Kipling Will","Essig Museum of Entomology",,"No known compromise","N",,
"d29be4a9-161f-4371-8911-4eb88d044560","TALL_009.basePlot.bet","D08","TALL","TALL_009","2014-07-02","2014-07-16","2017-01-15","NEON.BET.D08.000137","CYCFRE","Animalia","Arthropoda","Insecta","Coleoptera","Carabidae","Harpalinae","Pterostichini","Cyclotrachelus","Cyclotrachelus","freitagi",,"Cyclotrachelus freitagi","Bousquet","species",,"F",,"Freitag, R. 1969. A revision of the species of the genus Evarthrus LeConte. Quaestiones Entomologicae 5:89-212.","Kipling Will","Essig Museum of Entomology",,"No known compromise","N",,
"8e00e834-e056-4df6-ba5e-082fa3e80f39","TALL_009.basePlot.bet","D08","TALL","TALL_009","2014-07-02","2014-07-16","2017-01-15","NEON.BET.D08.000135","DICFUR2","Animalia","Arthropoda","Insecta","Coleoptera","Carabidae","Harpalinae","Licinini","Dicaelus","Paradicaelus","furvus","furvus","Dicaelus furvus furvus","Dejean","subspecies",,"F",,"Ball, G. E. 1992. The Tribe Licinini (Coleoptera: Carabidae): A Review of the Genus-Groups and of the Species of Selected Genera. Journal of the New York Entomological Society 100:325-380.","Kipling Will","Essig Museum of Entomology",,"No known compromise","N",,
"30e280d8-9f31-4049-b230-7d16da56efc8","TALL_007.basePlot.bet","D08","TALL","TALL_007","2014-07-02","2014-07-16","2017-01-15","NEON.BET.D08.000127","CYCCON2","Animalia","Arthropoda","Insecta","Coleoptera","Carabidae","Harpalinae","Pterostichini","Cyclotrachelus","Evarthrus","convivus",,"Cyclotrachelus convivus","LeConte","species",,"M",,"Freitag, R. 1969. A revision of the species of the genus Evarthrus LeConte. Quaestiones Entomologicae 5:89-212.","Kipling Will","Essig Museum of Entomology",,"No known compromise","N",,
"2cf84a20-4836-4f3b-87a5-ee65e7a4a5ba","TALL_007.basePlot.bet","D08","TALL","TALL_007","2014-07-02","2014-07-16","2017-01-15","NEON.BET.D08.000128","CYLUNI","Animalia","Arthropoda","Insecta","Coleoptera","Carabidae","Cicindelinae","Cicindelini","Cylindera","Cylindera","unipunctata",,"Cylindera unipunctata","Fabricius","species",,"M",,"Pearson, D., C. B. Knisley, and C. J. Kazilek. 2006. A Field Guide to the Tiger Beetles of the United States and Canada: Identification, Natural History, and Distribution of the Cicindelidae. Oxford University Press, New York.","Kipling Will","Essig Museum of Entomology",,"No known compromise","N",,
"b3cfe18d-c77b-4b8b-8a74-127487046090","TALL_007.basePlot.bet","D08","TALL","TALL_007","2014-07-02","2014-07-16","2017-01-15","NEON.BET.D08.000125","CYCFRE","Animalia","Arthropoda","Insecta","Coleoptera","Carabidae","Harpalinae","Pterostichini","Cyclotrachelus","Cyclotrachelus","freitagi",,"Cyclotrachelus freitagi","Bousquet","species",,"F",,"Freitag, R. 1969. A revision of the species of the genus Evarthrus LeConte. Quaestiones Entomologicae 5:89-212.","Kipling Will","Essig Museum of Entomology",,"No known compromise","N",,
"563b4ef0-a0fe-46d3-9764-c08067c2dca0","TALL_007.basePlot.bet","D08","TALL","TALL_007","2014-07-02","2014-07-16","2017-01-15","NEON.BET.D08.000123","CYCFRE","Animalia","Arthropoda","Insecta","Coleoptera","Carabidae","Harpalinae","Pterostichini","Cyclotrachelus","Cyclotrachelus","freitagi",,"Cyclotrachelus freitagi","Bousquet","species",,"M",,"Freitag, R. 1969. A revision of the species of the genus Evarthrus LeConte. Quaestiones Entomologicae 5:89-212.","Kipling Will","Essig Museum of Entomology",,"No known compromise","N",,
"e81f56be-eff7-4cee-854d-55e980cefc6b","TALL_007.basePlot.bet","D08","TALL","TALL_007","2014-07-02","2014-07-16","2017-01-15","NEON.BET.D08.000126","CYCCON2","Animalia","Arthropoda","Insecta","Coleoptera","Carabidae","Harpalinae","Pterostichini","Cyclotrachelus","Evarthrus","convivus",,"Cyclotrachelus convivus","LeConte","species",,"F",,"Freitag, R. 1969. A revision of the species of the genus Evarthrus LeConte. Quaestiones Entomologicae 5:89-212.","Kipling Will","Essig Museum of Entomology",,"No known compromise","N",,
"fd5d8a2c-c61c-4207-a523-962d377c2a2a","TALL_007.basePlot.bet","D08","TALL","TALL_007","2014-07-02","2014-07-16","2017-01-15","NEON.BET.D08.000124","CYCCON2","Animalia","Arthropoda","Insecta","Coleoptera","Carabidae","Harpalinae","Pterostichini","Cyclotrachelus","Evarthrus","convivus",,"Cyclotrachelus convivus","LeConte","species",,"M",,"Freitag, R. 1969. A revision of the species of the genus Evarthrus LeConte. Quaestiones Entomologicae 5:89-212.","Kipling Will","Essig Museum of Entomology",,"No known compromise","N",,
"29c4d801-e0c3-4233-ada8-b68f126b345e","TALL_008.basePlot.bet","D08","TALL","TALL_008","2014-07-16","2014-07-30","2017-01-15","NEON.BET.D08.000165","DICDIL1","Animalia","Arthropoda","Insecta","Coleoptera","Carabidae","Harpalinae","Licinini","Dicaelus","Paradicaelus","dilatatus","dilatatus","Dicaelus dilatatus dilatatus","Say","subspecies",,"F",,"Ball, G. E. 1992. The Tribe Licinini (Coleoptera: Carabidae): A Review of the Genus-Groups and of the Species of Selected Genera. Journal of the New York Entomological Society 100:325-380.","Kipling Will","Essig Museum of Entomology",,"No known compromise","N",,
"b02f4977-a55c-4067-9535-7c4885145b3b","TALL_008.basePlot.bet","D08","TALL","TALL_008","2014-07-16","2014-07-30","2017-01-15","NEON.BET.D08.000167","CYCCON2","Animalia","Arthropoda","Insecta","Coleoptera","Carabidae","Harpalinae","Pterostichini","Cyclotrachelus","Evarthrus","convivus",,"Cyclotrachelus convivus","LeConte","species",,"M",,"Freitag, R. 1969. A revision of the species of the genus Evarthrus LeConte. Quaestiones Entomologicae 5:89-212.","Kipling Will","Essig Museum of Entomology",,"No known compromise","N",,
"1219ab83-fe85-4d1b-be6b-e7f8402c6112","TALL_005.basePlot.bet","D08","TALL","TALL_005","2014-07-16","2014-07-30","2017-01-15","NEON.BET.D08.000157","DICFUR2","Animalia","Arthropoda","Insecta","Coleoptera","Carabidae","Harpalinae","Licinini","Dicaelus","Paradicaelus","furvus","furvus","Dicaelus furvus furvus","Dejean","subspecies",,"F",,"Ball, G. E. 1992. The Tribe Licinini (Coleoptera: Carabidae): A Review of the Genus-Groups and of the Species of Selected Genera. Journal of the New York Entomological Society 100:325-380.","Kipling Will","Essig Museum of Entomology",,"No known compromise","N",,
"54246063-ed4d-4d96-a7e0-5be3f10b7fdd","TALL_005.basePlot.bet","D08","TALL","TALL_005","2014-07-16","2014-07-30","2017-01-15","NEON.BET.D08.000159","CYCCON2","Animalia","Arthropoda","Insecta","Coleoptera","Carabidae","Harpalinae","Pterostichini","Cyclotrachelus","Evarthrus","convivus",,"Cyclotrachelus convivus","LeConte","species",,"F",,"Freitag, R. 1969. A revision of the species of the genus Evarthrus LeConte. Quaestiones Entomologicae 5:89-212.","Kipling Will","Essig Museum of Entomology",,"No known compromise","N",,
"05bd978a-7e4b-4d33-8242-3a866d976c79","TALL_005.basePlot.bet","D08","TALL","TALL_005","2014-07-16","2014-07-30","2017-01-15","NEON.BET.D08.000161","PASPUN","Animalia","Arthropoda","Insecta","Coleoptera","Carabidae","Scaritinae","Pasimachini","Pasimachus","Pasimachus","punctulatus",,"Pasimachus punctulatus","Haldeman","species",,"M",,"Banninger, M. 1950. The subtribe Pasimachina (Coleoptera, Carabidae, Scaritini). Revista de Entomologica 21:481-511.","Kipling Will","Essig Museum of Entomology",,"No known compromise","N",,
"01b8db9f-ee24-48a9-b1ff-2fb00607d605","TALL_005.basePlot.bet","D08","TALL","TALL_005","2014-07-16","2014-07-30","2017-01-15","NEON.BET.D08.000158","MORMON","Animalia","Arthropoda","Insecta","Coleoptera","Carabidae","Harpalinae","Morionini","Morion",,"monilicornis",,"Morion monilicornis","Latreille","species",,"F",,"Allen, R. T. 1968. A synopsis of the tribe Morionini in the Western Hemisphere with descriptions of two new species. Caribbean Journal of Science 8:141-163.","Kipling Will","Essig Museum of Entomology",,"No known compromise","N",,
"961bca5f-806e-4d73-99f1-49c098f41217","TALL_007.basePlot.bet","D08","TALL","TALL_007","2014-07-16","2014-07-30","2017-01-15","NEON.BET.D08.000162","CYCCON2","Animalia","Arthropoda","Insecta","Coleoptera","Carabidae","Harpalinae","Pterostichini","Cyclotrachelus","Evarthrus","convivus",,"Cyclotrachelus convivus","LeConte","species",,"M",,"Freitag, R. 1969. A revision of the species of the genus Evarthrus LeConte. Quaestiones Entomologicae 5:89-212.","Kipling Will","Essig Museum of Entomology",,"No known compromise","N",,
"c3ff545b-77f0-4771-aade-c472f625c7fb","TALL_007.basePlot.bet","D08","TALL","TALL_007","2014-07-16","2014-07-30","2017-01-15","NEON.BET.D08.000164","CYCFRE","Animalia","Arthropoda","Insecta","Coleoptera","Carabidae","Harpalinae","Pterostichini","Cyclotrachelus","Cyclotrachelus","freitagi",,"Cyclotrachelus freitagi","Bousquet","species",,"M",,"Freitag, R. 1969. A revision of the species of the genus Evarthrus LeConte. Quaestiones Entomologicae 5:89-212.","Kipling Will","Essig Museum of Entomology",,"No known compromise","N",,
"4f817942-13f1-4742-a7d3-d55ec9bae9f5","TALL_007.basePlot.bet","D08","TALL","TALL_007","2014-07-16","2014-07-30","2017-01-15","NEON.BET.D08.000163","CYCCON2","Animalia","Arthropoda","Insecta","Coleoptera","Carabidae","Harpalinae","Pterostichini","Cyclotrachelus","Evarthrus","convivus",,"Cyclotrachelus convivus","LeConte","species",,"M",,"Freitag, R. 1969. A revision of the species of the genus Evarthrus LeConte. Quaestiones Entomologicae 5:89-212.","Kipling Will","Essig Museum of Entomology",,"No known compromise","N",,
"fe7947eb-5ebf-4342-a929-546dc4a93151","TALL_002.basePlot.bet","D08","TALL","TALL_002","2014-07-16","2014-07-30","2017-01-15","NEON.BET.D08.000149","CYCCON2","Animalia","Arthropoda","Insecta","Coleoptera","Carabidae","Harpalinae","Pterostichini","Cyclotrachelus","Evarthrus","convivus",,"Cyclotrachelus convivus","LeConte","species",,"M",,"Freitag, R. 1969. A revision of the species of the genus Evarthrus LeConte. Quaestiones Entomologicae 5:89-212.","Kipling Will","Essig Museum of Entomology",,"No known compromise","N",,
"2ffb002d-0c3c-4997-b5d5-27a279ec120f","TALL_003.basePlot.bet","D08","TALL","TALL_003","2014-07-16","2014-07-30","2017-01-15","NEON.BET.D08.000152","CYCCON2","Animalia","Arthropoda","Insecta","Coleoptera","Carabidae","Harpalinae","Pterostichini","Cyclotrachelus","Evarthrus","convivus",,"Cyclotrachelus convivus","LeConte","species",,"M",,"Freitag, R. 1969. A revision of the species of the genus Evarthrus LeConte. Quaestiones Entomologicae 5:89-212.","Kipling Will","Essig Museum of Entomology",,"No known compromise","N",,
"cc1aab46-6022-4bcf-8c60-9e7c52c81373","TALL_003.basePlot.bet","D08","TALL","TALL_003","2014-07-16","2014-07-30","2017-01-15","NEON.BET.D08.000150","CYCCON2","Animalia","Arthropoda","Insecta","Coleoptera","Carabidae","Harpalinae","Pterostichini","Cyclotrachelus","Evarthrus","convivus",,"Cyclotrachelus convivus","LeConte","species",,"M",,"Freitag, R. 1969. A revision of the species of the genus Evarthrus LeConte. Quaestiones Entomologicae 5:89-212.","Kipling Will","Essig Museum of Entomology",,"No known compromise","N",,
"80379cb2-40ab-4d0d-b8c5-3af3c004ac1f","TALL_003.basePlot.bet","D08","TALL","TALL_003","2014-07-16","2014-07-30","2017-01-15","NEON.BET.D08.000156","CYCCON2","Animalia","Arthropoda","Insecta","Coleoptera","Carabidae","Harpalinae","Pterostichini","Cyclotrachelus","Evarthrus","convivus",,"Cyclotrachelus convivus","LeConte","species",,"F",,"Freitag, R. 1969. A revision of the species of the genus Evarthrus LeConte. Quaestiones Entomologicae 5:89-212.","Kipling Will","Essig Museum of Entomology",,"No known compromise","N",,
"fc1456ef-dc7c-4e9d-af44-7aaff679585d","TALL_003.basePlot.bet","D08","TALL","TALL_003","2014-07-16","2014-07-30","2017-01-15","NEON.BET.D08.000155","CYCCON2","Animalia","Arthropoda","Insecta","Coleoptera","Carabidae","Harpalinae","Pterostichini","Cyclotrachelus","Evarthrus","convivus",,"Cyclotrachelus convivus","LeConte","species",,"F",,"Freitag, R. 1969. A revision of the species of the genus Evarthrus LeConte. Quaestiones Entomologicae 5:89-212.","Kipling Will","Essig Museum of Entomology",,"No known compromise","N",,
"47839b53-4f1e-4478-87b0-06395d3db14a","TALL_003.basePlot.bet","D08","TALL","TALL_003","2014-07-16","2014-07-30","2017-01-15","NEON.BET.D08.000154","CYCCON2","Animalia","Arthropoda","Insecta","Coleoptera","Carabidae","Harpalinae","Pterostichini","Cyclotrachelus","Evarthrus","convivus",,"Cyclotrachelus convivus","LeConte","species",,"M",,"Freitag, R. 1969. A revision of the species of the genus Evarthrus LeConte. Quaestiones Entomologicae 5:89-212.","Kipling Will","Essig Museum of Entomology",,"No known compromise","N",,
"5b04a969-8189-4f46-b1e7-bb9436df346a","TALL_003.basePlot.bet","D08","TALL","TALL_003","2014-07-16","2014-07-30","2017-01-15","NEON.BET.D08.000153","CYCCON2","Animalia","Arthropoda","Insecta","Coleoptera","Carabidae","Harpalinae","Pterostichini","Cyclotrachelus","Evarthrus","convivus",,"Cyclotrachelus convivus","LeConte","species",,"M",,"Freitag, R. 1969. A revision of the species of the genus Evarthrus LeConte. Quaestiones Entomologicae 5:89-212.","Kipling Will","Essig Museum of Entomology",,"No known compromise","N",,
"7544a880-7e7b-4707-ac51-b70d6432243c","TALL_003.basePlot.bet","D08","TALL","TALL_003","2014-07-16","2014-07-30","2017-01-15","NEON.BET.D08.000151","CYCCON2","Animalia","Arthropoda","Insecta","Coleoptera","Carabidae","Harpalinae","Pterostichini","Cyclotrachelus","Evarthrus","convivus",,"Cyclotrachelus convivus","LeConte","species",,"F",,"Freitag, R. 1969. A revision of the species of the genus Evarthrus LeConte. Quaestiones Entomologicae 5:89-212.","Kipling Will","Essig Museum of Entomology",,"No known compromise","N",,
"a767e9db-fae5-4ca6-9699-441b7ded69e3","TALL_009.basePlot.bet","D08","TALL","TALL_009","2014-07-16","2014-07-30","2017-01-15","NEON.BET.D08.000182","CYCCON2","Animalia","Arthropoda","Insecta","Coleoptera","Carabidae","Harpalinae","Pterostichini","Cyclotrachelus","Evarthrus","convivus",,"Cyclotrachelus convivus","LeConte","species",,"F",,"Freitag, R. 1969. A revision of the species of the genus Evarthrus LeConte. Quaestiones Entomologicae 5:89-212.","Kipling Will","Essig Museum of Entomology",,"No known compromise","N",,
"2d742413-5332-4077-9b90-b17ac4c2cbaf","TALL_009.basePlot.bet","D08","TALL","TALL_009","2014-07-16","2014-07-30","2017-01-15","NEON.BET.D08.000181","CYCCON2","Animalia","Arthropoda","Insecta","Coleoptera","Carabidae","Harpalinae","Pterostichini","Cyclotrachelus","Evarthrus","convivus",,"Cyclotrachelus convivus","LeConte","species",,"F",,"Freitag, R. 1969. A revision of the species of the genus Evarthrus LeConte. Quaestiones Entomologicae 5:89-212.","Kipling Will","Essig Museum of Entomology",,"No known compromise","N",,
"bc5961fa-d2ad-48f9-9ba4-6541157d95f4","TALL_009.basePlot.bet","D08","TALL","TALL_009","2014-07-16","2014-07-30","2017-01-15","NEON.BET.D08.000178","CYCFRE","Animalia","Arthropoda","Insecta","Coleoptera","Carabidae","Harpalinae","Pterostichini","Cyclotrachelus","Cyclotrachelus","freitagi",,"Cyclotrachelus freitagi","Bousquet","species",,"F",,"Freitag, R. 1969. A revision of the species of the genus Evarthrus LeConte. Quaestiones Entomologicae 5:89-212.","Kipling Will","Essig Museum of Entomology",,"No known compromise","N",,
"4344489f-7780-4c95-ba44-72dd2ec58d43","TALL_009.basePlot.bet","D08","TALL","TALL_009","2014-07-16","2014-07-30","2017-01-15","NEON.BET.D08.000174","CYCFRE","Animalia","Arthropoda","Insecta","Coleoptera","Carabidae","Harpalinae","Pterostichini","Cyclotrachelus","Cyclotrachelus","freitagi",,"Cyclotrachelus freitagi","Bousquet","species",,"F",,"Freitag, R. 1969. A revision of the species of the genus Evarthrus LeConte. Quaestiones Entomologicae 5:89-212.","Kipling Will","Essig Museum of Entomology",,"No known compromise","N",,
"df3ecc06-1794-488d-b03f-0f30aaa1fd6b","TALL_009.basePlot.bet","D08","TALL","TALL_009","2014-07-16","2014-07-30","2017-01-15","NEON.BET.D08.000176","CYLUNI","Animalia","Arthropoda","Insecta","Coleoptera","Carabidae","Cicindelinae","Cicindelini","Cylindera","Cylindera","unipunctata",,"Cylindera unipunctata","Fabricius","species",,"M",,"Pearson, D., C. B. Knisley, and C. J. Kazilek. 2006. A Field Guide to the Tiger Beetles of the United States and Canada: Identification, Natural History, and Distribution of the Cicindelidae. Oxford University Press, New York.","Kipling Will","Essig Museum of Entomology",,"No known compromise","N",,
"fa6ae3ab-11d6-407f-8afd-f98489efaad3","TALL_009.basePlot.bet","D08","TALL","TALL_009","2014-07-16","2014-07-30","2017-01-15","NEON.BET.D08.000175","CYCCON2","Animalia","Arthropoda","Insecta","Coleoptera","Carabidae","Harpalinae","Pterostichini","Cyclotrachelus","Evarthrus","convivus",,"Cyclotrachelus convivus","LeConte","species",,"M",,"Freitag, R. 1969. A revision of the species of the genus Evarthrus LeConte. Quaestiones Entomologicae 5:89-212.","Kipling Will","Essig Museum of Entomology",,"No known compromise","N",,
"bd1bc5c3-bfb1-43ba-bb32-3d2ef1447479","TALL_009.basePlot.bet","D08","TALL","TALL_009","2014-07-16","2014-07-30","2017-01-15","NEON.BET.D08.000173","CYCCON2","Animalia","Arthropoda","Insecta","Coleoptera","Carabidae","Harpalinae","Pterostichini","Cyclotrachelus","Evarthrus","convivus",,"Cyclotrachelus convivus","LeConte","species",,"F",,"Freitag, R. 1969. A revision of the species of the genus Evarthrus LeConte. Quaestiones Entomologicae 5:89-212.","Kipling Will","Essig Museum of Entomology",,"No known compromise","N",,
"1f36345c-0c34-4913-b451-254cfd0c4283","TALL_009.basePlot.bet","D08","TALL","TALL_009","2014-07-16","2014-07-30","2017-01-15","NEON.BET.D08.000180","CYCCON2","Animalia","Arthropoda","Insecta","Coleoptera","Carabidae","Harpalinae","Pterostichini","Cyclotrachelus","Evarthrus","convivus",,"Cyclotrachelus convivus","LeConte","species",,"M",,"Freitag, R. 1969. A revision of the species of the genus Evarthrus LeConte. Quaestiones Entomologicae 5:89-212.","Kipling Will","Essig Museum of Entomology",,"No known compromise","N",,
"fe4b97fb-9515-4e17-acf7-a6b79d95c91c","TALL_009.basePlot.bet","D08","TALL","TALL_009","2014-07-16","2014-07-30","2017-01-15","NEON.BET.D08.000179","DICFUR2","Animalia","Arthropoda","Insecta","Coleoptera","Carabidae","Harpalinae","Licinini","Dicaelus","Paradicaelus","furvus","furvus","Dicaelus furvus furvus","Dejean","subspecies",,"F",,"Ball, G. E. 1992. The Tribe Licinini (Coleoptera: Carabidae): A Review of the Genus-Groups and of the Species of Selected Genera. Journal of the New York Entomological Society 100:325-380.","Kipling Will","Essig Museum of Entomology",,"No known compromise","N",,
"58e2ce44-adcf-4a75-ba36-c282e4ce456c","TALL_009.basePlot.bet","D08","TALL","TALL_009","2014-07-16","2014-07-30","2017-01-15","NEON.BET.D08.000172","DICFUR2","Animalia","Arthropoda","Insecta","Coleoptera","Carabidae","Harpalinae","Licinini","Dicaelus","Paradicaelus","furvus","furvus","Dicaelus furvus furvus","Dejean","subspecies",,"M",,"Ball, G. E. 1992. The Tribe Licinini (Coleoptera: Carabidae): A Review of the Genus-Groups and of the Species of Selected Genera. Journal of the New York Entomological Society 100:325-380.","Kipling Will","Essig Museum of Entomology",,"No known compromise","N",,
"a6af3db9-ebed-4901-adee-bc1215e2ac1e","TALL_009.basePlot.bet","D08","TALL","TALL_009","2014-07-16","2014-07-30","2017-01-15","NEON.BET.D08.000177","CYCCON2","Animalia","Arthropoda","Insecta","Coleoptera","Carabidae","Harpalinae","Pterostichini","Cyclotrachelus","Evarthrus","convivus",,"Cyclotrachelus convivus","LeConte","species",,"F",,"Freitag, R. 1969. A revision of the species of the genus Evarthrus LeConte. Quaestiones Entomologicae 5:89-212.","Kipling Will","Essig Museum of Entomology",,"No known compromise","N",,
"21cbe3a6-19ab-493d-b910-f85bd14cac33","TALL_013.basePlot.bet","D08","TALL","TALL_013","2014-07-16","2014-07-30","2017-01-15","NEON.BET.D08.000183","CYCCON2","Animalia","Arthropoda","Insecta","Coleoptera","Carabidae","Harpalinae","Pterostichini","Cyclotrachelus","Evarthrus","convivus",,"Cyclotrachelus convivus","LeConte","species",,"F",,"Freitag, R. 1969. A revision of the species of the genus Evarthrus LeConte. Quaestiones Entomologicae 5:89-212.","Kipling Will","Essig Museum of Entomology",,"No known compromise","N",,
"2bb4ebf0-e8ee-4d81-8ee4-3d2c19bb0d5e","TALL_013.basePlot.bet","D08","TALL","TALL_013","2014-07-16","2014-07-30","2017-01-15","NEON.BET.D08.000184","CYCCON2","Animalia","Arthropoda","Insecta","Coleoptera","Carabidae","Harpalinae","Pterostichini","Cyclotrachelus","Evarthrus","convivus",,"Cyclotrachelus convivus","LeConte","species",,"F",,"Freitag, R. 1969. A revision of the species of the genus Evarthrus LeConte. Quaestiones Entomologicae 5:89-212.","Kipling Will","Essig Museum of Entomology",,"No known compromise","N",,
"b4ccae46-ea64-43e0-acdc-eaa882e2de50","TALL_008.basePlot.bet","D08","TALL","TALL_008","2014-07-16","2014-07-30","2017-01-15","NEON.BET.D08.000170","LOXCRE","Animalia","Arthropoda","Insecta","Coleoptera","Carabidae","Harpalinae","Abacetini","Loxandrus",,"crenatus",,"Loxandrus crenatus","LeConte","species",,"F",,"Allen, R. T. 1972. A revision of the genus Loxandrus Leconte (Coleoptera: Carabidae) in North America. Entomologica Americana 46:1-184.","Kipling Will","Essig Museum of Entomology",,"No known compromise","N",,
"87a63182-9edc-41f5-8bce-959190c702cc","TALL_008.basePlot.bet","D08","TALL","TALL_008","2014-07-16","2014-07-30","2017-01-15","NEON.BET.D08.000168","CYCCON2","Animalia","Arthropoda","Insecta","Coleoptera","Carabidae","Harpalinae","Pterostichini","Cyclotrachelus","Evarthrus","convivus",,"Cyclotrachelus convivus","LeConte","species",,"F",,"Freitag, R. 1969. A revision of the species of the genus Evarthrus LeConte. Quaestiones Entomologicae 5:89-212.","Kipling Will","Essig Museum of Entomology",,"No known compromise","N",,
"bc8cc610-46f2-49cb-8938-11fa40512516","TALL_008.basePlot.bet","D08","TALL","TALL_008","2014-07-16","2014-07-30","2017-01-15","NEON.BET.D08.000169","CYCCON2","Animalia","Arthropoda","Insecta","Coleoptera","Carabidae","Harpalinae","Pterostichini","Cyclotrachelus","Evarthrus","convivus",,"Cyclotrachelus convivus","LeConte","species",,"F",,"Freitag, R. 1969. A revision of the species of the genus Evarthrus LeConte. Quaestiones Entomologicae 5:89-212.","Kipling Will","Essig Museum of Entomology",,"No known compromise","N",,
"c74ee337-543a-4916-a91f-ee44ef41efeb","TALL_008.basePlot.bet","D08","TALL","TALL_008","2014-07-16","2014-07-30","2017-01-15","NEON.BET.D08.000171","CYLUNI","Animalia","Arthropoda","Insecta","Coleoptera","Carabidae","Cicindelinae","Cicindelini","Cylindera","Cylindera","unipunctata",,"Cylindera unipunctata","Fabricius","species",,"F",,"Pearson, D., C. B. Knisley, and C. J. Kazilek. 2006. A Field Guide to the Tiger Beetles of the United States and Canada: Identification, Natural History, and Distribution of the Cicindelidae. Oxford University Press, New York.","Kipling Will","Essig Museum of Entomology",,"No known compromise","N",,
"f8c3a71f-5550-4b87-9405-6c3c29fb1414","TALL_008.basePlot.bet","D08","TALL","TALL_008","2014-07-16","2014-07-30","2017-01-15","NEON.BET.D08.000166","DICDIL1","Animalia","Arthropoda","Insecta","Coleoptera","Carabidae","Harpalinae","Licinini","Dicaelus","Paradicaelus","dilatatus","dilatatus","Dicaelus dilatatus dilatatus","Say","subspecies",,"M",,"Ball, G. E. 1992. The Tribe Licinini (Coleoptera: Carabidae): A Review of the Genus-Groups and of the Species of Selected Genera. Journal of the New York Entomological Society 100:325-380.","Kipling Will","Essig Museum of Entomology",,"No known compromise","N",,
"291d2743-0d95-44e4-9e33-d7809ecafae6","TALL_005.basePlot.bet","D08","TALL","TALL_005","2014-07-16","2014-07-30","2017-01-15","NEON.BET.D08.000160","CYLUNI","Animalia","Arthropoda","Insecta","Coleoptera","Carabidae","Cicindelinae","Cicindelini","Cylindera","Cylindera","unipunctata",,"Cylindera unipunctata","Fabricius","species",,"F",,"Pearson, D., C. B. Knisley, and C. J. Kazilek. 2006. A Field Guide to the Tiger Beetles of the United States and Canada: Identification, Natural History, and Distribution of the Cicindelidae. Oxford University Press, New York.","Kipling Will","Essig Museum of Entomology",,"No known compromise","N",,
