uid,namedLocation,domainID,siteID,plotID,trapID,setDate,collectDate,processingDate,etOHChangeDate,identifiedDate,sampleID,subsampleID,sampleType,taxonID,scientificName,taxonRank,identificationQualifier,scientificNameAuthorship,morphospeciesID,individualCount,identificationReferences,identifiedBy,recordedBy,remarks
"e2245099-6b2b-4937-a7df-7bb21f13cece","TALL_003.basePlot.bet","D08","TALL","TALL_003","E","2014-06-18","2014-07-02","2014-07-03","2014-07-04","2014-10-23","TALL_003.E.20140702","M7Kgwa5WKWr1GKdJdwX2+AuCVAP87wMDmGTfKDw3CPQ=","carabid","CARSP14","Carabidae sp.","family",,"Latreille","D08.2014.MorphD",1,"Ciegler, J. C. 2000. Ground beetles and wrinkled bark beetles of South Carolina (Coleoptera: Geadephaga: Carabidae and Rhysodidae). Biota of South Carolina. Vol. 1. Clemson, S. Clemson University.","us1ZuF/YFaJ9IETdiexVrD+fHDIIxGwg","KFr7JcBjQm9J5uplJHTZe2CPbWEwyKSf","11.6-19.2mm. Elytra dull, pronotum moderately shiny. Frontal grooves of head fairly deep and sharply defined, angulate near middle, the bend directed medially. Pronotum quadrate slightly constricted anteriorly and posteriorly, sides not anterior transvers"
"453ea779-633f-4bcc-801c-c184ad4e00ef","TALL_013.basePlot.bet","D08","TALL","TALL_013","W","2014-06-18","2014-07-02","2014-07-03","2014-07-04","2014-10-08","TALL_013.W.20140702","636VT4a85rB2oAd8WtikWWHW7d5BIIc4GX9IzDV8LpA=","carabid","CARSP14","Carabidae sp.","family",,"Latreille","D08.2014.MorphF",1,"Ciegler, J. C. 2000. Ground beetles and wrinkled bark beetles of South Carolina (Coleoptera: Geadephaga: Carabidae and Rhysodidae). Biota of South Carolina. Vol. 1. Clemson, S. Clemson University.","us1ZuF/YFaJ9IETdiexVrD+fHDIIxGwg","k9RGYYlHbRjV3A3WUFea/N2LuvhVMV3/","Black, very shiny| edges of elytra and legs reddish brown. Mandibles long and slender. All individual morphospecies pinned"
"1c604cd1-8a4a-4aa9-92eb-792596357789","TALL_013.basePlot.bet","D08","TALL","TALL_013","E","2014-06-18","2014-07-02","2014-07-03","2014-07-04","2014-10-23","TALL_013.E.20140702","636VT4a85rC9TmkVrWIaY7UTS+xNhbBZzNKKaRa18DY=","carabid","CARSP14","Carabidae sp.","family",,"Latreille","D08.2014.MorphD",1,"Ciegler, J. C. 2000. Ground beetles and wrinkled bark beetles of South Carolina (Coleoptera: Geadephaga: Carabidae and Rhysodidae). Biota of South Carolina. Vol. 1. Clemson, S. Clemson University.","us1ZuF/YFaJ9IETdiexVrD+fHDIIxGwg","k9RGYYlHbRjV3A3WUFea/N2LuvhVMV3/","11.6-19.2mm. Elytra dull, pronotum moderately shiny. Frontal grooves of head fairly deep and sharply defined, angulate near middle, the bend directed medially. Pronotum quadrate slightly constricted anteriorly and posteriorly, sides not anterior transvers"
"2aa7e38d-318e-4a32-9207-a664ffa15a4f","TALL_003.basePlot.bet","D08","TALL","TALL_003","E","2014-06-18","2014-07-02","2014-07-03","2014-07-04",,"TALL_003.E.20140702","M7Kgwa5WKWr1GKdJdwX2+Da09Q83OM02DBU0cWFTUNE=","other carabid","CARSP14","Carabidae sp.","family",,"Latreille",,1,"Other",,"KFr7JcBjQm9J5uplJHTZe2CPbWEwyKSf","individualCount estimated based on number of pinning records|19-25mm. Elongate. Black, somewhat shiny to dull. Base of pronotum wider than apex, margins very markedly reflexed| two setigerous punctures near each lateral striae deep, impunctate| intervals quite convex| carina of interval 7 not extended to middle."
"2148c36d-9bfe-49fb-97e7-4c9532f36622","TALL_003.basePlot.bet","D08","TALL","TALL_003","E","2014-06-18","2014-07-02","2014-07-03","2014-07-04",,"TALL_003.E.20140702","M7Kgwa5WKWr1GKdJdwX2+Da09Q83OM02dNwBtNpgEbk=","other carabid","CARSP14","Carabidae sp.","family",,"Latreille",,1,"Other",,"KFr7JcBjQm9J5uplJHTZe2CPbWEwyKSf","individualCount estimated based on number of pinning records|Black, Blue margins. Base of pronotum margined next to scutellum. Elytra smooth and dull. Mandibles robust."
"167cba9d-38e1-45a5-9209-b0edcdee54f1","TALL_003.basePlot.bet","D08","TALL","TALL_003","E","2014-06-18","2014-07-02","2014-07-03","2014-07-04",,"TALL_003.E.20140702","M7Kgwa5WKWr1GKdJdwX2+Da09Q83OM027CWp1TLVIio=","other carabid","CARSP14","Carabidae sp.","family",,"Latreille",,1,"Other",,"KFr7JcBjQm9J5uplJHTZe2CPbWEwyKSf","individualCount estimated based on number of pinning records|reddish brown body, Legs bright red. Pronutum wider than head and heart shaped. Elytra striated and slightly duller than pronotum."
"3b108555-3ae6-4ac5-9fa3-d8fd7882c036","TALL_007.basePlot.bet","D08","TALL","TALL_007","E","2014-06-18","2014-07-02","2014-07-03","2014-07-04",,"TALL_007.E.20140702","dCnpKCfrHjN7Gy+yQyAKagFQ90xAZfKcGQPSGrF8AN0=","other carabid","CARSP14","Carabidae sp.","family",,"Latreille",,2,"Other",,"uXSN77Q7x9cACyt+x8PEhxuBjTDRBKZV","individualCount estimated based on number of pinning records|Black, Blue margins. Base of pronotum margined next to scutellum. Elytra smooth and dull. Mandibles robust."
"a5607774-d866-4ba1-ac17-e23e3f211cb1","TALL_005.basePlot.bet","D08","TALL","TALL_005","E","2014-06-18","2014-07-02","2014-07-03","2014-07-04","2014-10-23","TALL_005.E.20140702","t0MQRG9cttnXg9ElZ7UgokhyOS+gwUhMmeP+jT0ua7Y=","carabid","CARSP14","Carabidae sp.","family",,"Latreille","D08.2014.MorphD",1,"Ciegler, J. C. 2000. Ground beetles and wrinkled bark beetles of South Carolina (Coleoptera: Geadephaga: Carabidae and Rhysodidae). Biota of South Carolina. Vol. 1. Clemson, S. Clemson University.","us1ZuF/YFaJ9IETdiexVrD+fHDIIxGwg","2Y7NY6M/2OxpFm+HhOxA2SgRyzLCDA85","11.6-19.2mm. Elytra dull, pronotum moderately shiny. Frontal grooves of head fairly deep and sharply defined, angulate near middle, the bend directed medially. Pronotum quadrate slightly constricted anteriorly and posteriorly, sides not anterior transvers"
"ccd5d313-4444-45a6-8f5b-b4461bb62c5e","TALL_004.basePlot.bet","D08","TALL","TALL_004","N","2014-06-18","2014-07-02","2014-07-03","2014-07-04",,"TALL_004.N.20140702","Qa/aVRg+qTPrFwwaq/Vrv9H6HE7XF3Hgp0k9YdrcUgo=","invert bycatch",,,,,,,,,,"9NpSOfdMh8lijcaKJO/PGvrTe+m1fKRQ",
"1096b226-9094-4ad4-9202-7ffa1c7e9000","TALL_008.basePlot.bet","D08","TALL","TALL_008","N","2014-06-18","2014-07-02","2014-07-03","2014-07-04","2014-10-23","TALL_008.N.20140702","ohyOCuNZZNECnNQhcnmpAXCj3SPOTgdtNwIL/6YRAEk=","carabid","CARSP14","Carabidae sp.","family",,"Latreille","D08.2014.MorphD",1,"Ciegler, J. C. 2000. Ground beetles and wrinkled bark beetles of South Carolina (Coleoptera: Geadephaga: Carabidae and Rhysodidae). Biota of South Carolina. Vol. 1. Clemson, S. Clemson University.","us1ZuF/YFaJ9IETdiexVrD+fHDIIxGwg","2Y7NY6M/2OxpFm+HhOxA2SgRyzLCDA85","11.6-19.2mm. Elytra dull, pronotum moderately shiny. Frontal grooves of head fairly deep and sharply defined, angulate near middle, the bend directed medially. Pronotum quadrate slightly constricted anteriorly and posteriorly, sides not anterior transvers"
"87457b41-3e8d-47bc-a423-edb62545c5dc","TALL_006.basePlot.bet","D08","TALL","TALL_006","N","2014-06-18","2014-07-02","2014-07-03","2014-07-04",,"TALL_006.N.20140702","GF+klScYxlOx9ycIiDxYKGYJmOHGY1Qdt+Vgbm2X0/g=","invert bycatch",,,,,,,,,,"9NpSOfdMh8lijcaKJO/PGvrTe+m1fKRQ",
"bd77f19b-dad3-4f26-9a9b-fe4330112b9f","TALL_001.basePlot.bet","D08","TALL","TALL_001","N","2014-06-18","2014-07-02","2014-07-03","2014-07-04",,"TALL_001.N.20140702","oBD9lvhf20l9OYUubMfz43cklHHv8hqNF511wq6SMBw=","invert bycatch",,,,,,,,,,"1BXlVo/+sgQnzGKl3MtQcn6rxZDFIa/f",
"a70600a4-0cf3-4597-9043-a490ce32f68d","TALL_007.basePlot.bet","D08","TALL","TALL_007","N","2014-06-18","2014-07-02","2014-07-03","2014-07-04",,"TALL_007.N.20140702","dCnpKCfrHjOVQk2Phb9g9sRJTxT7qq5AMU33sVtbm54=","invert bycatch",,,,,,,,,,"uXSN77Q7x9cACyt+x8PEhxuBjTDRBKZV",
"f941ec93-0926-42e6-82c4-a7268901f794","TALL_002.basePlot.bet","D08","TALL","TALL_002","N","2014-06-18","2014-07-02","2014-07-03","2014-07-04",,"TALL_002.N.20140702","GD+N/Fshctz84eWStkt1c1E2cDjsUfD0zmReBR73uq4=","invert bycatch",,,,,,,,,,"us1ZuF/YFaJ9IETdiexVrD+fHDIIxGwg",
"0317b603-063e-4723-aa31-eabd8e0af754","TALL_002.basePlot.bet","D08","TALL","TALL_002","N","2014-06-18","2014-07-02","2014-07-03","2014-07-04","2014-10-23","TALL_002.N.20140702","GD+N/Fshctz84eWStkt1cy+29OT37rI6CoUHMs40yKI=","carabid","CARSP14","Carabidae sp.","family",,"Latreille","D08.2014.MorphD",1,"Ciegler, J. C. 2000. Ground beetles and wrinkled bark beetles of South Carolina (Coleoptera: Geadephaga: Carabidae and Rhysodidae). Biota of South Carolina. Vol. 1. Clemson, S. Clemson University.","us1ZuF/YFaJ9IETdiexVrD+fHDIIxGwg","us1ZuF/YFaJ9IETdiexVrD+fHDIIxGwg","11.6-19.2mm. Elytra dull, pronotum moderately shiny. Frontal grooves of head fairly deep and sharply defined, angulate near middle, the bend directed medially. Pronotum quadrate slightly constricted anteriorly and posteriorly, sides not anterior transvers"
"0beee059-5767-4207-b450-9675b9cf7278","TALL_009.basePlot.bet","D08","TALL","TALL_009","N","2014-06-18","2014-07-02","2014-07-03","2014-07-04",,"TALL_009.N.20140702","l/M16YIQdhnZqz5vdEY/25HvgVeEroJtpcon0WFMQXw=","invert bycatch",,,,,,,,,,"k9RGYYlHbRjV3A3WUFea/N2LuvhVMV3/",
"39a49b23-f064-4405-b1bd-a4b1b9bdf840","TALL_013.basePlot.bet","D08","TALL","TALL_013","N","2014-06-18","2014-07-02","2014-07-03","2014-07-04",,"TALL_013.N.20140702","636VT4a85rCe14e3OkMIX4RdyeHvgFfBDtSDFaorRMM=","invert bycatch",,,,,,,,,,"k9RGYYlHbRjV3A3WUFea/N2LuvhVMV3/",
"924f3fcf-8deb-4a7c-8f08-1043fa2711e2","TALL_008.basePlot.bet","D08","TALL","TALL_008","N","2014-06-18","2014-07-02","2014-07-03","2014-07-04",,"TALL_008.N.20140702","ohyOCuNZZNECnNQhcnmpAeYbguS57n7pzMq/3RZuhB8=","invert bycatch",,,,,,,,,,"2Y7NY6M/2OxpFm+HhOxA2SgRyzLCDA85",
"4e5fd2fc-4c77-4264-a910-1e739ba87fd1","TALL_009.basePlot.bet","D08","TALL","TALL_009","N","2014-06-18","2014-07-02","2014-07-03","2014-07-04","2014-10-23","TALL_009.N.20140702","l/M16YIQdhnZqz5vdEY/22SNWNH9lAjzzWvXR/tmryQ=","carabid","CARSP14","Carabidae sp.","family",,"Latreille","D08.2014.MorphD",1,"Ciegler, J. C. 2000. Ground beetles and wrinkled bark beetles of South Carolina (Coleoptera: Geadephaga: Carabidae and Rhysodidae). Biota of South Carolina. Vol. 1. Clemson, S. Clemson University.","us1ZuF/YFaJ9IETdiexVrD+fHDIIxGwg","k9RGYYlHbRjV3A3WUFea/N2LuvhVMV3/","11.6-19.2mm. Elytra dull, pronotum moderately shiny. Frontal grooves of head fairly deep and sharply defined, angulate near middle, the bend directed medially. Pronotum quadrate slightly constricted anteriorly and posteriorly, sides not anterior transvers"
"b0a71e03-a266-4114-b3d1-93a35ccc2003","TALL_003.basePlot.bet","D08","TALL","TALL_003","N","2014-06-18","2014-07-02","2014-07-03","2014-07-04",,"TALL_003.N.20140702","M7Kgwa5WKWrsEoTB/KZYrcKK/jFQpM6wyUMs64EwtKQ=","invert bycatch",,,,,,,,,,"KFr7JcBjQm9J5uplJHTZe2CPbWEwyKSf",
"ac3826d6-1ee4-40e4-8878-4918136ff29f","TALL_003.basePlot.bet","D08","TALL","TALL_003","N","2014-06-18","2014-07-02","2014-07-03","2014-07-04","2014-10-08","TALL_003.N.20140702","M7Kgwa5WKWrsEoTB/KZYrU8EKMiA1UJaVegKSO8Z8XI=","carabid","CARSP14","Carabidae sp.","family",,"Latreille","D08.2014.MorphF",2,"Ciegler, J. C. 2000. Ground beetles and wrinkled bark beetles of South Carolina (Coleoptera: Geadephaga: Carabidae and Rhysodidae). Biota of South Carolina. Vol. 1. Clemson, S. Clemson University.","us1ZuF/YFaJ9IETdiexVrD+fHDIIxGwg","KFr7JcBjQm9J5uplJHTZe2CPbWEwyKSf","Black, very shiny| edges of elytra and legs reddish brown. Mandibles long and slender. All individual morphospecies pinned"
"40d48394-db11-4a4e-ba39-1e32bc820254","TALL_003.basePlot.bet","D08","TALL","TALL_003","N","2014-06-18","2014-07-02","2014-07-03","2014-07-04","2014-10-23","TALL_003.N.20140702","M7Kgwa5WKWrsEoTB/KZYrU8EKMiA1UJajDIx2wRCYnU=","carabid","CARSP14","Carabidae sp.","family",,"Latreille","D08.2014.MorphD",2,"Ciegler, J. C. 2000. Ground beetles and wrinkled bark beetles of South Carolina (Coleoptera: Geadephaga: Carabidae and Rhysodidae). Biota of South Carolina. Vol. 1. Clemson, S. Clemson University.","us1ZuF/YFaJ9IETdiexVrD+fHDIIxGwg","KFr7JcBjQm9J5uplJHTZe2CPbWEwyKSf","11.6-19.2mm. Elytra dull, pronotum moderately shiny. Frontal grooves of head fairly deep and sharply defined, angulate near middle, the bend directed medially. Pronotum quadrate slightly constricted anteriorly and posteriorly, sides not anterior transvers"
"6e6124f1-f366-4c88-bdea-baee4fc39e41","TALL_005.basePlot.bet","D08","TALL","TALL_005","N","2014-06-18","2014-07-02","2014-07-03","2014-07-04",,"TALL_005.N.20140702","t0MQRG9cttngFqgPdBhhpZFxlLvthnG195m+BvEGuNY=","other carabid","CARSP14","Carabidae sp.","family",,"Latreille",,1,"Other",,"2Y7NY6M/2OxpFm+HhOxA2SgRyzLCDA85","individualCount estimated based on number of pinning records|reddish brown body, Legs bright red. Pronutum wider than head and heart shaped. Elytra striated and slightly duller than pronotum."
"c051aa88-eaaa-4c96-948b-2bd1c19618ca","TALL_005.basePlot.bet","D08","TALL","TALL_005","N","2014-06-18","2014-07-02","2014-07-03","2014-07-04",,"TALL_005.N.20140702","t0MQRG9cttngFqgPdBhhpTyOgxNEvfQCsKEPxXBz3vM=","invert bycatch",,,,,,,,,,"2Y7NY6M/2OxpFm+HhOxA2SgRyzLCDA85",
"92e1dc31-5015-4cf8-8569-7280aac3b22f","TALL_005.basePlot.bet","D08","TALL","TALL_005","N","2014-06-18","2014-07-02","2014-07-03","2014-07-04","2014-10-23","TALL_005.N.20140702","t0MQRG9cttngFqgPdBhhpUuBkNBN3vagmfa/+F304c0=","carabid","CARSP14","Carabidae sp.","family",,"Latreille","D08.2014.MorphD",3,"Ciegler, J. C. 2000. Ground beetles and wrinkled bark beetles of South Carolina (Coleoptera: Geadephaga: Carabidae and Rhysodidae). Biota of South Carolina. Vol. 1. Clemson, S. Clemson University.","us1ZuF/YFaJ9IETdiexVrD+fHDIIxGwg","2Y7NY6M/2OxpFm+HhOxA2SgRyzLCDA85","11.6-19.2mm. Elytra dull, pronotum moderately shiny. Frontal grooves of head fairly deep and sharply defined, angulate near middle, the bend directed medially. Pronotum quadrate slightly constricted anteriorly and posteriorly, sides not anterior transvers"
"9d521f7c-56b2-458a-a125-d08f7165baf3","TALL_009.basePlot.bet","D08","TALL","TALL_009","S","2014-06-18","2014-07-02","2014-07-03","2014-07-04",,"TALL_009.S.20140702","l/M16YIQdhnEU5lxplNTcoXAyKUaQCkDO1MQ5G1bjJ0=","other carabid","CARSP14","Carabidae sp.","family",,"Latreille",,1,"Other",,"k9RGYYlHbRjV3A3WUFea/N2LuvhVMV3/","individualCount estimated based on number of pinning records|reddish brown body, Legs bright red. Pronutum wider than head and heart shaped. Elytra striated and slightly duller than pronotum."
"a78e2d30-0c7e-46ec-930c-cefac9d8b822","TALL_009.basePlot.bet","D08","TALL","TALL_009","S","2014-06-18","2014-07-02","2014-07-03","2014-07-04","2014-10-08","TALL_009.S.20140702","l/M16YIQdhnEU5lxplNTco/5APtoSeVCt2pA0xITKbk=","carabid","CARSP14","Carabidae sp.","family",,"Latreille","D08.2014.MorphD",1,"Ciegler, J. C. 2000. Ground beetles and wrinkled bark beetles of South Carolina (Coleoptera: Geadephaga: Carabidae and Rhysodidae). Biota of South Carolina. Vol. 1. Clemson, S. Clemson University.","us1ZuF/YFaJ9IETdiexVrD+fHDIIxGwg","k9RGYYlHbRjV3A3WUFea/N2LuvhVMV3/","11.6-19.2mm. Elytra dull, pronotum moderately shiny. Frontal grooves of head fairly deep and sharply defined, angulate near middle, the bend directed medially. Pronotum quadrate slightly constricted anteriorly and posteriorly, sides not anterior transvers"
"62ff5042-7193-4c75-b13d-83975916e2cc","TALL_002.basePlot.bet","D08","TALL","TALL_002","S","2014-06-18","2014-07-02","2014-07-03","2014-07-04",,"TALL_002.S.20140702","GD+N/FshctynTofH2lcIPZVJdONv7Mkz9Vxjye29hWg=","other carabid","CARSP14","Carabidae sp.","family",,"Latreille",,1,"Other",,"us1ZuF/YFaJ9IETdiexVrD+fHDIIxGwg","individualCount estimated based on number of pinning records|Dark reddish brown to piceous. Prosternum of male with median pilose area. Median pilose area of second visible abdominal sternum of male in form of a very wide T with base almost as wide as top. Female with third and fourth visible abdominal sterna dee"
"0d1869fd-8a3f-4b71-a0b2-1bf2b2866e08","TALL_002.basePlot.bet","D08","TALL","TALL_002","S","2014-06-18","2014-07-02","2014-07-03","2014-07-04","2014-10-23","TALL_002.S.20140702","GD+N/FshctynTofH2lcIPeZOPrAGx810RyDtCYeBWxE=","carabid","CARSP14","Carabidae sp.","family",,"Latreille","D08.2014.MorphD",1,"Ciegler, J. C. 2000. Ground beetles and wrinkled bark beetles of South Carolina (Coleoptera: Geadephaga: Carabidae and Rhysodidae). Biota of South Carolina. Vol. 1. Clemson, S. Clemson University.","us1ZuF/YFaJ9IETdiexVrD+fHDIIxGwg","us1ZuF/YFaJ9IETdiexVrD+fHDIIxGwg","11.6-19.2mm. Elytra dull, pronotum moderately shiny. Frontal grooves of head fairly deep and sharply defined, angulate near middle, the bend directed medially. Pronotum quadrate slightly constricted anteriorly and posteriorly, sides not anterior transvers"
"36511b88-0011-4bc3-b84f-e9306459ee94","TALL_001.basePlot.bet","D08","TALL","TALL_001","S","2014-06-18","2014-07-02","2014-07-03","2014-07-04",,"TALL_001.S.20140702","oBD9lvhf20leVEYENiiuN3pjhSVTMqfKpqm4LW9Uuwc=","other carabid","CARSP14","Carabidae sp.","family",,"Latreille",,1,"Other",,"1BXlVo/+sgQnzGKl3MtQcn6rxZDFIa/f","individualCount estimated based on number of pinning records|10.7-15.0mm. Black, very shiny| reddish near hind angle of pronotum. Right mandible with noticeable convexity. Pronotum quadrate, about as wide at apex as base| side sinuate near base, not reflexed| marginal bead complete| two lateral setae. Median line a"
"feb5988a-8382-46e6-ba98-e085ebb9429f","TALL_004.basePlot.bet","D08","TALL","TALL_004","S","2014-06-18","2014-07-02","2014-07-03","2014-07-04","2014-10-23","TALL_004.S.20140702","Qa/aVRg+qTPGUpsxrjX3FZ1RFOHAxxnZI126ReGkG1A=","carabid","CARSP14","Carabidae sp.","family",,"Latreille","D08.2014.MorphD",1,"Ciegler, J. C. 2000. Ground beetles and wrinkled bark beetles of South Carolina (Coleoptera: Geadephaga: Carabidae and Rhysodidae). Biota of South Carolina. Vol. 1. Clemson, S. Clemson University.","us1ZuF/YFaJ9IETdiexVrD+fHDIIxGwg","2Y7NY6M/2OxpFm+HhOxA2SgRyzLCDA85","11.6-19.2mm. Elytra dull, pronotum moderately shiny. Frontal grooves of head fairly deep and sharply defined, angulate near middle, the bend directed medially. Pronotum quadrate slightly constricted anteriorly and posteriorly, sides not anterior transvers"
"eadfa5d8-2fd6-4dad-b044-c439701b35c5","TALL_003.basePlot.bet","D08","TALL","TALL_003","S","2014-06-18","2014-07-02","2014-07-03","2014-07-04","2014-10-23","TALL_003.S.20140702","M7Kgwa5WKWrZauSCvns6ipjFOqi6gTnhR813D+Gx5lw=","carabid","CARSP14","Carabidae sp.","family",,"Latreille","D08.2014.MorphD",1,"Ciegler, J. C. 2000. Ground beetles and wrinkled bark beetles of South Carolina (Coleoptera: Geadephaga: Carabidae and Rhysodidae). Biota of South Carolina. Vol. 1. Clemson, S. Clemson University.","us1ZuF/YFaJ9IETdiexVrD+fHDIIxGwg","KFr7JcBjQm9J5uplJHTZe2CPbWEwyKSf","11.6-19.2mm. Elytra dull, pronotum moderately shiny. Frontal grooves of head fairly deep and sharply defined, angulate near middle, the bend directed medially. Pronotum quadrate slightly constricted anteriorly and posteriorly, sides not anterior transvers"
"fc4b30c4-7729-41a0-8325-b268d902d7af","TALL_002.basePlot.bet","D08","TALL","TALL_002","W","2014-06-18","2014-07-02","2014-07-03","2014-07-04",,"TALL_002.W.20140702","GD+N/FshctwrTAUlULuD91soozK6kKwEWiUz40jjGHY=","other carabid","CARSP14","Carabidae sp.","family",,"Latreille",,2,"Other",,"us1ZuF/YFaJ9IETdiexVrD+fHDIIxGwg","individualCount estimated based on number of pinning records|17.9-26.8 mm. Broad, very robust. Dull black. Base of pronotum wider than apex, margins only slightly reflexed| two stigerous punctures near neach lateral margin| transverse basal impression very deep. Elytral interval 7 carinate for about two-third lengt"
"cfdf56ac-b591-4d59-abe3-17120741241f","TALL_008.basePlot.bet","D08","TALL","TALL_008","W","2014-06-18","2014-07-02","2014-07-03","2014-07-04","2014-10-23","TALL_008.W.20140702","ohyOCuNZZNHXm47VwlKAEJuO2tTdIro5NJJFDAn1zH4=","carabid","CARSP14","Carabidae sp.","family",,"Latreille","D08.2014.MorphD",2,"Ciegler, J. C. 2000. Ground beetles and wrinkled bark beetles of South Carolina (Coleoptera: Geadephaga: Carabidae and Rhysodidae). Biota of South Carolina. Vol. 1. Clemson, S. Clemson University.","us1ZuF/YFaJ9IETdiexVrD+fHDIIxGwg","2Y7NY6M/2OxpFm+HhOxA2SgRyzLCDA85","11.6-19.2mm. Elytra dull, pronotum moderately shiny. Frontal grooves of head fairly deep and sharply defined, angulate near middle, the bend directed medially. Pronotum quadrate slightly constricted anteriorly and posteriorly, sides not anterior transvers"
"5a4282ca-85a5-4122-a094-6ed984f6e8a8","TALL_003.basePlot.bet","D08","TALL","TALL_003","E","2014-06-18","2014-07-02","2014-07-03","2014-07-04",,"TALL_003.E.20140702","M7Kgwa5WKWr1GKdJdwX2+Da09Q83OM02meS6OF4Tb5M=","other carabid","CARSP14","Carabidae sp.","family",,"Latreille",,1,"Other",,"KFr7JcBjQm9J5uplJHTZe2CPbWEwyKSf","individualCount estimated based on number of pinning records|very similar to Cicindela unipunctulata only this moph spp. Has dark brown labrum when C. unipunctulata has white labrum. Body brownish with gren spots| metallic gold tint. Pronotum as wide as head, legs shiny red."
"de0e9fa1-afe3-4cfb-b2be-7998786f5dfd","TALL_005.basePlot.bet","D08","TALL","TALL_005","N","2014-07-02","2014-07-16","2014-07-17","2014-07-18",,"TALL_005.N.20140716","t0MQRG9cttngFqgPdBhhpe19wV5IlMWiYVGvDcEb+mQ=","invert bycatch",,,,,,,,,,"1BXlVo/+sgQnzGKl3MtQcn6rxZDFIa/f",
"16b0cb89-1a2a-4455-b77a-6b211946e922","TALL_006.basePlot.bet","D08","TALL","TALL_006","S","2014-07-02","2014-07-16","2014-07-17","2014-07-18","2014-10-23","TALL_006.S.20140716","GF+klScYxlNZKqPfRseHBY6ezWwrh349C1UporZUUXY=","carabid","CARSP14","Carabidae sp.","family",,"Latreille","D08.2014.MorphD",1,"Ciegler, J. C. 2000. Ground beetles and wrinkled bark beetles of South Carolina (Coleoptera: Geadephaga: Carabidae and Rhysodidae). Biota of South Carolina. Vol. 1. Clemson, S. Clemson University.","us1ZuF/YFaJ9IETdiexVrD+fHDIIxGwg","uXSN77Q7x9cACyt+x8PEhxuBjTDRBKZV","11.6-19.2mm. Elytra dull, pronotum moderately shiny. Frontal grooves of head fairly deep and sharply defined, angulate near middle, the bend directed medially. Pronotum quadrate slightly constricted anteriorly and posteriorly, sides not anterior transvers"
"70e74e08-892b-4fd9-84e1-48ebb97fc0d0","TALL_004.basePlot.bet","D08","TALL","TALL_004","S","2014-07-02","2014-07-16","2014-07-17","2014-07-18","2014-10-23","TALL_004.S.20140716","Qa/aVRg+qTPGUpsxrjX3FWJ4pytUwL0zJFIHCXOd6r4=","carabid","CARSP14","Carabidae sp.","family",,"Latreille","D08.2014.MorphD",2,"Ciegler, J. C. 2000. Ground beetles and wrinkled bark beetles of South Carolina (Coleoptera: Geadephaga: Carabidae and Rhysodidae). Biota of South Carolina. Vol. 1. Clemson, S. Clemson University.","us1ZuF/YFaJ9IETdiexVrD+fHDIIxGwg","1BXlVo/+sgQnzGKl3MtQcn6rxZDFIa/f","11.6-19.2mm. Elytra dull, pronotum moderately shiny. Frontal grooves of head fairly deep and sharply defined, angulate near middle, the bend directed medially. Pronotum quadrate slightly constricted anteriorly and posteriorly, sides not anterior transvers"
"64ec375d-6ec9-437d-81b5-73a4c9606dd3","TALL_007.basePlot.bet","D08","TALL","TALL_007","S","2014-07-02","2014-07-16","2014-07-17","2014-07-18",,"TALL_007.S.20140716","dCnpKCfrHjMX/h+AzcNym+tX6wcrBdSoyw2oG1ghgd0=","other carabid","CARSP14","Carabidae sp.","family",,"Latreille",,1,"Other",,"2Y7NY6M/2OxpFm+HhOxA2SgRyzLCDA85","individualCount estimated based on number of pinning records|reddish brown body, Legs bright red. Pronutum wider than head and heart shaped. Elytra striated and slightly duller than pronotum."
"0c6e462b-e8a5-4b9f-9e9b-6bdf2a5a9f51","TALL_009.basePlot.bet","D08","TALL","TALL_009","S","2014-07-02","2014-07-16","2014-07-17","2014-07-18","2014-10-08","TALL_009.S.20140716","l/M16YIQdhnEU5lxplNTcsifs50bPE4BMCr7e0HCTAc=","carabid","CARSP14","Carabidae sp.","family",,"Latreille","D08.2014.MorphF",2,"Ciegler, J. C. 2000. Ground beetles and wrinkled bark beetles of South Carolina (Coleoptera: Geadephaga: Carabidae and Rhysodidae). Biota of South Carolina. Vol. 1. Clemson, S. Clemson University.","us1ZuF/YFaJ9IETdiexVrD+fHDIIxGwg","1BXlVo/+sgQnzGKl3MtQcn6rxZDFIa/f","Black, very shiny| edges of elytra and legs reddish brown. Mandibles long and slender. All individual morphospecies pinned"
"9be9181f-fb52-44a4-bcab-06cd62ae44e8","TALL_003.basePlot.bet","D08","TALL","TALL_003","S","2014-07-02","2014-07-16","2014-07-17","2014-07-18","2014-10-23","TALL_003.S.20140716","M7Kgwa5WKWrZauSCvns6irFTfy4JiHU1gYDKj9AZBS8=","carabid","CARSP14","Carabidae sp.","family",,"Latreille","D08.2014.MorphD",1,"Ciegler, J. C. 2000. Ground beetles and wrinkled bark beetles of South Carolina (Coleoptera: Geadephaga: Carabidae and Rhysodidae). Biota of South Carolina. Vol. 1. Clemson, S. Clemson University.","us1ZuF/YFaJ9IETdiexVrD+fHDIIxGwg","2Y7NY6M/2OxpFm+HhOxA2SgRyzLCDA85","11.6-19.2mm. Elytra dull, pronotum moderately shiny. Frontal grooves of head fairly deep and sharply defined, angulate near middle, the bend directed medially. Pronotum quadrate slightly constricted anteriorly and posteriorly, sides not anterior transvers"
"4deb9a54-f00c-4608-86c0-ae2046379843","TALL_009.basePlot.bet","D08","TALL","TALL_009","S","2014-07-02","2014-07-16","2014-07-17","2014-07-18",,"TALL_009.S.20140716","l/M16YIQdhnEU5lxplNTcqm5jL+GikYwWN4LcaKKu7c=","other carabid","CARSP14","Carabidae sp.","family",,"Latreille",,1,"Other",,"1BXlVo/+sgQnzGKl3MtQcn6rxZDFIa/f","individualCount estimated based on number of pinning records|15.0-16.5mm. Short and rather broad. Black, dull or slightly shiny. Dorsal surface of head and pronotum rugulose. Left mandible with ridge or tubercle on dorsal surface near middle of internal margin. Pronotum quadrate, wider at base than at apex| margins"
"9f2fde5c-df30-4189-b366-b773640920af","TALL_002.basePlot.bet","D08","TALL","TALL_002","S","2014-07-02","2014-07-16","2014-07-17","2014-07-18","2014-10-23","TALL_002.S.20140716","GD+N/FshctynTofH2lcIPSyS4u1xW9O20xUMK3CLc4M=","carabid","CARSP14","Carabidae sp.","family",,"Latreille","D08.2014.MorphD",1,"Ciegler, J. C. 2000. Ground beetles and wrinkled bark beetles of South Carolina (Coleoptera: Geadephaga: Carabidae and Rhysodidae). Biota of South Carolina. Vol. 1. Clemson, S. Clemson University.","us1ZuF/YFaJ9IETdiexVrD+fHDIIxGwg","us1ZuF/YFaJ9IETdiexVrD+fHDIIxGwg","11.6-19.2mm. Elytra dull, pronotum moderately shiny. Frontal grooves of head fairly deep and sharply defined, angulate near middle, the bend directed medially. Pronotum quadrate slightly constricted anteriorly and posteriorly, sides not anterior transvers"
"27f9e23b-5d5b-41fd-bd65-b3ae6d5394f7","TALL_001.basePlot.bet","D08","TALL","TALL_001","S","2014-07-02","2014-07-16","2014-07-17","2014-07-18","2014-10-23","TALL_001.S.20140716","oBD9lvhf20leVEYENiiuN82HVZH1yuiIjCMT3/oIKy0=","carabid","CARSP14","Carabidae sp.","family",,"Latreille","D08.2014.MorphD",2,"Ciegler, J. C. 2000. Ground beetles and wrinkled bark beetles of South Carolina (Coleoptera: Geadephaga: Carabidae and Rhysodidae). Biota of South Carolina. Vol. 1. Clemson, S. Clemson University.","us1ZuF/YFaJ9IETdiexVrD+fHDIIxGwg","us1ZuF/YFaJ9IETdiexVrD+fHDIIxGwg","11.6-19.2mm. Elytra dull, pronotum moderately shiny. Frontal grooves of head fairly deep and sharply defined, angulate near middle, the bend directed medially. Pronotum quadrate slightly constricted anteriorly and posteriorly, sides not anterior transvers"
"b353e127-6e9c-420f-a1ad-bd813e84788b","TALL_008.basePlot.bet","D08","TALL","TALL_008","S","2014-07-02","2014-07-16","2014-07-17","2014-07-18","2014-10-08","TALL_008.S.20140716","ohyOCuNZZNFI21Qc/4GkoQnI06VOIAwY850SbeKV8PE=","carabid","CARSP14","Carabidae sp.","family",,"Latreille","D08.2014.MorphD",1,"Ciegler, J. C. 2000. Ground beetles and wrinkled bark beetles of South Carolina (Coleoptera: Geadephaga: Carabidae and Rhysodidae). Biota of South Carolina. Vol. 1. Clemson, S. Clemson University.","us1ZuF/YFaJ9IETdiexVrD+fHDIIxGwg","1BXlVo/+sgQnzGKl3MtQcn6rxZDFIa/f","11.6-19.2mm. Elytra dull, pronotum moderately shiny. Frontal grooves of head fairly deep and sharply defined, angulate near middle, the bend directed medially. Pronotum quadrate slightly constricted anteriorly and posteriorly, sides not anterior transvers"
"a7e673e9-eb30-4ea5-b281-6bc4302b55b1","TALL_005.basePlot.bet","D08","TALL","TALL_005","S","2014-07-02","2014-07-16","2014-07-17","2014-07-18",,"TALL_005.S.20140716","t0MQRG9cttm4+bbQ79aGAC/b/UAmPSckayci035+Ncw=","other carabid","CARSP14","Carabidae sp.","family",,"Latreille",,2,"Other",,"1BXlVo/+sgQnzGKl3MtQcn6rxZDFIa/f","individualCount estimated based on number of pinning records|Black, Blue margins. Base of pronotum margined next to scutellum. Elytra smooth and dull. Mandibles robust."
"a456e201-2371-4155-a7a3-b8968041eb49","TALL_005.basePlot.bet","D08","TALL","TALL_005","S","2014-07-02","2014-07-16","2014-07-17","2014-07-18","2014-10-08","TALL_005.S.20140716","t0MQRG9cttm4+bbQ79aGAIySwAsg4idIxbwy/kHFff4=","carabid","CARSP14","Carabidae sp.","family",,"Latreille","D08.2014.MorphD",1,"Ciegler, J. C. 2000. Ground beetles and wrinkled bark beetles of South Carolina (Coleoptera: Geadephaga: Carabidae and Rhysodidae). Biota of South Carolina. Vol. 1. Clemson, S. Clemson University.","us1ZuF/YFaJ9IETdiexVrD+fHDIIxGwg","1BXlVo/+sgQnzGKl3MtQcn6rxZDFIa/f","11.6-19.2mm. Elytra dull, pronotum moderately shiny. Frontal grooves of head fairly deep and sharply defined, angulate near middle, the bend directed medially. Pronotum quadrate slightly constricted anteriorly and posteriorly, sides not anterior transvers"
"445b78ae-de65-457b-9cfc-9ecf1129e293","TALL_005.basePlot.bet","D08","TALL","TALL_005","S","2014-07-02","2014-07-16","2014-07-17","2014-07-18",,"TALL_005.S.20140716","t0MQRG9cttm4+bbQ79aGAC/b/UAmPSckK6hOgws1oUw=","other carabid","CARSP14","Carabidae sp.","family",,"Latreille",,1,"Other",,"1BXlVo/+sgQnzGKl3MtQcn6rxZDFIa/f","individualCount estimated based on number of pinning records|15.0-16.5mm. Short and rather broad. Black, dull or slightly shiny. Dorsal surface of head and pronotum rugulose. Left mandible with ridge or tubercle on dorsal surface near middle of internal margin. Pronotum quadrate, wider at base than at apex| margins"
"a277b0cf-3c78-4325-b884-6a2504a6441a","TALL_007.basePlot.bet","D08","TALL","TALL_007","W","2014-07-02","2014-07-16","2014-07-17","2014-07-18","2014-10-23","TALL_007.W.20140716","dCnpKCfrHjPU5pv/EfWA2Rd3zlUGjMtN5NF9b9xHCXQ=","carabid","CARSP14","Carabidae sp.","family",,"Latreille","D08.2014.MorphD",1,"Ciegler, J. C. 2000. Ground beetles and wrinkled bark beetles of South Carolina (Coleoptera: Geadephaga: Carabidae and Rhysodidae). Biota of South Carolina. Vol. 1. Clemson, S. Clemson University.","us1ZuF/YFaJ9IETdiexVrD+fHDIIxGwg","2Y7NY6M/2OxpFm+HhOxA2SgRyzLCDA85","11.6-19.2mm. Elytra dull, pronotum moderately shiny. Frontal grooves of head fairly deep and sharply defined, angulate near middle, the bend directed medially. Pronotum quadrate slightly constricted anteriorly and posteriorly, sides not anterior transvers"
"14ee5053-4013-4fa0-86a9-9994a90a85e4","TALL_002.basePlot.bet","D08","TALL","TALL_002","W","2014-07-02","2014-07-16","2014-07-17","2014-07-18","2014-10-23","TALL_002.W.20140716","GD+N/FshctwrTAUlULuD9wqoJY/CF9RKoIa5UyvZYHU=","carabid","CARSP14","Carabidae sp.","family",,"Latreille","D08.2014.MorphD",1,"Ciegler, J. C. 2000. Ground beetles and wrinkled bark beetles of South Carolina (Coleoptera: Geadephaga: Carabidae and Rhysodidae). Biota of South Carolina. Vol. 1. Clemson, S. Clemson University.","us1ZuF/YFaJ9IETdiexVrD+fHDIIxGwg","us1ZuF/YFaJ9IETdiexVrD+fHDIIxGwg","11.6-19.2mm. Elytra dull, pronotum moderately shiny. Frontal grooves of head fairly deep and sharply defined, angulate near middle, the bend directed medially. Pronotum quadrate slightly constricted anteriorly and posteriorly, sides not anterior transvers"
"a2df8a7d-6246-4cb8-b009-411745c41a10","TALL_005.basePlot.bet","D08","TALL","TALL_005","W","2014-07-02","2014-07-16","2014-07-17","2014-07-18",,"TALL_005.W.20140716","t0MQRG9cttnJ0EYTDCM3I59sSG9OMWQ0iCV3Npi89RM=","other carabid","CARSP14","Carabidae sp.","family",,"Latreille",,1,"Other",,"1BXlVo/+sgQnzGKl3MtQcn6rxZDFIa/f","individualCount estimated based on number of pinning records|15.0-16.5mm. Short and rather broad. Black, dull or slightly shiny. Dorsal surface of head and pronotum rugulose. Left mandible with ridge or tubercle on dorsal surface near middle of internal margin. Pronotum quadrate, wider at base than at apex| margins"
"9435dd36-9e29-4cb3-a7bb-6b45ed5eb87b","TALL_005.basePlot.bet","D08","TALL","TALL_005","W","2014-07-02","2014-07-16","2014-07-17","2014-07-18",,"TALL_005.W.20140716","t0MQRG9cttnJ0EYTDCM3I59sSG9OMWQ04f8iuWdFVE4=","other carabid","CARSP14","Carabidae sp.","family",,"Latreille",,1,"Other",,"1BXlVo/+sgQnzGKl3MtQcn6rxZDFIa/f","individualCount estimated based on number of pinning records|19-25mm. Elongate. Black, somewhat shiny to dull. Base of pronotum wider than apex, margins very markedly reflexed| two setigerous punctures near each lateral striae deep, impunctate| intervals quite convex| carina of interval 7 not extended to middle."
"a4bc00b7-fb4b-4811-9afd-01b8f330956e","TALL_008.basePlot.bet","D08","TALL","TALL_008","W","2014-07-02","2014-07-16","2014-07-17","2014-07-18","2014-10-08","TALL_008.W.20140716","ohyOCuNZZNHXm47VwlKAEKCm0WSdZ2wgTFVZ6LOJDuI=","carabid","CARSP14","Carabidae sp.","family",,"Latreille","D08.2014.MorphD",3,"Ciegler, J. C. 2000. Ground beetles and wrinkled bark beetles of South Carolina (Coleoptera: Geadephaga: Carabidae and Rhysodidae). Biota of South Carolina. Vol. 1. Clemson, S. Clemson University.","us1ZuF/YFaJ9IETdiexVrD+fHDIIxGwg","1BXlVo/+sgQnzGKl3MtQcn6rxZDFIa/f","11.6-19.2mm. Elytra dull, pronotum moderately shiny. Frontal grooves of head fairly deep and sharply defined, angulate near middle, the bend directed medially. Pronotum quadrate slightly constricted anteriorly and posteriorly, sides not anterior transvers"
"44f1c3ea-991a-40bd-929b-538f04816fa2","TALL_009.basePlot.bet","D08","TALL","TALL_009","W","2014-07-02","2014-07-16","2014-07-17","2014-07-18","2014-10-08","TALL_009.W.20140716","l/M16YIQdhkC0dch8U8H/yAv6LbEMcMmHSQXVU9L0oE=","carabid","CARSP14","Carabidae sp.","family",,"Latreille","D08.2014.MorphF",1,"Ciegler, J. C. 2000. Ground beetles and wrinkled bark beetles of South Carolina (Coleoptera: Geadephaga: Carabidae and Rhysodidae). Biota of South Carolina. Vol. 1. Clemson, S. Clemson University.","us1ZuF/YFaJ9IETdiexVrD+fHDIIxGwg","1BXlVo/+sgQnzGKl3MtQcn6rxZDFIa/f","Black, very shiny| edges of elytra and legs reddish brown. Mandibles long and slender. All individual morphospecies pinned"
"ed25668d-36b2-45f8-8ca6-57e589406328","TALL_009.basePlot.bet","D08","TALL","TALL_009","W","2014-07-02","2014-07-16","2014-07-17","2014-07-18",,"TALL_009.W.20140716","l/M16YIQdhkC0dch8U8H/zABf0y2fp8PVKX3tWi24+M=","other carabid","CARSP14","Carabidae sp.","family",,"Latreille",,1,"Other",,"1BXlVo/+sgQnzGKl3MtQcn6rxZDFIa/f","individualCount estimated based on number of pinning records|reddish brown body, Legs bright red. Pronutum wider than head and heart shaped. Elytra striated and slightly duller than pronotum."
"5630d523-e09e-4ced-89bd-135d284dbfb5","TALL_009.basePlot.bet","D08","TALL","TALL_009","W","2014-07-02","2014-07-16","2014-07-17","2014-07-18",,"TALL_009.W.20140716","l/M16YIQdhkC0dch8U8H/zABf0y2fp8Pb/P0alXJ7pQ=","other carabid","CARSP14","Carabidae sp.","family",,"Latreille",,1,"Other",,"1BXlVo/+sgQnzGKl3MtQcn6rxZDFIa/f","individualCount estimated based on number of pinning records|Body peduncle between the pronotum and the elytra."
"4d36c81f-5669-4c3f-a2e5-0e08d01df33f","TALL_007.basePlot.bet","D08","TALL","TALL_007","E","2014-07-02","2014-07-16","2014-07-17","2014-07-18",,"TALL_007.E.20140716","dCnpKCfrHjN7Gy+yQyAKairrZs0wwGZpHbhQmLpr4Ck=","other carabid","CARSP14","Carabidae sp.","family",,"Latreille",,1,"Other",,"2Y7NY6M/2OxpFm+HhOxA2SgRyzLCDA85","individualCount estimated based on number of pinning records|reddish brown body, Legs bright red. Pronutum wider than head and heart shaped. Elytra striated and slightly duller than pronotum."
"1e7cbb3f-e96c-4f8e-afae-6d071d1d1f1a","TALL_007.basePlot.bet","D08","TALL","TALL_007","E","2014-07-02","2014-07-16","2014-07-17","2014-07-18","2014-10-23","TALL_007.E.20140716","dCnpKCfrHjN7Gy+yQyAKapOxXTE2QUK4Uho//CSG3Xs=","carabid","CARSP14","Carabidae sp.","family",,"Latreille","D08.2014.MorphD",1,"Ciegler, J. C. 2000. Ground beetles and wrinkled bark beetles of South Carolina (Coleoptera: Geadephaga: Carabidae and Rhysodidae). Biota of South Carolina. Vol. 1. Clemson, S. Clemson University.","us1ZuF/YFaJ9IETdiexVrD+fHDIIxGwg","2Y7NY6M/2OxpFm+HhOxA2SgRyzLCDA85","11.6-19.2mm. Elytra dull, pronotum moderately shiny. Frontal grooves of head fairly deep and sharply defined, angulate near middle, the bend directed medially. Pronotum quadrate slightly constricted anteriorly and posteriorly, sides not anterior transvers"
"fcf87c77-54af-4da3-87f3-85be06efaef3","TALL_003.basePlot.bet","D08","TALL","TALL_003","E","2014-07-02","2014-07-16","2014-07-17","2014-07-18","2014-10-08","TALL_003.E.20140716","M7Kgwa5WKWr1GKdJdwX2+AtGNQIo9G6ENlx26W1hHQg=","carabid","CARSP14","Carabidae sp.","family",,"Latreille","D08.2014.MorphF",1,"Ciegler, J. C. 2000. Ground beetles and wrinkled bark beetles of South Carolina (Coleoptera: Geadephaga: Carabidae and Rhysodidae). Biota of South Carolina. Vol. 1. Clemson, S. Clemson University.","us1ZuF/YFaJ9IETdiexVrD+fHDIIxGwg","2Y7NY6M/2OxpFm+HhOxA2SgRyzLCDA85","Black, very shiny| edges of elytra and legs reddish brown. Mandibles long and slender. All individual morphospecies pinned"
"69fd3fd0-68d7-4a98-9d8f-8c0d65985b9d","TALL_005.basePlot.bet","D08","TALL","TALL_005","E","2014-07-02","2014-07-16","2014-07-17","2014-07-18","2014-10-08","TALL_005.E.20140716","t0MQRG9cttnXg9ElZ7Ugou7UMnysbZoJ++VSYhYiEnE=","carabid","CARSP14","Carabidae sp.","family",,"Latreille","D08.2014.MorphD",1,"Ciegler, J. C. 2000. Ground beetles and wrinkled bark beetles of South Carolina (Coleoptera: Geadephaga: Carabidae and Rhysodidae). Biota of South Carolina. Vol. 1. Clemson, S. Clemson University.","us1ZuF/YFaJ9IETdiexVrD+fHDIIxGwg","1BXlVo/+sgQnzGKl3MtQcn6rxZDFIa/f","11.6-19.2mm. Elytra dull, pronotum moderately shiny. Frontal grooves of head fairly deep and sharply defined, angulate near middle, the bend directed medially. Pronotum quadrate slightly constricted anteriorly and posteriorly, sides not anterior transvers"
"5c654780-00f2-4675-8994-4286d186ca2c","TALL_002.basePlot.bet","D08","TALL","TALL_002","E","2014-07-02","2014-07-16","2014-07-17","2014-07-18","2014-10-23","TALL_002.E.20140716","GD+N/FshctzkNsir0b8mTbsJvgp2WNfiJzA5o9K16C0=","carabid","CARSP14","Carabidae sp.","family",,"Latreille","D08.2014.MorphD",1,"Ciegler, J. C. 2000. Ground beetles and wrinkled bark beetles of South Carolina (Coleoptera: Geadephaga: Carabidae and Rhysodidae). Biota of South Carolina. Vol. 1. Clemson, S. Clemson University.","us1ZuF/YFaJ9IETdiexVrD+fHDIIxGwg","us1ZuF/YFaJ9IETdiexVrD+fHDIIxGwg","11.6-19.2mm. Elytra dull, pronotum moderately shiny. Frontal grooves of head fairly deep and sharply defined, angulate near middle, the bend directed medially. Pronotum quadrate slightly constricted anteriorly and posteriorly, sides not anterior transvers"
"6f433436-5e98-4225-92f5-6e68eeb19e5a","TALL_002.basePlot.bet","D08","TALL","TALL_002","E","2014-07-02","2014-07-16","2014-07-17","2014-07-18",,"TALL_002.E.20140716","GD+N/FshctzkNsir0b8mTRlxJ7/OTi8faqQGe/93QKQ=","other carabid","CARSP14","Carabidae sp.","family",,"Latreille",,1,"Other",,"us1ZuF/YFaJ9IETdiexVrD+fHDIIxGwg","individualCount estimated based on number of pinning records|10.7-15.0mm. Black, very shiny| reddish near hind angle of pronotum. Right mandible with noticeable convexity. Pronotum quadrate, about as wide at apex as base| side sinuate near base, not reflexed| marginal bead complete| two lateral setae. Median line a"
"68e2fddb-e561-4b4f-ba11-3a446f171c3a","TALL_008.basePlot.bet","D08","TALL","TALL_008","E","2014-07-02","2014-07-16","2014-07-17","2014-07-18","2014-10-08","TALL_008.E.20140716","ohyOCuNZZNGY+NOmouvaWcWW6HfIeBNJ/DkNFd19t6Y=","carabid","CARSP14","Carabidae sp.","family",,"Latreille","D08.2014.MorphD",1,"Ciegler, J. C. 2000. Ground beetles and wrinkled bark beetles of South Carolina (Coleoptera: Geadephaga: Carabidae and Rhysodidae). Biota of South Carolina. Vol. 1. Clemson, S. Clemson University.","us1ZuF/YFaJ9IETdiexVrD+fHDIIxGwg","1BXlVo/+sgQnzGKl3MtQcn6rxZDFIa/f","11.6-19.2mm. Elytra dull, pronotum moderately shiny. Frontal grooves of head fairly deep and sharply defined, angulate near middle, the bend directed medially. Pronotum quadrate slightly constricted anteriorly and posteriorly, sides not anterior transvers"
"3d2a61ab-e2f2-4f85-9acc-7b80903d1d06","TALL_004.basePlot.bet","D08","TALL","TALL_004","N","2014-07-02","2014-07-16","2014-07-17","2014-07-18",,"TALL_004.N.20140716","Qa/aVRg+qTPrFwwaq/Vrv6WOiElhWnzyH6aFs98bDAY=","invert bycatch",,,,,,,,,,"us1ZuF/YFaJ9IETdiexVrD+fHDIIxGwg",
"1f995584-90a3-4661-a522-c88ab5a135b9","TALL_001.basePlot.bet","D08","TALL","TALL_001","N","2014-07-02","2014-07-16","2014-07-17","2014-07-18",,"TALL_001.N.20140716","oBD9lvhf20l9OYUubMfz4xRHc6+enBo5UgaNgZj3y5E=","invert bycatch",,,,,,,,,,"us1ZuF/YFaJ9IETdiexVrD+fHDIIxGwg",
"cc596fa7-6fb4-4c93-900a-9e23e9d7b9a1","TALL_006.basePlot.bet","D08","TALL","TALL_006","N","2014-07-02","2014-07-16","2014-07-17","2014-07-18",,"TALL_006.N.20140716","GF+klScYxlOx9ycIiDxYKIRiucYBb26PXFNepdoZ6Dk=","invert bycatch",,,,,,,,,,"uXSN77Q7x9cACyt+x8PEhxuBjTDRBKZV",
"d5816fa2-a872-4a0c-8904-fcce293f01ba","TALL_001.basePlot.bet","D08","TALL","TALL_001","N","2014-07-02","2014-07-16","2014-07-17","2014-07-18",,"TALL_001.N.20140716","oBD9lvhf20l9OYUubMfz4ziKeGeerSgcbkgjDsb7KaM=","other carabid","CARSP14","Carabidae sp.","family",,"Latreille",,1,"Other",,"us1ZuF/YFaJ9IETdiexVrD+fHDIIxGwg","individualCount estimated based on number of pinning records|Black, Blue margins. Base of pronotum margined next to scutellum. Elytra smooth and dull. Mandibles robust."
"c2d08ab8-77fe-4488-97a7-a86e8833e5b2","TALL_001.basePlot.bet","D08","TALL","TALL_001","N","2014-07-02","2014-07-16","2014-07-17","2014-07-18",,"TALL_001.N.20140716","oBD9lvhf20l9OYUubMfz4ziKeGeerSgcMCThOoZ86lo=","other carabid","CARSP14","Carabidae sp.","family",,"Latreille",,1,"Other",,"us1ZuF/YFaJ9IETdiexVrD+fHDIIxGwg","individualCount estimated based on number of pinning records|17.9-26.8 mm. Broad, very robust. Dull black. Base of pronotum wider than apex, margins only slightly reflexed| two stigerous punctures near neach lateral margin transverse basal impression very deep. Elytral interval 7 carinate for about two-third length"
"9be99ed6-f979-4adc-9d70-de0d3799a482","TALL_001.basePlot.bet","D08","TALL","TALL_001","N","2014-07-02","2014-07-16","2014-07-17","2014-07-18","2014-10-23","TALL_001.N.20140716","oBD9lvhf20l9OYUubMfz41ukQlbCHzrAfVKHssgFpK4=","carabid","CARSP14","Carabidae sp.","family",,"Latreille","D08.2014.MorphD",2,"Ciegler, J. C. 2000. Ground beetles and wrinkled bark beetles of South Carolina (Coleoptera: Geadephaga: Carabidae and Rhysodidae). Biota of South Carolina. Vol. 1. Clemson, S. Clemson University.","us1ZuF/YFaJ9IETdiexVrD+fHDIIxGwg","us1ZuF/YFaJ9IETdiexVrD+fHDIIxGwg","11.6-19.2mm. Elytra dull, pronotum moderately shiny. Frontal grooves of head fairly deep and sharply defined, angulate near middle, the bend directed medially. Pronotum quadrate slightly constricted anteriorly and posteriorly, sides not anterior transvers"
"d7f0d22e-3fab-4667-8b86-63d847ade34b","TALL_007.basePlot.bet","D08","TALL","TALL_007","N","2014-07-02","2014-07-16","2014-07-17","2014-07-18","2014-10-23","TALL_007.N.20140716","dCnpKCfrHjOVQk2Phb9g9rXTtY2fdgWUbR9ZOqnsxY8=","carabid","CARSP14","Carabidae sp.","family",,"Latreille","D08.2014.MorphD",1,"Ciegler, J. C. 2000. Ground beetles and wrinkled bark beetles of South Carolina (Coleoptera: Geadephaga: Carabidae and Rhysodidae). Biota of South Carolina. Vol. 1. Clemson, S. Clemson University.","us1ZuF/YFaJ9IETdiexVrD+fHDIIxGwg","2Y7NY6M/2OxpFm+HhOxA2SgRyzLCDA85","11.6-19.2mm. Elytra dull, pronotum moderately shiny. Frontal grooves of head fairly deep and sharply defined, angulate near middle, the bend directed medially. Pronotum quadrate slightly constricted anteriorly and posteriorly, sides not anterior transvers"
"f3ed33a3-8987-42be-84fb-9a1607016603","TALL_007.basePlot.bet","D08","TALL","TALL_007","N","2014-07-02","2014-07-16","2014-07-17","2014-07-18",,"TALL_007.N.20140716","dCnpKCfrHjOVQk2Phb9g9hkPEprohHEdNvN843XqaEo=","invert bycatch",,,,,,,,,,"2Y7NY6M/2OxpFm+HhOxA2SgRyzLCDA85",
"2d81db48-0e10-4861-98bc-5328e5f43875","TALL_007.basePlot.bet","D08","TALL","TALL_007","N","2014-07-02","2014-07-16","2014-07-17","2014-07-18",,"TALL_007.N.20140716","dCnpKCfrHjOVQk2Phb9g9lvSpmQWsBWPQxnTuxLLhQ0=","other carabid","CARSP14","Carabidae sp.","family",,"Latreille",,1,"Other",,"2Y7NY6M/2OxpFm+HhOxA2SgRyzLCDA85","individualCount estimated based on number of pinning records|very similar to Cicindela unipunctulata only this moph spp. Has dark brown labrum when C. unipunctulata has white labrum. Body brownish with gren spots| metallic gold tint. Pronotum as wide as head, legs shiny red."
"22bf4fb2-5df7-4fba-acda-bbd7cd325794","TALL_013.basePlot.bet","D08","TALL","TALL_013","N","2014-07-02","2014-07-16","2014-07-17","2014-07-18",,"TALL_013.N.20140716","636VT4a85rCe14e3OkMIX/3+6j5vkDtK0IRyVyXCokQ=","invert bycatch",,,,,,,,,,"uXSN77Q7x9cACyt+x8PEhxuBjTDRBKZV",
"f797f197-2a56-49cc-8829-e3132feeb762","TALL_003.basePlot.bet","D08","TALL","TALL_003","N","2014-07-02","2014-07-16","2014-07-17","2014-07-18",,"TALL_003.N.20140716","M7Kgwa5WKWrsEoTB/KZYrckWsw18zOkLb145QlGNi/g=","invert bycatch",,,,,,,,,,"2Y7NY6M/2OxpFm+HhOxA2SgRyzLCDA85",
"fa367d51-e301-4a55-9bf3-4f15463dc25f","TALL_003.basePlot.bet","D08","TALL","TALL_003","N","2014-07-02","2014-07-16","2014-07-17","2014-07-18","2014-10-23","TALL_003.N.20140716","M7Kgwa5WKWrsEoTB/KZYrXNUc4R+XEZom0mNpe3ZkXo=","carabid","CARSP14","Carabidae sp.","family",,"Latreille","D08.2014.MorphD",3,"Ciegler, J. C. 2000. Ground beetles and wrinkled bark beetles of South Carolina (Coleoptera: Geadephaga: Carabidae and Rhysodidae). Biota of South Carolina. Vol. 1. Clemson, S. Clemson University.","us1ZuF/YFaJ9IETdiexVrD+fHDIIxGwg","2Y7NY6M/2OxpFm+HhOxA2SgRyzLCDA85","11.6-19.2mm. Elytra dull, pronotum moderately shiny. Frontal grooves of head fairly deep and sharply defined, angulate near middle, the bend directed medially. Pronotum quadrate slightly constricted anteriorly and posteriorly, sides not anterior transvers"
"88277b3d-c338-4e8a-9522-aa1e6620cf41","TALL_009.basePlot.bet","D08","TALL","TALL_009","N","2014-07-02","2014-07-16","2014-07-17","2014-07-18","2014-10-23","TALL_009.N.20140716","l/M16YIQdhnZqz5vdEY/2+16o6ODvd+vAN8swTfUmDQ=","carabid","CARSP14","Carabidae sp.","family",,"Latreille","D08.2014.MorphD",1,"Ciegler, J. C. 2000. Ground beetles and wrinkled bark beetles of South Carolina (Coleoptera: Geadephaga: Carabidae and Rhysodidae). Biota of South Carolina. Vol. 1. Clemson, S. Clemson University.","us1ZuF/YFaJ9IETdiexVrD+fHDIIxGwg","1BXlVo/+sgQnzGKl3MtQcn6rxZDFIa/f","11.6-19.2mm. Elytra dull, pronotum moderately shiny. Frontal grooves of head fairly deep and sharply defined, angulate near middle, the bend directed medially. Pronotum quadrate slightly constricted anteriorly and posteriorly, sides not anterior transvers"
"fdf3bd98-c588-43e8-8974-1235ba847c87","TALL_009.basePlot.bet","D08","TALL","TALL_009","N","2014-07-02","2014-07-16","2014-07-17","2014-07-18",,"TALL_009.N.20140716","l/M16YIQdhnZqz5vdEY/26tcO/F+t6USflVj8SC3j5o=","invert bycatch",,,,,,,,,,"1BXlVo/+sgQnzGKl3MtQcn6rxZDFIa/f",
"3d79f83e-ac2c-4f07-9134-1f73ada86c7c","TALL_002.basePlot.bet","D08","TALL","TALL_002","N","2014-07-02","2014-07-16","2014-07-17","2014-07-18",,"TALL_002.N.20140716","GD+N/Fshctz84eWStkt1c7nfTGLUqhCcNUkfpFRwDVk=","invert bycatch",,,,,,,,,,"us1ZuF/YFaJ9IETdiexVrD+fHDIIxGwg",
"7bfaee23-9b4a-4f64-bdbf-3a645ea8b220","TALL_008.basePlot.bet","D08","TALL","TALL_008","N","2014-07-02","2014-07-16","2014-07-17","2014-07-18",,"TALL_008.N.20140716","ohyOCuNZZNECnNQhcnmpAZOwGijZYN6s9jRmjDwy6jw=","invert bycatch",,,,,,,,,,"1BXlVo/+sgQnzGKl3MtQcn6rxZDFIa/f",
"d7b2e7dd-2c66-4386-8e25-07a49e3b8712","TALL_008.basePlot.bet","D08","TALL","TALL_008","N","2014-07-02","2014-07-16","2014-07-17","2014-07-18","2014-10-08","TALL_008.N.20140716","ohyOCuNZZNECnNQhcnmpAdAQOwc5xzLyXlhKV+PvkAE=","carabid","CARSP14","Carabidae sp.","family",,"Latreille","D08.2014.MorphD",1,"Ciegler, J. C. 2000. Ground beetles and wrinkled bark beetles of South Carolina (Coleoptera: Geadephaga: Carabidae and Rhysodidae). Biota of South Carolina. Vol. 1. Clemson, S. Clemson University.","us1ZuF/YFaJ9IETdiexVrD+fHDIIxGwg","1BXlVo/+sgQnzGKl3MtQcn6rxZDFIa/f","11.6-19.2mm. Elytra dull, pronotum moderately shiny. Frontal grooves of head fairly deep and sharply defined, angulate near middle, the bend directed medially. Pronotum quadrate slightly constricted anteriorly and posteriorly, sides not anterior transvers"
"62cfba1f-bb88-4913-9337-def081b50999","TALL_013.basePlot.bet","D08","TALL","TALL_013","E","2014-07-16","2014-07-30","2014-07-31","2014-08-01","2014-10-09","TALL_013.E.20140730","636VT4a85rC9TmkVrWIaY2Gtaf8DduC3DZmCnugjNvI=","carabid","CARSP14","Carabidae sp.","family",,"Latreille","D08.2014.MorphD",1,"Ciegler, J. C. 2000. Ground beetles and wrinkled bark beetles of South Carolina (Coleoptera: Geadephaga: Carabidae and Rhysodidae). Biota of South Carolina. Vol. 1. Clemson, S. Clemson University.","us1ZuF/YFaJ9IETdiexVrD+fHDIIxGwg","g5F5uklRh2VDICiaJ2hO4u/g0vjt6FOn","11.6-19.2mm. Elytra dull, pronotum moderately shiny. Frontal grooves of head fairly deep and sharply defined, angulate near middle, the bend directed medially. Pronotum quadrate slightly constricted anteriorly and posteriorly, sides not anterior transvers"
"5189d94d-ee44-4317-ae50-1687bee51cef","TALL_008.basePlot.bet","D08","TALL","TALL_008","W","2014-07-16","2014-07-30","2014-07-30","2014-07-31",,"TALL_008.W.20140730","ohyOCuNZZNHXm47VwlKAEPipl7iIQW0CiqJ9Kjeqg9w=","other carabid","CARSP14","Carabidae sp.","family",,"Latreille",,1,"Other",,"1BXlVo/+sgQnzGKl3MtQcn6rxZDFIa/f","individualCount estimated based on number of pinning records|4.9-6.2mm. Reddish brown, shiny: appendages reddish brown to straw yellow. Lateral margins of pronotum slightly sinuate, hind angle acute, slightly projected outward. Basal pronotal impressions moderately deep, elongate, and punctuate, area between them w"
"bdb45997-2a19-40e7-9229-d4c63c4b9bd1","TALL_005.basePlot.bet","D08","TALL","TALL_005","E","2014-07-16","2014-07-30","2014-07-30","2014-07-31",,"TALL_005.E.20140730","t0MQRG9cttnXg9ElZ7UgojlR6fomqyZDBiVdsZi+x6Y=","other carabid","CARSP14","Carabidae sp.","family",,"Latreille",,1,"Other",,"us1ZuF/YFaJ9IETdiexVrD+fHDIIxGwg","individualCount estimated based on number of pinning records|15.0-16.5mm. Short and rather broad. Black, dull or slightly shiny. Dorsal surface of head and pronotum rugulose. Left mandible with ridge or tubercle on dorsal surface near middle of internal margin. Pronotum quadrate, wider at base than at apex| margins"
"47d0ddc3-43df-4d60-8fb6-5d91c2b4eb74","TALL_008.basePlot.bet","D08","TALL","TALL_008","E","2014-07-16","2014-07-30","2014-07-30","2014-07-31","2014-10-09","TALL_008.E.20140730","ohyOCuNZZNGY+NOmouvaWeaDFHep3DwmgAuXLpdeFj0=","carabid","CARSP14","Carabidae sp.","family",,"Latreille","D08.2014.MorphD",1,"Ciegler, J. C. 2000. Ground beetles and wrinkled bark beetles of South Carolina (Coleoptera: Geadephaga: Carabidae and Rhysodidae). Biota of South Carolina. Vol. 1. Clemson, S. Clemson University.","us1ZuF/YFaJ9IETdiexVrD+fHDIIxGwg","1BXlVo/+sgQnzGKl3MtQcn6rxZDFIa/f","11.6-19.2mm. Elytra dull, pronotum moderately shiny. Frontal grooves of head fairly deep and sharply defined, angulate near middle, the bend directed medially. Pronotum quadrate slightly constricted anteriorly and posteriorly, sides not anterior transvers"
"c587730f-269b-44fe-8306-f5bf2a76fa70","TALL_003.basePlot.bet","D08","TALL","TALL_003","E","2014-07-16","2014-07-30","2014-07-30","2014-07-31","2014-10-09","TALL_003.E.20140730","M7Kgwa5WKWr1GKdJdwX2+P8vGt1gXBkUi/mrSkkTDsE=","carabid","CARSP14","Carabidae sp.","family",,"Latreille","D08.2014.MorphD",1,"Ciegler, J. C. 2000. Ground beetles and wrinkled bark beetles of South Carolina (Coleoptera: Geadephaga: Carabidae and Rhysodidae). Biota of South Carolina. Vol. 1. Clemson, S. Clemson University.","us1ZuF/YFaJ9IETdiexVrD+fHDIIxGwg","us1ZuF/YFaJ9IETdiexVrD+fHDIIxGwg","11.6-19.2mm. Elytra dull, pronotum moderately shiny. Frontal grooves of head fairly deep and sharply defined, angulate near middle, the bend directed medially. Pronotum quadrate slightly constricted anteriorly and posteriorly, sides not anterior transvers"
"54ad5b02-d686-46bf-8ea1-9887e4e5d4de","TALL_009.basePlot.bet","D08","TALL","TALL_009","E","2014-07-16","2014-07-30","2014-07-30","2014-07-31","2014-10-09","TALL_009.E.20140730","l/M16YIQdhlzLNSodWWqmXE7df46IB/iOtl1MwGSDOE=","carabid","CARSP14","Carabidae sp.","family",,"Latreille","D08.2014.MorphD",2,"Ciegler, J. C. 2000. Ground beetles and wrinkled bark beetles of South Carolina (Coleoptera: Geadephaga: Carabidae and Rhysodidae). Biota of South Carolina. Vol. 1. Clemson, S. Clemson University.","us1ZuF/YFaJ9IETdiexVrD+fHDIIxGwg","g5F5uklRh2VSiBORTFDKkUBApSQ9Kh0Y","11.6-19.2mm. Elytra dull, pronotum moderately shiny. Frontal grooves of head fairly deep and sharply defined, angulate near middle, the bend directed medially. Pronotum quadrate slightly constricted anteriorly and posteriorly, sides not anterior transvers"
"7abdb8cb-b114-4077-bb9d-2839e7d23948","TALL_013.basePlot.bet","D08","TALL","TALL_013","N","2014-07-16","2014-07-30","2014-07-31","2014-08-01",,"TALL_013.N.20140730","636VT4a85rCe14e3OkMIX72XSxCwS3hYnIKbYsuyJhM=","invert bycatch",,,,,,,,,,"g5F5uklRh2VDICiaJ2hO4u/g0vjt6FOn",
"2dd3ee30-1ab6-42f7-bd41-942bbda7d3fb","TALL_008.basePlot.bet","D08","TALL","TALL_008","N","2014-07-16","2014-07-30","2014-07-30","2014-07-31","2014-10-09","TALL_008.N.20140730","ohyOCuNZZNECnNQhcnmpAcXnHsTWEQkT46DXPtTnejo=","carabid","CARSP14","Carabidae sp.","family",,"Latreille","D08.2014.MorphD",1,"Ciegler, J. C. 2000. Ground beetles and wrinkled bark beetles of South Carolina (Coleoptera: Geadephaga: Carabidae and Rhysodidae). Biota of South Carolina. Vol. 1. Clemson, S. Clemson University.","us1ZuF/YFaJ9IETdiexVrD+fHDIIxGwg","1BXlVo/+sgQnzGKl3MtQcn6rxZDFIa/f","11.6-19.2mm. Elytra dull, pronotum moderately shiny. Frontal grooves of head fairly deep and sharply defined, angulate near middle, the bend directed medially. Pronotum quadrate slightly constricted anteriorly and posteriorly, sides not anterior transvers"
"9f78279f-143c-4980-bd95-dc7e6dd65b90","TALL_008.basePlot.bet","D08","TALL","TALL_008","N","2014-07-16","2014-07-30","2014-07-30","2014-07-31",,"TALL_008.N.20140730","ohyOCuNZZNECnNQhcnmpASe5XoloPSO8nRhfLi9lKTI=","invert bycatch",,,,,,,,,,"1BXlVo/+sgQnzGKl3MtQcn6rxZDFIa/f",
"a4156d9a-a4c7-44c6-94bf-af21e9760b59","TALL_009.basePlot.bet","D08","TALL","TALL_009","N","2014-07-16","2014-07-30","2014-07-30","2014-07-31",,"TALL_009.N.20140730","l/M16YIQdhnZqz5vdEY/27tUOJ7mSoGcdNHsUByqwQo=","invert bycatch",,,,,,,,,,"g5F5uklRh2VSiBORTFDKkUBApSQ9Kh0Y",
"48eb101c-43cb-47e2-933f-f543e308f1e8","TALL_003.basePlot.bet","D08","TALL","TALL_003","N","2014-07-16","2014-07-30","2014-07-30","2014-07-31","2014-10-09","TALL_003.N.20140730","M7Kgwa5WKWrsEoTB/KZYrbsJC0voVRnmQN0RasNxDVo=","carabid","CARSP14","Carabidae sp.","family",,"Latreille","D08.2014.MorphD",3,"Ciegler, J. C. 2000. Ground beetles and wrinkled bark beetles of South Carolina (Coleoptera: Geadephaga: Carabidae and Rhysodidae). Biota of South Carolina. Vol. 1. Clemson, S. Clemson University.","us1ZuF/YFaJ9IETdiexVrD+fHDIIxGwg","us1ZuF/YFaJ9IETdiexVrD+fHDIIxGwg","11.6-19.2mm. Elytra dull, pronotum moderately shiny. Frontal grooves of head fairly deep and sharply defined, angulate near middle, the bend directed medially. Pronotum quadrate slightly constricted anteriorly and posteriorly, sides not anterior transvers"
"a49a9656-edb0-4779-9adc-a2f55deb6e47","TALL_003.basePlot.bet","D08","TALL","TALL_003","N","2014-07-16","2014-07-30","2014-07-30","2014-07-31",,"TALL_003.N.20140730","M7Kgwa5WKWrsEoTB/KZYrSB+vJRYiHBsFPXMUtAWUS8=","invert bycatch",,,,,,,,,,"us1ZuF/YFaJ9IETdiexVrD+fHDIIxGwg",
"661c30ce-f899-41dc-851c-aaec8a3b11bf","TALL_009.basePlot.bet","D08","TALL","TALL_009","N","2014-07-16","2014-07-30","2014-07-30","2014-07-31",,"TALL_009.N.20140730","l/M16YIQdhnZqz5vdEY/2x5Gg9DzLTLCSTuZK6ds8ik=","other carabid","CARSP14","Carabidae sp.","family",,"Latreille",,1,"Other",,"g5F5uklRh2VSiBORTFDKkUBApSQ9Kh0Y","individualCount estimated based on number of pinning records|15.0-16.5mm. Short and rather broad. Black, dull or slightly shiny. Dorsal surface of head and pronotum rugulose. Left mandible with ridge or tubercle on dorsal surface near middle of internal margin. Pronotum quadrate, wider at base than at apex| margins"
"d744f251-4365-4901-803c-00932789186e","TALL_009.basePlot.bet","D08","TALL","TALL_009","N","2014-07-16","2014-07-30","2014-07-30","2014-07-31",,"TALL_009.N.20140730","l/M16YIQdhnZqz5vdEY/2x5Gg9DzLTLCccKlgE/qDVY=","other carabid","CARSP14","Carabidae sp.","family",,"Latreille",,1,"Other",,"g5F5uklRh2VSiBORTFDKkUBApSQ9Kh0Y","individualCount estimated based on number of pinning records|reddish brown body, Legs bright red. Pronutum wider than head and heart shaped. Elytra striated and slightly duller than pronotum."
"895be746-58bb-4d32-8f96-342f14eddb73","TALL_009.basePlot.bet","D08","TALL","TALL_009","N","2014-07-16","2014-07-30","2014-07-30","2014-07-31","2014-10-09","TALL_009.N.20140730","l/M16YIQdhnZqz5vdEY/2zsOt0foRgLownGHmF2KhNw=","carabid","CARSP14","Carabidae sp.","family",,"Latreille","D08.2014.MorphD",1,"Ciegler, J. C. 2000. Ground beetles and wrinkled bark beetles of South Carolina (Coleoptera: Geadephaga: Carabidae and Rhysodidae). Biota of South Carolina. Vol. 1. Clemson, S. Clemson University.","us1ZuF/YFaJ9IETdiexVrD+fHDIIxGwg","g5F5uklRh2VSiBORTFDKkUBApSQ9Kh0Y","11.6-19.2mm. Elytra dull, pronotum moderately shiny. Frontal grooves of head fairly deep and sharply defined, angulate near middle, the bend directed medially. Pronotum quadrate slightly constricted anteriorly and posteriorly, sides not anterior transvers"
"8c02de07-4365-4d57-ad76-23e7f3556c7e","TALL_007.basePlot.bet","D08","TALL","TALL_007","N","2014-07-16","2014-07-30","2014-07-31","2014-08-01","2014-10-09","TALL_007.N.20140730","dCnpKCfrHjOVQk2Phb9g9lAyrl+laszaqpRLFRAJqMY=","carabid","CARSP14","Carabidae sp.","family",,"Latreille","D08.2014.MorphD",1,"Ciegler, J. C. 2000. Ground beetles and wrinkled bark beetles of South Carolina (Coleoptera: Geadephaga: Carabidae and Rhysodidae). Biota of South Carolina. Vol. 1. Clemson, S. Clemson University.","us1ZuF/YFaJ9IETdiexVrD+fHDIIxGwg","v7wRdnV1gD6DA7NUoRhtXNeAYtN2k0WN","11.6-19.2mm. Elytra dull, pronotum moderately shiny. Frontal grooves of head fairly deep and sharply defined, angulate near middle, the bend directed medially. Pronotum quadrate slightly constricted anteriorly and posteriorly, sides not anterior transvers"
"ceb44aff-36bd-4ab2-9cb2-7454f9324727","TALL_002.basePlot.bet","D08","TALL","TALL_002","N","2014-07-16","2014-07-30","2014-07-30","2014-07-31",,"TALL_002.N.20140730","GD+N/Fshctz84eWStkt1cyQjCZSQ4vUV4dRU0/gv7D4=","invert bycatch",,,,,,,,,,"us1ZuF/YFaJ9IETdiexVrD+fHDIIxGwg",
"ee7485d6-69fd-41f5-98af-20c1bdf9d50b","TALL_002.basePlot.bet","D08","TALL","TALL_002","N","2014-07-16","2014-07-30","2014-07-30","2014-07-31","2014-10-09","TALL_002.N.20140730","GD+N/Fshctz84eWStkt1c8ZOMP4E5rrSxm32S7nHJUM=","carabid","CARSP14","Carabidae sp.","family",,"Latreille","D08.2014.MorphD",1,"Ciegler, J. C. 2000. Ground beetles and wrinkled bark beetles of South Carolina (Coleoptera: Geadephaga: Carabidae and Rhysodidae). Biota of South Carolina. Vol. 1. Clemson, S. Clemson University.","us1ZuF/YFaJ9IETdiexVrD+fHDIIxGwg","us1ZuF/YFaJ9IETdiexVrD+fHDIIxGwg","11.6-19.2mm. Elytra dull, pronotum moderately shiny. Frontal grooves of head fairly deep and sharply defined, angulate near middle, the bend directed medially. Pronotum quadrate slightly constricted anteriorly and posteriorly, sides not anterior transvers"
"582d8235-9e20-404a-8896-fbe75f8dd1fc","TALL_001.basePlot.bet","D08","TALL","TALL_001","N","2014-07-16","2014-07-30","2014-07-31","2014-08-01",,"TALL_001.N.20140730","oBD9lvhf20l9OYUubMfz40JNhxV1M8r3wCRhJic6QS4=","invert bycatch",,,,,,,,,,"v7wRdnV1gD6DA7NUoRhtXNeAYtN2k0WN",
"2447395c-9763-485a-9f53-29eeb419608c","TALL_007.basePlot.bet","D08","TALL","TALL_007","N","2014-07-16","2014-07-30","2014-07-31","2014-08-01",,"TALL_007.N.20140730","dCnpKCfrHjOVQk2Phb9g9lbR+iZMJwbD7T+nv12a01w=","invert bycatch",,,,,,,,,,"v7wRdnV1gD6DA7NUoRhtXNeAYtN2k0WN",
"7d774867-d8d9-4683-ab95-e6028e6343de","TALL_005.basePlot.bet","D08","TALL","TALL_005","N","2014-07-16","2014-07-30","2014-07-30","2014-07-31",,"TALL_005.N.20140730","t0MQRG9cttngFqgPdBhhpbYsu/X4L3pcRiMIDYXTNJ4=","invert bycatch",,,,,,,,,,"us1ZuF/YFaJ9IETdiexVrD+fHDIIxGwg",
"93a4ebff-b11b-4a47-b326-8c2df309f6aa","TALL_006.basePlot.bet","D08","TALL","TALL_006","N","2014-07-16","2014-07-30","2014-07-31","2014-08-01",,"TALL_006.N.20140730","GF+klScYxlOx9ycIiDxYKMFxmtEQ9mYc4UGONmRUDbE=","invert bycatch",,,,,,,,,,"2Y7NY6M/2OxpFm+HhOxA2SgRyzLCDA85",
"90e1598b-4de3-4a83-92bd-99f1921d1e87","TALL_005.basePlot.bet","D08","TALL","TALL_005","N","2014-07-16","2014-07-30","2014-07-30","2014-07-31",,"TALL_005.N.20140730","t0MQRG9cttngFqgPdBhhpRz2dYw2FXrwruLYB9ulQOQ=","other carabid","CARSP14","Carabidae sp.","family",,"Latreille",,1,"Other",,"us1ZuF/YFaJ9IETdiexVrD+fHDIIxGwg","individualCount estimated based on number of pinning records|14 mm. Shiny black. Pronotum wider than head. Elytra shiny, ridges present with shallow grooves."
"886508e4-f925-42b9-aa54-3dcf438da26b","TALL_004.basePlot.bet","D08","TALL","TALL_004","N","2014-07-16","2014-07-30","2014-07-31","2014-08-01",,"TALL_004.N.20140730","Qa/aVRg+qTPrFwwaq/Vrv39ymva2k7L2t/sIWHTEPNw=","invert bycatch",,,,,,,,,,"1BXlVo/+sgQnzGKl3MtQcn6rxZDFIa/f",
"7f0f708f-e027-4f8a-b3b2-1bee4241fa6d","TALL_008.basePlot.bet","D08","TALL","TALL_008","S","2014-07-16","2014-07-30","2014-07-30","2014-07-31",,"TALL_008.S.20140730","ohyOCuNZZNFI21Qc/4GkoWHTpi3lBi/9ct5bOxPtxQU=","other carabid","CARSP14","Carabidae sp.","family",,"Latreille",,1,"Other",,"1BXlVo/+sgQnzGKl3MtQcn6rxZDFIa/f","individualCount estimated based on number of pinning records|17.9-26.8 mm. Broad, very robust. Dull black. Base of pronotum wider than apex, margins only slightly reflexed| two stigerous punctures near neach lateral margin transverse basal impression very deep. Elytral interval 7 carinate for about two-third length"
"8e9dc18c-6293-4248-83d9-8d53df5680fe","TALL_008.basePlot.bet","D08","TALL","TALL_008","S","2014-07-16","2014-07-30","2014-07-30","2014-07-31",,"TALL_008.S.20140730","ohyOCuNZZNFI21Qc/4GkoWHTpi3lBi/9eSEQkupDUnI=","other carabid","CARSP14","Carabidae sp.","family",,"Latreille",,1,"Other",,"1BXlVo/+sgQnzGKl3MtQcn6rxZDFIa/f","individualCount estimated based on number of pinning records|17.9-26.8 mm. Broad, very robust. Dull black. Base of pronotum wider than apex, margins only slightly reflexed| two stigerous punctures near neach lateral margin transverse basal impression very deep. Elytral interval 7 carinate for about two-third length"
"0572a57f-a874-4756-9e62-b278a90f8205","TALL_007.basePlot.bet","D08","TALL","TALL_007","S","2014-07-16","2014-07-30","2014-07-31","2014-08-01",,"TALL_007.S.20140730","dCnpKCfrHjMX/h+AzcNym8ZZG6P+qbhWxv1V7DmuiyA=","other carabid","CARSP14","Carabidae sp.","family",,"Latreille",,1,"Other",,"1BXlVo/+sgQnzGKl3MtQcn6rxZDFIa/f","individualCount estimated based on number of pinning records|reddish brown body, Legs bright red. Pronutum wider than head and heart shaped. Elytra striated and slightly duller than pronotum."
"73096d5d-40fe-4f85-8328-09edf6949249","TALL_009.basePlot.bet","D08","TALL","TALL_009","S","2014-07-16","2014-07-30","2014-07-30","2014-07-31",,"TALL_009.S.20140730","l/M16YIQdhnEU5lxplNTcuUcoXWFZi/wcVFj6H9yMwY=","other carabid","CARSP14","Carabidae sp.","family",,"Latreille",,1,"Other",,"g5F5uklRh2VSiBORTFDKkUBApSQ9Kh0Y","individualCount estimated based on number of pinning records|15.0-16.5mm. Short and rather broad. Black, dull or slightly shiny. Dorsal surface of head and pronotum rugulose. Left mandible with ridge or tubercle on dorsal surface near middle of internal margin. Pronotum quadrate, wider at base than at apex| margins"
"0bc0ca59-a4fc-4ab7-9bba-913899138adf","TALL_009.basePlot.bet","D08","TALL","TALL_009","S","2014-07-16","2014-07-30","2014-07-30","2014-07-31","2014-10-09","TALL_009.S.20140730","l/M16YIQdhnEU5lxplNTconAVSOFTIAsUPTnea5Rics=","carabid","CARSP14","Carabidae sp.","family",,"Latreille","D08.2014.MorphD",1,"Ciegler, J. C. 2000. Ground beetles and wrinkled bark beetles of South Carolina (Coleoptera: Geadephaga: Carabidae and Rhysodidae). Biota of South Carolina. Vol. 1. Clemson, S. Clemson University.","us1ZuF/YFaJ9IETdiexVrD+fHDIIxGwg","g5F5uklRh2VSiBORTFDKkUBApSQ9Kh0Y","11.6-19.2mm. Elytra dull, pronotum moderately shiny. Frontal grooves of head fairly deep and sharply defined, angulate near middle, the bend directed medially. Pronotum quadrate slightly constricted anteriorly and posteriorly, sides not anterior transvers"
"c8679b1a-2b54-4c27-b37b-e3b72d24a6c1","TALL_013.basePlot.bet","D08","TALL","TALL_013","S","2014-07-16","2014-07-30","2014-07-31","2014-08-01","2014-10-09","TALL_013.S.20140730","636VT4a85rARbcXp8zrFlZ9UzSigtI8P0qsMr6kuPs0=","carabid","CARSP14","Carabidae sp.","family",,"Latreille","D08.2014.MorphD",1,"Ciegler, J. C. 2000. Ground beetles and wrinkled bark beetles of South Carolina (Coleoptera: Geadephaga: Carabidae and Rhysodidae). Biota of South Carolina. Vol. 1. Clemson, S. Clemson University.","us1ZuF/YFaJ9IETdiexVrD+fHDIIxGwg","g5F5uklRh2VDICiaJ2hO4u/g0vjt6FOn","11.6-19.2mm. Elytra dull, pronotum moderately shiny. Frontal grooves of head fairly deep and sharply defined, angulate near middle, the bend directed medially. Pronotum quadrate slightly constricted anteriorly and posteriorly, sides not anterior transvers"
"6f51ad73-6861-444f-b8ad-d8d6f6622e5b","TALL_009.basePlot.bet","D08","TALL","TALL_009","S","2014-07-16","2014-07-30","2014-07-30","2014-07-31",,"TALL_009.S.20140730","l/M16YIQdhnEU5lxplNTcuUcoXWFZi/wvJ8zKBIFWok=","other carabid","CARSP14","Carabidae sp.","family",,"Latreille",,1,"Other",,"g5F5uklRh2VSiBORTFDKkUBApSQ9Kh0Y","individualCount estimated based on number of pinning records|Black, very shiny| edges of elytra and legs reddish brown. Mandibles long and slender. All individual morphospecies pinned"
"254768ba-82c9-424a-8b32-9e4e60da79d4","TALL_003.basePlot.bet","D08","TALL","TALL_003","W","2014-07-16","2014-07-30","2014-07-30","2014-07-31","2014-10-09","TALL_003.W.20140730","M7Kgwa5WKWoANUMT9r1CJ5XpdiYZ9E/WVjD1wyyN014=","carabid","CARSP14","Carabidae sp.","family",,"Latreille","D08.2014.MorphD",3,"Ciegler, J. C. 2000. Ground beetles and wrinkled bark beetles of South Carolina (Coleoptera: Geadephaga: Carabidae and Rhysodidae). Biota of South Carolina. Vol. 1. Clemson, S. Clemson University.","us1ZuF/YFaJ9IETdiexVrD+fHDIIxGwg","us1ZuF/YFaJ9IETdiexVrD+fHDIIxGwg","11.6-19.2mm. Elytra dull, pronotum moderately shiny. Frontal grooves of head fairly deep and sharply defined, angulate near middle, the bend directed medially. Pronotum quadrate slightly constricted anteriorly and posteriorly, sides not anterior transvers"
"e18dc81d-7a73-4250-89c6-47c48615c62f","TALL_009.basePlot.bet","D08","TALL","TALL_009","W","2014-07-16","2014-07-30","2014-07-30","2014-07-31",,"TALL_009.W.20140730","l/M16YIQdhkC0dch8U8H/3UYCrF8ZLXVIXArA0XI8Go=","other carabid","CARSP14","Carabidae sp.","family",,"Latreille",,1,"Other",,"g5F5uklRh2VSiBORTFDKkUBApSQ9Kh0Y","individualCount estimated based on number of pinning records|Black, pronotum dull and flared, Elytra shiny and striated. Mandibles long and slender. All individual morphospecies pinned"
"0577ce42-09d0-49db-8a36-2624c7cd003f","TALL_005.basePlot.bet","D08","TALL","TALL_005","W","2014-07-16","2014-07-30","2014-07-30","2014-07-31","2014-10-09","TALL_005.W.20140730","t0MQRG9cttnJ0EYTDCM3I/yzyjv5MV62k533WKibQFw=","carabid","CARSP14","Carabidae sp.","family",,"Latreille","D08.2014.MorphD",1,"Ciegler, J. C. 2000. Ground beetles and wrinkled bark beetles of South Carolina (Coleoptera: Geadephaga: Carabidae and Rhysodidae). Biota of South Carolina. Vol. 1. Clemson, S. Clemson University.","us1ZuF/YFaJ9IETdiexVrD+fHDIIxGwg","us1ZuF/YFaJ9IETdiexVrD+fHDIIxGwg","11.6-19.2mm. Elytra dull, pronotum moderately shiny. Frontal grooves of head fairly deep and sharply defined, angulate near middle, the bend directed medially. Pronotum quadrate slightly constricted anteriorly and posteriorly, sides not anterior transvers"
"87925377-94b5-421a-a473-256d2b0ecd4c","TALL_008.basePlot.bet","D08","TALL","TALL_008","W","2014-07-16","2014-07-30","2014-07-30","2014-07-31","2014-10-09","TALL_008.W.20140730","ohyOCuNZZNHXm47VwlKAEMwFAfW5NgiLRcpn/AWQMDw=","carabid","CARSP14","Carabidae sp.","family",,"Latreille","D08.2014.MorphD",1,"Ciegler, J. C. 2000. Ground beetles and wrinkled bark beetles of South Carolina (Coleoptera: Geadephaga: Carabidae and Rhysodidae). Biota of South Carolina. Vol. 1. Clemson, S. Clemson University.","us1ZuF/YFaJ9IETdiexVrD+fHDIIxGwg","1BXlVo/+sgQnzGKl3MtQcn6rxZDFIa/f","11.6-19.2mm. Elytra dull, pronotum moderately shiny. Frontal grooves of head fairly deep and sharply defined, angulate near middle, the bend directed medially. Pronotum quadrate slightly constricted anteriorly and posteriorly, sides not anterior transvers"
"32471fbc-a59c-4201-9ad5-609d07f4e655","TALL_005.basePlot.bet","D08","TALL","TALL_005","W","2014-07-16","2014-07-30","2014-07-30","2014-07-31",,"TALL_005.W.20140730","t0MQRG9cttnJ0EYTDCM3I2PhTTGz48jRvjAkNblfrvQ=","other carabid","CARSP14","Carabidae sp.","family",,"Latreille",,1,"Other",,"us1ZuF/YFaJ9IETdiexVrD+fHDIIxGwg","individualCount estimated based on number of pinning records|14-18mm. Purplish brown dorsally. White markings a single triangular dot on each side, or none. Elytron with green punctures and foveae and purplish brown velvety spots that give the appearance of diagonal brown lines in certain light. Elytron flat, not s"
"d9e48bea-6fba-45ee-b06d-b4bc63c8f2b9","TALL_005.basePlot.bet","D08","TALL","TALL_005","W","2014-07-16","2014-07-30","2014-07-30","2014-07-31",,"TALL_005.W.20140730","t0MQRG9cttnJ0EYTDCM3I2PhTTGz48jRDObTCymoA1E=","other carabid","CARSP14","Carabidae sp.","family",,"Latreille",,1,"Other",,"us1ZuF/YFaJ9IETdiexVrD+fHDIIxGwg","individualCount estimated based on number of pinning records|Black, Blue margins. Base of pronotum margined next to scutellum. Elytra smooth and dull. Mandibles robust."
"7042412c-8cf1-4a7c-9c2e-4b21f79fd034","TALL_009.basePlot.bet","D08","TALL","TALL_009","W","2014-07-16","2014-07-30","2014-07-30","2014-07-31","2014-10-09","TALL_009.W.20140730","l/M16YIQdhkC0dch8U8H/y6Ejsowxw6EehN0UKEz+EU=","carabid","CARSP14","Carabidae sp.","family",,"Latreille","D08.2014.MorphD",2,"Ciegler, J. C. 2000. Ground beetles and wrinkled bark beetles of South Carolina (Coleoptera: Geadephaga: Carabidae and Rhysodidae). Biota of South Carolina. Vol. 1. Clemson, S. Clemson University.","us1ZuF/YFaJ9IETdiexVrD+fHDIIxGwg","g5F5uklRh2VSiBORTFDKkUBApSQ9Kh0Y","11.6-19.2mm. Elytra dull, pronotum moderately shiny. Frontal grooves of head fairly deep and sharply defined, angulate near middle, the bend directed medially. Pronotum quadrate slightly constricted anteriorly and posteriorly, sides not anterior transvers"
"2c81ea16-ddf3-4646-a577-d03855b4a2d5","TALL_008.basePlot.bet","D08","TALL","TALL_008","W","2014-07-16","2014-07-30","2014-07-30","2014-07-31",,"TALL_008.W.20140730","ohyOCuNZZNHXm47VwlKAEPipl7iIQW0CF+mX5xwFtJU=","other carabid","CARSP14","Carabidae sp.","family",,"Latreille",,1,"Other",,"1BXlVo/+sgQnzGKl3MtQcn6rxZDFIa/f","individualCount estimated based on number of pinning records|very similar to Cicindela unipunctulata only this moph spp. Has dark brown labrum when C. unipunctulata has white labrum. Body brownish with gren spots| metallic gold tint. Pronotum as wide as head, legs shiny red."
"a2feb5ea-f07a-45de-8d48-3a7d48d4b6e3","TALL_007.basePlot.bet","D08","TALL","TALL_007","E","2014-07-16","2014-07-30","2014-07-31","2014-08-01","2014-10-09","TALL_007.E.20140730","dCnpKCfrHjN7Gy+yQyAKajQ1i2NzGD1mHlQSkbOpPv4=","carabid","CARSP14","Carabidae sp.","family",,"Latreille","D08.2014.MorphD",1,"Ciegler, J. C. 2000. Ground beetles and wrinkled bark beetles of South Carolina (Coleoptera: Geadephaga: Carabidae and Rhysodidae). Biota of South Carolina. Vol. 1. Clemson, S. Clemson University.","us1ZuF/YFaJ9IETdiexVrD+fHDIIxGwg","1BXlVo/+sgQnzGKl3MtQcn6rxZDFIa/f","11.6-19.2mm. Elytra dull, pronotum moderately shiny. Frontal grooves of head fairly deep and sharply defined, angulate near middle, the bend directed medially. Pronotum quadrate slightly constricted anteriorly and posteriorly, sides not anterior transvers"
