uid,namedLocation,domainID,siteID,plotID,trapID,setDate,collectDate,processingDate,identifiedDate,subsampleID,individualID,taxonID,scientificName,taxonRank,identificationQualifier,scientificNameAuthorship,morphospeciesID,identificationReferences,totalLength,identifiedBy,recordedBy,remarks
"06e58cd3-29ac-4e6a-a756-9613cdfacec8","TALL_007.basePlot.bet","D08","TALL","TALL_007","E","2014-06-18","2014-07-02","2014-07-04","2014-10-23","dCnpKCfrHjN7Gy+yQyAKagFQ90xAZfKcGQPSGrF8AN0=","NEON.BET.D08.000094","CARSP14","Carabidae sp.","family",,"Latreille","D08.2014.MorphD","Ciegler, J. C. 2000. Ground beetles and wrinkled bark beetles of South Carolina (Coleoptera: Geadephaga: Carabidae and Rhysodidae). Biota of South Carolina. Vol. 1. Clemson, S. Clemson University.",,"us1ZuF/YFaJ9IETdiexVrD+fHDIIxGwg","us1ZuF/YFaJ9IETdiexVrD+fHDIIxGwg","11.6-19.2mm. Elytra dull, pronotum moderately shiny. Frontal grooves of head fairly deep and sharply defined, angulate near middle, the bend directed medially. Pronotum quadrate slightly constricted anteriorly and posteriorly, sides not anterior transvers"
"39199dba-2fad-4332-9bae-7ef9d5a9487a","TALL_007.basePlot.bet","D08","TALL","TALL_007","E","2014-06-18","2014-07-02","2014-07-04","2014-10-08","dCnpKCfrHjN7Gy+yQyAKagFQ90xAZfKcGQPSGrF8AN0=","NEON.BET.D08.000095","CARSP14","Carabidae sp.","family",,"Latreille","D08.2014.MorphR","Ciegler, J. C. 2000. Ground beetles and wrinkled bark beetles of South Carolina (Coleoptera: Geadephaga: Carabidae and Rhysodidae). Biota of South Carolina. Vol. 1. Clemson, S. Clemson University.",,"us1ZuF/YFaJ9IETdiexVrD+fHDIIxGwg","us1ZuF/YFaJ9IETdiexVrD+fHDIIxGwg","Black, Blue margins. Base of pronotum margined next to scutellum. Elytra smooth and dull. Mandibles robust."
"ee921dcd-f6b7-4e2a-9c9e-110848733d39","TALL_013.basePlot.bet","D08","TALL","TALL_013","E","2014-06-18","2014-07-02","2014-10-08","2014-10-23","636VT4a85rC9TmkVrWIaY7UTS+xNhbBZzNKKaRa18DY=","NEON.BET.D08.000103","CARSP14","Carabidae sp.","family",,"Latreille","D08.2014.MorphD","Ciegler, J. C. 2000. Ground beetles and wrinkled bark beetles of South Carolina (Coleoptera: Geadephaga: Carabidae and Rhysodidae). Biota of South Carolina. Vol. 1. Clemson, S. Clemson University.",,"us1ZuF/YFaJ9IETdiexVrD+fHDIIxGwg","us1ZuF/YFaJ9IETdiexVrD+fHDIIxGwg","11.6-19.2mm. Elytra dull, pronotum moderately shiny. Frontal grooves of head fairly deep and sharply defined, angulate near middle, the bend directed medially. Pronotum quadrate slightly constricted anteriorly and posteriorly, sides not anterior transvers"
"d4bd7dc2-f984-460d-827f-c48bc06e5ae7","TALL_005.basePlot.bet","D08","TALL","TALL_005","E","2014-06-18","2014-07-02","2014-07-04","2014-10-23","t0MQRG9cttnXg9ElZ7UgokhyOS+gwUhMmeP+jT0ua7Y=","NEON.BET.D08.000089","CARSP14","Carabidae sp.","family",,"Latreille","D08.2014.MorphD","Ciegler, J. C. 2000. Ground beetles and wrinkled bark beetles of South Carolina (Coleoptera: Geadephaga: Carabidae and Rhysodidae). Biota of South Carolina. Vol. 1. Clemson, S. Clemson University.",,"us1ZuF/YFaJ9IETdiexVrD+fHDIIxGwg","us1ZuF/YFaJ9IETdiexVrD+fHDIIxGwg","11.6-19.2mm. Elytra dull, pronotum moderately shiny. Frontal grooves of head fairly deep and sharply defined, angulate near middle, the bend directed medially. Pronotum quadrate slightly constricted anteriorly and posteriorly, sides not anterior transvers"
"2f06ca1e-e251-4af0-ac85-333290bcdaf0","TALL_003.basePlot.bet","D08","TALL","TALL_003","E","2014-06-18","2014-07-02","2014-07-04","2014-10-23","M7Kgwa5WKWr1GKdJdwX2+AuCVAP87wMDmGTfKDw3CPQ=","NEON.BET.D08.000085","CARSP14","Carabidae sp.","family",,"Latreille","D08.2014.MorphD","Ciegler, J. C. 2000. Ground beetles and wrinkled bark beetles of South Carolina (Coleoptera: Geadephaga: Carabidae and Rhysodidae). Biota of South Carolina. Vol. 1. Clemson, S. Clemson University.",,"us1ZuF/YFaJ9IETdiexVrD+fHDIIxGwg","us1ZuF/YFaJ9IETdiexVrD+fHDIIxGwg","11.6-19.2mm. Elytra dull, pronotum moderately shiny. Frontal grooves of head fairly deep and sharply defined, angulate near middle, the bend directed medially. Pronotum quadrate slightly constricted anteriorly and posteriorly, sides not anterior transvers"
"62eb6a5d-32a4-4806-8d16-3e456d70983e","TALL_003.basePlot.bet","D08","TALL","TALL_003","E","2014-06-18","2014-07-02","2014-07-04","2014-10-08","M7Kgwa5WKWr1GKdJdwX2+Da09Q83OM027CWp1TLVIio=","NEON.BET.D08.000087","CARSP14","Carabidae sp.","family",,"Latreille","D08.2014.MorphK","Ciegler, J. C. 2000. Ground beetles and wrinkled bark beetles of South Carolina (Coleoptera: Geadephaga: Carabidae and Rhysodidae). Biota of South Carolina. Vol. 1. Clemson, S. Clemson University.",,"us1ZuF/YFaJ9IETdiexVrD+fHDIIxGwg","us1ZuF/YFaJ9IETdiexVrD+fHDIIxGwg","reddish brown body, Legs bright red. Pronutum wider than head and heart shaped. Elytra striated and slightly duller than pronotum."
"5874ddd4-7f1e-4560-a2bc-8198abae90bf","TALL_003.basePlot.bet","D08","TALL","TALL_003","E","2014-06-18","2014-07-02","2014-07-04","2014-10-08","M7Kgwa5WKWr1GKdJdwX2+Da09Q83OM02meS6OF4Tb5M=","NEON.BET.D08.000084","CARSP14","Carabidae sp.","family",,"Latreille","D08.2014.MorphG","Ciegler, J. C. 2000. Ground beetles and wrinkled bark beetles of South Carolina (Coleoptera: Geadephaga: Carabidae and Rhysodidae). Biota of South Carolina. Vol. 1. Clemson, S. Clemson University.",,"us1ZuF/YFaJ9IETdiexVrD+fHDIIxGwg","us1ZuF/YFaJ9IETdiexVrD+fHDIIxGwg","very similar to Cicindela unipunctulata only this moph spp. Has dark brown labrum when C. unipunctulata has white labrum. Body brownish with gren spots| metallic gold tint. Pronotum as wide as head, legs shiny red."
"a53e8df2-f18e-45b1-aff4-88521efa7db7","TALL_003.basePlot.bet","D08","TALL","TALL_003","E","2014-06-18","2014-07-02","2014-07-04","2014-10-13","M7Kgwa5WKWr1GKdJdwX2+Da09Q83OM02dNwBtNpgEbk=","NEON.BET.D08.000083","CARSP14","Carabidae sp.","family",,"Latreille","D08.2014.MorphQ","Evans, A. V. 2014. Beetles of Eastern North America. 1st Ed. Princeton University Press, Princeton, NJ.",,"us1ZuF/YFaJ9IETdiexVrD+fHDIIxGwg","us1ZuF/YFaJ9IETdiexVrD+fHDIIxGwg","Black, Blue margins. Base of pronotum margined next to scutellum. Elytra smooth and dull. Mandibles robust."
"8d27af5b-e587-42cd-9bac-29107327d70e","TALL_003.basePlot.bet","D08","TALL","TALL_003","E","2014-06-18","2014-07-02","2014-07-04","2014-10-08","M7Kgwa5WKWr1GKdJdwX2+Da09Q83OM02DBU0cWFTUNE=","NEON.BET.D08.000086","CARSP14","Carabidae sp.","family",,"Latreille","D08.2014.MorphM","Ciegler, J. C. 2000. Ground beetles and wrinkled bark beetles of South Carolina (Coleoptera: Geadephaga: Carabidae and Rhysodidae). Biota of South Carolina. Vol. 1. Clemson, S. Clemson University.",,"us1ZuF/YFaJ9IETdiexVrD+fHDIIxGwg","us1ZuF/YFaJ9IETdiexVrD+fHDIIxGwg","19-25mm. Elongate. Black, somewhat shiny to dull. Base of pronotum wider than apex, margins very markedly reflexed| two setigerous punctures near each lateral striae deep, impunctate| intervals quite convex| carina of interval 7 not extended to middle."
"b0acd69c-d289-4145-8b3a-2bebdc338969","TALL_009.basePlot.bet","D08","TALL","TALL_009","N","2014-06-18","2014-07-02","2014-10-08","2014-10-23","l/M16YIQdhnZqz5vdEY/22SNWNH9lAjzzWvXR/tmryQ=","NEON.BET.D08.000100","CARSP14","Carabidae sp.","family",,"Latreille","D08.2014.MorphD","Ciegler, J. C. 2000. Ground beetles and wrinkled bark beetles of South Carolina (Coleoptera: Geadephaga: Carabidae and Rhysodidae). Biota of South Carolina. Vol. 1. Clemson, S. Clemson University.",,"us1ZuF/YFaJ9IETdiexVrD+fHDIIxGwg","us1ZuF/YFaJ9IETdiexVrD+fHDIIxGwg","11.6-19.2mm. Elytra dull, pronotum moderately shiny. Frontal grooves of head fairly deep and sharply defined, angulate near middle, the bend directed medially. Pronotum quadrate slightly constricted anteriorly and posteriorly, sides not anterior transvers"
"ab9f5e60-7ebe-4b52-a404-62ae27df374f","TALL_008.basePlot.bet","D08","TALL","TALL_008","N","2014-06-18","2014-07-02","2014-10-08","2014-10-23","ohyOCuNZZNECnNQhcnmpAXCj3SPOTgdtNwIL/6YRAEk=","NEON.BET.D08.000097","CARSP14","Carabidae sp.","family",,"Latreille","D08.2014.MorphD","Ciegler, J. C. 2000. Ground beetles and wrinkled bark beetles of South Carolina (Coleoptera: Geadephaga: Carabidae and Rhysodidae). Biota of South Carolina. Vol. 1. Clemson, S. Clemson University.",,"us1ZuF/YFaJ9IETdiexVrD+fHDIIxGwg","us1ZuF/YFaJ9IETdiexVrD+fHDIIxGwg","11.6-19.2mm. Elytra dull, pronotum moderately shiny. Frontal grooves of head fairly deep and sharply defined, angulate near middle, the bend directed medially. Pronotum quadrate slightly constricted anteriorly and posteriorly, sides not anterior transvers"
"5a12d447-0914-451d-852c-3b60c02d0906","TALL_002.basePlot.bet","D08","TALL","TALL_002","N","2014-06-18","2014-07-02","2014-10-08","2014-10-23","GD+N/Fshctz84eWStkt1cy+29OT37rI6CoUHMs40yKI=","NEON.BET.D08.000077","CARSP14","Carabidae sp.","family",,"Latreille","D08.2014.MorphD","Ciegler, J. C. 2000. Ground beetles and wrinkled bark beetles of South Carolina (Coleoptera: Geadephaga: Carabidae and Rhysodidae). Biota of South Carolina. Vol. 1. Clemson, S. Clemson University.",,"us1ZuF/YFaJ9IETdiexVrD+fHDIIxGwg","us1ZuF/YFaJ9IETdiexVrD+fHDIIxGwg","11.6-19.2mm. Elytra dull, pronotum moderately shiny. Frontal grooves of head fairly deep and sharply defined, angulate near middle, the bend directed medially. Pronotum quadrate slightly constricted anteriorly and posteriorly, sides not anterior transvers"
"b5e6d925-e01c-47c7-b54b-cb8aa66e0de1","TALL_003.basePlot.bet","D08","TALL","TALL_003","N","2014-06-18","2014-07-02","2014-07-04","2014-10-08","M7Kgwa5WKWrsEoTB/KZYrU8EKMiA1UJaVegKSO8Z8XI=","NEON.BET.D08.000082","CARSP14","Carabidae sp.","family",,"Latreille","D08.2014.MorphF","Ciegler, J. C. 2000. Ground beetles and wrinkled bark beetles of South Carolina (Coleoptera: Geadephaga: Carabidae and Rhysodidae). Biota of South Carolina. Vol. 1. Clemson, S. Clemson University.",,"us1ZuF/YFaJ9IETdiexVrD+fHDIIxGwg","us1ZuF/YFaJ9IETdiexVrD+fHDIIxGwg","Black, very shiny| edges of elytra and legs reddish brown. Mandibles long and slender. All individual morphospecies pinned"
"d28a2bf2-29fe-404e-824d-bd867f4ed82d","TALL_003.basePlot.bet","D08","TALL","TALL_003","N","2014-06-18","2014-07-02","2014-07-04","2014-10-08","M7Kgwa5WKWrsEoTB/KZYrU8EKMiA1UJaVegKSO8Z8XI=","NEON.BET.D08.000081","CARSP14","Carabidae sp.","family",,"Latreille","D08.2014.MorphF","Ciegler, J. C. 2000. Ground beetles and wrinkled bark beetles of South Carolina (Coleoptera: Geadephaga: Carabidae and Rhysodidae). Biota of South Carolina. Vol. 1. Clemson, S. Clemson University.",,"us1ZuF/YFaJ9IETdiexVrD+fHDIIxGwg","us1ZuF/YFaJ9IETdiexVrD+fHDIIxGwg","Black, very shiny| edges of elytra and legs reddish brown. Mandibles long and slender. All individual morphospecies pinned"
"70f87d80-a9c7-4d2a-bc8e-46ca56f6c235","TALL_003.basePlot.bet","D08","TALL","TALL_003","N","2014-06-18","2014-07-02","2014-07-04","2014-10-23","M7Kgwa5WKWrsEoTB/KZYrU8EKMiA1UJajDIx2wRCYnU=","NEON.BET.D08.000078","CARSP14","Carabidae sp.","family",,"Latreille","D08.2014.MorphD","Ciegler, J. C. 2000. Ground beetles and wrinkled bark beetles of South Carolina (Coleoptera: Geadephaga: Carabidae and Rhysodidae). Biota of South Carolina. Vol. 1. Clemson, S. Clemson University.",,"us1ZuF/YFaJ9IETdiexVrD+fHDIIxGwg","us1ZuF/YFaJ9IETdiexVrD+fHDIIxGwg","11.6-19.2mm. Elytra dull, pronotum moderately shiny. Frontal grooves of head fairly deep and sharply defined, angulate near middle, the bend directed medially. Pronotum quadrate slightly constricted anteriorly and posteriorly, sides not anterior transvers"
"06af3e2a-fe47-4b43-8e08-d8bdd3207703","TALL_003.basePlot.bet","D08","TALL","TALL_003","N","2014-06-18","2014-07-02","2014-07-04","2014-10-23","M7Kgwa5WKWrsEoTB/KZYrU8EKMiA1UJajDIx2wRCYnU=","NEON.BET.D08.000079","CARSP14","Carabidae sp.","family",,"Latreille","D08.2014.MorphD","Ciegler, J. C. 2000. Ground beetles and wrinkled bark beetles of South Carolina (Coleoptera: Geadephaga: Carabidae and Rhysodidae). Biota of South Carolina. Vol. 1. Clemson, S. Clemson University.",,"us1ZuF/YFaJ9IETdiexVrD+fHDIIxGwg","us1ZuF/YFaJ9IETdiexVrD+fHDIIxGwg","11.6-19.2mm. Elytra dull, pronotum moderately shiny. Frontal grooves of head fairly deep and sharply defined, angulate near middle, the bend directed medially. Pronotum quadrate slightly constricted anteriorly and posteriorly, sides not anterior transvers"
"8bfa0bfa-3354-4ea0-9ebc-c08b9e866a99","TALL_005.basePlot.bet","D08","TALL","TALL_005","N","2014-06-18","2014-07-02","2014-07-04","2014-10-23","t0MQRG9cttngFqgPdBhhpUuBkNBN3vagmfa/+F304c0=","NEON.BET.D08.000093","CARSP14","Carabidae sp.","family",,"Latreille","D08.2014.MorphD","Ciegler, J. C. 2000. Ground beetles and wrinkled bark beetles of South Carolina (Coleoptera: Geadephaga: Carabidae and Rhysodidae). Biota of South Carolina. Vol. 1. Clemson, S. Clemson University.",,"us1ZuF/YFaJ9IETdiexVrD+fHDIIxGwg","us1ZuF/YFaJ9IETdiexVrD+fHDIIxGwg","11.6-19.2mm. Elytra dull, pronotum moderately shiny. Frontal grooves of head fairly deep and sharply defined, angulate near middle, the bend directed medially. Pronotum quadrate slightly constricted anteriorly and posteriorly, sides not anterior transvers"
"32034cc3-4144-4c7c-94f3-6be4009a0ab9","TALL_005.basePlot.bet","D08","TALL","TALL_005","N","2014-06-18","2014-07-02","2014-07-04","2014-10-23","t0MQRG9cttngFqgPdBhhpUuBkNBN3vagmfa/+F304c0=","NEON.BET.D08.000092","CARSP14","Carabidae sp.","family",,"Latreille","D08.2014.MorphD","Ciegler, J. C. 2000. Ground beetles and wrinkled bark beetles of South Carolina (Coleoptera: Geadephaga: Carabidae and Rhysodidae). Biota of South Carolina. Vol. 1. Clemson, S. Clemson University.",,"us1ZuF/YFaJ9IETdiexVrD+fHDIIxGwg","us1ZuF/YFaJ9IETdiexVrD+fHDIIxGwg","11.6-19.2mm. Elytra dull, pronotum moderately shiny. Frontal grooves of head fairly deep and sharply defined, angulate near middle, the bend directed medially. Pronotum quadrate slightly constricted anteriorly and posteriorly, sides not anterior transvers"
"f6d7fead-d745-462d-8785-29fc14c7edf1","TALL_005.basePlot.bet","D08","TALL","TALL_005","N","2014-06-18","2014-07-02","2014-07-04","2014-10-08","t0MQRG9cttngFqgPdBhhpZFxlLvthnG195m+BvEGuNY=","NEON.BET.D08.000091","CARSP14","Carabidae sp.","family",,"Latreille","D08.2014.MorphK","Ciegler, J. C. 2000. Ground beetles and wrinkled bark beetles of South Carolina (Coleoptera: Geadephaga: Carabidae and Rhysodidae). Biota of South Carolina. Vol. 1. Clemson, S. Clemson University.",,"us1ZuF/YFaJ9IETdiexVrD+fHDIIxGwg","us1ZuF/YFaJ9IETdiexVrD+fHDIIxGwg","reddish brown body, Legs bright red. Pronutum wider than head and heart shaped. Elytra striated and slightly duller than pronotum."
"12ec6586-1460-4e86-bab9-81a6920aa340","TALL_005.basePlot.bet","D08","TALL","TALL_005","N","2014-06-18","2014-07-02","2014-07-04","2014-10-23","t0MQRG9cttngFqgPdBhhpUuBkNBN3vagmfa/+F304c0=","NEON.BET.D08.000090","CARSP14","Carabidae sp.","family",,"Latreille","D08.2014.MorphD","Ciegler, J. C. 2000. Ground beetles and wrinkled bark beetles of South Carolina (Coleoptera: Geadephaga: Carabidae and Rhysodidae). Biota of South Carolina. Vol. 1. Clemson, S. Clemson University.",,"us1ZuF/YFaJ9IETdiexVrD+fHDIIxGwg","us1ZuF/YFaJ9IETdiexVrD+fHDIIxGwg","11.6-19.2mm. Elytra dull, pronotum moderately shiny. Frontal grooves of head fairly deep and sharply defined, angulate near middle, the bend directed medially. Pronotum quadrate slightly constricted anteriorly and posteriorly, sides not anterior transvers"
"4a415be3-3d8f-42e0-840a-b51e22f6bd47","TALL_001.basePlot.bet","D08","TALL","TALL_001","S","2014-06-18","2014-07-02","2014-07-04","2014-10-13","oBD9lvhf20leVEYENiiuN3pjhSVTMqfKpqm4LW9Uuwc=","NEON.BET.D08.000072","CARSP14","Carabidae sp.","family",,"Latreille","D08.2014.MorphC","Ciegler, J. C. 2000. Ground beetles and wrinkled bark beetles of South Carolina (Coleoptera: Geadephaga: Carabidae and Rhysodidae). Biota of South Carolina. Vol. 1. Clemson, S. Clemson University.",,"us1ZuF/YFaJ9IETdiexVrD+fHDIIxGwg","us1ZuF/YFaJ9IETdiexVrD+fHDIIxGwg","10.7-15.0mm. Black, very shiny| reddish near hind angle of pronotum. Right mandible with noticeable convexity. Pronotum quadrate, about as wide at apex as base| side sinuate near base, not reflexed| marginal bead complete| two lateral setae. Median line a"
"1ddaa2ff-b052-4b58-8a3f-61aeb71ddbf4","TALL_004.basePlot.bet","D08","TALL","TALL_004","S","2014-06-18","2014-07-02","2014-07-04","2014-10-23","Qa/aVRg+qTPGUpsxrjX3FZ1RFOHAxxnZI126ReGkG1A=","NEON.BET.D08.000088","CARSP14","Carabidae sp.","family",,"Latreille","D08.2014.MorphD","Ciegler, J. C. 2000. Ground beetles and wrinkled bark beetles of South Carolina (Coleoptera: Geadephaga: Carabidae and Rhysodidae). Biota of South Carolina. Vol. 1. Clemson, S. Clemson University.",,"us1ZuF/YFaJ9IETdiexVrD+fHDIIxGwg","us1ZuF/YFaJ9IETdiexVrD+fHDIIxGwg","11.6-19.2mm. Elytra dull, pronotum moderately shiny. Frontal grooves of head fairly deep and sharply defined, angulate near middle, the bend directed medially. Pronotum quadrate slightly constricted anteriorly and posteriorly, sides not anterior transvers"
"91ea42e9-cb18-420d-8350-cf4438729589","TALL_009.basePlot.bet","D08","TALL","TALL_009","S","2014-06-18","2014-07-02","2014-10-08","2014-10-08","l/M16YIQdhnEU5lxplNTco/5APtoSeVCt2pA0xITKbk=","NEON.BET.D08.000101","CARSP14","Carabidae sp.","family",,"Latreille","D08.2014.MorphD","Ciegler, J. C. 2000. Ground beetles and wrinkled bark beetles of South Carolina (Coleoptera: Geadephaga: Carabidae and Rhysodidae). Biota of South Carolina. Vol. 1. Clemson, S. Clemson University.",,"us1ZuF/YFaJ9IETdiexVrD+fHDIIxGwg","us1ZuF/YFaJ9IETdiexVrD+fHDIIxGwg","11.6-19.2mm. Elytra dull, pronotum moderately shiny. Frontal grooves of head fairly deep and sharply defined, angulate near middle, the bend directed medially. Pronotum quadrate slightly constricted anteriorly and posteriorly, sides not anterior transvers"
"85f4a0e1-3baa-4e06-9198-0c9c40719c5a","TALL_009.basePlot.bet","D08","TALL","TALL_009","S","2014-06-18","2014-07-02","2014-10-08","2014-10-08","l/M16YIQdhnEU5lxplNTcoXAyKUaQCkDO1MQ5G1bjJ0=","NEON.BET.D08.000102","CARSP14","Carabidae sp.","family",,"Latreille","D08.2014.MorphK","Ciegler, J. C. 2000. Ground beetles and wrinkled bark beetles of South Carolina (Coleoptera: Geadephaga: Carabidae and Rhysodidae). Biota of South Carolina. Vol. 1. Clemson, S. Clemson University.",,"us1ZuF/YFaJ9IETdiexVrD+fHDIIxGwg","us1ZuF/YFaJ9IETdiexVrD+fHDIIxGwg","reddish brown body, Legs bright red. Pronutum wider than head and heart shaped. Elytra striated and slightly duller than pronotum."
"13227339-ea6d-4d4c-a3fc-a2430d39fc0a","TALL_002.basePlot.bet","D08","TALL","TALL_002","S","2014-06-18","2014-07-02","2014-10-08","2014-11-13","GD+N/FshctynTofH2lcIPZVJdONv7Mkz9Vxjye29hWg=","NEON.BET.D08.000076","CARSP14","Carabidae sp.","family",,"Latreille","D08.2014.MorphP","Ciegler, J. C. 2000. Ground beetles and wrinkled bark beetles of South Carolina (Coleoptera: Geadephaga: Carabidae and Rhysodidae). Biota of South Carolina. Vol. 1. Clemson, S. Clemson University.",,"us1ZuF/YFaJ9IETdiexVrD+fHDIIxGwg","us1ZuF/YFaJ9IETdiexVrD+fHDIIxGwg","Dark reddish brown to piceous. Prosternum of male with median pilose area. Median pilose area of second visible abdominal sternum of male in form of a very wide T with base almost as wide as top. Female with third and fourth visible abdominal sterna dee"
"9e5ed859-509d-4eb1-98a7-d5debf247fa3","TALL_002.basePlot.bet","D08","TALL","TALL_002","S","2014-06-18","2014-07-02","2014-10-08","2014-10-23","GD+N/FshctynTofH2lcIPeZOPrAGx810RyDtCYeBWxE=","NEON.BET.D08.000075","CARSP14","Carabidae sp.","family",,"Latreille","D08.2014.MorphD","Ciegler, J. C. 2000. Ground beetles and wrinkled bark beetles of South Carolina (Coleoptera: Geadephaga: Carabidae and Rhysodidae). Biota of South Carolina. Vol. 1. Clemson, S. Clemson University.",,"us1ZuF/YFaJ9IETdiexVrD+fHDIIxGwg","us1ZuF/YFaJ9IETdiexVrD+fHDIIxGwg","11.6-19.2mm. Elytra dull, pronotum moderately shiny. Frontal grooves of head fairly deep and sharply defined, angulate near middle, the bend directed medially. Pronotum quadrate slightly constricted anteriorly and posteriorly, sides not anterior transvers"
"eef14303-a4c2-4de4-a970-7ae33f039adf","TALL_003.basePlot.bet","D08","TALL","TALL_003","S","2014-06-18","2014-07-02","2014-07-04","2014-10-23","M7Kgwa5WKWrZauSCvns6ipjFOqi6gTnhR813D+Gx5lw=","NEON.BET.D08.000080","CARSP14","Carabidae sp.","family",,"Latreille","D08.2014.MorphD","Ciegler, J. C. 2000. Ground beetles and wrinkled bark beetles of South Carolina (Coleoptera: Geadephaga: Carabidae and Rhysodidae). Biota of South Carolina. Vol. 1. Clemson, S. Clemson University.",,"us1ZuF/YFaJ9IETdiexVrD+fHDIIxGwg","us1ZuF/YFaJ9IETdiexVrD+fHDIIxGwg","11.6-19.2mm. Elytra dull, pronotum moderately shiny. Frontal grooves of head fairly deep and sharply defined, angulate near middle, the bend directed medially. Pronotum quadrate slightly constricted anteriorly and posteriorly, sides not anterior transvers"
"1a8e3c64-1460-4725-a374-eb13c4d544d5","TALL_008.basePlot.bet","D08","TALL","TALL_008","W","2014-06-18","2014-07-02","2014-10-08","2014-10-23","ohyOCuNZZNHXm47VwlKAEJuO2tTdIro5NJJFDAn1zH4=","NEON.BET.D08.000098","CARSP14","Carabidae sp.","family",,"Latreille","D08.2014.MorphD","Ciegler, J. C. 2000. Ground beetles and wrinkled bark beetles of South Carolina (Coleoptera: Geadephaga: Carabidae and Rhysodidae). Biota of South Carolina. Vol. 1. Clemson, S. Clemson University.",,"us1ZuF/YFaJ9IETdiexVrD+fHDIIxGwg","us1ZuF/YFaJ9IETdiexVrD+fHDIIxGwg","11.6-19.2mm. Elytra dull, pronotum moderately shiny. Frontal grooves of head fairly deep and sharply defined, angulate near middle, the bend directed medially. Pronotum quadrate slightly constricted anteriorly and posteriorly, sides not anterior transvers"
"f0fc70af-8f89-4e40-826f-dbdbb61d0947","TALL_013.basePlot.bet","D08","TALL","TALL_013","W","2014-06-18","2014-07-02","2014-10-08","2014-10-08","636VT4a85rB2oAd8WtikWWHW7d5BIIc4GX9IzDV8LpA=","NEON.BET.D08.000104","CARSP14","Carabidae sp.","family",,"Latreille","D08.2014.MorphF","Ciegler, J. C. 2000. Ground beetles and wrinkled bark beetles of South Carolina (Coleoptera: Geadephaga: Carabidae and Rhysodidae). Biota of South Carolina. Vol. 1. Clemson, S. Clemson University.",,"us1ZuF/YFaJ9IETdiexVrD+fHDIIxGwg","us1ZuF/YFaJ9IETdiexVrD+fHDIIxGwg","Black, very shiny| edges of elytra and legs reddish brown. Mandibles long and slender. All individual morphospecies pinned"
"9aadf5ff-aacd-4c34-92d4-aaf426f546d4","TALL_002.basePlot.bet","D08","TALL","TALL_002","W","2014-06-18","2014-07-02","2014-10-08","2014-10-08","GD+N/FshctwrTAUlULuD91soozK6kKwEWiUz40jjGHY=","NEON.BET.D08.000073","CARSP14","Carabidae sp.","family",,"Latreille","D08.2014.MorphH","Ciegler, J. C. 2000. Ground beetles and wrinkled bark beetles of South Carolina (Coleoptera: Geadephaga: Carabidae and Rhysodidae). Biota of South Carolina. Vol. 1. Clemson, S. Clemson University.",,"us1ZuF/YFaJ9IETdiexVrD+fHDIIxGwg","us1ZuF/YFaJ9IETdiexVrD+fHDIIxGwg","17.9-26.8 mm. Broad, very robust. Dull black. Base of pronotum wider than apex, margins only slightly reflexed| two stigerous punctures near neach lateral margin| transverse basal impression very deep. Elytral interval 7 carinate for about two-third lengt"
"4f0d49e8-baa3-4e18-8ffd-63f30831f016","TALL_002.basePlot.bet","D08","TALL","TALL_002","W","2014-06-18","2014-07-02","2014-10-08","2014-10-08","GD+N/FshctwrTAUlULuD91soozK6kKwEWiUz40jjGHY=","NEON.BET.D08.000074","CARSP14","Carabidae sp.","family",,"Latreille","D08.2014.MorphH","Ciegler, J. C. 2000. Ground beetles and wrinkled bark beetles of South Carolina (Coleoptera: Geadephaga: Carabidae and Rhysodidae). Biota of South Carolina. Vol. 1. Clemson, S. Clemson University.",,"us1ZuF/YFaJ9IETdiexVrD+fHDIIxGwg","us1ZuF/YFaJ9IETdiexVrD+fHDIIxGwg","17.9-26.8 mm. Broad, very robust. Dull black. Base of pronotum wider than apex, margins only slightly reflexed| two stigerous punctures near neach lateral margin| transverse basal impression very deep. Elytral interval 7 carinate for about two-third lengt"
"fee72af4-9df3-433c-95cf-e180a0147167","TALL_008.basePlot.bet","D08","TALL","TALL_008","W","2014-06-18","2014-07-02","2014-10-08","2014-10-08","ohyOCuNZZNHXm47VwlKAEJuO2tTdIro5NJJFDAn1zH4=","NEON.BET.D08.000099","CARSP14","Carabidae sp.","family",,"Latreille","D08.2014.MorphD","Ciegler, J. C. 2000. Ground beetles and wrinkled bark beetles of South Carolina (Coleoptera: Geadephaga: Carabidae and Rhysodidae). Biota of South Carolina. Vol. 1. Clemson, S. Clemson University.",,"us1ZuF/YFaJ9IETdiexVrD+fHDIIxGwg","us1ZuF/YFaJ9IETdiexVrD+fHDIIxGwg","11.6-19.2mm. Elytra dull, pronotum moderately shiny. Frontal grooves of head fairly deep and sharply defined, angulate near middle, the bend directed medially. Pronotum quadrate slightly constricted anteriorly and posteriorly, sides not anterior transvers"
"fe124718-123a-4535-877e-73d930f4e36c","TALL_003.basePlot.bet","D08","TALL","TALL_003","S","2014-07-02","2014-07-16","2014-07-18","2014-10-23","M7Kgwa5WKWrZauSCvns6irFTfy4JiHU1gYDKj9AZBS8=","NEON.BET.D08.000116","CARSP14","Carabidae sp.","family",,"Latreille","D08.2014.MorphD","Ciegler, J. C. 2000. Ground beetles and wrinkled bark beetles of South Carolina (Coleoptera: Geadephaga: Carabidae and Rhysodidae). Biota of South Carolina. Vol. 1. Clemson, S. Clemson University.",,"us1ZuF/YFaJ9IETdiexVrD+fHDIIxGwg","us1ZuF/YFaJ9IETdiexVrD+fHDIIxGwg","11.6-19.2mm. Elytra dull, pronotum moderately shiny. Frontal grooves of head fairly deep and sharply defined, angulate near middle, the bend directed medially. Pronotum quadrate slightly constricted anteriorly and posteriorly, sides not anterior transvers"
"bca5613e-e029-476f-86cd-1d827033937c","TALL_009.basePlot.bet","D08","TALL","TALL_009","S","2014-07-02","2014-07-16","2014-10-08","2014-10-08","l/M16YIQdhnEU5lxplNTcsifs50bPE4BMCr7e0HCTAc=","NEON.BET.D08.000136","CARSP14","Carabidae sp.","family",,"Latreille","D08.2014.MorphF","Ciegler, J. C. 2000. Ground beetles and wrinkled bark beetles of South Carolina (Coleoptera: Geadephaga: Carabidae and Rhysodidae). Biota of South Carolina. Vol. 1. Clemson, S. Clemson University.",,"us1ZuF/YFaJ9IETdiexVrD+fHDIIxGwg","us1ZuF/YFaJ9IETdiexVrD+fHDIIxGwg","Black, very shiny| edges of elytra and legs reddish brown. Mandibles long and slender. All individual morphospecies pinned"
"7a189a5b-9f5c-4c46-9bec-606580d3e070","TALL_005.basePlot.bet","D08","TALL","TALL_005","S","2014-07-02","2014-07-16","2014-07-18","2014-10-08","t0MQRG9cttm4+bbQ79aGAIySwAsg4idIxbwy/kHFff4=","NEON.BET.D08.000145","CARSP14","Carabidae sp.","family",,"Latreille","D08.2014.MorphD","Ciegler, J. C. 2000. Ground beetles and wrinkled bark beetles of South Carolina (Coleoptera: Geadephaga: Carabidae and Rhysodidae). Biota of South Carolina. Vol. 1. Clemson, S. Clemson University.",,"us1ZuF/YFaJ9IETdiexVrD+fHDIIxGwg","us1ZuF/YFaJ9IETdiexVrD+fHDIIxGwg","11.6-19.2mm. Elytra dull, pronotum moderately shiny. Frontal grooves of head fairly deep and sharply defined, angulate near middle, the bend directed medially. Pronotum quadrate slightly constricted anteriorly and posteriorly, sides not anterior transvers"
"205065a4-a744-467b-8b49-3dae83de469e","TALL_005.basePlot.bet","D08","TALL","TALL_005","S","2014-07-02","2014-07-16","2014-07-18","2014-10-13","t0MQRG9cttm4+bbQ79aGAC/b/UAmPSckayci035+Ncw=","NEON.BET.D08.000143","CARSP14","Carabidae sp.","family",,"Latreille","D08.2014.MorphQ","Ciegler, J. C. 2000. Ground beetles and wrinkled bark beetles of South Carolina (Coleoptera: Geadephaga: Carabidae and Rhysodidae). Biota of South Carolina. Vol. 1. Clemson, S. Clemson University.",,"us1ZuF/YFaJ9IETdiexVrD+fHDIIxGwg","us1ZuF/YFaJ9IETdiexVrD+fHDIIxGwg","Black, Blue margins. Base of pronotum margined next to scutellum. Elytra smooth and dull. Mandibles robust."
"2d62decf-a0dc-4e3f-9143-a53448368894","TALL_005.basePlot.bet","D08","TALL","TALL_005","S","2014-07-02","2014-07-16","2014-07-18","2014-10-08","t0MQRG9cttm4+bbQ79aGAC/b/UAmPSckK6hOgws1oUw=","NEON.BET.D08.000146","CARSP14","Carabidae sp.","family",,"Latreille","D08.2014.MorphS","Ciegler, J. C. 2000. Ground beetles and wrinkled bark beetles of South Carolina (Coleoptera: Geadephaga: Carabidae and Rhysodidae). Biota of South Carolina. Vol. 1. Clemson, S. Clemson University.",,"us1ZuF/YFaJ9IETdiexVrD+fHDIIxGwg","us1ZuF/YFaJ9IETdiexVrD+fHDIIxGwg","15.0-16.5mm. Short and rather broad. Black, dull or slightly shiny. Dorsal surface of head and pronotum rugulose. Left mandible with ridge or tubercle on dorsal surface near middle of internal margin. Pronotum quadrate, wider at base than at apex| margins"
"b1f105f6-e64d-44aa-b6ce-5977c2522f4a","TALL_005.basePlot.bet","D08","TALL","TALL_005","S","2014-07-02","2014-07-16","2014-07-18","2014-10-13","t0MQRG9cttm4+bbQ79aGAC/b/UAmPSckayci035+Ncw=","NEON.BET.D08.000144","CARSP14","Carabidae sp.","family",,"Latreille","D08.2014.MorphQ","Ciegler, J. C. 2000. Ground beetles and wrinkled bark beetles of South Carolina (Coleoptera: Geadephaga: Carabidae and Rhysodidae). Biota of South Carolina. Vol. 1. Clemson, S. Clemson University.",,"us1ZuF/YFaJ9IETdiexVrD+fHDIIxGwg","us1ZuF/YFaJ9IETdiexVrD+fHDIIxGwg","Black, Blue margins. Base of pronotum margined next to scutellum. Elytra smooth and dull. Mandibles robust."
"fdefe519-1386-4b7a-9c31-fc98ace323d7","TALL_007.basePlot.bet","D08","TALL","TALL_007","W","2014-07-02","2014-07-16","2014-07-18","2014-10-08","dCnpKCfrHjPU5pv/EfWA2Rd3zlUGjMtN5NF9b9xHCXQ=","NEON.BET.D08.000126","CARSP14","Carabidae sp.","family",,"Latreille","D08.2014.MorphD","Ciegler, J. C. 2000. Ground beetles and wrinkled bark beetles of South Carolina (Coleoptera: Geadephaga: Carabidae and Rhysodidae). Biota of South Carolina. Vol. 1. Clemson, S. Clemson University.",,"us1ZuF/YFaJ9IETdiexVrD+fHDIIxGwg","us1ZuF/YFaJ9IETdiexVrD+fHDIIxGwg","11.6-19.2mm. Elytra dull, pronotum moderately shiny. Frontal grooves of head fairly deep and sharply defined, angulate near middle, the bend directed medially. Pronotum quadrate slightly constricted anteriorly and posteriorly, sides not anterior transvers"
"a4c25d7a-935e-4103-86c1-00e2ee2d442b","TALL_009.basePlot.bet","D08","TALL","TALL_009","W","2014-07-02","2014-07-16","2014-10-08","2014-10-08","l/M16YIQdhkC0dch8U8H/zABf0y2fp8PVKX3tWi24+M=","NEON.BET.D08.000139","CARSP14","Carabidae sp.","family",,"Latreille","D08.2014.MorphK","Ciegler, J. C. 2000. Ground beetles and wrinkled bark beetles of South Carolina (Coleoptera: Geadephaga: Carabidae and Rhysodidae). Biota of South Carolina. Vol. 1. Clemson, S. Clemson University.",,"us1ZuF/YFaJ9IETdiexVrD+fHDIIxGwg","us1ZuF/YFaJ9IETdiexVrD+fHDIIxGwg","reddish brown body, Legs bright red. Pronutum wider than head and heart shaped. Elytra striated and slightly duller than pronotum."
"3cf97a2d-de5f-4379-a61f-82b7074052b7","TALL_009.basePlot.bet","D08","TALL","TALL_009","W","2014-07-02","2014-07-16","2014-10-08","2014-10-08","l/M16YIQdhkC0dch8U8H/yAv6LbEMcMmHSQXVU9L0oE=","NEON.BET.D08.000140","CARSP14","Carabidae sp.","family",,"Latreille","D08.2014.MorphF","Ciegler, J. C. 2000. Ground beetles and wrinkled bark beetles of South Carolina (Coleoptera: Geadephaga: Carabidae and Rhysodidae). Biota of South Carolina. Vol. 1. Clemson, S. Clemson University.",,"us1ZuF/YFaJ9IETdiexVrD+fHDIIxGwg","us1ZuF/YFaJ9IETdiexVrD+fHDIIxGwg","Black, very shiny| edges of elytra and legs reddish brown. Mandibles long and slender. All individual morphospecies pinned"
"c4ad8006-dc06-4269-b270-00a14f2e4944","TALL_005.basePlot.bet","D08","TALL","TALL_005","W","2014-07-02","2014-07-16","2014-07-18","2014-10-08","t0MQRG9cttnJ0EYTDCM3I59sSG9OMWQ0iCV3Npi89RM=","NEON.BET.D08.000148","CARSP14","Carabidae sp.","family",,"Latreille","D08.2014.MorphS","Ciegler, J. C. 2000. Ground beetles and wrinkled bark beetles of South Carolina (Coleoptera: Geadephaga: Carabidae and Rhysodidae). Biota of South Carolina. Vol. 1. Clemson, S. Clemson University.",,"us1ZuF/YFaJ9IETdiexVrD+fHDIIxGwg","us1ZuF/YFaJ9IETdiexVrD+fHDIIxGwg","15.0-16.5mm. Short and rather broad. Black, dull or slightly shiny. Dorsal surface of head and pronotum rugulose. Left mandible with ridge or tubercle on dorsal surface near middle of internal margin. Pronotum quadrate, wider at base than at apex| margins"
"0d3c6d80-a5bf-47d9-b8e0-bc14c4223db1","TALL_002.basePlot.bet","D08","TALL","TALL_002","W","2014-07-02","2014-07-16","2014-10-08","2014-10-23","GD+N/FshctwrTAUlULuD9wqoJY/CF9RKoIa5UyvZYHU=","NEON.BET.D08.000114","CARSP14","Carabidae sp.","family",,"Latreille","D08.2014.MorphD","Ciegler, J. C. 2000. Ground beetles and wrinkled bark beetles of South Carolina (Coleoptera: Geadephaga: Carabidae and Rhysodidae). Biota of South Carolina. Vol. 1. Clemson, S. Clemson University.",,"us1ZuF/YFaJ9IETdiexVrD+fHDIIxGwg","us1ZuF/YFaJ9IETdiexVrD+fHDIIxGwg","11.6-19.2mm. Elytra dull, pronotum moderately shiny. Frontal grooves of head fairly deep and sharply defined, angulate near middle, the bend directed medially. Pronotum quadrate slightly constricted anteriorly and posteriorly, sides not anterior transvers"
"b4a42100-c435-46a3-8e70-7c1109b7cdda","TALL_009.basePlot.bet","D08","TALL","TALL_009","W","2014-07-02","2014-07-16","2014-10-08","2014-11-13","l/M16YIQdhkC0dch8U8H/zABf0y2fp8Pb/P0alXJ7pQ=","NEON.BET.D08.000141","CARSP14","Carabidae sp.","family",,"Latreille","D08.2014.MorphA","Ciegler, J. C. 2000. Ground beetles and wrinkled bark beetles of South Carolina (Coleoptera: Geadephaga: Carabidae and Rhysodidae). Biota of South Carolina. Vol. 1. Clemson, S. Clemson University.",,"us1ZuF/YFaJ9IETdiexVrD+fHDIIxGwg","us1ZuF/YFaJ9IETdiexVrD+fHDIIxGwg","Body peduncle between the pronotum and the elytra."
"c5bf8dc0-083b-4f9b-bc2d-3063f4355249","TALL_008.basePlot.bet","D08","TALL","TALL_008","W","2014-07-02","2014-07-16","2014-10-08","2014-10-08","ohyOCuNZZNHXm47VwlKAEKCm0WSdZ2wgTFVZ6LOJDuI=","NEON.BET.D08.000130","CARSP14","Carabidae sp.","family",,"Latreille","D08.2014.MorphD","Ciegler, J. C. 2000. Ground beetles and wrinkled bark beetles of South Carolina (Coleoptera: Geadephaga: Carabidae and Rhysodidae). Biota of South Carolina. Vol. 1. Clemson, S. Clemson University.",,"us1ZuF/YFaJ9IETdiexVrD+fHDIIxGwg","us1ZuF/YFaJ9IETdiexVrD+fHDIIxGwg","11.6-19.2mm. Elytra dull, pronotum moderately shiny. Frontal grooves of head fairly deep and sharply defined, angulate near middle, the bend directed medially. Pronotum quadrate slightly constricted anteriorly and posteriorly, sides not anterior transvers"
"588ddeeb-2467-4290-ab11-67ebfbc2430d","TALL_008.basePlot.bet","D08","TALL","TALL_008","W","2014-07-02","2014-07-16","2014-10-08","2014-10-08","ohyOCuNZZNHXm47VwlKAEKCm0WSdZ2wgTFVZ6LOJDuI=","NEON.BET.D08.000131","CARSP14","Carabidae sp.","family",,"Latreille","D08.2014.MorphD","Ciegler, J. C. 2000. Ground beetles and wrinkled bark beetles of South Carolina (Coleoptera: Geadephaga: Carabidae and Rhysodidae). Biota of South Carolina. Vol. 1. Clemson, S. Clemson University.",,"us1ZuF/YFaJ9IETdiexVrD+fHDIIxGwg","us1ZuF/YFaJ9IETdiexVrD+fHDIIxGwg","11.6-19.2mm. Elytra dull, pronotum moderately shiny. Frontal grooves of head fairly deep and sharply defined, angulate near middle, the bend directed medially. Pronotum quadrate slightly constricted anteriorly and posteriorly, sides not anterior transvers"
"3b29df75-8df8-4e18-a2b3-70ee533f0ee1","TALL_008.basePlot.bet","D08","TALL","TALL_008","W","2014-07-02","2014-07-16","2014-10-08","2014-10-08","ohyOCuNZZNHXm47VwlKAEKCm0WSdZ2wgTFVZ6LOJDuI=","NEON.BET.D08.000129","CARSP14","Carabidae sp.","family",,"Latreille","D08.2014.MorphD","Ciegler, J. C. 2000. Ground beetles and wrinkled bark beetles of South Carolina (Coleoptera: Geadephaga: Carabidae and Rhysodidae). Biota of South Carolina. Vol. 1. Clemson, S. Clemson University.",,"us1ZuF/YFaJ9IETdiexVrD+fHDIIxGwg","us1ZuF/YFaJ9IETdiexVrD+fHDIIxGwg","11.6-19.2mm. Elytra dull, pronotum moderately shiny. Frontal grooves of head fairly deep and sharply defined, angulate near middle, the bend directed medially. Pronotum quadrate slightly constricted anteriorly and posteriorly, sides not anterior transvers"
"35366164-69ab-4b36-b7aa-7837070444a0","TALL_005.basePlot.bet","D08","TALL","TALL_005","W","2014-07-02","2014-07-16","2014-07-18","2014-10-08","t0MQRG9cttnJ0EYTDCM3I59sSG9OMWQ04f8iuWdFVE4=","NEON.BET.D08.000147","CARSP14","Carabidae sp.","family",,"Latreille","D08.2014.MorphM","Ciegler, J. C. 2000. Ground beetles and wrinkled bark beetles of South Carolina (Coleoptera: Geadephaga: Carabidae and Rhysodidae). Biota of South Carolina. Vol. 1. Clemson, S. Clemson University.",,"us1ZuF/YFaJ9IETdiexVrD+fHDIIxGwg","us1ZuF/YFaJ9IETdiexVrD+fHDIIxGwg","19-25mm. Elongate. Black, somewhat shiny to dull. Base of pronotum wider than apex, margins very markedly reflexed| two setigerous punctures near each lateral striae deep, impunctate| intervals quite convex| carina of interval 7 not extended to middle."
"c38947a1-6302-49ab-ab68-01373383e390","TALL_007.basePlot.bet","D08","TALL","TALL_007","E","2014-07-02","2014-07-16","2014-07-18","2014-10-08","dCnpKCfrHjN7Gy+yQyAKairrZs0wwGZpHbhQmLpr4Ck=","NEON.BET.D08.000125","CARSP14","Carabidae sp.","family",,"Latreille","D08.2014.MorphK","Ciegler, J. C. 2000. Ground beetles and wrinkled bark beetles of South Carolina (Coleoptera: Geadephaga: Carabidae and Rhysodidae). Biota of South Carolina. Vol. 1. Clemson, S. Clemson University.",,"us1ZuF/YFaJ9IETdiexVrD+fHDIIxGwg","us1ZuF/YFaJ9IETdiexVrD+fHDIIxGwg","reddish brown body, Legs bright red. Pronutum wider than head and heart shaped. Elytra striated and slightly duller than pronotum."
"9d5da337-fb57-450c-8b39-ee2e541b7161","TALL_008.basePlot.bet","D08","TALL","TALL_008","E","2014-07-02","2014-07-16","2014-10-08","2014-10-08","ohyOCuNZZNGY+NOmouvaWcWW6HfIeBNJ/DkNFd19t6Y=","NEON.BET.D08.000133","CARSP14","Carabidae sp.","family",,"Latreille","D08.2014.MorphD","Ciegler, J. C. 2000. Ground beetles and wrinkled bark beetles of South Carolina (Coleoptera: Geadephaga: Carabidae and Rhysodidae). Biota of South Carolina. Vol. 1. Clemson, S. Clemson University.",,"us1ZuF/YFaJ9IETdiexVrD+fHDIIxGwg","us1ZuF/YFaJ9IETdiexVrD+fHDIIxGwg","11.6-19.2mm. Elytra dull, pronotum moderately shiny. Frontal grooves of head fairly deep and sharply defined, angulate near middle, the bend directed medially. Pronotum quadrate slightly constricted anteriorly and posteriorly, sides not anterior transvers"
"422b52a5-ab2a-4ad7-8968-25fa3c7e4c0d","TALL_003.basePlot.bet","D08","TALL","TALL_003","E","2014-07-02","2014-07-16","2014-07-18","2014-10-08","M7Kgwa5WKWr1GKdJdwX2+AtGNQIo9G6ENlx26W1hHQg=","NEON.BET.D08.000115","CARSP14","Carabidae sp.","family",,"Latreille","D08.2014.MorphF","Ciegler, J. C. 2000. Ground beetles and wrinkled bark beetles of South Carolina (Coleoptera: Geadephaga: Carabidae and Rhysodidae). Biota of South Carolina. Vol. 1. Clemson, S. Clemson University.",,"us1ZuF/YFaJ9IETdiexVrD+fHDIIxGwg","us1ZuF/YFaJ9IETdiexVrD+fHDIIxGwg","Black, very shiny| edges of elytra and legs reddish brown. Mandibles long and slender. All individual morphospecies pinned"
"a4c208b0-2d42-4d9c-9299-d8a8b75c607d","TALL_002.basePlot.bet","D08","TALL","TALL_002","E","2014-07-02","2014-07-16","2014-10-08","2014-10-13","GD+N/FshctzkNsir0b8mTRlxJ7/OTi8faqQGe/93QKQ=","NEON.BET.D08.000112","CARSP14","Carabidae sp.","family",,"Latreille","D08.2014.MorphC","Ciegler, J. C. 2000. Ground beetles and wrinkled bark beetles of South Carolina (Coleoptera: Geadephaga: Carabidae and Rhysodidae). Biota of South Carolina. Vol. 1. Clemson, S. Clemson University.",,"us1ZuF/YFaJ9IETdiexVrD+fHDIIxGwg","us1ZuF/YFaJ9IETdiexVrD+fHDIIxGwg","10.7-15.0mm. Black, very shiny| reddish near hind angle of pronotum. Right mandible with noticeable convexity. Pronotum quadrate, about as wide at apex as base| side sinuate near base, not reflexed| marginal bead complete| two lateral setae. Median line a"
"a542a7dc-ac37-405a-a220-4ec3a42e17b3","TALL_002.basePlot.bet","D08","TALL","TALL_002","E","2014-07-02","2014-07-16","2014-10-08","2014-10-23","GD+N/FshctzkNsir0b8mTbsJvgp2WNfiJzA5o9K16C0=","NEON.BET.D08.000111","CARSP14","Carabidae sp.","family",,"Latreille","D08.2014.MorphD","Ciegler, J. C. 2000. Ground beetles and wrinkled bark beetles of South Carolina (Coleoptera: Geadephaga: Carabidae and Rhysodidae). Biota of South Carolina. Vol. 1. Clemson, S. Clemson University.",,"us1ZuF/YFaJ9IETdiexVrD+fHDIIxGwg","us1ZuF/YFaJ9IETdiexVrD+fHDIIxGwg","11.6-19.2mm. Elytra dull, pronotum moderately shiny. Frontal grooves of head fairly deep and sharply defined, angulate near middle, the bend directed medially. Pronotum quadrate slightly constricted anteriorly and posteriorly, sides not anterior transvers"
"305296a1-bbba-48d1-9298-dc2de540bb62","TALL_007.basePlot.bet","D08","TALL","TALL_007","E","2014-07-02","2014-07-16","2014-07-18","2014-10-23","dCnpKCfrHjN7Gy+yQyAKapOxXTE2QUK4Uho//CSG3Xs=","NEON.BET.D08.000124","CARSP14","Carabidae sp.","family",,"Latreille","D08.2014.MorphD","Ciegler, J. C. 2000. Ground beetles and wrinkled bark beetles of South Carolina (Coleoptera: Geadephaga: Carabidae and Rhysodidae). Biota of South Carolina. Vol. 1. Clemson, S. Clemson University.",,"us1ZuF/YFaJ9IETdiexVrD+fHDIIxGwg","us1ZuF/YFaJ9IETdiexVrD+fHDIIxGwg","11.6-19.2mm. Elytra dull, pronotum moderately shiny. Frontal grooves of head fairly deep and sharply defined, angulate near middle, the bend directed medially. Pronotum quadrate slightly constricted anteriorly and posteriorly, sides not anterior transvers"
"ee6d1131-597c-4f6b-89e8-cc4f1de74c17","TALL_005.basePlot.bet","D08","TALL","TALL_005","E","2014-07-02","2014-07-16","2014-07-18","2014-10-08","t0MQRG9cttnXg9ElZ7Ugou7UMnysbZoJ++VSYhYiEnE=","NEON.BET.D08.000142","CARSP14","Carabidae sp.","family",,"Latreille","D08.2014.MorphD","Ciegler, J. C. 2000. Ground beetles and wrinkled bark beetles of South Carolina (Coleoptera: Geadephaga: Carabidae and Rhysodidae). Biota of South Carolina. Vol. 1. Clemson, S. Clemson University.",,"us1ZuF/YFaJ9IETdiexVrD+fHDIIxGwg","us1ZuF/YFaJ9IETdiexVrD+fHDIIxGwg","11.6-19.2mm. Elytra dull, pronotum moderately shiny. Frontal grooves of head fairly deep and sharply defined, angulate near middle, the bend directed medially. Pronotum quadrate slightly constricted anteriorly and posteriorly, sides not anterior transvers"
"c2f2d9c9-30c0-4284-9eb1-72a035e92ec0","TALL_003.basePlot.bet","D08","TALL","TALL_003","N","2014-07-02","2014-07-16","2014-07-18","2014-10-23","M7Kgwa5WKWrsEoTB/KZYrXNUc4R+XEZom0mNpe3ZkXo=","NEON.BET.D08.000118","CARSP14","Carabidae sp.","family",,"Latreille","D08.2014.MorphD","Ciegler, J. C. 2000. Ground beetles and wrinkled bark beetles of South Carolina (Coleoptera: Geadephaga: Carabidae and Rhysodidae). Biota of South Carolina. Vol. 1. Clemson, S. Clemson University.",,"us1ZuF/YFaJ9IETdiexVrD+fHDIIxGwg","us1ZuF/YFaJ9IETdiexVrD+fHDIIxGwg","11.6-19.2mm. Elytra dull, pronotum moderately shiny. Frontal grooves of head fairly deep and sharply defined, angulate near middle, the bend directed medially. Pronotum quadrate slightly constricted anteriorly and posteriorly, sides not anterior transvers"
"b90c36b7-790f-4443-96df-2930237105dd","TALL_003.basePlot.bet","D08","TALL","TALL_003","N","2014-07-02","2014-07-16","2014-07-18","2014-10-23","M7Kgwa5WKWrsEoTB/KZYrXNUc4R+XEZom0mNpe3ZkXo=","NEON.BET.D08.000117","CARSP14","Carabidae sp.","family",,"Latreille","D08.2014.MorphD","Ciegler, J. C. 2000. Ground beetles and wrinkled bark beetles of South Carolina (Coleoptera: Geadephaga: Carabidae and Rhysodidae). Biota of South Carolina. Vol. 1. Clemson, S. Clemson University.",,"us1ZuF/YFaJ9IETdiexVrD+fHDIIxGwg","us1ZuF/YFaJ9IETdiexVrD+fHDIIxGwg","11.6-19.2mm. Elytra dull, pronotum moderately shiny. Frontal grooves of head fairly deep and sharply defined, angulate near middle, the bend directed medially. Pronotum quadrate slightly constricted anteriorly and posteriorly, sides not anterior transvers"
"8a36e107-e7e1-4623-b784-71483ded8f3a","TALL_003.basePlot.bet","D08","TALL","TALL_003","N","2014-07-02","2014-07-16","2014-07-18","2014-10-23","M7Kgwa5WKWrsEoTB/KZYrXNUc4R+XEZom0mNpe3ZkXo=","NEON.BET.D08.000119","CARSP14","Carabidae sp.","family",,"Latreille","D08.2014.MorphD","Ciegler, J. C. 2000. Ground beetles and wrinkled bark beetles of South Carolina (Coleoptera: Geadephaga: Carabidae and Rhysodidae). Biota of South Carolina. Vol. 1. Clemson, S. Clemson University.",,"us1ZuF/YFaJ9IETdiexVrD+fHDIIxGwg","us1ZuF/YFaJ9IETdiexVrD+fHDIIxGwg","11.6-19.2mm. Elytra dull, pronotum moderately shiny. Frontal grooves of head fairly deep and sharply defined, angulate near middle, the bend directed medially. Pronotum quadrate slightly constricted anteriorly and posteriorly, sides not anterior transvers"
"1458f0db-4db2-4ca0-93ba-1694d66ee318","TALL_009.basePlot.bet","D08","TALL","TALL_009","N","2014-07-02","2014-07-16","2014-10-08","2014-10-23","l/M16YIQdhnZqz5vdEY/2+16o6ODvd+vAN8swTfUmDQ=","NEON.BET.D08.000138","CARSP14","Carabidae sp.","family",,"Latreille","D08.2014.MorphD","Ciegler, J. C. 2000. Ground beetles and wrinkled bark beetles of South Carolina (Coleoptera: Geadephaga: Carabidae and Rhysodidae). Biota of South Carolina. Vol. 1. Clemson, S. Clemson University.",,"us1ZuF/YFaJ9IETdiexVrD+fHDIIxGwg","us1ZuF/YFaJ9IETdiexVrD+fHDIIxGwg","11.6-19.2mm. Elytra dull, pronotum moderately shiny. Frontal grooves of head fairly deep and sharply defined, angulate near middle, the bend directed medially. Pronotum quadrate slightly constricted anteriorly and posteriorly, sides not anterior transvers"
"ddefb540-0022-4e61-9a93-fa59efe87d4a","TALL_007.basePlot.bet","D08","TALL","TALL_007","N","2014-07-02","2014-07-16","2014-07-18","2014-10-08","dCnpKCfrHjOVQk2Phb9g9lvSpmQWsBWPQxnTuxLLhQ0=","NEON.BET.D08.000128","CARSP14","Carabidae sp.","family",,"Latreille","D08.2014.MorphG","Ciegler, J. C. 2000. Ground beetles and wrinkled bark beetles of South Carolina (Coleoptera: Geadephaga: Carabidae and Rhysodidae). Biota of South Carolina. Vol. 1. Clemson, S. Clemson University.",,"us1ZuF/YFaJ9IETdiexVrD+fHDIIxGwg","us1ZuF/YFaJ9IETdiexVrD+fHDIIxGwg","very similar to Cicindela unipunctulata only this moph spp. Has dark brown labrum when C. unipunctulata has white labrum. Body brownish with gren spots| metallic gold tint. Pronotum as wide as head, legs shiny red."
"537fd765-4102-4fd0-9236-4f0f8ee509d2","TALL_001.basePlot.bet","D08","TALL","TALL_001","N","2014-07-02","2014-07-16","2014-07-18","2014-10-13","oBD9lvhf20l9OYUubMfz4ziKeGeerSgcbkgjDsb7KaM=","NEON.BET.D08.000107","CARSP14","Carabidae sp.","family",,"Latreille","D08.2014.MorphQ","Ciegler, J. C. 2000. Ground beetles and wrinkled bark beetles of South Carolina (Coleoptera: Geadephaga: Carabidae and Rhysodidae). Biota of South Carolina. Vol. 1. Clemson, S. Clemson University.",,"us1ZuF/YFaJ9IETdiexVrD+fHDIIxGwg","us1ZuF/YFaJ9IETdiexVrD+fHDIIxGwg","Black, Blue margins. Base of pronotum margined next to scutellum. Elytra smooth and dull. Mandibles robust."
"44cdba48-6ab7-4cf7-9ed2-943403a8aaf1","TALL_007.basePlot.bet","D08","TALL","TALL_007","N","2014-07-02","2014-07-16","2014-07-18","2014-10-23","dCnpKCfrHjOVQk2Phb9g9rXTtY2fdgWUbR9ZOqnsxY8=","NEON.BET.D08.000127","CARSP14","Carabidae sp.","family",,"Latreille","D08.2014.MorphD","Ciegler, J. C. 2000. Ground beetles and wrinkled bark beetles of South Carolina (Coleoptera: Geadephaga: Carabidae and Rhysodidae). Biota of South Carolina. Vol. 1. Clemson, S. Clemson University.",,"us1ZuF/YFaJ9IETdiexVrD+fHDIIxGwg","us1ZuF/YFaJ9IETdiexVrD+fHDIIxGwg","11.6-19.2mm. Elytra dull, pronotum moderately shiny. Frontal grooves of head fairly deep and sharply defined, angulate near middle, the bend directed medially. Pronotum quadrate slightly constricted anteriorly and posteriorly, sides not anterior transvers"
"7131fb55-9a99-4991-ab63-54d4d27e57af","TALL_001.basePlot.bet","D08","TALL","TALL_001","N","2014-07-02","2014-07-16","2014-07-18","2014-10-23","oBD9lvhf20l9OYUubMfz41ukQlbCHzrAfVKHssgFpK4=","NEON.BET.D08.000106","CARSP14","Carabidae sp.","family",,"Latreille","D08.2014.MorphD","Ciegler, J. C. 2000. Ground beetles and wrinkled bark beetles of South Carolina (Coleoptera: Geadephaga: Carabidae and Rhysodidae). Biota of South Carolina. Vol. 1. Clemson, S. Clemson University.",,"us1ZuF/YFaJ9IETdiexVrD+fHDIIxGwg","us1ZuF/YFaJ9IETdiexVrD+fHDIIxGwg","11.6-19.2mm. Elytra dull, pronotum moderately shiny. Frontal grooves of head fairly deep and sharply defined, angulate near middle, the bend directed medially. Pronotum quadrate slightly constricted anteriorly and posteriorly, sides not anterior transvers"
"7509b54f-1fb0-45d4-bdc9-383714183c9a","TALL_001.basePlot.bet","D08","TALL","TALL_001","N","2014-07-02","2014-07-16","2014-07-18","2014-10-23","oBD9lvhf20l9OYUubMfz41ukQlbCHzrAfVKHssgFpK4=","NEON.BET.D08.000105","CARSP14","Carabidae sp.","family",,"Latreille","D08.2014.MorphD","Ciegler, J. C. 2000. Ground beetles and wrinkled bark beetles of South Carolina (Coleoptera: Geadephaga: Carabidae and Rhysodidae). Biota of South Carolina. Vol. 1. Clemson, S. Clemson University.",,"us1ZuF/YFaJ9IETdiexVrD+fHDIIxGwg","us1ZuF/YFaJ9IETdiexVrD+fHDIIxGwg","11.6-19.2mm. Elytra dull, pronotum moderately shiny. Frontal grooves of head fairly deep and sharply defined, angulate near middle, the bend directed medially. Pronotum quadrate slightly constricted anteriorly and posteriorly, sides not anterior transvers"
"b21968d6-71fb-4579-80e7-83aec77cdd98","TALL_001.basePlot.bet","D08","TALL","TALL_001","N","2014-07-02","2014-07-16","2014-07-18","2014-10-08","oBD9lvhf20l9OYUubMfz4ziKeGeerSgcMCThOoZ86lo=","NEON.BET.D08.000108","CARSP14","Carabidae sp.","family",,"Latreille","D08.2014.MorphH","Ciegler, J. C. 2000. Ground beetles and wrinkled bark beetles of South Carolina (Coleoptera: Geadephaga: Carabidae and Rhysodidae). Biota of South Carolina. Vol. 1. Clemson, S. Clemson University.",,"us1ZuF/YFaJ9IETdiexVrD+fHDIIxGwg","us1ZuF/YFaJ9IETdiexVrD+fHDIIxGwg","17.9-26.8 mm. Broad, very robust. Dull black. Base of pronotum wider than apex, margins only slightly reflexed| two stigerous punctures near neach lateral margin transverse basal impression very deep. Elytral interval 7 carinate for about two-third length"
"a3182552-9999-40e0-81e7-4cb249c2020a","TALL_008.basePlot.bet","D08","TALL","TALL_008","N","2014-07-02","2014-07-16","2014-10-08","2014-10-08","ohyOCuNZZNECnNQhcnmpAdAQOwc5xzLyXlhKV+PvkAE=","NEON.BET.D08.000134","CARSP14","Carabidae sp.","family",,"Latreille","D08.2014.MorphD","Ciegler, J. C. 2000. Ground beetles and wrinkled bark beetles of South Carolina (Coleoptera: Geadephaga: Carabidae and Rhysodidae). Biota of South Carolina. Vol. 1. Clemson, S. Clemson University.",,"us1ZuF/YFaJ9IETdiexVrD+fHDIIxGwg","us1ZuF/YFaJ9IETdiexVrD+fHDIIxGwg","11.6-19.2mm. Elytra dull, pronotum moderately shiny. Frontal grooves of head fairly deep and sharply defined, angulate near middle, the bend directed medially. Pronotum quadrate slightly constricted anteriorly and posteriorly, sides not anterior transvers"
"3d3b1ea8-c31f-4492-b1a1-be1cbe5d954d","TALL_001.basePlot.bet","D08","TALL","TALL_001","S","2014-07-02","2014-07-16","2014-07-18","2014-10-23","oBD9lvhf20leVEYENiiuN82HVZH1yuiIjCMT3/oIKy0=","NEON.BET.D08.000110","CARSP14","Carabidae sp.","family",,"Latreille","D08.2014.MorphD","Ciegler, J. C. 2000. Ground beetles and wrinkled bark beetles of South Carolina (Coleoptera: Geadephaga: Carabidae and Rhysodidae). Biota of South Carolina. Vol. 1. Clemson, S. Clemson University.",,"us1ZuF/YFaJ9IETdiexVrD+fHDIIxGwg","us1ZuF/YFaJ9IETdiexVrD+fHDIIxGwg","11.6-19.2mm. Elytra dull, pronotum moderately shiny. Frontal grooves of head fairly deep and sharply defined, angulate near middle, the bend directed medially. Pronotum quadrate slightly constricted anteriorly and posteriorly, sides not anterior transvers"
"6cca22d6-6e15-4b6f-985e-158676c5e669","TALL_006.basePlot.bet","D08","TALL","TALL_006","S","2014-07-02","2014-07-16","2014-07-18","2014-10-23","GF+klScYxlNZKqPfRseHBY6ezWwrh349C1UporZUUXY=","NEON.BET.D08.000122","CARSP14","Carabidae sp.","family",,"Latreille","D08.2014.MorphD","Ciegler, J. C. 2000. Ground beetles and wrinkled bark beetles of South Carolina (Coleoptera: Geadephaga: Carabidae and Rhysodidae). Biota of South Carolina. Vol. 1. Clemson, S. Clemson University.",,"us1ZuF/YFaJ9IETdiexVrD+fHDIIxGwg","us1ZuF/YFaJ9IETdiexVrD+fHDIIxGwg","11.6-19.2mm. Elytra dull, pronotum moderately shiny. Frontal grooves of head fairly deep and sharply defined, angulate near middle, the bend directed medially. Pronotum quadrate slightly constricted anteriorly and posteriorly, sides not anterior transvers"
"d7b4c15a-e32b-4d33-898e-38e1fbeccd59","TALL_008.basePlot.bet","D08","TALL","TALL_008","S","2014-07-02","2014-07-16","2014-10-08","2014-10-08","ohyOCuNZZNFI21Qc/4GkoQnI06VOIAwY850SbeKV8PE=","NEON.BET.D08.000132","CARSP14","Carabidae sp.","family",,"Latreille","D08.2014.MorphD","Ciegler, J. C. 2000. Ground beetles and wrinkled bark beetles of South Carolina (Coleoptera: Geadephaga: Carabidae and Rhysodidae). Biota of South Carolina. Vol. 1. Clemson, S. Clemson University.",,"us1ZuF/YFaJ9IETdiexVrD+fHDIIxGwg","us1ZuF/YFaJ9IETdiexVrD+fHDIIxGwg","11.6-19.2mm. Elytra dull, pronotum moderately shiny. Frontal grooves of head fairly deep and sharply defined, angulate near middle, the bend directed medially. Pronotum quadrate slightly constricted anteriorly and posteriorly, sides not anterior transvers"
"92173a09-5d9a-4769-a554-61586f1a7f39","TALL_004.basePlot.bet","D08","TALL","TALL_004","S","2014-07-02","2014-07-16","2014-07-18","2014-10-23","Qa/aVRg+qTPGUpsxrjX3FWJ4pytUwL0zJFIHCXOd6r4=","NEON.BET.D08.000120","CARSP14","Carabidae sp.","family",,"Latreille","D08.2014.MorphD","Ciegler, J. C. 2000. Ground beetles and wrinkled bark beetles of South Carolina (Coleoptera: Geadephaga: Carabidae and Rhysodidae). Biota of South Carolina. Vol. 1. Clemson, S. Clemson University.",,"us1ZuF/YFaJ9IETdiexVrD+fHDIIxGwg","us1ZuF/YFaJ9IETdiexVrD+fHDIIxGwg","11.6-19.2mm. Elytra dull, pronotum moderately shiny. Frontal grooves of head fairly deep and sharply defined, angulate near middle, the bend directed medially. Pronotum quadrate slightly constricted anteriorly and posteriorly, sides not anterior transvers"
"b6d4ad5a-cddb-4019-88d2-dfa10cf4cdf0","TALL_004.basePlot.bet","D08","TALL","TALL_004","S","2014-07-02","2014-07-16","2014-07-18","2014-10-23","Qa/aVRg+qTPGUpsxrjX3FWJ4pytUwL0zJFIHCXOd6r4=","NEON.BET.D08.000121","CARSP14","Carabidae sp.","family",,"Latreille","D08.2014.MorphD","Ciegler, J. C. 2000. Ground beetles and wrinkled bark beetles of South Carolina (Coleoptera: Geadephaga: Carabidae and Rhysodidae). Biota of South Carolina. Vol. 1. Clemson, S. Clemson University.",,"us1ZuF/YFaJ9IETdiexVrD+fHDIIxGwg","us1ZuF/YFaJ9IETdiexVrD+fHDIIxGwg","11.6-19.2mm. Elytra dull, pronotum moderately shiny. Frontal grooves of head fairly deep and sharply defined, angulate near middle, the bend directed medially. Pronotum quadrate slightly constricted anteriorly and posteriorly, sides not anterior transvers"
"19348db6-fb22-4942-b2f5-768703ab4a6e","TALL_002.basePlot.bet","D08","TALL","TALL_002","S","2014-07-02","2014-07-16","2014-10-08","2014-10-23","GD+N/FshctynTofH2lcIPSyS4u1xW9O20xUMK3CLc4M=","NEON.BET.D08.000113","CARSP14","Carabidae sp.","family",,"Latreille","D08.2014.MorphD","Ciegler, J. C. 2000. Ground beetles and wrinkled bark beetles of South Carolina (Coleoptera: Geadephaga: Carabidae and Rhysodidae). Biota of South Carolina. Vol. 1. Clemson, S. Clemson University.",,"us1ZuF/YFaJ9IETdiexVrD+fHDIIxGwg","us1ZuF/YFaJ9IETdiexVrD+fHDIIxGwg","11.6-19.2mm. Elytra dull, pronotum moderately shiny. Frontal grooves of head fairly deep and sharply defined, angulate near middle, the bend directed medially. Pronotum quadrate slightly constricted anteriorly and posteriorly, sides not anterior transvers"
"e52bf774-a7d6-4aff-be7d-17e5997c8aad","TALL_009.basePlot.bet","D08","TALL","TALL_009","S","2014-07-02","2014-07-16","2014-10-08","2014-10-08","l/M16YIQdhnEU5lxplNTcsifs50bPE4BMCr7e0HCTAc=","NEON.BET.D08.000137","CARSP14","Carabidae sp.","family",,"Latreille","D08.2014.MorphF","Ciegler, J. C. 2000. Ground beetles and wrinkled bark beetles of South Carolina (Coleoptera: Geadephaga: Carabidae and Rhysodidae). Biota of South Carolina. Vol. 1. Clemson, S. Clemson University.",,"us1ZuF/YFaJ9IETdiexVrD+fHDIIxGwg","us1ZuF/YFaJ9IETdiexVrD+fHDIIxGwg","Black, very shiny| edges of elytra and legs reddish brown. Mandibles long and slender. All individual morphospecies pinned"
"f13543df-1f06-4c0c-b76d-025ce01d9da6","TALL_009.basePlot.bet","D08","TALL","TALL_009","S","2014-07-02","2014-07-16","2014-10-08","2014-10-08","l/M16YIQdhnEU5lxplNTcqm5jL+GikYwWN4LcaKKu7c=","NEON.BET.D08.000135","CARSP14","Carabidae sp.","family",,"Latreille","D08.2014.MorphS","Ciegler, J. C. 2000. Ground beetles and wrinkled bark beetles of South Carolina (Coleoptera: Geadephaga: Carabidae and Rhysodidae). Biota of South Carolina. Vol. 1. Clemson, S. Clemson University.",,"us1ZuF/YFaJ9IETdiexVrD+fHDIIxGwg","us1ZuF/YFaJ9IETdiexVrD+fHDIIxGwg","15.0-16.5mm. Short and rather broad. Black, dull or slightly shiny. Dorsal surface of head and pronotum rugulose. Left mandible with ridge or tubercle on dorsal surface near middle of internal margin. Pronotum quadrate, wider at base than at apex| margins"
"49ae0eb6-83fa-44d7-a9f1-43e7900fbdc3","TALL_007.basePlot.bet","D08","TALL","TALL_007","S","2014-07-02","2014-07-16","2014-07-18","2014-10-08","dCnpKCfrHjMX/h+AzcNym+tX6wcrBdSoyw2oG1ghgd0=","NEON.BET.D08.000123","CARSP14","Carabidae sp.","family",,"Latreille","D08.2014.MorphK","Ciegler, J. C. 2000. Ground beetles and wrinkled bark beetles of South Carolina (Coleoptera: Geadephaga: Carabidae and Rhysodidae). Biota of South Carolina. Vol. 1. Clemson, S. Clemson University.",,"us1ZuF/YFaJ9IETdiexVrD+fHDIIxGwg","us1ZuF/YFaJ9IETdiexVrD+fHDIIxGwg","reddish brown body, Legs bright red. Pronutum wider than head and heart shaped. Elytra striated and slightly duller than pronotum."
"a9266f2f-d943-4496-a772-f1e43ca2a9e0","TALL_001.basePlot.bet","D08","TALL","TALL_001","S","2014-07-02","2014-07-16","2014-07-18","2014-10-23","oBD9lvhf20leVEYENiiuN82HVZH1yuiIjCMT3/oIKy0=","NEON.BET.D08.000109","CARSP14","Carabidae sp.","family",,"Latreille","D08.2014.MorphD","Ciegler, J. C. 2000. Ground beetles and wrinkled bark beetles of South Carolina (Coleoptera: Geadephaga: Carabidae and Rhysodidae). Biota of South Carolina. Vol. 1. Clemson, S. Clemson University.",,"us1ZuF/YFaJ9IETdiexVrD+fHDIIxGwg","us1ZuF/YFaJ9IETdiexVrD+fHDIIxGwg","11.6-19.2mm. Elytra dull, pronotum moderately shiny. Frontal grooves of head fairly deep and sharply defined, angulate near middle, the bend directed medially. Pronotum quadrate slightly constricted anteriorly and posteriorly, sides not anterior transvers"
"950a3158-4ec7-4170-838a-b0a65904d90f","TALL_003.basePlot.bet","D08","TALL","TALL_003","E","2014-07-16","2014-07-30","2014-10-09","2014-10-09","M7Kgwa5WKWr1GKdJdwX2+P8vGt1gXBkUi/mrSkkTDsE=","NEON.BET.D08.000153","CARSP14","Carabidae sp.","family",,"Latreille","D08.2014.MorphD","Ciegler, J. C. 2000. Ground beetles and wrinkled bark beetles of South Carolina (Coleoptera: Geadephaga: Carabidae and Rhysodidae). Biota of South Carolina. Vol. 1. Clemson, S. Clemson University.",,"us1ZuF/YFaJ9IETdiexVrD+fHDIIxGwg","us1ZuF/YFaJ9IETdiexVrD+fHDIIxGwg","11.6-19.2mm. Elytra dull, pronotum moderately shiny. Frontal grooves of head fairly deep and sharply defined, angulate near middle, the bend directed medially. Pronotum quadrate slightly constricted anteriorly and posteriorly, sides not anterior transvers"
"dff512b4-114b-4598-9a90-5c831558e065","TALL_005.basePlot.bet","D08","TALL","TALL_005","W","2014-07-16","2014-07-30","2014-10-09","2014-10-09","t0MQRG9cttnJ0EYTDCM3I2PhTTGz48jRDObTCymoA1E=","NEON.BET.D08.000161","CARSP14","Carabidae sp.","family",,"Latreille","D08.2014.MorphR","Ciegler, J. C. 2000. Ground beetles and wrinkled bark beetles of South Carolina (Coleoptera: Geadephaga: Carabidae and Rhysodidae). Biota of South Carolina. Vol. 1. Clemson, S. Clemson University.",,"us1ZuF/YFaJ9IETdiexVrD+fHDIIxGwg","us1ZuF/YFaJ9IETdiexVrD+fHDIIxGwg","Black, Blue margins. Base of pronotum margined next to scutellum. Elytra smooth and dull. Mandibles robust."
"f78b0161-39cb-4d89-aa3a-42dc411ebdfe","TALL_008.basePlot.bet","D08","TALL","TALL_008","E","2014-07-16","2014-07-30","2014-10-09","2014-10-09","ohyOCuNZZNGY+NOmouvaWeaDFHep3DwmgAuXLpdeFj0=","NEON.BET.D08.000167","CARSP14","Carabidae sp.","family",,"Latreille","D08.2014.MorphD","Ciegler, J. C. 2000. Ground beetles and wrinkled bark beetles of South Carolina (Coleoptera: Geadephaga: Carabidae and Rhysodidae). Biota of South Carolina. Vol. 1. Clemson, S. Clemson University.",,"us1ZuF/YFaJ9IETdiexVrD+fHDIIxGwg","us1ZuF/YFaJ9IETdiexVrD+fHDIIxGwg","11.6-19.2mm. Elytra dull, pronotum moderately shiny. Frontal grooves of head fairly deep and sharply defined, angulate near middle, the bend directed medially. Pronotum quadrate slightly constricted anteriorly and posteriorly, sides not anterior transvers"
"a79c1fa7-8f1e-4611-82c8-d458ac8cda9f","TALL_007.basePlot.bet","D08","TALL","TALL_007","E","2014-07-16","2014-07-30","2014-10-09","2014-10-09","dCnpKCfrHjN7Gy+yQyAKajQ1i2NzGD1mHlQSkbOpPv4=","NEON.BET.D08.000163","CARSP14","Carabidae sp.","family",,"Latreille","D08.2014.MorphD","Ciegler, J. C. 2000. Ground beetles and wrinkled bark beetles of South Carolina (Coleoptera: Geadephaga: Carabidae and Rhysodidae). Biota of South Carolina. Vol. 1. Clemson, S. Clemson University.",,"us1ZuF/YFaJ9IETdiexVrD+fHDIIxGwg","us1ZuF/YFaJ9IETdiexVrD+fHDIIxGwg","11.6-19.2mm. Elytra dull, pronotum moderately shiny. Frontal grooves of head fairly deep and sharply defined, angulate near middle, the bend directed medially. Pronotum quadrate slightly constricted anteriorly and posteriorly, sides not anterior transvers"
"820a4936-0155-420a-a7e5-5e43237342c7","TALL_009.basePlot.bet","D08","TALL","TALL_009","E","2014-07-16","2014-07-30","2014-10-09","2014-10-09","l/M16YIQdhlzLNSodWWqmXE7df46IB/iOtl1MwGSDOE=","NEON.BET.D08.000181","CARSP14","Carabidae sp.","family",,"Latreille","D08.2014.MorphD","Ciegler, J. C. 2000. Ground beetles and wrinkled bark beetles of South Carolina (Coleoptera: Geadephaga: Carabidae and Rhysodidae). Biota of South Carolina. Vol. 1. Clemson, S. Clemson University.",,"us1ZuF/YFaJ9IETdiexVrD+fHDIIxGwg","us1ZuF/YFaJ9IETdiexVrD+fHDIIxGwg","11.6-19.2mm. Elytra dull, pronotum moderately shiny. Frontal grooves of head fairly deep and sharply defined, angulate near middle, the bend directed medially. Pronotum quadrate slightly constricted anteriorly and posteriorly, sides not anterior transvers"
"d9c95df6-94b7-48c7-98be-3fce4f33719d","TALL_003.basePlot.bet","D08","TALL","TALL_003","N","2014-07-16","2014-07-30","2014-10-09","2014-10-09","M7Kgwa5WKWrsEoTB/KZYrbsJC0voVRnmQN0RasNxDVo=","NEON.BET.D08.000156","CARSP14","Carabidae sp.","family",,"Latreille","D08.2014.MorphD","Ciegler, J. C. 2000. Ground beetles and wrinkled bark beetles of South Carolina (Coleoptera: Geadephaga: Carabidae and Rhysodidae). Biota of South Carolina. Vol. 1. Clemson, S. Clemson University.",,"us1ZuF/YFaJ9IETdiexVrD+fHDIIxGwg","us1ZuF/YFaJ9IETdiexVrD+fHDIIxGwg","11.6-19.2mm. Elytra dull, pronotum moderately shiny. Frontal grooves of head fairly deep and sharply defined, angulate near middle, the bend directed medially. Pronotum quadrate slightly constricted anteriorly and posteriorly, sides not anterior transvers"
"31a7e324-9f74-4390-8234-85503e7bdc56","TALL_003.basePlot.bet","D08","TALL","TALL_003","N","2014-07-16","2014-07-30","2014-10-09","2014-10-09","M7Kgwa5WKWrsEoTB/KZYrbsJC0voVRnmQN0RasNxDVo=","NEON.BET.D08.000155","CARSP14","Carabidae sp.","family",,"Latreille","D08.2014.MorphD","Ciegler, J. C. 2000. Ground beetles and wrinkled bark beetles of South Carolina (Coleoptera: Geadephaga: Carabidae and Rhysodidae). Biota of South Carolina. Vol. 1. Clemson, S. Clemson University.",,"us1ZuF/YFaJ9IETdiexVrD+fHDIIxGwg","us1ZuF/YFaJ9IETdiexVrD+fHDIIxGwg","11.6-19.2mm. Elytra dull, pronotum moderately shiny. Frontal grooves of head fairly deep and sharply defined, angulate near middle, the bend directed medially. Pronotum quadrate slightly constricted anteriorly and posteriorly, sides not anterior transvers"
"4308adfe-2923-47b4-9b5d-e4e8dd6fc112","TALL_005.basePlot.bet","D08","TALL","TALL_005","E","2014-07-16","2014-07-30","2014-10-09","2014-10-09","t0MQRG9cttnXg9ElZ7UgojlR6fomqyZDBiVdsZi+x6Y=","NEON.BET.D08.000157","CARSP14","Carabidae sp.","family",,"Latreille","D08.2014.MorphS","Ciegler, J. C. 2000. Ground beetles and wrinkled bark beetles of South Carolina (Coleoptera: Geadephaga: Carabidae and Rhysodidae). Biota of South Carolina. Vol. 1. Clemson, S. Clemson University.",,"us1ZuF/YFaJ9IETdiexVrD+fHDIIxGwg","us1ZuF/YFaJ9IETdiexVrD+fHDIIxGwg","15.0-16.5mm. Short and rather broad. Black, dull or slightly shiny. Dorsal surface of head and pronotum rugulose. Left mandible with ridge or tubercle on dorsal surface near middle of internal margin. Pronotum quadrate, wider at base than at apex| margins"
"da7de856-fa5a-410c-9fa8-c649d9645b3c","TALL_003.basePlot.bet","D08","TALL","TALL_003","N","2014-07-16","2014-07-30","2014-10-09","2014-10-09","M7Kgwa5WKWrsEoTB/KZYrbsJC0voVRnmQN0RasNxDVo=","NEON.BET.D08.000154","CARSP14","Carabidae sp.","family",,"Latreille","D08.2014.MorphD","Ciegler, J. C. 2000. Ground beetles and wrinkled bark beetles of South Carolina (Coleoptera: Geadephaga: Carabidae and Rhysodidae). Biota of South Carolina. Vol. 1. Clemson, S. Clemson University.",,"us1ZuF/YFaJ9IETdiexVrD+fHDIIxGwg","us1ZuF/YFaJ9IETdiexVrD+fHDIIxGwg","11.6-19.2mm. Elytra dull, pronotum moderately shiny. Frontal grooves of head fairly deep and sharply defined, angulate near middle, the bend directed medially. Pronotum quadrate slightly constricted anteriorly and posteriorly, sides not anterior transvers"
"c8862522-f8f2-4b2b-863d-d5d4ba9f092b","TALL_009.basePlot.bet","D08","TALL","TALL_009","N","2014-07-16","2014-07-30","2014-10-09","2014-10-09","l/M16YIQdhnZqz5vdEY/2x5Gg9DzLTLCSTuZK6ds8ik=","NEON.BET.D08.000172","CARSP14","Carabidae sp.","family",,"Latreille","D08.2014.MorphS","Ciegler, J. C. 2000. Ground beetles and wrinkled bark beetles of South Carolina (Coleoptera: Geadephaga: Carabidae and Rhysodidae). Biota of South Carolina. Vol. 1. Clemson, S. Clemson University.",,"us1ZuF/YFaJ9IETdiexVrD+fHDIIxGwg","us1ZuF/YFaJ9IETdiexVrD+fHDIIxGwg","15.0-16.5mm. Short and rather broad. Black, dull or slightly shiny. Dorsal surface of head and pronotum rugulose. Left mandible with ridge or tubercle on dorsal surface near middle of internal margin. Pronotum quadrate, wider at base than at apex| margins"
"d233aa22-686b-4541-a4be-e080f0c7ad0f","TALL_009.basePlot.bet","D08","TALL","TALL_009","N","2014-07-16","2014-07-30","2014-10-09","2014-10-09","l/M16YIQdhnZqz5vdEY/2zsOt0foRgLownGHmF2KhNw=","NEON.BET.D08.000173","CARSP14","Carabidae sp.","family",,"Latreille","D08.2014.MorphD","Ciegler, J. C. 2000. Ground beetles and wrinkled bark beetles of South Carolina (Coleoptera: Geadephaga: Carabidae and Rhysodidae). Biota of South Carolina. Vol. 1. Clemson, S. Clemson University.",,"us1ZuF/YFaJ9IETdiexVrD+fHDIIxGwg","us1ZuF/YFaJ9IETdiexVrD+fHDIIxGwg","11.6-19.2mm. Elytra dull, pronotum moderately shiny. Frontal grooves of head fairly deep and sharply defined, angulate near middle, the bend directed medially. Pronotum quadrate slightly constricted anteriorly and posteriorly, sides not anterior transvers"
"5a59a7a8-4e9a-408c-b425-9825525dd047","TALL_009.basePlot.bet","D08","TALL","TALL_009","N","2014-07-16","2014-07-30","2014-10-09","2014-10-09","l/M16YIQdhnZqz5vdEY/2x5Gg9DzLTLCccKlgE/qDVY=","NEON.BET.D08.000174","CARSP14","Carabidae sp.","family",,"Latreille","D08.2014.MorphK","Ciegler, J. C. 2000. Ground beetles and wrinkled bark beetles of South Carolina (Coleoptera: Geadephaga: Carabidae and Rhysodidae). Biota of South Carolina. Vol. 1. Clemson, S. Clemson University.",,"us1ZuF/YFaJ9IETdiexVrD+fHDIIxGwg","us1ZuF/YFaJ9IETdiexVrD+fHDIIxGwg","reddish brown body, Legs bright red. Pronutum wider than head and heart shaped. Elytra striated and slightly duller than pronotum."
"c86f8e44-52e8-4d31-8b99-d4a59ce23334","TALL_002.basePlot.bet","D08","TALL","TALL_002","N","2014-07-16","2014-07-30","2014-10-09","2014-10-09","GD+N/Fshctz84eWStkt1c8ZOMP4E5rrSxm32S7nHJUM=","NEON.BET.D08.000149","CARSP14","Carabidae sp.","family",,"Latreille","D08.2014.MorphD","Ciegler, J. C. 2000. Ground beetles and wrinkled bark beetles of South Carolina (Coleoptera: Geadephaga: Carabidae and Rhysodidae). Biota of South Carolina. Vol. 1. Clemson, S. Clemson University.",,"us1ZuF/YFaJ9IETdiexVrD+fHDIIxGwg","us1ZuF/YFaJ9IETdiexVrD+fHDIIxGwg","11.6-19.2mm. Elytra dull, pronotum moderately shiny. Frontal grooves of head fairly deep and sharply defined, angulate near middle, the bend directed medially. Pronotum quadrate slightly constricted anteriorly and posteriorly, sides not anterior transvers"
"abe6a103-7cdb-4440-a55f-1ae4efbe9d4b","TALL_007.basePlot.bet","D08","TALL","TALL_007","N","2014-07-16","2014-07-30","2014-10-09","2014-10-09","dCnpKCfrHjOVQk2Phb9g9lAyrl+laszaqpRLFRAJqMY=","NEON.BET.D08.000162","CARSP14","Carabidae sp.","family",,"Latreille","D08.2014.MorphD","Ciegler, J. C. 2000. Ground beetles and wrinkled bark beetles of South Carolina (Coleoptera: Geadephaga: Carabidae and Rhysodidae). Biota of South Carolina. Vol. 1. Clemson, S. Clemson University.",,"us1ZuF/YFaJ9IETdiexVrD+fHDIIxGwg","us1ZuF/YFaJ9IETdiexVrD+fHDIIxGwg","11.6-19.2mm. Elytra dull, pronotum moderately shiny. Frontal grooves of head fairly deep and sharply defined, angulate near middle, the bend directed medially. Pronotum quadrate slightly constricted anteriorly and posteriorly, sides not anterior transvers"
"d96035bb-b6d2-4026-a447-b880dce0252b","TALL_005.basePlot.bet","D08","TALL","TALL_005","N","2014-07-16","2014-07-30","2014-10-09","2014-10-09","t0MQRG9cttngFqgPdBhhpRz2dYw2FXrwruLYB9ulQOQ=","NEON.BET.D08.000158","CARSP14","Carabidae sp.","family",,"Latreille","D08.2014.MorphT","Ciegler, J. C. 2000. Ground beetles and wrinkled bark beetles of South Carolina (Coleoptera: Geadephaga: Carabidae and Rhysodidae). Biota of South Carolina. Vol. 1. Clemson, S. Clemson University.",,"us1ZuF/YFaJ9IETdiexVrD+fHDIIxGwg","us1ZuF/YFaJ9IETdiexVrD+fHDIIxGwg","14 mm. Shiny black. Pronotum wider than head. Elytra shiny, ridges present with shallow grooves."
"690db710-c7c9-40f3-97d1-9fb91ba70afc","TALL_008.basePlot.bet","D08","TALL","TALL_008","N","2014-07-16","2014-07-30","2014-10-09","2014-10-09","ohyOCuNZZNECnNQhcnmpAcXnHsTWEQkT46DXPtTnejo=","NEON.BET.D08.000168","CARSP14","Carabidae sp.","family",,"Latreille","D08.2014.MorphD","Ciegler, J. C. 2000. Ground beetles and wrinkled bark beetles of South Carolina (Coleoptera: Geadephaga: Carabidae and Rhysodidae). Biota of South Carolina. Vol. 1. Clemson, S. Clemson University.",,"us1ZuF/YFaJ9IETdiexVrD+fHDIIxGwg","us1ZuF/YFaJ9IETdiexVrD+fHDIIxGwg","11.6-19.2mm. Elytra dull, pronotum moderately shiny. Frontal grooves of head fairly deep and sharply defined, angulate near middle, the bend directed medially. Pronotum quadrate slightly constricted anteriorly and posteriorly, sides not anterior transvers"
"034368e1-5fe4-46f3-b98d-7f4f7203508f","TALL_007.basePlot.bet","D08","TALL","TALL_007","S","2014-07-16","2014-07-30","2014-10-09","2014-10-09","dCnpKCfrHjMX/h+AzcNym8ZZG6P+qbhWxv1V7DmuiyA=","NEON.BET.D08.000164","CARSP14","Carabidae sp.","family",,"Latreille","D08.2014.MorphK","Ciegler, J. C. 2000. Ground beetles and wrinkled bark beetles of South Carolina (Coleoptera: Geadephaga: Carabidae and Rhysodidae). Biota of South Carolina. Vol. 1. Clemson, S. Clemson University.",,"us1ZuF/YFaJ9IETdiexVrD+fHDIIxGwg","us1ZuF/YFaJ9IETdiexVrD+fHDIIxGwg","reddish brown body, Legs bright red. Pronutum wider than head and heart shaped. Elytra striated and slightly duller than pronotum."
"44a97017-7fe3-4209-b51b-8c1a9ad6df2a","TALL_008.basePlot.bet","D08","TALL","TALL_008","S","2014-07-16","2014-07-30","2014-10-09","2014-10-09","ohyOCuNZZNFI21Qc/4GkoWHTpi3lBi/9ct5bOxPtxQU=","NEON.BET.D08.000166","CARSP14","Carabidae sp.","family",,"Latreille","D08.2014.MorphH","Ciegler, J. C. 2000. Ground beetles and wrinkled bark beetles of South Carolina (Coleoptera: Geadephaga: Carabidae and Rhysodidae). Biota of South Carolina. Vol. 1. Clemson, S. Clemson University.",,"us1ZuF/YFaJ9IETdiexVrD+fHDIIxGwg","us1ZuF/YFaJ9IETdiexVrD+fHDIIxGwg","17.9-26.8 mm. Broad, very robust. Dull black. Base of pronotum wider than apex, margins only slightly reflexed| two stigerous punctures near neach lateral margin transverse basal impression very deep. Elytral interval 7 carinate for about two-third length"
"bad8a249-d37c-4ddb-a97d-599932b39d87","TALL_013.basePlot.bet","D08","TALL","TALL_013","S","2014-07-16","2014-07-30","2014-10-09","2014-10-09","636VT4a85rARbcXp8zrFlZ9UzSigtI8P0qsMr6kuPs0=","NEON.BET.D08.000184","CARSP14","Carabidae sp.","family",,"Latreille","D08.2014.MorphD","Ciegler, J. C. 2000. Ground beetles and wrinkled bark beetles of South Carolina (Coleoptera: Geadephaga: Carabidae and Rhysodidae). Biota of South Carolina. Vol. 1. Clemson, S. Clemson University.",,"us1ZuF/YFaJ9IETdiexVrD+fHDIIxGwg","us1ZuF/YFaJ9IETdiexVrD+fHDIIxGwg","11.6-19.2mm. Elytra dull, pronotum moderately shiny. Frontal grooves of head fairly deep and sharply defined, angulate near middle, the bend directed medially. Pronotum quadrate slightly constricted anteriorly and posteriorly, sides not anterior transvers"
"573041fd-45c8-4767-a3d8-5879e8f33e62","TALL_008.basePlot.bet","D08","TALL","TALL_008","S","2014-07-16","2014-07-30","2014-10-09","2014-10-09","ohyOCuNZZNFI21Qc/4GkoWHTpi3lBi/9eSEQkupDUnI=","NEON.BET.D08.000165","CARSP14","Carabidae sp.","family",,"Latreille","D08.2014.MorphH","Ciegler, J. C. 2000. Ground beetles and wrinkled bark beetles of South Carolina (Coleoptera: Geadephaga: Carabidae and Rhysodidae). Biota of South Carolina. Vol. 1. Clemson, S. Clemson University.",,"us1ZuF/YFaJ9IETdiexVrD+fHDIIxGwg","us1ZuF/YFaJ9IETdiexVrD+fHDIIxGwg","17.9-26.8 mm. Broad, very robust. Dull black. Base of pronotum wider than apex, margins only slightly reflexed| two stigerous punctures near neach lateral margin transverse basal impression very deep. Elytral interval 7 carinate for about two-third length"
"39711b51-82ab-42c9-98dd-939b05e43b47","TALL_003.basePlot.bet","D08","TALL","TALL_003","W","2014-07-16","2014-07-30","2014-10-09","2014-10-09","M7Kgwa5WKWoANUMT9r1CJ5XpdiYZ9E/WVjD1wyyN014=","NEON.BET.D08.000151","CARSP14","Carabidae sp.","family",,"Latreille","D08.2014.MorphD","Ciegler, J. C. 2000. Ground beetles and wrinkled bark beetles of South Carolina (Coleoptera: Geadephaga: Carabidae and Rhysodidae). Biota of South Carolina. Vol. 1. Clemson, S. Clemson University.",,"us1ZuF/YFaJ9IETdiexVrD+fHDIIxGwg","us1ZuF/YFaJ9IETdiexVrD+fHDIIxGwg","11.6-19.2mm. Elytra dull, pronotum moderately shiny. Frontal grooves of head fairly deep and sharply defined, angulate near middle, the bend directed medially. Pronotum quadrate slightly constricted anteriorly and posteriorly, sides not anterior transvers"
"e4d3b2bf-4f0a-4149-947f-39acf8757a86","TALL_009.basePlot.bet","D08","TALL","TALL_009","S","2014-07-16","2014-07-30","2014-10-09","2014-10-09","l/M16YIQdhnEU5lxplNTcuUcoXWFZi/wcVFj6H9yMwY=","NEON.BET.D08.000179","CARSP14","Carabidae sp.","family",,"Latreille","D08.2014.MorphS","Ciegler, J. C. 2000. Ground beetles and wrinkled bark beetles of South Carolina (Coleoptera: Geadephaga: Carabidae and Rhysodidae). Biota of South Carolina. Vol. 1. Clemson, S. Clemson University.",,"us1ZuF/YFaJ9IETdiexVrD+fHDIIxGwg","us1ZuF/YFaJ9IETdiexVrD+fHDIIxGwg","15.0-16.5mm. Short and rather broad. Black, dull or slightly shiny. Dorsal surface of head and pronotum rugulose. Left mandible with ridge or tubercle on dorsal surface near middle of internal margin. Pronotum quadrate, wider at base than at apex| margins"
"13afd2d7-eb35-4204-a9d5-90ea21517f1b","TALL_009.basePlot.bet","D08","TALL","TALL_009","S","2014-07-16","2014-07-30","2014-10-09","2014-10-09","l/M16YIQdhnEU5lxplNTconAVSOFTIAsUPTnea5Rics=","NEON.BET.D08.000180","CARSP14","Carabidae sp.","family",,"Latreille","D08.2014.MorphD","Ciegler, J. C. 2000. Ground beetles and wrinkled bark beetles of South Carolina (Coleoptera: Geadephaga: Carabidae and Rhysodidae). Biota of South Carolina. Vol. 1. Clemson, S. Clemson University.",,"us1ZuF/YFaJ9IETdiexVrD+fHDIIxGwg","us1ZuF/YFaJ9IETdiexVrD+fHDIIxGwg","11.6-19.2mm. Elytra dull, pronotum moderately shiny. Frontal grooves of head fairly deep and sharply defined, angulate near middle, the bend directed medially. Pronotum quadrate slightly constricted anteriorly and posteriorly, sides not anterior transvers"
"8eb3c45b-9415-462c-88bc-6c5cacffc785","TALL_009.basePlot.bet","D08","TALL","TALL_009","S","2014-07-16","2014-07-30","2014-10-09","2014-10-09","l/M16YIQdhnEU5lxplNTcuUcoXWFZi/wvJ8zKBIFWok=","NEON.BET.D08.000178","CARSP14","Carabidae sp.","family",,"Latreille","D08.2014.MorphF","Ciegler, J. C. 2000. Ground beetles and wrinkled bark beetles of South Carolina (Coleoptera: Geadephaga: Carabidae and Rhysodidae). Biota of South Carolina. Vol. 1. Clemson, S. Clemson University.",,"us1ZuF/YFaJ9IETdiexVrD+fHDIIxGwg","us1ZuF/YFaJ9IETdiexVrD+fHDIIxGwg","Black, very shiny| edges of elytra and legs reddish brown. Mandibles long and slender. All individual morphospecies pinned"
"0fb86d2b-1e86-4bd3-9648-a9958f4e0b7f","TALL_003.basePlot.bet","D08","TALL","TALL_003","W","2014-07-16","2014-07-30","2014-10-09","2014-10-09","M7Kgwa5WKWoANUMT9r1CJ5XpdiYZ9E/WVjD1wyyN014=","NEON.BET.D08.000152","CARSP14","Carabidae sp.","family",,"Latreille","D08.2014.MorphD","Ciegler, J. C. 2000. Ground beetles and wrinkled bark beetles of South Carolina (Coleoptera: Geadephaga: Carabidae and Rhysodidae). Biota of South Carolina. Vol. 1. Clemson, S. Clemson University.",,"us1ZuF/YFaJ9IETdiexVrD+fHDIIxGwg","us1ZuF/YFaJ9IETdiexVrD+fHDIIxGwg","11.6-19.2mm. Elytra dull, pronotum moderately shiny. Frontal grooves of head fairly deep and sharply defined, angulate near middle, the bend directed medially. Pronotum quadrate slightly constricted anteriorly and posteriorly, sides not anterior transvers"
"9370c5a6-29e3-462a-b538-61ff848171d5","TALL_009.basePlot.bet","D08","TALL","TALL_009","W","2014-07-16","2014-07-30","2014-10-09","2014-10-09","l/M16YIQdhkC0dch8U8H/y6Ejsowxw6EehN0UKEz+EU=","NEON.BET.D08.000177","CARSP14","Carabidae sp.","family",,"Latreille","D08.2014.MorphD","Ciegler, J. C. 2000. Ground beetles and wrinkled bark beetles of South Carolina (Coleoptera: Geadephaga: Carabidae and Rhysodidae). Biota of South Carolina. Vol. 1. Clemson, S. Clemson University.",,"us1ZuF/YFaJ9IETdiexVrD+fHDIIxGwg","us1ZuF/YFaJ9IETdiexVrD+fHDIIxGwg","11.6-19.2mm. Elytra dull, pronotum moderately shiny. Frontal grooves of head fairly deep and sharply defined, angulate near middle, the bend directed medially. Pronotum quadrate slightly constricted anteriorly and posteriorly, sides not anterior transvers"
"c4476b45-df0a-4d48-8bc7-00e8ce973ed6","TALL_009.basePlot.bet","D08","TALL","TALL_009","W","2014-07-16","2014-07-30","2014-10-09","2014-10-09","l/M16YIQdhkC0dch8U8H/y6Ejsowxw6EehN0UKEz+EU=","NEON.BET.D08.000182","CARSP14","Carabidae sp.","family",,"Latreille","D08.2014.MorphD","Ciegler, J. C. 2000. Ground beetles and wrinkled bark beetles of South Carolina (Coleoptera: Geadephaga: Carabidae and Rhysodidae). Biota of South Carolina. Vol. 1. Clemson, S. Clemson University.",,"us1ZuF/YFaJ9IETdiexVrD+fHDIIxGwg","us1ZuF/YFaJ9IETdiexVrD+fHDIIxGwg","11.6-19.2mm. Elytra dull, pronotum moderately shiny. Frontal grooves of head fairly deep and sharply defined, angulate near middle, the bend directed medially. Pronotum quadrate slightly constricted anteriorly and posteriorly, sides not anterior transvers"
"5d9e0532-1b26-4901-870e-e3939956f9cb","TALL_008.basePlot.bet","D08","TALL","TALL_008","W","2014-07-16","2014-07-30","2014-10-09","2014-11-13","ohyOCuNZZNHXm47VwlKAEPipl7iIQW0CiqJ9Kjeqg9w=","NEON.BET.D08.000170","CARSP14","Carabidae sp.","family",,"Latreille","D08.2014.MorphU","Ciegler, J. C. 2000. Ground beetles and wrinkled bark beetles of South Carolina (Coleoptera: Geadephaga: Carabidae and Rhysodidae). Biota of South Carolina. Vol. 1. Clemson, S. Clemson University.",,"us1ZuF/YFaJ9IETdiexVrD+fHDIIxGwg","us1ZuF/YFaJ9IETdiexVrD+fHDIIxGwg","4.9-6.2mm. Reddish brown, shiny: appendages reddish brown to straw yellow. Lateral margins of pronotum slightly sinuate, hind angle acute, slightly projected outward. Basal pronotal impressions moderately deep, elongate, and punctuate, area between them w"
"bc58defe-4664-472e-a0cb-7a2513666153","TALL_005.basePlot.bet","D08","TALL","TALL_005","W","2014-07-16","2014-07-30","2014-10-09","2014-10-09","t0MQRG9cttnJ0EYTDCM3I2PhTTGz48jRvjAkNblfrvQ=","NEON.BET.D08.000160","CARSP14","Carabidae sp.","family",,"Latreille","D08.2014.MorphN","Ciegler, J. C. 2000. Ground beetles and wrinkled bark beetles of South Carolina (Coleoptera: Geadephaga: Carabidae and Rhysodidae). Biota of South Carolina. Vol. 1. Clemson, S. Clemson University.",,"us1ZuF/YFaJ9IETdiexVrD+fHDIIxGwg","us1ZuF/YFaJ9IETdiexVrD+fHDIIxGwg","14-18mm. Purplish brown dorsally. White markings a single triangular dot on each side, or none. Elytron with green punctures and foveae and purplish brown velvety spots that give the appearance of diagonal brown lines in certain light. Elytron flat, not s"
"f48477e6-7f3b-46cc-b86c-290db267d0f6","TALL_005.basePlot.bet","D08","TALL","TALL_005","W","2014-07-16","2014-07-30","2014-10-09","2014-10-09","t0MQRG9cttnJ0EYTDCM3I/yzyjv5MV62k533WKibQFw=","NEON.BET.D08.000159","CARSP14","Carabidae sp.","family",,"Latreille","D08.2014.MorphD","Ciegler, J. C. 2000. Ground beetles and wrinkled bark beetles of South Carolina (Coleoptera: Geadephaga: Carabidae and Rhysodidae). Biota of South Carolina. Vol. 1. Clemson, S. Clemson University.",,"us1ZuF/YFaJ9IETdiexVrD+fHDIIxGwg","us1ZuF/YFaJ9IETdiexVrD+fHDIIxGwg","11.6-19.2mm. Elytra dull, pronotum moderately shiny. Frontal grooves of head fairly deep and sharply defined, angulate near middle, the bend directed medially. Pronotum quadrate slightly constricted anteriorly and posteriorly, sides not anterior transvers"
"fea5e862-1f30-420b-8747-2401df69b9ca","TALL_008.basePlot.bet","D08","TALL","TALL_008","W","2014-07-16","2014-07-30","2014-10-09","2014-10-09","ohyOCuNZZNHXm47VwlKAEMwFAfW5NgiLRcpn/AWQMDw=","NEON.BET.D08.000169","CARSP14","Carabidae sp.","family",,"Latreille","D08.2014.MorphD","Ciegler, J. C. 2000. Ground beetles and wrinkled bark beetles of South Carolina (Coleoptera: Geadephaga: Carabidae and Rhysodidae). Biota of South Carolina. Vol. 1. Clemson, S. Clemson University.",,"us1ZuF/YFaJ9IETdiexVrD+fHDIIxGwg","us1ZuF/YFaJ9IETdiexVrD+fHDIIxGwg","11.6-19.2mm. Elytra dull, pronotum moderately shiny. Frontal grooves of head fairly deep and sharply defined, angulate near middle, the bend directed medially. Pronotum quadrate slightly constricted anteriorly and posteriorly, sides not anterior transvers"
"c38a1f7b-987e-42f6-b3cd-9efd6693d6a3","TALL_008.basePlot.bet","D08","TALL","TALL_008","W","2014-07-16","2014-07-30","2014-10-09","2014-10-09","ohyOCuNZZNHXm47VwlKAEPipl7iIQW0CF+mX5xwFtJU=","NEON.BET.D08.000171","CARSP14","Carabidae sp.","family",,"Latreille","D08.2014.MorphG","Ciegler, J. C. 2000. Ground beetles and wrinkled bark beetles of South Carolina (Coleoptera: Geadephaga: Carabidae and Rhysodidae). Biota of South Carolina. Vol. 1. Clemson, S. Clemson University.",,"us1ZuF/YFaJ9IETdiexVrD+fHDIIxGwg","1BXlVo/+sgQnzGKl3MtQcn6rxZDFIa/f","very similar to Cicindela unipunctulata only this moph spp. Has dark brown labrum when C. unipunctulata has white labrum. Body brownish with gren spots| metallic gold tint. Pronotum as wide as head, legs shiny red."
"b22959e9-e8ea-42f4-a336-6b3402b7b70f","TALL_003.basePlot.bet","D08","TALL","TALL_003","W","2014-07-16","2014-07-30","2014-10-09","2014-10-09","M7Kgwa5WKWoANUMT9r1CJ5XpdiYZ9E/WVjD1wyyN014=","NEON.BET.D08.000150","CARSP14","Carabidae sp.","family",,"Latreille","D08.2014.MorphD","Ciegler, J. C. 2000. Ground beetles and wrinkled bark beetles of South Carolina (Coleoptera: Geadephaga: Carabidae and Rhysodidae). Biota of South Carolina. Vol. 1. Clemson, S. Clemson University.",,"us1ZuF/YFaJ9IETdiexVrD+fHDIIxGwg","us1ZuF/YFaJ9IETdiexVrD+fHDIIxGwg","11.6-19.2mm. Elytra dull, pronotum moderately shiny. Frontal grooves of head fairly deep and sharply defined, angulate near middle, the bend directed medially. Pronotum quadrate slightly constricted anteriorly and posteriorly, sides not anterior transvers"
"01dec436-f1aa-40f3-ad51-43323780933f","TALL_009.basePlot.bet","D08","TALL","TALL_009","W","2014-07-16","2014-07-30","2014-10-09","2014-10-09","l/M16YIQdhkC0dch8U8H/y6Ejsowxw6EehN0UKEz+EU=","NEON.BET.D08.000175","CARSP14","Carabidae sp.","family",,"Latreille","D08.2014.MorphD","Ciegler, J. C. 2000. Ground beetles and wrinkled bark beetles of South Carolina (Coleoptera: Geadephaga: Carabidae and Rhysodidae). Biota of South Carolina. Vol. 1. Clemson, S. Clemson University.",,"us1ZuF/YFaJ9IETdiexVrD+fHDIIxGwg","us1ZuF/YFaJ9IETdiexVrD+fHDIIxGwg","11.6-19.2mm. Elytra dull, pronotum moderately shiny. Frontal grooves of head fairly deep and sharply defined, angulate near middle, the bend directed medially. Pronotum quadrate slightly constricted anteriorly and posteriorly, sides not anterior transvers"
"d5cd2a49-3220-47fc-9c93-69b1b3745b4c","TALL_009.basePlot.bet","D08","TALL","TALL_009","W","2014-07-16","2014-07-30","2014-10-09","2014-10-09","l/M16YIQdhkC0dch8U8H/3UYCrF8ZLXVIXArA0XI8Go=","NEON.BET.D08.000176","CARSP14","Carabidae sp.","family",,"Latreille","D08.2014.MorphN","Ciegler, J. C. 2000. Ground beetles and wrinkled bark beetles of South Carolina (Coleoptera: Geadephaga: Carabidae and Rhysodidae). Biota of South Carolina. Vol. 1. Clemson, S. Clemson University.",,"us1ZuF/YFaJ9IETdiexVrD+fHDIIxGwg","us1ZuF/YFaJ9IETdiexVrD+fHDIIxGwg","14-18mm. Purplish brown dorsally. White markings a single triangular dot on each side, or none. Elytron with green punctures and foveae and purplish brown velvety spots that give the appearance of diagonal brown lines in certain light. Elytron flat, not s"
"b0699ea0-7296-473d-a74b-b21d9e914035","TALL_013.basePlot.bet","D08","TALL","TALL_013","E","2014-07-16","2014-07-30","2014-10-09","2014-10-09","636VT4a85rC9TmkVrWIaY2Gtaf8DduC3DZmCnugjNvI=","NEON.BET.D08.000183","CARSP14","Carabidae sp.","family",,"Latreille","D08.2014.MorphD","Ciegler, J. C. 2000. Ground beetles and wrinkled bark beetles of South Carolina (Coleoptera: Geadephaga: Carabidae and Rhysodidae). Biota of South Carolina. Vol. 1. Clemson, S. Clemson University.",,"us1ZuF/YFaJ9IETdiexVrD+fHDIIxGwg","us1ZuF/YFaJ9IETdiexVrD+fHDIIxGwg","11.6-19.2mm. Elytra dull, pronotum moderately shiny. Frontal grooves of head fairly deep and sharply defined, angulate near middle, the bend directed medially. Pronotum quadrate slightly constricted anteriorly and posteriorly, sides not anterior transvers"
