uid,namedLocation,domainID,siteID,plotID,trapID,plotType,nlcdClass,decimalLatitude,decimalLongitude,geodeticDatum,coordinateUncertainty,elevation,elevationUncertainty,setDate,collectDate,eventID,daysOfTrapping,sampleCollected,sampleID,cupStatus,lidStatus,fluidLevel,samplingProtocolVersion,recordedBy,remarks
"0a768155-4fbb-4dd6-9d67-ba5e37dc2edd","KONZ_008.basePlot.bet","D06","KONZ","KONZ_008","E","distributed","grasslandHerbaceous",39.108081,-96.545369,"WGS84",20.0,383.3,0.0,"2015-07-20","2015-08-03","KONZ.2015.32",14,"Y","KONZ_008.E.20150803","Disturbed","Ok","Ok","NEON.DOC.014050vG","wQI+SYME+gr3nKVXMbMGzlxt6VcoOetL","Erosion around cup made it not level with the ground"
"70387075-801d-4366-b8b0-8dde3aa1c761","KONZ_001.basePlot.bet","D06","KONZ","KONZ_001","W","distributed","grasslandHerbaceous",39.075067,-96.555875,"WGS84",20.1,437.7,0.1,"2015-07-20","2015-08-03","KONZ.2015.32",14,"Y","KONZ_001.W.20150803","Ok","Ok","Ok","NEON.DOC.014050vG","wQI+SYME+gr3nKVXMbMGzlxt6VcoOetL",
"8f8ae747-e7bb-4b02-9607-791d1eb335da","KONZ_004.basePlot.bet","D06","KONZ","KONZ_004","E","distributed","grasslandHerbaceous",39.110568,-96.550148,"WGS84",20.0,375.1,0.0,"2015-07-20","2015-08-03","KONZ.2015.32",14,"Y","KONZ_004.E.20150803","Ok","Ok","Ok","NEON.DOC.014050vG","wQI+SYME+gr3nKVXMbMGzlxt6VcoOetL",
"cb46ab11-bb1b-43ec-b4fb-7f6d7f09067d","KONZ_025.basePlot.bet","D06","KONZ","KONZ_025","E","distributed","deciduousForest",39.103999,-96.596164,"WGS84",20.3,339.1,0.2,"2015-07-20","2015-08-03","KONZ.2015.32",14,"Y","KONZ_025.E.20150803","Ok","Ok","Ok","NEON.DOC.014050vG","4ap3oWa44i+OU41AqpNxZie9h1zLMZD/",
"7ba581e7-11ad-428c-9668-d375851e56ba","KONZ_007.basePlot.bet","D06","KONZ","KONZ_007","E","distributed","grasslandHerbaceous",39.086977,-96.544717,"WGS84",20.1,422.6,0.1,"2015-07-20","2015-08-03","KONZ.2015.32",14,"Y","KONZ_007.E.20150803","Ok","Ok","Ok","NEON.DOC.014050vG","wQI+SYME+gr3nKVXMbMGzlxt6VcoOetL",
"cebc72d0-9c02-459a-98c5-b1dd0b924dcf","KONZ_003.basePlot.bet","D06","KONZ","KONZ_003","E","distributed","grasslandHerbaceous",39.088076,-96.570347,"WGS84",20.0,404.2,0.0,"2015-07-20","2015-08-03","KONZ.2015.32",14,"Y","KONZ_003.E.20150803","Disturbed","Ok","Ok","NEON.DOC.014050vG","4ap3oWa44i+OU41AqpNxZie9h1zLMZD/","Eroded around lip of cup and not flush with soil"
"bb43fb88-d815-4073-8891-26cf8b4cd3ea","KONZ_006.basePlot.bet","D06","KONZ","KONZ_006","E","distributed","grasslandHerbaceous",39.071160,-96.588942,"WGS84",20.1,409.5,0.1,"2015-07-20","2015-08-03","KONZ.2015.32",14,"Y","KONZ_006.E.20150803","Ok","Ok","Ok","NEON.DOC.014050vG","4ap3oWa44i+OU41AqpNxZie9h1zLMZD/",
"0f0c9554-abef-4748-b441-e36d2e155f84","KONZ_002.basePlot.bet","D06","KONZ","KONZ_002","E","distributed","grasslandHerbaceous",39.119993,-96.546016,"WGS84",20.0,399.9,0.0,"2015-07-20","2015-08-03","KONZ.2015.32",14,"Y","KONZ_002.E.20150803","Ok","Ok","Ok","NEON.DOC.014050vG","wQI+SYME+gr3nKVXMbMGzlxt6VcoOetL",
"8366fd33-de91-435a-b976-9fe860e3a511","KONZ_009.basePlot.bet","D06","KONZ","KONZ_009","E","distributed","grasslandHerbaceous",39.107316,-96.585982,"WGS84",20.1,373.1,0.1,"2015-07-20","2015-08-03","KONZ.2015.32",14,"Y","KONZ_009.E.20150803","Ok","Ok","Ok","NEON.DOC.014050vG","4ap3oWa44i+OU41AqpNxZie9h1zLMZD/",
"e407d34d-784d-4e5c-b4d0-ed6865d24d9f","KONZ_005.basePlot.bet","D06","KONZ","KONZ_005","E","distributed","grasslandHerbaceous",39.082563,-96.566705,"WGS84",20.0,424.1,0.0,"2015-07-20","2015-08-03","KONZ.2015.32",14,"Y","KONZ_005.E.20150803","Ok","Ok","Ok","NEON.DOC.014050vG","4ap3oWa44i+OU41AqpNxZie9h1zLMZD/",
"3f0bff76-6c2e-474c-bf55-f72b6ad3038a","KONZ_001.basePlot.bet","D06","KONZ","KONZ_001","N","distributed","grasslandHerbaceous",39.075067,-96.555875,"WGS84",20.1,437.7,0.1,"2015-07-20","2015-08-03","KONZ.2015.32",14,"Y","KONZ_001.N.20150803","Ok","Ok","Ok","NEON.DOC.014050vG","wQI+SYME+gr3nKVXMbMGzlxt6VcoOetL",
"9f145f0c-4fec-4060-812e-ecdb8c79841d","KONZ_006.basePlot.bet","D06","KONZ","KONZ_006","N","distributed","grasslandHerbaceous",39.071160,-96.588942,"WGS84",20.1,409.5,0.1,"2015-07-20","2015-08-03","KONZ.2015.32",14,"Y","KONZ_006.N.20150803","Ok","Ok","Ok","NEON.DOC.014050vG","4ap3oWa44i+OU41AqpNxZie9h1zLMZD/",
"f810d2ab-a805-4754-83a4-ec430e75d583","KONZ_009.basePlot.bet","D06","KONZ","KONZ_009","N","distributed","grasslandHerbaceous",39.107316,-96.585982,"WGS84",20.1,373.1,0.1,"2015-07-20","2015-08-03","KONZ.2015.32",14,"Y","KONZ_009.N.20150803","Ok","Ok","Ok","NEON.DOC.014050vG","4ap3oWa44i+OU41AqpNxZie9h1zLMZD/",
"c58a0622-d400-4616-aa39-76e57c321865","KONZ_003.basePlot.bet","D06","KONZ","KONZ_003","N","distributed","grasslandHerbaceous",39.088076,-96.570347,"WGS84",20.0,404.2,0.0,"2015-07-20","2015-08-03","KONZ.2015.32",14,"Y","KONZ_003.N.20150803","Ok","Ok","Ok","NEON.DOC.014050vG","4ap3oWa44i+OU41AqpNxZie9h1zLMZD/",
"d11a879d-3f14-4cdc-a7e8-7171baf69db8","KONZ_004.basePlot.bet","D06","KONZ","KONZ_004","N","distributed","grasslandHerbaceous",39.110568,-96.550148,"WGS84",20.0,375.1,0.0,"2015-07-20","2015-08-03","KONZ.2015.32",14,"Y","KONZ_004.N.20150803","Ok","Ok","Ok","NEON.DOC.014050vG","wQI+SYME+gr3nKVXMbMGzlxt6VcoOetL",
"09eb34de-9ada-442c-a243-da6a5c75e40a","KONZ_025.basePlot.bet","D06","KONZ","KONZ_025","N","distributed","deciduousForest",39.103999,-96.596164,"WGS84",20.3,339.1,0.2,"2015-07-20","2015-08-03","KONZ.2015.32",14,"Y","KONZ_025.N.20150803","Ok","Ok","Ok","NEON.DOC.014050vG","4ap3oWa44i+OU41AqpNxZie9h1zLMZD/",
"e5a12e69-8032-4c9a-bbf2-efedbbf9b6d1","KONZ_007.basePlot.bet","D06","KONZ","KONZ_007","N","distributed","grasslandHerbaceous",39.086977,-96.544717,"WGS84",20.1,422.6,0.1,"2015-07-20","2015-08-03","KONZ.2015.32",14,"Y","KONZ_007.N.20150803","Ok","Ok","Ok","NEON.DOC.014050vG","wQI+SYME+gr3nKVXMbMGzlxt6VcoOetL",
"76c6f150-11eb-4407-a3e2-3d8e237d2791","KONZ_008.basePlot.bet","D06","KONZ","KONZ_008","N","distributed","grasslandHerbaceous",39.108081,-96.545369,"WGS84",20.0,383.3,0.0,"2015-07-20","2015-08-03","KONZ.2015.32",14,"Y","KONZ_008.N.20150803","Ok","Ok","Ok","NEON.DOC.014050vG","wQI+SYME+gr3nKVXMbMGzlxt6VcoOetL",
"eaa0d6b5-b0f9-47aa-88e5-c5d9d0757b45","KONZ_005.basePlot.bet","D06","KONZ","KONZ_005","N","distributed","grasslandHerbaceous",39.082563,-96.566705,"WGS84",20.0,424.1,0.0,"2015-07-20","2015-08-03","KONZ.2015.32",14,"Y","KONZ_005.N.20150803","Ok","Ok","Ok","NEON.DOC.014050vG","4ap3oWa44i+OU41AqpNxZie9h1zLMZD/",
"8ec623c1-aade-449a-8224-bb1a5bf8c9d7","KONZ_002.basePlot.bet","D06","KONZ","KONZ_002","N","distributed","grasslandHerbaceous",39.119993,-96.546016,"WGS84",20.0,399.9,0.0,"2015-07-20","2015-08-03","KONZ.2015.32",14,"Y","KONZ_002.N.20150803","Ok","Ok","Ok","NEON.DOC.014050vG","wQI+SYME+gr3nKVXMbMGzlxt6VcoOetL",
"10a32071-b841-4e93-9d22-48f46f994d02","KONZ_006.basePlot.bet","D06","KONZ","KONZ_006","S","distributed","grasslandHerbaceous",39.071160,-96.588942,"WGS84",20.1,409.5,0.1,"2015-07-20","2015-08-03","KONZ.2015.32",14,"Y","KONZ_006.S.20150803","Ok","Ok","Ok","NEON.DOC.014050vG","4ap3oWa44i+OU41AqpNxZie9h1zLMZD/",
"ff9520a8-b979-402e-b020-9122c555f81c","KONZ_025.basePlot.bet","D06","KONZ","KONZ_025","S","distributed","deciduousForest",39.103999,-96.596164,"WGS84",20.3,339.1,0.2,"2015-07-20","2015-08-03","KONZ.2015.32",14,"Y","KONZ_025.S.20150803","Ok","Ok","Ok","NEON.DOC.014050vG","4ap3oWa44i+OU41AqpNxZie9h1zLMZD/",
"ffc93dc3-8b66-4bad-a7d0-cb50c6bb51c6","KONZ_004.basePlot.bet","D06","KONZ","KONZ_004","S","distributed","grasslandHerbaceous",39.110568,-96.550148,"WGS84",20.0,375.1,0.0,"2015-07-20","2015-08-03","KONZ.2015.32",14,"Y","KONZ_004.S.20150803","Ok","Ok","Ok","NEON.DOC.014050vG","wQI+SYME+gr3nKVXMbMGzlxt6VcoOetL",
"5b37af01-0d4d-400e-a521-dd7fc98732ff","KONZ_001.basePlot.bet","D06","KONZ","KONZ_001","S","distributed","grasslandHerbaceous",39.075067,-96.555875,"WGS84",20.1,437.7,0.1,"2015-07-20","2015-08-03","KONZ.2015.32",14,"Y","KONZ_001.S.20150803","Ok","Ok","Ok","NEON.DOC.014050vG","wQI+SYME+gr3nKVXMbMGzlxt6VcoOetL",
"2b328ca2-8a04-4ac8-a91c-a1fde18184b2","KONZ_008.basePlot.bet","D06","KONZ","KONZ_008","S","distributed","grasslandHerbaceous",39.108081,-96.545369,"WGS84",20.0,383.3,0.0,"2015-07-20","2015-08-03","KONZ.2015.32",14,"Y","KONZ_008.S.20150803","Ok","Ok","Ok","NEON.DOC.014050vG","wQI+SYME+gr3nKVXMbMGzlxt6VcoOetL",
"38dcfa00-db06-4b02-a649-8ed5f3fb9950","KONZ_007.basePlot.bet","D06","KONZ","KONZ_007","S","distributed","grasslandHerbaceous",39.086977,-96.544717,"WGS84",20.1,422.6,0.1,"2015-07-20","2015-08-03","KONZ.2015.32",14,"Y","KONZ_007.S.20150803","Ok","Ok","Ok","NEON.DOC.014050vG","wQI+SYME+gr3nKVXMbMGzlxt6VcoOetL",
"fdfe1e74-2b71-4c72-bad4-7c5f1a5f57e2","KONZ_002.basePlot.bet","D06","KONZ","KONZ_002","S","distributed","grasslandHerbaceous",39.119993,-96.546016,"WGS84",20.0,399.9,0.0,"2015-07-20","2015-08-03","KONZ.2015.32",14,"Y","KONZ_002.S.20150803","Ok","Ok","Ok","NEON.DOC.014050vG","wQI+SYME+gr3nKVXMbMGzlxt6VcoOetL",
"93150652-357b-4732-920f-154b68c557f8","KONZ_005.basePlot.bet","D06","KONZ","KONZ_005","S","distributed","grasslandHerbaceous",39.082563,-96.566705,"WGS84",20.0,424.1,0.0,"2015-07-20","2015-08-03","KONZ.2015.32",14,"Y","KONZ_005.S.20150803","Ok","Ok","Ok","NEON.DOC.014050vG","4ap3oWa44i+OU41AqpNxZie9h1zLMZD/",
"dc361f2b-7c4d-4bae-aa98-edbebf05b51b","KONZ_003.basePlot.bet","D06","KONZ","KONZ_003","S","distributed","grasslandHerbaceous",39.088076,-96.570347,"WGS84",20.0,404.2,0.0,"2015-07-20","2015-08-03","KONZ.2015.32",14,"Y","KONZ_003.S.20150803","Disturbed","Ok","Ok","NEON.DOC.014050vG","4ap3oWa44i+OU41AqpNxZie9h1zLMZD/","Eroded around lip of cup and not flush with ground"
"294e2c25-bdec-4e12-8e6c-e34f64e89ce5","KONZ_009.basePlot.bet","D06","KONZ","KONZ_009","S","distributed","grasslandHerbaceous",39.107316,-96.585982,"WGS84",20.1,373.1,0.1,"2015-07-20","2015-08-03","KONZ.2015.32",14,"Y","KONZ_009.S.20150803","Ok","Ok","Ok","NEON.DOC.014050vG","4ap3oWa44i+OU41AqpNxZie9h1zLMZD/",
"324ec856-e490-4b71-b46e-408207906cc4","KONZ_002.basePlot.bet","D06","KONZ","KONZ_002","W","distributed","grasslandHerbaceous",39.119993,-96.546016,"WGS84",20.0,399.9,0.0,"2015-07-20","2015-08-03","KONZ.2015.32",14,"Y","KONZ_002.W.20150803","Ok","Ok","Ok","NEON.DOC.014050vG","wQI+SYME+gr3nKVXMbMGzlxt6VcoOetL",
"e45b4c3d-59fa-4612-91c8-a25c4d00a285","KONZ_006.basePlot.bet","D06","KONZ","KONZ_006","W","distributed","grasslandHerbaceous",39.071160,-96.588942,"WGS84",20.1,409.5,0.1,"2015-07-20","2015-08-03","KONZ.2015.32",14,"Y","KONZ_006.W.20150803","Ok","Ok","Ok","NEON.DOC.014050vG","4ap3oWa44i+OU41AqpNxZie9h1zLMZD/",
"45b449ca-86aa-44aa-8172-f245d10fee8d","KONZ_005.basePlot.bet","D06","KONZ","KONZ_005","W","distributed","grasslandHerbaceous",39.082563,-96.566705,"WGS84",20.0,424.1,0.0,"2015-07-20","2015-08-03","KONZ.2015.32",14,"Y","KONZ_005.W.20150803","Ok","Ok","Ok","NEON.DOC.014050vG","4ap3oWa44i+OU41AqpNxZie9h1zLMZD/",
"df2af705-ad7d-4e3e-8bbb-380e260a893a","KONZ_003.basePlot.bet","D06","KONZ","KONZ_003","W","distributed","grasslandHerbaceous",39.088076,-96.570347,"WGS84",20.0,404.2,0.0,"2015-07-20","2015-08-03","KONZ.2015.32",14,"Y","KONZ_003.W.20150803","Ok","Ok","Ok","NEON.DOC.014050vG","4ap3oWa44i+OU41AqpNxZie9h1zLMZD/",
"3be68d53-d1a5-4c09-adda-f1c5b9d1f7b2","KONZ_025.basePlot.bet","D06","KONZ","KONZ_025","W","distributed","deciduousForest",39.103999,-96.596164,"WGS84",20.3,339.1,0.2,"2015-07-20","2015-08-03","KONZ.2015.32",14,"Y","KONZ_025.W.20150803","Ok","Ok","Ok","NEON.DOC.014050vG","4ap3oWa44i+OU41AqpNxZie9h1zLMZD/",
"fd8fe830-bce0-46c5-ab1d-9540817c2e30","KONZ_007.basePlot.bet","D06","KONZ","KONZ_007","W","distributed","grasslandHerbaceous",39.086977,-96.544717,"WGS84",20.1,422.6,0.1,"2015-07-20","2015-08-03","KONZ.2015.32",14,"Y","KONZ_007.W.20150803","Ok","Ok","Ok","NEON.DOC.014050vG","wQI+SYME+gr3nKVXMbMGzlxt6VcoOetL",
"07cf9395-bb2f-489e-912c-ebe0d7cda4d5","KONZ_009.basePlot.bet","D06","KONZ","KONZ_009","W","distributed","grasslandHerbaceous",39.107316,-96.585982,"WGS84",20.1,373.1,0.1,"2015-07-20","2015-08-03","KONZ.2015.32",14,"Y","KONZ_009.W.20150803","Ok","Ok","Ok","NEON.DOC.014050vG","4ap3oWa44i+OU41AqpNxZie9h1zLMZD/",
"7cca3eb3-dc5d-405d-bd1b-8cd79bf3f95b","KONZ_008.basePlot.bet","D06","KONZ","KONZ_008","W","distributed","grasslandHerbaceous",39.108081,-96.545369,"WGS84",20.0,383.3,0.0,"2015-07-20","2015-08-03","KONZ.2015.32",14,"Y","KONZ_008.W.20150803","Ok","Ok","Ok","NEON.DOC.014050vG","wQI+SYME+gr3nKVXMbMGzlxt6VcoOetL",
"23506abe-4e9c-45cb-9453-86972fa5ad3b","KONZ_004.basePlot.bet","D06","KONZ","KONZ_004","W","distributed","grasslandHerbaceous",39.110568,-96.550148,"WGS84",20.0,375.1,0.0,"2015-07-20","2015-08-03","KONZ.2015.32",14,"Y","KONZ_004.W.20150803","Ok","Ok","Ok","NEON.DOC.014050vG","wQI+SYME+gr3nKVXMbMGzlxt6VcoOetL",
"1d95c1ad-a9ed-46fa-9bdf-36c63c23a5da","KONZ_001.basePlot.bet","D06","KONZ","KONZ_001","E","distributed","grasslandHerbaceous",39.075067,-96.555875,"WGS84",20.1,437.7,0.1,"2015-07-20","2015-08-03","KONZ.2015.32",14,"Y","KONZ_001.E.20150803","Ok","Ok","Ok","NEON.DOC.014050vG","wQI+SYME+gr3nKVXMbMGzlxt6VcoOetL",
"547ee896-0019-4d83-b753-174e9cf4c0e3","KONZ_008.basePlot.bet","D06","KONZ","KONZ_008","S","distributed","grasslandHerbaceous",39.108081,-96.545369,"WGS84",20.0,383.3,0.0,"2015-08-03","2015-08-17","KONZ.2015.34",14,"Y","KONZ_008.S.20150817","Ok","Ok","Ok","NEON.DOC.014050vG","/sVzRO01Fu+91IQNMsKeUEFazyktd0rY",
"4ec7181d-7a42-4c50-99ad-5f677034345f","KONZ_005.basePlot.bet","D06","KONZ","KONZ_005","S","distributed","grasslandHerbaceous",39.082563,-96.566705,"WGS84",20.0,424.1,0.0,"2015-08-03","2015-08-17","KONZ.2015.34",14,"Y","KONZ_005.S.20150817","Ok","Ok","Ok","NEON.DOC.014050vG","/sVzRO01Fu+91IQNMsKeUEFazyktd0rY",
"47439ebb-6756-4f98-bd3e-a71388534b1a","KONZ_006.basePlot.bet","D06","KONZ","KONZ_006","S","distributed","grasslandHerbaceous",39.071160,-96.588942,"WGS84",20.1,409.5,0.1,"2015-08-03","2015-08-17","KONZ.2015.34",14,"Y","KONZ_006.S.20150817","Ok","Ok","Ok","NEON.DOC.014050vG","/sVzRO01Fu+91IQNMsKeUEFazyktd0rY",
"aba077e0-9922-4fb0-b139-eb9fc5c7b112","KONZ_002.basePlot.bet","D06","KONZ","KONZ_002","S","distributed","grasslandHerbaceous",39.119993,-96.546016,"WGS84",20.0,399.9,0.0,"2015-08-03","2015-08-17","KONZ.2015.34",14,"Y","KONZ_002.S.20150817","Ok","Ok","Ok","NEON.DOC.014050vG","/sVzRO01Fu+91IQNMsKeUEFazyktd0rY",
"dab0c9d0-8e3e-41af-8440-6803b69328a8","KONZ_009.basePlot.bet","D06","KONZ","KONZ_009","S","distributed","grasslandHerbaceous",39.107316,-96.585982,"WGS84",20.1,373.1,0.1,"2015-08-03","2015-08-17","KONZ.2015.34",14,"Y","KONZ_009.S.20150817","Ok","Ok","Ok","NEON.DOC.014050vG","/sVzRO01Fu+91IQNMsKeUEFazyktd0rY",
"d5385b5c-9aa3-4d36-b0a4-59edf2730e4a","KONZ_003.basePlot.bet","D06","KONZ","KONZ_003","S","distributed","grasslandHerbaceous",39.088076,-96.570347,"WGS84",20.0,404.2,0.0,"2015-08-03","2015-08-17","KONZ.2015.34",14,"Y","KONZ_003.S.20150817","Disturbed","Ok","Ok","NEON.DOC.014050vG","/sVzRO01Fu+91IQNMsKeUEFazyktd0rY",
"dc8a7e7d-06ad-4e39-9752-1f87c1e9f589","KONZ_005.basePlot.bet","D06","KONZ","KONZ_005","W","distributed","grasslandHerbaceous",39.082563,-96.566705,"WGS84",20.0,424.1,0.0,"2015-08-03","2015-08-17","KONZ.2015.34",14,"Y","KONZ_005.W.20150817","Ok","Ok","Ok","NEON.DOC.014050vG","/sVzRO01Fu+91IQNMsKeUEFazyktd0rY",
"4514a194-80e0-4100-99f0-3f3a3039e9cf","KONZ_004.basePlot.bet","D06","KONZ","KONZ_004","W","distributed","grasslandHerbaceous",39.110568,-96.550148,"WGS84",20.0,375.1,0.0,"2015-08-03","2015-08-17","KONZ.2015.34",14,"Y","KONZ_004.W.20150817","Ok","Ok","Ok","NEON.DOC.014050vG","/sVzRO01Fu+91IQNMsKeUEFazyktd0rY",
"144bdfb7-372b-4ec7-9038-26432658d422","KONZ_007.basePlot.bet","D06","KONZ","KONZ_007","W","distributed","grasslandHerbaceous",39.086977,-96.544717,"WGS84",20.1,422.6,0.1,"2015-08-03","2015-08-17","KONZ.2015.34",14,"Y","KONZ_007.W.20150817","Ok","Ok","Ok","NEON.DOC.014050vG","/sVzRO01Fu+91IQNMsKeUEFazyktd0rY",
"592c0b8e-1ef1-4485-ae77-476dca0015c0","KONZ_008.basePlot.bet","D06","KONZ","KONZ_008","W","distributed","grasslandHerbaceous",39.108081,-96.545369,"WGS84",20.0,383.3,0.0,"2015-08-03","2015-08-17","KONZ.2015.34",14,"Y","KONZ_008.W.20150817","Ok","Ok","Ok","NEON.DOC.014050vG","/sVzRO01Fu+91IQNMsKeUEFazyktd0rY",
"14250610-24a0-4b83-ba3d-1809b2af82db","KONZ_006.basePlot.bet","D06","KONZ","KONZ_006","W","distributed","grasslandHerbaceous",39.071160,-96.588942,"WGS84",20.1,409.5,0.1,"2015-08-03","2015-08-17","KONZ.2015.34",14,"Y","KONZ_006.W.20150817","Ok","Ok","Ok","NEON.DOC.014050vG","/sVzRO01Fu+91IQNMsKeUEFazyktd0rY",
"2f6963af-3b3a-4a21-bd4b-689279c1c072","KONZ_009.basePlot.bet","D06","KONZ","KONZ_009","W","distributed","grasslandHerbaceous",39.107316,-96.585982,"WGS84",20.1,373.1,0.1,"2015-08-03","2015-08-17","KONZ.2015.34",14,"Y","KONZ_009.W.20150817","Ok","Ok","Ok","NEON.DOC.014050vG","/sVzRO01Fu+91IQNMsKeUEFazyktd0rY",
"56eedd0b-3590-473a-97a5-fc067ce8ee3e","KONZ_025.basePlot.bet","D06","KONZ","KONZ_025","W","distributed","deciduousForest",39.103999,-96.596164,"WGS84",20.3,339.1,0.2,"2015-08-03","2015-08-17","KONZ.2015.34",14,"Y","KONZ_025.W.20150817","Ok","Ok","Ok","NEON.DOC.014050vG","/sVzRO01Fu+91IQNMsKeUEFazyktd0rY",
"25a33444-c199-44a6-a338-c22a1418c570","KONZ_003.basePlot.bet","D06","KONZ","KONZ_003","W","distributed","grasslandHerbaceous",39.088076,-96.570347,"WGS84",20.0,404.2,0.0,"2015-08-03","2015-08-17","KONZ.2015.34",14,"Y","KONZ_003.W.20150817","Ok","Ok","Ok","NEON.DOC.014050vG","/sVzRO01Fu+91IQNMsKeUEFazyktd0rY",
"cef0936a-bb0d-4747-b491-aed9526e4d90","KONZ_001.basePlot.bet","D06","KONZ","KONZ_001","W","distributed","grasslandHerbaceous",39.075067,-96.555875,"WGS84",20.1,437.7,0.1,"2015-08-03","2015-08-17","KONZ.2015.34",14,"Y","KONZ_001.W.20150817","Ok","Ok","Ok","NEON.DOC.014050vG","/sVzRO01Fu+91IQNMsKeUEFazyktd0rY",
"c862514f-9572-4922-8abb-728caacace86","KONZ_002.basePlot.bet","D06","KONZ","KONZ_002","W","distributed","grasslandHerbaceous",39.119993,-96.546016,"WGS84",20.0,399.9,0.0,"2015-08-03","2015-08-17","KONZ.2015.34",14,"Y","KONZ_002.W.20150817","Ok","Ok","Ok","NEON.DOC.014050vG","/sVzRO01Fu+91IQNMsKeUEFazyktd0rY",
"1634e492-13b5-4016-9778-d05e3c73220e","KONZ_007.basePlot.bet","D06","KONZ","KONZ_007","E","distributed","grasslandHerbaceous",39.086977,-96.544717,"WGS84",20.1,422.6,0.1,"2015-08-03","2015-08-17","KONZ.2015.34",14,"Y","KONZ_007.E.20150817","Ok","Ok","Ok","NEON.DOC.014050vG","/sVzRO01Fu+91IQNMsKeUEFazyktd0rY",
"8ec2408c-c573-4c65-b390-61ca0d391dca","KONZ_008.basePlot.bet","D06","KONZ","KONZ_008","E","distributed","grasslandHerbaceous",39.108081,-96.545369,"WGS84",20.0,383.3,0.0,"2015-08-03","2015-08-17","KONZ.2015.34",14,"Y","KONZ_008.E.20150817","Ok","Ok","Ok","NEON.DOC.014050vG","/sVzRO01Fu+91IQNMsKeUEFazyktd0rY",
"48c3681b-414b-48a2-b002-72f2e06a9ec2","KONZ_001.basePlot.bet","D06","KONZ","KONZ_001","E","distributed","grasslandHerbaceous",39.075067,-96.555875,"WGS84",20.1,437.7,0.1,"2015-08-03","2015-08-17","KONZ.2015.34",14,"Y","KONZ_001.E.20150817","Ok","Ok","Ok","NEON.DOC.014050vG","/sVzRO01Fu+91IQNMsKeUEFazyktd0rY",
"c6c99f1c-9506-4180-9d73-d64845b13b9b","KONZ_004.basePlot.bet","D06","KONZ","KONZ_004","E","distributed","grasslandHerbaceous",39.110568,-96.550148,"WGS84",20.0,375.1,0.0,"2015-08-03","2015-08-17","KONZ.2015.34",14,"Y","KONZ_004.E.20150817","Ok","Ok","Ok","NEON.DOC.014050vG","/sVzRO01Fu+91IQNMsKeUEFazyktd0rY",
"cb6d15a5-24dd-4a01-b35a-28a890b2af12","KONZ_025.basePlot.bet","D06","KONZ","KONZ_025","E","distributed","deciduousForest",39.103999,-96.596164,"WGS84",20.3,339.1,0.2,"2015-08-03","2015-08-17","KONZ.2015.34",14,"Y","KONZ_025.E.20150817","Ok","Ok","Ok","NEON.DOC.014050vG","/sVzRO01Fu+91IQNMsKeUEFazyktd0rY",
"f14e34e0-d987-4a53-94c7-b68c9a683522","KONZ_009.basePlot.bet","D06","KONZ","KONZ_009","E","distributed","grasslandHerbaceous",39.107316,-96.585982,"WGS84",20.1,373.1,0.1,"2015-08-03","2015-08-17","KONZ.2015.34",14,"Y","KONZ_009.E.20150817","Ok","Ok","Ok","NEON.DOC.014050vG","/sVzRO01Fu+91IQNMsKeUEFazyktd0rY",
"c2e62049-fc1b-401f-b242-1d2bfec5dcba","KONZ_003.basePlot.bet","D06","KONZ","KONZ_003","E","distributed","grasslandHerbaceous",39.088076,-96.570347,"WGS84",20.0,404.2,0.0,"2015-08-03","2015-08-17","KONZ.2015.34",14,"Y","KONZ_003.E.20150817","Ok","Ok","Ok","NEON.DOC.014050vG","/sVzRO01Fu+91IQNMsKeUEFazyktd0rY",
"b293ffc6-9770-4f6d-9d69-1cf0fb90bbd9","KONZ_005.basePlot.bet","D06","KONZ","KONZ_005","E","distributed","grasslandHerbaceous",39.082563,-96.566705,"WGS84",20.0,424.1,0.0,"2015-08-03","2015-08-17","KONZ.2015.34",14,"Y","KONZ_005.E.20150817","Ok","Ok","Ok","NEON.DOC.014050vG","/sVzRO01Fu+91IQNMsKeUEFazyktd0rY",
"b6807300-dff8-4cb1-b6cf-48aa45cf5add","KONZ_006.basePlot.bet","D06","KONZ","KONZ_006","E","distributed","grasslandHerbaceous",39.071160,-96.588942,"WGS84",20.1,409.5,0.1,"2015-08-03","2015-08-17","KONZ.2015.34",14,"Y","KONZ_006.E.20150817","Ok","Ok","Ok","NEON.DOC.014050vG","/sVzRO01Fu+91IQNMsKeUEFazyktd0rY",
"e78818db-ac5d-483c-8936-ba7ad7dd7719","KONZ_002.basePlot.bet","D06","KONZ","KONZ_002","E","distributed","grasslandHerbaceous",39.119993,-96.546016,"WGS84",20.0,399.9,0.0,"2015-08-03","2015-08-17","KONZ.2015.34",14,"Y","KONZ_002.E.20150817","Ok","Ok","Ok","NEON.DOC.014050vG","/sVzRO01Fu+91IQNMsKeUEFazyktd0rY",
"5caef795-8508-4908-9574-175f26b89977","KONZ_009.basePlot.bet","D06","KONZ","KONZ_009","N","distributed","grasslandHerbaceous",39.107316,-96.585982,"WGS84",20.1,373.1,0.1,"2015-08-03","2015-08-17","KONZ.2015.34",14,"Y","KONZ_009.N.20150817","Ok","Ok","Ok","NEON.DOC.014050vG","/sVzRO01Fu+91IQNMsKeUEFazyktd0rY",
"e9d363e7-34af-4d42-940b-6a17ccec7b48","KONZ_003.basePlot.bet","D06","KONZ","KONZ_003","N","distributed","grasslandHerbaceous",39.088076,-96.570347,"WGS84",20.0,404.2,0.0,"2015-08-03","2015-08-17","KONZ.2015.34",14,"Y","KONZ_003.N.20150817","Ok","Ok","Ok","NEON.DOC.014050vG","/sVzRO01Fu+91IQNMsKeUEFazyktd0rY",
"57d5a422-8d84-474c-8305-024465a1f5c8","KONZ_005.basePlot.bet","D06","KONZ","KONZ_005","N","distributed","grasslandHerbaceous",39.082563,-96.566705,"WGS84",20.0,424.1,0.0,"2015-08-03","2015-08-17","KONZ.2015.34",14,"Y","KONZ_005.N.20150817","Ok","Ok","Ok","NEON.DOC.014050vG","/sVzRO01Fu+91IQNMsKeUEFazyktd0rY",
"0c00478f-5134-41cd-8303-0812531bf03a","KONZ_006.basePlot.bet","D06","KONZ","KONZ_006","N","distributed","grasslandHerbaceous",39.071160,-96.588942,"WGS84",20.1,409.5,0.1,"2015-08-03","2015-08-17","KONZ.2015.34",14,"Y","KONZ_006.N.20150817","Ok","Ok","Ok","NEON.DOC.014050vG","/sVzRO01Fu+91IQNMsKeUEFazyktd0rY",
"2896c998-52fd-40bc-8aad-84a4b5ad5a7c","KONZ_002.basePlot.bet","D06","KONZ","KONZ_002","N","distributed","grasslandHerbaceous",39.119993,-96.546016,"WGS84",20.0,399.9,0.0,"2015-08-03","2015-08-17","KONZ.2015.34",14,"Y","KONZ_002.N.20150817","Ok","Ok","Ok","NEON.DOC.014050vG","/sVzRO01Fu+91IQNMsKeUEFazyktd0rY",
"907ff5dd-0c2c-46ad-a652-f0b10b8744f7","KONZ_007.basePlot.bet","D06","KONZ","KONZ_007","N","distributed","grasslandHerbaceous",39.086977,-96.544717,"WGS84",20.1,422.6,0.1,"2015-08-03","2015-08-17","KONZ.2015.34",14,"Y","KONZ_007.N.20150817","Ok","Ok","Ok","NEON.DOC.014050vG","/sVzRO01Fu+91IQNMsKeUEFazyktd0rY",
"ad66bf5a-588b-46e8-bbdb-a7991e22376d","KONZ_008.basePlot.bet","D06","KONZ","KONZ_008","N","distributed","grasslandHerbaceous",39.108081,-96.545369,"WGS84",20.0,383.3,0.0,"2015-08-03","2015-08-17","KONZ.2015.34",14,"Y","KONZ_008.N.20150817","Ok","Ok","Ok","NEON.DOC.014050vG","/sVzRO01Fu+91IQNMsKeUEFazyktd0rY",
"91debb18-e409-4407-8c3e-ac9fa9f8b1dc","KONZ_001.basePlot.bet","D06","KONZ","KONZ_001","N","distributed","grasslandHerbaceous",39.075067,-96.555875,"WGS84",20.1,437.7,0.1,"2015-08-03","2015-08-17","KONZ.2015.34",14,"Y","KONZ_001.N.20150817","Ok","Ok","Ok","NEON.DOC.014050vG","/sVzRO01Fu+91IQNMsKeUEFazyktd0rY",
"bfd0b91c-8593-4dcc-9d0e-65a80d77e98b","KONZ_004.basePlot.bet","D06","KONZ","KONZ_004","N","distributed","grasslandHerbaceous",39.110568,-96.550148,"WGS84",20.0,375.1,0.0,"2015-08-03","2015-08-17","KONZ.2015.34",14,"Y","KONZ_004.N.20150817","Ok","Ok","Ok","NEON.DOC.014050vG","/sVzRO01Fu+91IQNMsKeUEFazyktd0rY",
"6a7ce2ca-c026-4282-919f-802494e561f5","KONZ_025.basePlot.bet","D06","KONZ","KONZ_025","N","distributed","deciduousForest",39.103999,-96.596164,"WGS84",20.3,339.1,0.2,"2015-08-03","2015-08-17","KONZ.2015.34",14,"Y","KONZ_025.N.20150817","Ok","Ok","Ok","NEON.DOC.014050vG","/sVzRO01Fu+91IQNMsKeUEFazyktd0rY",
"65ee9804-fcab-448c-990f-9402bd42071d","KONZ_004.basePlot.bet","D06","KONZ","KONZ_004","S","distributed","grasslandHerbaceous",39.110568,-96.550148,"WGS84",20.0,375.1,0.0,"2015-08-03","2015-08-17","KONZ.2015.34",14,"Y","KONZ_004.S.20150817","Disturbed","Ok","Ok","NEON.DOC.014050vG","/sVzRO01Fu+91IQNMsKeUEFazyktd0rY","South pitfall trap cup not level with ground."
"987dc342-243d-4b57-b7f9-84d10e23b74a","KONZ_001.basePlot.bet","D06","KONZ","KONZ_001","S","distributed","grasslandHerbaceous",39.075067,-96.555875,"WGS84",20.1,437.7,0.1,"2015-08-03","2015-08-17","KONZ.2015.34",14,"Y","KONZ_001.S.20150817","Ok","Ok","Ok","NEON.DOC.014050vG","/sVzRO01Fu+91IQNMsKeUEFazyktd0rY",
"53f179bf-5390-4a70-b249-4c112ccb5b9b","KONZ_025.basePlot.bet","D06","KONZ","KONZ_025","S","distributed","deciduousForest",39.103999,-96.596164,"WGS84",20.3,339.1,0.2,"2015-08-03","2015-08-17","KONZ.2015.34",14,"Y","KONZ_025.S.20150817","Ok","Ok","Ok","NEON.DOC.014050vG","/sVzRO01Fu+91IQNMsKeUEFazyktd0rY",
"2661adb0-737b-42d0-b3bb-06dfd2d87d37","KONZ_007.basePlot.bet","D06","KONZ","KONZ_007","S","distributed","grasslandHerbaceous",39.086977,-96.544717,"WGS84",20.1,422.6,0.1,"2015-08-03","2015-08-17","KONZ.2015.34",14,"Y","KONZ_007.S.20150817","Ok","Ok","Ok","NEON.DOC.014050vG","/sVzRO01Fu+91IQNMsKeUEFazyktd0rY",
"9ddcd7f8-dce2-4f42-b682-136dc3202bb3","KONZ_025.basePlot.bet","D06","KONZ","KONZ_025","E","distributed","deciduousForest",39.103999,-96.596164,"WGS84",20.3,339.1,0.2,"2015-08-17","2015-08-31","KONZ.2015.36",14,"Y","KONZ_025.E.20150831","Ok","Ok","Ok","NEON.DOC.014050vG","4ap3oWa44i+OU41AqpNxZie9h1zLMZD/",
"2518dd08-d5ab-4322-9321-e0d084a950a6","KONZ_008.basePlot.bet","D06","KONZ","KONZ_008","W","distributed","grasslandHerbaceous",39.108081,-96.545369,"WGS84",20.0,383.3,0.0,"2015-08-17","2015-08-31","KONZ.2015.36",14,"Y","KONZ_008.W.20150831","Ok","Ok","Ok","NEON.DOC.014050vG","wQI+SYME+gr3nKVXMbMGzlxt6VcoOetL",
"0af3af27-6fc8-4314-928d-708fcab9c1a8","KONZ_006.basePlot.bet","D06","KONZ","KONZ_006","E","distributed","grasslandHerbaceous",39.071160,-96.588942,"WGS84",20.1,409.5,0.1,"2015-08-17","2015-08-31","KONZ.2015.36",14,"Y","KONZ_006.E.20150831","Ok","Ok","Ok","NEON.DOC.014050vG","4ap3oWa44i+OU41AqpNxZie9h1zLMZD/",
"c9751449-da64-4298-aa03-07bae1cb0e4d","KONZ_003.basePlot.bet","D06","KONZ","KONZ_003","E","distributed","grasslandHerbaceous",39.088076,-96.570347,"WGS84",20.0,404.2,0.0,"2015-08-17","2015-08-31","KONZ.2015.36",14,"Y","KONZ_003.E.20150831","Disturbed","Ok","Ok","NEON.DOC.014050vG","4ap3oWa44i+OU41AqpNxZie9h1zLMZD/","Disturbed by small animal. Replaced cup due to damage."
"5caac022-bd2b-47a7-98a9-dea95b27c5de","KONZ_005.basePlot.bet","D06","KONZ","KONZ_005","E","distributed","grasslandHerbaceous",39.082563,-96.566705,"WGS84",20.0,424.1,0.0,"2015-08-17","2015-08-31","KONZ.2015.36",14,"Y","KONZ_005.E.20150831","Ok","Ok","Ok","NEON.DOC.014050vG","4ap3oWa44i+OU41AqpNxZie9h1zLMZD/",
"78137f05-3991-4e02-af3e-b7210dc42abb","KONZ_004.basePlot.bet","D06","KONZ","KONZ_004","E","distributed","grasslandHerbaceous",39.110568,-96.550148,"WGS84",20.0,375.1,0.0,"2015-08-17","2015-08-31","KONZ.2015.36",14,"Y","KONZ_004.E.20150831","Ok","Ok","Ok","NEON.DOC.014050vG","wQI+SYME+gr3nKVXMbMGzlxt6VcoOetL",
"4c26a5d5-948e-4856-859c-3ff89a4785bc","KONZ_008.basePlot.bet","D06","KONZ","KONZ_008","E","distributed","grasslandHerbaceous",39.108081,-96.545369,"WGS84",20.0,383.3,0.0,"2015-08-17","2015-08-31","KONZ.2015.36",14,"Y","KONZ_008.E.20150831","Ok","Ok","Ok","NEON.DOC.014050vG","wQI+SYME+gr3nKVXMbMGzlxt6VcoOetL",
"59a2938a-e7ce-4a8c-95e5-0eb36dddf7b9","KONZ_001.basePlot.bet","D06","KONZ","KONZ_001","E","distributed","grasslandHerbaceous",39.075067,-96.555875,"WGS84",20.1,437.7,0.1,"2015-08-17","2015-08-31","KONZ.2015.36",14,"Y","KONZ_001.E.20150831","Ok","Ok","Low","NEON.DOC.014050vG","wQI+SYME+gr3nKVXMbMGzlxt6VcoOetL","Fluids completely dried, some catch alive"
"ea7fa67b-9690-45e5-b966-1ebad8cd5825","KONZ_007.basePlot.bet","D06","KONZ","KONZ_007","E","distributed","grasslandHerbaceous",39.086977,-96.544717,"WGS84",20.1,422.6,0.1,"2015-08-17","2015-08-31","KONZ.2015.36",14,"Y","KONZ_007.E.20150831","Ok","Ok","Ok","NEON.DOC.014050vG","wQI+SYME+gr3nKVXMbMGzlxt6VcoOetL",
"d3ceafe3-a632-48f1-952c-74beacc7b1e6","KONZ_002.basePlot.bet","D06","KONZ","KONZ_002","E","distributed","grasslandHerbaceous",39.119993,-96.546016,"WGS84",20.0,399.9,0.0,"2015-08-17","2015-08-31","KONZ.2015.36",14,"Y","KONZ_002.E.20150831","Ok","Ok","Ok","NEON.DOC.014050vG","wQI+SYME+gr3nKVXMbMGzlxt6VcoOetL",
"6219073a-5e02-48ef-811e-617eaefb7225","KONZ_002.basePlot.bet","D06","KONZ","KONZ_002","N","distributed","grasslandHerbaceous",39.119993,-96.546016,"WGS84",20.0,399.9,0.0,"2015-08-17","2015-08-31","KONZ.2015.36",14,"Y","KONZ_002.N.20150831","Ok","Ok","Ok","NEON.DOC.014050vG","wQI+SYME+gr3nKVXMbMGzlxt6VcoOetL",
"63f76d5e-e8ac-4ab3-93a1-d0dc29513375","KONZ_005.basePlot.bet","D06","KONZ","KONZ_005","N","distributed","grasslandHerbaceous",39.082563,-96.566705,"WGS84",20.0,424.1,0.0,"2015-08-17","2015-08-31","KONZ.2015.36",14,"Y","KONZ_005.N.20150831","Ok","Ok","Ok","NEON.DOC.014050vG","4ap3oWa44i+OU41AqpNxZie9h1zLMZD/",
"5fc1aa38-34fc-48d9-bf0a-20dbae33d25e","KONZ_006.basePlot.bet","D06","KONZ","KONZ_006","N","distributed","grasslandHerbaceous",39.071160,-96.588942,"WGS84",20.1,409.5,0.1,"2015-08-17","2015-08-31","KONZ.2015.36",14,"Y","KONZ_006.N.20150831","Ok","Ok","Ok","NEON.DOC.014050vG","4ap3oWa44i+OU41AqpNxZie9h1zLMZD/",
"54bb9975-e3f3-4060-923a-bf655b4addd7","KONZ_003.basePlot.bet","D06","KONZ","KONZ_003","N","distributed","grasslandHerbaceous",39.088076,-96.570347,"WGS84",20.0,404.2,0.0,"2015-08-17","2015-08-31","KONZ.2015.36",14,"Y","KONZ_003.N.20150831","Ok","Ok","Ok","NEON.DOC.014050vG","4ap3oWa44i+OU41AqpNxZie9h1zLMZD/",
"dd8bb883-4769-4625-95bb-76980d8ebd72","KONZ_009.basePlot.bet","D06","KONZ","KONZ_009","N","distributed","grasslandHerbaceous",39.107316,-96.585982,"WGS84",20.1,373.1,0.1,"2015-08-17","2015-08-31","KONZ.2015.36",14,"Y","KONZ_009.N.20150831","Ok","Ok","Ok","NEON.DOC.014050vG","4ap3oWa44i+OU41AqpNxZie9h1zLMZD/",
"c3bc4def-6daf-465e-9f5a-e2a0ac60de01","KONZ_025.basePlot.bet","D06","KONZ","KONZ_025","N","distributed","deciduousForest",39.103999,-96.596164,"WGS84",20.3,339.1,0.2,"2015-08-17","2015-08-31","KONZ.2015.36",14,"Y","KONZ_025.N.20150831","Ok","Ok","Ok","NEON.DOC.014050vG","4ap3oWa44i+OU41AqpNxZie9h1zLMZD/",
"edcac5e9-7ba7-4803-bcad-2e81977a4d0f","KONZ_004.basePlot.bet","D06","KONZ","KONZ_004","N","distributed","grasslandHerbaceous",39.110568,-96.550148,"WGS84",20.0,375.1,0.0,"2015-08-17","2015-08-31","KONZ.2015.36",14,"Y","KONZ_004.N.20150831","Ok","Ok","Ok","NEON.DOC.014050vG","wQI+SYME+gr3nKVXMbMGzlxt6VcoOetL",
"93b00926-5451-4c4a-a3d6-bbc66b31d788","KONZ_008.basePlot.bet","D06","KONZ","KONZ_008","N","distributed","grasslandHerbaceous",39.108081,-96.545369,"WGS84",20.0,383.3,0.0,"2015-08-17","2015-08-31","KONZ.2015.36",14,"Y","KONZ_008.N.20150831","Ok","Ok","Ok","NEON.DOC.014050vG","wQI+SYME+gr3nKVXMbMGzlxt6VcoOetL",
"c8d53e33-5c12-4222-aa52-f7920a529455","KONZ_001.basePlot.bet","D06","KONZ","KONZ_001","N","distributed","grasslandHerbaceous",39.075067,-96.555875,"WGS84",20.1,437.7,0.1,"2015-08-17","2015-08-31","KONZ.2015.36",14,"Y","KONZ_001.N.20150831","Ok","Ok","Ok","NEON.DOC.014050vG","wQI+SYME+gr3nKVXMbMGzlxt6VcoOetL",
"793da859-176b-40ea-bc03-864f5985ffb9","KONZ_007.basePlot.bet","D06","KONZ","KONZ_007","N","distributed","grasslandHerbaceous",39.086977,-96.544717,"WGS84",20.1,422.6,0.1,"2015-08-17","2015-08-31","KONZ.2015.36",14,"Y","KONZ_007.N.20150831","Ok","Ok","Ok","NEON.DOC.014050vG","wQI+SYME+gr3nKVXMbMGzlxt6VcoOetL",
"a79ec78e-0dc9-47a9-8e4a-9a85f7a5b68c","KONZ_006.basePlot.bet","D06","KONZ","KONZ_006","S","distributed","grasslandHerbaceous",39.071160,-96.588942,"WGS84",20.1,409.5,0.1,"2015-08-17","2015-08-31","KONZ.2015.36",14,"Y","KONZ_006.S.20150831","Ok","Ok","Ok","NEON.DOC.014050vG","4ap3oWa44i+OU41AqpNxZie9h1zLMZD/",
"740a13e7-76e0-45ac-a51f-0d8317986492","KONZ_003.basePlot.bet","D06","KONZ","KONZ_003","S","distributed","grasslandHerbaceous",39.088076,-96.570347,"WGS84",20.0,404.2,0.0,"2015-08-17","2015-08-31","KONZ.2015.36",14,"Y","KONZ_003.S.20150831","Disturbed","Ok","Ok","NEON.DOC.014050vG","4ap3oWa44i+OU41AqpNxZie9h1zLMZD/","Disturbed by small animal"
"c09e58c5-0c7f-4d9b-9099-047fe90ab507","KONZ_005.basePlot.bet","D06","KONZ","KONZ_005","S","distributed","grasslandHerbaceous",39.082563,-96.566705,"WGS84",20.0,424.1,0.0,"2015-08-17","2015-08-31","KONZ.2015.36",14,"Y","KONZ_005.S.20150831","Ok","Ok","Ok","NEON.DOC.014050vG","4ap3oWa44i+OU41AqpNxZie9h1zLMZD/",
"1bc0074d-e5f7-48b7-b562-a221f3ae4bda","KONZ_025.basePlot.bet","D06","KONZ","KONZ_025","S","distributed","deciduousForest",39.103999,-96.596164,"WGS84",20.3,339.1,0.2,"2015-08-17","2015-08-31","KONZ.2015.36",14,"Y","KONZ_025.S.20150831","Ok","Ok","Ok","NEON.DOC.014050vG","4ap3oWa44i+OU41AqpNxZie9h1zLMZD/",
"ca4fe39e-8e72-4528-8187-d5b3adc267f6","KONZ_004.basePlot.bet","D06","KONZ","KONZ_004","S","distributed","grasslandHerbaceous",39.110568,-96.550148,"WGS84",20.0,375.1,0.0,"2015-08-17","2015-08-31","KONZ.2015.36",14,"Y","KONZ_004.S.20150831","Ok","Ok","Ok","NEON.DOC.014050vG","wQI+SYME+gr3nKVXMbMGzlxt6VcoOetL",
"ee0eea9e-cc62-402a-bf61-a62a4696cabb","KONZ_001.basePlot.bet","D06","KONZ","KONZ_001","S","distributed","grasslandHerbaceous",39.075067,-96.555875,"WGS84",20.1,437.7,0.1,"2015-08-17","2015-08-31","KONZ.2015.36",14,"Y","KONZ_001.S.20150831","Ok","Ok","Ok","NEON.DOC.014050vG","wQI+SYME+gr3nKVXMbMGzlxt6VcoOetL",
"8c0798c9-0fe2-4b35-bed3-5ec017e79c24","KONZ_008.basePlot.bet","D06","KONZ","KONZ_008","S","distributed","grasslandHerbaceous",39.108081,-96.545369,"WGS84",20.0,383.3,0.0,"2015-08-17","2015-08-31","KONZ.2015.36",14,"Y","KONZ_008.S.20150831","Ok","Ok","Ok","NEON.DOC.014050vG","wQI+SYME+gr3nKVXMbMGzlxt6VcoOetL",
"9cb9fd95-5420-41db-8c77-2e72094be228","KONZ_002.basePlot.bet","D06","KONZ","KONZ_002","S","distributed","grasslandHerbaceous",39.119993,-96.546016,"WGS84",20.0,399.9,0.0,"2015-08-17","2015-08-31","KONZ.2015.36",14,"Y","KONZ_002.S.20150831","Ok","Ok","Ok","NEON.DOC.014050vG","wQI+SYME+gr3nKVXMbMGzlxt6VcoOetL",
"3945949f-4427-4997-b5f8-349b4f80ee28","KONZ_007.basePlot.bet","D06","KONZ","KONZ_007","S","distributed","grasslandHerbaceous",39.086977,-96.544717,"WGS84",20.1,422.6,0.1,"2015-08-17","2015-08-31","KONZ.2015.36",14,"Y","KONZ_007.S.20150831","Ok","Ok","Ok","NEON.DOC.014050vG","wQI+SYME+gr3nKVXMbMGzlxt6VcoOetL",
"980b0276-c361-460e-8c96-3980755173ac","KONZ_009.basePlot.bet","D06","KONZ","KONZ_009","S","distributed","grasslandHerbaceous",39.107316,-96.585982,"WGS84",20.1,373.1,0.1,"2015-08-17","2015-08-31","KONZ.2015.36",14,"Y","KONZ_009.S.20150831","Ok","Ok","Ok","NEON.DOC.014050vG","4ap3oWa44i+OU41AqpNxZie9h1zLMZD/",
"5526c948-3a38-4029-8e0e-deb7a94c38f2","KONZ_002.basePlot.bet","D06","KONZ","KONZ_002","W","distributed","grasslandHerbaceous",39.119993,-96.546016,"WGS84",20.0,399.9,0.0,"2015-08-17","2015-08-31","KONZ.2015.36",14,"Y","KONZ_002.W.20150831","Ok","Ok","Ok","NEON.DOC.014050vG","wQI+SYME+gr3nKVXMbMGzlxt6VcoOetL",
"b169dc58-3815-4e69-8c48-35401c3f5caa","KONZ_007.basePlot.bet","D06","KONZ","KONZ_007","W","distributed","grasslandHerbaceous",39.086977,-96.544717,"WGS84",20.1,422.6,0.1,"2015-08-17","2015-08-31","KONZ.2015.36",14,"Y","KONZ_007.W.20150831","Ok","Ok","Ok","NEON.DOC.014050vG","wQI+SYME+gr3nKVXMbMGzlxt6VcoOetL",
"bb925686-628c-41d8-bba5-5507797adf50","KONZ_005.basePlot.bet","D06","KONZ","KONZ_005","W","distributed","grasslandHerbaceous",39.082563,-96.566705,"WGS84",20.0,424.1,0.0,"2015-08-17","2015-08-31","KONZ.2015.36",14,"Y","KONZ_005.W.20150831","Ok","Ok","Ok","NEON.DOC.014050vG","4ap3oWa44i+OU41AqpNxZie9h1zLMZD/",
"bf732fd5-0e24-41e5-ba0c-ff2d0a568b1e","KONZ_006.basePlot.bet","D06","KONZ","KONZ_006","W","distributed","grasslandHerbaceous",39.071160,-96.588942,"WGS84",20.1,409.5,0.1,"2015-08-17","2015-08-31","KONZ.2015.36",14,"Y","KONZ_006.W.20150831","Ok","Ok","Ok","NEON.DOC.014050vG","4ap3oWa44i+OU41AqpNxZie9h1zLMZD/",
"0dd279f3-fab3-4ce6-abdb-3741109a6022","KONZ_003.basePlot.bet","D06","KONZ","KONZ_003","W","distributed","grasslandHerbaceous",39.088076,-96.570347,"WGS84",20.0,404.2,0.0,"2015-08-17","2015-08-31","KONZ.2015.36",14,"Y","KONZ_003.W.20150831","Disturbed","Ok","Ok","NEON.DOC.014050vG","4ap3oWa44i+OU41AqpNxZie9h1zLMZD/","Disturbed by small animal"
"f635b83f-8a39-41d4-9a87-00e35a4d3660","KONZ_009.basePlot.bet","D06","KONZ","KONZ_009","W","distributed","grasslandHerbaceous",39.107316,-96.585982,"WGS84",20.1,373.1,0.1,"2015-08-17","2015-08-31","KONZ.2015.36",14,"Y","KONZ_009.W.20150831","Ok","Ok","Ok","NEON.DOC.014050vG","4ap3oWa44i+OU41AqpNxZie9h1zLMZD/",
"4b4db21c-d8e0-4cd4-bb35-d124bb5811d6","KONZ_025.basePlot.bet","D06","KONZ","KONZ_025","W","distributed","deciduousForest",39.103999,-96.596164,"WGS84",20.3,339.1,0.2,"2015-08-17","2015-08-31","KONZ.2015.36",14,"Y","KONZ_025.W.20150831","Ok","Ok","Ok","NEON.DOC.014050vG","4ap3oWa44i+OU41AqpNxZie9h1zLMZD/",
"42b62c6d-62a4-4c0b-9d3e-6da7934f7de4","KONZ_001.basePlot.bet","D06","KONZ","KONZ_001","W","distributed","grasslandHerbaceous",39.075067,-96.555875,"WGS84",20.1,437.7,0.1,"2015-08-17","2015-08-31","KONZ.2015.36",14,"Y","KONZ_001.W.20150831","Ok","Ok","Ok","NEON.DOC.014050vG","wQI+SYME+gr3nKVXMbMGzlxt6VcoOetL",
"9927705f-377c-48b2-a851-f19f54ee381c","KONZ_004.basePlot.bet","D06","KONZ","KONZ_004","W","distributed","grasslandHerbaceous",39.110568,-96.550148,"WGS84",20.0,375.1,0.0,"2015-08-17","2015-08-31","KONZ.2015.36",14,"Y","KONZ_004.W.20150831","Ok","Ok","Ok","NEON.DOC.014050vG","wQI+SYME+gr3nKVXMbMGzlxt6VcoOetL",
"2fe81657-de85-4697-877b-a373f6975ab5","KONZ_009.basePlot.bet","D06","KONZ","KONZ_009","E","distributed","grasslandHerbaceous",39.107316,-96.585982,"WGS84",20.1,373.1,0.1,"2015-08-17","2015-08-31","KONZ.2015.36",14,"Y","KONZ_009.E.20150831","Ok","Ok","Ok","NEON.DOC.014050vG","4ap3oWa44i+OU41AqpNxZie9h1zLMZD/",
