uid,namedLocation,domainID,siteID,plotID,setDate,collectDate,processingDate,subsampleIDList,archiveVialID,scientificName,recordedBy,remarks
"6a73271d-80b7-48b3-aef7-7959618aa675","KONZ_001.basePlot.bet","D06","KONZ","KONZ_001","2015-07-20","2015-08-03","2015-08-05","HFNPNHS/o8XPUZEVZnyshLWS1FFXLcR/gGg6WcW852ml4RfHNaXeS4QZwTAbw+DyZVKbduwLY8aZKU90gt+CKSf4lnwfpMcFhoFGxQPU/aw=","HFNPNHS/o8W6+0r33+QVISWf7wRQ6KST",,,
"74bf11da-852e-4547-ac5d-8b2728d2e612","KONZ_005.basePlot.bet","D06","KONZ","KONZ_005","2015-07-20","2015-08-03","2015-08-06","sLTlFxIy7/g0zvwXmK6S+deLh/GGkEywvkmKfQxIyi7fxufe9hWFLsfM7nYyLEr+XLu0p1eKJXA=","sLTlFxIy7/gRFqX6PkcAztEs8OlizanV",,,
"1b489250-4493-49b2-b340-8720ee7616b3","KONZ_005.basePlot.bet","D06","KONZ","KONZ_005","2015-07-20","2015-08-03","2015-08-06","sLTlFxIy7/i5wcKdTwyJQE2QWNVa6132ONu+e+5hTeqthOkQyQZKOIR07ItrXLmxG5RXsZV8sOM=","sLTlFxIy7/gRFqX6PkcAzhSoq7O84PGm",,,
"7c257af9-60fd-4744-96d8-06a8250b3b4d","KONZ_006.basePlot.bet","D06","KONZ","KONZ_006","2015-07-20","2015-08-03","2015-08-10","eO41eOee7nhRvbi34S5VOYHCQHl3tijDk6vq+Pz97TMy98Y/euIYuSG4gMOLb8FRm4EPhwZigS4eqRVq1IGL/kYMP3Z3IcIt8OIOQNMpqvmmZ4NoXm5ol3zj1w+JaA4Gqpt2k2QvV/Y=","eO41eOee7ngjcGbrrvOh1s6KG5Nt69hH",,,
"1f5d3b5b-b423-4ca1-9fa5-ad916ecb2a96","KONZ_003.basePlot.bet","D06","KONZ","KONZ_003","2015-07-20","2015-08-03","2015-08-06","KsyoFpuhSbKT5wZId01de7rnUe/mbUwZ6vD5c3xrHBVRJ8gMcHawK7WL5KaqGniEHMuh+eQqBTTQZ1yawogUPjwtb7kzBaGUIySgpK/3JGkFvo2DH/z1n0Q9Bhe6Wb1PBOTPxPBPVzg=","KsyoFpuhSbLPD0lZR3n9ezo4Lt53W2XP",,,
"cfc5b618-8987-4a58-869f-bf7676aee3a1","KONZ_007.basePlot.bet","D06","KONZ","KONZ_007","2015-07-20","2015-08-03","2015-08-05","f11juJKcl7KitB47Ycg3OTNlCHNe1RBBiMVPcrEY3cFwX6VTPHSNjFLxd7AzU6XXSOPe2CofFnA=","f11juJKcl7K5vEKVrSMzJlbgB0fGRTNI",,,
"4cbe6504-5c4b-4376-a2d5-239050eaed8c","KONZ_009.basePlot.bet","D06","KONZ","KONZ_009","2015-07-20","2015-08-03","2015-08-05","80BkEGzwD8Z+hvN73eG7CU6yCqkNU6H3UujuIYQTNcubuXk+KTy9JOqYtaZ09iE6bTRPPLGh+5lOzm7X0/G9EK/4V1pW3PwHRlpqU+VX1YN2WS0YsTDZL9tyHCClY0esqx9Wx4HDw7o=","80BkEGzwD8Zvv/tOQw+g4oVzng86PcMB",,,
"b3bb4eb7-f411-4406-84cc-7005cd69c5d5","KONZ_008.basePlot.bet","D06","KONZ","KONZ_008","2015-07-20","2015-08-03","2015-08-10","R/i9Sy8Froum124ywlVYUP4gVP8fX+f0KLuFnHxDaFphFfgv5NFg6K3PxB2C4GCZuCcfqpjNkGq8ySmZZLzR/DCzrsaaqY1A+h68v+8PaFVt2PZQe0s8boz1GBHk1WYnsvc0YPSkXbU=","R/i9Sy8Frov1tPYUF0y3900xoVjthIgW",,,
"9c222e38-cd07-4d45-bd8b-255764c44c75","KONZ_025.basePlot.bet","D06","KONZ","KONZ_025","2015-07-20","2015-08-03","2015-08-04","dZsQaO9YC654UGzAtr7R4UBqDUO7ZlYBm8KQVRX5xVWAXXNy7YaHAq6wPg3k++biCEfOhnF2u7q9d2Kso3uOXoAZiSsZ83xMOJSqfo2N2BZk9o25Oj03QCIN+ll1IHNYNt4M7fyv464=","dZsQaO9YC67u3PzGXEeo7lUXrbR/JSZS",,,
"9c7cd4e6-9fba-4adf-9b7a-ed61ba37bbeb","KONZ_007.basePlot.bet","D06","KONZ","KONZ_007","2015-07-20","2015-08-03","2015-08-05","f11juJKcl7Ld05dxbwkLyMoaqK8yAFWuGgMxh7C71aRuKJrzKMQJjL21Xur6MNWqCQmlaM3sto8=","f11juJKcl7K5vEKVrSMzJogw+Qlt0epm",,,
"1369ab1e-96e6-46b9-9289-42259417c922","KONZ_006.basePlot.bet","D06","KONZ","KONZ_006","2015-08-03","2015-08-17","2015-08-20","eO41eOee7nj3AyWZUK6dxuiyEVOK6G/72wwCeDjMmDD+1PF6iQGKYobfxLfgqt20kL2V47H5045oD0ia4m4dBRWmFft/iwI60AIm2IQc1UIzovKZB4CasjQEzwsxirPq85TjLGrAuvk=","eO41eOee7nhfAysQjls81tNbfKFRj6EG",,,
"047ac9e8-e2c1-4221-9c07-c4d4772a887e","KONZ_001.basePlot.bet","D06","KONZ","KONZ_001","2015-08-03","2015-08-17","2015-08-18","HFNPNHS/o8XPUZEVZnyshFFUKmjW4ypNios/2d2bFcNZuC6/sxdQk53I3NtUAhk15WYQg5RVptg=","HFNPNHS/o8VZ9PXPh5fvuukRE60hQTPh",,,
"67e0e679-c09f-421b-811b-8e483bbfab8c","KONZ_001.basePlot.bet","D06","KONZ","KONZ_001","2015-08-03","2015-08-17","2015-08-18","HFNPNHS/o8WJPS01kRqw7aSDLkNkxW4K3xm8B7MjORhR7qdKnVxHbideIR4Qs3/3xAk0ekwyzOk=","HFNPNHS/o8VZ9PXPh5fvusqtdZJeNt1/",,,
"8aceff83-ac5e-4666-b585-ffe680ddc8d2","KONZ_003.basePlot.bet","D06","KONZ","KONZ_003","2015-08-03","2015-08-17","2015-08-18","KsyoFpuhSbKT5wZId01deyYtmjD7JAfJ0K6GkuBUE6a+pcOSbZR9OXrX4RG0anZxZ/e1SRNlMV+/NDhxsYTRfu5rzPll4xYELpI+y2oc8sxtAFpw95rXFTmdBYkV80sV94to6VOJNEE=","KsyoFpuhSbJHVVSC6HDITHNzqsiLfFPS",,,
"40477bd9-a7a3-49b5-bc74-93bdfe466d86","KONZ_004.basePlot.bet","D06","KONZ","KONZ_004","2015-08-03","2015-08-17","2015-08-18","7tcdU9lcb1jNrE/axflgr8CeVU9L2YaYMpSft8bXXOCUMxHryTWtzuAinC8beOJ3Zis78TJubgTm65DSo6TteISNb76ruz5y6NHcZ6NjgeGrsvw10glPy0oFXi9l6WpgSuIV9xlDor8=","7tcdU9lcb1h01sR3y+jLltDu9m3E3sE0",,,
"ed01b1dd-6028-49fa-98fe-146ba8e95dc6","KONZ_005.basePlot.bet","D06","KONZ","KONZ_005","2015-08-03","2015-08-17","2015-08-19","sLTlFxIy7/i5wcKdTwyJQBEWLMzaEW/eNjRdBIUE9qiK9g6er72JPHzZyZyAtSLVnxWY/MwGAETjoyF3mMfCkAi0uGEWxKKpdykcrfjv1Sw=","sLTlFxIy7/il58y16tMLe46UCrbFnO4m",,,
"f8a4f679-5535-430c-97c9-1c05e85c2254","KONZ_008.basePlot.bet","D06","KONZ","KONZ_008","2015-08-03","2015-08-17","2015-08-20","R/i9Sy8FroutjMTNHNshKRSdm3rsVAqsId+8wwnwfVHmlqClh4s7GswRkw8ydMkkSDD6sdi799Pn1tT+9MSu1d+HxejNGTOynrOtYYQJS4NyCJicsHP9kzQzM7CUcS8ZoQOuR8Vljek=","R/i9Sy8FrotqBJvDASySXkheXicTYkb6",,,
"f32d2383-2ea7-44b8-b3e9-d2d270c7f5f3","KONZ_009.basePlot.bet","D06","KONZ","KONZ_009","2015-08-03","2015-08-17","2015-08-19","80BkEGzwD8Z+hvN73eG7CRG1KCnNJyUS2CXAE5x5X3webIkNBjFwNC3xEt0SX+qcPYRBFpFS5LE=","80BkEGzwD8aHUUSDUzkOjsloVQ6S3Dxa",,,
"530faccd-7774-437a-b78f-479aed0bd225","KONZ_009.basePlot.bet","D06","KONZ","KONZ_009","2015-08-03","2015-08-17","2015-08-19","80BkEGzwD8ZoFVOT95V9S/dMUCS4AmpWDCaExM0WTB5z00Z4G5Y0eH0MdBEu90f+UdvSYEpSWok=","80BkEGzwD8aHUUSDUzkOjo6Ea4V7gOVq",,,
"82c6d0ba-74ae-47ab-a5c5-307b6b2873a5","KONZ_025.basePlot.bet","D06","KONZ","KONZ_025","2015-08-03","2015-08-17","2015-08-20","dZsQaO9YC654UGzAtr7R4XpdnFT9M5bQVJs4wrS7scZPiq3BFSIqKhmqRBfml9r4WxHVe0mBo5r0O0xClWM5hRhjUCshx50gw8vBV2X+8qahe1z9hY4BFXn27ajz+Zoj4t7qqwhfsHg=","dZsQaO9YC64Tqn8nm/tOWm0GE0+nMupy",,,
"30218f15-e37d-4ccb-9b19-3125dec46cde","KONZ_025.basePlot.bet","D06","KONZ","KONZ_025","2015-08-17","2015-08-31","2015-09-14","dZsQaO9YC67CJ/evj2TQkml1xcgVA0M8JTVPmFG8rwC3usM0jB0I0LcGekSPLIAzk9Uwqxo1nwl5Qxe9pdvhq2Q6U52cnsMvawDtHrGnQZ1CkCVAsXBiumzdhqT0MD7fnnsOJbXIqAw=","dZsQaO9YC67Orz/l8tYwbMQWr3s+12c8",,,
"d95b2b2f-7972-4e94-808d-31984568312d","KONZ_008.basePlot.bet","D06","KONZ","KONZ_008","2015-08-17","2015-08-31","2015-09-09","R/i9Sy8FroutjMTNHNshKSBU0kkmycI3UWLGpfqyPTXEQ6THaaQj/K+ry+EcKa98gGNmfFluhr7ljL5zoiyYqL93i3z23AiMyuzr7r3joZTUuyaz2LEYQe+6J0yR/a3bGAUopkr0HAc=","R/i9Sy8FrosJhLn6t6ehnEud/+nmMQUO",,,
"af422cb0-3898-4759-8c99-d86bebfe3fe5","KONZ_007.basePlot.bet","D06","KONZ","KONZ_007","2015-08-17","2015-08-31","2015-09-09","f11juJKcl7KitB47Ycg3OT5WZiNsTluMHWMelwsql3oYAU8dkNxUbyvu686SW/OFr7GHqeE0SuS9TqY3Ob5KPEq5EYGAc4GS4TVx8L5KIqG1tSEmR6RWynC3cvnJQrlz2amDuP6rteY=","f11juJKcl7JYEuGhFaqSeCNGSm1ACs2j",,,
"e1538916-a9ed-4bd0-b02a-66f5c4cbc70c","KONZ_009.basePlot.bet","D06","KONZ","KONZ_009","2015-08-17","2015-08-31","2015-09-11","80BkEGzwD8Z+hvN73eG7CTSfvTgb9zMsCPXUPHIeYRxIzg93DjNMTqDlcS6QwIGe4Hu8tfLae521LGw1DNvWI8B9QRmAun31UAftHAWpwBCOfgtv4qLBVoLEkYhyApS34VzbOvCaRpA=","80BkEGzwD8bawOBwPWW5tBDTnKn2UN98",,,
"66ee8d8e-d338-417d-889c-d2958ec335d9","KONZ_004.basePlot.bet","D06","KONZ","KONZ_004","2015-08-17","2015-08-31","2015-09-09","7tcdU9lcb1jfTjJFpzcEI9G89lrKVYe3SuISyW3GowT321OY1qRdiHTEiVy6/b7yDHLuvryTfShILZhoRhHQczHkEKHQXMlgAgKS1+b7s7FvMy8Wcm3iivoOe2DL86k6mcU36Ml1ndE=","7tcdU9lcb1hPc5PXxOIVXhMhpZpdi6Lm",,,
"933de09d-6731-43c2-99dd-79abdebcd432","KONZ_002.basePlot.bet","D06","KONZ","KONZ_002","2015-08-17","2015-08-31","2015-09-14","hd4HYDqAwpL2Wm0+In+JeteLgq8IxWNWCYYzJfVopcUVlkshrc5MwYCxT/y7cSv1Y7O5rF1+zjFAnuGxKs6Q/0wWGo97ddFwWa4wkhakUQ4t5zwtTw7V98yJWed/LQFLh6xFAupSUn4=","hd4HYDqAwpLDgXhg+NM85mRkaYjlL+Ua",,,
"47677ade-4b31-44c8-bfcf-751d964dec74","KONZ_006.basePlot.bet","D06","KONZ","KONZ_006","2015-08-17","2015-08-31","2015-09-04","eO41eOee7nj3AyWZUK6dxurraho7NUOvdfCrUuy34HHv8+WSalzwv2VQrKCC2eSmdk87pdSk750=","eO41eOee7njqCqS4YD3r9czE5kqZ+ZWR",,,
"bd2b2acf-3b6d-4267-8df4-28526bf23e0e","KONZ_006.basePlot.bet","D06","KONZ","KONZ_006","2015-08-17","2015-08-31","2015-09-04","eO41eOee7njktXj4zKCFHAUsv4xu3B/T5OmnZufQby6kwQEjnGUPI7uO4zjlvdc/MlMgZD8ANJ0=","eO41eOee7njqCqS4YD3r9QKxSuxdVZ5/",,,
"404cdafc-d76f-4fd3-87ef-23e6a3639b79","KONZ_003.basePlot.bet","D06","KONZ","KONZ_003","2015-08-17","2015-08-31","2015-09-11","KsyoFpuhSbIUChjZYg957HVU+ceCKe2ss+xCFPPpO7fDQGJ2M0hzP+B3k1iM4fSbxKTdW8gBxHebT1gC1S447N0JjislBHtPHIPftuWTELSNoVEQJ9Dbk97pffyzf6e/Ibj5BnhUxAI=","KsyoFpuhSbKI+76Vj5EpT+2njNWScYRM",,,
"30960ece-853d-4c3c-867c-4b4d8207340f","KONZ_001.basePlot.bet","D06","KONZ","KONZ_001","2015-08-17","2015-08-31","2015-09-09","HFNPNHS/o8VCMLZXgxcAxz9u3v25rpWNtzlN1cIXmW3JfrTKSZH7kUksTuI05fkfHpi87T18amc=","HFNPNHS/o8UFZolvhG3tzzg8mkjuBib1",,,
"63842f9d-89f3-4ed2-940e-66b3f6b96518","KONZ_001.basePlot.bet","D06","KONZ","KONZ_001","2015-08-17","2015-08-31","2015-09-09","HFNPNHS/o8WJvvi4WMrVYP8o+eDCiVp3H0kWJQoWWTVWtxIDYbWAyNpa/bgma5QjOun4u6nkwnM=","HFNPNHS/o8UFZolvhG3tz0IGMZfX40Os",,,
