uid,namedLocation,domainID,siteID,plotID,trapID,setDate,collectDate,processingDate,etOHChangeDate,identifiedDate,sampleID,subsampleID,sampleType,taxonID,scientificName,taxonRank,identificationQualifier,scientificNameAuthorship,morphospeciesID,individualCount,identificationReferences,identifiedBy,recordedBy,remarks
"d25e4f24-4efd-426d-af88-6b74c2959079","KONZ_005.basePlot.bet","D06","KONZ","KONZ_005","E","2015-07-20","2015-08-03","2015-08-04","2015-08-06","2015-12-02","KONZ_005.E.20150803","sLTlFxIy7/iDoTOmj5skvrfh+4uS3frH5SJYSBZUHuo=","carabid","CARSP14","Carabidae sp.","family",,"Latreille","D06.2015.MorphG",5,"Other","uXSN77Q7x9cACyt+x8PEhxuBjTDRBKZV","77todYjt/jkEGWUHO3SI0BRlGpUHn9Xh","Metallic green big headed tiger beetle. Megacephala sp."
"1711f484-04b2-4c47-826d-d73dfb45fe27","KONZ_005.basePlot.bet","D06","KONZ","KONZ_005","E","2015-07-20","2015-08-03","2015-08-04","2015-08-06","2015-12-02","KONZ_005.E.20150803","sLTlFxIy7/iDoTOmj5skvuSEwJOMe53GzNMipb2ol8M=","carabid","PASCAL","Pasimachus californicus","species",,"Chaudoir",,3,"Purrington, F., and C. J. Drake. 2005. A key to adult Nearctic Pasimachus (Pasimachus) Bonelli (Coleoptera: Carabidae: Scaritini), with comments on their functional mouthpart morphology. Entomological News 116:253-262.","uXSN77Q7x9cACyt+x8PEhxuBjTDRBKZV","77todYjt/jkEGWUHO3SI0BRlGpUHn9Xh",
"417c9d97-c6ac-4a4c-a09d-311a6b42bafa","KONZ_005.basePlot.bet","D06","KONZ","KONZ_005","E","2015-07-20","2015-08-03","2015-08-04","2015-08-06",,"KONZ_005.E.20150803","sLTlFxIy7/iDoTOmj5skvuXJGgkXZgZk1LUHy6xsWJ8=","invert bycatch",,,,,,,,,,"77todYjt/jkEGWUHO3SI0BRlGpUHn9Xh",
"4b2c049d-cbca-4d12-b54a-b2546f81d10e","KONZ_003.basePlot.bet","D06","KONZ","KONZ_003","E","2015-07-20","2015-08-03","2015-08-04","2015-08-06",,"KONZ_003.E.20150803","KsyoFpuhSbLYrqRt/du34ag20WFGLer9svywnaXv684=","invert bycatch",,,,,,,,,,"77todYjt/jkEGWUHO3SI0BRlGpUHn9Xh",
"99cc27f6-cb37-47a2-9353-b1ae0ad9fb44","KONZ_009.basePlot.bet","D06","KONZ","KONZ_009","E","2015-07-20","2015-08-03","2015-08-04","2015-08-05",,"KONZ_009.E.20150803","80BkEGzwD8ZoFVOT95V9S01ZnG8P+eSET5MgwVgDjKs=","invert bycatch",,,,,,,,,,"wQI+SYME+gr3nKVXMbMGzlxt6VcoOetL",
"f6f6ff9e-6a91-45cb-9ba9-54df1a155de7","KONZ_007.basePlot.bet","D06","KONZ","KONZ_007","N","2015-07-20","2015-08-03","2015-08-04","2015-08-05","2015-12-02","KONZ_007.N.20150803","f11juJKcl7Kn7RrE1HWVPUzWpCc5RFc9jrDXYWEPyeg=","carabid","PASELO","Pasimachus elongatus","species",,"LeConte",,1,"Purrington, F., and C. J. Drake. 2005. A key to adult Nearctic Pasimachus (Pasimachus) Bonelli (Coleoptera: Carabidae: Scaritini), with comments on their functional mouthpart morphology. Entomological News 116:253-262.","uXSN77Q7x9cACyt+x8PEhxuBjTDRBKZV","wQI+SYME+gr3nKVXMbMGzlxt6VcoOetL",
"6be74ef8-fb90-4ffe-92a7-86d8750b6a99","KONZ_008.basePlot.bet","D06","KONZ","KONZ_008","N","2015-07-20","2015-08-03","2015-08-04","2015-08-10","2015-12-02","KONZ_008.N.20150803","R/i9Sy8FroutjMTNHNshKXkGjlTgLiGIKs0pxBuwLY8=","carabid","CARSP14","Carabidae sp.","family",,"Latreille","D06.2015.MorphG",1,"Other","uXSN77Q7x9cACyt+x8PEhxuBjTDRBKZV","77todYjt/jkEGWUHO3SI0BRlGpUHn9Xh","Metallic green big headed tiger beetle. Megacephala sp."
"da3759fd-4701-41cb-96af-a4563edde020","KONZ_005.basePlot.bet","D06","KONZ","KONZ_005","N","2015-07-20","2015-08-03","2015-08-04","2015-08-06","2015-12-02","KONZ_005.N.20150803","sLTlFxIy7/if1TYE7UtrObLZ8osvlvyj360Vn+kjiSo=","carabid","PASCAL","Pasimachus californicus","species",,"Chaudoir",,1,"Purrington, F., and C. J. Drake. 2005. A key to adult Nearctic Pasimachus (Pasimachus) Bonelli (Coleoptera: Carabidae: Scaritini), with comments on their functional mouthpart morphology. Entomological News 116:253-262.","uXSN77Q7x9cACyt+x8PEhxuBjTDRBKZV","77todYjt/jkEGWUHO3SI0BRlGpUHn9Xh",
"44f1967b-ec2f-48f9-a809-f1cfca45935c","KONZ_005.basePlot.bet","D06","KONZ","KONZ_005","N","2015-07-20","2015-08-03","2015-08-04","2015-08-06",,"KONZ_005.N.20150803","sLTlFxIy7/if1TYE7UtrOfHTfX9nCfOVF3elzoCja7g=","invert bycatch",,,,,,,,,,"77todYjt/jkEGWUHO3SI0BRlGpUHn9Xh",
"6e3a8d6b-9c3a-490d-9474-299fbf4f1911","KONZ_002.basePlot.bet","D06","KONZ","KONZ_002","N","2015-07-20","2015-08-03","2015-08-04","2015-08-06","2015-12-02","KONZ_002.N.20150803","hd4HYDqAwpL2Wm0+In+JevcN25t43KmJf2JGjgyJXb8=","carabid","PASCAL","Pasimachus californicus","species",,"Chaudoir",,7,"Purrington, F., and C. J. Drake. 2005. A key to adult Nearctic Pasimachus (Pasimachus) Bonelli (Coleoptera: Carabidae: Scaritini), with comments on their functional mouthpart morphology. Entomological News 116:253-262.","uXSN77Q7x9cACyt+x8PEhxuBjTDRBKZV","77todYjt/jkEGWUHO3SI0BRlGpUHn9Xh",
"05cd5339-5a02-472f-9905-bb2c1e875dac","KONZ_007.basePlot.bet","D06","KONZ","KONZ_007","N","2015-07-20","2015-08-03","2015-08-04","2015-08-05",,"KONZ_007.N.20150803","f11juJKcl7Kn7RrE1HWVPbsOr4l/aD9lMXivKDHEf5I=","invert bycatch",,,,,,,,,,"wQI+SYME+gr3nKVXMbMGzlxt6VcoOetL",
"af1c9c71-273b-4556-b30b-d6180205d093","KONZ_004.basePlot.bet","D06","KONZ","KONZ_004","N","2015-07-20","2015-08-03","2015-08-04","2015-08-07","2015-12-02","KONZ_004.N.20150803","7tcdU9lcb1jPbQfubaKjEKbeCL6bcrHKW/WbqrNQF1A=","carabid","PASCAL","Pasimachus californicus","species",,"Chaudoir",,11,"Purrington, F., and C. J. Drake. 2005. A key to adult Nearctic Pasimachus (Pasimachus) Bonelli (Coleoptera: Carabidae: Scaritini), with comments on their functional mouthpart morphology. Entomological News 116:253-262.","uXSN77Q7x9cACyt+x8PEhxuBjTDRBKZV","77todYjt/jkEGWUHO3SI0BRlGpUHn9Xh",
"3a27ac36-ba86-4d6c-a0f3-6f1dc36d8b08","KONZ_004.basePlot.bet","D06","KONZ","KONZ_004","N","2015-07-20","2015-08-03","2015-08-04","2015-08-07",,"KONZ_004.N.20150803","7tcdU9lcb1jPbQfubaKjEFnqFIPf8+YrysiAQXhmt4A=","invert bycatch",,,,,,,,,,"77todYjt/jkEGWUHO3SI0BRlGpUHn9Xh","All traps from this plot contained carabids and all bycatch from the plot pooled into one single vial."
"1e76eec7-055f-45cb-8398-9f2b955de526","KONZ_025.basePlot.bet","D06","KONZ","KONZ_025","N","2015-07-20","2015-08-03","2015-08-04","2015-08-04",,"KONZ_025.N.20150803","dZsQaO9YC65sGOV0aokX3EO1ZSO2aERWDwATP3jQxb0=","invert bycatch",,,,,,,,,,"77todYjt/jkEGWUHO3SI0BRlGpUHn9Xh",
"85e902d1-7553-4b5b-91a5-88acfb0b38db","KONZ_008.basePlot.bet","D06","KONZ","KONZ_008","N","2015-07-20","2015-08-03","2015-08-04","2015-08-10","2015-12-02","KONZ_008.N.20150803","R/i9Sy8FroutjMTNHNshKYydYxWOEm1C6ysrg6qQ6dw=","carabid","PASCAL","Pasimachus californicus","species",,"Chaudoir",,4,"Purrington, F., and C. J. Drake. 2005. A key to adult Nearctic Pasimachus (Pasimachus) Bonelli (Coleoptera: Carabidae: Scaritini), with comments on their functional mouthpart morphology. Entomological News 116:253-262.","uXSN77Q7x9cACyt+x8PEhxuBjTDRBKZV","77todYjt/jkEGWUHO3SI0BRlGpUHn9Xh",
"83334204-3acb-41de-a158-f17565881724","KONZ_008.basePlot.bet","D06","KONZ","KONZ_008","N","2015-07-20","2015-08-03","2015-08-04","2015-08-10",,"KONZ_008.N.20150803","R/i9Sy8FroutjMTNHNshKdNMbjP+BLsOCuvZVplS4tU=","invert bycatch",,,,,,,,,,"77todYjt/jkEGWUHO3SI0BRlGpUHn9Xh",
"ce564c61-c39e-40f4-89a1-0c43c66fa09c","KONZ_001.basePlot.bet","D06","KONZ","KONZ_001","N","2015-07-20","2015-08-03","2015-08-04","2015-08-05",,"KONZ_001.N.20150803","HFNPNHS/o8WJPS01kRqw7UX3DVW8evbCddT/tq52mmI=","invert bycatch",,,,,,,,,,"wQI+SYME+gr3nKVXMbMGzlxt6VcoOetL",
"dc018fa6-3d26-4f7a-93f7-6e4c2f4794c2","KONZ_005.basePlot.bet","D06","KONZ","KONZ_005","N","2015-07-20","2015-08-03","2015-08-04","2015-08-06","2015-12-02","KONZ_005.N.20150803","sLTlFxIy7/if1TYE7UtrOTpAjefDLbmYXN+7+Xmz35k=","carabid","CARSP14","Carabidae sp.","family",,"Latreille","D06.2015.MorphG",1,"Other","uXSN77Q7x9cACyt+x8PEhxuBjTDRBKZV","77todYjt/jkEGWUHO3SI0BRlGpUHn9Xh","Metallic green big headed tiger beetle. Megacephala sp."
"f17d529e-a5b0-4ccd-9d93-152ff5e5b9e1","KONZ_006.basePlot.bet","D06","KONZ","KONZ_006","N","2015-07-20","2015-08-03","2015-08-04","2015-08-10","2015-12-02","KONZ_006.N.20150803","eO41eOee7nhRvbi34S5VOTYaRtHRdhNHx8Ez7IKNnlA=","carabid","PASELO","Pasimachus elongatus","species",,"LeConte",,1,"Purrington, F., and C. J. Drake. 2005. A key to adult Nearctic Pasimachus (Pasimachus) Bonelli (Coleoptera: Carabidae: Scaritini), with comments on their functional mouthpart morphology. Entomological News 116:253-262.","uXSN77Q7x9cACyt+x8PEhxuBjTDRBKZV","77todYjt/jkEGWUHO3SI0BRlGpUHn9Xh",
"4f057c87-131d-4a1e-9695-e3649951d4c4","KONZ_006.basePlot.bet","D06","KONZ","KONZ_006","N","2015-07-20","2015-08-03","2015-08-04","2015-08-10",,"KONZ_006.N.20150803","eO41eOee7nhRvbi34S5VOYHCQHl3tijDfb3j6av/qI4=","invert bycatch",,,,,,,,,,"77todYjt/jkEGWUHO3SI0BRlGpUHn9Xh",
"53e2eda7-204b-4c74-a77c-493b6e30bb86","KONZ_002.basePlot.bet","D06","KONZ","KONZ_002","N","2015-07-20","2015-08-03","2015-08-04","2015-08-06",,"KONZ_002.N.20150803","hd4HYDqAwpL2Wm0+In+JeskmaCNSR2qMz4z7PQq+0m4=","invert bycatch",,,,,,,,,,"77todYjt/jkEGWUHO3SI0BRlGpUHn9Xh","All traps from this plot contained carabids and all bycatch from the plot pooled into one single vial."
"bab6645a-33d1-4da4-9e4d-a7e00666dde3","KONZ_007.basePlot.bet","D06","KONZ","KONZ_007","N","2015-07-20","2015-08-03","2015-08-04","2015-08-05","2015-12-02","KONZ_007.N.20150803","f11juJKcl7Kn7RrE1HWVPV9Whtm9wj1ubNyqD2N1bno=","carabid","PASCAL","Pasimachus californicus","species",,"Chaudoir",,5,"Purrington, F., and C. J. Drake. 2005. A key to adult Nearctic Pasimachus (Pasimachus) Bonelli (Coleoptera: Carabidae: Scaritini), with comments on their functional mouthpart morphology. Entomological News 116:253-262.","uXSN77Q7x9cACyt+x8PEhxuBjTDRBKZV","wQI+SYME+gr3nKVXMbMGzlxt6VcoOetL",
"234c8897-bb60-4651-a908-4874facf8d3d","KONZ_003.basePlot.bet","D06","KONZ","KONZ_003","N","2015-07-20","2015-08-03","2015-08-04","2015-08-06",,"KONZ_003.N.20150803","KsyoFpuhSbKT5wZId01de7rnUe/mbUwZdjEGQf79eKE=","invert bycatch",,,,,,,,,,"77todYjt/jkEGWUHO3SI0BRlGpUHn9Xh",
"7adf6b01-6b15-43a9-93ec-ffcef0e5decc","KONZ_003.basePlot.bet","D06","KONZ","KONZ_003","N","2015-07-20","2015-08-03","2015-08-04","2015-08-06","2015-12-02","KONZ_003.N.20150803","KsyoFpuhSbKT5wZId01de4rEd90X1CKBA7SubysBa9k=","carabid","PASCAL","Pasimachus californicus","species",,"Chaudoir",,3,"Purrington, F., and C. J. Drake. 2005. A key to adult Nearctic Pasimachus (Pasimachus) Bonelli (Coleoptera: Carabidae: Scaritini), with comments on their functional mouthpart morphology. Entomological News 116:253-262.","uXSN77Q7x9cACyt+x8PEhxuBjTDRBKZV","77todYjt/jkEGWUHO3SI0BRlGpUHn9Xh",
"c4353e20-4f58-4c0e-8c6a-0b57c4c469cf","KONZ_009.basePlot.bet","D06","KONZ","KONZ_009","N","2015-07-20","2015-08-03","2015-08-04","2015-08-05",,"KONZ_009.N.20150803","80BkEGzwD8Z+hvN73eG7CU6yCqkNU6H37/5ePOByJJs=","invert bycatch",,,,,,,,,,"wQI+SYME+gr3nKVXMbMGzlxt6VcoOetL",
"fe9b67f7-388a-4a89-bb7c-9e6cce37dbea","KONZ_005.basePlot.bet","D06","KONZ","KONZ_005","N","2015-07-20","2015-08-03","2015-08-04","2015-08-06","2015-12-02","KONZ_005.N.20150803","sLTlFxIy7/if1TYE7UtrOcxUACdiPHOgLLVWUqhbapk=","carabid","HARCAL","Harpalus caliginosus","species",,"Fabricius",,1,"Other","uXSN77Q7x9cACyt+x8PEhxuBjTDRBKZV","77todYjt/jkEGWUHO3SI0BRlGpUHn9Xh",
"9b253057-627e-4717-b710-34e54d4ed711","KONZ_009.basePlot.bet","D06","KONZ","KONZ_009","N","2015-07-20","2015-08-03","2015-08-04","2015-08-05","2015-12-02","KONZ_009.N.20150803","80BkEGzwD8Z+hvN73eG7CVNQkWR8GMz78bE6WzBdeDE=","carabid","PASCAL","Pasimachus californicus","species",,"Chaudoir",,3,"Purrington, F., and C. J. Drake. 2005. A key to adult Nearctic Pasimachus (Pasimachus) Bonelli (Coleoptera: Carabidae: Scaritini), with comments on their functional mouthpart morphology. Entomological News 116:253-262.","uXSN77Q7x9cACyt+x8PEhxuBjTDRBKZV","wQI+SYME+gr3nKVXMbMGzlxt6VcoOetL",
"a2635325-a8b8-455b-bf90-386e269c0015","KONZ_009.basePlot.bet","D06","KONZ","KONZ_009","N","2015-07-20","2015-08-03","2015-08-04","2015-08-05","2015-12-02","KONZ_009.N.20150803","80BkEGzwD8Z+hvN73eG7CbvCgrFet5um8m8dZ71hidE=","carabid","CARSP14","Carabidae sp.","family",,"Latreille","D06.2015.MorphG",1,"Other","uXSN77Q7x9cACyt+x8PEhxuBjTDRBKZV","wQI+SYME+gr3nKVXMbMGzlxt6VcoOetL","Metallic green big headed tiger beetle. Megacephala sp."
"8a31b9f7-5798-45f7-8965-7c1fa88954f2","KONZ_009.basePlot.bet","D06","KONZ","KONZ_009","N","2015-07-20","2015-08-03","2015-08-04","2015-08-05","2015-12-02","KONZ_009.N.20150803","80BkEGzwD8Z+hvN73eG7CWkFGYzjpnGFEtQ7Dt4+gfo=","carabid","PASELO","Pasimachus elongatus","species",,"LeConte",,1,"Purrington, F., and C. J. Drake. 2005. A key to adult Nearctic Pasimachus (Pasimachus) Bonelli (Coleoptera: Carabidae: Scaritini), with comments on their functional mouthpart morphology. Entomological News 116:253-262.","uXSN77Q7x9cACyt+x8PEhxuBjTDRBKZV","wQI+SYME+gr3nKVXMbMGzlxt6VcoOetL",
"12f1226a-3d4f-4f95-8572-cb89261dc930","KONZ_004.basePlot.bet","D06","KONZ","KONZ_004","S","2015-07-20","2015-08-03","2015-08-04","2015-08-07","2015-09-30","KONZ_004.S.20150803","7tcdU9lcb1g/QIl0ftjeGJX2FPS2fzHDnkwFXWFwLwQ=","carabid","CARSP14","Carabidae sp.","family",,"Latreille","D06.2015.MorphG",1,"Other","77todYjt/jkEGWUHO3SI0BRlGpUHn9Xh","77todYjt/jkEGWUHO3SI0BRlGpUHn9Xh","Metallic green big headed tiger beetle. Megacephala sp."
"1ac94284-48a2-4736-923e-11302123cd83","KONZ_025.basePlot.bet","D06","KONZ","KONZ_025","S","2015-07-20","2015-08-03","2015-08-04","2015-08-04","2015-12-02","KONZ_025.S.20150803","dZsQaO9YC67CJ/evj2TQkn8oRYtdn7E451TmgM9MlNE=","carabid","BRAALT","Brachinus alternans","species",,"Dejean",,1,"Other","uXSN77Q7x9cACyt+x8PEhxuBjTDRBKZV","77todYjt/jkEGWUHO3SI0BRlGpUHn9Xh",
"d6c129d7-dd64-4bd0-acc7-f843169118e8","KONZ_006.basePlot.bet","D06","KONZ","KONZ_006","S","2015-07-20","2015-08-03","2015-08-04","2015-08-10","2015-12-02","KONZ_006.S.20150803","eO41eOee7nj3AyWZUK6dxum+oauBJMZoX+Jt63PqAdU=","carabid","CARSP14","Carabidae sp.","family",,"Latreille","D06.2015.MorphW",1,"Other","uXSN77Q7x9cACyt+x8PEhxuBjTDRBKZV","77todYjt/jkEGWUHO3SI0BRlGpUHn9Xh","Black legs and pronotum. Yellow legs and brown elytra. 2 large hairs on either side of pronotum."
"aed1dd92-37ca-4f06-a20e-e46a634a7c38","KONZ_006.basePlot.bet","D06","KONZ","KONZ_006","S","2015-07-20","2015-08-03","2015-08-04","2015-08-10","2015-12-02","KONZ_006.S.20150803","eO41eOee7nj3AyWZUK6dxum+oauBJMZo1d0rJxdgHds=","carabid","CARSP14","Carabidae sp.","family",,"Latreille","D06.2015.MorphB",1,"Other","uXSN77Q7x9cACyt+x8PEhxuBjTDRBKZV","77todYjt/jkEGWUHO3SI0BRlGpUHn9Xh","Cyclotrachelus sp. Black oval pronotum. Notches on the posterolateral angles."
"34216f19-23db-4b9a-ba06-5da41b3986b7","KONZ_007.basePlot.bet","D06","KONZ","KONZ_007","S","2015-07-20","2015-08-03","2015-08-04","2015-08-05","2015-12-02","KONZ_007.S.20150803","f11juJKcl7KitB47Ycg3Od4piayNlKT0dQ3a3QQaOiQ=","carabid","PASELO","Pasimachus elongatus","species",,"LeConte",,1,"Purrington, F., and C. J. Drake. 2005. A key to adult Nearctic Pasimachus (Pasimachus) Bonelli (Coleoptera: Carabidae: Scaritini), with comments on their functional mouthpart morphology. Entomological News 116:253-262.","uXSN77Q7x9cACyt+x8PEhxuBjTDRBKZV","wQI+SYME+gr3nKVXMbMGzlxt6VcoOetL",
"5e5268d1-c679-4fd1-a44c-1ea528c2c95a","KONZ_007.basePlot.bet","D06","KONZ","KONZ_007","S","2015-07-20","2015-08-03","2015-08-04","2015-08-05","2015-12-02","KONZ_007.S.20150803","f11juJKcl7KitB47Ycg3OUo3VMD+ncwD7ljLqx9aHJQ=","carabid","PASCAL","Pasimachus californicus","species",,"Chaudoir",,8,"Purrington, F., and C. J. Drake. 2005. A key to adult Nearctic Pasimachus (Pasimachus) Bonelli (Coleoptera: Carabidae: Scaritini), with comments on their functional mouthpart morphology. Entomological News 116:253-262.","uXSN77Q7x9cACyt+x8PEhxuBjTDRBKZV","wQI+SYME+gr3nKVXMbMGzlxt6VcoOetL",
"a2892cd1-9f71-4fc8-86ce-5b70c138ad49","KONZ_009.basePlot.bet","D06","KONZ","KONZ_009","S","2015-07-20","2015-08-03","2015-08-04","2015-08-05",,"KONZ_009.S.20150803","80BkEGzwD8Zt4jjPLC/BH3/SInMr8NJTpHcMvsyX5VQ=","invert bycatch",,,,,,,,,,"wQI+SYME+gr3nKVXMbMGzlxt6VcoOetL",
"296265bc-0ce3-48c4-b78c-495c77b4aee9","KONZ_003.basePlot.bet","D06","KONZ","KONZ_003","S","2015-07-20","2015-08-03","2015-08-04","2015-08-06",,"KONZ_003.S.20150803","KsyoFpuhSbIUChjZYg957LqVTuTKkc4hWWr+0VwWxBw=","invert bycatch",,,,,,,,,,"77todYjt/jkEGWUHO3SI0BRlGpUHn9Xh",
"a63ec975-b69b-4b1c-a381-f852fd413a55","KONZ_005.basePlot.bet","D06","KONZ","KONZ_005","S","2015-07-20","2015-08-03","2015-08-04","2015-08-06","2015-12-02","KONZ_005.S.20150803","sLTlFxIy7/g0zvwXmK6S+Q9UKaqYSqsQqfKoIRIFy+k=","carabid","PASCAL","Pasimachus californicus","species",,"Chaudoir",,2,"Purrington, F., and C. J. Drake. 2005. A key to adult Nearctic Pasimachus (Pasimachus) Bonelli (Coleoptera: Carabidae: Scaritini), with comments on their functional mouthpart morphology. Entomological News 116:253-262.","uXSN77Q7x9cACyt+x8PEhxuBjTDRBKZV","77todYjt/jkEGWUHO3SI0BRlGpUHn9Xh",
"7be0b835-c105-4e1f-8766-1a25a867feff","KONZ_005.basePlot.bet","D06","KONZ","KONZ_005","S","2015-07-20","2015-08-03","2015-08-04","2015-08-06",,"KONZ_005.S.20150803","sLTlFxIy7/g0zvwXmK6S+deLh/GGkEywwTw0CBt2fJk=","invert bycatch",,,,,,,,,,"77todYjt/jkEGWUHO3SI0BRlGpUHn9Xh",
"3b3a741c-566f-4416-8ec5-510d69e37b37","KONZ_005.basePlot.bet","D06","KONZ","KONZ_005","S","2015-07-20","2015-08-03","2015-08-04","2015-08-06","2015-12-02","KONZ_005.S.20150803","sLTlFxIy7/g0zvwXmK6S+e7OXNalLKulqFc8fn9ISfg=","carabid","CARSP14","Carabidae sp.","family",,"Latreille","D06.2015.MorphG",1,"Other","uXSN77Q7x9cACyt+x8PEhxuBjTDRBKZV","77todYjt/jkEGWUHO3SI0BRlGpUHn9Xh","Metallic green big headed tiger beetle. Megacephala sp."
"c0d787d7-2246-4a31-b01b-22f4cb4519b6","KONZ_006.basePlot.bet","D06","KONZ","KONZ_006","S","2015-07-20","2015-08-03","2015-08-04","2015-08-10",,"KONZ_006.S.20150803","eO41eOee7nj3AyWZUK6dxjBE4bvUTdJ5ExjMdBNsgAM=","invert bycatch",,,,,,,,,,"77todYjt/jkEGWUHO3SI0BRlGpUHn9Xh",
"bee7bc51-2b37-437b-bb01-b56c29f95e04","KONZ_007.basePlot.bet","D06","KONZ","KONZ_007","S","2015-07-20","2015-08-03","2015-08-04","2015-08-05",,"KONZ_007.S.20150803","f11juJKcl7KitB47Ycg3OTNlCHNe1RBB4dIlOz0SIMw=","invert bycatch",,,,,,,,,,"wQI+SYME+gr3nKVXMbMGzlxt6VcoOetL",
"3e4ff995-6952-4d9d-a9c7-d26260fb47e6","KONZ_002.basePlot.bet","D06","KONZ","KONZ_002","S","2015-07-20","2015-08-03","2015-08-04","2015-08-06","2015-12-02","KONZ_002.S.20150803","hd4HYDqAwpJsaq0r6a2LBOk+5hT8Qs69en6t2LnV7/E=","carabid","PASCAL","Pasimachus californicus","species",,"Chaudoir",,14,"Purrington, F., and C. J. Drake. 2005. A key to adult Nearctic Pasimachus (Pasimachus) Bonelli (Coleoptera: Carabidae: Scaritini), with comments on their functional mouthpart morphology. Entomological News 116:253-262.","uXSN77Q7x9cACyt+x8PEhxuBjTDRBKZV","77todYjt/jkEGWUHO3SI0BRlGpUHn9Xh",
"805cf257-9a7f-4279-818b-66621f23e980","KONZ_007.basePlot.bet","D06","KONZ","KONZ_007","S","2015-07-20","2015-08-03","2015-08-04","2015-08-05","2015-12-02","KONZ_007.S.20150803","f11juJKcl7KitB47Ycg3OfUa/A+tR//Nqddod1Pjv+U=","carabid","CARSP14","Carabidae sp.","family",,"Latreille","D06.2015.MorphB",1,"Other","uXSN77Q7x9cACyt+x8PEhxuBjTDRBKZV","wQI+SYME+gr3nKVXMbMGzlxt6VcoOetL","Cyclotrachelus sp. Black oval pronotum. Notches on the posterolateral angles."
"24596db4-1f73-4829-b8ab-63cba558038c","KONZ_007.basePlot.bet","D06","KONZ","KONZ_007","S","2015-07-20","2015-08-03","2015-08-04","2015-08-05","2015-12-02","KONZ_007.S.20150803","f11juJKcl7KitB47Ycg3OfUa/A+tR//NUwE7g0NWqNA=","carabid","CARSP14","Carabidae sp.","family",,"Latreille","D06.2015.MorphG",2,"Other","uXSN77Q7x9cACyt+x8PEhxuBjTDRBKZV","wQI+SYME+gr3nKVXMbMGzlxt6VcoOetL","Metallic green big headed tiger beetle. Megacephala sp."
"65834545-e1ec-406d-b3ae-78821cd3ca9d","KONZ_008.basePlot.bet","D06","KONZ","KONZ_008","S","2015-07-20","2015-08-03","2015-08-04","2015-08-10",,"KONZ_008.S.20150803","R/i9Sy8Froum124ywlVYUP4gVP8fX+f0K5N68DRkPAw=","invert bycatch",,,,,,,,,,"77todYjt/jkEGWUHO3SI0BRlGpUHn9Xh",
"3b27e400-188b-4308-9a46-e611d36baa11","KONZ_001.basePlot.bet","D06","KONZ","KONZ_001","S","2015-07-20","2015-08-03","2015-08-04","2015-08-05","2015-09-30","KONZ_001.S.20150803","HFNPNHS/o8WJvvi4WMrVYAfZXdS1aGIY+c0Xs+knzqg=","carabid","PASCAL","Pasimachus californicus","species",,"Chaudoir",,1,"Other","77todYjt/jkEGWUHO3SI0BRlGpUHn9Xh","wQI+SYME+gr3nKVXMbMGzlxt6VcoOetL",
"514ca21f-6f6f-4567-a62b-bf77fcf080dc","KONZ_001.basePlot.bet","D06","KONZ","KONZ_001","S","2015-07-20","2015-08-03","2015-08-04","2015-08-05",,"KONZ_001.S.20150803","HFNPNHS/o8WJvvi4WMrVYIrsO0L4gHXP4sWzcOAkgV0=","invert bycatch",,,,,,,,,,"wQI+SYME+gr3nKVXMbMGzlxt6VcoOetL",
"154aeff1-55aa-4f48-8aed-00f3ab362589","KONZ_001.basePlot.bet","D06","KONZ","KONZ_001","S","2015-07-20","2015-08-03","2015-08-04","2015-08-05","2015-08-12","KONZ_001.S.20150803","HFNPNHS/o8WJvvi4WMrVYCsYfSlYaUtEsD26dyuMEaQ=","carabid","PASELO","Pasimachus elongatus","species",,"LeConte",,7,"Other","77todYjt/jkEGWUHO3SI0BRlGpUHn9Xh","wQI+SYME+gr3nKVXMbMGzlxt6VcoOetL",
"739a2c23-febe-45cf-bb3c-fe27e7c3ec38","KONZ_004.basePlot.bet","D06","KONZ","KONZ_004","S","2015-07-20","2015-08-03","2015-08-04","2015-08-07","2015-09-30","KONZ_004.S.20150803","7tcdU9lcb1g/QIl0ftjeGGX1qzDyYZLiBnPIAhJX1Ww=","carabid","PASCAL","Pasimachus californicus","species",,"Chaudoir",,5,"Other","77todYjt/jkEGWUHO3SI0BRlGpUHn9Xh","77todYjt/jkEGWUHO3SI0BRlGpUHn9Xh",
"6f60542e-4068-482d-86db-1ed93b5ea182","KONZ_025.basePlot.bet","D06","KONZ","KONZ_025","S","2015-07-20","2015-08-03","2015-08-04","2015-08-04",,"KONZ_025.S.20150803","dZsQaO9YC67CJ/evj2TQkm1IVJ4o+CxG4hOgnokIxCw=","invert bycatch",,,,,,,,,,"77todYjt/jkEGWUHO3SI0BRlGpUHn9Xh",
"a8179350-5aa1-4ce3-9aa3-29f891917384","KONZ_025.basePlot.bet","D06","KONZ","KONZ_025","W","2015-07-20","2015-08-03","2015-08-04","2015-08-04","2015-12-02","KONZ_025.W.20150803","dZsQaO9YC65OWDWxX23icd0zku2ryRcpRHgrFsMuRK8=","carabid","BRAALT","Brachinus alternans","species",,"Dejean",,4,"Other","uXSN77Q7x9cACyt+x8PEhxuBjTDRBKZV","77todYjt/jkEGWUHO3SI0BRlGpUHn9Xh",
"d58c87a5-38fd-4f5f-b8be-ea1c202b6e27","KONZ_025.basePlot.bet","D06","KONZ","KONZ_025","W","2015-07-20","2015-08-03","2015-08-04","2015-08-04","2015-12-02","KONZ_025.W.20150803","dZsQaO9YC65OWDWxX23icdGECuMO2L2QL9AoD73J4bk=","carabid","DICFUR","Dicaelus furvus","species",,"Dejean",,1,"Other","uXSN77Q7x9cACyt+x8PEhxuBjTDRBKZV","77todYjt/jkEGWUHO3SI0BRlGpUHn9Xh",
"93de64e4-5aa9-4f89-8102-0bfd1ca786cc","KONZ_008.basePlot.bet","D06","KONZ","KONZ_008","W","2015-07-20","2015-08-03","2015-08-04","2015-08-10",,"KONZ_008.W.20150803","R/i9Sy8FrovcH0k3YKqKZCSLutvQWq0s7gP0XPoj4aY=","invert bycatch",,,,,,,,,,"77todYjt/jkEGWUHO3SI0BRlGpUHn9Xh",
"47cf6d58-33a7-4362-8469-e8807ae13308","KONZ_001.basePlot.bet","D06","KONZ","KONZ_001","W","2015-07-20","2015-08-03","2015-08-04","2015-08-05","2015-08-12","KONZ_001.W.20150803","HFNPNHS/o8VCMLZXgxcAx9ggu00jeXA9Kf8PO8IfT+U=","carabid","PASELO","Pasimachus elongatus","species",,"LeConte",,11,"Other","77todYjt/jkEGWUHO3SI0BRlGpUHn9Xh","wQI+SYME+gr3nKVXMbMGzlxt6VcoOetL",
"c38e8efb-05d7-4adb-b299-0466144fbf28","KONZ_004.basePlot.bet","D06","KONZ","KONZ_004","W","2015-07-20","2015-08-03","2015-08-04","2015-08-07","2015-09-30","KONZ_004.W.20150803","7tcdU9lcb1jfTjJFpzcEIxrDDgRZKKyjUBtU/EvG05A=","carabid","PASCAL","Pasimachus californicus","species",,"Chaudoir",,1,"Other","77todYjt/jkEGWUHO3SI0BRlGpUHn9Xh","77todYjt/jkEGWUHO3SI0BRlGpUHn9Xh",
"ca107091-3ca8-4b94-96d1-68baf21e5ebe","KONZ_025.basePlot.bet","D06","KONZ","KONZ_025","W","2015-07-20","2015-08-03","2015-08-04","2015-08-04","2015-08-12","KONZ_025.W.20150803","dZsQaO9YC65OWDWxX23icSbHEDZMMLacHBlJg9sc+rA=","vert bycatch herp","PLEOBS","Plestiodon obsoletus","species",,"Baird and Girard",,1,"Other","77todYjt/jkEGWUHO3SI0BRlGpUHn9Xh","77todYjt/jkEGWUHO3SI0BRlGpUHn9Xh","vertebrate bycatch is a juvenile great planes skink, pleistiodon obsoletus"
"26237c56-5a3d-47e1-bf43-29ef79dcd198","KONZ_007.basePlot.bet","D06","KONZ","KONZ_007","W","2015-07-20","2015-08-03","2015-08-04","2015-08-05","2015-12-02","KONZ_007.W.20150803","f11juJKcl7KXaE1NgNSiNrLJUDEBcmUJ4Z0pX7jS0HQ=","carabid","PASCAL","Pasimachus californicus","species",,"Chaudoir",,5,"Purrington, F., and C. J. Drake. 2005. A key to adult Nearctic Pasimachus (Pasimachus) Bonelli (Coleoptera: Carabidae: Scaritini), with comments on their functional mouthpart morphology. Entomological News 116:253-262.","uXSN77Q7x9cACyt+x8PEhxuBjTDRBKZV","wQI+SYME+gr3nKVXMbMGzlxt6VcoOetL",
"8672fff3-d924-4e5c-971a-458108b967db","KONZ_008.basePlot.bet","D06","KONZ","KONZ_008","W","2015-07-20","2015-08-03","2015-08-04","2015-08-10","2015-12-02","KONZ_008.W.20150803","R/i9Sy8FrovcH0k3YKqKZB3RRYg1ZtZFFzWLHmy8xDo=","carabid","CARSP14","Carabidae sp.","family",,"Latreille","D06.2015.MorphG",2,"Other","uXSN77Q7x9cACyt+x8PEhxuBjTDRBKZV","77todYjt/jkEGWUHO3SI0BRlGpUHn9Xh","Metallic green big headed tiger beetle. Megacephala sp."
"bd6b0769-c654-4b1f-acd6-8a98ef45194e","KONZ_001.basePlot.bet","D06","KONZ","KONZ_001","W","2015-07-20","2015-08-03","2015-08-04","2015-08-05",,"KONZ_001.W.20150803","HFNPNHS/o8VCMLZXgxcAx9JzyBpJV1j7pBQzYNLS1oA=","invert bycatch",,,,,,,,,,"wQI+SYME+gr3nKVXMbMGzlxt6VcoOetL",
"66007c1d-d89e-444b-a2af-33d72f3c3382","KONZ_008.basePlot.bet","D06","KONZ","KONZ_008","W","2015-07-20","2015-08-03","2015-08-04","2015-08-10","2015-12-02","KONZ_008.W.20150803","R/i9Sy8FrovcH0k3YKqKZBpr7DDcnz3nZ+fd32flq24=","carabid","PASCAL","Pasimachus californicus","species",,"Chaudoir",,1,"Purrington, F., and C. J. Drake. 2005. A key to adult Nearctic Pasimachus (Pasimachus) Bonelli (Coleoptera: Carabidae: Scaritini), with comments on their functional mouthpart morphology. Entomological News 116:253-262.","uXSN77Q7x9cACyt+x8PEhxuBjTDRBKZV","77todYjt/jkEGWUHO3SI0BRlGpUHn9Xh",
"6b796180-da5f-46cc-8e09-8fb2f211bfd9","KONZ_005.basePlot.bet","D06","KONZ","KONZ_005","W","2015-07-20","2015-08-03","2015-08-04","2015-08-06","2015-12-02","KONZ_005.W.20150803","sLTlFxIy7/i5wcKdTwyJQIZv8s/96L5PHlglHFMGNzk=","carabid","PASCAL","Pasimachus californicus","species",,"Chaudoir",,6,"Purrington, F., and C. J. Drake. 2005. A key to adult Nearctic Pasimachus (Pasimachus) Bonelli (Coleoptera: Carabidae: Scaritini), with comments on their functional mouthpart morphology. Entomological News 116:253-262.","uXSN77Q7x9cACyt+x8PEhxuBjTDRBKZV","77todYjt/jkEGWUHO3SI0BRlGpUHn9Xh",
"260100db-88d4-4b74-ba0d-02f478738793","KONZ_005.basePlot.bet","D06","KONZ","KONZ_005","W","2015-07-20","2015-08-03","2015-08-04","2015-08-06",,"KONZ_005.W.20150803","sLTlFxIy7/i5wcKdTwyJQE2QWNVa61324TLrSxFjXtE=","invert bycatch",,,,,,,,,,"77todYjt/jkEGWUHO3SI0BRlGpUHn9Xh",
"22d6aa66-db44-4fad-8c2d-990aff2b0160","KONZ_002.basePlot.bet","D06","KONZ","KONZ_002","W","2015-07-20","2015-08-03","2015-08-04","2015-08-06","2015-12-02","KONZ_002.W.20150803","hd4HYDqAwpLGZ5we650KZ8mbQ7c2rGDl7CngEPsU1cA=","carabid","PASCAL","Pasimachus californicus","species",,"Chaudoir",,6,"Purrington, F., and C. J. Drake. 2005. A key to adult Nearctic Pasimachus (Pasimachus) Bonelli (Coleoptera: Carabidae: Scaritini), with comments on their functional mouthpart morphology. Entomological News 116:253-262.","uXSN77Q7x9cACyt+x8PEhxuBjTDRBKZV","77todYjt/jkEGWUHO3SI0BRlGpUHn9Xh",
"66cce363-738c-456a-a238-ab423a1f3c44","KONZ_006.basePlot.bet","D06","KONZ","KONZ_006","W","2015-07-20","2015-08-03","2015-08-04","2015-08-10",,"KONZ_006.W.20150803","eO41eOee7ngRbX73kQv3gubLlnhOSlmzJVqcmAySccs=","invert bycatch",,,,,,,,,,"77todYjt/jkEGWUHO3SI0BRlGpUHn9Xh",
"49082a87-6171-4d69-89a3-08cfaa31c509","KONZ_007.basePlot.bet","D06","KONZ","KONZ_007","W","2015-07-20","2015-08-03","2015-08-04","2015-08-05",,"KONZ_007.W.20150803","f11juJKcl7KXaE1NgNSiNjfhFHIwnOSYoL/B4r+Ki3c=","invert bycatch",,,,,,,,,,"wQI+SYME+gr3nKVXMbMGzlxt6VcoOetL",
"720827ed-9526-4fde-83a4-17c79c7cc0ce","KONZ_009.basePlot.bet","D06","KONZ","KONZ_009","W","2015-07-20","2015-08-03","2015-08-04","2015-08-05","2015-12-02","KONZ_009.W.20150803","80BkEGzwD8Z61vzZfbbIQhiVlB4yOq0IcOOVZ4AdLuQ=","carabid","PASCAL","Pasimachus californicus","species",,"Chaudoir",,9,"Purrington, F., and C. J. Drake. 2005. A key to adult Nearctic Pasimachus (Pasimachus) Bonelli (Coleoptera: Carabidae: Scaritini), with comments on their functional mouthpart morphology. Entomological News 116:253-262.","uXSN77Q7x9cACyt+x8PEhxuBjTDRBKZV","wQI+SYME+gr3nKVXMbMGzlxt6VcoOetL",
"57656fd0-46cd-4a9a-a690-3fa7d96ef981","KONZ_005.basePlot.bet","D06","KONZ","KONZ_005","W","2015-07-20","2015-08-03","2015-08-04","2015-08-06","2015-12-02","KONZ_005.W.20150803","sLTlFxIy7/i5wcKdTwyJQNXfbe8Mv91Q/VKg10Js/2Q=","carabid","PASELO","Pasimachus elongatus","species",,"LeConte",,2,"Purrington, F., and C. J. Drake. 2005. A key to adult Nearctic Pasimachus (Pasimachus) Bonelli (Coleoptera: Carabidae: Scaritini), with comments on their functional mouthpart morphology. Entomological News 116:253-262.","uXSN77Q7x9cACyt+x8PEhxuBjTDRBKZV","77todYjt/jkEGWUHO3SI0BRlGpUHn9Xh",
"6ecef11d-22bb-46de-b154-1eacd74dda39","KONZ_003.basePlot.bet","D06","KONZ","KONZ_003","W","2015-07-20","2015-08-03","2015-08-04","2015-08-06",,"KONZ_003.W.20150803","KsyoFpuhSbJZsqc3etbya+c45RiLgM+0cimcItfTa+Y=","invert bycatch",,,,,,,,,,"77todYjt/jkEGWUHO3SI0BRlGpUHn9Xh",
"e8a6edeb-95b4-421a-ab31-bdf5f22d6bfd","KONZ_005.basePlot.bet","D06","KONZ","KONZ_005","W","2015-07-20","2015-08-03","2015-08-04","2015-08-06","2015-12-02","KONZ_005.W.20150803","sLTlFxIy7/i5wcKdTwyJQAPJ4MJh/l1rAQlkYTCx3GA=","carabid","CARSP14","Carabidae sp.","family",,"Latreille","D06.2015.MorphV",1,"Other","uXSN77Q7x9cACyt+x8PEhxuBjTDRBKZV","77todYjt/jkEGWUHO3SI0BRlGpUHn9Xh","Elateridae faimly. Light yellow brown color with large dark brown spots on elytra and stripe on pronotum. Very hairy."
"6ca3ffba-dad9-486a-be86-5b0bde173195","KONZ_009.basePlot.bet","D06","KONZ","KONZ_009","W","2015-07-20","2015-08-03","2015-08-04","2015-08-05","2015-12-02","KONZ_009.W.20150803","80BkEGzwD8Z61vzZfbbIQiAiDx1QJR2HiJkNrsdnbow=","carabid","CARSP14","Carabidae sp.","family",,"Latreille","D06.2015.MorphG",2,"Other","uXSN77Q7x9cACyt+x8PEhxuBjTDRBKZV","wQI+SYME+gr3nKVXMbMGzlxt6VcoOetL","Metallic green big headed tiger beetle. Megacephala sp."
"8c1cdc3a-3e5a-4cfb-b458-fbd24b0819dc","KONZ_009.basePlot.bet","D06","KONZ","KONZ_009","W","2015-07-20","2015-08-03","2015-08-04","2015-08-05","2015-12-02","KONZ_009.W.20150803","80BkEGzwD8Z61vzZfbbIQu884uSc4pd0HDVlekDffA8=","carabid","PASELO","Pasimachus elongatus","species",,"LeConte",,1,"Purrington, F., and C. J. Drake. 2005. A key to adult Nearctic Pasimachus (Pasimachus) Bonelli (Coleoptera: Carabidae: Scaritini), with comments on their functional mouthpart morphology. Entomological News 116:253-262.","uXSN77Q7x9cACyt+x8PEhxuBjTDRBKZV","wQI+SYME+gr3nKVXMbMGzlxt6VcoOetL",
"e17fbbf9-aae4-4c96-ae64-c4ba3d4f28fe","KONZ_009.basePlot.bet","D06","KONZ","KONZ_009","W","2015-07-20","2015-08-03","2015-08-04","2015-08-05",,"KONZ_009.W.20150803","80BkEGzwD8Z61vzZfbbIQjnTBXgXb/oFbx4/EStUXP8=","invert bycatch",,,,,,,,,,"wQI+SYME+gr3nKVXMbMGzlxt6VcoOetL",
"be8340b2-1981-4a63-83f0-552681e85348","KONZ_025.basePlot.bet","D06","KONZ","KONZ_025","W","2015-07-20","2015-08-03","2015-08-04","2015-08-04",,"KONZ_025.W.20150803","dZsQaO9YC65OWDWxX23icQqX8CGv9eVquDz5YlHpXlU=","invert bycatch",,,,,,,,,,"77todYjt/jkEGWUHO3SI0BRlGpUHn9Xh",
"6f40bc88-321a-47d5-b82f-678a7e283045","KONZ_025.basePlot.bet","D06","KONZ","KONZ_025","E","2015-07-20","2015-08-03","2015-08-04","2015-08-04",,"KONZ_025.E.20150803","dZsQaO9YC654UGzAtr7R4UBqDUO7ZlYB9VjSXjKYPGw=","invert bycatch",,,,,,,,,,"77todYjt/jkEGWUHO3SI0BRlGpUHn9Xh",
"1aaaf4f7-7d14-4f8e-ba22-17ebcbb04e4b","KONZ_004.basePlot.bet","D06","KONZ","KONZ_004","E","2015-07-20","2015-08-03","2015-08-04","2015-08-07","2015-09-30","KONZ_004.E.20150803","7tcdU9lcb1jNrE/axflgrxWKVe0ENDDa757dGWQato8=","carabid","PASCAL","Pasimachus californicus","species",,"Chaudoir",,6,"Other","77todYjt/jkEGWUHO3SI0BRlGpUHn9Xh","77todYjt/jkEGWUHO3SI0BRlGpUHn9Xh",
"b98b276b-2b2c-4c00-ac81-d0d389789b47","KONZ_001.basePlot.bet","D06","KONZ","KONZ_001","E","2015-07-20","2015-08-03","2015-08-04","2015-08-05","2015-08-12","KONZ_001.E.20150803","HFNPNHS/o8XPUZEVZnyshH+fiAq/ZVs//cbqCnb+ET4=","carabid","PASELO","Pasimachus elongatus","species",,"LeConte",,5,"Other","77todYjt/jkEGWUHO3SI0BRlGpUHn9Xh","wQI+SYME+gr3nKVXMbMGzlxt6VcoOetL",
"7c9c85ed-b97b-4cb4-84a6-1010f27f1f88","KONZ_001.basePlot.bet","D06","KONZ","KONZ_001","E","2015-07-20","2015-08-03","2015-08-04","2015-08-05","2015-09-30","KONZ_001.E.20150803","HFNPNHS/o8XPUZEVZnyshJzID+tgSrpViiH6KQqIlpk=","carabid","PASCAL","Pasimachus californicus","species",,"Chaudoir",,2,"Other","77todYjt/jkEGWUHO3SI0BRlGpUHn9Xh","wQI+SYME+gr3nKVXMbMGzlxt6VcoOetL",
"8d698ddc-8173-4fb4-901b-d5a3e924c2ba","KONZ_001.basePlot.bet","D06","KONZ","KONZ_001","E","2015-07-20","2015-08-03","2015-08-04","2015-08-05",,"KONZ_001.E.20150803","HFNPNHS/o8XPUZEVZnyshLWS1FFXLcR/6M7ZX8OnEjA=","invert bycatch",,,,,,,,,,"wQI+SYME+gr3nKVXMbMGzlxt6VcoOetL",
"4ff5a3af-e1d2-4e9d-bb13-c2c7f8d6b409","KONZ_008.basePlot.bet","D06","KONZ","KONZ_008","E","2015-07-20","2015-08-03","2015-08-04","2015-08-10",,"KONZ_008.E.20150803","R/i9Sy8FrosUNqbt7EDEEpNrlKgpr89Igz9CLnkApbw=","invert bycatch",,,,,,,,,,"77todYjt/jkEGWUHO3SI0BRlGpUHn9Xh",
"7a6588a9-0cdf-46a7-97d6-7d81cf0c04d4","KONZ_007.basePlot.bet","D06","KONZ","KONZ_007","E","2015-07-20","2015-08-03","2015-08-04","2015-08-05","2015-12-02","KONZ_007.E.20150803","f11juJKcl7Ld05dxbwkLyGwYykuSQZlob8SWE17Li28=","carabid","PASCAL","Pasimachus californicus","species",,"Chaudoir",,1,"Purrington, F., and C. J. Drake. 2005. A key to adult Nearctic Pasimachus (Pasimachus) Bonelli (Coleoptera: Carabidae: Scaritini), with comments on their functional mouthpart morphology. Entomological News 116:253-262.","uXSN77Q7x9cACyt+x8PEhxuBjTDRBKZV","wQI+SYME+gr3nKVXMbMGzlxt6VcoOetL",
"bec5fcc4-43b7-465e-8c65-d3ea174a03a9","KONZ_007.basePlot.bet","D06","KONZ","KONZ_007","E","2015-07-20","2015-08-03","2015-08-04","2015-08-05",,"KONZ_007.E.20150803","f11juJKcl7Ld05dxbwkLyMoaqK8yAFWuUciR0aacaLI=","invert bycatch",,,,,,,,,,"wQI+SYME+gr3nKVXMbMGzlxt6VcoOetL",
"d29680f8-1731-4867-a266-16a770e1026b","KONZ_007.basePlot.bet","D06","KONZ","KONZ_007","E","2015-07-20","2015-08-03","2015-08-04","2015-08-05","2015-12-02","KONZ_007.E.20150803","f11juJKcl7Ld05dxbwkLyJnIhNNuGv9jvB4c7ucZZZ0=","carabid","PASELO","Pasimachus elongatus","species",,"LeConte",,1,"Purrington, F., and C. J. Drake. 2005. A key to adult Nearctic Pasimachus (Pasimachus) Bonelli (Coleoptera: Carabidae: Scaritini), with comments on their functional mouthpart morphology. Entomological News 116:253-262.","uXSN77Q7x9cACyt+x8PEhxuBjTDRBKZV","wQI+SYME+gr3nKVXMbMGzlxt6VcoOetL",
"38f0f082-937d-4280-8cdd-987b8868662a","KONZ_002.basePlot.bet","D06","KONZ","KONZ_002","E","2015-07-20","2015-08-03","2015-08-04","2015-08-06","2015-12-02","KONZ_002.E.20150803","hd4HYDqAwpJv/suzZpXOHFjCIv2Q705254YytsMq63M=","carabid","PASCAL","Pasimachus californicus","species",,"Chaudoir",,15,"Purrington, F., and C. J. Drake. 2005. A key to adult Nearctic Pasimachus (Pasimachus) Bonelli (Coleoptera: Carabidae: Scaritini), with comments on their functional mouthpart morphology. Entomological News 116:253-262.","uXSN77Q7x9cACyt+x8PEhxuBjTDRBKZV","77todYjt/jkEGWUHO3SI0BRlGpUHn9Xh",
"5419a4fd-cae7-4313-8273-71ed0892b9f6","KONZ_006.basePlot.bet","D06","KONZ","KONZ_006","E","2015-07-20","2015-08-03","2015-08-04","2015-08-10",,"KONZ_006.E.20150803","eO41eOee7njktXj4zKCFHBcLAEMWzTNvmroRBMaVMV0=","invert bycatch",,,,,,,,,,"77todYjt/jkEGWUHO3SI0BRlGpUHn9Xh",
"67035b9d-e571-4177-9a73-9651ddf1475a","KONZ_001.basePlot.bet","D06","KONZ","KONZ_001","N","2015-08-03","2015-08-17","2015-08-18","2015-08-18","2015-09-30","KONZ_001.N.20150817","HFNPNHS/o8WJPS01kRqw7XMuQpyM4KMq2ZMvuoxOyuQ=","carabid","CARSP14","Carabidae sp.","family",,"Latreille","D06.2015.MorphB",1,"Other","77todYjt/jkEGWUHO3SI0BRlGpUHn9Xh","77todYjt/jkEGWUHO3SI0BRlGpUHn9Xh","Cyclotrachelus sp. Black oval pronotum. Notches on the posterolateral angles."
"ef6226bf-d0bc-4ef2-bf59-997206ee0390","KONZ_008.basePlot.bet","D06","KONZ","KONZ_008","N","2015-08-03","2015-08-17","2015-08-18","2015-08-20",,"KONZ_008.N.20150817","R/i9Sy8FroutjMTNHNshKRSdm3rsVAqsJhX0MnUaiMI=","invert bycatch",,,,,,,,,,"wQI+SYME+gr3nKVXMbMGzlxt6VcoOetL",
"c22f0a73-b053-4e4e-bf4c-417dc2c21a06","KONZ_007.basePlot.bet","D06","KONZ","KONZ_007","N","2015-08-03","2015-08-17","2015-08-18","2015-08-20",,"KONZ_007.N.20150817","f11juJKcl7Kn7RrE1HWVPRK5zd+O7MtRS7JO3ySk/o0=","invert bycatch",,,,,,,,,,"77todYjt/jkEGWUHO3SI0BRlGpUHn9Xh","All traps from this plot contained carabids and all bycatch from the plot pooled into one single vial."
"4441e8cc-d16b-4994-811f-3c5ade180b3f","KONZ_008.basePlot.bet","D06","KONZ","KONZ_008","N","2015-08-03","2015-08-17","2015-08-18","2015-08-20","2015-09-30","KONZ_008.N.20150817","R/i9Sy8FroutjMTNHNshKdRePM5gPhcrcBUrFgy2byI=","carabid","PASCAL","Pasimachus californicus","species",,"Chaudoir",,1,"Other","77todYjt/jkEGWUHO3SI0BRlGpUHn9Xh","wQI+SYME+gr3nKVXMbMGzlxt6VcoOetL",
"dc1ea160-cb97-4568-90fa-a07009da09a8","KONZ_007.basePlot.bet","D06","KONZ","KONZ_007","N","2015-08-03","2015-08-17","2015-08-18","2015-08-20","2015-09-30","KONZ_007.N.20150817","f11juJKcl7Kn7RrE1HWVPXelIHNI/hJb/4vEcX+YW4Q=","carabid","PASCAL","Pasimachus californicus","species",,"Chaudoir",,8,"Other","77todYjt/jkEGWUHO3SI0BRlGpUHn9Xh","77todYjt/jkEGWUHO3SI0BRlGpUHn9Xh",
"694bd409-ffeb-4e57-8b1b-372e1c35113a","KONZ_004.basePlot.bet","D06","KONZ","KONZ_004","N","2015-08-03","2015-08-17","2015-08-18","2015-08-18",,"KONZ_004.N.20150817","7tcdU9lcb1jPbQfubaKjEG9U+t1OOn3ltWWyf0pTABk=","invert bycatch",,,,,,,,,,"sk+ncTlknmGlnEtX/xe01ipH6tZVDj7e",
"6a622e37-70ed-4c40-ad0a-f21e24505c68","KONZ_001.basePlot.bet","D06","KONZ","KONZ_001","N","2015-08-03","2015-08-17","2015-08-18","2015-08-18","2015-08-18","KONZ_001.N.20150817","HFNPNHS/o8WJPS01kRqw7VUz2I6yxbbm08RCisNF4wA=","carabid","PASELO","Pasimachus elongatus","species",,"LeConte",,12,"Other","77todYjt/jkEGWUHO3SI0BRlGpUHn9Xh","77todYjt/jkEGWUHO3SI0BRlGpUHn9Xh",
"7f9e864a-4407-48c7-8ce7-f43e4df33872","KONZ_001.basePlot.bet","D06","KONZ","KONZ_001","N","2015-08-03","2015-08-17","2015-08-18","2015-08-18",,"KONZ_001.N.20150817","HFNPNHS/o8WJPS01kRqw7aSDLkNkxW4KsZMb3dseQ04=","invert bycatch",,,,,,,,,,"77todYjt/jkEGWUHO3SI0BRlGpUHn9Xh",
"137a39b0-fec5-4457-b443-6b1066415530","KONZ_025.basePlot.bet","D06","KONZ","KONZ_025","N","2015-08-03","2015-08-17","2015-08-18","2015-08-20",,"KONZ_025.N.20150817","dZsQaO9YC65sGOV0aokX3KINa4UAlHY2//zoCHmEBJ0=","invert bycatch",,,,,,,,,,"wQI+SYME+gr3nKVXMbMGzlxt6VcoOetL",
"7bebf282-7845-40db-88b8-4ed83714830e","KONZ_025.basePlot.bet","D06","KONZ","KONZ_025","N","2015-08-03","2015-08-17","2015-08-18","2015-08-20","2015-09-30","KONZ_025.N.20150817","dZsQaO9YC65sGOV0aokX3JqpVyU3gEV5NyrSgUk3xno=","carabid","DICFUR","Dicaelus furvus","species",,"Dejean",,3,"Other","77todYjt/jkEGWUHO3SI0BRlGpUHn9Xh","wQI+SYME+gr3nKVXMbMGzlxt6VcoOetL",
"43d4bfda-23c4-4987-9410-689804407f65","KONZ_025.basePlot.bet","D06","KONZ","KONZ_025","N","2015-08-03","2015-08-17","2015-08-18","2015-08-20","2015-09-30","KONZ_025.N.20150817","dZsQaO9YC65sGOV0aokX3L34bYWcEO9ekc0wYCuX704=","carabid","BRAALT","Brachinus alternans","species",,"Dejean",,1,"Other","77todYjt/jkEGWUHO3SI0BRlGpUHn9Xh","wQI+SYME+gr3nKVXMbMGzlxt6VcoOetL",
"6cdfce2b-adb6-4ac7-a2c9-7e3f7311c7b2","KONZ_025.basePlot.bet","D06","KONZ","KONZ_025","N","2015-08-03","2015-08-17","2015-08-18","2015-08-20","2015-08-20","KONZ_025.N.20150817","dZsQaO9YC65sGOV0aokX3Jeq9NMrzEE3OnHmu3vGip4=","vert bycatch herp","PLEOBS","Plestiodon obsoletus","species",,"Baird and Girard",,2,"Clarke, R. F. 1984. Frogs and Toads in Kansas. The Kansas School Naturalist. 30(3):1-15.","77todYjt/jkEGWUHO3SI0BRlGpUHn9Xh","wQI+SYME+gr3nKVXMbMGzlxt6VcoOetL",
"589c4e26-ff05-4857-8b7e-84db18841bf7","KONZ_004.basePlot.bet","D06","KONZ","KONZ_004","S","2015-08-03","2015-08-17","2015-08-18","2015-08-18","2015-09-30","KONZ_004.S.20150817","7tcdU9lcb1g/QIl0ftjeGLMcCgoFqLA9eJvIDscCDc0=","carabid","CARSP14","Carabidae sp.","family",,"Latreille","D06.2015.MorphG",1,"Other","77todYjt/jkEGWUHO3SI0BRlGpUHn9Xh","sk+ncTlknmGlnEtX/xe01ipH6tZVDj7e","Metallic green big headed tiger beetle. Megacephala sp."
"add97cd1-18c7-4b94-9bd9-bdc5313c4f3b","KONZ_007.basePlot.bet","D06","KONZ","KONZ_007","S","2015-08-03","2015-08-17","2015-08-18","2015-08-20","2015-09-30","KONZ_007.S.20150817","f11juJKcl7KitB47Ycg3OSOglH0ewmyfcYoJe84yEFY=","carabid","CARSP14","Carabidae sp.","family",,"Latreille","D06.2015.MorphG",2,"Other","77todYjt/jkEGWUHO3SI0BRlGpUHn9Xh","77todYjt/jkEGWUHO3SI0BRlGpUHn9Xh","Metallic green big headed tiger beetle. Megacephala sp."
"0d10c5b3-0ff7-4f9d-9206-8003035347ac","KONZ_002.basePlot.bet","D06","KONZ","KONZ_002","S","2015-08-03","2015-08-17","2015-08-18","2015-08-18","2015-09-30","KONZ_002.S.20150817","hd4HYDqAwpJsaq0r6a2LBNpfZ1oQyRBItsMQ2OS0EfE=","carabid","PASCAL","Pasimachus californicus","species",,"Chaudoir",,10,"Other","77todYjt/jkEGWUHO3SI0BRlGpUHn9Xh","wQI+SYME+gr3nKVXMbMGzlxt6VcoOetL",
"28d9359b-3c9e-43e9-8296-1088bec2ba6d","KONZ_005.basePlot.bet","D06","KONZ","KONZ_005","S","2015-08-03","2015-08-17","2015-08-18","2015-08-19","2015-09-30","KONZ_005.S.20150817","sLTlFxIy7/g0zvwXmK6S+dhfCVV3PMyGhlh3d0AoueQ=","carabid","PASCAL","Pasimachus californicus","species",,"Chaudoir",,3,"Other","77todYjt/jkEGWUHO3SI0BRlGpUHn9Xh","wQI+SYME+gr3nKVXMbMGzlxt6VcoOetL",
"672bfdeb-4cfc-42f2-875a-37e4ac7dee86","KONZ_009.basePlot.bet","D06","KONZ","KONZ_009","S","2015-08-03","2015-08-17","2015-08-18","2015-08-19",,"KONZ_009.S.20150817","80BkEGzwD8Zt4jjPLC/BH/YILuL1SHSVjndJh8Z9U3M=","invert bycatch",,,,,,,,,,"wQI+SYME+gr3nKVXMbMGzlxt6VcoOetL",
"c379a3ef-f634-49d3-883f-294b04339fca","KONZ_009.basePlot.bet","D06","KONZ","KONZ_009","S","2015-08-03","2015-08-17","2015-08-18","2015-08-19","2015-11-23","KONZ_009.S.20150817","80BkEGzwD8Zt4jjPLC/BH7s6/WV7A8pjD1RptLbuSHA=","carabid","PASCAL","Pasimachus californicus","species",,"Chaudoir",,11,"Other","uXSN77Q7x9cACyt+x8PEhxuBjTDRBKZV","wQI+SYME+gr3nKVXMbMGzlxt6VcoOetL",
"347df37f-d8a3-48f0-b889-c000237951d4","KONZ_009.basePlot.bet","D06","KONZ","KONZ_009","S","2015-08-03","2015-08-17","2015-08-18","2015-08-19","2015-09-30","KONZ_009.S.20150817","80BkEGzwD8Zt4jjPLC/BH7s6/WV7A8pjwl8Mv4tRNls=","carabid","PASCAL","Pasimachus californicus","species",,"Chaudoir",,11,"Other","77todYjt/jkEGWUHO3SI0BRlGpUHn9Xh","wQI+SYME+gr3nKVXMbMGzlxt6VcoOetL",
"eb85aa82-34a0-41bd-9a86-95df5e356f16","KONZ_009.basePlot.bet","D06","KONZ","KONZ_009","S","2015-08-03","2015-08-17","2015-08-18","2015-08-19","2015-09-30","KONZ_009.S.20150817","80BkEGzwD8Zt4jjPLC/BH81NeXUCoUDrp7swwZaGz7I=","carabid","PASELO","Pasimachus elongatus","species",,"LeConte",,1,"Other","77todYjt/jkEGWUHO3SI0BRlGpUHn9Xh","wQI+SYME+gr3nKVXMbMGzlxt6VcoOetL",
"f6b22a1d-39e0-4eda-a3b6-0cc67811de2c","KONZ_002.basePlot.bet","D06","KONZ","KONZ_002","S","2015-08-03","2015-08-17","2015-08-18","2015-08-18","2016-01-07","KONZ_002.S.20150817","hd4HYDqAwpJsaq0r6a2LBLgqqKMtaywQVhxVF0YAAdI=","vert bycatch herp","HYLISP","Hylidae sp.","family","cf. species","Rafinesque",,1,"Clarke, R. F. 1984. Frogs and Toads in Kansas. The Kansas School Naturalist. 30(3):1-15.","uXSN77Q7x9cACyt+x8PEhxuBjTDRBKZV","wQI+SYME+gr3nKVXMbMGzlxt6VcoOetL",
"d116f9f1-7b6c-4845-88da-aaf31f7fb6f7","KONZ_006.basePlot.bet","D06","KONZ","KONZ_006","S","2015-08-03","2015-08-17","2015-08-18","2015-08-20",,"KONZ_006.S.20150817","eO41eOee7nj3AyWZUK6dxuiyEVOK6G/74X4BJweXwN8=","invert bycatch",,,,,,,,,,"wQI+SYME+gr3nKVXMbMGzlxt6VcoOetL",
"8da82ff5-f16d-4ca1-bee8-817a7c51ad7d","KONZ_005.basePlot.bet","D06","KONZ","KONZ_005","S","2015-08-03","2015-08-17","2015-08-18","2015-08-19",,"KONZ_005.S.20150817","sLTlFxIy7/g0zvwXmK6S+Qsy9CWjXdwpSawcTG3m7sY=","invert bycatch",,,,,,,,,,"wQI+SYME+gr3nKVXMbMGzlxt6VcoOetL",
"d3a5b037-569a-4ba2-942b-7f4824531035","KONZ_003.basePlot.bet","D06","KONZ","KONZ_003","S","2015-08-03","2015-08-17","2015-08-18","2015-08-18",,"KONZ_003.S.20150817","KsyoFpuhSbIUChjZYg957MNtbQxxl8Nh+n5uEww38kg=","invert bycatch",,,,,,,,,,"77todYjt/jkEGWUHO3SI0BRlGpUHn9Xh",
"7bf3df78-b3b0-4329-ac28-f1a3531a5c8a","KONZ_001.basePlot.bet","D06","KONZ","KONZ_001","S","2015-08-03","2015-08-17","2015-08-18","2015-08-18","2015-09-30","KONZ_001.S.20150817","HFNPNHS/o8WJvvi4WMrVYArm7MiQzr+8EVg6jULjJ3A=","carabid","PASCAL","Pasimachus californicus","species",,"Chaudoir",,6,"Other","77todYjt/jkEGWUHO3SI0BRlGpUHn9Xh","77todYjt/jkEGWUHO3SI0BRlGpUHn9Xh",
"f1f4e1d1-4692-4c27-8980-803de73991a9","KONZ_001.basePlot.bet","D06","KONZ","KONZ_001","S","2015-08-03","2015-08-17","2015-08-18","2015-08-18","2015-09-30","KONZ_001.S.20150817","HFNPNHS/o8WJvvi4WMrVYA8HMpPiqa2YETi8g6xJEko=","carabid","CARSP14","Carabidae sp.","family",,"Latreille","D06.2015.MorphB",1,"Other","77todYjt/jkEGWUHO3SI0BRlGpUHn9Xh","77todYjt/jkEGWUHO3SI0BRlGpUHn9Xh","Cyclotrachelus sp. Black oval pronotum. Notches on the posterolateral angles."
"4074685b-93a7-4dcf-a6a3-2213463d089e","KONZ_008.basePlot.bet","D06","KONZ","KONZ_008","S","2015-08-03","2015-08-17","2015-08-18","2015-08-20",,"KONZ_008.S.20150817","R/i9Sy8Froum124ywlVYUP+yNCtd4Omx48qWvwG+smA=","invert bycatch",,,,,,,,,,"wQI+SYME+gr3nKVXMbMGzlxt6VcoOetL",
"7a6818a6-267d-4f49-a57f-168d08aeba32","KONZ_007.basePlot.bet","D06","KONZ","KONZ_007","S","2015-08-03","2015-08-17","2015-08-18","2015-08-20","2015-09-30","KONZ_007.S.20150817","f11juJKcl7KitB47Ycg3OeYFyjZfu0gaA6wqA4ME8uw=","carabid","PASCAL","Pasimachus californicus","species",,"Chaudoir",,4,"Other","77todYjt/jkEGWUHO3SI0BRlGpUHn9Xh","77todYjt/jkEGWUHO3SI0BRlGpUHn9Xh",
"d526b03d-90f3-4ff3-906f-859007c61248","KONZ_007.basePlot.bet","D06","KONZ","KONZ_007","S","2015-08-03","2015-08-17","2015-08-18","2015-08-20","2015-09-30","KONZ_007.S.20150817","f11juJKcl7KitB47Ycg3OQ9VjHEgeMSXRJ3icdJ51ao=","carabid","PASELO","Pasimachus elongatus","species",,"LeConte",,2,"Other","77todYjt/jkEGWUHO3SI0BRlGpUHn9Xh","77todYjt/jkEGWUHO3SI0BRlGpUHn9Xh",
"732f5f6f-9b0d-48e7-b276-a61edc8d5f4c","KONZ_004.basePlot.bet","D06","KONZ","KONZ_004","S","2015-08-03","2015-08-17","2015-08-18","2015-08-18","2015-09-30","KONZ_004.S.20150817","7tcdU9lcb1g/QIl0ftjeGLMcCgoFqLA92JH4nZQhF1A=","carabid","CARSP14","Carabidae sp.","family",,"Latreille","D06.2015.MorphP",1,"Other","77todYjt/jkEGWUHO3SI0BRlGpUHn9Xh","sk+ncTlknmGlnEtX/xe01ipH6tZVDj7e","Small, black, cyclotrachelus-like"
"1b2f1c5e-bc38-42f4-ac9d-aa8a43f16472","KONZ_001.basePlot.bet","D06","KONZ","KONZ_001","S","2015-08-03","2015-08-17","2015-08-18","2015-08-18","2015-08-18","KONZ_001.S.20150817","HFNPNHS/o8WJvvi4WMrVYPXgO4GlXm4jk15F8W6wOkg=","carabid","PASELO","Pasimachus elongatus","species",,"LeConte",,13,"Other","77todYjt/jkEGWUHO3SI0BRlGpUHn9Xh","77todYjt/jkEGWUHO3SI0BRlGpUHn9Xh",
"056545f1-f7fe-4749-b120-629a0d86c1fc","KONZ_001.basePlot.bet","D06","KONZ","KONZ_001","S","2015-08-03","2015-08-17","2015-08-18","2015-08-18",,"KONZ_001.S.20150817","HFNPNHS/o8WJvvi4WMrVYIpHLNJ5ZiA+Gy75VxCtGT8=","invert bycatch",,,,,,,,,,"77todYjt/jkEGWUHO3SI0BRlGpUHn9Xh",
"391a24e8-defe-4d40-ba25-69c79eaa4e6a","KONZ_025.basePlot.bet","D06","KONZ","KONZ_025","S","2015-08-03","2015-08-17","2015-08-18","2015-08-20",,"KONZ_025.S.20150817","dZsQaO9YC67CJ/evj2TQkr/K+kivSVSD43DuH4D/KMI=","invert bycatch",,,,,,,,,,"wQI+SYME+gr3nKVXMbMGzlxt6VcoOetL",
"5cf84461-502c-4f69-b91a-4a8e34c3f56f","KONZ_025.basePlot.bet","D06","KONZ","KONZ_025","S","2015-08-03","2015-08-17","2015-08-18","2015-08-20","2015-09-30","KONZ_025.S.20150817","dZsQaO9YC67CJ/evj2TQkiDOwwy6cOPsRi7/x3xEaPc=","carabid","PASELO","Pasimachus elongatus","species",,"LeConte",,1,"Other","77todYjt/jkEGWUHO3SI0BRlGpUHn9Xh","wQI+SYME+gr3nKVXMbMGzlxt6VcoOetL",
"e1946d46-fa13-49f5-adbc-b618355106af","KONZ_025.basePlot.bet","D06","KONZ","KONZ_025","S","2015-08-03","2015-08-17","2015-08-18","2015-08-20","2015-09-30","KONZ_025.S.20150817","dZsQaO9YC67CJ/evj2TQkobWddduhmbNWTSgsXhZx/E=","carabid","CARSP14","Carabidae sp.","family",,"Latreille","D06.2015.MorphC",1,"Other","77todYjt/jkEGWUHO3SI0BRlGpUHn9Xh","wQI+SYME+gr3nKVXMbMGzlxt6VcoOetL","Lime green and bronze, metallic, medium size."
"f969402a-b076-4fe3-9000-4282a8b37c5c","KONZ_004.basePlot.bet","D06","KONZ","KONZ_004","S","2015-08-03","2015-08-17","2015-08-18","2015-08-18",,"KONZ_004.S.20150817","7tcdU9lcb1g/QIl0ftjeGMk9eIO75vG1VDkdGuQ3qV0=","invert bycatch",,,,,,,,,,"sk+ncTlknmGlnEtX/xe01ipH6tZVDj7e",
"abba6981-5565-4e46-a278-491506ab0ba3","KONZ_009.basePlot.bet","D06","KONZ","KONZ_009","W","2015-08-03","2015-08-17","2015-08-18","2015-08-19","2015-09-30","KONZ_009.W.20150817","80BkEGzwD8Z61vzZfbbIQokfMANcN9y/W7yFcYcTUuk=","carabid","CARSP14","Carabidae sp.","family",,"Latreille","D06.2015.MorphQ",1,"Other","77todYjt/jkEGWUHO3SI0BRlGpUHn9Xh","wQI+SYME+gr3nKVXMbMGzlxt6VcoOetL","Smaller, dark brown, cyclotrachelus-like"
"87d0f445-d6cb-4dfa-b4ad-e5ce400a7ea5","KONZ_009.basePlot.bet","D06","KONZ","KONZ_009","W","2015-08-03","2015-08-17","2015-08-18","2015-08-19",,"KONZ_009.W.20150817","80BkEGzwD8Z61vzZfbbIQlfYBhnbmjPf2ksPiZeIHX0=","invert bycatch",,,,,,,,,,"wQI+SYME+gr3nKVXMbMGzlxt6VcoOetL",
"f18d5d6a-8c00-4aae-be7b-91037e472dca","KONZ_009.basePlot.bet","D06","KONZ","KONZ_009","W","2015-08-03","2015-08-17","2015-08-18","2015-08-19","2015-09-30","KONZ_009.W.20150817","80BkEGzwD8Z61vzZfbbIQmWnYIiM1gk008eT5ulAO1g=","carabid","PASCAL","Pasimachus californicus","species",,"Chaudoir",,4,"Other","77todYjt/jkEGWUHO3SI0BRlGpUHn9Xh","wQI+SYME+gr3nKVXMbMGzlxt6VcoOetL",
"c10714aa-1996-457b-9290-45ffe3252064","KONZ_006.basePlot.bet","D06","KONZ","KONZ_006","W","2015-08-03","2015-08-17","2015-08-18","2015-08-20","2015-09-30","KONZ_006.W.20150817","eO41eOee7ngRbX73kQv3gnTGvU0dU3yMH/7Q0TMnriE=","carabid","PASCAL","Pasimachus californicus","species",,"Chaudoir",,1,"Other","77todYjt/jkEGWUHO3SI0BRlGpUHn9Xh","wQI+SYME+gr3nKVXMbMGzlxt6VcoOetL",
"cb9435eb-7780-4073-b460-c0ca9d3fad40","KONZ_002.basePlot.bet","D06","KONZ","KONZ_002","W","2015-08-03","2015-08-17","2015-08-18","2015-08-18","2015-09-30","KONZ_002.W.20150817","hd4HYDqAwpLGZ5we650KZ3Od5QRqcdF5cWQMkipjdHk=","carabid","PASCAL","Pasimachus californicus","species",,"Chaudoir",,2,"Other","77todYjt/jkEGWUHO3SI0BRlGpUHn9Xh","wQI+SYME+gr3nKVXMbMGzlxt6VcoOetL",
"d77e7bfd-5c71-4160-8751-880d89a48f84","KONZ_006.basePlot.bet","D06","KONZ","KONZ_006","W","2015-08-03","2015-08-17","2015-08-18","2015-08-20",,"KONZ_006.W.20150817","eO41eOee7ngRbX73kQv3guCizepwpo4SI0Ow6DvV8b0=","invert bycatch",,,,,,,,,,"wQI+SYME+gr3nKVXMbMGzlxt6VcoOetL",
"159e245c-7475-497a-8ce7-085ad7081983","KONZ_005.basePlot.bet","D06","KONZ","KONZ_005","W","2015-08-03","2015-08-17","2015-08-18","2015-08-19",,"KONZ_005.W.20150817","sLTlFxIy7/i5wcKdTwyJQBEWLMzaEW/eVKcImCxPJmQ=","invert bycatch",,,,,,,,,,"wQI+SYME+gr3nKVXMbMGzlxt6VcoOetL",
"6a20dacc-ba2a-48e9-be77-36ff69156a90","KONZ_003.basePlot.bet","D06","KONZ","KONZ_003","W","2015-08-03","2015-08-17","2015-08-18","2015-08-18",,"KONZ_003.W.20150817","KsyoFpuhSbJZsqc3etbya9XqAGP/4FRS4+xykKwN8sQ=","invert bycatch",,,,,,,,,,"77todYjt/jkEGWUHO3SI0BRlGpUHn9Xh",
"304f789f-8ccd-40ea-b21a-dd88a3edf186","KONZ_008.basePlot.bet","D06","KONZ","KONZ_008","W","2015-08-03","2015-08-17","2015-08-18","2015-08-20","2015-09-30","KONZ_008.W.20150817","R/i9Sy8FrovcH0k3YKqKZBYvhyaIoFYYUjok+Z5Sir4=","carabid","CARSP14","Carabidae sp.","family",,"Latreille","D06.2015.MorphG",1,"Other","77todYjt/jkEGWUHO3SI0BRlGpUHn9Xh","wQI+SYME+gr3nKVXMbMGzlxt6VcoOetL","Metallic green big headed tiger beetle. Megacephala sp."
"5040f0c2-0e1a-4067-aef2-ade178bd943b","KONZ_001.basePlot.bet","D06","KONZ","KONZ_001","W","2015-08-03","2015-08-17","2015-08-18","2015-08-18","2015-08-18","KONZ_001.W.20150817","HFNPNHS/o8VCMLZXgxcAx2s6EwEAZsP6CIhxqwNcXyY=","carabid","PASELO","Pasimachus elongatus","species",,"LeConte",,14,"Other","77todYjt/jkEGWUHO3SI0BRlGpUHn9Xh","77todYjt/jkEGWUHO3SI0BRlGpUHn9Xh",
"fecbeaab-29d5-4c40-a3dc-de5e101651c5","KONZ_007.basePlot.bet","D06","KONZ","KONZ_007","W","2015-08-03","2015-08-17","2015-08-18","2015-08-20","2015-09-30","KONZ_007.W.20150817","f11juJKcl7KXaE1NgNSiNiTookjjMp/K9vG0GN7O4ZA=","carabid","PASCAL","Pasimachus californicus","species",,"Chaudoir",,3,"Other","77todYjt/jkEGWUHO3SI0BRlGpUHn9Xh","77todYjt/jkEGWUHO3SI0BRlGpUHn9Xh",
"dd487e20-663d-4e10-b8bb-35ffd3d349af","KONZ_001.basePlot.bet","D06","KONZ","KONZ_001","W","2015-08-03","2015-08-17","2015-08-18","2015-08-18",,"KONZ_001.W.20150817","HFNPNHS/o8VCMLZXgxcAx2g9rCjm2VbF/ECPadqBoew=","invert bycatch",,,,,,,,,,"77todYjt/jkEGWUHO3SI0BRlGpUHn9Xh",
"8d41339f-f729-42f1-9c05-f3bf2e7a70e4","KONZ_001.basePlot.bet","D06","KONZ","KONZ_001","W","2015-08-03","2015-08-17","2015-08-18","2015-08-18","2015-08-18","KONZ_001.W.20150817","HFNPNHS/o8VCMLZXgxcAx2s6EwEAZsP6zAcV12fBIfs=","carabid","PASELO","Pasimachus elongatus","species",,"LeConte",,14,"Other","77todYjt/jkEGWUHO3SI0BRlGpUHn9Xh","77todYjt/jkEGWUHO3SI0BRlGpUHn9Xh",
"92fd004b-3b58-4e69-a789-e24f00b7e5eb","KONZ_001.basePlot.bet","D06","KONZ","KONZ_001","W","2015-08-03","2015-08-17","2015-08-18","2015-08-18","2015-09-30","KONZ_001.W.20150817","HFNPNHS/o8VCMLZXgxcAxwmXoNYqAi0h846Igo0Rebk=","carabid","PASCAL","Pasimachus californicus","species",,"Chaudoir",,3,"Other","77todYjt/jkEGWUHO3SI0BRlGpUHn9Xh","77todYjt/jkEGWUHO3SI0BRlGpUHn9Xh",
"46184a78-481a-4d77-997c-ab252ec3b6ef","KONZ_008.basePlot.bet","D06","KONZ","KONZ_008","W","2015-08-03","2015-08-17","2015-08-18","2015-08-20",,"KONZ_008.W.20150817","R/i9Sy8FrovcH0k3YKqKZLcUSPUXYhsmqm0dOesLFU4=","invert bycatch",,,,,,,,,,"wQI+SYME+gr3nKVXMbMGzlxt6VcoOetL",
"91241274-ec8c-41b3-85ee-866c0372420c","KONZ_025.basePlot.bet","D06","KONZ","KONZ_025","W","2015-08-03","2015-08-17","2015-08-18","2015-08-20","2015-09-30","KONZ_025.W.20150817","dZsQaO9YC65OWDWxX23icVu7ROVpKVMlbKhsxYDwQC0=","carabid","BRAALT","Brachinus alternans","species",,"Dejean",,1,"Other","77todYjt/jkEGWUHO3SI0BRlGpUHn9Xh","wQI+SYME+gr3nKVXMbMGzlxt6VcoOetL",
"559b3456-706d-4868-bc9b-d35f7359a6b0","KONZ_025.basePlot.bet","D06","KONZ","KONZ_025","W","2015-08-03","2015-08-17","2015-08-18","2015-08-20",,"KONZ_025.W.20150817","dZsQaO9YC65OWDWxX23icQZ15TaNqExfMxYY7h/oE0I=","invert bycatch",,,,,,,,,,"wQI+SYME+gr3nKVXMbMGzlxt6VcoOetL",
"72993ca1-8207-4a11-903e-4dacee5afab9","KONZ_025.basePlot.bet","D06","KONZ","KONZ_025","W","2015-08-03","2015-08-17","2015-08-18","2015-08-20","2015-09-30","KONZ_025.W.20150817","dZsQaO9YC65OWDWxX23iceyEmHm2Ef5QypQExzrTOUg=","carabid","PASELO","Pasimachus elongatus","species",,"LeConte",,1,"Other","77todYjt/jkEGWUHO3SI0BRlGpUHn9Xh","wQI+SYME+gr3nKVXMbMGzlxt6VcoOetL",
"1cb1c6ea-fdb5-4864-9004-0499bdd17f00","KONZ_004.basePlot.bet","D06","KONZ","KONZ_004","W","2015-08-03","2015-08-17","2015-08-18","2015-08-18",,"KONZ_004.W.20150817","7tcdU9lcb1jfTjJFpzcEI009gXwIcLkvgGSR5tU9/y0=","invert bycatch",,,,,,,,,,"sk+ncTlknmGlnEtX/xe01ipH6tZVDj7e",
"3e867f72-0188-4a04-987b-f397e55d1f38","KONZ_003.basePlot.bet","D06","KONZ","KONZ_003","E","2015-08-03","2015-08-17","2015-08-18","2015-08-18","2015-09-30","KONZ_003.E.20150817","KsyoFpuhSbLYrqRt/du34R/9BXbB6wggKZFTuGtYYCc=","carabid","PASCAL","Pasimachus californicus","species",,"Chaudoir",,1,"Other","77todYjt/jkEGWUHO3SI0BRlGpUHn9Xh","77todYjt/jkEGWUHO3SI0BRlGpUHn9Xh",
"d8f18452-5575-4826-826f-0e5ea0ba1908","KONZ_009.basePlot.bet","D06","KONZ","KONZ_009","E","2015-08-03","2015-08-17","2015-08-18","2015-08-19",,"KONZ_009.E.20150817","80BkEGzwD8ZoFVOT95V9S/dMUCS4AmpW/n3QgwpcL8Q=","invert bycatch",,,,,,,,,,"wQI+SYME+gr3nKVXMbMGzlxt6VcoOetL",
"4e0e354f-ef3a-4cf8-aa95-7987dc194a2a","KONZ_009.basePlot.bet","D06","KONZ","KONZ_009","E","2015-08-03","2015-08-17","2015-08-18","2015-08-19","2015-09-30","KONZ_009.E.20150817","80BkEGzwD8ZoFVOT95V9S9Q5GvaO/PpEGeB+Q2T2Yds=","carabid","PASCAL","Pasimachus californicus","species",,"Chaudoir",,2,"Other","77todYjt/jkEGWUHO3SI0BRlGpUHn9Xh","wQI+SYME+gr3nKVXMbMGzlxt6VcoOetL",
"e499912c-d3fc-40ce-9fc6-6da34aeebf0c","KONZ_006.basePlot.bet","D06","KONZ","KONZ_006","E","2015-08-03","2015-08-17","2015-08-18","2015-08-20",,"KONZ_006.E.20150817","eO41eOee7njktXj4zKCFHB2yavFKBWyaEcGQlQymZ0Q=","invert bycatch",,,,,,,,,,"wQI+SYME+gr3nKVXMbMGzlxt6VcoOetL",
"f6cb4c7d-adb2-43bc-b68f-477262b05a9f","KONZ_005.basePlot.bet","D06","KONZ","KONZ_005","E","2015-08-03","2015-08-17","2015-08-18","2015-08-19","2015-09-30","KONZ_005.E.20150817","sLTlFxIy7/iDoTOmj5skvnmzGSFbLR3tV/X4sZgnKkM=","carabid","PASCAL","Pasimachus californicus","species",,"Chaudoir",,11,"Other","77todYjt/jkEGWUHO3SI0BRlGpUHn9Xh","wQI+SYME+gr3nKVXMbMGzlxt6VcoOetL",
"0e28d7b3-95fb-4ee1-8c3d-084901e2befa","KONZ_005.basePlot.bet","D06","KONZ","KONZ_005","E","2015-08-03","2015-08-17","2015-08-18","2015-08-19",,"KONZ_005.E.20150817","sLTlFxIy7/iDoTOmj5skvnoPm2qwBPeTsI1l2x7gUsQ=","invert bycatch",,,,,,,,,,"wQI+SYME+gr3nKVXMbMGzlxt6VcoOetL",
"0af1906f-10c0-4fcd-9ad9-72101c5321ee","KONZ_005.basePlot.bet","D06","KONZ","KONZ_005","E","2015-08-03","2015-08-17","2015-08-18","2015-08-19","2015-09-30","KONZ_005.E.20150817","sLTlFxIy7/iDoTOmj5skvnmzGSFbLR3tnu5xDUSwqk4=","carabid","PASCAL","Pasimachus californicus","species",,"Chaudoir",,5,"Other","77todYjt/jkEGWUHO3SI0BRlGpUHn9Xh","wQI+SYME+gr3nKVXMbMGzlxt6VcoOetL",
"35360b1a-63c2-405d-8c00-9c02ea80068f","KONZ_003.basePlot.bet","D06","KONZ","KONZ_003","E","2015-08-03","2015-08-17","2015-08-18","2015-08-18",,"KONZ_003.E.20150817","KsyoFpuhSbLYrqRt/du34RvosoLUXpZxHEHT5AeFr3I=","invert bycatch",,,,,,,,,,"77todYjt/jkEGWUHO3SI0BRlGpUHn9Xh",
"bc4c4ada-6478-4c0e-9da9-cb781d7d4147","KONZ_008.basePlot.bet","D06","KONZ","KONZ_008","E","2015-08-03","2015-08-17","2015-08-18","2015-08-20",,"KONZ_008.E.20150817","R/i9Sy8FrosUNqbt7EDEEj7ZtgqyZh14CDCpQX40lFw=","invert bycatch",,,,,,,,,,"wQI+SYME+gr3nKVXMbMGzlxt6VcoOetL",
"d77d4e0c-f021-4429-b71a-c4a928a43261","KONZ_007.basePlot.bet","D06","KONZ","KONZ_007","E","2015-08-03","2015-08-17","2015-08-18","2015-08-20","2015-09-30","KONZ_007.E.20150817","f11juJKcl7Ld05dxbwkLyFcHxKiJ6xcx5UL1FQymMIg=","carabid","PASCAL","Pasimachus californicus","species",,"Chaudoir",,5,"Other","77todYjt/jkEGWUHO3SI0BRlGpUHn9Xh","77todYjt/jkEGWUHO3SI0BRlGpUHn9Xh",
"b662ea70-2ce2-4490-8ad4-afe214226633","KONZ_002.basePlot.bet","D06","KONZ","KONZ_002","E","2015-08-03","2015-08-17","2015-08-18","2015-08-18","2015-09-30","KONZ_002.E.20150817","hd4HYDqAwpJv/suzZpXOHMAfnNO8BhEvtZzL3EimcxI=","carabid","PASCAL","Pasimachus californicus","species",,"Chaudoir",,3,"Other","77todYjt/jkEGWUHO3SI0BRlGpUHn9Xh","wQI+SYME+gr3nKVXMbMGzlxt6VcoOetL",
"7abbed89-fa58-47e6-85e5-5eb285c3d883","KONZ_007.basePlot.bet","D06","KONZ","KONZ_007","E","2015-08-03","2015-08-17","2015-08-18","2015-08-20","2015-09-30","KONZ_007.E.20150817","f11juJKcl7Ld05dxbwkLyJVN5G5SQI0TXvgSMHwE6VQ=","carabid","CALEXT","Calosoma externum","species",,"Say",,1,"Other","77todYjt/jkEGWUHO3SI0BRlGpUHn9Xh","77todYjt/jkEGWUHO3SI0BRlGpUHn9Xh",
"28767749-7736-40ca-8815-60f1f011eacd","KONZ_001.basePlot.bet","D06","KONZ","KONZ_001","E","2015-08-03","2015-08-17","2015-08-18","2015-08-18","2015-09-30","KONZ_001.E.20150817","HFNPNHS/o8XPUZEVZnyshA5Q56S2UxFHfUTyk/PbKyg=","carabid","CARSP14","Carabidae sp.","family",,"Latreille","D06.2015.MorphG",1,"Other","77todYjt/jkEGWUHO3SI0BRlGpUHn9Xh","77todYjt/jkEGWUHO3SI0BRlGpUHn9Xh","Metallic green big headed tiger beetle. Megacephala sp."
"54901169-bec2-4d2c-81d1-2da37f3d74dd","KONZ_001.basePlot.bet","D06","KONZ","KONZ_001","E","2015-08-03","2015-08-17","2015-08-18","2015-08-18",,"KONZ_001.E.20150817","HFNPNHS/o8XPUZEVZnyshFFUKmjW4ypNxW5k2oJL7Iw=","invert bycatch",,,,,,,,,,"77todYjt/jkEGWUHO3SI0BRlGpUHn9Xh",
"362762ab-b184-47bd-bc2f-1781e3571e6c","KONZ_001.basePlot.bet","D06","KONZ","KONZ_001","E","2015-08-03","2015-08-17","2015-08-18","2015-08-18","2015-09-30","KONZ_001.E.20150817","HFNPNHS/o8XPUZEVZnyshAp1KfJxhY8Z4HDl+565+Gk=","carabid","PASCAL","Pasimachus californicus","species",,"Chaudoir",,2,"Other","77todYjt/jkEGWUHO3SI0BRlGpUHn9Xh","77todYjt/jkEGWUHO3SI0BRlGpUHn9Xh",
"60aba843-25fa-46a7-9ff4-cee5be177245","KONZ_001.basePlot.bet","D06","KONZ","KONZ_001","E","2015-08-03","2015-08-17","2015-08-18","2015-08-18","2015-08-18","KONZ_001.E.20150817","HFNPNHS/o8XPUZEVZnyshEH3uwVi1Pbb3lEOaKIiaBY=","carabid","PASELO","Pasimachus elongatus","species",,"LeConte",,4,"Other","77todYjt/jkEGWUHO3SI0BRlGpUHn9Xh","77todYjt/jkEGWUHO3SI0BRlGpUHn9Xh",
"b7f7cd77-ba53-47b5-9469-3b50673b755b","KONZ_008.basePlot.bet","D06","KONZ","KONZ_008","E","2015-08-03","2015-08-17","2015-08-18","2015-08-20","2015-09-30","KONZ_008.E.20150817","R/i9Sy8FrosUNqbt7EDEEiKrEvdmJpAVwz1qtEdpgVU=","carabid","PASCAL","Pasimachus californicus","species",,"Chaudoir",,3,"Other","77todYjt/jkEGWUHO3SI0BRlGpUHn9Xh","wQI+SYME+gr3nKVXMbMGzlxt6VcoOetL",
"42858fbb-9d75-45d4-9ce5-b34eec708e4e","KONZ_025.basePlot.bet","D06","KONZ","KONZ_025","E","2015-08-03","2015-08-17","2015-08-18","2015-08-20",,"KONZ_025.E.20150817","dZsQaO9YC654UGzAtr7R4XpdnFT9M5bQzpio5U0Awvk=","invert bycatch",,,,,,,,,,"wQI+SYME+gr3nKVXMbMGzlxt6VcoOetL",
"73ee80dd-ad7f-427a-bfd6-ec72832e5ea1","KONZ_004.basePlot.bet","D06","KONZ","KONZ_004","E","2015-08-03","2015-08-17","2015-08-18","2015-08-18",,"KONZ_004.E.20150817","7tcdU9lcb1jNrE/axflgr8CeVU9L2YaYjNJwIjzHG2A=","invert bycatch",,,,,,,,,,"sk+ncTlknmGlnEtX/xe01ipH6tZVDj7e",
"b27741df-98a1-46f7-879e-731aae570b58","KONZ_004.basePlot.bet","D06","KONZ","KONZ_004","E","2015-08-03","2015-08-17","2015-08-18","2015-08-18","2015-09-30","KONZ_004.E.20150817","7tcdU9lcb1jNrE/axflgr2TjQHNE3I2ict95lJxC0nk=","carabid","PASCAL","Pasimachus californicus","species",,"Chaudoir",,1,"Other","77todYjt/jkEGWUHO3SI0BRlGpUHn9Xh","sk+ncTlknmGlnEtX/xe01ipH6tZVDj7e",
"9baa541d-9834-402d-85d9-74abb2f6076d","KONZ_002.basePlot.bet","D06","KONZ","KONZ_002","N","2015-08-03","2015-08-17","2015-08-18","2015-08-18","2015-09-30","KONZ_002.N.20150817","hd4HYDqAwpL2Wm0+In+JemYBXiBc7IB+tGfK6I83Eqo=","carabid","PASELO","Pasimachus elongatus","species",,"LeConte",,1,"Other","77todYjt/jkEGWUHO3SI0BRlGpUHn9Xh","wQI+SYME+gr3nKVXMbMGzlxt6VcoOetL",
"003763b4-00d6-4145-930d-70017d543f76","KONZ_009.basePlot.bet","D06","KONZ","KONZ_009","N","2015-08-03","2015-08-17","2015-08-18","2015-08-19",,"KONZ_009.N.20150817","80BkEGzwD8Z+hvN73eG7CRG1KCnNJyUSEBpjMbBptwE=","invert bycatch",,,,,,,,,,"wQI+SYME+gr3nKVXMbMGzlxt6VcoOetL",
"790f8835-0190-4ee7-b95c-2b10d885c4ca","KONZ_009.basePlot.bet","D06","KONZ","KONZ_009","N","2015-08-03","2015-08-17","2015-08-18","2015-08-19","2015-09-30","KONZ_009.N.20150817","80BkEGzwD8Z+hvN73eG7CV3xHmZm64wjzVqjqX4rdzA=","carabid","CARSP14","Carabidae sp.","family",,"Latreille","D06.2015.MorphQ",3,"Other","77todYjt/jkEGWUHO3SI0BRlGpUHn9Xh","wQI+SYME+gr3nKVXMbMGzlxt6VcoOetL","Smaller, dark brown, cyclotrachelus-like"
"81c6c56b-0b72-4946-ba44-67372170c535","KONZ_009.basePlot.bet","D06","KONZ","KONZ_009","N","2015-08-03","2015-08-17","2015-08-18","2015-08-19","2015-09-30","KONZ_009.N.20150817","80BkEGzwD8Z+hvN73eG7CaMeEoNM0lR8eW5XY2mVLOU=","carabid","PASCAL","Pasimachus californicus","species",,"Chaudoir",,3,"Other","77todYjt/jkEGWUHO3SI0BRlGpUHn9Xh","wQI+SYME+gr3nKVXMbMGzlxt6VcoOetL",
"4b116d67-3138-4dde-8398-7480e24b6314","KONZ_005.basePlot.bet","D06","KONZ","KONZ_005","N","2015-08-03","2015-08-17","2015-08-18","2015-08-19","2015-09-30","KONZ_005.N.20150817","sLTlFxIy7/if1TYE7UtrOTTC9qTcQiQPc0QmSe3s07A=","carabid","PASCAL","Pasimachus californicus","species",,"Chaudoir",,2,"Other","77todYjt/jkEGWUHO3SI0BRlGpUHn9Xh","wQI+SYME+gr3nKVXMbMGzlxt6VcoOetL",
"a27fda6f-9145-41fd-914d-ab8f0c6d3832","KONZ_003.basePlot.bet","D06","KONZ","KONZ_003","N","2015-08-03","2015-08-17","2015-08-18","2015-08-18","2015-09-30","KONZ_003.N.20150817","KsyoFpuhSbKT5wZId01de1DcdyfrZ+T+3vzDGmkRSlE=","carabid","PASELO","Pasimachus elongatus","species",,"LeConte",,1,"Other","77todYjt/jkEGWUHO3SI0BRlGpUHn9Xh","77todYjt/jkEGWUHO3SI0BRlGpUHn9Xh",
"227227c7-32f1-48e7-9d00-1db5488aa7a8","KONZ_003.basePlot.bet","D06","KONZ","KONZ_003","N","2015-08-03","2015-08-17","2015-08-18","2015-08-18",,"KONZ_003.N.20150817","KsyoFpuhSbKT5wZId01deyYtmjD7JAfJR5OFP9s1jlc=","invert bycatch",,,,,,,,,,"77todYjt/jkEGWUHO3SI0BRlGpUHn9Xh",
"1d3936ca-6af4-4539-a437-7e9c6eeae0a3","KONZ_005.basePlot.bet","D06","KONZ","KONZ_005","N","2015-08-03","2015-08-17","2015-08-18","2015-08-19",,"KONZ_005.N.20150817","sLTlFxIy7/if1TYE7UtrOXDyCm9A+QzcABx70knNgdY=","invert bycatch",,,,,,,,,,"wQI+SYME+gr3nKVXMbMGzlxt6VcoOetL",
"6270d649-6f5b-49d0-8342-2dda9e8b4058","KONZ_002.basePlot.bet","D06","KONZ","KONZ_002","N","2015-08-03","2015-08-17","2015-08-18","2015-08-18","2015-09-30","KONZ_002.N.20150817","hd4HYDqAwpL2Wm0+In+JekR86iwqJ5Rf/JY9w8AMBbE=","carabid","PASCAL","Pasimachus californicus","species",,"Chaudoir",,4,"Other","77todYjt/jkEGWUHO3SI0BRlGpUHn9Xh","wQI+SYME+gr3nKVXMbMGzlxt6VcoOetL",
"a48f498e-411e-4c12-a941-20904573b4f0","KONZ_002.basePlot.bet","D06","KONZ","KONZ_002","N","2015-08-03","2015-08-17","2015-08-18","2015-08-18",,"KONZ_002.N.20150817","hd4HYDqAwpL2Wm0+In+JeqiCKfQfZydXGssMf6VDR3g=","invert bycatch",,,,,,,,,,"wQI+SYME+gr3nKVXMbMGzlxt6VcoOetL","All traps from this plot contained carabids and all bycatch from the plot pooled into one single vial."
"f305387d-d866-4e92-a537-b684750eb3ec","KONZ_006.basePlot.bet","D06","KONZ","KONZ_006","N","2015-08-03","2015-08-17","2015-08-18","2015-08-20",,"KONZ_006.N.20150817","eO41eOee7nhRvbi34S5VOQacHIEcSM559LMLAIruKG4=","invert bycatch",,,,,,,,,,"wQI+SYME+gr3nKVXMbMGzlxt6VcoOetL",
"4d1c1716-914a-4c6f-8299-bbbd11743edb","KONZ_006.basePlot.bet","D06","KONZ","KONZ_006","N","2015-08-03","2015-08-17","2015-08-18","2015-08-20","2015-08-18","KONZ_006.N.20150817","eO41eOee7nhRvbi34S5VOUfCdYzRyXGv/fy/srUUk/A=","vert bycatch herp","PSEMAC","Pseudacris maculata","species","cf. species","Agassiz",,1,"Other","wQI+SYME+gr3nKVXMbMGzlxt6VcoOetL","wQI+SYME+gr3nKVXMbMGzlxt6VcoOetL",
"4d08f86f-a84c-49b4-af27-7c50fe1f0d3c","KONZ_007.basePlot.bet","D06","KONZ","KONZ_007","W","2015-08-17","2015-08-31","2015-08-31","2015-09-09",,"KONZ_007.W.20150831","f11juJKcl7KXaE1NgNSiNlJ0gP/kxeP2Ff9N92zGJXI=","invert bycatch",,,,,,,,,,"sk+ncTlknmGlnEtX/xe01ipH6tZVDj7e",
"8a3da245-992e-46f4-8027-9840940091c2","KONZ_008.basePlot.bet","D06","KONZ","KONZ_008","W","2015-08-17","2015-08-31","2015-08-31","2015-09-09","2015-09-30","KONZ_008.W.20150831","R/i9Sy8FrovcH0k3YKqKZE2GLp+MsI3rNp6ZV66wxZk=","carabid","CARSP14","Carabidae sp.","family",,"Latreille","D06.2015.MorphP",5,"Other","77todYjt/jkEGWUHO3SI0BRlGpUHn9Xh","sk+ncTlknmGlnEtX/xe01ipH6tZVDj7e","Small, black, cyclotrachelus-like"
"cb7dcda3-1c74-4471-9741-156a9ab67713","KONZ_008.basePlot.bet","D06","KONZ","KONZ_008","W","2015-08-17","2015-08-31","2015-08-31","2015-09-09",,"KONZ_008.W.20150831","R/i9Sy8FrovcH0k3YKqKZCeO9AICJ/XlGkmPDuBfC20=","invert bycatch",,,,,,,,,,"sk+ncTlknmGlnEtX/xe01ipH6tZVDj7e",
"0987db87-527b-4c37-a094-8b6e598f591a","KONZ_001.basePlot.bet","D06","KONZ","KONZ_001","W","2015-08-17","2015-08-31","2015-08-31","2015-09-09","2015-11-23","KONZ_001.W.20150831","HFNPNHS/o8VCMLZXgxcAx1mEG405pL4yIC2REGqiwHw=","carabid","PASELO","Pasimachus elongatus","species",,"LeConte",,13,"Other","uXSN77Q7x9cACyt+x8PEhxuBjTDRBKZV","wQI+SYME+gr3nKVXMbMGzlxt6VcoOetL",
"5abd62a0-7ffa-4c17-9cd9-e0c07621dac9","KONZ_001.basePlot.bet","D06","KONZ","KONZ_001","W","2015-08-17","2015-08-31","2015-08-31","2015-09-09",,"KONZ_001.W.20150831","HFNPNHS/o8VCMLZXgxcAxz9u3v25rpWNSB67ioo8+Qk=","invert bycatch",,,,,,,,,,"wQI+SYME+gr3nKVXMbMGzlxt6VcoOetL",
"883fa721-7b67-4bc2-b181-adb762146cca","KONZ_001.basePlot.bet","D06","KONZ","KONZ_001","W","2015-08-17","2015-08-31","2015-08-31","2015-09-09","2015-11-23","KONZ_001.W.20150831","HFNPNHS/o8VCMLZXgxcAxz9sr9IzMn+C+/28SeXh0RI=","carabid","PASCAL","Pasimachus californicus","species",,"Chaudoir",,5,"Other","uXSN77Q7x9cACyt+x8PEhxuBjTDRBKZV","wQI+SYME+gr3nKVXMbMGzlxt6VcoOetL",
"1d3316cc-8b8a-462d-8fd2-fa83910dcea5","KONZ_004.basePlot.bet","D06","KONZ","KONZ_004","W","2015-08-17","2015-08-31","2015-08-31","2015-09-09",,"KONZ_004.W.20150831","7tcdU9lcb1jfTjJFpzcEI9G89lrKVYe3vMomozNeVqM=","invert bycatch",,,,,,,,,,"sk+ncTlknmGlnEtX/xe01ipH6tZVDj7e",
"01e17898-eda4-4a1e-87b0-5decc2299feb","KONZ_004.basePlot.bet","D06","KONZ","KONZ_004","W","2015-08-17","2015-08-31","2015-08-31","2015-09-09","2015-09-30","KONZ_004.W.20150831","7tcdU9lcb1jfTjJFpzcEIwpWvx7qdS1tsoRP+AxM/Ek=","carabid","PASCAL","Pasimachus californicus","species",,"Chaudoir",,1,"Other","77todYjt/jkEGWUHO3SI0BRlGpUHn9Xh","sk+ncTlknmGlnEtX/xe01ipH6tZVDj7e",
"83084615-8f4c-45d9-aba8-0199ad917ca5","KONZ_025.basePlot.bet","D06","KONZ","KONZ_025","W","2015-08-17","2015-08-31","2015-08-31","2015-09-14",,"KONZ_025.W.20150831","dZsQaO9YC65OWDWxX23icZgac899bix20T3Q683jYwc=","invert bycatch",,,,,,,,,,"77todYjt/jkEGWUHO3SI0BRlGpUHn9Xh",
"b4260854-fe64-4efc-a488-4f23eb8a99cd","KONZ_001.basePlot.bet","D06","KONZ","KONZ_001","E","2015-08-17","2015-08-31","2015-08-31","2015-09-09",,"KONZ_001.E.20150831","HFNPNHS/o8XPUZEVZnyshE/NcekQT2H+Db2z7WhBUhQ=","invert bycatch",,,,,,,,,,"wQI+SYME+gr3nKVXMbMGzlxt6VcoOetL",
"cb717efb-50c1-46ab-bd7e-e479847c58db","KONZ_025.basePlot.bet","D06","KONZ","KONZ_025","E","2015-08-17","2015-08-31","2015-08-31","2015-09-14","2015-09-14","KONZ_025.E.20150831","dZsQaO9YC654UGzAtr7R4ZafY3Qbm5GgobhPe/uiK8g=","carabid","CARSP14","Carabidae sp.","family",,"Latreille","D06.2015.MorphB",1,"Other","77todYjt/jkEGWUHO3SI0BRlGpUHn9Xh","77todYjt/jkEGWUHO3SI0BRlGpUHn9Xh","Cyclotrachelus sp. Black oval pronotum. Notches on the posterolateral angles."
"0b45fb9f-7781-4f87-9e9b-ef0bce865e5b","KONZ_025.basePlot.bet","D06","KONZ","KONZ_025","E","2015-08-17","2015-08-31","2015-08-31","2015-09-14",,"KONZ_025.E.20150831","dZsQaO9YC654UGzAtr7R4c/at3gatiCsCcowE9VlwuA=","invert bycatch",,,,,,,,,,"77todYjt/jkEGWUHO3SI0BRlGpUHn9Xh",
"85454f0c-4ba7-44fc-90e8-0be2e96c8bcb","KONZ_007.basePlot.bet","D06","KONZ","KONZ_007","E","2015-08-17","2015-08-31","2015-08-31","2015-09-09","2015-09-30","KONZ_007.E.20150831","f11juJKcl7Ld05dxbwkLyEstIUhIODseQorQjs5Vsts=","carabid","CARSP14","Carabidae sp.","family",,"Latreille","D06.2015.MorphB",1,"Other","77todYjt/jkEGWUHO3SI0BRlGpUHn9Xh","sk+ncTlknmGlnEtX/xe01ipH6tZVDj7e","Cyclotrachelus sp. Black oval pronotum. Notches on the posterolateral angles."
"1d243cb6-560d-4133-9468-f729e38d4761","KONZ_008.basePlot.bet","D06","KONZ","KONZ_008","E","2015-08-17","2015-08-31","2015-08-31","2015-09-09",,"KONZ_008.E.20150831","R/i9Sy8FrosUNqbt7EDEEu5ELpc2fG/qC2ywvPz1mCU=","invert bycatch",,,,,,,,,,"sk+ncTlknmGlnEtX/xe01ipH6tZVDj7e",
"00d9cb07-70f5-4a6e-bdc2-d8404aa6a909","KONZ_001.basePlot.bet","D06","KONZ","KONZ_001","E","2015-08-17","2015-08-31","2015-08-31","2015-09-09","2015-09-30","KONZ_001.E.20150831","HFNPNHS/o8XPUZEVZnyshIZeH0LMrUiwU8lYGeTc38s=","carabid","PASCAL","Pasimachus californicus","species",,"Chaudoir",,1,"Other","77todYjt/jkEGWUHO3SI0BRlGpUHn9Xh","wQI+SYME+gr3nKVXMbMGzlxt6VcoOetL",
"0e1b30e8-2d80-4cc3-8ce9-81b69fa2cdf6","KONZ_001.basePlot.bet","D06","KONZ","KONZ_001","E","2015-08-17","2015-08-31","2015-08-31","2015-09-09","2015-09-30","KONZ_001.E.20150831","HFNPNHS/o8XPUZEVZnyshM5U66lBFBgduyH6rZF291M=","carabid","PASELO","Pasimachus elongatus","species",,"LeConte",,1,"Other","77todYjt/jkEGWUHO3SI0BRlGpUHn9Xh","wQI+SYME+gr3nKVXMbMGzlxt6VcoOetL",
"7a34bf52-e0f5-46a9-a624-9f979e05fb73","KONZ_004.basePlot.bet","D06","KONZ","KONZ_004","E","2015-08-17","2015-08-31","2015-08-31","2015-09-09",,"KONZ_004.E.20150831","7tcdU9lcb1jNrE/axflgr6FegXMjvGTo5Wb5czW3Dik=","invert bycatch",,,,,,,,,,"sk+ncTlknmGlnEtX/xe01ipH6tZVDj7e",
"541a958f-8198-4e8c-869f-845915b99900","KONZ_005.basePlot.bet","D06","KONZ","KONZ_005","E","2015-08-17","2015-08-31","2015-08-31","2015-09-11","2015-09-11","KONZ_005.E.20150831","sLTlFxIy7/iDoTOmj5skvvC8mZuob2gGYLq0tlq5QyU=","carabid","PASCAL","Pasimachus californicus","species",,"Chaudoir",,3,"Other","77todYjt/jkEGWUHO3SI0BRlGpUHn9Xh","77todYjt/jkEGWUHO3SI0BRlGpUHn9Xh",
"abf192a9-c557-4d03-a64d-b6efaff01f90","KONZ_006.basePlot.bet","D06","KONZ","KONZ_006","E","2015-08-17","2015-08-31","2015-08-31","2015-09-04",,"KONZ_006.E.20150831","eO41eOee7njktXj4zKCFHAUsv4xu3B/TBwtNiZt6l6U=","invert bycatch",,,,,,,,,,"77todYjt/jkEGWUHO3SI0BRlGpUHn9Xh",
"d2eb093a-0ce8-47b3-adad-d21e2f1e0a08","KONZ_002.basePlot.bet","D06","KONZ","KONZ_002","E","2015-08-17","2015-08-31","2015-08-31","2015-09-14",,"KONZ_002.E.20150831","hd4HYDqAwpJv/suzZpXOHN8QzWIZwK57ixFagkiwl0I=","invert bycatch",,,,,,,,,,"77todYjt/jkEGWUHO3SI0BRlGpUHn9Xh",
"332a3a10-5371-40fc-98f7-f52fedae6697","KONZ_007.basePlot.bet","D06","KONZ","KONZ_007","E","2015-08-17","2015-08-31","2015-08-31","2015-09-09",,"KONZ_007.E.20150831","f11juJKcl7Ld05dxbwkLyJemk0lKzlLLodTtodgm79Y=","invert bycatch",,,,,,,,,,"sk+ncTlknmGlnEtX/xe01ipH6tZVDj7e",
"289a3b0b-bf09-496a-b68d-e571623834a6","KONZ_009.basePlot.bet","D06","KONZ","KONZ_009","E","2015-08-17","2015-08-31","2015-08-31","2015-09-11","2015-09-11","KONZ_009.E.20150831","80BkEGzwD8ZoFVOT95V9S4RiAo0oKkjFxKM14Z0dj5g=","carabid","PASCAL","Pasimachus californicus","species",,"Chaudoir",,5,"Other","77todYjt/jkEGWUHO3SI0BRlGpUHn9Xh","77todYjt/jkEGWUHO3SI0BRlGpUHn9Xh",
"2a2228f9-96c6-4a11-8928-367a5f5e607b","KONZ_009.basePlot.bet","D06","KONZ","KONZ_009","E","2015-08-17","2015-08-31","2015-08-31","2015-09-11",,"KONZ_009.E.20150831","80BkEGzwD8ZoFVOT95V9S/+Svxl1g2JOYZCOtRDlzDI=","invert bycatch",,,,,,,,,,"77todYjt/jkEGWUHO3SI0BRlGpUHn9Xh",
"8695e2c2-8e4e-4fd0-a4d0-6d9d368c52d5","KONZ_009.basePlot.bet","D06","KONZ","KONZ_009","E","2015-08-17","2015-08-31","2015-08-31","2015-09-11","2015-09-30","KONZ_009.E.20150831","80BkEGzwD8ZoFVOT95V9SwC79mPcfiHpCSd76GmrQgw=","carabid","CARSP14","Carabidae sp.","family",,"Latreille","D06.2015.MorphQ",8,"Other","77todYjt/jkEGWUHO3SI0BRlGpUHn9Xh","77todYjt/jkEGWUHO3SI0BRlGpUHn9Xh","Smaller, dark brown, cyclotrachelus-like"
"00fc6e44-b46b-4ffe-813f-a9127c6b8972","KONZ_003.basePlot.bet","D06","KONZ","KONZ_003","E","2015-08-17","2015-08-31","2015-08-31","2015-09-11",,"KONZ_003.E.20150831","KsyoFpuhSbLYrqRt/du34VC3q0pla3m7XkZONWothsk=","invert bycatch",,,,,,,,,,"77todYjt/jkEGWUHO3SI0BRlGpUHn9Xh",
"88980596-608d-4e3f-9299-69be420cee0e","KONZ_004.basePlot.bet","D06","KONZ","KONZ_004","N","2015-08-17","2015-08-31","2015-08-31","2015-09-09","2015-09-30","KONZ_004.N.20150831","7tcdU9lcb1jPbQfubaKjECDeVyE7xONNStAWmootuhs=","carabid","PASCAL","Pasimachus californicus","species",,"Chaudoir",,1,"Other","77todYjt/jkEGWUHO3SI0BRlGpUHn9Xh","sk+ncTlknmGlnEtX/xe01ipH6tZVDj7e",
"5ed0bbfd-65bf-44cf-8242-5a1e47e6967f","KONZ_025.basePlot.bet","D06","KONZ","KONZ_025","N","2015-08-17","2015-08-31","2015-08-31","2015-09-14","2015-09-30","KONZ_025.N.20150831","dZsQaO9YC65sGOV0aokX3LOMIGvoO4XOP4bf3ZYYe6A=","carabid","CARSP14","Carabidae sp.","family",,"Latreille","D06.2015.MorphK",1,"Other","77todYjt/jkEGWUHO3SI0BRlGpUHn9Xh","77todYjt/jkEGWUHO3SI0BRlGpUHn9Xh","Dark brown overall, light brown edge of pronotum. Pronotum basally punctate. Harpalus sp."
"e2457b6a-0d99-42de-a6a1-b95dcd307cdd","KONZ_025.basePlot.bet","D06","KONZ","KONZ_025","N","2015-08-17","2015-08-31","2015-08-31","2015-09-14",,"KONZ_025.N.20150831","dZsQaO9YC65sGOV0aokX3Dd8vAqfIgtUVQgpAO3wnpA=","invert bycatch",,,,,,,,,,"77todYjt/jkEGWUHO3SI0BRlGpUHn9Xh",
"99cc4930-e9ed-45e5-8035-c0318a878ab0","KONZ_001.basePlot.bet","D06","KONZ","KONZ_001","N","2015-08-17","2015-08-31","2015-08-31","2015-09-09","2015-11-23","KONZ_001.N.20150831","HFNPNHS/o8WJPS01kRqw7c+qbpMLvMa0g50/2gxde8o=","carabid","CARSP14","Carabidae sp.","family",,"Latreille","D06.2015.MorphB",2,"Other","uXSN77Q7x9cACyt+x8PEhxuBjTDRBKZV","wQI+SYME+gr3nKVXMbMGzlxt6VcoOetL","Cyclotrachelus sp. Black oval pronotum. Notches on the posterolateral angles."
"9d275a52-bae8-4778-9f21-7199820534cc","KONZ_001.basePlot.bet","D06","KONZ","KONZ_001","N","2015-08-17","2015-08-31","2015-08-31","2015-09-09",,"KONZ_001.N.20150831","HFNPNHS/o8WJPS01kRqw7SN6DeTqzimntp6lYe+Dp4w=","invert bycatch",,,,,,,,,,"wQI+SYME+gr3nKVXMbMGzlxt6VcoOetL",
"a9f0d131-08ce-473b-bb52-406b64741715","KONZ_001.basePlot.bet","D06","KONZ","KONZ_001","N","2015-08-17","2015-08-31","2015-08-31","2015-09-09","2015-11-23","KONZ_001.N.20150831","HFNPNHS/o8WJPS01kRqw7T2TMKFRNEeEvpJ1GflQjW4=","carabid","PASELO","Pasimachus elongatus","species",,"LeConte",,3,"Other","uXSN77Q7x9cACyt+x8PEhxuBjTDRBKZV","wQI+SYME+gr3nKVXMbMGzlxt6VcoOetL",
"a4117227-f2eb-427b-b45b-9908e2bc3c91","KONZ_004.basePlot.bet","D06","KONZ","KONZ_004","N","2015-08-17","2015-08-31","2015-08-31","2015-09-09",,"KONZ_004.N.20150831","7tcdU9lcb1jPbQfubaKjENJ4i8u++axA7xnhose5h0M=","invert bycatch",,,,,,,,,,"sk+ncTlknmGlnEtX/xe01ipH6tZVDj7e",
"a0353ecb-2dbe-4fbb-855b-5081ac056eb0","KONZ_004.basePlot.bet","D06","KONZ","KONZ_004","N","2015-08-17","2015-08-31","2015-08-31","2015-09-09","2015-09-30","KONZ_004.N.20150831","7tcdU9lcb1jPbQfubaKjEP143tAEqDfSL9x8pq1a52g=","carabid","CARSP14","Carabidae sp.","family",,"Latreille","D06.2015.MorphP",4,"Other","77todYjt/jkEGWUHO3SI0BRlGpUHn9Xh","sk+ncTlknmGlnEtX/xe01ipH6tZVDj7e","Small, black, cyclotrachelus-like"
"067d6e21-bed5-45ba-b3f6-075bd7ae2155","KONZ_002.basePlot.bet","D06","KONZ","KONZ_002","N","2015-08-17","2015-08-31","2015-08-31","2015-09-14","2015-09-14","KONZ_002.N.20150831","hd4HYDqAwpL2Wm0+In+Jej7ODHRN4eD9VnMKhb8VmgY=","carabid","PASCAL","Pasimachus californicus","species",,"Chaudoir",,2,"Other","77todYjt/jkEGWUHO3SI0BRlGpUHn9Xh","77todYjt/jkEGWUHO3SI0BRlGpUHn9Xh",
"9645a615-e39e-4ad6-8e9e-e67332d77fea","KONZ_007.basePlot.bet","D06","KONZ","KONZ_007","N","2015-08-17","2015-08-31","2015-08-31","2015-09-09",,"KONZ_007.N.20150831","f11juJKcl7Kn7RrE1HWVPb7kkkcgig3asYESPCxyklc=","invert bycatch",,,,,,,,,,"sk+ncTlknmGlnEtX/xe01ipH6tZVDj7e",
"1f6a4639-4ce3-4256-a1ae-952238af5720","KONZ_008.basePlot.bet","D06","KONZ","KONZ_008","N","2015-08-17","2015-08-31","2015-08-31","2015-09-09","2015-09-30","KONZ_008.N.20150831","R/i9Sy8FroutjMTNHNshKcQZ4O3i27MfxFAJxyvXDug=","carabid","CARSP14","Carabidae sp.","family",,"Latreille","D06.2015.MorphP",4,"Other","77todYjt/jkEGWUHO3SI0BRlGpUHn9Xh","sk+ncTlknmGlnEtX/xe01ipH6tZVDj7e","Small, black, cyclotrachelus-like"
"585ffab0-7f05-442a-a0bc-8fda244c01ef","KONZ_008.basePlot.bet","D06","KONZ","KONZ_008","N","2015-08-17","2015-08-31","2015-08-31","2015-09-09",,"KONZ_008.N.20150831","R/i9Sy8FroutjMTNHNshKSBU0kkmycI389DvgYeYp4E=","invert bycatch",,,,,,,,,,"sk+ncTlknmGlnEtX/xe01ipH6tZVDj7e",
"6017228d-a60f-4902-9571-1d9593e54410","KONZ_005.basePlot.bet","D06","KONZ","KONZ_005","N","2015-08-17","2015-08-31","2015-08-31","2015-09-11",,"KONZ_005.N.20150831","sLTlFxIy7/if1TYE7UtrOVmvnjxqUn6w5Ipr/YwgsPE=","invert bycatch",,,,,,,,,,"77todYjt/jkEGWUHO3SI0BRlGpUHn9Xh","All traps from this plot contained carabids and all bycatch from the plot pooled into one single vial."
"1b605490-9e7d-472f-94be-a28c13d02a94","KONZ_005.basePlot.bet","D06","KONZ","KONZ_005","N","2015-08-17","2015-08-31","2015-08-31","2015-09-11","2015-09-11","KONZ_005.N.20150831","sLTlFxIy7/if1TYE7UtrOaSc22q5C4LRu1V8N1/CF/s=","carabid","PASCAL","Pasimachus californicus","species",,"Chaudoir",,4,"Other","77todYjt/jkEGWUHO3SI0BRlGpUHn9Xh","77todYjt/jkEGWUHO3SI0BRlGpUHn9Xh",
"cc7ba700-e1da-421d-8fc1-af5598ea2ce2","KONZ_006.basePlot.bet","D06","KONZ","KONZ_006","N","2015-08-17","2015-08-31","2015-08-31","2015-09-04",,"KONZ_006.N.20150831","eO41eOee7nhRvbi34S5VOXJW3uI5A+JQdArjHU6B++g=","invert bycatch",,,,,,,,,,"77todYjt/jkEGWUHO3SI0BRlGpUHn9Xh",
"8f1dddc6-28ba-4935-8144-53142d80f021","KONZ_002.basePlot.bet","D06","KONZ","KONZ_002","N","2015-08-17","2015-08-31","2015-08-31","2015-09-14",,"KONZ_002.N.20150831","hd4HYDqAwpL2Wm0+In+JeteLgq8IxWNWyR6xlp5chh8=","invert bycatch",,,,,,,,,,"77todYjt/jkEGWUHO3SI0BRlGpUHn9Xh",
"f97b23ab-508f-4a36-a6ce-bcd19f8bc843","KONZ_009.basePlot.bet","D06","KONZ","KONZ_009","N","2015-08-17","2015-08-31","2015-08-31","2015-09-11","2015-09-11","KONZ_009.N.20150831","80BkEGzwD8Z+hvN73eG7CSr/45XPHsOnfxSVTcuaNCM=","carabid","CARSP14","Carabidae sp.","family",,"Latreille","D06.2015.MorphB",1,"Other","77todYjt/jkEGWUHO3SI0BRlGpUHn9Xh","77todYjt/jkEGWUHO3SI0BRlGpUHn9Xh","Cyclotrachelus sp. Black oval pronotum. Notches on the posterolateral angles."
"85fd9471-bd01-4686-b1e1-43a4ae256786","KONZ_009.basePlot.bet","D06","KONZ","KONZ_009","N","2015-08-17","2015-08-31","2015-08-31","2015-09-11",,"KONZ_009.N.20150831","80BkEGzwD8Z+hvN73eG7CTSfvTgb9zMsc5djQGHnoBY=","invert bycatch",,,,,,,,,,"77todYjt/jkEGWUHO3SI0BRlGpUHn9Xh",
"1b5b1fa3-a55e-46ce-8d87-912ad3feb35e","KONZ_009.basePlot.bet","D06","KONZ","KONZ_009","N","2015-08-17","2015-08-31","2015-08-31","2015-09-11","2015-09-30","KONZ_009.N.20150831","80BkEGzwD8Z+hvN73eG7CSr/45XPHsOnPtmsNiM0nw0=","carabid","CARSP14","Carabidae sp.","family",,"Latreille","D06.2015.MorphQ",1,"Other","77todYjt/jkEGWUHO3SI0BRlGpUHn9Xh","77todYjt/jkEGWUHO3SI0BRlGpUHn9Xh","Smaller, dark brown, cyclotrachelus-like"
"0269fbe8-16bd-4767-8c06-3b5c0672388b","KONZ_003.basePlot.bet","D06","KONZ","KONZ_003","N","2015-08-17","2015-08-31","2015-08-31","2015-09-11",,"KONZ_003.N.20150831","KsyoFpuhSbKT5wZId01de+L8szYZNfueiMqQboFG55A=","invert bycatch",,,,,,,,,,"77todYjt/jkEGWUHO3SI0BRlGpUHn9Xh",
"239cb39b-b244-49f4-989f-d3537f37eea8","KONZ_003.basePlot.bet","D06","KONZ","KONZ_003","N","2015-08-17","2015-08-31","2015-08-31","2015-09-11","2015-09-11","KONZ_003.N.20150831","KsyoFpuhSbKT5wZId01de56peFkExr1BPWw+75wZCJw=","carabid","PASCAL","Pasimachus californicus","species",,"Chaudoir",,1,"Other","77todYjt/jkEGWUHO3SI0BRlGpUHn9Xh","77todYjt/jkEGWUHO3SI0BRlGpUHn9Xh",
"67c6ce22-381b-48c4-a2c7-c9ab38824986","KONZ_008.basePlot.bet","D06","KONZ","KONZ_008","N","2015-08-17","2015-08-31","2015-08-31","2015-09-09","2015-09-30","KONZ_008.N.20150831","R/i9Sy8FroutjMTNHNshKQB4ezXXkhIATmp6ijubgmU=","carabid","PASCAL","Pasimachus californicus","species",,"Chaudoir",,1,"Other","77todYjt/jkEGWUHO3SI0BRlGpUHn9Xh","sk+ncTlknmGlnEtX/xe01ipH6tZVDj7e",
"77a0c4a4-8460-4330-9ef6-54c066bf28be","KONZ_025.basePlot.bet","D06","KONZ","KONZ_025","S","2015-08-17","2015-08-31","2015-08-31","2015-09-14","2015-09-30","KONZ_025.S.20150831","dZsQaO9YC67CJ/evj2TQklXPJ5kpLkyVNST5tesm7LY=","carabid","CARSP14","Carabidae sp.","family",,"Latreille","D06.2015.MorphK",1,"Other","77todYjt/jkEGWUHO3SI0BRlGpUHn9Xh","77todYjt/jkEGWUHO3SI0BRlGpUHn9Xh","Dark brown overall, light brown edge of pronotum. Pronotum basally punctate. Harpalus sp."
"148f2a7f-d0e4-4efe-ad14-c3567a7bde8b","KONZ_001.basePlot.bet","D06","KONZ","KONZ_001","S","2015-08-17","2015-08-31","2015-08-31","2015-09-09",,"KONZ_001.S.20150831","HFNPNHS/o8WJvvi4WMrVYP8o+eDCiVp34IN59eJRTvM=","invert bycatch",,,,,,,,,,"wQI+SYME+gr3nKVXMbMGzlxt6VcoOetL",
"290a794f-e82d-406f-b7d4-add728036b77","KONZ_001.basePlot.bet","D06","KONZ","KONZ_001","S","2015-08-17","2015-08-31","2015-08-31","2015-09-09","2015-09-30","KONZ_001.S.20150831","HFNPNHS/o8WJvvi4WMrVYDfDrXBoKwZyKgyY8ZeyVMo=","carabid","PASCAL","Pasimachus californicus","species",,"Chaudoir",,5,"Other","77todYjt/jkEGWUHO3SI0BRlGpUHn9Xh","wQI+SYME+gr3nKVXMbMGzlxt6VcoOetL",
"f8b7006c-eb2e-499a-a4e4-8585a06b8990","KONZ_001.basePlot.bet","D06","KONZ","KONZ_001","S","2015-08-17","2015-08-31","2015-08-31","2015-09-09","2015-09-30","KONZ_001.S.20150831","HFNPNHS/o8WJvvi4WMrVYJV/EQAnNai7q9e1H11CNgQ=","carabid","CARSP14","Carabidae sp.","family",,"Latreille","D06.2015.MorphB",1,"Other","77todYjt/jkEGWUHO3SI0BRlGpUHn9Xh","wQI+SYME+gr3nKVXMbMGzlxt6VcoOetL","Cyclotrachelus sp. Black oval pronotum. Notches on the posterolateral angles."
"5921ac39-6920-4b4f-8137-681cd1a89fe1","KONZ_004.basePlot.bet","D06","KONZ","KONZ_004","S","2015-08-17","2015-08-31","2015-08-31","2015-09-09",,"KONZ_004.S.20150831","7tcdU9lcb1g/QIl0ftjeGPIBBDUKAoCarQxvVylTetA=","invert bycatch",,,,,,,,,,"sk+ncTlknmGlnEtX/xe01ipH6tZVDj7e",
"a12a8527-a43e-4b0b-87b6-0a938677663d","KONZ_025.basePlot.bet","D06","KONZ","KONZ_025","S","2015-08-17","2015-08-31","2015-08-31","2015-09-14",,"KONZ_025.S.20150831","dZsQaO9YC67CJ/evj2TQkml1xcgVA0M8YruLdX9tRlQ=","invert bycatch",,,,,,,,,,"77todYjt/jkEGWUHO3SI0BRlGpUHn9Xh",
"0c26b1c9-5d60-4beb-8e47-3138222cc2d8","KONZ_007.basePlot.bet","D06","KONZ","KONZ_007","S","2015-08-17","2015-08-31","2015-08-31","2015-09-09","2015-09-30","KONZ_007.S.20150831","f11juJKcl7KitB47Ycg3Ocorf26JC4AXLsyEEM69d9w=","carabid","PASCAL","Pasimachus californicus","species",,"Chaudoir",,1,"Other","77todYjt/jkEGWUHO3SI0BRlGpUHn9Xh","sk+ncTlknmGlnEtX/xe01ipH6tZVDj7e",
"bfb67c27-ec9e-466a-826b-b87fc606b7a2","KONZ_008.basePlot.bet","D06","KONZ","KONZ_008","S","2015-08-17","2015-08-31","2015-08-31","2015-09-09",,"KONZ_008.S.20150831","R/i9Sy8Froum124ywlVYUDQu5CGaHs7/wF7POWnyNE8=","invert bycatch",,,,,,,,,,"sk+ncTlknmGlnEtX/xe01ipH6tZVDj7e",
"92353612-9e15-4dca-9639-22bf62cf3712","KONZ_001.basePlot.bet","D06","KONZ","KONZ_001","S","2015-08-17","2015-08-31","2015-08-31","2015-09-09",,"KONZ_001.S.20150831","HFNPNHS/o8WJvvi4WMrVYP8o+eDCiVp3DrgukCWxHbU=","invert bycatch",,,,,,,,,,"wQI+SYME+gr3nKVXMbMGzlxt6VcoOetL",
"1e05cae9-1e19-417f-9b13-606bf145460b","KONZ_001.basePlot.bet","D06","KONZ","KONZ_001","S","2015-08-17","2015-08-31","2015-08-31","2015-09-09","2015-09-30","KONZ_001.S.20150831","HFNPNHS/o8WJvvi4WMrVYA7A8ZS0pX7QU35Onvs9y0o=","carabid","PASELO","Pasimachus elongatus","species",,"LeConte",,10,"Other","77todYjt/jkEGWUHO3SI0BRlGpUHn9Xh","wQI+SYME+gr3nKVXMbMGzlxt6VcoOetL",
"7e9c0f80-2d1e-4039-9372-fe85c36f320e","KONZ_006.basePlot.bet","D06","KONZ","KONZ_006","S","2015-08-17","2015-08-31","2015-08-31","2015-09-04",,"KONZ_006.S.20150831","eO41eOee7nj3AyWZUK6dxurraho7NUOvDEuLRbzXSPI=","invert bycatch",,,,,,,,,,"77todYjt/jkEGWUHO3SI0BRlGpUHn9Xh",
"b863a56d-a6e9-4d15-a5a4-bd9556af6517","KONZ_006.basePlot.bet","D06","KONZ","KONZ_006","S","2015-08-17","2015-08-31","2015-08-31","2015-09-04","2015-11-23","KONZ_006.S.20150831","eO41eOee7nj3AyWZUK6dxjFKtuL4UoPiTWr894XPVT8=","carabid","CARSP14","Carabidae sp.","family",,"Latreille","D06.2015.MorphU",1,"Other","uXSN77Q7x9cACyt+x8PEhxuBjTDRBKZV","77todYjt/jkEGWUHO3SI0BRlGpUHn9Xh","Small (1/4 inch). Black head and elytra. Yello bronotum and legs. Antanne start yellow at base and go to black. Kideny shaped pronotum."
"f63b900d-4ad3-4117-8f19-34ee0c4fd3ec","KONZ_002.basePlot.bet","D06","KONZ","KONZ_002","S","2015-08-17","2015-08-31","2015-08-31","2015-09-14",,"KONZ_002.S.20150831","hd4HYDqAwpJsaq0r6a2LBKUUip5+lkYFvcQRZoIpH88=","invert bycatch",,,,,,,,,,"77todYjt/jkEGWUHO3SI0BRlGpUHn9Xh",
"2fa1be0f-99c8-48f2-bf91-a59f788dd920","KONZ_007.basePlot.bet","D06","KONZ","KONZ_007","S","2015-08-17","2015-08-31","2015-08-31","2015-09-09",,"KONZ_007.S.20150831","f11juJKcl7KitB47Ycg3OT5WZiNsTluMt6mbiQMDDIU=","invert bycatch",,,,,,,,,,"sk+ncTlknmGlnEtX/xe01ipH6tZVDj7e",
"4d28471d-1329-4c51-a1c2-b220c1981ac5","KONZ_009.basePlot.bet","D06","KONZ","KONZ_009","S","2015-08-17","2015-08-31","2015-08-31","2015-09-11",,"KONZ_009.S.20150831","80BkEGzwD8Zt4jjPLC/BH77nFGxHf0saJAGyGhUH/Ug=","invert bycatch",,,,,,,,,,"77todYjt/jkEGWUHO3SI0BRlGpUHn9Xh",
"f1bba586-ec93-43be-9873-2bb0bf394387","KONZ_003.basePlot.bet","D06","KONZ","KONZ_003","S","2015-08-17","2015-08-31","2015-08-31","2015-09-11",,"KONZ_003.S.20150831","KsyoFpuhSbIUChjZYg957HVU+ceCKe2sWF9JokCt3u8=","invert bycatch",,,,,,,,,,"77todYjt/jkEGWUHO3SI0BRlGpUHn9Xh",
"f5fcba11-47c1-4a97-a8d6-e326bef9f4e4","KONZ_005.basePlot.bet","D06","KONZ","KONZ_005","S","2015-08-17","2015-08-31","2015-08-31","2015-09-11","2015-09-11","KONZ_005.S.20150831","sLTlFxIy7/g0zvwXmK6S+T30EOaH7x2boYNflnmKdEI=","carabid","PASCAL","Pasimachus californicus","species",,"Chaudoir",,1,"Other","77todYjt/jkEGWUHO3SI0BRlGpUHn9Xh","77todYjt/jkEGWUHO3SI0BRlGpUHn9Xh",
"7ca5e275-86d1-472d-be15-2b3acf698fac","KONZ_005.basePlot.bet","D06","KONZ","KONZ_005","S","2015-08-17","2015-08-31","2015-08-31","2015-09-11","2015-09-11","KONZ_005.S.20150831","sLTlFxIy7/g0zvwXmK6S+SVgHgDzvvd1nSMTGsgORCw=","carabid","CARSP14","Carabidae sp.","family",,"Latreille","D06.2015.MorphB",3,"Other","77todYjt/jkEGWUHO3SI0BRlGpUHn9Xh","77todYjt/jkEGWUHO3SI0BRlGpUHn9Xh","Cyclotrachelus sp. Black oval pronotum. Notches on the posterolateral angles."
"2c56ec6a-955c-408b-95c7-fb5094c59493","KONZ_009.basePlot.bet","D06","KONZ","KONZ_009","W","2015-08-17","2015-08-31","2015-08-31","2015-09-11","2015-09-11","KONZ_009.W.20150831","80BkEGzwD8Z61vzZfbbIQuiNS/AouHWbz416VLneoP0=","carabid","CARSP14","Carabidae sp.","family",,"Latreille","D06.2015.MorphB",3,"Other","77todYjt/jkEGWUHO3SI0BRlGpUHn9Xh","77todYjt/jkEGWUHO3SI0BRlGpUHn9Xh","Cyclotrachelus sp. Black oval pronotum. Notches on the posterolateral angles."
"5803718e-5733-44fe-a7de-da6232924a22","KONZ_009.basePlot.bet","D06","KONZ","KONZ_009","W","2015-08-17","2015-08-31","2015-08-31","2015-09-11","2015-09-11","KONZ_009.W.20150831","80BkEGzwD8Z61vzZfbbIQgZk4Vt4JowExQjo/gEieGY=","carabid","PASCAL","Pasimachus californicus","species",,"Chaudoir",,3,"Other","77todYjt/jkEGWUHO3SI0BRlGpUHn9Xh","77todYjt/jkEGWUHO3SI0BRlGpUHn9Xh",
"97d88412-379f-4556-83ba-54f86e4ff18f","KONZ_009.basePlot.bet","D06","KONZ","KONZ_009","W","2015-08-17","2015-08-31","2015-08-31","2015-09-11","2015-09-30","KONZ_009.W.20150831","80BkEGzwD8Z61vzZfbbIQuiNS/AouHWbXOLmrunD/qQ=","carabid","CARSP14","Carabidae sp.","family",,"Latreille","D06.2015.MorphQ",9,"Other","77todYjt/jkEGWUHO3SI0BRlGpUHn9Xh","77todYjt/jkEGWUHO3SI0BRlGpUHn9Xh","Smaller, dark brown, cyclotrachelus-like"
"b343051c-06f9-4465-8043-ecffd1bb6bb1","KONZ_009.basePlot.bet","D06","KONZ","KONZ_009","W","2015-08-17","2015-08-31","2015-08-31","2015-09-11",,"KONZ_009.W.20150831","80BkEGzwD8Z61vzZfbbIQodm0a7WMPcm5yD1pAEWUpo=","invert bycatch",,,,,,,,,,"77todYjt/jkEGWUHO3SI0BRlGpUHn9Xh",
"ae2dacbf-e697-4ea0-bda4-5367b83de0ae","KONZ_003.basePlot.bet","D06","KONZ","KONZ_003","W","2015-08-17","2015-08-31","2015-08-31","2015-09-11",,"KONZ_003.W.20150831","KsyoFpuhSbJZsqc3etbyayEz03jgM2b99le3yUryNOA=","invert bycatch",,,,,,,,,,"77todYjt/jkEGWUHO3SI0BRlGpUHn9Xh",
"e39cad34-8af9-482e-9e5c-1984bc2a099d","KONZ_006.basePlot.bet","D06","KONZ","KONZ_006","W","2015-08-17","2015-08-31","2015-08-31","2015-09-04",,"KONZ_006.W.20150831","eO41eOee7ngRbX73kQv3gmCDV+ncVNShGP5gnK32MSw=","invert bycatch",,,,,,,,,,"77todYjt/jkEGWUHO3SI0BRlGpUHn9Xh",
"242057e0-701f-41ec-8caf-be14e8aa4e88","KONZ_005.basePlot.bet","D06","KONZ","KONZ_005","W","2015-08-17","2015-08-31","2015-08-31","2015-09-11","2015-09-11","KONZ_005.W.20150831","sLTlFxIy7/i5wcKdTwyJQGYSQunfDq+OVEB4GUtFRjQ=","carabid","PASCAL","Pasimachus californicus","species",,"Chaudoir",,2,"Other","77todYjt/jkEGWUHO3SI0BRlGpUHn9Xh","77todYjt/jkEGWUHO3SI0BRlGpUHn9Xh",
"a60a154b-a0ee-42f8-b2bf-23492fc03079","KONZ_002.basePlot.bet","D06","KONZ","KONZ_002","W","2015-08-17","2015-08-31","2015-08-31","2015-09-14",,"KONZ_002.W.20150831","hd4HYDqAwpLGZ5we650KZwnczXMW78rvlfgzCHLFZYY=","invert bycatch",,,,,,,,,,"77todYjt/jkEGWUHO3SI0BRlGpUHn9Xh",
