uid,namedLocation,domainID,siteID,plotID,setDate,collectDate,identifiedDate,individualID,taxonID,kingdom,phylum,class,order,family,subfamily,tribe,genus,subgenus,specificEpithet,infraspecificEpithet,scientificName,scientificNameAuthorship,taxonRank,identificationQualifier,sex,morphospeciesID,identificationReferences,identifiedBy,laboratoryName,identificationRemarks,sampleCondition,dnaBarcoded,geneticSampleID,remarks
"ae4d05ae-1dd0-4050-9d80-f02d9c6e7462","CPER_003.basePlot.bet","D10","CPER","CPER_003","2015-05-21","2015-06-04","2017-01-15","NEON.BET.D10.002615","DISPAR1","Animalia","Arthropoda","Insecta","Coleoptera","Carabidae","Harpalinae","Harpalini","Discoderus",,"parallelus",,"Discoderus parallelus","Haldeman","species",,"F",,"Lindroth, C. H. 1969. The ground-beetles (Carabidae, excl. Cicindelinae) of Canada and Alaska, parts 1-6. Opuscula E. Entomoligiska Sallskapet.","Kipling Will","Essig Museum of Entomology",,"No known compromise","N",,
"ad4e02aa-e7c9-4f9b-8312-32dc44e61e52","CPER_001.basePlot.bet","D10","CPER","CPER_001","2015-05-21","2015-06-04","2017-01-15","NEON.BET.D10.002614","HARELL","Animalia","Arthropoda","Insecta","Coleoptera","Carabidae","Harpalinae","Harpalini","Harpalus","Harpalus","ellipsis",,"Harpalus ellipsis","LeConte","species",,"F",,"Noonan, G. R. 1991. Classification, Cladistics, and Natural History of Native North American Harpalus Latreille (Insecta: Coleoptera: Carabidae: Harpalini), excluding subgenera Glanodes and Pseudophonus.","Kipling Will","Essig Museum of Entomology",,"No known compromise","N",,
"adb6a43d-1eb3-4d71-8e05-ecb51fa5f9bd","CPER_004.basePlot.bet","D10","CPER","CPER_004","2015-05-21","2015-06-04","2017-01-15","NEON.BET.D10.002633","DISPAR1","Animalia","Arthropoda","Insecta","Coleoptera","Carabidae","Harpalinae","Harpalini","Discoderus",,"parallelus",,"Discoderus parallelus","Haldeman","species",,"F",,"Lindroth, C. H. 1969. The ground-beetles (Carabidae, excl. Cicindelinae) of Canada and Alaska, parts 1-6. Opuscula E. Entomoligiska Sallskapet.","Kipling Will","Essig Museum of Entomology",,"No known compromise","N",,
"52fad847-e38d-4452-b910-53b42d876b5e","CPER_004.basePlot.bet","D10","CPER","CPER_004","2015-05-21","2015-06-04","2017-01-15","NEON.BET.D10.002624","PASELO","Animalia","Arthropoda","Insecta","Coleoptera","Carabidae","Scaritinae","Pasimachini","Pasimachus","Pasimachus","elongatus",,"Pasimachus elongatus","LeConte","species",,"F",,"Banninger, M. 1950. The subtribe Pasimachina (Coleoptera, Carabidae, Scaritini). Revista de Entomologica 21:481-511.","Kipling Will","Essig Museum of Entomology",,"No known compromise","N",,
"08303412-a933-428f-8b78-6bc8ae59e679","CPER_004.basePlot.bet","D10","CPER","CPER_004","2015-05-21","2015-06-04","2017-01-15","NEON.BET.D10.002641","SELPLA","Animalia","Arthropoda","Insecta","Coleoptera","Carabidae","Harpalinae","Harpalini","Selenophorus","Selenophorus","planipennis",,"Selenophorus planipennis","LeConte","species",,"F",,"Lindroth, C. H. 1969. The ground-beetles (Carabidae, excl. Cicindelinae) of Canada and Alaska, parts 1-6. Opuscula E. Entomoligiska Sallskapet.","Kipling Will","Essig Museum of Entomology",,"No known compromise","N",,
"e2d8b2cc-dde8-493f-9943-c06fff7a1ee0","CPER_004.basePlot.bet","D10","CPER","CPER_004","2015-05-21","2015-06-04","2017-01-15","NEON.BET.D10.002637","SELPLA","Animalia","Arthropoda","Insecta","Coleoptera","Carabidae","Harpalinae","Harpalini","Selenophorus","Selenophorus","planipennis",,"Selenophorus planipennis","LeConte","species",,"F",,"Lindroth, C. H. 1969. The ground-beetles (Carabidae, excl. Cicindelinae) of Canada and Alaska, parts 1-6. Opuscula E. Entomoligiska Sallskapet.","Kipling Will","Essig Museum of Entomology",,"No known compromise","N",,
"1740b6ea-d616-4daf-bece-4f5c642642c3","CPER_006.basePlot.bet","D10","CPER","CPER_006","2015-05-21","2015-06-04","2017-01-15","NEON.BET.D10.002682","DISPAR1","Animalia","Arthropoda","Insecta","Coleoptera","Carabidae","Harpalinae","Harpalini","Discoderus",,"parallelus",,"Discoderus parallelus","Haldeman","species",,"F",,"Lindroth, C. H. 1969. The ground-beetles (Carabidae, excl. Cicindelinae) of Canada and Alaska, parts 1-6. Opuscula E. Entomoligiska Sallskapet.","Kipling Will","Essig Museum of Entomology",,"No known compromise","N",,
"cfcfc628-9cb7-4fc5-95de-399313e5dea3","CPER_006.basePlot.bet","D10","CPER","CPER_006","2015-05-21","2015-06-04","2017-01-15","NEON.BET.D10.002681","DISPAR1","Animalia","Arthropoda","Insecta","Coleoptera","Carabidae","Harpalinae","Harpalini","Discoderus",,"parallelus",,"Discoderus parallelus","Haldeman","species",,"M",,"Lindroth, C. H. 1969. The ground-beetles (Carabidae, excl. Cicindelinae) of Canada and Alaska, parts 1-6. Opuscula E. Entomoligiska Sallskapet.","Kipling Will","Essig Museum of Entomology",,"No known compromise","N",,
"70f2faae-f830-4b08-a5c8-b1676c9f5b8a","CPER_006.basePlot.bet","D10","CPER","CPER_006","2015-05-21","2015-06-04","2017-01-15","NEON.BET.D10.002674","DISPAR1","Animalia","Arthropoda","Insecta","Coleoptera","Carabidae","Harpalinae","Harpalini","Discoderus",,"parallelus",,"Discoderus parallelus","Haldeman","species",,"F",,"Lindroth, C. H. 1969. The ground-beetles (Carabidae, excl. Cicindelinae) of Canada and Alaska, parts 1-6. Opuscula E. Entomoligiska Sallskapet.","Kipling Will","Essig Museum of Entomology",,"No known compromise","N",,
"64730699-c953-4fe1-8918-3ef573c5f5c0","CPER_006.basePlot.bet","D10","CPER","CPER_006","2015-05-21","2015-06-04","2017-01-15","NEON.BET.D10.002635","AMACON3","Animalia","Arthropoda","Insecta","Coleoptera","Carabidae","Harpalinae","Zabrini","Amara","Amara","convexa",,"Amara convexa","LeConte","species",,"M",,"Lindroth, C. H. 1969. The ground-beetles (Carabidae, excl. Cicindelinae) of Canada and Alaska, parts 1-6. Opuscula E. Entomoligiska Sallskapet.","Kipling Will","Essig Museum of Entomology",,"No known compromise","N",,
"adbf658c-bfe0-48ba-ac8c-d27a5dd375f0","CPER_006.basePlot.bet","D10","CPER","CPER_006","2015-05-21","2015-06-04","2017-01-15","NEON.BET.D10.002676","AMACON2","Animalia","Arthropoda","Insecta","Coleoptera","Carabidae","Harpalinae","Zabrini","Amara","Amara","confusa",,"Amara confusa","LeConte","species",,"M",,"Lindroth, C. H. 1969. The ground-beetles (Carabidae, excl. Cicindelinae) of Canada and Alaska, parts 1-6. Opuscula E. Entomoligiska Sallskapet.","Kipling Will","Essig Museum of Entomology",,"No known compromise","N",,
"0bcbcbce-c5bb-4873-93ad-7b6afdba824e","CPER_006.basePlot.bet","D10","CPER","CPER_006","2015-05-21","2015-06-04","2017-01-15","NEON.BET.D10.002636","AMACON3","Animalia","Arthropoda","Insecta","Coleoptera","Carabidae","Harpalinae","Zabrini","Amara","Amara","convexa",,"Amara convexa","LeConte","species",,"M",,"Lindroth, C. H. 1969. The ground-beetles (Carabidae, excl. Cicindelinae) of Canada and Alaska, parts 1-6. Opuscula E. Entomoligiska Sallskapet.","Kipling Will","Essig Museum of Entomology",,"No known compromise","N",,
"0f3e8b90-594c-4ba7-b68d-c2a43805cdbf","CPER_009.basePlot.bet","D10","CPER","CPER_009","2015-05-21","2015-06-04","2017-01-15","NEON.BET.D10.002649","SELPLA","Animalia","Arthropoda","Insecta","Coleoptera","Carabidae","Harpalinae","Harpalini","Selenophorus","Selenophorus","planipennis",,"Selenophorus planipennis","LeConte","species",,"F",,"Lindroth, C. H. 1969. The ground-beetles (Carabidae, excl. Cicindelinae) of Canada and Alaska, parts 1-6. Opuscula E. Entomoligiska Sallskapet.","Kipling Will","Essig Museum of Entomology",,"No known compromise","N",,
"e1bf6e5f-951c-498b-8409-da8c02bbfac7","CPER_008.basePlot.bet","D10","CPER","CPER_008","2015-05-21","2015-06-04","2017-01-15","NEON.BET.D10.002665","CRADUB","Animalia","Arthropoda","Insecta","Coleoptera","Carabidae","Harpalinae","Harpalini","Cratacanthus",,"dubius",,"Cratacanthus dubius","Palisot de Beauvois","species",,"M",,"Lindroth, C. H. 1969. The ground-beetles (Carabidae, excl. Cicindelinae) of Canada and Alaska, parts 1-6. Opuscula E. Entomoligiska Sallskapet.","Kipling Will","Essig Museum of Entomology",,"No known compromise","N",,
"211d6b09-7fb9-4670-9c31-8ba8327592e2","CPER_008.basePlot.bet","D10","CPER","CPER_008","2015-05-21","2015-06-04","2017-01-15","NEON.BET.D10.002658","DISPAR1","Animalia","Arthropoda","Insecta","Coleoptera","Carabidae","Harpalinae","Harpalini","Discoderus",,"parallelus",,"Discoderus parallelus","Haldeman","species",,"F",,"Lindroth, C. H. 1969. The ground-beetles (Carabidae, excl. Cicindelinae) of Canada and Alaska, parts 1-6. Opuscula E. Entomoligiska Sallskapet.","Kipling Will","Essig Museum of Entomology",,"No known compromise","N",,
"3b6869ad-323d-4d78-bd33-0ae0aaeed11f","CPER_008.basePlot.bet","D10","CPER","CPER_008","2015-05-21","2015-06-04","2017-01-15","NEON.BET.D10.002657","CRADUB","Animalia","Arthropoda","Insecta","Coleoptera","Carabidae","Harpalinae","Harpalini","Cratacanthus",,"dubius",,"Cratacanthus dubius","Palisot de Beauvois","species",,"F",,"Lindroth, C. H. 1969. The ground-beetles (Carabidae, excl. Cicindelinae) of Canada and Alaska, parts 1-6. Opuscula E. Entomoligiska Sallskapet.","Kipling Will","Essig Museum of Entomology",,"No known compromise","N",,
"55784547-66d4-41cc-9135-fe66e9e1e476","CPER_008.basePlot.bet","D10","CPER","CPER_008","2015-05-21","2015-06-04","2017-01-15","NEON.BET.D10.002671","SELPLA","Animalia","Arthropoda","Insecta","Coleoptera","Carabidae","Harpalinae","Harpalini","Selenophorus","Selenophorus","planipennis",,"Selenophorus planipennis","LeConte","species",,"F",,"Lindroth, C. H. 1969. The ground-beetles (Carabidae, excl. Cicindelinae) of Canada and Alaska, parts 1-6. Opuscula E. Entomoligiska Sallskapet.","Kipling Will","Essig Museum of Entomology",,"No known compromise","N",,
"1230695c-fca6-4b0c-8d2a-665f237a732e","CPER_008.basePlot.bet","D10","CPER","CPER_008","2015-05-21","2015-06-04","2017-01-15","NEON.BET.D10.002656","CRADUB","Animalia","Arthropoda","Insecta","Coleoptera","Carabidae","Harpalinae","Harpalini","Cratacanthus",,"dubius",,"Cratacanthus dubius","Palisot de Beauvois","species",,"F",,"Lindroth, C. H. 1969. The ground-beetles (Carabidae, excl. Cicindelinae) of Canada and Alaska, parts 1-6. Opuscula E. Entomoligiska Sallskapet.","Kipling Will","Essig Museum of Entomology",,"No known compromise","N",,
"741608cf-aaf8-4dda-a91c-98de1966a080","CPER_010.basePlot.bet","D10","CPER","CPER_010","2015-05-21","2015-06-04","2017-01-15","NEON.BET.D10.002651","HELPRA","Animalia","Arthropoda","Insecta","Coleoptera","Carabidae","Harpalinae","Helluonini","Helluomorphoides",,"praeustus",,"Helluomorphoides praeustus","Dejean","species",,"F",,"Ball, G. E. 1956. A revision of the North American species of the genus Helluomorphoides Ball, 1951. Proceedings of the Entomological Society of Washington 58:67-91.","Kipling Will","Essig Museum of Entomology",,"No known compromise","N",,
"7c896176-daeb-4ecd-b687-e6cbda99a378","CPER_010.basePlot.bet","D10","CPER","CPER_010","2015-05-21","2015-06-04","2017-01-15","NEON.BET.D10.002652","RHASP","Animalia","Arthropoda","Insecta","Coleoptera","Carabidae","Harpalinae","Platynini","Rhadine",,"sp.",,"Rhadine sp.","LeConte","genus",,"F","TKW.2017.MorphA","Arnett Jr., R. H., and M. C. Thomas. 2001. American Beetles Archosemata, Myxophaga, Adephaga, Polyphaga: Staphyliniformia. 1st Vol. (C. Press, Ed.). 1st Ed. Boca Raton, FL.","Kipling Will","Essig Museum of Entomology",,"No known compromise","N",,
"c09719d6-4534-4148-9b5e-ba282bb1a6e0","CPER_002.basePlot.bet","D10","CPER","CPER_002","2015-05-21","2015-06-04","2017-01-15","NEON.BET.D10.002639","PIOSET","Animalia","Arthropoda","Insecta","Coleoptera","Carabidae","Harpalinae","Harpalini","Piosoma",,"setosum",,"Piosoma setosum","LeConte","species",,"F",,"Lindroth, C. H. 1969. The ground-beetles (Carabidae, excl. Cicindelinae) of Canada and Alaska, parts 1-6. Opuscula E. Entomoligiska Sallskapet.","Kipling Will","Essig Museum of Entomology",,"No known compromise","N",,
"76d187c2-950d-42f0-9fc0-3a0f43ccdbe3","CPER_010.basePlot.bet","D10","CPER","CPER_010","2015-05-21","2015-06-04","2017-01-15","NEON.BET.D10.002653","AMAQUE","Animalia","Arthropoda","Insecta","Coleoptera","Carabidae","Harpalinae","Zabrini","Amara","Paracelia","quenseli","quenseli","Amara quenseli quenseli","Schonherr","subspecies",,"F",,"Lindroth, C. H. 1969. The ground-beetles (Carabidae, excl. Cicindelinae) of Canada and Alaska, parts 1-6. Opuscula E. Entomoligiska Sallskapet.","Kipling Will","Essig Museum of Entomology",,"No known compromise","N",,
"c31819f1-8764-4468-85eb-3b13298e8510","CPER_002.basePlot.bet","D10","CPER","CPER_002","2015-05-21","2015-06-04","2017-01-15","NEON.BET.D10.002629","DISPAR1","Animalia","Arthropoda","Insecta","Coleoptera","Carabidae","Harpalinae","Harpalini","Discoderus",,"parallelus",,"Discoderus parallelus","Haldeman","species",,"M",,"Lindroth, C. H. 1969. The ground-beetles (Carabidae, excl. Cicindelinae) of Canada and Alaska, parts 1-6. Opuscula E. Entomoligiska Sallskapet.","Kipling Will","Essig Museum of Entomology",,"No known compromise","N",,
"c824f3ee-0f9c-432a-9f51-3e0d9bca5c67","CPER_005.basePlot.bet","D10","CPER","CPER_005","2015-05-21","2015-06-04","2017-01-15","NEON.BET.D10.002597","HELPRA","Animalia","Arthropoda","Insecta","Coleoptera","Carabidae","Harpalinae","Helluonini","Helluomorphoides",,"praeustus",,"Helluomorphoides praeustus","Dejean","species",,"F",,"Ball, G. E. 1956. A revision of the North American species of the genus Helluomorphoides Ball, 1951. Proceedings of the Entomological Society of Washington 58:67-91.","Kipling Will","Essig Museum of Entomology",,"No known compromise","N",,
"d9ee610b-b3aa-4f58-b17c-f9018ab42343","CPER_001.basePlot.bet","D10","CPER","CPER_001","2015-05-21","2015-06-04","2017-01-15","NEON.BET.D10.002612","PASELO","Animalia","Arthropoda","Insecta","Coleoptera","Carabidae","Scaritinae","Pasimachini","Pasimachus","Pasimachus","elongatus",,"Pasimachus elongatus","LeConte","species",,"F",,"Banninger, M. 1950. The subtribe Pasimachina (Coleoptera, Carabidae, Scaritini). Revista de Entomologica 21:481-511.","Kipling Will","Essig Museum of Entomology",,"No known compromise","N",,
"00cc42b2-c88b-40b8-b905-703f8608a16a","CPER_001.basePlot.bet","D10","CPER","CPER_001","2015-05-21","2015-06-04","2017-01-15","NEON.BET.D10.002613","HARELL","Animalia","Arthropoda","Insecta","Coleoptera","Carabidae","Harpalinae","Harpalini","Harpalus","Harpalus","ellipsis",,"Harpalus ellipsis","LeConte","species",,"M",,"Noonan, G. R. 1991. Classification, Cladistics, and Natural History of Native North American Harpalus Latreille (Insecta: Coleoptera: Carabidae: Harpalini), excluding subgenera Glanodes and Pseudophonus.","Kipling Will","Essig Museum of Entomology",,"No known compromise","N",,
"1cf2dbec-470d-4034-9803-3231fa5d9723","CPER_003.basePlot.bet","D10","CPER","CPER_003","2015-05-21","2015-06-04","2017-01-15","NEON.BET.D10.002626","HARELL","Animalia","Arthropoda","Insecta","Coleoptera","Carabidae","Harpalinae","Harpalini","Harpalus","Harpalus","ellipsis",,"Harpalus ellipsis","LeConte","species",,"M",,"Noonan, G. R. 1991. Classification, Cladistics, and Natural History of Native North American Harpalus Latreille (Insecta: Coleoptera: Carabidae: Harpalini), excluding subgenera Glanodes and Pseudophonus.","Kipling Will","Essig Museum of Entomology",,"No known compromise","N",,
"bd2d1c3a-3f02-4d88-9d38-176fe2b5a1c4","CPER_008.basePlot.bet","D10","CPER","CPER_008","2015-06-04","2015-06-18","2017-01-15","NEON.BET.D10.002726","DISPAR1","Animalia","Arthropoda","Insecta","Coleoptera","Carabidae","Harpalinae","Harpalini","Discoderus",,"parallelus",,"Discoderus parallelus","Haldeman","species",,"M",,"Lindroth, C. H. 1969. The ground-beetles (Carabidae, excl. Cicindelinae) of Canada and Alaska, parts 1-6. Opuscula E. Entomoligiska Sallskapet.","Kipling Will","Essig Museum of Entomology",,"No known compromise","N",,
"a718414d-332f-4553-beb9-6c9682a9aceb","CPER_009.basePlot.bet","D10","CPER","CPER_009","2015-06-04","2015-06-18","2017-01-15","NEON.BET.D10.002730","HARDES","Animalia","Arthropoda","Insecta","Coleoptera","Carabidae","Harpalinae","Harpalini","Harpalus","Opadius","desertus",,"Harpalus desertus","LeConte","species",,"F",,"Noonan, G. R. 1991. Classification, Cladistics, and Natural History of Native North American Harpalus Latreille (Insecta: Coleoptera: Carabidae: Harpalini), excluding subgenera Glanodes and Pseudophonus.","Kipling Will","Essig Museum of Entomology",,"No known compromise","N",,
"1e109be2-a892-434f-9bef-130016eaa7ed","CPER_002.basePlot.bet","D10","CPER","CPER_002","2015-06-04","2015-06-18","2017-01-15","NEON.BET.D10.002687","SELPLA","Animalia","Arthropoda","Insecta","Coleoptera","Carabidae","Harpalinae","Harpalini","Selenophorus","Selenophorus","planipennis",,"Selenophorus planipennis","LeConte","species",,"F",,"Lindroth, C. H. 1969. The ground-beetles (Carabidae, excl. Cicindelinae) of Canada and Alaska, parts 1-6. Opuscula E. Entomoligiska Sallskapet.","Kipling Will","Essig Museum of Entomology",,"No known compromise","N",,
"fb46ca46-c5b4-4bba-abab-887d04b39a30","CPER_002.basePlot.bet","D10","CPER","CPER_002","2015-06-04","2015-06-18","2017-01-15","NEON.BET.D10.002689","SELPLA","Animalia","Arthropoda","Insecta","Coleoptera","Carabidae","Harpalinae","Harpalini","Selenophorus","Selenophorus","planipennis",,"Selenophorus planipennis","LeConte","species",,"M",,"Lindroth, C. H. 1969. The ground-beetles (Carabidae, excl. Cicindelinae) of Canada and Alaska, parts 1-6. Opuscula E. Entomoligiska Sallskapet.","Kipling Will","Essig Museum of Entomology",,"No known compromise","N",,
"b0dd5e29-22b0-4a93-8de0-fa876cedaf9c","CPER_008.basePlot.bet","D10","CPER","CPER_008","2015-06-04","2015-06-18","2017-01-15","NEON.BET.D10.002725","DISPAR1","Animalia","Arthropoda","Insecta","Coleoptera","Carabidae","Harpalinae","Harpalini","Discoderus",,"parallelus",,"Discoderus parallelus","Haldeman","species",,"M",,"Lindroth, C. H. 1969. The ground-beetles (Carabidae, excl. Cicindelinae) of Canada and Alaska, parts 1-6. Opuscula E. Entomoligiska Sallskapet.","Kipling Will","Essig Museum of Entomology",,"No known compromise","N",,
"c7c3adc1-3730-4b59-875b-64e532179ae2","CPER_006.basePlot.bet","D10","CPER","CPER_006","2015-06-04","2015-06-18","2017-01-15","NEON.BET.D10.002711","HARDES","Animalia","Arthropoda","Insecta","Coleoptera","Carabidae","Harpalinae","Harpalini","Harpalus","Opadius","desertus",,"Harpalus desertus","LeConte","species",,"F",,"Noonan, G. R. 1991. Classification, Cladistics, and Natural History of Native North American Harpalus Latreille (Insecta: Coleoptera: Carabidae: Harpalini), excluding subgenera Glanodes and Pseudophonus.","Kipling Will","Essig Museum of Entomology",,"No known compromise","N",,
"3fdb70e2-1294-4b7f-b01d-8e743ca7dfc3","CPER_006.basePlot.bet","D10","CPER","CPER_006","2015-06-04","2015-06-18","2017-01-15","NEON.BET.D10.002710","AMACON3","Animalia","Arthropoda","Insecta","Coleoptera","Carabidae","Harpalinae","Zabrini","Amara","Amara","convexa",,"Amara convexa","LeConte","species",,"M",,"Lindroth, C. H. 1969. The ground-beetles (Carabidae, excl. Cicindelinae) of Canada and Alaska, parts 1-6. Opuscula E. Entomoligiska Sallskapet.","Kipling Will","Essig Museum of Entomology",,"No known compromise","N",,
"027169cb-8192-4212-b6fb-eada7cfb1f26","CPER_006.basePlot.bet","D10","CPER","CPER_006","2015-06-04","2015-06-18","2017-01-15","NEON.BET.D10.002723","AMACON3","Animalia","Arthropoda","Insecta","Coleoptera","Carabidae","Harpalinae","Zabrini","Amara","Amara","convexa",,"Amara convexa","LeConte","species",,"M",,"Lindroth, C. H. 1969. The ground-beetles (Carabidae, excl. Cicindelinae) of Canada and Alaska, parts 1-6. Opuscula E. Entomoligiska Sallskapet.","Kipling Will","Essig Museum of Entomology",,"No known compromise","N",,
"6dd38aef-f68e-40b1-a10b-aecea1a2fec0","CPER_006.basePlot.bet","D10","CPER","CPER_006","2015-06-04","2015-06-18","2017-01-15","NEON.BET.D10.002722","HARDES","Animalia","Arthropoda","Insecta","Coleoptera","Carabidae","Harpalinae","Harpalini","Harpalus","Opadius","desertus",,"Harpalus desertus","LeConte","species",,"F",,"Noonan, G. R. 1991. Classification, Cladistics, and Natural History of Native North American Harpalus Latreille (Insecta: Coleoptera: Carabidae: Harpalini), excluding subgenera Glanodes and Pseudophonus.","Kipling Will","Essig Museum of Entomology",,"No known compromise","N",,
"f9b301a2-30e4-400d-baa2-6b6db7de9726","CPER_006.basePlot.bet","D10","CPER","CPER_006","2015-06-04","2015-06-18","2017-01-15","NEON.BET.D10.002720","DISPAR1","Animalia","Arthropoda","Insecta","Coleoptera","Carabidae","Harpalinae","Harpalini","Discoderus",,"parallelus",,"Discoderus parallelus","Haldeman","species",,"F",,"Lindroth, C. H. 1969. The ground-beetles (Carabidae, excl. Cicindelinae) of Canada and Alaska, parts 1-6. Opuscula E. Entomoligiska Sallskapet.","Kipling Will","Essig Museum of Entomology",,"No known compromise","N",,
"1f24fece-7b39-4512-8096-f503985cb6b4","CPER_006.basePlot.bet","D10","CPER","CPER_006","2015-06-04","2015-06-18","2017-01-15","NEON.BET.D10.002721","AGOCON","Animalia","Arthropoda","Insecta","Coleoptera","Carabidae","Harpalinae","Harpalini","Agonoleptus",,"conjunctus",,"Agonoleptus conjunctus","Say","species",,"F",,"Lindroth, C. H. 1969. The ground-beetles (Carabidae, excl. Cicindelinae) of Canada and Alaska, parts 1-6. Opuscula E. Entomoligiska Sallskapet.","Kipling Will","Essig Museum of Entomology",,"No known compromise","N",,
"70699fc5-0d98-4f2d-a4c4-3f540cf99267","CPER_006.basePlot.bet","D10","CPER","CPER_006","2015-06-04","2015-06-18","2017-01-15","NEON.BET.D10.002715","HELPRA","Animalia","Arthropoda","Insecta","Coleoptera","Carabidae","Harpalinae","Helluonini","Helluomorphoides",,"praeustus",,"Helluomorphoides praeustus","Dejean","species",,"F",,"Ball, G. E. 1956. A revision of the North American species of the genus Helluomorphoides Ball, 1951. Proceedings of the Entomological Society of Washington 58:67-91.","Kipling Will","Essig Museum of Entomology",,"No known compromise","N",,
"ccd40d15-fe6a-4243-9a52-0d5f91385724","CPER_006.basePlot.bet","D10","CPER","CPER_006","2015-06-04","2015-06-18","2017-01-15","NEON.BET.D10.002714","AMACON3","Animalia","Arthropoda","Insecta","Coleoptera","Carabidae","Harpalinae","Zabrini","Amara","Amara","convexa",,"Amara convexa","LeConte","species",,"M",,"Lindroth, C. H. 1969. The ground-beetles (Carabidae, excl. Cicindelinae) of Canada and Alaska, parts 1-6. Opuscula E. Entomoligiska Sallskapet.","Kipling Will","Essig Museum of Entomology",,"No known compromise","N",,
"454ae019-50a0-408c-8d5c-13294cf9bda9","CPER_003.basePlot.bet","D10","CPER","CPER_003","2015-06-04","2015-06-18","2017-01-15","NEON.BET.D10.002694","AMAQUE","Animalia","Arthropoda","Insecta","Coleoptera","Carabidae","Harpalinae","Zabrini","Amara","Paracelia","quenseli","quenseli","Amara quenseli quenseli","Schonherr","subspecies",,"M",,"Lindroth, C. H. 1969. The ground-beetles (Carabidae, excl. Cicindelinae) of Canada and Alaska, parts 1-6. Opuscula E. Entomoligiska Sallskapet.","Kipling Will","Essig Museum of Entomology",,"No known compromise","N",,
"115d7762-dca7-44b0-8b3d-92baf73b4638","CPER_003.basePlot.bet","D10","CPER","CPER_003","2015-06-04","2015-06-18","2017-01-15","NEON.BET.D10.002698","SELPLA","Animalia","Arthropoda","Insecta","Coleoptera","Carabidae","Harpalinae","Harpalini","Selenophorus","Selenophorus","planipennis",,"Selenophorus planipennis","LeConte","species",,"F",,"Lindroth, C. H. 1969. The ground-beetles (Carabidae, excl. Cicindelinae) of Canada and Alaska, parts 1-6. Opuscula E. Entomoligiska Sallskapet.","Kipling Will","Essig Museum of Entomology",,"No known compromise","N",,
"6e52b67c-4500-4c80-8adc-f59e82d82a47","CPER_003.basePlot.bet","D10","CPER","CPER_003","2015-06-04","2015-06-18","2017-01-15","NEON.BET.D10.002695","AMACON3","Animalia","Arthropoda","Insecta","Coleoptera","Carabidae","Harpalinae","Zabrini","Amara","Amara","convexa",,"Amara convexa","LeConte","species",,"M",,"Lindroth, C. H. 1969. The ground-beetles (Carabidae, excl. Cicindelinae) of Canada and Alaska, parts 1-6. Opuscula E. Entomoligiska Sallskapet.","Kipling Will","Essig Museum of Entomology",,"No known compromise","N",,
"1e35fd05-f55e-4a88-bdb5-b3e98eb5f095","CPER_003.basePlot.bet","D10","CPER","CPER_003","2015-06-04","2015-06-18","2017-01-15","NEON.BET.D10.002700","SELPLA","Animalia","Arthropoda","Insecta","Coleoptera","Carabidae","Harpalinae","Harpalini","Selenophorus","Selenophorus","planipennis",,"Selenophorus planipennis","LeConte","species",,"F",,"Lindroth, C. H. 1969. The ground-beetles (Carabidae, excl. Cicindelinae) of Canada and Alaska, parts 1-6. Opuscula E. Entomoligiska Sallskapet.","Kipling Will","Essig Museum of Entomology",,"No known compromise","N",,
"962bdc80-a4ab-46b3-a574-376f000de9cd","CPER_003.basePlot.bet","D10","CPER","CPER_003","2015-06-04","2015-06-18","2017-01-15","NEON.BET.D10.002690","DISPAR1","Animalia","Arthropoda","Insecta","Coleoptera","Carabidae","Harpalinae","Harpalini","Discoderus",,"parallelus",,"Discoderus parallelus","Haldeman","species",,"F",,"Lindroth, C. H. 1969. The ground-beetles (Carabidae, excl. Cicindelinae) of Canada and Alaska, parts 1-6. Opuscula E. Entomoligiska Sallskapet.","Kipling Will","Essig Museum of Entomology",,"No known compromise","N",,
"469c281f-fcb6-49d4-a81b-d7aab83804c4","CPER_001.basePlot.bet","D10","CPER","CPER_001","2015-06-04","2015-06-18","2017-01-15","NEON.BET.D10.002683","PASELO","Animalia","Arthropoda","Insecta","Coleoptera","Carabidae","Scaritinae","Pasimachini","Pasimachus","Pasimachus","elongatus",,"Pasimachus elongatus","LeConte","species",,"F",,"Banninger, M. 1950. The subtribe Pasimachina (Coleoptera, Carabidae, Scaritini). Revista de Entomologica 21:481-511.","Kipling Will","Essig Museum of Entomology",,"No known compromise","N",,
"7030697c-5c62-40fc-b4a7-72c174774758","CPER_003.basePlot.bet","D10","CPER","CPER_003","2015-06-04","2015-06-18","2017-01-15","NEON.BET.D10.002701","HARDES","Animalia","Arthropoda","Insecta","Coleoptera","Carabidae","Harpalinae","Harpalini","Harpalus","Opadius","desertus",,"Harpalus desertus","LeConte","species",,"F",,"Noonan, G. R. 1991. Classification, Cladistics, and Natural History of Native North American Harpalus Latreille (Insecta: Coleoptera: Carabidae: Harpalini), excluding subgenera Glanodes and Pseudophonus.","Kipling Will","Essig Museum of Entomology",,"No known compromise","N",,
"5e5fa38a-96ee-45d0-9d9c-46b2ed51e590","CPER_001.basePlot.bet","D10","CPER","CPER_001","2015-06-04","2015-06-18","2017-01-15","NEON.BET.D10.002685","HARELL","Animalia","Arthropoda","Insecta","Coleoptera","Carabidae","Harpalinae","Harpalini","Harpalus","Harpalus","ellipsis",,"Harpalus ellipsis","LeConte","species",,"F",,"Noonan, G. R. 1991. Classification, Cladistics, and Natural History of Native North American Harpalus Latreille (Insecta: Coleoptera: Carabidae: Harpalini), excluding subgenera Glanodes and Pseudophonus.","Kipling Will","Essig Museum of Entomology",,"No known compromise","N",,
"0c45fd12-13c9-4934-9534-a233c4e8b4ac","CPER_001.basePlot.bet","D10","CPER","CPER_001","2015-06-04","2015-06-18","2017-01-15","NEON.BET.D10.002686","DYSPLA","Animalia","Arthropoda","Insecta","Coleoptera","Carabidae","Scaritinae","Dyschiriini","Dyschirius","Dyschiriodes","planatus",,"Dyschirius planatus","Lindroth","species",,"U",,"Bousquet, Y. 1988. Dyschirius of America North of Mexico - Descriptions of New Species with Keys to Species Groups and Species (Coleoptera, Carabidae). Canadian Entomologist 120:361-387.","Kipling Will","Essig Museum of Entomology",,"No known compromise","N",,
"a05c64c9-222f-4d56-9b5a-a9026acc545d","CPER_001.basePlot.bet","D10","CPER","CPER_001","2015-06-04","2015-06-18","2017-01-15","NEON.BET.D10.002684","HARDES","Animalia","Arthropoda","Insecta","Coleoptera","Carabidae","Harpalinae","Harpalini","Harpalus","Opadius","desertus",,"Harpalus desertus","LeConte","species",,"M",,"Noonan, G. R. 1991. Classification, Cladistics, and Natural History of Native North American Harpalus Latreille (Insecta: Coleoptera: Carabidae: Harpalini), excluding subgenera Glanodes and Pseudophonus.","Kipling Will","Essig Museum of Entomology",,"No known compromise","N",,
"d03b8fd2-c32e-4c9e-8795-b10f2372cdc4","CPER_005.basePlot.bet","D10","CPER","CPER_005","2015-06-04","2015-06-18","2017-01-15","NEON.BET.D10.002708","DYSTEN","Animalia","Arthropoda","Insecta","Coleoptera","Carabidae","Scaritinae","Dyschiriini","Dyschirius","Eudyschirius","tenuispinus",,"Dyschirius tenuispinus","Lindroth","species",,"M",,"Bousquet, Y. 1988. Dyschirius of America North of Mexico - Descriptions of New Species with Keys to Species Groups and Species (Coleoptera, Carabidae). Canadian Entomologist 120:361-387.","Kipling Will","Essig Museum of Entomology",,"No known compromise","N",,
"0271b279-72c2-4961-b468-63f8599420c7","CPER_005.basePlot.bet","D10","CPER","CPER_005","2015-06-04","2015-06-18","2017-01-15","NEON.BET.D10.002703","SELPLA","Animalia","Arthropoda","Insecta","Coleoptera","Carabidae","Harpalinae","Harpalini","Selenophorus","Selenophorus","planipennis",,"Selenophorus planipennis","LeConte","species",,"M",,"Lindroth, C. H. 1969. The ground-beetles (Carabidae, excl. Cicindelinae) of Canada and Alaska, parts 1-6. Opuscula E. Entomoligiska Sallskapet.","Kipling Will","Essig Museum of Entomology",,"No known compromise","N",,
"3387b8c2-2ba5-45ee-bbf8-caf36cee3ea8","CPER_005.basePlot.bet","D10","CPER","CPER_005","2015-06-04","2015-06-18","2017-01-15","NEON.BET.D10.002706","SELPLA","Animalia","Arthropoda","Insecta","Coleoptera","Carabidae","Harpalinae","Harpalini","Selenophorus","Selenophorus","planipennis",,"Selenophorus planipennis","LeConte","species",,"F",,"Lindroth, C. H. 1969. The ground-beetles (Carabidae, excl. Cicindelinae) of Canada and Alaska, parts 1-6. Opuscula E. Entomoligiska Sallskapet.","Kipling Will","Essig Museum of Entomology",,"No known compromise","N",,
"5b1bd433-f679-44f5-928a-e86f21965466","CPER_005.basePlot.bet","D10","CPER","CPER_005","2015-06-04","2015-06-18","2017-01-15","NEON.BET.D10.002709","AXIBIP","Animalia","Arthropoda","Insecta","Coleoptera","Carabidae","Harpalinae","Lebiini","Axinopalpus",,"biplagiatus",,"Axinopalpus biplagiatus","Dejean","species",,"M",,"Lindroth, C. H. 1969. The ground-beetles (Carabidae, excl. Cicindelinae) of Canada and Alaska, parts 1-6. Opuscula E. Entomoligiska Sallskapet.","Kipling Will","Essig Museum of Entomology",,"No known compromise","N",,
"1e482bf8-cc33-4bb3-98fc-5406ff7841fe","CPER_005.basePlot.bet","D10","CPER","CPER_005","2015-06-04","2015-06-18","2017-01-15","NEON.BET.D10.002705","DYSTEN","Animalia","Arthropoda","Insecta","Coleoptera","Carabidae","Scaritinae","Dyschiriini","Dyschirius","Eudyschirius","tenuispinus",,"Dyschirius tenuispinus","Lindroth","species",,"M",,"Bousquet, Y. 1988. Dyschirius of America North of Mexico - Descriptions of New Species with Keys to Species Groups and Species (Coleoptera, Carabidae). Canadian Entomologist 120:361-387.","Kipling Will","Essig Museum of Entomology",,"No known compromise","N",,
