uid,namedLocation,domainID,siteID,plotID,trapID,setDate,collectDate,processingDate,identifiedDate,subsampleID,individualID,taxonID,scientificName,taxonRank,identificationQualifier,scientificNameAuthorship,morphospeciesID,identificationReferences,totalLength,identifiedBy,recordedBy,remarks
"728a3556-026a-49dd-b49f-f62b7268c7c5","CPER_008.basePlot.bet","D10","CPER","CPER_008","E","2015-05-21","2015-06-04","2016-01-07","2016-01-07","kqngcYlCVJ75Bh29DXtlM1p6CXKhUGzlGp6vVOAW/mI=","NEON.BET.D10.002662","DISPAR1","Discoderus parallelus","species",,"Haldeman",,"Other",,"Ji4OKY0Opajnq0SAWKqACItMAkkkfnH7","Ji4OKY0Opajnq0SAWKqACItMAkkkfnH7",
"be45f407-e7bc-435b-94e4-13afecfd0bfb","CPER_010.basePlot.bet","D10","CPER","CPER_010","E","2015-05-21","2015-06-04","2016-01-05","2016-01-05","DW9ihRbrMtn+HN2c8wy+aibI0dklNmzqNBMfKt7xxeA=","NEON.BET.D10.002653","CARSP14","Carabidae sp.","family",,"Latreille","D10.2015.MorphJ","Other",,"Ji4OKY0Opajnq0SAWKqACItMAkkkfnH7","Ji4OKY0Opajnq0SAWKqACItMAkkkfnH7","Amara sp. Strongly punctated elytra. Very flat base of pronotum. Along with two fovea on either side of pronotum. Also has punctuation along edge."
"35982b4d-dec7-45ea-96e5-f362f535b1c3","CPER_002.basePlot.bet","D10","CPER","CPER_002","E","2015-05-21","2015-06-04","2015-12-23","2015-12-23","OMNGlFKVPvQ/Rtp3zTxlWni5hKrpohAYiUS7g5Hudzk=","NEON.BET.D10.002604","SELPLA","Selenophorus planipennis","species",,"LeConte",,"Other",,"XXW8BqPXtz8Ncjf8bOi7gc6Hj7+NVXsl","XXW8BqPXtz8Ncjf8bOi7gc6Hj7+NVXsl",
"4ab6bf8b-435a-4c54-8a1b-889adb610047","CPER_006.basePlot.bet","D10","CPER","CPER_006","N","2015-05-21","2015-06-04","2016-01-11","2016-01-11","NHMCrMp+/ZWOow5qJguFE35LWhSaPEcSKgvqRLHqA10=","NEON.BET.D10.002636","AMACON3","Amara convexa","species","cf. species","LeConte",,"Other",,"Rjv/PyMx3k4oygLKYkCbuIDsccqDw9So","Rjv/PyMx3k4oygLKYkCbuIDsccqDw9So",
"33088c56-3491-49bb-abbb-e5b67e8fb14b","CPER_006.basePlot.bet","D10","CPER","CPER_006","N","2015-05-21","2015-06-04","2016-01-11","2016-01-11","NHMCrMp+/ZWOow5qJguFE35LWhSaPEcSKgvqRLHqA10=","NEON.BET.D10.002635","AMACON3","Amara convexa","species","cf. species","LeConte",,"Other",,"Rjv/PyMx3k4oygLKYkCbuIDsccqDw9So","Rjv/PyMx3k4oygLKYkCbuIDsccqDw9So",
"6c586054-958a-4187-97ce-f8577d1d5ffc","CPER_009.basePlot.bet","D10","CPER","CPER_009","N","2015-05-21","2015-06-04","2016-01-05","2016-01-05","KY+Aed9dLRs9Os5MEMz0IKnwG3kj3aE6L6TAr9LkHxw=","NEON.BET.D10.002647","SELPLA","Selenophorus planipennis","species",,"LeConte",,"Other",,"Ji4OKY0Opajnq0SAWKqACItMAkkkfnH7","Ji4OKY0Opajnq0SAWKqACItMAkkkfnH7",
"a85b2c8c-c241-487c-8b85-917f46d76178","CPER_004.basePlot.bet","D10","CPER","CPER_004","N","2015-05-21","2015-06-04","2016-01-05","2016-01-05","eSCyThC0ZO6mu2ZSEN4o8iYO8SGT6wUaAZsndCl4gQw=","NEON.BET.D10.002645","DISPAR1","Discoderus parallelus","species",,"Haldeman",,"Other",,"Ji4OKY0Opajnq0SAWKqACItMAkkkfnH7","Ji4OKY0Opajnq0SAWKqACItMAkkkfnH7",
"b392b912-8714-49a1-8f9a-2786099b632d","CPER_004.basePlot.bet","D10","CPER","CPER_004","N","2015-05-21","2015-06-04","2016-01-05","2016-01-05","eSCyThC0ZO6mu2ZSEN4o8hQ7qD2dJ1VeoOCh2fvP3v8=","NEON.BET.D10.002642","SELPLA","Selenophorus planipennis","species",,"LeConte",,"Other",,"Ji4OKY0Opajnq0SAWKqACItMAkkkfnH7","Ji4OKY0Opajnq0SAWKqACItMAkkkfnH7",
"b8b6abde-9dbb-4e73-8d24-8fbfa7f25125","CPER_004.basePlot.bet","D10","CPER","CPER_004","N","2015-05-21","2015-06-04","2016-01-05","2016-01-05","eSCyThC0ZO6mu2ZSEN4o8hQ7qD2dJ1VeoOCh2fvP3v8=","NEON.BET.D10.002643","SELPLA","Selenophorus planipennis","species",,"LeConte",,"Other",,"Ji4OKY0Opajnq0SAWKqACItMAkkkfnH7","Ji4OKY0Opajnq0SAWKqACItMAkkkfnH7",
"9df4bef7-5b71-4980-ab3e-bd1eb38fece7","CPER_004.basePlot.bet","D10","CPER","CPER_004","N","2015-05-21","2015-06-04","2016-01-05","2016-01-05","eSCyThC0ZO6mu2ZSEN4o8hQ7qD2dJ1VeoOCh2fvP3v8=","NEON.BET.D10.002640","SELPLA","Selenophorus planipennis","species",,"LeConte",,"Other",,"Ji4OKY0Opajnq0SAWKqACItMAkkkfnH7","Ji4OKY0Opajnq0SAWKqACItMAkkkfnH7",
"2ca3935a-abf2-4742-ba35-ae30cf242e22","CPER_008.basePlot.bet","D10","CPER","CPER_008","N","2015-05-21","2015-06-04","2016-01-08","2016-01-08","kqngcYlCVJ4w2uFYReEs+yWM/cdUUHlBkGVYqPjt4LM=","NEON.BET.D10.002667","DISPAR1","Discoderus parallelus","species",,"Haldeman",,"Other",,"Ji4OKY0Opajnq0SAWKqACItMAkkkfnH7","Ji4OKY0Opajnq0SAWKqACItMAkkkfnH7",
"cdc5d65b-3d15-40b5-a448-dcdea7d60b79","CPER_008.basePlot.bet","D10","CPER","CPER_008","N","2015-05-21","2015-06-04","2016-01-08","2016-01-08","kqngcYlCVJ4w2uFYReEs+yWM/cdUUHlBkGVYqPjt4LM=","NEON.BET.D10.002670","DISPAR1","Discoderus parallelus","species",,"Haldeman",,"Other",,"Ji4OKY0Opajnq0SAWKqACItMAkkkfnH7","Ji4OKY0Opajnq0SAWKqACItMAkkkfnH7",
"fe943312-57be-40c3-90d7-b0d7873f0895","CPER_004.basePlot.bet","D10","CPER","CPER_004","N","2015-05-21","2015-06-04","2016-01-05","2016-01-05","eSCyThC0ZO6mu2ZSEN4o8iYO8SGT6wUaAZsndCl4gQw=","NEON.BET.D10.002644","DISPAR1","Discoderus parallelus","species",,"Haldeman",,"Other",,"Ji4OKY0Opajnq0SAWKqACItMAkkkfnH7","Ji4OKY0Opajnq0SAWKqACItMAkkkfnH7",
"24908ac7-d19b-4d6b-9d22-f74b2f18746b","CPER_008.basePlot.bet","D10","CPER","CPER_008","N","2015-05-21","2015-06-04","2016-01-08","2016-01-08","kqngcYlCVJ4w2uFYReEs+6H2pUlSvlGjOjEeF7lM5pU=","NEON.BET.D10.002673","SELPLA","Selenophorus planipennis","species",,"LeConte",,"Other",,"Ji4OKY0Opajnq0SAWKqACItMAkkkfnH7","Ji4OKY0Opajnq0SAWKqACItMAkkkfnH7",
"8c6dba95-dc37-44b8-ac0b-752b903142ff","CPER_008.basePlot.bet","D10","CPER","CPER_008","N","2015-05-21","2015-06-04","2016-01-08","2016-01-08","kqngcYlCVJ4w2uFYReEs+8UAntaikeXqeCxAVb0Z4xI=","NEON.BET.D10.002665","CRADUB","Cratacanthus dubius","species",,"Palisot de Beauvois",,"Other",,"Ji4OKY0Opajnq0SAWKqACItMAkkkfnH7","Ji4OKY0Opajnq0SAWKqACItMAkkkfnH7",
"31ef8d4b-c551-4238-a8bf-2645673dc819","CPER_008.basePlot.bet","D10","CPER","CPER_008","N","2015-05-21","2015-06-04","2016-01-08","2016-01-08","kqngcYlCVJ4w2uFYReEs+6H2pUlSvlGjOjEeF7lM5pU=","NEON.BET.D10.002672","SELPLA","Selenophorus planipennis","species",,"LeConte",,"Other",,"Ji4OKY0Opajnq0SAWKqACItMAkkkfnH7","Ji4OKY0Opajnq0SAWKqACItMAkkkfnH7",
"7f3c0ba0-0bab-4111-a0a0-60d1f7780be1","CPER_009.basePlot.bet","D10","CPER","CPER_009","N","2015-05-21","2015-06-04","2016-01-05","2016-01-15","KY+Aed9dLRs9Os5MEMz0IKnwG3kj3aE6L6TAr9LkHxw=","NEON.BET.D10.002648","SELPLA","Selenophorus planipennis","species",,"LeConte",,"Other",,"Ji4OKY0Opajnq0SAWKqACItMAkkkfnH7","Ji4OKY0Opajnq0SAWKqACItMAkkkfnH7",
"80cc51f5-7846-4fbf-9c3b-45842712ec8f","CPER_009.basePlot.bet","D10","CPER","CPER_009","N","2015-05-21","2015-06-04","2016-01-05","2016-01-05","KY+Aed9dLRs9Os5MEMz0IKnwG3kj3aE6L6TAr9LkHxw=","NEON.BET.D10.002649","SELPLA","Selenophorus planipennis","species",,"LeConte",,"Other",,"Ji4OKY0Opajnq0SAWKqACItMAkkkfnH7","Ji4OKY0Opajnq0SAWKqACItMAkkkfnH7",
"2a645818-74d2-444a-873e-cb3bc93eda60","CPER_004.basePlot.bet","D10","CPER","CPER_004","N","2015-05-21","2015-06-04","2016-01-05","2016-01-05","eSCyThC0ZO6mu2ZSEN4o8hQ7qD2dJ1VeoOCh2fvP3v8=","NEON.BET.D10.002641","SELPLA","Selenophorus planipennis","species",,"LeConte",,"Other",,"Ji4OKY0Opajnq0SAWKqACItMAkkkfnH7","Ji4OKY0Opajnq0SAWKqACItMAkkkfnH7",
"cff80429-e0f1-4534-97f2-352e74171991","CPER_001.basePlot.bet","D10","CPER","CPER_001","N","2015-05-21","2015-06-04","2015-12-29","2015-12-29","BEtTVHT1LvGOinTJsTLHD/77O/B3YWfCgCzGM8bESm0=","NEON.BET.D10.002613","HAROPA","Harpalus opacipennis","species",,"Haldeman",,"Other",,"Rjv/PyMx3k4oygLKYkCbuIDsccqDw9So","Rjv/PyMx3k4oygLKYkCbuIDsccqDw9So",
"e2f168ec-44c3-4617-835b-e56e91b67a1e","CPER_001.basePlot.bet","D10","CPER","CPER_001","N","2015-05-21","2015-06-04","2015-12-29","2015-12-29","BEtTVHT1LvGOinTJsTLHD6se8f+8jJD8vj5DALHJQhg=","NEON.BET.D10.002612","PASELO","Pasimachus elongatus","species",,"LeConte",,"Other",,"Rjv/PyMx3k4oygLKYkCbuIDsccqDw9So","Rjv/PyMx3k4oygLKYkCbuIDsccqDw9So",
"8076fb82-2730-4e87-b250-5a594769aaff","CPER_008.basePlot.bet","D10","CPER","CPER_008","N","2015-05-21","2015-06-04","2016-01-08","2016-01-08","kqngcYlCVJ4w2uFYReEs+yWM/cdUUHlBkGVYqPjt4LM=","NEON.BET.D10.002668","DISPAR1","Discoderus parallelus","species",,"Haldeman",,"Other",,"Ji4OKY0Opajnq0SAWKqACItMAkkkfnH7","Ji4OKY0Opajnq0SAWKqACItMAkkkfnH7",
"c21c1669-cba0-4310-a13f-362b789bc94b","CPER_008.basePlot.bet","D10","CPER","CPER_008","N","2015-05-21","2015-06-04","2016-01-08","2016-01-08","kqngcYlCVJ4w2uFYReEs+6H2pUlSvlGjOjEeF7lM5pU=","NEON.BET.D10.002671","SELPLA","Selenophorus planipennis","species",,"LeConte",,"Other",,"Ji4OKY0Opajnq0SAWKqACItMAkkkfnH7","Ji4OKY0Opajnq0SAWKqACItMAkkkfnH7",
"fd831364-0897-4d91-b5e1-391a1da422b3","CPER_008.basePlot.bet","D10","CPER","CPER_008","N","2015-05-21","2015-06-04","2016-01-08","2016-01-08","kqngcYlCVJ4w2uFYReEs+yWM/cdUUHlBkGVYqPjt4LM=","NEON.BET.D10.002666","DISPAR1","Discoderus parallelus","species",,"Haldeman",,"Other",,"Ji4OKY0Opajnq0SAWKqACItMAkkkfnH7","Ji4OKY0Opajnq0SAWKqACItMAkkkfnH7",
"e684680a-4aba-445f-b9c4-4509b5215972","CPER_008.basePlot.bet","D10","CPER","CPER_008","N","2015-05-21","2015-06-04","2016-01-08","2016-01-08","kqngcYlCVJ4w2uFYReEs+yWM/cdUUHlBkGVYqPjt4LM=","NEON.BET.D10.002669","DISPAR1","Discoderus parallelus","species",,"Haldeman",,"Other",,"Ji4OKY0Opajnq0SAWKqACItMAkkkfnH7","Ji4OKY0Opajnq0SAWKqACItMAkkkfnH7",
"111499f7-253f-4c1e-89c5-de3027448308","CPER_002.basePlot.bet","D10","CPER","CPER_002","S","2015-05-21","2015-06-04","2016-01-04","2016-01-04","OMNGlFKVPvQ4Ypsx+quWf6OT8wPN6vWizIEyosKks4o=","NEON.BET.D10.002639","PIOSET","Piosoma setosum","species",,"LeConte",,"Other",,"XXW8BqPXtz8Ncjf8bOi7gc6Hj7+NVXsl","XXW8BqPXtz8Ncjf8bOi7gc6Hj7+NVXsl",
"452b95f8-f3cd-445c-bae7-47e8da6a45a6","CPER_008.basePlot.bet","D10","CPER","CPER_008","S","2015-05-21","2015-06-04","2016-01-06","2016-01-06","kqngcYlCVJ4Lw/Dkxc6jpMEPGHcuKTpo80E03iRuUsg=","NEON.BET.D10.002656","CRADUB","Cratacanthus dubius","species",,"Palisot de Beauvois",,"Other",,"Ji4OKY0Opajnq0SAWKqACItMAkkkfnH7","Ji4OKY0Opajnq0SAWKqACItMAkkkfnH7",
"18957cf8-3f20-4508-867c-1eae32642b86","CPER_003.basePlot.bet","D10","CPER","CPER_003","S","2015-05-21","2015-06-04","2015-12-31","2015-12-31","omCPNZnkoGSR7k6XX2iQSQ599KdDmFVsBpphJwK4tRc=","NEON.BET.D10.002615","DISPAR1","Discoderus parallelus","species",,"Haldeman",,"Other",,"Rjv/PyMx3k4oygLKYkCbuIDsccqDw9So","Rjv/PyMx3k4oygLKYkCbuIDsccqDw9So",
"62030a7a-09b9-4a45-ad6d-80e89cb05ddc","CPER_003.basePlot.bet","D10","CPER","CPER_003","S","2015-05-21","2015-06-04","2015-12-31","2015-12-31","omCPNZnkoGSR7k6XX2iQSQ599KdDmFVsBpphJwK4tRc=","NEON.BET.D10.002616","DISPAR1","Discoderus parallelus","species",,"Haldeman",,"Other",,"Rjv/PyMx3k4oygLKYkCbuIDsccqDw9So","Rjv/PyMx3k4oygLKYkCbuIDsccqDw9So",
"3061a633-5bb1-4759-88d3-ccf2a2e3b8e2","CPER_003.basePlot.bet","D10","CPER","CPER_003","S","2015-05-21","2015-06-04","2015-12-31","2015-12-31","omCPNZnkoGSR7k6XX2iQSQ599KdDmFVsBpphJwK4tRc=","NEON.BET.D10.002622","DISPAR1","Discoderus parallelus","species",,"Haldeman",,"Other",,"Rjv/PyMx3k4oygLKYkCbuIDsccqDw9So","Rjv/PyMx3k4oygLKYkCbuIDsccqDw9So",
"8d2c1e49-240a-480e-b605-4423ccb04b18","CPER_003.basePlot.bet","D10","CPER","CPER_003","S","2015-05-21","2015-06-04","2015-12-31","2015-12-31","omCPNZnkoGSR7k6XX2iQSQ599KdDmFVsBpphJwK4tRc=","NEON.BET.D10.002617","DISPAR1","Discoderus parallelus","species",,"Haldeman",,"Other",,"Rjv/PyMx3k4oygLKYkCbuIDsccqDw9So","Rjv/PyMx3k4oygLKYkCbuIDsccqDw9So",
"c37d92d4-ac3f-403c-9456-c7381e08be00","CPER_005.basePlot.bet","D10","CPER","CPER_005","S","2015-05-21","2015-06-04","2015-12-23","2015-12-23","e1AKewEwvnFtOKGYXMgmkwBeLaC9ZYsCTmWrUJTl8jU=","NEON.BET.D10.002597","CARSP14","Carabidae sp.","family",,"Latreille","D10.2015.MorphD","Other",,"Ji4OKY0Opajnq0SAWKqACItMAkkkfnH7","Ji4OKY0Opajnq0SAWKqACItMAkkkfnH7","Helluomorphoides sp. Heavily punctated all over. Rufous in color. Long slender elytra with squarish apex."
"ad701348-6910-4127-95a0-9ee6774cbb55","CPER_003.basePlot.bet","D10","CPER","CPER_003","S","2015-05-21","2015-06-04","2015-12-31","2015-12-31","omCPNZnkoGSR7k6XX2iQSQ599KdDmFVsBpphJwK4tRc=","NEON.BET.D10.002621","DISPAR1","Discoderus parallelus","species",,"Haldeman",,"Other",,"Rjv/PyMx3k4oygLKYkCbuIDsccqDw9So","Rjv/PyMx3k4oygLKYkCbuIDsccqDw9So",
"47b8bbc0-5c20-4a86-ae6c-704775957a54","CPER_003.basePlot.bet","D10","CPER","CPER_003","S","2015-05-21","2015-06-04","2015-12-31","2015-12-31","omCPNZnkoGSR7k6XX2iQSQ599KdDmFVsBpphJwK4tRc=","NEON.BET.D10.002619","DISPAR1","Discoderus parallelus","species",,"Haldeman",,"Other",,"Rjv/PyMx3k4oygLKYkCbuIDsccqDw9So","Rjv/PyMx3k4oygLKYkCbuIDsccqDw9So",
"b0e32f9d-a466-42b3-b3a6-1c32b2a81f44","CPER_010.basePlot.bet","D10","CPER","CPER_010","S","2015-05-21","2015-06-04","2016-01-05","2016-01-05","DW9ihRbrMtnSGZxzvHDuJJM+89e/bSfxXdd36iMbvDg=","NEON.BET.D10.002651","CARSP14","Carabidae sp.","family",,"Latreille","D10.2015.MorphD","Other",,"Ji4OKY0Opajnq0SAWKqACItMAkkkfnH7","Ji4OKY0Opajnq0SAWKqACItMAkkkfnH7","Helluomorphoides sp. Heavily punctated all over. Rufous in color. Long slender elytra with squarish apex."
"add7212d-85c2-42ab-b977-cbd2bcfda29d","CPER_009.basePlot.bet","D10","CPER","CPER_009","S","2015-05-21","2015-06-04","2016-01-05","2016-01-05","KY+Aed9dLRssLLAGjpRwFiz7IB+NT8eu/Ih/LyQKkfQ=","NEON.BET.D10.002650","SELPLA","Selenophorus planipennis","species",,"LeConte",,"Other",,"Ji4OKY0Opajnq0SAWKqACItMAkkkfnH7","Ji4OKY0Opajnq0SAWKqACItMAkkkfnH7",
"1377afab-0062-40e2-84c1-4673766fea5c","CPER_003.basePlot.bet","D10","CPER","CPER_003","S","2015-05-21","2015-06-04","2015-12-31","2015-12-31","omCPNZnkoGSR7k6XX2iQSQ599KdDmFVsBpphJwK4tRc=","NEON.BET.D10.002620","DISPAR1","Discoderus parallelus","species",,"Haldeman",,"Other",,"Rjv/PyMx3k4oygLKYkCbuIDsccqDw9So","Rjv/PyMx3k4oygLKYkCbuIDsccqDw9So",
"9a55a958-05ad-4d01-9fdb-cfaac2f8413e","CPER_003.basePlot.bet","D10","CPER","CPER_003","S","2015-05-21","2015-06-04","2015-12-31","2015-12-31","omCPNZnkoGSR7k6XX2iQSQ599KdDmFVsBpphJwK4tRc=","NEON.BET.D10.002618","DISPAR1","Discoderus parallelus","species",,"Haldeman",,"Other",,"Rjv/PyMx3k4oygLKYkCbuIDsccqDw9So","Rjv/PyMx3k4oygLKYkCbuIDsccqDw9So",
"997b5b3a-87ea-4629-aac8-dba447623286","CPER_002.basePlot.bet","D10","CPER","CPER_002","W","2015-05-21","2015-06-04","2016-01-04","2016-01-04","OMNGlFKVPvSke4TwWW62gC+ot+73F01bsSoJYNaTV1o=","NEON.BET.D10.002631","DISPAR1","Discoderus parallelus","species",,"Haldeman",,"Other",,"XXW8BqPXtz8Ncjf8bOi7gc6Hj7+NVXsl","XXW8BqPXtz8Ncjf8bOi7gc6Hj7+NVXsl",
"f289103e-edff-4ec7-af15-ac625395cd50","CPER_002.basePlot.bet","D10","CPER","CPER_002","W","2015-05-21","2015-06-04","2016-01-04","2016-01-04","OMNGlFKVPvSke4TwWW62gC+ot+73F01bsSoJYNaTV1o=","NEON.BET.D10.002630","DISPAR1","Discoderus parallelus","species",,"Haldeman",,"Other",,"XXW8BqPXtz8Ncjf8bOi7gc6Hj7+NVXsl","XXW8BqPXtz8Ncjf8bOi7gc6Hj7+NVXsl",
"9f75821e-6d24-4b5b-b6a0-1d73912abd45","CPER_002.basePlot.bet","D10","CPER","CPER_002","W","2015-05-21","2015-06-04","2016-01-04","2016-01-04","OMNGlFKVPvSke4TwWW62gP4TOYizY2JUi8N8CYxZA0g=","NEON.BET.D10.002627","SELPLA","Selenophorus planipennis","species",,"LeConte",,"Other",,"XXW8BqPXtz8Ncjf8bOi7gc6Hj7+NVXsl","XXW8BqPXtz8Ncjf8bOi7gc6Hj7+NVXsl",
"b50247a1-2b7f-4dd1-a368-dbef3d6a769e","CPER_006.basePlot.bet","D10","CPER","CPER_006","W","2015-05-21","2015-06-04","2016-01-11","2016-01-11","NHMCrMp+/ZWvcQ7swpkZ6uVpepsnnUeIkkaC0d/qYkU=","NEON.BET.D10.002677","SELPLA","Selenophorus planipennis","species",,"LeConte",,"Other",,"Ji4OKY0Opajnq0SAWKqACItMAkkkfnH7","Ji4OKY0Opajnq0SAWKqACItMAkkkfnH7",
"a479023f-cb22-4ed0-a937-c03db479122b","CPER_006.basePlot.bet","D10","CPER","CPER_006","W","2015-05-21","2015-06-04","2016-01-11","2016-01-11","NHMCrMp+/ZWvcQ7swpkZ6tyI0iFM5PEm2Ith60EN33M=","NEON.BET.D10.002681","DISPAR1","Discoderus parallelus","species",,"Haldeman",,"Other",,"Ji4OKY0Opajnq0SAWKqACItMAkkkfnH7","Ji4OKY0Opajnq0SAWKqACItMAkkkfnH7",
"a46bc459-f95a-4592-a98f-dd11be3f641c","CPER_006.basePlot.bet","D10","CPER","CPER_006","W","2015-05-21","2015-06-04","2016-01-11","2016-01-11","NHMCrMp+/ZWvcQ7swpkZ6tyI0iFM5PEm2Ith60EN33M=","NEON.BET.D10.002680","DISPAR1","Discoderus parallelus","species",,"Haldeman",,"Other",,"Ji4OKY0Opajnq0SAWKqACItMAkkkfnH7","Ji4OKY0Opajnq0SAWKqACItMAkkkfnH7",
"5c287446-949d-4fa1-8d9c-8530a5c0794f","CPER_001.basePlot.bet","D10","CPER","CPER_001","W","2015-05-21","2015-06-04","2015-12-23","2015-12-23","BEtTVHT1LvHVoR0nG+zcLfYteYT4OHm9JZ7dtipv7YQ=","NEON.BET.D10.002602","SELPLA","Selenophorus planipennis","species",,"LeConte",,"Other",,"Ji4OKY0Opajnq0SAWKqACItMAkkkfnH7","Ji4OKY0Opajnq0SAWKqACItMAkkkfnH7",
"ea205649-ac93-41a4-8894-582d46a038bf","CPER_006.basePlot.bet","D10","CPER","CPER_006","W","2015-05-21","2015-06-04","2016-01-11","2016-01-11","NHMCrMp+/ZWvcQ7swpkZ6uVpepsnnUeIkkaC0d/qYkU=","NEON.BET.D10.002678","SELPLA","Selenophorus planipennis","species",,"LeConte",,"Other",,"Ji4OKY0Opajnq0SAWKqACItMAkkkfnH7","Ji4OKY0Opajnq0SAWKqACItMAkkkfnH7",
"b3920612-9b1e-4fd8-a550-a0f5309e6a43","CPER_003.basePlot.bet","D10","CPER","CPER_003","W","2015-05-21","2015-06-04","2015-12-31","2015-12-31","omCPNZnkoGQh5yGE1cNhpqtIUJq+5j8g3GNTm7Ybzn4=","NEON.BET.D10.002623","SELPLA","Selenophorus planipennis","species",,"LeConte",,"Other",,"Rjv/PyMx3k4oygLKYkCbuIDsccqDw9So","Rjv/PyMx3k4oygLKYkCbuIDsccqDw9So",
"5c3389e6-7be6-484d-aa3b-9003e41eb677","CPER_004.basePlot.bet","D10","CPER","CPER_004","W","2015-05-21","2015-06-04","2016-01-04","2016-01-04","eSCyThC0ZO58b8njHd7So9U8BH79tL+tfSUizQasjEE=","NEON.BET.D10.002637","SELPLA","Selenophorus planipennis","species",,"LeConte",,"Other",,"Ji4OKY0Opajnq0SAWKqACItMAkkkfnH7","Ji4OKY0Opajnq0SAWKqACItMAkkkfnH7",
"2a5d4345-7c4a-4d65-a66f-6d765aba63cf","CPER_006.basePlot.bet","D10","CPER","CPER_006","W","2015-05-21","2015-06-04","2016-01-11","2016-01-11","NHMCrMp+/ZWvcQ7swpkZ6tyI0iFM5PEm2Ith60EN33M=","NEON.BET.D10.002682","DISPAR1","Discoderus parallelus","species",,"Haldeman",,"Other",,"Ji4OKY0Opajnq0SAWKqACItMAkkkfnH7","Ji4OKY0Opajnq0SAWKqACItMAkkkfnH7",
"8f3f5498-f387-4c4b-8195-49c325ed864f","CPER_004.basePlot.bet","D10","CPER","CPER_004","W","2015-05-21","2015-06-04","2016-01-04","2016-01-04","eSCyThC0ZO58b8njHd7So9U8BH79tL+tfSUizQasjEE=","NEON.BET.D10.002638","SELPLA","Selenophorus planipennis","species",,"LeConte",,"Other",,"Ji4OKY0Opajnq0SAWKqACItMAkkkfnH7","Ji4OKY0Opajnq0SAWKqACItMAkkkfnH7",
"836c20d9-a23f-4e39-904c-97a3f059991b","CPER_006.basePlot.bet","D10","CPER","CPER_006","W","2015-05-21","2015-06-04","2016-01-11","2016-06-04","NHMCrMp+/ZWvcQ7swpkZ6taCf1GFUkRmWAv1Aq98Dfk=","NEON.BET.D10.002675","PIOSET","Piosoma setosum","species",,"LeConte",,"Other",,"Ji4OKY0Opajnq0SAWKqACItMAkkkfnH7","Ji4OKY0Opajnq0SAWKqACItMAkkkfnH7",
"02dc066b-8227-4199-94d1-a3e3e6949d10","CPER_008.basePlot.bet","D10","CPER","CPER_008","W","2015-05-21","2015-06-04","2016-01-06","2016-01-06","kqngcYlCVJ6rAH0hVTosp2J2azSrtiF/2yNuiX49bBQ=","NEON.BET.D10.002655","DISPAR1","Discoderus parallelus","species",,"Haldeman",,"Other",,"Ji4OKY0Opajnq0SAWKqACItMAkkkfnH7","Ji4OKY0Opajnq0SAWKqACItMAkkkfnH7",
"898df4b2-08df-4633-92b9-ffb9913fb387","CPER_008.basePlot.bet","D10","CPER","CPER_008","W","2015-05-21","2015-06-04","2016-01-06","2016-01-06","kqngcYlCVJ6rAH0hVTosp2J2azSrtiF/2yNuiX49bBQ=","NEON.BET.D10.002654","DISPAR1","Discoderus parallelus","species",,"Haldeman",,"Other",,"Ji4OKY0Opajnq0SAWKqACItMAkkkfnH7","Ji4OKY0Opajnq0SAWKqACItMAkkkfnH7",
"b69a802c-2aef-4d4e-a91f-1f0ec2529dd5","CPER_002.basePlot.bet","D10","CPER","CPER_002","W","2015-05-21","2015-06-04","2016-01-04","2016-01-04","OMNGlFKVPvSke4TwWW62gC+ot+73F01bsSoJYNaTV1o=","NEON.BET.D10.002634","DISPAR1","Discoderus parallelus","species",,"Haldeman",,"Other",,"XXW8BqPXtz8Ncjf8bOi7gc6Hj7+NVXsl","XXW8BqPXtz8Ncjf8bOi7gc6Hj7+NVXsl",
"cca5939f-f120-4332-863a-6d08c981d895","CPER_006.basePlot.bet","D10","CPER","CPER_006","W","2015-05-21","2015-06-04","2016-01-11","2016-01-11","NHMCrMp+/ZWvcQ7swpkZ6vuZrTkpKClHT0Iw6TMSTnw=","NEON.BET.D10.002676","CARSP14","Carabidae sp.","family",,"Latreille","D10.2015.MorphC","Other",,"Ji4OKY0Opajnq0SAWKqACItMAkkkfnH7","Ji4OKY0Opajnq0SAWKqACItMAkkkfnH7","slightly larger than AMACON3. Only segments 1 and 2 of antenna rufous. Two slight fovea on pronotum. Pronotum relatively smooth."
"5cd15688-9a67-4e27-b1a4-955fcbf355ac","CPER_002.basePlot.bet","D10","CPER","CPER_002","W","2015-05-21","2015-06-04","2016-01-04","2016-01-04","OMNGlFKVPvSke4TwWW62gP4TOYizY2JUi8N8CYxZA0g=","NEON.BET.D10.002628","SELPLA","Selenophorus planipennis","species",,"LeConte",,"Other",,"XXW8BqPXtz8Ncjf8bOi7gc6Hj7+NVXsl","XXW8BqPXtz8Ncjf8bOi7gc6Hj7+NVXsl",
"c4d13307-32ed-49e8-abce-f1688fc523ff","CPER_002.basePlot.bet","D10","CPER","CPER_002","W","2015-05-21","2015-06-04","2016-01-04","2016-01-04","OMNGlFKVPvSke4TwWW62gC+ot+73F01bsSoJYNaTV1o=","NEON.BET.D10.002632","DISPAR1","Discoderus parallelus","species",,"Haldeman",,"Other",,"XXW8BqPXtz8Ncjf8bOi7gc6Hj7+NVXsl","XXW8BqPXtz8Ncjf8bOi7gc6Hj7+NVXsl",
"3550d7b1-5ec9-45d9-a0f3-4d44a04d3cc4","CPER_002.basePlot.bet","D10","CPER","CPER_002","W","2015-05-21","2015-06-04","2016-01-04","2016-01-04","OMNGlFKVPvSke4TwWW62gC+ot+73F01bsSoJYNaTV1o=","NEON.BET.D10.002629","DISPAR1","Discoderus parallelus","species",,"Haldeman",,"Other",,"XXW8BqPXtz8Ncjf8bOi7gc6Hj7+NVXsl","XXW8BqPXtz8Ncjf8bOi7gc6Hj7+NVXsl",
"9a14a477-ab06-4894-9155-b33fad8caedb","CPER_006.basePlot.bet","D10","CPER","CPER_006","W","2015-05-21","2015-06-04","2016-01-11","2016-01-11","NHMCrMp+/ZWvcQ7swpkZ6uVpepsnnUeIkkaC0d/qYkU=","NEON.BET.D10.002679","SELPLA","Selenophorus planipennis","species",,"LeConte",,"Other",,"Ji4OKY0Opajnq0SAWKqACItMAkkkfnH7","Ji4OKY0Opajnq0SAWKqACItMAkkkfnH7",
"984f2339-0ebb-4068-8d0f-ab47cd218085","CPER_008.basePlot.bet","D10","CPER","CPER_008","E","2015-05-21","2015-06-04","2016-01-07","2016-01-07","kqngcYlCVJ75Bh29DXtlM1p6CXKhUGzlGp6vVOAW/mI=","NEON.BET.D10.002659","DISPAR1","Discoderus parallelus","species",,"Haldeman",,"Other",,"Ji4OKY0Opajnq0SAWKqACItMAkkkfnH7","Ji4OKY0Opajnq0SAWKqACItMAkkkfnH7",
"5c6a45a7-cdee-4fd4-aefb-e8e3bd0cbe22","CPER_008.basePlot.bet","D10","CPER","CPER_008","E","2015-05-21","2015-06-04","2016-01-06","2016-01-06","kqngcYlCVJ75Bh29DXtlM5RV8t7DvNdmfSVsGTRtZIY=","NEON.BET.D10.002657","CRADUB","Cratacanthus dubius","species",,"Palisot de Beauvois",,"Other",,"Ji4OKY0Opajnq0SAWKqACItMAkkkfnH7","Ji4OKY0Opajnq0SAWKqACItMAkkkfnH7",
"0f47ce55-58e3-4f04-bf71-b0a8a47a1260","CPER_010.basePlot.bet","D10","CPER","CPER_010","E","2015-05-21","2015-06-04","2016-01-05","2016-01-05","DW9ihRbrMtn+HN2c8wy+aibI0dklNmzqhSLeA7F7r7k=","NEON.BET.D10.002652","CARSP14","Carabidae sp.","family",,"Latreille","D10.2015.MorphE","Other",,"Ji4OKY0Opajnq0SAWKqACItMAkkkfnH7","Ji4OKY0Opajnq0SAWKqACItMAkkkfnH7","Rhadine sp. Shapely pronotum. Punctation around edges of elytra. Entirely rufous in color."
"9fa7a794-3ea1-4a5f-bd3a-c37981b31166","CPER_002.basePlot.bet","D10","CPER","CPER_002","E","2015-05-21","2015-06-04","2015-12-23","2015-12-23","OMNGlFKVPvQ/Rtp3zTxlWni5hKrpohAYiUS7g5Hudzk=","NEON.BET.D10.002603","SELPLA","Selenophorus planipennis","species",,"LeConte",,"Other",,"XXW8BqPXtz8Ncjf8bOi7gc6Hj7+NVXsl","XXW8BqPXtz8Ncjf8bOi7gc6Hj7+NVXsl",
"95b44d9d-2a1e-48fd-836d-968f2bfc3e1a","CPER_008.basePlot.bet","D10","CPER","CPER_008","E","2015-05-21","2015-06-04","2016-01-07","2016-01-07","kqngcYlCVJ75Bh29DXtlM1p6CXKhUGzlGp6vVOAW/mI=","NEON.BET.D10.002660","DISPAR1","Discoderus parallelus","species",,"Haldeman",,"Other",,"Ji4OKY0Opajnq0SAWKqACItMAkkkfnH7","Ji4OKY0Opajnq0SAWKqACItMAkkkfnH7",
"767c1ce1-8137-43f7-8294-1bb07a638980","CPER_001.basePlot.bet","D10","CPER","CPER_001","E","2015-05-21","2015-06-04","2015-12-29","2015-12-29","BEtTVHT1LvGmeSf6iWM9MJRHTNEYp0IjMZCBw1kCpdc=","NEON.BET.D10.002614","HARDES","Harpalus desertus","species",,"LeConte",,"Other",,"Rjv/PyMx3k4oygLKYkCbuIDsccqDw9So","Rjv/PyMx3k4oygLKYkCbuIDsccqDw9So",
"dfba8b1f-2aab-4944-ac0a-b0dda16c8a34","CPER_003.basePlot.bet","D10","CPER","CPER_003","E","2015-05-21","2015-06-04","2016-01-04","2016-01-04","omCPNZnkoGT/LO+3sbrEpd7nJ4Z/K867iuqjrH+N9AE=","NEON.BET.D10.002625","SELPLA","Selenophorus planipennis","species",,"LeConte",,"Other",,"Rjv/PyMx3k4oygLKYkCbuIDsccqDw9So","Rjv/PyMx3k4oygLKYkCbuIDsccqDw9So",
"6d1f01ba-6829-496f-b4eb-2c60e0ed5419","CPER_006.basePlot.bet","D10","CPER","CPER_006","E","2015-05-21","2015-06-04","2016-01-11","2016-01-11","NHMCrMp+/ZWnq0ZeLB6HspbxH8dVo4uvF2KyL3i/7Hg=","NEON.BET.D10.002674","CARSP14","Carabidae sp.","family","cf. species","Latreille","D10.2015.MorphG","Other",,"Ji4OKY0Opajnq0SAWKqACItMAkkkfnH7","Ji4OKY0Opajnq0SAWKqACItMAkkkfnH7","very round pronotum. Defined lines running laterally across pronotum. Two offset setae next to and behind eye. Extra hair on submentum different than Amara sp."
"5c517130-e65f-4f91-9fe5-08624ffa7bb2","CPER_009.basePlot.bet","D10","CPER","CPER_009","E","2015-05-21","2015-06-04","2016-01-05","2016-01-05","KY+Aed9dLRtPx5j6knVrgPHyOT17H2ZpiMzPhWh0GEQ=","NEON.BET.D10.002646","SELPLA","Selenophorus planipennis","species",,"LeConte",,"Other",,"Ji4OKY0Opajnq0SAWKqACItMAkkkfnH7","Ji4OKY0Opajnq0SAWKqACItMAkkkfnH7",
"05336df4-26d1-4a0e-a7c2-b10533724942","CPER_008.basePlot.bet","D10","CPER","CPER_008","E","2015-05-21","2015-06-04","2016-01-07","2016-01-07","kqngcYlCVJ75Bh29DXtlMy7t/4d0GeKGwHcsddCgSbk=","NEON.BET.D10.002664","SELPLA","Selenophorus planipennis","species",,"LeConte",,"Other",,"Ji4OKY0Opajnq0SAWKqACItMAkkkfnH7","Ji4OKY0Opajnq0SAWKqACItMAkkkfnH7",
"908a1dc3-a821-4dfb-b3a2-ca3113cb3f5b","CPER_008.basePlot.bet","D10","CPER","CPER_008","E","2015-05-21","2015-06-04","2016-01-07","2016-01-07","kqngcYlCVJ75Bh29DXtlM1p6CXKhUGzlGp6vVOAW/mI=","NEON.BET.D10.002663","DISPAR1","Discoderus parallelus","species",,"Haldeman",,"Other",,"Ji4OKY0Opajnq0SAWKqACItMAkkkfnH7","Ji4OKY0Opajnq0SAWKqACItMAkkkfnH7",
"4da17ebf-e8f9-4988-b86b-dc349c42c401","CPER_008.basePlot.bet","D10","CPER","CPER_008","E","2015-05-21","2015-06-04","2016-01-07","2016-01-07","kqngcYlCVJ75Bh29DXtlM1p6CXKhUGzlGp6vVOAW/mI=","NEON.BET.D10.002658","DISPAR1","Discoderus parallelus","species",,"Haldeman",,"Other",,"Ji4OKY0Opajnq0SAWKqACItMAkkkfnH7","Ji4OKY0Opajnq0SAWKqACItMAkkkfnH7",
"3d842a37-3905-4bf1-9454-8ab227b943aa","CPER_004.basePlot.bet","D10","CPER","CPER_004","E","2015-05-21","2015-06-04","2015-12-31","2015-12-31","eSCyThC0ZO4/6XSI6K5eMncWRmko37qAdpthzbxULlQ=","NEON.BET.D10.002624","PASELO","Pasimachus elongatus","species",,"LeConte",,"Other",,"Ji4OKY0Opajnq0SAWKqACItMAkkkfnH7","Ji4OKY0Opajnq0SAWKqACItMAkkkfnH7",
"9c9c0579-f931-4fef-9d22-21bac799fdc1","CPER_003.basePlot.bet","D10","CPER","CPER_003","E","2015-05-21","2015-06-04","2016-01-04","2016-01-04","omCPNZnkoGT/LO+3sbrEpRAscNOKoIgIsPVp63WHHjU=","NEON.BET.D10.002626","CARSP14","Carabidae sp.","family",,"Latreille","D10.2015.MorphA","Other",,"Rjv/PyMx3k4oygLKYkCbuIDsccqDw9So","Rjv/PyMx3k4oygLKYkCbuIDsccqDw9So","striated elytra. Smooth labrum. Single orbital setae. Slight mentum tooth. Pronotum: largely smooth. Slight medial impression. Hind angle obtuse. Anterior angle sharpish."
"9b10e06b-a9c3-4df6-9a8c-aa960325a486","CPER_004.basePlot.bet","D10","CPER","CPER_004","E","2015-05-21","2015-06-04","2016-01-04","2016-01-04","eSCyThC0ZO4/6XSI6K5eMgrdS7x9l4y+hbsvUaWtwko=","NEON.BET.D10.002633","DISPAR1","Discoderus parallelus","species",,"Haldeman",,"Other",,"Ji4OKY0Opajnq0SAWKqACItMAkkkfnH7","Ji4OKY0Opajnq0SAWKqACItMAkkkfnH7",
"0c28b02b-02e7-431c-a278-2287f3eb9f0c","CPER_008.basePlot.bet","D10","CPER","CPER_008","E","2015-05-21","2015-06-04","2016-01-07","2016-01-07","kqngcYlCVJ75Bh29DXtlM1p6CXKhUGzlGp6vVOAW/mI=","NEON.BET.D10.002661","DISPAR1","Discoderus parallelus","species",,"Haldeman",,"Other",,"Ji4OKY0Opajnq0SAWKqACItMAkkkfnH7","Ji4OKY0Opajnq0SAWKqACItMAkkkfnH7",
"f0e862d4-cecd-462f-a335-e446acef2f41","CPER_008.basePlot.bet","D10","CPER","CPER_008","E","2015-06-04","2015-06-18","2016-01-14","2016-01-15","kqngcYlCVJ75Bh29DXtlM2SbTA6SSp3Vsd1RbNT8lF8=","NEON.BET.D10.002724","SELPLA","Selenophorus planipennis","species",,"LeConte",,"Other",,"Ji4OKY0Opajnq0SAWKqACItMAkkkfnH7","Ji4OKY0Opajnq0SAWKqACItMAkkkfnH7",
"663af2b4-c0ec-4d69-b76f-dc0e07035f89","CPER_006.basePlot.bet","D10","CPER","CPER_006","W","2015-06-04","2015-06-18","2016-01-14","2016-01-14","NHMCrMp+/ZWvcQ7swpkZ6mFl/TuvGga+O262qYnitpc=","NEON.BET.D10.002723","AMACON3","Amara convexa","species",,"LeConte",,"Other",,"Ji4OKY0Opajnq0SAWKqACItMAkkkfnH7","Ji4OKY0Opajnq0SAWKqACItMAkkkfnH7",
"e744ab1e-a129-408b-aca3-c136f9d39333","CPER_002.basePlot.bet","D10","CPER","CPER_002","E","2015-06-04","2015-06-18","2016-01-12","2016-01-12","OMNGlFKVPvQ/Rtp3zTxlWnV5qMaSqGf2xdEpV11VfcQ=","NEON.BET.D10.002688","SELPLA","Selenophorus planipennis","species",,"LeConte",,"Other",,"Ji4OKY0Opajnq0SAWKqACItMAkkkfnH7","Ji4OKY0Opajnq0SAWKqACItMAkkkfnH7",
"84c62008-387e-4ce5-bbe9-d39c5f3069cd","CPER_006.basePlot.bet","D10","CPER","CPER_006","E","2015-06-04","2015-06-18","2016-01-14","2016-01-14","NHMCrMp+/ZWnq0ZeLB6Hsih3oZDhalzZpMGSkpdEZSQ=","NEON.BET.D10.002714","AMAQUE","Amara quenseli quenseli","subspecies",,"Schonherr",,"Other",,"Ji4OKY0Opajnq0SAWKqACItMAkkkfnH7","Ji4OKY0Opajnq0SAWKqACItMAkkkfnH7",
"8d329799-e488-4465-beca-a6197a8b0b9a","CPER_008.basePlot.bet","D10","CPER","CPER_008","E","2015-06-04","2015-06-18","2016-01-15","2016-01-15","kqngcYlCVJ75Bh29DXtlMyIcj+nYQz2xz2vg2Rz8mvM=","NEON.BET.D10.002728","DISPAR1","Discoderus parallelus","species",,"Haldeman",,"Other",,"Ji4OKY0Opajnq0SAWKqACItMAkkkfnH7","Ji4OKY0Opajnq0SAWKqACItMAkkkfnH7",
"9b00f308-ae13-4a84-bae3-49fb829f9a3e","CPER_008.basePlot.bet","D10","CPER","CPER_008","E","2015-06-04","2015-06-18","2016-01-15","2016-01-15","kqngcYlCVJ75Bh29DXtlMyIcj+nYQz2xz2vg2Rz8mvM=","NEON.BET.D10.002726","DISPAR1","Discoderus parallelus","species",,"Haldeman",,"Other",,"Ji4OKY0Opajnq0SAWKqACItMAkkkfnH7","Ji4OKY0Opajnq0SAWKqACItMAkkkfnH7",
"132622ac-a8a1-42b8-8a73-d38f70aa54eb","CPER_008.basePlot.bet","D10","CPER","CPER_008","E","2015-06-04","2015-06-18","2016-01-15","2016-01-15","kqngcYlCVJ75Bh29DXtlMyIcj+nYQz2xz2vg2Rz8mvM=","NEON.BET.D10.002725","DISPAR1","Discoderus parallelus","species",,"Haldeman",,"Other",,"Ji4OKY0Opajnq0SAWKqACItMAkkkfnH7","Ji4OKY0Opajnq0SAWKqACItMAkkkfnH7",
"9423d87d-432e-439a-8e92-421c158552a2","CPER_008.basePlot.bet","D10","CPER","CPER_008","E","2015-06-04","2015-06-18","2016-01-15","2016-01-15","kqngcYlCVJ75Bh29DXtlMyIcj+nYQz2xz2vg2Rz8mvM=","NEON.BET.D10.002727","DISPAR1","Discoderus parallelus","species",,"Haldeman",,"Other",,"Ji4OKY0Opajnq0SAWKqACItMAkkkfnH7","Ji4OKY0Opajnq0SAWKqACItMAkkkfnH7",
"2f56b5f9-bfdc-4add-86af-0cec4d3ea070","CPER_002.basePlot.bet","D10","CPER","CPER_002","E","2015-06-04","2015-06-18","2016-01-12","2016-01-12","OMNGlFKVPvQ/Rtp3zTxlWnV5qMaSqGf2xdEpV11VfcQ=","NEON.BET.D10.002689","SELPLA","Selenophorus planipennis","species",,"LeConte",,"Other",,"Ji4OKY0Opajnq0SAWKqACItMAkkkfnH7","Ji4OKY0Opajnq0SAWKqACItMAkkkfnH7",
"f2b27084-b498-4e3f-a9e7-b57834289017","CPER_002.basePlot.bet","D10","CPER","CPER_002","E","2015-06-04","2015-06-18","2016-01-12","2016-01-12","OMNGlFKVPvQ/Rtp3zTxlWnV5qMaSqGf2xdEpV11VfcQ=","NEON.BET.D10.002687","SELPLA","Selenophorus planipennis","species",,"LeConte",,"Other",,"Ji4OKY0Opajnq0SAWKqACItMAkkkfnH7","Ji4OKY0Opajnq0SAWKqACItMAkkkfnH7",
"3e87d28e-a936-4a77-a835-7297492128b4","CPER_005.basePlot.bet","D10","CPER","CPER_005","E","2015-06-04","2015-06-18","2016-01-13","2016-01-13","e1AKewEwvnF0peDlcOGz4ee3fen6nYI7WxyCymD1C1o=","NEON.BET.D10.002705","DYSGLO","Dyschirius globulosus","species",,"Say",,"Other",,"Ji4OKY0Opajnq0SAWKqACItMAkkkfnH7","Ji4OKY0Opajnq0SAWKqACItMAkkkfnH7",
"0f53be8e-8872-44ed-94d4-7c14d728a812","CPER_004.basePlot.bet","D10","CPER","CPER_004","E","2015-06-04","2015-06-18","2016-01-13","2016-01-13","eSCyThC0ZO4/6XSI6K5eMqlAkFfS4raGJZ2sKUda9VI=","NEON.BET.D10.002702","SELPLA","Selenophorus planipennis","species",,"LeConte",,"Other",,"Ji4OKY0Opajnq0SAWKqACItMAkkkfnH7","Ji4OKY0Opajnq0SAWKqACItMAkkkfnH7",
"c1672114-b67c-45fe-b127-d29ba2bfd5ce","CPER_006.basePlot.bet","D10","CPER","CPER_006","E","2015-06-04","2015-06-18","2016-01-13","2016-01-13","NHMCrMp+/ZWnq0ZeLB6HsqBOmbcrqvU6EIiQjiEUDkM=","NEON.BET.D10.002712","SELPLA","Selenophorus planipennis","species",,"LeConte",,"Other",,"Ji4OKY0Opajnq0SAWKqACItMAkkkfnH7","Ji4OKY0Opajnq0SAWKqACItMAkkkfnH7",
"bfebca6d-caf5-4a01-965d-4e17a7376ddb","CPER_006.basePlot.bet","D10","CPER","CPER_006","E","2015-06-04","2015-06-18","2016-01-13","2016-01-14","NHMCrMp+/ZWnq0ZeLB6HsqBOmbcrqvU6EIiQjiEUDkM=","NEON.BET.D10.002713","SELPLA","Selenophorus planipennis","species",,"LeConte",,"Other",,"Ji4OKY0Opajnq0SAWKqACItMAkkkfnH7","Ji4OKY0Opajnq0SAWKqACItMAkkkfnH7",
"c57aee71-53a0-4775-9cd7-dae0778966ca","CPER_003.basePlot.bet","D10","CPER","CPER_003","N","2015-06-04","2015-06-18","2016-01-13","2016-01-13","omCPNZnkoGQ4EY4+lZjleZf9gADrW98MRU1ZWcNF1tk=","NEON.BET.D10.002697","SELPLA","Selenophorus planipennis","species",,"LeConte",,"Other",,"Ji4OKY0Opajnq0SAWKqACItMAkkkfnH7","Ji4OKY0Opajnq0SAWKqACItMAkkkfnH7",
"a4afb10f-9ea4-4bdc-842b-cc5f7f5763ab","CPER_005.basePlot.bet","D10","CPER","CPER_005","N","2015-06-04","2015-06-18","2016-01-13","2016-01-13","e1AKewEwvnFbnAU6tiiq4Q3AVcibOjr9Iyfxp/LKVX8=","NEON.BET.D10.002708","DYSGLO","Dyschirius globulosus","species",,"Say",,"Other",,"Ji4OKY0Opajnq0SAWKqACItMAkkkfnH7","Ji4OKY0Opajnq0SAWKqACItMAkkkfnH7",
"b2862ca1-c925-494e-afdd-5871f94ea8d6","CPER_003.basePlot.bet","D10","CPER","CPER_003","N","2015-06-04","2015-06-18","2016-01-13","2016-01-13","omCPNZnkoGQ4EY4+lZjleTqHAG0JurUCs3asy/4d0aQ=","NEON.BET.D10.002701","HARDES","Harpalus desertus","species",,"LeConte",,"Other",,"Ji4OKY0Opajnq0SAWKqACItMAkkkfnH7","Ji4OKY0Opajnq0SAWKqACItMAkkkfnH7",
"7847ac53-9fb8-40cb-9300-37bda2e2c971","CPER_006.basePlot.bet","D10","CPER","CPER_006","N","2015-06-04","2015-06-18","2016-01-13","2016-01-13","NHMCrMp+/ZWOow5qJguFE4R3WIkFD0SIb6PT8VFbY1w=","NEON.BET.D10.002711","HARDES","Harpalus desertus","species",,"LeConte",,"Other",,"Ji4OKY0Opajnq0SAWKqACItMAkkkfnH7","Ji4OKY0Opajnq0SAWKqACItMAkkkfnH7",
"88a5e20a-208f-4331-9c08-f8a1466d041d","CPER_005.basePlot.bet","D10","CPER","CPER_005","N","2015-06-04","2015-06-18","2016-01-13","2016-01-13","e1AKewEwvnFbnAU6tiiq4WgF9mdPDIjDfaD4XCkUY60=","NEON.BET.D10.002709","MICLIN2","Microlestes linearis","species","cf. species","LeConte",,"Other",,"Ji4OKY0Opajnq0SAWKqACItMAkkkfnH7","Ji4OKY0Opajnq0SAWKqACItMAkkkfnH7",
"78fe85bb-5659-40ca-9f3f-8c3aa0f8aa7e","CPER_003.basePlot.bet","D10","CPER","CPER_003","N","2015-06-04","2015-06-18","2016-01-13","2016-01-13","omCPNZnkoGQ4EY4+lZjleZf9gADrW98MRU1ZWcNF1tk=","NEON.BET.D10.002698","SELPLA","Selenophorus planipennis","species",,"LeConte",,"Other",,"Ji4OKY0Opajnq0SAWKqACItMAkkkfnH7","Ji4OKY0Opajnq0SAWKqACItMAkkkfnH7",
"059354d9-180e-474b-90dd-7f0164298fb8","CPER_005.basePlot.bet","D10","CPER","CPER_005","N","2015-06-04","2015-06-18","2016-01-13","2016-01-13","e1AKewEwvnFbnAU6tiiq4SnkzPvs1KEoBAJ/sjr4NxE=","NEON.BET.D10.002707","SELPLA","Selenophorus planipennis","species",,"LeConte",,"Other",,"Ji4OKY0Opajnq0SAWKqACItMAkkkfnH7","Ji4OKY0Opajnq0SAWKqACItMAkkkfnH7",
"b3167a60-102c-47c2-a544-55c1a01b4b2f","CPER_003.basePlot.bet","D10","CPER","CPER_003","N","2015-06-04","2015-06-18","2016-01-13","2016-01-13","omCPNZnkoGQ4EY4+lZjleZf9gADrW98MRU1ZWcNF1tk=","NEON.BET.D10.002700","SELPLA","Selenophorus planipennis","species",,"LeConte",,"Other",,"Ji4OKY0Opajnq0SAWKqACItMAkkkfnH7","Ji4OKY0Opajnq0SAWKqACItMAkkkfnH7",
"2509a448-67f0-47f0-9904-2727d82e4e6d","CPER_006.basePlot.bet","D10","CPER","CPER_006","N","2015-06-04","2015-06-18","2016-01-13","2016-01-13","NHMCrMp+/ZWOow5qJguFE7j91vr5clHG2FbLZmGJVNE=","NEON.BET.D10.002710","AMACON3","Amara convexa","species",,"LeConte",,"Other",,"Ji4OKY0Opajnq0SAWKqACItMAkkkfnH7","Ji4OKY0Opajnq0SAWKqACItMAkkkfnH7",
"1e20f8a0-fc2e-4171-9269-f61387c86ff9","CPER_009.basePlot.bet","D10","CPER","CPER_009","N","2015-06-04","2015-06-18","2016-01-15","2016-01-15","KY+Aed9dLRs9Os5MEMz0IGHUgY6xOb+90XAnlatQ4x0=","NEON.BET.D10.002730","CARSP14","Carabidae sp.","family",,"Latreille","D10.2015.MorphH","Other",,"Ji4OKY0Opajnq0SAWKqACItMAkkkfnH7","Ji4OKY0Opajnq0SAWKqACItMAkkkfnH7","pronounced clypeus. Most similar in shape to HARDES. Large amount of punctuation along bottom of pronotum."
"79da367f-f59c-404b-b8dd-4aaea6de4029","CPER_005.basePlot.bet","D10","CPER","CPER_005","N","2015-06-04","2015-06-18","2016-01-13","2016-01-13","e1AKewEwvnFbnAU6tiiq4SnkzPvs1KEoBAJ/sjr4NxE=","NEON.BET.D10.002706","SELPLA","Selenophorus planipennis","species",,"LeConte",,"Other",,"Ji4OKY0Opajnq0SAWKqACItMAkkkfnH7","Ji4OKY0Opajnq0SAWKqACItMAkkkfnH7",
"d69796be-6e7f-47fb-9014-7fd8df30797b","CPER_001.basePlot.bet","D10","CPER","CPER_001","N","2015-06-04","2015-06-18","2016-01-12","2016-01-12","BEtTVHT1LvGOinTJsTLHD531A6F+vRONhrr5M8xU6Pw=","NEON.BET.D10.002684","CARSP14","Carabidae sp.","family",,"Latreille","D10.2015.MorphH","Other",,"Ji4OKY0Opajnq0SAWKqACItMAkkkfnH7","Ji4OKY0Opajnq0SAWKqACItMAkkkfnH7","pronounced clypeus. Most similar in shape to HARDES. Large amount of punctuation along bottom of pronotum."
"c3243eb8-ad74-4841-8d60-5bb79502c5ed","CPER_001.basePlot.bet","D10","CPER","CPER_001","N","2015-06-04","2015-06-18","2016-01-12","2016-01-12","BEtTVHT1LvGOinTJsTLHD531A6F+vRONAJrxH2PS24c=","NEON.BET.D10.002685","CARSP14","Carabidae sp.","family",,"Latreille","D10.2015.MorphI","Other",,"Ji4OKY0Opajnq0SAWKqACItMAkkkfnH7","Ji4OKY0Opajnq0SAWKqACItMAkkkfnH7","Harpalus sp. 90 degree anterior angle that fans out over the elytra. Probably either HAROPA or HARELL."
"589760f9-1b22-4cef-825b-f8da1c1f4f23","CPER_003.basePlot.bet","D10","CPER","CPER_003","N","2015-06-04","2015-06-18","2016-01-13","2016-01-13","omCPNZnkoGQ4EY4+lZjleZf9gADrW98MRU1ZWcNF1tk=","NEON.BET.D10.002699","SELPLA","Selenophorus planipennis","species",,"LeConte",,"Other",,"Ji4OKY0Opajnq0SAWKqACItMAkkkfnH7","Ji4OKY0Opajnq0SAWKqACItMAkkkfnH7",
"b0c2175f-96d4-48d8-8fad-16ba0b2427fe","CPER_003.basePlot.bet","D10","CPER","CPER_003","S","2015-06-04","2015-06-18","2016-01-13","2016-01-13","omCPNZnkoGSR7k6XX2iQScEBRmseWbAMMYj/zVgWnJc=","NEON.BET.D10.002692","SELPLA","Selenophorus planipennis","species",,"LeConte",,"Other",,"Ji4OKY0Opajnq0SAWKqACItMAkkkfnH7","Ji4OKY0Opajnq0SAWKqACItMAkkkfnH7",
"c337da61-1fc2-41ba-8d45-7b26ce969b1f","CPER_006.basePlot.bet","D10","CPER","CPER_006","S","2015-06-04","2015-06-18","2016-01-14","2016-01-14","NHMCrMp+/ZU4QJif5H5+ZKFsaWD5ELGCxOAKaZgymPQ=","NEON.BET.D10.002716","SELPLA","Selenophorus planipennis","species",,"LeConte",,"Other",,"Ji4OKY0Opajnq0SAWKqACItMAkkkfnH7","Ji4OKY0Opajnq0SAWKqACItMAkkkfnH7",
"0096043e-e934-459b-907e-e35995ee5603","CPER_003.basePlot.bet","D10","CPER","CPER_003","S","2015-06-04","2015-06-18","2016-01-13","2016-01-13","omCPNZnkoGSR7k6XX2iQSbc3N29BRAot9arN7byrbEA=","NEON.BET.D10.002694","CARSP14","Carabidae sp.","family",,"Latreille","D10.2015.MorphJ","Other",,"Ji4OKY0Opajnq0SAWKqACItMAkkkfnH7","Ji4OKY0Opajnq0SAWKqACItMAkkkfnH7","Amara sp. Strongly punctated elytra. Very flat base of pronotum. Along with two fovea on either side of pronotum. Also has punctuation along edge."
"671b6289-117c-479f-b692-f841b02b1320","CPER_006.basePlot.bet","D10","CPER","CPER_006","S","2015-06-04","2015-06-18","2016-01-14","2016-01-14","NHMCrMp+/ZU4QJif5H5+ZDhKHgqks6ZlaEq3rvy57pM=","NEON.BET.D10.002717","DISPAR1","Discoderus parallelus","species",,"Haldeman",,"Other",,"Ji4OKY0Opajnq0SAWKqACItMAkkkfnH7","Ji4OKY0Opajnq0SAWKqACItMAkkkfnH7",
"23e9fc8b-6755-4845-b4fe-5c556478b82d","CPER_006.basePlot.bet","D10","CPER","CPER_006","S","2015-06-04","2015-06-18","2016-01-14","2016-01-15","NHMCrMp+/ZU4QJif5H5+ZDhKHgqks6ZlaEq3rvy57pM=","NEON.BET.D10.002720","DISPAR1","Discoderus parallelus","species",,"Haldeman",,"Other",,"Ji4OKY0Opajnq0SAWKqACItMAkkkfnH7","Ji4OKY0Opajnq0SAWKqACItMAkkkfnH7",
"e03aa4de-37cd-40fb-9afa-605977138be5","CPER_006.basePlot.bet","D10","CPER","CPER_006","S","2015-06-04","2015-06-18","2016-01-14","2016-01-14","NHMCrMp+/ZU4QJif5H5+ZGuKQEEa5a9bnsMu78p/w4A=","NEON.BET.D10.002715","CARSP14","Carabidae sp.","family",,"Latreille","D10.2015.MorphD","Other",,"Ji4OKY0Opajnq0SAWKqACItMAkkkfnH7","Ji4OKY0Opajnq0SAWKqACItMAkkkfnH7","Helluomorphoides sp. Heavily punctated all over. Rufous in color. Long slender elytra with squarish apex."
"58b0c1da-4cbe-4829-97fb-d6a845f8fed6","CPER_006.basePlot.bet","D10","CPER","CPER_006","S","2015-06-04","2015-06-18","2016-01-14","2016-01-14","NHMCrMp+/ZU4QJif5H5+ZDhKHgqks6ZlaEq3rvy57pM=","NEON.BET.D10.002719","DISPAR1","Discoderus parallelus","species",,"Haldeman",,"Other",,"Ji4OKY0Opajnq0SAWKqACItMAkkkfnH7","Ji4OKY0Opajnq0SAWKqACItMAkkkfnH7",
"9f5a0895-d47e-45f3-841b-a7adfa7d1604","CPER_006.basePlot.bet","D10","CPER","CPER_006","S","2015-06-04","2015-06-18","2016-01-14","2016-01-14","NHMCrMp+/ZU4QJif5H5+ZGuKQEEa5a9bnsMu78p/w4A=","NEON.BET.D10.002721","CARSP14","Carabidae sp.","family",,"Latreille","D10.2015.MorphK","Other",,"Ji4OKY0Opajnq0SAWKqACItMAkkkfnH7","Ji4OKY0Opajnq0SAWKqACItMAkkkfnH7","probably AGOCON. Small species with rounded prototum. Often with rufous pronotum and darker head and elytra. One setae above eye."
"c58385a9-6fe7-434c-9ac4-ba6352481fab","CPER_006.basePlot.bet","D10","CPER","CPER_006","S","2015-06-04","2015-06-18","2016-01-15","2016-01-15","NHMCrMp+/ZU4QJif5H5+ZDhKHgqks6ZlaEq3rvy57pM=","NEON.BET.D10.002718","DISPAR1","Discoderus parallelus","species",,"Haldeman",,"Other",,"Ji4OKY0Opajnq0SAWKqACItMAkkkfnH7","Ji4OKY0Opajnq0SAWKqACItMAkkkfnH7",
"c6da3976-c5d2-435c-8420-bc3fc201e1e8","CPER_006.basePlot.bet","D10","CPER","CPER_006","S","2015-06-04","2015-06-18","2016-01-14","2016-01-14","NHMCrMp+/ZU4QJif5H5+ZJZcbpgag2Q2PdDC5xDN3t0=","NEON.BET.D10.002722","HARDES","Harpalus desertus","species",,"LeConte",,"Other",,"Ji4OKY0Opajnq0SAWKqACItMAkkkfnH7","Ji4OKY0Opajnq0SAWKqACItMAkkkfnH7",
"5f6ad7af-ab39-4b2a-b874-1af8058583f6","CPER_003.basePlot.bet","D10","CPER","CPER_003","S","2015-06-04","2015-06-18","2016-01-13","2016-01-13","omCPNZnkoGSR7k6XX2iQSRWwEhHvNkbOeIs65J771kY=","NEON.BET.D10.002690","DISPAR1","Discoderus parallelus","species",,"Haldeman",,"Other",,"Ji4OKY0Opajnq0SAWKqACItMAkkkfnH7","Ji4OKY0Opajnq0SAWKqACItMAkkkfnH7",
"5cae303f-232f-4e54-8eaa-ae4a7cd2b584","CPER_003.basePlot.bet","D10","CPER","CPER_003","S","2015-06-04","2015-06-18","2016-01-13","2016-01-13","omCPNZnkoGSR7k6XX2iQScEBRmseWbAMMYj/zVgWnJc=","NEON.BET.D10.002693","SELPLA","Selenophorus planipennis","species",,"LeConte",,"Other",,"Ji4OKY0Opajnq0SAWKqACItMAkkkfnH7","Ji4OKY0Opajnq0SAWKqACItMAkkkfnH7",
"8c3d9cf2-818e-4a88-ba72-5147eeee9a36","CPER_003.basePlot.bet","D10","CPER","CPER_003","S","2015-06-04","2015-06-18","2016-01-13","2016-01-13","omCPNZnkoGSR7k6XX2iQSRWwEhHvNkbOeIs65J771kY=","NEON.BET.D10.002691","DISPAR1","Discoderus parallelus","species",,"Haldeman",,"Other",,"Ji4OKY0Opajnq0SAWKqACItMAkkkfnH7","Ji4OKY0Opajnq0SAWKqACItMAkkkfnH7",
"616d93cb-d078-4d8b-ace9-64a2f995beaf","CPER_001.basePlot.bet","D10","CPER","CPER_001","S","2015-06-04","2015-06-18","2016-01-12","2016-01-12","BEtTVHT1LvGvZZWlfH/OymcHcFNWLPjHZTNmIqVev1I=","NEON.BET.D10.002686","DYSGLO","Dyschirius globulosus","species",,"Say",,"Other",,"Ji4OKY0Opajnq0SAWKqACItMAkkkfnH7","Ji4OKY0Opajnq0SAWKqACItMAkkkfnH7",
"839e6af6-6de3-49ba-9bf8-b25940914a3d","CPER_001.basePlot.bet","D10","CPER","CPER_001","W","2015-06-04","2015-06-18","2016-01-12","2016-01-12","BEtTVHT1LvHVoR0nG+zcLeBnUlEfXXqZc+v/jLIE+KQ=","NEON.BET.D10.002683","PASELO","Pasimachus elongatus","species",,"LeConte",,"Other",,"Ji4OKY0Opajnq0SAWKqACItMAkkkfnH7","Ji4OKY0Opajnq0SAWKqACItMAkkkfnH7",
"356cd165-9a5b-468a-b725-222d8a57544c","CPER_003.basePlot.bet","D10","CPER","CPER_003","W","2015-06-04","2015-06-18","2016-01-13","2016-01-13","omCPNZnkoGQh5yGE1cNhpvfl4LOxlZ7Arq4ArzHb1PY=","NEON.BET.D10.002696","SELPLA","Selenophorus planipennis","species",,"LeConte",,"Other",,"Ji4OKY0Opajnq0SAWKqACItMAkkkfnH7","Ji4OKY0Opajnq0SAWKqACItMAkkkfnH7",
"6c248369-ace9-446f-9b73-59518702dcc2","CPER_005.basePlot.bet","D10","CPER","CPER_005","W","2015-06-04","2015-06-18","2016-01-13","2016-01-13","e1AKewEwvnG0Zqgtbp7iy/X1vq9F9Tdh8hRGoxxvPr4=","NEON.BET.D10.002704","MICLIN2","Microlestes linearis","species","cf. species","LeConte",,"Other",,"Ji4OKY0Opajnq0SAWKqACItMAkkkfnH7","Ji4OKY0Opajnq0SAWKqACItMAkkkfnH7",
"33e4b1de-73ac-4543-ba4b-415a77a1e30c","CPER_009.basePlot.bet","D10","CPER","CPER_009","W","2015-06-04","2015-06-18","2016-01-15","2016-01-15","KY+Aed9dLRvk/HsTskDdm66DMajyemdoXlD4D8Kp+D8=","NEON.BET.D10.002729","DISPAR1","Discoderus parallelus","species",,"Haldeman",,"Other",,"Ji4OKY0Opajnq0SAWKqACItMAkkkfnH7","Ji4OKY0Opajnq0SAWKqACItMAkkkfnH7",
"7381f2b4-ced7-47ea-94ac-ac8f57f00476","CPER_005.basePlot.bet","D10","CPER","CPER_005","W","2015-06-04","2015-06-18","2016-01-13","2016-01-13","e1AKewEwvnG0Zqgtbp7iy+QxuCUFeg26sab2BZT9xQ4=","NEON.BET.D10.002703","SELPLA","Selenophorus planipennis","species",,"LeConte",,"Other",,"Ji4OKY0Opajnq0SAWKqACItMAkkkfnH7","Ji4OKY0Opajnq0SAWKqACItMAkkkfnH7",
"22ae7664-4328-4dad-9c4f-83695ead619d","CPER_003.basePlot.bet","D10","CPER","CPER_003","E","2015-06-04","2015-06-18","2016-01-13","2016-01-13","omCPNZnkoGT/LO+3sbrEpX4N1828j8RT14b803fbMcw=","NEON.BET.D10.002695","AMACON3","Amara convexa","species",,"LeConte",,"Other",,"Ji4OKY0Opajnq0SAWKqACItMAkkkfnH7","Ji4OKY0Opajnq0SAWKqACItMAkkkfnH7",
