uid,namedLocation,domainID,siteID,plotID,trapID,setDate,collectDate,processingDate,etOHChangeDate,identifiedDate,sampleID,subsampleID,sampleType,taxonID,scientificName,taxonRank,identificationQualifier,scientificNameAuthorship,morphospeciesID,individualCount,identificationReferences,identifiedBy,recordedBy,remarks
"d52e949a-cc3b-492b-872b-74b641f7ba0d","CPER_004.basePlot.bet","D10","CPER","CPER_004","N","2015-05-21","2015-06-04","2015-06-05","2016-01-04","2016-01-05","CPER_004.N.20150604","eSCyThC0ZO6mu2ZSEN4o8iYO8SGT6wUaAZsndCl4gQw=","carabid","DISPAR1","Discoderus parallelus","species",,"Haldeman",,13,"Other","Ji4OKY0Opajnq0SAWKqACItMAkkkfnH7","Ji4OKY0Opajnq0SAWKqACItMAkkkfnH7",
"70200a1d-97a3-47a3-b1e8-2351b6c3b01e","CPER_008.basePlot.bet","D10","CPER","CPER_008","N","2015-05-21","2015-06-04","2015-06-05","2016-01-07","2016-01-07","CPER_008.N.20150604","kqngcYlCVJ4w2uFYReEs+6H2pUlSvlGjOjEeF7lM5pU=","carabid","SELPLA","Selenophorus planipennis","species",,"LeConte",,2,"Other","Ji4OKY0Opajnq0SAWKqACItMAkkkfnH7","Ji4OKY0Opajnq0SAWKqACItMAkkkfnH7",
"78988a8e-81fb-40b1-abd8-3c9c2ce413d0","CPER_009.basePlot.bet","D10","CPER","CPER_009","N","2015-05-21","2015-06-04","2015-06-05","2016-01-05","2016-01-05","CPER_009.N.20150604","KY+Aed9dLRs9Os5MEMz0IKZDMQTYDqU70XWGC3145vg=","carabid","PASELO","Pasimachus elongatus","species",,"LeConte",,2,"Other","Ji4OKY0Opajnq0SAWKqACItMAkkkfnH7","Ji4OKY0Opajnq0SAWKqACItMAkkkfnH7",
"c89b3dd7-9d98-4d3b-b0e1-7171e5c9ab8b","CPER_009.basePlot.bet","D10","CPER","CPER_009","N","2015-05-21","2015-06-04","2015-06-05","2016-01-05",,"CPER_009.N.20150604","KY+Aed9dLRs9Os5MEMz0IKnwG3kj3aE6L6TAr9LkHxw=","carabid","SELPLA","Selenophorus planipennis","species",,"LeConte",,3,"Other","Ji4OKY0Opajnq0SAWKqACItMAkkkfnH7","Ji4OKY0Opajnq0SAWKqACItMAkkkfnH7",
"7b8566fe-4fb9-4467-b7c0-c9767eafe27b","CPER_003.basePlot.bet","D10","CPER","CPER_003","S","2015-05-21","2015-06-04","2015-06-05","2015-06-29",,"CPER_003.S.20150604","omCPNZnkoGSR7k6XX2iQSQ61zb0N6qDzrzBrSFZjMO0=","invert bycatch",,,,,,,,,,"ogjyrGrm3ZwJtEIV6g3OdQaEOdluA3eH",
"0699ef27-b6b2-42a9-9a0e-dbb1c43c41bc","CPER_009.basePlot.bet","D10","CPER","CPER_009","S","2015-05-21","2015-06-04","2015-06-05","2015-07-01",,"CPER_009.S.20150604","KY+Aed9dLRssLLAGjpRwFkUw2QKTgYekO031yZsy4Ao=","invert bycatch",,,,,,,,,,"ogjyrGrm3ZwJtEIV6g3OdQaEOdluA3eH",
"1055648e-42a4-4868-a5f0-2a5535a04a65","CPER_008.basePlot.bet","D10","CPER","CPER_008","S","2015-05-21","2015-06-04","2015-06-05","2015-07-01",,"CPER_008.S.20150604","kqngcYlCVJ4Lw/Dkxc6jpBJY6F24keV2OSs8dbWR25w=","invert bycatch",,,,,,,,,,"ogjyrGrm3ZwJtEIV6g3OdQaEOdluA3eH",
"c5af2287-0418-440f-9a93-d0bc94554ec0","CPER_004.basePlot.bet","D10","CPER","CPER_004","S","2015-05-21","2015-06-04","2015-06-05","2015-06-29",,"CPER_004.S.20150604","eSCyThC0ZO4R4lMRUhD6Dkfs9kb4FczQH7rxpMOpG5A=","invert bycatch",,,,,,,,,,"ogjyrGrm3ZwJtEIV6g3OdQaEOdluA3eH",
"737280c8-c56c-4ade-b6b4-d2f5acda7288","CPER_007.basePlot.bet","D10","CPER","CPER_007","S","2015-05-21","2015-06-04","2015-06-05","2015-06-29",,"CPER_007.S.20150604","SOIi55Lib0IMfQkIK0RtLwi0e/XUmK4MeV6ixIdbuJ4=","invert bycatch",,,,,,,,,,"ogjyrGrm3ZwJtEIV6g3OdQaEOdluA3eH",
"c544d832-8157-4c10-b548-97ad6f27e52b","CPER_005.basePlot.bet","D10","CPER","CPER_005","S","2015-05-21","2015-06-04","2015-06-05","2015-06-29",,"CPER_005.S.20150604","e1AKewEwvnFtOKGYXMgmk/p1waOf2hFYmqwLTzqyGE0=","invert bycatch",,,,,,,,,,"ogjyrGrm3ZwJtEIV6g3OdQaEOdluA3eH",
"2725bf01-7adc-4d1d-88c8-81db37269e5f","CPER_001.basePlot.bet","D10","CPER","CPER_001","S","2015-05-21","2015-06-04","2015-06-05","2015-06-29",,"CPER_001.S.20150604","BEtTVHT1LvGvZZWlfH/Oyos56LEaL7DWrZkGRnWDyb8=","invert bycatch",,,,,,,,,,"ogjyrGrm3ZwJtEIV6g3OdQaEOdluA3eH",
"691cf68d-6b24-4c89-bd4b-ab90417185b1","CPER_002.basePlot.bet","D10","CPER","CPER_002","S","2015-05-21","2015-06-04","2015-06-05","2015-06-29",,"CPER_002.S.20150604","OMNGlFKVPvQ4Ypsx+quWf9/D58BzYmFRx+2UJlxFNog=","invert bycatch",,,,,,,,,,"ogjyrGrm3ZwJtEIV6g3OdQaEOdluA3eH",
"c6b2c748-66b4-4ab3-b27a-3eaffdd0378b","CPER_010.basePlot.bet","D10","CPER","CPER_010","S","2015-05-21","2015-06-04","2015-06-05","2015-06-29","2015-06-05","CPER_010.S.20150604","DW9ihRbrMtnSGZxzvHDuJGOdi0P5llDPSCmEnh5PQ+0=","vert bycatch herp","HOLMAC","Holbrookia maculata","species",,"Girard",,1,"Other","KgkKHtcL/nlV4kdfah1SqocL3K0k1qQk","ogjyrGrm3ZwJtEIV6g3OdQaEOdluA3eH",
"799bdd7f-6519-46d0-908a-653c785f09f8","CPER_010.basePlot.bet","D10","CPER","CPER_010","S","2015-05-21","2015-06-04","2015-06-05","2015-06-29",,"CPER_010.S.20150604","DW9ihRbrMtnSGZxzvHDuJM9Vn5Ta4jaQTMJWd3BgbYk=","invert bycatch",,,,,,,,,,"ogjyrGrm3ZwJtEIV6g3OdQaEOdluA3eH",
"7cb5e1d7-c111-4cd0-8806-fd67c194072e","CPER_006.basePlot.bet","D10","CPER","CPER_006","S","2015-05-21","2015-06-04","2015-06-05","2015-06-29",,"CPER_006.S.20150604","NHMCrMp+/ZU4QJif5H5+ZOiT/W4x4P6d/0/ovOaJUCc=","invert bycatch",,,,,,,,,,"ogjyrGrm3ZwJtEIV6g3OdQaEOdluA3eH",
"e127eebe-f005-4d2a-ac4a-0a1ff4bae5ec","CPER_002.basePlot.bet","D10","CPER","CPER_002","S","2015-05-21","2015-06-04","2015-06-05","2015-12-23","2016-01-04","CPER_002.S.20150604","OMNGlFKVPvQ4Ypsx+quWfys4UwK9BbnvJklSTLTKCCE=","carabid","SELPLA","Selenophorus planipennis","species",,"LeConte",,26,"Other","XXW8BqPXtz8Ncjf8bOi7gc6Hj7+NVXsl","XXW8BqPXtz8Ncjf8bOi7gc6Hj7+NVXsl",
"258e1dfa-7f3f-4ab2-bb63-c041d0430420","CPER_003.basePlot.bet","D10","CPER","CPER_003","S","2015-05-21","2015-06-04","2015-06-05","2015-12-29","2015-12-31","CPER_003.S.20150604","omCPNZnkoGSR7k6XX2iQSQ599KdDmFVsBpphJwK4tRc=","carabid","DISPAR1","Discoderus parallelus","species",,"Haldeman",,8,"Other","Rjv/PyMx3k4oygLKYkCbuIDsccqDw9So","Rjv/PyMx3k4oygLKYkCbuIDsccqDw9So",
"b72ab3a8-b893-48e1-80a6-fe39de92cba9","CPER_002.basePlot.bet","D10","CPER","CPER_002","S","2015-05-21","2015-06-04","2015-06-05","2015-12-23","2016-03-16","CPER_002.S.20150604","OMNGlFKVPvQ4Ypsx+quWf9xPtjLD7yfYt3F3d0MNqR0=","carabid","DISPAR1","Discoderus parallelus","species",,"Haldeman",,1,"Other","Ji4OKY0Opajnq0SAWKqACItMAkkkfnH7","XXW8BqPXtz8Ncjf8bOi7gc6Hj7+NVXsl",
"98df2863-f7b5-47e9-b42a-ef11f013b197","CPER_002.basePlot.bet","D10","CPER","CPER_002","S","2015-05-21","2015-06-04","2015-06-05","2015-12-23","2016-01-04","CPER_002.S.20150604","OMNGlFKVPvQ4Ypsx+quWf6OT8wPN6vWizIEyosKks4o=","carabid","PIOSET","Piosoma setosum","species",,"LeConte",,1,"Other","XXW8BqPXtz8Ncjf8bOi7gc6Hj7+NVXsl","XXW8BqPXtz8Ncjf8bOi7gc6Hj7+NVXsl",
"37c50e0c-80da-4e2f-b1ea-922f2e53af0b","CPER_010.basePlot.bet","D10","CPER","CPER_010","S","2015-05-21","2015-06-04","2015-06-05","2016-01-05","2016-01-05","CPER_010.S.20150604","DW9ihRbrMtnSGZxzvHDuJJM+89e/bSfxXdd36iMbvDg=","carabid","CARSP14","Carabidae sp.","family",,"Latreille","D10.2015.MorphD",1,"Other","Ji4OKY0Opajnq0SAWKqACItMAkkkfnH7","Ji4OKY0Opajnq0SAWKqACItMAkkkfnH7","Helluomorphoides sp. Heavily punctated all over. Rufous in color. Long slender elytra with squarish apex."
"77abfb7b-d2e6-41e6-86b9-4b74c73537af","CPER_006.basePlot.bet","D10","CPER","CPER_006","S","2015-05-21","2015-06-04","2015-06-05","2016-01-12","2016-01-12","CPER_006.S.20150604","NHMCrMp+/ZU4QJif5H5+ZKm8MewwnpAwKNu7dzQzP8w=","carabid","DISPAR1","Discoderus parallelus","species",,"Haldeman",,53,"Other","Ji4OKY0Opajnq0SAWKqACItMAkkkfnH7","Ji4OKY0Opajnq0SAWKqACItMAkkkfnH7",
"5e370886-8f2d-4552-ada6-b084adfda210","CPER_009.basePlot.bet","D10","CPER","CPER_009","S","2015-05-21","2015-06-04","2015-06-05","2016-01-05","2016-01-05","CPER_009.S.20150604","KY+Aed9dLRssLLAGjpRwFiz7IB+NT8eu/Ih/LyQKkfQ=","carabid","SELPLA","Selenophorus planipennis","species",,"LeConte",,1,"Other","Ji4OKY0Opajnq0SAWKqACItMAkkkfnH7","Ji4OKY0Opajnq0SAWKqACItMAkkkfnH7",
"c41d7c21-4d26-4a74-8d2c-7667de658aaa","CPER_008.basePlot.bet","D10","CPER","CPER_008","S","2015-05-21","2015-06-04","2015-06-05","2016-01-05","2016-01-06","CPER_008.S.20150604","kqngcYlCVJ4Lw/Dkxc6jpMEPGHcuKTpo80E03iRuUsg=","carabid","CRADUB","Cratacanthus dubius","species",,"Palisot de Beauvois",,1,"Other","Ji4OKY0Opajnq0SAWKqACItMAkkkfnH7","Ji4OKY0Opajnq0SAWKqACItMAkkkfnH7",
"376bed98-ae33-4a3a-822f-26a83cadf112","CPER_007.basePlot.bet","D10","CPER","CPER_007","S","2015-05-21","2015-06-04","2015-06-05","2016-01-04","2016-01-05","CPER_007.S.20150604","SOIi55Lib0IMfQkIK0RtLzO8XlsN9WzmS2c4saXaUP0=","carabid","PASELO","Pasimachus elongatus","species",,"LeConte",,1,"Other","Ji4OKY0Opajnq0SAWKqACItMAkkkfnH7","Ji4OKY0Opajnq0SAWKqACItMAkkkfnH7",
"b94ae372-3e2b-4cbd-853d-6ebc3186a4a6","CPER_005.basePlot.bet","D10","CPER","CPER_005","S","2015-05-21","2015-06-04","2015-06-05","2015-12-23","2015-12-23","CPER_005.S.20150604","e1AKewEwvnFtOKGYXMgmkwBeLaC9ZYsCTmWrUJTl8jU=","carabid","CARSP14","Carabidae sp.","family",,"Latreille","D10.2015.MorphD",1,"Other","Ji4OKY0Opajnq0SAWKqACItMAkkkfnH7","Ji4OKY0Opajnq0SAWKqACItMAkkkfnH7","Helluomorphoides sp. Heavily punctated all over. Rufous in color. Long slender elytra with squarish apex."
"f9e42210-f6a6-4d1e-a7b7-a58dfd762674","CPER_008.basePlot.bet","D10","CPER","CPER_008","W","2015-05-21","2015-06-04","2015-06-05","2015-07-01",,"CPER_008.W.20150604","kqngcYlCVJ6rAH0hVTosp7DkhdiWbCpAbBd7roVw79w=","invert bycatch",,,,,,,,,,"ogjyrGrm3ZwJtEIV6g3OdQaEOdluA3eH",
"06fdd689-c8b4-432e-803d-373d942a64be","CPER_010.basePlot.bet","D10","CPER","CPER_010","W","2015-05-21","2015-06-04","2015-06-05","2015-06-29",,"CPER_010.W.20150604","DW9ihRbrMtmWU27buLbOiLxQt4RSHEOfl8ALCc7/S3g=","invert bycatch",,,,,,,,,,"ogjyrGrm3ZwJtEIV6g3OdQaEOdluA3eH",
"bfa1848f-c62a-4834-9787-5cedc268959b","CPER_002.basePlot.bet","D10","CPER","CPER_002","W","2015-05-21","2015-06-04","2015-06-05","2015-06-29",,"CPER_002.W.20150604","OMNGlFKVPvSke4TwWW62gEoTy7jWu3SW2o6jMKmTWmU=","invert bycatch",,,,,,,,,,"ogjyrGrm3ZwJtEIV6g3OdQaEOdluA3eH",
"e950dacf-0570-421d-a52b-de48854ac2a7","CPER_009.basePlot.bet","D10","CPER","CPER_009","W","2015-05-21","2015-06-04","2015-06-05","2015-07-01",,"CPER_009.W.20150604","KY+Aed9dLRvk/HsTskDdm5nzvdt/MiB42+4Yf1v6PWk=","invert bycatch",,,,,,,,,,"ogjyrGrm3ZwJtEIV6g3OdQaEOdluA3eH",
"c2433b97-c5b1-4b70-97ac-300c6e9c9a32","CPER_008.basePlot.bet","D10","CPER","CPER_008","W","2015-05-21","2015-06-04","2015-06-05","2015-07-01",,"CPER_008.W.20150604","kqngcYlCVJ6rAH0hVTosp7DkhdiWbCpAYiXOyNX7TLs=","invert bycatch",,,,,,,,,,"ogjyrGrm3ZwJtEIV6g3OdQaEOdluA3eH",
"8f885c36-94b6-45e7-b78b-04fe3ff987d2","CPER_006.basePlot.bet","D10","CPER","CPER_006","W","2015-05-21","2015-06-04","2015-06-05","2015-06-29",,"CPER_006.W.20150604","NHMCrMp+/ZWvcQ7swpkZ6vuo8DLYub8tlno2tmX85do=","invert bycatch",,,,,,,,,,"ogjyrGrm3ZwJtEIV6g3OdQaEOdluA3eH",
"0a9e5af4-d733-486e-b946-6b8dedc54a53","CPER_003.basePlot.bet","D10","CPER","CPER_003","W","2015-05-21","2015-06-04","2015-06-05","2015-06-29",,"CPER_003.W.20150604","omCPNZnkoGQh5yGE1cNhpq42q+nFbxzio718XTu4Td4=","invert bycatch",,,,,,,,,,"ogjyrGrm3ZwJtEIV6g3OdQaEOdluA3eH",
"6cd757ad-68a1-4ce6-96cd-0913db55d01b","CPER_004.basePlot.bet","D10","CPER","CPER_004","W","2015-05-21","2015-06-04","2015-06-05","2015-06-29",,"CPER_004.W.20150604","eSCyThC0ZO58b8njHd7So+QIzRe/9VBHpzUuvz/jUiQ=","invert bycatch",,,,,,,,,,"ogjyrGrm3ZwJtEIV6g3OdQaEOdluA3eH",
"4ae9888f-35cb-4428-9d1e-253d8a0c0557","CPER_007.basePlot.bet","D10","CPER","CPER_007","W","2015-05-21","2015-06-04","2015-06-05","2015-06-29",,"CPER_007.W.20150604","SOIi55Lib0Ju7If06Vz7wwDNyrnjvhSTPvbf95aUQr8=","invert bycatch",,,,,,,,,,"ogjyrGrm3ZwJtEIV6g3OdQaEOdluA3eH",
"f5299c48-cbbf-4fe3-a3cd-ec13c5560a8a","CPER_005.basePlot.bet","D10","CPER","CPER_005","W","2015-05-21","2015-06-04","2015-06-05","2015-06-29",,"CPER_005.W.20150604","e1AKewEwvnG0Zqgtbp7iy7//JO12KFNnOWhUxSxYm/k=","invert bycatch",,,,,,,,,,"ogjyrGrm3ZwJtEIV6g3OdQaEOdluA3eH",
"1eb080cf-c2b1-44aa-9d90-eab21bd05402","CPER_001.basePlot.bet","D10","CPER","CPER_001","W","2015-05-21","2015-06-04","2015-06-05","2015-06-29",,"CPER_001.W.20150604","BEtTVHT1LvHVoR0nG+zcLSMspXN4EzOsLtENS//+erk=","invert bycatch",,,,,,,,,,"ogjyrGrm3ZwJtEIV6g3OdQaEOdluA3eH",
"c9f7953a-a9f7-435c-9672-28f51dd2c10f","CPER_006.basePlot.bet","D10","CPER","CPER_006","W","2015-05-21","2015-06-04","2015-06-05","2016-01-11","2016-01-11","CPER_006.W.20150604","NHMCrMp+/ZWvcQ7swpkZ6vuZrTkpKClHT0Iw6TMSTnw=","carabid","CARSP14","Carabidae sp.","family",,"Latreille","D10.2015.MorphC",1,"Other","Ji4OKY0Opajnq0SAWKqACItMAkkkfnH7","Ji4OKY0Opajnq0SAWKqACItMAkkkfnH7","slightly larger than AMACON3. Only segments 1 and 2 of antenna rufous. Two slight fovea on pronotum. Pronotum relatively smooth."
"c13b448d-7615-4f53-836c-527de49767a7","CPER_003.basePlot.bet","D10","CPER","CPER_003","W","2015-05-21","2015-06-04","2015-06-05","2015-12-29","2015-12-31","CPER_003.W.20150604","omCPNZnkoGQh5yGE1cNhpqtIUJq+5j8g3GNTm7Ybzn4=","carabid","SELPLA","Selenophorus planipennis","species",,"LeConte",,1,"Other","Rjv/PyMx3k4oygLKYkCbuIDsccqDw9So","Rjv/PyMx3k4oygLKYkCbuIDsccqDw9So",
"3ae70850-3951-4e7b-8af9-dad5fdc41fbc","CPER_006.basePlot.bet","D10","CPER","CPER_006","W","2015-05-21","2015-06-04","2015-06-05","2016-01-11","2016-01-11","CPER_006.W.20150604","NHMCrMp+/ZWvcQ7swpkZ6taCf1GFUkRmWAv1Aq98Dfk=","carabid","PIOSET","Piosoma setosum","species",,"LeConte",,1,"Other","Ji4OKY0Opajnq0SAWKqACItMAkkkfnH7","Ji4OKY0Opajnq0SAWKqACItMAkkkfnH7",
"40a424e9-7c07-4935-842b-11700c1e219a","CPER_008.basePlot.bet","D10","CPER","CPER_008","W","2015-05-21","2015-06-04","2015-06-05","2016-01-05","2016-01-06","CPER_008.W.20150604","kqngcYlCVJ6rAH0hVTosp2J2azSrtiF/2yNuiX49bBQ=","carabid","DISPAR1","Discoderus parallelus","species",,"Haldeman",,2,"Other","Ji4OKY0Opajnq0SAWKqACItMAkkkfnH7","Ji4OKY0Opajnq0SAWKqACItMAkkkfnH7",
"bc9246cf-a082-44f5-99fd-ee94c1a0e416","CPER_006.basePlot.bet","D10","CPER","CPER_006","W","2015-05-21","2015-06-04","2015-06-05","2016-01-11","2016-01-11","CPER_006.W.20150604","NHMCrMp+/ZWvcQ7swpkZ6uVpepsnnUeIkkaC0d/qYkU=","carabid","SELPLA","Selenophorus planipennis","species",,"LeConte",,3,"Other","Ji4OKY0Opajnq0SAWKqACItMAkkkfnH7","Ji4OKY0Opajnq0SAWKqACItMAkkkfnH7",
"f8c079da-cbb5-49b9-8a68-797e5e5379cb","CPER_006.basePlot.bet","D10","CPER","CPER_006","W","2015-05-21","2015-06-04","2015-06-05","2016-01-11","2016-01-11","CPER_006.W.20150604","NHMCrMp+/ZWvcQ7swpkZ6tyI0iFM5PEm2Ith60EN33M=","carabid","DISPAR1","Discoderus parallelus","species",,"Haldeman",,22,"Other","Ji4OKY0Opajnq0SAWKqACItMAkkkfnH7","Ji4OKY0Opajnq0SAWKqACItMAkkkfnH7",
"50bc2c83-81ca-47b4-84af-f9549efb6bd1","CPER_002.basePlot.bet","D10","CPER","CPER_002","W","2015-05-21","2015-06-04","2015-06-05","2015-12-23","2016-01-04","CPER_002.W.20150604","OMNGlFKVPvSke4TwWW62gK8oN4XeMp4uJELAAeca+Gs=","carabid","PASELO","Pasimachus elongatus","species",,"LeConte",,1,"Other","XXW8BqPXtz8Ncjf8bOi7gc6Hj7+NVXsl","XXW8BqPXtz8Ncjf8bOi7gc6Hj7+NVXsl",
"e5791cb0-f03b-4323-b313-be8968289c99","CPER_002.basePlot.bet","D10","CPER","CPER_002","W","2015-05-21","2015-06-04","2015-06-05","2015-12-23","2016-01-04","CPER_002.W.20150604","OMNGlFKVPvSke4TwWW62gP4TOYizY2JUi8N8CYxZA0g=","carabid","SELPLA","Selenophorus planipennis","species",,"LeConte",,2,"Other","XXW8BqPXtz8Ncjf8bOi7gc6Hj7+NVXsl","XXW8BqPXtz8Ncjf8bOi7gc6Hj7+NVXsl",
"7dc52237-2bfb-46ec-967b-05dcbc2c49e1","CPER_002.basePlot.bet","D10","CPER","CPER_002","W","2015-05-21","2015-06-04","2015-06-05","2015-12-23","2016-01-04","CPER_002.W.20150604","OMNGlFKVPvSke4TwWW62gC+ot+73F01bsSoJYNaTV1o=","carabid","DISPAR1","Discoderus parallelus","species",,"Haldeman",,5,"Other","XXW8BqPXtz8Ncjf8bOi7gc6Hj7+NVXsl","XXW8BqPXtz8Ncjf8bOi7gc6Hj7+NVXsl",
"8c444c44-b667-4d1a-bd62-8975fe6f314e","CPER_001.basePlot.bet","D10","CPER","CPER_001","W","2015-05-21","2015-06-04","2015-06-05","2015-12-23","2015-12-23","CPER_001.W.20150604","BEtTVHT1LvHVoR0nG+zcLfYteYT4OHm9JZ7dtipv7YQ=","carabid","SELPLA","Selenophorus planipennis","species",,"LeConte",,1,"Other","Ji4OKY0Opajnq0SAWKqACItMAkkkfnH7","Ji4OKY0Opajnq0SAWKqACItMAkkkfnH7",
"b35e1c42-1c7c-422e-a65a-3c5ef4a9d43a","CPER_010.basePlot.bet","D10","CPER","CPER_010","W","2015-05-21","2015-06-04","2015-06-05","2016-01-05","2016-01-05","CPER_010.W.20150604","DW9ihRbrMtmWU27buLbOiFcF9eyUTCa4vJe1/ZrLKDg=","carabid","PASELO","Pasimachus elongatus","species",,"LeConte",,1,"Other","Ji4OKY0Opajnq0SAWKqACItMAkkkfnH7","Ji4OKY0Opajnq0SAWKqACItMAkkkfnH7",
"eff18bda-200e-4f23-ab81-be115c6c46c3","CPER_006.basePlot.bet","D10","CPER","CPER_006","W","2015-05-21","2015-06-04","2015-06-05","2016-01-11","2016-01-11","CPER_006.W.20150604","NHMCrMp+/ZWvcQ7swpkZ6idtX3jTxQJlA//UWT69XtI=","carabid","CRADUB","Cratacanthus dubius","species",,"Palisot de Beauvois",,1,"Other","Ji4OKY0Opajnq0SAWKqACItMAkkkfnH7","Ji4OKY0Opajnq0SAWKqACItMAkkkfnH7",
"a6ec5f7f-4573-4188-9ab9-c66311b3eeda","CPER_004.basePlot.bet","D10","CPER","CPER_004","W","2015-05-21","2015-06-04","2015-06-05","2016-01-04","2016-01-04","CPER_004.W.20150604","eSCyThC0ZO58b8njHd7So9U8BH79tL+tfSUizQasjEE=","carabid","SELPLA","Selenophorus planipennis","species",,"LeConte",,2,"Other","Ji4OKY0Opajnq0SAWKqACItMAkkkfnH7","Ji4OKY0Opajnq0SAWKqACItMAkkkfnH7",
"8ed25369-669c-4ff0-bb44-7a9241f26b7e","CPER_005.basePlot.bet","D10","CPER","CPER_005","E","2015-05-21","2015-06-04","2015-06-05","2015-06-29",,"CPER_005.E.20150604","e1AKewEwvnF0peDlcOGz4d0nxy/4R7Y3i5+NJZiU0AE=","invert bycatch",,,,,,,,,,"ogjyrGrm3ZwJtEIV6g3OdQaEOdluA3eH",
"0073b3f7-b039-4cf8-b496-970ebac260cd","CPER_010.basePlot.bet","D10","CPER","CPER_010","E","2015-05-21","2015-06-04","2015-06-05","2015-06-29",,"CPER_010.E.20150604","DW9ihRbrMtn+HN2c8wy+alKchG9ZwnnK1+h/weZ/rFI=","invert bycatch",,,,,,,,,,"ogjyrGrm3ZwJtEIV6g3OdQaEOdluA3eH",
"d83a3e45-c388-4499-b5f8-68237e7c5651","CPER_003.basePlot.bet","D10","CPER","CPER_003","E","2015-05-21","2015-06-04","2015-06-05","2015-06-29",,"CPER_003.E.20150604","omCPNZnkoGT/LO+3sbrEpdb9JSQucm+WlqvZDsPQCqc=","invert bycatch",,,,,,,,,,"ogjyrGrm3ZwJtEIV6g3OdQaEOdluA3eH",
"5a388bcf-093e-4144-8689-5e3253250cdf","CPER_006.basePlot.bet","D10","CPER","CPER_006","E","2015-05-21","2015-06-04","2015-06-05","2015-06-29",,"CPER_006.E.20150604","NHMCrMp+/ZWnq0ZeLB6Hsm3e0ZwIcWdpy6WaShvdkkg=","invert bycatch",,,,,,,,,,"ogjyrGrm3ZwJtEIV6g3OdQaEOdluA3eH",
"6ae1a555-3951-4fbd-a3dc-5c3dae08bb68","CPER_008.basePlot.bet","D10","CPER","CPER_008","E","2015-05-21","2015-06-04","2015-06-05","2015-07-01",,"CPER_008.E.20150604","kqngcYlCVJ75Bh29DXtlMwjixGusyRVI6iyXLQi5Fd0=","invert bycatch",,,,,,,,,,"ogjyrGrm3ZwJtEIV6g3OdQaEOdluA3eH",
"fc70d6da-d2d1-4424-8444-f3f09856f534","CPER_001.basePlot.bet","D10","CPER","CPER_001","E","2015-05-21","2015-06-04","2015-06-05","2015-06-29",,"CPER_001.E.20150604","BEtTVHT1LvGmeSf6iWM9MKixgS3cQaheMeIfogfyR9s=","invert bycatch",,,,,,,,,,"ogjyrGrm3ZwJtEIV6g3OdQaEOdluA3eH",
"5bf8c12e-4213-4f87-b6b5-e9bd38d6b9d5","CPER_003.basePlot.bet","D10","CPER","CPER_003","E","2015-05-21","2015-06-04","2015-06-05","2015-06-29","2015-06-26","CPER_003.E.20150604","omCPNZnkoGT/LO+3sbrEpRzMTfWH06F8+pQjURqGS+U=","vert bycatch herp","HOLMAC","Holbrookia maculata","species",,"Girard",,1,"Other","vKzFUD/FLv06QncsDCAnFTeEhgjR2y/f","ogjyrGrm3ZwJtEIV6g3OdQaEOdluA3eH",
"2e9e8c0c-1526-4249-9095-06865ca92f6c","CPER_003.basePlot.bet","D10","CPER","CPER_003","E","2015-05-21","2015-06-04","2015-06-05","2015-06-29",,"CPER_003.E.20150604","omCPNZnkoGT/LO+3sbrEpdb9JSQucm+WNz4DNKqQWIM=","invert bycatch",,,,,,,,,,"ogjyrGrm3ZwJtEIV6g3OdQaEOdluA3eH",
"f66a673d-a459-4115-be8f-02490266f273","CPER_004.basePlot.bet","D10","CPER","CPER_004","E","2015-05-21","2015-06-04","2015-06-05","2015-06-29",,"CPER_004.E.20150604","eSCyThC0ZO4/6XSI6K5eMmJ277OvZqjERhVjyipJc9o=","invert bycatch",,,,,,,,,,"ogjyrGrm3ZwJtEIV6g3OdQaEOdluA3eH",
"d59f4053-d91b-4bda-836a-da4193799378","CPER_007.basePlot.bet","D10","CPER","CPER_007","E","2015-05-21","2015-06-04","2015-06-05","2015-06-29",,"CPER_007.E.20150604","SOIi55Lib0K4XwXDLPGdvwsHpQIi/i2KC9UbicwZz3E=","invert bycatch",,,,,,,,,,"ogjyrGrm3ZwJtEIV6g3OdQaEOdluA3eH",
"35ac627a-0d5f-45be-aeaf-c880993ecd9b","CPER_009.basePlot.bet","D10","CPER","CPER_009","E","2015-05-21","2015-06-04","2015-06-05","2015-07-01",,"CPER_009.E.20150604","KY+Aed9dLRtPx5j6knVrgDmRBKJGQK+jxI7decKhm4w=","invert bycatch",,,,,,,,,,"ogjyrGrm3ZwJtEIV6g3OdQaEOdluA3eH",
"85558209-a636-4cec-8ac5-f552bec69489","CPER_002.basePlot.bet","D10","CPER","CPER_002","E","2015-05-21","2015-06-04","2015-06-05","2015-06-29",,"CPER_002.E.20150604","OMNGlFKVPvQ/Rtp3zTxlWsXWpylIKh+Sxm9XNhNFjg0=","invert bycatch",,,,,,,,,,"ogjyrGrm3ZwJtEIV6g3OdQaEOdluA3eH",
"daf524e3-ec40-4e4a-8083-0b8e2786e38a","CPER_006.basePlot.bet","D10","CPER","CPER_006","E","2015-05-21","2015-06-04","2015-06-05","2016-01-11","2016-01-11","CPER_006.E.20150604","NHMCrMp+/ZWnq0ZeLB6HsgsWZ1qW8pd2dTjv/Sf8r+Y=","carabid","PASELO","Pasimachus elongatus","species",,"LeConte",,5,"Other","Ji4OKY0Opajnq0SAWKqACItMAkkkfnH7","Ji4OKY0Opajnq0SAWKqACItMAkkkfnH7",
"6a9454ff-2e32-4a74-8f71-d0285064e3fc","CPER_008.basePlot.bet","D10","CPER","CPER_008","E","2015-05-21","2015-06-04","2015-06-05","2016-01-05","2016-01-06","CPER_008.E.20150604","kqngcYlCVJ75Bh29DXtlM5RV8t7DvNdmfSVsGTRtZIY=","carabid","CRADUB","Cratacanthus dubius","species",,"Palisot de Beauvois",,1,"Other","Ji4OKY0Opajnq0SAWKqACItMAkkkfnH7","Ji4OKY0Opajnq0SAWKqACItMAkkkfnH7",
"4357fa05-7de2-41de-85bc-6dc751307d08","CPER_008.basePlot.bet","D10","CPER","CPER_008","E","2015-05-21","2015-06-04","2015-06-05","2016-01-07","2016-01-07","CPER_008.E.20150604","kqngcYlCVJ75Bh29DXtlMy7t/4d0GeKGwHcsddCgSbk=","carabid","SELPLA","Selenophorus planipennis","species",,"LeConte",,1,"Other","Ji4OKY0Opajnq0SAWKqACItMAkkkfnH7","Ji4OKY0Opajnq0SAWKqACItMAkkkfnH7",
"f854bd59-5d8b-4e90-ba0b-c0ab6d990b3c","CPER_006.basePlot.bet","D10","CPER","CPER_006","E","2015-05-21","2015-06-04","2015-06-05","2016-01-11","2016-01-11","CPER_006.E.20150604","NHMCrMp+/ZWnq0ZeLB6HspbxH8dVo4uvF2KyL3i/7Hg=","carabid","CARSP14","Carabidae sp.","family",,"Latreille","D10.2015.MorphG",1,"Other","Ji4OKY0Opajnq0SAWKqACItMAkkkfnH7","Ji4OKY0Opajnq0SAWKqACItMAkkkfnH7","very round pronotum. Defined lines running laterally across pronotum. Two offset setae next to and behind eye. Extra hair on submentum different than Amara sp."
"be29da61-a6b8-4cb6-8c4b-e65463a104ec","CPER_010.basePlot.bet","D10","CPER","CPER_010","E","2015-05-21","2015-06-04","2015-06-05","2016-01-05","2016-01-05","CPER_010.E.20150604","DW9ihRbrMtn+HN2c8wy+aibI0dklNmzqNBMfKt7xxeA=","carabid","CARSP14","Carabidae sp.","family",,"Latreille","D10.2015.MorphJ",1,"Other","Ji4OKY0Opajnq0SAWKqACItMAkkkfnH7","Ji4OKY0Opajnq0SAWKqACItMAkkkfnH7","Amara sp. Strongly punctated elytra. Very flast base of pronotum. Along with two fovea on either side of pronotum. Also has punctuation along edge."
"5c971da8-5044-45bd-90c3-890ddc99e4f1","CPER_008.basePlot.bet","D10","CPER","CPER_008","E","2015-05-21","2015-06-04","2015-06-05","2016-01-05","2016-01-07","CPER_008.E.20150604","kqngcYlCVJ75Bh29DXtlM1p6CXKhUGzlGp6vVOAW/mI=","carabid","DISPAR1","Discoderus parallelus","species",,"Haldeman",,36,"Other","Ji4OKY0Opajnq0SAWKqACItMAkkkfnH7","Ji4OKY0Opajnq0SAWKqACItMAkkkfnH7",
"19b8da6c-4056-4a23-be11-003b0f114d04","CPER_010.basePlot.bet","D10","CPER","CPER_010","E","2015-05-21","2015-06-04","2015-06-05","2016-01-05","2016-01-05","CPER_010.E.20150604","DW9ihRbrMtn+HN2c8wy+aibI0dklNmzqhSLeA7F7r7k=","carabid","CARSP14","Carabidae sp.","family",,"Latreille","D10.2015.MorphE",1,"Other","Ji4OKY0Opajnq0SAWKqACItMAkkkfnH7","Ji4OKY0Opajnq0SAWKqACItMAkkkfnH7","Rhadine sp. Shapely pronotum. Punctation around edges of elytra. Entirely rufous in color."
"40dbc0a5-75d6-4a96-9784-239033e7369a","CPER_002.basePlot.bet","D10","CPER","CPER_002","E","2015-05-21","2015-06-04","2015-06-05","2015-12-23","2015-12-23","CPER_002.E.20150604","OMNGlFKVPvQ/Rtp3zTxlWni5hKrpohAYiUS7g5Hudzk=","carabid","SELPLA","Selenophorus planipennis","species",,"LeConte",,2,"Other","XXW8BqPXtz8Ncjf8bOi7gc6Hj7+NVXsl","XXW8BqPXtz8Ncjf8bOi7gc6Hj7+NVXsl",
"ce090f42-a697-4979-87fb-b84b3ba884bb","CPER_002.basePlot.bet","D10","CPER","CPER_002","E","2015-05-21","2015-06-04","2015-06-05","2015-12-23","2015-12-23","CPER_002.E.20150604","OMNGlFKVPvQ/Rtp3zTxlWs4dGRFy82gsakcEaryS/W4=","carabid","PASELO","Pasimachus elongatus","species",,"LeConte",,2,"Other","XXW8BqPXtz8Ncjf8bOi7gc6Hj7+NVXsl","XXW8BqPXtz8Ncjf8bOi7gc6Hj7+NVXsl",
"7ea19f60-610a-4be8-83a2-227a65603a51","CPER_009.basePlot.bet","D10","CPER","CPER_009","E","2015-05-21","2015-06-04","2015-06-05","2016-01-05","2016-01-05","CPER_009.E.20150604","KY+Aed9dLRtPx5j6knVrgPHyOT17H2ZpiMzPhWh0GEQ=","carabid","SELPLA","Selenophorus planipennis","species",,"LeConte",,1,"Other","Ji4OKY0Opajnq0SAWKqACItMAkkkfnH7","Ji4OKY0Opajnq0SAWKqACItMAkkkfnH7",
"ca93464d-454c-44d3-81fb-c8396cad13a8","CPER_003.basePlot.bet","D10","CPER","CPER_003","E","2015-05-21","2015-06-04","2015-06-05","2016-01-04","2016-01-04","CPER_003.E.20150604","omCPNZnkoGT/LO+3sbrEpRAscNOKoIgIsPVp63WHHjU=","carabid","CARSP14","Carabidae sp.","family",,"Latreille","D10.2015.MorphA",1,"Other","Rjv/PyMx3k4oygLKYkCbuIDsccqDw9So","Rjv/PyMx3k4oygLKYkCbuIDsccqDw9So","striated elytra. Smooth labrum. Single orbital setae. Slight mentum tooth. Pronotum: largely smooth. Slight medial impression. Hind angle obtuse. Anterior angle sharpish."
"5c8c01b7-c978-4608-9412-9717be016b29","CPER_004.basePlot.bet","D10","CPER","CPER_004","E","2015-05-21","2015-06-04","2015-06-05","2016-01-04","2016-01-04","CPER_004.E.20150604","eSCyThC0ZO4/6XSI6K5eMgrdS7x9l4y+hbsvUaWtwko=","carabid","DISPAR1","Discoderus parallelus","species",,"Haldeman",,11,"Other","Ji4OKY0Opajnq0SAWKqACItMAkkkfnH7","Ji4OKY0Opajnq0SAWKqACItMAkkkfnH7",
"1092b9e4-3267-4919-958e-f7d05f04fdfe","CPER_004.basePlot.bet","D10","CPER","CPER_004","E","2015-05-21","2015-06-04","2015-06-05","2015-12-23","2015-12-31","CPER_004.E.20150604","eSCyThC0ZO4/6XSI6K5eMncWRmko37qAdpthzbxULlQ=","carabid","PASELO","Pasimachus elongatus","species",,"LeConte",,1,"Other","Ji4OKY0Opajnq0SAWKqACItMAkkkfnH7","Ji4OKY0Opajnq0SAWKqACItMAkkkfnH7",
"d31aa6e6-99d5-4e8a-879c-a1c44dbce485","CPER_006.basePlot.bet","D10","CPER","CPER_006","E","2015-05-21","2015-06-04","2015-06-05","2016-01-11","2016-01-11","CPER_006.E.20150604","NHMCrMp+/ZWnq0ZeLB6HsgEAGfRRWVZ0L1neaAZDXDo=","carabid","DISPAR1","Discoderus parallelus","species",,"Haldeman",,4,"Other","Ji4OKY0Opajnq0SAWKqACItMAkkkfnH7","Ji4OKY0Opajnq0SAWKqACItMAkkkfnH7",
"5b625142-e3de-460d-b3db-6bbb1c4a8f97","CPER_001.basePlot.bet","D10","CPER","CPER_001","E","2015-05-21","2015-06-04","2015-06-05","2015-12-29","2015-12-29","CPER_001.E.20150604","BEtTVHT1LvGmeSf6iWM9MJRHTNEYp0IjMZCBw1kCpdc=","carabid","HARDES","Harpalus desertus","species",,"LeConte",,1,"Other","Rjv/PyMx3k4oygLKYkCbuIDsccqDw9So","Rjv/PyMx3k4oygLKYkCbuIDsccqDw9So",
"f0124a8f-e3fc-4e78-8806-1370b5127475","CPER_003.basePlot.bet","D10","CPER","CPER_003","E","2015-05-21","2015-06-04","2015-06-05","2016-01-04","2016-01-04","CPER_003.E.20150604","omCPNZnkoGT/LO+3sbrEpd7nJ4Z/K867iuqjrH+N9AE=","carabid","SELPLA","Selenophorus planipennis","species",,"LeConte",,1,"Other","Rjv/PyMx3k4oygLKYkCbuIDsccqDw9So","Rjv/PyMx3k4oygLKYkCbuIDsccqDw9So",
"493f4a53-2142-4679-b525-154978494845","CPER_003.basePlot.bet","D10","CPER","CPER_003","E","2015-05-21","2015-06-04","2015-06-05","2015-12-29","2016-01-04","CPER_003.E.20150604","omCPNZnkoGT/LO+3sbrEpeCu0RK1T/AbVwRNlC5SvSw=","carabid","PASELO","Pasimachus elongatus","species",,"LeConte",,1,"Other","Rjv/PyMx3k4oygLKYkCbuIDsccqDw9So","Rjv/PyMx3k4oygLKYkCbuIDsccqDw9So",
"b6c64810-b40a-451b-8ea1-2c1b6c69dea6","CPER_002.basePlot.bet","D10","CPER","CPER_002","N","2015-05-21","2015-06-04","2015-06-05","2015-06-29",,"CPER_002.N.20150604","OMNGlFKVPvSRc1yZQBvTIR2upEPjLwQdQo/KzJr4dOE=","invert bycatch",,,,,,,,,,"ogjyrGrm3ZwJtEIV6g3OdQaEOdluA3eH",
"8b6441a3-5617-4e04-8bf4-b3e0dbef10b5","CPER_008.basePlot.bet","D10","CPER","CPER_008","N","2015-05-21","2015-06-04","2015-06-05","2015-07-01",,"CPER_008.N.20150604","kqngcYlCVJ4w2uFYReEs+0+BrviPBHiFpVXqck5royM=","invert bycatch",,,,,,,,,,"ogjyrGrm3ZwJtEIV6g3OdQaEOdluA3eH",
"add7f823-5e3d-49c0-b7dc-9ef5be0ef4ac","CPER_010.basePlot.bet","D10","CPER","CPER_010","N","2015-05-21","2015-06-04","2015-06-05","2015-07-01",,"CPER_010.N.20150604","DW9ihRbrMtlK50XVfY/t8zRujnibfWA2f1UJ+E0vCW4=","invert bycatch",,,,,,,,,,"ogjyrGrm3ZwJtEIV6g3OdQaEOdluA3eH",
"6caf5adc-00f8-4b5a-9545-923cf37453a3","CPER_009.basePlot.bet","D10","CPER","CPER_009","N","2015-05-21","2015-06-04","2015-06-05","2015-07-01",,"CPER_009.N.20150604","KY+Aed9dLRs9Os5MEMz0INtnG/hqWiKO1pjfnQpoKYU=","invert bycatch",,,,,,,,,,"ogjyrGrm3ZwJtEIV6g3OdQaEOdluA3eH",
"ded01194-bee5-4a9c-9548-cfdd0788eb43","CPER_007.basePlot.bet","D10","CPER","CPER_007","N","2015-05-21","2015-06-04","2015-06-05","2015-06-29",,"CPER_007.N.20150604","SOIi55Lib0KuwLYH8QEdpJnMUueynY1mnBZz90TYp7A=","invert bycatch",,,,,,,,,,"ogjyrGrm3ZwJtEIV6g3OdQaEOdluA3eH",
"bb9a8e3b-bac0-4744-8858-160c185c0caa","CPER_006.basePlot.bet","D10","CPER","CPER_006","N","2015-05-21","2015-06-04","2015-06-05","2015-06-29",,"CPER_006.N.20150604","NHMCrMp+/ZWOow5qJguFEwT4r/tVEcJgXuHaPHzRErk=","invert bycatch",,,,,,,,,,"ogjyrGrm3ZwJtEIV6g3OdQaEOdluA3eH",
"51a4bdeb-6237-451b-94d3-d1a6d4ace601","CPER_003.basePlot.bet","D10","CPER","CPER_003","N","2015-05-21","2015-06-04","2015-06-05","2015-06-29",,"CPER_003.N.20150604","omCPNZnkoGQ4EY4+lZjlefdoWCZI6cTevmUvkNAx+a4=","invert bycatch",,,,,,,,,,"ogjyrGrm3ZwJtEIV6g3OdQaEOdluA3eH",
"06184475-343b-4b33-9413-6b040a317bde","CPER_003.basePlot.bet","D10","CPER","CPER_003","N","2015-05-21","2015-06-04","2015-06-05","2015-06-29",,"CPER_003.N.20150604","omCPNZnkoGQ4EY4+lZjlefdoWCZI6cTevwSfBfILAJE=","invert bycatch",,,,,,,,,,"ogjyrGrm3ZwJtEIV6g3OdQaEOdluA3eH",
"d12ed052-3529-42f0-8bea-1d6715b0113d","CPER_005.basePlot.bet","D10","CPER","CPER_005","N","2015-05-21","2015-06-04","2015-06-05","2015-06-29",,"CPER_005.N.20150604","e1AKewEwvnFbnAU6tiiq4b7v6V+SIQykwZYo/mZzuUI=","invert bycatch",,,,,,,,,,"ogjyrGrm3ZwJtEIV6g3OdQaEOdluA3eH",
"6f2d188d-c2eb-4083-aa33-5d5d5436d3b3","CPER_001.basePlot.bet","D10","CPER","CPER_001","N","2015-05-21","2015-06-04","2015-06-05","2015-06-29",,"CPER_001.N.20150604","BEtTVHT1LvGOinTJsTLHD0yjooWuG81avXvGwX7yW+w=","invert bycatch",,,,,,,,,,"ogjyrGrm3ZwJtEIV6g3OdQaEOdluA3eH",
"01ade693-5e68-4415-b456-fadca7858a20","CPER_001.basePlot.bet","D10","CPER","CPER_001","N","2015-05-21","2015-06-04","2015-06-05","2015-12-29","2015-12-29","CPER_001.N.20150604","BEtTVHT1LvGOinTJsTLHD6se8f+8jJD8vj5DALHJQhg=","carabid","PASELO","Pasimachus elongatus","species",,"LeConte",,1,"Other","Rjv/PyMx3k4oygLKYkCbuIDsccqDw9So","Rjv/PyMx3k4oygLKYkCbuIDsccqDw9So",
"d1c1ab2e-98d5-4b69-9184-901429868586","CPER_005.basePlot.bet","D10","CPER","CPER_005","N","2015-05-21","2015-06-04","2015-06-05","2015-12-23","2015-12-23","CPER_005.N.20150604","e1AKewEwvnFbnAU6tiiq4Zp5OpViTsc/7vP2Hdp3euQ=","carabid","PASELO","Pasimachus elongatus","species",,"LeConte",,1,"Other","Ji4OKY0Opajnq0SAWKqACItMAkkkfnH7","Ji4OKY0Opajnq0SAWKqACItMAkkkfnH7",
"13c12e78-1f09-41ff-bb0a-0a90dcc1c8cb","CPER_008.basePlot.bet","D10","CPER","CPER_008","N","2015-05-21","2015-06-04","2015-06-05","2016-01-07","2016-01-07","CPER_008.N.20150604","kqngcYlCVJ4w2uFYReEs+8UAntaikeXqeCxAVb0Z4xI=","carabid","CRADUB","Cratacanthus dubius","species",,"Palisot de Beauvois",,1,"Other","Ji4OKY0Opajnq0SAWKqACItMAkkkfnH7","Ji4OKY0Opajnq0SAWKqACItMAkkkfnH7",
"9881ca28-1fb7-4164-a3ad-de884fb934c5","CPER_003.basePlot.bet","D10","CPER","CPER_003","N","2015-05-21","2015-06-04","2015-06-05","2016-01-04","2016-01-04","CPER_003.N.20150604","omCPNZnkoGQ4EY4+lZjlebqXpVmM10HZTStkoASYafA=","carabid","DISPAR1","Discoderus parallelus","species",,"Haldeman",,6,"Other","Rjv/PyMx3k4oygLKYkCbuIDsccqDw9So","Rjv/PyMx3k4oygLKYkCbuIDsccqDw9So",
"3f1dace8-e00c-4527-9ff3-ce7730d1b709","CPER_004.basePlot.bet","D10","CPER","CPER_004","N","2015-05-21","2015-06-04","2015-06-05","2016-01-04","2016-01-04","CPER_004.N.20150604","eSCyThC0ZO6mu2ZSEN4o8qErK9m0S9nwZsMNiitJNwI=","carabid","PASELO","Pasimachus elongatus","species",,"LeConte",,1,"Other","Ji4OKY0Opajnq0SAWKqACItMAkkkfnH7","Ji4OKY0Opajnq0SAWKqACItMAkkkfnH7",
"5fce7394-88cf-4986-b926-ce08ddee17b8","CPER_002.basePlot.bet","D10","CPER","CPER_002","N","2015-05-21","2015-06-04","2015-06-05","2016-01-04","2016-01-04","CPER_002.N.20150604","OMNGlFKVPvSRc1yZQBvTIVZ+7nQD2LmfYxgbRuvvNhg=","carabid","SELPLA","Selenophorus planipennis","species",,"LeConte",,18,"Other","XXW8BqPXtz8Ncjf8bOi7gc6Hj7+NVXsl","XXW8BqPXtz8Ncjf8bOi7gc6Hj7+NVXsl",
"32757fc0-a78b-42b0-9134-3e3e05489d83","CPER_002.basePlot.bet","D10","CPER","CPER_002","N","2015-05-21","2015-06-04","2015-06-05","2015-12-23","2016-01-04","CPER_002.N.20150604","OMNGlFKVPvSRc1yZQBvTIS6WpnzBpmDERWo5hXrn6cc=","carabid","DISPAR1","Discoderus parallelus","species",,"Haldeman",,31,"Other","XXW8BqPXtz8Ncjf8bOi7gc6Hj7+NVXsl","XXW8BqPXtz8Ncjf8bOi7gc6Hj7+NVXsl",
"c3fa35a3-f8d9-4047-8030-536f654adc0d","CPER_008.basePlot.bet","D10","CPER","CPER_008","N","2015-05-21","2015-06-04","2015-06-05","2016-01-07","2016-01-07","CPER_008.N.20150604","kqngcYlCVJ4w2uFYReEs+yWM/cdUUHlBkGVYqPjt4LM=","carabid","DISPAR1","Discoderus parallelus","species",,"Haldeman",,78,"Other","Ji4OKY0Opajnq0SAWKqACItMAkkkfnH7","Ji4OKY0Opajnq0SAWKqACItMAkkkfnH7",
"0b9c688b-c170-4379-800d-3dfbd69cef84","CPER_004.basePlot.bet","D10","CPER","CPER_004","N","2015-05-21","2015-06-04","2015-06-05","2016-01-04","2016-01-04","CPER_004.N.20150604","eSCyThC0ZO6mu2ZSEN4o8hQ7qD2dJ1VeoOCh2fvP3v8=","carabid","SELPLA","Selenophorus planipennis","species",,"LeConte",,4,"Other","Ji4OKY0Opajnq0SAWKqACItMAkkkfnH7","Ji4OKY0Opajnq0SAWKqACItMAkkkfnH7",
"bfcdd03c-9b0e-4430-998a-20d76a34f2e9","CPER_001.basePlot.bet","D10","CPER","CPER_001","N","2015-05-21","2015-06-04","2015-06-05","2015-12-29","2015-12-29","CPER_001.N.20150604","BEtTVHT1LvGOinTJsTLHD/77O/B3YWfCgCzGM8bESm0=","carabid","HAROPA","Harpalus opacipennis","species",,"Haldeman",,1,"Other","Rjv/PyMx3k4oygLKYkCbuIDsccqDw9So","Rjv/PyMx3k4oygLKYkCbuIDsccqDw9So",
"75716cf5-3285-435b-8732-63825ad737b0","CPER_003.basePlot.bet","D10","CPER","CPER_003","N","2015-05-21","2015-06-04","2015-06-05","2016-01-04","2016-01-04","CPER_003.N.20150604","omCPNZnkoGQ4EY4+lZjleSuKA+Ts9rJdbRJjccH6FWs=","carabid","PASELO","Pasimachus elongatus","species",,"LeConte",,1,"Other","Rjv/PyMx3k4oygLKYkCbuIDsccqDw9So","Rjv/PyMx3k4oygLKYkCbuIDsccqDw9So",
"7ad43173-0b06-4581-bccf-ae77f77eccdd","CPER_006.basePlot.bet","D10","CPER","CPER_006","N","2015-05-21","2015-06-04","2015-06-05","2016-01-04","2016-01-04","CPER_006.N.20150604","NHMCrMp+/ZWOow5qJguFE35LWhSaPEcSKgvqRLHqA10=","carabid","AMACON3","Amara convexa","species",,"LeConte",,2,"Other","Rjv/PyMx3k4oygLKYkCbuIDsccqDw9So","Rjv/PyMx3k4oygLKYkCbuIDsccqDw9So",
"d84b236f-93d2-4e73-bcae-04821cfaa0f0","CPER_006.basePlot.bet","D10","CPER","CPER_006","N","2015-05-21","2015-06-04","2015-06-05","2016-01-12","2016-03-16","CPER_006.N.20150604","NHMCrMp+/ZWOow5qJguFE8nPyY6+M2eNIRtZNlfJufc=","carabid","SELPLA","Selenophorus planipennis","species",,"LeConte",,1,"Other","Ji4OKY0Opajnq0SAWKqACItMAkkkfnH7","Ji4OKY0Opajnq0SAWKqACItMAkkkfnH7",
"5339c781-2ec0-4f73-b0c2-e4c97bcb029f","CPER_006.basePlot.bet","D10","CPER","CPER_006","N","2015-05-21","2015-06-04","2015-06-05","2016-01-04","2016-01-04","CPER_006.N.20150604","NHMCrMp+/ZWOow5qJguFE54eyxAkwfGwPNXUBbIBnNI=","carabid","DISPAR1","Discoderus parallelus","species",,"Haldeman",,4,"Other","Rjv/PyMx3k4oygLKYkCbuIDsccqDw9So","Rjv/PyMx3k4oygLKYkCbuIDsccqDw9So",
"11ff931e-ea18-4136-8eb4-2ae0a4aeb781","CPER_010.basePlot.bet","D10","CPER","CPER_010","E","2015-06-04","2015-06-18","2015-06-19","2016-01-12","2016-01-15","CPER_010.E.20150618","DW9ihRbrMtn+HN2c8wy+aoekqlBiG6IBovBvX29+ED0=","carabid","PASELO","Pasimachus elongatus","species",,"LeConte",,1,"Other","Ji4OKY0Opajnq0SAWKqACItMAkkkfnH7","Ji4OKY0Opajnq0SAWKqACItMAkkkfnH7",
"9bfba7ab-0487-4f1c-a093-7f7a98ff43da","CPER_003.basePlot.bet","D10","CPER","CPER_003","E","2015-06-04","2015-06-18","2015-06-19","2016-01-12","2016-01-13","CPER_003.E.20150618","omCPNZnkoGT/LO+3sbrEpX4N1828j8RT14b803fbMcw=","carabid","AMACON3","Amara convexa","species",,"LeConte",,1,"Other","Ji4OKY0Opajnq0SAWKqACItMAkkkfnH7","Ji4OKY0Opajnq0SAWKqACItMAkkkfnH7",
"1bd423c2-f0d0-4e95-bf15-127d90996bf2","CPER_007.basePlot.bet","D10","CPER","CPER_007","E","2015-06-04","2015-06-18","2015-06-19","2016-01-12","2016-01-15","CPER_007.E.20150618","SOIi55Lib0K4XwXDLPGdvxg+iMA7u2QKxFnNCtFjYbs=","carabid","PASELO","Pasimachus elongatus","species",,"LeConte",,1,"Other","Ji4OKY0Opajnq0SAWKqACItMAkkkfnH7","Ji4OKY0Opajnq0SAWKqACItMAkkkfnH7",
"7e3adfa4-636b-4bd5-a318-e5303dfa9399","CPER_006.basePlot.bet","D10","CPER","CPER_006","E","2015-06-04","2015-06-18","2015-06-19","2016-01-12","2016-01-14","CPER_006.E.20150618","NHMCrMp+/ZWnq0ZeLB6Hsh2fuy6MBSRbaEh3X6MJ2YA=","carabid","PASELO","Pasimachus elongatus","species",,"LeConte",,2,"Other","Ji4OKY0Opajnq0SAWKqACItMAkkkfnH7","Ji4OKY0Opajnq0SAWKqACItMAkkkfnH7",
"9f6f6f0f-432c-4e58-9052-3cfc290583f2","CPER_004.basePlot.bet","D10","CPER","CPER_004","E","2015-06-04","2015-06-18","2015-06-19","2016-01-12","2016-01-13","CPER_004.E.20150618","eSCyThC0ZO4/6XSI6K5eMmB4Ub/1tR3JAs+I/d+kOnU=","carabid","PASELO","Pasimachus elongatus","species",,"LeConte",,1,"Other","Ji4OKY0Opajnq0SAWKqACItMAkkkfnH7","Ji4OKY0Opajnq0SAWKqACItMAkkkfnH7",
"c309ae92-5709-4cbc-92a4-865cdd8998d2","CPER_004.basePlot.bet","D10","CPER","CPER_004","E","2015-06-04","2015-06-18","2015-06-19","2016-01-12","2016-01-13","CPER_004.E.20150618","eSCyThC0ZO4/6XSI6K5eMqlAkFfS4raGJZ2sKUda9VI=","carabid","SELPLA","Selenophorus planipennis","species",,"LeConte",,1,"Other","Ji4OKY0Opajnq0SAWKqACItMAkkkfnH7","Ji4OKY0Opajnq0SAWKqACItMAkkkfnH7",
"4c780bff-7901-438d-b6e9-e36c588a7f1a","CPER_006.basePlot.bet","D10","CPER","CPER_006","E","2015-06-04","2015-06-18","2015-06-19","2016-01-12","2016-01-14","CPER_006.E.20150618","NHMCrMp+/ZWnq0ZeLB6HstQemB1BeyjNhGkuN6Ph3EE=","carabid","DISPAR1","Discoderus parallelus","species",,"Haldeman",,10,"Other","Ji4OKY0Opajnq0SAWKqACItMAkkkfnH7","Ji4OKY0Opajnq0SAWKqACItMAkkkfnH7",
"bcaa9d4c-897a-4a03-bd41-74f0bde1b1e2","CPER_006.basePlot.bet","D10","CPER","CPER_006","E","2015-06-04","2015-06-18","2015-06-19","2016-01-12","2016-01-14","CPER_006.E.20150618","NHMCrMp+/ZWnq0ZeLB6Hsih3oZDhalzZpMGSkpdEZSQ=","carabid","AMAQUE","Amara quenseli quenseli","subspecies",,"Schonherr",,1,"Other","Ji4OKY0Opajnq0SAWKqACItMAkkkfnH7","Ji4OKY0Opajnq0SAWKqACItMAkkkfnH7",
"29dfbd7f-8ead-4beb-b363-d20a229aadb4","CPER_002.basePlot.bet","D10","CPER","CPER_002","E","2015-06-04","2015-06-18","2015-06-19","2016-01-12","2016-01-12","CPER_002.E.20150618","OMNGlFKVPvQ/Rtp3zTxlWnV5qMaSqGf2xdEpV11VfcQ=","carabid","SELPLA","Selenophorus planipennis","species",,"LeConte",,16,"Other","Ji4OKY0Opajnq0SAWKqACItMAkkkfnH7","Ji4OKY0Opajnq0SAWKqACItMAkkkfnH7",
"27627e7e-d32a-46ae-bf18-c82dd0e949cc","CPER_008.basePlot.bet","D10","CPER","CPER_008","E","2015-06-04","2015-06-18","2015-06-19","2016-01-12","2016-01-15","CPER_008.E.20150618","kqngcYlCVJ75Bh29DXtlMyIcj+nYQz2xz2vg2Rz8mvM=","carabid","DISPAR1","Discoderus parallelus","species",,"Haldeman",,100,"Other","Ji4OKY0Opajnq0SAWKqACItMAkkkfnH7","Ji4OKY0Opajnq0SAWKqACItMAkkkfnH7",
"b8597688-7747-47de-851d-045f38872d87","CPER_008.basePlot.bet","D10","CPER","CPER_008","E","2015-06-04","2015-06-18","2015-06-19","2016-01-12","2016-01-15","CPER_008.E.20150618","kqngcYlCVJ75Bh29DXtlM2SbTA6SSp3Vsd1RbNT8lF8=","carabid","SELPLA","Selenophorus planipennis","species",,"LeConte",,1,"Other","Ji4OKY0Opajnq0SAWKqACItMAkkkfnH7","Ji4OKY0Opajnq0SAWKqACItMAkkkfnH7",
"265f107a-04b2-4861-977c-9835be2dd4c6","CPER_005.basePlot.bet","D10","CPER","CPER_005","E","2015-06-04","2015-06-18","2015-06-19","2016-01-12","2016-01-13","CPER_005.E.20150618","e1AKewEwvnF0peDlcOGz4ee3fen6nYI7WxyCymD1C1o=","carabid","DYSGLO","Dyschirius globulosus","species",,"Say",,1,"Other","Ji4OKY0Opajnq0SAWKqACItMAkkkfnH7","Ji4OKY0Opajnq0SAWKqACItMAkkkfnH7",
"cd332fd8-6deb-4d45-b4b5-1532e4647de8","CPER_009.basePlot.bet","D10","CPER","CPER_009","E","2015-06-04","2015-06-18","2015-06-19","2016-01-12","2016-01-15","CPER_009.E.20150618","KY+Aed9dLRtPx5j6knVrgG3A96EE9JBr5rnMmpNPDKw=","carabid","SELPLA","Selenophorus planipennis","species",,"LeConte",,2,"Other","Ji4OKY0Opajnq0SAWKqACItMAkkkfnH7","Ji4OKY0Opajnq0SAWKqACItMAkkkfnH7",
"f6a4db2b-fce8-4868-9554-084619c56ab6","CPER_006.basePlot.bet","D10","CPER","CPER_006","E","2015-06-04","2015-06-18","2015-06-19","2016-01-12","2016-01-14","CPER_006.E.20150618","NHMCrMp+/ZWnq0ZeLB6HsqBOmbcrqvU6EIiQjiEUDkM=","carabid","SELPLA","Selenophorus planipennis","species",,"LeConte",,2,"Other","Ji4OKY0Opajnq0SAWKqACItMAkkkfnH7","Ji4OKY0Opajnq0SAWKqACItMAkkkfnH7",
"0e36dd08-7541-4a4f-8b52-2ce2e61b445e","CPER_001.basePlot.bet","D10","CPER","CPER_001","E","2015-06-04","2015-06-18","2015-06-19","2015-08-04",,"CPER_001.E.20150618","BEtTVHT1LvGmeSf6iWM9MGbqYXqXCmIfaDE7ExDHBh0=","invert bycatch",,,,,,,,,,"vKzFUD/FLv06QncsDCAnFTeEhgjR2y/f",
"b62c4ae0-0a67-4510-9e11-97d68d979fb1","CPER_004.basePlot.bet","D10","CPER","CPER_004","E","2015-06-04","2015-06-18","2015-06-19","2016-01-12","2016-01-13","CPER_004.E.20150618","eSCyThC0ZO4/6XSI6K5eMnBfw3cN2UQSGo1bPTSA2c4=","carabid","DISPAR1","Discoderus parallelus","species",,"Haldeman",,4,"Other","Ji4OKY0Opajnq0SAWKqACItMAkkkfnH7","Ji4OKY0Opajnq0SAWKqACItMAkkkfnH7",
"b18eba56-e6c9-4df9-ad64-7b2d4e5c2627","CPER_005.basePlot.bet","D10","CPER","CPER_005","E","2015-06-04","2015-06-18","2015-06-19","2015-08-06",,"CPER_005.E.20150618","e1AKewEwvnF0peDlcOGz4VD+KoCyfn1TMd+t9lXQUlE=","invert bycatch",,,,,,,,,,"vKzFUD/FLv06QncsDCAnFTeEhgjR2y/f",
"50d2d26d-8e39-4f78-aeb8-4228476f16d4","CPER_004.basePlot.bet","D10","CPER","CPER_004","E","2015-06-04","2015-06-18","2015-06-19","2015-08-05",,"CPER_004.E.20150618","eSCyThC0ZO4/6XSI6K5eMqGUSOxqhSAco9OC8isE/KM=","invert bycatch",,,,,,,,,,"vKzFUD/FLv06QncsDCAnFTeEhgjR2y/f",
"30790bc3-ed8a-41c1-8bea-03f43754a35d","CPER_003.basePlot.bet","D10","CPER","CPER_003","E","2015-06-04","2015-06-18","2015-06-19","2015-08-04",,"CPER_003.E.20150618","omCPNZnkoGT/LO+3sbrEpZF6voe25fCQQbYyE3uhKBY=","invert bycatch",,,,,,,,,,"vKzFUD/FLv06QncsDCAnFTeEhgjR2y/f",
"e6261cdf-1f65-4af0-9dfb-f52d3cb9e8f1","CPER_002.basePlot.bet","D10","CPER","CPER_002","E","2015-06-04","2015-06-18","2015-06-19","2015-08-04",,"CPER_002.E.20150618","OMNGlFKVPvQ/Rtp3zTxlWqN4u0c+4Jv/JMz3VyWRRJ4=","invert bycatch",,,,,,,,,,"vKzFUD/FLv06QncsDCAnFTeEhgjR2y/f",
"c1ea7ee4-14db-4fac-872b-ac2dfed3adac","CPER_010.basePlot.bet","D10","CPER","CPER_010","E","2015-06-04","2015-06-18","2015-06-19","2015-08-21",,"CPER_010.E.20150618","DW9ihRbrMtn+HN2c8wy+agIoiOvZA8scacHCXuABUWg=","invert bycatch",,,,,,,,,,"ogjyrGrm3ZwJtEIV6g3OdQaEOdluA3eH",
"6262d12b-8f2b-4b84-bc33-8328e0698210","CPER_008.basePlot.bet","D10","CPER","CPER_008","E","2015-06-04","2015-06-18","2015-06-19","2015-08-10",,"CPER_008.E.20150618","kqngcYlCVJ75Bh29DXtlM4KdplZmUAgzJWIros80LDo=","invert bycatch",,,,,,,,,,"vKzFUD/FLv06QncsDCAnFTeEhgjR2y/f",
"4f5ef6ef-a533-4be1-9ef9-6533f32dc4dd","CPER_009.basePlot.bet","D10","CPER","CPER_009","E","2015-06-04","2015-06-18","2015-06-19","2015-08-12",,"CPER_009.E.20150618","KY+Aed9dLRtPx5j6knVrgNFRMdGmF5HGYa88/grqOlY=","invert bycatch",,,,,,,,,,"vKzFUD/FLv06QncsDCAnFTeEhgjR2y/f",
"63320e21-fcea-4f16-995c-6d2eac47609d","CPER_006.basePlot.bet","D10","CPER","CPER_006","E","2015-06-04","2015-06-18","2015-06-19","2015-08-26",,"CPER_006.E.20150618","NHMCrMp+/ZWnq0ZeLB6HstpAMx4DB7ZIc8UMQZBZLU8=","invert bycatch",,,,,,,,,,"ogjyrGrm3ZwJtEIV6g3OdQaEOdluA3eH",
"229e0c40-bdaa-460d-bc1e-4bcd9fd2e072","CPER_007.basePlot.bet","D10","CPER","CPER_007","E","2015-06-04","2015-06-18","2015-06-19","2015-08-07",,"CPER_007.E.20150618","SOIi55Lib0K4XwXDLPGdv6WAS2+17diz97Yf7cc9KpU=","invert bycatch",,,,,,,,,,"vKzFUD/FLv06QncsDCAnFTeEhgjR2y/f",
"8757a119-5664-430d-a0c4-47271eeafc85","CPER_004.basePlot.bet","D10","CPER","CPER_004","N","2015-06-04","2015-06-18","2015-06-19","2015-08-05",,"CPER_004.N.20150618","eSCyThC0ZO6mu2ZSEN4o8vQEYoDnFs1OtI4BurIxkYg=","invert bycatch",,,,,,,,,,"vKzFUD/FLv06QncsDCAnFTeEhgjR2y/f",
"6a5e1ede-6abe-4d5d-8a93-ffa23ded18dd","CPER_005.basePlot.bet","D10","CPER","CPER_005","N","2015-06-04","2015-06-18","2015-06-19","2016-01-12","2016-01-13","CPER_005.N.20150618","e1AKewEwvnFbnAU6tiiq4Q3AVcibOjr9Iyfxp/LKVX8=","carabid","DYSGLO","Dyschirius globulosus","species",,"Say",,1,"Other","Ji4OKY0Opajnq0SAWKqACItMAkkkfnH7","Ji4OKY0Opajnq0SAWKqACItMAkkkfnH7",
"b9a5b3f2-6669-440a-b4a3-af613df84fa6","CPER_005.basePlot.bet","D10","CPER","CPER_005","N","2015-06-04","2015-06-18","2015-06-19","2016-01-12","2016-01-13","CPER_005.N.20150618","e1AKewEwvnFbnAU6tiiq4SnkzPvs1KEoBAJ/sjr4NxE=","carabid","SELPLA","Selenophorus planipennis","species",,"LeConte",,2,"Other","Ji4OKY0Opajnq0SAWKqACItMAkkkfnH7","Ji4OKY0Opajnq0SAWKqACItMAkkkfnH7",
"4c9b63a2-516d-49fe-9ef2-105be7ffd34e","CPER_008.basePlot.bet","D10","CPER","CPER_008","N","2015-06-04","2015-06-18","2015-06-19","2016-01-12","2016-01-15","CPER_008.N.20150618","kqngcYlCVJ4w2uFYReEs+4efc+k+34C9KNNVnbZfci4=","carabid","PASELO","Pasimachus elongatus","species",,"LeConte",,1,"Other","Ji4OKY0Opajnq0SAWKqACItMAkkkfnH7","Ji4OKY0Opajnq0SAWKqACItMAkkkfnH7",
"ac5596bb-5941-4007-a5fb-25ea577186b8","CPER_004.basePlot.bet","D10","CPER","CPER_004","N","2015-06-04","2015-06-18","2015-06-19","2016-01-12","2016-01-13","CPER_004.N.20150618","eSCyThC0ZO6mu2ZSEN4o8sRY+7HL7u0LmwVuhWP1Pwg=","carabid","PASELO","Pasimachus elongatus","species",,"LeConte",,1,"Other","Ji4OKY0Opajnq0SAWKqACItMAkkkfnH7","Ji4OKY0Opajnq0SAWKqACItMAkkkfnH7",
"a717438d-2dd3-4a24-aef9-f8183e5b9da8","CPER_003.basePlot.bet","D10","CPER","CPER_003","N","2015-06-04","2015-06-18","2015-06-19","2016-01-12","2016-01-13","CPER_003.N.20150618","omCPNZnkoGQ4EY4+lZjleZf9gADrW98MRU1ZWcNF1tk=","carabid","SELPLA","Selenophorus planipennis","species",,"LeConte",,4,"Other","Ji4OKY0Opajnq0SAWKqACItMAkkkfnH7","Ji4OKY0Opajnq0SAWKqACItMAkkkfnH7",
"46a3a04d-45bf-4a64-ae35-f33dafb979ec","CPER_008.basePlot.bet","D10","CPER","CPER_008","N","2015-06-04","2015-06-18","2015-06-19","2016-01-12","2016-01-15","CPER_008.N.20150618","kqngcYlCVJ4w2uFYReEs+8UqsZDzIxuAW8OTwraHP04=","carabid","DISPAR1","Discoderus parallelus","species",,"Haldeman",,121,"Other","Ji4OKY0Opajnq0SAWKqACItMAkkkfnH7","Ji4OKY0Opajnq0SAWKqACItMAkkkfnH7",
"86ff7d0c-8d82-40a2-a332-8f90d519a53c","CPER_006.basePlot.bet","D10","CPER","CPER_006","N","2015-06-04","2015-06-18","2015-06-19","2016-01-12","2016-01-13","CPER_006.N.20150618","NHMCrMp+/ZWOow5qJguFEzJrMuj5xaIiucDLzIjoA0Q=","carabid","SELPLA","Selenophorus planipennis","species",,"LeConte",,8,"Other","Ji4OKY0Opajnq0SAWKqACItMAkkkfnH7","Ji4OKY0Opajnq0SAWKqACItMAkkkfnH7",
"95a6385a-8177-4262-8c0c-f678194af337","CPER_001.basePlot.bet","D10","CPER","CPER_001","N","2015-06-04","2015-06-18","2015-06-19","2016-01-12","2016-01-12","CPER_001.N.20150618","BEtTVHT1LvGOinTJsTLHD531A6F+vRONhrr5M8xU6Pw=","carabid","CARSP14","Carabidae sp.","family",,"Latreille","D10.2015.MorphH",1,"Other","Ji4OKY0Opajnq0SAWKqACItMAkkkfnH7","Ji4OKY0Opajnq0SAWKqACItMAkkkfnH7","pronounced clypeus. Most similar in shape to HARDES. Large amount of punctuation along bottom of pronotum."
"d35c002b-8e88-4fba-860f-a16edeb93f74","CPER_005.basePlot.bet","D10","CPER","CPER_005","N","2015-06-04","2015-06-18","2015-06-19","2016-01-12","2016-01-13","CPER_005.N.20150618","e1AKewEwvnFbnAU6tiiq4WgF9mdPDIjDfaD4XCkUY60=","carabid","MICLIN2","Microlestes linearis","species",,"LeConte",,1,"Other","Ji4OKY0Opajnq0SAWKqACItMAkkkfnH7","Ji4OKY0Opajnq0SAWKqACItMAkkkfnH7",
"786835f7-0b86-4589-a120-14837c4e4b11","CPER_004.basePlot.bet","D10","CPER","CPER_004","N","2015-06-04","2015-06-18","2015-06-19","2016-01-12","2016-01-13","CPER_004.N.20150618","eSCyThC0ZO6mu2ZSEN4o8l+1zOHyRtJMzYFazVvf0/U=","carabid","SELPLA","Selenophorus planipennis","species",,"LeConte",,7,"Other","Ji4OKY0Opajnq0SAWKqACItMAkkkfnH7","Ji4OKY0Opajnq0SAWKqACItMAkkkfnH7",
"b7f5be3b-d401-45ab-aae3-036f229b44f8","CPER_009.basePlot.bet","D10","CPER","CPER_009","N","2015-06-04","2015-06-18","2015-06-19","2016-01-12","2016-01-15","CPER_009.N.20150618","KY+Aed9dLRs9Os5MEMz0INe5824DBuJkUeV0vARR63o=","carabid","PASELO","Pasimachus elongatus","species",,"LeConte",,1,"Other","Ji4OKY0Opajnq0SAWKqACItMAkkkfnH7","Ji4OKY0Opajnq0SAWKqACItMAkkkfnH7",
"7fcfd97b-5c2a-43b6-8b29-fc4f48f2bc0c","CPER_010.basePlot.bet","D10","CPER","CPER_010","N","2015-06-04","2015-06-18","2015-06-19","2016-01-12","2016-01-15","CPER_010.N.20150618","DW9ihRbrMtlK50XVfY/t8xU0Pe/E04zu7B9qDOJ+mGU=","carabid","PASELO","Pasimachus elongatus","species",,"LeConte",,1,"Other","Ji4OKY0Opajnq0SAWKqACItMAkkkfnH7","Ji4OKY0Opajnq0SAWKqACItMAkkkfnH7",
"a06f1b5e-dc9c-4baf-b69c-a17bcdacf2ed","CPER_008.basePlot.bet","D10","CPER","CPER_008","N","2015-06-04","2015-06-18","2015-06-19","2016-09-19",,"CPER_008.N.20150618","kqngcYlCVJ4w2uFYReEs+2NQjtZhKKFxlL5FPD2EW+g=","invert bycatch",,,,,,,,,,"7+R+tlx7vf358Ca0KfCVsIeYb4W2nsW1","Vial found after processing, data entered prior to shipping"
"37884611-d0c2-4959-a486-461ce146a7df","CPER_002.basePlot.bet","D10","CPER","CPER_002","N","2015-06-04","2015-06-18","2015-06-19","2016-01-12","2016-01-12","CPER_002.N.20150618","OMNGlFKVPvSRc1yZQBvTIUFQS/9vU66a377EZgSKLDc=","carabid","SELPLA","Selenophorus planipennis","species",,"LeConte",,23,"Other","Ji4OKY0Opajnq0SAWKqACItMAkkkfnH7","Ji4OKY0Opajnq0SAWKqACItMAkkkfnH7",
"9aab0bc4-a9a4-4f72-8e85-f2b429c144c0","CPER_009.basePlot.bet","D10","CPER","CPER_009","N","2015-06-04","2015-06-18","2015-06-19","2016-01-12","2016-01-15","CPER_009.N.20150618","KY+Aed9dLRs9Os5MEMz0IGHUgY6xOb+90XAnlatQ4x0=","carabid","CARSP14","Carabidae sp.","family",,"Latreille","D10.2015.MorphH",1,"Other","Ji4OKY0Opajnq0SAWKqACItMAkkkfnH7","Ji4OKY0Opajnq0SAWKqACItMAkkkfnH7","pronounced clypeus. Most similar in shape to HARDES. Large amount of punctuation along bottom of pronotum."
"1ec18c28-5f4c-4357-9789-d5085e83be1e","CPER_009.basePlot.bet","D10","CPER","CPER_009","N","2015-06-04","2015-06-18","2015-06-19","2016-01-12","2016-01-15","CPER_009.N.20150618","KY+Aed9dLRs9Os5MEMz0IJG1N+snRNNz4Mpl1e82pfU=","carabid","DISPAR1","Discoderus parallelus","species",,"Haldeman",,1,"Other","Ji4OKY0Opajnq0SAWKqACItMAkkkfnH7","Ji4OKY0Opajnq0SAWKqACItMAkkkfnH7",
"d465fc0f-4d6b-47ff-a50d-564ed4adb947","CPER_002.basePlot.bet","D10","CPER","CPER_002","N","2015-06-04","2015-06-18","2015-06-19","2016-01-12","2016-01-12","CPER_002.N.20150618","OMNGlFKVPvSRc1yZQBvTIXQNmcLvUqD5C14fkPytbmY=","carabid","PASELO","Pasimachus elongatus","species",,"LeConte",,3,"Other","Ji4OKY0Opajnq0SAWKqACItMAkkkfnH7","Ji4OKY0Opajnq0SAWKqACItMAkkkfnH7",
"776b83f0-8f99-477a-8234-cb9c92b06d2d","CPER_002.basePlot.bet","D10","CPER","CPER_002","N","2015-06-04","2015-06-18","2015-06-19","2016-01-12","2016-01-12","CPER_002.N.20150618","OMNGlFKVPvSRc1yZQBvTIbjQzwxaA+mnoKUJ+EBUgLM=","carabid","DISPAR1","Discoderus parallelus","species",,"Haldeman",,38,"Other","Ji4OKY0Opajnq0SAWKqACItMAkkkfnH7","Ji4OKY0Opajnq0SAWKqACItMAkkkfnH7",
"0e6fa6ce-bd57-40dc-aa81-d8effc78e653","CPER_004.basePlot.bet","D10","CPER","CPER_004","N","2015-06-04","2015-06-18","2015-06-19","2016-01-12","2016-01-13","CPER_004.N.20150618","eSCyThC0ZO6mu2ZSEN4o8sE5iwzAKQQo7tyoyc+TG1U=","carabid","DISPAR1","Discoderus parallelus","species",,"Haldeman",,3,"Other","Ji4OKY0Opajnq0SAWKqACItMAkkkfnH7","Ji4OKY0Opajnq0SAWKqACItMAkkkfnH7",
"0727e14d-caed-4366-8b27-da00c1e56d5d","CPER_006.basePlot.bet","D10","CPER","CPER_006","N","2015-06-04","2015-06-18","2015-06-19","2016-01-12","2016-01-13","CPER_006.N.20150618","NHMCrMp+/ZWOow5qJguFE4R3WIkFD0SIb6PT8VFbY1w=","carabid","HARDES","Harpalus desertus","species",,"LeConte",,1,"Other","Ji4OKY0Opajnq0SAWKqACItMAkkkfnH7","Ji4OKY0Opajnq0SAWKqACItMAkkkfnH7",
"1a58df4a-9508-4eb2-ac78-9263f72b7ef5","CPER_009.basePlot.bet","D10","CPER","CPER_009","N","2015-06-04","2015-06-18","2015-06-19","2016-01-12","2016-01-15","CPER_009.N.20150618","KY+Aed9dLRs9Os5MEMz0IBaRWwKsqfrtOrMkB263dMk=","carabid","SELPLA","Selenophorus planipennis","species",,"LeConte",,10,"Other","Ji4OKY0Opajnq0SAWKqACItMAkkkfnH7","Ji4OKY0Opajnq0SAWKqACItMAkkkfnH7",
"9ca1e45e-1055-44fb-8fe5-2c5d99f6816e","CPER_001.basePlot.bet","D10","CPER","CPER_001","N","2015-06-04","2015-06-18","2015-06-19","2016-01-12","2016-01-12","CPER_001.N.20150618","BEtTVHT1LvGOinTJsTLHD531A6F+vRONAJrxH2PS24c=","carabid","CARSP14","Carabidae sp.","family",,"Latreille","D10.2015.MorphI",1,"Other","Ji4OKY0Opajnq0SAWKqACItMAkkkfnH7","Ji4OKY0Opajnq0SAWKqACItMAkkkfnH7","Harpalus sp. 90 degree anterior angle that fans out over the elytra. Probably either HAROPA or HARELL."
"3532168c-a71c-4812-ab92-88d97cf9cad9","CPER_001.basePlot.bet","D10","CPER","CPER_001","N","2015-06-04","2015-06-18","2015-06-19","2016-01-12","2016-01-12","CPER_001.N.20150618","BEtTVHT1LvGOinTJsTLHD3KjtHPcvDA/FMNGAqZl/DU=","carabid","PASELO","Pasimachus elongatus","species",,"LeConte",,2,"Other","Ji4OKY0Opajnq0SAWKqACItMAkkkfnH7","Ji4OKY0Opajnq0SAWKqACItMAkkkfnH7",
"7078305e-9226-465f-9c59-67e68d64ce0e","CPER_003.basePlot.bet","D10","CPER","CPER_003","N","2015-06-04","2015-06-18","2015-06-19","2016-01-12","2016-01-13","CPER_003.N.20150618","omCPNZnkoGQ4EY4+lZjleQpvUhHh0k+7xKdzJV2EltY=","carabid","DISPAR1","Discoderus parallelus","species",,"Haldeman",,6,"Other","Ji4OKY0Opajnq0SAWKqACItMAkkkfnH7","Ji4OKY0Opajnq0SAWKqACItMAkkkfnH7",
"fd8c8836-77eb-4377-b548-dda16c82a456","CPER_006.basePlot.bet","D10","CPER","CPER_006","N","2015-06-04","2015-06-18","2015-06-19","2016-01-12","2016-01-13","CPER_006.N.20150618","NHMCrMp+/ZWOow5qJguFE7j91vr5clHG2FbLZmGJVNE=","carabid","AMACON3","Amara convexa","species",,"LeConte",,1,"Other","Ji4OKY0Opajnq0SAWKqACItMAkkkfnH7","Ji4OKY0Opajnq0SAWKqACItMAkkkfnH7",
"ed792584-347f-421e-8c5e-4e3207599973","CPER_008.basePlot.bet","D10","CPER","CPER_008","N","2015-06-04","2015-06-18","2015-06-19","2016-01-12","2016-01-15","CPER_008.N.20150618","kqngcYlCVJ4w2uFYReEs+xVct5Lqjd0lV/xCFg91vRY=","carabid","SELPLA","Selenophorus planipennis","species",,"LeConte",,6,"Other","Ji4OKY0Opajnq0SAWKqACItMAkkkfnH7","Ji4OKY0Opajnq0SAWKqACItMAkkkfnH7",
"0a85e366-e1b9-4376-87cd-18975aa02ba9","CPER_005.basePlot.bet","D10","CPER","CPER_005","N","2015-06-04","2015-06-18","2015-06-19","2015-08-06",,"CPER_005.N.20150618","e1AKewEwvnFbnAU6tiiq4fq64Vxs2I8ASJhIHrUH8J4=","invert bycatch",,,,,,,,,,"vKzFUD/FLv06QncsDCAnFTeEhgjR2y/f",
"a7889522-f534-4137-8da2-1157c1ff15be","CPER_003.basePlot.bet","D10","CPER","CPER_003","N","2015-06-04","2015-06-18","2015-06-19","2016-01-12","2016-01-13","CPER_003.N.20150618","omCPNZnkoGQ4EY4+lZjleTqHAG0JurUCs3asy/4d0aQ=","carabid","HARDES","Harpalus desertus","species",,"LeConte",,1,"Other","Ji4OKY0Opajnq0SAWKqACItMAkkkfnH7","Ji4OKY0Opajnq0SAWKqACItMAkkkfnH7",
"e28f6e6c-8533-405a-9471-1ef7ec072520","CPER_003.basePlot.bet","D10","CPER","CPER_003","N","2015-06-04","2015-06-18","2015-06-19","2016-01-12","2016-01-13","CPER_003.N.20150618","omCPNZnkoGQ4EY4+lZjlees1EvVSsvIZ1q3ygfb1z0E=","carabid","PASELO","Pasimachus elongatus","species",,"LeConte",,1,"Other","Ji4OKY0Opajnq0SAWKqACItMAkkkfnH7","Ji4OKY0Opajnq0SAWKqACItMAkkkfnH7",
"c4bb97ad-8b67-46f2-9906-b963715dfe97","CPER_006.basePlot.bet","D10","CPER","CPER_006","N","2015-06-04","2015-06-18","2015-06-19","2016-01-12","2016-01-13","CPER_006.N.20150618","NHMCrMp+/ZWOow5qJguFE2WFwlWNNPXgrdW9ZM0RpGs=","carabid","DISPAR1","Discoderus parallelus","species",,"Haldeman",,11,"Other","Ji4OKY0Opajnq0SAWKqACItMAkkkfnH7","Ji4OKY0Opajnq0SAWKqACItMAkkkfnH7",
"ca05471b-0cdf-4d41-bd6c-1d5cac98ef67","CPER_002.basePlot.bet","D10","CPER","CPER_002","N","2015-06-04","2015-06-18","2015-06-19","2015-08-04",,"CPER_002.N.20150618","OMNGlFKVPvSRc1yZQBvTIXJ5o84BpNJf9zTn2k11BHU=","invert bycatch",,,,,,,,,,"vKzFUD/FLv06QncsDCAnFTeEhgjR2y/f",
"533ee1cf-4f26-4c73-820a-4c60dfe972ce","CPER_010.basePlot.bet","D10","CPER","CPER_010","N","2015-06-04","2015-06-18","2015-06-19","2015-08-12",,"CPER_010.N.20150618","DW9ihRbrMtlK50XVfY/t8xqz3oULzxBhBdCcrve4DW8=","invert bycatch",,,,,,,,,,"vKzFUD/FLv06QncsDCAnFTeEhgjR2y/f",
"d6811cff-01f3-47bb-ba8b-c7ea7b2c363b","CPER_006.basePlot.bet","D10","CPER","CPER_006","N","2015-06-04","2015-06-18","2015-06-19","2015-08-04",,"CPER_006.N.20150618","NHMCrMp+/ZWOow5qJguFEzp3mx5d1Dy/Ny5WBhohOyI=","invert bycatch",,,,,,,,,,"ogjyrGrm3ZwJtEIV6g3OdQaEOdluA3eH",
"ea7c4529-550a-4751-b743-19be1eb776c1","CPER_007.basePlot.bet","D10","CPER","CPER_007","N","2015-06-04","2015-06-18","2015-06-19","2015-08-07",,"CPER_007.N.20150618","SOIi55Lib0KuwLYH8QEdpJuZxFcBuhAD5WWnxKD6qVY=","invert bycatch",,,,,,,,,,"vKzFUD/FLv06QncsDCAnFTeEhgjR2y/f",
"c500751c-764d-482c-ad70-bb5cf46063ab","CPER_003.basePlot.bet","D10","CPER","CPER_003","N","2015-06-04","2015-06-18","2015-06-19","2015-08-05",,"CPER_003.N.20150618","omCPNZnkoGQ4EY4+lZjleaAiy0VFCGiZjJP0nL7ysM8=","invert bycatch",,,,,,,,,,"vKzFUD/FLv06QncsDCAnFTeEhgjR2y/f",
"b1ffc109-bb5a-4bb3-a8b0-084851ad654c","CPER_008.basePlot.bet","D10","CPER","CPER_008","N","2015-06-04","2015-06-18","2015-06-19","2015-08-12",,"CPER_008.N.20150618","kqngcYlCVJ4w2uFYReEs+2NQjtZhKKFxgJKyy9Pk+YQ=","invert bycatch",,,,,,,,,,"vKzFUD/FLv06QncsDCAnFTeEhgjR2y/f",
"39f57daf-f240-42cd-8941-c58db38d3231","CPER_001.basePlot.bet","D10","CPER","CPER_001","N","2015-06-04","2015-06-18","2015-06-19","2015-08-04",,"CPER_001.N.20150618","BEtTVHT1LvGOinTJsTLHD5yQ97wErcBy0MnL7YxQSSw=","invert bycatch",,,,,,,,,,"vKzFUD/FLv06QncsDCAnFTeEhgjR2y/f",
"580e9de1-5cce-4535-8b99-fa4488227a88","CPER_009.basePlot.bet","D10","CPER","CPER_009","N","2015-06-04","2015-06-18","2015-06-19","2015-08-12",,"CPER_009.N.20150618","KY+Aed9dLRs9Os5MEMz0IBPSU/rV8maEgWRGvVyoqXA=","invert bycatch",,,,,,,,,,"vKzFUD/FLv06QncsDCAnFTeEhgjR2y/f",
"aaf43ab2-040b-492f-b068-dc6340403f5d","CPER_006.basePlot.bet","D10","CPER","CPER_006","S","2015-06-04","2015-06-18","2015-06-19","2016-01-12","2016-01-15","CPER_006.S.20150618","NHMCrMp+/ZU4QJif5H5+ZGuKQEEa5a9bnsMu78p/w4A=","carabid","CARSP14","Carabidae sp.","family",,"Latreille","D10.2015.MorphK",1,"Other","Ji4OKY0Opajnq0SAWKqACItMAkkkfnH7","Ji4OKY0Opajnq0SAWKqACItMAkkkfnH7","probably AGOCON. Small species with rounded prototum. Often with rufous pronotum and darker head and elytra. One setae above eye.|Helluomorphoides sp. Heavily punctated all over. Rufous in color. Long slender elytra with squarish apex."
"870b5a99-fc40-49e6-94cd-eb55e2d951b6","CPER_007.basePlot.bet","D10","CPER","CPER_007","S","2015-06-04","2015-06-18","2015-06-19","2016-01-12","2016-01-15","CPER_007.S.20150618","SOIi55Lib0IMfQkIK0RtL33bi8M1y4e/AU8D+2nOljo=","carabid","PASELO","Pasimachus elongatus","species",,"LeConte",,1,"Other","Ji4OKY0Opajnq0SAWKqACItMAkkkfnH7","Ji4OKY0Opajnq0SAWKqACItMAkkkfnH7",
"a5a323d0-ee23-45be-beef-1e94a9253828","CPER_008.basePlot.bet","D10","CPER","CPER_008","S","2015-06-04","2015-06-18","2015-06-19","2016-01-12","2016-01-15","CPER_008.S.20150618","kqngcYlCVJ4Lw/Dkxc6jpECWR01wxH+SVYePbISkVf8=","carabid","SELPLA","Selenophorus planipennis","species",,"LeConte",,2,"Other","Ji4OKY0Opajnq0SAWKqACItMAkkkfnH7","Ji4OKY0Opajnq0SAWKqACItMAkkkfnH7",
"2fe79684-7fbb-4b2a-b595-5423a95ab098","CPER_003.basePlot.bet","D10","CPER","CPER_003","S","2015-06-04","2015-06-18","2015-06-19","2016-01-12","2016-01-13","CPER_003.S.20150618","omCPNZnkoGSR7k6XX2iQSbc3N29BRAot9arN7byrbEA=","carabid","CARSP14","Carabidae sp.","family",,"Latreille","D10.2015.MorphJ",1,"Other","Ji4OKY0Opajnq0SAWKqACItMAkkkfnH7","Ji4OKY0Opajnq0SAWKqACItMAkkkfnH7","Amara sp. Strongly punctated elytra. Very flat base of pronotum. Along with two fovea on either side of pronotum. Also has punctuation along edge."
"a16de7aa-cced-4c27-9cce-d7e7cba480b2","CPER_002.basePlot.bet","D10","CPER","CPER_002","S","2015-06-04","2015-06-18","2015-06-19","2016-01-12","2016-01-12","CPER_002.S.20150618","OMNGlFKVPvQ4Ypsx+quWf+WUucD4JZkjdQTKarP4vGE=","carabid","SELPLA","Selenophorus planipennis","species",,"LeConte",,20,"Other","Ji4OKY0Opajnq0SAWKqACItMAkkkfnH7","Ji4OKY0Opajnq0SAWKqACItMAkkkfnH7",
"4e25add4-d41d-453d-a16f-699e9f083562","CPER_008.basePlot.bet","D10","CPER","CPER_008","S","2015-06-04","2015-06-18","2015-06-19","2016-01-12","2016-01-15","CPER_008.S.20150618","kqngcYlCVJ4Lw/Dkxc6jpP8zmko4W931xlI+6VzX3/c=","carabid","DISPAR1","Discoderus parallelus","species",,"Haldeman",,2,"Other","Ji4OKY0Opajnq0SAWKqACItMAkkkfnH7","Ji4OKY0Opajnq0SAWKqACItMAkkkfnH7",
"84ffcdc4-d858-4432-b806-bf554bbca21d","CPER_006.basePlot.bet","D10","CPER","CPER_006","S","2015-06-04","2015-06-18","2015-06-19","2016-01-12","2016-01-14","CPER_006.S.20150618","NHMCrMp+/ZU4QJif5H5+ZIQ3CBeZVQ7NALQTSlHDtOw=","carabid","PASELO","Pasimachus elongatus","species",,"LeConte",,1,"Other","Ji4OKY0Opajnq0SAWKqACItMAkkkfnH7","Ji4OKY0Opajnq0SAWKqACItMAkkkfnH7",
"43c7ff5c-fee8-4e19-9434-744b64670708","CPER_008.basePlot.bet","D10","CPER","CPER_008","S","2015-06-04","2015-06-18","2015-06-19","2016-01-12","2016-01-15","CPER_008.S.20150618","kqngcYlCVJ4Lw/Dkxc6jpK4fiXG5XIeQkkUD9KSGzdo=","carabid","PASELO","Pasimachus elongatus","species",,"LeConte",,4,"Other","Ji4OKY0Opajnq0SAWKqACItMAkkkfnH7","Ji4OKY0Opajnq0SAWKqACItMAkkkfnH7",
"51932bb6-78f4-4a9b-b512-fc18f9518afc","CPER_004.basePlot.bet","D10","CPER","CPER_004","S","2015-06-04","2015-06-18","2015-06-19","2016-01-12","2016-01-13","CPER_004.S.20150618","eSCyThC0ZO4R4lMRUhD6DhyTKlG5Eu08gFMtON8nJnc=","carabid","SELPLA","Selenophorus planipennis","species",,"LeConte",,2,"Other","Ji4OKY0Opajnq0SAWKqACItMAkkkfnH7","Ji4OKY0Opajnq0SAWKqACItMAkkkfnH7",
"f101111f-4cd3-4f3d-a4d9-ed0469ad3f17","CPER_003.basePlot.bet","D10","CPER","CPER_003","S","2015-06-04","2015-06-18","2015-06-19","2016-01-12","2016-01-13","CPER_003.S.20150618","omCPNZnkoGSR7k6XX2iQScEBRmseWbAMMYj/zVgWnJc=","carabid","SELPLA","Selenophorus planipennis","species",,"LeConte",,2,"Other","Ji4OKY0Opajnq0SAWKqACItMAkkkfnH7","Ji4OKY0Opajnq0SAWKqACItMAkkkfnH7",
"5b0d3294-dc6f-4a9e-8380-8f127e5ef5fc","CPER_003.basePlot.bet","D10","CPER","CPER_003","S","2015-06-04","2015-06-18","2015-06-19","2016-01-12","2016-01-12","CPER_003.S.20150618","omCPNZnkoGSR7k6XX2iQSRWwEhHvNkbOeIs65J771kY=","carabid","DISPAR1","Discoderus parallelus","species",,"Haldeman",,2,"Other","Ji4OKY0Opajnq0SAWKqACItMAkkkfnH7","Ji4OKY0Opajnq0SAWKqACItMAkkkfnH7",
"70a7d23c-6668-456d-beea-9b67ff353cda","CPER_006.basePlot.bet","D10","CPER","CPER_006","S","2015-06-04","2015-06-18","2015-06-19","2016-01-12","2016-01-14","CPER_006.S.20150618","NHMCrMp+/ZU4QJif5H5+ZJZcbpgag2Q2PdDC5xDN3t0=","carabid","HARDES","Harpalus desertus","species",,"LeConte",,1,"Other","Ji4OKY0Opajnq0SAWKqACItMAkkkfnH7","Ji4OKY0Opajnq0SAWKqACItMAkkkfnH7",
"acd60341-3a03-4400-900e-945e3535a3c5","CPER_009.basePlot.bet","D10","CPER","CPER_009","S","2015-06-04","2015-06-18","2015-06-19","2016-01-12","2016-01-15","CPER_009.S.20150618","KY+Aed9dLRssLLAGjpRwFn2LPHUZGFRumE31X/3+brM=","carabid","DISPAR1","Discoderus parallelus","species",,"Haldeman",,15,"Other","Ji4OKY0Opajnq0SAWKqACItMAkkkfnH7","Ji4OKY0Opajnq0SAWKqACItMAkkkfnH7",
"727e972c-8259-431f-8ee7-a175c5aeb928","CPER_001.basePlot.bet","D10","CPER","CPER_001","S","2015-06-04","2015-06-18","2015-06-19","2016-01-12","2016-01-12","CPER_001.S.20150618","BEtTVHT1LvGvZZWlfH/OymcHcFNWLPjHZTNmIqVev1I=","carabid","DYSGLO","Dyschirius globulosus","species",,"Say",,1,"Other","Ji4OKY0Opajnq0SAWKqACItMAkkkfnH7","Ji4OKY0Opajnq0SAWKqACItMAkkkfnH7",
"946ee6eb-51fe-4a7d-acd1-4df406f3899f","CPER_006.basePlot.bet","D10","CPER","CPER_006","S","2015-06-04","2015-06-18","2015-06-19","2016-01-12","2016-01-14","CPER_006.S.20150618","NHMCrMp+/ZU4QJif5H5+ZKFsaWD5ELGCxOAKaZgymPQ=","carabid","SELPLA","Selenophorus planipennis","species",,"LeConte",,1,"Other","Ji4OKY0Opajnq0SAWKqACItMAkkkfnH7","Ji4OKY0Opajnq0SAWKqACItMAkkkfnH7",
"9a81b97f-c8f1-4519-afba-2fe86ef76d35","CPER_006.basePlot.bet","D10","CPER","CPER_006","S","2015-06-04","2015-06-18","2015-06-19","2016-01-12","2016-01-14","CPER_006.S.20150618","NHMCrMp+/ZU4QJif5H5+ZDhKHgqks6ZlaEq3rvy57pM=","carabid","DISPAR1","Discoderus parallelus","species",,"Haldeman",,65,"Other","Ji4OKY0Opajnq0SAWKqACItMAkkkfnH7","Ji4OKY0Opajnq0SAWKqACItMAkkkfnH7",
"ff60998d-5724-4244-8426-93066072ef6e","CPER_010.basePlot.bet","D10","CPER","CPER_010","S","2015-06-04","2015-06-18","2015-06-19","2016-01-12","2016-01-15","CPER_010.S.20150618","DW9ihRbrMtnSGZxzvHDuJMUse7VMNd/64aBBPZHy+pk=","carabid","PASELO","Pasimachus elongatus","species",,"LeConte",,1,"Other","Ji4OKY0Opajnq0SAWKqACItMAkkkfnH7","Ji4OKY0Opajnq0SAWKqACItMAkkkfnH7",
"0dc66ddd-c6f5-40e6-ab73-f11a0b062411","CPER_002.basePlot.bet","D10","CPER","CPER_002","S","2015-06-04","2015-06-18","2015-06-19","2016-01-12","2016-01-12","CPER_002.S.20150618","OMNGlFKVPvQ4Ypsx+quWf1hhy+t/p+hHeHNnRvOEOzs=","carabid","DISPAR1","Discoderus parallelus","species",,"Haldeman",,4,"Other","Ji4OKY0Opajnq0SAWKqACItMAkkkfnH7","Ji4OKY0Opajnq0SAWKqACItMAkkkfnH7",
"3d07de3e-8f76-4c03-a207-99094ed76fa5","CPER_005.basePlot.bet","D10","CPER","CPER_005","S","2015-06-04","2015-06-18","2015-06-19","2015-08-06",,"CPER_005.S.20150618","e1AKewEwvnFtOKGYXMgmkzUbdxIdOo30Od4P4ejrf1s=","invert bycatch",,,,,,,,,,"vKzFUD/FLv06QncsDCAnFTeEhgjR2y/f",
"5ce74607-e5ee-4865-99da-e037418e3c9f","CPER_002.basePlot.bet","D10","CPER","CPER_002","S","2015-06-04","2015-06-18","2015-06-19","2015-08-04",,"CPER_002.S.20150618","OMNGlFKVPvQ4Ypsx+quWf0iaX1w6KWndm/LeIKu589g=","invert bycatch",,,,,,,,,,"vKzFUD/FLv06QncsDCAnFTeEhgjR2y/f",
"316aadec-ef1f-4a02-8e64-f19ab6fb25e4","CPER_001.basePlot.bet","D10","CPER","CPER_001","S","2015-06-04","2015-06-18","2015-06-19","2015-08-04",,"CPER_001.S.20150618","BEtTVHT1LvGvZZWlfH/OyntqO/XxQ2MubCUdp7JVB+4=","invert bycatch",,,,,,,,,,"vKzFUD/FLv06QncsDCAnFTeEhgjR2y/f",
"dcb700b8-8fe9-452d-94eb-f776fa4157bf","CPER_003.basePlot.bet","D10","CPER","CPER_003","S","2015-06-04","2015-06-18","2015-06-19","2015-08-04",,"CPER_003.S.20150618","omCPNZnkoGSR7k6XX2iQSel2imCnZ52uHYCnsHTPnQI=","invert bycatch",,,,,,,,,,"vKzFUD/FLv06QncsDCAnFTeEhgjR2y/f",
"8fc112c4-eec5-4bef-8aef-dcc4d1ea9e10","CPER_009.basePlot.bet","D10","CPER","CPER_009","S","2015-06-04","2015-06-18","2015-06-19","2015-08-12",,"CPER_009.S.20150618","KY+Aed9dLRssLLAGjpRwFvm7P9H9xlhn/nrZlXv0PrE=","invert bycatch",,,,,,,,,,"vKzFUD/FLv06QncsDCAnFTeEhgjR2y/f",
"8e799226-bddd-4670-b8e1-88c989f04812","CPER_007.basePlot.bet","D10","CPER","CPER_007","S","2015-06-04","2015-06-18","2015-06-19","2015-08-07",,"CPER_007.S.20150618","SOIi55Lib0IMfQkIK0RtL7AlhZKYgA1QeArj/PqdseQ=","invert bycatch",,,,,,,,,,"vKzFUD/FLv06QncsDCAnFTeEhgjR2y/f",
"d33898c6-0db9-4a73-a6f7-645c663434f0","CPER_010.basePlot.bet","D10","CPER","CPER_010","S","2015-06-04","2015-06-18","2015-06-19","2015-08-21",,"CPER_010.S.20150618","DW9ihRbrMtnSGZxzvHDuJGz2qxdBFXJk/E0hbotQv6Y=","invert bycatch",,,,,,,,,,"ogjyrGrm3ZwJtEIV6g3OdQaEOdluA3eH",
"4ac6a922-363d-4638-a6fe-ebb0104218de","CPER_004.basePlot.bet","D10","CPER","CPER_004","S","2015-06-04","2015-06-18","2015-06-19","2015-08-05",,"CPER_004.S.20150618","eSCyThC0ZO4R4lMRUhD6DvhoO4zLTUQJyUC+JACvz1k=","invert bycatch",,,,,,,,,,"vKzFUD/FLv06QncsDCAnFTeEhgjR2y/f",
"ff415d21-cd3e-4515-831b-b961cc793663","CPER_006.basePlot.bet","D10","CPER","CPER_006","S","2015-06-04","2015-06-18","2015-06-19","2015-08-24",,"CPER_006.S.20150618","NHMCrMp+/ZU4QJif5H5+ZFzyXPSrlHJ7tFNyoaF7TXs=","invert bycatch",,,,,,,,,,"ogjyrGrm3ZwJtEIV6g3OdQaEOdluA3eH",
"e5d4ef7f-8916-4acd-a3f3-2bcadbad5177","CPER_008.basePlot.bet","D10","CPER","CPER_008","S","2015-06-04","2015-06-18","2015-06-19","2015-08-10",,"CPER_008.S.20150618","kqngcYlCVJ4Lw/Dkxc6jpHDCaWT2D7LtqjjaA5V3ljs=","invert bycatch",,,,,,,,,,"vKzFUD/FLv06QncsDCAnFTeEhgjR2y/f",
"7a878704-6361-4bbf-aafd-3baf9f9a2d3b","CPER_010.basePlot.bet","D10","CPER","CPER_010","W","2015-06-04","2015-06-18","2015-06-19","2015-08-21",,"CPER_010.W.20150618","DW9ihRbrMtmWU27buLbOiDor/DcoUZ+dR071WRlgLoQ=","invert bycatch",,,,,,,,,,"ogjyrGrm3ZwJtEIV6g3OdQaEOdluA3eH",
"4739a437-b279-4497-985e-b73b4ddadebc","CPER_003.basePlot.bet","D10","CPER","CPER_003","W","2015-06-04","2015-06-18","2015-06-19","2016-01-12","2016-01-13","CPER_003.W.20150618","omCPNZnkoGQh5yGE1cNhpjsWsxhZUR+TwLF4LKgcfd4=","carabid","DISPAR1","Discoderus parallelus","species",,"Haldeman",,2,"Other","Ji4OKY0Opajnq0SAWKqACItMAkkkfnH7","Ji4OKY0Opajnq0SAWKqACItMAkkkfnH7",
"70cbeac7-11b2-4142-81c4-30a7f25b26d9","CPER_008.basePlot.bet","D10","CPER","CPER_008","W","2015-06-04","2015-06-18","2015-06-19","2016-01-12","2016-01-15","CPER_008.W.20150618","kqngcYlCVJ6rAH0hVTosp7hnPZqCjo+m29/njZy91lA=","carabid","PASELO","Pasimachus elongatus","species",,"LeConte",,1,"Other","Ji4OKY0Opajnq0SAWKqACItMAkkkfnH7","Ji4OKY0Opajnq0SAWKqACItMAkkkfnH7",
"79abd858-a811-4f89-9a25-65813d80b7e5","CPER_004.basePlot.bet","D10","CPER","CPER_004","W","2015-06-04","2015-06-18","2015-06-19","2016-01-12","2016-01-13","CPER_004.W.20150618","eSCyThC0ZO58b8njHd7SoxRXF+BcxdTv8D0KsQSOrGA=","carabid","SELPLA","Selenophorus planipennis","species",,"LeConte",,3,"Other","Ji4OKY0Opajnq0SAWKqACItMAkkkfnH7","Ji4OKY0Opajnq0SAWKqACItMAkkkfnH7",
"a4642098-0d8d-4c3e-ad67-90471149ff36","CPER_003.basePlot.bet","D10","CPER","CPER_003","W","2015-06-04","2015-06-18","2015-06-19","2016-01-12","2016-01-13","CPER_003.W.20150618","omCPNZnkoGQh5yGE1cNhpnNJw34a/mxzIcdGlPNR2Ig=","carabid","PASELO","Pasimachus elongatus","species",,"LeConte",,1,"Other","Ji4OKY0Opajnq0SAWKqACItMAkkkfnH7","Ji4OKY0Opajnq0SAWKqACItMAkkkfnH7",
"31e2c7b6-756f-4400-a9da-78134c026cb2","CPER_008.basePlot.bet","D10","CPER","CPER_008","W","2015-06-04","2015-06-18","2015-06-19","2016-01-12","2016-01-15","CPER_008.W.20150618","kqngcYlCVJ6rAH0hVTosp47A8koS4nl+Qi/D2bny31g=","carabid","DISPAR1","Discoderus parallelus","species",,"Haldeman",,2,"Other","Ji4OKY0Opajnq0SAWKqACItMAkkkfnH7","Ji4OKY0Opajnq0SAWKqACItMAkkkfnH7",
"dd6d2ed8-0a3d-4500-bfbb-aca526752d2e","CPER_002.basePlot.bet","D10","CPER","CPER_002","W","2015-06-04","2015-06-18","2015-06-19","2016-01-12","2016-01-12","CPER_002.W.20150618","OMNGlFKVPvSke4TwWW62gDEmyr4ZNhv3mg3+n/GBJK0=","carabid","DISPAR1","Discoderus parallelus","species",,"Haldeman",,15,"Other","Ji4OKY0Opajnq0SAWKqACItMAkkkfnH7","Ji4OKY0Opajnq0SAWKqACItMAkkkfnH7",
"9938be21-0829-4875-a736-679020807716","CPER_005.basePlot.bet","D10","CPER","CPER_005","W","2015-06-04","2015-06-18","2015-06-19","2016-01-12","2016-01-13","CPER_005.W.20150618","e1AKewEwvnG0Zqgtbp7iy/X1vq9F9Tdh8hRGoxxvPr4=","carabid","MICLIN2","Microlestes linearis","species",,"LeConte",,1,"Other","Ji4OKY0Opajnq0SAWKqACItMAkkkfnH7","Ji4OKY0Opajnq0SAWKqACItMAkkkfnH7",
"ca414499-d110-4180-b925-066ff87244e0","CPER_003.basePlot.bet","D10","CPER","CPER_003","W","2015-06-04","2015-06-18","2015-06-19","2016-01-12","2016-01-13","CPER_003.W.20150618","omCPNZnkoGQh5yGE1cNhpvfl4LOxlZ7Arq4ArzHb1PY=","carabid","SELPLA","Selenophorus planipennis","species",,"LeConte",,1,"Other","Ji4OKY0Opajnq0SAWKqACItMAkkkfnH7","Ji4OKY0Opajnq0SAWKqACItMAkkkfnH7",
"b5f2ecc9-386c-449c-a947-e37ea4d3537d","CPER_002.basePlot.bet","D10","CPER","CPER_002","W","2015-06-04","2015-06-18","2015-06-19","2016-01-12","2016-01-12","CPER_002.W.20150618","OMNGlFKVPvSke4TwWW62gNxlWxT1HjsHlyHA7yxPno8=","carabid","PASELO","Pasimachus elongatus","species",,"LeConte",,3,"Other","Ji4OKY0Opajnq0SAWKqACItMAkkkfnH7","Ji4OKY0Opajnq0SAWKqACItMAkkkfnH7",
"36fef74c-ff96-4f5c-8a30-93b1819713f0","CPER_006.basePlot.bet","D10","CPER","CPER_006","W","2015-06-04","2015-06-18","2015-06-19","2016-01-12","2016-01-15","CPER_006.W.20150618","NHMCrMp+/ZWvcQ7swpkZ6gGEhaqidmQsxkhv9ewEI+s=","carabid","DISPAR1","Discoderus parallelus","species",,"Haldeman",,20,"Other","Ji4OKY0Opajnq0SAWKqACItMAkkkfnH7","Ji4OKY0Opajnq0SAWKqACItMAkkkfnH7",
"a6862a85-4a6d-417a-adfd-91b18db6c823","CPER_010.basePlot.bet","D10","CPER","CPER_010","W","2015-06-04","2015-06-18","2015-06-19","2016-01-12","2016-01-15","CPER_010.W.20150618","DW9ihRbrMtmWU27buLbOiJ+DvBp2haaMm3psaAM1alA=","carabid","PASELO","Pasimachus elongatus","species",,"LeConte",,1,"Other","Ji4OKY0Opajnq0SAWKqACItMAkkkfnH7","Ji4OKY0Opajnq0SAWKqACItMAkkkfnH7",
"c7dc7cf7-698b-4457-9695-ea6e38986272","CPER_001.basePlot.bet","D10","CPER","CPER_001","W","2015-06-04","2015-06-18","2015-06-19","2016-01-12","2016-01-12","CPER_001.W.20150618","BEtTVHT1LvHVoR0nG+zcLeBnUlEfXXqZc+v/jLIE+KQ=","carabid","PASELO","Pasimachus elongatus","species",,"LeConte",,2,"Other","Ji4OKY0Opajnq0SAWKqACItMAkkkfnH7","Ji4OKY0Opajnq0SAWKqACItMAkkkfnH7",
"ced0d5f1-1a29-418d-baec-f5311ae0558e","CPER_005.basePlot.bet","D10","CPER","CPER_005","W","2015-06-04","2015-06-18","2015-06-19","2016-01-12","2016-01-13","CPER_005.W.20150618","e1AKewEwvnG0Zqgtbp7iy+QxuCUFeg26sab2BZT9xQ4=","carabid","SELPLA","Selenophorus planipennis","species",,"LeConte",,1,"Other","Ji4OKY0Opajnq0SAWKqACItMAkkkfnH7","Ji4OKY0Opajnq0SAWKqACItMAkkkfnH7",
"9c4cf3d9-1483-4f34-bdac-868d3884627d","CPER_009.basePlot.bet","D10","CPER","CPER_009","W","2015-06-04","2015-06-18","2015-06-19","2016-01-12","2016-01-15","CPER_009.W.20150618","KY+Aed9dLRvk/HsTskDdm66DMajyemdoXlD4D8Kp+D8=","carabid","DISPAR1","Discoderus parallelus","species",,"Haldeman",,1,"Other","Ji4OKY0Opajnq0SAWKqACItMAkkkfnH7","Ji4OKY0Opajnq0SAWKqACItMAkkkfnH7",
"7634b638-6eeb-438a-9c15-377db2c089ad","CPER_006.basePlot.bet","D10","CPER","CPER_006","W","2015-06-04","2015-06-18","2015-06-19","2016-01-12","2016-01-15","CPER_006.W.20150618","NHMCrMp+/ZWvcQ7swpkZ6sg9wjzH0s2vXRrF6nHnxkU=","carabid","SELPLA","Selenophorus planipennis","species",,"LeConte",,11,"Other","Ji4OKY0Opajnq0SAWKqACItMAkkkfnH7","Ji4OKY0Opajnq0SAWKqACItMAkkkfnH7",
"775b904a-ba11-4e09-b9ec-84626ccf60e8","CPER_006.basePlot.bet","D10","CPER","CPER_006","W","2015-06-04","2015-06-18","2015-06-19","2016-01-12","2016-01-15","CPER_006.W.20150618","NHMCrMp+/ZWvcQ7swpkZ6mFl/TuvGga+O262qYnitpc=","carabid","AMACON3","Amara convexa","species",,"LeConte",,1,"Other","Ji4OKY0Opajnq0SAWKqACItMAkkkfnH7","Ji4OKY0Opajnq0SAWKqACItMAkkkfnH7",
"0e7e2e0c-439f-4ac8-9ee5-de204a252af7","CPER_002.basePlot.bet","D10","CPER","CPER_002","W","2015-06-04","2015-06-18","2015-06-19","2016-01-12","2016-01-12","CPER_002.W.20150618","OMNGlFKVPvSke4TwWW62gDq/sdc1y0Ve0N+pf8JPfXk=","carabid","SELPLA","Selenophorus planipennis","species",,"LeConte",,13,"Other","Ji4OKY0Opajnq0SAWKqACItMAkkkfnH7","Ji4OKY0Opajnq0SAWKqACItMAkkkfnH7",
"02fbd432-a811-4b54-9b5d-ce19c30cef01","CPER_004.basePlot.bet","D10","CPER","CPER_004","W","2015-06-04","2015-06-18","2015-06-19","2015-08-05",,"CPER_004.W.20150618","eSCyThC0ZO58b8njHd7So+IWBCYppPekFZM3PeVkuuU=","invert bycatch",,,,,,,,,,"vKzFUD/FLv06QncsDCAnFTeEhgjR2y/f",
"0482c074-6b45-42ac-9d7d-23903df5fbf3","CPER_003.basePlot.bet","D10","CPER","CPER_003","W","2015-06-04","2015-06-18","2015-06-19","2015-08-04",,"CPER_003.W.20150618","omCPNZnkoGQh5yGE1cNhpiC3M/7DlqEbRl0Ruw8S6gs=","invert bycatch",,,,,,,,,,"vKzFUD/FLv06QncsDCAnFTeEhgjR2y/f",
"7d0819f9-4c45-4c6b-80bc-1b5696262cb1","CPER_002.basePlot.bet","D10","CPER","CPER_002","W","2015-06-04","2015-06-18","2015-06-19","2015-08-04",,"CPER_002.W.20150618","OMNGlFKVPvSke4TwWW62gOWuTYjLZoj+ev540SFDk7A=","invert bycatch",,,,,,,,,,"vKzFUD/FLv06QncsDCAnFTeEhgjR2y/f",
"b7601f3b-3537-4db3-b88f-574c1ad7b5aa","CPER_008.basePlot.bet","D10","CPER","CPER_008","W","2015-06-04","2015-06-18","2015-06-19","2015-08-10",,"CPER_008.W.20150618","kqngcYlCVJ6rAH0hVTospw3ft5PrBmu0LYVsG+M+0N0=","invert bycatch",,,,,,,,,,"vKzFUD/FLv06QncsDCAnFTeEhgjR2y/f",
"2e98642c-639f-49c5-8d84-f2ddb217b219","CPER_001.basePlot.bet","D10","CPER","CPER_001","W","2015-06-04","2015-06-18","2015-06-19","2015-08-04",,"CPER_001.W.20150618","BEtTVHT1LvHVoR0nG+zcLYaHKo7BiTAp8CWdeR6FYvg=","invert bycatch",,,,,,,,,,"vKzFUD/FLv06QncsDCAnFTeEhgjR2y/f",
"9657c210-0cb6-45a2-8b38-8b13c988cea1","CPER_005.basePlot.bet","D10","CPER","CPER_005","W","2015-06-04","2015-06-18","2015-06-19","2015-08-06",,"CPER_005.W.20150618","e1AKewEwvnG0Zqgtbp7iy8eooUPZc7PdrqH3x6Wy/P4=","invert bycatch",,,,,,,,,,"vKzFUD/FLv06QncsDCAnFTeEhgjR2y/f",
"de7ed862-86bf-4c85-818b-d729f9e2d668","CPER_006.basePlot.bet","D10","CPER","CPER_006","W","2015-06-04","2015-06-18","2015-06-19","2015-08-24",,"CPER_006.W.20150618","NHMCrMp+/ZWvcQ7swpkZ6lonfQE4gBNFuwIGwGCeEFg=","invert bycatch",,,,,,,,,,"ogjyrGrm3ZwJtEIV6g3OdQaEOdluA3eH",
"03c9d585-41c1-4c1a-b829-6e7d1cdbfa59","CPER_007.basePlot.bet","D10","CPER","CPER_007","W","2015-06-04","2015-06-18","2015-06-19","2015-08-07",,"CPER_007.W.20150618","SOIi55Lib0Ju7If06Vz7wzYsq3di7urHXLrQD8+95aI=","invert bycatch",,,,,,,,,,"vKzFUD/FLv06QncsDCAnFTeEhgjR2y/f",
"0cc3aa08-c5d8-4592-923f-da95e5cd4504","CPER_009.basePlot.bet","D10","CPER","CPER_009","W","2015-06-04","2015-06-18","2015-06-19","2015-08-12",,"CPER_009.W.20150618","KY+Aed9dLRvk/HsTskDdm4QBf+5xHC2Wz8iOwzxBtaE=","invert bycatch",,,,,,,,,,"vKzFUD/FLv06QncsDCAnFTeEhgjR2y/f",
