uid,namedLocation,domainID,siteID,plotID,trapID,setDate,collectDate,processingDate,etOHChangeDate,identifiedDate,sampleID,subsampleID,sampleType,taxonID,scientificName,taxonRank,identificationQualifier,scientificNameAuthorship,morphospeciesID,individualCount,identificationReferences,identifiedBy,recordedBy,remarks
"42d7721a-3f82-4bbd-8528-9e8d27c3d546","STEI_007.basePlot.bet","D05","STEI","STEI_007","E","2016-05-25","2016-06-08","2016-06-09","2016-12-29","2016-12-29","STEI_007.E.20160608","uTVelW27vZTi3ilPGeGJk0yYVVpYbYf8IUy48sFkUlk=","carabid","CALFRI","Calosoma frigidum","species",,"Kirby",,1,"Bousquet, Y. 2010b. Illustrated Identification Guide to Adults and Larvae of Northeastern North American Ground Beetles (Coleoptera: Carabidae). 1st Ed. Pensoft Publishers, Sofia, Bulgaria.","Syw2LXB/pj+fmGCuwdgBGVryVUmYhw3g","Syw2LXB/pj+fmGCuwdgBGVryVUmYhw3g",
"02fd7bdf-4a03-4071-838b-a4be413e9463","STEI_007.basePlot.bet","D05","STEI","STEI_007","N","2016-05-25","2016-06-08","2016-06-09","2016-12-29","2016-12-29","STEI_007.N.20160608","uTVelW27vZTKV6isdmEr2AW7Q1Q1ezYjLKkf57HFp0M=","carabid","PTEPEN","Pterostichus pensylvanicus","species",,"LeConte",,2,"Bousquet, Y. 2010b. Illustrated Identification Guide to Adults and Larvae of Northeastern North American Ground Beetles (Coleoptera: Carabidae). 1st Ed. Pensoft Publishers, Sofia, Bulgaria.","Syw2LXB/pj+fmGCuwdgBGVryVUmYhw3g","Syw2LXB/pj+fmGCuwdgBGVryVUmYhw3g","both specimens in poor condition"
"12b5f452-196d-4f4c-bfd9-f0e67763e425","STEI_007.basePlot.bet","D05","STEI","STEI_007","N","2016-05-25","2016-06-08","2016-06-09","2016-12-29","2016-12-29","STEI_007.N.20160608","uTVelW27vZTKV6isdmEr2HThBtndY9pXFsvIXiB6xHc=","carabid","CALFRI","Calosoma frigidum","species",,"Kirby",,1,"Bousquet, Y. 2010b. Illustrated Identification Guide to Adults and Larvae of Northeastern North American Ground Beetles (Coleoptera: Carabidae). 1st Ed. Pensoft Publishers, Sofia, Bulgaria.","Syw2LXB/pj+fmGCuwdgBGVryVUmYhw3g","Syw2LXB/pj+fmGCuwdgBGVryVUmYhw3g",
"e8625bbf-a975-4b7a-9310-2a1d71a05224","STEI_007.basePlot.bet","D05","STEI","STEI_007","W","2016-05-25","2016-06-08","2016-06-09","2016-12-29","2016-12-29","STEI_007.W.20160608","uTVelW27vZQBtKBC6fiX8A94/SGuaFYp7EYdeOsBdg8=","carabid","SPHSTE1","Sphaeroderus stenostomus lecontei","subspecies",,"Dejean",,1,"Lindroth, C. H. 1969. The ground-beetles (Carabidae, excl. Cicindelinae) of Canada and Alaska, parts 1-6. Opuscula E. Entomoligiska Sallskapet.","Syw2LXB/pj+fmGCuwdgBGVryVUmYhw3g","Syw2LXB/pj+fmGCuwdgBGVryVUmYhw3g",
"5d169ad7-ccff-4b60-89f6-1c031a4dafbb","STEI_007.basePlot.bet","D05","STEI","STEI_007","W","2016-05-25","2016-06-08","2016-06-09","2016-12-29","2016-12-29","STEI_007.W.20160608","uTVelW27vZQBtKBC6fiX8I8L86fj5V3FMpcGLiM+b+g=","carabid","PTECOR1","Pterostichus coracinus","species","cf. species","Newman",,1,"Bousquet, Y. 2010b. Illustrated Identification Guide to Adults and Larvae of Northeastern North American Ground Beetles (Coleoptera: Carabidae). 1st Ed. Pensoft Publishers, Sofia, Bulgaria.","Syw2LXB/pj+fmGCuwdgBGVryVUmYhw3g","Syw2LXB/pj+fmGCuwdgBGVryVUmYhw3g",
"97ec6816-de04-46d4-b1a0-923370fc7849","STEI_007.basePlot.bet","D05","STEI","STEI_007","E","2016-05-25","2016-06-08","2016-06-09","2016-12-29","2016-12-29","STEI_007.E.20160608","uTVelW27vZTi3ilPGeGJk8orr90tjKk6+IBHUloJGZ4=","carabid","SPHSTE1","Sphaeroderus stenostomus lecontei","subspecies",,"Dejean",,1,"Lindroth, C. H. 1969. The ground-beetles (Carabidae, excl. Cicindelinae) of Canada and Alaska, parts 1-6. Opuscula E. Entomoligiska Sallskapet.","Syw2LXB/pj+fmGCuwdgBGVryVUmYhw3g","Syw2LXB/pj+fmGCuwdgBGVryVUmYhw3g",
"76ff118b-67f1-4391-94de-0bd338267e42","STEI_002.basePlot.bet","D05","STEI","STEI_002","W","2016-05-25","2016-06-08","2016-06-09","2016-12-29","2016-12-29","STEI_002.W.20160608","aZO6SdKsrByEH1pUhL0qFHvLJPVhOg1o+ad3vSsSD8I=","carabid","HARSOM","Harpalus somnulentus","species","cf. species","Dejean",,1,"Bousquet, Y. 2010b. Illustrated Identification Guide to Adults and Larvae of Northeastern North American Ground Beetles (Coleoptera: Carabidae). 1st Ed. Pensoft Publishers, Sofia, Bulgaria.","Syw2LXB/pj+fmGCuwdgBGVryVUmYhw3g","Syw2LXB/pj+fmGCuwdgBGVryVUmYhw3g",
"aa0037b5-e74c-4a8a-b5de-4acf66f84b7e","STEI_007.basePlot.bet","D05","STEI","STEI_007","E","2016-05-25","2016-06-08","2016-06-09","2016-12-29","2016-12-29","STEI_007.E.20160608","uTVelW27vZTi3ilPGeGJkzhc8Kr2wkDuHHLZRZIth60=","carabid","CARNEM","Carabus nemoralis nemoralis","subspecies",,"Mueller",,1,"Lindroth, C. H. 1969. The ground-beetles (Carabidae, excl. Cicindelinae) of Canada and Alaska, parts 1-6. Opuscula E. Entomoligiska Sallskapet.","Syw2LXB/pj+fmGCuwdgBGVryVUmYhw3g","Syw2LXB/pj+fmGCuwdgBGVryVUmYhw3g",
"f8a8a1ed-8537-4989-8dab-fe550db385b9","STEI_022.basePlot.bet","D05","STEI","STEI_022","E","2016-05-25","2016-06-08","2016-06-09","2016-12-29","2016-12-29","STEI_022.E.20160608","HE/LDGsDHdpNgBxZGwTPUryVR0BSP50eo7djIwTrNaA=","carabid","PLADEC","Platynus decentis","species",,"Say",,2,"Lindroth, C. H. 1969. The ground-beetles (Carabidae, excl. Cicindelinae) of Canada and Alaska, parts 1-6. Opuscula E. Entomoligiska Sallskapet.","Syw2LXB/pj+fmGCuwdgBGVryVUmYhw3g","Syw2LXB/pj+fmGCuwdgBGVryVUmYhw3g",
"882ac4fc-7d7b-4a54-8704-c16da74e39e3","STEI_002.basePlot.bet","D05","STEI","STEI_002","W","2016-05-25","2016-06-08","2016-06-09","2016-12-29","2016-12-29","STEI_002.W.20160608","aZO6SdKsrByEH1pUhL0qFGEHs0lzVDnQ8I0L6b0FU34=","carabid","PTENOV","Pterostichus novus","species","cf. species","Straneo",,1,"Bousquet, Y. 2010b. Illustrated Identification Guide to Adults and Larvae of Northeastern North American Ground Beetles (Coleoptera: Carabidae). 1st Ed. Pensoft Publishers, Sofia, Bulgaria.","Syw2LXB/pj+fmGCuwdgBGVryVUmYhw3g","Syw2LXB/pj+fmGCuwdgBGVryVUmYhw3g","Could be PTECOR1"
"360a9d73-b476-4d91-a83c-affde9301093","STEI_022.basePlot.bet","D05","STEI","STEI_022","N","2016-05-25","2016-06-08","2016-06-09","2016-12-29","2016-12-29","STEI_022.N.20160608","HE/LDGsDHdpuk3an/9fNUnz/AqIyrG81Tap1jpeIFEY=","carabid","AGOPAL2","Agonum palustre","species","cf. species","Goulet",,1,"Bousquet, Y. 2010b. Illustrated Identification Guide to Adults and Larvae of Northeastern North American Ground Beetles (Coleoptera: Carabidae). 1st Ed. Pensoft Publishers, Sofia, Bulgaria.","Syw2LXB/pj+fmGCuwdgBGVryVUmYhw3g","Syw2LXB/pj+fmGCuwdgBGVryVUmYhw3g",
"1f9bb57d-f987-4ac6-a0b0-63d270124e80","STEI_022.basePlot.bet","D05","STEI","STEI_022","W","2016-05-25","2016-06-08","2016-06-09","2016-12-29","2016-12-29","STEI_022.W.20160608","HE/LDGsDHdomC6tqEr4f/mlji5b9W3340ZvQqkQvN5w=","carabid","AGOTRI","Agonum trigeminum","species","cf. species","Lindroth",,1,"Lindroth, C. H. 1969. The ground-beetles (Carabidae, excl. Cicindelinae) of Canada and Alaska, parts 1-6. Opuscula E. Entomoligiska Sallskapet.","Syw2LXB/pj+fmGCuwdgBGVryVUmYhw3g","Syw2LXB/pj+fmGCuwdgBGVryVUmYhw3g","could be AGOFID"
"7ac9810e-9cbf-45ad-b441-ebfacdc7b663","STEI_022.basePlot.bet","D05","STEI","STEI_022","E","2016-05-25","2016-06-08","2016-06-09","2016-12-29","2016-12-29","STEI_022.E.20160608","HE/LDGsDHdpNgBxZGwTPUuhroT4mlov/NRiqnnNeZO8=","carabid","AGOTRI","Agonum trigeminum","species","cf. species","Lindroth",,2,"Lindroth, C. H. 1969. The ground-beetles (Carabidae, excl. Cicindelinae) of Canada and Alaska, parts 1-6. Opuscula E. Entomoligiska Sallskapet.","Syw2LXB/pj+fmGCuwdgBGVryVUmYhw3g","Syw2LXB/pj+fmGCuwdgBGVryVUmYhw3g","Could be AGOFID"
"6afc1aa5-bc49-4811-8cc1-611f36ffaeec","STEI_022.basePlot.bet","D05","STEI","STEI_022","E","2016-05-25","2016-06-08","2016-06-09","2016-12-29","2016-12-29","STEI_022.E.20160608","HE/LDGsDHdpNgBxZGwTPUl7TbjrPkClqPMHUbvHlK0g=","carabid","AGOGRA","Agonum gratiosum","species",,"Mannerheim",,2,"Bousquet, Y. 2010b. Illustrated Identification Guide to Adults and Larvae of Northeastern North American Ground Beetles (Coleoptera: Carabidae). 1st Ed. Pensoft Publishers, Sofia, Bulgaria.","Syw2LXB/pj+fmGCuwdgBGVryVUmYhw3g","Syw2LXB/pj+fmGCuwdgBGVryVUmYhw3g",
"2f0a4a06-0f48-4cfc-a645-10c383c4771f","STEI_022.basePlot.bet","D05","STEI","STEI_022","E","2016-05-25","2016-06-08","2016-06-09","2016-12-29","2016-12-29","STEI_022.E.20160608","HE/LDGsDHdpNgBxZGwTPUshg226Pyk6icxEkKaWY+zo=","carabid","ELACLA","Elaphrus clairvillei","species",,"Kirby",,1,"Bousquet, Y. 2010b. Illustrated Identification Guide to Adults and Larvae of Northeastern North American Ground Beetles (Coleoptera: Carabidae). 1st Ed. Pensoft Publishers, Sofia, Bulgaria.","Syw2LXB/pj+fmGCuwdgBGVryVUmYhw3g","Syw2LXB/pj+fmGCuwdgBGVryVUmYhw3g",
"54fd3a57-482c-49bc-8e25-507cf97edc38","STEI_003.basePlot.bet","D05","STEI","STEI_003","N","2016-05-25","2016-06-08","2016-06-09","2016-12-29","2016-12-29","STEI_003.N.20160608","DWUoTzNcbNm732Py3QBe5+9wuMpi3XSdNFOlf0PvWXE=","carabid","PLADEC","Platynus decentis","species",,"Say",,1,"Lindroth, C. H. 1969. The ground-beetles (Carabidae, excl. Cicindelinae) of Canada and Alaska, parts 1-6. Opuscula E. Entomoligiska Sallskapet.","Syw2LXB/pj+fmGCuwdgBGVryVUmYhw3g","Syw2LXB/pj+fmGCuwdgBGVryVUmYhw3g",
"6a8aa2fd-e547-444c-a553-b5429c44352a","STEI_004.basePlot.bet","D05","STEI","STEI_004","N","2016-05-25","2016-06-08","2016-06-09","2016-12-29","2016-12-29","STEI_004.N.20160608","kIMktcbzaDc3IGgVHfc16YKRZUb8DEo6vmFUSi6txsI=","carabid","PTEMEL","Pterostichus melanarius melanarius","subspecies",,"Illiger",,1,"Lindroth, C. H. 1969. The ground-beetles (Carabidae, excl. Cicindelinae) of Canada and Alaska, parts 1-6. Opuscula E. Entomoligiska Sallskapet.","Syw2LXB/pj+fmGCuwdgBGVryVUmYhw3g","Syw2LXB/pj+fmGCuwdgBGVryVUmYhw3g",
"a3df8998-5d02-4d2a-8956-aa19458d04ae","STEI_006.basePlot.bet","D05","STEI","STEI_006","E","2016-05-25","2016-06-08","2016-06-09","2016-12-29","2016-12-29","STEI_006.E.20160608","FSczGbn18rQcL8FcUivsPQMWj9/kZgq+0V9hr4rS60s=","carabid","PTEPEN","Pterostichus pensylvanicus","species",,"LeConte",,1,"Bousquet, Y. 2010b. Illustrated Identification Guide to Adults and Larvae of Northeastern North American Ground Beetles (Coleoptera: Carabidae). 1st Ed. Pensoft Publishers, Sofia, Bulgaria.","Syw2LXB/pj+fmGCuwdgBGVryVUmYhw3g","Syw2LXB/pj+fmGCuwdgBGVryVUmYhw3g",
"3a43c840-8b23-48ce-9023-d88777a1bc6e","STEI_006.basePlot.bet","D05","STEI","STEI_006","S","2016-05-25","2016-06-08","2016-06-09","2016-12-29","2016-12-29","STEI_006.S.20160608","FSczGbn18rQqSGNc1WPNbaD7hM5nElorxj14R15c32Y=","carabid","PLADEC","Platynus decentis","species",,"Say",,1,"Lindroth, C. H. 1969. The ground-beetles (Carabidae, excl. Cicindelinae) of Canada and Alaska, parts 1-6. Opuscula E. Entomoligiska Sallskapet.","Syw2LXB/pj+fmGCuwdgBGVryVUmYhw3g","Syw2LXB/pj+fmGCuwdgBGVryVUmYhw3g",
"c8d9583f-6c66-4f67-a1aa-b06e62c90d4e","STEI_009.basePlot.bet","D05","STEI","STEI_009","E","2016-05-25","2016-06-08","2016-06-09","2016-12-29","2016-12-29","STEI_009.E.20160608","IGPPmzEoPod7z9dNRjRz4Gn++ftKtP9L/78lTlW3j8s=","carabid","PLADEC","Platynus decentis","species",,"Say",,1,"Lindroth, C. H. 1969. The ground-beetles (Carabidae, excl. Cicindelinae) of Canada and Alaska, parts 1-6. Opuscula E. Entomoligiska Sallskapet.","Syw2LXB/pj+fmGCuwdgBGVryVUmYhw3g","Syw2LXB/pj+fmGCuwdgBGVryVUmYhw3g",
"fc112a0c-8655-42da-b521-0405975f8166","STEI_009.basePlot.bet","D05","STEI","STEI_009","N","2016-05-25","2016-06-08","2016-06-09","2016-12-29","2016-12-29","STEI_009.N.20160608","IGPPmzEoPofheTAdCJuKAux6vPJ4s6nvFaS2H9zH04Y=","carabid","PLADEC","Platynus decentis","species",,"Say",,2,"Lindroth, C. H. 1969. The ground-beetles (Carabidae, excl. Cicindelinae) of Canada and Alaska, parts 1-6. Opuscula E. Entomoligiska Sallskapet.","Syw2LXB/pj+fmGCuwdgBGVryVUmYhw3g","Syw2LXB/pj+fmGCuwdgBGVryVUmYhw3g",
"e2b6c8ae-4ea6-497b-859f-8b72a5bdc8ba","STEI_006.basePlot.bet","D05","STEI","STEI_006","W","2016-05-25","2016-06-08","2016-06-09","2016-12-29","2016-12-29","STEI_006.W.20160608","FSczGbn18rRAkaT8EQXi6Ed0vv+BcsLK3PE98sDryJ0=","carabid","PLADEC","Platynus decentis","species",,"Say",,2,"Lindroth, C. H. 1969. The ground-beetles (Carabidae, excl. Cicindelinae) of Canada and Alaska, parts 1-6. Opuscula E. Entomoligiska Sallskapet.","Syw2LXB/pj+fmGCuwdgBGVryVUmYhw3g","Syw2LXB/pj+fmGCuwdgBGVryVUmYhw3g",
"1be7efce-1034-4e7f-a5a4-e9d8d3e7a59e","STEI_006.basePlot.bet","D05","STEI","STEI_006","N","2016-05-25","2016-06-08","2016-06-09","2016-12-29","2016-12-29","STEI_006.N.20160608","FSczGbn18rTm32UHUBE++Ff8EXjbPNLcQ0zQsBk65S0=","carabid","PLADEC","Platynus decentis","species",,"Say",,1,"Lindroth, C. H. 1969. The ground-beetles (Carabidae, excl. Cicindelinae) of Canada and Alaska, parts 1-6. Opuscula E. Entomoligiska Sallskapet.","Syw2LXB/pj+fmGCuwdgBGVryVUmYhw3g","Syw2LXB/pj+fmGCuwdgBGVryVUmYhw3g",
"9547f82d-d29a-40ed-9d39-d4afdb0be86f","STEI_005.basePlot.bet","D05","STEI","STEI_005","E","2016-05-25","2016-06-08","2016-06-09","2016-12-29","2016-12-29","STEI_005.E.20160608","qriLSsXGHEw5q2vR9+MXLxsMWIIs2QiOuWCZNfVjEyY=","carabid","PLADEC","Platynus decentis","species",,"Say",,1,"Lindroth, C. H. 1969. The ground-beetles (Carabidae, excl. Cicindelinae) of Canada and Alaska, parts 1-6. Opuscula E. Entomoligiska Sallskapet.","Syw2LXB/pj+fmGCuwdgBGVryVUmYhw3g","Syw2LXB/pj+fmGCuwdgBGVryVUmYhw3g",
"10a2d82f-537d-453f-ac01-eb57783363c5","STEI_006.basePlot.bet","D05","STEI","STEI_006","N","2016-05-25","2016-06-08","2016-06-09","2016-12-29","2016-12-29","STEI_006.N.20160608","FSczGbn18rTm32UHUBE++LasreDAbCiyWPhSkDNJ70k=","carabid","CALFRI","Calosoma frigidum","species",,"Kirby",,1,"Bousquet, Y. 2010b. Illustrated Identification Guide to Adults and Larvae of Northeastern North American Ground Beetles (Coleoptera: Carabidae). 1st Ed. Pensoft Publishers, Sofia, Bulgaria.","Syw2LXB/pj+fmGCuwdgBGVryVUmYhw3g","Syw2LXB/pj+fmGCuwdgBGVryVUmYhw3g",
"9e0f55b8-9e5c-4c55-a9a1-898cdba337e2","STEI_008.basePlot.bet","D05","STEI","STEI_008","N","2016-05-25","2016-06-08","2016-06-09","2016-12-29","2016-12-29","STEI_008.N.20160608","RJLsXNaoVcvXZPjWmQh+XjH+5gurjDuMepX2GL+H8cM=","carabid","PTECOR1","Pterostichus coracinus","species",,"Newman",,1,"Bousquet, Y. 2010b. Illustrated Identification Guide to Adults and Larvae of Northeastern North American Ground Beetles (Coleoptera: Carabidae). 1st Ed. Pensoft Publishers, Sofia, Bulgaria.","Syw2LXB/pj+fmGCuwdgBGVryVUmYhw3g","Syw2LXB/pj+fmGCuwdgBGVryVUmYhw3g",
"e6fcab05-cfbe-4133-b0d6-7e8d9e4409e6","STEI_008.basePlot.bet","D05","STEI","STEI_008","S","2016-05-25","2016-06-08","2016-06-09","2016-12-29","2016-12-29","STEI_008.S.20160608","RJLsXNaoVcsrVfPfPw4agMDnPLpXYxuFi4Bmd9SwMwA=","carabid","PTEPEN","Pterostichus pensylvanicus","species","cf. species","LeConte",,1,"Bousquet, Y. 2010b. Illustrated Identification Guide to Adults and Larvae of Northeastern North American Ground Beetles (Coleoptera: Carabidae). 1st Ed. Pensoft Publishers, Sofia, Bulgaria.","Syw2LXB/pj+fmGCuwdgBGVryVUmYhw3g","Syw2LXB/pj+fmGCuwdgBGVryVUmYhw3g","specimen in poor condition; could be PTEADS"
"6441aafe-1e43-4317-b9f3-af88092681f0","STEI_001.basePlot.bet","D05","STEI","STEI_001","N","2016-05-25","2016-06-08","2016-06-09","2016-12-29","2016-12-29","STEI_001.N.20160608","7JlQSbZIlXgM1rTZEZxYtnq4oV02EH0j9jNwUv124Sg=","carabid","PLADEC","Platynus decentis","species",,"Say",,1,"Lindroth, C. H. 1969. The ground-beetles (Carabidae, excl. Cicindelinae) of Canada and Alaska, parts 1-6. Opuscula E. Entomoligiska Sallskapet.","Syw2LXB/pj+fmGCuwdgBGVryVUmYhw3g","Syw2LXB/pj+fmGCuwdgBGVryVUmYhw3g",
"6230080a-eaac-41a9-bd09-873daf1a9881","STEI_001.basePlot.bet","D05","STEI","STEI_001","N","2016-05-25","2016-06-08","2016-06-09","2016-12-29","2016-12-29","STEI_001.N.20160608","7JlQSbZIlXgM1rTZEZxYtpc5PS1JB129MXwh9YUjUd8=","carabid","PTEMEL","Pterostichus melanarius melanarius","subspecies",,"Illiger",,1,"Lindroth, C. H. 1969. The ground-beetles (Carabidae, excl. Cicindelinae) of Canada and Alaska, parts 1-6. Opuscula E. Entomoligiska Sallskapet.","Syw2LXB/pj+fmGCuwdgBGVryVUmYhw3g","Syw2LXB/pj+fmGCuwdgBGVryVUmYhw3g",
"f507225d-2284-4365-aa32-48132b5f5f4b","STEI_001.basePlot.bet","D05","STEI","STEI_001","S","2016-05-25","2016-06-08","2016-06-09","2016-12-29","2016-12-29","STEI_001.S.20160608","7JlQSbZIlXgQ/UyZ2eRQ3515WMEWSeoIe6cenbTNrHs=","carabid","PTENOV","Pterostichus novus","species",,"Straneo",,1,"Bousquet, Y. 2010b. Illustrated Identification Guide to Adults and Larvae of Northeastern North American Ground Beetles (Coleoptera: Carabidae). 1st Ed. Pensoft Publishers, Sofia, Bulgaria.","Syw2LXB/pj+fmGCuwdgBGVryVUmYhw3g","Syw2LXB/pj+fmGCuwdgBGVryVUmYhw3g",
"7c1066ba-b414-4bb9-9207-68e92d2b4237","STEI_001.basePlot.bet","D05","STEI","STEI_001","E","2016-05-25","2016-06-08","2016-06-09","2016-12-29","2016-12-29","STEI_001.E.20160608","7JlQSbZIlXh1BVK8EiU7DQ4oGuEUCkMt/tsVMMCi21E=","carabid","PLADEC","Platynus decentis","species",,"Say",,2,"Lindroth, C. H. 1969. The ground-beetles (Carabidae, excl. Cicindelinae) of Canada and Alaska, parts 1-6. Opuscula E. Entomoligiska Sallskapet.","Syw2LXB/pj+fmGCuwdgBGVryVUmYhw3g","Syw2LXB/pj+fmGCuwdgBGVryVUmYhw3g",
"8b21da24-c294-47d5-bc08-8f92d099d03a","STEI_002.basePlot.bet","D05","STEI","STEI_002","S","2016-05-25","2016-06-08","2016-06-09","2016-09-29",,"STEI_002.S.20160608","aZO6SdKsrBzq/4FlLz71y8ntZOCMEdozbtkxCMnPwOk=","invert bycatch",,,,,,,,,,"sLXn7wTHXoRJL4fX6U0RGoB8I5uaqWlh",
"9143ecb9-c83c-42c7-b046-e04c35e34ad5","STEI_002.basePlot.bet","D05","STEI","STEI_002","E","2016-05-25","2016-06-08","2016-06-09","2016-09-29",,"STEI_002.E.20160608","aZO6SdKsrBwGnXn9oNbJTrTkIarbj63jeJe1rU4kap4=","invert bycatch",,,,,,,,,,"sLXn7wTHXoRJL4fX6U0RGoB8I5uaqWlh",
"20258e18-d02c-49d4-b8a6-ff55d177ae93","STEI_002.basePlot.bet","D05","STEI","STEI_002","W","2016-05-25","2016-06-08","2016-06-09","2016-09-29",,"STEI_002.W.20160608","aZO6SdKsrByEH1pUhL0qFBggFzCKOmhoGBOI8jR4bcw=","invert bycatch",,,,,,,,,,"sLXn7wTHXoRJL4fX6U0RGoB8I5uaqWlh",
"449b7283-7d0f-4fd7-bcfe-3910bb9a0e35","STEI_006.basePlot.bet","D05","STEI","STEI_006","N","2016-05-25","2016-06-08","2016-06-09","2016-09-29",,"STEI_006.N.20160608","FSczGbn18rTm32UHUBE++EPO5/Ga/ExXH6gbwQzGkmk=","invert bycatch",,,,,,,,,,"sLXn7wTHXoRJL4fX6U0RGoB8I5uaqWlh",
"f2174654-e284-41d6-8479-5c7b53143c34","STEI_006.basePlot.bet","D05","STEI","STEI_006","W","2016-05-25","2016-06-08","2016-06-29","2016-09-29",,"STEI_006.W.20160608","FSczGbn18rRAkaT8EQXi6JzP4drk47MuC77p7aDJLqs=","invert bycatch",,,,,,,,,,"sLXn7wTHXoRJL4fX6U0RGoB8I5uaqWlh",
"ab4be0f0-7932-419d-812c-768e281761e6","STEI_006.basePlot.bet","D05","STEI","STEI_006","S","2016-05-25","2016-06-08","2016-06-09","2016-09-29",,"STEI_006.S.20160608","FSczGbn18rQqSGNc1WPNbcCl6WFGP6qn+yw/jiajqlM=","invert bycatch",,,,,,,,,,"sLXn7wTHXoRJL4fX6U0RGoB8I5uaqWlh",
"085f6333-44a8-4f97-b605-1a77a32c8752","STEI_006.basePlot.bet","D05","STEI","STEI_006","E","2016-05-25","2016-06-08","2016-06-09","2016-09-29",,"STEI_006.E.20160608","FSczGbn18rQcL8FcUivsPTgufwewacE2JqYAeISeOCc=","invert bycatch",,,,,,,,,,"sLXn7wTHXoRJL4fX6U0RGoB8I5uaqWlh",
"b9074924-bdf1-4b9e-bb90-39ec6d6163db","STEI_009.basePlot.bet","D05","STEI","STEI_009","E","2016-05-25","2016-06-08","2016-06-09","2016-09-29",,"STEI_009.E.20160608","IGPPmzEoPod7z9dNRjRz4FLsYNxRUQ7MFwN/TD9v4sM=","invert bycatch",,,,,,,,,,"sLXn7wTHXoRJL4fX6U0RGoB8I5uaqWlh",
"ac2370b8-95e8-48e8-8e14-0cb96b786d85","STEI_009.basePlot.bet","D05","STEI","STEI_009","W","2016-05-25","2016-06-08","2016-06-09","2016-09-29",,"STEI_009.W.20160608","IGPPmzEoPoe7qps3doIRpI5KofHm8Z2nHA+Gfm7/PN8=","invert bycatch",,,,,,,,,,"sLXn7wTHXoRJL4fX6U0RGoB8I5uaqWlh",
"8adf922e-b4ed-4b2b-a459-86b5f7a813d6","STEI_009.basePlot.bet","D05","STEI","STEI_009","S","2016-05-25","2016-06-08","2016-06-09","2016-09-29",,"STEI_009.S.20160608","IGPPmzEoPodBaaX865MVN2bjrKTm2dLHXsfwAS/Mheo=","invert bycatch",,,,,,,,,,"sLXn7wTHXoRJL4fX6U0RGoB8I5uaqWlh",
"b894323c-6ca0-4da7-96e9-393b2bbfe13d","STEI_004.basePlot.bet","D05","STEI","STEI_004","W","2016-05-25","2016-06-08","2016-06-09","2016-09-29",,"STEI_004.W.20160608","kIMktcbzaDcWTLi6dvbUL6E7lGsGm9Cn0P7TEmcGkQA=","invert bycatch",,,,,,,,,,"sLXn7wTHXoRJL4fX6U0RGoB8I5uaqWlh",
"098982ab-4a24-4916-b67b-c5c851dd9921","STEI_004.basePlot.bet","D05","STEI","STEI_004","N","2016-05-25","2016-06-08","2016-06-09","2016-09-29",,"STEI_004.N.20160608","kIMktcbzaDc3IGgVHfc16RucrRbswzrGNQXhNsTph48=","invert bycatch",,,,,,,,,,"sLXn7wTHXoRJL4fX6U0RGoB8I5uaqWlh",
"a8a4e8b8-e95f-4b6d-a07d-61a808d7cbbf","STEI_004.basePlot.bet","D05","STEI","STEI_004","E","2016-05-25","2016-06-08","2016-06-09","2016-09-29",,"STEI_004.E.20160608","kIMktcbzaDcaGGf/+BKTipq2DtlArmA2ILm9qCpdnnM=","invert bycatch",,,,,,,,,,"sLXn7wTHXoRJL4fX6U0RGoB8I5uaqWlh",
"c4e9722b-1cd9-4918-a23d-9e5dd8c062ab","STEI_002.basePlot.bet","D05","STEI","STEI_002","N","2016-05-25","2016-06-08","2016-06-09","2016-09-29",,"STEI_002.N.20160608","aZO6SdKsrBzL8uwoU6wq3uRsToBfpnXrZ2VcaiVAGNY=","invert bycatch",,,,,,,,,,"sLXn7wTHXoRJL4fX6U0RGoB8I5uaqWlh",
"b41ece7e-800c-4ad3-ba3e-e2bea1fa3a61","STEI_004.basePlot.bet","D05","STEI","STEI_004","S","2016-05-25","2016-06-08","2016-06-09","2016-09-29",,"STEI_004.S.20160608","kIMktcbzaDc/kh9AKnY4E4+ykkSpNCoSKBzi+l0h1dQ=","invert bycatch",,,,,,,,,,"MAXAhm4PtEAupHe/aywxTp3gf9bTs1Nx",
"b1247d4a-827d-4c6e-94c9-e5136dc5b9de","STEI_003.basePlot.bet","D05","STEI","STEI_003","E","2016-05-25","2016-06-08","2016-06-09","2016-09-29",,"STEI_003.E.20160608","DWUoTzNcbNnq1bYeJIny30RL2s3DI64Ezq+ydZMBsnY=","invert bycatch",,,,,,,,,,"sLXn7wTHXoRJL4fX6U0RGoB8I5uaqWlh",
"7c270d1d-a174-4297-8199-78a47bc9e277","STEI_003.basePlot.bet","D05","STEI","STEI_003","N","2016-05-25","2016-06-08","2016-06-09","2017-01-25",,"STEI_003.N.20160608","DWUoTzNcbNm732Py3QBe5xCx03/rh03Ijax6dpENCMA=","invert bycatch",,,,,,,,,,"sLXn7wTHXoRJL4fX6U0RGoB8I5uaqWlh",
"8aeacdae-9572-4291-bf26-85028dc4d579","STEI_003.basePlot.bet","D05","STEI","STEI_003","S","2016-05-25","2016-06-08","2016-06-09","2016-09-29",,"STEI_003.S.20160608","DWUoTzNcbNlSZ/QF+O+JspV3K9haXpLcbhDSEm6XbA8=","invert bycatch",,,,,,,,,,"sLXn7wTHXoRJL4fX6U0RGoB8I5uaqWlh",
"b6cb5604-bb59-473c-a239-10ef3f22a7a8","STEI_009.basePlot.bet","D05","STEI","STEI_009","N","2016-05-25","2016-06-08","2016-06-09","2016-09-29",,"STEI_009.N.20160608","IGPPmzEoPofheTAdCJuKAvF/rHXJ4ArALVV8Nuh2eOI=","invert bycatch",,,,,,,,,,"sLXn7wTHXoRJL4fX6U0RGoB8I5uaqWlh",
"85ba4f30-efd6-46d5-b234-df9d2437bc7e","STEI_001.basePlot.bet","D05","STEI","STEI_001","E","2016-05-25","2016-06-08","2016-06-09","2016-09-09",,"STEI_001.E.20160608","7JlQSbZIlXh1BVK8EiU7DV6dgOvmvoc9uuneSqhHnuc=","invert bycatch",,,,,,,,,,"sLXn7wTHXoRJL4fX6U0RGoB8I5uaqWlh",
"85e24968-c137-4441-991f-878858ab6720","STEI_005.basePlot.bet","D05","STEI","STEI_005","E","2016-05-25","2016-06-08","2016-06-09","2016-09-12",,"STEI_005.E.20160608","qriLSsXGHEw5q2vR9+MXL+NxTWaCua5Lo+Bn8s4AMC4=","invert bycatch",,,,,,,,,,"sLXn7wTHXoRJL4fX6U0RGoB8I5uaqWlh",
"0af4b93a-008a-4941-9bca-c70e8f669150","STEI_022.basePlot.bet","D05","STEI","STEI_022","E","2016-05-25","2016-06-08","2016-06-09","2016-09-12",,"STEI_022.E.20160608","HE/LDGsDHdpNgBxZGwTPUgK9baD6SG+eqO8NBE5Iyxs=","invert bycatch",,,,,,,,,,"sLXn7wTHXoRJL4fX6U0RGoB8I5uaqWlh",
"759ec30e-f31f-47ac-b2f1-b108dd5f7473","STEI_007.basePlot.bet","D05","STEI","STEI_007","E","2016-05-25","2016-06-08","2016-06-09","2016-09-09",,"STEI_007.E.20160608","uTVelW27vZTi3ilPGeGJk8/XqjrELsIGU711wZ/YWpA=","invert bycatch",,,,,,,,,,"sLXn7wTHXoRJL4fX6U0RGoB8I5uaqWlh",
"f38b29ce-01f6-449e-a310-bfa0405b17a3","STEI_008.basePlot.bet","D05","STEI","STEI_008","E","2016-05-25","2016-06-08","2016-06-09","2016-09-08",,"STEI_008.E.20160608","RJLsXNaoVcup43GUByjvT7jPCHKqb/27iBZ4yTHxnpA=","invert bycatch",,,,,,,,,,"sLXn7wTHXoRJL4fX6U0RGoB8I5uaqWlh",
"3e7d5174-5052-40af-8960-d8f735151279","STEI_022.basePlot.bet","D05","STEI","STEI_022","N","2016-05-25","2016-06-08","2016-06-09","2016-09-12","2016-09-12","STEI_022.N.20160608","HE/LDGsDHdpuk3an/9fNUp6UbJm98qHIv+ocShYYIRI=","vert bycatch herp","PSECRU","Pseudacris crucifer","species",,"Wied-Neuwied",,1,"Harding, J.H. 1997. Amphibians and reptiles of the Great Lakes Region. University of Michigan Press, Ann Arbor, MI.","sLXn7wTHXoRJL4fX6U0RGoB8I5uaqWlh","sLXn7wTHXoRJL4fX6U0RGoB8I5uaqWlh",
"9187d563-7487-4a4a-93c4-e434750e8398","STEI_007.basePlot.bet","D05","STEI","STEI_007","N","2016-05-25","2016-06-08","2016-06-09","2016-09-09",,"STEI_007.N.20160608","uTVelW27vZTKV6isdmEr2Lwvp46ofOUIVg8dIdQeu+M=","invert bycatch",,,,,,,,,,"sLXn7wTHXoRJL4fX6U0RGoB8I5uaqWlh",
"3070d6f1-4049-42b0-ada6-aedf00ad3767","STEI_001.basePlot.bet","D05","STEI","STEI_001","N","2016-05-25","2016-06-08","2016-06-09","2016-09-09",,"STEI_001.N.20160608","7JlQSbZIlXgM1rTZEZxYtsn9FLwv8PhmPRuXRzeYVSs=","invert bycatch",,,,,,,,,,"sLXn7wTHXoRJL4fX6U0RGoB8I5uaqWlh",
"24eed585-c986-455c-93d3-6e785d38937f","STEI_008.basePlot.bet","D05","STEI","STEI_008","N","2016-05-25","2016-06-08","2016-06-09","2016-09-08",,"STEI_008.N.20160608","RJLsXNaoVcvXZPjWmQh+XtZBOWjLZp05sxUsdNUaZXs=","invert bycatch",,,,,,,,,,"sLXn7wTHXoRJL4fX6U0RGoB8I5uaqWlh",
"bd70382d-0994-433f-b6eb-2d052cde95c1","STEI_005.basePlot.bet","D05","STEI","STEI_005","N","2016-05-25","2016-06-08","2016-06-09","2016-09-12",,"STEI_005.N.20160608","qriLSsXGHEyNX4DJwSWS/iniGmn05Ek5Z+yOdwl0xFQ=","invert bycatch",,,,,,,,,,"sLXn7wTHXoRJL4fX6U0RGoB8I5uaqWlh",
"2b26f1cf-b2d3-4b31-a07b-d5cd4d07046d","STEI_022.basePlot.bet","D05","STEI","STEI_022","N","2016-05-25","2016-06-08","2016-06-09","2016-09-12",,"STEI_022.N.20160608","HE/LDGsDHdpuk3an/9fNUglQB4zhKt22OlHzQ2Om0gI=","invert bycatch",,,,,,,,,,"sLXn7wTHXoRJL4fX6U0RGoB8I5uaqWlh",
"4869ab48-e5f2-4183-bca8-1f79b46b269f","STEI_001.basePlot.bet","D05","STEI","STEI_001","S","2016-05-25","2016-06-08","2016-06-09","2016-09-09",,"STEI_001.S.20160608","7JlQSbZIlXgQ/UyZ2eRQ35kNZvDM3h3SYS+i1Q/jcdI=","invert bycatch",,,,,,,,,,"sLXn7wTHXoRJL4fX6U0RGoB8I5uaqWlh",
"c8f43efe-ecd1-4ff0-bb55-214e4f2fda28","STEI_007.basePlot.bet","D05","STEI","STEI_007","S","2016-05-25","2016-06-08","2016-06-09","2016-09-09",,"STEI_007.S.20160608","uTVelW27vZSsIThVD13DQvp5KVkWu+RJNmwV034NihQ=","invert bycatch",,,,,,,,,,"sLXn7wTHXoRJL4fX6U0RGoB8I5uaqWlh",
"a655e413-18c1-4b31-bc86-562d4ad78fdf","STEI_022.basePlot.bet","D05","STEI","STEI_022","S","2016-05-25","2016-06-08","2016-06-09","2016-09-12",,"STEI_022.S.20160608","HE/LDGsDHdpGDKGB3p3KLADvgMHhdmR9k4WM5GmZu1g=","invert bycatch",,,,,,,,,,"sLXn7wTHXoRJL4fX6U0RGoB8I5uaqWlh",
"324f682d-98d1-469f-85a2-b3737a2484d4","STEI_005.basePlot.bet","D05","STEI","STEI_005","S","2016-05-25","2016-06-08","2016-06-09","2016-09-12",,"STEI_005.S.20160608","qriLSsXGHEw/jBt4bUbOo9D31g/eqxYtoFwNBZixndM=","invert bycatch",,,,,,,,,,"sLXn7wTHXoRJL4fX6U0RGoB8I5uaqWlh",
"aa936a21-3dd0-4c58-b0c6-d6faa6dbe806","STEI_008.basePlot.bet","D05","STEI","STEI_008","S","2016-05-25","2016-06-08","2016-06-09","2016-09-08",,"STEI_008.S.20160608","RJLsXNaoVcsrVfPfPw4agJ+9JkLYPZodGK8yn2g4hk8=","invert bycatch",,,,,,,,,,"sLXn7wTHXoRJL4fX6U0RGoB8I5uaqWlh",
"6f3ede92-cfb8-4e98-87cd-35eb2b16ada0","STEI_001.basePlot.bet","D05","STEI","STEI_001","W","2016-05-25","2016-06-08","2016-06-09","2016-09-09",,"STEI_001.W.20160608","7JlQSbZIlXjd5ie4u5mfQschuyo4lEgPS0lNz/EwIes=","invert bycatch",,,,,,,,,,"sLXn7wTHXoRJL4fX6U0RGoB8I5uaqWlh",
"2c2588ab-35af-480c-8ba7-01625d0b6ae4","STEI_008.basePlot.bet","D05","STEI","STEI_008","W","2016-05-25","2016-06-08","2016-06-09","2016-09-08",,"STEI_008.W.20160608","RJLsXNaoVcs6LJPrDVuEgbVqhdV7R0jZyhrUCpWlmjs=","invert bycatch",,,,,,,,,,"sLXn7wTHXoRJL4fX6U0RGoB8I5uaqWlh",
"d5b86cff-fda2-4151-b1f7-2b7b2399ee57","STEI_007.basePlot.bet","D05","STEI","STEI_007","W","2016-05-25","2016-06-08","2016-06-09","2016-09-09",,"STEI_007.W.20160608","uTVelW27vZQBtKBC6fiX8F+FACsuPAtaKAOCEbViclI=","invert bycatch",,,,,,,,,,"sLXn7wTHXoRJL4fX6U0RGoB8I5uaqWlh",
"503cbf4c-7228-42be-8a5d-81f9ed0607dc","STEI_022.basePlot.bet","D05","STEI","STEI_022","W","2016-05-25","2016-06-08","2016-06-09","2016-09-12",,"STEI_022.W.20160608","HE/LDGsDHdomC6tqEr4f/nYNnenkbyOT9incHdkL39s=","invert bycatch",,,,,,,,,,"sLXn7wTHXoRJL4fX6U0RGoB8I5uaqWlh",
"b8f5f971-e3dd-4749-b37b-2004b83fba35","STEI_005.basePlot.bet","D05","STEI","STEI_005","W","2016-05-25","2016-06-08","2016-06-09","2016-09-12",,"STEI_005.W.20160608","qriLSsXGHEz9xtCJXQs1gxlPxLp/l+mQEjM8oZLKROg=","invert bycatch",,,,,,,,,,"sLXn7wTHXoRJL4fX6U0RGoB8I5uaqWlh",
"c07cd3f5-b367-473c-923b-4e4b3930a929","STEI_008.basePlot.bet","D05","STEI","STEI_008","E","2016-06-08","2016-06-22","2016-06-23","2016-10-06",,"STEI_008.E.20160622","RJLsXNaoVcup43GUByjvT4t3nTIA8wC7YTai/azbboI=","invert bycatch",,,,,,,,,,"WXmC7HijdM2NsP75v+4sQyVqwIMmMBb8",
"c3663d75-cfdb-4b71-95b0-f82c26c3596d","STEI_008.basePlot.bet","D05","STEI","STEI_008","N","2016-06-08","2016-06-22","2016-07-23","2016-10-06",,"STEI_008.N.20160622","RJLsXNaoVcvXZPjWmQh+Xjll+5qcDscyADYe5njQh1Y=","invert bycatch",,,,,,,,,,"WXmC7HijdM2NsP75v+4sQyVqwIMmMBb8",
"3e4bc5f5-01c5-4e3f-a7fc-8fdec5bbac8f","STEI_008.basePlot.bet","D05","STEI","STEI_008","S","2016-06-08","2016-06-22","2016-07-23","2016-10-06",,"STEI_008.S.20160622","RJLsXNaoVcsrVfPfPw4agJNWoxlEc/lTtPwA1i02xJM=","invert bycatch",,,,,,,,,,"WXmC7HijdM2NsP75v+4sQyVqwIMmMBb8",
"17d2456e-8515-4e95-9fce-184c1c9c18a8","STEI_006.basePlot.bet","D05","STEI","STEI_006","E","2016-06-08","2016-06-22","2016-06-23","2016-10-05",,"STEI_006.E.20160622","FSczGbn18rQcL8FcUivsPRpaGPedbp3FiBETTPx3HCo=","invert bycatch",,,,,,,,,,"HRQ2qSmGm8w8Hpt9UYCeWTEDSajtVjQn",
"ccfb896d-6a62-4382-b927-bdcafe3d5cf3","STEI_006.basePlot.bet","D05","STEI","STEI_006","W","2016-06-08","2016-06-22","2016-06-23","2016-10-05",,"STEI_006.W.20160622","FSczGbn18rRAkaT8EQXi6EyfLn/lOu3W+CM7eVnW47A=","invert bycatch",,,,,,,,,,"HRQ2qSmGm8w8Hpt9UYCeWTEDSajtVjQn",
"fac84822-8628-42be-9d24-47d1aea3c8f5","STEI_006.basePlot.bet","D05","STEI","STEI_006","S","2016-06-08","2016-06-22","2016-06-23","2016-10-05",,"STEI_006.S.20160622","FSczGbn18rQqSGNc1WPNbXvFqfZe5gWwFYGJ1wWVx58=","invert bycatch",,,,,,,,,,"HRQ2qSmGm8w8Hpt9UYCeWTEDSajtVjQn",
"fb1afe4a-73f1-4d38-830e-0c4c3defa901","STEI_006.basePlot.bet","D05","STEI","STEI_006","N","2016-06-08","2016-06-22","2016-06-23","2016-10-05",,"STEI_006.N.20160622","FSczGbn18rTm32UHUBE++E5827I/nAJwlMVvDIzFbs8=","invert bycatch",,,,,,,,,,"HRQ2qSmGm8w8Hpt9UYCeWTEDSajtVjQn",
"f22d8f9e-5bfe-4cb9-b93a-aeb352cf9e36","STEI_004.basePlot.bet","D05","STEI","STEI_004","S","2016-06-08","2016-06-22","2016-06-23","2016-10-05",,"STEI_004.S.20160622","kIMktcbzaDc/kh9AKnY4E2b3mjxW1OrRNCa12QL0ylI=","invert bycatch",,,,,,,,,,"HRQ2qSmGm8w8Hpt9UYCeWTEDSajtVjQn",
"a71abd44-4603-4ccf-9d43-61b24b0aba16","STEI_004.basePlot.bet","D05","STEI","STEI_004","W","2016-06-08","2016-06-22","2016-06-23","2016-10-05",,"STEI_004.W.20160622","kIMktcbzaDcWTLi6dvbUL0rUUFkrsKEvcYj2CZe4VUo=","invert bycatch",,,,,,,,,,"HRQ2qSmGm8w8Hpt9UYCeWTEDSajtVjQn",
"c1863e43-6882-410a-a294-2de157ea10cc","STEI_004.basePlot.bet","D05","STEI","STEI_004","E","2016-06-08","2016-06-22","2016-06-23","2016-10-05",,"STEI_004.E.20160622","kIMktcbzaDcaGGf/+BKTio4CQWRwMHx2aQs1FkhEHLs=","invert bycatch",,,,,,,,,,"HRQ2qSmGm8w8Hpt9UYCeWTEDSajtVjQn",
"1ea078d3-3239-4ac6-a5b8-51dd7f014cd3","STEI_004.basePlot.bet","D05","STEI","STEI_004","N","2016-06-08","2016-06-22","2016-06-23","2016-06-23",,"STEI_004.N.20160622","kIMktcbzaDc3IGgVHfc16W/se3YQGx8xEANeybWOnnk=","invert bycatch",,,,,,,,,,"HRQ2qSmGm8w8Hpt9UYCeWTEDSajtVjQn",
"3a6dc9e4-0b5a-49ac-a3c2-c9254ef6d24b","STEI_022.basePlot.bet","D05","STEI","STEI_022","W","2016-06-08","2016-06-22","2016-06-23","2016-10-05",,"STEI_022.W.20160622","HE/LDGsDHdomC6tqEr4f/g9fXVTrgKo08bfEcRw4H5I=","invert bycatch",,,,,,,,,,"HRQ2qSmGm8w8Hpt9UYCeWTEDSajtVjQn",
"830a37dc-6999-4b9f-b524-deadb10b50aa","STEI_022.basePlot.bet","D05","STEI","STEI_022","N","2016-06-08","2016-06-22","2016-06-23","2016-10-05",,"STEI_022.N.20160622","HE/LDGsDHdpuk3an/9fNUs0R4BZzQmllRUrjX+23UOI=","invert bycatch",,,,,,,,,,"HRQ2qSmGm8w8Hpt9UYCeWTEDSajtVjQn",
"dbf20a43-9d81-4fee-b903-0efaa5db75c1","STEI_022.basePlot.bet","D05","STEI","STEI_022","S","2016-06-08","2016-06-22","2016-06-23","2016-10-05",,"STEI_022.S.20160622","HE/LDGsDHdpGDKGB3p3KLDEeJi2BZSjYniWOfMKPMQE=","invert bycatch",,,,,,,,,,"HRQ2qSmGm8w8Hpt9UYCeWTEDSajtVjQn",
"89a59697-d52b-4e2b-b82a-283be8412bce","STEI_001.basePlot.bet","D05","STEI","STEI_001","W","2016-06-08","2016-06-22","2016-06-23","2016-10-05",,"STEI_001.W.20160622","7JlQSbZIlXjd5ie4u5mfQs5bblu9ri8jkVgGJykCGgo=","invert bycatch",,,,,,,,,,"HRQ2qSmGm8w8Hpt9UYCeWTEDSajtVjQn",
"01ef898d-44d3-42de-bc02-b09e6fc1a975","STEI_001.basePlot.bet","D05","STEI","STEI_001","N","2016-06-08","2016-06-22","2016-06-23","2016-10-05",,"STEI_001.N.20160622","7JlQSbZIlXgM1rTZEZxYtkcJWSiLU0/bRlRsb06dwY8=","invert bycatch",,,,,,,,,,"HRQ2qSmGm8w8Hpt9UYCeWTEDSajtVjQn",
"0f1f0dae-bf9e-47e4-baf7-6f70490de98a","STEI_001.basePlot.bet","D05","STEI","STEI_001","E","2016-06-08","2016-06-22","2016-06-23","2016-10-05",,"STEI_001.E.20160622","7JlQSbZIlXh1BVK8EiU7DR9K+Ld4bkkmbjRp5k3z8Uw=","invert bycatch",,,,,,,,,,"HRQ2qSmGm8w8Hpt9UYCeWTEDSajtVjQn",
"c2016068-a6ff-4c5e-9470-f4911be9a80c","STEI_001.basePlot.bet","D05","STEI","STEI_001","S","2016-06-08","2016-06-22","2016-06-23","2016-10-05",,"STEI_001.S.20160622","7JlQSbZIlXgQ/UyZ2eRQ3wIGVH5qxFY8C/7WJa8uUbw=","invert bycatch",,,,,,,,,,"HRQ2qSmGm8w8Hpt9UYCeWTEDSajtVjQn",
"e2272dba-b172-48fc-843c-285b09a3a33c","STEI_007.basePlot.bet","D05","STEI","STEI_007","S","2016-06-08","2016-06-22","2016-10-04","2016-10-04",,"STEI_007.S.20160622","uTVelW27vZSsIThVD13DQuwZaxa7w1u0F0vyR9jiCZc=","invert bycatch",,,,,,,,,,"ZLiBrmvqlLBFOFHAJeJ5SGepn/fS4c88",
"3a4eef46-717d-4830-ab7d-04d9412831bd","STEI_007.basePlot.bet","D05","STEI","STEI_007","W","2016-06-08","2016-06-22","2016-06-23","2016-10-05",,"STEI_007.W.20160622","uTVelW27vZQBtKBC6fiX8P7X5gGqdaN3jGK/SYe6swE=","invert bycatch",,,,,,,,,,"ZLiBrmvqlLBFOFHAJeJ5SGepn/fS4c88",
"3666f362-a89a-4fb8-835a-8207315caa01","STEI_007.basePlot.bet","D05","STEI","STEI_007","N","2016-06-08","2016-06-22","2016-06-23","2016-10-05",,"STEI_007.N.20160622","uTVelW27vZTKV6isdmEr2OH5oUGcXjAoOTfLpH4zCBQ=","invert bycatch",,,,,,,,,,"ZLiBrmvqlLBFOFHAJeJ5SGepn/fS4c88",
"b39dd440-47e7-4a87-bcf6-66844517abd5","STEI_005.basePlot.bet","D05","STEI","STEI_005","N","2016-06-08","2016-06-22","2016-06-23","2016-10-05",,"STEI_005.N.20160622","qriLSsXGHEyNX4DJwSWS/rPXFh6L97LcSnA5fKFYm/A=","invert bycatch",,,,,,,,,,"ZLiBrmvqlLBFOFHAJeJ5SGepn/fS4c88",
"b670a24a-8181-4699-a3e7-15283cdeefb4","STEI_005.basePlot.bet","D05","STEI","STEI_005","E","2016-06-08","2016-06-22","2016-06-23","2016-10-05",,"STEI_005.E.20160622","qriLSsXGHEw5q2vR9+MXL4shN7LTjqqnOcrfo5NBuAY=","invert bycatch",,,,,,,,,,"ZLiBrmvqlLBFOFHAJeJ5SGepn/fS4c88",
"f7ec6f95-ebd4-48c4-9f7c-fd64ef48197a","STEI_022.basePlot.bet","D05","STEI","STEI_022","E","2016-06-08","2016-06-22","2016-06-23","2016-10-05",,"STEI_022.E.20160622","HE/LDGsDHdpNgBxZGwTPUrErcPM9MrgEgQBlH2q8st4=","invert bycatch",,,,,,,,,,"HRQ2qSmGm8w8Hpt9UYCeWTEDSajtVjQn",
"7f9f59c6-9804-4f2f-8fba-e3572198307e","STEI_005.basePlot.bet","D05","STEI","STEI_005","W","2016-06-08","2016-06-22","2016-06-23","2016-10-05",,"STEI_005.W.20160622","qriLSsXGHEz9xtCJXQs1g/tZg/eT3faksaaZ295zuMY=","invert bycatch",,,,,,,,,,"ZLiBrmvqlLBFOFHAJeJ5SGepn/fS4c88",
"37f40ca7-8dc4-4eed-9287-bd3da9c86ee2","STEI_005.basePlot.bet","D05","STEI","STEI_005","S","2016-06-08","2016-06-22","2016-06-23","2016-10-05",,"STEI_005.S.20160622","qriLSsXGHEw/jBt4bUbOo0yQAA5YMYanR8PZoJK8ib8=","invert bycatch",,,,,,,,,,"ZLiBrmvqlLBFOFHAJeJ5SGepn/fS4c88",
"ff37c13c-7e92-4be4-a4ac-1f7a2c8e7e1d","STEI_002.basePlot.bet","D05","STEI","STEI_002","S","2016-06-08","2016-06-22","2016-06-23","2016-10-04",,"STEI_002.S.20160622","aZO6SdKsrBzq/4FlLz71yxair1wG1hMPrNTC1JSrwJE=","invert bycatch",,,,,,,,,,"/ROnnk8jXLJdCov8oOhWoBZU0ZHXIXZu",
"85bd1fd5-e0ef-4010-802a-5abfd9dac198","STEI_007.basePlot.bet","D05","STEI","STEI_007","E","2016-06-08","2016-06-22","2016-06-23","2016-10-04",,"STEI_007.E.20160622","uTVelW27vZTi3ilPGeGJkw3+GT9F0e2r3dvnL19baOs=","invert bycatch",,,,,,,,,,"ZLiBrmvqlLBFOFHAJeJ5SGepn/fS4c88",
"3d8f1263-a410-428a-915e-2dd66e86325c","STEI_002.basePlot.bet","D05","STEI","STEI_002","N","2016-06-08","2016-06-22","2016-06-23","2016-10-04",,"STEI_002.N.20160622","aZO6SdKsrBzL8uwoU6wq3qB6j41UnSYzPnq9rK1obNs=","invert bycatch",,,,,,,,,,"/ROnnk8jXLJdCov8oOhWoBZU0ZHXIXZu",
"b62c768d-0f53-4544-90fe-498d4b84f265","STEI_002.basePlot.bet","D05","STEI","STEI_002","W","2016-06-08","2016-06-22","2016-06-23","2016-10-04",,"STEI_002.W.20160622","aZO6SdKsrByEH1pUhL0qFAec2vaCyr6/p+LHETcjsrk=","invert bycatch",,,,,,,,,,"/ROnnk8jXLJdCov8oOhWoBZU0ZHXIXZu",
"f36c9a34-4444-4fb8-991d-c99507d4c8b9","STEI_002.basePlot.bet","D05","STEI","STEI_002","E","2016-06-08","2016-06-22","2016-06-23","2016-10-04",,"STEI_002.E.20160622","aZO6SdKsrBwGnXn9oNbJTnqZyYXUReompJius853Q80=","invert bycatch",,,,,,,,,,"/ROnnk8jXLJdCov8oOhWoBZU0ZHXIXZu",
"7eeed821-d98d-4bc2-877e-ed796c97360f","STEI_003.basePlot.bet","D05","STEI","STEI_003","N","2016-06-08","2016-06-22","2016-06-23","2016-12-29","2016-12-29","STEI_003.N.20160622","DWUoTzNcbNm732Py3QBe57aUuh6OD4ilY5e/185P+lg=","carabid","PTEMUT2","Pterostichus mutus","species",,"Say",,6,"Bousquet, Y. 2010b. Illustrated Identification Guide to Adults and Larvae of Northeastern North American Ground Beetles (Coleoptera: Carabidae). 1st Ed. Pensoft Publishers, Sofia, Bulgaria.","Syw2LXB/pj+fmGCuwdgBGVryVUmYhw3g","Syw2LXB/pj+fmGCuwdgBGVryVUmYhw3g",
"67125782-d79e-4d01-a4f2-299c8067e257","STEI_003.basePlot.bet","D05","STEI","STEI_003","N","2016-06-08","2016-06-22","2016-06-23","2016-12-29","2016-12-29","STEI_003.N.20160622","DWUoTzNcbNm732Py3QBe5zb9QVIgXrE8jGpvuBBlHYc=","carabid","PLADEC","Platynus decentis","species",,"Say",,1,"Lindroth, C. H. 1969. The ground-beetles (Carabidae, excl. Cicindelinae) of Canada and Alaska, parts 1-6. Opuscula E. Entomoligiska Sallskapet.","Syw2LXB/pj+fmGCuwdgBGVryVUmYhw3g","Syw2LXB/pj+fmGCuwdgBGVryVUmYhw3g",
"5e8f7deb-f5be-40fa-8c79-8ee1b94b890c","STEI_003.basePlot.bet","D05","STEI","STEI_003","N","2016-06-08","2016-06-22","2016-06-23","2016-12-29","2016-12-29","STEI_003.N.20160622","DWUoTzNcbNm732Py3QBe57dJkomsgbF6wKpsCojHHRY=","carabid","CALFRI","Calosoma frigidum","species",,"Kirby",,2,"Bousquet, Y. 2010b. Illustrated Identification Guide to Adults and Larvae of Northeastern North American Ground Beetles (Coleoptera: Carabidae). 1st Ed. Pensoft Publishers, Sofia, Bulgaria.","Syw2LXB/pj+fmGCuwdgBGVryVUmYhw3g","Syw2LXB/pj+fmGCuwdgBGVryVUmYhw3g",
"85ad145c-4b1e-4ed9-81b9-a24a13d84b2c","STEI_003.basePlot.bet","D05","STEI","STEI_003","N","2016-06-08","2016-06-22","2016-06-23","2016-12-29","2016-12-29","STEI_003.N.20160622","DWUoTzNcbNm732Py3QBe57dpTX1PzMFxF/ZNQaygpUo=","carabid","PTENOV","Pterostichus novus","species",,"Straneo",,1,"Bousquet, Y. 2010b. Illustrated Identification Guide to Adults and Larvae of Northeastern North American Ground Beetles (Coleoptera: Carabidae). 1st Ed. Pensoft Publishers, Sofia, Bulgaria.","Syw2LXB/pj+fmGCuwdgBGVryVUmYhw3g","Syw2LXB/pj+fmGCuwdgBGVryVUmYhw3g",
"08bc913b-1f18-42eb-bb6b-61b75ffeccdd","STEI_003.basePlot.bet","D05","STEI","STEI_003","N","2016-06-08","2016-06-22","2016-06-23","2016-12-29","2016-12-29","STEI_003.N.20160622","DWUoTzNcbNm732Py3QBe57dpTX1PzMFxVzSmmK8OP6A=","carabid","PTENOV","Pterostichus novus","species","cf. species","Straneo",,3,"Bousquet, Y. 2010b. Illustrated Identification Guide to Adults and Larvae of Northeastern North American Ground Beetles (Coleoptera: Carabidae). 1st Ed. Pensoft Publishers, Sofia, Bulgaria.","Syw2LXB/pj+fmGCuwdgBGVryVUmYhw3g","Syw2LXB/pj+fmGCuwdgBGVryVUmYhw3g","Could be PTECOR1; no visible aedeagus to confirm ID"
"7bd1d99e-6391-48a0-a342-6f87857fe461","STEI_003.basePlot.bet","D05","STEI","STEI_003","N","2016-06-08","2016-06-22","2016-06-23","2016-12-29","2016-12-29","STEI_003.N.20160622","DWUoTzNcbNm732Py3QBe5879GksZr219UQDrcP3mfBs=","carabid","SPHSTE1","Sphaeroderus stenostomus lecontei","subspecies",,"Dejean",,1,"Lindroth, C. H. 1969. The ground-beetles (Carabidae, excl. Cicindelinae) of Canada and Alaska, parts 1-6. Opuscula E. Entomoligiska Sallskapet.","Syw2LXB/pj+fmGCuwdgBGVryVUmYhw3g","Syw2LXB/pj+fmGCuwdgBGVryVUmYhw3g",
"fc898540-6983-4f97-86e0-26e78b9065fc","STEI_003.basePlot.bet","D05","STEI","STEI_003","N","2016-06-08","2016-06-22","2016-06-23","2017-03-02","2017-03-02","STEI_003.N.20160622","DWUoTzNcbNm732Py3QBe50Kn6C38fTn2fxmdexm0RsM=","carabid","PTEPEN","Pterostichus pensylvanicus","species",,"LeConte",,1,"Bousquet, Y. 2010b. Illustrated Identification Guide to Adults and Larvae of Northeastern North American Ground Beetles (Coleoptera: Carabidae). 1st Ed. Pensoft Publishers, Sofia, Bulgaria.","Syw2LXB/pj+fmGCuwdgBGVryVUmYhw3g","Syw2LXB/pj+fmGCuwdgBGVryVUmYhw3g","location data suspect; specimen information was not on sorting datasheet"
"2dc02e31-9b6a-4520-9725-20e23aa0da37","STEI_007.basePlot.bet","D05","STEI","STEI_007","W","2016-06-08","2016-06-22","2016-06-23","2016-12-30","2016-12-30","STEI_007.W.20160622","uTVelW27vZQBtKBC6fiX8Erlvo0yNZrAZAYTGTykjio=","carabid","PTENOV","Pterostichus novus","species","cf. species","Straneo",,3,"Bousquet, Y. 2010b. Illustrated Identification Guide to Adults and Larvae of Northeastern North American Ground Beetles (Coleoptera: Carabidae). 1st Ed. Pensoft Publishers, Sofia, Bulgaria.","Syw2LXB/pj+fmGCuwdgBGVryVUmYhw3g","Syw2LXB/pj+fmGCuwdgBGVryVUmYhw3g","Could not verify ID with aedeagus; could be PTECOR1"
"b7e42af2-db10-4a0b-8812-8910467d07e5","STEI_007.basePlot.bet","D05","STEI","STEI_007","W","2016-06-08","2016-06-22","2016-06-23","2016-12-30","2016-12-30","STEI_007.W.20160622","uTVelW27vZQBtKBC6fiX8Erlvo0yNZrAsHXq/nXSwt4=","carabid","PTENOV","Pterostichus novus","species",,"Straneo",,1,"Bousquet, Y. 2010b. Illustrated Identification Guide to Adults and Larvae of Northeastern North American Ground Beetles (Coleoptera: Carabidae). 1st Ed. Pensoft Publishers, Sofia, Bulgaria.","Syw2LXB/pj+fmGCuwdgBGVryVUmYhw3g","Syw2LXB/pj+fmGCuwdgBGVryVUmYhw3g",
"1a79af19-fe14-4eb5-a96c-b69fd2405cae","STEI_007.basePlot.bet","D05","STEI","STEI_007","S","2016-06-08","2016-06-22","2016-06-23","2016-12-30","2016-12-30","STEI_007.S.20160622","uTVelW27vZSsIThVD13DQltdCJV66bezdlesoVdsMoE=","carabid","AGORET","Agonum retractum","species","cf. species","LeConte",,1,"Bousquet, Y. 2010b. Illustrated Identification Guide to Adults and Larvae of Northeastern North American Ground Beetles (Coleoptera: Carabidae). 1st Ed. Pensoft Publishers, Sofia, Bulgaria.","Syw2LXB/pj+fmGCuwdgBGVryVUmYhw3g","Syw2LXB/pj+fmGCuwdgBGVryVUmYhw3g",
"da0e61a2-edcb-4ed1-9e7c-3fed24a1ea4e","STEI_007.basePlot.bet","D05","STEI","STEI_007","W","2016-06-08","2016-06-22","2016-06-23","2016-12-30","2016-12-30","STEI_007.W.20160622","uTVelW27vZQBtKBC6fiX8ICvd+Pk5tGnk9Ka/rtDOck=","carabid","SPHSTE1","Sphaeroderus stenostomus lecontei","subspecies",,"Dejean",,1,"Lindroth, C. H. 1969. The ground-beetles (Carabidae, excl. Cicindelinae) of Canada and Alaska, parts 1-6. Opuscula E. Entomoligiska Sallskapet.","Syw2LXB/pj+fmGCuwdgBGVryVUmYhw3g","Syw2LXB/pj+fmGCuwdgBGVryVUmYhw3g",
"60b419fc-5a71-4be7-ba5f-16bec73ec0ae","STEI_007.basePlot.bet","D05","STEI","STEI_007","S","2016-06-08","2016-06-22","2016-06-23","2016-12-30","2016-12-30","STEI_007.S.20160622","uTVelW27vZSsIThVD13DQth6E9vSTLzyIjQoQIhpk74=","carabid","PTEPEN","Pterostichus pensylvanicus","species",,"LeConte",,1,"Bousquet, Y. 2010b. Illustrated Identification Guide to Adults and Larvae of Northeastern North American Ground Beetles (Coleoptera: Carabidae). 1st Ed. Pensoft Publishers, Sofia, Bulgaria.","Syw2LXB/pj+fmGCuwdgBGVryVUmYhw3g","Syw2LXB/pj+fmGCuwdgBGVryVUmYhw3g",
"b3e06a58-79d9-4931-96a6-7d233bb00cf0","STEI_022.basePlot.bet","D05","STEI","STEI_022","W","2016-06-08","2016-06-22","2016-06-23","2017-01-03","2017-01-03","STEI_022.W.20160622","HE/LDGsDHdomC6tqEr4f/j3/G+1XnClX/AJdduwwWEQ=","carabid","AGOTRI","Agonum trigeminum","species",,"Lindroth",,1,"Lindroth, C. H. 1969. The ground-beetles (Carabidae, excl. Cicindelinae) of Canada and Alaska, parts 1-6. Opuscula E. Entomoligiska Sallskapet.","Syw2LXB/pj+fmGCuwdgBGVryVUmYhw3g","Syw2LXB/pj+fmGCuwdgBGVryVUmYhw3g",
"2a49343b-d3e6-486c-8437-f5bf83107171","STEI_022.basePlot.bet","D05","STEI","STEI_022","W","2016-06-08","2016-06-22","2016-06-23","2017-01-03","2017-01-03","STEI_022.W.20160622","HE/LDGsDHdomC6tqEr4f/mXgb6j9fuh0CTNMDLN9i1k=","carabid","AGOGRA","Agonum gratiosum","species",,"Mannerheim",,1,"Bousquet, Y. 2010b. Illustrated Identification Guide to Adults and Larvae of Northeastern North American Ground Beetles (Coleoptera: Carabidae). 1st Ed. Pensoft Publishers, Sofia, Bulgaria.","Syw2LXB/pj+fmGCuwdgBGVryVUmYhw3g","Syw2LXB/pj+fmGCuwdgBGVryVUmYhw3g",
"5923def8-789a-4997-b3c6-c38e64760a54","STEI_022.basePlot.bet","D05","STEI","STEI_022","E","2016-06-08","2016-06-22","2016-06-23","2017-01-03","2017-01-03","STEI_022.E.20160622","HE/LDGsDHdpNgBxZGwTPUlp8AggUmvSuFaglgJ6IW2M=","carabid","PLADEC","Platynus decentis","species",,"Say",,1,"Bousquet, Y. 2010b. Illustrated Identification Guide to Adults and Larvae of Northeastern North American Ground Beetles (Coleoptera: Carabidae). 1st Ed. Pensoft Publishers, Sofia, Bulgaria.","Syw2LXB/pj+fmGCuwdgBGVryVUmYhw3g","Syw2LXB/pj+fmGCuwdgBGVryVUmYhw3g",
"f58f1278-41c4-4050-9601-562c061d38df","STEI_022.basePlot.bet","D05","STEI","STEI_022","S","2016-06-08","2016-06-22","2016-06-23","2017-01-03","2017-01-03","STEI_022.S.20160622","HE/LDGsDHdpGDKGB3p3KLDK4Gmt+J8KLrx0F4T/Pxks=","carabid","PLADEC","Platynus decentis","species",,"Say",,1,"Lindroth, C. H. 1969. The ground-beetles (Carabidae, excl. Cicindelinae) of Canada and Alaska, parts 1-6. Opuscula E. Entomoligiska Sallskapet.","Syw2LXB/pj+fmGCuwdgBGVryVUmYhw3g","Syw2LXB/pj+fmGCuwdgBGVryVUmYhw3g",
"67ff9b13-78ad-4ce3-84f0-8bf41f80310c","STEI_022.basePlot.bet","D05","STEI","STEI_022","E","2016-06-08","2016-06-22","2016-06-23","2017-01-03","2017-01-03","STEI_022.E.20160622","HE/LDGsDHdpNgBxZGwTPUtvnfNtYUs0lRp1WAph3Qvg=","carabid","PTEPAT","Pterostichus patruelis","species","cf. species","Dejean",,1,"Bousquet, Y. 2010b. Illustrated Identification Guide to Adults and Larvae of Northeastern North American Ground Beetles (Coleoptera: Carabidae). 1st Ed. Pensoft Publishers, Sofia, Bulgaria.","Syw2LXB/pj+fmGCuwdgBGVryVUmYhw3g","Syw2LXB/pj+fmGCuwdgBGVryVUmYhw3g",
"e1afce73-0fd6-47cb-9538-29cea58ff9eb","STEI_009.basePlot.bet","D05","STEI","STEI_009","S","2016-06-08","2016-06-22","2016-06-23","2017-01-03","2017-01-03","STEI_009.S.20160622","IGPPmzEoPodBaaX865MVN1WGdODP8i3EJaoGSscp5aA=","carabid","PTENOV","Pterostichus novus","species","cf. species","Straneo",,4,"Bousquet, Y. 2010b. Illustrated Identification Guide to Adults and Larvae of Northeastern North American Ground Beetles (Coleoptera: Carabidae). 1st Ed. Pensoft Publishers, Sofia, Bulgaria.","Syw2LXB/pj+fmGCuwdgBGVryVUmYhw3g","Syw2LXB/pj+fmGCuwdgBGVryVUmYhw3g","Could not use aedeagus to verify ID; could be PTECOR1"
"054a6cea-c38e-4d18-a108-5c39918a5b89","STEI_009.basePlot.bet","D05","STEI","STEI_009","N","2016-06-08","2016-06-22","2016-06-23","2017-01-03","2017-01-03","STEI_009.N.20160622","IGPPmzEoPofheTAdCJuKAu1DfWohr/fJyBWuBKzj9G8=","carabid","SPHSTE1","Sphaeroderus stenostomus lecontei","subspecies",,"Dejean",,1,"Lindroth, C. H. 1969. The ground-beetles (Carabidae, excl. Cicindelinae) of Canada and Alaska, parts 1-6. Opuscula E. Entomoligiska Sallskapet.","Syw2LXB/pj+fmGCuwdgBGVryVUmYhw3g","Syw2LXB/pj+fmGCuwdgBGVryVUmYhw3g",
"5bf101f1-d592-4587-806a-32bbf39ec663","STEI_009.basePlot.bet","D05","STEI","STEI_009","E","2016-06-08","2016-06-22","2016-06-23","2017-01-03","2017-01-03","STEI_009.E.20160622","IGPPmzEoPod7z9dNRjRz4Oi18MvbtAmLsolPLCbi8Nw=","carabid","PTEMUT2","Pterostichus mutus","species",,"Say",,2,"Lindroth, C. H. 1969. The ground-beetles (Carabidae, excl. Cicindelinae) of Canada and Alaska, parts 1-6. Opuscula E. Entomoligiska Sallskapet.","Syw2LXB/pj+fmGCuwdgBGVryVUmYhw3g","Syw2LXB/pj+fmGCuwdgBGVryVUmYhw3g",
"e5322216-62ea-4615-8cae-0a13a3e86d67","STEI_009.basePlot.bet","D05","STEI","STEI_009","S","2016-06-08","2016-06-22","2016-06-23","2017-01-03","2017-01-03","STEI_009.S.20160622","IGPPmzEoPodBaaX865MVN4lQsQg4vgzuxF8McqzCZng=","carabid","PTEMUT2","Pterostichus mutus","species",,"Say",,1,"Lindroth, C. H. 1969. The ground-beetles (Carabidae, excl. Cicindelinae) of Canada and Alaska, parts 1-6. Opuscula E. Entomoligiska Sallskapet.","Syw2LXB/pj+fmGCuwdgBGVryVUmYhw3g","Syw2LXB/pj+fmGCuwdgBGVryVUmYhw3g",
"5cb1b51c-41b7-4dd2-8795-e3b71458815f","STEI_009.basePlot.bet","D05","STEI","STEI_009","S","2016-06-08","2016-06-22","2016-06-23","2017-01-03","2017-01-03","STEI_009.S.20160622","IGPPmzEoPodBaaX865MVN1WGdODP8i3E2tGiVjiLyoY=","carabid","PTENOV","Pterostichus novus","species",,"Straneo",,4,"Bousquet, Y. 2010b. Illustrated Identification Guide to Adults and Larvae of Northeastern North American Ground Beetles (Coleoptera: Carabidae). 1st Ed. Pensoft Publishers, Sofia, Bulgaria.","Syw2LXB/pj+fmGCuwdgBGVryVUmYhw3g","Syw2LXB/pj+fmGCuwdgBGVryVUmYhw3g",
"42d4b433-aa1a-4695-b514-0a49efe1600b","STEI_006.basePlot.bet","D05","STEI","STEI_006","N","2016-06-08","2016-06-22","2016-06-23","2016-12-30","2016-12-30","STEI_006.N.20160622","FSczGbn18rTm32UHUBE++OrKZb5NcQ3XMeq5Oms3hrk=","carabid","PTEMUT2","Pterostichus mutus","species",,"Say",,1,"Bousquet, Y. 2010b. Illustrated Identification Guide to Adults and Larvae of Northeastern North American Ground Beetles (Coleoptera: Carabidae). 1st Ed. Pensoft Publishers, Sofia, Bulgaria.","Syw2LXB/pj+fmGCuwdgBGVryVUmYhw3g","Syw2LXB/pj+fmGCuwdgBGVryVUmYhw3g",
"9a6dae41-201f-41a0-8266-58dabd2a3c4e","STEI_006.basePlot.bet","D05","STEI","STEI_006","W","2016-06-08","2016-06-22","2016-06-23","2016-12-30","2016-12-30","STEI_006.W.20160622","FSczGbn18rRAkaT8EQXi6JaVqqLjo8in2hXIxHbVft0=","carabid","PTENOV","Pterostichus novus","species",,"Straneo",,1,"Bousquet, Y. 2010b. Illustrated Identification Guide to Adults and Larvae of Northeastern North American Ground Beetles (Coleoptera: Carabidae). 1st Ed. Pensoft Publishers, Sofia, Bulgaria.","Syw2LXB/pj+fmGCuwdgBGVryVUmYhw3g","Syw2LXB/pj+fmGCuwdgBGVryVUmYhw3g",
"48621522-0a92-47ab-a075-5876a1ddde8b","STEI_009.basePlot.bet","D05","STEI","STEI_009","E","2016-06-08","2016-06-22","2016-06-23","2017-01-03","2017-01-03","STEI_009.E.20160622","IGPPmzEoPod7z9dNRjRz4JUBFgzKyhff59x2c2JByTA=","carabid","SPHSTE1","Sphaeroderus stenostomus lecontei","subspecies",,"Dejean",,1,"Lindroth, C. H. 1969. The ground-beetles (Carabidae, excl. Cicindelinae) of Canada and Alaska, parts 1-6. Opuscula E. Entomoligiska Sallskapet.","Syw2LXB/pj+fmGCuwdgBGVryVUmYhw3g","Syw2LXB/pj+fmGCuwdgBGVryVUmYhw3g",
"abf21f41-8075-488b-87ad-8253f70921ee","STEI_006.basePlot.bet","D05","STEI","STEI_006","S","2016-06-08","2016-06-22","2016-06-23","2016-12-30","2016-12-30","STEI_006.S.20160622","FSczGbn18rQqSGNc1WPNbZ3/lAHrFxUvmhhrEG/QyMQ=","carabid","PLADEC","Platynus decentis","species","cf. species","Say",,1,"Lindroth, C. H. 1969. The ground-beetles (Carabidae, excl. Cicindelinae) of Canada and Alaska, parts 1-6. Opuscula E. Entomoligiska Sallskapet.","Syw2LXB/pj+fmGCuwdgBGVryVUmYhw3g","Syw2LXB/pj+fmGCuwdgBGVryVUmYhw3g","missing back legs so cannot be distinguished from PLAIND"
"02a00620-4250-4f42-bb63-f62758cd9129","STEI_006.basePlot.bet","D05","STEI","STEI_006","E","2016-06-08","2016-06-22","2016-06-23","2016-12-30","2016-12-30","STEI_006.E.20160622","FSczGbn18rQcL8FcUivsPVGeS6QPBn8eoaa/8dPLsKQ=","carabid","PTEMUT2","Pterostichus mutus","species",,"Say",,2,"Bousquet, Y. 2010b. Illustrated Identification Guide to Adults and Larvae of Northeastern North American Ground Beetles (Coleoptera: Carabidae). 1st Ed. Pensoft Publishers, Sofia, Bulgaria.","Syw2LXB/pj+fmGCuwdgBGVryVUmYhw3g","Syw2LXB/pj+fmGCuwdgBGVryVUmYhw3g",
"c956e42f-e503-4d51-879c-604a4b78b6b9","STEI_008.basePlot.bet","D05","STEI","STEI_008","S","2016-06-08","2016-06-22","2016-06-23","2017-01-03","2017-01-03","STEI_008.S.20160622","RJLsXNaoVcsrVfPfPw4agJZoEwhVC8VK8eUhAzfYsZI=","carabid","PTECOR1","Pterostichus coracinus","species",,"Newman",,2,"Bousquet, Y. 2010b. Illustrated Identification Guide to Adults and Larvae of Northeastern North American Ground Beetles (Coleoptera: Carabidae). 1st Ed. Pensoft Publishers, Sofia, Bulgaria.","Syw2LXB/pj+fmGCuwdgBGVryVUmYhw3g","Syw2LXB/pj+fmGCuwdgBGVryVUmYhw3g",
"e8897b59-ae3c-4b1e-b66e-2e66f0f29103","STEI_008.basePlot.bet","D05","STEI","STEI_008","S","2016-06-08","2016-06-22","2016-06-23","2017-01-03","2017-01-03","STEI_008.S.20160622","RJLsXNaoVcsrVfPfPw4agCPnii6aQ6FPXjwRQT4+QzQ=","carabid","PTEPEN","Pterostichus pensylvanicus","species",,"LeConte",,1,"Bousquet, Y. 2010b. Illustrated Identification Guide to Adults and Larvae of Northeastern North American Ground Beetles (Coleoptera: Carabidae). 1st Ed. Pensoft Publishers, Sofia, Bulgaria.","Syw2LXB/pj+fmGCuwdgBGVryVUmYhw3g","Syw2LXB/pj+fmGCuwdgBGVryVUmYhw3g",
"7a7052a1-4310-4e76-bc09-72ef8767dc00","STEI_005.basePlot.bet","D05","STEI","STEI_005","W","2016-06-08","2016-06-22","2016-06-23","2016-12-30","2016-12-30","STEI_005.W.20160622","qriLSsXGHEz9xtCJXQs1gzzdwuneAcB4e6CKs3gotG4=","carabid","PTENOV","Pterostichus novus","species",,"Straneo",,1,"Bousquet, Y. 2010b. Illustrated Identification Guide to Adults and Larvae of Northeastern North American Ground Beetles (Coleoptera: Carabidae). 1st Ed. Pensoft Publishers, Sofia, Bulgaria.","Syw2LXB/pj+fmGCuwdgBGVryVUmYhw3g","Syw2LXB/pj+fmGCuwdgBGVryVUmYhw3g",
"14e5840f-4781-4b34-b672-f4e2f6227b29","STEI_008.basePlot.bet","D05","STEI","STEI_008","W","2016-06-08","2016-06-22","2016-06-23","2017-01-03","2017-01-03","STEI_008.W.20160622","RJLsXNaoVcs6LJPrDVuEgQZ4HNtt2H419S/rD0LCNfI=","carabid","PTECOR1","Pterostichus coracinus","species","cf. species","Newman",,2,"Bousquet, Y. 2010b. Illustrated Identification Guide to Adults and Larvae of Northeastern North American Ground Beetles (Coleoptera: Carabidae). 1st Ed. Pensoft Publishers, Sofia, Bulgaria.","Syw2LXB/pj+fmGCuwdgBGVryVUmYhw3g","Syw2LXB/pj+fmGCuwdgBGVryVUmYhw3g","Could not verify ID with aedeagus; could be PTENOV"
"41cd8169-28f3-40b3-90a5-5e352b3964b2","STEI_008.basePlot.bet","D05","STEI","STEI_008","W","2016-06-08","2016-06-22","2016-06-23","2017-01-03","2017-01-03","STEI_008.W.20160622","RJLsXNaoVcs6LJPrDVuEgYLKXxDD43MMWO+/nrjk8KA=","carabid","AGORET","Agonum retractum","species","cf. species","LeConte",,1,"Bousquet, Y. 2010b. Illustrated Identification Guide to Adults and Larvae of Northeastern North American Ground Beetles (Coleoptera: Carabidae). 1st Ed. Pensoft Publishers, Sofia, Bulgaria.","Syw2LXB/pj+fmGCuwdgBGVryVUmYhw3g","Syw2LXB/pj+fmGCuwdgBGVryVUmYhw3g",
"a8482fff-8a73-4f01-92c6-ee8f11a0f010","STEI_005.basePlot.bet","D05","STEI","STEI_005","E","2016-06-08","2016-06-22","2016-06-23","2016-12-30","2016-12-30","STEI_005.E.20160622","qriLSsXGHEw5q2vR9+MXL56kFKXkcoFuMohJ/jRaSPQ=","carabid","PLADEC","Platynus decentis","species",,"Say",,2,"Lindroth, C. H. 1969. The ground-beetles (Carabidae, excl. Cicindelinae) of Canada and Alaska, parts 1-6. Opuscula E. Entomoligiska Sallskapet.","Syw2LXB/pj+fmGCuwdgBGVryVUmYhw3g","Syw2LXB/pj+fmGCuwdgBGVryVUmYhw3g",
"ef35676d-d30d-429f-8e32-d85696a31ae1","STEI_005.basePlot.bet","D05","STEI","STEI_005","E","2016-06-08","2016-06-22","2016-06-23","2016-12-30","2016-12-30","STEI_005.E.20160622","qriLSsXGHEw5q2vR9+MXL/jOB14XpuTZInbAJbti2lA=","carabid","PTENOV","Pterostichus novus","species",,"Straneo",,3,"Bousquet, Y. 2010b. Illustrated Identification Guide to Adults and Larvae of Northeastern North American Ground Beetles (Coleoptera: Carabidae). 1st Ed. Pensoft Publishers, Sofia, Bulgaria.","Syw2LXB/pj+fmGCuwdgBGVryVUmYhw3g","Syw2LXB/pj+fmGCuwdgBGVryVUmYhw3g",
"7e0c4628-be07-44f8-9a11-275fb5e627f2","STEI_005.basePlot.bet","D05","STEI","STEI_005","W","2016-06-08","2016-06-22","2016-06-23","2016-12-30","2016-12-30","STEI_005.W.20160622","qriLSsXGHEz9xtCJXQs1g/oiDPaBO7KX6Mf/39K+vjE=","carabid","PLADEC","Platynus decentis","species",,"Say",,2,"Lindroth, C. H. 1969. The ground-beetles (Carabidae, excl. Cicindelinae) of Canada and Alaska, parts 1-6. Opuscula E. Entomoligiska Sallskapet.","Syw2LXB/pj+fmGCuwdgBGVryVUmYhw3g","Syw2LXB/pj+fmGCuwdgBGVryVUmYhw3g",
"a762f076-d5a5-4793-8b08-a8ad097294cc","STEI_005.basePlot.bet","D05","STEI","STEI_005","N","2016-06-08","2016-06-22","2016-06-23","2016-12-30","2016-12-30","STEI_005.N.20160622","qriLSsXGHEyNX4DJwSWS/gCQ2SxyvsRsIxed4xNIaCo=","carabid","PTEMEL","Pterostichus melanarius melanarius","subspecies",,"Illiger",,1,"Lindroth, C. H. 1969. The ground-beetles (Carabidae, excl. Cicindelinae) of Canada and Alaska, parts 1-6. Opuscula E. Entomoligiska Sallskapet.","Syw2LXB/pj+fmGCuwdgBGVryVUmYhw3g","Syw2LXB/pj+fmGCuwdgBGVryVUmYhw3g",
"75cbcd0b-8bce-4de8-b3bb-cf6bc3816d37","STEI_005.basePlot.bet","D05","STEI","STEI_005","N","2016-06-08","2016-06-22","2016-06-23","2016-12-30","2016-12-30","STEI_005.N.20160622","qriLSsXGHEyNX4DJwSWS/uHlHfj4xRUcblqtMV8lEc8=","carabid","PTENOV","Pterostichus novus","species","cf. species","Straneo",,1,"Bousquet, Y. 2010b. Illustrated Identification Guide to Adults and Larvae of Northeastern North American Ground Beetles (Coleoptera: Carabidae). 1st Ed. Pensoft Publishers, Sofia, Bulgaria.","Syw2LXB/pj+fmGCuwdgBGVryVUmYhw3g","Syw2LXB/pj+fmGCuwdgBGVryVUmYhw3g","could be PTECOR1"
"07fc3193-6f0e-4bca-822f-de200ddc248a","STEI_003.basePlot.bet","D05","STEI","STEI_003","S","2016-06-08","2016-06-22","2016-06-23","2016-12-30","2016-12-30","STEI_003.S.20160622","DWUoTzNcbNlSZ/QF+O+JsuRmD01XUkzXVMKaTli86iQ=","carabid","HARPRO2","Harpalus providens","species","cf. species","Casey",,1,"Bousquet, Y. 2010b. Illustrated Identification Guide to Adults and Larvae of Northeastern North American Ground Beetles (Coleoptera: Carabidae). 1st Ed. Pensoft Publishers, Sofia, Bulgaria.","Syw2LXB/pj+fmGCuwdgBGVryVUmYhw3g","Syw2LXB/pj+fmGCuwdgBGVryVUmYhw3g",
"32faea68-cfe1-4ee2-87d7-8ebefbf55be2","STEI_003.basePlot.bet","D05","STEI","STEI_003","S","2016-06-08","2016-06-22","2016-06-23","2016-12-29","2016-12-29","STEI_003.S.20160622","DWUoTzNcbNlSZ/QF+O+JslWWhck0ZLgdWpo2BwckYsQ=","carabid","PTENOV","Pterostichus novus","species","cf. species","Straneo",,3,"Bousquet, Y. 2010b. Illustrated Identification Guide to Adults and Larvae of Northeastern North American Ground Beetles (Coleoptera: Carabidae). 1st Ed. Pensoft Publishers, Sofia, Bulgaria.","Syw2LXB/pj+fmGCuwdgBGVryVUmYhw3g","Syw2LXB/pj+fmGCuwdgBGVryVUmYhw3g","Could be PTECOR1"
"6b7fa361-9022-485b-a631-0299c0882738","STEI_003.basePlot.bet","D05","STEI","STEI_003","S","2016-06-08","2016-06-22","2016-06-23","2016-12-29","2016-12-29","STEI_003.S.20160622","DWUoTzNcbNlSZ/QF+O+JsqwFcrEJpqsx/PibOmZidRU=","carabid","PLADEC","Platynus decentis","species",,"Say",,1,"Lindroth, C. H. 1969. The ground-beetles (Carabidae, excl. Cicindelinae) of Canada and Alaska, parts 1-6. Opuscula E. Entomoligiska Sallskapet.","Syw2LXB/pj+fmGCuwdgBGVryVUmYhw3g","Syw2LXB/pj+fmGCuwdgBGVryVUmYhw3g",
"022955da-00e8-407f-8def-1036f7523dff","STEI_003.basePlot.bet","D05","STEI","STEI_003","E","2016-06-08","2016-06-22","2016-06-23","2016-12-30","2016-12-30","STEI_003.E.20160622","DWUoTzNcbNnq1bYeJIny3/I1kAGd8O1qga7a8FcmBjo=","carabid","CALING","Calathus ingratus","species","cf. species","Dejean",,1,"Bousquet, Y. 2010b. Illustrated Identification Guide to Adults and Larvae of Northeastern North American Ground Beetles (Coleoptera: Carabidae). 1st Ed. Pensoft Publishers, Sofia, Bulgaria.","Syw2LXB/pj+fmGCuwdgBGVryVUmYhw3g","Syw2LXB/pj+fmGCuwdgBGVryVUmYhw3g","Could be CALGRE"
"88b82d03-adc1-4e58-b618-c1d915513040","STEI_003.basePlot.bet","D05","STEI","STEI_003","E","2016-06-08","2016-06-22","2016-06-23","2016-12-30","2016-12-30","STEI_003.E.20160622","DWUoTzNcbNnq1bYeJIny3xxwEJ2IFsx/4Tu5uILiolk=","carabid","PTEMUT2","Pterostichus mutus","species",,"Say",,1,"Bousquet, Y. 2010b. Illustrated Identification Guide to Adults and Larvae of Northeastern North American Ground Beetles (Coleoptera: Carabidae). 1st Ed. Pensoft Publishers, Sofia, Bulgaria.","Syw2LXB/pj+fmGCuwdgBGVryVUmYhw3g","Syw2LXB/pj+fmGCuwdgBGVryVUmYhw3g",
"aa3c7f30-ea6c-4725-926d-aa01b7576946","STEI_003.basePlot.bet","D05","STEI","STEI_003","E","2016-06-08","2016-06-22","2016-06-23","2016-12-30","2016-12-30","STEI_003.E.20160622","DWUoTzNcbNnq1bYeJIny3xVXp2M+w/ChdJ41ln4tcAw=","carabid","PTENOV","Pterostichus novus","species","cf. species","Straneo",,2,"Bousquet, Y. 2010b. Illustrated Identification Guide to Adults and Larvae of Northeastern North American Ground Beetles (Coleoptera: Carabidae). 1st Ed. Pensoft Publishers, Sofia, Bulgaria.","Syw2LXB/pj+fmGCuwdgBGVryVUmYhw3g","Syw2LXB/pj+fmGCuwdgBGVryVUmYhw3g","could be ptecor1"
"21e653b8-903a-4e93-b47d-cd3abe7f3aa7","STEI_004.basePlot.bet","D05","STEI","STEI_004","W","2016-06-08","2016-06-22","2016-06-23","2016-12-30","2016-12-30","STEI_004.W.20160622","kIMktcbzaDcWTLi6dvbUL9qBDgIyCWkTg++SAZ4Ovhw=","carabid","PTENOV","Pterostichus novus","species","cf. species","Straneo",,4,"Bousquet, Y. 2010b. Illustrated Identification Guide to Adults and Larvae of Northeastern North American Ground Beetles (Coleoptera: Carabidae). 1st Ed. Pensoft Publishers, Sofia, Bulgaria.","Syw2LXB/pj+fmGCuwdgBGVryVUmYhw3g","Syw2LXB/pj+fmGCuwdgBGVryVUmYhw3g","all females; could not use aedeagus to confirm ID; could be PTECOR1"
"e3b5f144-5c9a-4101-942b-80ac7530026f","STEI_004.basePlot.bet","D05","STEI","STEI_004","S","2016-06-08","2016-06-22","2016-06-23","2016-12-30","2016-12-30","STEI_004.S.20160622","kIMktcbzaDc/kh9AKnY4EwQeE3bDxg3i6+/gUkZTu+g=","carabid","PTENOV","Pterostichus novus","species","cf. species","Straneo",,1,"Bousquet, Y. 2010b. Illustrated Identification Guide to Adults and Larvae of Northeastern North American Ground Beetles (Coleoptera: Carabidae). 1st Ed. Pensoft Publishers, Sofia, Bulgaria.","Syw2LXB/pj+fmGCuwdgBGVryVUmYhw3g","Syw2LXB/pj+fmGCuwdgBGVryVUmYhw3g",
"70593fb3-34b4-4c3b-af8d-f271e64e8b70","STEI_004.basePlot.bet","D05","STEI","STEI_004","S","2016-06-08","2016-06-22","2016-06-23","2016-12-30","2016-12-30","STEI_004.S.20160622","kIMktcbzaDc/kh9AKnY4E7xKJnnLiU35r9+6TLhOpbo=","carabid","HARSOM","Harpalus somnulentus","species",,"Dejean",,1,"Bousquet, Y. 2010b. Illustrated Identification Guide to Adults and Larvae of Northeastern North American Ground Beetles (Coleoptera: Carabidae). 1st Ed. Pensoft Publishers, Sofia, Bulgaria.","Syw2LXB/pj+fmGCuwdgBGVryVUmYhw3g","Syw2LXB/pj+fmGCuwdgBGVryVUmYhw3g",
"9a8ffc96-f416-43a3-b5cb-4ae27d9e14b8","STEI_004.basePlot.bet","D05","STEI","STEI_004","W","2016-06-08","2016-06-22","2016-06-23","2016-12-30","2016-12-30","STEI_004.W.20160622","kIMktcbzaDcWTLi6dvbUL7ObNn6uLhSLMSewNkoP1HQ=","carabid","PTEPEN","Pterostichus pensylvanicus","species","cf. species","LeConte",,1,"Bousquet, Y. 2010b. Illustrated Identification Guide to Adults and Larvae of Northeastern North American Ground Beetles (Coleoptera: Carabidae). 1st Ed. Pensoft Publishers, Sofia, Bulgaria.","Syw2LXB/pj+fmGCuwdgBGVryVUmYhw3g","Syw2LXB/pj+fmGCuwdgBGVryVUmYhw3g",
"4dc91752-ca79-41d7-8bb2-cfdfd889f2e8","STEI_004.basePlot.bet","D05","STEI","STEI_004","N","2016-06-08","2016-06-22","2016-06-23","2016-12-30","2016-12-30","STEI_004.N.20160622","kIMktcbzaDc3IGgVHfc16V0DHEwjFj062F/hJe8FmIY=","carabid","SPHSTE1","Sphaeroderus stenostomus lecontei","subspecies",,"Dejean",,2,"Lindroth, C. H. 1969. The ground-beetles (Carabidae, excl. Cicindelinae) of Canada and Alaska, parts 1-6. Opuscula E. Entomoligiska Sallskapet.","Syw2LXB/pj+fmGCuwdgBGVryVUmYhw3g","Syw2LXB/pj+fmGCuwdgBGVryVUmYhw3g",
"e307b4ca-1bd5-46e9-899d-eeeb9f2b0476","STEI_004.basePlot.bet","D05","STEI","STEI_004","W","2016-06-08","2016-06-22","2016-06-23","2016-12-30","2016-12-30","STEI_004.W.20160622","kIMktcbzaDcWTLi6dvbUL9qBDgIyCWkTZYOFp+6PzEY=","carabid","PTENOV","Pterostichus novus","species",,"Straneo",,1,"Bousquet, Y. 2010b. Illustrated Identification Guide to Adults and Larvae of Northeastern North American Ground Beetles (Coleoptera: Carabidae). 1st Ed. Pensoft Publishers, Sofia, Bulgaria.","Syw2LXB/pj+fmGCuwdgBGVryVUmYhw3g","Syw2LXB/pj+fmGCuwdgBGVryVUmYhw3g",
"d0f8e7f6-063f-4651-a6c5-e297e529758e","STEI_002.basePlot.bet","D05","STEI","STEI_002","S","2016-06-08","2016-06-22","2016-06-23","2016-12-29","2016-12-29","STEI_002.S.20160622","aZO6SdKsrBzq/4FlLz71yxXJqrzOFHUqaTw6vhjtFGc=","carabid","PTENOV","Pterostichus novus","species",,"Straneo",,1,"Bousquet, Y. 2010b. Illustrated Identification Guide to Adults and Larvae of Northeastern North American Ground Beetles (Coleoptera: Carabidae). 1st Ed. Pensoft Publishers, Sofia, Bulgaria.","Syw2LXB/pj+fmGCuwdgBGVryVUmYhw3g","Syw2LXB/pj+fmGCuwdgBGVryVUmYhw3g",
"5f7e7fd1-04e7-464e-8971-6dda259f4c63","STEI_001.basePlot.bet","D05","STEI","STEI_001","S","2016-06-08","2016-06-22","2016-06-23","2016-12-29","2016-12-29","STEI_001.S.20160622","7JlQSbZIlXgQ/UyZ2eRQ313gKCKleDStr5CBw5BOP5U=","carabid","PTENOV","Pterostichus novus","species",,"Straneo",,5,"Bousquet, Y. 2010b. Illustrated Identification Guide to Adults and Larvae of Northeastern North American Ground Beetles (Coleoptera: Carabidae). 1st Ed. Pensoft Publishers, Sofia, Bulgaria.","Syw2LXB/pj+fmGCuwdgBGVryVUmYhw3g","Syw2LXB/pj+fmGCuwdgBGVryVUmYhw3g",
"6c1061f7-a636-43b4-bd46-73d8f4291c3f","STEI_001.basePlot.bet","D05","STEI","STEI_001","W","2016-06-08","2016-06-22","2016-06-23","2016-12-29","2016-12-29","STEI_001.W.20160622","7JlQSbZIlXjd5ie4u5mfQm+8WMdtdfvZKiSVvqoippQ=","carabid","PTENOV","Pterostichus novus","species",,"Straneo",,1,"Bousquet, Y. 2010b. Illustrated Identification Guide to Adults and Larvae of Northeastern North American Ground Beetles (Coleoptera: Carabidae). 1st Ed. Pensoft Publishers, Sofia, Bulgaria.","Syw2LXB/pj+fmGCuwdgBGVryVUmYhw3g","Syw2LXB/pj+fmGCuwdgBGVryVUmYhw3g",
"602610ca-51ae-4054-bdbb-9e856b89f9d9","STEI_001.basePlot.bet","D05","STEI","STEI_001","N","2016-06-08","2016-06-22","2016-06-23","2016-12-29","2016-12-29","STEI_001.N.20160622","7JlQSbZIlXgM1rTZEZxYtrbta9LDhCZB+IEY1Ec7apk=","carabid","AGOPAL2","Agonum palustre","species","cf. species","Goulet",,1,"Bousquet, Y. 2010b. Illustrated Identification Guide to Adults and Larvae of Northeastern North American Ground Beetles (Coleoptera: Carabidae). 1st Ed. Pensoft Publishers, Sofia, Bulgaria.","Syw2LXB/pj+fmGCuwdgBGVryVUmYhw3g","Syw2LXB/pj+fmGCuwdgBGVryVUmYhw3g",
"08cfd092-4c69-4bed-8357-72e5cffc6e79","STEI_001.basePlot.bet","D05","STEI","STEI_001","S","2016-06-08","2016-06-22","2016-06-23","2016-12-29","2016-12-29","STEI_001.S.20160622","7JlQSbZIlXgQ/UyZ2eRQ313gKCKleDStLkp7EQ3fbM4=","carabid","PTENOV","Pterostichus novus","species","cf. species","Straneo",,2,"Lindroth, C. H. 1969. The ground-beetles (Carabidae, excl. Cicindelinae) of Canada and Alaska, parts 1-6. Opuscula E. Entomoligiska Sallskapet.","Syw2LXB/pj+fmGCuwdgBGVryVUmYhw3g","Syw2LXB/pj+fmGCuwdgBGVryVUmYhw3g","Could be PTECOR1; no visible aedeagus to confirm ID"
"f98c30c1-31f6-4fae-971e-2664a11d7310","STEI_001.basePlot.bet","D05","STEI","STEI_001","W","2016-06-08","2016-06-22","2016-06-23","2016-12-29","2016-12-29","STEI_001.W.20160622","7JlQSbZIlXjd5ie4u5mfQvq3F59GnofSHBr/c0T4RWw=","carabid","CALFRI","Calosoma frigidum","species",,"Kirby",,3,"Bousquet, Y. 2010b. Illustrated Identification Guide to Adults and Larvae of Northeastern North American Ground Beetles (Coleoptera: Carabidae). 1st Ed. Pensoft Publishers, Sofia, Bulgaria.","Syw2LXB/pj+fmGCuwdgBGVryVUmYhw3g","Syw2LXB/pj+fmGCuwdgBGVryVUmYhw3g",
"c14e6a6e-7906-47e2-958c-29410b4e1a63","STEI_009.basePlot.bet","D05","STEI","STEI_009","W","2016-06-08","2016-06-22","2016-06-23","2016-10-06",,"STEI_009.W.20160622","IGPPmzEoPoe7qps3doIRpNOcSJvhGSKfTS5mG0/lwt8=","invert bycatch",,,,,,,,,,"HRQ2qSmGm8w8Hpt9UYCeWTEDSajtVjQn",
"5f4383cd-005e-4544-8879-ba9bee3f60a7","STEI_003.basePlot.bet","D05","STEI","STEI_003","N","2016-06-08","2016-06-22","2016-06-23","2016-10-05",,"STEI_003.N.20160622","DWUoTzNcbNm732Py3QBe5wkJog1vLunphrvkixqFIoY=","invert bycatch",,,,,,,,,,"HRQ2qSmGm8w8Hpt9UYCeWTEDSajtVjQn",
"900dc3e0-adf0-4354-bdc8-c49c30f6ecde","STEI_003.basePlot.bet","D05","STEI","STEI_003","S","2016-06-08","2016-06-22","2016-06-23","2016-06-23",,"STEI_003.S.20160622","DWUoTzNcbNlSZ/QF+O+JsmSXsFzmvas/rx2h4NQhzpg=","invert bycatch",,,,,,,,,,"HRQ2qSmGm8w8Hpt9UYCeWTEDSajtVjQn",
"2b716e19-ae8b-40fd-baee-8f72b455388d","STEI_009.basePlot.bet","D05","STEI","STEI_009","E","2016-06-08","2016-06-22","2016-06-23","2016-10-05",,"STEI_009.E.20160622","IGPPmzEoPod7z9dNRjRz4BKXtnEk9A4mUqG4Z9cFb4o=","invert bycatch",,,,,,,,,,"HRQ2qSmGm8w8Hpt9UYCeWTEDSajtVjQn",
"725dc8a7-9fe9-4dfa-b69a-42b806d633b7","STEI_003.basePlot.bet","D05","STEI","STEI_003","E","2016-06-08","2016-06-22","2016-06-23","2016-10-06",,"STEI_003.E.20160622","DWUoTzNcbNnq1bYeJIny33kh323WRkFWyc3LpTjJpCk=","invert bycatch",,,,,,,,,,"HRQ2qSmGm8w8Hpt9UYCeWTEDSajtVjQn",
"a97e98bd-af5e-4c8d-98c1-ce25b4cd599a","STEI_009.basePlot.bet","D05","STEI","STEI_009","N","2016-06-08","2016-06-22","2016-06-23","2016-10-05",,"STEI_009.N.20160622","IGPPmzEoPofheTAdCJuKAmQDEj8P5ya67Ob/MPgAIvw=","invert bycatch",,,,,,,,,,"HRQ2qSmGm8w8Hpt9UYCeWTEDSajtVjQn",
"e0d83fc3-e733-42c5-931f-b86e73a842fe","STEI_009.basePlot.bet","D05","STEI","STEI_009","S","2016-06-08","2016-06-22","2016-10-23","2016-10-05",,"STEI_009.S.20160622","IGPPmzEoPodBaaX865MVNzf60eRU4LvLm19qZel27Wg=","invert bycatch",,,,,,,,,"HRQ2qSmGm8w8Hpt9UYCeWTEDSajtVjQn","HRQ2qSmGm8w8Hpt9UYCeWTEDSajtVjQn",
"8a52e5cb-e661-4904-a5d1-fd9497948afe","STEI_009.basePlot.bet","D05","STEI","STEI_009","W","2016-06-08","2016-06-22","2016-06-23","2016-10-06",,"STEI_009.W.20160622","IGPPmzEoPoe7qps3doIRpNOcSJvhGSKfk0x8UFoPNh8=","invert bycatch",,,,,,,,,,"HRQ2qSmGm8w8Hpt9UYCeWTEDSajtVjQn",
"724cdd45-965e-4835-be25-345571ba3b4c","STEI_008.basePlot.bet","D05","STEI","STEI_008","W","2016-06-08","2016-06-22","2016-06-23","2016-10-06",,"STEI_008.W.20160622","RJLsXNaoVcs6LJPrDVuEgde5KlJ087XcbNCmCgQh8Ms=","invert bycatch",,,,,,,,,,"WXmC7HijdM2NsP75v+4sQyVqwIMmMBb8",
