uid,namedLocation,domainID,siteID,plotID,setDate,collectDate,processingDate,subsampleIDList,archiveVialID,scientificName,recordedBy,remarks
"051e9129-32ea-490d-9e2d-cd45495e408b","DSNY_021.basePlot.bet","D03","DSNY","DSNY_021","2015-09-01","2015-09-15","2015-09-17","Erg6c3/ITQv0SP/8jJBxG/1OLTHqCBisiUFs5+yaKRr6KIOuDBgshtLfniHWOkn78TZkeAl0kWGiT17/5HXp7nMIP7M11r24VuZjGVPJStI=","Erg6c3/ITQszd1OUQLYnJ+h1v9bRGeiM",,,
"4b912982-d538-4782-89a3-1cbb1c44e86b","DSNY_016.basePlot.bet","D03","DSNY","DSNY_016","2015-09-01","2015-09-15","2015-09-17","d/dxr9yOJlOlhhlnaqBqMk8prlyd7OgYfBy88g7SdlRfMVP2jC7WvC24V3jesgkdsRVJSGSng2MnfjNzb+QfFONhocdTj4t2hb5XTfiVTseHQMNFY4hjuXhJUWGSix9JDaCFsrT4h6w=","d/dxr9yOJlOosKUB2dpYajA9++pAnWDn",,,
"a89cb1fb-5367-4d20-98b2-365d391fbbf9","DSNY_001.basePlot.bet","D03","DSNY","DSNY_001","2015-09-01","2015-09-15","2015-09-16","bfz4aAWYKWWPiWFgKcm+UZzELy54qhGYW9Hmjk55USArETqY+KoH0/vWnD8XVZcLTJZsP8WRI2b/0tdo188gmWojnoG34bcVpZ8GkVCOQ0BJBSiPYvYaU7FR6cP9Ah6F39FTpKC900U=","bfz4aAWYKWU/s4H3o70ruxGMSHwoCBo2",,,
"1cf2d244-c12d-466f-97c1-eb7e77d91481","DSNY_007.basePlot.bet","D03","DSNY","DSNY_007","2015-09-01","2015-09-15","2015-09-17","DHLBW1gsF9GeLX0VNmi6RWAxg+IJ0SU4ExDvJ7kV8HBM11tY6hGhDpDvWt+7N5fceN4yv4fqknf3R75IFNkoNPnICe7u+nCIruWP18VCmjI=","DHLBW1gsF9FO1MZkDsPQ2fzRSN8PaGRT",,,
"b86c93e8-0624-401e-8c7b-5569ce89109f","DSNY_001.basePlot.bet","D03","DSNY","DSNY_001","2015-09-15","2015-09-29","2015-09-30","bfz4aAWYKWVnKJoU3shVmWxAbdD0Ma87JXi1GZkarI7/td28Tz2aiUQaSIc9muazpznYgH4X88dwQOGYjQ3kX50vSLkBju//kKaEwnAkMDfgkfWiNHXMFkh/W0Nz/p0cvnJfuDKQZ3k=","bfz4aAWYKWUBtuQeMLP+8iSK4gYaaW1s",,,
