uid,namedLocation,domainID,siteID,plotID,trapID,setDate,collectDate,processingDate,identifiedDate,subsampleID,individualID,taxonID,scientificName,taxonRank,identificationQualifier,scientificNameAuthorship,morphospeciesID,identificationReferences,totalLength,identifiedBy,recordedBy,remarks
"72720c3c-9a05-4776-a4c0-7742afdbabf4","TREE_007.basePlot.bet","D05","TREE","TREE_007","E","2015-06-29","2015-07-13","2015-11-16","2015-11-16","zNjpTCy9RjiqimYjs+i65GLA9PvjpsVrvijS5O4FgB8=","NEON.BET.D05.000797","SYNIMP","Synuchus impunctatus","species",,"Say",,"Lindroth, C. H. 1969. The ground-beetles (Carabidae, excl. Cicindelinae) of Canada and Alaska, parts 1-6. Opuscula E. Entomoligiska Sallskapet.",,"Syw2LXB/pj+fmGCuwdgBGVryVUmYhw3g","Syw2LXB/pj+fmGCuwdgBGVryVUmYhw3g",
"f3d4ff3b-67d3-4e22-9c4c-56485b1d0819","TREE_003.basePlot.bet","D05","TREE","TREE_003","W","2015-06-29","2015-07-13","2015-11-16","2015-11-16","xhFTIPW83ikwECrHDTenomvPCSbmKoIWZXGcshLi3O8=","NEON.BET.D05.000788","SYNIMP","Synuchus impunctatus","species",,"Say",,"Lindroth, C. H. 1969. The ground-beetles (Carabidae, excl. Cicindelinae) of Canada and Alaska, parts 1-6. Opuscula E. Entomoligiska Sallskapet.",,"Syw2LXB/pj+fmGCuwdgBGVryVUmYhw3g","Syw2LXB/pj+fmGCuwdgBGVryVUmYhw3g",
"a3ef4fdc-8e5c-4600-80b4-3eb0c8f88863","TREE_007.basePlot.bet","D05","TREE","TREE_007","E","2015-06-29","2015-07-13","2015-11-16","2015-11-16","zNjpTCy9RjiqimYjs+i65GLA9PvjpsVrvijS5O4FgB8=","NEON.BET.D05.000798","SYNIMP","Synuchus impunctatus","species",,"Say",,"Lindroth, C. H. 1969. The ground-beetles (Carabidae, excl. Cicindelinae) of Canada and Alaska, parts 1-6. Opuscula E. Entomoligiska Sallskapet.",,"Syw2LXB/pj+fmGCuwdgBGVryVUmYhw3g","Syw2LXB/pj+fmGCuwdgBGVryVUmYhw3g",
"531e04e8-c881-4095-b31a-942772318e9f","TREE_007.basePlot.bet","D05","TREE","TREE_007","E","2015-06-29","2015-07-13","2015-11-16","2015-11-16","zNjpTCy9RjiqimYjs+i65GLA9PvjpsVrvijS5O4FgB8=","NEON.BET.D05.000795","SYNIMP","Synuchus impunctatus","species",,"Say",,"Lindroth, C. H. 1969. The ground-beetles (Carabidae, excl. Cicindelinae) of Canada and Alaska, parts 1-6. Opuscula E. Entomoligiska Sallskapet.",,"Syw2LXB/pj+fmGCuwdgBGVryVUmYhw3g","Syw2LXB/pj+fmGCuwdgBGVryVUmYhw3g",
"0ad17aae-066a-4441-a4eb-0fde40e16205","TREE_014.basePlot.bet","D05","TREE","TREE_014","E","2015-06-29","2015-07-13","2015-11-16","2015-11-16","g2mJ5zU0mwqA987poPvtSj5/e64/4eysWeP1nywhGeY=","NEON.BET.D05.000805","SYNIMP","Synuchus impunctatus","species",,"Say",,"Lindroth, C. H. 1969. The ground-beetles (Carabidae, excl. Cicindelinae) of Canada and Alaska, parts 1-6. Opuscula E. Entomoligiska Sallskapet.",,"Syw2LXB/pj+fmGCuwdgBGVryVUmYhw3g","Syw2LXB/pj+fmGCuwdgBGVryVUmYhw3g",
"518205e6-1ce7-44de-921d-6b17c7436318","TREE_014.basePlot.bet","D05","TREE","TREE_014","E","2015-06-29","2015-07-13","2015-11-16","2015-11-16","g2mJ5zU0mwqA987poPvtSj5/e64/4eysWeP1nywhGeY=","NEON.BET.D05.000804","SYNIMP","Synuchus impunctatus","species",,"Say",,"Lindroth, C. H. 1969. The ground-beetles (Carabidae, excl. Cicindelinae) of Canada and Alaska, parts 1-6. Opuscula E. Entomoligiska Sallskapet.",,"Syw2LXB/pj+fmGCuwdgBGVryVUmYhw3g","Syw2LXB/pj+fmGCuwdgBGVryVUmYhw3g",
"3a7b747c-9069-41b6-85f5-0bb470d7aea8","TREE_014.basePlot.bet","D05","TREE","TREE_014","E","2015-06-29","2015-07-13","2015-11-16","2015-11-16","g2mJ5zU0mwqA987poPvtSj5/e64/4eysWeP1nywhGeY=","NEON.BET.D05.000803","SYNIMP","Synuchus impunctatus","species",,"Say",,"Lindroth, C. H. 1969. The ground-beetles (Carabidae, excl. Cicindelinae) of Canada and Alaska, parts 1-6. Opuscula E. Entomoligiska Sallskapet.",,"Syw2LXB/pj+fmGCuwdgBGVryVUmYhw3g","Syw2LXB/pj+fmGCuwdgBGVryVUmYhw3g",
"0cab8ea2-eb5e-497d-bbb5-fcb97efa8635","TREE_003.basePlot.bet","D05","TREE","TREE_003","E","2015-06-29","2015-07-13","2015-11-16","2015-11-16","xhFTIPW83ilvRRxKxOdS9ixi76zcVBG/sW+ewtR1dYw=","NEON.BET.D05.000787","SYNIMP","Synuchus impunctatus","species",,"Say",,"Lindroth, C. H. 1969. The ground-beetles (Carabidae, excl. Cicindelinae) of Canada and Alaska, parts 1-6. Opuscula E. Entomoligiska Sallskapet.",,"Syw2LXB/pj+fmGCuwdgBGVryVUmYhw3g","Syw2LXB/pj+fmGCuwdgBGVryVUmYhw3g",
"dadf8a12-3782-40d6-9391-f8d529e13ed7","TREE_007.basePlot.bet","D05","TREE","TREE_007","E","2015-06-29","2015-07-13","2015-11-16","2015-11-16","zNjpTCy9RjiqimYjs+i65GLA9PvjpsVrvijS5O4FgB8=","NEON.BET.D05.000794","SYNIMP","Synuchus impunctatus","species",,"Say",,"Lindroth, C. H. 1969. The ground-beetles (Carabidae, excl. Cicindelinae) of Canada and Alaska, parts 1-6. Opuscula E. Entomoligiska Sallskapet.",,"Syw2LXB/pj+fmGCuwdgBGVryVUmYhw3g","Syw2LXB/pj+fmGCuwdgBGVryVUmYhw3g",
"14616aab-29b5-45dd-b2d4-40374944e471","TREE_003.basePlot.bet","D05","TREE","TREE_003","E","2015-06-29","2015-07-13","2015-11-16","2015-11-16","xhFTIPW83ilvRRxKxOdS9sZYs2TarrZntVQrrUKl7Wg=","NEON.BET.D05.000778","PTECOR1","Pterostichus coracinus","species","cf. species","Newman",,"Bousquet, Y. 2010b. Illustrated Identification Guide to Adults and Larvae of Northeastern North American Ground Beetles (Coleoptera: Carabidae). 1st Ed. Pensoft Publishers, Sofia, Bulgaria.",,"Syw2LXB/pj+fmGCuwdgBGVryVUmYhw3g","Syw2LXB/pj+fmGCuwdgBGVryVUmYhw3g","Could be PTENOV"
"9611cbe1-4fe8-4216-ba19-c4dc24d80df9","TREE_004.basePlot.bet","D05","TREE","TREE_004","E","2015-06-29","2015-07-13","2015-12-01","2015-11-16","O9CsZllnq88NOcEA/IFWn/Sb8a6e4NB5DJtRznxtQqk=","NEON.BET.D05.000726","PTEPEN","Pterostichus pensylvanicus","species","cf. species","LeConte",,"Bousquet, Y. 2010b. Illustrated Identification Guide to Adults and Larvae of Northeastern North American Ground Beetles (Coleoptera: Carabidae). 1st Ed. Pensoft Publishers, Sofia, Bulgaria.",,"Syw2LXB/pj+fmGCuwdgBGVryVUmYhw3g","Syw2LXB/pj+fmGCuwdgBGVryVUmYhw3g","Body proportions suggest pteads but only 2 clip set each on protibial comb."
"5132813c-1c7a-49dd-8747-2cd8c08a1bec","TREE_004.basePlot.bet","D05","TREE","TREE_004","E","2015-06-29","2015-07-13","2015-11-16","2015-11-16","O9CsZllnq88NOcEA/IFWn1kJYCdQAHhdyVDMSW9MfJE=","NEON.BET.D05.000765","PLADEC","Platynus decentis","species",,"Say",,"Lindroth, C. H. 1969. The ground-beetles (Carabidae, excl. Cicindelinae) of Canada and Alaska, parts 1-6. Opuscula E. Entomoligiska Sallskapet.",,"Syw2LXB/pj+fmGCuwdgBGVryVUmYhw3g","Syw2LXB/pj+fmGCuwdgBGVryVUmYhw3g",
"1941f559-12fb-4741-b1e5-161c1e5037f1","TREE_007.basePlot.bet","D05","TREE","TREE_007","N","2015-06-29","2015-07-13","2015-11-16","2015-11-16","zNjpTCy9RjjyhI6aAeDanTYg/ASp/QiVTlcil9EF+R0=","NEON.BET.D05.000791","SYNIMP","Synuchus impunctatus","species",,"Say",,"Lindroth, C. H. 1969. The ground-beetles (Carabidae, excl. Cicindelinae) of Canada and Alaska, parts 1-6. Opuscula E. Entomoligiska Sallskapet.",,"Syw2LXB/pj+fmGCuwdgBGVryVUmYhw3g","Syw2LXB/pj+fmGCuwdgBGVryVUmYhw3g",
"157e727c-9627-445b-9e05-2db3765779e0","TREE_007.basePlot.bet","D05","TREE","TREE_007","N","2015-06-29","2015-07-13","2015-11-16","2015-11-16","zNjpTCy9RjjyhI6aAeDanTYg/ASp/QiVTlcil9EF+R0=","NEON.BET.D05.000790","SYNIMP","Synuchus impunctatus","species",,"Say",,"Lindroth, C. H. 1969. The ground-beetles (Carabidae, excl. Cicindelinae) of Canada and Alaska, parts 1-6. Opuscula E. Entomoligiska Sallskapet.",,"Syw2LXB/pj+fmGCuwdgBGVryVUmYhw3g","Syw2LXB/pj+fmGCuwdgBGVryVUmYhw3g",
"7e905605-19c2-4e2d-8506-9eedd0a4afc7","TREE_007.basePlot.bet","D05","TREE","TREE_007","N","2015-06-29","2015-07-13","2015-11-16","2015-11-16","zNjpTCy9RjjyhI6aAeDanTYg/ASp/QiVTlcil9EF+R0=","NEON.BET.D05.000789","SYNIMP","Synuchus impunctatus","species",,"Say",,"Lindroth, C. H. 1969. The ground-beetles (Carabidae, excl. Cicindelinae) of Canada and Alaska, parts 1-6. Opuscula E. Entomoligiska Sallskapet.",,"Syw2LXB/pj+fmGCuwdgBGVryVUmYhw3g","Syw2LXB/pj+fmGCuwdgBGVryVUmYhw3g",
"039c28ec-14e3-426a-a1bc-24d6f2f27d89","TREE_003.basePlot.bet","D05","TREE","TREE_003","N","2015-06-29","2015-07-13","2015-11-16","2015-11-16","xhFTIPW83ikA4aq41xHFva6yg92/RxA+EASzBNRcJhc=","NEON.BET.D05.000785","SYNIMP","Synuchus impunctatus","species",,"Say",,"Lindroth, C. H. 1969. The ground-beetles (Carabidae, excl. Cicindelinae) of Canada and Alaska, parts 1-6. Opuscula E. Entomoligiska Sallskapet.",,"Syw2LXB/pj+fmGCuwdgBGVryVUmYhw3g","Syw2LXB/pj+fmGCuwdgBGVryVUmYhw3g",
"264de14d-be4e-4641-bce2-e3cc60b7fb40","TREE_003.basePlot.bet","D05","TREE","TREE_003","N","2015-06-29","2015-07-13","2015-12-01","2015-11-16","xhFTIPW83ikA4aq41xHFvVQxUhajk6slCUPgsFHXb24=","NEON.BET.D05.000736","PTEMEL","Pterostichus melanarius melanarius","subspecies",,"Illiger",,"Lindroth, C. H. 1969. The ground-beetles (Carabidae, excl. Cicindelinae) of Canada and Alaska, parts 1-6. Opuscula E. Entomoligiska Sallskapet.",,"Syw2LXB/pj+fmGCuwdgBGVryVUmYhw3g","Syw2LXB/pj+fmGCuwdgBGVryVUmYhw3g",
"507ec703-b15a-4c38-a98d-b0b1b61d9caa","TREE_003.basePlot.bet","D05","TREE","TREE_003","N","2015-06-29","2015-07-13","2015-12-01","2015-11-16","xhFTIPW83ikA4aq41xHFvVQxUhajk6slCUPgsFHXb24=","NEON.BET.D05.000733","PTEMEL","Pterostichus melanarius melanarius","subspecies",,"Illiger",,"Lindroth, C. H. 1969. The ground-beetles (Carabidae, excl. Cicindelinae) of Canada and Alaska, parts 1-6. Opuscula E. Entomoligiska Sallskapet.",,"Syw2LXB/pj+fmGCuwdgBGVryVUmYhw3g","Syw2LXB/pj+fmGCuwdgBGVryVUmYhw3g",
"da98f921-2ac9-416c-9a8e-a555115a1a8a","TREE_003.basePlot.bet","D05","TREE","TREE_003","N","2015-06-29","2015-07-13","2015-12-01","2015-11-16","xhFTIPW83ikA4aq41xHFvVQxUhajk6slCUPgsFHXb24=","NEON.BET.D05.000734","PTEMEL","Pterostichus melanarius melanarius","subspecies",,"Illiger",,"Lindroth, C. H. 1969. The ground-beetles (Carabidae, excl. Cicindelinae) of Canada and Alaska, parts 1-6. Opuscula E. Entomoligiska Sallskapet.",,"Syw2LXB/pj+fmGCuwdgBGVryVUmYhw3g","Syw2LXB/pj+fmGCuwdgBGVryVUmYhw3g",
"b95a0d0c-1520-4b47-8e99-49fe8d303127","TREE_003.basePlot.bet","D05","TREE","TREE_003","N","2015-06-29","2015-07-13","2015-12-01","2015-11-16","xhFTIPW83ikA4aq41xHFvVQxUhajk6slCUPgsFHXb24=","NEON.BET.D05.000731","PTEMEL","Pterostichus melanarius melanarius","subspecies",,"Illiger",,"Lindroth, C. H. 1969. The ground-beetles (Carabidae, excl. Cicindelinae) of Canada and Alaska, parts 1-6. Opuscula E. Entomoligiska Sallskapet.",,"Syw2LXB/pj+fmGCuwdgBGVryVUmYhw3g","Syw2LXB/pj+fmGCuwdgBGVryVUmYhw3g",
"de4ff0f4-8fbc-47eb-b225-ff2b0edf3da3","TREE_003.basePlot.bet","D05","TREE","TREE_003","N","2015-06-29","2015-07-13","2015-12-01","2015-11-16","xhFTIPW83ikA4aq41xHFvVQxUhajk6slCUPgsFHXb24=","NEON.BET.D05.000730","PTEMEL","Pterostichus melanarius melanarius","subspecies",,"Illiger",,"Lindroth, C. H. 1969. The ground-beetles (Carabidae, excl. Cicindelinae) of Canada and Alaska, parts 1-6. Opuscula E. Entomoligiska Sallskapet.",,"Syw2LXB/pj+fmGCuwdgBGVryVUmYhw3g","Syw2LXB/pj+fmGCuwdgBGVryVUmYhw3g",
"dd185608-9806-44ff-8dbe-1509b08069a4","TREE_003.basePlot.bet","D05","TREE","TREE_003","N","2015-06-29","2015-07-13","2015-12-01","2015-11-16","xhFTIPW83ikA4aq41xHFvVQxUhajk6slCUPgsFHXb24=","NEON.BET.D05.000735","PTEMEL","Pterostichus melanarius melanarius","subspecies",,"Illiger",,"Lindroth, C. H. 1969. The ground-beetles (Carabidae, excl. Cicindelinae) of Canada and Alaska, parts 1-6. Opuscula E. Entomoligiska Sallskapet.",,"Syw2LXB/pj+fmGCuwdgBGVryVUmYhw3g","Syw2LXB/pj+fmGCuwdgBGVryVUmYhw3g",
"2becc36a-4cc7-428f-ad8e-85c33aa9a21d","TREE_003.basePlot.bet","D05","TREE","TREE_003","N","2015-06-29","2015-07-13","2015-12-01","2015-11-16","xhFTIPW83ikA4aq41xHFvVQxUhajk6slCUPgsFHXb24=","NEON.BET.D05.000732","PTEMEL","Pterostichus melanarius melanarius","subspecies",,"Illiger",,"Lindroth, C. H. 1969. The ground-beetles (Carabidae, excl. Cicindelinae) of Canada and Alaska, parts 1-6. Opuscula E. Entomoligiska Sallskapet.",,"Syw2LXB/pj+fmGCuwdgBGVryVUmYhw3g","Syw2LXB/pj+fmGCuwdgBGVryVUmYhw3g",
"e6d87d6e-ea78-4d5b-b907-cdbb3e4277c2","TREE_003.basePlot.bet","D05","TREE","TREE_003","N","2015-06-29","2015-07-13","2015-12-01","2015-11-16","xhFTIPW83ikA4aq41xHFvVQxUhajk6slCUPgsFHXb24=","NEON.BET.D05.000729","PTEMEL","Pterostichus melanarius melanarius","subspecies",,"Illiger",,"Lindroth, C. H. 1969. The ground-beetles (Carabidae, excl. Cicindelinae) of Canada and Alaska, parts 1-6. Opuscula E. Entomoligiska Sallskapet.",,"Syw2LXB/pj+fmGCuwdgBGVryVUmYhw3g","Syw2LXB/pj+fmGCuwdgBGVryVUmYhw3g",
"63c5a806-6f1a-4076-b025-602619fb02c5","TREE_015.basePlot.bet","D05","TREE","TREE_015","N","2015-06-29","2015-07-13","2015-11-16","2015-11-16","nEBhHqVTR1422gxPXCwbt+NX1qpxbjycQIYqmKlHBuw=","NEON.BET.D05.000834","CARNEM","Carabus nemoralis nemoralis","subspecies",,"Mueller",,"Lindroth, C. H. 1969. The ground-beetles (Carabidae, excl. Cicindelinae) of Canada and Alaska, parts 1-6. Opuscula E. Entomoligiska Sallskapet.",,"Syw2LXB/pj+fmGCuwdgBGVryVUmYhw3g","Syw2LXB/pj+fmGCuwdgBGVryVUmYhw3g",
"81524772-e261-4b44-be39-582715f0f16c","TREE_007.basePlot.bet","D05","TREE","TREE_007","N","2015-06-29","2015-07-13","2015-11-16","2015-11-16","zNjpTCy9RjjyhI6aAeDanTIr7aGuZez0+JeSShh57Gs=","NEON.BET.D05.000754","SPHSTE1","Sphaeroderus stenostomus lecontei","subspecies",,"Dejean",,"Lindroth, C. H. 1969. The ground-beetles (Carabidae, excl. Cicindelinae) of Canada and Alaska, parts 1-6. Opuscula E. Entomoligiska Sallskapet.",,"Syw2LXB/pj+fmGCuwdgBGVryVUmYhw3g","Syw2LXB/pj+fmGCuwdgBGVryVUmYhw3g",
"70cd01e0-b7f0-4d34-b1f2-d56ece1287ca","TREE_014.basePlot.bet","D05","TREE","TREE_014","N","2015-06-29","2015-07-13","2015-11-16","2015-11-16","g2mJ5zU0mwqOkUcsZkCFjeVr69NqP+M70RzcnmlpnQc=","NEON.BET.D05.000833","CARNEM","Carabus nemoralis nemoralis","subspecies",,"Mueller",,"Lindroth, C. H. 1969. The ground-beetles (Carabidae, excl. Cicindelinae) of Canada and Alaska, parts 1-6. Opuscula E. Entomoligiska Sallskapet.",,"Syw2LXB/pj+fmGCuwdgBGVryVUmYhw3g","Syw2LXB/pj+fmGCuwdgBGVryVUmYhw3g",
"df1d8d5b-1dd2-4e5d-aa15-512e863da32f","TREE_007.basePlot.bet","D05","TREE","TREE_007","S","2015-06-29","2015-07-13","2015-11-16","2015-11-16","zNjpTCy9RjhZbluTvDoyyWTwaaONFsWRXmwUNZM0cjE=","NEON.BET.D05.000793","SYNIMP","Synuchus impunctatus","species",,"Say",,"Lindroth, C. H. 1969. The ground-beetles (Carabidae, excl. Cicindelinae) of Canada and Alaska, parts 1-6. Opuscula E. Entomoligiska Sallskapet.",,"Syw2LXB/pj+fmGCuwdgBGVryVUmYhw3g","Syw2LXB/pj+fmGCuwdgBGVryVUmYhw3g",
"7ada47d9-dcf7-45da-ada7-c66df45223e9","TREE_003.basePlot.bet","D05","TREE","TREE_003","N","2015-06-29","2015-07-13","2015-12-01","2015-11-16","xhFTIPW83ikA4aq41xHFvZwElcspTWbput8Sknuyf/4=","NEON.BET.D05.000725","PTEPEN","Pterostichus pensylvanicus","species","cf. species","LeConte",,"Bousquet, Y. 2010b. Illustrated Identification Guide to Adults and Larvae of Northeastern North American Ground Beetles (Coleoptera: Carabidae). 1st Ed. Pensoft Publishers, Sofia, Bulgaria.",,"Syw2LXB/pj+fmGCuwdgBGVryVUmYhw3g","2ufDk5xAqBGFLsH2sEBSW9xLH6dI6FCM","Could be pteads."
"ffe6f966-ec3b-43b7-934b-72a5dc82c3e1","TREE_006.basePlot.bet","D05","TREE","TREE_006","S","2015-06-29","2015-07-13","2015-11-30","2015-11-16","4fQ7nDpzzlE1XS2ktlWeQFgV+youfa2Yr33NNDOBpeU=","NEON.BET.D05.000705","PTECOR1","Pterostichus coracinus","species",,"Newman",,"Bousquet, Y. 2010b. Illustrated Identification Guide to Adults and Larvae of Northeastern North American Ground Beetles (Coleoptera: Carabidae). 1st Ed. Pensoft Publishers, Sofia, Bulgaria.",,"Syw2LXB/pj+fmGCuwdgBGVryVUmYhw3g","Syw2LXB/pj+fmGCuwdgBGVryVUmYhw3g",
"c851be8c-7998-440e-8d12-89d846c9197a","TREE_007.basePlot.bet","D05","TREE","TREE_007","S","2015-06-29","2015-07-13","2015-11-16","2015-11-16","zNjpTCy9RjhZbluTvDoyyWTwaaONFsWRXmwUNZM0cjE=","NEON.BET.D05.000792","SYNIMP","Synuchus impunctatus","species",,"Say",,"Lindroth, C. H. 1969. The ground-beetles (Carabidae, excl. Cicindelinae) of Canada and Alaska, parts 1-6. Opuscula E. Entomoligiska Sallskapet.",,"Syw2LXB/pj+fmGCuwdgBGVryVUmYhw3g","Syw2LXB/pj+fmGCuwdgBGVryVUmYhw3g",
"893f5a49-71af-470c-a654-4ac4241fe6e2","TREE_003.basePlot.bet","D05","TREE","TREE_003","S","2015-06-29","2015-07-13","2015-11-16","2015-11-16","xhFTIPW83ilO1Zedd08sQWsn3G8DoWSyOrKz2be5NDs=","NEON.BET.D05.000786","SYNIMP","Synuchus impunctatus","species",,"Say",,"Lindroth, C. H. 1969. The ground-beetles (Carabidae, excl. Cicindelinae) of Canada and Alaska, parts 1-6. Opuscula E. Entomoligiska Sallskapet.",,"Syw2LXB/pj+fmGCuwdgBGVryVUmYhw3g","Syw2LXB/pj+fmGCuwdgBGVryVUmYhw3g",
"6846d98c-cdda-4f04-9eaf-e8a484ab49db","TREE_003.basePlot.bet","D05","TREE","TREE_003","S","2015-06-29","2015-07-13","2015-11-17","2015-11-17","xhFTIPW83ilO1Zedd08sQWrLo7l1nmgHd65+SE8DX5w=","NEON.BET.D05.000849","CARSYL","Carabus sylvosus","species",,"Say",,"Lindroth, C. H. 1969. The ground-beetles (Carabidae, excl. Cicindelinae) of Canada and Alaska, parts 1-6. Opuscula E. Entomoligiska Sallskapet.",,"Syw2LXB/pj+fmGCuwdgBGVryVUmYhw3g","Syw2LXB/pj+fmGCuwdgBGVryVUmYhw3g",
"bf1bcd68-1911-445e-a038-8c5d24d61c42","TREE_003.basePlot.bet","D05","TREE","TREE_003","S","2015-06-29","2015-07-13","2015-11-17","2015-11-17","xhFTIPW83ilO1Zedd08sQXt0K6zrg5Fxc51jK3AJSXg=","NEON.BET.D05.000775","HARLAT","Harpalus laticeps","species","cf. species","LeConte",,"Bousquet, Y. 2010b. Illustrated Identification Guide to Adults and Larvae of Northeastern North American Ground Beetles (Coleoptera: Carabidae). 1st Ed. Pensoft Publishers, Sofia, Bulgaria.",,"Syw2LXB/pj+fmGCuwdgBGVryVUmYhw3g","Syw2LXB/pj+fmGCuwdgBGVryVUmYhw3g","Could be HARPRO3"
"7821312e-3a77-4d6a-b655-3ea90babd4d2","TREE_015.basePlot.bet","D05","TREE","TREE_015","S","2015-06-29","2015-07-13","2015-11-16","2015-11-16","nEBhHqVTR17oTFts/ZW1EUvGfiQXu7rR4S2q0xRisWw=","NEON.BET.D05.000766","AGOGRA","Agonum gratiosum","species",,"Mannerheim",,"Lindroth, C. H. 1969. The ground-beetles (Carabidae, excl. Cicindelinae) of Canada and Alaska, parts 1-6. Opuscula E. Entomoligiska Sallskapet.",,"Syw2LXB/pj+fmGCuwdgBGVryVUmYhw3g","Syw2LXB/pj+fmGCuwdgBGVryVUmYhw3g",
"b019ddb6-ad8d-448e-ab53-c7d27601b660","TREE_007.basePlot.bet","D05","TREE","TREE_007","W","2015-06-29","2015-07-13","2015-11-16","2015-11-16","zNjpTCy9RjhdOjokYlDqDQwI/QxVZGsdZMHeTby8C94=","NEON.BET.D05.000801","SYNIMP","Synuchus impunctatus","species",,"Say",,"Lindroth, C. H. 1969. The ground-beetles (Carabidae, excl. Cicindelinae) of Canada and Alaska, parts 1-6. Opuscula E. Entomoligiska Sallskapet.",,"Syw2LXB/pj+fmGCuwdgBGVryVUmYhw3g","Syw2LXB/pj+fmGCuwdgBGVryVUmYhw3g",
"7bb5587f-f9f2-450a-a52c-a1da2f694bde","TREE_007.basePlot.bet","D05","TREE","TREE_007","W","2015-06-29","2015-07-13","2015-11-16","2015-11-16","zNjpTCy9RjhdOjokYlDqDQwI/QxVZGsdZMHeTby8C94=","NEON.BET.D05.000800","SYNIMP","Synuchus impunctatus","species",,"Say",,"Lindroth, C. H. 1969. The ground-beetles (Carabidae, excl. Cicindelinae) of Canada and Alaska, parts 1-6. Opuscula E. Entomoligiska Sallskapet.",,"Syw2LXB/pj+fmGCuwdgBGVryVUmYhw3g","Syw2LXB/pj+fmGCuwdgBGVryVUmYhw3g",
"56326fd0-d56c-4a4b-b383-a6123678fc76","TREE_007.basePlot.bet","D05","TREE","TREE_007","W","2015-06-29","2015-07-13","2015-11-16","2015-11-16","zNjpTCy9RjhdOjokYlDqDQwI/QxVZGsdZMHeTby8C94=","NEON.BET.D05.000802","SYNIMP","Synuchus impunctatus","species",,"Say",,"Lindroth, C. H. 1969. The ground-beetles (Carabidae, excl. Cicindelinae) of Canada and Alaska, parts 1-6. Opuscula E. Entomoligiska Sallskapet.",,"Syw2LXB/pj+fmGCuwdgBGVryVUmYhw3g","Syw2LXB/pj+fmGCuwdgBGVryVUmYhw3g",
"1f4bbb58-6c1d-417c-be2a-61fd7ac2d6a8","TREE_007.basePlot.bet","D05","TREE","TREE_007","W","2015-06-29","2015-07-13","2015-11-16","2015-11-16","zNjpTCy9RjhdOjokYlDqDQwI/QxVZGsdZMHeTby8C94=","NEON.BET.D05.000799","SYNIMP","Synuchus impunctatus","species",,"Say",,"Lindroth, C. H. 1969. The ground-beetles (Carabidae, excl. Cicindelinae) of Canada and Alaska, parts 1-6. Opuscula E. Entomoligiska Sallskapet.",,"Syw2LXB/pj+fmGCuwdgBGVryVUmYhw3g","Syw2LXB/pj+fmGCuwdgBGVryVUmYhw3g",
"6091be87-d2ed-47fa-a9d1-74c450802334","TREE_007.basePlot.bet","D05","TREE","TREE_007","E","2015-06-29","2015-07-13","2015-11-16","2015-11-16","zNjpTCy9RjiqimYjs+i65GLA9PvjpsVrvijS5O4FgB8=","NEON.BET.D05.000796","SYNIMP","Synuchus impunctatus","species",,"Say",,"Lindroth, C. H. 1969. The ground-beetles (Carabidae, excl. Cicindelinae) of Canada and Alaska, parts 1-6. Opuscula E. Entomoligiska Sallskapet.",,"Syw2LXB/pj+fmGCuwdgBGVryVUmYhw3g","Syw2LXB/pj+fmGCuwdgBGVryVUmYhw3g",
"7eed6cf8-802c-456b-a747-4c796bc5b225","TREE_003.basePlot.bet","D05","TREE","TREE_003","E","2015-07-13","2015-07-27","2015-11-19","2015-11-19","xhFTIPW83ilvRRxKxOdS9t0MCSEZxvRva8pXuqiANlQ=","NEON.BET.D05.000808","SYNIMP","Synuchus impunctatus","species",,"Say",,"Lindroth, C. H. 1969. The ground-beetles (Carabidae, excl. Cicindelinae) of Canada and Alaska, parts 1-6. Opuscula E. Entomoligiska Sallskapet.",,"Syw2LXB/pj+fmGCuwdgBGVryVUmYhw3g","Syw2LXB/pj+fmGCuwdgBGVryVUmYhw3g",
"7cf2df0d-6b5e-462c-b3b7-2c9f23f30a68","TREE_007.basePlot.bet","D05","TREE","TREE_007","N","2015-07-13","2015-07-27","2015-11-18","2015-11-18","zNjpTCy9RjjyhI6aAeDanf0Iw187zHMCQqCHLjOJWLg=","NEON.BET.D05.000813","SYNIMP","Synuchus impunctatus","species",,"Say",,"Lindroth, C. H. 1969. The ground-beetles (Carabidae, excl. Cicindelinae) of Canada and Alaska, parts 1-6. Opuscula E. Entomoligiska Sallskapet.",,"Syw2LXB/pj+fmGCuwdgBGVryVUmYhw3g","Syw2LXB/pj+fmGCuwdgBGVryVUmYhw3g",
"3c34e509-3463-48c5-bb1f-92bb417d2c6f","TREE_007.basePlot.bet","D05","TREE","TREE_007","N","2015-07-13","2015-07-27","2015-11-18","2015-11-18","zNjpTCy9RjjyhI6aAeDanf0Iw187zHMCQqCHLjOJWLg=","NEON.BET.D05.000812","SYNIMP","Synuchus impunctatus","species",,"Say",,"Lindroth, C. H. 1969. The ground-beetles (Carabidae, excl. Cicindelinae) of Canada and Alaska, parts 1-6. Opuscula E. Entomoligiska Sallskapet.",,"Syw2LXB/pj+fmGCuwdgBGVryVUmYhw3g","Syw2LXB/pj+fmGCuwdgBGVryVUmYhw3g",
"89c425bc-1b9a-4c26-a5e7-73ae34ca278d","TREE_006.basePlot.bet","D05","TREE","TREE_006","E","2015-07-13","2015-07-27","2015-11-19","2015-11-19","4fQ7nDpzzlFNjmkVo428kDfZjjQqf6jjdWtYOzFuF8Q=","NEON.BET.D05.000838","CARNEM","Carabus nemoralis nemoralis","subspecies",,"Mueller",,"Lindroth, C. H. 1969. The ground-beetles (Carabidae, excl. Cicindelinae) of Canada and Alaska, parts 1-6. Opuscula E. Entomoligiska Sallskapet.",,"Syw2LXB/pj+fmGCuwdgBGVryVUmYhw3g","Syw2LXB/pj+fmGCuwdgBGVryVUmYhw3g",
"9da93929-5483-4392-875a-fdf085effac7","TREE_003.basePlot.bet","D05","TREE","TREE_003","E","2015-07-13","2015-07-27","2015-11-30","2015-11-19","xhFTIPW83ilvRRxKxOdS9hBY0pOAoMT1IMaT1zNRe8o=","NEON.BET.D05.000711","PTECOR1","Pterostichus coracinus","species",,"Newman",,"Bousquet, Y. 2010b. Illustrated Identification Guide to Adults and Larvae of Northeastern North American Ground Beetles (Coleoptera: Carabidae). 1st Ed. Pensoft Publishers, Sofia, Bulgaria.",,"Syw2LXB/pj+fmGCuwdgBGVryVUmYhw3g","Syw2LXB/pj+fmGCuwdgBGVryVUmYhw3g",
"8e1cc7c9-04c3-4901-a5ea-a1ba56cef4af","TREE_003.basePlot.bet","D05","TREE","TREE_003","N","2015-07-13","2015-07-27","2015-11-30","2015-11-19","xhFTIPW83ikA4aq41xHFvfivEkT4itMFaStPHJTscUw=","NEON.BET.D05.000704","PTECOR1","Pterostichus coracinus","species","cf. species","Newman",,"Bousquet, Y. 2010b. Illustrated Identification Guide to Adults and Larvae of Northeastern North American Ground Beetles (Coleoptera: Carabidae). 1st Ed. Pensoft Publishers, Sofia, Bulgaria.",,"Syw2LXB/pj+fmGCuwdgBGVryVUmYhw3g","Syw2LXB/pj+fmGCuwdgBGVryVUmYhw3g","Could be PTENOV"
"1cfdf267-53cd-49d3-8e6e-582e62427923","TREE_006.basePlot.bet","D05","TREE","TREE_006","E","2015-07-13","2015-07-27","2015-11-19","2015-11-19","4fQ7nDpzzlFNjmkVo428kDfZjjQqf6jjdWtYOzFuF8Q=","NEON.BET.D05.000837","CARNEM","Carabus nemoralis nemoralis","subspecies",,"Mueller",,"Lindroth, C. H. 1969. The ground-beetles (Carabidae, excl. Cicindelinae) of Canada and Alaska, parts 1-6. Opuscula E. Entomoligiska Sallskapet.",,"Syw2LXB/pj+fmGCuwdgBGVryVUmYhw3g","Syw2LXB/pj+fmGCuwdgBGVryVUmYhw3g",
"3a5089c9-b0f3-47bf-89d4-b37de751d38c","TREE_004.basePlot.bet","D05","TREE","TREE_004","E","2015-07-13","2015-07-27","2015-12-01","2015-11-19","O9CsZllnq88NOcEA/IFWn5TQFsN0mh3+f5JCDsp14hg=","NEON.BET.D05.000741","PTEMEL","Pterostichus melanarius melanarius","subspecies",,"Illiger",,"Lindroth, C. H. 1969. The ground-beetles (Carabidae, excl. Cicindelinae) of Canada and Alaska, parts 1-6. Opuscula E. Entomoligiska Sallskapet.",,"Syw2LXB/pj+fmGCuwdgBGVryVUmYhw3g","Syw2LXB/pj+fmGCuwdgBGVryVUmYhw3g",
"d5f71f65-04ce-4cdb-a121-25956d7fee86","TREE_007.basePlot.bet","D05","TREE","TREE_007","N","2015-07-13","2015-07-27","2015-11-18","2015-11-18","zNjpTCy9RjjyhI6aAeDanf0Iw187zHMCQqCHLjOJWLg=","NEON.BET.D05.000814","SYNIMP","Synuchus impunctatus","species",,"Say",,"Lindroth, C. H. 1969. The ground-beetles (Carabidae, excl. Cicindelinae) of Canada and Alaska, parts 1-6. Opuscula E. Entomoligiska Sallskapet.",,"Syw2LXB/pj+fmGCuwdgBGVryVUmYhw3g","Syw2LXB/pj+fmGCuwdgBGVryVUmYhw3g",
"566d8081-cb3e-47eb-b8b4-97ecabf245da","TREE_007.basePlot.bet","D05","TREE","TREE_007","N","2015-07-13","2015-07-27","2015-11-18","2015-11-18","zNjpTCy9RjjyhI6aAeDanf0Iw187zHMCQqCHLjOJWLg=","NEON.BET.D05.000811","SYNIMP","Synuchus impunctatus","species",,"Say",,"Lindroth, C. H. 1969. The ground-beetles (Carabidae, excl. Cicindelinae) of Canada and Alaska, parts 1-6. Opuscula E. Entomoligiska Sallskapet.",,"Syw2LXB/pj+fmGCuwdgBGVryVUmYhw3g","Syw2LXB/pj+fmGCuwdgBGVryVUmYhw3g",
"038d24da-4c92-4350-a270-53bc974cf302","TREE_014.basePlot.bet","D05","TREE","TREE_014","N","2015-07-13","2015-07-27","2015-11-18","2015-11-18","g2mJ5zU0mwqOkUcsZkCFjSXUhgRkcS1u+jvJ/O7p5j8=","NEON.BET.D05.000818","SYNIMP","Synuchus impunctatus","species",,"Say",,"Lindroth, C. H. 1969. The ground-beetles (Carabidae, excl. Cicindelinae) of Canada and Alaska, parts 1-6. Opuscula E. Entomoligiska Sallskapet.",,"Syw2LXB/pj+fmGCuwdgBGVryVUmYhw3g","Syw2LXB/pj+fmGCuwdgBGVryVUmYhw3g",
"89588a90-c6cb-48f8-af69-1ef512add2cb","TREE_001.basePlot.bet","D05","TREE","TREE_001","N","2015-07-13","2015-07-27","2015-11-18","2015-11-18","M+28j8GMA5lYfdvda0l/kkgFi4Xw5ZXb6w5QKlw7wCo=","NEON.BET.D05.000806","SYNIMP","Synuchus impunctatus","species",,"Say",,"Lindroth, C. H. 1969. The ground-beetles (Carabidae, excl. Cicindelinae) of Canada and Alaska, parts 1-6. Opuscula E. Entomoligiska Sallskapet.",,"Syw2LXB/pj+fmGCuwdgBGVryVUmYhw3g","Syw2LXB/pj+fmGCuwdgBGVryVUmYhw3g",
"3c7b3ce5-c276-4bc1-b351-e2548a162224","TREE_007.basePlot.bet","D05","TREE","TREE_007","N","2015-07-13","2015-07-27","2015-11-18","2015-11-18","zNjpTCy9RjjyhI6aAeDanf0Iw187zHMCQqCHLjOJWLg=","NEON.BET.D05.000810","SYNIMP","Synuchus impunctatus","species",,"Say",,"Lindroth, C. H. 1969. The ground-beetles (Carabidae, excl. Cicindelinae) of Canada and Alaska, parts 1-6. Opuscula E. Entomoligiska Sallskapet.",,"Syw2LXB/pj+fmGCuwdgBGVryVUmYhw3g","Syw2LXB/pj+fmGCuwdgBGVryVUmYhw3g",
"f70ef6bc-232f-4edf-b4de-601583a3ebae","TREE_003.basePlot.bet","D05","TREE","TREE_003","N","2015-07-13","2015-07-27","2015-11-19","2015-11-19","xhFTIPW83ikA4aq41xHFvWPIjyKT0q3jyLul0U5KUuE=","NEON.BET.D05.000807","SYNIMP","Synuchus impunctatus","species",,"Say",,"Lindroth, C. H. 1969. The ground-beetles (Carabidae, excl. Cicindelinae) of Canada and Alaska, parts 1-6. Opuscula E. Entomoligiska Sallskapet.",,"Syw2LXB/pj+fmGCuwdgBGVryVUmYhw3g","Syw2LXB/pj+fmGCuwdgBGVryVUmYhw3g",
"bce533d6-dd2f-48ed-b3b7-4cadde75f48c","TREE_003.basePlot.bet","D05","TREE","TREE_003","N","2015-07-13","2015-07-27","2015-12-01","2015-11-19","xhFTIPW83ikA4aq41xHFvQIqQzBVrgGTatL4pSYRZk8=","NEON.BET.D05.000740","PTEMEL","Pterostichus melanarius melanarius","subspecies",,"Illiger",,"Lindroth, C. H. 1969. The ground-beetles (Carabidae, excl. Cicindelinae) of Canada and Alaska, parts 1-6. Opuscula E. Entomoligiska Sallskapet.",,"Syw2LXB/pj+fmGCuwdgBGVryVUmYhw3g","Syw2LXB/pj+fmGCuwdgBGVryVUmYhw3g",
"786387d3-fdab-4a12-9cd0-41a481395ad4","TREE_003.basePlot.bet","D05","TREE","TREE_003","N","2015-07-13","2015-07-27","2015-12-01","2015-11-19","xhFTIPW83ikA4aq41xHFvQIqQzBVrgGTatL4pSYRZk8=","NEON.BET.D05.000738","PTEMEL","Pterostichus melanarius melanarius","subspecies",,"Illiger",,"Lindroth, C. H. 1969. The ground-beetles (Carabidae, excl. Cicindelinae) of Canada and Alaska, parts 1-6. Opuscula E. Entomoligiska Sallskapet.",,"Syw2LXB/pj+fmGCuwdgBGVryVUmYhw3g","Syw2LXB/pj+fmGCuwdgBGVryVUmYhw3g",
"446c5051-c112-4aad-aa6e-11517f566e49","TREE_003.basePlot.bet","D05","TREE","TREE_003","N","2015-07-13","2015-07-27","2015-12-01","2015-11-19","xhFTIPW83ikA4aq41xHFvQIqQzBVrgGTatL4pSYRZk8=","NEON.BET.D05.000739","PTEMEL","Pterostichus melanarius melanarius","subspecies",,"Illiger",,"Lindroth, C. H. 1969. The ground-beetles (Carabidae, excl. Cicindelinae) of Canada and Alaska, parts 1-6. Opuscula E. Entomoligiska Sallskapet.",,"Syw2LXB/pj+fmGCuwdgBGVryVUmYhw3g","Syw2LXB/pj+fmGCuwdgBGVryVUmYhw3g",
"298fdf38-2508-4141-ad63-7009bb8f3f75","TREE_003.basePlot.bet","D05","TREE","TREE_003","N","2015-07-13","2015-07-27","2015-12-01","2015-11-19","xhFTIPW83ikA4aq41xHFvQIqQzBVrgGTatL4pSYRZk8=","NEON.BET.D05.000737","PTEMEL","Pterostichus melanarius melanarius","subspecies",,"Illiger",,"Lindroth, C. H. 1969. The ground-beetles (Carabidae, excl. Cicindelinae) of Canada and Alaska, parts 1-6. Opuscula E. Entomoligiska Sallskapet.",,"Syw2LXB/pj+fmGCuwdgBGVryVUmYhw3g","Syw2LXB/pj+fmGCuwdgBGVryVUmYhw3g",
"3f2ffc2d-95e2-4973-8102-90cc79aee51c","TREE_003.basePlot.bet","D05","TREE","TREE_003","N","2015-07-13","2015-07-27","2015-11-19","2015-11-19","xhFTIPW83ikA4aq41xHFvXxqUIsqTgMrDaCE0tqixyI=","NEON.BET.D05.000836","CARNEM","Carabus nemoralis nemoralis","subspecies",,"Mueller",,"Lindroth, C. H. 1969. The ground-beetles (Carabidae, excl. Cicindelinae) of Canada and Alaska, parts 1-6. Opuscula E. Entomoligiska Sallskapet.",,"Syw2LXB/pj+fmGCuwdgBGVryVUmYhw3g","Syw2LXB/pj+fmGCuwdgBGVryVUmYhw3g",
"cfc2c7db-6262-47fc-b867-9ccc8b273600","TREE_001.basePlot.bet","D05","TREE","TREE_001","S","2015-07-13","2015-07-27","2015-11-30","2015-11-17","M+28j8GMA5n7+H4WAstsVtu3pEoXF2v5wrdXbq/56yA=","NEON.BET.D05.000709","PTECOR1","Pterostichus coracinus","species","cf. species","Newman",,"Bousquet, Y. 2010b. Illustrated Identification Guide to Adults and Larvae of Northeastern North American Ground Beetles (Coleoptera: Carabidae). 1st Ed. Pensoft Publishers, Sofia, Bulgaria.",,"Syw2LXB/pj+fmGCuwdgBGVryVUmYhw3g","Syw2LXB/pj+fmGCuwdgBGVryVUmYhw3g","Could be PTENOV"
"ad38b57e-faaa-4c62-a13a-8b1b2b2fd8f1","TREE_001.basePlot.bet","D05","TREE","TREE_001","S","2015-07-13","2015-07-27","2015-11-30","2015-11-17","M+28j8GMA5n7+H4WAstsVtu3pEoXF2v5wrdXbq/56yA=","NEON.BET.D05.000708","PTECOR1","Pterostichus coracinus","species","cf. species","Newman",,"Bousquet, Y. 2010b. Illustrated Identification Guide to Adults and Larvae of Northeastern North American Ground Beetles (Coleoptera: Carabidae). 1st Ed. Pensoft Publishers, Sofia, Bulgaria.",,"Syw2LXB/pj+fmGCuwdgBGVryVUmYhw3g","Syw2LXB/pj+fmGCuwdgBGVryVUmYhw3g","Could be PTENOV"
"b19a1398-dc9d-4c31-a5c0-fac04b76383e","TREE_002.basePlot.bet","D05","TREE","TREE_002","S","2015-07-13","2015-07-27","2015-11-30","2015-11-19","bplZQSmPUSpD3CQVhZZHMKeWetGyh/GD/iqJg2ChE0I=","NEON.BET.D05.000710","PTECOR1","Pterostichus coracinus","species","cf. species","Newman",,"Bousquet, Y. 2010b. Illustrated Identification Guide to Adults and Larvae of Northeastern North American Ground Beetles (Coleoptera: Carabidae). 1st Ed. Pensoft Publishers, Sofia, Bulgaria.",,"Syw2LXB/pj+fmGCuwdgBGVryVUmYhw3g","Syw2LXB/pj+fmGCuwdgBGVryVUmYhw3g","Could be PTENOV"
"ae56f417-9e73-443f-917f-3142183729c8","TREE_003.basePlot.bet","D05","TREE","TREE_003","S","2015-07-13","2015-07-27","2015-11-30","2015-11-19","xhFTIPW83ilO1Zedd08sQZc9Wy6dgUnGWjCOShkYLc0=","NEON.BET.D05.000701","PTETRI3","Pterostichus tristis","species","cf. species","Dejean",,"Lindroth, C. H. 1969. The ground-beetles (Carabidae, excl. Cicindelinae) of Canada and Alaska, parts 1-6. Opuscula E. Entomoligiska Sallskapet.",,"Syw2LXB/pj+fmGCuwdgBGVryVUmYhw3g","Syw2LXB/pj+fmGCuwdgBGVryVUmYhw3g",
"64b0b4ee-4d11-4b4e-8381-208a3a4670ed","TREE_007.basePlot.bet","D05","TREE","TREE_007","S","2015-07-13","2015-07-27","2015-11-18","2015-11-18","zNjpTCy9RjhZbluTvDoyycuBh47YhH44gpeJ8VlKiX0=","NEON.BET.D05.000769","AGORET","Agonum retractum","species",,"LeConte",,"Lindroth, C. H. 1969. The ground-beetles (Carabidae, excl. Cicindelinae) of Canada and Alaska, parts 1-6. Opuscula E. Entomoligiska Sallskapet.",,"Syw2LXB/pj+fmGCuwdgBGVryVUmYhw3g","Syw2LXB/pj+fmGCuwdgBGVryVUmYhw3g",
"826e9c27-8513-4c24-b0a4-ead1b560b979","TREE_001.basePlot.bet","D05","TREE","TREE_001","W","2015-07-13","2015-07-27","2015-11-30","2015-11-08","M+28j8GMA5nOHUTHZ5M04hubNSqpmP/rD9SOXIiyQUc=","NEON.BET.D05.000700","PTETRI3","Pterostichus tristis","species","cf. species","Dejean",,"Lindroth, C. H. 1969. The ground-beetles (Carabidae, excl. Cicindelinae) of Canada and Alaska, parts 1-6. Opuscula E. Entomoligiska Sallskapet.",,"Syw2LXB/pj+fmGCuwdgBGVryVUmYhw3g","Syw2LXB/pj+fmGCuwdgBGVryVUmYhw3g",
"13de9f6e-41fe-412d-83b7-775500b0cf50","TREE_007.basePlot.bet","D05","TREE","TREE_007","W","2015-07-13","2015-07-27","2015-11-18","2015-11-18","zNjpTCy9RjhdOjokYlDqDe2H7SITR6YZS8G9ioGROzc=","NEON.BET.D05.000816","SYNIMP","Synuchus impunctatus","species",,"Say",,"Lindroth, C. H. 1969. The ground-beetles (Carabidae, excl. Cicindelinae) of Canada and Alaska, parts 1-6. Opuscula E. Entomoligiska Sallskapet.",,"Syw2LXB/pj+fmGCuwdgBGVryVUmYhw3g","Syw2LXB/pj+fmGCuwdgBGVryVUmYhw3g",
"d199fd25-79cd-4902-9320-c2796f1a7cff","TREE_007.basePlot.bet","D05","TREE","TREE_007","W","2015-07-13","2015-07-27","2015-11-18","2015-11-18","zNjpTCy9RjhdOjokYlDqDe2H7SITR6YZS8G9ioGROzc=","NEON.BET.D05.000817","SYNIMP","Synuchus impunctatus","species",,"Say",,"Lindroth, C. H. 1969. The ground-beetles (Carabidae, excl. Cicindelinae) of Canada and Alaska, parts 1-6. Opuscula E. Entomoligiska Sallskapet.",,"Syw2LXB/pj+fmGCuwdgBGVryVUmYhw3g","Syw2LXB/pj+fmGCuwdgBGVryVUmYhw3g",
"ec60f629-9fa1-4bf5-855e-d43167e890f1","TREE_003.basePlot.bet","D05","TREE","TREE_003","W","2015-07-13","2015-07-27","2015-11-30","2015-11-19","xhFTIPW83ikwECrHDTenoqCL1ld1XX/Y2DYNiEFe9bw=","NEON.BET.D05.000712","PTECOR1","Pterostichus coracinus","species","cf. species","Newman",,"Bousquet, Y. 2010b. Illustrated Identification Guide to Adults and Larvae of Northeastern North American Ground Beetles (Coleoptera: Carabidae). 1st Ed. Pensoft Publishers, Sofia, Bulgaria.",,"Syw2LXB/pj+fmGCuwdgBGVryVUmYhw3g","Syw2LXB/pj+fmGCuwdgBGVryVUmYhw3g","could be PTENOV"
"55704d1f-cb1e-478e-800e-281e76b14edc","TREE_007.basePlot.bet","D05","TREE","TREE_007","W","2015-07-13","2015-07-27","2015-11-18","2015-11-18","zNjpTCy9RjhdOjokYlDqDe2H7SITR6YZS8G9ioGROzc=","NEON.BET.D05.000815","SYNIMP","Synuchus impunctatus","species",,"Say",,"Lindroth, C. H. 1969. The ground-beetles (Carabidae, excl. Cicindelinae) of Canada and Alaska, parts 1-6. Opuscula E. Entomoligiska Sallskapet.",,"Syw2LXB/pj+fmGCuwdgBGVryVUmYhw3g","Syw2LXB/pj+fmGCuwdgBGVryVUmYhw3g",
"f16c636b-2896-40c2-ba95-dfdb6b8d9c5d","TREE_003.basePlot.bet","D05","TREE","TREE_003","W","2015-07-13","2015-07-27","2015-11-19","2015-11-19","xhFTIPW83ikwECrHDTenol+oTwpJPBoISKj1Ix2dntQ=","NEON.BET.D05.000809","SYNIMP","Synuchus impunctatus","species",,"Say",,"Lindroth, C. H. 1969. The ground-beetles (Carabidae, excl. Cicindelinae) of Canada and Alaska, parts 1-6. Opuscula E. Entomoligiska Sallskapet.",,"Syw2LXB/pj+fmGCuwdgBGVryVUmYhw3g","Syw2LXB/pj+fmGCuwdgBGVryVUmYhw3g",
"416e612c-15df-44b4-85cf-a4f803e50ef6","TREE_001.basePlot.bet","D05","TREE","TREE_001","W","2015-07-13","2015-07-27","2015-12-01","2015-11-18","M+28j8GMA5nOHUTHZ5M04piwwTVP0ekNCa12jD16q4s=","NEON.BET.D05.000727","PTEPEN","Pterostichus pensylvanicus","species","cf. species","LeConte",,"Bousquet, Y. 2010b. Illustrated Identification Guide to Adults and Larvae of Northeastern North American Ground Beetles (Coleoptera: Carabidae). 1st Ed. Pensoft Publishers, Sofia, Bulgaria.",,"Syw2LXB/pj+fmGCuwdgBGVryVUmYhw3g","Syw2LXB/pj+fmGCuwdgBGVryVUmYhw3g",
"98d3f281-be89-41f2-bd0a-ca9c040cc28e","TREE_014.basePlot.bet","D05","TREE","TREE_014","W","2015-07-13","2015-07-27","2015-11-19","2015-11-19","g2mJ5zU0mwrYqf6qQocD2wv9gS4ZLzG95DTnwK2bAow=","NEON.BET.D05.000774","MYACYA","Myas cyanescens","species",,"Dejean",,"Lindroth, C. H. 1969. The ground-beetles (Carabidae, excl. Cicindelinae) of Canada and Alaska, parts 1-6. Opuscula E. Entomoligiska Sallskapet.",,"Syw2LXB/pj+fmGCuwdgBGVryVUmYhw3g","Syw2LXB/pj+fmGCuwdgBGVryVUmYhw3g",
"efeb086e-ea92-4f1d-a17a-666dd0853ef8","TREE_003.basePlot.bet","D05","TREE","TREE_003","W","2015-07-13","2015-07-27","2015-11-19","2015-11-19","xhFTIPW83ikwECrHDTenolWW8RHUm4dpsVvGrACsXdI=","NEON.BET.D05.000835","CARNEM","Carabus nemoralis nemoralis","subspecies",,"Mueller",,"Lindroth, C. H. 1969. The ground-beetles (Carabidae, excl. Cicindelinae) of Canada and Alaska, parts 1-6. Opuscula E. Entomoligiska Sallskapet.",,"Syw2LXB/pj+fmGCuwdgBGVryVUmYhw3g","Syw2LXB/pj+fmGCuwdgBGVryVUmYhw3g",
