uid,namedLocation,domainID,siteID,plotID,trapID,setDate,collectDate,processingDate,etOHChangeDate,identifiedDate,sampleID,subsampleID,sampleType,taxonID,scientificName,taxonRank,identificationQualifier,scientificNameAuthorship,morphospeciesID,individualCount,identificationReferences,identifiedBy,recordedBy,remarks
"a2f05a32-5836-4f46-854f-0a253a665845","TALL_004.basePlot.bet","D08","TALL","TALL_004","S","2014-05-21","2014-06-04","2014-06-05","2014-06-05",,"TALL_004.S.20140604","Qa/aVRg+qTPGUpsxrjX3FQTDU2GVRcbn2slj/z1gzC8=","invert bycatch",,,,,,,,,,"us1ZuF/YFaJ9IETdiexVrD+fHDIIxGwg",
"9ec13f84-91bf-4b7f-8c61-2be5237806ec","TALL_004.basePlot.bet","D08","TALL","TALL_004","S","2014-05-21","2014-06-04","2014-06-05","2014-06-05",,"TALL_004.S.20140604","Qa/aVRg+qTPGUpsxrjX3Fc1+4mP3g76ygRlboNU5VCk=","other carabid","CARSP14","Carabidae sp.","family",,"Latreille",,1,"Other",,"us1ZuF/YFaJ9IETdiexVrD+fHDIIxGwg","individualCount estimated based on number of pinning records|"
"636f717a-6f1b-4146-97b1-31cc2a9523cd","TALL_005.basePlot.bet","D08","TALL","TALL_005","S","2014-05-21","2014-06-04","2014-06-05","2014-06-05",,"TALL_005.S.20140604","t0MQRG9cttm4+bbQ79aGAN6IVkri/h72PdC/VP2+HMo=","invert bycatch",,,,,,,,,,"1BXlVo/+sgQnzGKl3MtQcn6rxZDFIa/f",
"d45805fe-685f-4176-a99b-c46fd94dc2cd","TALL_005.basePlot.bet","D08","TALL","TALL_005","S","2014-05-21","2014-06-04","2014-06-05","2014-06-05",,"TALL_005.S.20140604","t0MQRG9cttm4+bbQ79aGAJcXPu9hIFXn8cDbVRjJDTs=","other carabid","CARSP14","Carabidae sp.","family",,"Latreille",,2,"Other",,"1BXlVo/+sgQnzGKl3MtQcn6rxZDFIa/f","individualCount estimated based on number of pinning records|"
"d582d971-5742-43e4-a6b9-db820d2fd8fb","TALL_001.basePlot.bet","D08","TALL","TALL_001","S","2014-05-21","2014-06-04","2014-06-05","2014-06-05",,"TALL_001.S.20140604","oBD9lvhf20leVEYENiiuN16Ec3va1GGARxltoWfAGoQ=","other carabid","CARSP14","Carabidae sp.","family",,"Latreille",,1,"Other",,"us1ZuF/YFaJ9IETdiexVrD+fHDIIxGwg","individualCount estimated based on number of pinning records|"
"94cfd9e0-5fa6-49f5-94ad-ea9bea85a299","TALL_006.basePlot.bet","D08","TALL","TALL_006","S","2014-05-21","2014-06-04","2014-06-05","2014-06-05",,"TALL_006.S.20140604","GF+klScYxlNZKqPfRseHBVd+272V98+y8p/EaOafhnU=","invert bycatch",,,,,,,,,,"us1ZuF/YFaJ9IETdiexVrD+fHDIIxGwg",
"05a1f3c6-2ba6-42cb-ac99-7349885f1702","TALL_001.basePlot.bet","D08","TALL","TALL_001","S","2014-05-21","2014-06-04","2014-06-05","2014-06-05",,"TALL_001.S.20140604","oBD9lvhf20leVEYENiiuN6zy47UTfG46Yr1UHJB6Qcg=","invert bycatch",,,,,,,,,,"us1ZuF/YFaJ9IETdiexVrD+fHDIIxGwg",
"0c5e89ae-0107-47a3-857b-a83924940680","TALL_007.basePlot.bet","D08","TALL","TALL_007","S","2014-05-21","2014-06-04","2014-06-05","2014-06-05",,"TALL_007.S.20140604","dCnpKCfrHjMX/h+AzcNym5LrqzGwXgcKGjkBIz/B9O0=","invert bycatch",,,,,,,,,,"us1ZuF/YFaJ9IETdiexVrD+fHDIIxGwg",
"97edffda-7298-4b4a-a7ef-2831b24a1b5b","TALL_002.basePlot.bet","D08","TALL","TALL_002","S","2014-05-21","2014-06-04","2014-06-05","2014-06-05",,"TALL_002.S.20140604","GD+N/FshctynTofH2lcIPZEkok2ctVlwkSfBv4kz5d8=","invert bycatch",,,,,,,,,,"us1ZuF/YFaJ9IETdiexVrD+fHDIIxGwg",
"28923665-fd6d-4bac-b4fa-4a1d4c4669ac","TALL_002.basePlot.bet","D08","TALL","TALL_002","S","2014-05-21","2014-06-04","2014-06-05","2014-06-05","2014-10-23","TALL_002.S.20140604","GD+N/FshctynTofH2lcIPecRXM4bNxU3r7Ah+DZa1LQ=","carabid","CARSP14","Carabidae sp.","family",,"Latreille","D08.2014.MorphD",2,"Ciegler, J. C. 2000. Ground beetles and wrinkled bark beetles of South Carolina (Coleoptera: Geadephaga: Carabidae and Rhysodidae). Biota of South Carolina. Vol. 1. Clemson, S. Clemson University.","us1ZuF/YFaJ9IETdiexVrD+fHDIIxGwg","us1ZuF/YFaJ9IETdiexVrD+fHDIIxGwg","Black, very shiny| edges of elytra and legs reddish brown. Mandibles long and slender | 11.6-19.2mm. Elytra dull, pronotum moderately shiny. Frontal grooves of head fairly deep and sharply defined, angulate near middle, the bend directed medially. Pr"
"6f208379-ae6e-4e63-b392-e4563a9fd3a2","TALL_013.basePlot.bet","D08","TALL","TALL_013","S","2014-05-21","2014-06-04","2014-06-05","2014-06-05","2014-10-13","TALL_013.S.20140604","636VT4a85rARbcXp8zrFlb+fDRfBUsgRl4H2CuRoFxY=","carabid","CARSP14","Carabidae sp.","family",,"Latreille","D08.2014.MorphD",1,"Ciegler, J. C. 2000. Ground beetles and wrinkled bark beetles of South Carolina (Coleoptera: Geadephaga: Carabidae and Rhysodidae). Biota of South Carolina. Vol. 1. Clemson, S. Clemson University.","us1ZuF/YFaJ9IETdiexVrD+fHDIIxGwg","uXSN77Q7x9cACyt+x8PEhxuBjTDRBKZV","individualCount not recorded. Value of 1 entered| 11.6-19.2mm. Elytra dull, pronotum moderately shiny. Frontal grooves of head fairly deep and sharply defined, angulate near middle, the bend directed medially. Pronotum quadrate slightly constricted anteriorly and posteriorly, sides not anterior trans"
"a63fbbf6-524b-422d-a05e-0f2c0aec653e","TALL_013.basePlot.bet","D08","TALL","TALL_013","S","2014-05-21","2014-06-04","2014-06-05","2014-06-05",,"TALL_013.S.20140604","636VT4a85rARbcXp8zrFlcIJjchYmKjaQGQZTXcADow=","invert bycatch",,,,,,,,,,"uXSN77Q7x9cACyt+x8PEhxuBjTDRBKZV",
"99ea6b91-fe00-47ae-a6d3-012e877886c2","TALL_009.basePlot.bet","D08","TALL","TALL_009","S","2014-05-21","2014-06-04","2014-06-05","2014-06-05",,"TALL_009.S.20140604","l/M16YIQdhnEU5lxplNTcqkaFrdtTBMXKnlDbI1bLH0=","invert bycatch",,,,,,,,,,"uXSN77Q7x9d8K4YNojlWoLfuAfr3cQqR",
"57b51deb-1c11-40d5-8cff-ee08140aff37","TALL_013.basePlot.bet","D08","TALL","TALL_013","W","2014-05-21","2014-06-04","2014-06-05","2014-06-05",,"TALL_013.W.20140604","636VT4a85rB2oAd8WtikWYeAmJCUDNNvHEzsHtsvtZ0=","other carabid","CARSP14","Carabidae sp.","family",,"Latreille",,1,"Other",,"uXSN77Q7x9cACyt+x8PEhxuBjTDRBKZV","individualCount estimated based on number of pinning records|"
"25c2a89e-7247-48df-968e-f6ecf4df74a9","TALL_009.basePlot.bet","D08","TALL","TALL_009","W","2014-05-21","2014-06-04","2014-06-05","2014-06-05",,"TALL_009.W.20140604","l/M16YIQdhkC0dch8U8H/+IpHIiwQWJwex9UwKodNtM=","other carabid","CARSP14","Carabidae sp.","family",,"Latreille",,2,"Other",,"uXSN77Q7x9d8K4YNojlWoLfuAfr3cQqR","individualCount estimated based on number of pinning records|"
"3fbfaf2a-28fe-4162-9102-373519d1362e","TALL_009.basePlot.bet","D08","TALL","TALL_009","W","2014-05-21","2014-06-04","2014-06-05","2014-06-05",,"TALL_009.W.20140604","l/M16YIQdhkC0dch8U8H/4pHe2uLsW3rEQJWhf3e9H8=","invert bycatch",,,,,,,,,,"uXSN77Q7x9d8K4YNojlWoLfuAfr3cQqR",
"4e3377ff-3c63-444e-aca8-a4563958125a","TALL_002.basePlot.bet","D08","TALL","TALL_002","W","2014-05-21","2014-06-04","2014-06-05","2014-06-05",,"TALL_002.W.20140604","GD+N/FshctwrTAUlULuD99DDsQcBxWiLzoIFo8zDQS4=","other carabid","CARSP14","Carabidae sp.","family",,"Latreille",,1,"Other",,"us1ZuF/YFaJ9IETdiexVrD+fHDIIxGwg","individualCount estimated based on number of pinning records|"
"0e20978b-51d7-4b3a-b136-1e52b959ea5f","TALL_002.basePlot.bet","D08","TALL","TALL_002","W","2014-05-21","2014-06-04","2014-06-05","2014-06-05",,"TALL_002.W.20140604","GD+N/FshctwrTAUlULuD9zKND/NFFEnKGrM10fWbZpU=","invert bycatch",,,,,,,,,,"us1ZuF/YFaJ9IETdiexVrD+fHDIIxGwg",
"2f014fc2-909f-4917-a462-9a3eed833f19","TALL_013.basePlot.bet","D08","TALL","TALL_013","W","2014-05-21","2014-06-04","2014-06-05","2014-06-05",,"TALL_013.W.20140604","636VT4a85rB2oAd8WtikWeYP8s7ev/sTQW9P91KiOOI=","invert bycatch",,,,,,,,,,"uXSN77Q7x9cACyt+x8PEhxuBjTDRBKZV",
"723ac3b2-bc2a-4922-9063-b16fa0c80a52","TALL_013.basePlot.bet","D08","TALL","TALL_013","W","2014-05-21","2014-06-04","2014-06-05","2014-06-05","2014-10-13","TALL_013.W.20140604","636VT4a85rB2oAd8WtikWchSAN8sBl96uY4MWnto8/4=","carabid","CARSP14","Carabidae sp.","family",,"Latreille","D08.2014.MorphD",1,"Ciegler, J. C. 2000. Ground beetles and wrinkled bark beetles of South Carolina (Coleoptera: Geadephaga: Carabidae and Rhysodidae). Biota of South Carolina. Vol. 1. Clemson, S. Clemson University.","EWdKrbu/G4xVCw/4OJmBbnmJl40j4eIs","uXSN77Q7x9cACyt+x8PEhxuBjTDRBKZV","11.6-19.2mm. Elytra dull, pronotum moderately shiny. Frontal grooves of head fairly deep and sharply defined, angulate near middle, the bend directed medially. Pronotum quadrate slightly constricted anteriorly and posteriorly, sides not anterior trans"
"4d3f0409-6e0a-4be9-b7c3-566fb51b4837","TALL_001.basePlot.bet","D08","TALL","TALL_001","W","2014-05-21","2014-06-04","2014-06-05","2014-06-05",,"TALL_001.W.20140604","oBD9lvhf20mMs55FPLgMG8DXg8HCv4gcg6J758UKuKQ=","invert bycatch",,,,,,,,,,"us1ZuF/YFaJ9IETdiexVrD+fHDIIxGwg",
"ac217ad4-1a97-4bf2-8e5a-fce87f7548fc","TALL_007.basePlot.bet","D08","TALL","TALL_007","W","2014-05-21","2014-06-04","2014-06-05","2014-06-05","2014-10-23","TALL_007.W.20140604","dCnpKCfrHjPU5pv/EfWA2eopQyc1cbBJeD7kH/4g0ko=","carabid","CARSP14","Carabidae sp.","family",,"Latreille","D08.2014.MorphD",1,"Ciegler, J. C. 2000. Ground beetles and wrinkled bark beetles of South Carolina (Coleoptera: Geadephaga: Carabidae and Rhysodidae). Biota of South Carolina. Vol. 1. Clemson, S. Clemson University.","us1ZuF/YFaJ9IETdiexVrD+fHDIIxGwg","us1ZuF/YFaJ9IETdiexVrD+fHDIIxGwg","11.6-19.2mm. Elytra dull, pronotum moderately shiny. Frontal grooves of head fairly deep and sharply defined, angulate near middle, the bend directed medially. Pronotum quadrate slightly constricted anteriorly and posteriorly, sides not anterior trans"
"71c87674-f513-4696-b193-2e9896e36478","TALL_007.basePlot.bet","D08","TALL","TALL_007","W","2014-05-21","2014-06-04","2014-06-05","2014-06-05",,"TALL_007.W.20140604","dCnpKCfrHjPU5pv/EfWA2ak9GfUgXZxOMYpf8TYXrd8=","invert bycatch",,,,,,,,,,"us1ZuF/YFaJ9IETdiexVrD+fHDIIxGwg",
"9307527b-4c50-4274-8ae5-eb0415614dc9","TALL_002.basePlot.bet","D08","TALL","TALL_002","W","2014-05-21","2014-06-04","2014-06-05","2014-06-05","2014-10-23","TALL_002.W.20140604","GD+N/FshctwrTAUlULuD99QbktAWxPyP9NiFDBypnuw=","carabid","CARSP14","Carabidae sp.","family",,"Latreille","D08.2014.MorphD",1,"Ciegler, J. C. 2000. Ground beetles and wrinkled bark beetles of South Carolina (Coleoptera: Geadephaga: Carabidae and Rhysodidae). Biota of South Carolina. Vol. 1. Clemson, S. Clemson University.","us1ZuF/YFaJ9IETdiexVrD+fHDIIxGwg","us1ZuF/YFaJ9IETdiexVrD+fHDIIxGwg","11.6-19.2mm. Elytra dull, pronotum moderately shiny. Frontal grooves of head fairly deep and sharply defined, angulate near middle, the bend directed medially. Pronotum quadrate slightly constricted anteriorly and posteriorly, sides not anterior trans"
"108ac7bf-6863-4a4e-8284-ff5833e8928b","TALL_005.basePlot.bet","D08","TALL","TALL_005","W","2014-05-21","2014-06-04","2014-06-05","2014-06-05","2014-10-23","TALL_005.W.20140604","t0MQRG9cttnJ0EYTDCM3I26SzLarM75IPJNVIBY/X1E=","carabid","CARSP14","Carabidae sp.","family",,"Latreille","D08.2014.MorphD",1,"Ciegler, J. C. 2000. Ground beetles and wrinkled bark beetles of South Carolina (Coleoptera: Geadephaga: Carabidae and Rhysodidae). Biota of South Carolina. Vol. 1. Clemson, S. Clemson University.","EWdKrbu/G4xVCw/4OJmBbnmJl40j4eIs","1BXlVo/+sgQnzGKl3MtQcn6rxZDFIa/f","11.6-19.2mm. Elytra dull, pronotum moderately shiny. Frontal grooves of head fairly deep and sharply defined, angulate near middle, the bend directed medially. Pronotum quadrate slightly constricted anteriorly and posteriorly, sides not anterior trans"
"1e409fff-60ba-4d72-8be6-cbb7ac1901d1","TALL_005.basePlot.bet","D08","TALL","TALL_005","W","2014-05-21","2014-06-04","2014-06-05","2014-06-05",,"TALL_005.W.20140604","t0MQRG9cttnJ0EYTDCM3IwG1RY++5Wcog8QkF6WMU6k=","other carabid","CARSP14","Carabidae sp.","family",,"Latreille",,1,"Other",,"1BXlVo/+sgQnzGKl3MtQcn6rxZDFIa/f","individualCount estimated based on number of pinning records|"
"a0d2b5e3-97e6-4cf9-8672-7d41b84cea17","TALL_006.basePlot.bet","D08","TALL","TALL_006","W","2014-05-21","2014-06-04","2014-06-05","2014-06-05",,"TALL_006.W.20140604","GF+klScYxlNQTeoNcLtbqRQwXSHmQSFQ5JwhjeP5Ozc=","invert bycatch",,,,,,,,,,"us1ZuF/YFaJ9IETdiexVrD+fHDIIxGwg",
"befbdf1e-59e6-4757-b548-5c1003b22a71","TALL_001.basePlot.bet","D08","TALL","TALL_001","W","2014-05-21","2014-06-04","2014-06-05","2014-06-05","2014-10-23","TALL_001.W.20140604","oBD9lvhf20mMs55FPLgMG73Sq5AzW34USd5rj7hmkxE=","carabid","CARSP14","Carabidae sp.","family",,"Latreille","D08.2014.MorphD",1,"Ciegler, J. C. 2000. Ground beetles and wrinkled bark beetles of South Carolina (Coleoptera: Geadephaga: Carabidae and Rhysodidae). Biota of South Carolina. Vol. 1. Clemson, S. Clemson University.","us1ZuF/YFaJ9IETdiexVrD+fHDIIxGwg","us1ZuF/YFaJ9IETdiexVrD+fHDIIxGwg","individualCount not recorded. Value of 1 entered| 11.6-19.2mm. Elytra dull, pronotum moderately shiny. Frontal grooves of head fairly deep and sharply defined, angulate near middle, the bend directed medially. Pronotum quadrate slightly constricted anteriorly and posteriorly, sides not anterior trans"
"f8301de4-1aa1-4a25-896a-43a0c6c011fe","TALL_008.basePlot.bet","D08","TALL","TALL_008","W","2014-05-21","2014-06-04","2014-06-05","2014-06-05","2014-10-23","TALL_008.W.20140604","ohyOCuNZZNHXm47VwlKAEIjc6i+YEp5oZZAAlwYePwQ=","carabid","CARSP14","Carabidae sp.","family",,"Latreille","D08.2014.MorphD",2,"Ciegler, J. C. 2000. Ground beetles and wrinkled bark beetles of South Carolina (Coleoptera: Geadephaga: Carabidae and Rhysodidae). Biota of South Carolina. Vol. 1. Clemson, S. Clemson University.","dMJs1cNhGMQmfrz/BmSoV8PXctJG72Ru","uXSN77Q7x9d8K4YNojlWoLfuAfr3cQqR","11.6-19.2mm. Elytra dull, pronotum moderately shiny. Frontal grooves of head fairly deep and sharply defined, angulate near middle, the bend directed medially. Pronotum quadrate slightly constricted anteriorly and posteriorly, sides not anterior trans"
"593e481c-94ff-4a0d-840e-427a196cd83b","TALL_004.basePlot.bet","D08","TALL","TALL_004","W","2014-05-21","2014-06-04","2014-06-05","2014-06-05",,"TALL_004.W.20140604","Qa/aVRg+qTPg7VwX9mRLMciDJ9j/nc8DLZUdS6jDvQ8=","other carabid","CARSP14","Carabidae sp.","family",,"Latreille",,1,"Other",,"us1ZuF/YFaJ9IETdiexVrD+fHDIIxGwg","individualCount estimated based on number of pinning records|"
"9a9f12b8-02f1-4c79-ad14-03581e40775d","TALL_004.basePlot.bet","D08","TALL","TALL_004","W","2014-05-21","2014-06-04","2014-06-05","2014-06-05",,"TALL_004.W.20140604","Qa/aVRg+qTPg7VwX9mRLMUBbvUbp4tTMJCPVdZEvmrE=","invert bycatch",,,,,,,,,,"us1ZuF/YFaJ9IETdiexVrD+fHDIIxGwg",
"c296f7b7-aa4b-4883-b2db-95d9b88514ab","TALL_005.basePlot.bet","D08","TALL","TALL_005","W","2014-05-21","2014-06-04","2014-06-05","2014-06-05",,"TALL_005.W.20140604","t0MQRG9cttnJ0EYTDCM3I+jfHwhWdya4iGlFweZIr7Y=","invert bycatch",,,,,,,,,,"1BXlVo/+sgQnzGKl3MtQcn6rxZDFIa/f",
"d167abba-05e1-484d-93e8-c513b05cf7cb","TALL_001.basePlot.bet","D08","TALL","TALL_001","E","2014-05-21","2014-06-04","2014-06-05","2014-06-05",,"TALL_001.E.20140604","oBD9lvhf20lmItm+BwzqXAyn9zwi7MdeGagaXxif4tQ=","invert bycatch",,,,,,,,,,"us1ZuF/YFaJ9IETdiexVrD+fHDIIxGwg",
"dbba3729-3cdc-4546-8402-e119b26384f9","TALL_004.basePlot.bet","D08","TALL","TALL_004","E","2014-05-21","2014-06-04","2014-06-05","2014-06-05",,"TALL_004.E.20140604","Qa/aVRg+qTN+4YnUuBq5ewShIDQPQAY1W7ELOEjKj4Y=","invert bycatch",,,,,,,,,,"us1ZuF/YFaJ9IETdiexVrD+fHDIIxGwg",
"ec0374f3-4ad0-4856-8f0e-fe3888d8cd71","TALL_007.basePlot.bet","D08","TALL","TALL_007","E","2014-05-21","2014-06-04","2014-06-05","2014-06-05",,"TALL_007.E.20140604","dCnpKCfrHjN7Gy+yQyAKajDy7X/nGSZGV0ywodA9GbQ=","invert bycatch",,,,,,,,,,"us1ZuF/YFaJ9IETdiexVrD+fHDIIxGwg",
"87126c01-166a-4ac1-add3-de2d9d2e25f3","TALL_006.basePlot.bet","D08","TALL","TALL_006","E","2014-05-21","2014-06-04","2014-06-05","2014-06-05",,"TALL_006.E.20140604","GF+klScYxlMe/Tm/xK5GJgoG70QPkyRoRY3Z8ppt1aw=","invert bycatch",,,,,,,,,,"us1ZuF/YFaJ9IETdiexVrD+fHDIIxGwg",
"4d729b45-4bfe-41f9-b2bb-68dd32320546","TALL_005.basePlot.bet","D08","TALL","TALL_005","E","2014-05-21","2014-06-04","2014-06-05","2014-06-05",,"TALL_005.E.20140604","t0MQRG9cttnXg9ElZ7Ugoo8c9SUNWkcfX9cw1VEx4LI=","invert bycatch",,,,,,,,,,"1BXlVo/+sgQnzGKl3MtQcn6rxZDFIa/f",
"9b82898f-89f1-4034-ad2a-df121e6782d8","TALL_009.basePlot.bet","D08","TALL","TALL_009","E","2014-05-21","2014-06-04","2014-06-05","2014-06-05",,"TALL_009.E.20140604","l/M16YIQdhlzLNSodWWqmQ3NrwvnPKYumQcZHgFf3k0=","invert bycatch",,,,,,,,,,"uXSN77Q7x9d8K4YNojlWoLfuAfr3cQqR",
"ae6427e5-ec16-4a2c-898c-2267538749c8","TALL_002.basePlot.bet","D08","TALL","TALL_002","E","2014-05-21","2014-06-04","2014-06-05","2014-06-05","2014-10-23","TALL_002.E.20140604","GD+N/FshctzkNsir0b8mTbPjgWRGH03NHq4RbnM94t8=","carabid","CARSP14","Carabidae sp.","family",,"Latreille","D08.2014.MorphD",1,"Ciegler, J. C. 2000. Ground beetles and wrinkled bark beetles of South Carolina (Coleoptera: Geadephaga: Carabidae and Rhysodidae). Biota of South Carolina. Vol. 1. Clemson, S. Clemson University.","dMJs1cNhGMQmfrz/BmSoV8PXctJG72Ru","us1ZuF/YFaJ9IETdiexVrD+fHDIIxGwg","11.6-19.2mm. Elytra dull, pronotum moderately shiny. Frontal grooves of head fairly deep and sharply defined, angulate near middle, the bend directed medially. Pronotum quadrate slightly constricted anteriorly and posteriorly, sides not anterior trans"
"4f60e0ec-1fe5-4aa0-8072-d2c6fe38c6d6","TALL_013.basePlot.bet","D08","TALL","TALL_013","E","2014-05-21","2014-06-04","2014-06-05","2014-06-05",,"TALL_013.E.20140604","636VT4a85rC9TmkVrWIaY8k4vwIs/Z2lzcMljLtzXig=","invert bycatch",,,,,,,,,,"uXSN77Q7x9cACyt+x8PEhxuBjTDRBKZV",
"3cbc5ffb-fdc4-40d9-bbf2-81a839ded995","TALL_002.basePlot.bet","D08","TALL","TALL_002","E","2014-05-21","2014-06-04","2014-06-05","2014-06-05",,"TALL_002.E.20140604","GD+N/FshctzkNsir0b8mTb/jPuf2g3Q/kA47UITWyUY=","invert bycatch",,,,,,,,,,"us1ZuF/YFaJ9IETdiexVrD+fHDIIxGwg",
"6047200c-8732-44f0-aab0-ab3ed57ea78f","TALL_001.basePlot.bet","D08","TALL","TALL_001","N","2014-05-21","2014-06-04","2014-06-05","2014-06-05",,"TALL_001.N.20140604","oBD9lvhf20l9OYUubMfz40QZgfz4Yd8mRGE0CX16l+U=","other carabid","CARSP14","Carabidae sp.","family",,"Latreille",,1,"Other",,"us1ZuF/YFaJ9IETdiexVrD+fHDIIxGwg","individualCount estimated based on number of pinning records|"
"248e1089-e4d9-465f-9235-5140a3032817","TALL_001.basePlot.bet","D08","TALL","TALL_001","N","2014-05-21","2014-06-04","2014-06-05","2014-06-05","2014-10-05","TALL_001.N.20140604","oBD9lvhf20l9OYUubMfz4/6R008kxg11UQd1ddFUIZI=","vert bycatch mam","BLCA","Blarina carolinensis","species",,"Bachman",,1,"Reid, F. 2006. Peterson Field Guide to Mammals of North America. 4th Ed. Houghton Mifflin Company, New York, NY.","v7wRdnV1gD6DA7NUoRhtXNeAYtN2k0WN","us1ZuF/YFaJ9IETdiexVrD+fHDIIxGwg",
"ea1d4785-b574-4e85-aa0a-4d944905a660","TALL_001.basePlot.bet","D08","TALL","TALL_001","N","2014-05-21","2014-06-04","2014-06-05","2014-06-05",,"TALL_001.N.20140604","oBD9lvhf20l9OYUubMfz42E19UWOo8NMktgH7qMEDTs=","invert bycatch",,,,,,,,,,"us1ZuF/YFaJ9IETdiexVrD+fHDIIxGwg",
"45bc4be5-31da-4017-8955-bfaac807a072","TALL_004.basePlot.bet","D08","TALL","TALL_004","N","2014-05-21","2014-06-04","2014-06-05","2014-06-05",,"TALL_004.N.20140604","Qa/aVRg+qTPrFwwaq/Vrv/uuuhIvU92Fcegolz4VKRU=","invert bycatch",,,,,,,,,,"us1ZuF/YFaJ9IETdiexVrD+fHDIIxGwg",
"37dea6d6-e7ff-4eed-a988-0ca219978ef7","TALL_006.basePlot.bet","D08","TALL","TALL_006","N","2014-05-21","2014-06-04","2014-06-05","2014-06-05",,"TALL_006.N.20140604","GF+klScYxlOx9ycIiDxYKHEmwltCmQspbSKpHILMH1o=","invert bycatch",,,,,,,,,,"us1ZuF/YFaJ9IETdiexVrD+fHDIIxGwg",
"a4ad1999-f66d-46fe-8d5d-80e819a24876","TALL_005.basePlot.bet","D08","TALL","TALL_005","N","2014-05-21","2014-06-04","2014-06-05","2014-06-05",,"TALL_005.N.20140604","t0MQRG9cttngFqgPdBhhpSNCSORnJRH952nYupaV2pk=","invert bycatch",,,,,,,,,,"1BXlVo/+sgQnzGKl3MtQcn6rxZDFIa/f",
"b4186427-fa63-422e-9bad-2cbe49935478","TALL_002.basePlot.bet","D08","TALL","TALL_002","N","2014-05-21","2014-06-04","2014-06-05","2014-06-05","2014-10-03","TALL_002.N.20140604","GD+N/Fshctz84eWStkt1cwSBRZytctgx0kdWTY8hD1I=","vert bycatch mam","BLCA","Blarina carolinensis","species",,"Bachman",,1,"Reid, F. 2006. Peterson Field Guide to Mammals of North America. 4th Ed. Houghton Mifflin Company, New York, NY.","v7wRdnV1gD6DA7NUoRhtXNeAYtN2k0WN","us1ZuF/YFaJ9IETdiexVrD+fHDIIxGwg",
"0cc6540c-3eae-4225-8ebd-662f799258cf","TALL_002.basePlot.bet","D08","TALL","TALL_002","N","2014-05-21","2014-06-04","2014-06-05","2014-06-05",,"TALL_002.N.20140604","GD+N/Fshctz84eWStkt1cxkUBKlzXgeGzIVZWNcGi+4=","invert bycatch",,,,,,,,,,"us1ZuF/YFaJ9IETdiexVrD+fHDIIxGwg",
"ed0deae8-9dd5-46dd-86ab-b9c8dd17669d","TALL_007.basePlot.bet","D08","TALL","TALL_007","N","2014-05-21","2014-06-04","2014-06-05","2014-06-05",,"TALL_007.N.20140604","dCnpKCfrHjOVQk2Phb9g9h5xKhkaYDt4WDRfATKK9e4=","invert bycatch",,,,,,,,,,"us1ZuF/YFaJ9IETdiexVrD+fHDIIxGwg",
"81d0bbfc-fba1-4af2-813c-d4cb11c73796","TALL_007.basePlot.bet","D08","TALL","TALL_007","N","2014-05-21","2014-06-04","2014-06-05","2014-06-05","2014-10-23","TALL_007.N.20140604","dCnpKCfrHjOVQk2Phb9g9uMgPbdHfw2OXXVi5KJ9Gsw=","carabid","CARSP14","Carabidae sp.","family",,"Latreille","D08.2014.MorphD",2,"Ciegler, J. C. 2000. Ground beetles and wrinkled bark beetles of South Carolina (Coleoptera: Geadephaga: Carabidae and Rhysodidae). Biota of South Carolina. Vol. 1. Clemson, S. Clemson University.","us1ZuF/YFaJ9IETdiexVrD+fHDIIxGwg","us1ZuF/YFaJ9IETdiexVrD+fHDIIxGwg","11.6-19.2mm. Elytra dull, pronotum moderately shiny. Frontal grooves of head fairly deep and sharply defined, angulate near middle, the bend directed medially. Pronotum quadrate slightly constricted anteriorly and posteriorly, sides not anterior trans"
"7c9964c2-857c-41bc-8afc-9e26a21f467d","TALL_007.basePlot.bet","D08","TALL","TALL_007","N","2014-05-21","2014-06-04","2014-06-05","2014-06-05",,"TALL_007.N.20140604","dCnpKCfrHjOVQk2Phb9g9pw9gxuRFKQ2R8dKeu0y62k=","other carabid","CARSP14","Carabidae sp.","family",,"Latreille",,1,"Other",,"us1ZuF/YFaJ9IETdiexVrD+fHDIIxGwg","individualCount estimated based on number of pinning records|"
"efd9ee80-f0ad-4650-bcc1-9ad2d48d9a81","TALL_013.basePlot.bet","D08","TALL","TALL_013","N","2014-05-21","2014-06-04","2014-06-05","2014-06-05",,"TALL_013.N.20140604","636VT4a85rCe14e3OkMIX9u28Y7C8f5bQnRILb354jI=","invert bycatch",,,,,,,,,,"uXSN77Q7x9cACyt+x8PEhxuBjTDRBKZV",
"61c2ad5c-7fb9-465f-b88f-bcca772bb1b1","TALL_009.basePlot.bet","D08","TALL","TALL_009","N","2014-05-21","2014-06-04","2014-06-05","2014-06-05",,"TALL_009.N.20140604","l/M16YIQdhnZqz5vdEY/2w6eja0m9RdTfBSVNLZ88uI=","invert bycatch",,,,,,,,,,"uXSN77Q7x9d8K4YNojlWoLfuAfr3cQqR",
"1f299ec2-8878-4974-899a-6d4db9d97888","TALL_009.basePlot.bet","D08","TALL","TALL_009","N","2014-05-21","2014-06-04","2014-06-05","2014-06-05",,"TALL_009.N.20140604","l/M16YIQdhnZqz5vdEY/2ykxbkMEhCi6agBdBk3xIdY=","other carabid","CARSP14","Carabidae sp.","family",,"Latreille",,4,"Other",,"uXSN77Q7x9d8K4YNojlWoLfuAfr3cQqR","individualCount estimated based on number of pinning records|"
"6dbd7e7f-7eeb-46d5-aa84-d7fdd89ab7fb","TALL_005.basePlot.bet","D08","TALL","TALL_005","S","2014-05-21","2014-06-04","2014-06-05","2014-06-05","2014-10-23","TALL_005.S.20140604","t0MQRG9cttm4+bbQ79aGADJjlACZv70i+DcpkEOLqMA=","carabid","CARSP14","Carabidae sp.","family",,"Latreille","D08.2014.MorphF",1,"Ciegler, J. C. 2000. Ground beetles and wrinkled bark beetles of South Carolina (Coleoptera: Geadephaga: Carabidae and Rhysodidae). Biota of South Carolina. Vol. 1. Clemson, S. Clemson University.","us1ZuF/YFaJ9IETdiexVrD+fHDIIxGwg","1BXlVo/+sgQnzGKl3MtQcn6rxZDFIa/f","Black, very shiny| edges of elytra and legs reddish brown. Mandibles long and slender | 11.6-19.2mm. Elytra dull, pronotum moderately shiny. Frontal grooves of head fairly deep and sharply defined, angulate near middle, the bend directed medially. Pr"
"d5958f1e-754b-43d7-9c66-cd911a0126dc","TALL_008.basePlot.bet","D08","TALL","TALL_008","S","2014-05-21","2014-06-04","2014-06-05","2014-06-05","2014-10-23","TALL_008.S.20140604","ohyOCuNZZNFI21Qc/4GkodudJCWloXXQr9xYmgYyNuo=","carabid","CARSP14","Carabidae sp.","family",,"Latreille","D08.2014.MorphD",1,"Ciegler, J. C. 2000. Ground beetles and wrinkled bark beetles of South Carolina (Coleoptera: Geadephaga: Carabidae and Rhysodidae). Biota of South Carolina. Vol. 1. Clemson, S. Clemson University.","dMJs1cNhGMQmfrz/BmSoV8PXctJG72Ru","uXSN77Q7x9d8K4YNojlWoLfuAfr3cQqR","11.6-19.2mm. Elytra dull, pronotum moderately shiny. Frontal grooves of head fairly deep and sharply defined, angulate near middle, the bend directed medially. Pronotum quadrate slightly constricted anteriorly and posteriorly, sides not anterior trans"
"a25a17b0-e131-4c8f-9281-25eae8685bce","TALL_008.basePlot.bet","D08","TALL","TALL_008","S","2014-05-21","2014-06-04","2014-06-05","2014-06-05",,"TALL_008.S.20140604","ohyOCuNZZNFI21Qc/4GkoUsCzei4IEEtM6ufLG7RMIQ=","other carabid","CARSP14","Carabidae sp.","family",,"Latreille",,1,"Other",,"uXSN77Q7x9d8K4YNojlWoLfuAfr3cQqR","individualCount estimated based on number of pinning records|"
"6da0550b-90f6-403f-9597-cec6a7355dcd","TALL_008.basePlot.bet","D08","TALL","TALL_008","S","2014-05-21","2014-06-04","2014-06-05","2014-06-05",,"TALL_008.S.20140604","ohyOCuNZZNFI21Qc/4Gkofc9/ZCW9Xed+eZY90SWB4k=","invert bycatch",,,,,,,,,,"uXSN77Q7x9d8K4YNojlWoLfuAfr3cQqR",
"774c16fb-2343-4f79-800a-f105b774588f","TALL_007.basePlot.bet","D08","TALL","TALL_007","E","2014-06-04","2014-06-18","2014-06-19","2014-06-20",,"TALL_007.E.20140618","dCnpKCfrHjN7Gy+yQyAKavb4YIAqowQ111h90ZbdWqE=","other carabid","CARSP14","Carabidae sp.","family",,"Latreille",,2,"Other",,"us1ZuF/YFaJ9IETdiexVrD+fHDIIxGwg","individualCount estimated based on number of pinning records|"
"176c8130-5e44-4a94-84bc-a4cf113af47a","TALL_006.basePlot.bet","D08","TALL","TALL_006","W","2014-06-04","2014-06-18","2014-06-19","2014-06-20",,"TALL_006.W.20140618","GF+klScYxlNQTeoNcLtbqRVXIln696M/YXPBZLB49QA=","other carabid","CARSP14","Carabidae sp.","family",,"Latreille",,1,"Other",,"1BXlVo/+sgQnzGKl3MtQcn6rxZDFIa/f","individualCount estimated based on number of pinning records|21-30mm. Black with blue margins, each elytron with three rows of fovae and several intervals between each fovaete row. Pronotum widely reflexed at base. Maxillary palpmere 4 broadly triangular, 1.5 times as long as wide. All individual morphospecies pinn"
"74868a40-8665-455a-b2d4-f9ce6fec9576","TALL_003.basePlot.bet","D08","TALL","TALL_003","E","2014-06-04","2014-06-18","2014-06-19","2014-06-20",,"TALL_003.E.20140618","M7Kgwa5WKWr1GKdJdwX2+EXxJedts6j1BVVhd7aE9+Y=","other carabid","CARSP14","Carabidae sp.","family",,"Latreille",,1,"Other",,"us1ZuF/YFaJ9IETdiexVrD+fHDIIxGwg","individualCount estimated based on number of pinning records|"
"b191b5db-5bca-4b80-ad45-4ab3bd8f8274","TALL_003.basePlot.bet","D08","TALL","TALL_003","E","2014-06-04","2014-06-18","2014-06-19","2014-06-20",,"TALL_003.E.20140618","M7Kgwa5WKWr1GKdJdwX2+EXxJedts6j1WD5BFeNS9cA=","other carabid","CARSP14","Carabidae sp.","family",,"Latreille",,1,"Other",,"us1ZuF/YFaJ9IETdiexVrD+fHDIIxGwg","individualCount estimated based on number of pinning records|"
"60f99902-3c26-44d4-b221-5997e47f1f6d","TALL_008.basePlot.bet","D08","TALL","TALL_008","N","2014-06-04","2014-06-18","2014-06-19","2014-06-20",,"TALL_008.N.20140618","ohyOCuNZZNECnNQhcnmpAWfz8g0Knl9hjqu+ML42ClM=","invert bycatch",,,,,,,,,,"us1ZuF/YFaJ9IETdiexVrD+fHDIIxGwg",
"52a0e231-644f-4826-a465-fe58d7c940ed","TALL_003.basePlot.bet","D08","TALL","TALL_003","E","2014-06-04","2014-06-18","2014-06-19","2014-06-20",,"TALL_003.E.20140618","M7Kgwa5WKWr1GKdJdwX2+EXxJedts6j11p71u8W37K0=","other carabid","CARSP14","Carabidae sp.","family",,"Latreille",,1,"Other",,"us1ZuF/YFaJ9IETdiexVrD+fHDIIxGwg","individualCount estimated based on number of pinning records|"
"cfce090b-80f9-4e67-8b1b-a424a4a397a4","TALL_003.basePlot.bet","D08","TALL","TALL_003","E","2014-06-04","2014-06-18","2014-06-19","2014-06-20",,"TALL_003.E.20140618","M7Kgwa5WKWr1GKdJdwX2+EXxJedts6j1J+84goZ7vvY=","other carabid","CARSP14","Carabidae sp.","family",,"Latreille",,1,"Other",,"us1ZuF/YFaJ9IETdiexVrD+fHDIIxGwg","individualCount estimated based on number of pinning records|"
"e48694aa-6614-4372-a2a8-abf016883452","TALL_003.basePlot.bet","D08","TALL","TALL_003","E","2014-06-04","2014-06-18","2014-06-19","2014-06-20","2014-10-08","TALL_003.E.20140618","M7Kgwa5WKWr1GKdJdwX2+AwBXUFfHV1IVI6quyKJ/Rk=","carabid","CARSP14","Carabidae sp.","family",,"Latreille","D08.2014.MorphF",1,"Ciegler, J. C. 2000. Ground beetles and wrinkled bark beetles of South Carolina (Coleoptera: Geadephaga: Carabidae and Rhysodidae). Biota of South Carolina. Vol. 1. Clemson, S. Clemson University.","dMJs1cNhGMQmfrz/BmSoV8PXctJG72Ru","us1ZuF/YFaJ9IETdiexVrD+fHDIIxGwg","Black, very shiny| edges of elytra and legs reddish brown. Mandibles long and slender. All individual morphospecies pinned"
"56a89137-3afe-4af9-8979-aa2785ff32e1","TALL_004.basePlot.bet","D08","TALL","TALL_004","N","2014-06-04","2014-06-18","2014-06-19","2014-06-20",,"TALL_004.N.20140618","Qa/aVRg+qTPrFwwaq/Vrv5mqO1qTNpg4RDmHAvCWb9s=","invert bycatch",,,,,,,,,,"us1ZuF/YFaJ9IETdiexVrD+fHDIIxGwg",
"ffd80816-24d3-4fca-b6b7-06e39c0c12c7","TALL_005.basePlot.bet","D08","TALL","TALL_005","N","2014-06-04","2014-06-18","2014-06-19","2014-06-20",,"TALL_005.N.20140618","t0MQRG9cttngFqgPdBhhpbM4GY/1Qe9j4IfZXtOKIzY=","invert bycatch",,,,,,,,,,"fPsz3Cj+WnSf7fhO9S0U5mWC7OJtKmKE",
"8bcc1a1e-85b9-460b-99b8-8ecea444ddcd","TALL_007.basePlot.bet","D08","TALL","TALL_007","N","2014-06-04","2014-06-18","2014-06-19","2014-06-20",,"TALL_007.N.20140618","dCnpKCfrHjOVQk2Phb9g9g5G+OQFEjq5UPPOl93Nrj8=","invert bycatch",,,,,,,,,,"us1ZuF/YFaJ9IETdiexVrD+fHDIIxGwg",
"99c6caac-e677-47d8-8b90-d0f48745e936","TALL_006.basePlot.bet","D08","TALL","TALL_006","N","2014-06-04","2014-06-18","2014-06-19","2014-06-20",,"TALL_006.N.20140618","GF+klScYxlOx9ycIiDxYKE4j3UOcFc/hmf5JsfW161M=","invert bycatch",,,,,,,,,,"1BXlVo/+sgQnzGKl3MtQcn6rxZDFIa/f",
"6e48562d-d8b7-4835-a07d-005b9ff90aa9","TALL_001.basePlot.bet","D08","TALL","TALL_001","N","2014-06-04","2014-06-18","2014-06-19","2014-06-20",,"TALL_001.N.20140618","oBD9lvhf20l9OYUubMfz41kzpybez9K9v567V1R/8NM=","invert bycatch",,,,,,,,,,"us1ZuF/YFaJ9IETdiexVrD+fHDIIxGwg",
"4836c58b-5bf5-4bde-a694-04183005adcb","TALL_008.basePlot.bet","D08","TALL","TALL_008","N","2014-06-04","2014-06-18","2014-06-19","2014-06-20","2014-10-23","TALL_008.N.20140618","ohyOCuNZZNECnNQhcnmpATJIpRk48xeMAwv76Hzh1NA=","carabid","CARSP14","Carabidae sp.","family",,"Latreille","D08.2014.MorphD",1,"Ciegler, J. C. 2000. Ground beetles and wrinkled bark beetles of South Carolina (Coleoptera: Geadephaga: Carabidae and Rhysodidae). Biota of South Carolina. Vol. 1. Clemson, S. Clemson University.","us1ZuF/YFaJ9IETdiexVrD+fHDIIxGwg","us1ZuF/YFaJ9IETdiexVrD+fHDIIxGwg","11.6-19.2mm. Elytra dull, pronotum moderately shiny. Frontal grooves of head fairly deep and sharply defined, angulate near middle, the bend directed medially. Pronotum quadrate slightly constricted anteriorly and posteriorly, sides not anterior transvers"
"40e68d34-7822-46cc-94f2-c1664d4b4acf","TALL_009.basePlot.bet","D08","TALL","TALL_009","N","2014-06-04","2014-06-18","2014-06-19","2014-06-20","2014-10-08","TALL_009.N.20140618","l/M16YIQdhnZqz5vdEY/27YyCm0YmDY7l49nqgblpjI=","carabid","CARSP14","Carabidae sp.","family",,"Latreille","D08.2014.MorphF",1,"Ciegler, J. C. 2000. Ground beetles and wrinkled bark beetles of South Carolina (Coleoptera: Geadephaga: Carabidae and Rhysodidae). Biota of South Carolina. Vol. 1. Clemson, S. Clemson University.","us1ZuF/YFaJ9IETdiexVrD+fHDIIxGwg","us1ZuF/YFaJ9IETdiexVrD+fHDIIxGwg","Black, very shiny| edges of elytra and legs reddish brown. Mandibles long and slender. All individual morphospecies pinned"
"a5b61da9-1dd2-4a21-aad8-784651f7292e","TALL_013.basePlot.bet","D08","TALL","TALL_013","N","2014-06-04","2014-06-18","2014-06-19","2014-06-20",,"TALL_013.N.20140618","636VT4a85rCe14e3OkMIXz/YDx1D449Z/Pzs1UkEE7U=","invert bycatch",,,,,,,,,,"us1ZuF/YFaJ9IETdiexVrD+fHDIIxGwg",
"927e2bd0-6a0f-4547-b4ac-3d7a6d33e26a","TALL_009.basePlot.bet","D08","TALL","TALL_009","N","2014-06-04","2014-06-18","2014-06-19","2014-06-20",,"TALL_009.N.20140618","l/M16YIQdhnZqz5vdEY/23tXvWDmFjUl+q8wuO5GY8Y=","other carabid","CARSP14","Carabidae sp.","family",,"Latreille",,1,"Other",,"us1ZuF/YFaJ9IETdiexVrD+fHDIIxGwg","individualCount estimated based on number of pinning records|"
"6a78b915-42bc-45bb-90d7-76b4f1521ef4","TALL_009.basePlot.bet","D08","TALL","TALL_009","N","2014-06-04","2014-06-18","2014-06-19","2014-06-20",,"TALL_009.N.20140618","l/M16YIQdhnZqz5vdEY/23tXvWDmFjUlLCqhKOLkEOc=","other carabid","CARSP14","Carabidae sp.","family",,"Latreille",,1,"Other",,"us1ZuF/YFaJ9IETdiexVrD+fHDIIxGwg","individualCount estimated based on number of pinning records|"
"ab6f93ef-d126-4485-acf2-1bfda10cc6b7","TALL_009.basePlot.bet","D08","TALL","TALL_009","N","2014-06-04","2014-06-18","2014-06-19","2014-06-20","2014-10-23","TALL_009.N.20140618","l/M16YIQdhnZqz5vdEY/27YyCm0YmDY7L6LgqH++4Vo=","carabid","CARSP14","Carabidae sp.","family",,"Latreille","D08.2014.MorphD",1,"Ciegler, J. C. 2000. Ground beetles and wrinkled bark beetles of South Carolina (Coleoptera: Geadephaga: Carabidae and Rhysodidae). Biota of South Carolina. Vol. 1. Clemson, S. Clemson University.","us1ZuF/YFaJ9IETdiexVrD+fHDIIxGwg","us1ZuF/YFaJ9IETdiexVrD+fHDIIxGwg","11.6-19.2mm. Elytra dull, pronotum moderately shiny. Frontal grooves of head fairly deep and sharply defined, angulate near middle, the bend directed medially. Pronotum quadrate slightly constricted anteriorly and posteriorly, sides not anterior transvers"
"ac67bb62-9372-47cc-a8a8-d3ea553799b3","TALL_003.basePlot.bet","D08","TALL","TALL_003","N","2014-06-04","2014-06-18","2014-06-19","2014-06-20","2014-10-23","TALL_003.N.20140618","M7Kgwa5WKWrsEoTB/KZYrSQ2j5ndunsnyyOUSsgYv9w=","carabid","CARSP14","Carabidae sp.","family",,"Latreille","D08.2014.MorphD",3,"Ciegler, J. C. 2000. Ground beetles and wrinkled bark beetles of South Carolina (Coleoptera: Geadephaga: Carabidae and Rhysodidae). Biota of South Carolina. Vol. 1. Clemson, S. Clemson University.","dMJs1cNhGMQmfrz/BmSoV8PXctJG72Ru","us1ZuF/YFaJ9IETdiexVrD+fHDIIxGwg","11.6-19.2mm. Elytra dull, pronotum moderately shiny. Frontal grooves of head fairly deep and sharply defined, angulate near middle, the bend directed medially. Pronotum quadrate slightly constricted anteriorly and posteriorly, sides not anterior transvers"
"cd774ce8-db3d-45fb-8ac8-dea8b0bd0b67","TALL_003.basePlot.bet","D08","TALL","TALL_003","N","2014-06-04","2014-06-18","2014-06-19","2014-06-20",,"TALL_003.N.20140618","M7Kgwa5WKWrsEoTB/KZYrc57Zhatx/Z7RWChv4tC0Js=","invert bycatch",,,,,,,,,,"us1ZuF/YFaJ9IETdiexVrD+fHDIIxGwg",
"aad6f1e6-599d-4347-8214-949b9a6e040f","TALL_009.basePlot.bet","D08","TALL","TALL_009","N","2014-06-04","2014-06-18","2014-06-19","2014-06-20",,"TALL_009.N.20140618","l/M16YIQdhnZqz5vdEY/2/3jq5vHCazp2VAtcBFBFNo=","invert bycatch",,,,,,,,,,"us1ZuF/YFaJ9IETdiexVrD+fHDIIxGwg",
"4f2ed085-7d4d-41e7-a2a2-13148b4d6fe3","TALL_003.basePlot.bet","D08","TALL","TALL_003","N","2014-06-04","2014-06-18","2014-06-19","2014-06-20",,"TALL_003.N.20140618","M7Kgwa5WKWrsEoTB/KZYrfh5qJ0w+GYxAczFFIHAe2A=","other carabid","CARSP14","Carabidae sp.","family",,"Latreille",,1,"Other",,"us1ZuF/YFaJ9IETdiexVrD+fHDIIxGwg","individualCount estimated based on number of pinning records|reddish brown body, Legs bright red. Pronutum wider than head and heart shaped. Elytra striated and slightly duller than pronotum."
"4c69bfcd-bdb1-4f8a-9737-26879fc7fb97","TALL_003.basePlot.bet","D08","TALL","TALL_003","N","2014-06-04","2014-06-18","2014-06-19","2014-06-20",,"TALL_003.N.20140618","M7Kgwa5WKWrsEoTB/KZYrfh5qJ0w+GYxGa/hn8QG8Yo=","other carabid","CARSP14","Carabidae sp.","family",,"Latreille",,1,"Other",,"us1ZuF/YFaJ9IETdiexVrD+fHDIIxGwg","individualCount estimated based on number of pinning records|19-25mm. Elongate. Black, somewhat shiny to dull. Base of pronotum wider than apex, margins very markedly reflexed| two setigerous punctures near each lateral striae deep, impunctate| intervals quite convex| carina of interval 7 not extended to middle."
"f18846a5-74de-4367-b285-fd22ada55022","TALL_003.basePlot.bet","D08","TALL","TALL_003","N","2014-06-04","2014-06-18","2014-06-19","2014-06-20",,"TALL_003.N.20140618","M7Kgwa5WKWrsEoTB/KZYrfh5qJ0w+GYxg+9+tfGUPTY=","other carabid","CARSP14","Carabidae sp.","family",,"Latreille",,1,"Other",,"us1ZuF/YFaJ9IETdiexVrD+fHDIIxGwg","individualCount estimated based on number of pinning records|17.9-26.8 mm. Broad, very robust. Dull black. Base of pronotum wider than apex, margins only slightly reflexed| two stigerous punctures near neach lateral margin transverse basal impression very deep. Elytral interval 7 carinate for about two-third length"
"687fb44c-e7a5-49d4-b03b-a37a0d99c1a3","TALL_004.basePlot.bet","D08","TALL","TALL_004","S","2014-06-04","2014-06-18","2014-06-19","2014-06-20","2014-10-23","TALL_004.S.20140618","Qa/aVRg+qTPGUpsxrjX3Fe6OWtWCLKNNwAGRS0nd30k=","carabid","CARSP14","Carabidae sp.","family",,"Latreille","D08.2014.MorphD",1,"Ciegler, J. C. 2000. Ground beetles and wrinkled bark beetles of South Carolina (Coleoptera: Geadephaga: Carabidae and Rhysodidae). Biota of South Carolina. Vol. 1. Clemson, S. Clemson University.","us1ZuF/YFaJ9IETdiexVrD+fHDIIxGwg","us1ZuF/YFaJ9IETdiexVrD+fHDIIxGwg","11.6-19.2mm. Elytra dull, pronotum moderately shiny. Frontal grooves of head fairly deep and sharply defined, angulate near middle, the bend directed medially. Pronotum quadrate slightly constricted anteriorly and posteriorly, sides not anterior transvers"
"c0ed2869-1e8b-45e0-805d-de62b13e0434","TALL_001.basePlot.bet","D08","TALL","TALL_001","S","2014-06-04","2014-06-18","2014-06-19","2014-06-20","2014-10-23","TALL_001.S.20140618","oBD9lvhf20leVEYENiiuN8isZ1f5PV5wjSGxFAJfUoM=","carabid","CARSP14","Carabidae sp.","family",,"Latreille","D08.2014.MorphD",2,"Ciegler, J. C. 2000. Ground beetles and wrinkled bark beetles of South Carolina (Coleoptera: Geadephaga: Carabidae and Rhysodidae). Biota of South Carolina. Vol. 1. Clemson, S. Clemson University.","us1ZuF/YFaJ9IETdiexVrD+fHDIIxGwg","us1ZuF/YFaJ9IETdiexVrD+fHDIIxGwg","11.6-19.2mm. Elytra dull, pronotum moderately shiny. Frontal grooves of head fairly deep and sharply defined, angulate near middle, the bend directed medially. Pronotum quadrate slightly constricted anteriorly and posteriorly, sides not anterior transvers"
"0f6ba597-7c70-44b1-a1de-a78aebb8dda0","TALL_003.basePlot.bet","D08","TALL","TALL_003","S","2014-06-04","2014-06-18","2014-06-19","2014-06-20",,"TALL_003.S.20140618","M7Kgwa5WKWrZauSCvns6ijifY1YZDNWgGY945QLWVtY=","other carabid","CARSP14","Carabidae sp.","family",,"Latreille",,1,"Other",,"us1ZuF/YFaJ9IETdiexVrD+fHDIIxGwg","individualCount estimated based on number of pinning records|"
"f02c4a77-d748-4681-ad32-4d3c2ab03d09","TALL_003.basePlot.bet","D08","TALL","TALL_003","S","2014-06-04","2014-06-18","2014-06-19","2014-06-20","2014-10-23","TALL_003.S.20140618","M7Kgwa5WKWrZauSCvns6ihKbb2Sv18b3bdtB3oc7314=","carabid","CARSP14","Carabidae sp.","family",,"Latreille","D08.2014.MorphD",1,"Ciegler, J. C. 2000. Ground beetles and wrinkled bark beetles of South Carolina (Coleoptera: Geadephaga: Carabidae and Rhysodidae). Biota of South Carolina. Vol. 1. Clemson, S. Clemson University.","dMJs1cNhGMQmfrz/BmSoV8PXctJG72Ru","us1ZuF/YFaJ9IETdiexVrD+fHDIIxGwg","11.6-19.2mm. Elytra dull, pronotum moderately shiny. Frontal grooves of head fairly deep and sharply defined, angulate near middle, the bend directed medially. Pronotum quadrate slightly constricted anteriorly and posteriorly, sides not anterior transvers"
"72455c4e-4509-4234-a0df-07ae99156935","TALL_005.basePlot.bet","D08","TALL","TALL_005","W","2014-06-04","2014-06-18","2014-06-19","2014-06-20","2014-10-23","TALL_005.W.20140618","t0MQRG9cttnJ0EYTDCM3I0ozwu0Pn0IF1ZXRQawX/Io=","carabid","CARSP14","Carabidae sp.","family",,"Latreille","D08.2014.MorphD",1,"Ciegler, J. C. 2000. Ground beetles and wrinkled bark beetles of South Carolina (Coleoptera: Geadephaga: Carabidae and Rhysodidae). Biota of South Carolina. Vol. 1. Clemson, S. Clemson University.","us1ZuF/YFaJ9IETdiexVrD+fHDIIxGwg","fPsz3Cj+WnSf7fhO9S0U5mWC7OJtKmKE","individualCount not recorded. Value of 1 entered|11.6-19.2mm. Elytra dull, pronotum moderately shiny. Frontal grooves of head fairly deep and sharply defined, angulate near middle, the bend directed medially. Pronotum quadrate slightly constricted anteriorly and posteriorly, sides not anterior transvers"
"0427c255-3d64-47e1-b878-40d606227289","TALL_005.basePlot.bet","D08","TALL","TALL_005","W","2014-06-04","2014-06-18","2014-06-19","2014-06-20","2014-10-08","TALL_005.W.20140618","t0MQRG9cttnJ0EYTDCM3I0ozwu0Pn0IFNMjYt7tDIL4=","carabid","CARSP14","Carabidae sp.","family",,"Latreille","D08.2014.MorphF",1,"Ciegler, J. C. 2000. Ground beetles and wrinkled bark beetles of South Carolina (Coleoptera: Geadephaga: Carabidae and Rhysodidae). Biota of South Carolina. Vol. 1. Clemson, S. Clemson University.","us1ZuF/YFaJ9IETdiexVrD+fHDIIxGwg","fPsz3Cj+WnSf7fhO9S0U5mWC7OJtKmKE","individualCount not recorded. Value of 1 entered|Black, very shiny| edges of elytra and legs reddish brown. Mandibles long and slender. All individual morphospecies pinned"
"17ea135c-a1f6-448f-9487-d2b915ec297a","TALL_004.basePlot.bet","D08","TALL","TALL_004","W","2014-06-04","2014-06-18","2014-06-19","2014-06-20",,"TALL_004.W.20140618","Qa/aVRg+qTPg7VwX9mRLMQ3lzus8kaAO4gnj3sgMA7U=","other carabid","CARSP14","Carabidae sp.","family",,"Latreille",,1,"Other",,"us1ZuF/YFaJ9IETdiexVrD+fHDIIxGwg","individualCount estimated based on number of pinning records|"
"2f5a33a3-891d-474f-92e0-1ef3c085b58c","TALL_003.basePlot.bet","D08","TALL","TALL_003","W","2014-06-04","2014-06-18","2014-06-19","2014-06-20",,"TALL_003.W.20140618","M7Kgwa5WKWoANUMT9r1CJ4RuXoGTNF2Cez1OwgARA6M=","other carabid","CARSP14","Carabidae sp.","family",,"Latreille",,1,"Other",,"us1ZuF/YFaJ9IETdiexVrD+fHDIIxGwg","individualCount estimated based on number of pinning records|"
"89eb095c-c0ce-400e-874f-aeb5d973e3d3","TALL_013.basePlot.bet","D08","TALL","TALL_013","W","2014-06-04","2014-06-18","2014-06-19","2014-06-20",,"TALL_013.W.20140618","636VT4a85rB2oAd8WtikWYbGTwaekU8LM5NMbhlqIm4=","other carabid","CARSP14","Carabidae sp.","family",,"Latreille",,1,"Other",,"us1ZuF/YFaJ9IETdiexVrD+fHDIIxGwg","individualCount estimated based on number of pinning records|10.7-15.0mm. Black, very shiny| reddish near hind angle of pronotum. Right mandible with noticeable convexity. Pronotum quadrate, about as wide at apex as base| side sinuate near base, not reflexed| marginal bead complete| two lateral setae. Median line a"
"ecc0694e-46c8-42d6-93c9-f2671995cbd9","TALL_008.basePlot.bet","D08","TALL","TALL_008","W","2014-06-04","2014-06-18","2014-06-19","2014-06-20","2014-10-23","TALL_008.W.20140618","ohyOCuNZZNHXm47VwlKAEKxb0w16Eo3dnKhjG/yuTwQ=","carabid","CARSP14","Carabidae sp.","family",,"Latreille","D08.2014.MorphD",1,"Ciegler, J. C. 2000. Ground beetles and wrinkled bark beetles of South Carolina (Coleoptera: Geadephaga: Carabidae and Rhysodidae). Biota of South Carolina. Vol. 1. Clemson, S. Clemson University.","us1ZuF/YFaJ9IETdiexVrD+fHDIIxGwg","us1ZuF/YFaJ9IETdiexVrD+fHDIIxGwg","11.6-19.2mm. Elytra dull, pronotum moderately shiny. Frontal grooves of head fairly deep and sharply defined, angulate near middle, the bend directed medially. Pronotum quadrate slightly constricted anteriorly and posteriorly, sides not anterior transvers"
"a93a35ab-0641-44f2-8798-790fad03c934","TALL_006.basePlot.bet","D08","TALL","TALL_006","W","2014-06-04","2014-06-18","2014-06-19","2014-06-20",,"TALL_006.W.20140618","GF+klScYxlNQTeoNcLtbqRVXIln696M/oeLStluOZNs=","other carabid","CARSP14","Carabidae sp.","family",,"Latreille",,1,"Other",,"1BXlVo/+sgQnzGKl3MtQcn6rxZDFIa/f","individualCount estimated based on number of pinning records|14-18mm. Purplish brown dorsally. White markings a single triangular dot on each side, or none. Elytron with green punctures and foveae and purplish brown velvety spots that give the appearance of diagonal brown lines in certain light. Elytron flat, not s"
"ef2d7103-6870-442b-92f4-653f781c32af","TALL_008.basePlot.bet","D08","TALL","TALL_008","E","2014-06-04","2014-06-18","2014-06-19","2014-06-20","2014-10-23","TALL_008.E.20140618","ohyOCuNZZNGY+NOmouvaWf74/rUQb+zaIdF2YLQgH30=","carabid","CARSP14","Carabidae sp.","family",,"Latreille","D08.2014.MorphD",1,"Ciegler, J. C. 2000. Ground beetles and wrinkled bark beetles of South Carolina (Coleoptera: Geadephaga: Carabidae and Rhysodidae). Biota of South Carolina. Vol. 1. Clemson, S. Clemson University.","us1ZuF/YFaJ9IETdiexVrD+fHDIIxGwg","us1ZuF/YFaJ9IETdiexVrD+fHDIIxGwg","11.6-19.2mm. Elytra dull, pronotum moderately shiny. Frontal grooves of head fairly deep and sharply defined, angulate near middle, the bend directed medially. Pronotum quadrate slightly constricted anteriorly and posteriorly, sides not anterior transvers"
