uid,namedLocation,domainID,siteID,plotID,trapID,setDate,collectDate,processingDate,identifiedDate,subsampleID,individualID,taxonID,scientificName,taxonRank,identificationQualifier,scientificNameAuthorship,morphospeciesID,identificationReferences,totalLength,identifiedBy,recordedBy,remarks
"ebad08fa-1724-417e-a173-b410baabee79","OSBS_006.basePlot.bet","D03","OSBS","OSBS_006","E","2014-07-21","2014-08-04","2014-09-29","2014-09-29","s+mA6/5XhU7yLFb/BZeHoJePrCbTBhINvypd9jI37yo=","NEON.BET.D03.000313","HELCLA","Helluomorphoides clairvillei","species",,"Dejean",,"Other",,"scdXeiOYH+xCXiXscoerBg8nVMTM/1lP","scdXeiOYH+xCXiXscoerBg8nVMTM/1lP",
"d9da9755-3d69-4229-b60f-a6bcfb7bd747","OSBS_005.basePlot.bet","D03","OSBS","OSBS_005","N","2014-07-21","2014-08-04","2014-09-29","2014-09-30","Ic3+d2cIO5OHSNIkQdrfU+aAiBnquoYuouY8ij8JcQ4=","NEON.BET.D03.000215","SELOPA","Selenophorus opalinus","species",,"LeConte",,"Other",,"7ZsG8s1cQijU1p7CX6b9FNrZuRO+/rX6","scdXeiOYH+xCXiXscoerBg8nVMTM/1lP",
"87d2b258-1b8a-49b1-bcae-1d56d8dbbea0","OSBS_005.basePlot.bet","D03","OSBS","OSBS_005","N","2014-07-21","2014-08-04","2014-09-29","2014-09-29","Ic3+d2cIO5OHSNIkQdrfU+aAiBnquoYuouY8ij8JcQ4=","NEON.BET.D03.000214","ELASP7","Elaphropus sp.","genus","cf. genus","Motschulsky",,"Other",,"scdXeiOYH+xCXiXscoerBg8nVMTM/1lP","scdXeiOYH+xCXiXscoerBg8nVMTM/1lP",
"509d8d04-5b6d-4dcc-9c6a-ea17eba9e34d","OSBS_007.basePlot.bet","D03","OSBS","OSBS_007","N","2014-07-21","2014-08-04","2014-09-29","2014-09-30","GG9Q6Sepi5n9ChzV2TMYVedhwEYmibjHDKOd3claNUg=","NEON.BET.D03.000218","AMBIRI","Amblygnathus iripennis","species",,"Say",,"Other",,"scdXeiOYH+xCXiXscoerBg8nVMTM/1lP","scdXeiOYH+xCXiXscoerBg8nVMTM/1lP",
"b59f0e21-0502-4d5f-9b05-07da346a6402","OSBS_003.basePlot.bet","D03","OSBS","OSBS_003","E","2014-08-04","2014-08-18","2014-09-29","2014-09-29","6IhldZNozXO3xGDOITbxpk9vyRnoi1cfdv6aNbwvVG4=","NEON.BET.D03.000220","CYCFAB","Cyclotrachelus faber","species",,"Germar",,"Other",,"scdXeiOYH+xCXiXscoerBg8nVMTM/1lP","scdXeiOYH+xCXiXscoerBg8nVMTM/1lP",
"21d22d15-42fc-4471-a57f-4ee608dd0fe6","OSBS_003.basePlot.bet","D03","OSBS","OSBS_003","E","2014-08-04","2014-08-18","2014-09-29","2014-09-29","6IhldZNozXO3xGDOITbxpk9vyRnoi1cfdv6aNbwvVG4=","NEON.BET.D03.000219","CYCFAB","Cyclotrachelus faber","species",,"Germar",,"Other",,"scdXeiOYH+xCXiXscoerBg8nVMTM/1lP","scdXeiOYH+xCXiXscoerBg8nVMTM/1lP",
"44052b47-3b58-4232-b5ec-b6d881b8c627","OSBS_001.basePlot.bet","D03","OSBS","OSBS_001","S","2014-08-04","2014-08-18","2014-09-29","2014-09-29","tAZPllg5btSgEP47qQTYPiwBZQyHjQTliisP1F3FwLA=","NEON.BET.D03.000223","LOXCRE","Loxandrus crenatus","species",,"LeConte",,"Other",,"scdXeiOYH+xCXiXscoerBg8nVMTM/1lP","scdXeiOYH+xCXiXscoerBg8nVMTM/1lP",
