uid,namedLocation,domainID,siteID,plotID,trapID,setDate,collectDate,processingDate,identifiedDate,subsampleID,individualID,taxonID,scientificName,taxonRank,identificationQualifier,scientificNameAuthorship,morphospeciesID,identificationReferences,totalLength,identifiedBy,recordedBy,remarks
"82b2998e-d8a6-4fb4-9157-4ea46c0826bc","UNDE_003.basePlot.bet","D05","UNDE","UNDE_003","E","2015-05-26","2015-06-08","2015-11-05","2015-09-25","UKgrtiGQYSCWfxHTjKN1/DlMCG734qw7btTTcVlfS/s=","NEON.BET.D05.000686","PTECOR1","Pterostichus coracinus","species","cf. species","Newman",,"Lindroth, C. H. 1969. The ground-beetles (Carabidae, excl. Cicindelinae) of Canada and Alaska, parts 1-6. Opuscula E. Entomoligiska Sallskapet.",,"Syw2LXB/pj+fmGCuwdgBGVryVUmYhw3g","Syw2LXB/pj+fmGCuwdgBGVryVUmYhw3g","has four punctures on elytra instead of usual two"
"660d2559-b212-4f2c-9c51-b1a3739d7717","UNDE_017.basePlot.bet","D05","UNDE","UNDE_017","E","2015-05-26","2015-06-08","2015-11-04","2015-10-01","xHY1KmNCr21DrRJn5PYxf7HMYr5qDPErbTlf77cqogg=","NEON.BET.D05.000629","PLAMAN","Platynus mannerheimii","species",,"Dejean",,"Lindroth, C. H. 1969. The ground-beetles (Carabidae, excl. Cicindelinae) of Canada and Alaska, parts 1-6. Opuscula E. Entomoligiska Sallskapet.",,"Syw2LXB/pj+fmGCuwdgBGVryVUmYhw3g","Syw2LXB/pj+fmGCuwdgBGVryVUmYhw3g",
"a315131a-19f0-48e4-92af-4e6f239c9ccb","UNDE_006.basePlot.bet","D05","UNDE","UNDE_006","E","2015-05-26","2015-06-08","2015-11-05","2015-10-07","izIYmtFoQUjYvdCG/eJV1+xFMM0LxwvXFQyDvZ/q1s0=","NEON.BET.D05.000682","NOTAEN","Notiophilus aeneus","species",,"Herbst",,"Lindroth, C. H. 1969. The ground-beetles (Carabidae, excl. Cicindelinae) of Canada and Alaska, parts 1-6. Opuscula E. Entomoligiska Sallskapet.",,"Syw2LXB/pj+fmGCuwdgBGVryVUmYhw3g","Syw2LXB/pj+fmGCuwdgBGVryVUmYhw3g",
"995f6c83-b2a9-48e8-8c7d-b87b682c83d2","UNDE_006.basePlot.bet","D05","UNDE","UNDE_006","E","2015-05-26","2015-06-08","2015-11-05","2015-10-07","izIYmtFoQUjYvdCG/eJV1+xFMM0LxwvXFQyDvZ/q1s0=","NEON.BET.D05.000683","NOTAEN","Notiophilus aeneus","species",,"Herbst",,"Lindroth, C. H. 1969. The ground-beetles (Carabidae, excl. Cicindelinae) of Canada and Alaska, parts 1-6. Opuscula E. Entomoligiska Sallskapet.",,"Syw2LXB/pj+fmGCuwdgBGVryVUmYhw3g","Syw2LXB/pj+fmGCuwdgBGVryVUmYhw3g",
"2d89573c-9286-473e-af5f-8de1484ba183","UNDE_011.basePlot.bet","D05","UNDE","UNDE_011","E","2015-05-26","2015-06-08","2015-11-05","2015-09-30","0Ya1AWR2lPiVqJfHQh+4u9tCdRJOtBUIyUVwkybRYeM=","NEON.BET.D05.000669","HARPEN","Harpalus pensylvanicus","species","cf. species","DeGeer",,"Lindroth, C. H. 1969. The ground-beetles (Carabidae, excl. Cicindelinae) of Canada and Alaska, parts 1-6. Opuscula E. Entomoligiska Sallskapet.",,"Syw2LXB/pj+fmGCuwdgBGVryVUmYhw3g","Syw2LXB/pj+fmGCuwdgBGVryVUmYhw3g",
"b5c22609-324f-4f5c-baeb-8dbf460a187a","UNDE_008.basePlot.bet","D05","UNDE","UNDE_008","E","2015-05-26","2015-06-08","2015-11-03","2015-10-07","MjA7sUqH2Ca0m+Es0SGwOaMhcR2pGsYKuBk8Y+joyO0=","NEON.BET.D05.000491","PTEMEL","Pterostichus melanarius melanarius","subspecies",,"Illiger",,"Lindroth, C. H. 1969. The ground-beetles (Carabidae, excl. Cicindelinae) of Canada and Alaska, parts 1-6. Opuscula E. Entomoligiska Sallskapet.",,"Syw2LXB/pj+fmGCuwdgBGVryVUmYhw3g","Syw2LXB/pj+fmGCuwdgBGVryVUmYhw3g",
"d099c695-c3e2-47df-91f2-a069d61e9ea9","UNDE_007.basePlot.bet","D05","UNDE","UNDE_007","E","2015-05-26","2015-06-08","2015-11-04","2015-09-24","sj+sxzQpSGBowuXeQO717PAIKUpL1nChiBks7rylwdw=","NEON.BET.D05.000582","CARNEM","Carabus nemoralis nemoralis","subspecies",,"Mueller",,"Lindroth, C. H. 1969. The ground-beetles (Carabidae, excl. Cicindelinae) of Canada and Alaska, parts 1-6. Opuscula E. Entomoligiska Sallskapet.",,"Syw2LXB/pj+fmGCuwdgBGVryVUmYhw3g","Syw2LXB/pj+fmGCuwdgBGVryVUmYhw3g",
"6dcb83e6-4711-481b-985e-4d533ea98b13","UNDE_007.basePlot.bet","D05","UNDE","UNDE_007","E","2015-05-26","2015-06-08","2015-11-05","2015-09-24","sj+sxzQpSGBowuXeQO717CCpSUUJBKFkG6pIwDElJLE=","NEON.BET.D05.000655","SPHSTE1","Sphaeroderus stenostomus lecontei","subspecies",,"Dejean",,"Lindroth, C. H. 1969. The ground-beetles (Carabidae, excl. Cicindelinae) of Canada and Alaska, parts 1-6. Opuscula E. Entomoligiska Sallskapet.",,"Syw2LXB/pj+fmGCuwdgBGVryVUmYhw3g","Syw2LXB/pj+fmGCuwdgBGVryVUmYhw3g",
"0252c1f7-1651-44cf-a7f8-d96236b1d4de","UNDE_017.basePlot.bet","D05","UNDE","UNDE_017","E","2015-05-26","2015-06-08","2015-11-04","2015-09-30","xHY1KmNCr21DrRJn5PYxfx2y1q2An1mCuEKvYva2Qcg=","NEON.BET.D05.000615","PLADEC","Platynus decentis","species",,"Say",,"Lindroth, C. H. 1969. The ground-beetles (Carabidae, excl. Cicindelinae) of Canada and Alaska, parts 1-6. Opuscula E. Entomoligiska Sallskapet.",,"Syw2LXB/pj+fmGCuwdgBGVryVUmYhw3g","Syw2LXB/pj+fmGCuwdgBGVryVUmYhw3g",
"16555c80-f7d8-48f7-a5d2-74a42a42c2d4","UNDE_017.basePlot.bet","D05","UNDE","UNDE_017","E","2015-05-26","2015-06-08","2015-11-04","2015-09-30","xHY1KmNCr21DrRJn5PYxfx2y1q2An1mCuEKvYva2Qcg=","NEON.BET.D05.000597","PLADEC","Platynus decentis","species",,"Say",,"Lindroth, C. H. 1969. The ground-beetles (Carabidae, excl. Cicindelinae) of Canada and Alaska, parts 1-6. Opuscula E. Entomoligiska Sallskapet.",,"Syw2LXB/pj+fmGCuwdgBGVryVUmYhw3g","Syw2LXB/pj+fmGCuwdgBGVryVUmYhw3g",
"838ac860-fd04-4d2d-979b-b5af4c7414bd","UNDE_017.basePlot.bet","D05","UNDE","UNDE_017","E","2015-05-26","2015-06-08","2015-11-04","2015-09-30","xHY1KmNCr21DrRJn5PYxfx2y1q2An1mCuEKvYva2Qcg=","NEON.BET.D05.000616","PLADEC","Platynus decentis","species",,"Say",,"Lindroth, C. H. 1969. The ground-beetles (Carabidae, excl. Cicindelinae) of Canada and Alaska, parts 1-6. Opuscula E. Entomoligiska Sallskapet.",,"Syw2LXB/pj+fmGCuwdgBGVryVUmYhw3g","Syw2LXB/pj+fmGCuwdgBGVryVUmYhw3g",
"a93e3f35-afb8-4ff4-8c2b-7009bc9d578e","UNDE_003.basePlot.bet","D05","UNDE","UNDE_003","E","2015-05-26","2015-06-08","2015-11-05","2015-09-24","UKgrtiGQYSCWfxHTjKN1/M2jacj0ehZDmgp2X4UqQgg=","NEON.BET.D05.000654","SPHSTE1","Sphaeroderus stenostomus lecontei","subspecies",,"Dejean",,"Lindroth, C. H. 1969. The ground-beetles (Carabidae, excl. Cicindelinae) of Canada and Alaska, parts 1-6. Opuscula E. Entomoligiska Sallskapet.",,"Syw2LXB/pj+fmGCuwdgBGVryVUmYhw3g","Syw2LXB/pj+fmGCuwdgBGVryVUmYhw3g",
"fdfc9575-9bb9-4195-acfa-7b79d9602cf7","UNDE_007.basePlot.bet","D05","UNDE","UNDE_007","E","2015-05-26","2015-06-08","2015-11-04","2015-09-24","sj+sxzQpSGBowuXeQO717KDZUES/8pIjRKKZioiJwNI=","NEON.BET.D05.000602","PLADEC","Platynus decentis","species",,"Say",,"Lindroth, C. H. 1969. The ground-beetles (Carabidae, excl. Cicindelinae) of Canada and Alaska, parts 1-6. Opuscula E. Entomoligiska Sallskapet.",,"Syw2LXB/pj+fmGCuwdgBGVryVUmYhw3g","Syw2LXB/pj+fmGCuwdgBGVryVUmYhw3g",
"bee66833-fee9-4ace-bdd2-6018b2e14701","UNDE_011.basePlot.bet","D05","UNDE","UNDE_011","E","2015-05-26","2015-06-08","2015-11-04","2015-09-30","0Ya1AWR2lPiVqJfHQh+4u14d8gFN7LrSi4ID0VWBz0k=","NEON.BET.D05.000609","PLADEC","Platynus decentis","species",,"Say",,"Lindroth, C. H. 1969. The ground-beetles (Carabidae, excl. Cicindelinae) of Canada and Alaska, parts 1-6. Opuscula E. Entomoligiska Sallskapet.",,"Syw2LXB/pj+fmGCuwdgBGVryVUmYhw3g","Syw2LXB/pj+fmGCuwdgBGVryVUmYhw3g",
"30116334-5ab3-4d08-ba13-2d487447c48c","UNDE_017.basePlot.bet","D05","UNDE","UNDE_017","E","2015-05-26","2015-06-08","2015-11-04","2015-09-30","xHY1KmNCr21DrRJn5PYxfx2y1q2An1mCuEKvYva2Qcg=","NEON.BET.D05.000605","PLADEC","Platynus decentis","species",,"Say",,"Lindroth, C. H. 1969. The ground-beetles (Carabidae, excl. Cicindelinae) of Canada and Alaska, parts 1-6. Opuscula E. Entomoligiska Sallskapet.",,"Syw2LXB/pj+fmGCuwdgBGVryVUmYhw3g","Syw2LXB/pj+fmGCuwdgBGVryVUmYhw3g",
"9ce634e5-2977-4022-a595-1a65387474d3","UNDE_017.basePlot.bet","D05","UNDE","UNDE_017","E","2015-05-26","2015-06-08","2015-11-04","2015-09-30","xHY1KmNCr21DrRJn5PYxfx2y1q2An1mCuEKvYva2Qcg=","NEON.BET.D05.000606","PLADEC","Platynus decentis","species",,"Say",,"Lindroth, C. H. 1969. The ground-beetles (Carabidae, excl. Cicindelinae) of Canada and Alaska, parts 1-6. Opuscula E. Entomoligiska Sallskapet.",,"Syw2LXB/pj+fmGCuwdgBGVryVUmYhw3g","Syw2LXB/pj+fmGCuwdgBGVryVUmYhw3g",
"551d25c0-8a8d-402c-b6a9-7289b323c570","UNDE_017.basePlot.bet","D05","UNDE","UNDE_017","E","2015-05-26","2015-06-08","2015-11-04","2015-09-30","xHY1KmNCr21DrRJn5PYxfx2y1q2An1mCuEKvYva2Qcg=","NEON.BET.D05.000611","PLADEC","Platynus decentis","species",,"Say",,"Lindroth, C. H. 1969. The ground-beetles (Carabidae, excl. Cicindelinae) of Canada and Alaska, parts 1-6. Opuscula E. Entomoligiska Sallskapet.",,"Syw2LXB/pj+fmGCuwdgBGVryVUmYhw3g","Syw2LXB/pj+fmGCuwdgBGVryVUmYhw3g",
"be7b87b9-edba-4463-8d53-48b66b4050dc","UNDE_017.basePlot.bet","D05","UNDE","UNDE_017","E","2015-05-26","2015-06-08","2015-11-04","2015-09-30","xHY1KmNCr21DrRJn5PYxfx2y1q2An1mCuEKvYva2Qcg=","NEON.BET.D05.000612","PLADEC","Platynus decentis","species",,"Say",,"Lindroth, C. H. 1969. The ground-beetles (Carabidae, excl. Cicindelinae) of Canada and Alaska, parts 1-6. Opuscula E. Entomoligiska Sallskapet.",,"Syw2LXB/pj+fmGCuwdgBGVryVUmYhw3g","Syw2LXB/pj+fmGCuwdgBGVryVUmYhw3g",
"5732e6b9-dc3f-4250-9d0c-2c6c04e8ab98","UNDE_006.basePlot.bet","D05","UNDE","UNDE_006","E","2015-05-26","2015-06-08","2015-11-05","2015-10-07","izIYmtFoQUjYvdCG/eJV1/EyjyZ4p6lXjejHdiiVaX0=","NEON.BET.D05.000673","HARPEN","Harpalus pensylvanicus","species","cf. species","DeGeer",,"Lindroth, C. H. 1969. The ground-beetles (Carabidae, excl. Cicindelinae) of Canada and Alaska, parts 1-6. Opuscula E. Entomoligiska Sallskapet.",,"Syw2LXB/pj+fmGCuwdgBGVryVUmYhw3g","Syw2LXB/pj+fmGCuwdgBGVryVUmYhw3g",
"33b416a5-c6be-4e30-a177-1df1d9285e49","UNDE_006.basePlot.bet","D05","UNDE","UNDE_006","E","2015-05-26","2015-06-08","2015-11-04","2015-10-07","izIYmtFoQUjYvdCG/eJV13wfiAzf5QSYKLTE2ii81iY=","NEON.BET.D05.000528","PTEMEL","Pterostichus melanarius melanarius","subspecies",,"Illiger",,"Lindroth, C. H. 1969. The ground-beetles (Carabidae, excl. Cicindelinae) of Canada and Alaska, parts 1-6. Opuscula E. Entomoligiska Sallskapet.",,"Syw2LXB/pj+fmGCuwdgBGVryVUmYhw3g","Syw2LXB/pj+fmGCuwdgBGVryVUmYhw3g",
"85ba2883-ee8b-418b-b85a-6453a8333381","UNDE_008.basePlot.bet","D05","UNDE","UNDE_008","E","2015-05-26","2015-06-08","2015-11-03","2015-10-07","MjA7sUqH2Ca0m+Es0SGwOaMhcR2pGsYKuBk8Y+joyO0=","NEON.BET.D05.000490","PTEMEL","Pterostichus melanarius melanarius","subspecies",,"Illiger",,"Lindroth, C. H. 1969. The ground-beetles (Carabidae, excl. Cicindelinae) of Canada and Alaska, parts 1-6. Opuscula E. Entomoligiska Sallskapet.",,"Syw2LXB/pj+fmGCuwdgBGVryVUmYhw3g","Syw2LXB/pj+fmGCuwdgBGVryVUmYhw3g",
"fb1edc53-7306-4081-ba75-659d78be6a27","UNDE_011.basePlot.bet","D05","UNDE","UNDE_011","E","2015-05-26","2015-06-08","2015-11-04","2015-09-30","0Ya1AWR2lPiVqJfHQh+4u5ljJOF0OgGvmE0UO9632fM=","NEON.BET.D05.000587","CARNEM","Carabus nemoralis nemoralis","subspecies",,"Mueller",,"Lindroth, C. H. 1969. The ground-beetles (Carabidae, excl. Cicindelinae) of Canada and Alaska, parts 1-6. Opuscula E. Entomoligiska Sallskapet.",,"Syw2LXB/pj+fmGCuwdgBGVryVUmYhw3g","Syw2LXB/pj+fmGCuwdgBGVryVUmYhw3g",
"b6178710-96dc-4639-a156-a08b0536c47c","UNDE_006.basePlot.bet","D05","UNDE","UNDE_006","E","2015-05-26","2015-06-08","2015-10-29","2015-10-07","izIYmtFoQUjYvdCG/eJV1+Rt1sTllLmOvWAsClw0v0g=","NEON.BET.D05.000246","PTEPEN","Pterostichus pensylvanicus","species","cf. species","LeConte",,"Lindroth, C. H. 1969. The ground-beetles (Carabidae, excl. Cicindelinae) of Canada and Alaska, parts 1-6. Opuscula E. Entomoligiska Sallskapet.",,"Syw2LXB/pj+fmGCuwdgBGVryVUmYhw3g","XZoPj1u9UmznO7Lakic/e+h3MMLMvbQt",
"0730436d-84e8-442d-afc0-d806321e243c","UNDE_007.basePlot.bet","D05","UNDE","UNDE_007","E","2015-05-26","2015-06-08","2015-10-29","2015-09-24","sj+sxzQpSGBowuXeQO717Epnvq3ylRPsuhbF78f8w6U=","NEON.BET.D05.000291","PTEPEN","Pterostichus pensylvanicus","species","cf. species","LeConte",,"Lindroth, C. H. 1969. The ground-beetles (Carabidae, excl. Cicindelinae) of Canada and Alaska, parts 1-6. Opuscula E. Entomoligiska Sallskapet.",,"Syw2LXB/pj+fmGCuwdgBGVryVUmYhw3g","lLQBQVfayhr3D1tZaVTYCAmpRMui4lXg/r98CgvafXs=",
"fd9a3391-a566-49f2-b26e-8d656970f2f0","UNDE_007.basePlot.bet","D05","UNDE","UNDE_007","E","2015-05-26","2015-06-08","2015-10-29","2015-09-24","sj+sxzQpSGBowuXeQO717Epnvq3ylRPsuhbF78f8w6U=","NEON.BET.D05.000289","PTEPEN","Pterostichus pensylvanicus","species","cf. species","LeConte",,"Lindroth, C. H. 1969. The ground-beetles (Carabidae, excl. Cicindelinae) of Canada and Alaska, parts 1-6. Opuscula E. Entomoligiska Sallskapet.",,"Syw2LXB/pj+fmGCuwdgBGVryVUmYhw3g","lLQBQVfayhr3D1tZaVTYCAmpRMui4lXg/r98CgvafXs=",
"730ccdff-c5cf-418b-9b6a-fa08d5fe78c7","UNDE_008.basePlot.bet","D05","UNDE","UNDE_008","E","2015-05-26","2015-06-08","2015-10-29","2015-10-07","MjA7sUqH2Ca0m+Es0SGwOVUTzjick5MJCa97O+jmlMI=","NEON.BET.D05.000249","PTEPEN","Pterostichus pensylvanicus","species","cf. species","LeConte",,"Lindroth, C. H. 1969. The ground-beetles (Carabidae, excl. Cicindelinae) of Canada and Alaska, parts 1-6. Opuscula E. Entomoligiska Sallskapet.",,"Syw2LXB/pj+fmGCuwdgBGVryVUmYhw3g","XZoPj1u9UmznO7Lakic/e+h3MMLMvbQt",
"2aebc41f-3f34-4876-b437-5602bf4b31bd","UNDE_011.basePlot.bet","D05","UNDE","UNDE_011","E","2015-05-26","2015-06-08","2015-11-02","2015-09-30","0Ya1AWR2lPiVqJfHQh+4u128R4xER5zAuBu4+IHMdqQ=","NEON.BET.D05.000365","PTECOR1","Pterostichus coracinus","species",,"Newman",,"Lindroth, C. H. 1969. The ground-beetles (Carabidae, excl. Cicindelinae) of Canada and Alaska, parts 1-6. Opuscula E. Entomoligiska Sallskapet.",,"Syw2LXB/pj+fmGCuwdgBGVryVUmYhw3g","Syw2LXB/pj+fmGCuwdgBGVryVUmYhw3g",
"67c9bda5-6378-4fe9-add8-b5523831ba9a","UNDE_007.basePlot.bet","D05","UNDE","UNDE_007","E","2015-05-26","2015-06-08","2015-10-29","2015-09-24","sj+sxzQpSGBowuXeQO717Epnvq3ylRPsuhbF78f8w6U=","NEON.BET.D05.000290","PTEPEN","Pterostichus pensylvanicus","species","cf. species","LeConte",,"Lindroth, C. H. 1969. The ground-beetles (Carabidae, excl. Cicindelinae) of Canada and Alaska, parts 1-6. Opuscula E. Entomoligiska Sallskapet.",,"Syw2LXB/pj+fmGCuwdgBGVryVUmYhw3g","lLQBQVfayhr3D1tZaVTYCAmpRMui4lXg/r98CgvafXs=",
"88c5289b-83de-4261-8a1c-4bc7355b005b","UNDE_007.basePlot.bet","D05","UNDE","UNDE_007","E","2015-05-26","2015-06-08","2015-10-29","2015-09-24","sj+sxzQpSGBowuXeQO717Epnvq3ylRPsuhbF78f8w6U=","NEON.BET.D05.000288","PTEPEN","Pterostichus pensylvanicus","species","cf. species","LeConte",,"Lindroth, C. H. 1969. The ground-beetles (Carabidae, excl. Cicindelinae) of Canada and Alaska, parts 1-6. Opuscula E. Entomoligiska Sallskapet.",,"Syw2LXB/pj+fmGCuwdgBGVryVUmYhw3g","lLQBQVfayhr3D1tZaVTYCAmpRMui4lXg/r98CgvafXs=",
"cec380b1-fee6-4601-b64e-feb362a43776","UNDE_011.basePlot.bet","D05","UNDE","UNDE_011","N","2015-05-26","2015-06-08","2015-11-04","2015-10-01","0Ya1AWR2lPjLjN29ViQVJlIOY39HLSkq1STIg/qJnEU=","NEON.BET.D05.000610","PLADEC","Platynus decentis","species",,"Say",,"Lindroth, C. H. 1969. The ground-beetles (Carabidae, excl. Cicindelinae) of Canada and Alaska, parts 1-6. Opuscula E. Entomoligiska Sallskapet.",,"Syw2LXB/pj+fmGCuwdgBGVryVUmYhw3g","Syw2LXB/pj+fmGCuwdgBGVryVUmYhw3g",
"9020ac44-d0e2-490f-9e6e-4dc7c97e56c3","UNDE_001.basePlot.bet","D05","UNDE","UNDE_001","N","2015-05-26","2015-06-08","2015-11-05","2015-10-07","kh3xmoTmJnDEdDDgC6O3Vrf23OZIHzwhKHCWWFl6h+8=","NEON.BET.D05.000666","SPHSTE1","Sphaeroderus stenostomus lecontei","subspecies",,"Dejean",,"Lindroth, C. H. 1969. The ground-beetles (Carabidae, excl. Cicindelinae) of Canada and Alaska, parts 1-6. Opuscula E. Entomoligiska Sallskapet.",,"Syw2LXB/pj+fmGCuwdgBGVryVUmYhw3g","Syw2LXB/pj+fmGCuwdgBGVryVUmYhw3g",
"209853c7-4cfa-4b01-8301-eca44f255a1c","UNDE_017.basePlot.bet","D05","UNDE","UNDE_017","N","2015-05-26","2015-06-08","2015-11-04","2015-09-29","xHY1KmNCr23nhIQ3WiWhMLZQ1Mj49pDfnKzNyIm7JBc=","NEON.BET.D05.000588","CARNEM","Carabus nemoralis nemoralis","subspecies",,"Mueller",,"Lindroth, C. H. 1969. The ground-beetles (Carabidae, excl. Cicindelinae) of Canada and Alaska, parts 1-6. Opuscula E. Entomoligiska Sallskapet.",,"Syw2LXB/pj+fmGCuwdgBGVryVUmYhw3g","Syw2LXB/pj+fmGCuwdgBGVryVUmYhw3g",
"276910ce-3057-4cb8-894e-ec7c9e92c6d1","UNDE_003.basePlot.bet","D05","UNDE","UNDE_003","N","2015-05-26","2015-06-08","2015-11-02","2015-09-30","UKgrtiGQYSDE7Wv8PWCVB4qDLfyrGw5LGG0G0Jlg1+Q=","NEON.BET.D05.000420","AGOTRI","Agonum trigeminum","species",,"Lindroth",,"Lindroth, C. H. 1969. The ground-beetles (Carabidae, excl. Cicindelinae) of Canada and Alaska, parts 1-6. Opuscula E. Entomoligiska Sallskapet.",,"Syw2LXB/pj+fmGCuwdgBGVryVUmYhw3g","Syw2LXB/pj+fmGCuwdgBGVryVUmYhw3g",
"caa6dd42-5bcc-4ec7-8649-4b27a5d254ab","UNDE_010.basePlot.bet","D05","UNDE","UNDE_010","N","2015-05-26","2015-06-08","2015-11-02","2015-10-07","hQDJ3TYDfoxCoxtjFHMyZyeWbrijh4syhCHRODk1j9c=","NEON.BET.D05.000434","AGORET","Agonum retractum","species",,"LeConte",,"Lindroth, C. H. 1969. The ground-beetles (Carabidae, excl. Cicindelinae) of Canada and Alaska, parts 1-6. Opuscula E. Entomoligiska Sallskapet.",,"Syw2LXB/pj+fmGCuwdgBGVryVUmYhw3g","Syw2LXB/pj+fmGCuwdgBGVryVUmYhw3g",
"ca805e8a-cac5-4f62-9ae2-8a2dcab20a7e","UNDE_001.basePlot.bet","D05","UNDE","UNDE_001","N","2015-05-26","2015-06-08","2015-10-29","2015-10-07","kh3xmoTmJnDEdDDgC6O3VgMZ/eZz0CDo0JPZshhniII=","NEON.BET.D05.000335","AGOGRA","Agonum gratiosum","species",,"Mannerheim",,"Lindroth, C. H. 1969. The ground-beetles (Carabidae, excl. Cicindelinae) of Canada and Alaska, parts 1-6. Opuscula E. Entomoligiska Sallskapet.",,"Syw2LXB/pj+fmGCuwdgBGVryVUmYhw3g","XZoPj1u9UmznO7Lakic/e+h3MMLMvbQt",
"3b49606c-11a8-47ae-b2a7-ed082d103c31","UNDE_010.basePlot.bet","D05","UNDE","UNDE_010","N","2015-05-26","2015-06-08","2015-10-29","2015-10-07","hQDJ3TYDfoxCoxtjFHMyZywTmDozupZ8JFGWN3jebBo=","NEON.BET.D05.000251","PTEPEN","Pterostichus pensylvanicus","species","cf. species","LeConte",,"Lindroth, C. H. 1969. The ground-beetles (Carabidae, excl. Cicindelinae) of Canada and Alaska, parts 1-6. Opuscula E. Entomoligiska Sallskapet.",,"Syw2LXB/pj+fmGCuwdgBGVryVUmYhw3g","XZoPj1u9UmznO7Lakic/e+h3MMLMvbQt",
"560f13f9-581f-4fa9-8d77-8bbf6c384230","UNDE_001.basePlot.bet","D05","UNDE","UNDE_001","N","2015-05-26","2015-06-08","2015-11-02","2015-10-07","kh3xmoTmJnDEdDDgC6O3VhWfFfEyBGMVAU1w+pHhdnk=","NEON.BET.D05.000402","PTECOR1","Pterostichus coracinus","species",,"Newman",,"Lindroth, C. H. 1969. The ground-beetles (Carabidae, excl. Cicindelinae) of Canada and Alaska, parts 1-6. Opuscula E. Entomoligiska Sallskapet.",,"Syw2LXB/pj+fmGCuwdgBGVryVUmYhw3g","Syw2LXB/pj+fmGCuwdgBGVryVUmYhw3g",
"08fc431c-1499-4840-a352-14d82445caf6","UNDE_012.basePlot.bet","D05","UNDE","UNDE_012","S","2015-05-26","2015-06-08","2015-11-03","2015-09-25","+v0vuVmyR4CIkd7rDYGbT6yfnuqG5/GIzei1qS+ZAb8=","NEON.BET.D05.000486","PTEMEL","Pterostichus melanarius melanarius","subspecies",,"Illiger",,"Lindroth, C. H. 1969. The ground-beetles (Carabidae, excl. Cicindelinae) of Canada and Alaska, parts 1-6. Opuscula E. Entomoligiska Sallskapet.",,"Syw2LXB/pj+fmGCuwdgBGVryVUmYhw3g","Syw2LXB/pj+fmGCuwdgBGVryVUmYhw3g",
"9bf64b2e-857d-4a0a-b2b1-f4bcc86ccda9","UNDE_010.basePlot.bet","D05","UNDE","UNDE_010","S","2015-05-26","2015-06-08","2015-11-02","2015-10-07","hQDJ3TYDfowchf80HEbqrPMIaaMVtWFOGVyqcCdT414=","NEON.BET.D05.000424","AGOTRI","Agonum trigeminum","species",,"Lindroth",,"Lindroth, C. H. 1969. The ground-beetles (Carabidae, excl. Cicindelinae) of Canada and Alaska, parts 1-6. Opuscula E. Entomoligiska Sallskapet.",,"Syw2LXB/pj+fmGCuwdgBGVryVUmYhw3g","Syw2LXB/pj+fmGCuwdgBGVryVUmYhw3g",
"c1d9327b-8ba4-4505-80d9-2fc1f77538cd","UNDE_006.basePlot.bet","D05","UNDE","UNDE_006","S","2015-05-26","2015-06-08","2015-11-05","2015-10-07","izIYmtFoQUincgda/qaeEjix47QLCGJjUenQ6xbd2QA=","NEON.BET.D05.000684","NOTAEN","Notiophilus aeneus","species",,"Herbst",,"Lindroth, C. H. 1969. The ground-beetles (Carabidae, excl. Cicindelinae) of Canada and Alaska, parts 1-6. Opuscula E. Entomoligiska Sallskapet.",,"Syw2LXB/pj+fmGCuwdgBGVryVUmYhw3g","Syw2LXB/pj+fmGCuwdgBGVryVUmYhw3g",
"c69e9754-82f7-4fbc-9e71-87daea290df4","UNDE_010.basePlot.bet","D05","UNDE","UNDE_010","S","2015-05-26","2015-06-08","2015-11-05","2015-10-07","hQDJ3TYDfowchf80HEbqrHHcnUMkkI3j8H0XAyY3fWo=","NEON.BET.D05.000645","PTELUC","Pterostichus luctuosus","species",,"Dejean",,"Lindroth, C. H. 1969. The ground-beetles (Carabidae, excl. Cicindelinae) of Canada and Alaska, parts 1-6. Opuscula E. Entomoligiska Sallskapet.",,"Syw2LXB/pj+fmGCuwdgBGVryVUmYhw3g","Syw2LXB/pj+fmGCuwdgBGVryVUmYhw3g",
"92141949-3f38-4cc9-8efd-b0a1d75003f2","UNDE_010.basePlot.bet","D05","UNDE","UNDE_010","S","2015-05-26","2015-06-08","2015-11-02","2015-10-07","hQDJ3TYDfowchf80HEbqrPMIaaMVtWFOGVyqcCdT414=","NEON.BET.D05.000425","AGOTRI","Agonum trigeminum","species",,"Lindroth",,"Lindroth, C. H. 1969. The ground-beetles (Carabidae, excl. Cicindelinae) of Canada and Alaska, parts 1-6. Opuscula E. Entomoligiska Sallskapet.",,"Syw2LXB/pj+fmGCuwdgBGVryVUmYhw3g","Syw2LXB/pj+fmGCuwdgBGVryVUmYhw3g",
"fa30fe49-5ff8-4ca0-b5ae-08fd3080b97e","UNDE_010.basePlot.bet","D05","UNDE","UNDE_010","S","2015-05-26","2015-06-08","2015-11-04","2015-10-07","hQDJ3TYDfowchf80HEbqrPDcgF244p1BY8kqbKG5HoE=","NEON.BET.D05.000618","PLADEC","Platynus decentis","species",,"Say",,"Lindroth, C. H. 1969. The ground-beetles (Carabidae, excl. Cicindelinae) of Canada and Alaska, parts 1-6. Opuscula E. Entomoligiska Sallskapet.",,"Syw2LXB/pj+fmGCuwdgBGVryVUmYhw3g","Syw2LXB/pj+fmGCuwdgBGVryVUmYhw3g",
"7cf2cd14-bb02-4c70-93ef-9c2419aab2b8","UNDE_012.basePlot.bet","D05","UNDE","UNDE_012","S","2015-05-26","2015-06-08","2015-11-03","2015-09-25","+v0vuVmyR4CIkd7rDYGbT6yfnuqG5/GIzei1qS+ZAb8=","NEON.BET.D05.000487","PTEMEL","Pterostichus melanarius melanarius","subspecies",,"Illiger",,"Lindroth, C. H. 1969. The ground-beetles (Carabidae, excl. Cicindelinae) of Canada and Alaska, parts 1-6. Opuscula E. Entomoligiska Sallskapet.",,"Syw2LXB/pj+fmGCuwdgBGVryVUmYhw3g","Syw2LXB/pj+fmGCuwdgBGVryVUmYhw3g",
"ec59cae6-258c-4e31-bcff-ae6b21d63066","UNDE_012.basePlot.bet","D05","UNDE","UNDE_012","S","2015-05-26","2015-06-08","2015-11-04","2015-09-24","+v0vuVmyR4CIkd7rDYGbT08/hqja2S1RDby9tjLnRj4=","NEON.BET.D05.000576","CARNEM","Carabus nemoralis nemoralis","subspecies",,"Mueller",,"Lindroth, C. H. 1969. The ground-beetles (Carabidae, excl. Cicindelinae) of Canada and Alaska, parts 1-6. Opuscula E. Entomoligiska Sallskapet.",,"Syw2LXB/pj+fmGCuwdgBGVryVUmYhw3g","Syw2LXB/pj+fmGCuwdgBGVryVUmYhw3g",
"f35b6f44-7208-4992-a2b2-1740eb0901f6","UNDE_017.basePlot.bet","D05","UNDE","UNDE_017","S","2015-05-26","2015-06-08","2015-11-04","2015-09-29","xHY1KmNCr2390iLeCQFtjsjpkL6erLnp+X+vHYkNzew=","NEON.BET.D05.000572","CARNEM","Carabus nemoralis nemoralis","subspecies",,"Mueller",,"Lindroth, C. H. 1969. The ground-beetles (Carabidae, excl. Cicindelinae) of Canada and Alaska, parts 1-6. Opuscula E. Entomoligiska Sallskapet.",,"Syw2LXB/pj+fmGCuwdgBGVryVUmYhw3g","Syw2LXB/pj+fmGCuwdgBGVryVUmYhw3g",
"4232de18-3010-4721-ab6a-ebc4c8546e9b","UNDE_010.basePlot.bet","D05","UNDE","UNDE_010","S","2015-05-26","2015-06-08","2015-11-02","2015-10-07","hQDJ3TYDfowchf80HEbqrPMIaaMVtWFOGVyqcCdT414=","NEON.BET.D05.000423","AGOTRI","Agonum trigeminum","species",,"Lindroth",,"Lindroth, C. H. 1969. The ground-beetles (Carabidae, excl. Cicindelinae) of Canada and Alaska, parts 1-6. Opuscula E. Entomoligiska Sallskapet.",,"Syw2LXB/pj+fmGCuwdgBGVryVUmYhw3g","Syw2LXB/pj+fmGCuwdgBGVryVUmYhw3g",
"7f5e6b41-4fa8-4431-8009-b3308348e621","UNDE_017.basePlot.bet","D05","UNDE","UNDE_017","S","2015-05-26","2015-06-08","2015-10-29","2015-09-30","xHY1KmNCr2390iLeCQFtjphLroJqjeRYNyXiYJYr3IM=","NEON.BET.D05.000283","PTEPEN","Pterostichus pensylvanicus","species","cf. species","LeConte",,"Lindroth, C. H. 1969. The ground-beetles (Carabidae, excl. Cicindelinae) of Canada and Alaska, parts 1-6. Opuscula E. Entomoligiska Sallskapet.",,"Syw2LXB/pj+fmGCuwdgBGVryVUmYhw3g","lLQBQVfayhr3D1tZaVTYCAmpRMui4lXg/r98CgvafXs=",
"1f54a9d5-8ff9-4b8e-b311-95d09776a63a","UNDE_017.basePlot.bet","D05","UNDE","UNDE_017","S","2015-05-26","2015-06-08","2015-10-29","2015-09-30","xHY1KmNCr2390iLeCQFtjphLroJqjeRYNyXiYJYr3IM=","NEON.BET.D05.000281","PTEPEN","Pterostichus pensylvanicus","species","cf. species","LeConte",,"Lindroth, C. H. 1969. The ground-beetles (Carabidae, excl. Cicindelinae) of Canada and Alaska, parts 1-6. Opuscula E. Entomoligiska Sallskapet.",,"Syw2LXB/pj+fmGCuwdgBGVryVUmYhw3g","lLQBQVfayhr3D1tZaVTYCAmpRMui4lXg/r98CgvafXs=",
"4467ec30-f103-488d-a5fc-3239f6d4c1a2","UNDE_017.basePlot.bet","D05","UNDE","UNDE_017","S","2015-05-26","2015-06-08","2015-11-02","2015-09-30","xHY1KmNCr2390iLeCQFtjphjexSEsdQjwy+1XI9Ha3Q=","NEON.BET.D05.000383","PTECOR1","Pterostichus coracinus","species",,"Newman",,"Lindroth, C. H. 1969. The ground-beetles (Carabidae, excl. Cicindelinae) of Canada and Alaska, parts 1-6. Opuscula E. Entomoligiska Sallskapet.",,"Syw2LXB/pj+fmGCuwdgBGVryVUmYhw3g","Syw2LXB/pj+fmGCuwdgBGVryVUmYhw3g",
"79f9a0ae-3d6a-4dc3-8d84-e484680bebbd","UNDE_017.basePlot.bet","D05","UNDE","UNDE_017","S","2015-05-26","2015-06-08","2015-11-02","2015-09-30","xHY1KmNCr2390iLeCQFtjphjexSEsdQjwy+1XI9Ha3Q=","NEON.BET.D05.000382","PTECOR1","Pterostichus coracinus","species",,"Newman",,"Lindroth, C. H. 1969. The ground-beetles (Carabidae, excl. Cicindelinae) of Canada and Alaska, parts 1-6. Opuscula E. Entomoligiska Sallskapet.",,"Syw2LXB/pj+fmGCuwdgBGVryVUmYhw3g","Syw2LXB/pj+fmGCuwdgBGVryVUmYhw3g",
"3b9761ca-0298-46af-ab9c-f3f8bf7cae12","UNDE_003.basePlot.bet","D05","UNDE","UNDE_003","W","2015-05-26","2015-06-08","2015-11-05","2015-09-25","UKgrtiGQYSCMMKqzs+IsfQEhoHOPpKh9PLV4XR0Zp4Y=","NEON.BET.D05.000697","CARSP14","Carabidae sp.","family",,"Latreille","D05.2015.MorphN","Bousquet, Y. 2010b. Illustrated Identification Guide to Adults and Larvae of Northeastern North American Ground Beetles (Coleoptera: Carabidae). 1st Ed. Pensoft Publishers, Sofia, Bulgaria.",,"Syw2LXB/pj+fmGCuwdgBGVryVUmYhw3g","Syw2LXB/pj+fmGCuwdgBGVryVUmYhw3g","Identified MorphN as LORPIL2 however this specimen had been entered as MorphN in sorting data. Entering pinning data as MorphN for this specimen as well to maintain consistency across datasets."
"bab005ee-ee96-4650-bffb-eeaee7e489a7","UNDE_017.basePlot.bet","D05","UNDE","UNDE_017","W","2015-05-26","2015-06-08","2015-11-03","2015-09-30","xHY1KmNCr21/vfHrmPsO/eWzvTOTjEU98tPXAkZhlms=","NEON.BET.D05.000453","PTEMEL","Pterostichus melanarius melanarius","subspecies",,"Illiger",,"Lindroth, C. H. 1969. The ground-beetles (Carabidae, excl. Cicindelinae) of Canada and Alaska, parts 1-6. Opuscula E. Entomoligiska Sallskapet.",,"Syw2LXB/pj+fmGCuwdgBGVryVUmYhw3g","Syw2LXB/pj+fmGCuwdgBGVryVUmYhw3g",
"6f6d3961-229a-4ea8-af27-44b34e56d5a5","UNDE_010.basePlot.bet","D05","UNDE","UNDE_010","W","2015-05-26","2015-06-08","2015-11-05","2015-10-07","hQDJ3TYDfoxdyecVIFUag9TPhK0hFZR6IanEUoSe4E0=","NEON.BET.D05.000679","OXYPUS","Oxypselaphus pusillus","species",,"LeConte",,"Lindroth, C. H. 1969. The ground-beetles (Carabidae, excl. Cicindelinae) of Canada and Alaska, parts 1-6. Opuscula E. Entomoligiska Sallskapet.",,"Syw2LXB/pj+fmGCuwdgBGVryVUmYhw3g","Syw2LXB/pj+fmGCuwdgBGVryVUmYhw3g",
"0a6e42dd-ef08-4da7-843f-d9ca59fc2c93","UNDE_010.basePlot.bet","D05","UNDE","UNDE_010","W","2015-05-26","2015-06-08","2015-11-02","2015-10-07","hQDJ3TYDfoxdyecVIFUag3Xlp34zaRWj5ymrWSlnBM0=","NEON.BET.D05.000432","AGORET","Agonum retractum","species",,"LeConte",,"Lindroth, C. H. 1969. The ground-beetles (Carabidae, excl. Cicindelinae) of Canada and Alaska, parts 1-6. Opuscula E. Entomoligiska Sallskapet.",,"Syw2LXB/pj+fmGCuwdgBGVryVUmYhw3g","Syw2LXB/pj+fmGCuwdgBGVryVUmYhw3g",
"2e34975c-3d03-4ab8-8261-22b3144196b9","UNDE_012.basePlot.bet","D05","UNDE","UNDE_012","W","2015-05-26","2015-06-08","2015-11-05","2015-09-24","+v0vuVmyR4D8BUMGCb9TBgDEJ2YCNB2klESwvr25vUQ=","NEON.BET.D05.000657","SPHSTE1","Sphaeroderus stenostomus lecontei","subspecies",,"Dejean",,"Lindroth, C. H. 1969. The ground-beetles (Carabidae, excl. Cicindelinae) of Canada and Alaska, parts 1-6. Opuscula E. Entomoligiska Sallskapet.",,"Syw2LXB/pj+fmGCuwdgBGVryVUmYhw3g","Syw2LXB/pj+fmGCuwdgBGVryVUmYhw3g",
"cc856f22-2383-49b0-a22a-37ecc8e12d5d","UNDE_012.basePlot.bet","D05","UNDE","UNDE_012","W","2015-05-26","2015-06-08","2015-11-03","2015-09-25","+v0vuVmyR4D8BUMGCb9TBsHk79+0VoL0gqHaasueoXI=","NEON.BET.D05.000485","PTEMEL","Pterostichus melanarius melanarius","subspecies",,"Illiger",,"Lindroth, C. H. 1969. The ground-beetles (Carabidae, excl. Cicindelinae) of Canada and Alaska, parts 1-6. Opuscula E. Entomoligiska Sallskapet.",,"XZoPj1u9UmznO7Lakic/e+h3MMLMvbQt","Syw2LXB/pj+fmGCuwdgBGVryVUmYhw3g",
"fff3466c-5d8e-4a46-92b2-0e34bae4c2c7","UNDE_006.basePlot.bet","D05","UNDE","UNDE_006","W","2015-05-26","2015-06-08","2015-11-04","2015-10-07","izIYmtFoQUiVOEIRqtIFZAzg2jXueHLryq1k33Vh1ug=","NEON.BET.D05.000537","PTEMEL","Pterostichus melanarius melanarius","subspecies",,"Illiger",,"Lindroth, C. H. 1969. The ground-beetles (Carabidae, excl. Cicindelinae) of Canada and Alaska, parts 1-6. Opuscula E. Entomoligiska Sallskapet.",,"Syw2LXB/pj+fmGCuwdgBGVryVUmYhw3g","Syw2LXB/pj+fmGCuwdgBGVryVUmYhw3g",
"46dd66be-4955-4e8e-8333-4216c7047675","UNDE_008.basePlot.bet","D05","UNDE","UNDE_008","W","2015-05-26","2015-06-08","2015-11-04","2015-10-07","MjA7sUqH2Cau71Ud/qCQ7FPo8oHSY8xyCyba68FvDXY=","NEON.BET.D05.000522","PTEMEL","Pterostichus melanarius melanarius","subspecies",,"Illiger",,"Lindroth, C. H. 1969. The ground-beetles (Carabidae, excl. Cicindelinae) of Canada and Alaska, parts 1-6. Opuscula E. Entomoligiska Sallskapet.",,"Syw2LXB/pj+fmGCuwdgBGVryVUmYhw3g","Syw2LXB/pj+fmGCuwdgBGVryVUmYhw3g",
"422476fe-21ea-450e-9d95-f04ed57ffed2","UNDE_011.basePlot.bet","D05","UNDE","UNDE_011","W","2015-05-26","2015-06-08","2015-11-04","2015-09-30","0Ya1AWR2lPhXpWIOgzgwG8Rjc2DX/Nijj1zj2jccg04=","NEON.BET.D05.000570","CARNEM","Carabus nemoralis nemoralis","subspecies",,"Mueller",,"Lindroth, C. H. 1969. The ground-beetles (Carabidae, excl. Cicindelinae) of Canada and Alaska, parts 1-6. Opuscula E. Entomoligiska Sallskapet.",,"Syw2LXB/pj+fmGCuwdgBGVryVUmYhw3g","Syw2LXB/pj+fmGCuwdgBGVryVUmYhw3g",
"8c1b978d-9a72-425c-a164-4ba5f7f7f68a","UNDE_003.basePlot.bet","D05","UNDE","UNDE_003","W","2015-05-26","2015-06-08","2015-11-04","2015-09-25","UKgrtiGQYSCMMKqzs+IsfaSObMdl7uYsjeAlXcLDCrA=","NEON.BET.D05.000596","PLADEC","Platynus decentis","species",,"Say",,"Lindroth, C. H. 1969. The ground-beetles (Carabidae, excl. Cicindelinae) of Canada and Alaska, parts 1-6. Opuscula E. Entomoligiska Sallskapet.",,"Syw2LXB/pj+fmGCuwdgBGVryVUmYhw3g","Syw2LXB/pj+fmGCuwdgBGVryVUmYhw3g",
"3665b308-da94-4cf7-8cb5-eafc41e235d9","UNDE_012.basePlot.bet","D05","UNDE","UNDE_012","W","2015-05-26","2015-06-08","2015-11-03","2015-09-25","+v0vuVmyR4D8BUMGCb9TBsHk79+0VoL0gqHaasueoXI=","NEON.BET.D05.000484","PTEMEL","Pterostichus melanarius melanarius","subspecies",,"Illiger",,"Lindroth, C. H. 1969. The ground-beetles (Carabidae, excl. Cicindelinae) of Canada and Alaska, parts 1-6. Opuscula E. Entomoligiska Sallskapet.",,"XZoPj1u9UmznO7Lakic/e+h3MMLMvbQt","Syw2LXB/pj+fmGCuwdgBGVryVUmYhw3g",
"404f1857-412e-4b85-b093-a68296eda5e3","UNDE_012.basePlot.bet","D05","UNDE","UNDE_012","W","2015-05-26","2015-06-08","2015-11-04","2015-09-24","+v0vuVmyR4D8BUMGCb9TBp0LiEUwqXHeR/uw99jhHUs=","NEON.BET.D05.000579","CARNEM","Carabus nemoralis nemoralis","subspecies",,"Mueller",,"Lindroth, C. H. 1969. The ground-beetles (Carabidae, excl. Cicindelinae) of Canada and Alaska, parts 1-6. Opuscula E. Entomoligiska Sallskapet.",,"XZoPj1u9UmznO7Lakic/e+h3MMLMvbQt","Syw2LXB/pj+fmGCuwdgBGVryVUmYhw3g",
"853b7bb3-6423-49b6-87b1-caf4d144c619","UNDE_012.basePlot.bet","D05","UNDE","UNDE_012","W","2015-05-26","2015-06-08","2015-11-04","2015-09-24","+v0vuVmyR4D8BUMGCb9TBp0LiEUwqXHeR/uw99jhHUs=","NEON.BET.D05.000577","CARNEM","Carabus nemoralis nemoralis","subspecies",,"Mueller",,"Lindroth, C. H. 1969. The ground-beetles (Carabidae, excl. Cicindelinae) of Canada and Alaska, parts 1-6. Opuscula E. Entomoligiska Sallskapet.",,"XZoPj1u9UmznO7Lakic/e+h3MMLMvbQt","Syw2LXB/pj+fmGCuwdgBGVryVUmYhw3g",
"28e9e10b-2c6a-4a5a-bd92-f9e84ac85320","UNDE_012.basePlot.bet","D05","UNDE","UNDE_012","W","2015-05-26","2015-06-08","2015-11-04","2015-09-24","+v0vuVmyR4D8BUMGCb9TBp0LiEUwqXHeR/uw99jhHUs=","NEON.BET.D05.000578","CARNEM","Carabus nemoralis nemoralis","subspecies",,"Mueller",,"Lindroth, C. H. 1969. The ground-beetles (Carabidae, excl. Cicindelinae) of Canada and Alaska, parts 1-6. Opuscula E. Entomoligiska Sallskapet.",,"XZoPj1u9UmznO7Lakic/e+h3MMLMvbQt","Syw2LXB/pj+fmGCuwdgBGVryVUmYhw3g",
"b70a805c-66e5-4b03-990d-d2d514218616","UNDE_011.basePlot.bet","D05","UNDE","UNDE_011","W","2015-05-26","2015-06-08","2015-10-29","2015-09-30","0Ya1AWR2lPhXpWIOgzgwG/PjUBtL5y6OQMcvucoIvxo=","NEON.BET.D05.000272","PTEPEN","Pterostichus pensylvanicus","species","cf. species","LeConte",,"Lindroth, C. H. 1969. The ground-beetles (Carabidae, excl. Cicindelinae) of Canada and Alaska, parts 1-6. Opuscula E. Entomoligiska Sallskapet.",,"Syw2LXB/pj+fmGCuwdgBGVryVUmYhw3g","XZoPj1u9UmznO7Lakic/e+h3MMLMvbQt",
"cd510981-8839-4fd0-b4bb-c5ad331fdc4f","UNDE_017.basePlot.bet","D05","UNDE","UNDE_017","W","2015-05-26","2015-06-08","2015-10-29","2015-09-30","xHY1KmNCr21/vfHrmPsO/fO3zcfzM2hnizAAN29d3iI=","NEON.BET.D05.000282","PTEPEN","Pterostichus pensylvanicus","species","cf. species","LeConte",,"Lindroth, C. H. 1969. The ground-beetles (Carabidae, excl. Cicindelinae) of Canada and Alaska, parts 1-6. Opuscula E. Entomoligiska Sallskapet.",,"Syw2LXB/pj+fmGCuwdgBGVryVUmYhw3g","lLQBQVfayhr3D1tZaVTYCAmpRMui4lXg/r98CgvafXs=",
"934310fa-5cb3-40ab-88eb-88b872dc35fa","UNDE_003.basePlot.bet","D05","UNDE","UNDE_003","W","2015-05-26","2015-06-08","2015-10-29","2015-09-25","UKgrtiGQYSCMMKqzs+IsfVnP04WKVXengtKD9MnVF5o=","NEON.BET.D05.000279","PTEPEN","Pterostichus pensylvanicus","species","cf. species","LeConte",,"Lindroth, C. H. 1969. The ground-beetles (Carabidae, excl. Cicindelinae) of Canada and Alaska, parts 1-6. Opuscula E. Entomoligiska Sallskapet.",,"XZoPj1u9UmznO7Lakic/e+h3MMLMvbQt","XZoPj1u9UmznO7Lakic/e+h3MMLMvbQt",
"1c4a275f-6e9e-44e8-a821-aa92489acb9c","UNDE_011.basePlot.bet","D05","UNDE","UNDE_011","W","2015-05-26","2015-06-08","2015-10-29","2015-09-30","0Ya1AWR2lPhXpWIOgzgwG/PjUBtL5y6OQMcvucoIvxo=","NEON.BET.D05.000273","PTEPEN","Pterostichus pensylvanicus","species","cf. species","LeConte",,"Lindroth, C. H. 1969. The ground-beetles (Carabidae, excl. Cicindelinae) of Canada and Alaska, parts 1-6. Opuscula E. Entomoligiska Sallskapet.",,"Syw2LXB/pj+fmGCuwdgBGVryVUmYhw3g","XZoPj1u9UmznO7Lakic/e+h3MMLMvbQt",
"695863a1-8a73-4c62-8742-b86d99c285df","UNDE_011.basePlot.bet","D05","UNDE","UNDE_011","W","2015-05-26","2015-06-08","2015-10-29","2015-09-30","0Ya1AWR2lPhXpWIOgzgwG/PjUBtL5y6OQMcvucoIvxo=","NEON.BET.D05.000275","PTEPEN","Pterostichus pensylvanicus","species","cf. species","LeConte",,"Lindroth, C. H. 1969. The ground-beetles (Carabidae, excl. Cicindelinae) of Canada and Alaska, parts 1-6. Opuscula E. Entomoligiska Sallskapet.",,"Syw2LXB/pj+fmGCuwdgBGVryVUmYhw3g","XZoPj1u9UmznO7Lakic/e+h3MMLMvbQt",
"d3ad0ca8-f80f-4075-8c42-3becf7a3d5ed","UNDE_011.basePlot.bet","D05","UNDE","UNDE_011","W","2015-05-26","2015-06-08","2015-10-29","2015-09-30","0Ya1AWR2lPhXpWIOgzgwG/PjUBtL5y6OQMcvucoIvxo=","NEON.BET.D05.000274","PTEPEN","Pterostichus pensylvanicus","species","cf. species","LeConte",,"Lindroth, C. H. 1969. The ground-beetles (Carabidae, excl. Cicindelinae) of Canada and Alaska, parts 1-6. Opuscula E. Entomoligiska Sallskapet.",,"Syw2LXB/pj+fmGCuwdgBGVryVUmYhw3g","XZoPj1u9UmznO7Lakic/e+h3MMLMvbQt",
"8c5c690c-b6c7-44cc-b255-75d01ce3c71d","UNDE_011.basePlot.bet","D05","UNDE","UNDE_011","W","2015-05-26","2015-06-08","2015-10-29","2015-09-30","0Ya1AWR2lPhXpWIOgzgwG/PjUBtL5y6OQMcvucoIvxo=","NEON.BET.D05.000270","PTEPEN","Pterostichus pensylvanicus","species","cf. species","LeConte",,"Lindroth, C. H. 1969. The ground-beetles (Carabidae, excl. Cicindelinae) of Canada and Alaska, parts 1-6. Opuscula E. Entomoligiska Sallskapet.",,"Syw2LXB/pj+fmGCuwdgBGVryVUmYhw3g","XZoPj1u9UmznO7Lakic/e+h3MMLMvbQt",
"9faff4f0-3ed8-4b6e-8c72-4c57382e02cd","UNDE_012.basePlot.bet","D05","UNDE","UNDE_012","W","2015-05-26","2015-06-08","2015-10-29","2015-09-25","+v0vuVmyR4D8BUMGCb9TBnM5Vgq/0G5FzWdF478JbFY=","NEON.BET.D05.000266","PTEPEN","Pterostichus pensylvanicus","species","cf. species","LeConte",,"Lindroth, C. H. 1969. The ground-beetles (Carabidae, excl. Cicindelinae) of Canada and Alaska, parts 1-6. Opuscula E. Entomoligiska Sallskapet.",,"XZoPj1u9UmznO7Lakic/e+h3MMLMvbQt","XZoPj1u9UmznO7Lakic/e+h3MMLMvbQt",
"bcd8a73f-01e8-4498-acd3-eb8950818ee1","UNDE_012.basePlot.bet","D05","UNDE","UNDE_012","W","2015-05-26","2015-06-08","2015-10-29","2015-09-25","+v0vuVmyR4D8BUMGCb9TBnM5Vgq/0G5FzWdF478JbFY=","NEON.BET.D05.000271","PTEPEN","Pterostichus pensylvanicus","species","cf. species","LeConte",,"Lindroth, C. H. 1969. The ground-beetles (Carabidae, excl. Cicindelinae) of Canada and Alaska, parts 1-6. Opuscula E. Entomoligiska Sallskapet.",,"XZoPj1u9UmznO7Lakic/e+h3MMLMvbQt","XZoPj1u9UmznO7Lakic/e+h3MMLMvbQt",
"38c179d2-3a07-485e-b0bf-c9c2d85e4d56","UNDE_008.basePlot.bet","D05","UNDE","UNDE_008","W","2015-05-26","2015-06-08","2015-10-29","2015-10-07","MjA7sUqH2Cau71Ud/qCQ7CTnxvDB939/ReInwU/znBo=","NEON.BET.D05.000252","PTEPEN","Pterostichus pensylvanicus","species","cf. species","LeConte",,"Lindroth, C. H. 1969. The ground-beetles (Carabidae, excl. Cicindelinae) of Canada and Alaska, parts 1-6. Opuscula E. Entomoligiska Sallskapet.",,"Syw2LXB/pj+fmGCuwdgBGVryVUmYhw3g","XZoPj1u9UmznO7Lakic/e+h3MMLMvbQt",
"72b1110e-42d3-489e-ad07-9815b46daf71","UNDE_003.basePlot.bet","D05","UNDE","UNDE_003","W","2015-05-26","2015-06-08","2015-11-02","2015-06-08","UKgrtiGQYSCMMKqzs+IsfZv41GkPhHG/wgC5HMN+KPk=","NEON.BET.D05.000390","PTECOR1","Pterostichus coracinus","species",,"Newman",,"Lindroth, C. H. 1969. The ground-beetles (Carabidae, excl. Cicindelinae) of Canada and Alaska, parts 1-6. Opuscula E. Entomoligiska Sallskapet.",,"XZoPj1u9UmznO7Lakic/e+h3MMLMvbQt","Syw2LXB/pj+fmGCuwdgBGVryVUmYhw3g",
"82e7ee7e-16b0-4999-b6f4-d94bc99bd37c","UNDE_011.basePlot.bet","D05","UNDE","UNDE_011","W","2015-05-26","2015-06-08","2015-11-02","2015-09-30","0Ya1AWR2lPhXpWIOgzgwG9QnI8ZBBruyBRlSDyQ1vzE=","NEON.BET.D05.000381","PTECOR1","Pterostichus coracinus","species",,"Newman",,"Lindroth, C. H. 1969. The ground-beetles (Carabidae, excl. Cicindelinae) of Canada and Alaska, parts 1-6. Opuscula E. Entomoligiska Sallskapet.",,"Syw2LXB/pj+fmGCuwdgBGVryVUmYhw3g","Syw2LXB/pj+fmGCuwdgBGVryVUmYhw3g",
"b05355cf-0d1e-4b47-a79b-8592d1d6fa6c","UNDE_007.basePlot.bet","D05","UNDE","UNDE_007","E","2015-06-08","2015-06-22","2015-11-05","2015-10-07","sj+sxzQpSGBowuXeQO717FdhwXXJd5p3C41ryYloCFY=","NEON.BET.D05.000691","CARSP14","Carabidae sp.","family",,"Latreille","D05.2015.MorphM","Other",,"Syw2LXB/pj+fmGCuwdgBGVryVUmYhw3g","Syw2LXB/pj+fmGCuwdgBGVryVUmYhw3g","Similar to ptepen in elytral puncture situation. Size approximately 12-13mm. Slightly paler (more brown) compared other ptepen & pteads. Legs paler."
"2932609f-7f84-4fc0-a661-6e134f5cb34d","UNDE_008.basePlot.bet","D05","UNDE","UNDE_008","W","2015-06-08","2015-06-22","2015-10-29","2015-10-08","MjA7sUqH2Cau71Ud/qCQ7BoSZu8v9aaBDju81cajygA=","NEON.BET.D05.000256","PTEPEN","Pterostichus pensylvanicus","species","cf. species","LeConte",,"Lindroth, C. H. 1969. The ground-beetles (Carabidae, excl. Cicindelinae) of Canada and Alaska, parts 1-6. Opuscula E. Entomoligiska Sallskapet.",,"Syw2LXB/pj+fmGCuwdgBGVryVUmYhw3g","XZoPj1u9UmznO7Lakic/e+h3MMLMvbQt",
"322753c5-cd13-49c6-8735-aab630237156","UNDE_017.basePlot.bet","D05","UNDE","UNDE_017","E","2015-06-08","2015-06-22","2015-11-05","2015-10-28","xHY1KmNCr21DrRJn5PYxfxxPGRDbSXgNV8ADBL8iPSg=","NEON.BET.D05.000644","PTELUC","Pterostichus luctuosus","species",,"Dejean",,"Lindroth, C. H. 1969. The ground-beetles (Carabidae, excl. Cicindelinae) of Canada and Alaska, parts 1-6. Opuscula E. Entomoligiska Sallskapet.",,"Syw2LXB/pj+fmGCuwdgBGVryVUmYhw3g","Syw2LXB/pj+fmGCuwdgBGVryVUmYhw3g",
"04659a0e-3a0b-4c31-8cee-148e71111bdd","UNDE_017.basePlot.bet","D05","UNDE","UNDE_017","E","2015-06-08","2015-06-22","2015-11-04","2015-10-08","xHY1KmNCr21DrRJn5PYxf2ynSx8rPfgMamETWYXYJy4=","NEON.BET.D05.000626","PLADEC","Platynus decentis","species",,"Say",,"Lindroth, C. H. 1969. The ground-beetles (Carabidae, excl. Cicindelinae) of Canada and Alaska, parts 1-6. Opuscula E. Entomoligiska Sallskapet.",,"Syw2LXB/pj+fmGCuwdgBGVryVUmYhw3g","Syw2LXB/pj+fmGCuwdgBGVryVUmYhw3g",
"48cc470b-a2a4-4dad-b041-0f2687511cee","UNDE_011.basePlot.bet","D05","UNDE","UNDE_011","E","2015-06-08","2015-06-22","2015-11-05","2015-10-08","0Ya1AWR2lPiVqJfHQh+4u8jlY6zdm6IcZcQtIz7UrN8=","NEON.BET.D05.000662","SPHSTE1","Sphaeroderus stenostomus lecontei","subspecies",,"Dejean",,"Lindroth, C. H. 1969. The ground-beetles (Carabidae, excl. Cicindelinae) of Canada and Alaska, parts 1-6. Opuscula E. Entomoligiska Sallskapet.",,"Syw2LXB/pj+fmGCuwdgBGVryVUmYhw3g","Syw2LXB/pj+fmGCuwdgBGVryVUmYhw3g",
"bccdf6e6-4732-4be4-ba00-6d42224a3818","UNDE_001.basePlot.bet","D05","UNDE","UNDE_001","E","2015-06-08","2015-06-22","2015-11-05","2015-09-25","kh3xmoTmJnCUw/P0Ua+hOfuUfwNqSQjTrkvc1IAxDpc=","NEON.BET.D05.000651","SPHSTE1","Sphaeroderus stenostomus lecontei","subspecies",,"Dejean",,"Lindroth, C. H. 1969. The ground-beetles (Carabidae, excl. Cicindelinae) of Canada and Alaska, parts 1-6. Opuscula E. Entomoligiska Sallskapet.",,"Syw2LXB/pj+fmGCuwdgBGVryVUmYhw3g","Syw2LXB/pj+fmGCuwdgBGVryVUmYhw3g",
"108ff986-2e6b-4c1e-8d11-da0fcb866d9a","UNDE_006.basePlot.bet","D05","UNDE","UNDE_006","N","2015-06-08","2015-06-22","2015-11-04","2015-10-08","izIYmtFoQUjEi58UfW/1UQhGyWpj3OBg8jAYVBawaEE=","NEON.BET.D05.000514","PTEMEL","Pterostichus melanarius melanarius","subspecies",,"Illiger",,"Lindroth, C. H. 1969. The ground-beetles (Carabidae, excl. Cicindelinae) of Canada and Alaska, parts 1-6. Opuscula E. Entomoligiska Sallskapet.",,"Syw2LXB/pj+fmGCuwdgBGVryVUmYhw3g","Syw2LXB/pj+fmGCuwdgBGVryVUmYhw3g",
"c2f21e27-0d6d-40ad-8b95-9d0a616b9484","UNDE_010.basePlot.bet","D05","UNDE","UNDE_010","N","2015-06-08","2015-06-22","2015-11-03","2015-09-30","hQDJ3TYDfoxCoxtjFHMyZ8XnBlmQ/f2AtLA5nCP7ado=","NEON.BET.D05.000451","PTEMEL","Pterostichus melanarius melanarius","subspecies",,"Illiger",,"Lindroth, C. H. 1969. The ground-beetles (Carabidae, excl. Cicindelinae) of Canada and Alaska, parts 1-6. Opuscula E. Entomoligiska Sallskapet.",,"Syw2LXB/pj+fmGCuwdgBGVryVUmYhw3g","Syw2LXB/pj+fmGCuwdgBGVryVUmYhw3g",
"27c920a6-6855-40fa-a391-738628ab2a6f","UNDE_017.basePlot.bet","D05","UNDE","UNDE_017","N","2015-06-08","2015-06-22","2015-11-04","2015-10-08","xHY1KmNCr23nhIQ3WiWhMHismloa5Z6OVKpAmuTe520=","NEON.BET.D05.000512","PTEMEL","Pterostichus melanarius melanarius","subspecies",,"Illiger",,"Lindroth, C. H. 1969. The ground-beetles (Carabidae, excl. Cicindelinae) of Canada and Alaska, parts 1-6. Opuscula E. Entomoligiska Sallskapet.",,"Syw2LXB/pj+fmGCuwdgBGVryVUmYhw3g","Syw2LXB/pj+fmGCuwdgBGVryVUmYhw3g",
"b79531b0-f01e-43b7-91d2-2aa69e7b870e","UNDE_006.basePlot.bet","D05","UNDE","UNDE_006","N","2015-06-08","2015-06-22","2015-11-04","2015-10-08","izIYmtFoQUjEi58UfW/1UQhGyWpj3OBg8jAYVBawaEE=","NEON.BET.D05.000513","PTEMEL","Pterostichus melanarius melanarius","subspecies",,"Illiger",,"Lindroth, C. H. 1969. The ground-beetles (Carabidae, excl. Cicindelinae) of Canada and Alaska, parts 1-6. Opuscula E. Entomoligiska Sallskapet.",,"Syw2LXB/pj+fmGCuwdgBGVryVUmYhw3g","Syw2LXB/pj+fmGCuwdgBGVryVUmYhw3g",
"04d076d2-dcbb-41dd-80a6-1c520eecd6ea","UNDE_006.basePlot.bet","D05","UNDE","UNDE_006","N","2015-06-08","2015-06-22","2015-11-04","2015-10-08","izIYmtFoQUjEi58UfW/1UQhGyWpj3OBg8jAYVBawaEE=","NEON.BET.D05.000515","PTEMEL","Pterostichus melanarius melanarius","subspecies",,"Illiger",,"Lindroth, C. H. 1969. The ground-beetles (Carabidae, excl. Cicindelinae) of Canada and Alaska, parts 1-6. Opuscula E. Entomoligiska Sallskapet.",,"Syw2LXB/pj+fmGCuwdgBGVryVUmYhw3g","Syw2LXB/pj+fmGCuwdgBGVryVUmYhw3g",
"96ef794f-72bf-4bb0-a397-a9b3b46e4fa3","UNDE_010.basePlot.bet","D05","UNDE","UNDE_010","N","2015-06-08","2015-06-22","2015-11-02","2015-09-30","hQDJ3TYDfoxCoxtjFHMyZ+qWx+xRU4QzeQIzvQHIhYs=","NEON.BET.D05.000428","AGORET","Agonum retractum","species",,"LeConte",,"Lindroth, C. H. 1969. The ground-beetles (Carabidae, excl. Cicindelinae) of Canada and Alaska, parts 1-6. Opuscula E. Entomoligiska Sallskapet.",,"Syw2LXB/pj+fmGCuwdgBGVryVUmYhw3g","Syw2LXB/pj+fmGCuwdgBGVryVUmYhw3g",
"bb9de390-80c5-45ff-82de-2bf25835d7d5","UNDE_007.basePlot.bet","D05","UNDE","UNDE_007","N","2015-06-08","2015-06-22","2015-11-04","2015-10-07","sj+sxzQpSGChK6h/mW6WHsd4X3CxQiNgeNlbXrR6DAI=","NEON.BET.D05.000619","PLADEC","Platynus decentis","species",,"Say",,"Lindroth, C. H. 1969. The ground-beetles (Carabidae, excl. Cicindelinae) of Canada and Alaska, parts 1-6. Opuscula E. Entomoligiska Sallskapet.",,"Syw2LXB/pj+fmGCuwdgBGVryVUmYhw3g","Syw2LXB/pj+fmGCuwdgBGVryVUmYhw3g",
"177a880e-b974-4f84-a450-6646e96bde18","UNDE_003.basePlot.bet","D05","UNDE","UNDE_003","N","2015-06-08","2015-06-22","2015-11-05","2015-09-28","UKgrtiGQYSDE7Wv8PWCVB8d5wK+4oNfeNxYT4uoePWg=","NEON.BET.D05.000642","PTELUC","Pterostichus luctuosus","species","cf. species","Dejean",,"Lindroth, C. H. 1969. The ground-beetles (Carabidae, excl. Cicindelinae) of Canada and Alaska, parts 1-6. Opuscula E. Entomoligiska Sallskapet.",,"XZoPj1u9UmznO7Lakic/e+h3MMLMvbQt","Syw2LXB/pj+fmGCuwdgBGVryVUmYhw3g",
"9eb80084-f835-4f5e-a3dc-232c5e05a4cb","UNDE_010.basePlot.bet","D05","UNDE","UNDE_010","N","2015-06-08","2015-06-22","2015-11-04","2015-09-30","hQDJ3TYDfoxCoxtjFHMyZ0n2uMl45oFJPMypsx/q3z8=","NEON.BET.D05.000607","PLADEC","Platynus decentis","species",,"Say",,"Lindroth, C. H. 1969. The ground-beetles (Carabidae, excl. Cicindelinae) of Canada and Alaska, parts 1-6. Opuscula E. Entomoligiska Sallskapet.",,"Syw2LXB/pj+fmGCuwdgBGVryVUmYhw3g","Syw2LXB/pj+fmGCuwdgBGVryVUmYhw3g",
"03a376c3-a931-4c55-8c74-f18b0561dcf1","UNDE_010.basePlot.bet","D05","UNDE","UNDE_010","N","2015-06-08","2015-06-22","2015-11-04","2015-09-30","hQDJ3TYDfoxCoxtjFHMyZ0n2uMl45oFJPMypsx/q3z8=","NEON.BET.D05.000614","PLADEC","Platynus decentis","species",,"Say",,"Lindroth, C. H. 1969. The ground-beetles (Carabidae, excl. Cicindelinae) of Canada and Alaska, parts 1-6. Opuscula E. Entomoligiska Sallskapet.",,"Syw2LXB/pj+fmGCuwdgBGVryVUmYhw3g","Syw2LXB/pj+fmGCuwdgBGVryVUmYhw3g",
"886fecfb-f898-4ada-8c06-400e4ddc1b25","UNDE_010.basePlot.bet","D05","UNDE","UNDE_010","N","2015-06-08","2015-06-22","2015-11-04","2015-09-30","hQDJ3TYDfoxCoxtjFHMyZ0n2uMl45oFJPMypsx/q3z8=","NEON.BET.D05.000608","PLADEC","Platynus decentis","species",,"Say",,"Lindroth, C. H. 1969. The ground-beetles (Carabidae, excl. Cicindelinae) of Canada and Alaska, parts 1-6. Opuscula E. Entomoligiska Sallskapet.",,"Syw2LXB/pj+fmGCuwdgBGVryVUmYhw3g","Syw2LXB/pj+fmGCuwdgBGVryVUmYhw3g",
"66cbdd8e-0748-4165-a9b3-5e187219cd42","UNDE_010.basePlot.bet","D05","UNDE","UNDE_010","N","2015-06-08","2015-06-22","2015-11-04","2015-09-30","hQDJ3TYDfoxCoxtjFHMyZyhNiE7DrrwKH0j9/YfExck=","NEON.BET.D05.000571","CARNEM","Carabus nemoralis nemoralis","subspecies",,"Mueller",,"Lindroth, C. H. 1969. The ground-beetles (Carabidae, excl. Cicindelinae) of Canada and Alaska, parts 1-6. Opuscula E. Entomoligiska Sallskapet.",,"Syw2LXB/pj+fmGCuwdgBGVryVUmYhw3g","Syw2LXB/pj+fmGCuwdgBGVryVUmYhw3g",
"5bff5326-cdae-4fae-aa79-ee9f6184260b","UNDE_007.basePlot.bet","D05","UNDE","UNDE_007","N","2015-06-08","2015-06-22","2015-10-29","2015-10-07","sj+sxzQpSGChK6h/mW6WHgk0i5npMSbI4Wfu929sSYk=","NEON.BET.D05.000248","PTEPEN","Pterostichus pensylvanicus","species","cf. species","LeConte",,"Lindroth, C. H. 1969. The ground-beetles (Carabidae, excl. Cicindelinae) of Canada and Alaska, parts 1-6. Opuscula E. Entomoligiska Sallskapet.",,"Syw2LXB/pj+fmGCuwdgBGVryVUmYhw3g","XZoPj1u9UmznO7Lakic/e+h3MMLMvbQt",
"d4ccb53d-cdaf-4c4e-9d5d-e8b298fe5c85","UNDE_017.basePlot.bet","D05","UNDE","UNDE_017","N","2015-06-08","2015-06-22","2015-11-04","2015-10-08","xHY1KmNCr23nhIQ3WiWhMM568Igyvok7Vzb6F1v9XFo=","NEON.BET.D05.000551","SYNIMP","Synuchus impunctatus","species","cf. species","Say",,"Lindroth, C. H. 1969. The ground-beetles (Carabidae, excl. Cicindelinae) of Canada and Alaska, parts 1-6. Opuscula E. Entomoligiska Sallskapet.",,"Syw2LXB/pj+fmGCuwdgBGVryVUmYhw3g","Syw2LXB/pj+fmGCuwdgBGVryVUmYhw3g",
"53fbf3d1-51ca-471d-a6a2-7c1d08f7224f","UNDE_008.basePlot.bet","D05","UNDE","UNDE_008","N","2015-06-08","2015-06-22","2015-10-29","2015-10-08","MjA7sUqH2CaY31Dt12fKCFePWO6DKBmrKmJCmT8xtgM=","NEON.BET.D05.000254","PTEPEN","Pterostichus pensylvanicus","species","cf. species","LeConte",,"Lindroth, C. H. 1969. The ground-beetles (Carabidae, excl. Cicindelinae) of Canada and Alaska, parts 1-6. Opuscula E. Entomoligiska Sallskapet.",,"Syw2LXB/pj+fmGCuwdgBGVryVUmYhw3g","XZoPj1u9UmznO7Lakic/e+h3MMLMvbQt",
"35cbd029-1735-45a7-9602-2ab019452fcf","UNDE_017.basePlot.bet","D05","UNDE","UNDE_017","N","2015-06-08","2015-06-22","2015-11-02","2015-10-08","xHY1KmNCr23nhIQ3WiWhMNW2RwC+SxsJ8FXOD+MshUk=","NEON.BET.D05.000408","PTECOR1","Pterostichus coracinus","species",,"Newman",,"Lindroth, C. H. 1969. The ground-beetles (Carabidae, excl. Cicindelinae) of Canada and Alaska, parts 1-6. Opuscula E. Entomoligiska Sallskapet.",,"Syw2LXB/pj+fmGCuwdgBGVryVUmYhw3g","Syw2LXB/pj+fmGCuwdgBGVryVUmYhw3g",
"409f29df-22fc-4fbc-b7cb-2355ef4e664e","UNDE_017.basePlot.bet","D05","UNDE","UNDE_017","N","2015-06-08","2015-06-22","2015-10-29","2015-10-08","xHY1KmNCr23nhIQ3WiWhMMXf6zpyLCDubUlD1ZdXkgw=","NEON.BET.D05.000253","PTEPEN","Pterostichus pensylvanicus","species","cf. species","LeConte",,"Lindroth, C. H. 1969. The ground-beetles (Carabidae, excl. Cicindelinae) of Canada and Alaska, parts 1-6. Opuscula E. Entomoligiska Sallskapet.",,"Syw2LXB/pj+fmGCuwdgBGVryVUmYhw3g","XZoPj1u9UmznO7Lakic/e+h3MMLMvbQt",
"0e7ab1d3-39f1-4660-85aa-2af2b35d589e","UNDE_008.basePlot.bet","D05","UNDE","UNDE_008","N","2015-06-08","2015-06-22","2015-10-29","2015-10-08","MjA7sUqH2CaY31Dt12fKCFePWO6DKBmrKmJCmT8xtgM=","NEON.BET.D05.000255","PTEPEN","Pterostichus pensylvanicus","species","cf. species","LeConte",,"Lindroth, C. H. 1969. The ground-beetles (Carabidae, excl. Cicindelinae) of Canada and Alaska, parts 1-6. Opuscula E. Entomoligiska Sallskapet.",,"Syw2LXB/pj+fmGCuwdgBGVryVUmYhw3g","XZoPj1u9UmznO7Lakic/e+h3MMLMvbQt",
"8d87d16b-e405-4e2f-a63d-4d25b7c5ed55","UNDE_008.basePlot.bet","D05","UNDE","UNDE_008","N","2015-06-08","2015-06-22","2015-11-02","2015-10-08","MjA7sUqH2CaY31Dt12fKCB6hnvbs+zdnzz/PVT72mwg=","NEON.BET.D05.000399","PTECOR1","Pterostichus coracinus","species",,"Newman",,"Lindroth, C. H. 1969. The ground-beetles (Carabidae, excl. Cicindelinae) of Canada and Alaska, parts 1-6. Opuscula E. Entomoligiska Sallskapet.",,"Syw2LXB/pj+fmGCuwdgBGVryVUmYhw3g","Syw2LXB/pj+fmGCuwdgBGVryVUmYhw3g",
"9a7608df-bf36-4ea8-9b8e-6aefca2373db","UNDE_017.basePlot.bet","D05","UNDE","UNDE_017","S","2015-06-08","2015-06-22","2015-11-05","2015-10-08","xHY1KmNCr2390iLeCQFtjmzmXGSIpBtJKXfmHb13vq4=","NEON.BET.D05.000634","PTETRI3","Pterostichus tristis","species","cf. species","Dejean",,"Lindroth, C. H. 1969. The ground-beetles (Carabidae, excl. Cicindelinae) of Canada and Alaska, parts 1-6. Opuscula E. Entomoligiska Sallskapet.",,"Syw2LXB/pj+fmGCuwdgBGVryVUmYhw3g","Syw2LXB/pj+fmGCuwdgBGVryVUmYhw3g",
"6bb93204-1651-4770-ab63-29f12e66ecf7","UNDE_006.basePlot.bet","D05","UNDE","UNDE_006","S","2015-06-08","2015-06-22","2015-11-04","2015-10-08","izIYmtFoQUincgda/qaeEvyJhfjy1TBTBhEZxuoaVLE=","NEON.BET.D05.000517","PTEMEL","Pterostichus melanarius melanarius","subspecies",,"Illiger",,"Lindroth, C. H. 1969. The ground-beetles (Carabidae, excl. Cicindelinae) of Canada and Alaska, parts 1-6. Opuscula E. Entomoligiska Sallskapet.",,"Syw2LXB/pj+fmGCuwdgBGVryVUmYhw3g","Syw2LXB/pj+fmGCuwdgBGVryVUmYhw3g",
"47f54bf5-d69c-4301-a75b-ebbab0c56e14","UNDE_010.basePlot.bet","D05","UNDE","UNDE_010","S","2015-06-08","2015-06-22","2015-11-05","2015-10-01","hQDJ3TYDfowchf80HEbqrBubRhsigZW/7ioUHHCga/I=","NEON.BET.D05.000641","PTELUC","Pterostichus luctuosus","species","cf. species","Dejean",,"Lindroth, C. H. 1969. The ground-beetles (Carabidae, excl. Cicindelinae) of Canada and Alaska, parts 1-6. Opuscula E. Entomoligiska Sallskapet.",,"Syw2LXB/pj+fmGCuwdgBGVryVUmYhw3g","Syw2LXB/pj+fmGCuwdgBGVryVUmYhw3g",
"2fe12a33-5107-46d3-8655-d388ff7fc1c5","UNDE_010.basePlot.bet","D05","UNDE","UNDE_010","S","2015-06-08","2015-06-22","2015-11-02","2015-10-01","hQDJ3TYDfowchf80HEbqrGOCk/+DVhVOf5bT07+QHVE=","NEON.BET.D05.000429","AGORET","Agonum retractum","species",,"LeConte",,"Lindroth, C. H. 1969. The ground-beetles (Carabidae, excl. Cicindelinae) of Canada and Alaska, parts 1-6. Opuscula E. Entomoligiska Sallskapet.",,"Syw2LXB/pj+fmGCuwdgBGVryVUmYhw3g","Syw2LXB/pj+fmGCuwdgBGVryVUmYhw3g",
"6432497f-f2fd-4708-95b8-f4640331a2e6","UNDE_007.basePlot.bet","D05","UNDE","UNDE_007","S","2015-06-08","2015-06-22","2015-11-05","2015-10-07","sj+sxzQpSGAJvREnLoEnig7w+vJM7iN7c+HIMrSx5EE=","NEON.BET.D05.000672","CARSP14","Carabidae sp.","family",,"Latreille","D05.2015.MorphQ","Lindroth, C. H. 1969. The ground-beetles (Carabidae, excl. Cicindelinae) of Canada and Alaska, parts 1-6. Opuscula E. Entomoligiska Sallskapet.",,"Syw2LXB/pj+fmGCuwdgBGVryVUmYhw3g","Syw2LXB/pj+fmGCuwdgBGVryVUmYhw3g","Looks similar to Harpalus sp. but has 3 stigereous punctures on 3rd interval. Color is testaceous to brown with pale legs & antennae. Hind angles of pronotum pale and obtuse. Basal fovea of pronotum indistict and not punctate. Size 8mm."
"a143dbb0-13d0-4df4-b782-c9ff96fbb19b","UNDE_010.basePlot.bet","D05","UNDE","UNDE_010","S","2015-06-08","2015-06-22","2015-11-02","2015-10-01","hQDJ3TYDfowchf80HEbqrMp85soonW8w5u2BaoJTpOs=","NEON.BET.D05.000419","AGOTRI","Agonum trigeminum","species",,"Lindroth",,"Lindroth, C. H. 1969. The ground-beetles (Carabidae, excl. Cicindelinae) of Canada and Alaska, parts 1-6. Opuscula E. Entomoligiska Sallskapet.",,"Syw2LXB/pj+fmGCuwdgBGVryVUmYhw3g","Syw2LXB/pj+fmGCuwdgBGVryVUmYhw3g",
"c0943b4e-736b-4419-8b90-1589247085fd","UNDE_001.basePlot.bet","D05","UNDE","UNDE_001","S","2015-06-08","2015-06-22","2015-11-05","2015-09-25","kh3xmoTmJnBOmO2jgFxxyR7BUabYGRhWcVneJCbDptg=","NEON.BET.D05.000653","SPHSTE1","Sphaeroderus stenostomus lecontei","subspecies",,"Dejean",,"Lindroth, C. H. 1969. The ground-beetles (Carabidae, excl. Cicindelinae) of Canada and Alaska, parts 1-6. Opuscula E. Entomoligiska Sallskapet.",,"Syw2LXB/pj+fmGCuwdgBGVryVUmYhw3g","Syw2LXB/pj+fmGCuwdgBGVryVUmYhw3g",
"f7b63ae3-8fd4-442e-a4a1-62a8dfd5f8d3","UNDE_012.basePlot.bet","D05","UNDE","UNDE_012","S","2015-06-08","2015-06-22","2015-11-04","2015-10-08","+v0vuVmyR4CIkd7rDYGbT/kHc6bABwzhgHvNziJv+gM=","NEON.BET.D05.000511","PTEMEL","Pterostichus melanarius melanarius","subspecies",,"Illiger",,"Lindroth, C. H. 1969. The ground-beetles (Carabidae, excl. Cicindelinae) of Canada and Alaska, parts 1-6. Opuscula E. Entomoligiska Sallskapet.",,"Syw2LXB/pj+fmGCuwdgBGVryVUmYhw3g","Syw2LXB/pj+fmGCuwdgBGVryVUmYhw3g",
"898d9aaa-3eff-4979-a46b-2f7925dd7bbe","UNDE_008.basePlot.bet","D05","UNDE","UNDE_008","S","2015-06-08","2015-06-22","2015-11-02","2015-10-08","MjA7sUqH2CbTzc7rq9n5risYx/HyYHRNpoGuLQBoELw=","NEON.BET.D05.000403","PTECOR1","Pterostichus coracinus","species",,"Newman",,"Lindroth, C. H. 1969. The ground-beetles (Carabidae, excl. Cicindelinae) of Canada and Alaska, parts 1-6. Opuscula E. Entomoligiska Sallskapet.",,"Syw2LXB/pj+fmGCuwdgBGVryVUmYhw3g","Syw2LXB/pj+fmGCuwdgBGVryVUmYhw3g",
"b338b316-d9ee-469b-9387-9e300ac2884d","UNDE_010.basePlot.bet","D05","UNDE","UNDE_010","S","2015-06-08","2015-06-22","2015-10-29","2015-10-01","hQDJ3TYDfowchf80HEbqrD8nbmmr6vWNo3jLbO5ZAQ8=","NEON.BET.D05.000330","AGOGRA","Agonum gratiosum","species",,"Mannerheim",,"Lindroth, C. H. 1969. The ground-beetles (Carabidae, excl. Cicindelinae) of Canada and Alaska, parts 1-6. Opuscula E. Entomoligiska Sallskapet.",,"Syw2LXB/pj+fmGCuwdgBGVryVUmYhw3g","XZoPj1u9UmznO7Lakic/e+h3MMLMvbQt",
"bebf5491-dcdd-4bd4-b854-24d55d656c4c","UNDE_008.basePlot.bet","D05","UNDE","UNDE_008","S","2015-06-08","2015-06-22","2015-11-02","2015-10-08","MjA7sUqH2CbTzc7rq9n5risYx/HyYHRNpoGuLQBoELw=","NEON.BET.D05.000404","PTECOR1","Pterostichus coracinus","species",,"Newman",,"Lindroth, C. H. 1969. The ground-beetles (Carabidae, excl. Cicindelinae) of Canada and Alaska, parts 1-6. Opuscula E. Entomoligiska Sallskapet.",,"Syw2LXB/pj+fmGCuwdgBGVryVUmYhw3g","Syw2LXB/pj+fmGCuwdgBGVryVUmYhw3g",
"05f7ae32-b86a-4755-9007-a4d5c635671f","UNDE_006.basePlot.bet","D05","UNDE","UNDE_006","W","2015-06-08","2015-06-22","2015-11-04","2015-10-08","izIYmtFoQUiVOEIRqtIFZDcOnlCjoWAE+f5ui9AmFDM=","NEON.BET.D05.000526","PTEMEL","Pterostichus melanarius melanarius","subspecies",,"Illiger",,"Lindroth, C. H. 1969. The ground-beetles (Carabidae, excl. Cicindelinae) of Canada and Alaska, parts 1-6. Opuscula E. Entomoligiska Sallskapet.",,"Syw2LXB/pj+fmGCuwdgBGVryVUmYhw3g","Syw2LXB/pj+fmGCuwdgBGVryVUmYhw3g",
"ca9df1cd-ec90-4c03-b648-10815b97a55c","UNDE_006.basePlot.bet","D05","UNDE","UNDE_006","W","2015-06-08","2015-06-22","2015-11-04","2015-10-08","izIYmtFoQUiVOEIRqtIFZDcOnlCjoWAE+f5ui9AmFDM=","NEON.BET.D05.000523","PTEMEL","Pterostichus melanarius melanarius","subspecies",,"Illiger",,"Lindroth, C. H. 1969. The ground-beetles (Carabidae, excl. Cicindelinae) of Canada and Alaska, parts 1-6. Opuscula E. Entomoligiska Sallskapet.",,"Syw2LXB/pj+fmGCuwdgBGVryVUmYhw3g","Syw2LXB/pj+fmGCuwdgBGVryVUmYhw3g",
"93a820e1-cef1-4aa7-8d73-0c4f2c7858b8","UNDE_008.basePlot.bet","D05","UNDE","UNDE_008","W","2015-06-08","2015-06-22","2015-11-02","2015-10-08","MjA7sUqH2Cau71Ud/qCQ7DN1q9HpkuuyQAJQOSAuXeo=","NEON.BET.D05.000435","AGORET","Agonum retractum","species",,"LeConte",,"Lindroth, C. H. 1969. The ground-beetles (Carabidae, excl. Cicindelinae) of Canada and Alaska, parts 1-6. Opuscula E. Entomoligiska Sallskapet.",,"Syw2LXB/pj+fmGCuwdgBGVryVUmYhw3g","Syw2LXB/pj+fmGCuwdgBGVryVUmYhw3g",
"96593e05-aa43-48e9-906d-8b2bbc3a0e44","UNDE_006.basePlot.bet","D05","UNDE","UNDE_006","W","2015-06-08","2015-06-22","2015-11-04","2015-10-08","izIYmtFoQUiVOEIRqtIFZDcOnlCjoWAE+f5ui9AmFDM=","NEON.BET.D05.000524","PTEMEL","Pterostichus melanarius melanarius","subspecies",,"Illiger",,"Lindroth, C. H. 1969. The ground-beetles (Carabidae, excl. Cicindelinae) of Canada and Alaska, parts 1-6. Opuscula E. Entomoligiska Sallskapet.",,"Syw2LXB/pj+fmGCuwdgBGVryVUmYhw3g","Syw2LXB/pj+fmGCuwdgBGVryVUmYhw3g",
"4b540bee-b53d-4b12-a3dd-46508bc048a2","UNDE_011.basePlot.bet","D05","UNDE","UNDE_011","W","2015-06-08","2015-06-22","2015-11-05","2015-10-08","0Ya1AWR2lPhXpWIOgzgwG/B3L3gZht7wJ629fcu1ddg=","NEON.BET.D05.000692","CARSP14","Carabidae sp.","family",,"Latreille","D05.2015.MorphM","Other",,"Syw2LXB/pj+fmGCuwdgBGVryVUmYhw3g","Syw2LXB/pj+fmGCuwdgBGVryVUmYhw3g","Similar to ptepen in elytral puncture situation. Size approximately 12-13mm. Slightly paler (more brown) compared other ptepen & pteads. Legs paler."
"8141a972-7185-4c53-ba18-5525778f9c73","UNDE_011.basePlot.bet","D05","UNDE","UNDE_011","W","2015-06-08","2015-06-22","2015-11-05","2015-10-08","0Ya1AWR2lPhXpWIOgzgwG/B3L3gZht7wJ629fcu1ddg=","NEON.BET.D05.000693","CARSP14","Carabidae sp.","family",,"Latreille","D05.2015.MorphM","Other",,"Syw2LXB/pj+fmGCuwdgBGVryVUmYhw3g","Syw2LXB/pj+fmGCuwdgBGVryVUmYhw3g","Similar to ptepen in elytral puncture situation. Size approximately 12-13mm. Slightly paler (more brown) compared other ptepen & pteads. Legs paler."
"4496513f-a2fa-49b1-99b1-7c9fca06d82e","UNDE_011.basePlot.bet","D05","UNDE","UNDE_011","W","2015-06-08","2015-06-22","2015-11-05","2015-10-08","0Ya1AWR2lPhXpWIOgzgwGybrQsCR6rhRd7Mz8OH5V+E=","NEON.BET.D05.000665","SPHSTE1","Sphaeroderus stenostomus lecontei","subspecies",,"Dejean",,"Lindroth, C. H. 1969. The ground-beetles (Carabidae, excl. Cicindelinae) of Canada and Alaska, parts 1-6. Opuscula E. Entomoligiska Sallskapet.",,"Syw2LXB/pj+fmGCuwdgBGVryVUmYhw3g","Syw2LXB/pj+fmGCuwdgBGVryVUmYhw3g",
"bf54a7d4-d30a-47dc-9ea2-e053393d76c5","UNDE_008.basePlot.bet","D05","UNDE","UNDE_008","W","2015-06-08","2015-06-22","2015-11-02","2015-10-08","MjA7sUqH2Cau71Ud/qCQ7DN1q9HpkuuyQAJQOSAuXeo=","NEON.BET.D05.000437","AGORET","Agonum retractum","species",,"LeConte",,"Lindroth, C. H. 1969. The ground-beetles (Carabidae, excl. Cicindelinae) of Canada and Alaska, parts 1-6. Opuscula E. Entomoligiska Sallskapet.",,"Syw2LXB/pj+fmGCuwdgBGVryVUmYhw3g","Syw2LXB/pj+fmGCuwdgBGVryVUmYhw3g",
"908bac39-9a1d-446f-983a-423bb3360955","UNDE_011.basePlot.bet","D05","UNDE","UNDE_011","W","2015-06-08","2015-06-22","2015-11-05","2015-10-08","0Ya1AWR2lPhXpWIOgzgwG03kbf3aQ0G8Stq6gH+SGCk=","NEON.BET.D05.000647","PTELUC","Pterostichus luctuosus","species",,"Dejean",,"Lindroth, C. H. 1969. The ground-beetles (Carabidae, excl. Cicindelinae) of Canada and Alaska, parts 1-6. Opuscula E. Entomoligiska Sallskapet.",,"Syw2LXB/pj+fmGCuwdgBGVryVUmYhw3g","Syw2LXB/pj+fmGCuwdgBGVryVUmYhw3g",
"00a42bed-3d19-4f12-b9b0-24e307bd49a1","UNDE_003.basePlot.bet","D05","UNDE","UNDE_003","W","2015-06-08","2015-06-22","2015-11-05","2015-09-29","UKgrtiGQYSCMMKqzs+IsfaOK9bDaGgkVj72IR0hPTYM=","NEON.BET.D05.000688","PTESP23","Pterostichus sp.","genus",,"Bonelli",,"Lindroth, C. H. 1969. The ground-beetles (Carabidae, excl. Cicindelinae) of Canada and Alaska, parts 1-6. Opuscula E. Entomoligiska Sallskapet.",,"Syw2LXB/pj+fmGCuwdgBGVryVUmYhw3g","Syw2LXB/pj+fmGCuwdgBGVryVUmYhw3g",
"c41c7e12-c5cf-4463-967f-79bcf8a308a6","UNDE_003.basePlot.bet","D05","UNDE","UNDE_003","W","2015-06-08","2015-06-22","2015-11-05","2015-09-29","UKgrtiGQYSCMMKqzs+IsfaOK9bDaGgkVj72IR0hPTYM=","NEON.BET.D05.000687","PTESP23","Pterostichus sp.","genus",,"Bonelli",,"Lindroth, C. H. 1969. The ground-beetles (Carabidae, excl. Cicindelinae) of Canada and Alaska, parts 1-6. Opuscula E. Entomoligiska Sallskapet.",,"Syw2LXB/pj+fmGCuwdgBGVryVUmYhw3g","Syw2LXB/pj+fmGCuwdgBGVryVUmYhw3g",
"0ed30470-1cec-419a-88e9-0e211cdcae2c","UNDE_001.basePlot.bet","D05","UNDE","UNDE_001","W","2015-06-08","2015-06-22","2015-11-05","2015-09-25","kh3xmoTmJnDe9rFmDlBXbQJBzkYNeLsI2vuL3p1ApvI=","NEON.BET.D05.000652","SPHSTE1","Sphaeroderus stenostomus lecontei","subspecies",,"Dejean",,"Lindroth, C. H. 1969. The ground-beetles (Carabidae, excl. Cicindelinae) of Canada and Alaska, parts 1-6. Opuscula E. Entomoligiska Sallskapet.",,"Syw2LXB/pj+fmGCuwdgBGVryVUmYhw3g","Syw2LXB/pj+fmGCuwdgBGVryVUmYhw3g",
"b7089692-93bd-4665-a4b9-570cd7068837","UNDE_007.basePlot.bet","D05","UNDE","UNDE_007","W","2015-06-08","2015-06-22","2015-11-02","2015-10-07","sj+sxzQpSGD1HzFiTYVmCjenprV5IFxN755xOWyltFE=","NEON.BET.D05.000422","AGOTRI","Agonum trigeminum","species",,"Lindroth",,"Lindroth, C. H. 1969. The ground-beetles (Carabidae, excl. Cicindelinae) of Canada and Alaska, parts 1-6. Opuscula E. Entomoligiska Sallskapet.",,"Syw2LXB/pj+fmGCuwdgBGVryVUmYhw3g","Syw2LXB/pj+fmGCuwdgBGVryVUmYhw3g",
"c2aef90a-09cf-4b7e-aef7-452fb4b1fb3a","UNDE_011.basePlot.bet","D05","UNDE","UNDE_011","W","2015-06-08","2015-06-22","2015-11-04","2015-10-08","0Ya1AWR2lPhXpWIOgzgwG9L9tn8ZfkuJ4R+gp9UpKjE=","NEON.BET.D05.000617","PLADEC","Platynus decentis","species",,"Say",,"Lindroth, C. H. 1969. The ground-beetles (Carabidae, excl. Cicindelinae) of Canada and Alaska, parts 1-6. Opuscula E. Entomoligiska Sallskapet.",,"Syw2LXB/pj+fmGCuwdgBGVryVUmYhw3g","Syw2LXB/pj+fmGCuwdgBGVryVUmYhw3g",
"4a8542f3-603a-42cd-8122-410da5254dfd","UNDE_008.basePlot.bet","D05","UNDE","UNDE_008","W","2015-06-08","2015-06-22","2015-11-02","2015-10-08","MjA7sUqH2Cau71Ud/qCQ7DN1q9HpkuuyQAJQOSAuXeo=","NEON.BET.D05.000436","AGORET","Agonum retractum","species",,"LeConte",,"Lindroth, C. H. 1969. The ground-beetles (Carabidae, excl. Cicindelinae) of Canada and Alaska, parts 1-6. Opuscula E. Entomoligiska Sallskapet.",,"Syw2LXB/pj+fmGCuwdgBGVryVUmYhw3g","Syw2LXB/pj+fmGCuwdgBGVryVUmYhw3g",
"93cac550-1c7d-44d5-b35f-9a0742171117","UNDE_006.basePlot.bet","D05","UNDE","UNDE_006","W","2015-06-08","2015-06-22","2015-11-04","2015-10-08","izIYmtFoQUiVOEIRqtIFZDcOnlCjoWAE+f5ui9AmFDM=","NEON.BET.D05.000525","PTEMEL","Pterostichus melanarius melanarius","subspecies",,"Illiger",,"Lindroth, C. H. 1969. The ground-beetles (Carabidae, excl. Cicindelinae) of Canada and Alaska, parts 1-6. Opuscula E. Entomoligiska Sallskapet.",,"Syw2LXB/pj+fmGCuwdgBGVryVUmYhw3g","Syw2LXB/pj+fmGCuwdgBGVryVUmYhw3g",
"a8e65786-9a06-47e0-bce5-9b5d3ac83695","UNDE_006.basePlot.bet","D05","UNDE","UNDE_006","W","2015-06-08","2015-06-22","2015-11-05","2015-10-08","izIYmtFoQUiVOEIRqtIFZLE5J9yLkNJjW0gjmOo72Es=","NEON.BET.D05.000671","HARPEN","Harpalus pensylvanicus","species","cf. species","DeGeer",,"Lindroth, C. H. 1969. The ground-beetles (Carabidae, excl. Cicindelinae) of Canada and Alaska, parts 1-6. Opuscula E. Entomoligiska Sallskapet.",,"Syw2LXB/pj+fmGCuwdgBGVryVUmYhw3g","Syw2LXB/pj+fmGCuwdgBGVryVUmYhw3g",
"d55822da-cf9b-4c12-a2ee-bdb4c1d030a7","UNDE_001.basePlot.bet","D05","UNDE","UNDE_001","W","2015-06-08","2015-06-22","2015-10-29","2015-09-25","kh3xmoTmJnDe9rFmDlBXbT+8aW/ngf1r+GoW/YQya7w=","NEON.BET.D05.000299","CYMCRI","Cymindis cribricollis","species",,"Dejean",,"Lindroth, C. H. 1969. The ground-beetles (Carabidae, excl. Cicindelinae) of Canada and Alaska, parts 1-6. Opuscula E. Entomoligiska Sallskapet.",,"Syw2LXB/pj+fmGCuwdgBGVryVUmYhw3g","lLQBQVfayhr3D1tZaVTYCAmpRMui4lXg/r98CgvafXs=",
"e3a57132-136a-48f5-aec4-3672dd3541a4","UNDE_012.basePlot.bet","D05","UNDE","UNDE_012","W","2015-06-08","2015-06-22","2015-10-29","2015-10-08","+v0vuVmyR4D8BUMGCb9TBpl0JHPukQWq6NBjXiV1nM8=","NEON.BET.D05.000247","PTEPEN","Pterostichus pensylvanicus","species","cf. species","LeConte",,"Lindroth, C. H. 1969. The ground-beetles (Carabidae, excl. Cicindelinae) of Canada and Alaska, parts 1-6. Opuscula E. Entomoligiska Sallskapet.",,"Syw2LXB/pj+fmGCuwdgBGVryVUmYhw3g","XZoPj1u9UmznO7Lakic/e+h3MMLMvbQt",
"90335b8c-b545-45b5-9e2a-c73d06c4ad82","UNDE_001.basePlot.bet","D05","UNDE","UNDE_001","W","2015-06-08","2015-06-22","2015-10-29","2015-09-25","kh3xmoTmJnDe9rFmDlBXbT+8aW/ngf1r+GoW/YQya7w=","NEON.BET.D05.000300","CYMCRI","Cymindis cribricollis","species",,"Dejean",,"Lindroth, C. H. 1969. The ground-beetles (Carabidae, excl. Cicindelinae) of Canada and Alaska, parts 1-6. Opuscula E. Entomoligiska Sallskapet.",,"Syw2LXB/pj+fmGCuwdgBGVryVUmYhw3g","lLQBQVfayhr3D1tZaVTYCAmpRMui4lXg/r98CgvafXs=",
"a55debe8-a807-48d3-b3de-079411138ce9","UNDE_008.basePlot.bet","D05","UNDE","UNDE_008","W","2015-06-08","2015-06-22","2015-10-29","2015-10-08","MjA7sUqH2Cau71Ud/qCQ7BoSZu8v9aaBDju81cajygA=","NEON.BET.D05.000257","PTEPEN","Pterostichus pensylvanicus","species","cf. species","LeConte",,"Lindroth, C. H. 1969. The ground-beetles (Carabidae, excl. Cicindelinae) of Canada and Alaska, parts 1-6. Opuscula E. Entomoligiska Sallskapet.",,"Syw2LXB/pj+fmGCuwdgBGVryVUmYhw3g","XZoPj1u9UmznO7Lakic/e+h3MMLMvbQt",
"8cad5bce-472b-47ca-9cde-622edd828581","UNDE_006.basePlot.bet","D05","UNDE","UNDE_006","E","2015-06-08","2015-06-22","2015-11-05","2015-10-08","izIYmtFoQUjYvdCG/eJV194l116Ys02YGt9q7nShupQ=","NEON.BET.D05.000633","PTETRI3","Pterostichus tristis","species","cf. species","Dejean",,"Lindroth, C. H. 1969. The ground-beetles (Carabidae, excl. Cicindelinae) of Canada and Alaska, parts 1-6. Opuscula E. Entomoligiska Sallskapet.",,"Syw2LXB/pj+fmGCuwdgBGVryVUmYhw3g","Syw2LXB/pj+fmGCuwdgBGVryVUmYhw3g",
