uid,namedLocation,domainID,siteID,plotID,setDate,collectDate,identifiedDate,individualID,taxonID,kingdom,phylum,class,order,family,subfamily,tribe,genus,subgenus,specificEpithet,infraspecificEpithet,scientificName,scientificNameAuthorship,taxonRank,identificationQualifier,sex,morphospeciesID,identificationReferences,identifiedBy,laboratoryName,identificationRemarks,sampleCondition,dnaBarcoded,geneticSampleID,remarks
"9d43ade9-46e0-42f6-ab69-b34602cf863d","UNDE_011.basePlot.bet","D05","UNDE","UNDE_011","2015-05-26","2015-06-08","2017-01-15","NEON.BET.D05.000669","HARSOM","Animalia","Arthropoda","Insecta","Coleoptera","Carabidae","Harpalinae","Harpalini","Harpalus","Harpalus","somnulentus",,"Harpalus somnulentus","Dejean","species",,"M",,"Noonan, G. R. 1991. Classification, Cladistics, and Natural History of Native North American Harpalus Latreille (Insecta: Coleoptera: Carabidae: Harpalini), excluding subgenera Glanodes and Pseudophonus.","Kipling Will","Essig Museum of Entomology",,"No known compromise","N",,
"3bbe9c27-5192-4921-97b7-6ea72815b7ac","UNDE_006.basePlot.bet","D05","UNDE","UNDE_006","2015-05-26","2015-06-08","2017-01-15","NEON.BET.D05.000684","NOTAEN","Animalia","Arthropoda","Insecta","Coleoptera","Carabidae","Nebriinae","Notiophilini","Notiophilus",,"aeneus",,"Notiophilus aeneus","Herbst","species",,"F",,"Lindroth, C. H. 1969. The ground-beetles (Carabidae, excl. Cicindelinae) of Canada and Alaska, parts 1-6. Opuscula E. Entomoligiska Sallskapet.","Kipling Will","Essig Museum of Entomology",,"No known compromise","N",,
"3f5ce85c-0cd4-471c-ab7c-19525cfb43c7","UNDE_006.basePlot.bet","D05","UNDE","UNDE_006","2015-05-26","2015-06-08","2017-01-15","NEON.BET.D05.000682","NOTAEN","Animalia","Arthropoda","Insecta","Coleoptera","Carabidae","Nebriinae","Notiophilini","Notiophilus",,"aeneus",,"Notiophilus aeneus","Herbst","species",,"F",,"Lindroth, C. H. 1969. The ground-beetles (Carabidae, excl. Cicindelinae) of Canada and Alaska, parts 1-6. Opuscula E. Entomoligiska Sallskapet.","Kipling Will","Essig Museum of Entomology",,"No known compromise","N",,
"58bc5929-35d0-4d78-a869-da643adf5656","UNDE_006.basePlot.bet","D05","UNDE","UNDE_006","2015-05-26","2015-06-08","2017-01-15","NEON.BET.D05.000673","HARSOM","Animalia","Arthropoda","Insecta","Coleoptera","Carabidae","Harpalinae","Harpalini","Harpalus","Harpalus","somnulentus",,"Harpalus somnulentus","Dejean","species",,"F",,"Noonan, G. R. 1991. Classification, Cladistics, and Natural History of Native North American Harpalus Latreille (Insecta: Coleoptera: Carabidae: Harpalini), excluding subgenera Glanodes and Pseudophonus.","Kipling Will","Essig Museum of Entomology",,"No known compromise","N",,
"29889098-3d67-4ca6-ade2-b60225f026ab","UNDE_006.basePlot.bet","D05","UNDE","UNDE_006","2015-05-26","2015-06-08","2017-01-15","NEON.BET.D05.000683","NOTAEN","Animalia","Arthropoda","Insecta","Coleoptera","Carabidae","Nebriinae","Notiophilini","Notiophilus",,"aeneus",,"Notiophilus aeneus","Herbst","species",,"F",,"Lindroth, C. H. 1969. The ground-beetles (Carabidae, excl. Cicindelinae) of Canada and Alaska, parts 1-6. Opuscula E. Entomoligiska Sallskapet.","Kipling Will","Essig Museum of Entomology",,"No known compromise","N",,
"dbc6d6ee-f390-4ff9-861c-8afa9e8b4a3d","UNDE_012.basePlot.bet","D05","UNDE","UNDE_012","2015-05-26","2015-06-08","2017-01-15","NEON.BET.D05.000657","SPHSTE1","Animalia","Arthropoda","Insecta","Coleoptera","Carabidae","Carabinae","Cychrini","Sphaeroderus",,"stenostomus","lecontei","Sphaeroderus stenostomus lecontei","Dejean","subspecies",,"F",,"Lindroth, C. H. 1969. The ground-beetles (Carabidae, excl. Cicindelinae) of Canada and Alaska, parts 1-6. Opuscula E. Entomoligiska Sallskapet.","Kipling Will","Essig Museum of Entomology",,"No known compromise","N",,
"c8104bb0-bf4d-47ba-8182-43d6a65592a7","UNDE_017.basePlot.bet","D05","UNDE","UNDE_017","2015-05-26","2015-06-08","2017-01-15","NEON.BET.D05.000283","PTEPEN","Animalia","Arthropoda","Insecta","Coleoptera","Carabidae","Harpalinae","Pterostichini","Pterostichus","Bothriopterus","pensylvanicus",,"Pterostichus pensylvanicus","LeConte","species",,"F",,"Lindroth, C. H. 1969. The ground-beetles (Carabidae, excl. Cicindelinae) of Canada and Alaska, parts 1-6. Opuscula E. Entomoligiska Sallskapet.","Kipling Will","Essig Museum of Entomology",,"No known compromise","N",,
"14f51e40-1234-4e81-b314-c35ed56bcd39","UNDE_017.basePlot.bet","D05","UNDE","UNDE_017","2015-05-26","2015-06-08","2017-01-15","NEON.BET.D05.000281","PTEPEN","Animalia","Arthropoda","Insecta","Coleoptera","Carabidae","Harpalinae","Pterostichini","Pterostichus","Bothriopterus","pensylvanicus",,"Pterostichus pensylvanicus","LeConte","species",,"F",,"Lindroth, C. H. 1969. The ground-beetles (Carabidae, excl. Cicindelinae) of Canada and Alaska, parts 1-6. Opuscula E. Entomoligiska Sallskapet.","Kipling Will","Essig Museum of Entomology",,"No known compromise","N",,
"3681eb08-1d3a-423e-8a9f-abd1adf38c4f","UNDE_017.basePlot.bet","D05","UNDE","UNDE_017","2015-05-26","2015-06-08","2017-01-15","NEON.BET.D05.000282","PTEPEN","Animalia","Arthropoda","Insecta","Coleoptera","Carabidae","Harpalinae","Pterostichini","Pterostichus","Bothriopterus","pensylvanicus",,"Pterostichus pensylvanicus","LeConte","species",,"F",,"Lindroth, C. H. 1969. The ground-beetles (Carabidae, excl. Cicindelinae) of Canada and Alaska, parts 1-6. Opuscula E. Entomoligiska Sallskapet.","Kipling Will","Essig Museum of Entomology",,"No known compromise","N",,
"20273c56-4da3-4715-b543-5d64c617106b","UNDE_011.basePlot.bet","D05","UNDE","UNDE_011","2015-05-26","2015-06-08","2017-01-15","NEON.BET.D05.000273","PTEPEN","Animalia","Arthropoda","Insecta","Coleoptera","Carabidae","Harpalinae","Pterostichini","Pterostichus","Bothriopterus","pensylvanicus",,"Pterostichus pensylvanicus","LeConte","species",,"M",,"Lindroth, C. H. 1969. The ground-beetles (Carabidae, excl. Cicindelinae) of Canada and Alaska, parts 1-6. Opuscula E. Entomoligiska Sallskapet.","Kipling Will","Essig Museum of Entomology",,"No known compromise","N",,
"c489e1a8-1f6d-4048-b2c8-3af3b9d7ae0d","UNDE_011.basePlot.bet","D05","UNDE","UNDE_011","2015-05-26","2015-06-08","2017-01-15","NEON.BET.D05.000274","PTEPEN","Animalia","Arthropoda","Insecta","Coleoptera","Carabidae","Harpalinae","Pterostichini","Pterostichus","Bothriopterus","pensylvanicus",,"Pterostichus pensylvanicus","LeConte","species",,"M",,"Lindroth, C. H. 1969. The ground-beetles (Carabidae, excl. Cicindelinae) of Canada and Alaska, parts 1-6. Opuscula E. Entomoligiska Sallskapet.","Kipling Will","Essig Museum of Entomology",,"No known compromise","N",,
"a8c655f4-e589-4bb9-90a8-40ecccf0f88a","UNDE_011.basePlot.bet","D05","UNDE","UNDE_011","2015-05-26","2015-06-08","2017-01-15","NEON.BET.D05.000272","PTEPEN","Animalia","Arthropoda","Insecta","Coleoptera","Carabidae","Harpalinae","Pterostichini","Pterostichus","Bothriopterus","pensylvanicus",,"Pterostichus pensylvanicus","LeConte","species",,"M",,"Lindroth, C. H. 1969. The ground-beetles (Carabidae, excl. Cicindelinae) of Canada and Alaska, parts 1-6. Opuscula E. Entomoligiska Sallskapet.","Kipling Will","Essig Museum of Entomology",,"No known compromise","N",,
"16d1d6d7-1f0a-4f6c-84a9-58c73289befb","UNDE_011.basePlot.bet","D05","UNDE","UNDE_011","2015-05-26","2015-06-08","2017-01-15","NEON.BET.D05.000275","PTEPEN","Animalia","Arthropoda","Insecta","Coleoptera","Carabidae","Harpalinae","Pterostichini","Pterostichus","Bothriopterus","pensylvanicus",,"Pterostichus pensylvanicus","LeConte","species",,"M",,"Lindroth, C. H. 1969. The ground-beetles (Carabidae, excl. Cicindelinae) of Canada and Alaska, parts 1-6. Opuscula E. Entomoligiska Sallskapet.","Kipling Will","Essig Museum of Entomology",,"No known compromise","N",,
"bc8f4f65-a70a-4f47-8de8-60c9e0999c0b","UNDE_011.basePlot.bet","D05","UNDE","UNDE_011","2015-05-26","2015-06-08","2017-01-15","NEON.BET.D05.000270","PTEPEN","Animalia","Arthropoda","Insecta","Coleoptera","Carabidae","Harpalinae","Pterostichini","Pterostichus","Bothriopterus","pensylvanicus",,"Pterostichus pensylvanicus","LeConte","species",,"M",,"Lindroth, C. H. 1969. The ground-beetles (Carabidae, excl. Cicindelinae) of Canada and Alaska, parts 1-6. Opuscula E. Entomoligiska Sallskapet.","Kipling Will","Essig Museum of Entomology",,"No known compromise","N",,
"c6cf88cd-c9ee-45ab-bc43-7501bdb85826","UNDE_008.basePlot.bet","D05","UNDE","UNDE_008","2015-05-26","2015-06-08","2017-01-15","NEON.BET.D05.000249","PTEPEN","Animalia","Arthropoda","Insecta","Coleoptera","Carabidae","Harpalinae","Pterostichini","Pterostichus","Bothriopterus","pensylvanicus",,"Pterostichus pensylvanicus","LeConte","species",,"F",,"Lindroth, C. H. 1969. The ground-beetles (Carabidae, excl. Cicindelinae) of Canada and Alaska, parts 1-6. Opuscula E. Entomoligiska Sallskapet.","Kipling Will","Essig Museum of Entomology",,"No known compromise","N",,
"b597b2f7-4fb1-463f-8736-72b71493f953","UNDE_008.basePlot.bet","D05","UNDE","UNDE_008","2015-05-26","2015-06-08","2017-01-15","NEON.BET.D05.000252","PTEPEN","Animalia","Arthropoda","Insecta","Coleoptera","Carabidae","Harpalinae","Pterostichini","Pterostichus","Bothriopterus","pensylvanicus",,"Pterostichus pensylvanicus","LeConte","species",,"F",,"Lindroth, C. H. 1969. The ground-beetles (Carabidae, excl. Cicindelinae) of Canada and Alaska, parts 1-6. Opuscula E. Entomoligiska Sallskapet.","Kipling Will","Essig Museum of Entomology",,"No known compromise","N",,
"6cf38fb5-3f6d-4d35-b69a-dae7524220fd","UNDE_006.basePlot.bet","D05","UNDE","UNDE_006","2015-05-26","2015-06-08","2017-01-15","NEON.BET.D05.000246","PTEPEN","Animalia","Arthropoda","Insecta","Coleoptera","Carabidae","Harpalinae","Pterostichini","Pterostichus","Bothriopterus","pensylvanicus",,"Pterostichus pensylvanicus","LeConte","species",,"F",,"Lindroth, C. H. 1969. The ground-beetles (Carabidae, excl. Cicindelinae) of Canada and Alaska, parts 1-6. Opuscula E. Entomoligiska Sallskapet.","Kipling Will","Essig Museum of Entomology",,"No known compromise","N",,
"e23720be-05c6-4007-a3ad-6c3a7a7f5088","UNDE_012.basePlot.bet","D05","UNDE","UNDE_012","2015-05-26","2015-06-08","2017-01-15","NEON.BET.D05.000266","PTEPEN","Animalia","Arthropoda","Insecta","Coleoptera","Carabidae","Harpalinae","Pterostichini","Pterostichus","Bothriopterus","pensylvanicus",,"Pterostichus pensylvanicus","LeConte","species",,"M",,"Lindroth, C. H. 1969. The ground-beetles (Carabidae, excl. Cicindelinae) of Canada and Alaska, parts 1-6. Opuscula E. Entomoligiska Sallskapet.","Kipling Will","Essig Museum of Entomology",,"No known compromise","N",,
"3f5cd44d-929a-4637-9e85-7b153ea66e3c","UNDE_012.basePlot.bet","D05","UNDE","UNDE_012","2015-05-26","2015-06-08","2017-01-15","NEON.BET.D05.000271","PTEPEN","Animalia","Arthropoda","Insecta","Coleoptera","Carabidae","Harpalinae","Pterostichini","Pterostichus","Bothriopterus","pensylvanicus",,"Pterostichus pensylvanicus","LeConte","species",,"M",,"Lindroth, C. H. 1969. The ground-beetles (Carabidae, excl. Cicindelinae) of Canada and Alaska, parts 1-6. Opuscula E. Entomoligiska Sallskapet.","Kipling Will","Essig Museum of Entomology",,"No known compromise","N",,
"b9df3041-9294-4f7b-a343-8854618e73f2","UNDE_001.basePlot.bet","D05","UNDE","UNDE_001","2015-05-26","2015-06-08","2017-01-15","NEON.BET.D05.000335","AGOGRA","Animalia","Arthropoda","Insecta","Coleoptera","Carabidae","Harpalinae","Platynini","Agonum","Europhilus","gratiosum",,"Agonum gratiosum","Mannerheim","species",,"M",,"Liebherr, J. K. 1994. Identification of new world Agonum , review of the mexican fauna , and description of Incagonum , new genus , from South America (Coleoptera: Carabidae: Platynini). Journal of The New York Entomological Society 102:1-55.","Kipling Will","Essig Museum of Entomology",,"No known compromise","N",,
"12d1c769-ca4e-4324-b1b5-d1556c19b72e","UNDE_011.basePlot.bet","D05","UNDE","UNDE_011","2015-05-26","2015-06-08","2017-01-15","NEON.BET.D05.000381","PTECOR1","Animalia","Arthropoda","Insecta","Coleoptera","Carabidae","Harpalinae","Pterostichini","Pterostichus","Euferonia","coracinus",,"Pterostichus coracinus","Newman","species",,"F",,"Lindroth, C. H. 1969. The ground-beetles (Carabidae, excl. Cicindelinae) of Canada and Alaska, parts 1-6. Opuscula E. Entomoligiska Sallskapet.","Kipling Will","Essig Museum of Entomology",,"No known compromise","N",,
"21e347cf-026c-4565-a805-10814656befd","UNDE_017.basePlot.bet","D05","UNDE","UNDE_017","2015-05-26","2015-06-08","2017-01-15","NEON.BET.D05.000382","PTECOR1","Animalia","Arthropoda","Insecta","Coleoptera","Carabidae","Harpalinae","Pterostichini","Pterostichus","Euferonia","coracinus",,"Pterostichus coracinus","Newman","species",,"M",,"Lindroth, C. H. 1969. The ground-beetles (Carabidae, excl. Cicindelinae) of Canada and Alaska, parts 1-6. Opuscula E. Entomoligiska Sallskapet.","Kipling Will","Essig Museum of Entomology",,"No known compromise","N",,
"9dec366e-e9e4-473b-bc61-9d1048e8ad68","UNDE_011.basePlot.bet","D05","UNDE","UNDE_011","2015-05-26","2015-06-08","2017-01-15","NEON.BET.D05.000365","PTECOR1","Animalia","Arthropoda","Insecta","Coleoptera","Carabidae","Harpalinae","Pterostichini","Pterostichus","Euferonia","coracinus",,"Pterostichus coracinus","Newman","species",,"M",,"Lindroth, C. H. 1969. The ground-beetles (Carabidae, excl. Cicindelinae) of Canada and Alaska, parts 1-6. Opuscula E. Entomoligiska Sallskapet.","Kipling Will","Essig Museum of Entomology",,"No known compromise","N",,
"08c91272-608b-4974-8e02-e4322eab22ef","UNDE_003.basePlot.bet","D05","UNDE","UNDE_003","2015-05-26","2015-06-08","2017-01-15","NEON.BET.D05.000390","PTECOR1","Animalia","Arthropoda","Insecta","Coleoptera","Carabidae","Harpalinae","Pterostichini","Pterostichus","Euferonia","coracinus",,"Pterostichus coracinus","Newman","species",,"F",,"Lindroth, C. H. 1969. The ground-beetles (Carabidae, excl. Cicindelinae) of Canada and Alaska, parts 1-6. Opuscula E. Entomoligiska Sallskapet.","Kipling Will","Essig Museum of Entomology",,"No known compromise","N",,
"b7c783d3-e9c0-4b77-b001-173abbf73629","UNDE_017.basePlot.bet","D05","UNDE","UNDE_017","2015-05-26","2015-06-08","2017-01-15","NEON.BET.D05.000383","PTECOR1","Animalia","Arthropoda","Insecta","Coleoptera","Carabidae","Harpalinae","Pterostichini","Pterostichus","Euferonia","coracinus",,"Pterostichus coracinus","Newman","species",,"M",,"Lindroth, C. H. 1969. The ground-beetles (Carabidae, excl. Cicindelinae) of Canada and Alaska, parts 1-6. Opuscula E. Entomoligiska Sallskapet.","Kipling Will","Essig Museum of Entomology",,"No known compromise","N",,
"10d6acb7-44f5-4330-b9df-14cca38f6277","UNDE_001.basePlot.bet","D05","UNDE","UNDE_001","2015-05-26","2015-06-08","2017-01-15","NEON.BET.D05.000402","PTECOR1","Animalia","Arthropoda","Insecta","Coleoptera","Carabidae","Harpalinae","Pterostichini","Pterostichus","Euferonia","coracinus",,"Pterostichus coracinus","Newman","species",,"M",,"Lindroth, C. H. 1969. The ground-beetles (Carabidae, excl. Cicindelinae) of Canada and Alaska, parts 1-6. Opuscula E. Entomoligiska Sallskapet.","Kipling Will","Essig Museum of Entomology",,"No known compromise","N",,
"79aa4b66-22a9-4a57-9a4e-0eedade3bd96","UNDE_010.basePlot.bet","D05","UNDE","UNDE_010","2015-05-26","2015-06-08","2017-01-15","NEON.BET.D05.000434","AGORET","Animalia","Arthropoda","Insecta","Coleoptera","Carabidae","Harpalinae","Platynini","Agonum","Europhilus","retractum",,"Agonum retractum","LeConte","species",,"M",,"Liebherr, J. K. 1994. Identification of new world Agonum , review of the mexican fauna , and description of Incagonum , new genus , from South America (Coleoptera: Carabidae: Platynini). Journal of The New York Entomological Society 102:1-55.","Kipling Will","Essig Museum of Entomology",,"No known compromise","N",,
"1f36aa69-bea2-4db4-aff9-1f2b6bebbedd","UNDE_010.basePlot.bet","D05","UNDE","UNDE_010","2015-05-26","2015-06-08","2017-01-15","NEON.BET.D05.000423","AGOFID","Animalia","Arthropoda","Insecta","Coleoptera","Carabidae","Harpalinae","Platynini","Agonum","Olisares","fidele",,"Agonum fidele","Casey","species",,"M",,"Liebherr, J. K. 1994. Identification of new world Agonum , review of the mexican fauna , and description of Incagonum , new genus , from South America (Coleoptera: Carabidae: Platynini). Journal of The New York Entomological Society 102:1-55.","Kipling Will","Essig Museum of Entomology",,"No known compromise","N",,
"d6e177b6-c6e0-4fc8-a74a-1cefd00a651d","UNDE_010.basePlot.bet","D05","UNDE","UNDE_010","2015-05-26","2015-06-08","2017-01-15","NEON.BET.D05.000432","AGORET","Animalia","Arthropoda","Insecta","Coleoptera","Carabidae","Harpalinae","Platynini","Agonum","Europhilus","retractum",,"Agonum retractum","LeConte","species",,"F",,"Liebherr, J. K. 1994. Identification of new world Agonum , review of the mexican fauna , and description of Incagonum , new genus , from South America (Coleoptera: Carabidae: Platynini). Journal of The New York Entomological Society 102:1-55.","Kipling Will","Essig Museum of Entomology",,"No known compromise","N",,
"b6fb6b3d-d7f9-4816-9541-d9a7d9e5928f","UNDE_010.basePlot.bet","D05","UNDE","UNDE_010","2015-05-26","2015-06-08","2017-01-15","NEON.BET.D05.000425","AGOTRI","Animalia","Arthropoda","Insecta","Coleoptera","Carabidae","Harpalinae","Platynini","Agonum","Olisares","trigeminum",,"Agonum trigeminum","Lindroth","species",,"F",,"Liebherr, J. K. 1994. Identification of new world Agonum , review of the mexican fauna , and description of Incagonum , new genus , from South America (Coleoptera: Carabidae: Platynini). Journal of The New York Entomological Society 102:1-55.","Kipling Will","Essig Museum of Entomology",,"No known compromise","N",,
"b4f98699-3188-4363-ac75-2147c15e42ea","UNDE_003.basePlot.bet","D05","UNDE","UNDE_003","2015-05-26","2015-06-08","2017-01-15","NEON.BET.D05.000420","AGOTRI","Animalia","Arthropoda","Insecta","Coleoptera","Carabidae","Harpalinae","Platynini","Agonum","Olisares","trigeminum",,"Agonum trigeminum","Lindroth","species",,"F",,"Liebherr, J. K. 1994. Identification of new world Agonum , review of the mexican fauna , and description of Incagonum , new genus , from South America (Coleoptera: Carabidae: Platynini). Journal of The New York Entomological Society 102:1-55.","Kipling Will","Essig Museum of Entomology",,"No known compromise","N",,
"777decb8-6f5f-4225-b452-40bb7dc370f0","UNDE_017.basePlot.bet","D05","UNDE","UNDE_017","2015-05-26","2015-06-08","2017-01-15","NEON.BET.D05.000453","PTEMEL","Animalia","Arthropoda","Insecta","Coleoptera","Carabidae","Harpalinae","Pterostichini","Pterostichus","Morphnosoma","melanarius","melanarius","Pterostichus melanarius melanarius","Illiger","subspecies",,"F",,"Lindroth, C. H. 1969. The ground-beetles (Carabidae, excl. Cicindelinae) of Canada and Alaska, parts 1-6. Opuscula E. Entomoligiska Sallskapet.","Kipling Will","Essig Museum of Entomology",,"No known compromise","N",,
"e5ca6f2f-b982-4f03-80c4-499286672670","UNDE_008.basePlot.bet","D05","UNDE","UNDE_008","2015-05-26","2015-06-08","2017-01-15","NEON.BET.D05.000491","PTEMEL","Animalia","Arthropoda","Insecta","Coleoptera","Carabidae","Harpalinae","Pterostichini","Pterostichus","Morphnosoma","melanarius","melanarius","Pterostichus melanarius melanarius","Illiger","subspecies",,"M",,"Lindroth, C. H. 1969. The ground-beetles (Carabidae, excl. Cicindelinae) of Canada and Alaska, parts 1-6. Opuscula E. Entomoligiska Sallskapet.","Kipling Will","Essig Museum of Entomology",,"No known compromise","N",,
"98f91025-b2fb-470f-863f-558bfea0fe21","UNDE_008.basePlot.bet","D05","UNDE","UNDE_008","2015-05-26","2015-06-08","2017-01-15","NEON.BET.D05.000490","PTEMEL","Animalia","Arthropoda","Insecta","Coleoptera","Carabidae","Harpalinae","Pterostichini","Pterostichus","Morphnosoma","melanarius","melanarius","Pterostichus melanarius melanarius","Illiger","subspecies",,"F",,"Lindroth, C. H. 1969. The ground-beetles (Carabidae, excl. Cicindelinae) of Canada and Alaska, parts 1-6. Opuscula E. Entomoligiska Sallskapet.","Kipling Will","Essig Museum of Entomology",,"No known compromise","N",,
"f27c5179-d442-49f4-b427-204fd3cbf66e","UNDE_012.basePlot.bet","D05","UNDE","UNDE_012","2015-05-26","2015-06-08","2017-01-15","NEON.BET.D05.000485","PTEMEL","Animalia","Arthropoda","Insecta","Coleoptera","Carabidae","Harpalinae","Pterostichini","Pterostichus","Morphnosoma","melanarius","melanarius","Pterostichus melanarius melanarius","Illiger","subspecies",,"F",,"Lindroth, C. H. 1969. The ground-beetles (Carabidae, excl. Cicindelinae) of Canada and Alaska, parts 1-6. Opuscula E. Entomoligiska Sallskapet.","Kipling Will","Essig Museum of Entomology",,"No known compromise","N",,
"4974acf0-0527-416e-89cb-98da4607215e","UNDE_012.basePlot.bet","D05","UNDE","UNDE_012","2015-05-26","2015-06-08","2017-01-15","NEON.BET.D05.000484","PTEMEL","Animalia","Arthropoda","Insecta","Coleoptera","Carabidae","Harpalinae","Pterostichini","Pterostichus","Morphnosoma","melanarius","melanarius","Pterostichus melanarius melanarius","Illiger","subspecies",,"F",,"Lindroth, C. H. 1969. The ground-beetles (Carabidae, excl. Cicindelinae) of Canada and Alaska, parts 1-6. Opuscula E. Entomoligiska Sallskapet.","Kipling Will","Essig Museum of Entomology",,"No known compromise","N",,
"6b2e9ea2-4301-4f9b-b998-370e43d11ae2","UNDE_012.basePlot.bet","D05","UNDE","UNDE_012","2015-05-26","2015-06-08","2017-01-15","NEON.BET.D05.000487","PTEMEL","Animalia","Arthropoda","Insecta","Coleoptera","Carabidae","Harpalinae","Pterostichini","Pterostichus","Morphnosoma","melanarius","melanarius","Pterostichus melanarius melanarius","Illiger","subspecies",,"F",,"Lindroth, C. H. 1969. The ground-beetles (Carabidae, excl. Cicindelinae) of Canada and Alaska, parts 1-6. Opuscula E. Entomoligiska Sallskapet.","Kipling Will","Essig Museum of Entomology",,"No known compromise","N",,
"e48a661f-35e2-4bc8-b336-1963d2e1ffb8","UNDE_012.basePlot.bet","D05","UNDE","UNDE_012","2015-05-26","2015-06-08","2017-01-15","NEON.BET.D05.000486","PTEMEL","Animalia","Arthropoda","Insecta","Coleoptera","Carabidae","Harpalinae","Pterostichini","Pterostichus","Morphnosoma","melanarius","melanarius","Pterostichus melanarius melanarius","Illiger","subspecies",,"M",,"Lindroth, C. H. 1969. The ground-beetles (Carabidae, excl. Cicindelinae) of Canada and Alaska, parts 1-6. Opuscula E. Entomoligiska Sallskapet.","Kipling Will","Essig Museum of Entomology",,"No known compromise","N",,
"39b8d68e-e5df-4905-9f90-35af270f7263","UNDE_008.basePlot.bet","D05","UNDE","UNDE_008","2015-05-26","2015-06-08","2017-01-15","NEON.BET.D05.000522","PTEMEL","Animalia","Arthropoda","Insecta","Coleoptera","Carabidae","Harpalinae","Pterostichini","Pterostichus","Morphnosoma","melanarius","melanarius","Pterostichus melanarius melanarius","Illiger","subspecies",,"F",,"Lindroth, C. H. 1969. The ground-beetles (Carabidae, excl. Cicindelinae) of Canada and Alaska, parts 1-6. Opuscula E. Entomoligiska Sallskapet.","Kipling Will","Essig Museum of Entomology",,"No known compromise","N",,
"40ad7b85-efea-4326-9c0f-c3674685f7a9","UNDE_006.basePlot.bet","D05","UNDE","UNDE_006","2015-05-26","2015-06-08","2017-01-15","NEON.BET.D05.000528","PTEMEL","Animalia","Arthropoda","Insecta","Coleoptera","Carabidae","Harpalinae","Pterostichini","Pterostichus","Morphnosoma","melanarius","melanarius","Pterostichus melanarius melanarius","Illiger","subspecies",,"M",,"Lindroth, C. H. 1969. The ground-beetles (Carabidae, excl. Cicindelinae) of Canada and Alaska, parts 1-6. Opuscula E. Entomoligiska Sallskapet.","Kipling Will","Essig Museum of Entomology",,"No known compromise","N",,
"327fba18-521c-4dca-ae18-37286517554f","UNDE_006.basePlot.bet","D05","UNDE","UNDE_006","2015-05-26","2015-06-08","2017-01-15","NEON.BET.D05.000537","PTEMEL","Animalia","Arthropoda","Insecta","Coleoptera","Carabidae","Harpalinae","Pterostichini","Pterostichus","Morphnosoma","melanarius","melanarius","Pterostichus melanarius melanarius","Illiger","subspecies",,"M",,"Lindroth, C. H. 1969. The ground-beetles (Carabidae, excl. Cicindelinae) of Canada and Alaska, parts 1-6. Opuscula E. Entomoligiska Sallskapet.","Kipling Will","Essig Museum of Entomology",,"No known compromise","N",,
"806c81ac-9192-4493-96a6-522c64d661b3","UNDE_007.basePlot.bet","D05","UNDE","UNDE_007","2015-05-26","2015-06-08","2017-01-15","NEON.BET.D05.000582","CARNEM","Animalia","Arthropoda","Insecta","Coleoptera","Carabidae","Carabinae","Carabini","Carabus","Archicarabus","nemoralis","nemoralis","Carabus nemoralis nemoralis","Mueller","subspecies",,"M",,"Lindroth, C. H. 1969. The ground-beetles (Carabidae, excl. Cicindelinae) of Canada and Alaska, parts 1-6. Opuscula E. Entomoligiska Sallskapet.","Kipling Will","Essig Museum of Entomology",,"No known compromise","N",,
"966f8740-d5ea-434e-81ae-9f3bff7fab50","UNDE_017.basePlot.bet","D05","UNDE","UNDE_017","2015-05-26","2015-06-08","2017-01-15","NEON.BET.D05.000588","CARNEM","Animalia","Arthropoda","Insecta","Coleoptera","Carabidae","Carabinae","Carabini","Carabus","Archicarabus","nemoralis","nemoralis","Carabus nemoralis nemoralis","Mueller","subspecies",,"F",,"Lindroth, C. H. 1969. The ground-beetles (Carabidae, excl. Cicindelinae) of Canada and Alaska, parts 1-6. Opuscula E. Entomoligiska Sallskapet.","Kipling Will","Essig Museum of Entomology",,"No known compromise","N",,
"ffa70234-f846-4fe2-a812-ac8053ee69a4","UNDE_003.basePlot.bet","D05","UNDE","UNDE_003","2015-05-26","2015-06-08","2017-01-15","NEON.BET.D05.000596","PLADEC","Animalia","Arthropoda","Insecta","Coleoptera","Carabidae","Harpalinae","Platynini","Platynus","Platynus","decentis",,"Platynus decentis","Say","species",,"M",,"Liebherr, J. K., and K. W. Will. 1996. New North American Platynus Bonelli (Coleoptera: Carabidae), a key to species north of Mexico, and notes on species from the southwestern United States. The Coleopterists Bulletin 50:301-320.","Kipling Will","Essig Museum of Entomology",,"No known compromise","N",,
"558151f5-86c9-4000-9b41-81f251651a6d","UNDE_011.basePlot.bet","D05","UNDE","UNDE_011","2015-05-26","2015-06-08","2017-01-15","NEON.BET.D05.000570","CARNEM","Animalia","Arthropoda","Insecta","Coleoptera","Carabidae","Carabinae","Carabini","Carabus","Archicarabus","nemoralis","nemoralis","Carabus nemoralis nemoralis","Mueller","subspecies",,"M",,"Lindroth, C. H. 1969. The ground-beetles (Carabidae, excl. Cicindelinae) of Canada and Alaska, parts 1-6. Opuscula E. Entomoligiska Sallskapet.","Kipling Will","Essig Museum of Entomology",,"No known compromise","N",,
"164a6396-1efe-4644-beb0-fcb8ea218ee6","UNDE_017.basePlot.bet","D05","UNDE","UNDE_017","2015-05-26","2015-06-08","2017-01-15","NEON.BET.D05.000572","CARNEM","Animalia","Arthropoda","Insecta","Coleoptera","Carabidae","Carabinae","Carabini","Carabus","Archicarabus","nemoralis","nemoralis","Carabus nemoralis nemoralis","Mueller","subspecies",,"M",,"Lindroth, C. H. 1969. The ground-beetles (Carabidae, excl. Cicindelinae) of Canada and Alaska, parts 1-6. Opuscula E. Entomoligiska Sallskapet.","Kipling Will","Essig Museum of Entomology",,"No known compromise","N",,
"c79b01fb-b7e6-4108-8eb1-d4b8bbb2bdc6","UNDE_012.basePlot.bet","D05","UNDE","UNDE_012","2015-05-26","2015-06-08","2017-01-15","NEON.BET.D05.000579","CARNEM","Animalia","Arthropoda","Insecta","Coleoptera","Carabidae","Carabinae","Carabini","Carabus","Archicarabus","nemoralis","nemoralis","Carabus nemoralis nemoralis","Mueller","subspecies",,"F",,"Lindroth, C. H. 1969. The ground-beetles (Carabidae, excl. Cicindelinae) of Canada and Alaska, parts 1-6. Opuscula E. Entomoligiska Sallskapet.","Kipling Will","Essig Museum of Entomology",,"No known compromise","N",,
"5e8d4cc6-bae5-4dfa-948d-805e48ce9408","UNDE_011.basePlot.bet","D05","UNDE","UNDE_011","2015-05-26","2015-06-08","2017-01-15","NEON.BET.D05.000587","CARNEM","Animalia","Arthropoda","Insecta","Coleoptera","Carabidae","Carabinae","Carabini","Carabus","Archicarabus","nemoralis","nemoralis","Carabus nemoralis nemoralis","Mueller","subspecies",,"F",,"Lindroth, C. H. 1969. The ground-beetles (Carabidae, excl. Cicindelinae) of Canada and Alaska, parts 1-6. Opuscula E. Entomoligiska Sallskapet.","Kipling Will","Essig Museum of Entomology",,"No known compromise","N",,
"807879a5-4bdd-45b1-9701-2b004754f889","UNDE_012.basePlot.bet","D05","UNDE","UNDE_012","2015-05-26","2015-06-08","2017-01-15","NEON.BET.D05.000576","CARNEM","Animalia","Arthropoda","Insecta","Coleoptera","Carabidae","Carabinae","Carabini","Carabus","Archicarabus","nemoralis","nemoralis","Carabus nemoralis nemoralis","Mueller","subspecies",,"M",,"Lindroth, C. H. 1969. The ground-beetles (Carabidae, excl. Cicindelinae) of Canada and Alaska, parts 1-6. Opuscula E. Entomoligiska Sallskapet.","Kipling Will","Essig Museum of Entomology",,"No known compromise","N",,
"d869a284-aab1-4b6c-9b4c-cce7cac9b017","UNDE_012.basePlot.bet","D05","UNDE","UNDE_012","2015-05-26","2015-06-08","2017-01-15","NEON.BET.D05.000577","CARNEM","Animalia","Arthropoda","Insecta","Coleoptera","Carabidae","Carabinae","Carabini","Carabus","Archicarabus","nemoralis","nemoralis","Carabus nemoralis nemoralis","Mueller","subspecies",,"M",,"Lindroth, C. H. 1969. The ground-beetles (Carabidae, excl. Cicindelinae) of Canada and Alaska, parts 1-6. Opuscula E. Entomoligiska Sallskapet.","Kipling Will","Essig Museum of Entomology",,"No known compromise","N",,
"19a86d3e-c0a7-4953-b4f9-83cece6616d2","UNDE_012.basePlot.bet","D05","UNDE","UNDE_012","2015-05-26","2015-06-08","2017-01-15","NEON.BET.D05.000578","CARNEM","Animalia","Arthropoda","Insecta","Coleoptera","Carabidae","Carabinae","Carabini","Carabus","Archicarabus","nemoralis","nemoralis","Carabus nemoralis nemoralis","Mueller","subspecies",,"M",,"Lindroth, C. H. 1969. The ground-beetles (Carabidae, excl. Cicindelinae) of Canada and Alaska, parts 1-6. Opuscula E. Entomoligiska Sallskapet.","Kipling Will","Essig Museum of Entomology",,"No known compromise","N",,
"e6e2cff8-8efc-494f-9152-d43932008116","UNDE_011.basePlot.bet","D05","UNDE","UNDE_011","2015-05-26","2015-06-08","2017-01-15","NEON.BET.D05.000610","PLADEC","Animalia","Arthropoda","Insecta","Coleoptera","Carabidae","Harpalinae","Platynini","Platynus","Platynus","decentis",,"Platynus decentis","Say","species",,"F",,"Liebherr, J. K., and K. W. Will. 1996. New North American Platynus Bonelli (Coleoptera: Carabidae), a key to species north of Mexico, and notes on species from the southwestern United States. The Coleopterists Bulletin 50:301-320.","Kipling Will","Essig Museum of Entomology",,"No known compromise","N",,
"bbec2a00-6c0e-4682-b344-661988a9d2bf","UNDE_011.basePlot.bet","D05","UNDE","UNDE_011","2015-05-26","2015-06-08","2017-01-15","NEON.BET.D05.000609","PLADEC","Animalia","Arthropoda","Insecta","Coleoptera","Carabidae","Harpalinae","Platynini","Platynus","Platynus","decentis",,"Platynus decentis","Say","species",,"F",,"Liebherr, J. K., and K. W. Will. 1996. New North American Platynus Bonelli (Coleoptera: Carabidae), a key to species north of Mexico, and notes on species from the southwestern United States. The Coleopterists Bulletin 50:301-320.","Kipling Will","Essig Museum of Entomology",,"No known compromise","N",,
"7b0c1010-473d-4a59-bc86-d17a3328f8f7","UNDE_017.basePlot.bet","D05","UNDE","UNDE_017","2015-05-26","2015-06-08","2017-01-15","NEON.BET.D05.000629","PLAMAN","Animalia","Arthropoda","Insecta","Coleoptera","Carabidae","Harpalinae","Platynini","Platynus","Batenus","mannerheimii",,"Platynus mannerheimii","Dejean","species",,"F",,"Liebherr, J. K., and K. W. Will. 1996. New North American Platynus Bonelli (Coleoptera: Carabidae), a key to species north of Mexico, and notes on species from the southwestern United States. The Coleopterists Bulletin 50:301-320.","Kipling Will","Essig Museum of Entomology",,"No known compromise","N",,
"7c3aacd3-3db5-4dd0-b057-707431da6b55","UNDE_017.basePlot.bet","D05","UNDE","UNDE_017","2015-05-26","2015-06-08","2017-01-15","NEON.BET.D05.000605","PLADEC","Animalia","Arthropoda","Insecta","Coleoptera","Carabidae","Harpalinae","Platynini","Platynus","Platynus","decentis",,"Platynus decentis","Say","species",,"M",,"Liebherr, J. K., and K. W. Will. 1996. New North American Platynus Bonelli (Coleoptera: Carabidae), a key to species north of Mexico, and notes on species from the southwestern United States. The Coleopterists Bulletin 50:301-320.","Kipling Will","Essig Museum of Entomology",,"No known compromise","N",,
"9479673c-7caa-4957-9c41-f8f7cd4aa477","UNDE_017.basePlot.bet","D05","UNDE","UNDE_017","2015-05-26","2015-06-08","2017-01-15","NEON.BET.D05.000612","PLADEC","Animalia","Arthropoda","Insecta","Coleoptera","Carabidae","Harpalinae","Platynini","Platynus","Platynus","decentis",,"Platynus decentis","Say","species",,"F",,"Liebherr, J. K., and K. W. Will. 1996. New North American Platynus Bonelli (Coleoptera: Carabidae), a key to species north of Mexico, and notes on species from the southwestern United States. The Coleopterists Bulletin 50:301-320.","Kipling Will","Essig Museum of Entomology",,"No known compromise","N",,
"35c57d4e-e21f-4da7-9620-42b145ec8de8","UNDE_017.basePlot.bet","D05","UNDE","UNDE_017","2015-05-26","2015-06-08","2017-01-15","NEON.BET.D05.000606","PLADEC","Animalia","Arthropoda","Insecta","Coleoptera","Carabidae","Harpalinae","Platynini","Platynus","Platynus","decentis",,"Platynus decentis","Say","species",,"M",,"Liebherr, J. K., and K. W. Will. 1996. New North American Platynus Bonelli (Coleoptera: Carabidae), a key to species north of Mexico, and notes on species from the southwestern United States. The Coleopterists Bulletin 50:301-320.","Kipling Will","Essig Museum of Entomology",,"No known compromise","N",,
"177322ec-9d06-428e-9121-3ccb33105fdb","UNDE_017.basePlot.bet","D05","UNDE","UNDE_017","2015-05-26","2015-06-08","2017-01-15","NEON.BET.D05.000611","PLADEC","Animalia","Arthropoda","Insecta","Coleoptera","Carabidae","Harpalinae","Platynini","Platynus","Platynus","decentis",,"Platynus decentis","Say","species",,"F",,"Liebherr, J. K., and K. W. Will. 1996. New North American Platynus Bonelli (Coleoptera: Carabidae), a key to species north of Mexico, and notes on species from the southwestern United States. The Coleopterists Bulletin 50:301-320.","Kipling Will","Essig Museum of Entomology",,"No known compromise","N",,
"82739a55-00ca-4d82-a6f2-5ec938160c74","UNDE_017.basePlot.bet","D05","UNDE","UNDE_017","2015-05-26","2015-06-08","2017-01-15","NEON.BET.D05.000597","PLADEC","Animalia","Arthropoda","Insecta","Coleoptera","Carabidae","Harpalinae","Platynini","Platynus","Platynus","decentis",,"Platynus decentis","Say","species",,"F",,"Liebherr, J. K., and K. W. Will. 1996. New North American Platynus Bonelli (Coleoptera: Carabidae), a key to species north of Mexico, and notes on species from the southwestern United States. The Coleopterists Bulletin 50:301-320.","Kipling Will","Essig Museum of Entomology",,"No known compromise","N",,
"e3bb0256-7285-4761-928f-cc188ffcab70","UNDE_017.basePlot.bet","D05","UNDE","UNDE_017","2015-05-26","2015-06-08","2017-01-15","NEON.BET.D05.000616","PLADEC","Animalia","Arthropoda","Insecta","Coleoptera","Carabidae","Harpalinae","Platynini","Platynus","Platynus","decentis",,"Platynus decentis","Say","species",,"F",,"Liebherr, J. K., and K. W. Will. 1996. New North American Platynus Bonelli (Coleoptera: Carabidae), a key to species north of Mexico, and notes on species from the southwestern United States. The Coleopterists Bulletin 50:301-320.","Kipling Will","Essig Museum of Entomology",,"No known compromise","N",,
"a49a37ac-0e26-40bd-ac45-b327ef5acaca","UNDE_017.basePlot.bet","D05","UNDE","UNDE_017","2015-05-26","2015-06-08","2017-01-15","NEON.BET.D05.000615","PLADEC","Animalia","Arthropoda","Insecta","Coleoptera","Carabidae","Harpalinae","Platynini","Platynus","Platynus","decentis",,"Platynus decentis","Say","species",,"M",,"Liebherr, J. K., and K. W. Will. 1996. New North American Platynus Bonelli (Coleoptera: Carabidae), a key to species north of Mexico, and notes on species from the southwestern United States. The Coleopterists Bulletin 50:301-320.","Kipling Will","Essig Museum of Entomology",,"No known compromise","N",,
"896f1ee2-3799-424b-9528-32aa617b1490","UNDE_010.basePlot.bet","D05","UNDE","UNDE_010","2015-05-26","2015-06-08","2017-01-15","NEON.BET.D05.000645","PTELUC","Animalia","Arthropoda","Insecta","Coleoptera","Carabidae","Harpalinae","Pterostichini","Pterostichus","Pseudomaseus","luctuosus",,"Pterostichus luctuosus","Dejean","species",,"M",,"Lindroth, C. H. 1969. The ground-beetles (Carabidae, excl. Cicindelinae) of Canada and Alaska, parts 1-6. Opuscula E. Entomoligiska Sallskapet.","Kipling Will","Essig Museum of Entomology",,"No known compromise","N",,
"d7ef9f57-0677-45d2-a795-d9879e01faf9","UNDE_007.basePlot.bet","D05","UNDE","UNDE_007","2015-05-26","2015-06-08","2017-01-15","NEON.BET.D05.000602","PLADEC","Animalia","Arthropoda","Insecta","Coleoptera","Carabidae","Harpalinae","Platynini","Platynus","Platynus","decentis",,"Platynus decentis","Say","species",,"M",,"Liebherr, J. K., and K. W. Will. 1996. New North American Platynus Bonelli (Coleoptera: Carabidae), a key to species north of Mexico, and notes on species from the southwestern United States. The Coleopterists Bulletin 50:301-320.","Kipling Will","Essig Museum of Entomology",,"No known compromise","N",,
"d6b5466b-e558-445c-9d0d-02bd1cff5bf5","UNDE_010.basePlot.bet","D05","UNDE","UNDE_010","2015-05-26","2015-06-08","2017-01-15","NEON.BET.D05.000618","PLADEC","Animalia","Arthropoda","Insecta","Coleoptera","Carabidae","Harpalinae","Platynini","Platynus","Platynus","decentis",,"Platynus decentis","Say","species",,"M",,"Liebherr, J. K., and K. W. Will. 1996. New North American Platynus Bonelli (Coleoptera: Carabidae), a key to species north of Mexico, and notes on species from the southwestern United States. The Coleopterists Bulletin 50:301-320.","Kipling Will","Essig Museum of Entomology",,"No known compromise","N",,
"84eb6f30-bfdf-4727-9439-9b826d288f43","UNDE_007.basePlot.bet","D05","UNDE","UNDE_007","2015-05-26","2015-06-08","2017-01-15","NEON.BET.D05.000655","SPHSTE1","Animalia","Arthropoda","Insecta","Coleoptera","Carabidae","Carabinae","Cychrini","Sphaeroderus",,"stenostomus","lecontei","Sphaeroderus stenostomus lecontei","Dejean","subspecies",,"M",,"Lindroth, C. H. 1969. The ground-beetles (Carabidae, excl. Cicindelinae) of Canada and Alaska, parts 1-6. Opuscula E. Entomoligiska Sallskapet.","Kipling Will","Essig Museum of Entomology",,"No known compromise","N",,
"306ea92f-18a1-44ad-b455-dcb7657e9791","UNDE_003.basePlot.bet","D05","UNDE","UNDE_003","2015-05-26","2015-06-08","2017-01-15","NEON.BET.D05.000686","PTECOR1","Animalia","Arthropoda","Insecta","Coleoptera","Carabidae","Harpalinae","Pterostichini","Pterostichus","Euferonia","coracinus",,"Pterostichus coracinus","Newman","species",,"M",,"Lindroth, C. H. 1969. The ground-beetles (Carabidae, excl. Cicindelinae) of Canada and Alaska, parts 1-6. Opuscula E. Entomoligiska Sallskapet.","Kipling Will","Essig Museum of Entomology",,"No known compromise","N",,
"c4038d3e-0518-4ce5-adb0-bb994a02dac8","UNDE_010.basePlot.bet","D05","UNDE","UNDE_010","2015-05-26","2015-06-08","2017-01-15","NEON.BET.D05.000679","OXYPUS","Animalia","Arthropoda","Insecta","Coleoptera","Carabidae","Harpalinae","Platynini","Oxypselaphus",,"pusillus",,"Oxypselaphus pusillus","LeConte","species",,"F",,"Lindroth, C. H. 1969. The ground-beetles (Carabidae, excl. Cicindelinae) of Canada and Alaska, parts 1-6. Opuscula E. Entomoligiska Sallskapet.","Kipling Will","Essig Museum of Entomology",,"No known compromise","N",,
"6176b2bc-095d-42e5-bad5-9160f41c285c","UNDE_003.basePlot.bet","D05","UNDE","UNDE_003","2015-05-26","2015-06-08","2017-01-15","NEON.BET.D05.000697","LORPIL2","Animalia","Arthropoda","Insecta","Coleoptera","Carabidae","Loricerinae","Loricerini","Loricera","Loricera","pilicornis","pilicornis","Loricera pilicornis pilicornis","Fabricius","subspecies",,"F",,"Ball, G. E., and T. L. Erwin. 1969. A taxonomic synopsis of the tribe Loricerini (Coleoptera: Carabidae). Canadian Journal of Zoology 47:877-907.","Kipling Will","Essig Museum of Entomology",,"No known compromise","N",,
"a15e6dbf-f5cf-47ae-8ea7-840b4e758a71","UNDE_003.basePlot.bet","D05","UNDE","UNDE_003","2015-05-26","2015-06-08","2017-01-15","NEON.BET.D05.000654","SPHSTE1","Animalia","Arthropoda","Insecta","Coleoptera","Carabidae","Carabinae","Cychrini","Sphaeroderus",,"stenostomus","lecontei","Sphaeroderus stenostomus lecontei","Dejean","subspecies",,"M",,"Lindroth, C. H. 1969. The ground-beetles (Carabidae, excl. Cicindelinae) of Canada and Alaska, parts 1-6. Opuscula E. Entomoligiska Sallskapet.","Kipling Will","Essig Museum of Entomology",,"No known compromise","N",,
"8e4483f9-a7f9-4a8e-969b-d7f2400400c8","UNDE_001.basePlot.bet","D05","UNDE","UNDE_001","2015-05-26","2015-06-08","2017-01-15","NEON.BET.D05.000666","SPHSTE1","Animalia","Arthropoda","Insecta","Coleoptera","Carabidae","Carabinae","Cychrini","Sphaeroderus",,"stenostomus","lecontei","Sphaeroderus stenostomus lecontei","Dejean","subspecies",,"F",,"Lindroth, C. H. 1969. The ground-beetles (Carabidae, excl. Cicindelinae) of Canada and Alaska, parts 1-6. Opuscula E. Entomoligiska Sallskapet.","Kipling Will","Essig Museum of Entomology",,"No known compromise","N",,
"ac8b135b-1f96-4136-aa9b-8cc855aa208b","UNDE_007.basePlot.bet","D05","UNDE","UNDE_007","2015-05-26","2015-06-08","2017-01-15","NEON.BET.D05.000291","PTEPEN","Animalia","Arthropoda","Insecta","Coleoptera","Carabidae","Harpalinae","Pterostichini","Pterostichus","Bothriopterus","pensylvanicus",,"Pterostichus pensylvanicus","LeConte","species",,"M",,"Lindroth, C. H. 1969. The ground-beetles (Carabidae, excl. Cicindelinae) of Canada and Alaska, parts 1-6. Opuscula E. Entomoligiska Sallskapet.","Kipling Will","Essig Museum of Entomology",,"No known compromise","N",,
"6c40631d-9e58-47ea-8f15-623df41b0d5a","UNDE_010.basePlot.bet","D05","UNDE","UNDE_010","2015-05-26","2015-06-08","2017-01-15","NEON.BET.D05.000251","PTEPEN","Animalia","Arthropoda","Insecta","Coleoptera","Carabidae","Harpalinae","Pterostichini","Pterostichus","Bothriopterus","pensylvanicus",,"Pterostichus pensylvanicus","LeConte","species",,"F",,"Lindroth, C. H. 1969. The ground-beetles (Carabidae, excl. Cicindelinae) of Canada and Alaska, parts 1-6. Opuscula E. Entomoligiska Sallskapet.","Kipling Will","Essig Museum of Entomology",,"No known compromise","N",,
"02e67262-7d58-4ae0-b0cb-2a681b581dc8","UNDE_007.basePlot.bet","D05","UNDE","UNDE_007","2015-05-26","2015-06-08","2017-01-15","NEON.BET.D05.000290","PTEPEN","Animalia","Arthropoda","Insecta","Coleoptera","Carabidae","Harpalinae","Pterostichini","Pterostichus","Bothriopterus","pensylvanicus",,"Pterostichus pensylvanicus","LeConte","species",,"F",,"Lindroth, C. H. 1969. The ground-beetles (Carabidae, excl. Cicindelinae) of Canada and Alaska, parts 1-6. Opuscula E. Entomoligiska Sallskapet.","Kipling Will","Essig Museum of Entomology",,"No known compromise","N",,
"b4bf368a-f6f4-4a6c-b9a3-e15a12d48b1e","UNDE_007.basePlot.bet","D05","UNDE","UNDE_007","2015-05-26","2015-06-08","2017-01-15","NEON.BET.D05.000288","PTEPEN","Animalia","Arthropoda","Insecta","Coleoptera","Carabidae","Harpalinae","Pterostichini","Pterostichus","Bothriopterus","pensylvanicus",,"Pterostichus pensylvanicus","LeConte","species",,"M",,"Lindroth, C. H. 1969. The ground-beetles (Carabidae, excl. Cicindelinae) of Canada and Alaska, parts 1-6. Opuscula E. Entomoligiska Sallskapet.","Kipling Will","Essig Museum of Entomology",,"No known compromise","N",,
"58b4f240-217b-4645-88cd-8dd150a756ab","UNDE_003.basePlot.bet","D05","UNDE","UNDE_003","2015-05-26","2015-06-08","2017-01-15","NEON.BET.D05.000279","PTEPEN","Animalia","Arthropoda","Insecta","Coleoptera","Carabidae","Harpalinae","Pterostichini","Pterostichus","Bothriopterus","pensylvanicus",,"Pterostichus pensylvanicus","LeConte","species",,"M",,"Lindroth, C. H. 1969. The ground-beetles (Carabidae, excl. Cicindelinae) of Canada and Alaska, parts 1-6. Opuscula E. Entomoligiska Sallskapet.","Kipling Will","Essig Museum of Entomology",,"No known compromise","N",,
"4d216f92-682f-44c6-be2c-94b2d2a395c0","UNDE_007.basePlot.bet","D05","UNDE","UNDE_007","2015-05-26","2015-06-08","2017-01-15","NEON.BET.D05.000289","PTEPEN","Animalia","Arthropoda","Insecta","Coleoptera","Carabidae","Harpalinae","Pterostichini","Pterostichus","Bothriopterus","pensylvanicus",,"Pterostichus pensylvanicus","LeConte","species",,"M",,"Lindroth, C. H. 1969. The ground-beetles (Carabidae, excl. Cicindelinae) of Canada and Alaska, parts 1-6. Opuscula E. Entomoligiska Sallskapet.","Kipling Will","Essig Museum of Entomology",,"No known compromise","N",,
"b0e94a16-710c-4541-9166-c91e415d997c","UNDE_007.basePlot.bet","D05","UNDE","UNDE_007","2015-06-08","2015-06-22","2017-01-15","NEON.BET.D05.000248","PTEPEN","Animalia","Arthropoda","Insecta","Coleoptera","Carabidae","Harpalinae","Pterostichini","Pterostichus","Bothriopterus","pensylvanicus",,"Pterostichus pensylvanicus","LeConte","species",,"M",,"Lindroth, C. H. 1969. The ground-beetles (Carabidae, excl. Cicindelinae) of Canada and Alaska, parts 1-6. Opuscula E. Entomoligiska Sallskapet.","Kipling Will","Essig Museum of Entomology",,"No known compromise","N",,
"22b305f0-f7bd-4153-a1f2-c9fb3ca612eb","UNDE_006.basePlot.bet","D05","UNDE","UNDE_006","2015-06-08","2015-06-22","2017-01-15","NEON.BET.D05.000671","HARSOM","Animalia","Arthropoda","Insecta","Coleoptera","Carabidae","Harpalinae","Harpalini","Harpalus","Harpalus","somnulentus",,"Harpalus somnulentus","Dejean","species",,"F",,"Noonan, G. R. 1991. Classification, Cladistics, and Natural History of Native North American Harpalus Latreille (Insecta: Coleoptera: Carabidae: Harpalini), excluding subgenera Glanodes and Pseudophonus.","Kipling Will","Essig Museum of Entomology",,"No known compromise","N",,
"ddf537d8-fd8d-49fa-a326-55cd3d996bec","UNDE_008.basePlot.bet","D05","UNDE","UNDE_008","2015-06-08","2015-06-22","2017-01-15","NEON.BET.D05.000257","PTEPEN","Animalia","Arthropoda","Insecta","Coleoptera","Carabidae","Harpalinae","Pterostichini","Pterostichus","Bothriopterus","pensylvanicus",,"Pterostichus pensylvanicus","LeConte","species",,"F",,"Lindroth, C. H. 1969. The ground-beetles (Carabidae, excl. Cicindelinae) of Canada and Alaska, parts 1-6. Opuscula E. Entomoligiska Sallskapet.","Kipling Will","Essig Museum of Entomology",,"No known compromise","N",,
"2f934181-511c-4abd-b315-984ae867acf8","UNDE_008.basePlot.bet","D05","UNDE","UNDE_008","2015-06-08","2015-06-22","2017-01-15","NEON.BET.D05.000254","PTEPEN","Animalia","Arthropoda","Insecta","Coleoptera","Carabidae","Harpalinae","Pterostichini","Pterostichus","Bothriopterus","pensylvanicus",,"Pterostichus pensylvanicus","LeConte","species",,"M",,"Lindroth, C. H. 1969. The ground-beetles (Carabidae, excl. Cicindelinae) of Canada and Alaska, parts 1-6. Opuscula E. Entomoligiska Sallskapet.","Kipling Will","Essig Museum of Entomology",,"No known compromise","N",,
"a98ca401-db7c-4fb7-a7d0-09856fdfce5b","UNDE_008.basePlot.bet","D05","UNDE","UNDE_008","2015-06-08","2015-06-22","2017-01-15","NEON.BET.D05.000255","PTEPEN","Animalia","Arthropoda","Insecta","Coleoptera","Carabidae","Harpalinae","Pterostichini","Pterostichus","Bothriopterus","pensylvanicus",,"Pterostichus pensylvanicus","LeConte","species",,"M",,"Lindroth, C. H. 1969. The ground-beetles (Carabidae, excl. Cicindelinae) of Canada and Alaska, parts 1-6. Opuscula E. Entomoligiska Sallskapet.","Kipling Will","Essig Museum of Entomology",,"No known compromise","N",,
"3b860c3f-ae63-4cb5-a591-2ce06bbec90f","UNDE_012.basePlot.bet","D05","UNDE","UNDE_012","2015-06-08","2015-06-22","2017-01-15","NEON.BET.D05.000247","PTEPEN","Animalia","Arthropoda","Insecta","Coleoptera","Carabidae","Harpalinae","Pterostichini","Pterostichus","Bothriopterus","pensylvanicus",,"Pterostichus pensylvanicus","LeConte","species",,"F",,"Lindroth, C. H. 1969. The ground-beetles (Carabidae, excl. Cicindelinae) of Canada and Alaska, parts 1-6. Opuscula E. Entomoligiska Sallskapet.","Kipling Will","Essig Museum of Entomology",,"No known compromise","N",,
"678f1d98-4e08-4ad2-af43-a44e01105474","UNDE_008.basePlot.bet","D05","UNDE","UNDE_008","2015-06-08","2015-06-22","2017-01-15","NEON.BET.D05.000256","PTEPEN","Animalia","Arthropoda","Insecta","Coleoptera","Carabidae","Harpalinae","Pterostichini","Pterostichus","Bothriopterus","pensylvanicus",,"Pterostichus pensylvanicus","LeConte","species",,"F",,"Lindroth, C. H. 1969. The ground-beetles (Carabidae, excl. Cicindelinae) of Canada and Alaska, parts 1-6. Opuscula E. Entomoligiska Sallskapet.","Kipling Will","Essig Museum of Entomology",,"No known compromise","N",,
"6c59cea3-90fc-40da-b951-011571b87ae1","UNDE_001.basePlot.bet","D05","UNDE","UNDE_001","2015-06-08","2015-06-22","2017-01-15","NEON.BET.D05.000299","CYMCRI","Animalia","Arthropoda","Insecta","Coleoptera","Carabidae","Harpalinae","Lebiini","Cymindis","Tarulus","cribricollis",,"Cymindis cribricollis","Dejean","species",,"M",,"Lindroth, C. H. 1969. The ground-beetles (Carabidae, excl. Cicindelinae) of Canada and Alaska, parts 1-6. Opuscula E. Entomoligiska Sallskapet.","Kipling Will","Essig Museum of Entomology",,"No known compromise","N",,
"0faf7f88-afd2-46ec-9ff9-2060ae559235","UNDE_001.basePlot.bet","D05","UNDE","UNDE_001","2015-06-08","2015-06-22","2017-01-15","NEON.BET.D05.000300","CYMCRI","Animalia","Arthropoda","Insecta","Coleoptera","Carabidae","Harpalinae","Lebiini","Cymindis","Tarulus","cribricollis",,"Cymindis cribricollis","Dejean","species",,"F",,"Lindroth, C. H. 1969. The ground-beetles (Carabidae, excl. Cicindelinae) of Canada and Alaska, parts 1-6. Opuscula E. Entomoligiska Sallskapet.","Kipling Will","Essig Museum of Entomology",,"No known compromise","N",,
"a5a3d57f-67e0-4067-9843-cca1a1e538d0","UNDE_010.basePlot.bet","D05","UNDE","UNDE_010","2015-06-08","2015-06-22","2017-01-15","NEON.BET.D05.000330","AGOGRA","Animalia","Arthropoda","Insecta","Coleoptera","Carabidae","Harpalinae","Platynini","Agonum","Europhilus","gratiosum",,"Agonum gratiosum","Mannerheim","species",,"F",,"Liebherr, J. K. 1994. Identification of new world Agonum , review of the mexican fauna , and description of Incagonum , new genus , from South America (Coleoptera: Carabidae: Platynini). Journal of The New York Entomological Society 102:1-55.","Kipling Will","Essig Museum of Entomology",,"No known compromise","N",,
"297ff73a-81f2-4ff4-b3bf-8a096ada0d18","UNDE_008.basePlot.bet","D05","UNDE","UNDE_008","2015-06-08","2015-06-22","2017-01-15","NEON.BET.D05.000399","PTECOR1","Animalia","Arthropoda","Insecta","Coleoptera","Carabidae","Harpalinae","Pterostichini","Pterostichus","Euferonia","coracinus",,"Pterostichus coracinus","Newman","species",,"F",,"Lindroth, C. H. 1969. The ground-beetles (Carabidae, excl. Cicindelinae) of Canada and Alaska, parts 1-6. Opuscula E. Entomoligiska Sallskapet.","Kipling Will","Essig Museum of Entomology",,"No known compromise","N",,
"6c43b699-ef2d-4e16-9d58-dbf7f23ca69b","UNDE_008.basePlot.bet","D05","UNDE","UNDE_008","2015-06-08","2015-06-22","2017-01-15","NEON.BET.D05.000404","PTECOR1","Animalia","Arthropoda","Insecta","Coleoptera","Carabidae","Harpalinae","Pterostichini","Pterostichus","Euferonia","coracinus",,"Pterostichus coracinus","Newman","species",,"M",,"Lindroth, C. H. 1969. The ground-beetles (Carabidae, excl. Cicindelinae) of Canada and Alaska, parts 1-6. Opuscula E. Entomoligiska Sallskapet.","Kipling Will","Essig Museum of Entomology",,"No known compromise","N",,
"7f56ee56-0274-44b1-8c04-42443ed5e80f","UNDE_008.basePlot.bet","D05","UNDE","UNDE_008","2015-06-08","2015-06-22","2017-01-15","NEON.BET.D05.000403","PTECOR1","Animalia","Arthropoda","Insecta","Coleoptera","Carabidae","Harpalinae","Pterostichini","Pterostichus","Euferonia","coracinus",,"Pterostichus coracinus","Newman","species",,"F",,"Lindroth, C. H. 1969. The ground-beetles (Carabidae, excl. Cicindelinae) of Canada and Alaska, parts 1-6. Opuscula E. Entomoligiska Sallskapet.","Kipling Will","Essig Museum of Entomology",,"No known compromise","N",,
"9a9997f6-ee69-4036-8d31-a7d8938774e5","UNDE_010.basePlot.bet","D05","UNDE","UNDE_010","2015-06-08","2015-06-22","2017-01-15","NEON.BET.D05.000428","AGORET","Animalia","Arthropoda","Insecta","Coleoptera","Carabidae","Harpalinae","Platynini","Agonum","Europhilus","retractum",,"Agonum retractum","LeConte","species",,"F",,"Liebherr, J. K. 1994. Identification of new world Agonum , review of the mexican fauna , and description of Incagonum , new genus , from South America (Coleoptera: Carabidae: Platynini). Journal of The New York Entomological Society 102:1-55.","Kipling Will","Essig Museum of Entomology",,"No known compromise","N",,
"c7ec081e-07e6-420c-8d99-364db481a9f8","UNDE_010.basePlot.bet","D05","UNDE","UNDE_010","2015-06-08","2015-06-22","2017-01-15","NEON.BET.D05.000419","AGOTRI","Animalia","Arthropoda","Insecta","Coleoptera","Carabidae","Harpalinae","Platynini","Agonum","Olisares","trigeminum",,"Agonum trigeminum","Lindroth","species",,"F",,"Liebherr, J. K. 1994. Identification of new world Agonum , review of the mexican fauna , and description of Incagonum , new genus , from South America (Coleoptera: Carabidae: Platynini). Journal of The New York Entomological Society 102:1-55.","Kipling Will","Essig Museum of Entomology",,"No known compromise","N",,
"fbc25212-5876-4fda-86fc-2ad3250b9265","UNDE_010.basePlot.bet","D05","UNDE","UNDE_010","2015-06-08","2015-06-22","2017-01-15","NEON.BET.D05.000429","AGORET","Animalia","Arthropoda","Insecta","Coleoptera","Carabidae","Harpalinae","Platynini","Agonum","Europhilus","retractum",,"Agonum retractum","LeConte","species",,"M",,"Liebherr, J. K. 1994. Identification of new world Agonum , review of the mexican fauna , and description of Incagonum , new genus , from South America (Coleoptera: Carabidae: Platynini). Journal of The New York Entomological Society 102:1-55.","Kipling Will","Essig Museum of Entomology",,"No known compromise","N",,
"3a0d45a4-1912-4d9b-857b-8fdb1c033b13","UNDE_017.basePlot.bet","D05","UNDE","UNDE_017","2015-06-08","2015-06-22","2017-01-15","NEON.BET.D05.000408","PTECOR1","Animalia","Arthropoda","Insecta","Coleoptera","Carabidae","Harpalinae","Pterostichini","Pterostichus","Euferonia","coracinus",,"Pterostichus coracinus","Newman","species",,"M",,"Lindroth, C. H. 1969. The ground-beetles (Carabidae, excl. Cicindelinae) of Canada and Alaska, parts 1-6. Opuscula E. Entomoligiska Sallskapet.","Kipling Will","Essig Museum of Entomology",,"No known compromise","N",,
"07dce5e6-8600-4b46-9c24-f1f7be3ec26a","UNDE_007.basePlot.bet","D05","UNDE","UNDE_007","2015-06-08","2015-06-22","2017-01-15","NEON.BET.D05.000422","AGOTRI","Animalia","Arthropoda","Insecta","Coleoptera","Carabidae","Harpalinae","Platynini","Agonum","Olisares","trigeminum",,"Agonum trigeminum","Lindroth","species",,"M",,"Liebherr, J. K. 1994. Identification of new world Agonum , review of the mexican fauna , and description of Incagonum , new genus , from South America (Coleoptera: Carabidae: Platynini). Journal of The New York Entomological Society 102:1-55.","Kipling Will","Essig Museum of Entomology",,"No known compromise","N",,
"6037073a-6a33-4311-9976-8aa39856da41","UNDE_008.basePlot.bet","D05","UNDE","UNDE_008","2015-06-08","2015-06-22","2017-01-15","NEON.BET.D05.000436","AGORET","Animalia","Arthropoda","Insecta","Coleoptera","Carabidae","Harpalinae","Platynini","Agonum","Europhilus","retractum",,"Agonum retractum","LeConte","species",,"M",,"Liebherr, J. K. 1994. Identification of new world Agonum , review of the mexican fauna , and description of Incagonum , new genus , from South America (Coleoptera: Carabidae: Platynini). Journal of The New York Entomological Society 102:1-55.","Kipling Will","Essig Museum of Entomology",,"No known compromise","N",,
"c83edaa4-b867-41d2-bc93-e164cd9a7a53","UNDE_008.basePlot.bet","D05","UNDE","UNDE_008","2015-06-08","2015-06-22","2017-01-15","NEON.BET.D05.000437","AGORET","Animalia","Arthropoda","Insecta","Coleoptera","Carabidae","Harpalinae","Platynini","Agonum","Europhilus","retractum",,"Agonum retractum","LeConte","species",,"F",,"Liebherr, J. K. 1994. Identification of new world Agonum , review of the mexican fauna , and description of Incagonum , new genus , from South America (Coleoptera: Carabidae: Platynini). Journal of The New York Entomological Society 102:1-55.","Kipling Will","Essig Museum of Entomology",,"No known compromise","N",,
"22e1cdee-e7bd-49d1-a677-a5c4d4313f0a","UNDE_008.basePlot.bet","D05","UNDE","UNDE_008","2015-06-08","2015-06-22","2017-01-15","NEON.BET.D05.000435","AGORET","Animalia","Arthropoda","Insecta","Coleoptera","Carabidae","Harpalinae","Platynini","Agonum","Europhilus","retractum",,"Agonum retractum","LeConte","species",,"F",,"Liebherr, J. K. 1994. Identification of new world Agonum , review of the mexican fauna , and description of Incagonum , new genus , from South America (Coleoptera: Carabidae: Platynini). Journal of The New York Entomological Society 102:1-55.","Kipling Will","Essig Museum of Entomology",,"No known compromise","N",,
"fc62c497-8ecc-4284-ac68-951c6cfe2d81","UNDE_010.basePlot.bet","D05","UNDE","UNDE_010","2015-06-08","2015-06-22","2017-01-15","NEON.BET.D05.000451","PTEMEL","Animalia","Arthropoda","Insecta","Coleoptera","Carabidae","Harpalinae","Pterostichini","Pterostichus","Morphnosoma","melanarius","melanarius","Pterostichus melanarius melanarius","Illiger","subspecies",,"F",,"Lindroth, C. H. 1969. The ground-beetles (Carabidae, excl. Cicindelinae) of Canada and Alaska, parts 1-6. Opuscula E. Entomoligiska Sallskapet.","Kipling Will","Essig Museum of Entomology",,"No known compromise","N",,
"bf7b52cc-9c80-48c6-9359-b57330de8c38","UNDE_017.basePlot.bet","D05","UNDE","UNDE_017","2015-06-08","2015-06-22","2017-01-15","NEON.BET.D05.000512","PTEMEL","Animalia","Arthropoda","Insecta","Coleoptera","Carabidae","Harpalinae","Pterostichini","Pterostichus","Morphnosoma","melanarius","melanarius","Pterostichus melanarius melanarius","Illiger","subspecies",,"F",,"Lindroth, C. H. 1969. The ground-beetles (Carabidae, excl. Cicindelinae) of Canada and Alaska, parts 1-6. Opuscula E. Entomoligiska Sallskapet.","Kipling Will","Essig Museum of Entomology",,"No known compromise","N",,
"289c8c02-e102-4982-8957-6a246b1a6d23","UNDE_006.basePlot.bet","D05","UNDE","UNDE_006","2015-06-08","2015-06-22","2017-01-15","NEON.BET.D05.000524","PTEMEL","Animalia","Arthropoda","Insecta","Coleoptera","Carabidae","Harpalinae","Pterostichini","Pterostichus","Morphnosoma","melanarius","melanarius","Pterostichus melanarius melanarius","Illiger","subspecies",,"M",,"Lindroth, C. H. 1969. The ground-beetles (Carabidae, excl. Cicindelinae) of Canada and Alaska, parts 1-6. Opuscula E. Entomoligiska Sallskapet.","Kipling Will","Essig Museum of Entomology",,"No known compromise","N",,
"b31c1032-97ea-48d9-95dc-d470f216d9da","UNDE_006.basePlot.bet","D05","UNDE","UNDE_006","2015-06-08","2015-06-22","2017-01-15","NEON.BET.D05.000514","PTEMEL","Animalia","Arthropoda","Insecta","Coleoptera","Carabidae","Harpalinae","Pterostichini","Pterostichus","Morphnosoma","melanarius","melanarius","Pterostichus melanarius melanarius","Illiger","subspecies",,"M",,"Lindroth, C. H. 1969. The ground-beetles (Carabidae, excl. Cicindelinae) of Canada and Alaska, parts 1-6. Opuscula E. Entomoligiska Sallskapet.","Kipling Will","Essig Museum of Entomology",,"No known compromise","N",,
"f05d7a56-b082-4d44-a7b6-88be31daf9e5","UNDE_006.basePlot.bet","D05","UNDE","UNDE_006","2015-06-08","2015-06-22","2017-01-15","NEON.BET.D05.000515","PTEMEL","Animalia","Arthropoda","Insecta","Coleoptera","Carabidae","Harpalinae","Pterostichini","Pterostichus","Morphnosoma","melanarius","melanarius","Pterostichus melanarius melanarius","Illiger","subspecies",,"M",,"Lindroth, C. H. 1969. The ground-beetles (Carabidae, excl. Cicindelinae) of Canada and Alaska, parts 1-6. Opuscula E. Entomoligiska Sallskapet.","Kipling Will","Essig Museum of Entomology",,"No known compromise","N",,
"b0cda572-d892-4bdc-b96a-5924ba9ec437","UNDE_006.basePlot.bet","D05","UNDE","UNDE_006","2015-06-08","2015-06-22","2017-01-15","NEON.BET.D05.000517","PTEMEL","Animalia","Arthropoda","Insecta","Coleoptera","Carabidae","Harpalinae","Pterostichini","Pterostichus","Morphnosoma","melanarius","melanarius","Pterostichus melanarius melanarius","Illiger","subspecies",,"F",,"Lindroth, C. H. 1969. The ground-beetles (Carabidae, excl. Cicindelinae) of Canada and Alaska, parts 1-6. Opuscula E. Entomoligiska Sallskapet.","Kipling Will","Essig Museum of Entomology",,"No known compromise","N",,
"0d077d53-6720-4b25-bd72-03dc9f579b88","UNDE_006.basePlot.bet","D05","UNDE","UNDE_006","2015-06-08","2015-06-22","2017-01-15","NEON.BET.D05.000513","PTEMEL","Animalia","Arthropoda","Insecta","Coleoptera","Carabidae","Harpalinae","Pterostichini","Pterostichus","Morphnosoma","melanarius","melanarius","Pterostichus melanarius melanarius","Illiger","subspecies",,"M",,"Lindroth, C. H. 1969. The ground-beetles (Carabidae, excl. Cicindelinae) of Canada and Alaska, parts 1-6. Opuscula E. Entomoligiska Sallskapet.","Kipling Will","Essig Museum of Entomology",,"No known compromise","N",,
"051c7472-68c0-46b7-9c12-24808453da62","UNDE_006.basePlot.bet","D05","UNDE","UNDE_006","2015-06-08","2015-06-22","2017-01-15","NEON.BET.D05.000525","PTEMEL","Animalia","Arthropoda","Insecta","Coleoptera","Carabidae","Harpalinae","Pterostichini","Pterostichus","Morphnosoma","melanarius","melanarius","Pterostichus melanarius melanarius","Illiger","subspecies",,"M",,"Lindroth, C. H. 1969. The ground-beetles (Carabidae, excl. Cicindelinae) of Canada and Alaska, parts 1-6. Opuscula E. Entomoligiska Sallskapet.","Kipling Will","Essig Museum of Entomology",,"No known compromise","N",,
"6a550c04-72e2-4c44-aca3-df6e372979fa","UNDE_006.basePlot.bet","D05","UNDE","UNDE_006","2015-06-08","2015-06-22","2017-01-15","NEON.BET.D05.000523","PTEMEL","Animalia","Arthropoda","Insecta","Coleoptera","Carabidae","Harpalinae","Pterostichini","Pterostichus","Morphnosoma","melanarius","melanarius","Pterostichus melanarius melanarius","Illiger","subspecies",,"F",,"Lindroth, C. H. 1969. The ground-beetles (Carabidae, excl. Cicindelinae) of Canada and Alaska, parts 1-6. Opuscula E. Entomoligiska Sallskapet.","Kipling Will","Essig Museum of Entomology",,"No known compromise","N",,
"c03b74ba-7162-4d30-999c-da0756fc34d1","UNDE_006.basePlot.bet","D05","UNDE","UNDE_006","2015-06-08","2015-06-22","2017-01-15","NEON.BET.D05.000526","PTEMEL","Animalia","Arthropoda","Insecta","Coleoptera","Carabidae","Harpalinae","Pterostichini","Pterostichus","Morphnosoma","melanarius","melanarius","Pterostichus melanarius melanarius","Illiger","subspecies",,"M",,"Lindroth, C. H. 1969. The ground-beetles (Carabidae, excl. Cicindelinae) of Canada and Alaska, parts 1-6. Opuscula E. Entomoligiska Sallskapet.","Kipling Will","Essig Museum of Entomology",,"No known compromise","N",,
"6796bf16-1f9d-4f0d-bd21-1e84f21403fa","UNDE_012.basePlot.bet","D05","UNDE","UNDE_012","2015-06-08","2015-06-22","2017-01-15","NEON.BET.D05.000511","PTEMEL","Animalia","Arthropoda","Insecta","Coleoptera","Carabidae","Harpalinae","Pterostichini","Pterostichus","Morphnosoma","melanarius","melanarius","Pterostichus melanarius melanarius","Illiger","subspecies",,"F",,"Lindroth, C. H. 1969. The ground-beetles (Carabidae, excl. Cicindelinae) of Canada and Alaska, parts 1-6. Opuscula E. Entomoligiska Sallskapet.","Kipling Will","Essig Museum of Entomology",,"No known compromise","N",,
"a19276ae-91a8-4ee0-8f35-91e27e593294","UNDE_017.basePlot.bet","D05","UNDE","UNDE_017","2015-06-08","2015-06-22","2017-01-15","NEON.BET.D05.000551","CALGRE","Animalia","Arthropoda","Insecta","Coleoptera","Carabidae","Harpalinae","Sphodrini","Calathus","Neocalathus","gregarius",,"Calathus gregarius","Say","species",,"F",,"Lindroth, C. H. 1969. The ground-beetles (Carabidae, excl. Cicindelinae) of Canada and Alaska, parts 1-6. Opuscula E. Entomoligiska Sallskapet.","Kipling Will","Essig Museum of Entomology",,"No known compromise","N",,
"a3024bfa-b1b1-457c-8199-be0acd742b05","UNDE_010.basePlot.bet","D05","UNDE","UNDE_010","2015-06-08","2015-06-22","2017-01-15","NEON.BET.D05.000571","CARNEM","Animalia","Arthropoda","Insecta","Coleoptera","Carabidae","Carabinae","Carabini","Carabus","Archicarabus","nemoralis","nemoralis","Carabus nemoralis nemoralis","Mueller","subspecies",,"M",,"Lindroth, C. H. 1969. The ground-beetles (Carabidae, excl. Cicindelinae) of Canada and Alaska, parts 1-6. Opuscula E. Entomoligiska Sallskapet.","Kipling Will","Essig Museum of Entomology",,"No known compromise","N",,
"3029eae0-5f94-4d68-9f64-6b8bbbd02848","UNDE_006.basePlot.bet","D05","UNDE","UNDE_006","2015-06-08","2015-06-22","2017-01-15","NEON.BET.D05.000633","PTETRI3","Animalia","Arthropoda","Insecta","Coleoptera","Carabidae","Harpalinae","Pterostichini","Pterostichus","Hypherpes","tristis",,"Pterostichus tristis","Dejean","species",,"F",,"Lindroth, C. H. 1969. The ground-beetles (Carabidae, excl. Cicindelinae) of Canada and Alaska, parts 1-6. Opuscula E. Entomoligiska Sallskapet.","Kipling Will","Essig Museum of Entomology",,"No known compromise","N",,
"d146243d-404e-4476-bd90-32b759d33f34","UNDE_011.basePlot.bet","D05","UNDE","UNDE_011","2015-06-08","2015-06-22","2017-01-15","NEON.BET.D05.000617","PLADEC","Animalia","Arthropoda","Insecta","Coleoptera","Carabidae","Harpalinae","Platynini","Platynus","Platynus","decentis",,"Platynus decentis","Say","species",,"M",,"Liebherr, J. K., and K. W. Will. 1996. New North American Platynus Bonelli (Coleoptera: Carabidae), a key to species north of Mexico, and notes on species from the southwestern United States. The Coleopterists Bulletin 50:301-320.","Kipling Will","Essig Museum of Entomology",,"No known compromise","N",,
"c7ce1b95-2912-49b5-ad06-d64367328500","UNDE_017.basePlot.bet","D05","UNDE","UNDE_017","2015-06-08","2015-06-22","2017-01-15","NEON.BET.D05.000626","PLADEC","Animalia","Arthropoda","Insecta","Coleoptera","Carabidae","Harpalinae","Platynini","Platynus","Platynus","decentis",,"Platynus decentis","Say","species",,"F",,"Liebherr, J. K., and K. W. Will. 1996. New North American Platynus Bonelli (Coleoptera: Carabidae), a key to species north of Mexico, and notes on species from the southwestern United States. The Coleopterists Bulletin 50:301-320.","Kipling Will","Essig Museum of Entomology",,"No known compromise","N",,
"f585aa93-ab71-455d-8711-ffb0064ea2d5","UNDE_017.basePlot.bet","D05","UNDE","UNDE_017","2015-06-08","2015-06-22","2017-01-15","NEON.BET.D05.000644","PTELUC","Animalia","Arthropoda","Insecta","Coleoptera","Carabidae","Harpalinae","Pterostichini","Pterostichus","Pseudomaseus","luctuosus",,"Pterostichus luctuosus","Dejean","species",,"F",,"Lindroth, C. H. 1969. The ground-beetles (Carabidae, excl. Cicindelinae) of Canada and Alaska, parts 1-6. Opuscula E. Entomoligiska Sallskapet.","Kipling Will","Essig Museum of Entomology",,"No known compromise","N",,
"6ab254cc-b3fd-4091-9230-e3645ed9e342","UNDE_017.basePlot.bet","D05","UNDE","UNDE_017","2015-06-08","2015-06-22","2017-01-15","NEON.BET.D05.000634","PTETRI3","Animalia","Arthropoda","Insecta","Coleoptera","Carabidae","Harpalinae","Pterostichini","Pterostichus","Hypherpes","tristis",,"Pterostichus tristis","Dejean","species",,"F",,"Lindroth, C. H. 1969. The ground-beetles (Carabidae, excl. Cicindelinae) of Canada and Alaska, parts 1-6. Opuscula E. Entomoligiska Sallskapet.","Kipling Will","Essig Museum of Entomology",,"No known compromise","N",,
"bee6d761-ce48-4f61-aa7c-f79af0e027d2","UNDE_003.basePlot.bet","D05","UNDE","UNDE_003","2015-06-08","2015-06-22","2017-01-15","NEON.BET.D05.000642","PTELUC","Animalia","Arthropoda","Insecta","Coleoptera","Carabidae","Harpalinae","Pterostichini","Pterostichus","Pseudomaseus","luctuosus",,"Pterostichus luctuosus","Dejean","species",,"M",,"Lindroth, C. H. 1969. The ground-beetles (Carabidae, excl. Cicindelinae) of Canada and Alaska, parts 1-6. Opuscula E. Entomoligiska Sallskapet.","Kipling Will","Essig Museum of Entomology",,"No known compromise","N",,
"a2a553b2-75e1-4984-b66e-8277760234a7","UNDE_007.basePlot.bet","D05","UNDE","UNDE_007","2015-06-08","2015-06-22","2017-01-15","NEON.BET.D05.000619","PLADEC","Animalia","Arthropoda","Insecta","Coleoptera","Carabidae","Harpalinae","Platynini","Platynus","Platynus","decentis",,"Platynus decentis","Say","species",,"F",,"Liebherr, J. K., and K. W. Will. 1996. New North American Platynus Bonelli (Coleoptera: Carabidae), a key to species north of Mexico, and notes on species from the southwestern United States. The Coleopterists Bulletin 50:301-320.","Kipling Will","Essig Museum of Entomology",,"No known compromise","N",,
"8e6a26f9-1f9c-4822-be0a-7f863ad77c13","UNDE_010.basePlot.bet","D05","UNDE","UNDE_010","2015-06-08","2015-06-22","2017-01-15","NEON.BET.D05.000608","PLADEC","Animalia","Arthropoda","Insecta","Coleoptera","Carabidae","Harpalinae","Platynini","Platynus","Platynus","decentis",,"Platynus decentis","Say","species",,"F",,"Liebherr, J. K., and K. W. Will. 1996. New North American Platynus Bonelli (Coleoptera: Carabidae), a key to species north of Mexico, and notes on species from the southwestern United States. The Coleopterists Bulletin 50:301-320.","Kipling Will","Essig Museum of Entomology",,"No known compromise","N",,
"91085dfd-9215-44a9-81be-ace55b7a8d79","UNDE_010.basePlot.bet","D05","UNDE","UNDE_010","2015-06-08","2015-06-22","2017-01-15","NEON.BET.D05.000641","PTELUC","Animalia","Arthropoda","Insecta","Coleoptera","Carabidae","Harpalinae","Pterostichini","Pterostichus","Pseudomaseus","luctuosus",,"Pterostichus luctuosus","Dejean","species",,"M",,"Lindroth, C. H. 1969. The ground-beetles (Carabidae, excl. Cicindelinae) of Canada and Alaska, parts 1-6. Opuscula E. Entomoligiska Sallskapet.","Kipling Will","Essig Museum of Entomology",,"No known compromise","N",,
"8c22bd73-d9af-4bca-929a-2663d6f8d85e","UNDE_010.basePlot.bet","D05","UNDE","UNDE_010","2015-06-08","2015-06-22","2017-01-15","NEON.BET.D05.000614","PLADEC","Animalia","Arthropoda","Insecta","Coleoptera","Carabidae","Harpalinae","Platynini","Platynus","Platynus","decentis",,"Platynus decentis","Say","species",,"F",,"Liebherr, J. K., and K. W. Will. 1996. New North American Platynus Bonelli (Coleoptera: Carabidae), a key to species north of Mexico, and notes on species from the southwestern United States. The Coleopterists Bulletin 50:301-320.","Kipling Will","Essig Museum of Entomology",,"No known compromise","N",,
"8020ac0a-2a78-4a09-91a0-16a61920ad6f","UNDE_010.basePlot.bet","D05","UNDE","UNDE_010","2015-06-08","2015-06-22","2017-01-15","NEON.BET.D05.000607","PLADEC","Animalia","Arthropoda","Insecta","Coleoptera","Carabidae","Harpalinae","Platynini","Platynus","Platynus","decentis",,"Platynus decentis","Say","species",,"F",,"Liebherr, J. K., and K. W. Will. 1996. New North American Platynus Bonelli (Coleoptera: Carabidae), a key to species north of Mexico, and notes on species from the southwestern United States. The Coleopterists Bulletin 50:301-320.","Kipling Will","Essig Museum of Entomology",,"No known compromise","N",,
"efd5f771-37d1-463c-9983-0bb4e8b9e26d","UNDE_007.basePlot.bet","D05","UNDE","UNDE_007","2015-06-08","2015-06-22","2017-01-15","NEON.BET.D05.000672","CALGRE","Animalia","Arthropoda","Insecta","Coleoptera","Carabidae","Harpalinae","Sphodrini","Calathus","Neocalathus","gregarius",,"Calathus gregarius","Say","species",,"F",,"Lindroth, C. H. 1969. The ground-beetles (Carabidae, excl. Cicindelinae) of Canada and Alaska, parts 1-6. Opuscula E. Entomoligiska Sallskapet.","Kipling Will","Essig Museum of Entomology",,"No known compromise","N",,
"56530788-acf9-4b81-af2f-351c53d9669c","UNDE_003.basePlot.bet","D05","UNDE","UNDE_003","2015-06-08","2015-06-22","2017-01-15","NEON.BET.D05.000688","PTELUC","Animalia","Arthropoda","Insecta","Coleoptera","Carabidae","Harpalinae","Pterostichini","Pterostichus","Pseudomaseus","luctuosus",,"Pterostichus luctuosus","Dejean","species",,"M",,"Lindroth, C. H. 1969. The ground-beetles (Carabidae, excl. Cicindelinae) of Canada and Alaska, parts 1-6. Opuscula E. Entomoligiska Sallskapet.","Kipling Will","Essig Museum of Entomology",,"No known compromise","N",,
"be3d2d6b-44cd-43bb-b5d3-e6a1847a33a8","UNDE_003.basePlot.bet","D05","UNDE","UNDE_003","2015-06-08","2015-06-22","2017-01-15","NEON.BET.D05.000687","PTELUC","Animalia","Arthropoda","Insecta","Coleoptera","Carabidae","Harpalinae","Pterostichini","Pterostichus","Pseudomaseus","luctuosus",,"Pterostichus luctuosus","Dejean","species",,"M",,"Lindroth, C. H. 1969. The ground-beetles (Carabidae, excl. Cicindelinae) of Canada and Alaska, parts 1-6. Opuscula E. Entomoligiska Sallskapet.","Kipling Will","Essig Museum of Entomology",,"No known compromise","N",,
"f43ef098-8f64-4b07-be66-9c04203d8ff2","UNDE_007.basePlot.bet","D05","UNDE","UNDE_007","2015-06-08","2015-06-22","2017-01-15","NEON.BET.D05.000691","PTELUC","Animalia","Arthropoda","Insecta","Coleoptera","Carabidae","Harpalinae","Pterostichini","Pterostichus","Pseudomaseus","luctuosus",,"Pterostichus luctuosus","Dejean","species",,"F",,"Lindroth, C. H. 1969. The ground-beetles (Carabidae, excl. Cicindelinae) of Canada and Alaska, parts 1-6. Opuscula E. Entomoligiska Sallskapet.","Kipling Will","Essig Museum of Entomology",,"No known compromise","N",,
"e2edef90-ae2f-49b9-9090-635b8867749b","UNDE_001.basePlot.bet","D05","UNDE","UNDE_001","2015-06-08","2015-06-22","2017-01-15","NEON.BET.D05.000651","SPHSTE1","Animalia","Arthropoda","Insecta","Coleoptera","Carabidae","Carabinae","Cychrini","Sphaeroderus",,"stenostomus","lecontei","Sphaeroderus stenostomus lecontei","Dejean","subspecies",,"M",,"Lindroth, C. H. 1969. The ground-beetles (Carabidae, excl. Cicindelinae) of Canada and Alaska, parts 1-6. Opuscula E. Entomoligiska Sallskapet.","Kipling Will","Essig Museum of Entomology",,"No known compromise","N",,
"f894f056-7151-4e00-bfbb-1dda418e0f49","UNDE_001.basePlot.bet","D05","UNDE","UNDE_001","2015-06-08","2015-06-22","2017-01-15","NEON.BET.D05.000653","SPHSTE1","Animalia","Arthropoda","Insecta","Coleoptera","Carabidae","Carabinae","Cychrini","Sphaeroderus",,"stenostomus","lecontei","Sphaeroderus stenostomus lecontei","Dejean","subspecies",,"F",,"Lindroth, C. H. 1969. The ground-beetles (Carabidae, excl. Cicindelinae) of Canada and Alaska, parts 1-6. Opuscula E. Entomoligiska Sallskapet.","Kipling Will","Essig Museum of Entomology",,"No known compromise","N",,
"aff46732-ddd8-4e46-b41c-c7d740a5812a","UNDE_001.basePlot.bet","D05","UNDE","UNDE_001","2015-06-08","2015-06-22","2017-01-15","NEON.BET.D05.000652","SPHSTE1","Animalia","Arthropoda","Insecta","Coleoptera","Carabidae","Carabinae","Cychrini","Sphaeroderus",,"stenostomus","lecontei","Sphaeroderus stenostomus lecontei","Dejean","subspecies",,"F",,"Lindroth, C. H. 1969. The ground-beetles (Carabidae, excl. Cicindelinae) of Canada and Alaska, parts 1-6. Opuscula E. Entomoligiska Sallskapet.","Kipling Will","Essig Museum of Entomology",,"No known compromise","N",,
"8b4e7893-ea28-413e-863b-1ac86d3ee72e","UNDE_011.basePlot.bet","D05","UNDE","UNDE_011","2015-06-08","2015-06-22","2017-01-15","NEON.BET.D05.000693","PTEPEN","Animalia","Arthropoda","Insecta","Coleoptera","Carabidae","Harpalinae","Pterostichini","Pterostichus","Bothriopterus","pensylvanicus",,"Pterostichus pensylvanicus","LeConte","species",,"F",,"Lindroth, C. H. 1969. The ground-beetles (Carabidae, excl. Cicindelinae) of Canada and Alaska, parts 1-6. Opuscula E. Entomoligiska Sallskapet.","Kipling Will","Essig Museum of Entomology",,"No known compromise","N",,
"26cdda70-1d46-4fe3-a514-cffd50c424c1","UNDE_011.basePlot.bet","D05","UNDE","UNDE_011","2015-06-08","2015-06-22","2017-01-15","NEON.BET.D05.000665","SPHSTE1","Animalia","Arthropoda","Insecta","Coleoptera","Carabidae","Carabinae","Cychrini","Sphaeroderus",,"stenostomus","lecontei","Sphaeroderus stenostomus lecontei","Dejean","subspecies",,"M",,"Lindroth, C. H. 1969. The ground-beetles (Carabidae, excl. Cicindelinae) of Canada and Alaska, parts 1-6. Opuscula E. Entomoligiska Sallskapet.","Kipling Will","Essig Museum of Entomology",,"No known compromise","N",,
"070bc445-705e-4ea0-af3a-013c1eb19c84","UNDE_011.basePlot.bet","D05","UNDE","UNDE_011","2015-06-08","2015-06-22","2017-01-15","NEON.BET.D05.000692","PTEPEN","Animalia","Arthropoda","Insecta","Coleoptera","Carabidae","Harpalinae","Pterostichini","Pterostichus","Bothriopterus","pensylvanicus",,"Pterostichus pensylvanicus","LeConte","species",,"M",,"Lindroth, C. H. 1969. The ground-beetles (Carabidae, excl. Cicindelinae) of Canada and Alaska, parts 1-6. Opuscula E. Entomoligiska Sallskapet.","Kipling Will","Essig Museum of Entomology",,"No known compromise","N",,
"8e921d81-833a-46d2-ba38-5d5f68b7760d","UNDE_011.basePlot.bet","D05","UNDE","UNDE_011","2015-06-08","2015-06-22","2017-01-15","NEON.BET.D05.000647","PTELUC","Animalia","Arthropoda","Insecta","Coleoptera","Carabidae","Harpalinae","Pterostichini","Pterostichus","Pseudomaseus","luctuosus",,"Pterostichus luctuosus","Dejean","species",,"M",,"Lindroth, C. H. 1969. The ground-beetles (Carabidae, excl. Cicindelinae) of Canada and Alaska, parts 1-6. Opuscula E. Entomoligiska Sallskapet.","Kipling Will","Essig Museum of Entomology",,"No known compromise","N",,
"be4a41e2-c5e4-411f-ad0a-281680d66995","UNDE_011.basePlot.bet","D05","UNDE","UNDE_011","2015-06-08","2015-06-22","2017-01-15","NEON.BET.D05.000662","SPHSTE1","Animalia","Arthropoda","Insecta","Coleoptera","Carabidae","Carabinae","Cychrini","Sphaeroderus",,"stenostomus","lecontei","Sphaeroderus stenostomus lecontei","Dejean","subspecies",,"F",,"Lindroth, C. H. 1969. The ground-beetles (Carabidae, excl. Cicindelinae) of Canada and Alaska, parts 1-6. Opuscula E. Entomoligiska Sallskapet.","Kipling Will","Essig Museum of Entomology",,"No known compromise","N",,
"8767ec69-a063-4c60-a23a-8e10fa36fd70","UNDE_017.basePlot.bet","D05","UNDE","UNDE_017","2015-06-08","2015-06-22","2017-01-15","NEON.BET.D05.000253","PTEPEN","Animalia","Arthropoda","Insecta","Coleoptera","Carabidae","Harpalinae","Pterostichini","Pterostichus","Bothriopterus","pensylvanicus",,"Pterostichus pensylvanicus","LeConte","species",,"M",,"Lindroth, C. H. 1969. The ground-beetles (Carabidae, excl. Cicindelinae) of Canada and Alaska, parts 1-6. Opuscula E. Entomoligiska Sallskapet.","Kipling Will","Essig Museum of Entomology",,"No known compromise","N",,
