uid,namedLocation,domainID,siteID,plotID,setDate,collectDate,identifiedDate,individualID,taxonID,kingdom,phylum,class,order,family,subfamily,tribe,genus,subgenus,specificEpithet,infraspecificEpithet,scientificName,scientificNameAuthorship,taxonRank,identificationQualifier,sex,morphospeciesID,identificationReferences,identifiedBy,laboratoryName,identificationRemarks,sampleCondition,dnaBarcoded,geneticSampleID,remarks
"890c8a28-85a6-4463-b3d1-aa6d34147a3c","WOOD_003.basePlot.bet","D09","WOOD","WOOD_003","2014-05-21","2014-06-04","2016-11-15","NEON.BET.D09.000409","AMACOE","Animalia","Arthropoda","Insecta","Coleoptera","Carabidae","Harpalinae","Zabrini","Amara","Amara","coelebs",,"Amara coelebs","Hayward","species",,"M",,"Lindroth, C. H. 1969. The ground-beetles (Carabidae, excl. Cicindelinae) of Canada and Alaska, parts 1-6. Opuscula E. Entomoligiska Sallskapet.","Robert L. Davidson","Carnegie Museum of Invertebrate Zoology",,"No known compromise","N",,"specimen badly damaged in pinning or shipping"
"fed76d9a-4334-490d-b44a-54383356b72d","WOOD_004.basePlot.bet","D09","WOOD","WOOD_004","2014-05-21","2014-06-04","2016-11-15","NEON.BET.D09.000411","AMATEN1","Animalia","Arthropoda","Insecta","Coleoptera","Carabidae","Harpalinae","Zabrini","Amara","Amara","tenax",,"Amara tenax","Casey","species",,"M",,"Hieke, F. 2003. Die Gruppe der Amara (Amara) cupreolata Putzeys 1866 (Coleoptera: Carabidae). Linzer Biologische BeitrÃ¤ge 35:201-216.","Robert L. Davidson","Carnegie Museum of Invertebrate Zoology","male genitalia examined","No known compromise","N",,
"bb547422-22bf-4c53-a036-13c2f33c36be","WOOD_023.basePlot.bet","D09","WOOD","WOOD_023","2014-05-21","2014-06-04","2016-11-11","NEON.BET.D09.000404","BRALEC","Animalia","Arthropoda","Insecta","Coleoptera","Carabidae","Harpalinae","Harpalini","Bradycellus","Catharellus","lecontei",,"Bradycellus lecontei","Csiki","species",,"F",,"Lindroth, C. H. 1969. The ground-beetles (Carabidae, excl. Cicindelinae) of Canada and Alaska, parts 1-6. Opuscula E. Entomoligiska Sallskapet.","Robert L. Davidson","Carnegie Museum of Invertebrate Zoology",,"No known compromise","N",,
"3aa25781-031b-4d31-83e9-ab93a1494acc","WOOD_007.basePlot.bet","D09","WOOD","WOOD_007","2014-05-21","2014-06-04","2016-11-15","NEON.BET.D09.000405","AMATEN1","Animalia","Arthropoda","Insecta","Coleoptera","Carabidae","Harpalinae","Zabrini","Amara","Amara","tenax",,"Amara tenax","Casey","species",,"F",,"Hieke, F. 2003. Die Gruppe der Amara (Amara) cupreolata Putzeys 1866 (Coleoptera: Carabidae). Linzer Biologische BeitrÃ¤ge 35:201-216.","Robert L. Davidson","Carnegie Museum of Invertebrate Zoology",,"No known compromise","N",,
"a5981929-5c2b-4baf-8361-f60d20f47424","WOOD_021.basePlot.bet","D09","WOOD","WOOD_021","2014-05-21","2014-06-04","2016-11-11","NEON.BET.D09.000392","BADGRA","Animalia","Arthropoda","Insecta","Coleoptera","Carabidae","Harpalinae","Licinini","Badister","Baudia","grandiceps",,"Badister grandiceps","Casey","species",,"F",,"Lindroth, C. H. 1969. The ground-beetles (Carabidae, excl. Cicindelinae) of Canada and Alaska, parts 1-6. Opuscula E. Entomoligiska Sallskapet.","Robert L. Davidson","Carnegie Museum of Invertebrate Zoology",,"No known compromise","N",,
"250e26bb-b0ea-4679-87bf-35c4f835e1aa","WOOD_021.basePlot.bet","D09","WOOD","WOOD_021","2014-05-21","2014-06-04","2016-11-11","NEON.BET.D09.000375","ACUNAN","Animalia","Arthropoda","Insecta","Coleoptera","Carabidae","Harpalinae","Harpalini","Acupalpus","Acupalpus","nanellus",,"Acupalpus nanellus","Casey","species",,"F",,"Lindroth, C. H. 1969. The ground-beetles (Carabidae, excl. Cicindelinae) of Canada and Alaska, parts 1-6. Opuscula E. Entomoligiska Sallskapet.","Robert L. Davidson","Carnegie Museum of Invertebrate Zoology",,"No known compromise","N",,
"8abce27e-67f5-4f5e-a32d-eea4cbe8e4d0","WOOD_021.basePlot.bet","D09","WOOD","WOOD_021","2014-05-21","2014-06-04","2016-11-10","NEON.BET.D09.000462","BEMROO","Animalia","Arthropoda","Insecta","Coleoptera","Carabidae","Trechinae","Bembidiini","Bembidion","Semicampa","roosevelti",,"Bembidion roosevelti","Pic","species",,"M",,"Bousquet, Y., and R. Webster. 2006.  Descriptions of three new species of Bembidion Latreille (Coleoptera: Carabidae) occurring in Canada. Zootaxa 1297:23-35.","Robert L. Davidson","Carnegie Museum of Invertebrate Zoology",,"No known compromise","N",,
"0ca17d16-97bd-4979-accb-5239dd0eaf34","WOOD_021.basePlot.bet","D09","WOOD","WOOD_021","2014-05-21","2014-06-04","2016-11-11","NEON.BET.D09.000465","BEMCAN","Animalia","Arthropoda","Insecta","Coleoptera","Carabidae","Trechinae","Bembidiini","Bembidion","Trepanedoris","canadianum",,"Bembidion canadianum","Casey","species",,"M",,"Lindroth, C. H. 1969. The ground-beetles (Carabidae, excl. Cicindelinae) of Canada and Alaska, parts 1-6. Opuscula E. Entomoligiska Sallskapet.","Robert L. Davidson","Carnegie Museum of Invertebrate Zoology","head and prothorax missing","sample incomplete","N",,"head and prothorax missing"
"6fcca37d-9ff5-4ec6-85b9-b18c51565da3","WOOD_021.basePlot.bet","D09","WOOD","WOOD_021","2014-05-21","2014-06-04","2016-11-11","NEON.BET.D09.000464","BEMCAN","Animalia","Arthropoda","Insecta","Coleoptera","Carabidae","Trechinae","Bembidiini","Bembidion","Trepanedoris","canadianum",,"Bembidion canadianum","Casey","species",,"F",,"Lindroth, C. H. 1969. The ground-beetles (Carabidae, excl. Cicindelinae) of Canada and Alaska, parts 1-6. Opuscula E. Entomoligiska Sallskapet.","Robert L. Davidson","Carnegie Museum of Invertebrate Zoology",,"No known compromise","N",,
"3e711ef9-b1f6-4d9c-9f30-00943dbde750","WOOD_021.basePlot.bet","D09","WOOD","WOOD_021","2014-05-21","2014-06-04","2016-11-11","NEON.BET.D09.000466","BEMCAN","Animalia","Arthropoda","Insecta","Coleoptera","Carabidae","Trechinae","Bembidiini","Bembidion","Trepanedoris","canadianum",,"Bembidion canadianum","Casey","species",,"M",,"Lindroth, C. H. 1969. The ground-beetles (Carabidae, excl. Cicindelinae) of Canada and Alaska, parts 1-6. Opuscula E. Entomoligiska Sallskapet.","Robert L. Davidson","Carnegie Museum of Invertebrate Zoology",,"No known compromise","N",,
"3890312f-f0e6-4547-ac09-6029333dbaea","WOOD_021.basePlot.bet","D09","WOOD","WOOD_021","2014-05-21","2014-06-04","2016-11-15","NEON.BET.D09.000427","AMANEO1","Animalia","Arthropoda","Insecta","Coleoptera","Carabidae","Harpalinae","Zabrini","Amara","Amara","neoscotica",,"Amara neoscotica","Casey","species",,"M",,"Hieke, F. 2003. Die Gruppe der Amara (Amara) cupreolata Putzeys 1866 (Coleoptera: Carabidae). Linzer Biologische BeitrÃ¤ge 35:201-216.","Robert L. Davidson","Carnegie Museum of Invertebrate Zoology",,"No known compromise","N",,
"0c037188-63c2-4e65-acde-933f5494de17","WOOD_021.basePlot.bet","D09","WOOD","WOOD_021","2014-05-21","2014-06-04","2016-11-11","NEON.BET.D09.000463","BEMCAN","Animalia","Arthropoda","Insecta","Coleoptera","Carabidae","Trechinae","Bembidiini","Bembidion","Trepanedoris","canadianum",,"Bembidion canadianum","Casey","species",,"M",,"Lindroth, C. H. 1969. The ground-beetles (Carabidae, excl. Cicindelinae) of Canada and Alaska, parts 1-6. Opuscula E. Entomoligiska Sallskapet.","Robert L. Davidson","Carnegie Museum of Invertebrate Zoology",,"No known compromise","N",,
"b5332e71-5cae-4e88-964b-b392155f2e06","WOOD_007.basePlot.bet","D09","WOOD","WOOD_007","2014-05-21","2014-06-04","2016-11-08","NEON.BET.D09.000461","POELUC","Animalia","Arthropoda","Insecta","Coleoptera","Carabidae","Harpalinae","Pterostichini","Poecilus","Poecilus","lucublandus",,"Poecilus lucublandus","Say","species",,"F",,"Lindroth, C. H. 1969. The ground-beetles (Carabidae, excl. Cicindelinae) of Canada and Alaska, parts 1-6. Opuscula E. Entomoligiska Sallskapet.","Robert L. Davidson","Carnegie Museum of Invertebrate Zoology",,"No known compromise","N",,
"6f0d3c10-be32-4bd9-836d-71387a0154ca","WOOD_002.basePlot.bet","D09","WOOD","WOOD_002","2014-05-21","2014-06-04","2016-11-09","NEON.BET.D09.000450","PTEFEM","Animalia","Arthropoda","Insecta","Coleoptera","Carabidae","Harpalinae","Pterostichini","Pterostichus","Phonias","femoralis",,"Pterostichus femoralis","Kirby","species",,"F",,"Lindroth, C. H. 1969. The ground-beetles (Carabidae, excl. Cicindelinae) of Canada and Alaska, parts 1-6. Opuscula E. Entomoligiska Sallskapet.","Robert L. Davidson","Carnegie Museum of Invertebrate Zoology",,"No known compromise","N",,
"4bcedad3-cd89-489a-abec-b66622cfeefe","WOOD_002.basePlot.bet","D09","WOOD","WOOD_002","2014-05-21","2014-06-04","2016-11-09","NEON.BET.D09.000451","PTEFEM","Animalia","Arthropoda","Insecta","Coleoptera","Carabidae","Harpalinae","Pterostichini","Pterostichus","Phonias","femoralis",,"Pterostichus femoralis","Kirby","species",,"M",,"Lindroth, C. H. 1969. The ground-beetles (Carabidae, excl. Cicindelinae) of Canada and Alaska, parts 1-6. Opuscula E. Entomoligiska Sallskapet.","Robert L. Davidson","Carnegie Museum of Invertebrate Zoology",,"No known compromise","N",,
"59019a16-4439-45e0-866b-a7b50f751748","WOOD_007.basePlot.bet","D09","WOOD","WOOD_007","2014-05-21","2014-06-04","2016-11-09","NEON.BET.D09.000454","PTEFEM","Animalia","Arthropoda","Insecta","Coleoptera","Carabidae","Harpalinae","Pterostichini","Pterostichus","Phonias","femoralis",,"Pterostichus femoralis","Kirby","species",,"F",,"Lindroth, C. H. 1969. The ground-beetles (Carabidae, excl. Cicindelinae) of Canada and Alaska, parts 1-6. Opuscula E. Entomoligiska Sallskapet.","Robert L. Davidson","Carnegie Museum of Invertebrate Zoology",,"No known compromise","N",,
"d0c83247-06a6-4119-be76-200607e8c906","WOOD_002.basePlot.bet","D09","WOOD","WOOD_002","2014-05-21","2014-06-04","2016-11-09","NEON.BET.D09.000449","PTEFEM","Animalia","Arthropoda","Insecta","Coleoptera","Carabidae","Harpalinae","Pterostichini","Pterostichus","Phonias","femoralis",,"Pterostichus femoralis","Kirby","species",,"M",,"Lindroth, C. H. 1969. The ground-beetles (Carabidae, excl. Cicindelinae) of Canada and Alaska, parts 1-6. Opuscula E. Entomoligiska Sallskapet.","Robert L. Davidson","Carnegie Museum of Invertebrate Zoology","head and prothorax missing","sample incomplete","N",,"head and prothorax missing"
"d95adb2b-3fb7-4467-afac-271dd2443980","WOOD_001.basePlot.bet","D09","WOOD","WOOD_001","2014-05-21","2014-06-04","2016-11-15","NEON.BET.D09.000423","AMALUN","Animalia","Arthropoda","Insecta","Coleoptera","Carabidae","Harpalinae","Zabrini","Amara","Amara","lunicollis",,"Amara lunicollis","Schiodte","species",,"F",,"Lindroth, C. H. 1969. The ground-beetles (Carabidae, excl. Cicindelinae) of Canada and Alaska, parts 1-6. Opuscula E. Entomoligiska Sallskapet.","Robert L. Davidson","Carnegie Museum of Invertebrate Zoology",,"No known compromise","N",,
"8272fb14-eb01-4879-b730-a81723b52a5c","WOOD_001.basePlot.bet","D09","WOOD","WOOD_001","2014-05-21","2014-06-04","2016-11-11","NEON.BET.D09.000438","ACUCAN","Animalia","Arthropoda","Insecta","Coleoptera","Carabidae","Harpalinae","Harpalini","Acupalpus","Acupalpus","canadensis",,"Acupalpus canadensis","Casey","species",,"M",,"Lindroth, C. H. 1969. The ground-beetles (Carabidae, excl. Cicindelinae) of Canada and Alaska, parts 1-6. Opuscula E. Entomoligiska Sallskapet.","Robert L. Davidson","Carnegie Museum of Invertebrate Zoology",,"No known compromise","N",,
"44921014-1247-4b5f-bc03-3d95407051c8","WOOD_001.basePlot.bet","D09","WOOD","WOOD_001","2014-05-21","2014-06-04","2016-11-10","NEON.BET.D09.000440","BEMRAP","Animalia","Arthropoda","Insecta","Coleoptera","Carabidae","Trechinae","Bembidiini","Bembidion","Notaphus","rapidum",,"Bembidion rapidum","LeConte","species",,"M",,"Lindroth, C. H. 1969. The ground-beetles (Carabidae, excl. Cicindelinae) of Canada and Alaska, parts 1-6. Opuscula E. Entomoligiska Sallskapet.","Robert L. Davidson","Carnegie Museum of Invertebrate Zoology","head and prothorax missing","sample incomplete","N",,"head and prothorax missing"
"a8d589c5-d87e-4277-a951-c0d1239aeebd","WOOD_004.basePlot.bet","D09","WOOD","WOOD_004","2014-05-21","2014-06-04","2016-11-09","NEON.BET.D09.000452","PTEFEM","Animalia","Arthropoda","Insecta","Coleoptera","Carabidae","Harpalinae","Pterostichini","Pterostichus","Phonias","femoralis",,"Pterostichus femoralis","Kirby","species",,"F",,"Lindroth, C. H. 1969. The ground-beetles (Carabidae, excl. Cicindelinae) of Canada and Alaska, parts 1-6. Opuscula E. Entomoligiska Sallskapet.","Robert L. Davidson","Carnegie Museum of Invertebrate Zoology",,"No known compromise","N",,
"a81bacc6-b3f8-408a-a630-f6b2ae5e6df3","WOOD_004.basePlot.bet","D09","WOOD","WOOD_004","2014-05-21","2014-06-04","2016-11-09","NEON.BET.D09.000453","PTEFEM","Animalia","Arthropoda","Insecta","Coleoptera","Carabidae","Harpalinae","Pterostichini","Pterostichus","Phonias","femoralis",,"Pterostichus femoralis","Kirby","species",,"F",,"Lindroth, C. H. 1969. The ground-beetles (Carabidae, excl. Cicindelinae) of Canada and Alaska, parts 1-6. Opuscula E. Entomoligiska Sallskapet.","Robert L. Davidson","Carnegie Museum of Invertebrate Zoology",,"No known compromise","N",,
"f648265f-f61c-42c7-82dd-e7ebcaca80ae","WOOD_004.basePlot.bet","D09","WOOD","WOOD_004","2014-05-21","2014-06-04","2016-11-15","NEON.BET.D09.000426","AMALIT","Animalia","Arthropoda","Insecta","Coleoptera","Carabidae","Harpalinae","Zabrini","Amara","Amara","littoralis",,"Amara littoralis","Mannerheim","species",,"M",,"Hieke, F. 2000. Revision einiger Gruppen und neue Arten der Gattung Amara Bonelli, 1810 (Coleoptera: Carabidae). Annales Historico-Naturales Musei Nationalis Hungarici 92:41-143.","Robert L. Davidson","Carnegie Museum of Invertebrate Zoology",,"No known compromise","N",,
"9e7a8982-8ac6-4b3d-8e6a-dcaf2eb2d0dd","WOOD_003.basePlot.bet","D09","WOOD","WOOD_003","2014-05-21","2014-06-04","2016-11-15","NEON.BET.D09.000424","AMACOE","Animalia","Arthropoda","Insecta","Coleoptera","Carabidae","Harpalinae","Zabrini","Amara","Amara","coelebs",,"Amara coelebs","Hayward","species",,"F",,"Lindroth, C. H. 1969. The ground-beetles (Carabidae, excl. Cicindelinae) of Canada and Alaska, parts 1-6. Opuscula E. Entomoligiska Sallskapet.","Robert L. Davidson","Carnegie Museum of Invertebrate Zoology",,"No known compromise","N",,
"fe2ab543-4b02-4c27-9ca5-0d9ea9ec5d6e","WOOD_003.basePlot.bet","D09","WOOD","WOOD_003","2014-05-21","2014-06-04","2016-11-11","NEON.BET.D09.000447","HARSOM","Animalia","Arthropoda","Insecta","Coleoptera","Carabidae","Harpalinae","Harpalini","Harpalus","Harpalus","somnulentus",,"Harpalus somnulentus","Dejean","species",,"M",,"Noonan, G. R. 1991. Classification, Cladistics, and Natural History of Native North American Harpalus Latreille (Insecta: Coleoptera: Carabidae: Harpalini), excluding subgenera Glanodes and Pseudophonus.","Robert L. Davidson","Carnegie Museum of Invertebrate Zoology",,"No known compromise","N",,
"9366e1e1-23c9-408f-9903-85cdc47a2887","WOOD_003.basePlot.bet","D09","WOOD","WOOD_003","2014-05-21","2014-06-04","2016-11-10","NEON.BET.D09.000435","BEMMUT","Animalia","Arthropoda","Insecta","Coleoptera","Carabidae","Trechinae","Bembidiini","Bembidion","Bembidion","mutatum",,"Bembidion mutatum","Gemminger and Harold","species",,"F",,"Lindroth, C. H. 1969. The ground-beetles (Carabidae, excl. Cicindelinae) of Canada and Alaska, parts 1-6. Opuscula E. Entomoligiska Sallskapet.","Robert L. Davidson","Carnegie Museum of Invertebrate Zoology","head and prothorax missing","sample incomplete","N",,"head and prothorax missing"
"948adfbc-df1b-46b5-a104-d556c7a4766a","WOOD_003.basePlot.bet","D09","WOOD","WOOD_003","2014-05-21","2014-06-04","2016-11-10","NEON.BET.D09.000436","BEMMUT","Animalia","Arthropoda","Insecta","Coleoptera","Carabidae","Trechinae","Bembidiini","Bembidion","Bembidion","mutatum",,"Bembidion mutatum","Gemminger and Harold","species",,"M",,"Lindroth, C. H. 1969. The ground-beetles (Carabidae, excl. Cicindelinae) of Canada and Alaska, parts 1-6. Opuscula E. Entomoligiska Sallskapet.","Robert L. Davidson","Carnegie Museum of Invertebrate Zoology","head and prothorax missing","sample incomplete","N",,"head and prothorax missing"
"2e6f9889-7f0d-4cd8-af78-cc4c253b02b1","WOOD_003.basePlot.bet","D09","WOOD","WOOD_003","2014-05-21","2014-06-04","2016-11-15","NEON.BET.D09.000425","AMACOE","Animalia","Arthropoda","Insecta","Coleoptera","Carabidae","Harpalinae","Zabrini","Amara","Amara","coelebs",,"Amara coelebs","Hayward","species",,"F",,"Lindroth, C. H. 1969. The ground-beetles (Carabidae, excl. Cicindelinae) of Canada and Alaska, parts 1-6. Opuscula E. Entomoligiska Sallskapet.","Robert L. Davidson","Carnegie Museum of Invertebrate Zoology",,"No known compromise","N",,
"2eefc7b1-d0e6-4b37-b296-200cdf8f841e","WOOD_021.basePlot.bet","D09","WOOD","WOOD_021","2014-05-21","2014-06-04","2016-11-10","NEON.BET.D09.000467","BEMROO","Animalia","Arthropoda","Insecta","Coleoptera","Carabidae","Trechinae","Bembidiini","Bembidion","Semicampa","roosevelti",,"Bembidion roosevelti","Pic","species",,"F",,"Bousquet, Y., and R. Webster. 2006.  Descriptions of three new species of Bembidion Latreille (Coleoptera: Carabidae) occurring in Canada. Zootaxa 1297:23-35.","Robert L. Davidson","Carnegie Museum of Invertebrate Zoology",,"damaged, analysis affected","N",,"badly damaged in shipping"
"6e4dfb81-b818-4f33-be19-837d78cfda6c","WOOD_004.basePlot.bet","D09","WOOD","WOOD_004","2014-05-21","2014-06-04","2016-11-08","NEON.BET.D09.000504","POELUC","Animalia","Arthropoda","Insecta","Coleoptera","Carabidae","Harpalinae","Pterostichini","Poecilus","Poecilus","lucublandus",,"Poecilus lucublandus","Say","species",,"M",,"Lindroth, C. H. 1969. The ground-beetles (Carabidae, excl. Cicindelinae) of Canada and Alaska, parts 1-6. Opuscula E. Entomoligiska Sallskapet.","Robert L. Davidson","Carnegie Museum of Invertebrate Zoology",,"No known compromise","N",,
"8b166ef2-372a-459d-ae37-8bc1de5d4659","WOOD_004.basePlot.bet","D09","WOOD","WOOD_004","2014-05-21","2014-06-04","2016-11-09","NEON.BET.D09.000507","BRACYA2","Animalia","Arthropoda","Insecta","Coleoptera","Carabidae","Brachininae","Brachinini","Brachinus","Neobrachinus","cyanochroaticus",,"Brachinus cyanochroaticus","Erwin","species",,"M",,"Erwin, T. L. 1970a. A Reclassification of Bombardier Beetles and a Taxonomic Revision of the North and Middle American Species (Carabidae: Brachinida). Quaestiones Entomologicae 6:4-215.","Robert L. Davidson","Carnegie Museum of Invertebrate Zoology",,"No known compromise","N",,
"3200e0ea-ecfe-47fd-a5b8-4599c4027919","WOOD_002.basePlot.bet","D09","WOOD","WOOD_002","2014-05-21","2014-06-04","2016-11-08","NEON.BET.D09.000503","POELUC","Animalia","Arthropoda","Insecta","Coleoptera","Carabidae","Harpalinae","Pterostichini","Poecilus","Poecilus","lucublandus",,"Poecilus lucublandus","Say","species",,"F",,"Lindroth, C. H. 1969. The ground-beetles (Carabidae, excl. Cicindelinae) of Canada and Alaska, parts 1-6. Opuscula E. Entomoligiska Sallskapet.","Robert L. Davidson","Carnegie Museum of Invertebrate Zoology",,"No known compromise","N",,
"98294bd8-2cca-4a44-8a89-3a2c7c0d3fe7","WOOD_023.basePlot.bet","D09","WOOD","WOOD_023","2014-05-21","2014-06-04","2016-11-09","NEON.BET.D09.000508","BRACYA2","Animalia","Arthropoda","Insecta","Coleoptera","Carabidae","Brachininae","Brachinini","Brachinus","Neobrachinus","cyanochroaticus",,"Brachinus cyanochroaticus","Erwin","species",,"F",,"Erwin, T. L. 1970a. A Reclassification of Bombardier Beetles and a Taxonomic Revision of the North and Middle American Species (Carabidae: Brachinida). Quaestiones Entomologicae 6:4-215.","Robert L. Davidson","Carnegie Museum of Invertebrate Zoology",,"No known compromise","N",,
"e0a46519-456e-4655-95a9-4789d5a322d5","WOOD_007.basePlot.bet","D09","WOOD","WOOD_007","2014-05-21","2014-06-04","2016-11-11","NEON.BET.D09.000542","HARSOM","Animalia","Arthropoda","Insecta","Coleoptera","Carabidae","Harpalinae","Harpalini","Harpalus","Harpalus","somnulentus",,"Harpalus somnulentus","Dejean","species",,"M",,"Noonan, G. R. 1991. Classification, Cladistics, and Natural History of Native North American Harpalus Latreille (Insecta: Coleoptera: Carabidae: Harpalini), excluding subgenera Glanodes and Pseudophonus.","Robert L. Davidson","Carnegie Museum of Invertebrate Zoology",,"No known compromise","N",,
"8dd4424c-218b-469e-a654-4a227a42b8e8","WOOD_002.basePlot.bet","D09","WOOD","WOOD_002","2014-05-21","2014-06-04","2016-10-13","NEON.BET.D09.000054","PTEMEL","Animalia","Arthropoda","Insecta","Coleoptera","Carabidae","Harpalinae","Pterostichini","Pterostichus","Morphnosoma","melanarius","melanarius","Pterostichus melanarius melanarius","Illiger","subspecies",,"F",,"Lindroth, C. H. 1969. The ground-beetles (Carabidae, excl. Cicindelinae) of Canada and Alaska, parts 1-6. Opuscula E. Entomoligiska Sallskapet.","Robert L. Davidson","Carnegie Museum of Invertebrate Zoology",,"No known compromise","N",,
"40a52cbb-f210-4d78-9583-fba66cc9803f","WOOD_023.basePlot.bet","D09","WOOD","WOOD_023","2014-05-21","2014-06-04","2016-10-19","NEON.BET.D09.000197","PTECOR3","Animalia","Arthropoda","Insecta","Coleoptera","Carabidae","Harpalinae","Pterostichini","Pterostichus","Melanius","corvinus",,"Pterostichus corvinus","Dejean","species",,"F",,"Lindroth, C. H. 1969. The ground-beetles (Carabidae, excl. Cicindelinae) of Canada and Alaska, parts 1-6. Opuscula E. Entomoligiska Sallskapet.","Robert L. Davidson","Carnegie Museum of Invertebrate Zoology",,"No known compromise","N",,
"7c1cb975-c0ba-4595-9172-3916f21f7e09","WOOD_023.basePlot.bet","D09","WOOD","WOOD_023","2014-05-21","2014-06-04","2016-10-19","NEON.BET.D09.000198","PTECOR3","Animalia","Arthropoda","Insecta","Coleoptera","Carabidae","Harpalinae","Pterostichini","Pterostichus","Melanius","corvinus",,"Pterostichus corvinus","Dejean","species",,"M",,"Lindroth, C. H. 1969. The ground-beetles (Carabidae, excl. Cicindelinae) of Canada and Alaska, parts 1-6. Opuscula E. Entomoligiska Sallskapet.","Robert L. Davidson","Carnegie Museum of Invertebrate Zoology",,"No known compromise","N",,
"224c4ff6-7db1-4b45-8763-6e62b9c1da99","WOOD_023.basePlot.bet","D09","WOOD","WOOD_023","2014-05-21","2014-06-04","2016-10-28","NEON.BET.D09.000227","CARMAE","Animalia","Arthropoda","Insecta","Coleoptera","Carabidae","Carabinae","Carabini","Carabus","Homoeocarabus","maeander","maeander","Carabus maeander maeander","Fischer von Waldheim","subspecies",,"M",,"Lindroth, C. H. 1969. The ground-beetles (Carabidae, excl. Cicindelinae) of Canada and Alaska, parts 1-6. Opuscula E. Entomoligiska Sallskapet.","Robert L. Davidson","Carnegie Museum of Invertebrate Zoology",,"No known compromise","N",,
"08b2deec-d157-43b4-beae-84c02f47f1f0","WOOD_023.basePlot.bet","D09","WOOD","WOOD_023","2014-05-21","2014-06-04","2016-10-28","NEON.BET.D09.000225","CARMAE","Animalia","Arthropoda","Insecta","Coleoptera","Carabidae","Carabinae","Carabini","Carabus","Homoeocarabus","maeander","maeander","Carabus maeander maeander","Fischer von Waldheim","subspecies",,"F",,"Lindroth, C. H. 1969. The ground-beetles (Carabidae, excl. Cicindelinae) of Canada and Alaska, parts 1-6. Opuscula E. Entomoligiska Sallskapet.","Robert L. Davidson","Carnegie Museum of Invertebrate Zoology",,"No known compromise","N",,
"31cb355d-dbba-4ca8-882d-8de3f3d0161e","WOOD_023.basePlot.bet","D09","WOOD","WOOD_023","2014-05-21","2014-06-04","2016-10-28","NEON.BET.D09.000223","CARMAE","Animalia","Arthropoda","Insecta","Coleoptera","Carabidae","Carabinae","Carabini","Carabus","Homoeocarabus","maeander","maeander","Carabus maeander maeander","Fischer von Waldheim","subspecies",,"M",,"Lindroth, C. H. 1969. The ground-beetles (Carabidae, excl. Cicindelinae) of Canada and Alaska, parts 1-6. Opuscula E. Entomoligiska Sallskapet.","Robert L. Davidson","Carnegie Museum of Invertebrate Zoology",,"No known compromise","N",,
"4a61f4cc-6c59-4fd5-8209-562395fdc950","WOOD_023.basePlot.bet","D09","WOOD","WOOD_023","2014-05-21","2014-06-04","2016-10-28","NEON.BET.D09.000224","CARMAE","Animalia","Arthropoda","Insecta","Coleoptera","Carabidae","Carabinae","Carabini","Carabus","Homoeocarabus","maeander","maeander","Carabus maeander maeander","Fischer von Waldheim","subspecies",,"F",,"Lindroth, C. H. 1969. The ground-beetles (Carabidae, excl. Cicindelinae) of Canada and Alaska, parts 1-6. Opuscula E. Entomoligiska Sallskapet.","Robert L. Davidson","Carnegie Museum of Invertebrate Zoology",,"No known compromise","N",,
"b1efa513-a7bb-40af-92ac-a2c171dbed68","WOOD_023.basePlot.bet","D09","WOOD","WOOD_023","2014-05-21","2014-06-04","2016-10-28","NEON.BET.D09.000226","CARMAE","Animalia","Arthropoda","Insecta","Coleoptera","Carabidae","Carabinae","Carabini","Carabus","Homoeocarabus","maeander","maeander","Carabus maeander maeander","Fischer von Waldheim","subspecies",,"M",,"Lindroth, C. H. 1969. The ground-beetles (Carabidae, excl. Cicindelinae) of Canada and Alaska, parts 1-6. Opuscula E. Entomoligiska Sallskapet.","Robert L. Davidson","Carnegie Museum of Invertebrate Zoology",,"No known compromise","N",,
"4c36c448-11dc-4536-948f-09783d04727a","WOOD_007.basePlot.bet","D09","WOOD","WOOD_007","2014-05-21","2014-06-04","2016-10-28","NEON.BET.D09.000233","CALCAL","Animalia","Arthropoda","Insecta","Coleoptera","Carabidae","Carabinae","Carabini","Calosoma","Chrysostigma","calidum",,"Calosoma calidum","Fabricius","species",,"M",,"Lindroth, C. H. 1969. The ground-beetles (Carabidae, excl. Cicindelinae) of Canada and Alaska, parts 1-6. Opuscula E. Entomoligiska Sallskapet.","Robert L. Davidson","Carnegie Museum of Invertebrate Zoology",,"No known compromise","N",,
"43063ccf-2528-4e3c-964e-2a415c9e6499","WOOD_007.basePlot.bet","D09","WOOD","WOOD_007","2014-05-21","2014-06-04","2016-10-28","NEON.BET.D09.000234","CALCAL","Animalia","Arthropoda","Insecta","Coleoptera","Carabidae","Carabinae","Carabini","Calosoma","Chrysostigma","calidum",,"Calosoma calidum","Fabricius","species",,"M",,"Lindroth, C. H. 1969. The ground-beetles (Carabidae, excl. Cicindelinae) of Canada and Alaska, parts 1-6. Opuscula E. Entomoligiska Sallskapet.","Robert L. Davidson","Carnegie Museum of Invertebrate Zoology",,"No known compromise","N",,
"3a7736f9-16d8-4acf-96de-d635e3cecb80","WOOD_005.basePlot.bet","D09","WOOD","WOOD_005","2014-05-21","2014-06-04","2016-10-28","NEON.BET.D09.000222","CARMAE","Animalia","Arthropoda","Insecta","Coleoptera","Carabidae","Carabinae","Carabini","Carabus","Homoeocarabus","maeander","maeander","Carabus maeander maeander","Fischer von Waldheim","subspecies",,"F",,"Lindroth, C. H. 1969. The ground-beetles (Carabidae, excl. Cicindelinae) of Canada and Alaska, parts 1-6. Opuscula E. Entomoligiska Sallskapet.","Robert L. Davidson","Carnegie Museum of Invertebrate Zoology",,"No known compromise","N",,
"5b7ee7bd-4add-45a6-bce0-a1631c0b6138","WOOD_021.basePlot.bet","D09","WOOD","WOOD_021","2014-05-21","2014-06-04","2016-10-28","NEON.BET.D09.000221","CARMAE","Animalia","Arthropoda","Insecta","Coleoptera","Carabidae","Carabinae","Carabini","Carabus","Homoeocarabus","maeander","maeander","Carabus maeander maeander","Fischer von Waldheim","subspecies",,"M",,"Lindroth, C. H. 1969. The ground-beetles (Carabidae, excl. Cicindelinae) of Canada and Alaska, parts 1-6. Opuscula E. Entomoligiska Sallskapet.","Robert L. Davidson","Carnegie Museum of Invertebrate Zoology",,"No known compromise","N",,
"2c06678d-20df-4b47-bdcd-f1740691e4f4","WOOD_021.basePlot.bet","D09","WOOD","WOOD_021","2014-05-21","2014-06-04","2016-11-07","NEON.BET.D09.000236","DIPSTR","Animalia","Arthropoda","Insecta","Coleoptera","Carabidae","Harpalinae","Licinini","Diplocheila","Isorembus","striatopunctata",,"Diplocheila striatopunctata","LeConte","species",,"M",,"Lindroth, C. H. 1969. The ground-beetles (Carabidae, excl. Cicindelinae) of Canada and Alaska, parts 1-6. Opuscula E. Entomoligiska Sallskapet.","Robert L. Davidson","Carnegie Museum of Invertebrate Zoology",,"No known compromise","N",,
"f2a66135-fb81-4cc9-ab52-16036a08a5d4","WOOD_021.basePlot.bet","D09","WOOD","WOOD_021","2014-05-21","2014-06-04","2016-10-28","NEON.BET.D09.000218","CARMAE","Animalia","Arthropoda","Insecta","Coleoptera","Carabidae","Carabinae","Carabini","Carabus","Homoeocarabus","maeander","maeander","Carabus maeander maeander","Fischer von Waldheim","subspecies",,"F",,"Lindroth, C. H. 1969. The ground-beetles (Carabidae, excl. Cicindelinae) of Canada and Alaska, parts 1-6. Opuscula E. Entomoligiska Sallskapet.","Robert L. Davidson","Carnegie Museum of Invertebrate Zoology",,"No known compromise","N",,
"1e6563a0-4d59-444a-bd25-b315fbae9e1c","WOOD_021.basePlot.bet","D09","WOOD","WOOD_021","2014-05-21","2014-06-04","2016-10-28","NEON.BET.D09.000219","CARMAE","Animalia","Arthropoda","Insecta","Coleoptera","Carabidae","Carabinae","Carabini","Carabus","Homoeocarabus","maeander","maeander","Carabus maeander maeander","Fischer von Waldheim","subspecies",,"M",,"Lindroth, C. H. 1969. The ground-beetles (Carabidae, excl. Cicindelinae) of Canada and Alaska, parts 1-6. Opuscula E. Entomoligiska Sallskapet.","Robert L. Davidson","Carnegie Museum of Invertebrate Zoology",,"No known compromise","N",,
"5bca7b57-d787-40a4-9d6b-743e16acfe2e","WOOD_021.basePlot.bet","D09","WOOD","WOOD_021","2014-05-21","2014-06-04","2016-10-28","NEON.BET.D09.000220","CARMAE","Animalia","Arthropoda","Insecta","Coleoptera","Carabidae","Carabinae","Carabini","Carabus","Homoeocarabus","maeander","maeander","Carabus maeander maeander","Fischer von Waldheim","subspecies",,"M",,"Lindroth, C. H. 1969. The ground-beetles (Carabidae, excl. Cicindelinae) of Canada and Alaska, parts 1-6. Opuscula E. Entomoligiska Sallskapet.","Robert L. Davidson","Carnegie Museum of Invertebrate Zoology",,"No known compromise","N",,
"727f3c91-7597-43d0-89f2-ca06de16735d","WOOD_007.basePlot.bet","D09","WOOD","WOOD_007","2014-05-21","2014-06-04","2016-11-11","NEON.BET.D09.000288","DYSSP4","Animalia","Arthropoda","Insecta","Coleoptera","Carabidae","Scaritinae","Dyschiriini","Dyschirius",,"sp.",,"Dyschirius sp.","Bonelli","genus",,"U",,"Bousquet, Y. 1988. Dyschirius of America North of Mexico - Descriptions of New Species with Keys to Species Groups and Species (Coleoptera, Carabidae). Canadian Entomologist 120:361-387.","Robert L. Davidson","Carnegie Museum of Invertebrate Zoology",,"No known compromise","N",,"probably longulus, but no one seems to be able to distinguish globulosus/longulus consistently"
"5089a819-fb7a-401e-92e5-01d55389fb26","WOOD_006.basePlot.bet","D09","WOOD","WOOD_006","2014-05-21","2014-06-04","2016-11-11","NEON.BET.D09.000287","DYSSP4","Animalia","Arthropoda","Insecta","Coleoptera","Carabidae","Scaritinae","Dyschiriini","Dyschirius",,"sp.",,"Dyschirius sp.","Bonelli","genus",,"U",,"Bousquet, Y. 1988. Dyschirius of America North of Mexico - Descriptions of New Species with Keys to Species Groups and Species (Coleoptera, Carabidae). Canadian Entomologist 120:361-387.","Robert L. Davidson","Carnegie Museum of Invertebrate Zoology",,"No known compromise","N",,"probably longulus, but no one seems to be able to distinguish globulosus/longulus consistently"
"526b99df-1010-41c9-9e2c-ad6075a14e19","WOOD_007.basePlot.bet","D09","WOOD","WOOD_007","2014-05-21","2014-06-04","2016-11-09","NEON.BET.D09.000312","SYNAME","Animalia","Arthropoda","Insecta","Coleoptera","Carabidae","Harpalinae","Lebiini","Syntomus",,"americanus",,"Syntomus americanus","Dejean","species",,"F",,"Lindroth, C. H. 1969. The ground-beetles (Carabidae, excl. Cicindelinae) of Canada and Alaska, parts 1-6. Opuscula E. Entomoligiska Sallskapet.","Robert L. Davidson","Carnegie Museum of Invertebrate Zoology",,"No known compromise","N",,"State Record for North Dakota"
"c64f6c13-264c-44ff-b83e-34beb95b7331","WOOD_003.basePlot.bet","D09","WOOD","WOOD_003","2014-05-21","2014-06-04","2016-11-11","NEON.BET.D09.000285","DYSSP4","Animalia","Arthropoda","Insecta","Coleoptera","Carabidae","Scaritinae","Dyschiriini","Dyschirius",,"sp.",,"Dyschirius sp.","Bonelli","genus",,"U",,"Bousquet, Y. 1988. Dyschirius of America North of Mexico - Descriptions of New Species with Keys to Species Groups and Species (Coleoptera, Carabidae). Canadian Entomologist 120:361-387.","Robert L. Davidson","Carnegie Museum of Invertebrate Zoology",,"No known compromise","N",,"probably longulus, but no one seems to be able to distinguish globulosus/longulus consistently"
"c1c06c08-cdd2-4e98-9bb0-af758ec4dce0","WOOD_003.basePlot.bet","D09","WOOD","WOOD_003","2014-05-21","2014-06-04","2016-11-11","NEON.BET.D09.000286","DYSSP4","Animalia","Arthropoda","Insecta","Coleoptera","Carabidae","Scaritinae","Dyschiriini","Dyschirius",,"sp.",,"Dyschirius sp.","Bonelli","genus",,"U",,"Bousquet, Y. 1988. Dyschirius of America North of Mexico - Descriptions of New Species with Keys to Species Groups and Species (Coleoptera, Carabidae). Canadian Entomologist 120:361-387.","Robert L. Davidson","Carnegie Museum of Invertebrate Zoology",,"No known compromise","N",,"probably longulus, but no one seems to be able to distinguish globulosus/longulus consistently"
"8cb68af8-43d5-4668-8eae-2b5d8c98b786","WOOD_007.basePlot.bet","D09","WOOD","WOOD_007","2014-05-21","2014-06-04","2016-11-09","NEON.BET.D09.000359","AGOCON","Animalia","Arthropoda","Insecta","Coleoptera","Carabidae","Harpalinae","Harpalini","Agonoleptus",,"conjunctus",,"Agonoleptus conjunctus","Say","species",,"F",,"Bousquet, Y., and P. W. Messer. 2010. Redescription of Stenolophus thoracicus Casey (Coleoptera, Carabidae, Harpalini), a valid species. ZooKeys 53:25-31.","Robert L. Davidson","Carnegie Museum of Invertebrate Zoology",,"No known compromise","N",,
"ea3d0c30-edc6-4e23-89a6-bff8859d2367","WOOD_005.basePlot.bet","D09","WOOD","WOOD_005","2014-05-21","2014-06-04","2016-11-09","NEON.BET.D09.000358","AGOCON","Animalia","Arthropoda","Insecta","Coleoptera","Carabidae","Harpalinae","Harpalini","Agonoleptus",,"conjunctus",,"Agonoleptus conjunctus","Say","species",,"M",,"Bousquet, Y., and P. W. Messer. 2010. Redescription of Stenolophus thoracicus Casey (Coleoptera, Carabidae, Harpalini), a valid species. ZooKeys 53:25-31.","Robert L. Davidson","Carnegie Museum of Invertebrate Zoology",,"No known compromise","N",,
"03d6451e-e256-4233-919e-907d436cd725","WOOD_007.basePlot.bet","D09","WOOD","WOOD_007","2014-05-21","2014-06-04","2016-11-09","NEON.BET.D09.000361","AGOCON","Animalia","Arthropoda","Insecta","Coleoptera","Carabidae","Harpalinae","Harpalini","Agonoleptus",,"conjunctus",,"Agonoleptus conjunctus","Say","species",,"M",,"Bousquet, Y., and P. W. Messer. 2010. Redescription of Stenolophus thoracicus Casey (Coleoptera, Carabidae, Harpalini), a valid species. ZooKeys 53:25-31.","Robert L. Davidson","Carnegie Museum of Invertebrate Zoology",,"No known compromise","N",,
"3050396a-bd91-4857-baae-b4c3f0a87c05","WOOD_007.basePlot.bet","D09","WOOD","WOOD_007","2014-05-21","2014-06-04","2016-11-11","NEON.BET.D09.000327","HARSOM","Animalia","Arthropoda","Insecta","Coleoptera","Carabidae","Harpalinae","Harpalini","Harpalus","Harpalus","somnulentus",,"Harpalus somnulentus","Dejean","species",,"M",,"Noonan, G. R. 1991. Classification, Cladistics, and Natural History of Native North American Harpalus Latreille (Insecta: Coleoptera: Carabidae: Harpalini), excluding subgenera Glanodes and Pseudophonus.","Robert L. Davidson","Carnegie Museum of Invertebrate Zoology",,"No known compromise","N",,
"93dcd751-3ee7-4bb4-b403-09fc89080a75","WOOD_004.basePlot.bet","D09","WOOD","WOOD_004","2014-05-21","2014-06-04","2016-11-09","NEON.BET.D09.000313","SYNAME","Animalia","Arthropoda","Insecta","Coleoptera","Carabidae","Harpalinae","Lebiini","Syntomus",,"americanus",,"Syntomus americanus","Dejean","species",,"M",,"Lindroth, C. H. 1969. The ground-beetles (Carabidae, excl. Cicindelinae) of Canada and Alaska, parts 1-6. Opuscula E. Entomoligiska Sallskapet.","Robert L. Davidson","Carnegie Museum of Invertebrate Zoology",,"No known compromise","N",,"State Record for North Dakota"
"d59992e1-617a-4f51-94b1-b562fb687834","WOOD_004.basePlot.bet","D09","WOOD","WOOD_004","2014-05-21","2014-06-04","2016-11-09","NEON.BET.D09.000357","AGOCON","Animalia","Arthropoda","Insecta","Coleoptera","Carabidae","Harpalinae","Harpalini","Agonoleptus",,"conjunctus",,"Agonoleptus conjunctus","Say","species",,"M",,"Bousquet, Y., and P. W. Messer. 2010. Redescription of Stenolophus thoracicus Casey (Coleoptera, Carabidae, Harpalini), a valid species. ZooKeys 53:25-31.","Robert L. Davidson","Carnegie Museum of Invertebrate Zoology",,"No known compromise","N",,
"ab4a7619-9e21-4c37-ad31-65a583d09f22","WOOD_004.basePlot.bet","D09","WOOD","WOOD_004","2014-05-21","2014-06-04","2016-11-09","NEON.BET.D09.000360","AGOCON","Animalia","Arthropoda","Insecta","Coleoptera","Carabidae","Harpalinae","Harpalini","Agonoleptus",,"conjunctus",,"Agonoleptus conjunctus","Say","species",,"F",,"Bousquet, Y., and P. W. Messer. 2010. Redescription of Stenolophus thoracicus Casey (Coleoptera, Carabidae, Harpalini), a valid species. ZooKeys 53:25-31.","Robert L. Davidson","Carnegie Museum of Invertebrate Zoology",,"No known compromise","N",,
"a1154b65-58ca-4b1c-bd4f-a4b795199cea","WOOD_004.basePlot.bet","D09","WOOD","WOOD_004","2014-05-21","2014-06-04","2016-11-09","NEON.BET.D09.000314","SYNAME","Animalia","Arthropoda","Insecta","Coleoptera","Carabidae","Harpalinae","Lebiini","Syntomus",,"americanus",,"Syntomus americanus","Dejean","species",,"F",,"Lindroth, C. H. 1969. The ground-beetles (Carabidae, excl. Cicindelinae) of Canada and Alaska, parts 1-6. Opuscula E. Entomoligiska Sallskapet.","Robert L. Davidson","Carnegie Museum of Invertebrate Zoology",,"No known compromise","N",,"State Record for North Dakota"
"e280cdcb-50e3-4755-a0d8-4d20061cb87f","WOOD_023.basePlot.bet","D09","WOOD","WOOD_023","2014-05-21","2014-06-04","2016-11-08","NEON.BET.D09.000394","AGOPRO","Animalia","Arthropoda","Insecta","Coleoptera","Carabidae","Harpalinae","Platynini","Agonum","Olisares","propinquum",,"Agonum propinquum","Gemminger and Harold","species",,"M",,"Liebherr, J. K. 1994. Identification of new world Agonum , review of the mexican fauna , and description of Incagonum , new genus , from South America (Coleoptera: Carabidae: Platynini). Journal of The New York Entomological Society 102:1-55.","Robert L. Davidson","Carnegie Museum of Invertebrate Zoology","head and prothorax missing","sample incomplete","N",,"head and prothorax missing"
"75ea84cc-6111-4136-bcec-f1019f22e965","WOOD_021.basePlot.bet","D09","WOOD","WOOD_021","2014-06-04","2014-06-18","2016-10-13","NEON.BET.D09.000007","PTEMEL","Animalia","Arthropoda","Insecta","Coleoptera","Carabidae","Harpalinae","Pterostichini","Pterostichus","Morphnosoma","melanarius","melanarius","Pterostichus melanarius melanarius","Illiger","subspecies",,"M",,"Lindroth, C. H. 1969. The ground-beetles (Carabidae, excl. Cicindelinae) of Canada and Alaska, parts 1-6. Opuscula E. Entomoligiska Sallskapet.","Robert L. Davidson","Carnegie Museum of Invertebrate Zoology",,"No known compromise","N",,
"f1e19656-fae0-4e05-8e6d-828eb7f49dc1","WOOD_021.basePlot.bet","D09","WOOD","WOOD_021","2014-06-04","2014-06-18","2016-11-10","NEON.BET.D09.000470","BEMROO","Animalia","Arthropoda","Insecta","Coleoptera","Carabidae","Trechinae","Bembidiini","Bembidion","Semicampa","roosevelti",,"Bembidion roosevelti","Pic","species",,"M",,"Bousquet, Y., and R. Webster. 2006.  Descriptions of three new species of Bembidion Latreille (Coleoptera: Carabidae) occurring in Canada. Zootaxa 1297:23-35.","Robert L. Davidson","Carnegie Museum of Invertebrate Zoology",,"No known compromise","N",,
"71e8da4f-f2eb-4fa0-8977-bedd98495902","WOOD_002.basePlot.bet","D09","WOOD","WOOD_002","2014-06-04","2014-06-18","2016-10-13","NEON.BET.D09.000009","PTEMEL","Animalia","Arthropoda","Insecta","Coleoptera","Carabidae","Harpalinae","Pterostichini","Pterostichus","Morphnosoma","melanarius","melanarius","Pterostichus melanarius melanarius","Illiger","subspecies",,"F",,"Lindroth, C. H. 1969. The ground-beetles (Carabidae, excl. Cicindelinae) of Canada and Alaska, parts 1-6. Opuscula E. Entomoligiska Sallskapet.","Robert L. Davidson","Carnegie Museum of Invertebrate Zoology",,"No known compromise","N",,
"a2d4b031-6b49-4b82-931e-561dd4e63675","WOOD_023.basePlot.bet","D09","WOOD","WOOD_023","2014-06-04","2014-06-18","2016-10-19","NEON.BET.D09.000192","PTECOR3","Animalia","Arthropoda","Insecta","Coleoptera","Carabidae","Harpalinae","Pterostichini","Pterostichus","Melanius","corvinus",,"Pterostichus corvinus","Dejean","species",,"M",,"Lindroth, C. H. 1969. The ground-beetles (Carabidae, excl. Cicindelinae) of Canada and Alaska, parts 1-6. Opuscula E. Entomoligiska Sallskapet.","Robert L. Davidson","Carnegie Museum of Invertebrate Zoology",,"No known compromise","N",,
"f6d7cdec-0087-4575-817e-7643a5e5b5ae","WOOD_023.basePlot.bet","D09","WOOD","WOOD_023","2014-06-04","2014-06-18","2016-11-09","NEON.BET.D09.000210","PTELUC","Animalia","Arthropoda","Insecta","Coleoptera","Carabidae","Harpalinae","Pterostichini","Pterostichus","Pseudomaseus","luctuosus",,"Pterostichus luctuosus","Dejean","species",,"F",,"Bousquet, Y., and J.-G. Pilon. 1984. Redescription of Pterostichus (Pseudomaseus) tenuis (Casey), a valid species (Coleoptera: Carabidae).  The Coleopterists Bulletin 37[1983]:389-396.","Robert L. Davidson","Carnegie Museum of Invertebrate Zoology",,"No known compromise","N",,
"66e08b96-904f-40ab-b800-bd17a5153485","WOOD_003.basePlot.bet","D09","WOOD","WOOD_003","2014-06-04","2014-06-18","2016-10-28","NEON.BET.D09.000292","CARSER","Animalia","Arthropoda","Insecta","Coleoptera","Carabidae","Carabinae","Carabini","Carabus","Hemicarabus","serratus",,"Carabus serratus","Say","species",,"F",,"Lindroth, C. H. 1969. The ground-beetles (Carabidae, excl. Cicindelinae) of Canada and Alaska, parts 1-6. Opuscula E. Entomoligiska Sallskapet.","Robert L. Davidson","Carnegie Museum of Invertebrate Zoology",,"No known compromise","N",,
"579a56ff-35c6-4925-be5a-cc73c2677dc4","WOOD_003.basePlot.bet","D09","WOOD","WOOD_003","2014-06-04","2014-06-18","2016-11-11","NEON.BET.D09.000290","DYSSP4","Animalia","Arthropoda","Insecta","Coleoptera","Carabidae","Scaritinae","Dyschiriini","Dyschirius",,"sp.",,"Dyschirius sp.","Bonelli","genus",,"U",,"Bousquet, Y. 1988. Dyschirius of America North of Mexico - Descriptions of New Species with Keys to Species Groups and Species (Coleoptera, Carabidae). Canadian Entomologist 120:361-387.","Robert L. Davidson","Carnegie Museum of Invertebrate Zoology",,"No known compromise","N",,"probably longulus, but no one seems to be able to distinguish globulosus/longulus consistently"
"8207e2c7-c930-4667-860e-53cdef149030","WOOD_003.basePlot.bet","D09","WOOD","WOOD_003","2014-06-04","2014-06-18","2016-10-28","NEON.BET.D09.000293","CARSER","Animalia","Arthropoda","Insecta","Coleoptera","Carabidae","Carabinae","Carabini","Carabus","Hemicarabus","serratus",,"Carabus serratus","Say","species",,"M",,"Lindroth, C. H. 1969. The ground-beetles (Carabidae, excl. Cicindelinae) of Canada and Alaska, parts 1-6. Opuscula E. Entomoligiska Sallskapet.","Robert L. Davidson","Carnegie Museum of Invertebrate Zoology",,"No known compromise","N",,
"4ab16380-2a4f-4db8-8b63-2859afc104f2","WOOD_003.basePlot.bet","D09","WOOD","WOOD_003","2014-06-04","2014-06-18","2016-11-07","NEON.BET.D09.000284","NOTAQU","Animalia","Arthropoda","Insecta","Coleoptera","Carabidae","Nebriinae","Notiophilini","Notiophilus",,"aquaticus",,"Notiophilus aquaticus","Linnaeus","species",,"F",,"Lindroth, C. H. 1969. The ground-beetles (Carabidae, excl. Cicindelinae) of Canada and Alaska, parts 1-6. Opuscula E. Entomoligiska Sallskapet.","Robert L. Davidson","Carnegie Museum of Invertebrate Zoology",,"No known compromise","N",,"State Record for North Dakota"
"826739d8-dc07-4b9f-9647-559a0ce1dc08","WOOD_001.basePlot.bet","D09","WOOD","WOOD_001","2014-06-04","2014-06-18","2016-11-11","NEON.BET.D09.000289","DYSSP4","Animalia","Arthropoda","Insecta","Coleoptera","Carabidae","Scaritinae","Dyschiriini","Dyschirius",,"sp.",,"Dyschirius sp.","Bonelli","genus",,"U",,"Bousquet, Y. 1988. Dyschirius of America North of Mexico - Descriptions of New Species with Keys to Species Groups and Species (Coleoptera, Carabidae). Canadian Entomologist 120:361-387.","Robert L. Davidson","Carnegie Museum of Invertebrate Zoology",,"No known compromise","N",,"probably longulus, but no one seems to be able to distinguish globulosus/longulus consistently"
"92f60fc1-9a2e-416a-b944-69d4f016188e","WOOD_006.basePlot.bet","D09","WOOD","WOOD_006","2014-06-04","2014-06-18","2016-11-09","NEON.BET.D09.000321","SYNAME","Animalia","Arthropoda","Insecta","Coleoptera","Carabidae","Harpalinae","Lebiini","Syntomus",,"americanus",,"Syntomus americanus","Dejean","species",,"F",,"Lindroth, C. H. 1969. The ground-beetles (Carabidae, excl. Cicindelinae) of Canada and Alaska, parts 1-6. Opuscula E. Entomoligiska Sallskapet.","Robert L. Davidson","Carnegie Museum of Invertebrate Zoology",,"No known compromise","N",,"State Record for North Dakota"
"2460494e-a96c-4633-96df-fe522217033c","WOOD_007.basePlot.bet","D09","WOOD","WOOD_007","2014-06-04","2014-06-18","2016-11-09","NEON.BET.D09.000323","SYNAME","Animalia","Arthropoda","Insecta","Coleoptera","Carabidae","Harpalinae","Lebiini","Syntomus",,"americanus",,"Syntomus americanus","Dejean","species",,"F",,"Lindroth, C. H. 1969. The ground-beetles (Carabidae, excl. Cicindelinae) of Canada and Alaska, parts 1-6. Opuscula E. Entomoligiska Sallskapet.","Robert L. Davidson","Carnegie Museum of Invertebrate Zoology",,"No known compromise","N",,"State Record for North Dakota"
"57f434b2-317e-41b5-9b6c-a93ac65dd5b0","WOOD_002.basePlot.bet","D09","WOOD","WOOD_002","2014-06-04","2014-06-18","2016-11-09","NEON.BET.D09.000320","SYNAME","Animalia","Arthropoda","Insecta","Coleoptera","Carabidae","Harpalinae","Lebiini","Syntomus",,"americanus",,"Syntomus americanus","Dejean","species",,"F",,"Lindroth, C. H. 1969. The ground-beetles (Carabidae, excl. Cicindelinae) of Canada and Alaska, parts 1-6. Opuscula E. Entomoligiska Sallskapet.","Robert L. Davidson","Carnegie Museum of Invertebrate Zoology",,"No known compromise","N",,"State Record for North Dakota"
"19bf9bbf-c44c-4187-a2d2-07c0401ecdb8","WOOD_001.basePlot.bet","D09","WOOD","WOOD_001","2014-06-04","2014-06-18","2016-11-09","NEON.BET.D09.000362","AGOCON","Animalia","Arthropoda","Insecta","Coleoptera","Carabidae","Harpalinae","Harpalini","Agonoleptus",,"conjunctus",,"Agonoleptus conjunctus","Say","species",,"M",,"Bousquet, Y., and P. W. Messer. 2010. Redescription of Stenolophus thoracicus Casey (Coleoptera, Carabidae, Harpalini), a valid species. ZooKeys 53:25-31.","Robert L. Davidson","Carnegie Museum of Invertebrate Zoology",,"No known compromise","N",,
"98671858-cee2-4f4f-b6b6-e978d868947b","WOOD_007.basePlot.bet","D09","WOOD","WOOD_007","2014-06-04","2014-06-18","2016-11-09","NEON.BET.D09.000322","SYNAME","Animalia","Arthropoda","Insecta","Coleoptera","Carabidae","Harpalinae","Lebiini","Syntomus",,"americanus",,"Syntomus americanus","Dejean","species",,"M",,"Lindroth, C. H. 1969. The ground-beetles (Carabidae, excl. Cicindelinae) of Canada and Alaska, parts 1-6. Opuscula E. Entomoligiska Sallskapet.","Robert L. Davidson","Carnegie Museum of Invertebrate Zoology",,"No known compromise","N",,"State Record for North Dakota"
"2f2ff441-25c5-42c6-92fe-d04d2b88c00b","WOOD_007.basePlot.bet","D09","WOOD","WOOD_007","2014-06-04","2014-06-18","2016-11-14","NEON.BET.D09.000328","HAROPA","Animalia","Arthropoda","Insecta","Coleoptera","Carabidae","Harpalinae","Harpalini","Harpalus","Harpalus","opacipennis",,"Harpalus opacipennis","Haldeman","species",,"F",,"Noonan, G. R. 1991. Classification, Cladistics, and Natural History of Native North American Harpalus Latreille (Insecta: Coleoptera: Carabidae: Harpalini), excluding subgenera Glanodes and Pseudophonus.","Robert L. Davidson","Carnegie Museum of Invertebrate Zoology",,"No known compromise","N",,
"1aa6518c-8a6e-437e-a0d7-0c83555204ef","WOOD_021.basePlot.bet","D09","WOOD","WOOD_021","2014-06-04","2014-06-18","2016-11-09","NEON.BET.D09.000324","SYNAME","Animalia","Arthropoda","Insecta","Coleoptera","Carabidae","Harpalinae","Lebiini","Syntomus",,"americanus",,"Syntomus americanus","Dejean","species",,"F",,"Lindroth, C. H. 1969. The ground-beetles (Carabidae, excl. Cicindelinae) of Canada and Alaska, parts 1-6. Opuscula E. Entomoligiska Sallskapet.","Robert L. Davidson","Carnegie Museum of Invertebrate Zoology",,"No known compromise","N",,"State Record for North Dakota"
"300fa0e2-aaaa-4718-b44c-d35f10da00b6","WOOD_021.basePlot.bet","D09","WOOD","WOOD_021","2014-06-04","2014-06-18","2016-11-08","NEON.BET.D09.000381","BADOBT","Animalia","Arthropoda","Insecta","Coleoptera","Carabidae","Harpalinae","Licinini","Badister","Badister","obtusus",,"Badister obtusus","LeConte","species",,"M",,"Lindroth, C. H. 1969. The ground-beetles (Carabidae, excl. Cicindelinae) of Canada and Alaska, parts 1-6. Opuscula E. Entomoligiska Sallskapet.","Robert L. Davidson","Carnegie Museum of Invertebrate Zoology",,"No known compromise","N",,
"df72f265-511a-4363-9219-91353723d46c","WOOD_002.basePlot.bet","D09","WOOD","WOOD_002","2014-06-04","2014-06-18","2016-11-09","NEON.BET.D09.000363","AGOCON","Animalia","Arthropoda","Insecta","Coleoptera","Carabidae","Harpalinae","Harpalini","Agonoleptus",,"conjunctus",,"Agonoleptus conjunctus","Say","species",,"F",,"Bousquet, Y., and P. W. Messer. 2010. Redescription of Stenolophus thoracicus Casey (Coleoptera, Carabidae, Harpalini), a valid species. ZooKeys 53:25-31.","Robert L. Davidson","Carnegie Museum of Invertebrate Zoology",,"No known compromise","N",,
"f653f85b-5003-45c2-9547-d3b5d7c1d576","WOOD_004.basePlot.bet","D09","WOOD","WOOD_004","2014-06-04","2014-06-18","2016-11-09","NEON.BET.D09.000365","AGOCON","Animalia","Arthropoda","Insecta","Coleoptera","Carabidae","Harpalinae","Harpalini","Agonoleptus",,"conjunctus",,"Agonoleptus conjunctus","Say","species",,"F",,"Bousquet, Y., and P. W. Messer. 2010. Redescription of Stenolophus thoracicus Casey (Coleoptera, Carabidae, Harpalini), a valid species. ZooKeys 53:25-31.","Robert L. Davidson","Carnegie Museum of Invertebrate Zoology",,"No known compromise","N",,
"2fe9c1ce-db90-4e60-a8b7-502b3854da45","WOOD_023.basePlot.bet","D09","WOOD","WOOD_023","2014-06-04","2014-06-18","2016-11-11","NEON.BET.D09.000376","ACUNAN","Animalia","Arthropoda","Insecta","Coleoptera","Carabidae","Harpalinae","Harpalini","Acupalpus","Acupalpus","nanellus",,"Acupalpus nanellus","Casey","species",,"F",,"Lindroth, C. H. 1969. The ground-beetles (Carabidae, excl. Cicindelinae) of Canada and Alaska, parts 1-6. Opuscula E. Entomoligiska Sallskapet.","Robert L. Davidson","Carnegie Museum of Invertebrate Zoology",,"No known compromise","N",,
"51838933-5f0e-4fd2-bd15-da803eb0b01e","WOOD_023.basePlot.bet","D09","WOOD","WOOD_023","2014-06-04","2014-06-18","2016-11-11","NEON.BET.D09.000377","ACUNAN","Animalia","Arthropoda","Insecta","Coleoptera","Carabidae","Harpalinae","Harpalini","Acupalpus","Acupalpus","nanellus",,"Acupalpus nanellus","Casey","species",,"F",,"Lindroth, C. H. 1969. The ground-beetles (Carabidae, excl. Cicindelinae) of Canada and Alaska, parts 1-6. Opuscula E. Entomoligiska Sallskapet.","Robert L. Davidson","Carnegie Museum of Invertebrate Zoology",,"No known compromise","N",,
"1ba99d2d-7d8d-4589-8ce2-cefd47d04fae","WOOD_003.basePlot.bet","D09","WOOD","WOOD_003","2014-06-04","2014-06-18","2016-11-15","NEON.BET.D09.000413","AMATEN1","Animalia","Arthropoda","Insecta","Coleoptera","Carabidae","Harpalinae","Zabrini","Amara","Amara","tenax",,"Amara tenax","Casey","species",,"F",,"Hieke, F. 2003. Die Gruppe der Amara (Amara) cupreolata Putzeys 1866 (Coleoptera: Carabidae). Linzer Biologische BeitrÃ¤ge 35:201-216.","Robert L. Davidson","Carnegie Museum of Invertebrate Zoology",,"No known compromise","N",,
"97dd9764-d155-4490-b766-aacc28937f87","WOOD_003.basePlot.bet","D09","WOOD","WOOD_003","2014-06-04","2014-06-18","2016-11-09","NEON.BET.D09.000364","AGOCON","Animalia","Arthropoda","Insecta","Coleoptera","Carabidae","Harpalinae","Harpalini","Agonoleptus",,"conjunctus",,"Agonoleptus conjunctus","Say","species",,"F",,"Bousquet, Y., and P. W. Messer. 2010. Redescription of Stenolophus thoracicus Casey (Coleoptera, Carabidae, Harpalini), a valid species. ZooKeys 53:25-31.","Robert L. Davidson","Carnegie Museum of Invertebrate Zoology",,"No known compromise","N",,
"2382e6bf-c0f9-4217-be7a-dba537db57d2","WOOD_003.basePlot.bet","D09","WOOD","WOOD_003","2014-06-04","2014-06-18","2016-11-15","NEON.BET.D09.000412","AMACOE","Animalia","Arthropoda","Insecta","Coleoptera","Carabidae","Harpalinae","Zabrini","Amara","Amara","coelebs",,"Amara coelebs","Hayward","species",,"M",,"Lindroth, C. H. 1969. The ground-beetles (Carabidae, excl. Cicindelinae) of Canada and Alaska, parts 1-6. Opuscula E. Entomoligiska Sallskapet.","Robert L. Davidson","Carnegie Museum of Invertebrate Zoology",,"No known compromise","N",,
"bad038a7-dc6f-49c6-aa33-f6f119328fb7","WOOD_023.basePlot.bet","D09","WOOD","WOOD_023","2014-06-04","2014-06-18","2016-11-10","NEON.BET.D09.000442","BEMTRA1","Animalia","Arthropoda","Insecta","Coleoptera","Carabidae","Trechinae","Bembidiini","Bembidion","Diplocampa","transparens","transparens","Bembidion transparens transparens","Gebler","subspecies",,"M",,"Lindroth, C. H. 1969. The ground-beetles (Carabidae, excl. Cicindelinae) of Canada and Alaska, parts 1-6. Opuscula E. Entomoligiska Sallskapet.","Robert L. Davidson","Carnegie Museum of Invertebrate Zoology","head and prothorax missing","sample incomplete","N",,"head and prothorax missing"
"30f61eb7-d155-40af-b4e7-3a2be729a096","WOOD_003.basePlot.bet","D09","WOOD","WOOD_003","2014-06-04","2014-06-18","2016-11-10","NEON.BET.D09.000437","BEMMUT","Animalia","Arthropoda","Insecta","Coleoptera","Carabidae","Trechinae","Bembidiini","Bembidion","Bembidion","mutatum",,"Bembidion mutatum","Gemminger and Harold","species",,"M",,"Lindroth, C. H. 1969. The ground-beetles (Carabidae, excl. Cicindelinae) of Canada and Alaska, parts 1-6. Opuscula E. Entomoligiska Sallskapet.","Robert L. Davidson","Carnegie Museum of Invertebrate Zoology","head and prothorax missing","sample incomplete","N",,"head and prothorax missing"
"f04cda08-9758-4e7c-bd99-e1ceaa330f7f","WOOD_023.basePlot.bet","D09","WOOD","WOOD_023","2014-06-04","2014-06-18","2016-11-09","NEON.BET.D09.000455","PTEPAT","Animalia","Arthropoda","Insecta","Coleoptera","Carabidae","Harpalinae","Pterostichini","Pterostichus","Phonias","patruelis",,"Pterostichus patruelis","Dejean","species",,"F",,"Lindroth, C. H. 1969. The ground-beetles (Carabidae, excl. Cicindelinae) of Canada and Alaska, parts 1-6. Opuscula E. Entomoligiska Sallskapet.","Robert L. Davidson","Carnegie Museum of Invertebrate Zoology",,"No known compromise","N",,
"afaaafab-f447-4cf9-a00a-6830b9b56931","WOOD_023.basePlot.bet","D09","WOOD","WOOD_023","2014-06-04","2014-06-18","2016-11-11","NEON.BET.D09.000441","BEMPSE1","Animalia","Arthropoda","Insecta","Coleoptera","Carabidae","Trechinae","Bembidiini","Bembidion","Trepanedoris","pseudocautum",,"Bembidion pseudocautum","Lindroth","species",,"F",,"Lindroth, C. H. 1969. The ground-beetles (Carabidae, excl. Cicindelinae) of Canada and Alaska, parts 1-6. Opuscula E. Entomoligiska Sallskapet.","Robert L. Davidson","Carnegie Museum of Invertebrate Zoology","head and prothorax missing","sample incomplete","N",,"head and prothorax missing"
"a93bd734-a8d5-4207-9eec-223eb9d48c68","WOOD_023.basePlot.bet","D09","WOOD","WOOD_023","2014-06-04","2014-06-18","2016-11-10","NEON.BET.D09.000472","BEMPRA2","Animalia","Arthropoda","Insecta","Coleoptera","Carabidae","Trechinae","Bembidiini","Bembidion","Semicampa","praticola",,"Bembidion praticola","Lindroth","species",,"F",,"Bousquet, Y., and R. Webster. 2006.  Descriptions of three new species of Bembidion Latreille (Coleoptera: Carabidae) occurring in Canada. Zootaxa 1297:23-35.","Robert L. Davidson","Carnegie Museum of Invertebrate Zoology",,"No known compromise","N",,
"48a4f835-43e3-4138-ad3b-131af86ec234","WOOD_023.basePlot.bet","D09","WOOD","WOOD_023","2014-06-04","2014-06-18","2016-11-10","NEON.BET.D09.000471","BEMPRA2","Animalia","Arthropoda","Insecta","Coleoptera","Carabidae","Trechinae","Bembidiini","Bembidion","Semicampa","praticola",,"Bembidion praticola","Lindroth","species",,"M",,"Bousquet, Y., and R. Webster. 2006.  Descriptions of three new species of Bembidion Latreille (Coleoptera: Carabidae) occurring in Canada. Zootaxa 1297:23-35.","Robert L. Davidson","Carnegie Museum of Invertebrate Zoology",,"No known compromise","N",,
"0e07b5cc-2f8d-4798-b7ca-88e998315696","WOOD_021.basePlot.bet","D09","WOOD","WOOD_021","2014-06-04","2014-06-18","2016-11-11","NEON.BET.D09.000469","BEMCAN","Animalia","Arthropoda","Insecta","Coleoptera","Carabidae","Trechinae","Bembidiini","Bembidion","Trepanedoris","canadianum",,"Bembidion canadianum","Casey","species",,"F",,"Lindroth, C. H. 1969. The ground-beetles (Carabidae, excl. Cicindelinae) of Canada and Alaska, parts 1-6. Opuscula E. Entomoligiska Sallskapet.","Robert L. Davidson","Carnegie Museum of Invertebrate Zoology",,"No known compromise","N",,
"0951e873-3f07-454b-912b-0e2de4445fdf","WOOD_021.basePlot.bet","D09","WOOD","WOOD_021","2014-06-04","2014-06-18","2016-11-10","NEON.BET.D09.000468","BEMROO","Animalia","Arthropoda","Insecta","Coleoptera","Carabidae","Trechinae","Bembidiini","Bembidion","Semicampa","roosevelti",,"Bembidion roosevelti","Pic","species",,"M",,"Bousquet, Y., and R. Webster. 2006.  Descriptions of three new species of Bembidion Latreille (Coleoptera: Carabidae) occurring in Canada. Zootaxa 1297:23-35.","Robert L. Davidson","Carnegie Museum of Invertebrate Zoology",,"No known compromise","N",,
"90d1bb99-797d-4481-a9e3-a6d8d16ddf26","WOOD_021.basePlot.bet","D09","WOOD","WOOD_021","2014-06-04","2014-06-18","2016-10-13","NEON.BET.D09.000008","PTEMEL","Animalia","Arthropoda","Insecta","Coleoptera","Carabidae","Harpalinae","Pterostichini","Pterostichus","Morphnosoma","melanarius","melanarius","Pterostichus melanarius melanarius","Illiger","subspecies",,"M",,"Lindroth, C. H. 1969. The ground-beetles (Carabidae, excl. Cicindelinae) of Canada and Alaska, parts 1-6. Opuscula E. Entomoligiska Sallskapet.","Robert L. Davidson","Carnegie Museum of Invertebrate Zoology",,"No known compromise","N",,
