uid,namedLocation,domainID,siteID,plotID,trapID,setDate,collectDate,processingDate,etOHChangeDate,identifiedDate,sampleID,subsampleID,sampleType,taxonID,scientificName,taxonRank,identificationQualifier,scientificNameAuthorship,morphospeciesID,individualCount,identificationReferences,identifiedBy,recordedBy,remarks
"76bc5e43-19a2-485e-848c-60e723dbfca8","WOOD_023.basePlot.bet","D09","WOOD","WOOD_023","N","2014-05-21","2014-06-04","2014-06-05","2015-03-01",,"WOOD_023.N.20140604","HkhQBNKo1QBqCKqKUXV6PwdSi2IPlLnt4PSA5VYuTm4=","other carabid","CARSP14","Carabidae sp.","family",,"Latreille",,3,"Other",,"4oCBvlQIQ4DhSH30J22+0bs0GAacIQwk","individualCount estimated based on number of pinning records|"
"f05028b9-46c9-4eb5-bb55-0993198a54c3","WOOD_004.basePlot.bet","D09","WOOD","WOOD_004","N","2014-05-21","2014-06-04","2014-06-05","2015-03-01",,"WOOD_004.N.20140604","tVkCk1nh7tE28lJL7FyXHQhFNXmXxiZ2/mNpdLZQa50=","invert bycatch",,,,,,,,,,"4oCBvlQIQ4DhSH30J22+0bs0GAacIQwk",
"bbc66aeb-23de-4814-898c-673825105897","WOOD_006.basePlot.bet","D09","WOOD","WOOD_006","N","2014-05-21","2014-06-04","2014-06-05","2015-03-01",,"WOOD_006.N.20140604","WY3Zl9EyMifynNEAFRb+YTBZzqhrYN5+yXyZpbiveGw=","invert bycatch",,,,,,,,,,"4oCBvlQIQ4DhSH30J22+0bs0GAacIQwk",
"bed31a68-3b25-4756-941c-f0ff0eada7af","WOOD_005.basePlot.bet","D09","WOOD","WOOD_005","N","2014-05-21","2014-06-04","2014-06-05","2015-03-01",,"WOOD_005.N.20140604","Q/pjwyhQ09w3gbpA5THbKEMmtIv0WUsQfCBiCiu0g44=","invert bycatch",,,,,,,,,,"4oCBvlQIQ4DhSH30J22+0bs0GAacIQwk",
"d8352aa9-d4cf-4b1e-8fc8-f982ff0998f1","WOOD_023.basePlot.bet","D09","WOOD","WOOD_023","N","2014-05-21","2014-06-04","2014-06-05","2015-03-01",,"WOOD_023.N.20140604","HkhQBNKo1QBqCKqKUXV6P8Gu82pAA9yydZUdHQU2eIs=","invert bycatch",,,,,,,,,,"4oCBvlQIQ4DhSH30J22+0bs0GAacIQwk",
"e6953bbd-0dcc-426c-bdc2-dc7ce41ed3cc","WOOD_003.basePlot.bet","D09","WOOD","WOOD_003","N","2014-05-21","2014-06-04","2014-06-05","2015-03-01",,"WOOD_003.N.20140604","gVhx7bcr2vMTLe1H6MP3kdH6jBz9om1dvKux2EG1Wpw=","invert bycatch",,,,,,,,,,"4oCBvlQIQ4DhSH30J22+0bs0GAacIQwk",
"8409a88c-8d86-41e3-b4c1-0548a21e94ee","WOOD_007.basePlot.bet","D09","WOOD","WOOD_007","S","2014-05-21","2014-06-04","2014-06-05","2015-03-01",,"WOOD_007.S.20140604","5mkFtj0S+gg0a2xCp7wQfGEark3HmgNX0+T+bCK4koE=","invert bycatch",,,,,,,,,,"4oCBvlQIQ4DhSH30J22+0bs0GAacIQwk",
"50c97448-ab21-4c67-9f00-680629086af2","WOOD_023.basePlot.bet","D09","WOOD","WOOD_023","S","2014-05-21","2014-06-04","2014-06-05","2015-03-01",,"WOOD_023.S.20140604","HkhQBNKo1QBcW+aqjFtpiGUPmx2IPCA+8lWFv/8SgSA=","other carabid","CARSP14","Carabidae sp.","family",,"Latreille",,7,"Other",,"4oCBvlQIQ4DhSH30J22+0bs0GAacIQwk","individualCount estimated based on number of pinning records|"
"e73e1961-4175-48dd-af11-4f573b37b339","WOOD_001.basePlot.bet","D09","WOOD","WOOD_001","S","2014-05-21","2014-06-04","2014-06-05","2015-03-01",,"WOOD_001.S.20140604","vZVALStcGzcsjDNtnU4ax6ZQElLNz7KvE3HQ35RnXtg=","invert bycatch",,,,,,,,,,"4oCBvlQIQ4DhSH30J22+0bs0GAacIQwk",
"15524298-6cd2-4f66-bd4c-111fb514773d","WOOD_003.basePlot.bet","D09","WOOD","WOOD_003","S","2014-05-21","2014-06-04","2014-06-05","2015-03-01",,"WOOD_003.S.20140604","gVhx7bcr2vNO9BM+IMQoScTYkOSofkWzsaVIq/KZXrI=","other carabid","CARSP14","Carabidae sp.","family",,"Latreille",,2,"Other",,"4oCBvlQIQ4DhSH30J22+0bs0GAacIQwk","individualCount estimated based on number of pinning records|"
"24830a68-0742-4a75-9d94-72774d15e1ef","WOOD_004.basePlot.bet","D09","WOOD","WOOD_004","S","2014-05-21","2014-06-04","2014-06-05","2015-03-01",,"WOOD_004.S.20140604","tVkCk1nh7tFXJarjS3K7dj8QEUkqSJe2+U08eQGdDm0=","invert bycatch",,,,,,,,,,"4oCBvlQIQ4DhSH30J22+0bs0GAacIQwk",
"76bb1943-390f-4b17-b735-61393275b6c1","WOOD_003.basePlot.bet","D09","WOOD","WOOD_003","S","2014-05-21","2014-06-04","2014-06-05","2015-03-01",,"WOOD_003.S.20140604","gVhx7bcr2vNO9BM+IMQoSQGc5kNSYmu2I9X9r00wiY0=","invert bycatch",,,,,,,,,,"4oCBvlQIQ4DhSH30J22+0bs0GAacIQwk",
"ca46c5e7-a566-4b26-991e-22d042d12f48","WOOD_004.basePlot.bet","D09","WOOD","WOOD_004","S","2014-05-21","2014-06-04","2014-06-05","2015-03-01",,"WOOD_004.S.20140604","tVkCk1nh7tFXJarjS3K7dnpjwj+rod5Qy1J0wr20cOk=","other carabid","CARSP14","Carabidae sp.","family",,"Latreille",,1,"Other",,"4oCBvlQIQ4DhSH30J22+0bs0GAacIQwk","individualCount estimated based on number of pinning records|"
"403b3dce-7c30-4020-a91c-0535e024acf8","WOOD_023.basePlot.bet","D09","WOOD","WOOD_023","S","2014-05-21","2014-06-04","2014-06-05","2015-03-01",,"WOOD_023.S.20140604","HkhQBNKo1QBcW+aqjFtpiBYKUunL/XM4dyIXTxo/ZjU=","invert bycatch",,,,,,,,,,"4oCBvlQIQ4DhSH30J22+0bs0GAacIQwk",
"44e7b1a8-659a-4a11-83ab-31e81d2c0858","WOOD_006.basePlot.bet","D09","WOOD","WOOD_006","S","2014-05-21","2014-06-04","2014-06-05","2015-03-01",,"WOOD_006.S.20140604","WY3Zl9EyMidI05w9/bH7Kk4aguWP/ZUvIHMh8keWvc4=","invert bycatch",,,,,,,,,,"4oCBvlQIQ4DhSH30J22+0bs0GAacIQwk",
"2380816b-7ac0-46bc-9a12-59be63250f2d","WOOD_006.basePlot.bet","D09","WOOD","WOOD_006","S","2014-05-21","2014-06-04","2014-06-05","2015-03-01",,"WOOD_006.S.20140604","WY3Zl9EyMidI05w9/bH7KoRkG0Mc6b8oYdkEYbK9DLM=","other carabid","CARSP14","Carabidae sp.","family",,"Latreille",,1,"Other",,"4oCBvlQIQ4DhSH30J22+0bs0GAacIQwk","individualCount estimated based on number of pinning records|"
"b3efdc2c-e44d-4292-9644-713445759698","WOOD_007.basePlot.bet","D09","WOOD","WOOD_007","S","2014-05-21","2014-06-04","2014-06-05","2015-03-01",,"WOOD_007.S.20140604","5mkFtj0S+gg0a2xCp7wQfGtiXDhyUluUgawwCpE+U+Y=","other carabid","CARSP14","Carabidae sp.","family",,"Latreille",,3,"Other",,"4oCBvlQIQ4DhSH30J22+0bs0GAacIQwk","individualCount estimated based on number of pinning records|"
"b386faf4-c2b8-4f93-be7f-0b4e0b02b170","WOOD_002.basePlot.bet","D09","WOOD","WOOD_002","S","2014-05-21","2014-06-04","2014-06-05","2015-03-01",,"WOOD_002.S.20140604","V7nyjIgYGmPeVUxGodh0zJDAcnxhkF9awrljvy736yI=","invert bycatch",,,,,,,,,,"4oCBvlQIQ4DhSH30J22+0bs0GAacIQwk",
"cc0621f9-eb8b-4409-94a0-8a1bffb2ba32","WOOD_005.basePlot.bet","D09","WOOD","WOOD_005","S","2014-05-21","2014-06-04","2014-06-05","2015-03-01",,"WOOD_005.S.20140604","Q/pjwyhQ09wKA+kCZ0yp6CA77ElZ7lmWv/x668idJDg=","invert bycatch",,,,,,,,,,"4oCBvlQIQ4DhSH30J22+0bs0GAacIQwk",
"f9d40cca-83cf-4e60-b8e9-8b8c29a88978","WOOD_001.basePlot.bet","D09","WOOD","WOOD_001","W","2014-05-21","2014-06-04","2014-06-05","2015-03-01",,"WOOD_001.W.20140604","vZVALStcGzcpQ/3vYIf0cnD3rUhbZMe4HrxCc/+0sXk=","invert bycatch",,,,,,,,,,"4oCBvlQIQ4DhSH30J22+0bs0GAacIQwk",
"aa3f9fb4-f9ed-4681-8190-22af6e2c7955","WOOD_005.basePlot.bet","D09","WOOD","WOOD_005","W","2014-05-21","2014-06-04","2014-06-05","2015-03-01",,"WOOD_005.W.20140604","Q/pjwyhQ09xv/uhEMFw1+QpYHbGQXQAeG13qP5yL4gc=","invert bycatch",,,,,,,,,,"4oCBvlQIQ4DhSH30J22+0bs0GAacIQwk",
"0ad96c80-4dff-456d-942c-6be72cc875ae","WOOD_003.basePlot.bet","D09","WOOD","WOOD_003","W","2014-05-21","2014-06-04","2014-06-05","2015-03-01",,"WOOD_003.W.20140604","gVhx7bcr2vPCjGhM8IKI/SfXobBfwef2N9Hx1VVMYWM=","invert bycatch",,,,,,,,,,"4oCBvlQIQ4DhSH30J22+0bs0GAacIQwk",
"d8851970-4c46-4abc-b4c9-ef671fe45a3e","WOOD_004.basePlot.bet","D09","WOOD","WOOD_004","W","2014-05-21","2014-06-04","2014-06-05","2015-03-01",,"WOOD_004.W.20140604","tVkCk1nh7tHbEEWbRq16SD8ao7PGbQoeng4yN2ZGaBc=","invert bycatch",,,,,,,,,,"4oCBvlQIQ4DhSH30J22+0bs0GAacIQwk",
"6db5531b-f46c-432f-91b9-c823f1a12dce","WOOD_004.basePlot.bet","D09","WOOD","WOOD_004","W","2014-05-21","2014-06-04","2014-06-05","2015-03-01",,"WOOD_004.W.20140604","tVkCk1nh7tHbEEWbRq16SIxm+G1gFrnbxBocf/5ctm4=","other carabid","CARSP14","Carabidae sp.","family",,"Latreille",,3,"Other",,"4oCBvlQIQ4DhSH30J22+0bs0GAacIQwk","individualCount estimated based on number of pinning records|"
"6652e785-ef97-4c81-a4fa-18424ed28ef1","WOOD_001.basePlot.bet","D09","WOOD","WOOD_001","W","2014-05-21","2014-06-04","2014-06-05","2015-03-01",,"WOOD_001.W.20140604","vZVALStcGzcpQ/3vYIf0cqdAAnKrsSrt2/ImdvhOsWY=","other carabid","CARSP14","Carabidae sp.","family",,"Latreille",,1,"Other",,"4oCBvlQIQ4DhSH30J22+0bs0GAacIQwk","individualCount estimated based on number of pinning records|"
"e5e2ff39-4ea1-4861-bcca-d4e433e8d1cc","WOOD_005.basePlot.bet","D09","WOOD","WOOD_005","W","2014-05-21","2014-06-04","2014-06-05","2015-03-01",,"WOOD_005.W.20140604","Q/pjwyhQ09xv/uhEMFw1+SYMvMATlH1ZoiYSandrIwA=","other carabid","CARSP14","Carabidae sp.","family",,"Latreille",,1,"Other",,"4oCBvlQIQ4DhSH30J22+0bs0GAacIQwk","individualCount estimated based on number of pinning records|"
"99170628-3022-437c-a496-345d81aab549","WOOD_006.basePlot.bet","D09","WOOD","WOOD_006","W","2014-05-21","2014-06-04","2014-06-05","2015-03-01",,"WOOD_006.W.20140604","WY3Zl9EyMidz0UP/klcwZt3XkrZtpmJtEgBkw9tIA+Y=","invert bycatch",,,,,,,,,,"4oCBvlQIQ4DhSH30J22+0bs0GAacIQwk",
"1b5a025c-0a67-4048-9fb2-2bc965322723","WOOD_007.basePlot.bet","D09","WOOD","WOOD_007","W","2014-05-21","2014-06-04","2014-06-05","2015-03-01",,"WOOD_007.W.20140604","5mkFtj0S+giWqxhoJMUcdctxcB4J3AV6tCwS6BbPHbY=","invert bycatch",,,,,,,,,,"4oCBvlQIQ4DhSH30J22+0bs0GAacIQwk",
"3b208773-1481-4cf9-985d-ef980fb47c42","WOOD_002.basePlot.bet","D09","WOOD","WOOD_002","W","2014-05-21","2014-06-04","2014-06-05","2015-03-01",,"WOOD_002.W.20140604","V7nyjIgYGmPQAknOuB/BJ3whG4KhC/R41VVuwNmTC80=","invert bycatch",,,,,,,,,,"4oCBvlQIQ4DhSH30J22+0bs0GAacIQwk",
"1a9428cd-c3ec-410c-a2f0-d9961130e5c0","WOOD_007.basePlot.bet","D09","WOOD","WOOD_007","W","2014-05-21","2014-06-04","2014-06-05","2015-03-01",,"WOOD_007.W.20140604","5mkFtj0S+giWqxhoJMUcddCwEpQL8U74gi+cURrZP4w=","other carabid","CARSP14","Carabidae sp.","family",,"Latreille",,1,"Other",,"4oCBvlQIQ4DhSH30J22+0bs0GAacIQwk","individualCount estimated based on number of pinning records|"
"4f9d35b0-1ec6-4d97-a103-64610adbda3a","WOOD_021.basePlot.bet","D09","WOOD","WOOD_021","E","2014-05-21","2014-06-04","2014-06-05","2015-03-01",,"WOOD_021.E.20140604","WrmnCoit367WZNJvLCmj/8gGP+SJsQbHWbkQCWcW+Hc=","other carabid","CARSP14","Carabidae sp.","family",,"Latreille",,14,"Other",,"4oCBvlQIQ4DhSH30J22+0bs0GAacIQwk","individualCount estimated based on number of pinning records|"
"148a80ae-c1df-4832-b191-7f9f7c0a7856","WOOD_005.basePlot.bet","D09","WOOD","WOOD_005","E","2014-05-21","2014-06-04","2014-06-05","2015-03-01",,"WOOD_005.E.20140604","Q/pjwyhQ09zZgUA2EryrLtlOSclc2jA9LxXDIP0aoUY=","invert bycatch",,,,,,,,,,"4oCBvlQIQ4DhSH30J22+0bs0GAacIQwk",
"ae5751bd-8cdc-49cf-9ee7-34cf97bb3d20","WOOD_003.basePlot.bet","D09","WOOD","WOOD_003","E","2014-05-21","2014-06-04","2014-06-05","2015-03-01",,"WOOD_003.E.20140604","gVhx7bcr2vONNgusx786u9r22ME8dffLqC7sJXJwP98=","invert bycatch",,,,,,,,,,"4oCBvlQIQ4DhSH30J22+0bs0GAacIQwk",
"219a0fef-3db7-4ec2-933c-6047e0d877a0","WOOD_003.basePlot.bet","D09","WOOD","WOOD_003","E","2014-05-21","2014-06-04","2014-06-05","2015-03-01",,"WOOD_003.E.20140604","gVhx7bcr2vONNgusx786uxBJThziQ+ui6F8NTmpPEjg=","other carabid","CARSP14","Carabidae sp.","family",,"Latreille",,3,"Other",,"4oCBvlQIQ4DhSH30J22+0bs0GAacIQwk","individualCount estimated based on number of pinning records|"
"19873bbb-a164-4419-8063-ce19a4b25215","WOOD_002.basePlot.bet","D09","WOOD","WOOD_002","E","2014-05-21","2014-06-04","2014-06-05","2015-03-01",,"WOOD_002.E.20140604","V7nyjIgYGmNgmt8YvrzpaTXmh63P+1xoauoTwsWA4Zw=","other carabid","CARSP14","Carabidae sp.","family",,"Latreille",,4,"Other",,"4oCBvlQIQ4DhSH30J22+0bs0GAacIQwk","individualCount estimated based on number of pinning records|"
"0e8c4722-8324-4265-b1a5-243aec241787","WOOD_001.basePlot.bet","D09","WOOD","WOOD_001","E","2014-05-21","2014-06-04","2014-06-05","2015-03-01",,"WOOD_001.E.20140604","vZVALStcGzff9yprho6tBJj0lqbMZPYWW3FAuwhoSvo=","invert bycatch",,,,,,,,,,"4oCBvlQIQ4DhSH30J22+0bs0GAacIQwk",
"0a41215c-6ade-4fd8-8de3-afe7cdee9b53","WOOD_006.basePlot.bet","D09","WOOD","WOOD_006","E","2014-05-21","2014-06-04","2014-06-05","2015-03-01",,"WOOD_006.E.20140604","WY3Zl9EyMicUzBdezdEqOro6b46Hgp95rMjw0tEyY8A=","invert bycatch",,,,,,,,,,"4oCBvlQIQ4DhSH30J22+0bs0GAacIQwk",
"281f410f-5014-41dc-ba2c-3260f8cfb471","WOOD_004.basePlot.bet","D09","WOOD","WOOD_004","E","2014-05-21","2014-06-04","2014-06-05","2015-03-01",,"WOOD_004.E.20140604","tVkCk1nh7tHfYtQvIQQUDXu91Dmu1i4MOSTu6eq4eN8=","other carabid","CARSP14","Carabidae sp.","family",,"Latreille",,3,"Other",,"4oCBvlQIQ4DhSH30J22+0bs0GAacIQwk","individualCount estimated based on number of pinning records|"
"4f194077-3e73-4f59-9722-69fc88baf6b8","WOOD_021.basePlot.bet","D09","WOOD","WOOD_021","E","2014-05-21","2014-06-04","2014-06-05","2015-03-01",,"WOOD_021.E.20140604","WrmnCoit367WZNJvLCmj/xQL/FIj7RlXOWW8jJikPoM=","invert bycatch",,,,,,,,,,"4oCBvlQIQ4DhSH30J22+0bs0GAacIQwk",
"69083292-2572-4394-bbb5-d1ed12cd6e45","WOOD_007.basePlot.bet","D09","WOOD","WOOD_007","E","2014-05-21","2014-06-04","2014-06-05","2015-03-01",,"WOOD_007.E.20140604","5mkFtj0S+gj7pO/JrMpZhs9omQuhrDSH21KJSBoUxKA=","invert bycatch",,,,,,,,,,"4oCBvlQIQ4DhSH30J22+0bs0GAacIQwk",
"b8cd3797-befa-40f2-b881-5759a1d7dc73","WOOD_007.basePlot.bet","D09","WOOD","WOOD_007","E","2014-05-21","2014-06-04","2014-06-05","2015-03-01",,"WOOD_007.E.20140604","5mkFtj0S+gj7pO/JrMpZhlZeHcuzyeL+/vuxq5XF1e0=","other carabid","CARSP14","Carabidae sp.","family",,"Latreille",,6,"Other",,"4oCBvlQIQ4DhSH30J22+0bs0GAacIQwk","individualCount estimated based on number of pinning records|"
"4e4b64dc-a934-4f23-9c33-5ab16c2160ee","WOOD_002.basePlot.bet","D09","WOOD","WOOD_002","E","2014-05-21","2014-06-04","2014-06-05","2015-03-01",,"WOOD_002.E.20140604","V7nyjIgYGmNgmt8YvrzpafUq0wGFhRtchEtUi/xspRA=","invert bycatch",,,,,,,,,,"4oCBvlQIQ4DhSH30J22+0bs0GAacIQwk",
"7729442d-7479-4a95-8125-92a818ed54b4","WOOD_004.basePlot.bet","D09","WOOD","WOOD_004","E","2014-05-21","2014-06-04","2014-06-05","2015-03-01",,"WOOD_004.E.20140604","tVkCk1nh7tHfYtQvIQQUDYxRjsQkmYFl2hdszbUCreQ=","invert bycatch",,,,,,,,,,"4oCBvlQIQ4DhSH30J22+0bs0GAacIQwk",
"40229d6c-bac8-441f-b0f2-ef204ae4731c","WOOD_005.basePlot.bet","D09","WOOD","WOOD_005","N","2014-05-21","2014-06-04","2014-06-05","2015-03-01",,"WOOD_005.N.20140604","Q/pjwyhQ09w3gbpA5THbKNJtHWAMc3D9HvTseI/9uHs=","other carabid","CARSP14","Carabidae sp.","family",,"Latreille",,1,"Other",,"4oCBvlQIQ4DhSH30J22+0bs0GAacIQwk","individualCount estimated based on number of pinning records|"
"30cfcb38-bda7-47a4-8b2b-6394fd666bcb","WOOD_003.basePlot.bet","D09","WOOD","WOOD_003","N","2014-05-21","2014-06-04","2014-06-05","2015-03-01",,"WOOD_003.N.20140604","gVhx7bcr2vMTLe1H6MP3kSNb2JHKNw15254LqT3Q8JQ=","other carabid","CARSP14","Carabidae sp.","family",,"Latreille",,3,"Other",,"4oCBvlQIQ4DhSH30J22+0bs0GAacIQwk","individualCount estimated based on number of pinning records|"
"3fc7bbad-d13e-4664-8e46-dc7e527f1fbc","WOOD_004.basePlot.bet","D09","WOOD","WOOD_004","N","2014-05-21","2014-06-04","2014-06-05","2015-03-01",,"WOOD_004.N.20140604","tVkCk1nh7tE28lJL7FyXHaTlCKuWMita8PsZ+Issu1g=","other carabid","CARSP14","Carabidae sp.","family",,"Latreille",,3,"Other",,"4oCBvlQIQ4DhSH30J22+0bs0GAacIQwk","individualCount estimated based on number of pinning records|"
"2320c3ab-b27b-4312-9690-bbaebf20a5cb","WOOD_002.basePlot.bet","D09","WOOD","WOOD_002","N","2014-05-21","2014-06-04","2014-06-05","2015-03-01",,"WOOD_002.N.20140604","V7nyjIgYGmM14b83AbvrZeOdbd9PE1RXyK3tL/EFaa4=","invert bycatch",,,,,,,,,,"4oCBvlQIQ4DhSH30J22+0bs0GAacIQwk",
"83673f42-fa9c-49f4-b993-49902782bbe1","WOOD_001.basePlot.bet","D09","WOOD","WOOD_001","N","2014-05-21","2014-06-04","2014-06-05","2015-03-01",,"WOOD_001.N.20140604","vZVALStcGzdyoE+yF+iVjHBHqBzHapdK+gnOby9VoQA=","invert bycatch",,,,,,,,,,"4oCBvlQIQ4DhSH30J22+0bs0GAacIQwk",
"3ffc932c-4144-4c53-b4f6-732484870f0f","WOOD_001.basePlot.bet","D09","WOOD","WOOD_001","N","2014-05-21","2014-06-04","2014-06-05","2015-03-01",,"WOOD_001.N.20140604","vZVALStcGzdyoE+yF+iVjABd5d7xAUipf0zbvBwaYzI=","other carabid","CARSP14","Carabidae sp.","family",,"Latreille",,2,"Other",,"4oCBvlQIQ4DhSH30J22+0bs0GAacIQwk","individualCount estimated based on number of pinning records|"
"0088ad41-0e70-4757-bb16-529f8061a71e","WOOD_002.basePlot.bet","D09","WOOD","WOOD_002","N","2014-05-21","2014-06-04","2014-06-05","2015-03-01",,"WOOD_002.N.20140604","V7nyjIgYGmM14b83AbvrZSM8FJguGVSBH4JU8K6ZgE8=","other carabid","CARSP14","Carabidae sp.","family",,"Latreille",,1,"Other",,"4oCBvlQIQ4DhSH30J22+0bs0GAacIQwk","individualCount estimated based on number of pinning records|"
"8fcb1da7-b581-405f-bb6f-984d1a103b11","WOOD_007.basePlot.bet","D09","WOOD","WOOD_007","N","2014-05-21","2014-06-04","2014-06-05","2015-03-01",,"WOOD_007.N.20140604","5mkFtj0S+gi+5cuZpstDP3e9RuZGwwUrMOinZseUZdE=","other carabid","CARSP14","Carabidae sp.","family",,"Latreille",,1,"Other",,"4oCBvlQIQ4DhSH30J22+0bs0GAacIQwk","individualCount estimated based on number of pinning records|"
"58e59319-eef0-430b-95c5-fa27e09b3422","WOOD_007.basePlot.bet","D09","WOOD","WOOD_007","N","2014-05-21","2014-06-04","2014-06-05","2015-03-01",,"WOOD_007.N.20140604","5mkFtj0S+gi+5cuZpstDP3ACwA03Iow9vbDHTans3tw=","invert bycatch",,,,,,,,,,"4oCBvlQIQ4DhSH30J22+0bs0GAacIQwk",
"31e2147c-97e3-4285-b8ad-88895f6e1cf5","WOOD_021.basePlot.bet","D09","WOOD","WOOD_021","E","2014-06-04","2014-06-18","2014-06-19","2015-03-01",,"WOOD_021.E.20140618","WrmnCoit367WZNJvLCmj/78Wr00w/pfJ9uMArSIXUdg=","other carabid","CARSP14","Carabidae sp.","family",,"Latreille",,7,"Other",,"4oCBvlQIQ4DhSH30J22+0bs0GAacIQwk","individualCount estimated based on number of pinning records|"
"d0265323-2349-41e2-a4ad-fafec8716667","WOOD_001.basePlot.bet","D09","WOOD","WOOD_001","W","2014-06-04","2014-06-18","2014-06-19","2015-03-01",,"WOOD_001.W.20140618","vZVALStcGzcpQ/3vYIf0cr0ePtgE4ze+JPe8LgVF3FU=","invert bycatch",,,,,,,,,,"4oCBvlQIQ4DhSH30J22+0bs0GAacIQwk",
"81f757db-6707-4b72-9a80-a8ec51802f39","WOOD_007.basePlot.bet","D09","WOOD","WOOD_007","E","2014-06-04","2014-06-18","2014-06-19","2015-03-01",,"WOOD_007.E.20140618","5mkFtj0S+gj7pO/JrMpZhpXP29tQUZCf2AIl/EXVRdA=","other carabid","CARSP14","Carabidae sp.","family",,"Latreille",,1,"Other",,"4oCBvlQIQ4DhSH30J22+0bs0GAacIQwk","individualCount estimated based on number of pinning records|"
"63e370b8-9789-4028-a574-b5159d018a7f","WOOD_005.basePlot.bet","D09","WOOD","WOOD_005","E","2014-06-04","2014-06-18","2014-06-19","2015-03-01",,"WOOD_005.E.20140618","Q/pjwyhQ09zZgUA2EryrLqT5SSB/8e+Q6dARZCFEhdg=","invert bycatch",,,,,,,,,,"4oCBvlQIQ4DhSH30J22+0bs0GAacIQwk",
"ce0a4700-b0e5-4c7a-8e3a-31d83d3d5cc0","WOOD_001.basePlot.bet","D09","WOOD","WOOD_001","E","2014-06-04","2014-06-18","2014-06-19","2015-03-01",,"WOOD_001.E.20140618","vZVALStcGzff9yprho6tBFlTqlViHojvbCGrZUPovOw=","invert bycatch",,,,,,,,,,"4oCBvlQIQ4DhSH30J22+0bs0GAacIQwk",
"af850aea-b2fa-4670-a3ed-44335bde254b","WOOD_007.basePlot.bet","D09","WOOD","WOOD_007","E","2014-06-04","2014-06-18","2014-06-19","2015-03-01",,"WOOD_007.E.20140618","5mkFtj0S+gj7pO/JrMpZhviNOWsAnXiTiCo0tDVbA8U=","invert bycatch",,,,,,,,,,"4oCBvlQIQ4DhSH30J22+0bs0GAacIQwk",
"1ded137b-4511-4a27-8def-f260379378fe","WOOD_003.basePlot.bet","D09","WOOD","WOOD_003","E","2014-06-04","2014-06-18","2014-06-19","2015-03-01",,"WOOD_003.E.20140618","gVhx7bcr2vONNgusx786uxg/jGAs85484tMJDY8KKeI=","other carabid","CARSP14","Carabidae sp.","family",,"Latreille",,4,"Other",,"4oCBvlQIQ4DhSH30J22+0bs0GAacIQwk","individualCount estimated based on number of pinning records|"
"d60f782b-23bb-4f6a-9f60-620ecc00b482","WOOD_003.basePlot.bet","D09","WOOD","WOOD_003","E","2014-06-04","2014-06-18","2014-06-19","2015-03-01",,"WOOD_003.E.20140618","gVhx7bcr2vONNgusx786uygms4QTj5m2WJcQR5g5KnI=","invert bycatch",,,,,,,,,,"4oCBvlQIQ4DhSH30J22+0bs0GAacIQwk",
"a6ddea74-dc67-4b18-9aa0-fc49b180eeca","WOOD_004.basePlot.bet","D09","WOOD","WOOD_004","E","2014-06-04","2014-06-18","2014-06-19","2015-03-01",,"WOOD_004.E.20140618","tVkCk1nh7tHfYtQvIQQUDR6OWvcTfrufc7T1uJAQyqI=","other carabid","CARSP14","Carabidae sp.","family",,"Latreille",,1,"Other",,"4oCBvlQIQ4DhSH30J22+0bs0GAacIQwk","individualCount estimated based on number of pinning records|"
"2f640a77-5115-490e-b172-cec956051d0a","WOOD_006.basePlot.bet","D09","WOOD","WOOD_006","E","2014-06-04","2014-06-18","2014-06-19","2015-03-01",,"WOOD_006.E.20140618","WY3Zl9EyMicUzBdezdEqOq6gAatDO1zy9UJgTVM9cWw=","invert bycatch",,,,,,,,,,"4oCBvlQIQ4DhSH30J22+0bs0GAacIQwk",
"6b68b41a-2cf3-448c-9bf6-8bf5583f59b3","WOOD_002.basePlot.bet","D09","WOOD","WOOD_002","E","2014-06-04","2014-06-18","2014-06-19","2015-03-01",,"WOOD_002.E.20140618","V7nyjIgYGmNgmt8YvrzpacZSqNxCdWkwikzn4TnSBA4=","invert bycatch",,,,,,,,,,"4oCBvlQIQ4DhSH30J22+0bs0GAacIQwk",
"a21bae58-27b9-4b1b-a89b-34263ff20a23","WOOD_005.basePlot.bet","D09","WOOD","WOOD_005","N","2014-06-04","2014-06-18","2014-06-19","2015-03-01",,"WOOD_005.N.20140618","Q/pjwyhQ09w3gbpA5THbKKBt6CLRf9ghyboIS0pgrDw=","invert bycatch",,,,,,,,,,"4oCBvlQIQ4DhSH30J22+0bs0GAacIQwk",
"8785a7e1-9639-4c70-829e-1ea23506a17d","WOOD_023.basePlot.bet","D09","WOOD","WOOD_023","N","2014-06-04","2014-06-18","2014-06-19","2015-03-01",,"WOOD_023.N.20140618","HkhQBNKo1QBqCKqKUXV6Pz/Qi+53QiWWfxCjwhv9kD0=","invert bycatch",,,,,,,,,,"4oCBvlQIQ4DhSH30J22+0bs0GAacIQwk",
"7daa3ce3-1576-4939-b825-36cbdbb0df1a","WOOD_002.basePlot.bet","D09","WOOD","WOOD_002","N","2014-06-04","2014-06-18","2014-06-19","2015-03-01",,"WOOD_002.N.20140618","V7nyjIgYGmM14b83AbvrZblexwzCkHDBMawZVl5zzWA=","invert bycatch",,,,,,,,,,"4oCBvlQIQ4DhSH30J22+0bs0GAacIQwk",
"f347f6dd-945d-48c5-90f3-6d0b57a9584c","WOOD_002.basePlot.bet","D09","WOOD","WOOD_002","N","2014-06-04","2014-06-18","2014-06-19","2015-03-01",,"WOOD_002.N.20140618","V7nyjIgYGmM14b83AbvrZR3LzI7ZgMFybesJCG/lIpM=","other carabid","CARSP14","Carabidae sp.","family",,"Latreille",,2,"Other",,"4oCBvlQIQ4DhSH30J22+0bs0GAacIQwk","individualCount estimated based on number of pinning records|"
"f853219d-1c03-40c5-b116-b95b3b97c991","WOOD_007.basePlot.bet","D09","WOOD","WOOD_007","N","2014-06-04","2014-06-18","2014-06-19","2015-03-01",,"WOOD_007.N.20140618","5mkFtj0S+gi+5cuZpstDP4RwJwmtbgQnwm0Q3L6H59A=","invert bycatch",,,,,,,,,,"4oCBvlQIQ4DhSH30J22+0bs0GAacIQwk",
"255a4531-e4c0-462a-a670-e8226e268a71","WOOD_003.basePlot.bet","D09","WOOD","WOOD_003","N","2014-06-04","2014-06-18","2014-06-19","2015-03-01",,"WOOD_003.N.20140618","gVhx7bcr2vMTLe1H6MP3kZTEv6PaFBisO9N8yCJpkaw=","invert bycatch",,,,,,,,,,"4oCBvlQIQ4DhSH30J22+0bs0GAacIQwk",
"769cee62-f372-4023-83b9-dbbcb191c4a3","WOOD_006.basePlot.bet","D09","WOOD","WOOD_006","N","2014-06-04","2014-06-18","2014-06-19","2015-03-01",,"WOOD_006.N.20140618","WY3Zl9EyMifynNEAFRb+YdQeByBmUbmQxwwzLruQIbw=","invert bycatch",,,,,,,,,,"4oCBvlQIQ4DhSH30J22+0bs0GAacIQwk",
"609ee240-ae28-4a67-836f-22e65ac28529","WOOD_001.basePlot.bet","D09","WOOD","WOOD_001","N","2014-06-04","2014-06-18","2014-06-19","2015-03-01",,"WOOD_001.N.20140618","vZVALStcGzdyoE+yF+iVjPWDv/mzngqcteudmhnEZII=","invert bycatch",,,,,,,,,,"4oCBvlQIQ4DhSH30J22+0bs0GAacIQwk",
"05c7b3c4-e9eb-46d0-bcc0-bc08211382fb","WOOD_006.basePlot.bet","D09","WOOD","WOOD_006","N","2014-06-04","2014-06-18","2014-06-19","2015-03-01",,"WOOD_006.N.20140618","WY3Zl9EyMifynNEAFRb+YbjUdnEEMZoqeLmhjIrrouA=","other carabid","CARSP14","Carabidae sp.","family",,"Latreille",,1,"Other",,"4oCBvlQIQ4DhSH30J22+0bs0GAacIQwk","individualCount estimated based on number of pinning records|"
"bd5cce44-4657-468f-b489-52958548c787","WOOD_004.basePlot.bet","D09","WOOD","WOOD_004","N","2014-06-04","2014-06-18","2014-06-19","2015-03-01",,"WOOD_004.N.20140618","tVkCk1nh7tE28lJL7FyXHVLLXEoVtMJM5NP7b9CTd48=","invert bycatch",,,,,,,,,,"4oCBvlQIQ4DhSH30J22+0bs0GAacIQwk",
"2a3ec423-ed35-4d91-ab04-3f291028f547","WOOD_003.basePlot.bet","D09","WOOD","WOOD_003","N","2014-06-04","2014-06-18","2014-06-19","2015-03-01",,"WOOD_003.N.20140618","gVhx7bcr2vMTLe1H6MP3kdLO1tG3jLqw/RBLeEPyPhI=","other carabid","CARSP14","Carabidae sp.","family",,"Latreille",,4,"Other",,"4oCBvlQIQ4DhSH30J22+0bs0GAacIQwk","individualCount estimated based on number of pinning records|"
"92b712ec-1b75-476a-b441-48f6d4e53209","WOOD_007.basePlot.bet","D09","WOOD","WOOD_007","S","2014-06-04","2014-06-18","2014-06-19","2015-03-01",,"WOOD_007.S.20140618","5mkFtj0S+gg0a2xCp7wQfNJdrQaEnJd4yunt0m5XmCU=","other carabid","CARSP14","Carabidae sp.","family",,"Latreille",,1,"Other",,"4oCBvlQIQ4DhSH30J22+0bs0GAacIQwk","individualCount estimated based on number of pinning records|"
"edddbb37-8186-4b92-83bc-78360a0885f4","WOOD_001.basePlot.bet","D09","WOOD","WOOD_001","S","2014-06-04","2014-06-18","2014-06-19","2015-03-01",,"WOOD_001.S.20140618","vZVALStcGzcsjDNtnU4ax14eXVVaX+rHv8qMqbNghxs=","invert bycatch",,,,,,,,,,"4oCBvlQIQ4DhSH30J22+0bs0GAacIQwk",
"e69c5195-4e48-4b94-bab9-d519d96c558b","WOOD_006.basePlot.bet","D09","WOOD","WOOD_006","S","2014-06-04","2014-06-18","2014-06-19","2015-03-01",,"WOOD_006.S.20140618","WY3Zl9EyMidI05w9/bH7KoRw+i94bK9U7L6w/eDaezQ=","invert bycatch",,,,,,,,,,"4oCBvlQIQ4DhSH30J22+0bs0GAacIQwk",
"7d372153-8a87-4ed3-96ec-05e5a55c53f6","WOOD_004.basePlot.bet","D09","WOOD","WOOD_004","S","2014-06-04","2014-06-18","2014-06-19","2015-03-01",,"WOOD_004.S.20140618","tVkCk1nh7tFXJarjS3K7doQi28CsYcA5WdeYtE8Yjos=","invert bycatch",,,,,,,,,,"4oCBvlQIQ4DhSH30J22+0bs0GAacIQwk",
"29fb2c44-9892-419c-88cd-ce15be40caba","WOOD_001.basePlot.bet","D09","WOOD","WOOD_001","S","2014-06-04","2014-06-18","2014-06-19","2015-03-01",,"WOOD_001.S.20140618","vZVALStcGzcsjDNtnU4ax9X2+NbRVhm4dH6T7xSN6HQ=","other carabid","CARSP14","Carabidae sp.","family",,"Latreille",,2,"Other",,"4oCBvlQIQ4DhSH30J22+0bs0GAacIQwk","individualCount estimated based on number of pinning records|"
"c1fb3482-fed8-4c1b-bc6e-2f1a6f67c471","WOOD_003.basePlot.bet","D09","WOOD","WOOD_003","S","2014-06-04","2014-06-18","2014-06-19","2015-03-01",,"WOOD_003.S.20140618","gVhx7bcr2vNO9BM+IMQoSfxTHRcAGjTQqmXLuH/WtJE=","invert bycatch",,,,,,,,,,"4oCBvlQIQ4DhSH30J22+0bs0GAacIQwk",
"3a148a7b-77ed-459c-8a19-adb83874f613","WOOD_023.basePlot.bet","D09","WOOD","WOOD_023","S","2014-06-04","2014-06-18","2014-06-19","2015-03-01",,"WOOD_023.S.20140618","HkhQBNKo1QBcW+aqjFtpiPEdV7zQoNV7PxXcdrKg650=","invert bycatch",,,,,,,,,,"4oCBvlQIQ4DhSH30J22+0bs0GAacIQwk",
"2e07c650-b26a-4238-9b66-3c9e5d3ce030","WOOD_002.basePlot.bet","D09","WOOD","WOOD_002","S","2014-06-04","2014-06-18","2014-06-19","2015-03-01",,"WOOD_002.S.20140618","V7nyjIgYGmPeVUxGodh0zO3PMbP6UgQnItkfFmjuF7I=","other carabid","CARSP14","Carabidae sp.","family",,"Latreille",,1,"Other",,"4oCBvlQIQ4DhSH30J22+0bs0GAacIQwk","individualCount estimated based on number of pinning records|"
"5311f60e-c975-4905-8033-c54d9effa87a","WOOD_002.basePlot.bet","D09","WOOD","WOOD_002","S","2014-06-04","2014-06-18","2014-06-19","2015-03-01",,"WOOD_002.S.20140618","V7nyjIgYGmPeVUxGodh0zIlDIONSStscDJzQhjTYShk=","invert bycatch",,,,,,,,,,"4oCBvlQIQ4DhSH30J22+0bs0GAacIQwk",
"ce549091-48bf-431c-8658-da18f7b9a47b","WOOD_007.basePlot.bet","D09","WOOD","WOOD_007","S","2014-06-04","2014-06-18","2014-06-19","2015-03-01",,"WOOD_007.S.20140618","5mkFtj0S+gg0a2xCp7wQfBMhbF7Onj7LRd1waUqASb8=","invert bycatch",,,,,,,,,,"4oCBvlQIQ4DhSH30J22+0bs0GAacIQwk",
"e7e7c63b-2e45-4525-a7f6-1f2822134449","WOOD_005.basePlot.bet","D09","WOOD","WOOD_005","S","2014-06-04","2014-06-18","2014-06-19","2015-03-01",,"WOOD_005.S.20140618","Q/pjwyhQ09wKA+kCZ0yp6E+3pUQP61lB410nhQfdz6A=","invert bycatch",,,,,,,,,,"4oCBvlQIQ4DhSH30J22+0bs0GAacIQwk",
"2beb70c9-7d47-4542-a70b-f6ab9282bb82","WOOD_023.basePlot.bet","D09","WOOD","WOOD_023","S","2014-06-04","2014-06-18","2014-06-19","2015-03-01",,"WOOD_023.S.20140618","HkhQBNKo1QBcW+aqjFtpiOu4KcFHS4c8BuDtmJog5QQ=","other carabid","CARSP14","Carabidae sp.","family",,"Latreille",,9,"Other",,"4oCBvlQIQ4DhSH30J22+0bs0GAacIQwk","individualCount estimated based on number of pinning records|"
"3360018f-4610-4f34-a8b8-95528b438073","WOOD_006.basePlot.bet","D09","WOOD","WOOD_006","W","2014-06-04","2014-06-18","2014-06-19","2015-03-01",,"WOOD_006.W.20140618","WY3Zl9EyMidz0UP/klcwZuKIEelg3tsBLXGcSntdPX4=","invert bycatch",,,,,,,,,,"4oCBvlQIQ4DhSH30J22+0bs0GAacIQwk",
"fd4ab264-55d8-4dcf-b902-075a9e8a5eff","WOOD_005.basePlot.bet","D09","WOOD","WOOD_005","W","2014-06-04","2014-06-18","2014-06-19","2015-03-01",,"WOOD_005.W.20140618","Q/pjwyhQ09xv/uhEMFw1+RddW+uWn922cxjpIuQ5C4w=","invert bycatch",,,,,,,,,,"4oCBvlQIQ4DhSH30J22+0bs0GAacIQwk",
"2274d84d-7193-4379-af1f-8da21c44cae2","WOOD_003.basePlot.bet","D09","WOOD","WOOD_003","W","2014-06-04","2014-06-18","2014-06-19","2015-03-01",,"WOOD_003.W.20140618","gVhx7bcr2vPCjGhM8IKI/aDQ3Et9KA1VNmr+4GzsruU=","invert bycatch",,,,,,,,,,"4oCBvlQIQ4DhSH30J22+0bs0GAacIQwk",
"006d3007-c12c-4d7c-ac21-dd5aed79a711","WOOD_004.basePlot.bet","D09","WOOD","WOOD_004","W","2014-06-04","2014-06-18","2014-06-19","2015-03-01",,"WOOD_004.W.20140618","tVkCk1nh7tHbEEWbRq16SEz5CVRUs2ays1+cA0sMlMc=","invert bycatch",,,,,,,,,,"4oCBvlQIQ4DhSH30J22+0bs0GAacIQwk",
"4884c5b1-a04d-470d-95a8-932d6b7e4023","WOOD_002.basePlot.bet","D09","WOOD","WOOD_002","W","2014-06-04","2014-06-18","2014-06-19","2015-03-01",,"WOOD_002.W.20140618","V7nyjIgYGmPQAknOuB/BJ+2n36lJs/+JyzZKa5buO0g=","invert bycatch",,,,,,,,,,"4oCBvlQIQ4DhSH30J22+0bs0GAacIQwk",
"11f6d72c-4ad2-4fa5-9078-d5f9cfa48163","WOOD_007.basePlot.bet","D09","WOOD","WOOD_007","W","2014-06-04","2014-06-18","2014-06-19","2015-03-01",,"WOOD_007.W.20140618","5mkFtj0S+giWqxhoJMUcdXvoEexp7ytb2zLYconeuXA=","other carabid","CARSP14","Carabidae sp.","family",,"Latreille",,1,"Other",,"4oCBvlQIQ4DhSH30J22+0bs0GAacIQwk","individualCount estimated based on number of pinning records|"
"d91ef270-a8eb-478c-8e14-2bac56b32394","WOOD_007.basePlot.bet","D09","WOOD","WOOD_007","W","2014-06-04","2014-06-18","2014-06-19","2015-03-01",,"WOOD_007.W.20140618","5mkFtj0S+giWqxhoJMUcdXINz9P2stAAE1337XbSpWY=","invert bycatch",,,,,,,,,,"4oCBvlQIQ4DhSH30J22+0bs0GAacIQwk",
"4b820bcc-88ff-4910-bd2c-4d02320f26c5","WOOD_004.basePlot.bet","D09","WOOD","WOOD_004","E","2014-06-04","2014-06-18","2014-06-19","2015-03-01",,"WOOD_004.E.20140618","tVkCk1nh7tHfYtQvIQQUDRQvGHmn8dYof4RLDEkUljA=","invert bycatch",,,,,,,,,,"4oCBvlQIQ4DhSH30J22+0bs0GAacIQwk",
