uid,namedLocation,domainID,siteID,plotID,trapID,setDate,collectDate,processingDate,identifiedDate,subsampleID,individualID,taxonID,scientificName,taxonRank,identificationQualifier,scientificNameAuthorship,morphospeciesID,identificationReferences,totalLength,identifiedBy,recordedBy,remarks
"f2e6bf6d-55c7-44a9-9ba3-2c984cd6c388","WOOD_006.basePlot.bet","D09","WOOD","WOOD_006","N","2014-07-30","2014-08-13","2015-04-07","2015-04-07","WY3Zl9EyMifynNEAFRb+YbMQ5uzKCSi+uwY3f2FevNU=","NEON.BET.D09.000131","CARSP14","Carabidae sp.","family",,"Latreille","D09.2014.MorphA","Other",,"9hOSS3gpVvHUvdbHcI4XlVp94UoAF+Qh","9hOSS3gpVvHUvdbHcI4XlVp94UoAF+Qh","Wrinkles| medium to large sized| glossy black throughout| posterior edge of upper pronotum has several distinctive sutures"
"49f87c55-bfcd-48e1-8ce1-971051cc8744","WOOD_023.basePlot.bet","D09","WOOD","WOOD_023","N","2014-07-30","2014-08-13","2015-04-23","2015-04-23","HkhQBNKo1QBqCKqKUXV6P8f/Hbnbpc6jXXqk8IPosAQ=","NEON.BET.D09.000495","CARSP14","Carabidae sp.","family",,"Latreille","D09.2014.MorphAN","Other",,"4oCBvlQIQ4DhSH30J22+0bs0GAacIQwk","4oCBvlQIQ4DhSH30J22+0bs0GAacIQwk","Little-pocked-rufous| plica, setae on 3rd interstice| small size| flattened point on posterior corner of pronotum| reddish-yellow legs| rufous elytra| pocked striae"
"527632d1-5481-47f5-a366-fd23aa02cbd0","WOOD_023.basePlot.bet","D09","WOOD","WOOD_023","N","2014-07-30","2014-08-13","2015-04-23","2015-04-23","HkhQBNKo1QBqCKqKUXV6P8f/Hbnbpc6jXXqk8IPosAQ=","NEON.BET.D09.000493","CARSP14","Carabidae sp.","family",,"Latreille","D09.2014.MorphAN","Other",,"4oCBvlQIQ4DhSH30J22+0bs0GAacIQwk","4oCBvlQIQ4DhSH30J22+0bs0GAacIQwk","Little-pocked-rufous| plica, setae on 3rd interstice| small size| flattened point on posterior corner of pronotum| reddish-yellow legs| rufous elytra| pocked striae"
"c6ffc101-eee6-419f-a20a-2f8f7863c025","WOOD_023.basePlot.bet","D09","WOOD","WOOD_023","N","2014-07-30","2014-08-13","2015-04-23","2015-04-23","HkhQBNKo1QBqCKqKUXV6P8f/Hbnbpc6jXXqk8IPosAQ=","NEON.BET.D09.000492","CARSP14","Carabidae sp.","family",,"Latreille","D09.2014.MorphAN","Other",,"4oCBvlQIQ4DhSH30J22+0bs0GAacIQwk","4oCBvlQIQ4DhSH30J22+0bs0GAacIQwk","Little-pocked-rufous| plica, setae on 3rd interstice| small size| flattened point on posterior corner of pronotum| reddish-yellow legs| rufous elytra| pocked striae"
"bb15e541-331e-40ba-9bc6-90345395b2be","WOOD_023.basePlot.bet","D09","WOOD","WOOD_023","N","2014-07-30","2014-08-13","2015-04-23","2015-04-23","HkhQBNKo1QBqCKqKUXV6P8f/Hbnbpc6jXXqk8IPosAQ=","NEON.BET.D09.000494","CARSP14","Carabidae sp.","family",,"Latreille","D09.2014.MorphAN","Other",,"4oCBvlQIQ4DhSH30J22+0bs0GAacIQwk","4oCBvlQIQ4DhSH30J22+0bs0GAacIQwk","Little-pocked-rufous| plica, setae on 3rd interstice| small size| flattened point on posterior corner of pronotum| reddish-yellow legs| rufous elytra| pocked striae"
"44c078b6-ab94-48c7-ba8e-33425956ce86","WOOD_023.basePlot.bet","D09","WOOD","WOOD_023","N","2014-07-30","2014-08-13","2015-04-22","2015-04-22","HkhQBNKo1QBqCKqKUXV6P8f/Hbnbpc6jXXqk8IPosAQ=","NEON.BET.D09.000280","CARSP14","Carabidae sp.","family",,"Latreille","D09.2014.MorphF","Other",,"GOvgZIvQ0qQHj/ySC0OOMgunX2ZttPpr","GOvgZIvQ0qQHj/ySC0OOMgunX2ZttPpr","Mini-pale-shoulders| small| similar to D09.2014.MorphE, except pale-shoulder coloration is less apparent or non-existent"
"68b3d9c1-6f7a-4c81-9d76-6cff1a3ba769","WOOD_023.basePlot.bet","D09","WOOD","WOOD_023","N","2014-07-30","2014-08-13","2015-04-23","2015-04-23","HkhQBNKo1QBqCKqKUXV6P8f/Hbnbpc6jXXqk8IPosAQ=","NEON.BET.D09.000491","CARSP14","Carabidae sp.","family",,"Latreille","D09.2014.MorphAN","Other",,"4oCBvlQIQ4DhSH30J22+0bs0GAacIQwk","4oCBvlQIQ4DhSH30J22+0bs0GAacIQwk","Little-pocked-rufous| plica, setae on 3rd interstice| small size| flattened point on posterior corner of pronotum| reddish-yellow legs| rufous elytra| pocked striae"
"e459e5b0-69b9-46ec-a0cf-1273aa2ce2ab","WOOD_023.basePlot.bet","D09","WOOD","WOOD_023","N","2014-07-30","2014-08-13","2015-04-22","2015-04-22","HkhQBNKo1QBqCKqKUXV6P8f/Hbnbpc6jXXqk8IPosAQ=","NEON.BET.D09.000298","CARSP14","Carabidae sp.","family",,"Latreille","D09.2014.MorphL","Other",,"GOvgZIvQ0qQHj/ySC0OOMgunX2ZttPpr","GOvgZIvQ0qQHj/ySC0OOMgunX2ZttPpr","Skinny-goldilegs| medium size| plica present| setae on 3rd interstice| dark rufous to brown color on dorsal surface| nearly black ventral surface| legs golden color"
"9fcfe978-8466-4d4b-8236-8ec0199e12fc","WOOD_023.basePlot.bet","D09","WOOD","WOOD_023","N","2014-07-30","2014-08-13","2015-04-22","2015-04-22","HkhQBNKo1QBqCKqKUXV6P8f/Hbnbpc6jXXqk8IPosAQ=","NEON.BET.D09.000297","CARSP14","Carabidae sp.","family",,"Latreille","D09.2014.MorphL","Other",,"GOvgZIvQ0qQHj/ySC0OOMgunX2ZttPpr","GOvgZIvQ0qQHj/ySC0OOMgunX2ZttPpr","Skinny-goldilegs| medium size| plica present| setae on 3rd interstice| dark rufous to brown color on dorsal surface| nearly black ventral surface| legs golden color"
"3d58836f-f662-42fa-8a49-cc0607ee42a0","WOOD_023.basePlot.bet","D09","WOOD","WOOD_023","N","2014-07-30","2014-08-13","2015-04-22","2015-04-22","HkhQBNKo1QBqCKqKUXV6P8f/Hbnbpc6jXXqk8IPosAQ=","NEON.BET.D09.000279","CARSP14","Carabidae sp.","family",,"Latreille","D09.2014.MorphF","Other",,"GOvgZIvQ0qQHj/ySC0OOMgunX2ZttPpr","GOvgZIvQ0qQHj/ySC0OOMgunX2ZttPpr","Mini-pale-shoulders| small| similar to D09.2014.MorphE, except pale-shoulder coloration is less apparent or non-existent"
"3c0636b3-8c34-46c6-9451-58dc7c433167","WOOD_023.basePlot.bet","D09","WOOD","WOOD_023","N","2014-07-30","2014-08-13","2015-04-23","2015-04-23","HkhQBNKo1QBqCKqKUXV6P8f/Hbnbpc6jXXqk8IPosAQ=","NEON.BET.D09.000496","CARSP14","Carabidae sp.","family",,"Latreille","D09.2014.MorphAN","Other",,"4oCBvlQIQ4DhSH30J22+0bs0GAacIQwk","4oCBvlQIQ4DhSH30J22+0bs0GAacIQwk","Little-pocked-rufous| plica, setae on 3rd interstice| small size| flattened point on posterior corner of pronotum| reddish-yellow legs| rufous elytra| pocked striae"
"ed63c332-0e27-496d-b3f3-dfca0bd8bcda","WOOD_023.basePlot.bet","D09","WOOD","WOOD_023","N","2014-07-30","2014-08-13","2015-04-22","2015-04-22","HkhQBNKo1QBqCKqKUXV6P8f/Hbnbpc6jXXqk8IPosAQ=","NEON.BET.D09.000281","CARSP14","Carabidae sp.","family",,"Latreille","D09.2014.MorphF","Other",,"GOvgZIvQ0qQHj/ySC0OOMgunX2ZttPpr","GOvgZIvQ0qQHj/ySC0OOMgunX2ZttPpr","Mini-pale-shoulders| small| similar to D09.2014.MorphE, except pale-shoulder coloration is less apparent or non-existent"
"cd7b3d18-150d-4272-a270-6ad7e88f4ed1","WOOD_002.basePlot.bet","D09","WOOD","WOOD_002","N","2014-07-30","2014-08-13","2015-04-21","2015-04-21","V7nyjIgYGmM14b83AbvrZapF4OEYOZeC+AE+TY1Wezk=","NEON.BET.D09.000252","CARSP14","Carabidae sp.","family",,"Latreille","D09.2014.MorphE","Other",,"GOvgZIvQ0qQHj/ySC0OOMgunX2ZttPpr","GOvgZIvQ0qQHj/ySC0OOMgunX2ZttPpr","Pale-shoulders| medium sized| reddish-tan elytra (anterior), fading to chocolate-brown (posterior) cleft pronotum| brownish-yellow legs"
"ab2c8f3c-9b59-432f-a935-1d1a83e15c59","WOOD_002.basePlot.bet","D09","WOOD","WOOD_002","N","2014-07-30","2014-08-13","2015-04-21","2015-04-21","V7nyjIgYGmM14b83AbvrZapF4OEYOZeC+AE+TY1Wezk=","NEON.BET.D09.000250","CARSP14","Carabidae sp.","family",,"Latreille","D09.2014.MorphE","Other",,"a/0SlN26fEtmJ3LLysIxkaRUfZvckIBE","a/0SlN26fEtmJ3LLysIxkaRUfZvckIBE","Pale-shoulders| medium sized| reddish-tan elytra (anterior), fading to chocolate-brown (posterior) cleft pronotum| brownish-yellow legs"
"d8eea0aa-46be-410d-b568-1b574790cf77","WOOD_002.basePlot.bet","D09","WOOD","WOOD_002","N","2014-07-30","2014-08-13","2015-04-21","2015-04-21","V7nyjIgYGmM14b83AbvrZapF4OEYOZeC+AE+TY1Wezk=","NEON.BET.D09.000251","CARSP14","Carabidae sp.","family",,"Latreille","D09.2014.MorphE","Other",,"GOvgZIvQ0qQHj/ySC0OOMgunX2ZttPpr","GOvgZIvQ0qQHj/ySC0OOMgunX2ZttPpr","Pale-shoulders| medium sized| reddish-tan elytra (anterior), fading to chocolate-brown (posterior) cleft pronotum| brownish-yellow legs"
"fdcf7a67-72f5-4ae9-b82f-558f7eeeeff8","WOOD_003.basePlot.bet","D09","WOOD","WOOD_003","S","2014-07-30","2014-08-13","2015-04-22","2015-04-22","gVhx7bcr2vNO9BM+IMQoSYmZBWjYxBKYcUXHGR/Zluk=","NEON.BET.D09.000343","CARSP14","Carabidae sp.","family",,"Latreille","D09.2014.MorphN","Other",,"GOvgZIvQ0qQHj/ySC0OOMgunX2ZttPpr","GOvgZIvQ0qQHj/ySC0OOMgunX2ZttPpr","Like-HAHE-but-black-elytra| medium size| similar to HAHE| plica absent| 1 pair of setae| posterior edge of pronotum squared-off and nearly hairless| tarsi rufous colored"
"4349be51-d3c1-48da-9b74-01cf59f81f52","WOOD_002.basePlot.bet","D09","WOOD","WOOD_002","N","2014-07-30","2014-08-13","2015-04-21","2015-04-21","V7nyjIgYGmM14b83AbvrZapF4OEYOZeC+AE+TY1Wezk=","NEON.BET.D09.000249","CARSP14","Carabidae sp.","family",,"Latreille","D09.2014.MorphE","Other",,"a/0SlN26fEtmJ3LLysIxkaRUfZvckIBE","a/0SlN26fEtmJ3LLysIxkaRUfZvckIBE","Pale-shoulders| medium sized| reddish-tan elytra (anterior), fading to chocolate-brown (posterior) cleft pronotum| brownish-yellow legs"
"d9ba0aa2-b93a-4d64-a789-54a09735074f","WOOD_023.basePlot.bet","D09","WOOD","WOOD_023","N","2014-07-30","2014-08-13","2015-04-22","2015-04-22","HkhQBNKo1QBqCKqKUXV6P8f/Hbnbpc6jXXqk8IPosAQ=","NEON.BET.D09.000282","CARSP14","Carabidae sp.","family",,"Latreille","D09.2014.MorphF","Other",,"GOvgZIvQ0qQHj/ySC0OOMgunX2ZttPpr","GOvgZIvQ0qQHj/ySC0OOMgunX2ZttPpr","Mini-pale-shoulders| small| similar to D09.2014.MorphE, except pale-shoulder coloration is less apparent or non-existent"
"f3b34210-cbdd-4a31-b53f-e48762b97e48","WOOD_003.basePlot.bet","D09","WOOD","WOOD_003","S","2014-07-30","2014-08-13","2015-04-22","2015-04-22","gVhx7bcr2vNO9BM+IMQoSYmZBWjYxBKYcUXHGR/Zluk=","NEON.BET.D09.000346","CARSP14","Carabidae sp.","family",,"Latreille","D09.2014.MorphN","Other",,"GOvgZIvQ0qQHj/ySC0OOMgunX2ZttPpr","GOvgZIvQ0qQHj/ySC0OOMgunX2ZttPpr","Like-HAHE-but-black-elytra| medium size| similar to HAHE| plica absent| 1 pair of setae| posterior edge of pronotum squared-off and nearly hairless| tarsi rufous colored"
"d93848eb-79d0-4435-bdd6-f4ab976270ce","WOOD_003.basePlot.bet","D09","WOOD","WOOD_003","S","2014-07-30","2014-08-13","2015-04-22","2015-04-22","gVhx7bcr2vNO9BM+IMQoSYmZBWjYxBKYcUXHGR/Zluk=","NEON.BET.D09.000344","CARSP14","Carabidae sp.","family",,"Latreille","D09.2014.MorphN","Other",,"GOvgZIvQ0qQHj/ySC0OOMgunX2ZttPpr","GOvgZIvQ0qQHj/ySC0OOMgunX2ZttPpr","Like-HAHE-but-black-elytra| medium size| similar to HAHE| plica absent| 1 pair of setae| posterior edge of pronotum squared-off and nearly hairless| tarsi rufous colored"
"e6a55c1a-9eb6-4ef2-924b-ee5b14811140","WOOD_003.basePlot.bet","D09","WOOD","WOOD_003","S","2014-07-30","2014-08-13","2015-04-22","2015-04-22","gVhx7bcr2vNO9BM+IMQoSYmZBWjYxBKYcUXHGR/Zluk=","NEON.BET.D09.000345","CARSP14","Carabidae sp.","family",,"Latreille","D09.2014.MorphN","Other",,"GOvgZIvQ0qQHj/ySC0OOMgunX2ZttPpr","GOvgZIvQ0qQHj/ySC0OOMgunX2ZttPpr","Like-HAHE-but-black-elytra| medium size| similar to HAHE| plica absent| 1 pair of setae| posterior edge of pronotum squared-off and nearly hairless| tarsi rufous colored"
"e4b89a9a-14f1-40ce-8c30-fecbb323c42c","WOOD_002.basePlot.bet","D09","WOOD","WOOD_002","S","2014-07-30","2014-08-13","2015-04-07","2015-04-07","V7nyjIgYGmPeVUxGodh0zNjOmHsrF+eQtyI6Y2+02eI=","NEON.BET.D09.000120","CARSP14","Carabidae sp.","family",,"Latreille","D09.2014.MorphA","Other",,"9hOSS3gpVvHUvdbHcI4XlVp94UoAF+Qh","9hOSS3gpVvHUvdbHcI4XlVp94UoAF+Qh","Wrinkles| medium to large sized| glossy black throughout| posterior edge of upper pronotum has several distinctive sutures"
"a96101d2-e62e-4174-a9cf-8aaf85c62695","WOOD_002.basePlot.bet","D09","WOOD","WOOD_002","S","2014-07-30","2014-08-13","2015-04-07","2015-04-07","V7nyjIgYGmPeVUxGodh0zNjOmHsrF+eQtyI6Y2+02eI=","NEON.BET.D09.000138","CARSP14","Carabidae sp.","family",,"Latreille","D09.2014.MorphA","Other",,"9hOSS3gpVvHUvdbHcI4XlVp94UoAF+Qh","9hOSS3gpVvHUvdbHcI4XlVp94UoAF+Qh","Wrinkles| medium to large sized| glossy black throughout| posterior edge of upper pronotum has several distinctive sutures"
"58bff0b5-9f43-4eb3-89a6-8d7b2bc31926","WOOD_001.basePlot.bet","D09","WOOD","WOOD_001","S","2014-07-30","2014-08-13","2015-04-02","2015-04-02","vZVALStcGzcsjDNtnU4ax136HLlZlqrCzZi2n1NLhAs=","NEON.BET.D09.000078","CARSP14","Carabidae sp.","family",,"Latreille","D09.2014.MorphA","Other",,"9hOSS3gpVvHUvdbHcI4XlVp94UoAF+Qh","9hOSS3gpVvHUvdbHcI4XlVp94UoAF+Qh","Wrinkles| medium to large sized| glossy black throughout| posterior edge of upper pronotum has several distinctive sutures"
"f6aa794d-c741-4183-948f-0a4506570e60","WOOD_002.basePlot.bet","D09","WOOD","WOOD_002","S","2014-07-30","2014-08-13","2015-04-07","2015-04-07","V7nyjIgYGmPeVUxGodh0zNjOmHsrF+eQtyI6Y2+02eI=","NEON.BET.D09.000108","CARSP14","Carabidae sp.","family",,"Latreille","D09.2014.MorphA","Other",,"9hOSS3gpVvHUvdbHcI4XlVp94UoAF+Qh","9hOSS3gpVvHUvdbHcI4XlVp94UoAF+Qh","Wrinkles| medium to large sized| glossy black throughout| posterior edge of upper pronotum has several distinctive sutures"
"22de6006-4a8f-4c1c-b49f-218c68e9ed41","WOOD_002.basePlot.bet","D09","WOOD","WOOD_002","S","2014-07-30","2014-08-13","2015-04-07","2015-04-07","V7nyjIgYGmPeVUxGodh0zNjOmHsrF+eQtyI6Y2+02eI=","NEON.BET.D09.000118","CARSP14","Carabidae sp.","family",,"Latreille","D09.2014.MorphA","Other",,"9hOSS3gpVvHUvdbHcI4XlVp94UoAF+Qh","9hOSS3gpVvHUvdbHcI4XlVp94UoAF+Qh","Wrinkles| medium to large sized| glossy black throughout| posterior edge of upper pronotum has several distinctive sutures"
"0cdf2e12-c32a-4486-a4dd-d621b2e3be80","WOOD_005.basePlot.bet","D09","WOOD","WOOD_005","S","2014-07-30","2014-08-13","2015-04-07","2015-04-07","Q/pjwyhQ09wKA+kCZ0yp6MFia10BICf6pXqdFwyTmqM=","NEON.BET.D09.000126","CARSP14","Carabidae sp.","family",,"Latreille","D09.2014.MorphA","Other",,"9hOSS3gpVvHUvdbHcI4XlVp94UoAF+Qh","9hOSS3gpVvHUvdbHcI4XlVp94UoAF+Qh","Wrinkles| medium to large sized| glossy black throughout| posterior edge of upper pronotum has several distinctive sutures"
"b63a696d-831d-460d-a4b8-80c84fce4a90","WOOD_002.basePlot.bet","D09","WOOD","WOOD_002","S","2014-07-30","2014-08-13","2015-04-07","2015-04-07","V7nyjIgYGmPeVUxGodh0zNjOmHsrF+eQtyI6Y2+02eI=","NEON.BET.D09.000119","CARSP14","Carabidae sp.","family",,"Latreille","D09.2014.MorphA","Other",,"9hOSS3gpVvHUvdbHcI4XlVp94UoAF+Qh","9hOSS3gpVvHUvdbHcI4XlVp94UoAF+Qh","Wrinkles| medium to large sized| glossy black throughout| posterior edge of upper pronotum has several distinctive sutures"
"dc3b8351-d212-4390-923c-02220c064c0c","WOOD_002.basePlot.bet","D09","WOOD","WOOD_002","S","2014-07-30","2014-08-13","2015-04-07","2015-04-07","V7nyjIgYGmPeVUxGodh0zNjOmHsrF+eQtyI6Y2+02eI=","NEON.BET.D09.000121","CARSP14","Carabidae sp.","family",,"Latreille","D09.2014.MorphA","Other",,"9hOSS3gpVvHUvdbHcI4XlVp94UoAF+Qh","9hOSS3gpVvHUvdbHcI4XlVp94UoAF+Qh","Wrinkles| medium to large sized| glossy black throughout| posterior edge of upper pronotum has several distinctive sutures"
"0994f705-3123-4905-97e9-196be3800f55","WOOD_001.basePlot.bet","D09","WOOD","WOOD_001","S","2014-07-30","2014-08-13","2015-04-02","2015-04-02","vZVALStcGzcsjDNtnU4ax136HLlZlqrCzZi2n1NLhAs=","NEON.BET.D09.000079","CARSP14","Carabidae sp.","family",,"Latreille","D09.2014.MorphA","Other",,"9hOSS3gpVvHUvdbHcI4XlVp94UoAF+Qh","9hOSS3gpVvHUvdbHcI4XlVp94UoAF+Qh","Wrinkles| medium to large sized| glossy black throughout| posterior edge of upper pronotum has several distinctive sutures"
"f5936a9f-0dcf-49a7-a8d5-c4c736e7ecd0","WOOD_023.basePlot.bet","D09","WOOD","WOOD_023","S","2014-07-30","2014-08-13","2015-04-10","2015-04-10","HkhQBNKo1QBcW+aqjFtpiIPl0aEjatg7azX5rzt2SgY=","NEON.BET.D09.000238","CARSP14","Carabidae sp.","family",,"Latreille","D09.2014.MorphD","Other",,"9hOSS3gpVvHUvdbHcI4XlVp94UoAF+Qh","9hOSS3gpVvHUvdbHcI4XlVp94UoAF+Qh","Dimples| large sized| similar to D09.2014.MorphA, but posterior edge of upper pronotum is vertically compressed and has two dimples"
"4f74e094-7fd4-4b48-b872-0d93f8ae265b","WOOD_006.basePlot.bet","D09","WOOD","WOOD_006","S","2014-07-30","2014-08-13","2015-04-07","2015-04-07","WY3Zl9EyMidI05w9/bH7Kn7EUt3xUoKnq2Ya+CBBjBw=","NEON.BET.D09.000130","CARSP14","Carabidae sp.","family",,"Latreille","D09.2014.MorphA","Other",,"9hOSS3gpVvHUvdbHcI4XlVp94UoAF+Qh","9hOSS3gpVvHUvdbHcI4XlVp94UoAF+Qh","Wrinkles| medium to large sized| glossy black throughout| posterior edge of upper pronotum has several distinctive sutures"
"fbb6e0bf-6b94-4de6-990a-715b50efd6d4","WOOD_006.basePlot.bet","D09","WOOD","WOOD_006","S","2014-07-30","2014-08-13","2015-04-07","2015-04-07","WY3Zl9EyMidI05w9/bH7Kn7EUt3xUoKnq2Ya+CBBjBw=","NEON.BET.D09.000129","CARSP14","Carabidae sp.","family",,"Latreille","D09.2014.MorphA","Other",,"9hOSS3gpVvHUvdbHcI4XlVp94UoAF+Qh","9hOSS3gpVvHUvdbHcI4XlVp94UoAF+Qh","Wrinkles| medium to large sized| glossy black throughout| posterior edge of upper pronotum has several distinctive sutures"
"853b8637-1ca6-4bad-9fc0-fa58877ab075","WOOD_002.basePlot.bet","D09","WOOD","WOOD_002","S","2014-07-30","2014-08-13","2015-04-21","2015-04-21","V7nyjIgYGmPeVUxGodh0zNjOmHsrF+eQtyI6Y2+02eI=","NEON.BET.D09.000253","CARSP14","Carabidae sp.","family",,"Latreille","D09.2014.MorphE","Other",,"GOvgZIvQ0qQHj/ySC0OOMgunX2ZttPpr","GOvgZIvQ0qQHj/ySC0OOMgunX2ZttPpr","Pale-shoulders| medium sized| reddish-tan elytra (anterior), fading to chocolate-brown (posterior) cleft pronotum| brownish-yellow legs"
"c93d10d0-f0df-4f0f-b8bf-cdcb69476ac6","WOOD_007.basePlot.bet","D09","WOOD","WOOD_007","S","2014-07-30","2014-08-13","2015-04-21","2015-04-21","5mkFtj0S+gg0a2xCp7wQfH8Ew0NxEdhKXE+1r8M/V84=","NEON.BET.D09.000264","CARSP14","Carabidae sp.","family",,"Latreille","D09.2014.MorphE","Other",,"GOvgZIvQ0qQHj/ySC0OOMgunX2ZttPpr","GOvgZIvQ0qQHj/ySC0OOMgunX2ZttPpr","Pale-shoulders| medium sized| reddish-tan elytra (anterior), fading to chocolate-brown (posterior) cleft pronotum| brownish-yellow legs"
"69b8b42e-82d9-4983-8732-082e815d676d","WOOD_007.basePlot.bet","D09","WOOD","WOOD_007","S","2014-07-30","2014-08-13","2015-04-23","2015-04-23","5mkFtj0S+gg0a2xCp7wQfH8Ew0NxEdhKXE+1r8M/V84=","NEON.BET.D09.000408","CARSP14","Carabidae sp.","family",,"Latreille","D09.2014.MorphAD","Other",,"GOvgZIvQ0qQHj/ySC0OOMgunX2ZttPpr","GOvgZIvQ0qQHj/ySC0OOMgunX2ZttPpr","Oval-matte-dimples| plica, no setae on 3rd interstice| medium size| oval-shaped overall| dull black with dark reddish legs| one pair of dimples| matte elytra and pronotum"
"8d1ea458-f710-4c09-9d36-8cb460c8cfc7","WOOD_003.basePlot.bet","D09","WOOD","WOOD_003","W","2014-07-30","2014-08-13","2015-04-22","2015-04-22","gVhx7bcr2vPCjGhM8IKI/RCQzHpDnNGHKNGyGSbACog=","NEON.BET.D09.000351","CARSP14","Carabidae sp.","family",,"Latreille","D09.2014.MorphN","Other",,"GOvgZIvQ0qQHj/ySC0OOMgunX2ZttPpr","GOvgZIvQ0qQHj/ySC0OOMgunX2ZttPpr","Like-HAHE-but-black-elytra| medium size| similar to HAHE| plica absent| 1 pair of setae| posterior edge of pronotum squared-off and nearly hairless| tarsi rufous colored"
"51c534f3-0255-445e-b71b-956a423f6e71","WOOD_004.basePlot.bet","D09","WOOD","WOOD_004","S","2014-07-30","2014-08-13","2015-04-21","2015-04-21","tVkCk1nh7tFXJarjS3K7doTcu5PWssDM1jb5oAWTVWA=","NEON.BET.D09.000256","CARSP14","Carabidae sp.","family",,"Latreille","D09.2014.MorphE","Other",,"GOvgZIvQ0qQHj/ySC0OOMgunX2ZttPpr","GOvgZIvQ0qQHj/ySC0OOMgunX2ZttPpr","Pale-shoulders| medium sized| reddish-tan elytra (anterior), fading to chocolate-brown (posterior) cleft pronotum| brownish-yellow legs"
"eff2528e-54b9-479f-86bf-fb37cb224ed8","WOOD_001.basePlot.bet","D09","WOOD","WOOD_001","S","2014-07-30","2014-08-13","2015-04-21","2015-04-21","vZVALStcGzcsjDNtnU4ax136HLlZlqrCzZi2n1NLhAs=","NEON.BET.D09.000248","CARSP14","Carabidae sp.","family",,"Latreille","D09.2014.MorphE","Other",,"a/0SlN26fEtmJ3LLysIxkaRUfZvckIBE","a/0SlN26fEtmJ3LLysIxkaRUfZvckIBE","Pale-shoulders| medium sized| reddish-tan elytra (anterior), fading to chocolate-brown (posterior) cleft pronotum| brownish-yellow legs"
"4e9c4827-f916-4530-a9ab-9e683bf23384","WOOD_003.basePlot.bet","D09","WOOD","WOOD_003","W","2014-07-30","2014-08-13","2015-04-22","2015-04-22","gVhx7bcr2vPCjGhM8IKI/RCQzHpDnNGHKNGyGSbACog=","NEON.BET.D09.000350","CARSP14","Carabidae sp.","family",,"Latreille","D09.2014.MorphN","Other",,"GOvgZIvQ0qQHj/ySC0OOMgunX2ZttPpr","GOvgZIvQ0qQHj/ySC0OOMgunX2ZttPpr","Like-HAHE-but-black-elytra| medium size| similar to HAHE| plica absent| 1 pair of setae| posterior edge of pronotum squared-off and nearly hairless| tarsi rufous colored"
"8b7f6076-78b5-4ba6-9c16-1da1d7ad3de8","WOOD_006.basePlot.bet","D09","WOOD","WOOD_006","W","2014-07-30","2014-08-13","2015-04-07","2015-04-07","WY3Zl9EyMidz0UP/klcwZvdt90JFwMluc6I3qSQTAOo=","NEON.BET.D09.000127","CARSP14","Carabidae sp.","family",,"Latreille","D09.2014.MorphA","Other",,"9hOSS3gpVvHUvdbHcI4XlVp94UoAF+Qh","9hOSS3gpVvHUvdbHcI4XlVp94UoAF+Qh","Wrinkles| medium to large sized| glossy black throughout| posterior edge of upper pronotum has several distinctive sutures"
"f88c2dec-418d-4e10-97fc-5f9560868fc3","WOOD_006.basePlot.bet","D09","WOOD","WOOD_006","W","2014-07-30","2014-08-13","2015-04-07","2015-04-07","WY3Zl9EyMidz0UP/klcwZvdt90JFwMluc6I3qSQTAOo=","NEON.BET.D09.000128","CARSP14","Carabidae sp.","family",,"Latreille","D09.2014.MorphA","Other",,"9hOSS3gpVvHUvdbHcI4XlVp94UoAF+Qh","9hOSS3gpVvHUvdbHcI4XlVp94UoAF+Qh","Wrinkles| medium to large sized| glossy black throughout| posterior edge of upper pronotum has several distinctive sutures"
"4060291f-4ce2-4b6b-936c-9d10978e0d87","WOOD_005.basePlot.bet","D09","WOOD","WOOD_005","W","2014-07-30","2014-08-13","2015-04-21","2015-04-21","Q/pjwyhQ09xv/uhEMFw1+bsGxx0kJHoHx3v2+mOeOno=","NEON.BET.D09.000257","CARSP14","Carabidae sp.","family",,"Latreille","D09.2014.MorphE","Other",,"GOvgZIvQ0qQHj/ySC0OOMgunX2ZttPpr","GOvgZIvQ0qQHj/ySC0OOMgunX2ZttPpr","Pale-shoulders| medium sized| reddish-tan elytra (anterior), fading to chocolate-brown (posterior) cleft pronotum| brownish-yellow legs"
"302a320c-9458-437a-b17c-d7e951cda083","WOOD_007.basePlot.bet","D09","WOOD","WOOD_007","W","2014-07-30","2014-08-13","2015-04-21","2015-04-21","5mkFtj0S+giWqxhoJMUcdev3W4aRfD+s1b4Tdm41p10=","NEON.BET.D09.000269","CARSP14","Carabidae sp.","family",,"Latreille","D09.2014.MorphE","Other",,"GOvgZIvQ0qQHj/ySC0OOMgunX2ZttPpr","GOvgZIvQ0qQHj/ySC0OOMgunX2ZttPpr","Pale-shoulders| medium sized| reddish-tan elytra (anterior), fading to chocolate-brown (posterior) cleft pronotum| brownish-yellow legs"
"f50fc1ab-ae24-48ce-bc7d-0faa19b36ac6","WOOD_007.basePlot.bet","D09","WOOD","WOOD_007","W","2014-07-30","2014-08-13","2015-04-21","2015-04-21","5mkFtj0S+giWqxhoJMUcdev3W4aRfD+s1b4Tdm41p10=","NEON.BET.D09.000266","CARSP14","Carabidae sp.","family",,"Latreille","D09.2014.MorphE","Other",,"GOvgZIvQ0qQHj/ySC0OOMgunX2ZttPpr","GOvgZIvQ0qQHj/ySC0OOMgunX2ZttPpr","Pale-shoulders| medium sized| reddish-tan elytra (anterior), fading to chocolate-brown (posterior) cleft pronotum| brownish-yellow legs"
"f93157ba-14eb-4d0d-8868-7179e2ff7ae9","WOOD_006.basePlot.bet","D09","WOOD","WOOD_006","W","2014-07-30","2014-08-13","2015-04-21","2015-04-21","WY3Zl9EyMidz0UP/klcwZvdt90JFwMluc6I3qSQTAOo=","NEON.BET.D09.000259","CARSP14","Carabidae sp.","family",,"Latreille","D09.2014.MorphE","Other",,"GOvgZIvQ0qQHj/ySC0OOMgunX2ZttPpr","GOvgZIvQ0qQHj/ySC0OOMgunX2ZttPpr","Pale-shoulders| medium sized| reddish-tan elytra (anterior), fading to chocolate-brown (posterior) cleft pronotum| brownish-yellow legs"
"319fa91c-5f05-47af-8ed2-d280f5717a1b","WOOD_007.basePlot.bet","D09","WOOD","WOOD_007","W","2014-07-30","2014-08-13","2015-04-21","2015-04-21","5mkFtj0S+giWqxhoJMUcdev3W4aRfD+s1b4Tdm41p10=","NEON.BET.D09.000267","CARSP14","Carabidae sp.","family",,"Latreille","D09.2014.MorphE","Other",,"GOvgZIvQ0qQHj/ySC0OOMgunX2ZttPpr","GOvgZIvQ0qQHj/ySC0OOMgunX2ZttPpr","Pale-shoulders| medium sized| reddish-tan elytra (anterior), fading to chocolate-brown (posterior) cleft pronotum| brownish-yellow legs"
"1d2fe387-a774-4727-8d61-160f0fcd32a2","WOOD_007.basePlot.bet","D09","WOOD","WOOD_007","W","2014-07-30","2014-08-13","2015-04-21","2015-04-21","5mkFtj0S+giWqxhoJMUcdev3W4aRfD+s1b4Tdm41p10=","NEON.BET.D09.000268","CARSP14","Carabidae sp.","family",,"Latreille","D09.2014.MorphE","Other",,"GOvgZIvQ0qQHj/ySC0OOMgunX2ZttPpr","GOvgZIvQ0qQHj/ySC0OOMgunX2ZttPpr","Pale-shoulders| medium sized| reddish-tan elytra (anterior), fading to chocolate-brown (posterior) cleft pronotum| brownish-yellow legs"
"b141abbc-35b0-4abe-8607-7ae5411e222f","WOOD_006.basePlot.bet","D09","WOOD","WOOD_006","W","2014-07-30","2014-08-13","2015-04-21","2015-04-21","WY3Zl9EyMidz0UP/klcwZvdt90JFwMluc6I3qSQTAOo=","NEON.BET.D09.000260","CARSP14","Carabidae sp.","family",,"Latreille","D09.2014.MorphE","Other",,"GOvgZIvQ0qQHj/ySC0OOMgunX2ZttPpr","GOvgZIvQ0qQHj/ySC0OOMgunX2ZttPpr","Pale-shoulders| medium sized| reddish-tan elytra (anterior), fading to chocolate-brown (posterior) cleft pronotum| brownish-yellow legs"
"9a453c0a-fa30-4548-b49f-d039f50eda92","WOOD_006.basePlot.bet","D09","WOOD","WOOD_006","W","2014-07-30","2014-08-13","2015-04-21","2015-04-21","WY3Zl9EyMidz0UP/klcwZvdt90JFwMluc6I3qSQTAOo=","NEON.BET.D09.000258","CARSP14","Carabidae sp.","family",,"Latreille","D09.2014.MorphE","Other",,"GOvgZIvQ0qQHj/ySC0OOMgunX2ZttPpr","GOvgZIvQ0qQHj/ySC0OOMgunX2ZttPpr","Pale-shoulders| medium sized| reddish-tan elytra (anterior), fading to chocolate-brown (posterior) cleft pronotum| brownish-yellow legs"
"685173d6-be75-4276-9c8d-e1b62d66ec45","WOOD_001.basePlot.bet","D09","WOOD","WOOD_001","E","2014-07-30","2014-08-13","2015-04-23","2015-04-23","vZVALStcGzff9yprho6tBMuUNQzzlgZH/mpCTP+E6TE=","NEON.BET.D09.000535","BRACYA2","Brachinus cyanochroaticus","species",,"Erwin",,"Arnett Jr., R. H., and M. C. Thomas. 2001. American Beetles Archosemata, Myxophaga, Adephaga, Polyphaga: Staphyliniformia. 1st Vol. (C. Press, Ed.). 1st Ed. Boca Raton, FL.",,"4oCBvlQIQ4DhSH30J22+0bs0GAacIQwk","4oCBvlQIQ4DhSH30J22+0bs0GAacIQwk",
"cbef779b-1cb2-40b2-a86f-ad153595785b","WOOD_023.basePlot.bet","D09","WOOD","WOOD_023","E","2014-07-30","2014-08-13","2015-04-23","2015-04-23","HkhQBNKo1QBBdlVR94zQ4RTTsOX/idPwKbejG04cUvQ=","NEON.BET.D09.000549","HARHER","Harpalus herbivagus","species",,"Say",,"Arnett Jr., R. H., and M. C. Thomas. 2001. American Beetles Archosemata, Myxophaga, Adephaga, Polyphaga: Staphyliniformia. 1st Vol. (C. Press, Ed.). 1st Ed. Boca Raton, FL.",,"4oCBvlQIQ4DhSH30J22+0bs0GAacIQwk","4oCBvlQIQ4DhSH30J22+0bs0GAacIQwk",
"97941e04-c78f-4b53-82e6-c4128d5a8c5b","WOOD_021.basePlot.bet","D09","WOOD","WOOD_021","E","2014-07-30","2014-08-13","2015-04-22","2015-04-22","WrmnCoit367WZNJvLCmj/5WOF343GIb4t7Bjz/c7Eio=","NEON.BET.D09.000390","CARSP14","Carabidae sp.","family",,"Latreille","D09.2014.MorphV","Other",,"GOvgZIvQ0qQHj/ySC0OOMgunX2ZttPpr","GOvgZIvQ0qQHj/ySC0OOMgunX2ZttPpr","Arched-back-no-scutellum| rufous color| medium size| plica, 2 pair of setae"
"b1f82933-3b15-47fa-a1e9-dd86e37324bb","WOOD_003.basePlot.bet","D09","WOOD","WOOD_003","E","2014-07-30","2014-08-13","2015-04-22","2015-04-22","gVhx7bcr2vONNgusx786uwO+c7s9bTtaWlkghDFkkbA=","NEON.BET.D09.000348","CARSP14","Carabidae sp.","family",,"Latreille","D09.2014.MorphN","Other",,"GOvgZIvQ0qQHj/ySC0OOMgunX2ZttPpr","GOvgZIvQ0qQHj/ySC0OOMgunX2ZttPpr","Like-HAHE-but-black-elytra| medium size| similar to HAHE| plica absent| 1 pair of setae| posterior edge of pronotum squared-off and nearly hairless| tarsi rufous colored"
"9e9d3e18-3f2d-420d-ac95-5fd038a0d8b8","WOOD_003.basePlot.bet","D09","WOOD","WOOD_003","E","2014-07-30","2014-08-13","2015-04-22","2015-04-22","gVhx7bcr2vONNgusx786uwO+c7s9bTtaWlkghDFkkbA=","NEON.BET.D09.000347","CARSP14","Carabidae sp.","family",,"Latreille","D09.2014.MorphN","Other",,"GOvgZIvQ0qQHj/ySC0OOMgunX2ZttPpr","GOvgZIvQ0qQHj/ySC0OOMgunX2ZttPpr","Like-HAHE-but-black-elytra| medium size| similar to HAHE| plica absent| 1 pair of setae| posterior edge of pronotum squared-off and nearly hairless| tarsi rufous colored"
"6b7bb978-b0e5-49f4-8cdb-36d0254b2897","WOOD_003.basePlot.bet","D09","WOOD","WOOD_003","E","2014-07-30","2014-08-13","2015-04-22","2015-04-22","gVhx7bcr2vONNgusx786uwO+c7s9bTtaWlkghDFkkbA=","NEON.BET.D09.000349","CARSP14","Carabidae sp.","family",,"Latreille","D09.2014.MorphN","Other",,"GOvgZIvQ0qQHj/ySC0OOMgunX2ZttPpr","GOvgZIvQ0qQHj/ySC0OOMgunX2ZttPpr","Like-HAHE-but-black-elytra| medium size| similar to HAHE| plica absent| 1 pair of setae| posterior edge of pronotum squared-off and nearly hairless| tarsi rufous colored"
"34c326b7-d2d5-4931-b87b-ff0a23ab76b6","WOOD_023.basePlot.bet","D09","WOOD","WOOD_023","E","2014-07-30","2014-08-13","2015-04-08","2015-04-08","HkhQBNKo1QBBdlVR94zQ4RTTsOX/idPwKbejG04cUvQ=","NEON.BET.D09.000209","CARSP14","Carabidae sp.","family",,"Latreille","D09.2014.MorphA","Other",,"9hOSS3gpVvHUvdbHcI4XlVp94UoAF+Qh","9hOSS3gpVvHUvdbHcI4XlVp94UoAF+Qh","Wrinkles| medium to large sized| glossy black throughout| posterior edge of upper pronotum has several distinctive sutures"
"807938b7-3b67-424a-bcd6-4e99b7f7626a","WOOD_023.basePlot.bet","D09","WOOD","WOOD_023","E","2014-07-30","2014-08-13","2015-04-08","2015-04-08","HkhQBNKo1QBBdlVR94zQ4RTTsOX/idPwKbejG04cUvQ=","NEON.BET.D09.000178","CARSP14","Carabidae sp.","family",,"Latreille","D09.2014.MorphA","Other",,"9hOSS3gpVvHUvdbHcI4XlVp94UoAF+Qh","9hOSS3gpVvHUvdbHcI4XlVp94UoAF+Qh","Wrinkles| medium to large sized| glossy black throughout| posterior edge of upper pronotum has several distinctive sutures"
"61ea35e6-7e2b-4247-b19a-6480f863794e","WOOD_023.basePlot.bet","D09","WOOD","WOOD_023","E","2014-07-30","2014-08-13","2015-04-08","2015-04-08","HkhQBNKo1QBBdlVR94zQ4RTTsOX/idPwKbejG04cUvQ=","NEON.BET.D09.000179","CARSP14","Carabidae sp.","family",,"Latreille","D09.2014.MorphA","Other",,"9hOSS3gpVvHUvdbHcI4XlVp94UoAF+Qh","9hOSS3gpVvHUvdbHcI4XlVp94UoAF+Qh","Wrinkles| medium to large sized| glossy black throughout| posterior edge of upper pronotum has several distinctive sutures"
"895de307-9693-4ecb-9c1b-8d5159c2c378","WOOD_023.basePlot.bet","D09","WOOD","WOOD_023","E","2014-07-30","2014-08-13","2015-04-08","2015-04-08","HkhQBNKo1QBBdlVR94zQ4RTTsOX/idPwKbejG04cUvQ=","NEON.BET.D09.000191","CARSP14","Carabidae sp.","family",,"Latreille","D09.2014.MorphA","Other",,"9hOSS3gpVvHUvdbHcI4XlVp94UoAF+Qh","9hOSS3gpVvHUvdbHcI4XlVp94UoAF+Qh","Wrinkles| medium to large sized| glossy black throughout| posterior edge of upper pronotum has several distinctive sutures"
"d3072cc5-fcbd-406a-b865-98dff36370fc","WOOD_023.basePlot.bet","D09","WOOD","WOOD_023","E","2014-07-30","2014-08-13","2015-04-08","2015-04-08","HkhQBNKo1QBBdlVR94zQ4RTTsOX/idPwKbejG04cUvQ=","NEON.BET.D09.000180","CARSP14","Carabidae sp.","family",,"Latreille","D09.2014.MorphA","Other",,"9hOSS3gpVvHUvdbHcI4XlVp94UoAF+Qh","9hOSS3gpVvHUvdbHcI4XlVp94UoAF+Qh","Wrinkles| medium to large sized| glossy black throughout| posterior edge of upper pronotum has several distinctive sutures"
"e1fc1688-1467-40a7-bf73-f56e7cb9fe3e","WOOD_006.basePlot.bet","D09","WOOD","WOOD_006","E","2014-07-30","2014-08-13","2015-04-07","2015-04-07","WY3Zl9EyMicUzBdezdEqOjTSgyLTGiP12RBYDp5wl4M=","NEON.BET.D09.000133","CARSP14","Carabidae sp.","family",,"Latreille","D09.2014.MorphA","Other",,"9hOSS3gpVvHUvdbHcI4XlVp94UoAF+Qh","9hOSS3gpVvHUvdbHcI4XlVp94UoAF+Qh","Wrinkles| medium to large sized| glossy black throughout| posterior edge of upper pronotum has several distinctive sutures"
"4862c16c-d588-4f7b-88aa-8bc61ce41a9c","WOOD_006.basePlot.bet","D09","WOOD","WOOD_006","E","2014-07-30","2014-08-13","2015-04-07","2015-04-07","WY3Zl9EyMicUzBdezdEqOjTSgyLTGiP12RBYDp5wl4M=","NEON.BET.D09.000134","CARSP14","Carabidae sp.","family",,"Latreille","D09.2014.MorphA","Other",,"9hOSS3gpVvHUvdbHcI4XlVp94UoAF+Qh","9hOSS3gpVvHUvdbHcI4XlVp94UoAF+Qh","Wrinkles| medium to large sized| glossy black throughout| posterior edge of upper pronotum has several distinctive sutures"
"55fe4656-cf57-4f91-8816-280efbe9309f","WOOD_002.basePlot.bet","D09","WOOD","WOOD_002","E","2014-07-30","2014-08-13","2015-04-07","2015-04-07","V7nyjIgYGmNgmt8Yvrzpae6EGjo6y4XenT72pxNOTGQ=","NEON.BET.D09.000114","CARSP14","Carabidae sp.","family",,"Latreille","D09.2014.MorphA","Other",,"9hOSS3gpVvHUvdbHcI4XlVp94UoAF+Qh","9hOSS3gpVvHUvdbHcI4XlVp94UoAF+Qh","Wrinkles| medium to large sized| glossy black throughout| posterior edge of upper pronotum has several distinctive sutures"
"6a96765f-8d93-4dfd-86c8-ddb8ec479372","WOOD_002.basePlot.bet","D09","WOOD","WOOD_002","E","2014-07-30","2014-08-13","2015-04-07","2015-04-07","V7nyjIgYGmNgmt8Yvrzpae6EGjo6y4XenT72pxNOTGQ=","NEON.BET.D09.000115","CARSP14","Carabidae sp.","family",,"Latreille","D09.2014.MorphA","Other",,"9hOSS3gpVvHUvdbHcI4XlVp94UoAF+Qh","9hOSS3gpVvHUvdbHcI4XlVp94UoAF+Qh","Wrinkles| medium to large sized| glossy black throughout| posterior edge of upper pronotum has several distinctive sutures"
"67a634fa-5ff7-435d-8811-6b983c09b329","WOOD_002.basePlot.bet","D09","WOOD","WOOD_002","E","2014-07-30","2014-08-13","2015-04-07","2015-04-07","V7nyjIgYGmNgmt8Yvrzpae6EGjo6y4XenT72pxNOTGQ=","NEON.BET.D09.000113","CARSP14","Carabidae sp.","family",,"Latreille","D09.2014.MorphA","Other",,"9hOSS3gpVvHUvdbHcI4XlVp94UoAF+Qh","9hOSS3gpVvHUvdbHcI4XlVp94UoAF+Qh","Wrinkles| medium to large sized| glossy black throughout| posterior edge of upper pronotum has several distinctive sutures"
"5de2f7c4-242d-4077-bf26-cbea69f856ff","WOOD_021.basePlot.bet","D09","WOOD","WOOD_021","E","2014-07-30","2014-08-13","2015-04-23","2015-04-23","WrmnCoit367WZNJvLCmj/5WOF343GIb4t7Bjz/c7Eio=","NEON.BET.D09.000490","CARSP14","Carabidae sp.","family",,"Latreille","D09.2014.MorphAN","Other",,"4oCBvlQIQ4DhSH30J22+0bs0GAacIQwk","4oCBvlQIQ4DhSH30J22+0bs0GAacIQwk","Little-pocked-rufous| plica, setae on 3rd interstice| small size| flattened point on posterior corner of pronotum| reddish-yellow legs| rufous elytra| pocked striae"
"c0c1886d-adde-4e8a-94e2-4c56e8f5dbc8","WOOD_002.basePlot.bet","D09","WOOD","WOOD_002","E","2014-07-30","2014-08-13","2015-04-07","2015-04-07","V7nyjIgYGmNgmt8Yvrzpae6EGjo6y4XenT72pxNOTGQ=","NEON.BET.D09.000117","CARSP14","Carabidae sp.","family",,"Latreille","D09.2014.MorphA","Other",,"9hOSS3gpVvHUvdbHcI4XlVp94UoAF+Qh","9hOSS3gpVvHUvdbHcI4XlVp94UoAF+Qh","Wrinkles| medium to large sized| glossy black throughout| posterior edge of upper pronotum has several distinctive sutures"
"93b4ea64-6fbc-4bb3-968b-c422a31e90fa","WOOD_002.basePlot.bet","D09","WOOD","WOOD_002","E","2014-07-30","2014-08-13","2015-04-07","2015-04-07","V7nyjIgYGmNgmt8Yvrzpae6EGjo6y4XenT72pxNOTGQ=","NEON.BET.D09.000116","CARSP14","Carabidae sp.","family",,"Latreille","D09.2014.MorphA","Other",,"9hOSS3gpVvHUvdbHcI4XlVp94UoAF+Qh","9hOSS3gpVvHUvdbHcI4XlVp94UoAF+Qh","Wrinkles| medium to large sized| glossy black throughout| posterior edge of upper pronotum has several distinctive sutures"
"4d7710e3-5db4-4fba-bcb3-5316d797c787","WOOD_023.basePlot.bet","D09","WOOD","WOOD_023","E","2014-07-30","2014-08-13","2015-04-08","2015-04-08","HkhQBNKo1QBBdlVR94zQ4RTTsOX/idPwKbejG04cUvQ=","NEON.BET.D09.000181","CARSP14","Carabidae sp.","family",,"Latreille","D09.2014.MorphA","Other",,"9hOSS3gpVvHUvdbHcI4XlVp94UoAF+Qh","9hOSS3gpVvHUvdbHcI4XlVp94UoAF+Qh","Wrinkles| medium to large sized| glossy black throughout| posterior edge of upper pronotum has several distinctive sutures"
"de91dfbc-8766-4d2d-8c2b-da10f71be3e3","WOOD_023.basePlot.bet","D09","WOOD","WOOD_023","E","2014-07-30","2014-08-13","2015-04-23","2015-04-23","HkhQBNKo1QBBdlVR94zQ4RTTsOX/idPwKbejG04cUvQ=","NEON.BET.D09.000501","CARSP14","Carabidae sp.","family",,"Latreille","D09.2014.MorphAN","Other",,"4oCBvlQIQ4DhSH30J22+0bs0GAacIQwk","4oCBvlQIQ4DhSH30J22+0bs0GAacIQwk","Little-pocked-rufous| plica, setae on 3rd interstice| small size| flattened point on posterior corner of pronotum| reddish-yellow legs| rufous elytra| pocked striae"
"1b76b181-b94f-4655-b0d8-cb41a9d0be15","WOOD_004.basePlot.bet","D09","WOOD","WOOD_004","E","2014-07-30","2014-08-13","2015-04-02","2015-04-02","tVkCk1nh7tHfYtQvIQQUDVexvJ9d32RqI1j27wt5rdM=","NEON.BET.D09.000084","CARSP14","Carabidae sp.","family",,"Latreille","D09.2014.MorphA","Other",,"9hOSS3gpVvHUvdbHcI4XlVp94UoAF+Qh","9hOSS3gpVvHUvdbHcI4XlVp94UoAF+Qh","Wrinkles| medium to large sized| glossy black throughout| posterior edge of upper pronotum has several distinctive sutures"
"f501d5a9-f000-47f8-884f-ec28b772386d","WOOD_023.basePlot.bet","D09","WOOD","WOOD_023","E","2014-07-30","2014-08-13","2015-04-23","2015-04-23","HkhQBNKo1QBBdlVR94zQ4RTTsOX/idPwKbejG04cUvQ=","NEON.BET.D09.000500","CARSP14","Carabidae sp.","family",,"Latreille","D09.2014.MorphAN","Other",,"4oCBvlQIQ4DhSH30J22+0bs0GAacIQwk","4oCBvlQIQ4DhSH30J22+0bs0GAacIQwk","Little-pocked-rufous| plica, setae on 3rd interstice| small size| flattened point on posterior corner of pronotum| reddish-yellow legs| rufous elytra| pocked striae"
"5461b62e-9121-48ae-93f7-babea1a993d5","WOOD_023.basePlot.bet","D09","WOOD","WOOD_023","E","2014-07-30","2014-08-13","2015-04-23","2015-04-23","HkhQBNKo1QBBdlVR94zQ4RTTsOX/idPwKbejG04cUvQ=","NEON.BET.D09.000400","CARSP14","Carabidae sp.","family",,"Latreille","D09.2014.MorphAA","Other",,"GOvgZIvQ0qQHj/ySC0OOMgunX2ZttPpr","GOvgZIvQ0qQHj/ySC0OOMgunX2ZttPpr","Big-bumpy-shiny-pronotum| plica, no setae on 3rd interstice| medium size| rufous overall| large pronotum| shiny elytra| small bump at hind corner of pronotum"
"31421aae-922b-4367-a510-b97726755f5c","WOOD_023.basePlot.bet","D09","WOOD","WOOD_023","E","2014-07-30","2014-08-13","2015-04-23","2015-04-23","HkhQBNKo1QBBdlVR94zQ4RTTsOX/idPwKbejG04cUvQ=","NEON.BET.D09.000498","CARSP14","Carabidae sp.","family",,"Latreille","D09.2014.MorphAN","Other",,"4oCBvlQIQ4DhSH30J22+0bs0GAacIQwk","4oCBvlQIQ4DhSH30J22+0bs0GAacIQwk","Little-pocked-rufous| plica, setae on 3rd interstice| small size| flattened point on posterior corner of pronotum| reddish-yellow legs| rufous elytra| pocked striae"
"57717614-4b38-4320-b6a4-ef7549d6c160","WOOD_023.basePlot.bet","D09","WOOD","WOOD_023","E","2014-07-30","2014-08-13","2015-04-23","2015-04-23","HkhQBNKo1QBBdlVR94zQ4RTTsOX/idPwKbejG04cUvQ=","NEON.BET.D09.000497","CARSP14","Carabidae sp.","family",,"Latreille","D09.2014.MorphAN","Other",,"4oCBvlQIQ4DhSH30J22+0bs0GAacIQwk","4oCBvlQIQ4DhSH30J22+0bs0GAacIQwk","Little-pocked-rufous| plica, setae on 3rd interstice| small size| flattened point on posterior corner of pronotum| reddish-yellow legs| rufous elytra| pocked striae"
"3391c721-4ed0-4625-95d3-138ca157a451","WOOD_023.basePlot.bet","D09","WOOD","WOOD_023","E","2014-07-30","2014-08-13","2015-04-23","2015-04-23","HkhQBNKo1QBBdlVR94zQ4RTTsOX/idPwKbejG04cUvQ=","NEON.BET.D09.000499","CARSP14","Carabidae sp.","family",,"Latreille","D09.2014.MorphAN","Other",,"4oCBvlQIQ4DhSH30J22+0bs0GAacIQwk","4oCBvlQIQ4DhSH30J22+0bs0GAacIQwk","Little-pocked-rufous| plica, setae on 3rd interstice| small size| flattened point on posterior corner of pronotum| reddish-yellow legs| rufous elytra| pocked striae"
"71e652d3-8264-4eed-b1ac-06a71adb9029","WOOD_023.basePlot.bet","D09","WOOD","WOOD_023","E","2014-07-30","2014-08-13","2015-04-22","2015-04-22","HkhQBNKo1QBBdlVR94zQ4RTTsOX/idPwKbejG04cUvQ=","NEON.BET.D09.000305","CARSP14","Carabidae sp.","family",,"Latreille","D09.2014.MorphL","Other",,"GOvgZIvQ0qQHj/ySC0OOMgunX2ZttPpr","GOvgZIvQ0qQHj/ySC0OOMgunX2ZttPpr","Skinny-goldilegs| medium size| plica present| setae on 3rd interstice| dark rufous to brown color on dorsal surface| nearly black ventral surface| legs golden color"
"b80780fc-abfc-4cb2-94c8-d1229773f119","WOOD_023.basePlot.bet","D09","WOOD","WOOD_023","E","2014-07-30","2014-08-13","2015-04-22","2015-04-22","HkhQBNKo1QBBdlVR94zQ4RTTsOX/idPwKbejG04cUvQ=","NEON.BET.D09.000301","CARSP14","Carabidae sp.","family",,"Latreille","D09.2014.MorphL","Other",,"GOvgZIvQ0qQHj/ySC0OOMgunX2ZttPpr","GOvgZIvQ0qQHj/ySC0OOMgunX2ZttPpr","Skinny-goldilegs| medium size| plica present| setae on 3rd interstice| dark rufous to brown color on dorsal surface| nearly black ventral surface| legs golden color"
"963771b9-99a3-4937-850a-4194c675a8e0","WOOD_023.basePlot.bet","D09","WOOD","WOOD_023","E","2014-07-30","2014-08-13","2015-04-22","2015-04-22","HkhQBNKo1QBBdlVR94zQ4RTTsOX/idPwKbejG04cUvQ=","NEON.BET.D09.000303","CARSP14","Carabidae sp.","family",,"Latreille","D09.2014.MorphL","Other",,"GOvgZIvQ0qQHj/ySC0OOMgunX2ZttPpr","GOvgZIvQ0qQHj/ySC0OOMgunX2ZttPpr","Skinny-goldilegs| medium size| plica present| setae on 3rd interstice| dark rufous to brown color on dorsal surface| nearly black ventral surface| legs golden color"
"a3f67e59-1f34-412a-82bd-15ff5b7e0896","WOOD_023.basePlot.bet","D09","WOOD","WOOD_023","E","2014-07-30","2014-08-13","2015-04-22","2015-04-22","HkhQBNKo1QBBdlVR94zQ4RTTsOX/idPwKbejG04cUvQ=","NEON.BET.D09.000300","CARSP14","Carabidae sp.","family",,"Latreille","D09.2014.MorphL","Other",,"GOvgZIvQ0qQHj/ySC0OOMgunX2ZttPpr","GOvgZIvQ0qQHj/ySC0OOMgunX2ZttPpr","Skinny-goldilegs| medium size| plica present| setae on 3rd interstice| dark rufous to brown color on dorsal surface| nearly black ventral surface| legs golden color"
"fa651fd5-6432-412a-9a19-c0d9aee9e89a","WOOD_023.basePlot.bet","D09","WOOD","WOOD_023","E","2014-07-30","2014-08-13","2015-04-22","2015-04-22","HkhQBNKo1QBBdlVR94zQ4RTTsOX/idPwKbejG04cUvQ=","NEON.BET.D09.000283","CARSP14","Carabidae sp.","family",,"Latreille","D09.2014.MorphF","Other",,"GOvgZIvQ0qQHj/ySC0OOMgunX2ZttPpr","GOvgZIvQ0qQHj/ySC0OOMgunX2ZttPpr","Mini-pale-shoulders| small| similar to D09.2014.MorphE, except pale-shoulder coloration is less apparent or non-existent"
"d0d9c2cf-c9d2-413b-8946-5cc559644a06","WOOD_023.basePlot.bet","D09","WOOD","WOOD_023","E","2014-07-30","2014-08-13","2015-04-22","2015-04-22","HkhQBNKo1QBBdlVR94zQ4RTTsOX/idPwKbejG04cUvQ=","NEON.BET.D09.000299","CARSP14","Carabidae sp.","family",,"Latreille","D09.2014.MorphL","Other",,"GOvgZIvQ0qQHj/ySC0OOMgunX2ZttPpr","GOvgZIvQ0qQHj/ySC0OOMgunX2ZttPpr","Skinny-goldilegs| medium size| plica present| setae on 3rd interstice| dark rufous to brown color on dorsal surface| nearly black ventral surface| legs golden color"
"1bd0138d-b062-4c42-84a5-17a87039f141","WOOD_023.basePlot.bet","D09","WOOD","WOOD_023","E","2014-07-30","2014-08-13","2015-04-22","2015-04-22","HkhQBNKo1QBBdlVR94zQ4RTTsOX/idPwKbejG04cUvQ=","NEON.BET.D09.000304","CARSP14","Carabidae sp.","family",,"Latreille","D09.2014.MorphL","Other",,"GOvgZIvQ0qQHj/ySC0OOMgunX2ZttPpr","GOvgZIvQ0qQHj/ySC0OOMgunX2ZttPpr","Skinny-goldilegs| medium size| plica present| setae on 3rd interstice| dark rufous to brown color on dorsal surface| nearly black ventral surface| legs golden color"
"87de650a-b630-4b2b-977c-22f54cb66703","WOOD_002.basePlot.bet","D09","WOOD","WOOD_002","E","2014-07-30","2014-08-13","2015-04-21","2015-04-21","V7nyjIgYGmNgmt8Yvrzpae6EGjo6y4XenT72pxNOTGQ=","NEON.BET.D09.000254","CARSP14","Carabidae sp.","family",,"Latreille","D09.2014.MorphE","Other",,"GOvgZIvQ0qQHj/ySC0OOMgunX2ZttPpr","GOvgZIvQ0qQHj/ySC0OOMgunX2ZttPpr","Pale-shoulders| medium sized| reddish-tan elytra (anterior), fading to chocolate-brown (posterior) cleft pronotum| brownish-yellow legs"
"3c027d88-1669-4feb-b240-1758600d31c6","WOOD_002.basePlot.bet","D09","WOOD","WOOD_002","E","2014-07-30","2014-08-13","2015-04-21","2015-04-21","V7nyjIgYGmNgmt8Yvrzpae6EGjo6y4XenT72pxNOTGQ=","NEON.BET.D09.000255","CARSP14","Carabidae sp.","family",,"Latreille","D09.2014.MorphE","Other",,"GOvgZIvQ0qQHj/ySC0OOMgunX2ZttPpr","GOvgZIvQ0qQHj/ySC0OOMgunX2ZttPpr","Pale-shoulders| medium sized| reddish-tan elytra (anterior), fading to chocolate-brown (posterior) cleft pronotum| brownish-yellow legs"
"d645a56d-2992-4dcd-8919-1d1f5ef5a518","WOOD_023.basePlot.bet","D09","WOOD","WOOD_023","E","2014-07-30","2014-08-13","2015-04-22","2015-04-22","HkhQBNKo1QBBdlVR94zQ4RTTsOX/idPwKbejG04cUvQ=","NEON.BET.D09.000302","CARSP14","Carabidae sp.","family",,"Latreille","D09.2014.MorphL","Other",,"GOvgZIvQ0qQHj/ySC0OOMgunX2ZttPpr","GOvgZIvQ0qQHj/ySC0OOMgunX2ZttPpr","Skinny-goldilegs| medium size| plica present| setae on 3rd interstice| dark rufous to brown color on dorsal surface| nearly black ventral surface| legs golden color"
"19a9f079-3756-4241-8366-14148c898de6","WOOD_003.basePlot.bet","D09","WOOD","WOOD_003","N","2014-07-30","2014-08-13","2015-04-23","2015-04-23","gVhx7bcr2vMTLe1H6MP3kQn3Gr7Fi2oOHU343+Kofzo=","NEON.BET.D09.000548","HARHER","Harpalus herbivagus","species",,"Say",,"Arnett Jr., R. H., and M. C. Thomas. 2001. American Beetles Archosemata, Myxophaga, Adephaga, Polyphaga: Staphyliniformia. 1st Vol. (C. Press, Ed.). 1st Ed. Boca Raton, FL.",,"4oCBvlQIQ4DhSH30J22+0bs0GAacIQwk","4oCBvlQIQ4DhSH30J22+0bs0GAacIQwk",
"ecc0bf7a-9294-4816-9c82-31697973ecb2","WOOD_024.basePlot.bet","D09","WOOD","WOOD_024","N","2014-07-30","2014-08-13","2015-04-22","2015-04-22","rKE54NR9lxRoHL5bZ5f5ISHZfs+sC9n2QIez/0pPaz4=","NEON.BET.D09.000389","CARSP14","Carabidae sp.","family",,"Latreille","D09.2014.MorphV","Other",,"GOvgZIvQ0qQHj/ySC0OOMgunX2ZttPpr","GOvgZIvQ0qQHj/ySC0OOMgunX2ZttPpr","Arched-back-no-scutellum| rufous color| medium size| plica, 2 pair of setae"
"7dbee124-e3e7-4331-b64f-86212a2de5ff","WOOD_001.basePlot.bet","D09","WOOD","WOOD_001","N","2014-07-30","2014-08-13","2015-04-02","2015-04-02","vZVALStcGzdyoE+yF+iVjLlMTRml8Jtq+M+00jjnoL0=","NEON.BET.D09.000080","CARSP14","Carabidae sp.","family",,"Latreille","D09.2014.MorphA","Other",,"9hOSS3gpVvHUvdbHcI4XlVp94UoAF+Qh","9hOSS3gpVvHUvdbHcI4XlVp94UoAF+Qh","Wrinkles| medium to large sized| glossy black throughout| posterior edge of upper pronotum has several distinctive sutures"
"9eeff94a-b6d9-4333-8e38-6def0cb513f3","WOOD_001.basePlot.bet","D09","WOOD","WOOD_001","N","2014-07-30","2014-08-13","2015-04-02","2015-04-02","vZVALStcGzdyoE+yF+iVjLlMTRml8Jtq+M+00jjnoL0=","NEON.BET.D09.000081","CARSP14","Carabidae sp.","family",,"Latreille","D09.2014.MorphA","Other",,"9hOSS3gpVvHUvdbHcI4XlVp94UoAF+Qh","9hOSS3gpVvHUvdbHcI4XlVp94UoAF+Qh","Wrinkles| medium to large sized| glossy black throughout| posterior edge of upper pronotum has several distinctive sutures"
"5cff8522-aa41-47a7-aec5-ae574d4fc8bd","WOOD_001.basePlot.bet","D09","WOOD","WOOD_001","N","2014-07-30","2014-08-13","2015-04-02","2015-04-02","vZVALStcGzdyoE+yF+iVjLlMTRml8Jtq+M+00jjnoL0=","NEON.BET.D09.000082","CARSP14","Carabidae sp.","family",,"Latreille","D09.2014.MorphA","Other",,"9hOSS3gpVvHUvdbHcI4XlVp94UoAF+Qh","9hOSS3gpVvHUvdbHcI4XlVp94UoAF+Qh","Wrinkles| medium to large sized| glossy black throughout| posterior edge of upper pronotum has several distinctive sutures"
"3dea2bb1-6ce3-488a-954a-6756ac9b73aa","WOOD_002.basePlot.bet","D09","WOOD","WOOD_002","N","2014-07-30","2014-08-13","2015-04-10","2015-04-10","V7nyjIgYGmM14b83AbvrZapF4OEYOZeC+AE+TY1Wezk=","NEON.BET.D09.000230","CARSP14","Carabidae sp.","family",,"Latreille","D09.2014.MorphB","Other",,"9hOSS3gpVvHUvdbHcI4XlVp94UoAF+Qh","9hOSS3gpVvHUvdbHcI4XlVp94UoAF+Qh","Bumpy-back| large sized| distinctive series of black bumps on copper-brown elytra"
"3bea6276-ddf0-4e38-9235-92b8ef60a066","WOOD_002.basePlot.bet","D09","WOOD","WOOD_002","N","2014-07-30","2014-08-13","2015-04-07","2015-04-07","V7nyjIgYGmM14b83AbvrZapF4OEYOZeC+AE+TY1Wezk=","NEON.BET.D09.000135","CARSP14","Carabidae sp.","family",,"Latreille","D09.2014.MorphA","Other",,"9hOSS3gpVvHUvdbHcI4XlVp94UoAF+Qh","9hOSS3gpVvHUvdbHcI4XlVp94UoAF+Qh","Wrinkles| medium to large sized| glossy black throughout| posterior edge of upper pronotum has several distinctive sutures"
"ed76f5e2-7c7b-4132-81dd-a34171ef9b86","WOOD_006.basePlot.bet","D09","WOOD","WOOD_006","N","2014-07-30","2014-08-13","2015-04-07","2015-04-07","WY3Zl9EyMifynNEAFRb+YbMQ5uzKCSi+uwY3f2FevNU=","NEON.BET.D09.000132","CARSP14","Carabidae sp.","family",,"Latreille","D09.2014.MorphA","Other",,"9hOSS3gpVvHUvdbHcI4XlVp94UoAF+Qh","9hOSS3gpVvHUvdbHcI4XlVp94UoAF+Qh","Wrinkles| medium to large sized| glossy black throughout| posterior edge of upper pronotum has several distinctive sutures"
"70b76516-29b7-4b26-a3bb-ab51053729d0","WOOD_001.basePlot.bet","D09","WOOD","WOOD_001","N","2014-07-30","2014-08-13","2015-04-02","2015-04-02","vZVALStcGzdyoE+yF+iVjLlMTRml8Jtq+M+00jjnoL0=","NEON.BET.D09.000083","CARSP14","Carabidae sp.","family",,"Latreille","D09.2014.MorphA","Other",,"9hOSS3gpVvHUvdbHcI4XlVp94UoAF+Qh","9hOSS3gpVvHUvdbHcI4XlVp94UoAF+Qh","Wrinkles| medium to large sized| glossy black throughout| posterior edge of upper pronotum has several distinctive sutures"
"4cea0a30-cad7-4ae3-b2b2-b1d31b632a29","WOOD_024.basePlot.bet","D09","WOOD","WOOD_024","N","2014-07-30","2014-08-13","2015-04-07","2015-04-07","rKE54NR9lxRoHL5bZ5f5ISHZfs+sC9n2QIez/0pPaz4=","NEON.BET.D09.000136","CARSP14","Carabidae sp.","family",,"Latreille","D09.2014.MorphA","Other",,"66u63T1jjybfiXZNeY+Slx8yQDojHm/S","9hOSS3gpVvHUvdbHcI4XlVp94UoAF+Qh","Wrinkles| medium to large sized| glossy black throughout| posterior edge of upper pronotum has several distinctive sutures"
"46a12bbf-d153-494a-a79f-eb6aaf67f55b","WOOD_023.basePlot.bet","D09","WOOD","WOOD_023","N","2014-07-30","2014-08-13","2015-04-02","2015-04-02","HkhQBNKo1QBqCKqKUXV6P8f/Hbnbpc6jXXqk8IPosAQ=","NEON.BET.D09.000075","CARSP14","Carabidae sp.","family",,"Latreille","D09.2014.MorphA","Other",,"9hOSS3gpVvHUvdbHcI4XlVp94UoAF+Qh","9hOSS3gpVvHUvdbHcI4XlVp94UoAF+Qh","Wrinkles| medium to large sized| glossy black throughout| posterior edge of upper pronotum has several distinctive sutures"
"7047a8a9-a06b-4cda-8a1d-27c22ad6e38e","WOOD_023.basePlot.bet","D09","WOOD","WOOD_023","N","2014-07-30","2014-08-13","2015-04-02","2015-04-02","HkhQBNKo1QBqCKqKUXV6P8f/Hbnbpc6jXXqk8IPosAQ=","NEON.BET.D09.000076","CARSP14","Carabidae sp.","family",,"Latreille","D09.2014.MorphA","Other",,"9hOSS3gpVvHUvdbHcI4XlVp94UoAF+Qh","9hOSS3gpVvHUvdbHcI4XlVp94UoAF+Qh","Wrinkles| medium to large sized| glossy black throughout| posterior edge of upper pronotum has several distinctive sutures"
"0c686450-3cc7-4c7e-8159-2b753af68fbf","WOOD_023.basePlot.bet","D09","WOOD","WOOD_023","N","2014-07-30","2014-08-13","2015-04-02","2015-04-02","HkhQBNKo1QBqCKqKUXV6P8f/Hbnbpc6jXXqk8IPosAQ=","NEON.BET.D09.000074","CARSP14","Carabidae sp.","family",,"Latreille","D09.2014.MorphA","Other",,"9hOSS3gpVvHUvdbHcI4XlVp94UoAF+Qh","9hOSS3gpVvHUvdbHcI4XlVp94UoAF+Qh","Wrinkles| medium to large sized| glossy black throughout| posterior edge of upper pronotum has several distinctive sutures"
"c4e07300-d092-4d63-9a87-ccd385a7511c","WOOD_023.basePlot.bet","D09","WOOD","WOOD_023","S","2014-08-13","2014-08-27","2015-04-07","2015-04-07","HkhQBNKo1QBcW+aqjFtpiNKYwpsGm46znUJy6d2lVPw=","NEON.BET.D09.000107","CARSP14","Carabidae sp.","family",,"Latreille","D09.2014.MorphA","Other",,"9hOSS3gpVvHUvdbHcI4XlVp94UoAF+Qh","9hOSS3gpVvHUvdbHcI4XlVp94UoAF+Qh","Wrinkles| medium to large sized| glossy black throughout| posterior edge of upper pronotum has several distinctive sutures"
"f7650788-47c5-4a29-896c-05b6ade1a33e","WOOD_023.basePlot.bet","D09","WOOD","WOOD_023","S","2014-08-13","2014-08-27","2015-04-07","2015-04-07","HkhQBNKo1QBcW+aqjFtpiNKYwpsGm46znUJy6d2lVPw=","NEON.BET.D09.000140","CARSP14","Carabidae sp.","family",,"Latreille","D09.2014.MorphA","Other",,"66u63T1jjybfiXZNeY+Slx8yQDojHm/S","9hOSS3gpVvHUvdbHcI4XlVp94UoAF+Qh","Wrinkles| medium to large sized| glossy black throughout| posterior edge of upper pronotum has several distinctive sutures"
"8531c91c-29f6-4bb2-a53b-8334b05fc19b","WOOD_023.basePlot.bet","D09","WOOD","WOOD_023","S","2014-08-13","2014-08-27","2015-04-07","2015-04-08","HkhQBNKo1QBcW+aqjFtpiNKYwpsGm46znUJy6d2lVPw=","NEON.BET.D09.000122","CARSP14","Carabidae sp.","family",,"Latreille","D09.2014.MorphA","Other",,"66u63T1jjybfiXZNeY+Slx8yQDojHm/S","9hOSS3gpVvHUvdbHcI4XlVp94UoAF+Qh","Wrinkles| medium to large sized| glossy black throughout| posterior edge of upper pronotum has several distinctive sutures"
"3e5261da-be30-402a-8173-59ed3ed1ed7b","WOOD_001.basePlot.bet","D09","WOOD","WOOD_001","S","2014-08-13","2014-08-27","2015-04-08","2015-04-08","vZVALStcGzcsjDNtnU4ax1auyt1B2EJHpoqYwkaisug=","NEON.BET.D09.000189","CARSP14","Carabidae sp.","family",,"Latreille","D09.2014.MorphA","Other",,"9hOSS3gpVvHUvdbHcI4XlVp94UoAF+Qh","9hOSS3gpVvHUvdbHcI4XlVp94UoAF+Qh","Wrinkles| medium to large sized| glossy black throughout| posterior edge of upper pronotum has several distinctive sutures"
"707f6a67-ddf8-449f-ba42-7dd7a38679f7","WOOD_001.basePlot.bet","D09","WOOD","WOOD_001","S","2014-08-13","2014-08-27","2015-04-08","2015-04-08","vZVALStcGzcsjDNtnU4ax1auyt1B2EJHpoqYwkaisug=","NEON.BET.D09.000190","CARSP14","Carabidae sp.","family",,"Latreille","D09.2014.MorphA","Other",,"9hOSS3gpVvHUvdbHcI4XlVp94UoAF+Qh","9hOSS3gpVvHUvdbHcI4XlVp94UoAF+Qh","Wrinkles| medium to large sized| glossy black throughout| posterior edge of upper pronotum has several distinctive sutures"
"0c40b139-398f-47ea-a904-2a0ee73cab02","WOOD_002.basePlot.bet","D09","WOOD","WOOD_002","S","2014-08-13","2014-08-27","2015-04-10","2015-04-10","V7nyjIgYGmPeVUxGodh0zFsLCMRCOONxl8r/6GOG9u4=","NEON.BET.D09.000231","CARSP14","Carabidae sp.","family",,"Latreille","D09.2014.MorphB","Other",,"66u63T1jjybfiXZNeY+Slx8yQDojHm/S","9hOSS3gpVvHUvdbHcI4XlVp94UoAF+Qh","Bumpy-back| large sized| distinctive series of black bumps on copper-brown elytra"
"76b3f9c2-8ce1-46e8-aafb-75f5f297ad4c","WOOD_002.basePlot.bet","D09","WOOD","WOOD_002","S","2014-08-13","2014-08-27","2015-04-02","2015-04-02","V7nyjIgYGmPeVUxGodh0zFsLCMRCOONxl8r/6GOG9u4=","NEON.BET.D09.000085","CARSP14","Carabidae sp.","family",,"Latreille","D09.2014.MorphA","Other",,"9hOSS3gpVvHUvdbHcI4XlVp94UoAF+Qh","9hOSS3gpVvHUvdbHcI4XlVp94UoAF+Qh","Wrinkles| medium to large sized| glossy black throughout| posterior edge of upper pronotum has several distinctive sutures"
"45ff5024-d088-45e7-bb62-34e15eeacc48","WOOD_005.basePlot.bet","D09","WOOD","WOOD_005","S","2014-08-13","2014-08-27","2015-04-08","2015-04-08","Q/pjwyhQ09wKA+kCZ0yp6Dpptex4hC1aip1EsQiOtac=","NEON.BET.D09.000175","CARSP14","Carabidae sp.","family",,"Latreille","D09.2014.MorphA","Other",,"9hOSS3gpVvHUvdbHcI4XlVp94UoAF+Qh","9hOSS3gpVvHUvdbHcI4XlVp94UoAF+Qh","Wrinkles| medium to large sized| glossy black throughout| posterior edge of upper pronotum has several distinctive sutures"
"453bdcf6-2832-4435-9209-f2d9b7c10348","WOOD_005.basePlot.bet","D09","WOOD","WOOD_005","S","2014-08-13","2014-08-27","2015-04-08","2015-04-08","Q/pjwyhQ09wKA+kCZ0yp6Dpptex4hC1aip1EsQiOtac=","NEON.BET.D09.000174","CARSP14","Carabidae sp.","family",,"Latreille","D09.2014.MorphA","Other",,"9hOSS3gpVvHUvdbHcI4XlVp94UoAF+Qh","9hOSS3gpVvHUvdbHcI4XlVp94UoAF+Qh","Wrinkles| medium to large sized| glossy black throughout| posterior edge of upper pronotum has several distinctive sutures"
"7c3f2271-c462-4f8c-82c9-95b3bb99506c","WOOD_005.basePlot.bet","D09","WOOD","WOOD_005","S","2014-08-13","2014-08-27","2015-04-08","2015-04-08","Q/pjwyhQ09wKA+kCZ0yp6Dpptex4hC1aip1EsQiOtac=","NEON.BET.D09.000176","CARSP14","Carabidae sp.","family",,"Latreille","D09.2014.MorphA","Other",,"9hOSS3gpVvHUvdbHcI4XlVp94UoAF+Qh","9hOSS3gpVvHUvdbHcI4XlVp94UoAF+Qh","Wrinkles| medium to large sized| glossy black throughout| posterior edge of upper pronotum has several distinctive sutures"
"3447f57e-5dba-447d-81c2-ff336f0aa669","WOOD_007.basePlot.bet","D09","WOOD","WOOD_007","S","2014-08-13","2014-08-27","2015-04-21","2015-04-21","5mkFtj0S+gg0a2xCp7wQfLW9GePlaDWdkdZ2IzPiFTQ=","NEON.BET.D09.000263","CARSP14","Carabidae sp.","family",,"Latreille","D09.2014.MorphE","Other",,"GOvgZIvQ0qQHj/ySC0OOMgunX2ZttPpr","GOvgZIvQ0qQHj/ySC0OOMgunX2ZttPpr","Pale-shoulders| medium sized| reddish-tan elytra (anterior), fading to chocolate-brown (posterior) cleft pronotum| brownish-yellow legs"
"21007d8a-d8ce-4f74-9d3e-f53ab7b67327","WOOD_007.basePlot.bet","D09","WOOD","WOOD_007","S","2014-08-13","2014-08-27","2015-04-21","2015-04-21","5mkFtj0S+gg0a2xCp7wQfLW9GePlaDWdkdZ2IzPiFTQ=","NEON.BET.D09.000262","CARSP14","Carabidae sp.","family",,"Latreille","D09.2014.MorphE","Other",,"GOvgZIvQ0qQHj/ySC0OOMgunX2ZttPpr","GOvgZIvQ0qQHj/ySC0OOMgunX2ZttPpr","Pale-shoulders| medium sized| reddish-tan elytra (anterior), fading to chocolate-brown (posterior) cleft pronotum| brownish-yellow legs"
"e1968c0c-b1af-4ac9-a78e-1441282c780b","WOOD_024.basePlot.bet","D09","WOOD","WOOD_024","W","2014-08-13","2014-08-27","2015-04-23","2015-04-23","rKE54NR9lxQPVfPE4D7Shhop7hTovGcfYXb+EtMkAfU=","NEON.BET.D09.000540","BRACYA2","Brachinus cyanochroaticus","species",,"Erwin",,"Arnett Jr., R. H., and M. C. Thomas. 2001. American Beetles Archosemata, Myxophaga, Adephaga, Polyphaga: Staphyliniformia. 1st Vol. (C. Press, Ed.). 1st Ed. Boca Raton, FL.",,"4oCBvlQIQ4DhSH30J22+0bs0GAacIQwk","4oCBvlQIQ4DhSH30J22+0bs0GAacIQwk",
"cabcd5e4-00d1-47a2-a377-4d4a07dfae3f","WOOD_024.basePlot.bet","D09","WOOD","WOOD_024","W","2014-08-13","2014-08-27","2015-04-23","2015-04-23","rKE54NR9lxQPVfPE4D7Shhop7hTovGcfYXb+EtMkAfU=","NEON.BET.D09.000539","BRACYA2","Brachinus cyanochroaticus","species",,"Erwin",,"Arnett Jr., R. H., and M. C. Thomas. 2001. American Beetles Archosemata, Myxophaga, Adephaga, Polyphaga: Staphyliniformia. 1st Vol. (C. Press, Ed.). 1st Ed. Boca Raton, FL.",,"4oCBvlQIQ4DhSH30J22+0bs0GAacIQwk","4oCBvlQIQ4DhSH30J22+0bs0GAacIQwk",
"3db59979-8849-4bc4-8eda-79887062ca2b","WOOD_002.basePlot.bet","D09","WOOD","WOOD_002","S","2014-08-13","2014-08-27","2015-04-21","2015-04-21","V7nyjIgYGmPeVUxGodh0zFsLCMRCOONxl8r/6GOG9u4=","NEON.BET.D09.000272","CARSP14","Carabidae sp.","family",,"Latreille","D09.2014.MorphE","Other",,"GOvgZIvQ0qQHj/ySC0OOMgunX2ZttPpr","GOvgZIvQ0qQHj/ySC0OOMgunX2ZttPpr","Pale-shoulders| medium sized| reddish-tan elytra (anterior), fading to chocolate-brown (posterior) cleft pronotum| brownish-yellow legs"
"c2724738-ae76-42d6-8abc-3247243d07dc","WOOD_007.basePlot.bet","D09","WOOD","WOOD_007","S","2014-08-13","2014-08-27","2015-04-21","2015-04-21","5mkFtj0S+gg0a2xCp7wQfLW9GePlaDWdkdZ2IzPiFTQ=","NEON.BET.D09.000261","CARSP14","Carabidae sp.","family",,"Latreille","D09.2014.MorphE","Other",,"GOvgZIvQ0qQHj/ySC0OOMgunX2ZttPpr","GOvgZIvQ0qQHj/ySC0OOMgunX2ZttPpr","Pale-shoulders| medium sized| reddish-tan elytra (anterior), fading to chocolate-brown (posterior) cleft pronotum| brownish-yellow legs"
"9dd056fa-83db-4f44-aa66-017c6c05a51b","WOOD_024.basePlot.bet","D09","WOOD","WOOD_024","W","2014-08-13","2014-08-27","2015-04-08","2015-04-08","rKE54NR9lxQPVfPE4D7Shhop7hTovGcfYXb+EtMkAfU=","NEON.BET.D09.000184","CARSP14","Carabidae sp.","family",,"Latreille","D09.2014.MorphA","Other",,"9hOSS3gpVvHUvdbHcI4XlVp94UoAF+Qh","9hOSS3gpVvHUvdbHcI4XlVp94UoAF+Qh","Wrinkles| medium to large sized| glossy black throughout| posterior edge of upper pronotum has several distinctive sutures"
"44100998-99f4-4b84-b551-34ffa3d8cb47","WOOD_024.basePlot.bet","D09","WOOD","WOOD_024","W","2014-08-13","2014-08-27","2015-04-08","2015-04-08","rKE54NR9lxQPVfPE4D7Shhop7hTovGcfYXb+EtMkAfU=","NEON.BET.D09.000185","CARSP14","Carabidae sp.","family",,"Latreille","D09.2014.MorphA","Other",,"9hOSS3gpVvHUvdbHcI4XlVp94UoAF+Qh","9hOSS3gpVvHUvdbHcI4XlVp94UoAF+Qh","Wrinkles| medium to large sized| glossy black throughout| posterior edge of upper pronotum has several distinctive sutures"
"f0d9ec62-c5ff-40c8-a6b8-512c6e4b78d4","WOOD_002.basePlot.bet","D09","WOOD","WOOD_002","W","2014-08-13","2014-08-27","2015-04-08","2015-04-08","V7nyjIgYGmPQAknOuB/BJ36Jk7lrb78H9vVnKFBhFHI=","NEON.BET.D09.000170","CARSP14","Carabidae sp.","family",,"Latreille","D09.2014.MorphA","Other",,"9hOSS3gpVvHUvdbHcI4XlVp94UoAF+Qh","9hOSS3gpVvHUvdbHcI4XlVp94UoAF+Qh","Wrinkles| medium to large sized| glossy black throughout| posterior edge of upper pronotum has several distinctive sutures"
"facfbaf4-570d-462d-a09e-620341b18dc1","WOOD_024.basePlot.bet","D09","WOOD","WOOD_024","W","2014-08-13","2014-08-27","2015-04-08","2015-04-08","rKE54NR9lxQPVfPE4D7Shhop7hTovGcfYXb+EtMkAfU=","NEON.BET.D09.000188","CARSP14","Carabidae sp.","family",,"Latreille","D09.2014.MorphA","Other",,"9hOSS3gpVvHUvdbHcI4XlVp94UoAF+Qh","9hOSS3gpVvHUvdbHcI4XlVp94UoAF+Qh","Wrinkles| medium to large sized| glossy black throughout| posterior edge of upper pronotum has several distinctive sutures"
"3c843ca6-dd55-424f-9e1e-6299f8691e05","WOOD_024.basePlot.bet","D09","WOOD","WOOD_024","W","2014-08-13","2014-08-27","2015-04-08","2015-04-08","rKE54NR9lxQPVfPE4D7Shhop7hTovGcfYXb+EtMkAfU=","NEON.BET.D09.000186","CARSP14","Carabidae sp.","family",,"Latreille","D09.2014.MorphA","Other",,"9hOSS3gpVvHUvdbHcI4XlVp94UoAF+Qh","9hOSS3gpVvHUvdbHcI4XlVp94UoAF+Qh","Wrinkles| medium to large sized| glossy black throughout| posterior edge of upper pronotum has several distinctive sutures"
"84d01680-1b12-4a44-914a-6ac8bfe042bb","WOOD_006.basePlot.bet","D09","WOOD","WOOD_006","W","2014-08-13","2014-08-27","2015-04-02","2015-04-02","WY3Zl9EyMidz0UP/klcwZvwXOnNANN/A5XhX+aCsRVE=","NEON.BET.D09.000070","CARSP14","Carabidae sp.","family",,"Latreille","D09.2014.MorphA","Other",,"9hOSS3gpVvHUvdbHcI4XlVp94UoAF+Qh","9hOSS3gpVvHUvdbHcI4XlVp94UoAF+Qh","Wrinkles| medium to large sized| glossy black throughout| posterior edge of upper pronotum has several distinctive sutures"
"00b91946-dbe3-4e45-89e8-e60d0a2d1543","WOOD_006.basePlot.bet","D09","WOOD","WOOD_006","W","2014-08-13","2014-08-27","2015-04-02","2015-04-02","WY3Zl9EyMidz0UP/klcwZvwXOnNANN/A5XhX+aCsRVE=","NEON.BET.D09.000071","CARSP14","Carabidae sp.","family",,"Latreille","D09.2014.MorphA","Other",,"9hOSS3gpVvHUvdbHcI4XlVp94UoAF+Qh","9hOSS3gpVvHUvdbHcI4XlVp94UoAF+Qh","Wrinkles| medium to large sized| glossy black throughout| posterior edge of upper pronotum has several distinctive sutures"
"71cb232a-2d21-47ef-935e-a45912407645","WOOD_024.basePlot.bet","D09","WOOD","WOOD_024","W","2014-08-13","2014-08-27","2015-04-08","2015-04-08","rKE54NR9lxQPVfPE4D7Shhop7hTovGcfYXb+EtMkAfU=","NEON.BET.D09.000187","CARSP14","Carabidae sp.","family",,"Latreille","D09.2014.MorphA","Other",,"9hOSS3gpVvHUvdbHcI4XlVp94UoAF+Qh","9hOSS3gpVvHUvdbHcI4XlVp94UoAF+Qh","Wrinkles| medium to large sized| glossy black throughout| posterior edge of upper pronotum has several distinctive sutures"
"37d74fd4-beaa-4f22-b790-d26e17edac37","WOOD_024.basePlot.bet","D09","WOOD","WOOD_024","W","2014-08-13","2014-08-27","2015-04-22","2015-04-22","rKE54NR9lxQPVfPE4D7Shhop7hTovGcfYXb+EtMkAfU=","NEON.BET.D09.000309","CARSP14","Carabidae sp.","family",,"Latreille","D09.2014.MorphL","Other",,"GOvgZIvQ0qQHj/ySC0OOMgunX2ZttPpr","GOvgZIvQ0qQHj/ySC0OOMgunX2ZttPpr","Skinny-goldilegs| medium size| plica present| setae on 3rd interstice| dark rufous to brown color on dorsal surface| nearly black ventral surface| legs golden color"
"6926d8b3-4d00-41c2-bf30-81d2220fbd0f","WOOD_006.basePlot.bet","D09","WOOD","WOOD_006","W","2014-08-13","2014-08-27","2015-04-02","2015-04-02","WY3Zl9EyMidz0UP/klcwZvwXOnNANN/A5XhX+aCsRVE=","NEON.BET.D09.000092","CARSP14","Carabidae sp.","family",,"Latreille","D09.2014.MorphA","Other",,"9hOSS3gpVvHUvdbHcI4XlVp94UoAF+Qh","9hOSS3gpVvHUvdbHcI4XlVp94UoAF+Qh","Wrinkles| medium to large sized| glossy black throughout| posterior edge of upper pronotum has several distinctive sutures"
"44514a9e-d140-42a2-8d39-556d13cf624f","WOOD_005.basePlot.bet","D09","WOOD","WOOD_005","W","2014-08-13","2014-08-27","2015-04-08","2015-04-08","Q/pjwyhQ09xv/uhEMFw1+XP35BmV8AWpgJdrZJClcJQ=","NEON.BET.D09.000173","CARSP14","Carabidae sp.","family",,"Latreille","D09.2014.MorphA","Other",,"9hOSS3gpVvHUvdbHcI4XlVp94UoAF+Qh","9hOSS3gpVvHUvdbHcI4XlVp94UoAF+Qh","Wrinkles| medium to large sized| glossy black throughout| posterior edge of upper pronotum has several distinctive sutures"
"8ce1cdde-677c-4ca8-8f90-50c24b325312","WOOD_024.basePlot.bet","D09","WOOD","WOOD_024","W","2014-08-13","2014-08-27","2015-04-22","2015-04-22","rKE54NR9lxQPVfPE4D7Shhop7hTovGcfYXb+EtMkAfU=","NEON.BET.D09.000308","CARSP14","Carabidae sp.","family",,"Latreille","D09.2014.MorphL","Other",,"GOvgZIvQ0qQHj/ySC0OOMgunX2ZttPpr","GOvgZIvQ0qQHj/ySC0OOMgunX2ZttPpr","Skinny-goldilegs| medium size| plica present| setae on 3rd interstice| dark rufous to brown color on dorsal surface| nearly black ventral surface| legs golden color"
"0fbc86a0-b235-40f8-bdcd-33844f14725c","WOOD_023.basePlot.bet","D09","WOOD","WOOD_023","E","2014-08-13","2014-08-27","2015-04-23","2015-04-23","HkhQBNKo1QBBdlVR94zQ4ZSGKsF4KtZ8JE11tVNHE+o=","NEON.BET.D09.000537","BRACYA2","Brachinus cyanochroaticus","species",,"Erwin",,"Arnett Jr., R. H., and M. C. Thomas. 2001. American Beetles Archosemata, Myxophaga, Adephaga, Polyphaga: Staphyliniformia. 1st Vol. (C. Press, Ed.). 1st Ed. Boca Raton, FL.",,"4oCBvlQIQ4DhSH30J22+0bs0GAacIQwk","4oCBvlQIQ4DhSH30J22+0bs0GAacIQwk",
"0c9f1ce3-3d76-4c1c-803b-d7600228f019","WOOD_004.basePlot.bet","D09","WOOD","WOOD_004","E","2014-08-13","2014-08-27","2015-04-23","2015-04-23","tVkCk1nh7tHfYtQvIQQUDfxVrvdGWeZZNsoK6IyirWU=","NEON.BET.D09.000550","HARHER","Harpalus herbivagus","species",,"Say",,"Arnett Jr., R. H., and M. C. Thomas. 2001. American Beetles Archosemata, Myxophaga, Adephaga, Polyphaga: Staphyliniformia. 1st Vol. (C. Press, Ed.). 1st Ed. Boca Raton, FL.",,"4oCBvlQIQ4DhSH30J22+0bs0GAacIQwk","4oCBvlQIQ4DhSH30J22+0bs0GAacIQwk",
"a3b798c7-212b-49d1-8091-a7ed1638f8cf","WOOD_004.basePlot.bet","D09","WOOD","WOOD_004","E","2014-08-13","2014-08-27","2015-04-23","2015-04-23","tVkCk1nh7tHfYtQvIQQUDfxVrvdGWeZZNsoK6IyirWU=","NEON.BET.D09.000536","BRACYA2","Brachinus cyanochroaticus","species",,"Erwin",,"Arnett Jr., R. H., and M. C. Thomas. 2001. American Beetles Archosemata, Myxophaga, Adephaga, Polyphaga: Staphyliniformia. 1st Vol. (C. Press, Ed.). 1st Ed. Boca Raton, FL.",,"4oCBvlQIQ4DhSH30J22+0bs0GAacIQwk","4oCBvlQIQ4DhSH30J22+0bs0GAacIQwk",
"c87e0573-0edc-414f-8a03-3ef156779919","WOOD_006.basePlot.bet","D09","WOOD","WOOD_006","E","2014-08-13","2014-08-27","2015-04-23","2015-04-23","WY3Zl9EyMicUzBdezdEqOgn6nOR5Hmo8Qpd/2PiQf24=","NEON.BET.D09.000538","BRACYA2","Brachinus cyanochroaticus","species",,"Erwin",,"Arnett Jr., R. H., and M. C. Thomas. 2001. American Beetles Archosemata, Myxophaga, Adephaga, Polyphaga: Staphyliniformia. 1st Vol. (C. Press, Ed.). 1st Ed. Boca Raton, FL.",,"4oCBvlQIQ4DhSH30J22+0bs0GAacIQwk","4oCBvlQIQ4DhSH30J22+0bs0GAacIQwk",
"e23b5d27-3363-47be-9a4a-b9c56144c3f7","WOOD_021.basePlot.bet","D09","WOOD","WOOD_021","E","2014-08-13","2014-08-27","2015-04-22","2015-04-22","WrmnCoit367WZNJvLCmj/yEJGg1PwDSjk72FlrUOGJk=","NEON.BET.D09.000380","CARSP14","Carabidae sp.","family",,"Latreille","D09.2014.MorphS","Other",,"GOvgZIvQ0qQHj/ySC0OOMgunX2ZttPpr","GOvgZIvQ0qQHj/ySC0OOMgunX2ZttPpr","Yellow-pronotum| small size| setae midway along 1st interstice| plica absent| 1 pair of setae| pronotum margin straightens to concave"
"3ac6fc7e-8abb-473b-adc1-901a9acdcc96","WOOD_023.basePlot.bet","D09","WOOD","WOOD_023","E","2014-08-13","2014-08-27","2015-04-02","2015-04-02","HkhQBNKo1QBBdlVR94zQ4ZSGKsF4KtZ8JE11tVNHE+o=","NEON.BET.D09.000097","CARSP14","Carabidae sp.","family",,"Latreille","D09.2014.MorphA","Other",,"9hOSS3gpVvHUvdbHcI4XlVp94UoAF+Qh","9hOSS3gpVvHUvdbHcI4XlVp94UoAF+Qh","Wrinkles| medium to large sized| glossy black throughout| posterior edge of upper pronotum has several distinctive sutures"
"c7c13773-e0ee-4b8f-adc5-3735664fb9d8","WOOD_023.basePlot.bet","D09","WOOD","WOOD_023","E","2014-08-13","2014-08-27","2015-04-02","2015-04-02","HkhQBNKo1QBBdlVR94zQ4ZSGKsF4KtZ8JE11tVNHE+o=","NEON.BET.D09.000087","CARSP14","Carabidae sp.","family",,"Latreille","D09.2014.MorphA","Other",,"9hOSS3gpVvHUvdbHcI4XlVp94UoAF+Qh","9hOSS3gpVvHUvdbHcI4XlVp94UoAF+Qh","Wrinkles| medium to large sized| glossy black throughout| posterior edge of upper pronotum has several distinctive sutures"
"5bb2357b-9f68-466a-b5b7-eb2885619bb9","WOOD_023.basePlot.bet","D09","WOOD","WOOD_023","E","2014-08-13","2014-08-27","2015-04-07","2015-04-07","HkhQBNKo1QBBdlVR94zQ4ZSGKsF4KtZ8JE11tVNHE+o=","NEON.BET.D09.000112","CARSP14","Carabidae sp.","family",,"Latreille","D09.2014.MorphA","Other",,"9hOSS3gpVvHUvdbHcI4XlVp94UoAF+Qh","9hOSS3gpVvHUvdbHcI4XlVp94UoAF+Qh","Wrinkles| medium to large sized| glossy black throughout| posterior edge of upper pronotum has several distinctive sutures"
"15f68e5c-8082-4519-b89c-bd36081f536e","WOOD_021.basePlot.bet","D09","WOOD","WOOD_021","E","2014-08-13","2014-08-27","2015-04-08","2015-04-08","WrmnCoit367WZNJvLCmj/yEJGg1PwDSjk72FlrUOGJk=","NEON.BET.D09.000177","CARSP14","Carabidae sp.","family",,"Latreille","D09.2014.MorphA","Other",,"9hOSS3gpVvHUvdbHcI4XlVp94UoAF+Qh","9hOSS3gpVvHUvdbHcI4XlVp94UoAF+Qh","Wrinkles| medium to large sized| glossy black throughout| posterior edge of upper pronotum has several distinctive sutures"
"4e4a196f-17c6-4042-bac3-828b54b11661","WOOD_006.basePlot.bet","D09","WOOD","WOOD_006","E","2014-08-13","2014-08-27","2015-04-02","2015-04-02","WY3Zl9EyMicUzBdezdEqOgn6nOR5Hmo8Qpd/2PiQf24=","NEON.BET.D09.000096","CARSP14","Carabidae sp.","family",,"Latreille","D09.2014.MorphA","Other",,"9hOSS3gpVvHUvdbHcI4XlVp94UoAF+Qh","9hOSS3gpVvHUvdbHcI4XlVp94UoAF+Qh","Wrinkles| medium to large sized| glossy black throughout| posterior edge of upper pronotum has several distinctive sutures"
"ba437788-006b-424f-8d62-9067feab4f90","WOOD_006.basePlot.bet","D09","WOOD","WOOD_006","E","2014-08-13","2014-08-27","2015-04-02","2015-04-02","WY3Zl9EyMicUzBdezdEqOgn6nOR5Hmo8Qpd/2PiQf24=","NEON.BET.D09.000094","CARSP14","Carabidae sp.","family",,"Latreille","D09.2014.MorphA","Other",,"9hOSS3gpVvHUvdbHcI4XlVp94UoAF+Qh","9hOSS3gpVvHUvdbHcI4XlVp94UoAF+Qh","Wrinkles| medium to large sized| glossy black throughout| posterior edge of upper pronotum has several distinctive sutures"
"3b3c73f2-d1bf-4f29-82dd-714d28904c33","WOOD_023.basePlot.bet","D09","WOOD","WOOD_023","E","2014-08-13","2014-08-27","2015-04-07","2015-04-07","HkhQBNKo1QBBdlVR94zQ4ZSGKsF4KtZ8JE11tVNHE+o=","NEON.BET.D09.000104","CARSP14","Carabidae sp.","family",,"Latreille","D09.2014.MorphA","Other",,"9hOSS3gpVvHUvdbHcI4XlVp94UoAF+Qh","9hOSS3gpVvHUvdbHcI4XlVp94UoAF+Qh","Wrinkles| medium to large sized| glossy black throughout| posterior edge of upper pronotum has several distinctive sutures"
"2e7f881a-007b-42c4-93ff-4e00a3aa11b0","WOOD_002.basePlot.bet","D09","WOOD","WOOD_002","E","2014-08-13","2014-08-27","2015-04-08","2015-04-08","V7nyjIgYGmNgmt8YvrzpaaW4ZzJ4kn3Au0SPK7DTlsc=","NEON.BET.D09.000172","CARSP14","Carabidae sp.","family",,"Latreille","D09.2014.MorphA","Other",,"9hOSS3gpVvHUvdbHcI4XlVp94UoAF+Qh","9hOSS3gpVvHUvdbHcI4XlVp94UoAF+Qh","Wrinkles| medium to large sized| glossy black throughout| posterior edge of upper pronotum has several distinctive sutures"
"4bf4b84e-5c9f-4e61-87f8-0d9a05b0e576","WOOD_002.basePlot.bet","D09","WOOD","WOOD_002","E","2014-08-13","2014-08-27","2015-04-08","2015-04-08","V7nyjIgYGmNgmt8YvrzpaaW4ZzJ4kn3Au0SPK7DTlsc=","NEON.BET.D09.000171","CARSP14","Carabidae sp.","family",,"Latreille","D09.2014.MorphA","Other",,"9hOSS3gpVvHUvdbHcI4XlVp94UoAF+Qh","9hOSS3gpVvHUvdbHcI4XlVp94UoAF+Qh","Wrinkles| medium to large sized| glossy black throughout| posterior edge of upper pronotum has several distinctive sutures"
"b75f0725-a031-40be-b2c7-3a3c68a13307","WOOD_006.basePlot.bet","D09","WOOD","WOOD_006","E","2014-08-13","2014-08-27","2015-04-02","2015-04-02","WY3Zl9EyMicUzBdezdEqOgn6nOR5Hmo8Qpd/2PiQf24=","NEON.BET.D09.000095","CARSP14","Carabidae sp.","family",,"Latreille","D09.2014.MorphA","Other",,"9hOSS3gpVvHUvdbHcI4XlVp94UoAF+Qh","9hOSS3gpVvHUvdbHcI4XlVp94UoAF+Qh","Wrinkles| medium to large sized| glossy black throughout| posterior edge of upper pronotum has several distinctive sutures"
"472c1046-d4ff-4b6a-a572-f3fa503a87df","WOOD_006.basePlot.bet","D09","WOOD","WOOD_006","E","2014-08-13","2014-08-27","2015-04-02","2015-04-02","WY3Zl9EyMicUzBdezdEqOgn6nOR5Hmo8Qpd/2PiQf24=","NEON.BET.D09.000093","CARSP14","Carabidae sp.","family",,"Latreille","D09.2014.MorphA","Other",,"9hOSS3gpVvHUvdbHcI4XlVp94UoAF+Qh","9hOSS3gpVvHUvdbHcI4XlVp94UoAF+Qh","Wrinkles| medium to large sized| glossy black throughout| posterior edge of upper pronotum has several distinctive sutures"
"0fb89743-d25c-4ce2-961e-fce8a4cc153e","WOOD_023.basePlot.bet","D09","WOOD","WOOD_023","E","2014-08-13","2014-08-27","2015-04-07","2015-04-07","HkhQBNKo1QBBdlVR94zQ4ZSGKsF4KtZ8JE11tVNHE+o=","NEON.BET.D09.000111","CARSP14","Carabidae sp.","family",,"Latreille","D09.2014.MorphA","Other",,"9hOSS3gpVvHUvdbHcI4XlVp94UoAF+Qh","9hOSS3gpVvHUvdbHcI4XlVp94UoAF+Qh","Wrinkles| medium to large sized| glossy black throughout| posterior edge of upper pronotum has several distinctive sutures"
"c486112c-7707-4533-ba76-3265904a5f99","WOOD_023.basePlot.bet","D09","WOOD","WOOD_023","E","2014-08-13","2014-08-27","2015-04-07","2015-04-07","HkhQBNKo1QBBdlVR94zQ4ZSGKsF4KtZ8JE11tVNHE+o=","NEON.BET.D09.000103","CARSP14","Carabidae sp.","family",,"Latreille","D09.2014.MorphA","Other",,"9hOSS3gpVvHUvdbHcI4XlVp94UoAF+Qh","9hOSS3gpVvHUvdbHcI4XlVp94UoAF+Qh","Wrinkles| medium to large sized| glossy black throughout| posterior edge of upper pronotum has several distinctive sutures"
"e2c168af-8a34-406b-89aa-2c2eebdb37b7","WOOD_023.basePlot.bet","D09","WOOD","WOOD_023","E","2014-08-13","2014-08-27","2015-04-07","2015-04-07","HkhQBNKo1QBBdlVR94zQ4ZSGKsF4KtZ8JE11tVNHE+o=","NEON.BET.D09.000110","CARSP14","Carabidae sp.","family",,"Latreille","D09.2014.MorphA","Other",,"9hOSS3gpVvHUvdbHcI4XlVp94UoAF+Qh","9hOSS3gpVvHUvdbHcI4XlVp94UoAF+Qh","Wrinkles| medium to large sized| glossy black throughout| posterior edge of upper pronotum has several distinctive sutures"
"da7cb0af-523d-41a9-a65e-f89634732b86","WOOD_023.basePlot.bet","D09","WOOD","WOOD_023","E","2014-08-13","2014-08-27","2015-04-02","2015-04-02","HkhQBNKo1QBBdlVR94zQ4ZSGKsF4KtZ8JE11tVNHE+o=","NEON.BET.D09.000086","CARSP14","Carabidae sp.","family",,"Latreille","D09.2014.MorphA","Other",,"9hOSS3gpVvHUvdbHcI4XlVp94UoAF+Qh","9hOSS3gpVvHUvdbHcI4XlVp94UoAF+Qh","Wrinkles| medium to large sized| glossy black throughout| posterior edge of upper pronotum has several distinctive sutures"
"45a049ed-2480-4199-9354-cc370f0af1bd","WOOD_023.basePlot.bet","D09","WOOD","WOOD_023","E","2014-08-13","2014-08-27","2015-04-10","2015-04-10","HkhQBNKo1QBBdlVR94zQ4ZSGKsF4KtZ8JE11tVNHE+o=","NEON.BET.D09.000232","CARSP14","Carabidae sp.","family",,"Latreille","D09.2014.MorphB","Other",,"9hOSS3gpVvHUvdbHcI4XlVp94UoAF+Qh","9hOSS3gpVvHUvdbHcI4XlVp94UoAF+Qh","Bumpy-back| large sized| distinctive series of black bumps on copper-brown elytra"
"5f1c1407-224b-4db1-a8c2-7ea73a718e54","WOOD_023.basePlot.bet","D09","WOOD","WOOD_023","E","2014-08-13","2014-08-27","2015-04-07","2015-04-07","HkhQBNKo1QBBdlVR94zQ4ZSGKsF4KtZ8JE11tVNHE+o=","NEON.BET.D09.000105","CARSP14","Carabidae sp.","family",,"Latreille","D09.2014.MorphA","Other",,"9hOSS3gpVvHUvdbHcI4XlVp94UoAF+Qh","9hOSS3gpVvHUvdbHcI4XlVp94UoAF+Qh","Wrinkles| medium to large sized| glossy black throughout| posterior edge of upper pronotum has several distinctive sutures"
"bdbf1648-c538-42d0-946e-b66ad0151479","WOOD_003.basePlot.bet","D09","WOOD","WOOD_003","E","2014-08-13","2014-08-27","2015-04-23","2015-04-23","gVhx7bcr2vONNgusx786uxdfOC+TuCNv8j2YuzkkX1w=","NEON.BET.D09.000401","CARSP14","Carabidae sp.","family",,"Latreille","D09.2014.MorphAA","Other",,"GOvgZIvQ0qQHj/ySC0OOMgunX2ZttPpr","GOvgZIvQ0qQHj/ySC0OOMgunX2ZttPpr","Big-bumpy-shiny-pronotum| plica, no setae on 3rd interstice| medium size| rufous overall| large pronotum| shiny elytra| small bump at hind corner of pronotum"
"36ca2740-2f8c-4fb4-bf3f-82e9877c882c","WOOD_023.basePlot.bet","D09","WOOD","WOOD_023","E","2014-08-13","2014-08-27","2015-04-22","2015-04-22","HkhQBNKo1QBBdlVR94zQ4ZSGKsF4KtZ8JE11tVNHE+o=","NEON.BET.D09.000307","CARSP14","Carabidae sp.","family",,"Latreille","D09.2014.MorphL","Other",,"GOvgZIvQ0qQHj/ySC0OOMgunX2ZttPpr","GOvgZIvQ0qQHj/ySC0OOMgunX2ZttPpr","Skinny-goldilegs| medium size| plica present| setae on 3rd interstice| dark rufous to brown color on dorsal surface| nearly black ventral surface| legs golden color"
"8369491d-7b73-41ce-90f3-ebf2cb726f08","WOOD_023.basePlot.bet","D09","WOOD","WOOD_023","E","2014-08-13","2014-08-27","2015-04-22","2015-04-22","HkhQBNKo1QBBdlVR94zQ4ZSGKsF4KtZ8JE11tVNHE+o=","NEON.BET.D09.000306","CARSP14","Carabidae sp.","family",,"Latreille","D09.2014.MorphL","Other",,"GOvgZIvQ0qQHj/ySC0OOMgunX2ZttPpr","GOvgZIvQ0qQHj/ySC0OOMgunX2ZttPpr","Skinny-goldilegs| medium size| plica present| setae on 3rd interstice| dark rufous to brown color on dorsal surface| nearly black ventral surface| legs golden color"
"52b4fd19-504b-48b6-beee-c8296fa188a0","WOOD_003.basePlot.bet","D09","WOOD","WOOD_003","N","2014-08-13","2014-08-27","2015-04-22","2015-04-22","gVhx7bcr2vMTLe1H6MP3kXIhNm5u2orI7wRo4Udm8h0=","NEON.BET.D09.000384","CARSP14","Carabidae sp.","family",,"Latreille","D09.2014.MorphU","Other",,"GOvgZIvQ0qQHj/ySC0OOMgunX2ZttPpr","GOvgZIvQ0qQHj/ySC0OOMgunX2ZttPpr","Squared-pronotum-edges-yellow| plica absent, 2 pair of setae| medium size| rufous color except for posterior of pronotum which is squared with yellow edge"
"8c3609a3-782c-4cfd-9328-fac54ada9636","WOOD_003.basePlot.bet","D09","WOOD","WOOD_003","N","2014-08-13","2014-08-27","2015-04-22","2015-04-22","gVhx7bcr2vMTLe1H6MP3kXIhNm5u2orI7wRo4Udm8h0=","NEON.BET.D09.000353","CARSP14","Carabidae sp.","family",,"Latreille","D09.2014.MorphN","Other",,"GOvgZIvQ0qQHj/ySC0OOMgunX2ZttPpr","GOvgZIvQ0qQHj/ySC0OOMgunX2ZttPpr","Like-HAHE-but-black-elytra| medium size| similar to HAHE| plica absent| 1 pair of setae| posterior edge of pronotum squared-off and nearly hairless| tarsi rufous colored"
"6fa91b08-8cd5-46ba-9dab-8d2999b3c329","WOOD_024.basePlot.bet","D09","WOOD","WOOD_024","N","2014-08-13","2014-08-27","2015-04-22","2015-04-22","rKE54NR9lxRoHL5bZ5f5Ibf5y6BnpzZSafDGHm9dxHc=","NEON.BET.D09.000391","CARSP14","Carabidae sp.","family",,"Latreille","D09.2014.MorphV","Other",,"GOvgZIvQ0qQHj/ySC0OOMgunX2ZttPpr","GOvgZIvQ0qQHj/ySC0OOMgunX2ZttPpr","Arched-back-no-scutellum| rufous color| medium size| plica, 2 pair of setae"
"20356a07-df34-4f17-a2da-e3b677ac7bf3","WOOD_004.basePlot.bet","D09","WOOD","WOOD_004","N","2014-08-13","2014-08-27","2015-04-22","2015-04-22","tVkCk1nh7tE28lJL7FyXHXm2q0PFmYpW+iRrOzDd00M=","NEON.BET.D09.000385","CARSP14","Carabidae sp.","family",,"Latreille","D09.2014.MorphU","Other",,"GOvgZIvQ0qQHj/ySC0OOMgunX2ZttPpr","GOvgZIvQ0qQHj/ySC0OOMgunX2ZttPpr","Squared-pronotum-edges-yellow| plica absent, 2 pair of setae| medium size| rufous color except for posterior of pronotum which is squared with yellow edge"
"9dee8c3e-af6a-4e6f-a697-68e54268c8f2","WOOD_003.basePlot.bet","D09","WOOD","WOOD_003","N","2014-08-13","2014-08-27","2015-04-22","2015-04-22","gVhx7bcr2vMTLe1H6MP3kXIhNm5u2orI7wRo4Udm8h0=","NEON.BET.D09.000352","CARSP14","Carabidae sp.","family",,"Latreille","D09.2014.MorphN","Other",,"GOvgZIvQ0qQHj/ySC0OOMgunX2ZttPpr","GOvgZIvQ0qQHj/ySC0OOMgunX2ZttPpr","Like-HAHE-but-black-elytra| medium size| similar to HAHE| plica absent| 1 pair of setae| posterior edge of pronotum squared-off and nearly hairless| tarsi rufous colored"
"0076e2ec-4013-46ad-b57b-cd3ca44a0d49","WOOD_004.basePlot.bet","D09","WOOD","WOOD_004","N","2014-08-13","2014-08-27","2015-04-08","2015-04-08","tVkCk1nh7tE28lJL7FyXHXm2q0PFmYpW+iRrOzDd00M=","NEON.BET.D09.000182","CARSP14","Carabidae sp.","family",,"Latreille","D09.2014.MorphA","Other",,"9hOSS3gpVvHUvdbHcI4XlVp94UoAF+Qh","9hOSS3gpVvHUvdbHcI4XlVp94UoAF+Qh","Wrinkles| medium to large sized| glossy black throughout| posterior edge of upper pronotum has several distinctive sutures"
"cfacf0cd-ab4f-46d7-821e-2a2bf15d9180","WOOD_006.basePlot.bet","D09","WOOD","WOOD_006","N","2014-08-13","2014-08-27","2015-04-02","2015-04-02","WY3Zl9EyMifynNEAFRb+YR7DrlfR3UhYecSxu6CVijA=","NEON.BET.D09.000072","CARSP14","Carabidae sp.","family",,"Latreille","D09.2014.MorphA","Other",,"9hOSS3gpVvHUvdbHcI4XlVp94UoAF+Qh","9hOSS3gpVvHUvdbHcI4XlVp94UoAF+Qh","Wrinkles| medium to large sized| glossy black throughout| posterior edge of upper pronotum has several distinctive sutures"
"3d989152-b476-4749-b740-efeb4c12c0b0","WOOD_006.basePlot.bet","D09","WOOD","WOOD_006","N","2014-08-13","2014-08-27","2015-04-02","2015-04-02","WY3Zl9EyMifynNEAFRb+YR7DrlfR3UhYecSxu6CVijA=","NEON.BET.D09.000073","CARSP14","Carabidae sp.","family",,"Latreille","D09.2014.MorphA","Other",,"9hOSS3gpVvHUvdbHcI4XlVp94UoAF+Qh","9hOSS3gpVvHUvdbHcI4XlVp94UoAF+Qh","Wrinkles| medium to large sized| glossy black throughout| posterior edge of upper pronotum has several distinctive sutures"
"adeae561-73fd-4da6-b9d5-fea5124a14f1","WOOD_023.basePlot.bet","D09","WOOD","WOOD_023","N","2014-08-13","2014-08-27","2015-04-07","2015-04-07","HkhQBNKo1QBqCKqKUXV6P24exBYY3hof2xSbAuIDfy0=","NEON.BET.D09.000101","CARSP14","Carabidae sp.","family",,"Latreille","D09.2014.MorphA","Other",,"9hOSS3gpVvHUvdbHcI4XlVp94UoAF+Qh","9hOSS3gpVvHUvdbHcI4XlVp94UoAF+Qh","Wrinkles| medium to large sized| glossy black throughout| posterior edge of upper pronotum has several distinctive sutures"
"dce09daa-34f0-4ba1-955f-bc0557e598fc","WOOD_023.basePlot.bet","D09","WOOD","WOOD_023","N","2014-08-13","2014-08-27","2015-04-07","2015-04-07","HkhQBNKo1QBqCKqKUXV6P24exBYY3hof2xSbAuIDfy0=","NEON.BET.D09.000102","CARSP14","Carabidae sp.","family",,"Latreille","D09.2014.MorphA","Other",,"9hOSS3gpVvHUvdbHcI4XlVp94UoAF+Qh","9hOSS3gpVvHUvdbHcI4XlVp94UoAF+Qh","Wrinkles| medium to large sized| glossy black throughout| posterior edge of upper pronotum has several distinctive sutures"
"32c0922b-5a16-4463-aa5a-7962f1860907","WOOD_023.basePlot.bet","D09","WOOD","WOOD_023","N","2014-08-13","2014-08-27","2015-04-02","2015-04-02","HkhQBNKo1QBqCKqKUXV6P24exBYY3hof2xSbAuIDfy0=","NEON.BET.D09.000099","CARSP14","Carabidae sp.","family",,"Latreille","D09.2014.MorphA","Other",,"9hOSS3gpVvHUvdbHcI4XlVp94UoAF+Qh","9hOSS3gpVvHUvdbHcI4XlVp94UoAF+Qh","Wrinkles| medium to large sized| glossy black throughout| posterior edge of upper pronotum has several distinctive sutures"
"8ad8140f-4ca7-4285-90a8-58eb60e34cac","WOOD_023.basePlot.bet","D09","WOOD","WOOD_023","N","2014-08-13","2014-08-27","2015-04-02","2015-04-02","HkhQBNKo1QBqCKqKUXV6P24exBYY3hof2xSbAuIDfy0=","NEON.BET.D09.000100","CARSP14","Carabidae sp.","family",,"Latreille","D09.2014.MorphA","Other",,"9hOSS3gpVvHUvdbHcI4XlVp94UoAF+Qh","9hOSS3gpVvHUvdbHcI4XlVp94UoAF+Qh","Wrinkles| medium to large sized| glossy black throughout| posterior edge of upper pronotum has several distinctive sutures"
"68ed7871-ae34-4a09-9092-14a1b8344f45","WOOD_023.basePlot.bet","D09","WOOD","WOOD_023","N","2014-08-13","2014-08-27","2015-04-02","2015-04-02","HkhQBNKo1QBqCKqKUXV6P24exBYY3hof2xSbAuIDfy0=","NEON.BET.D09.000098","CARSP14","Carabidae sp.","family",,"Latreille","D09.2014.MorphA","Other",,"9hOSS3gpVvHUvdbHcI4XlVp94UoAF+Qh","9hOSS3gpVvHUvdbHcI4XlVp94UoAF+Qh","Wrinkles| medium to large sized| glossy black throughout| posterior edge of upper pronotum has several distinctive sutures"
"3f81e48b-b781-4274-b0e1-1266dfb32f55","WOOD_001.basePlot.bet","D09","WOOD","WOOD_001","N","2014-08-13","2014-08-27","2015-04-21","2015-04-21","vZVALStcGzdyoE+yF+iVjF/XqKX43TtqkKIJj6YNLv4=","NEON.BET.D09.000273","CARSP14","Carabidae sp.","family",,"Latreille","D09.2014.MorphE","Other",,"GOvgZIvQ0qQHj/ySC0OOMgunX2ZttPpr","GOvgZIvQ0qQHj/ySC0OOMgunX2ZttPpr","Pale-shoulders| medium sized| reddish-tan elytra (anterior), fading to chocolate-brown (posterior) cleft pronotum| brownish-yellow legs"
"b6c936fb-5047-4ba8-a4f5-722756c59062","WOOD_002.basePlot.bet","D09","WOOD","WOOD_002","N","2014-08-13","2014-08-27","2015-04-21","2015-04-21","V7nyjIgYGmM14b83AbvrZXnsL2DldXx3lNiVVCsbklk=","NEON.BET.D09.000270","CARSP14","Carabidae sp.","family",,"Latreille","D09.2014.MorphE","Other",,"GOvgZIvQ0qQHj/ySC0OOMgunX2ZttPpr","GOvgZIvQ0qQHj/ySC0OOMgunX2ZttPpr","Pale-shoulders| medium sized| reddish-tan elytra (anterior), fading to chocolate-brown (posterior) cleft pronotum| brownish-yellow legs"
"b4ae9fb9-fdb1-43d2-8fd6-4178f7e74152","WOOD_007.basePlot.bet","D09","WOOD","WOOD_007","S","2014-08-13","2014-08-27","2015-04-23","2015-04-23","5mkFtj0S+gg0a2xCp7wQfLW9GePlaDWdkdZ2IzPiFTQ=","NEON.BET.D09.000551","HARHER","Harpalus herbivagus","species",,"Say",,"Arnett Jr., R. H., and M. C. Thomas. 2001. American Beetles Archosemata, Myxophaga, Adephaga, Polyphaga: Staphyliniformia. 1st Vol. (C. Press, Ed.). 1st Ed. Boca Raton, FL.",,"4oCBvlQIQ4DhSH30J22+0bs0GAacIQwk","4oCBvlQIQ4DhSH30J22+0bs0GAacIQwk",
"804b6b2d-cc68-4c29-a298-79815eead032","WOOD_005.basePlot.bet","D09","WOOD","WOOD_005","N","2014-08-13","2014-08-27","2015-04-21","2015-04-21","Q/pjwyhQ09w3gbpA5THbKPAnC2Ay8WXyIbOVctAubHU=","NEON.BET.D09.000271","CARSP14","Carabidae sp.","family",,"Latreille","D09.2014.MorphE","Other",,"GOvgZIvQ0qQHj/ySC0OOMgunX2ZttPpr","GOvgZIvQ0qQHj/ySC0OOMgunX2ZttPpr","Pale-shoulders| medium sized| reddish-tan elytra (anterior), fading to chocolate-brown (posterior) cleft pronotum| brownish-yellow legs"
"1ddc4472-0726-42eb-ab00-53700c3837f2","WOOD_023.basePlot.bet","D09","WOOD","WOOD_023","S","2014-08-13","2014-08-27","2015-04-07","2015-04-07","HkhQBNKo1QBcW+aqjFtpiNKYwpsGm46znUJy6d2lVPw=","NEON.BET.D09.000139","CARSP14","Carabidae sp.","family",,"Latreille","D09.2014.MorphA","Other",,"9hOSS3gpVvHUvdbHcI4XlVp94UoAF+Qh","9hOSS3gpVvHUvdbHcI4XlVp94UoAF+Qh","Wrinkles| medium to large sized| glossy black throughout| posterior edge of upper pronotum has several distinctive sutures"
"7e9f5a28-4ff7-4451-8799-c9590ab46313","WOOD_002.basePlot.bet","D09","WOOD","WOOD_002","S","2014-08-13","2014-08-27","2015-04-02","2015-04-02","V7nyjIgYGmPeVUxGodh0zFsLCMRCOONxl8r/6GOG9u4=","NEON.BET.D09.000091","CARSP14","Carabidae sp.","family",,"Latreille","D09.2014.MorphA","Other",,"9hOSS3gpVvHUvdbHcI4XlVp94UoAF+Qh","9hOSS3gpVvHUvdbHcI4XlVp94UoAF+Qh","Wrinkles| medium to large sized| glossy black throughout| posterior edge of upper pronotum has several distinctive sutures"
"fd5ab495-12e9-4e28-9504-539aaf838ebe","WOOD_002.basePlot.bet","D09","WOOD","WOOD_002","S","2014-08-13","2014-08-27","2015-04-07","2015-04-07","V7nyjIgYGmPeVUxGodh0zFsLCMRCOONxl8r/6GOG9u4=","NEON.BET.D09.000109","CARSP14","Carabidae sp.","family",,"Latreille","D09.2014.MorphA","Other",,"9hOSS3gpVvHUvdbHcI4XlVp94UoAF+Qh","9hOSS3gpVvHUvdbHcI4XlVp94UoAF+Qh","Wrinkles| medium to large sized| glossy black throughout| posterior edge of upper pronotum has several distinctive sutures"
"a2e78488-504d-4bfb-9a93-2e22e27351d8","WOOD_023.basePlot.bet","D09","WOOD","WOOD_023","S","2014-08-13","2014-08-27","2015-04-02","2015-04-02","HkhQBNKo1QBcW+aqjFtpiNKYwpsGm46znUJy6d2lVPw=","NEON.BET.D09.000088","CARSP14","Carabidae sp.","family",,"Latreille","D09.2014.MorphA","Other",,"9hOSS3gpVvHUvdbHcI4XlVp94UoAF+Qh","9hOSS3gpVvHUvdbHcI4XlVp94UoAF+Qh","Wrinkles| medium to large sized| glossy black throughout| posterior edge of upper pronotum has several distinctive sutures"
"16daf2ba-0e3c-4cad-8264-16a7460d03fd","WOOD_004.basePlot.bet","D09","WOOD","WOOD_004","S","2014-08-13","2014-08-27","2015-04-08","2015-04-08","tVkCk1nh7tFXJarjS3K7dqJhd7AZIVw+BS6tBGokyE8=","NEON.BET.D09.000183","CARSP14","Carabidae sp.","family",,"Latreille","D09.2014.MorphA","Other",,"9hOSS3gpVvHUvdbHcI4XlVp94UoAF+Qh","9hOSS3gpVvHUvdbHcI4XlVp94UoAF+Qh","Wrinkles| medium to large sized| glossy black throughout| posterior edge of upper pronotum has several distinctive sutures"
"bcf5a97b-7f18-46c8-881b-1cbf448fdf07","WOOD_023.basePlot.bet","D09","WOOD","WOOD_023","S","2014-08-13","2014-08-27","2015-04-02","2015-04-02","HkhQBNKo1QBcW+aqjFtpiNKYwpsGm46znUJy6d2lVPw=","NEON.BET.D09.000089","CARSP14","Carabidae sp.","family",,"Latreille","D09.2014.MorphA","Other",,"9hOSS3gpVvHUvdbHcI4XlVp94UoAF+Qh","9hOSS3gpVvHUvdbHcI4XlVp94UoAF+Qh","Wrinkles| medium to large sized| glossy black throughout| posterior edge of upper pronotum has several distinctive sutures"
"02335680-fe84-4712-b193-de3dc757ced6","WOOD_023.basePlot.bet","D09","WOOD","WOOD_023","S","2014-08-13","2014-08-27","2015-04-02","2015-04-02","HkhQBNKo1QBcW+aqjFtpiNKYwpsGm46znUJy6d2lVPw=","NEON.BET.D09.000090","CARSP14","Carabidae sp.","family",,"Latreille","D09.2014.MorphA","Other",,"9hOSS3gpVvHUvdbHcI4XlVp94UoAF+Qh","9hOSS3gpVvHUvdbHcI4XlVp94UoAF+Qh","Wrinkles| medium to large sized| glossy black throughout| posterior edge of upper pronotum has several distinctive sutures"
"3ec18cc4-77c5-4ba5-85ab-b45b4259ea00","WOOD_023.basePlot.bet","D09","WOOD","WOOD_023","S","2014-08-13","2014-08-27","2015-04-07","2015-04-07","HkhQBNKo1QBcW+aqjFtpiNKYwpsGm46znUJy6d2lVPw=","NEON.BET.D09.000123","CARSP14","Carabidae sp.","family",,"Latreille","D09.2014.MorphA","Other",,"9hOSS3gpVvHUvdbHcI4XlVp94UoAF+Qh","9hOSS3gpVvHUvdbHcI4XlVp94UoAF+Qh","Wrinkles| medium to large sized| glossy black throughout| posterior edge of upper pronotum has several distinctive sutures"
