uid,namedLocation,domainID,siteID,plotID,trapID,setDate,collectDate,processingDate,etOHChangeDate,identifiedDate,sampleID,subsampleID,sampleType,taxonID,scientificName,taxonRank,identificationQualifier,scientificNameAuthorship,morphospeciesID,individualCount,identificationReferences,identifiedBy,recordedBy,remarks
"97312fee-cac0-4bea-9487-1cada42af51a","BLAN_001.basePlot.bet","D02","BLAN","BLAN_001","E","2016-04-28","2016-05-12","2016-05-13","2016-06-09",,"BLAN_001.E.20160512","snBNH0r8Ie3SaQ3QzfzC8JgRe+DNFvNRs4svptNFVs0=","invert bycatch",,,,,,,,,,"wYCqaZcA+7tKZqVSOMaNBCcRKvQIOBzP",
"62336830-76cc-40e2-8cb3-7a2990569301","BLAN_006.basePlot.bet","D02","BLAN","BLAN_006","E","2016-04-28","2016-05-12","2016-05-13","2016-05-23",,"BLAN_006.E.20160512","YPnoadCppCzlCM5gyquFBXz0ookWdrdgzbMzsf1UWeA=","invert bycatch",,,,,,,,,,"vEBCcEQSSh8r9pJtyJMpi8WPWOrf6mR2",
"cd96b41b-2ddd-4b64-8ea7-dbc7774b0e2c","BLAN_003.basePlot.bet","D02","BLAN","BLAN_003","E","2016-04-28","2016-05-12","2016-05-13","2016-05-23",,"BLAN_003.E.20160512","qWnRnvyEnOzvkqBLEPxufZhtLTHOWptBRdbnIYfLwVc=","invert bycatch",,,,,,,,,,"vEBCcEQSSh8r9pJtyJMpi8WPWOrf6mR2",
"5e8089a7-c6ba-4569-b69e-19b0487e84a9","BLAN_009.basePlot.bet","D02","BLAN","BLAN_009","E","2016-04-28","2016-05-12","2016-05-13","2016-05-23",,"BLAN_009.E.20160512","7TKpA4ipJZCLoi1cN6RgBlrH/scbFSeldwjfrpyFTDU=","invert bycatch",,,,,,,,,,"ena7GLJui5s1h8moQAQPw3Qj2+mVdivS",
"b173ea5b-221c-4768-8407-3eef2fcd230a","BLAN_007.basePlot.bet","D02","BLAN","BLAN_007","E","2016-04-28","2016-05-12","2016-05-13","2016-05-23",,"BLAN_007.E.20160512","bSFRDFDJGfxXTLdApops9xasI+mFhVwpsPVkwxK7Kgg=","invert bycatch",,,,,,,,,,"/AhbGCCF27wHz9TggrmS1nLN8zUO+zcB",
"e6aff000-7f89-4f95-b23d-50dd4d43b392","BLAN_004.basePlot.bet","D02","BLAN","BLAN_004","E","2016-04-28","2016-05-12","2016-05-13","2016-05-27",,"BLAN_004.E.20160512","zD/pbYGBt/ANIhimybzuVGUHrlOoPRJkTY29vTDrvEk=","invert bycatch",,,,,,,,,,"/AhbGCCF27wHz9TggrmS1nLN8zUO+zcB",
"ccd009ea-f7f0-4863-ad6c-78769b920569","BLAN_012.basePlot.bet","D02","BLAN","BLAN_012","E","2016-04-28","2016-05-12","2016-05-13","2016-06-09",,"BLAN_012.E.20160512","J0lvmfNn/feBZJX/r9rbGxizkc7asXBOMUmof/FMDhc=","invert bycatch",,,,,,,,,,"wYCqaZcA+7tKZqVSOMaNBCcRKvQIOBzP",
"67331c35-3b16-48bf-8f73-712b1efe7248","BLAN_011.basePlot.bet","D02","BLAN","BLAN_011","E","2016-04-28","2016-05-12","2016-05-13","2016-06-10",,"BLAN_011.E.20160512","N4JQ3RFWht3iCjhQxs86FT3pwvFvY7C8cgMLxOilfeM=","invert bycatch",,,,,,,,,,"/AhbGCCF27wHz9TggrmS1nLN8zUO+zcB",
"4d56ec27-fdc3-490a-83e3-06a00e19d759","BLAN_005.basePlot.bet","D02","BLAN","BLAN_005","E","2016-04-28","2016-05-12","2016-05-13","2016-05-27",,"BLAN_005.E.20160512","z8g4o9caFRNPiNEj+rTdnSodmzGUGKDRTqYyEb0XrkE=","invert bycatch",,,,,,,,,,"/AhbGCCF27wHz9TggrmS1nLN8zUO+zcB",
"c5f00f05-9bed-4378-a5b3-4f59af1e5c4d","BLAN_002.basePlot.bet","D02","BLAN","BLAN_002","E","2016-04-28","2016-05-12","2016-05-13","2016-05-27",,"BLAN_002.E.20160512","pAIsJl1bu+GcqHkav4nxkcTvjeZyCpccR3TdAx1wZTk=","invert bycatch",,,,,,,,,,"ena7GLJui5s1h8moQAQPw3Qj2+mVdivS",
"0e3fe73e-e8fc-4fd1-98a6-d53ff8aca418","BLAN_011.basePlot.bet","D02","BLAN","BLAN_011","N","2016-04-28","2016-05-12","2016-05-13","2016-06-10",,"BLAN_011.N.20160512","N4JQ3RFWht38MMWGq6fPr4RYp4scORQr8Nq2tQDLlks=","invert bycatch",,,,,,,,,,"/AhbGCCF27wHz9TggrmS1nLN8zUO+zcB",
"b065ea14-e0e5-4113-bb65-2ca066dacbd2","BLAN_003.basePlot.bet","D02","BLAN","BLAN_003","N","2016-04-28","2016-05-12","2016-05-13","2016-05-23",,"BLAN_003.N.20160512","qWnRnvyEnOwn3yzI8gMMrd5QcvIXX/Y1X8bmIsBFTYk=","invert bycatch",,,,,,,,,,"vEBCcEQSSh8r9pJtyJMpi8WPWOrf6mR2",
"4d510fe6-e64e-4351-bea0-832262408fbd","BLAN_012.basePlot.bet","D02","BLAN","BLAN_012","N","2016-04-28","2016-05-12","2016-05-13","2016-06-09",,"BLAN_012.N.20160512","J0lvmfNn/fcB1Z2HArIN3z5UKpleMp+rwL1+QBfHKHQ=","invert bycatch",,,,,,,,,,"wYCqaZcA+7tKZqVSOMaNBCcRKvQIOBzP",
"9920bade-ec1c-4e5b-8fda-0f8650fb7cad","BLAN_006.basePlot.bet","D02","BLAN","BLAN_006","N","2016-04-28","2016-05-12","2016-05-13","2016-05-23",,"BLAN_006.N.20160512","YPnoadCppCwF5XmkSLVouSyzOMv7VMqZIbOt3//30Co=","invert bycatch",,,,,,,,,,"vEBCcEQSSh8r9pJtyJMpi8WPWOrf6mR2",
"9911f68e-36e8-4eae-b7ae-53e83412f3cd","BLAN_007.basePlot.bet","D02","BLAN","BLAN_007","N","2016-04-28","2016-05-12","2016-05-13","2016-05-23",,"BLAN_007.N.20160512","bSFRDFDJGfwmsJlDgxZmVT71UF81a1zIlGhLu3ooVdY=","invert bycatch",,,,,,,,,,"/AhbGCCF27wHz9TggrmS1nLN8zUO+zcB",
"bc5c9521-1f69-455f-8016-a4b5d6197575","BLAN_001.basePlot.bet","D02","BLAN","BLAN_001","N","2016-04-28","2016-05-12","2016-05-13","2016-06-09",,"BLAN_001.N.20160512","snBNH0r8Ie1zRwaFy8PrZOeiQAy7LV0FzZQu44ckf20=","invert bycatch",,,,,,,,,,"wYCqaZcA+7tKZqVSOMaNBCcRKvQIOBzP",
"ffff9543-7e04-4a05-9d6e-b5bd641f7221","BLAN_005.basePlot.bet","D02","BLAN","BLAN_005","N","2016-04-28","2016-05-12","2016-05-13","2016-05-27",,"BLAN_005.N.20160512","z8g4o9caFROb0qmxmK9e6+/QAsyLL3WZuZRWiKKQQFY=","invert bycatch",,,,,,,,,,"/AhbGCCF27wHz9TggrmS1nLN8zUO+zcB",
"7d042a08-da6f-4a75-b380-347b621e2760","BLAN_009.basePlot.bet","D02","BLAN","BLAN_009","N","2016-04-28","2016-05-12","2016-05-13","2016-05-23",,"BLAN_009.N.20160512","7TKpA4ipJZD0wZ2O79XEBjmp0KgcgyC1SrPxlwTaaYQ=","invert bycatch",,,,,,,,,,"ena7GLJui5s1h8moQAQPw3Qj2+mVdivS",
"271b4897-c888-478d-9eaf-bee27b5ce0c5","BLAN_002.basePlot.bet","D02","BLAN","BLAN_002","N","2016-04-28","2016-05-12","2016-05-13","2016-05-27",,"BLAN_002.N.20160512","pAIsJl1bu+Gz4nciqRdL6NaoXl5YXGEySOAXMxvg+/c=","invert bycatch",,,,,,,,,,"ena7GLJui5s1h8moQAQPw3Qj2+mVdivS",
"c2b50788-afad-446f-a2eb-90987498c411","BLAN_004.basePlot.bet","D02","BLAN","BLAN_004","N","2016-04-28","2016-05-12","2016-05-13","2016-05-26",,"BLAN_004.N.20160512","zD/pbYGBt/B+sEMbYUnpRP1s/Rpt+GoqyCEPOmDe6nM=","invert bycatch",,,,,,,,,,"/AhbGCCF27wHz9TggrmS1nLN8zUO+zcB",
"e77ba30b-483e-41ba-85c8-431214df3aa2","BLAN_011.basePlot.bet","D02","BLAN","BLAN_011","S","2016-04-28","2016-05-12","2016-05-13","2016-05-13","2016-05-13","BLAN_011.S.20160512","N4JQ3RFWht2zOgzWCT14acTVuyVWUwrIJFA3t41smRs=","vert bycatch herp","PLECIN","Plethodon cinereus","species",,"Green",,1,"Conant, R., and J. T. Collins. 1998. A Field Guide to Reptiles and Amphibians: Eastern and Central North America. 3rd Ed. Houghton Mifflin Company, New York, NY.","vEBCcEQSSh8r9pJtyJMpi8WPWOrf6mR2","vEBCcEQSSh8r9pJtyJMpi8WPWOrf6mR2","actual final ID is BLAN_011.S.20160512.plecin.01"
"e9fdd9b7-01ff-42fe-9aa5-152faf79e3eb","BLAN_007.basePlot.bet","D02","BLAN","BLAN_007","S","2016-04-28","2016-05-12","2016-05-13","2016-05-13","2016-05-13","BLAN_007.S.20160512","bSFRDFDJGfw74DqOL7K1pubIHMbdJVDbXCF5uBLtqak=","vert bycatch herp","PLECIN","Plethodon cinereus","species",,"Green",,1,"Conant, R., and J. T. Collins. 1998. A Field Guide to Reptiles and Amphibians: Eastern and Central North America. 3rd Ed. Houghton Mifflin Company, New York, NY.","vEBCcEQSSh8r9pJtyJMpi8WPWOrf6mR2","vEBCcEQSSh8r9pJtyJMpi8WPWOrf6mR2","actual final ID is BLAN_007.20160512.plecin.01"
"ac6a113f-689f-4ca7-ab7a-a69c59e1e02c","BLAN_003.basePlot.bet","D02","BLAN","BLAN_003","S","2016-04-28","2016-05-12","2016-05-13","2016-05-23",,"BLAN_003.S.20160512","qWnRnvyEnOzFYwRcK1FO1Ed3fO7JQ997RpELwRzEn7w=","invert bycatch",,,,,,,,,,"vEBCcEQSSh8r9pJtyJMpi8WPWOrf6mR2",
"16227f50-abf4-410c-8983-25266652dc3d","BLAN_012.basePlot.bet","D02","BLAN","BLAN_012","S","2016-04-28","2016-05-12","2016-05-13","2016-05-23",,"BLAN_012.S.20160512","J0lvmfNn/fftBWgPGS5Q6ToNeWQqXAhO9t9m/SvFchM=","invert bycatch",,,,,,,,,,"p8WKbOBZs5/CRPjq/1HrITk8Sf0GvCtj",
"a0d8c9d7-f669-439b-b8f7-52a1ae8a3615","BLAN_005.basePlot.bet","D02","BLAN","BLAN_005","S","2016-04-28","2016-05-12","2016-05-13","2016-05-27",,"BLAN_005.S.20160512","z8g4o9caFROdADeoGkCWjDcnctju1gC9vy4kuBK6cjo=","invert bycatch",,,,,,,,,,"/AhbGCCF27wHz9TggrmS1nLN8zUO+zcB",
"17b5a3b7-e31a-4e01-92b5-e27de4ece9e3","BLAN_001.basePlot.bet","D02","BLAN","BLAN_001","S","2016-04-28","2016-05-12","2016-05-13","2016-06-09",,"BLAN_001.S.20160512","snBNH0r8Ie3hZEGZmUAV9QI/m4O7dcvdDEMFb70zbqQ=","invert bycatch",,,,,,,,,,"wYCqaZcA+7tKZqVSOMaNBCcRKvQIOBzP",
"b0bb448f-56ca-480d-bc44-3dfb590c7621","BLAN_004.basePlot.bet","D02","BLAN","BLAN_004","S","2016-04-28","2016-05-12","2016-05-13","2016-05-27",,"BLAN_004.S.20160512","zD/pbYGBt/DLXtWYhWKnUK9s7JKqRFoGENg6RCiJlc0=","invert bycatch",,,,,,,,,,"/AhbGCCF27wHz9TggrmS1nLN8zUO+zcB",
"67691fed-3b6c-49cd-8d9c-f2375667480d","BLAN_006.basePlot.bet","D02","BLAN","BLAN_006","S","2016-04-28","2016-05-12","2016-05-13","2016-05-23",,"BLAN_006.S.20160512","YPnoadCppCyY/e1StTFe/cOU/HpZYtBbLiYLslxDYbg=","invert bycatch",,,,,,,,,,"vEBCcEQSSh8r9pJtyJMpi8WPWOrf6mR2",
"12f0af65-d567-4e66-9bf0-1f7b16e45204","BLAN_011.basePlot.bet","D02","BLAN","BLAN_011","S","2016-04-28","2016-05-12","2016-05-13","2016-06-10",,"BLAN_011.S.20160512","N4JQ3RFWht2zOgzWCT14afF+nf25ZygujfwJgzdXt5w=","invert bycatch",,,,,,,,,,"/AhbGCCF27wHz9TggrmS1nLN8zUO+zcB",
"e3126455-c849-4885-890e-a43a376c7cac","BLAN_009.basePlot.bet","D02","BLAN","BLAN_009","S","2016-04-28","2016-05-12","2016-05-13","2016-05-23",,"BLAN_009.S.20160512","7TKpA4ipJZBKvkPMDaGVxddun3S1bBdu8Dt7xhu0PYk=","invert bycatch",,,,,,,,,,"ena7GLJui5s1h8moQAQPw3Qj2+mVdivS",
"d12c9a16-13eb-4aa4-b5fd-462be6736ee7","BLAN_002.basePlot.bet","D02","BLAN","BLAN_002","S","2016-04-28","2016-05-12","2016-05-13","2016-05-27",,"BLAN_002.S.20160512","pAIsJl1bu+Efcu1FGcBWEz+1ze2Jo2QOiPPSKQyuy6k=","invert bycatch",,,,,,,,,,"ena7GLJui5s1h8moQAQPw3Qj2+mVdivS",
"568ba3dd-f30b-4351-94d0-5847b6617d51","BLAN_007.basePlot.bet","D02","BLAN","BLAN_007","S","2016-04-28","2016-05-12","2016-05-13","2016-05-23",,"BLAN_007.S.20160512","bSFRDFDJGfw74DqOL7K1puaaRBA8PvAAPKxd3asBHYo=","invert bycatch",,,,,,,,,,"/AhbGCCF27wHz9TggrmS1nLN8zUO+zcB",
"e0e6498f-3f0e-4e17-9cb1-a36a4e3ab9bc","BLAN_009.basePlot.bet","D02","BLAN","BLAN_009","W","2016-04-28","2016-05-12","2016-05-13","2016-05-23",,"BLAN_009.W.20160512","7TKpA4ipJZDjXrPC8Et6z7q6xw7MwxXempiJN2WIs0c=","invert bycatch",,,,,,,,,,"ena7GLJui5s1h8moQAQPw3Qj2+mVdivS",
"f36539f5-c01d-41ab-8b94-9831e4a5ba3d","BLAN_006.basePlot.bet","D02","BLAN","BLAN_006","W","2016-04-28","2016-05-12","2016-05-13","2016-05-23",,"BLAN_006.W.20160512","YPnoadCppCxLlYIcy172haKhqlt4Gm1ccHcNICjFpbk=","invert bycatch",,,,,,,,,,"vEBCcEQSSh8r9pJtyJMpi8WPWOrf6mR2",
"03695cf1-5f65-4a4d-b823-7002ea16cc5f","BLAN_011.basePlot.bet","D02","BLAN","BLAN_011","W","2016-04-28","2016-05-12","2016-05-13","2016-06-10",,"BLAN_011.W.20160512","N4JQ3RFWht3PGwA9yeooPb9TKssvnUOrSifbceeeXc0=","invert bycatch",,,,,,,,,,"/AhbGCCF27wHz9TggrmS1nLN8zUO+zcB",
"b38da84f-be8a-44b2-aaa0-67e5a697ba78","BLAN_005.basePlot.bet","D02","BLAN","BLAN_005","W","2016-04-28","2016-05-12","2016-05-13","2016-05-27",,"BLAN_005.W.20160512","z8g4o9caFRNLIEXNqWf94xmeOrMo1yQxFCEcPZ+Ww5I=","invert bycatch",,,,,,,,,,"/AhbGCCF27wHz9TggrmS1nLN8zUO+zcB",
"6a91c56d-1e31-49f1-ba05-a7287959a8a7","BLAN_012.basePlot.bet","D02","BLAN","BLAN_012","W","2016-04-28","2016-05-12","2016-05-13","2016-05-23",,"BLAN_012.W.20160512","J0lvmfNn/fcFOxRJCVNA+9GIjqQ4F60VtW3Tky5+67g=","invert bycatch",,,,,,,,,,"p8WKbOBZs5/CRPjq/1HrITk8Sf0GvCtj",
"a746e9e6-8d71-453e-97b7-e4faddc5556a","BLAN_002.basePlot.bet","D02","BLAN","BLAN_002","W","2016-04-28","2016-05-12","2016-05-13","2016-05-27",,"BLAN_002.W.20160512","pAIsJl1bu+G0WxaqJNtrn6qgA4FKwoigCAkI3RRnvHA=","invert bycatch",,,,,,,,,,"ena7GLJui5s1h8moQAQPw3Qj2+mVdivS",
"b69d6204-1441-425a-8992-e8c438b05ad6","BLAN_003.basePlot.bet","D02","BLAN","BLAN_003","W","2016-04-28","2016-05-12","2016-05-13","2016-05-23",,"BLAN_003.W.20160512","qWnRnvyEnOwkfbOlCrTyruF7wKBJVVSx/nG4R0F9A8Y=","invert bycatch",,,,,,,,,,"vEBCcEQSSh8r9pJtyJMpi8WPWOrf6mR2",
"5803c76e-3e8b-4f2e-9dc2-bf11869f0c43","BLAN_004.basePlot.bet","D02","BLAN","BLAN_004","W","2016-04-28","2016-05-12","2016-05-13","2016-05-26",,"BLAN_004.W.20160512","zD/pbYGBt/AXOPo10t8ycqGgHHePi6ra8noiIyFEU+I=","invert bycatch",,,,,,,,,,"/AhbGCCF27wHz9TggrmS1nLN8zUO+zcB",
"ff07ec19-9f61-4132-9df3-ddc2a84e33bf","BLAN_007.basePlot.bet","D02","BLAN","BLAN_007","W","2016-04-28","2016-05-12","2016-05-13","2016-05-23",,"BLAN_007.W.20160512","bSFRDFDJGfyA40ysGfUZ3udRDGPNUXHYu3F26q7ZX1s=","invert bycatch",,,,,,,,,,"/AhbGCCF27wHz9TggrmS1nLN8zUO+zcB",
"4c3dc7cc-836a-4bb7-ae7a-47824a8c7f7e","BLAN_001.basePlot.bet","D02","BLAN","BLAN_001","W","2016-04-28","2016-05-12","2016-05-13","2016-06-09",,"BLAN_001.W.20160512","snBNH0r8Ie2Mx4p01z3uiSzQ2xFb+6APm1tOckY/WA0=","invert bycatch",,,,,,,,,,"wYCqaZcA+7tKZqVSOMaNBCcRKvQIOBzP",
"799e628b-e956-415f-b2c7-f92824749a57","BLAN_012.basePlot.bet","D02","BLAN","BLAN_012","E","2016-05-12","2016-05-26","2016-05-27","2016-06-20",,"BLAN_012.E.20160526","J0lvmfNn/feBZJX/r9rbG7Qvz79Ni/yLLk3bHs0E1Cs=","invert bycatch",,,,,,,,,,"YJ2A+OwoGUUtJLNxPkxhEPyEeY8sOiMA",
"1c9b58b7-fdc3-4b1e-80f5-7eb19b8c12d3","BLAN_003.basePlot.bet","D02","BLAN","BLAN_003","E","2016-05-12","2016-05-26","2016-05-27","2016-06-17",,"BLAN_003.E.20160526","qWnRnvyEnOzvkqBLEPxufc25X3ADEUOA7uoJMxBzupQ=","invert bycatch",,,,,,,,,,"ena7GLJui5s1h8moQAQPw3Qj2+mVdivS",
"f53ffda6-6efb-4898-ab41-e53cab5c8b4f","BLAN_012.basePlot.bet","D02","BLAN","BLAN_012","W","2016-05-12","2016-05-26","2016-05-27","2016-06-20",,"BLAN_012.W.20160526","J0lvmfNn/fcFOxRJCVNA+xc4XuVEbl8fvsXzwXen8Ok=","invert bycatch",,,,,,,,,,"YJ2A+OwoGUUtJLNxPkxhEPyEeY8sOiMA",
"bb36af14-592d-4868-88ad-823d759f700e","BLAN_005.basePlot.bet","D02","BLAN","BLAN_005","W","2016-05-12","2016-05-26","2016-05-27","2016-06-21",,"BLAN_005.W.20160526","z8g4o9caFRNLIEXNqWf949F54CmQ9TpVrQ8eGgq+rEM=","invert bycatch",,,,,,,,,,"YJ2A+OwoGUUtJLNxPkxhEPyEeY8sOiMA",
"e4259ca4-e405-4124-bc6f-5f86024c446e","BLAN_007.basePlot.bet","D02","BLAN","BLAN_007","W","2016-05-12","2016-05-26","2016-05-27","2016-06-17",,"BLAN_007.W.20160526","bSFRDFDJGfyA40ysGfUZ3nKlkCJ/xidPufRzCiD/EBc=","invert bycatch",,,,,,,,,,"ena7GLJui5s1h8moQAQPw3Qj2+mVdivS",
"7bb73678-d8d0-49b2-b71b-9a75abe007b7","BLAN_004.basePlot.bet","D02","BLAN","BLAN_004","W","2016-05-12","2016-05-26","2016-05-27","2016-06-23",,"BLAN_004.W.20160526","zD/pbYGBt/AXOPo10t8ycvxvuL82wYyXb1jPozTaTc0=","invert bycatch",,,,,,,,,,"vEBCcEQSSh8r9pJtyJMpi8WPWOrf6mR2",
"42da4c2c-e708-4198-afb9-735d372f02b7","BLAN_006.basePlot.bet","D02","BLAN","BLAN_006","W","2016-05-12","2016-05-26","2016-05-27","2016-06-23",,"BLAN_006.W.20160526","YPnoadCppCxLlYIcy172hch/epvwJhrXP+8eeNODQ0w=","invert bycatch",,,,,,,,,,"/AhbGCCF27wHz9TggrmS1nLN8zUO+zcB",
"d49e05b8-c24f-4c03-8779-fdc9c26cef80","BLAN_003.basePlot.bet","D02","BLAN","BLAN_003","W","2016-05-12","2016-05-26","2016-05-27","2016-06-23",,"BLAN_003.W.20160526","qWnRnvyEnOwkfbOlCrTyrjJtcvwKGTiSyECiXxMHH8Y=","invert bycatch",,,,,,,,,,"65MrXCKZ6BZHMIpBwLFSzI3B2iyqckQKC2QVdjxfI44=",
"ef9a8a8b-5756-4007-a126-d021ad6947ed","BLAN_002.basePlot.bet","D02","BLAN","BLAN_002","W","2016-05-12","2016-05-26","2016-05-27","2016-06-20",,"BLAN_002.W.20160526","pAIsJl1bu+G0WxaqJNtrn/p7Sf9lY37B+z45VO2d1ds=","invert bycatch",,,,,,,,,,"YJ2A+OwoGUUtJLNxPkxhEPyEeY8sOiMA",
"fecf506e-00d8-40c6-96b5-c4b112786df6","BLAN_009.basePlot.bet","D02","BLAN","BLAN_009","W","2016-05-12","2016-05-26","2016-05-27","2016-06-23",,"BLAN_009.W.20160526","7TKpA4ipJZDjXrPC8Et6z4FmbIyZ8eBRBKV+eS42TWQ=","invert bycatch",,,,,,,,,,"vEBCcEQSSh8r9pJtyJMpi8WPWOrf6mR2",
"53fcac2c-3e01-468a-ae65-31a142cd8787","BLAN_011.basePlot.bet","D02","BLAN","BLAN_011","W","2016-05-12","2016-05-26","2016-05-27","2016-06-17",,"BLAN_011.W.20160526","N4JQ3RFWht3PGwA9yeooPciuonBBVC1owTCVLLTf0Y8=","invert bycatch",,,,,,,,,,"65MrXCKZ6BZHMIpBwLFSzI3B2iyqckQKC2QVdjxfI44=",
"9dd7b5b7-c59d-46e7-ac89-7da66715a53d","BLAN_001.basePlot.bet","D02","BLAN","BLAN_001","W","2016-05-12","2016-05-26","2016-05-27","2016-06-17",,"BLAN_001.W.20160526","snBNH0r8Ie2Mx4p01z3uiRRhdzbHSDv7yeM095prb9U=","invert bycatch",,,,,,,,,,"65MrXCKZ6BZHMIpBwLFSzI3B2iyqckQKC2QVdjxfI44=",
"ff000896-833f-4471-a34e-42b81da07349","BLAN_009.basePlot.bet","D02","BLAN","BLAN_009","S","2016-05-12","2016-05-26","2016-05-27","2016-06-23",,"BLAN_009.S.20160526","7TKpA4ipJZBKvkPMDaGVxdRyKwTlSHiio6rgiVWY+7Q=","invert bycatch",,,,,,,,,,"vEBCcEQSSh8r9pJtyJMpi8WPWOrf6mR2",
"9ff3f04e-06b1-4bff-b508-1dd44c7ff707","BLAN_011.basePlot.bet","D02","BLAN","BLAN_011","S","2016-05-12","2016-05-26","2016-05-27","2016-06-22",,"BLAN_011.S.20160526","N4JQ3RFWht2zOgzWCT14afbuV8k5ACgtl1mE2MxPlAo=","invert bycatch",,,,,,,,,,"YJ2A+OwoGUUtJLNxPkxhEPyEeY8sOiMA",
"b7c9fc55-00ee-4a9f-8a33-cda01edcd6d7","BLAN_003.basePlot.bet","D02","BLAN","BLAN_003","S","2016-05-12","2016-05-26","2016-05-27","2016-06-23",,"BLAN_003.S.20160526","qWnRnvyEnOzFYwRcK1FO1LeeJ9hftwRxEC3vfMJtKAI=","invert bycatch",,,,,,,,,,"65MrXCKZ6BZHMIpBwLFSzI3B2iyqckQKC2QVdjxfI44=",
"f56a9d3e-182d-443c-bd01-2524ddbf8f30","BLAN_002.basePlot.bet","D02","BLAN","BLAN_002","S","2016-05-12","2016-05-26","2016-05-27","2016-06-20",,"BLAN_002.S.20160526","pAIsJl1bu+Efcu1FGcBWE1St1wqW2OG20LVg/SaTZ6E=","invert bycatch",,,,,,,,,,"YJ2A+OwoGUUtJLNxPkxhEPyEeY8sOiMA",
"671f3841-11e4-4bf8-b97e-4250e6a599ac","BLAN_012.basePlot.bet","D02","BLAN","BLAN_012","S","2016-05-12","2016-05-26","2016-05-27","2016-06-20",,"BLAN_012.S.20160526","J0lvmfNn/fftBWgPGS5Q6V8VQ6xBLzGtprMuUd+tYzI=","invert bycatch",,,,,,,,,,"YJ2A+OwoGUUtJLNxPkxhEPyEeY8sOiMA",
"e663ab17-6db0-41dc-9d78-fa4c0dc3aa86","BLAN_007.basePlot.bet","D02","BLAN","BLAN_007","S","2016-05-12","2016-05-26","2016-05-27","2016-06-17",,"BLAN_007.S.20160526","bSFRDFDJGfw74DqOL7K1pl+iGutWOWfgGjDu7PH1ePQ=","invert bycatch",,,,,,,,,,"ena7GLJui5s1h8moQAQPw3Qj2+mVdivS",
"2bba9dad-4e30-4067-beae-d4b47620e039","BLAN_001.basePlot.bet","D02","BLAN","BLAN_001","S","2016-05-12","2016-05-26","2016-05-27","2016-06-17",,"BLAN_001.S.20160526","snBNH0r8Ie3hZEGZmUAV9aVSxb+GVxWTn82l7zwwjIo=","invert bycatch",,,,,,,,,,"65MrXCKZ6BZHMIpBwLFSzI3B2iyqckQKC2QVdjxfI44=",
"8d2751c7-a58d-4b9e-88c4-2a46f0977709","BLAN_004.basePlot.bet","D02","BLAN","BLAN_004","S","2016-05-12","2016-05-26","2016-05-27","2016-06-23",,"BLAN_004.S.20160526","zD/pbYGBt/DLXtWYhWKnUMYYX0MkCHaaMT0m6nmrBRY=","invert bycatch",,,,,,,,,,"vEBCcEQSSh8r9pJtyJMpi8WPWOrf6mR2",
"bd6e1fe4-6d24-4fcc-843c-d34364dbb80d","BLAN_006.basePlot.bet","D02","BLAN","BLAN_006","S","2016-05-12","2016-05-26","2016-05-27","2016-06-23",,"BLAN_006.S.20160526","YPnoadCppCyY/e1StTFe/csoUUhBVE4q8TDhgjWBOFU=","invert bycatch",,,,,,,,,,"/AhbGCCF27wHz9TggrmS1nLN8zUO+zcB",
"55896991-56a5-4f7e-a06e-dd699177ef51","BLAN_005.basePlot.bet","D02","BLAN","BLAN_005","S","2016-05-12","2016-05-26","2016-05-27","2016-06-21",,"BLAN_005.S.20160526","z8g4o9caFROdADeoGkCWjDKQJfkF+aC82WDnIn8iASM=","invert bycatch",,,,,,,,,,"YJ2A+OwoGUUtJLNxPkxhEPyEeY8sOiMA",
"ca7d5404-1e31-49d0-af69-758ac71e5c32","BLAN_001.basePlot.bet","D02","BLAN","BLAN_001","E","2016-05-12","2016-05-26","2016-05-27","2016-06-17",,"BLAN_001.E.20160526","snBNH0r8Ie3SaQ3QzfzC8BqINhuYWw9X/vsh66AaFzM=","invert bycatch",,,,,,,,,,"65MrXCKZ6BZHMIpBwLFSzI3B2iyqckQKC2QVdjxfI44=",
"e975f0f7-1e76-4c9f-a6bc-acb43ba292e4","BLAN_007.basePlot.bet","D02","BLAN","BLAN_007","E","2016-05-12","2016-05-26","2016-05-27","2016-06-17",,"BLAN_007.E.20160526","bSFRDFDJGfxXTLdApops93Xs9sM9l7i2QwXWoqROQwI=","invert bycatch",,,,,,,,,,"ena7GLJui5s1h8moQAQPw3Qj2+mVdivS",
"753f29c2-267c-41f4-8def-27395f36879d","BLAN_004.basePlot.bet","D02","BLAN","BLAN_004","E","2016-05-12","2016-05-26","2016-05-27","2016-06-23",,"BLAN_004.E.20160526","zD/pbYGBt/ANIhimybzuVF+t8a9RVQ0nk7a89a+At8A=","invert bycatch",,,,,,,,,,"vEBCcEQSSh8r9pJtyJMpi8WPWOrf6mR2",
"84ecac5a-81b6-4b64-b489-9205bc3de6c5","BLAN_011.basePlot.bet","D02","BLAN","BLAN_011","E","2016-05-12","2016-05-26","2016-05-27","2016-06-22",,"BLAN_011.E.20160526","N4JQ3RFWht3iCjhQxs86FaJ7ieEj81FFLOwURWeeisk=","invert bycatch",,,,,,,,,,"YJ2A+OwoGUUtJLNxPkxhEPyEeY8sOiMA",
"e767b352-3083-405e-991f-5a9802496ec5","BLAN_009.basePlot.bet","D02","BLAN","BLAN_009","E","2016-05-12","2016-05-26","2016-05-27","2016-06-23",,"BLAN_009.E.20160526","7TKpA4ipJZCLoi1cN6RgBsA7NTSjWjJBJ9soqzZ+Z4Q=","invert bycatch",,,,,,,,,,"vEBCcEQSSh8r9pJtyJMpi8WPWOrf6mR2",
"d8acc58d-0cc2-4f09-bcb4-0486e476142f","BLAN_006.basePlot.bet","D02","BLAN","BLAN_006","E","2016-05-12","2016-05-26","2016-05-27","2016-06-23",,"BLAN_006.E.20160526","YPnoadCppCzlCM5gyquFBZfDeaQCQcYdC0lPu6INQ44=","invert bycatch",,,,,,,,,,"/AhbGCCF27wHz9TggrmS1nLN8zUO+zcB",
"e605d3c7-799e-4fec-8195-8dcbfdb9cfeb","BLAN_002.basePlot.bet","D02","BLAN","BLAN_002","E","2016-05-12","2016-05-26","2016-05-27","2016-06-20",,"BLAN_002.E.20160526","pAIsJl1bu+GcqHkav4nxkYFnEZ+ZVPDNClFCJJXz3WU=","invert bycatch",,,,,,,,,,"YJ2A+OwoGUUtJLNxPkxhEPyEeY8sOiMA",
"5ac085a3-a788-4fa5-ad89-3543327ac364","BLAN_005.basePlot.bet","D02","BLAN","BLAN_005","E","2016-05-12","2016-05-26","2016-05-27","2016-06-21",,"BLAN_005.E.20160526","z8g4o9caFRNPiNEj+rTdnYCJcjpQawlYKrDRa1Y1v5Y=","invert bycatch",,,,,,,,,,"YJ2A+OwoGUUtJLNxPkxhEPyEeY8sOiMA",
"e9b9cc91-b77f-4f31-9673-b7679c97e5aa","BLAN_006.basePlot.bet","D02","BLAN","BLAN_006","N","2016-05-12","2016-05-26","2016-05-27","2016-06-23",,"BLAN_006.N.20160526","YPnoadCppCwF5XmkSLVoudm2FhD0dr0HwDG0qVOCMus=","invert bycatch",,,,,,,,,,"/AhbGCCF27wHz9TggrmS1nLN8zUO+zcB",
"7690ff53-0a0b-4e3d-80fd-64043835f113","BLAN_011.basePlot.bet","D02","BLAN","BLAN_011","N","2016-05-12","2016-05-26","2016-05-27","2016-06-22",,"BLAN_011.N.20160526","N4JQ3RFWht38MMWGq6fPr/G7J07eI36E5ekI7i8Ih58=","invert bycatch",,,,,,,,,,"YJ2A+OwoGUUtJLNxPkxhEPyEeY8sOiMA",
"602a064b-0ced-4ca5-b7e6-46231a5f87f7","BLAN_009.basePlot.bet","D02","BLAN","BLAN_009","N","2016-05-12","2016-05-26","2016-05-27","2016-06-23",,"BLAN_009.N.20160526","7TKpA4ipJZD0wZ2O79XEBvr4Ehhu9/qKcug4hmMStIs=","invert bycatch",,,,,,,,,,"vEBCcEQSSh8r9pJtyJMpi8WPWOrf6mR2",
"eb654f2e-6c7c-4145-8689-2aec4cbf45da","BLAN_012.basePlot.bet","D02","BLAN","BLAN_012","N","2016-05-12","2016-05-26","2016-05-27","2016-06-20",,"BLAN_012.N.20160526","J0lvmfNn/fcB1Z2HArIN31soAXJU9oEuZ9zUH/cziXY=","invert bycatch",,,,,,,,,,"YJ2A+OwoGUUtJLNxPkxhEPyEeY8sOiMA",
"b3cfd9a4-f600-4ffa-aa6e-736d8abab2f7","BLAN_005.basePlot.bet","D02","BLAN","BLAN_005","N","2016-05-12","2016-05-26","2016-05-27","2016-06-21",,"BLAN_005.N.20160526","z8g4o9caFROb0qmxmK9e6y23uXT4lCSV+TylYc7k9/E=","invert bycatch",,,,,,,,,,"YJ2A+OwoGUUtJLNxPkxhEPyEeY8sOiMA",
"e50c1c19-02a2-4b19-b948-56ca3d8320dd","BLAN_003.basePlot.bet","D02","BLAN","BLAN_003","N","2016-05-12","2016-05-26","2016-05-27","2016-06-17",,"BLAN_003.N.20160526","qWnRnvyEnOwn3yzI8gMMrdOSMlsA8h7bBvMgCAaZ9pY=","invert bycatch",,,,,,,,,,"ena7GLJui5s1h8moQAQPw3Qj2+mVdivS",
"4c03c0b5-1299-46e4-9e97-1ab813a47c11","BLAN_001.basePlot.bet","D02","BLAN","BLAN_001","N","2016-05-12","2016-05-26","2016-05-27","2016-06-17",,"BLAN_001.N.20160526","snBNH0r8Ie1zRwaFy8PrZCU0us4evORp3oapw3kYGyg=","invert bycatch",,,,,,,,,,"65MrXCKZ6BZHMIpBwLFSzI3B2iyqckQKC2QVdjxfI44=",
"39c5ed3a-310f-4373-88f3-5e7c695ce9d8","BLAN_007.basePlot.bet","D02","BLAN","BLAN_007","N","2016-05-12","2016-05-26","2016-05-27","2016-06-17",,"BLAN_007.N.20160526","bSFRDFDJGfwmsJlDgxZmVVmSxba3R+GgPUHDFP5pPo8=","invert bycatch",,,,,,,,,,"ena7GLJui5s1h8moQAQPw3Qj2+mVdivS",
"ba6616a8-9abf-4666-8e63-38b2383c5da0","BLAN_004.basePlot.bet","D02","BLAN","BLAN_004","N","2016-05-12","2016-05-26","2016-05-27","2016-06-23",,"BLAN_004.N.20160526","zD/pbYGBt/B+sEMbYUnpRJLo/fA6BwHGGwrK7Tit5Ng=","invert bycatch",,,,,,,,,,"vEBCcEQSSh8r9pJtyJMpi8WPWOrf6mR2",
