uid,namedLocation,domainID,siteID,plotID,setDate,collectDate,processingDate,subsampleIDList,archiveVialID,scientificName,recordedBy,remarks
"2d4d1e44-9100-43ac-924c-5b731e09d2ab","SCBI_008.basePlot.bet","D02","SCBI","SCBI_008","2015-06-23","2015-07-07","2015-08-20","BDl2KAs5Zr36jXTEeNl24/3ZNoIRDi+8xnY4ZTMnZEpBy5368bw6RcGOHAy/oAR54twv2yu0Op5X0ppoRR3PKQ==","BDl2KAs5Zr2IuhULVLXUtxqGgbkTBd8nUxbJ+Hx8PJ0=","Chlaenius emarginatus",,
"4bf26fee-25b9-4fde-a4f3-ac680ab18c6f","SCBI_002.basePlot.bet","D02","SCBI","SCBI_002","2015-06-23","2015-07-07","2015-08-17","NTl2q/XFbjxxk0NSrvvJwHlTqvkbhQIQPiTsU7C5E85qVjpJaiijZTpXH+mASNvhLXni4vffMEdkaV3cDUEgsg==","NTl2q/XFbjxNPlSZfFZmy0gczBn9yKFYphYyM66U4HI=","Cyclotrachelus sigillatus",,
"09bb1e89-7cf7-41d1-897f-992b4f75100e","SCBI_003.basePlot.bet","D02","SCBI","SCBI_003","2015-06-23","2015-07-07","2015-08-19","YQnsugPXdU2Zq1Hkpx4VSucYs23Vp4GO+6pZ6XVSUDQFjO75xTfOI/k+ftD5C3EOtZVb7HSm+fpGpZlk3BKw0Q==","YQnsugPXdU2bMKkUlLuSGQPGtLZEDI6SEQYun/YpDcE=","Chlaenius aestivus",,
"68ec70ef-9b75-4e33-8b05-7cd2a8092074","SCBI_012.basePlot.bet","D02","SCBI","SCBI_012","2015-06-23","2015-07-07","2015-08-14","XK58HfsRWvdXPdqnwcZ6Ta1lM3coEsCu2GUlUKSD3M9jxSwXwfD3bh0Cbl0q4qknpLgepaeg4OTaLtSmyhRHsg==","XK58HfsRWvej1EqkPvUZK+CL8iXdXbMWFXE3Gah+RuY=","Chlaenius aestivus",,
"75b23c16-503c-4600-8d57-c74a40cfa054","SCBI_033.basePlot.bet","D02","SCBI","SCBI_033","2015-06-23","2015-07-07","2015-08-07","4ZBK4Rjlf9mfQQkSbewYYK54DkTUdPk/4zz95Net0mrdHKM2s/TswOR+T6pQp9TQTwlBQPlzUf4BUVaropqy7A==","4ZBK4Rjlf9k1wc3k2Xb8k0WtfYLK06lOeLMh4Bv9Hoc=","Chlaenius aestivus",,
"28f1b0ff-1008-423e-b6f6-672e3b899ec0","SCBI_002.basePlot.bet","D02","SCBI","SCBI_002","2015-06-23","2015-07-07","2015-08-17","NTl2q/XFbjxxk0NSrvvJwMIO+KlcXkVjzGHBHDHIMWUvTOjBQ1T6Gx1tKgfDZ0OVzcHaN5Tk4qINziih7Blo69jaZEV/P//aNdxNpL1O3GidRLvmrTpjySksibl2bS22uo5ROG//HzQ=","NTl2q/XFbjxNPlSZfFZmy/z2IE78u4I9",,,
"6da077c7-bbfd-4cf2-9f7b-d75f40c02cdf","SCBI_003.basePlot.bet","D02","SCBI","SCBI_003","2015-06-23","2015-07-07","2015-08-19","YQnsugPXdU3C6y/600l7ZiHOMUzHQ6lUk5yNaWhN39sK6tKgvVITrDGGX2DWS9W2M8lLGaeUvDmAKMaW4PnVGgO4+Xykx0wrs/fyUzJvKqW33PP7N7luDhIDzODmctotkIu4JlP7oo4=","YQnsugPXdU2bMKkUlLuSGeSHIlgPA3s0",,,
"ed5f7879-99e7-4ed4-a645-556acd45a5e5","SCBI_003.basePlot.bet","D02","SCBI","SCBI_003","2015-06-23","2015-07-07","2015-08-19","YQnsugPXdU3C6y/600l7ZiHOMUzHQ6lUmS2i0u7GkP7zQlPPqqg2Nmpx/jeqziIMJ42kzh4qGPc7RnMbHeL1PMjDUILfgi0U2ffpxPWdEgo=","YQnsugPXdU2bMKkUlLuSGTaN8ab695/x",,,
"080a1d10-1ffd-4a02-a1e4-cd5aa3e812db","SCBI_004.basePlot.bet","D02","SCBI","SCBI_004","2015-06-23","2015-07-07","2015-08-14","ZCodyo9yj6286/2SN8Mad6GDP8KOD544aweZtfWisiKcG6xYqDgLPIAHGL52HqlrJcRntdorVPgyvr3bXmcSJHcjbzP1vTEEySbRk1iyibxLiERGFR1tfPjsW9vKjwT5J3AvP488PQ8=","ZCodyo9yj63+gKwlf2ArV10pPt2HaU3q",,,
"6fc9773e-6466-48d2-96ac-435c213cb45b","SCBI_005.basePlot.bet","D02","SCBI","SCBI_005","2015-06-23","2015-07-07","2015-08-17","2MbaqPQFAm6XpqAZWGjMGP0dJToDSwLAyyqBRm2sK12ex7d2u3PajkiE/taliEFY4BzLwQGxfGesicGtg+fiRIu8dHyzhBTfR8MeLZ3pVB75Vq27p94t3QmRlBvYKDjveldJaKDJy7A=","2MbaqPQFAm72xH9+m/8gWpbRoGvnU1Bo",,,
"1ea0e234-56a2-4fda-951d-fcff1affd119","SCBI_005.basePlot.bet","D02","SCBI","SCBI_005","2015-06-23","2015-07-07","2015-08-17","2MbaqPQFAm4GHc0axYcvHUWntlLi67UoaZvsNcxAGadasaLv+RpXg0iTmPuJaQN1n/NNm7lHdVLnyV/AHdPyWbGsOccmE2r2AxRZhfVC1ur7RirEt9irRRVYXk6tYlOlvNxhvibkq7g=","2MbaqPQFAm72xH9+m/8gWuca7furNq5C",,,
"11f02fa6-e8ee-4560-838a-b8e9dc140d8e","SCBI_006.basePlot.bet","D02","SCBI","SCBI_006","2015-06-23","2015-07-07","2015-08-14","2wNT0Wyw285qrh4YWsaSH9HggaeACGgKfufBqhGBNB3NUwg6cLoCk6lEM4V/5zMQf4C5GJzR8vIrWLjTr2elrg+xjNH6cq6UR1DPttr2UuU=","2wNT0Wyw284CR7jl4HpI+wejMYkRn6w4",,,
"b0b0cd71-5be0-442a-8219-6dbf502091bb","SCBI_006.basePlot.bet","D02","SCBI","SCBI_006","2015-06-23","2015-07-07","2015-08-14","2wNT0Wyw285qrh4YWsaSH9HggaeACGgKJt3o0You/+iUomcvFPpoa0VW3vwbA+GRQxzvcAD/5IvB+/3/3Oy1Ndw+2pr1gCWZHYy8sdXFT3w=","2wNT0Wyw284CR7jl4HpI+ykCaTUBCzhs",,,
"508caa99-63c5-4fdf-b1ee-cfd9ed9c0cf1","SCBI_006.basePlot.bet","D02","SCBI","SCBI_006","2015-06-23","2015-07-07","2015-08-14","2wNT0Wyw285o/iZAEWrRkWzzbriIWT6ynZEt2HVWmqEW4ovsopI/lBW//AvBxiJURo7JVI0yHRrd9BN5bUT+drhGVV4dGV0lc73QLSRRTpg61rD3+fb7g5jhmOjC/uIUsoY5T+MRb0w=","2wNT0Wyw284CR7jl4HpI+7kQ7eQN4Div",,,
"cfc9f46f-a261-40f9-bbfd-638548a47556","SCBI_007.basePlot.bet","D02","SCBI","SCBI_007","2015-06-23","2015-07-07","2015-08-19","tckDqTjQv3gF3Y+ycMug5OW6TWNTWMFtbGnB+P1dBw6IF0947Udd2ig+NfJ/6/ftAIsxFG17gtPuEBAjcBGrNLgJj5wyl0bzijLzcW4ComPAUR7WJjL/VuDurf63oR+MukE8U4/keu0=","tckDqTjQv3iHNPp9GSXH40wkUIO7uwTQ",,,
"6fcfa008-ab53-4c70-a6a9-72b093c06d4c","SCBI_008.basePlot.bet","D02","SCBI","SCBI_008","2015-06-23","2015-07-07","2015-08-20","BDl2KAs5Zr2BOIR/P+IEWm/NxKU2K3I1DIUL0dT6QwHzwQrR6MBx77/QimAifmqYAeD7zm7Yz1Sv3eHTowCZ8ylZ1VUrlwqzWwBajNtadP4a1g9PCweKDKdKEzldKSgVmjVXQTOjNU8=","BDl2KAs5Zr2IuhULVLXUt72s/0SZoUbA",,,
"5e9b1a14-f019-42d0-a6fb-c095dd93fa60","SCBI_010.basePlot.bet","D02","SCBI","SCBI_010","2015-06-23","2015-07-07","2015-08-19","6yi0mRc5GEI9+YU0bqWLXGUXVow56nv2vG92K7ElxeUc9q8YS5Uq4IXQ5p0BLa/h4iSJWlHF+yA=","6yi0mRc5GELfWvQnIVnDyaCgNch8ZZLp",,,
"1a0857f4-aade-4732-bc26-15cd48d38598","SCBI_010.basePlot.bet","D02","SCBI","SCBI_010","2015-06-23","2015-07-07","2015-08-19","6yi0mRc5GEKiw9QRCygipApEeAV0gS+KQluFLQ4fIKnQXp2rQTvBDfKle0iS5EGtHZ6rA40pveE=","6yi0mRc5GELfWvQnIVnDySzCk6hH2Fbm",,,
"3801199e-b861-41a1-98c3-289732f0142e","SCBI_012.basePlot.bet","D02","SCBI","SCBI_012","2015-06-23","2015-07-07","2015-08-14","XK58HfsRWvedDZEDg+fyn0fCkOp0kgAn63JYryF6zEDWN6YFdjTh0zR7BniI1LFqZVMWZjyup6vOfmO3op/Z+YDumhb1icBRNsMSbzTNwvjJVk0hdsSTSpkI7iZxgnB4/cHWsyoNn80=","XK58HfsRWvej1EqkPvUZKyCMb8hiNL6G",,,
"37121da0-07d9-4087-97ee-d58bb4ea4c0a","SCBI_033.basePlot.bet","D02","SCBI","SCBI_033","2015-06-23","2015-07-07","2015-08-07","4ZBK4Rjlf9mfQQkSbewYYBpk9EfWV7AtWBUF+8mSEkWd7cr1YcfrgoVwtgt/sS0iuJly14sIonJYFp+fswgKrMGILC58RAoc1IA6gitk3PRW7q/LPVa3QP+kJ96cyhnmOioLVF/QIxI=","4ZBK4Rjlf9k1wc3k2Xb8k75pSxyQfJ4L",,,
"77fb53f3-8d11-4ffc-bb0e-0ab71c3f5e1b","SCBI_033.basePlot.bet","D02","SCBI","SCBI_033","2015-06-23","2015-07-07","2015-08-07","4ZBK4Rjlf9lguawvaR+YgtWoSqTv452bCEg7/S8hamnQNNn4BSq7t58GfVMSVJh+0YrbezWRTIMc6UbaPBQnv+kQ730BAeKDiHdEe+fD2ZSJXZQ6zn4zPYgTX6NtccZCBhC1HBRzIFI=","4ZBK4Rjlf9k1wc3k2Xb8k9GVBVjBXxOO",,,
"4f86068e-55bc-42b6-b965-c29f5fcf100d","SCBI_012.basePlot.bet","D02","SCBI","SCBI_012","2015-06-23","2015-07-07","2015-08-14","XK58HfsRWvfaFiRkL4Z83SMYBxvJ9ZviU3UzTHco8X28tg8p31xHuzp9m3sxs339lqYeAjNh89C+gzdbaPktbF4sYa5n500bFsH9xEnKGOb/d4gE5OW8Cn1bBGt0exBFIstqDgsYl2Q=","XK58HfsRWvej1EqkPvUZK//Tk5h7huNg",,,
"3f41db01-39f0-4683-8bee-950f0a4f9972","SCBI_012.basePlot.bet","D02","SCBI","SCBI_012","2015-06-23","2015-07-07","2015-08-14","XK58HfsRWvfaFiRkL4Z83SMYBxvJ9ZviFGltk+K166MCeXS2s1lqv9WXMIPzLErdem8kQP3ZgZKCCoDislFATPkZig12LGwsrfH4a37g1lFw5PVPDSV8SKNFrXHkYcZjufBKLjefR5k=","XK58HfsRWvej1EqkPvUZK/+HZSY/6d1f",,,
"b61d1f20-e530-47d1-8013-e122b20791e5","SCBI_012.basePlot.bet","D02","SCBI","SCBI_012","2015-06-23","2015-07-07","2015-08-14","XK58HfsRWveBChV1DUB57emsfIbbBbJSAAVoQJe3mTA0UpKUPv963gEqTvF3VZnU/6xHWES8VK9VKHPWPkxkVsGT2jlViIvimY0TLLpwXBmifLLEK2qu/IOqm1APTkXYC+/4/bwbiOE=","XK58HfsRWvej1EqkPvUZK0NVDqT+uhqS",,,
"b94ae373-86c5-4f76-8921-966100d3d11c","SCBI_033.basePlot.bet","D02","SCBI","SCBI_033","2015-06-23","2015-07-07","2015-08-07","4ZBK4Rjlf9lguawvaR+YgtWoSqTv452bFihWYJM38AsnCL9SNLhZ5C5AJEN2ohAiANP9xhISwQZSJNd5Igejga/j347BLMZuSn1SvG+oMYT2+4eB1feifxMi7xWGNwR5nnGcTZ+c06A=","4ZBK4Rjlf9k1wc3k2Xb8k6wLKvP4oP+a",,,
"7d652040-7d4d-4f77-beaa-5274bdafc43f","SCBI_006.basePlot.bet","D02","SCBI","SCBI_006","2015-06-23","2015-07-07","2015-08-14","2wNT0Wyw284TokAWI5dUph+8csggOBFdfY51GUrQnNsvISyGTOaf570jenojFrhsngkLth4sxiRfZyDUVHjfiQ==","2wNT0Wyw284CR7jl4HpI+6KpYrb6/rqhZyt9rkB2N0Q=","Chlaenius aestivus",,
"5d2db9b0-fe2a-44f8-b133-31319ece9699","SCBI_006.basePlot.bet","D02","SCBI","SCBI_006","2015-07-07","2015-07-21","2015-08-28","2wNT0Wyw284TokAWI5dUpo5J9XpuRjcX/oR2cVYFxgvkMG12ZO5SysrL8FbPkQEptaxNand79CfH6jgMrOBfRg==","2wNT0Wyw284bGXDdXKr++XWUXnuy0WVnDNPyISW5aWE=","Scarites subterraneus",,
"6848bcc4-c44f-42b5-a800-7032d2344271","SCBI_004.basePlot.bet","D02","SCBI","SCBI_004","2015-07-07","2015-07-21","2015-08-26","ZCodyo9yj6286/2SN8Mad3o5TQ+wjKl3Z9CVDA2roMYgKV302DcbIUv2CNxbut/fnTqPDf/AJHKU7TGsIHqe1w==","ZCodyo9yj62QKFxkFWAs0NdQ+82/8k38oacrEW8wHqA=","Cyclotrachelus sigillatus",,
"1beb1aef-f574-4929-87df-c4281fda9173","SCBI_003.basePlot.bet","D02","SCBI","SCBI_003","2015-07-07","2015-07-21","2015-08-26","YQnsugPXdU2Zq1Hkpx4VStuJh5Ub65g1ceVCjvBM/eoE7ykMoMPXOoD0XwKXg7LAJA08VnGaGPwNGwSMaltVIQ==","YQnsugPXdU1iHUJyDJh4OImFL4xMEP3cI804Y9DjBgg=","Cyclotrachelus sigillatus",,
"bf9f5ea8-a163-4a35-a026-c40484000398","SCBI_002.basePlot.bet","D02","SCBI","SCBI_002","2015-07-07","2015-07-21","2015-08-26","NTl2q/XFbjxxk0NSrvvJwFSk1EAbrsRYuHLHYDSsVcKRlplmyyKThaxx+1L1dPD3hdOltp1HphainJbYhVbFOQ==","NTl2q/XFbjyizYCsE0KSoTM9WPv6lkf+SvuCdRi6qJI=","Cyclotrachelus sigillatus",,
"4c3b0b78-f186-4d2b-8d70-0ce514581dca","SCBI_008.basePlot.bet","D02","SCBI","SCBI_008","2015-07-07","2015-07-21","2015-08-27","BDl2KAs5Zr2BOIR/P+IEWlwK76XG+xcADA/qCxzAFALzc2iAwlAg5uncaZyFIjGxGFi6LqUm3OanL5Q4MMQBQA==","BDl2KAs5Zr3PaL2hxm14/b/qoAkAM50oZ4kJvU7d+40=","Chlaenius emarginatus",,
"f248dd2c-bc8a-4ee4-aecc-a873fb8af53d","SCBI_012.basePlot.bet","D02","SCBI","SCBI_012","2015-07-07","2015-07-21","2015-08-27","XK58HfsRWveBChV1DUB57ebx/ilsYupOTq79Pgr3gRF9xmlLF1wEK6f7RFjcOQ6G36qD8sfY2cZE6hsRkOxwMbXc236ol3ETIMpQszHfoGrwE30pG5LGQPmiQKpsr3Nu","XK58HfsRWvf4lSvO+d4AHkzznnpY7Kb7kryJg8iBbKg=","Chlaenius aestivus",,
"5e394b7a-1f37-40cc-b544-b13e65c4e0eb","SCBI_033.basePlot.bet","D02","SCBI","SCBI_033","2015-07-07","2015-07-21","2015-08-27","4ZBK4Rjlf9k4xybhcO8HB/mnt2dho1Yxjy2D6Up7SQ31J67X++0axmUKPL5F68r7iK2QFUlW+uVweQEXzOwbH2RmhO5rTPJrwobTzVPQEI9Q8DntUNTP8wyJi+LcAXGoVQnhF3TXsc8DnescOFYkBN82SjurRLRn","4ZBK4Rjlf9kUa9dvklDezsTabO+gT6bodFx/QXSScz4=","Chlaenius aestivus",,
"50b674f9-64a5-4968-9b9e-36fb38d551ca","SCBI_002.basePlot.bet","D02","SCBI","SCBI_002","2015-07-07","2015-07-21","2015-08-26","NTl2q/XFbjyrgqkI6IqNArFq7QWGcdlJGDAhkWXaZZx8FdClg5FbkBbDA5OCdIpUX7Z52WlnCtfjCPWNOQ1rawkNAlSyT93fCsRrm8KK+F8=","NTl2q/XFbjyizYCsE0KSoZeRXGGD5+dR",,,
"fa264f6d-2a05-4b48-8c0b-9a7475a096cf","SCBI_003.basePlot.bet","D02","SCBI","SCBI_003","2015-07-07","2015-07-21","2015-08-26","YQnsugPXdU17PQzFjF+eJ4+iw6kb9s/xeA/fLxO3DdXDV6XsW+szG4WkZun7V0k2ivqnifEkIiweTQAt1dA8RXcxA+5bISvLPe0SZgEZ5Mk=","YQnsugPXdU1iHUJyDJh4OAwUoRBc+ObR",,,
"d31d80c7-582f-4c85-8b05-7445e8aaf41f","SCBI_003.basePlot.bet","D02","SCBI","SCBI_003","2015-07-07","2015-07-21","2015-08-26","YQnsugPXdU17PQzFjF+eJ4+iw6kb9s/xHDOD2Kzj5/HBwrJevtyQ16UI6jjXS5jccejDndVG+QDJ5KU/RPAb1aPxE4f2WJHEPcu0jnOoQSQ=","YQnsugPXdU1iHUJyDJh4OBB3oYEtwNI5",,,
"4d95a89f-a773-4894-8a09-453285a55a98","SCBI_003.basePlot.bet","D02","SCBI","SCBI_003","2015-07-07","2015-07-21","2015-08-26","YQnsugPXdU2Zq1Hkpx4VSm0+nVSqiikHNxXfiATOX4YtdvQfB9y5E5iWChJi2VnL47MP1v6l+K5i6ibMBz0Zt0v+voeCUhvhbj5Jvf/8QuI=","YQnsugPXdU1iHUJyDJh4ODE8g20vZAj4",,,
"cc6d0ab8-ae4c-4f7f-b640-7bae2cc44661","SCBI_004.basePlot.bet","D02","SCBI","SCBI_004","2015-07-07","2015-07-21","2015-08-26","ZCodyo9yj61wzkxAmSeyxhuO6qd1lROLvapgHNI9zJhpM4WqftCFeKwnVSvUYC+FinxT4i/uCBYw7ZfE0Q7OaTMHimD2JCFclo52PBqn8/Vz1L+0udRj7/eRT2QmRGalcPwEaJyohs8=","ZCodyo9yj62QKFxkFWAs0HS5FdIXWIAO",,,
"f15a91bc-d069-42b5-a37f-5d905a171a26","SCBI_005.basePlot.bet","D02","SCBI","SCBI_005","2015-07-07","2015-07-21","2015-08-27","2MbaqPQFAm6XpqAZWGjMGOWx27vwy8MHF49ZxtdiYYQ/sXLLFNWNlir+rmUZ026q1F/tKYf87FdSOXh9xOvIihQFeGziu1JvIxEKPEAFES4=","2MbaqPQFAm6UHpbPejdyY2AgWnsoIox/",,,
"7552bb87-f74c-468e-a8c9-5caa652a56f9","SCBI_006.basePlot.bet","D02","SCBI","SCBI_006","2015-07-07","2015-07-21","2015-08-28","2wNT0Wyw286PiGGTpklZ+vgkcbvRUVreW6dhICMciZOZyAJ4OLCgs6fFphUS+/lxzDAkab2gSSe95o5IUynyJ6L/frKUOD1SfvR+sSCZId05AJmSpSeniUc9WKdtT0D5ACVj833jgPY=","2wNT0Wyw284bGXDdXKr++QGOupWD791M",,,
"f14e58c1-e466-42f0-a9b9-a583c6809a88","SCBI_005.basePlot.bet","D02","SCBI","SCBI_005","2015-07-07","2015-07-21","2015-08-27","2MbaqPQFAm6XpqAZWGjMGOWx27vwy8MHs8E//PZ95zmusHAb5BJTVNaRHQngFHBU1az6MlhO5uBbLsh/u/PxaQTsTdHwuQMbG3HDNrkZXls=","2MbaqPQFAm6UHpbPejdyY1BVUeDoFwfV",,,
"4d14a3dc-5c8c-45f7-bd2b-7d0ae7b1efe1","SCBI_006.basePlot.bet","D02","SCBI","SCBI_006","2015-07-07","2015-07-21","2015-08-28","2wNT0Wyw286PiGGTpklZ+vgkcbvRUVreqayinG+8WYFIrfMFd2Y+FfOqdQs9yJ3yuTbpu9prqxZExMm8TZkdz25z0xm5C4pDcrF6n8a/Yd6WdQM1YoOl1GIBUbuG89DruAoSxr+iWZQ=","2wNT0Wyw284bGXDdXKr++cHQ8kyQMgw+",,,
"9ab3d2ef-d744-4124-8301-c960388b4435","SCBI_007.basePlot.bet","D02","SCBI","SCBI_007","2015-07-07","2015-07-21","2015-08-27","tckDqTjQv3jMFRcoJoFVpkbMLVUDYJDZ7jqCANT89q8ZUp5iA9iwG8ZZGA2kYFa8ZFI22Xg0e1deH5dxepTxfWoTcC3uSek5tgzUDbH17WhfzHfhx63omySvsPLZv33iepDgE0X5khc=","tckDqTjQv3j1Az67mKTMa2dr0j5VjjW3",,,
"72879593-9a62-4094-9b3e-32d2072ac606","SCBI_007.basePlot.bet","D02","SCBI","SCBI_007","2015-07-07","2015-07-21","2015-08-27","tckDqTjQv3hvRmZr1Y/jv2Ve6Vd2lS8o+Xv4b4VJIl2FB/BojUI17ijaZbMmy+UcvalI7MHiJlrCndiJ5xS1dmvRw/npkUSpVIY4G0AItkjnaOZCk6KPXhQpfzPGoAk3/vGm9nCva9A=","tckDqTjQv3j1Az67mKTMa6XixwEIbL20",,,
"a913e569-fca5-4a90-a6f5-e9657a85b8b8","SCBI_008.basePlot.bet","D02","SCBI","SCBI_008","2015-07-07","2015-07-21","2015-08-27","BDl2KAs5Zr2BOIR/P+IEWiIsQFuEIclASKG/W/CQFROl+zOUT1l7EcQbCpfiwhUNCS6+E6sNuJ9KCFZ70kAuYQPUFe9FYCtXcz5ZAd5dgxk=","BDl2KAs5Zr3PaL2hxm14/STafd0gq3DP",,,
"75321f2f-e4c5-4a65-ad9a-dc0f80c2bdcd","SCBI_010.basePlot.bet","D02","SCBI","SCBI_010","2015-07-07","2015-07-21","2015-08-27","6yi0mRc5GEI9+YU0bqWLXLiu5AU7K+YV2rRINKzA07n/sQbyIHc+byzKs6//ch24FvvZKBeqKp0=","6yi0mRc5GELZw76PCpJLY510DdpYZvFv",,,
"476916ae-fd0c-4aaf-a83f-76720e79eee7","SCBI_012.basePlot.bet","D02","SCBI","SCBI_012","2015-07-07","2015-07-21","2015-08-27","XK58HfsRWvfaFiRkL4Z83YH4q2kotSOODHMY5syIa38lADw4MSPU0ySBxjxVpBomfs8IvQXqN9NaVRg9blDRHOteJ8Dm6v47DaU8lJb9yB35SMJMZFLPmA2OJjQcaKsDCEaGzshlHRI=","XK58HfsRWvf4lSvO+d4AHuEYS4h9ANDU",,,
"b1abf829-ff12-4556-bf0c-4a8282440d4d","SCBI_033.basePlot.bet","D02","SCBI","SCBI_033","2015-07-07","2015-07-21","2015-08-27","4ZBK4Rjlf9ky2snNQuvzI7HNgX7BsA7khaB0MPGaXiUBxTN0BD4t7TI8W7EECeNpDv4LnBzTp/A8UWGdPB4YTCsEYcaWqV631N74bF2+XbG5Cx4g9BMg7PS+5mv4Ry3brVQ5yZ9AZ2s=","4ZBK4Rjlf9kUa9dvklDezgeI8QNSBI5S",,,
"cb5a6167-1fb0-486e-93d4-0360802da05f","SCBI_033.basePlot.bet","D02","SCBI","SCBI_033","2015-07-07","2015-07-21","2015-08-27","4ZBK4Rjlf9mfQQkSbewYYAydykn0yliS/L+AhmPZRIUioaIkPv5gGuK6T9SElRPg8L+FWWpOUuRsd/H2hlbDJp04CE8Bs/rJYN0V8bBtCfpOP4Sco2nlez91ntgHkz7a6q9/xZtQWFM=","4ZBK4Rjlf9kUa9dvklDezogJMQIJbfiW",,,
"1a6220df-0e80-467c-a944-31eb9c99cd5e","SCBI_033.basePlot.bet","D02","SCBI","SCBI_033","2015-07-07","2015-07-21","2015-08-27","4ZBK4Rjlf9mfQQkSbewYYAydykn0yliSqYHBDnlG7wHlTeGybwsq4h5kba162uSPzKCz/gFYx7T/YGzQJ2W2pDaYTouEh/7eRB5wW8LOKUTFpMtuTQQJ8SDkzkahIyKGXWxb1wDFpJw=","4ZBK4Rjlf9kUa9dvklDezpy36dUNdeu6",,,
"7ef7636d-4c75-4ad9-8ea8-138dbb4d28cd","SCBI_012.basePlot.bet","D02","SCBI","SCBI_012","2015-07-07","2015-07-21","2015-08-27","XK58HfsRWveBChV1DUB57Vh3GCs3feQ0PZUeKB8bJzZEwnHs9vG5f8ihrCMfsldJeaoXhJjc30coGHEqfeqje/LAswP7arqkTim4la4h2xJ01xJ1jnYr5aWTJL2M4fHaC0TA0HrDWlY=","XK58HfsRWvf4lSvO+d4AHtjXmfJpOLfC",,,
"51edd485-ad73-4317-a875-66f8768b164b","SCBI_012.basePlot.bet","D02","SCBI","SCBI_012","2015-07-07","2015-07-21","2015-08-27","XK58HfsRWvdXPdqnwcZ6TV+bIRonAvZpMjAxYN9KNe3A++aIRJSrWsvMCSkqBKNxGA2dRkjjZ0i+0fUUOkqFUZwGnPQx9XoTFiU5zlrDyZB82y+S3O7Ax2AG5e39RPhOIq4VeIKyE6k=","XK58HfsRWvf4lSvO+d4AHuWhygKO1hZN",,,
"b4bdeed9-3ea7-45fd-b63d-9a3c5746c274","SCBI_033.basePlot.bet","D02","SCBI","SCBI_033","2015-07-07","2015-07-21","2015-08-27","4ZBK4Rjlf9lguawvaR+Ygs/oyph/j1me/ouQ9ZkFRsETOHG3t/hRLci9pN7HPWu3jMgwcQyhOEtT4ndhqt/mC/jCGg6CZFT48a7fhYOAOeaixy9EhYBxI03VebwncpaVi5cs1VDgp5c=","4ZBK4Rjlf9kUa9dvklDezjWMyzkd5Ok0",,,
