uid,namedLocation,domainID,siteID,plotID,setDate,collectDate,identifiedDate,individualID,taxonID,kingdom,phylum,class,order,family,subfamily,tribe,genus,subgenus,specificEpithet,infraspecificEpithet,scientificName,scientificNameAuthorship,taxonRank,identificationQualifier,sex,morphospeciesID,identificationReferences,identifiedBy,laboratoryName,identificationRemarks,sampleCondition,dnaBarcoded,geneticSampleID,remarks
"6dbe9e64-46be-407e-86d4-fa2613b463fa","SCBI_006.basePlot.bet","D02","SCBI","SCBI_006","2015-06-23","2015-07-07","2016-12-14","NEON.BET.D02.002931","TRIFUL","Animalia","Arthropoda","Insecta","Coleoptera","Carabidae","Harpalinae","Harpalini","Trichotichnus","Iridessus","fulgens",,"Trichotichnus fulgens","Csiki","species",,"F",,"Lindroth, C. H. 1969. The ground-beetles (Carabidae, excl. Cicindelinae) of Canada and Alaska, parts 1-6. Opuscula E. Entomoligiska Sallskapet.","Robert L. Davidson","Carnegie Museum of Invertebrate Zoology",,"No known compromise","N",,
"d7050b43-b7aa-4269-9e94-2ee0daf0b3cb","SCBI_006.basePlot.bet","D02","SCBI","SCBI_006","2015-06-23","2015-07-07","2016-12-14","NEON.BET.D02.002930","TRIFUL","Animalia","Arthropoda","Insecta","Coleoptera","Carabidae","Harpalinae","Harpalini","Trichotichnus","Iridessus","fulgens",,"Trichotichnus fulgens","Csiki","species",,"F",,"Lindroth, C. H. 1969. The ground-beetles (Carabidae, excl. Cicindelinae) of Canada and Alaska, parts 1-6. Opuscula E. Entomoligiska Sallskapet.","Robert L. Davidson","Carnegie Museum of Invertebrate Zoology",,"No known compromise","N",,
"adbf1f40-2fab-4160-a265-641686604eaf","SCBI_007.basePlot.bet","D02","SCBI","SCBI_007","2015-06-23","2015-07-07","2016-12-17","NEON.BET.D02.002551","SPHSTE2","Animalia","Arthropoda","Insecta","Coleoptera","Carabidae","Carabinae","Cychrini","Sphaeroderus",,"stenostomus","stenostomus","Sphaeroderus stenostomus stenostomus","Weber","subspecies",,"F",,"Bousquet, Y. 2012. Catalogue of Geadephaga (Coleoptera, Adephaga) of America, north of Mexico. ZooKeys 245:1-1722.","Robert L. Davidson","Carnegie Museum of Invertebrate Zoology",,"No known compromise","N",,"Genus unrevised; species status according to unpublished notes of Tom Barr"
"539c30b9-3b84-4a0a-9286-cdc56646e982","SCBI_004.basePlot.bet","D02","SCBI","SCBI_004","2015-06-23","2015-07-07","2016-12-17","NEON.BET.D02.002589","BRAFUM","Animalia","Arthropoda","Insecta","Coleoptera","Carabidae","Brachininae","Brachinini","Brachinus","Neobrachinus","fumans",,"Brachinus fumans","Fabricius","species",,"M",,"Erwin, T. L. 1970a. A Reclassification of Bombardier Beetles and a Taxonomic Revision of the North and Middle American Species (Carabidae: Brachinida). Quaestiones Entomologicae 6:4-215.","Robert L. Davidson","Carnegie Museum of Invertebrate Zoology",,"No known compromise","N",,
"55c4d7d7-6ca7-4e26-b615-a34d8e02a976","SCBI_004.basePlot.bet","D02","SCBI","SCBI_004","2015-06-23","2015-07-07","2016-11-17","NEON.BET.D02.002560","CARGOR","Animalia","Arthropoda","Insecta","Coleoptera","Carabidae","Carabinae","Carabini","Carabus","Carabus","goryi",,"Carabus goryi","Dejean","species",,"F",,"Lindroth, C. H. 1969. The ground-beetles (Carabidae, excl. Cicindelinae) of Canada and Alaska, parts 1-6. Opuscula E. Entomoligiska Sallskapet.","Robert L. Davidson","Carnegie Museum of Invertebrate Zoology",,"No known compromise","N",,
"db0782c1-42ad-47c2-836f-82a2459249cb","SCBI_004.basePlot.bet","D02","SCBI","SCBI_004","2015-06-23","2015-07-07","2016-12-17","NEON.BET.D02.002590","BRAFUM","Animalia","Arthropoda","Insecta","Coleoptera","Carabidae","Brachininae","Brachinini","Brachinus","Neobrachinus","fumans",,"Brachinus fumans","Fabricius","species",,"F",,"Erwin, T. L. 1970a. A Reclassification of Bombardier Beetles and a Taxonomic Revision of the North and Middle American Species (Carabidae: Brachinida). Quaestiones Entomologicae 6:4-215.","Robert L. Davidson","Carnegie Museum of Invertebrate Zoology",,"No known compromise","N",,
"024c9690-4b05-435b-8acd-80b7c4767264","SCBI_012.basePlot.bet","D02","SCBI","SCBI_012","2015-06-23","2015-07-07","2016-12-17","NEON.BET.D02.002591","BRAFUM","Animalia","Arthropoda","Insecta","Coleoptera","Carabidae","Brachininae","Brachinini","Brachinus","Neobrachinus","fumans",,"Brachinus fumans","Fabricius","species",,"F",,"Erwin, T. L. 1970a. A Reclassification of Bombardier Beetles and a Taxonomic Revision of the North and Middle American Species (Carabidae: Brachinida). Quaestiones Entomologicae 6:4-215.","Robert L. Davidson","Carnegie Museum of Invertebrate Zoology",,"No known compromise","N",,
"3481322a-6fea-4fb9-8e14-4efa2056c3e5","SCBI_012.basePlot.bet","D02","SCBI","SCBI_012","2015-06-23","2015-07-07","2016-12-02","NEON.BET.D02.002580","SCASUB2","Animalia","Arthropoda","Insecta","Coleoptera","Carabidae","Scaritinae","Scaritini","Scarites","Scarites","subterraneus",,"Scarites subterraneus","Fabricius","species",,"U",,"Nichols, S. W. 1986. Two new flightless species of Scarites s. str. inhabiting Florida and the West Indies (Coleoptera: Carabidae: Scaritini). Proceedings of the Entomological Society of Washington 88:257-264.","Robert L. Davidson","Carnegie Museum of Invertebrate Zoology",,"No known compromise","N",,
"10d5a211-1ba9-49b2-9180-bc609d64dbe6","SCBI_006.basePlot.bet","D02","SCBI","SCBI_006","2015-06-23","2015-07-07","2016-12-02","NEON.BET.D02.002579","SCASUB2","Animalia","Arthropoda","Insecta","Coleoptera","Carabidae","Scaritinae","Scaritini","Scarites","Scarites","subterraneus",,"Scarites subterraneus","Fabricius","species",,"U",,"Nichols, S. W. 1986. Two new flightless species of Scarites s. str. inhabiting Florida and the West Indies (Coleoptera: Carabidae: Scaritini). Proceedings of the Entomological Society of Washington 88:257-264.","Robert L. Davidson","Carnegie Museum of Invertebrate Zoology",,"No known compromise","N",,
"0dacfc3c-26ba-4560-bb9d-f036658fabd7","SCBI_005.basePlot.bet","D02","SCBI","SCBI_005","2015-06-23","2015-07-07","2016-12-02","NEON.BET.D02.002637","CYCSIG","Animalia","Arthropoda","Insecta","Coleoptera","Carabidae","Harpalinae","Pterostichini","Cyclotrachelus","Evarthrus","sigillatus",,"Cyclotrachelus sigillatus","Say","species",,"F",,"Freitag, R. 1969. A revision of the species of the genus Evarthrus LeConte. Quaestiones Entomologicae 5:89-212.","Robert L. Davidson","Carnegie Museum of Invertebrate Zoology",,"No known compromise","N",,
"d1140ce0-5035-4767-8451-9e71d3aeb660","SCBI_004.basePlot.bet","D02","SCBI","SCBI_004","2015-06-23","2015-07-07","2016-12-02","NEON.BET.D02.002635","CYCSIG","Animalia","Arthropoda","Insecta","Coleoptera","Carabidae","Harpalinae","Pterostichini","Cyclotrachelus","Evarthrus","sigillatus",,"Cyclotrachelus sigillatus","Say","species",,"M",,"Freitag, R. 1969. A revision of the species of the genus Evarthrus LeConte. Quaestiones Entomologicae 5:89-212.","Robert L. Davidson","Carnegie Museum of Invertebrate Zoology",,"No known compromise","N",,
"4b6f0480-61a1-483e-a942-0b7a4c72b0a4","SCBI_004.basePlot.bet","D02","SCBI","SCBI_004","2015-06-23","2015-07-07","2016-12-02","NEON.BET.D02.002636","CYCSIG","Animalia","Arthropoda","Insecta","Coleoptera","Carabidae","Harpalinae","Pterostichini","Cyclotrachelus","Evarthrus","sigillatus",,"Cyclotrachelus sigillatus","Say","species",,"F",,"Freitag, R. 1969. A revision of the species of the genus Evarthrus LeConte. Quaestiones Entomologicae 5:89-212.","Robert L. Davidson","Carnegie Museum of Invertebrate Zoology",,"No known compromise","N",,
"52aa8bef-760c-4096-9f5a-154330403404","SCBI_006.basePlot.bet","D02","SCBI","SCBI_006","2015-06-23","2015-07-07","2016-12-02","NEON.BET.D02.002638","CYCSIG","Animalia","Arthropoda","Insecta","Coleoptera","Carabidae","Harpalinae","Pterostichini","Cyclotrachelus","Evarthrus","sigillatus",,"Cyclotrachelus sigillatus","Say","species",,"M",,"Freitag, R. 1969. A revision of the species of the genus Evarthrus LeConte. Quaestiones Entomologicae 5:89-212.","Robert L. Davidson","Carnegie Museum of Invertebrate Zoology",,"No known compromise","N",,
"ff71ca42-14ca-4cc8-829b-9e3198a26da6","SCBI_006.basePlot.bet","D02","SCBI","SCBI_006","2015-06-23","2015-07-07","2016-12-01","NEON.BET.D02.002655","CYCFUR","Animalia","Arthropoda","Insecta","Coleoptera","Carabidae","Harpalinae","Pterostichini","Cyclotrachelus","Evarthrus","furtivus",,"Cyclotrachelus furtivus","LeConte","species",,"M",,"Freitag, R. 1969. A revision of the species of the genus Evarthrus LeConte. Quaestiones Entomologicae 5:89-212.","Robert L. Davidson","Carnegie Museum of Invertebrate Zoology",,"No known compromise","N",,
"bd5b940b-cbbb-41ba-9304-4a89beccdba9","SCBI_006.basePlot.bet","D02","SCBI","SCBI_006","2015-06-23","2015-07-07","2016-12-01","NEON.BET.D02.002654","CYCFUR","Animalia","Arthropoda","Insecta","Coleoptera","Carabidae","Harpalinae","Pterostichini","Cyclotrachelus","Evarthrus","furtivus",,"Cyclotrachelus furtivus","LeConte","species",,"M",,"Freitag, R. 1969. A revision of the species of the genus Evarthrus LeConte. Quaestiones Entomologicae 5:89-212.","Robert L. Davidson","Carnegie Museum of Invertebrate Zoology",,"No known compromise","N",,
"d6a8357b-121c-445f-9361-f1e1e9504c6b","SCBI_006.basePlot.bet","D02","SCBI","SCBI_006","2015-06-23","2015-07-07","2016-12-01","NEON.BET.D02.002656","CYCFUR","Animalia","Arthropoda","Insecta","Coleoptera","Carabidae","Harpalinae","Pterostichini","Cyclotrachelus","Evarthrus","furtivus",,"Cyclotrachelus furtivus","LeConte","species",,"M",,"Freitag, R. 1969. A revision of the species of the genus Evarthrus LeConte. Quaestiones Entomologicae 5:89-212.","Robert L. Davidson","Carnegie Museum of Invertebrate Zoology",,"No known compromise","N",,
"6adad6fb-5277-45fc-bb87-aac82c31dd1f","SCBI_006.basePlot.bet","D02","SCBI","SCBI_006","2015-06-23","2015-07-07","2016-12-01","NEON.BET.D02.002657","CYCFUR","Animalia","Arthropoda","Insecta","Coleoptera","Carabidae","Harpalinae","Pterostichini","Cyclotrachelus","Evarthrus","furtivus",,"Cyclotrachelus furtivus","LeConte","species",,"M",,"Freitag, R. 1969. A revision of the species of the genus Evarthrus LeConte. Quaestiones Entomologicae 5:89-212.","Robert L. Davidson","Carnegie Museum of Invertebrate Zoology",,"No known compromise","N",,
"aef551fa-ec48-4e80-848f-f23aaa43655e","SCBI_002.basePlot.bet","D02","SCBI","SCBI_002","2015-06-23","2015-07-07","2016-11-18","NEON.BET.D02.002617","PTESTY","Animalia","Arthropoda","Insecta","Coleoptera","Carabidae","Harpalinae","Pterostichini","Pterostichus","Euferonia","stygicus",,"Pterostichus stygicus","Say","species",,"F",,"Lindroth, C. H. 1969. The ground-beetles (Carabidae, excl. Cicindelinae) of Canada and Alaska, parts 1-6. Opuscula E. Entomoligiska Sallskapet.","Robert L. Davidson","Carnegie Museum of Invertebrate Zoology",,"No known compromise","N",,
"3918df2d-f167-4e3a-9542-93c9b7203047","SCBI_004.basePlot.bet","D02","SCBI","SCBI_004","2015-06-23","2015-07-07","2016-12-01","NEON.BET.D02.002673","POELUC","Animalia","Arthropoda","Insecta","Coleoptera","Carabidae","Harpalinae","Pterostichini","Poecilus","Poecilus","lucublandus",,"Poecilus lucublandus","Say","species",,"M",,"Lindroth, C. H. 1969. The ground-beetles (Carabidae, excl. Cicindelinae) of Canada and Alaska, parts 1-6. Opuscula E. Entomoligiska Sallskapet.","Robert L. Davidson","Carnegie Museum of Invertebrate Zoology",,"No known compromise","N",,
"c3267de7-0788-4c97-baf6-e021236cba29","SCBI_004.basePlot.bet","D02","SCBI","SCBI_004","2015-06-23","2015-07-07","2016-11-16","NEON.BET.D02.002708","CHLAES","Animalia","Arthropoda","Insecta","Coleoptera","Carabidae","Harpalinae","Chlaeniini","Chlaenius","Chlaenius","aestivus",,"Chlaenius aestivus","Say","species",,"F",,"Bell, R. T. 1960. A Revision of the Genus Chlaenius Bonelli (Coleoptera, Carabidae) in North America. Miscellaneous Publications of the Entomological Society of America 1:98-166.","Robert L. Davidson","Carnegie Museum of Invertebrate Zoology",,"No known compromise","N",,
"419df308-f9f0-49fb-a812-28738e860f77","SCBI_006.basePlot.bet","D02","SCBI","SCBI_006","2015-06-23","2015-07-07","2016-12-01","NEON.BET.D02.002674","POELUC","Animalia","Arthropoda","Insecta","Coleoptera","Carabidae","Harpalinae","Pterostichini","Poecilus","Poecilus","lucublandus",,"Poecilus lucublandus","Say","species",,"F",,"Lindroth, C. H. 1969. The ground-beetles (Carabidae, excl. Cicindelinae) of Canada and Alaska, parts 1-6. Opuscula E. Entomoligiska Sallskapet.","Robert L. Davidson","Carnegie Museum of Invertebrate Zoology",,"No known compromise","N",,
"b85d3153-4c0c-4a1f-8491-2fc70e937458","SCBI_012.basePlot.bet","D02","SCBI","SCBI_012","2015-06-23","2015-07-07","2016-12-01","NEON.BET.D02.002676","POELUC","Animalia","Arthropoda","Insecta","Coleoptera","Carabidae","Harpalinae","Pterostichini","Poecilus","Poecilus","lucublandus",,"Poecilus lucublandus","Say","species",,"M",,"Lindroth, C. H. 1969. The ground-beetles (Carabidae, excl. Cicindelinae) of Canada and Alaska, parts 1-6. Opuscula E. Entomoligiska Sallskapet.","Robert L. Davidson","Carnegie Museum of Invertebrate Zoology",,"No known compromise","N",,
"3ed0bed7-151d-499b-a91a-9458193ae40c","SCBI_002.basePlot.bet","D02","SCBI","SCBI_002","2015-06-23","2015-07-07","2016-12-01","NEON.BET.D02.002671","POELUC","Animalia","Arthropoda","Insecta","Coleoptera","Carabidae","Harpalinae","Pterostichini","Poecilus","Poecilus","lucublandus",,"Poecilus lucublandus","Say","species",,"F",,"Lindroth, C. H. 1969. The ground-beetles (Carabidae, excl. Cicindelinae) of Canada and Alaska, parts 1-6. Opuscula E. Entomoligiska Sallskapet.","Robert L. Davidson","Carnegie Museum of Invertebrate Zoology",,"No known compromise","N",,
"d646d0d3-86d3-4391-9f87-c08cac9e5ed4","SCBI_002.basePlot.bet","D02","SCBI","SCBI_002","2015-06-23","2015-07-07","2016-11-16","NEON.BET.D02.002707","CHLAES","Animalia","Arthropoda","Insecta","Coleoptera","Carabidae","Harpalinae","Chlaeniini","Chlaenius","Chlaenius","aestivus",,"Chlaenius aestivus","Say","species",,"M",,"Bell, R. T. 1960. A Revision of the Genus Chlaenius Bonelli (Coleoptera, Carabidae) in North America. Miscellaneous Publications of the Entomological Society of America 1:98-166.","Robert L. Davidson","Carnegie Museum of Invertebrate Zoology",,"No known compromise","N",,
"c803d88d-08cf-46a6-a1bc-569d432bd085","SCBI_006.basePlot.bet","D02","SCBI","SCBI_006","2015-06-23","2015-07-07","2016-12-01","NEON.BET.D02.002675","POELUC","Animalia","Arthropoda","Insecta","Coleoptera","Carabidae","Harpalinae","Pterostichini","Poecilus","Poecilus","lucublandus",,"Poecilus lucublandus","Say","species",,"F",,"Lindroth, C. H. 1969. The ground-beetles (Carabidae, excl. Cicindelinae) of Canada and Alaska, parts 1-6. Opuscula E. Entomoligiska Sallskapet.","Robert L. Davidson","Carnegie Museum of Invertebrate Zoology",,"No known compromise","N",,
"94abd396-fad5-4758-a27e-41ba1a1f6052","SCBI_002.basePlot.bet","D02","SCBI","SCBI_002","2015-06-23","2015-07-07","2016-12-01","NEON.BET.D02.002672","POELUC","Animalia","Arthropoda","Insecta","Coleoptera","Carabidae","Harpalinae","Pterostichini","Poecilus","Poecilus","lucublandus",,"Poecilus lucublandus","Say","species",,"F",,"Lindroth, C. H. 1969. The ground-beetles (Carabidae, excl. Cicindelinae) of Canada and Alaska, parts 1-6. Opuscula E. Entomoligiska Sallskapet.","Robert L. Davidson","Carnegie Museum of Invertebrate Zoology",,"No known compromise","N",,
"d0837e1f-383b-436e-9d12-ac27b6be5e59","SCBI_004.basePlot.bet","D02","SCBI","SCBI_004","2015-06-23","2015-07-07","2016-11-16","NEON.BET.D02.002729","CHLEMA","Animalia","Arthropoda","Insecta","Coleoptera","Carabidae","Harpalinae","Chlaeniini","Chlaenius","Anomoglossus","emarginatus",,"Chlaenius emarginatus","Say","species",,"M",,"Bell, R. T. 1960. A Revision of the Genus Chlaenius Bonelli (Coleoptera, Carabidae) in North America. Miscellaneous Publications of the Entomological Society of America 1:98-166.","Robert L. Davidson","Carnegie Museum of Invertebrate Zoology",,"No known compromise","N",,
"20812b7d-081a-42ac-bbf2-77a9ebfaa270","SCBI_004.basePlot.bet","D02","SCBI","SCBI_004","2015-06-23","2015-07-07","2016-11-16","NEON.BET.D02.002730","CHLEMA","Animalia","Arthropoda","Insecta","Coleoptera","Carabidae","Harpalinae","Chlaeniini","Chlaenius","Anomoglossus","emarginatus",,"Chlaenius emarginatus","Say","species",,"F",,"Bell, R. T. 1960. A Revision of the Genus Chlaenius Bonelli (Coleoptera, Carabidae) in North America. Miscellaneous Publications of the Entomological Society of America 1:98-166.","Robert L. Davidson","Carnegie Museum of Invertebrate Zoology",,"No known compromise","N",,
"d0bf0f20-d92a-4f18-9f56-4b9d0ae8ca8b","SCBI_033.basePlot.bet","D02","SCBI","SCBI_033","2015-06-23","2015-07-07","2016-11-16","NEON.BET.D02.002733","CHLEMA","Animalia","Arthropoda","Insecta","Coleoptera","Carabidae","Harpalinae","Chlaeniini","Chlaenius","Anomoglossus","emarginatus",,"Chlaenius emarginatus","Say","species",,"F",,"Bell, R. T. 1960. A Revision of the Genus Chlaenius Bonelli (Coleoptera, Carabidae) in North America. Miscellaneous Publications of the Entomological Society of America 1:98-166.","Robert L. Davidson","Carnegie Museum of Invertebrate Zoology",,"No known compromise","N",,
"74a7d0d7-e18a-4261-a684-f7685a8b9902","SCBI_005.basePlot.bet","D02","SCBI","SCBI_005","2015-06-23","2015-07-07","2016-11-16","NEON.BET.D02.002743","CHLAMO","Animalia","Arthropoda","Insecta","Coleoptera","Carabidae","Harpalinae","Chlaeniini","Chlaenius","Anomoglossus","amoenus",,"Chlaenius amoenus","Dejean","species",,"F",,"Bell, R. T. 1960. A Revision of the Genus Chlaenius Bonelli (Coleoptera, Carabidae) in North America. Miscellaneous Publications of the Entomological Society of America 1:98-166.","Robert L. Davidson","Carnegie Museum of Invertebrate Zoology",,"No known compromise","N",,
"9c9c6659-fa55-4266-857e-4cc99941b408","SCBI_010.basePlot.bet","D02","SCBI","SCBI_010","2015-06-23","2015-07-07","2016-11-17","NEON.BET.D02.002759","DICFUR2","Animalia","Arthropoda","Insecta","Coleoptera","Carabidae","Harpalinae","Licinini","Dicaelus","Paradicaelus","furvus","furvus","Dicaelus furvus furvus","Dejean","subspecies",,"F",,"Ball, G. E. 1959. A taxonomic study of the North American Licinini with notes on the Old World species of the genus Diplocheila BrullÃ© (Coleoptera). Memoirs of the American Entomological Society No. 16.","Robert L. Davidson","Carnegie Museum of Invertebrate Zoology",,"No known compromise","N",,
"e83e67f8-d4b0-487c-82ca-7bd51772c271","SCBI_008.basePlot.bet","D02","SCBI","SCBI_008","2015-06-23","2015-07-07","2016-11-16","NEON.BET.D02.002732","CHLEMA","Animalia","Arthropoda","Insecta","Coleoptera","Carabidae","Harpalinae","Chlaeniini","Chlaenius","Anomoglossus","emarginatus",,"Chlaenius emarginatus","Say","species",,"M",,"Bell, R. T. 1960. A Revision of the Genus Chlaenius Bonelli (Coleoptera, Carabidae) in North America. Miscellaneous Publications of the Entomological Society of America 1:98-166.","Robert L. Davidson","Carnegie Museum of Invertebrate Zoology",,"No known compromise","N",,
"d20a761e-b8ba-483e-8b3b-b94ce65b16de","SCBI_008.basePlot.bet","D02","SCBI","SCBI_008","2015-06-23","2015-07-07","2016-11-16","NEON.BET.D02.002731","CHLEMA","Animalia","Arthropoda","Insecta","Coleoptera","Carabidae","Harpalinae","Chlaeniini","Chlaenius","Anomoglossus","emarginatus",,"Chlaenius emarginatus","Say","species",,"M",,"Bell, R. T. 1960. A Revision of the Genus Chlaenius Bonelli (Coleoptera, Carabidae) in North America. Miscellaneous Publications of the Entomological Society of America 1:98-166.","Robert L. Davidson","Carnegie Museum of Invertebrate Zoology",,"No known compromise","N",,
"077c42a6-bf32-4a09-88eb-08e7cdffc72a","SCBI_006.basePlot.bet","D02","SCBI","SCBI_006","2015-06-23","2015-07-07","2016-12-12","NEON.BET.D02.002783","ANIOVU","Animalia","Arthropoda","Insecta","Coleoptera","Carabidae","Harpalinae","Harpalini","Anisodactylus","Gynandrotarsus","ovularis",,"Anisodactylus ovularis","Casey","species",,"M",,"Noonan, G. R. 1973. The Anisodactylines (Insecta: Coleoptera: Carabidae: Harpalini): classification, evolution and zoogeography. Quaestiones Entomologicae 9:266-480.","Robert L. Davidson","Carnegie Museum of Invertebrate Zoology",,"No known compromise","N",,
"43e455d2-5433-462d-9c39-d0edad7448db","SCBI_006.basePlot.bet","D02","SCBI","SCBI_006","2015-06-23","2015-07-07","2016-12-12","NEON.BET.D02.002780","ANIOVU","Animalia","Arthropoda","Insecta","Coleoptera","Carabidae","Harpalinae","Harpalini","Anisodactylus","Gynandrotarsus","ovularis",,"Anisodactylus ovularis","Casey","species",,"M",,"Noonan, G. R. 1973. The Anisodactylines (Insecta: Coleoptera: Carabidae: Harpalini): classification, evolution and zoogeography. Quaestiones Entomologicae 9:266-480.","Robert L. Davidson","Carnegie Museum of Invertebrate Zoology",,"No known compromise","N",,
"8cbc4aab-a083-4a90-8b2c-d2599848898d","SCBI_006.basePlot.bet","D02","SCBI","SCBI_006","2015-06-23","2015-07-07","2016-12-12","NEON.BET.D02.002781","ANIOVU","Animalia","Arthropoda","Insecta","Coleoptera","Carabidae","Harpalinae","Harpalini","Anisodactylus","Gynandrotarsus","ovularis",,"Anisodactylus ovularis","Casey","species",,"M",,"Noonan, G. R. 1973. The Anisodactylines (Insecta: Coleoptera: Carabidae: Harpalini): classification, evolution and zoogeography. Quaestiones Entomologicae 9:266-480.","Robert L. Davidson","Carnegie Museum of Invertebrate Zoology",,"No known compromise","N",,
"edab1bd8-a713-489b-8ab7-1088bbc2b0cd","SCBI_006.basePlot.bet","D02","SCBI","SCBI_006","2015-06-23","2015-07-07","2016-12-13","NEON.BET.D02.002809","AGOROT1","Animalia","Arthropoda","Insecta","Coleoptera","Carabidae","Harpalinae","Harpalini","Agonoleptus",,"rotundatus",,"Agonoleptus rotundatus","LeConte","species",,"M",,"Bousquet, Y., and P. W. Messer. 2010. Redescription of Stenolophus thoracicus Casey (Coleoptera, Carabidae, Harpalini), a valid species. ZooKeys 53:25-31.","Robert L. Davidson","Carnegie Museum of Invertebrate Zoology",,"No known compromise","N",,
"3ab93b54-dd00-451c-a2d5-898c3e25efbc","SCBI_006.basePlot.bet","D02","SCBI","SCBI_006","2015-06-23","2015-07-07","2016-12-12","NEON.BET.D02.002785","ANIOVU","Animalia","Arthropoda","Insecta","Coleoptera","Carabidae","Harpalinae","Harpalini","Anisodactylus","Gynandrotarsus","ovularis",,"Anisodactylus ovularis","Casey","species",,"M",,"Noonan, G. R. 1973. The Anisodactylines (Insecta: Coleoptera: Carabidae: Harpalini): classification, evolution and zoogeography. Quaestiones Entomologicae 9:266-480.","Robert L. Davidson","Carnegie Museum of Invertebrate Zoology",,"No known compromise","N",,
"fc5d701f-555f-4eb7-bf73-88e511138fa4","SCBI_006.basePlot.bet","D02","SCBI","SCBI_006","2015-06-23","2015-07-07","2016-12-12","NEON.BET.D02.002784","ANIOVU","Animalia","Arthropoda","Insecta","Coleoptera","Carabidae","Harpalinae","Harpalini","Anisodactylus","Gynandrotarsus","ovularis",,"Anisodactylus ovularis","Casey","species",,"M",,"Noonan, G. R. 1973. The Anisodactylines (Insecta: Coleoptera: Carabidae: Harpalini): classification, evolution and zoogeography. Quaestiones Entomologicae 9:266-480.","Robert L. Davidson","Carnegie Museum of Invertebrate Zoology",,"No known compromise","N",,
"884be74f-917f-4d7b-9fcb-652c22ae9449","SCBI_006.basePlot.bet","D02","SCBI","SCBI_006","2015-06-23","2015-07-07","2016-12-12","NEON.BET.D02.002779","ANIOVU","Animalia","Arthropoda","Insecta","Coleoptera","Carabidae","Harpalinae","Harpalini","Anisodactylus","Gynandrotarsus","ovularis",,"Anisodactylus ovularis","Casey","species",,"M",,"Noonan, G. R. 1973. The Anisodactylines (Insecta: Coleoptera: Carabidae: Harpalini): classification, evolution and zoogeography. Quaestiones Entomologicae 9:266-480.","Robert L. Davidson","Carnegie Museum of Invertebrate Zoology",,"No known compromise","N",,
"391fc366-bfc0-4ba3-aa2e-a0212421196c","SCBI_006.basePlot.bet","D02","SCBI","SCBI_006","2015-06-23","2015-07-07","2016-12-12","NEON.BET.D02.002782","ANIOVU","Animalia","Arthropoda","Insecta","Coleoptera","Carabidae","Harpalinae","Harpalini","Anisodactylus","Gynandrotarsus","ovularis",,"Anisodactylus ovularis","Casey","species",,"M",,"Noonan, G. R. 1973. The Anisodactylines (Insecta: Coleoptera: Carabidae: Harpalini): classification, evolution and zoogeography. Quaestiones Entomologicae 9:266-480.","Robert L. Davidson","Carnegie Museum of Invertebrate Zoology",,"No known compromise","N",,
"50fea103-c471-4ac5-85b6-f631e32cec15","SCBI_012.basePlot.bet","D02","SCBI","SCBI_012","2015-06-23","2015-07-07","2016-12-12","NEON.BET.D02.002792","ANIRUS","Animalia","Arthropoda","Insecta","Coleoptera","Carabidae","Harpalinae","Harpalini","Anisodactylus","Gynandrotarsus","rusticus",,"Anisodactylus rusticus","Say","species",,"M",,"Noonan, G. R. 1973. The Anisodactylines (Insecta: Coleoptera: Carabidae: Harpalini): classification, evolution and zoogeography. Quaestiones Entomologicae 9:266-480.","Robert L. Davidson","Carnegie Museum of Invertebrate Zoology","genitalia examined","No known compromise","N",,
"aaef0eac-0215-498e-93c8-937ef7d0023d","SCBI_012.basePlot.bet","D02","SCBI","SCBI_012","2015-06-23","2015-07-07","2016-12-15","NEON.BET.D02.002825","HARRUB","Animalia","Arthropoda","Insecta","Coleoptera","Carabidae","Harpalinae","Harpalini","Harpalus","Harpalus","rubripes",,"Harpalus rubripes","Duftschmid","species",,"M",,"Bousquet, Y. 2010b. Illustrated Identification Guide to Adults and Larvae of Northeastern North American Ground Beetles (Coleoptera: Carabidae). 1st Ed. Pensoft Publishers, Sofia, Bulgaria.","Robert L. Davidson","Carnegie Museum of Invertebrate Zoology",,"No known compromise","N",,
"b7b2a123-625f-4934-89c7-61365f62b011","SCBI_012.basePlot.bet","D02","SCBI","SCBI_012","2015-06-23","2015-07-07","2016-12-15","NEON.BET.D02.002827","HARRUB","Animalia","Arthropoda","Insecta","Coleoptera","Carabidae","Harpalinae","Harpalini","Harpalus","Harpalus","rubripes",,"Harpalus rubripes","Duftschmid","species",,"F",,"Bousquet, Y. 2010b. Illustrated Identification Guide to Adults and Larvae of Northeastern North American Ground Beetles (Coleoptera: Carabidae). 1st Ed. Pensoft Publishers, Sofia, Bulgaria.","Robert L. Davidson","Carnegie Museum of Invertebrate Zoology",,"No known compromise","N",,
"1ed2eb0b-84be-40a7-aebf-64d92de61154","SCBI_012.basePlot.bet","D02","SCBI","SCBI_012","2015-06-23","2015-07-07","2016-12-15","NEON.BET.D02.002823","HARRUB","Animalia","Arthropoda","Insecta","Coleoptera","Carabidae","Harpalinae","Harpalini","Harpalus","Harpalus","rubripes",,"Harpalus rubripes","Duftschmid","species",,"F",,"Bousquet, Y. 2010b. Illustrated Identification Guide to Adults and Larvae of Northeastern North American Ground Beetles (Coleoptera: Carabidae). 1st Ed. Pensoft Publishers, Sofia, Bulgaria.","Robert L. Davidson","Carnegie Museum of Invertebrate Zoology",,"No known compromise","N",,
"a0171d09-463d-43a9-a499-58cebb752f88","SCBI_012.basePlot.bet","D02","SCBI","SCBI_012","2015-06-23","2015-07-07","2016-12-15","NEON.BET.D02.002821","HARRUB","Animalia","Arthropoda","Insecta","Coleoptera","Carabidae","Harpalinae","Harpalini","Harpalus","Harpalus","rubripes",,"Harpalus rubripes","Duftschmid","species",,"M",,"Bousquet, Y. 2010b. Illustrated Identification Guide to Adults and Larvae of Northeastern North American Ground Beetles (Coleoptera: Carabidae). 1st Ed. Pensoft Publishers, Sofia, Bulgaria.","Robert L. Davidson","Carnegie Museum of Invertebrate Zoology",,"No known compromise","N",,
"db24aeb1-58a0-489b-bb4b-85670ef52d39","SCBI_012.basePlot.bet","D02","SCBI","SCBI_012","2015-06-23","2015-07-07","2016-12-15","NEON.BET.D02.002824","HARRUB","Animalia","Arthropoda","Insecta","Coleoptera","Carabidae","Harpalinae","Harpalini","Harpalus","Harpalus","rubripes",,"Harpalus rubripes","Duftschmid","species",,"M",,"Bousquet, Y. 2010b. Illustrated Identification Guide to Adults and Larvae of Northeastern North American Ground Beetles (Coleoptera: Carabidae). 1st Ed. Pensoft Publishers, Sofia, Bulgaria.","Robert L. Davidson","Carnegie Museum of Invertebrate Zoology",,"No known compromise","N",,
"8ae50440-5b7e-4c9d-b13b-c509f03748c2","SCBI_012.basePlot.bet","D02","SCBI","SCBI_012","2015-06-23","2015-07-07","2016-12-15","NEON.BET.D02.002822","HARRUB","Animalia","Arthropoda","Insecta","Coleoptera","Carabidae","Harpalinae","Harpalini","Harpalus","Harpalus","rubripes",,"Harpalus rubripes","Duftschmid","species",,"F",,"Bousquet, Y. 2010b. Illustrated Identification Guide to Adults and Larvae of Northeastern North American Ground Beetles (Coleoptera: Carabidae). 1st Ed. Pensoft Publishers, Sofia, Bulgaria.","Robert L. Davidson","Carnegie Museum of Invertebrate Zoology",,"No known compromise","N",,
"3f99d3fc-14b8-4651-8e3e-05e278d8899b","SCBI_012.basePlot.bet","D02","SCBI","SCBI_012","2015-06-23","2015-07-07","2016-12-15","NEON.BET.D02.002826","HARRUB","Animalia","Arthropoda","Insecta","Coleoptera","Carabidae","Harpalinae","Harpalini","Harpalus","Harpalus","rubripes",,"Harpalus rubripes","Duftschmid","species",,"F",,"Bousquet, Y. 2010b. Illustrated Identification Guide to Adults and Larvae of Northeastern North American Ground Beetles (Coleoptera: Carabidae). 1st Ed. Pensoft Publishers, Sofia, Bulgaria.","Robert L. Davidson","Carnegie Museum of Invertebrate Zoology",,"No known compromise","N",,
"72f425be-badb-479e-a236-e55b36d9808b","SCBI_012.basePlot.bet","D02","SCBI","SCBI_012","2015-06-23","2015-07-07","2016-12-15","NEON.BET.D02.002820","HARRUB","Animalia","Arthropoda","Insecta","Coleoptera","Carabidae","Harpalinae","Harpalini","Harpalus","Harpalus","rubripes",,"Harpalus rubripes","Duftschmid","species",,"M",,"Bousquet, Y. 2010b. Illustrated Identification Guide to Adults and Larvae of Northeastern North American Ground Beetles (Coleoptera: Carabidae). 1st Ed. Pensoft Publishers, Sofia, Bulgaria.","Robert L. Davidson","Carnegie Museum of Invertebrate Zoology",,"No known compromise","N",,
"c836f4be-5a50-4144-8854-bb1e73d7df2e","SCBI_006.basePlot.bet","D02","SCBI","SCBI_006","2015-06-23","2015-07-07","2016-12-15","NEON.BET.D02.002819","HARRUB","Animalia","Arthropoda","Insecta","Coleoptera","Carabidae","Harpalinae","Harpalini","Harpalus","Harpalus","rubripes",,"Harpalus rubripes","Duftschmid","species",,"M",,"Bousquet, Y. 2010b. Illustrated Identification Guide to Adults and Larvae of Northeastern North American Ground Beetles (Coleoptera: Carabidae). 1st Ed. Pensoft Publishers, Sofia, Bulgaria.","Robert L. Davidson","Carnegie Museum of Invertebrate Zoology",,"No known compromise","N",,
"46a26323-27e5-4178-98b3-4f2c193055c7","SCBI_006.basePlot.bet","D02","SCBI","SCBI_006","2015-06-23","2015-07-07","2016-12-15","NEON.BET.D02.002817","HARRUB","Animalia","Arthropoda","Insecta","Coleoptera","Carabidae","Harpalinae","Harpalini","Harpalus","Harpalus","rubripes",,"Harpalus rubripes","Duftschmid","species",,"F",,"Bousquet, Y. 2010b. Illustrated Identification Guide to Adults and Larvae of Northeastern North American Ground Beetles (Coleoptera: Carabidae). 1st Ed. Pensoft Publishers, Sofia, Bulgaria.","Robert L. Davidson","Carnegie Museum of Invertebrate Zoology",,"No known compromise","N",,
"534da4d0-c022-49f7-a6e4-45af98557791","SCBI_006.basePlot.bet","D02","SCBI","SCBI_006","2015-06-23","2015-07-07","2016-12-15","NEON.BET.D02.002818","HARRUB","Animalia","Arthropoda","Insecta","Coleoptera","Carabidae","Harpalinae","Harpalini","Harpalus","Harpalus","rubripes",,"Harpalus rubripes","Duftschmid","species",,"F",,"Bousquet, Y. 2010b. Illustrated Identification Guide to Adults and Larvae of Northeastern North American Ground Beetles (Coleoptera: Carabidae). 1st Ed. Pensoft Publishers, Sofia, Bulgaria.","Robert L. Davidson","Carnegie Museum of Invertebrate Zoology",,"No known compromise","N",,
"b05536e8-8535-4304-aed3-aec3625e34c0","SCBI_012.basePlot.bet","D02","SCBI","SCBI_012","2015-06-23","2015-07-07","2016-12-16","NEON.BET.D02.002880","HARCOM","Animalia","Arthropoda","Insecta","Coleoptera","Carabidae","Harpalinae","Harpalini","Harpalus","Pseudoophonus","compar",,"Harpalus compar","LeConte","species",,"F",,"Ball, G. E., and J. N. Anderson. 1962. The taxonomy and speciation of Pseudophonus (a subgenus of Harpalus: Haralini: Carabidae, known to occur in North America). The Catholic University of America Press, Washington 17, D. C.","Robert L. Davidson","Carnegie Museum of Invertebrate Zoology",,"No known compromise","N",,
"fa223e98-189e-401e-8829-87ac941875c4","SCBI_012.basePlot.bet","D02","SCBI","SCBI_012","2015-06-23","2015-07-07","2016-12-16","NEON.BET.D02.002879","HARCOM","Animalia","Arthropoda","Insecta","Coleoptera","Carabidae","Harpalinae","Harpalini","Harpalus","Pseudoophonus","compar",,"Harpalus compar","LeConte","species",,"M",,"Ball, G. E., and J. N. Anderson. 1962. The taxonomy and speciation of Pseudophonus (a subgenus of Harpalus: Haralini: Carabidae, known to occur in North America). The Catholic University of America Press, Washington 17, D. C.","Robert L. Davidson","Carnegie Museum of Invertebrate Zoology",,"No known compromise","N",,
"0f8c87b8-17ae-4e30-98e2-26ce77396923","SCBI_012.basePlot.bet","D02","SCBI","SCBI_012","2015-06-23","2015-07-07","2016-11-17","NEON.BET.D02.002957","GALBIC","Animalia","Arthropoda","Insecta","Coleoptera","Carabidae","Harpalinae","Galeritini","Galerita","Progaleritina","bicolor",,"Galerita bicolor","Drury","species",,"F",,"Ball, G. E., and A. P. Nimmo. 1983. Synopsis of the species of subgenus Progaleritina Jeannel, including reconstructed phylogeny and geographical history (Coleoptera: Carabidae: Galerita Fabricus). Trans American Ent Soc  109:295-356.","Robert L. Davidson","Carnegie Museum of Invertebrate Zoology",,"No known compromise","N",,
"dc1d3331-04e0-48e2-9d87-ba2b9e97b4a6","SCBI_004.basePlot.bet","D02","SCBI","SCBI_004","2015-06-23","2015-07-07","2016-11-17","NEON.BET.D02.002956","GALBIC","Animalia","Arthropoda","Insecta","Coleoptera","Carabidae","Harpalinae","Galeritini","Galerita","Progaleritina","bicolor",,"Galerita bicolor","Drury","species",,"M",,"Ball, G. E., and A. P. Nimmo. 1983. Synopsis of the species of subgenus Progaleritina Jeannel, including reconstructed phylogeny and geographical history (Coleoptera: Carabidae: Galerita Fabricus). Trans American Ent Soc  109:295-356.","Robert L. Davidson","Carnegie Museum of Invertebrate Zoology",,"No known compromise","N",,
"86e05af0-dd8a-44c7-a2cd-b4b41cbe6474","SCBI_002.basePlot.bet","D02","SCBI","SCBI_002","2015-07-07","2015-07-21","2016-12-14","NEON.BET.D02.002909","TRIAUT","Animalia","Arthropoda","Insecta","Coleoptera","Carabidae","Harpalinae","Harpalini","Trichotichnus","Iridessus","autumnalis",,"Trichotichnus autumnalis","Say","species",,"M",,"Lindroth, C. H. 1969. The ground-beetles (Carabidae, excl. Cicindelinae) of Canada and Alaska, parts 1-6. Opuscula E. Entomoligiska Sallskapet.","Robert L. Davidson","Carnegie Museum of Invertebrate Zoology",,"No known compromise","N",,"immature"
"04a01de0-354a-4d98-9bda-088cd78d6177","SCBI_002.basePlot.bet","D02","SCBI","SCBI_002","2015-07-07","2015-07-21","2016-12-14","NEON.BET.D02.002911","TRIAUT","Animalia","Arthropoda","Insecta","Coleoptera","Carabidae","Harpalinae","Harpalini","Trichotichnus","Iridessus","autumnalis",,"Trichotichnus autumnalis","Say","species",,"M",,"Lindroth, C. H. 1969. The ground-beetles (Carabidae, excl. Cicindelinae) of Canada and Alaska, parts 1-6. Opuscula E. Entomoligiska Sallskapet.","Robert L. Davidson","Carnegie Museum of Invertebrate Zoology",,"No known compromise","N",,"immature"
"e0597ec0-974b-4f50-8482-47fd889049a1","SCBI_002.basePlot.bet","D02","SCBI","SCBI_002","2015-07-07","2015-07-21","2016-12-14","NEON.BET.D02.002905","TRIAUT","Animalia","Arthropoda","Insecta","Coleoptera","Carabidae","Harpalinae","Harpalini","Trichotichnus","Iridessus","autumnalis",,"Trichotichnus autumnalis","Say","species",,"M",,"Lindroth, C. H. 1969. The ground-beetles (Carabidae, excl. Cicindelinae) of Canada and Alaska, parts 1-6. Opuscula E. Entomoligiska Sallskapet.","Robert L. Davidson","Carnegie Museum of Invertebrate Zoology",,"No known compromise","N",,"immature"
"edee41d0-cd7a-4ffb-b746-1b6471cb26ef","SCBI_002.basePlot.bet","D02","SCBI","SCBI_002","2015-07-07","2015-07-21","2016-12-14","NEON.BET.D02.002906","TRIAUT","Animalia","Arthropoda","Insecta","Coleoptera","Carabidae","Harpalinae","Harpalini","Trichotichnus","Iridessus","autumnalis",,"Trichotichnus autumnalis","Say","species",,"F",,"Lindroth, C. H. 1969. The ground-beetles (Carabidae, excl. Cicindelinae) of Canada and Alaska, parts 1-6. Opuscula E. Entomoligiska Sallskapet.","Robert L. Davidson","Carnegie Museum of Invertebrate Zoology",,"No known compromise","N",,"immature"
"97d1e1b9-3f85-44e9-bdc8-b2381998960b","SCBI_002.basePlot.bet","D02","SCBI","SCBI_002","2015-07-07","2015-07-21","2016-12-14","NEON.BET.D02.002902","TRIAUT","Animalia","Arthropoda","Insecta","Coleoptera","Carabidae","Harpalinae","Harpalini","Trichotichnus","Iridessus","autumnalis",,"Trichotichnus autumnalis","Say","species",,"M",,"Lindroth, C. H. 1969. The ground-beetles (Carabidae, excl. Cicindelinae) of Canada and Alaska, parts 1-6. Opuscula E. Entomoligiska Sallskapet.","Robert L. Davidson","Carnegie Museum of Invertebrate Zoology",,"No known compromise","N",,
"583db945-aed0-4ccd-8874-7a074ae9d439","SCBI_002.basePlot.bet","D02","SCBI","SCBI_002","2015-07-07","2015-07-21","2016-12-14","NEON.BET.D02.002904","TRIAUT","Animalia","Arthropoda","Insecta","Coleoptera","Carabidae","Harpalinae","Harpalini","Trichotichnus","Iridessus","autumnalis",,"Trichotichnus autumnalis","Say","species",,"M",,"Lindroth, C. H. 1969. The ground-beetles (Carabidae, excl. Cicindelinae) of Canada and Alaska, parts 1-6. Opuscula E. Entomoligiska Sallskapet.","Robert L. Davidson","Carnegie Museum of Invertebrate Zoology",,"No known compromise","N",,"immature"
"5494f87e-aa8e-4593-bc52-5b7d0187b0b5","SCBI_002.basePlot.bet","D02","SCBI","SCBI_002","2015-07-07","2015-07-21","2016-12-14","NEON.BET.D02.002910","TRIAUT","Animalia","Arthropoda","Insecta","Coleoptera","Carabidae","Harpalinae","Harpalini","Trichotichnus","Iridessus","autumnalis",,"Trichotichnus autumnalis","Say","species",,"M",,"Lindroth, C. H. 1969. The ground-beetles (Carabidae, excl. Cicindelinae) of Canada and Alaska, parts 1-6. Opuscula E. Entomoligiska Sallskapet.","Robert L. Davidson","Carnegie Museum of Invertebrate Zoology",,"No known compromise","N",,"immature"
"b7094ed6-0b04-4310-a100-14c022ad839e","SCBI_002.basePlot.bet","D02","SCBI","SCBI_002","2015-07-07","2015-07-21","2016-12-14","NEON.BET.D02.002912","TRIAUT","Animalia","Arthropoda","Insecta","Coleoptera","Carabidae","Harpalinae","Harpalini","Trichotichnus","Iridessus","autumnalis",,"Trichotichnus autumnalis","Say","species",,"F",,"Lindroth, C. H. 1969. The ground-beetles (Carabidae, excl. Cicindelinae) of Canada and Alaska, parts 1-6. Opuscula E. Entomoligiska Sallskapet.","Robert L. Davidson","Carnegie Museum of Invertebrate Zoology",,"No known compromise","N",,"immature"
"375ebde8-0350-4f1e-b5d8-c6e3e772f636","SCBI_002.basePlot.bet","D02","SCBI","SCBI_002","2015-07-07","2015-07-21","2016-12-14","NEON.BET.D02.002907","TRIAUT","Animalia","Arthropoda","Insecta","Coleoptera","Carabidae","Harpalinae","Harpalini","Trichotichnus","Iridessus","autumnalis",,"Trichotichnus autumnalis","Say","species",,"F",,"Lindroth, C. H. 1969. The ground-beetles (Carabidae, excl. Cicindelinae) of Canada and Alaska, parts 1-6. Opuscula E. Entomoligiska Sallskapet.","Robert L. Davidson","Carnegie Museum of Invertebrate Zoology",,"No known compromise","N",,"immature"
"4082eb57-deac-40a6-bcd9-986ca0ba8eb2","SCBI_002.basePlot.bet","D02","SCBI","SCBI_002","2015-07-07","2015-07-21","2016-12-14","NEON.BET.D02.002916","TRIAUT","Animalia","Arthropoda","Insecta","Coleoptera","Carabidae","Harpalinae","Harpalini","Trichotichnus","Iridessus","autumnalis",,"Trichotichnus autumnalis","Say","species",,"F",,"Lindroth, C. H. 1969. The ground-beetles (Carabidae, excl. Cicindelinae) of Canada and Alaska, parts 1-6. Opuscula E. Entomoligiska Sallskapet.","Robert L. Davidson","Carnegie Museum of Invertebrate Zoology",,"No known compromise","N",,"immature"
"6f9224c7-5d2d-4b33-96db-49c28bcf519c","SCBI_002.basePlot.bet","D02","SCBI","SCBI_002","2015-07-07","2015-07-21","2016-12-14","NEON.BET.D02.002915","TRIAUT","Animalia","Arthropoda","Insecta","Coleoptera","Carabidae","Harpalinae","Harpalini","Trichotichnus","Iridessus","autumnalis",,"Trichotichnus autumnalis","Say","species",,"M",,"Lindroth, C. H. 1969. The ground-beetles (Carabidae, excl. Cicindelinae) of Canada and Alaska, parts 1-6. Opuscula E. Entomoligiska Sallskapet.","Robert L. Davidson","Carnegie Museum of Invertebrate Zoology",,"No known compromise","N",,"immature"
"44dc3244-cdfa-4953-8a07-f7f579a8eaf0","SCBI_002.basePlot.bet","D02","SCBI","SCBI_002","2015-07-07","2015-07-21","2016-11-17","NEON.BET.D02.002958","GALBIC","Animalia","Arthropoda","Insecta","Coleoptera","Carabidae","Harpalinae","Galeritini","Galerita","Progaleritina","bicolor",,"Galerita bicolor","Drury","species",,"F",,"Ball, G. E., and A. P. Nimmo. 1983. Synopsis of the species of subgenus Progaleritina Jeannel, including reconstructed phylogeny and geographical history (Coleoptera: Carabidae: Galerita Fabricus). Trans American Ent Soc  109:295-356.","Robert L. Davidson","Carnegie Museum of Invertebrate Zoology",,"No known compromise","N",,
"797f7f13-f5a1-4d37-94a1-23076ff22821","SCBI_002.basePlot.bet","D02","SCBI","SCBI_002","2015-07-07","2015-07-21","2016-12-14","NEON.BET.D02.002913","TRIAUT","Animalia","Arthropoda","Insecta","Coleoptera","Carabidae","Harpalinae","Harpalini","Trichotichnus","Iridessus","autumnalis",,"Trichotichnus autumnalis","Say","species",,"F",,"Lindroth, C. H. 1969. The ground-beetles (Carabidae, excl. Cicindelinae) of Canada and Alaska, parts 1-6. Opuscula E. Entomoligiska Sallskapet.","Robert L. Davidson","Carnegie Museum of Invertebrate Zoology",,"No known compromise","N",,"immature"
"34586012-fdbb-4f75-ba8e-c8aa1238e5f5","SCBI_008.basePlot.bet","D02","SCBI","SCBI_008","2015-07-07","2015-07-21","2016-12-14","NEON.BET.D02.002917","TRIAUT","Animalia","Arthropoda","Insecta","Coleoptera","Carabidae","Harpalinae","Harpalini","Trichotichnus","Iridessus","autumnalis",,"Trichotichnus autumnalis","Say","species",,"M",,"Lindroth, C. H. 1969. The ground-beetles (Carabidae, excl. Cicindelinae) of Canada and Alaska, parts 1-6. Opuscula E. Entomoligiska Sallskapet.","Robert L. Davidson","Carnegie Museum of Invertebrate Zoology",,"No known compromise","N",,"immature"
"edfb4baa-b78a-4107-a576-9faaed13f322","SCBI_002.basePlot.bet","D02","SCBI","SCBI_002","2015-07-07","2015-07-21","2016-12-14","NEON.BET.D02.002914","TRIAUT","Animalia","Arthropoda","Insecta","Coleoptera","Carabidae","Harpalinae","Harpalini","Trichotichnus","Iridessus","autumnalis",,"Trichotichnus autumnalis","Say","species",,"M",,"Lindroth, C. H. 1969. The ground-beetles (Carabidae, excl. Cicindelinae) of Canada and Alaska, parts 1-6. Opuscula E. Entomoligiska Sallskapet.","Robert L. Davidson","Carnegie Museum of Invertebrate Zoology",,"No known compromise","N",,"immature"
"bbcd8d38-96f3-4c0a-96b9-4cbc40549335","SCBI_008.basePlot.bet","D02","SCBI","SCBI_008","2015-07-07","2015-07-21","2016-12-14","NEON.BET.D02.002918","TRIAUT","Animalia","Arthropoda","Insecta","Coleoptera","Carabidae","Harpalinae","Harpalini","Trichotichnus","Iridessus","autumnalis",,"Trichotichnus autumnalis","Say","species",,"F",,"Lindroth, C. H. 1969. The ground-beetles (Carabidae, excl. Cicindelinae) of Canada and Alaska, parts 1-6. Opuscula E. Entomoligiska Sallskapet.","Robert L. Davidson","Carnegie Museum of Invertebrate Zoology",,"No known compromise","N",,"immature"
"24d45edf-a48a-480c-88ea-53974c5114f9","SCBI_008.basePlot.bet","D02","SCBI","SCBI_008","2015-07-07","2015-07-21","2016-12-14","NEON.BET.D02.002919","TRIAUT","Animalia","Arthropoda","Insecta","Coleoptera","Carabidae","Harpalinae","Harpalini","Trichotichnus","Iridessus","autumnalis",,"Trichotichnus autumnalis","Say","species",,"F",,"Lindroth, C. H. 1969. The ground-beetles (Carabidae, excl. Cicindelinae) of Canada and Alaska, parts 1-6. Opuscula E. Entomoligiska Sallskapet.","Robert L. Davidson","Carnegie Museum of Invertebrate Zoology",,"No known compromise","N",,"immature"
"2f736ef7-dff3-4815-9340-b179cdee00ae","SCBI_012.basePlot.bet","D02","SCBI","SCBI_012","2015-07-07","2015-07-21","2016-11-17","NEON.BET.D02.002959","GALBIC","Animalia","Arthropoda","Insecta","Coleoptera","Carabidae","Harpalinae","Galeritini","Galerita","Progaleritina","bicolor",,"Galerita bicolor","Drury","species",,"F",,"Ball, G. E., and A. P. Nimmo. 1983. Synopsis of the species of subgenus Progaleritina Jeannel, including reconstructed phylogeny and geographical history (Coleoptera: Carabidae: Galerita Fabricus). Trans American Ent Soc  109:295-356.","Robert L. Davidson","Carnegie Museum of Invertebrate Zoology",,"No known compromise","N",,
"5c21d673-9ec5-4945-a808-473e95bd154a","SCBI_012.basePlot.bet","D02","SCBI","SCBI_012","2015-07-07","2015-07-21","2016-12-17","NEON.BET.D02.002592","BRAFUM","Animalia","Arthropoda","Insecta","Coleoptera","Carabidae","Brachininae","Brachinini","Brachinus","Neobrachinus","fumans",,"Brachinus fumans","Fabricius","species",,"F",,"Erwin, T. L. 1970a. A Reclassification of Bombardier Beetles and a Taxonomic Revision of the North and Middle American Species (Carabidae: Brachinida). Quaestiones Entomologicae 6:4-215.","Robert L. Davidson","Carnegie Museum of Invertebrate Zoology",,"No known compromise","N",,
"ec96cbc6-3f34-49f4-952b-a1615337b240","SCBI_006.basePlot.bet","D02","SCBI","SCBI_006","2015-07-07","2015-07-21","2016-12-01","NEON.BET.D02.002658","CYCFUR","Animalia","Arthropoda","Insecta","Coleoptera","Carabidae","Harpalinae","Pterostichini","Cyclotrachelus","Evarthrus","furtivus",,"Cyclotrachelus furtivus","LeConte","species",,"F",,"Freitag, R. 1969. A revision of the species of the genus Evarthrus LeConte. Quaestiones Entomologicae 5:89-212.","Robert L. Davidson","Carnegie Museum of Invertebrate Zoology",,"No known compromise","N",,
"1c167146-740c-4ba3-ab59-49f81613feb9","SCBI_012.basePlot.bet","D02","SCBI","SCBI_012","2015-07-07","2015-07-21","2016-12-02","NEON.BET.D02.002639","CYCSIG","Animalia","Arthropoda","Insecta","Coleoptera","Carabidae","Harpalinae","Pterostichini","Cyclotrachelus","Evarthrus","sigillatus",,"Cyclotrachelus sigillatus","Say","species",,"M",,"Freitag, R. 1969. A revision of the species of the genus Evarthrus LeConte. Quaestiones Entomologicae 5:89-212.","Robert L. Davidson","Carnegie Museum of Invertebrate Zoology",,"No known compromise","N",,
"7b5a3e63-de17-42e8-b20f-7b36b2fb95f9","SCBI_012.basePlot.bet","D02","SCBI","SCBI_012","2015-07-07","2015-07-21","2016-12-02","NEON.BET.D02.002640","CYCSIG","Animalia","Arthropoda","Insecta","Coleoptera","Carabidae","Harpalinae","Pterostichini","Cyclotrachelus","Evarthrus","sigillatus",,"Cyclotrachelus sigillatus","Say","species",,"M",,"Freitag, R. 1969. A revision of the species of the genus Evarthrus LeConte. Quaestiones Entomologicae 5:89-212.","Robert L. Davidson","Carnegie Museum of Invertebrate Zoology",,"No known compromise","N",,
"cff38090-3906-4eeb-ab59-54899426bcb2","SCBI_004.basePlot.bet","D02","SCBI","SCBI_004","2015-07-07","2015-07-21","2016-12-01","NEON.BET.D02.002682","POELUC","Animalia","Arthropoda","Insecta","Coleoptera","Carabidae","Harpalinae","Pterostichini","Poecilus","Poecilus","lucublandus",,"Poecilus lucublandus","Say","species",,"F",,"Lindroth, C. H. 1969. The ground-beetles (Carabidae, excl. Cicindelinae) of Canada and Alaska, parts 1-6. Opuscula E. Entomoligiska Sallskapet.","Robert L. Davidson","Carnegie Museum of Invertebrate Zoology",,"No known compromise","N",,
"1872ab92-46a0-41df-a802-5723587631c0","SCBI_033.basePlot.bet","D02","SCBI","SCBI_033","2015-07-07","2015-07-21","2016-12-01","NEON.BET.D02.002689","POELUC","Animalia","Arthropoda","Insecta","Coleoptera","Carabidae","Harpalinae","Pterostichini","Poecilus","Poecilus","lucublandus",,"Poecilus lucublandus","Say","species",,"M",,"Lindroth, C. H. 1969. The ground-beetles (Carabidae, excl. Cicindelinae) of Canada and Alaska, parts 1-6. Opuscula E. Entomoligiska Sallskapet.","Robert L. Davidson","Carnegie Museum of Invertebrate Zoology",,"No known compromise","N",,
"4fb50646-e104-4765-a21b-83577b4b71c5","SCBI_033.basePlot.bet","D02","SCBI","SCBI_033","2015-07-07","2015-07-21","2016-12-01","NEON.BET.D02.002688","POELUC","Animalia","Arthropoda","Insecta","Coleoptera","Carabidae","Harpalinae","Pterostichini","Poecilus","Poecilus","lucublandus",,"Poecilus lucublandus","Say","species",,"F",,"Lindroth, C. H. 1969. The ground-beetles (Carabidae, excl. Cicindelinae) of Canada and Alaska, parts 1-6. Opuscula E. Entomoligiska Sallskapet.","Robert L. Davidson","Carnegie Museum of Invertebrate Zoology",,"No known compromise","N",,
"7ba094cd-deff-4a53-a676-1d7926a8f674","SCBI_033.basePlot.bet","D02","SCBI","SCBI_033","2015-07-07","2015-07-21","2016-12-01","NEON.BET.D02.002686","POELUC","Animalia","Arthropoda","Insecta","Coleoptera","Carabidae","Harpalinae","Pterostichini","Poecilus","Poecilus","lucublandus",,"Poecilus lucublandus","Say","species",,"M",,"Lindroth, C. H. 1969. The ground-beetles (Carabidae, excl. Cicindelinae) of Canada and Alaska, parts 1-6. Opuscula E. Entomoligiska Sallskapet.","Robert L. Davidson","Carnegie Museum of Invertebrate Zoology",,"No known compromise","N",,
"ddfad23d-c61f-4ba5-a82a-36a3dc60fc67","SCBI_033.basePlot.bet","D02","SCBI","SCBI_033","2015-07-07","2015-07-21","2016-12-01","NEON.BET.D02.002687","POELUC","Animalia","Arthropoda","Insecta","Coleoptera","Carabidae","Harpalinae","Pterostichini","Poecilus","Poecilus","lucublandus",,"Poecilus lucublandus","Say","species",,"F",,"Lindroth, C. H. 1969. The ground-beetles (Carabidae, excl. Cicindelinae) of Canada and Alaska, parts 1-6. Opuscula E. Entomoligiska Sallskapet.","Robert L. Davidson","Carnegie Museum of Invertebrate Zoology",,"No known compromise","N",,
"ee40e323-2704-4e63-b711-c7a58ebd4ba0","SCBI_010.basePlot.bet","D02","SCBI","SCBI_010","2015-07-07","2015-07-21","2016-11-16","NEON.BET.D02.002710","CHLAES","Animalia","Arthropoda","Insecta","Coleoptera","Carabidae","Harpalinae","Chlaeniini","Chlaenius","Chlaenius","aestivus",,"Chlaenius aestivus","Say","species",,"F",,"Bell, R. T. 1960. A Revision of the Genus Chlaenius Bonelli (Coleoptera, Carabidae) in North America. Miscellaneous Publications of the Entomological Society of America 1:98-166.","Robert L. Davidson","Carnegie Museum of Invertebrate Zoology",,"No known compromise","N",,
"1b549f98-9c06-4ba8-8c11-767a55eb756c","SCBI_012.basePlot.bet","D02","SCBI","SCBI_012","2015-07-07","2015-07-21","2016-12-01","NEON.BET.D02.002685","POELUC","Animalia","Arthropoda","Insecta","Coleoptera","Carabidae","Harpalinae","Pterostichini","Poecilus","Poecilus","lucublandus",,"Poecilus lucublandus","Say","species",,"M",,"Lindroth, C. H. 1969. The ground-beetles (Carabidae, excl. Cicindelinae) of Canada and Alaska, parts 1-6. Opuscula E. Entomoligiska Sallskapet.","Robert L. Davidson","Carnegie Museum of Invertebrate Zoology",,"No known compromise","N",,
"27040c0d-a3aa-42e4-ba84-5f6d8919a4d1","SCBI_012.basePlot.bet","D02","SCBI","SCBI_012","2015-07-07","2015-07-21","2016-12-01","NEON.BET.D02.002684","POELUC","Animalia","Arthropoda","Insecta","Coleoptera","Carabidae","Harpalinae","Pterostichini","Poecilus","Poecilus","lucublandus",,"Poecilus lucublandus","Say","species",,"F",,"Lindroth, C. H. 1969. The ground-beetles (Carabidae, excl. Cicindelinae) of Canada and Alaska, parts 1-6. Opuscula E. Entomoligiska Sallskapet.","Robert L. Davidson","Carnegie Museum of Invertebrate Zoology",,"No known compromise","N",,
"4eec503b-a221-4b61-9b46-29601254da81","SCBI_012.basePlot.bet","D02","SCBI","SCBI_012","2015-07-07","2015-07-21","2016-12-01","NEON.BET.D02.002683","POELUC","Animalia","Arthropoda","Insecta","Coleoptera","Carabidae","Harpalinae","Pterostichini","Poecilus","Poecilus","lucublandus",,"Poecilus lucublandus","Say","species",,"F",,"Lindroth, C. H. 1969. The ground-beetles (Carabidae, excl. Cicindelinae) of Canada and Alaska, parts 1-6. Opuscula E. Entomoligiska Sallskapet.","Robert L. Davidson","Carnegie Museum of Invertebrate Zoology",,"No known compromise","N",,
"13391a19-5ff0-43d1-9175-f19b92ac08dd","SCBI_008.basePlot.bet","D02","SCBI","SCBI_008","2015-07-07","2015-07-21","2016-11-16","NEON.BET.D02.002709","CHLAES","Animalia","Arthropoda","Insecta","Coleoptera","Carabidae","Harpalinae","Chlaeniini","Chlaenius","Chlaenius","aestivus",,"Chlaenius aestivus","Say","species",,"F",,"Bell, R. T. 1960. A Revision of the Genus Chlaenius Bonelli (Coleoptera, Carabidae) in North America. Miscellaneous Publications of the Entomological Society of America 1:98-166.","Robert L. Davidson","Carnegie Museum of Invertebrate Zoology",,"No known compromise","N",,
"954407ac-0d71-4c3a-9d07-f1dd90dfef76","SCBI_006.basePlot.bet","D02","SCBI","SCBI_006","2015-07-07","2015-07-21","2016-12-01","NEON.BET.D02.002679","POELUC","Animalia","Arthropoda","Insecta","Coleoptera","Carabidae","Harpalinae","Pterostichini","Poecilus","Poecilus","lucublandus",,"Poecilus lucublandus","Say","species",,"F",,"Lindroth, C. H. 1969. The ground-beetles (Carabidae, excl. Cicindelinae) of Canada and Alaska, parts 1-6. Opuscula E. Entomoligiska Sallskapet.","Robert L. Davidson","Carnegie Museum of Invertebrate Zoology",,"No known compromise","N",,
"c5344451-ae53-4617-8036-befefcd24055","SCBI_006.basePlot.bet","D02","SCBI","SCBI_006","2015-07-07","2015-07-21","2016-12-01","NEON.BET.D02.002678","POELUC","Animalia","Arthropoda","Insecta","Coleoptera","Carabidae","Harpalinae","Pterostichini","Poecilus","Poecilus","lucublandus",,"Poecilus lucublandus","Say","species",,"M",,"Lindroth, C. H. 1969. The ground-beetles (Carabidae, excl. Cicindelinae) of Canada and Alaska, parts 1-6. Opuscula E. Entomoligiska Sallskapet.","Robert L. Davidson","Carnegie Museum of Invertebrate Zoology",,"No known compromise","N",,
"ec6e776c-e151-4fc6-bfb8-5ec58a8b8b6d","SCBI_006.basePlot.bet","D02","SCBI","SCBI_006","2015-07-07","2015-07-21","2016-12-01","NEON.BET.D02.002677","POELUC","Animalia","Arthropoda","Insecta","Coleoptera","Carabidae","Harpalinae","Pterostichini","Poecilus","Poecilus","lucublandus",,"Poecilus lucublandus","Say","species",,"F",,"Lindroth, C. H. 1969. The ground-beetles (Carabidae, excl. Cicindelinae) of Canada and Alaska, parts 1-6. Opuscula E. Entomoligiska Sallskapet.","Robert L. Davidson","Carnegie Museum of Invertebrate Zoology",,"No known compromise","N",,
"a4fa1538-192d-4707-bfe3-0a2b5eb3785a","SCBI_002.basePlot.bet","D02","SCBI","SCBI_002","2015-07-07","2015-07-21","2016-12-01","NEON.BET.D02.002680","POELUC","Animalia","Arthropoda","Insecta","Coleoptera","Carabidae","Harpalinae","Pterostichini","Poecilus","Poecilus","lucublandus",,"Poecilus lucublandus","Say","species",,"F",,"Lindroth, C. H. 1969. The ground-beetles (Carabidae, excl. Cicindelinae) of Canada and Alaska, parts 1-6. Opuscula E. Entomoligiska Sallskapet.","Robert L. Davidson","Carnegie Museum of Invertebrate Zoology",,"No known compromise","N",,
"0ccd318c-324d-41e8-80a2-7dc39db37ee3","SCBI_002.basePlot.bet","D02","SCBI","SCBI_002","2015-07-07","2015-07-21","2016-12-01","NEON.BET.D02.002681","POELUC","Animalia","Arthropoda","Insecta","Coleoptera","Carabidae","Harpalinae","Pterostichini","Poecilus","Poecilus","lucublandus",,"Poecilus lucublandus","Say","species",,"M",,"Lindroth, C. H. 1969. The ground-beetles (Carabidae, excl. Cicindelinae) of Canada and Alaska, parts 1-6. Opuscula E. Entomoligiska Sallskapet.","Robert L. Davidson","Carnegie Museum of Invertebrate Zoology",,"No known compromise","N",,
"a8cced70-03b6-4d43-8158-9cee629001f3","SCBI_007.basePlot.bet","D02","SCBI","SCBI_007","2015-07-07","2015-07-21","2016-11-16","NEON.BET.D02.002734","CHLEMA","Animalia","Arthropoda","Insecta","Coleoptera","Carabidae","Harpalinae","Chlaeniini","Chlaenius","Anomoglossus","emarginatus",,"Chlaenius emarginatus","Say","species",,"M",,"Bell, R. T. 1960. A Revision of the Genus Chlaenius Bonelli (Coleoptera, Carabidae) in North America. Miscellaneous Publications of the Entomological Society of America 1:98-166.","Robert L. Davidson","Carnegie Museum of Invertebrate Zoology",,"No known compromise","N",,
"f7eb96fa-cfe6-416d-bbeb-fe2b2fd3890e","SCBI_033.basePlot.bet","D02","SCBI","SCBI_033","2015-07-07","2015-07-21","2016-11-16","NEON.BET.D02.002744","CHLAMO","Animalia","Arthropoda","Insecta","Coleoptera","Carabidae","Harpalinae","Chlaeniini","Chlaenius","Anomoglossus","amoenus",,"Chlaenius amoenus","Dejean","species",,"F",,"Bell, R. T. 1960. A Revision of the Genus Chlaenius Bonelli (Coleoptera, Carabidae) in North America. Miscellaneous Publications of the Entomological Society of America 1:98-166.","Robert L. Davidson","Carnegie Museum of Invertebrate Zoology",,"No known compromise","N",,
"b11d7772-4339-47d5-af94-310147d74cef","SCBI_007.basePlot.bet","D02","SCBI","SCBI_007","2015-07-07","2015-07-21","2016-11-16","NEON.BET.D02.002735","CHLEMA","Animalia","Arthropoda","Insecta","Coleoptera","Carabidae","Harpalinae","Chlaeniini","Chlaenius","Anomoglossus","emarginatus",,"Chlaenius emarginatus","Say","species",,"F",,"Bell, R. T. 1960. A Revision of the Genus Chlaenius Bonelli (Coleoptera, Carabidae) in North America. Miscellaneous Publications of the Entomological Society of America 1:98-166.","Robert L. Davidson","Carnegie Museum of Invertebrate Zoology",,"No known compromise","N",,
"d70a16ef-ecd9-47fc-a421-18c8d44dd8ca","SCBI_005.basePlot.bet","D02","SCBI","SCBI_005","2015-07-07","2015-07-21","2016-12-13","NEON.BET.D02.002810","STEPLE","Animalia","Arthropoda","Insecta","Coleoptera","Carabidae","Harpalinae","Harpalini","Stenolophus","Stenolophus","plebejus",,"Stenolophus plebejus","Dejean","species",,"F",,"Bousquet, Y. 2010b. Illustrated Identification Guide to Adults and Larvae of Northeastern North American Ground Beetles (Coleoptera: Carabidae). 1st Ed. Pensoft Publishers, Sofia, Bulgaria.","Robert L. Davidson","Carnegie Museum of Invertebrate Zoology",,"No known compromise","N",,
"ff0f4235-f138-43fa-bfd3-31fced57f3c8","SCBI_005.basePlot.bet","D02","SCBI","SCBI_005","2015-07-07","2015-07-21","2016-12-12","NEON.BET.D02.002768","ANINIG1","Animalia","Arthropoda","Insecta","Coleoptera","Carabidae","Harpalinae","Harpalini","Anisodactylus","Anisodactylus","nigerrimus",,"Anisodactylus nigerrimus","Dejean","species",,"F",,"Noonan, G. R. 1996. Classification, cladistics and natural history of species of the subgenus Anisodactylus Dejean (Insecta: Coleoptera: Carabidae: Harpalini: Anysoldactylus).","Robert L. Davidson","Carnegie Museum of Invertebrate Zoology",,"No known compromise","N",,
"1695eeae-f8e7-4907-adbf-5badb040d3d4","SCBI_033.basePlot.bet","D02","SCBI","SCBI_033","2015-07-07","2015-07-21","2016-12-12","NEON.BET.D02.002794","ANIRUS","Animalia","Arthropoda","Insecta","Coleoptera","Carabidae","Harpalinae","Harpalini","Anisodactylus","Gynandrotarsus","rusticus",,"Anisodactylus rusticus","Say","species",,"F",,"Noonan, G. R. 1973. The Anisodactylines (Insecta: Coleoptera: Carabidae: Harpalini): classification, evolution and zoogeography. Quaestiones Entomologicae 9:266-480.","Robert L. Davidson","Carnegie Museum of Invertebrate Zoology",,"No known compromise","N",,
"65f30118-debb-4948-8d14-e0aedd8eb0f9","SCBI_033.basePlot.bet","D02","SCBI","SCBI_033","2015-07-07","2015-07-21","2016-12-12","NEON.BET.D02.002795","ANIRUS","Animalia","Arthropoda","Insecta","Coleoptera","Carabidae","Harpalinae","Harpalini","Anisodactylus","Gynandrotarsus","rusticus",,"Anisodactylus rusticus","Say","species",,"M",,"Noonan, G. R. 1973. The Anisodactylines (Insecta: Coleoptera: Carabidae: Harpalini): classification, evolution and zoogeography. Quaestiones Entomologicae 9:266-480.","Robert L. Davidson","Carnegie Museum of Invertebrate Zoology","genitalia examined","No known compromise","N",,
"338a57d3-37c1-44b7-b9b7-6d0240be2548","SCBI_012.basePlot.bet","D02","SCBI","SCBI_012","2015-07-07","2015-07-21","2016-12-12","NEON.BET.D02.002793","ANIRUS","Animalia","Arthropoda","Insecta","Coleoptera","Carabidae","Harpalinae","Harpalini","Anisodactylus","Gynandrotarsus","rusticus",,"Anisodactylus rusticus","Say","species",,"M",,"Noonan, G. R. 1973. The Anisodactylines (Insecta: Coleoptera: Carabidae: Harpalini): classification, evolution and zoogeography. Quaestiones Entomologicae 9:266-480.","Robert L. Davidson","Carnegie Museum of Invertebrate Zoology","genitalia examined","No known compromise","N",,
"c9de5825-b65d-47e2-9152-edaa66e4a3df","SCBI_006.basePlot.bet","D02","SCBI","SCBI_006","2015-07-07","2015-07-21","2016-12-12","NEON.BET.D02.002788","ANIOVU","Animalia","Arthropoda","Insecta","Coleoptera","Carabidae","Harpalinae","Harpalini","Anisodactylus","Gynandrotarsus","ovularis",,"Anisodactylus ovularis","Casey","species",,"M",,"Noonan, G. R. 1973. The Anisodactylines (Insecta: Coleoptera: Carabidae: Harpalini): classification, evolution and zoogeography. Quaestiones Entomologicae 9:266-480.","Robert L. Davidson","Carnegie Museum of Invertebrate Zoology",,"No known compromise","N",,
"cf32926f-df7c-4f2d-8415-b2db638e8368","SCBI_006.basePlot.bet","D02","SCBI","SCBI_006","2015-07-07","2015-07-21","2016-12-12","NEON.BET.D02.002787","ANIOVU","Animalia","Arthropoda","Insecta","Coleoptera","Carabidae","Harpalinae","Harpalini","Anisodactylus","Gynandrotarsus","ovularis",,"Anisodactylus ovularis","Casey","species",,"F",,"Noonan, G. R. 1973. The Anisodactylines (Insecta: Coleoptera: Carabidae: Harpalini): classification, evolution and zoogeography. Quaestiones Entomologicae 9:266-480.","Robert L. Davidson","Carnegie Museum of Invertebrate Zoology",,"No known compromise","N",,
"3ad20c05-2468-45bd-bec7-d4271f94ae75","SCBI_002.basePlot.bet","D02","SCBI","SCBI_002","2015-07-07","2015-07-21","2016-12-14","NEON.BET.D02.002799","AMPINT","Animalia","Arthropoda","Insecta","Coleoptera","Carabidae","Harpalinae","Harpalini","Amphasia","Amphasia","interstitialis",,"Amphasia interstitialis","Say","species",,"F",,"Lindroth, C. H. 1969. The ground-beetles (Carabidae, excl. Cicindelinae) of Canada and Alaska, parts 1-6. Opuscula E. Entomoligiska Sallskapet.","Robert L. Davidson","Carnegie Museum of Invertebrate Zoology",,"No known compromise","N",,
"05c3e47b-ccbe-47a6-8e12-bc84eaa56f1c","SCBI_006.basePlot.bet","D02","SCBI","SCBI_006","2015-07-07","2015-07-21","2016-12-12","NEON.BET.D02.002786","ANIOVU","Animalia","Arthropoda","Insecta","Coleoptera","Carabidae","Harpalinae","Harpalini","Anisodactylus","Gynandrotarsus","ovularis",,"Anisodactylus ovularis","Casey","species",,"M",,"Noonan, G. R. 1973. The Anisodactylines (Insecta: Coleoptera: Carabidae: Harpalini): classification, evolution and zoogeography. Quaestiones Entomologicae 9:266-480.","Robert L. Davidson","Carnegie Museum of Invertebrate Zoology",,"No known compromise","N",,
"0767c164-77ac-49ac-93f9-dfba13987034","SCBI_002.basePlot.bet","D02","SCBI","SCBI_002","2015-07-07","2015-07-21","2016-12-13","NEON.BET.D02.002808","AGOTHO1","Animalia","Arthropoda","Insecta","Coleoptera","Carabidae","Harpalinae","Harpalini","Agonoleptus",,"thoracicus",,"Agonoleptus thoracicus","Casey","species",,"F",,"Bousquet, Y., and P. W. Messer. 2010. Redescription of Stenolophus thoracicus Casey (Coleoptera, Carabidae, Harpalini), a valid species. ZooKeys 53:25-31.","Robert L. Davidson","Carnegie Museum of Invertebrate Zoology",,"No known compromise","N",,
"74c56c3b-6b0b-4e5f-9e5b-21659230550d","SCBI_006.basePlot.bet","D02","SCBI","SCBI_006","2015-07-07","2015-07-21","2016-12-15","NEON.BET.D02.002830","HARRUB","Animalia","Arthropoda","Insecta","Coleoptera","Carabidae","Harpalinae","Harpalini","Harpalus","Harpalus","rubripes",,"Harpalus rubripes","Duftschmid","species",,"M",,"Bousquet, Y. 2010b. Illustrated Identification Guide to Adults and Larvae of Northeastern North American Ground Beetles (Coleoptera: Carabidae). 1st Ed. Pensoft Publishers, Sofia, Bulgaria.","Robert L. Davidson","Carnegie Museum of Invertebrate Zoology",,"No known compromise","N",,
"d9f44d04-5b81-40b5-9a56-5f24ffaca290","SCBI_006.basePlot.bet","D02","SCBI","SCBI_006","2015-07-07","2015-07-21","2016-12-15","NEON.BET.D02.002829","HARRUB","Animalia","Arthropoda","Insecta","Coleoptera","Carabidae","Harpalinae","Harpalini","Harpalus","Harpalus","rubripes",,"Harpalus rubripes","Duftschmid","species",,"M",,"Bousquet, Y. 2010b. Illustrated Identification Guide to Adults and Larvae of Northeastern North American Ground Beetles (Coleoptera: Carabidae). 1st Ed. Pensoft Publishers, Sofia, Bulgaria.","Robert L. Davidson","Carnegie Museum of Invertebrate Zoology",,"No known compromise","N",,
"12a595c6-9c6f-427d-9066-554d2d6a5081","SCBI_006.basePlot.bet","D02","SCBI","SCBI_006","2015-07-07","2015-07-21","2016-12-15","NEON.BET.D02.002828","HARRUB","Animalia","Arthropoda","Insecta","Coleoptera","Carabidae","Harpalinae","Harpalini","Harpalus","Harpalus","rubripes",,"Harpalus rubripes","Duftschmid","species",,"M",,"Bousquet, Y. 2010b. Illustrated Identification Guide to Adults and Larvae of Northeastern North American Ground Beetles (Coleoptera: Carabidae). 1st Ed. Pensoft Publishers, Sofia, Bulgaria.","Robert L. Davidson","Carnegie Museum of Invertebrate Zoology",,"No known compromise","N",,
"d6a434b0-da6d-4dc0-bd13-d9ff920cb8f2","SCBI_006.basePlot.bet","D02","SCBI","SCBI_006","2015-07-07","2015-07-21","2016-12-15","NEON.BET.D02.002831","HARRUB","Animalia","Arthropoda","Insecta","Coleoptera","Carabidae","Harpalinae","Harpalini","Harpalus","Harpalus","rubripes",,"Harpalus rubripes","Duftschmid","species",,"F",,"Bousquet, Y. 2010b. Illustrated Identification Guide to Adults and Larvae of Northeastern North American Ground Beetles (Coleoptera: Carabidae). 1st Ed. Pensoft Publishers, Sofia, Bulgaria.","Robert L. Davidson","Carnegie Museum of Invertebrate Zoology",,"No known compromise","N",,
"652192e3-4d4a-4f80-9610-8918532956e5","SCBI_006.basePlot.bet","D02","SCBI","SCBI_006","2015-07-07","2015-07-21","2016-12-15","NEON.BET.D02.002832","HARRUB","Animalia","Arthropoda","Insecta","Coleoptera","Carabidae","Harpalinae","Harpalini","Harpalus","Harpalus","rubripes",,"Harpalus rubripes","Duftschmid","species",,"F",,"Bousquet, Y. 2010b. Illustrated Identification Guide to Adults and Larvae of Northeastern North American Ground Beetles (Coleoptera: Carabidae). 1st Ed. Pensoft Publishers, Sofia, Bulgaria.","Robert L. Davidson","Carnegie Museum of Invertebrate Zoology",,"No known compromise","N",,
"bc95d647-0547-4af8-8c7d-0bc75f7af402","SCBI_006.basePlot.bet","D02","SCBI","SCBI_006","2015-07-07","2015-07-21","2016-12-15","NEON.BET.D02.002833","HARRUB","Animalia","Arthropoda","Insecta","Coleoptera","Carabidae","Harpalinae","Harpalini","Harpalus","Harpalus","rubripes",,"Harpalus rubripes","Duftschmid","species",,"F",,"Bousquet, Y. 2010b. Illustrated Identification Guide to Adults and Larvae of Northeastern North American Ground Beetles (Coleoptera: Carabidae). 1st Ed. Pensoft Publishers, Sofia, Bulgaria.","Robert L. Davidson","Carnegie Museum of Invertebrate Zoology",,"No known compromise","N",,
"63528ac8-6a4f-4fdd-bebe-6bf812766c4d","SCBI_012.basePlot.bet","D02","SCBI","SCBI_012","2015-07-07","2015-07-21","2016-12-15","NEON.BET.D02.002847","HARRUB","Animalia","Arthropoda","Insecta","Coleoptera","Carabidae","Harpalinae","Harpalini","Harpalus","Harpalus","rubripes",,"Harpalus rubripes","Duftschmid","species",,"F",,"Bousquet, Y. 2010b. Illustrated Identification Guide to Adults and Larvae of Northeastern North American Ground Beetles (Coleoptera: Carabidae). 1st Ed. Pensoft Publishers, Sofia, Bulgaria.","Robert L. Davidson","Carnegie Museum of Invertebrate Zoology",,"No known compromise","N",,
"128ab6ae-bbf9-4216-aaf2-7f5eb55e00de","SCBI_012.basePlot.bet","D02","SCBI","SCBI_012","2015-07-07","2015-07-21","2016-12-15","NEON.BET.D02.002840","HARRUB","Animalia","Arthropoda","Insecta","Coleoptera","Carabidae","Harpalinae","Harpalini","Harpalus","Harpalus","rubripes",,"Harpalus rubripes","Duftschmid","species",,"M",,"Bousquet, Y. 2010b. Illustrated Identification Guide to Adults and Larvae of Northeastern North American Ground Beetles (Coleoptera: Carabidae). 1st Ed. Pensoft Publishers, Sofia, Bulgaria.","Robert L. Davidson","Carnegie Museum of Invertebrate Zoology",,"No known compromise","N",,
"1745173d-459e-4526-b417-63f47040b2b7","SCBI_012.basePlot.bet","D02","SCBI","SCBI_012","2015-07-07","2015-07-21","2016-12-15","NEON.BET.D02.002835","HARRUB","Animalia","Arthropoda","Insecta","Coleoptera","Carabidae","Harpalinae","Harpalini","Harpalus","Harpalus","rubripes",,"Harpalus rubripes","Duftschmid","species",,"F",,"Bousquet, Y. 2010b. Illustrated Identification Guide to Adults and Larvae of Northeastern North American Ground Beetles (Coleoptera: Carabidae). 1st Ed. Pensoft Publishers, Sofia, Bulgaria.","Robert L. Davidson","Carnegie Museum of Invertebrate Zoology",,"No known compromise","N",,
"02e62628-7417-4703-9228-ff3585585e0b","SCBI_012.basePlot.bet","D02","SCBI","SCBI_012","2015-07-07","2015-07-21","2016-12-15","NEON.BET.D02.002834","HARRUB","Animalia","Arthropoda","Insecta","Coleoptera","Carabidae","Harpalinae","Harpalini","Harpalus","Harpalus","rubripes",,"Harpalus rubripes","Duftschmid","species",,"M",,"Bousquet, Y. 2010b. Illustrated Identification Guide to Adults and Larvae of Northeastern North American Ground Beetles (Coleoptera: Carabidae). 1st Ed. Pensoft Publishers, Sofia, Bulgaria.","Robert L. Davidson","Carnegie Museum of Invertebrate Zoology",,"No known compromise","N",,
"e8aab712-1d72-4125-bdbf-c9f0a39dc29d","SCBI_012.basePlot.bet","D02","SCBI","SCBI_012","2015-07-07","2015-07-21","2016-12-15","NEON.BET.D02.002843","HARRUB","Animalia","Arthropoda","Insecta","Coleoptera","Carabidae","Harpalinae","Harpalini","Harpalus","Harpalus","rubripes",,"Harpalus rubripes","Duftschmid","species",,"F",,"Bousquet, Y. 2010b. Illustrated Identification Guide to Adults and Larvae of Northeastern North American Ground Beetles (Coleoptera: Carabidae). 1st Ed. Pensoft Publishers, Sofia, Bulgaria.","Robert L. Davidson","Carnegie Museum of Invertebrate Zoology",,"No known compromise","N",,
"609f6aad-6d73-4d54-86ba-6d5d8e66d0f9","SCBI_012.basePlot.bet","D02","SCBI","SCBI_012","2015-07-07","2015-07-21","2016-12-15","NEON.BET.D02.002845","HARRUB","Animalia","Arthropoda","Insecta","Coleoptera","Carabidae","Harpalinae","Harpalini","Harpalus","Harpalus","rubripes",,"Harpalus rubripes","Duftschmid","species",,"F",,"Bousquet, Y. 2010b. Illustrated Identification Guide to Adults and Larvae of Northeastern North American Ground Beetles (Coleoptera: Carabidae). 1st Ed. Pensoft Publishers, Sofia, Bulgaria.","Robert L. Davidson","Carnegie Museum of Invertebrate Zoology",,"No known compromise","N",,
"7b554ad9-9f73-41d0-8628-74b8d5d83fb2","SCBI_012.basePlot.bet","D02","SCBI","SCBI_012","2015-07-07","2015-07-21","2016-12-15","NEON.BET.D02.002839","HARRUB","Animalia","Arthropoda","Insecta","Coleoptera","Carabidae","Harpalinae","Harpalini","Harpalus","Harpalus","rubripes",,"Harpalus rubripes","Duftschmid","species",,"M",,"Bousquet, Y. 2010b. Illustrated Identification Guide to Adults and Larvae of Northeastern North American Ground Beetles (Coleoptera: Carabidae). 1st Ed. Pensoft Publishers, Sofia, Bulgaria.","Robert L. Davidson","Carnegie Museum of Invertebrate Zoology",,"No known compromise","N",,
"b6d81d4e-dc00-4781-b7cf-a3a862d7686d","SCBI_012.basePlot.bet","D02","SCBI","SCBI_012","2015-07-07","2015-07-21","2016-12-15","NEON.BET.D02.002836","HARRUB","Animalia","Arthropoda","Insecta","Coleoptera","Carabidae","Harpalinae","Harpalini","Harpalus","Harpalus","rubripes",,"Harpalus rubripes","Duftschmid","species",,"M",,"Bousquet, Y. 2010b. Illustrated Identification Guide to Adults and Larvae of Northeastern North American Ground Beetles (Coleoptera: Carabidae). 1st Ed. Pensoft Publishers, Sofia, Bulgaria.","Robert L. Davidson","Carnegie Museum of Invertebrate Zoology",,"No known compromise","N",,
"dd167062-158f-4120-9409-b91eff00039d","SCBI_012.basePlot.bet","D02","SCBI","SCBI_012","2015-07-07","2015-07-21","2016-12-15","NEON.BET.D02.002844","HARRUB","Animalia","Arthropoda","Insecta","Coleoptera","Carabidae","Harpalinae","Harpalini","Harpalus","Harpalus","rubripes",,"Harpalus rubripes","Duftschmid","species",,"F",,"Bousquet, Y. 2010b. Illustrated Identification Guide to Adults and Larvae of Northeastern North American Ground Beetles (Coleoptera: Carabidae). 1st Ed. Pensoft Publishers, Sofia, Bulgaria.","Robert L. Davidson","Carnegie Museum of Invertebrate Zoology",,"No known compromise","N",,
"2aaf5477-f791-42ee-b916-46ce50f62874","SCBI_012.basePlot.bet","D02","SCBI","SCBI_012","2015-07-07","2015-07-21","2016-12-15","NEON.BET.D02.002842","HARRUB","Animalia","Arthropoda","Insecta","Coleoptera","Carabidae","Harpalinae","Harpalini","Harpalus","Harpalus","rubripes",,"Harpalus rubripes","Duftschmid","species",,"F",,"Bousquet, Y. 2010b. Illustrated Identification Guide to Adults and Larvae of Northeastern North American Ground Beetles (Coleoptera: Carabidae). 1st Ed. Pensoft Publishers, Sofia, Bulgaria.","Robert L. Davidson","Carnegie Museum of Invertebrate Zoology",,"No known compromise","N",,
"59f18b3f-fdff-4435-b12d-362a0372260d","SCBI_012.basePlot.bet","D02","SCBI","SCBI_012","2015-07-07","2015-07-21","2016-12-15","NEON.BET.D02.002837","HARRUB","Animalia","Arthropoda","Insecta","Coleoptera","Carabidae","Harpalinae","Harpalini","Harpalus","Harpalus","rubripes",,"Harpalus rubripes","Duftschmid","species",,"M",,"Bousquet, Y. 2010b. Illustrated Identification Guide to Adults and Larvae of Northeastern North American Ground Beetles (Coleoptera: Carabidae). 1st Ed. Pensoft Publishers, Sofia, Bulgaria.","Robert L. Davidson","Carnegie Museum of Invertebrate Zoology",,"No known compromise","N",,
"eaebfdc3-6139-4772-929a-fadf12d2a55a","SCBI_012.basePlot.bet","D02","SCBI","SCBI_012","2015-07-07","2015-07-21","2016-12-15","NEON.BET.D02.002841","HARRUB","Animalia","Arthropoda","Insecta","Coleoptera","Carabidae","Harpalinae","Harpalini","Harpalus","Harpalus","rubripes",,"Harpalus rubripes","Duftschmid","species",,"M",,"Bousquet, Y. 2010b. Illustrated Identification Guide to Adults and Larvae of Northeastern North American Ground Beetles (Coleoptera: Carabidae). 1st Ed. Pensoft Publishers, Sofia, Bulgaria.","Robert L. Davidson","Carnegie Museum of Invertebrate Zoology",,"No known compromise","N",,
"58f937ef-90cf-45b2-81e8-baff65837206","SCBI_012.basePlot.bet","D02","SCBI","SCBI_012","2015-07-07","2015-07-21","2016-12-15","NEON.BET.D02.002838","HARRUB","Animalia","Arthropoda","Insecta","Coleoptera","Carabidae","Harpalinae","Harpalini","Harpalus","Harpalus","rubripes",,"Harpalus rubripes","Duftschmid","species",,"F",,"Bousquet, Y. 2010b. Illustrated Identification Guide to Adults and Larvae of Northeastern North American Ground Beetles (Coleoptera: Carabidae). 1st Ed. Pensoft Publishers, Sofia, Bulgaria.","Robert L. Davidson","Carnegie Museum of Invertebrate Zoology",,"No known compromise","N",,
"86dd55d4-cdd3-4a56-9b38-0dcaa911f28b","SCBI_012.basePlot.bet","D02","SCBI","SCBI_012","2015-07-07","2015-07-21","2016-12-15","NEON.BET.D02.002846","HARRUB","Animalia","Arthropoda","Insecta","Coleoptera","Carabidae","Harpalinae","Harpalini","Harpalus","Harpalus","rubripes",,"Harpalus rubripes","Duftschmid","species",,"F",,"Bousquet, Y. 2010b. Illustrated Identification Guide to Adults and Larvae of Northeastern North American Ground Beetles (Coleoptera: Carabidae). 1st Ed. Pensoft Publishers, Sofia, Bulgaria.","Robert L. Davidson","Carnegie Museum of Invertebrate Zoology",,"No known compromise","N",,
"1382ce4b-0a02-476e-9501-ac1e76bd99e3","SCBI_033.basePlot.bet","D02","SCBI","SCBI_033","2015-07-07","2015-07-21","2016-12-15","NEON.BET.D02.002848","HARRUB","Animalia","Arthropoda","Insecta","Coleoptera","Carabidae","Harpalinae","Harpalini","Harpalus","Harpalus","rubripes",,"Harpalus rubripes","Duftschmid","species",,"F",,"Bousquet, Y. 2010b. Illustrated Identification Guide to Adults and Larvae of Northeastern North American Ground Beetles (Coleoptera: Carabidae). 1st Ed. Pensoft Publishers, Sofia, Bulgaria.","Robert L. Davidson","Carnegie Museum of Invertebrate Zoology",,"No known compromise","N",,
"ef08a7ba-70c5-44ab-a0c0-1c4f585e3783","SCBI_002.basePlot.bet","D02","SCBI","SCBI_002","2015-07-07","2015-07-21","2016-12-14","NEON.BET.D02.002903","TRIAUT","Animalia","Arthropoda","Insecta","Coleoptera","Carabidae","Harpalinae","Harpalini","Trichotichnus","Iridessus","autumnalis",,"Trichotichnus autumnalis","Say","species",,"M",,"Lindroth, C. H. 1969. The ground-beetles (Carabidae, excl. Cicindelinae) of Canada and Alaska, parts 1-6. Opuscula E. Entomoligiska Sallskapet.","Robert L. Davidson","Carnegie Museum of Invertebrate Zoology",,"No known compromise","N",,"immature"
"93eb64d9-89ea-41da-bc81-35e035cbbf36","SCBI_002.basePlot.bet","D02","SCBI","SCBI_002","2015-07-07","2015-07-21","2016-12-14","NEON.BET.D02.002908","TRIAUT","Animalia","Arthropoda","Insecta","Coleoptera","Carabidae","Harpalinae","Harpalini","Trichotichnus","Iridessus","autumnalis",,"Trichotichnus autumnalis","Say","species",,"F",,"Lindroth, C. H. 1969. The ground-beetles (Carabidae, excl. Cicindelinae) of Canada and Alaska, parts 1-6. Opuscula E. Entomoligiska Sallskapet.","Robert L. Davidson","Carnegie Museum of Invertebrate Zoology",,"No known compromise","N",,"immature"
