uid,namedLocation,domainID,siteID,plotID,trapID,plotType,nlcdClass,decimalLatitude,decimalLongitude,geodeticDatum,coordinateUncertainty,elevation,elevationUncertainty,setDate,collectDate,eventID,daysOfTrapping,sampleCollected,sampleID,cupStatus,lidStatus,fluidLevel,samplingProtocolVersion,recordedBy,remarks
"61481d5e-344d-44c2-89d5-8823ff7383da","UNDE_010.basePlot.bet","D05","UNDE","UNDE_010","S","distributed","woodyWetlands",46.237778,-89.541857,"WGS84",20.3,512.8,0.4,"2015-06-22","2015-07-06","UNDE.2015.28",14,"Y","UNDE_010.S.20150706","Ok","Ok","Ok","NEON.DOC.014050vG","Syw2LXB/pj+fmGCuwdgBGVryVUmYhw3g",
"37d15ab0-c22c-4ebe-b7b7-7ab22fb2fb64","UNDE_003.basePlot.bet","D05","UNDE","UNDE_003","S","distributed","woodyWetlands",46.256247,-89.536090,"WGS84",20.2,504.8,0.3,"2015-06-22","2015-07-06","UNDE.2015.28",14,"Y","UNDE_003.S.20150706","Ok","Disturbed","Ok","NEON.DOC.014050vG","Syw2LXB/pj+fmGCuwdgBGVryVUmYhw3g",
"c60c0ff6-2474-4778-b709-af328cdaafa0","UNDE_007.basePlot.bet","D05","UNDE","UNDE_007","S","distributed","deciduousForest",46.248703,-89.536134,"WGS84",20.1,518.7,0.2,"2015-06-22","2015-07-06","UNDE.2015.28",14,"Y","UNDE_007.S.20150706","Ok","Ok","Ok","NEON.DOC.014050vG","Syw2LXB/pj+fmGCuwdgBGVryVUmYhw3g",
"09da3726-1097-4e6f-aaa0-80caf73bef36","UNDE_001.basePlot.bet","D05","UNDE","UNDE_001","S","distributed","deciduousForest",46.234625,-89.560771,"WGS84",20.1,523.7,0.2,"2015-06-22","2015-07-06","UNDE.2015.28",14,"Y","UNDE_001.S.20150706","Ok","Disturbed","Ok","NEON.DOC.014050vG","Syw2LXB/pj+fmGCuwdgBGVryVUmYhw3g",
"fe38ed1b-8856-4653-8675-a8fbb1deeee9","UNDE_011.basePlot.bet","D05","UNDE","UNDE_011","S","distributed","woodyWetlands",46.215099,-89.505030,"WGS84",20.1,503.6,0.1,"2015-06-22","2015-07-06","UNDE.2015.28",14,"Y","UNDE_011.S.20150706","Ok","Ok","Ok","NEON.DOC.014050vG","Syw2LXB/pj+fmGCuwdgBGVryVUmYhw3g","Dropped cup while sampling, believe all insects were recovered."
"906035e5-a46e-4a5a-95ba-e9d6fadb8772","UNDE_002.basePlot.bet","D05","UNDE","UNDE_002","S","distributed","woodyWetlands",46.243103,-89.544804,"WGS84",20.1,504.2,0.1,"2015-06-22","2015-07-06","UNDE.2015.28",14,"Y","UNDE_002.S.20150706","Ok","Ok","Ok","NEON.DOC.014050vG","Syw2LXB/pj+fmGCuwdgBGVryVUmYhw3g",
"8c0328ed-6315-4343-8bdd-c88ebab12939","UNDE_001.basePlot.bet","D05","UNDE","UNDE_001","W","distributed","deciduousForest",46.234625,-89.560771,"WGS84",20.1,523.7,0.2,"2015-06-22","2015-07-06","UNDE.2015.28",14,"Y","UNDE_001.W.20150706","Ok","Ok","Ok","NEON.DOC.014050vG","Syw2LXB/pj+fmGCuwdgBGVryVUmYhw3g",
"be80fac1-5bbc-4f80-85c4-ece373b99ed3","UNDE_017.basePlot.bet","D05","UNDE","UNDE_017","W","distributed","mixedForest",46.237960,-89.496339,"WGS84",20.2,523.8,0.3,"2015-06-22","2015-07-06","UNDE.2015.28",14,"Y","UNDE_017.W.20150706","Ok","Ok","Ok","NEON.DOC.014050vG","Syw2LXB/pj+fmGCuwdgBGVryVUmYhw3g",
"b52247bb-39ce-400b-872b-4b5f8ffecd9d","UNDE_003.basePlot.bet","D05","UNDE","UNDE_003","W","distributed","woodyWetlands",46.256247,-89.536090,"WGS84",20.2,504.8,0.3,"2015-06-22","2015-07-06","UNDE.2015.28",14,"Y","UNDE_003.W.20150706","Ok","Ok","Ok","NEON.DOC.014050vG","Syw2LXB/pj+fmGCuwdgBGVryVUmYhw3g",
"981f9860-4c8e-4842-8df5-20d9e5fbee58","UNDE_007.basePlot.bet","D05","UNDE","UNDE_007","W","distributed","deciduousForest",46.248703,-89.536134,"WGS84",20.1,518.7,0.2,"2015-06-22","2015-07-06","UNDE.2015.28",14,"Y","UNDE_007.W.20150706","Ok","Ok","Ok","NEON.DOC.014050vG","Syw2LXB/pj+fmGCuwdgBGVryVUmYhw3g",
"f8369e75-6200-44a9-8457-522521f4c24d","UNDE_010.basePlot.bet","D05","UNDE","UNDE_010","W","distributed","woodyWetlands",46.237778,-89.541857,"WGS84",20.3,512.8,0.4,"2015-06-22","2015-07-06","UNDE.2015.28",14,"N",,"Missing","Missing",,"NEON.DOC.014050vG","Syw2LXB/pj+fmGCuwdgBGVryVUmYhw3g","Trap was too wet to set before and still too wet."
"1277d214-ece0-4b78-b0a3-3b25d3a09489","UNDE_012.basePlot.bet","D05","UNDE","UNDE_012","W","distributed","woodyWetlands",46.236979,-89.504463,"WGS84",20.1,515.0,0.1,"2015-06-22","2015-07-06","UNDE.2015.28",14,"Y","UNDE_012.W.20150706","Ok","Disturbed","Ok","NEON.DOC.014050vG","Syw2LXB/pj+fmGCuwdgBGVryVUmYhw3g",
"5fbae094-d1ef-499a-bf18-14aa8cc787f3","UNDE_006.basePlot.bet","D05","UNDE","UNDE_006","W","distributed","deciduousForest",46.254613,-89.512657,"WGS84",20.2,530.0,0.2,"2015-06-22","2015-07-06","UNDE.2015.28",14,"Y","UNDE_006.W.20150706","Ok","Ok","Ok","NEON.DOC.014050vG","Syw2LXB/pj+fmGCuwdgBGVryVUmYhw3g",
"5167c7f1-cf0a-4af8-8512-72f95293b101","UNDE_002.basePlot.bet","D05","UNDE","UNDE_002","W","distributed","woodyWetlands",46.243103,-89.544804,"WGS84",20.1,504.2,0.1,"2015-06-22","2015-07-06","UNDE.2015.28",14,"N",,,,,"NEON.DOC.014050vG","Syw2LXB/pj+fmGCuwdgBGVryVUmYhw3g","Trap not set on 6/22 but was set on 7/06."
"07c9f4ce-14c1-4380-9f65-582a8fd5f65f","UNDE_008.basePlot.bet","D05","UNDE","UNDE_008","W","distributed","mixedForest",46.256193,-89.515052,"WGS84",20.2,514.8,0.4,"2015-06-22","2015-07-06","UNDE.2015.28",14,"Y","UNDE_008.W.20150706","Ok","Ok","Ok","NEON.DOC.014050vG","Syw2LXB/pj+fmGCuwdgBGVryVUmYhw3g",
"8952a17a-0b48-4c1f-92bb-fb902a351e14","UNDE_011.basePlot.bet","D05","UNDE","UNDE_011","W","distributed","woodyWetlands",46.215099,-89.505030,"WGS84",20.1,503.6,0.1,"2015-06-22","2015-07-06","UNDE.2015.28",14,"Y","UNDE_011.W.20150706","Ok","Ok","Ok","NEON.DOC.014050vG","Syw2LXB/pj+fmGCuwdgBGVryVUmYhw3g",
"a9e2e914-0c23-4ad6-81d9-9d5353278ab1","UNDE_012.basePlot.bet","D05","UNDE","UNDE_012","E","distributed","woodyWetlands",46.236979,-89.504463,"WGS84",20.1,515.0,0.1,"2015-06-22","2015-07-06","UNDE.2015.28",14,"Y","UNDE_012.E.20150706","Ok","Ok","Ok","NEON.DOC.014050vG","Syw2LXB/pj+fmGCuwdgBGVryVUmYhw3g",
"c80b3c1c-18cb-4e4a-ad89-cdfc7f976c13","UNDE_006.basePlot.bet","D05","UNDE","UNDE_006","E","distributed","deciduousForest",46.254613,-89.512657,"WGS84",20.2,530.0,0.2,"2015-06-22","2015-07-06","UNDE.2015.28",14,"Y","UNDE_006.E.20150706","Ok","Ok","Ok","NEON.DOC.014050vG","Syw2LXB/pj+fmGCuwdgBGVryVUmYhw3g",
"0412493a-97b5-423a-8ab6-8c3f82d5fb14","UNDE_002.basePlot.bet","D05","UNDE","UNDE_002","E","distributed","woodyWetlands",46.243103,-89.544804,"WGS84",20.1,504.2,0.1,"2015-06-22","2015-07-06","UNDE.2015.28",14,"Y","UNDE_002.E.20150706","Ok","Ok","Ok","NEON.DOC.014050vG","Syw2LXB/pj+fmGCuwdgBGVryVUmYhw3g",
"b15e955e-a2dc-4234-8182-db4ab33a6766","UNDE_008.basePlot.bet","D05","UNDE","UNDE_008","E","distributed","mixedForest",46.256193,-89.515052,"WGS84",20.2,514.8,0.4,"2015-06-22","2015-07-06","UNDE.2015.28",14,"Y","UNDE_008.E.20150706","Ok","Ok","Ok","NEON.DOC.014050vG","Syw2LXB/pj+fmGCuwdgBGVryVUmYhw3g",
"3c94c6eb-2e53-4f52-a87e-41d691a5e99a","UNDE_011.basePlot.bet","D05","UNDE","UNDE_011","E","distributed","woodyWetlands",46.215099,-89.505030,"WGS84",20.1,503.6,0.1,"2015-06-22","2015-07-06","UNDE.2015.28",14,"Y","UNDE_011.E.20150706","Ok","Ok","Ok","NEON.DOC.014050vG","Syw2LXB/pj+fmGCuwdgBGVryVUmYhw3g",
"80eba07e-fa19-4d86-a60b-8b344cd3413a","UNDE_007.basePlot.bet","D05","UNDE","UNDE_007","E","distributed","deciduousForest",46.248703,-89.536134,"WGS84",20.1,518.7,0.2,"2015-06-22","2015-07-06","UNDE.2015.28",14,"Y","UNDE_007.E.20150706","Ok","Ok","Ok","NEON.DOC.014050vG","Syw2LXB/pj+fmGCuwdgBGVryVUmYhw3g",
"a85956e4-2205-40b9-ab62-144a683b2a4c","UNDE_010.basePlot.bet","D05","UNDE","UNDE_010","E","distributed","woodyWetlands",46.237778,-89.541857,"WGS84",20.3,512.8,0.4,"2015-06-22","2015-07-06","UNDE.2015.28",14,"Y","UNDE_010.E.20150706","Ok","Ok","Ok","NEON.DOC.014050vG","Syw2LXB/pj+fmGCuwdgBGVryVUmYhw3g",
"f8f2db59-b374-4263-9807-f7edc2b0ccee","UNDE_003.basePlot.bet","D05","UNDE","UNDE_003","E","distributed","woodyWetlands",46.256247,-89.536090,"WGS84",20.2,504.8,0.3,"2015-06-22","2015-07-06","UNDE.2015.28",14,"Y","UNDE_003.E.20150706","Ok","Ok","Ok","NEON.DOC.014050vG","Syw2LXB/pj+fmGCuwdgBGVryVUmYhw3g",
"9a245b5c-2907-4c1c-a0b3-f107b6ea4377","UNDE_017.basePlot.bet","D05","UNDE","UNDE_017","E","distributed","mixedForest",46.237960,-89.496339,"WGS84",20.2,523.8,0.3,"2015-06-22","2015-07-06","UNDE.2015.28",14,"Y","UNDE_017.E.20150706","Ok","Ok","Ok","NEON.DOC.014050vG","Syw2LXB/pj+fmGCuwdgBGVryVUmYhw3g",
"747ebe3f-9113-41cc-973f-385c592a4f87","UNDE_001.basePlot.bet","D05","UNDE","UNDE_001","E","distributed","deciduousForest",46.234625,-89.560771,"WGS84",20.1,523.7,0.2,"2015-06-22","2015-07-06","UNDE.2015.28",14,"Y","UNDE_001.E.20150706","Ok","Ok","Ok","NEON.DOC.014050vG","Syw2LXB/pj+fmGCuwdgBGVryVUmYhw3g",
"daf3e574-a82e-46eb-a37b-dea529618637","UNDE_008.basePlot.bet","D05","UNDE","UNDE_008","N","distributed","mixedForest",46.256193,-89.515052,"WGS84",20.2,514.8,0.4,"2015-06-22","2015-07-06","UNDE.2015.28",14,"Y","UNDE_008.N.20150706","Ok","Ok","Ok","NEON.DOC.014050vG","Syw2LXB/pj+fmGCuwdgBGVryVUmYhw3g",
"82a4d54f-60fc-4734-b319-ae1e7d267289","UNDE_011.basePlot.bet","D05","UNDE","UNDE_011","N","distributed","woodyWetlands",46.215099,-89.505030,"WGS84",20.1,503.6,0.1,"2015-06-22","2015-07-06","UNDE.2015.28",14,"Y","UNDE_011.N.20150706","Ok","Ok","Ok","NEON.DOC.014050vG","Syw2LXB/pj+fmGCuwdgBGVryVUmYhw3g",
"7b4695ea-8549-473c-bdab-c2bf046ffc6c","UNDE_001.basePlot.bet","D05","UNDE","UNDE_001","N","distributed","deciduousForest",46.234625,-89.560771,"WGS84",20.1,523.7,0.2,"2015-06-22","2015-07-06","UNDE.2015.28",14,"Y","UNDE_001.N.20150706","Ok","Disturbed","High","NEON.DOC.014050vG","Syw2LXB/pj+fmGCuwdgBGVryVUmYhw3g",
"9e517b12-aead-4268-99b0-732890925f85","UNDE_012.basePlot.bet","D05","UNDE","UNDE_012","N","distributed","woodyWetlands",46.236979,-89.504463,"WGS84",20.1,515.0,0.1,"2015-06-22","2015-07-06","UNDE.2015.28",14,"Y","UNDE_012.N.20150706","Ok","Ok","Ok","NEON.DOC.014050vG","Syw2LXB/pj+fmGCuwdgBGVryVUmYhw3g",
"747581dc-3ba8-4a04-9a5a-5c9cdcf1343f","UNDE_006.basePlot.bet","D05","UNDE","UNDE_006","N","distributed","deciduousForest",46.254613,-89.512657,"WGS84",20.2,530.0,0.2,"2015-06-22","2015-07-06","UNDE.2015.28",14,"Y","UNDE_006.N.20150706","Ok","Ok","Ok","NEON.DOC.014050vG","Syw2LXB/pj+fmGCuwdgBGVryVUmYhw3g",
"efea9922-fe3a-4414-9d71-1a3d83140a89","UNDE_002.basePlot.bet","D05","UNDE","UNDE_002","N","distributed","woodyWetlands",46.243103,-89.544804,"WGS84",20.1,504.2,0.1,"2015-06-22","2015-07-06","UNDE.2015.28",14,"Y","UNDE_002.N.20150706","Ok","Ok","Ok","NEON.DOC.014050vG","Syw2LXB/pj+fmGCuwdgBGVryVUmYhw3g",
"99444f8f-1d4a-411d-8005-9746a8fe02d2","UNDE_010.basePlot.bet","D05","UNDE","UNDE_010","N","distributed","woodyWetlands",46.237778,-89.541857,"WGS84",20.3,512.8,0.4,"2015-06-22","2015-07-06","UNDE.2015.28",14,"Y","UNDE_010.N.20150706","Ok","Ok","Ok","NEON.DOC.014050vG","Syw2LXB/pj+fmGCuwdgBGVryVUmYhw3g",
"cbb2d20a-1455-4b43-8588-51e1688fdb08","UNDE_003.basePlot.bet","D05","UNDE","UNDE_003","N","distributed","woodyWetlands",46.256247,-89.536090,"WGS84",20.2,504.8,0.3,"2015-06-22","2015-07-06","UNDE.2015.28",14,"Y","UNDE_003.N.20150706","Ok","Ok","Ok","NEON.DOC.014050vG","Syw2LXB/pj+fmGCuwdgBGVryVUmYhw3g",
"9f1ef2de-fa32-4482-96fd-4a312cdd1989","UNDE_007.basePlot.bet","D05","UNDE","UNDE_007","N","distributed","deciduousForest",46.248703,-89.536134,"WGS84",20.1,518.7,0.2,"2015-06-22","2015-07-06","UNDE.2015.28",14,"Y","UNDE_007.N.20150706","Ok","Ok","Ok","NEON.DOC.014050vG","Syw2LXB/pj+fmGCuwdgBGVryVUmYhw3g",
"33f4631f-8145-4425-8436-b9d4122ceec7","UNDE_017.basePlot.bet","D05","UNDE","UNDE_017","N","distributed","mixedForest",46.237960,-89.496339,"WGS84",20.2,523.8,0.3,"2015-06-22","2015-07-06","UNDE.2015.28",14,"Y","UNDE_017.N.20150706","Ok","Ok","Ok","NEON.DOC.014050vG","Syw2LXB/pj+fmGCuwdgBGVryVUmYhw3g",
"b057a5d9-0762-4af1-a219-869973ae19dc","UNDE_017.basePlot.bet","D05","UNDE","UNDE_017","S","distributed","mixedForest",46.237960,-89.496339,"WGS84",20.2,523.8,0.3,"2015-06-22","2015-07-06","UNDE.2015.28",14,"Y","UNDE_017.S.20150706","Ok","Ok","Ok","NEON.DOC.014050vG","Syw2LXB/pj+fmGCuwdgBGVryVUmYhw3g",
"27029ca4-0b4b-489e-bf54-2b412699c3d3","UNDE_006.basePlot.bet","D05","UNDE","UNDE_006","S","distributed","deciduousForest",46.254613,-89.512657,"WGS84",20.2,530.0,0.2,"2015-06-22","2015-07-06","UNDE.2015.28",14,"Y","UNDE_006.S.20150706","Ok","Ok","Ok","NEON.DOC.014050vG","Syw2LXB/pj+fmGCuwdgBGVryVUmYhw3g",
"7abe9ae9-b552-461e-bb29-c0f2d636c8eb","UNDE_008.basePlot.bet","D05","UNDE","UNDE_008","S","distributed","mixedForest",46.256193,-89.515052,"WGS84",20.2,514.8,0.4,"2015-06-22","2015-07-06","UNDE.2015.28",14,"Y","UNDE_008.S.20150706","Ok","Ok","Ok","NEON.DOC.014050vG","Syw2LXB/pj+fmGCuwdgBGVryVUmYhw3g",
"cf415114-041a-47fe-805d-5ac8d36ca679","UNDE_012.basePlot.bet","D05","UNDE","UNDE_012","S","distributed","woodyWetlands",46.236979,-89.504463,"WGS84",20.1,515.0,0.1,"2015-06-22","2015-07-06","UNDE.2015.28",14,"Y","UNDE_012.S.20150706","Ok","Ok","Ok","NEON.DOC.014050vG","Syw2LXB/pj+fmGCuwdgBGVryVUmYhw3g",
"0fad4fca-25d4-483b-998f-ab1997c6e1f0","UNDE_017.basePlot.bet","D05","UNDE","UNDE_017","E","distributed","mixedForest",46.237960,-89.496339,"WGS84",20.2,523.8,0.3,"2015-07-06","2015-07-20","UNDE.2015.30",14,"Y","UNDE_017.E.20150720","Ok","Ok","Ok","NEON.DOC.014050vG","XZoPj1u9UmznO7Lakic/e+h3MMLMvbQt",
"b37a977b-a9de-4647-9d8b-3915613efa3f","UNDE_012.basePlot.bet","D05","UNDE","UNDE_012","W","distributed","woodyWetlands",46.236979,-89.504463,"WGS84",20.1,515.0,0.1,"2015-07-06","2015-07-20","UNDE.2015.30",14,"Y","UNDE_012.W.20150720","Ok","Ok","Ok","NEON.DOC.014050vG","XZoPj1u9UmznO7Lakic/e+h3MMLMvbQt",
"a874a80f-64f8-436c-8834-7f38ee7386f7","UNDE_008.basePlot.bet","D05","UNDE","UNDE_008","E","distributed","mixedForest",46.256193,-89.515052,"WGS84",20.2,514.8,0.4,"2015-07-06","2015-07-20","UNDE.2015.30",14,"Y","UNDE_008.E.20150720","Ok","Ok","Ok","NEON.DOC.014050vG","XZoPj1u9UmznO7Lakic/e+h3MMLMvbQt",
"7acf6363-abbc-42d7-ab62-e5f19a46b5a0","UNDE_002.basePlot.bet","D05","UNDE","UNDE_002","E","distributed","woodyWetlands",46.243103,-89.544804,"WGS84",20.1,504.2,0.1,"2015-07-06","2015-07-20","UNDE.2015.30",14,"Y","UNDE_002.E.20150720","Ok","Ok","Ok","NEON.DOC.014050vG","XZoPj1u9UmznO7Lakic/e+h3MMLMvbQt",
"7fc51221-e940-421f-be7e-aacd46ff91c0","UNDE_006.basePlot.bet","D05","UNDE","UNDE_006","E","distributed","deciduousForest",46.254613,-89.512657,"WGS84",20.2,530.0,0.2,"2015-07-06","2015-07-20","UNDE.2015.30",14,"Y","UNDE_006.E.20150720","Ok","Ok","Ok","NEON.DOC.014050vG","XZoPj1u9UmznO7Lakic/e+h3MMLMvbQt",
"72db952e-eb0e-4e62-a7dd-ddda0ef19e2c","UNDE_012.basePlot.bet","D05","UNDE","UNDE_012","E","distributed","woodyWetlands",46.236979,-89.504463,"WGS84",20.1,515.0,0.1,"2015-07-06","2015-07-20","UNDE.2015.30",14,"Y","UNDE_012.E.20150720","Ok","Ok","Ok","NEON.DOC.014050vG","XZoPj1u9UmznO7Lakic/e+h3MMLMvbQt",
"eb90ab0b-37b0-419a-bb01-2fab552f74f0","UNDE_007.basePlot.bet","D05","UNDE","UNDE_007","E","distributed","deciduousForest",46.248703,-89.536134,"WGS84",20.1,518.7,0.2,"2015-07-06","2015-07-20","UNDE.2015.30",14,"Y","UNDE_007.E.20150720","Ok","Ok","Ok","NEON.DOC.014050vG","XZoPj1u9UmznO7Lakic/e+h3MMLMvbQt",
"607d4011-3f20-4819-a88e-7f5d52931bec","UNDE_003.basePlot.bet","D05","UNDE","UNDE_003","E","distributed","woodyWetlands",46.256247,-89.536090,"WGS84",20.2,504.8,0.3,"2015-07-06","2015-07-20","UNDE.2015.30",14,"Y","UNDE_003.E.20150720","Ok","Ok","Ok","NEON.DOC.014050vG","XZoPj1u9UmznO7Lakic/e+h3MMLMvbQt",
"887993d5-7e7a-4d6c-ad23-91639b738ada","UNDE_010.basePlot.bet","D05","UNDE","UNDE_010","E","distributed","woodyWetlands",46.237778,-89.541857,"WGS84",20.3,512.8,0.4,"2015-07-06","2015-07-20","UNDE.2015.30",14,"Y","UNDE_010.E.20150720","Ok","Ok","Ok","NEON.DOC.014050vG","XZoPj1u9UmznO7Lakic/e+h3MMLMvbQt",
"3e6e336f-316b-4d21-ae0f-9956a691cab5","UNDE_001.basePlot.bet","D05","UNDE","UNDE_001","E","distributed","deciduousForest",46.234625,-89.560771,"WGS84",20.1,523.7,0.2,"2015-07-06","2015-07-20","UNDE.2015.30",14,"Y","UNDE_001.E.20150720","Ok","Ok","Ok","NEON.DOC.014050vG","XZoPj1u9UmznO7Lakic/e+h3MMLMvbQt",
"6484cd0b-e9ff-4414-9628-89858538ab7b","UNDE_008.basePlot.bet","D05","UNDE","UNDE_008","N","distributed","mixedForest",46.256193,-89.515052,"WGS84",20.2,514.8,0.4,"2015-07-06","2015-07-20","UNDE.2015.30",14,"Y","UNDE_008.N.20150720","Ok","Ok","Ok","NEON.DOC.014050vG","XZoPj1u9UmznO7Lakic/e+h3MMLMvbQt",
"740f8500-e5fd-412b-824e-1cb9798a81e7","UNDE_002.basePlot.bet","D05","UNDE","UNDE_002","N","distributed","woodyWetlands",46.243103,-89.544804,"WGS84",20.1,504.2,0.1,"2015-07-06","2015-07-20","UNDE.2015.30",14,"Y","UNDE_002.N.20150720","Ok","Ok","Ok","NEON.DOC.014050vG","XZoPj1u9UmznO7Lakic/e+h3MMLMvbQt",
"16e3ca4d-e725-4513-ae7a-0273afe1bc60","UNDE_011.basePlot.bet","D05","UNDE","UNDE_011","N","distributed","woodyWetlands",46.215099,-89.505030,"WGS84",20.1,503.6,0.1,"2015-07-06","2015-07-20","UNDE.2015.30",14,"Y","UNDE_011.N.20150720","Ok","Ok","Ok","NEON.DOC.014050vG","XZoPj1u9UmznO7Lakic/e+h3MMLMvbQt",
"8637dc1c-821a-4582-8421-0f965aff5abe","UNDE_006.basePlot.bet","D05","UNDE","UNDE_006","N","distributed","deciduousForest",46.254613,-89.512657,"WGS84",20.2,530.0,0.2,"2015-07-06","2015-07-20","UNDE.2015.30",14,"Y","UNDE_006.N.20150720","Ok","Ok","Ok","NEON.DOC.014050vG","XZoPj1u9UmznO7Lakic/e+h3MMLMvbQt",
"76400952-d96e-4343-8969-5ef7009ccf37","UNDE_012.basePlot.bet","D05","UNDE","UNDE_012","N","distributed","woodyWetlands",46.236979,-89.504463,"WGS84",20.1,515.0,0.1,"2015-07-06","2015-07-20","UNDE.2015.30",14,"Y","UNDE_012.N.20150720","Ok","Ok","Ok","NEON.DOC.014050vG","XZoPj1u9UmznO7Lakic/e+h3MMLMvbQt",
"1edb7329-b1d7-4bde-8ab6-d831e402aa5f","UNDE_007.basePlot.bet","D05","UNDE","UNDE_007","N","distributed","deciduousForest",46.248703,-89.536134,"WGS84",20.1,518.7,0.2,"2015-07-06","2015-07-20","UNDE.2015.30",14,"Y","UNDE_007.N.20150720","Ok","Ok","Ok","NEON.DOC.014050vG","XZoPj1u9UmznO7Lakic/e+h3MMLMvbQt",
"abe55be1-0951-4813-94ad-242b9f054f78","UNDE_010.basePlot.bet","D05","UNDE","UNDE_010","N","distributed","woodyWetlands",46.237778,-89.541857,"WGS84",20.3,512.8,0.4,"2015-07-06","2015-07-20","UNDE.2015.30",14,"Y","UNDE_010.N.20150720","Ok","Ok","Ok","NEON.DOC.014050vG","XZoPj1u9UmznO7Lakic/e+h3MMLMvbQt",
"d8ebe097-1d06-45f7-be36-fc8391d811e3","UNDE_003.basePlot.bet","D05","UNDE","UNDE_003","N","distributed","woodyWetlands",46.256247,-89.536090,"WGS84",20.2,504.8,0.3,"2015-07-06","2015-07-20","UNDE.2015.30",14,"Y","UNDE_003.N.20150720","Ok","Ok","Ok","NEON.DOC.014050vG","XZoPj1u9UmznO7Lakic/e+h3MMLMvbQt",
"40962739-ad12-4e01-8b0e-a2b68a8b3ac1","UNDE_017.basePlot.bet","D05","UNDE","UNDE_017","N","distributed","mixedForest",46.237960,-89.496339,"WGS84",20.2,523.8,0.3,"2015-07-06","2015-07-20","UNDE.2015.30",14,"Y","UNDE_017.N.20150720","Ok","Ok","Ok","NEON.DOC.014050vG","XZoPj1u9UmznO7Lakic/e+h3MMLMvbQt",
"d6f62b2f-2fb9-4184-bfb4-03a261c772d2","UNDE_001.basePlot.bet","D05","UNDE","UNDE_001","N","distributed","deciduousForest",46.234625,-89.560771,"WGS84",20.1,523.7,0.2,"2015-07-06","2015-07-20","UNDE.2015.30",14,"Y","UNDE_001.N.20150720","Ok","Ok","Ok","NEON.DOC.014050vG","XZoPj1u9UmznO7Lakic/e+h3MMLMvbQt",
"70059645-5f56-4838-b437-4678084b4060","UNDE_011.basePlot.bet","D05","UNDE","UNDE_011","S","distributed","woodyWetlands",46.215099,-89.505030,"WGS84",20.1,503.6,0.1,"2015-07-06","2015-07-20","UNDE.2015.30",14,"Y","UNDE_011.S.20150720","Ok","Ok","Ok","NEON.DOC.014050vG","XZoPj1u9UmznO7Lakic/e+h3MMLMvbQt",
"33c625bf-c572-41d8-a02c-be3e3a6ca9a6","UNDE_001.basePlot.bet","D05","UNDE","UNDE_001","S","distributed","deciduousForest",46.234625,-89.560771,"WGS84",20.1,523.7,0.2,"2015-07-06","2015-07-20","UNDE.2015.30",14,"Y","UNDE_001.S.20150720","Ok","Ok","Ok","NEON.DOC.014050vG","XZoPj1u9UmznO7Lakic/e+h3MMLMvbQt",
"ebeb3707-4ca7-42d4-9ab1-333585e5fd8e","UNDE_008.basePlot.bet","D05","UNDE","UNDE_008","S","distributed","mixedForest",46.256193,-89.515052,"WGS84",20.2,514.8,0.4,"2015-07-06","2015-07-20","UNDE.2015.30",14,"Y","UNDE_008.S.20150720","Ok","Disturbed","Ok","NEON.DOC.014050vG","XZoPj1u9UmznO7Lakic/e+h3MMLMvbQt",
"3441bcd9-c495-4d4e-abd1-0b372560eafd","UNDE_006.basePlot.bet","D05","UNDE","UNDE_006","S","distributed","deciduousForest",46.254613,-89.512657,"WGS84",20.2,530.0,0.2,"2015-07-06","2015-07-20","UNDE.2015.30",14,"Y","UNDE_006.S.20150720","Ok","Ok","Ok","NEON.DOC.014050vG","XZoPj1u9UmznO7Lakic/e+h3MMLMvbQt",
"9032c48a-d417-4c01-b467-557984d205de","UNDE_002.basePlot.bet","D05","UNDE","UNDE_002","S","distributed","woodyWetlands",46.243103,-89.544804,"WGS84",20.1,504.2,0.1,"2015-07-06","2015-07-20","UNDE.2015.30",14,"Y","UNDE_002.S.20150720","Ok","Ok","Ok","NEON.DOC.014050vG","XZoPj1u9UmznO7Lakic/e+h3MMLMvbQt",
"1f76b3f2-c03b-4466-928a-94fd0c2ef060","UNDE_012.basePlot.bet","D05","UNDE","UNDE_012","S","distributed","woodyWetlands",46.236979,-89.504463,"WGS84",20.1,515.0,0.1,"2015-07-06","2015-07-20","UNDE.2015.30",14,"Y","UNDE_012.S.20150720","Ok","Ok","Ok","NEON.DOC.014050vG","XZoPj1u9UmznO7Lakic/e+h3MMLMvbQt",
"8fe60ccc-52ea-4cd0-bf4f-f2f67826f1b3","UNDE_010.basePlot.bet","D05","UNDE","UNDE_010","S","distributed","woodyWetlands",46.237778,-89.541857,"WGS84",20.3,512.8,0.4,"2015-07-06","2015-07-20","UNDE.2015.30",14,"Y","UNDE_010.S.20150720","Ok","Ok","Ok","NEON.DOC.014050vG","XZoPj1u9UmznO7Lakic/e+h3MMLMvbQt",
"b03edd82-4101-4a9f-8b57-31ca61691026","UNDE_007.basePlot.bet","D05","UNDE","UNDE_007","S","distributed","deciduousForest",46.248703,-89.536134,"WGS84",20.1,518.7,0.2,"2015-07-06","2015-07-20","UNDE.2015.30",14,"Y","UNDE_007.S.20150720","Ok","Ok","Ok","NEON.DOC.014050vG","XZoPj1u9UmznO7Lakic/e+h3MMLMvbQt",
"6a393fa0-d9e0-4d2b-b853-243565fe4416","UNDE_003.basePlot.bet","D05","UNDE","UNDE_003","S","distributed","woodyWetlands",46.256247,-89.536090,"WGS84",20.2,504.8,0.3,"2015-07-06","2015-07-20","UNDE.2015.30",14,"Y","UNDE_003.S.20150720","Ok","Ok","Ok","NEON.DOC.014050vG","XZoPj1u9UmznO7Lakic/e+h3MMLMvbQt",
"526af343-0790-4dce-ab3a-78a94f27b9a3","UNDE_017.basePlot.bet","D05","UNDE","UNDE_017","S","distributed","mixedForest",46.237960,-89.496339,"WGS84",20.2,523.8,0.3,"2015-07-06","2015-07-20","UNDE.2015.30",14,"Y","UNDE_017.S.20150720","Ok","Ok","Ok","NEON.DOC.014050vG","XZoPj1u9UmznO7Lakic/e+h3MMLMvbQt",
"a26781b4-7ac5-4a2e-a784-f2e976b7c602","UNDE_010.basePlot.bet","D05","UNDE","UNDE_010","W","distributed","woodyWetlands",46.237778,-89.541857,"WGS84",20.3,512.8,0.4,"2015-07-06","2015-07-20","UNDE.2015.30",14,"N",,,,,"NEON.DOC.014050vG","XZoPj1u9UmznO7Lakic/e+h3MMLMvbQt","Cup not set due to wet conditions"
"f6d23da1-c953-436b-a421-90faaaa52eec","UNDE_007.basePlot.bet","D05","UNDE","UNDE_007","W","distributed","deciduousForest",46.248703,-89.536134,"WGS84",20.1,518.7,0.2,"2015-07-06","2015-07-20","UNDE.2015.30",14,"Y","UNDE_007.W.20150720","Ok","Disturbed","Ok","NEON.DOC.014050vG","XZoPj1u9UmznO7Lakic/e+h3MMLMvbQt",
"7836a880-4bff-430b-b535-c1c389bea14d","UNDE_003.basePlot.bet","D05","UNDE","UNDE_003","W","distributed","woodyWetlands",46.256247,-89.536090,"WGS84",20.2,504.8,0.3,"2015-07-06","2015-07-20","UNDE.2015.30",14,"Y","UNDE_003.W.20150720","Ok","Ok","Ok","NEON.DOC.014050vG","XZoPj1u9UmznO7Lakic/e+h3MMLMvbQt",
"7165eb29-110b-4b66-8882-79bf0a749700","UNDE_017.basePlot.bet","D05","UNDE","UNDE_017","W","distributed","mixedForest",46.237960,-89.496339,"WGS84",20.2,523.8,0.3,"2015-07-06","2015-07-20","UNDE.2015.30",14,"Y","UNDE_017.W.20150720","Ok","Ok","Ok","NEON.DOC.014050vG","XZoPj1u9UmznO7Lakic/e+h3MMLMvbQt",
"d2a0b05a-5488-4adc-b98b-bf1f069db7e0","UNDE_008.basePlot.bet","D05","UNDE","UNDE_008","W","distributed","mixedForest",46.256193,-89.515052,"WGS84",20.2,514.8,0.4,"2015-07-06","2015-07-20","UNDE.2015.30",14,"Y","UNDE_008.W.20150720","Ok","Ok","Ok","NEON.DOC.014050vG","XZoPj1u9UmznO7Lakic/e+h3MMLMvbQt",
"ee7a7f32-9f29-4212-b742-5a9844213530","UNDE_011.basePlot.bet","D05","UNDE","UNDE_011","W","distributed","woodyWetlands",46.215099,-89.505030,"WGS84",20.1,503.6,0.1,"2015-07-06","2015-07-20","UNDE.2015.30",14,"Y","UNDE_011.W.20150720","Ok","Ok","Ok","NEON.DOC.014050vG","XZoPj1u9UmznO7Lakic/e+h3MMLMvbQt",
"297c45dd-4ce6-40ce-ba4f-5f2e921313db","UNDE_001.basePlot.bet","D05","UNDE","UNDE_001","W","distributed","deciduousForest",46.234625,-89.560771,"WGS84",20.1,523.7,0.2,"2015-07-06","2015-07-20","UNDE.2015.30",14,"Y","UNDE_001.W.20150720","Ok","Ok","Ok","NEON.DOC.014050vG","XZoPj1u9UmznO7Lakic/e+h3MMLMvbQt",
"a0e8fd87-f8cd-49b1-859b-38573d983b83","UNDE_002.basePlot.bet","D05","UNDE","UNDE_002","W","distributed","woodyWetlands",46.243103,-89.544804,"WGS84",20.1,504.2,0.1,"2015-07-06","2015-07-20","UNDE.2015.30",14,"Y","UNDE_002.W.20150720","Ok","Ok","Ok","NEON.DOC.014050vG","XZoPj1u9UmznO7Lakic/e+h3MMLMvbQt",
"25d47ec2-9a86-4eb5-bdd5-ce0c605fb911","UNDE_006.basePlot.bet","D05","UNDE","UNDE_006","W","distributed","deciduousForest",46.254613,-89.512657,"WGS84",20.2,530.0,0.2,"2015-07-06","2015-07-20","UNDE.2015.30",14,"Y","UNDE_006.W.20150720","Ok","Ok","Ok","NEON.DOC.014050vG","XZoPj1u9UmznO7Lakic/e+h3MMLMvbQt",
"60d89944-ef36-4751-918f-eb00e0a6d12d","UNDE_011.basePlot.bet","D05","UNDE","UNDE_011","E","distributed","woodyWetlands",46.215099,-89.505030,"WGS84",20.1,503.6,0.1,"2015-07-06","2015-07-20","UNDE.2015.30",14,"Y","UNDE_011.E.20150720","Ok","Ok","Ok","NEON.DOC.014050vG","XZoPj1u9UmznO7Lakic/e+h3MMLMvbQt",
