uid,namedLocation,domainID,siteID,plotID,trapID,setDate,collectDate,processingDate,etOHChangeDate,identifiedDate,sampleID,subsampleID,sampleType,taxonID,scientificName,taxonRank,identificationQualifier,scientificNameAuthorship,morphospeciesID,individualCount,identificationReferences,identifiedBy,recordedBy,remarks
"bd5c4db3-4698-45a4-b659-c225239ee3f8","UNDE_010.basePlot.bet","D05","UNDE","UNDE_010","N","2015-06-22","2015-07-06","2015-07-07","2015-08-07",,"UNDE_010.N.20150706","hQDJ3TYDfoxCoxtjFHMyZ4s3x81rX8EJU1hPAaWtiWk=","invert bycatch",,,,,,,,,,"hTluQy3olQHlKRcM8UEU2LDDPnTZyBZr",
"e4433ce9-79cb-4ca0-bf0e-935d9e3221bd","UNDE_007.basePlot.bet","D05","UNDE","UNDE_007","N","2015-06-22","2015-07-06","2015-07-07","2015-08-07","2015-10-08","UNDE_007.N.20150706","sj+sxzQpSGChK6h/mW6WHiLG9D+XzHwkICo5Fidtb7Q=","carabid","CARSP14","Carabidae sp.","family",,"Latreille","D05.2015.MorphM",2,"Other","Syw2LXB/pj+fmGCuwdgBGVryVUmYhw3g","sNWmFOzJI5k0heJ/hgLOpehrR5IinP1+","Pinned. Morphospecies description: similar to ptepen in elytral puncture situation. Size approximately 12-13mm. Slightly paler (more brown) compared other ptepen & pteads. Legs paler."
"e2fafe46-b87a-4c14-8680-b141a42bfe4c","UNDE_003.basePlot.bet","D05","UNDE","UNDE_003","N","2015-06-22","2015-07-06","2015-07-07","2015-08-07","2015-10-01","UNDE_003.N.20150706","UKgrtiGQYSDE7Wv8PWCVB934AIJ/Wg1fjLItDc2Hkgo=","carabid","AGOTRI","Agonum trigeminum","species",,"Lindroth",,1,"Lindroth, C. H. 1969. The ground-beetles (Carabidae, excl. Cicindelinae) of Canada and Alaska, parts 1-6. Opuscula E. Entomoligiska Sallskapet.","Syw2LXB/pj+fmGCuwdgBGVryVUmYhw3g","sNWmFOzJI5k0heJ/hgLOpehrR5IinP1+","Pinned."
"e80a8b05-116d-429f-9b33-3222f4407733","UNDE_011.basePlot.bet","D05","UNDE","UNDE_011","N","2015-06-22","2015-07-06","2015-07-07","2015-08-07",,"UNDE_011.N.20150706","0Ya1AWR2lPjLjN29ViQVJjKCaI5H4RsZK8PRak+lAvc=","invert bycatch",,,,,,,,,,"sNWmFOzJI5k0heJ/hgLOpehrR5IinP1+",
"e4947cb8-a68a-4bc0-91d7-0bc0d007035f","UNDE_010.basePlot.bet","D05","UNDE","UNDE_010","S","2015-06-22","2015-07-06","2015-07-07","2015-08-07","2015-10-26","UNDE_010.S.20150706","hQDJ3TYDfowchf80HEbqrI757yAPPJoASF0OEOUu2ww=","carabid","SYNIMP","Synuchus impunctatus","species",,"Say",,1,"Lindroth, C. H. 1969. The ground-beetles (Carabidae, excl. Cicindelinae) of Canada and Alaska, parts 1-6. Opuscula E. Entomoligiska Sallskapet.","Syw2LXB/pj+fmGCuwdgBGVryVUmYhw3g","hTluQy3olQHlKRcM8UEU2LDDPnTZyBZr","Pinned."
"ff2fbd53-6a94-44ce-be57-147772ac8669","UNDE_003.basePlot.bet","D05","UNDE","UNDE_003","S","2015-06-22","2015-07-06","2015-07-07","2015-08-07","2015-10-01","UNDE_003.S.20150706","UKgrtiGQYSD93KL4taUQ/6VJTb91eGpv7+Kkm3A8etQ=","carabid","AGOGRA","Agonum gratiosum","species",,"Mannerheim",,3,"Lindroth, C. H. 1969. The ground-beetles (Carabidae, excl. Cicindelinae) of Canada and Alaska, parts 1-6. Opuscula E. Entomoligiska Sallskapet.","Syw2LXB/pj+fmGCuwdgBGVryVUmYhw3g","sNWmFOzJI5k0heJ/hgLOpehrR5IinP1+","Pinned."
"3651419a-097a-479f-940e-b38594a429e8","UNDE_007.basePlot.bet","D05","UNDE","UNDE_007","S","2015-06-22","2015-07-06","2015-07-07","2015-08-07","2015-10-08","UNDE_007.S.20150706","sj+sxzQpSGAJvREnLoEnimdXnIyhBxQTD5v1NeM5PF0=","carabid","SYNIMP","Synuchus impunctatus","species",,"Say",,1,"Lindroth, C. H. 1969. The ground-beetles (Carabidae, excl. Cicindelinae) of Canada and Alaska, parts 1-6. Opuscula E. Entomoligiska Sallskapet.","Syw2LXB/pj+fmGCuwdgBGVryVUmYhw3g","sNWmFOzJI5k0heJ/hgLOpehrR5IinP1+","Pooled with SYNIMP from east trap."
"b2a9ab90-4ea9-49af-bc0e-f5e365009227","UNDE_010.basePlot.bet","D05","UNDE","UNDE_010","S","2015-06-22","2015-07-06","2015-07-07","2015-08-07",,"UNDE_010.S.20150706","hQDJ3TYDfowchf80HEbqrDBqIAqQPXNPAISQesOzTZc=","invert bycatch",,,,,,,,,,"hTluQy3olQHlKRcM8UEU2LDDPnTZyBZr",
"2dfbac97-482e-4ed4-94c3-776a898a10f6","UNDE_010.basePlot.bet","D05","UNDE","UNDE_010","S","2015-06-22","2015-07-06","2015-07-07","2015-08-07","2015-10-26","UNDE_010.S.20150706","hQDJ3TYDfowchf80HEbqrFTtxaHC533a+TqA5kZbnbQ=","carabid","PTELUC","Pterostichus luctuosus","species","cf. species","Dejean",,1,"Lindroth, C. H. 1969. The ground-beetles (Carabidae, excl. Cicindelinae) of Canada and Alaska, parts 1-6. Opuscula E. Entomoligiska Sallskapet.","Syw2LXB/pj+fmGCuwdgBGVryVUmYhw3g","hTluQy3olQHlKRcM8UEU2LDDPnTZyBZr","Pinned. could be PTECOR3."
"0fb903b9-5e9a-4109-894a-b659a0bc4a5e","UNDE_010.basePlot.bet","D05","UNDE","UNDE_010","S","2015-06-22","2015-07-06","2015-07-07","2015-08-07","2015-10-26","UNDE_010.S.20150706","hQDJ3TYDfowchf80HEbqrPYT109F897GRN0hx1l/sBw=","carabid","AGOGRA","Agonum gratiosum","species",,"Mannerheim",,1,"Lindroth, C. H. 1969. The ground-beetles (Carabidae, excl. Cicindelinae) of Canada and Alaska, parts 1-6. Opuscula E. Entomoligiska Sallskapet.","Syw2LXB/pj+fmGCuwdgBGVryVUmYhw3g","hTluQy3olQHlKRcM8UEU2LDDPnTZyBZr","Pinned."
"5951b817-a031-4578-bc20-4a516f11dc66","UNDE_007.basePlot.bet","D05","UNDE","UNDE_007","S","2015-06-22","2015-07-06","2015-07-07","2015-08-07","2015-10-08","UNDE_007.S.20150706","sj+sxzQpSGAJvREnLoEniqZ+3Tg4Aam84owjDS1Hce4=","carabid","CARNEM","Carabus nemoralis nemoralis","subspecies",,"Mueller",,3,"Lindroth, C. H. 1969. The ground-beetles (Carabidae, excl. Cicindelinae) of Canada and Alaska, parts 1-6. Opuscula E. Entomoligiska Sallskapet.","Syw2LXB/pj+fmGCuwdgBGVryVUmYhw3g","sNWmFOzJI5k0heJ/hgLOpehrR5IinP1+","Left in vial (not pinned)."
"ab47f67b-81a7-4a42-baff-6c19370350c7","UNDE_007.basePlot.bet","D05","UNDE","UNDE_007","S","2015-06-22","2015-07-06","2015-07-07","2015-08-07","2015-10-08","UNDE_007.S.20150706","sj+sxzQpSGAJvREnLoEninF0Pqh+Y40DBM6avkTMID4=","carabid","PTEMEL","Pterostichus melanarius melanarius","subspecies",,"Illiger",,1,"Lindroth, C. H. 1969. The ground-beetles (Carabidae, excl. Cicindelinae) of Canada and Alaska, parts 1-6. Opuscula E. Entomoligiska Sallskapet.","Syw2LXB/pj+fmGCuwdgBGVryVUmYhw3g","sNWmFOzJI5k0heJ/hgLOpehrR5IinP1+","left in vial (not pinned)."
"e61b8178-4a0b-490a-b7a6-e7a4747ce57b","UNDE_007.basePlot.bet","D05","UNDE","UNDE_007","S","2015-06-22","2015-07-06","2015-07-07","2015-08-07",,"UNDE_007.S.20150706","sj+sxzQpSGAJvREnLoEnil1LsvzNrnXjgV8Arospavw=","invert bycatch",,,,,,,,,,"sNWmFOzJI5k0heJ/hgLOpehrR5IinP1+",
"39ee4423-7b9a-4d85-bb33-9dc7e23713dc","UNDE_003.basePlot.bet","D05","UNDE","UNDE_003","S","2015-06-22","2015-07-06","2015-07-07","2015-08-07","2015-10-01","UNDE_003.S.20150706","UKgrtiGQYSD93KL4taUQ/3exl/JaJn3i83S9XWTSWo8=","carabid","PTELUC","Pterostichus luctuosus","species",,"Dejean",,1,"Lindroth, C. H. 1969. The ground-beetles (Carabidae, excl. Cicindelinae) of Canada and Alaska, parts 1-6. Opuscula E. Entomoligiska Sallskapet.","Syw2LXB/pj+fmGCuwdgBGVryVUmYhw3g","sNWmFOzJI5k0heJ/hgLOpehrR5IinP1+","Pinned."
"2525f504-5e2e-4a75-8b9b-6c9e6bd66fa4","UNDE_003.basePlot.bet","D05","UNDE","UNDE_003","S","2015-06-22","2015-07-06","2015-07-07","2015-08-07","2015-10-01","UNDE_003.S.20150706","UKgrtiGQYSD93KL4taUQ/+c3eSc9gE4YnIYq+xx+tgI=","carabid","LORPIL2","Loricera pilicornis pilicornis","subspecies",,"Fabricius",,1,"Bousquet, Y. 2010b. Illustrated Identification Guide to Adults and Larvae of Northeastern North American Ground Beetles (Coleoptera: Carabidae). 1st Ed. Pensoft Publishers, Sofia, Bulgaria.","Syw2LXB/pj+fmGCuwdgBGVryVUmYhw3g","sNWmFOzJI5k0heJ/hgLOpehrR5IinP1+","Pinned."
"6b346f5e-2f4c-433a-8c53-d465fa53be23","UNDE_003.basePlot.bet","D05","UNDE","UNDE_003","S","2015-06-22","2015-07-06","2015-07-07","2015-08-07","2015-10-01","UNDE_003.S.20150706","UKgrtiGQYSD93KL4taUQ/x//QpuBf+TZifj3MKnS7LE=","carabid","PTEPEN","Pterostichus pensylvanicus","species","cf. species","LeConte",,1,"Lindroth, C. H. 1969. The ground-beetles (Carabidae, excl. Cicindelinae) of Canada and Alaska, parts 1-6. Opuscula E. Entomoligiska Sallskapet.","Syw2LXB/pj+fmGCuwdgBGVryVUmYhw3g","sNWmFOzJI5k0heJ/hgLOpehrR5IinP1+","Pinned. Could be PTEADS."
"52177a33-0483-4027-a634-baac1dce302a","UNDE_003.basePlot.bet","D05","UNDE","UNDE_003","S","2015-06-22","2015-07-06","2015-07-07","2015-08-07","2015-10-01","UNDE_003.S.20150706","UKgrtiGQYSD93KL4taUQ/2cgQOhmPYBzZCnzJauazCg=","carabid","ELAFUL","Elaphrus fuliginosus","species",,"Say",,1,"Lindroth, C. H. 1969. The ground-beetles (Carabidae, excl. Cicindelinae) of Canada and Alaska, parts 1-6. Opuscula E. Entomoligiska Sallskapet.","Syw2LXB/pj+fmGCuwdgBGVryVUmYhw3g","sNWmFOzJI5k0heJ/hgLOpehrR5IinP1+","Pinned."
"74908a92-1377-4669-989e-a202fc2308fb","UNDE_003.basePlot.bet","D05","UNDE","UNDE_003","S","2015-06-22","2015-07-06","2015-07-07","2015-08-07","2015-10-01","UNDE_003.S.20150706","UKgrtiGQYSD93KL4taUQ/7i1swyjfS8vFmoghKJxOKw=","carabid","PLADEC","Platynus decentis","species",,"Say",,1,"Lindroth, C. H. 1969. The ground-beetles (Carabidae, excl. Cicindelinae) of Canada and Alaska, parts 1-6. Opuscula E. Entomoligiska Sallskapet.","Syw2LXB/pj+fmGCuwdgBGVryVUmYhw3g","sNWmFOzJI5k0heJ/hgLOpehrR5IinP1+","Pinned."
"e55716b6-801a-488b-8ca2-973f8b4e0aa9","UNDE_003.basePlot.bet","D05","UNDE","UNDE_003","S","2015-06-22","2015-07-06","2015-07-07","2015-08-07","2015-10-01","UNDE_003.S.20150706","UKgrtiGQYSD93KL4taUQ/12foiBneUwx8EsTm9jslFY=","carabid","PLAMAN","Platynus mannerheimii","species",,"Dejean",,1,"Lindroth, C. H. 1969. The ground-beetles (Carabidae, excl. Cicindelinae) of Canada and Alaska, parts 1-6. Opuscula E. Entomoligiska Sallskapet.","Syw2LXB/pj+fmGCuwdgBGVryVUmYhw3g","sNWmFOzJI5k0heJ/hgLOpehrR5IinP1+","Pinned."
"13485164-51e1-43f1-b140-ad09fdc65a0c","UNDE_017.basePlot.bet","D05","UNDE","UNDE_017","S","2015-06-22","2015-07-06","2015-07-07","2015-08-07","2015-10-08","UNDE_017.S.20150706","xHY1KmNCr2390iLeCQFtjmen/Kpo/YenrKutcYoxGL8=","carabid","PTEMEL","Pterostichus melanarius melanarius","subspecies",,"Illiger",,2,"Lindroth, C. H. 1969. The ground-beetles (Carabidae, excl. Cicindelinae) of Canada and Alaska, parts 1-6. Opuscula E. Entomoligiska Sallskapet.","Syw2LXB/pj+fmGCuwdgBGVryVUmYhw3g","sNWmFOzJI5k0heJ/hgLOpehrR5IinP1+","Both pinned."
"fcfeb9a6-d2f6-4e3b-9404-2d4c5a8e2a2f","UNDE_017.basePlot.bet","D05","UNDE","UNDE_017","S","2015-06-22","2015-07-06","2015-07-07","2015-08-07",,"UNDE_017.S.20150706","xHY1KmNCr2390iLeCQFtjh7uVLcKsUiKrSJVq2TynwM=","invert bycatch",,,,,,,,,,"sNWmFOzJI5k0heJ/hgLOpehrR5IinP1+",
"21aea841-cb93-4b1d-8a77-5a479a3158ff","UNDE_017.basePlot.bet","D05","UNDE","UNDE_017","S","2015-06-22","2015-07-06","2015-07-07","2015-08-07","2015-10-08","UNDE_017.S.20150706","xHY1KmNCr2390iLeCQFtjghsuPjdmnLLcAB72DPq7pE=","carabid","CARNEM","Carabus nemoralis nemoralis","subspecies",,"Mueller",,2,"Lindroth, C. H. 1969. The ground-beetles (Carabidae, excl. Cicindelinae) of Canada and Alaska, parts 1-6. Opuscula E. Entomoligiska Sallskapet.","Syw2LXB/pj+fmGCuwdgBGVryVUmYhw3g","sNWmFOzJI5k0heJ/hgLOpehrR5IinP1+","Left in vial (not pinned)."
"6e0a79c7-6985-4be7-bb8f-3d399ddb051e","UNDE_001.basePlot.bet","D05","UNDE","UNDE_001","S","2015-06-22","2015-07-06","2015-07-07","2015-08-07",,"UNDE_001.S.20150706","kh3xmoTmJnBOmO2jgFxxyQnhxkjGfXtq7h7w2RZI2eQ=","invert bycatch",,,,,,,,,,"lLQBQVfayhr3D1tZaVTYCAmpRMui4lXg/r98CgvafXs=",
"f3567e00-1550-440b-b438-6a665d42de9f","UNDE_001.basePlot.bet","D05","UNDE","UNDE_001","S","2015-06-22","2015-07-06","2015-07-07","2015-08-07","2015-10-26","UNDE_001.S.20150706","kh3xmoTmJnBOmO2jgFxxyTazlmYQsp+358Zlb65G8O4=","carabid","AGORET","Agonum retractum","species",,"LeConte",,2,"Lindroth, C. H. 1969. The ground-beetles (Carabidae, excl. Cicindelinae) of Canada and Alaska, parts 1-6. Opuscula E. Entomoligiska Sallskapet.","Syw2LXB/pj+fmGCuwdgBGVryVUmYhw3g","lLQBQVfayhr3D1tZaVTYCAmpRMui4lXg/r98CgvafXs=","Pinned."
"33de7563-b198-4a5a-b92d-fb01b14397ba","UNDE_001.basePlot.bet","D05","UNDE","UNDE_001","S","2015-06-22","2015-07-06","2015-07-07","2015-08-07","2015-10-26","UNDE_001.S.20150706","kh3xmoTmJnBOmO2jgFxxyf4hz3VGONdi4i57Cmi+u9Y=","carabid","PTEPEN","Pterostichus pensylvanicus","species","cf. species","LeConte",,1,"Lindroth, C. H. 1969. The ground-beetles (Carabidae, excl. Cicindelinae) of Canada and Alaska, parts 1-6. Opuscula E. Entomoligiska Sallskapet.","Syw2LXB/pj+fmGCuwdgBGVryVUmYhw3g","lLQBQVfayhr3D1tZaVTYCAmpRMui4lXg/r98CgvafXs=","Pinned. Could be PTEADS."
"4ba501f4-a5b3-49d1-b71e-df29753c5fed","UNDE_001.basePlot.bet","D05","UNDE","UNDE_001","S","2015-06-22","2015-07-06","2015-07-07","2015-08-07","2015-10-26","UNDE_001.S.20150706","kh3xmoTmJnBOmO2jgFxxyXwsdwYH2yRljwtuv6bsJ7g=","carabid","PTETRI3","Pterostichus tristis","species","cf. species","Dejean",,1,"Lindroth, C. H. 1969. The ground-beetles (Carabidae, excl. Cicindelinae) of Canada and Alaska, parts 1-6. Opuscula E. Entomoligiska Sallskapet.","Syw2LXB/pj+fmGCuwdgBGVryVUmYhw3g","lLQBQVfayhr3D1tZaVTYCAmpRMui4lXg/r98CgvafXs=","Pinned. Could be PTEADO."
"e79631e1-3223-472a-a8d0-a2e5e9cebc41","UNDE_011.basePlot.bet","D05","UNDE","UNDE_011","S","2015-06-22","2015-07-06","2015-07-07","2015-08-07",,"UNDE_011.S.20150706","0Ya1AWR2lPjOH9slevD5lOC5yzkmMbyGxBBfrtASO3o=","invert bycatch",,,,,,,,,,"sNWmFOzJI5k0heJ/hgLOpehrR5IinP1+",
"f3742752-59e9-4cd0-b66c-fb5225571b66","UNDE_008.basePlot.bet","D05","UNDE","UNDE_008","S","2015-06-22","2015-07-06","2015-07-07","2015-08-07","2015-10-26","UNDE_008.S.20150706","MjA7sUqH2CbTzc7rq9n5rn7QrkWrHTlcG+AnweoJAyQ=","carabid","PTEMEL","Pterostichus melanarius melanarius","subspecies",,"Illiger",,1,"Lindroth, C. H. 1969. The ground-beetles (Carabidae, excl. Cicindelinae) of Canada and Alaska, parts 1-6. Opuscula E. Entomoligiska Sallskapet.","Syw2LXB/pj+fmGCuwdgBGVryVUmYhw3g","lLQBQVfayhr3D1tZaVTYCAmpRMui4lXg/r98CgvafXs=","left in vial (not pinned)"
"7d204b9a-a3be-46d7-bcff-5201b1f8ad6c","UNDE_008.basePlot.bet","D05","UNDE","UNDE_008","S","2015-06-22","2015-07-06","2015-07-07","2015-08-07","2015-10-26","UNDE_008.S.20150706","MjA7sUqH2CbTzc7rq9n5rguQS0tbMMB+dAeZpOgjqSY=","carabid","PTECOR1","Pterostichus coracinus","species","cf. species","Newman",,1,"Lindroth, C. H. 1969. The ground-beetles (Carabidae, excl. Cicindelinae) of Canada and Alaska, parts 1-6. Opuscula E. Entomoligiska Sallskapet.","Syw2LXB/pj+fmGCuwdgBGVryVUmYhw3g","lLQBQVfayhr3D1tZaVTYCAmpRMui4lXg/r98CgvafXs=","Pinned. Could be PTENOV."
"c32f4c98-63fa-47f6-9d7b-cf5163b67c79","UNDE_008.basePlot.bet","D05","UNDE","UNDE_008","S","2015-06-22","2015-07-06","2015-07-07","2015-08-07",,"UNDE_008.S.20150706","MjA7sUqH2CbTzc7rq9n5rsv+jsKbg1piV/i/y0r+Mgg=","invert bycatch",,,,,,,,,,"lLQBQVfayhr3D1tZaVTYCAmpRMui4lXg/r98CgvafXs=",
"31f3ed4a-a4c1-41f5-88c6-a859f2073f4c","UNDE_002.basePlot.bet","D05","UNDE","UNDE_002","S","2015-06-22","2015-07-06","2015-07-07","2015-08-07",,"UNDE_002.S.20150706","JrVNSI+TG1KjDnRGwybwsBeO0a15zYEds5U5j4ujHOY=","invert bycatch",,,,,,,,,,"sNWmFOzJI5k0heJ/hgLOpehrR5IinP1+",
"1d9977ef-f544-4aa6-9635-4950f0e76b23","UNDE_006.basePlot.bet","D05","UNDE","UNDE_006","S","2015-06-22","2015-07-06","2015-07-07","2015-08-07","2015-09-29","UNDE_006.S.20150706","izIYmtFoQUincgda/qaeEif21Fklf1Y0ZI93hCJ+5QA=","carabid","SYNIMP","Synuchus impunctatus","species",,"Say",,1,"Lindroth, C. H. 1969. The ground-beetles (Carabidae, excl. Cicindelinae) of Canada and Alaska, parts 1-6. Opuscula E. Entomoligiska Sallskapet.","Syw2LXB/pj+fmGCuwdgBGVryVUmYhw3g","sNWmFOzJI5k0heJ/hgLOpehrR5IinP1+","Pinned."
"3669fc45-ebfe-4f95-8b5b-2e537a245ad3","UNDE_006.basePlot.bet","D05","UNDE","UNDE_006","S","2015-06-22","2015-07-06","2015-07-07","2015-08-07",,"UNDE_006.S.20150706","izIYmtFoQUincgda/qaeEvAetXhUMMGO7NLaNvyEmrs=","invert bycatch",,,,,,,,,,"lLQBQVfayhr3D1tZaVTYCAmpRMui4lXg/r98CgvafXs=",
"eb03f5be-6d08-4fdd-92c3-5a8379bd6d86","UNDE_006.basePlot.bet","D05","UNDE","UNDE_006","S","2015-06-22","2015-07-06","2015-07-07","2015-08-07","2015-09-25","UNDE_006.S.20150706","izIYmtFoQUincgda/qaeEt39mxA381VP3F9X9Dm23h4=","carabid","PTEMEL","Pterostichus melanarius melanarius","subspecies",,"Illiger",,1,"Lindroth, C. H. 1969. The ground-beetles (Carabidae, excl. Cicindelinae) of Canada and Alaska, parts 1-6. Opuscula E. Entomoligiska Sallskapet.","XZoPj1u9UmznO7Lakic/e+h3MMLMvbQt","lLQBQVfayhr3D1tZaVTYCAmpRMui4lXg/r98CgvafXs=","pinned."
"ea2f45e5-08d0-4675-89f5-75a1e975df2f","UNDE_012.basePlot.bet","D05","UNDE","UNDE_012","S","2015-06-22","2015-07-06","2015-07-07","2015-08-07","2015-10-08","UNDE_012.S.20150706","+v0vuVmyR4CIkd7rDYGbT3D+SvZ5pNH9d7x8c4D7lyk=","carabid","CLIIMP","Clivina impressefrons","species",,"LeConte",,1,"Lindroth, C. H. 1969. The ground-beetles (Carabidae, excl. Cicindelinae) of Canada and Alaska, parts 1-6. Opuscula E. Entomoligiska Sallskapet.","Syw2LXB/pj+fmGCuwdgBGVryVUmYhw3g","sNWmFOzJI5k0heJ/hgLOpehrR5IinP1+","Pinned."
"c1ccb3e5-2d1d-46c2-8fb7-c4f2f569fd8d","UNDE_012.basePlot.bet","D05","UNDE","UNDE_012","S","2015-06-22","2015-07-06","2015-07-07","2015-08-07","2015-10-08","UNDE_012.S.20150706","+v0vuVmyR4CIkd7rDYGbTxa6j0qSYG1PQDIbnVSsz94=","carabid","CARNEM","Carabus nemoralis nemoralis","subspecies",,"Mueller",,2,"Lindroth, C. H. 1969. The ground-beetles (Carabidae, excl. Cicindelinae) of Canada and Alaska, parts 1-6. Opuscula E. Entomoligiska Sallskapet.","Syw2LXB/pj+fmGCuwdgBGVryVUmYhw3g","sNWmFOzJI5k0heJ/hgLOpehrR5IinP1+","Left in vial (not pinned)."
"e35202e0-da58-4d2b-a452-0f460aab46dc","UNDE_012.basePlot.bet","D05","UNDE","UNDE_012","S","2015-06-22","2015-07-06","2015-07-07","2015-08-07",,"UNDE_012.S.20150706","+v0vuVmyR4CIkd7rDYGbT7lezLsk7X4Nf+Cn/SDuGHQ=","invert bycatch",,,,,,,,,,"sNWmFOzJI5k0heJ/hgLOpehrR5IinP1+",
"754dcfd1-c41a-4c50-9fda-3c74eb88c57d","UNDE_012.basePlot.bet","D05","UNDE","UNDE_012","S","2015-06-22","2015-07-06","2015-07-07","2015-08-07","2015-10-08","UNDE_012.S.20150706","+v0vuVmyR4CIkd7rDYGbTymnoYCSfVy5hi5wlh+PwSI=","carabid","PTEMEL","Pterostichus melanarius melanarius","subspecies",,"Illiger",,2,"Lindroth, C. H. 1969. The ground-beetles (Carabidae, excl. Cicindelinae) of Canada and Alaska, parts 1-6. Opuscula E. Entomoligiska Sallskapet.","Syw2LXB/pj+fmGCuwdgBGVryVUmYhw3g","sNWmFOzJI5k0heJ/hgLOpehrR5IinP1+","Pinned."
"6fadd5ba-8828-49e1-8491-3b4783d70c65","UNDE_012.basePlot.bet","D05","UNDE","UNDE_012","S","2015-06-22","2015-07-06","2015-07-07","2015-08-07","2015-08-07","UNDE_012.S.20150706","+v0vuVmyR4CIkd7rDYGbT6/ucb8j0dU+SeHCYnMcWqE=","vert bycatch herp","PSECRU","Pseudacris crucifer","species",,"Wied-Neuwied",,1,"Other","sNWmFOzJI5k0heJ/hgLOpehrR5IinP1+","sNWmFOzJI5k0heJ/hgLOpehrR5IinP1+",
"f66fa0c6-4445-4290-ad88-560146af59bc","UNDE_003.basePlot.bet","D05","UNDE","UNDE_003","S","2015-06-22","2015-07-06","2015-07-07","2015-08-07",,"UNDE_003.S.20150706","UKgrtiGQYSD93KL4taUQ/2FsAIP2l/KCykH4nrQprms=","invert bycatch",,,,,,,,,,"sNWmFOzJI5k0heJ/hgLOpehrR5IinP1+",
"02f2e561-714b-4ba2-8b5e-4e1c2384c688","UNDE_001.basePlot.bet","D05","UNDE","UNDE_001","S","2015-06-22","2015-07-06","2015-07-07","2015-08-07","2015-10-26","UNDE_001.S.20150706","kh3xmoTmJnBOmO2jgFxxyRQJd4gJNzfoHZ15uh8kBZE=","carabid","SYNIMP","Synuchus impunctatus","species",,"Say",,2,"Lindroth, C. H. 1969. The ground-beetles (Carabidae, excl. Cicindelinae) of Canada and Alaska, parts 1-6. Opuscula E. Entomoligiska Sallskapet.","Syw2LXB/pj+fmGCuwdgBGVryVUmYhw3g","lLQBQVfayhr3D1tZaVTYCAmpRMui4lXg/r98CgvafXs=","Both pinned."
"d01065d6-bd01-4f11-ad3b-d365a23490a2","UNDE_012.basePlot.bet","D05","UNDE","UNDE_012","W","2015-06-22","2015-07-06","2015-07-07","2015-08-07","2015-10-08","UNDE_012.W.20150706","+v0vuVmyR4D8BUMGCb9TBnW0HZ7cghw+q9XU6RlNDFo=","carabid","CARSP14","Carabidae sp.","family",,"Latreille","D05.2015.MorphM",1,"Other","Syw2LXB/pj+fmGCuwdgBGVryVUmYhw3g","sNWmFOzJI5k0heJ/hgLOpehrR5IinP1+","Pinned. Morphospecies description: similar to ptepen in elytral puncture situation. Size approximately 12-13mm. Slightly paler (more brown) compared other ptepen & pteads. Legs paler."
"0d288a3e-6af4-4bec-a640-fbecf51aa87a","UNDE_006.basePlot.bet","D05","UNDE","UNDE_006","W","2015-06-22","2015-07-06","2015-07-07","2015-08-07",,"UNDE_006.W.20150706","izIYmtFoQUiVOEIRqtIFZP5gfd5ZkkbxBDi7F4jNhQo=","invert bycatch",,,,,,,,,,"lLQBQVfayhr3D1tZaVTYCAmpRMui4lXg/r98CgvafXs=",
"a7241020-118f-4c47-9f05-94fbdec308a9","UNDE_006.basePlot.bet","D05","UNDE","UNDE_006","W","2015-06-22","2015-07-06","2015-07-07","2015-08-07","2015-09-29","UNDE_006.W.20150706","izIYmtFoQUiVOEIRqtIFZDoViKC8Tvyl2G+wzr7Ml30=","carabid","PTEMUT2","Pterostichus mutus","species",,"Say",,1,"Lindroth, C. H. 1969. The ground-beetles (Carabidae, excl. Cicindelinae) of Canada and Alaska, parts 1-6. Opuscula E. Entomoligiska Sallskapet.","Syw2LXB/pj+fmGCuwdgBGVryVUmYhw3g","sNWmFOzJI5k0heJ/hgLOpehrR5IinP1+","Pinned."
"b87a8ca6-8608-47e1-b0f3-0f77db14f886","UNDE_006.basePlot.bet","D05","UNDE","UNDE_006","W","2015-06-22","2015-07-06","2015-07-07","2015-08-07","2015-09-25","UNDE_006.W.20150706","izIYmtFoQUiVOEIRqtIFZDoViKC8TvylmuErfsSKwgc=","carabid","PTEMEL","Pterostichus melanarius melanarius","subspecies",,"Illiger",,1,"Lindroth, C. H. 1969. The ground-beetles (Carabidae, excl. Cicindelinae) of Canada and Alaska, parts 1-6. Opuscula E. Entomoligiska Sallskapet.","XZoPj1u9UmznO7Lakic/e+h3MMLMvbQt","lLQBQVfayhr3D1tZaVTYCAmpRMui4lXg/r98CgvafXs=","Pinned."
"73c89d34-be1f-4f0b-9769-f9abdca356b3","UNDE_011.basePlot.bet","D05","UNDE","UNDE_011","W","2015-06-22","2015-07-06","2015-07-07","2015-08-07",,"UNDE_011.W.20150706","0Ya1AWR2lPhXpWIOgzgwG/T9KZ9azxrDYO3EdcozI6A=","invert bycatch",,,,,,,,,,"sNWmFOzJI5k0heJ/hgLOpehrR5IinP1+",
"9687859f-916d-4bd1-bf17-abf391617585","UNDE_011.basePlot.bet","D05","UNDE","UNDE_011","W","2015-06-22","2015-07-06","2015-07-07","2015-08-07","2015-09-24","UNDE_011.W.20150706","0Ya1AWR2lPhXpWIOgzgwG5czHse2MKq9gwB9vlt34XA=","carabid","SPHSTE1","Sphaeroderus stenostomus lecontei","subspecies",,"Dejean",,1,"Lindroth, C. H. 1969. The ground-beetles (Carabidae, excl. Cicindelinae) of Canada and Alaska, parts 1-6. Opuscula E. Entomoligiska Sallskapet.","Syw2LXB/pj+fmGCuwdgBGVryVUmYhw3g","sNWmFOzJI5k0heJ/hgLOpehrR5IinP1+","Pinned."
"b2e7e0fc-8313-49cb-8da5-ee43f688f10b","UNDE_008.basePlot.bet","D05","UNDE","UNDE_008","W","2015-06-22","2015-07-06","2015-07-07","2015-08-07",,"UNDE_008.W.20150706","MjA7sUqH2Cau71Ud/qCQ7PnJ+5qO0TwE2fJgNph3DxM=","invert bycatch",,,,,,,,,,"lLQBQVfayhr3D1tZaVTYCAmpRMui4lXg/r98CgvafXs=",
"5809f516-42c7-4abe-8d5c-d49447350c2c","UNDE_008.basePlot.bet","D05","UNDE","UNDE_008","W","2015-06-22","2015-07-06","2015-07-07","2015-08-07","2015-10-26","UNDE_008.W.20150706","MjA7sUqH2Cau71Ud/qCQ7F0ddCTephB+52YPDLqL+EU=","carabid","PTEMEL","Pterostichus melanarius melanarius","subspecies",,"Illiger",,1,"Lindroth, C. H. 1969. The ground-beetles (Carabidae, excl. Cicindelinae) of Canada and Alaska, parts 1-6. Opuscula E. Entomoligiska Sallskapet.","Syw2LXB/pj+fmGCuwdgBGVryVUmYhw3g","lLQBQVfayhr3D1tZaVTYCAmpRMui4lXg/r98CgvafXs=","Pinned."
"e2b46c78-518a-4269-acb9-fd4783bbc045","UNDE_001.basePlot.bet","D05","UNDE","UNDE_001","W","2015-06-22","2015-07-06","2015-07-07","2015-08-07",,"UNDE_001.W.20150706","kh3xmoTmJnDe9rFmDlBXbRdCaaTl3vdjL4DvJbfRlsY=","invert bycatch",,,,,,,,,,"lLQBQVfayhr3D1tZaVTYCAmpRMui4lXg/r98CgvafXs=",
"154156c6-9b4d-4a23-b9fc-a6716379ab98","UNDE_001.basePlot.bet","D05","UNDE","UNDE_001","W","2015-06-22","2015-07-06","2015-07-07","2015-08-07","2015-10-26","UNDE_001.W.20150706","kh3xmoTmJnDe9rFmDlBXbQX2fGD1gtEQvA2hWbG5LJ0=","carabid","PTEPEN","Pterostichus pensylvanicus","species","cf. species","LeConte",,2,"Lindroth, C. H. 1969. The ground-beetles (Carabidae, excl. Cicindelinae) of Canada and Alaska, parts 1-6. Opuscula E. Entomoligiska Sallskapet.","Syw2LXB/pj+fmGCuwdgBGVryVUmYhw3g","lLQBQVfayhr3D1tZaVTYCAmpRMui4lXg/r98CgvafXs=","pinned. Could be PTEADS."
"8890af7e-11f2-40f7-9420-9ab2b7233a96","UNDE_001.basePlot.bet","D05","UNDE","UNDE_001","W","2015-06-22","2015-07-06","2015-07-07","2015-08-07","2015-10-26","UNDE_001.W.20150706","kh3xmoTmJnDe9rFmDlBXbfncv+JNS2l95neBzXoeh6E=","carabid","SYNIMP","Synuchus impunctatus","species",,"Say",,1,"Lindroth, C. H. 1969. The ground-beetles (Carabidae, excl. Cicindelinae) of Canada and Alaska, parts 1-6. Opuscula E. Entomoligiska Sallskapet.","Syw2LXB/pj+fmGCuwdgBGVryVUmYhw3g","lLQBQVfayhr3D1tZaVTYCAmpRMui4lXg/r98CgvafXs=","pinned."
"7eab3d8e-27ad-414e-8a59-4f2efcc2951c","UNDE_007.basePlot.bet","D05","UNDE","UNDE_007","W","2015-06-22","2015-07-06","2015-07-07","2015-08-07",,"UNDE_007.W.20150706","sj+sxzQpSGD1HzFiTYVmCj0vvK8axhKKCMta/zsGp+w=","invert bycatch",,,,,,,,,,"sNWmFOzJI5k0heJ/hgLOpehrR5IinP1+",
"103d75c5-8100-4044-900d-44d1ab1af1ca","UNDE_007.basePlot.bet","D05","UNDE","UNDE_007","W","2015-06-22","2015-07-06","2015-07-07","2015-08-07","2015-10-08","UNDE_007.W.20150706","sj+sxzQpSGD1HzFiTYVmCk38wsFcoc5nyWAMa8YRY7o=","carabid","SPHSTE1","Sphaeroderus stenostomus lecontei","subspecies",,"Dejean",,1,"Lindroth, C. H. 1969. The ground-beetles (Carabidae, excl. Cicindelinae) of Canada and Alaska, parts 1-6. Opuscula E. Entomoligiska Sallskapet.","Syw2LXB/pj+fmGCuwdgBGVryVUmYhw3g","sNWmFOzJI5k0heJ/hgLOpehrR5IinP1+","Pinned."
"5d8ca005-e09b-4a90-826d-6c7903499180","UNDE_017.basePlot.bet","D05","UNDE","UNDE_017","W","2015-06-22","2015-07-06","2015-07-07","2015-08-07",,"UNDE_017.W.20150706","xHY1KmNCr21/vfHrmPsO/WdxhLQWaXcbGFFbc0iBQ7E=","invert bycatch",,,,,,,,,,"sNWmFOzJI5k0heJ/hgLOpehrR5IinP1+",
"e236d5c5-9e60-4739-baba-2a70c2babdaa","UNDE_006.basePlot.bet","D05","UNDE","UNDE_006","E","2015-06-22","2015-07-06","2015-07-07","2015-08-07",,"UNDE_006.E.20150706","izIYmtFoQUjYvdCG/eJV16kCShm20T0rtHvsGUCQESk=","invert bycatch",,,,,,,,,,"lLQBQVfayhr3D1tZaVTYCAmpRMui4lXg/r98CgvafXs=",
"0a039fc3-cb3d-4e74-a184-171d49c7c4ef","UNDE_002.basePlot.bet","D05","UNDE","UNDE_002","E","2015-06-22","2015-07-06","2015-07-07","2015-08-07",,"UNDE_002.E.20150706","JrVNSI+TG1Jd4e6ZdTANObk/lxDTUuANSHezxJtoC6Y=","invert bycatch",,,,,,,,,,"sNWmFOzJI5k0heJ/hgLOpehrR5IinP1+",
"9dbdb2c2-d33d-4be4-8b5d-dfe0457ce4fe","UNDE_006.basePlot.bet","D05","UNDE","UNDE_006","E","2015-06-22","2015-07-06","2015-07-07","2015-08-07","2015-09-29","UNDE_006.E.20150706","izIYmtFoQUjYvdCG/eJV11eJMan67bAyFAytPQ4Jj4M=","carabid","SYNIMP","Synuchus impunctatus","species","cf. species","Say",,1,"Lindroth, C. H. 1969. The ground-beetles (Carabidae, excl. Cicindelinae) of Canada and Alaska, parts 1-6. Opuscula E. Entomoligiska Sallskapet.","Syw2LXB/pj+fmGCuwdgBGVryVUmYhw3g","sNWmFOzJI5k0heJ/hgLOpehrR5IinP1+","Pinned."
"1e2ee0e8-3434-41fd-9725-54c3b13197f8","UNDE_017.basePlot.bet","D05","UNDE","UNDE_017","E","2015-06-22","2015-07-06","2015-07-07","2015-08-07","2015-10-08","UNDE_017.E.20150706","xHY1KmNCr21DrRJn5PYxf/CCt2ft29uxam8pTwcSOt4=","carabid","PLADEC","Platynus decentis","species",,"Say",,2,"Lindroth, C. H. 1969. The ground-beetles (Carabidae, excl. Cicindelinae) of Canada and Alaska, parts 1-6. Opuscula E. Entomoligiska Sallskapet.","Syw2LXB/pj+fmGCuwdgBGVryVUmYhw3g","sNWmFOzJI5k0heJ/hgLOpehrR5IinP1+","Pinned."
"a9f2943f-f268-420e-9173-4c8bb0c4ebcd","UNDE_011.basePlot.bet","D05","UNDE","UNDE_011","E","2015-06-22","2015-07-06","2015-07-07","2015-08-07","2015-10-08","UNDE_011.E.20150706","0Ya1AWR2lPiVqJfHQh+4u9P+JNf1DKFX2/dJbWp1ELY=","carabid","CLIIMP","Clivina impressefrons","species","cf. species","LeConte",,1,"Lindroth, C. H. 1969. The ground-beetles (Carabidae, excl. Cicindelinae) of Canada and Alaska, parts 1-6. Opuscula E. Entomoligiska Sallskapet.","Syw2LXB/pj+fmGCuwdgBGVryVUmYhw3g","sNWmFOzJI5k0heJ/hgLOpehrR5IinP1+","Pinned. Could be CLIFOS."
"881d1aa0-9815-43cd-a104-2bc1e0f7b3ee","UNDE_011.basePlot.bet","D05","UNDE","UNDE_011","E","2015-06-22","2015-07-06","2015-07-07","2015-08-07","2015-09-25","UNDE_011.E.20150706","0Ya1AWR2lPiVqJfHQh+4u77OwAfi0tiM2OCBC7YJN14=","carabid","PTECOR1","Pterostichus coracinus","species","cf. species","Newman",,1,"Lindroth, C. H. 1969. The ground-beetles (Carabidae, excl. Cicindelinae) of Canada and Alaska, parts 1-6. Opuscula E. Entomoligiska Sallskapet.","Syw2LXB/pj+fmGCuwdgBGVryVUmYhw3g","sNWmFOzJI5k0heJ/hgLOpehrR5IinP1+","Pinned. Could be PTENOV."
"77efad17-3b7f-4711-8906-373089b0c8a5","UNDE_008.basePlot.bet","D05","UNDE","UNDE_008","E","2015-06-22","2015-07-06","2015-07-07","2015-08-07","2015-10-26","UNDE_008.E.20150706","MjA7sUqH2Ca0m+Es0SGwOeqLE2G9OK6LnOqzjL1qEk4=","carabid","SYNIMP","Synuchus impunctatus","species",,"Say",,3,"Lindroth, C. H. 1969. The ground-beetles (Carabidae, excl. Cicindelinae) of Canada and Alaska, parts 1-6. Opuscula E. Entomoligiska Sallskapet.","Syw2LXB/pj+fmGCuwdgBGVryVUmYhw3g","lLQBQVfayhr3D1tZaVTYCAmpRMui4lXg/r98CgvafXs=","Left in vial (not pinned)."
"e2bac2a3-ff56-4fb4-8f11-fa6dac4a2ce3","UNDE_007.basePlot.bet","D05","UNDE","UNDE_007","E","2015-06-22","2015-07-06","2015-07-07","2015-08-07","2015-10-08","UNDE_007.E.20150706","sj+sxzQpSGBowuXeQO717KGnz6+EjFcPoyayTGKqt8k=","carabid","PTEMEL","Pterostichus melanarius melanarius","subspecies",,"Illiger",,1,"Lindroth, C. H. 1969. The ground-beetles (Carabidae, excl. Cicindelinae) of Canada and Alaska, parts 1-6. Opuscula E. Entomoligiska Sallskapet.","Syw2LXB/pj+fmGCuwdgBGVryVUmYhw3g","sNWmFOzJI5k0heJ/hgLOpehrR5IinP1+","Pinned."
"b9cea5c7-e42a-47e9-8dc2-c012ab7bee49","UNDE_017.basePlot.bet","D05","UNDE","UNDE_017","E","2015-06-22","2015-07-06","2015-07-07","2015-08-07",,"UNDE_017.E.20150706","xHY1KmNCr21DrRJn5PYxf8jijlFtoIgKuyOap/XSmo4=","invert bycatch",,,,,,,,,,"sNWmFOzJI5k0heJ/hgLOpehrR5IinP1+",
"daede16f-758f-4467-af6b-96a947fb6119","UNDE_001.basePlot.bet","D05","UNDE","UNDE_001","E","2015-06-22","2015-07-06","2015-07-07","2015-08-07",,"UNDE_001.E.20150706","kh3xmoTmJnCUw/P0Ua+hOb5DmM6PZ055W46jEuo7Gos=","invert bycatch",,,,,,,,,,"lLQBQVfayhr3D1tZaVTYCAmpRMui4lXg/r98CgvafXs=",
"07a981e6-afe6-491a-92f2-85acc5aa670c","UNDE_001.basePlot.bet","D05","UNDE","UNDE_001","E","2015-06-22","2015-07-06","2015-07-07","2015-08-07","2015-10-26","UNDE_001.E.20150706","kh3xmoTmJnCUw/P0Ua+hORmuB2T6qKZCkpn2e0dqcks=","carabid","SYNIMP","Synuchus impunctatus","species",,"Say",,2,"Lindroth, C. H. 1969. The ground-beetles (Carabidae, excl. Cicindelinae) of Canada and Alaska, parts 1-6. Opuscula E. Entomoligiska Sallskapet.","Syw2LXB/pj+fmGCuwdgBGVryVUmYhw3g","lLQBQVfayhr3D1tZaVTYCAmpRMui4lXg/r98CgvafXs=","left in vial (not pinned)."
"76561d8e-f988-4aaa-a0cb-fb2b5bd331b3","UNDE_010.basePlot.bet","D05","UNDE","UNDE_010","E","2015-06-22","2015-07-06","2015-07-07","2015-08-07","2015-10-26","UNDE_010.E.20150706","hQDJ3TYDfoyUj4OsEBOXm8icNKynT+1QQGeWWFeqsdA=","carabid","PTEMEL","Pterostichus melanarius melanarius","subspecies",,"Illiger",,4,"Lindroth, C. H. 1969. The ground-beetles (Carabidae, excl. Cicindelinae) of Canada and Alaska, parts 1-6. Opuscula E. Entomoligiska Sallskapet.","Syw2LXB/pj+fmGCuwdgBGVryVUmYhw3g","hTluQy3olQHlKRcM8UEU2LDDPnTZyBZr","Left in vial (not pinned)."
"b80ae481-6292-452a-94c6-8b0bfcc1366e","UNDE_010.basePlot.bet","D05","UNDE","UNDE_010","E","2015-06-22","2015-07-06","2015-07-07","2015-08-07","2015-10-26","UNDE_010.E.20150706","hQDJ3TYDfoyUj4OsEBOXm8ztQowgRZWXtjqeJK/haAk=","carabid","SYNIMP","Synuchus impunctatus","species",,"Say",,1,"Lindroth, C. H. 1969. The ground-beetles (Carabidae, excl. Cicindelinae) of Canada and Alaska, parts 1-6. Opuscula E. Entomoligiska Sallskapet.","Syw2LXB/pj+fmGCuwdgBGVryVUmYhw3g","hTluQy3olQHlKRcM8UEU2LDDPnTZyBZr","Pooled with SYNIMP from north trap."
"a97bc1cf-cfab-4461-a15c-4f06469cfe27","UNDE_007.basePlot.bet","D05","UNDE","UNDE_007","E","2015-06-22","2015-07-06","2015-07-07","2015-08-07","2015-10-08","UNDE_007.E.20150706","sj+sxzQpSGBowuXeQO717Aq9S4nyDmC+SIce+WvABNQ=","carabid","SYNIMP","Synuchus impunctatus","species",,"Say",,3,"Lindroth, C. H. 1969. The ground-beetles (Carabidae, excl. Cicindelinae) of Canada and Alaska, parts 1-6. Opuscula E. Entomoligiska Sallskapet.","Syw2LXB/pj+fmGCuwdgBGVryVUmYhw3g","sNWmFOzJI5k0heJ/hgLOpehrR5IinP1+","Pooled with SYNIMP from south trap."
"2962c529-0abe-41f7-8d43-ac0acf148e72","UNDE_008.basePlot.bet","D05","UNDE","UNDE_008","E","2015-06-22","2015-07-06","2015-07-07","2015-08-07","2015-10-26","UNDE_008.E.20150706","MjA7sUqH2Ca0m+Es0SGwOR3p+HkeGmE//UjutWSiKio=","carabid","PTEPEN","Pterostichus pensylvanicus","species","cf. species","LeConte",,1,"Lindroth, C. H. 1969. The ground-beetles (Carabidae, excl. Cicindelinae) of Canada and Alaska, parts 1-6. Opuscula E. Entomoligiska Sallskapet.","Syw2LXB/pj+fmGCuwdgBGVryVUmYhw3g","lLQBQVfayhr3D1tZaVTYCAmpRMui4lXg/r98CgvafXs=","Pinned. Could be PTEADS."
"f9055ff5-32e4-49ca-a3eb-fbdfdd734ae6","UNDE_006.basePlot.bet","D05","UNDE","UNDE_006","E","2015-06-22","2015-07-06","2015-07-07","2015-08-07","2015-09-25","UNDE_006.E.20150706","izIYmtFoQUjYvdCG/eJV16AEw048zoUZaBWoJfL9Kkg=","carabid","NOTAEN","Notiophilus aeneus","species",,"Herbst",,1,"Lindroth, C. H. 1969. The ground-beetles (Carabidae, excl. Cicindelinae) of Canada and Alaska, parts 1-6. Opuscula E. Entomoligiska Sallskapet.","Syw2LXB/pj+fmGCuwdgBGVryVUmYhw3g","sNWmFOzJI5k0heJ/hgLOpehrR5IinP1+","Pinned."
"fae7e876-60d9-48b3-b78a-fb5da5450906","UNDE_012.basePlot.bet","D05","UNDE","UNDE_012","E","2015-06-22","2015-07-06","2015-07-07","2015-08-07",,"UNDE_012.E.20150706","+v0vuVmyR4Af2uvP6M5Ld2bm9PokY34XxH06WOFE7RY=","invert bycatch",,,,,,,,,,"sNWmFOzJI5k0heJ/hgLOpehrR5IinP1+",
"db3f5ad1-e764-4649-9666-07f4ba4295bf","UNDE_010.basePlot.bet","D05","UNDE","UNDE_010","E","2015-06-22","2015-07-06","2015-07-07","2015-08-07",,"UNDE_010.E.20150706","hQDJ3TYDfoyUj4OsEBOXm7n2dY8nbSfD4aha2HgpXjs=","invert bycatch",,,,,,,,,,"hTluQy3olQHlKRcM8UEU2LDDPnTZyBZr",
"9bce24f4-e952-4302-a550-c5be54e24343","UNDE_007.basePlot.bet","D05","UNDE","UNDE_007","E","2015-06-22","2015-07-06","2015-07-07","2015-08-07",,"UNDE_007.E.20150706","sj+sxzQpSGBowuXeQO717DUJ9UvLivenAn45rtWu2wc=","invert bycatch",,,,,,,,,,"sNWmFOzJI5k0heJ/hgLOpehrR5IinP1+",
"da65ba0a-82bc-4726-828c-65be82a5efb0","UNDE_011.basePlot.bet","D05","UNDE","UNDE_011","E","2015-06-22","2015-07-06","2015-07-07","2015-08-07",,"UNDE_011.E.20150706","0Ya1AWR2lPiVqJfHQh+4u/shCYQZAf6Prp96PpHLBWU=","invert bycatch",,,,,,,,,,"sNWmFOzJI5k0heJ/hgLOpehrR5IinP1+",
"166af1d3-4a5a-4c4a-b04c-158bd9315651","UNDE_008.basePlot.bet","D05","UNDE","UNDE_008","E","2015-06-22","2015-07-06","2015-07-07","2015-08-07",,"UNDE_008.E.20150706","MjA7sUqH2Ca0m+Es0SGwOY68GGeMkqdFO8+4pbL+r+o=","invert bycatch",,,,,,,,,,"lLQBQVfayhr3D1tZaVTYCAmpRMui4lXg/r98CgvafXs=",
"3c8b15ea-dd18-468a-bcb1-45a49cf88bf5","UNDE_010.basePlot.bet","D05","UNDE","UNDE_010","N","2015-06-22","2015-07-06","2015-07-07","2015-08-07","2015-10-26","UNDE_010.N.20150706","hQDJ3TYDfoxCoxtjFHMyZ79D3CiHy9pkVgurcM5P/aE=","carabid","SYNIMP","Synuchus impunctatus","species",,"Say",,2,"Lindroth, C. H. 1969. The ground-beetles (Carabidae, excl. Cicindelinae) of Canada and Alaska, parts 1-6. Opuscula E. Entomoligiska Sallskapet.","Syw2LXB/pj+fmGCuwdgBGVryVUmYhw3g","hTluQy3olQHlKRcM8UEU2LDDPnTZyBZr","Pooled with SYNIMP from east trap."
"7d17d9cb-998c-42d6-927f-cfa898593561","UNDE_010.basePlot.bet","D05","UNDE","UNDE_010","N","2015-06-22","2015-07-06","2015-07-07","2015-08-07","2015-10-26","UNDE_010.N.20150706","hQDJ3TYDfoxCoxtjFHMyZ9WOL5r2KciY+ZHVuPVaNUM=","carabid","CARNEM","Carabus nemoralis nemoralis","subspecies",,"Mueller",,2,"Lindroth, C. H. 1969. The ground-beetles (Carabidae, excl. Cicindelinae) of Canada and Alaska, parts 1-6. Opuscula E. Entomoligiska Sallskapet.","Syw2LXB/pj+fmGCuwdgBGVryVUmYhw3g","hTluQy3olQHlKRcM8UEU2LDDPnTZyBZr","Left in vial (not pinned)."
"ad4619f8-9719-44fc-96f0-59c21f8af87d","UNDE_007.basePlot.bet","D05","UNDE","UNDE_007","N","2015-06-22","2015-07-06","2015-07-07","2015-08-07","2015-10-08","UNDE_007.N.20150706","sj+sxzQpSGChK6h/mW6WHgwlZlY3ZAKx90NsgmHxA8M=","carabid","AGORET","Agonum retractum","species",,"LeConte",,1,"Lindroth, C. H. 1969. The ground-beetles (Carabidae, excl. Cicindelinae) of Canada and Alaska, parts 1-6. Opuscula E. Entomoligiska Sallskapet.","Syw2LXB/pj+fmGCuwdgBGVryVUmYhw3g","sNWmFOzJI5k0heJ/hgLOpehrR5IinP1+","Pinned."
"d59d88ca-19df-4957-9c0b-0e2560003b4b","UNDE_007.basePlot.bet","D05","UNDE","UNDE_007","N","2015-06-22","2015-07-06","2015-07-07","2015-08-07",,"UNDE_007.N.20150706","sj+sxzQpSGChK6h/mW6WHsa2QHBd9XUzb0R5mYZoqdE=","invert bycatch",,,,,,,,,,"sNWmFOzJI5k0heJ/hgLOpehrR5IinP1+",
"d39887ea-93e6-47c0-9407-2eed3431d2b4","UNDE_003.basePlot.bet","D05","UNDE","UNDE_003","N","2015-06-22","2015-07-06","2015-07-07","2015-08-07",,"UNDE_003.N.20150706","UKgrtiGQYSDE7Wv8PWCVB0uHpgnwnxs0BvmMeVSw1Fc=","invert bycatch",,,,,,,,,,"sNWmFOzJI5k0heJ/hgLOpehrR5IinP1+",
"01acbb00-45b0-419c-8829-6e09fe068530","UNDE_003.basePlot.bet","D05","UNDE","UNDE_003","N","2015-06-22","2015-07-06","2015-07-07","2015-08-07","2015-10-01","UNDE_003.N.20150706","UKgrtiGQYSDE7Wv8PWCVB/eqXIbu8b9zDUWC+u5um5Q=","carabid","PTELUC","Pterostichus luctuosus","species",,"Dejean",,3,"Lindroth, C. H. 1969. The ground-beetles (Carabidae, excl. Cicindelinae) of Canada and Alaska, parts 1-6. Opuscula E. Entomoligiska Sallskapet.","Syw2LXB/pj+fmGCuwdgBGVryVUmYhw3g","sNWmFOzJI5k0heJ/hgLOpehrR5IinP1+","All pinned."
"db247988-d63e-42d5-a2be-8200f339f98d","UNDE_007.basePlot.bet","D05","UNDE","UNDE_007","N","2015-06-22","2015-07-06","2015-07-07","2015-08-07","2015-10-08","UNDE_007.N.20150706","sj+sxzQpSGChK6h/mW6WHhkHneOwUA3lcromHGeOt9Q=","carabid","SYNIMP","Synuchus impunctatus","species",,"Say",,2,"Lindroth, C. H. 1969. The ground-beetles (Carabidae, excl. Cicindelinae) of Canada and Alaska, parts 1-6. Opuscula E. Entomoligiska Sallskapet.","Syw2LXB/pj+fmGCuwdgBGVryVUmYhw3g","sNWmFOzJI5k0heJ/hgLOpehrR5IinP1+","both pinned."
"41d36bb3-7eb1-42c4-915f-9497c0f68ba0","UNDE_017.basePlot.bet","D05","UNDE","UNDE_017","N","2015-06-22","2015-07-06","2015-07-07","2015-08-07","2015-10-08","UNDE_017.N.20150706","xHY1KmNCr23nhIQ3WiWhMIXsOkqwVltQOyEi0tqU/wU=","carabid","PTEMEL","Pterostichus melanarius melanarius","subspecies",,"Illiger",,1,"Lindroth, C. H. 1969. The ground-beetles (Carabidae, excl. Cicindelinae) of Canada and Alaska, parts 1-6. Opuscula E. Entomoligiska Sallskapet.","Syw2LXB/pj+fmGCuwdgBGVryVUmYhw3g","sNWmFOzJI5k0heJ/hgLOpehrR5IinP1+","Left in vial (not pinned)."
"88ef55ce-2b47-45f1-bbd2-c7bd6fc87ec3","UNDE_017.basePlot.bet","D05","UNDE","UNDE_017","N","2015-06-22","2015-07-06","2015-07-07","2015-08-07",,"UNDE_017.N.20150706","xHY1KmNCr23nhIQ3WiWhMFU96dKx6KLRLj6nYlLYiro=","invert bycatch",,,,,,,,,,"sNWmFOzJI5k0heJ/hgLOpehrR5IinP1+",
"fdcb97b5-ce28-4ea2-b8c4-5b9cf9e5956f","UNDE_001.basePlot.bet","D05","UNDE","UNDE_001","N","2015-06-22","2015-07-06","2015-07-07","2015-08-07",,"UNDE_001.N.20150706","kh3xmoTmJnDEdDDgC6O3VoM+uwjYhWaL/R2CCGbey1M=","invert bycatch",,,,,,,,,,"lLQBQVfayhr3D1tZaVTYCAmpRMui4lXg/r98CgvafXs=",
"fca442c6-3ce4-4975-abec-b58a3f89e8e8","UNDE_008.basePlot.bet","D05","UNDE","UNDE_008","N","2015-06-22","2015-07-06","2015-07-07","2015-08-07","2015-10-26","UNDE_008.N.20150706","MjA7sUqH2CaY31Dt12fKCBWtHWRGswCbhCi4XiV+GUE=","carabid","PTEMEL","Pterostichus melanarius melanarius","subspecies",,"Illiger",,1,"Lindroth, C. H. 1969. The ground-beetles (Carabidae, excl. Cicindelinae) of Canada and Alaska, parts 1-6. Opuscula E. Entomoligiska Sallskapet.","Syw2LXB/pj+fmGCuwdgBGVryVUmYhw3g","lLQBQVfayhr3D1tZaVTYCAmpRMui4lXg/r98CgvafXs=","Pinned."
"28ee4976-6bdc-4524-8467-c312a91cbb04","UNDE_008.basePlot.bet","D05","UNDE","UNDE_008","N","2015-06-22","2015-07-06","2015-07-07","2015-08-07",,"UNDE_008.N.20150706","MjA7sUqH2CaY31Dt12fKCIe6ubBP2aEeKXuMq89woAk=","invert bycatch",,,,,,,,,,"lLQBQVfayhr3D1tZaVTYCAmpRMui4lXg/r98CgvafXs=",
"a11bad0d-ce46-405d-b48e-34e8b4c63cf4","UNDE_008.basePlot.bet","D05","UNDE","UNDE_008","N","2015-06-22","2015-07-06","2015-07-07","2015-08-07","2015-10-26","UNDE_008.N.20150706","MjA7sUqH2CaY31Dt12fKCCZuSN+cIbaXnZonIaEdL8s=","carabid","SYNIMP","Synuchus impunctatus","species",,"Say",,1,"Lindroth, C. H. 1969. The ground-beetles (Carabidae, excl. Cicindelinae) of Canada and Alaska, parts 1-6. Opuscula E. Entomoligiska Sallskapet.","Syw2LXB/pj+fmGCuwdgBGVryVUmYhw3g","lLQBQVfayhr3D1tZaVTYCAmpRMui4lXg/r98CgvafXs=","Pinned."
"cc80b145-97ba-412e-ad81-574713d71208","UNDE_006.basePlot.bet","D05","UNDE","UNDE_006","N","2015-06-22","2015-07-06","2015-07-07","2015-08-07",,"UNDE_006.N.20150706","izIYmtFoQUjEi58UfW/1UTvxDGEgcE4otwrCCF8Qi9Q=","invert bycatch",,,,,,,,,,"lLQBQVfayhr3D1tZaVTYCAmpRMui4lXg/r98CgvafXs=",
"f292a63f-595d-465c-9360-20b677e5982d","UNDE_002.basePlot.bet","D05","UNDE","UNDE_002","N","2015-06-22","2015-07-06","2015-07-07","2015-08-07",,"UNDE_002.N.20150706","JrVNSI+TG1I7C2NLoJZz+ZmEp4zO5FkrvnA5DV0TN60=","invert bycatch",,,,,,,,,,"sNWmFOzJI5k0heJ/hgLOpehrR5IinP1+",
"871c6388-2cbb-4092-be01-b4468546a115","UNDE_006.basePlot.bet","D05","UNDE","UNDE_006","N","2015-06-22","2015-07-06","2015-07-07","2015-08-07","2015-09-30","UNDE_006.N.20150706","izIYmtFoQUjEi58UfW/1UeHyMdA6LFdBiCvKQk0e4BQ=","carabid","PTEMEL","Pterostichus melanarius melanarius","subspecies",,"Illiger",,2,"Lindroth, C. H. 1969. The ground-beetles (Carabidae, excl. Cicindelinae) of Canada and Alaska, parts 1-6. Opuscula E. Entomoligiska Sallskapet.","Syw2LXB/pj+fmGCuwdgBGVryVUmYhw3g","sNWmFOzJI5k0heJ/hgLOpehrR5IinP1+","Both pinned."
"fc6f5a68-9e9e-4e51-bd58-c0fed188117a","UNDE_011.basePlot.bet","D05","UNDE","UNDE_011","N","2015-06-22","2015-07-06","2015-07-07","2015-08-07","2015-09-29","UNDE_011.N.20150706","0Ya1AWR2lPjLjN29ViQVJmxaZ8yXcgXkAym9tS+v200=","carabid","PLADEC","Platynus decentis","species",,"Say",,2,"Lindroth, C. H. 1969. The ground-beetles (Carabidae, excl. Cicindelinae) of Canada and Alaska, parts 1-6. Opuscula E. Entomoligiska Sallskapet.","Syw2LXB/pj+fmGCuwdgBGVryVUmYhw3g","sNWmFOzJI5k0heJ/hgLOpehrR5IinP1+","Both pinned."
"7132c81d-82d6-43cc-a127-9505b4c9b021","UNDE_008.basePlot.bet","D05","UNDE","UNDE_008","N","2015-06-22","2015-07-06","2015-07-07","2015-08-07","2015-10-26","UNDE_008.N.20150706","MjA7sUqH2CaY31Dt12fKCAXL6rynwNiC9Hi5ITaXvKs=","carabid","PTECOR1","Pterostichus coracinus","species","cf. species","Newman",,1,"Lindroth, C. H. 1969. The ground-beetles (Carabidae, excl. Cicindelinae) of Canada and Alaska, parts 1-6. Opuscula E. Entomoligiska Sallskapet.","Syw2LXB/pj+fmGCuwdgBGVryVUmYhw3g","lLQBQVfayhr3D1tZaVTYCAmpRMui4lXg/r98CgvafXs=","Pinned. Could be PTENOV."
"9c6c3198-6cc4-49bc-ac4c-aa107cfbbe04","UNDE_012.basePlot.bet","D05","UNDE","UNDE_012","N","2015-06-22","2015-07-06","2015-07-07","2015-08-07",,"UNDE_012.N.20150706","+v0vuVmyR4CM34zYFTT88DTC2cbKhLUEgmPTUCN08ig=","invert bycatch",,,,,,,,,,"sNWmFOzJI5k0heJ/hgLOpehrR5IinP1+",
"1a715c4c-92b9-4bfe-af92-bef3b1f7a5be","UNDE_008.basePlot.bet","D05","UNDE","UNDE_008","N","2015-07-06","2015-07-20","2015-07-21","2015-08-14","2015-10-26","UNDE_008.N.20150720","MjA7sUqH2CaY31Dt12fKCFk1u8UWyUtYuCG1WAoMSh8=","carabid","PTEMEL","Pterostichus melanarius melanarius","subspecies",,"Illiger",,1,"Lindroth, C. H. 1969. The ground-beetles (Carabidae, excl. Cicindelinae) of Canada and Alaska, parts 1-6. Opuscula E. Entomoligiska Sallskapet.","Syw2LXB/pj+fmGCuwdgBGVryVUmYhw3g","XZoPj1u9UmznO7Lakic/e+h3MMLMvbQt",
"fda3f761-00d2-4ad8-a060-155bd5be302e","UNDE_006.basePlot.bet","D05","UNDE","UNDE_006","N","2015-07-06","2015-07-20","2015-07-21","2015-08-17",,"UNDE_006.N.20150720","izIYmtFoQUjEi58UfW/1UeRELz9g1k8MO8TSQe57wpU=","invert bycatch",,,,,,,,,,"gv1RuG2ijYOiQdbqqg4qu+pKtrSPX1oD",
"0c752f7f-325a-4b54-a253-ddee589e6635","UNDE_012.basePlot.bet","D05","UNDE","UNDE_012","N","2015-07-06","2015-07-20","2015-07-21","2015-08-13",,"UNDE_012.N.20150720","+v0vuVmyR4CM34zYFTT88N4J/447uTRhWao3FfHqT40=","invert bycatch",,,,,,,,,,"gv1RuG2ijYOiQdbqqg4qu+pKtrSPX1oD",
"96528caa-74a2-4363-8609-bd64c48dc6a1","UNDE_017.basePlot.bet","D05","UNDE","UNDE_017","N","2015-07-06","2015-07-20","2015-07-21","2015-08-17","2015-09-25","UNDE_017.N.20150720","xHY1KmNCr23nhIQ3WiWhMLJl1nLbUq/SHWy/YTDskV4=","carabid","PTEMEL","Pterostichus melanarius melanarius","subspecies",,"Illiger",,3,"Lindroth, C. H. 1969. The ground-beetles (Carabidae, excl. Cicindelinae) of Canada and Alaska, parts 1-6. Opuscula E. Entomoligiska Sallskapet.","XZoPj1u9UmznO7Lakic/e+h3MMLMvbQt","gv1RuG2ijYOiQdbqqg4qu+pKtrSPX1oD","all pinned"
"62cda287-0b2d-4c0a-ad2c-ac1f135ffa0b","UNDE_017.basePlot.bet","D05","UNDE","UNDE_017","N","2015-07-06","2015-07-20","2015-07-21","2015-08-17","2015-09-24","UNDE_017.N.20150720","xHY1KmNCr23nhIQ3WiWhMN+sovRsRgl0iuWOiWi2PIc=","carabid","CARNEM","Carabus nemoralis nemoralis","subspecies",,"Mueller",,1,"Evans, A. V. 2014. Beetles of Eastern North America. 1st Ed. Princeton University Press, Princeton, NJ.","Syw2LXB/pj+fmGCuwdgBGVryVUmYhw3g","gv1RuG2ijYOiQdbqqg4qu+pKtrSPX1oD","pinned"
"5bab7bf8-d436-42aa-9eca-f2e8c90fdcf0","UNDE_017.basePlot.bet","D05","UNDE","UNDE_017","N","2015-07-06","2015-07-20","2015-07-21","2015-08-17","2015-09-25","UNDE_017.N.20150720","xHY1KmNCr23nhIQ3WiWhMCi+kXwqBIAbS7IbwzfKvd0=","carabid","SYNIMP","Synuchus impunctatus","species",,"Say",,1,"Lindroth, C. H. 1969. The ground-beetles (Carabidae, excl. Cicindelinae) of Canada and Alaska, parts 1-6. Opuscula E. Entomoligiska Sallskapet.","Syw2LXB/pj+fmGCuwdgBGVryVUmYhw3g","gv1RuG2ijYOiQdbqqg4qu+pKtrSPX1oD","pinned"
"fe3bebaa-2f0f-4fdf-852f-f3d0259eec45","UNDE_012.basePlot.bet","D05","UNDE","UNDE_012","S","2015-07-06","2015-07-20","2015-07-21","2015-08-13",,"UNDE_012.S.20150720","+v0vuVmyR4CIkd7rDYGbTwz1d991MfIEiQeJz+lM8SM=","invert bycatch",,,,,,,,,,"gv1RuG2ijYOiQdbqqg4qu+pKtrSPX1oD",
"8f6dc630-403e-4215-8215-30e74cfa61ed","UNDE_017.basePlot.bet","D05","UNDE","UNDE_017","S","2015-07-06","2015-07-20","2015-07-21","2015-08-17","2015-09-25","UNDE_017.S.20150720","xHY1KmNCr2390iLeCQFtjjZZfodCpflczarQd18VDMc=","carabid","SYNIMP","Synuchus impunctatus","species",,"Say",,1,"Lindroth, C. H. 1969. The ground-beetles (Carabidae, excl. Cicindelinae) of Canada and Alaska, parts 1-6. Opuscula E. Entomoligiska Sallskapet.","Syw2LXB/pj+fmGCuwdgBGVryVUmYhw3g","gv1RuG2ijYOiQdbqqg4qu+pKtrSPX1oD","pinned."
"68be6ce7-b821-461f-811d-770c1b392c93","UNDE_006.basePlot.bet","D05","UNDE","UNDE_006","S","2015-07-06","2015-07-20","2015-07-21","2015-08-17",,"UNDE_006.S.20150720","izIYmtFoQUincgda/qaeEkS+49pBkDBurJuAQcnLFcI=","invert bycatch",,,,,,,,,,"gv1RuG2ijYOiQdbqqg4qu+pKtrSPX1oD",
"4c214123-9c74-464a-8a38-9b78377b558d","UNDE_012.basePlot.bet","D05","UNDE","UNDE_012","S","2015-07-06","2015-07-20","2015-07-21","2015-08-13","2015-10-01","UNDE_012.S.20150720","+v0vuVmyR4CIkd7rDYGbT2Qg6CVIMf9CBGmwIB8XtXM=","carabid","SYNIMP","Synuchus impunctatus","species",,"Say",,1,"Lindroth, C. H. 1969. The ground-beetles (Carabidae, excl. Cicindelinae) of Canada and Alaska, parts 1-6. Opuscula E. Entomoligiska Sallskapet.","Syw2LXB/pj+fmGCuwdgBGVryVUmYhw3g","gv1RuG2ijYOiQdbqqg4qu+pKtrSPX1oD","pinned"
"a686c56d-abb1-4f8e-9166-a7e14190a9db","UNDE_006.basePlot.bet","D05","UNDE","UNDE_006","S","2015-07-06","2015-07-20","2015-07-21","2015-08-17","2015-10-01","UNDE_006.S.20150720","izIYmtFoQUincgda/qaeEtJyqlnoBK7EEP/Sj8OweSs=","carabid","PTEMEL","Pterostichus melanarius melanarius","subspecies",,"Illiger",,3,"Lindroth, C. H. 1969. The ground-beetles (Carabidae, excl. Cicindelinae) of Canada and Alaska, parts 1-6. Opuscula E. Entomoligiska Sallskapet.","Syw2LXB/pj+fmGCuwdgBGVryVUmYhw3g","gv1RuG2ijYOiQdbqqg4qu+pKtrSPX1oD","pooled with PTEMEL from N and E traps"
"14e85cf8-49a6-4c8b-a60f-2cae8fc39e66","UNDE_002.basePlot.bet","D05","UNDE","UNDE_002","S","2015-07-06","2015-07-20","2015-07-21","2015-08-14",,"UNDE_002.S.20150720","JrVNSI+TG1KjDnRGwybwsPHCZvFkbo6K9ppfiIxumVs=","invert bycatch",,,,,,,,,,"gv1RuG2ijYOiQdbqqg4qu+pKtrSPX1oD",
"eb51a1b5-93ea-4797-8fac-21996ecf34ca","UNDE_008.basePlot.bet","D05","UNDE","UNDE_008","S","2015-07-06","2015-07-20","2015-07-21","2015-08-13","2015-10-26","UNDE_008.S.20150720","MjA7sUqH2CbTzc7rq9n5rgLeSeF0ooJfCgAgVDNHsdk=","carabid","SYNIMP","Synuchus impunctatus","species",,"Say",,3,"Lindroth, C. H. 1969. The ground-beetles (Carabidae, excl. Cicindelinae) of Canada and Alaska, parts 1-6. Opuscula E. Entomoligiska Sallskapet.","Syw2LXB/pj+fmGCuwdgBGVryVUmYhw3g","gv1RuG2ijYOiQdbqqg4qu+pKtrSPX1oD","all pinned"
"fd7793e9-3fd9-4a48-8891-b72b70ecf6ae","UNDE_008.basePlot.bet","D05","UNDE","UNDE_008","S","2015-07-06","2015-07-20","2015-07-21","2015-08-14",,"UNDE_008.S.20150720","MjA7sUqH2CbTzc7rq9n5rmqIUXnKseC2vSUBFoJpuNM=","invert bycatch",,,,,,,,,,"XZoPj1u9UmznO7Lakic/e+h3MMLMvbQt",
"89ee958a-ffdc-431c-a32c-ccea274d68d5","UNDE_001.basePlot.bet","D05","UNDE","UNDE_001","S","2015-07-06","2015-07-20","2015-07-21","2015-08-13","2015-09-29","UNDE_001.S.20150720","kh3xmoTmJnBOmO2jgFxxyXrT1lNq8hdjbnf+ziM7tj8=","carabid","SYNIMP","Synuchus impunctatus","species",,"Say",,5,"Lindroth, C. H. 1969. The ground-beetles (Carabidae, excl. Cicindelinae) of Canada and Alaska, parts 1-6. Opuscula E. Entomoligiska Sallskapet.","Syw2LXB/pj+fmGCuwdgBGVryVUmYhw3g","gv1RuG2ijYOiQdbqqg4qu+pKtrSPX1oD","One pinned. 4 pooled with SYNIMP from E trap"
"2996fa54-6148-44bb-9f7b-92bfa04b431d","UNDE_001.basePlot.bet","D05","UNDE","UNDE_001","S","2015-07-06","2015-07-20","2015-07-21","2015-08-13","2015-09-29","UNDE_001.S.20150720","kh3xmoTmJnBOmO2jgFxxydaPL7CBrNNTMKm0lMtU5p8=","carabid","AGORET","Agonum retractum","species","cf. species","LeConte",,1,"Lindroth, C. H. 1969. The ground-beetles (Carabidae, excl. Cicindelinae) of Canada and Alaska, parts 1-6. Opuscula E. Entomoligiska Sallskapet.","Syw2LXB/pj+fmGCuwdgBGVryVUmYhw3g","gv1RuG2ijYOiQdbqqg4qu+pKtrSPX1oD","pinned"
"9c9095d0-fcd5-4406-b8e5-a368d8a4c034","UNDE_001.basePlot.bet","D05","UNDE","UNDE_001","S","2015-07-06","2015-07-20","2015-07-21","2015-08-13",,"UNDE_001.S.20150720","kh3xmoTmJnBOmO2jgFxxyT4WpL+W6NEAgFKlJhLUnDw=","invert bycatch",,,,,,,,,,"gv1RuG2ijYOiQdbqqg4qu+pKtrSPX1oD",
"50804748-25df-4ccd-ad9c-39054281a5c6","UNDE_017.basePlot.bet","D05","UNDE","UNDE_017","S","2015-07-06","2015-07-20","2015-07-21","2015-08-17","2015-09-25","UNDE_017.S.20150720","xHY1KmNCr2390iLeCQFtju1tBRcBLwP/bk3SDJ1zpNE=","carabid","PTEMEL","Pterostichus melanarius melanarius","subspecies",,"Illiger",,1,"Lindroth, C. H. 1969. The ground-beetles (Carabidae, excl. Cicindelinae) of Canada and Alaska, parts 1-6. Opuscula E. Entomoligiska Sallskapet.","jmUGmHcg3B8Vh2yR7AAHNxLgIcmrk97H","gv1RuG2ijYOiQdbqqg4qu+pKtrSPX1oD","pinned"
"9cbce33b-c3ba-48d5-9ac7-888c3887f34a","UNDE_017.basePlot.bet","D05","UNDE","UNDE_017","S","2015-07-06","2015-07-20","2015-07-21","2015-08-17","2015-09-25","UNDE_017.S.20150720","xHY1KmNCr2390iLeCQFtjnv9VCBghYvtcygAUx2BNw0=","carabid","PTECOR1","Pterostichus coracinus","species","cf. species","Newman",,1,"Lindroth, C. H. 1969. The ground-beetles (Carabidae, excl. Cicindelinae) of Canada and Alaska, parts 1-6. Opuscula E. Entomoligiska Sallskapet.","XZoPj1u9UmznO7Lakic/e+h3MMLMvbQt","gv1RuG2ijYOiQdbqqg4qu+pKtrSPX1oD","could be PTENOV. pinned"
"ceeab61d-9883-47b9-ac5c-5da6419abebc","UNDE_017.basePlot.bet","D05","UNDE","UNDE_017","S","2015-07-06","2015-07-20","2015-07-21","2015-08-17",,"UNDE_017.S.20150720","xHY1KmNCr2390iLeCQFtjt1KCSqLlg7r2v3Qf9TY9TQ=","invert bycatch",,,,,,,,,,"gv1RuG2ijYOiQdbqqg4qu+pKtrSPX1oD",
"779297dd-28e0-4a3c-9775-610033bd08de","UNDE_003.basePlot.bet","D05","UNDE","UNDE_003","S","2015-07-06","2015-07-20","2015-07-21","2015-08-14",,"UNDE_003.S.20150720","UKgrtiGQYSD93KL4taUQ//GN2BKE7aeeeMkmG3QwkbM=","invert bycatch",,,,,,,,,,"gv1RuG2ijYOiQdbqqg4qu+pKtrSPX1oD",
"3f4745d9-c8ee-4d32-ad1f-838d40aa2f83","UNDE_003.basePlot.bet","D05","UNDE","UNDE_003","S","2015-07-06","2015-07-20","2015-07-21","2015-08-14","2015-10-26","UNDE_003.S.20150720","UKgrtiGQYSD93KL4taUQ/zHYF6npx0XlSJDutzH9xLc=","carabid","AGOGRA","Agonum gratiosum","species",,"Mannerheim",,2,"Lindroth, C. H. 1969. The ground-beetles (Carabidae, excl. Cicindelinae) of Canada and Alaska, parts 1-6. Opuscula E. Entomoligiska Sallskapet.","Syw2LXB/pj+fmGCuwdgBGVryVUmYhw3g","gv1RuG2ijYOiQdbqqg4qu+pKtrSPX1oD","both pinned"
"10c8d1df-0de6-4f2c-9760-0b448aceb2ed","UNDE_007.basePlot.bet","D05","UNDE","UNDE_007","S","2015-07-06","2015-07-20","2015-07-21","2015-08-13",,"UNDE_007.S.20150720","sj+sxzQpSGAJvREnLoEnitJe0dZ4qPk+DCSrSTLWaco=","invert bycatch",,,,,,,,,,"gv1RuG2ijYOiQdbqqg4qu+pKtrSPX1oD",
"b4914feb-649c-4eaf-b672-dcb588c420f6","UNDE_007.basePlot.bet","D05","UNDE","UNDE_007","S","2015-07-06","2015-07-20","2015-07-21","2015-08-14","2015-10-26","UNDE_007.S.20150720","sj+sxzQpSGAJvREnLoEnimiewHmF0eLRwjdY/o3I/Ck=","carabid","SYNIMP","Synuchus impunctatus","species",,"Say",,1,"Lindroth, C. H. 1969. The ground-beetles (Carabidae, excl. Cicindelinae) of Canada and Alaska, parts 1-6. Opuscula E. Entomoligiska Sallskapet.","Syw2LXB/pj+fmGCuwdgBGVryVUmYhw3g","XZoPj1u9UmznO7Lakic/e+h3MMLMvbQt","pooled with SYNIMP from E trap"
"7895efad-c91d-40cf-a5b1-5e534e9a24ad","UNDE_007.basePlot.bet","D05","UNDE","UNDE_007","S","2015-07-06","2015-07-20","2015-07-21","2015-08-14","2015-10-26","UNDE_007.S.20150720","sj+sxzQpSGAJvREnLoEnir9tsAYV0CD5JXKYa/OjU34=","carabid","PTEMEL","Pterostichus melanarius melanarius","subspecies",,"Illiger",,2,"Lindroth, C. H. 1969. The ground-beetles (Carabidae, excl. Cicindelinae) of Canada and Alaska, parts 1-6. Opuscula E. Entomoligiska Sallskapet.","2ufDk5xAqBGFLsH2sEBSW9xLH6dI6FCM","XZoPj1u9UmznO7Lakic/e+h3MMLMvbQt","both pinned"
"8647d2e2-5d25-4521-9557-e61ae4aebe50","UNDE_010.basePlot.bet","D05","UNDE","UNDE_010","S","2015-07-06","2015-07-20","2015-07-21","2015-08-14","2015-10-26","UNDE_010.S.20150720","hQDJ3TYDfowchf80HEbqrDH0k4WCxQWKtzocDt5tm5s=","carabid","SYNIMP","Synuchus impunctatus","species",,"Say",,1,"Lindroth, C. H. 1969. The ground-beetles (Carabidae, excl. Cicindelinae) of Canada and Alaska, parts 1-6. Opuscula E. Entomoligiska Sallskapet.","Syw2LXB/pj+fmGCuwdgBGVryVUmYhw3g","XZoPj1u9UmznO7Lakic/e+h3MMLMvbQt","pinned"
"e91c520e-932a-4dee-b733-15f93cedec69","UNDE_010.basePlot.bet","D05","UNDE","UNDE_010","S","2015-07-06","2015-07-20","2015-07-21","2015-08-14",,"UNDE_010.S.20150720","hQDJ3TYDfowchf80HEbqrI9/A+kcrqfMdDZPwmufm4Y=","invert bycatch",,,,,,,,,,"XZoPj1u9UmznO7Lakic/e+h3MMLMvbQt",
"a584c05c-0422-4663-b52d-63950de79317","UNDE_010.basePlot.bet","D05","UNDE","UNDE_010","S","2015-07-06","2015-07-20","2015-07-21","2015-08-14","2015-10-26","UNDE_010.S.20150720","hQDJ3TYDfowchf80HEbqrEL+LPeu8mfx7DvE7xoDcow=","carabid","CARNEM","Carabus nemoralis nemoralis","subspecies",,"Mueller",,1,"Lindroth, C. H. 1969. The ground-beetles (Carabidae, excl. Cicindelinae) of Canada and Alaska, parts 1-6. Opuscula E. Entomoligiska Sallskapet.","Syw2LXB/pj+fmGCuwdgBGVryVUmYhw3g","XZoPj1u9UmznO7Lakic/e+h3MMLMvbQt","not pinned (left in vial)"
"a343314a-2073-4f5d-8eb6-0f0065d0031f","UNDE_011.basePlot.bet","D05","UNDE","UNDE_011","S","2015-07-06","2015-07-20","2015-07-21","2015-08-13",,"UNDE_011.S.20150720","0Ya1AWR2lPjOH9slevD5lOsoEsEW+4c6e7nGIyo0EkM=","invert bycatch",,,,,,,,,,"XZoPj1u9UmznO7Lakic/e+h3MMLMvbQt",
"501c42bf-684d-489f-a5bf-65cb09c2eab2","UNDE_017.basePlot.bet","D05","UNDE","UNDE_017","W","2015-07-06","2015-07-20","2015-07-21","2015-08-17","2015-09-25","UNDE_017.W.20150720","xHY1KmNCr21/vfHrmPsO/bu605c9Nk/bM0pbKtG42VA=","carabid","PTEMEL","Pterostichus melanarius melanarius","subspecies","cf. species","Illiger",,2,"Lindroth, C. H. 1969. The ground-beetles (Carabidae, excl. Cicindelinae) of Canada and Alaska, parts 1-6. Opuscula E. Entomoligiska Sallskapet.","XZoPj1u9UmznO7Lakic/e+h3MMLMvbQt","gv1RuG2ijYOiQdbqqg4qu+pKtrSPX1oD","pinned|both pinned"
"7931d2f2-5fa2-45af-a940-b982a79349e2","UNDE_007.basePlot.bet","D05","UNDE","UNDE_007","W","2015-07-06","2015-07-20","2015-07-21","2015-08-14","2015-10-26","UNDE_007.W.20150720","sj+sxzQpSGD1HzFiTYVmCmKVaz2aGVazyMVEnhIBPEA=","carabid","PTEMEL","Pterostichus melanarius melanarius","subspecies",,"Illiger",,2,"Lindroth, C. H. 1969. The ground-beetles (Carabidae, excl. Cicindelinae) of Canada and Alaska, parts 1-6. Opuscula E. Entomoligiska Sallskapet.","Syw2LXB/pj+fmGCuwdgBGVryVUmYhw3g","XZoPj1u9UmznO7Lakic/e+h3MMLMvbQt","pinned"
"b9e95950-5e37-418c-8442-a8592066d97d","UNDE_007.basePlot.bet","D05","UNDE","UNDE_007","W","2015-07-06","2015-07-20","2015-07-21","2015-08-14","2015-10-26","UNDE_007.W.20150720","sj+sxzQpSGD1HzFiTYVmCqEJSvJjzt1Q1OSh/D4cdlg=","carabid","SYNIMP","Synuchus impunctatus","species",,"Say",,2,"Lindroth, C. H. 1969. The ground-beetles (Carabidae, excl. Cicindelinae) of Canada and Alaska, parts 1-6. Opuscula E. Entomoligiska Sallskapet.","Syw2LXB/pj+fmGCuwdgBGVryVUmYhw3g","XZoPj1u9UmznO7Lakic/e+h3MMLMvbQt","pinned"
"9f8d1336-5f29-4064-bf6b-2610a0cd965a","UNDE_007.basePlot.bet","D05","UNDE","UNDE_007","W","2015-07-06","2015-07-20","2015-07-21","2015-08-14",,"UNDE_007.W.20150720","sj+sxzQpSGD1HzFiTYVmCq30Xj90ZlHlQpixdFsikIg=","invert bycatch",,,,,,,,,,"XZoPj1u9UmznO7Lakic/e+h3MMLMvbQt",
"569980fc-00bc-4b09-8984-8d54107e257d","UNDE_017.basePlot.bet","D05","UNDE","UNDE_017","W","2015-07-06","2015-07-20","2015-07-21","2015-08-17",,"UNDE_017.W.20150720","xHY1KmNCr21/vfHrmPsO/SA592Yrog0BRXQfvOIp6QU=","invert bycatch",,,,,,,,,,"gv1RuG2ijYOiQdbqqg4qu+pKtrSPX1oD",
"1d2f4266-290d-49d2-96a5-9dec1810458c","UNDE_003.basePlot.bet","D05","UNDE","UNDE_003","W","2015-07-06","2015-07-20","2015-07-21","2015-08-14","2015-10-26","UNDE_003.W.20150720","UKgrtiGQYSCMMKqzs+IsfaL0/XP/VnjFiXWFKiblY7Y=","carabid","HARPEN","Harpalus pensylvanicus","species",,"DeGeer",,1,"Lindroth, C. H. 1969. The ground-beetles (Carabidae, excl. Cicindelinae) of Canada and Alaska, parts 1-6. Opuscula E. Entomoligiska Sallskapet.","Syw2LXB/pj+fmGCuwdgBGVryVUmYhw3g","gv1RuG2ijYOiQdbqqg4qu+pKtrSPX1oD","pinned"
"dbbdf048-7178-4bcf-a3cb-08228424592a","UNDE_003.basePlot.bet","D05","UNDE","UNDE_003","W","2015-07-06","2015-07-20","2015-07-21","2015-08-14",,"UNDE_003.W.20150720","UKgrtiGQYSCMMKqzs+IsfdwMbenyhpFHCyRRw58kxWY=","invert bycatch",,,,,,,,,,"gv1RuG2ijYOiQdbqqg4qu+pKtrSPX1oD",
"05d85749-0e7c-4971-a94e-9f49fae2fa12","UNDE_003.basePlot.bet","D05","UNDE","UNDE_003","W","2015-07-06","2015-07-20","2015-07-21","2015-08-14","2015-10-26","UNDE_003.W.20150720","UKgrtiGQYSCMMKqzs+IsfY97xA7FD+tjlOdWfV591/U=","carabid","SYNIMP","Synuchus impunctatus","species",,"Say",,2,"Lindroth, C. H. 1969. The ground-beetles (Carabidae, excl. Cicindelinae) of Canada and Alaska, parts 1-6. Opuscula E. Entomoligiska Sallskapet.","Syw2LXB/pj+fmGCuwdgBGVryVUmYhw3g","gv1RuG2ijYOiQdbqqg4qu+pKtrSPX1oD","both pinned"
"344bc9e9-129c-488e-a4e0-c3d51e5b41c1","UNDE_011.basePlot.bet","D05","UNDE","UNDE_011","W","2015-07-06","2015-07-20","2015-07-21","2015-08-13","2015-10-26","UNDE_011.W.20150720","0Ya1AWR2lPhXpWIOgzgwG2pCoETXiIWEuuQbz1/Ral8=","carabid","PTECOR1","Pterostichus coracinus","species","cf. species","Newman",,1,"Lindroth, C. H. 1969. The ground-beetles (Carabidae, excl. Cicindelinae) of Canada and Alaska, parts 1-6. Opuscula E. Entomoligiska Sallskapet.","Syw2LXB/pj+fmGCuwdgBGVryVUmYhw3g","XZoPj1u9UmznO7Lakic/e+h3MMLMvbQt","could be PTENOV. pinned"
"4cea6458-3a9e-4939-8872-fb4bed431a59","UNDE_001.basePlot.bet","D05","UNDE","UNDE_001","W","2015-07-06","2015-07-20","2015-07-21","2015-08-13",,"UNDE_001.W.20150720","kh3xmoTmJnDe9rFmDlBXbSlsdiFFPX/6UoIkwctdm34=","invert bycatch",,,,,,,,,,"gv1RuG2ijYOiQdbqqg4qu+pKtrSPX1oD",
"3442b524-a0c4-47b4-a782-96ea4c02e571","UNDE_001.basePlot.bet","D05","UNDE","UNDE_001","W","2015-07-06","2015-07-20","2015-07-21","2015-08-13","2015-09-25","UNDE_001.W.20150720","kh3xmoTmJnDe9rFmDlBXbfGgHy2Yg0WGfG/4TNnoyhE=","carabid","PTECOR1","Pterostichus coracinus","species","cf. species","Newman",,2,"Lindroth, C. H. 1969. The ground-beetles (Carabidae, excl. Cicindelinae) of Canada and Alaska, parts 1-6. Opuscula E. Entomoligiska Sallskapet.","XZoPj1u9UmznO7Lakic/e+h3MMLMvbQt","gv1RuG2ijYOiQdbqqg4qu+pKtrSPX1oD","could be PTENOV. pinned"
"fa9d6016-9f5c-4640-ab4a-f62ea33c4b48","UNDE_017.basePlot.bet","D05","UNDE","UNDE_017","W","2015-07-06","2015-07-20","2015-07-21","2015-08-17","2015-09-25","UNDE_017.W.20150720","xHY1KmNCr21/vfHrmPsO/dZvdfOHIzcB1iITnfmcFY4=","carabid","SYNIMP","Synuchus impunctatus","species",,"Say",,1,"Lindroth, C. H. 1969. The ground-beetles (Carabidae, excl. Cicindelinae) of Canada and Alaska, parts 1-6. Opuscula E. Entomoligiska Sallskapet.","Syw2LXB/pj+fmGCuwdgBGVryVUmYhw3g","gv1RuG2ijYOiQdbqqg4qu+pKtrSPX1oD","pinned"
"1f02ea0b-1912-42c7-8ce8-92fb97df795c","UNDE_008.basePlot.bet","D05","UNDE","UNDE_008","W","2015-07-06","2015-07-20","2015-07-21","2015-08-13",,"UNDE_008.W.20150720","MjA7sUqH2Cau71Ud/qCQ7I3qiByAArxx1H9Lq1AqyJE=","invert bycatch",,,,,,,,,,"gv1RuG2ijYOiQdbqqg4qu+pKtrSPX1oD",
"8a3090e8-3a2e-4405-b9aa-3dd79e95ef7b","UNDE_011.basePlot.bet","D05","UNDE","UNDE_011","W","2015-07-06","2015-07-20","2015-07-21","2015-08-13",,"UNDE_011.W.20150720","0Ya1AWR2lPhXpWIOgzgwG/8qN823kyuQmfeOo+PU/Mk=","invert bycatch",,,,,,,,,,"XZoPj1u9UmznO7Lakic/e+h3MMLMvbQt",
"8ed86ecf-ce04-4e07-896b-8e46b7250e37","UNDE_011.basePlot.bet","D05","UNDE","UNDE_011","W","2015-07-06","2015-07-20","2015-07-21","2015-08-13","2015-10-26","UNDE_011.W.20150720","0Ya1AWR2lPhXpWIOgzgwG5xxxe3qjzvXjYto67vExo8=","carabid","SYNIMP","Synuchus impunctatus","species",,"Say",,1,"Lindroth, C. H. 1969. The ground-beetles (Carabidae, excl. Cicindelinae) of Canada and Alaska, parts 1-6. Opuscula E. Entomoligiska Sallskapet.","Syw2LXB/pj+fmGCuwdgBGVryVUmYhw3g","XZoPj1u9UmznO7Lakic/e+h3MMLMvbQt","pinned"
"c057c5c7-fb6a-4fd9-82a1-0ef453f95d7e","UNDE_012.basePlot.bet","D05","UNDE","UNDE_012","W","2015-07-06","2015-07-20","2015-07-21","2015-08-13",,"UNDE_012.W.20150720","+v0vuVmyR4D8BUMGCb9TBp/aGN10KAlG62Vs17H9F7s=","invert bycatch",,,,,,,,,,"gv1RuG2ijYOiQdbqqg4qu+pKtrSPX1oD",
"c4090ab7-26f5-45fc-ab3a-9a6bdc796766","UNDE_012.basePlot.bet","D05","UNDE","UNDE_012","W","2015-07-06","2015-07-20","2015-07-21","2015-08-13","2015-10-01","UNDE_012.W.20150720","+v0vuVmyR4D8BUMGCb9TBtVDeS6RIY8EiEv8U+xHrSM=","carabid","PTEMEL","Pterostichus melanarius melanarius","subspecies",,"Illiger",,2,"Lindroth, C. H. 1969. The ground-beetles (Carabidae, excl. Cicindelinae) of Canada and Alaska, parts 1-6. Opuscula E. Entomoligiska Sallskapet.","Syw2LXB/pj+fmGCuwdgBGVryVUmYhw3g","gv1RuG2ijYOiQdbqqg4qu+pKtrSPX1oD","both pinned"
"05fca725-6d2e-4ed0-bacb-0fd52c44cc78","UNDE_006.basePlot.bet","D05","UNDE","UNDE_006","W","2015-07-06","2015-07-20","2015-07-21","2015-08-17",,"UNDE_006.W.20150720","izIYmtFoQUiVOEIRqtIFZD+aY1Fn0Ov8yufew1qQ8aI=","invert bycatch",,,,,,,,,,"gv1RuG2ijYOiQdbqqg4qu+pKtrSPX1oD",
"0ba2e509-ebb0-41c3-b5cb-6ca21a2bea2f","UNDE_002.basePlot.bet","D05","UNDE","UNDE_002","W","2015-07-06","2015-07-20","2015-07-21","2015-08-14",,"UNDE_002.W.20150720","JrVNSI+TG1IR5eAVg3TRTT212T2LQV06K+qV2XJHkJE=","invert bycatch",,,,,,,,,,"gv1RuG2ijYOiQdbqqg4qu+pKtrSPX1oD",
"a8b1f820-7ff1-4d4a-92c5-8a30e9c4a657","UNDE_012.basePlot.bet","D05","UNDE","UNDE_012","E","2015-07-06","2015-07-20","2015-07-21","2015-08-13",,"UNDE_012.E.20150720","+v0vuVmyR4Af2uvP6M5Ldw4rigoqLzpU6z1h7HDyks0=","invert bycatch",,,,,,,,,,"gv1RuG2ijYOiQdbqqg4qu+pKtrSPX1oD",
"326f6835-3028-4fd3-8337-d2027d77585b","UNDE_011.basePlot.bet","D05","UNDE","UNDE_011","E","2015-07-06","2015-07-20","2015-07-21","2015-08-13","2015-10-26","UNDE_011.E.20150720","0Ya1AWR2lPiVqJfHQh+4u5xmTD5/bhA4ak9h02ZDDiE=","carabid","PTEMEL","Pterostichus melanarius melanarius","subspecies",,"Illiger",,1,"Lindroth, C. H. 1969. The ground-beetles (Carabidae, excl. Cicindelinae) of Canada and Alaska, parts 1-6. Opuscula E. Entomoligiska Sallskapet.","Syw2LXB/pj+fmGCuwdgBGVryVUmYhw3g","XZoPj1u9UmznO7Lakic/e+h3MMLMvbQt","pinned"
"8b34479e-fbd3-4a3a-9a35-d5e5312cb19d","UNDE_011.basePlot.bet","D05","UNDE","UNDE_011","E","2015-07-06","2015-07-20","2015-07-21","2015-08-13","2015-10-26","UNDE_011.E.20150720","0Ya1AWR2lPiVqJfHQh+4u+Zfu7JiTIlW0HQfjyxQfqk=","carabid","PTECOR1","Pterostichus coracinus","species","cf. species","Newman",,1,"Lindroth, C. H. 1969. The ground-beetles (Carabidae, excl. Cicindelinae) of Canada and Alaska, parts 1-6. Opuscula E. Entomoligiska Sallskapet.","Syw2LXB/pj+fmGCuwdgBGVryVUmYhw3g","XZoPj1u9UmznO7Lakic/e+h3MMLMvbQt","could be PTENOV. pinned"
"9fa0570b-62a4-4f3d-85c2-e46d2ce36a82","UNDE_002.basePlot.bet","D05","UNDE","UNDE_002","E","2015-07-06","2015-07-20","2015-07-21","2015-08-14",,"UNDE_002.E.20150720","JrVNSI+TG1Jd4e6ZdTANOT9R2Rnj1wqVm/2i0ztzW0M=","invert bycatch",,,,,,,,,,"gv1RuG2ijYOiQdbqqg4qu+pKtrSPX1oD",
"454933fb-0344-47fb-9a7d-545c3c6b74d7","UNDE_006.basePlot.bet","D05","UNDE","UNDE_006","E","2015-07-06","2015-07-20","2015-07-21","2015-08-13","2015-10-01","UNDE_006.E.20150720","izIYmtFoQUjYvdCG/eJV1/7EdJvq0C2ujhnnnNU12EE=","carabid","HARPEN","Harpalus pensylvanicus","species",,"DeGeer",,1,"Lindroth, C. H. 1969. The ground-beetles (Carabidae, excl. Cicindelinae) of Canada and Alaska, parts 1-6. Opuscula E. Entomoligiska Sallskapet.","Syw2LXB/pj+fmGCuwdgBGVryVUmYhw3g","gv1RuG2ijYOiQdbqqg4qu+pKtrSPX1oD","pinned"
"3b283048-0012-4591-baa4-cef4683a01e1","UNDE_001.basePlot.bet","D05","UNDE","UNDE_001","E","2015-07-06","2015-07-20","2015-07-21","2015-08-13","2015-09-25","UNDE_001.E.20150720","kh3xmoTmJnCUw/P0Ua+hOS2qR3o0b09Tiu6S1JezK30=","carabid","CYMCRI","Cymindis cribricollis","species",,"Dejean",,1,"Lindroth, C. H. 1969. The ground-beetles (Carabidae, excl. Cicindelinae) of Canada and Alaska, parts 1-6. Opuscula E. Entomoligiska Sallskapet.","Syw2LXB/pj+fmGCuwdgBGVryVUmYhw3g","gv1RuG2ijYOiQdbqqg4qu+pKtrSPX1oD","pinned"
"394a6b6a-04e8-4739-8297-be6ceae04c91","UNDE_001.basePlot.bet","D05","UNDE","UNDE_001","E","2015-07-06","2015-07-20","2015-07-21","2015-08-13","2015-09-25","UNDE_001.E.20150720","kh3xmoTmJnCUw/P0Ua+hOV0ZpmDfie2eqqClv06aDtE=","carabid","SYNIMP","Synuchus impunctatus","species",,"Say",,4,"Lindroth, C. H. 1969. The ground-beetles (Carabidae, excl. Cicindelinae) of Canada and Alaska, parts 1-6. Opuscula E. Entomoligiska Sallskapet.","Syw2LXB/pj+fmGCuwdgBGVryVUmYhw3g","gv1RuG2ijYOiQdbqqg4qu+pKtrSPX1oD","3 were pinned. one was pooled with SYNIMP from S trap"
"24a5ef09-d04d-4ded-89b8-7bc13b3c5db8","UNDE_011.basePlot.bet","D05","UNDE","UNDE_011","E","2015-07-06","2015-07-20","2015-07-21","2015-08-13","2015-10-26","UNDE_011.E.20150720","0Ya1AWR2lPiVqJfHQh+4u8XXaoBjCC7HiOsfW1RLX+w=","carabid","SYNIMP","Synuchus impunctatus","species",,"Say",,2,"Lindroth, C. H. 1969. The ground-beetles (Carabidae, excl. Cicindelinae) of Canada and Alaska, parts 1-6. Opuscula E. Entomoligiska Sallskapet.","Syw2LXB/pj+fmGCuwdgBGVryVUmYhw3g","XZoPj1u9UmznO7Lakic/e+h3MMLMvbQt","pinned"
"202f17d3-bdc0-4a7b-8ec7-cf1202dc8ca4","UNDE_007.basePlot.bet","D05","UNDE","UNDE_007","E","2015-07-06","2015-07-20","2015-07-21","2015-08-14","2015-10-26","UNDE_007.E.20150720","sj+sxzQpSGBowuXeQO717NQr4j7Rh2G7XGhPGlAzV5E=","carabid","HARPEN","Harpalus pensylvanicus","species",,"DeGeer",,1,"Lindroth, C. H. 1969. The ground-beetles (Carabidae, excl. Cicindelinae) of Canada and Alaska, parts 1-6. Opuscula E. Entomoligiska Sallskapet.","Syw2LXB/pj+fmGCuwdgBGVryVUmYhw3g","XZoPj1u9UmznO7Lakic/e+h3MMLMvbQt","pinned"
"da1e5f9c-8d3b-4376-a2cd-e35255625061","UNDE_007.basePlot.bet","D05","UNDE","UNDE_007","E","2015-07-06","2015-07-20","2015-07-21","2015-08-14","2015-10-26","UNDE_007.E.20150720","sj+sxzQpSGBowuXeQO717AD8amDRti704X1xigG/f6g=","carabid","PTEMEL","Pterostichus melanarius melanarius","subspecies",,"Illiger",,1,"Lindroth, C. H. 1969. The ground-beetles (Carabidae, excl. Cicindelinae) of Canada and Alaska, parts 1-6. Opuscula E. Entomoligiska Sallskapet.","Syw2LXB/pj+fmGCuwdgBGVryVUmYhw3g","XZoPj1u9UmznO7Lakic/e+h3MMLMvbQt","pinned"
"edb5dab3-c1ca-46b4-a962-d2267fadbff7","UNDE_003.basePlot.bet","D05","UNDE","UNDE_003","E","2015-07-06","2015-07-20","2015-07-21","2015-08-14",,"UNDE_003.E.20150720","UKgrtiGQYSCWfxHTjKN1/ME4fNyrOqMNozzqxLGK4UY=","invert bycatch",,,,,,,,,,"gv1RuG2ijYOiQdbqqg4qu+pKtrSPX1oD",
"b92e3965-9d98-45b9-9cd3-4bc4aea0d948","UNDE_017.basePlot.bet","D05","UNDE","UNDE_017","E","2015-07-06","2015-07-20","2015-07-21","2015-08-17",,"UNDE_017.E.20150720","xHY1KmNCr21DrRJn5PYxfzrbbtU45ieTrctDQCzF4VM=","invert bycatch",,,,,,,,,,"gv1RuG2ijYOiQdbqqg4qu+pKtrSPX1oD",
"27148d16-2dc3-420e-b176-0484a1baf8e3","UNDE_006.basePlot.bet","D05","UNDE","UNDE_006","E","2015-07-06","2015-07-20","2015-07-21","2015-08-17",,"UNDE_006.E.20150720","izIYmtFoQUjYvdCG/eJV12IdUswU74OJJP/IIBv4I3g=","invert bycatch",,,,,,,,,,"gv1RuG2ijYOiQdbqqg4qu+pKtrSPX1oD",
"44f4624b-a373-4a10-99cf-df4e131f12d5","UNDE_008.basePlot.bet","D05","UNDE","UNDE_008","E","2015-07-06","2015-07-20","2015-07-21","2015-08-13",,"UNDE_008.E.20150720","MjA7sUqH2Ca0m+Es0SGwOZd/VpUwkj4TSDkhosu3nIE=","invert bycatch",,,,,,,,,,"gv1RuG2ijYOiQdbqqg4qu+pKtrSPX1oD",
"86fe4b53-eac1-419f-ab90-5b4036c88bf9","UNDE_006.basePlot.bet","D05","UNDE","UNDE_006","E","2015-07-06","2015-07-20","2015-07-21","2015-08-13","2015-10-01","UNDE_006.E.20150720","izIYmtFoQUjYvdCG/eJV1w/iMQqbiotz+lnZVsel+cg=","carabid","PTEMEL","Pterostichus melanarius melanarius","subspecies",,"Illiger",,2,"Lindroth, C. H. 1969. The ground-beetles (Carabidae, excl. Cicindelinae) of Canada and Alaska, parts 1-6. Opuscula E. Entomoligiska Sallskapet.","Syw2LXB/pj+fmGCuwdgBGVryVUmYhw3g","gv1RuG2ijYOiQdbqqg4qu+pKtrSPX1oD","Pooled with PTEMEL from N and S traps"
"880eb4cf-63c0-4956-852e-5dd89bbd91f5","UNDE_001.basePlot.bet","D05","UNDE","UNDE_001","E","2015-07-06","2015-07-20","2015-07-21","2015-08-13","2015-08-14","UNDE_001.E.20150720","kh3xmoTmJnCUw/P0Ua+hOeV670N0Qbx3V12Km3gOhaI=","vert bycatch herp","PLECIN","Plethodon cinereus","species","cf. species","Green",,1,"Harding, J.H. 1997. Amphibians and reptiles of the Great Lakes Region. University of Michigan Press, Ann Arbor, MI.","gv1RuG2ijYOiQdbqqg4qu+pKtrSPX1oD","gv1RuG2ijYOiQdbqqg4qu+pKtrSPX1oD",
"1916db65-780c-4fd5-8d57-cf8182b27efe","UNDE_011.basePlot.bet","D05","UNDE","UNDE_011","E","2015-07-06","2015-07-20","2015-07-21","2015-08-13",,"UNDE_011.E.20150720","0Ya1AWR2lPiVqJfHQh+4u6B1wmJA3rn0vcfWSmjpQuo=","invert bycatch",,,,,,,,,,"XZoPj1u9UmznO7Lakic/e+h3MMLMvbQt",
"317e1201-fba7-4624-b26b-0fe37505d385","UNDE_008.basePlot.bet","D05","UNDE","UNDE_008","E","2015-07-06","2015-07-20","2015-07-21","2015-08-14","2015-10-26","UNDE_008.E.20150720","MjA7sUqH2Ca0m+Es0SGwOZNHUwP/H74lM8xWq/qSsMw=","carabid","PTEPEN","Pterostichus pensylvanicus","species","cf. species","LeConte",,1,"Lindroth, C. H. 1969. The ground-beetles (Carabidae, excl. Cicindelinae) of Canada and Alaska, parts 1-6. Opuscula E. Entomoligiska Sallskapet.","Syw2LXB/pj+fmGCuwdgBGVryVUmYhw3g","XZoPj1u9UmznO7Lakic/e+h3MMLMvbQt","could be PTEADS. pinned"
"a4013472-10d3-458e-923e-c41b5a8c05fd","UNDE_008.basePlot.bet","D05","UNDE","UNDE_008","E","2015-07-06","2015-07-20","2015-07-21","2015-08-14","2015-10-26","UNDE_008.E.20150720","MjA7sUqH2Ca0m+Es0SGwOfrrn6LFjZVU9p4YelOVDj8=","carabid","SYNIMP","Synuchus impunctatus","species",,"Say",,1,"Lindroth, C. H. 1969. The ground-beetles (Carabidae, excl. Cicindelinae) of Canada and Alaska, parts 1-6. Opuscula E. Entomoligiska Sallskapet.","Syw2LXB/pj+fmGCuwdgBGVryVUmYhw3g","XZoPj1u9UmznO7Lakic/e+h3MMLMvbQt","pooled with SYNIMP from N trap"
"418e97e7-2d75-4531-b18c-fd63b6dd8afb","UNDE_010.basePlot.bet","D05","UNDE","UNDE_010","E","2015-07-06","2015-07-20","2015-07-21","2015-08-14",,"UNDE_010.E.20150720","hQDJ3TYDfoyUj4OsEBOXm08zYpIXA7Fgp03leNo1Uug=","invert bycatch",,,,,,,,,,"XZoPj1u9UmznO7Lakic/e+h3MMLMvbQt",
"e981c39a-933c-4fec-9f21-98c20f2931c5","UNDE_007.basePlot.bet","D05","UNDE","UNDE_007","E","2015-07-06","2015-07-20","2015-07-21","2015-08-14",,"UNDE_007.E.20150720","sj+sxzQpSGBowuXeQO717E7gc04FY8X7sQjHImrbq9k=","invert bycatch",,,,,,,,,,"XZoPj1u9UmznO7Lakic/e+h3MMLMvbQt",
"660afa63-c696-48c0-9642-d4d09bcc45a9","UNDE_007.basePlot.bet","D05","UNDE","UNDE_007","E","2015-07-06","2015-07-20","2015-07-21","2015-08-14","2015-10-26","UNDE_007.E.20150720","sj+sxzQpSGBowuXeQO717GZXr6kSeYfC9OExF76rDOg=","carabid","SYNIMP","Synuchus impunctatus","species",,"Say",,5,"Lindroth, C. H. 1969. The ground-beetles (Carabidae, excl. Cicindelinae) of Canada and Alaska, parts 1-6. Opuscula E. Entomoligiska Sallskapet.","Syw2LXB/pj+fmGCuwdgBGVryVUmYhw3g","XZoPj1u9UmznO7Lakic/e+h3MMLMvbQt","pooled with SYNIMP from S trap"
"cbda48d4-258d-4e5d-b7e6-49c0934f391e","UNDE_001.basePlot.bet","D05","UNDE","UNDE_001","E","2015-07-06","2015-07-20","2015-07-21","2015-08-13",,"UNDE_001.E.20150720","kh3xmoTmJnCUw/P0Ua+hOY//c74PLvMzragBZS7Nwoc=","invert bycatch",,,,,,,,,,"gv1RuG2ijYOiQdbqqg4qu+pKtrSPX1oD",
"d8e344c3-9f6d-4c39-a724-ef6bdd116c9f","UNDE_010.basePlot.bet","D05","UNDE","UNDE_010","N","2015-07-06","2015-07-20","2015-07-21","2015-08-14","2015-10-26","UNDE_010.N.20150720","hQDJ3TYDfoxCoxtjFHMyZ+2UF/DtgtoksogSrmy8FYs=","carabid","SYNIMP","Synuchus impunctatus","species",,"Say",,3,"Lindroth, C. H. 1969. The ground-beetles (Carabidae, excl. Cicindelinae) of Canada and Alaska, parts 1-6. Opuscula E. Entomoligiska Sallskapet.","Syw2LXB/pj+fmGCuwdgBGVryVUmYhw3g","XZoPj1u9UmznO7Lakic/e+h3MMLMvbQt","not pinned (left in vial)"
"fcfb79a9-510c-4802-b983-b84f0cd1d0da","UNDE_007.basePlot.bet","D05","UNDE","UNDE_007","N","2015-07-06","2015-07-20","2015-07-21","2015-08-14",,"UNDE_007.N.20150720","sj+sxzQpSGChK6h/mW6WHv/DCFEL4We6gkzcX/nG/Ss=","invert bycatch",,,,,,,,,,"XZoPj1u9UmznO7Lakic/e+h3MMLMvbQt",
"90ba937a-2ba0-4043-bafd-bcb29398cd79","UNDE_010.basePlot.bet","D05","UNDE","UNDE_010","N","2015-07-06","2015-07-20","2015-07-21","2015-08-14",,"UNDE_010.N.20150720","hQDJ3TYDfoxCoxtjFHMyZ8PK+Fn/wkAY2wuN862lXNc=","invert bycatch",,,,,,,,,,"XZoPj1u9UmznO7Lakic/e+h3MMLMvbQt",
"996ecea0-9531-40e4-ad98-ea5776f3510e","UNDE_003.basePlot.bet","D05","UNDE","UNDE_003","N","2015-07-06","2015-07-20","2015-07-21","2015-08-14","2015-10-26","UNDE_003.N.20150720","UKgrtiGQYSDE7Wv8PWCVB76k1xwuAqBytWZ46u/j2Zs=","carabid","PTELUC","Pterostichus luctuosus","species",,"Dejean",,1,"Lindroth, C. H. 1969. The ground-beetles (Carabidae, excl. Cicindelinae) of Canada and Alaska, parts 1-6. Opuscula E. Entomoligiska Sallskapet.","Syw2LXB/pj+fmGCuwdgBGVryVUmYhw3g","gv1RuG2ijYOiQdbqqg4qu+pKtrSPX1oD","pinned"
"838a93ad-7acf-4fe9-b81f-ba9e73326176","UNDE_017.basePlot.bet","D05","UNDE","UNDE_017","N","2015-07-06","2015-07-20","2015-07-21","2015-08-17",,"UNDE_017.N.20150720","xHY1KmNCr23nhIQ3WiWhMDxEy2wAsQqqrqt+rUflAZg=","invert bycatch",,,,,,,,,,"gv1RuG2ijYOiQdbqqg4qu+pKtrSPX1oD",
"408fa197-d837-439a-9ad8-79fc8aa444f9","UNDE_003.basePlot.bet","D05","UNDE","UNDE_003","N","2015-07-06","2015-07-20","2015-07-21","2015-08-14",,"UNDE_003.N.20150720","UKgrtiGQYSDE7Wv8PWCVB+F6cst8mEgq7h/zY3xQFD4=","invert bycatch",,,,,,,,,,"gv1RuG2ijYOiQdbqqg4qu+pKtrSPX1oD",
"d784e068-247a-4217-b23c-2b057dee7f33","UNDE_001.basePlot.bet","D05","UNDE","UNDE_001","N","2015-07-06","2015-07-20","2015-07-21","2015-08-13","2015-09-28","UNDE_001.N.20150720","kh3xmoTmJnDEdDDgC6O3VqBu/5tBfatIs94YGAOMZnM=","carabid","PTETRI3","Pterostichus tristis","species","cf. species","Dejean",,1,"Bousquet, Y. 2010b. Illustrated Identification Guide to Adults and Larvae of Northeastern North American Ground Beetles (Coleoptera: Carabidae). 1st Ed. Pensoft Publishers, Sofia, Bulgaria.","Syw2LXB/pj+fmGCuwdgBGVryVUmYhw3g","gv1RuG2ijYOiQdbqqg4qu+pKtrSPX1oD","Could be PTEADO. pinned"
"fed7d624-00c3-49db-896d-106edb806dd7","UNDE_001.basePlot.bet","D05","UNDE","UNDE_001","N","2015-07-06","2015-07-20","2015-07-21","2015-08-13","2015-09-25","UNDE_001.N.20150720","kh3xmoTmJnDEdDDgC6O3VnnYQiTTSz+jdHj4T5CR7K0=","carabid","SYNIMP","Synuchus impunctatus","species",,"Say",,2,"Lindroth, C. H. 1969. The ground-beetles (Carabidae, excl. Cicindelinae) of Canada and Alaska, parts 1-6. Opuscula E. Entomoligiska Sallskapet.","Syw2LXB/pj+fmGCuwdgBGVryVUmYhw3g","gv1RuG2ijYOiQdbqqg4qu+pKtrSPX1oD","both pinned"
"cc6230a4-e376-4a6b-965f-85ed77385c8c","UNDE_011.basePlot.bet","D05","UNDE","UNDE_011","N","2015-07-06","2015-07-20","2015-07-21","2015-08-13",,"UNDE_011.N.20150720","0Ya1AWR2lPjLjN29ViQVJg9Fvc5TWX/z2fLAriiu5qk=","invert bycatch",,,,,,,,,,"XZoPj1u9UmznO7Lakic/e+h3MMLMvbQt",
"69088853-c643-4151-afdb-edba80fd41b6","UNDE_001.basePlot.bet","D05","UNDE","UNDE_001","N","2015-07-06","2015-07-20","2015-07-21","2015-08-13","2015-09-25","UNDE_001.N.20150720","kh3xmoTmJnDEdDDgC6O3VnGhFovdvYoO7Sl7AEw3Qmw=","carabid","PTECOR1","Pterostichus coracinus","species","cf. species","Newman",,2,"Lindroth, C. H. 1969. The ground-beetles (Carabidae, excl. Cicindelinae) of Canada and Alaska, parts 1-6. Opuscula E. Entomoligiska Sallskapet.","XZoPj1u9UmznO7Lakic/e+h3MMLMvbQt","gv1RuG2ijYOiQdbqqg4qu+pKtrSPX1oD","could be PTENOV. both pinned"
"4abe2b04-2e10-4781-8d08-dc55e4eee4ca","UNDE_011.basePlot.bet","D05","UNDE","UNDE_011","N","2015-07-06","2015-07-20","2015-07-21","2015-08-13","2015-10-26","UNDE_011.N.20150720","0Ya1AWR2lPjLjN29ViQVJp1a5FfEXwDzLj1s12WfQ2I=","carabid","AGOTRI","Agonum trigeminum","species",,"Lindroth",,1,"Lindroth, C. H. 1969. The ground-beetles (Carabidae, excl. Cicindelinae) of Canada and Alaska, parts 1-6. Opuscula E. Entomoligiska Sallskapet.","Syw2LXB/pj+fmGCuwdgBGVryVUmYhw3g","XZoPj1u9UmznO7Lakic/e+h3MMLMvbQt","pinned"
"5f85ac90-b894-40b6-b2bb-c62dc35c643b","UNDE_008.basePlot.bet","D05","UNDE","UNDE_008","N","2015-07-06","2015-07-20","2015-07-21","2015-08-14","2015-10-26","UNDE_008.N.20150720","MjA7sUqH2CaY31Dt12fKCNDletEI5+QBg0yTZyATdVo=","carabid","SYNIMP","Synuchus impunctatus","species",,"Say",,1,"Lindroth, C. H. 1969. The ground-beetles (Carabidae, excl. Cicindelinae) of Canada and Alaska, parts 1-6. Opuscula E. Entomoligiska Sallskapet.","Syw2LXB/pj+fmGCuwdgBGVryVUmYhw3g","XZoPj1u9UmznO7Lakic/e+h3MMLMvbQt","pooled with SYNIMP from E trap"
"1b9eb4e7-4aa4-4934-a93a-51c1126402ab","UNDE_008.basePlot.bet","D05","UNDE","UNDE_008","N","2015-07-06","2015-07-20","2015-07-21","2015-08-13",,"UNDE_008.N.20150720","MjA7sUqH2CaY31Dt12fKCJgwKo0X9S8EAM5z64fhk5o=","invert bycatch",,,,,,,,,,"gv1RuG2ijYOiQdbqqg4qu+pKtrSPX1oD",
"b09f7a35-d913-40b8-a505-0af4b108fe7c","UNDE_006.basePlot.bet","D05","UNDE","UNDE_006","N","2015-07-06","2015-07-20","2015-07-21","2015-08-13","2015-10-01","UNDE_006.N.20150720","izIYmtFoQUjEi58UfW/1UZdFO2ia/p5llTCGKrws2go=","carabid","SYNIMP","Synuchus impunctatus","species",,"Say",,1,"Lindroth, C. H. 1969. The ground-beetles (Carabidae, excl. Cicindelinae) of Canada and Alaska, parts 1-6. Opuscula E. Entomoligiska Sallskapet.","Syw2LXB/pj+fmGCuwdgBGVryVUmYhw3g","gv1RuG2ijYOiQdbqqg4qu+pKtrSPX1oD","pinned"
"8ac9ea11-fe00-42af-8313-045805f22ea6","UNDE_006.basePlot.bet","D05","UNDE","UNDE_006","N","2015-07-06","2015-07-20","2015-07-21","2015-08-13","2015-10-01","UNDE_006.N.20150720","izIYmtFoQUjEi58UfW/1UW/Aw93YFR5MghEpfXdshC0=","carabid","PTEMEL","Pterostichus melanarius melanarius","subspecies",,"Illiger",,8,"Lindroth, C. H. 1969. The ground-beetles (Carabidae, excl. Cicindelinae) of Canada and Alaska, parts 1-6. Opuscula E. Entomoligiska Sallskapet.","Syw2LXB/pj+fmGCuwdgBGVryVUmYhw3g","gv1RuG2ijYOiQdbqqg4qu+pKtrSPX1oD","pooled with PTEMEL from S and E traps"
"7a4072e4-9aae-4bef-a311-a74460bff0eb","UNDE_001.basePlot.bet","D05","UNDE","UNDE_001","N","2015-07-06","2015-07-20","2015-07-21","2015-08-13","2015-09-25","UNDE_001.N.20150720","kh3xmoTmJnDEdDDgC6O3Vg9UVKb4lZi6UgNWAYzth78=","carabid","CYMCRI","Cymindis cribricollis","species",,"Dejean",,1,"Lindroth, C. H. 1969. The ground-beetles (Carabidae, excl. Cicindelinae) of Canada and Alaska, parts 1-6. Opuscula E. Entomoligiska Sallskapet.","Syw2LXB/pj+fmGCuwdgBGVryVUmYhw3g","gv1RuG2ijYOiQdbqqg4qu+pKtrSPX1oD","pinned"
"35538971-31af-4806-b3a3-9bc3d90fef77","UNDE_001.basePlot.bet","D05","UNDE","UNDE_001","N","2015-07-06","2015-07-20","2015-07-21","2015-08-13",,"UNDE_001.N.20150720","kh3xmoTmJnDEdDDgC6O3Vpl7U0EAGpBgeLtOKuRQfSI=","invert bycatch",,,,,,,,,,"gv1RuG2ijYOiQdbqqg4qu+pKtrSPX1oD",
