uid,namedLocation,domainID,siteID,plotID,setDate,collectDate,identifiedDate,individualID,taxonID,kingdom,phylum,class,order,family,subfamily,tribe,genus,subgenus,specificEpithet,infraspecificEpithet,scientificName,scientificNameAuthorship,taxonRank,identificationQualifier,sex,morphospeciesID,identificationReferences,identifiedBy,laboratoryName,identificationRemarks,sampleCondition,dnaBarcoded,geneticSampleID,remarks
"171c85cf-0fdd-4278-ba3d-a27c22888116","UNDE_003.basePlot.bet","D05","UNDE","UNDE_003","2015-06-22","2015-07-06","2017-01-15","NEON.BET.D05.000331","AGOGRA","Animalia","Arthropoda","Insecta","Coleoptera","Carabidae","Harpalinae","Platynini","Agonum","Europhilus","gratiosum",,"Agonum gratiosum","Mannerheim","species",,"F",,"Liebherr, J. K. 1994. Identification of new world Agonum , review of the mexican fauna , and description of Incagonum , new genus , from South America (Coleoptera: Carabidae: Platynini). Journal of The New York Entomological Society 102:1-55.","Kipling Will","Essig Museum of Entomology",,"No known compromise","N",,
"7edee842-dce7-43a9-bb7f-c1827268abab","UNDE_003.basePlot.bet","D05","UNDE","UNDE_003","2015-06-22","2015-07-06","2017-01-15","NEON.BET.D05.000332","AGOGRA","Animalia","Arthropoda","Insecta","Coleoptera","Carabidae","Harpalinae","Platynini","Agonum","Europhilus","gratiosum",,"Agonum gratiosum","Mannerheim","species",,"F",,"Liebherr, J. K. 1994. Identification of new world Agonum , review of the mexican fauna , and description of Incagonum , new genus , from South America (Coleoptera: Carabidae: Platynini). Journal of The New York Entomological Society 102:1-55.","Kipling Will","Essig Museum of Entomology",,"No known compromise","N",,
"18039946-1822-42a0-9d16-1c3ce6f319ac","UNDE_006.basePlot.bet","D05","UNDE","UNDE_006","2015-06-22","2015-07-06","2017-01-15","NEON.BET.D05.000342","SYNIMP","Animalia","Arthropoda","Insecta","Coleoptera","Carabidae","Harpalinae","Sphodrini","Synuchus",,"impunctatus",,"Synuchus impunctatus","Say","species",,"F",,"Lindroth, C. H. 1969. The ground-beetles (Carabidae, excl. Cicindelinae) of Canada and Alaska, parts 1-6. Opuscula E. Entomoligiska Sallskapet.","Kipling Will","Essig Museum of Entomology",,"No known compromise","N",,
"9f15b72e-6ffc-4875-982e-54af30881a6b","UNDE_006.basePlot.bet","D05","UNDE","UNDE_006","2015-06-22","2015-07-06","2017-01-15","NEON.BET.D05.000325","SYNIMP","Animalia","Arthropoda","Insecta","Coleoptera","Carabidae","Harpalinae","Sphodrini","Synuchus",,"impunctatus",,"Synuchus impunctatus","Say","species",,"M",,"Lindroth, C. H. 1969. The ground-beetles (Carabidae, excl. Cicindelinae) of Canada and Alaska, parts 1-6. Opuscula E. Entomoligiska Sallskapet.","Kipling Will","Essig Museum of Entomology",,"No known compromise","N",,
"096c5c62-6910-443b-b41b-a74af39ba0da","UNDE_011.basePlot.bet","D05","UNDE","UNDE_011","2015-06-22","2015-07-06","2017-01-15","NEON.BET.D05.000389","PTECOR1","Animalia","Arthropoda","Insecta","Coleoptera","Carabidae","Harpalinae","Pterostichini","Pterostichus","Euferonia","coracinus",,"Pterostichus coracinus","Newman","species",,"M",,"Lindroth, C. H. 1969. The ground-beetles (Carabidae, excl. Cicindelinae) of Canada and Alaska, parts 1-6. Opuscula E. Entomoligiska Sallskapet.","Kipling Will","Essig Museum of Entomology",,"No known compromise","N",,
"283eadce-92bf-40f3-9334-99158b58f273","UNDE_008.basePlot.bet","D05","UNDE","UNDE_008","2015-06-22","2015-07-06","2017-01-15","NEON.BET.D05.000411","PTECOR1","Animalia","Arthropoda","Insecta","Coleoptera","Carabidae","Harpalinae","Pterostichini","Pterostichus","Euferonia","coracinus",,"Pterostichus coracinus","Newman","species",,"M",,"Lindroth, C. H. 1969. The ground-beetles (Carabidae, excl. Cicindelinae) of Canada and Alaska, parts 1-6. Opuscula E. Entomoligiska Sallskapet.","Kipling Will","Essig Museum of Entomology",,"No known compromise","N",,
"fe269320-d370-476a-b60b-6c35692ecd4a","UNDE_008.basePlot.bet","D05","UNDE","UNDE_008","2015-06-22","2015-07-06","2017-01-15","NEON.BET.D05.000417","PTECOR1","Animalia","Arthropoda","Insecta","Coleoptera","Carabidae","Harpalinae","Pterostichini","Pterostichus","Euferonia","coracinus",,"Pterostichus coracinus","Newman","species",,"F",,"Lindroth, C. H. 1969. The ground-beetles (Carabidae, excl. Cicindelinae) of Canada and Alaska, parts 1-6. Opuscula E. Entomoligiska Sallskapet.","Kipling Will","Essig Museum of Entomology",,"No known compromise","N",,
"f791f0f6-2a2a-4f22-a799-28cb0cfd3e44","UNDE_001.basePlot.bet","D05","UNDE","UNDE_001","2015-06-22","2015-07-06","2017-01-15","NEON.BET.D05.000430","AGORET","Animalia","Arthropoda","Insecta","Coleoptera","Carabidae","Harpalinae","Platynini","Agonum","Europhilus","retractum",,"Agonum retractum","LeConte","species",,"F",,"Liebherr, J. K. 1994. Identification of new world Agonum , review of the mexican fauna , and description of Incagonum , new genus , from South America (Coleoptera: Carabidae: Platynini). Journal of The New York Entomological Society 102:1-55.","Kipling Will","Essig Museum of Entomology",,"No known compromise","N",,
"53f7e840-72ca-46c9-a882-c5cfe650ad3d","UNDE_001.basePlot.bet","D05","UNDE","UNDE_001","2015-06-22","2015-07-06","2017-01-15","NEON.BET.D05.000431","AGORET","Animalia","Arthropoda","Insecta","Coleoptera","Carabidae","Harpalinae","Platynini","Agonum","Europhilus","retractum",,"Agonum retractum","LeConte","species",,"F",,"Liebherr, J. K. 1994. Identification of new world Agonum , review of the mexican fauna , and description of Incagonum , new genus , from South America (Coleoptera: Carabidae: Platynini). Journal of The New York Entomological Society 102:1-55.","Kipling Will","Essig Museum of Entomology",,"No known compromise","N",,
"8155d299-3d92-415a-8c85-812560c2ef69","UNDE_003.basePlot.bet","D05","UNDE","UNDE_003","2015-06-22","2015-07-06","2017-01-15","NEON.BET.D05.000418","AGOTRI","Animalia","Arthropoda","Insecta","Coleoptera","Carabidae","Harpalinae","Platynini","Agonum","Olisares","trigeminum",,"Agonum trigeminum","Lindroth","species",,"F",,"Liebherr, J. K. 1994. Identification of new world Agonum , review of the mexican fauna , and description of Incagonum , new genus , from South America (Coleoptera: Carabidae: Platynini). Journal of The New York Entomological Society 102:1-55.","Kipling Will","Essig Museum of Entomology",,"No known compromise","N",,
"1a6a99ee-a8ca-486a-9080-9076654eb6af","UNDE_007.basePlot.bet","D05","UNDE","UNDE_007","2015-06-22","2015-07-06","2017-01-15","NEON.BET.D05.000433","AGORET","Animalia","Arthropoda","Insecta","Coleoptera","Carabidae","Harpalinae","Platynini","Agonum","Europhilus","retractum",,"Agonum retractum","LeConte","species",,"M",,"Liebherr, J. K. 1994. Identification of new world Agonum , review of the mexican fauna , and description of Incagonum , new genus , from South America (Coleoptera: Carabidae: Platynini). Journal of The New York Entomological Society 102:1-55.","Kipling Will","Essig Museum of Entomology",,"No known compromise","N",,
"de56af2c-fbb1-4558-ba5c-bc7664569078","UNDE_006.basePlot.bet","D05","UNDE","UNDE_006","2015-06-22","2015-07-06","2017-01-15","NEON.BET.D05.000450","PTEMEL","Animalia","Arthropoda","Insecta","Coleoptera","Carabidae","Harpalinae","Pterostichini","Pterostichus","Morphnosoma","melanarius","melanarius","Pterostichus melanarius melanarius","Illiger","subspecies",,"F",,"Lindroth, C. H. 1969. The ground-beetles (Carabidae, excl. Cicindelinae) of Canada and Alaska, parts 1-6. Opuscula E. Entomoligiska Sallskapet.","Kipling Will","Essig Museum of Entomology",,"No known compromise","N",,
"9317b8e3-f5ba-43f6-b1b5-413352231610","UNDE_006.basePlot.bet","D05","UNDE","UNDE_006","2015-06-22","2015-07-06","2017-01-15","NEON.BET.D05.000448","PTEMEL","Animalia","Arthropoda","Insecta","Coleoptera","Carabidae","Harpalinae","Pterostichini","Pterostichus","Morphnosoma","melanarius","melanarius","Pterostichus melanarius melanarius","Illiger","subspecies",,"M",,"Lindroth, C. H. 1969. The ground-beetles (Carabidae, excl. Cicindelinae) of Canada and Alaska, parts 1-6. Opuscula E. Entomoligiska Sallskapet.","Kipling Will","Essig Museum of Entomology",,"No known compromise","N",,
"71677a09-0f65-4f31-a096-f691df0052b0","UNDE_006.basePlot.bet","D05","UNDE","UNDE_006","2015-06-22","2015-07-06","2017-01-15","NEON.BET.D05.000449","PTEMEL","Animalia","Arthropoda","Insecta","Coleoptera","Carabidae","Harpalinae","Pterostichini","Pterostichus","Morphnosoma","melanarius","melanarius","Pterostichus melanarius melanarius","Illiger","subspecies",,"M",,"Lindroth, C. H. 1969. The ground-beetles (Carabidae, excl. Cicindelinae) of Canada and Alaska, parts 1-6. Opuscula E. Entomoligiska Sallskapet.","Kipling Will","Essig Museum of Entomology",,"No known compromise","N",,
"0042e67c-e90a-4ae3-9127-6e2b5b9e9220","UNDE_006.basePlot.bet","D05","UNDE","UNDE_006","2015-06-22","2015-07-06","2017-01-15","NEON.BET.D05.000462","PTEMEL","Animalia","Arthropoda","Insecta","Coleoptera","Carabidae","Harpalinae","Pterostichini","Pterostichus","Morphnosoma","melanarius","melanarius","Pterostichus melanarius melanarius","Illiger","subspecies",,"F",,"Lindroth, C. H. 1969. The ground-beetles (Carabidae, excl. Cicindelinae) of Canada and Alaska, parts 1-6. Opuscula E. Entomoligiska Sallskapet.","Kipling Will","Essig Museum of Entomology",,"No known compromise","N",,
"d5569877-9333-4139-8cef-4a18f57549a1","UNDE_007.basePlot.bet","D05","UNDE","UNDE_007","2015-06-22","2015-07-06","2017-01-15","NEON.BET.D05.000527","PTEMEL","Animalia","Arthropoda","Insecta","Coleoptera","Carabidae","Harpalinae","Pterostichini","Pterostichus","Morphnosoma","melanarius","melanarius","Pterostichus melanarius melanarius","Illiger","subspecies",,"F",,"Lindroth, C. H. 1969. The ground-beetles (Carabidae, excl. Cicindelinae) of Canada and Alaska, parts 1-6. Opuscula E. Entomoligiska Sallskapet.","Kipling Will","Essig Museum of Entomology",,"No known compromise","N",,
"a7b90eea-a320-4d08-a01a-c9c55a0a8b77","UNDE_017.basePlot.bet","D05","UNDE","UNDE_017","2015-06-22","2015-07-06","2017-01-15","NEON.BET.D05.000510","PTEMEL","Animalia","Arthropoda","Insecta","Coleoptera","Carabidae","Harpalinae","Pterostichini","Pterostichus","Morphnosoma","melanarius","melanarius","Pterostichus melanarius melanarius","Illiger","subspecies",,"F",,"Lindroth, C. H. 1969. The ground-beetles (Carabidae, excl. Cicindelinae) of Canada and Alaska, parts 1-6. Opuscula E. Entomoligiska Sallskapet.","Kipling Will","Essig Museum of Entomology",,"No known compromise","N",,
"c1c69b44-3f87-430b-9bf6-b82eef212c6e","UNDE_017.basePlot.bet","D05","UNDE","UNDE_017","2015-06-22","2015-07-06","2017-01-15","NEON.BET.D05.000509","PTEMEL","Animalia","Arthropoda","Insecta","Coleoptera","Carabidae","Harpalinae","Pterostichini","Pterostichus","Morphnosoma","melanarius","melanarius","Pterostichus melanarius melanarius","Illiger","subspecies",,"F",,"Lindroth, C. H. 1969. The ground-beetles (Carabidae, excl. Cicindelinae) of Canada and Alaska, parts 1-6. Opuscula E. Entomoligiska Sallskapet.","Kipling Will","Essig Museum of Entomology",,"No known compromise","N",,
"d932aea4-c05b-473a-a874-2ab98b29c7d0","UNDE_001.basePlot.bet","D05","UNDE","UNDE_001","2015-06-22","2015-07-06","2017-01-15","NEON.BET.D05.000538","SYNIMP","Animalia","Arthropoda","Insecta","Coleoptera","Carabidae","Harpalinae","Sphodrini","Synuchus",,"impunctatus",,"Synuchus impunctatus","Say","species",,"F",,"Lindroth, C. H. 1969. The ground-beetles (Carabidae, excl. Cicindelinae) of Canada and Alaska, parts 1-6. Opuscula E. Entomoligiska Sallskapet.","Kipling Will","Essig Museum of Entomology",,"No known compromise","N",,
"bc80f2c1-8395-48aa-8df3-1d113ed209a7","UNDE_001.basePlot.bet","D05","UNDE","UNDE_001","2015-06-22","2015-07-06","2017-01-15","NEON.BET.D05.000539","SYNIMP","Animalia","Arthropoda","Insecta","Coleoptera","Carabidae","Harpalinae","Sphodrini","Synuchus",,"impunctatus",,"Synuchus impunctatus","Say","species",,"F",,"Lindroth, C. H. 1969. The ground-beetles (Carabidae, excl. Cicindelinae) of Canada and Alaska, parts 1-6. Opuscula E. Entomoligiska Sallskapet.","Kipling Will","Essig Museum of Entomology",,"No known compromise","N",,
"7b9793cd-0995-4186-b157-1468e4846417","UNDE_008.basePlot.bet","D05","UNDE","UNDE_008","2015-06-22","2015-07-06","2017-01-15","NEON.BET.D05.000518","PTEMEL","Animalia","Arthropoda","Insecta","Coleoptera","Carabidae","Harpalinae","Pterostichini","Pterostichus","Morphnosoma","melanarius","melanarius","Pterostichus melanarius melanarius","Illiger","subspecies",,"M",,"Lindroth, C. H. 1969. The ground-beetles (Carabidae, excl. Cicindelinae) of Canada and Alaska, parts 1-6. Opuscula E. Entomoligiska Sallskapet.","Kipling Will","Essig Museum of Entomology",,"No known compromise","N",,
"eedb632d-307c-444d-8321-a3286ea802c9","UNDE_008.basePlot.bet","D05","UNDE","UNDE_008","2015-06-22","2015-07-06","2017-01-15","NEON.BET.D05.000529","PTEMEL","Animalia","Arthropoda","Insecta","Coleoptera","Carabidae","Harpalinae","Pterostichini","Pterostichus","Morphnosoma","melanarius","melanarius","Pterostichus melanarius melanarius","Illiger","subspecies",,"F",,"Lindroth, C. H. 1969. The ground-beetles (Carabidae, excl. Cicindelinae) of Canada and Alaska, parts 1-6. Opuscula E. Entomoligiska Sallskapet.","Kipling Will","Essig Museum of Entomology",,"No known compromise","N",,
"0a0621a5-ad7d-4f00-aa1b-73a7b4a9dc03","UNDE_012.basePlot.bet","D05","UNDE","UNDE_012","2015-06-22","2015-07-06","2017-01-15","NEON.BET.D05.000502","PTEMEL","Animalia","Arthropoda","Insecta","Coleoptera","Carabidae","Harpalinae","Pterostichini","Pterostichus","Morphnosoma","melanarius","melanarius","Pterostichus melanarius melanarius","Illiger","subspecies",,"M",,"Lindroth, C. H. 1969. The ground-beetles (Carabidae, excl. Cicindelinae) of Canada and Alaska, parts 1-6. Opuscula E. Entomoligiska Sallskapet.","Kipling Will","Essig Museum of Entomology",,"No known compromise","N",,
"1be5b5f4-1574-42e5-856e-fabf6126cb7c","UNDE_012.basePlot.bet","D05","UNDE","UNDE_012","2015-06-22","2015-07-06","2017-01-15","NEON.BET.D05.000501","PTEMEL","Animalia","Arthropoda","Insecta","Coleoptera","Carabidae","Harpalinae","Pterostichini","Pterostichus","Morphnosoma","melanarius","melanarius","Pterostichus melanarius melanarius","Illiger","subspecies",,"M",,"Lindroth, C. H. 1969. The ground-beetles (Carabidae, excl. Cicindelinae) of Canada and Alaska, parts 1-6. Opuscula E. Entomoligiska Sallskapet.","Kipling Will","Essig Museum of Entomology",,"No known compromise","N",,
"f3c2b292-9a8f-426d-a195-abb71eb12a27","UNDE_010.basePlot.bet","D05","UNDE","UNDE_010","2015-06-22","2015-07-06","2017-01-15","NEON.BET.D05.000563","SYNIMP","Animalia","Arthropoda","Insecta","Coleoptera","Carabidae","Harpalinae","Sphodrini","Synuchus",,"impunctatus",,"Synuchus impunctatus","Say","species",,"F",,"Lindroth, C. H. 1969. The ground-beetles (Carabidae, excl. Cicindelinae) of Canada and Alaska, parts 1-6. Opuscula E. Entomoligiska Sallskapet.","Kipling Will","Essig Museum of Entomology",,"No known compromise","N",,
"5ba67296-d4ec-471c-a51c-35bf4328622a","UNDE_007.basePlot.bet","D05","UNDE","UNDE_007","2015-06-22","2015-07-06","2017-01-15","NEON.BET.D05.000552","SYNIMP","Animalia","Arthropoda","Insecta","Coleoptera","Carabidae","Harpalinae","Sphodrini","Synuchus",,"impunctatus",,"Synuchus impunctatus","Say","species",,"F",,"Lindroth, C. H. 1969. The ground-beetles (Carabidae, excl. Cicindelinae) of Canada and Alaska, parts 1-6. Opuscula E. Entomoligiska Sallskapet.","Kipling Will","Essig Museum of Entomology",,"No known compromise","N",,
"01b55a49-9820-40ac-ade8-504be0ebc87d","UNDE_007.basePlot.bet","D05","UNDE","UNDE_007","2015-06-22","2015-07-06","2017-01-15","NEON.BET.D05.000553","SYNIMP","Animalia","Arthropoda","Insecta","Coleoptera","Carabidae","Harpalinae","Sphodrini","Synuchus",,"impunctatus",,"Synuchus impunctatus","Say","species",,"F",,"Lindroth, C. H. 1969. The ground-beetles (Carabidae, excl. Cicindelinae) of Canada and Alaska, parts 1-6. Opuscula E. Entomoligiska Sallskapet.","Kipling Will","Essig Museum of Entomology",,"No known compromise","N",,
"c158d46d-d72e-4ec3-9650-a76669cdfdee","UNDE_008.basePlot.bet","D05","UNDE","UNDE_008","2015-06-22","2015-07-06","2017-01-15","NEON.BET.D05.000554","SYNIMP","Animalia","Arthropoda","Insecta","Coleoptera","Carabidae","Harpalinae","Sphodrini","Synuchus",,"impunctatus",,"Synuchus impunctatus","Say","species",,"M",,"Lindroth, C. H. 1969. The ground-beetles (Carabidae, excl. Cicindelinae) of Canada and Alaska, parts 1-6. Opuscula E. Entomoligiska Sallskapet.","Kipling Will","Essig Museum of Entomology",,"No known compromise","N",,
"f1e1adf5-6e5f-433a-8585-bddc00b62f5f","UNDE_001.basePlot.bet","D05","UNDE","UNDE_001","2015-06-22","2015-07-06","2017-01-15","NEON.BET.D05.000559","SYNIMP","Animalia","Arthropoda","Insecta","Coleoptera","Carabidae","Harpalinae","Sphodrini","Synuchus",,"impunctatus",,"Synuchus impunctatus","Say","species",,"F",,"Lindroth, C. H. 1969. The ground-beetles (Carabidae, excl. Cicindelinae) of Canada and Alaska, parts 1-6. Opuscula E. Entomoligiska Sallskapet.","Kipling Will","Essig Museum of Entomology",,"No known compromise","N",,
"d6a8981b-81e6-4e11-80c5-35c85da27d9c","UNDE_003.basePlot.bet","D05","UNDE","UNDE_003","2015-06-22","2015-07-06","2017-01-15","NEON.BET.D05.000640","PTELUC","Animalia","Arthropoda","Insecta","Coleoptera","Carabidae","Harpalinae","Pterostichini","Pterostichus","Pseudomaseus","luctuosus",,"Pterostichus luctuosus","Dejean","species",,"F",,"Lindroth, C. H. 1969. The ground-beetles (Carabidae, excl. Cicindelinae) of Canada and Alaska, parts 1-6. Opuscula E. Entomoligiska Sallskapet.","Kipling Will","Essig Museum of Entomology",,"No known compromise","N",,
"556909ce-2a9d-4c94-b82a-5935aa61d45a","UNDE_003.basePlot.bet","D05","UNDE","UNDE_003","2015-06-22","2015-07-06","2017-01-15","NEON.BET.D05.000613","PLADEC","Animalia","Arthropoda","Insecta","Coleoptera","Carabidae","Harpalinae","Platynini","Platynus","Platynus","decentis",,"Platynus decentis","Say","species",,"F",,"Liebherr, J. K., and K. W. Will. 1996. New North American Platynus Bonelli (Coleoptera: Carabidae), a key to species north of Mexico, and notes on species from the southwestern United States. The Coleopterists Bulletin 50:301-320.","Kipling Will","Essig Museum of Entomology",,"No known compromise","N",,
"f50d2c79-d65f-415d-8118-6f713fe1f1e3","UNDE_010.basePlot.bet","D05","UNDE","UNDE_010","2015-06-22","2015-07-06","2017-01-15","NEON.BET.D05.000643","PTELUC","Animalia","Arthropoda","Insecta","Coleoptera","Carabidae","Harpalinae","Pterostichini","Pterostichus","Pseudomaseus","luctuosus",,"Pterostichus luctuosus","Dejean","species",,"F",,"Lindroth, C. H. 1969. The ground-beetles (Carabidae, excl. Cicindelinae) of Canada and Alaska, parts 1-6. Opuscula E. Entomoligiska Sallskapet.","Kipling Will","Essig Museum of Entomology",,"No known compromise","N",,
"5e7f4e66-2b2a-40ac-a7cb-40c2ad221e10","UNDE_003.basePlot.bet","D05","UNDE","UNDE_003","2015-06-22","2015-07-06","2017-01-15","NEON.BET.D05.000638","PTELUC","Animalia","Arthropoda","Insecta","Coleoptera","Carabidae","Harpalinae","Pterostichini","Pterostichus","Pseudomaseus","luctuosus",,"Pterostichus luctuosus","Dejean","species",,"M",,"Lindroth, C. H. 1969. The ground-beetles (Carabidae, excl. Cicindelinae) of Canada and Alaska, parts 1-6. Opuscula E. Entomoligiska Sallskapet.","Kipling Will","Essig Museum of Entomology",,"No known compromise","N",,
"5e7be504-41bf-41e5-8bbe-1293adceeb8b","UNDE_003.basePlot.bet","D05","UNDE","UNDE_003","2015-06-22","2015-07-06","2017-01-15","NEON.BET.D05.000639","PTELUC","Animalia","Arthropoda","Insecta","Coleoptera","Carabidae","Harpalinae","Pterostichini","Pterostichus","Pseudomaseus","luctuosus",,"Pterostichus luctuosus","Dejean","species",,"M",,"Lindroth, C. H. 1969. The ground-beetles (Carabidae, excl. Cicindelinae) of Canada and Alaska, parts 1-6. Opuscula E. Entomoligiska Sallskapet.","Kipling Will","Essig Museum of Entomology",,"No known compromise","N",,
"5a6d50a1-01f5-40c6-8cf6-3ebd14629663","UNDE_003.basePlot.bet","D05","UNDE","UNDE_003","2015-06-22","2015-07-06","2017-01-15","NEON.BET.D05.000630","PLAMAN","Animalia","Arthropoda","Insecta","Coleoptera","Carabidae","Harpalinae","Platynini","Platynus","Batenus","mannerheimii",,"Platynus mannerheimii","Dejean","species",,"F",,"Liebherr, J. K., and K. W. Will. 1996. New North American Platynus Bonelli (Coleoptera: Carabidae), a key to species north of Mexico, and notes on species from the southwestern United States. The Coleopterists Bulletin 50:301-320.","Kipling Will","Essig Museum of Entomology",,"No known compromise","N",,
"d10fc5bb-f200-4734-b4c1-54c38c32cd9d","UNDE_017.basePlot.bet","D05","UNDE","UNDE_017","2015-06-22","2015-07-06","2017-01-15","NEON.BET.D05.000624","PLADEC","Animalia","Arthropoda","Insecta","Coleoptera","Carabidae","Harpalinae","Platynini","Platynus","Platynus","decentis",,"Platynus decentis","Say","species",,"F",,"Liebherr, J. K., and K. W. Will. 1996. New North American Platynus Bonelli (Coleoptera: Carabidae), a key to species north of Mexico, and notes on species from the southwestern United States. The Coleopterists Bulletin 50:301-320.","Kipling Will","Essig Museum of Entomology",,"No known compromise","N",,
"5daf0e3d-4f0f-46dd-8280-620a75f2f154","UNDE_003.basePlot.bet","D05","UNDE","UNDE_003","2015-06-22","2015-07-06","2017-01-15","NEON.BET.D05.000637","PTELUC","Animalia","Arthropoda","Insecta","Coleoptera","Carabidae","Harpalinae","Pterostichini","Pterostichus","Pseudomaseus","luctuosus",,"Pterostichus luctuosus","Dejean","species",,"F",,"Lindroth, C. H. 1969. The ground-beetles (Carabidae, excl. Cicindelinae) of Canada and Alaska, parts 1-6. Opuscula E. Entomoligiska Sallskapet.","Kipling Will","Essig Museum of Entomology",,"No known compromise","N",,
"320701cd-d9e7-4d1e-af1f-1a5eaff7d6b4","UNDE_001.basePlot.bet","D05","UNDE","UNDE_001","2015-06-22","2015-07-06","2017-01-15","NEON.BET.D05.000636","PTETRI3","Animalia","Arthropoda","Insecta","Coleoptera","Carabidae","Harpalinae","Pterostichini","Pterostichus","Hypherpes","tristis",,"Pterostichus tristis","Dejean","species",,"F",,"Lindroth, C. H. 1969. The ground-beetles (Carabidae, excl. Cicindelinae) of Canada and Alaska, parts 1-6. Opuscula E. Entomoligiska Sallskapet.","Kipling Will","Essig Museum of Entomology",,"No known compromise","N",,
"7d76d8f8-bc81-4084-a866-e8261fae44f5","UNDE_017.basePlot.bet","D05","UNDE","UNDE_017","2015-06-22","2015-07-06","2017-01-15","NEON.BET.D05.000625","PLADEC","Animalia","Arthropoda","Insecta","Coleoptera","Carabidae","Harpalinae","Platynini","Platynus","Platynus","decentis",,"Platynus decentis","Say","species",,"M",,"Liebherr, J. K., and K. W. Will. 1996. New North American Platynus Bonelli (Coleoptera: Carabidae), a key to species north of Mexico, and notes on species from the southwestern United States. The Coleopterists Bulletin 50:301-320.","Kipling Will","Essig Museum of Entomology",,"No known compromise","N",,
"4c1afb99-bf55-4dd0-90f4-dd03e0139cd6","UNDE_011.basePlot.bet","D05","UNDE","UNDE_011","2015-06-22","2015-07-06","2017-01-15","NEON.BET.D05.000604","PLADEC","Animalia","Arthropoda","Insecta","Coleoptera","Carabidae","Harpalinae","Platynini","Platynus","Platynus","decentis",,"Platynus decentis","Say","species",,"M",,"Liebherr, J. K., and K. W. Will. 1996. New North American Platynus Bonelli (Coleoptera: Carabidae), a key to species north of Mexico, and notes on species from the southwestern United States. The Coleopterists Bulletin 50:301-320.","Kipling Will","Essig Museum of Entomology",,"No known compromise","N",,
"c311e4a2-97a1-4b65-a9cd-c446436fc9ff","UNDE_011.basePlot.bet","D05","UNDE","UNDE_011","2015-06-22","2015-07-06","2017-01-15","NEON.BET.D05.000603","PLADEC","Animalia","Arthropoda","Insecta","Coleoptera","Carabidae","Harpalinae","Platynini","Platynus","Platynus","decentis",,"Platynus decentis","Say","species",,"F",,"Liebherr, J. K., and K. W. Will. 1996. New North American Platynus Bonelli (Coleoptera: Carabidae), a key to species north of Mexico, and notes on species from the southwestern United States. The Coleopterists Bulletin 50:301-320.","Kipling Will","Essig Museum of Entomology",,"No known compromise","N",,
"56399f42-5cc5-4a9a-9011-75f0f250a2d6","UNDE_007.basePlot.bet","D05","UNDE","UNDE_007","2015-06-22","2015-07-06","2017-01-15","NEON.BET.D05.000695","PTEPEN","Animalia","Arthropoda","Insecta","Coleoptera","Carabidae","Harpalinae","Pterostichini","Pterostichus","Bothriopterus","pensylvanicus",,"Pterostichus pensylvanicus","LeConte","species",,"M",,"Lindroth, C. H. 1969. The ground-beetles (Carabidae, excl. Cicindelinae) of Canada and Alaska, parts 1-6. Opuscula E. Entomoligiska Sallskapet.","Kipling Will","Essig Museum of Entomology",,"No known compromise","N",,
"3df73ad8-35f3-45fe-a1da-107277502284","UNDE_003.basePlot.bet","D05","UNDE","UNDE_003","2015-06-22","2015-07-06","2017-01-15","NEON.BET.D05.000689","LORPIL2","Animalia","Arthropoda","Insecta","Coleoptera","Carabidae","Loricerinae","Loricerini","Loricera","Loricera","pilicornis","pilicornis","Loricera pilicornis pilicornis","Fabricius","subspecies",,"M",,"Ball, G. E., and T. L. Erwin. 1969. A taxonomic synopsis of the tribe Loricerini (Coleoptera: Carabidae). Canadian Journal of Zoology 47:877-907.","Kipling Will","Essig Museum of Entomology",,"No known compromise","N",,
"b6fc20d2-6639-4ff8-8379-891a18995cf9","UNDE_007.basePlot.bet","D05","UNDE","UNDE_007","2015-06-22","2015-07-06","2017-01-15","NEON.BET.D05.000667","SPHSTE1","Animalia","Arthropoda","Insecta","Coleoptera","Carabidae","Carabinae","Cychrini","Sphaeroderus",,"stenostomus","lecontei","Sphaeroderus stenostomus lecontei","Dejean","subspecies",,"F",,"Lindroth, C. H. 1969. The ground-beetles (Carabidae, excl. Cicindelinae) of Canada and Alaska, parts 1-6. Opuscula E. Entomoligiska Sallskapet.","Kipling Will","Essig Museum of Entomology",,"No known compromise","N",,
"ed98dcb4-62aa-41f8-81df-9462d8516dac","UNDE_011.basePlot.bet","D05","UNDE","UNDE_011","2015-06-22","2015-07-06","2017-01-15","NEON.BET.D05.000658","SPHSTE1","Animalia","Arthropoda","Insecta","Coleoptera","Carabidae","Carabinae","Cychrini","Sphaeroderus",,"stenostomus","lecontei","Sphaeroderus stenostomus lecontei","Dejean","subspecies",,"M",,"Lindroth, C. H. 1969. The ground-beetles (Carabidae, excl. Cicindelinae) of Canada and Alaska, parts 1-6. Opuscula E. Entomoligiska Sallskapet.","Kipling Will","Essig Museum of Entomology",,"No known compromise","N",,
"c16d2a90-f283-4d03-a571-0b1952a95175","UNDE_003.basePlot.bet","D05","UNDE","UNDE_003","2015-06-22","2015-07-06","2017-01-15","NEON.BET.D05.000676","ELACLA","Animalia","Arthropoda","Insecta","Coleoptera","Carabidae","Elaphrinae","Elaphrini","Elaphrus","Neoelaphrus","clairvillei",,"Elaphrus clairvillei","Kirby","species",,"M",,"Lindroth, C. H. 1969. The ground-beetles (Carabidae, excl. Cicindelinae) of Canada and Alaska, parts 1-6. Opuscula E. Entomoligiska Sallskapet.","Kipling Will","Essig Museum of Entomology",,"No known compromise","N",,
"4140f618-94d2-4f9c-8d1d-61078e5b44f7","UNDE_011.basePlot.bet","D05","UNDE","UNDE_011","2015-06-22","2015-07-06","2017-01-15","NEON.BET.D05.000677","CLIFOS","Animalia","Arthropoda","Insecta","Coleoptera","Carabidae","Scaritinae","Clivinini","Clivina","Clivina","fossor","fossor","Clivina fossor fossor","Linnaeus","subspecies",,"F",,"Lindroth, C. H. 1969. The ground-beetles (Carabidae, excl. Cicindelinae) of Canada and Alaska, parts 1-6. Opuscula E. Entomoligiska Sallskapet.","Kipling Will","Essig Museum of Entomology",,"No known compromise","N",,
"91c18c49-0c28-406f-b9fc-59dd4f6dbc92","UNDE_012.basePlot.bet","D05","UNDE","UNDE_012","2015-06-22","2015-07-06","2017-01-15","NEON.BET.D05.000678","CLIFOS","Animalia","Arthropoda","Insecta","Coleoptera","Carabidae","Scaritinae","Clivinini","Clivina","Clivina","fossor","fossor","Clivina fossor fossor","Linnaeus","subspecies",,"F",,"Lindroth, C. H. 1969. The ground-beetles (Carabidae, excl. Cicindelinae) of Canada and Alaska, parts 1-6. Opuscula E. Entomoligiska Sallskapet.","Kipling Will","Essig Museum of Entomology",,"No known compromise","N",,
"3bd8e12d-f044-492b-88e7-b1b1514a9b32","UNDE_006.basePlot.bet","D05","UNDE","UNDE_006","2015-06-22","2015-07-06","2017-01-15","NEON.BET.D05.000649","PTEMUT2","Animalia","Arthropoda","Insecta","Coleoptera","Carabidae","Harpalinae","Pterostichini","Pterostichus","Bothriopterus","mutus",,"Pterostichus mutus","Say","species",,"M",,"Lindroth, C. H. 1969. The ground-beetles (Carabidae, excl. Cicindelinae) of Canada and Alaska, parts 1-6. Opuscula E. Entomoligiska Sallskapet.","Kipling Will","Essig Museum of Entomology",,"No known compromise","N",,
"56205312-9395-4a96-9be9-a0d3ea3034c8","UNDE_006.basePlot.bet","D05","UNDE","UNDE_006","2015-06-22","2015-07-06","2017-01-15","NEON.BET.D05.000681","NOTAEN","Animalia","Arthropoda","Insecta","Coleoptera","Carabidae","Nebriinae","Notiophilini","Notiophilus",,"aeneus",,"Notiophilus aeneus","Herbst","species",,"M",,"Lindroth, C. H. 1969. The ground-beetles (Carabidae, excl. Cicindelinae) of Canada and Alaska, parts 1-6. Opuscula E. Entomoligiska Sallskapet.","Kipling Will","Essig Museum of Entomology",,"No known compromise","N",,
"9fdcc1ef-cf02-4341-80f6-cc4ac0c25e01","UNDE_012.basePlot.bet","D05","UNDE","UNDE_012","2015-06-22","2015-07-06","2017-01-15","NEON.BET.D05.000694","PTEPEN","Animalia","Arthropoda","Insecta","Coleoptera","Carabidae","Harpalinae","Pterostichini","Pterostichus","Bothriopterus","pensylvanicus",,"Pterostichus pensylvanicus","LeConte","species",,"F",,"Lindroth, C. H. 1969. The ground-beetles (Carabidae, excl. Cicindelinae) of Canada and Alaska, parts 1-6. Opuscula E. Entomoligiska Sallskapet.","Kipling Will","Essig Museum of Entomology",,"No known compromise","N",,
"aaa813db-ef80-4f78-909e-f6a2d694611f","UNDE_008.basePlot.bet","D05","UNDE","UNDE_008","2015-06-22","2015-07-06","2017-01-15","NEON.BET.D05.000244","PTEPEN","Animalia","Arthropoda","Insecta","Coleoptera","Carabidae","Harpalinae","Pterostichini","Pterostichus","Bothriopterus","pensylvanicus",,"Pterostichus pensylvanicus","LeConte","species",,"F",,"Lindroth, C. H. 1969. The ground-beetles (Carabidae, excl. Cicindelinae) of Canada and Alaska, parts 1-6. Opuscula E. Entomoligiska Sallskapet.","Kipling Will","Essig Museum of Entomology",,"No known compromise","N",,
"7aacf2e1-6e00-4a52-b0e6-8c161dfa640c","UNDE_001.basePlot.bet","D05","UNDE","UNDE_001","2015-06-22","2015-07-06","2017-01-15","NEON.BET.D05.000250","PTEPEN","Animalia","Arthropoda","Insecta","Coleoptera","Carabidae","Harpalinae","Pterostichini","Pterostichus","Bothriopterus","pensylvanicus",,"Pterostichus pensylvanicus","LeConte","species",,"F",,"Lindroth, C. H. 1969. The ground-beetles (Carabidae, excl. Cicindelinae) of Canada and Alaska, parts 1-6. Opuscula E. Entomoligiska Sallskapet.","Kipling Will","Essig Museum of Entomology",,"No known compromise","N",,
"ff94d4ca-8d91-4b62-bb68-db2cba33905e","UNDE_003.basePlot.bet","D05","UNDE","UNDE_003","2015-06-22","2015-07-06","2017-01-15","NEON.BET.D05.000287","PTEPEN","Animalia","Arthropoda","Insecta","Coleoptera","Carabidae","Harpalinae","Pterostichini","Pterostichus","Bothriopterus","pensylvanicus",,"Pterostichus pensylvanicus","LeConte","species",,"F",,"Lindroth, C. H. 1969. The ground-beetles (Carabidae, excl. Cicindelinae) of Canada and Alaska, parts 1-6. Opuscula E. Entomoligiska Sallskapet.","Kipling Will","Essig Museum of Entomology",,"No known compromise","N",,
"dd717311-9a20-4b26-ab94-18904eaab997","UNDE_003.basePlot.bet","D05","UNDE","UNDE_003","2015-06-22","2015-07-06","2017-01-15","NEON.BET.D05.000333","AGOGRA","Animalia","Arthropoda","Insecta","Coleoptera","Carabidae","Harpalinae","Platynini","Agonum","Europhilus","gratiosum",,"Agonum gratiosum","Mannerheim","species",,"F",,"Liebherr, J. K. 1994. Identification of new world Agonum , review of the mexican fauna , and description of Incagonum , new genus , from South America (Coleoptera: Carabidae: Platynini). Journal of The New York Entomological Society 102:1-55.","Kipling Will","Essig Museum of Entomology",,"No known compromise","N",,
"4ba417bb-3190-4cf1-be4e-69ac30689b97","UNDE_010.basePlot.bet","D05","UNDE","UNDE_010","2015-06-22","2015-07-06","2017-01-15","NEON.BET.D05.000336","AGOGRA","Animalia","Arthropoda","Insecta","Coleoptera","Carabidae","Harpalinae","Platynini","Agonum","Europhilus","gratiosum",,"Agonum gratiosum","Mannerheim","species",,"F",,"Liebherr, J. K. 1994. Identification of new world Agonum , review of the mexican fauna , and description of Incagonum , new genus , from South America (Coleoptera: Carabidae: Platynini). Journal of The New York Entomological Society 102:1-55.","Kipling Will","Essig Museum of Entomology",,"No known compromise","N",,
"a71e4883-b4da-458d-8f77-a19025426eb5","UNDE_008.basePlot.bet","D05","UNDE","UNDE_008","2015-07-06","2015-07-20","2017-01-15","NEON.BET.D05.000245","PTEPEN","Animalia","Arthropoda","Insecta","Coleoptera","Carabidae","Harpalinae","Pterostichini","Pterostichus","Bothriopterus","pensylvanicus",,"Pterostichus pensylvanicus","LeConte","species",,"M",,"Lindroth, C. H. 1969. The ground-beetles (Carabidae, excl. Cicindelinae) of Canada and Alaska, parts 1-6. Opuscula E. Entomoligiska Sallskapet.","Kipling Will","Essig Museum of Entomology",,"No known compromise","N",,
"6f9f2f21-3a7f-4824-b9bf-518e6b5202a8","UNDE_003.basePlot.bet","D05","UNDE","UNDE_003","2015-07-06","2015-07-20","2017-01-15","NEON.BET.D05.000674","HARSOM","Animalia","Arthropoda","Insecta","Coleoptera","Carabidae","Harpalinae","Harpalini","Harpalus","Harpalus","somnulentus",,"Harpalus somnulentus","Dejean","species",,"F",,"Noonan, G. R. 1991. Classification, Cladistics, and Natural History of Native North American Harpalus Latreille (Insecta: Coleoptera: Carabidae: Harpalini), excluding subgenera Glanodes and Pseudophonus.","Kipling Will","Essig Museum of Entomology",,"No known compromise","N",,
"14519d32-91f4-4193-a2b9-27dc6efd3a1b","UNDE_006.basePlot.bet","D05","UNDE","UNDE_006","2015-07-06","2015-07-20","2017-01-15","NEON.BET.D05.000306","SYNIMP","Animalia","Arthropoda","Insecta","Coleoptera","Carabidae","Harpalinae","Sphodrini","Synuchus",,"impunctatus",,"Synuchus impunctatus","Say","species",,"F",,"Lindroth, C. H. 1969. The ground-beetles (Carabidae, excl. Cicindelinae) of Canada and Alaska, parts 1-6. Opuscula E. Entomoligiska Sallskapet.","Kipling Will","Essig Museum of Entomology",,"No known compromise","N",,
"bce3ab1f-9cff-4339-97cf-03e10e8d59a6","UNDE_001.basePlot.bet","D05","UNDE","UNDE_001","2015-07-06","2015-07-20","2017-01-15","NEON.BET.D05.000297","CYMCRI","Animalia","Arthropoda","Insecta","Coleoptera","Carabidae","Harpalinae","Lebiini","Cymindis","Tarulus","cribricollis",,"Cymindis cribricollis","Dejean","species",,"F",,"Lindroth, C. H. 1969. The ground-beetles (Carabidae, excl. Cicindelinae) of Canada and Alaska, parts 1-6. Opuscula E. Entomoligiska Sallskapet.","Kipling Will","Essig Museum of Entomology",,"No known compromise","N",,
"a83a84de-2eac-49bf-a131-e4d599c1883f","UNDE_001.basePlot.bet","D05","UNDE","UNDE_001","2015-07-06","2015-07-20","2017-01-15","NEON.BET.D05.000340","SYNIMP","Animalia","Arthropoda","Insecta","Coleoptera","Carabidae","Harpalinae","Sphodrini","Synuchus",,"impunctatus",,"Synuchus impunctatus","Say","species",,"F",,"Lindroth, C. H. 1969. The ground-beetles (Carabidae, excl. Cicindelinae) of Canada and Alaska, parts 1-6. Opuscula E. Entomoligiska Sallskapet.","Kipling Will","Essig Museum of Entomology",,"No known compromise","N",,
"47f36d9f-24f1-4e04-b0e1-4d5b718496d4","UNDE_001.basePlot.bet","D05","UNDE","UNDE_001","2015-07-06","2015-07-20","2017-01-15","NEON.BET.D05.000341","SYNIMP","Animalia","Arthropoda","Insecta","Coleoptera","Carabidae","Harpalinae","Sphodrini","Synuchus",,"impunctatus",,"Synuchus impunctatus","Say","species",,"F",,"Lindroth, C. H. 1969. The ground-beetles (Carabidae, excl. Cicindelinae) of Canada and Alaska, parts 1-6. Opuscula E. Entomoligiska Sallskapet.","Kipling Will","Essig Museum of Entomology",,"No known compromise","N",,
"eb3277cf-5237-44ad-a9e6-e02065b825f9","UNDE_001.basePlot.bet","D05","UNDE","UNDE_001","2015-07-06","2015-07-20","2017-01-15","NEON.BET.D05.000298","CYMCRI","Animalia","Arthropoda","Insecta","Coleoptera","Carabidae","Harpalinae","Lebiini","Cymindis","Tarulus","cribricollis",,"Cymindis cribricollis","Dejean","species",,"F",,"Lindroth, C. H. 1969. The ground-beetles (Carabidae, excl. Cicindelinae) of Canada and Alaska, parts 1-6. Opuscula E. Entomoligiska Sallskapet.","Kipling Will","Essig Museum of Entomology",,"No known compromise","N",,
"62ed2551-4498-4609-991e-3306907d7bc5","UNDE_003.basePlot.bet","D05","UNDE","UNDE_003","2015-07-06","2015-07-20","2017-01-15","NEON.BET.D05.000337","AGOGRA","Animalia","Arthropoda","Insecta","Coleoptera","Carabidae","Harpalinae","Platynini","Agonum","Europhilus","gratiosum",,"Agonum gratiosum","Mannerheim","species",,"F",,"Liebherr, J. K. 1994. Identification of new world Agonum , review of the mexican fauna , and description of Incagonum , new genus , from South America (Coleoptera: Carabidae: Platynini). Journal of The New York Entomological Society 102:1-55.","Kipling Will","Essig Museum of Entomology",,"No known compromise","N",,
"c8672e0a-df33-4fc3-ac5c-2fba696293e6","UNDE_003.basePlot.bet","D05","UNDE","UNDE_003","2015-07-06","2015-07-20","2017-01-15","NEON.BET.D05.000338","AGOGRA","Animalia","Arthropoda","Insecta","Coleoptera","Carabidae","Harpalinae","Platynini","Agonum","Europhilus","gratiosum",,"Agonum gratiosum","Mannerheim","species",,"F",,"Liebherr, J. K. 1994. Identification of new world Agonum , review of the mexican fauna , and description of Incagonum , new genus , from South America (Coleoptera: Carabidae: Platynini). Journal of The New York Entomological Society 102:1-55.","Kipling Will","Essig Museum of Entomology",,"No known compromise","N",,
"8ea70bef-38df-49eb-826f-a0eb779beb08","UNDE_001.basePlot.bet","D05","UNDE","UNDE_001","2015-07-06","2015-07-20","2017-01-15","NEON.BET.D05.000360","SYNIMP","Animalia","Arthropoda","Insecta","Coleoptera","Carabidae","Harpalinae","Sphodrini","Synuchus",,"impunctatus",,"Synuchus impunctatus","Say","species",,"F",,"Lindroth, C. H. 1969. The ground-beetles (Carabidae, excl. Cicindelinae) of Canada and Alaska, parts 1-6. Opuscula E. Entomoligiska Sallskapet.","Kipling Will","Essig Museum of Entomology",,"No known compromise","N",,
"b89839a2-0627-4917-8097-8be7417fa13e","UNDE_001.basePlot.bet","D05","UNDE","UNDE_001","2015-07-06","2015-07-20","2017-01-15","NEON.BET.D05.000387","PTECOR1","Animalia","Arthropoda","Insecta","Coleoptera","Carabidae","Harpalinae","Pterostichini","Pterostichus","Euferonia","coracinus",,"Pterostichus coracinus","Newman","species",,"F",,"Lindroth, C. H. 1969. The ground-beetles (Carabidae, excl. Cicindelinae) of Canada and Alaska, parts 1-6. Opuscula E. Entomoligiska Sallskapet.","Kipling Will","Essig Museum of Entomology",,"No known compromise","N",,
"602edb7e-a74e-4916-b1bd-24b4ba10ff48","UNDE_001.basePlot.bet","D05","UNDE","UNDE_001","2015-07-06","2015-07-20","2017-01-15","NEON.BET.D05.000359","SYNIMP","Animalia","Arthropoda","Insecta","Coleoptera","Carabidae","Harpalinae","Sphodrini","Synuchus",,"impunctatus",,"Synuchus impunctatus","Say","species",,"M",,"Lindroth, C. H. 1969. The ground-beetles (Carabidae, excl. Cicindelinae) of Canada and Alaska, parts 1-6. Opuscula E. Entomoligiska Sallskapet.","Kipling Will","Essig Museum of Entomology",,"No known compromise","N",,
"0f0ef8f6-009a-45ab-8d26-0786b5c0ff6e","UNDE_001.basePlot.bet","D05","UNDE","UNDE_001","2015-07-06","2015-07-20","2017-01-15","NEON.BET.D05.000361","SYNIMP","Animalia","Arthropoda","Insecta","Coleoptera","Carabidae","Harpalinae","Sphodrini","Synuchus",,"impunctatus",,"Synuchus impunctatus","Say","species",,"F",,"Lindroth, C. H. 1969. The ground-beetles (Carabidae, excl. Cicindelinae) of Canada and Alaska, parts 1-6. Opuscula E. Entomoligiska Sallskapet.","Kipling Will","Essig Museum of Entomology",,"No known compromise","N",,
"70b36172-f5bf-4c02-b792-6999c78739f6","UNDE_001.basePlot.bet","D05","UNDE","UNDE_001","2015-07-06","2015-07-20","2017-01-15","NEON.BET.D05.000362","SYNIMP","Animalia","Arthropoda","Insecta","Coleoptera","Carabidae","Harpalinae","Sphodrini","Synuchus",,"impunctatus",,"Synuchus impunctatus","Say","species",,"F",,"Lindroth, C. H. 1969. The ground-beetles (Carabidae, excl. Cicindelinae) of Canada and Alaska, parts 1-6. Opuscula E. Entomoligiska Sallskapet.","Kipling Will","Essig Museum of Entomology",,"No known compromise","N",,
"64579ecb-d459-402c-8591-abd1a98b17f2","UNDE_017.basePlot.bet","D05","UNDE","UNDE_017","2015-07-06","2015-07-20","2017-01-15","NEON.BET.D05.000388","PTECOR1","Animalia","Arthropoda","Insecta","Coleoptera","Carabidae","Harpalinae","Pterostichini","Pterostichus","Euferonia","coracinus",,"Pterostichus coracinus","Newman","species",,"F",,"Lindroth, C. H. 1969. The ground-beetles (Carabidae, excl. Cicindelinae) of Canada and Alaska, parts 1-6. Opuscula E. Entomoligiska Sallskapet.","Kipling Will","Essig Museum of Entomology",,"No known compromise","N",,
"875b2963-a217-4b68-b7bc-4d54308b401d","UNDE_017.basePlot.bet","D05","UNDE","UNDE_017","2015-07-06","2015-07-20","2017-01-15","NEON.BET.D05.000358","SYNIMP","Animalia","Arthropoda","Insecta","Coleoptera","Carabidae","Harpalinae","Sphodrini","Synuchus",,"impunctatus",,"Synuchus impunctatus","Say","species",,"F",,"Lindroth, C. H. 1969. The ground-beetles (Carabidae, excl. Cicindelinae) of Canada and Alaska, parts 1-6. Opuscula E. Entomoligiska Sallskapet.","Kipling Will","Essig Museum of Entomology",,"No known compromise","N",,
"0e101ee5-8523-4c29-b714-745864dc0e14","UNDE_017.basePlot.bet","D05","UNDE","UNDE_017","2015-07-06","2015-07-20","2017-01-15","NEON.BET.D05.000357","SYNIMP","Animalia","Arthropoda","Insecta","Coleoptera","Carabidae","Harpalinae","Sphodrini","Synuchus",,"impunctatus",,"Synuchus impunctatus","Say","species",,"F",,"Lindroth, C. H. 1969. The ground-beetles (Carabidae, excl. Cicindelinae) of Canada and Alaska, parts 1-6. Opuscula E. Entomoligiska Sallskapet.","Kipling Will","Essig Museum of Entomology",,"No known compromise","N",,
"9ad5ad91-1eb1-4cc5-ae73-e452c6b926f0","UNDE_017.basePlot.bet","D05","UNDE","UNDE_017","2015-07-06","2015-07-20","2017-01-15","NEON.BET.D05.000356","SYNIMP","Animalia","Arthropoda","Insecta","Coleoptera","Carabidae","Harpalinae","Sphodrini","Synuchus",,"impunctatus",,"Synuchus impunctatus","Say","species",,"F",,"Lindroth, C. H. 1969. The ground-beetles (Carabidae, excl. Cicindelinae) of Canada and Alaska, parts 1-6. Opuscula E. Entomoligiska Sallskapet.","Kipling Will","Essig Museum of Entomology",,"No known compromise","N",,
"c985c122-5eee-4f08-b172-2664fc8494e7","UNDE_001.basePlot.bet","D05","UNDE","UNDE_001","2015-07-06","2015-07-20","2017-01-15","NEON.BET.D05.000395","PTECOR1","Animalia","Arthropoda","Insecta","Coleoptera","Carabidae","Harpalinae","Pterostichini","Pterostichus","Euferonia","coracinus",,"Pterostichus coracinus","Newman","species",,"M",,"Lindroth, C. H. 1969. The ground-beetles (Carabidae, excl. Cicindelinae) of Canada and Alaska, parts 1-6. Opuscula E. Entomoligiska Sallskapet.","Kipling Will","Essig Museum of Entomology",,"No known compromise","N",,
"aa8e6a17-36d5-4500-9a2e-6f24e9addeeb","UNDE_001.basePlot.bet","D05","UNDE","UNDE_001","2015-07-06","2015-07-20","2017-01-15","NEON.BET.D05.000393","PTECOR1","Animalia","Arthropoda","Insecta","Coleoptera","Carabidae","Harpalinae","Pterostichini","Pterostichus","Euferonia","coracinus",,"Pterostichus coracinus","Newman","species",,"F",,"Lindroth, C. H. 1969. The ground-beetles (Carabidae, excl. Cicindelinae) of Canada and Alaska, parts 1-6. Opuscula E. Entomoligiska Sallskapet.","Kipling Will","Essig Museum of Entomology",,"No known compromise","N",,
"f70d8114-9576-437a-8dfb-899853dc09b7","UNDE_001.basePlot.bet","D05","UNDE","UNDE_001","2015-07-06","2015-07-20","2017-01-15","NEON.BET.D05.000394","PTECOR1","Animalia","Arthropoda","Insecta","Coleoptera","Carabidae","Harpalinae","Pterostichini","Pterostichus","Euferonia","coracinus",,"Pterostichus coracinus","Newman","species",,"F",,"Lindroth, C. H. 1969. The ground-beetles (Carabidae, excl. Cicindelinae) of Canada and Alaska, parts 1-6. Opuscula E. Entomoligiska Sallskapet.","Kipling Will","Essig Museum of Entomology",,"No known compromise","N",,
"8f64139c-9f51-457c-b239-cca5bd3e6795","UNDE_012.basePlot.bet","D05","UNDE","UNDE_012","2015-07-06","2015-07-20","2017-01-15","NEON.BET.D05.000444","PTEMEL","Animalia","Arthropoda","Insecta","Coleoptera","Carabidae","Harpalinae","Pterostichini","Pterostichus","Morphnosoma","melanarius","melanarius","Pterostichus melanarius melanarius","Illiger","subspecies",,"M",,"Lindroth, C. H. 1969. The ground-beetles (Carabidae, excl. Cicindelinae) of Canada and Alaska, parts 1-6. Opuscula E. Entomoligiska Sallskapet.","Kipling Will","Essig Museum of Entomology",,"No known compromise","N",,
"b5f9a576-8baa-495f-992e-27657c045dc5","UNDE_012.basePlot.bet","D05","UNDE","UNDE_012","2015-07-06","2015-07-20","2017-01-15","NEON.BET.D05.000443","PTEMEL","Animalia","Arthropoda","Insecta","Coleoptera","Carabidae","Harpalinae","Pterostichini","Pterostichus","Morphnosoma","melanarius","melanarius","Pterostichus melanarius melanarius","Illiger","subspecies",,"M",,"Lindroth, C. H. 1969. The ground-beetles (Carabidae, excl. Cicindelinae) of Canada and Alaska, parts 1-6. Opuscula E. Entomoligiska Sallskapet.","Kipling Will","Essig Museum of Entomology",,"No known compromise","N",,
"593b0c82-9ee8-442d-b968-4c2aa6dcfec3","UNDE_011.basePlot.bet","D05","UNDE","UNDE_011","2015-07-06","2015-07-20","2017-01-15","NEON.BET.D05.000426","AGOTRI","Animalia","Arthropoda","Insecta","Coleoptera","Carabidae","Harpalinae","Platynini","Agonum","Olisares","trigeminum",,"Agonum trigeminum","Lindroth","species",,"F",,"Liebherr, J. K. 1994. Identification of new world Agonum , review of the mexican fauna , and description of Incagonum , new genus , from South America (Coleoptera: Carabidae: Platynini). Journal of The New York Entomological Society 102:1-55.","Kipling Will","Essig Museum of Entomology",,"No known compromise","N",,
"8a2f0e16-5bd4-4988-9362-5a527a8c1b69","UNDE_011.basePlot.bet","D05","UNDE","UNDE_011","2015-07-06","2015-07-20","2017-01-15","NEON.BET.D05.000412","PTECOR1","Animalia","Arthropoda","Insecta","Coleoptera","Carabidae","Harpalinae","Pterostichini","Pterostichus","Euferonia","coracinus",,"Pterostichus coracinus","Newman","species",,"F",,"Lindroth, C. H. 1969. The ground-beetles (Carabidae, excl. Cicindelinae) of Canada and Alaska, parts 1-6. Opuscula E. Entomoligiska Sallskapet.","Kipling Will","Essig Museum of Entomology",,"No known compromise","N",,
"b1cdad50-9432-4856-be2a-bc2329f346b8","UNDE_011.basePlot.bet","D05","UNDE","UNDE_011","2015-07-06","2015-07-20","2017-01-15","NEON.BET.D05.000413","PTECOR1","Animalia","Arthropoda","Insecta","Coleoptera","Carabidae","Harpalinae","Pterostichini","Pterostichus","Euferonia","coracinus",,"Pterostichus coracinus","Newman","species",,"F",,"Lindroth, C. H. 1969. The ground-beetles (Carabidae, excl. Cicindelinae) of Canada and Alaska, parts 1-6. Opuscula E. Entomoligiska Sallskapet.","Kipling Will","Essig Museum of Entomology",,"No known compromise","N",,
"dd9db713-10ec-41c8-a3f0-5857341e99cf","UNDE_001.basePlot.bet","D05","UNDE","UNDE_001","2015-07-06","2015-07-20","2017-01-15","NEON.BET.D05.000427","AGORET","Animalia","Arthropoda","Insecta","Coleoptera","Carabidae","Harpalinae","Platynini","Agonum","Europhilus","retractum",,"Agonum retractum","LeConte","species",,"M",,"Liebherr, J. K. 1994. Identification of new world Agonum , review of the mexican fauna , and description of Incagonum , new genus , from South America (Coleoptera: Carabidae: Platynini). Journal of The New York Entomological Society 102:1-55.","Kipling Will","Essig Museum of Entomology",,"No known compromise","N",,
"6fc59533-505b-44c5-acb0-795fb446f62a","UNDE_017.basePlot.bet","D05","UNDE","UNDE_017","2015-07-06","2015-07-20","2017-01-15","NEON.BET.D05.000477","PTEMEL","Animalia","Arthropoda","Insecta","Coleoptera","Carabidae","Harpalinae","Pterostichini","Pterostichus","Morphnosoma","melanarius","melanarius","Pterostichus melanarius melanarius","Illiger","subspecies",,"F",,"Lindroth, C. H. 1969. The ground-beetles (Carabidae, excl. Cicindelinae) of Canada and Alaska, parts 1-6. Opuscula E. Entomoligiska Sallskapet.","Kipling Will","Essig Museum of Entomology",,"No known compromise","N",,
"8ebd5e2a-9ba2-46db-a433-6bb342fe051d","UNDE_017.basePlot.bet","D05","UNDE","UNDE_017","2015-07-06","2015-07-20","2017-01-15","NEON.BET.D05.000479","PTEMEL","Animalia","Arthropoda","Insecta","Coleoptera","Carabidae","Harpalinae","Pterostichini","Pterostichus","Morphnosoma","melanarius","melanarius","Pterostichus melanarius melanarius","Illiger","subspecies",,"M",,"Lindroth, C. H. 1969. The ground-beetles (Carabidae, excl. Cicindelinae) of Canada and Alaska, parts 1-6. Opuscula E. Entomoligiska Sallskapet.","Kipling Will","Essig Museum of Entomology",,"No known compromise","N",,
"998597b7-8050-481c-a24b-a897e09d6c49","UNDE_017.basePlot.bet","D05","UNDE","UNDE_017","2015-07-06","2015-07-20","2017-01-15","NEON.BET.D05.000476","PTEMEL","Animalia","Arthropoda","Insecta","Coleoptera","Carabidae","Harpalinae","Pterostichini","Pterostichus","Morphnosoma","melanarius","melanarius","Pterostichus melanarius melanarius","Illiger","subspecies",,"F",,"Lindroth, C. H. 1969. The ground-beetles (Carabidae, excl. Cicindelinae) of Canada and Alaska, parts 1-6. Opuscula E. Entomoligiska Sallskapet.","Kipling Will","Essig Museum of Entomology",,"No known compromise","N",,
"d89acd23-1c2b-4d4c-960e-c0e16f9d26cb","UNDE_017.basePlot.bet","D05","UNDE","UNDE_017","2015-07-06","2015-07-20","2017-01-15","NEON.BET.D05.000475","PTEMEL","Animalia","Arthropoda","Insecta","Coleoptera","Carabidae","Harpalinae","Pterostichini","Pterostichus","Morphnosoma","melanarius","melanarius","Pterostichus melanarius melanarius","Illiger","subspecies",,"F",,"Lindroth, C. H. 1969. The ground-beetles (Carabidae, excl. Cicindelinae) of Canada and Alaska, parts 1-6. Opuscula E. Entomoligiska Sallskapet.","Kipling Will","Essig Museum of Entomology",,"No known compromise","N",,
"38c81ab4-132a-49da-a44b-98c2fd508f92","UNDE_017.basePlot.bet","D05","UNDE","UNDE_017","2015-07-06","2015-07-20","2017-01-15","NEON.BET.D05.000480","PTEMEL","Animalia","Arthropoda","Insecta","Coleoptera","Carabidae","Harpalinae","Pterostichini","Pterostichus","Morphnosoma","melanarius","melanarius","Pterostichus melanarius melanarius","Illiger","subspecies",,"F",,"Lindroth, C. H. 1969. The ground-beetles (Carabidae, excl. Cicindelinae) of Canada and Alaska, parts 1-6. Opuscula E. Entomoligiska Sallskapet.","Kipling Will","Essig Museum of Entomology",,"No known compromise","N",,
"25d626e0-76ee-40af-be0c-3f7fd1f006e3","UNDE_017.basePlot.bet","D05","UNDE","UNDE_017","2015-07-06","2015-07-20","2017-01-15","NEON.BET.D05.000478","PTEMEL","Animalia","Arthropoda","Insecta","Coleoptera","Carabidae","Harpalinae","Pterostichini","Pterostichus","Morphnosoma","melanarius","melanarius","Pterostichus melanarius melanarius","Illiger","subspecies",,"M",,"Lindroth, C. H. 1969. The ground-beetles (Carabidae, excl. Cicindelinae) of Canada and Alaska, parts 1-6. Opuscula E. Entomoligiska Sallskapet.","Kipling Will","Essig Museum of Entomology",,"No known compromise","N",,
"c3ba492e-4c28-4a8d-b187-beb55af3cb43","UNDE_011.basePlot.bet","D05","UNDE","UNDE_011","2015-07-06","2015-07-20","2017-01-15","NEON.BET.D05.000489","PTEMEL","Animalia","Arthropoda","Insecta","Coleoptera","Carabidae","Harpalinae","Pterostichini","Pterostichus","Morphnosoma","melanarius","melanarius","Pterostichus melanarius melanarius","Illiger","subspecies",,"M",,"Lindroth, C. H. 1969. The ground-beetles (Carabidae, excl. Cicindelinae) of Canada and Alaska, parts 1-6. Opuscula E. Entomoligiska Sallskapet.","Kipling Will","Essig Museum of Entomology",,"No known compromise","N",,
"f4e9e855-9cca-46e9-8b59-7d9843e604c2","UNDE_011.basePlot.bet","D05","UNDE","UNDE_011","2015-07-06","2015-07-20","2017-01-15","NEON.BET.D05.000542","SYNIMP","Animalia","Arthropoda","Insecta","Coleoptera","Carabidae","Harpalinae","Sphodrini","Synuchus",,"impunctatus",,"Synuchus impunctatus","Say","species",,"F",,"Lindroth, C. H. 1969. The ground-beetles (Carabidae, excl. Cicindelinae) of Canada and Alaska, parts 1-6. Opuscula E. Entomoligiska Sallskapet.","Kipling Will","Essig Museum of Entomology",,"No known compromise","N",,
"9142527c-b53c-4713-a8dd-614a8d179d8e","UNDE_008.basePlot.bet","D05","UNDE","UNDE_008","2015-07-06","2015-07-20","2017-01-15","NEON.BET.D05.000516","PTEMEL","Animalia","Arthropoda","Insecta","Coleoptera","Carabidae","Harpalinae","Pterostichini","Pterostichus","Morphnosoma","melanarius","melanarius","Pterostichus melanarius melanarius","Illiger","subspecies",,"F",,"Lindroth, C. H. 1969. The ground-beetles (Carabidae, excl. Cicindelinae) of Canada and Alaska, parts 1-6. Opuscula E. Entomoligiska Sallskapet.","Kipling Will","Essig Museum of Entomology",,"No known compromise","N",,
"d5aa5fe3-855a-4c98-8f06-64146aeb99db","UNDE_011.basePlot.bet","D05","UNDE","UNDE_011","2015-07-06","2015-07-20","2017-01-15","NEON.BET.D05.000541","SYNIMP","Animalia","Arthropoda","Insecta","Coleoptera","Carabidae","Harpalinae","Sphodrini","Synuchus",,"impunctatus",,"Synuchus impunctatus","Say","species",,"F",,"Lindroth, C. H. 1969. The ground-beetles (Carabidae, excl. Cicindelinae) of Canada and Alaska, parts 1-6. Opuscula E. Entomoligiska Sallskapet.","Kipling Will","Essig Museum of Entomology",,"No known compromise","N",,
"39213a9b-edb4-4d4e-bd02-9375300ebc45","UNDE_007.basePlot.bet","D05","UNDE","UNDE_007","2015-07-06","2015-07-20","2017-01-15","NEON.BET.D05.000508","PTEMEL","Animalia","Arthropoda","Insecta","Coleoptera","Carabidae","Harpalinae","Pterostichini","Pterostichus","Morphnosoma","melanarius","melanarius","Pterostichus melanarius melanarius","Illiger","subspecies",,"F",,"Lindroth, C. H. 1969. The ground-beetles (Carabidae, excl. Cicindelinae) of Canada and Alaska, parts 1-6. Opuscula E. Entomoligiska Sallskapet.","Kipling Will","Essig Museum of Entomology",,"No known compromise","N",,
"ae1b8083-7c2c-4015-8bb5-b8f003919222","UNDE_007.basePlot.bet","D05","UNDE","UNDE_007","2015-07-06","2015-07-20","2017-01-15","NEON.BET.D05.000505","PTEMEL","Animalia","Arthropoda","Insecta","Coleoptera","Carabidae","Harpalinae","Pterostichini","Pterostichus","Morphnosoma","melanarius","melanarius","Pterostichus melanarius melanarius","Illiger","subspecies",,"F",,"Lindroth, C. H. 1969. The ground-beetles (Carabidae, excl. Cicindelinae) of Canada and Alaska, parts 1-6. Opuscula E. Entomoligiska Sallskapet.","Kipling Will","Essig Museum of Entomology",,"No known compromise","N",,
"eb6f3aa2-4368-441f-b7e4-34c90b693ea4","UNDE_007.basePlot.bet","D05","UNDE","UNDE_007","2015-07-06","2015-07-20","2017-01-15","NEON.BET.D05.000504","PTEMEL","Animalia","Arthropoda","Insecta","Coleoptera","Carabidae","Harpalinae","Pterostichini","Pterostichus","Morphnosoma","melanarius","melanarius","Pterostichus melanarius melanarius","Illiger","subspecies",,"M",,"Lindroth, C. H. 1969. The ground-beetles (Carabidae, excl. Cicindelinae) of Canada and Alaska, parts 1-6. Opuscula E. Entomoligiska Sallskapet.","Kipling Will","Essig Museum of Entomology",,"No known compromise","N",,
"ee9694d6-4373-4982-a27e-cc4a80eafc5a","UNDE_007.basePlot.bet","D05","UNDE","UNDE_007","2015-07-06","2015-07-20","2017-01-15","NEON.BET.D05.000507","PTEMEL","Animalia","Arthropoda","Insecta","Coleoptera","Carabidae","Harpalinae","Pterostichini","Pterostichus","Morphnosoma","melanarius","melanarius","Pterostichus melanarius melanarius","Illiger","subspecies",,"F",,"Lindroth, C. H. 1969. The ground-beetles (Carabidae, excl. Cicindelinae) of Canada and Alaska, parts 1-6. Opuscula E. Entomoligiska Sallskapet.","Kipling Will","Essig Museum of Entomology",,"No known compromise","N",,
"1f9cb24a-83f7-405c-a985-c4781f4a0886","UNDE_007.basePlot.bet","D05","UNDE","UNDE_007","2015-07-06","2015-07-20","2017-01-15","NEON.BET.D05.000519","PTEMEL","Animalia","Arthropoda","Insecta","Coleoptera","Carabidae","Harpalinae","Pterostichini","Pterostichus","Morphnosoma","melanarius","melanarius","Pterostichus melanarius melanarius","Illiger","subspecies",,"F",,"Lindroth, C. H. 1969. The ground-beetles (Carabidae, excl. Cicindelinae) of Canada and Alaska, parts 1-6. Opuscula E. Entomoligiska Sallskapet.","Kipling Will","Essig Museum of Entomology",,"No known compromise","N",,
"d8b5712f-76b3-402f-b399-453a8fbb5a55","UNDE_008.basePlot.bet","D05","UNDE","UNDE_008","2015-07-06","2015-07-20","2017-01-15","NEON.BET.D05.000555","SYNIMP","Animalia","Arthropoda","Insecta","Coleoptera","Carabidae","Harpalinae","Sphodrini","Synuchus",,"impunctatus",,"Synuchus impunctatus","Say","species",,"M",,"Lindroth, C. H. 1969. The ground-beetles (Carabidae, excl. Cicindelinae) of Canada and Alaska, parts 1-6. Opuscula E. Entomoligiska Sallskapet.","Kipling Will","Essig Museum of Entomology",,"No known compromise","N",,
"4c266213-99b8-4a67-858d-815b83a279d1","UNDE_008.basePlot.bet","D05","UNDE","UNDE_008","2015-07-06","2015-07-20","2017-01-15","NEON.BET.D05.000556","SYNIMP","Animalia","Arthropoda","Insecta","Coleoptera","Carabidae","Harpalinae","Sphodrini","Synuchus",,"impunctatus",,"Synuchus impunctatus","Say","species",,"M",,"Lindroth, C. H. 1969. The ground-beetles (Carabidae, excl. Cicindelinae) of Canada and Alaska, parts 1-6. Opuscula E. Entomoligiska Sallskapet.","Kipling Will","Essig Museum of Entomology",,"No known compromise","N",,
"5c4e915d-72bf-4a2a-a034-76339048a00a","UNDE_008.basePlot.bet","D05","UNDE","UNDE_008","2015-07-06","2015-07-20","2017-01-15","NEON.BET.D05.000557","SYNIMP","Animalia","Arthropoda","Insecta","Coleoptera","Carabidae","Harpalinae","Sphodrini","Synuchus",,"impunctatus",,"Synuchus impunctatus","Say","species",,"F",,"Lindroth, C. H. 1969. The ground-beetles (Carabidae, excl. Cicindelinae) of Canada and Alaska, parts 1-6. Opuscula E. Entomoligiska Sallskapet.","Kipling Will","Essig Museum of Entomology",,"No known compromise","N",,
"a8602f61-2700-4bfa-b42e-35e8132dd85d","UNDE_011.basePlot.bet","D05","UNDE","UNDE_011","2015-07-06","2015-07-20","2017-01-15","NEON.BET.D05.000560","SYNIMP","Animalia","Arthropoda","Insecta","Coleoptera","Carabidae","Harpalinae","Sphodrini","Synuchus",,"impunctatus",,"Synuchus impunctatus","Say","species",,"F",,"Lindroth, C. H. 1969. The ground-beetles (Carabidae, excl. Cicindelinae) of Canada and Alaska, parts 1-6. Opuscula E. Entomoligiska Sallskapet.","Kipling Will","Essig Museum of Entomology",,"No known compromise","N",,
"f9f33325-6465-4c38-aec2-72f622aed80b","UNDE_003.basePlot.bet","D05","UNDE","UNDE_003","2015-07-06","2015-07-20","2017-01-15","NEON.BET.D05.000548","SYNIMP","Animalia","Arthropoda","Insecta","Coleoptera","Carabidae","Harpalinae","Sphodrini","Synuchus",,"impunctatus",,"Synuchus impunctatus","Say","species",,"F",,"Lindroth, C. H. 1969. The ground-beetles (Carabidae, excl. Cicindelinae) of Canada and Alaska, parts 1-6. Opuscula E. Entomoligiska Sallskapet.","Kipling Will","Essig Museum of Entomology",,"No known compromise","N",,
"599be52c-65c0-4b01-a68e-60a93df9e2c8","UNDE_003.basePlot.bet","D05","UNDE","UNDE_003","2015-07-06","2015-07-20","2017-01-15","NEON.BET.D05.000547","SYNIMP","Animalia","Arthropoda","Insecta","Coleoptera","Carabidae","Harpalinae","Sphodrini","Synuchus",,"impunctatus",,"Synuchus impunctatus","Say","species",,"F",,"Lindroth, C. H. 1969. The ground-beetles (Carabidae, excl. Cicindelinae) of Canada and Alaska, parts 1-6. Opuscula E. Entomoligiska Sallskapet.","Kipling Will","Essig Museum of Entomology",,"No known compromise","N",,
"ceadefc0-1346-446c-b352-9e3179d60e68","UNDE_017.basePlot.bet","D05","UNDE","UNDE_017","2015-07-06","2015-07-20","2017-01-15","NEON.BET.D05.000580","CARNEM","Animalia","Arthropoda","Insecta","Coleoptera","Carabidae","Carabinae","Carabini","Carabus","Archicarabus","nemoralis","nemoralis","Carabus nemoralis nemoralis","Mueller","subspecies",,"F",,"Lindroth, C. H. 1969. The ground-beetles (Carabidae, excl. Cicindelinae) of Canada and Alaska, parts 1-6. Opuscula E. Entomoligiska Sallskapet.","Kipling Will","Essig Museum of Entomology",,"No known compromise","N",,
"8d551f5a-3446-4954-8869-a2b6f8167e38","UNDE_007.basePlot.bet","D05","UNDE","UNDE_007","2015-07-06","2015-07-20","2017-01-15","NEON.BET.D05.000561","SYNIMP","Animalia","Arthropoda","Insecta","Coleoptera","Carabidae","Harpalinae","Sphodrini","Synuchus",,"impunctatus",,"Synuchus impunctatus","Say","species",,"F",,"Lindroth, C. H. 1969. The ground-beetles (Carabidae, excl. Cicindelinae) of Canada and Alaska, parts 1-6. Opuscula E. Entomoligiska Sallskapet.","Kipling Will","Essig Museum of Entomology",,"No known compromise","N",,
"24a97801-12c5-4481-968f-c27a5ede7c1f","UNDE_007.basePlot.bet","D05","UNDE","UNDE_007","2015-07-06","2015-07-20","2017-01-15","NEON.BET.D05.000562","SYNIMP","Animalia","Arthropoda","Insecta","Coleoptera","Carabidae","Harpalinae","Sphodrini","Synuchus",,"impunctatus",,"Synuchus impunctatus","Say","species",,"F",,"Lindroth, C. H. 1969. The ground-beetles (Carabidae, excl. Cicindelinae) of Canada and Alaska, parts 1-6. Opuscula E. Entomoligiska Sallskapet.","Kipling Will","Essig Museum of Entomology",,"No known compromise","N",,
"9e548274-d9fd-46ec-b278-7f1bc366be2f","UNDE_010.basePlot.bet","D05","UNDE","UNDE_010","2015-07-06","2015-07-20","2017-01-15","NEON.BET.D05.000558","SYNIMP","Animalia","Arthropoda","Insecta","Coleoptera","Carabidae","Harpalinae","Sphodrini","Synuchus",,"impunctatus",,"Synuchus impunctatus","Say","species",,"F",,"Lindroth, C. H. 1969. The ground-beetles (Carabidae, excl. Cicindelinae) of Canada and Alaska, parts 1-6. Opuscula E. Entomoligiska Sallskapet.","Kipling Will","Essig Museum of Entomology",,"No known compromise","N",,
"c0bfb465-b848-4a79-9bb7-7273405b654f","UNDE_001.basePlot.bet","D05","UNDE","UNDE_001","2015-07-06","2015-07-20","2017-01-15","NEON.BET.D05.000631","PTETRI3","Animalia","Arthropoda","Insecta","Coleoptera","Carabidae","Harpalinae","Pterostichini","Pterostichus","Hypherpes","tristis",,"Pterostichus tristis","Dejean","species",,"F",,"Lindroth, C. H. 1969. The ground-beetles (Carabidae, excl. Cicindelinae) of Canada and Alaska, parts 1-6. Opuscula E. Entomoligiska Sallskapet.","Kipling Will","Essig Museum of Entomology",,"No known compromise","N",,
"c0859416-0b6f-47ba-8c09-8c3c0d94f4a3","UNDE_001.basePlot.bet","D05","UNDE","UNDE_001","2015-07-06","2015-07-20","2017-01-15","NEON.BET.D05.000632","PTETRI3","Animalia","Arthropoda","Insecta","Coleoptera","Carabidae","Harpalinae","Pterostichini","Pterostichus","Hypherpes","tristis",,"Pterostichus tristis","Dejean","species",,"F",,"Lindroth, C. H. 1969. The ground-beetles (Carabidae, excl. Cicindelinae) of Canada and Alaska, parts 1-6. Opuscula E. Entomoligiska Sallskapet.","Kipling Will","Essig Museum of Entomology",,"No known compromise","N",,
"86772b83-48da-439c-8233-3f87fd2b92f8","UNDE_006.basePlot.bet","D05","UNDE","UNDE_006","2015-07-06","2015-07-20","2017-01-15","NEON.BET.D05.000670","HARSOM","Animalia","Arthropoda","Insecta","Coleoptera","Carabidae","Harpalinae","Harpalini","Harpalus","Harpalus","somnulentus",,"Harpalus somnulentus","Dejean","species",,"M",,"Noonan, G. R. 1991. Classification, Cladistics, and Natural History of Native North American Harpalus Latreille (Insecta: Coleoptera: Carabidae: Harpalini), excluding subgenera Glanodes and Pseudophonus.","Kipling Will","Essig Museum of Entomology",,"No known compromise","N",,
"994119b7-fd4c-41f9-86c0-53cfa9f607d1","UNDE_003.basePlot.bet","D05","UNDE","UNDE_003","2015-07-06","2015-07-20","2017-01-15","NEON.BET.D05.000648","PTELUC","Animalia","Arthropoda","Insecta","Coleoptera","Carabidae","Harpalinae","Pterostichini","Pterostichus","Pseudomaseus","luctuosus",,"Pterostichus luctuosus","Dejean","species",,"F",,"Lindroth, C. H. 1969. The ground-beetles (Carabidae, excl. Cicindelinae) of Canada and Alaska, parts 1-6. Opuscula E. Entomoligiska Sallskapet.","Kipling Will","Essig Museum of Entomology",,"No known compromise","N",,
"1ee0abff-b3ea-4d07-9210-c4f330387993","UNDE_017.basePlot.bet","D05","UNDE","UNDE_017","2015-07-06","2015-07-20","2017-01-15","NEON.BET.D05.000685","PTEMEL","Animalia","Arthropoda","Insecta","Coleoptera","Carabidae","Harpalinae","Pterostichini","Pterostichus","Morphnosoma","melanarius","melanarius","Pterostichus melanarius melanarius","Illiger","subspecies",,"F",,"Lindroth, C. H. 1969. The ground-beetles (Carabidae, excl. Cicindelinae) of Canada and Alaska, parts 1-6. Opuscula E. Entomoligiska Sallskapet.","Kipling Will","Essig Museum of Entomology",,"No known compromise","N",,
"64f374e4-15f3-43c4-bd5f-0958f6b426d7","UNDE_007.basePlot.bet","D05","UNDE","UNDE_007","2015-07-06","2015-07-20","2017-01-15","NEON.BET.D05.000675","HARSOM","Animalia","Arthropoda","Insecta","Coleoptera","Carabidae","Harpalinae","Harpalini","Harpalus","Harpalus","somnulentus",,"Harpalus somnulentus","Dejean","species",,"M",,"Noonan, G. R. 1991. Classification, Cladistics, and Natural History of Native North American Harpalus Latreille (Insecta: Coleoptera: Carabidae: Harpalini), excluding subgenera Glanodes and Pseudophonus.","Kipling Will","Essig Museum of Entomology",,"No known compromise","N",,
"b645e720-353d-4237-a797-cb4b2d494320","UNDE_012.basePlot.bet","D05","UNDE","UNDE_012","2015-07-06","2015-07-20","2017-01-15","NEON.BET.D05.000311","SYNIMP","Animalia","Arthropoda","Insecta","Coleoptera","Carabidae","Harpalinae","Sphodrini","Synuchus",,"impunctatus",,"Synuchus impunctatus","Say","species",,"M",,"Lindroth, C. H. 1969. The ground-beetles (Carabidae, excl. Cicindelinae) of Canada and Alaska, parts 1-6. Opuscula E. Entomoligiska Sallskapet.","Kipling Will","Essig Museum of Entomology",,"No known compromise","N",,
