uid,namedLocation,domainID,siteID,plotID,trapID,setDate,collectDate,processingDate,etOHChangeDate,identifiedDate,sampleID,subsampleID,sampleType,taxonID,scientificName,taxonRank,identificationQualifier,scientificNameAuthorship,morphospeciesID,individualCount,identificationReferences,identifiedBy,recordedBy,remarks
"a0a046a7-cbee-45ec-84a8-3d70d624e872","JORN_009.basePlot.bet","D14","JORN","JORN_009","E","2015-05-14","2015-05-28","2015-05-29","2015-06-26",,"JORN_009.E.20150528","y6i9xP3scmMceIq6qKOFK7voWD4D3gLudo5OOOW4M3Y=","invert bycatch",,,,,,,,,,"a0DIygQs4rguY6Ey57+V6npgK+c4E00t",
"9bfc2675-3183-460e-8ccf-ef0f7a22515b","JORN_003.basePlot.bet","D14","JORN","JORN_003","E","2015-05-14","2015-05-28","2015-05-29","2015-06-25",,"JORN_003.E.20150528","vMYzv3M3ch1/iMAyM9rGqMaJIl43VxkUdYh7nSvgocw=","invert bycatch",,,,,,,,,,"a0DIygQs4rguY6Ey57+V6npgK+c4E00t",
"0c9157e2-83e4-4a4a-90cf-6676fd94f6ea","JORN_008.basePlot.bet","D14","JORN","JORN_008","E","2015-05-14","2015-05-28","2015-05-29","2015-06-26",,"JORN_008.E.20150528","eTKs083kZ6H1RSQN3UxLX0UpGSZHFUKrJa184kPv8ec=","invert bycatch",,,,,,,,,,"a0DIygQs4rguY6Ey57+V6npgK+c4E00t",
"331e3783-9aac-4708-84ab-b4c68a9e6b7a","JORN_002.basePlot.bet","D14","JORN","JORN_002","E","2015-05-14","2015-05-28","2015-05-29","2015-06-25",,"JORN_002.E.20150528","2j1n+GhCoGb0EwyjU16dofsyOeapJFxMYcRQK36Ncxs=","invert bycatch",,,,,,,,,,"a0DIygQs4rguY6Ey57+V6npgK+c4E00t",
"f7dd7580-e8c3-4ca9-bcdf-edf71a402134","JORN_010.basePlot.bet","D14","JORN","JORN_010","E","2015-05-14","2015-05-28","2015-05-29","2015-07-01",,"JORN_010.E.20150528","7i+fBpY+jSAYRS3Hdx8+FwgFB4sG1/tY0p2dqithuHg=","invert bycatch",,,,,,,,,,"a0DIygQs4rguY6Ey57+V6npgK+c4E00t",
"dd520d32-e240-48fd-b984-1e5ff44ee65e","JORN_001.basePlot.bet","D14","JORN","JORN_001","E","2015-05-14","2015-05-28","2015-05-29","2015-06-24",,"JORN_001.E.20150528","3v6e8eJloSqFNjUZseBNcWlJ2NIGRkBcIjO3bOtYxo8=","invert bycatch",,,,,,,,,,"a0DIygQs4rguY6Ey57+V6npgK+c4E00t",
"48650948-f542-4705-a0fd-2b7a8652ece9","JORN_005.basePlot.bet","D14","JORN","JORN_005","E","2015-05-14","2015-05-28","2015-05-29","2015-06-25","2015-11-11","JORN_005.E.20150528","aOplpjduR3TtZEjpaGSqEY7kSZEz/LBwXiKZiqeOdPI=","carabid","CARSP14","Carabidae sp.","family",,"Latreille","D14.2015.MorphF",1,"Arnett Jr., R. H., and M. C. Thomas. 2001. American Beetles Archosemata, Myxophaga, Adephaga, Polyphaga: Staphyliniformia. 1st Vol. (C. Press, Ed.). 1st Ed. Boca Raton, FL.","a0DIygQs4rguY6Ey57+V6npgK+c4E00t","a0DIygQs4rguY6Ey57+V6npgK+c4E00t","Selenophorus sp.?"
"eafb7693-9ece-4e5e-9577-9708874420ba","JORN_005.basePlot.bet","D14","JORN","JORN_005","E","2015-05-14","2015-05-28","2015-05-29","2015-06-25",,"JORN_005.E.20150528","aOplpjduR3TtZEjpaGSqEc2uJEEy9fG7JX8xL1juLSE=","invert bycatch",,,,,,,,,,"a0DIygQs4rguY6Ey57+V6npgK+c4E00t",
"9b93c3ed-d962-43e5-ac37-cab885ad4e58","JORN_004.basePlot.bet","D14","JORN","JORN_004","E","2015-05-14","2015-05-28","2015-05-29","2015-06-25",,"JORN_004.E.20150528","uZCwT0U74ceA5MK6L1qCx4D54ob9QjKEDN5y/03+qqk=","invert bycatch",,,,,,,,,,"a0DIygQs4rguY6Ey57+V6npgK+c4E00t",
"09f6800d-4c66-4a5a-9149-ece2a69b5208","JORN_006.basePlot.bet","D14","JORN","JORN_006","E","2015-05-14","2015-05-28","2015-05-29","2015-06-26",,"JORN_006.E.20150528","Z5DETg5NA9A8k+kCUdAUmIiZGSg2I+KRjXrE4dcbJwU=","invert bycatch",,,,,,,,,,"a0DIygQs4rguY6Ey57+V6npgK+c4E00t",
"e90fcf7e-0ec6-4052-98b4-9148fa465592","JORN_007.basePlot.bet","D14","JORN","JORN_007","E","2015-05-14","2015-05-28","2015-05-29","2015-06-26",,"JORN_007.E.20150528","VAvCuiXwPERFi088VRdIAYSjoM5RkteRddjUyAoi36E=","invert bycatch",,,,,,,,,,"a0DIygQs4rguY6Ey57+V6npgK+c4E00t",
"7b59d3b1-41dc-40ea-8e9a-565db95cdeb4","JORN_007.basePlot.bet","D14","JORN","JORN_007","E","2015-05-14","2015-05-28","2015-05-29","2015-06-26","2015-11-11","JORN_007.E.20150528","VAvCuiXwPERFi088VRdIAY6ejYkU25ElH2PwrRKnq1c=","carabid","CARSP14","Carabidae sp.","family",,"Latreille","D14.2015.MorphF",1,"Arnett Jr., R. H., and M. C. Thomas. 2001. American Beetles Archosemata, Myxophaga, Adephaga, Polyphaga: Staphyliniformia. 1st Vol. (C. Press, Ed.). 1st Ed. Boca Raton, FL.","a0DIygQs4rguY6Ey57+V6npgK+c4E00t","a0DIygQs4rguY6Ey57+V6npgK+c4E00t","Selenophorus Sp.?"
"5824ce72-26a8-4754-80e8-2d4a2deb1281","JORN_001.basePlot.bet","D14","JORN","JORN_001","E","2015-05-14","2015-05-28","2015-05-29","2015-06-24","2015-11-10","JORN_001.E.20150528","3v6e8eJloSqFNjUZseBNcaROZtQwwtOosNxltm9fVac=","carabid","CARSP14","Carabidae sp.","family","cf. genus","Latreille","D14.2015.MorphF",1,"Arnett Jr., R. H., and M. C. Thomas. 2001. American Beetles Archosemata, Myxophaga, Adephaga, Polyphaga: Staphyliniformia. 1st Vol. (C. Press, Ed.). 1st Ed. Boca Raton, FL.","a0DIygQs4rguY6Ey57+V6npgK+c4E00t","a0DIygQs4rguY6Ey57+V6npgK+c4E00t","Selenophorus sp.?"
"74d0e63e-f20e-42b2-8d9d-77d7eb66d835","JORN_002.basePlot.bet","D14","JORN","JORN_002","N","2015-05-14","2015-05-28","2015-05-29","2015-06-25",,"JORN_002.N.20150528","2j1n+GhCoGZSCDOYRf237cSIlq9NcV/eV9ce6ACSC7c=","invert bycatch",,,,,,,,,,"a0DIygQs4rguY6Ey57+V6npgK+c4E00t",
"9bbcc2c2-d288-44f4-a3cd-c3cc2dc9becc","JORN_008.basePlot.bet","D14","JORN","JORN_008","N","2015-05-14","2015-05-28","2015-05-29","2015-06-26",,"JORN_008.N.20150528","eTKs083kZ6GXpxIDUeEgQoL8XdFEXkBQ4m0c8k9zHHw=","invert bycatch",,,,,,,,,,"a0DIygQs4rguY6Ey57+V6npgK+c4E00t",
"a74d7730-4e6f-4cb6-9138-9d17c0d0d7d1","JORN_010.basePlot.bet","D14","JORN","JORN_010","N","2015-05-14","2015-05-28","2015-05-29","2015-07-01",,"JORN_010.N.20150528","7i+fBpY+jSDEGoXJvLJzKPknCVOZJvrNQOucAhraxpQ=","invert bycatch",,,,,,,,,,"a0DIygQs4rguY6Ey57+V6npgK+c4E00t",
"0f543484-9083-4ec1-a732-03aad2c19b13","JORN_006.basePlot.bet","D14","JORN","JORN_006","N","2015-05-14","2015-05-28","2015-05-29","2015-06-26",,"JORN_006.N.20150528","Z5DETg5NA9BPU5q6M0qCPv3C3xrFB3KVTnbbzCo2IGk=","invert bycatch",,,,,,,,,,"a0DIygQs4rguY6Ey57+V6npgK+c4E00t",
"ccff81bb-f6e4-4117-aa1e-e50d10db950b","JORN_009.basePlot.bet","D14","JORN","JORN_009","N","2015-05-14","2015-05-28","2015-05-29","2015-06-26",,"JORN_009.N.20150528","y6i9xP3scmN0sjT83F1pwb34CBNnRFGJE9ZQsMkKmn0=","invert bycatch",,,,,,,,,,"a0DIygQs4rguY6Ey57+V6npgK+c4E00t",
"4fafe6a9-69c0-4e41-86f4-543fc3e29d05","JORN_004.basePlot.bet","D14","JORN","JORN_004","N","2015-05-14","2015-05-28","2015-05-29","2015-06-25","2015-11-10","JORN_004.N.20150528","uZCwT0U74cc4zAWixWC02cf3VucgaPUUaCoSYPcbYxc=","carabid","CARSP14","Carabidae sp.","family",,"Latreille","D14.2015.MorphH",2,"Arnett Jr., R. H., and M. C. Thomas. 2001. American Beetles Archosemata, Myxophaga, Adephaga, Polyphaga: Staphyliniformia. 1st Vol. (C. Press, Ed.). 1st Ed. Boca Raton, FL.","a0DIygQs4rguY6Ey57+V6npgK+c4E00t","a0DIygQs4rguY6Ey57+V6npgK+c4E00t","Pasimachus (Depressus group)"
"e0c4fe09-1ae3-4068-a6ab-22cd55c69804","JORN_004.basePlot.bet","D14","JORN","JORN_004","N","2015-05-14","2015-05-28","2015-05-29","2015-06-25",,"JORN_004.N.20150528","uZCwT0U74cc4zAWixWC02Wxfkmi+modO+hGryPplnSM=","invert bycatch",,,,,,,,,,"a0DIygQs4rguY6Ey57+V6npgK+c4E00t",
"1f194d32-9590-46d8-9349-346fd8797fa5","JORN_003.basePlot.bet","D14","JORN","JORN_003","N","2015-05-14","2015-05-28","2015-05-29","2015-06-25",,"JORN_003.N.20150528","vMYzv3M3ch3FkMeMmMf44ymX77V8RvvbYzZv9WB6o50=","invert bycatch",,,,,,,,,,"a0DIygQs4rguY6Ey57+V6npgK+c4E00t",
"af6f53da-ce27-4f39-a759-09e9fd691976","JORN_007.basePlot.bet","D14","JORN","JORN_007","N","2015-05-14","2015-05-28","2015-05-29","2015-06-26",,"JORN_007.N.20150528","VAvCuiXwPET2oVWgRBvVryOKMH+yLDgyGEGLjSP5sQE=","invert bycatch",,,,,,,,,,"a0DIygQs4rguY6Ey57+V6npgK+c4E00t",
"4d49cb17-4e3d-4636-8ff3-806790e8d786","JORN_001.basePlot.bet","D14","JORN","JORN_001","N","2015-05-14","2015-05-28","2015-05-29","2015-06-24","2015-11-10","JORN_001.N.20150528","3v6e8eJloSqrnMvjzElrLzjxhh5xuy7wg/1cPeKih84=","carabid","CARSP14","Carabidae sp.","family","cf. genus","Latreille","D14.2015.MorphF",2,"Arnett Jr., R. H., and M. C. Thomas. 2001. American Beetles Archosemata, Myxophaga, Adephaga, Polyphaga: Staphyliniformia. 1st Vol. (C. Press, Ed.). 1st Ed. Boca Raton, FL.","a0DIygQs4rguY6Ey57+V6npgK+c4E00t","a0DIygQs4rguY6Ey57+V6npgK+c4E00t","D.14.MorphF| Selenophorus sp.?"
"50929760-5520-41a6-b9a0-4118ffd8b5f4","JORN_001.basePlot.bet","D14","JORN","JORN_001","N","2015-05-14","2015-05-28","2015-05-29","2015-06-24",,"JORN_001.N.20150528","3v6e8eJloSqrnMvjzElrL5YcrWc+F2D9eWYpfxje/SI=","invert bycatch",,,,,,,,,,"a0DIygQs4rguY6Ey57+V6npgK+c4E00t",
"99f0ba80-7f7d-4807-900e-76ec6d79795d","JORN_005.basePlot.bet","D14","JORN","JORN_005","N","2015-05-14","2015-05-28","2015-05-29","2015-06-25",,"JORN_005.N.20150528","aOplpjduR3SqybSQRHZZqK9Pmu+09TwyZNrqAy5tqgI=","invert bycatch",,,,,,,,,,"a0DIygQs4rguY6Ey57+V6npgK+c4E00t",
"48f37cf9-31f0-469c-82f2-cf93aba6fdf2","JORN_007.basePlot.bet","D14","JORN","JORN_007","S","2015-05-14","2015-05-28","2015-05-29","2015-06-26","2015-11-11","JORN_007.S.20150528","VAvCuiXwPETxg0tZ5sUq7N2K2lx5mATvf8k0ROy05AI=","carabid","CARSP14","Carabidae sp.","family",,"Latreille","D14.2015.MorphF",1,"Arnett Jr., R. H., and M. C. Thomas. 2001. American Beetles Archosemata, Myxophaga, Adephaga, Polyphaga: Staphyliniformia. 1st Vol. (C. Press, Ed.). 1st Ed. Boca Raton, FL.","a0DIygQs4rguY6Ey57+V6npgK+c4E00t","a0DIygQs4rguY6Ey57+V6npgK+c4E00t","Selenophorus sp.?"
"9c5125d3-5578-434f-ae0d-41c5b98c8b3a","JORN_001.basePlot.bet","D14","JORN","JORN_001","S","2015-05-14","2015-05-28","2015-05-29","2015-06-24",,"JORN_001.S.20150528","3v6e8eJloSoiVrNClBYfaa5uj40iEQRx+0evuPslxYM=","invert bycatch",,,,,,,,,,"a0DIygQs4rguY6Ey57+V6npgK+c4E00t",
"7476bb2c-a83b-4f94-88cf-9c81608a50ec","JORN_007.basePlot.bet","D14","JORN","JORN_007","S","2015-05-14","2015-05-28","2015-05-29","2015-06-26",,"JORN_007.S.20150528","VAvCuiXwPETxg0tZ5sUq7L+GWuo81IJKYDfC/tCr1ec=","invert bycatch",,,,,,,,,,"a0DIygQs4rguY6Ey57+V6npgK+c4E00t",
"827f8fbc-0ddc-4e31-b3ef-b4f98775c722","JORN_005.basePlot.bet","D14","JORN","JORN_005","S","2015-05-14","2015-05-28","2015-05-29","2015-06-25",,"JORN_005.S.20150528","aOplpjduR3TmXJHEx02r6yFJwkKg7fvh3jBn8CQZIlo=","invert bycatch",,,,,,,,,,"a0DIygQs4rguY6Ey57+V6npgK+c4E00t",
"8f2c2de9-a53c-416b-9bc7-3a7544c017ef","JORN_006.basePlot.bet","D14","JORN","JORN_006","S","2015-05-14","2015-05-28","2015-05-29","2015-06-26",,"JORN_006.S.20150528","Z5DETg5NA9CEkCEXAmtgfmT7pkfKP9LMkkFBgK3i+HE=","invert bycatch",,,,,,,,,,"a0DIygQs4rguY6Ey57+V6npgK+c4E00t",
"2bd29d83-1315-4214-9a71-7b375830ac78","JORN_004.basePlot.bet","D14","JORN","JORN_004","S","2015-05-14","2015-05-28","2015-05-29","2015-06-25",,"JORN_004.S.20150528","uZCwT0U74cdeoJMUGTEwgGhh2j0/tAc20MNab/61MBE=","invert bycatch",,,,,,,,,,"a0DIygQs4rguY6Ey57+V6npgK+c4E00t",
"1b5e014c-f741-4bc8-a7e3-319ac5fc36bb","JORN_009.basePlot.bet","D14","JORN","JORN_009","S","2015-05-14","2015-05-28","2015-05-29","2015-06-26",,"JORN_009.S.20150528","y6i9xP3scmNpFh5h/MaSDwvhIyJO9twildsB1mV1ZE0=","invert bycatch",,,,,,,,,,"a0DIygQs4rguY6Ey57+V6npgK+c4E00t",
"328a32d0-0ae5-4082-b07c-10da7304d3c2","JORN_009.basePlot.bet","D14","JORN","JORN_009","S","2015-05-14","2015-05-28","2015-05-29","2015-06-26","2015-11-11","JORN_009.S.20150528","y6i9xP3scmNpFh5h/MaSDxZqOSTRR6Gtx5af8grqtB4=","carabid","CARSP14","Carabidae sp.","family",,"Latreille","D14.2015.MorphF",2,"Arnett Jr., R. H., and M. C. Thomas. 2001. American Beetles Archosemata, Myxophaga, Adephaga, Polyphaga: Staphyliniformia. 1st Vol. (C. Press, Ed.). 1st Ed. Boca Raton, FL.","a0DIygQs4rguY6Ey57+V6npgK+c4E00t","a0DIygQs4rguY6Ey57+V6npgK+c4E00t","Selenophorus sp.?"
"a9c3b384-90de-4a30-8236-10546f794a82","JORN_003.basePlot.bet","D14","JORN","JORN_003","S","2015-05-14","2015-05-28","2015-05-29","2015-06-25",,"JORN_003.S.20150528","vMYzv3M3ch16O1qnlnCBMH6zBrwi5IRCDt4IWnMW+7c=","invert bycatch",,,,,,,,,,"a0DIygQs4rguY6Ey57+V6npgK+c4E00t",
"73028d8b-16ee-45bf-baf7-83521e19f852","JORN_003.basePlot.bet","D14","JORN","JORN_003","S","2015-05-14","2015-05-28","2015-05-29","2015-06-25","2015-11-10","JORN_003.S.20150528","vMYzv3M3ch16O1qnlnCBMOLtjlJxevNtkATPS+j0xVs=","carabid","CARSP14","Carabidae sp.","family","cf. genus","Latreille","D14.2015.MorphF",2,"Arnett Jr., R. H., and M. C. Thomas. 2001. American Beetles Archosemata, Myxophaga, Adephaga, Polyphaga: Staphyliniformia. 1st Vol. (C. Press, Ed.). 1st Ed. Boca Raton, FL.","a0DIygQs4rguY6Ey57+V6npgK+c4E00t","a0DIygQs4rguY6Ey57+V6npgK+c4E00t","Selenophorus sp.?"
"a3a312ba-6638-4a1f-96b3-f53ac71da3d9","JORN_002.basePlot.bet","D14","JORN","JORN_002","S","2015-05-14","2015-05-28","2015-05-29","2015-06-25",,"JORN_002.S.20150528","2j1n+GhCoGYbKtaO6/sc4JT1Bxc4sBeQ2nwbkzZmJSE=","invert bycatch",,,,,,,,,,"a0DIygQs4rguY6Ey57+V6npgK+c4E00t",
"9aa827b8-364f-41e4-a1f1-8cc037c1dfb1","JORN_008.basePlot.bet","D14","JORN","JORN_008","S","2015-05-14","2015-05-28","2015-05-29","2015-06-26",,"JORN_008.S.20150528","eTKs083kZ6HRIW4rsWXP+dY4pwt8t0a/UY4z0YqeenE=","invert bycatch",,,,,,,,,,"a0DIygQs4rguY6Ey57+V6npgK+c4E00t",
"7152d809-6c05-4e11-9114-fe4b2d6aae00","JORN_010.basePlot.bet","D14","JORN","JORN_010","S","2015-05-14","2015-05-28","2015-05-29","2015-07-01","2015-11-11","JORN_010.S.20150528","7i+fBpY+jSAfQb1Q45XhLifOjBDOv+QLo1+UEKQ+uvI=","carabid","CARSP14","Carabidae sp.","family",,"Latreille","D14.2015.MorphF",1,"Arnett Jr., R. H., and M. C. Thomas. 2001. American Beetles Archosemata, Myxophaga, Adephaga, Polyphaga: Staphyliniformia. 1st Vol. (C. Press, Ed.). 1st Ed. Boca Raton, FL.","a0DIygQs4rguY6Ey57+V6npgK+c4E00t","a0DIygQs4rguY6Ey57+V6npgK+c4E00t","Selenophorus sp.?"
"c1d5a283-ab22-4d2a-b35e-41be12cfbc63","JORN_002.basePlot.bet","D14","JORN","JORN_002","S","2015-05-14","2015-05-28","2015-05-29","2015-06-25",,"JORN_002.S.20150528","2j1n+GhCoGYbKtaO6/sc4MZJHsSTfZOnoJrCGt9/RMA=","carabid","CARSP14","Carabidae sp.","family","cf. genus","Latreille","D14.2015.MorphF",1,"Arnett Jr., R. H., and M. C. Thomas. 2001. American Beetles Archosemata, Myxophaga, Adephaga, Polyphaga: Staphyliniformia. 1st Vol. (C. Press, Ed.). 1st Ed. Boca Raton, FL.",,"a0DIygQs4rguY6Ey57+V6npgK+c4E00t","Selenophorus sp. ?"
"de5465e0-338f-4a31-92b9-5f098b41f128","JORN_010.basePlot.bet","D14","JORN","JORN_010","S","2015-05-14","2015-05-28","2015-05-29","2015-07-01",,"JORN_010.S.20150528","7i+fBpY+jSAfQb1Q45XhLkjyMZz/udGDXOkqMoHYwto=","invert bycatch",,,,,,,,,,"a0DIygQs4rguY6Ey57+V6npgK+c4E00t",
"a7fd1554-ada2-4d37-825c-056fa24f2480","JORN_010.basePlot.bet","D14","JORN","JORN_010","S","2015-05-14","2015-05-28","2015-05-29","2015-07-01","2015-11-11","JORN_010.S.20150528","7i+fBpY+jSAfQb1Q45XhLifOjBDOv+QLd2aaBqTLGH0=","carabid","CARSP14","Carabidae sp.","family",,"Latreille","D14.2015.MorphG",1,"Arnett Jr., R. H., and M. C. Thomas. 2001. American Beetles Archosemata, Myxophaga, Adephaga, Polyphaga: Staphyliniformia. 1st Vol. (C. Press, Ed.). 1st Ed. Boca Raton, FL.","a0DIygQs4rguY6Ey57+V6npgK+c4E00t","a0DIygQs4rguY6Ey57+V6npgK+c4E00t","Tribe Cyclosomini - Tetragonderus pallidus?"
"ab724375-912b-46d0-96b9-0ea77f029985","JORN_002.basePlot.bet","D14","JORN","JORN_002","W","2015-05-14","2015-05-28","2015-05-29","2015-06-25",,"JORN_002.W.20150528","2j1n+GhCoGZm/Y/uB1XvGkO9cDqZan+h8yt/vCfBClo=","invert bycatch",,,,,,,,,,"a0DIygQs4rguY6Ey57+V6npgK+c4E00t",
"86e4579f-247b-4a33-8baf-7b64c093acea","JORN_010.basePlot.bet","D14","JORN","JORN_010","W","2015-05-14","2015-05-28","2015-05-29","2015-07-01",,"JORN_010.W.20150528","7i+fBpY+jSB+S8xdtKEZFEqRorrwtIhE5mb0OKK0SrU=","invert bycatch",,,,,,,,,,"a0DIygQs4rguY6Ey57+V6npgK+c4E00t",
"6b3992f8-43bc-4293-809f-9542dfe3ea4d","JORN_004.basePlot.bet","D14","JORN","JORN_004","W","2015-05-14","2015-05-28","2015-05-29","2015-06-25",,"JORN_004.W.20150528","uZCwT0U74cfDCTgShBeUg9/GHYsZXXw+V5Z8byrZV/U=","invert bycatch",,,,,,,,,,"a0DIygQs4rguY6Ey57+V6npgK+c4E00t",
"c121f0f7-43ca-4f12-80e1-787ae04e59a7","JORN_006.basePlot.bet","D14","JORN","JORN_006","W","2015-05-14","2015-05-28","2015-05-29","2015-06-26",,"JORN_006.W.20150528","Z5DETg5NA9A7xc+lpOlbnEZJ0gtP0dUOC8zFv8AenlQ=","invert bycatch",,,,,,,,,,"a0DIygQs4rguY6Ey57+V6npgK+c4E00t",
"44170d1b-5e1f-4a6a-99d9-d162383f142d","JORN_009.basePlot.bet","D14","JORN","JORN_009","W","2015-05-14","2015-05-28","2015-05-29","2015-06-26",,"JORN_009.W.20150528","y6i9xP3scmPZuxPLs8eY9/Zp3y+rIyzb9/NwmowrU+M=","invert bycatch",,,,,,,,,,"a0DIygQs4rguY6Ey57+V6npgK+c4E00t",
"b9e5cc31-f4de-4d4b-b046-6dbe47bf5289","JORN_003.basePlot.bet","D14","JORN","JORN_003","W","2015-05-14","2015-05-28","2015-05-29","2015-06-25",,"JORN_003.W.20150528","vMYzv3M3ch3JSUow335Jr1+w0wyd2WRnj9JCtbc3qXg=","invert bycatch",,,,,,,,,,"a0DIygQs4rguY6Ey57+V6npgK+c4E00t",
"115a98a6-999b-4f83-879e-e64d3c6db4dd","JORN_008.basePlot.bet","D14","JORN","JORN_008","W","2015-05-14","2015-05-28","2015-05-29","2015-06-26",,"JORN_008.W.20150528","eTKs083kZ6Gyd/wXwoGNYcfITLuty/ZdXz1znybDm2Y=","invert bycatch",,,,,,,,,,"a0DIygQs4rguY6Ey57+V6npgK+c4E00t",
"082b8be2-1f49-420c-b234-3763f283de94","JORN_007.basePlot.bet","D14","JORN","JORN_007","W","2015-05-14","2015-05-28","2015-05-29","2015-06-26",,"JORN_007.W.20150528","VAvCuiXwPER4RSqKIm38lU/c+67LSsgM1QBCksOVEp8=","invert bycatch",,,,,,,,,,"a0DIygQs4rguY6Ey57+V6npgK+c4E00t",
"2936cebf-01de-4232-8499-1dddeb60f5e1","JORN_001.basePlot.bet","D14","JORN","JORN_001","W","2015-05-14","2015-05-28","2015-05-29","2015-06-24",,"JORN_001.W.20150528","3v6e8eJloSoWLu6C+JQGWIKxLk1VexD0+Bw7aSQ3YME=","invert bycatch",,,,,,,,,,"a0DIygQs4rguY6Ey57+V6npgK+c4E00t",
"58b3264e-596f-4cd6-a8d9-71d8278d2f8e","JORN_007.basePlot.bet","D14","JORN","JORN_007","W","2015-05-14","2015-05-28","2015-05-29","2015-06-26","2015-11-11","JORN_007.W.20150528","VAvCuiXwPER4RSqKIm38lehcfHwNlxTagb+AqrLuGAo=","carabid","CARSP14","Carabidae sp.","family",,"Latreille","D14.2015.MorphG",1,"Arnett Jr., R. H., and M. C. Thomas. 2001. American Beetles Archosemata, Myxophaga, Adephaga, Polyphaga: Staphyliniformia. 1st Vol. (C. Press, Ed.). 1st Ed. Boca Raton, FL.","a0DIygQs4rguY6Ey57+V6npgK+c4E00t","a0DIygQs4rguY6Ey57+V6npgK+c4E00t","tribe cyclosomini, Tetragonderus pallidus?"
"1f937c73-792b-4f57-9dc7-de815968bad7","JORN_005.basePlot.bet","D14","JORN","JORN_005","W","2015-05-14","2015-05-28","2015-05-29","2015-06-25",,"JORN_005.W.20150528","aOplpjduR3QaoG9NSRDTyw/QN+z2X4fW10VCvCfVzsQ=","invert bycatch",,,,,,,,,,"a0DIygQs4rguY6Ey57+V6npgK+c4E00t",
