uid,namedLocation,domainID,siteID,plotID,trapID,setDate,collectDate,processingDate,etOHChangeDate,identifiedDate,sampleID,subsampleID,sampleType,taxonID,scientificName,taxonRank,identificationQualifier,scientificNameAuthorship,morphospeciesID,individualCount,identificationReferences,identifiedBy,recordedBy,remarks
"168af923-b8e1-4e74-81a7-90a74351f4e8","JORN_005.basePlot.bet","D14","JORN","JORN_005","E","2015-05-28","2015-06-11","2015-06-12","2015-07-08",,"JORN_005.E.20150611","aOplpjduR3TtZEjpaGSqET6qLofgPKCyiof3YQLbwbU=","invert bycatch",,,,,,,,,,"a0DIygQs4rguY6Ey57+V6npgK+c4E00t",
"52311ad3-6c15-4f3c-a114-1047b8b306ac","JORN_001.basePlot.bet","D14","JORN","JORN_001","E","2015-05-28","2015-06-11","2015-06-12","2015-07-01",,"JORN_001.E.20150611","3v6e8eJloSqFNjUZseBNcTnhd9DhB6+ypfdavwFvG/Q=","invert bycatch",,,,,,,,,,"a0DIygQs4rguY6Ey57+V6npgK+c4E00t",
"dca6d045-92f7-4efe-9593-7a5598c4eed4","JORN_007.basePlot.bet","D14","JORN","JORN_007","E","2015-05-28","2015-06-11","2015-06-12","2015-07-08",,"JORN_007.E.20150611","VAvCuiXwPERFi088VRdIAeauuHcFUSv+qdufWKyEEbE=","invert bycatch",,,,,,,,,,"kBwRTjEA1mS63L/R24fqUgENIHeTWseKYBGP9lkUz0A=",
"53d0feac-8416-452f-bd69-c59023c4b81f","JORN_002.basePlot.bet","D14","JORN","JORN_002","E","2015-05-28","2015-06-11","2015-06-12","2015-07-01",,"JORN_002.E.20150611","2j1n+GhCoGb0EwyjU16doc+U6rQ5P/nA0tmzIi8sUL8=","invert bycatch",,,,,,,,,,"a0DIygQs4rguY6Ey57+V6npgK+c4E00t",
"ee69a563-fd08-43ca-9c4d-483616c83fff","JORN_003.basePlot.bet","D14","JORN","JORN_003","E","2015-05-28","2015-06-11","2015-06-12","2015-07-01",,"JORN_003.E.20150611","vMYzv3M3ch1/iMAyM9rGqM0/NTJ15cEqzuQeiw4hd1M=","invert bycatch",,,,,,,,,,"a0DIygQs4rguY6Ey57+V6npgK+c4E00t",
"30e7c9e0-6267-476d-b002-5ff38e157134","JORN_009.basePlot.bet","D14","JORN","JORN_009","E","2015-05-28","2015-06-11","2015-06-12","2015-07-09",,"JORN_009.E.20150611","y6i9xP3scmMceIq6qKOFK23kEt1/VbKicesbT0XRB10=","invert bycatch",,,,,,,,,,"kBwRTjEA1mS63L/R24fqUgENIHeTWseKYBGP9lkUz0A=",
"5c13efa2-4c1d-4baf-8380-3e24e078d19f","JORN_006.basePlot.bet","D14","JORN","JORN_006","E","2015-05-28","2015-06-11","2015-06-12","2015-07-08",,"JORN_006.E.20150611","Z5DETg5NA9A8k+kCUdAUmO5YFtJ/33QVVnlj0SSltJk=","invert bycatch",,,,,,,,,,"kBwRTjEA1mS63L/R24fqUgENIHeTWseKYBGP9lkUz0A=",
"e6566087-2ec6-4a29-af29-e4f547bf312a","JORN_004.basePlot.bet","D14","JORN","JORN_004","E","2015-05-28","2015-06-11","2015-06-12","2015-07-08",,"JORN_004.E.20150611","uZCwT0U74ceA5MK6L1qCx4BhGDAdTP1Q4H1LJ9fKhzA=","invert bycatch",,,,,,,,,,"a0DIygQs4rguY6Ey57+V6npgK+c4E00t",
"9ced05bc-67d5-4bc5-8331-358db90f93cb","JORN_010.basePlot.bet","D14","JORN","JORN_010","E","2015-05-28","2015-06-11","2015-06-12","2015-07-09",,"JORN_010.E.20150611","7i+fBpY+jSAYRS3Hdx8+FzPOCh3WQMtOFw2pMTDVOHs=","invert bycatch",,,,,,,,,,"kBwRTjEA1mS63L/R24fqUgENIHeTWseKYBGP9lkUz0A=",
"f3d4d809-e256-4fd3-bbb3-5d9d3c5c5d39","JORN_008.basePlot.bet","D14","JORN","JORN_008","E","2015-05-28","2015-06-11","2015-06-12","2015-07-09",,"JORN_008.E.20150611","eTKs083kZ6H1RSQN3UxLX6oAI0pFEMuG3cZZluLn6Hw=","invert bycatch",,,,,,,,,,"kBwRTjEA1mS63L/R24fqUgENIHeTWseKYBGP9lkUz0A=",
"a624c276-0348-4c2f-bb4e-93224aa7270a","JORN_001.basePlot.bet","D14","JORN","JORN_001","N","2015-05-28","2015-06-11","2015-06-12","2015-07-01",,"JORN_001.N.20150611","3v6e8eJloSqrnMvjzElrLwe3dTFcJC23gMJhPlkK8rI=","invert bycatch",,,,,,,,,,"a0DIygQs4rguY6Ey57+V6npgK+c4E00t",
"bfd7f7fa-3479-48fb-900f-68f3826837b2","JORN_004.basePlot.bet","D14","JORN","JORN_004","N","2015-05-28","2015-06-11","2015-06-12","2015-07-08",,"JORN_004.N.20150611","uZCwT0U74cc4zAWixWC02V+9TGwomp0Nnag2h/j71RE=","invert bycatch",,,,,,,,,,"a0DIygQs4rguY6Ey57+V6npgK+c4E00t",
"771dc1b2-6e30-4377-945d-470a105ef81c","JORN_005.basePlot.bet","D14","JORN","JORN_005","N","2015-05-28","2015-06-11","2015-06-12","2015-07-08",,"JORN_005.N.20150611","aOplpjduR3SqybSQRHZZqP0gVvo542L3+JPUu1zP8bU=","invert bycatch",,,,,,,,,,"a0DIygQs4rguY6Ey57+V6npgK+c4E00t",
"bb2e5a31-6c9a-45ad-a219-4b21d3557f54","JORN_006.basePlot.bet","D14","JORN","JORN_006","N","2015-05-28","2015-06-11","2015-06-12","2015-07-08",,"JORN_006.N.20150611","Z5DETg5NA9BPU5q6M0qCPoLS9RnsYb21Fkbl0a9LDek=","invert bycatch",,,,,,,,,,"kBwRTjEA1mS63L/R24fqUgENIHeTWseKYBGP9lkUz0A=",
"23c2bef3-bae4-4155-9786-2649e09737e5","JORN_007.basePlot.bet","D14","JORN","JORN_007","N","2015-05-28","2015-06-11","2015-06-12","2015-07-08",,"JORN_007.N.20150611","VAvCuiXwPET2oVWgRBvVr5Nh+epSnNe4QEbEeiBqINM=","invert bycatch",,,,,,,,,,"kBwRTjEA1mS63L/R24fqUgENIHeTWseKYBGP9lkUz0A=",
"4611c20f-f924-4620-aab9-1f764b39612d","JORN_010.basePlot.bet","D14","JORN","JORN_010","N","2015-05-28","2015-06-11","2015-06-12","2015-07-09",,"JORN_010.N.20150611","7i+fBpY+jSDEGoXJvLJzKM/H9UFHWBfQDAyIBvRvfyw=","invert bycatch",,,,,,,,,,"kBwRTjEA1mS63L/R24fqUgENIHeTWseKYBGP9lkUz0A=",
"f9fcce37-2753-4ee6-b9ed-50cbd7d7f6d6","JORN_002.basePlot.bet","D14","JORN","JORN_002","N","2015-05-28","2015-06-11","2015-06-12","2015-07-01",,"JORN_002.N.20150611","2j1n+GhCoGZSCDOYRf237RAWTR0mpAk6rBacR2COslc=","invert bycatch",,,,,,,,,,"a0DIygQs4rguY6Ey57+V6npgK+c4E00t",
"08ab0f12-5400-41f9-b9be-f9fd12013fe6","JORN_003.basePlot.bet","D14","JORN","JORN_003","N","2015-05-28","2015-06-11","2015-06-12","2015-07-01",,"JORN_003.N.20150611","vMYzv3M3ch3FkMeMmMf44wn3VsChgNNoKFIjUJKT7XE=","invert bycatch",,,,,,,,,,"a0DIygQs4rguY6Ey57+V6npgK+c4E00t",
"d37666dc-e6a0-4e2c-be20-9727798c7389","JORN_008.basePlot.bet","D14","JORN","JORN_008","N","2015-05-28","2015-06-11","2015-06-12","2015-07-09",,"JORN_008.N.20150611","eTKs083kZ6GXpxIDUeEgQsx/bqlONDSSZPdkeWJIgUo=","invert bycatch",,,,,,,,,,"kBwRTjEA1mS63L/R24fqUgENIHeTWseKYBGP9lkUz0A=",
"9805dd3e-18b8-452c-9725-c060543caa87","JORN_009.basePlot.bet","D14","JORN","JORN_009","N","2015-05-28","2015-06-11","2015-06-12","2015-07-09",,"JORN_009.N.20150611","y6i9xP3scmN0sjT83F1pwZxtfKoAbUIFXWBjbi/Cazo=","invert bycatch",,,,,,,,,,"kBwRTjEA1mS63L/R24fqUgENIHeTWseKYBGP9lkUz0A=",
"3b571a44-bd5c-457d-a62c-6fb7e82f618b","JORN_010.basePlot.bet","D14","JORN","JORN_010","S","2015-05-28","2015-06-11","2015-06-12","2015-07-09",,"JORN_010.S.20150611","7i+fBpY+jSAfQb1Q45XhLqN27L9F8WP6EMj8+FC8w/o=","invert bycatch",,,,,,,,,,"kBwRTjEA1mS63L/R24fqUgENIHeTWseKYBGP9lkUz0A=",
"533b3efc-2b74-49d2-91c5-ae7c91767672","JORN_002.basePlot.bet","D14","JORN","JORN_002","S","2015-05-28","2015-06-11","2015-06-12","2015-07-01",,"JORN_002.S.20150611","2j1n+GhCoGYbKtaO6/sc4PmIqSa+X9u0zOUSvm2F4ew=","invert bycatch",,,,,,,,,,"a0DIygQs4rguY6Ey57+V6npgK+c4E00t",
"b4041731-836e-4267-931c-fbc7c300ad70","JORN_008.basePlot.bet","D14","JORN","JORN_008","S","2015-05-28","2015-06-11","2015-06-12","2015-07-09",,"JORN_008.S.20150611","eTKs083kZ6HRIW4rsWXP+cw8qe4kmxvRSrh1T/65Urg=","invert bycatch",,,,,,,,,,"kBwRTjEA1mS63L/R24fqUgENIHeTWseKYBGP9lkUz0A=",
"71f8b990-0493-4402-b6a1-81625cb340d0","JORN_003.basePlot.bet","D14","JORN","JORN_003","S","2015-05-28","2015-06-11","2015-06-12","2015-07-01",,"JORN_003.S.20150611","vMYzv3M3ch16O1qnlnCBMMH77/pEQZbo9dMyRPcJY50=","invert bycatch",,,,,,,,,,"a0DIygQs4rguY6Ey57+V6npgK+c4E00t",
"bfee2852-7eed-481f-a53c-12dc8de10417","JORN_003.basePlot.bet","D14","JORN","JORN_003","S","2015-05-28","2015-06-11","2015-06-12","2015-07-01","2015-11-11","JORN_003.S.20150611","vMYzv3M3ch16O1qnlnCBMEmsrM1Nf0SPTjNK8ABkg0E=","carabid","CARSP14","Carabidae sp.","family","cf. genus","Latreille","D14.2015.MorphF",1,"Arnett Jr., R. H., and M. C. Thomas. 2001. American Beetles Archosemata, Myxophaga, Adephaga, Polyphaga: Staphyliniformia. 1st Vol. (C. Press, Ed.). 1st Ed. Boca Raton, FL.","a0DIygQs4rguY6Ey57+V6npgK+c4E00t","a0DIygQs4rguY6Ey57+V6npgK+c4E00t","D14.2015.Morph F| Selenophorus sp.?"
"bce79b1a-7197-4400-a879-2ceb2455b849","JORN_009.basePlot.bet","D14","JORN","JORN_009","S","2015-05-28","2015-06-11","2015-06-12","2015-07-09",,"JORN_009.S.20150611","y6i9xP3scmNpFh5h/MaSD73qWyO2h36PxsQlYCUjWao=","invert bycatch",,,,,,,,,,"kBwRTjEA1mS63L/R24fqUgENIHeTWseKYBGP9lkUz0A=",
"f85830d7-7c5a-4ed4-a1f6-4c5a336c1253","JORN_009.basePlot.bet","D14","JORN","JORN_009","S","2015-05-28","2015-06-11","2015-06-12","2015-07-09","2015-11-11","JORN_009.S.20150611","y6i9xP3scmNpFh5h/MaSDz+1bAdvN7FVZBB6vI49TZw=","carabid","CARSP14","Carabidae sp.","family","cf. genus","Latreille","D14.2015.MorphF",1,"Arnett Jr., R. H., and M. C. Thomas. 2001. American Beetles Archosemata, Myxophaga, Adephaga, Polyphaga: Staphyliniformia. 1st Vol. (C. Press, Ed.). 1st Ed. Boca Raton, FL.","a0DIygQs4rguY6Ey57+V6npgK+c4E00t","kBwRTjEA1mS63L/R24fqUgENIHeTWseKYBGP9lkUz0A=","D14.2015.MorphF| Selenophorus sp.?"
"bf596d75-4b4d-4383-ad77-7a9c03a57e48","JORN_004.basePlot.bet","D14","JORN","JORN_004","S","2015-05-28","2015-06-11","2015-06-12","2015-07-08",,"JORN_004.S.20150611","uZCwT0U74cdeoJMUGTEwgJ7/yOn3ALCD5lWVS0YMpYA=","invert bycatch",,,,,,,,,,"a0DIygQs4rguY6Ey57+V6npgK+c4E00t",
"0362f7ea-92eb-46cf-99ad-74efbea78024","JORN_006.basePlot.bet","D14","JORN","JORN_006","S","2015-05-28","2015-06-11","2015-06-12","2015-07-08",,"JORN_006.S.20150611","Z5DETg5NA9CEkCEXAmtgfqjIRsl/KF6Bn1zq9vNher0=","invert bycatch",,,,,,,,,,"kBwRTjEA1mS63L/R24fqUgENIHeTWseKYBGP9lkUz0A=",
"7779911d-ee2f-4a52-b5eb-694beed70c95","JORN_005.basePlot.bet","D14","JORN","JORN_005","S","2015-05-28","2015-06-11","2015-06-12","2015-07-08",,"JORN_005.S.20150611","aOplpjduR3TmXJHEx02r68SPZoHW9hvDRRHvWVd5qb0=","invert bycatch",,,,,,,,,,"a0DIygQs4rguY6Ey57+V6npgK+c4E00t",
"ba16db26-dcbc-45a7-958e-0877d630bf30","JORN_005.basePlot.bet","D14","JORN","JORN_005","S","2015-05-28","2015-06-11","2015-06-12","2015-07-08","2015-09-15","JORN_005.S.20150611","aOplpjduR3TmXJHEx02r61E/kZAUsNMvkMo35pMg9n0=","vert bycatch herp","UTASTA","Uta stansburiana","species",,"Baird and Girard",,1,"Other","hRRZynJPKTlgBISZmXSv66FsQZ5BztHH","kBwRTjEA1mS63L/R24fqUgENIHeTWseKYBGP9lkUz0A=",
"a110ca2f-efa0-48f6-8efa-4c46f4782d53","JORN_001.basePlot.bet","D14","JORN","JORN_001","S","2015-05-28","2015-06-11","2015-06-12","2015-07-01",,"JORN_001.S.20150611","3v6e8eJloSoiVrNClBYfaZmHoGNJX+KvnBfDIesbnQU=","invert bycatch",,,,,,,,,,"a0DIygQs4rguY6Ey57+V6npgK+c4E00t",
"01e050b9-9ab6-432b-b6de-23510c77d565","JORN_007.basePlot.bet","D14","JORN","JORN_007","S","2015-05-28","2015-06-11","2015-06-12","2015-07-08",,"JORN_007.S.20150611","VAvCuiXwPETxg0tZ5sUq7ERKgmI9TaXY5ENG3jwsppU=","invert bycatch",,,,,,,,,,"kBwRTjEA1mS63L/R24fqUgENIHeTWseKYBGP9lkUz0A=",
"cdf51bc8-d031-441c-94c4-3d2d062e4cb4","JORN_007.basePlot.bet","D14","JORN","JORN_007","W","2015-05-28","2015-06-11","2015-06-12","2015-07-08",,"JORN_007.W.20150611","VAvCuiXwPER4RSqKIm38lXMY3wqE+r14uILAO2Kzk5s=","invert bycatch",,,,,,,,,,"kBwRTjEA1mS63L/R24fqUgENIHeTWseKYBGP9lkUz0A=",
"bf72301e-c421-4d1a-baaf-46e2ca327df4","JORN_009.basePlot.bet","D14","JORN","JORN_009","W","2015-05-28","2015-06-11","2015-06-12","2015-07-09",,"JORN_009.W.20150611","y6i9xP3scmPZuxPLs8eY9yfCmb8eQPNIEsOCu0h6gxo=","invert bycatch",,,,,,,,,,"kBwRTjEA1mS63L/R24fqUgENIHeTWseKYBGP9lkUz0A=",
"37d7a320-babe-47c3-9730-f485667719d2","JORN_004.basePlot.bet","D14","JORN","JORN_004","W","2015-05-28","2015-06-11","2015-06-12","2015-07-08",,"JORN_004.W.20150611","uZCwT0U74cfDCTgShBeUg8qQI58rsDBqXTTlwyFuGEQ=","invert bycatch",,,,,,,,,,"a0DIygQs4rguY6Ey57+V6npgK+c4E00t",
"9e887b07-f824-43ee-890b-ebea51dd6823","JORN_005.basePlot.bet","D14","JORN","JORN_005","W","2015-05-28","2015-06-11","2015-06-12","2015-07-08",,"JORN_005.W.20150611","aOplpjduR3QaoG9NSRDTyxIYE/+iXVAbI2NVYb04gzE=","invert bycatch",,,,,,,,,,"a0DIygQs4rguY6Ey57+V6npgK+c4E00t",
"6c9eea12-2a04-4fe6-bac7-441e6b1f5c81","JORN_006.basePlot.bet","D14","JORN","JORN_006","W","2015-05-28","2015-06-11","2015-06-12","2015-07-08",,"JORN_006.W.20150611","Z5DETg5NA9A7xc+lpOlbnNCrF9qL4XGksR8ZhAZBRr4=","invert bycatch",,,,,,,,,,"kBwRTjEA1mS63L/R24fqUgENIHeTWseKYBGP9lkUz0A=",
"57155139-9b46-418b-a417-9a353d2e6321","JORN_001.basePlot.bet","D14","JORN","JORN_001","W","2015-05-28","2015-06-11","2015-06-12","2015-07-01",,"JORN_001.W.20150611","3v6e8eJloSoWLu6C+JQGWAobr1PmXH0d4gS/owU5RgI=","invert bycatch",,,,,,,,,,"a0DIygQs4rguY6Ey57+V6npgK+c4E00t",
"0c36fc54-b46b-43d5-b52f-c488276deff6","JORN_010.basePlot.bet","D14","JORN","JORN_010","W","2015-05-28","2015-06-11","2015-06-12","2015-07-09",,"JORN_010.W.20150611","7i+fBpY+jSB+S8xdtKEZFC4Hu8BWwELimC/u4lC6K2U=","invert bycatch",,,,,,,,,,"kBwRTjEA1mS63L/R24fqUgENIHeTWseKYBGP9lkUz0A=",
"9794f375-4e3f-40bb-b73a-452761dbe4d1","JORN_002.basePlot.bet","D14","JORN","JORN_002","W","2015-05-28","2015-06-11","2015-06-12","2015-07-01",,"JORN_002.W.20150611","2j1n+GhCoGZm/Y/uB1XvGhcSXGA3C4xSl03rFL9anGM=","invert bycatch",,,,,,,,,,"a0DIygQs4rguY6Ey57+V6npgK+c4E00t",
"4c0f67e7-cf69-4762-bfbf-40907fb4fad0","JORN_002.basePlot.bet","D14","JORN","JORN_002","W","2015-05-28","2015-06-11","2015-06-12","2015-07-01",,"JORN_002.W.20150611","2j1n+GhCoGZm/Y/uB1XvGhcSXGA3C4xSBZeaGkQwZTk=","invert bycatch",,,,,,,,,,"a0DIygQs4rguY6Ey57+V6npgK+c4E00t",
"0acf5f4e-e75f-4b5f-a4b7-c84b28c8b1db","JORN_008.basePlot.bet","D14","JORN","JORN_008","W","2015-05-28","2015-06-11","2015-06-12","2015-07-09",,"JORN_008.W.20150611","eTKs083kZ6Gyd/wXwoGNYfgaOVrnwaJxC7S2OobkvKI=","invert bycatch",,,,,,,,,,"kBwRTjEA1mS63L/R24fqUgENIHeTWseKYBGP9lkUz0A=",
"7b201416-73e3-40a8-b7c9-502a76f096ab","JORN_003.basePlot.bet","D14","JORN","JORN_003","W","2015-05-28","2015-06-11","2015-06-12","2015-07-01",,"JORN_003.W.20150611","vMYzv3M3ch3JSUow335Jr7sF6mMpFp4A7BJFwodXBf4=","invert bycatch",,,,,,,,,,"a0DIygQs4rguY6Ey57+V6npgK+c4E00t",
"998dd413-727a-473b-b9a8-bfc5ed15429e","JORN_009.basePlot.bet","D14","JORN","JORN_009","E","2015-06-11","2015-06-25","2015-06-26","2015-08-04",,"JORN_009.E.20150625","y6i9xP3scmMceIq6qKOFKwT1i5AqnZ9PGmIH0S5za/Y=","invert bycatch",,,,,,,,,,"kBwRTjEA1mS63L/R24fqUgENIHeTWseKYBGP9lkUz0A=",
"668b5b74-c2ec-4d5c-92da-fe3fa779c8f5","JORN_008.basePlot.bet","D14","JORN","JORN_008","W","2015-06-11","2015-06-25","2015-06-26","2015-08-04",,"JORN_008.W.20150625","eTKs083kZ6Gyd/wXwoGNYXs5NcThVV7SNBdhYc30CN8=","invert bycatch",,,,,,,,,,"kBwRTjEA1mS63L/R24fqUgENIHeTWseKYBGP9lkUz0A=",
"491909c7-75d2-424b-8671-f3b6cd12fc11","JORN_008.basePlot.bet","D14","JORN","JORN_008","E","2015-06-11","2015-06-25","2015-06-26","2015-08-04",,"JORN_008.E.20150625","eTKs083kZ6H1RSQN3UxLX+hI8GYWnVpE+u8rMz14z9A=","invert bycatch",,,,,,,,,,"kBwRTjEA1mS63L/R24fqUgENIHeTWseKYBGP9lkUz0A=",
"17f2e926-d6ea-4ae9-b77d-bd7553d55bcf","JORN_002.basePlot.bet","D14","JORN","JORN_002","E","2015-06-11","2015-06-25","2015-06-26","2015-07-10",,"JORN_002.E.20150625","2j1n+GhCoGb0EwyjU16dofSEIsXXRdhw7/eHQyT1HDc=","invert bycatch",,,,,,,,,,"a0DIygQs4rguY6Ey57+V6npgK+c4E00t",
"b355581d-82e3-488f-9e7d-d59655645904","JORN_010.basePlot.bet","D14","JORN","JORN_010","E","2015-06-11","2015-06-25","2015-06-26","2015-09-08",,"JORN_010.E.20150625","7i+fBpY+jSAYRS3Hdx8+F/ZPz5Tdo69Sngnhe0miFto=","invert bycatch",,,,,,,,,,"kBwRTjEA1mS63L/R24fqUgENIHeTWseKYBGP9lkUz0A=",
"f344c151-4064-45a1-ab40-15995bd7c3c0","JORN_007.basePlot.bet","D14","JORN","JORN_007","E","2015-06-11","2015-06-25","2015-06-26","2015-08-04",,"JORN_007.E.20150625","VAvCuiXwPERFi088VRdIAXdKOWJ3GtvpACc0GzQkbxU=","invert bycatch",,,,,,,,,,"a0DIygQs4rguY6Ey57+V6npgK+c4E00t",
"0685cce8-d2f5-4d8f-927d-81c1bf0f0300","JORN_001.basePlot.bet","D14","JORN","JORN_001","E","2015-06-11","2015-06-25","2015-06-26","2015-07-10",,"JORN_001.E.20150625","3v6e8eJloSqFNjUZseBNcZGNWZIySBTD3zbVFVW3YQo=","invert bycatch",,,,,,,,,,"a0DIygQs4rguY6Ey57+V6npgK+c4E00t",
"3cd7b216-b5a3-46f3-a10b-b7fddfce36f2","JORN_005.basePlot.bet","D14","JORN","JORN_005","E","2015-06-11","2015-06-25","2015-06-26","2015-07-30",,"JORN_005.E.20150625","aOplpjduR3TtZEjpaGSqEXU8o4zGh2QZYvxeQhZIMmY=","invert bycatch",,,,,,,,,,"a0DIygQs4rguY6Ey57+V6npgK+c4E00t",
"513fb2be-7019-4c69-8cf7-d20aca0202e5","JORN_006.basePlot.bet","D14","JORN","JORN_006","E","2015-06-11","2015-06-25","2015-06-26","2015-08-04",,"JORN_006.E.20150625","Z5DETg5NA9A8k+kCUdAUmEFT1Rmei8NeUEbppIcFSkU=","invert bycatch",,,,,,,,,,"a0DIygQs4rguY6Ey57+V6npgK+c4E00t",
"a056adba-e51a-4807-850b-430db832e59e","JORN_004.basePlot.bet","D14","JORN","JORN_004","E","2015-06-11","2015-06-25","2015-06-26","2015-07-10",,"JORN_004.E.20150625","uZCwT0U74ceA5MK6L1qCxws2kOFerg3jV6UW+R6aYD8=","invert bycatch",,,,,,,,,,"a0DIygQs4rguY6Ey57+V6npgK+c4E00t",
"ce6e5470-598d-4f62-97ca-4ae51aedf3bd","JORN_009.basePlot.bet","D14","JORN","JORN_009","N","2015-06-11","2015-06-25","2015-06-26","2015-08-04",,"JORN_009.N.20150625","y6i9xP3scmN0sjT83F1pwRVmB+Q16Rz1xkOpkGfAnGE=","invert bycatch",,,,,,,,,,"kBwRTjEA1mS63L/R24fqUgENIHeTWseKYBGP9lkUz0A=",
"ba0d5e7a-ad7c-4dbf-8268-76448323ae50","JORN_008.basePlot.bet","D14","JORN","JORN_008","N","2015-06-11","2015-06-25","2015-06-26","2015-08-04",,"JORN_008.N.20150625","eTKs083kZ6GXpxIDUeEgQnh7tfsoKuwQRIfeEq1ENT8=","invert bycatch",,,,,,,,,,"kBwRTjEA1mS63L/R24fqUgENIHeTWseKYBGP9lkUz0A=",
"5480b151-4167-449d-bb5e-3b5aefdddf5a","JORN_003.basePlot.bet","D14","JORN","JORN_003","N","2015-06-11","2015-06-25","2015-06-26","2015-07-10",,"JORN_003.N.20150625","vMYzv3M3ch3FkMeMmMf44xoMZ3NfOzYjVQCW7fzZ3ws=","invert bycatch",,,,,,,,,,"a0DIygQs4rguY6Ey57+V6npgK+c4E00t",
"77f278eb-a343-4e2e-af85-fec82e345546","JORN_002.basePlot.bet","D14","JORN","JORN_002","N","2015-06-11","2015-06-25","2015-06-26","2015-07-10",,"JORN_002.N.20150625","2j1n+GhCoGZSCDOYRf237efDlSGmiR0IaW6khAtqc/Y=","invert bycatch",,,,,,,,,,"a0DIygQs4rguY6Ey57+V6npgK+c4E00t",
"19b3b0ea-66ba-40fd-ba72-7ff27a7ea9a5","JORN_010.basePlot.bet","D14","JORN","JORN_010","N","2015-06-11","2015-06-25","2015-06-26","2015-09-08",,"JORN_010.N.20150625","7i+fBpY+jSDEGoXJvLJzKAayYe7JJxwd/wcjW/DsnVA=","invert bycatch",,,,,,,,,,"kBwRTjEA1mS63L/R24fqUgENIHeTWseKYBGP9lkUz0A=",
"7ab10ec0-4a70-4fe5-a81b-13da8ed5d31b","JORN_007.basePlot.bet","D14","JORN","JORN_007","N","2015-06-11","2015-06-25","2015-06-26","2015-08-04",,"JORN_007.N.20150625","VAvCuiXwPET2oVWgRBvVrwIDI4P/z0l6Yg5b4ky/Mr4=","invert bycatch",,,,,,,,,,"a0DIygQs4rguY6Ey57+V6npgK+c4E00t",
"8426354a-4264-4944-b8b8-cc4d3639238d","JORN_005.basePlot.bet","D14","JORN","JORN_005","N","2015-06-11","2015-06-25","2015-06-26","2015-07-30",,"JORN_005.N.20150625","aOplpjduR3SqybSQRHZZqLCZNVrYdfcWCyxsZz8hDxA=","invert bycatch",,,,,,,,,,"a0DIygQs4rguY6Ey57+V6npgK+c4E00t",
"ebae2b63-b1c2-49a8-a399-c8858857f211","JORN_001.basePlot.bet","D14","JORN","JORN_001","N","2015-06-11","2015-06-25","2015-06-26","2015-07-10",,"JORN_001.N.20150625","3v6e8eJloSqrnMvjzElrL0h94JkxkXrLS6cjSnXv8yQ=","invert bycatch",,,,,,,,,,"a0DIygQs4rguY6Ey57+V6npgK+c4E00t",
"f07dab18-4b9c-4ff1-ab3c-aff2d20ff001","JORN_006.basePlot.bet","D14","JORN","JORN_006","N","2015-06-11","2015-06-25","2015-06-26","2015-08-04",,"JORN_006.N.20150625","Z5DETg5NA9BPU5q6M0qCPnaVltIpOec3f0B/C+0+JLQ=","invert bycatch",,,,,,,,,,"a0DIygQs4rguY6Ey57+V6npgK+c4E00t",
"b9015773-4d07-4433-b50d-7c4e65241a95","JORN_004.basePlot.bet","D14","JORN","JORN_004","N","2015-06-11","2015-06-25","2015-06-26","2015-07-10",,"JORN_004.N.20150625","uZCwT0U74cc4zAWixWC02VvA8nPCmlhTtj1PbZ6Gli0=","invert bycatch",,,,,,,,,,"a0DIygQs4rguY6Ey57+V6npgK+c4E00t",
"6650e853-1799-4a45-b0c0-7d8045edc557","JORN_010.basePlot.bet","D14","JORN","JORN_010","S","2015-06-11","2015-06-25","2015-06-26","2015-09-08",,"JORN_010.S.20150625","7i+fBpY+jSAfQb1Q45XhLvel9vBtEbavpjV5UMO7Oug=","invert bycatch",,,,,,,,,,"kBwRTjEA1mS63L/R24fqUgENIHeTWseKYBGP9lkUz0A=",
"6ec23a81-494b-45bb-ae5a-0afac139b1b4","JORN_009.basePlot.bet","D14","JORN","JORN_009","S","2015-06-11","2015-06-25","2015-06-26","2015-08-04",,"JORN_009.S.20150625","y6i9xP3scmNpFh5h/MaSDx5/vthNwUuUZAIIFnGZxB8=","invert bycatch",,,,,,,,,,"kBwRTjEA1mS63L/R24fqUgENIHeTWseKYBGP9lkUz0A=",
"ff8e7bcf-7e86-420b-9410-80592ec20bdb","JORN_003.basePlot.bet","D14","JORN","JORN_003","S","2015-06-11","2015-06-25","2015-06-26","2015-07-10",,"JORN_003.S.20150625","vMYzv3M3ch16O1qnlnCBME+qlWUWEHEcbs3imCrg84c=","invert bycatch",,,,,,,,,,"a0DIygQs4rguY6Ey57+V6npgK+c4E00t",
"a335ad72-5cad-471c-8a5a-5b7504b9eb94","JORN_003.basePlot.bet","D14","JORN","JORN_003","S","2015-06-11","2015-06-25","2015-06-26","2015-07-10","2015-11-11","JORN_003.S.20150625","vMYzv3M3ch16O1qnlnCBMCA+O0SHv3IYx2kVVXTmCYs=","carabid","CARSP14","Carabidae sp.","family",,"Latreille","D14.2015.MorphH",1,"Arnett Jr., R. H., and M. C. Thomas. 2001. American Beetles Archosemata, Myxophaga, Adephaga, Polyphaga: Staphyliniformia. 1st Vol. (C. Press, Ed.). 1st Ed. Boca Raton, FL.","a0DIygQs4rguY6Ey57+V6npgK+c4E00t","a0DIygQs4rguY6Ey57+V6npgK+c4E00t","Pasimachus (Depressus group)"
"7f69c601-85ed-449c-a3b6-b4c420440cef","JORN_002.basePlot.bet","D14","JORN","JORN_002","S","2015-06-11","2015-06-25","2015-06-26","2015-07-10",,"JORN_002.S.20150625","2j1n+GhCoGYbKtaO6/sc4I+2zpNCsyLMTXIUwD9Fxtc=","invert bycatch",,,,,,,,,,"a0DIygQs4rguY6Ey57+V6npgK+c4E00t",
"ee196ef8-c27e-4b67-82a4-eb5221a0535d","JORN_008.basePlot.bet","D14","JORN","JORN_008","S","2015-06-11","2015-06-25","2015-06-26","2015-08-04",,"JORN_008.S.20150625","eTKs083kZ6HRIW4rsWXP+QOAEGjDZeMGN9BtSUrfhj8=","invert bycatch",,,,,,,,,,"kBwRTjEA1mS63L/R24fqUgENIHeTWseKYBGP9lkUz0A=",
"09378f5f-413e-4300-bb05-4a0898c9b1e3","JORN_007.basePlot.bet","D14","JORN","JORN_007","S","2015-06-11","2015-06-25","2015-06-26","2015-08-04",,"JORN_007.S.20150625","VAvCuiXwPETxg0tZ5sUq7LeIXn1OMcA1yH6ayUPO9FQ=","invert bycatch",,,,,,,,,,"a0DIygQs4rguY6Ey57+V6npgK+c4E00t",
"6dac3ee2-1155-4a17-a0ed-7669b551befb","JORN_001.basePlot.bet","D14","JORN","JORN_001","S","2015-06-11","2015-06-25","2015-06-26","2015-07-10",,"JORN_001.S.20150625","3v6e8eJloSoiVrNClBYfaSM4C+VoZnJLMMeuONMX5hM=","invert bycatch",,,,,,,,,,"a0DIygQs4rguY6Ey57+V6npgK+c4E00t",
"75a3743b-6c16-470e-b88d-b46ea0956806","JORN_005.basePlot.bet","D14","JORN","JORN_005","S","2015-06-11","2015-06-25","2015-06-26","2015-07-30",,"JORN_005.S.20150625","aOplpjduR3TmXJHEx02r69BrN9Jbu73a/UNpdDptqlI=","invert bycatch",,,,,,,,,,"a0DIygQs4rguY6Ey57+V6npgK+c4E00t",
"ee201bc0-822d-49c2-b65d-0e515030fb69","JORN_006.basePlot.bet","D14","JORN","JORN_006","S","2015-06-11","2015-06-25","2015-06-26","2015-08-04",,"JORN_006.S.20150625","Z5DETg5NA9CEkCEXAmtgfgE553lXqOGXZTcc3OCiMGI=","invert bycatch",,,,,,,,,,"a0DIygQs4rguY6Ey57+V6npgK+c4E00t",
"f21c2a22-7def-413c-b98f-7b3fb85898b5","JORN_004.basePlot.bet","D14","JORN","JORN_004","S","2015-06-11","2015-06-25","2015-06-26","2015-07-10",,"JORN_004.S.20150625","uZCwT0U74cdeoJMUGTEwgMxL0AHrr2V1sliUvACADBQ=","invert bycatch",,,,,,,,,,"a0DIygQs4rguY6Ey57+V6npgK+c4E00t",
"694aec91-9c11-45b2-b486-780d26629426","JORN_001.basePlot.bet","D14","JORN","JORN_001","W","2015-06-11","2015-06-25","2015-06-26","2015-07-10",,"JORN_001.W.20150625","3v6e8eJloSoWLu6C+JQGWOeEHHc6hBNOWFOOLylGHkg=","invert bycatch",,,,,,,,,,"a0DIygQs4rguY6Ey57+V6npgK+c4E00t",
"8b43f3aa-7924-4665-8026-cab6b0dc435b","JORN_005.basePlot.bet","D14","JORN","JORN_005","W","2015-06-11","2015-06-25","2015-06-26","2015-07-30",,"JORN_005.W.20150625","aOplpjduR3QaoG9NSRDTy9EtjFBDB2vc7EgeqVYVqCs=","invert bycatch",,,,,,,,,,"a0DIygQs4rguY6Ey57+V6npgK+c4E00t",
"929dcc7b-df03-48af-895e-cd3f6c9469ce","JORN_006.basePlot.bet","D14","JORN","JORN_006","W","2015-06-11","2015-06-25","2015-06-26","2015-08-04",,"JORN_006.W.20150625","Z5DETg5NA9A7xc+lpOlbnFQh1m+/wTPF23asNv7hI54=","invert bycatch",,,,,,,,,,"a0DIygQs4rguY6Ey57+V6npgK+c4E00t",
"e131740c-3663-4add-8996-0c39d5f03ace","JORN_004.basePlot.bet","D14","JORN","JORN_004","W","2015-06-11","2015-06-25","2015-06-26","2015-07-10",,"JORN_004.W.20150625","uZCwT0U74cfDCTgShBeUg81WZRd9We9+p10bEKtmqrA=","invert bycatch",,,,,,,,,,"a0DIygQs4rguY6Ey57+V6npgK+c4E00t",
"4fd5acac-e369-42a6-b9e8-5a4a88ab1625","JORN_009.basePlot.bet","D14","JORN","JORN_009","W","2015-06-11","2015-06-25","2015-06-26","2015-08-04",,"JORN_009.W.20150625","y6i9xP3scmPZuxPLs8eY93q7ZuGTWQULDDQF+m8tWQg=","invert bycatch",,,,,,,,,,"kBwRTjEA1mS63L/R24fqUgENIHeTWseKYBGP9lkUz0A=",
"cf0bc8e1-1603-47bc-8bfc-f96d5441229c","JORN_003.basePlot.bet","D14","JORN","JORN_003","W","2015-06-11","2015-06-25","2015-06-26","2015-07-10",,"JORN_003.W.20150625","vMYzv3M3ch3JSUow335Jr/FADfisdnNmZPR1vEwl2O0=","invert bycatch",,,,,,,,,,"a0DIygQs4rguY6Ey57+V6npgK+c4E00t",
"bbdfba7a-0de5-4e31-9791-9db2bd3f02fd","JORN_002.basePlot.bet","D14","JORN","JORN_002","W","2015-06-11","2015-06-25","2015-06-26","2015-07-10",,"JORN_002.W.20150625","2j1n+GhCoGZm/Y/uB1XvGmBacdTr6iS0rzOoza/sCNQ=","invert bycatch",,,,,,,,,,"a0DIygQs4rguY6Ey57+V6npgK+c4E00t",
"1de13c0e-9019-4e96-bdb2-64c5a6abdf5e","JORN_010.basePlot.bet","D14","JORN","JORN_010","W","2015-06-11","2015-06-25","2015-06-26","2015-09-08",,"JORN_010.W.20150625","7i+fBpY+jSB+S8xdtKEZFN4m0a/fEQNhKnXXlcaKnDs=","invert bycatch",,,,,,,,,,"kBwRTjEA1mS63L/R24fqUgENIHeTWseKYBGP9lkUz0A=",
"9adf9409-649e-4899-b786-d66306487f7b","JORN_007.basePlot.bet","D14","JORN","JORN_007","W","2015-06-11","2015-06-25","2015-06-26","2015-08-04",,"JORN_007.W.20150625","VAvCuiXwPER4RSqKIm38lRP0mSl0zS0alNab+Fgii6c=","invert bycatch",,,,,,,,,,"a0DIygQs4rguY6Ey57+V6npgK+c4E00t",
"8cdee85d-a541-42c7-804e-f03124992182","JORN_003.basePlot.bet","D14","JORN","JORN_003","E","2015-06-11","2015-06-25","2015-06-26","2015-07-10",,"JORN_003.E.20150625","vMYzv3M3ch1/iMAyM9rGqNWSpu46CWQHUh8nPcH05ec=","invert bycatch",,,,,,,,,,"a0DIygQs4rguY6Ey57+V6npgK+c4E00t",
