uid,namedLocation,domainID,siteID,plotID,setDate,collectDate,processingDate,subsampleIDList,archiveVialID,scientificName,recordedBy,remarks
"6f487492-64f7-4937-9fbb-a29894054ff6","CPER_010.basePlot.bet","D10","CPER","CPER_010","2014-08-28","2014-09-11","2015-01-06","DW9ihRbrMtmvPobIO2M1gdY3XIvkgL8UopCYwX4ywFuNH8bxeKy6rJrY3SjLYpyhKNzUB4vIabWhD6ZoR+smi903XXP0wkVjURcfX2npDdZixvYrQmgzE8cP98MFObmgOwuMtKREiBI=","DW9ihRbrMtm6aYU0h4KhVXFC5nCiypZP",,,
"86a70e69-7472-4a6b-9aaa-b19bc0eb9587","CPER_007.basePlot.bet","D10","CPER","CPER_007","2014-08-28","2014-09-11","2015-01-06","SOIi55Lib0LYzsUGlzN+UQPsavRY/nujOu2HoAo6SUl1gkDmgsJ/6COeRkqLH03TAc+QYzUf6Sb6I+ZdoqoJIpgtaRJ1Dr5V9tvYlliO5versBewvmzlhB/5iyMcTO8S3eF8UbLwyKY=","SOIi55Lib0IBNDIKGy6AtoX/fJTq84nz",,,
"546da428-080f-45bb-b9e9-8f5f78fa0e30","CPER_008.basePlot.bet","D10","CPER","CPER_008","2014-08-28","2014-09-11","2015-01-05","kqngcYlCVJ5/yy0K5RwrljIdXYD4FA01nKSwg1KAOyIqDtkGHHfqJ6K6j+NSZKUIDh+60aqkBNpuS4AwNCYW/acvxNIJyyAdxD7y8JlaQYTu1xRZQEZKOTZqMaVhBq5DAHDu9+Jagcc=","kqngcYlCVJ59FAICVJU0void9dl0gLKz",,,
"3b74bcda-dd4c-4ca6-85ba-72272a15966f","CPER_002.basePlot.bet","D10","CPER","CPER_002","2014-08-28","2014-09-11","2015-01-05","OMNGlFKVPvT/Qv6kdTf/EdMsVZdlnlAbn1cBiJP698ih23nXm9YDhysVMrTk5ykpUtEMPJd3bih8SCQtBBsHE3Nv7nX4eHEz6+ZSiX/hPbg=","OMNGlFKVPvS2NwU0/fTycl8VIRjo53OY",,,
"468fa3d7-e761-4e43-a43a-731b71f7bde8","CPER_003.basePlot.bet","D10","CPER","CPER_003","2014-08-28","2014-09-11","2015-01-05","omCPNZnkoGTaKCLsNHgAu1hmccC303Ul+6haXBBbSWCU+1tbulZCqidM0EjBYqq6QsTqNtfA+FWdIJHVHa8iLXsOLpOxPySeAarcRsRSugfsZc9v/7agsRm4h8+4Oijlag/DQRWnhF8=","omCPNZnkoGSK9VY4PCJCHoWczOcveeK7",,,
"fc0f1aa1-f75b-40c3-8bd1-61e927af78bc","CPER_004.basePlot.bet","D10","CPER","CPER_004","2014-08-28","2014-09-11","2015-01-06","eSCyThC0ZO6AdnvmPVs84PVkpAF9t8GBDFGeFXT1qd+BtIt2MQXJQmzxXjupRyqWGjaBmo28LnV4RTdFwrMxvmlsIqDn2hIoVqXLF/EBfvDctEocDqd08ruupdxAsdONhbX1K2kCleU=","eSCyThC0ZO7VUAE1rhDKdG0rfvIDNSDc",,,
"30966329-bb0c-4306-86dd-7b7e977e1325","CPER_001.basePlot.bet","D10","CPER","CPER_001","2014-08-28","2014-09-11","2015-01-06","BEtTVHT1LvFkg1c1Z4/4qpQ5eGiS5MMj0AUAij9I77JZCly7QPZnD1QQVEMyC/eLcYiKMbtwkn7FPoVR0r+JojyjZmcKHpAp/OwJMZ/7iUQ=","BEtTVHT1LvHKfdM4EmzXmYrPw1Y8e/t/",,,
"b489cc34-f7a6-4b41-9aab-59ba33b780ac","CPER_006.basePlot.bet","D10","CPER","CPER_006","2014-08-28","2014-09-11","2015-01-05","NHMCrMp+/ZWP5DIVL5LEXukRoF30WiAw7Jk4zlDu7+LSalAA3Brvjf13USAx3eOeXS3YHMYtwfrtQghvP8ed7iywKlM6cZaSWI8omPnEm0hhS5bbBlTFN8TZ5tU/PglZJiagIcOqK5I=","NHMCrMp+/ZVB6W2PtUYuKelCWSeJqvW/",,,
