uid,namedLocation,domainID,siteID,plotID,trapID,setDate,collectDate,processingDate,identifiedDate,subsampleID,individualID,taxonID,scientificName,taxonRank,identificationQualifier,scientificNameAuthorship,morphospeciesID,identificationReferences,totalLength,identifiedBy,recordedBy,remarks
"1e50b1c3-dde5-4c03-a641-a083d1668eae","TALL_005.basePlot.bet","D08","TALL","TALL_005","W","2015-05-28","2015-06-11","2015-10-27","2015-11-09","t0MQRG9cttn84sME5fvhS9Hpowze0NWH4OOSEhT1rqU=","NEON.BET.D08.000509","CYCCON2","Cyclotrachelus convivus","species",,"LeConte",,"Ciegler, J. C. 2000. Ground beetles and wrinkled bark beetles of South Carolina (Coleoptera: Geadephaga: Carabidae and Rhysodidae). Biota of South Carolina. Vol. 1. Clemson, S. Clemson University.",,"zAuTdQ8TLTOCAVE+XhtWnklq56XAz8bt","XIk3CMH/VT2ztcDIBBKNwssfFUwUsihU","This is a female specimen. A very similar species, C. sigillatus is known to occur in East Alabama. Upon dissection of a male aedeagus, it was apparent that it was C. convivus. This assumption is assumed for all subsequent specimens."
"d7e1d0ca-9290-44e4-b28d-714a08405880","TALL_007.basePlot.bet","D08","TALL","TALL_007","W","2015-05-28","2015-06-11","2015-10-27","2015-11-09","dCnpKCfrHjM/hvtsVfSMo6N83P2Oap6icQpn8C9Q5Ao=","NEON.BET.D08.000511","CYCCON2","Cyclotrachelus convivus","species",,"LeConte",,"Ciegler, J. C. 2000. Ground beetles and wrinkled bark beetles of South Carolina (Coleoptera: Geadephaga: Carabidae and Rhysodidae). Biota of South Carolina. Vol. 1. Clemson, S. Clemson University.",,"zAuTdQ8TLTOCAVE+XhtWnklq56XAz8bt","XIk3CMH/VT2ztcDIBBKNwssfFUwUsihU","This is a female specimen. A very similar species, C. sigillatus is known to occur in East Alabama. Upon dissection of a male aedeagus, it was apparent that it was C. convivus. This assumption is assumed for all subsequent specimens."
"24cfb9d7-240f-4dcb-9246-6847370c70f0","TALL_001.basePlot.bet","D08","TALL","TALL_001","S","2015-05-28","2015-06-11","2015-10-27","2015-11-09","oBD9lvhf20npI8cZ70R3dktjxNQaxHdnYaPHb9FnurA=","NEON.BET.D08.000506","CYCFRE","Cyclotrachelus freitagi","species",,"Bousquet",,"Freitag, R. 1969. A revision of the species of the genus Evarthrus LeConte. Quaestiones Entomologicae 5:89-212.",,"zAuTdQ8TLTOCAVE+XhtWnklq56XAz8bt","XIk3CMH/VT2ztcDIBBKNwssfFUwUsihU","Female specimen. A similar species, C. laevipennis, is known to occur in AL. Two male specimens were dissected and the extracted aedeagus depicted the features of C. freitagi."
"831353d9-f73f-4c1e-90a8-1d2e25c21856","TALL_003.basePlot.bet","D08","TALL","TALL_003","N","2015-05-28","2015-06-11","2015-10-27","2015-11-09","M7Kgwa5WKWqrWesoq5mPgYzflq9/rUt1yLqIAOt2uro=","NEON.BET.D08.000507","PASPUN","Pasimachus punctulatus","species",,"Haldeman",,"Ciegler, J. C. 2000. Ground beetles and wrinkled bark beetles of South Carolina (Coleoptera: Geadephaga: Carabidae and Rhysodidae). Biota of South Carolina. Vol. 1. Clemson, S. Clemson University.",,"zAuTdQ8TLTOCAVE+XhtWnklq56XAz8bt","XIk3CMH/VT2ztcDIBBKNwssfFUwUsihU","Female specimen. Males readily identified by dense brush of hair along metatibia. Females similar to P. depressus. An angular frontal ridge, stronger colors, and more arcuate mandible define females of this species."
"0a646423-d905-4723-9ba3-16a71282490f","TALL_004.basePlot.bet","D08","TALL","TALL_004","E","2015-05-28","2015-06-11","2015-10-27","2015-11-09","Qa/aVRg+qTMQ34Kp/t1IN9kvNxC7fFzVCc0WyNq4XeA=","NEON.BET.D08.000508","ANIRUS","Anisodactylus rusticus","species","cf. species","Say",,"Ciegler, J. C. 2000. Ground beetles and wrinkled bark beetles of South Carolina (Coleoptera: Geadephaga: Carabidae and Rhysodidae). Biota of South Carolina. Vol. 1. Clemson, S. Clemson University.",,"zAuTdQ8TLTOCAVE+XhtWnklq56XAz8bt","XIk3CMH/VT2ztcDIBBKNwssfFUwUsihU","This is a female specimen."
"ed53ce64-1371-411f-9373-596fb305cb75","TALL_007.basePlot.bet","D08","TALL","TALL_007","W","2015-05-28","2015-06-11","2015-10-27","2015-11-09","dCnpKCfrHjM/hvtsVfSMo6N83P2Oap6icQpn8C9Q5Ao=","NEON.BET.D08.000510","CYCCON2","Cyclotrachelus convivus","species",,"LeConte",,"Ciegler, J. C. 2000. Ground beetles and wrinkled bark beetles of South Carolina (Coleoptera: Geadephaga: Carabidae and Rhysodidae). Biota of South Carolina. Vol. 1. Clemson, S. Clemson University.",,"zAuTdQ8TLTOCAVE+XhtWnklq56XAz8bt","XIk3CMH/VT2ztcDIBBKNwssfFUwUsihU","this is a male specimen. A very similar species, C. sigillatus is known to occur in East Alabama. Upon dissection of a male aedeagus, it was apparent that it was C. convivus. This assumption is assumed for all subsequent specimens."
"94893f91-13a2-43e0-8e0d-8dbac178a7c7","TALL_003.basePlot.bet","D08","TALL","TALL_003","N","2015-06-11","2015-06-25","2015-10-27","2015-11-09","M7Kgwa5WKWqrWesoq5mPgZKtyQUcK2Q8z+Tt8Z7nBpQ=","NEON.BET.D08.000516","CYCCON2","Cyclotrachelus convivus","species",,"LeConte",,"Ciegler, J. C. 2000. Ground beetles and wrinkled bark beetles of South Carolina (Coleoptera: Geadephaga: Carabidae and Rhysodidae). Biota of South Carolina. Vol. 1. Clemson, S. Clemson University.",,"zAuTdQ8TLTOCAVE+XhtWnklq56XAz8bt","XIk3CMH/VT2ztcDIBBKNwssfFUwUsihU","Female Specimen. A very similar species, C. sigillatus is known to occur in East Alabama. Upon dissection of a male aedeagus, it was apparent that it was C. convivus. This assumption is assumed for all subsequent specimens."
"178c43db-121c-4093-a0a8-9f0a52764b72","TALL_013.basePlot.bet","D08","TALL","TALL_013","S","2015-06-11","2015-06-25","2015-10-27","2015-11-09","636VT4a85rArrCnw6ZkXOR3pyt1qmclnJm2JDwK0v6o=","NEON.BET.D08.000526","CYCCON2","Cyclotrachelus convivus","species",,"LeConte",,"Ciegler, J. C. 2000. Ground beetles and wrinkled bark beetles of South Carolina (Coleoptera: Geadephaga: Carabidae and Rhysodidae). Biota of South Carolina. Vol. 1. Clemson, S. Clemson University.",,"zAuTdQ8TLTOCAVE+XhtWnklq56XAz8bt","XIk3CMH/VT2ztcDIBBKNwssfFUwUsihU","Female specimne. A very similar species, C. sigillatus is known to occur in East Alabama. Upon dissection of a male aedeagus, it was apparent that it was C. convivus. This assumption is assumed for all subsequent specimens."
"dfbd0f21-5ef8-45b0-a990-0009269cd092","TALL_008.basePlot.bet","D08","TALL","TALL_008","S","2015-06-11","2015-06-25","2015-10-27","2015-11-09","ohyOCuNZZNFdquYt5s/i7zBvupIg9g/2hY9REYmmJAA=","NEON.BET.D08.000523","CYCCON2","Cyclotrachelus convivus","species",,"LeConte",,"Ciegler, J. C. 2000. Ground beetles and wrinkled bark beetles of South Carolina (Coleoptera: Geadephaga: Carabidae and Rhysodidae). Biota of South Carolina. Vol. 1. Clemson, S. Clemson University.",,"zAuTdQ8TLTOCAVE+XhtWnklq56XAz8bt","XIk3CMH/VT2ztcDIBBKNwssfFUwUsihU","Female specimen. A very similar species, C. sigillatus is known to occur in East Alabama. Upon dissection of a male aedeagus, it was apparent that it was C. convivus. This assumption is assumed for all subsequent specimens."
"dece9809-93ef-410c-a9ab-12998238a476","TALL_007.basePlot.bet","D08","TALL","TALL_007","S","2015-06-11","2015-06-25","2015-10-27","2015-11-09","dCnpKCfrHjO2ohNKhv+kxj9433dml4/shTvxFetcKOw=","NEON.BET.D08.000521","CYCCON2","Cyclotrachelus convivus","species",,"LeConte",,"Ciegler, J. C. 2000. Ground beetles and wrinkled bark beetles of South Carolina (Coleoptera: Geadephaga: Carabidae and Rhysodidae). Biota of South Carolina. Vol. 1. Clemson, S. Clemson University.",,"zAuTdQ8TLTOCAVE+XhtWnklq56XAz8bt","XIk3CMH/VT2ztcDIBBKNwssfFUwUsihU","Female Specimen. A very similar species, C. sigillatus is known to occur in East Alabama. Upon dissection of a male aedeagus, it was apparent that it was C. convivus. This assumption is assumed for all subsequent specimens."
"839982c3-aba1-4831-8977-091498e71154","TALL_007.basePlot.bet","D08","TALL","TALL_007","S","2015-06-11","2015-06-25","2015-10-27","2015-11-09","dCnpKCfrHjO2ohNKhv+kxisupUxpbq9WiH1KjkZlQMA=","NEON.BET.D08.000522","CYCFRE","Cyclotrachelus freitagi","species",,"Bousquet",,"Freitag, R. 1969. A revision of the species of the genus Evarthrus LeConte. Quaestiones Entomologicae 5:89-212.",,"zAuTdQ8TLTOCAVE+XhtWnklq56XAz8bt","XIk3CMH/VT2ztcDIBBKNwssfFUwUsihU","Female Specimen. A similar species, C. laevipennis, is known to occur in AL. Two male specimens were dissected and the extracted aedeagus depicted the features of C. freitagi."
"84b014f7-ae23-411a-b420-dbf118f90794","TALL_005.basePlot.bet","D08","TALL","TALL_005","W","2015-06-11","2015-06-25","2015-10-27","2015-11-09","t0MQRG9cttn84sME5fvhSwtc0D/U/x6tu2GMMN5u89Y=","NEON.BET.D08.000520","CYCCON2","Cyclotrachelus convivus","species",,"LeConte",,"Ciegler, J. C. 2000. Ground beetles and wrinkled bark beetles of South Carolina (Coleoptera: Geadephaga: Carabidae and Rhysodidae). Biota of South Carolina. Vol. 1. Clemson, S. Clemson University.",,"zAuTdQ8TLTOCAVE+XhtWnklq56XAz8bt","XIk3CMH/VT2ztcDIBBKNwssfFUwUsihU","Male specimen. A very similar species, C. sigillatus is known to occur in East Alabama. Upon dissection of a male aedeagus, it was apparent that it was C. convivus. This assumption is assumed for all subsequent specimens."
"32069b6e-f8e1-43e1-bba9-7ae44efc53ed","TALL_008.basePlot.bet","D08","TALL","TALL_008","W","2015-06-11","2015-06-25","2015-10-27","2015-11-09","ohyOCuNZZNEBM3XMtzFNpHL8ef+LuxNh7EuVPKPgcJY=","NEON.BET.D08.000524","CYCCON2","Cyclotrachelus convivus","species",,"LeConte",,"Ciegler, J. C. 2000. Ground beetles and wrinkled bark beetles of South Carolina (Coleoptera: Geadephaga: Carabidae and Rhysodidae). Biota of South Carolina. Vol. 1. Clemson, S. Clemson University.",,"zAuTdQ8TLTOCAVE+XhtWnklq56XAz8bt","XIk3CMH/VT2ztcDIBBKNwssfFUwUsihU","Female specimen. A very similar species, C. sigillatus is known to occur in East Alabama. Upon dissection of a male aedeagus, it was apparent that it was C. convivus. This assumption is assumed for all subsequent specimens."
"accbbc4e-cd56-4408-9c23-96b58283489d","TALL_008.basePlot.bet","D08","TALL","TALL_008","W","2015-06-11","2015-06-25","2015-10-27","2015-11-09","ohyOCuNZZNEBM3XMtzFNpHL8ef+LuxNh7EuVPKPgcJY=","NEON.BET.D08.000525","CYCCON2","Cyclotrachelus convivus","species",,"LeConte",,"Ciegler, J. C. 2000. Ground beetles and wrinkled bark beetles of South Carolina (Coleoptera: Geadephaga: Carabidae and Rhysodidae). Biota of South Carolina. Vol. 1. Clemson, S. Clemson University.",,"zAuTdQ8TLTOCAVE+XhtWnklq56XAz8bt","XIk3CMH/VT2ztcDIBBKNwssfFUwUsihU","Male specimen. A very similar species, C. sigillatus is known to occur in East Alabama. Upon dissection of a male aedeagus, it was apparent that it was C. convivus. This assumption is assumed for all subsequent specimens."
"87caf509-086c-4cee-b5f6-d4c69a82fdc2","TALL_003.basePlot.bet","D08","TALL","TALL_003","W","2015-06-11","2015-06-25","2015-10-27","2015-11-09","M7Kgwa5WKWqS2QdVp6fZS/4ztQ+cQaEe4H2lobUYIcY=","NEON.BET.D08.000515","SELOPA","Selenophorus opalinus","species",,"LeConte",,"Bousquet, Y. 2010b. Illustrated Identification Guide to Adults and Larvae of Northeastern North American Ground Beetles (Coleoptera: Carabidae). 1st Ed. Pensoft Publishers, Sofia, Bulgaria.",,"zAuTdQ8TLTOCAVE+XhtWnklq56XAz8bt","XIk3CMH/VT2ztcDIBBKNwssfFUwUsihU","Female specimen."
"2f90e6dc-3b2d-4c25-8ebc-c7b925ca6237","TALL_013.basePlot.bet","D08","TALL","TALL_013","N","2015-06-11","2015-06-25","2015-10-27","2015-11-09","636VT4a85rByZVuvIkUOuIU3fyGN590pV+q/COEQxh0=","NEON.BET.D08.000528","CYCCON2","Cyclotrachelus convivus","species",,"LeConte",,"Ciegler, J. C. 2000. Ground beetles and wrinkled bark beetles of South Carolina (Coleoptera: Geadephaga: Carabidae and Rhysodidae). Biota of South Carolina. Vol. 1. Clemson, S. Clemson University.",,"zAuTdQ8TLTOCAVE+XhtWnklq56XAz8bt","XIk3CMH/VT2ztcDIBBKNwssfFUwUsihU","Female specimen. A very similar species, C. sigillatus is known to occur in East Alabama. Upon dissection of a male aedeagus, it was apparent that it was C. convivus. This assumption is assumed for all subsequent specimens."
"ae9027cf-60a3-4dc9-a746-0df923bf27fa","TALL_005.basePlot.bet","D08","TALL","TALL_005","N","2015-06-11","2015-06-25","2015-10-27","2015-11-09","t0MQRG9cttmC7a0kHca4Un6THhdRFEATILf6r6Q9Evw=","NEON.BET.D08.000519","CYCCON2","Cyclotrachelus convivus","species",,"LeConte",,"Ciegler, J. C. 2000. Ground beetles and wrinkled bark beetles of South Carolina (Coleoptera: Geadephaga: Carabidae and Rhysodidae). Biota of South Carolina. Vol. 1. Clemson, S. Clemson University.",,"zAuTdQ8TLTOCAVE+XhtWnklq56XAz8bt","XIk3CMH/VT2ztcDIBBKNwssfFUwUsihU","Female specimen. A very similar species, C. sigillatus is known to occur in East Alabama. Upon dissection of a male aedeagus, it was apparent that it was C. convivus. This assumption is assumed for all subsequent specimens."
"7c4532d7-8a4e-42dd-a286-d1b9e1929a25","TALL_013.basePlot.bet","D08","TALL","TALL_013","N","2015-06-11","2015-06-25","2015-10-27","2015-11-09","636VT4a85rByZVuvIkUOuHkCdc7lyzvWeSO2XYatzfs=","NEON.BET.D08.000527","CYLUNI","Cylindera unipunctata","species",,"Fabricius",,"Ciegler, J. C. 2000. Ground beetles and wrinkled bark beetles of South Carolina (Coleoptera: Geadephaga: Carabidae and Rhysodidae). Biota of South Carolina. Vol. 1. Clemson, S. Clemson University.",,"zAuTdQ8TLTOCAVE+XhtWnklq56XAz8bt","XIk3CMH/VT2ztcDIBBKNwssfFUwUsihU","Female Specimen."
"f5d60102-ee28-4c66-ab3b-7f08cfd5893f","TALL_002.basePlot.bet","D08","TALL","TALL_002","E","2015-06-11","2015-06-25","2015-10-27","2015-11-09","GD+N/FshctzWyfHyhU8QGbIe/RZJwGB2Kfj5W7aAUZ0=","NEON.BET.D08.000514","CYCCON2","Cyclotrachelus convivus","species",,"LeConte",,"Ciegler, J. C. 2000. Ground beetles and wrinkled bark beetles of South Carolina (Coleoptera: Geadephaga: Carabidae and Rhysodidae). Biota of South Carolina. Vol. 1. Clemson, S. Clemson University.",,"zAuTdQ8TLTOCAVE+XhtWnklq56XAz8bt","XIk3CMH/VT2ztcDIBBKNwssfFUwUsihU","Female specimen. A very similar species, C. sigillatus is known to occur in East Alabama. Upon dissection of a male aedeagus, it was apparent that it was C. convivus. This assumption is assumed for all subsequent specimens."
"a06136de-00c7-4833-a3b8-e8a6c0d2e893","TALL_001.basePlot.bet","D08","TALL","TALL_001","E","2015-06-11","2015-06-25","2015-10-27","2015-11-09","oBD9lvhf20kgd0pTgiuH+tlQhC3Sz+e3F7TSPWITCsU=","NEON.BET.D08.000513","PASPUN","Pasimachus punctulatus","species",,"Haldeman",,"Ciegler, J. C. 2000. Ground beetles and wrinkled bark beetles of South Carolina (Coleoptera: Geadephaga: Carabidae and Rhysodidae). Biota of South Carolina. Vol. 1. Clemson, S. Clemson University.",,"zAuTdQ8TLTOCAVE+XhtWnklq56XAz8bt","XIk3CMH/VT2ztcDIBBKNwssfFUwUsihU","This is a female specimen. Males readily identified by dense brush of hair along metatibia. Females similar to P. depressus. An angular frontal ridge, stronger colors, and more arcuate mandible define females of this species."
"c7a922d7-f455-43e5-858e-18c6b4cbe85d","TALL_003.basePlot.bet","D08","TALL","TALL_003","E","2015-06-11","2015-06-25","2015-10-27","2015-11-09","M7Kgwa5WKWrCTQ83YbBjPVMGcDGeZsKiQyvHe8gmX7U=","NEON.BET.D08.000518","CRADUB","Cratacanthus dubius","species",,"Palisot de Beauvois",,"Ciegler, J. C. 2000. Ground beetles and wrinkled bark beetles of South Carolina (Coleoptera: Geadephaga: Carabidae and Rhysodidae). Biota of South Carolina. Vol. 1. Clemson, S. Clemson University.",,"zAuTdQ8TLTOCAVE+XhtWnklq56XAz8bt","XIk3CMH/VT2ztcDIBBKNwssfFUwUsihU","This is a female specimen."
"a8046ec1-000a-4a88-83e9-49f8b8d54113","TALL_003.basePlot.bet","D08","TALL","TALL_003","N","2015-06-11","2015-06-25","2015-10-27","2015-11-09","M7Kgwa5WKWqrWesoq5mPgZKtyQUcK2Q8z+Tt8Z7nBpQ=","NEON.BET.D08.000517","CYCCON2","Cyclotrachelus convivus","species",,"LeConte",,"Ciegler, J. C. 2000. Ground beetles and wrinkled bark beetles of South Carolina (Coleoptera: Geadephaga: Carabidae and Rhysodidae). Biota of South Carolina. Vol. 1. Clemson, S. Clemson University.",,"zAuTdQ8TLTOCAVE+XhtWnklq56XAz8bt","XIk3CMH/VT2ztcDIBBKNwssfFUwUsihU","Male Specimen. A very similar species, C. sigillatus is known to occur in East Alabama. Upon dissection of a male aedeagus, it was apparent that it was C. convivus. This assumption is assumed for all subsequent specimens."
