uid,namedLocation,domainID,siteID,plotID,setDate,collectDate,identifiedDate,individualID,taxonID,kingdom,phylum,class,order,family,subfamily,tribe,genus,subgenus,specificEpithet,infraspecificEpithet,scientificName,scientificNameAuthorship,taxonRank,identificationQualifier,sex,morphospeciesID,identificationReferences,identifiedBy,laboratoryName,identificationRemarks,sampleCondition,dnaBarcoded,geneticSampleID,remarks
"fe394801-0061-40ec-8521-090237008132","TALL_004.basePlot.bet","D08","TALL","TALL_004","2015-05-28","2015-06-11","2017-01-15","NEON.BET.D08.000508","ANIMER2","Animalia","Arthropoda","Insecta","Coleoptera","Carabidae","Harpalinae","Harpalini","Anisodactylus","Gynandrotarsus","merula",,"Anisodactylus merula","Germar","species",,"F",,"Lindroth, C. H. 1969. The ground-beetles (Carabidae, excl. Cicindelinae) of Canada and Alaska, parts 1-6. Opuscula E. Entomoligiska Sallskapet.","Kipling Will","Essig Museum of Entomology","lacks elytral humeral denticle","No known compromise","N",,
"c515d480-09fb-4e68-9449-e73700a10b94","TALL_007.basePlot.bet","D08","TALL","TALL_007","2015-05-28","2015-06-11","2017-01-15","NEON.BET.D08.000511","CYCCON2","Animalia","Arthropoda","Insecta","Coleoptera","Carabidae","Harpalinae","Pterostichini","Cyclotrachelus","Evarthrus","convivus",,"Cyclotrachelus convivus","LeConte","species",,"F",,"Freitag, R. 1969. A revision of the species of the genus Evarthrus LeConte. Quaestiones Entomologicae 5:89-212.","Kipling Will","Essig Museum of Entomology",,"No known compromise","N",,
"4e751465-66c6-44ac-a7c5-6c8d2cf4f97f","TALL_001.basePlot.bet","D08","TALL","TALL_001","2015-05-28","2015-06-11","2017-01-15","NEON.BET.D08.000506","CYCFRE","Animalia","Arthropoda","Insecta","Coleoptera","Carabidae","Harpalinae","Pterostichini","Cyclotrachelus","Cyclotrachelus","freitagi",,"Cyclotrachelus freitagi","Bousquet","species",,"F",,"Freitag, R. 1969. A revision of the species of the genus Evarthrus LeConte. Quaestiones Entomologicae 5:89-212.","Kipling Will","Essig Museum of Entomology",,"No known compromise","N",,
"f885eecc-c338-4705-a8d8-21ec4a773d47","TALL_003.basePlot.bet","D08","TALL","TALL_003","2015-05-28","2015-06-11","2017-01-15","NEON.BET.D08.000507","PASPUN","Animalia","Arthropoda","Insecta","Coleoptera","Carabidae","Scaritinae","Pasimachini","Pasimachus","Pasimachus","punctulatus",,"Pasimachus punctulatus","Haldeman","species",,"F",,"Banninger, M. 1950. The subtribe Pasimachina (Coleoptera, Carabidae, Scaritini). Revista de Entomologica 21:481-511.","Kipling Will","Essig Museum of Entomology",,"No known compromise","N",,
"0f4f4f4e-ad6b-462b-965f-bb90ccbf09e7","TALL_007.basePlot.bet","D08","TALL","TALL_007","2015-05-28","2015-06-11","2017-01-15","NEON.BET.D08.000510","CYCCON2","Animalia","Arthropoda","Insecta","Coleoptera","Carabidae","Harpalinae","Pterostichini","Cyclotrachelus","Evarthrus","convivus",,"Cyclotrachelus convivus","LeConte","species",,"M",,"Freitag, R. 1969. A revision of the species of the genus Evarthrus LeConte. Quaestiones Entomologicae 5:89-212.","Kipling Will","Essig Museum of Entomology",,"No known compromise","N",,
"e791bdf0-612f-40e4-bd24-8825f813c85d","TALL_005.basePlot.bet","D08","TALL","TALL_005","2015-05-28","2015-06-11","2017-01-15","NEON.BET.D08.000509","CYCCON2","Animalia","Arthropoda","Insecta","Coleoptera","Carabidae","Harpalinae","Pterostichini","Cyclotrachelus","Evarthrus","convivus",,"Cyclotrachelus convivus","LeConte","species",,"F",,"Freitag, R. 1969. A revision of the species of the genus Evarthrus LeConte. Quaestiones Entomologicae 5:89-212.","Kipling Will","Essig Museum of Entomology",,"No known compromise","N",,
"840355fd-ddbe-49fe-8f09-0986eafd7a56","TALL_007.basePlot.bet","D08","TALL","TALL_007","2015-06-11","2015-06-25","2017-01-15","NEON.BET.D08.000521","CYCCON2","Animalia","Arthropoda","Insecta","Coleoptera","Carabidae","Harpalinae","Pterostichini","Cyclotrachelus","Evarthrus","convivus",,"Cyclotrachelus convivus","LeConte","species",,"F",,"Freitag, R. 1969. A revision of the species of the genus Evarthrus LeConte. Quaestiones Entomologicae 5:89-212.","Kipling Will","Essig Museum of Entomology",,"No known compromise","N",,
"719aa0e1-056c-45b2-baaa-f1fda90a1a6f","TALL_002.basePlot.bet","D08","TALL","TALL_002","2015-06-11","2015-06-25","2017-01-15","NEON.BET.D08.000514","CYCCON2","Animalia","Arthropoda","Insecta","Coleoptera","Carabidae","Harpalinae","Pterostichini","Cyclotrachelus","Evarthrus","convivus",,"Cyclotrachelus convivus","LeConte","species",,"F",,"Freitag, R. 1969. A revision of the species of the genus Evarthrus LeConte. Quaestiones Entomologicae 5:89-212.","Kipling Will","Essig Museum of Entomology",,"No known compromise","N",,
"eb1ac2e8-0632-478e-8711-f7425f3b358c","TALL_013.basePlot.bet","D08","TALL","TALL_013","2015-06-11","2015-06-25","2017-01-15","NEON.BET.D08.000527","CYLUNI","Animalia","Arthropoda","Insecta","Coleoptera","Carabidae","Cicindelinae","Cicindelini","Cylindera","Cylindera","unipunctata",,"Cylindera unipunctata","Fabricius","species",,"F",,"Pearson, D., C. B. Knisley, and C. J. Kazilek. 2006. A Field Guide to the Tiger Beetles of the United States and Canada: Identification, Natural History, and Distribution of the Cicindelidae. Oxford University Press, New York.","Kipling Will","Essig Museum of Entomology",,"No known compromise","N",,
"5c5dfff1-6750-44ae-bbaf-01ab6227286b","TALL_013.basePlot.bet","D08","TALL","TALL_013","2015-06-11","2015-06-25","2017-01-15","NEON.BET.D08.000526","CYCCON2","Animalia","Arthropoda","Insecta","Coleoptera","Carabidae","Harpalinae","Pterostichini","Cyclotrachelus","Evarthrus","convivus",,"Cyclotrachelus convivus","LeConte","species",,"F",,"Freitag, R. 1969. A revision of the species of the genus Evarthrus LeConte. Quaestiones Entomologicae 5:89-212.","Kipling Will","Essig Museum of Entomology",,"No known compromise","N",,
"64e2c284-0144-4cc0-92cc-9c6dc6f4dec9","TALL_013.basePlot.bet","D08","TALL","TALL_013","2015-06-11","2015-06-25","2017-01-15","NEON.BET.D08.000528","CYCCON2","Animalia","Arthropoda","Insecta","Coleoptera","Carabidae","Harpalinae","Pterostichini","Cyclotrachelus","Evarthrus","convivus",,"Cyclotrachelus convivus","LeConte","species",,"F",,"Freitag, R. 1969. A revision of the species of the genus Evarthrus LeConte. Quaestiones Entomologicae 5:89-212.","Kipling Will","Essig Museum of Entomology",,"No known compromise","N",,
"c63d4904-dc23-442b-9338-07ef84869915","TALL_003.basePlot.bet","D08","TALL","TALL_003","2015-06-11","2015-06-25","2017-01-15","NEON.BET.D08.000515","SELOPA","Animalia","Arthropoda","Insecta","Coleoptera","Carabidae","Harpalinae","Harpalini","Selenophorus","Selenophorus","opalinus",,"Selenophorus opalinus","LeConte","species",,"M",,"Lindroth, C. H. 1969. The ground-beetles (Carabidae, excl. Cicindelinae) of Canada and Alaska, parts 1-6. Opuscula E. Entomoligiska Sallskapet.","Kipling Will","Essig Museum of Entomology",,"No known compromise","N",,
"9fd4cfc8-2e3f-470d-98d3-53f7f085e94b","TALL_003.basePlot.bet","D08","TALL","TALL_003","2015-06-11","2015-06-25","2017-01-15","NEON.BET.D08.000516","CYCCON2","Animalia","Arthropoda","Insecta","Coleoptera","Carabidae","Harpalinae","Pterostichini","Cyclotrachelus","Evarthrus","convivus",,"Cyclotrachelus convivus","LeConte","species",,"F",,"Freitag, R. 1969. A revision of the species of the genus Evarthrus LeConte. Quaestiones Entomologicae 5:89-212.","Kipling Will","Essig Museum of Entomology",,"No known compromise","N",,
"5c154e6e-8585-47d0-b20e-f62a86d5bc70","TALL_003.basePlot.bet","D08","TALL","TALL_003","2015-06-11","2015-06-25","2017-01-15","NEON.BET.D08.000517","CYCCON2","Animalia","Arthropoda","Insecta","Coleoptera","Carabidae","Harpalinae","Pterostichini","Cyclotrachelus","Evarthrus","convivus",,"Cyclotrachelus convivus","LeConte","species",,"M",,"Freitag, R. 1969. A revision of the species of the genus Evarthrus LeConte. Quaestiones Entomologicae 5:89-212.","Kipling Will","Essig Museum of Entomology",,"No known compromise","N",,
"57f922cc-a4db-4ec9-8404-4839a525ec45","TALL_003.basePlot.bet","D08","TALL","TALL_003","2015-06-11","2015-06-25","2017-01-15","NEON.BET.D08.000518","CRADUB","Animalia","Arthropoda","Insecta","Coleoptera","Carabidae","Harpalinae","Harpalini","Cratacanthus",,"dubius",,"Cratacanthus dubius","Palisot de Beauvois","species",,"F",,"Lindroth, C. H. 1969. The ground-beetles (Carabidae, excl. Cicindelinae) of Canada and Alaska, parts 1-6. Opuscula E. Entomoligiska Sallskapet.","Kipling Will","Essig Museum of Entomology",,"No known compromise","N",,
"cc1fe356-6ba9-4cf2-8119-44f49edf37b6","TALL_007.basePlot.bet","D08","TALL","TALL_007","2015-06-11","2015-06-25","2017-01-15","NEON.BET.D08.000522","CYCFRE","Animalia","Arthropoda","Insecta","Coleoptera","Carabidae","Harpalinae","Pterostichini","Cyclotrachelus","Cyclotrachelus","freitagi",,"Cyclotrachelus freitagi","Bousquet","species",,"F",,"Freitag, R. 1969. A revision of the species of the genus Evarthrus LeConte. Quaestiones Entomologicae 5:89-212.","Kipling Will","Essig Museum of Entomology",,"No known compromise","N",,
"e2f41ac7-abeb-4bf9-8bfe-e9634b92b960","TALL_001.basePlot.bet","D08","TALL","TALL_001","2015-06-11","2015-06-25","2017-01-15","NEON.BET.D08.000513","PASPUN","Animalia","Arthropoda","Insecta","Coleoptera","Carabidae","Scaritinae","Pasimachini","Pasimachus","Pasimachus","punctulatus",,"Pasimachus punctulatus","Haldeman","species",,"F",,"Banninger, M. 1950. The subtribe Pasimachina (Coleoptera, Carabidae, Scaritini). Revista de Entomologica 21:481-511.","Kipling Will","Essig Museum of Entomology",,"No known compromise","N",,
"7857e4c9-0822-4e12-8eee-b6fcee6c3c02","TALL_005.basePlot.bet","D08","TALL","TALL_005","2015-06-11","2015-06-25","2017-01-15","NEON.BET.D08.000519","CYCCON2","Animalia","Arthropoda","Insecta","Coleoptera","Carabidae","Harpalinae","Pterostichini","Cyclotrachelus","Evarthrus","convivus",,"Cyclotrachelus convivus","LeConte","species",,"F",,"Freitag, R. 1969. A revision of the species of the genus Evarthrus LeConte. Quaestiones Entomologicae 5:89-212.","Kipling Will","Essig Museum of Entomology",,"No known compromise","N",,
"b1137ed3-c69a-4962-ac5b-7cfd94a60ca1","TALL_005.basePlot.bet","D08","TALL","TALL_005","2015-06-11","2015-06-25","2017-01-15","NEON.BET.D08.000520","CYCCON2","Animalia","Arthropoda","Insecta","Coleoptera","Carabidae","Harpalinae","Pterostichini","Cyclotrachelus","Evarthrus","convivus",,"Cyclotrachelus convivus","LeConte","species",,"M",,"Freitag, R. 1969. A revision of the species of the genus Evarthrus LeConte. Quaestiones Entomologicae 5:89-212.","Kipling Will","Essig Museum of Entomology",,"No known compromise","N",,
"6ef8cbed-e65d-47ea-8fab-022fbfd6ef50","TALL_008.basePlot.bet","D08","TALL","TALL_008","2015-06-11","2015-06-25","2017-01-15","NEON.BET.D08.000525","CYCCON2","Animalia","Arthropoda","Insecta","Coleoptera","Carabidae","Harpalinae","Pterostichini","Cyclotrachelus","Evarthrus","convivus",,"Cyclotrachelus convivus","LeConte","species",,"M",,"Freitag, R. 1969. A revision of the species of the genus Evarthrus LeConte. Quaestiones Entomologicae 5:89-212.","Kipling Will","Essig Museum of Entomology",,"No known compromise","N",,
"9857e980-9d52-4b48-9135-949ab9963b38","TALL_008.basePlot.bet","D08","TALL","TALL_008","2015-06-11","2015-06-25","2017-01-15","NEON.BET.D08.000524","CYCCON2","Animalia","Arthropoda","Insecta","Coleoptera","Carabidae","Harpalinae","Pterostichini","Cyclotrachelus","Evarthrus","convivus",,"Cyclotrachelus convivus","LeConte","species",,"F",,"Freitag, R. 1969. A revision of the species of the genus Evarthrus LeConte. Quaestiones Entomologicae 5:89-212.","Kipling Will","Essig Museum of Entomology",,"No known compromise","N",,
"1ad578a5-9e3c-4356-a9a4-a76f00d8546b","TALL_008.basePlot.bet","D08","TALL","TALL_008","2015-06-11","2015-06-25","2017-01-15","NEON.BET.D08.000523","CYCCON2","Animalia","Arthropoda","Insecta","Coleoptera","Carabidae","Harpalinae","Pterostichini","Cyclotrachelus","Evarthrus","convivus",,"Cyclotrachelus convivus","LeConte","species",,"F",,"Freitag, R. 1969. A revision of the species of the genus Evarthrus LeConte. Quaestiones Entomologicae 5:89-212.","Kipling Will","Essig Museum of Entomology",,"No known compromise","N",,
