uid,namedLocation,domainID,siteID,plotID,setDate,collectDate,identifiedDate,individualID,taxonID,kingdom,phylum,class,order,family,subfamily,tribe,genus,subgenus,specificEpithet,infraspecificEpithet,scientificName,scientificNameAuthorship,taxonRank,identificationQualifier,sex,morphospeciesID,identificationReferences,identifiedBy,laboratoryName,identificationRemarks,sampleCondition,dnaBarcoded,geneticSampleID,remarks
"77add4f0-80e7-4763-bc1e-e5825a621f57","STER_034.basePlot.bet","D10","STER","STER_034","2015-06-25","2015-07-09","2017-01-15","NEON.BET.D10.004795","ANICAR2","Animalia","Arthropoda","Insecta","Coleoptera","Carabidae","Harpalinae","Harpalini","Anisodactylus","Anisodactylus","carbonarius",,"Anisodactylus carbonarius","Say","species",,"F",,"Lindroth, C. H. 1969. The ground-beetles (Carabidae, excl. Cicindelinae) of Canada and Alaska, parts 1-6. Opuscula E. Entomoligiska Sallskapet.","Kipling Will","Essig Museum of Entomology",,"No known compromise","N",,
"8c125dba-0e3c-46d3-8823-3804af349003","STER_034.basePlot.bet","D10","STER","STER_034","2015-06-25","2015-07-09","2017-01-15","NEON.BET.D10.004794","ANICAR2","Animalia","Arthropoda","Insecta","Coleoptera","Carabidae","Harpalinae","Harpalini","Anisodactylus","Anisodactylus","carbonarius",,"Anisodactylus carbonarius","Say","species",,"F",,"Lindroth, C. H. 1969. The ground-beetles (Carabidae, excl. Cicindelinae) of Canada and Alaska, parts 1-6. Opuscula E. Entomoligiska Sallskapet.","Kipling Will","Essig Museum of Entomology",,"No known compromise","N",,
"a8c90cd8-1c42-4bd6-8e48-fdaadc278e9c","STER_034.basePlot.bet","D10","STER","STER_034","2015-06-25","2015-07-09","2017-01-15","NEON.BET.D10.005220","AMACON3","Animalia","Arthropoda","Insecta","Coleoptera","Carabidae","Harpalinae","Zabrini","Amara","Amara","convexa",,"Amara convexa","LeConte","species",,"F",,"Lindroth, C. H. 1969. The ground-beetles (Carabidae, excl. Cicindelinae) of Canada and Alaska, parts 1-6. Opuscula E. Entomoligiska Sallskapet.","Kipling Will","Essig Museum of Entomology",,"No known compromise","N",,
"c387e90d-2c1f-4b4c-ae27-d7be249db353","STER_034.basePlot.bet","D10","STER","STER_034","2015-06-25","2015-07-09","2017-01-15","NEON.BET.D10.005216","AMAFAR","Animalia","Arthropoda","Insecta","Coleoptera","Carabidae","Harpalinae","Zabrini","Amara","Amarocelia","farcta",,"Amara farcta","LeConte","species",,"F",,"Lindroth, C. H. 1969. The ground-beetles (Carabidae, excl. Cicindelinae) of Canada and Alaska, parts 1-6. Opuscula E. Entomoligiska Sallskapet.","Kipling Will","Essig Museum of Entomology",,"No known compromise","N",,
"b742036b-b6e2-40da-abe5-652ce7b812e7","STER_034.basePlot.bet","D10","STER","STER_034","2015-06-25","2015-07-09","2017-01-15","NEON.BET.D10.005217","AMACON3","Animalia","Arthropoda","Insecta","Coleoptera","Carabidae","Harpalinae","Zabrini","Amara","Amara","convexa",,"Amara convexa","LeConte","species",,"M",,"Lindroth, C. H. 1969. The ground-beetles (Carabidae, excl. Cicindelinae) of Canada and Alaska, parts 1-6. Opuscula E. Entomoligiska Sallskapet.","Kipling Will","Essig Museum of Entomology",,"No known compromise","N",,
"33103d7a-e12f-4900-b3a8-568eb0a231ab","STER_034.basePlot.bet","D10","STER","STER_034","2015-06-25","2015-07-09","2017-01-15","NEON.BET.D10.005218","AMACON3","Animalia","Arthropoda","Insecta","Coleoptera","Carabidae","Harpalinae","Zabrini","Amara","Amara","convexa",,"Amara convexa","LeConte","species",,"F",,"Lindroth, C. H. 1969. The ground-beetles (Carabidae, excl. Cicindelinae) of Canada and Alaska, parts 1-6. Opuscula E. Entomoligiska Sallskapet.","Kipling Will","Essig Museum of Entomology",,"No known compromise","N",,
"3c2baeab-60d5-43d8-aeeb-edc057a8302c","STER_034.basePlot.bet","D10","STER","STER_034","2015-06-25","2015-07-09","2017-01-15","NEON.BET.D10.005222","AMACON3","Animalia","Arthropoda","Insecta","Coleoptera","Carabidae","Harpalinae","Zabrini","Amara","Amara","convexa",,"Amara convexa","LeConte","species",,"F",,"Lindroth, C. H. 1969. The ground-beetles (Carabidae, excl. Cicindelinae) of Canada and Alaska, parts 1-6. Opuscula E. Entomoligiska Sallskapet.","Kipling Will","Essig Museum of Entomology",,"No known compromise","N",,
"f3ae3879-c60c-477f-a196-3aa20b041964","STER_034.basePlot.bet","D10","STER","STER_034","2015-06-25","2015-07-09","2017-01-15","NEON.BET.D10.005223","AMACON3","Animalia","Arthropoda","Insecta","Coleoptera","Carabidae","Harpalinae","Zabrini","Amara","Amara","convexa",,"Amara convexa","LeConte","species",,"F",,"Lindroth, C. H. 1969. The ground-beetles (Carabidae, excl. Cicindelinae) of Canada and Alaska, parts 1-6. Opuscula E. Entomoligiska Sallskapet.","Kipling Will","Essig Museum of Entomology",,"No known compromise","N",,
"e63dfdda-6d5a-42d7-904c-6f3d9936bdcb","STER_034.basePlot.bet","D10","STER","STER_034","2015-06-25","2015-07-09","2017-01-15","NEON.BET.D10.005219","AMACON3","Animalia","Arthropoda","Insecta","Coleoptera","Carabidae","Harpalinae","Zabrini","Amara","Amara","convexa",,"Amara convexa","LeConte","species",,"M",,"Lindroth, C. H. 1969. The ground-beetles (Carabidae, excl. Cicindelinae) of Canada and Alaska, parts 1-6. Opuscula E. Entomoligiska Sallskapet.","Kipling Will","Essig Museum of Entomology",,"No known compromise","N",,
"4b1a1e9e-9ed4-4a9a-b47d-cfa68703934e","STER_027.basePlot.bet","D10","STER","STER_027","2015-06-25","2015-07-09","2017-01-15","NEON.BET.D10.005184","AMACON3","Animalia","Arthropoda","Insecta","Coleoptera","Carabidae","Harpalinae","Zabrini","Amara","Amara","convexa",,"Amara convexa","LeConte","species",,"F",,"Lindroth, C. H. 1969. The ground-beetles (Carabidae, excl. Cicindelinae) of Canada and Alaska, parts 1-6. Opuscula E. Entomoligiska Sallskapet.","Kipling Will","Essig Museum of Entomology",,"No known compromise","N",,
"e7944f35-ee66-421b-81f6-467767968e9f","STER_027.basePlot.bet","D10","STER","STER_027","2015-06-25","2015-07-09","2017-01-15","NEON.BET.D10.005183","AMACON3","Animalia","Arthropoda","Insecta","Coleoptera","Carabidae","Harpalinae","Zabrini","Amara","Amara","convexa",,"Amara convexa","LeConte","species",,"F",,"Lindroth, C. H. 1969. The ground-beetles (Carabidae, excl. Cicindelinae) of Canada and Alaska, parts 1-6. Opuscula E. Entomoligiska Sallskapet.","Kipling Will","Essig Museum of Entomology",,"No known compromise","N",,
"51916a2b-1337-4bc8-8680-343afb046226","STER_027.basePlot.bet","D10","STER","STER_027","2015-06-25","2015-07-09","2017-01-15","NEON.BET.D10.005186","AMACON3","Animalia","Arthropoda","Insecta","Coleoptera","Carabidae","Harpalinae","Zabrini","Amara","Amara","convexa",,"Amara convexa","LeConte","species",,"M",,"Lindroth, C. H. 1969. The ground-beetles (Carabidae, excl. Cicindelinae) of Canada and Alaska, parts 1-6. Opuscula E. Entomoligiska Sallskapet.","Kipling Will","Essig Museum of Entomology",,"No known compromise","N",,
"1bbf7b2b-d807-4996-a2af-53eafca6dc4c","STER_027.basePlot.bet","D10","STER","STER_027","2015-06-25","2015-07-09","2017-01-15","NEON.BET.D10.005214","AMACON3","Animalia","Arthropoda","Insecta","Coleoptera","Carabidae","Harpalinae","Zabrini","Amara","Amara","convexa",,"Amara convexa","LeConte","species",,"M",,"Lindroth, C. H. 1969. The ground-beetles (Carabidae, excl. Cicindelinae) of Canada and Alaska, parts 1-6. Opuscula E. Entomoligiska Sallskapet.","Kipling Will","Essig Museum of Entomology",,"No known compromise","N",,
"5788a620-fabb-4705-ba5a-92c4196a4777","STER_027.basePlot.bet","D10","STER","STER_027","2015-06-25","2015-07-09","2017-01-15","NEON.BET.D10.005187","AMACON3","Animalia","Arthropoda","Insecta","Coleoptera","Carabidae","Harpalinae","Zabrini","Amara","Amara","convexa",,"Amara convexa","LeConte","species",,"F",,"Lindroth, C. H. 1969. The ground-beetles (Carabidae, excl. Cicindelinae) of Canada and Alaska, parts 1-6. Opuscula E. Entomoligiska Sallskapet.","Kipling Will","Essig Museum of Entomology",,"No known compromise","N",,
"7aff299b-bd86-4ff6-a011-3c0eca187828","STER_027.basePlot.bet","D10","STER","STER_027","2015-06-25","2015-07-09","2017-01-15","NEON.BET.D10.005180","AMACON3","Animalia","Arthropoda","Insecta","Coleoptera","Carabidae","Harpalinae","Zabrini","Amara","Amara","convexa",,"Amara convexa","LeConte","species",,"F",,"Lindroth, C. H. 1969. The ground-beetles (Carabidae, excl. Cicindelinae) of Canada and Alaska, parts 1-6. Opuscula E. Entomoligiska Sallskapet.","Kipling Will","Essig Museum of Entomology",,"No known compromise","N",,
"1a10877a-33a7-48c9-affe-03ab788ab3d7","STER_027.basePlot.bet","D10","STER","STER_027","2015-06-25","2015-07-09","2017-01-15","NEON.BET.D10.005185","AMACON3","Animalia","Arthropoda","Insecta","Coleoptera","Carabidae","Harpalinae","Zabrini","Amara","Amara","convexa",,"Amara convexa","LeConte","species",,"F",,"Lindroth, C. H. 1969. The ground-beetles (Carabidae, excl. Cicindelinae) of Canada and Alaska, parts 1-6. Opuscula E. Entomoligiska Sallskapet.","Kipling Will","Essig Museum of Entomology",,"No known compromise","N",,
"881cf56e-908f-41a2-8a6a-16142e2f52c5","STER_027.basePlot.bet","D10","STER","STER_027","2015-06-25","2015-07-09","2017-01-15","NEON.BET.D10.005179","AMACON3","Animalia","Arthropoda","Insecta","Coleoptera","Carabidae","Harpalinae","Zabrini","Amara","Amara","convexa",,"Amara convexa","LeConte","species",,"F",,"Lindroth, C. H. 1969. The ground-beetles (Carabidae, excl. Cicindelinae) of Canada and Alaska, parts 1-6. Opuscula E. Entomoligiska Sallskapet.","Kipling Will","Essig Museum of Entomology",,"No known compromise","N",,
"1303bfe1-c7f1-406b-83c5-ebf0a0c6ce52","STER_027.basePlot.bet","D10","STER","STER_027","2015-06-25","2015-07-09","2017-01-15","NEON.BET.D10.005182","AMACON3","Animalia","Arthropoda","Insecta","Coleoptera","Carabidae","Harpalinae","Zabrini","Amara","Amara","convexa",,"Amara convexa","LeConte","species",,"F",,"Lindroth, C. H. 1969. The ground-beetles (Carabidae, excl. Cicindelinae) of Canada and Alaska, parts 1-6. Opuscula E. Entomoligiska Sallskapet.","Kipling Will","Essig Museum of Entomology",,"No known compromise","N",,
"08e26f43-ef6a-400a-90ac-930a491edf86","STER_027.basePlot.bet","D10","STER","STER_027","2015-06-25","2015-07-09","2017-01-15","NEON.BET.D10.005215","AMACON3","Animalia","Arthropoda","Insecta","Coleoptera","Carabidae","Harpalinae","Zabrini","Amara","Amara","convexa",,"Amara convexa","LeConte","species",,"M",,"Lindroth, C. H. 1969. The ground-beetles (Carabidae, excl. Cicindelinae) of Canada and Alaska, parts 1-6. Opuscula E. Entomoligiska Sallskapet.","Kipling Will","Essig Museum of Entomology",,"No known compromise","N",,
"10688598-3e86-4bd3-bcc3-eb9ecdbb4702","STER_027.basePlot.bet","D10","STER","STER_027","2015-06-25","2015-07-09","2017-01-15","NEON.BET.D10.005181","AMACON3","Animalia","Arthropoda","Insecta","Coleoptera","Carabidae","Harpalinae","Zabrini","Amara","Amara","convexa",,"Amara convexa","LeConte","species",,"M",,"Lindroth, C. H. 1969. The ground-beetles (Carabidae, excl. Cicindelinae) of Canada and Alaska, parts 1-6. Opuscula E. Entomoligiska Sallskapet.","Kipling Will","Essig Museum of Entomology",,"No known compromise","N",,
"c3ecf363-cf1f-4d64-bf48-f3408593b924","STER_034.basePlot.bet","D10","STER","STER_034","2015-06-25","2015-07-09","2017-01-15","NEON.BET.D10.003778","HARREV","Animalia","Arthropoda","Insecta","Coleoptera","Carabidae","Harpalinae","Harpalini","Harpalus","Opadius","reversus",,"Harpalus reversus","Casey","species",,"F",,"Noonan, G. R. 1991. Classification, Cladistics, and Natural History of Native North American Harpalus Latreille (Insecta: Coleoptera: Carabidae: Harpalini), excluding subgenera Glanodes and Pseudophonus.","Kipling Will","Essig Museum of Entomology",,"No known compromise","N",,
"bb220558-32f5-4ce7-bea2-b20e16fd6060","STER_034.basePlot.bet","D10","STER","STER_034","2015-06-25","2015-07-09","2017-01-15","NEON.BET.D10.003775","HARREV","Animalia","Arthropoda","Insecta","Coleoptera","Carabidae","Harpalinae","Harpalini","Harpalus","Opadius","reversus",,"Harpalus reversus","Casey","species",,"M",,"Noonan, G. R. 1991. Classification, Cladistics, and Natural History of Native North American Harpalus Latreille (Insecta: Coleoptera: Carabidae: Harpalini), excluding subgenera Glanodes and Pseudophonus.","Kipling Will","Essig Museum of Entomology",,"No known compromise","N",,
"f410d28b-cb28-4ed0-b8ef-936d128e00f2","STER_034.basePlot.bet","D10","STER","STER_034","2015-06-25","2015-07-09","2017-01-15","NEON.BET.D10.003768","HARPEN","Animalia","Arthropoda","Insecta","Coleoptera","Carabidae","Harpalinae","Harpalini","Harpalus","Pseudoophonus","pensylvanicus",,"Harpalus pensylvanicus","DeGeer","species",,"M",,"Ball, G. E., and J. N. Anderson. 1962. The taxonomy and speciation of Pseudophonus (a subgenus of Harpalus: Haralini: Carabidae, known to occur in North America). The Catholic University of America Press, Washington 17, D. C.","Kipling Will","Essig Museum of Entomology",,"No known compromise","N",,
"73ada570-4f19-4ff0-8e38-00924c6ff4e5","STER_034.basePlot.bet","D10","STER","STER_034","2015-06-25","2015-07-09","2017-01-15","NEON.BET.D10.003774","DISPAR1","Animalia","Arthropoda","Insecta","Coleoptera","Carabidae","Harpalinae","Harpalini","Discoderus",,"parallelus",,"Discoderus parallelus","Haldeman","species",,"M",,"Lindroth, C. H. 1969. The ground-beetles (Carabidae, excl. Cicindelinae) of Canada and Alaska, parts 1-6. Opuscula E. Entomoligiska Sallskapet.","Kipling Will","Essig Museum of Entomology",,"No known compromise","N",,
"37c4877e-56c9-4e5e-84a3-5481d2847c6d","STER_034.basePlot.bet","D10","STER","STER_034","2015-06-25","2015-07-09","2017-01-15","NEON.BET.D10.003767","AMACON3","Animalia","Arthropoda","Insecta","Coleoptera","Carabidae","Harpalinae","Zabrini","Amara","Amara","convexa",,"Amara convexa","LeConte","species",,"M",,"Lindroth, C. H. 1969. The ground-beetles (Carabidae, excl. Cicindelinae) of Canada and Alaska, parts 1-6. Opuscula E. Entomoligiska Sallskapet.","Kipling Will","Essig Museum of Entomology",,"No known compromise","N",,
"1b77bd49-e83e-4405-bba1-e87165c49e94","STER_034.basePlot.bet","D10","STER","STER_034","2015-06-25","2015-07-09","2017-01-15","NEON.BET.D10.003773","DISSP","Animalia","Arthropoda","Insecta","Coleoptera","Carabidae","Harpalinae","Harpalini","Discoderus",,"sp.",,"Discoderus sp.","LeConte","genus",,"F","TKW.2017.MorphB","Lindroth, C. H. 1969. The ground-beetles (Carabidae, excl. Cicindelinae) of Canada and Alaska, parts 1-6. Opuscula E. Entomoligiska Sallskapet.","Kipling Will","Essig Museum of Entomology",,"No known compromise","N",,
"44c3bac6-fcc3-4a62-851e-3d99247c5e4b","STER_034.basePlot.bet","D10","STER","STER_034","2015-06-25","2015-07-09","2017-01-15","NEON.BET.D10.003770","HARREV","Animalia","Arthropoda","Insecta","Coleoptera","Carabidae","Harpalinae","Harpalini","Harpalus","Opadius","reversus",,"Harpalus reversus","Casey","species",,"F",,"Noonan, G. R. 1991. Classification, Cladistics, and Natural History of Native North American Harpalus Latreille (Insecta: Coleoptera: Carabidae: Harpalini), excluding subgenera Glanodes and Pseudophonus.","Kipling Will","Essig Museum of Entomology",,"No known compromise","N",,
"10365bed-c304-4199-9331-64bbea6fce6f","STER_034.basePlot.bet","D10","STER","STER_034","2015-06-25","2015-07-09","2017-01-15","NEON.BET.D10.003769","HARPEN","Animalia","Arthropoda","Insecta","Coleoptera","Carabidae","Harpalinae","Harpalini","Harpalus","Pseudoophonus","pensylvanicus",,"Harpalus pensylvanicus","DeGeer","species",,"M",,"Ball, G. E., and J. N. Anderson. 1962. The taxonomy and speciation of Pseudophonus (a subgenus of Harpalus: Haralini: Carabidae, known to occur in North America). The Catholic University of America Press, Washington 17, D. C.","Kipling Will","Essig Museum of Entomology",,"No known compromise","N",,
"6696620f-dbab-4ac8-9d46-d24ca729a9f4","STER_034.basePlot.bet","D10","STER","STER_034","2015-06-25","2015-07-09","2017-01-15","NEON.BET.D10.003713","AMAQUE","Animalia","Arthropoda","Insecta","Coleoptera","Carabidae","Harpalinae","Zabrini","Amara","Paracelia","quenseli","quenseli","Amara quenseli quenseli","Schonherr","subspecies",,"M",,"Lindroth, C. H. 1969. The ground-beetles (Carabidae, excl. Cicindelinae) of Canada and Alaska, parts 1-6. Opuscula E. Entomoligiska Sallskapet.","Kipling Will","Essig Museum of Entomology",,"No known compromise","N",,
"eb9735f0-4a7f-427d-9585-69091ba95162","STER_034.basePlot.bet","D10","STER","STER_034","2015-06-25","2015-07-09","2017-01-15","NEON.BET.D10.003772","HARPEN","Animalia","Arthropoda","Insecta","Coleoptera","Carabidae","Harpalinae","Harpalini","Harpalus","Pseudoophonus","pensylvanicus",,"Harpalus pensylvanicus","DeGeer","species",,"M",,"Ball, G. E., and J. N. Anderson. 1962. The taxonomy and speciation of Pseudophonus (a subgenus of Harpalus: Haralini: Carabidae, known to occur in North America). The Catholic University of America Press, Washington 17, D. C.","Kipling Will","Essig Museum of Entomology",,"No known compromise","N",,
"f3ac9af7-268e-4c46-9231-42c5eeac80b8","STER_027.basePlot.bet","D10","STER","STER_027","2015-06-25","2015-07-09","2017-01-15","NEON.BET.D10.003811","HARDES","Animalia","Arthropoda","Insecta","Coleoptera","Carabidae","Harpalinae","Harpalini","Harpalus","Opadius","desertus",,"Harpalus desertus","LeConte","species",,"M",,"Noonan, G. R. 1991. Classification, Cladistics, and Natural History of Native North American Harpalus Latreille (Insecta: Coleoptera: Carabidae: Harpalini), excluding subgenera Glanodes and Pseudophonus.","Kipling Will","Essig Museum of Entomology",,"No known compromise","N",,
"c15e3a2a-cf21-424a-a961-ee6aaec749e0","STER_027.basePlot.bet","D10","STER","STER_027","2015-06-25","2015-07-09","2017-01-15","NEON.BET.D10.003814","AMACON3","Animalia","Arthropoda","Insecta","Coleoptera","Carabidae","Harpalinae","Zabrini","Amara","Amara","convexa",,"Amara convexa","LeConte","species",,"M",,"Lindroth, C. H. 1969. The ground-beetles (Carabidae, excl. Cicindelinae) of Canada and Alaska, parts 1-6. Opuscula E. Entomoligiska Sallskapet.","Kipling Will","Essig Museum of Entomology",,"No known compromise","N",,
"4d6e4bef-1d2e-4a9c-8d12-6e3b3d47d5aa","STER_035.basePlot.bet","D10","STER","STER_035","2015-06-25","2015-07-09","2017-01-15","NEON.BET.D10.003709","HARPEN","Animalia","Arthropoda","Insecta","Coleoptera","Carabidae","Harpalinae","Harpalini","Harpalus","Pseudoophonus","pensylvanicus",,"Harpalus pensylvanicus","DeGeer","species",,"M",,"Ball, G. E., and J. N. Anderson. 1962. The taxonomy and speciation of Pseudophonus (a subgenus of Harpalus: Haralini: Carabidae, known to occur in North America). The Catholic University of America Press, Washington 17, D. C.","Kipling Will","Essig Museum of Entomology",,"No known compromise","N",,
"117d2123-0295-4a72-9525-0a067f865881","STER_029.basePlot.bet","D10","STER","STER_029","2015-06-25","2015-07-09","2017-01-15","NEON.BET.D10.003781","CALAFF1","Animalia","Arthropoda","Insecta","Coleoptera","Carabidae","Carabinae","Carabini","Calosoma","Chrysostigma","affine",,"Calosoma affine","Chaudoir","species",,"F",,"Gidaspow, T. 1959. North American caterpillar hunters of the genera Calosma and Callisthenes (Coleoptera, Carabidae). Bulletin of the American Museum of Natural History 116:225-344.","Kipling Will","Essig Museum of Entomology",,"No known compromise","N",,
"fb274415-8d56-40a9-8623-7f10def270e0","STER_029.basePlot.bet","D10","STER","STER_029","2015-06-25","2015-07-09","2017-01-15","NEON.BET.D10.003780","HARCAL","Animalia","Arthropoda","Insecta","Coleoptera","Carabidae","Harpalinae","Harpalini","Harpalus","Megapangus","caliginosus",,"Harpalus caliginosus","Fabricius","species",,"M",,"Will, K. W. 1997. Review of the species of the subgenus Megapangus Casey (Coeloptera: Carabidae, Harpalini, Harpalus Latreille). The Coleopterists Bulletin 51:43-51.","Kipling Will","Essig Museum of Entomology",,"No known compromise","N",,
"1359ca43-cb68-4525-95ef-4800242cbf90","STER_033.basePlot.bet","D10","STER","STER_033","2015-06-25","2015-07-09","2017-01-15","NEON.BET.D10.003710","CICPUN1","Animalia","Arthropoda","Insecta","Coleoptera","Carabidae","Cicindelinae","Cicindelini","Cicindela","Cicindelidia","punctulata","punctulata","Cicindela punctulata punctulata","Olivier","subspecies",,"F",,"Pearson, D., C. B. Knisley, and C. J. Kazilek. 2006. A Field Guide to the Tiger Beetles of the United States and Canada: Identification, Natural History, and Distribution of the Cicindelidae. Oxford University Press, New York.","Kipling Will","Essig Museum of Entomology",,"No known compromise","N",,
"ad1e86c5-466d-4ffe-8f62-3db2f4ec4c7b","STER_027.basePlot.bet","D10","STER","STER_027","2015-06-25","2015-07-09","2017-01-15","NEON.BET.D10.003850","AMAFAR","Animalia","Arthropoda","Insecta","Coleoptera","Carabidae","Harpalinae","Zabrini","Amara","Amarocelia","farcta",,"Amara farcta","LeConte","species",,"F",,"Lindroth, C. H. 1969. The ground-beetles (Carabidae, excl. Cicindelinae) of Canada and Alaska, parts 1-6. Opuscula E. Entomoligiska Sallskapet.","Kipling Will","Essig Museum of Entomology",,"No known compromise","N",,
"f898272a-5fd6-474a-9f4a-8ad77c92634e","STER_027.basePlot.bet","D10","STER","STER_027","2015-06-25","2015-07-09","2017-01-15","NEON.BET.D10.003835","HARPEN","Animalia","Arthropoda","Insecta","Coleoptera","Carabidae","Harpalinae","Harpalini","Harpalus","Pseudoophonus","pensylvanicus",,"Harpalus pensylvanicus","DeGeer","species",,"M",,"Ball, G. E., and J. N. Anderson. 1962. The taxonomy and speciation of Pseudophonus (a subgenus of Harpalus: Haralini: Carabidae, known to occur in North America). The Catholic University of America Press, Washington 17, D. C.","Kipling Will","Essig Museum of Entomology",,"No known compromise","N",,
"ca2fda5c-74c2-42ee-8283-1354c35b6607","STER_027.basePlot.bet","D10","STER","STER_027","2015-06-25","2015-07-09","2017-01-15","NEON.BET.D10.003849","AMAFAR","Animalia","Arthropoda","Insecta","Coleoptera","Carabidae","Harpalinae","Zabrini","Amara","Amarocelia","farcta",,"Amara farcta","LeConte","species",,"F",,"Lindroth, C. H. 1969. The ground-beetles (Carabidae, excl. Cicindelinae) of Canada and Alaska, parts 1-6. Opuscula E. Entomoligiska Sallskapet.","Kipling Will","Essig Museum of Entomology",,"No known compromise","N",,
"343b6c3f-498d-49d6-a6bb-c91093d71897","STER_027.basePlot.bet","D10","STER","STER_027","2015-06-25","2015-07-09","2017-01-15","NEON.BET.D10.003840","AMACON3","Animalia","Arthropoda","Insecta","Coleoptera","Carabidae","Harpalinae","Zabrini","Amara","Amara","convexa",,"Amara convexa","LeConte","species",,"F",,"Lindroth, C. H. 1969. The ground-beetles (Carabidae, excl. Cicindelinae) of Canada and Alaska, parts 1-6. Opuscula E. Entomoligiska Sallskapet.","Kipling Will","Essig Museum of Entomology",,"No known compromise","N",,
"91e4d192-f38c-4fc5-bcd1-ece90dee1001","STER_027.basePlot.bet","D10","STER","STER_027","2015-06-25","2015-07-09","2017-01-15","NEON.BET.D10.003839","AMACON3","Animalia","Arthropoda","Insecta","Coleoptera","Carabidae","Harpalinae","Zabrini","Amara","Amara","convexa",,"Amara convexa","LeConte","species",,"M",,"Lindroth, C. H. 1969. The ground-beetles (Carabidae, excl. Cicindelinae) of Canada and Alaska, parts 1-6. Opuscula E. Entomoligiska Sallskapet.","Kipling Will","Essig Museum of Entomology",,"No known compromise","N",,
"5938b5d4-9eba-437a-adf9-7787b4a97d33","STER_027.basePlot.bet","D10","STER","STER_027","2015-06-25","2015-07-09","2017-01-15","NEON.BET.D10.003826","AMACON3","Animalia","Arthropoda","Insecta","Coleoptera","Carabidae","Harpalinae","Zabrini","Amara","Amara","convexa",,"Amara convexa","LeConte","species",,"F",,"Lindroth, C. H. 1969. The ground-beetles (Carabidae, excl. Cicindelinae) of Canada and Alaska, parts 1-6. Opuscula E. Entomoligiska Sallskapet.","Kipling Will","Essig Museum of Entomology",,"No known compromise","N",,
"a03e9c0e-23e9-40b1-8161-da7368e2ed99","STER_027.basePlot.bet","D10","STER","STER_027","2015-06-25","2015-07-09","2017-01-15","NEON.BET.D10.003825","AMAFAR","Animalia","Arthropoda","Insecta","Coleoptera","Carabidae","Harpalinae","Zabrini","Amara","Amarocelia","farcta",,"Amara farcta","LeConte","species",,"F",,"Lindroth, C. H. 1969. The ground-beetles (Carabidae, excl. Cicindelinae) of Canada and Alaska, parts 1-6. Opuscula E. Entomoligiska Sallskapet.","Kipling Will","Essig Museum of Entomology",,"No known compromise","N",,
"2ca5064d-dd58-49ed-9a89-82ddf90bcb84","STER_027.basePlot.bet","D10","STER","STER_027","2015-06-25","2015-07-09","2017-01-15","NEON.BET.D10.003824","HARPEN","Animalia","Arthropoda","Insecta","Coleoptera","Carabidae","Harpalinae","Harpalini","Harpalus","Pseudoophonus","pensylvanicus",,"Harpalus pensylvanicus","DeGeer","species",,"M",,"Ball, G. E., and J. N. Anderson. 1962. The taxonomy and speciation of Pseudophonus (a subgenus of Harpalus: Haralini: Carabidae, known to occur in North America). The Catholic University of America Press, Washington 17, D. C.","Kipling Will","Essig Museum of Entomology",,"No known compromise","N",,
"8a0e45d8-f4c5-44e1-9cc8-693d375fc4ea","STER_027.basePlot.bet","D10","STER","STER_027","2015-06-25","2015-07-09","2017-01-15","NEON.BET.D10.003844","AGOCON","Animalia","Arthropoda","Insecta","Coleoptera","Carabidae","Harpalinae","Harpalini","Agonoleptus",,"conjunctus",,"Agonoleptus conjunctus","Say","species",,"F",,"Lindroth, C. H. 1969. The ground-beetles (Carabidae, excl. Cicindelinae) of Canada and Alaska, parts 1-6. Opuscula E. Entomoligiska Sallskapet.","Kipling Will","Essig Museum of Entomology",,"No known compromise","N",,
"6aadf9b6-55fe-43b5-b9ec-7fe38590f3df","STER_027.basePlot.bet","D10","STER","STER_027","2015-06-25","2015-07-09","2017-01-15","NEON.BET.D10.003837","AMACON3","Animalia","Arthropoda","Insecta","Coleoptera","Carabidae","Harpalinae","Zabrini","Amara","Amara","convexa",,"Amara convexa","LeConte","species",,"M",,"Lindroth, C. H. 1969. The ground-beetles (Carabidae, excl. Cicindelinae) of Canada and Alaska, parts 1-6. Opuscula E. Entomoligiska Sallskapet.","Kipling Will","Essig Museum of Entomology",,"No known compromise","N",,
"f3d659f0-cd33-44f8-8d27-b8b1dbbe0c34","STER_027.basePlot.bet","D10","STER","STER_027","2015-06-25","2015-07-09","2017-01-15","NEON.BET.D10.003820","HARAMP","Animalia","Arthropoda","Insecta","Coleoptera","Carabidae","Harpalinae","Harpalini","Harpalus","Harpalus","amputatus","amputatus","Harpalus amputatus amputatus","Say","subspecies",,"M",,"Noonan, G. R. 1991. Classification, Cladistics, and Natural History of Native North American Harpalus Latreille (Insecta: Coleoptera: Carabidae: Harpalini), excluding subgenera Glanodes and Pseudophonus.","Kipling Will","Essig Museum of Entomology",,"No known compromise","N",,
"cd12c53e-77cc-4cb1-b49e-a8caafa1a57e","STER_027.basePlot.bet","D10","STER","STER_027","2015-06-25","2015-07-09","2017-01-15","NEON.BET.D10.003827","AMACON3","Animalia","Arthropoda","Insecta","Coleoptera","Carabidae","Harpalinae","Zabrini","Amara","Amara","convexa",,"Amara convexa","LeConte","species",,"F",,"Lindroth, C. H. 1969. The ground-beetles (Carabidae, excl. Cicindelinae) of Canada and Alaska, parts 1-6. Opuscula E. Entomoligiska Sallskapet.","Kipling Will","Essig Museum of Entomology",,"No known compromise","N",,
"7c64101b-86da-4e76-96e7-75b16909534e","STER_027.basePlot.bet","D10","STER","STER_027","2015-06-25","2015-07-09","2017-01-15","NEON.BET.D10.003838","AMAFAR","Animalia","Arthropoda","Insecta","Coleoptera","Carabidae","Harpalinae","Zabrini","Amara","Amarocelia","farcta",,"Amara farcta","LeConte","species",,"F",,"Lindroth, C. H. 1969. The ground-beetles (Carabidae, excl. Cicindelinae) of Canada and Alaska, parts 1-6. Opuscula E. Entomoligiska Sallskapet.","Kipling Will","Essig Museum of Entomology",,"No known compromise","N",,
"5a45df26-eca8-4475-b27b-2ee3b77db1cd","STER_027.basePlot.bet","D10","STER","STER_027","2015-06-25","2015-07-09","2017-01-15","NEON.BET.D10.003848","AMACON3","Animalia","Arthropoda","Insecta","Coleoptera","Carabidae","Harpalinae","Zabrini","Amara","Amara","convexa",,"Amara convexa","LeConte","species",,"M",,"Lindroth, C. H. 1969. The ground-beetles (Carabidae, excl. Cicindelinae) of Canada and Alaska, parts 1-6. Opuscula E. Entomoligiska Sallskapet.","Kipling Will","Essig Museum of Entomology",,"No known compromise","N",,
"f7948a1f-8809-454b-99fa-132844961132","STER_027.basePlot.bet","D10","STER","STER_027","2015-06-25","2015-07-09","2017-01-15","NEON.BET.D10.003846","AMAFAR","Animalia","Arthropoda","Insecta","Coleoptera","Carabidae","Harpalinae","Zabrini","Amara","Amarocelia","farcta",,"Amara farcta","LeConte","species",,"F",,"Lindroth, C. H. 1969. The ground-beetles (Carabidae, excl. Cicindelinae) of Canada and Alaska, parts 1-6. Opuscula E. Entomoligiska Sallskapet.","Kipling Will","Essig Museum of Entomology",,"No known compromise","N",,
"6a71460a-ca55-471d-87e7-4db0cf6824f0","STER_027.basePlot.bet","D10","STER","STER_027","2015-06-25","2015-07-09","2017-01-15","NEON.BET.D10.003851","AMAFAR","Animalia","Arthropoda","Insecta","Coleoptera","Carabidae","Harpalinae","Zabrini","Amara","Amarocelia","farcta",,"Amara farcta","LeConte","species",,"F",,"Lindroth, C. H. 1969. The ground-beetles (Carabidae, excl. Cicindelinae) of Canada and Alaska, parts 1-6. Opuscula E. Entomoligiska Sallskapet.","Kipling Will","Essig Museum of Entomology",,"No known compromise","N",,
"7c4ac5e9-904b-42a0-b2e9-4b72c55497d9","STER_027.basePlot.bet","D10","STER","STER_027","2015-06-25","2015-07-09","2017-01-15","NEON.BET.D10.003828","AMACON3","Animalia","Arthropoda","Insecta","Coleoptera","Carabidae","Harpalinae","Zabrini","Amara","Amara","convexa",,"Amara convexa","LeConte","species",,"F",,"Lindroth, C. H. 1969. The ground-beetles (Carabidae, excl. Cicindelinae) of Canada and Alaska, parts 1-6. Opuscula E. Entomoligiska Sallskapet.","Kipling Will","Essig Museum of Entomology",,"No known compromise","N",,
"c4c040de-9604-40b2-879d-9ccf867b792a","STER_027.basePlot.bet","D10","STER","STER_027","2015-06-25","2015-07-09","2017-01-15","NEON.BET.D10.004406","SELPLA","Animalia","Arthropoda","Insecta","Coleoptera","Carabidae","Harpalinae","Harpalini","Selenophorus","Selenophorus","planipennis",,"Selenophorus planipennis","LeConte","species",,"F",,"Lindroth, C. H. 1969. The ground-beetles (Carabidae, excl. Cicindelinae) of Canada and Alaska, parts 1-6. Opuscula E. Entomoligiska Sallskapet.","Kipling Will","Essig Museum of Entomology",,"No known compromise","N",,
"3898d1e0-235b-4996-9871-b9c5568cab09","STER_027.basePlot.bet","D10","STER","STER_027","2015-06-25","2015-07-09","2017-01-15","NEON.BET.D10.004520","AMAFAR","Animalia","Arthropoda","Insecta","Coleoptera","Carabidae","Harpalinae","Zabrini","Amara","Amarocelia","farcta",,"Amara farcta","LeConte","species",,"F",,"Lindroth, C. H. 1969. The ground-beetles (Carabidae, excl. Cicindelinae) of Canada and Alaska, parts 1-6. Opuscula E. Entomoligiska Sallskapet.","Kipling Will","Essig Museum of Entomology",,"No known compromise","N",,
"ace19375-8fd7-4d57-bcb4-2b4140f781a7","STER_033.basePlot.bet","D10","STER","STER_033","2015-06-25","2015-07-09","2017-01-15","NEON.BET.D10.004506","ANIMER2","Animalia","Arthropoda","Insecta","Coleoptera","Carabidae","Harpalinae","Harpalini","Anisodactylus","Gynandrotarsus","merula",,"Anisodactylus merula","Germar","species",,"M",,"Lindroth, C. H. 1969. The ground-beetles (Carabidae, excl. Cicindelinae) of Canada and Alaska, parts 1-6. Opuscula E. Entomoligiska Sallskapet.","Kipling Will","Essig Museum of Entomology",,"No known compromise","N",,
"3dc7b471-d0ac-452d-b992-29de1706ac32","STER_027.basePlot.bet","D10","STER","STER_027","2015-06-25","2015-07-09","2017-01-15","NEON.BET.D10.004519","AMAFAR","Animalia","Arthropoda","Insecta","Coleoptera","Carabidae","Harpalinae","Zabrini","Amara","Amarocelia","farcta",,"Amara farcta","LeConte","species",,"M",,"Lindroth, C. H. 1969. The ground-beetles (Carabidae, excl. Cicindelinae) of Canada and Alaska, parts 1-6. Opuscula E. Entomoligiska Sallskapet.","Kipling Will","Essig Museum of Entomology",,"No known compromise","N",,
"17284b57-3de7-4220-9534-fed65f6656a6","STER_027.basePlot.bet","D10","STER","STER_027","2015-06-25","2015-07-09","2017-01-15","NEON.BET.D10.004571","ANICAR2","Animalia","Arthropoda","Insecta","Coleoptera","Carabidae","Harpalinae","Harpalini","Anisodactylus","Anisodactylus","carbonarius",,"Anisodactylus carbonarius","Say","species",,"M",,"Lindroth, C. H. 1969. The ground-beetles (Carabidae, excl. Cicindelinae) of Canada and Alaska, parts 1-6. Opuscula E. Entomoligiska Sallskapet.","Kipling Will","Essig Museum of Entomology",,"No known compromise","N",,
"06627fb9-c075-4fbe-9d48-c2671eb11bae","STER_034.basePlot.bet","D10","STER","STER_034","2015-06-25","2015-07-09","2017-01-15","NEON.BET.D10.004559","ANICAR2","Animalia","Arthropoda","Insecta","Coleoptera","Carabidae","Harpalinae","Harpalini","Anisodactylus","Anisodactylus","carbonarius",,"Anisodactylus carbonarius","Say","species",,"M",,"Lindroth, C. H. 1969. The ground-beetles (Carabidae, excl. Cicindelinae) of Canada and Alaska, parts 1-6. Opuscula E. Entomoligiska Sallskapet.","Kipling Will","Essig Museum of Entomology",,"No known compromise","N",,
"73953dfb-7ba0-404a-8d4a-163134cd2a75","STER_027.basePlot.bet","D10","STER","STER_027","2015-06-25","2015-07-09","2017-01-15","NEON.BET.D10.004535","ANICAR2","Animalia","Arthropoda","Insecta","Coleoptera","Carabidae","Harpalinae","Harpalini","Anisodactylus","Anisodactylus","carbonarius",,"Anisodactylus carbonarius","Say","species",,"M",,"Lindroth, C. H. 1969. The ground-beetles (Carabidae, excl. Cicindelinae) of Canada and Alaska, parts 1-6. Opuscula E. Entomoligiska Sallskapet.","Kipling Will","Essig Museum of Entomology",,"No known compromise","N",,
"87072354-a858-47c1-bc33-157e1f3a7007","STER_034.basePlot.bet","D10","STER","STER_034","2015-06-25","2015-07-09","2017-01-15","NEON.BET.D10.004793","ANICAR2","Animalia","Arthropoda","Insecta","Coleoptera","Carabidae","Harpalinae","Harpalini","Anisodactylus","Anisodactylus","carbonarius",,"Anisodactylus carbonarius","Say","species",,"F",,"Lindroth, C. H. 1969. The ground-beetles (Carabidae, excl. Cicindelinae) of Canada and Alaska, parts 1-6. Opuscula E. Entomoligiska Sallskapet.","Kipling Will","Essig Museum of Entomology",,"No known compromise","N",,
"cd399c84-b08a-4aca-b132-b376fa3bcfc3","STER_027.basePlot.bet","D10","STER","STER_027","2015-06-25","2015-07-09","2017-01-15","NEON.BET.D10.004772","ANICAR2","Animalia","Arthropoda","Insecta","Coleoptera","Carabidae","Harpalinae","Harpalini","Anisodactylus","Anisodactylus","carbonarius",,"Anisodactylus carbonarius","Say","species",,"F",,"Lindroth, C. H. 1969. The ground-beetles (Carabidae, excl. Cicindelinae) of Canada and Alaska, parts 1-6. Opuscula E. Entomoligiska Sallskapet.","Kipling Will","Essig Museum of Entomology",,"No known compromise","N",,
"45cace6c-7764-4800-9707-9d2c72520142","STER_034.basePlot.bet","D10","STER","STER_034","2015-06-25","2015-07-09","2017-01-15","NEON.BET.D10.005221","AMACON3","Animalia","Arthropoda","Insecta","Coleoptera","Carabidae","Harpalinae","Zabrini","Amara","Amara","convexa",,"Amara convexa","LeConte","species",,"F",,"Lindroth, C. H. 1969. The ground-beetles (Carabidae, excl. Cicindelinae) of Canada and Alaska, parts 1-6. Opuscula E. Entomoligiska Sallskapet.","Kipling Will","Essig Museum of Entomology",,"No known compromise","N",,
"85284d51-5aca-4bda-929b-f7a768068d2c","STER_034.basePlot.bet","D10","STER","STER_034","2015-07-09","2015-07-23","2017-01-15","NEON.BET.D10.004778","ANICAR2","Animalia","Arthropoda","Insecta","Coleoptera","Carabidae","Harpalinae","Harpalini","Anisodactylus","Anisodactylus","carbonarius",,"Anisodactylus carbonarius","Say","species",,"F",,"Lindroth, C. H. 1969. The ground-beetles (Carabidae, excl. Cicindelinae) of Canada and Alaska, parts 1-6. Opuscula E. Entomoligiska Sallskapet.","Kipling Will","Essig Museum of Entomology",,"No known compromise","N",,
"448902a7-b49a-4db6-b0f2-418d94e7792c","STER_034.basePlot.bet","D10","STER","STER_034","2015-07-09","2015-07-23","2017-01-15","NEON.BET.D10.004587","ANICAR2","Animalia","Arthropoda","Insecta","Coleoptera","Carabidae","Harpalinae","Harpalini","Anisodactylus","Anisodactylus","carbonarius",,"Anisodactylus carbonarius","Say","species",,"M",,"Lindroth, C. H. 1969. The ground-beetles (Carabidae, excl. Cicindelinae) of Canada and Alaska, parts 1-6. Opuscula E. Entomoligiska Sallskapet.","Kipling Will","Essig Museum of Entomology",,"No known compromise","N",,
"65b6d6d3-bda9-424f-8073-d4e56cac63bf","STER_032.basePlot.bet","D10","STER","STER_032","2015-07-09","2015-07-23","2017-01-15","NEON.BET.D10.004797","ANICAR2","Animalia","Arthropoda","Insecta","Coleoptera","Carabidae","Harpalinae","Harpalini","Anisodactylus","Anisodactylus","carbonarius",,"Anisodactylus carbonarius","Say","species",,"F",,"Lindroth, C. H. 1969. The ground-beetles (Carabidae, excl. Cicindelinae) of Canada and Alaska, parts 1-6. Opuscula E. Entomoligiska Sallskapet.","Kipling Will","Essig Museum of Entomology",,"No known compromise","N",,
"7b3199b2-9b58-4888-9f66-9386b76875f6","STER_032.basePlot.bet","D10","STER","STER_032","2015-07-09","2015-07-23","2017-01-15","NEON.BET.D10.004802","ANICAR2","Animalia","Arthropoda","Insecta","Coleoptera","Carabidae","Harpalinae","Harpalini","Anisodactylus","Anisodactylus","carbonarius",,"Anisodactylus carbonarius","Say","species",,"F",,"Lindroth, C. H. 1969. The ground-beetles (Carabidae, excl. Cicindelinae) of Canada and Alaska, parts 1-6. Opuscula E. Entomoligiska Sallskapet.","Kipling Will","Essig Museum of Entomology",,"No known compromise","N",,
"3c8d19db-f717-4c87-bf67-e77f91db2b1d","STER_032.basePlot.bet","D10","STER","STER_032","2015-07-09","2015-07-23","2017-01-15","NEON.BET.D10.004579","ANICAR2","Animalia","Arthropoda","Insecta","Coleoptera","Carabidae","Harpalinae","Harpalini","Anisodactylus","Anisodactylus","carbonarius",,"Anisodactylus carbonarius","Say","species",,"M",,"Lindroth, C. H. 1969. The ground-beetles (Carabidae, excl. Cicindelinae) of Canada and Alaska, parts 1-6. Opuscula E. Entomoligiska Sallskapet.","Kipling Will","Essig Museum of Entomology",,"No known compromise","N",,
"d23b4566-290d-45ad-92f0-a08022b823f9","STER_032.basePlot.bet","D10","STER","STER_032","2015-07-09","2015-07-23","2017-01-15","NEON.BET.D10.004805","ANICAR2","Animalia","Arthropoda","Insecta","Coleoptera","Carabidae","Harpalinae","Harpalini","Anisodactylus","Anisodactylus","carbonarius",,"Anisodactylus carbonarius","Say","species",,"F",,"Lindroth, C. H. 1969. The ground-beetles (Carabidae, excl. Cicindelinae) of Canada and Alaska, parts 1-6. Opuscula E. Entomoligiska Sallskapet.","Kipling Will","Essig Museum of Entomology",,"No known compromise","N",,
"e0360542-7a1e-4e15-9bff-7ceb25708a4f","STER_032.basePlot.bet","D10","STER","STER_032","2015-07-09","2015-07-23","2017-01-15","NEON.BET.D10.004799","ANICAR2","Animalia","Arthropoda","Insecta","Coleoptera","Carabidae","Harpalinae","Harpalini","Anisodactylus","Anisodactylus","carbonarius",,"Anisodactylus carbonarius","Say","species",,"F",,"Lindroth, C. H. 1969. The ground-beetles (Carabidae, excl. Cicindelinae) of Canada and Alaska, parts 1-6. Opuscula E. Entomoligiska Sallskapet.","Kipling Will","Essig Museum of Entomology",,"No known compromise","N",,
"96e93f1a-8df8-4d11-95ed-caf5fcec2686","STER_032.basePlot.bet","D10","STER","STER_032","2015-07-09","2015-07-23","2017-01-15","NEON.BET.D10.004796","ANICAR2","Animalia","Arthropoda","Insecta","Coleoptera","Carabidae","Harpalinae","Harpalini","Anisodactylus","Anisodactylus","carbonarius",,"Anisodactylus carbonarius","Say","species",,"F",,"Lindroth, C. H. 1969. The ground-beetles (Carabidae, excl. Cicindelinae) of Canada and Alaska, parts 1-6. Opuscula E. Entomoligiska Sallskapet.","Kipling Will","Essig Museum of Entomology",,"No known compromise","N",,
"acfaa8d6-191e-4fa6-9730-44b9095370a1","STER_032.basePlot.bet","D10","STER","STER_032","2015-07-09","2015-07-23","2017-01-15","NEON.BET.D10.004583","ANICAR2","Animalia","Arthropoda","Insecta","Coleoptera","Carabidae","Harpalinae","Harpalini","Anisodactylus","Anisodactylus","carbonarius",,"Anisodactylus carbonarius","Say","species",,"M",,"Lindroth, C. H. 1969. The ground-beetles (Carabidae, excl. Cicindelinae) of Canada and Alaska, parts 1-6. Opuscula E. Entomoligiska Sallskapet.","Kipling Will","Essig Museum of Entomology",,"No known compromise","N",,
"6e884e5c-d6aa-4d3a-b0bd-29359e39d66d","STER_032.basePlot.bet","D10","STER","STER_032","2015-07-09","2015-07-23","2017-01-15","NEON.BET.D10.004586","ANICAR2","Animalia","Arthropoda","Insecta","Coleoptera","Carabidae","Harpalinae","Harpalini","Anisodactylus","Anisodactylus","carbonarius",,"Anisodactylus carbonarius","Say","species",,"M",,"Lindroth, C. H. 1969. The ground-beetles (Carabidae, excl. Cicindelinae) of Canada and Alaska, parts 1-6. Opuscula E. Entomoligiska Sallskapet.","Kipling Will","Essig Museum of Entomology",,"No known compromise","N",,
"60c6a996-0453-4cfa-80e2-cffde0cec9fc","STER_032.basePlot.bet","D10","STER","STER_032","2015-07-09","2015-07-23","2017-01-15","NEON.BET.D10.004807","ANICAR2","Animalia","Arthropoda","Insecta","Coleoptera","Carabidae","Harpalinae","Harpalini","Anisodactylus","Anisodactylus","carbonarius",,"Anisodactylus carbonarius","Say","species",,"F",,"Lindroth, C. H. 1969. The ground-beetles (Carabidae, excl. Cicindelinae) of Canada and Alaska, parts 1-6. Opuscula E. Entomoligiska Sallskapet.","Kipling Will","Essig Museum of Entomology",,"No known compromise","N",,
"5682b3ba-7550-4d6c-ae6e-917b7687a5bc","STER_032.basePlot.bet","D10","STER","STER_032","2015-07-09","2015-07-23","2017-01-15","NEON.BET.D10.004582","ANICAR2","Animalia","Arthropoda","Insecta","Coleoptera","Carabidae","Harpalinae","Harpalini","Anisodactylus","Anisodactylus","carbonarius",,"Anisodactylus carbonarius","Say","species",,"M",,"Lindroth, C. H. 1969. The ground-beetles (Carabidae, excl. Cicindelinae) of Canada and Alaska, parts 1-6. Opuscula E. Entomoligiska Sallskapet.","Kipling Will","Essig Museum of Entomology",,"No known compromise","N",,
"101be34b-908e-4a5b-8f56-12ebc7dfc927","STER_032.basePlot.bet","D10","STER","STER_032","2015-07-09","2015-07-23","2017-01-15","NEON.BET.D10.004801","ANICAR2","Animalia","Arthropoda","Insecta","Coleoptera","Carabidae","Harpalinae","Harpalini","Anisodactylus","Anisodactylus","carbonarius",,"Anisodactylus carbonarius","Say","species",,"F",,"Lindroth, C. H. 1969. The ground-beetles (Carabidae, excl. Cicindelinae) of Canada and Alaska, parts 1-6. Opuscula E. Entomoligiska Sallskapet.","Kipling Will","Essig Museum of Entomology",,"No known compromise","N",,
"d3f87671-ab34-4eea-bd3e-ffabb3f833f7","STER_032.basePlot.bet","D10","STER","STER_032","2015-07-09","2015-07-23","2017-01-15","NEON.BET.D10.004798","ANICAR2","Animalia","Arthropoda","Insecta","Coleoptera","Carabidae","Harpalinae","Harpalini","Anisodactylus","Anisodactylus","carbonarius",,"Anisodactylus carbonarius","Say","species",,"F",,"Lindroth, C. H. 1969. The ground-beetles (Carabidae, excl. Cicindelinae) of Canada and Alaska, parts 1-6. Opuscula E. Entomoligiska Sallskapet.","Kipling Will","Essig Museum of Entomology",,"No known compromise","N",,
"67072ea5-139e-4dc8-b597-18cc6cd31372","STER_032.basePlot.bet","D10","STER","STER_032","2015-07-09","2015-07-23","2017-01-15","NEON.BET.D10.004580","ANICAR2","Animalia","Arthropoda","Insecta","Coleoptera","Carabidae","Harpalinae","Harpalini","Anisodactylus","Anisodactylus","carbonarius",,"Anisodactylus carbonarius","Say","species",,"M",,"Lindroth, C. H. 1969. The ground-beetles (Carabidae, excl. Cicindelinae) of Canada and Alaska, parts 1-6. Opuscula E. Entomoligiska Sallskapet.","Kipling Will","Essig Museum of Entomology",,"No known compromise","N",,
"9183e757-2cc5-449b-8e03-5b8173abe79d","STER_032.basePlot.bet","D10","STER","STER_032","2015-07-09","2015-07-23","2017-01-15","NEON.BET.D10.004806","ANICAR2","Animalia","Arthropoda","Insecta","Coleoptera","Carabidae","Harpalinae","Harpalini","Anisodactylus","Anisodactylus","carbonarius",,"Anisodactylus carbonarius","Say","species",,"F",,"Lindroth, C. H. 1969. The ground-beetles (Carabidae, excl. Cicindelinae) of Canada and Alaska, parts 1-6. Opuscula E. Entomoligiska Sallskapet.","Kipling Will","Essig Museum of Entomology",,"No known compromise","N",,
"4c489650-2785-49e2-af33-0e2d66fcae29","STER_032.basePlot.bet","D10","STER","STER_032","2015-07-09","2015-07-23","2017-01-15","NEON.BET.D10.004584","ANICAR2","Animalia","Arthropoda","Insecta","Coleoptera","Carabidae","Harpalinae","Harpalini","Anisodactylus","Anisodactylus","carbonarius",,"Anisodactylus carbonarius","Say","species",,"M",,"Lindroth, C. H. 1969. The ground-beetles (Carabidae, excl. Cicindelinae) of Canada and Alaska, parts 1-6. Opuscula E. Entomoligiska Sallskapet.","Kipling Will","Essig Museum of Entomology",,"No known compromise","N",,
"0f14a001-456f-45fc-9310-4075faec3874","STER_032.basePlot.bet","D10","STER","STER_032","2015-07-09","2015-07-23","2017-01-15","NEON.BET.D10.004804","ANICAR2","Animalia","Arthropoda","Insecta","Coleoptera","Carabidae","Harpalinae","Harpalini","Anisodactylus","Anisodactylus","carbonarius",,"Anisodactylus carbonarius","Say","species",,"F",,"Lindroth, C. H. 1969. The ground-beetles (Carabidae, excl. Cicindelinae) of Canada and Alaska, parts 1-6. Opuscula E. Entomoligiska Sallskapet.","Kipling Will","Essig Museum of Entomology",,"No known compromise","N",,
"0349ce0d-adb8-48b4-aeb4-84958d8a5002","STER_027.basePlot.bet","D10","STER","STER_027","2015-07-09","2015-07-23","2017-01-15","NEON.BET.D10.005224","AMACON3","Animalia","Arthropoda","Insecta","Coleoptera","Carabidae","Harpalinae","Zabrini","Amara","Amara","convexa",,"Amara convexa","LeConte","species",,"M",,"Lindroth, C. H. 1969. The ground-beetles (Carabidae, excl. Cicindelinae) of Canada and Alaska, parts 1-6. Opuscula E. Entomoligiska Sallskapet.","Kipling Will","Essig Museum of Entomology",,"No known compromise","N",,
"01383837-5ca1-4ac6-8ccd-5ccd10cb03a0","STER_028.basePlot.bet","D10","STER","STER_028","2015-07-09","2015-07-23","2017-01-15","NEON.BET.D10.005226","AMACON3","Animalia","Arthropoda","Insecta","Coleoptera","Carabidae","Harpalinae","Zabrini","Amara","Amara","convexa",,"Amara convexa","LeConte","species",,"M",,"Lindroth, C. H. 1969. The ground-beetles (Carabidae, excl. Cicindelinae) of Canada and Alaska, parts 1-6. Opuscula E. Entomoligiska Sallskapet.","Kipling Will","Essig Museum of Entomology",,"No known compromise","N",,
"049c9b37-74a5-47e5-8060-714e69f9446a","STER_027.basePlot.bet","D10","STER","STER_027","2015-07-09","2015-07-23","2017-01-15","NEON.BET.D10.005225","AMACON3","Animalia","Arthropoda","Insecta","Coleoptera","Carabidae","Harpalinae","Zabrini","Amara","Amara","convexa",,"Amara convexa","LeConte","species",,"F",,"Lindroth, C. H. 1969. The ground-beetles (Carabidae, excl. Cicindelinae) of Canada and Alaska, parts 1-6. Opuscula E. Entomoligiska Sallskapet.","Kipling Will","Essig Museum of Entomology",,"No known compromise","N",,
"d9834044-b3f3-41aa-9ed2-675403ee4033","STER_033.basePlot.bet","D10","STER","STER_033","2015-07-09","2015-07-23","2017-01-15","NEON.BET.D10.003793","CICPUN1","Animalia","Arthropoda","Insecta","Coleoptera","Carabidae","Cicindelinae","Cicindelini","Cicindela","Cicindelidia","punctulata","punctulata","Cicindela punctulata punctulata","Olivier","subspecies",,"F",,"Pearson, D., C. B. Knisley, and C. J. Kazilek. 2006. A Field Guide to the Tiger Beetles of the United States and Canada: Identification, Natural History, and Distribution of the Cicindelidae. Oxford University Press, New York.","Kipling Will","Essig Museum of Entomology",,"No known compromise","N",,
"664c0f33-e4b2-4dbe-a407-60c5ee9b0a50","STER_033.basePlot.bet","D10","STER","STER_033","2015-07-09","2015-07-23","2017-01-15","NEON.BET.D10.003797","HARREV","Animalia","Arthropoda","Insecta","Coleoptera","Carabidae","Harpalinae","Harpalini","Harpalus","Opadius","reversus",,"Harpalus reversus","Casey","species",,"M",,"Noonan, G. R. 1991. Classification, Cladistics, and Natural History of Native North American Harpalus Latreille (Insecta: Coleoptera: Carabidae: Harpalini), excluding subgenera Glanodes and Pseudophonus.","Kipling Will","Essig Museum of Entomology",,"No known compromise","N",,
"7b3809c9-0404-4309-a159-7fe9ebc142e5","STER_033.basePlot.bet","D10","STER","STER_033","2015-07-09","2015-07-23","2017-01-15","NEON.BET.D10.003794","HARCAL","Animalia","Arthropoda","Insecta","Coleoptera","Carabidae","Harpalinae","Harpalini","Harpalus","Megapangus","caliginosus",,"Harpalus caliginosus","Fabricius","species",,"F",,"Will, K. W. 1997. Review of the species of the subgenus Megapangus Casey (Coeloptera: Carabidae, Harpalini, Harpalus Latreille). The Coleopterists Bulletin 51:43-51.","Kipling Will","Essig Museum of Entomology",,"No known compromise","N",,
"1d2df9a8-3bf3-443a-8635-a1fae8264967","STER_033.basePlot.bet","D10","STER","STER_033","2015-07-09","2015-07-23","2017-01-15","NEON.BET.D10.003796","CRADUB","Animalia","Arthropoda","Insecta","Coleoptera","Carabidae","Harpalinae","Harpalini","Cratacanthus",,"dubius",,"Cratacanthus dubius","Palisot de Beauvois","species",,"M",,"Lindroth, C. H. 1969. The ground-beetles (Carabidae, excl. Cicindelinae) of Canada and Alaska, parts 1-6. Opuscula E. Entomoligiska Sallskapet.","Kipling Will","Essig Museum of Entomology",,"No known compromise","N",,
"b92646f5-5dcb-4a51-96fb-ad087495bf31","STER_035.basePlot.bet","D10","STER","STER_035","2015-07-09","2015-07-23","2017-01-15","NEON.BET.D10.003783","HARELL","Animalia","Arthropoda","Insecta","Coleoptera","Carabidae","Harpalinae","Harpalini","Harpalus","Harpalus","ellipsis",,"Harpalus ellipsis","LeConte","species",,"M",,"Noonan, G. R. 1991. Classification, Cladistics, and Natural History of Native North American Harpalus Latreille (Insecta: Coleoptera: Carabidae: Harpalini), excluding subgenera Glanodes and Pseudophonus.","Kipling Will","Essig Museum of Entomology",,"No known compromise","N",,
"24a6ceba-e077-4187-80ea-ebeae86b7e41","STER_035.basePlot.bet","D10","STER","STER_035","2015-07-09","2015-07-23","2017-01-15","NEON.BET.D10.003784","HARREV","Animalia","Arthropoda","Insecta","Coleoptera","Carabidae","Harpalinae","Harpalini","Harpalus","Opadius","reversus",,"Harpalus reversus","Casey","species",,"M",,"Noonan, G. R. 1991. Classification, Cladistics, and Natural History of Native North American Harpalus Latreille (Insecta: Coleoptera: Carabidae: Harpalini), excluding subgenera Glanodes and Pseudophonus.","Kipling Will","Essig Museum of Entomology",,"No known compromise","N",,
"a9331e96-4380-44d8-b523-be88becd7245","STER_035.basePlot.bet","D10","STER","STER_035","2015-07-09","2015-07-23","2017-01-15","NEON.BET.D10.003782","HARPAR","Animalia","Arthropoda","Insecta","Coleoptera","Carabidae","Harpalinae","Harpalini","Harpalus","Pseudoophonus","paratus",,"Harpalus paratus","Casey","species",,"F",,"Ball, G. E., and J. N. Anderson. 1962. The taxonomy and speciation of Pseudophonus (a subgenus of Harpalus: Haralini: Carabidae, known to occur in North America). The Catholic University of America Press, Washington 17, D. C.","Kipling Will","Essig Museum of Entomology",,"No known compromise","N",,
"ec016c03-2551-463a-9cb0-ab1ab2e976b8","STER_034.basePlot.bet","D10","STER","STER_034","2015-07-09","2015-07-23","2017-01-15","NEON.BET.D10.003786","HARSOM","Animalia","Arthropoda","Insecta","Coleoptera","Carabidae","Harpalinae","Harpalini","Harpalus","Harpalus","somnulentus",,"Harpalus somnulentus","Dejean","species",,"M",,"Noonan, G. R. 1991. Classification, Cladistics, and Natural History of Native North American Harpalus Latreille (Insecta: Coleoptera: Carabidae: Harpalini), excluding subgenera Glanodes and Pseudophonus.","Kipling Will","Essig Museum of Entomology",,"No known compromise","N",,
"db6949dd-3e08-49ed-830b-797942bca131","STER_032.basePlot.bet","D10","STER","STER_032","2015-07-09","2015-07-23","2017-01-15","NEON.BET.D10.003805","AMAFAR","Animalia","Arthropoda","Insecta","Coleoptera","Carabidae","Harpalinae","Zabrini","Amara","Amarocelia","farcta",,"Amara farcta","LeConte","species",,"F",,"Lindroth, C. H. 1969. The ground-beetles (Carabidae, excl. Cicindelinae) of Canada and Alaska, parts 1-6. Opuscula E. Entomoligiska Sallskapet.","Kipling Will","Essig Museum of Entomology",,"No known compromise","N",,
"91706297-9c8b-4000-a6ad-24563950e854","STER_032.basePlot.bet","D10","STER","STER_032","2015-07-09","2015-07-23","2017-01-15","NEON.BET.D10.003801","POELUC","Animalia","Arthropoda","Insecta","Coleoptera","Carabidae","Harpalinae","Pterostichini","Poecilus","Poecilus","lucublandus",,"Poecilus lucublandus","Say","species",,"M",,"Lindroth, C. H. 1969. The ground-beetles (Carabidae, excl. Cicindelinae) of Canada and Alaska, parts 1-6. Opuscula E. Entomoligiska Sallskapet.","Kipling Will","Essig Museum of Entomology",,"No known compromise","N",,
"563143a9-da46-4217-9a03-061c5b064d2f","STER_034.basePlot.bet","D10","STER","STER_034","2015-07-09","2015-07-23","2017-01-15","NEON.BET.D10.003789","CYCTOR","Animalia","Arthropoda","Insecta","Coleoptera","Carabidae","Harpalinae","Pterostichini","Cyclotrachelus","Evarthrus","torvus",,"Cyclotrachelus torvus","LeConte","species",,"F",,"Freitag, R. 1969. A revision of the species of the genus Evarthrus LeConte. Quaestiones Entomologicae 5:89-212.","Kipling Will","Essig Museum of Entomology",,"No known compromise","N",,
"abc22e15-99c8-4766-b902-2255cdb17c80","STER_032.basePlot.bet","D10","STER","STER_032","2015-07-09","2015-07-23","2017-01-15","NEON.BET.D10.003803","ELAANC","Animalia","Arthropoda","Insecta","Coleoptera","Carabidae","Trechinae","Bembidiini","Elaphropus","Barytachys","anceps",,"Elaphropus anceps","LeConte","species",,"M",,"Lindroth, C. H. 1969. The ground-beetles (Carabidae, excl. Cicindelinae) of Canada and Alaska, parts 1-6. Opuscula E. Entomoligiska Sallskapet.","Kipling Will","Essig Museum of Entomology",,"No known compromise","N",,
"3ffeb89b-c3ea-4907-a4df-c5c007b1810b","STER_034.basePlot.bet","D10","STER","STER_034","2015-07-09","2015-07-23","2017-01-15","NEON.BET.D10.003788","HARREV","Animalia","Arthropoda","Insecta","Coleoptera","Carabidae","Harpalinae","Harpalini","Harpalus","Opadius","reversus",,"Harpalus reversus","Casey","species",,"F",,"Noonan, G. R. 1991. Classification, Cladistics, and Natural History of Native North American Harpalus Latreille (Insecta: Coleoptera: Carabidae: Harpalini), excluding subgenera Glanodes and Pseudophonus.","Kipling Will","Essig Museum of Entomology",,"No known compromise","N",,
"b4257d84-67e5-4bfe-84dc-c990cffb0910","STER_032.basePlot.bet","D10","STER","STER_032","2015-07-09","2015-07-23","2017-01-15","NEON.BET.D10.003800","POELUC","Animalia","Arthropoda","Insecta","Coleoptera","Carabidae","Harpalinae","Pterostichini","Poecilus","Poecilus","lucublandus",,"Poecilus lucublandus","Say","species",,"F",,"Lindroth, C. H. 1969. The ground-beetles (Carabidae, excl. Cicindelinae) of Canada and Alaska, parts 1-6. Opuscula E. Entomoligiska Sallskapet.","Kipling Will","Essig Museum of Entomology",,"No known compromise","N",,
"295ad91b-e40e-4047-841e-ee4228fc0dfd","STER_032.basePlot.bet","D10","STER","STER_032","2015-07-09","2015-07-23","2017-01-15","NEON.BET.D10.003802","ELASP7","Animalia","Arthropoda","Insecta","Coleoptera","Carabidae","Trechinae","Bembidiini","Elaphropus",,"sp.",,"Elaphropus sp.","Motschulsky","genus",,"M","TKW.2017.MorphF","Lindroth, C. H. 1969. The ground-beetles (Carabidae, excl. Cicindelinae) of Canada and Alaska, parts 1-6. Opuscula E. Entomoligiska Sallskapet.","Kipling Will","Essig Museum of Entomology",,"No known compromise","N",,
"278038ff-57fa-422a-add8-5dd386db1194","STER_032.basePlot.bet","D10","STER","STER_032","2015-07-09","2015-07-23","2017-01-15","NEON.BET.D10.003799","POELUC","Animalia","Arthropoda","Insecta","Coleoptera","Carabidae","Harpalinae","Pterostichini","Poecilus","Poecilus","lucublandus",,"Poecilus lucublandus","Say","species",,"F",,"Lindroth, C. H. 1969. The ground-beetles (Carabidae, excl. Cicindelinae) of Canada and Alaska, parts 1-6. Opuscula E. Entomoligiska Sallskapet.","Kipling Will","Essig Museum of Entomology",,"No known compromise","N",,
"e2011b4d-6c05-4afb-abb2-15071d375330","STER_006.basePlot.bet","D10","STER","STER_006","2015-07-09","2015-07-23","2017-01-15","NEON.BET.D10.003852","POESCI","Animalia","Arthropoda","Insecta","Coleoptera","Carabidae","Harpalinae","Pterostichini","Poecilus","Poecilus","scitulus",,"Poecilus scitulus","LeConte","species",,"F",,"Lindroth, C. H. 1969. The ground-beetles (Carabidae, excl. Cicindelinae) of Canada and Alaska, parts 1-6. Opuscula E. Entomoligiska Sallskapet.","Kipling Will","Essig Museum of Entomology",,"No known compromise","N",,
"d7673960-8c32-48a4-8a62-cba626ce197a","STER_006.basePlot.bet","D10","STER","STER_006","2015-07-09","2015-07-23","2017-01-15","NEON.BET.D10.003858","HARCAL","Animalia","Arthropoda","Insecta","Coleoptera","Carabidae","Harpalinae","Harpalini","Harpalus","Megapangus","caliginosus",,"Harpalus caliginosus","Fabricius","species",,"F",,"Will, K. W. 1997. Review of the species of the subgenus Megapangus Casey (Coeloptera: Carabidae, Harpalini, Harpalus Latreille). The Coleopterists Bulletin 51:43-51.","Kipling Will","Essig Museum of Entomology",,"No known compromise","N",,
"9ec7751c-d91e-4151-b36c-1702d75adcc5","STER_006.basePlot.bet","D10","STER","STER_006","2015-07-09","2015-07-23","2017-01-15","NEON.BET.D10.003853","POELUC","Animalia","Arthropoda","Insecta","Coleoptera","Carabidae","Harpalinae","Pterostichini","Poecilus","Poecilus","lucublandus",,"Poecilus lucublandus","Say","species",,"M",,"Lindroth, C. H. 1969. The ground-beetles (Carabidae, excl. Cicindelinae) of Canada and Alaska, parts 1-6. Opuscula E. Entomoligiska Sallskapet.","Kipling Will","Essig Museum of Entomology",,"No known compromise","N",,
"1c3b5be9-3e61-4135-8964-28ffafcab25f","STER_027.basePlot.bet","D10","STER","STER_027","2015-07-09","2015-07-23","2017-01-15","NEON.BET.D10.003890","ACUPAR","Animalia","Arthropoda","Insecta","Coleoptera","Carabidae","Harpalinae","Harpalini","Acupalpus","Tachistodes","partiarius",,"Acupalpus partiarius","Say","species",,"F",,"Lindroth, C. H. 1969. The ground-beetles (Carabidae, excl. Cicindelinae) of Canada and Alaska, parts 1-6. Opuscula E. Entomoligiska Sallskapet.","Kipling Will","Essig Museum of Entomology",,"No known compromise","N",,
"c4e2d1b2-b5ea-403a-9bcf-44832cbc23ea","STER_006.basePlot.bet","D10","STER","STER_006","2015-07-09","2015-07-23","2017-01-15","NEON.BET.D10.003860","HARPEN","Animalia","Arthropoda","Insecta","Coleoptera","Carabidae","Harpalinae","Harpalini","Harpalus","Pseudoophonus","pensylvanicus",,"Harpalus pensylvanicus","DeGeer","species",,"F",,"Ball, G. E., and J. N. Anderson. 1962. The taxonomy and speciation of Pseudophonus (a subgenus of Harpalus: Haralini: Carabidae, known to occur in North America). The Catholic University of America Press, Washington 17, D. C.","Kipling Will","Essig Museum of Entomology",,"No known compromise","N",,
"d760b04e-4d40-4d2f-b91d-6683129fae95","STER_027.basePlot.bet","D10","STER","STER_027","2015-07-09","2015-07-23","2017-01-15","NEON.BET.D10.003885","ANICAR2","Animalia","Arthropoda","Insecta","Coleoptera","Carabidae","Harpalinae","Harpalini","Anisodactylus","Anisodactylus","carbonarius",,"Anisodactylus carbonarius","Say","species",,"M",,"Lindroth, C. H. 1969. The ground-beetles (Carabidae, excl. Cicindelinae) of Canada and Alaska, parts 1-6. Opuscula E. Entomoligiska Sallskapet.","Kipling Will","Essig Museum of Entomology",,"No known compromise","N",,
"ba0f5f43-6f91-41d9-8708-7d10599b985b","STER_027.basePlot.bet","D10","STER","STER_027","2015-07-09","2015-07-23","2017-01-15","NEON.BET.D10.003880","PASELO","Animalia","Arthropoda","Insecta","Coleoptera","Carabidae","Scaritinae","Pasimachini","Pasimachus","Pasimachus","elongatus",,"Pasimachus elongatus","LeConte","species",,"F",,"Banninger, M. 1950. The subtribe Pasimachina (Coleoptera, Carabidae, Scaritini). Revista de Entomologica 21:481-511.","Kipling Will","Essig Museum of Entomology",,"No known compromise","N",,
"5254d290-c192-4754-a298-173c4e208c95","STER_027.basePlot.bet","D10","STER","STER_027","2015-07-09","2015-07-23","2017-01-15","NEON.BET.D10.003886","PIOSET","Animalia","Arthropoda","Insecta","Coleoptera","Carabidae","Harpalinae","Harpalini","Piosoma",,"setosum",,"Piosoma setosum","LeConte","species",,"F",,"Lindroth, C. H. 1969. The ground-beetles (Carabidae, excl. Cicindelinae) of Canada and Alaska, parts 1-6. Opuscula E. Entomoligiska Sallskapet.","Kipling Will","Essig Museum of Entomology",,"No known compromise","N",,
"048b002b-f5a3-474b-a211-4ff8f1d4c3e5","STER_027.basePlot.bet","D10","STER","STER_027","2015-07-09","2015-07-23","2017-01-15","NEON.BET.D10.003889","AMACON3","Animalia","Arthropoda","Insecta","Coleoptera","Carabidae","Harpalinae","Zabrini","Amara","Amara","convexa",,"Amara convexa","LeConte","species",,"M",,"Lindroth, C. H. 1969. The ground-beetles (Carabidae, excl. Cicindelinae) of Canada and Alaska, parts 1-6. Opuscula E. Entomoligiska Sallskapet.","Kipling Will","Essig Museum of Entomology",,"No known compromise","N",,
"b8b229ab-258a-485d-926d-bee435cacc9a","STER_027.basePlot.bet","D10","STER","STER_027","2015-07-09","2015-07-23","2017-01-15","NEON.BET.D10.003887","ANIRUS","Animalia","Arthropoda","Insecta","Coleoptera","Carabidae","Harpalinae","Harpalini","Anisodactylus","Gynandrotarsus","rusticus",,"Anisodactylus rusticus","Say","species",,"F",,"Lindroth, C. H. 1969. The ground-beetles (Carabidae, excl. Cicindelinae) of Canada and Alaska, parts 1-6. Opuscula E. Entomoligiska Sallskapet.","Kipling Will","Essig Museum of Entomology",,"No known compromise","N",,
"1a35a060-cd2b-4835-a0e0-cb472a849cfa","STER_027.basePlot.bet","D10","STER","STER_027","2015-07-09","2015-07-23","2017-01-15","NEON.BET.D10.003878","HARREV","Animalia","Arthropoda","Insecta","Coleoptera","Carabidae","Harpalinae","Harpalini","Harpalus","Opadius","reversus",,"Harpalus reversus","Casey","species",,"F",,"Noonan, G. R. 1991. Classification, Cladistics, and Natural History of Native North American Harpalus Latreille (Insecta: Coleoptera: Carabidae: Harpalini), excluding subgenera Glanodes and Pseudophonus.","Kipling Will","Essig Museum of Entomology",,"No known compromise","N",,
"46a61829-32d5-4197-9e9d-b9d7dd8279f4","STER_027.basePlot.bet","D10","STER","STER_027","2015-07-09","2015-07-23","2017-01-15","NEON.BET.D10.003883","AMAFAR","Animalia","Arthropoda","Insecta","Coleoptera","Carabidae","Harpalinae","Zabrini","Amara","Amarocelia","farcta",,"Amara farcta","LeConte","species",,"M",,"Lindroth, C. H. 1969. The ground-beetles (Carabidae, excl. Cicindelinae) of Canada and Alaska, parts 1-6. Opuscula E. Entomoligiska Sallskapet.","Kipling Will","Essig Museum of Entomology",,"No known compromise","N",,
"48864a85-8050-4a8c-9358-b468eae23986","STER_027.basePlot.bet","D10","STER","STER_027","2015-07-09","2015-07-23","2017-01-15","NEON.BET.D10.003882","HARREV","Animalia","Arthropoda","Insecta","Coleoptera","Carabidae","Harpalinae","Harpalini","Harpalus","Opadius","reversus",,"Harpalus reversus","Casey","species",,"F",,"Noonan, G. R. 1991. Classification, Cladistics, and Natural History of Native North American Harpalus Latreille (Insecta: Coleoptera: Carabidae: Harpalini), excluding subgenera Glanodes and Pseudophonus.","Kipling Will","Essig Museum of Entomology",,"No known compromise","N",,
"1750213f-46b8-4e79-ae3f-90e80ded42a4","STER_029.basePlot.bet","D10","STER","STER_029","2015-07-09","2015-07-23","2017-01-15","NEON.BET.D10.003898","HARPEN","Animalia","Arthropoda","Insecta","Coleoptera","Carabidae","Harpalinae","Harpalini","Harpalus","Pseudoophonus","pensylvanicus",,"Harpalus pensylvanicus","DeGeer","species",,"F",,"Ball, G. E., and J. N. Anderson. 1962. The taxonomy and speciation of Pseudophonus (a subgenus of Harpalus: Haralini: Carabidae, known to occur in North America). The Catholic University of America Press, Washington 17, D. C.","Kipling Will","Essig Museum of Entomology",,"No known compromise","N",,
"3778e29e-c14e-4a61-880e-98a7383ebcd9","STER_029.basePlot.bet","D10","STER","STER_029","2015-07-09","2015-07-23","2017-01-15","NEON.BET.D10.003893","CALAFF1","Animalia","Arthropoda","Insecta","Coleoptera","Carabidae","Carabinae","Carabini","Calosoma","Chrysostigma","affine",,"Calosoma affine","Chaudoir","species",,"M",,"Gidaspow, T. 1959. North American caterpillar hunters of the genera Calosma and Callisthenes (Coleoptera, Carabidae). Bulletin of the American Museum of Natural History 116:225-344.","Kipling Will","Essig Museum of Entomology",,"No known compromise","N",,
"bcfc8ade-1e95-4cbb-bcf6-6df7ef3d9c54","STER_029.basePlot.bet","D10","STER","STER_029","2015-07-09","2015-07-23","2017-01-15","NEON.BET.D10.003899","HARREV","Animalia","Arthropoda","Insecta","Coleoptera","Carabidae","Harpalinae","Harpalini","Harpalus","Opadius","reversus",,"Harpalus reversus","Casey","species",,"F",,"Noonan, G. R. 1991. Classification, Cladistics, and Natural History of Native North American Harpalus Latreille (Insecta: Coleoptera: Carabidae: Harpalini), excluding subgenera Glanodes and Pseudophonus.","Kipling Will","Essig Museum of Entomology",,"No known compromise","N",,
"42bd42b0-8777-423b-ab1e-c86689f1d0ce","STER_028.basePlot.bet","D10","STER","STER_028","2015-07-09","2015-07-23","2017-01-15","NEON.BET.D10.003913","HARREV","Animalia","Arthropoda","Insecta","Coleoptera","Carabidae","Harpalinae","Harpalini","Harpalus","Opadius","reversus",,"Harpalus reversus","Casey","species",,"M",,"Noonan, G. R. 1991. Classification, Cladistics, and Natural History of Native North American Harpalus Latreille (Insecta: Coleoptera: Carabidae: Harpalini), excluding subgenera Glanodes and Pseudophonus.","Kipling Will","Essig Museum of Entomology",,"No known compromise","N",,
"e0eaed0e-79a8-4975-9c15-bbdde604b962","STER_028.basePlot.bet","D10","STER","STER_028","2015-07-09","2015-07-23","2017-01-15","NEON.BET.D10.003914","PTEFEM","Animalia","Arthropoda","Insecta","Coleoptera","Carabidae","Harpalinae","Pterostichini","Pterostichus","Phonias","femoralis",,"Pterostichus femoralis","Kirby","species",,"M",,"Lindroth, C. H. 1969. The ground-beetles (Carabidae, excl. Cicindelinae) of Canada and Alaska, parts 1-6. Opuscula E. Entomoligiska Sallskapet.","Kipling Will","Essig Museum of Entomology",,"No known compromise","N",,
"4faac195-caa5-427b-ab76-4b816a4b28ce","STER_026.basePlot.bet","D10","STER","STER_026","2015-07-09","2015-07-23","2017-01-15","NEON.BET.D10.003876","ANICAR2","Animalia","Arthropoda","Insecta","Coleoptera","Carabidae","Harpalinae","Harpalini","Anisodactylus","Anisodactylus","carbonarius",,"Anisodactylus carbonarius","Say","species",,"M",,"Lindroth, C. H. 1969. The ground-beetles (Carabidae, excl. Cicindelinae) of Canada and Alaska, parts 1-6. Opuscula E. Entomoligiska Sallskapet.","Kipling Will","Essig Museum of Entomology",,"No known compromise","N",,
"aafce1f7-4097-4e50-bc3a-b21dfdeeb19c","STER_026.basePlot.bet","D10","STER","STER_026","2015-07-09","2015-07-23","2017-01-15","NEON.BET.D10.003866","ANICAR2","Animalia","Arthropoda","Insecta","Coleoptera","Carabidae","Harpalinae","Harpalini","Anisodactylus","Anisodactylus","carbonarius",,"Anisodactylus carbonarius","Say","species",,"M",,"Lindroth, C. H. 1969. The ground-beetles (Carabidae, excl. Cicindelinae) of Canada and Alaska, parts 1-6. Opuscula E. Entomoligiska Sallskapet.","Kipling Will","Essig Museum of Entomology",,"No known compromise","N",,
"3b67135f-d5c7-4e71-9608-8ed1e8e05c46","STER_026.basePlot.bet","D10","STER","STER_026","2015-07-09","2015-07-23","2017-01-15","NEON.BET.D10.003871","HARREV","Animalia","Arthropoda","Insecta","Coleoptera","Carabidae","Harpalinae","Harpalini","Harpalus","Opadius","reversus",,"Harpalus reversus","Casey","species",,"F",,"Noonan, G. R. 1991. Classification, Cladistics, and Natural History of Native North American Harpalus Latreille (Insecta: Coleoptera: Carabidae: Harpalini), excluding subgenera Glanodes and Pseudophonus.","Kipling Will","Essig Museum of Entomology",,"No known compromise","N",,
"484e85b9-3c4d-4a3e-b2d0-bfcefa48b635","STER_026.basePlot.bet","D10","STER","STER_026","2015-07-09","2015-07-23","2017-01-15","NEON.BET.D10.003875","AMAFAR","Animalia","Arthropoda","Insecta","Coleoptera","Carabidae","Harpalinae","Zabrini","Amara","Amarocelia","farcta",,"Amara farcta","LeConte","species",,"F",,"Lindroth, C. H. 1969. The ground-beetles (Carabidae, excl. Cicindelinae) of Canada and Alaska, parts 1-6. Opuscula E. Entomoligiska Sallskapet.","Kipling Will","Essig Museum of Entomology",,"No known compromise","N",,
"74de288b-171e-4577-be84-1f9c2ce0767f","STER_026.basePlot.bet","D10","STER","STER_026","2015-07-09","2015-07-23","2017-01-15","NEON.BET.D10.003877","ANICAR2","Animalia","Arthropoda","Insecta","Coleoptera","Carabidae","Harpalinae","Harpalini","Anisodactylus","Anisodactylus","carbonarius",,"Anisodactylus carbonarius","Say","species",,"F",,"Lindroth, C. H. 1969. The ground-beetles (Carabidae, excl. Cicindelinae) of Canada and Alaska, parts 1-6. Opuscula E. Entomoligiska Sallskapet.","Kipling Will","Essig Museum of Entomology",,"No known compromise","N",,
"766da466-6bc2-4ae0-bb7e-1c246be78fe0","STER_026.basePlot.bet","D10","STER","STER_026","2015-07-09","2015-07-23","2017-01-15","NEON.BET.D10.003870","HARREV","Animalia","Arthropoda","Insecta","Coleoptera","Carabidae","Harpalinae","Harpalini","Harpalus","Opadius","reversus",,"Harpalus reversus","Casey","species",,"F",,"Noonan, G. R. 1991. Classification, Cladistics, and Natural History of Native North American Harpalus Latreille (Insecta: Coleoptera: Carabidae: Harpalini), excluding subgenera Glanodes and Pseudophonus.","Kipling Will","Essig Museum of Entomology",,"No known compromise","N",,
"a358db93-b288-4bb7-8628-e9421381fb03","STER_026.basePlot.bet","D10","STER","STER_026","2015-07-09","2015-07-23","2017-01-15","NEON.BET.D10.003865","CHLTOM","Animalia","Arthropoda","Insecta","Coleoptera","Carabidae","Harpalinae","Chlaeniini","Chlaenius","Eurydactylus","tomentosus",,"Chlaenius tomentosus","Say","species",,"M",,"Bell, R. T. 1960. A Revision of the Genus Chlaenius Bonelli (Coleoptera, Carabidae) in North America. Miscellaneous Publications of the Entomological Society of America 1:98-166.","Kipling Will","Essig Museum of Entomology",,"No known compromise","N",,
"10c73e16-4fab-4591-b5cf-fd20c9f760a9","STER_026.basePlot.bet","D10","STER","STER_026","2015-07-09","2015-07-23","2017-01-15","NEON.BET.D10.003873","AMACON3","Animalia","Arthropoda","Insecta","Coleoptera","Carabidae","Harpalinae","Zabrini","Amara","Amara","convexa",,"Amara convexa","LeConte","species",,"M",,"Lindroth, C. H. 1969. The ground-beetles (Carabidae, excl. Cicindelinae) of Canada and Alaska, parts 1-6. Opuscula E. Entomoligiska Sallskapet.","Kipling Will","Essig Museum of Entomology",,"No known compromise","N",,
"b1d95387-5b39-4806-87c6-44f99b21543b","STER_026.basePlot.bet","D10","STER","STER_026","2015-07-09","2015-07-23","2017-01-15","NEON.BET.D10.003867","CYCTOR","Animalia","Arthropoda","Insecta","Coleoptera","Carabidae","Harpalinae","Pterostichini","Cyclotrachelus","Evarthrus","torvus",,"Cyclotrachelus torvus","LeConte","species",,"F",,"Freitag, R. 1969. A revision of the species of the genus Evarthrus LeConte. Quaestiones Entomologicae 5:89-212.","Kipling Will","Essig Museum of Entomology",,"No known compromise","N",,
"7cd7598d-acac-4ba9-96c0-7f3b69ab2fb4","STER_026.basePlot.bet","D10","STER","STER_026","2015-07-09","2015-07-23","2017-01-15","NEON.BET.D10.003869","ANICAR2","Animalia","Arthropoda","Insecta","Coleoptera","Carabidae","Harpalinae","Harpalini","Anisodactylus","Anisodactylus","carbonarius",,"Anisodactylus carbonarius","Say","species",,"F",,"Lindroth, C. H. 1969. The ground-beetles (Carabidae, excl. Cicindelinae) of Canada and Alaska, parts 1-6. Opuscula E. Entomoligiska Sallskapet.","Kipling Will","Essig Museum of Entomology",,"No known compromise","N",,
"494d1fe6-6406-4567-b4b0-a4ea846c675b","STER_028.basePlot.bet","D10","STER","STER_028","2015-07-09","2015-07-23","2017-01-15","NEON.BET.D10.003928","ELAANC","Animalia","Arthropoda","Insecta","Coleoptera","Carabidae","Trechinae","Bembidiini","Elaphropus","Barytachys","anceps",,"Elaphropus anceps","LeConte","species",,"F",,"Lindroth, C. H. 1969. The ground-beetles (Carabidae, excl. Cicindelinae) of Canada and Alaska, parts 1-6. Opuscula E. Entomoligiska Sallskapet.","Kipling Will","Essig Museum of Entomology",,"No known compromise","N",,
"e7602ac2-24f8-4d32-90ef-a66943ac934c","STER_028.basePlot.bet","D10","STER","STER_028","2015-07-09","2015-07-23","2017-01-15","NEON.BET.D10.003915","DISPAR1","Animalia","Arthropoda","Insecta","Coleoptera","Carabidae","Harpalinae","Harpalini","Discoderus",,"parallelus",,"Discoderus parallelus","Haldeman","species",,"F",,"Lindroth, C. H. 1969. The ground-beetles (Carabidae, excl. Cicindelinae) of Canada and Alaska, parts 1-6. Opuscula E. Entomoligiska Sallskapet.","Kipling Will","Essig Museum of Entomology",,"No known compromise","N",,
"2c5683eb-a0c1-4fef-b9da-0f648643b3f2","STER_031.basePlot.bet","D10","STER","STER_031","2015-07-09","2015-07-23","2017-01-15","NEON.BET.D10.003926","CICPUN1","Animalia","Arthropoda","Insecta","Coleoptera","Carabidae","Cicindelinae","Cicindelini","Cicindela","Cicindelidia","punctulata","punctulata","Cicindela punctulata punctulata","Olivier","subspecies",,"F",,"Pearson, D., C. B. Knisley, and C. J. Kazilek. 2006. A Field Guide to the Tiger Beetles of the United States and Canada: Identification, Natural History, and Distribution of the Cicindelidae. Oxford University Press, New York.","Kipling Will","Essig Museum of Entomology",,"No known compromise","N",,
"8aa92116-c26f-41be-8d2f-6f9985d149ad","STER_029.basePlot.bet","D10","STER","STER_029","2015-07-09","2015-07-23","2017-01-15","NEON.BET.D10.003950","ELASP7","Animalia","Arthropoda","Insecta","Coleoptera","Carabidae","Trechinae","Bembidiini","Elaphropus",,"sp.",,"Elaphropus sp.","Motschulsky","genus",,"M","TKW.2017.MorphF","Lindroth, C. H. 1969. The ground-beetles (Carabidae, excl. Cicindelinae) of Canada and Alaska, parts 1-6. Opuscula E. Entomoligiska Sallskapet.","Kipling Will","Essig Museum of Entomology",,"No known compromise","N",,
"557b26c7-a92c-4afa-9d8a-34eddb89613d","STER_029.basePlot.bet","D10","STER","STER_029","2015-07-09","2015-07-23","2017-01-15","NEON.BET.D10.003929","PTEFEM","Animalia","Arthropoda","Insecta","Coleoptera","Carabidae","Harpalinae","Pterostichini","Pterostichus","Phonias","femoralis",,"Pterostichus femoralis","Kirby","species",,"F",,"Lindroth, C. H. 1969. The ground-beetles (Carabidae, excl. Cicindelinae) of Canada and Alaska, parts 1-6. Opuscula E. Entomoligiska Sallskapet.","Kipling Will","Essig Museum of Entomology",,"No known compromise","N",,
"5e521916-03f9-4736-a508-a1abb05c9883","STER_029.basePlot.bet","D10","STER","STER_029","2015-07-09","2015-07-23","2017-01-15","NEON.BET.D10.003949","HARPEN","Animalia","Arthropoda","Insecta","Coleoptera","Carabidae","Harpalinae","Harpalini","Harpalus","Pseudoophonus","pensylvanicus",,"Harpalus pensylvanicus","DeGeer","species",,"F",,"Ball, G. E., and J. N. Anderson. 1962. The taxonomy and speciation of Pseudophonus (a subgenus of Harpalus: Haralini: Carabidae, known to occur in North America). The Catholic University of America Press, Washington 17, D. C.","Kipling Will","Essig Museum of Entomology",,"No known compromise","N",,
"6a9adeef-ad3c-4943-8f28-acef4c25025b","STER_032.basePlot.bet","D10","STER","STER_032","2015-07-09","2015-07-23","2017-01-15","NEON.BET.D10.003924","ANIRUS","Animalia","Arthropoda","Insecta","Coleoptera","Carabidae","Harpalinae","Harpalini","Anisodactylus","Gynandrotarsus","rusticus",,"Anisodactylus rusticus","Say","species",,"M",,"Lindroth, C. H. 1969. The ground-beetles (Carabidae, excl. Cicindelinae) of Canada and Alaska, parts 1-6. Opuscula E. Entomoligiska Sallskapet.","Kipling Will","Essig Museum of Entomology",,"No known compromise","N",,
"5ea5a460-6b94-4b34-9a12-92f8274f73e5","STER_032.basePlot.bet","D10","STER","STER_032","2015-07-09","2015-07-23","2017-01-15","NEON.BET.D10.003923","DYSPLA","Animalia","Arthropoda","Insecta","Coleoptera","Carabidae","Scaritinae","Dyschiriini","Dyschirius","Dyschiriodes","planatus",,"Dyschirius planatus","Lindroth","species",,"U",,"Bousquet, Y. 1988. Dyschirius of America North of Mexico - Descriptions of New Species with Keys to Species Groups and Species (Coleoptera, Carabidae). Canadian Entomologist 120:361-387.","Kipling Will","Essig Museum of Entomology",,"No known compromise","N",,
"7ef00f7d-2a21-4205-ad9e-ad2d5799c486","STER_031.basePlot.bet","D10","STER","STER_031","2015-07-09","2015-07-23","2017-01-15","NEON.BET.D10.004418","AGOPLA","Animalia","Arthropoda","Insecta","Coleoptera","Carabidae","Harpalinae","Platynini","Agonum","Agonum","placidum",,"Agonum placidum","Say","species",,"F",,"Liebherr, J. K. 1994. Identification of new world Agonum , review of the mexican fauna , and description of Incagonum , new genus , from South America (Coleoptera: Carabidae: Platynini). Journal of The New York Entomological Society 102:1-55.","Kipling Will","Essig Museum of Entomology",,"No known compromise","N",,
"678319ad-5b7e-49e9-b4b8-041da4357a35","STER_032.basePlot.bet","D10","STER","STER_032","2015-07-09","2015-07-23","2017-01-15","NEON.BET.D10.004510","DYSPLA","Animalia","Arthropoda","Insecta","Coleoptera","Carabidae","Scaritinae","Dyschiriini","Dyschirius","Dyschiriodes","planatus",,"Dyschirius planatus","Lindroth","species",,"U",,"Bousquet, Y. 1988. Dyschirius of America North of Mexico - Descriptions of New Species with Keys to Species Groups and Species (Coleoptera, Carabidae). Canadian Entomologist 120:361-387.","Kipling Will","Essig Museum of Entomology",,"No known compromise","N",,
"2e6d4eec-e506-4277-a155-1814b8e1964d","STER_032.basePlot.bet","D10","STER","STER_032","2015-07-09","2015-07-23","2017-01-15","NEON.BET.D10.004521","AMAFAR","Animalia","Arthropoda","Insecta","Coleoptera","Carabidae","Harpalinae","Zabrini","Amara","Amarocelia","farcta",,"Amara farcta","LeConte","species",,"M",,"Lindroth, C. H. 1969. The ground-beetles (Carabidae, excl. Cicindelinae) of Canada and Alaska, parts 1-6. Opuscula E. Entomoligiska Sallskapet.","Kipling Will","Essig Museum of Entomology",,"No known compromise","N",,
"fd00f7e6-19dd-4b6d-a5ac-ff3413793651","STER_032.basePlot.bet","D10","STER","STER_032","2015-07-09","2015-07-23","2017-01-15","NEON.BET.D10.004522","AMAFAR","Animalia","Arthropoda","Insecta","Coleoptera","Carabidae","Harpalinae","Zabrini","Amara","Amarocelia","farcta",,"Amara farcta","LeConte","species",,"M",,"Lindroth, C. H. 1969. The ground-beetles (Carabidae, excl. Cicindelinae) of Canada and Alaska, parts 1-6. Opuscula E. Entomoligiska Sallskapet.","Kipling Will","Essig Museum of Entomology",,"No known compromise","N",,
"ab8b821b-0bc2-45ff-a93c-fd48b7524313","STER_032.basePlot.bet","D10","STER","STER_032","2015-07-09","2015-07-23","2017-01-15","NEON.BET.D10.004578","ANICAR2","Animalia","Arthropoda","Insecta","Coleoptera","Carabidae","Harpalinae","Harpalini","Anisodactylus","Anisodactylus","carbonarius",,"Anisodactylus carbonarius","Say","species",,"M",,"Lindroth, C. H. 1969. The ground-beetles (Carabidae, excl. Cicindelinae) of Canada and Alaska, parts 1-6. Opuscula E. Entomoligiska Sallskapet.","Kipling Will","Essig Museum of Entomology",,"No known compromise","N",,
"fe1bbd76-7e63-4786-8a8a-c78cd1be8d63","STER_032.basePlot.bet","D10","STER","STER_032","2015-07-09","2015-07-23","2017-01-15","NEON.BET.D10.004574","ANICAR2","Animalia","Arthropoda","Insecta","Coleoptera","Carabidae","Harpalinae","Harpalini","Anisodactylus","Anisodactylus","carbonarius",,"Anisodactylus carbonarius","Say","species",,"M",,"Lindroth, C. H. 1969. The ground-beetles (Carabidae, excl. Cicindelinae) of Canada and Alaska, parts 1-6. Opuscula E. Entomoligiska Sallskapet.","Kipling Will","Essig Museum of Entomology",,"No known compromise","N",,
"aaf341b5-c27d-4ed3-bda2-03680c86ad75","STER_032.basePlot.bet","D10","STER","STER_032","2015-07-09","2015-07-23","2017-01-15","NEON.BET.D10.004577","ANICAR2","Animalia","Arthropoda","Insecta","Coleoptera","Carabidae","Harpalinae","Harpalini","Anisodactylus","Anisodactylus","carbonarius",,"Anisodactylus carbonarius","Say","species",,"M",,"Lindroth, C. H. 1969. The ground-beetles (Carabidae, excl. Cicindelinae) of Canada and Alaska, parts 1-6. Opuscula E. Entomoligiska Sallskapet.","Kipling Will","Essig Museum of Entomology",,"No known compromise","N",,
"40f726c7-9e4f-40f9-a793-ec5d0a1f9239","STER_033.basePlot.bet","D10","STER","STER_033","2015-07-09","2015-07-23","2017-01-15","NEON.BET.D10.004814","HARCAL","Animalia","Arthropoda","Insecta","Coleoptera","Carabidae","Harpalinae","Harpalini","Harpalus","Megapangus","caliginosus",,"Harpalus caliginosus","Fabricius","species",,"M",,"Will, K. W. 1997. Review of the species of the subgenus Megapangus Casey (Coeloptera: Carabidae, Harpalini, Harpalus Latreille). The Coleopterists Bulletin 51:43-51.","Kipling Will","Essig Museum of Entomology",,"No known compromise","N",,
"ec2976d7-f903-4720-8716-949a54a62eed","STER_033.basePlot.bet","D10","STER","STER_033","2015-07-09","2015-07-23","2017-01-15","NEON.BET.D10.004777","ANICAR2","Animalia","Arthropoda","Insecta","Coleoptera","Carabidae","Harpalinae","Harpalini","Anisodactylus","Anisodactylus","carbonarius",,"Anisodactylus carbonarius","Say","species",,"F",,"Lindroth, C. H. 1969. The ground-beetles (Carabidae, excl. Cicindelinae) of Canada and Alaska, parts 1-6. Opuscula E. Entomoligiska Sallskapet.","Kipling Will","Essig Museum of Entomology",,"No known compromise","N",,
"777dd8ee-8312-4ff0-8391-a16b699619f6","STER_033.basePlot.bet","D10","STER","STER_033","2015-07-09","2015-07-23","2017-01-15","NEON.BET.D10.004815","HARCAL","Animalia","Arthropoda","Insecta","Coleoptera","Carabidae","Harpalinae","Harpalini","Harpalus","Megapangus","caliginosus",,"Harpalus caliginosus","Fabricius","species",,"F",,"Will, K. W. 1997. Review of the species of the subgenus Megapangus Casey (Coeloptera: Carabidae, Harpalini, Harpalus Latreille). The Coleopterists Bulletin 51:43-51.","Kipling Will","Essig Museum of Entomology",,"No known compromise","N",,
"ef0b9d32-b66b-4009-a8d9-f4c5450a00b7","STER_031.basePlot.bet","D10","STER","STER_031","2015-07-09","2015-07-23","2017-01-15","NEON.BET.D10.004813","HARCAL","Animalia","Arthropoda","Insecta","Coleoptera","Carabidae","Harpalinae","Harpalini","Harpalus","Megapangus","caliginosus",,"Harpalus caliginosus","Fabricius","species",,"M",,"Will, K. W. 1997. Review of the species of the subgenus Megapangus Casey (Coeloptera: Carabidae, Harpalini, Harpalus Latreille). The Coleopterists Bulletin 51:43-51.","Kipling Will","Essig Museum of Entomology",,"No known compromise","N",,
"fb7e7783-4b8d-4edd-a580-c91e15c145f1","STER_026.basePlot.bet","D10","STER","STER_026","2015-07-09","2015-07-23","2017-01-15","NEON.BET.D10.004597","CHLTOM","Animalia","Arthropoda","Insecta","Coleoptera","Carabidae","Harpalinae","Chlaeniini","Chlaenius","Eurydactylus","tomentosus",,"Chlaenius tomentosus","Say","species",,"F",,"Bell, R. T. 1960. A Revision of the Genus Chlaenius Bonelli (Coleoptera, Carabidae) in North America. Miscellaneous Publications of the Entomological Society of America 1:98-166.","Kipling Will","Essig Museum of Entomology",,"No known compromise","N",,
