uid,namedLocation,domainID,siteID,plotID,setDate,collectDate,processingDate,subsampleIDList,archiveVialID,scientificName,recordedBy,remarks
"16a0b70b-3d0f-4b88-8eb5-03b7e05177e1","STER_029.basePlot.bet","D10","STER","STER_029","2015-06-25","2015-07-09","2016-05-31","KK2q9nxeS93FDA0MneZic8tRExzMGdoaBYYHN0F1w/WpOxGUbktR52zbnyVFFCg//ycNHkhMoGOzTDlJkvYKgQ==","KK2q9nxeS93QC6fSk9q/93sv7/zyDDHv94Kiwbq9BEk=","Cyclotrachelus torvus",,
"049a470d-4a19-4f65-acd7-a62686a6b906","STER_006.basePlot.bet","D10","STER","STER_006","2015-06-25","2015-07-09","2016-05-19","LZ9IDatJ8HHjiyVN6evxrVagaAP75iaxj09SPdDvyHW7D5Jozrv0x9AvhhfIJeG3GMZJk8rmuvU/vpHeeQtOyBvHAeJYLqdZdRAfThYoHsm8U9bFyyA2IKSPv0zNRiB3NlIOFmSgJbOnOmC5G3ZYhviFz1BGwLN4","LZ9IDatJ8HG4I5IOx7OH7jukAl0sqPC/dnZcJUinmIA=","Cyclotrachelus torvus",,
"25d4094f-0aa8-4ffb-9bc1-c66b9669310b","STER_035.basePlot.bet","D10","STER","STER_035","2015-06-25","2015-07-09","2016-05-20","xZ4ZeMJQZ4K09dkdpMTitez7LPGq2XgXSzgA8BQ8P0EhjcwG0R1kaeAi+CzBgaytq7MQfuGyI9RRT72SvgoBIg==","xZ4ZeMJQZ4Iz6alYCfpLij9R0w0FmR9a+In9KIQY/14=","Harpalus pensylvanicus",,
"fd71ecef-040e-4043-bf57-c9f374eef943","STER_027.basePlot.bet","D10","STER","STER_027","2015-06-25","2015-07-09","2016-05-23","FuEDHNSxWAmWrmLbNUzIvrUPsQymvtmKCzCutnyVFPuLzEdb2TOA5bZrkylzeU1KhDy1RVn3Zw6ZCETpl3Wwwz4myEL6vdEHkgwttipdQKM9BJdNmnDSNpiMw/0H0WCxnhJbEeW77WQAd+S6+vrcu/yYh0d1zmHynmR3SRTzrkM=","FuEDHNSxWAlv55c3b+DDmH2t12y7YE16B835R0r++SI=","Harpalus amputatus",,
"c95bb4ca-c35e-497f-b446-459568a36ea8","STER_034.basePlot.bet","D10","STER","STER_034","2015-06-25","2015-07-09","2016-05-20","v+COazD1kvwIIXCw6IwhNGA50GgdZN1TeLn7ZKuFmsPQcfGla1H4rv2fk4vW1tGupZwTPj7uYTBQ0CCaJyUeQM7hziWrLZvSlsl1q0MQdFt0M4gPPpU7m+neAxVUO+oh+MEwKDzXyn6X6jGAx/+8v1yCePqZArmv","v+COazD1kvzST/Xbq6F25RlEhMtpgj2I4fhAy4Ahjk8=","Harpalus pensylvanicus",,
"e6dc8527-cb80-4319-8464-eb8bc17bc677","STER_033.basePlot.bet","D10","STER","STER_033","2015-06-25","2015-07-09","2016-05-20","Yx5jJOWNohJ9UeEO/58nQWE/dzTi4FW1n9W+YuZ9IlZvuKJL5CHsHWbxJuy8Bw/M8wsXXwiAfX/4T54kNK+fHr1JRxSRUpq98EF+s4T3DEyJw2PG9z7R4BW8EdLlspVEIajKS7ybsjB4Oh14Yw2G2aAYHI/arsnS","Yx5jJOWNohKGbMr5Rudr4K7fRaRZS2tDPvu8UJmGyzQ=","Pasimachus elongatus",,
"b2fe1e6b-bfc0-40ad-a669-922c3348164e","STER_027.basePlot.bet","D10","STER","STER_027","2015-06-25","2015-07-09","2016-05-31","FuEDHNSxWAkxuVx1PLMd6XEAKZBwbci+JUGDJUoV5zCkfEzKz+rYbNuV7tzCI6ck8SmadRKUwBNWATVTnZMdX5zmcNwEqf6JUAzBiLfxp3YhUa44GbfSxu9r5Xcl+1+vbBBci/kmbq0g7IkExVyW/c3clZ9WkQqq","FuEDHNSxWAlv55c3b+DDmJYwvAtYDrBV2a7L/noDXUw=","Harpalus pensylvanicus",,
"c9ec75d5-7f08-49ed-9d8b-dcb982cbcffe","STER_029.basePlot.bet","D10","STER","STER_029","2015-06-25","2015-07-09","2016-05-31","KK2q9nxeS90FRNuI4zBTGSZVJW2pkY9/n+HFypUmZNgiPF7POUEhlV3CBwgW2BH3aYeHrv/UsQiZg0Ak266u6igcqSoXY0gqCwGVKMLcpD1fdY/ib4+g+pMFJ/eD8O3l","KK2q9nxeS93QC6fSk9q/9/Gd5xXI1fGaNMYtjV3yKKo=","Pasimachus elongatus",,
"e4a74104-11c1-4516-8dfe-41cb627cdf2b","STER_031.basePlot.bet","D10","STER","STER_031","2015-06-25","2015-07-09","2016-05-20","1mQK2LOpYfvvUmtqQgOjfEaR94iNDhYZLD/3acg40ozqL4ZzrH7WE+qdhYax2bL44uYrU0vbQD7toZmOkExpXw==","1mQK2LOpYftAGBelrvnEF0r0RfQ4dqdLhRJMHPIcbUM=","Pasimachus elongatus",,
"8902dbca-a6b3-485f-b322-e76bb3103cee","STER_034.basePlot.bet","D10","STER","STER_034","2015-06-25","2015-07-09","2015-10-15","v+COazD1kvxYBwr6bCnmqeawwU4bqV5i4x69517Ftn+anZvCI12thCSGoywr9Wt8IVGEoqEtiL9CMPLnPgCBRFEAo4qt7OtzBEw2Y6fUdWyKw8QZ1U3OXVXgD536j7twnRxwIULosN0=","v+COazD1kvzST/Xbq6F25S1Iav4QOwMq",,,
"b37bba66-5587-40d6-a3ad-d31bbeb6c5d6","STER_035.basePlot.bet","D10","STER","STER_035","2015-06-25","2015-07-09","2015-10-15","xZ4ZeMJQZ4INx3cdYx6Vk1cQH1p6lw/CYbHcjD7BGTts0TXM1IPMiu2VRJOExgb7LIwjRMuw+v0eBPVajSgeKaAex3xwuO6ohSmJ6N4Zq42/2JKdDMLU+5gbv41ybX1/s5W9kUvnnas=","xZ4ZeMJQZ4Iz6alYCfpLik/VeeP8OSud",,,
"3edf3067-1f6a-490d-b496-a719c4d97010","STER_031.basePlot.bet","D10","STER","STER_031","2015-06-25","2015-07-09","2015-10-16","1mQK2LOpYfvvUmtqQgOjfIaCACPNyxKs0prWD6Zmr99okkpsYymxti7pYXjbrA2rd27suBvYBhWAhxB+lxjoVLUnIra1ZBg8mWJNwLWIp4UnMuWhRunmTswwKtlHO+RRPPzIwwcOB+Q=","1mQK2LOpYftAGBelrvnEF7iv62r+NHPt",,,
"d7438933-848a-49c2-8c98-5d7220737b87","STER_029.basePlot.bet","D10","STER","STER_029","2015-06-25","2015-07-09","2015-10-15","KK2q9nxeS92fUCA/SxFLT8rC8mTdN0NXXRIfzCvPIkB7D9WmKIe0e6t0P7EXp9VwEG0Hmqr21rnp4/peE954M95Fz1lKJuxsGyTwJcmnUU3SEoZj9ZqE+bLv7g1Anxy+xURG+hFDO5k=","KK2q9nxeS93QC6fSk9q/94za2S6XUCLX",,,
"a61dc6d8-1160-4e8f-a9ab-c0bad25bb8e6","STER_033.basePlot.bet","D10","STER","STER_033","2015-06-25","2015-07-09","2015-10-16","Yx5jJOWNohJ7XREpDjR1HOiwiwJf88S+uMbpDnIsbv7fYmJhTt0mQtugbxg+kZitxvAjXHbc7tYdNIMaTVftwJdYo6jhLKS6p4/rW9947ws=","Yx5jJOWNohKGbMr5Rudr4MeM8if9VGUK",,,
"5b8bc711-d7d8-47b9-9e31-65528ff6aa8d","STER_027.basePlot.bet","D10","STER","STER_027","2015-06-25","2015-07-09","2015-10-13","FuEDHNSxWAkxuVx1PLMd6a6R0pEfvXBmophoM29p2Cn7ZQGPbqG8FNVs2PvSKw3jKs7ZU5tSQrioH4jwaDejuB+94IYv4P4mD1N5MfK+6aIXlg9JH5HAkaBWm5pTSbO2Fj7+7Ybs8SY=","FuEDHNSxWAlv55c3b+DDmD8k2EOTyMhM",,,
"7956f4e2-9376-4e39-a2a0-ef3b5eb596f6","STER_006.basePlot.bet","D10","STER","STER_006","2015-06-25","2015-07-09","2015-10-16","LZ9IDatJ8HFjMglZdSDI7f5VWIrNgpR7nutUYLJeHpQXcSruIvDTfW3z/pyo/0ArPcGEWO/P/BLGwnNu5r/BbuVvqqsvTwvuAk+bI9q5ZIoGV8Yl05lnU0WcKvhPJIAIHTfWS9Puf/M=","LZ9IDatJ8HG4I5IOx7OH7izU8kjLLsoa",,,
"c36b9760-3eef-4867-a0d5-5dccbd22e036","STER_034.basePlot.bet","D10","STER","STER_034","2015-06-25","2015-07-09","2016-05-20","v+COazD1kvwCOPkAWI7UTLZUyQ2As9TZiQebIHG+N96qjCnAZ0Y9mHGF4yL7Q0x3AQFNhFNsG7co1rzk422hfsFocvkUhMfPOpJM36mnFQ7Uaoqby1KzpCuhk7hkSAqV","v+COazD1kvzST/Xbq6F25UxVR8uOTboT8yTd61AWnXQ=","Anisodactylus rusticus",,
"e32ee87c-c78f-4ddd-9287-76814ecc39d0","STER_033.basePlot.bet","D10","STER","STER_033","2015-06-25","2015-07-09","2016-05-20","Yx5jJOWNohIuRRXkGSNBk16IhH/XLKRFuCyEIPcX8YgjssXskA4fDhDNSIB/ohvp1ohXwsq8KO/1NWrafe/hjg==","Yx5jJOWNohKGbMr5Rudr4I7q1/k1K8s0ZwddUi/mai8=","Anisodactylus rusticus",,
"97010def-93b2-4190-b764-1fed36e93911","STER_031.basePlot.bet","D10","STER","STER_031","2015-06-25","2015-07-09","2016-05-20","1mQK2LOpYfvvUmtqQgOjfIl4DYBvA1QO2hUZdM9a2m/z8dw1TcGtetH6L80pacMJRwZfAXGS4zil9LNPonN4S9HR6A5tqf0YqP6yVN/Uq1P1gKj+EX/FGURvHiFefVeu","1mQK2LOpYftAGBelrvnEF76JHzEYLxMEJEoeHFfPN4I=","Cicindela punctulata",,
"1f7907f2-c56f-4024-a87d-da8d0c6cdfbe","STER_033.basePlot.bet","D10","STER","STER_033","2015-06-25","2015-07-09","2016-05-20","Yx5jJOWNohJ9UeEO/58nQVMI+ffzats52ypLLh4R0v1ouDyF6o8skiynKtI7bkwAJ4iiMFPVNbG0z0CNqHZhK2Vw4z8KorxFoQ6LtziWAkynGwIJIsbEN2WiZCCbP3vkjOCVRWts11bZ7S3inEAHIZx6qj+Fa8hH","Yx5jJOWNohKGbMr5Rudr4FoomBNVLeX5s3hSdrec8xU=","Cicindela punctulata",,
"d789ad2a-d3e5-4d35-b66c-ac8a6e3087bb","STER_027.basePlot.bet","D10","STER","STER_027","2015-06-25","2015-07-09","2016-05-31","FuEDHNSxWAmVhs8S6ivs3tw+Qf90wPPZhK3WLArxFrhytDdEyeo79pOaYzsR0CCW7ydu+tq7F0zADbCUEmIZqfnPCQEXp0IbJKiLfk/Kl5+LSbA5i7U1B+ipNLRGIVH/","FuEDHNSxWAlv55c3b+DDmFLIwn8iwyg00uDS2QQUvbA=","Anisodactylus rusticus",,
"46c7cf2b-608b-4096-a530-2981c9e30af0","STER_029.basePlot.bet","D10","STER","STER_029","2015-06-25","2015-07-09","2016-05-31","KK2q9nxeS93FDA0MneZic+DlY88CPXvd+ZeAjD+ZB4RtglH6+kRKlZxXHpiwx2bMDUcFfW6uwLz0XXNNbgfpO7tjJygleu/Cxnrw7G4lpfQKtt3Hqs05x12RnW5k2y7m","KK2q9nxeS93QC6fSk9q/95OTxMnxOl1cXWRpbW46P+Y=","Cicindela punctulata",,
"7e26f30f-aa5e-48b7-83ab-88cdd9c17505","STER_035.basePlot.bet","D10","STER","STER_035","2015-06-25","2015-07-09","2016-05-20","xZ4ZeMJQZ4K09dkdpMTitVPutO5LuukM1ptDYtJCePkmkWq7irIIyHoOj5NaJd2yvwVrxg9On+duAIFhcMKZiA==","xZ4ZeMJQZ4Iz6alYCfpLiqJQCxiStA8/cd/lrFm/C7Q=","Cicindela punctulata",,
"3dcca937-c481-4446-97c8-e05e059a2410","STER_034.basePlot.bet","D10","STER","STER_034","2015-06-25","2015-07-09","2016-05-31","v+COazD1kvz54ENs45qxpjpGY7e248kwGqtr9F0ELxyJ68OoXjaeGI0Xsce02rvdqE7Clp7IIjPaJY2PA/th0Q==","v+COazD1kvzST/Xbq6F25THlEraTtlTKJLD9uH2ya6Y=","Cicindela punctulata",,
"f96cab95-4a13-44b5-ba70-623cebf83d42","STER_034.basePlot.bet","D10","STER","STER_034","2015-06-25","2015-07-09","2016-05-20","v+COazD1kvxYBwr6bCnmqbn6+6xCCIJb/w/8JnBP1+OuXRd7YOU9bhmclOxiaAn5ZovVG+PhWkASOKa0tx/db1xu1tG0kcAgjMdqr6tuV/4n6sMBylm0brQu6BRwqVbW","v+COazD1kvzST/Xbq6F25RQE1Iq/Us2mTyA3eWD8Vfg=","Cratacanthus dubius",,
"3b484ae4-7c85-47ff-9035-61b41fad99f7","STER_027.basePlot.bet","D10","STER","STER_027","2015-06-25","2015-07-09","2016-05-23","FuEDHNSxWAmWrmLbNUzIvqPhePVNphpiaIjBRwwWYKi6cHXNOWikX7pF8mf1IIvgAJ2KuSuiBjOSEy6QgrGaJzUgI0kUSX4qCenxLIs9OAOd4NZVc86ZGz+uMCf+n3NSXgOKP9jtTyfb4beKETEIbkNBye+0SY68","FuEDHNSxWAlv55c3b+DDmEeJDJYioB4X3Ke3OZAxnwQ=","Cratacanthus dubius",,
"1801e602-9c70-46aa-ab42-c224b266c798","STER_031.basePlot.bet","D10","STER","STER_031","2015-06-25","2015-07-09","2016-05-20","1mQK2LOpYfvvUmtqQgOjfBtKdgtJvBQzexc5KOvHqvdh1vI9iqhhj/T8aSyNdagaacV25Cd4u+c6+E/e8m+4xQ==","1mQK2LOpYftAGBelrvnEF7yNeMDCPZRpwt3BBL5aT+8=","Cyclotrachelus torvus",,
"25d9b45e-3dd4-475c-96f5-e0a2f0c3c202","STER_034.basePlot.bet","D10","STER","STER_034","2015-07-09","2015-07-23","2015-10-26","v+COazD1kvxYBwr6bCnmqa5rNL3foQ54uqn6eZpiqPNMLXoNxaRCLTJ+d/ENwA8euV0XgoWl/Fw=","v+COazD1kvzbKNT9zEkvxmaJbOrEULDs",,,
"69f136fa-e2f3-4582-bf5e-8d4cda299f59","STER_031.basePlot.bet","D10","STER","STER_031","2015-07-09","2015-07-23","2016-06-06","1mQK2LOpYfutBFPBOZL4SM8Qj79J6zD/+87fnK8QDrnK9nQ56vlhB3cUYLH8/uG/YwhkWS6NW2goFFe0s7wN/w==","1mQK2LOpYfsKSJz3hCm9xkpmYxvSxFC4ZfZ8lL/kLic=","Poecilus scitulus",,
"54385ab3-ac20-49a0-94ad-6f4f769910e5","STER_031.basePlot.bet","D10","STER","STER_031","2015-07-09","2015-07-23","2015-10-22","1mQK2LOpYfs2PKXXNzKJ48AUVYClwNp1bo+LZKRmuEyE6OXhlE43mJJpAYVD3iS+M0akdMIVBt7aqpTbLfZB1C20y2gHOzzNbVqCFfibaFc=","1mQK2LOpYfsKSJz3hCm9xoVqJBHbb829",,,
"2139ded7-03d5-4f07-b19f-f4ca1d768507","STER_033.basePlot.bet","D10","STER","STER_033","2015-07-09","2015-07-23","2015-10-23","Yx5jJOWNohJ7XREpDjR1HFan4ZF2pgZuVmIv8j3NzXu6qXxhyLz5M9LDxQI1WXKSBWK2nB7IivY=","Yx5jJOWNohKdMJ4I518ABDwHoYGxhSNf",,,
"6c456fac-aedc-4efe-9804-1d7d73b81211","STER_032.basePlot.bet","D10","STER","STER_032","2015-07-09","2015-07-23","2015-10-23","fEa5yf30aQw4bvMaK/m8x2JQwSezzbe1EpDIh8JG7lLKaGlTncA+kus7gbCKDzXYn9Yn1a/Tgxo=","fEa5yf30aQwV7MUvx2ko+KuYvqFesPkr",,,
"a72e74f9-493d-47ae-9306-1902c5e601f5","STER_029.basePlot.bet","D10","STER","STER_029","2015-07-09","2015-07-23","2015-10-23","KK2q9nxeS9313DAMbhWOHxefxsPJBms9AU7KHSVD4E+zGC0fUhkU6pRjx6LflTPncVqkqWzYXaaWUNQJ6v8wkFtvKnH22V7Iw4lh5DGwIc7Nkgtw6ZQD9ir/xcZ7dGaBHkG0iEFa6E4=","KK2q9nxeS90fF/vegLH+LtbKR4/x94fE",,,
"e35500d5-6db2-43f1-9d4d-b46f9105d5e5","STER_027.basePlot.bet","D10","STER","STER_027","2015-07-09","2015-07-23","2015-10-23","FuEDHNSxWAmWrmLbNUzIvuw8zjbQr0lNewTZ3BKHYxt0I7Lq+gGS8qmLWJVgFZBETLLht9mO5zo=","FuEDHNSxWAmkxDjIf7XoBcqopXMfwB3A",,,
"17bb4a6b-3c4d-40f4-a6cb-0660edaba3dd","STER_027.basePlot.bet","D10","STER","STER_027","2015-07-09","2015-07-23","2015-10-23","FuEDHNSxWAmVhs8S6ivs3sIqvGZasdYqQT9/rDyGTIDtTk5xpSZ5BsHtXD5ow6t9VPtPOSlFL1c=","FuEDHNSxWAmkxDjIf7XoBWdzHh85TUcA",,,
"aca12370-5e70-49eb-b377-9f397bb8edb7","STER_028.basePlot.bet","D10","STER","STER_028","2015-07-09","2015-07-23","2015-10-21","bW2EsnYmokWSakMWpzSygvKFjnW+nzPbJFCEyugQHdd8d9Hv5GYld+oRK1VFQi8eu+SBYn5r6g350PTuwX2D6GTO3EnjAqQMz7tDtMxZKgzcLuxqPv1T8n/j0dE1/px6L8CtLCTWYoc=","bW2EsnYmokUjGoG1WIC35Q9OfluJrL8/",,,
"859d9097-ab39-4355-9405-dc3765ff7fb9","STER_006.basePlot.bet","D10","STER","STER_006","2015-07-09","2015-07-23","2015-10-22","LZ9IDatJ8HFZM6gRuQiL3Z3f0j5e8jCYjA2HNTkr7SRN0odMGbM09fhlzCU13EdxErHOCwgtEHwQvTZ2IF56f1MXwb7JnTEL6TCdclvNeq9gzu5YfXbUeOYEOE1iRhLMP+UhTWDypic=","LZ9IDatJ8HEmRpoy3/Nq3rMx8PjGhmYb",,,
"c37e89cc-ba2e-423c-b6fc-d0eab28f461e","STER_026.basePlot.bet","D10","STER","STER_026","2015-07-09","2015-07-23","2015-10-23","B74IC5C471psJXuf1o7gAW1TzXM6XXUOUZMDLyOP6xX+JnmnkUuxaBAAy3IcZb7rQeQtOCXl8ugkgQRtdRTXexCgS5kQY++irE9g2Vm+aF8=","B74IC5C471qeedHFxCxV2oJyVwOk2o/Y",,,
"90c517fc-e05e-45c4-b1de-b913b21e2946","STER_026.basePlot.bet","D10","STER","STER_026","2015-07-09","2015-07-23","2015-10-22","B74IC5C471pJ6lEjRmMupRmzL1OT2JEnFK7ws5YUvXHpCYRZfWFuDg17C0S4QVETdoUjDHERpWo=","B74IC5C471qeedHFxCxV2uh9Mk6+f1xF",,,
"667341e5-237e-4c0b-855c-c57fd90a6e80","STER_034.basePlot.bet","D10","STER","STER_034","2015-07-09","2015-07-23","2016-06-01","v+COazD1kvxYBwr6bCnmqZsOnXJvhLQ16gYpyqTI9LdjmMbND5s+MHotSrDVUY196+X4gmE+V9gU+c1Y5P7ZTg==","v+COazD1kvzbKNT9zEkvxsPQ/fTqEfcR/+CZ51NpOlU=","Anisodactylus rusticus",,
"441fd8dd-ef03-40ca-b6a8-4c85e99e1642","STER_033.basePlot.bet","D10","STER","STER_033","2015-07-09","2015-07-23","2016-06-03","Yx5jJOWNohIuRRXkGSNBk9SYkcdQPu2fMy0jwIz5VBa7t1mQNHioJLfHTXJl+Vu2cxQ5NndiI4tJghKNX0MqCxesYEpbAoOR51MGZ840Fz49KLjT8ZBDPMc/vUNGOEV0Qy54ZaRhGJjiC4SWnesilXcmXM5txtA6","Yx5jJOWNohKdMJ4I518ABBk83qlCfPz/CwmJD1SxkRs=","Cicindela punctulata",,
"0b4ea9a6-dfb2-4097-8fa8-c94b024356d0","STER_031.basePlot.bet","D10","STER","STER_031","2015-07-09","2015-07-23","2016-06-06","1mQK2LOpYfutBFPBOZL4SFdtiNljE++u3bFY5N9owzcwPq94DPrAR3eMTSd/Q6h9+f7AXoVwP6AMpWodECLXnGeUT5uDG4cgfH6pkEVH5qGIDRG1sF+YakY47W2FMQHjrfF/ie4bUg2Mi2WeIphPvUHn9ayMokBy","1mQK2LOpYfsKSJz3hCm9xuq7v6MQBPwulHQOSNcIZm8=","Cicindela punctulata",,
"aea3ec6a-b487-4083-8376-e3e115c93645","STER_029.basePlot.bet","D10","STER","STER_029","2015-07-09","2015-07-23","2016-06-06","KK2q9nxeS9313DAMbhWOH+mlwZ7Uk0sEmVrYclEbDtBS3f4fle78CEcuaXZqPrpKOcm23i3vQxO1Iwgt7ob0L6+pWySVnn0S74kWlRdwRqWuDNN0q7C0gdAiJ+djfOnkOXqwDNPW/AtHSoVScAa3pI1KyJHK6wEJ","KK2q9nxeS90fF/vegLH+LgknpGmUnGLvpICEe4vr8w0=","Cicindela punctulata",,
"91ee7381-ec49-431f-bf9f-03aeee90b6cf","STER_032.basePlot.bet","D10","STER","STER_032","2015-07-09","2015-07-23","2016-06-03","fEa5yf30aQw4bvMaK/m8xwCutmN20XsPA4Wz9xCaEMy4yIHc7Bncl3DROInr4ano3tRYdXjhUDqYpdx3kYSiHdACJ/5AcSfan98Q1q9JleM8B8NE2wa6fBfBP0xuolAyIaVm8gvk0yaLm3HuA6yHA/JR3WZrLzTh","fEa5yf30aQwV7MUvx2ko+A5c61FfTdldpg+EszCgr4E=","Anisodactylus rusticus",,
"254e39be-2b01-41bb-afb4-00601997b89e","STER_035.basePlot.bet","D10","STER","STER_035","2015-07-09","2015-07-23","2016-05-31","xZ4ZeMJQZ4INx3cdYx6Vk2zdZH/SaunJZXFSdZjelEsYYmNPJ4kUXIVK+J+GIcn4hrlCiFdT2oRVOAEX/MTjFPyFNgNPhqxm0s0Vt/j11VKokEQ691GZ0n2bGJB6L3Be","xZ4ZeMJQZ4I31n2Ls8Jq5w8ChO0DQqj7xmVrErO8lZc=","Cratacanthus dubius",,
"fd5c9f63-08c6-49ac-9773-fcf5b0ddd3db","STER_027.basePlot.bet","D10","STER","STER_027","2015-07-09","2015-07-23","2016-06-03","FuEDHNSxWAmVhs8S6ivs3l47UX0afytWPVjzNVH1lQcQNOfLyj3NZtRsNPvnp6nXGGSr7q/26Y8J1WOD0Tu/Ww==","FuEDHNSxWAmkxDjIf7XoBfjn8PByBEJVk4YURTx6fiY=","Cicindela punctulata",,
"261a6cea-4f6c-468c-88d1-19ba36a86943","STER_032.basePlot.bet","D10","STER","STER_032","2015-07-09","2015-07-23","2016-06-03","fEa5yf30aQzD1VVefmBauKhlPTapQkKOtjPFGOev1TAejMmJ88iNnKA03NH2Xn87PdHc5/+VNk6AiHP18e0/nx9XVSSXBGDjOE9slNDeINy5pzZAB57no2UzMnTXbjZu","fEa5yf30aQwV7MUvx2ko+BJHFka0XuftiTaLyh7ctL8=","Cratacanthus dubius",,
"299c0b84-1ee2-49cf-82d8-24d1b438db43","STER_034.basePlot.bet","D10","STER","STER_034","2015-07-09","2015-07-23","2016-06-01","v+COazD1kvwCOPkAWI7UTPi5BThXHm0Ezh4IkzSdJKMWPkImStra4Ck2c3nrw1mb7iYMkeFipWgC3pJkwMpPzjdPS2vPSUBodbWTSZ0xKdYZMuw5kcqF+cfotTPmRmcljaLRKzVmUkT/TllUuPs0jCP67hWzc8bu","v+COazD1kvzbKNT9zEkvxgrN/J/3RL3HyGaE9brxaZc=","Cratacanthus dubius",,
"c19bc965-5347-4bcf-b83f-c489f7afedec","STER_033.basePlot.bet","D10","STER","STER_033","2015-07-09","2015-07-23","2016-06-03","Yx5jJOWNohIuRRXkGSNBkwZErQE7eQh5+21Jq9XowUPVfwsE69ObWnkNmwF3NyN1ofhCFnQUmp9ab833s3RoCNpqEWlKo6tgM2lMu7LA3T+UnJyQs2i+n/0QgQF1ebH5","Yx5jJOWNohKdMJ4I518ABBbta9yRaS5b6didGPjVtiY=","Cratacanthus dubius",,
"bb2de8be-3d9e-42d6-8107-5c30371a0344","STER_026.basePlot.bet","D10","STER","STER_026","2015-07-09","2015-07-23","2016-06-01","B74IC5C471rOqvswTwh6pjnovZbfM9zwZi5AWtoMuUNKKHfA0+q7YJ6wdURtWXE2XmmuZvOB6dyxObMXWvBhDNP7a2ULPc++tnx3Jxht9BNQVlo/+61r4UiRs6FobULlpaGAtH+FSWd3K+pMy4EM8v7ttwKA6Hr8","B74IC5C471qeedHFxCxV2vcuw6n5ID9dbpXS97X8ZGk=","Cratacanthus dubius",,
"5ee8edb5-c88b-41e7-9ac2-d93e79a008c0","STER_029.basePlot.bet","D10","STER","STER_029","2015-07-09","2015-07-23","2016-06-06","KK2q9nxeS90FRNuI4zBTGVczFsJUKFloRwZWwmiXeI/mAp3gWgbUhMxsJJFfj3NVn9EPLFXmmS2RQelHLM70qko78A/0fbG/44A5fW/9JTd8lVYJHeKXotKb8egO8BXZ","KK2q9nxeS90fF/vegLH+LsuXOvG2xQHXj+u2pwA6EDI=","Cratacanthus dubius",,
"8df4e39b-c411-4ec1-9270-aec417edf387","STER_028.basePlot.bet","D10","STER","STER_028","2015-07-09","2015-07-23","2016-06-06","bW2EsnYmokWSakMWpzSygoKz+IjL13p3Oo3AKGa02M5ueHTNGBU787beRRC5Eihy7HThRHV9ZTgZUbuRNN3YSw4vEEUNB3tBRxO8bQW4+ob5WDz50A+Hr/HVNQNatnlQ","bW2EsnYmokUjGoG1WIC35ba/ZLeIFAruQ1JxSPjxor4=","Cratacanthus dubius",,
"a8f32075-0a7d-480d-a100-381818e5210b","STER_027.basePlot.bet","D10","STER","STER_027","2015-07-09","2015-07-23","2016-06-03","FuEDHNSxWAmI/poKOflkt+APGIwEmzV/pHuPjfMoJgKXtk1EesC7HARuhrDRlX9VCrtT2OtDtt8Z3UA4v8DXP5bKcRr6tycqO/ANxsHyQqg42JGAbbAbm8u3OmZGNaCMVGa//dXy6Em6T7+Bpiuc87ZSwjuIK7dF","FuEDHNSxWAmkxDjIf7XoBY6/sXquzGu18Tnvluc8P9w=","Cratacanthus dubius",,
"e6977346-7c15-4737-9677-edaad394895c","STER_032.basePlot.bet","D10","STER","STER_032","2015-07-09","2015-07-23","2016-06-06","fEa5yf30aQw4bvMaK/m8x0q+vY9ZDZ73gbWIO5QtbVwlxWU/oBYgjm+QRgixqiC0ShwGT7YJYrOlNDXzZJC1kw==","fEa5yf30aQwV7MUvx2ko+C8G/Pl5peGbYXd/tmebj+A=","Cyclotrachelus torvus",,
"cc68aa0b-6c6b-45f0-9526-e015160baccb","STER_006.basePlot.bet","D10","STER","STER_006","2015-07-09","2015-07-23","2016-05-31","LZ9IDatJ8HFZM6gRuQiL3bQw58JPkb0WvbOugAZrXX6mYxJVjSthcLOJovB4OzQs54FBaHIe4647AdgeiRgZHW/Qj/lJgy0GwfKQ0oRRwqKFz93eWs2xMXNRCplENBqM","LZ9IDatJ8HEmRpoy3/Nq3oDWgK2vr6gIySKPaQ4w9jE=","Cyclotrachelus torvus",,
"e24a24c6-7d5c-4297-9876-8434340b5ffc","STER_034.basePlot.bet","D10","STER","STER_034","2015-07-09","2015-07-23","2016-06-01","v+COazD1kvz54ENs45qxpr9EmvAAPX6CIuxKu92lPkMGEcdeV3I4ZV9qYuh6/tVmYJJ5lfgjkSkJDyIVF+aiIA==","v+COazD1kvzbKNT9zEkvxjigxiaBcA2+pUoNRWmG2YM=","Harpalus amputatus",,
"cc455091-0165-470e-9d9d-66992e099c6f","STER_035.basePlot.bet","D10","STER","STER_035","2015-07-09","2015-07-23","2016-05-31","xZ4ZeMJQZ4Lu7mITx/bOrfihBGe+bHeTJcsRH7MhBTu6NCSbX2WRfWprIBitlitjoQUwRRc1vqn3EcoggYU84Q==","xZ4ZeMJQZ4I31n2Ls8Jq54iK9YVoljHpW2Wj8XL7wTg=","Harpalus pensylvanicus",,
"4ef4a137-5f11-4588-9716-80e97a69f91a","STER_033.basePlot.bet","D10","STER","STER_033","2015-07-09","2015-07-23","2016-06-03","Yx5jJOWNohJQG3XrxoCgbk8FjONy28w8dDnxc/n+PeXupC3a8IcIEVm6KS35ysu0dfprgXHJBHp3/fDteU1d6g==","Yx5jJOWNohKdMJ4I518ABNbjdw6HQ0+NP0mpUChQpLo=","Harpalus pensylvanicus",,
"137fef10-7e35-45d5-8dd1-b3511577531b","STER_027.basePlot.bet","D10","STER","STER_027","2015-07-09","2015-07-23","2016-06-03","FuEDHNSxWAmVhs8S6ivs3rBPxRnCH7GS65Bp1uk7CKC34+/FAqDwEd2rW10s9tzwGINk0oT+IpvXoqRJycnjHtnu6hRmIKYL5Pm6EmxoLT2606komF5J38LsIIumN7PG","FuEDHNSxWAmkxDjIf7XoBTDc4oo9VVUAIdsZlVQUDXY=","Harpalus amputatus",,
"bef42a12-5de7-47c6-8dda-6f85908a1538","STER_029.basePlot.bet","D10","STER","STER_029","2015-07-09","2015-07-23","2016-06-06","KK2q9nxeS93FDA0MneZic0DlHM1Y1bZVfaNj+68p75K5DNLaiwPqxQYHoP3jA1OoUCMKcyd6soR+oyPrOmSBHoGjm/3BHtR8ddCriphiOfxWuHeRuOKMWfUFz7XSRLoXsuAUgaIzNVZhCk1Tr+dSCkOnqHiDVqMR","KK2q9nxeS90fF/vegLH+LmhOPz+EnLxII7+MXem3pM0=","Harpalus pensylvanicus",,
"65b20281-3c59-4ef1-b848-9d91cd3fc517","STER_032.basePlot.bet","D10","STER","STER_032","2015-07-09","2015-07-23","2016-06-06","fEa5yf30aQz2mMGAPCXT9QbaaBbAJ77T58Dlmy28IcfQDGeVdVcXo2YJhKm534T57tMqE4QHo4JK/3+SXpTrhXCFjNGqUG1DsJwRiOI1deyWHb5eHwLfgnwjNUggHq3f","fEa5yf30aQwV7MUvx2ko+AniBpmlgCLc/2wIWb/ONYI=","Harpalus pensylvanicus",,
"93cd17d2-e516-4b85-9df0-152c1ec515a7","STER_034.basePlot.bet","D10","STER","STER_034","2015-07-09","2015-07-23","2016-06-01","v+COazD1kvwIIXCw6IwhNHNnpLDfaWYelnQ84FO/n/j//7JX17IDmy5/Ervn4gSXye9hMftfC52scC4ieNOBXBcanqCCrF21VAc367xEyGizpU+lT0MVUEYLyx4pyiSEnD0S5YgE47iocL2pmP6mN6yrHRGN59KB","v+COazD1kvzbKNT9zEkvxiY9zCMhsIYTzR12P21qXS0=","Harpalus pensylvanicus",,
"e71b4d96-86db-426f-9d7e-71fd70b8b901","STER_031.basePlot.bet","D10","STER","STER_031","2015-07-09","2015-07-23","2016-06-06","1mQK2LOpYfuz0v+nzhkrz0zC8Q9RrNXhN4pSzVk5OUqWdNZEvIcK+2YlFaVtiGraaL/C3Mj4sG+2AUaeNRuB+atSaeD3twuL9+3H7wFu8itbeMM8oTUqOf3Giqn/3aZk","1mQK2LOpYfsKSJz3hCm9xr50S6E4IUGAMjnE7H9SAdI=","Pasimachus elongatus",,
"e6ffc427-ff42-422b-9443-4fb9cde0fbf9","STER_032.basePlot.bet","D10","STER","STER_032","2015-07-09","2015-07-23","2016-06-06","fEa5yf30aQw4bvMaK/m8xz8/Ufi9Zr5hgsWEHp4u0wQhdqN3TBXlG5PwToBWhkLHKsjTzykIk3jnZSLHSgFIAQ==","fEa5yf30aQwV7MUvx2ko+E7CYEVjnuinIFWn/Xl5Ags=","Pasimachus elongatus",,
"03b1c540-ec78-4e26-9aed-ae752b0a6a13","STER_035.basePlot.bet","D10","STER","STER_035","2015-07-09","2015-07-23","2016-05-31","xZ4ZeMJQZ4J/7wX7uOle0hWT6Bug2oOuwsc2rI5fVLUBnixYzQvzAcFF1T71KxgxHUckXga6BBNUduHm2tdP9Q==","xZ4ZeMJQZ4I31n2Ls8Jq59eHY6SXxEzfsJHRVwy63nE=","Pasimachus elongatus",,
"96ef7008-a5c3-4f2d-95be-54311c368693","STER_027.basePlot.bet","D10","STER","STER_027","2015-07-09","2015-07-23","2016-06-03","FuEDHNSxWAkxuVx1PLMd6YQd4Tr9KE0mgMGyyGzj/hmp01JSh4/0BKiJE3OOvIsd7CrGV2uxvCw8g9ueQDKQUZ2X8ac+Ro+KH45Gh9peFHXJFy4PptWpHc1inSQ2S5jg","FuEDHNSxWAmkxDjIf7XoBeAG8rktw/aU4dPBccVmCDo=","Harpalus pensylvanicus",,
"a8082cd5-0b9a-4cfe-b240-d94c88bb9a31","STER_026.basePlot.bet","D10","STER","STER_026","2015-07-09","2015-07-23","2016-06-01","B74IC5C471pJ6lEjRmMupUAX7XomS7Aa/4YFku6BIc0QpkHkaCWgLSlwcdwBIx99crAlLcBHWg+Wl9kNBChkpA==","B74IC5C471qeedHFxCxV2gyRDI98S13ObnGbuqfeMp0=","Harpalus reversus",,
"c418635a-eb52-4b4c-ab7d-0f9663164b28","STER_027.basePlot.bet","D10","STER","STER_027","2015-07-09","2015-07-23","2016-06-03","FuEDHNSxWAmWrmLbNUzIvsCLCUqRxjbvmhDRjF5rzuQLnXpohqQN+MnHf9uh/esI0JoI5Z0IovJGMH+D9ozwWw==","FuEDHNSxWAmkxDjIf7XoBTUBu+t7QoI6ajGBPxPyFK8=","Harpalus reversus",,
"979e4cee-2b85-485e-aef9-fbbeca90b5ad","STER_034.basePlot.bet","D10","STER","STER_034","2015-07-09","2015-07-23","2016-06-01","v+COazD1kvxYBwr6bCnmqZw7GgcmtqykesmPqEUwW2XjXJIPE05DgqEafw+5j5wlpQoX7Ppy61rAe+KpPXhG9A==","v+COazD1kvzbKNT9zEkvxtvIfR9ZYHCim4gXSB3vogM=","Harpalus reversus",,
"73c6675e-1820-448b-b1eb-d8479edf82a3","STER_026.basePlot.bet","D10","STER","STER_026","2015-07-09","2015-07-23","2016-06-01","B74IC5C471rP29RE5lZOyslUmDVxcze0j2D4P/WuTrhuZun0BxkUTcNaqXdIrJ/0AEaSx2W+TzOV0ZvsrWYeLg==","B74IC5C471qeedHFxCxV2oM3dizCtwj7I0A11hC+lCg=","Pasimachus elongatus",,
"b68c13ff-5174-4518-8d73-35acf82c1414","STER_029.basePlot.bet","D10","STER","STER_029","2015-07-09","2015-07-23","2016-06-06","KK2q9nxeS92fUCA/SxFLT89Yg5HTMED3yP46kZor/b0syaAGft7CZI58pdJ6FOMSUwzFAQQgDba+60qDKj6Wl34B1f9f9dsj/Cc8UTUJ79ZumyEj6bglH1uTeAtxhDDu","KK2q9nxeS90fF/vegLH+LiOhmk6ppJUYGQHWErQLjyw=","Pasimachus elongatus",,
"02bb64d8-8126-4d3a-a2ee-aba2bc89531f","STER_027.basePlot.bet","D10","STER","STER_027","2015-07-09","2015-07-23","2016-06-03","FuEDHNSxWAmI/poKOflkt7OcQvNOAEzzXsM0Tx9DdL0o+rpiDzsD4aBXtGSpn25fPYPwgXIPpSxtFohNy5+WOg==","FuEDHNSxWAmkxDjIf7XoBU4CKG6Mu9BR0grls1bK7Vo=","Pasimachus elongatus",,
"8578eb87-4431-44ea-a23e-f98ac64025c2","STER_035.basePlot.bet","D10","STER","STER_035","2015-07-09","2015-07-23","2015-10-22","xZ4ZeMJQZ4Lu7mITx/bOrSQm/4Ryugf3Y6yd6G5oYMLstnsOarc2u5qdE0uhdEL354pkWL6WHREgObPlPQdCrJnGhWRcj7Ud1vWQ2SAM/ZszQXx1bRvkiYuHQRnon/TWWyXx2J+f08A=","xZ4ZeMJQZ4I31n2Ls8Jq58YIt+uLVzNi",,,
