uid,namedLocation,domainID,siteID,plotID,trapID,setDate,collectDate,processingDate,identifiedDate,subsampleID,individualID,taxonID,scientificName,taxonRank,identificationQualifier,scientificNameAuthorship,morphospeciesID,identificationReferences,totalLength,identifiedBy,recordedBy,remarks
"fbe9ace5-7db9-46b8-a1ae-1c79aa6b3bd8","OAES_003.basePlot.bet","D11","OAES","OAES_003","S","2015-08-18","2015-09-01","2015-11-13","2015-12-04","JY1K16SHr/yHQvgUlPKb8aLCmFL71bY+wFOyj0koDcQ=","NEON.BET.D11.000470","PASCAL","Pasimachus californicus","species",,"Chaudoir",,"Purrington, F., and C. J. Drake. 2005. A key to adult Nearctic Pasimachus (Pasimachus) Bonelli (Coleoptera: Carabidae: Scaritini), with comments on their functional mouthpart morphology. Entomological News 116:253-262.",,"K015xPfLfah4eO1uZLmE3FLLe6b3pcen","zqzI6VPGJkqKrnUdkEIpiHhaRLZfA7fK",
"2abe71f5-61c6-4fd5-8064-42876b9d83ed","OAES_009.basePlot.bet","D11","OAES","OAES_009","S","2015-08-18","2015-09-01","2015-11-13","2015-12-04","e+s5q3w8y7OQPGowzuk5eQs8bkw9nOecloQeb5zl3IE=","NEON.BET.D11.000442","PASCAL","Pasimachus californicus","species",,"Chaudoir",,"Purrington, F., and C. J. Drake. 2005. A key to adult Nearctic Pasimachus (Pasimachus) Bonelli (Coleoptera: Carabidae: Scaritini), with comments on their functional mouthpart morphology. Entomological News 116:253-262.",,"K015xPfLfah4eO1uZLmE3FLLe6b3pcen","zqzI6VPGJkqKrnUdkEIpiHhaRLZfA7fK",
"a06d3b5e-bfd9-4e8d-b3a8-8fee50771c5f","OAES_021.basePlot.bet","D11","OAES","OAES_021","W","2015-08-18","2015-09-01","2015-11-12","2015-12-04","aFCS5Rk0Sda5ErK1x3DbHy0RwY2R+BPQJa5BMz/PCQs=","NEON.BET.D11.000422","PASCAL","Pasimachus californicus","species",,"Chaudoir",,"Purrington, F., and C. J. Drake. 2005. A key to adult Nearctic Pasimachus (Pasimachus) Bonelli (Coleoptera: Carabidae: Scaritini), with comments on their functional mouthpart morphology. Entomological News 116:253-262.",,"K015xPfLfah4eO1uZLmE3FLLe6b3pcen","zqzI6VPGJkqKrnUdkEIpiHhaRLZfA7fK",
"a0485191-7df4-4a33-b221-4bf6f1c824dc","OAES_021.basePlot.bet","D11","OAES","OAES_021","W","2015-08-18","2015-09-01","2015-11-12","2015-12-04","aFCS5Rk0Sda5ErK1x3DbHy0RwY2R+BPQJa5BMz/PCQs=","NEON.BET.D11.000419","PASCAL","Pasimachus californicus","species",,"Chaudoir",,"Purrington, F., and C. J. Drake. 2005. A key to adult Nearctic Pasimachus (Pasimachus) Bonelli (Coleoptera: Carabidae: Scaritini), with comments on their functional mouthpart morphology. Entomological News 116:253-262.",,"K015xPfLfah4eO1uZLmE3FLLe6b3pcen","zqzI6VPGJkqKrnUdkEIpiHhaRLZfA7fK",
"ca01771d-a21f-419c-bbf9-a6dbf68f6340","OAES_021.basePlot.bet","D11","OAES","OAES_021","W","2015-08-18","2015-09-01","2015-11-12","2015-12-04","aFCS5Rk0Sda5ErK1x3DbHy0RwY2R+BPQJa5BMz/PCQs=","NEON.BET.D11.000423","PASCAL","Pasimachus californicus","species",,"Chaudoir",,"Purrington, F., and C. J. Drake. 2005. A key to adult Nearctic Pasimachus (Pasimachus) Bonelli (Coleoptera: Carabidae: Scaritini), with comments on their functional mouthpart morphology. Entomological News 116:253-262.",,"K015xPfLfah4eO1uZLmE3FLLe6b3pcen","zqzI6VPGJkqKrnUdkEIpiHhaRLZfA7fK",
"ec661380-aef0-451b-912e-3fc6d7ae48ed","OAES_021.basePlot.bet","D11","OAES","OAES_021","W","2015-08-18","2015-09-01","2015-11-12","2015-12-04","aFCS5Rk0Sda5ErK1x3DbHy0RwY2R+BPQJa5BMz/PCQs=","NEON.BET.D11.000420","PASCAL","Pasimachus californicus","species",,"Chaudoir",,"Purrington, F., and C. J. Drake. 2005. A key to adult Nearctic Pasimachus (Pasimachus) Bonelli (Coleoptera: Carabidae: Scaritini), with comments on their functional mouthpart morphology. Entomological News 116:253-262.",,"K015xPfLfah4eO1uZLmE3FLLe6b3pcen","zqzI6VPGJkqKrnUdkEIpiHhaRLZfA7fK",
"d97a225e-2469-4cea-8e0a-3c9ad50036d9","OAES_021.basePlot.bet","D11","OAES","OAES_021","W","2015-08-18","2015-09-01","2015-11-12","2015-12-04","aFCS5Rk0Sda5ErK1x3DbHy0RwY2R+BPQJa5BMz/PCQs=","NEON.BET.D11.000421","PASCAL","Pasimachus californicus","species",,"Chaudoir",,"Purrington, F., and C. J. Drake. 2005. A key to adult Nearctic Pasimachus (Pasimachus) Bonelli (Coleoptera: Carabidae: Scaritini), with comments on their functional mouthpart morphology. Entomological News 116:253-262.",,"K015xPfLfah4eO1uZLmE3FLLe6b3pcen","zqzI6VPGJkqKrnUdkEIpiHhaRLZfA7fK",
"4a742f9b-621a-4b35-965a-44dfa30d9d66","OAES_006.basePlot.bet","D11","OAES","OAES_006","E","2015-08-18","2015-09-01","2015-11-13","2015-12-04","mt2fHmHLlFmpuzgZy7qFxY9I/e0SCdgnCXSOb53dYnU=","NEON.BET.D11.000458","PASCAL","Pasimachus californicus","species",,"Chaudoir",,"Purrington, F., and C. J. Drake. 2005. A key to adult Nearctic Pasimachus (Pasimachus) Bonelli (Coleoptera: Carabidae: Scaritini), with comments on their functional mouthpart morphology. Entomological News 116:253-262.",,"K015xPfLfah4eO1uZLmE3FLLe6b3pcen","zqzI6VPGJkqKrnUdkEIpiHhaRLZfA7fK",
"340c3b2c-b9a9-41f6-b031-d0b988a6a399","OAES_006.basePlot.bet","D11","OAES","OAES_006","E","2015-08-18","2015-09-01","2015-11-13","2015-12-04","mt2fHmHLlFmpuzgZy7qFxY9I/e0SCdgnCXSOb53dYnU=","NEON.BET.D11.000461","PASCAL","Pasimachus californicus","species",,"Chaudoir",,"Purrington, F., and C. J. Drake. 2005. A key to adult Nearctic Pasimachus (Pasimachus) Bonelli (Coleoptera: Carabidae: Scaritini), with comments on their functional mouthpart morphology. Entomological News 116:253-262.",,"K015xPfLfah4eO1uZLmE3FLLe6b3pcen","zqzI6VPGJkqKrnUdkEIpiHhaRLZfA7fK",
"fedc0454-5472-481f-af4c-6ac309811ad8","OAES_006.basePlot.bet","D11","OAES","OAES_006","E","2015-08-18","2015-09-01","2015-11-13","2015-12-04","mt2fHmHLlFmpuzgZy7qFxY9I/e0SCdgnCXSOb53dYnU=","NEON.BET.D11.000466","PASCAL","Pasimachus californicus","species",,"Chaudoir",,"Purrington, F., and C. J. Drake. 2005. A key to adult Nearctic Pasimachus (Pasimachus) Bonelli (Coleoptera: Carabidae: Scaritini), with comments on their functional mouthpart morphology. Entomological News 116:253-262.",,"K015xPfLfah4eO1uZLmE3FLLe6b3pcen","zqzI6VPGJkqKrnUdkEIpiHhaRLZfA7fK",
"26f99ad6-2a63-4f6a-9635-ff330d143ba7","OAES_006.basePlot.bet","D11","OAES","OAES_006","E","2015-08-18","2015-09-01","2015-11-13","2015-12-04","mt2fHmHLlFmpuzgZy7qFxY9I/e0SCdgnCXSOb53dYnU=","NEON.BET.D11.000468","PASCAL","Pasimachus californicus","species",,"Chaudoir",,"Purrington, F., and C. J. Drake. 2005. A key to adult Nearctic Pasimachus (Pasimachus) Bonelli (Coleoptera: Carabidae: Scaritini), with comments on their functional mouthpart morphology. Entomological News 116:253-262.",,"K015xPfLfah4eO1uZLmE3FLLe6b3pcen","zqzI6VPGJkqKrnUdkEIpiHhaRLZfA7fK",
"8e04ba63-5b78-41f7-89e5-3a6a036af14c","OAES_009.basePlot.bet","D11","OAES","OAES_009","E","2015-08-18","2015-09-01","2015-11-13","2015-12-04","e+s5q3w8y7PBAYoNMaPuBiKjZtBR86C4Vg2VDmbQeI8=","NEON.BET.D11.000447","PASCAL","Pasimachus californicus","species",,"Chaudoir",,"Purrington, F., and C. J. Drake. 2005. A key to adult Nearctic Pasimachus (Pasimachus) Bonelli (Coleoptera: Carabidae: Scaritini), with comments on their functional mouthpart morphology. Entomological News 116:253-262.",,"K015xPfLfah4eO1uZLmE3FLLe6b3pcen","zqzI6VPGJkqKrnUdkEIpiHhaRLZfA7fK",
"6bbe4301-1cb3-4542-81ba-ecf3647eeb6a","OAES_009.basePlot.bet","D11","OAES","OAES_009","E","2015-08-18","2015-09-01","2015-11-13","2015-12-04","e+s5q3w8y7PBAYoNMaPuBiKjZtBR86C4Vg2VDmbQeI8=","NEON.BET.D11.000446","PASCAL","Pasimachus californicus","species",,"Chaudoir",,"Purrington, F., and C. J. Drake. 2005. A key to adult Nearctic Pasimachus (Pasimachus) Bonelli (Coleoptera: Carabidae: Scaritini), with comments on their functional mouthpart morphology. Entomological News 116:253-262.",,"K015xPfLfah4eO1uZLmE3FLLe6b3pcen","zqzI6VPGJkqKrnUdkEIpiHhaRLZfA7fK",
"6c6c48af-90a8-4e07-9fdc-ebb1d2b9c45d","OAES_006.basePlot.bet","D11","OAES","OAES_006","E","2015-08-18","2015-09-01","2015-11-13","2015-12-04","mt2fHmHLlFmpuzgZy7qFxY9I/e0SCdgnCXSOb53dYnU=","NEON.BET.D11.000457","PASCAL","Pasimachus californicus","species",,"Chaudoir",,"Purrington, F., and C. J. Drake. 2005. A key to adult Nearctic Pasimachus (Pasimachus) Bonelli (Coleoptera: Carabidae: Scaritini), with comments on their functional mouthpart morphology. Entomological News 116:253-262.",,"K015xPfLfah4eO1uZLmE3FLLe6b3pcen","zqzI6VPGJkqKrnUdkEIpiHhaRLZfA7fK",
"ca313c40-93c2-4199-b0fe-d7de3f22977d","OAES_009.basePlot.bet","D11","OAES","OAES_009","E","2015-08-18","2015-09-01","2015-11-13","2015-12-04","e+s5q3w8y7PBAYoNMaPuBiKjZtBR86C4Vg2VDmbQeI8=","NEON.BET.D11.000451","PASCAL","Pasimachus californicus","species",,"Chaudoir",,"Purrington, F., and C. J. Drake. 2005. A key to adult Nearctic Pasimachus (Pasimachus) Bonelli (Coleoptera: Carabidae: Scaritini), with comments on their functional mouthpart morphology. Entomological News 116:253-262.",,"K015xPfLfah4eO1uZLmE3FLLe6b3pcen","zqzI6VPGJkqKrnUdkEIpiHhaRLZfA7fK",
"eb29fb24-7988-4240-bfd6-dbce0d0179b7","OAES_009.basePlot.bet","D11","OAES","OAES_009","E","2015-08-18","2015-09-01","2015-11-13","2015-12-04","e+s5q3w8y7PBAYoNMaPuBiKjZtBR86C4Vg2VDmbQeI8=","NEON.BET.D11.000449","PASCAL","Pasimachus californicus","species",,"Chaudoir",,"Purrington, F., and C. J. Drake. 2005. A key to adult Nearctic Pasimachus (Pasimachus) Bonelli (Coleoptera: Carabidae: Scaritini), with comments on their functional mouthpart morphology. Entomological News 116:253-262.",,"K015xPfLfah4eO1uZLmE3FLLe6b3pcen","zqzI6VPGJkqKrnUdkEIpiHhaRLZfA7fK",
"5d89f6b3-721f-4afc-94ea-89e23983901a","OAES_009.basePlot.bet","D11","OAES","OAES_009","E","2015-08-18","2015-09-01","2015-11-13","2015-12-04","e+s5q3w8y7PBAYoNMaPuBiKjZtBR86C4Vg2VDmbQeI8=","NEON.BET.D11.000445","PASCAL","Pasimachus californicus","species",,"Chaudoir",,"Purrington, F., and C. J. Drake. 2005. A key to adult Nearctic Pasimachus (Pasimachus) Bonelli (Coleoptera: Carabidae: Scaritini), with comments on their functional mouthpart morphology. Entomological News 116:253-262.",,"K015xPfLfah4eO1uZLmE3FLLe6b3pcen","zqzI6VPGJkqKrnUdkEIpiHhaRLZfA7fK",
"c0254d45-99c4-48e9-9eed-8cc488281f56","OAES_009.basePlot.bet","D11","OAES","OAES_009","E","2015-08-18","2015-09-01","2015-11-13","2015-12-04","e+s5q3w8y7PBAYoNMaPuBiKjZtBR86C4Vg2VDmbQeI8=","NEON.BET.D11.000448","PASCAL","Pasimachus californicus","species",,"Chaudoir",,"Purrington, F., and C. J. Drake. 2005. A key to adult Nearctic Pasimachus (Pasimachus) Bonelli (Coleoptera: Carabidae: Scaritini), with comments on their functional mouthpart morphology. Entomological News 116:253-262.",,"K015xPfLfah4eO1uZLmE3FLLe6b3pcen","zqzI6VPGJkqKrnUdkEIpiHhaRLZfA7fK",
"1a23d85b-7a1a-4ca3-87bb-8643d2362f2f","OAES_009.basePlot.bet","D11","OAES","OAES_009","E","2015-08-18","2015-09-01","2015-11-13","2015-12-04","e+s5q3w8y7PBAYoNMaPuBiKjZtBR86C4Vg2VDmbQeI8=","NEON.BET.D11.000450","PASCAL","Pasimachus californicus","species",,"Chaudoir",,"Purrington, F., and C. J. Drake. 2005. A key to adult Nearctic Pasimachus (Pasimachus) Bonelli (Coleoptera: Carabidae: Scaritini), with comments on their functional mouthpart morphology. Entomological News 116:253-262.",,"K015xPfLfah4eO1uZLmE3FLLe6b3pcen","zqzI6VPGJkqKrnUdkEIpiHhaRLZfA7fK",
"76e2125e-128f-41dd-8a08-5e255a73a930","OAES_002.basePlot.bet","D11","OAES","OAES_002","E","2015-08-18","2015-09-01","2015-11-13","2015-12-04","DJFzCWJFd2iZPfG0eEimXTkkt8SmB1N5bC1V4+W3NUE=","NEON.BET.D11.000486","PASCAL","Pasimachus californicus","species",,"Chaudoir",,"Purrington, F., and C. J. Drake. 2005. A key to adult Nearctic Pasimachus (Pasimachus) Bonelli (Coleoptera: Carabidae: Scaritini), with comments on their functional mouthpart morphology. Entomological News 116:253-262.",,"K015xPfLfah4eO1uZLmE3FLLe6b3pcen","zqzI6VPGJkqKrnUdkEIpiHhaRLZfA7fK",
"a05b9058-dc90-4c35-b754-c257a9d77bc6","OAES_002.basePlot.bet","D11","OAES","OAES_002","E","2015-08-18","2015-09-01","2015-11-13","2015-12-04","DJFzCWJFd2iZPfG0eEimXTkkt8SmB1N5bC1V4+W3NUE=","NEON.BET.D11.000487","PASCAL","Pasimachus californicus","species",,"Chaudoir",,"Purrington, F., and C. J. Drake. 2005. A key to adult Nearctic Pasimachus (Pasimachus) Bonelli (Coleoptera: Carabidae: Scaritini), with comments on their functional mouthpart morphology. Entomological News 116:253-262.",,"K015xPfLfah4eO1uZLmE3FLLe6b3pcen","zqzI6VPGJkqKrnUdkEIpiHhaRLZfA7fK",
"99ce6b2b-8112-4e16-8c0c-88f80fc7df9d","OAES_002.basePlot.bet","D11","OAES","OAES_002","E","2015-08-18","2015-09-01","2015-11-13","2015-12-04","DJFzCWJFd2iZPfG0eEimXTkkt8SmB1N5bC1V4+W3NUE=","NEON.BET.D11.000491","PASCAL","Pasimachus californicus","species",,"Chaudoir",,"Purrington, F., and C. J. Drake. 2005. A key to adult Nearctic Pasimachus (Pasimachus) Bonelli (Coleoptera: Carabidae: Scaritini), with comments on their functional mouthpart morphology. Entomological News 116:253-262.",,"K015xPfLfah4eO1uZLmE3FLLe6b3pcen","zqzI6VPGJkqKrnUdkEIpiHhaRLZfA7fK",
"dafc9b23-cc67-4e90-9cbc-e86688231c8b","OAES_002.basePlot.bet","D11","OAES","OAES_002","E","2015-08-18","2015-09-01","2015-11-13","2015-12-04","DJFzCWJFd2iZPfG0eEimXTkkt8SmB1N5bC1V4+W3NUE=","NEON.BET.D11.000489","PASCAL","Pasimachus californicus","species",,"Chaudoir",,"Purrington, F., and C. J. Drake. 2005. A key to adult Nearctic Pasimachus (Pasimachus) Bonelli (Coleoptera: Carabidae: Scaritini), with comments on their functional mouthpart morphology. Entomological News 116:253-262.",,"K015xPfLfah4eO1uZLmE3FLLe6b3pcen","zqzI6VPGJkqKrnUdkEIpiHhaRLZfA7fK",
"19bfd34e-b1ba-443b-8ee4-54c60518ad96","OAES_002.basePlot.bet","D11","OAES","OAES_002","E","2015-08-18","2015-09-01","2015-11-13","2015-12-04","DJFzCWJFd2iZPfG0eEimXTkkt8SmB1N5bC1V4+W3NUE=","NEON.BET.D11.000492","PASCAL","Pasimachus californicus","species",,"Chaudoir",,"Purrington, F., and C. J. Drake. 2005. A key to adult Nearctic Pasimachus (Pasimachus) Bonelli (Coleoptera: Carabidae: Scaritini), with comments on their functional mouthpart morphology. Entomological News 116:253-262.",,"K015xPfLfah4eO1uZLmE3FLLe6b3pcen","zqzI6VPGJkqKrnUdkEIpiHhaRLZfA7fK",
"0cbe9ca9-b327-4ef6-9bd0-118aa39e4061","OAES_002.basePlot.bet","D11","OAES","OAES_002","E","2015-08-18","2015-09-01","2015-11-13","2015-12-04","DJFzCWJFd2iZPfG0eEimXTkkt8SmB1N5bC1V4+W3NUE=","NEON.BET.D11.000490","PASCAL","Pasimachus californicus","species",,"Chaudoir",,"Purrington, F., and C. J. Drake. 2005. A key to adult Nearctic Pasimachus (Pasimachus) Bonelli (Coleoptera: Carabidae: Scaritini), with comments on their functional mouthpart morphology. Entomological News 116:253-262.",,"K015xPfLfah4eO1uZLmE3FLLe6b3pcen","zqzI6VPGJkqKrnUdkEIpiHhaRLZfA7fK",
"0f591c14-69f9-47fe-8aa1-5dc599812900","OAES_002.basePlot.bet","D11","OAES","OAES_002","E","2015-08-18","2015-09-01","2015-11-13","2015-12-04","DJFzCWJFd2iZPfG0eEimXTkkt8SmB1N5bC1V4+W3NUE=","NEON.BET.D11.000488","PASCAL","Pasimachus californicus","species",,"Chaudoir",,"Purrington, F., and C. J. Drake. 2005. A key to adult Nearctic Pasimachus (Pasimachus) Bonelli (Coleoptera: Carabidae: Scaritini), with comments on their functional mouthpart morphology. Entomological News 116:253-262.",,"K015xPfLfah4eO1uZLmE3FLLe6b3pcen","zqzI6VPGJkqKrnUdkEIpiHhaRLZfA7fK",
"6da4d208-9378-4473-ade5-ca8dfded4355","OAES_002.basePlot.bet","D11","OAES","OAES_002","E","2015-08-18","2015-09-01","2015-11-13","2015-12-04","DJFzCWJFd2iZPfG0eEimXTkkt8SmB1N5bC1V4+W3NUE=","NEON.BET.D11.000493","PASCAL","Pasimachus californicus","species",,"Chaudoir",,"Purrington, F., and C. J. Drake. 2005. A key to adult Nearctic Pasimachus (Pasimachus) Bonelli (Coleoptera: Carabidae: Scaritini), with comments on their functional mouthpart morphology. Entomological News 116:253-262.",,"K015xPfLfah4eO1uZLmE3FLLe6b3pcen","zqzI6VPGJkqKrnUdkEIpiHhaRLZfA7fK",
"bd855ca1-d20b-4806-bf43-6f22a7663cce","OAES_003.basePlot.bet","D11","OAES","OAES_003","E","2015-08-18","2015-09-01","2015-11-13","2015-12-04","JY1K16SHr/zEfsjUb84kZhIHzdt/jZ0U7f+n/rRBqXU=","NEON.BET.D11.000479","PASCAL","Pasimachus californicus","species",,"Chaudoir",,"Purrington, F., and C. J. Drake. 2005. A key to adult Nearctic Pasimachus (Pasimachus) Bonelli (Coleoptera: Carabidae: Scaritini), with comments on their functional mouthpart morphology. Entomological News 116:253-262.",,"K015xPfLfah4eO1uZLmE3FLLe6b3pcen","zqzI6VPGJkqKrnUdkEIpiHhaRLZfA7fK",
"e795c439-e1cf-427d-ad2b-e0f67cdda0be","OAES_003.basePlot.bet","D11","OAES","OAES_003","E","2015-08-18","2015-09-01","2015-11-13","2015-12-04","JY1K16SHr/zEfsjUb84kZhIHzdt/jZ0U7f+n/rRBqXU=","NEON.BET.D11.000474","PASCAL","Pasimachus californicus","species",,"Chaudoir",,"Purrington, F., and C. J. Drake. 2005. A key to adult Nearctic Pasimachus (Pasimachus) Bonelli (Coleoptera: Carabidae: Scaritini), with comments on their functional mouthpart morphology. Entomological News 116:253-262.",,"K015xPfLfah4eO1uZLmE3FLLe6b3pcen","zqzI6VPGJkqKrnUdkEIpiHhaRLZfA7fK",
"85b72254-8977-4fa5-9342-aee5b823f91b","OAES_003.basePlot.bet","D11","OAES","OAES_003","E","2015-08-18","2015-09-01","2015-11-13","2015-12-04","JY1K16SHr/zEfsjUb84kZhIHzdt/jZ0U7f+n/rRBqXU=","NEON.BET.D11.000476","PASCAL","Pasimachus californicus","species",,"Chaudoir",,"Purrington, F., and C. J. Drake. 2005. A key to adult Nearctic Pasimachus (Pasimachus) Bonelli (Coleoptera: Carabidae: Scaritini), with comments on their functional mouthpart morphology. Entomological News 116:253-262.",,"K015xPfLfah4eO1uZLmE3FLLe6b3pcen","zqzI6VPGJkqKrnUdkEIpiHhaRLZfA7fK",
"2c7ab6dc-c897-4dd0-a0dc-1d04518362e1","OAES_003.basePlot.bet","D11","OAES","OAES_003","E","2015-08-18","2015-09-01","2015-11-13","2015-12-04","JY1K16SHr/zEfsjUb84kZhIHzdt/jZ0U7f+n/rRBqXU=","NEON.BET.D11.000475","PASCAL","Pasimachus californicus","species",,"Chaudoir",,"Purrington, F., and C. J. Drake. 2005. A key to adult Nearctic Pasimachus (Pasimachus) Bonelli (Coleoptera: Carabidae: Scaritini), with comments on their functional mouthpart morphology. Entomological News 116:253-262.",,"K015xPfLfah4eO1uZLmE3FLLe6b3pcen","zqzI6VPGJkqKrnUdkEIpiHhaRLZfA7fK",
"8cb01029-7814-4add-89b1-8bbb7525b830","OAES_003.basePlot.bet","D11","OAES","OAES_003","E","2015-08-18","2015-09-01","2015-11-13","2015-12-04","JY1K16SHr/zEfsjUb84kZhIHzdt/jZ0U7f+n/rRBqXU=","NEON.BET.D11.000473","PASCAL","Pasimachus californicus","species",,"Chaudoir",,"Purrington, F., and C. J. Drake. 2005. A key to adult Nearctic Pasimachus (Pasimachus) Bonelli (Coleoptera: Carabidae: Scaritini), with comments on their functional mouthpart morphology. Entomological News 116:253-262.",,"K015xPfLfah4eO1uZLmE3FLLe6b3pcen","zqzI6VPGJkqKrnUdkEIpiHhaRLZfA7fK",
"afb9e84f-1b64-4373-8b8d-1f74d417bbc5","OAES_003.basePlot.bet","D11","OAES","OAES_003","E","2015-08-18","2015-09-01","2015-11-13","2015-12-04","JY1K16SHr/zEfsjUb84kZhIHzdt/jZ0U7f+n/rRBqXU=","NEON.BET.D11.000477","PASCAL","Pasimachus californicus","species",,"Chaudoir",,"Purrington, F., and C. J. Drake. 2005. A key to adult Nearctic Pasimachus (Pasimachus) Bonelli (Coleoptera: Carabidae: Scaritini), with comments on their functional mouthpart morphology. Entomological News 116:253-262.",,"K015xPfLfah4eO1uZLmE3FLLe6b3pcen","zqzI6VPGJkqKrnUdkEIpiHhaRLZfA7fK",
"bb133937-8ff7-45d5-a329-ca50e32a92e0","OAES_003.basePlot.bet","D11","OAES","OAES_003","E","2015-08-18","2015-09-01","2015-11-13","2015-12-04","JY1K16SHr/zEfsjUb84kZhIHzdt/jZ0U7f+n/rRBqXU=","NEON.BET.D11.000478","PASCAL","Pasimachus californicus","species",,"Chaudoir",,"Purrington, F., and C. J. Drake. 2005. A key to adult Nearctic Pasimachus (Pasimachus) Bonelli (Coleoptera: Carabidae: Scaritini), with comments on their functional mouthpart morphology. Entomological News 116:253-262.",,"K015xPfLfah4eO1uZLmE3FLLe6b3pcen","zqzI6VPGJkqKrnUdkEIpiHhaRLZfA7fK",
"31dea9a2-2f71-4049-be23-9fd22092aef3","OAES_001.basePlot.bet","D11","OAES","OAES_001","E","2015-08-18","2015-09-01","2015-11-13","2015-12-04","Yz+fJngcyZ9Pq0SDV7LlkiOX9BTttUlQHOLl4nflua0=","NEON.BET.D11.000503","PASCAL","Pasimachus californicus","species",,"Chaudoir",,"Purrington, F., and C. J. Drake. 2005. A key to adult Nearctic Pasimachus (Pasimachus) Bonelli (Coleoptera: Carabidae: Scaritini), with comments on their functional mouthpart morphology. Entomological News 116:253-262.",,"K015xPfLfah4eO1uZLmE3FLLe6b3pcen","zqzI6VPGJkqKrnUdkEIpiHhaRLZfA7fK",
"440de4e3-793c-41a9-8d81-0738d963d579","OAES_009.basePlot.bet","D11","OAES","OAES_009","N","2015-08-18","2015-09-01","2015-11-13","2015-12-04","e+s5q3w8y7N0DA6Xh0DAy+ZIPNzO6+HG4OunAzVsBa4=","NEON.BET.D11.000452","PASCAL","Pasimachus californicus","species",,"Chaudoir",,"Purrington, F., and C. J. Drake. 2005. A key to adult Nearctic Pasimachus (Pasimachus) Bonelli (Coleoptera: Carabidae: Scaritini), with comments on their functional mouthpart morphology. Entomological News 116:253-262.",,"K015xPfLfah4eO1uZLmE3FLLe6b3pcen","zqzI6VPGJkqKrnUdkEIpiHhaRLZfA7fK",
"7dfa7782-9603-4b5d-851e-21d11f019496","OAES_007.basePlot.bet","D11","OAES","OAES_007","N","2015-08-18","2015-09-01","2015-11-12","2015-12-04","rDfCr2OaAq2IUtMwbKF/1/ZWQuiJD/mkNByhXh/Sfes=","NEON.BET.D11.000425","PASELO","Pasimachus elongatus","species",,"LeConte",,"Purrington, F., and C. J. Drake. 2005. A key to adult Nearctic Pasimachus (Pasimachus) Bonelli (Coleoptera: Carabidae: Scaritini), with comments on their functional mouthpart morphology. Entomological News 116:253-262.",,"K015xPfLfah4eO1uZLmE3FLLe6b3pcen","zqzI6VPGJkqKrnUdkEIpiHhaRLZfA7fK",
"e3541a14-90f5-43fd-8f79-dc607c37ee69","OAES_009.basePlot.bet","D11","OAES","OAES_009","N","2015-08-18","2015-09-01","2015-11-13","2015-12-04","e+s5q3w8y7N0DA6Xh0DAy+ZIPNzO6+HG4OunAzVsBa4=","NEON.BET.D11.000454","PASCAL","Pasimachus californicus","species",,"Chaudoir",,"Purrington, F., and C. J. Drake. 2005. A key to adult Nearctic Pasimachus (Pasimachus) Bonelli (Coleoptera: Carabidae: Scaritini), with comments on their functional mouthpart morphology. Entomological News 116:253-262.",,"K015xPfLfah4eO1uZLmE3FLLe6b3pcen","zqzI6VPGJkqKrnUdkEIpiHhaRLZfA7fK",
"bc1413a5-9f00-47aa-aeda-96943c05b6a2","OAES_007.basePlot.bet","D11","OAES","OAES_007","N","2015-08-18","2015-09-01","2015-11-12","2015-12-04","rDfCr2OaAq2IUtMwbKF/1/ZWQuiJD/mkNByhXh/Sfes=","NEON.BET.D11.000426","PASELO","Pasimachus elongatus","species",,"LeConte",,"Purrington, F., and C. J. Drake. 2005. A key to adult Nearctic Pasimachus (Pasimachus) Bonelli (Coleoptera: Carabidae: Scaritini), with comments on their functional mouthpart morphology. Entomological News 116:253-262.",,"K015xPfLfah4eO1uZLmE3FLLe6b3pcen","zqzI6VPGJkqKrnUdkEIpiHhaRLZfA7fK",
"18ac44a2-494d-4270-95e5-7f3743f57285","OAES_007.basePlot.bet","D11","OAES","OAES_007","N","2015-08-18","2015-09-01","2015-11-12","2015-12-04","rDfCr2OaAq2IUtMwbKF/1/ZWQuiJD/mkNByhXh/Sfes=","NEON.BET.D11.000424","PASELO","Pasimachus elongatus","species",,"LeConte",,"Purrington, F., and C. J. Drake. 2005. A key to adult Nearctic Pasimachus (Pasimachus) Bonelli (Coleoptera: Carabidae: Scaritini), with comments on their functional mouthpart morphology. Entomological News 116:253-262.",,"K015xPfLfah4eO1uZLmE3FLLe6b3pcen","zqzI6VPGJkqKrnUdkEIpiHhaRLZfA7fK",
"a57a2466-e812-446a-8b89-150b571032e3","OAES_001.basePlot.bet","D11","OAES","OAES_001","N","2015-08-18","2015-09-01","2015-11-13","2015-12-04","Yz+fJngcyZ/SwCCmRbtKNNXGkni+jTfZZbtAtw/XmCw=","NEON.BET.D11.000501","PASCAL","Pasimachus californicus","species",,"Chaudoir",,"Purrington, F., and C. J. Drake. 2005. A key to adult Nearctic Pasimachus (Pasimachus) Bonelli (Coleoptera: Carabidae: Scaritini), with comments on their functional mouthpart morphology. Entomological News 116:253-262.",,"K015xPfLfah4eO1uZLmE3FLLe6b3pcen","zqzI6VPGJkqKrnUdkEIpiHhaRLZfA7fK",
"6a56582e-09d7-4766-82cb-930cbc455f45","OAES_001.basePlot.bet","D11","OAES","OAES_001","N","2015-08-18","2015-09-01","2015-11-13","2015-12-04","Yz+fJngcyZ/SwCCmRbtKNNXGkni+jTfZZbtAtw/XmCw=","NEON.BET.D11.000499","PASCAL","Pasimachus californicus","species",,"Chaudoir",,"Purrington, F., and C. J. Drake. 2005. A key to adult Nearctic Pasimachus (Pasimachus) Bonelli (Coleoptera: Carabidae: Scaritini), with comments on their functional mouthpart morphology. Entomological News 116:253-262.",,"K015xPfLfah4eO1uZLmE3FLLe6b3pcen","zqzI6VPGJkqKrnUdkEIpiHhaRLZfA7fK",
"85702db4-d758-48e6-8fee-2231895cf411","OAES_009.basePlot.bet","D11","OAES","OAES_009","N","2015-08-18","2015-09-01","2015-11-13","2015-12-04","e+s5q3w8y7N0DA6Xh0DAy+ZIPNzO6+HG4OunAzVsBa4=","NEON.BET.D11.000455","PASCAL","Pasimachus californicus","species",,"Chaudoir",,"Purrington, F., and C. J. Drake. 2005. A key to adult Nearctic Pasimachus (Pasimachus) Bonelli (Coleoptera: Carabidae: Scaritini), with comments on their functional mouthpart morphology. Entomological News 116:253-262.",,"K015xPfLfah4eO1uZLmE3FLLe6b3pcen","zqzI6VPGJkqKrnUdkEIpiHhaRLZfA7fK",
"c0e248c9-8668-4dc6-9bd9-a0a0e5f36e45","OAES_021.basePlot.bet","D11","OAES","OAES_021","N","2015-08-18","2015-09-01","2015-11-12","2015-12-04","aFCS5Rk0Sda1Rkk6HlQMZR97TiCOlV33bzuqYA1AfVs=","NEON.BET.D11.000418","PASCAL","Pasimachus californicus","species",,"Chaudoir",,"Purrington, F., and C. J. Drake. 2005. A key to adult Nearctic Pasimachus (Pasimachus) Bonelli (Coleoptera: Carabidae: Scaritini), with comments on their functional mouthpart morphology. Entomological News 116:253-262.",,"K015xPfLfah4eO1uZLmE3FLLe6b3pcen","zqzI6VPGJkqKrnUdkEIpiHhaRLZfA7fK",
"63cf0390-0283-4094-923a-d2e8dfff9c9d","OAES_009.basePlot.bet","D11","OAES","OAES_009","N","2015-08-18","2015-09-01","2015-11-13","2015-12-04","e+s5q3w8y7N0DA6Xh0DAy+ZIPNzO6+HG4OunAzVsBa4=","NEON.BET.D11.000453","PASCAL","Pasimachus californicus","species",,"Chaudoir",,"Purrington, F., and C. J. Drake. 2005. A key to adult Nearctic Pasimachus (Pasimachus) Bonelli (Coleoptera: Carabidae: Scaritini), with comments on their functional mouthpart morphology. Entomological News 116:253-262.",,"K015xPfLfah4eO1uZLmE3FLLe6b3pcen","zqzI6VPGJkqKrnUdkEIpiHhaRLZfA7fK",
"02358e6c-ef1a-485c-a1ea-77ee1ae98ed5","OAES_001.basePlot.bet","D11","OAES","OAES_001","N","2015-08-18","2015-09-01","2015-11-13","2015-12-04","Yz+fJngcyZ/SwCCmRbtKNNXGkni+jTfZZbtAtw/XmCw=","NEON.BET.D11.000498","PASCAL","Pasimachus californicus","species",,"Chaudoir",,"Purrington, F., and C. J. Drake. 2005. A key to adult Nearctic Pasimachus (Pasimachus) Bonelli (Coleoptera: Carabidae: Scaritini), with comments on their functional mouthpart morphology. Entomological News 116:253-262.",,"K015xPfLfah4eO1uZLmE3FLLe6b3pcen","zqzI6VPGJkqKrnUdkEIpiHhaRLZfA7fK",
"14c95340-7d7c-44e4-885d-807241fd77c9","OAES_001.basePlot.bet","D11","OAES","OAES_001","N","2015-08-18","2015-09-01","2015-11-13","2015-12-04","Yz+fJngcyZ/SwCCmRbtKNNXGkni+jTfZZbtAtw/XmCw=","NEON.BET.D11.000497","PASCAL","Pasimachus californicus","species",,"Chaudoir",,"Purrington, F., and C. J. Drake. 2005. A key to adult Nearctic Pasimachus (Pasimachus) Bonelli (Coleoptera: Carabidae: Scaritini), with comments on their functional mouthpart morphology. Entomological News 116:253-262.",,"K015xPfLfah4eO1uZLmE3FLLe6b3pcen","zqzI6VPGJkqKrnUdkEIpiHhaRLZfA7fK",
"7fe5dd87-c719-4454-8ea9-3d062c3ead76","OAES_001.basePlot.bet","D11","OAES","OAES_001","N","2015-08-18","2015-09-01","2015-11-13","2015-12-04","Yz+fJngcyZ/SwCCmRbtKNNXGkni+jTfZZbtAtw/XmCw=","NEON.BET.D11.000502","PASCAL","Pasimachus californicus","species",,"Chaudoir",,"Purrington, F., and C. J. Drake. 2005. A key to adult Nearctic Pasimachus (Pasimachus) Bonelli (Coleoptera: Carabidae: Scaritini), with comments on their functional mouthpart morphology. Entomological News 116:253-262.",,"K015xPfLfah4eO1uZLmE3FLLe6b3pcen","zqzI6VPGJkqKrnUdkEIpiHhaRLZfA7fK",
"6833e0f3-e51e-49b2-b447-cc45a5598c94","OAES_001.basePlot.bet","D11","OAES","OAES_001","N","2015-08-18","2015-09-01","2015-11-13","2015-12-04","Yz+fJngcyZ/SwCCmRbtKNNXGkni+jTfZZbtAtw/XmCw=","NEON.BET.D11.000495","PASCAL","Pasimachus californicus","species",,"Chaudoir",,"Purrington, F., and C. J. Drake. 2005. A key to adult Nearctic Pasimachus (Pasimachus) Bonelli (Coleoptera: Carabidae: Scaritini), with comments on their functional mouthpart morphology. Entomological News 116:253-262.",,"K015xPfLfah4eO1uZLmE3FLLe6b3pcen","zqzI6VPGJkqKrnUdkEIpiHhaRLZfA7fK",
"62c48a78-7aec-4c30-ba1a-72e9bf2ca19a","OAES_001.basePlot.bet","D11","OAES","OAES_001","N","2015-08-18","2015-09-01","2015-11-13","2015-12-04","Yz+fJngcyZ/SwCCmRbtKNNXGkni+jTfZZbtAtw/XmCw=","NEON.BET.D11.000496","PASCAL","Pasimachus californicus","species",,"Chaudoir",,"Purrington, F., and C. J. Drake. 2005. A key to adult Nearctic Pasimachus (Pasimachus) Bonelli (Coleoptera: Carabidae: Scaritini), with comments on their functional mouthpart morphology. Entomological News 116:253-262.",,"K015xPfLfah4eO1uZLmE3FLLe6b3pcen","zqzI6VPGJkqKrnUdkEIpiHhaRLZfA7fK",
"3f2bcbd9-61c1-4fe3-998c-7f8bd64d7bd9","OAES_001.basePlot.bet","D11","OAES","OAES_001","N","2015-08-18","2015-09-01","2015-11-13","2015-12-04","Yz+fJngcyZ/SwCCmRbtKNNXGkni+jTfZZbtAtw/XmCw=","NEON.BET.D11.000500","PASCAL","Pasimachus californicus","species",,"Chaudoir",,"Purrington, F., and C. J. Drake. 2005. A key to adult Nearctic Pasimachus (Pasimachus) Bonelli (Coleoptera: Carabidae: Scaritini), with comments on their functional mouthpart morphology. Entomological News 116:253-262.",,"K015xPfLfah4eO1uZLmE3FLLe6b3pcen","zqzI6VPGJkqKrnUdkEIpiHhaRLZfA7fK",
"044fa68e-77ee-4146-9abf-7cb805676661","OAES_008.basePlot.bet","D11","OAES","OAES_008","N","2015-08-18","2015-09-01","2015-11-13","2015-12-04","BL2EGNvUCCPG8hZ4BJwuwTIrmapXdwNR0aFwDWU11ZY=","NEON.BET.D11.000456","PASCAL","Pasimachus californicus","species",,"Chaudoir",,"Purrington, F., and C. J. Drake. 2005. A key to adult Nearctic Pasimachus (Pasimachus) Bonelli (Coleoptera: Carabidae: Scaritini), with comments on their functional mouthpart morphology. Entomological News 116:253-262.",,"K015xPfLfah4eO1uZLmE3FLLe6b3pcen","zqzI6VPGJkqKrnUdkEIpiHhaRLZfA7fK",
"23094054-4807-4e67-888d-c4056508f81c","OAES_002.basePlot.bet","D11","OAES","OAES_002","N","2015-08-18","2015-09-01","2015-11-13","2015-12-04","DJFzCWJFd2gZux6f6ih4UWEa5NZ7chwJ0Yd3h8WvYuA=","NEON.BET.D11.000494","PASCAL","Pasimachus californicus","species",,"Chaudoir",,"Purrington, F., and C. J. Drake. 2005. A key to adult Nearctic Pasimachus (Pasimachus) Bonelli (Coleoptera: Carabidae: Scaritini), with comments on their functional mouthpart morphology. Entomological News 116:253-262.",,"K015xPfLfah4eO1uZLmE3FLLe6b3pcen","zqzI6VPGJkqKrnUdkEIpiHhaRLZfA7fK",
"7ba7b0c0-0fab-495c-94f0-fad5f9d1ca23","OAES_005.basePlot.bet","D11","OAES","OAES_005","N","2015-08-18","2015-09-01","2015-11-13","2015-12-04","oszmWJzaoIuaqeEDME44yuZyCTjq6knlEkftiIVxLew=","NEON.BET.D11.000480","PASCAL","Pasimachus californicus","species",,"Chaudoir",,"Purrington, F., and C. J. Drake. 2005. A key to adult Nearctic Pasimachus (Pasimachus) Bonelli (Coleoptera: Carabidae: Scaritini), with comments on their functional mouthpart morphology. Entomological News 116:253-262.",,"K015xPfLfah4eO1uZLmE3FLLe6b3pcen","zqzI6VPGJkqKrnUdkEIpiHhaRLZfA7fK",
"fc5a881c-9c8d-4665-be63-c01c703c7ddc","OAES_003.basePlot.bet","D11","OAES","OAES_003","S","2015-08-18","2015-09-01","2015-11-13","2015-12-04","JY1K16SHr/yHQvgUlPKb8aLCmFL71bY+wFOyj0koDcQ=","NEON.BET.D11.000471","PASCAL","Pasimachus californicus","species",,"Chaudoir",,"Purrington, F., and C. J. Drake. 2005. A key to adult Nearctic Pasimachus (Pasimachus) Bonelli (Coleoptera: Carabidae: Scaritini), with comments on their functional mouthpart morphology. Entomological News 116:253-262.",,"K015xPfLfah4eO1uZLmE3FLLe6b3pcen","zqzI6VPGJkqKrnUdkEIpiHhaRLZfA7fK",
"b9ca2dc7-369e-492b-b357-9eaf67c98a3b","OAES_002.basePlot.bet","D11","OAES","OAES_002","S","2015-08-18","2015-09-01","2015-11-13","2015-12-04","DJFzCWJFd2h0hWWcZRnW075GL5yqdzSJ1amJMkcev+M=","NEON.BET.D11.000482","PASCAL","Pasimachus californicus","species",,"Chaudoir",,"Purrington, F., and C. J. Drake. 2005. A key to adult Nearctic Pasimachus (Pasimachus) Bonelli (Coleoptera: Carabidae: Scaritini), with comments on their functional mouthpart morphology. Entomological News 116:253-262.",,"K015xPfLfah4eO1uZLmE3FLLe6b3pcen","zqzI6VPGJkqKrnUdkEIpiHhaRLZfA7fK",
"cd0e2f5b-51b3-4a24-a04b-db994e4fae77","OAES_002.basePlot.bet","D11","OAES","OAES_002","S","2015-08-18","2015-09-01","2015-11-13","2015-12-04","DJFzCWJFd2h0hWWcZRnW075GL5yqdzSJ1amJMkcev+M=","NEON.BET.D11.000481","PASCAL","Pasimachus californicus","species",,"Chaudoir",,"Purrington, F., and C. J. Drake. 2005. A key to adult Nearctic Pasimachus (Pasimachus) Bonelli (Coleoptera: Carabidae: Scaritini), with comments on their functional mouthpart morphology. Entomological News 116:253-262.",,"K015xPfLfah4eO1uZLmE3FLLe6b3pcen","zqzI6VPGJkqKrnUdkEIpiHhaRLZfA7fK",
"d7c4f5bc-a5a4-4aff-bf86-882cc687bece","OAES_002.basePlot.bet","D11","OAES","OAES_002","S","2015-08-18","2015-09-01","2015-11-13","2015-12-04","DJFzCWJFd2h0hWWcZRnW075GL5yqdzSJ1amJMkcev+M=","NEON.BET.D11.000484","PASCAL","Pasimachus californicus","species",,"Chaudoir",,"Purrington, F., and C. J. Drake. 2005. A key to adult Nearctic Pasimachus (Pasimachus) Bonelli (Coleoptera: Carabidae: Scaritini), with comments on their functional mouthpart morphology. Entomological News 116:253-262.",,"K015xPfLfah4eO1uZLmE3FLLe6b3pcen","zqzI6VPGJkqKrnUdkEIpiHhaRLZfA7fK",
"e4e0e60b-4b77-4067-a891-f15ebe353a9d","OAES_002.basePlot.bet","D11","OAES","OAES_002","S","2015-08-18","2015-09-01","2015-11-13","2015-12-04","DJFzCWJFd2h0hWWcZRnW075GL5yqdzSJ1amJMkcev+M=","NEON.BET.D11.000483","PASCAL","Pasimachus californicus","species",,"Chaudoir",,"Purrington, F., and C. J. Drake. 2005. A key to adult Nearctic Pasimachus (Pasimachus) Bonelli (Coleoptera: Carabidae: Scaritini), with comments on their functional mouthpart morphology. Entomological News 116:253-262.",,"K015xPfLfah4eO1uZLmE3FLLe6b3pcen","zqzI6VPGJkqKrnUdkEIpiHhaRLZfA7fK",
"62378002-7837-487e-a661-957c88b3fda2","OAES_003.basePlot.bet","D11","OAES","OAES_003","S","2015-08-18","2015-09-01","2015-11-13","2015-12-04","JY1K16SHr/yHQvgUlPKb8aLCmFL71bY+wFOyj0koDcQ=","NEON.BET.D11.000469","PASCAL","Pasimachus californicus","species",,"Chaudoir",,"Purrington, F., and C. J. Drake. 2005. A key to adult Nearctic Pasimachus (Pasimachus) Bonelli (Coleoptera: Carabidae: Scaritini), with comments on their functional mouthpart morphology. Entomological News 116:253-262.",,"K015xPfLfah4eO1uZLmE3FLLe6b3pcen","zqzI6VPGJkqKrnUdkEIpiHhaRLZfA7fK",
"a88d7687-7bd2-4940-9db3-ecc578ce662c","OAES_002.basePlot.bet","D11","OAES","OAES_002","S","2015-08-18","2015-09-01","2015-11-13","2015-12-04","DJFzCWJFd2h0hWWcZRnW075GL5yqdzSJ1amJMkcev+M=","NEON.BET.D11.000485","PASCAL","Pasimachus californicus","species",,"Chaudoir",,"Purrington, F., and C. J. Drake. 2005. A key to adult Nearctic Pasimachus (Pasimachus) Bonelli (Coleoptera: Carabidae: Scaritini), with comments on their functional mouthpart morphology. Entomological News 116:253-262.",,"K015xPfLfah4eO1uZLmE3FLLe6b3pcen","zqzI6VPGJkqKrnUdkEIpiHhaRLZfA7fK",
"1f2fde22-eddb-4904-93ef-61561fdabcf0","OAES_009.basePlot.bet","D11","OAES","OAES_009","S","2015-08-18","2015-09-01","2015-11-13","2015-12-04","e+s5q3w8y7OQPGowzuk5eQs8bkw9nOecloQeb5zl3IE=","NEON.BET.D11.000440","PASCAL","Pasimachus californicus","species",,"Chaudoir",,"Purrington, F., and C. J. Drake. 2005. A key to adult Nearctic Pasimachus (Pasimachus) Bonelli (Coleoptera: Carabidae: Scaritini), with comments on their functional mouthpart morphology. Entomological News 116:253-262.",,"K015xPfLfah4eO1uZLmE3FLLe6b3pcen","zqzI6VPGJkqKrnUdkEIpiHhaRLZfA7fK",
"faa70f70-3fbf-4c9e-b804-ef7425ffd3e1","OAES_009.basePlot.bet","D11","OAES","OAES_009","S","2015-08-18","2015-09-01","2015-11-13","2015-12-04","e+s5q3w8y7OQPGowzuk5eQs8bkw9nOecloQeb5zl3IE=","NEON.BET.D11.000443","PASCAL","Pasimachus californicus","species",,"Chaudoir",,"Purrington, F., and C. J. Drake. 2005. A key to adult Nearctic Pasimachus (Pasimachus) Bonelli (Coleoptera: Carabidae: Scaritini), with comments on their functional mouthpart morphology. Entomological News 116:253-262.",,"K015xPfLfah4eO1uZLmE3FLLe6b3pcen","zqzI6VPGJkqKrnUdkEIpiHhaRLZfA7fK",
"39ac684a-8a9b-4c3a-80e4-0bc9ffda1e56","OAES_009.basePlot.bet","D11","OAES","OAES_009","S","2015-08-18","2015-09-01","2015-11-13","2015-12-04","e+s5q3w8y7OQPGowzuk5eQs8bkw9nOecloQeb5zl3IE=","NEON.BET.D11.000444","PASCAL","Pasimachus californicus","species",,"Chaudoir",,"Purrington, F., and C. J. Drake. 2005. A key to adult Nearctic Pasimachus (Pasimachus) Bonelli (Coleoptera: Carabidae: Scaritini), with comments on their functional mouthpart morphology. Entomological News 116:253-262.",,"K015xPfLfah4eO1uZLmE3FLLe6b3pcen","zqzI6VPGJkqKrnUdkEIpiHhaRLZfA7fK",
"78a67c3d-d195-44ce-8990-3f820e6f12df","OAES_007.basePlot.bet","D11","OAES","OAES_007","S","2015-08-18","2015-09-01","2015-11-12","2015-12-04","rDfCr2OaAq1La1tmFadDxOp7DQGl/cSCcnUZBWIASl4=","NEON.BET.D11.000439","PASCAL","Pasimachus californicus","species","cf. species","Chaudoir",,"Purrington, F., and C. J. Drake. 2005. A key to adult Nearctic Pasimachus (Pasimachus) Bonelli (Coleoptera: Carabidae: Scaritini), with comments on their functional mouthpart morphology. Entomological News 116:253-262.",,"K015xPfLfah4eO1uZLmE3FLLe6b3pcen","zqzI6VPGJkqKrnUdkEIpiHhaRLZfA7fK",
"d6c14c2c-6f97-4039-b08c-06f5502957a6","OAES_007.basePlot.bet","D11","OAES","OAES_007","S","2015-08-18","2015-09-01","2015-11-12","2015-12-04","rDfCr2OaAq1La1tmFadDxOp7DQGl/cSCcnUZBWIASl4=","NEON.BET.D11.000436","PASCAL","Pasimachus californicus","species",,"Chaudoir",,"Purrington, F., and C. J. Drake. 2005. A key to adult Nearctic Pasimachus (Pasimachus) Bonelli (Coleoptera: Carabidae: Scaritini), with comments on their functional mouthpart morphology. Entomological News 116:253-262.",,"K015xPfLfah4eO1uZLmE3FLLe6b3pcen","zqzI6VPGJkqKrnUdkEIpiHhaRLZfA7fK",
"2f6ee7ec-920c-42a5-a259-bfb48cf2a7b6","OAES_009.basePlot.bet","D11","OAES","OAES_009","S","2015-08-18","2015-09-01","2015-11-13","2015-12-04","e+s5q3w8y7OQPGowzuk5eQs8bkw9nOecloQeb5zl3IE=","NEON.BET.D11.000441","PASCAL","Pasimachus californicus","species",,"Chaudoir",,"Purrington, F., and C. J. Drake. 2005. A key to adult Nearctic Pasimachus (Pasimachus) Bonelli (Coleoptera: Carabidae: Scaritini), with comments on their functional mouthpart morphology. Entomological News 116:253-262.",,"K015xPfLfah4eO1uZLmE3FLLe6b3pcen","zqzI6VPGJkqKrnUdkEIpiHhaRLZfA7fK",
"7cb721a0-dbc4-4c0d-8e67-7b9a9b85eee4","OAES_007.basePlot.bet","D11","OAES","OAES_007","S","2015-08-18","2015-09-01","2015-11-12","2015-12-04","rDfCr2OaAq1La1tmFadDxOp7DQGl/cSCcnUZBWIASl4=","NEON.BET.D11.000438","PASCAL","Pasimachus californicus","species",,"Chaudoir",,"Purrington, F., and C. J. Drake. 2005. A key to adult Nearctic Pasimachus (Pasimachus) Bonelli (Coleoptera: Carabidae: Scaritini), with comments on their functional mouthpart morphology. Entomological News 116:253-262.",,"K015xPfLfah4eO1uZLmE3FLLe6b3pcen","zqzI6VPGJkqKrnUdkEIpiHhaRLZfA7fK",
"dba99087-5395-48c3-90f9-0a86bf8848c9","OAES_007.basePlot.bet","D11","OAES","OAES_007","S","2015-08-18","2015-09-01","2015-11-12","2015-12-04","rDfCr2OaAq1La1tmFadDxOp7DQGl/cSCcnUZBWIASl4=","NEON.BET.D11.000435","PASCAL","Pasimachus californicus","species",,"Chaudoir",,"Purrington, F., and C. J. Drake. 2005. A key to adult Nearctic Pasimachus (Pasimachus) Bonelli (Coleoptera: Carabidae: Scaritini), with comments on their functional mouthpart morphology. Entomological News 116:253-262.",,"K015xPfLfah4eO1uZLmE3FLLe6b3pcen","zqzI6VPGJkqKrnUdkEIpiHhaRLZfA7fK",
"f36816c6-a4fa-4095-8ba3-eac853dcbfca","OAES_003.basePlot.bet","D11","OAES","OAES_003","S","2015-08-18","2015-09-01","2015-11-13","2015-12-04","JY1K16SHr/yHQvgUlPKb8aLCmFL71bY+wFOyj0koDcQ=","NEON.BET.D11.000472","PASCAL","Pasimachus californicus","species",,"Chaudoir",,"Purrington, F., and C. J. Drake. 2005. A key to adult Nearctic Pasimachus (Pasimachus) Bonelli (Coleoptera: Carabidae: Scaritini), with comments on their functional mouthpart morphology. Entomological News 116:253-262.",,"K015xPfLfah4eO1uZLmE3FLLe6b3pcen","zqzI6VPGJkqKrnUdkEIpiHhaRLZfA7fK",
"ef6a32c6-738f-4483-9f91-c2c9e99f6a09","OAES_007.basePlot.bet","D11","OAES","OAES_007","S","2015-08-18","2015-09-01","2015-11-12","2015-12-04","rDfCr2OaAq1La1tmFadDxOp7DQGl/cSCcnUZBWIASl4=","NEON.BET.D11.000437","PASCAL","Pasimachus californicus","species",,"Chaudoir",,"Purrington, F., and C. J. Drake. 2005. A key to adult Nearctic Pasimachus (Pasimachus) Bonelli (Coleoptera: Carabidae: Scaritini), with comments on their functional mouthpart morphology. Entomological News 116:253-262.",,"K015xPfLfah4eO1uZLmE3FLLe6b3pcen","zqzI6VPGJkqKrnUdkEIpiHhaRLZfA7fK",
"c131dffd-fe67-4d80-97dc-239fbac7f681","OAES_007.basePlot.bet","D11","OAES","OAES_007","E","2015-08-18","2015-09-01","2015-11-12","2015-12-04","rDfCr2OaAq0RzbHN0QwD5iFg9hxt3xbMdR4LsAFo7Wk=","NEON.BET.D11.000430","PASCAL","Pasimachus californicus","species",,"Chaudoir",,"Purrington, F., and C. J. Drake. 2005. A key to adult Nearctic Pasimachus (Pasimachus) Bonelli (Coleoptera: Carabidae: Scaritini), with comments on their functional mouthpart morphology. Entomological News 116:253-262.",,"K015xPfLfah4eO1uZLmE3FLLe6b3pcen","zqzI6VPGJkqKrnUdkEIpiHhaRLZfA7fK",
"61c081cc-9fe8-41cf-8923-d9cb6352ab10","OAES_007.basePlot.bet","D11","OAES","OAES_007","E","2015-08-18","2015-09-01","2015-11-12","2015-12-04","rDfCr2OaAq0RzbHN0QwD5lLsJWhzX/5MWTleGtbXbSk=","NEON.BET.D11.000428","PASELO","Pasimachus elongatus","species",,"LeConte",,"Purrington, F., and C. J. Drake. 2005. A key to adult Nearctic Pasimachus (Pasimachus) Bonelli (Coleoptera: Carabidae: Scaritini), with comments on their functional mouthpart morphology. Entomological News 116:253-262.",,"K015xPfLfah4eO1uZLmE3FLLe6b3pcen","zqzI6VPGJkqKrnUdkEIpiHhaRLZfA7fK",
"ad4306da-ba5b-4d0b-ad82-a12e3bb55eef","OAES_007.basePlot.bet","D11","OAES","OAES_007","E","2015-08-18","2015-09-01","2015-11-12","2015-12-04","rDfCr2OaAq0RzbHN0QwD5iFg9hxt3xbMdR4LsAFo7Wk=","NEON.BET.D11.000434","PASCAL","Pasimachus californicus","species",,"Chaudoir",,"Purrington, F., and C. J. Drake. 2005. A key to adult Nearctic Pasimachus (Pasimachus) Bonelli (Coleoptera: Carabidae: Scaritini), with comments on their functional mouthpart morphology. Entomological News 116:253-262.",,"K015xPfLfah4eO1uZLmE3FLLe6b3pcen","zqzI6VPGJkqKrnUdkEIpiHhaRLZfA7fK",
"be6296cb-f322-4d2a-83db-554a9f5ae29a","OAES_007.basePlot.bet","D11","OAES","OAES_007","E","2015-08-18","2015-09-01","2015-11-12","2015-12-04","rDfCr2OaAq0RzbHN0QwD5iFg9hxt3xbMdR4LsAFo7Wk=","NEON.BET.D11.000433","PASCAL","Pasimachus californicus","species",,"Chaudoir",,"Purrington, F., and C. J. Drake. 2005. A key to adult Nearctic Pasimachus (Pasimachus) Bonelli (Coleoptera: Carabidae: Scaritini), with comments on their functional mouthpart morphology. Entomological News 116:253-262.",,"K015xPfLfah4eO1uZLmE3FLLe6b3pcen","zqzI6VPGJkqKrnUdkEIpiHhaRLZfA7fK",
"346c94d8-3ed6-44d0-97ec-86362469674b","OAES_007.basePlot.bet","D11","OAES","OAES_007","E","2015-08-18","2015-09-01","2015-11-12","2015-12-04","rDfCr2OaAq0RzbHN0QwD5iFg9hxt3xbMdR4LsAFo7Wk=","NEON.BET.D11.000432","PASCAL","Pasimachus californicus","species",,"Chaudoir",,"Purrington, F., and C. J. Drake. 2005. A key to adult Nearctic Pasimachus (Pasimachus) Bonelli (Coleoptera: Carabidae: Scaritini), with comments on their functional mouthpart morphology. Entomological News 116:253-262.",,"K015xPfLfah4eO1uZLmE3FLLe6b3pcen","zqzI6VPGJkqKrnUdkEIpiHhaRLZfA7fK",
"d22035cf-8a2a-4148-8c06-0e9af28f5999","OAES_007.basePlot.bet","D11","OAES","OAES_007","E","2015-08-18","2015-09-01","2015-11-12","2015-12-04","rDfCr2OaAq0RzbHN0QwD5iFg9hxt3xbMdR4LsAFo7Wk=","NEON.BET.D11.000431","PASCAL","Pasimachus californicus","species",,"Chaudoir",,"Purrington, F., and C. J. Drake. 2005. A key to adult Nearctic Pasimachus (Pasimachus) Bonelli (Coleoptera: Carabidae: Scaritini), with comments on their functional mouthpart morphology. Entomological News 116:253-262.",,"K015xPfLfah4eO1uZLmE3FLLe6b3pcen","zqzI6VPGJkqKrnUdkEIpiHhaRLZfA7fK",
"e70108d3-20a8-4773-901b-f06dc22bbe2a","OAES_007.basePlot.bet","D11","OAES","OAES_007","E","2015-08-18","2015-09-01","2015-11-12","2015-12-04","rDfCr2OaAq0RzbHN0QwD5lLsJWhzX/5MWTleGtbXbSk=","NEON.BET.D11.000429","PASELO","Pasimachus elongatus","species",,"LeConte",,"Purrington, F., and C. J. Drake. 2005. A key to adult Nearctic Pasimachus (Pasimachus) Bonelli (Coleoptera: Carabidae: Scaritini), with comments on their functional mouthpart morphology. Entomological News 116:253-262.",,"K015xPfLfah4eO1uZLmE3FLLe6b3pcen","zqzI6VPGJkqKrnUdkEIpiHhaRLZfA7fK",
"defdbdee-3cde-414e-988e-1760ddaa808b","OAES_007.basePlot.bet","D11","OAES","OAES_007","E","2015-08-18","2015-09-01","2015-11-12","2015-12-04","rDfCr2OaAq0RzbHN0QwD5lLsJWhzX/5MWTleGtbXbSk=","NEON.BET.D11.000427","PASELO","Pasimachus elongatus","species",,"LeConte",,"Purrington, F., and C. J. Drake. 2005. A key to adult Nearctic Pasimachus (Pasimachus) Bonelli (Coleoptera: Carabidae: Scaritini), with comments on their functional mouthpart morphology. Entomological News 116:253-262.",,"K015xPfLfah4eO1uZLmE3FLLe6b3pcen","zqzI6VPGJkqKrnUdkEIpiHhaRLZfA7fK",
"a83229e0-59e5-4aea-8882-846ee2248c0f","OAES_006.basePlot.bet","D11","OAES","OAES_006","E","2015-08-18","2015-09-01","2015-11-13","2015-12-04","mt2fHmHLlFmpuzgZy7qFxY9I/e0SCdgnCXSOb53dYnU=","NEON.BET.D11.000459","PASCAL","Pasimachus californicus","species",,"Chaudoir",,"Purrington, F., and C. J. Drake. 2005. A key to adult Nearctic Pasimachus (Pasimachus) Bonelli (Coleoptera: Carabidae: Scaritini), with comments on their functional mouthpart morphology. Entomological News 116:253-262.",,"K015xPfLfah4eO1uZLmE3FLLe6b3pcen","zqzI6VPGJkqKrnUdkEIpiHhaRLZfA7fK",
"2ba9e73b-5041-424b-9d99-c0a23de9581f","OAES_006.basePlot.bet","D11","OAES","OAES_006","E","2015-08-18","2015-09-01","2015-11-13","2015-12-04","mt2fHmHLlFmpuzgZy7qFxY9I/e0SCdgnCXSOb53dYnU=","NEON.BET.D11.000467","PASCAL","Pasimachus californicus","species",,"Chaudoir",,"Purrington, F., and C. J. Drake. 2005. A key to adult Nearctic Pasimachus (Pasimachus) Bonelli (Coleoptera: Carabidae: Scaritini), with comments on their functional mouthpart morphology. Entomological News 116:253-262.",,"K015xPfLfah4eO1uZLmE3FLLe6b3pcen","zqzI6VPGJkqKrnUdkEIpiHhaRLZfA7fK",
"9bdaf1e2-b54f-4f82-9679-f712931ad762","OAES_006.basePlot.bet","D11","OAES","OAES_006","E","2015-08-18","2015-09-01","2015-11-13","2015-12-04","mt2fHmHLlFmpuzgZy7qFxY9I/e0SCdgnCXSOb53dYnU=","NEON.BET.D11.000460","PASCAL","Pasimachus californicus","species",,"Chaudoir",,"Purrington, F., and C. J. Drake. 2005. A key to adult Nearctic Pasimachus (Pasimachus) Bonelli (Coleoptera: Carabidae: Scaritini), with comments on their functional mouthpart morphology. Entomological News 116:253-262.",,"K015xPfLfah4eO1uZLmE3FLLe6b3pcen","zqzI6VPGJkqKrnUdkEIpiHhaRLZfA7fK",
"ef3ab709-297e-4811-9d66-b88aff4e9e96","OAES_006.basePlot.bet","D11","OAES","OAES_006","E","2015-08-18","2015-09-01","2015-11-13","2015-12-04","mt2fHmHLlFmpuzgZy7qFxY9I/e0SCdgnCXSOb53dYnU=","NEON.BET.D11.000464","PASCAL","Pasimachus californicus","species",,"Chaudoir",,"Purrington, F., and C. J. Drake. 2005. A key to adult Nearctic Pasimachus (Pasimachus) Bonelli (Coleoptera: Carabidae: Scaritini), with comments on their functional mouthpart morphology. Entomological News 116:253-262.",,"K015xPfLfah4eO1uZLmE3FLLe6b3pcen","zqzI6VPGJkqKrnUdkEIpiHhaRLZfA7fK",
"f95c1ddd-7618-4606-8381-01b55f2f5a5e","OAES_006.basePlot.bet","D11","OAES","OAES_006","E","2015-08-18","2015-09-01","2015-11-13","2015-12-04","mt2fHmHLlFmpuzgZy7qFxY9I/e0SCdgnCXSOb53dYnU=","NEON.BET.D11.000465","PASCAL","Pasimachus californicus","species",,"Chaudoir",,"Purrington, F., and C. J. Drake. 2005. A key to adult Nearctic Pasimachus (Pasimachus) Bonelli (Coleoptera: Carabidae: Scaritini), with comments on their functional mouthpart morphology. Entomological News 116:253-262.",,"K015xPfLfah4eO1uZLmE3FLLe6b3pcen","zqzI6VPGJkqKrnUdkEIpiHhaRLZfA7fK",
"e6d37c0b-e25b-4847-a71f-00ccf2b4af55","OAES_006.basePlot.bet","D11","OAES","OAES_006","E","2015-08-18","2015-09-01","2015-11-13","2015-12-04","mt2fHmHLlFmpuzgZy7qFxY9I/e0SCdgnCXSOb53dYnU=","NEON.BET.D11.000463","PASCAL","Pasimachus californicus","species",,"Chaudoir",,"Purrington, F., and C. J. Drake. 2005. A key to adult Nearctic Pasimachus (Pasimachus) Bonelli (Coleoptera: Carabidae: Scaritini), with comments on their functional mouthpart morphology. Entomological News 116:253-262.",,"K015xPfLfah4eO1uZLmE3FLLe6b3pcen","zqzI6VPGJkqKrnUdkEIpiHhaRLZfA7fK",
"cbd49d0d-62fa-4319-be4b-ca655cdb046a","OAES_006.basePlot.bet","D11","OAES","OAES_006","E","2015-08-18","2015-09-01","2015-11-13","2015-12-04","mt2fHmHLlFmpuzgZy7qFxY9I/e0SCdgnCXSOb53dYnU=","NEON.BET.D11.000462","PASCAL","Pasimachus californicus","species",,"Chaudoir",,"Purrington, F., and C. J. Drake. 2005. A key to adult Nearctic Pasimachus (Pasimachus) Bonelli (Coleoptera: Carabidae: Scaritini), with comments on their functional mouthpart morphology. Entomological News 116:253-262.",,"K015xPfLfah4eO1uZLmE3FLLe6b3pcen","zqzI6VPGJkqKrnUdkEIpiHhaRLZfA7fK",
"a5e64284-e26c-4d27-8b97-cb652e82bd5c","OAES_009.basePlot.bet","D11","OAES","OAES_009","E","2015-09-01","2015-09-15","2015-11-17","2015-12-04","e+s5q3w8y7PBAYoNMaPuBlbyeuUM4Xxvs2uQyOQgFuk=","NEON.BET.D11.000509","PASCAL","Pasimachus californicus","species",,"Chaudoir",,"Purrington, F., and C. J. Drake. 2005. A key to adult Nearctic Pasimachus (Pasimachus) Bonelli (Coleoptera: Carabidae: Scaritini), with comments on their functional mouthpart morphology. Entomological News 116:253-262.",,"K015xPfLfah4eO1uZLmE3FLLe6b3pcen","zqzI6VPGJkqKrnUdkEIpiHhaRLZfA7fK",
"d9d3c03f-69ba-4a05-a264-2f16a3f9842a","OAES_003.basePlot.bet","D11","OAES","OAES_003","W","2015-09-01","2015-09-15","2015-11-17","2015-12-04","JY1K16SHr/yRA0r9LqcgMOHIHf9GZl4Au4frzTZaf1M=","NEON.BET.D11.000553","PASCAL","Pasimachus californicus","species",,"Chaudoir",,"Purrington, F., and C. J. Drake. 2005. A key to adult Nearctic Pasimachus (Pasimachus) Bonelli (Coleoptera: Carabidae: Scaritini), with comments on their functional mouthpart morphology. Entomological News 116:253-262.",,"K015xPfLfah4eO1uZLmE3FLLe6b3pcen","zqzI6VPGJkqKrnUdkEIpiHhaRLZfA7fK",
"328ff4c1-a8e1-47f5-a97f-410b37824c4d","OAES_009.basePlot.bet","D11","OAES","OAES_009","E","2015-09-01","2015-09-15","2015-11-17","2015-12-04","e+s5q3w8y7PBAYoNMaPuBlbyeuUM4Xxvs2uQyOQgFuk=","NEON.BET.D11.000508","PASCAL","Pasimachus californicus","species",,"Chaudoir",,"Purrington, F., and C. J. Drake. 2005. A key to adult Nearctic Pasimachus (Pasimachus) Bonelli (Coleoptera: Carabidae: Scaritini), with comments on their functional mouthpart morphology. Entomological News 116:253-262.",,"K015xPfLfah4eO1uZLmE3FLLe6b3pcen","zqzI6VPGJkqKrnUdkEIpiHhaRLZfA7fK",
"bb23e22c-0c94-4a8b-a262-2647a51be65f","OAES_009.basePlot.bet","D11","OAES","OAES_009","E","2015-09-01","2015-09-15","2015-11-17","2015-12-04","e+s5q3w8y7PBAYoNMaPuBlbyeuUM4Xxvs2uQyOQgFuk=","NEON.BET.D11.000510","PASCAL","Pasimachus californicus","species",,"Chaudoir",,"Purrington, F., and C. J. Drake. 2005. A key to adult Nearctic Pasimachus (Pasimachus) Bonelli (Coleoptera: Carabidae: Scaritini), with comments on their functional mouthpart morphology. Entomological News 116:253-262.",,"K015xPfLfah4eO1uZLmE3FLLe6b3pcen","zqzI6VPGJkqKrnUdkEIpiHhaRLZfA7fK",
"bc7d1ccf-9ce9-45c4-9a28-c3776ae7cd7b","OAES_006.basePlot.bet","D11","OAES","OAES_006","E","2015-09-01","2015-09-15","2015-11-17","2015-12-04","mt2fHmHLlFmpuzgZy7qFxQilO1Ic/3YYJh0VXGyy7lY=","NEON.BET.D11.000524","PASCAL","Pasimachus californicus","species",,"Chaudoir",,"Purrington, F., and C. J. Drake. 2005. A key to adult Nearctic Pasimachus (Pasimachus) Bonelli (Coleoptera: Carabidae: Scaritini), with comments on their functional mouthpart morphology. Entomological News 116:253-262.",,"K015xPfLfah4eO1uZLmE3FLLe6b3pcen","zqzI6VPGJkqKrnUdkEIpiHhaRLZfA7fK",
"d2baad34-bc0f-41aa-938b-fbf3a4f8b6a9","OAES_007.basePlot.bet","D11","OAES","OAES_007","E","2015-09-01","2015-09-15","2015-11-17","2015-12-04","rDfCr2OaAq0RzbHN0QwD5l4ypUFiVjwBKY00n2tVupg=","NEON.BET.D11.000519","PASCAL","Pasimachus californicus","species",,"Chaudoir",,"Purrington, F., and C. J. Drake. 2005. A key to adult Nearctic Pasimachus (Pasimachus) Bonelli (Coleoptera: Carabidae: Scaritini), with comments on their functional mouthpart morphology. Entomological News 116:253-262.",,"K015xPfLfah4eO1uZLmE3FLLe6b3pcen","zqzI6VPGJkqKrnUdkEIpiHhaRLZfA7fK",
"5ee72489-ae15-4742-bc50-9ec1496a4a13","OAES_004.basePlot.bet","D11","OAES","OAES_004","E","2015-09-01","2015-09-15","2015-11-17","2015-12-04","FpFkKsaMuAAmR2voWj6A2Iq4jbsSgCw3Bf2Hs9yQ2Vw=","NEON.BET.D11.000534","PASCAL","Pasimachus californicus","species",,"Chaudoir",,"Purrington, F., and C. J. Drake. 2005. A key to adult Nearctic Pasimachus (Pasimachus) Bonelli (Coleoptera: Carabidae: Scaritini), with comments on their functional mouthpart morphology. Entomological News 116:253-262.",,"K015xPfLfah4eO1uZLmE3FLLe6b3pcen","zqzI6VPGJkqKrnUdkEIpiHhaRLZfA7fK",
"abf078ee-678c-467f-b935-fdc2caf9cf2e","OAES_004.basePlot.bet","D11","OAES","OAES_004","E","2015-09-01","2015-09-15","2015-11-17","2015-12-04","FpFkKsaMuAAmR2voWj6A2Iq4jbsSgCw3Bf2Hs9yQ2Vw=","NEON.BET.D11.000535","PASCAL","Pasimachus californicus","species",,"Chaudoir",,"Purrington, F., and C. J. Drake. 2005. A key to adult Nearctic Pasimachus (Pasimachus) Bonelli (Coleoptera: Carabidae: Scaritini), with comments on their functional mouthpart morphology. Entomological News 116:253-262.",,"K015xPfLfah4eO1uZLmE3FLLe6b3pcen","zqzI6VPGJkqKrnUdkEIpiHhaRLZfA7fK",
"a5674466-4c4e-413b-a013-2c4ddbe2b09d","OAES_002.basePlot.bet","D11","OAES","OAES_002","E","2015-09-01","2015-09-15","2015-11-17","2015-12-04","DJFzCWJFd2iZPfG0eEimXd5hryAqk/mMUc+RIW0zVQg=","NEON.BET.D11.000549","PASCAL","Pasimachus californicus","species",,"Chaudoir",,"Purrington, F., and C. J. Drake. 2005. A key to adult Nearctic Pasimachus (Pasimachus) Bonelli (Coleoptera: Carabidae: Scaritini), with comments on their functional mouthpart morphology. Entomological News 116:253-262.",,"K015xPfLfah4eO1uZLmE3FLLe6b3pcen","zqzI6VPGJkqKrnUdkEIpiHhaRLZfA7fK",
"5f1e386c-de7f-49be-bfd8-405fcdbb320f","OAES_005.basePlot.bet","D11","OAES","OAES_005","E","2015-09-01","2015-09-15","2015-11-17","2015-12-04","oszmWJzaoIuEWFCUlU907N2moBVB8/r8wQKV5xmQAUg=","NEON.BET.D11.000528","PASCAL","Pasimachus californicus","species",,"Chaudoir",,"Purrington, F., and C. J. Drake. 2005. A key to adult Nearctic Pasimachus (Pasimachus) Bonelli (Coleoptera: Carabidae: Scaritini), with comments on their functional mouthpart morphology. Entomological News 116:253-262.",,"K015xPfLfah4eO1uZLmE3FLLe6b3pcen","zqzI6VPGJkqKrnUdkEIpiHhaRLZfA7fK",
"d1b665e7-0851-46dc-9b68-1acae6435aee","OAES_021.basePlot.bet","D11","OAES","OAES_021","E","2015-09-01","2015-09-15","2015-11-17","2015-12-04","aFCS5Rk0Sdb4+ZGq3OneQpC3gyPDGUjJvwGvVlYZNtk=","NEON.BET.D11.000507","PASCAL","Pasimachus californicus","species",,"Chaudoir",,"Purrington, F., and C. J. Drake. 2005. A key to adult Nearctic Pasimachus (Pasimachus) Bonelli (Coleoptera: Carabidae: Scaritini), with comments on their functional mouthpart morphology. Entomological News 116:253-262.",,"K015xPfLfah4eO1uZLmE3FLLe6b3pcen","zqzI6VPGJkqKrnUdkEIpiHhaRLZfA7fK",
"af3c5207-6fde-41b7-9594-371c6fba6a48","OAES_004.basePlot.bet","D11","OAES","OAES_004","E","2015-09-01","2015-09-15","2015-11-17","2015-12-04","FpFkKsaMuAAmR2voWj6A2Iq4jbsSgCw3Bf2Hs9yQ2Vw=","NEON.BET.D11.000537","PASCAL","Pasimachus californicus","species",,"Chaudoir",,"Purrington, F., and C. J. Drake. 2005. A key to adult Nearctic Pasimachus (Pasimachus) Bonelli (Coleoptera: Carabidae: Scaritini), with comments on their functional mouthpart morphology. Entomological News 116:253-262.",,"K015xPfLfah4eO1uZLmE3FLLe6b3pcen","zqzI6VPGJkqKrnUdkEIpiHhaRLZfA7fK",
"d7a69d31-7cd1-47c3-af06-ec99bcebf744","OAES_004.basePlot.bet","D11","OAES","OAES_004","E","2015-09-01","2015-09-15","2015-11-17","2015-12-04","FpFkKsaMuAAmR2voWj6A2Iq4jbsSgCw3Bf2Hs9yQ2Vw=","NEON.BET.D11.000538","PASCAL","Pasimachus californicus","species",,"Chaudoir",,"Purrington, F., and C. J. Drake. 2005. A key to adult Nearctic Pasimachus (Pasimachus) Bonelli (Coleoptera: Carabidae: Scaritini), with comments on their functional mouthpart morphology. Entomological News 116:253-262.",,"K015xPfLfah4eO1uZLmE3FLLe6b3pcen","zqzI6VPGJkqKrnUdkEIpiHhaRLZfA7fK",
"e855d790-9419-43c2-b34f-08efdd3ff1ed","OAES_008.basePlot.bet","D11","OAES","OAES_008","E","2015-09-01","2015-09-15","2015-11-17","2015-12-04","BL2EGNvUCCOXVHT5+DpxdoyHBsLUdTJP4PeWwKHhFaI=","NEON.BET.D11.000517","PASCAL","Pasimachus californicus","species",,"Chaudoir",,"Purrington, F., and C. J. Drake. 2005. A key to adult Nearctic Pasimachus (Pasimachus) Bonelli (Coleoptera: Carabidae: Scaritini), with comments on their functional mouthpart morphology. Entomological News 116:253-262.",,"K015xPfLfah4eO1uZLmE3FLLe6b3pcen","zqzI6VPGJkqKrnUdkEIpiHhaRLZfA7fK",
"a8b3c890-34c5-4777-a185-ddaebc436eef","OAES_004.basePlot.bet","D11","OAES","OAES_004","E","2015-09-01","2015-09-15","2015-11-17","2015-12-04","FpFkKsaMuAAmR2voWj6A2Iq4jbsSgCw3Bf2Hs9yQ2Vw=","NEON.BET.D11.000536","PASCAL","Pasimachus californicus","species",,"Chaudoir",,"Purrington, F., and C. J. Drake. 2005. A key to adult Nearctic Pasimachus (Pasimachus) Bonelli (Coleoptera: Carabidae: Scaritini), with comments on their functional mouthpart morphology. Entomological News 116:253-262.",,"K015xPfLfah4eO1uZLmE3FLLe6b3pcen","zqzI6VPGJkqKrnUdkEIpiHhaRLZfA7fK",
"ad160b45-9d57-4c95-af97-715d742ee8fe","OAES_004.basePlot.bet","D11","OAES","OAES_004","N","2015-09-01","2015-09-15","2015-11-17","2015-12-04","FpFkKsaMuACuzNci4Z68xIgUyZ3lRZdqiYZByB7OjEQ=","NEON.BET.D11.000531","PASCAL","Pasimachus californicus","species",,"Chaudoir",,"Purrington, F., and C. J. Drake. 2005. A key to adult Nearctic Pasimachus (Pasimachus) Bonelli (Coleoptera: Carabidae: Scaritini), with comments on their functional mouthpart morphology. Entomological News 116:253-262.",,"K015xPfLfah4eO1uZLmE3FLLe6b3pcen","zqzI6VPGJkqKrnUdkEIpiHhaRLZfA7fK",
"311e2001-4d0d-40a1-900f-5abcac02bea7","OAES_004.basePlot.bet","D11","OAES","OAES_004","N","2015-09-01","2015-09-15","2015-11-17","2015-12-04","FpFkKsaMuACuzNci4Z68xIgUyZ3lRZdqiYZByB7OjEQ=","NEON.BET.D11.000533","PASCAL","Pasimachus californicus","species",,"Chaudoir",,"Purrington, F., and C. J. Drake. 2005. A key to adult Nearctic Pasimachus (Pasimachus) Bonelli (Coleoptera: Carabidae: Scaritini), with comments on their functional mouthpart morphology. Entomological News 116:253-262.",,"K015xPfLfah4eO1uZLmE3FLLe6b3pcen","zqzI6VPGJkqKrnUdkEIpiHhaRLZfA7fK",
"af2cfe6a-b50d-438f-843d-c7bf2867f64a","OAES_004.basePlot.bet","D11","OAES","OAES_004","N","2015-09-01","2015-09-15","2015-11-17","2015-12-04","FpFkKsaMuACuzNci4Z68xIgUyZ3lRZdqiYZByB7OjEQ=","NEON.BET.D11.000530","PASCAL","Pasimachus californicus","species",,"Chaudoir",,"Purrington, F., and C. J. Drake. 2005. A key to adult Nearctic Pasimachus (Pasimachus) Bonelli (Coleoptera: Carabidae: Scaritini), with comments on their functional mouthpart morphology. Entomological News 116:253-262.",,"K015xPfLfah4eO1uZLmE3FLLe6b3pcen","zqzI6VPGJkqKrnUdkEIpiHhaRLZfA7fK",
"55a7fc06-dd81-48fa-8a7d-6e2b3f8a3e2b","OAES_004.basePlot.bet","D11","OAES","OAES_004","N","2015-09-01","2015-09-15","2015-11-17","2015-12-04","FpFkKsaMuACuzNci4Z68xIgUyZ3lRZdqiYZByB7OjEQ=","NEON.BET.D11.000532","PASCAL","Pasimachus californicus","species",,"Chaudoir",,"Purrington, F., and C. J. Drake. 2005. A key to adult Nearctic Pasimachus (Pasimachus) Bonelli (Coleoptera: Carabidae: Scaritini), with comments on their functional mouthpart morphology. Entomological News 116:253-262.",,"K015xPfLfah4eO1uZLmE3FLLe6b3pcen","zqzI6VPGJkqKrnUdkEIpiHhaRLZfA7fK",
"10f7de60-3e28-4f82-b0b8-8b258c54adf5","OAES_005.basePlot.bet","D11","OAES","OAES_005","N","2015-09-01","2015-09-15","2015-11-17","2015-12-31","oszmWJzaoIuaqeEDME44yrTdJWksweXi7aJJx/J2+yQ=","NEON.BET.D11.000529","SELPED","Selenophorus pedicularius","species","cf. species","Dejean",,"Horn, G. H. 1883. Synopsis of the species of the tribe Lebiini. Transactions of the American Entomological Society and Proceedings of the Entomological Section of the Academy of Natural Sciences 10:126-164.",,"K015xPfLfah4eO1uZLmE3FLLe6b3pcen","zqzI6VPGJkqKrnUdkEIpiHhaRLZfA7fK",
"18aec22e-bb9b-44e1-863f-704de7dc8708","OAES_021.basePlot.bet","D11","OAES","OAES_021","N","2015-09-01","2015-09-15","2015-11-17","2015-12-04","aFCS5Rk0Sda1Rkk6HlQMZRD3y3fgOwRQudzrzQtO41s=","NEON.BET.D11.000504","PASCAL","Pasimachus californicus","species",,"Chaudoir",,"Purrington, F., and C. J. Drake. 2005. A key to adult Nearctic Pasimachus (Pasimachus) Bonelli (Coleoptera: Carabidae: Scaritini), with comments on their functional mouthpart morphology. Entomological News 116:253-262.",,"K015xPfLfah4eO1uZLmE3FLLe6b3pcen","zqzI6VPGJkqKrnUdkEIpiHhaRLZfA7fK",
"be779b5e-9fc4-4030-982b-ca117215a622","OAES_001.basePlot.bet","D11","OAES","OAES_001","N","2015-09-01","2015-09-15","2015-11-17","2015-12-04","Yz+fJngcyZ/SwCCmRbtKNNd9w+gAVZ2iRms4XEAuBvc=","NEON.BET.D11.000552","PASCAL","Pasimachus californicus","species",,"Chaudoir",,"Purrington, F., and C. J. Drake. 2005. A key to adult Nearctic Pasimachus (Pasimachus) Bonelli (Coleoptera: Carabidae: Scaritini), with comments on their functional mouthpart morphology. Entomological News 116:253-262.",,"K015xPfLfah4eO1uZLmE3FLLe6b3pcen","zqzI6VPGJkqKrnUdkEIpiHhaRLZfA7fK",
"bcefc8a0-361d-46a4-b908-c3bc9b0fff1f","OAES_002.basePlot.bet","D11","OAES","OAES_002","N","2015-09-01","2015-09-15","2015-11-17","2015-12-04","DJFzCWJFd2gZux6f6ih4UZ7ew8Ih8Uov+gykF6Tu4OE=","NEON.BET.D11.000548","PASCAL","Pasimachus californicus","species",,"Chaudoir",,"Purrington, F., and C. J. Drake. 2005. A key to adult Nearctic Pasimachus (Pasimachus) Bonelli (Coleoptera: Carabidae: Scaritini), with comments on their functional mouthpart morphology. Entomological News 116:253-262.",,"K015xPfLfah4eO1uZLmE3FLLe6b3pcen","zqzI6VPGJkqKrnUdkEIpiHhaRLZfA7fK",
"2df5845d-bf8f-4cb8-bfa8-f068f7674799","OAES_009.basePlot.bet","D11","OAES","OAES_009","N","2015-09-01","2015-09-15","2015-11-17","2015-12-04","e+s5q3w8y7N0DA6Xh0DAy3zdo+fj6DDZuop3SEVwipQ=","NEON.BET.D11.000511","HARKAT","Harpalus katiae","species",,"Battoni",,"Lindroth, C. H. 1969. The ground-beetles (Carabidae, excl. Cicindelinae) of Canada and Alaska, parts 1-6. Opuscula E. Entomoligiska Sallskapet.",,"K015xPfLfah4eO1uZLmE3FLLe6b3pcen","zqzI6VPGJkqKrnUdkEIpiHhaRLZfA7fK",
"def3db37-b354-435b-a507-257b9ea49bb5","OAES_006.basePlot.bet","D11","OAES","OAES_006","N","2015-09-01","2015-09-15","2015-11-17","2015-12-04","mt2fHmHLlFlxUsxh9/qN7k4+USerrB2YEGQW4/YGqV4=","NEON.BET.D11.000525","PASCAL","Pasimachus californicus","species",,"Chaudoir",,"Purrington, F., and C. J. Drake. 2005. A key to adult Nearctic Pasimachus (Pasimachus) Bonelli (Coleoptera: Carabidae: Scaritini), with comments on their functional mouthpart morphology. Entomological News 116:253-262.",,"K015xPfLfah4eO1uZLmE3FLLe6b3pcen","zqzI6VPGJkqKrnUdkEIpiHhaRLZfA7fK",
"333ae3d5-ac1f-4ba8-83ef-6ebd2a7dd6c9","OAES_007.basePlot.bet","D11","OAES","OAES_007","N","2015-09-01","2015-09-15","2015-11-17","2015-12-04","rDfCr2OaAq2IUtMwbKF/10XSzEi92yRvLikSDHZzcfk=","NEON.BET.D11.000522","PASCAL","Pasimachus californicus","species",,"Chaudoir",,"Purrington, F., and C. J. Drake. 2005. A key to adult Nearctic Pasimachus (Pasimachus) Bonelli (Coleoptera: Carabidae: Scaritini), with comments on their functional mouthpart morphology. Entomological News 116:253-262.",,"K015xPfLfah4eO1uZLmE3FLLe6b3pcen","zqzI6VPGJkqKrnUdkEIpiHhaRLZfA7fK",
"81152d25-3e62-4bf7-b278-468c14d39e88","OAES_007.basePlot.bet","D11","OAES","OAES_007","N","2015-09-01","2015-09-15","2015-11-17","2015-12-04","rDfCr2OaAq2IUtMwbKF/10XSzEi92yRvLikSDHZzcfk=","NEON.BET.D11.000523","PASCAL","Pasimachus californicus","species",,"Chaudoir",,"Purrington, F., and C. J. Drake. 2005. A key to adult Nearctic Pasimachus (Pasimachus) Bonelli (Coleoptera: Carabidae: Scaritini), with comments on their functional mouthpart morphology. Entomological News 116:253-262.",,"K015xPfLfah4eO1uZLmE3FLLe6b3pcen","zqzI6VPGJkqKrnUdkEIpiHhaRLZfA7fK",
"07c6f240-51ff-414d-b5db-e6a95991adaa","OAES_007.basePlot.bet","D11","OAES","OAES_007","S","2015-09-01","2015-09-15","2015-11-17","2015-12-04","rDfCr2OaAq1La1tmFadDxIhN0X6sODGzHuoZSpMmxy8=","NEON.BET.D11.000521","PASELO","Pasimachus elongatus","species",,"LeConte",,"Purrington, F., and C. J. Drake. 2005. A key to adult Nearctic Pasimachus (Pasimachus) Bonelli (Coleoptera: Carabidae: Scaritini), with comments on their functional mouthpart morphology. Entomological News 116:253-262.",,"K015xPfLfah4eO1uZLmE3FLLe6b3pcen","zqzI6VPGJkqKrnUdkEIpiHhaRLZfA7fK",
"621f7f2f-0509-4d8f-bfc3-c543c04ae0be","OAES_009.basePlot.bet","D11","OAES","OAES_009","S","2015-09-01","2015-09-15","2015-11-17","2015-12-04","e+s5q3w8y7OQPGowzuk5eWqpoRsZLZBJo69qcQzWz9Y=","NEON.BET.D11.000512","PASCAL","Pasimachus californicus","species",,"Chaudoir",,"Purrington, F., and C. J. Drake. 2005. A key to adult Nearctic Pasimachus (Pasimachus) Bonelli (Coleoptera: Carabidae: Scaritini), with comments on their functional mouthpart morphology. Entomological News 116:253-262.",,"K015xPfLfah4eO1uZLmE3FLLe6b3pcen","zqzI6VPGJkqKrnUdkEIpiHhaRLZfA7fK",
"77630a2c-4794-42cd-82a3-6164acc7a671","OAES_007.basePlot.bet","D11","OAES","OAES_007","S","2015-09-01","2015-09-15","2015-11-17","2015-12-04","rDfCr2OaAq1La1tmFadDxBW/GMayMfMNYHXQ9l4Zpyc=","NEON.BET.D11.000520","PASCAL","Pasimachus californicus","species",,"Chaudoir",,"Purrington, F., and C. J. Drake. 2005. A key to adult Nearctic Pasimachus (Pasimachus) Bonelli (Coleoptera: Carabidae: Scaritini), with comments on their functional mouthpart morphology. Entomological News 116:253-262.",,"K015xPfLfah4eO1uZLmE3FLLe6b3pcen","zqzI6VPGJkqKrnUdkEIpiHhaRLZfA7fK",
"e4d0875c-e196-4073-a478-1e29f14ea884","OAES_006.basePlot.bet","D11","OAES","OAES_006","S","2015-09-01","2015-09-15","2015-11-17","2015-12-04","mt2fHmHLlFky+gM/KaEO+JoF5o7o1O4b3VQr49nLkOs=","NEON.BET.D11.000526","PASCAL","Pasimachus californicus","species",,"Chaudoir",,"Purrington, F., and C. J. Drake. 2005. A key to adult Nearctic Pasimachus (Pasimachus) Bonelli (Coleoptera: Carabidae: Scaritini), with comments on their functional mouthpart morphology. Entomological News 116:253-262.",,"K015xPfLfah4eO1uZLmE3FLLe6b3pcen","zqzI6VPGJkqKrnUdkEIpiHhaRLZfA7fK",
"9af036a6-2c78-4fa7-82c0-ca347a88b03b","OAES_006.basePlot.bet","D11","OAES","OAES_006","S","2015-09-01","2015-09-15","2015-11-17","2015-12-04","mt2fHmHLlFky+gM/KaEO+JoF5o7o1O4b3VQr49nLkOs=","NEON.BET.D11.000527","PASCAL","Pasimachus californicus","species",,"Chaudoir",,"Purrington, F., and C. J. Drake. 2005. A key to adult Nearctic Pasimachus (Pasimachus) Bonelli (Coleoptera: Carabidae: Scaritini), with comments on their functional mouthpart morphology. Entomological News 116:253-262.",,"K015xPfLfah4eO1uZLmE3FLLe6b3pcen","zqzI6VPGJkqKrnUdkEIpiHhaRLZfA7fK",
"a17c9a7d-d2a1-4d70-8bc1-f6f71172f066","OAES_002.basePlot.bet","D11","OAES","OAES_002","S","2015-09-01","2015-09-15","2015-11-17","2015-12-04","DJFzCWJFd2h0hWWcZRnW00l7IrrQBJhAyD6KpiUEIZo=","NEON.BET.D11.000550","PASCAL","Pasimachus californicus","species",,"Chaudoir",,"Purrington, F., and C. J. Drake. 2005. A key to adult Nearctic Pasimachus (Pasimachus) Bonelli (Coleoptera: Carabidae: Scaritini), with comments on their functional mouthpart morphology. Entomological News 116:253-262.",,"K015xPfLfah4eO1uZLmE3FLLe6b3pcen","zqzI6VPGJkqKrnUdkEIpiHhaRLZfA7fK",
"31c53f61-96c6-4639-b90b-3ed742bf90c8","OAES_021.basePlot.bet","D11","OAES","OAES_021","S","2015-09-01","2015-09-15","2015-11-17","2015-12-04","aFCS5Rk0Sdby3yiqp9igyqgayj1+OZzlnneV8fcHkMs=","NEON.BET.D11.000505","PASCAL","Pasimachus californicus","species",,"Chaudoir",,"Purrington, F., and C. J. Drake. 2005. A key to adult Nearctic Pasimachus (Pasimachus) Bonelli (Coleoptera: Carabidae: Scaritini), with comments on their functional mouthpart morphology. Entomological News 116:253-262.",,"K015xPfLfah4eO1uZLmE3FLLe6b3pcen","zqzI6VPGJkqKrnUdkEIpiHhaRLZfA7fK",
"2227c1af-bc14-4309-8677-893f048736be","OAES_021.basePlot.bet","D11","OAES","OAES_021","S","2015-09-01","2015-09-15","2015-11-17","2015-12-04","aFCS5Rk0Sdby3yiqp9igyqgayj1+OZzlnneV8fcHkMs=","NEON.BET.D11.000506","PASCAL","Pasimachus californicus","species",,"Chaudoir",,"Purrington, F., and C. J. Drake. 2005. A key to adult Nearctic Pasimachus (Pasimachus) Bonelli (Coleoptera: Carabidae: Scaritini), with comments on their functional mouthpart morphology. Entomological News 116:253-262.",,"K015xPfLfah4eO1uZLmE3FLLe6b3pcen","zqzI6VPGJkqKrnUdkEIpiHhaRLZfA7fK",
"e61d1f57-1726-4241-a666-b73765a3cfb5","OAES_009.basePlot.bet","D11","OAES","OAES_009","S","2015-09-01","2015-09-15","2015-11-17","2015-12-04","e+s5q3w8y7OQPGowzuk5eWqpoRsZLZBJo69qcQzWz9Y=","NEON.BET.D11.000514","PASCAL","Pasimachus californicus","species",,"Chaudoir",,"Purrington, F., and C. J. Drake. 2005. A key to adult Nearctic Pasimachus (Pasimachus) Bonelli (Coleoptera: Carabidae: Scaritini), with comments on their functional mouthpart morphology. Entomological News 116:253-262.",,"K015xPfLfah4eO1uZLmE3FLLe6b3pcen","zqzI6VPGJkqKrnUdkEIpiHhaRLZfA7fK",
"9854d77c-1b81-4c93-bf66-0ba1ba13b328","OAES_009.basePlot.bet","D11","OAES","OAES_009","S","2015-09-01","2015-09-15","2015-11-17","2015-12-04","e+s5q3w8y7OQPGowzuk5eWqpoRsZLZBJo69qcQzWz9Y=","NEON.BET.D11.000513","PASCAL","Pasimachus californicus","species",,"Chaudoir",,"Purrington, F., and C. J. Drake. 2005. A key to adult Nearctic Pasimachus (Pasimachus) Bonelli (Coleoptera: Carabidae: Scaritini), with comments on their functional mouthpart morphology. Entomological News 116:253-262.",,"K015xPfLfah4eO1uZLmE3FLLe6b3pcen","zqzI6VPGJkqKrnUdkEIpiHhaRLZfA7fK",
"4018ee48-49f9-4148-ab16-27037c9d9a6e","OAES_003.basePlot.bet","D11","OAES","OAES_003","S","2015-09-01","2015-09-15","2015-11-17","2015-12-04","JY1K16SHr/yHQvgUlPKb8fQ6s9X6qwzQMlEzoTaLZsA=","NEON.BET.D11.000542","PASCAL","Pasimachus californicus","species",,"Chaudoir",,"Purrington, F., and C. J. Drake. 2005. A key to adult Nearctic Pasimachus (Pasimachus) Bonelli (Coleoptera: Carabidae: Scaritini), with comments on their functional mouthpart morphology. Entomological News 116:253-262.",,"K015xPfLfah4eO1uZLmE3FLLe6b3pcen","zqzI6VPGJkqKrnUdkEIpiHhaRLZfA7fK",
"9e52d372-9cf0-4131-b8e7-45a94fe7ac20","OAES_002.basePlot.bet","D11","OAES","OAES_002","S","2015-09-01","2015-09-15","2015-11-17","2015-12-04","DJFzCWJFd2h0hWWcZRnW00l7IrrQBJhAyD6KpiUEIZo=","NEON.BET.D11.000551","PASCAL","Pasimachus californicus","species",,"Chaudoir",,"Purrington, F., and C. J. Drake. 2005. A key to adult Nearctic Pasimachus (Pasimachus) Bonelli (Coleoptera: Carabidae: Scaritini), with comments on their functional mouthpart morphology. Entomological News 116:253-262.",,"K015xPfLfah4eO1uZLmE3FLLe6b3pcen","zqzI6VPGJkqKrnUdkEIpiHhaRLZfA7fK",
"ae24d433-177e-4ede-8a71-8005eda8f15b","OAES_003.basePlot.bet","D11","OAES","OAES_003","S","2015-09-01","2015-09-15","2015-11-17","2015-12-04","JY1K16SHr/yHQvgUlPKb8fQ6s9X6qwzQMlEzoTaLZsA=","NEON.BET.D11.000543","PASCAL","Pasimachus californicus","species",,"Chaudoir",,"Purrington, F., and C. J. Drake. 2005. A key to adult Nearctic Pasimachus (Pasimachus) Bonelli (Coleoptera: Carabidae: Scaritini), with comments on their functional mouthpart morphology. Entomological News 116:253-262.",,"K015xPfLfah4eO1uZLmE3FLLe6b3pcen","zqzI6VPGJkqKrnUdkEIpiHhaRLZfA7fK",
"ef4a2852-7f62-4c6c-a9f3-74039af347e3","OAES_003.basePlot.bet","D11","OAES","OAES_003","S","2015-09-01","2015-09-15","2015-11-17","2015-12-04","JY1K16SHr/yHQvgUlPKb8fQ6s9X6qwzQMlEzoTaLZsA=","NEON.BET.D11.000541","PASCAL","Pasimachus californicus","species",,"Chaudoir",,"Purrington, F., and C. J. Drake. 2005. A key to adult Nearctic Pasimachus (Pasimachus) Bonelli (Coleoptera: Carabidae: Scaritini), with comments on their functional mouthpart morphology. Entomological News 116:253-262.",,"K015xPfLfah4eO1uZLmE3FLLe6b3pcen","zqzI6VPGJkqKrnUdkEIpiHhaRLZfA7fK",
"815d727c-2b95-489a-9448-20adecaa8109","OAES_002.basePlot.bet","D11","OAES","OAES_002","W","2015-09-01","2015-09-15","2015-11-17","2015-12-04","DJFzCWJFd2jQMiI2jgMhZ0t6tCqK3bA02cRwFBuahZk=","NEON.BET.D11.000547","PASCAL","Pasimachus californicus","species",,"Chaudoir",,"Purrington, F., and C. J. Drake. 2005. A key to adult Nearctic Pasimachus (Pasimachus) Bonelli (Coleoptera: Carabidae: Scaritini), with comments on their functional mouthpart morphology. Entomological News 116:253-262.",,"K015xPfLfah4eO1uZLmE3FLLe6b3pcen","zqzI6VPGJkqKrnUdkEIpiHhaRLZfA7fK",
"4e505f67-771f-455b-9cfb-7e4e40e1faa2","OAES_002.basePlot.bet","D11","OAES","OAES_002","W","2015-09-01","2015-09-15","2015-11-17","2015-12-01","DJFzCWJFd2jQMiI2jgMhZ0t6tCqK3bA02cRwFBuahZk=","NEON.BET.D11.000545","PASCAL","Pasimachus californicus","species",,"Chaudoir",,"Purrington, F., and C. J. Drake. 2005. A key to adult Nearctic Pasimachus (Pasimachus) Bonelli (Coleoptera: Carabidae: Scaritini), with comments on their functional mouthpart morphology. Entomological News 116:253-262.",,"K015xPfLfah4eO1uZLmE3FLLe6b3pcen","zqzI6VPGJkqKrnUdkEIpiHhaRLZfA7fK",
"78a9defc-8bc9-43d3-9e43-854203c979bf","OAES_002.basePlot.bet","D11","OAES","OAES_002","W","2015-09-01","2015-09-15","2015-11-17","2015-12-04","DJFzCWJFd2jQMiI2jgMhZ0t6tCqK3bA02cRwFBuahZk=","NEON.BET.D11.000546","PASCAL","Pasimachus californicus","species",,"Chaudoir",,"Purrington, F., and C. J. Drake. 2005. A key to adult Nearctic Pasimachus (Pasimachus) Bonelli (Coleoptera: Carabidae: Scaritini), with comments on their functional mouthpart morphology. Entomological News 116:253-262.",,"K015xPfLfah4eO1uZLmE3FLLe6b3pcen","zqzI6VPGJkqKrnUdkEIpiHhaRLZfA7fK",
"9c01f64f-b6a2-4e26-beab-421e19104e74","OAES_002.basePlot.bet","D11","OAES","OAES_002","W","2015-09-01","2015-09-15","2015-11-17","2015-12-04","DJFzCWJFd2jQMiI2jgMhZ0t6tCqK3bA02cRwFBuahZk=","NEON.BET.D11.000544","PASCAL","Pasimachus californicus","species",,"Chaudoir",,"Purrington, F., and C. J. Drake. 2005. A key to adult Nearctic Pasimachus (Pasimachus) Bonelli (Coleoptera: Carabidae: Scaritini), with comments on their functional mouthpart morphology. Entomological News 116:253-262.",,"K015xPfLfah4eO1uZLmE3FLLe6b3pcen","zqzI6VPGJkqKrnUdkEIpiHhaRLZfA7fK",
"8c2afc0e-681b-4e38-8c18-90949e503adf","OAES_008.basePlot.bet","D11","OAES","OAES_008","W","2015-09-01","2015-09-15","2015-11-17","2015-12-21","BL2EGNvUCCOoGi8/jC6gEopYDP5WoISQp1RkpYVwp5s=","NEON.BET.D11.000515","CYCSUB","Cyclotrachelus substriatus","species","cf. species","LeConte",,"Freitag, R. 1969. A revision of the species of the genus Evarthrus LeConte. Quaestiones Entomologicae 5:89-212.",,"K015xPfLfah4eO1uZLmE3FLLe6b3pcen","zqzI6VPGJkqKrnUdkEIpiHhaRLZfA7fK",
"43aa3992-656a-4879-9117-1bd0267bbd11","OAES_004.basePlot.bet","D11","OAES","OAES_004","W","2015-09-01","2015-09-15","2015-11-17","2015-12-04","FpFkKsaMuAC8VTTG3YF/6UyR8ZRKIQUr07wqE71ygXw=","NEON.BET.D11.000540","PASCAL","Pasimachus californicus","species",,"Chaudoir",,"Purrington, F., and C. J. Drake. 2005. A key to adult Nearctic Pasimachus (Pasimachus) Bonelli (Coleoptera: Carabidae: Scaritini), with comments on their functional mouthpart morphology. Entomological News 116:253-262.",,"K015xPfLfah4eO1uZLmE3FLLe6b3pcen","zqzI6VPGJkqKrnUdkEIpiHhaRLZfA7fK",
"016fae0b-9e94-4fd2-8dab-1fceee9f1ab9","OAES_004.basePlot.bet","D11","OAES","OAES_004","W","2015-09-01","2015-09-15","2015-11-17","2015-12-04","FpFkKsaMuAC8VTTG3YF/6UyR8ZRKIQUr07wqE71ygXw=","NEON.BET.D11.000539","PASCAL","Pasimachus californicus","species",,"Chaudoir",,"Purrington, F., and C. J. Drake. 2005. A key to adult Nearctic Pasimachus (Pasimachus) Bonelli (Coleoptera: Carabidae: Scaritini), with comments on their functional mouthpart morphology. Entomological News 116:253-262.",,"K015xPfLfah4eO1uZLmE3FLLe6b3pcen","zqzI6VPGJkqKrnUdkEIpiHhaRLZfA7fK",
"9c30c529-0916-4b14-b772-e83c8e0e2712","OAES_007.basePlot.bet","D11","OAES","OAES_007","E","2015-09-01","2015-09-15","2015-11-17","2015-12-04","rDfCr2OaAq0RzbHN0QwD5l4ypUFiVjwBKY00n2tVupg=","NEON.BET.D11.000518","PASCAL","Pasimachus californicus","species",,"Chaudoir",,"Purrington, F., and C. J. Drake. 2005. A key to adult Nearctic Pasimachus (Pasimachus) Bonelli (Coleoptera: Carabidae: Scaritini), with comments on their functional mouthpart morphology. Entomological News 116:253-262.",,"K015xPfLfah4eO1uZLmE3FLLe6b3pcen","zqzI6VPGJkqKrnUdkEIpiHhaRLZfA7fK",
