uid,namedLocation,domainID,siteID,plotID,trapID,plotType,nlcdClass,decimalLatitude,decimalLongitude,geodeticDatum,coordinateUncertainty,elevation,elevationUncertainty,setDate,collectDate,eventID,daysOfTrapping,sampleCollected,sampleID,cupStatus,lidStatus,fluidLevel,samplingProtocolVersion,recordedBy,remarks
"5f931163-d835-4a6e-abf3-92037459a9bd","TALL_004.basePlot.bet","D08","TALL","TALL_004","E","distributed","evergreenForest",32.957884,-87.432613,"WGS84",20.1,132.0,0.1,"2016-05-25","2016-06-08","TALL.2016.23",14,"Y","TALL_004.E.20160608","Ok","Ok","Ok","NEON.DOC.014050vH","0ygyTA3URVoNp+waZjN2Lu+zP0lNl3v9",
"cd3714b1-c17b-4d36-9096-f9ed6603014d","TALL_007.basePlot.bet","D08","TALL","TALL_007","E","distributed","deciduousForest",32.974429,-87.426940,"WGS84",20.3,82.5,0.3,"2016-05-25","2016-06-08","TALL.2016.23",14,"Y","TALL_007.E.20160608","Ok","Ok","Ok","NEON.DOC.014050vH","ADzqoWOfwevQ2rrllzoCJTnDjie0NTbT",
"3c5df7dd-8f44-4f68-86c1-0cc24947abb0","TALL_005.basePlot.bet","D08","TALL","TALL_005","E","distributed","mixedForest",32.897128,-87.397349,"WGS84",20.2,119.9,0.2,"2016-05-25","2016-06-08","TALL.2016.23",14,"Y","TALL_005.E.20160608","Ok","Ok","Ok","NEON.DOC.014050vH","ADzqoWOfwevQ2rrllzoCJTnDjie0NTbT",
"814d47f1-d90f-4d4a-a6ae-a4d9000f2ce6","TALL_003.basePlot.bet","D08","TALL","TALL_003","E","distributed","mixedForest",32.893530,-87.415341,"WGS84",20.2,122.8,0.2,"2016-05-25","2016-06-08","TALL.2016.23",14,"Y","TALL_003.E.20160608","Ok","Ok","Ok","NEON.DOC.014050vH","ADzqoWOfwevQ2rrllzoCJTnDjie0NTbT",
"65781766-f2dc-4a7f-abc1-e3268011463f","TALL_009.basePlot.bet","D08","TALL","TALL_009","E","distributed","evergreenForest",32.899796,-87.406679,"WGS84",20.2,105.1,0.4,"2016-05-25","2016-06-08","TALL.2016.23",14,"Y","TALL_009.E.20160608","Ok","Ok","Ok","NEON.DOC.014050vH","ADzqoWOfwevQ2rrllzoCJTnDjie0NTbT",
"e8c5db35-a960-4e0c-b07c-423a7779e50c","TALL_013.basePlot.bet","D08","TALL","TALL_013","E","distributed","evergreenForest",32.884749,-87.454396,"WGS84",20.1,117.6,0.2,"2016-05-25","2016-06-08","TALL.2016.23",14,"Y","TALL_013.E.20160608","Ok","Ok","Ok","NEON.DOC.014050vH","0ygyTA3URVoNp+waZjN2Lu+zP0lNl3v9",
"e275a2f3-1dee-462c-8a6a-13b18e8ec228","TALL_002.basePlot.bet","D08","TALL","TALL_002","E","distributed","mixedForest",32.922158,-87.428893,"WGS84",20.2,118.3,0.4,"2016-05-25","2016-06-08","TALL.2016.23",14,"Y","TALL_002.E.20160608","Ok","Ok","Ok","NEON.DOC.014050vH","0ygyTA3URVoNp+waZjN2Lu+zP0lNl3v9",
"eafa68f0-d3e2-48a0-9bc4-c7c639e871ea","TALL_001.basePlot.bet","D08","TALL","TALL_001","E","distributed","deciduousForest",32.977667,-87.432716,"WGS84",20.3,98.6,0.4,"2016-05-25","2016-06-08","TALL.2016.23",14,"Y","TALL_001.E.20160608","Ok","Ok","Ok","NEON.DOC.014050vH","ADzqoWOfwevQ2rrllzoCJTnDjie0NTbT",
"e79b4224-46b3-4077-9913-7f9b2a4fb63b","TALL_006.basePlot.bet","D08","TALL","TALL_006","E","distributed","evergreenForest",32.898843,-87.446128,"WGS84",20.3,97.8,0.4,"2016-05-25","2016-06-08","TALL.2016.23",14,"Y","TALL_006.E.20160608","Ok","Ok","Ok","NEON.DOC.014050vH","0ygyTA3URVoNp+waZjN2Lu+zP0lNl3v9",
"e0e6d451-1a6d-4f5f-bc07-b6b35a17949d","TALL_008.basePlot.bet","D08","TALL","TALL_008","E","distributed","deciduousForest",32.921617,-87.433388,"WGS84",20.3,113.0,0.3,"2016-05-25","2016-06-08","TALL.2016.23",14,"Y","TALL_008.E.20160608","Ok","Ok","High","NEON.DOC.014050vH","0ygyTA3URVoNp+waZjN2Lu+zP0lNl3v9",
"ec1bb970-8ee6-4524-bd28-39d648d31dc1","TALL_004.basePlot.bet","D08","TALL","TALL_004","N","distributed","evergreenForest",32.957884,-87.432613,"WGS84",20.1,132.0,0.1,"2016-05-25","2016-06-08","TALL.2016.23",14,"Y","TALL_004.N.20160608","Ok","Ok","Ok","NEON.DOC.014050vH","0ygyTA3URVoNp+waZjN2Lu+zP0lNl3v9",
"bd9b1e2c-6c8a-4b15-9a15-50ae72920104","TALL_003.basePlot.bet","D08","TALL","TALL_003","N","distributed","mixedForest",32.893530,-87.415341,"WGS84",20.2,122.8,0.2,"2016-05-25","2016-06-08","TALL.2016.23",14,"Y","TALL_003.N.20160608","Ok","Ok","Ok","NEON.DOC.014050vH","ADzqoWOfwevQ2rrllzoCJTnDjie0NTbT",
"72ba07d4-f41a-4f1a-8017-ba162194d533","TALL_007.basePlot.bet","D08","TALL","TALL_007","N","distributed","deciduousForest",32.974429,-87.426940,"WGS84",20.3,82.5,0.3,"2016-05-25","2016-06-08","TALL.2016.23",14,"Y","TALL_007.N.20160608","Ok","Ok","High","NEON.DOC.014050vH","ADzqoWOfwevQ2rrllzoCJTnDjie0NTbT",
"5f6bca14-7370-4b3c-874b-58006003d276","TALL_009.basePlot.bet","D08","TALL","TALL_009","N","distributed","evergreenForest",32.899796,-87.406679,"WGS84",20.2,105.1,0.4,"2016-05-25","2016-06-08","TALL.2016.23",14,"Y","TALL_009.N.20160608","Ok","Ok","Ok","NEON.DOC.014050vH","ADzqoWOfwevQ2rrllzoCJTnDjie0NTbT",
"66508e17-977c-473b-bad3-35a044e16e6f","TALL_005.basePlot.bet","D08","TALL","TALL_005","N","distributed","mixedForest",32.897128,-87.397349,"WGS84",20.2,119.9,0.2,"2016-05-25","2016-06-08","TALL.2016.23",14,"Y","TALL_005.N.20160608","Ok","Ok","Ok","NEON.DOC.014050vH","ADzqoWOfwevQ2rrllzoCJTnDjie0NTbT",
"ea8eddc4-54a5-49dd-8e82-cc0e06dcf16b","TALL_008.basePlot.bet","D08","TALL","TALL_008","N","distributed","deciduousForest",32.921617,-87.433388,"WGS84",20.3,113.0,0.3,"2016-05-25","2016-06-08","TALL.2016.23",14,"Y","TALL_008.N.20160608","Ok","Ok","High","NEON.DOC.014050vH","0ygyTA3URVoNp+waZjN2Lu+zP0lNl3v9",
"6fbc9550-857a-4409-b423-d014064a1112","TALL_013.basePlot.bet","D08","TALL","TALL_013","N","distributed","evergreenForest",32.884749,-87.454396,"WGS84",20.1,117.6,0.2,"2016-05-25","2016-06-08","TALL.2016.23",14,"Y","TALL_013.N.20160608","Ok","Ok","Ok","NEON.DOC.014050vH","0ygyTA3URVoNp+waZjN2Lu+zP0lNl3v9",
"557f6df1-42ba-4896-9d73-8a0311ab7f3b","TALL_001.basePlot.bet","D08","TALL","TALL_001","N","distributed","deciduousForest",32.977667,-87.432716,"WGS84",20.3,98.6,0.4,"2016-05-25","2016-06-08","TALL.2016.23",14,"Y","TALL_001.N.20160608","Ok","Ok","Ok","NEON.DOC.014050vH","ADzqoWOfwevQ2rrllzoCJTnDjie0NTbT",
"404e967b-4dfa-4f08-83d9-2bb5a40f3733","TALL_006.basePlot.bet","D08","TALL","TALL_006","N","distributed","evergreenForest",32.898843,-87.446128,"WGS84",20.3,97.8,0.4,"2016-05-25","2016-06-08","TALL.2016.23",14,"Y","TALL_006.N.20160608","Ok","Ok","Ok","NEON.DOC.014050vH","0ygyTA3URVoNp+waZjN2Lu+zP0lNl3v9",
"eff5982d-3b99-460a-8ac5-32046df1516b","TALL_002.basePlot.bet","D08","TALL","TALL_002","N","distributed","mixedForest",32.922158,-87.428893,"WGS84",20.2,118.3,0.4,"2016-05-25","2016-06-08","TALL.2016.23",14,"Y","TALL_002.N.20160608","Ok","Ok","Ok","NEON.DOC.014050vH","0ygyTA3URVoNp+waZjN2Lu+zP0lNl3v9",
"32502ee6-e383-41df-9795-88be46f9f5d1","TALL_004.basePlot.bet","D08","TALL","TALL_004","S","distributed","evergreenForest",32.957884,-87.432613,"WGS84",20.1,132.0,0.1,"2016-05-25","2016-06-08","TALL.2016.23",14,"Y","TALL_004.S.20160608","Ok","Ok","Ok","NEON.DOC.014050vH","0ygyTA3URVoNp+waZjN2Lu+zP0lNl3v9",
"de32b927-ea1c-40b8-90c9-65a132d262db","TALL_001.basePlot.bet","D08","TALL","TALL_001","S","distributed","deciduousForest",32.977667,-87.432716,"WGS84",20.3,98.6,0.4,"2016-05-25","2016-06-08","TALL.2016.23",14,"Y","TALL_001.S.20160608","Ok","Ok","Ok","NEON.DOC.014050vH","ADzqoWOfwevQ2rrllzoCJTnDjie0NTbT",
"b19df312-976d-4212-8191-db8572c11c2b","TALL_005.basePlot.bet","D08","TALL","TALL_005","S","distributed","mixedForest",32.897128,-87.397349,"WGS84",20.2,119.9,0.2,"2016-05-25","2016-06-08","TALL.2016.23",14,"Y","TALL_005.S.20160608","Ok","Ok","Ok","NEON.DOC.014050vH","ADzqoWOfwevQ2rrllzoCJTnDjie0NTbT",
"9b79e181-5164-47a1-bc31-54abce04dc1f","TALL_007.basePlot.bet","D08","TALL","TALL_007","S","distributed","deciduousForest",32.974429,-87.426940,"WGS84",20.3,82.5,0.3,"2016-05-25","2016-06-08","TALL.2016.23",14,"Y","TALL_007.S.20160608","Ok","Ok","Ok","NEON.DOC.014050vH","ADzqoWOfwevQ2rrllzoCJTnDjie0NTbT",
"f89e7b80-0eb8-4d77-b1ed-97823b7c636f","TALL_003.basePlot.bet","D08","TALL","TALL_003","S","distributed","mixedForest",32.893530,-87.415341,"WGS84",20.2,122.8,0.2,"2016-05-25","2016-06-08","TALL.2016.23",14,"Y","TALL_003.S.20160608","Ok","Ok","Ok","NEON.DOC.014050vH","ADzqoWOfwevQ2rrllzoCJTnDjie0NTbT",
"3abf4e40-9962-4e0c-bfa0-4c2beadb93ca","TALL_009.basePlot.bet","D08","TALL","TALL_009","S","distributed","evergreenForest",32.899796,-87.406679,"WGS84",20.2,105.1,0.4,"2016-05-25","2016-06-08","TALL.2016.23",14,"Y","TALL_009.S.20160608","Ok","Disturbed","Ok","NEON.DOC.014050vH","ADzqoWOfwevQ2rrllzoCJTnDjie0NTbT",
"45265e6f-6f1c-43ad-bf03-50c17bc81b5f","TALL_013.basePlot.bet","D08","TALL","TALL_013","S","distributed","evergreenForest",32.884749,-87.454396,"WGS84",20.1,117.6,0.2,"2016-05-25","2016-06-08","TALL.2016.23",14,"Y","TALL_013.S.20160608","Ok","Ok","Ok","NEON.DOC.014050vH","0ygyTA3URVoNp+waZjN2Lu+zP0lNl3v9",
"5fd25b57-8a84-4a75-8eba-747eeb83c318","TALL_008.basePlot.bet","D08","TALL","TALL_008","S","distributed","deciduousForest",32.921617,-87.433388,"WGS84",20.3,113.0,0.3,"2016-05-25","2016-06-08","TALL.2016.23",14,"Y","TALL_008.S.20160608","Ok","Ok","High","NEON.DOC.014050vH","0ygyTA3URVoNp+waZjN2Lu+zP0lNl3v9",
"f46210f5-8052-4e49-b91a-b44ddd9a1992","TALL_002.basePlot.bet","D08","TALL","TALL_002","S","distributed","mixedForest",32.922158,-87.428893,"WGS84",20.2,118.3,0.4,"2016-05-25","2016-06-08","TALL.2016.23",14,"Y","TALL_002.S.20160608","Ok","Ok","Ok","NEON.DOC.014050vH","0ygyTA3URVoNp+waZjN2Lu+zP0lNl3v9",
"5a7f079d-8031-4e68-a5a8-920cf46a8f00","TALL_006.basePlot.bet","D08","TALL","TALL_006","S","distributed","evergreenForest",32.898843,-87.446128,"WGS84",20.3,97.8,0.4,"2016-05-25","2016-06-08","TALL.2016.23",14,"Y","TALL_006.S.20160608","Ok","Ok","Ok","NEON.DOC.014050vH","0ygyTA3URVoNp+waZjN2Lu+zP0lNl3v9",
"f015cf6a-af29-47bc-95b4-9daad5358fe4","TALL_004.basePlot.bet","D08","TALL","TALL_004","W","distributed","evergreenForest",32.957884,-87.432613,"WGS84",20.1,132.0,0.1,"2016-05-25","2016-06-08","TALL.2016.23",14,"Y","TALL_004.W.20160608","Ok","Ok","High","NEON.DOC.014050vH","0ygyTA3URVoNp+waZjN2Lu+zP0lNl3v9",
"7b935a62-5451-4d9a-a1a2-1616516e4013","TALL_001.basePlot.bet","D08","TALL","TALL_001","W","distributed","deciduousForest",32.977667,-87.432716,"WGS84",20.3,98.6,0.4,"2016-05-25","2016-06-08","TALL.2016.23",14,"Y","TALL_001.W.20160608","Ok","Ok","High","NEON.DOC.014050vH","ADzqoWOfwevQ2rrllzoCJTnDjie0NTbT",
"87495c89-eca2-473a-9900-ac494030c205","TALL_006.basePlot.bet","D08","TALL","TALL_006","W","distributed","evergreenForest",32.898843,-87.446128,"WGS84",20.3,97.8,0.4,"2016-05-25","2016-06-08","TALL.2016.23",14,"Y","TALL_006.W.20160608","Ok","Ok","Ok","NEON.DOC.014050vH","0ygyTA3URVoNp+waZjN2Lu+zP0lNl3v9",
"98bb776c-f312-4939-b2ce-010983d55609","TALL_005.basePlot.bet","D08","TALL","TALL_005","W","distributed","mixedForest",32.897128,-87.397349,"WGS84",20.2,119.9,0.2,"2016-05-25","2016-06-08","TALL.2016.23",14,"Y","TALL_005.W.20160608","Ok","Ok","Ok","NEON.DOC.014050vH","ADzqoWOfwevQ2rrllzoCJTnDjie0NTbT",
"b342b817-03d3-43e5-b194-ff4dc1e526ea","TALL_008.basePlot.bet","D08","TALL","TALL_008","W","distributed","deciduousForest",32.921617,-87.433388,"WGS84",20.3,113.0,0.3,"2016-05-25","2016-06-08","TALL.2016.23",14,"Y","TALL_008.W.20160608","Ok","Ok","Ok","NEON.DOC.014050vH","0ygyTA3URVoNp+waZjN2Lu+zP0lNl3v9",
"dfd7e66a-4ec4-4055-85fe-82371bad9990","TALL_003.basePlot.bet","D08","TALL","TALL_003","W","distributed","mixedForest",32.893530,-87.415341,"WGS84",20.2,122.8,0.2,"2016-05-25","2016-06-08","TALL.2016.23",14,"Y","TALL_003.W.20160608","Ok","Ok","Ok","NEON.DOC.014050vH","ADzqoWOfwevQ2rrllzoCJTnDjie0NTbT",
"ec76f1ab-b48e-4802-a571-2afa43d8c1cd","TALL_009.basePlot.bet","D08","TALL","TALL_009","W","distributed","evergreenForest",32.899796,-87.406679,"WGS84",20.2,105.1,0.4,"2016-05-25","2016-06-08","TALL.2016.23",14,"Y","TALL_009.W.20160608","Disturbed","Ok","Ok","NEON.DOC.014050vH","ADzqoWOfwevQ2rrllzoCJTnDjie0NTbT","This trap wasn't properly reset last bout. The top cup was missing and a plastic bag was used to line the bottom cup then filled with PG. The lip of the cup/bag was not level with the ground and there was a gap around the edge."
"b00b0f2d-907b-482d-9523-2e848ab83519","TALL_013.basePlot.bet","D08","TALL","TALL_013","W","distributed","evergreenForest",32.884749,-87.454396,"WGS84",20.1,117.6,0.2,"2016-05-25","2016-06-08","TALL.2016.23",14,"Y","TALL_013.W.20160608","Ok","Ok","Ok","NEON.DOC.014050vH","0ygyTA3URVoNp+waZjN2Lu+zP0lNl3v9",
"f3b62bcd-ae2e-4c0a-9362-204c2efd5393","TALL_002.basePlot.bet","D08","TALL","TALL_002","W","distributed","mixedForest",32.922158,-87.428893,"WGS84",20.2,118.3,0.4,"2016-05-25","2016-06-08","TALL.2016.23",14,"Y","TALL_002.W.20160608","Ok","Ok","Ok","NEON.DOC.014050vH","0ygyTA3URVoNp+waZjN2Lu+zP0lNl3v9",
"0f493819-1601-41e6-9123-f77fc2894706","TALL_007.basePlot.bet","D08","TALL","TALL_007","W","distributed","deciduousForest",32.974429,-87.426940,"WGS84",20.3,82.5,0.3,"2016-05-25","2016-06-08","TALL.2016.23",14,"Y","TALL_007.W.20160608","Ok","Ok","High","NEON.DOC.014050vH","ADzqoWOfwevQ2rrllzoCJTnDjie0NTbT",
"5e69753e-98b6-41c7-90af-c88f686d79a9","TALL_001.basePlot.bet","D08","TALL","TALL_001","E","distributed","deciduousForest",32.977667,-87.432716,"WGS84",20.3,98.6,0.4,"2016-06-08","2016-06-22","TALL.2016.25",14,"Y","TALL_001.E.20160622","Ok","Ok","High","NEON.DOC.014050vH","3Ym5ij87kyMMuyqIXmaPBvb9Isj5hcH8",
"9ec3238b-a0b1-42dc-a33c-5100c94bb265","TALL_002.basePlot.bet","D08","TALL","TALL_002","W","distributed","mixedForest",32.922158,-87.428893,"WGS84",20.2,118.3,0.4,"2016-06-08","2016-06-22","TALL.2016.25",14,"Y","TALL_002.W.20160622","Ok","Ok","Ok","NEON.DOC.014050vH","LnIDmrEQmAUtwQFMbC1CIKUZraB/NwPgV6cB6TW941k=",
"aaf66fb6-9c50-4f9d-8024-4080546139e4","TALL_009.basePlot.bet","D08","TALL","TALL_009","E","distributed","evergreenForest",32.899796,-87.406679,"WGS84",20.2,105.1,0.4,"2016-06-08","2016-06-22","TALL.2016.25",14,"Y","TALL_009.E.20160622","Ok","Ok","Low","NEON.DOC.014050vH","Ty5ktdGiRSp05LT6y3oRIJX9t8YK1JGMhptSFXGHZWc=",
"c8351713-cc6d-4b1c-9c1f-e6e70df0f8a0","TALL_013.basePlot.bet","D08","TALL","TALL_013","E","distributed","evergreenForest",32.884749,-87.454396,"WGS84",20.1,117.6,0.2,"2016-06-08","2016-06-22","TALL.2016.25",14,"Y","TALL_013.E.20160622","Ok","Ok","Ok","NEON.DOC.014050vH","3Ym5ij87kyMMuyqIXmaPBvb9Isj5hcH8",
"1095d810-6043-4443-b252-d3c364db5877","TALL_003.basePlot.bet","D08","TALL","TALL_003","E","distributed","mixedForest",32.893530,-87.415341,"WGS84",20.2,122.8,0.2,"2016-06-08","2016-06-22","TALL.2016.25",14,"Y","TALL_003.E.20160622","Ok","Ok","Ok","NEON.DOC.014050vH","Ty5ktdGiRSp05LT6y3oRIJX9t8YK1JGMhptSFXGHZWc=",
"2a6f48d4-5d5a-4063-89b1-dcee2791978e","TALL_008.basePlot.bet","D08","TALL","TALL_008","E","distributed","deciduousForest",32.921617,-87.433388,"WGS84",20.3,113.0,0.3,"2016-06-08","2016-06-22","TALL.2016.25",14,"Y","TALL_008.E.20160622","Ok","Ok","Ok","NEON.DOC.014050vH","LnIDmrEQmAUtwQFMbC1CIKUZraB/NwPgV6cB6TW941k=",
"734b759b-487c-44bd-b52b-ec69b2711826","TALL_004.basePlot.bet","D08","TALL","TALL_004","E","distributed","evergreenForest",32.957884,-87.432613,"WGS84",20.1,132.0,0.1,"2016-06-08","2016-06-22","TALL.2016.25",14,"Y","TALL_004.E.20160622","Ok","Ok","Ok","NEON.DOC.014050vH","3Ym5ij87kyMMuyqIXmaPBvb9Isj5hcH8",
"55e26be7-0c10-4b57-b190-c06f7bdec113","TALL_006.basePlot.bet","D08","TALL","TALL_006","E","distributed","evergreenForest",32.898843,-87.446128,"WGS84",20.3,97.8,0.4,"2016-06-08","2016-06-22","TALL.2016.25",14,"Y","TALL_006.E.20160622","Ok","Ok","Ok","NEON.DOC.014050vH","3Ym5ij87kyMMuyqIXmaPBvb9Isj5hcH8",
"dc12421d-3c28-4d44-902d-fa17f580b382","TALL_005.basePlot.bet","D08","TALL","TALL_005","E","distributed","mixedForest",32.897128,-87.397349,"WGS84",20.2,119.9,0.2,"2016-06-08","2016-06-22","TALL.2016.25",14,"Y","TALL_005.E.20160622","Ok","Ok","Ok","NEON.DOC.014050vH","LnIDmrEQmAUtwQFMbC1CIKUZraB/NwPgV6cB6TW941k=",
"c4ec1312-7267-4c9b-866a-7cf836d0c025","TALL_007.basePlot.bet","D08","TALL","TALL_007","E","distributed","deciduousForest",32.974429,-87.426940,"WGS84",20.3,82.5,0.3,"2016-06-08","2016-06-22","TALL.2016.25",14,"Y","TALL_007.E.20160622","Ok","Ok","Ok","NEON.DOC.014050vH","3Ym5ij87kyMMuyqIXmaPBvb9Isj5hcH8",
"1b250973-fd07-47f0-9268-6dca7a9a8809","TALL_008.basePlot.bet","D08","TALL","TALL_008","N","distributed","deciduousForest",32.921617,-87.433388,"WGS84",20.3,113.0,0.3,"2016-06-08","2016-06-22","TALL.2016.25",14,"Y","TALL_008.N.20160622","Ok","Ok","Ok","NEON.DOC.014050vH","LnIDmrEQmAUtwQFMbC1CIKUZraB/NwPgV6cB6TW941k=",
"4efad73a-7f8f-4561-8565-4c70c6e9b6dc","TALL_004.basePlot.bet","D08","TALL","TALL_004","N","distributed","evergreenForest",32.957884,-87.432613,"WGS84",20.1,132.0,0.1,"2016-06-08","2016-06-22","TALL.2016.25",14,"Y","TALL_004.N.20160622","Ok","Ok","High","NEON.DOC.014050vH","3Ym5ij87kyMMuyqIXmaPBvb9Isj5hcH8",
"1f7f8e14-cd47-441b-b03e-620d0b8ee0a7","TALL_005.basePlot.bet","D08","TALL","TALL_005","N","distributed","mixedForest",32.897128,-87.397349,"WGS84",20.2,119.9,0.2,"2016-06-08","2016-06-22","TALL.2016.25",14,"Y","TALL_005.N.20160622","Ok","Ok","Ok","NEON.DOC.014050vH","LnIDmrEQmAUtwQFMbC1CIKUZraB/NwPgV6cB6TW941k=",
"df525b93-3868-4038-b71f-d3c66b0e1005","TALL_001.basePlot.bet","D08","TALL","TALL_001","N","distributed","deciduousForest",32.977667,-87.432716,"WGS84",20.3,98.6,0.4,"2016-06-08","2016-06-22","TALL.2016.25",14,"Y","TALL_001.N.20160622","Ok","Ok","Ok","NEON.DOC.014050vH","3Ym5ij87kyMMuyqIXmaPBvb9Isj5hcH8",
"e635ccd6-6130-47cf-a39e-5986dc136a2a","TALL_006.basePlot.bet","D08","TALL","TALL_006","N","distributed","evergreenForest",32.898843,-87.446128,"WGS84",20.3,97.8,0.4,"2016-06-08","2016-06-22","TALL.2016.25",14,"Y","TALL_006.N.20160622","Ok","Ok","Ok","NEON.DOC.014050vH","3Ym5ij87kyMMuyqIXmaPBvb9Isj5hcH8",
"7592cde6-c516-4b58-aa9b-c6a37cb2ddb8","TALL_007.basePlot.bet","D08","TALL","TALL_007","N","distributed","deciduousForest",32.974429,-87.426940,"WGS84",20.3,82.5,0.3,"2016-06-08","2016-06-22","TALL.2016.25",14,"Y","TALL_007.N.20160622","Ok","Ok","Ok","NEON.DOC.014050vH","3Ym5ij87kyMMuyqIXmaPBvb9Isj5hcH8",
"37b338c0-404a-4a8e-b616-3c2b446636ae","TALL_013.basePlot.bet","D08","TALL","TALL_013","N","distributed","evergreenForest",32.884749,-87.454396,"WGS84",20.1,117.6,0.2,"2016-06-08","2016-06-22","TALL.2016.25",14,"Y","TALL_013.N.20160622","Ok","Ok","Ok","NEON.DOC.014050vH","3Ym5ij87kyMMuyqIXmaPBvb9Isj5hcH8",
"07081ce9-ed46-49b1-81cb-888bc3a036e8","TALL_002.basePlot.bet","D08","TALL","TALL_002","N","distributed","mixedForest",32.922158,-87.428893,"WGS84",20.2,118.3,0.4,"2016-06-08","2016-06-22","TALL.2016.25",14,"Y","TALL_002.N.20160622","Ok","Ok","Ok","NEON.DOC.014050vH","LnIDmrEQmAUtwQFMbC1CIKUZraB/NwPgV6cB6TW941k=",
"0d0bd2ca-5bfc-466c-a954-19f2e91d4589","TALL_003.basePlot.bet","D08","TALL","TALL_003","N","distributed","mixedForest",32.893530,-87.415341,"WGS84",20.2,122.8,0.2,"2016-06-08","2016-06-22","TALL.2016.25",14,"Y","TALL_003.N.20160622","Ok","Ok","Ok","NEON.DOC.014050vH","Ty5ktdGiRSp05LT6y3oRIJX9t8YK1JGMhptSFXGHZWc=",
"a2620b24-5376-49e1-9a0a-be88d679b98d","TALL_009.basePlot.bet","D08","TALL","TALL_009","N","distributed","evergreenForest",32.899796,-87.406679,"WGS84",20.2,105.1,0.4,"2016-06-08","2016-06-22","TALL.2016.25",14,"Y","TALL_009.N.20160622","Ok","Ok","Ok","NEON.DOC.014050vH","Ty5ktdGiRSp05LT6y3oRIJX9t8YK1JGMhptSFXGHZWc=",
"3f1da7b6-d655-4ea2-b1cf-9eeec9b71d63","TALL_005.basePlot.bet","D08","TALL","TALL_005","S","distributed","mixedForest",32.897128,-87.397349,"WGS84",20.2,119.9,0.2,"2016-06-08","2016-06-22","TALL.2016.25",14,"Y","TALL_005.S.20160622","Ok","Ok","Ok","NEON.DOC.014050vH","LnIDmrEQmAUtwQFMbC1CIKUZraB/NwPgV6cB6TW941k=",
"9fe1fb24-1402-4d92-a175-6de72fbbfb8e","TALL_007.basePlot.bet","D08","TALL","TALL_007","S","distributed","deciduousForest",32.974429,-87.426940,"WGS84",20.3,82.5,0.3,"2016-06-08","2016-06-22","TALL.2016.25",14,"Y","TALL_007.S.20160622","Ok","Ok","Ok","NEON.DOC.014050vH","3Ym5ij87kyMMuyqIXmaPBvb9Isj5hcH8",
"e1fb6fbc-195c-48bc-9f05-b0a82d0c87f8","TALL_013.basePlot.bet","D08","TALL","TALL_013","S","distributed","evergreenForest",32.884749,-87.454396,"WGS84",20.1,117.6,0.2,"2016-06-08","2016-06-22","TALL.2016.25",14,"Y","TALL_013.S.20160622","Ok","Ok","Ok","NEON.DOC.014050vH","3Ym5ij87kyMMuyqIXmaPBvb9Isj5hcH8",
"8a54254a-a126-471a-a590-81666eb26e25","TALL_002.basePlot.bet","D08","TALL","TALL_002","S","distributed","mixedForest",32.922158,-87.428893,"WGS84",20.2,118.3,0.4,"2016-06-08","2016-06-22","TALL.2016.25",14,"Y","TALL_002.S.20160622","Ok","Ok","Ok","NEON.DOC.014050vH","LnIDmrEQmAUtwQFMbC1CIKUZraB/NwPgV6cB6TW941k=",
"737c6ffb-7125-423d-bb81-909a6b35ac72","TALL_009.basePlot.bet","D08","TALL","TALL_009","S","distributed","evergreenForest",32.899796,-87.406679,"WGS84",20.2,105.1,0.4,"2016-06-08","2016-06-22","TALL.2016.25",14,"Y","TALL_009.S.20160622","Ok","Ok","Ok","NEON.DOC.014050vH","Ty5ktdGiRSp05LT6y3oRIJX9t8YK1JGMhptSFXGHZWc=",
"418c11cd-4058-4a76-b091-9ca74dfd7396","TALL_003.basePlot.bet","D08","TALL","TALL_003","S","distributed","mixedForest",32.893530,-87.415341,"WGS84",20.2,122.8,0.2,"2016-06-08","2016-06-22","TALL.2016.25",14,"Y","TALL_003.S.20160622","Ok","Ok","Low","NEON.DOC.014050vH","Ty5ktdGiRSp05LT6y3oRIJX9t8YK1JGMhptSFXGHZWc=",
"4d2c7961-ffed-4b2c-8354-9567bae3a8c5","TALL_008.basePlot.bet","D08","TALL","TALL_008","S","distributed","deciduousForest",32.921617,-87.433388,"WGS84",20.3,113.0,0.3,"2016-06-08","2016-06-22","TALL.2016.25",14,"Y","TALL_008.S.20160622","Ok","Ok","Ok","NEON.DOC.014050vH","LnIDmrEQmAUtwQFMbC1CIKUZraB/NwPgV6cB6TW941k=",
"00c476b2-0c97-4bf2-bcc7-a1a56f479ae8","TALL_004.basePlot.bet","D08","TALL","TALL_004","S","distributed","evergreenForest",32.957884,-87.432613,"WGS84",20.1,132.0,0.1,"2016-06-08","2016-06-22","TALL.2016.25",14,"Y","TALL_004.S.20160622","Ok","Ok","Ok","NEON.DOC.014050vH","3Ym5ij87kyMMuyqIXmaPBvb9Isj5hcH8",
"eef8d6e7-0ab6-4237-a032-257e46bcd9ca","TALL_001.basePlot.bet","D08","TALL","TALL_001","S","distributed","deciduousForest",32.977667,-87.432716,"WGS84",20.3,98.6,0.4,"2016-06-08","2016-06-22","TALL.2016.25",14,"Y","TALL_001.S.20160622","Ok","Ok","Ok","NEON.DOC.014050vH","3Ym5ij87kyMMuyqIXmaPBvb9Isj5hcH8",
"914b119e-fb86-4db1-bc0e-fd709870e9d8","TALL_006.basePlot.bet","D08","TALL","TALL_006","S","distributed","evergreenForest",32.898843,-87.446128,"WGS84",20.3,97.8,0.4,"2016-06-08","2016-06-22","TALL.2016.25",14,"N",,"Disturbed","Disturbed","Low","NEON.DOC.014050vH","3Ym5ij87kyMMuyqIXmaPBvb9Isj5hcH8","This trap was dug up and there was no fluid left in the cup."
"13020bc7-b0ee-405e-90e6-d0d95fcbf3c0","TALL_004.basePlot.bet","D08","TALL","TALL_004","W","distributed","evergreenForest",32.957884,-87.432613,"WGS84",20.1,132.0,0.1,"2016-06-08","2016-06-22","TALL.2016.25",14,"Y","TALL_004.W.20160622","Ok","Ok","Ok","NEON.DOC.014050vH","3Ym5ij87kyMMuyqIXmaPBvb9Isj5hcH8",
"b8842a30-2d9c-4d9e-8bb4-9bf737607018","TALL_007.basePlot.bet","D08","TALL","TALL_007","W","distributed","deciduousForest",32.974429,-87.426940,"WGS84",20.3,82.5,0.3,"2016-06-08","2016-06-22","TALL.2016.25",14,"Y","TALL_007.W.20160622","Ok","Ok","High","NEON.DOC.014050vH","3Ym5ij87kyMMuyqIXmaPBvb9Isj5hcH8",
"88d44154-4a69-44e6-ab44-c14b5709be47","TALL_009.basePlot.bet","D08","TALL","TALL_009","W","distributed","evergreenForest",32.899796,-87.406679,"WGS84",20.2,105.1,0.4,"2016-06-08","2016-06-22","TALL.2016.25",14,"Y","TALL_009.W.20160622","Ok","Ok","Ok","NEON.DOC.014050vH","Ty5ktdGiRSp05LT6y3oRIJX9t8YK1JGMhptSFXGHZWc=",
"125fef30-cb43-4b8e-8af1-9592ab932b54","TALL_013.basePlot.bet","D08","TALL","TALL_013","W","distributed","evergreenForest",32.884749,-87.454396,"WGS84",20.1,117.6,0.2,"2016-06-08","2016-06-22","TALL.2016.25",14,"Y","TALL_013.W.20160622","Ok","Ok","Ok","NEON.DOC.014050vH","3Ym5ij87kyMMuyqIXmaPBvb9Isj5hcH8",
"0bfa0172-38e6-4b71-8a4c-3b42ecc75c1e","TALL_003.basePlot.bet","D08","TALL","TALL_003","W","distributed","mixedForest",32.893530,-87.415341,"WGS84",20.2,122.8,0.2,"2016-06-08","2016-06-22","TALL.2016.25",14,"N",,"Ok","Disturbed","Ok","NEON.DOC.014050vH","Ty5ktdGiRSp05LT6y3oRIJX9t8YK1JGMhptSFXGHZWc=","The lid on this trap was pushed all the way down flush with the ground so there was no sample in the cup."
"a42f8ced-38f7-4119-a665-b32b91102b65","TALL_008.basePlot.bet","D08","TALL","TALL_008","W","distributed","deciduousForest",32.921617,-87.433388,"WGS84",20.3,113.0,0.3,"2016-06-08","2016-06-22","TALL.2016.25",14,"Y","TALL_008.W.20160622","Ok","Ok","Ok","NEON.DOC.014050vH","LnIDmrEQmAUtwQFMbC1CIKUZraB/NwPgV6cB6TW941k=",
"94e45053-b61a-40d3-9aef-6ebea6c70583","TALL_006.basePlot.bet","D08","TALL","TALL_006","W","distributed","evergreenForest",32.898843,-87.446128,"WGS84",20.3,97.8,0.4,"2016-06-08","2016-06-22","TALL.2016.25",14,"Y","TALL_006.W.20160622","Ok","Ok","Ok","NEON.DOC.014050vH","3Ym5ij87kyMMuyqIXmaPBvb9Isj5hcH8",
"8a269d4d-27fd-480b-9cba-41866932aea0","TALL_005.basePlot.bet","D08","TALL","TALL_005","W","distributed","mixedForest",32.897128,-87.397349,"WGS84",20.2,119.9,0.2,"2016-06-08","2016-06-22","TALL.2016.25",14,"Y","TALL_005.W.20160622","Ok","Ok","Ok","NEON.DOC.014050vH","LnIDmrEQmAUtwQFMbC1CIKUZraB/NwPgV6cB6TW941k=",
"043b5a11-fa9c-4b4a-9197-f4ee1d3aee87","TALL_001.basePlot.bet","D08","TALL","TALL_001","W","distributed","deciduousForest",32.977667,-87.432716,"WGS84",20.3,98.6,0.4,"2016-06-08","2016-06-22","TALL.2016.25",14,"Y","TALL_001.W.20160622","Ok","Ok","Ok","NEON.DOC.014050vH","3Ym5ij87kyMMuyqIXmaPBvb9Isj5hcH8",
"90142768-3a88-4934-9602-8995504c2481","TALL_002.basePlot.bet","D08","TALL","TALL_002","E","distributed","mixedForest",32.922158,-87.428893,"WGS84",20.2,118.3,0.4,"2016-06-08","2016-06-22","TALL.2016.25",14,"Y","TALL_002.E.20160622","Ok","Ok","Ok","NEON.DOC.014050vH","LnIDmrEQmAUtwQFMbC1CIKUZraB/NwPgV6cB6TW941k=",
