uid,namedLocation,domainID,siteID,plotID,trapID,setDate,collectDate,processingDate,etOHChangeDate,identifiedDate,sampleID,subsampleID,sampleType,taxonID,scientificName,taxonRank,identificationQualifier,scientificNameAuthorship,morphospeciesID,individualCount,identificationReferences,identifiedBy,recordedBy,remarks
"24375456-1e3f-41b2-8fe8-69bd532c1411","ORNL_001.basePlot.bet","D07","ORNL","ORNL_001","E","2015-05-26","2015-06-09","2015-06-09","2015-06-10",,"ORNL_001.E.20150609","1iGudFvILgm0UcmM/Z77UQdZMJtr4A6a+3HwchDFzs4=","invert bycatch",,,,,,,,,,"49LI6M3+jMtxRtYmbfgyO+9Rpwup30X0","used NEON.DOC.014050vJ"
"f8c803ad-368d-4006-89fa-381f9e503681","ORNL_029.basePlot.bet","D07","ORNL","ORNL_029","W","2015-05-26","2015-06-09","2015-06-09","2015-06-10",,"ORNL_029.W.20150609","7LdWMHVTMyRBOv5F1sgxPwtkZAtB/amsaJrQWHt5HPY=","invert bycatch",,,,,,,,,,"49LI6M3+jMtxRtYmbfgyO+9Rpwup30X0","used NEON.DOC.014050vJ"
"0852be75-a54a-4a08-9e8f-3173f6e7758a","ORNL_027.basePlot.bet","D07","ORNL","ORNL_027","E","2015-05-26","2015-06-09","2015-06-09","2015-09-21","2015-12-01","ORNL_027.E.20150609","di/gYcSB3uCH6HDnbGh9Zl4Br6GbQnQQ0nhCTEi5Wgg=","carabid","CHLEMA","Chlaenius emarginatus","species",,"Say",,2,"Bell, R. T. 1960. A Revision of the Genus Chlaenius Bonelli (Coleoptera, Carabidae) in North America. Miscellaneous Publications of the Entomological Society of America 1:98-166.","nAKPQvGWPz3w50pS9SF/Wg/TlEjgxRE8","nAKPQvGWPz3w50pS9SF/Wg/TlEjgxRE8","used NEON.DOC.014050vJ"
"73d21f2e-17a1-4f93-80af-207d10745647","ORNL_032.basePlot.bet","D07","ORNL","ORNL_032","E","2015-05-26","2015-06-09","2015-06-09","2015-06-10",,"ORNL_032.E.20150609","DcTblkLRhld2mqbXQCIxpVGJ5F6TJONdBp5IYP4mW84=","invert bycatch",,,,,,,,,,"49LI6M3+jMtxRtYmbfgyO+9Rpwup30X0","used NEON.DOC.014050vJ"
"69694550-b412-43cc-b2c1-513a3e259287","ORNL_032.basePlot.bet","D07","ORNL","ORNL_032","E","2015-05-26","2015-06-09","2015-06-09","2016-01-22","2016-01-22","ORNL_032.E.20150609","DcTblkLRhld2mqbXQCIxpRPIKl6IAXrWVYVVmnFLRVM=","carabid","CYCFUC","Cyclotrachelus fucatus","species","cf. species","Freitag",,1,"Freitag, R. 1969. A revision of the species of the genus Evarthrus LeConte. Quaestiones Entomologicae 5:89-212.","nAKPQvGWPz3w50pS9SF/Wg/TlEjgxRE8","nAKPQvGWPz3w50pS9SF/Wg/TlEjgxRE8","used NEON.DOC.014050vJ"
"8651af0f-de80-4b05-80c1-bc0a62fb3ac1","ORNL_004.basePlot.bet","D07","ORNL","ORNL_004","E","2015-05-26","2015-06-09","2015-06-09","2015-06-10",,"ORNL_004.E.20150609","qnVzy9oXbL0C/rzwCPMQsBZ12g/EPVRrqCnW+cuiCUM=","invert bycatch",,,,,,,,,,"49LI6M3+jMtxRtYmbfgyO+9Rpwup30X0","used NEON.DOC.014050vJ"
"22ba93e9-de3c-4118-b5bd-1beea997e0f7","ORNL_027.basePlot.bet","D07","ORNL","ORNL_027","E","2015-05-26","2015-06-09","2015-06-09","2015-06-10",,"ORNL_027.E.20150609","di/gYcSB3uCH6HDnbGh9ZkIu7rh5Vg/SVcnHk1A5eJE=","invert bycatch",,,,,,,,,,"49LI6M3+jMtxRtYmbfgyO+9Rpwup30X0","used NEON.DOC.014050vJ"
"21816045-1df1-4ae6-8048-386c3b02bf6c","ORNL_021.basePlot.bet","D07","ORNL","ORNL_021","E","2015-05-26","2015-06-09","2015-06-09","2015-09-21","2015-12-01","ORNL_021.E.20150609","LlqcsvOjN4AKh2eXWBoiF/G6aNfe1L/defAc3UHj9f8=","carabid","SCASUB2","Scarites subterraneus","species",,"Fabricius",,1,"Ciegler, J. C. 2000. Ground beetles and wrinkled bark beetles of South Carolina (Coleoptera: Geadephaga: Carabidae and Rhysodidae). Biota of South Carolina. Vol. 1. Clemson, S. Clemson University.","nAKPQvGWPz3w50pS9SF/Wg/TlEjgxRE8","nAKPQvGWPz3w50pS9SF/Wg/TlEjgxRE8","used NEON.DOC.014050vJ"
"d8accd4e-490b-43aa-8106-66a573bbdc5e","ORNL_031.basePlot.bet","D07","ORNL","ORNL_031","E","2015-05-26","2015-06-09","2015-06-10","2015-06-10",,"ORNL_031.E.20150609","G1V5MttZ4JKiz4rd8C+YpHfyF4IdPum4EUd23wlBC5M=","invert bycatch",,,,,,,,,,"49LI6M3+jMtxRtYmbfgyO+9Rpwup30X0","used NEON.DOC.014050vJ"
"fc4eb823-12fd-44ef-b37d-c91036a52496","ORNL_029.basePlot.bet","D07","ORNL","ORNL_029","E","2015-05-26","2015-06-09","2015-06-09","2015-06-10",,"ORNL_029.E.20150609","7LdWMHVTMyTdaBnXK/xnvOcCDfEfUGXrjVFSnoF1Q1U=","invert bycatch",,,,,,,,,,"49LI6M3+jMtxRtYmbfgyO+9Rpwup30X0","used NEON.DOC.014050vJ"
"6aafc88f-d88e-4023-ba5f-7c8f12443a26","ORNL_021.basePlot.bet","D07","ORNL","ORNL_021","E","2015-05-26","2015-06-09","2015-06-09","2015-09-22","2015-12-01","ORNL_021.E.20150609","LlqcsvOjN4AKh2eXWBoiF1rKV0Lk3Fln9MHqc7MlcTA=","carabid","DICPUR4","Dicaelus purpuratus","species",,"Bonelli",,1,"Evans, A. V. 2014. Beetles of Eastern North America. 1st Ed. Princeton University Press, Princeton, NJ.","nAKPQvGWPz3w50pS9SF/Wg/TlEjgxRE8","nAKPQvGWPz3w50pS9SF/Wg/TlEjgxRE8","used NEON.DOC.014050vJ"
"9d4104af-982c-42b0-9867-81de6ad3465a","ORNL_006.basePlot.bet","D07","ORNL","ORNL_006","E","2015-05-26","2015-06-09","2015-06-09","2015-06-10",,"ORNL_006.E.20150609","XUOG9+A5sINoJKEYMg8kZ5FibCVM+8eZr6FGZgStkMw=","invert bycatch",,,,,,,,,,"49LI6M3+jMtxRtYmbfgyO+9Rpwup30X0","used NEON.DOC.014050vJ"
"a48e99f3-f4a1-456a-b725-fe65783abccc","ORNL_004.basePlot.bet","D07","ORNL","ORNL_004","E","2015-05-26","2015-06-09","2015-06-09","2015-09-21","2015-12-01","ORNL_004.E.20150609","qnVzy9oXbL0C/rzwCPMQsKVOrHpDu/ZBgN6fZuuztgQ=","carabid","CHLEMA","Chlaenius emarginatus","species",,"Say",,1,"Bell, R. T. 1960. A Revision of the Genus Chlaenius Bonelli (Coleoptera, Carabidae) in North America. Miscellaneous Publications of the Entomological Society of America 1:98-166.","nAKPQvGWPz3w50pS9SF/Wg/TlEjgxRE8","nAKPQvGWPz3w50pS9SF/Wg/TlEjgxRE8","used NEON.DOC.014050vJ"
"80fb460c-7bb2-489b-b004-eca2ba4b952e","ORNL_031.basePlot.bet","D07","ORNL","ORNL_031","N","2015-05-26","2015-06-09","2015-06-10","2015-06-10",,"ORNL_031.N.20150609","G1V5MttZ4JKdrYPIow3YI+f7zH0FwqiBchDCp3HO2qc=","invert bycatch",,,,,,,,,,"49LI6M3+jMtxRtYmbfgyO+9Rpwup30X0","used NEON.DOC.014050vJ"
"5b20e20e-e169-4ba6-87fe-e51b2e71a646","ORNL_006.basePlot.bet","D07","ORNL","ORNL_006","N","2015-05-26","2015-06-09","2015-06-09","2015-09-22","2015-12-01","ORNL_006.N.20150609","XUOG9+A5sINkxfsCut298RDAv768a8bggukseyGOm1Y=","carabid","CYCFUC","Cyclotrachelus fucatus","species",,"Freitag",,1,"Freitag, R. 1969. A revision of the species of the genus Evarthrus LeConte. Quaestiones Entomologicae 5:89-212.","nAKPQvGWPz3w50pS9SF/Wg/TlEjgxRE8","nAKPQvGWPz3w50pS9SF/Wg/TlEjgxRE8","used NEON.DOC.014050vJ"
"57a33294-9f1f-4671-a24a-ae2ae01838a1","ORNL_029.basePlot.bet","D07","ORNL","ORNL_029","N","2015-05-26","2015-06-09","2015-06-09","2015-06-10",,"ORNL_029.N.20150609","7LdWMHVTMyT+o9aAhmfQiH3KcQUbq3pcHdpy9GihliM=","invert bycatch",,,,,,,,,,"49LI6M3+jMtxRtYmbfgyO+9Rpwup30X0","used NEON.DOC.014050vJ"
"ca1012a1-dd2c-4b2c-bed4-1a5aa3e67934","ORNL_006.basePlot.bet","D07","ORNL","ORNL_006","N","2015-05-26","2015-06-09","2015-06-09","2015-06-10",,"ORNL_006.N.20150609","XUOG9+A5sINkxfsCut298UNmy+dm6OLRI2yPpepQf8o=","invert bycatch",,,,,,,,,,"49LI6M3+jMtxRtYmbfgyO+9Rpwup30X0","used NEON.DOC.014050vJ"
"8cf60a08-1448-4f9c-88f2-6fc53cd9dae6","ORNL_027.basePlot.bet","D07","ORNL","ORNL_027","N","2015-05-26","2015-06-09","2015-06-09","2015-09-22","2015-12-01","ORNL_027.N.20150609","di/gYcSB3uApmotaciILpq6y68Hd7cn/Ztla1rQLwLc=","carabid","DICFUR","Dicaelus furvus","species",,"Dejean",,2,"Lindroth, C. H. 1969. The ground-beetles (Carabidae, excl. Cicindelinae) of Canada and Alaska, parts 1-6. Opuscula E. Entomoligiska Sallskapet.","nAKPQvGWPz3w50pS9SF/Wg/TlEjgxRE8","nAKPQvGWPz3w50pS9SF/Wg/TlEjgxRE8","used NEON.DOC.014050vJ"
"02c08194-5088-43d2-b803-7108ce3c35f4","ORNL_001.basePlot.bet","D07","ORNL","ORNL_001","N","2015-05-26","2015-06-09","2015-06-09","2015-06-10",,"ORNL_001.N.20150609","1iGudFvILglgeKbZLQg1h/3Qxj/Z49QP0FZsD6vxY1I=","invert bycatch",,,,,,,,,,"49LI6M3+jMtxRtYmbfgyO+9Rpwup30X0","used NEON.DOC.014050vJ"
"786e13d6-038a-4efd-8fde-3bd72ca0b8c7","ORNL_004.basePlot.bet","D07","ORNL","ORNL_004","N","2015-05-26","2015-06-09","2015-06-09","2015-06-10",,"ORNL_004.N.20150609","qnVzy9oXbL1fq/bG33F4NPly4o6azuFjjSx1nFkQnrc=","invert bycatch",,,,,,,,,,"49LI6M3+jMtxRtYmbfgyO+9Rpwup30X0","used NEON.DOC.014050vJ"
"9028e616-f06a-4fc8-8a72-e79097dae03e","ORNL_031.basePlot.bet","D07","ORNL","ORNL_031","N","2015-05-26","2015-06-09","2015-06-09","2016-01-22","2016-01-22","ORNL_031.N.20150609","G1V5MttZ4JKdrYPIow3YIxmRtW3x0QsaW3LHPkH4wXo=","carabid","CARSP14","Carabidae sp.","family",,"Latreille","D07.2015.MorphA",6,"Noonan, G. R. 1996. Classification, cladistics and natural history of species of the subgenus Anisodactylus Dejean (Insecta: Coleoptera: Carabidae: Harpalini: Anysoldactylus).","nAKPQvGWPz3w50pS9SF/Wg/TlEjgxRE8","nAKPQvGWPz3w50pS9SF/Wg/TlEjgxRE8","used NEON.DOC.014050vJ. Maybe Anisodactylus (Gynantrotarsus) sp."
"ae238a38-e1e0-4b31-86d0-cd24d12e4d99","ORNL_032.basePlot.bet","D07","ORNL","ORNL_032","N","2015-05-26","2015-06-09","2015-06-09","2015-06-10",,"ORNL_032.N.20150609","DcTblkLRhleTJXUw9utJ+rxXK0fw7Lnv3FoFZ/vocE4=","invert bycatch",,,,,,,,,,"49LI6M3+jMtxRtYmbfgyO+9Rpwup30X0","used NEON.DOC.014050vJ"
"67bf4487-e88a-46b1-93f7-e56c5d9689b0","ORNL_027.basePlot.bet","D07","ORNL","ORNL_027","N","2015-05-26","2015-06-09","2015-06-09","2015-06-10",,"ORNL_027.N.20150609","di/gYcSB3uApmotaciILpgYy4YpWa0KJrQjSD1zCm6A=","invert bycatch",,,,,,,,,,"49LI6M3+jMtxRtYmbfgyO+9Rpwup30X0","used NEON.DOC.014050vJ"
"7247ee75-88f5-44fe-90e7-781564913e64","ORNL_006.basePlot.bet","D07","ORNL","ORNL_006","S","2015-05-26","2015-06-09","2015-06-09","2015-06-10",,"ORNL_006.S.20150609","XUOG9+A5sIPMjfV0P55IMkMMx2m2oNy8LbMpC+hHjGU=","invert bycatch",,,,,,,,,,"49LI6M3+jMtxRtYmbfgyO+9Rpwup30X0","used NEON.DOC.014050vJ"
"f23c61ae-5d03-4617-83d0-add685c42dee","ORNL_032.basePlot.bet","D07","ORNL","ORNL_032","S","2015-05-26","2015-06-09","2015-06-09","2015-06-10",,"ORNL_032.S.20150609","DcTblkLRhldYsz9PzbD5PEiA9ly0Pt9+ppkbBjN0cu4=","invert bycatch",,,,,,,,,,"49LI6M3+jMtxRtYmbfgyO+9Rpwup30X0","used NEON.DOC.014050vJ"
"4f894bbc-9039-407f-be65-4fab300e1850","ORNL_031.basePlot.bet","D07","ORNL","ORNL_031","S","2015-05-26","2015-06-09","2015-06-10","2015-06-10",,"ORNL_031.S.20150609","G1V5MttZ4JKmO1iG0DeUHdyUfW3ZskE/VSOfm03IOpY=","invert bycatch",,,,,,,,,,"49LI6M3+jMtxRtYmbfgyO+9Rpwup30X0","used NEON.DOC.014050vJ"
"e9d9bd4a-7b1d-4022-9275-ec642725a4bd","ORNL_027.basePlot.bet","D07","ORNL","ORNL_027","S","2015-05-26","2015-06-09","2015-06-09","2015-09-22","2015-12-01","ORNL_027.S.20150609","di/gYcSB3uC0rnNXI86D86Jj3s+WZ+1zZKZ3U1DJXuU=","carabid","CYCFUC","Cyclotrachelus fucatus","species",,"Freitag",,1,"Freitag, R. 1969. A revision of the species of the genus Evarthrus LeConte. Quaestiones Entomologicae 5:89-212.","nAKPQvGWPz3w50pS9SF/Wg/TlEjgxRE8","nAKPQvGWPz3w50pS9SF/Wg/TlEjgxRE8","used NEON.DOC.014050vJ"
"17cae01f-a1fd-42cf-9849-a0a1ddfef407","ORNL_027.basePlot.bet","D07","ORNL","ORNL_027","S","2015-05-26","2015-06-09","2015-06-09","2015-09-21","2015-12-01","ORNL_027.S.20150609","di/gYcSB3uC0rnNXI86D81nTPiJmwOFqkpRPR0YFjPA=","carabid","CHLEMA","Chlaenius emarginatus","species",,"Say",,1,"Bell, R. T. 1960. A Revision of the Genus Chlaenius Bonelli (Coleoptera, Carabidae) in North America. Miscellaneous Publications of the Entomological Society of America 1:98-166.","nAKPQvGWPz3w50pS9SF/Wg/TlEjgxRE8","nAKPQvGWPz3w50pS9SF/Wg/TlEjgxRE8","used NEON.DOC.014050vJ"
"f99fedfc-8291-44bf-9f98-86128ab787a0","ORNL_032.basePlot.bet","D07","ORNL","ORNL_032","S","2015-05-26","2015-06-09","2015-06-09","2015-09-21","2015-12-01","ORNL_032.S.20150609","DcTblkLRhldYsz9PzbD5PPuVv/gYOnkyWZSt1ON+CnE=","carabid","CYLUNI","Cylindera unipunctata","species",,"Fabricius",,1,"Willis, H. L. 1968. Artificial key to the species of Cicindela of North America North of Mexico (Coleoptera: Cicindelidae). Journal of the Kansas Entomological Society 41:303-317.","nAKPQvGWPz3w50pS9SF/Wg/TlEjgxRE8","nAKPQvGWPz3w50pS9SF/Wg/TlEjgxRE8","used NEON.DOC.014050vJ"
"6a44069c-ef58-4631-81f4-5624141400d2","ORNL_032.basePlot.bet","D07","ORNL","ORNL_032","S","2015-05-26","2015-06-09","2015-06-09","2015-09-23","2015-12-01","ORNL_032.S.20150609","DcTblkLRhldYsz9PzbD5PEeoXnVmUnOpI5Wrqc/PEHk=","carabid","PTESTY","Pterostichus stygicus","species",,"Say",,1,"Ciegler, J. C. 2000. Ground beetles and wrinkled bark beetles of South Carolina (Coleoptera: Geadephaga: Carabidae and Rhysodidae). Biota of South Carolina. Vol. 1. Clemson, S. Clemson University.","nAKPQvGWPz3w50pS9SF/Wg/TlEjgxRE8","nAKPQvGWPz3w50pS9SF/Wg/TlEjgxRE8","used NEON.DOC.014050vJ"
"021a3e25-1db5-4ceb-90a6-81200e64185c","ORNL_029.basePlot.bet","D07","ORNL","ORNL_029","S","2015-05-26","2015-06-09","2015-06-09","2015-06-10",,"ORNL_029.S.20150609","7LdWMHVTMyTSn9kHqJy/YCAdzjyEK03yQIM1PeZanHw=","invert bycatch",,,,,,,,,,"49LI6M3+jMtxRtYmbfgyO+9Rpwup30X0","used NEON.DOC.014050vJ"
"7b204790-a045-437e-a647-579406ff21b5","ORNL_004.basePlot.bet","D07","ORNL","ORNL_004","S","2015-05-26","2015-06-09","2015-06-09","2015-06-10",,"ORNL_004.S.20150609","qnVzy9oXbL2D+hwQ/H+gH6pOVsnMZuwdfL5GYV89DJw=","invert bycatch",,,,,,,,,,"49LI6M3+jMtxRtYmbfgyO+9Rpwup30X0","used NEON.DOC.014050vJ"
"b7b30076-dca4-459e-bfa3-94247b63f495","ORNL_021.basePlot.bet","D07","ORNL","ORNL_021","S","2015-05-26","2015-06-09","2015-06-09","2015-09-23","2015-12-01","ORNL_021.S.20150609","LlqcsvOjN4DVJW2wc9HXZxF5riW5ESabwq5qaQPCYyw=","carabid","CARSP14","Carabidae sp.","family",,"Latreille","D07.2015.MorphA",1,"Other","nAKPQvGWPz3w50pS9SF/Wg/TlEjgxRE8","nAKPQvGWPz3w50pS9SF/Wg/TlEjgxRE8","used NEON.DOC.014050vJ. Maybe Anisodactylus (Gynandrotarsus) sp."
"a01b1f76-ee95-4d0a-a1ff-f7ade359d850","ORNL_027.basePlot.bet","D07","ORNL","ORNL_027","S","2015-05-26","2015-06-09","2015-06-09","2015-06-10",,"ORNL_027.S.20150609","di/gYcSB3uC0rnNXI86D84UXiDVJsdcp9FwLpJA2vsc=","invert bycatch",,,,,,,,,,"49LI6M3+jMtxRtYmbfgyO+9Rpwup30X0","used NEON.DOC.014050vJ"
"62c1c6aa-f6e3-4618-967c-98c9be5f25e8","ORNL_027.basePlot.bet","D07","ORNL","ORNL_027","S","2015-05-26","2015-06-09","2015-06-09","2015-09-21","2015-12-01","ORNL_027.S.20150609","di/gYcSB3uC0rnNXI86D87TnHv3a9QZi/EZD8nkAE2A=","carabid","PASPUN","Pasimachus punctulatus","species",,"Haldeman",,1,"Purrington, F., and C. J. Drake. 2005. A key to adult Nearctic Pasimachus (Pasimachus) Bonelli (Coleoptera: Carabidae: Scaritini), with comments on their functional mouthpart morphology. Entomological News 116:253-262.","nAKPQvGWPz3w50pS9SF/Wg/TlEjgxRE8","nAKPQvGWPz3w50pS9SF/Wg/TlEjgxRE8","used NEON.DOC.014050vJ"
"6e1851e7-3d82-4096-8097-be6df8651540","ORNL_027.basePlot.bet","D07","ORNL","ORNL_027","S","2015-05-26","2015-06-09","2015-06-09","2015-09-21","2015-12-01","ORNL_027.S.20150609","di/gYcSB3uC0rnNXI86D8/YCLAoaGsCVvkaNIt7moSA=","carabid","SCAUNI1","Scaphinotus unicolor","species",,"Fabricius",,1,"Evans, A. V. 2014. Beetles of Eastern North America. 1st Ed. Princeton University Press, Princeton, NJ.","nAKPQvGWPz3w50pS9SF/Wg/TlEjgxRE8","nAKPQvGWPz3w50pS9SF/Wg/TlEjgxRE8","used NEON.DOC.014050vJ"
"a99290cf-5136-4919-9384-fd062755d0ca","ORNL_031.basePlot.bet","D07","ORNL","ORNL_031","S","2015-05-26","2015-06-09","2015-06-09","2015-09-21","2015-12-01","ORNL_031.S.20150609","G1V5MttZ4JKmO1iG0DeUHU9w3NvKQLRnEw3VOzqTKw4=","carabid","SCASUB2","Scarites subterraneus","species",,"Fabricius",,1,"Ciegler, J. C. 2000. Ground beetles and wrinkled bark beetles of South Carolina (Coleoptera: Geadephaga: Carabidae and Rhysodidae). Biota of South Carolina. Vol. 1. Clemson, S. Clemson University.","nAKPQvGWPz3w50pS9SF/Wg/TlEjgxRE8","nAKPQvGWPz3w50pS9SF/Wg/TlEjgxRE8","used NEON.DOC.014050vJ"
"3a79b336-ccad-4b7b-961d-23ff498795d3","ORNL_021.basePlot.bet","D07","ORNL","ORNL_021","S","2015-05-26","2015-06-09","2015-06-09","2015-09-23","2015-12-01","ORNL_021.S.20150609","LlqcsvOjN4DVJW2wc9HXZxF5riW5ESabDAR1SGKdLfU=","carabid","CARSP14","Carabidae sp.","family",,"Latreille","D07.2015.MorphD",1,"Other","nAKPQvGWPz3w50pS9SF/Wg/TlEjgxRE8","nAKPQvGWPz3w50pS9SF/Wg/TlEjgxRE8","used NEON.DOC.014050vJ. Maybe Harpalus sp."
"e3bf9432-1d13-4ff0-9ad6-aafaaff6e208","ORNL_001.basePlot.bet","D07","ORNL","ORNL_001","S","2015-05-26","2015-06-09","2015-06-09","2015-06-10",,"ORNL_001.S.20150609","1iGudFvILgngJuxHDJ5BOLzUQhharMTBStXLypKE+kc=","invert bycatch",,,,,,,,,,"49LI6M3+jMtxRtYmbfgyO+9Rpwup30X0","used NEON.DOC.014050vJ"
"2a4bcd47-5825-4bd3-8be4-06eb8867459f","ORNL_006.basePlot.bet","D07","ORNL","ORNL_006","W","2015-05-26","2015-06-09","2015-06-09","2015-06-10",,"ORNL_006.W.20150609","XUOG9+A5sIMTh2evIq8XOCLioLBooUGwgLzBTOckTpc=","invert bycatch",,,,,,,,,,"49LI6M3+jMtxRtYmbfgyO+9Rpwup30X0","used NEON.DOC.014050vJ"
"2e2481ce-870a-434b-9be6-3d2e10df7ddb","ORNL_001.basePlot.bet","D07","ORNL","ORNL_001","W","2015-05-26","2015-06-09","2015-06-09","2015-06-10",,"ORNL_001.W.20150609","1iGudFvILgkoVjAGMEE7x39K6aLObqLAsvJQwbY3Iyc=","invert bycatch",,,,,,,,,,"49LI6M3+jMtxRtYmbfgyO+9Rpwup30X0","used NEON.DOC.014050vJ"
"7665bf8c-db14-4f38-bdcc-3f54bec5ee24","ORNL_021.basePlot.bet","D07","ORNL","ORNL_021","W","2015-05-26","2015-06-09","2015-06-09","2015-09-23","2015-12-01","ORNL_021.W.20150609","LlqcsvOjN4Cc/5J6hIcxZKxOObdz7Nbv43A0Ij+86wY=","carabid","CARSP14","Carabidae sp.","family",,"Latreille","D07.2015.MorphB",1,"Other","nAKPQvGWPz3w50pS9SF/Wg/TlEjgxRE8","nAKPQvGWPz3w50pS9SF/Wg/TlEjgxRE8","used NEON.DOC.014050vJ. Maybe Anisodactylus (Anisodactylus) sp."
"db77bf34-6c40-4fe5-baeb-f12e61c07422","ORNL_027.basePlot.bet","D07","ORNL","ORNL_027","W","2015-05-26","2015-06-09","2015-06-09","2015-09-21","2015-12-01","ORNL_027.W.20150609","di/gYcSB3uAZjZtXyGfB78rHh5RFAgIi5ndPjYbRRy4=","carabid","SCAUNI1","Scaphinotus unicolor","species",,"Fabricius",,1,"Evans, A. V. 2014. Beetles of Eastern North America. 1st Ed. Princeton University Press, Princeton, NJ.","nAKPQvGWPz3w50pS9SF/Wg/TlEjgxRE8","nAKPQvGWPz3w50pS9SF/Wg/TlEjgxRE8","used NEON.DOC.014050vJ"
"7a8920a5-de41-4c37-85c9-0860dfafada1","ORNL_027.basePlot.bet","D07","ORNL","ORNL_027","W","2015-05-26","2015-06-09","2015-06-09","2015-06-10",,"ORNL_027.W.20150609","di/gYcSB3uAZjZtXyGfB7zFvEljR/vaUHXSDQBZBhvw=","invert bycatch",,,,,,,,,,"49LI6M3+jMtxRtYmbfgyO+9Rpwup30X0","used NEON.DOC.014050vJ"
"6f54259e-4d8b-42bc-8117-455ae371cb53","ORNL_006.basePlot.bet","D07","ORNL","ORNL_006","W","2015-05-26","2015-06-09","2015-06-09","2016-01-22","2016-01-22","ORNL_006.W.20150609","XUOG9+A5sIMTh2evIq8XOFNZ/+FBmMfnrRtfH/V16d8=","carabid","CYCFUC","Cyclotrachelus fucatus","species","cf. species","Freitag",,4,"Freitag, R. 1969. A revision of the species of the genus Evarthrus LeConte. Quaestiones Entomologicae 5:89-212.","nAKPQvGWPz3w50pS9SF/Wg/TlEjgxRE8","nAKPQvGWPz3w50pS9SF/Wg/TlEjgxRE8","used NEON.DOC.014050vJ"
"31d7f7f3-e366-4717-b9d6-658ee3349b6c","ORNL_031.basePlot.bet","D07","ORNL","ORNL_031","W","2015-05-26","2015-06-09","2015-06-09","2015-09-21","2015-12-01","ORNL_031.W.20150609","G1V5MttZ4JI18bMFJvz7ZrLXHR4dKL6Dr3Mil2ZXjOA=","carabid","SCASUB2","Scarites subterraneus","species",,"Fabricius",,1,"Ciegler, J. C. 2000. Ground beetles and wrinkled bark beetles of South Carolina (Coleoptera: Geadephaga: Carabidae and Rhysodidae). Biota of South Carolina. Vol. 1. Clemson, S. Clemson University.","nAKPQvGWPz3w50pS9SF/Wg/TlEjgxRE8","nAKPQvGWPz3w50pS9SF/Wg/TlEjgxRE8","used NEON.DOC.014050vJ"
"e789f2ba-8261-4a2f-8b83-23a9b930ff1d","ORNL_031.basePlot.bet","D07","ORNL","ORNL_031","W","2015-05-26","2015-06-09","2015-06-09","2016-01-22","2016-01-22","ORNL_031.W.20150609","G1V5MttZ4JI18bMFJvz7ZoZ1L10U5z8V5KEi71T7nnQ=","carabid","CARSP14","Carabidae sp.","family",,"Latreille","D07.2015.MorphA",6,"Noonan, G. R. 1996. Classification, cladistics and natural history of species of the subgenus Anisodactylus Dejean (Insecta: Coleoptera: Carabidae: Harpalini: Anysoldactylus).","nAKPQvGWPz3w50pS9SF/Wg/TlEjgxRE8","nAKPQvGWPz3w50pS9SF/Wg/TlEjgxRE8","used NEON.DOC.014050vJ. Maybe Anisodactylus (Gynantrotarsus) sp."
"64de1577-d5eb-4149-a0ef-bd1b28745243","ORNL_031.basePlot.bet","D07","ORNL","ORNL_031","W","2015-05-26","2015-06-09","2015-06-10","2015-06-10",,"ORNL_031.W.20150609","G1V5MttZ4JI18bMFJvz7ZqE3LcxsuN3hSMiXs8f5vbg=","invert bycatch",,,,,,,,,,"49LI6M3+jMtxRtYmbfgyO+9Rpwup30X0","used NEON.DOC.014050vJ"
"e35ad21b-0245-4926-8571-6afebe753b09","ORNL_032.basePlot.bet","D07","ORNL","ORNL_032","W","2015-05-26","2015-06-09","2015-06-09","2015-06-10",,"ORNL_032.W.20150609","DcTblkLRhlfJN+zoutMQxYOfflnsjVLN4nxNksua2Sg=","invert bycatch",,,,,,,,,,"49LI6M3+jMtxRtYmbfgyO+9Rpwup30X0","used NEON.DOC.014050vJ"
"8e267e28-2a37-45e7-aac2-57745f99aaee","ORNL_027.basePlot.bet","D07","ORNL","ORNL_027","W","2015-05-26","2015-06-09","2015-06-09","2016-01-22","2016-01-22","ORNL_027.W.20150609","di/gYcSB3uAZjZtXyGfB79Q3AWnWGU+Obfbf8sqGqzk=","carabid","CYCFUC","Cyclotrachelus fucatus","species","cf. species","Freitag",,1,"Freitag, R. 1969. A revision of the species of the genus Evarthrus LeConte. Quaestiones Entomologicae 5:89-212.","nAKPQvGWPz3w50pS9SF/Wg/TlEjgxRE8","nAKPQvGWPz3w50pS9SF/Wg/TlEjgxRE8","used NEON.DOC.014050vJ"
"1595b14d-070c-433e-9077-e7330f0ce639","ORNL_001.basePlot.bet","D07","ORNL","ORNL_001","W","2015-05-26","2015-06-09","2015-06-09","2015-09-21","2015-12-01","ORNL_001.W.20150609","1iGudFvILgkoVjAGMEE7xzOOg9XTkAX74tiX2gTCV4Y=","carabid","CHLEMA","Chlaenius emarginatus","species",,"Say",,1,"Bell, R. T. 1960. A Revision of the Genus Chlaenius Bonelli (Coleoptera, Carabidae) in North America. Miscellaneous Publications of the Entomological Society of America 1:98-166.","nAKPQvGWPz3w50pS9SF/Wg/TlEjgxRE8","nAKPQvGWPz3w50pS9SF/Wg/TlEjgxRE8","used NEON.DOC.014050vJ"
"33752d1e-b2f0-4c8d-be1e-c76a762c54c7","ORNL_004.basePlot.bet","D07","ORNL","ORNL_004","W","2015-05-26","2015-06-09","2015-06-09","2015-06-10",,"ORNL_004.W.20150609","qnVzy9oXbL323S6aNCEDm2IjtkDJYKOd3/rQiDiSkno=","invert bycatch",,,,,,,,,,"49LI6M3+jMtxRtYmbfgyO+9Rpwup30X0","used NEON.DOC.014050vJ"
"bbe5e957-bb59-425e-8821-f85db961e363","ORNL_006.basePlot.bet","D07","ORNL","ORNL_006","E","2015-05-26","2015-06-09","2015-06-09","2015-09-22","2015-12-01","ORNL_006.E.20150609","XUOG9+A5sINoJKEYMg8kZ4lmBKMQC2GplvT3mpfuJIQ=","carabid","CYCFUC","Cyclotrachelus fucatus","species",,"Freitag",,1,"Freitag, R. 1969. A revision of the species of the genus Evarthrus LeConte. Quaestiones Entomologicae 5:89-212.","nAKPQvGWPz3w50pS9SF/Wg/TlEjgxRE8","nAKPQvGWPz3w50pS9SF/Wg/TlEjgxRE8","used NEON.DOC.014050vJ"
"b18b41da-4ab7-40fc-880a-f7e5cbf35772","ORNL_004.basePlot.bet","D07","ORNL","ORNL_004","E","2015-06-09","2015-06-23","2015-06-23","2015-06-24",,"ORNL_004.E.20150623","qnVzy9oXbL0C/rzwCPMQsC5Ot+qHrT0VKfTe2F2nnvk=","invert bycatch",,,,,,,,,,"49LI6M3+jMtxRtYmbfgyO+9Rpwup30X0","used NEON.DOC.014050vJ"
"a220f90f-bee8-41d3-b46f-82f4e365ee8a","ORNL_027.basePlot.bet","D07","ORNL","ORNL_027","E","2015-06-09","2015-06-23","2015-06-23","2015-06-24",,"ORNL_027.E.20150623","di/gYcSB3uCH6HDnbGh9ZsdZuoyRSquuyOZkcPRh2RI=","invert bycatch",,,,,,,,,,"49LI6M3+jMtxRtYmbfgyO+9Rpwup30X0","used NEON.DOC.014050vJ"
"f723f162-a052-4d08-8e89-20a06e50b773","ORNL_006.basePlot.bet","D07","ORNL","ORNL_006","E","2015-06-09","2015-06-23","2015-06-23","2015-06-24",,"ORNL_006.E.20150623","XUOG9+A5sINoJKEYMg8kZ444q6o0J1uGOdGdEjC1CEI=","invert bycatch",,,,,,,,,,"49LI6M3+jMtxRtYmbfgyO+9Rpwup30X0","used NEON.DOC.014050vJ"
"cf48acfb-d2c9-4fe9-aa17-2c529a238628","ORNL_027.basePlot.bet","D07","ORNL","ORNL_027","E","2015-06-09","2015-06-23","2015-06-23","2016-01-22","2016-01-22","ORNL_027.E.20150623","di/gYcSB3uCH6HDnbGh9Zn3kJ5sOsNSN4/NIAvQ710s=","carabid","PTESTY","Pterostichus stygicus","species","cf. species","Say",,1,"Ciegler, J. C. 2000. Ground beetles and wrinkled bark beetles of South Carolina (Coleoptera: Geadephaga: Carabidae and Rhysodidae). Biota of South Carolina. Vol. 1. Clemson, S. Clemson University.","nAKPQvGWPz3w50pS9SF/Wg/TlEjgxRE8","nAKPQvGWPz3w50pS9SF/Wg/TlEjgxRE8","used NEON.DOC.014050vJ"
"b4dd0768-1fc4-41b2-931a-3a7049b4f899","ORNL_027.basePlot.bet","D07","ORNL","ORNL_027","E","2015-06-09","2015-06-23","2015-06-23","2015-09-21","2015-12-01","ORNL_027.E.20150623","di/gYcSB3uCH6HDnbGh9ZjI/le95hid6nch5/Gz5tZc=","carabid","GALBIC","Galerita bicolor","species",,"Drury",,1,"Ciegler, J. C. 2000. Ground beetles and wrinkled bark beetles of South Carolina (Coleoptera: Geadephaga: Carabidae and Rhysodidae). Biota of South Carolina. Vol. 1. Clemson, S. Clemson University.","nAKPQvGWPz3w50pS9SF/Wg/TlEjgxRE8","nAKPQvGWPz3w50pS9SF/Wg/TlEjgxRE8","used NEON.DOC.014050vJ"
"250257ad-9491-4e50-b6c2-f7d7e0203564","ORNL_032.basePlot.bet","D07","ORNL","ORNL_032","E","2015-06-09","2015-06-23","2015-06-23","2015-06-24",,"ORNL_032.E.20150623","DcTblkLRhld2mqbXQCIxpaOEXKy2YPdKyliRtyniWKY=","invert bycatch",,,,,,,,,,"49LI6M3+jMtxRtYmbfgyO+9Rpwup30X0","used NEON.DOC.014050vJ"
"f9c6c84f-a4ac-432e-af29-96f1cd1ac1dd","ORNL_021.basePlot.bet","D07","ORNL","ORNL_021","E","2015-06-09","2015-06-23","2015-06-23","2016-01-22","2016-01-22","ORNL_021.E.20150623","LlqcsvOjN4AKh2eXWBoiF+y+bkq2kxxqljq3nd//+Ag=","carabid","CARSP14","Carabidae sp.","family",,"Latreille","D07.2015.MorphA",3,"Noonan, G. R. 1996. Classification, cladistics and natural history of species of the subgenus Anisodactylus Dejean (Insecta: Coleoptera: Carabidae: Harpalini: Anysoldactylus).","nAKPQvGWPz3w50pS9SF/Wg/TlEjgxRE8","nAKPQvGWPz3w50pS9SF/Wg/TlEjgxRE8","used NEON.DOC.014050vJ. Maybe Anisodactylus (Gynandrotarsus) sp."
"c1caeb78-a31b-4765-b889-e7a6fdcb7dfe","ORNL_031.basePlot.bet","D07","ORNL","ORNL_031","E","2015-06-09","2015-06-23","2015-06-23","2015-09-23","2015-12-01","ORNL_031.E.20150623","G1V5MttZ4JKiz4rd8C+YpBAe3Gp4nw9pQJeCT4v6zG0=","carabid","CARSP14","Carabidae sp.","family",,"Latreille","D07.2015.MorphC",2,"Other","nAKPQvGWPz3w50pS9SF/Wg/TlEjgxRE8","nAKPQvGWPz3w50pS9SF/Wg/TlEjgxRE8","used NEON.DOC.014050vJ. Maybe Harpalus (Pseudoophonus) sp."
"b1873420-c02e-479d-92ec-9cd47b377351","ORNL_001.basePlot.bet","D07","ORNL","ORNL_001","E","2015-06-09","2015-06-23","2015-06-23","2015-06-24",,"ORNL_001.E.20150623","1iGudFvILgm0UcmM/Z77UXtgWMcZ5XIh95oHxepWiL8=","invert bycatch",,,,,,,,,,"nAKPQvGWPz3w50pS9SF/Wg/TlEjgxRE8","used NEON.DOC.014050vJ"
"ae6d31bb-e6af-42e9-9042-78d2508de9b7","ORNL_001.basePlot.bet","D07","ORNL","ORNL_001","E","2015-06-09","2015-06-23","2015-06-23","2015-09-21","2015-12-01","ORNL_001.E.20150623","1iGudFvILgm0UcmM/Z77UbrwQFAYhTDzC9W61BjCKi4=","carabid","PASPUN","Pasimachus punctulatus","species",,"Haldeman",,1,"Purrington, F., and C. J. Drake. 2005. A key to adult Nearctic Pasimachus (Pasimachus) Bonelli (Coleoptera: Carabidae: Scaritini), with comments on their functional mouthpart morphology. Entomological News 116:253-262.","nAKPQvGWPz3w50pS9SF/Wg/TlEjgxRE8","nAKPQvGWPz3w50pS9SF/Wg/TlEjgxRE8","used NEON.DOC.014050vJ"
"ff6c6ee5-9e0e-4634-8573-2355e56332e1","ORNL_002.basePlot.bet","D07","ORNL","ORNL_002","E","2015-06-09","2015-06-23","2015-06-23","2015-06-24",,"ORNL_002.E.20150623","FcwZvbWDjdh2nEV81XXsFN2ZdIISZAodj/aMc7WE9DM=","invert bycatch",,,,,,,,,,"49LI6M3+jMtxRtYmbfgyO+9Rpwup30X0","used NEON.DOC.014050vJ"
"68500671-4748-4e35-84cc-8c5757f4fb14","ORNL_002.basePlot.bet","D07","ORNL","ORNL_002","E","2015-06-09","2015-06-23","2015-06-23","2015-09-22","2015-12-01","ORNL_002.E.20150623","FcwZvbWDjdh2nEV81XXsFLDCMJbIjhD+7T/8cMYK1w4=","carabid","DICPOL","Dicaelus politus","species",,"Dejean",,1,"Lindroth, C. H. 1969. The ground-beetles (Carabidae, excl. Cicindelinae) of Canada and Alaska, parts 1-6. Opuscula E. Entomoligiska Sallskapet.","nAKPQvGWPz3w50pS9SF/Wg/TlEjgxRE8","nAKPQvGWPz3w50pS9SF/Wg/TlEjgxRE8","used NEON.DOC.014050vJ"
"517957b4-6274-4e59-91ea-6124ef1739fc","ORNL_031.basePlot.bet","D07","ORNL","ORNL_031","E","2015-06-09","2015-06-23","2015-06-23","2015-06-24",,"ORNL_031.E.20150623","G1V5MttZ4JKiz4rd8C+YpG/bTFIyZERO0TiMCadsYRk=","invert bycatch",,,,,,,,,,"49LI6M3+jMtxRtYmbfgyO+9Rpwup30X0","used NEON.DOC.014050vJ"
"ec7949f3-8cb3-4a19-9908-6324e3ff5336","ORNL_021.basePlot.bet","D07","ORNL","ORNL_021","E","2015-06-09","2015-06-23","2015-06-23","2015-06-24",,"ORNL_021.E.20150623","LlqcsvOjN4AKh2eXWBoiFxx7K2a2rK6RKZenoxf/pxE=","invert bycatch",,,,,,,,,,"49LI6M3+jMtxRtYmbfgyO+9Rpwup30X0","used NEON.DOC.014050vJ"
"48983289-0dc3-4121-878c-71d514715481","ORNL_006.basePlot.bet","D07","ORNL","ORNL_006","E","2015-06-09","2015-06-23","2015-06-23","2015-09-22","2015-12-01","ORNL_006.E.20150623","XUOG9+A5sINoJKEYMg8kZ7mlQkBpHD0AJHbHwT+x2Gk=","carabid","CYCFUC","Cyclotrachelus fucatus","species",,"Freitag",,1,"Freitag, R. 1969. A revision of the species of the genus Evarthrus LeConte. Quaestiones Entomologicae 5:89-212.","nAKPQvGWPz3w50pS9SF/Wg/TlEjgxRE8","nAKPQvGWPz3w50pS9SF/Wg/TlEjgxRE8","used NEON.DOC.014050vJ"
"dfa1d710-9e66-46e5-a83c-a0949e443b5c","ORNL_029.basePlot.bet","D07","ORNL","ORNL_029","E","2015-06-09","2015-06-23","2015-06-23","2015-06-24",,"ORNL_029.E.20150623","7LdWMHVTMyTdaBnXK/xnvCl9+FCJhOW4Tl8KHfjrNNI=","invert bycatch",,,,,,,,,,"49LI6M3+jMtxRtYmbfgyO+9Rpwup30X0","used NEON.DOC.014050vJ"
"c90bf624-5b3b-439e-8a80-7176d55d296b","ORNL_027.basePlot.bet","D07","ORNL","ORNL_027","E","2015-06-09","2015-06-23","2015-06-23","2015-09-21","2015-12-01","ORNL_027.E.20150623","di/gYcSB3uCH6HDnbGh9ZpYFvh+ENHMaIlNly/k1MtQ=","carabid","SCAUNI1","Scaphinotus unicolor","species",,"Fabricius",,1,"Evans, A. V. 2014. Beetles of Eastern North America. 1st Ed. Princeton University Press, Princeton, NJ.","nAKPQvGWPz3w50pS9SF/Wg/TlEjgxRE8","nAKPQvGWPz3w50pS9SF/Wg/TlEjgxRE8","used NEON.DOC.014050vJ"
"15613cb6-7597-4e32-8d10-13a744274173","ORNL_031.basePlot.bet","D07","ORNL","ORNL_031","N","2015-06-09","2015-06-23","2015-06-23","2015-06-24",,"ORNL_031.N.20150623","G1V5MttZ4JKdrYPIow3YI29WOKd7iTM+dKeEDZClyx4=","invert bycatch",,,,,,,,,,"49LI6M3+jMtxRtYmbfgyO+9Rpwup30X0","used NEON.DOC.014050vJ|used NEON.DOC.014050vJ"
"17f94356-2756-42f5-8423-0cd3cd382149","ORNL_002.basePlot.bet","D07","ORNL","ORNL_002","N","2015-06-09","2015-06-23","2015-06-23","2015-09-21","2015-12-01","ORNL_002.N.20150623","FcwZvbWDjdhVJ2nKBeEZ8WFfmZVNu5y5Yhvu7krv3rU=","carabid","CHLEMA","Chlaenius emarginatus","species",,"Say",,1,"Bell, R. T. 1960. A Revision of the Genus Chlaenius Bonelli (Coleoptera, Carabidae) in North America. Miscellaneous Publications of the Entomological Society of America 1:98-166.","nAKPQvGWPz3w50pS9SF/Wg/TlEjgxRE8","nAKPQvGWPz3w50pS9SF/Wg/TlEjgxRE8","used NEON.DOC.014050vJ"
"e163046f-1a0a-410a-9417-1925a5efdf56","ORNL_021.basePlot.bet","D07","ORNL","ORNL_021","N","2015-06-09","2015-06-23","2015-06-23","2015-09-23","2015-12-01","ORNL_021.N.20150623","LlqcsvOjN4CmMo1s5MYzmUdw/kzWeq8M0FeqpsBKlsI=","carabid","CARSP14","Carabidae sp.","family",,"Latreille","D07.2015.MorphA",1,"Other","nAKPQvGWPz3w50pS9SF/Wg/TlEjgxRE8","nAKPQvGWPz3w50pS9SF/Wg/TlEjgxRE8","used NEON.DOC.014050vJ. Maybe Anisodactylus (Gynandrotarsus) sp."
"5fe7d1f3-20c0-42af-b0dc-32ccaf39d25d","ORNL_002.basePlot.bet","D07","ORNL","ORNL_002","N","2015-06-09","2015-06-23","2015-06-23","2015-09-21","2015-12-01","ORNL_002.N.20150623","FcwZvbWDjdhVJ2nKBeEZ8aEVf5sW6u6DsOv8LpP4LhU=","carabid","GALBIC","Galerita bicolor","species",,"Drury",,1,"Ciegler, J. C. 2000. Ground beetles and wrinkled bark beetles of South Carolina (Coleoptera: Geadephaga: Carabidae and Rhysodidae). Biota of South Carolina. Vol. 1. Clemson, S. Clemson University.","nAKPQvGWPz3w50pS9SF/Wg/TlEjgxRE8","nAKPQvGWPz3w50pS9SF/Wg/TlEjgxRE8","used NEON.DOC.014050vJ"
"f25d0d21-fc5f-47f6-8d72-04b8e0c29eb9","ORNL_021.basePlot.bet","D07","ORNL","ORNL_021","N","2015-06-09","2015-06-23","2015-06-23","2015-06-24",,"ORNL_021.N.20150623","LlqcsvOjN4CmMo1s5MYzmaRVnJnS2rPvOfd8zBbLUHI=","invert bycatch",,,,,,,,,,"49LI6M3+jMtxRtYmbfgyO+9Rpwup30X0","used NEON.DOC.014050vJ"
"87c820dd-4192-4bb9-986b-db53d9473065","ORNL_027.basePlot.bet","D07","ORNL","ORNL_027","N","2015-06-09","2015-06-23","2015-06-23","2015-06-24",,"ORNL_027.N.20150623","di/gYcSB3uApmotaciILpm2OHEEhDxJkctOIB7MxAU0=","invert bycatch",,,,,,,,,,"49LI6M3+jMtxRtYmbfgyO+9Rpwup30X0","used NEON.DOC.014050vJ"
"df86c4ac-7c52-485d-9a33-2c48cc91560a","ORNL_029.basePlot.bet","D07","ORNL","ORNL_029","N","2015-06-09","2015-06-23","2015-06-23","2015-06-24",,"ORNL_029.N.20150623","7LdWMHVTMyT+o9aAhmfQiMJACzbTwYSH/S41AQR+wT0=","invert bycatch",,,,,,,,,,"49LI6M3+jMtxRtYmbfgyO+9Rpwup30X0","used NEON.DOC.014050vJ"
"e64f4c81-fbb5-4f90-b9a1-f1ac231f6f9b","ORNL_002.basePlot.bet","D07","ORNL","ORNL_002","N","2015-06-09","2015-06-23","2015-06-23","2015-09-21","2015-12-01","ORNL_002.N.20150623","FcwZvbWDjdhVJ2nKBeEZ8WuMqNMU78d750ItXMHG4mg=","carabid","SPHSTE1","Sphaeroderus stenostomus lecontei","subspecies",,"Dejean",,1,"Evans, A. V. 2014. Beetles of Eastern North America. 1st Ed. Princeton University Press, Princeton, NJ.","nAKPQvGWPz3w50pS9SF/Wg/TlEjgxRE8","nAKPQvGWPz3w50pS9SF/Wg/TlEjgxRE8","used NEON.DOC.014050vJ"
"4ffd42ad-52d1-47dd-8069-6bf46b5c5aaa","ORNL_027.basePlot.bet","D07","ORNL","ORNL_027","N","2015-06-09","2015-06-23","2015-06-23","2015-09-23","2015-12-01","ORNL_027.N.20150623","di/gYcSB3uApmotaciILpjqL+hLrastahculs3B7GuY=","carabid","PTESTY","Pterostichus stygicus","species",,"Say",,1,"Ciegler, J. C. 2000. Ground beetles and wrinkled bark beetles of South Carolina (Coleoptera: Geadephaga: Carabidae and Rhysodidae). Biota of South Carolina. Vol. 1. Clemson, S. Clemson University.","nAKPQvGWPz3w50pS9SF/Wg/TlEjgxRE8","nAKPQvGWPz3w50pS9SF/Wg/TlEjgxRE8","used NEON.DOC.014050vJ"
"24087f35-ab32-4bcd-a9c6-927e9ef60c57","ORNL_031.basePlot.bet","D07","ORNL","ORNL_031","N","2015-06-09","2015-06-23","2015-06-23","2015-09-23","2015-12-01","ORNL_031.N.20150623","G1V5MttZ4JKdrYPIow3YI7U5XqtqkUWSRcpYGJ477XA=","carabid","CARSP14","Carabidae sp.","family",,"Latreille","D07.2015.MorphA",1,"Other","nAKPQvGWPz3w50pS9SF/Wg/TlEjgxRE8","nAKPQvGWPz3w50pS9SF/Wg/TlEjgxRE8","used NEON.DOC.014050vJ. Maybe Anisodactylus (Gynandrotarsus) sp."
"ec95a848-c65c-4203-9830-6e21a1f95db0","ORNL_006.basePlot.bet","D07","ORNL","ORNL_006","N","2015-06-09","2015-06-23","2015-06-23","2015-06-24",,"ORNL_006.N.20150623","XUOG9+A5sINkxfsCut298Qh47VphTthj9d2XAnQCfpE=","invert bycatch",,,,,,,,,,"49LI6M3+jMtxRtYmbfgyO+9Rpwup30X0","used NEON.DOC.014050vJ"
"6db8a10a-d300-45a7-8e70-cf67db19b725","ORNL_002.basePlot.bet","D07","ORNL","ORNL_002","N","2015-06-09","2015-06-23","2015-06-23","2015-09-21","2015-12-01","ORNL_002.N.20150623","FcwZvbWDjdhVJ2nKBeEZ8S6ZfMQmq36mby4TASRDWYU=","carabid","CHLAMO","Chlaenius amoenus","species","cf. species","Dejean",,1,"Bell, R. T. 1960. A Revision of the Genus Chlaenius Bonelli (Coleoptera, Carabidae) in North America. Miscellaneous Publications of the Entomological Society of America 1:98-166.","nAKPQvGWPz3w50pS9SF/Wg/TlEjgxRE8","nAKPQvGWPz3w50pS9SF/Wg/TlEjgxRE8","used NEON.DOC.014050vJ"
"364e79ec-6e1d-4fda-a9c4-9f9595fadd64","ORNL_002.basePlot.bet","D07","ORNL","ORNL_002","N","2015-06-09","2015-06-23","2015-06-23","2015-09-23","2015-12-01","ORNL_002.N.20150623","FcwZvbWDjdhVJ2nKBeEZ8ZB8jyJ8yeeJaDJ1lbzmXlw=","carabid","CARSP14","Carabidae sp.","family",,"Latreille","D07.2015.MorphC",1,"Other","nAKPQvGWPz3w50pS9SF/Wg/TlEjgxRE8","nAKPQvGWPz3w50pS9SF/Wg/TlEjgxRE8","used NEON.DOC.014050vJ. Maybe Harpalus (Pseudoophonus) sp."
"0752badf-b7aa-413e-b74b-03441aeb07eb","ORNL_002.basePlot.bet","D07","ORNL","ORNL_002","N","2015-06-09","2015-06-23","2015-06-23","2015-06-24",,"ORNL_002.N.20150623","FcwZvbWDjdhVJ2nKBeEZ8XNB0EVHFmXN5izmdQpf7z0=","invert bycatch",,,,,,,,,,"49LI6M3+jMtxRtYmbfgyO+9Rpwup30X0","used NEON.DOC.014050vJ"
"33c8fd5c-03eb-4bce-b7b7-b353e4467013","ORNL_004.basePlot.bet","D07","ORNL","ORNL_004","N","2015-06-09","2015-06-23","2015-06-23","2015-06-24",,"ORNL_004.N.20150623","qnVzy9oXbL1fq/bG33F4NABNcFL6C7VssxpmfnTig7M=","invert bycatch",,,,,,,,,,"49LI6M3+jMtxRtYmbfgyO+9Rpwup30X0","used NEON.DOC.014050vJ"
"d3c2b6c2-258d-4fb5-8cae-397818cd0cc2","ORNL_001.basePlot.bet","D07","ORNL","ORNL_001","N","2015-06-09","2015-06-23","2015-06-23","2015-06-24",,"ORNL_001.N.20150623","1iGudFvILglgeKbZLQg1h866BaNxZoRq7akXnqFYbi4=","invert bycatch",,,,,,,,,,"nAKPQvGWPz3w50pS9SF/Wg/TlEjgxRE8","used NEON.DOC.014050vJ"
"0f4cba03-0316-4236-85d1-01ca1191a1b3","ORNL_029.basePlot.bet","D07","ORNL","ORNL_029","N","2015-06-09","2015-06-23","2015-06-23","2015-09-22","2015-12-01","ORNL_029.N.20150623","7LdWMHVTMyT+o9aAhmfQiIYbOxoz00FZMB7Z7J/gebE=","carabid","DICPUR4","Dicaelus purpuratus","species",,"Bonelli",,1,"Evans, A. V. 2014. Beetles of Eastern North America. 1st Ed. Princeton University Press, Princeton, NJ.","nAKPQvGWPz3w50pS9SF/Wg/TlEjgxRE8","nAKPQvGWPz3w50pS9SF/Wg/TlEjgxRE8","used NEON.DOC.014050vJ"
"3f301339-df2c-48bb-bb1c-208d4d078a37","ORNL_032.basePlot.bet","D07","ORNL","ORNL_032","N","2015-06-09","2015-06-23","2015-06-23","2015-06-24",,"ORNL_032.N.20150623","DcTblkLRhleTJXUw9utJ+sqv7W0YumvEPuvPkMz3bDs=","invert bycatch",,,,,,,,,,"49LI6M3+jMtxRtYmbfgyO+9Rpwup30X0","used NEON.DOC.014050vJ"
"df574ec6-5f7d-4ccb-88b6-d1dca6f7af8c","ORNL_029.basePlot.bet","D07","ORNL","ORNL_029","S","2015-06-09","2015-06-23","2015-06-23","2015-06-24",,"ORNL_029.S.20150623","7LdWMHVTMyTSn9kHqJy/YFPv0Ywor8vPha02ZFrqe8I=","invert bycatch",,,,,,,,,,"49LI6M3+jMtxRtYmbfgyO+9Rpwup30X0","used NEON.DOC.014050vJ"
"a51b8ed6-1943-4c23-b3c8-bc1c3f37272c","ORNL_006.basePlot.bet","D07","ORNL","ORNL_006","S","2015-06-09","2015-06-23","2015-06-23","2015-09-23","2015-12-01","ORNL_006.S.20150623","XUOG9+A5sIPMjfV0P55IMq/YzhnoFRANR7aSVWACJIc=","carabid","PTESTY","Pterostichus stygicus","species",,"Say",,1,"Ciegler, J. C. 2000. Ground beetles and wrinkled bark beetles of South Carolina (Coleoptera: Geadephaga: Carabidae and Rhysodidae). Biota of South Carolina. Vol. 1. Clemson, S. Clemson University.","nAKPQvGWPz3w50pS9SF/Wg/TlEjgxRE8","nAKPQvGWPz3w50pS9SF/Wg/TlEjgxRE8","used NEON.DOC.014050vJ"
"284c2ed9-0d44-4684-af00-037ca3386f7b","ORNL_031.basePlot.bet","D07","ORNL","ORNL_031","S","2015-06-09","2015-06-23","2015-06-23","2015-06-24",,"ORNL_031.S.20150623","G1V5MttZ4JKmO1iG0DeUHaH5qs/sMKNm9Comwew+xtw=","invert bycatch",,,,,,,,,,"49LI6M3+jMtxRtYmbfgyO+9Rpwup30X0","used NEON.DOC.014050vJ"
"d25fa89d-e4ed-418f-b28a-ad8a83f23e6f","ORNL_031.basePlot.bet","D07","ORNL","ORNL_031","S","2015-06-09","2015-06-23","2015-06-23","2015-09-23","2015-12-01","ORNL_031.S.20150623","G1V5MttZ4JKmO1iG0DeUHUx2e1HlvGGO9ij3x6KjfdI=","carabid","CARSP14","Carabidae sp.","family",,"Latreille","D07.2015.MorphB",1,"Other","nAKPQvGWPz3w50pS9SF/Wg/TlEjgxRE8","nAKPQvGWPz3w50pS9SF/Wg/TlEjgxRE8","used NEON.DOC.014050vJ. Maybe Anisodactylus (Anisodactylus) sp."
"dc197c19-dc48-4654-a7fd-2b1d11887ae6","ORNL_002.basePlot.bet","D07","ORNL","ORNL_002","S","2015-06-09","2015-06-23","2015-06-23","2015-06-24",,"ORNL_002.S.20150623","FcwZvbWDjdiBGB4cwukFnQrp5gFeqX8TQKeHQ01S0kE=","invert bycatch",,,,,,,,,,"49LI6M3+jMtxRtYmbfgyO+9Rpwup30X0","used NEON.DOC.014050vJ"
"b537862c-bfd1-44a7-90c2-1008d0c5e297","ORNL_006.basePlot.bet","D07","ORNL","ORNL_006","S","2015-06-09","2015-06-23","2015-06-23","2015-06-24",,"ORNL_006.S.20150623","XUOG9+A5sIPMjfV0P55IMnIKKzaNh4nYOuLEKoHLZOs=","invert bycatch",,,,,,,,,,"49LI6M3+jMtxRtYmbfgyO+9Rpwup30X0","used NEON.DOC.014050vJ"
"0393eaac-aceb-410d-a733-f92862af9985","ORNL_031.basePlot.bet","D07","ORNL","ORNL_031","S","2015-06-09","2015-06-23","2015-06-23","2016-01-22","2016-01-22","ORNL_031.S.20150623","G1V5MttZ4JKmO1iG0DeUHUx2e1HlvGGOj6nxNzgryqQ=","carabid","CARSP14","Carabidae sp.","family",,"Latreille","D07.2015.MorphA",5,"Noonan, G. R. 1996. Classification, cladistics and natural history of species of the subgenus Anisodactylus Dejean (Insecta: Coleoptera: Carabidae: Harpalini: Anysoldactylus).","nAKPQvGWPz3w50pS9SF/Wg/TlEjgxRE8","nAKPQvGWPz3w50pS9SF/Wg/TlEjgxRE8","used NEON.DOC.014050vJ. Maybe Anisodactylus (Gynantrotarsus) sp."
"4fc301d8-1906-40c7-8773-3454e391b5b3","ORNL_027.basePlot.bet","D07","ORNL","ORNL_027","S","2015-06-09","2015-06-23","2015-06-23","2015-06-24",,"ORNL_027.S.20150623","di/gYcSB3uC0rnNXI86D889t2uHe2MjiflCttULnWpc=","invert bycatch",,,,,,,,,,"49LI6M3+jMtxRtYmbfgyO+9Rpwup30X0","used NEON.DOC.014050vJ"
"047afdf8-6894-459c-bd7f-d75cc0e30daf","ORNL_021.basePlot.bet","D07","ORNL","ORNL_021","S","2015-06-09","2015-06-23","2015-06-23","2015-06-24",,"ORNL_021.S.20150623","LlqcsvOjN4DVJW2wc9HXZ2cYhIKOB/hy9poG0+OYwLI=","invert bycatch",,,,,,,,,,"49LI6M3+jMtxRtYmbfgyO+9Rpwup30X0","used NEON.DOC.014050vJ"
"dd6e2887-6035-45d4-ad09-843cdf03b0c0","ORNL_021.basePlot.bet","D07","ORNL","ORNL_021","S","2015-06-09","2015-06-23","2015-06-23","2016-01-22","2016-01-22","ORNL_021.S.20150623","LlqcsvOjN4DVJW2wc9HXZwYp7WXPH07bXJgzhIlL4TA=","carabid","CARSP14","Carabidae sp.","family",,"Latreille","D07.2015.MorphA",4,"Noonan, G. R. 1996. Classification, cladistics and natural history of species of the subgenus Anisodactylus Dejean (Insecta: Coleoptera: Carabidae: Harpalini: Anysoldactylus).","nAKPQvGWPz3w50pS9SF/Wg/TlEjgxRE8","nAKPQvGWPz3w50pS9SF/Wg/TlEjgxRE8","used NEON.DOC.014050vJ. Maybe Anisodactylus (Gynandrotarsus) sp."
"3ae22d57-3912-4f17-b873-228bda8f9b6d","ORNL_004.basePlot.bet","D07","ORNL","ORNL_004","S","2015-06-09","2015-06-23","2015-06-23","2015-06-24",,"ORNL_004.S.20150623","qnVzy9oXbL2D+hwQ/H+gH8iAF2Px717e97vsSWET4JA=","invert bycatch",,,,,,,,,,"49LI6M3+jMtxRtYmbfgyO+9Rpwup30X0","used NEON.DOC.014050vJ"
"60f731a3-fc02-45f1-8caa-11851f57f83e","ORNL_032.basePlot.bet","D07","ORNL","ORNL_032","S","2015-06-09","2015-06-23","2015-06-23","2015-06-24",,"ORNL_032.S.20150623","DcTblkLRhldYsz9PzbD5PHlBexE+ijvzhLfOv+4mkF4=","invert bycatch",,,,,,,,,,"49LI6M3+jMtxRtYmbfgyO+9Rpwup30X0","used NEON.DOC.014050vJ"
"ad9cb565-df3c-4b80-a9ba-04d39a29e3d9","ORNL_031.basePlot.bet","D07","ORNL","ORNL_031","W","2015-06-09","2015-06-23","2015-06-23","2015-06-24",,"ORNL_031.W.20150623","G1V5MttZ4JI18bMFJvz7ZuunDjgzkyxXz0jPZHIWTdI=","invert bycatch",,,,,,,,,,"nAKPQvGWPz3w50pS9SF/Wg/TlEjgxRE8","used NEON.DOC.014050vJ|used NEON.DOC.014050vJ"
"9b8e4cbe-9e7f-4a33-bc00-922b7139aac3","ORNL_002.basePlot.bet","D07","ORNL","ORNL_002","S","2015-06-09","2015-06-23","2015-06-23","2015-09-21","2015-12-01","ORNL_002.S.20150623","FcwZvbWDjdiBGB4cwukFnUlU2xh765REA308nppj5eQ=","carabid","SPHSTE1","Sphaeroderus stenostomus lecontei","subspecies",,"Dejean",,1,"Barr Jr., T. C. 1974a. Key to species and subspecies of Sphaeroderus Dejean.","nAKPQvGWPz3w50pS9SF/Wg/TlEjgxRE8","nAKPQvGWPz3w50pS9SF/Wg/TlEjgxRE8","used NEON.DOC.014050vJ"
"7344443d-4a89-4b60-8f4d-4ff2b2e99742","ORNL_001.basePlot.bet","D07","ORNL","ORNL_001","S","2015-06-09","2015-06-23","2015-06-23","2015-06-24",,"ORNL_001.S.20150623","1iGudFvILgngJuxHDJ5BOBu36OrGevJE/hFMYCOEelE=","invert bycatch",,,,,,,,,,"nAKPQvGWPz3w50pS9SF/Wg/TlEjgxRE8","used NEON.DOC.014050vJ"
"0531b610-144f-42e3-80de-08f9e9cc306f","ORNL_027.basePlot.bet","D07","ORNL","ORNL_027","W","2015-06-09","2015-06-23","2015-06-23","2015-09-21","2015-12-01","ORNL_027.W.20150623","di/gYcSB3uAZjZtXyGfB75yJOWcy0jYrzbdFh0CCI+8=","carabid","CHLEMA","Chlaenius emarginatus","species",,"Say",,1,"Bell, R. T. 1960. A Revision of the Genus Chlaenius Bonelli (Coleoptera, Carabidae) in North America. Miscellaneous Publications of the Entomological Society of America 1:98-166.","nAKPQvGWPz3w50pS9SF/Wg/TlEjgxRE8","nAKPQvGWPz3w50pS9SF/Wg/TlEjgxRE8","used NEON.DOC.014050vJ"
"97609b35-3588-42ff-a25c-cfd6d06782ea","ORNL_029.basePlot.bet","D07","ORNL","ORNL_029","W","2015-06-09","2015-06-23","2015-06-23","2015-06-24",,"ORNL_029.W.20150623","7LdWMHVTMyRBOv5F1sgxPxRocR0pLE8TWd10Q5vhZR4=","invert bycatch",,,,,,,,,,"49LI6M3+jMtxRtYmbfgyO+9Rpwup30X0","used NEON.DOC.014050vJ"
"99325edd-45b3-4133-82bc-23458cb1dfa6","ORNL_002.basePlot.bet","D07","ORNL","ORNL_002","W","2015-06-09","2015-06-23","2015-06-23","2015-09-21","2015-12-01","ORNL_002.W.20150623","FcwZvbWDjdih/5iSDxFerc3JTK9AFxmUrT33VIPcZXI=","carabid","DICDIL5","Dicaelus dilatatus","species",,"Say",,1,"Lindroth, C. H. 1969. The ground-beetles (Carabidae, excl. Cicindelinae) of Canada and Alaska, parts 1-6. Opuscula E. Entomoligiska Sallskapet.","nAKPQvGWPz3w50pS9SF/Wg/TlEjgxRE8","nAKPQvGWPz3w50pS9SF/Wg/TlEjgxRE8","used NEON.DOC.014050vJ"
"e81c3a1d-2278-4057-8bf9-9dd18aced463","ORNL_001.basePlot.bet","D07","ORNL","ORNL_001","W","2015-06-09","2015-06-23","2015-06-23","2015-06-24",,"ORNL_001.W.20150623","1iGudFvILgkoVjAGMEE7xwbwjyrSBjzMVQPqxjpiC0A=","invert bycatch",,,,,,,,,,"nAKPQvGWPz3w50pS9SF/Wg/TlEjgxRE8","used NEON.DOC.014050vJ"
"c94685a9-6650-43d5-8a5b-2d94323f3636","ORNL_027.basePlot.bet","D07","ORNL","ORNL_027","W","2015-06-09","2015-06-23","2015-06-23","2015-09-21","2015-12-01","ORNL_027.W.20150623","di/gYcSB3uAZjZtXyGfB75YFP2Wd96lihzWAIpCCmQs=","carabid","DICDIL5","Dicaelus dilatatus","species",,"Say",,1,"Lindroth, C. H. 1969. The ground-beetles (Carabidae, excl. Cicindelinae) of Canada and Alaska, parts 1-6. Opuscula E. Entomoligiska Sallskapet.","nAKPQvGWPz3w50pS9SF/Wg/TlEjgxRE8","nAKPQvGWPz3w50pS9SF/Wg/TlEjgxRE8","used NEON.DOC.014050vJ"
"7a7b512d-200f-460a-8a11-281b87756bb5","ORNL_002.basePlot.bet","D07","ORNL","ORNL_002","W","2015-06-09","2015-06-23","2015-06-23","2015-06-24",,"ORNL_002.W.20150623","FcwZvbWDjdih/5iSDxFeras2YlJAPj3vhpdFqLaaHOg=","invert bycatch",,,,,,,,,,"49LI6M3+jMtxRtYmbfgyO+9Rpwup30X0","used NEON.DOC.014050vJ"
"f82d7c15-6f59-4b9a-a2a3-b580b1fc5fcf","ORNL_032.basePlot.bet","D07","ORNL","ORNL_032","W","2015-06-09","2015-06-23","2015-06-23","2015-06-24",,"ORNL_032.W.20150623","DcTblkLRhlfJN+zoutMQxZRlxTBcQfS+Pk/Q+LFok1A=","invert bycatch",,,,,,,,,,"49LI6M3+jMtxRtYmbfgyO+9Rpwup30X0","used NEON.DOC.014050vJ"
"8cecbc9c-2f72-4e9a-a652-9b654527c270","ORNL_027.basePlot.bet","D07","ORNL","ORNL_027","W","2015-06-09","2015-06-23","2015-06-23","2015-09-23","2015-12-01","ORNL_027.W.20150623","di/gYcSB3uAZjZtXyGfB71JbLM8K87TzJCoOXlRb5kM=","carabid","PTEATR","Pterostichus atratus","species","cf. species","Newman",,1,"Ciegler, J. C. 2000. Ground beetles and wrinkled bark beetles of South Carolina (Coleoptera: Geadephaga: Carabidae and Rhysodidae). Biota of South Carolina. Vol. 1. Clemson, S. Clemson University.","nAKPQvGWPz3w50pS9SF/Wg/TlEjgxRE8","nAKPQvGWPz3w50pS9SF/Wg/TlEjgxRE8","used NEON.DOC.014050vJ"
"cd39c56f-6235-4ba7-90ff-49ffa9492de4","ORNL_006.basePlot.bet","D07","ORNL","ORNL_006","W","2015-06-09","2015-06-23","2015-06-23","2015-06-24",,"ORNL_006.W.20150623","XUOG9+A5sIMTh2evIq8XODdX7gh29XBVIp+DJEkuKzM=","invert bycatch",,,,,,,,,,"49LI6M3+jMtxRtYmbfgyO+9Rpwup30X0","used NEON.DOC.014050vJ"
"45011fa5-97c6-4bd4-9460-bcd609416b66","ORNL_006.basePlot.bet","D07","ORNL","ORNL_006","W","2015-06-09","2015-06-23","2015-06-23","2016-01-22","2016-01-22","ORNL_006.W.20150623","XUOG9+A5sIMTh2evIq8XOECbVMMmoAP947k/MVehbR4=","carabid","CYCFUC","Cyclotrachelus fucatus","species","cf. species","Freitag",,1,"Freitag, R. 1969. A revision of the species of the genus Evarthrus LeConte. Quaestiones Entomologicae 5:89-212.","nAKPQvGWPz3w50pS9SF/Wg/TlEjgxRE8","nAKPQvGWPz3w50pS9SF/Wg/TlEjgxRE8","used NEON.DOC.014050vJ"
"cd4c71b2-75c2-4ca6-b82c-0ac8872a778b","ORNL_021.basePlot.bet","D07","ORNL","ORNL_021","W","2015-06-09","2015-06-23","2015-06-23","2015-09-23","2015-12-01","ORNL_021.W.20150623","LlqcsvOjN4Cc/5J6hIcxZEeYQ/SJFfbgYQs9V99J+Dk=","carabid","POELUC","Poecilus lucublandus","species","cf. species","Say",,1,"Ciegler, J. C. 2000. Ground beetles and wrinkled bark beetles of South Carolina (Coleoptera: Geadephaga: Carabidae and Rhysodidae). Biota of South Carolina. Vol. 1. Clemson, S. Clemson University.","nAKPQvGWPz3w50pS9SF/Wg/TlEjgxRE8","nAKPQvGWPz3w50pS9SF/Wg/TlEjgxRE8","used NEON.DOC.014050vJ"
"bd3a791b-7e61-4791-9e71-e37292ed940c","ORNL_027.basePlot.bet","D07","ORNL","ORNL_027","W","2015-06-09","2015-06-23","2015-06-23","2015-06-24",,"ORNL_027.W.20150623","di/gYcSB3uAZjZtXyGfB7weYOD7iH4sfccjlLRYlmC8=","invert bycatch",,,,,,,,,,"49LI6M3+jMtxRtYmbfgyO+9Rpwup30X0","used NEON.DOC.014050vJ"
"8f17cab3-00e4-4363-a0e4-f53f9c6d5269","ORNL_004.basePlot.bet","D07","ORNL","ORNL_004","W","2015-06-09","2015-06-23","2015-06-23","2015-06-24",,"ORNL_004.W.20150623","qnVzy9oXbL323S6aNCEDmzxQsQJGVMxE1tlYWcMPBZs=","invert bycatch",,,,,,,,,,"49LI6M3+jMtxRtYmbfgyO+9Rpwup30X0","used NEON.DOC.014050vJ"
"1f92f8e3-9c13-460a-b977-347a6a1f1fc7","ORNL_021.basePlot.bet","D07","ORNL","ORNL_021","W","2015-06-09","2015-06-23","2015-06-23","2015-06-24",,"ORNL_021.W.20150623","LlqcsvOjN4Cc/5J6hIcxZAf0FURYYEBmmZot0N3cFJU=","invert bycatch",,,,,,,,,,"49LI6M3+jMtxRtYmbfgyO+9Rpwup30X0","used NEON.DOC.014050vJ"
"6e04812a-f72d-4b0b-9e9e-2d80faff0444","ORNL_031.basePlot.bet","D07","ORNL","ORNL_031","W","2015-06-09","2015-06-23","2015-06-23","2016-01-22","2016-01-22","ORNL_031.W.20150623","G1V5MttZ4JI18bMFJvz7ZmNmQ+D3Dh9H/MV6oJ6pQJs=","carabid","CARSP14","Carabidae sp.","family",,"Latreille","D07.2015.MorphA",7,"Noonan, G. R. 1996. Classification, cladistics and natural history of species of the subgenus Anisodactylus Dejean (Insecta: Coleoptera: Carabidae: Harpalini: Anysoldactylus).","nAKPQvGWPz3w50pS9SF/Wg/TlEjgxRE8","nAKPQvGWPz3w50pS9SF/Wg/TlEjgxRE8","used NEON.DOC.014050vJ. Maybe Anisodactylus (Gynandrotarsus) sp."
"693cad46-930c-49c3-9fe9-bbaac1f96d0a","ORNL_027.basePlot.bet","D07","ORNL","ORNL_027","W","2015-06-09","2015-06-23","2015-06-23","2015-09-23","2015-12-01","ORNL_027.W.20150623","di/gYcSB3uAZjZtXyGfB79G9tQp1l4wFnE3wGUHdS8I=","carabid","PTESTY","Pterostichus stygicus","species",,"Say",,2,"Ciegler, J. C. 2000. Ground beetles and wrinkled bark beetles of South Carolina (Coleoptera: Geadephaga: Carabidae and Rhysodidae). Biota of South Carolina. Vol. 1. Clemson, S. Clemson University.","nAKPQvGWPz3w50pS9SF/Wg/TlEjgxRE8","nAKPQvGWPz3w50pS9SF/Wg/TlEjgxRE8","used NEON.DOC.014050vJ"
