uid,namedLocation,domainID,siteID,plotID,setDate,collectDate,identifiedDate,individualID,taxonID,kingdom,phylum,class,order,family,subfamily,tribe,genus,subgenus,specificEpithet,infraspecificEpithet,scientificName,scientificNameAuthorship,taxonRank,identificationQualifier,sex,morphospeciesID,identificationReferences,identifiedBy,laboratoryName,identificationRemarks,sampleCondition,dnaBarcoded,geneticSampleID,remarks
"4d7b698e-1d7d-4211-965f-e533c7ef74c1","ORNL_032.basePlot.bet","D07","ORNL","ORNL_032","2015-05-26","2015-06-09","2017-01-15","NEON.BET.D07.000697","PTESTY","Animalia","Arthropoda","Insecta","Coleoptera","Carabidae","Harpalinae","Pterostichini","Pterostichus","Euferonia","stygicus",,"Pterostichus stygicus","Say","species",,"F",,"Lindroth, C. H. 1969. The ground-beetles (Carabidae, excl. Cicindelinae) of Canada and Alaska, parts 1-6. Opuscula E. Entomoligiska Sallskapet.","Kipling Will","Essig Museum of Entomology",,"No known compromise","N",,
"f5f6292f-2dc0-4b25-bd05-41af629a438d","ORNL_021.basePlot.bet","D07","ORNL","ORNL_021","2015-05-26","2015-06-09","2017-01-15","NEON.BET.D07.000718","TRIFUL","Animalia","Arthropoda","Insecta","Coleoptera","Carabidae","Harpalinae","Harpalini","Trichotichnus","Iridessus","fulgens",,"Trichotichnus fulgens","Csiki","species",,"F",,"Lindroth, C. H. 1969. The ground-beetles (Carabidae, excl. Cicindelinae) of Canada and Alaska, parts 1-6. Opuscula E. Entomoligiska Sallskapet.","Kipling Will","Essig Museum of Entomology",,"No known compromise","N",,
"9b75829d-2ff1-499c-8ed5-f61524405265","ORNL_021.basePlot.bet","D07","ORNL","ORNL_021","2015-05-26","2015-06-09","2017-01-15","NEON.BET.D07.000586","DICPUR1","Animalia","Arthropoda","Insecta","Coleoptera","Carabidae","Harpalinae","Licinini","Dicaelus","Dicaelus","purpuratus","purpuratus","Dicaelus purpuratus purpuratus","Bonelli","subspecies",,"F",,"Ball, G. E. 1992. The Tribe Licinini (Coleoptera: Carabidae): A Review of the Genus-Groups and of the Species of Selected Genera. Journal of the New York Entomological Society 100:325-380.","Kipling Will","Essig Museum of Entomology",,"No known compromise","N",,
"1c7f9744-cdeb-49b2-b05f-922e9637970a","ORNL_027.basePlot.bet","D07","ORNL","ORNL_027","2015-05-26","2015-06-09","2017-01-15","NEON.BET.D07.000593","DICFUR2","Animalia","Arthropoda","Insecta","Coleoptera","Carabidae","Harpalinae","Licinini","Dicaelus","Paradicaelus","furvus","furvus","Dicaelus furvus furvus","Dejean","subspecies",,"M",,"Ball, G. E. 1992. The Tribe Licinini (Coleoptera: Carabidae): A Review of the Genus-Groups and of the Species of Selected Genera. Journal of the New York Entomological Society 100:325-380.","Kipling Will","Essig Museum of Entomology",,"No known compromise","N",,
"84363a2f-2c4f-473e-89ef-0e221a761bf0","ORNL_027.basePlot.bet","D07","ORNL","ORNL_027","2015-05-26","2015-06-09","2017-01-15","NEON.BET.D07.000592","DICFUR2","Animalia","Arthropoda","Insecta","Coleoptera","Carabidae","Harpalinae","Licinini","Dicaelus","Paradicaelus","furvus","furvus","Dicaelus furvus furvus","Dejean","subspecies",,"F",,"Ball, G. E. 1992. The Tribe Licinini (Coleoptera: Carabidae): A Review of the Genus-Groups and of the Species of Selected Genera. Journal of the New York Entomological Society 100:325-380.","Kipling Will","Essig Museum of Entomology",,"No known compromise","N",,
"bc20871f-b6ee-4c49-8c46-f6d1ac620ead","ORNL_027.basePlot.bet","D07","ORNL","ORNL_027","2015-05-26","2015-06-09","2017-01-15","NEON.BET.D07.000612","CYCFUC","Animalia","Arthropoda","Insecta","Coleoptera","Carabidae","Harpalinae","Pterostichini","Cyclotrachelus","Cyclotrachelus","fucatus",,"Cyclotrachelus fucatus","Freitag","species",,"F",,"Freitag, R. 1969. A revision of the species of the genus Evarthrus LeConte. Quaestiones Entomologicae 5:89-212.","Kipling Will","Essig Museum of Entomology",,"No known compromise","N",,
"5c3de85a-6aff-435a-b343-5d2f396d233e","ORNL_006.basePlot.bet","D07","ORNL","ORNL_006","2015-05-26","2015-06-09","2017-01-15","NEON.BET.D07.000609","CYCFUC","Animalia","Arthropoda","Insecta","Coleoptera","Carabidae","Harpalinae","Pterostichini","Cyclotrachelus","Cyclotrachelus","fucatus",,"Cyclotrachelus fucatus","Freitag","species",,"F",,"Freitag, R. 1969. A revision of the species of the genus Evarthrus LeConte. Quaestiones Entomologicae 5:89-212.","Kipling Will","Essig Museum of Entomology",,"No known compromise","N",,
"9a7be15c-31e7-40ed-adcd-2f2d3e9de3ee","ORNL_006.basePlot.bet","D07","ORNL","ORNL_006","2015-05-26","2015-06-09","2017-01-15","NEON.BET.D07.000617","CYCFUC","Animalia","Arthropoda","Insecta","Coleoptera","Carabidae","Harpalinae","Pterostichini","Cyclotrachelus","Cyclotrachelus","fucatus",,"Cyclotrachelus fucatus","Freitag","species",,"M",,"Freitag, R. 1969. A revision of the species of the genus Evarthrus LeConte. Quaestiones Entomologicae 5:89-212.","Kipling Will","Essig Museum of Entomology",,"No known compromise","N",,
"5ea9885b-4b66-427a-b208-52a99a8d2a51","ORNL_001.basePlot.bet","D07","ORNL","ORNL_001","2015-05-26","2015-06-09","2017-01-15","NEON.BET.D07.000544","CHLEMA","Animalia","Arthropoda","Insecta","Coleoptera","Carabidae","Harpalinae","Chlaeniini","Chlaenius","Anomoglossus","emarginatus",,"Chlaenius emarginatus","Say","species",,"M",,"Bell, R. T. 1960. A Revision of the Genus Chlaenius Bonelli (Coleoptera, Carabidae) in North America. Miscellaneous Publications of the Entomological Society of America 1:98-166.","Kipling Will","Essig Museum of Entomology",,"No known compromise","N",,
"97524853-597c-481c-85dd-6894d37b4a26","ORNL_004.basePlot.bet","D07","ORNL","ORNL_004","2015-05-26","2015-06-09","2017-01-15","NEON.BET.D07.000551","CHLEMA","Animalia","Arthropoda","Insecta","Coleoptera","Carabidae","Harpalinae","Chlaeniini","Chlaenius","Anomoglossus","emarginatus",,"Chlaenius emarginatus","Say","species",,"F",,"Bell, R. T. 1960. A Revision of the Genus Chlaenius Bonelli (Coleoptera, Carabidae) in North America. Miscellaneous Publications of the Entomological Society of America 1:98-166.","Kipling Will","Essig Museum of Entomology",,"No known compromise","N",,
"06d5e3cd-d88e-4775-be4c-a9a9c281f862","ORNL_031.basePlot.bet","D07","ORNL","ORNL_031","2015-05-26","2015-06-09","2017-01-15","NEON.BET.D07.000538","SCASUB2","Animalia","Arthropoda","Insecta","Coleoptera","Carabidae","Scaritinae","Scaritini","Scarites","Scarites","subterraneus",,"Scarites subterraneus","Fabricius","species",,"U",,"Bousquet, Y. and P. E. Skelley. 2010. Description of a New Species of Scarites Fabricius (Coleoptera: Carabidae) from Florida. The Coleopterists Bulletin 64(1): 45-49.","Kipling Will","Essig Museum of Entomology",,"No known compromise","N",,
"a415357a-e747-4344-84a0-fb8009b0c982","ORNL_031.basePlot.bet","D07","ORNL","ORNL_031","2015-05-26","2015-06-09","2017-01-15","NEON.BET.D07.000537","SCASUB2","Animalia","Arthropoda","Insecta","Coleoptera","Carabidae","Scaritinae","Scaritini","Scarites","Scarites","subterraneus",,"Scarites subterraneus","Fabricius","species",,"F",,"Bousquet, Y. and P. E. Skelley. 2010. Description of a New Species of Scarites Fabricius (Coleoptera: Carabidae) from Florida. The Coleopterists Bulletin 64(1): 45-49.","Kipling Will","Essig Museum of Entomology",,"No known compromise","N",,
"e503fc3b-e432-4058-a623-276ef07e5b17","ORNL_027.basePlot.bet","D07","ORNL","ORNL_027","2015-05-26","2015-06-09","2017-01-15","NEON.BET.D07.000546","CHLEMA","Animalia","Arthropoda","Insecta","Coleoptera","Carabidae","Harpalinae","Chlaeniini","Chlaenius","Anomoglossus","emarginatus",,"Chlaenius emarginatus","Say","species",,"M",,"Bell, R. T. 1960. A Revision of the Genus Chlaenius Bonelli (Coleoptera, Carabidae) in North America. Miscellaneous Publications of the Entomological Society of America 1:98-166.","Kipling Will","Essig Museum of Entomology",,"No known compromise","N",,
"070a1fbe-3ac0-421e-a60a-8be5f844895d","ORNL_021.basePlot.bet","D07","ORNL","ORNL_021","2015-05-26","2015-06-09","2017-01-15","NEON.BET.D07.000539","SCASUB2","Animalia","Arthropoda","Insecta","Coleoptera","Carabidae","Scaritinae","Scaritini","Scarites","Scarites","subterraneus",,"Scarites subterraneus","Fabricius","species",,"U",,"Bousquet, Y. and P. E. Skelley. 2010. Description of a New Species of Scarites Fabricius (Coleoptera: Carabidae) from Florida. The Coleopterists Bulletin 64(1): 45-49.","Kipling Will","Essig Museum of Entomology",,"No known compromise","N",,
"3bf191e8-8c0e-4fe6-9ba8-56f2674eea46","ORNL_027.basePlot.bet","D07","ORNL","ORNL_027","2015-05-26","2015-06-09","2017-01-15","NEON.BET.D07.000572","PASPUN","Animalia","Arthropoda","Insecta","Coleoptera","Carabidae","Scaritinae","Pasimachini","Pasimachus","Pasimachus","punctulatus",,"Pasimachus punctulatus","Haldeman","species",,"F",,"Banninger, M. 1950. The subtribe Pasimachina (Coleoptera, Carabidae, Scaritini). Revista de Entomologica 21:481-511.","Kipling Will","Essig Museum of Entomology",,"No known compromise","N",,
"b8a35bcd-5f53-4087-b597-6a8a2ff170c5","ORNL_027.basePlot.bet","D07","ORNL","ORNL_027","2015-05-26","2015-06-09","2017-01-15","NEON.BET.D07.000549","CHLEMA","Animalia","Arthropoda","Insecta","Coleoptera","Carabidae","Harpalinae","Chlaeniini","Chlaenius","Anomoglossus","emarginatus",,"Chlaenius emarginatus","Say","species",,"M",,"Bell, R. T. 1960. A Revision of the Genus Chlaenius Bonelli (Coleoptera, Carabidae) in North America. Miscellaneous Publications of the Entomological Society of America 1:98-166.","Kipling Will","Essig Museum of Entomology",,"No known compromise","N",,
"a336a687-d41e-4cb6-a1d9-0d2cd808df63","ORNL_027.basePlot.bet","D07","ORNL","ORNL_027","2015-05-26","2015-06-09","2017-01-15","NEON.BET.D07.000563","CHLEMA","Animalia","Arthropoda","Insecta","Coleoptera","Carabidae","Harpalinae","Chlaeniini","Chlaenius","Anomoglossus","emarginatus",,"Chlaenius emarginatus","Say","species",,"F",,"Bell, R. T. 1960. A Revision of the Genus Chlaenius Bonelli (Coleoptera, Carabidae) in North America. Miscellaneous Publications of the Entomological Society of America 1:98-166.","Kipling Will","Essig Museum of Entomology",,"No known compromise","N",,
"bc903d41-7e1b-4e19-87a6-5883c0844016","ORNL_027.basePlot.bet","D07","ORNL","ORNL_027","2015-05-26","2015-06-09","2017-01-15","NEON.BET.D07.000560","CHLEMA","Animalia","Arthropoda","Insecta","Coleoptera","Carabidae","Harpalinae","Chlaeniini","Chlaenius","Anomoglossus","emarginatus",,"Chlaenius emarginatus","Say","species",,"F",,"Bell, R. T. 1960. A Revision of the Genus Chlaenius Bonelli (Coleoptera, Carabidae) in North America. Miscellaneous Publications of the Entomological Society of America 1:98-166.","Kipling Will","Essig Museum of Entomology",,"No known compromise","N",,
"ed2438f1-34f3-45ff-a4d8-1a852ac01431","ORNL_027.basePlot.bet","D07","ORNL","ORNL_027","2015-05-26","2015-06-09","2017-01-15","NEON.BET.D07.000515","SCAUNI1","Animalia","Arthropoda","Insecta","Coleoptera","Carabidae","Carabinae","Cychrini","Scaphinotus","Scaphinotus","unicolor",,"Scaphinotus unicolor","Fabricius","species",,"F",,"Gidaspow, T. 1973. Revision of ground beetles of American genus Cychrus and four subgenera of genus Scaphinotus (Coleoptera, Carabidae). Bulletin of the American Museum of Natural History 152:51-102.","Kipling Will","Essig Museum of Entomology",,"No known compromise","N",,
"e28d0982-e6cd-490f-b861-5fda79535841","ORNL_027.basePlot.bet","D07","ORNL","ORNL_027","2015-05-26","2015-06-09","2017-01-15","NEON.BET.D07.000514","SCAUNI1","Animalia","Arthropoda","Insecta","Coleoptera","Carabidae","Carabinae","Cychrini","Scaphinotus","Scaphinotus","unicolor",,"Scaphinotus unicolor","Fabricius","species",,"F",,"Gidaspow, T. 1973. Revision of ground beetles of American genus Cychrus and four subgenera of genus Scaphinotus (Coleoptera, Carabidae). Bulletin of the American Museum of Natural History 152:51-102.","Kipling Will","Essig Museum of Entomology",,"No known compromise","N",,
"665a1578-6bbc-4d21-b823-dbaf174183e7","ORNL_032.basePlot.bet","D07","ORNL","ORNL_032","2015-05-26","2015-06-09","2017-01-15","NEON.BET.D07.000533","CYLUNI","Animalia","Arthropoda","Insecta","Coleoptera","Carabidae","Cicindelinae","Cicindelini","Cylindera","Cylindera","unipunctata",,"Cylindera unipunctata","Fabricius","species",,"M",,"Pearson, D., C. B. Knisley, and C. J. Kazilek. 2006. A Field Guide to the Tiger Beetles of the United States and Canada: Identification, Natural History, and Distribution of the Cicindelidae. Oxford University Press, New York.","Kipling Will","Essig Museum of Entomology",,"No known compromise","N",,
"2ac1ae72-1848-42ac-8d4b-2b4ed968680b","ORNL_021.basePlot.bet","D07","ORNL","ORNL_021","2015-05-26","2015-06-09","2017-01-15","NEON.BET.D07.000650","ANIMER2","Animalia","Arthropoda","Insecta","Coleoptera","Carabidae","Harpalinae","Harpalini","Anisodactylus","Gynandrotarsus","merula",,"Anisodactylus merula","Germar","species",,"F",,"Lindroth, C. H. 1969. The ground-beetles (Carabidae, excl. Cicindelinae) of Canada and Alaska, parts 1-6. Opuscula E. Entomoligiska Sallskapet.","Kipling Will","Essig Museum of Entomology","lacks elytral humeral denticle","No known compromise","N",,
"3e487b9d-39bc-4dd2-89f5-7e6ad8ab9269","ORNL_027.basePlot.bet","D07","ORNL","ORNL_027","2015-06-09","2015-06-23","2017-01-15","NEON.BET.D07.000694","PTESTY","Animalia","Arthropoda","Insecta","Coleoptera","Carabidae","Harpalinae","Pterostichini","Pterostichus","Euferonia","stygicus",,"Pterostichus stygicus","Say","species",,"F",,"Lindroth, C. H. 1969. The ground-beetles (Carabidae, excl. Cicindelinae) of Canada and Alaska, parts 1-6. Opuscula E. Entomoligiska Sallskapet.","Kipling Will","Essig Museum of Entomology",,"No known compromise","N",,
"4afa8548-290b-4bdf-85fb-433f59a5f5f0","ORNL_027.basePlot.bet","D07","ORNL","ORNL_027","2015-06-09","2015-06-23","2017-01-15","NEON.BET.D07.000726","PTEPER2","Animalia","Arthropoda","Insecta","Coleoptera","Carabidae","Harpalinae","Pterostichini","Pterostichus","Abacidus","permundus",,"Pterostichus permundus","Say","species",,"F",,"Lindroth, C. H. 1969. The ground-beetles (Carabidae, excl. Cicindelinae) of Canada and Alaska, parts 1-6. Opuscula E. Entomoligiska Sallskapet.","Kipling Will","Essig Museum of Entomology","without.tarsi set","No known compromise","N",,
"5eebe465-9548-4493-a5be-5f1dbb83d2d3","ORNL_027.basePlot.bet","D07","ORNL","ORNL_027","2015-06-09","2015-06-23","2017-01-15","NEON.BET.D07.000693","PTESTY","Animalia","Arthropoda","Insecta","Coleoptera","Carabidae","Harpalinae","Pterostichini","Pterostichus","Euferonia","stygicus",,"Pterostichus stygicus","Say","species",,"F",,"Lindroth, C. H. 1969. The ground-beetles (Carabidae, excl. Cicindelinae) of Canada and Alaska, parts 1-6. Opuscula E. Entomoligiska Sallskapet.","Kipling Will","Essig Museum of Entomology",,"No known compromise","N",,
"ec7f8464-2a14-432a-89d1-6ffd4ac25b16","ORNL_027.basePlot.bet","D07","ORNL","ORNL_027","2015-06-09","2015-06-23","2017-01-15","NEON.BET.D07.000703","PTESTY","Animalia","Arthropoda","Insecta","Coleoptera","Carabidae","Harpalinae","Pterostichini","Pterostichus","Euferonia","stygicus",,"Pterostichus stygicus","Say","species",,"M",,"Lindroth, C. H. 1969. The ground-beetles (Carabidae, excl. Cicindelinae) of Canada and Alaska, parts 1-6. Opuscula E. Entomoligiska Sallskapet.","Kipling Will","Essig Museum of Entomology",,"No known compromise","N",,
"372f7297-a7da-4b2f-b3b0-72d1782cf22d","ORNL_006.basePlot.bet","D07","ORNL","ORNL_006","2015-06-09","2015-06-23","2017-01-15","NEON.BET.D07.000704","PTESTY","Animalia","Arthropoda","Insecta","Coleoptera","Carabidae","Harpalinae","Pterostichini","Pterostichus","Euferonia","stygicus",,"Pterostichus stygicus","Say","species",,"F",,"Lindroth, C. H. 1969. The ground-beetles (Carabidae, excl. Cicindelinae) of Canada and Alaska, parts 1-6. Opuscula E. Entomoligiska Sallskapet.","Kipling Will","Essig Museum of Entomology",,"No known compromise","N",,
"84989685-8e9e-4583-bdb1-029d82011ee4","ORNL_031.basePlot.bet","D07","ORNL","ORNL_031","2015-06-09","2015-06-23","2017-01-15","NEON.BET.D07.000714","HARPEN","Animalia","Arthropoda","Insecta","Coleoptera","Carabidae","Harpalinae","Harpalini","Harpalus","Pseudoophonus","pensylvanicus",,"Harpalus pensylvanicus","DeGeer","species",,"F",,"Ball, G. E., and J. N. Anderson. 1962. The taxonomy and speciation of Pseudophonus (a subgenus of Harpalus: Haralini: Carabidae, known to occur in North America). The Catholic University of America Press, Washington 17, D. C.","Kipling Will","Essig Museum of Entomology",,"No known compromise","N",,
"a1b8bad1-8f3b-49dc-a1d5-52a8458db64b","ORNL_031.basePlot.bet","D07","ORNL","ORNL_031","2015-06-09","2015-06-23","2017-01-15","NEON.BET.D07.000709","HARPEN","Animalia","Arthropoda","Insecta","Coleoptera","Carabidae","Harpalinae","Harpalini","Harpalus","Pseudoophonus","pensylvanicus",,"Harpalus pensylvanicus","DeGeer","species",,"F",,"Ball, G. E., and J. N. Anderson. 1962. The taxonomy and speciation of Pseudophonus (a subgenus of Harpalus: Haralini: Carabidae, known to occur in North America). The Catholic University of America Press, Washington 17, D. C.","Kipling Will","Essig Museum of Entomology",,"No known compromise","N",,
"444fa0aa-6c3f-418b-96c2-66f057dd9060","ORNL_021.basePlot.bet","D07","ORNL","ORNL_021","2015-06-09","2015-06-23","2017-01-15","NEON.BET.D07.000727","POELUC","Animalia","Arthropoda","Insecta","Coleoptera","Carabidae","Harpalinae","Pterostichini","Poecilus","Poecilus","lucublandus",,"Poecilus lucublandus","Say","species",,"F",,"Lindroth, C. H. 1969. The ground-beetles (Carabidae, excl. Cicindelinae) of Canada and Alaska, parts 1-6. Opuscula E. Entomoligiska Sallskapet.","Kipling Will","Essig Museum of Entomology",,"No known compromise","N",,
"d3565800-fd78-451b-a452-6fcc1099d52d","ORNL_002.basePlot.bet","D07","ORNL","ORNL_002","2015-06-09","2015-06-23","2017-01-15","NEON.BET.D07.000715","HARCOM","Animalia","Arthropoda","Insecta","Coleoptera","Carabidae","Harpalinae","Harpalini","Harpalus","Pseudoophonus","compar",,"Harpalus compar","LeConte","species",,"F",,"Ball, G. E., and J. N. Anderson. 1962. The taxonomy and speciation of Pseudophonus (a subgenus of Harpalus: Haralini: Carabidae, known to occur in North America). The Catholic University of America Press, Washington 17, D. C.","Kipling Will","Essig Museum of Entomology",,"No known compromise","N",,
"4bdc22bb-084f-454a-85e7-82253cb445f3","ORNL_021.basePlot.bet","D07","ORNL","ORNL_021","2015-06-09","2015-06-23","2017-01-15","NEON.BET.D07.000648","ANIMER2","Animalia","Arthropoda","Insecta","Coleoptera","Carabidae","Harpalinae","Harpalini","Anisodactylus","Gynandrotarsus","merula",,"Anisodactylus merula","Germar","species",,"F",,"Lindroth, C. H. 1969. The ground-beetles (Carabidae, excl. Cicindelinae) of Canada and Alaska, parts 1-6. Opuscula E. Entomoligiska Sallskapet.","Kipling Will","Essig Museum of Entomology","lacks elytral humeral denticle","No known compromise","N",,
"45994738-923e-4e0e-be86-0e5fce49b30e","ORNL_021.basePlot.bet","D07","ORNL","ORNL_021","2015-06-09","2015-06-23","2017-01-15","NEON.BET.D07.000657","ANIMER2","Animalia","Arthropoda","Insecta","Coleoptera","Carabidae","Harpalinae","Harpalini","Anisodactylus","Gynandrotarsus","merula",,"Anisodactylus merula","Germar","species",,"F",,"Lindroth, C. H. 1969. The ground-beetles (Carabidae, excl. Cicindelinae) of Canada and Alaska, parts 1-6. Opuscula E. Entomoligiska Sallskapet.","Kipling Will","Essig Museum of Entomology","lacks elytral humeral denticle","No known compromise","N",,
"f4309ae7-f7d7-4445-a7ff-02432e7302e5","ORNL_031.basePlot.bet","D07","ORNL","ORNL_031","2015-06-09","2015-06-23","2017-01-15","NEON.BET.D07.000647","ANIMER2","Animalia","Arthropoda","Insecta","Coleoptera","Carabidae","Harpalinae","Harpalini","Anisodactylus","Gynandrotarsus","merula",,"Anisodactylus merula","Germar","species",,"F",,"Lindroth, C. H. 1969. The ground-beetles (Carabidae, excl. Cicindelinae) of Canada and Alaska, parts 1-6. Opuscula E. Entomoligiska Sallskapet.","Kipling Will","Essig Museum of Entomology","lacks elytral humeral denticle","No known compromise","N",,
"995c3959-ddd0-481b-bfa9-6e39d75c15a5","ORNL_031.basePlot.bet","D07","ORNL","ORNL_031","2015-06-09","2015-06-23","2017-01-15","NEON.BET.D07.000644","ANIMER2","Animalia","Arthropoda","Insecta","Coleoptera","Carabidae","Harpalinae","Harpalini","Anisodactylus","Gynandrotarsus","merula",,"Anisodactylus merula","Germar","species",,"F",,"Lindroth, C. H. 1969. The ground-beetles (Carabidae, excl. Cicindelinae) of Canada and Alaska, parts 1-6. Opuscula E. Entomoligiska Sallskapet.","Kipling Will","Essig Museum of Entomology","lacks elytral humeral denticle","No known compromise","N",,
"9809f54c-cfcf-4b77-8a32-2e0baa531eec","ORNL_031.basePlot.bet","D07","ORNL","ORNL_031","2015-06-09","2015-06-23","2017-01-15","NEON.BET.D07.000656","ANIMER2","Animalia","Arthropoda","Insecta","Coleoptera","Carabidae","Harpalinae","Harpalini","Anisodactylus","Gynandrotarsus","merula",,"Anisodactylus merula","Germar","species",,"F",,"Lindroth, C. H. 1969. The ground-beetles (Carabidae, excl. Cicindelinae) of Canada and Alaska, parts 1-6. Opuscula E. Entomoligiska Sallskapet.","Kipling Will","Essig Museum of Entomology","lacks elytral humeral denticle","No known compromise","N",,
"780c4ff3-0ce2-4fbc-8def-d89207e52ee3","ORNL_029.basePlot.bet","D07","ORNL","ORNL_029","2015-06-09","2015-06-23","2017-01-15","NEON.BET.D07.000587","DICPUR1","Animalia","Arthropoda","Insecta","Coleoptera","Carabidae","Harpalinae","Licinini","Dicaelus","Dicaelus","purpuratus","purpuratus","Dicaelus purpuratus purpuratus","Bonelli","subspecies",,"F",,"Ball, G. E. 1992. The Tribe Licinini (Coleoptera: Carabidae): A Review of the Genus-Groups and of the Species of Selected Genera. Journal of the New York Entomological Society 100:325-380.","Kipling Will","Essig Museum of Entomology",,"No known compromise","N",,
"761e1d6a-f101-461b-8c59-0c700a8446c8","ORNL_002.basePlot.bet","D07","ORNL","ORNL_002","2015-06-09","2015-06-23","2017-01-15","NEON.BET.D07.000597","DICPOL","Animalia","Arthropoda","Insecta","Coleoptera","Carabidae","Harpalinae","Licinini","Dicaelus","Paradicaelus","politus",,"Dicaelus politus","Dejean","species",,"M",,"Ball, G. E. 1992. The Tribe Licinini (Coleoptera: Carabidae): A Review of the Genus-Groups and of the Species of Selected Genera. Journal of the New York Entomological Society 100:325-380.","Kipling Will","Essig Museum of Entomology",,"No known compromise","N",,
"44060a5a-6a9f-4769-9a63-b98d38a59fc1","ORNL_006.basePlot.bet","D07","ORNL","ORNL_006","2015-06-09","2015-06-23","2017-01-15","NEON.BET.D07.000630","CYCFUC","Animalia","Arthropoda","Insecta","Coleoptera","Carabidae","Harpalinae","Pterostichini","Cyclotrachelus","Cyclotrachelus","fucatus",,"Cyclotrachelus fucatus","Freitag","species",,"F",,"Freitag, R. 1969. A revision of the species of the genus Evarthrus LeConte. Quaestiones Entomologicae 5:89-212.","Kipling Will","Essig Museum of Entomology",,"No known compromise","N",,
"cc214442-cd45-4032-8d83-0835740dd68d","ORNL_027.basePlot.bet","D07","ORNL","ORNL_027","2015-06-09","2015-06-23","2017-01-15","NEON.BET.D07.000579","DICDIL1","Animalia","Arthropoda","Insecta","Coleoptera","Carabidae","Harpalinae","Licinini","Dicaelus","Paradicaelus","dilatatus","dilatatus","Dicaelus dilatatus dilatatus","Say","subspecies",,"F",,"Ball, G. E. 1992. The Tribe Licinini (Coleoptera: Carabidae): A Review of the Genus-Groups and of the Species of Selected Genera. Journal of the New York Entomological Society 100:325-380.","Kipling Will","Essig Museum of Entomology",,"No known compromise","N",,
"64fc0d6a-629d-4895-9129-dab8e71b0020","ORNL_027.basePlot.bet","D07","ORNL","ORNL_027","2015-06-09","2015-06-23","2017-01-15","NEON.BET.D07.000562","CHLEMA","Animalia","Arthropoda","Insecta","Coleoptera","Carabidae","Harpalinae","Chlaeniini","Chlaenius","Anomoglossus","emarginatus",,"Chlaenius emarginatus","Say","species",,"F",,"Bell, R. T. 1960. A Revision of the Genus Chlaenius Bonelli (Coleoptera, Carabidae) in North America. Miscellaneous Publications of the Entomological Society of America 1:98-166.","Kipling Will","Essig Museum of Entomology",,"No known compromise","N",,
"cc07b9e5-8f95-471b-a121-1c196cfe715d","ORNL_002.basePlot.bet","D07","ORNL","ORNL_002","2015-06-09","2015-06-23","2017-01-15","NEON.BET.D07.000550","CHLEMA","Animalia","Arthropoda","Insecta","Coleoptera","Carabidae","Harpalinae","Chlaeniini","Chlaenius","Anomoglossus","emarginatus",,"Chlaenius emarginatus","Say","species",,"F",,"Bell, R. T. 1960. A Revision of the Genus Chlaenius Bonelli (Coleoptera, Carabidae) in North America. Miscellaneous Publications of the Entomological Society of America 1:98-166.","Kipling Will","Essig Museum of Entomology",,"No known compromise","N",,
"c8dc953a-eb00-4205-836a-a9553b258b0f","ORNL_001.basePlot.bet","D07","ORNL","ORNL_001","2015-06-09","2015-06-23","2017-01-15","NEON.BET.D07.000576","PASPUN","Animalia","Arthropoda","Insecta","Coleoptera","Carabidae","Scaritinae","Pasimachini","Pasimachus","Pasimachus","punctulatus",,"Pasimachus punctulatus","Haldeman","species",,"F",,"Banninger, M. 1950. The subtribe Pasimachina (Coleoptera, Carabidae, Scaritini). Revista de Entomologica 21:481-511.","Kipling Will","Essig Museum of Entomology",,"No known compromise","N",,
"1eab97c8-335b-4270-a356-41589f5fda6b","ORNL_002.basePlot.bet","D07","ORNL","ORNL_002","2015-06-09","2015-06-23","2017-01-15","NEON.BET.D07.000582","DICDIL1","Animalia","Arthropoda","Insecta","Coleoptera","Carabidae","Harpalinae","Licinini","Dicaelus","Paradicaelus","dilatatus","dilatatus","Dicaelus dilatatus dilatatus","Say","subspecies",,"F",,"Ball, G. E. 1992. The Tribe Licinini (Coleoptera: Carabidae): A Review of the Genus-Groups and of the Species of Selected Genera. Journal of the New York Entomological Society 100:325-380.","Kipling Will","Essig Museum of Entomology",,"No known compromise","N",,
"06ddc70e-af89-48aa-9237-95c78a987b46","ORNL_002.basePlot.bet","D07","ORNL","ORNL_002","2015-06-09","2015-06-23","2017-01-15","NEON.BET.D07.000566","CHLEMA","Animalia","Arthropoda","Insecta","Coleoptera","Carabidae","Harpalinae","Chlaeniini","Chlaenius","Anomoglossus","emarginatus",,"Chlaenius emarginatus","Say","species",,"F",,"Bell, R. T. 1960. A Revision of the Genus Chlaenius Bonelli (Coleoptera, Carabidae) in North America. Miscellaneous Publications of the Entomological Society of America 1:98-166.","Kipling Will","Essig Museum of Entomology",,"No known compromise","N",,
"7515d1bd-173b-4392-ba44-53dc08e1f557","ORNL_027.basePlot.bet","D07","ORNL","ORNL_027","2015-06-09","2015-06-23","2017-01-15","NEON.BET.D07.000525","GALBIC","Animalia","Arthropoda","Insecta","Coleoptera","Carabidae","Harpalinae","Galeritini","Galerita","Progaleritina","bicolor",,"Galerita bicolor","Drury","species",,"F",,"Lindroth, C. H. 1969. The ground-beetles (Carabidae, excl. Cicindelinae) of Canada and Alaska, parts 1-6. Opuscula E. Entomoligiska Sallskapet.","Kipling Will","Essig Museum of Entomology",,"No known compromise","N",,
"fd345e56-a18e-46ec-ac52-5ccd7c5485b5","ORNL_027.basePlot.bet","D07","ORNL","ORNL_027","2015-06-09","2015-06-23","2017-01-15","NEON.BET.D07.000513","SCAUNI1","Animalia","Arthropoda","Insecta","Coleoptera","Carabidae","Carabinae","Cychrini","Scaphinotus","Scaphinotus","unicolor",,"Scaphinotus unicolor","Fabricius","species",,"F",,"Gidaspow, T. 1973. Revision of ground beetles of American genus Cychrus and four subgenera of genus Scaphinotus (Coleoptera, Carabidae). Bulletin of the American Museum of Natural History 152:51-102.","Kipling Will","Essig Museum of Entomology",,"No known compromise","N",,
"e18b7763-f988-4992-b12a-e167fc0ef2a9","ORNL_002.basePlot.bet","D07","ORNL","ORNL_002","2015-06-09","2015-06-23","2017-01-15","NEON.BET.D07.000522","GALBIC","Animalia","Arthropoda","Insecta","Coleoptera","Carabidae","Harpalinae","Galeritini","Galerita","Progaleritina","bicolor",,"Galerita bicolor","Drury","species",,"M",,"Lindroth, C. H. 1969. The ground-beetles (Carabidae, excl. Cicindelinae) of Canada and Alaska, parts 1-6. Opuscula E. Entomoligiska Sallskapet.","Kipling Will","Essig Museum of Entomology",,"No known compromise","N",,
"f8204e88-2585-4bca-96ce-f620694e565e","ORNL_002.basePlot.bet","D07","ORNL","ORNL_002","2015-06-09","2015-06-23","2017-01-15","NEON.BET.D07.000520","SPHSTE1","Animalia","Arthropoda","Insecta","Coleoptera","Carabidae","Carabinae","Cychrini","Sphaeroderus",,"stenostomus","lecontei","Sphaeroderus stenostomus lecontei","Dejean","subspecies",,"F",,"Lindroth, C. H. 1969. The ground-beetles (Carabidae, excl. Cicindelinae) of Canada and Alaska, parts 1-6. Opuscula E. Entomoligiska Sallskapet.","Kipling Will","Essig Museum of Entomology",,"No known compromise","N",,
"f0e9992e-1ca7-4d9d-8c4b-c6b740025b57","ORNL_002.basePlot.bet","D07","ORNL","ORNL_002","2015-06-09","2015-06-23","2017-01-15","NEON.BET.D07.000517","SPHSTE1","Animalia","Arthropoda","Insecta","Coleoptera","Carabidae","Carabinae","Cychrini","Sphaeroderus",,"stenostomus","lecontei","Sphaeroderus stenostomus lecontei","Dejean","subspecies",,"F",,"Lindroth, C. H. 1969. The ground-beetles (Carabidae, excl. Cicindelinae) of Canada and Alaska, parts 1-6. Opuscula E. Entomoligiska Sallskapet.","Kipling Will","Essig Museum of Entomology",,"No known compromise","N",,
