uid,namedLocation,domainID,siteID,plotID,trapID,plotType,nlcdClass,decimalLatitude,decimalLongitude,geodeticDatum,coordinateUncertainty,elevation,elevationUncertainty,setDate,collectDate,eventID,daysOfTrapping,sampleCollected,sampleID,cupStatus,lidStatus,fluidLevel,samplingProtocolVersion,recordedBy,remarks
"b22a356b-ec1b-4816-8db6-e6b4dd6304bb","KONZ_009.basePlot.bet","D06","KONZ","KONZ_009","S","distributed","grasslandHerbaceous",39.107316,-96.585982,"WGS84",20.1,373.1,0.1,"2016-03-22","2016-04-05","KONZ.2016.14",14,"Y","KONZ_009.S.20160405","Ok","Ok","Ok","NEON.DOC.014050vH","Oad2LKJFK3B2dDlh7YO8Pa8zgFdkkUNN","Lid present but warped from fire"
"175874d4-9123-4071-8e85-59f33b6bb41f","KONZ_025.basePlot.bet","D06","KONZ","KONZ_025","S","distributed","deciduousForest",39.103999,-96.596164,"WGS84",20.3,339.1,0.2,"2016-03-22","2016-04-05","KONZ.2016.14",14,"Y","KONZ_025.S.20160405","Ok","Ok","Ok","NEON.DOC.014050vH","Oad2LKJFK3B2dDlh7YO8Pa8zgFdkkUNN",
"bab31549-036b-4464-abc2-f9012370ec88","KONZ_004.basePlot.bet","D06","KONZ","KONZ_004","S","distributed","grasslandHerbaceous",39.110568,-96.550148,"WGS84",20.0,375.1,0.0,"2016-03-22","2016-04-05","KONZ.2016.14",14,"Y","KONZ_004.S.20160405","Ok","Ok","Ok","NEON.DOC.014050vH","VtK34V8hMvSAN7vSWVIm9QY1ximcsJ/y",
"98fe6e2c-4cf5-4df3-943f-499a6420d026","KONZ_008.basePlot.bet","D06","KONZ","KONZ_008","S","distributed","grasslandHerbaceous",39.108081,-96.545369,"WGS84",20.0,383.3,0.0,"2016-03-22","2016-04-05","KONZ.2016.14",14,"Y","KONZ_008.S.20160405","Ok","Ok","Ok","NEON.DOC.014050vH","VtK34V8hMvSAN7vSWVIm9QY1ximcsJ/y",
"743e5524-a64c-4fc6-ba89-a1d27e66ce0a","KONZ_001.basePlot.bet","D06","KONZ","KONZ_001","S","distributed","grasslandHerbaceous",39.075067,-96.555875,"WGS84",20.1,437.7,0.1,"2016-03-22","2016-04-05","KONZ.2016.14",14,"Y","KONZ_001.S.20160405","Ok","Ok","Ok","NEON.DOC.014050vH","VtK34V8hMvSAN7vSWVIm9QY1ximcsJ/y",
"5fcbd121-c540-4e81-8a47-a1c973048cfd","KONZ_007.basePlot.bet","D06","KONZ","KONZ_007","S","distributed","grasslandHerbaceous",39.086977,-96.544717,"WGS84",20.1,422.6,0.1,"2016-03-22","2016-04-05","KONZ.2016.14",14,"Y","KONZ_007.S.20160405","Ok","Ok","Ok","NEON.DOC.014050vH","VtK34V8hMvSAN7vSWVIm9QY1ximcsJ/y",
"ca45d11b-a96a-46bd-b231-b4db2c877a0c","KONZ_007.basePlot.bet","D06","KONZ","KONZ_007","W","distributed","grasslandHerbaceous",39.086977,-96.544717,"WGS84",20.1,422.6,0.1,"2016-03-22","2016-04-05","KONZ.2016.14",14,"Y","KONZ_007.W.20160405","Ok","Ok","Ok","NEON.DOC.014050vH","VtK34V8hMvSAN7vSWVIm9QY1ximcsJ/y",
"9eb28fe7-9593-4f03-8b41-3aa4637a2d23","KONZ_006.basePlot.bet","D06","KONZ","KONZ_006","W","distributed","grasslandHerbaceous",39.071160,-96.588942,"WGS84",20.1,409.5,0.1,"2016-03-22","2016-04-05","KONZ.2016.14",14,"Y","KONZ_006.W.20160405","Ok","Ok","Ok","NEON.DOC.014050vH","Oad2LKJFK3B2dDlh7YO8Pa8zgFdkkUNN",
"af88af5b-42ae-4366-ad23-b08b3de7b0cb","KONZ_005.basePlot.bet","D06","KONZ","KONZ_005","W","distributed","grasslandHerbaceous",39.082563,-96.566705,"WGS84",20.0,424.1,0.0,"2016-03-22","2016-04-05","KONZ.2016.14",14,"Y","KONZ_005.W.20160405","Ok","Ok","Ok","NEON.DOC.014050vH","Oad2LKJFK3B2dDlh7YO8Pa8zgFdkkUNN",
"ab619d3c-394e-467d-8549-cd86a029b727","KONZ_003.basePlot.bet","D06","KONZ","KONZ_003","W","distributed","grasslandHerbaceous",39.088076,-96.570347,"WGS84",20.0,404.2,0.0,"2016-03-22","2016-04-05","KONZ.2016.14",14,"Y","KONZ_003.W.20160405","Ok","Ok","Ok","NEON.DOC.014050vH","Oad2LKJFK3B2dDlh7YO8Pa8zgFdkkUNN",
"b5856fdd-fa34-43d2-b79f-2d72a880904f","KONZ_009.basePlot.bet","D06","KONZ","KONZ_009","W","distributed","grasslandHerbaceous",39.107316,-96.585982,"WGS84",20.1,373.1,0.1,"2016-03-22","2016-04-05","KONZ.2016.14",14,"Y","KONZ_009.W.20160405","Ok","Ok","Ok","NEON.DOC.014050vH","Oad2LKJFK3B2dDlh7YO8Pa8zgFdkkUNN",
"d24b3aaf-fc7a-4a7d-9035-2dbb6aa3b757","KONZ_025.basePlot.bet","D06","KONZ","KONZ_025","W","distributed","deciduousForest",39.103999,-96.596164,"WGS84",20.3,339.1,0.2,"2016-03-22","2016-04-05","KONZ.2016.14",14,"Y","KONZ_025.W.20160405","Ok","Ok","Ok","NEON.DOC.014050vH","Oad2LKJFK3B2dDlh7YO8Pa8zgFdkkUNN",
"b4b06530-8e95-4e1a-85a7-a3db57f65f35","KONZ_004.basePlot.bet","D06","KONZ","KONZ_004","W","distributed","grasslandHerbaceous",39.110568,-96.550148,"WGS84",20.0,375.1,0.0,"2016-03-22","2016-04-05","KONZ.2016.14",14,"Y","KONZ_004.W.20160405","Ok","Ok","Ok","NEON.DOC.014050vH","VtK34V8hMvSAN7vSWVIm9QY1ximcsJ/y",
"ad4589cc-d7f8-44a1-84a3-33e37cf55f53","KONZ_001.basePlot.bet","D06","KONZ","KONZ_001","W","distributed","grasslandHerbaceous",39.075067,-96.555875,"WGS84",20.1,437.7,0.1,"2016-03-22","2016-04-05","KONZ.2016.14",14,"Y","KONZ_001.W.20160405","Ok","Ok","Ok","NEON.DOC.014050vH","VtK34V8hMvSAN7vSWVIm9QY1ximcsJ/y",
"aeb6afda-facd-4b73-8e43-a15b3d9c3e41","KONZ_008.basePlot.bet","D06","KONZ","KONZ_008","W","distributed","grasslandHerbaceous",39.108081,-96.545369,"WGS84",20.0,383.3,0.0,"2016-03-22","2016-04-05","KONZ.2016.14",14,"Y","KONZ_008.W.20160405","Ok","Ok","Ok","NEON.DOC.014050vH","VtK34V8hMvSAN7vSWVIm9QY1ximcsJ/y",
"54834c36-9c6a-49d2-a2e9-f846d424b9d0","KONZ_002.basePlot.bet","D06","KONZ","KONZ_002","W","distributed","grasslandHerbaceous",39.119993,-96.546016,"WGS84",20.0,399.9,0.0,"2016-03-22","2016-04-05","KONZ.2016.14",14,"Y","KONZ_002.W.20160405","Ok","Ok","Low","NEON.DOC.014050vH","VtK34V8hMvSAN7vSWVIm9QY1ximcsJ/y",
"ce200b2d-a55d-4e9c-ac89-c8decc18fba5","KONZ_009.basePlot.bet","D06","KONZ","KONZ_009","E","distributed","grasslandHerbaceous",39.107316,-96.585982,"WGS84",20.1,373.1,0.1,"2016-03-22","2016-04-05","KONZ.2016.14",14,"Y","KONZ_009.E.20160405","Ok","Ok","Ok","NEON.DOC.014050vH","Oad2LKJFK3B2dDlh7YO8Pa8zgFdkkUNN",
"6e951a6f-937b-422d-8d7f-03376f2b56d9","KONZ_007.basePlot.bet","D06","KONZ","KONZ_007","E","distributed","grasslandHerbaceous",39.086977,-96.544717,"WGS84",20.1,422.6,0.1,"2016-03-22","2016-04-05","KONZ.2016.14",14,"Y","KONZ_007.E.20160405","Ok","Ok","Ok","NEON.DOC.014050vH","VtK34V8hMvSAN7vSWVIm9QY1ximcsJ/y",
"255a249e-61fb-45ad-b186-40494edaec91","KONZ_008.basePlot.bet","D06","KONZ","KONZ_008","E","distributed","grasslandHerbaceous",39.108081,-96.545369,"WGS84",20.0,383.3,0.0,"2016-03-22","2016-04-05","KONZ.2016.14",14,"Y","KONZ_008.E.20160405","Ok","Ok","Ok","NEON.DOC.014050vH","VtK34V8hMvSAN7vSWVIm9QY1ximcsJ/y",
"1bc35911-ea0d-4ddf-94aa-b09175537b95","KONZ_002.basePlot.bet","D06","KONZ","KONZ_002","E","distributed","grasslandHerbaceous",39.119993,-96.546016,"WGS84",20.0,399.9,0.0,"2016-03-22","2016-04-05","KONZ.2016.14",14,"Y","KONZ_002.E.20160405","Ok","Ok","Ok","NEON.DOC.014050vH","VtK34V8hMvSAN7vSWVIm9QY1ximcsJ/y",
"382c159e-d19c-4f54-8752-a2b2992e1cb1","KONZ_006.basePlot.bet","D06","KONZ","KONZ_006","E","distributed","grasslandHerbaceous",39.071160,-96.588942,"WGS84",20.1,409.5,0.1,"2016-03-22","2016-04-05","KONZ.2016.14",14,"Y","KONZ_006.E.20160405","Ok","Ok","Ok","NEON.DOC.014050vH","Oad2LKJFK3B2dDlh7YO8Pa8zgFdkkUNN",
"08d53822-7ee1-4c4b-8ba5-b12430655856","KONZ_005.basePlot.bet","D06","KONZ","KONZ_005","E","distributed","grasslandHerbaceous",39.082563,-96.566705,"WGS84",20.0,424.1,0.0,"2016-03-22","2016-04-05","KONZ.2016.14",14,"Y","KONZ_005.E.20160405","Ok","Ok","Ok","NEON.DOC.014050vH","Oad2LKJFK3B2dDlh7YO8Pa8zgFdkkUNN",
"3880d05f-96ba-48e3-8911-e4e55f537974","KONZ_003.basePlot.bet","D06","KONZ","KONZ_003","E","distributed","grasslandHerbaceous",39.088076,-96.570347,"WGS84",20.0,404.2,0.0,"2016-03-22","2016-04-05","KONZ.2016.14",14,"Y","KONZ_003.E.20160405","Ok","Ok","Ok","NEON.DOC.014050vH","Oad2LKJFK3B2dDlh7YO8Pa8zgFdkkUNN",
"ac53925f-e12c-4b8b-afac-b2facbd74e85","KONZ_025.basePlot.bet","D06","KONZ","KONZ_025","E","distributed","deciduousForest",39.103999,-96.596164,"WGS84",20.3,339.1,0.2,"2016-03-22","2016-04-05","KONZ.2016.14",14,"Y","KONZ_025.E.20160405","Ok","Ok","Ok","NEON.DOC.014050vH","Oad2LKJFK3B2dDlh7YO8Pa8zgFdkkUNN",
"5e2bde76-3fb5-462d-9839-aa1b25168a7a","KONZ_001.basePlot.bet","D06","KONZ","KONZ_001","E","distributed","grasslandHerbaceous",39.075067,-96.555875,"WGS84",20.1,437.7,0.1,"2016-03-22","2016-04-05","KONZ.2016.14",14,"Y","KONZ_001.E.20160405","Ok","Ok","Ok","NEON.DOC.014050vH","VtK34V8hMvSAN7vSWVIm9QY1ximcsJ/y",
"07764519-af74-4d85-beb4-e9f129a074fc","KONZ_004.basePlot.bet","D06","KONZ","KONZ_004","E","distributed","grasslandHerbaceous",39.110568,-96.550148,"WGS84",20.0,375.1,0.0,"2016-03-22","2016-04-05","KONZ.2016.14",14,"Y","KONZ_004.E.20160405","Ok","Ok","Low","NEON.DOC.014050vH","VtK34V8hMvSAN7vSWVIm9QY1ximcsJ/y",
"0a56b43a-ade7-40d5-ab2b-d64ab23481e4","KONZ_008.basePlot.bet","D06","KONZ","KONZ_008","N","distributed","grasslandHerbaceous",39.108081,-96.545369,"WGS84",20.0,383.3,0.0,"2016-03-22","2016-04-05","KONZ.2016.14",14,"Y","KONZ_008.N.20160405","Ok","Ok","Ok","NEON.DOC.014050vH","VtK34V8hMvSAN7vSWVIm9QY1ximcsJ/y",
"70142010-ae8a-45be-9f38-6051a836dd29","KONZ_025.basePlot.bet","D06","KONZ","KONZ_025","N","distributed","deciduousForest",39.103999,-96.596164,"WGS84",20.3,339.1,0.2,"2016-03-22","2016-04-05","KONZ.2016.14",14,"Y","KONZ_025.N.20160405","Ok","Ok","Ok","NEON.DOC.014050vH","Oad2LKJFK3B2dDlh7YO8Pa8zgFdkkUNN",
"075ad26d-8874-4900-b591-9e88af270678","KONZ_004.basePlot.bet","D06","KONZ","KONZ_004","N","distributed","grasslandHerbaceous",39.110568,-96.550148,"WGS84",20.0,375.1,0.0,"2016-03-22","2016-04-05","KONZ.2016.14",14,"Y","KONZ_004.N.20160405","Ok","Ok","Ok","NEON.DOC.014050vH","VtK34V8hMvSAN7vSWVIm9QY1ximcsJ/y",
"d1508b20-bbf1-4d03-b346-4cd5648516f5","KONZ_001.basePlot.bet","D06","KONZ","KONZ_001","N","distributed","grasslandHerbaceous",39.075067,-96.555875,"WGS84",20.1,437.7,0.1,"2016-03-22","2016-04-05","KONZ.2016.14",14,"Y","KONZ_001.N.20160405","Ok","Ok","Ok","NEON.DOC.014050vH","VtK34V8hMvSAN7vSWVIm9QY1ximcsJ/y",
"c844ba08-2917-4ebe-89ef-053fe0c41840","KONZ_007.basePlot.bet","D06","KONZ","KONZ_007","N","distributed","grasslandHerbaceous",39.086977,-96.544717,"WGS84",20.1,422.6,0.1,"2016-03-22","2016-04-05","KONZ.2016.14",14,"Y","KONZ_007.N.20160405","Ok","Ok","Ok","NEON.DOC.014050vH","VtK34V8hMvSAN7vSWVIm9QY1ximcsJ/y",
"bcbdcdcd-da9f-43d6-8e37-55bb23053db0","KONZ_002.basePlot.bet","D06","KONZ","KONZ_002","N","distributed","grasslandHerbaceous",39.119993,-96.546016,"WGS84",20.0,399.9,0.0,"2016-03-22","2016-04-05","KONZ.2016.14",14,"Y","KONZ_002.N.20160405","Ok","Ok","Ok","NEON.DOC.014050vH","VtK34V8hMvSAN7vSWVIm9QY1ximcsJ/y",
"18bc7d5f-8074-4861-806a-cc8bf653afc0","KONZ_006.basePlot.bet","D06","KONZ","KONZ_006","N","distributed","grasslandHerbaceous",39.071160,-96.588942,"WGS84",20.1,409.5,0.1,"2016-03-22","2016-04-05","KONZ.2016.14",14,"Y","KONZ_006.N.20160405","Ok","Ok","Low","NEON.DOC.014050vH","Oad2LKJFK3B2dDlh7YO8Pa8zgFdkkUNN","PGDI solution gone"
"59209d18-6aa3-47ec-a7fd-40c9f428395f","KONZ_005.basePlot.bet","D06","KONZ","KONZ_005","N","distributed","grasslandHerbaceous",39.082563,-96.566705,"WGS84",20.0,424.1,0.0,"2016-03-22","2016-04-05","KONZ.2016.14",14,"Y","KONZ_005.N.20160405","Ok","Ok","Ok","NEON.DOC.014050vH","Oad2LKJFK3B2dDlh7YO8Pa8zgFdkkUNN",
"566d8fd2-6aab-4c9e-b3d0-ff6f0b8f784f","KONZ_003.basePlot.bet","D06","KONZ","KONZ_003","N","distributed","grasslandHerbaceous",39.088076,-96.570347,"WGS84",20.0,404.2,0.0,"2016-03-22","2016-04-05","KONZ.2016.14",14,"Y","KONZ_003.N.20160405","Ok","Ok","Ok","NEON.DOC.014050vH","Oad2LKJFK3B2dDlh7YO8Pa8zgFdkkUNN",
"18214868-2132-4246-b540-973d2984ec94","KONZ_009.basePlot.bet","D06","KONZ","KONZ_009","N","distributed","grasslandHerbaceous",39.107316,-96.585982,"WGS84",20.1,373.1,0.1,"2016-03-22","2016-04-05","KONZ.2016.14",14,"Y","KONZ_009.N.20160405","Ok","Ok","Ok","NEON.DOC.014050vH","Oad2LKJFK3B2dDlh7YO8Pa8zgFdkkUNN","Lid present but melted from fire"
"8c6a0a17-934e-4632-84a6-a98360865c3a","KONZ_006.basePlot.bet","D06","KONZ","KONZ_006","S","distributed","grasslandHerbaceous",39.071160,-96.588942,"WGS84",20.1,409.5,0.1,"2016-03-22","2016-04-05","KONZ.2016.14",14,"Y","KONZ_006.S.20160405","Ok","Ok","Ok","NEON.DOC.014050vH","Oad2LKJFK3B2dDlh7YO8Pa8zgFdkkUNN",
"b5eba33c-c538-48da-a441-aab4cdb53064","KONZ_002.basePlot.bet","D06","KONZ","KONZ_002","S","distributed","grasslandHerbaceous",39.119993,-96.546016,"WGS84",20.0,399.9,0.0,"2016-03-22","2016-04-05","KONZ.2016.14",14,"Y","KONZ_002.S.20160405","Ok","Ok","Low","NEON.DOC.014050vH","VtK34V8hMvSAN7vSWVIm9QY1ximcsJ/y",
"135e0ebf-dffd-418f-9e99-c6d220188a07","KONZ_005.basePlot.bet","D06","KONZ","KONZ_005","S","distributed","grasslandHerbaceous",39.082563,-96.566705,"WGS84",20.0,424.1,0.0,"2016-03-22","2016-04-05","KONZ.2016.14",14,"Y","KONZ_005.S.20160405","Ok","Ok","Ok","NEON.DOC.014050vH","Oad2LKJFK3B2dDlh7YO8Pa8zgFdkkUNN",
"0bae4326-5e07-4199-bea9-ca687ab546d9","KONZ_003.basePlot.bet","D06","KONZ","KONZ_003","S","distributed","grasslandHerbaceous",39.088076,-96.570347,"WGS84",20.0,404.2,0.0,"2016-03-22","2016-04-05","KONZ.2016.14",14,"Y","KONZ_003.S.20160405","Ok","Ok","Ok","NEON.DOC.014050vH","Oad2LKJFK3B2dDlh7YO8Pa8zgFdkkUNN","Animal dug around one corner of lid but lid not disturbed"
"bc48aba3-fd22-406e-a60c-d8d6f7346a2a","KONZ_005.basePlot.bet","D06","KONZ","KONZ_005","E","distributed","grasslandHerbaceous",39.082563,-96.566705,"WGS84",20.0,424.1,0.0,"2016-04-05","2016-04-19","KONZ.2016.16",14,"Y","KONZ_005.E.20160419","Ok","Disturbed","Ok","NEON.DOC.014050vH","vs1UuG9kapH8J0otLL0MR0IS/fjVsDuh","Lid melted by fire"
"c3800e39-aab0-46f9-aafd-80fe47359ad9","KONZ_004.basePlot.bet","D06","KONZ","KONZ_004","W","distributed","grasslandHerbaceous",39.110568,-96.550148,"WGS84",20.0,375.1,0.0,"2016-04-05","2016-04-19","KONZ.2016.16",14,"Y","KONZ_004.W.20160419","Ok","Ok","Ok","NEON.DOC.014050vH","29ijMy9MQrajCm2JLZzgC4i1O6XKx/yF",
"d4711b41-829c-4a03-8c52-262ac98da4e8","KONZ_009.basePlot.bet","D06","KONZ","KONZ_009","E","distributed","grasslandHerbaceous",39.107316,-96.585982,"WGS84",20.1,373.1,0.1,"2016-04-05","2016-04-19","KONZ.2016.16",14,"Y","KONZ_009.E.20160419","Ok","Ok","Ok","NEON.DOC.014050vH","vs1UuG9kapH8J0otLL0MR0IS/fjVsDuh",
"38df3243-74a4-4368-88b4-908123d72d37","KONZ_002.basePlot.bet","D06","KONZ","KONZ_002","E","distributed","grasslandHerbaceous",39.119993,-96.546016,"WGS84",20.0,399.9,0.0,"2016-04-05","2016-04-19","KONZ.2016.16",14,"Y","KONZ_002.E.20160419","Ok","Ok","Ok","NEON.DOC.014050vH","VtK34V8hMvSAN7vSWVIm9QY1ximcsJ/y",
"a68f7a35-53ae-411e-bc6d-eeb7dffbcb25","KONZ_006.basePlot.bet","D06","KONZ","KONZ_006","E","distributed","grasslandHerbaceous",39.071160,-96.588942,"WGS84",20.1,409.5,0.1,"2016-04-05","2016-04-19","KONZ.2016.16",14,"Y","KONZ_006.E.20160419","Ok","Ok","Ok","NEON.DOC.014050vH","Oad2LKJFK3B2dDlh7YO8Pa8zgFdkkUNN",
"daae30e8-5676-4e6e-8401-32014ed9f6cd","KONZ_008.basePlot.bet","D06","KONZ","KONZ_008","E","distributed","grasslandHerbaceous",39.108081,-96.545369,"WGS84",20.0,383.3,0.0,"2016-04-05","2016-04-19","KONZ.2016.16",14,"Y","KONZ_008.E.20160419","Ok","Ok","Ok","NEON.DOC.014050vH","29ijMy9MQrajCm2JLZzgC4i1O6XKx/yF",
"87839acd-1bed-448c-9bd9-782a22f81c63","KONZ_007.basePlot.bet","D06","KONZ","KONZ_007","E","distributed","grasslandHerbaceous",39.086977,-96.544717,"WGS84",20.1,422.6,0.1,"2016-04-05","2016-04-19","KONZ.2016.16",14,"Y","KONZ_007.E.20160419","Ok","Ok","Ok","NEON.DOC.014050vH","29ijMy9MQrajCm2JLZzgC4i1O6XKx/yF",
"ca4888d6-20e3-4b17-87aa-53de80dab65d","KONZ_025.basePlot.bet","D06","KONZ","KONZ_025","E","distributed","deciduousForest",39.103999,-96.596164,"WGS84",20.3,339.1,0.2,"2016-04-05","2016-04-19","KONZ.2016.16",14,"Y","KONZ_025.E.20160419","Ok","Ok","Ok","NEON.DOC.014050vH","vs1UuG9kapH8J0otLL0MR0IS/fjVsDuh",
"93a6ac33-8930-435b-9115-8549cd0fb00c","KONZ_004.basePlot.bet","D06","KONZ","KONZ_004","E","distributed","grasslandHerbaceous",39.110568,-96.550148,"WGS84",20.0,375.1,0.0,"2016-04-05","2016-04-19","KONZ.2016.16",14,"Y","KONZ_004.E.20160419","Ok","Ok","Ok","NEON.DOC.014050vH","29ijMy9MQrajCm2JLZzgC4i1O6XKx/yF",
"1866f1ff-77e8-4d5a-addb-d51bb51401c0","KONZ_001.basePlot.bet","D06","KONZ","KONZ_001","E","distributed","grasslandHerbaceous",39.075067,-96.555875,"WGS84",20.1,437.7,0.1,"2016-04-05","2016-04-19","KONZ.2016.16",14,"Y","KONZ_001.E.20160419","Ok","Ok","Ok","NEON.DOC.014050vH","29ijMy9MQrajCm2JLZzgC4i1O6XKx/yF",
"6379a492-fe44-422a-a2d8-f1e8c15384d9","KONZ_008.basePlot.bet","D06","KONZ","KONZ_008","N","distributed","grasslandHerbaceous",39.108081,-96.545369,"WGS84",20.0,383.3,0.0,"2016-04-05","2016-04-19","KONZ.2016.16",14,"Y","KONZ_008.N.20160419","Ok","Ok","Ok","NEON.DOC.014050vH","29ijMy9MQrajCm2JLZzgC4i1O6XKx/yF",
"952f3104-b014-4b39-b785-05c78497382f","KONZ_007.basePlot.bet","D06","KONZ","KONZ_007","N","distributed","grasslandHerbaceous",39.086977,-96.544717,"WGS84",20.1,422.6,0.1,"2016-04-05","2016-04-19","KONZ.2016.16",14,"Y","KONZ_007.N.20160419","Ok","Ok","Ok","NEON.DOC.014050vH","29ijMy9MQrajCm2JLZzgC4i1O6XKx/yF",
"9a58cce7-bef6-45ed-b460-6979c860def1","KONZ_002.basePlot.bet","D06","KONZ","KONZ_002","N","distributed","grasslandHerbaceous",39.119993,-96.546016,"WGS84",20.0,399.9,0.0,"2016-04-05","2016-04-19","KONZ.2016.16",14,"Y","KONZ_002.N.20160419","Ok","Ok","Ok","NEON.DOC.014050vH","VtK34V8hMvSAN7vSWVIm9QY1ximcsJ/y",
"c011f877-63a5-4694-87de-613f0d32a500","KONZ_025.basePlot.bet","D06","KONZ","KONZ_025","N","distributed","deciduousForest",39.103999,-96.596164,"WGS84",20.3,339.1,0.2,"2016-04-05","2016-04-19","KONZ.2016.16",14,"Y","KONZ_025.N.20160419","Ok","Ok","Ok","NEON.DOC.014050vH","vs1UuG9kapH8J0otLL0MR0IS/fjVsDuh",
"b4c4b03e-1f14-42c9-aad2-4fd4573a3786","KONZ_004.basePlot.bet","D06","KONZ","KONZ_004","N","distributed","grasslandHerbaceous",39.110568,-96.550148,"WGS84",20.0,375.1,0.0,"2016-04-05","2016-04-19","KONZ.2016.16",14,"Y","KONZ_004.N.20160419","Ok","Ok","Ok","NEON.DOC.014050vH","29ijMy9MQrajCm2JLZzgC4i1O6XKx/yF",
"cfe8a299-d034-4840-883d-01e847777c8a","KONZ_001.basePlot.bet","D06","KONZ","KONZ_001","N","distributed","grasslandHerbaceous",39.075067,-96.555875,"WGS84",20.1,437.7,0.1,"2016-04-05","2016-04-19","KONZ.2016.16",14,"Y","KONZ_001.N.20160419","Ok","Ok","Ok","NEON.DOC.014050vH","29ijMy9MQrajCm2JLZzgC4i1O6XKx/yF",
"c718967c-92a9-410f-817c-b5ccfe652e02","KONZ_003.basePlot.bet","D06","KONZ","KONZ_003","N","distributed","grasslandHerbaceous",39.088076,-96.570347,"WGS84",20.0,404.2,0.0,"2016-04-05","2016-04-19","KONZ.2016.16",14,"Y","KONZ_003.N.20160419","Ok","Disturbed","Ok","NEON.DOC.014050vH","vs1UuG9kapH8J0otLL0MR0IS/fjVsDuh","Lid melted by fire. Top cup slightly melted but OK to continue using."
"c38c592f-b0f3-4f0e-8085-bccb80ee3fc7","KONZ_009.basePlot.bet","D06","KONZ","KONZ_009","N","distributed","grasslandHerbaceous",39.107316,-96.585982,"WGS84",20.1,373.1,0.1,"2016-04-05","2016-04-19","KONZ.2016.16",14,"Y","KONZ_009.N.20160419","Ok","Ok","Ok","NEON.DOC.014050vH","vs1UuG9kapH8J0otLL0MR0IS/fjVsDuh",
"69494b97-d701-46c4-af85-d08d2c965758","KONZ_006.basePlot.bet","D06","KONZ","KONZ_006","N","distributed","grasslandHerbaceous",39.071160,-96.588942,"WGS84",20.1,409.5,0.1,"2016-04-05","2016-04-19","KONZ.2016.16",14,"Y","KONZ_006.N.20160419","Ok","Ok","Ok","NEON.DOC.014050vH","Oad2LKJFK3B2dDlh7YO8Pa8zgFdkkUNN",
"384996e1-30a4-4a2d-8b0e-54b76cf48d97","KONZ_005.basePlot.bet","D06","KONZ","KONZ_005","N","distributed","grasslandHerbaceous",39.082563,-96.566705,"WGS84",20.0,424.1,0.0,"2016-04-05","2016-04-19","KONZ.2016.16",14,"Y","KONZ_005.N.20160419","Ok","Ok","Ok","NEON.DOC.014050vH","vs1UuG9kapH8J0otLL0MR0IS/fjVsDuh",
"4776af77-6213-493f-b176-261cc44967bc","KONZ_009.basePlot.bet","D06","KONZ","KONZ_009","S","distributed","grasslandHerbaceous",39.107316,-96.585982,"WGS84",20.1,373.1,0.1,"2016-04-05","2016-04-19","KONZ.2016.16",14,"Y","KONZ_009.S.20160419","Ok","Ok","Ok","NEON.DOC.014050vH","vs1UuG9kapH8J0otLL0MR0IS/fjVsDuh",
"d418fce0-acca-41b2-818c-e564bcc14d92","KONZ_003.basePlot.bet","D06","KONZ","KONZ_003","S","distributed","grasslandHerbaceous",39.088076,-96.570347,"WGS84",20.0,404.2,0.0,"2016-04-05","2016-04-19","KONZ.2016.16",14,"Y","KONZ_003.S.20160419","Ok","Ok","Ok","NEON.DOC.014050vH","vs1UuG9kapH8J0otLL0MR0IS/fjVsDuh",
"723e0568-1284-445f-a554-b28f856d5509","KONZ_005.basePlot.bet","D06","KONZ","KONZ_005","S","distributed","grasslandHerbaceous",39.082563,-96.566705,"WGS84",20.0,424.1,0.0,"2016-04-05","2016-04-19","KONZ.2016.16",14,"Y","KONZ_005.S.20160419","Ok","Ok","Ok","NEON.DOC.014050vH","vs1UuG9kapH8J0otLL0MR0IS/fjVsDuh",
"5861a25f-40dc-466a-a67a-f52c006af2fa","KONZ_006.basePlot.bet","D06","KONZ","KONZ_006","S","distributed","grasslandHerbaceous",39.071160,-96.588942,"WGS84",20.1,409.5,0.1,"2016-04-05","2016-04-19","KONZ.2016.16",14,"Y","KONZ_006.S.20160419","Ok","Ok","Ok","NEON.DOC.014050vH","Oad2LKJFK3B2dDlh7YO8Pa8zgFdkkUNN",
"5968f5ae-88e6-402f-a944-d9099b7af000","KONZ_002.basePlot.bet","D06","KONZ","KONZ_002","S","distributed","grasslandHerbaceous",39.119993,-96.546016,"WGS84",20.0,399.9,0.0,"2016-04-05","2016-04-19","KONZ.2016.16",14,"Y","KONZ_002.S.20160419","Ok","Ok","Ok","NEON.DOC.014050vH","VtK34V8hMvSAN7vSWVIm9QY1ximcsJ/y",
"56e071b6-d4b4-4e4e-8ee8-034acd598e16","KONZ_007.basePlot.bet","D06","KONZ","KONZ_007","S","distributed","grasslandHerbaceous",39.086977,-96.544717,"WGS84",20.1,422.6,0.1,"2016-04-05","2016-04-19","KONZ.2016.16",14,"Y","KONZ_007.S.20160419","Ok","Ok","Ok","NEON.DOC.014050vH","29ijMy9MQrajCm2JLZzgC4i1O6XKx/yF",
"88ae9451-ac93-4e5e-9264-c28f186b2ca1","KONZ_008.basePlot.bet","D06","KONZ","KONZ_008","S","distributed","grasslandHerbaceous",39.108081,-96.545369,"WGS84",20.0,383.3,0.0,"2016-04-05","2016-04-19","KONZ.2016.16",14,"Y","KONZ_008.S.20160419","Ok","Ok","Ok","NEON.DOC.014050vH","29ijMy9MQrajCm2JLZzgC4i1O6XKx/yF",
"773ce21c-02b6-4dcc-9471-0c9bf7d8f77c","KONZ_001.basePlot.bet","D06","KONZ","KONZ_001","S","distributed","grasslandHerbaceous",39.075067,-96.555875,"WGS84",20.1,437.7,0.1,"2016-04-05","2016-04-19","KONZ.2016.16",14,"Y","KONZ_001.S.20160419","Ok","Ok","Ok","NEON.DOC.014050vH","29ijMy9MQrajCm2JLZzgC4i1O6XKx/yF",
"3bd9bbd6-1b17-4fe0-bbba-0ee522ba818e","KONZ_004.basePlot.bet","D06","KONZ","KONZ_004","S","distributed","grasslandHerbaceous",39.110568,-96.550148,"WGS84",20.0,375.1,0.0,"2016-04-05","2016-04-19","KONZ.2016.16",14,"Y","KONZ_004.S.20160419","Ok","Ok","Ok","NEON.DOC.014050vH","29ijMy9MQrajCm2JLZzgC4i1O6XKx/yF",
"f3cd53c1-9e1c-4e27-b014-885ad1e8070e","KONZ_025.basePlot.bet","D06","KONZ","KONZ_025","S","distributed","deciduousForest",39.103999,-96.596164,"WGS84",20.3,339.1,0.2,"2016-04-05","2016-04-19","KONZ.2016.16",14,"Y","KONZ_025.S.20160419","Ok","Ok","Ok","NEON.DOC.014050vH","vs1UuG9kapH8J0otLL0MR0IS/fjVsDuh",
"45d1478a-a9df-4d26-b15b-d23dfdc7a2b9","KONZ_005.basePlot.bet","D06","KONZ","KONZ_005","W","distributed","grasslandHerbaceous",39.082563,-96.566705,"WGS84",20.0,424.1,0.0,"2016-04-05","2016-04-19","KONZ.2016.16",14,"Y","KONZ_005.W.20160419","Ok","Disturbed","Ok","NEON.DOC.014050vH","vs1UuG9kapH8J0otLL0MR0IS/fjVsDuh","Lid melted by fire"
"7c3a3ac7-933b-4960-b2a5-c5774b807775","KONZ_008.basePlot.bet","D06","KONZ","KONZ_008","W","distributed","grasslandHerbaceous",39.108081,-96.545369,"WGS84",20.0,383.3,0.0,"2016-04-05","2016-04-19","KONZ.2016.16",14,"Y","KONZ_008.W.20160419","Ok","Ok","Ok","NEON.DOC.014050vH","29ijMy9MQrajCm2JLZzgC4i1O6XKx/yF",
"fd2df6b8-dd68-4c2a-8f5f-0125824f1913","KONZ_009.basePlot.bet","D06","KONZ","KONZ_009","W","distributed","grasslandHerbaceous",39.107316,-96.585982,"WGS84",20.1,373.1,0.1,"2016-04-05","2016-04-19","KONZ.2016.16",14,"Y","KONZ_009.W.20160419","Ok","Ok","Ok","NEON.DOC.014050vH","vs1UuG9kapH8J0otLL0MR0IS/fjVsDuh",
"c19eee1d-3281-4588-bed3-1ddc849a8b8b","KONZ_025.basePlot.bet","D06","KONZ","KONZ_025","W","distributed","deciduousForest",39.103999,-96.596164,"WGS84",20.3,339.1,0.2,"2016-04-05","2016-04-19","KONZ.2016.16",14,"Y","KONZ_025.W.20160419","Ok","Ok","Ok","NEON.DOC.014050vH","vs1UuG9kapH8J0otLL0MR0IS/fjVsDuh",
"1c482f22-cfbb-4418-9bd8-16172d0ff399","KONZ_002.basePlot.bet","D06","KONZ","KONZ_002","W","distributed","grasslandHerbaceous",39.119993,-96.546016,"WGS84",20.0,399.9,0.0,"2016-04-05","2016-04-19","KONZ.2016.16",14,"Y","KONZ_002.W.20160419","Ok","Ok","Ok","NEON.DOC.014050vH","VtK34V8hMvSAN7vSWVIm9QY1ximcsJ/y",
"b8fbb04b-3251-47ac-8dfa-552301fad31b","KONZ_007.basePlot.bet","D06","KONZ","KONZ_007","W","distributed","grasslandHerbaceous",39.086977,-96.544717,"WGS84",20.1,422.6,0.1,"2016-04-05","2016-04-19","KONZ.2016.16",14,"Y","KONZ_007.W.20160419","Ok","Ok","Ok","NEON.DOC.014050vH","29ijMy9MQrajCm2JLZzgC4i1O6XKx/yF",
"14f7c656-0f71-4d06-8830-c5c24a0204f7","KONZ_006.basePlot.bet","D06","KONZ","KONZ_006","W","distributed","grasslandHerbaceous",39.071160,-96.588942,"WGS84",20.1,409.5,0.1,"2016-04-05","2016-04-19","KONZ.2016.16",14,"Y","KONZ_006.W.20160419","Ok","Ok","Ok","NEON.DOC.014050vH","Oad2LKJFK3B2dDlh7YO8Pa8zgFdkkUNN",
"1cc3b424-d729-47ee-9061-94e220f5cc53","KONZ_003.basePlot.bet","D06","KONZ","KONZ_003","W","distributed","grasslandHerbaceous",39.088076,-96.570347,"WGS84",20.0,404.2,0.0,"2016-04-05","2016-04-19","KONZ.2016.16",14,"Y","KONZ_003.W.20160419","Disturbed","Disturbed","Ok","NEON.DOC.014050vH","vs1UuG9kapH8J0otLL0MR0IS/fjVsDuh","Lid and stakes melted by fire. Lid depressed into cup and top cup melted into bottom cup| replaced in field."
"3e93c45e-3dff-4d93-82f1-5f717acf4381","KONZ_001.basePlot.bet","D06","KONZ","KONZ_001","W","distributed","grasslandHerbaceous",39.075067,-96.555875,"WGS84",20.1,437.7,0.1,"2016-04-05","2016-04-19","KONZ.2016.16",14,"Y","KONZ_001.W.20160419","Ok","Ok","Ok","NEON.DOC.014050vH","29ijMy9MQrajCm2JLZzgC4i1O6XKx/yF",
"bdf689a1-2b84-40ab-b185-3023e610f25c","KONZ_003.basePlot.bet","D06","KONZ","KONZ_003","E","distributed","grasslandHerbaceous",39.088076,-96.570347,"WGS84",20.0,404.2,0.0,"2016-04-05","2016-04-19","KONZ.2016.16",14,"Y","KONZ_003.E.20160419","Ok","Disturbed","Ok","NEON.DOC.014050vH","vs1UuG9kapH8J0otLL0MR0IS/fjVsDuh","Lid melted by fire. Top cup slightly melted but OK to continue using."
