uid,namedLocation,domainID,siteID,plotID,setDate,collectDate,processingDate,subsampleIDList,archiveVialID,scientificName,recordedBy,remarks
"22cd429d-385c-4674-b51e-c5b2733d9172","KONZ_025.basePlot.bet","D06","KONZ","KONZ_025","2016-03-22","2016-04-05","2016-04-07","dZsQaO9YC65q/Gpjlidq4GCvZoFArC8RvWnU9qLZFYu9iWfaQLGyhCwPfB7LakHLK6SEQlaPXlFIolh48Aql++rw5FqyQs3HTUUmvXKeCARkV8BJ6j5hXTnMHReYl6hCM7qJRu6vmM4=","dZsQaO9YC65LzaMxzIXTBjDHyQ4EwUDm",,,
"295e15ea-ab38-4847-a618-d9ffee2c96db","KONZ_008.basePlot.bet","D06","KONZ","KONZ_008","2016-03-22","2016-04-05","2016-04-11","R/i9Sy8FrosgkmaSpKB9HoJD2mY6QSnal3s7GTNYI98PON9IsRyflxh9vZHm/LOvoEAJ4SxdsOLCqF2/0NYBc6U7LfIUFVHvACrZ14y8rFRizwSTsaYeX33QDlNake/vhn56rj6eF50=","R/i9Sy8FrospkxeKcp9HfYYwyJ0D0Q+k",,,
"834f3f2b-9abf-448b-8a92-5a1162fa325f","KONZ_009.basePlot.bet","D06","KONZ","KONZ_009","2016-03-22","2016-04-05","2016-04-11","80BkEGzwD8Z39vROhufPEzOQm0ckTilSG9RRS9xF74CDDbGOmLRDUbTa9P8qxEYadZ1PxFHf1UGkSXN7fgnb5Rf85tzZP2uoPHLb/1wi39Ha+tkKn+vC43VCJwUX1XAr/G/3YUEu7Ss=","80BkEGzwD8as9USwozSaxnzz9UVS8KCP",,,
"3d9fd8a2-f8ad-4630-a2a1-07523e6a8313","KONZ_007.basePlot.bet","D06","KONZ","KONZ_007","2016-03-22","2016-04-05","2016-04-07","f11juJKcl7KHNB1gO4IrnWyfkSaw9QMotesRbFXJjaRlrGJiGhz5LmHMezcDxFPi6cjwMe48J0hq6UCAUVOY+W2WyT+ucgT6mUIzXA09EIeI9/V7EAnTpmX+wpV6sQ4hJVFozbrPdeg=","f11juJKcl7I2IlZGID8iIGpfI07Mfu40",,,
"ab2ba88a-50aa-4631-ac63-e125b0f61e5a","KONZ_001.basePlot.bet","D06","KONZ","KONZ_001","2016-03-22","2016-04-05","2016-04-11","HFNPNHS/o8VRvr50X8hpoQwx+PXQ8sUGbp5UKuq6vtc/wtWwSvLNO+vdAUKSZ4HAqIsFWwkjp1ECBclscNl/cP15/Pw5oY3LCbZ4gHimEJVbUHy3HODpb9RxV73AnPUziqyrFGH1R4o=","HFNPNHS/o8WLi//hhmsFNoSh4zSZNA4Z",,,
"468d4e6a-637d-4073-8704-50dacb818483","KONZ_004.basePlot.bet","D06","KONZ","KONZ_004","2016-03-22","2016-04-05","2016-04-12","7tcdU9lcb1jWE2Q+/p6cJ6uVG8zbt5wmAVPMyjtJrsHR+ml3++M07mkT2Y6XMPwx5t33KIC5Yw3ZlOeFYuTczIi/fIuvHnnRIPh4BS/ikx1cFDWOj2qK3OnE9c+zq1Ko1Y500+l0HdA=","7tcdU9lcb1gRhvhYhZgtrP4Gz+kSA8uF",,,
"2e315925-2218-4000-a318-a08b0fb53b56","KONZ_005.basePlot.bet","D06","KONZ","KONZ_005","2016-03-22","2016-04-05","2016-04-06","sLTlFxIy7/jLbTGbAvjkGRn8RqYbhSD4opZBpmDjCWubywBFsKe3BG9fHhs3Vsa0/tfQndo3Vq6fSMrKZzXfrNBEdZph5fkFe+xz9Q5e23A=","sLTlFxIy7/h4ZuGZeIFneYOZrBIBJgis",,,
"cfa97be1-34d4-47fc-876d-5736bf5dc9c1","KONZ_003.basePlot.bet","D06","KONZ","KONZ_003","2016-03-22","2016-04-05","2016-04-06","KsyoFpuhSbJP6E9i258fGAjAQTVGq+Qa+ouSIqMbMOo/HdXVwn8KghcgX3OtdNweXLpD7Rbktm6JR01jafr3/80Oid8emF7ai+U2CUbi8JDSuqTMYApiB+tWtOtMGWl+feUS9ovJSzQ=","KsyoFpuhSbKCnZWmWIqgyTkF+Ti6M6iR",,,
"42333250-c639-4b1e-812c-c0cad4a49037","KONZ_002.basePlot.bet","D06","KONZ","KONZ_002","2016-03-22","2016-04-05","2016-04-12","hd4HYDqAwpLj6GAthBnf8RDQUN6B3axBQsVE+96ekCLJ+PWLZOvl9I6I2G5D/Kaer452bdRHPiaSLrQuslaWTOEOR324z5UKdZCs1QNC/YviVAMbanl/JBg8kfl1TcaTADyNhx8KO2g=","hd4HYDqAwpKPNzjF20Bdv4+CY+IBXklL",,,
"8676937b-5fb8-4ba8-a093-c95a13888c96","KONZ_006.basePlot.bet","D06","KONZ","KONZ_006","2016-03-22","2016-04-05","2016-04-06","eO41eOee7niQFWa+TVkkUINE/s/c0B365BBKgsiLKKG2zl+5KHHxqAYqM49eXdgra9x89lcC2jM+acawn9t0vp+eGJT3FmX3TH8w8drjd+Ix9SpWq/eX2YDAviXlTQh8yYn98Ruscjk=","eO41eOee7njS9FePyquTY6fztzHm1iAs",,,
"2eb648c8-039e-42df-8f1a-48510db93161","KONZ_025.basePlot.bet","D06","KONZ","KONZ_025","2016-04-05","2016-04-19","2016-04-25","dZsQaO9YC66NIg/Jy0UbcMDKsxdY8mmQJHiftQC7lABv0SvIjO9KTzDaH2YXgmeW2O07svCauBbmMaquL1ug/mQI/GaM7Gy5LiL+ArMDrjRE5F+kbfTyAZ/8yxwmNV6kJtSss82ypKI=","dZsQaO9YC66sI+0TLSgpNO6S7AhbSiUk",,,
"def315c9-8818-48a8-bb34-e07c399b93e4","KONZ_009.basePlot.bet","D06","KONZ","KONZ_009","2016-04-05","2016-04-19","2016-04-28","80BkEGzwD8bHR4sBHOE9ZDtIhmluNIEF8rEEel76A4AIEPq+rhOJhSCgvenRfYY12lTZnfkC8hEYL2B7d7ZeHLJeZmy8AjRRC761+UxgpDgts2ps4UAh7oY5EP5so9J6s1nYtTMmbyQ=","80BkEGzwD8buzwtMHWcYAUOsDrGwNjU/",,,
"26266cda-f462-4bc8-90cf-1f858b0d9966","KONZ_007.basePlot.bet","D06","KONZ","KONZ_007","2016-04-05","2016-04-19","2016-04-25","f11juJKcl7KHNB1gO4IrnWbRK2tP2rYencWa3h/wglTOZebsoTNkNCUXGYW9kbG/blVXhRht7RxDLuvFF1T9pcM+3xIju1kkgegJem0Kmr/+xwsXIgb/BENLAagz2In8xIM0JbXe5Hw=","f11juJKcl7KOJzpQOO75IVh6M5vEhoVH",,,
"7ecd3aaa-ac75-4482-ba2f-90306186ce5c","KONZ_008.basePlot.bet","D06","KONZ","KONZ_008","2016-04-05","2016-04-19","2016-04-26","R/i9Sy8FrotzR8PtwxEv9hBYlTpX4IyIaYhxwGEP9uWOVA96g9+jtRkro+E0IwcSsWV9sZM1ykwUq0OTP9WGgKmv/NJSjwYTBUkotU4kNX9U9VW2CleIrY+37g8a4DrhXbMfv6LD3II=","R/i9Sy8FrovfOeHZyPkAtWZvdh/SRTtu",,,
"1fbb1e19-4579-4584-aee9-b92affa5d2b5","KONZ_005.basePlot.bet","D06","KONZ","KONZ_005","2016-04-05","2016-04-19","2016-04-27","sLTlFxIy7/iT/88L1mf0Wxeg9bZqt9Vv5odgc+Bk2hIwZ08OT/k3ystEWapJyEzjIlhbv6VdNy560ODbGVE+yUb4EXrkrH1oxf70UmqoLBLJ1bE95T27ezLJc3lo+rSd2dbebrslOkQ=","sLTlFxIy7/hg1Du3biDCEp7VfTrfhRdu",,,
"a337ede6-1fa3-495d-95d4-0dd22c29d3a8","KONZ_006.basePlot.bet","D06","KONZ","KONZ_006","2016-04-05","2016-04-19","2016-04-25","eO41eOee7niQFWa+TVkkUAV6v4M5CyJIhNvLIZJ5A2cciv7iO38lJpbE26abdWeJ10mUwhHbTWXhfoUGudE6fSFE8HOLc9huKENPa0gXAdJ9R/tLw1BS10RIEGhz/Rj3SrxJCPDoN4M=","eO41eOee7nilLo3I74d2X/4muOEOIWUu",,,
"dad96a77-dd84-459b-999b-0a0823f91def","KONZ_004.basePlot.bet","D06","KONZ","KONZ_004","2016-04-05","2016-04-19","2016-04-25","7tcdU9lcb1ga545+lMWrBIkvsI/KLVTMXg4QeD4XJu2dNkAum2E/oeMJylUHRkggN6OTJIQz8IcO/xkRuAkz3V8+rgk5FSV+Ts+Ptvr09TCJ+/fh3c0kj4/T65GSYpncd1QBxYXIMew=","7tcdU9lcb1iwGPjJNlcGdf/VJRN5uuFV",,,
"ac4892dd-8004-4fc4-8685-cfcb25830a47","KONZ_001.basePlot.bet","D06","KONZ","KONZ_001","2016-04-05","2016-04-19","2016-04-26","HFNPNHS/o8WElxkLoZTBDrMvuBD89cXT4AfuDrE1osIkEOfDlKx8L+zT+7GRPb0I1RTnsD/E4cf5naUaDVBGF64z1f15N5exYw14i41mkFw8sqHiKSByAST/RJXFiNO1h6nDpbKNJ2Q=","HFNPNHS/o8V5Pgb3bvKu/aIdcPURqlIK",,,
"e0a2fa01-22b2-41f3-b6b2-67f5fcaaba15","KONZ_002.basePlot.bet","D06","KONZ","KONZ_002","2016-04-05","2016-04-19","2016-04-27","hd4HYDqAwpJ6mfwmxi7cwjwiVmpPwaU5WGcTkhHEbguD9iwoOww5gDChwIP3wHk4UPDfxfLAmMtvUEb0LFH58M6Xuf7iy4vYfwhfGZ+EBy50LZEOjZEB/r8LgJdEhuAaJzwMcPo+rWU=","hd4HYDqAwpLspYaEg+xSjctN4y4M/RS7",,,
"d273e63a-8587-4cf2-a2d8-90fe68ba9a02","KONZ_003.basePlot.bet","D06","KONZ","KONZ_003","2016-04-05","2016-04-19","2016-04-25","KsyoFpuhSbJfIfEuDQ5fSQgzNaGTRr5uKZV3BxwQRChcEsRp/FzrzZroP8iIr5H6j48Ha6ZaAgpIbexQOy+ovru08TwYW8QMXhvidAuMm5GzlWNZUpf9LvswIE9rDujHvc14jzHwd2E=","KsyoFpuhSbKYgnAA0QKPkUkZ+oBk7SLq",,,
