uid,namedLocation,domainID,siteID,plotID,trapID,setDate,collectDate,processingDate,etOHChangeDate,identifiedDate,sampleID,subsampleID,sampleType,taxonID,scientificName,taxonRank,identificationQualifier,scientificNameAuthorship,morphospeciesID,individualCount,identificationReferences,identifiedBy,recordedBy,remarks
"411d8c7c-b5ef-4db7-859f-341409e99325","UNDE_012.basePlot.bet","D05","UNDE","UNDE_012","W","2016-05-24","2016-06-07","2016-06-08","2016-10-12","2016-10-12","UNDE_012.W.20160607","+v0vuVmyR4A7IVdJUh0wVqm7erV3iCoZDgfWU4BfO30=","carabid","PTEPEN","Pterostichus pensylvanicus","species","cf. species","LeConte",,4,"Bousquet, Y. 2010b. Illustrated Identification Guide to Adults and Larvae of Northeastern North American Ground Beetles (Coleoptera: Carabidae). 1st Ed. Pensoft Publishers, Sofia, Bulgaria.","Syw2LXB/pj+fmGCuwdgBGVryVUmYhw3g","Syw2LXB/pj+fmGCuwdgBGVryVUmYhw3g","One not suitable for pinning. Body broken in two."
"bb9a5e30-5cc3-4a3c-906b-e1dc874a6c00","UNDE_012.basePlot.bet","D05","UNDE","UNDE_012","W","2016-05-24","2016-06-07","2016-06-08","2016-10-12","2016-10-12","UNDE_012.W.20160607","+v0vuVmyR4A7IVdJUh0wVoKUZpGcnnuv1z1MQ3qk88E=","carabid","PTEADS","Pterostichus adstrictus","species","cf. species","Eschscholtz",,2,"Bousquet, Y. 2010b. Illustrated Identification Guide to Adults and Larvae of Northeastern North American Ground Beetles (Coleoptera: Carabidae). 1st Ed. Pensoft Publishers, Sofia, Bulgaria.","Syw2LXB/pj+fmGCuwdgBGVryVUmYhw3g","Syw2LXB/pj+fmGCuwdgBGVryVUmYhw3g",
"9e388dbd-664a-4fae-92ef-788b3b475b96","UNDE_012.basePlot.bet","D05","UNDE","UNDE_012","W","2016-05-24","2016-06-07","2016-06-08","2016-10-12","2016-10-12","UNDE_012.W.20160607","+v0vuVmyR4A7IVdJUh0wVgVbZzz7+k5vi6w91O0gRSo=","carabid","PTEMEL","Pterostichus melanarius melanarius","subspecies",,"Illiger",,1,"Lindroth, C. H. 1969. The ground-beetles (Carabidae, excl. Cicindelinae) of Canada and Alaska, parts 1-6. Opuscula E. Entomoligiska Sallskapet.","Syw2LXB/pj+fmGCuwdgBGVryVUmYhw3g","Syw2LXB/pj+fmGCuwdgBGVryVUmYhw3g",
"3a6ba8c0-6c0e-4e38-b559-6b36c9c29e27","UNDE_012.basePlot.bet","D05","UNDE","UNDE_012","W","2016-05-24","2016-06-07","2016-06-08","2016-10-12","2016-10-12","UNDE_012.W.20160607","+v0vuVmyR4A7IVdJUh0wVqogXuM+LVin4V9TBccurnk=","carabid","CARNEM","Carabus nemoralis nemoralis","subspecies",,"Mueller",,3,"Lindroth, C. H. 1969. The ground-beetles (Carabidae, excl. Cicindelinae) of Canada and Alaska, parts 1-6. Opuscula E. Entomoligiska Sallskapet.","Syw2LXB/pj+fmGCuwdgBGVryVUmYhw3g","Syw2LXB/pj+fmGCuwdgBGVryVUmYhw3g",
"e3a6e77e-461e-4005-bb1b-c2c1f0d57592","UNDE_012.basePlot.bet","D05","UNDE","UNDE_012","W","2016-05-24","2016-06-07","2016-06-08","2016-10-12","2016-10-12","UNDE_012.W.20160607","+v0vuVmyR4A7IVdJUh0wVqAMHKJaj5L0sllAGRIbpbE=","carabid","PLADEC","Platynus decentis","species",,"Say",,1,"Lindroth, C. H. 1969. The ground-beetles (Carabidae, excl. Cicindelinae) of Canada and Alaska, parts 1-6. Opuscula E. Entomoligiska Sallskapet.","Syw2LXB/pj+fmGCuwdgBGVryVUmYhw3g","Syw2LXB/pj+fmGCuwdgBGVryVUmYhw3g",
"fba29705-4bfd-4cdb-b42b-73dde80b78ee","UNDE_010.basePlot.bet","D05","UNDE","UNDE_010","N","2016-05-24","2016-06-07","2016-06-08","2016-10-10","2016-10-10","UNDE_010.N.20160607","hQDJ3TYDfoyHbOUrKn+1FLOdw7xcnq/6y7rYetO2NfY=","carabid","PTEPEN","Pterostichus pensylvanicus","species","cf. species","LeConte",,1,"Lindroth, C. H. 1969. The ground-beetles (Carabidae, excl. Cicindelinae) of Canada and Alaska, parts 1-6. Opuscula E. Entomoligiska Sallskapet.","Syw2LXB/pj+fmGCuwdgBGVryVUmYhw3g","Syw2LXB/pj+fmGCuwdgBGVryVUmYhw3g",
"eb0c3be2-6cf7-4cd3-9694-4b363df4b2b1","UNDE_010.basePlot.bet","D05","UNDE","UNDE_010","N","2016-05-24","2016-06-07","2016-06-08","2016-10-10","2016-10-10","UNDE_010.N.20160607","hQDJ3TYDfoyHbOUrKn+1FKfh3fCkB9Cc6ArDuGqwkLY=","carabid","PLADEC","Platynus decentis","species",,"Say",,1,"Lindroth, C. H. 1969. The ground-beetles (Carabidae, excl. Cicindelinae) of Canada and Alaska, parts 1-6. Opuscula E. Entomoligiska Sallskapet.","Syw2LXB/pj+fmGCuwdgBGVryVUmYhw3g","Syw2LXB/pj+fmGCuwdgBGVryVUmYhw3g",
"4426fbf7-0233-404f-9b6d-8fda94567783","UNDE_012.basePlot.bet","D05","UNDE","UNDE_012","S","2016-05-24","2016-06-07","2016-06-08","2016-10-12","2016-10-12","UNDE_012.S.20160607","+v0vuVmyR4AjiZyJEUD9pbKiTBeyP6EEXhxWJWnpXnY=","carabid","PTEADS","Pterostichus adstrictus","species","cf. species","Eschscholtz",,1,"Bousquet, Y. 2010b. Illustrated Identification Guide to Adults and Larvae of Northeastern North American Ground Beetles (Coleoptera: Carabidae). 1st Ed. Pensoft Publishers, Sofia, Bulgaria.","Syw2LXB/pj+fmGCuwdgBGVryVUmYhw3g","Syw2LXB/pj+fmGCuwdgBGVryVUmYhw3g",
"3e20d8d0-772a-4c75-ae24-adda6d04d72b","UNDE_012.basePlot.bet","D05","UNDE","UNDE_012","S","2016-05-24","2016-06-07","2016-06-08","2016-10-12","2016-10-12","UNDE_012.S.20160607","+v0vuVmyR4AjiZyJEUD9pSVnTO4GCy9Ogn8GsmRwsQM=","carabid","PTEPEN","Pterostichus pensylvanicus","species","cf. species","LeConte",,1,"Bousquet, Y. 2010b. Illustrated Identification Guide to Adults and Larvae of Northeastern North American Ground Beetles (Coleoptera: Carabidae). 1st Ed. Pensoft Publishers, Sofia, Bulgaria.","Syw2LXB/pj+fmGCuwdgBGVryVUmYhw3g","Syw2LXB/pj+fmGCuwdgBGVryVUmYhw3g",
"39c788d4-ac6d-4bec-bfeb-b7369cbc8f88","UNDE_012.basePlot.bet","D05","UNDE","UNDE_012","S","2016-05-24","2016-06-07","2016-06-08","2016-10-12","2016-10-12","UNDE_012.S.20160607","+v0vuVmyR4AjiZyJEUD9pXN8M5LHGyJQJ0G+Q7InPHQ=","carabid","PTEMEL","Pterostichus melanarius melanarius","subspecies",,"Illiger",,1,"Lindroth, C. H. 1969. The ground-beetles (Carabidae, excl. Cicindelinae) of Canada and Alaska, parts 1-6. Opuscula E. Entomoligiska Sallskapet.","Syw2LXB/pj+fmGCuwdgBGVryVUmYhw3g","Syw2LXB/pj+fmGCuwdgBGVryVUmYhw3g",
"3de3a5aa-741b-4f8e-b0bd-90099fd16968","UNDE_012.basePlot.bet","D05","UNDE","UNDE_012","S","2016-05-24","2016-06-07","2016-06-08","2016-10-12","2016-10-12","UNDE_012.S.20160607","+v0vuVmyR4AjiZyJEUD9pRTg56KKJ4fVSIdufxd/wF0=","carabid","CARNEM","Carabus nemoralis nemoralis","subspecies",,"Mueller",,9,"Lindroth, C. H. 1969. The ground-beetles (Carabidae, excl. Cicindelinae) of Canada and Alaska, parts 1-6. Opuscula E. Entomoligiska Sallskapet.","Syw2LXB/pj+fmGCuwdgBGVryVUmYhw3g","Syw2LXB/pj+fmGCuwdgBGVryVUmYhw3g",
"5d2c8f62-f411-43eb-a42c-97be6c57b5ef","UNDE_011.basePlot.bet","D05","UNDE","UNDE_011","W","2016-05-24","2016-06-07","2016-06-08","2016-10-12","2016-10-12","UNDE_011.W.20160607","0Ya1AWR2lPiC4fkoaVt6oqfHSsvndHg+NoQrNNddIJY=","carabid","PLAMAN","Platynus mannerheimii","species",,"Dejean",,4,"Lindroth, C. H. 1969. The ground-beetles (Carabidae, excl. Cicindelinae) of Canada and Alaska, parts 1-6. Opuscula E. Entomoligiska Sallskapet.","Syw2LXB/pj+fmGCuwdgBGVryVUmYhw3g","Syw2LXB/pj+fmGCuwdgBGVryVUmYhw3g",
"ad154790-5097-45e5-8a2f-b7e9848edc9d","UNDE_011.basePlot.bet","D05","UNDE","UNDE_011","W","2016-05-24","2016-06-07","2016-06-08","2016-10-10","2016-10-10","UNDE_011.W.20160607","0Ya1AWR2lPiC4fkoaVt6ohUc1aLhWh9Bolj2nEGoJzU=","carabid","PLADEC","Platynus decentis","species",,"Say",,8,"Lindroth, C. H. 1969. The ground-beetles (Carabidae, excl. Cicindelinae) of Canada and Alaska, parts 1-6. Opuscula E. Entomoligiska Sallskapet.","Syw2LXB/pj+fmGCuwdgBGVryVUmYhw3g","Syw2LXB/pj+fmGCuwdgBGVryVUmYhw3g",
"06f0eb4c-b1d3-41e3-a0f4-c633c2762f5e","UNDE_011.basePlot.bet","D05","UNDE","UNDE_011","E","2016-05-24","2016-06-07","2016-06-08","2016-10-10","2016-10-10","UNDE_011.E.20160607","0Ya1AWR2lPhThB+KZZ9vc43+F4mA3NA8g54SmQFHeiE=","carabid","PTECOR1","Pterostichus coracinus","species","cf. species","Newman",,4,"Bousquet, Y. 2010b. Illustrated Identification Guide to Adults and Larvae of Northeastern North American Ground Beetles (Coleoptera: Carabidae). 1st Ed. Pensoft Publishers, Sofia, Bulgaria.","Syw2LXB/pj+fmGCuwdgBGVryVUmYhw3g","Syw2LXB/pj+fmGCuwdgBGVryVUmYhw3g",
"3ba011dc-ee21-44a8-a2a1-a6a577d69feb","UNDE_011.basePlot.bet","D05","UNDE","UNDE_011","E","2016-05-24","2016-06-07","2016-06-08","2016-10-10","2016-10-10","UNDE_011.E.20160607","0Ya1AWR2lPhThB+KZZ9vc+Lam7RjxPchMyg1VC36VeE=","carabid","PLADEC","Platynus decentis","species",,"Say",,1,"Lindroth, C. H. 1969. The ground-beetles (Carabidae, excl. Cicindelinae) of Canada and Alaska, parts 1-6. Opuscula E. Entomoligiska Sallskapet.","Syw2LXB/pj+fmGCuwdgBGVryVUmYhw3g","Syw2LXB/pj+fmGCuwdgBGVryVUmYhw3g",
"a6498b4d-1ff2-4182-a3c7-b73803e07382","UNDE_011.basePlot.bet","D05","UNDE","UNDE_011","E","2016-05-24","2016-06-07","2016-06-08","2016-10-10","2016-10-10","UNDE_011.E.20160607","0Ya1AWR2lPhThB+KZZ9vc0qjRrZc/Z8CLoMdFnQhgNU=","carabid","PTEPEN","Pterostichus pensylvanicus","species","cf. species","LeConte",,2,"Bousquet, Y. 2010b. Illustrated Identification Guide to Adults and Larvae of Northeastern North American Ground Beetles (Coleoptera: Carabidae). 1st Ed. Pensoft Publishers, Sofia, Bulgaria.","Syw2LXB/pj+fmGCuwdgBGVryVUmYhw3g","Syw2LXB/pj+fmGCuwdgBGVryVUmYhw3g","One not suitable for pinning. Body broken in two"
"0ddd8acd-b6f8-4563-87a2-2004525ffe6a","UNDE_011.basePlot.bet","D05","UNDE","UNDE_011","W","2016-05-24","2016-06-07","2016-06-08","2016-10-12","2016-10-12","UNDE_011.W.20160607","0Ya1AWR2lPiC4fkoaVt6ou3I56m7LiKp5xPKWUSUtjc=","carabid","PTEADS","Pterostichus adstrictus","species",,"Eschscholtz",,4,"Bousquet, Y. 2010b. Illustrated Identification Guide to Adults and Larvae of Northeastern North American Ground Beetles (Coleoptera: Carabidae). 1st Ed. Pensoft Publishers, Sofia, Bulgaria.","Syw2LXB/pj+fmGCuwdgBGVryVUmYhw3g","Syw2LXB/pj+fmGCuwdgBGVryVUmYhw3g",
"3930e4b1-7fc0-49dc-83c5-78c13ff27655","UNDE_017.basePlot.bet","D05","UNDE","UNDE_017","S","2016-05-24","2016-06-07","2016-06-08","2016-10-12","2016-10-12","UNDE_017.S.20160607","xHY1KmNCr20KxSmSRbWmYJGnh0DzPL/6R3THy6kx8Mw=","carabid","PTECOR1","Pterostichus coracinus","species",,"Newman",,2,"Bousquet, Y. 2010b. Illustrated Identification Guide to Adults and Larvae of Northeastern North American Ground Beetles (Coleoptera: Carabidae). 1st Ed. Pensoft Publishers, Sofia, Bulgaria.","Syw2LXB/pj+fmGCuwdgBGVryVUmYhw3g","Syw2LXB/pj+fmGCuwdgBGVryVUmYhw3g",
"638c4ffa-e58c-41ed-b5d0-b6b98671e255","UNDE_017.basePlot.bet","D05","UNDE","UNDE_017","N","2016-05-24","2016-06-07","2016-06-08","2016-10-12","2016-10-12","UNDE_017.N.20160607","xHY1KmNCr23wnyPUn07rMJ6ZQnlOt8lBKEn1hQ5M83c=","carabid","CARNEM","Carabus nemoralis nemoralis","subspecies",,"Mueller",,6,"Lindroth, C. H. 1969. The ground-beetles (Carabidae, excl. Cicindelinae) of Canada and Alaska, parts 1-6. Opuscula E. Entomoligiska Sallskapet.","Syw2LXB/pj+fmGCuwdgBGVryVUmYhw3g","Syw2LXB/pj+fmGCuwdgBGVryVUmYhw3g",
"4636f98e-97e7-48ac-9e7b-919bc32cae28","UNDE_017.basePlot.bet","D05","UNDE","UNDE_017","W","2016-05-24","2016-06-07","2016-06-08","2016-10-12","2016-10-12","UNDE_017.W.20160607","xHY1KmNCr23xveNMnf3ceWgnEZxcN7XXE89CERUvstE=","carabid","CARNEM","Carabus nemoralis nemoralis","subspecies",,"Mueller",,1,"Lindroth, C. H. 1969. The ground-beetles (Carabidae, excl. Cicindelinae) of Canada and Alaska, parts 1-6. Opuscula E. Entomoligiska Sallskapet.","Syw2LXB/pj+fmGCuwdgBGVryVUmYhw3g","Syw2LXB/pj+fmGCuwdgBGVryVUmYhw3g",
"af5584ae-65cc-4942-aaa4-7a6bf31f81c3","UNDE_017.basePlot.bet","D05","UNDE","UNDE_017","S","2016-05-24","2016-06-07","2016-06-08","2016-10-12","2016-10-12","UNDE_017.S.20160607","xHY1KmNCr20KxSmSRbWmYKKK2gfRVnJtkJPlSRIduDY=","carabid","CARNEM","Carabus nemoralis nemoralis","subspecies",,"Mueller",,3,"Lindroth, C. H. 1969. The ground-beetles (Carabidae, excl. Cicindelinae) of Canada and Alaska, parts 1-6. Opuscula E. Entomoligiska Sallskapet.","Syw2LXB/pj+fmGCuwdgBGVryVUmYhw3g","Syw2LXB/pj+fmGCuwdgBGVryVUmYhw3g",
"ccf68e1c-3033-4328-b8e4-84a137be2478","UNDE_017.basePlot.bet","D05","UNDE","UNDE_017","W","2016-05-24","2016-06-07","2016-06-08","2016-10-12","2016-10-12","UNDE_017.W.20160607","xHY1KmNCr23xveNMnf3ceSqEQrEvbu2M3JwmD6S3RCs=","carabid","PTEMEL","Pterostichus melanarius melanarius","subspecies",,"Illiger",,1,"Lindroth, C. H. 1969. The ground-beetles (Carabidae, excl. Cicindelinae) of Canada and Alaska, parts 1-6. Opuscula E. Entomoligiska Sallskapet.","Syw2LXB/pj+fmGCuwdgBGVryVUmYhw3g","Syw2LXB/pj+fmGCuwdgBGVryVUmYhw3g",
"74c9ee2d-c2a9-4f9d-bca7-255e59c337dd","UNDE_017.basePlot.bet","D05","UNDE","UNDE_017","N","2016-05-24","2016-06-07","2016-06-08","2016-10-12","2016-10-12","UNDE_017.N.20160607","xHY1KmNCr23wnyPUn07rMDZRvO/cP/X9vDgaLlos+00=","carabid","PTEPEN","Pterostichus pensylvanicus","species","cf. species","LeConte",,1,"Bousquet, Y. 2010b. Illustrated Identification Guide to Adults and Larvae of Northeastern North American Ground Beetles (Coleoptera: Carabidae). 1st Ed. Pensoft Publishers, Sofia, Bulgaria.","Syw2LXB/pj+fmGCuwdgBGVryVUmYhw3g","Syw2LXB/pj+fmGCuwdgBGVryVUmYhw3g",
"276fb59a-7905-4948-a535-b618744020b4","UNDE_017.basePlot.bet","D05","UNDE","UNDE_017","N","2016-05-24","2016-06-07","2016-06-08","2016-10-12","2016-10-12","UNDE_017.N.20160607","xHY1KmNCr23wnyPUn07rMKC+tckXPSkX11InaxFe9aQ=","carabid","PTECOR1","Pterostichus coracinus","species",,"Newman",,1,"Lindroth, C. H. 1969. The ground-beetles (Carabidae, excl. Cicindelinae) of Canada and Alaska, parts 1-6. Opuscula E. Entomoligiska Sallskapet.","Syw2LXB/pj+fmGCuwdgBGVryVUmYhw3g","Syw2LXB/pj+fmGCuwdgBGVryVUmYhw3g",
"39e90df8-a65d-449a-897f-bfa6d94c2f78","UNDE_017.basePlot.bet","D05","UNDE","UNDE_017","S","2016-05-24","2016-06-07","2016-06-08","2016-10-12","2016-10-12","UNDE_017.S.20160607","xHY1KmNCr20KxSmSRbWmYCYryecbGcPEjbJIvp8p3Lw=","carabid","SPHSTE1","Sphaeroderus stenostomus lecontei","subspecies",,"Dejean",,1,"Lindroth, C. H. 1969. The ground-beetles (Carabidae, excl. Cicindelinae) of Canada and Alaska, parts 1-6. Opuscula E. Entomoligiska Sallskapet.","Syw2LXB/pj+fmGCuwdgBGVryVUmYhw3g","Syw2LXB/pj+fmGCuwdgBGVryVUmYhw3g",
"63c368bf-a86b-42a5-87d6-0958cf4761b1","UNDE_006.basePlot.bet","D05","UNDE","UNDE_006","W","2016-05-24","2016-06-07","2016-06-08","2016-10-07","2016-10-07","UNDE_006.W.20160607","izIYmtFoQUj71Tc/YMya66TJprwlxy5pMMh1qOxYAns=","carabid","AGOGAL","Agonum galvestonicum","species","cf. species","Casey",,1,"Lindroth, C. H. 1969. The ground-beetles (Carabidae, excl. Cicindelinae) of Canada and Alaska, parts 1-6. Opuscula E. Entomoligiska Sallskapet.","Syw2LXB/pj+fmGCuwdgBGVryVUmYhw3g","Syw2LXB/pj+fmGCuwdgBGVryVUmYhw3g","No visible setae/punctures on protnorax. Long yellow legs. Pronotoum longer and narrower than agonum."
"506fcc96-f3fd-45a8-a407-eb7a54f50ff3","UNDE_006.basePlot.bet","D05","UNDE","UNDE_006","S","2016-05-24","2016-06-07","2016-06-08","2016-10-07","2016-10-07","UNDE_006.S.20160607","izIYmtFoQUiCTcH3yIF0slGN87t+ZWjuwwZUb2rvBVc=","carabid","PTEMUT2","Pterostichus mutus","species",,"Say",,4,"Lindroth, C. H. 1969. The ground-beetles (Carabidae, excl. Cicindelinae) of Canada and Alaska, parts 1-6. Opuscula E. Entomoligiska Sallskapet.","Syw2LXB/pj+fmGCuwdgBGVryVUmYhw3g","Syw2LXB/pj+fmGCuwdgBGVryVUmYhw3g",
"fd671783-cde3-491a-8364-0854cc100ace","UNDE_006.basePlot.bet","D05","UNDE","UNDE_006","W","2016-05-24","2016-06-07","2016-06-08","2016-10-07","2016-10-07","UNDE_006.W.20160607","izIYmtFoQUj71Tc/YMya64gPX6rR6UbBoFOWo0RUVqE=","carabid","PTEMUT2","Pterostichus mutus","species","cf. species","Say",,2,"Lindroth, C. H. 1969. The ground-beetles (Carabidae, excl. Cicindelinae) of Canada and Alaska, parts 1-6. Opuscula E. Entomoligiska Sallskapet.","Syw2LXB/pj+fmGCuwdgBGVryVUmYhw3g","Syw2LXB/pj+fmGCuwdgBGVryVUmYhw3g",
"768ae46c-1cd1-43d7-bb1b-57a2d0603b53","UNDE_006.basePlot.bet","D05","UNDE","UNDE_006","S","2016-05-24","2016-06-07","2016-06-08","2016-10-07","2016-10-07","UNDE_006.S.20160607","izIYmtFoQUiCTcH3yIF0slGN87t+ZWjuo5dXxweaz5A=","carabid","PTEMUT2","Pterostichus mutus","species","cf. species","Say",,1,"Lindroth, C. H. 1969. The ground-beetles (Carabidae, excl. Cicindelinae) of Canada and Alaska, parts 1-6. Opuscula E. Entomoligiska Sallskapet.","Syw2LXB/pj+fmGCuwdgBGVryVUmYhw3g","Syw2LXB/pj+fmGCuwdgBGVryVUmYhw3g","One elytra has 4 dorsal punctures. The other has 3"
"5c675f3c-0321-4e5a-9d0f-d0ad719a3e9a","UNDE_006.basePlot.bet","D05","UNDE","UNDE_006","N","2016-05-24","2016-06-07","2016-06-08","2016-10-07","2016-10-07","UNDE_006.N.20160607","izIYmtFoQUhZ/bSUkGXdxRCXMMtEgJ1h47msnD7EOag=","carabid","PTEMUT2","Pterostichus mutus","species",,"Say",,1,"Lindroth, C. H. 1969. The ground-beetles (Carabidae, excl. Cicindelinae) of Canada and Alaska, parts 1-6. Opuscula E. Entomoligiska Sallskapet.","Syw2LXB/pj+fmGCuwdgBGVryVUmYhw3g","Syw2LXB/pj+fmGCuwdgBGVryVUmYhw3g",
"1b80b9cc-d865-4bf1-acdb-a85afeb9013f","UNDE_006.basePlot.bet","D05","UNDE","UNDE_006","W","2016-05-24","2016-06-07","2016-06-08","2016-10-07","2016-10-07","UNDE_006.W.20160607","izIYmtFoQUj71Tc/YMya64gPX6rR6UbBViXxqfsUtSA=","carabid","PTEMEL","Pterostichus melanarius melanarius","subspecies",,"Illiger",,1,"Lindroth, C. H. 1969. The ground-beetles (Carabidae, excl. Cicindelinae) of Canada and Alaska, parts 1-6. Opuscula E. Entomoligiska Sallskapet.","Syw2LXB/pj+fmGCuwdgBGVryVUmYhw3g","Syw2LXB/pj+fmGCuwdgBGVryVUmYhw3g",
"13c9fbba-4676-4c28-9fd0-b72cc32b5038","UNDE_008.basePlot.bet","D05","UNDE","UNDE_008","S","2016-05-24","2016-06-07","2016-06-08","2016-10-07","2016-10-07","UNDE_008.S.20160607","MjA7sUqH2CbmYf6QFHRL2Xp93uSDXJx6fmrVeeCuNw0=","carabid","PTEADS","Pterostichus adstrictus","species","cf. species","Eschscholtz",,1,"Bousquet, Y. 2010b. Illustrated Identification Guide to Adults and Larvae of Northeastern North American Ground Beetles (Coleoptera: Carabidae). 1st Ed. Pensoft Publishers, Sofia, Bulgaria.","Syw2LXB/pj+fmGCuwdgBGVryVUmYhw3g","Syw2LXB/pj+fmGCuwdgBGVryVUmYhw3g",
"b35a842c-ebd9-4ec0-a831-c06540474036","UNDE_008.basePlot.bet","D05","UNDE","UNDE_008","W","2016-05-24","2016-06-07","2016-06-08","2016-10-07","2016-10-07","UNDE_008.W.20160607","MjA7sUqH2CY14aQaMj58t3wJZc664LTHm5i4RCD66zY=","carabid","PTEMEL","Pterostichus melanarius melanarius","subspecies",,"Illiger",,1,"Lindroth, C. H. 1969. The ground-beetles (Carabidae, excl. Cicindelinae) of Canada and Alaska, parts 1-6. Opuscula E. Entomoligiska Sallskapet.","Syw2LXB/pj+fmGCuwdgBGVryVUmYhw3g","Syw2LXB/pj+fmGCuwdgBGVryVUmYhw3g",
"4291f3ce-1fcc-42e3-b2f3-30743f5a12cc","UNDE_008.basePlot.bet","D05","UNDE","UNDE_008","W","2016-05-24","2016-06-07","2016-06-08","2016-10-07","2016-10-07","UNDE_008.W.20160607","MjA7sUqH2CY14aQaMj58t1WB3Y/8K7iVkl1RtvxsCjo=","carabid","PTEADS","Pterostichus adstrictus","species","cf. species","Eschscholtz",,1,"Bousquet, Y. 2010b. Illustrated Identification Guide to Adults and Larvae of Northeastern North American Ground Beetles (Coleoptera: Carabidae). 1st Ed. Pensoft Publishers, Sofia, Bulgaria.","Syw2LXB/pj+fmGCuwdgBGVryVUmYhw3g","Syw2LXB/pj+fmGCuwdgBGVryVUmYhw3g",
"24eacbf0-d2e8-4231-9e71-cf5afaa37e00","UNDE_008.basePlot.bet","D05","UNDE","UNDE_008","E","2016-05-24","2016-06-07","2016-06-08","2016-10-07","2016-10-07","UNDE_008.E.20160607","MjA7sUqH2CbZb6fB7WfC1w9nVAQnkWl47CHWDDV51EQ=","carabid","CALFRI","Calosoma frigidum","species",,"Kirby",,1,"Bousquet, Y. 2010b. Illustrated Identification Guide to Adults and Larvae of Northeastern North American Ground Beetles (Coleoptera: Carabidae). 1st Ed. Pensoft Publishers, Sofia, Bulgaria.","Syw2LXB/pj+fmGCuwdgBGVryVUmYhw3g","Syw2LXB/pj+fmGCuwdgBGVryVUmYhw3g",
"a5783089-399e-4d64-a3d0-1e09dfe46b57","UNDE_008.basePlot.bet","D05","UNDE","UNDE_008","W","2016-05-24","2016-06-07","2016-06-08","2016-10-07","2016-10-13","UNDE_008.W.20160607","MjA7sUqH2CY14aQaMj58t3Iyn1+Ly8bDVFV6wIlPKtk=","carabid","AGORET","Agonum retractum","species","cf. species","LeConte",,1,"Liebherr, J. K. 1994. Identification of new world Agonum , review of the mexican fauna , and description of Incagonum , new genus , from South America (Coleoptera: Carabidae: Platynini). Journal of The New York Entomological Society 102:1-55.","Syw2LXB/pj+fmGCuwdgBGVryVUmYhw3g","Syw2LXB/pj+fmGCuwdgBGVryVUmYhw3g",
"68e808f3-cf98-467c-9bb5-2efe46bf6546","UNDE_011.basePlot.bet","D05","UNDE","UNDE_011","S","2016-05-24","2016-06-07","2016-06-08","2016-10-10","2016-10-10","UNDE_011.S.20160607","0Ya1AWR2lPjR7lB8ZOXzE6jCbjzVgRMA3lsy9PEUWPM=","carabid","PLADEC","Platynus decentis","species",,"Say",,4,"Lindroth, C. H. 1969. The ground-beetles (Carabidae, excl. Cicindelinae) of Canada and Alaska, parts 1-6. Opuscula E. Entomoligiska Sallskapet.","Syw2LXB/pj+fmGCuwdgBGVryVUmYhw3g","Syw2LXB/pj+fmGCuwdgBGVryVUmYhw3g",
"2bd0a84c-d36f-4248-b422-1cfcc93187dd","UNDE_011.basePlot.bet","D05","UNDE","UNDE_011","S","2016-05-24","2016-06-07","2016-06-08","2016-10-10","2016-10-10","UNDE_011.S.20160607","0Ya1AWR2lPjR7lB8ZOXzEzFCoVvH7YdwA/bqvNMpVck=","carabid","PLAMAN","Platynus mannerheimii","species",,"Dejean",,1,"Lindroth, C. H. 1969. The ground-beetles (Carabidae, excl. Cicindelinae) of Canada and Alaska, parts 1-6. Opuscula E. Entomoligiska Sallskapet.","Syw2LXB/pj+fmGCuwdgBGVryVUmYhw3g","Syw2LXB/pj+fmGCuwdgBGVryVUmYhw3g",
"c9c88d79-420f-4932-813d-d0a6e8aa0646","UNDE_011.basePlot.bet","D05","UNDE","UNDE_011","S","2016-05-24","2016-06-07","2016-06-08","2016-10-10","2016-10-10","UNDE_011.S.20160607","0Ya1AWR2lPjR7lB8ZOXzE508QHxKisfvEy29y0my2js=","carabid","PTEADS","Pterostichus adstrictus","species","cf. species","Eschscholtz",,1,"Bousquet, Y. 2010b. Illustrated Identification Guide to Adults and Larvae of Northeastern North American Ground Beetles (Coleoptera: Carabidae). 1st Ed. Pensoft Publishers, Sofia, Bulgaria.","Syw2LXB/pj+fmGCuwdgBGVryVUmYhw3g","Syw2LXB/pj+fmGCuwdgBGVryVUmYhw3g",
"0fd5e1a2-0018-47a7-9bf2-6bcecff44b45","UNDE_011.basePlot.bet","D05","UNDE","UNDE_011","E","2016-05-24","2016-06-07","2016-06-08","2016-10-10","2016-10-10","UNDE_011.E.20160607","0Ya1AWR2lPhThB+KZZ9vcxG6H4z9SJpUQH2goFyh40k=","carabid","CARNEM","Carabus nemoralis nemoralis","subspecies",,"Mueller",,1,"Lindroth, C. H. 1969. The ground-beetles (Carabidae, excl. Cicindelinae) of Canada and Alaska, parts 1-6. Opuscula E. Entomoligiska Sallskapet.","Syw2LXB/pj+fmGCuwdgBGVryVUmYhw3g","Syw2LXB/pj+fmGCuwdgBGVryVUmYhw3g",
"8b08f9c4-2046-46f7-9190-eeafb568be03","UNDE_001.basePlot.bet","D05","UNDE","UNDE_001","E","2016-05-24","2016-06-07","2016-06-08","2016-10-07","2016-10-07","UNDE_001.E.20160607","kh3xmoTmJnCur/pJbsyRZm/YpObjwvljv61mU8co04M=","carabid","PTECOR1","Pterostichus coracinus","species","cf. species","Newman",,1,"Bousquet, Y. 2010b. Illustrated Identification Guide to Adults and Larvae of Northeastern North American Ground Beetles (Coleoptera: Carabidae). 1st Ed. Pensoft Publishers, Sofia, Bulgaria.","Syw2LXB/pj+fmGCuwdgBGVryVUmYhw3g","Syw2LXB/pj+fmGCuwdgBGVryVUmYhw3g",
"bdea5ecd-b425-4923-b7df-cdacb0e48d18","UNDE_001.basePlot.bet","D05","UNDE","UNDE_001","W","2016-05-24","2016-06-07","2016-06-08","2016-10-07","2016-10-07","UNDE_001.W.20160607","kh3xmoTmJnD1NM/sSuhamsG5BTAwK6e7w85weman79E=","carabid","SPHSTE1","Sphaeroderus stenostomus lecontei","subspecies",,"Dejean",,1,"Lindroth, C. H. 1969. The ground-beetles (Carabidae, excl. Cicindelinae) of Canada and Alaska, parts 1-6. Opuscula E. Entomoligiska Sallskapet.","Syw2LXB/pj+fmGCuwdgBGVryVUmYhw3g","Syw2LXB/pj+fmGCuwdgBGVryVUmYhw3g",
"60a737ed-f9e7-42ef-8055-bc38e7b21ebe","UNDE_001.basePlot.bet","D05","UNDE","UNDE_001","W","2016-05-24","2016-06-07","2016-06-08","2016-10-07","2016-10-07","UNDE_001.W.20160607","kh3xmoTmJnD1NM/sSuhamj9i9OPm3Lij/HEYljAE3aU=","carabid","PTEPEN","Pterostichus pensylvanicus","species",,"LeConte",,1,"Lindroth, C. H. 1969. The ground-beetles (Carabidae, excl. Cicindelinae) of Canada and Alaska, parts 1-6. Opuscula E. Entomoligiska Sallskapet.","Syw2LXB/pj+fmGCuwdgBGVryVUmYhw3g","Syw2LXB/pj+fmGCuwdgBGVryVUmYhw3g",
"941b1448-dfca-4616-b187-0bbb34eec2d2","UNDE_001.basePlot.bet","D05","UNDE","UNDE_001","S","2016-05-24","2016-06-07","2016-06-08","2016-10-07","2016-10-07","UNDE_001.S.20160607","kh3xmoTmJnDPpAuVfyK1mQZQEA5WkIgzCE9E1OWzLZo=","carabid","PTECOR1","Pterostichus coracinus","species","cf. species","Newman",,1,"Bousquet, Y. 2010b. Illustrated Identification Guide to Adults and Larvae of Northeastern North American Ground Beetles (Coleoptera: Carabidae). 1st Ed. Pensoft Publishers, Sofia, Bulgaria.","Syw2LXB/pj+fmGCuwdgBGVryVUmYhw3g","Syw2LXB/pj+fmGCuwdgBGVryVUmYhw3g",
"dbc5810b-ca3d-48cb-b425-dc9d8948d5b6","UNDE_003.basePlot.bet","D05","UNDE","UNDE_003","W","2016-05-24","2016-06-07","2016-06-08","2016-10-07","2016-10-07","UNDE_003.W.20160607","UKgrtiGQYSAnVKEbPmCHfV3Mw78E49w8v/RrF7Nh9Us=","carabid","PTEPEN","Pterostichus pensylvanicus","species","cf. species","LeConte",,1,"Lindroth, C. H. 1969. The ground-beetles (Carabidae, excl. Cicindelinae) of Canada and Alaska, parts 1-6. Opuscula E. Entomoligiska Sallskapet.","Syw2LXB/pj+fmGCuwdgBGVryVUmYhw3g","Syw2LXB/pj+fmGCuwdgBGVryVUmYhw3g",
"b40c5837-d875-4a26-afb2-7c4cdaeabd63","UNDE_003.basePlot.bet","D05","UNDE","UNDE_003","N","2016-05-24","2016-06-07","2016-06-08","2016-10-07","2016-10-07","UNDE_003.N.20160607","UKgrtiGQYSBaSYv6T9/m59/TZAOZEpTtY2s/W+OcYNs=","carabid","PTELUC","Pterostichus luctuosus","species",,"Dejean",,1,"Lindroth, C. H. 1969. The ground-beetles (Carabidae, excl. Cicindelinae) of Canada and Alaska, parts 1-6. Opuscula E. Entomoligiska Sallskapet.","Syw2LXB/pj+fmGCuwdgBGVryVUmYhw3g","Syw2LXB/pj+fmGCuwdgBGVryVUmYhw3g",
"7f99852c-94db-431d-a134-fe46f7193055","UNDE_003.basePlot.bet","D05","UNDE","UNDE_003","W","2016-05-24","2016-06-07","2016-06-08","2016-10-07","2016-10-07","UNDE_003.W.20160607","UKgrtiGQYSAnVKEbPmCHfaUU1g2FZ+hOUJHhd37bK6U=","carabid","AGORET","Agonum retractum","species","cf. species","LeConte",,3,"Lindroth, C. H. 1969. The ground-beetles (Carabidae, excl. Cicindelinae) of Canada and Alaska, parts 1-6. Opuscula E. Entomoligiska Sallskapet.","Syw2LXB/pj+fmGCuwdgBGVryVUmYhw3g","Syw2LXB/pj+fmGCuwdgBGVryVUmYhw3g",
"1bbe9063-2e4d-4670-becc-6d9472848f1b","UNDE_003.basePlot.bet","D05","UNDE","UNDE_003","W","2016-05-24","2016-06-07","2016-06-08","2016-10-07","2016-10-07","UNDE_003.W.20160607","UKgrtiGQYSAnVKEbPmCHfSbnIQi/m3Tu0uEmPh2Vw0E=","carabid","PLADEC","Platynus decentis","species",,"Say",,1,"Lindroth, C. H. 1969. The ground-beetles (Carabidae, excl. Cicindelinae) of Canada and Alaska, parts 1-6. Opuscula E. Entomoligiska Sallskapet.","Syw2LXB/pj+fmGCuwdgBGVryVUmYhw3g","Syw2LXB/pj+fmGCuwdgBGVryVUmYhw3g",
"2a238df6-ad2e-415d-87e3-521693262f0a","UNDE_007.basePlot.bet","D05","UNDE","UNDE_007","N","2016-05-24","2016-06-07","2016-06-08","2016-10-07","2016-10-07","UNDE_007.N.20160607","sj+sxzQpSGAc2bXTAptC16MCqwQ1U/uBuqjs9f1u6Q0=","carabid","PTEPEN","Pterostichus pensylvanicus","species","cf. species","LeConte",,1,"Lindroth, C. H. 1969. The ground-beetles (Carabidae, excl. Cicindelinae) of Canada and Alaska, parts 1-6. Opuscula E. Entomoligiska Sallskapet.","Syw2LXB/pj+fmGCuwdgBGVryVUmYhw3g","Syw2LXB/pj+fmGCuwdgBGVryVUmYhw3g",
"cea9324a-1c62-4b77-a054-60352388a4e4","UNDE_007.basePlot.bet","D05","UNDE","UNDE_007","S","2016-05-24","2016-06-07","2016-06-08","2016-10-07","2016-10-07","UNDE_007.S.20160607","sj+sxzQpSGBC7b3BPQrLa62j//6G8etLVol3FPcpVi8=","carabid","CARNEM","Carabus nemoralis nemoralis","subspecies",,"Mueller",,6,"Lindroth, C. H. 1969. The ground-beetles (Carabidae, excl. Cicindelinae) of Canada and Alaska, parts 1-6. Opuscula E. Entomoligiska Sallskapet.","Syw2LXB/pj+fmGCuwdgBGVryVUmYhw3g","Syw2LXB/pj+fmGCuwdgBGVryVUmYhw3g",
"a15b0efb-f4ab-42af-a659-9719a9d0e659","UNDE_007.basePlot.bet","D05","UNDE","UNDE_007","N","2016-05-24","2016-06-07","2016-06-08","2016-10-07","2016-10-07","UNDE_007.N.20160607","sj+sxzQpSGAc2bXTAptC11TUTJuW9pJd/ZBelbGlK9I=","carabid","PLADEC","Platynus decentis","species",,"Say",,1,"Lindroth, C. H. 1969. The ground-beetles (Carabidae, excl. Cicindelinae) of Canada and Alaska, parts 1-6. Opuscula E. Entomoligiska Sallskapet.","Syw2LXB/pj+fmGCuwdgBGVryVUmYhw3g","Syw2LXB/pj+fmGCuwdgBGVryVUmYhw3g",
"7aa982ed-be6b-4d47-a973-adb3b81c5946","UNDE_007.basePlot.bet","D05","UNDE","UNDE_007","N","2016-05-24","2016-06-07","2016-06-08","2016-10-07","2016-10-07","UNDE_007.N.20160607","sj+sxzQpSGAc2bXTAptC1xtr7V9KFIjc0tk0MX6UbI8=","carabid","AGOGRA","Agonum gratiosum","species",,"Mannerheim",,1,"Lindroth, C. H. 1969. The ground-beetles (Carabidae, excl. Cicindelinae) of Canada and Alaska, parts 1-6. Opuscula E. Entomoligiska Sallskapet.","Syw2LXB/pj+fmGCuwdgBGVryVUmYhw3g","Syw2LXB/pj+fmGCuwdgBGVryVUmYhw3g",
"d818673d-e8ac-4004-952f-487b35cb2a06","UNDE_007.basePlot.bet","D05","UNDE","UNDE_007","E","2016-05-24","2016-06-07","2016-06-08","2016-10-07","2016-10-07","UNDE_007.E.20160607","sj+sxzQpSGCXcVDms9T2JaqexyqDZ9a4Jdle2tXbng0=","carabid","PLAMAN","Platynus mannerheimii","species",,"Dejean",,1,"Lindroth, C. H. 1969. The ground-beetles (Carabidae, excl. Cicindelinae) of Canada and Alaska, parts 1-6. Opuscula E. Entomoligiska Sallskapet.","Syw2LXB/pj+fmGCuwdgBGVryVUmYhw3g","Syw2LXB/pj+fmGCuwdgBGVryVUmYhw3g",
"b4b62599-2324-40ba-95d2-a232055657d8","UNDE_007.basePlot.bet","D05","UNDE","UNDE_007","S","2016-05-24","2016-06-07","2016-06-08","2016-10-07","2016-10-07","UNDE_007.S.20160607","sj+sxzQpSGBC7b3BPQrLa+OrOwevLgemabIg25IMAyo=","carabid","PTEPEN","Pterostichus pensylvanicus","species","cf. species","LeConte",,2,"Lindroth, C. H. 1969. The ground-beetles (Carabidae, excl. Cicindelinae) of Canada and Alaska, parts 1-6. Opuscula E. Entomoligiska Sallskapet.","Syw2LXB/pj+fmGCuwdgBGVryVUmYhw3g","Syw2LXB/pj+fmGCuwdgBGVryVUmYhw3g",
"fad6825d-3b29-418f-ba0b-a034eced5545","UNDE_007.basePlot.bet","D05","UNDE","UNDE_007","E","2016-05-24","2016-06-07","2016-06-08","2016-10-07","2016-10-07","UNDE_007.E.20160607","sj+sxzQpSGCXcVDms9T2JXMTCSMfWqRIGQ/DR3UAOT8=","carabid","CARNEM","Carabus nemoralis nemoralis","subspecies",,"Mueller",,6,"Lindroth, C. H. 1969. The ground-beetles (Carabidae, excl. Cicindelinae) of Canada and Alaska, parts 1-6. Opuscula E. Entomoligiska Sallskapet.","Syw2LXB/pj+fmGCuwdgBGVryVUmYhw3g","Syw2LXB/pj+fmGCuwdgBGVryVUmYhw3g",
"bc3f219c-b027-41e4-93fc-a336a4b0f158","UNDE_010.basePlot.bet","D05","UNDE","UNDE_010","E","2016-05-24","2016-06-07","2016-06-08","2016-10-10","2016-10-10","UNDE_010.E.20160607","hQDJ3TYDfowmkXVGtQA/hFmizIqBC9Fu8cdJufseA5c=","carabid","CARNEM","Carabus nemoralis nemoralis","subspecies",,"Mueller",,2,"Lindroth, C. H. 1969. The ground-beetles (Carabidae, excl. Cicindelinae) of Canada and Alaska, parts 1-6. Opuscula E. Entomoligiska Sallskapet.","Syw2LXB/pj+fmGCuwdgBGVryVUmYhw3g","Syw2LXB/pj+fmGCuwdgBGVryVUmYhw3g",
"8bbbe834-d858-4579-ab4d-2e91b30abdc5","UNDE_010.basePlot.bet","D05","UNDE","UNDE_010","W","2016-05-24","2016-06-07","2016-06-08","2016-10-10","2016-10-10","UNDE_010.W.20160607","hQDJ3TYDfoz4uo/pdRZ8TzAKwWXcbPwMSGjdzpBZsvU=","carabid","AGORET","Agonum retractum","species","cf. species","LeConte",,2,"Lindroth, C. H. 1969. The ground-beetles (Carabidae, excl. Cicindelinae) of Canada and Alaska, parts 1-6. Opuscula E. Entomoligiska Sallskapet.","Syw2LXB/pj+fmGCuwdgBGVryVUmYhw3g","Syw2LXB/pj+fmGCuwdgBGVryVUmYhw3g","one not-pinned body in very poor condition"
"dcadab72-e7ca-4940-a6ca-92a1ee82647f","UNDE_010.basePlot.bet","D05","UNDE","UNDE_010","W","2016-05-24","2016-06-07","2016-06-08","2016-10-10","2016-10-10","UNDE_010.W.20160607","hQDJ3TYDfoz4uo/pdRZ8T6YKTH3wYEc65nq+isL7eRk=","carabid","PLAMAN","Platynus mannerheimii","species",,"Dejean",,2,"Lindroth, C. H. 1969. The ground-beetles (Carabidae, excl. Cicindelinae) of Canada and Alaska, parts 1-6. Opuscula E. Entomoligiska Sallskapet.","Syw2LXB/pj+fmGCuwdgBGVryVUmYhw3g","Syw2LXB/pj+fmGCuwdgBGVryVUmYhw3g",
"1da24bb0-0231-4476-8feb-a04e8bfc306e","UNDE_006.basePlot.bet","D05","UNDE","UNDE_006","E","2016-05-24","2016-06-07","2016-06-08","2016-09-06",,"UNDE_006.E.20160607","izIYmtFoQUjm5xWONJT2fPJPzO2f62A5ltfsmK0KcnI=","invert bycatch",,,,,,,,,,"ZLiBrmvqlLBFOFHAJeJ5SGepn/fS4c88",
"4c24f358-4fd3-4b74-8786-5f7622cc9123","UNDE_017.basePlot.bet","D05","UNDE","UNDE_017","E","2016-05-24","2016-06-07","2016-06-08","2016-09-06",,"UNDE_017.E.20160607","xHY1KmNCr235Tqna/2wJ3gQoa3usqhInJLfZ+DG9uRU=","invert bycatch",,,,,,,,,,"WXmC7HijdM2NsP75v+4sQyVqwIMmMBb8",
"43a7cb60-c8be-40a2-9255-a134f3a43998","UNDE_008.basePlot.bet","D05","UNDE","UNDE_008","E","2016-05-24","2016-06-07","2016-06-08","2016-09-07",,"UNDE_008.E.20160607","MjA7sUqH2CbZb6fB7WfC14uKrGpfOEB5RVCASqu51DQ=","invert bycatch",,,,,,,,,,"HRQ2qSmGm8w8Hpt9UYCeWTEDSajtVjQn",
"b3fa9a0b-0027-4e1f-9d6e-bbd93485a8a1","UNDE_011.basePlot.bet","D05","UNDE","UNDE_011","E","2016-05-24","2016-06-07","2016-06-08","2016-08-24",,"UNDE_011.E.20160607","0Ya1AWR2lPhThB+KZZ9vc4KrkTBLY/ToY6MrLO4FU7g=","invert bycatch",,,,,,,,,,"sLXn7wTHXoRJL4fX6U0RGoB8I5uaqWlh",
"ed612350-e302-4859-bbdb-b9dfc9300264","UNDE_001.basePlot.bet","D05","UNDE","UNDE_001","E","2016-05-24","2016-06-07","2016-06-08","2016-08-24",,"UNDE_001.E.20160607","kh3xmoTmJnCur/pJbsyRZvd+SesS1qk+swTjU/oBdQs=","invert bycatch",,,,,,,,,,"sLXn7wTHXoRJL4fX6U0RGoB8I5uaqWlh",
"df50b9e9-7fbd-426d-b3c6-651b9b1fa05f","UNDE_012.basePlot.bet","D05","UNDE","UNDE_012","E","2016-05-24","2016-06-07","2016-06-08","2016-09-06",,"UNDE_012.E.20160607","+v0vuVmyR4DMhCSxTbPdmP5JgSvxtIwDqHoUu2CI2fo=","invert bycatch",,,,,,,,,,"sLXn7wTHXoRJL4fX6U0RGoB8I5uaqWlh",
"5a109b04-cdfa-47f9-806b-4fe31f80a41b","UNDE_002.basePlot.bet","D05","UNDE","UNDE_002","E","2016-05-24","2016-06-07","2016-06-08","2016-09-06",,"UNDE_002.E.20160607","JrVNSI+TG1IeN3BEYBHLYgv76YAiAjQmbez81Df9ykU=","invert bycatch",,,,,,,,,,"WXmC7HijdM2NsP75v+4sQyVqwIMmMBb8",
"a6026201-318d-44e7-afbc-bd0835bfac17","UNDE_007.basePlot.bet","D05","UNDE","UNDE_007","E","2016-05-24","2016-06-07","2016-06-08","2016-09-06",,"UNDE_007.E.20160607","sj+sxzQpSGCXcVDms9T2JQ0w3scQlxSOlzegRs36Lg0=","invert bycatch",,,,,,,,,,"WXmC7HijdM2NsP75v+4sQyVqwIMmMBb8",
"5d7e62d3-c122-4086-900b-6e08847be2fc","UNDE_010.basePlot.bet","D05","UNDE","UNDE_010","E","2016-05-24","2016-06-07","2016-06-08","2016-09-06",,"UNDE_010.E.20160607","hQDJ3TYDfowmkXVGtQA/hI762GaIFNL1Kpl5PbfySqk=","invert bycatch",,,,,,,,,,"ZLiBrmvqlLBFOFHAJeJ5SGepn/fS4c88",
"5ec60d68-eb8c-4a7e-b355-79be5eed6634","UNDE_001.basePlot.bet","D05","UNDE","UNDE_001","E","2016-05-24","2016-06-07","2016-06-08","2016-08-24","2016-08-24","UNDE_001.E.20160607","kh3xmoTmJnCur/pJbsyRZoKQBtBMGWdrVBVtoBW6F2A=","vert bycatch herp","PLECIN","Plethodon cinereus","species",,"Green",,1,"Harding, J.H. 1997. Amphibians and reptiles of the Great Lakes Region. University of Michigan Press, Ann Arbor, MI.","sLXn7wTHXoRJL4fX6U0RGoB8I5uaqWlh","sLXn7wTHXoRJL4fX6U0RGoB8I5uaqWlh",
"5c858b7a-f845-4371-9e6c-3a7bde2fa8ae","UNDE_003.basePlot.bet","D05","UNDE","UNDE_003","E","2016-05-24","2016-06-07","2016-06-08","2016-09-06",,"UNDE_003.E.20160607","UKgrtiGQYSBruSGOqRGpCfhqazCr1gWVYTvwr64mfhA=","invert bycatch",,,,,,,,,,"WXmC7HijdM2NsP75v+4sQyVqwIMmMBb8",
"3e4c9998-1d0f-4b76-a989-56a5c9560e1a","UNDE_007.basePlot.bet","D05","UNDE","UNDE_007","N","2016-05-24","2016-06-07","2016-06-08","2016-09-06",,"UNDE_007.N.20160607","sj+sxzQpSGAc2bXTAptC185fAOXNGgNkggUniqgE8mE=","invert bycatch",,,,,,,,,,"ZLiBrmvqlLBFOFHAJeJ5SGepn/fS4c88",
"6ba36d90-960f-46ef-b638-d6137fcdc369","UNDE_003.basePlot.bet","D05","UNDE","UNDE_003","N","2016-05-24","2016-06-07","2016-06-08","2016-09-06",,"UNDE_003.N.20160607","UKgrtiGQYSBaSYv6T9/m56Vxvi+cdrRt7dlj/wakzsY=","invert bycatch",,,,,,,,,,"WXmC7HijdM2NsP75v+4sQyVqwIMmMBb8",
"3db9e45b-ae04-4ec4-9b6d-bdb96bdfffa7","UNDE_010.basePlot.bet","D05","UNDE","UNDE_010","N","2016-05-24","2016-06-07","2016-06-08","2016-09-06",,"UNDE_010.N.20160607","hQDJ3TYDfoyHbOUrKn+1FHoPXkV+wAdl9B9iAyCaHLk=","invert bycatch",,,,,,,,,,"ZLiBrmvqlLBFOFHAJeJ5SGepn/fS4c88",
"e7d4798c-68b1-49b7-a3a3-5b07b636652a","UNDE_017.basePlot.bet","D05","UNDE","UNDE_017","N","2016-05-24","2016-06-07","2016-06-08","2016-09-06",,"UNDE_017.N.20160607","xHY1KmNCr23wnyPUn07rMKv84kLUbFSijnMe7B3LT/Q=","invert bycatch",,,,,,,,,,"WXmC7HijdM2NsP75v+4sQyVqwIMmMBb8",
"e2c3795f-ae6a-4121-a86a-52d98688b07a","UNDE_008.basePlot.bet","D05","UNDE","UNDE_008","N","2016-05-24","2016-06-07","2016-06-08","2016-09-07",,"UNDE_008.N.20160607","MjA7sUqH2CYY1p/KJCam3UiJ+0bhPI/nevUeSivLXXE=","invert bycatch",,,,,,,,,,"HRQ2qSmGm8w8Hpt9UYCeWTEDSajtVjQn",
"e41ccd22-d784-4a6e-b3d5-18939f89d72b","UNDE_001.basePlot.bet","D05","UNDE","UNDE_001","N","2016-05-24","2016-06-07","2016-06-08","2016-08-24",,"UNDE_001.N.20160607","kh3xmoTmJnCIRPsSnD80VFkdodz9etNWwvYYoVD3kjM=","invert bycatch",,,,,,,,,,"sLXn7wTHXoRJL4fX6U0RGoB8I5uaqWlh",
"10857815-05bb-4cd9-a059-b21417162ca4","UNDE_011.basePlot.bet","D05","UNDE","UNDE_011","N","2016-05-24","2016-06-07","2016-06-08","2016-08-24",,"UNDE_011.N.20160607","0Ya1AWR2lPj/nJ991iwUKZ1yPMy/kZjd/Q8bgBLG/qg=","invert bycatch",,,,,,,,,,"sLXn7wTHXoRJL4fX6U0RGoB8I5uaqWlh",
"6987b3e8-d7f7-4891-a349-e4984515b29c","UNDE_006.basePlot.bet","D05","UNDE","UNDE_006","N","2016-05-24","2016-06-07","2016-06-08","2016-09-06",,"UNDE_006.N.20160607","izIYmtFoQUhZ/bSUkGXdxcN7t1mFd4vOmb8ZBhuHJd8=","invert bycatch",,,,,,,,,,"ZLiBrmvqlLBFOFHAJeJ5SGepn/fS4c88",
"3c1bcfd1-c0ae-4633-9d60-c390f32d895a","UNDE_002.basePlot.bet","D05","UNDE","UNDE_002","N","2016-05-24","2016-06-07","2016-06-08","2016-09-06",,"UNDE_002.N.20160607","JrVNSI+TG1K3BDMWs5TS8hMLJzMf2SkqHfZkuwokJ6o=","invert bycatch",,,,,,,,,,"WXmC7HijdM2NsP75v+4sQyVqwIMmMBb8",
"a2f497d5-09a6-4a93-becf-377c74afe781","UNDE_006.basePlot.bet","D05","UNDE","UNDE_006","S","2016-05-24","2016-06-07","2016-06-08","2016-09-06",,"UNDE_006.S.20160607","izIYmtFoQUiCTcH3yIF0smKmVuZhq6wQFPS4IHeIfDc=","invert bycatch",,,,,,,,,,"ZLiBrmvqlLBFOFHAJeJ5SGepn/fS4c88",
"c371f39e-4768-4d0e-975f-47fcb66422d0","UNDE_012.basePlot.bet","D05","UNDE","UNDE_012","S","2016-05-24","2016-06-07","2016-06-08","2016-09-07",,"UNDE_012.S.20160607","+v0vuVmyR4AjiZyJEUD9pVmZOvqV/jWxDuz5LXuxdrc=","invert bycatch",,,,,,,,,,"WXmC7HijdM2NsP75v+4sQyVqwIMmMBb8",
"9897d5e4-b002-4c7e-8f55-5b61eb16cb7f","UNDE_008.basePlot.bet","D05","UNDE","UNDE_008","S","2016-05-24","2016-06-07","2016-06-08","2016-09-07",,"UNDE_008.S.20160607","MjA7sUqH2CbmYf6QFHRL2c7TT04Tj7uSoo8yWtSaoJQ=","invert bycatch",,,,,,,,,,"HRQ2qSmGm8w8Hpt9UYCeWTEDSajtVjQn",
"cdc2d388-11a4-4a2d-97ce-fc867c3aaf53","UNDE_002.basePlot.bet","D05","UNDE","UNDE_002","S","2016-05-24","2016-06-07","2016-06-08","2016-09-06",,"UNDE_002.S.20160607","JrVNSI+TG1IWif1fOHusi8Q6rYdBKM6ETP2k5++dmbQ=","invert bycatch",,,,,,,,,,"WXmC7HijdM2NsP75v+4sQyVqwIMmMBb8",
"46cf3480-b04c-47e2-a7b5-2518988db20e","UNDE_011.basePlot.bet","D05","UNDE","UNDE_011","S","2016-05-24","2016-06-07","2016-06-08","2016-08-24",,"UNDE_011.S.20160607","0Ya1AWR2lPjR7lB8ZOXzE7G2g2oCNZyW3usxWm/XTWQ=","invert bycatch",,,,,,,,,,"sLXn7wTHXoRJL4fX6U0RGoB8I5uaqWlh",
"1c421375-eef2-4e48-9b46-a668e05f727b","UNDE_001.basePlot.bet","D05","UNDE","UNDE_001","S","2016-05-24","2016-06-07","2016-06-08","2016-08-24",,"UNDE_001.S.20160607","kh3xmoTmJnDPpAuVfyK1mVBcs+O7eJmpdh81r4q7h7o=","invert bycatch",,,,,,,,,,"sLXn7wTHXoRJL4fX6U0RGoB8I5uaqWlh",
"1dd9b8db-995a-4f5e-a3cd-270f58dd955e","UNDE_017.basePlot.bet","D05","UNDE","UNDE_017","S","2016-05-24","2016-06-07","2016-06-08","2016-09-06","2016-09-06","UNDE_017.S.20160607","xHY1KmNCr20KxSmSRbWmYHp/I/cwUrBs8S4HDlE/VCQ=","vert bycatch herp","PLECIN","Plethodon cinereus","species",,"Green",,1,"Harding, J.H. 1997. Amphibians and reptiles of the Great Lakes Region. University of Michigan Press, Ann Arbor, MI.","WXmC7HijdM2NsP75v+4sQyVqwIMmMBb8","WXmC7HijdM2NsP75v+4sQyVqwIMmMBb8",
"07940d01-82d0-4537-8478-ff996a00769c","UNDE_003.basePlot.bet","D05","UNDE","UNDE_003","S","2016-05-24","2016-06-07","2016-06-08","2016-09-06",,"UNDE_003.S.20160607","UKgrtiGQYSCWbXLliNTqdRwxPvjnm136iOyvfcqIqVw=","invert bycatch",,,,,,,,,,"WXmC7HijdM2NsP75v+4sQyVqwIMmMBb8",
"88547d77-4777-44fd-ae54-ae0dacf0988f","UNDE_017.basePlot.bet","D05","UNDE","UNDE_017","S","2016-05-24","2016-06-07","2016-06-08","2016-09-06",,"UNDE_017.S.20160607","xHY1KmNCr20KxSmSRbWmYPCWAl8eAD4/+GnRBxq6EXw=","invert bycatch",,,,,,,,,,"WXmC7HijdM2NsP75v+4sQyVqwIMmMBb8",
"09460dc1-7767-4329-bde4-d30ffdd7d3c4","UNDE_010.basePlot.bet","D05","UNDE","UNDE_010","S","2016-05-24","2016-06-07","2016-06-08","2016-09-06",,"UNDE_010.S.20160607","hQDJ3TYDfowNSIijMSrydQtGjMzAZroCi8RA0vIIZgk=","invert bycatch",,,,,,,,,,"ZLiBrmvqlLBFOFHAJeJ5SGepn/fS4c88",
"a65102cc-25dc-4daf-9727-ae359103b0cd","UNDE_007.basePlot.bet","D05","UNDE","UNDE_007","S","2016-05-24","2016-06-07","2016-06-08","2016-09-06",,"UNDE_007.S.20160607","sj+sxzQpSGBC7b3BPQrLa9FQ98moBXvPd4hEdcgcecQ=","invert bycatch",,,,,,,,,,"ZLiBrmvqlLBFOFHAJeJ5SGepn/fS4c88",
"23560366-e65b-425e-82b8-165c15af7841","UNDE_012.basePlot.bet","D05","UNDE","UNDE_012","W","2016-05-24","2016-06-07","2016-06-08","2016-09-07",,"UNDE_012.W.20160607","+v0vuVmyR4A7IVdJUh0wVjYKWBjP66SBklcwNXYgXHk=","invert bycatch",,,,,,,,,,"WXmC7HijdM2NsP75v+4sQyVqwIMmMBb8",
"20fc82ee-35d3-42c5-a7fd-b859780c1b3c","UNDE_011.basePlot.bet","D05","UNDE","UNDE_011","W","2016-05-24","2016-06-07","2016-06-08","2016-08-24",,"UNDE_011.W.20160607","0Ya1AWR2lPiC4fkoaVt6oqQx+dmMiOOsCCUbI6Zo32g=","invert bycatch",,,,,,,,,,"sLXn7wTHXoRJL4fX6U0RGoB8I5uaqWlh",
"9346723a-8a17-4ed6-bbf6-eb4869b1f2c1","UNDE_017.basePlot.bet","D05","UNDE","UNDE_017","W","2016-05-24","2016-06-07","2016-06-08","2016-09-06",,"UNDE_017.W.20160607","xHY1KmNCr23xveNMnf3ceT73ahHRFxDuMk1kS5RWFNg=","invert bycatch",,,,,,,,,,"WXmC7HijdM2NsP75v+4sQyVqwIMmMBb8",
"c4a7b163-b566-4e5e-aace-e95387768bb6","UNDE_001.basePlot.bet","D05","UNDE","UNDE_001","W","2016-05-24","2016-06-07","2016-06-08","2016-08-24",,"UNDE_001.W.20160607","kh3xmoTmJnD1NM/sSuhamiZBzcISDmHh99IdgzEE790=","invert bycatch",,,,,,,,,,"sLXn7wTHXoRJL4fX6U0RGoB8I5uaqWlh",
"22173ced-35d2-49f0-9e77-f7554dc68dd0","UNDE_007.basePlot.bet","D05","UNDE","UNDE_007","W","2016-05-24","2016-06-07","2016-06-08","2016-09-06",,"UNDE_007.W.20160607","sj+sxzQpSGBfRugKvgVju+PB9h9Uyan7Z7+WAnM2iCw=","invert bycatch",,,,,,,,,,"WXmC7HijdM2NsP75v+4sQyVqwIMmMBb8",
"8975fef6-34f2-4fb0-9984-940b43d49e58","UNDE_003.basePlot.bet","D05","UNDE","UNDE_003","W","2016-05-24","2016-06-07","2016-06-08","2016-09-06",,"UNDE_003.W.20160607","UKgrtiGQYSAnVKEbPmCHfTlj2z5J889CdeHjGDDI72M=","invert bycatch",,,,,,,,,,"WXmC7HijdM2NsP75v+4sQyVqwIMmMBb8",
"4a7377e3-2b96-455f-89ac-edb5b1ac61d8","UNDE_010.basePlot.bet","D05","UNDE","UNDE_010","W","2016-05-24","2016-06-07","2016-06-08","2016-09-06",,"UNDE_010.W.20160607","hQDJ3TYDfoz4uo/pdRZ8T9MJR3lQ3dEuzjOuLf553X4=","invert bycatch",,,,,,,,,,"ZLiBrmvqlLBFOFHAJeJ5SGepn/fS4c88",
"edb5c4a1-89db-48d2-b67e-c09f1f83b025","UNDE_006.basePlot.bet","D05","UNDE","UNDE_006","W","2016-05-24","2016-06-07","2016-06-08","2016-09-06",,"UNDE_006.W.20160607","izIYmtFoQUj71Tc/YMya6zONAcUREBRjKWWlpHfDSRY=","invert bycatch",,,,,,,,,,"ZLiBrmvqlLBFOFHAJeJ5SGepn/fS4c88",
"8c29a0ea-fab8-4a9f-8ba6-0e8d1f88d9a9","UNDE_002.basePlot.bet","D05","UNDE","UNDE_002","W","2016-05-24","2016-06-07","2016-06-08","2016-09-06",,"UNDE_002.W.20160607","JrVNSI+TG1JU76qN6kX7A6B3UzSLgWXA8ifpTex/bTY=","invert bycatch",,,,,,,,,,"WXmC7HijdM2NsP75v+4sQyVqwIMmMBb8",
"c17edc3e-1786-4597-8762-dea8a1b2c538","UNDE_008.basePlot.bet","D05","UNDE","UNDE_008","W","2016-05-24","2016-06-07","2016-06-08","2016-09-07",,"UNDE_008.W.20160607","MjA7sUqH2CY14aQaMj58tzWklK3Mv0rpv2ex+Oyoe+k=","invert bycatch",,,,,,,,,,"HRQ2qSmGm8w8Hpt9UYCeWTEDSajtVjQn",
"7bb75373-0195-4022-a83e-9db3edac3027","UNDE_001.basePlot.bet","D05","UNDE","UNDE_001","W","2016-05-24","2016-06-07","2016-06-08","2016-08-24","2016-08-24","UNDE_001.W.20160607","kh3xmoTmJnD1NM/sSuhampQaZR9JMI0XBAyEmRRxD3M=","vert bycatch herp","PLECIN","Plethodon cinereus","species",,"Green",,1,"Harding, J.H. 1997. Amphibians and reptiles of the Great Lakes Region. University of Michigan Press, Ann Arbor, MI.","sLXn7wTHXoRJL4fX6U0RGoB8I5uaqWlh","sLXn7wTHXoRJL4fX6U0RGoB8I5uaqWlh",
"dadd36d4-af72-4bf4-872c-b627530b54f5","UNDE_007.basePlot.bet","D05","UNDE","UNDE_007","S","2016-06-07","2016-06-21","2016-06-22","2016-10-18","2016-10-18","UNDE_007.S.20160621","sj+sxzQpSGBC7b3BPQrLaxBhHEFbWWr1BVmLDf+S6Qc=","carabid","HARSOM","Harpalus somnulentus","species","cf. species","Dejean",,1,"Bousquet, Y. 2010b. Illustrated Identification Guide to Adults and Larvae of Northeastern North American Ground Beetles (Coleoptera: Carabidae). 1st Ed. Pensoft Publishers, Sofia, Bulgaria.","Syw2LXB/pj+fmGCuwdgBGVryVUmYhw3g","Syw2LXB/pj+fmGCuwdgBGVryVUmYhw3g","Sides of pronotum very slightly sinuate."
"ec458eb6-1d9a-4b31-adec-36e04f96f3f0","UNDE_012.basePlot.bet","D05","UNDE","UNDE_012","W","2016-06-07","2016-06-21","2016-06-22","2016-09-07",,"UNDE_012.W.20160621","+v0vuVmyR4A7IVdJUh0wVlDCgt+4zJzoFsV61iVzY3s=","invert bycatch",,,,,,,,,,"HRQ2qSmGm8w8Hpt9UYCeWTEDSajtVjQn",
"daa5b4ef-1ace-44ae-b90a-58640ac2a1c5","UNDE_001.basePlot.bet","D05","UNDE","UNDE_001","N","2016-06-07","2016-06-21","2016-06-22","2016-10-13","2016-10-13","UNDE_001.N.20160621","kh3xmoTmJnCIRPsSnD80VKGZCHQ5YZVn+JCBF38K6d4=","carabid","PTETRI3","Pterostichus tristis","species",,"Dejean",,1,"Lindroth, C. H. 1969. The ground-beetles (Carabidae, excl. Cicindelinae) of Canada and Alaska, parts 1-6. Opuscula E. Entomoligiska Sallskapet.","Syw2LXB/pj+fmGCuwdgBGVryVUmYhw3g","Syw2LXB/pj+fmGCuwdgBGVryVUmYhw3g",
"1387d548-109a-48a8-aa4f-3dacb15336ba","UNDE_007.basePlot.bet","D05","UNDE","UNDE_007","W","2016-06-07","2016-06-21","2016-06-22","2016-10-18","2016-10-18","UNDE_007.W.20160621","sj+sxzQpSGBfRugKvgVju9vMgNyH29q+bw9oCnoD94Q=","carabid","PTEPEN","Pterostichus pensylvanicus","species","cf. species","LeConte",,1,"Bousquet, Y. 2010b. Illustrated Identification Guide to Adults and Larvae of Northeastern North American Ground Beetles (Coleoptera: Carabidae). 1st Ed. Pensoft Publishers, Sofia, Bulgaria.","Syw2LXB/pj+fmGCuwdgBGVryVUmYhw3g","Syw2LXB/pj+fmGCuwdgBGVryVUmYhw3g","Could be PTEADS. Locality label did not match bag label. Could be from Plot 008."
"0c79708d-1e2f-4523-a87d-a9816d41023a","UNDE_007.basePlot.bet","D05","UNDE","UNDE_007","E","2016-06-07","2016-06-21","2016-06-22","2016-10-18","2016-10-18","UNDE_007.E.20160621","sj+sxzQpSGCXcVDms9T2Je0lINY8+UBcp4dnhggxdrU=","carabid","PTEPEN","Pterostichus pensylvanicus","species","cf. species","LeConte",,1,"Bousquet, Y. 2010b. Illustrated Identification Guide to Adults and Larvae of Northeastern North American Ground Beetles (Coleoptera: Carabidae). 1st Ed. Pensoft Publishers, Sofia, Bulgaria.","Syw2LXB/pj+fmGCuwdgBGVryVUmYhw3g","Syw2LXB/pj+fmGCuwdgBGVryVUmYhw3g","Could be PTEADS. Locality label did not match bag label. Could be from Plot 008."
"d999dd29-2026-4b3a-82df-eece6b51d0bc","UNDE_006.basePlot.bet","D05","UNDE","UNDE_006","E","2016-06-07","2016-06-21","2016-06-22","2016-10-14","2016-10-14","UNDE_006.E.20160621","izIYmtFoQUjm5xWONJT2fNAW13Pyg3EJ5a4Olt//Y50=","carabid","PTEMEL","Pterostichus melanarius melanarius","subspecies",,"Illiger",,1,"Lindroth, C. H. 1969. The ground-beetles (Carabidae, excl. Cicindelinae) of Canada and Alaska, parts 1-6. Opuscula E. Entomoligiska Sallskapet.","Syw2LXB/pj+fmGCuwdgBGVryVUmYhw3g","Syw2LXB/pj+fmGCuwdgBGVryVUmYhw3g",
"9370aca4-66c4-49f3-aa7d-05cc1d5d1425","UNDE_006.basePlot.bet","D05","UNDE","UNDE_006","S","2016-06-07","2016-06-21","2016-06-22","2016-10-14","2016-10-14","UNDE_006.S.20160621","izIYmtFoQUiCTcH3yIF0so4qa6xSts1sATa3GAgfris=","carabid","PTEADS","Pterostichus adstrictus","species","cf. species","Eschscholtz",,1,"Lindroth, C. H. 1969. The ground-beetles (Carabidae, excl. Cicindelinae) of Canada and Alaska, parts 1-6. Opuscula E. Entomoligiska Sallskapet.","Syw2LXB/pj+fmGCuwdgBGVryVUmYhw3g","Syw2LXB/pj+fmGCuwdgBGVryVUmYhw3g","Could be PTEPEN"
"be6cb060-d0b2-4aa5-87f8-ce6db767f241","UNDE_006.basePlot.bet","D05","UNDE","UNDE_006","N","2016-06-07","2016-06-21","2016-06-22","2016-10-14","2016-10-14","UNDE_006.N.20160621","izIYmtFoQUhZ/bSUkGXdxY5igoZdB7ARJKYamYv77II=","carabid","PTELUC","Pterostichus luctuosus","species",,"Dejean",,1,"Lindroth, C. H. 1969. The ground-beetles (Carabidae, excl. Cicindelinae) of Canada and Alaska, parts 1-6. Opuscula E. Entomoligiska Sallskapet.","Syw2LXB/pj+fmGCuwdgBGVryVUmYhw3g","Syw2LXB/pj+fmGCuwdgBGVryVUmYhw3g",
"5a48cf40-9a05-4a7e-bfdc-577d78f8ebca","UNDE_007.basePlot.bet","D05","UNDE","UNDE_007","N","2016-06-07","2016-06-21","2016-06-22","2016-10-18","2016-10-18","UNDE_007.N.20160621","sj+sxzQpSGAc2bXTAptC1x+/QDMr6oJ1eft0t3eiW54=","carabid","NOTAEN","Notiophilus aeneus","species",,"Herbst",,1,"Bousquet, Y. 2010b. Illustrated Identification Guide to Adults and Larvae of Northeastern North American Ground Beetles (Coleoptera: Carabidae). 1st Ed. Pensoft Publishers, Sofia, Bulgaria.","Syw2LXB/pj+fmGCuwdgBGVryVUmYhw3g","Syw2LXB/pj+fmGCuwdgBGVryVUmYhw3g",
"9d830720-b08c-426f-8604-014bd2a5163c","UNDE_003.basePlot.bet","D05","UNDE","UNDE_003","W","2016-06-07","2016-06-21","2016-06-22","2016-10-14","2016-10-14","UNDE_003.W.20160621","UKgrtiGQYSAnVKEbPmCHfaooz8/ec4C6vBIPRLjcP10=","carabid","PTECOR1","Pterostichus coracinus","species","cf. species","Newman",,1,"Bousquet, Y. 2010b. Illustrated Identification Guide to Adults and Larvae of Northeastern North American Ground Beetles (Coleoptera: Carabidae). 1st Ed. Pensoft Publishers, Sofia, Bulgaria.","Syw2LXB/pj+fmGCuwdgBGVryVUmYhw3g","Syw2LXB/pj+fmGCuwdgBGVryVUmYhw3g","Could be PTENON"
"eb7d4489-8440-4254-9350-cfc404c446e1","UNDE_003.basePlot.bet","D05","UNDE","UNDE_003","E","2016-06-07","2016-06-21","2016-06-22","2016-10-14","2016-10-14","UNDE_003.E.20160621","UKgrtiGQYSBruSGOqRGpCRPnf13RFNRdK3mAkEUIYrE=","carabid","PLADEC","Platynus decentis","species",,"Say",,1,"Lindroth, C. H. 1969. The ground-beetles (Carabidae, excl. Cicindelinae) of Canada and Alaska, parts 1-6. Opuscula E. Entomoligiska Sallskapet.","Syw2LXB/pj+fmGCuwdgBGVryVUmYhw3g","Syw2LXB/pj+fmGCuwdgBGVryVUmYhw3g",
"d98bd1f6-610f-4338-b8c1-bd1b77cf364f","UNDE_003.basePlot.bet","D05","UNDE","UNDE_003","S","2016-06-07","2016-06-21","2016-06-22","2016-10-14","2016-10-14","UNDE_003.S.20160621","UKgrtiGQYSCWbXLliNTqdSVveH1gsEghMG4wMRLqMBc=","carabid","AGOGRA","Agonum gratiosum","species",,"Mannerheim",,1,"Bousquet, Y. 2010b. Illustrated Identification Guide to Adults and Larvae of Northeastern North American Ground Beetles (Coleoptera: Carabidae). 1st Ed. Pensoft Publishers, Sofia, Bulgaria.","Syw2LXB/pj+fmGCuwdgBGVryVUmYhw3g","Syw2LXB/pj+fmGCuwdgBGVryVUmYhw3g",
"3d1d54d5-f8a5-4074-942d-ed6b61b66297","UNDE_003.basePlot.bet","D05","UNDE","UNDE_003","S","2016-06-07","2016-06-21","2016-06-22","2016-10-14","2016-10-14","UNDE_003.S.20160621","UKgrtiGQYSCWbXLliNTqdV8qbHzIINmQMD5SL2CNN38=","carabid","PLAIND","Platynus indecentis","species",,"Liebherr and Will",,1,"Bousquet, Y. 2010b. Illustrated Identification Guide to Adults and Larvae of Northeastern North American Ground Beetles (Coleoptera: Carabidae). 1st Ed. Pensoft Publishers, Sofia, Bulgaria.","Syw2LXB/pj+fmGCuwdgBGVryVUmYhw3g","Syw2LXB/pj+fmGCuwdgBGVryVUmYhw3g",
"cf3367cc-7a5c-4e89-917f-cbe4d3e715d2","UNDE_003.basePlot.bet","D05","UNDE","UNDE_003","E","2016-06-07","2016-06-21","2016-06-22","2016-10-14","2016-10-14","UNDE_003.E.20160621","UKgrtiGQYSBruSGOqRGpCf4NXO4dgrdfzNM5fDLPunY=","carabid","AGOGRA","Agonum gratiosum","species",,"Mannerheim",,1,"Bousquet, Y. 2010b. Illustrated Identification Guide to Adults and Larvae of Northeastern North American Ground Beetles (Coleoptera: Carabidae). 1st Ed. Pensoft Publishers, Sofia, Bulgaria.","Syw2LXB/pj+fmGCuwdgBGVryVUmYhw3g","Syw2LXB/pj+fmGCuwdgBGVryVUmYhw3g",
"552d6bed-ad67-4c29-b3bf-c49920cfdba8","UNDE_003.basePlot.bet","D05","UNDE","UNDE_003","S","2016-06-07","2016-06-21","2016-06-22","2016-10-14","2016-10-14","UNDE_003.S.20160621","UKgrtiGQYSCWbXLliNTqdeJMopH6YntNj5Q1++H9V8I=","carabid","LORPIL2","Loricera pilicornis pilicornis","subspecies",,"Fabricius",,1,"Bousquet, Y. 2010b. Illustrated Identification Guide to Adults and Larvae of Northeastern North American Ground Beetles (Coleoptera: Carabidae). 1st Ed. Pensoft Publishers, Sofia, Bulgaria.","Syw2LXB/pj+fmGCuwdgBGVryVUmYhw3g","Syw2LXB/pj+fmGCuwdgBGVryVUmYhw3g",
"5ae06fb9-947e-4303-9d13-befccc1b5ec2","UNDE_001.basePlot.bet","D05","UNDE","UNDE_001","E","2016-06-07","2016-06-21","2016-06-22","2016-10-13","2016-10-13","UNDE_001.E.20160621","kh3xmoTmJnCur/pJbsyRZlbrXglcxZk3db9PMnPPNFs=","carabid","PTECOR1","Pterostichus coracinus","species","cf. species","Newman",,1,"Bousquet, Y. 2010b. Illustrated Identification Guide to Adults and Larvae of Northeastern North American Ground Beetles (Coleoptera: Carabidae). 1st Ed. Pensoft Publishers, Sofia, Bulgaria.","Syw2LXB/pj+fmGCuwdgBGVryVUmYhw3g","Syw2LXB/pj+fmGCuwdgBGVryVUmYhw3g","Could be PTENOV"
"75ad5cee-225b-4da2-945d-f524ac436464","UNDE_003.basePlot.bet","D05","UNDE","UNDE_003","S","2016-06-07","2016-06-21","2016-06-22","2016-10-14","2016-10-14","UNDE_003.S.20160621","UKgrtiGQYSCWbXLliNTqdVd8yf/Z9tDZr9/qP6V1Ozs=","carabid","ELACLA","Elaphrus clairvillei","species","cf. species","Kirby",,1,"Bousquet, Y. 2010b. Illustrated Identification Guide to Adults and Larvae of Northeastern North American Ground Beetles (Coleoptera: Carabidae). 1st Ed. Pensoft Publishers, Sofia, Bulgaria.","Syw2LXB/pj+fmGCuwdgBGVryVUmYhw3g","Syw2LXB/pj+fmGCuwdgBGVryVUmYhw3g",
"aca17984-1e9d-462d-aa40-015f3cf0df0e","UNDE_011.basePlot.bet","D05","UNDE","UNDE_011","E","2016-06-07","2016-06-21","2016-06-22","2016-09-07",,"UNDE_011.E.20160621","0Ya1AWR2lPhThB+KZZ9vc9GAkAJmKlpvND3l8cwfMj0=","invert bycatch",,,,,,,,,,"WXmC7HijdM2NsP75v+4sQyVqwIMmMBb8",
"3015ee14-a656-42dd-84e8-9e74749f4105","UNDE_008.basePlot.bet","D05","UNDE","UNDE_008","E","2016-06-07","2016-06-21","2016-06-22","2016-09-08",,"UNDE_008.E.20160621","MjA7sUqH2CbZb6fB7WfC1yqWyU/xEbh1YkBd5ejuv50=","invert bycatch",,,,,,,,,,"sLXn7wTHXoRJL4fX6U0RGoB8I5uaqWlh",
"5425f561-151c-416f-a3b1-0023e72586ac","UNDE_006.basePlot.bet","D05","UNDE","UNDE_006","E","2016-06-07","2016-06-21","2016-06-22","2016-09-07",,"UNDE_006.E.20160621","izIYmtFoQUjm5xWONJT2fO1HlAH5LL7hoKZv071JErs=","invert bycatch",,,,,,,,,,"WXmC7HijdM2NsP75v+4sQyVqwIMmMBb8",
"a800932d-4b55-4392-b498-6d749311e092","UNDE_012.basePlot.bet","D05","UNDE","UNDE_012","E","2016-06-07","2016-06-21","2016-06-22","2016-09-07",,"UNDE_012.E.20160621","+v0vuVmyR4DMhCSxTbPdmK3z/5iECRjfQvE5qhXC8+4=","invert bycatch",,,,,,,,,,"HRQ2qSmGm8w8Hpt9UYCeWTEDSajtVjQn",
"b727dc5e-af2c-4103-b6c0-a6af76a8f4d6","UNDE_002.basePlot.bet","D05","UNDE","UNDE_002","E","2016-06-07","2016-06-21","2016-06-22","2016-09-07",,"UNDE_002.E.20160621","JrVNSI+TG1IeN3BEYBHLYqAUtISDbGgtD9rlaXBaZZs=","invert bycatch",,,,,,,,,,"WXmC7HijdM2NsP75v+4sQyVqwIMmMBb8",
"06302db0-3ce0-481b-81fd-fff522b345eb","UNDE_017.basePlot.bet","D05","UNDE","UNDE_017","E","2016-06-07","2016-06-21","2016-06-22","2016-09-08",,"UNDE_017.E.20160621","xHY1KmNCr235Tqna/2wJ3p/KXD+MnOA9vJm4ZgJl+Tc=","invert bycatch",,,,,,,,,,"sLXn7wTHXoRJL4fX6U0RGoB8I5uaqWlh",
"b61601b1-459b-4411-a583-0dc4012fa644","UNDE_010.basePlot.bet","D05","UNDE","UNDE_010","E","2016-06-07","2016-06-21","2016-06-22","2016-09-07",,"UNDE_010.E.20160621","hQDJ3TYDfowmkXVGtQA/hBddqmj8JrtCI98X3IXEbJs=","invert bycatch",,,,,,,,,,"WXmC7HijdM2NsP75v+4sQyVqwIMmMBb8",
"cb83ab1a-f6dc-4a8e-a847-ac23fe91228e","UNDE_007.basePlot.bet","D05","UNDE","UNDE_007","E","2016-06-07","2016-06-21","2016-06-22","2016-09-07",,"UNDE_007.E.20160621","sj+sxzQpSGCXcVDms9T2JdV0svmEWvzAmkswg5h2d0U=","invert bycatch",,,,,,,,,,"HRQ2qSmGm8w8Hpt9UYCeWTEDSajtVjQn",
"dd096ba9-b984-4845-8460-6b1727f3a1d8","UNDE_001.basePlot.bet","D05","UNDE","UNDE_001","E","2016-06-07","2016-06-21","2016-06-22","2016-09-07",,"UNDE_001.E.20160621","kh3xmoTmJnCur/pJbsyRZpz92VWjYCQ91dqTguPT6rY=","invert bycatch",,,,,,,,,,"WXmC7HijdM2NsP75v+4sQyVqwIMmMBb8",
"94f2c44e-ea98-4767-91e0-ab9c220d57c3","UNDE_003.basePlot.bet","D05","UNDE","UNDE_003","E","2016-06-07","2016-06-21","2016-06-22","2016-09-07",,"UNDE_003.E.20160621","UKgrtiGQYSBruSGOqRGpCUFLmWerTVI5I0kiAhwgiDE=","invert bycatch",,,,,,,,,,"HRQ2qSmGm8w8Hpt9UYCeWTEDSajtVjQn",
"47d7101c-1ba2-4df0-9248-7eb75a329e6e","UNDE_010.basePlot.bet","D05","UNDE","UNDE_010","N","2016-06-07","2016-06-21","2016-06-22","2016-09-07",,"UNDE_010.N.20160621","hQDJ3TYDfoyHbOUrKn+1FHEbj8k2zVqoJKhtt+17ciU=","invert bycatch",,,,,,,,,,"WXmC7HijdM2NsP75v+4sQyVqwIMmMBb8",
"936df189-897b-4c3c-907b-6519e8cb8e19","UNDE_007.basePlot.bet","D05","UNDE","UNDE_007","N","2016-06-07","2016-06-21","2016-06-22","2016-09-07",,"UNDE_007.N.20160621","sj+sxzQpSGAc2bXTAptC150KdYk3ZwFWxH8lyhz6n00=","invert bycatch",,,,,,,,,,"HRQ2qSmGm8w8Hpt9UYCeWTEDSajtVjQn",
"ffe6302f-a065-4734-8b0d-1d2d6b4a1131","UNDE_017.basePlot.bet","D05","UNDE","UNDE_017","N","2016-06-07","2016-06-21","2016-06-22","2016-09-08",,"UNDE_017.N.20160621","xHY1KmNCr23wnyPUn07rMJFrhVpDgYXgCy/vmzb8VxU=","invert bycatch",,,,,,,,,,"sLXn7wTHXoRJL4fX6U0RGoB8I5uaqWlh",
"b8c8eb88-f3c1-48f3-a2b4-46a80bc7a5c3","UNDE_001.basePlot.bet","D05","UNDE","UNDE_001","N","2016-06-07","2016-06-21","2016-06-22","2016-09-07",,"UNDE_001.N.20160621","kh3xmoTmJnCIRPsSnD80VKImKj2GkjLBVU4kYhRgslY=","invert bycatch",,,,,,,,,,"WXmC7HijdM2NsP75v+4sQyVqwIMmMBb8",
"fbdfb131-c048-4d33-8dff-70dc4294d03a","UNDE_003.basePlot.bet","D05","UNDE","UNDE_003","N","2016-06-07","2016-06-21","2016-06-22","2016-09-07",,"UNDE_003.N.20160621","UKgrtiGQYSBaSYv6T9/m5yv7oJCllTBtbXheeq1EGsA=","invert bycatch",,,,,,,,,,"HRQ2qSmGm8w8Hpt9UYCeWTEDSajtVjQn",
"567e2815-cf75-4821-87b4-470bda250cff","UNDE_002.basePlot.bet","D05","UNDE","UNDE_002","N","2016-06-07","2016-06-21","2016-06-22","2016-09-07",,"UNDE_002.N.20160621","JrVNSI+TG1K3BDMWs5TS8nOpcmGOw0CP/K0pb1Ao0Y0=","invert bycatch",,,,,,,,,,"WXmC7HijdM2NsP75v+4sQyVqwIMmMBb8",
"2fc189c6-e753-48a3-a7b8-15105f723e09","UNDE_006.basePlot.bet","D05","UNDE","UNDE_006","N","2016-06-07","2016-06-21","2016-06-22","2016-09-07",,"UNDE_006.N.20160621","izIYmtFoQUhZ/bSUkGXdxebqDqkVCDvKF274kKvJ3zo=","invert bycatch",,,,,,,,,,"WXmC7HijdM2NsP75v+4sQyVqwIMmMBb8",
"48a4945d-c228-4aa4-be85-39c0556342b6","UNDE_011.basePlot.bet","D05","UNDE","UNDE_011","N","2016-06-07","2016-06-21","2016-06-22","2016-09-07",,"UNDE_011.N.20160621","0Ya1AWR2lPj/nJ991iwUKTEa9H90O2Gkk6PrLROwXjs=","invert bycatch",,,,,,,,,,"WXmC7HijdM2NsP75v+4sQyVqwIMmMBb8",
"4bc91ad2-dd15-4999-95e5-fc15317ff4db","UNDE_008.basePlot.bet","D05","UNDE","UNDE_008","N","2016-06-07","2016-06-21","2016-06-22","2016-09-08",,"UNDE_008.N.20160621","MjA7sUqH2CYY1p/KJCam3UzMTrY8KsUbzLQGRp+g9+0=","invert bycatch",,,,,,,,,,"sLXn7wTHXoRJL4fX6U0RGoB8I5uaqWlh",
"089fecec-d909-46ea-a4ac-c0788bb55eec","UNDE_012.basePlot.bet","D05","UNDE","UNDE_012","N","2016-06-07","2016-06-21","2016-06-22","2016-09-07",,"UNDE_012.N.20160621","+v0vuVmyR4Alq+u8WTQvGApIBjFpGMRkCmjfcNBtENI=","invert bycatch",,,,,,,,,,"HRQ2qSmGm8w8Hpt9UYCeWTEDSajtVjQn",
"8e2d150b-6586-47c5-8cb4-c78035320de2","UNDE_006.basePlot.bet","D05","UNDE","UNDE_006","S","2016-06-07","2016-06-21","2016-06-22","2016-09-07",,"UNDE_006.S.20160621","izIYmtFoQUiCTcH3yIF0snyzKw2tNuLItc5jfEGuoAQ=","invert bycatch",,,,,,,,,,"WXmC7HijdM2NsP75v+4sQyVqwIMmMBb8",
"e526678c-1bd7-4787-b3ec-f712dd1d52dc","UNDE_012.basePlot.bet","D05","UNDE","UNDE_012","S","2016-06-07","2016-06-21","2016-06-22","2016-09-07",,"UNDE_012.S.20160621","+v0vuVmyR4AjiZyJEUD9pUH3t/EH0X7Tq9dSrEbW6bw=","invert bycatch",,,,,,,,,,"HRQ2qSmGm8w8Hpt9UYCeWTEDSajtVjQn",
"ab077d7b-d539-4cc3-a3ff-e4d599402c0e","UNDE_008.basePlot.bet","D05","UNDE","UNDE_008","S","2016-06-07","2016-06-21","2016-06-22","2016-09-08",,"UNDE_008.S.20160621","MjA7sUqH2CbmYf6QFHRL2V7MLCyuTnjjiHc/sF/HHuU=","invert bycatch",,,,,,,,,,"sLXn7wTHXoRJL4fX6U0RGoB8I5uaqWlh",
"d1e46a3a-5d23-4ea4-8380-331feb8c7267","UNDE_002.basePlot.bet","D05","UNDE","UNDE_002","S","2016-06-07","2016-06-21","2016-06-22","2016-09-07",,"UNDE_002.S.20160621","JrVNSI+TG1IWif1fOHusi9uPLMM4oeEIHworQK+nN48=","invert bycatch",,,,,,,,,,"WXmC7HijdM2NsP75v+4sQyVqwIMmMBb8",
"a4a3dc85-e263-46cf-bbbc-501db82794d5","UNDE_001.basePlot.bet","D05","UNDE","UNDE_001","S","2016-06-07","2016-06-21","2016-06-22","2016-09-07",,"UNDE_001.S.20160621","kh3xmoTmJnDPpAuVfyK1melLIrZCKSLxNP+arVxeYEI=","invert bycatch",,,,,,,,,,"WXmC7HijdM2NsP75v+4sQyVqwIMmMBb8",
"d1112d4d-b74a-4fd3-a234-d1154449db67","UNDE_011.basePlot.bet","D05","UNDE","UNDE_011","S","2016-06-07","2016-06-21","2016-06-22","2016-09-07",,"UNDE_011.S.20160621","0Ya1AWR2lPjR7lB8ZOXzE3HC7mjN4tTg9KGkQwwWwpQ=","invert bycatch",,,,,,,,,,"WXmC7HijdM2NsP75v+4sQyVqwIMmMBb8",
"f6aa748a-812e-4bbd-abec-c0532096df5c","UNDE_017.basePlot.bet","D05","UNDE","UNDE_017","S","2016-06-07","2016-06-21","2016-06-22","2016-09-08",,"UNDE_017.S.20160621","xHY1KmNCr20KxSmSRbWmYOeKQEiP5GEnL8jHPUa9P1U=","invert bycatch",,,,,,,,,,"sLXn7wTHXoRJL4fX6U0RGoB8I5uaqWlh",
"bf102ee2-c2db-456d-8319-fdc958ceb3b9","UNDE_001.basePlot.bet","D05","UNDE","UNDE_001","S","2016-06-07","2016-06-21","2016-06-22","2016-09-07","2016-09-07","UNDE_001.S.20160621","kh3xmoTmJnDPpAuVfyK1md5l0NrZI8z2SKm5jZyFr1o=","vert bycatch herp","PLECIN","Plethodon cinereus","species",,"Green",,1,"Harding, J.H. 1997. Amphibians and reptiles of the Great Lakes Region. University of Michigan Press, Ann Arbor, MI.","WXmC7HijdM2NsP75v+4sQyVqwIMmMBb8","WXmC7HijdM2NsP75v+4sQyVqwIMmMBb8",
"08020a6a-6641-47ae-8890-02fd0857eacb","UNDE_003.basePlot.bet","D05","UNDE","UNDE_003","S","2016-06-07","2016-06-21","2016-06-22","2016-09-07",,"UNDE_003.S.20160621","UKgrtiGQYSCWbXLliNTqddjo1KYVy6JYdMoVIqQ+FJk=","invert bycatch",,,,,,,,,,"HRQ2qSmGm8w8Hpt9UYCeWTEDSajtVjQn",
"ed342e2e-d122-4391-b8eb-2b81f977b1ab","UNDE_010.basePlot.bet","D05","UNDE","UNDE_010","S","2016-06-07","2016-06-21","2016-06-22","2016-09-07",,"UNDE_010.S.20160621","hQDJ3TYDfowNSIijMSrydbDpCTnI+zqQUJDiywt3aw8=","invert bycatch",,,,,,,,,,"WXmC7HijdM2NsP75v+4sQyVqwIMmMBb8",
"61bcdc27-a169-4608-accd-1cdbfa2e6a34","UNDE_007.basePlot.bet","D05","UNDE","UNDE_007","S","2016-06-07","2016-06-21","2016-06-22","2016-09-07",,"UNDE_007.S.20160621","sj+sxzQpSGBC7b3BPQrLa4amz2TZxrFucTwnEnTbTrY=","invert bycatch",,,,,,,,,,"HRQ2qSmGm8w8Hpt9UYCeWTEDSajtVjQn",
"7a95cc17-53be-423e-af3f-72cc4990adf5","UNDE_010.basePlot.bet","D05","UNDE","UNDE_010","W","2016-06-07","2016-06-21","2016-06-22","2016-09-07",,"UNDE_010.W.20160621","hQDJ3TYDfoz4uo/pdRZ8T/imUdnTUq5YIdX0GicUAoo=","invert bycatch",,,,,,,,,,"WXmC7HijdM2NsP75v+4sQyVqwIMmMBb8",
"7f4ca945-f9b0-4440-a27d-2e3efd1ce133","UNDE_007.basePlot.bet","D05","UNDE","UNDE_007","W","2016-06-07","2016-06-21","2016-06-22","2016-09-07",,"UNDE_007.W.20160621","sj+sxzQpSGBfRugKvgVju3TWTgLlxOYSCowNbwYgWI4=","invert bycatch",,,,,,,,,,"HRQ2qSmGm8w8Hpt9UYCeWTEDSajtVjQn",
"479227e9-94ee-4248-9952-eedbbefbb9f3","UNDE_003.basePlot.bet","D05","UNDE","UNDE_003","W","2016-06-07","2016-06-21","2016-06-22","2016-09-07",,"UNDE_003.W.20160621","UKgrtiGQYSAnVKEbPmCHfUJ4KW8P4aTlyec2FRFMpmw=","invert bycatch",,,,,,,,,,"HRQ2qSmGm8w8Hpt9UYCeWTEDSajtVjQn",
"bb866658-4e78-48d8-8728-3e09fdcf32c7","UNDE_017.basePlot.bet","D05","UNDE","UNDE_017","W","2016-06-07","2016-06-21","2016-06-22","2016-09-08",,"UNDE_017.W.20160621","xHY1KmNCr23xveNMnf3ceYKaae7GpM//dYmDa2awlfM=","invert bycatch",,,,,,,,,,"sLXn7wTHXoRJL4fX6U0RGoB8I5uaqWlh",
"943308b6-f0ab-4996-a9a1-5ef1f092c6fd","UNDE_001.basePlot.bet","D05","UNDE","UNDE_001","W","2016-06-07","2016-06-21","2016-06-22","2016-09-07",,"UNDE_001.W.20160621","kh3xmoTmJnD1NM/sSuhamh8FokMTrRxIYksc7sb3cyQ=","invert bycatch",,,,,,,,,,"WXmC7HijdM2NsP75v+4sQyVqwIMmMBb8",
"6e522a03-af8d-4836-b69a-bbc7b5608dd5","UNDE_001.basePlot.bet","D05","UNDE","UNDE_001","W","2016-06-07","2016-06-21","2016-06-22","2016-09-07","2016-09-07","UNDE_001.W.20160621","kh3xmoTmJnD1NM/sSuhamsCun8jYowJy2O3uYFzDoUg=","vert bycatch herp","PLECIN","Plethodon cinereus","species",,"Green",,1,"Harding, J.H. 1997. Amphibians and reptiles of the Great Lakes Region. University of Michigan Press, Ann Arbor, MI.","WXmC7HijdM2NsP75v+4sQyVqwIMmMBb8","WXmC7HijdM2NsP75v+4sQyVqwIMmMBb8",
"ae8f0163-f2ba-4928-980a-0faebb4f8b74","UNDE_011.basePlot.bet","D05","UNDE","UNDE_011","W","2016-06-07","2016-06-21","2016-06-22","2016-09-07",,"UNDE_011.W.20160621","0Ya1AWR2lPiC4fkoaVt6oiE9UVnehsR/ecKGVLOTVz0=","invert bycatch",,,,,,,,,,"WXmC7HijdM2NsP75v+4sQyVqwIMmMBb8",
"b114142f-ca6b-4630-a67b-c758ec7f5fda","UNDE_008.basePlot.bet","D05","UNDE","UNDE_008","W","2016-06-07","2016-06-21","2016-06-22","2016-09-08",,"UNDE_008.W.20160621","MjA7sUqH2CY14aQaMj58t2HH74cYta2W20KOitC7C28=","invert bycatch",,,,,,,,,,"sLXn7wTHXoRJL4fX6U0RGoB8I5uaqWlh",
"94688b93-61a0-41ff-b3fa-e48162ad0f8b","UNDE_002.basePlot.bet","D05","UNDE","UNDE_002","W","2016-06-07","2016-06-21","2016-06-22","2016-09-07",,"UNDE_002.W.20160621","JrVNSI+TG1JU76qN6kX7AxKXCzmYpxEFtVNpUBtZgEI=","invert bycatch",,,,,,,,,,"WXmC7HijdM2NsP75v+4sQyVqwIMmMBb8",
"7e7f54c1-e272-436a-aed7-9435367b62a0","UNDE_006.basePlot.bet","D05","UNDE","UNDE_006","W","2016-06-07","2016-06-21","2016-06-22","2016-09-07",,"UNDE_006.W.20160621","izIYmtFoQUj71Tc/YMya6xN98a+2b26tp7Vv6BuGcSc=","invert bycatch",,,,,,,,,,"WXmC7HijdM2NsP75v+4sQyVqwIMmMBb8",
"e945076d-57b4-4e2d-8f3b-3e9e1da85eec","UNDE_007.basePlot.bet","D05","UNDE","UNDE_007","S","2016-06-07","2016-06-21","2016-06-22","2016-10-18","2016-10-18","UNDE_007.S.20160621","sj+sxzQpSGBC7b3BPQrLa6R1NnDdWuHh3AuW5knqlt8=","carabid","PTEMUT2","Pterostichus mutus","species","cf. species","Say",,1,"Lindroth, C. H. 1969. The ground-beetles (Carabidae, excl. Cicindelinae) of Canada and Alaska, parts 1-6. Opuscula E. Entomoligiska Sallskapet.","Syw2LXB/pj+fmGCuwdgBGVryVUmYhw3g","Syw2LXB/pj+fmGCuwdgBGVryVUmYhw3g","Locality label did not match bag. Could have come from plot 008."
