uid,namedLocation,domainID,siteID,plotID,trapID,plotType,nlcdClass,decimalLatitude,decimalLongitude,geodeticDatum,coordinateUncertainty,elevation,elevationUncertainty,setDate,collectDate,eventID,daysOfTrapping,sampleCollected,sampleID,cupStatus,lidStatus,fluidLevel,samplingProtocolVersion,recordedBy,remarks
"df03e31d-ea8f-4a09-90bf-bc526912c723","SERC_015.basePlot.bet","D02","SERC","SERC_015","E","distributed","deciduousForest",38.898957,-76.555560,"WGS84",20.2,17.8,0.3,"2015-05-19","2015-06-02","SERC.2015.23",14,"Y","SERC_015.E.20150602","Ok","Ok","High","NEON.DOC.014050vG","wYCqaZcA+7slXlj5N/mM6vobrh4QDptp","trap completely full of rain"
"05a1a873-0ac4-4c9e-ba43-c03b6dcdecd6","SERC_010.basePlot.bet","D02","SERC","SERC_010","W","distributed","deciduousForest",38.909675,-76.546255,"WGS84",20.2,25.8,0.2,"2015-05-19","2015-06-02","SERC.2015.23",14,"Y","SERC_010.W.20150602","Ok","Ok","Ok","NEON.DOC.014050vG","wYCqaZcA+7slXlj5N/mM6vobrh4QDptp",
"d43470d5-d2db-4061-8ffc-6ae4a468b2d2","SERC_021.basePlot.bet","D02","SERC","SERC_021","E","distributed","deciduousForest",38.896418,-76.560196,"WGS84",20.2,18.0,0.4,"2015-05-19","2015-06-02","SERC.2015.23",14,"Y","SERC_021.E.20150602","Ok","Ok","Ok","NEON.DOC.014050vG","wYCqaZcA+7slXlj5N/mM6vobrh4QDptp",
"f5f403d9-6685-46a5-91dc-f999addf2c0a","SERC_007.basePlot.bet","D02","SERC","SERC_007","E","distributed","cultivatedCrops",38.873795,-76.539829,"WGS84",20.1,4.3,0.2,"2015-05-19","2015-06-02","SERC.2015.23",14,"Y","SERC_007.E.20150602","Disturbed","Missing","Low","NEON.DOC.014050vG","wYCqaZcA+7slXlj5N/mM6vobrh4QDptp","This field was plowed| cups destroyed and lids missing. No sample collected. will wait until further notice to reset traps"
"b27c6fda-49bb-4841-b122-74dbf4bb760e","SERC_010.basePlot.bet","D02","SERC","SERC_010","E","distributed","deciduousForest",38.909675,-76.546255,"WGS84",20.2,25.8,0.2,"2015-05-19","2015-06-02","SERC.2015.23",14,"Y","SERC_010.E.20150602","Ok","Ok","Ok","NEON.DOC.014050vG","wYCqaZcA+7slXlj5N/mM6vobrh4QDptp",
"1ea501f7-822b-4981-b7e5-7e8b23d99731","SERC_001.basePlot.bet","D02","SERC","SERC_001","E","distributed","deciduousForest",38.868690,-76.533595,"WGS84",20.2,7.6,0.4,"2015-05-19","2015-06-02","SERC.2015.23",14,"Y","SERC_001.E.20150602","Ok","Ok","Ok","NEON.DOC.014050vG","wYCqaZcA+7slXlj5N/mM6vobrh4QDptp",
"a1a86d8e-b5fb-4630-b4f0-199b9a7ab288","SERC_006.basePlot.bet","D02","SERC","SERC_006","E","distributed","deciduousForest",38.881089,-76.547316,"WGS84",20.3,3.5,0.4,"2015-05-19","2015-06-02","SERC.2015.23",14,"Y","SERC_006.E.20150602","Ok","Ok","Ok","NEON.DOC.014050vG","wYCqaZcA+7slXlj5N/mM6vobrh4QDptp",
"e5c42219-3d51-4eed-bd05-62daa8bde152","SERC_002.basePlot.bet","D02","SERC","SERC_002","E","distributed","deciduousForest",38.895032,-76.558913,"WGS84",20.2,11.4,0.2,"2015-05-19","2015-06-02","SERC.2015.23",14,"Y","SERC_002.E.20150602","Ok","Ok","Ok","NEON.DOC.014050vG","wYCqaZcA+7slXlj5N/mM6vobrh4QDptp",
"95a3ef64-44be-473b-b411-7df8f48083c3","SERC_003.basePlot.bet","D02","SERC","SERC_003","E","distributed","deciduousForest",38.899874,-76.543769,"WGS84",20.2,10.8,0.2,"2015-05-19","2015-06-02","SERC.2015.23",14,"Y","SERC_003.E.20150602","Ok","Ok","Ok","NEON.DOC.014050vG","wYCqaZcA+7slXlj5N/mM6vobrh4QDptp",
"f4e769ed-5d12-457f-881b-9aca656c4592","SERC_009.basePlot.bet","D02","SERC","SERC_009","E","distributed","deciduousForest",38.897569,-76.561177,"WGS84",20.3,22.5,0.5,"2015-05-19","2015-06-02","SERC.2015.23",14,"Y","SERC_009.E.20150602","Ok","Ok","Ok","NEON.DOC.014050vG","wYCqaZcA+7slXlj5N/mM6vobrh4QDptp",
"ee701954-4506-4b03-b530-1af858f1055a","SERC_016.basePlot.bet","D02","SERC","SERC_016","N","distributed","deciduousForest",38.899460,-76.547557,"WGS84",20.2,19.6,0.3,"2015-05-19","2015-06-02","SERC.2015.23",14,"Y","SERC_016.N.20150602","Ok","Ok","Ok","NEON.DOC.014050vG","wYCqaZcA+7slXlj5N/mM6vobrh4QDptp",
"0ef9fe0a-9a28-4cc7-90bc-90fa6956b74d","SERC_021.basePlot.bet","D02","SERC","SERC_021","N","distributed","deciduousForest",38.896418,-76.560196,"WGS84",20.2,18.0,0.4,"2015-05-19","2015-06-02","SERC.2015.23",14,"Y","SERC_021.N.20150602","Ok","Ok","Ok","NEON.DOC.014050vG","wYCqaZcA+7slXlj5N/mM6vobrh4QDptp",
"4c4f88aa-1ed7-4e0f-9017-364c17dc3603","SERC_015.basePlot.bet","D02","SERC","SERC_015","N","distributed","deciduousForest",38.898957,-76.555560,"WGS84",20.2,17.8,0.3,"2015-05-19","2015-06-02","SERC.2015.23",14,"Y","SERC_015.N.20150602","Ok","Ok","High","NEON.DOC.014050vG","wYCqaZcA+7slXlj5N/mM6vobrh4QDptp","trap full of rain"
"2a72ef8c-f381-462e-aa2b-1c664f48ff17","SERC_007.basePlot.bet","D02","SERC","SERC_007","N","distributed","cultivatedCrops",38.873795,-76.539829,"WGS84",20.1,4.3,0.2,"2015-05-19","2015-06-02","SERC.2015.23",14,"Y","SERC_007.N.20150602","Disturbed","Missing","Low","NEON.DOC.014050vG","wYCqaZcA+7slXlj5N/mM6vobrh4QDptp","This field was plowed| cups destroyed and lids missing. No sample collected. will wait until further notice to reset traps"
"9e65d98f-df6b-4df8-8e23-0095c756b9ba","SERC_003.basePlot.bet","D02","SERC","SERC_003","N","distributed","deciduousForest",38.899874,-76.543769,"WGS84",20.2,10.8,0.2,"2015-05-19","2015-06-02","SERC.2015.23",14,"Y","SERC_003.N.20150602","Disturbed","Disturbed","Low","NEON.DOC.014050vG","wYCqaZcA+7slXlj5N/mM6vobrh4QDptp","Animal disturbance"
"cde83675-cadd-41c7-b66e-6df8462b8aa5","SERC_001.basePlot.bet","D02","SERC","SERC_001","N","distributed","deciduousForest",38.868690,-76.533595,"WGS84",20.2,7.6,0.4,"2015-05-19","2015-06-02","SERC.2015.23",14,"Y","SERC_001.N.20150602","Ok","Ok","Ok","NEON.DOC.014050vG","wYCqaZcA+7slXlj5N/mM6vobrh4QDptp",
"67934528-30fb-430f-8f72-e0e364573f33","SERC_002.basePlot.bet","D02","SERC","SERC_002","N","distributed","deciduousForest",38.895032,-76.558913,"WGS84",20.2,11.4,0.2,"2015-05-19","2015-06-02","SERC.2015.23",14,"Y","SERC_002.N.20150602","Ok","Ok","Ok","NEON.DOC.014050vG","wYCqaZcA+7slXlj5N/mM6vobrh4QDptp",
"74f2ec2b-f48b-494a-9fde-9304e8457616","SERC_006.basePlot.bet","D02","SERC","SERC_006","N","distributed","deciduousForest",38.881089,-76.547316,"WGS84",20.3,3.5,0.4,"2015-05-19","2015-06-02","SERC.2015.23",14,"Y","SERC_006.N.20150602","Ok","Ok","Ok","NEON.DOC.014050vG","wYCqaZcA+7slXlj5N/mM6vobrh4QDptp",
"7da525ac-d044-400a-86e0-81c2fcaa42c0","SERC_009.basePlot.bet","D02","SERC","SERC_009","N","distributed","deciduousForest",38.897569,-76.561177,"WGS84",20.3,22.5,0.5,"2015-05-19","2015-06-02","SERC.2015.23",14,"Y","SERC_009.N.20150602","Ok","Ok","Ok","NEON.DOC.014050vG","wYCqaZcA+7slXlj5N/mM6vobrh4QDptp",
"bb316e4f-08b5-4000-8a47-8e333a7919a0","SERC_010.basePlot.bet","D02","SERC","SERC_010","N","distributed","deciduousForest",38.909675,-76.546255,"WGS84",20.2,25.8,0.2,"2015-05-19","2015-06-02","SERC.2015.23",14,"Y","SERC_010.N.20150602","Ok","Ok","Ok","NEON.DOC.014050vG","wYCqaZcA+7slXlj5N/mM6vobrh4QDptp",
"d5ae55a6-b460-43de-ac50-51e5c45bd776","SERC_016.basePlot.bet","D02","SERC","SERC_016","S","distributed","deciduousForest",38.899460,-76.547557,"WGS84",20.2,19.6,0.3,"2015-05-19","2015-06-02","SERC.2015.23",14,"Y","SERC_016.S.20150602","Ok","Ok","Ok","NEON.DOC.014050vG","wYCqaZcA+7slXlj5N/mM6vobrh4QDptp",
"1b3ab480-cab8-4538-9ce4-51c0a53398db","SERC_015.basePlot.bet","D02","SERC","SERC_015","S","distributed","deciduousForest",38.898957,-76.555560,"WGS84",20.2,17.8,0.3,"2015-05-19","2015-06-02","SERC.2015.23",14,"Y","SERC_015.S.20150602","Ok","Ok","High","NEON.DOC.014050vG","wYCqaZcA+7slXlj5N/mM6vobrh4QDptp","Trap full of rain"
"224f3279-65c8-4914-892b-a6927bb7ef7e","SERC_021.basePlot.bet","D02","SERC","SERC_021","S","distributed","deciduousForest",38.896418,-76.560196,"WGS84",20.2,18.0,0.4,"2015-05-19","2015-06-02","SERC.2015.23",14,"N",,"Disturbed","Ok","Low","NEON.DOC.014050vG","wYCqaZcA+7slXlj5N/mM6vobrh4QDptp","trap was set without PG so no sample collected"
"3a70ba4d-07d5-4cdb-924e-d3ddeaae278f","SERC_002.basePlot.bet","D02","SERC","SERC_002","S","distributed","deciduousForest",38.895032,-76.558913,"WGS84",20.2,11.4,0.2,"2015-05-19","2015-06-02","SERC.2015.23",14,"Y","SERC_002.S.20150602","Ok","Ok","Ok","NEON.DOC.014050vG","wYCqaZcA+7slXlj5N/mM6vobrh4QDptp","Trap set above ground level| reset at correct height"
"11f2de2f-bbdb-4226-94a3-cdfdc4423f3b","SERC_001.basePlot.bet","D02","SERC","SERC_001","S","distributed","deciduousForest",38.868690,-76.533595,"WGS84",20.2,7.6,0.4,"2015-05-19","2015-06-02","SERC.2015.23",14,"Y","SERC_001.S.20150602","Ok","Ok","Ok","NEON.DOC.014050vG","wYCqaZcA+7slXlj5N/mM6vobrh4QDptp",
"38f26ad1-442f-4c3e-8dea-4ad61c737b16","SERC_006.basePlot.bet","D02","SERC","SERC_006","S","distributed","deciduousForest",38.881089,-76.547316,"WGS84",20.3,3.5,0.4,"2015-05-19","2015-06-02","SERC.2015.23",14,"Y","SERC_006.S.20150602","Ok","Ok","Ok","NEON.DOC.014050vG","wYCqaZcA+7slXlj5N/mM6vobrh4QDptp",
"566d57ca-d2b3-42c7-83b1-ba1e8ac092b4","SERC_003.basePlot.bet","D02","SERC","SERC_003","S","distributed","deciduousForest",38.899874,-76.543769,"WGS84",20.2,10.8,0.2,"2015-05-19","2015-06-02","SERC.2015.23",14,"Y","SERC_003.S.20150602","Ok","Ok","Ok","NEON.DOC.014050vG","wYCqaZcA+7slXlj5N/mM6vobrh4QDptp",
"c2e07a6b-3f6d-40f8-9302-ce1911a23128","SERC_009.basePlot.bet","D02","SERC","SERC_009","S","distributed","deciduousForest",38.897569,-76.561177,"WGS84",20.3,22.5,0.5,"2015-05-19","2015-06-02","SERC.2015.23",14,"Y","SERC_009.S.20150602","Ok","Ok","Ok","NEON.DOC.014050vG","wYCqaZcA+7slXlj5N/mM6vobrh4QDptp",
"4dd0557c-6a5c-4c2d-9d79-b037ae0e45ee","SERC_010.basePlot.bet","D02","SERC","SERC_010","S","distributed","deciduousForest",38.909675,-76.546255,"WGS84",20.2,25.8,0.2,"2015-05-19","2015-06-02","SERC.2015.23",14,"Y","SERC_010.S.20150602","Ok","Ok","Ok","NEON.DOC.014050vG","wYCqaZcA+7slXlj5N/mM6vobrh4QDptp",
"8d515d22-eff4-41a7-b075-617339be5fcf","SERC_007.basePlot.bet","D02","SERC","SERC_007","S","distributed","cultivatedCrops",38.873795,-76.539829,"WGS84",20.1,4.3,0.2,"2015-05-19","2015-06-02","SERC.2015.23",14,"Y","SERC_007.S.20150602","Disturbed","Missing","Low","NEON.DOC.014050vG","wYCqaZcA+7slXlj5N/mM6vobrh4QDptp","This field was plowed| cups destroyed and lids missing. No sample collected. will wait until further notice to reset traps"
"135bf9ec-85e7-4bf1-be75-bd2e49a597dd","SERC_015.basePlot.bet","D02","SERC","SERC_015","W","distributed","deciduousForest",38.898957,-76.555560,"WGS84",20.2,17.8,0.3,"2015-05-19","2015-06-02","SERC.2015.23",14,"Y","SERC_015.W.20150602","Ok","Ok","High","NEON.DOC.014050vG","wYCqaZcA+7slXlj5N/mM6vobrh4QDptp","trap full of rain"
"c769c00e-fe89-4a0c-9955-3d566a41378e","SERC_016.basePlot.bet","D02","SERC","SERC_016","W","distributed","deciduousForest",38.899460,-76.547557,"WGS84",20.2,19.6,0.3,"2015-05-19","2015-06-02","SERC.2015.23",14,"Y","SERC_016.W.20150602","Ok","Ok","Ok","NEON.DOC.014050vG","wYCqaZcA+7slXlj5N/mM6vobrh4QDptp",
"d5d9bd21-9927-4685-8d0b-3f853b139567","SERC_021.basePlot.bet","D02","SERC","SERC_021","W","distributed","deciduousForest",38.896418,-76.560196,"WGS84",20.2,18.0,0.4,"2015-05-19","2015-06-02","SERC.2015.23",14,"Y","SERC_021.W.20150602","Missing","Disturbed","Low","NEON.DOC.014050vG","wYCqaZcA+7slXlj5N/mM6vobrh4QDptp",
"0ecc6371-b995-4ce9-9f42-f1fb51f9ef8f","SERC_006.basePlot.bet","D02","SERC","SERC_006","W","distributed","deciduousForest",38.881089,-76.547316,"WGS84",20.3,3.5,0.4,"2015-05-19","2015-06-02","SERC.2015.23",14,"Y","SERC_006.W.20150602","Ok","Ok","Ok","NEON.DOC.014050vG","wYCqaZcA+7slXlj5N/mM6vobrh4QDptp",
"06456c5e-61cf-4309-9c07-0be519919547","SERC_002.basePlot.bet","D02","SERC","SERC_002","W","distributed","deciduousForest",38.895032,-76.558913,"WGS84",20.2,11.4,0.2,"2015-05-19","2015-06-02","SERC.2015.23",14,"Y","SERC_002.W.20150602","Ok","Ok","Ok","NEON.DOC.014050vG","wYCqaZcA+7slXlj5N/mM6vobrh4QDptp",
"a463df07-bf0b-47d2-b19f-acf2d1d06b70","SERC_007.basePlot.bet","D02","SERC","SERC_007","W","distributed","cultivatedCrops",38.873795,-76.539829,"WGS84",20.1,4.3,0.2,"2015-05-19","2015-06-02","SERC.2015.23",14,"Y","SERC_007.W.20150602","Disturbed","Missing","Low","NEON.DOC.014050vG","wYCqaZcA+7slXlj5N/mM6vobrh4QDptp","This field was plowed| cups destroyed and lids missing. No sample collected. will wait until further notice to reset traps"
"7591eab2-dd19-4308-b4d0-c202c6ff3d97","SERC_003.basePlot.bet","D02","SERC","SERC_003","W","distributed","deciduousForest",38.899874,-76.543769,"WGS84",20.2,10.8,0.2,"2015-05-19","2015-06-02","SERC.2015.23",14,"Y","SERC_003.W.20150602","Ok","Ok","Ok","NEON.DOC.014050vG","wYCqaZcA+7slXlj5N/mM6vobrh4QDptp",
"6c5b8796-745a-413a-b7c4-6e2f53544b0f","SERC_009.basePlot.bet","D02","SERC","SERC_009","W","distributed","deciduousForest",38.897569,-76.561177,"WGS84",20.3,22.5,0.5,"2015-05-19","2015-06-02","SERC.2015.23",14,"Y","SERC_009.W.20150602","Ok","Ok","Ok","NEON.DOC.014050vG","wYCqaZcA+7slXlj5N/mM6vobrh4QDptp",
"64c9bac3-da6c-4f91-b2f3-01d6356aeb94","SERC_001.basePlot.bet","D02","SERC","SERC_001","W","distributed","deciduousForest",38.868690,-76.533595,"WGS84",20.2,7.6,0.4,"2015-05-19","2015-06-02","SERC.2015.23",14,"Y","SERC_001.W.20150602","Ok","Ok","Ok","NEON.DOC.014050vG","wYCqaZcA+7slXlj5N/mM6vobrh4QDptp",
"7918c737-a2ec-4961-832b-5bd52ec64c1f","SERC_016.basePlot.bet","D02","SERC","SERC_016","E","distributed","deciduousForest",38.899460,-76.547557,"WGS84",20.2,19.6,0.3,"2015-05-19","2015-06-02","SERC.2015.23",14,"Y","SERC_016.E.20150602","Ok","Ok","Ok","NEON.DOC.014050vG","wYCqaZcA+7slXlj5N/mM6vobrh4QDptp",
"c4f19c16-a078-49d9-8676-6dd65e507cae","SERC_010.basePlot.bet","D02","SERC","SERC_010","S","distributed","deciduousForest",38.909675,-76.546255,"WGS84",20.2,25.8,0.2,"2015-06-02","2015-06-16","SERC.2015.25",14,"Y","SERC_010.S.20150616","Disturbed","Disturbed","Ok","NEON.DOC.014050vG","UPKVQ90CmewX9vOGBMiPV2gMtRUi+WUd",
"9e8b1aec-4b0a-49df-b651-530f0b184d14","SERC_003.basePlot.bet","D02","SERC","SERC_003","S","distributed","deciduousForest",38.899874,-76.543769,"WGS84",20.2,10.8,0.2,"2015-06-02","2015-06-16","SERC.2015.25",14,"Y","SERC_003.S.20150616","Ok","Ok","Ok","NEON.DOC.014050vG","UPKVQ90CmewX9vOGBMiPV2gMtRUi+WUd",
"749374a5-3a99-4442-92d8-43b39df04ea6","SERC_002.basePlot.bet","D02","SERC","SERC_002","S","distributed","deciduousForest",38.895032,-76.558913,"WGS84",20.2,11.4,0.2,"2015-06-02","2015-06-16","SERC.2015.25",14,"Y","SERC_002.S.20150616","Ok","Ok","Ok","NEON.DOC.014050vG","UPKVQ90CmewX9vOGBMiPV2gMtRUi+WUd",
"6256f98f-4b70-49be-afd3-816c74e738bb","SERC_016.basePlot.bet","D02","SERC","SERC_016","W","distributed","deciduousForest",38.899460,-76.547557,"WGS84",20.2,19.6,0.3,"2015-06-02","2015-06-16","SERC.2015.25",14,"Y","SERC_016.W.20150616","Ok","Ok","Ok","NEON.DOC.014050vG","wYCqaZcA+7slXlj5N/mM6vobrh4QDptp",
"3edbe7d5-6ec7-4487-8865-c5bbd371c3c1","SERC_021.basePlot.bet","D02","SERC","SERC_021","W","distributed","deciduousForest",38.896418,-76.560196,"WGS84",20.2,18.0,0.4,"2015-06-02","2015-06-16","SERC.2015.25",14,"Y","SERC_021.W.20150616","Ok","Ok","Ok","NEON.DOC.014050vG","wYCqaZcA+7slXlj5N/mM6vobrh4QDptp",
"26d42b08-4e75-41dc-ae8c-a76c74b90ee8","SERC_015.basePlot.bet","D02","SERC","SERC_015","W","distributed","deciduousForest",38.898957,-76.555560,"WGS84",20.2,17.8,0.3,"2015-06-02","2015-06-16","SERC.2015.25",14,"Y","SERC_015.W.20150616","Ok","Ok","Ok","NEON.DOC.014050vG","wYCqaZcA+7slXlj5N/mM6vobrh4QDptp",
"da6fb3b2-bc04-4c39-b705-7a9a29172ca2","SERC_001.basePlot.bet","D02","SERC","SERC_001","W","distributed","deciduousForest",38.868690,-76.533595,"WGS84",20.2,7.6,0.4,"2015-06-02","2015-06-16","SERC.2015.25",14,"Y","SERC_001.W.20150616","Ok","Ok","Ok","NEON.DOC.014050vG","UPKVQ90CmewX9vOGBMiPV2gMtRUi+WUd",
"e57efcc7-1773-4f12-84c2-8d0c9200a774","SERC_010.basePlot.bet","D02","SERC","SERC_010","W","distributed","deciduousForest",38.909675,-76.546255,"WGS84",20.2,25.8,0.2,"2015-06-02","2015-06-16","SERC.2015.25",14,"Y","SERC_010.W.20150616","Ok","Ok","Ok","NEON.DOC.014050vG","UPKVQ90CmewX9vOGBMiPV2gMtRUi+WUd",
"10797524-7e5c-4a20-8f55-24b486c62b59","SERC_003.basePlot.bet","D02","SERC","SERC_003","W","distributed","deciduousForest",38.899874,-76.543769,"WGS84",20.2,10.8,0.2,"2015-06-02","2015-06-16","SERC.2015.25",14,"Y","SERC_003.W.20150616","Ok","Ok","Ok","NEON.DOC.014050vG","UPKVQ90CmewX9vOGBMiPV2gMtRUi+WUd",
"b5a6a49d-18c7-4b11-a923-b8f4e78c4d37","SERC_009.basePlot.bet","D02","SERC","SERC_009","W","distributed","deciduousForest",38.897569,-76.561177,"WGS84",20.3,22.5,0.5,"2015-06-02","2015-06-16","SERC.2015.25",14,"Y","SERC_009.W.20150616","Ok","Ok","Ok","NEON.DOC.014050vG","UPKVQ90CmewX9vOGBMiPV2gMtRUi+WUd",
"e9099cdb-74c8-4107-850f-685e008e410a","SERC_006.basePlot.bet","D02","SERC","SERC_006","W","distributed","deciduousForest",38.881089,-76.547316,"WGS84",20.3,3.5,0.4,"2015-06-02","2015-06-16","SERC.2015.25",14,"Y","SERC_006.W.20150616","Ok","Ok","Ok","NEON.DOC.014050vG","UPKVQ90CmewX9vOGBMiPV2gMtRUi+WUd",
"a18e1227-54a3-4983-a88d-d711a4e1264b","SERC_002.basePlot.bet","D02","SERC","SERC_002","W","distributed","deciduousForest",38.895032,-76.558913,"WGS84",20.2,11.4,0.2,"2015-06-02","2015-06-16","SERC.2015.25",14,"Y","SERC_002.W.20150616","Ok","Ok","Ok","NEON.DOC.014050vG","UPKVQ90CmewX9vOGBMiPV2gMtRUi+WUd",
"bfdd0c61-6196-4641-bbbd-f3652ceabd7b","SERC_016.basePlot.bet","D02","SERC","SERC_016","E","distributed","deciduousForest",38.899460,-76.547557,"WGS84",20.2,19.6,0.3,"2015-06-02","2015-06-16","SERC.2015.25",14,"Y","SERC_016.E.20150616","Ok","Ok","Ok","NEON.DOC.014050vG","wYCqaZcA+7slXlj5N/mM6vobrh4QDptp",
"346abb6e-9f76-4414-ad55-e33163e66630","SERC_015.basePlot.bet","D02","SERC","SERC_015","E","distributed","deciduousForest",38.898957,-76.555560,"WGS84",20.2,17.8,0.3,"2015-06-02","2015-06-16","SERC.2015.25",14,"Y","SERC_015.E.20150616","Ok","Ok","Ok","NEON.DOC.014050vG","wYCqaZcA+7slXlj5N/mM6vobrh4QDptp",
"98a8cd56-fc4c-444a-a2d4-7edbead52f05","SERC_021.basePlot.bet","D02","SERC","SERC_021","E","distributed","deciduousForest",38.896418,-76.560196,"WGS84",20.2,18.0,0.4,"2015-06-02","2015-06-16","SERC.2015.25",14,"Y","SERC_021.E.20150616","Ok","Ok","Ok","NEON.DOC.014050vG","wYCqaZcA+7slXlj5N/mM6vobrh4QDptp",
"1f8b18d6-385c-4650-b165-f5207ef16d8d","SERC_003.basePlot.bet","D02","SERC","SERC_003","E","distributed","deciduousForest",38.899874,-76.543769,"WGS84",20.2,10.8,0.2,"2015-06-02","2015-06-16","SERC.2015.25",14,"Y","SERC_003.E.20150616","Ok","Ok","Ok","NEON.DOC.014050vG","UPKVQ90CmewX9vOGBMiPV2gMtRUi+WUd",
"e998053d-9cb7-475f-9c1b-971018438230","SERC_002.basePlot.bet","D02","SERC","SERC_002","E","distributed","deciduousForest",38.895032,-76.558913,"WGS84",20.2,11.4,0.2,"2015-06-02","2015-06-16","SERC.2015.25",14,"Y","SERC_002.E.20150616","Ok","Ok","Ok","NEON.DOC.014050vG","UPKVQ90CmewX9vOGBMiPV2gMtRUi+WUd",
"00071186-9e80-447b-8b7d-cf1bf53a70bd","SERC_001.basePlot.bet","D02","SERC","SERC_001","E","distributed","deciduousForest",38.868690,-76.533595,"WGS84",20.2,7.6,0.4,"2015-06-02","2015-06-16","SERC.2015.25",14,"Y","SERC_001.E.20150616","Ok","Ok","Ok","NEON.DOC.014050vG","UPKVQ90CmewX9vOGBMiPV2gMtRUi+WUd",
"4291b896-ac96-4ce9-aa8c-a0ae32f13d25","SERC_010.basePlot.bet","D02","SERC","SERC_010","E","distributed","deciduousForest",38.909675,-76.546255,"WGS84",20.2,25.8,0.2,"2015-06-02","2015-06-16","SERC.2015.25",14,"Y","SERC_010.E.20150616","Ok","Ok","Ok","NEON.DOC.014050vG","UPKVQ90CmewX9vOGBMiPV2gMtRUi+WUd",
"7f679ea2-eb57-47c3-a885-bc78690b2032","SERC_006.basePlot.bet","D02","SERC","SERC_006","E","distributed","deciduousForest",38.881089,-76.547316,"WGS84",20.3,3.5,0.4,"2015-06-02","2015-06-16","SERC.2015.25",14,"Y","SERC_006.E.20150616","Ok","Ok","Ok","NEON.DOC.014050vG","UPKVQ90CmewX9vOGBMiPV2gMtRUi+WUd",
"3b4c7535-2a96-403f-9ec1-6d225c6e2566","SERC_009.basePlot.bet","D02","SERC","SERC_009","E","distributed","deciduousForest",38.897569,-76.561177,"WGS84",20.3,22.5,0.5,"2015-06-02","2015-06-16","SERC.2015.25",14,"Y","SERC_009.E.20150616","Ok","Ok","Ok","NEON.DOC.014050vG","UPKVQ90CmewX9vOGBMiPV2gMtRUi+WUd",
"84900082-e1fe-4d6c-b008-c776b627acef","SERC_016.basePlot.bet","D02","SERC","SERC_016","N","distributed","deciduousForest",38.899460,-76.547557,"WGS84",20.2,19.6,0.3,"2015-06-02","2015-06-16","SERC.2015.25",14,"Y","SERC_016.N.20150616","Ok","Ok","Ok","NEON.DOC.014050vG","wYCqaZcA+7slXlj5N/mM6vobrh4QDptp",
"ec6b36ce-4780-4e29-aaf9-d30efc217e3f","SERC_015.basePlot.bet","D02","SERC","SERC_015","N","distributed","deciduousForest",38.898957,-76.555560,"WGS84",20.2,17.8,0.3,"2015-06-02","2015-06-16","SERC.2015.25",14,"Y","SERC_015.N.20150616","Ok","Ok","Ok","NEON.DOC.014050vG","wYCqaZcA+7slXlj5N/mM6vobrh4QDptp",
"fbdc75d9-5948-4dd2-be58-26a3ddb40154","SERC_021.basePlot.bet","D02","SERC","SERC_021","N","distributed","deciduousForest",38.896418,-76.560196,"WGS84",20.2,18.0,0.4,"2015-06-02","2015-06-16","SERC.2015.25",14,"Y","SERC_021.N.20150616","Ok","Ok","Ok","NEON.DOC.014050vG","wYCqaZcA+7slXlj5N/mM6vobrh4QDptp",
"4fccd766-ca67-421d-9926-f9e186fe1197","SERC_002.basePlot.bet","D02","SERC","SERC_002","N","distributed","deciduousForest",38.895032,-76.558913,"WGS84",20.2,11.4,0.2,"2015-06-02","2015-06-16","SERC.2015.25",14,"Y","SERC_002.N.20150616","Ok","Ok","Ok","NEON.DOC.014050vG","UPKVQ90CmewX9vOGBMiPV2gMtRUi+WUd",
"b8d0c392-285d-471a-b692-12369285f706","SERC_006.basePlot.bet","D02","SERC","SERC_006","N","distributed","deciduousForest",38.881089,-76.547316,"WGS84",20.3,3.5,0.4,"2015-06-02","2015-06-16","SERC.2015.25",14,"Y","SERC_006.N.20150616","Ok","Ok","Ok","NEON.DOC.014050vG","UPKVQ90CmewX9vOGBMiPV2gMtRUi+WUd",
"e53e8262-706e-460b-8999-3121b4952422","SERC_010.basePlot.bet","D02","SERC","SERC_010","N","distributed","deciduousForest",38.909675,-76.546255,"WGS84",20.2,25.8,0.2,"2015-06-02","2015-06-16","SERC.2015.25",14,"Y","SERC_010.N.20150616","Ok","Ok","Ok","NEON.DOC.014050vG","UPKVQ90CmewX9vOGBMiPV2gMtRUi+WUd",
"608885f5-6172-4ad5-9593-580bc90bc70f","SERC_001.basePlot.bet","D02","SERC","SERC_001","N","distributed","deciduousForest",38.868690,-76.533595,"WGS84",20.2,7.6,0.4,"2015-06-02","2015-06-16","SERC.2015.25",14,"Y","SERC_001.N.20150616","Ok","Ok","Ok","NEON.DOC.014050vG","UPKVQ90CmewX9vOGBMiPV2gMtRUi+WUd",
"eb80323e-33d7-4ae5-8de8-306a08f8a4fa","SERC_009.basePlot.bet","D02","SERC","SERC_009","N","distributed","deciduousForest",38.897569,-76.561177,"WGS84",20.3,22.5,0.5,"2015-06-02","2015-06-16","SERC.2015.25",14,"Y","SERC_009.N.20150616","Ok","Ok","Ok","NEON.DOC.014050vG","UPKVQ90CmewX9vOGBMiPV2gMtRUi+WUd",
"9ba26203-9d85-4f7c-a216-bcf3f320796a","SERC_003.basePlot.bet","D02","SERC","SERC_003","N","distributed","deciduousForest",38.899874,-76.543769,"WGS84",20.2,10.8,0.2,"2015-06-02","2015-06-16","SERC.2015.25",14,"Y","SERC_003.N.20150616","Ok","Ok","Ok","NEON.DOC.014050vG","UPKVQ90CmewX9vOGBMiPV2gMtRUi+WUd",
"e035536d-da23-4167-8764-3dbf1d172c53","SERC_016.basePlot.bet","D02","SERC","SERC_016","S","distributed","deciduousForest",38.899460,-76.547557,"WGS84",20.2,19.6,0.3,"2015-06-02","2015-06-16","SERC.2015.25",14,"Y","SERC_016.S.20150616","Ok","Ok","Ok","NEON.DOC.014050vG","wYCqaZcA+7slXlj5N/mM6vobrh4QDptp",
"b0aa1d48-2fc3-48a2-ab08-59a40ff7c953","SERC_015.basePlot.bet","D02","SERC","SERC_015","S","distributed","deciduousForest",38.898957,-76.555560,"WGS84",20.2,17.8,0.3,"2015-06-02","2015-06-16","SERC.2015.25",14,"Y","SERC_015.S.20150616","Disturbed","Disturbed","Ok","NEON.DOC.014050vG","wYCqaZcA+7slXlj5N/mM6vobrh4QDptp",
"ed61cfc0-5461-4a28-a50b-590e43732bb6","SERC_021.basePlot.bet","D02","SERC","SERC_021","S","distributed","deciduousForest",38.896418,-76.560196,"WGS84",20.2,18.0,0.4,"2015-06-02","2015-06-16","SERC.2015.25",14,"Y","SERC_021.S.20150616","Ok","Ok","Ok","NEON.DOC.014050vG","wYCqaZcA+7slXlj5N/mM6vobrh4QDptp",
"e6b79a1c-8762-4475-b54b-6228f3608e6a","SERC_001.basePlot.bet","D02","SERC","SERC_001","S","distributed","deciduousForest",38.868690,-76.533595,"WGS84",20.2,7.6,0.4,"2015-06-02","2015-06-16","SERC.2015.25",14,"Y","SERC_001.S.20150616","Ok","Ok","Ok","NEON.DOC.014050vG","UPKVQ90CmewX9vOGBMiPV2gMtRUi+WUd",
"fbf66b13-71f6-4e65-a677-d9b57531716e","SERC_006.basePlot.bet","D02","SERC","SERC_006","S","distributed","deciduousForest",38.881089,-76.547316,"WGS84",20.3,3.5,0.4,"2015-06-02","2015-06-16","SERC.2015.25",14,"Y","SERC_006.S.20150616","Ok","Ok","Ok","NEON.DOC.014050vG","UPKVQ90CmewX9vOGBMiPV2gMtRUi+WUd",
"f58320a6-8280-440b-98d7-d271f4cf1025","SERC_009.basePlot.bet","D02","SERC","SERC_009","S","distributed","deciduousForest",38.897569,-76.561177,"WGS84",20.3,22.5,0.5,"2015-06-02","2015-06-16","SERC.2015.25",14,"Y","SERC_009.S.20150616","Ok","Ok","Ok","NEON.DOC.014050vG","UPKVQ90CmewX9vOGBMiPV2gMtRUi+WUd",
"b2b027ff-d809-4dec-bb35-bbabb4faea4d","SERC_001.basePlot.bet","D02","SERC","SERC_001","E","distributed","deciduousForest",38.868690,-76.533595,"WGS84",20.2,7.6,0.4,"2015-06-16","2015-06-30","SERC.2015.27",14,"Y","SERC_001.E.20150630","Ok","Ok","Ok","NEON.DOC.014050vG","wYCqaZcA+7slXlj5N/mM6vobrh4QDptp",
"fbfa5dc2-2c48-4889-9ce1-c25d5269df4d","SERC_015.basePlot.bet","D02","SERC","SERC_015","W","distributed","deciduousForest",38.898957,-76.555560,"WGS84",20.2,17.8,0.3,"2015-06-16","2015-06-30","SERC.2015.27",14,"Y","SERC_015.W.20150630","Ok","Disturbed","High","NEON.DOC.014050vG","wYCqaZcA+7slXlj5N/mM6vobrh4QDptp","Full of rain and mud."
"a735a85b-d78e-4090-934e-f55e00ec3bc7","SERC_009.basePlot.bet","D02","SERC","SERC_009","E","distributed","deciduousForest",38.897569,-76.561177,"WGS84",20.3,22.5,0.5,"2015-06-16","2015-06-30","SERC.2015.27",14,"Y","SERC_009.E.20150630","Ok","Ok","Ok","NEON.DOC.014050vG","wYCqaZcA+7slXlj5N/mM6vobrh4QDptp",
"e2e06f00-64bd-4e4a-8e0f-a52f9f6f3890","SERC_003.basePlot.bet","D02","SERC","SERC_003","E","distributed","deciduousForest",38.899874,-76.543769,"WGS84",20.2,10.8,0.2,"2015-06-16","2015-06-30","SERC.2015.27",14,"Y","SERC_003.E.20150630","Ok","Ok","Ok","NEON.DOC.014050vG","wYCqaZcA+7slXlj5N/mM6vobrh4QDptp",
"260ce929-e016-4c10-9baa-6c118c070990","SERC_007.basePlot.bet","D02","SERC","SERC_007","E","distributed","cultivatedCrops",38.873795,-76.539829,"WGS84",20.1,4.3,0.2,"2015-06-16","2015-06-30","SERC.2015.27",14,"Y","SERC_007.E.20150630","Disturbed","Ok","High","NEON.DOC.014050vG","wYCqaZcA+7slXlj5N/mM6vobrh4QDptp","Flooded completely."
"ffd5f21b-b942-491b-b348-58cc65441623","SERC_016.basePlot.bet","D02","SERC","SERC_016","E","distributed","deciduousForest",38.899460,-76.547557,"WGS84",20.2,19.6,0.3,"2015-06-16","2015-06-30","SERC.2015.27",14,"Y","SERC_016.E.20150630","Ok","Ok","Ok","NEON.DOC.014050vG","wYCqaZcA+7slXlj5N/mM6vobrh4QDptp",
"e4315c9e-66eb-40b0-88b1-650948589eae","SERC_021.basePlot.bet","D02","SERC","SERC_021","E","distributed","deciduousForest",38.896418,-76.560196,"WGS84",20.2,18.0,0.4,"2015-06-16","2015-06-30","SERC.2015.27",14,"Y","SERC_021.E.20150630","Ok","Disturbed","Ok","NEON.DOC.014050vG","wYCqaZcA+7slXlj5N/mM6vobrh4QDptp",
"0152755c-d322-4aa1-aa78-38457a81dfc8","SERC_015.basePlot.bet","D02","SERC","SERC_015","E","distributed","deciduousForest",38.898957,-76.555560,"WGS84",20.2,17.8,0.3,"2015-06-16","2015-06-30","SERC.2015.27",14,"Y","SERC_015.E.20150630","Ok","Ok","High","NEON.DOC.014050vG","wYCqaZcA+7slXlj5N/mM6vobrh4QDptp","Filled with rain."
"5b7c3875-4814-4b93-8464-6e1b17d08930","SERC_002.basePlot.bet","D02","SERC","SERC_002","E","distributed","deciduousForest",38.895032,-76.558913,"WGS84",20.2,11.4,0.2,"2015-06-16","2015-06-30","SERC.2015.27",14,"Y","SERC_002.E.20150630","Ok","Ok","Ok","NEON.DOC.014050vG","wYCqaZcA+7slXlj5N/mM6vobrh4QDptp",
"d16624ff-fdb9-4eb2-910c-da3ea9560a4f","SERC_006.basePlot.bet","D02","SERC","SERC_006","E","distributed","deciduousForest",38.881089,-76.547316,"WGS84",20.3,3.5,0.4,"2015-06-16","2015-06-30","SERC.2015.27",14,"Y","SERC_006.E.20150630","Ok","Ok","Ok","NEON.DOC.014050vG","wYCqaZcA+7slXlj5N/mM6vobrh4QDptp",
"190e15e9-0d9c-4400-8dd4-741ccabfabbb","SERC_016.basePlot.bet","D02","SERC","SERC_016","N","distributed","deciduousForest",38.899460,-76.547557,"WGS84",20.2,19.6,0.3,"2015-06-16","2015-06-30","SERC.2015.27",14,"Y","SERC_016.N.20150630","Ok","Ok","Ok","NEON.DOC.014050vG","wYCqaZcA+7slXlj5N/mM6vobrh4QDptp",
"328e6afe-cfeb-428e-9c5d-06c842e8ea73","SERC_021.basePlot.bet","D02","SERC","SERC_021","N","distributed","deciduousForest",38.896418,-76.560196,"WGS84",20.2,18.0,0.4,"2015-06-16","2015-06-30","SERC.2015.27",14,"Y","SERC_021.N.20150630","Ok","Ok","Ok","NEON.DOC.014050vG","wYCqaZcA+7slXlj5N/mM6vobrh4QDptp",
"eab20c39-a4bd-4aa7-9d79-854dde9c5cf5","SERC_015.basePlot.bet","D02","SERC","SERC_015","N","distributed","deciduousForest",38.898957,-76.555560,"WGS84",20.2,17.8,0.3,"2015-06-16","2015-06-30","SERC.2015.27",14,"N",,"Disturbed","Disturbed","Low","NEON.DOC.014050vG","wYCqaZcA+7slXlj5N/mM6vobrh4QDptp","Dug out by animal."
"d40c2f06-6ae0-4d70-9cda-7db532792b61","SERC_002.basePlot.bet","D02","SERC","SERC_002","N","distributed","deciduousForest",38.895032,-76.558913,"WGS84",20.2,11.4,0.2,"2015-06-16","2015-06-30","SERC.2015.27",14,"Y","SERC_002.N.20150630","Ok","Ok","Ok","NEON.DOC.014050vG","wYCqaZcA+7slXlj5N/mM6vobrh4QDptp",
"583ac28d-a862-4f47-b7c8-b7cd3e06134c","SERC_006.basePlot.bet","D02","SERC","SERC_006","N","distributed","deciduousForest",38.881089,-76.547316,"WGS84",20.3,3.5,0.4,"2015-06-16","2015-06-30","SERC.2015.27",14,"Y","SERC_006.N.20150630","Ok","Ok","High","NEON.DOC.014050vG","wYCqaZcA+7slXlj5N/mM6vobrh4QDptp","Full of rain."
"dae7206e-6b26-4268-b944-3ad2474695d2","SERC_001.basePlot.bet","D02","SERC","SERC_001","N","distributed","deciduousForest",38.868690,-76.533595,"WGS84",20.2,7.6,0.4,"2015-06-16","2015-06-30","SERC.2015.27",14,"N",,"Disturbed","Disturbed","Low","NEON.DOC.014050vG","wYCqaZcA+7slXlj5N/mM6vobrh4QDptp","Lid was pushed into ground and technician had forgotten to add PG."
"35a10150-b087-4baf-9d01-20e8bdf4a84b","SERC_010.basePlot.bet","D02","SERC","SERC_010","N","distributed","deciduousForest",38.909675,-76.546255,"WGS84",20.2,25.8,0.2,"2015-06-16","2015-06-30","SERC.2015.27",14,"Y","SERC_010.N.20150630","Ok","Ok","High","NEON.DOC.014050vG","wYCqaZcA+7slXlj5N/mM6vobrh4QDptp","Filled with rain and slugs."
"9b088735-aa3a-4c0c-9ce2-bbb6d8cba217","SERC_009.basePlot.bet","D02","SERC","SERC_009","N","distributed","deciduousForest",38.897569,-76.561177,"WGS84",20.3,22.5,0.5,"2015-06-16","2015-06-30","SERC.2015.27",14,"Y","SERC_009.N.20150630","Ok","Ok","Ok","NEON.DOC.014050vG","wYCqaZcA+7slXlj5N/mM6vobrh4QDptp",
"6e500ceb-7f32-4060-ad6a-57380039ee24","SERC_003.basePlot.bet","D02","SERC","SERC_003","N","distributed","deciduousForest",38.899874,-76.543769,"WGS84",20.2,10.8,0.2,"2015-06-16","2015-06-30","SERC.2015.27",14,"Y","SERC_003.N.20150630","Ok","Disturbed","Ok","NEON.DOC.014050vG","wYCqaZcA+7slXlj5N/mM6vobrh4QDptp",
"a52ae181-32cd-4fd9-b1b1-d9451f5a8e8a","SERC_007.basePlot.bet","D02","SERC","SERC_007","N","distributed","cultivatedCrops",38.873795,-76.539829,"WGS84",20.1,4.3,0.2,"2015-06-16","2015-06-30","SERC.2015.27",14,"Y","SERC_007.N.20150630","Ok","Ok","Ok","NEON.DOC.014050vG","wYCqaZcA+7slXlj5N/mM6vobrh4QDptp",
"ad93ece7-7e9a-4289-9824-d26e805ff4b5","SERC_021.basePlot.bet","D02","SERC","SERC_021","S","distributed","deciduousForest",38.896418,-76.560196,"WGS84",20.2,18.0,0.4,"2015-06-16","2015-06-30","SERC.2015.27",14,"Y","SERC_021.S.20150630","Ok","Ok","Ok","NEON.DOC.014050vG","wYCqaZcA+7slXlj5N/mM6vobrh4QDptp",
"ce75f1cb-f662-40a6-9b85-80e0529167f7","SERC_015.basePlot.bet","D02","SERC","SERC_015","S","distributed","deciduousForest",38.898957,-76.555560,"WGS84",20.2,17.8,0.3,"2015-06-16","2015-06-30","SERC.2015.27",14,"Y","SERC_015.S.20150630","Ok","Disturbed","High","NEON.DOC.014050vG","wYCqaZcA+7slXlj5N/mM6vobrh4QDptp","Filled with water and mud."
"8fb3c550-996f-45f3-b617-46803898c82e","SERC_016.basePlot.bet","D02","SERC","SERC_016","S","distributed","deciduousForest",38.899460,-76.547557,"WGS84",20.2,19.6,0.3,"2015-06-16","2015-06-30","SERC.2015.27",14,"Y","SERC_016.S.20150630","Ok","Ok","Ok","NEON.DOC.014050vG","wYCqaZcA+7slXlj5N/mM6vobrh4QDptp",
"f3dfaa0a-286e-4635-89ec-eed2e4c94fd1","SERC_006.basePlot.bet","D02","SERC","SERC_006","S","distributed","deciduousForest",38.881089,-76.547316,"WGS84",20.3,3.5,0.4,"2015-06-16","2015-06-30","SERC.2015.27",14,"Y","SERC_006.S.20150630","Ok","Ok","High","NEON.DOC.014050vG","wYCqaZcA+7slXlj5N/mM6vobrh4QDptp",
"fef0b5ee-2b6f-4a94-b761-7d26400ca16c","SERC_002.basePlot.bet","D02","SERC","SERC_002","S","distributed","deciduousForest",38.895032,-76.558913,"WGS84",20.2,11.4,0.2,"2015-06-16","2015-06-30","SERC.2015.27",14,"Y","SERC_002.S.20150630","Ok","Ok","Ok","NEON.DOC.014050vG","wYCqaZcA+7slXlj5N/mM6vobrh4QDptp",
"781a052f-cd93-4d42-8592-48a0bf8a2f23","SERC_009.basePlot.bet","D02","SERC","SERC_009","S","distributed","deciduousForest",38.897569,-76.561177,"WGS84",20.3,22.5,0.5,"2015-06-16","2015-06-30","SERC.2015.27",14,"Y","SERC_009.S.20150630","Ok","Disturbed","Ok","NEON.DOC.014050vG","wYCqaZcA+7slXlj5N/mM6vobrh4QDptp",
"155126fe-116c-4138-b3de-0f5ae57c0589","SERC_010.basePlot.bet","D02","SERC","SERC_010","S","distributed","deciduousForest",38.909675,-76.546255,"WGS84",20.2,25.8,0.2,"2015-06-16","2015-06-30","SERC.2015.27",14,"Y","SERC_010.S.20150630","Ok","Ok","High","NEON.DOC.014050vG","wYCqaZcA+7slXlj5N/mM6vobrh4QDptp","Filled with rain."
"692d5a00-0c4a-4b47-a014-e0e18cf9a482","SERC_001.basePlot.bet","D02","SERC","SERC_001","S","distributed","deciduousForest",38.868690,-76.533595,"WGS84",20.2,7.6,0.4,"2015-06-16","2015-06-30","SERC.2015.27",14,"Y","SERC_001.S.20150630","Ok","Ok","Ok","NEON.DOC.014050vG","wYCqaZcA+7slXlj5N/mM6vobrh4QDptp",
"c01df574-ae81-4c97-92e9-91f1ac18a326","SERC_007.basePlot.bet","D02","SERC","SERC_007","S","distributed","cultivatedCrops",38.873795,-76.539829,"WGS84",20.1,4.3,0.2,"2015-06-16","2015-06-30","SERC.2015.27",14,"Y","SERC_007.S.20150630","Ok","Ok","Ok","NEON.DOC.014050vG","wYCqaZcA+7slXlj5N/mM6vobrh4QDptp",
"d82132ed-ebd4-47db-b0b5-bc039a0b6349","SERC_003.basePlot.bet","D02","SERC","SERC_003","S","distributed","deciduousForest",38.899874,-76.543769,"WGS84",20.2,10.8,0.2,"2015-06-16","2015-06-30","SERC.2015.27",14,"Y","SERC_003.S.20150630","Ok","Ok","Ok","NEON.DOC.014050vG","wYCqaZcA+7slXlj5N/mM6vobrh4QDptp",
"57ef89e7-76c1-4b86-96fb-239d90bf0391","SERC_021.basePlot.bet","D02","SERC","SERC_021","W","distributed","deciduousForest",38.896418,-76.560196,"WGS84",20.2,18.0,0.4,"2015-06-16","2015-06-30","SERC.2015.27",14,"Y","SERC_021.W.20150630","Ok","Ok","Ok","NEON.DOC.014050vG","wYCqaZcA+7slXlj5N/mM6vobrh4QDptp",
"b6314f95-4482-4f7d-9d73-8e1d6e8bbf15","SERC_003.basePlot.bet","D02","SERC","SERC_003","W","distributed","deciduousForest",38.899874,-76.543769,"WGS84",20.2,10.8,0.2,"2015-06-16","2015-06-30","SERC.2015.27",14,"Y","SERC_003.W.20150630","Ok","Ok","Ok","NEON.DOC.014050vG","wYCqaZcA+7slXlj5N/mM6vobrh4QDptp",
"d326f0d3-71e9-4a98-9ae6-48dbfdaf1775","SERC_002.basePlot.bet","D02","SERC","SERC_002","W","distributed","deciduousForest",38.895032,-76.558913,"WGS84",20.2,11.4,0.2,"2015-06-16","2015-06-30","SERC.2015.27",14,"Y","SERC_002.W.20150630","Ok","Ok","Ok","NEON.DOC.014050vG","wYCqaZcA+7slXlj5N/mM6vobrh4QDptp",
"f9624aa6-c05f-4e63-af5d-52fef5c0cd1d","SERC_010.basePlot.bet","D02","SERC","SERC_010","W","distributed","deciduousForest",38.909675,-76.546255,"WGS84",20.2,25.8,0.2,"2015-06-16","2015-06-30","SERC.2015.27",14,"Y","SERC_010.W.20150630","Ok","Ok","Ok","NEON.DOC.014050vG","wYCqaZcA+7slXlj5N/mM6vobrh4QDptp",
"8153022c-3869-4beb-b0fd-1b15ecd550d0","SERC_009.basePlot.bet","D02","SERC","SERC_009","W","distributed","deciduousForest",38.897569,-76.561177,"WGS84",20.3,22.5,0.5,"2015-06-16","2015-06-30","SERC.2015.27",14,"Y","SERC_009.W.20150630","Ok","Ok","Ok","NEON.DOC.014050vG","wYCqaZcA+7slXlj5N/mM6vobrh4QDptp",
"e91b34b5-e85f-4c23-8a86-2af403bea5db","SERC_006.basePlot.bet","D02","SERC","SERC_006","W","distributed","deciduousForest",38.881089,-76.547316,"WGS84",20.3,3.5,0.4,"2015-06-16","2015-06-30","SERC.2015.27",14,"Y","SERC_006.W.20150630","Ok","Ok","High","NEON.DOC.014050vG","wYCqaZcA+7slXlj5N/mM6vobrh4QDptp",
"fb5ed3b3-3d84-44ab-b115-c3cf821507b8","SERC_016.basePlot.bet","D02","SERC","SERC_016","W","distributed","deciduousForest",38.899460,-76.547557,"WGS84",20.2,19.6,0.3,"2015-06-16","2015-06-30","SERC.2015.27",14,"Y","SERC_016.W.20150630","Ok","Disturbed","High","NEON.DOC.014050vG","wYCqaZcA+7slXlj5N/mM6vobrh4QDptp",
"2659f8d0-731a-4b15-a7f5-e4176fc1e50a","SERC_007.basePlot.bet","D02","SERC","SERC_007","W","distributed","cultivatedCrops",38.873795,-76.539829,"WGS84",20.1,4.3,0.2,"2015-06-16","2015-06-30","SERC.2015.27",14,"Y","SERC_007.W.20150630","Ok","Ok","Ok","NEON.DOC.014050vG","wYCqaZcA+7slXlj5N/mM6vobrh4QDptp",
"52c5156b-36ed-47d3-b550-b474fee7bbe7","SERC_001.basePlot.bet","D02","SERC","SERC_001","W","distributed","deciduousForest",38.868690,-76.533595,"WGS84",20.2,7.6,0.4,"2015-06-16","2015-06-30","SERC.2015.27",14,"Y","SERC_001.W.20150630","Ok","Ok","Ok","NEON.DOC.014050vG","wYCqaZcA+7slXlj5N/mM6vobrh4QDptp",
"1eac1014-b678-40e8-9aaa-7bd384730c2e","SERC_010.basePlot.bet","D02","SERC","SERC_010","E","distributed","deciduousForest",38.909675,-76.546255,"WGS84",20.2,25.8,0.2,"2015-06-16","2015-06-30","SERC.2015.27",14,"Y","SERC_010.E.20150630","Ok","Ok","High","NEON.DOC.014050vG","wYCqaZcA+7slXlj5N/mM6vobrh4QDptp","Filled with rain and slugs."
