uid,namedLocation,domainID,siteID,plotID,trapID,setDate,collectDate,processingDate,etOHChangeDate,identifiedDate,sampleID,subsampleID,sampleType,taxonID,scientificName,taxonRank,identificationQualifier,scientificNameAuthorship,morphospeciesID,individualCount,identificationReferences,identifiedBy,recordedBy,remarks
"6220351f-fa6c-4989-a8fb-8bcd7f1d8b8a","SCBI_002.basePlot.bet","D02","SCBI","SCBI_002","W","2014-05-27","2014-06-10","2014-06-11","2014-10-01","2014-10-01","SCBI_002.W.20140610","NTl2q/XFbjxCCG+qaCuhnxl3KTJRJsoYHlFJBvqTCGU=","carabid","CHLAES","Chlaenius aestivus","species",,"Say",,8,"Bousquet, Y. 2010b. Illustrated Identification Guide to Adults and Larvae of Northeastern North American Ground Beetles (Coleoptera: Carabidae). 1st Ed. Pensoft Publishers, Sofia, Bulgaria.","wYCqaZcA+7slXlj5N/mM6vobrh4QDptp","wYCqaZcA+7slXlj5N/mM6vobrh4QDptp","All but 1 of the individuals were pinned. The one beetle was not pinned as it was damaged."
"eca7409d-5ea7-4068-925d-31deb7ad1c18","SCBI_004.basePlot.bet","D02","SCBI","SCBI_004","W","2014-05-27","2014-06-10","2014-06-11","2014-10-07",,"SCBI_004.W.20140610","ZCodyo9yj62ptMNHnvxIcfKH0wq7WkEBUANQ7Di8J98=","other carabid","CARSP14","Carabidae sp.","family",,"Latreille",,2,"Other",,"wYCqaZcA+7slXlj5N/mM6vobrh4QDptp","individualCount estimated based on number of pinning records|"
"95ebf5bf-ae83-4fb1-9989-bc960592eaa8","SCBI_010.basePlot.bet","D02","SCBI","SCBI_010","W","2014-05-27","2014-06-10","2014-06-11","2014-10-01",,"SCBI_010.W.20140610","6yi0mRc5GEJWyrxcC7EhSRUU/8qfRbRwjzDnvQ0e79M=","other carabid","CARSP14","Carabidae sp.","family",,"Latreille",,3,"Other",,"wYCqaZcA+7slXlj5N/mM6vobrh4QDptp","individualCount estimated based on number of pinning records|"
"0b040743-e9dd-442a-bafe-88b2fe739e1f","SCBI_002.basePlot.bet","D02","SCBI","SCBI_002","W","2014-05-27","2014-06-10","2014-06-11","2014-10-01",,"SCBI_002.W.20140610","NTl2q/XFbjxCCG+qaCuhn9DV/m9ETPvPnV7dQlBxL4M=","other carabid","CARSP14","Carabidae sp.","family",,"Latreille",,10,"Other",,"wYCqaZcA+7slXlj5N/mM6vobrh4QDptp","individualCount estimated based on number of pinning records|"
"f7633082-e536-43c4-bbac-2995e961c73f","SCBI_003.basePlot.bet","D02","SCBI","SCBI_003","W","2014-05-27","2014-06-10","2014-06-11","2014-10-07",,"SCBI_003.W.20140610","YQnsugPXdU2lIW6iuT5grq6gxS7Ije9+YTJzS3KPm/8=","other carabid","CARSP14","Carabidae sp.","family",,"Latreille",,1,"Other",,"wYCqaZcA+7slXlj5N/mM6vobrh4QDptp","individualCount estimated based on number of pinning records|"
"4edefd87-706d-462c-b9b7-e7751d200107","SCBI_004.basePlot.bet","D02","SCBI","SCBI_004","W","2014-05-27","2014-06-10","2014-06-11","2014-10-01","2014-10-01","SCBI_004.W.20140610","ZCodyo9yj62ptMNHnvxIcX/GSeJumFFqqJD9llY9GN8=","carabid","CHLAES","Chlaenius aestivus","species",,"Say",,10,"Bousquet, Y. 2010b. Illustrated Identification Guide to Adults and Larvae of Northeastern North American Ground Beetles (Coleoptera: Carabidae). 1st Ed. Pensoft Publishers, Sofia, Bulgaria.","wYCqaZcA+7slXlj5N/mM6vobrh4QDptp","wYCqaZcA+7slXlj5N/mM6vobrh4QDptp","These beetles were pinned"
"45769026-b72e-4e66-9cc4-7363ecd0ca21","SCBI_010.basePlot.bet","D02","SCBI","SCBI_010","W","2014-05-27","2014-06-10","2014-06-11","2014-10-01","2014-10-01","SCBI_010.W.20140610","6yi0mRc5GEJWyrxcC7EhSbG9TYs/Uu2DcDdEKh2aYHk=","carabid","CHLAES","Chlaenius aestivus","species",,"Say",,1,"Bousquet, Y. 2010b. Illustrated Identification Guide to Adults and Larvae of Northeastern North American Ground Beetles (Coleoptera: Carabidae). 1st Ed. Pensoft Publishers, Sofia, Bulgaria.","wYCqaZcA+7slXlj5N/mM6vobrh4QDptp","wYCqaZcA+7slXlj5N/mM6vobrh4QDptp","This beetle was pinned"
"f20f5fca-1521-44da-b5bf-7ad47f957af8","SCBI_002.basePlot.bet","D02","SCBI","SCBI_002","W","2014-05-27","2014-06-10","2014-06-11","2014-06-12","2014-06-12","SCBI_002.W.20140610","NTl2q/XFbjxCCG+qaCuhnwpxSXqZVGfY1vUfzURdNv0=","vert bycatch herp","PLECIN","Plethodon cinereus","species",,"Green",,1,"Conant, R., and J. T. Collins. 1998. A Field Guide to Reptiles and Amphibians: Eastern and Central North America. 3rd Ed. Houghton Mifflin Company, New York, NY.","2r8mKA55ObZP5m82rTGIsyj0ZPC2lev8","wYCqaZcA+7slXlj5N/mM6vobrh4QDptp",
"9cd2fba3-66e3-40f5-b065-21b8d701466e","SCBI_004.basePlot.bet","D02","SCBI","SCBI_004","S","2014-05-27","2014-06-10","2014-06-11","2014-10-01","2014-10-01","SCBI_004.S.20140610","ZCodyo9yj619x3AKsHbw+nezLVOsyyIpmKNRF4Q9RJ4=","carabid","CHLAES","Chlaenius aestivus","species",,"Say",,1,"Bousquet, Y. 2010b. Illustrated Identification Guide to Adults and Larvae of Northeastern North American Ground Beetles (Coleoptera: Carabidae). 1st Ed. Pensoft Publishers, Sofia, Bulgaria.","wYCqaZcA+7slXlj5N/mM6vobrh4QDptp","wYCqaZcA+7slXlj5N/mM6vobrh4QDptp","This beetle was pinned"
"5b9d6c89-c539-4368-9017-3fc7fd5ae3d1","SCBI_004.basePlot.bet","D02","SCBI","SCBI_004","S","2014-05-27","2014-06-10","2014-06-11","2014-10-07",,"SCBI_004.S.20140610","ZCodyo9yj619x3AKsHbw+sTe1vsNfvKU0BwAwFVctic=","other carabid","CARSP14","Carabidae sp.","family",,"Latreille",,4,"Other",,"wYCqaZcA+7slXlj5N/mM6vobrh4QDptp","individualCount estimated based on number of pinning records|"
"62a17727-a456-4a2d-ba4c-02afa3ed4c56","SCBI_010.basePlot.bet","D02","SCBI","SCBI_010","E","2014-05-27","2014-06-10","2014-06-11","2014-10-01",,"SCBI_010.E.20140610","6yi0mRc5GEJWjW8VoLZ4XFkw7j1P7Etkfr3UWhiYQd0=","other carabid","CARSP14","Carabidae sp.","family",,"Latreille",,3,"Other",,"wYCqaZcA+7slXlj5N/mM6vobrh4QDptp","individualCount estimated based on number of pinning records|"
"33bae8c7-6dca-48a5-b46c-0ac5f5741ef2","SCBI_010.basePlot.bet","D02","SCBI","SCBI_010","E","2014-05-27","2014-06-10","2014-06-11","2014-10-01","2014-10-01","SCBI_010.E.20140610","6yi0mRc5GEJWjW8VoLZ4XCQBOpdG7mcyXP4cBem/7pY=","carabid","CHLAES","Chlaenius aestivus","species",,"Say",,3,"Bousquet, Y. 2010b. Illustrated Identification Guide to Adults and Larvae of Northeastern North American Ground Beetles (Coleoptera: Carabidae). 1st Ed. Pensoft Publishers, Sofia, Bulgaria.","wYCqaZcA+7slXlj5N/mM6vobrh4QDptp","wYCqaZcA+7slXlj5N/mM6vobrh4QDptp","All individuals were pinned"
"a377d23d-60e7-4b3a-976f-40a8eae5cdad","SCBI_010.basePlot.bet","D02","SCBI","SCBI_010","N","2014-05-27","2014-06-10","2014-06-11","2014-06-12","2014-06-12","SCBI_010.N.20140610","6yi0mRc5GEJ//BHNwbzwpEJBaO7sI1ZS/P2HqFU4HJk=","vert bycatch herp","PLECIN","Plethodon cinereus","species",,"Green",,1,"Conant, R., and J. T. Collins. 1998. A Field Guide to Reptiles and Amphibians: Eastern and Central North America. 3rd Ed. Houghton Mifflin Company, New York, NY.","2r8mKA55ObZP5m82rTGIsyj0ZPC2lev8","wYCqaZcA+7slXlj5N/mM6vobrh4QDptp",
"a41c34ab-e8f1-4c8d-99b6-bb127a5a70a0","SCBI_010.basePlot.bet","D02","SCBI","SCBI_010","N","2014-05-27","2014-06-10","2014-06-11","2014-10-01","2014-10-01","SCBI_010.N.20140610","6yi0mRc5GEJ//BHNwbzwpA+bUQOIfnp94tls6Rx78Nc=","carabid","CHLAES","Chlaenius aestivus","species",,"Say",,8,"Bousquet, Y. 2010b. Illustrated Identification Guide to Adults and Larvae of Northeastern North American Ground Beetles (Coleoptera: Carabidae). 1st Ed. Pensoft Publishers, Sofia, Bulgaria.","wYCqaZcA+7slXlj5N/mM6vobrh4QDptp","wYCqaZcA+7slXlj5N/mM6vobrh4QDptp","All individuals were pinned"
"75f0163c-ed17-40fd-a8ba-062046b797a7","SCBI_002.basePlot.bet","D02","SCBI","SCBI_002","N","2014-05-27","2014-06-10","2014-06-11","2014-06-12",,"SCBI_002.N.20140610","NTl2q/XFbjwBj1m98HivgWRrNlAKAg2ax1zTuUc/wUE=","invert bycatch",,,,,,,,,,"wYCqaZcA+7slXlj5N/mM6vobrh4QDptp",
"3ca4773b-e5d2-4ddd-862a-3f3784830938","SCBI_002.basePlot.bet","D02","SCBI","SCBI_002","N","2014-05-27","2014-06-10","2014-06-11","2014-06-12",,"SCBI_002.N.20140610","NTl2q/XFbjwBj1m98HivgWRrNlAKAg2akgesnN9grlA=","invert bycatch",,,,,,,,,,"wYCqaZcA+7slXlj5N/mM6vobrh4QDptp",
"2439e339-2e29-441a-bcbe-e4acb5e87fe6","SCBI_010.basePlot.bet","D02","SCBI","SCBI_010","N","2014-05-27","2014-06-10","2014-06-11","2014-06-12",,"SCBI_010.N.20140610","6yi0mRc5GEJ//BHNwbzwpN0sCwZqACKRazb4uN6kkR0=","invert bycatch",,,,,,,,,,"wYCqaZcA+7slXlj5N/mM6vobrh4QDptp",
"8768d256-cf3c-4f86-9fe4-629298214d84","SCBI_010.basePlot.bet","D02","SCBI","SCBI_010","N","2014-05-27","2014-06-10","2014-06-11","2014-06-12",,"SCBI_010.N.20140610","6yi0mRc5GEJ//BHNwbzwpN0sCwZqACKRtydF9M4+UY8=","invert bycatch",,,,,,,,,,"wYCqaZcA+7slXlj5N/mM6vobrh4QDptp",
"2456abbd-f8a8-421c-9315-981b58b87093","SCBI_010.basePlot.bet","D02","SCBI","SCBI_010","N","2014-05-27","2014-06-10","2014-06-11","2014-10-01",,"SCBI_010.N.20140610","6yi0mRc5GEJ//BHNwbzwpJdBhXpAkuZmQbJW9BPkKoE=","other carabid","CARSP14","Carabidae sp.","family",,"Latreille",,1,"Other",,"wYCqaZcA+7slXlj5N/mM6vobrh4QDptp","individualCount estimated based on number of pinning records|"
"8876e91d-ad88-488d-aa61-c3c5462607db","SCBI_010.basePlot.bet","D02","SCBI","SCBI_010","N","2014-05-27","2014-06-10","2014-06-11","2014-06-12",,"SCBI_010.N.20140610","6yi0mRc5GEJ//BHNwbzwpN0sCwZqACKRx9u68huaoHw=","invert bycatch",,,,,,,,,,"wYCqaZcA+7slXlj5N/mM6vobrh4QDptp",
"45f7c70b-0d03-47a1-955a-2d6729629c47","SCBI_003.basePlot.bet","D02","SCBI","SCBI_003","N","2014-05-27","2014-06-10","2014-06-11","2014-06-12",,"SCBI_003.N.20140610","YQnsugPXdU3eZrJrIYzDuxlM/BvZMlmnXKWHsT8D6ps=","invert bycatch",,,,,,,,,,"wYCqaZcA+7slXlj5N/mM6vobrh4QDptp",
"58ded0da-244c-4938-b7a4-633a27930d6c","SCBI_003.basePlot.bet","D02","SCBI","SCBI_003","N","2014-05-27","2014-06-10","2014-06-11","2014-10-01","2014-10-01","SCBI_003.N.20140610","YQnsugPXdU3eZrJrIYzDuxhcEKL2FSKB6EziYYWk0uU=","carabid","CHLAES","Chlaenius aestivus","species",,"Say",,4,"Bousquet, Y. 2010b. Illustrated Identification Guide to Adults and Larvae of Northeastern North American Ground Beetles (Coleoptera: Carabidae). 1st Ed. Pensoft Publishers, Sofia, Bulgaria.","wYCqaZcA+7slXlj5N/mM6vobrh4QDptp","wYCqaZcA+7slXlj5N/mM6vobrh4QDptp","All individuals were pinned"
"d5f2b532-6820-4833-a008-ca03ef19433f","SCBI_007.basePlot.bet","D02","SCBI","SCBI_007","N","2014-05-27","2014-06-10","2014-06-11","2014-06-12",,"SCBI_007.N.20140610","tckDqTjQv3gWJZlZlxCXXO9uulmdapqYLTeXjeBUSn0=","invert bycatch",,,,,,,,,,"wYCqaZcA+7slXlj5N/mM6vobrh4QDptp",
"598d2a2b-43c6-4ca8-9224-82ecae6ffb0d","SCBI_004.basePlot.bet","D02","SCBI","SCBI_004","N","2014-05-27","2014-06-10","2014-06-11","2014-10-01","2014-10-01","SCBI_004.N.20140610","ZCodyo9yj60CqlmQk23XsutTYLrHdfuE2n8eDg1HiU0=","carabid","CHLAES","Chlaenius aestivus","species",,"Say",,6,"Bousquet, Y. 2010b. Illustrated Identification Guide to Adults and Larvae of Northeastern North American Ground Beetles (Coleoptera: Carabidae). 1st Ed. Pensoft Publishers, Sofia, Bulgaria.","wYCqaZcA+7slXlj5N/mM6vobrh4QDptp","wYCqaZcA+7slXlj5N/mM6vobrh4QDptp","These beetles were pinned"
"515823da-f225-48be-bd61-9d3255b285ec","SCBI_004.basePlot.bet","D02","SCBI","SCBI_004","N","2014-05-27","2014-06-10","2014-06-11","2014-06-12",,"SCBI_004.N.20140610","ZCodyo9yj60CqlmQk23Xsnymy4xsNgtGkuycdcBOxow=","invert bycatch",,,,,,,,,,"wYCqaZcA+7slXlj5N/mM6vobrh4QDptp",
"6c1edfca-cdfc-4b9e-bdd3-2b554a86e1a7","SCBI_004.basePlot.bet","D02","SCBI","SCBI_004","N","2014-05-27","2014-06-10","2014-06-11","2014-10-01",,"SCBI_004.N.20140610","ZCodyo9yj60CqlmQk23Xsv6epXLHd1CZycrpzBSU9AE=","other carabid","CARSP14","Carabidae sp.","family",,"Latreille",,8,"Other",,"wYCqaZcA+7slXlj5N/mM6vobrh4QDptp","individualCount estimated based on number of pinning records|"
"faf6e9bd-2d0f-4eac-a1bb-ddeff44cf023","SCBI_007.basePlot.bet","D02","SCBI","SCBI_007","S","2014-05-27","2014-06-10","2014-06-11","2014-10-01",,"SCBI_007.S.20140610","tckDqTjQv3ht+yMcMESJqFECnR0hy8Fg+rmj53reZ18=","other carabid","CARSP14","Carabidae sp.","family",,"Latreille",,1,"Other",,"wYCqaZcA+7slXlj5N/mM6vobrh4QDptp","individualCount estimated based on number of pinning records|"
"2c88640f-0300-4939-8ae5-70769aeb2b70","SCBI_003.basePlot.bet","D02","SCBI","SCBI_003","S","2014-05-27","2014-06-10","2014-06-11","2014-06-12","2014-06-12","SCBI_003.S.20140610","YQnsugPXdU2MVjVeopviUfuxNqJU3QaRJ1yEmHXQels=","vert bycatch mam","SOHO","Sorex hoyi","species",,"Baird",,1,"Reid, F. 2006. Peterson Field Guide to Mammals of North America. 4th Ed. Houghton Mifflin Company, New York, NY.","esNjjubcI51hdInmRHEEIrFR4+oIJtuN","wYCqaZcA+7slXlj5N/mM6vobrh4QDptp",
"533b1c19-29d4-4499-b970-66b99a9e782c","SCBI_003.basePlot.bet","D02","SCBI","SCBI_003","S","2014-05-27","2014-06-10","2014-06-11","2014-10-01","2014-10-01","SCBI_003.S.20140610","YQnsugPXdU2MVjVeopviUXeWzoK93u0T5UvJPiHT2MA=","carabid","CHLAES","Chlaenius aestivus","species",,"Say",,4,"Bousquet, Y. 2010b. Illustrated Identification Guide to Adults and Larvae of Northeastern North American Ground Beetles (Coleoptera: Carabidae). 1st Ed. Pensoft Publishers, Sofia, Bulgaria.","wYCqaZcA+7slXlj5N/mM6vobrh4QDptp","wYCqaZcA+7slXlj5N/mM6vobrh4QDptp","All individuals were pinned"
"ad3b88ac-a3f4-4925-b180-781bbb90b816","SCBI_002.basePlot.bet","D02","SCBI","SCBI_002","S","2014-05-27","2014-06-10","2014-06-11","2014-10-17",,"SCBI_002.S.20140610","NTl2q/XFbjwvCaRKvVmYIWoZq/Kvy0qoFkg02PO0N8s=","other carabid","CARSP14","Carabidae sp.","family",,"Latreille",,1,"Other",,"wYCqaZcA+7slXlj5N/mM6vobrh4QDptp","individualCount estimated based on number of pinning records|"
"5d67f231-8a98-4fa7-9de8-5b1eed4ecd65","SCBI_007.basePlot.bet","D02","SCBI","SCBI_007","S","2014-05-27","2014-06-10","2014-06-11","2014-10-01","2014-10-01","SCBI_007.S.20140610","tckDqTjQv3ht+yMcMESJqLO1vvH2+5mmaaUrrnZuCKg=","carabid","CHLAES","Chlaenius aestivus","species",,"Say",,5,"Bousquet, Y. 2010b. Illustrated Identification Guide to Adults and Larvae of Northeastern North American Ground Beetles (Coleoptera: Carabidae). 1st Ed. Pensoft Publishers, Sofia, Bulgaria.","wYCqaZcA+7slXlj5N/mM6vobrh4QDptp","wYCqaZcA+7slXlj5N/mM6vobrh4QDptp","All individuals were pinned"
"71dcaec2-c6de-43c6-9a7a-8be4aab4f302","SCBI_033.basePlot.bet","D02","SCBI","SCBI_033","W","2014-05-27","2014-06-11","2014-06-11","2014-10-07",,"SCBI_033.W.20140611","4ZBK4Rjlf9lfrKVOCmRR+TojtvNvfL8CjE13aM8HsNA=","other carabid","CARSP14","Carabidae sp.","family",,"Latreille",,3,"Other",,"wYCqaZcA+7slXlj5N/mM6vobrh4QDptp","individualCount estimated based on number of pinning records|"
"da01bf0f-e3ae-4d35-b895-3b512c28db49","SCBI_006.basePlot.bet","D02","SCBI","SCBI_006","S","2014-05-28","2014-06-10","2014-06-11","2014-10-17",,"SCBI_006.S.20140610","2wNT0Wyw28476h2reakuIWW3AwPcOka3ZxJMlYZTqo4=","other carabid","CARSP14","Carabidae sp.","family",,"Latreille",,3,"Other",,"wYCqaZcA+7slXlj5N/mM6vobrh4QDptp","individualCount estimated based on number of pinning records|"
"81f74057-ef53-424e-bfba-feebee4042c3","SCBI_006.basePlot.bet","D02","SCBI","SCBI_006","N","2014-05-28","2014-06-10","2014-06-11","2014-06-12",,"SCBI_006.N.20140610","2wNT0Wyw284waACx1z/aQyDKJThTzdxbR37xebAuNdE=","invert bycatch",,,,,,,,,,"wYCqaZcA+7slXlj5N/mM6vobrh4QDptp",
"45c2c703-a083-457f-ad6a-bc9f868d36f1","SCBI_004.basePlot.bet","D02","SCBI","SCBI_004","E","2014-05-28","2014-06-10","2014-06-11","2014-10-07",,"SCBI_004.E.20140610","ZCodyo9yj63YPdmzKvU3g0q0QJzNj0sWMa2spEIJuVY=","other carabid","CARSP14","Carabidae sp.","family",,"Latreille",,1,"Other",,"wYCqaZcA+7slXlj5N/mM6vobrh4QDptp","individualCount estimated based on number of pinning records|"
"15af3263-bcc0-455b-b23f-835eb28eca8b","SCBI_004.basePlot.bet","D02","SCBI","SCBI_004","E","2014-05-28","2014-06-10","2014-06-11","2014-10-01","2014-10-01","SCBI_004.E.20140610","ZCodyo9yj63YPdmzKvU3gwVCzP3uU8Dvyoh1TKQ1NIw=","carabid","CHLAES","Chlaenius aestivus","species",,"Say",,3,"Bousquet, Y. 2010b. Illustrated Identification Guide to Adults and Larvae of Northeastern North American Ground Beetles (Coleoptera: Carabidae). 1st Ed. Pensoft Publishers, Sofia, Bulgaria.","wYCqaZcA+7slXlj5N/mM6vobrh4QDptp","wYCqaZcA+7slXlj5N/mM6vobrh4QDptp","These beetles were pinned"
"d9c80fc0-c5b1-4a17-a059-83356c5d3bfe","SCBI_006.basePlot.bet","D02","SCBI","SCBI_006","E","2014-05-28","2014-06-10","2014-06-11","2014-10-07",,"SCBI_006.E.20140610","2wNT0Wyw286cgYMRBHjt8mhF/efING5iEKaTwtTRju8=","other carabid","CARSP14","Carabidae sp.","family",,"Latreille",,2,"Other",,"wYCqaZcA+7slXlj5N/mM6vobrh4QDptp","individualCount estimated based on number of pinning records|"
"3408bb4b-e811-4f14-99b1-8b1b40c804cd","SCBI_012.basePlot.bet","D02","SCBI","SCBI_012","E","2014-05-28","2014-06-11","2014-06-11","2014-10-01",,"SCBI_012.E.20140611","XK58HfsRWvf4zrIRhhGlQ2lcvfVTFialpCpNGrCbJs0=","other carabid","CARSP14","Carabidae sp.","family",,"Latreille",,3,"Other",,"wYCqaZcA+7slXlj5N/mM6vobrh4QDptp","individualCount estimated based on number of pinning records|"
"f10426c0-e828-4a62-966a-1836c3c1153f","SCBI_012.basePlot.bet","D02","SCBI","SCBI_012","E","2014-05-28","2014-06-11","2014-06-11","2014-10-01","2014-10-01","SCBI_012.E.20140611","XK58HfsRWvf4zrIRhhGlQ4l4H7BDkDmdQNwIGDckbOg=","carabid","CHLAES","Chlaenius aestivus","species",,"Say",,1,"Bousquet, Y. 2010b. Illustrated Identification Guide to Adults and Larvae of Northeastern North American Ground Beetles (Coleoptera: Carabidae). 1st Ed. Pensoft Publishers, Sofia, Bulgaria.","wYCqaZcA+7slXlj5N/mM6vobrh4QDptp","wYCqaZcA+7slXlj5N/mM6vobrh4QDptp","This beetle was pinned"
"2e16742e-cc28-470f-9206-eb0066c2ede4","SCBI_008.basePlot.bet","D02","SCBI","SCBI_008","E","2014-05-28","2014-06-11","2014-06-11","2014-10-03","2014-10-03","SCBI_008.E.20140611","BDl2KAs5Zr1M488GlYvMvpiGzPgSTotDL8yCz3cQWjU=","carabid","CHLEMA","Chlaenius emarginatus","species",,"Say",,2,"Bousquet, Y. 2010b. Illustrated Identification Guide to Adults and Larvae of Northeastern North American Ground Beetles (Coleoptera: Carabidae). 1st Ed. Pensoft Publishers, Sofia, Bulgaria.","wYCqaZcA+7slXlj5N/mM6vobrh4QDptp","wYCqaZcA+7slXlj5N/mM6vobrh4QDptp","All individuals were pinned"
"6633f912-32c5-42a1-a2cd-36aa227f39c0","SCBI_008.basePlot.bet","D02","SCBI","SCBI_008","E","2014-05-28","2014-06-11","2014-06-11","2014-10-03",,"SCBI_008.E.20140611","BDl2KAs5Zr1M488GlYvMvncPK568VT4T0IsJ2FBCe10=","other carabid","CARSP14","Carabidae sp.","family",,"Latreille",,1,"Other",,"wYCqaZcA+7slXlj5N/mM6vobrh4QDptp","individualCount estimated based on number of pinning records|"
"45ecefbe-c6f9-4f5c-b907-fed433b4f8de","SCBI_008.basePlot.bet","D02","SCBI","SCBI_008","E","2014-05-28","2014-06-11","2014-06-11","2014-10-03","2014-10-03","SCBI_008.E.20140611","BDl2KAs5Zr1M488GlYvMvjfogT9x7YvPOV9Pqgn6y1g=","carabid","CHLAES","Chlaenius aestivus","species",,"Say",,7,"Bousquet, Y. 2010b. Illustrated Identification Guide to Adults and Larvae of Northeastern North American Ground Beetles (Coleoptera: Carabidae). 1st Ed. Pensoft Publishers, Sofia, Bulgaria.","wYCqaZcA+7slXlj5N/mM6vobrh4QDptp","wYCqaZcA+7slXlj5N/mM6vobrh4QDptp","All individuals were pinned"
"7b69ac4b-7d78-4406-971f-bbce4669988f","SCBI_005.basePlot.bet","D02","SCBI","SCBI_005","E","2014-05-28","2014-06-11","2014-06-11","2014-10-03","2014-10-03","SCBI_005.E.20140611","2MbaqPQFAm4LeCNwbkGeDzDetnwGjPOU0SNQHtdSgfY=","carabid","CHLAES","Chlaenius aestivus","species",,"Say",,1,"Bousquet, Y. 2010b. Illustrated Identification Guide to Adults and Larvae of Northeastern North American Ground Beetles (Coleoptera: Carabidae). 1st Ed. Pensoft Publishers, Sofia, Bulgaria.","wYCqaZcA+7slXlj5N/mM6vobrh4QDptp","wYCqaZcA+7slXlj5N/mM6vobrh4QDptp","This beetle is pinned"
"cb3c3c1a-eb59-4ce3-b8d7-7df8be247162","SCBI_008.basePlot.bet","D02","SCBI","SCBI_008","N","2014-05-28","2014-06-11","2014-06-11","2014-06-12",,"SCBI_008.N.20140611","BDl2KAs5Zr0yjztorxos+THPIPjr3Zl+QbvKTIQgSbY=","invert bycatch",,,,,,,,,,"wYCqaZcA+7slXlj5N/mM6vobrh4QDptp",
"d1892f58-80d3-43f5-aff6-a69accf8264c","SCBI_008.basePlot.bet","D02","SCBI","SCBI_008","N","2014-05-28","2014-06-11","2014-06-11","2014-10-03","2014-10-03","SCBI_008.N.20140611","BDl2KAs5Zr0yjztorxos+V9t400psU0GbOIXyfxWwP8=","carabid","CHLEMA","Chlaenius emarginatus","species",,"Say",,1,"Bousquet, Y. 2010b. Illustrated Identification Guide to Adults and Larvae of Northeastern North American Ground Beetles (Coleoptera: Carabidae). 1st Ed. Pensoft Publishers, Sofia, Bulgaria.","wYCqaZcA+7slXlj5N/mM6vobrh4QDptp","wYCqaZcA+7slXlj5N/mM6vobrh4QDptp","individualCount not recorded. Value of 1 entered|All individuals were pinned"
"b907d7a4-2f66-442d-a5d1-d7ffac0d704f","SCBI_012.basePlot.bet","D02","SCBI","SCBI_012","N","2014-05-28","2014-06-11","2014-06-11","2014-10-17",,"SCBI_012.N.20140611","XK58HfsRWvd23jecF6/xe0oFM1SM2LDBxDLHUK40wds=","other carabid","CARSP14","Carabidae sp.","family",,"Latreille",,3,"Other",,"wYCqaZcA+7slXlj5N/mM6vobrh4QDptp","individualCount estimated based on number of pinning records|"
"0cbf9edc-def8-479f-a57f-a793960c6198","SCBI_008.basePlot.bet","D02","SCBI","SCBI_008","N","2014-05-28","2014-06-11","2014-06-11","2014-10-01",,"SCBI_008.N.20140611","BDl2KAs5Zr0yjztorxos+fixRZtGoB7Gc7CAWMOuLtw=","other carabid","CARSP14","Carabidae sp.","family",,"Latreille",,4,"Other",,"wYCqaZcA+7slXlj5N/mM6vobrh4QDptp","individualCount estimated based on number of pinning records|"
"c371c9be-8e40-4374-b4b1-08198120d159","SCBI_008.basePlot.bet","D02","SCBI","SCBI_008","N","2014-05-28","2014-06-11","2014-06-11","2014-10-01","2014-10-01","SCBI_008.N.20140611","BDl2KAs5Zr0yjztorxos+Rr6WWfFxRwG+I/DzySevFI=","carabid","CHLAES","Chlaenius aestivus","species",,"Say",,23,"Bousquet, Y. 2010b. Illustrated Identification Guide to Adults and Larvae of Northeastern North American Ground Beetles (Coleoptera: Carabidae). 1st Ed. Pensoft Publishers, Sofia, Bulgaria.","wYCqaZcA+7slXlj5N/mM6vobrh4QDptp","wYCqaZcA+7slXlj5N/mM6vobrh4QDptp","All individuals were pinned"
"9dee9ba4-7613-4977-a18a-49c761c2fcd2","SCBI_012.basePlot.bet","D02","SCBI","SCBI_012","N","2014-05-28","2014-06-11","2014-06-11","2014-06-12",,"SCBI_012.N.20140611","XK58HfsRWvd23jecF6/xe/+IlqsQhg8znKg0P2xVv44=","invert bycatch",,,,,,,,,,"wYCqaZcA+7slXlj5N/mM6vobrh4QDptp",
"5d2608ce-6b25-4893-86c2-c4ab1c7cefac","SCBI_033.basePlot.bet","D02","SCBI","SCBI_033","N","2014-05-28","2014-06-11","2014-06-11","2014-06-12",,"SCBI_033.N.20140611","4ZBK4Rjlf9l2vthmVJFw4iVm+yBn+Z1xiu3CjBo5ioo=","invert bycatch",,,,,,,,,,"wYCqaZcA+7slXlj5N/mM6vobrh4QDptp",
"8c953799-62de-4e35-a980-77f0e23d1266","SCBI_033.basePlot.bet","D02","SCBI","SCBI_033","N","2014-05-28","2014-06-11","2014-06-11","2014-10-17",,"SCBI_033.N.20140611","4ZBK4Rjlf9l2vthmVJFw4n83fl7YyjKluU0F6YeHg0I=","other carabid","CARSP14","Carabidae sp.","family",,"Latreille",,1,"Other",,"wYCqaZcA+7slXlj5N/mM6vobrh4QDptp","individualCount estimated based on number of pinning records|"
"72705b84-de00-4112-a052-bb02dd61b233","SCBI_012.basePlot.bet","D02","SCBI","SCBI_012","N","2014-05-28","2014-06-11","2014-06-11","2014-06-12",,"SCBI_012.N.20140611","XK58HfsRWvd23jecF6/xe/+IlqsQhg8zD9xdG7BVY5M=","invert bycatch",,,,,,,,,,"wYCqaZcA+7slXlj5N/mM6vobrh4QDptp",
"8c000210-fa0e-4fc0-b514-a3149df69d87","SCBI_012.basePlot.bet","D02","SCBI","SCBI_012","N","2014-05-28","2014-06-11","2014-06-11","2014-10-01","2014-10-01","SCBI_012.N.20140611","XK58HfsRWvd23jecF6/xe4Z8CVN6AqY3YTq0bfEAjE0=","carabid","CHLAES","Chlaenius aestivus","species",,"Say",,1,"Bousquet, Y. 2010b. Illustrated Identification Guide to Adults and Larvae of Northeastern North American Ground Beetles (Coleoptera: Carabidae). 1st Ed. Pensoft Publishers, Sofia, Bulgaria.","wYCqaZcA+7slXlj5N/mM6vobrh4QDptp","wYCqaZcA+7slXlj5N/mM6vobrh4QDptp","This beetle was pinned"
"83faf75c-2735-4283-b5e7-e4dc53e03b7a","SCBI_005.basePlot.bet","D02","SCBI","SCBI_005","N","2014-05-28","2014-06-11","2014-06-11","2014-10-17",,"SCBI_005.N.20140611","2MbaqPQFAm6CxXiC3twOijkzXi6+2OXOhjv+MVCmPTE=","other carabid","CARSP14","Carabidae sp.","family",,"Latreille",,1,"Other",,"wYCqaZcA+7slXlj5N/mM6vobrh4QDptp","individualCount estimated based on number of pinning records|"
"c13d89e8-930d-4a8d-bbfb-8b9792be5b90","SCBI_005.basePlot.bet","D02","SCBI","SCBI_005","N","2014-05-28","2014-06-11","2014-06-11","2014-06-12",,"SCBI_005.N.20140611","2MbaqPQFAm6CxXiC3twOiqpTrJn1TvMPaLUR+ZMsyvQ=","invert bycatch",,,,,,,,,,"wYCqaZcA+7slXlj5N/mM6vobrh4QDptp",
"4319cbd9-7817-4ce0-846d-7a86bcbe918e","SCBI_005.basePlot.bet","D02","SCBI","SCBI_005","N","2014-05-28","2014-06-11","2014-06-11","2014-10-03","2014-10-03","SCBI_005.N.20140611","2MbaqPQFAm6CxXiC3twOis9Rnk4w29xEHWpausyU6Qg=","carabid","CHLAES","Chlaenius aestivus","species",,"Say",,5,"Bousquet, Y. 2010b. Illustrated Identification Guide to Adults and Larvae of Northeastern North American Ground Beetles (Coleoptera: Carabidae). 1st Ed. Pensoft Publishers, Sofia, Bulgaria.","wYCqaZcA+7slXlj5N/mM6vobrh4QDptp","wYCqaZcA+7slXlj5N/mM6vobrh4QDptp","These beetles were pinned"
"befc8f27-f268-4984-8bc8-a48f472a5c5c","SCBI_033.basePlot.bet","D02","SCBI","SCBI_033","S","2014-05-28","2014-06-11","2014-06-11","2014-10-17","2014-10-17","SCBI_033.S.20140611","4ZBK4Rjlf9k1c9kd1y2sgsZSFBf37MEJ+IxsI3uQ0Hs=","carabid","CHLAES","Chlaenius aestivus","species",,"Say",,1,"Bousquet, Y. 2010b. Illustrated Identification Guide to Adults and Larvae of Northeastern North American Ground Beetles (Coleoptera: Carabidae). 1st Ed. Pensoft Publishers, Sofia, Bulgaria.","wYCqaZcA+7slXlj5N/mM6vobrh4QDptp","wYCqaZcA+7slXlj5N/mM6vobrh4QDptp","This beetle is pinned"
"4ee7bf96-9ae9-4768-a111-c03b3978e82e","SCBI_008.basePlot.bet","D02","SCBI","SCBI_008","S","2014-05-28","2014-06-11","2014-06-11","2014-10-03","2014-10-03","SCBI_008.S.20140611","BDl2KAs5Zr2o35bLIvWQ+MpLlihd1pTqfYyg/4QnzpU=","carabid","CHLAES","Chlaenius aestivus","species",,"Say",,14,"Bousquet, Y. 2010b. Illustrated Identification Guide to Adults and Larvae of Northeastern North American Ground Beetles (Coleoptera: Carabidae). 1st Ed. Pensoft Publishers, Sofia, Bulgaria.","wYCqaZcA+7slXlj5N/mM6vobrh4QDptp","wYCqaZcA+7slXlj5N/mM6vobrh4QDptp","All individuals were pinned"
"0261bc30-82bd-471d-9b7d-d620be115637","SCBI_033.basePlot.bet","D02","SCBI","SCBI_033","S","2014-05-28","2014-06-11","2014-06-11","2014-10-17",,"SCBI_033.S.20140611","4ZBK4Rjlf9k1c9kd1y2sgvrJa5vLeGsIM9IWuLjOVT4=","other carabid","CARSP14","Carabidae sp.","family",,"Latreille",,2,"Other",,"wYCqaZcA+7slXlj5N/mM6vobrh4QDptp","individualCount estimated based on number of pinning records|"
"4ae26333-ee62-4fbe-a019-d7ccc3e0aa17","SCBI_008.basePlot.bet","D02","SCBI","SCBI_008","S","2014-05-28","2014-06-11","2014-06-11","2014-10-03",,"SCBI_008.S.20140611","BDl2KAs5Zr2o35bLIvWQ+NwBK0oPX+oMDx2mr6mmTOI=","other carabid","CARSP14","Carabidae sp.","family",,"Latreille",,2,"Other",,"wYCqaZcA+7slXlj5N/mM6vobrh4QDptp","individualCount estimated based on number of pinning records|"
"863aa76c-5079-4177-a00f-5ae2918cce19","SCBI_008.basePlot.bet","D02","SCBI","SCBI_008","S","2014-05-28","2014-06-11","2014-06-11","2014-10-03","2014-10-03","SCBI_008.S.20140611","BDl2KAs5Zr2o35bLIvWQ+KZHEDufEkOo16cL/dhMUrI=","carabid","CHLEMA","Chlaenius emarginatus","species",,"Say",,4,"Bousquet, Y. 2010b. Illustrated Identification Guide to Adults and Larvae of Northeastern North American Ground Beetles (Coleoptera: Carabidae). 1st Ed. Pensoft Publishers, Sofia, Bulgaria.","wYCqaZcA+7slXlj5N/mM6vobrh4QDptp","wYCqaZcA+7slXlj5N/mM6vobrh4QDptp","All individuals were pinned"
"669736a8-b390-40fa-8178-68c203b74a3b","SCBI_005.basePlot.bet","D02","SCBI","SCBI_005","S","2014-05-28","2014-06-11","2014-06-11","2014-10-28",,"SCBI_005.S.20140611","2MbaqPQFAm6yvTCcijWiWL5HfeofrWfAphNct60LS0o=","other carabid","CARSP14","Carabidae sp.","family",,"Latreille",,1,"Other",,"wYCqaZcA+7slXlj5N/mM6vobrh4QDptp","individualCount estimated based on number of pinning records|"
"08d51ebc-2e4c-467e-88b7-c744e9a33057","SCBI_005.basePlot.bet","D02","SCBI","SCBI_005","S","2014-05-28","2014-06-11","2014-06-11","2014-10-03","2014-10-03","SCBI_005.S.20140611","2MbaqPQFAm6yvTCcijWiWFgABkhU+TZ9JGoLmSRMMmg=","carabid","CHLAES","Chlaenius aestivus","species",,"Say",,1,"Bousquet, Y. 2010b. Illustrated Identification Guide to Adults and Larvae of Northeastern North American Ground Beetles (Coleoptera: Carabidae). 1st Ed. Pensoft Publishers, Sofia, Bulgaria.","wYCqaZcA+7slXlj5N/mM6vobrh4QDptp","wYCqaZcA+7slXlj5N/mM6vobrh4QDptp","this beetle was pinned"
"458bd3be-836e-480c-91db-2b4518ebb027","SCBI_008.basePlot.bet","D02","SCBI","SCBI_008","W","2014-05-28","2014-06-11","2014-06-11","2014-10-03","2014-10-03","SCBI_008.W.20140611","BDl2KAs5Zr3w9VFLUe9cUzWRFp8GdogtQ5+VXgpDnjE=","carabid","CHLEMA","Chlaenius emarginatus","species",,"Say",,5,"Bousquet, Y. 2010b. Illustrated Identification Guide to Adults and Larvae of Northeastern North American Ground Beetles (Coleoptera: Carabidae). 1st Ed. Pensoft Publishers, Sofia, Bulgaria.","wYCqaZcA+7slXlj5N/mM6vobrh4QDptp","wYCqaZcA+7slXlj5N/mM6vobrh4QDptp","All individuals were pinned"
"b3c363f3-3f5c-4ea7-9616-49c63a963396","SCBI_008.basePlot.bet","D02","SCBI","SCBI_008","W","2014-05-28","2014-06-11","2014-06-11","2014-10-03",,"SCBI_008.W.20140611","BDl2KAs5Zr3w9VFLUe9cU9LKv06ojjCC1mNO4AwREgE=","other carabid","CARSP14","Carabidae sp.","family",,"Latreille",,3,"Other",,"wYCqaZcA+7slXlj5N/mM6vobrh4QDptp","individualCount estimated based on number of pinning records|"
"1ce1089a-3786-4e6a-a118-771e02179ba7","SCBI_008.basePlot.bet","D02","SCBI","SCBI_008","W","2014-05-28","2014-06-11","2014-06-11","2014-06-12","2014-06-12","SCBI_008.W.20140611","BDl2KAs5Zr3w9VFLUe9cU+CpICYDExw55XK+VtZ9xRA=","vert bycatch herp","PLECIN","Plethodon cinereus","species",,"Green",,1,"Conant, R., and J. T. Collins. 1998. A Field Guide to Reptiles and Amphibians: Eastern and Central North America. 3rd Ed. Houghton Mifflin Company, New York, NY.","2r8mKA55ObZP5m82rTGIsyj0ZPC2lev8","wYCqaZcA+7slXlj5N/mM6vobrh4QDptp",
"09b3b4a6-bb73-46a9-889d-8f2accce9fe4","SCBI_012.basePlot.bet","D02","SCBI","SCBI_012","W","2014-05-28","2014-06-11","2014-06-11","2014-10-01","2014-10-01","SCBI_012.W.20140611","XK58HfsRWvf9hkk6kOmALDriHPC8a44rZGqpc7WwjTU=","carabid","CHLAES","Chlaenius aestivus","species",,"Say",,1,"Bousquet, Y. 2010b. Illustrated Identification Guide to Adults and Larvae of Northeastern North American Ground Beetles (Coleoptera: Carabidae). 1st Ed. Pensoft Publishers, Sofia, Bulgaria.","wYCqaZcA+7slXlj5N/mM6vobrh4QDptp","wYCqaZcA+7slXlj5N/mM6vobrh4QDptp","This beetle is pinned"
"3ae0183f-7f86-44f8-88ad-0901d48f5e0f","SCBI_008.basePlot.bet","D02","SCBI","SCBI_008","W","2014-05-28","2014-06-11","2014-06-11","2014-10-03","2014-10-03","SCBI_008.W.20140611","BDl2KAs5Zr3w9VFLUe9cU5YlGBx/XyYtbwa+y1OChGI=","carabid","CHLAES","Chlaenius aestivus","species",,"Say",,18,"Bousquet, Y. 2010b. Illustrated Identification Guide to Adults and Larvae of Northeastern North American Ground Beetles (Coleoptera: Carabidae). 1st Ed. Pensoft Publishers, Sofia, Bulgaria.","wYCqaZcA+7slXlj5N/mM6vobrh4QDptp","wYCqaZcA+7slXlj5N/mM6vobrh4QDptp","All individuals were pinned"
"5f4e4e44-87fb-4839-8bf5-a2ecd0428544","SCBI_005.basePlot.bet","D02","SCBI","SCBI_005","W","2014-05-28","2014-06-11","2014-06-11","2014-10-03","2014-10-03","SCBI_005.W.20140611","2MbaqPQFAm6EeE4QHSABK0U+R1iHsRBIflGb22hvqmw=","carabid","CHLAES","Chlaenius aestivus","species",,"Say",,5,"Bousquet, Y. 2010b. Illustrated Identification Guide to Adults and Larvae of Northeastern North American Ground Beetles (Coleoptera: Carabidae). 1st Ed. Pensoft Publishers, Sofia, Bulgaria.","wYCqaZcA+7slXlj5N/mM6vobrh4QDptp","wYCqaZcA+7slXlj5N/mM6vobrh4QDptp",
"7757d63c-cbb8-4f55-83f8-c80c97ef1db8","SCBI_007.basePlot.bet","D02","SCBI","SCBI_007","W","2014-06-10","2014-06-24","2014-06-25","2014-06-26","2014-06-26","SCBI_007.W.20140624","tckDqTjQv3iY/tV0Y8mW+/Lnf6WbJdOvQHK5ircYyDQ=","carabid","CHLAES","Chlaenius aestivus","species",,"Say",,16,"Bousquet, Y. 2010b. Illustrated Identification Guide to Adults and Larvae of Northeastern North American Ground Beetles (Coleoptera: Carabidae). 1st Ed. Pensoft Publishers, Sofia, Bulgaria.","wYCqaZcA+7slXlj5N/mM6vobrh4QDptp","wYCqaZcA+7slXlj5N/mM6vobrh4QDptp",
"999363f0-5048-4c11-a6c8-d551b9248091","SCBI_006.basePlot.bet","D02","SCBI","SCBI_006","W","2014-06-10","2014-06-24","2014-06-25","2014-10-15",,"SCBI_006.W.20140624","2wNT0Wyw285xRRU8wnx0j6kU5qtIeVPa0gt2faBmZzM=","other carabid","CARSP14","Carabidae sp.","family",,"Latreille",,3,"Other",,"wYCqaZcA+7slXlj5N/mM6vobrh4QDptp","individualCount estimated based on number of pinning records|"
"b79c436a-a1ab-4ea6-a578-a69b0cd85675","SCBI_007.basePlot.bet","D02","SCBI","SCBI_007","W","2014-06-10","2014-06-24","2014-06-25","2014-10-03","2014-10-03","SCBI_007.W.20140624","tckDqTjQv3iY/tV0Y8mW+x2lIIxHdDUZcDHZ6mh3UqQ=","carabid","CHLEMA","Chlaenius emarginatus","species",,"Say",,4,"Bousquet, Y. 2010b. Illustrated Identification Guide to Adults and Larvae of Northeastern North American Ground Beetles (Coleoptera: Carabidae). 1st Ed. Pensoft Publishers, Sofia, Bulgaria.","wYCqaZcA+7slXlj5N/mM6vobrh4QDptp","wYCqaZcA+7slXlj5N/mM6vobrh4QDptp","All individuals were pinned"
"777bf69d-fc44-4650-8b1a-6e2d47a07bd4","SCBI_007.basePlot.bet","D02","SCBI","SCBI_007","W","2014-06-10","2014-06-24","2014-06-25","2014-10-03",,"SCBI_007.W.20140624","tckDqTjQv3iY/tV0Y8mW+9po8hiGd5PHqR7x6KJ4BJM=","other carabid","CARSP14","Carabidae sp.","family",,"Latreille",,3,"Other",,"wYCqaZcA+7slXlj5N/mM6vobrh4QDptp","individualCount estimated based on number of pinning records|"
"634141e6-83e2-45b9-87bf-97f495aba0b8","SCBI_010.basePlot.bet","D02","SCBI","SCBI_010","W","2014-06-10","2014-06-24","2014-06-25","2014-06-26","2014-06-26","SCBI_010.W.20140624","6yi0mRc5GEJWyrxcC7EhSTMcfgYhnnCpbx1M72nOx6k=","carabid","CHLAES","Chlaenius aestivus","species",,"Say",,1,"Bousquet, Y. 2010b. Illustrated Identification Guide to Adults and Larvae of Northeastern North American Ground Beetles (Coleoptera: Carabidae). 1st Ed. Pensoft Publishers, Sofia, Bulgaria.","wYCqaZcA+7slXlj5N/mM6vobrh4QDptp","wYCqaZcA+7slXlj5N/mM6vobrh4QDptp",
"90243ea7-87b6-477e-aa1d-c6d5e9922ba2","SCBI_010.basePlot.bet","D02","SCBI","SCBI_010","W","2014-06-10","2014-06-24","2014-06-25","2014-10-09",,"SCBI_010.W.20140624","6yi0mRc5GEJWyrxcC7EhSWA/DGXKWyzn7noHiWtSlXQ=","other carabid","CARSP14","Carabidae sp.","family",,"Latreille",,1,"Other",,"wYCqaZcA+7slXlj5N/mM6vobrh4QDptp","individualCount estimated based on number of pinning records|"
"2aef8245-5428-4058-b017-7cc91a85b265","SCBI_002.basePlot.bet","D02","SCBI","SCBI_002","W","2014-06-10","2014-06-24","2014-06-25","2014-06-26","2014-06-26","SCBI_002.W.20140624","NTl2q/XFbjxCCG+qaCuhn8O2DktXSDRngH70n5wF6Xg=","carabid","CHLAES","Chlaenius aestivus","species",,"Say",,1,"Bousquet, Y. 2010b. Illustrated Identification Guide to Adults and Larvae of Northeastern North American Ground Beetles (Coleoptera: Carabidae). 1st Ed. Pensoft Publishers, Sofia, Bulgaria.","wYCqaZcA+7slXlj5N/mM6vobrh4QDptp","wYCqaZcA+7slXlj5N/mM6vobrh4QDptp",
"c6a30d09-55b5-43f3-bcba-49c9a7e978e4","SCBI_002.basePlot.bet","D02","SCBI","SCBI_002","W","2014-06-10","2014-06-24","2014-06-25","2014-10-06",,"SCBI_002.W.20140624","NTl2q/XFbjxCCG+qaCuhn8H/clZ65JjroPwM2DAV8oM=","other carabid","CARSP14","Carabidae sp.","family",,"Latreille",,10,"Other",,"wYCqaZcA+7slXlj5N/mM6vobrh4QDptp","individualCount estimated based on number of pinning records|"
"d3bc06ab-a3af-4e39-9c47-f103bd205de6","SCBI_007.basePlot.bet","D02","SCBI","SCBI_007","S","2014-06-10","2014-06-24","2014-06-25","2014-10-07",,"SCBI_007.S.20140624","tckDqTjQv3ht+yMcMESJqKnx8caECGTeSPPPLDnNZ1A=","other carabid","CARSP14","Carabidae sp.","family",,"Latreille",,1,"Other",,"wYCqaZcA+7slXlj5N/mM6vobrh4QDptp","individualCount estimated based on number of pinning records|"
"81e30d18-c9a3-4a9a-a1f1-d51222905268","SCBI_007.basePlot.bet","D02","SCBI","SCBI_007","S","2014-06-10","2014-06-24","2014-06-25","2014-06-26","2014-06-26","SCBI_007.S.20140624","tckDqTjQv3ht+yMcMESJqDKDBmr1G95kXEdXUFFfkxM=","carabid","CHLAES","Chlaenius aestivus","species",,"Say",,6,"Bousquet, Y. 2010b. Illustrated Identification Guide to Adults and Larvae of Northeastern North American Ground Beetles (Coleoptera: Carabidae). 1st Ed. Pensoft Publishers, Sofia, Bulgaria.","wYCqaZcA+7slXlj5N/mM6vobrh4QDptp","wYCqaZcA+7slXlj5N/mM6vobrh4QDptp",
"d528329e-44d8-4af2-82d7-80a1f2364068","SCBI_010.basePlot.bet","D02","SCBI","SCBI_010","S","2014-06-10","2014-06-24","2014-06-25","2014-06-26","2014-06-26","SCBI_010.S.20140624","6yi0mRc5GEIwXF3Bg9dFePL1HtHWhyYer6miBROR/3c=","carabid","CHLAES","Chlaenius aestivus","species",,"Say",,4,"Bousquet, Y. 2010b. Illustrated Identification Guide to Adults and Larvae of Northeastern North American Ground Beetles (Coleoptera: Carabidae). 1st Ed. Pensoft Publishers, Sofia, Bulgaria.","wYCqaZcA+7slXlj5N/mM6vobrh4QDptp","wYCqaZcA+7slXlj5N/mM6vobrh4QDptp",
"ff23b250-31f3-4bcb-9557-20abc6620bcf","SCBI_003.basePlot.bet","D02","SCBI","SCBI_003","S","2014-06-10","2014-06-24","2014-06-25","2014-06-26","2014-06-26","SCBI_003.S.20140624","YQnsugPXdU2MVjVeopviUXC1ofvlpU1pgBbrdm3Ba4Q=","carabid","CHLAES","Chlaenius aestivus","species",,"Say",,7,"Bousquet, Y. 2010b. Illustrated Identification Guide to Adults and Larvae of Northeastern North American Ground Beetles (Coleoptera: Carabidae). 1st Ed. Pensoft Publishers, Sofia, Bulgaria.","wYCqaZcA+7slXlj5N/mM6vobrh4QDptp","wYCqaZcA+7slXlj5N/mM6vobrh4QDptp",
"275f4c83-0155-43e2-b3d1-99379dd91982","SCBI_003.basePlot.bet","D02","SCBI","SCBI_003","S","2014-06-10","2014-06-24","2014-06-25","2014-10-03","2014-10-03","SCBI_003.S.20140624","YQnsugPXdU2MVjVeopviUbvWvlge8V/k5szNnkIC29U=","carabid","CHLEMA","Chlaenius emarginatus","species",,"Say",,2,"Bousquet, Y. 2010b. Illustrated Identification Guide to Adults and Larvae of Northeastern North American Ground Beetles (Coleoptera: Carabidae). 1st Ed. Pensoft Publishers, Sofia, Bulgaria.","wYCqaZcA+7slXlj5N/mM6vobrh4QDptp","wYCqaZcA+7slXlj5N/mM6vobrh4QDptp","All individuals were pinned"
"835f4a74-d628-4c16-bb3f-ea72df2f6b57","SCBI_006.basePlot.bet","D02","SCBI","SCBI_006","S","2014-06-10","2014-06-24","2014-06-25","2014-10-28",,"SCBI_006.S.20140624","2wNT0Wyw28476h2reakuIWVKKs2JfQlU0azFv6l/gyQ=","other carabid","CARSP14","Carabidae sp.","family",,"Latreille",,2,"Other",,"wYCqaZcA+7slXlj5N/mM6vobrh4QDptp","individualCount estimated based on number of pinning records|"
"9a10eb65-bf54-49da-82ac-72f6ad8028be","SCBI_002.basePlot.bet","D02","SCBI","SCBI_002","S","2014-06-10","2014-06-24","2014-06-25","2014-06-26","2014-06-26","SCBI_002.S.20140624","NTl2q/XFbjwvCaRKvVmYITUOmfkbAI+Txq4NzNUyEfg=","carabid","CHLAES","Chlaenius aestivus","species",,"Say",,1,"Bousquet, Y. 2010b. Illustrated Identification Guide to Adults and Larvae of Northeastern North American Ground Beetles (Coleoptera: Carabidae). 1st Ed. Pensoft Publishers, Sofia, Bulgaria.","wYCqaZcA+7slXlj5N/mM6vobrh4QDptp","wYCqaZcA+7slXlj5N/mM6vobrh4QDptp",
"84a30997-e0a1-4af9-8004-97478ec30a84","SCBI_002.basePlot.bet","D02","SCBI","SCBI_002","S","2014-06-10","2014-06-24","2014-06-25","2014-10-06",,"SCBI_002.S.20140624","NTl2q/XFbjwvCaRKvVmYIfuz6hg0H6R5R3pWykdVpbU=","other carabid","CARSP14","Carabidae sp.","family",,"Latreille",,4,"Other",,"wYCqaZcA+7slXlj5N/mM6vobrh4QDptp","individualCount estimated based on number of pinning records|"
"89001e06-3c9f-4150-9617-e781895ca7ea","SCBI_004.basePlot.bet","D02","SCBI","SCBI_004","N","2014-06-10","2014-06-24","2014-06-25","2014-06-26",,"SCBI_004.N.20140624","ZCodyo9yj60CqlmQk23Xsuek2Lqt/Tj9/VS11ceCuxA=","invert bycatch",,,,,,,,,,"wYCqaZcA+7slXlj5N/mM6vobrh4QDptp",
"40276217-0aa7-49a9-8cbb-5b53f52de412","SCBI_004.basePlot.bet","D02","SCBI","SCBI_004","N","2014-06-10","2014-06-24","2014-06-25","2014-10-14",,"SCBI_004.N.20140624","ZCodyo9yj60CqlmQk23XsmCDl1Rr7MXEd72d/75scuE=","other carabid","CARSP14","Carabidae sp.","family",,"Latreille",,1,"Other",,"wYCqaZcA+7slXlj5N/mM6vobrh4QDptp","individualCount estimated based on number of pinning records|"
"eb39d145-1a8e-45dd-88af-6d7b8f722575","SCBI_003.basePlot.bet","D02","SCBI","SCBI_003","N","2014-06-10","2014-06-24","2014-06-25","2014-06-26",,"SCBI_003.N.20140624","YQnsugPXdU3eZrJrIYzDu4t27uU6lMWOn0Nh+flmBSs=","invert bycatch",,,,,,,,,,"wYCqaZcA+7slXlj5N/mM6vobrh4QDptp",
"a5c0177a-09a5-4cba-b927-23ff3583dfac","SCBI_007.basePlot.bet","D02","SCBI","SCBI_007","N","2014-06-10","2014-06-24","2014-06-25","2014-06-26",,"SCBI_007.N.20140624","tckDqTjQv3gWJZlZlxCXXGfAtN330CfcE1Lsck+P6nk=","invert bycatch",,,,,,,,,,"wYCqaZcA+7slXlj5N/mM6vobrh4QDptp",
"61deb6a2-3810-4fad-b5c9-55375059068e","SCBI_010.basePlot.bet","D02","SCBI","SCBI_010","N","2014-06-10","2014-06-24","2014-06-25","2014-06-26",,"SCBI_010.N.20140624","6yi0mRc5GEJ//BHNwbzwpD36gEavTT1LMkqd8Y7X0Vc=","invert bycatch",,,,,,,,,,"wYCqaZcA+7slXlj5N/mM6vobrh4QDptp",
"c203f300-2d5d-4502-9b76-b9a2450927bf","SCBI_010.basePlot.bet","D02","SCBI","SCBI_010","N","2014-06-10","2014-06-24","2014-06-25","2014-06-26","2014-06-26","SCBI_010.N.20140624","6yi0mRc5GEJ//BHNwbzwpBxWhPZuYI117nYMbCpSoAs=","carabid","CHLAES","Chlaenius aestivus","species",,"Say",,16,"Bousquet, Y. 2010b. Illustrated Identification Guide to Adults and Larvae of Northeastern North American Ground Beetles (Coleoptera: Carabidae). 1st Ed. Pensoft Publishers, Sofia, Bulgaria.","wYCqaZcA+7slXlj5N/mM6vobrh4QDptp","wYCqaZcA+7slXlj5N/mM6vobrh4QDptp",
"9d8ce4b2-7acf-4ed2-b3bc-8bff52ebac85","SCBI_010.basePlot.bet","D02","SCBI","SCBI_010","N","2014-06-10","2014-06-24","2014-06-25","2014-06-26",,"SCBI_010.N.20140624","6yi0mRc5GEJ//BHNwbzwpD36gEavTT1L80nH+8Zx1BA=","invert bycatch",,,,,,,,,,"wYCqaZcA+7slXlj5N/mM6vobrh4QDptp",
"ca801281-a5c6-457b-be4b-7050f3c125cb","SCBI_007.basePlot.bet","D02","SCBI","SCBI_007","N","2014-06-10","2014-06-24","2014-06-25","2014-06-26",,"SCBI_007.N.20140624","tckDqTjQv3gWJZlZlxCXXGfAtN330Cfcht0l6bWjtEA=","invert bycatch",,,,,,,,,,"wYCqaZcA+7slXlj5N/mM6vobrh4QDptp",
"82f04bc5-487e-4c8f-b9d8-b5282f565f5b","SCBI_002.basePlot.bet","D02","SCBI","SCBI_002","N","2014-06-10","2014-06-24","2014-06-25","2014-06-26",,"SCBI_002.N.20140624","NTl2q/XFbjwBj1m98HivgSetB5AO2jegZxSyYEZtk4A=","invert bycatch",,,,,,,,,,"wYCqaZcA+7slXlj5N/mM6vobrh4QDptp",
"d4e7ed64-2779-42c1-8e55-1bc8df223665","SCBI_002.basePlot.bet","D02","SCBI","SCBI_002","N","2014-06-10","2014-06-24","2014-06-25","2014-06-26","2014-06-26","SCBI_002.N.20140624","NTl2q/XFbjwBj1m98HivgdFfcEuF1zUk7eiL5iDLfJ4=","carabid","CHLAES","Chlaenius aestivus","species",,"Say",,14,"Bousquet, Y. 2010b. Illustrated Identification Guide to Adults and Larvae of Northeastern North American Ground Beetles (Coleoptera: Carabidae). 1st Ed. Pensoft Publishers, Sofia, Bulgaria.","wYCqaZcA+7slXlj5N/mM6vobrh4QDptp","wYCqaZcA+7slXlj5N/mM6vobrh4QDptp",
"b9e6e8ca-e06f-4b80-ba72-46933939e712","SCBI_006.basePlot.bet","D02","SCBI","SCBI_006","N","2014-06-10","2014-06-24","2014-06-25","2014-06-26",,"SCBI_006.N.20140624","2wNT0Wyw284waACx1z/aQ34715Q5BDCxqzBb2++s4Bg=","invert bycatch",,,,,,,,,,"wYCqaZcA+7slXlj5N/mM6vobrh4QDptp",
"d3e2606f-3e35-44bb-9647-6a0bea9ac77a","SCBI_007.basePlot.bet","D02","SCBI","SCBI_007","E","2014-06-10","2014-06-24","2014-06-25","2014-06-26","2014-06-26","SCBI_007.E.20140624","tckDqTjQv3jwz+LaQz2w4n8876mM0QYDRkk3RbHN03Q=","carabid","CHLAES","Chlaenius aestivus","species",,"Say",,5,"Bousquet, Y. 2010b. Illustrated Identification Guide to Adults and Larvae of Northeastern North American Ground Beetles (Coleoptera: Carabidae). 1st Ed. Pensoft Publishers, Sofia, Bulgaria.","wYCqaZcA+7slXlj5N/mM6vobrh4QDptp","wYCqaZcA+7slXlj5N/mM6vobrh4QDptp",
"539205f9-0ef7-4e7a-8636-ea4deeb49c7d","SCBI_007.basePlot.bet","D02","SCBI","SCBI_007","E","2014-06-10","2014-06-24","2014-06-25","2014-10-03","2014-10-03","SCBI_007.E.20140624","tckDqTjQv3jwz+LaQz2w4pULz1BW5vCHIkaYiJyRBsE=","carabid","CHLEMA","Chlaenius emarginatus","species",,"Say",,2,"Bousquet, Y. 2010b. Illustrated Identification Guide to Adults and Larvae of Northeastern North American Ground Beetles (Coleoptera: Carabidae). 1st Ed. Pensoft Publishers, Sofia, Bulgaria.","wYCqaZcA+7slXlj5N/mM6vobrh4QDptp","wYCqaZcA+7slXlj5N/mM6vobrh4QDptp","All individuals were pinned"
"24a3c651-de3b-42f4-8a39-a0c58a2ea2ae","SCBI_003.basePlot.bet","D02","SCBI","SCBI_003","E","2014-06-10","2014-06-24","2014-06-25","2014-10-16",,"SCBI_003.E.20140624","YQnsugPXdU1RTLHuLOG+EnSuKlQiZJ5tr2oVzOhXcg4=","other carabid","CARSP14","Carabidae sp.","family",,"Latreille",,1,"Other",,"wYCqaZcA+7slXlj5N/mM6vobrh4QDptp","individualCount estimated based on number of pinning records|"
"5bc7e696-444a-4e85-a9d1-3ecb86722032","SCBI_003.basePlot.bet","D02","SCBI","SCBI_003","E","2014-06-10","2014-06-24","2014-06-25","2014-06-26","2014-06-26","SCBI_003.E.20140624","YQnsugPXdU1RTLHuLOG+Eva8VGVzrBvxJbbAJEFJaMQ=","carabid","CHLAES","Chlaenius aestivus","species",,"Say",,4,"Bousquet, Y. 2010b. Illustrated Identification Guide to Adults and Larvae of Northeastern North American Ground Beetles (Coleoptera: Carabidae). 1st Ed. Pensoft Publishers, Sofia, Bulgaria.","wYCqaZcA+7slXlj5N/mM6vobrh4QDptp","wYCqaZcA+7slXlj5N/mM6vobrh4QDptp",
"ac39e10d-b86f-4c11-b2ed-f47725d3a358","SCBI_010.basePlot.bet","D02","SCBI","SCBI_010","E","2014-06-10","2014-06-24","2014-06-25","2014-10-15",,"SCBI_010.E.20140624","6yi0mRc5GEJWjW8VoLZ4XAr//AtC7nibblanDPqSNeY=","other carabid","CARSP14","Carabidae sp.","family",,"Latreille",,4,"Other",,"wYCqaZcA+7slXlj5N/mM6vobrh4QDptp","individualCount estimated based on number of pinning records|"
"373993fb-467d-4dc6-8fa8-6cf13876c65f","SCBI_010.basePlot.bet","D02","SCBI","SCBI_010","E","2014-06-10","2014-06-24","2014-06-25","2014-06-26","2014-06-26","SCBI_010.E.20140624","6yi0mRc5GEJWjW8VoLZ4XKRbTYsqee6RMbjnXBTNesk=","carabid","CHLAES","Chlaenius aestivus","species",,"Say",,7,"Bousquet, Y. 2010b. Illustrated Identification Guide to Adults and Larvae of Northeastern North American Ground Beetles (Coleoptera: Carabidae). 1st Ed. Pensoft Publishers, Sofia, Bulgaria.","wYCqaZcA+7slXlj5N/mM6vobrh4QDptp","wYCqaZcA+7slXlj5N/mM6vobrh4QDptp",
"77ff2590-94fc-4d5a-9478-b9c059202d8b","SCBI_006.basePlot.bet","D02","SCBI","SCBI_006","E","2014-06-10","2014-06-24","2014-06-25","2014-10-07",,"SCBI_006.E.20140624","2wNT0Wyw286cgYMRBHjt8gn3dxdbeaHn2OL+LsyELYc=","other carabid","CARSP14","Carabidae sp.","family",,"Latreille",,3,"Other",,"wYCqaZcA+7slXlj5N/mM6vobrh4QDptp","individualCount estimated based on number of pinning records|"
"ed25d190-3d91-45bf-8528-fe32703116f8","SCBI_002.basePlot.bet","D02","SCBI","SCBI_002","E","2014-06-10","2014-06-24","2014-06-25","2014-10-13",,"SCBI_002.E.20140624","NTl2q/XFbjy2PSNgJwb82DFML/dmCKrW/E+7XNKVhSM=","other carabid","CARSP14","Carabidae sp.","family",,"Latreille",,1,"Other",,"wYCqaZcA+7slXlj5N/mM6vobrh4QDptp","individualCount estimated based on number of pinning records|"
"da712c6e-efff-4fd4-9803-f9f11a8612e6","SCBI_004.basePlot.bet","D02","SCBI","SCBI_004","E","2014-06-10","2014-06-24","2014-06-25","2014-10-03","2014-10-03","SCBI_004.E.20140624","ZCodyo9yj63YPdmzKvU3g/5g6+l6btGY0viAEUV7MC0=","carabid","CHLAES","Chlaenius aestivus","species",,"Say",,3,"Bousquet, Y. 2010b. Illustrated Identification Guide to Adults and Larvae of Northeastern North American Ground Beetles (Coleoptera: Carabidae). 1st Ed. Pensoft Publishers, Sofia, Bulgaria.","wYCqaZcA+7slXlj5N/mM6vobrh4QDptp","wYCqaZcA+7slXlj5N/mM6vobrh4QDptp","These beetles are pinned"
"75e6b40d-fa4c-461d-ad67-4172deac3295","SCBI_004.basePlot.bet","D02","SCBI","SCBI_004","E","2014-06-10","2014-06-24","2014-06-25","2014-10-28","2014-10-28","SCBI_004.E.20140624","ZCodyo9yj63YPdmzKvU3g1B4wiALKIGxqZaZuYTWz+U=","carabid","CHLEMA","Chlaenius emarginatus","species",,"Say",,1,"Bousquet, Y. 2010b. Illustrated Identification Guide to Adults and Larvae of Northeastern North American Ground Beetles (Coleoptera: Carabidae). 1st Ed. Pensoft Publishers, Sofia, Bulgaria.","wYCqaZcA+7slXlj5N/mM6vobrh4QDptp","wYCqaZcA+7slXlj5N/mM6vobrh4QDptp","This beetle was pinned"
"b75c6fa8-d7a1-434e-99fb-680c34db3af5","SCBI_006.basePlot.bet","D02","SCBI","SCBI_006","N","2014-06-10","2014-06-24","2014-06-25","2014-06-26",,"SCBI_006.N.20140624","2wNT0Wyw284waACx1z/aQ34715Q5BDCxKUMcynLKA8M=","invert bycatch",,,,,,,,,,"wYCqaZcA+7slXlj5N/mM6vobrh4QDptp",
"914f18c2-bacd-4dbf-93ac-9bd73f3cd7ff","SCBI_006.basePlot.bet","D02","SCBI","SCBI_006","N","2014-06-10","2014-06-24","2014-06-25","2014-10-28",,"SCBI_006.N.20140624","2wNT0Wyw284waACx1z/aQ9HI5o8lSWhUXhwjk8NXNZQ=","other carabid","CARSP14","Carabidae sp.","family",,"Latreille",,1,"Other",,"wYCqaZcA+7slXlj5N/mM6vobrh4QDptp","individualCount estimated based on number of pinning records|"
"9eae263a-68d8-4ccb-ad99-7bf196266222","SCBI_005.basePlot.bet","D02","SCBI","SCBI_005","W","2014-06-11","2014-06-24","2014-06-25","2014-10-03","2014-10-03","SCBI_005.W.20140624","2MbaqPQFAm6EeE4QHSABK9etfbwQLnMbeZ2W/lvugIU=","carabid","CHLAES","Chlaenius aestivus","species",,"Say",,1,"Bousquet, Y. 2010b. Illustrated Identification Guide to Adults and Larvae of Northeastern North American Ground Beetles (Coleoptera: Carabidae). 1st Ed. Pensoft Publishers, Sofia, Bulgaria.","wYCqaZcA+7slXlj5N/mM6vobrh4QDptp","wYCqaZcA+7slXlj5N/mM6vobrh4QDptp","This beetle was pinned"
"f42822c3-4fd9-4ce9-8dde-d1bf50a55df9","SCBI_008.basePlot.bet","D02","SCBI","SCBI_008","E","2014-06-11","2014-06-24","2014-06-25","2014-10-17",,"SCBI_008.E.20140624","BDl2KAs5Zr1M488GlYvMviee3AH32NYiVPABIe/WwVg=","other carabid","CARSP14","Carabidae sp.","family",,"Latreille",,2,"Other",,"wYCqaZcA+7slXlj5N/mM6vobrh4QDptp","individualCount estimated based on number of pinning records|"
"fea745ee-05e4-4b22-8348-3ae8710ebe0c","SCBI_008.basePlot.bet","D02","SCBI","SCBI_008","W","2014-06-11","2014-06-24","2014-06-25","2014-06-26","2014-06-26","SCBI_008.W.20140624","BDl2KAs5Zr3w9VFLUe9cUw1C1LOUPUsgcBCgTIwq6Wk=","carabid","CHLAES","Chlaenius aestivus","species",,"Say",,4,"Bousquet, Y. 2010b. Illustrated Identification Guide to Adults and Larvae of Northeastern North American Ground Beetles (Coleoptera: Carabidae). 1st Ed. Pensoft Publishers, Sofia, Bulgaria.","wYCqaZcA+7slXlj5N/mM6vobrh4QDptp","wYCqaZcA+7slXlj5N/mM6vobrh4QDptp",
"9b37ca84-1405-4374-93ab-b1c8e09491f1","SCBI_008.basePlot.bet","D02","SCBI","SCBI_008","W","2014-06-11","2014-06-24","2014-06-25","2014-10-03","2014-10-03","SCBI_008.W.20140624","BDl2KAs5Zr3w9VFLUe9cU5rY0MLeNkmff6HV0AVLoI4=","carabid","CHLEMA","Chlaenius emarginatus","species",,"Say",,7,"Bousquet, Y. 2010b. Illustrated Identification Guide to Adults and Larvae of Northeastern North American Ground Beetles (Coleoptera: Carabidae). 1st Ed. Pensoft Publishers, Sofia, Bulgaria.","wYCqaZcA+7slXlj5N/mM6vobrh4QDptp","wYCqaZcA+7slXlj5N/mM6vobrh4QDptp","All individuals were pinned"
"13efaca3-a28c-45e8-afb2-07c7aa8b4f85","SCBI_012.basePlot.bet","D02","SCBI","SCBI_012","W","2014-06-11","2014-06-24","2014-06-25","2014-10-28",,"SCBI_012.W.20140624","XK58HfsRWvf9hkk6kOmALBcaOECW24/Ra6OUfSGd+YQ=","other carabid","CARSP14","Carabidae sp.","family",,"Latreille",,1,"Other",,"wYCqaZcA+7slXlj5N/mM6vobrh4QDptp","individualCount estimated based on number of pinning records|"
"9a084c15-c641-4177-af7f-a7cf278bb245","SCBI_008.basePlot.bet","D02","SCBI","SCBI_008","S","2014-06-11","2014-06-24","2014-06-25","2014-10-07",,"SCBI_008.S.20140624","BDl2KAs5Zr2o35bLIvWQ+JSu+M8nx+efTGmW42euVWM=","other carabid","CARSP14","Carabidae sp.","family",,"Latreille",,1,"Other",,"wYCqaZcA+7slXlj5N/mM6vobrh4QDptp","individualCount estimated based on number of pinning records|"
"dc22a3f0-6dfa-4560-98d1-6f1e1093a270","SCBI_008.basePlot.bet","D02","SCBI","SCBI_008","S","2014-06-11","2014-06-24","2014-06-25","2014-10-03","2014-10-03","SCBI_008.S.20140624","BDl2KAs5Zr2o35bLIvWQ+DgVjJ41eqgL2qy+Rs3fu8U=","carabid","CHLEMA","Chlaenius emarginatus","species",,"Say",,5,"Bousquet, Y. 2010b. Illustrated Identification Guide to Adults and Larvae of Northeastern North American Ground Beetles (Coleoptera: Carabidae). 1st Ed. Pensoft Publishers, Sofia, Bulgaria.","wYCqaZcA+7slXlj5N/mM6vobrh4QDptp","wYCqaZcA+7slXlj5N/mM6vobrh4QDptp","All individuals were pinned"
"7cae6de1-48f0-4967-b4da-ee09fc1efea2","SCBI_008.basePlot.bet","D02","SCBI","SCBI_008","S","2014-06-11","2014-06-24","2014-06-25","2014-06-26","2014-06-26","SCBI_008.S.20140624","BDl2KAs5Zr2o35bLIvWQ+GWCW0b/UB/5DepXCgoqRXY=","carabid","CHLAES","Chlaenius aestivus","species",,"Say",,2,"Bousquet, Y. 2010b. Illustrated Identification Guide to Adults and Larvae of Northeastern North American Ground Beetles (Coleoptera: Carabidae). 1st Ed. Pensoft Publishers, Sofia, Bulgaria.","wYCqaZcA+7slXlj5N/mM6vobrh4QDptp","wYCqaZcA+7slXlj5N/mM6vobrh4QDptp",
"f1435c17-30cb-477f-ad37-833838d3c023","SCBI_012.basePlot.bet","D02","SCBI","SCBI_012","S","2014-06-11","2014-06-24","2014-06-25","2014-10-28",,"SCBI_012.S.20140624","XK58HfsRWvdOKWEOOitEkd40FuAbY373StvFuCqNyk4=","other carabid","CARSP14","Carabidae sp.","family",,"Latreille",,1,"Other",,"wYCqaZcA+7slXlj5N/mM6vobrh4QDptp","individualCount estimated based on number of pinning records|"
"6a9db82c-57e4-4005-9297-89a4b13829ac","SCBI_005.basePlot.bet","D02","SCBI","SCBI_005","N","2014-06-11","2014-06-24","2014-06-25","2014-10-03","2014-10-03","SCBI_005.N.20140624","2MbaqPQFAm6CxXiC3twOiqqniwHxV3poPbac6Awqy5E=","carabid","CHLAES","Chlaenius aestivus","species",,"Say",,2,"Bousquet, Y. 2010b. Illustrated Identification Guide to Adults and Larvae of Northeastern North American Ground Beetles (Coleoptera: Carabidae). 1st Ed. Pensoft Publishers, Sofia, Bulgaria.","wYCqaZcA+7slXlj5N/mM6vobrh4QDptp","wYCqaZcA+7slXlj5N/mM6vobrh4QDptp","These beetles were pinned"
"a23d24e2-cc9c-43a6-8dec-1e50979b9a79","SCBI_005.basePlot.bet","D02","SCBI","SCBI_005","N","2014-06-11","2014-06-24","2014-06-25","2014-10-07",,"SCBI_005.N.20140624","2MbaqPQFAm6CxXiC3twOilKPf9cLyOlsjmjh5LyH2B8=","other carabid","CARSP14","Carabidae sp.","family",,"Latreille",,1,"Other",,"wYCqaZcA+7slXlj5N/mM6vobrh4QDptp","individualCount estimated based on number of pinning records|"
"0ff22584-85a9-4ea1-8599-459d36166050","SCBI_005.basePlot.bet","D02","SCBI","SCBI_005","N","2014-06-11","2014-06-24","2014-06-25","2014-06-26",,"SCBI_005.N.20140624","2MbaqPQFAm6CxXiC3twOiqUSMMF4UI+rZgsCLj4/c08=","invert bycatch",,,,,,,,,,"wYCqaZcA+7slXlj5N/mM6vobrh4QDptp",
"89f23e09-299b-4ba9-9820-255ea7b21ac8","SCBI_008.basePlot.bet","D02","SCBI","SCBI_008","N","2014-06-11","2014-06-24","2014-06-25","2014-06-26",,"SCBI_008.N.20140624","BDl2KAs5Zr0yjztorxos+dQDeS5F5JAZtzdxGo37fL4=","invert bycatch",,,,,,,,,,"wYCqaZcA+7slXlj5N/mM6vobrh4QDptp",
"f9402138-c418-4373-9997-41515a9338bb","SCBI_008.basePlot.bet","D02","SCBI","SCBI_008","N","2014-06-11","2014-06-24","2014-06-25","2014-10-03","2014-10-03","SCBI_008.N.20140624","BDl2KAs5Zr0yjztorxos+YZF8fYRVDVNoWViv7UKtcA=","carabid","CHLEMA","Chlaenius emarginatus","species",,"Say",,2,"Bousquet, Y. 2010b. Illustrated Identification Guide to Adults and Larvae of Northeastern North American Ground Beetles (Coleoptera: Carabidae). 1st Ed. Pensoft Publishers, Sofia, Bulgaria.","wYCqaZcA+7slXlj5N/mM6vobrh4QDptp","wYCqaZcA+7slXlj5N/mM6vobrh4QDptp","All individuals were pinned"
"13b86564-d942-4570-9054-73f9cefe7824","SCBI_008.basePlot.bet","D02","SCBI","SCBI_008","N","2014-06-11","2014-06-24","2014-06-25","2014-06-26","2014-06-26","SCBI_008.N.20140624","BDl2KAs5Zr0yjztorxos+WGOY0RmLFGX/wDGb1Hrcis=","carabid","CHLAES","Chlaenius aestivus","species",,"Say",,10,"Bousquet, Y. 2010b. Illustrated Identification Guide to Adults and Larvae of Northeastern North American Ground Beetles (Coleoptera: Carabidae). 1st Ed. Pensoft Publishers, Sofia, Bulgaria.","wYCqaZcA+7slXlj5N/mM6vobrh4QDptp","wYCqaZcA+7slXlj5N/mM6vobrh4QDptp",
"95717896-0882-417f-9e9c-75f2fd9a7b85","SCBI_012.basePlot.bet","D02","SCBI","SCBI_012","N","2014-06-11","2014-06-24","2014-06-25","2014-10-07",,"SCBI_012.N.20140624","XK58HfsRWvd23jecF6/xe8uHFuggzNEMAlO6o8gfwz0=","other carabid","CARSP14","Carabidae sp.","family",,"Latreille",,1,"Other",,"wYCqaZcA+7slXlj5N/mM6vobrh4QDptp","individualCount estimated based on number of pinning records|"
"4bf371bd-ebc4-42ee-b8bd-be814df7f4a3","SCBI_033.basePlot.bet","D02","SCBI","SCBI_033","N","2014-06-11","2014-06-24","2014-06-25","2014-06-25",,"SCBI_033.N.20140624","4ZBK4Rjlf9l2vthmVJFw4gx1Adfy+CixOcrFhzFqIeM=","invert bycatch",,,,,,,,,,"wYCqaZcA+7slXlj5N/mM6vobrh4QDptp",
"ba2ad6e1-6152-47c2-8d71-40aae2ec8339","SCBI_033.basePlot.bet","D02","SCBI","SCBI_033","N","2014-06-11","2014-06-24","2014-06-25","2014-10-28",,"SCBI_033.N.20140624","4ZBK4Rjlf9l2vthmVJFw4sCWSEb13cyir9qYNTBDXhs=","other carabid","CARSP14","Carabidae sp.","family",,"Latreille",,1,"Other",,"wYCqaZcA+7slXlj5N/mM6vobrh4QDptp","individualCount estimated based on number of pinning records|"
"5dd1d36c-c81f-4bd3-b744-f91defa88e32","SCBI_033.basePlot.bet","D02","SCBI","SCBI_033","N","2014-06-11","2014-06-24","2014-06-25","2014-06-26",,"SCBI_033.N.20140624","4ZBK4Rjlf9l2vthmVJFw4gx1Adfy+CixaAq4FK3Pkqk=","invert bycatch",,,,,,,,,,"wYCqaZcA+7slXlj5N/mM6vobrh4QDptp",
"0c29d95c-1f38-4fc7-9727-75038c2cfea6","SCBI_012.basePlot.bet","D02","SCBI","SCBI_012","N","2014-06-11","2014-06-24","2014-06-25","2014-06-26",,"SCBI_012.N.20140624","XK58HfsRWvd23jecF6/xewZLpdDYM/UMP31nNUwxFzY=","invert bycatch",,,,,,,,,,"wYCqaZcA+7slXlj5N/mM6vobrh4QDptp",
"e23ef3c6-ac22-43ae-a621-a69afa480c29","SCBI_033.basePlot.bet","D02","SCBI","SCBI_033","E","2014-06-11","2014-06-24","2014-06-25","2014-06-26","2014-06-26","SCBI_033.E.20140624","4ZBK4Rjlf9nEAOwldSJSkh6hyWRzzswXMdlXMEh2qGI=","carabid","CHLAES","Chlaenius aestivus","species",,"Say",,1,"Bousquet, Y. 2010b. Illustrated Identification Guide to Adults and Larvae of Northeastern North American Ground Beetles (Coleoptera: Carabidae). 1st Ed. Pensoft Publishers, Sofia, Bulgaria.","wYCqaZcA+7slXlj5N/mM6vobrh4QDptp","wYCqaZcA+7slXlj5N/mM6vobrh4QDptp",
"3736c540-f3ed-4eea-82af-2218df380612","SCBI_033.basePlot.bet","D02","SCBI","SCBI_033","E","2014-06-11","2014-06-24","2014-06-25","2014-10-17",,"SCBI_033.E.20140624","4ZBK4Rjlf9nEAOwldSJSkrxA1dVyMJgpHPLjueCbT0w=","other carabid","CARSP14","Carabidae sp.","family",,"Latreille",,1,"Other",,"wYCqaZcA+7slXlj5N/mM6vobrh4QDptp","individualCount estimated based on number of pinning records|"
"0edd0e4c-0d28-49a5-89f2-511f860bdd9f","SCBI_008.basePlot.bet","D02","SCBI","SCBI_008","E","2014-06-11","2014-06-24","2014-06-25","2014-06-26","2014-06-26","SCBI_008.E.20140624","BDl2KAs5Zr1M488GlYvMvguqa4q4W7aoehrm6xQ1LSE=","carabid","CHLAES","Chlaenius aestivus","species",,"Say",,3,"Bousquet, Y. 2010b. Illustrated Identification Guide to Adults and Larvae of Northeastern North American Ground Beetles (Coleoptera: Carabidae). 1st Ed. Pensoft Publishers, Sofia, Bulgaria.","wYCqaZcA+7slXlj5N/mM6vobrh4QDptp","wYCqaZcA+7slXlj5N/mM6vobrh4QDptp",
"745e4289-8bc5-4717-8b54-71b2263f0ded","SCBI_008.basePlot.bet","D02","SCBI","SCBI_008","W","2014-06-11","2014-06-24","2014-06-25","2014-10-07",,"SCBI_008.W.20140624","BDl2KAs5Zr3w9VFLUe9cU5B29zUfKdLW0jqjq1Yi7Fk=","other carabid","CARSP14","Carabidae sp.","family",,"Latreille",,1,"Other",,"wYCqaZcA+7slXlj5N/mM6vobrh4QDptp","individualCount estimated based on number of pinning records|"
