uid,namedLocation,domainID,siteID,plotID,trapID,setDate,collectDate,processingDate,etOHChangeDate,identifiedDate,sampleID,subsampleID,sampleType,taxonID,scientificName,taxonRank,identificationQualifier,scientificNameAuthorship,morphospeciesID,individualCount,identificationReferences,identifiedBy,recordedBy,remarks
"4359cec7-424c-43a5-bf44-b8cbd67ddd86","WOOD_003.basePlot.bet","D09","WOOD","WOOD_003","N","2015-07-22","2015-08-05","2015-08-06","2015-10-28","2016-01-21","WOOD_003.N.20150805","gVhx7bcr2vMPQlmoe6P0O4i9W+hHY2JDCJcVQEfGNCE=","carabid","CYMNEG","Cymindis neglecta","species",,"Haldeman",,4,"Lindroth, C. H. 1969. The ground-beetles (Carabidae, excl. Cicindelinae) of Canada and Alaska, parts 1-6. Opuscula E. Entomoligiska Sallskapet.","4oCBvlQIQ4DhSH30J22+0bs0GAacIQwk","49AT3csB7SNH9c2JnAOTHYMNXNZpKUYr",
"d35568c6-e729-4059-bbe5-048b58d46456","WOOD_003.basePlot.bet","D09","WOOD","WOOD_003","N","2015-07-22","2015-08-05","2015-08-06","2015-10-28","2016-01-14","WOOD_003.N.20150805","gVhx7bcr2vMPQlmoe6P0O/XaGtEopWB5dLMaha0++Y4=","carabid","AMACUP","Amara cupreolata","species","cf. species","Putzeys",,1,"Lindroth, C. H. 1969. The ground-beetles (Carabidae, excl. Cicindelinae) of Canada and Alaska, parts 1-6. Opuscula E. Entomoligiska Sallskapet.","4oCBvlQIQ4DhSH30J22+0bs0GAacIQwk","49AT3csB7SNH9c2JnAOTHYMNXNZpKUYr","palpae and legs and antennae not as pale| pronotum strongly convex and has little sculpture| 3 basal segments of antennae plus part of 4 paler"
"07d6d1fa-6553-44c3-b6db-bff39c5012d7","WOOD_003.basePlot.bet","D09","WOOD","WOOD_003","N","2015-07-22","2015-08-05","2015-08-06","2015-10-28","2016-01-20","WOOD_003.N.20150805","gVhx7bcr2vMPQlmoe6P0OxStzy8wU/3BaY1Pfr6EfOw=","carabid","AGOCUP1","Agonum cupreum","species",,"Dejean",,8,"Lindroth, C. H. 1969. The ground-beetles (Carabidae, excl. Cicindelinae) of Canada and Alaska, parts 1-6. Opuscula E. Entomoligiska Sallskapet.","4oCBvlQIQ4DhSH30J22+0bs0GAacIQwk","49AT3csB7SNH9c2JnAOTHYMNXNZpKUYr",
"91ba4463-6350-42b1-9634-f6a1cfdebef3","WOOD_024.basePlot.bet","D09","WOOD","WOOD_024","N","2015-07-22","2015-08-05","2015-08-06","2015-10-26","2016-01-06","WOOD_024.N.20150805","rKE54NR9lxREHzj3B6VcLZUxBU6nxalAmyVYXogOE/E=","carabid","HARSOM","Harpalus somnulentus","species","cf. species","Dejean",,1,"Lindroth, C. H. 1969. The ground-beetles (Carabidae, excl. Cicindelinae) of Canada and Alaska, parts 1-6. Opuscula E. Entomoligiska Sallskapet.","4oCBvlQIQ4DhSH30J22+0bs0GAacIQwk","49AT3csB7SNH9c2JnAOTHYMNXNZpKUYr",
"0478d42e-fbe1-4dd8-af1b-d74abb839365","WOOD_003.basePlot.bet","D09","WOOD","WOOD_003","N","2015-07-22","2015-08-05","2015-08-06","2015-10-28","2016-01-20","WOOD_003.N.20150805","gVhx7bcr2vMPQlmoe6P0O3RJPk2IOecUpVORUyKUAHQ=","carabid","HARSOM","Harpalus somnulentus","species","cf. species","Dejean",,4,"Lindroth, C. H. 1969. The ground-beetles (Carabidae, excl. Cicindelinae) of Canada and Alaska, parts 1-6. Opuscula E. Entomoligiska Sallskapet.","4oCBvlQIQ4DhSH30J22+0bs0GAacIQwk","49AT3csB7SNH9c2JnAOTHYMNXNZpKUYr","Lindroth some are H. carbonatus| has a larger shoulder tooth| larger in size| and sometiemes more punctate on prothorax than H. opacipennis| could be H. nigritarsus or H. herbivagus"
"86ed9d83-7d2f-47bb-a993-e3375fdf74aa","WOOD_024.basePlot.bet","D09","WOOD","WOOD_024","N","2015-07-22","2015-08-05","2015-08-06","2015-08-07",,"WOOD_024.N.20150805","rKE54NR9lxREHzj3B6VcLXhLsjvWzSGa+IhlNNvtFYQ=","invert bycatch",,,,,,,,,,"49AT3csB7SNH9c2JnAOTHYMNXNZpKUYr",
"ebe7374f-c5e6-4885-babd-3bafa1b4b03c","WOOD_006.basePlot.bet","D09","WOOD","WOOD_006","N","2015-07-22","2015-08-05","2015-08-06","2015-08-07",,"WOOD_006.N.20150805","WY3Zl9EyMicPkFOmFhW1QrvgyTSKcFunTtnaxeMpNm4=","invert bycatch",,,,,,,,,,"49AT3csB7SNH9c2JnAOTHYMNXNZpKUYr",
"3d737984-7008-4b42-8eb6-14c4121223b0","WOOD_004.basePlot.bet","D09","WOOD","WOOD_004","N","2015-07-22","2015-08-05","2015-08-06","2015-08-07",,"WOOD_004.N.20150805","tVkCk1nh7tHzM8+WdK+C/sG0fkkDP996AMcggJ3kLns=","invert bycatch",,,,,,,,,,"49AT3csB7SNH9c2JnAOTHYMNXNZpKUYr",
"1d861faa-c157-45c8-9a9f-87f72e456342","WOOD_023.basePlot.bet","D09","WOOD","WOOD_023","N","2015-07-22","2015-08-05","2015-08-06","2015-08-07",,"WOOD_023.N.20150805","HkhQBNKo1QAlL2jarEbgAoL+DtAGVnvQaTC5uhmprWA=","invert bycatch",,,,,,,,,,"49AT3csB7SNH9c2JnAOTHYMNXNZpKUYr",
"e69f1cdd-fa64-40f6-876b-37d13671e5ef","WOOD_003.basePlot.bet","D09","WOOD","WOOD_003","N","2015-07-22","2015-08-05","2015-08-06","2015-08-06",,"WOOD_003.N.20150805","gVhx7bcr2vMPQlmoe6P0O7MEPCf9YiYyJOMLDwqhsOc=","invert bycatch",,,,,,,,,,"eE6kvSR3uoy9zdn7o7etq88/xsP7F3Qo",
"27544ded-32a1-4deb-a49d-1fe61826f0c0","WOOD_005.basePlot.bet","D09","WOOD","WOOD_005","N","2015-07-22","2015-08-05","2015-08-06","2015-08-07",,"WOOD_005.N.20150805","Q/pjwyhQ09ycrZ7nsLw/Q4h7ClLL9I7l2knYUBfPZDk=","invert bycatch",,,,,,,,,,"49AT3csB7SNH9c2JnAOTHYMNXNZpKUYr",
"d573579f-160b-418a-a9e1-b3c6b3fa547b","WOOD_007.basePlot.bet","D09","WOOD","WOOD_007","N","2015-07-22","2015-08-05","2015-08-06","2015-08-07",,"WOOD_007.N.20150805","5mkFtj0S+gg8JsQ8+kY2De+UEBtbAJbrDkqZAwdPMtY=","invert bycatch",,,,,,,,,,"49AT3csB7SNH9c2JnAOTHYMNXNZpKUYr",
"aa4192d2-2232-4ef8-9398-f2f112e086c7","WOOD_007.basePlot.bet","D09","WOOD","WOOD_007","N","2015-07-22","2015-08-05","2015-08-06","2015-12-02","2016-01-22","WOOD_007.N.20150805","5mkFtj0S+gg8JsQ8+kY2Df+O5mdDZb4YYf3dbWjIn4M=","carabid","CYMNEG","Cymindis neglecta","species",,"Haldeman",,1,"Lindroth, C. H. 1969. The ground-beetles (Carabidae, excl. Cicindelinae) of Canada and Alaska, parts 1-6. Opuscula E. Entomoligiska Sallskapet.","4oCBvlQIQ4DhSH30J22+0bs0GAacIQwk","a/0SlN26fEtmJ3LLysIxkaRUfZvckIBE",
"b72a77cc-83d9-4cc2-83f3-65dd45f92189","WOOD_002.basePlot.bet","D09","WOOD","WOOD_002","N","2015-07-22","2015-08-05","2015-08-06","2015-08-07",,"WOOD_002.N.20150805","V7nyjIgYGmOq7etLsw3mo5kp0Fvbul7nVTTzrydVD6M=","invert bycatch",,,,,,,,,,"eE6kvSR3uoy9zdn7o7etq88/xsP7F3Qo",
"e16ffbe6-ac22-4f76-9842-b44e20766b72","WOOD_007.basePlot.bet","D09","WOOD","WOOD_007","S","2015-07-22","2015-08-05","2015-08-06","2015-12-02","2016-01-14","WOOD_007.S.20150805","5mkFtj0S+ggRycJyJqYyrQ6T9UyvcyN4rt0oMR592oE=","carabid","HARSOM","Harpalus somnulentus","species","cf. species","Dejean",,1,"Lindroth, C. H. 1969. The ground-beetles (Carabidae, excl. Cicindelinae) of Canada and Alaska, parts 1-6. Opuscula E. Entomoligiska Sallskapet.","4oCBvlQIQ4DhSH30J22+0bs0GAacIQwk","a/0SlN26fEtmJ3LLysIxkaRUfZvckIBE","Lindroth some are H. carbonatus| has a larger shoulder tooth| larger in size| and sometiemes more punctate on prothorax than H. opacipennis| could be H. nigritarsus or H. herbivagus"
"905ca730-d5c7-4bb3-80ac-b8262ddee0e6","WOOD_004.basePlot.bet","D09","WOOD","WOOD_004","S","2015-07-22","2015-08-05","2015-08-06","2015-10-26","2016-01-13","WOOD_004.S.20150805","tVkCk1nh7tEzQiI23vMWyfPH3vLEkqN+VDCxrrsEgnE=","carabid","BEMQUA4","Bembidion quadrimaculatum oppositum","subspecies",,"Say",,1,"Lindroth, C. H. 1969. The ground-beetles (Carabidae, excl. Cicindelinae) of Canada and Alaska, parts 1-6. Opuscula E. Entomoligiska Sallskapet.","4oCBvlQIQ4DhSH30J22+0bs0GAacIQwk","49AT3csB7SNH9c2JnAOTHYMNXNZpKUYr",
"4b35f536-8e56-4d12-b99a-1ee4697524ed","WOOD_003.basePlot.bet","D09","WOOD","WOOD_003","S","2015-07-22","2015-08-05","2015-08-06","2015-10-27","2016-01-20","WOOD_003.S.20150805","gVhx7bcr2vPVxuC4MX3D7TRwRzFMlp/AierhO925dcI=","carabid","AGOCUP1","Agonum cupreum","species",,"Dejean",,1,"Lindroth, C. H. 1969. The ground-beetles (Carabidae, excl. Cicindelinae) of Canada and Alaska, parts 1-6. Opuscula E. Entomoligiska Sallskapet.","4oCBvlQIQ4DhSH30J22+0bs0GAacIQwk","49AT3csB7SNH9c2JnAOTHYMNXNZpKUYr",
"7316cf01-4294-4dd2-bca1-32990d50d875","WOOD_001.basePlot.bet","D09","WOOD","WOOD_001","S","2015-07-22","2015-08-05","2015-08-06","2015-10-27","2016-01-25","WOOD_001.S.20150805","vZVALStcGzechsnwcGltVjMsMT79RYd3difd1HRjQrs=","carabid","PTEMEL","Pterostichus melanarius melanarius","subspecies",,"Illiger",,1,"Lindroth, C. H. 1969. The ground-beetles (Carabidae, excl. Cicindelinae) of Canada and Alaska, parts 1-6. Opuscula E. Entomoligiska Sallskapet.","4oCBvlQIQ4DhSH30J22+0bs0GAacIQwk","49AT3csB7SNH9c2JnAOTHYMNXNZpKUYr",
"cf235ab6-0ed7-496b-9247-9b67a79b18fd","WOOD_002.basePlot.bet","D09","WOOD","WOOD_002","S","2015-07-22","2015-08-05","2015-08-06","2015-10-29","2016-01-21","WOOD_002.S.20150805","V7nyjIgYGmPGW5RkcOYDIEOJrCmoG+Zy3ppFgfcCYxw=","carabid","CYMNEG","Cymindis neglecta","species",,"Haldeman",,1,"Lindroth, C. H. 1969. The ground-beetles (Carabidae, excl. Cicindelinae) of Canada and Alaska, parts 1-6. Opuscula E. Entomoligiska Sallskapet.","4oCBvlQIQ4DhSH30J22+0bs0GAacIQwk","49AT3csB7SNH9c2JnAOTHYMNXNZpKUYr",
"0d8cd5a6-1cd5-4bf3-aaae-8b3cf430b323","WOOD_006.basePlot.bet","D09","WOOD","WOOD_006","S","2015-07-22","2015-08-05","2015-08-06","2015-10-29","2016-01-15","WOOD_006.S.20150805","WY3Zl9EyMieUvlDPxyB+00n4t5wMVIPg2Sgo2Ut/O8I=","carabid","HARSOM","Harpalus somnulentus","species","cf. species","Dejean",,1,"Lindroth, C. H. 1969. The ground-beetles (Carabidae, excl. Cicindelinae) of Canada and Alaska, parts 1-6. Opuscula E. Entomoligiska Sallskapet.","4oCBvlQIQ4DhSH30J22+0bs0GAacIQwk","49AT3csB7SNH9c2JnAOTHYMNXNZpKUYr","Lindroth some are H. carbonatus| has a larger shoulder tooth| larger in size| and sometiemes more punctate on prothorax than H. opacipennis| could be H. nigritarsus or H. herbivagus"
"0afd5ffe-f052-4279-b5a7-837799ebbe64","WOOD_007.basePlot.bet","D09","WOOD","WOOD_007","S","2015-07-22","2015-08-05","2015-08-06","2015-12-02","2016-01-22","WOOD_007.S.20150805","5mkFtj0S+ggRycJyJqYyrXJyEpuUBCkhXBh3xJvjhEI=","carabid","CYMNEG","Cymindis neglecta","species",,"Haldeman",,5,"Lindroth, C. H. 1969. The ground-beetles (Carabidae, excl. Cicindelinae) of Canada and Alaska, parts 1-6. Opuscula E. Entomoligiska Sallskapet.","4oCBvlQIQ4DhSH30J22+0bs0GAacIQwk","a/0SlN26fEtmJ3LLysIxkaRUfZvckIBE",
"1a89ec70-bbdf-417b-9428-efa4c374c71d","WOOD_004.basePlot.bet","D09","WOOD","WOOD_004","S","2015-07-22","2015-08-05","2015-08-06","2015-10-26","2016-01-06","WOOD_004.S.20150805","tVkCk1nh7tEzQiI23vMWyS+D80dLOcfwblt/ZOsertc=","carabid","CYMNEG","Cymindis neglecta","species",,"Haldeman",,1,"Lindroth, C. H. 1969. The ground-beetles (Carabidae, excl. Cicindelinae) of Canada and Alaska, parts 1-6. Opuscula E. Entomoligiska Sallskapet.","4oCBvlQIQ4DhSH30J22+0bs0GAacIQwk","49AT3csB7SNH9c2JnAOTHYMNXNZpKUYr",
"8692d07e-1026-465b-b819-22f7f5ec8c45","WOOD_003.basePlot.bet","D09","WOOD","WOOD_003","S","2015-07-22","2015-08-05","2015-08-06","2015-10-27","2016-01-15","WOOD_003.S.20150805","gVhx7bcr2vPVxuC4MX3D7f0hzLvhm0L9A48eWqQKPAQ=","carabid","HARSOM","Harpalus somnulentus","species","cf. species","Dejean",,1,"Lindroth, C. H. 1969. The ground-beetles (Carabidae, excl. Cicindelinae) of Canada and Alaska, parts 1-6. Opuscula E. Entomoligiska Sallskapet.","4oCBvlQIQ4DhSH30J22+0bs0GAacIQwk","49AT3csB7SNH9c2JnAOTHYMNXNZpKUYr","Lindroth some are H. carbonatus| has a larger shoulder tooth| larger in size| and sometiemes more punctate on prothorax than H. opacipennis| could be H. nigritarsus or H. herbivagus"
"379515b5-66e3-489a-99dc-903b89e5494f","WOOD_002.basePlot.bet","D09","WOOD","WOOD_002","S","2015-07-22","2015-08-05","2015-08-06","2015-10-29","2016-01-25","WOOD_002.S.20150805","V7nyjIgYGmPGW5RkcOYDIJpQn5Mmt0NH/qIhh2Pt44Q=","carabid","PTEMEL","Pterostichus melanarius melanarius","subspecies",,"Illiger",,1,"Lindroth, C. H. 1969. The ground-beetles (Carabidae, excl. Cicindelinae) of Canada and Alaska, parts 1-6. Opuscula E. Entomoligiska Sallskapet.","4oCBvlQIQ4DhSH30J22+0bs0GAacIQwk","49AT3csB7SNH9c2JnAOTHYMNXNZpKUYr",
"8975d94c-94e1-4ce7-be9a-f6edb0140888","WOOD_001.basePlot.bet","D09","WOOD","WOOD_001","S","2015-07-22","2015-08-05","2015-08-06","2015-10-27","2016-01-27","WOOD_001.S.20150805","vZVALStcGzechsnwcGltVpNmIbF6lxJcYUauAkdM4aQ=","carabid","SYNAME","Syntomus americanus","species","cf. species","Dejean",,1,"Lindroth, C. H. 1969. The ground-beetles (Carabidae, excl. Cicindelinae) of Canada and Alaska, parts 1-6. Opuscula E. Entomoligiska Sallskapet.","4oCBvlQIQ4DhSH30J22+0bs0GAacIQwk","49AT3csB7SNH9c2JnAOTHYMNXNZpKUYr",
"9f332435-aca9-43e4-be68-3a6d25a2a136","WOOD_007.basePlot.bet","D09","WOOD","WOOD_007","S","2015-07-22","2015-08-05","2015-08-06","2015-12-02","2016-01-27","WOOD_007.S.20150805","5mkFtj0S+ggRycJyJqYyrVY3YuPtOZlpP7RIZ2ZVCW0=","carabid","SYNAME","Syntomus americanus","species","cf. species","Dejean",,2,"Lindroth, C. H. 1969. The ground-beetles (Carabidae, excl. Cicindelinae) of Canada and Alaska, parts 1-6. Opuscula E. Entomoligiska Sallskapet.","4oCBvlQIQ4DhSH30J22+0bs0GAacIQwk","a/0SlN26fEtmJ3LLysIxkaRUfZvckIBE","Apex of elytra sinuate| elytral striae not well defined| Could be Apristus sp. but pubescence starts on 4th antennal segment and some seem less than 3 mm.| difficult to see if mentum tooth is bifid"
"1fe4734b-2e2b-47b8-aa1a-8ea48f1a3557","WOOD_004.basePlot.bet","D09","WOOD","WOOD_004","S","2015-07-22","2015-08-05","2015-08-06","2015-08-07",,"WOOD_004.S.20150805","tVkCk1nh7tEzQiI23vMWyWdtLSDYeutndAJfd9xU6Eg=","invert bycatch",,,,,,,,,,"49AT3csB7SNH9c2JnAOTHYMNXNZpKUYr",
"7d68520a-6f6b-4396-b6f9-4457df1e7695","WOOD_003.basePlot.bet","D09","WOOD","WOOD_003","S","2015-07-22","2015-08-05","2015-08-06","2015-08-06",,"WOOD_003.S.20150805","gVhx7bcr2vPVxuC4MX3D7docKQl5GFwsAPmSG585SUM=","invert bycatch",,,,,,,,,,"eE6kvSR3uoy9zdn7o7etq88/xsP7F3Qo",
"c21d6c59-e778-4f43-a5c8-6d16f5c488bc","WOOD_005.basePlot.bet","D09","WOOD","WOOD_005","S","2015-07-22","2015-08-05","2015-08-06","2015-08-07",,"WOOD_005.S.20150805","Q/pjwyhQ09z2D0gRdKAm0qJuCyNLkFbTij6A/a0QStc=","invert bycatch",,,,,,,,,,"49AT3csB7SNH9c2JnAOTHYMNXNZpKUYr",
"c3f89786-2d80-4df4-ba7d-190de5b2e83e","WOOD_007.basePlot.bet","D09","WOOD","WOOD_007","S","2015-07-22","2015-08-05","2015-08-06","2015-08-07",,"WOOD_007.S.20150805","5mkFtj0S+ggRycJyJqYyrTbbS0xO6PDgU32kFTFp4bQ=","invert bycatch",,,,,,,,,,"49AT3csB7SNH9c2JnAOTHYMNXNZpKUYr",
"9f57a73e-0944-46ef-a4fc-c311d91607b7","WOOD_002.basePlot.bet","D09","WOOD","WOOD_002","S","2015-07-22","2015-08-05","2015-08-06","2015-08-07",,"WOOD_002.S.20150805","V7nyjIgYGmPGW5RkcOYDIAax3AtKOwrZPYhN6kokGpU=","invert bycatch",,,,,,,,,,"eE6kvSR3uoy9zdn7o7etq88/xsP7F3Qo",
"338808db-0515-4ef6-8fc5-eca1d9d65f91","WOOD_001.basePlot.bet","D09","WOOD","WOOD_001","S","2015-07-22","2015-08-05","2015-08-06","2015-08-07",,"WOOD_001.S.20150805","vZVALStcGzechsnwcGltVp6/1YDnWw/iaT9tA3s02AM=","invert bycatch",,,,,,,,,,"eE6kvSR3uoy9zdn7o7etq88/xsP7F3Qo",
"42c65400-d6f2-4fc8-acae-7977dafc404e","WOOD_006.basePlot.bet","D09","WOOD","WOOD_006","S","2015-07-22","2015-08-05","2015-08-06","2015-08-07",,"WOOD_006.S.20150805","WY3Zl9EyMieUvlDPxyB+06jxR5C3oTgCxfjkJjl/pjw=","invert bycatch",,,,,,,,,,"49AT3csB7SNH9c2JnAOTHYMNXNZpKUYr",
"f1ddd825-88d1-4447-a1eb-581bec4159aa","WOOD_006.basePlot.bet","D09","WOOD","WOOD_006","W","2015-07-22","2015-08-05","2015-08-06","2015-10-29","2016-01-25","WOOD_006.W.20150805","WY3Zl9EyMieRLqe2GmMq7b8y6RJiwIkdV08TIAmh8wA=","carabid","PTEMEL","Pterostichus melanarius melanarius","subspecies",,"Illiger",,1,"Lindroth, C. H. 1969. The ground-beetles (Carabidae, excl. Cicindelinae) of Canada and Alaska, parts 1-6. Opuscula E. Entomoligiska Sallskapet.","4oCBvlQIQ4DhSH30J22+0bs0GAacIQwk","49AT3csB7SNH9c2JnAOTHYMNXNZpKUYr",
"5a6d7eb1-ed72-42b8-895a-4f57d10a9a92","WOOD_005.basePlot.bet","D09","WOOD","WOOD_005","W","2015-07-22","2015-08-05","2015-08-06","2015-12-02","2016-01-13","WOOD_005.W.20150805","Q/pjwyhQ09wS8nTqfpfAX3XbCSR+w00HzJYArt7Atow=","carabid","BEMQUA4","Bembidion quadrimaculatum oppositum","subspecies",,"Say",,1,"Lindroth, C. H. 1969. The ground-beetles (Carabidae, excl. Cicindelinae) of Canada and Alaska, parts 1-6. Opuscula E. Entomoligiska Sallskapet.","4oCBvlQIQ4DhSH30J22+0bs0GAacIQwk","a/0SlN26fEtmJ3LLysIxkaRUfZvckIBE",
"05658eab-3749-4b9e-bcd8-39272273f39d","WOOD_007.basePlot.bet","D09","WOOD","WOOD_007","W","2015-07-22","2015-08-05","2015-08-06","2015-12-02","2016-01-21","WOOD_007.W.20150805","5mkFtj0S+gjhtj3JnHzUKl0p+MV3FjUDrRi1WATV6qE=","carabid","PTEFEM","Pterostichus femoralis","species",,"Kirby",,1,"Lindroth, C. H. 1969. The ground-beetles (Carabidae, excl. Cicindelinae) of Canada and Alaska, parts 1-6. Opuscula E. Entomoligiska Sallskapet.","4oCBvlQIQ4DhSH30J22+0bs0GAacIQwk","a/0SlN26fEtmJ3LLysIxkaRUfZvckIBE",
"f138f33c-933c-498d-9a96-aa55a1e6fac7","WOOD_002.basePlot.bet","D09","WOOD","WOOD_002","W","2015-07-22","2015-08-05","2015-08-06","2015-10-29","2016-01-21","WOOD_002.W.20150805","V7nyjIgYGmM6sIIp+cKQBNiU5amkYta+1VKc29BvKyc=","carabid","CYMNEG","Cymindis neglecta","species",,"Haldeman",,1,"Lindroth, C. H. 1969. The ground-beetles (Carabidae, excl. Cicindelinae) of Canada and Alaska, parts 1-6. Opuscula E. Entomoligiska Sallskapet.","4oCBvlQIQ4DhSH30J22+0bs0GAacIQwk","49AT3csB7SNH9c2JnAOTHYMNXNZpKUYr",
"d5ae69b5-fafa-4a40-aa2e-848b8227636b","WOOD_007.basePlot.bet","D09","WOOD","WOOD_007","W","2015-07-22","2015-08-05","2015-08-06","2015-12-02","2016-01-27","WOOD_007.W.20150805","5mkFtj0S+gjhtj3JnHzUKjH5JZJdrDvwcRWBOzWq6UI=","carabid","SYNAME","Syntomus americanus","species","cf. species","Dejean",,1,"Lindroth, C. H. 1969. The ground-beetles (Carabidae, excl. Cicindelinae) of Canada and Alaska, parts 1-6. Opuscula E. Entomoligiska Sallskapet.","4oCBvlQIQ4DhSH30J22+0bs0GAacIQwk","a/0SlN26fEtmJ3LLysIxkaRUfZvckIBE","Apex of elytra sinuate| elytral striae not well defined| Could be Apristus sp. but pubescence starts on 4th antennal segment and some seem less than 3 mm.| difficult to see if mentum tooth is bifid"
"a0a138ea-3a98-47c3-9d42-71c096c8377f","WOOD_001.basePlot.bet","D09","WOOD","WOOD_001","W","2015-07-22","2015-08-05","2015-08-06","2015-10-27","2016-01-14","WOOD_001.W.20150805","vZVALStcGze4oqiSg8fWauOZn/9s67F+t95hAmE/q2w=","carabid","AMAANG1","Amara angustata","species",,"Say",,1,"Lindroth, C. H. 1969. The ground-beetles (Carabidae, excl. Cicindelinae) of Canada and Alaska, parts 1-6. Opuscula E. Entomoligiska Sallskapet.","4oCBvlQIQ4DhSH30J22+0bs0GAacIQwk","49AT3csB7SNH9c2JnAOTHYMNXNZpKUYr",
"3bebcf7a-4e96-4abc-81b4-7dad63502e4b","WOOD_001.basePlot.bet","D09","WOOD","WOOD_001","W","2015-07-22","2015-08-05","2015-08-06","2015-10-27","2016-01-14","WOOD_001.W.20150805","vZVALStcGze4oqiSg8fWarD/68bSMvZWqwR8aeuMmCw=","carabid","AMACOE","Amara coelebs","species","cf. species","Hayward",,1,"Lindroth, C. H. 1969. The ground-beetles (Carabidae, excl. Cicindelinae) of Canada and Alaska, parts 1-6. Opuscula E. Entomoligiska Sallskapet.","4oCBvlQIQ4DhSH30J22+0bs0GAacIQwk","49AT3csB7SNH9c2JnAOTHYMNXNZpKUYr",
"18eea414-aca0-40a6-a204-d55a55468402","WOOD_004.basePlot.bet","D09","WOOD","WOOD_004","W","2015-07-22","2015-08-05","2015-08-06","2015-08-07",,"WOOD_004.W.20150805","tVkCk1nh7tHmUpCuPlsZH3eTdwrL9WKquAj7sQ8SEQw=","invert bycatch",,,,,,,,,,"49AT3csB7SNH9c2JnAOTHYMNXNZpKUYr",
"f384ce4c-4f1b-4d73-95eb-fda457401deb","WOOD_003.basePlot.bet","D09","WOOD","WOOD_003","W","2015-07-22","2015-08-05","2015-08-06","2015-08-06",,"WOOD_003.W.20150805","gVhx7bcr2vPNu942vL6aoW5zcS3z4MsHy0dgOdChfhA=","invert bycatch",,,,,,,,,,"eE6kvSR3uoy9zdn7o7etq88/xsP7F3Qo",
"5c568c0d-6c93-44c9-9f62-6db38318ff09","WOOD_005.basePlot.bet","D09","WOOD","WOOD_005","W","2015-07-22","2015-08-05","2015-08-06","2015-08-07",,"WOOD_005.W.20150805","Q/pjwyhQ09wS8nTqfpfAX7GH5ThV6m6IeeemTtHkqJE=","invert bycatch",,,,,,,,,,"49AT3csB7SNH9c2JnAOTHYMNXNZpKUYr",
"46db41ce-1e0b-4d96-9193-c5c19f7ad1f0","WOOD_007.basePlot.bet","D09","WOOD","WOOD_007","W","2015-07-22","2015-08-05","2015-08-06","2015-08-07",,"WOOD_007.W.20150805","5mkFtj0S+gjhtj3JnHzUKhXU9HimczmS9JZVPphsxyc=","invert bycatch",,,,,,,,,,"49AT3csB7SNH9c2JnAOTHYMNXNZpKUYr",
"fe4fcec0-20c9-457a-98fc-b74722cf648e","WOOD_002.basePlot.bet","D09","WOOD","WOOD_002","W","2015-07-22","2015-08-05","2015-08-06","2015-08-07",,"WOOD_002.W.20150805","V7nyjIgYGmM6sIIp+cKQBC95ezv6j1e8RcAlL8fA5Vg=","invert bycatch",,,,,,,,,,"eE6kvSR3uoy9zdn7o7etq88/xsP7F3Qo",
"c5fd4f7e-396d-472c-99b6-1791d949d4db","WOOD_001.basePlot.bet","D09","WOOD","WOOD_001","W","2015-07-22","2015-08-05","2015-08-06","2015-08-07",,"WOOD_001.W.20150805","vZVALStcGze4oqiSg8fWaiUpA/LNz+QagnqIp/0lwNM=","invert bycatch",,,,,,,,,,"49AT3csB7SNH9c2JnAOTHYMNXNZpKUYr",
"7a819077-133c-4148-a942-f67cd40662be","WOOD_006.basePlot.bet","D09","WOOD","WOOD_006","W","2015-07-22","2015-08-05","2015-08-06","2015-08-07",,"WOOD_006.W.20150805","WY3Zl9EyMieRLqe2GmMq7TTDLXhfSmDEtTNWD0MDsUg=","invert bycatch",,,,,,,,,,"49AT3csB7SNH9c2JnAOTHYMNXNZpKUYr",
"b5a6a58d-04f2-4636-b55f-4ac1f9bd4f7e","WOOD_002.basePlot.bet","D09","WOOD","WOOD_002","E","2015-07-22","2015-08-05","2015-08-06","2015-10-29","2016-01-14","WOOD_002.E.20150805","V7nyjIgYGmPsrfFWaAbdc+dC/EnMVMnIJaHLw+BvPxY=","carabid","HARSOM","Harpalus somnulentus","species","cf. species","Dejean",,1,"Lindroth, C. H. 1969. The ground-beetles (Carabidae, excl. Cicindelinae) of Canada and Alaska, parts 1-6. Opuscula E. Entomoligiska Sallskapet.","4oCBvlQIQ4DhSH30J22+0bs0GAacIQwk","49AT3csB7SNH9c2JnAOTHYMNXNZpKUYr","Lindroth some are H. carbonatus| has a larger shoulder tooth| larger in size| and sometiemes more punctate on prothorax than H. opacipennis| could be H. nigritarsus or H. herbivagus"
"91681faf-0f82-4973-acf0-ca8ae18e284c","WOOD_002.basePlot.bet","D09","WOOD","WOOD_002","E","2015-07-22","2015-08-05","2015-08-06","2015-10-29","2016-01-21","WOOD_002.E.20150805","V7nyjIgYGmPsrfFWaAbdcz+Lyk9Zl7nAv37+m5ctGeg=","carabid","CYMNEG","Cymindis neglecta","species",,"Haldeman",,2,"Lindroth, C. H. 1969. The ground-beetles (Carabidae, excl. Cicindelinae) of Canada and Alaska, parts 1-6. Opuscula E. Entomoligiska Sallskapet.","4oCBvlQIQ4DhSH30J22+0bs0GAacIQwk","49AT3csB7SNH9c2JnAOTHYMNXNZpKUYr",
"ebf50b69-d245-47c7-bc0d-ac365f856ec7","WOOD_002.basePlot.bet","D09","WOOD","WOOD_002","E","2015-07-22","2015-08-05","2015-08-06","2015-10-29","2016-01-25","WOOD_002.E.20150805","V7nyjIgYGmPsrfFWaAbdc1AjDi3xRAFq9NsHwak/5eI=","carabid","PTEMEL","Pterostichus melanarius melanarius","subspecies",,"Illiger",,6,"Lindroth, C. H. 1969. The ground-beetles (Carabidae, excl. Cicindelinae) of Canada and Alaska, parts 1-6. Opuscula E. Entomoligiska Sallskapet.","4oCBvlQIQ4DhSH30J22+0bs0GAacIQwk","49AT3csB7SNH9c2JnAOTHYMNXNZpKUYr",
"6dadf32e-9d54-4790-bffb-485eda3ddade","WOOD_021.basePlot.bet","D09","WOOD","WOOD_021","E","2015-07-22","2015-08-05","2015-08-06","2015-10-26","2016-01-25","WOOD_021.E.20150805","WrmnCoit366aYWK9g06YaY0J0QlNivLWE8gbOX7c1fY=","carabid","PTEMEL","Pterostichus melanarius melanarius","subspecies",,"Illiger",,5,"Lindroth, C. H. 1969. The ground-beetles (Carabidae, excl. Cicindelinae) of Canada and Alaska, parts 1-6. Opuscula E. Entomoligiska Sallskapet.","4oCBvlQIQ4DhSH30J22+0bs0GAacIQwk","49AT3csB7SNH9c2JnAOTHYMNXNZpKUYr",
"89745bf0-cec1-4f4f-af38-202e834c16d4","WOOD_007.basePlot.bet","D09","WOOD","WOOD_007","E","2015-07-22","2015-08-05","2015-08-06","2015-12-02","2016-01-21","WOOD_007.E.20150805","5mkFtj0S+ghVPgPw3BKW9cSqtNu4izBCeBCg1tAZH98=","carabid","CYMNEG","Cymindis neglecta","species",,"Haldeman",,29,"Lindroth, C. H. 1969. The ground-beetles (Carabidae, excl. Cicindelinae) of Canada and Alaska, parts 1-6. Opuscula E. Entomoligiska Sallskapet.","4oCBvlQIQ4DhSH30J22+0bs0GAacIQwk","a/0SlN26fEtmJ3LLysIxkaRUfZvckIBE",
"4bff597b-dbf5-4d82-9c24-52073409c302","WOOD_023.basePlot.bet","D09","WOOD","WOOD_023","E","2015-07-22","2015-08-05","2015-08-06","2015-10-27","2016-01-13","WOOD_023.E.20150805","HkhQBNKo1QDH9WfGaaJTwKnjotNC4lzKmOgNnTyPeVY=","carabid","BEMTRA","Bembidion transparens","species","cf. species","Gebler",,1,"Lindroth, C. H. 1969. The ground-beetles (Carabidae, excl. Cicindelinae) of Canada and Alaska, parts 1-6. Opuscula E. Entomoligiska Sallskapet.","4oCBvlQIQ4DhSH30J22+0bs0GAacIQwk","49AT3csB7SNH9c2JnAOTHYMNXNZpKUYr",
"19279bad-134d-498e-bf93-c9bc46db5682","WOOD_023.basePlot.bet","D09","WOOD","WOOD_023","E","2015-07-22","2015-08-05","2015-08-06","2015-10-27","2016-01-25","WOOD_023.E.20150805","HkhQBNKo1QDH9WfGaaJTwMlirMsGBBVRRvHGCNwpr2w=","carabid","PTEMEL","Pterostichus melanarius melanarius","subspecies",,"Illiger",,7,"Lindroth, C. H. 1969. The ground-beetles (Carabidae, excl. Cicindelinae) of Canada and Alaska, parts 1-6. Opuscula E. Entomoligiska Sallskapet.","4oCBvlQIQ4DhSH30J22+0bs0GAacIQwk","49AT3csB7SNH9c2JnAOTHYMNXNZpKUYr",
"06f1b496-150f-4857-8384-4826771b9612","WOOD_006.basePlot.bet","D09","WOOD","WOOD_006","E","2015-07-22","2015-08-05","2015-08-06","2015-10-29","2016-01-25","WOOD_006.E.20150805","WY3Zl9EyMidsY05I3ZVnB6mSQY3RrDwWqvdTEnPBR3g=","carabid","PTEMEL","Pterostichus melanarius melanarius","subspecies",,"Illiger",,3,"Lindroth, C. H. 1969. The ground-beetles (Carabidae, excl. Cicindelinae) of Canada and Alaska, parts 1-6. Opuscula E. Entomoligiska Sallskapet.","4oCBvlQIQ4DhSH30J22+0bs0GAacIQwk","49AT3csB7SNH9c2JnAOTHYMNXNZpKUYr",
"1052ad03-d74e-481a-ae22-a7a8a22bec7e","WOOD_023.basePlot.bet","D09","WOOD","WOOD_023","E","2015-07-22","2015-08-05","2015-08-06","2015-10-27","2016-01-21","WOOD_023.E.20150805","HkhQBNKo1QDH9WfGaaJTwMd9RJtHFvd0dS/9CO2SwgY=","carabid","OXYPUS","Oxypselaphus pusillus","species",,"LeConte",,2,"Lindroth, C. H. 1969. The ground-beetles (Carabidae, excl. Cicindelinae) of Canada and Alaska, parts 1-6. Opuscula E. Entomoligiska Sallskapet.","4oCBvlQIQ4DhSH30J22+0bs0GAacIQwk","49AT3csB7SNH9c2JnAOTHYMNXNZpKUYr",
"ca4aadb7-1710-44f5-8896-d3827138c787","WOOD_023.basePlot.bet","D09","WOOD","WOOD_023","E","2015-07-22","2015-08-05","2015-08-06","2015-10-27","2016-01-13","WOOD_023.E.20150805","HkhQBNKo1QDH9WfGaaJTwERm6nq5Tn7VEC0zjI82KJE=","carabid","BEMQUA4","Bembidion quadrimaculatum oppositum","subspecies",,"Say",,2,"Lindroth, C. H. 1969. The ground-beetles (Carabidae, excl. Cicindelinae) of Canada and Alaska, parts 1-6. Opuscula E. Entomoligiska Sallskapet.","4oCBvlQIQ4DhSH30J22+0bs0GAacIQwk","49AT3csB7SNH9c2JnAOTHYMNXNZpKUYr",
"8f217599-8010-43dc-ae0a-5519269200ab","WOOD_023.basePlot.bet","D09","WOOD","WOOD_023","E","2015-07-22","2015-08-05","2015-08-06","2015-10-27","2016-01-13","WOOD_023.E.20150805","HkhQBNKo1QDH9WfGaaJTwJ9K4ID95ijMxIsSLMomWJA=","carabid","BEMPRA2","Bembidion praticola","species","cf. species","Lindroth",,1,"Lindroth, C. H. 1969. The ground-beetles (Carabidae, excl. Cicindelinae) of Canada and Alaska, parts 1-6. Opuscula E. Entomoligiska Sallskapet.","4oCBvlQIQ4DhSH30J22+0bs0GAacIQwk","49AT3csB7SNH9c2JnAOTHYMNXNZpKUYr",
"44d3ab65-59d5-4c85-bd7d-4f22153d252d","WOOD_003.basePlot.bet","D09","WOOD","WOOD_003","E","2015-07-22","2015-08-05","2015-08-06","2015-10-28","2016-01-27","WOOD_003.E.20150805","gVhx7bcr2vPfgD1jJpAncBg36EA3l3nFmGYFGQceczI=","carabid","SYNAME","Syntomus americanus","species","cf. species","Dejean",,1,"Lindroth, C. H. 1969. The ground-beetles (Carabidae, excl. Cicindelinae) of Canada and Alaska, parts 1-6. Opuscula E. Entomoligiska Sallskapet.","4oCBvlQIQ4DhSH30J22+0bs0GAacIQwk","49AT3csB7SNH9c2JnAOTHYMNXNZpKUYr","Apex of elytra sinuate| elytral striae not well defined| Could be Apristus sp. but pubescence starts on 4th antennal segment and some seem less than 3 mm.| difficult to see if mentum tooth is bifid"
"d77168d7-1122-47b0-be1d-ffa62f4f21bb","WOOD_003.basePlot.bet","D09","WOOD","WOOD_003","E","2015-07-22","2015-08-05","2015-08-06","2015-10-27","2016-01-20","WOOD_003.E.20150805","gVhx7bcr2vPfgD1jJpAncLcPE9eDC06DMziNqnk8orY=","carabid","POELUC","Poecilus lucublandus","species",,"Say",,1,"Lindroth, C. H. 1969. The ground-beetles (Carabidae, excl. Cicindelinae) of Canada and Alaska, parts 1-6. Opuscula E. Entomoligiska Sallskapet.","4oCBvlQIQ4DhSH30J22+0bs0GAacIQwk","49AT3csB7SNH9c2JnAOTHYMNXNZpKUYr",
"e84f5557-934a-4a0d-b9c7-1bd0417bd368","WOOD_003.basePlot.bet","D09","WOOD","WOOD_003","E","2015-07-22","2015-08-05","2015-08-06","2015-10-27","2016-01-26","WOOD_003.E.20150805","gVhx7bcr2vPfgD1jJpAncEJnxKeTMso3JsBr4IJS80w=","carabid","HAROPA","Harpalus opacipennis","species","cf. species","Haldeman",,1,"Lindroth, C. H. 1969. The ground-beetles (Carabidae, excl. Cicindelinae) of Canada and Alaska, parts 1-6. Opuscula E. Entomoligiska Sallskapet.","4oCBvlQIQ4DhSH30J22+0bs0GAacIQwk","49AT3csB7SNH9c2JnAOTHYMNXNZpKUYr","shoulder tooth small but sharp| no or little punctuation on prothorax| head narrow| basal side margins of prothorax nearly straight| size 7.5 to 9.3 mm.| could be H. nigritarsus but labial palpae not infuscated"
"435fbabf-f9a3-4086-a014-1cf36130b8f8","WOOD_023.basePlot.bet","D09","WOOD","WOOD_023","E","2015-07-22","2015-08-05","2015-08-06","2015-10-27","2016-01-20","WOOD_023.E.20150805","HkhQBNKo1QDH9WfGaaJTwP2tPKlNoqib7HP7MGhpXZc=","carabid","BRACYA2","Brachinus cyanochroaticus","species",,"Erwin",,1,"Lindroth, C. H. 1969. The ground-beetles (Carabidae, excl. Cicindelinae) of Canada and Alaska, parts 1-6. Opuscula E. Entomoligiska Sallskapet.","4oCBvlQIQ4DhSH30J22+0bs0GAacIQwk","49AT3csB7SNH9c2JnAOTHYMNXNZpKUYr",
"62597ab6-6a41-4c9a-9bbe-7ff3e5c42652","WOOD_023.basePlot.bet","D09","WOOD","WOOD_023","E","2015-07-22","2015-08-05","2015-08-06","2015-10-27","2016-01-13","WOOD_023.E.20150805","HkhQBNKo1QDH9WfGaaJTwKnEhAggi3+R6FsK7lYudIg=","carabid","BEMVER1","Bembidion versicolor","species","cf. species","LeConte",,1,"Lindroth, C. H. 1969. The ground-beetles (Carabidae, excl. Cicindelinae) of Canada and Alaska, parts 1-6. Opuscula E. Entomoligiska Sallskapet.","4oCBvlQIQ4DhSH30J22+0bs0GAacIQwk","49AT3csB7SNH9c2JnAOTHYMNXNZpKUYr",
"b7e45ab5-628b-40c1-99f2-8c2686cafdc7","WOOD_002.basePlot.bet","D09","WOOD","WOOD_002","E","2015-07-22","2015-08-05","2015-08-06","2015-08-07",,"WOOD_002.E.20150805","V7nyjIgYGmPsrfFWaAbdczzydMLpXwSMiJjqSjTLQ50=","invert bycatch",,,,,,,,,,"eE6kvSR3uoy9zdn7o7etq88/xsP7F3Qo",
"34b046ef-e9e5-41a5-ab5b-c6a20ba67c38","WOOD_007.basePlot.bet","D09","WOOD","WOOD_007","E","2015-07-22","2015-08-05","2015-08-06","2015-12-02","2016-01-27","WOOD_007.E.20150805","5mkFtj0S+ghVPgPw3BKW9akT9EhQWHY3EynkXVefoFg=","carabid","SYNAME","Syntomus americanus","species","cf. species","Dejean",,3,"Lindroth, C. H. 1969. The ground-beetles (Carabidae, excl. Cicindelinae) of Canada and Alaska, parts 1-6. Opuscula E. Entomoligiska Sallskapet.","4oCBvlQIQ4DhSH30J22+0bs0GAacIQwk","a/0SlN26fEtmJ3LLysIxkaRUfZvckIBE","Apex of elytra sinuate| elytral striae not well defined| Could be Apristus sp. but pubescence starts on 4th antennal segment and some seem less than 3 mm.| difficult to see if mentum tooth is bifid"
"b9c5224d-58a8-45d2-aac2-bb85e6c5c494","WOOD_021.basePlot.bet","D09","WOOD","WOOD_021","E","2015-07-22","2015-08-05","2015-08-06","2015-08-07",,"WOOD_021.E.20150805","WrmnCoit366aYWK9g06YaYsveffAN6Io5yy32A06hGI=","invert bycatch",,,,,,,,,,"eE6kvSR3uoy9zdn7o7etq88/xsP7F3Qo",
"21af7100-659e-4480-966e-20cbc3882924","WOOD_007.basePlot.bet","D09","WOOD","WOOD_007","E","2015-07-22","2015-08-05","2015-08-06","2015-08-07",,"WOOD_007.E.20150805","5mkFtj0S+ghVPgPw3BKW9bzF5c68qP2ubdyZ14E2hD4=","invert bycatch",,,,,,,,,,"49AT3csB7SNH9c2JnAOTHYMNXNZpKUYr",
"afd55109-7b8c-4650-89de-c0ceab9bc5b3","WOOD_005.basePlot.bet","D09","WOOD","WOOD_005","E","2015-07-22","2015-08-05","2015-08-06","2015-08-07",,"WOOD_005.E.20150805","Q/pjwyhQ09yvsoMfuEsR3V2S8TLXFXx/buzfSZvIhTs=","invert bycatch",,,,,,,,,,"49AT3csB7SNH9c2JnAOTHYMNXNZpKUYr",
"2ccd51d2-e600-42d1-a596-fb5a264e69f1","WOOD_003.basePlot.bet","D09","WOOD","WOOD_003","E","2015-07-22","2015-08-05","2015-08-06","2015-08-06",,"WOOD_003.E.20150805","gVhx7bcr2vPfgD1jJpAncPClHNyLYmfUruHo+Kfju3s=","invert bycatch",,,,,,,,,,"eE6kvSR3uoy9zdn7o7etq88/xsP7F3Qo",
"6ba73e1d-f338-4064-b8fe-9e90a7405d99","WOOD_004.basePlot.bet","D09","WOOD","WOOD_004","E","2015-07-22","2015-08-05","2015-08-06","2015-08-07",,"WOOD_004.E.20150805","tVkCk1nh7tHYZrRML8ZImcn6hEDNYLHeuyn8JUHgFRs=","invert bycatch",,,,,,,,,,"49AT3csB7SNH9c2JnAOTHYMNXNZpKUYr",
"d0609b05-225a-48d4-b727-89a80278c788","WOOD_023.basePlot.bet","D09","WOOD","WOOD_023","E","2015-07-22","2015-08-05","2015-08-06","2015-08-07",,"WOOD_023.E.20150805","HkhQBNKo1QDH9WfGaaJTwPsKQ5NOxV+vpIDwxr2fdd8=","invert bycatch",,,,,,,,,,"49AT3csB7SNH9c2JnAOTHYMNXNZpKUYr",
"c7f250a7-7aa3-479f-9a8f-55619793ccbe","WOOD_001.basePlot.bet","D09","WOOD","WOOD_001","E","2015-07-22","2015-08-05","2015-08-06","2015-08-07",,"WOOD_001.E.20150805","vZVALStcGzcsUDFQL3eqjSafPrD52gR5UjEJZuL5zKc=","invert bycatch",,,,,,,,,,"49AT3csB7SNH9c2JnAOTHYMNXNZpKUYr",
"ff525e63-6cea-4e57-b704-88b825f798f9","WOOD_006.basePlot.bet","D09","WOOD","WOOD_006","E","2015-07-22","2015-08-05","2015-08-06","2015-08-07",,"WOOD_006.E.20150805","WY3Zl9EyMidsY05I3ZVnB5RUijv46pLP/FwC+Z2PR3c=","invert bycatch",,,,,,,,,,"49AT3csB7SNH9c2JnAOTHYMNXNZpKUYr",
"62f7fa5b-ae09-44e3-bf39-1b3971e3b063","WOOD_005.basePlot.bet","D09","WOOD","WOOD_005","N","2015-07-22","2015-08-05","2015-08-06","2015-10-26","2016-01-14","WOOD_005.N.20150805","Q/pjwyhQ09ycrZ7nsLw/Q17YIRXI+IeFTJcRzZX9YKQ=","carabid","AMAANG1","Amara angustata","species",,"Say",,1,"Lindroth, C. H. 1969. The ground-beetles (Carabidae, excl. Cicindelinae) of Canada and Alaska, parts 1-6. Opuscula E. Entomoligiska Sallskapet.","4oCBvlQIQ4DhSH30J22+0bs0GAacIQwk","49AT3csB7SNH9c2JnAOTHYMNXNZpKUYr",
"1d79d697-a365-4ed0-b2bd-408b9f4f0c1e","WOOD_007.basePlot.bet","D09","WOOD","WOOD_007","N","2015-07-22","2015-08-05","2015-08-06","2015-12-02","2016-01-27","WOOD_007.N.20150805","5mkFtj0S+gg8JsQ8+kY2DQAgHlhyYj49noJha18aKxg=","carabid","SYNAME","Syntomus americanus","species","cf. species","Dejean",,2,"Lindroth, C. H. 1969. The ground-beetles (Carabidae, excl. Cicindelinae) of Canada and Alaska, parts 1-6. Opuscula E. Entomoligiska Sallskapet.","4oCBvlQIQ4DhSH30J22+0bs0GAacIQwk","a/0SlN26fEtmJ3LLysIxkaRUfZvckIBE","Apex of elytra sinuate| elytral striae not well defined| Could be Apristus sp. but pubescence starts on 4th antennal segment and some seem less than 3 mm.| difficult to see if mentum tooth is bifid"
"05904c64-4810-442d-843b-9092909fc376","WOOD_002.basePlot.bet","D09","WOOD","WOOD_002","N","2015-07-22","2015-08-05","2015-08-06","2015-12-02","2016-01-25","WOOD_002.N.20150805","V7nyjIgYGmOq7etLsw3mo80qVTz1dhEffxJENeuEEOg=","carabid","PTEMEL","Pterostichus melanarius melanarius","subspecies",,"Illiger",,1,"Lindroth, C. H. 1969. The ground-beetles (Carabidae, excl. Cicindelinae) of Canada and Alaska, parts 1-6. Opuscula E. Entomoligiska Sallskapet.","4oCBvlQIQ4DhSH30J22+0bs0GAacIQwk","a/0SlN26fEtmJ3LLysIxkaRUfZvckIBE",
"4fd98bf2-d7b5-4a7c-a65e-79641021bfee","WOOD_002.basePlot.bet","D09","WOOD","WOOD_002","N","2015-07-22","2015-08-05","2015-08-06","2015-12-02","2016-01-21","WOOD_002.N.20150805","V7nyjIgYGmOq7etLsw3mo9UIxHzvQtI5XPRub/FE0VU=","carabid","CYMNEG","Cymindis neglecta","species",,"Haldeman",,7,"Lindroth, C. H. 1969. The ground-beetles (Carabidae, excl. Cicindelinae) of Canada and Alaska, parts 1-6. Opuscula E. Entomoligiska Sallskapet.","4oCBvlQIQ4DhSH30J22+0bs0GAacIQwk","a/0SlN26fEtmJ3LLysIxkaRUfZvckIBE",
"f248effd-59e4-4c23-800c-30cd9fec9915","WOOD_001.basePlot.bet","D09","WOOD","WOOD_001","N","2015-07-22","2015-08-05","2015-08-06","2015-10-27","2016-01-25","WOOD_001.N.20150805","vZVALStcGzemkswto4CoLZW8sRmjlZW4/70g5QxKSHw=","carabid","PTEMEL","Pterostichus melanarius melanarius","subspecies",,"Illiger",,2,"Lindroth, C. H. 1969. The ground-beetles (Carabidae, excl. Cicindelinae) of Canada and Alaska, parts 1-6. Opuscula E. Entomoligiska Sallskapet.","4oCBvlQIQ4DhSH30J22+0bs0GAacIQwk","49AT3csB7SNH9c2JnAOTHYMNXNZpKUYr",
"b28de4c3-301d-4b18-bb41-252713495bf5","WOOD_024.basePlot.bet","D09","WOOD","WOOD_024","N","2015-07-22","2015-08-05","2015-08-06","2015-10-26","2016-01-25","WOOD_024.N.20150805","rKE54NR9lxREHzj3B6VcLbPRrGlGOyzJAu4HURD4Wjw=","carabid","PTEMEL","Pterostichus melanarius melanarius","subspecies",,"Illiger",,1,"Lindroth, C. H. 1969. The ground-beetles (Carabidae, excl. Cicindelinae) of Canada and Alaska, parts 1-6. Opuscula E. Entomoligiska Sallskapet.","4oCBvlQIQ4DhSH30J22+0bs0GAacIQwk","49AT3csB7SNH9c2JnAOTHYMNXNZpKUYr",
"6f0d85b3-0cca-4d0e-9e7c-96ef02f0a749","WOOD_024.basePlot.bet","D09","WOOD","WOOD_024","N","2015-07-22","2015-08-05","2015-08-06","2015-10-26","2016-01-06","WOOD_024.N.20150805","rKE54NR9lxREHzj3B6VcLQ4wa1J16+J5dibkY2qdkzo=","carabid","CALADV","Calathus advena","species",,"LeConte",,7,"Lindroth, C. H. 1969. The ground-beetles (Carabidae, excl. Cicindelinae) of Canada and Alaska, parts 1-6. Opuscula E. Entomoligiska Sallskapet.","4oCBvlQIQ4DhSH30J22+0bs0GAacIQwk","49AT3csB7SNH9c2JnAOTHYMNXNZpKUYr",
"2947c709-cb6a-47f0-ba5d-7b68caf48a4f","WOOD_024.basePlot.bet","D09","WOOD","WOOD_024","N","2015-07-22","2015-08-05","2015-08-06","2015-10-26","2016-01-06","WOOD_024.N.20150805","rKE54NR9lxREHzj3B6VcLX9vqNx07DBvvUV/4Up86tA=","carabid","CALGRE","Calathus gregarius","species","cf. species","Say",,2,"Lindroth, C. H. 1969. The ground-beetles (Carabidae, excl. Cicindelinae) of Canada and Alaska, parts 1-6. Opuscula E. Entomoligiska Sallskapet.","4oCBvlQIQ4DhSH30J22+0bs0GAacIQwk","49AT3csB7SNH9c2JnAOTHYMNXNZpKUYr",
"0a754764-b210-4c54-bd48-6db320892d42","WOOD_024.basePlot.bet","D09","WOOD","WOOD_024","N","2015-07-22","2015-08-05","2015-08-06","2015-10-26","2016-01-20","WOOD_024.N.20150805","rKE54NR9lxREHzj3B6VcLWFhxzFeJtUwfOCs/YRRn3Q=","carabid","BRACYA2","Brachinus cyanochroaticus","species",,"Erwin",,1,"Lindroth, C. H. 1969. The ground-beetles (Carabidae, excl. Cicindelinae) of Canada and Alaska, parts 1-6. Opuscula E. Entomoligiska Sallskapet.","4oCBvlQIQ4DhSH30J22+0bs0GAacIQwk","49AT3csB7SNH9c2JnAOTHYMNXNZpKUYr",
"80e20f08-6b6a-4b1d-b384-6537ca6c163d","WOOD_024.basePlot.bet","D09","WOOD","WOOD_024","N","2015-07-22","2015-08-05","2015-08-06","2015-10-26","2016-01-06","WOOD_024.N.20150805","rKE54NR9lxREHzj3B6VcLfCbeS7UuRkzHlB/lJN40Ao=","carabid","CARMAE","Carabus maeander maeander","subspecies",,"Fischer von Waldheim",,1,"Lindroth, C. H. 1969. The ground-beetles (Carabidae, excl. Cicindelinae) of Canada and Alaska, parts 1-6. Opuscula E. Entomoligiska Sallskapet.","4oCBvlQIQ4DhSH30J22+0bs0GAacIQwk","49AT3csB7SNH9c2JnAOTHYMNXNZpKUYr",
"67b97b86-1db8-4a56-9828-f45d0434f598","WOOD_006.basePlot.bet","D09","WOOD","WOOD_006","N","2015-07-22","2015-08-05","2015-08-06","2015-10-29","2016-01-25","WOOD_006.N.20150805","WY3Zl9EyMicPkFOmFhW1QknzzlcM9bKUKwtn2W1217Y=","carabid","PTEMEL","Pterostichus melanarius melanarius","subspecies",,"Illiger",,1,"Lindroth, C. H. 1969. The ground-beetles (Carabidae, excl. Cicindelinae) of Canada and Alaska, parts 1-6. Opuscula E. Entomoligiska Sallskapet.","4oCBvlQIQ4DhSH30J22+0bs0GAacIQwk","49AT3csB7SNH9c2JnAOTHYMNXNZpKUYr",
"71f21479-5b44-404b-805d-6716af7a6a08","WOOD_006.basePlot.bet","D09","WOOD","WOOD_006","N","2015-07-22","2015-08-05","2015-08-06","2015-10-29","2016-01-20","WOOD_006.N.20150805","WY3Zl9EyMicPkFOmFhW1QmH0c39e88C24ARlAGR77Kc=","carabid","CALADV","Calathus advena","species",,"LeConte",,1,"Lindroth, C. H. 1969. The ground-beetles (Carabidae, excl. Cicindelinae) of Canada and Alaska, parts 1-6. Opuscula E. Entomoligiska Sallskapet.","4oCBvlQIQ4DhSH30J22+0bs0GAacIQwk","49AT3csB7SNH9c2JnAOTHYMNXNZpKUYr",
"fb34171f-3630-4a5e-a25e-49ef2db8ac00","WOOD_023.basePlot.bet","D09","WOOD","WOOD_023","N","2015-07-22","2015-08-05","2015-08-06","2015-10-27","2016-01-25","WOOD_023.N.20150805","HkhQBNKo1QAlL2jarEbgAlmDtSw1foSTj/HtLdJ9hP4=","carabid","PTEMEL","Pterostichus melanarius melanarius","subspecies",,"Illiger",,6,"Lindroth, C. H. 1969. The ground-beetles (Carabidae, excl. Cicindelinae) of Canada and Alaska, parts 1-6. Opuscula E. Entomoligiska Sallskapet.","4oCBvlQIQ4DhSH30J22+0bs0GAacIQwk","49AT3csB7SNH9c2JnAOTHYMNXNZpKUYr",
"3f828553-9408-4fa1-b19c-c552c34e5b6f","WOOD_023.basePlot.bet","D09","WOOD","WOOD_023","N","2015-07-22","2015-08-05","2015-08-06","2015-10-27","2016-01-25","WOOD_023.N.20150805","HkhQBNKo1QAlL2jarEbgAsk9VCMlWPJvZ8FkZ0F+kgA=","carabid","POELUC","Poecilus lucublandus","species",,"Say",,1,"Lindroth, C. H. 1969. The ground-beetles (Carabidae, excl. Cicindelinae) of Canada and Alaska, parts 1-6. Opuscula E. Entomoligiska Sallskapet.","4oCBvlQIQ4DhSH30J22+0bs0GAacIQwk","49AT3csB7SNH9c2JnAOTHYMNXNZpKUYr",
"82dbe849-7487-4644-9f28-6613d5fc6ff9","WOOD_003.basePlot.bet","D09","WOOD","WOOD_003","N","2015-07-22","2015-08-05","2015-08-06","2015-10-28","2016-01-13","WOOD_003.N.20150805","gVhx7bcr2vMPQlmoe6P0OwRWng/Bvr2z79MFGh+zFKo=","carabid","BEMMUT","Bembidion mutatum","species",,"Gemminger and Harold",,1,"Lindroth, C. H. 1969. The ground-beetles (Carabidae, excl. Cicindelinae) of Canada and Alaska, parts 1-6. Opuscula E. Entomoligiska Sallskapet.","4oCBvlQIQ4DhSH30J22+0bs0GAacIQwk","49AT3csB7SNH9c2JnAOTHYMNXNZpKUYr",
"7d99ff80-6569-4f19-82f2-d45522870674","WOOD_003.basePlot.bet","D09","WOOD","WOOD_003","N","2015-08-05","2015-08-19","2015-08-20","2016-01-13","2016-01-20","WOOD_003.N.20150819","gVhx7bcr2vMPQlmoe6P0O7qo2Zj7+/gqo8//TWuHAEA=","carabid","CYMNEG","Cymindis neglecta","species",,"Haldeman",,1,"Lindroth, C. H. 1969. The ground-beetles (Carabidae, excl. Cicindelinae) of Canada and Alaska, parts 1-6. Opuscula E. Entomoligiska Sallskapet.","4oCBvlQIQ4DhSH30J22+0bs0GAacIQwk","a/0SlN26fEtmJ3LLysIxkaRUfZvckIBE",
"92b4f1c3-737a-414d-960e-8e2857b2aa90","WOOD_023.basePlot.bet","D09","WOOD","WOOD_023","N","2015-08-05","2015-08-19","2015-08-20","2016-01-13","2016-01-22","WOOD_023.N.20150819","HkhQBNKo1QAlL2jarEbgAgxI/IaAEeJXZYsah6vKirU=","carabid","BEMQUA4","Bembidion quadrimaculatum oppositum","subspecies",,"Say",,2,"Lindroth, C. H. 1969. The ground-beetles (Carabidae, excl. Cicindelinae) of Canada and Alaska, parts 1-6. Opuscula E. Entomoligiska Sallskapet.","4oCBvlQIQ4DhSH30J22+0bs0GAacIQwk","a/0SlN26fEtmJ3LLysIxkaRUfZvckIBE",
"7e7f7ed1-a10d-4ee1-92a5-2aacc55daee9","WOOD_023.basePlot.bet","D09","WOOD","WOOD_023","N","2015-08-05","2015-08-19","2015-08-20","2016-01-13","2016-01-25","WOOD_023.N.20150819","HkhQBNKo1QAlL2jarEbgAt1db76Gspx5u+UQMok10N0=","carabid","PTEMEL","Pterostichus melanarius melanarius","subspecies",,"Illiger",,4,"Lindroth, C. H. 1969. The ground-beetles (Carabidae, excl. Cicindelinae) of Canada and Alaska, parts 1-6. Opuscula E. Entomoligiska Sallskapet.","4oCBvlQIQ4DhSH30J22+0bs0GAacIQwk","a/0SlN26fEtmJ3LLysIxkaRUfZvckIBE",
"472b85b6-accc-4f22-8e45-46dbaedd4a28","WOOD_003.basePlot.bet","D09","WOOD","WOOD_003","N","2015-08-05","2015-08-19","2015-08-20","2016-01-13","2016-01-22","WOOD_003.N.20150819","gVhx7bcr2vMPQlmoe6P0O3sU9W6B1ZxDcRUUOetR/+M=","carabid","BEMMUT","Bembidion mutatum","species",,"Gemminger and Harold",,1,"Lindroth, C. H. 1969. The ground-beetles (Carabidae, excl. Cicindelinae) of Canada and Alaska, parts 1-6. Opuscula E. Entomoligiska Sallskapet.","4oCBvlQIQ4DhSH30J22+0bs0GAacIQwk","a/0SlN26fEtmJ3LLysIxkaRUfZvckIBE",
"a571260c-2cd9-4554-be5c-8b68a3926e17","WOOD_002.basePlot.bet","D09","WOOD","WOOD_002","N","2015-08-05","2015-08-19","2015-08-20","2016-01-13","2016-01-22","WOOD_002.N.20150819","V7nyjIgYGmOq7etLsw3mo4eKxLJpHWfpdoItX/qvwLA=","carabid","CYMNEG","Cymindis neglecta","species",,"Haldeman",,6,"Lindroth, C. H. 1969. The ground-beetles (Carabidae, excl. Cicindelinae) of Canada and Alaska, parts 1-6. Opuscula E. Entomoligiska Sallskapet.","4oCBvlQIQ4DhSH30J22+0bs0GAacIQwk","a/0SlN26fEtmJ3LLysIxkaRUfZvckIBE",
"72b3ca89-14d1-41cf-8c60-2637311f3327","WOOD_002.basePlot.bet","D09","WOOD","WOOD_002","N","2015-08-05","2015-08-19","2015-08-20","2016-01-13","2016-01-15","WOOD_002.N.20150819","V7nyjIgYGmOq7etLsw3mo3D0esU15aXxyBS/oyObN7Q=","carabid","PTEFEM","Pterostichus femoralis","species",,"Kirby",,1,"Lindroth, C. H. 1969. The ground-beetles (Carabidae, excl. Cicindelinae) of Canada and Alaska, parts 1-6. Opuscula E. Entomoligiska Sallskapet.","4oCBvlQIQ4DhSH30J22+0bs0GAacIQwk","a/0SlN26fEtmJ3LLysIxkaRUfZvckIBE",
"c2fa50f5-c5e5-49a8-bef5-b832518834a1","WOOD_001.basePlot.bet","D09","WOOD","WOOD_001","N","2015-08-05","2015-08-19","2015-08-20","2016-01-13","2016-01-14","WOOD_001.N.20150819","vZVALStcGzemkswto4CoLfKES0hZ19l1Xhu3cuJPm8I=","carabid","AMACOE","Amara coelebs","species","cf. species","Hayward",,1,"Lindroth, C. H. 1969. The ground-beetles (Carabidae, excl. Cicindelinae) of Canada and Alaska, parts 1-6. Opuscula E. Entomoligiska Sallskapet.","4oCBvlQIQ4DhSH30J22+0bs0GAacIQwk","a/0SlN26fEtmJ3LLysIxkaRUfZvckIBE",
"f9b07a40-42cd-4ded-b802-df6fdffc8c97","WOOD_024.basePlot.bet","D09","WOOD","WOOD_024","N","2015-08-05","2015-08-19","2015-08-20","2015-12-03","2016-01-06","WOOD_024.N.20150819","rKE54NR9lxREHzj3B6VcLYIl9A2dcdVPvCgp4AGOFkk=","carabid","CARMAE","Carabus maeander maeander","subspecies",,"Fischer von Waldheim",,1,"Lindroth, C. H. 1969. The ground-beetles (Carabidae, excl. Cicindelinae) of Canada and Alaska, parts 1-6. Opuscula E. Entomoligiska Sallskapet.","4oCBvlQIQ4DhSH30J22+0bs0GAacIQwk","a/0SlN26fEtmJ3LLysIxkaRUfZvckIBE",
"cb2e3c42-32f8-4ed1-ab66-e4d8c5a541bf","WOOD_004.basePlot.bet","D09","WOOD","WOOD_004","N","2015-08-05","2015-08-19","2015-08-20","2015-12-03","2016-01-15","WOOD_004.N.20150819","tVkCk1nh7tHzM8+WdK+C/pR16uQ8yGLdZkao2pHHv/Y=","carabid","HARSOM","Harpalus somnulentus","species","cf. species","Dejean",,1,"Lindroth, C. H. 1969. The ground-beetles (Carabidae, excl. Cicindelinae) of Canada and Alaska, parts 1-6. Opuscula E. Entomoligiska Sallskapet.","4oCBvlQIQ4DhSH30J22+0bs0GAacIQwk","a/0SlN26fEtmJ3LLysIxkaRUfZvckIBE","Lindroth some are H. carbonatus| has a larger shoulder tooth| larger in size| and sometiemes more punctate on prothorax than H. opacipennis| could be H. nigritarsus or H. herbivagus"
"63b19f26-a60c-4a69-946b-e76be9274103","WOOD_007.basePlot.bet","D09","WOOD","WOOD_007","N","2015-08-05","2015-08-19","2015-08-20","2015-12-03","2016-01-27","WOOD_007.N.20150819","5mkFtj0S+gg8JsQ8+kY2De7hSJwk7BhEb1nR7uDdypA=","carabid","SYNAME","Syntomus americanus","species","cf. species","Dejean",,1,"Lindroth, C. H. 1969. The ground-beetles (Carabidae, excl. Cicindelinae) of Canada and Alaska, parts 1-6. Opuscula E. Entomoligiska Sallskapet.","4oCBvlQIQ4DhSH30J22+0bs0GAacIQwk","a/0SlN26fEtmJ3LLysIxkaRUfZvckIBE","Apex of elytra sinuate| elytral striae not well defined| Could be Apristus sp. but pubescence starts on 4th antennal segment and some seem less than 3 mm.| difficult to see if mentum tooth is bifid"
"409b6171-dc19-4dca-8d91-efddcab772cc","WOOD_007.basePlot.bet","D09","WOOD","WOOD_007","N","2015-08-05","2015-08-19","2015-08-20","2015-12-03","2016-01-22","WOOD_007.N.20150819","5mkFtj0S+gg8JsQ8+kY2DVGP4L7cNSxSni6a6X6+sbE=","carabid","CYMNEG","Cymindis neglecta","species",,"Haldeman",,4,"Lindroth, C. H. 1969. The ground-beetles (Carabidae, excl. Cicindelinae) of Canada and Alaska, parts 1-6. Opuscula E. Entomoligiska Sallskapet.","4oCBvlQIQ4DhSH30J22+0bs0GAacIQwk","a/0SlN26fEtmJ3LLysIxkaRUfZvckIBE",
"efd9bfa3-1a6e-4ac9-957b-ffb067f0d6ec","WOOD_001.basePlot.bet","D09","WOOD","WOOD_001","N","2015-08-05","2015-08-19","2015-08-20","2016-01-13","2016-01-25","WOOD_001.N.20150819","vZVALStcGzemkswto4CoLWuYGX9dwP/qwirMyk4rlyw=","carabid","PTEMEL","Pterostichus melanarius melanarius","subspecies",,"Illiger",,2,"Lindroth, C. H. 1969. The ground-beetles (Carabidae, excl. Cicindelinae) of Canada and Alaska, parts 1-6. Opuscula E. Entomoligiska Sallskapet.","4oCBvlQIQ4DhSH30J22+0bs0GAacIQwk","a/0SlN26fEtmJ3LLysIxkaRUfZvckIBE",
"2033c348-2bac-4ab9-b7b9-90877e4b6343","WOOD_005.basePlot.bet","D09","WOOD","WOOD_005","S","2015-08-05","2015-08-19","2015-08-20","2015-08-21",,"WOOD_005.S.20150819","Q/pjwyhQ09z2D0gRdKAm0lBTfwQpio7f9Zy+rKoAQig=","invert bycatch",,,,,,,,,,"eE6kvSR3uoy9zdn7o7etq88/xsP7F3Qo",
"7831f5ff-2e99-484a-a3e6-6d170e573b0e","WOOD_007.basePlot.bet","D09","WOOD","WOOD_007","S","2015-08-05","2015-08-19","2015-08-20","2015-12-03","2016-01-27","WOOD_007.S.20150819","5mkFtj0S+ggRycJyJqYyrQAXVPfTG/xF2YQRmdU1ml4=","carabid","SYNAME","Syntomus americanus","species","cf. species","Dejean",,2,"Lindroth, C. H. 1969. The ground-beetles (Carabidae, excl. Cicindelinae) of Canada and Alaska, parts 1-6. Opuscula E. Entomoligiska Sallskapet.","4oCBvlQIQ4DhSH30J22+0bs0GAacIQwk","a/0SlN26fEtmJ3LLysIxkaRUfZvckIBE","Apex of elytra sinuate| elytral striae not well defined| Could be Apristus sp. but pubescence starts on 4th antennal segment and some seem less than 3 mm.| difficult to see if mentum tooth is bifid"
"cb953de6-46c1-4db3-9497-411e16c78024","WOOD_007.basePlot.bet","D09","WOOD","WOOD_007","S","2015-08-05","2015-08-19","2015-08-20","2015-12-03","2016-01-22","WOOD_007.S.20150819","5mkFtj0S+ggRycJyJqYyrQmICVLCBayRKeSq+UeE7Bg=","carabid","CYMNEG","Cymindis neglecta","species",,"Haldeman",,4,"Lindroth, C. H. 1969. The ground-beetles (Carabidae, excl. Cicindelinae) of Canada and Alaska, parts 1-6. Opuscula E. Entomoligiska Sallskapet.","4oCBvlQIQ4DhSH30J22+0bs0GAacIQwk","a/0SlN26fEtmJ3LLysIxkaRUfZvckIBE",
"9ee8bcad-e044-42cf-ae80-9427373e7bc5","WOOD_007.basePlot.bet","D09","WOOD","WOOD_007","S","2015-08-05","2015-08-19","2015-08-20","2015-08-26",,"WOOD_007.S.20150819","5mkFtj0S+ggRycJyJqYyrXARCzba14UqWRQMYXMNIbk=","invert bycatch",,,,,,,,,,"49AT3csB7SNH9c2JnAOTHYMNXNZpKUYr",
"69aaf7fb-0350-43b5-8204-58384d679782","WOOD_002.basePlot.bet","D09","WOOD","WOOD_002","S","2015-08-05","2015-08-19","2015-08-20","2015-08-26",,"WOOD_002.S.20150819","V7nyjIgYGmPGW5RkcOYDIJSvKfV/8TaRdVLws6efP1o=","invert bycatch",,,,,,,,,,"49AT3csB7SNH9c2JnAOTHYMNXNZpKUYr",
"dc8360e2-947f-4b36-a48d-0b4e162c992b","WOOD_001.basePlot.bet","D09","WOOD","WOOD_001","S","2015-08-05","2015-08-19","2015-08-20","2015-08-27",,"WOOD_001.S.20150819","vZVALStcGzechsnwcGltVlO52N6ywq2ODVSN5QKm0L8=","invert bycatch",,,,,,,,,,"eE6kvSR3uoy9zdn7o7etq88/xsP7F3Qo",
"f1834fe2-109e-4886-aece-23412b072b7b","WOOD_006.basePlot.bet","D09","WOOD","WOOD_006","S","2015-08-05","2015-08-19","2015-08-20","2015-08-26",,"WOOD_006.S.20150819","WY3Zl9EyMieUvlDPxyB+0z3YZooY/nj550DRILEcg+c=","invert bycatch",,,,,,,,,,"49AT3csB7SNH9c2JnAOTHYMNXNZpKUYr",
"68e9cc99-0433-43db-a33b-f8264ab7800a","WOOD_006.basePlot.bet","D09","WOOD","WOOD_006","S","2015-08-05","2015-08-19","2015-08-20","2015-08-26",,"WOOD_006.S.20150819","WY3Zl9EyMieUvlDPxyB+08edahkLWAUHVvwm2PN1o1o=","other carabid","CARSP14","Carabidae sp.","family",,"Latreille",,1,"Other",,"49AT3csB7SNH9c2JnAOTHYMNXNZpKUYr","individualCount estimated based on number of pinning records|"
"bba23dee-14fc-4ba5-b156-2c1d0ca78704","WOOD_006.basePlot.bet","D09","WOOD","WOOD_006","S","2015-08-05","2015-08-19","2015-08-20","2015-12-02","2016-01-06","WOOD_006.S.20150819","WY3Zl9EyMieUvlDPxyB+01EmA2l9P7JOIdBhspAsUFY=","carabid","HARCOM","Harpalus compar","species","cf. species","LeConte",,1,"Lindroth, C. H. 1969. The ground-beetles (Carabidae, excl. Cicindelinae) of Canada and Alaska, parts 1-6. Opuscula E. Entomoligiska Sallskapet.","4oCBvlQIQ4DhSH30J22+0bs0GAacIQwk","a/0SlN26fEtmJ3LLysIxkaRUfZvckIBE","could be H. pensylvanicus but prothorax looks more like H. compar| on the large size for species but only two specimens| appendages pale| size 10.7 to 14.2 mm. for species"
"afcd12ba-650d-45da-aa5e-b55907ff99ca","WOOD_004.basePlot.bet","D09","WOOD","WOOD_004","S","2015-08-05","2015-08-19","2015-08-20","2015-08-26",,"WOOD_004.S.20150819","tVkCk1nh7tEzQiI23vMWyUZicBspBhuItAt/K1YmwwY=","invert bycatch",,,,,,,,,,"49AT3csB7SNH9c2JnAOTHYMNXNZpKUYr",
"b163acc6-94bc-4882-9ff1-7d991407f546","WOOD_004.basePlot.bet","D09","WOOD","WOOD_004","S","2015-08-05","2015-08-19","2015-08-20","2015-12-03","2016-01-22","WOOD_004.S.20150819","tVkCk1nh7tEzQiI23vMWycUbX4139lc4YN+7NoYLaUQ=","carabid","CYMNEG","Cymindis neglecta","species",,"Haldeman",,1,"Lindroth, C. H. 1969. The ground-beetles (Carabidae, excl. Cicindelinae) of Canada and Alaska, parts 1-6. Opuscula E. Entomoligiska Sallskapet.","4oCBvlQIQ4DhSH30J22+0bs0GAacIQwk","a/0SlN26fEtmJ3LLysIxkaRUfZvckIBE",
"773805fe-a0cd-414d-bfb5-e3ef3de07327","WOOD_004.basePlot.bet","D09","WOOD","WOOD_004","S","2015-08-05","2015-08-19","2015-08-20","2015-12-03","2016-01-25","WOOD_004.S.20150819","tVkCk1nh7tEzQiI23vMWyeUQ/+vqLtFIhIE/XGRNizc=","carabid","PTEMEL","Pterostichus melanarius melanarius","subspecies",,"Illiger",,1,"Lindroth, C. H. 1969. The ground-beetles (Carabidae, excl. Cicindelinae) of Canada and Alaska, parts 1-6. Opuscula E. Entomoligiska Sallskapet.","4oCBvlQIQ4DhSH30J22+0bs0GAacIQwk","a/0SlN26fEtmJ3LLysIxkaRUfZvckIBE",
"614b0264-ab1e-4211-88ba-290d39e99341","WOOD_023.basePlot.bet","D09","WOOD","WOOD_023","S","2015-08-05","2015-08-19","2015-08-20","2015-08-26",,"WOOD_023.S.20150819","HkhQBNKo1QB/33EtIZadeU+mg1CeOs9JH5Ht9Qtp8ts=","invert bycatch",,,,,,,,,,"49AT3csB7SNH9c2JnAOTHYMNXNZpKUYr",
"adefeb12-6a77-488f-bdf6-34d900032000","WOOD_003.basePlot.bet","D09","WOOD","WOOD_003","S","2015-08-05","2015-08-19","2015-08-20","2015-08-27",,"WOOD_003.S.20150819","gVhx7bcr2vPVxuC4MX3D7ZBZzC71EmViywdkzAf7Gvo=","invert bycatch",,,,,,,,,,"eE6kvSR3uoy9zdn7o7etq88/xsP7F3Qo",
"5336e49a-0a7b-4ddc-92c1-ee0422b2a38f","WOOD_001.basePlot.bet","D09","WOOD","WOOD_001","S","2015-08-05","2015-08-19","2015-08-20","2016-01-13","2016-01-25","WOOD_001.S.20150819","vZVALStcGzechsnwcGltVqSza27pkdIWdHK1qiBLCr4=","carabid","PTEMEL","Pterostichus melanarius melanarius","subspecies",,"Illiger",,1,"Lindroth, C. H. 1969. The ground-beetles (Carabidae, excl. Cicindelinae) of Canada and Alaska, parts 1-6. Opuscula E. Entomoligiska Sallskapet.","4oCBvlQIQ4DhSH30J22+0bs0GAacIQwk","a/0SlN26fEtmJ3LLysIxkaRUfZvckIBE",
"7fcd3c6e-9862-4d1d-a1ed-7d86efb047c9","WOOD_001.basePlot.bet","D09","WOOD","WOOD_001","S","2015-08-05","2015-08-19","2015-08-20","2016-01-13","2016-01-20","WOOD_001.S.20150819","vZVALStcGzechsnwcGltVl4oHLGCfFGZdGNmwKn9GXs=","carabid","HARSOM","Harpalus somnulentus","species","cf. species","Dejean",,1,"Lindroth, C. H. 1969. The ground-beetles (Carabidae, excl. Cicindelinae) of Canada and Alaska, parts 1-6. Opuscula E. Entomoligiska Sallskapet.","4oCBvlQIQ4DhSH30J22+0bs0GAacIQwk","a/0SlN26fEtmJ3LLysIxkaRUfZvckIBE",
"d931d3fe-516c-45a8-8edf-fbe62011e983","WOOD_002.basePlot.bet","D09","WOOD","WOOD_002","S","2015-08-05","2015-08-19","2015-08-20","2016-01-13","2016-01-25","WOOD_002.S.20150819","V7nyjIgYGmPGW5RkcOYDIKLDZHUgTF6EhNichFcEzLo=","carabid","PTEMEL","Pterostichus melanarius melanarius","subspecies",,"Illiger",,4,"Lindroth, C. H. 1969. The ground-beetles (Carabidae, excl. Cicindelinae) of Canada and Alaska, parts 1-6. Opuscula E. Entomoligiska Sallskapet.","4oCBvlQIQ4DhSH30J22+0bs0GAacIQwk","a/0SlN26fEtmJ3LLysIxkaRUfZvckIBE",
"33b3c0ce-3221-44ed-9001-0625edd89410","WOOD_023.basePlot.bet","D09","WOOD","WOOD_023","S","2015-08-05","2015-08-19","2015-08-20","2016-01-13","2016-01-25","WOOD_023.S.20150819","HkhQBNKo1QB/33EtIZadeYI6uh1ZUIiCLbXaNDNq51Y=","carabid","PTEMEL","Pterostichus melanarius melanarius","subspecies",,"Illiger",,7,"Lindroth, C. H. 1969. The ground-beetles (Carabidae, excl. Cicindelinae) of Canada and Alaska, parts 1-6. Opuscula E. Entomoligiska Sallskapet.","4oCBvlQIQ4DhSH30J22+0bs0GAacIQwk","a/0SlN26fEtmJ3LLysIxkaRUfZvckIBE",
"9ff2d9e9-e52c-4e73-bd1d-15e145b87117","WOOD_003.basePlot.bet","D09","WOOD","WOOD_003","S","2015-08-05","2015-08-19","2015-08-20","2016-01-13","2016-01-14","WOOD_003.S.20150819","gVhx7bcr2vPVxuC4MX3D7WV5jMwUp0Eomq01akcEXQg=","carabid","AMACUP","Amara cupreolata","species","cf. species","Putzeys",,1,"Lindroth, C. H. 1969. The ground-beetles (Carabidae, excl. Cicindelinae) of Canada and Alaska, parts 1-6. Opuscula E. Entomoligiska Sallskapet.","4oCBvlQIQ4DhSH30J22+0bs0GAacIQwk","a/0SlN26fEtmJ3LLysIxkaRUfZvckIBE",
"d5d99117-0db6-4c3b-b396-4259d5335831","WOOD_023.basePlot.bet","D09","WOOD","WOOD_023","W","2015-08-05","2015-08-19","2015-08-20","2015-08-26",,"WOOD_023.W.20150819","HkhQBNKo1QBPb44/Zt7AWvt5sv0e7Y3BzC7/KDCeAoQ=","invert bycatch",,,,,,,,,,"49AT3csB7SNH9c2JnAOTHYMNXNZpKUYr",
"34d3c443-159b-4a5a-b246-4b6eb0dc85d8","WOOD_004.basePlot.bet","D09","WOOD","WOOD_004","W","2015-08-05","2015-08-19","2015-08-20","2015-08-26",,"WOOD_004.W.20150819","tVkCk1nh7tHmUpCuPlsZHznX6HZ4z1aRXmW1hzHJ9BE=","invert bycatch",,,,,,,,,,"49AT3csB7SNH9c2JnAOTHYMNXNZpKUYr",
"56a433a4-857d-45e3-9d60-a95c7d17e477","WOOD_004.basePlot.bet","D09","WOOD","WOOD_004","W","2015-08-05","2015-08-19","2015-08-20","2015-12-03","2016-01-20","WOOD_004.W.20150819","tVkCk1nh7tHmUpCuPlsZH/8VNKLS3fe+50MyBNN4fRk=","carabid","POELUC","Poecilus lucublandus","species",,"Say",,2,"Lindroth, C. H. 1969. The ground-beetles (Carabidae, excl. Cicindelinae) of Canada and Alaska, parts 1-6. Opuscula E. Entomoligiska Sallskapet.","4oCBvlQIQ4DhSH30J22+0bs0GAacIQwk","a/0SlN26fEtmJ3LLysIxkaRUfZvckIBE",
"ee75a441-210f-4dad-a9b3-bc27ff3e694c","WOOD_001.basePlot.bet","D09","WOOD","WOOD_001","W","2015-08-05","2015-08-19","2015-08-20","2015-08-27",,"WOOD_001.W.20150819","vZVALStcGze4oqiSg8fWarl15U3Dj/qQN93Pc8zmIdg=","invert bycatch",,,,,,,,,,"eE6kvSR3uoy9zdn7o7etq88/xsP7F3Qo",
"815f636b-c851-40c7-a6f5-4cb5c865780c","WOOD_007.basePlot.bet","D09","WOOD","WOOD_007","W","2015-08-05","2015-08-19","2015-08-20","2015-12-03","2016-01-27","WOOD_007.W.20150819","5mkFtj0S+gjhtj3JnHzUKjrGnJZKHsSaMtzoYeMMDWU=","carabid","SYNAME","Syntomus americanus","species","cf. species","Dejean",,2,"Lindroth, C. H. 1969. The ground-beetles (Carabidae, excl. Cicindelinae) of Canada and Alaska, parts 1-6. Opuscula E. Entomoligiska Sallskapet.","4oCBvlQIQ4DhSH30J22+0bs0GAacIQwk","a/0SlN26fEtmJ3LLysIxkaRUfZvckIBE","Apex of elytra sinuate| elytral striae not well defined| Could be Apristus sp. but pubescence starts on 4th antennal segment and some seem less than 3 mm.| difficult to see if mentum tooth is bifid"
"170e3bf6-07e4-45e7-b8f0-db33c6036bd2","WOOD_002.basePlot.bet","D09","WOOD","WOOD_002","W","2015-08-05","2015-08-19","2015-08-20","2015-08-26",,"WOOD_002.W.20150819","V7nyjIgYGmM6sIIp+cKQBDfL1+zq2wJ3wrrcDxxdRuI=","invert bycatch",,,,,,,,,,"49AT3csB7SNH9c2JnAOTHYMNXNZpKUYr",
"5a65231f-455e-45f8-95a2-40ccc21a67d3","WOOD_005.basePlot.bet","D09","WOOD","WOOD_005","W","2015-08-05","2015-08-19","2015-08-20","2015-08-21",,"WOOD_005.W.20150819","Q/pjwyhQ09wS8nTqfpfAX0N08I8N4QlGM6nDF81tsnU=","other carabid","CARSP14","Carabidae sp.","family",,"Latreille",,1,"Other",,"eE6kvSR3uoy9zdn7o7etq88/xsP7F3Qo","individualCount estimated based on number of pinning records|"
"d6d0c711-5a14-420f-b9b0-8eaa7b1dce70","WOOD_005.basePlot.bet","D09","WOOD","WOOD_005","W","2015-08-05","2015-08-19","2015-08-20","2015-08-21",,"WOOD_005.W.20150819","Q/pjwyhQ09wS8nTqfpfAXyYwE4zxTM5AYrF1GkUAUtU=","invert bycatch",,,,,,,,,,"eE6kvSR3uoy9zdn7o7etq88/xsP7F3Qo",
"e0d2b0d4-08de-45b2-8cac-b1ba4de99e1f","WOOD_007.basePlot.bet","D09","WOOD","WOOD_007","W","2015-08-05","2015-08-19","2015-08-20","2015-08-26",,"WOOD_007.W.20150819","5mkFtj0S+gjhtj3JnHzUKm183KBNEmvuWVZb06+9izM=","invert bycatch",,,,,,,,,,"49AT3csB7SNH9c2JnAOTHYMNXNZpKUYr",
"57f72cee-d36a-4a93-b1fd-f769d6952fef","WOOD_002.basePlot.bet","D09","WOOD","WOOD_002","W","2015-08-05","2015-08-19","2015-08-20","2016-01-13","2016-01-14","WOOD_002.W.20150819","V7nyjIgYGmM6sIIp+cKQBDUMun9k10Id9oyRyEvJefI=","carabid","AMACOE","Amara coelebs","species","cf. species","Hayward",,1,"Lindroth, C. H. 1969. The ground-beetles (Carabidae, excl. Cicindelinae) of Canada and Alaska, parts 1-6. Opuscula E. Entomoligiska Sallskapet.","4oCBvlQIQ4DhSH30J22+0bs0GAacIQwk","a/0SlN26fEtmJ3LLysIxkaRUfZvckIBE",
"3ce01293-4d52-4006-a7d0-73c35db04c74","WOOD_002.basePlot.bet","D09","WOOD","WOOD_002","W","2015-08-05","2015-08-19","2015-08-20","2016-01-13","2016-01-22","WOOD_002.W.20150819","V7nyjIgYGmM6sIIp+cKQBEtanrGQ1tNWU8u5j3CoIG0=","carabid","CYMNEG","Cymindis neglecta","species",,"Haldeman",,3,"Lindroth, C. H. 1969. The ground-beetles (Carabidae, excl. Cicindelinae) of Canada and Alaska, parts 1-6. Opuscula E. Entomoligiska Sallskapet.","4oCBvlQIQ4DhSH30J22+0bs0GAacIQwk","a/0SlN26fEtmJ3LLysIxkaRUfZvckIBE",
"c7d071be-8e40-45bb-874d-04a2db0b0815","WOOD_007.basePlot.bet","D09","WOOD","WOOD_007","W","2015-08-05","2015-08-19","2015-08-20","2015-12-03","2016-01-22","WOOD_007.W.20150819","5mkFtj0S+gjhtj3JnHzUKmzyecq/lQZMvrX850xsqGw=","carabid","CYMNEG","Cymindis neglecta","species",,"Haldeman",,2,"Lindroth, C. H. 1969. The ground-beetles (Carabidae, excl. Cicindelinae) of Canada and Alaska, parts 1-6. Opuscula E. Entomoligiska Sallskapet.","4oCBvlQIQ4DhSH30J22+0bs0GAacIQwk","a/0SlN26fEtmJ3LLysIxkaRUfZvckIBE",
"bcbf1f54-c2c1-4e8b-b8e2-79c9ecfdf6e6","WOOD_023.basePlot.bet","D09","WOOD","WOOD_023","W","2015-08-05","2015-08-19","2015-08-20","2016-01-13","2016-01-21","WOOD_023.W.20150819","HkhQBNKo1QBPb44/Zt7AWjdmq9Bx1qysq/88eyT/enA=","carabid","OXYPUS","Oxypselaphus pusillus","species",,"LeConte",,1,"Lindroth, C. H. 1969. The ground-beetles (Carabidae, excl. Cicindelinae) of Canada and Alaska, parts 1-6. Opuscula E. Entomoligiska Sallskapet.","4oCBvlQIQ4DhSH30J22+0bs0GAacIQwk","a/0SlN26fEtmJ3LLysIxkaRUfZvckIBE",
"1ad1d822-cc55-4347-86e9-628d71e10dd9","WOOD_004.basePlot.bet","D09","WOOD","WOOD_004","W","2015-08-05","2015-08-19","2015-08-20","2015-12-03","2016-01-15","WOOD_004.W.20150819","tVkCk1nh7tHmUpCuPlsZH5p6HP0EJBUkdQ6yNbl4JAs=","carabid","HARSOM","Harpalus somnulentus","species","cf. species","Dejean",,1,"Lindroth, C. H. 1969. The ground-beetles (Carabidae, excl. Cicindelinae) of Canada and Alaska, parts 1-6. Opuscula E. Entomoligiska Sallskapet.","4oCBvlQIQ4DhSH30J22+0bs0GAacIQwk","a/0SlN26fEtmJ3LLysIxkaRUfZvckIBE","Lindroth some are H. carbonatus| has a larger shoulder tooth| larger in size| and sometiemes more punctate on prothorax than H. opacipennis| could be H. nigritarsus or H. herbivagus"
"01860890-2fd3-473f-94de-592d0d49366f","WOOD_001.basePlot.bet","D09","WOOD","WOOD_001","W","2015-08-05","2015-08-19","2015-08-20","2016-01-13","2016-01-25","WOOD_001.W.20150819","vZVALStcGze4oqiSg8fWai8xU4ecMsSP2t3rB7UXwzE=","carabid","PTEMEL","Pterostichus melanarius melanarius","subspecies",,"Illiger",,2,"Lindroth, C. H. 1969. The ground-beetles (Carabidae, excl. Cicindelinae) of Canada and Alaska, parts 1-6. Opuscula E. Entomoligiska Sallskapet.","4oCBvlQIQ4DhSH30J22+0bs0GAacIQwk","a/0SlN26fEtmJ3LLysIxkaRUfZvckIBE",
"4ea25b7b-235b-4a76-ab68-697bd28f2c2e","WOOD_006.basePlot.bet","D09","WOOD","WOOD_006","E","2015-08-05","2015-08-19","2015-08-20","2015-08-26",,"WOOD_006.E.20150819","WY3Zl9EyMidsY05I3ZVnB47S5LHW0vJlj2WJ9NTK0mI=","invert bycatch",,,,,,,,,,"49AT3csB7SNH9c2JnAOTHYMNXNZpKUYr",
"bfb2b4c8-32fa-45d0-95cd-c5b0e02116f0","WOOD_007.basePlot.bet","D09","WOOD","WOOD_007","E","2015-08-05","2015-08-19","2015-08-20","2015-08-26",,"WOOD_007.E.20150819","5mkFtj0S+ghVPgPw3BKW9agKfQwYuNpYmBRnYxNgz3w=","invert bycatch",,,,,,,,,,"49AT3csB7SNH9c2JnAOTHYMNXNZpKUYr",
"d94836c8-75d5-4af3-b8ec-94bca039baac","WOOD_005.basePlot.bet","D09","WOOD","WOOD_005","E","2015-08-05","2015-08-19","2015-08-20","2015-08-21",,"WOOD_005.E.20150819","Q/pjwyhQ09yvsoMfuEsR3V2M0yzZ4n6YPTcHYMVM2s4=","invert bycatch",,,,,,,,,,"eE6kvSR3uoy9zdn7o7etq88/xsP7F3Qo",
"7dcd0945-a1ec-4796-95d8-4d6fd32d6ec0","WOOD_021.basePlot.bet","D09","WOOD","WOOD_021","E","2015-08-05","2015-08-19","2015-08-20","2015-08-21",,"WOOD_021.E.20150819","WrmnCoit366aYWK9g06YaSAYdEYrvAd1Le87+diiLlo=","invert bycatch",,,,,,,,,,"eE6kvSR3uoy9zdn7o7etq88/xsP7F3Qo",
"c35e0265-7d3a-48e5-b026-5bc0c662adef","WOOD_003.basePlot.bet","D09","WOOD","WOOD_003","E","2015-08-05","2015-08-19","2015-08-20","2015-08-27",,"WOOD_003.E.20150819","gVhx7bcr2vPfgD1jJpAncBSn8rUG6CcnMFyJpZpeVYQ=","invert bycatch",,,,,,,,,,"eE6kvSR3uoy9zdn7o7etq88/xsP7F3Qo",
"1364db6b-1031-4e4b-9fd6-4e25e1e352e9","WOOD_004.basePlot.bet","D09","WOOD","WOOD_004","E","2015-08-05","2015-08-19","2015-08-20","2015-08-26",,"WOOD_004.E.20150819","tVkCk1nh7tHYZrRML8ZImaYB0ZTevmDvF9oVGo9VCi0=","invert bycatch",,,,,,,,,,"49AT3csB7SNH9c2JnAOTHYMNXNZpKUYr",
"94aeffff-0960-4407-b876-8b1f3c34502b","WOOD_023.basePlot.bet","D09","WOOD","WOOD_023","E","2015-08-05","2015-08-19","2015-08-20","2015-08-26",,"WOOD_023.E.20150819","HkhQBNKo1QDH9WfGaaJTwFSWP7Kq0mOd236RLGf8c38=","invert bycatch",,,,,,,,,,"49AT3csB7SNH9c2JnAOTHYMNXNZpKUYr",
"7b5ad63c-c527-46e9-b0b7-2f07371e9094","WOOD_002.basePlot.bet","D09","WOOD","WOOD_002","E","2015-08-05","2015-08-19","2015-08-20","2015-08-26",,"WOOD_002.E.20150819","V7nyjIgYGmPsrfFWaAbdcz/9AHZSVRKjpdySn3EpcL0=","invert bycatch",,,,,,,,,,"49AT3csB7SNH9c2JnAOTHYMNXNZpKUYr",
"2fd81012-eea8-444e-b029-0d45377a65cf","WOOD_001.basePlot.bet","D09","WOOD","WOOD_001","E","2015-08-05","2015-08-19","2015-08-20","2015-08-27",,"WOOD_001.E.20150819","vZVALStcGzcsUDFQL3eqjZQO8capcKyiLpzT7wJNwDI=","invert bycatch",,,,,,,,,,"eE6kvSR3uoy9zdn7o7etq88/xsP7F3Qo",
"9c58b046-430a-4b9b-9130-1cdc4b4c1242","WOOD_006.basePlot.bet","D09","WOOD","WOOD_006","E","2015-08-05","2015-08-19","2015-08-20","2015-12-03","2016-01-25","WOOD_006.E.20150819","WY3Zl9EyMidsY05I3ZVnB6pk9jTyK1qZ6gzgl37E//Y=","carabid","PTEMEL","Pterostichus melanarius melanarius","subspecies",,"Illiger",,5,"Lindroth, C. H. 1969. The ground-beetles (Carabidae, excl. Cicindelinae) of Canada and Alaska, parts 1-6. Opuscula E. Entomoligiska Sallskapet.","4oCBvlQIQ4DhSH30J22+0bs0GAacIQwk","a/0SlN26fEtmJ3LLysIxkaRUfZvckIBE",
"17a0f2c8-90a6-4acb-92e2-a5e314dfd8d9","WOOD_021.basePlot.bet","D09","WOOD","WOOD_021","E","2015-08-05","2015-08-19","2015-08-20","2015-12-02","2016-01-25","WOOD_021.E.20150819","WrmnCoit366aYWK9g06YaS/G5rLqsAiBoFbAoxJmhFk=","carabid","PTEMEL","Pterostichus melanarius melanarius","subspecies",,"Illiger",,4,"Lindroth, C. H. 1969. The ground-beetles (Carabidae, excl. Cicindelinae) of Canada and Alaska, parts 1-6. Opuscula E. Entomoligiska Sallskapet.","4oCBvlQIQ4DhSH30J22+0bs0GAacIQwk","a/0SlN26fEtmJ3LLysIxkaRUfZvckIBE",
"0a8d0ffb-f058-43e2-ad76-81f9ed944836","WOOD_007.basePlot.bet","D09","WOOD","WOOD_007","E","2015-08-05","2015-08-19","2015-08-20","2015-12-03","2016-01-27","WOOD_007.E.20150819","5mkFtj0S+ghVPgPw3BKW9cIk8Di+rMSK9eagM7KU2do=","carabid","SYNAME","Syntomus americanus","species","cf. species","Dejean",,4,"Lindroth, C. H. 1969. The ground-beetles (Carabidae, excl. Cicindelinae) of Canada and Alaska, parts 1-6. Opuscula E. Entomoligiska Sallskapet.","4oCBvlQIQ4DhSH30J22+0bs0GAacIQwk","a/0SlN26fEtmJ3LLysIxkaRUfZvckIBE","Apex of elytra sinuate| elytral striae not well defined| Could be Apristus sp. but pubescence starts on 4th antennal segment and some seem less than 3 mm.| difficult to see if mentum tooth is bifid"
"02736adc-7a2b-4cc6-be5b-0b19116a8926","WOOD_002.basePlot.bet","D09","WOOD","WOOD_002","E","2015-08-05","2015-08-19","2015-08-20","2016-01-13","2016-01-22","WOOD_002.E.20150819","V7nyjIgYGmPsrfFWaAbdc/Df0Bz6GTtrD/THn5Czh+8=","carabid","BEMQUA4","Bembidion quadrimaculatum oppositum","subspecies",,"Say",,1,"Lindroth, C. H. 1969. The ground-beetles (Carabidae, excl. Cicindelinae) of Canada and Alaska, parts 1-6. Opuscula E. Entomoligiska Sallskapet.","4oCBvlQIQ4DhSH30J22+0bs0GAacIQwk","a/0SlN26fEtmJ3LLysIxkaRUfZvckIBE",
"fe6a3a14-93df-408d-9c56-3fb23db1635a","WOOD_001.basePlot.bet","D09","WOOD","WOOD_001","E","2015-08-05","2015-08-19","2015-08-20","2016-01-13","2016-01-22","WOOD_001.E.20150819","vZVALStcGzcsUDFQL3eqjW8CoemYy1v6t5+QD2Kzs7A=","carabid","CYMNEG","Cymindis neglecta","species",,"Haldeman",,1,"Lindroth, C. H. 1969. The ground-beetles (Carabidae, excl. Cicindelinae) of Canada and Alaska, parts 1-6. Opuscula E. Entomoligiska Sallskapet.","4oCBvlQIQ4DhSH30J22+0bs0GAacIQwk","a/0SlN26fEtmJ3LLysIxkaRUfZvckIBE",
"75d8af6e-7f32-44f9-b06b-723f7c7e5232","WOOD_023.basePlot.bet","D09","WOOD","WOOD_023","E","2015-08-05","2015-08-19","2015-08-20","2015-12-03","2016-01-13","WOOD_023.E.20150819","HkhQBNKo1QDH9WfGaaJTwAgbUh6OBm9ZWPvxXv6kbWU=","carabid","OXYPUS","Oxypselaphus pusillus","species",,"LeConte",,1,"Lindroth, C. H. 1969. The ground-beetles (Carabidae, excl. Cicindelinae) of Canada and Alaska, parts 1-6. Opuscula E. Entomoligiska Sallskapet.","4oCBvlQIQ4DhSH30J22+0bs0GAacIQwk","a/0SlN26fEtmJ3LLysIxkaRUfZvckIBE",
"a902c43a-d0ed-41b0-ab2d-9645a287b73b","WOOD_023.basePlot.bet","D09","WOOD","WOOD_023","E","2015-08-05","2015-08-19","2015-08-20","2015-12-03","2016-01-25","WOOD_023.E.20150819","HkhQBNKo1QDH9WfGaaJTwMLOBmLI4r6WoGtj7cgsuOw=","carabid","PTEMEL","Pterostichus melanarius melanarius","subspecies",,"Illiger",,10,"Lindroth, C. H. 1969. The ground-beetles (Carabidae, excl. Cicindelinae) of Canada and Alaska, parts 1-6. Opuscula E. Entomoligiska Sallskapet.","4oCBvlQIQ4DhSH30J22+0bs0GAacIQwk","a/0SlN26fEtmJ3LLysIxkaRUfZvckIBE",
"af986ad0-2c90-4047-bb56-f5ac059846c2","WOOD_002.basePlot.bet","D09","WOOD","WOOD_002","E","2015-08-05","2015-08-19","2015-08-20","2016-01-13","2016-01-22","WOOD_002.E.20150819","V7nyjIgYGmPsrfFWaAbdc2bLrY2KA496KiHGqA55m5g=","carabid","CYMNEG","Cymindis neglecta","species",,"Haldeman",,2,"Lindroth, C. H. 1969. The ground-beetles (Carabidae, excl. Cicindelinae) of Canada and Alaska, parts 1-6. Opuscula E. Entomoligiska Sallskapet.","4oCBvlQIQ4DhSH30J22+0bs0GAacIQwk","a/0SlN26fEtmJ3LLysIxkaRUfZvckIBE",
"aee2199a-cc6f-4e17-b6d8-4d641c20730d","WOOD_002.basePlot.bet","D09","WOOD","WOOD_002","E","2015-08-05","2015-08-19","2015-08-20","2016-01-13","2016-01-14","WOOD_002.E.20150819","V7nyjIgYGmPsrfFWaAbdc4aM7cORz6QGz7+BRM+G9jA=","carabid","AMACOE","Amara coelebs","species","cf. species","Hayward",,1,"Lindroth, C. H. 1969. The ground-beetles (Carabidae, excl. Cicindelinae) of Canada and Alaska, parts 1-6. Opuscula E. Entomoligiska Sallskapet.","4oCBvlQIQ4DhSH30J22+0bs0GAacIQwk","a/0SlN26fEtmJ3LLysIxkaRUfZvckIBE",
"051cb9b1-59b7-4ba7-ac3a-6a61cee33b25","WOOD_023.basePlot.bet","D09","WOOD","WOOD_023","E","2015-08-05","2015-08-19","2015-08-20","2015-12-03","2016-01-15","WOOD_023.E.20150819","HkhQBNKo1QDH9WfGaaJTwCTMNCR7m+MOF5BMu6XaRf8=","carabid","CALGRE","Calathus gregarius","species","cf. species","Say",,1,"Lindroth, C. H. 1969. The ground-beetles (Carabidae, excl. Cicindelinae) of Canada and Alaska, parts 1-6. Opuscula E. Entomoligiska Sallskapet.","4oCBvlQIQ4DhSH30J22+0bs0GAacIQwk","a/0SlN26fEtmJ3LLysIxkaRUfZvckIBE",
"cb9ca68f-9464-40ac-9b81-6d47142375c9","WOOD_023.basePlot.bet","D09","WOOD","WOOD_023","E","2015-08-05","2015-08-19","2015-08-20","2015-12-03","2016-01-15","WOOD_023.E.20150819","HkhQBNKo1QDH9WfGaaJTwDc4eEI151BhH4ncEU0cV9c=","carabid","BADNEO","Badister neopulchellus","species",,"Lindroth",,1,"Lindroth, C. H. 1969. The ground-beetles (Carabidae, excl. Cicindelinae) of Canada and Alaska, parts 1-6. Opuscula E. Entomoligiska Sallskapet.","4oCBvlQIQ4DhSH30J22+0bs0GAacIQwk","a/0SlN26fEtmJ3LLysIxkaRUfZvckIBE",
"42d75c13-942c-486c-b82f-1e29f68f7ab4","WOOD_003.basePlot.bet","D09","WOOD","WOOD_003","E","2015-08-05","2015-08-19","2015-08-20","2015-12-03","2016-01-27","WOOD_003.E.20150819","gVhx7bcr2vPfgD1jJpAncOW7ijWGYtIjC8hb54xKteA=","carabid","HAROPA","Harpalus opacipennis","species","cf. species","Haldeman",,1,"Lindroth, C. H. 1969. The ground-beetles (Carabidae, excl. Cicindelinae) of Canada and Alaska, parts 1-6. Opuscula E. Entomoligiska Sallskapet.","4oCBvlQIQ4DhSH30J22+0bs0GAacIQwk","a/0SlN26fEtmJ3LLysIxkaRUfZvckIBE",
"71c87ca1-6075-4e45-be00-6fdca8048207","WOOD_003.basePlot.bet","D09","WOOD","WOOD_003","E","2015-08-05","2015-08-19","2015-08-20","2015-12-03","2016-01-20","WOOD_003.E.20150819","gVhx7bcr2vPfgD1jJpAncC7GuoRjoUUeMXcsKauiP0I=","carabid","HARSOM","Harpalus somnulentus","species","cf. species","Dejean",,1,"Lindroth, C. H. 1969. The ground-beetles (Carabidae, excl. Cicindelinae) of Canada and Alaska, parts 1-6. Opuscula E. Entomoligiska Sallskapet.","4oCBvlQIQ4DhSH30J22+0bs0GAacIQwk","a/0SlN26fEtmJ3LLysIxkaRUfZvckIBE",
"29dd6446-0d27-4800-aefa-497bd2db718f","WOOD_023.basePlot.bet","D09","WOOD","WOOD_023","E","2015-08-05","2015-08-19","2015-08-20","2015-12-03","2016-01-25","WOOD_023.E.20150819","HkhQBNKo1QDH9WfGaaJTwCDS+MiiYfJL8snwLe/mWAc=","carabid","PTECOR3","Pterostichus corvinus","species","cf. species","Dejean",,1,"Lindroth, C. H. 1969. The ground-beetles (Carabidae, excl. Cicindelinae) of Canada and Alaska, parts 1-6. Opuscula E. Entomoligiska Sallskapet.","4oCBvlQIQ4DhSH30J22+0bs0GAacIQwk","a/0SlN26fEtmJ3LLysIxkaRUfZvckIBE",
"2370b898-9208-46e0-a54a-9389cd7261e8","WOOD_004.basePlot.bet","D09","WOOD","WOOD_004","E","2015-08-05","2015-08-19","2015-08-20","2015-12-03","2016-01-25","WOOD_004.E.20150819","tVkCk1nh7tHYZrRML8ZImXZnbdCgUf1zY0YJuoBwSaw=","carabid","PTEMEL","Pterostichus melanarius melanarius","subspecies",,"Illiger",,3,"Lindroth, C. H. 1969. The ground-beetles (Carabidae, excl. Cicindelinae) of Canada and Alaska, parts 1-6. Opuscula E. Entomoligiska Sallskapet.","4oCBvlQIQ4DhSH30J22+0bs0GAacIQwk","a/0SlN26fEtmJ3LLysIxkaRUfZvckIBE",
"747f31ae-d5b4-45f0-abd0-3a0ecf9ccc0b","WOOD_002.basePlot.bet","D09","WOOD","WOOD_002","E","2015-08-05","2015-08-19","2015-08-20","2016-01-13","2016-01-14","WOOD_002.E.20150819","V7nyjIgYGmPsrfFWaAbdc7MC7fX66W9l5Lw0wYkWIpE=","carabid","AMAANG1","Amara angustata","species",,"Say",,1,"Lindroth, C. H. 1969. The ground-beetles (Carabidae, excl. Cicindelinae) of Canada and Alaska, parts 1-6. Opuscula E. Entomoligiska Sallskapet.","4oCBvlQIQ4DhSH30J22+0bs0GAacIQwk","a/0SlN26fEtmJ3LLysIxkaRUfZvckIBE",
"3f9b4400-df0f-40d3-8cb8-ccefeaa72e47","WOOD_007.basePlot.bet","D09","WOOD","WOOD_007","E","2015-08-05","2015-08-19","2015-08-20","2015-12-03","2016-01-22","WOOD_007.E.20150819","5mkFtj0S+ghVPgPw3BKW9QtKd/R+qodwsVfFHz4Sz3o=","carabid","CYMNEG","Cymindis neglecta","species",,"Haldeman",,13,"Lindroth, C. H. 1969. The ground-beetles (Carabidae, excl. Cicindelinae) of Canada and Alaska, parts 1-6. Opuscula E. Entomoligiska Sallskapet.","4oCBvlQIQ4DhSH30J22+0bs0GAacIQwk","a/0SlN26fEtmJ3LLysIxkaRUfZvckIBE",
"3a167288-15e3-47bd-866a-dceea86ad4d4","WOOD_002.basePlot.bet","D09","WOOD","WOOD_002","E","2015-08-05","2015-08-19","2015-08-20","2016-01-13","2016-01-25","WOOD_002.E.20150819","V7nyjIgYGmPsrfFWaAbdc9Qe2gOKEnpFIWFfIgxI37I=","carabid","PTEMEL","Pterostichus melanarius melanarius","subspecies",,"Illiger",,3,"Lindroth, C. H. 1969. The ground-beetles (Carabidae, excl. Cicindelinae) of Canada and Alaska, parts 1-6. Opuscula E. Entomoligiska Sallskapet.","4oCBvlQIQ4DhSH30J22+0bs0GAacIQwk","a/0SlN26fEtmJ3LLysIxkaRUfZvckIBE",
"08af1eab-eac0-4d09-aaa5-3635a8a7075b","WOOD_024.basePlot.bet","D09","WOOD","WOOD_024","N","2015-08-05","2015-08-19","2015-08-20","2015-08-21",,"WOOD_024.N.20150819","rKE54NR9lxREHzj3B6VcLahH6GyPTex4QOUWsjZQFF0=","invert bycatch",,,,,,,,,,"eE6kvSR3uoy9zdn7o7etq88/xsP7F3Qo",
"06d7b593-0deb-417d-aa47-cb083bc077cf","WOOD_004.basePlot.bet","D09","WOOD","WOOD_004","N","2015-08-05","2015-08-19","2015-08-20","2015-08-26",,"WOOD_004.N.20150819","tVkCk1nh7tHzM8+WdK+C/nOUh8Q8RpLw2qCP5pndaIE=","invert bycatch",,,,,,,,,,"49AT3csB7SNH9c2JnAOTHYMNXNZpKUYr",
"dead124e-dc67-4c40-8982-4cbc26602fca","WOOD_006.basePlot.bet","D09","WOOD","WOOD_006","N","2015-08-05","2015-08-19","2015-08-20","2015-08-26",,"WOOD_006.N.20150819","WY3Zl9EyMicPkFOmFhW1QvZJS38Z6PlQcUvBLBOnRiM=","invert bycatch",,,,,,,,,,"49AT3csB7SNH9c2JnAOTHYMNXNZpKUYr",
"79575815-4bc9-4395-8e67-f1069a5a51fc","WOOD_005.basePlot.bet","D09","WOOD","WOOD_005","N","2015-08-05","2015-08-19","2015-08-20","2015-08-21",,"WOOD_005.N.20150819","Q/pjwyhQ09ycrZ7nsLw/Qxh2sKhP1kHFG6qhrJogQXA=","invert bycatch",,,,,,,,,,"eE6kvSR3uoy9zdn7o7etq88/xsP7F3Qo",
"fb71e1db-9d81-4427-b509-a16618666990","WOOD_007.basePlot.bet","D09","WOOD","WOOD_007","N","2015-08-05","2015-08-19","2015-08-20","2015-08-26",,"WOOD_007.N.20150819","5mkFtj0S+gg8JsQ8+kY2DQmwaIOF6EOOSnvbXvc96hU=","invert bycatch",,,,,,,,,,"49AT3csB7SNH9c2JnAOTHYMNXNZpKUYr",
"9778f6e8-e078-4068-a688-dfbc417ea23a","WOOD_002.basePlot.bet","D09","WOOD","WOOD_002","N","2015-08-05","2015-08-19","2015-08-20","2015-08-26",,"WOOD_002.N.20150819","V7nyjIgYGmOq7etLsw3mo7dZiA1r+lnw7rPeHfpEaIY=","invert bycatch",,,,,,,,,,"49AT3csB7SNH9c2JnAOTHYMNXNZpKUYr",
"2970ded4-4a24-4934-9bf1-cb90a512b9c5","WOOD_003.basePlot.bet","D09","WOOD","WOOD_003","N","2015-08-05","2015-08-19","2015-08-20","2015-08-27",,"WOOD_003.N.20150819","gVhx7bcr2vMPQlmoe6P0O+UJMQ8WSsMocU1YBbhTef8=","invert bycatch",,,,,,,,,,"eE6kvSR3uoy9zdn7o7etq88/xsP7F3Qo",
"8edd66c0-9a99-46b0-a562-5ea6fd8b2122","WOOD_023.basePlot.bet","D09","WOOD","WOOD_023","N","2015-08-05","2015-08-19","2015-08-20","2015-08-26",,"WOOD_023.N.20150819","HkhQBNKo1QAlL2jarEbgAh8tZbnau9v4jwH5Tqxiqt4=","invert bycatch",,,,,,,,,,"49AT3csB7SNH9c2JnAOTHYMNXNZpKUYr",
"5ab1426a-b3fd-416f-80a4-bf2b4d840838","WOOD_001.basePlot.bet","D09","WOOD","WOOD_001","N","2015-08-05","2015-08-19","2015-08-20","2015-08-27",,"WOOD_001.N.20150819","vZVALStcGzemkswto4CoLQ+oIxQZlsKVhIcM5sxvGo4=","invert bycatch",,,,,,,,,,"eE6kvSR3uoy9zdn7o7etq88/xsP7F3Qo",
"1722aa62-bf5c-43b2-9708-14649bc3617c","WOOD_024.basePlot.bet","D09","WOOD","WOOD_024","N","2015-08-05","2015-08-19","2015-08-20","2015-12-03","2016-01-20","WOOD_024.N.20150819","rKE54NR9lxREHzj3B6VcLbtWbM0kr8KC0mPpzJ36bPc=","carabid","CALADV","Calathus advena","species",,"LeConte",,13,"Lindroth, C. H. 1969. The ground-beetles (Carabidae, excl. Cicindelinae) of Canada and Alaska, parts 1-6. Opuscula E. Entomoligiska Sallskapet.","4oCBvlQIQ4DhSH30J22+0bs0GAacIQwk","a/0SlN26fEtmJ3LLysIxkaRUfZvckIBE",
"d7890e26-d2d7-4810-813c-6a02adad285a","WOOD_024.basePlot.bet","D09","WOOD","WOOD_024","N","2015-08-05","2015-08-19","2015-08-20","2015-12-03","2016-01-25","WOOD_024.N.20150819","rKE54NR9lxREHzj3B6VcLQxH842EyenqB+KfM3mWHHY=","carabid","PTEMEL","Pterostichus melanarius melanarius","subspecies",,"Illiger",,1,"Lindroth, C. H. 1969. The ground-beetles (Carabidae, excl. Cicindelinae) of Canada and Alaska, parts 1-6. Opuscula E. Entomoligiska Sallskapet.","4oCBvlQIQ4DhSH30J22+0bs0GAacIQwk","a/0SlN26fEtmJ3LLysIxkaRUfZvckIBE",
"f83794a0-946c-4297-96db-ce269d58f91a","WOOD_006.basePlot.bet","D09","WOOD","WOOD_006","N","2015-08-05","2015-08-19","2015-08-20","2015-12-02","2016-01-25","WOOD_006.N.20150819","WY3Zl9EyMicPkFOmFhW1QmCEG7yu0ogReukSJoZhc3Q=","carabid","PTEMEL","Pterostichus melanarius melanarius","subspecies",,"Illiger",,1,"Lindroth, C. H. 1969. The ground-beetles (Carabidae, excl. Cicindelinae) of Canada and Alaska, parts 1-6. Opuscula E. Entomoligiska Sallskapet.","4oCBvlQIQ4DhSH30J22+0bs0GAacIQwk","a/0SlN26fEtmJ3LLysIxkaRUfZvckIBE",
"8c05309c-3133-425a-94e6-e23466574647","WOOD_003.basePlot.bet","D09","WOOD","WOOD_003","N","2015-08-05","2015-08-19","2015-08-20","2016-01-13","2016-01-20","WOOD_003.N.20150819","gVhx7bcr2vMPQlmoe6P0OxjMQf+hiw++zbWNbROYh18=","carabid","HARSOM","Harpalus somnulentus","species","cf. species","Dejean",,3,"Lindroth, C. H. 1969. The ground-beetles (Carabidae, excl. Cicindelinae) of Canada and Alaska, parts 1-6. Opuscula E. Entomoligiska Sallskapet.","4oCBvlQIQ4DhSH30J22+0bs0GAacIQwk","a/0SlN26fEtmJ3LLysIxkaRUfZvckIBE",
"64c14be2-2ebb-48de-aed6-906de9ea3036","WOOD_003.basePlot.bet","D09","WOOD","WOOD_003","N","2015-08-05","2015-08-19","2015-08-20","2016-01-13","2016-01-27","WOOD_003.N.20150819","gVhx7bcr2vMPQlmoe6P0O8ndClIkqZ/3/TZNU6YXmPY=","carabid","SYNAME","Syntomus americanus","species","cf. species","Dejean",,1,"Lindroth, C. H. 1969. The ground-beetles (Carabidae, excl. Cicindelinae) of Canada and Alaska, parts 1-6. Opuscula E. Entomoligiska Sallskapet.","4oCBvlQIQ4DhSH30J22+0bs0GAacIQwk","a/0SlN26fEtmJ3LLysIxkaRUfZvckIBE",
