uid,namedLocation,domainID,siteID,plotID,trapID,plotType,nlcdClass,decimalLatitude,decimalLongitude,geodeticDatum,coordinateUncertainty,elevation,elevationUncertainty,setDate,collectDate,eventID,daysOfTrapping,sampleCollected,sampleID,cupStatus,lidStatus,fluidLevel,samplingProtocolVersion,recordedBy,remarks
"027ca69a-c598-4f55-9e3b-7ba21e5b2502","GUAN_006.basePlot.bet","D04","GUAN","GUAN_006","E","distributed","evergreenForest",17.963818,-66.875668,"WGS84",20.2,101.3,0.3,"2016-05-30","2016-06-13","GUAN.2016.24",14,"Y","GUAN_006.E.20160613","Ok","Ok","Ok","NEON.DOC.014050vH","zPBe+8pzAK0B2URIObnv4uYPPEuv017obsOPc+5Qw/c=",
"8258a5e8-980e-4ac7-83bc-469f496ac087","GUAN_005.basePlot.bet","D04","GUAN","GUAN_005","W","distributed","evergreenForest",17.968744,-66.880447,"WGS84",20.2,164.3,0.2,"2016-05-30","2016-06-13","GUAN.2016.24",14,"Y","GUAN_005.W.20160613","Ok","Ok","High","NEON.DOC.014050vH","zPBe+8pzAK0B2URIObnv4uYPPEuv017obsOPc+5Qw/c=",
"09c790e5-7587-46ae-900c-02361234a1ca","GUAN_005.basePlot.bet","D04","GUAN","GUAN_005","E","distributed","evergreenForest",17.968744,-66.880447,"WGS84",20.2,164.3,0.2,"2016-05-30","2016-06-13","GUAN.2016.24",14,"Y","GUAN_005.E.20160613","Ok","Ok","High","NEON.DOC.014050vH","zPBe+8pzAK0B2URIObnv4uYPPEuv017obsOPc+5Qw/c=",
"76c86807-8b07-497b-aabd-3ea5a951a983","GUAN_010.basePlot.bet","D04","GUAN","GUAN_010","E","distributed","evergreenForest",17.972441,-66.871318,"WGS84",20.1,177.6,0.1,"2016-05-30","2016-06-13","GUAN.2016.24",14,"Y","GUAN_010.E.20160613","Ok","Ok","Ok","NEON.DOC.014050vH","zPBe+8pzAK0B2URIObnv4uYPPEuv017obsOPc+5Qw/c=",
"1ce43eba-e2ef-4360-b4fe-42bb6eebc81b","GUAN_003.basePlot.bet","D04","GUAN","GUAN_003","E","distributed","evergreenForest",17.973133,-66.861701,"WGS84",20.3,182.9,0.3,"2016-05-30","2016-06-13","GUAN.2016.24",14,"Y","GUAN_003.E.20160613","Ok","Ok","Ok","NEON.DOC.014050vH","JbCt3ZVS0Z+JTvkxNP0bfo8iI2dYxsDX",
"f3ddc92d-4200-4470-b75c-b060b696eb96","GUAN_002.basePlot.bet","D04","GUAN","GUAN_002","E","distributed","evergreenForest",17.970294,-66.824633,"WGS84",20.1,89.1,0.1,"2016-05-30","2016-06-13","GUAN.2016.24",14,"Y","GUAN_002.E.20160613","Ok","Ok","Ok","NEON.DOC.014050vH","dkUVz+Ep9mjwe8AKJjPrCYTGVeHZyOun",
"56b9cbf9-1a3f-4ec5-b368-8f990b4d6e7e","GUAN_001.basePlot.bet","D04","GUAN","GUAN_001","E","distributed","evergreenForest",17.972770,-66.851235,"WGS84",20.2,152.1,0.2,"2016-05-30","2016-06-13","GUAN.2016.24",14,"Y","GUAN_001.E.20160613","Ok","Ok","Ok","NEON.DOC.014050vH","JbCt3ZVS0Z+JTvkxNP0bfo8iI2dYxsDX",
"8e1c7668-e563-40f1-9c73-41766efe88f7","GUAN_009.basePlot.bet","D04","GUAN","GUAN_009","E","distributed","evergreenForest",17.979430,-66.867833,"WGS84",20.1,116.5,0.1,"2016-05-30","2016-06-13","GUAN.2016.24",14,"Y","GUAN_009.E.20160613","Ok","Ok","Ok","NEON.DOC.014050vH","JbCt3ZVS0Z+JTvkxNP0bfo8iI2dYxsDX",
"697364ff-fa62-466c-9ff5-b14827558919","GUAN_008.basePlot.bet","D04","GUAN","GUAN_008","E","distributed","evergreenForest",17.965762,-66.832036,"WGS84",20.1,65.8,0.1,"2016-05-30","2016-06-13","GUAN.2016.24",14,"Y","GUAN_008.E.20160613","Disturbed","Ok","Ok","NEON.DOC.014050vH","dkUVz+Ep9mjwe8AKJjPrCYTGVeHZyOun",
"72f39067-ce6c-49b4-beec-27e1a4f8945d","GUAN_004.basePlot.bet","D04","GUAN","GUAN_004","E","distributed","evergreenForest",17.969254,-66.852670,"WGS84",20.1,133.5,0.1,"2016-05-30","2016-06-13","GUAN.2016.24",14,"Y","GUAN_004.E.20160613","Ok","Ok","Ok","NEON.DOC.014050vH","dkUVz+Ep9mjwe8AKJjPrCYTGVeHZyOun",
"2d6fe3df-ac19-4639-b825-a1d2ba94c468","GUAN_003.basePlot.bet","D04","GUAN","GUAN_003","N","distributed","evergreenForest",17.973133,-66.861701,"WGS84",20.3,182.9,0.3,"2016-05-30","2016-06-13","GUAN.2016.24",14,"Y","GUAN_003.N.20160613","Ok","Ok","Ok","NEON.DOC.014050vH","JbCt3ZVS0Z+JTvkxNP0bfo8iI2dYxsDX",
"63144355-dd9b-4f68-95bb-0ba24246259b","GUAN_010.basePlot.bet","D04","GUAN","GUAN_010","N","distributed","evergreenForest",17.972441,-66.871318,"WGS84",20.1,177.6,0.1,"2016-05-30","2016-06-13","GUAN.2016.24",14,"Y","GUAN_010.N.20160613","Ok","Ok","Ok","NEON.DOC.014050vH","zPBe+8pzAK0B2URIObnv4uYPPEuv017obsOPc+5Qw/c=",
"93a2e4a0-43b2-427a-a117-03c6e4156ed8","GUAN_005.basePlot.bet","D04","GUAN","GUAN_005","N","distributed","evergreenForest",17.968744,-66.880447,"WGS84",20.2,164.3,0.2,"2016-05-30","2016-06-13","GUAN.2016.24",14,"Y","GUAN_005.N.20160613","Ok","Ok","Ok","NEON.DOC.014050vH","zPBe+8pzAK0B2URIObnv4uYPPEuv017obsOPc+5Qw/c=",
"57b51b3d-5f95-4336-aaa1-7fd484dd02d2","GUAN_006.basePlot.bet","D04","GUAN","GUAN_006","N","distributed","evergreenForest",17.963818,-66.875668,"WGS84",20.2,101.3,0.3,"2016-05-30","2016-06-13","GUAN.2016.24",14,"Y","GUAN_006.N.20160613","Ok","Ok","Ok","NEON.DOC.014050vH","zPBe+8pzAK0B2URIObnv4uYPPEuv017obsOPc+5Qw/c=",
"361c1d41-680c-4b86-b90c-27a4d93c270f","GUAN_007.basePlot.bet","D04","GUAN","GUAN_007","N","distributed","evergreenForest",17.972832,-66.857711,"WGS84",20.1,174.7,0.2,"2016-05-30","2016-06-13","GUAN.2016.24",14,"Y","GUAN_007.N.20160613","Ok","Ok","Ok","NEON.DOC.014050vH","JbCt3ZVS0Z+JTvkxNP0bfo8iI2dYxsDX",
"40944fae-0848-4005-afbe-ed741b6bb6b4","GUAN_004.basePlot.bet","D04","GUAN","GUAN_004","N","distributed","evergreenForest",17.969254,-66.852670,"WGS84",20.1,133.5,0.1,"2016-05-30","2016-06-13","GUAN.2016.24",14,"Y","GUAN_004.N.20160613","Ok","Ok","Ok","NEON.DOC.014050vH","dkUVz+Ep9mjwe8AKJjPrCYTGVeHZyOun",
"1cc59a57-581e-4ec6-a000-2e397fd274f0","GUAN_008.basePlot.bet","D04","GUAN","GUAN_008","N","distributed","evergreenForest",17.965762,-66.832036,"WGS84",20.1,65.8,0.1,"2016-05-30","2016-06-13","GUAN.2016.24",14,"Y","GUAN_008.N.20160613","Ok","Ok","Ok","NEON.DOC.014050vH","dkUVz+Ep9mjwe8AKJjPrCYTGVeHZyOun",
"9b85578f-2f65-4bd9-aa9f-5e91cc68112b","GUAN_009.basePlot.bet","D04","GUAN","GUAN_009","N","distributed","evergreenForest",17.979430,-66.867833,"WGS84",20.1,116.5,0.1,"2016-05-30","2016-06-13","GUAN.2016.24",14,"Y","GUAN_009.N.20160613","Ok","Ok","Ok","NEON.DOC.014050vH","JbCt3ZVS0Z+JTvkxNP0bfo8iI2dYxsDX",
"b7129ca0-ac64-4134-a8ea-b791c6d9bc87","GUAN_002.basePlot.bet","D04","GUAN","GUAN_002","N","distributed","evergreenForest",17.970294,-66.824633,"WGS84",20.1,89.1,0.1,"2016-05-30","2016-06-13","GUAN.2016.24",14,"Y","GUAN_002.N.20160613","Ok","Ok","Ok","NEON.DOC.014050vH","dkUVz+Ep9mjwe8AKJjPrCYTGVeHZyOun",
"66add411-a183-47c3-a513-20b3731b524c","GUAN_001.basePlot.bet","D04","GUAN","GUAN_001","N","distributed","evergreenForest",17.972770,-66.851235,"WGS84",20.2,152.1,0.2,"2016-05-30","2016-06-13","GUAN.2016.24",14,"Y","GUAN_001.N.20160613","Ok","Ok","Ok","NEON.DOC.014050vH","JbCt3ZVS0Z+JTvkxNP0bfo8iI2dYxsDX",
"4fb23f7a-9b51-4830-bfae-d0c59c778233","GUAN_006.basePlot.bet","D04","GUAN","GUAN_006","S","distributed","evergreenForest",17.963818,-66.875668,"WGS84",20.2,101.3,0.3,"2016-05-30","2016-06-13","GUAN.2016.24",14,"Y","GUAN_006.S.20160613","Ok","Ok","Ok","NEON.DOC.014050vH","zPBe+8pzAK0B2URIObnv4uYPPEuv017obsOPc+5Qw/c=",
"ec2ec1f4-289b-44ad-882b-ff4f34974782","GUAN_007.basePlot.bet","D04","GUAN","GUAN_007","S","distributed","evergreenForest",17.972832,-66.857711,"WGS84",20.1,174.7,0.2,"2016-05-30","2016-06-13","GUAN.2016.24",14,"Y","GUAN_007.S.20160613","Ok","Ok","High","NEON.DOC.014050vH","JbCt3ZVS0Z+JTvkxNP0bfo8iI2dYxsDX",
"db27c3a5-afd1-4c32-9c31-a31dfe2fc154","GUAN_004.basePlot.bet","D04","GUAN","GUAN_004","S","distributed","evergreenForest",17.969254,-66.852670,"WGS84",20.1,133.5,0.1,"2016-05-30","2016-06-13","GUAN.2016.24",14,"Y","GUAN_004.S.20160613","Ok","Ok","High","NEON.DOC.014050vH","dkUVz+Ep9mjwe8AKJjPrCYTGVeHZyOun",
"df914f93-ef95-4699-9ab2-fbcccd37718d","GUAN_003.basePlot.bet","D04","GUAN","GUAN_003","S","distributed","evergreenForest",17.973133,-66.861701,"WGS84",20.3,182.9,0.3,"2016-05-30","2016-06-13","GUAN.2016.24",14,"Y","GUAN_003.S.20160613","Ok","Ok","Ok","NEON.DOC.014050vH","JbCt3ZVS0Z+JTvkxNP0bfo8iI2dYxsDX",
"86d3d7aa-2e73-4bc3-8b0c-c7affd098e96","GUAN_010.basePlot.bet","D04","GUAN","GUAN_010","S","distributed","evergreenForest",17.972441,-66.871318,"WGS84",20.1,177.6,0.1,"2016-05-30","2016-06-13","GUAN.2016.24",14,"Y","GUAN_010.S.20160613","Ok","Ok","Ok","NEON.DOC.014050vH","zPBe+8pzAK0B2URIObnv4uYPPEuv017obsOPc+5Qw/c=",
"d4302ad4-dbd0-4234-8f52-ac04592a3fe2","GUAN_005.basePlot.bet","D04","GUAN","GUAN_005","S","distributed","evergreenForest",17.968744,-66.880447,"WGS84",20.2,164.3,0.2,"2016-05-30","2016-06-13","GUAN.2016.24",14,"Y","GUAN_005.S.20160613","Ok","Ok","Ok","NEON.DOC.014050vH","zPBe+8pzAK0B2URIObnv4uYPPEuv017obsOPc+5Qw/c=",
"9ba032fc-41cc-4b34-a64d-558a3754171e","GUAN_002.basePlot.bet","D04","GUAN","GUAN_002","S","distributed","evergreenForest",17.970294,-66.824633,"WGS84",20.1,89.1,0.1,"2016-05-30","2016-06-13","GUAN.2016.24",14,"Y","GUAN_002.S.20160613","Ok","Ok","Ok","NEON.DOC.014050vH","dkUVz+Ep9mjwe8AKJjPrCYTGVeHZyOun",
"8dd4b29d-ce10-444a-8fbe-3c24acbfacba","GUAN_001.basePlot.bet","D04","GUAN","GUAN_001","S","distributed","evergreenForest",17.972770,-66.851235,"WGS84",20.2,152.1,0.2,"2016-05-30","2016-06-13","GUAN.2016.24",14,"Y","GUAN_001.S.20160613","Ok","Ok","Ok","NEON.DOC.014050vH","JbCt3ZVS0Z+JTvkxNP0bfo8iI2dYxsDX",
"44fe51af-8df2-4af3-9138-83064b48412f","GUAN_008.basePlot.bet","D04","GUAN","GUAN_008","S","distributed","evergreenForest",17.965762,-66.832036,"WGS84",20.1,65.8,0.1,"2016-05-30","2016-06-13","GUAN.2016.24",14,"Y","GUAN_008.S.20160613","Ok","Ok","High","NEON.DOC.014050vH","dkUVz+Ep9mjwe8AKJjPrCYTGVeHZyOun",
"12861f94-a38a-485b-a3df-726d45c591df","GUAN_009.basePlot.bet","D04","GUAN","GUAN_009","S","distributed","evergreenForest",17.979430,-66.867833,"WGS84",20.1,116.5,0.1,"2016-05-30","2016-06-13","GUAN.2016.24",14,"Y","GUAN_009.S.20160613","Ok","Ok","Ok","NEON.DOC.014050vH","JbCt3ZVS0Z+JTvkxNP0bfo8iI2dYxsDX",
"bfc9967f-5e7e-452d-9a32-baab57a26a25","GUAN_002.basePlot.bet","D04","GUAN","GUAN_002","W","distributed","evergreenForest",17.970294,-66.824633,"WGS84",20.1,89.1,0.1,"2016-05-30","2016-06-13","GUAN.2016.24",14,"Y","GUAN_002.W.20160613","Ok","Ok","Ok","NEON.DOC.014050vH","dkUVz+Ep9mjwe8AKJjPrCYTGVeHZyOun",
"8c0572d1-8272-44b9-8633-add709bb7bc6","GUAN_001.basePlot.bet","D04","GUAN","GUAN_001","W","distributed","evergreenForest",17.972770,-66.851235,"WGS84",20.2,152.1,0.2,"2016-05-30","2016-06-13","GUAN.2016.24",14,"Y","GUAN_001.W.20160613","Ok","Ok","Ok","NEON.DOC.014050vH","JbCt3ZVS0Z+JTvkxNP0bfo8iI2dYxsDX",
"ba7e0977-bb04-45f3-9ac0-af12f4e2222c","GUAN_004.basePlot.bet","D04","GUAN","GUAN_004","W","distributed","evergreenForest",17.969254,-66.852670,"WGS84",20.1,133.5,0.1,"2016-05-30","2016-06-13","GUAN.2016.24",14,"Y","GUAN_004.W.20160613","Ok","Ok","Ok","NEON.DOC.014050vH","dkUVz+Ep9mjwe8AKJjPrCYTGVeHZyOun",
"06c28fb8-8397-41af-b085-008e80706259","GUAN_008.basePlot.bet","D04","GUAN","GUAN_008","W","distributed","evergreenForest",17.965762,-66.832036,"WGS84",20.1,65.8,0.1,"2016-05-30","2016-06-13","GUAN.2016.24",14,"Y","GUAN_008.W.20160613","Ok","Ok","Ok","NEON.DOC.014050vH","dkUVz+Ep9mjwe8AKJjPrCYTGVeHZyOun",
"ceaa3c52-dada-4b58-a82f-3df15281f85b","GUAN_009.basePlot.bet","D04","GUAN","GUAN_009","W","distributed","evergreenForest",17.979430,-66.867833,"WGS84",20.1,116.5,0.1,"2016-05-30","2016-06-13","GUAN.2016.24",14,"Y","GUAN_009.W.20160613","Ok","Ok","Ok","NEON.DOC.014050vH","JbCt3ZVS0Z+JTvkxNP0bfo8iI2dYxsDX",
"f1b9a1f4-fe7e-4931-991a-6ed69c065896","GUAN_006.basePlot.bet","D04","GUAN","GUAN_006","W","distributed","evergreenForest",17.963818,-66.875668,"WGS84",20.2,101.3,0.3,"2016-05-30","2016-06-13","GUAN.2016.24",14,"Y","GUAN_006.W.20160613","Ok","Ok","Ok","NEON.DOC.014050vH","zPBe+8pzAK0B2URIObnv4uYPPEuv017obsOPc+5Qw/c=",
"da19a5e4-4620-42c0-9094-c46a5733dcc4","GUAN_007.basePlot.bet","D04","GUAN","GUAN_007","W","distributed","evergreenForest",17.972832,-66.857711,"WGS84",20.1,174.7,0.2,"2016-05-30","2016-06-13","GUAN.2016.24",14,"Y","GUAN_007.W.20160613","Ok","Ok","Ok","NEON.DOC.014050vH","JbCt3ZVS0Z+JTvkxNP0bfo8iI2dYxsDX",
"2f4b9c8f-4abc-4442-8373-860d0f015830","GUAN_003.basePlot.bet","D04","GUAN","GUAN_003","W","distributed","evergreenForest",17.973133,-66.861701,"WGS84",20.3,182.9,0.3,"2016-05-30","2016-06-13","GUAN.2016.24",14,"Y","GUAN_003.W.20160613","Ok","Ok","Ok","NEON.DOC.014050vH","JbCt3ZVS0Z+JTvkxNP0bfo8iI2dYxsDX",
"a98b0439-6657-4552-b2f6-7b7e772b94aa","GUAN_010.basePlot.bet","D04","GUAN","GUAN_010","W","distributed","evergreenForest",17.972441,-66.871318,"WGS84",20.1,177.6,0.1,"2016-05-30","2016-06-13","GUAN.2016.24",14,"Y","GUAN_010.W.20160613","Ok","Ok","Ok","NEON.DOC.014050vH","zPBe+8pzAK0B2URIObnv4uYPPEuv017obsOPc+5Qw/c=",
"be4cebfc-5754-4035-827f-58e651a5f14e","GUAN_007.basePlot.bet","D04","GUAN","GUAN_007","E","distributed","evergreenForest",17.972832,-66.857711,"WGS84",20.1,174.7,0.2,"2016-05-30","2016-06-13","GUAN.2016.24",14,"Y","GUAN_007.E.20160613","Ok","Ok","Ok","NEON.DOC.014050vH","JbCt3ZVS0Z+JTvkxNP0bfo8iI2dYxsDX",
"45c1f658-58e5-4874-8bf0-1601f6334853","GUAN_004.basePlot.bet","D04","GUAN","GUAN_004","E","distributed","evergreenForest",17.969254,-66.852670,"WGS84",20.1,133.5,0.1,"2016-06-13","2016-06-27","GUAN.2016.26",14,"Y","GUAN_004.E.20160627","Ok","Ok","Ok","NEON.DOC.014050vH","fiApssCEcSVZh4fTchGlfQK3pYYnYQUQ",
"56c66a77-6bbc-47d9-84a5-7544044b4bec","GUAN_006.basePlot.bet","D04","GUAN","GUAN_006","E","distributed","evergreenForest",17.963818,-66.875668,"WGS84",20.2,101.3,0.3,"2016-06-13","2016-06-27","GUAN.2016.26",14,"Y","GUAN_006.E.20160627","Ok","Ok","Ok","NEON.DOC.014050vH","bLuA32XSwhQ1UEFOt6rO3xlOtBx7Ppbg",
"b22f96c2-edad-412e-b538-56cb66e81178","GUAN_005.basePlot.bet","D04","GUAN","GUAN_005","E","distributed","evergreenForest",17.968744,-66.880447,"WGS84",20.2,164.3,0.2,"2016-06-13","2016-06-27","GUAN.2016.26",14,"Y","GUAN_005.E.20160627","Ok","Ok","Ok","NEON.DOC.014050vH","bLuA32XSwhQ1UEFOt6rO3xlOtBx7Ppbg",
"4caeb65e-4882-4b2d-8847-e3c6a8871029","GUAN_010.basePlot.bet","D04","GUAN","GUAN_010","E","distributed","evergreenForest",17.972441,-66.871318,"WGS84",20.1,177.6,0.1,"2016-06-13","2016-06-27","GUAN.2016.26",14,"Y","GUAN_010.E.20160627","Ok","Ok","Ok","NEON.DOC.014050vH","bLuA32XSwhQ1UEFOt6rO3xlOtBx7Ppbg",
"89a99dd1-7424-48be-bf24-0823c382ca9e","GUAN_002.basePlot.bet","D04","GUAN","GUAN_002","E","distributed","evergreenForest",17.970294,-66.824633,"WGS84",20.1,89.1,0.1,"2016-06-13","2016-06-27","GUAN.2016.26",14,"Y","GUAN_002.E.20160627","Ok","Ok","Ok","NEON.DOC.014050vH","fiApssCEcSVZh4fTchGlfQK3pYYnYQUQ",
"a97fc15e-d9ca-438b-8a1e-02547dfb3969","GUAN_001.basePlot.bet","D04","GUAN","GUAN_001","E","distributed","evergreenForest",17.972770,-66.851235,"WGS84",20.2,152.1,0.2,"2016-06-13","2016-06-27","GUAN.2016.26",14,"Y","GUAN_001.E.20160627","Ok","Ok","Ok","NEON.DOC.014050vH","8rHzSbnDOXjpaitjHXu3bvZcWZBazBT3Z6JypCrOTws=",
"b901892d-9922-41cf-918d-015c64da5204","GUAN_009.basePlot.bet","D04","GUAN","GUAN_009","E","distributed","evergreenForest",17.979430,-66.867833,"WGS84",20.1,116.5,0.1,"2016-06-13","2016-06-27","GUAN.2016.26",14,"Y","GUAN_009.E.20160627","Ok","Ok","Ok","NEON.DOC.014050vH","2G6jL1xU09kc++3fEPpQLkA2cHzpx8zXwl+Jr/s/QvQ=",
"52538217-7563-444c-9ea1-c21f3435e922","GUAN_008.basePlot.bet","D04","GUAN","GUAN_008","E","distributed","evergreenForest",17.965762,-66.832036,"WGS84",20.1,65.8,0.1,"2016-06-13","2016-06-27","GUAN.2016.26",14,"Y","GUAN_008.E.20160627","Ok","Ok","High","NEON.DOC.014050vH","fiApssCEcSVZh4fTchGlfQK3pYYnYQUQ",
"26294f63-6fce-43c3-8c3c-a8f70801910d","GUAN_007.basePlot.bet","D04","GUAN","GUAN_007","E","distributed","evergreenForest",17.972832,-66.857711,"WGS84",20.1,174.7,0.2,"2016-06-13","2016-06-27","GUAN.2016.26",14,"Y","GUAN_007.E.20160627","Ok","Ok","Ok","NEON.DOC.014050vH","8rHzSbnDOXjpaitjHXu3bvZcWZBazBT3Z6JypCrOTws=",
"356a28da-c30f-4820-83a7-f013c7b82312","GUAN_003.basePlot.bet","D04","GUAN","GUAN_003","E","distributed","evergreenForest",17.973133,-66.861701,"WGS84",20.3,182.9,0.3,"2016-06-13","2016-06-27","GUAN.2016.26",14,"Y","GUAN_003.E.20160627","Ok","Ok","Ok","NEON.DOC.014050vH","2G6jL1xU09kc++3fEPpQLkA2cHzpx8zXwl+Jr/s/QvQ=",
"250c95db-4183-4aa6-8d24-b2dcb3abf777","GUAN_002.basePlot.bet","D04","GUAN","GUAN_002","N","distributed","evergreenForest",17.970294,-66.824633,"WGS84",20.1,89.1,0.1,"2016-06-13","2016-06-27","GUAN.2016.26",14,"Y","GUAN_002.N.20160627","Ok","Ok","Ok","NEON.DOC.014050vH","fiApssCEcSVZh4fTchGlfQK3pYYnYQUQ",
"e0ccd7ad-30a9-4768-9ff1-e4a37cc7d879","GUAN_005.basePlot.bet","D04","GUAN","GUAN_005","N","distributed","evergreenForest",17.968744,-66.880447,"WGS84",20.2,164.3,0.2,"2016-06-13","2016-06-27","GUAN.2016.26",14,"Y","GUAN_005.N.20160627","Ok","Ok","Ok","NEON.DOC.014050vH","bLuA32XSwhQ1UEFOt6rO3xlOtBx7Ppbg",
"368c064c-333b-41fc-961c-80a4a19e89f1","GUAN_006.basePlot.bet","D04","GUAN","GUAN_006","N","distributed","evergreenForest",17.963818,-66.875668,"WGS84",20.2,101.3,0.3,"2016-06-13","2016-06-27","GUAN.2016.26",14,"Y","GUAN_006.N.20160627","Ok","Ok","Ok","NEON.DOC.014050vH","bLuA32XSwhQ1UEFOt6rO3xlOtBx7Ppbg",
"45eb51c1-c683-42e2-9bfa-24b097bc7461","GUAN_010.basePlot.bet","D04","GUAN","GUAN_010","N","distributed","evergreenForest",17.972441,-66.871318,"WGS84",20.1,177.6,0.1,"2016-06-13","2016-06-27","GUAN.2016.26",14,"Y","GUAN_010.N.20160627","Ok","Ok","Ok","NEON.DOC.014050vH","bLuA32XSwhQ1UEFOt6rO3xlOtBx7Ppbg",
"cfaab7bd-bf7f-4c03-b168-73de95bfb335","GUAN_003.basePlot.bet","D04","GUAN","GUAN_003","N","distributed","evergreenForest",17.973133,-66.861701,"WGS84",20.3,182.9,0.3,"2016-06-13","2016-06-27","GUAN.2016.26",14,"Y","GUAN_003.N.20160627","Ok","Ok","Ok","NEON.DOC.014050vH","2G6jL1xU09kc++3fEPpQLkA2cHzpx8zXwl+Jr/s/QvQ=",
"d924cd18-faed-48c3-85d2-775bfcab0938","GUAN_001.basePlot.bet","D04","GUAN","GUAN_001","N","distributed","evergreenForest",17.972770,-66.851235,"WGS84",20.2,152.1,0.2,"2016-06-13","2016-06-27","GUAN.2016.26",14,"Y","GUAN_001.N.20160627","Ok","Ok","Ok","NEON.DOC.014050vH","8rHzSbnDOXjpaitjHXu3bvZcWZBazBT3Z6JypCrOTws=",
"c0990695-e1ac-45fd-9b09-7bd38c6d0d57","GUAN_009.basePlot.bet","D04","GUAN","GUAN_009","N","distributed","evergreenForest",17.979430,-66.867833,"WGS84",20.1,116.5,0.1,"2016-06-13","2016-06-27","GUAN.2016.26",14,"Y","GUAN_009.N.20160627","Ok","Ok","Ok","NEON.DOC.014050vH","2G6jL1xU09kc++3fEPpQLkA2cHzpx8zXwl+Jr/s/QvQ=",
"0d4a2baf-b1b0-4a34-8027-40da63f1b3ca","GUAN_004.basePlot.bet","D04","GUAN","GUAN_004","N","distributed","evergreenForest",17.969254,-66.852670,"WGS84",20.1,133.5,0.1,"2016-06-13","2016-06-27","GUAN.2016.26",14,"Y","GUAN_004.N.20160627","Ok","Ok","Ok","NEON.DOC.014050vH","fiApssCEcSVZh4fTchGlfQK3pYYnYQUQ",
"69622644-c051-48f7-9bd7-02b160434c22","GUAN_008.basePlot.bet","D04","GUAN","GUAN_008","N","distributed","evergreenForest",17.965762,-66.832036,"WGS84",20.1,65.8,0.1,"2016-06-13","2016-06-27","GUAN.2016.26",14,"Y","GUAN_008.N.20160627","Ok","Ok","Ok","NEON.DOC.014050vH","fiApssCEcSVZh4fTchGlfQK3pYYnYQUQ",
"307db439-0ec7-42ec-ba5b-5eba2ad04822","GUAN_007.basePlot.bet","D04","GUAN","GUAN_007","N","distributed","evergreenForest",17.972832,-66.857711,"WGS84",20.1,174.7,0.2,"2016-06-13","2016-06-27","GUAN.2016.26",14,"Y","GUAN_007.N.20160627","Ok","Ok","Ok","NEON.DOC.014050vH","8rHzSbnDOXjpaitjHXu3bvZcWZBazBT3Z6JypCrOTws=",
"085d68db-2919-400d-a6f3-e21aaa51b920","GUAN_001.basePlot.bet","D04","GUAN","GUAN_001","S","distributed","evergreenForest",17.972770,-66.851235,"WGS84",20.2,152.1,0.2,"2016-06-13","2016-06-27","GUAN.2016.26",14,"Y","GUAN_001.S.20160627","Ok","Ok","Ok","NEON.DOC.014050vH","8rHzSbnDOXjpaitjHXu3bvZcWZBazBT3Z6JypCrOTws=",
"986d964b-6574-4d40-9119-ae9a08a874e2","GUAN_009.basePlot.bet","D04","GUAN","GUAN_009","S","distributed","evergreenForest",17.979430,-66.867833,"WGS84",20.1,116.5,0.1,"2016-06-13","2016-06-27","GUAN.2016.26",14,"Y","GUAN_009.S.20160627","Ok","Ok","Ok","NEON.DOC.014050vH","2G6jL1xU09kc++3fEPpQLkA2cHzpx8zXwl+Jr/s/QvQ=",
"2a1450b3-0862-4df9-b63c-bb5a5648f620","GUAN_002.basePlot.bet","D04","GUAN","GUAN_002","S","distributed","evergreenForest",17.970294,-66.824633,"WGS84",20.1,89.1,0.1,"2016-06-13","2016-06-27","GUAN.2016.26",14,"Y","GUAN_002.S.20160627","Ok","Ok","Ok","NEON.DOC.014050vH","fiApssCEcSVZh4fTchGlfQK3pYYnYQUQ",
"6e178c95-0e7a-46b2-8aa8-b65ede5a346d","GUAN_004.basePlot.bet","D04","GUAN","GUAN_004","S","distributed","evergreenForest",17.969254,-66.852670,"WGS84",20.1,133.5,0.1,"2016-06-13","2016-06-27","GUAN.2016.26",14,"Y","GUAN_004.S.20160627","Ok","Ok","Ok","NEON.DOC.014050vH","fiApssCEcSVZh4fTchGlfQK3pYYnYQUQ",
"bdfd03fb-e9a2-4de0-8d2c-64c166b8d2e6","GUAN_008.basePlot.bet","D04","GUAN","GUAN_008","S","distributed","evergreenForest",17.965762,-66.832036,"WGS84",20.1,65.8,0.1,"2016-06-13","2016-06-27","GUAN.2016.26",14,"Y","GUAN_008.S.20160627","Ok","Ok","Ok","NEON.DOC.014050vH","fiApssCEcSVZh4fTchGlfQK3pYYnYQUQ",
"4edc4e8c-b271-49ad-a173-346f8224497c","GUAN_007.basePlot.bet","D04","GUAN","GUAN_007","S","distributed","evergreenForest",17.972832,-66.857711,"WGS84",20.1,174.7,0.2,"2016-06-13","2016-06-27","GUAN.2016.26",14,"Y","GUAN_007.S.20160627","Ok","Ok","Ok","NEON.DOC.014050vH","8rHzSbnDOXjpaitjHXu3bvZcWZBazBT3Z6JypCrOTws=",
"0bd07570-b228-4612-9a5c-1fa9721b996d","GUAN_006.basePlot.bet","D04","GUAN","GUAN_006","S","distributed","evergreenForest",17.963818,-66.875668,"WGS84",20.2,101.3,0.3,"2016-06-13","2016-06-27","GUAN.2016.26",14,"Y","GUAN_006.S.20160627","Ok","Ok","Ok","NEON.DOC.014050vH","bLuA32XSwhQ1UEFOt6rO3xlOtBx7Ppbg",
"f653752f-3dc9-40e7-8625-cc314bb2a158","GUAN_005.basePlot.bet","D04","GUAN","GUAN_005","S","distributed","evergreenForest",17.968744,-66.880447,"WGS84",20.2,164.3,0.2,"2016-06-13","2016-06-27","GUAN.2016.26",14,"Y","GUAN_005.S.20160627","Ok","Ok","Ok","NEON.DOC.014050vH","bLuA32XSwhQ1UEFOt6rO3xlOtBx7Ppbg",
"0f5546aa-83aa-43cd-9330-6c7d180ba3d8","GUAN_010.basePlot.bet","D04","GUAN","GUAN_010","S","distributed","evergreenForest",17.972441,-66.871318,"WGS84",20.1,177.6,0.1,"2016-06-13","2016-06-27","GUAN.2016.26",14,"Y","GUAN_010.S.20160627","Ok","Ok","Ok","NEON.DOC.014050vH","bLuA32XSwhQ1UEFOt6rO3xlOtBx7Ppbg",
"249f8261-7f5f-4ecd-8b66-48bd628a7b10","GUAN_003.basePlot.bet","D04","GUAN","GUAN_003","S","distributed","evergreenForest",17.973133,-66.861701,"WGS84",20.3,182.9,0.3,"2016-06-13","2016-06-27","GUAN.2016.26",14,"Y","GUAN_003.S.20160627","Ok","Ok","Ok","NEON.DOC.014050vH","2G6jL1xU09kc++3fEPpQLkA2cHzpx8zXwl+Jr/s/QvQ=",
"085f8a45-8403-4d04-8f60-4016a7acf903","GUAN_007.basePlot.bet","D04","GUAN","GUAN_007","W","distributed","evergreenForest",17.972832,-66.857711,"WGS84",20.1,174.7,0.2,"2016-06-13","2016-06-27","GUAN.2016.26",14,"Y","GUAN_007.W.20160627","Ok","Ok","Ok","NEON.DOC.014050vH","8rHzSbnDOXjpaitjHXu3bvZcWZBazBT3Z6JypCrOTws=",
"52f87225-ad4b-4185-8099-3e484e209917","GUAN_006.basePlot.bet","D04","GUAN","GUAN_006","W","distributed","evergreenForest",17.963818,-66.875668,"WGS84",20.2,101.3,0.3,"2016-06-13","2016-06-27","GUAN.2016.26",14,"Y","GUAN_006.W.20160627","Ok","Ok","Ok","NEON.DOC.014050vH","bLuA32XSwhQ1UEFOt6rO3xlOtBx7Ppbg",
"4de99eee-ac5b-440d-a30b-2e2f3cc66894","GUAN_005.basePlot.bet","D04","GUAN","GUAN_005","W","distributed","evergreenForest",17.968744,-66.880447,"WGS84",20.2,164.3,0.2,"2016-06-13","2016-06-27","GUAN.2016.26",14,"Y","GUAN_005.W.20160627","Ok","Ok","Ok","NEON.DOC.014050vH","bLuA32XSwhQ1UEFOt6rO3xlOtBx7Ppbg",
"e681f919-f192-4355-884d-651605bf4735","GUAN_010.basePlot.bet","D04","GUAN","GUAN_010","W","distributed","evergreenForest",17.972441,-66.871318,"WGS84",20.1,177.6,0.1,"2016-06-13","2016-06-27","GUAN.2016.26",14,"Y","GUAN_010.W.20160627","Ok","Ok","Ok","NEON.DOC.014050vH","bLuA32XSwhQ1UEFOt6rO3xlOtBx7Ppbg",
"93457239-afa1-44f4-8f99-37b8eb4f4f8f","GUAN_003.basePlot.bet","D04","GUAN","GUAN_003","W","distributed","evergreenForest",17.973133,-66.861701,"WGS84",20.3,182.9,0.3,"2016-06-13","2016-06-27","GUAN.2016.26",14,"Y","GUAN_003.W.20160627","Ok","Ok","Ok","NEON.DOC.014050vH","2G6jL1xU09kc++3fEPpQLkA2cHzpx8zXwl+Jr/s/QvQ=",
"c76d4ad9-bb56-4501-83ca-91e7a4245f07","GUAN_001.basePlot.bet","D04","GUAN","GUAN_001","W","distributed","evergreenForest",17.972770,-66.851235,"WGS84",20.2,152.1,0.2,"2016-06-13","2016-06-27","GUAN.2016.26",14,"Y","GUAN_001.W.20160627","Ok","Ok","Ok","NEON.DOC.014050vH","8rHzSbnDOXjpaitjHXu3bvZcWZBazBT3Z6JypCrOTws=",
"c92f3b7c-aede-4563-b6b9-e130ef275397","GUAN_009.basePlot.bet","D04","GUAN","GUAN_009","W","distributed","evergreenForest",17.979430,-66.867833,"WGS84",20.1,116.5,0.1,"2016-06-13","2016-06-27","GUAN.2016.26",14,"Y","GUAN_009.W.20160627","Ok","Ok","Ok","NEON.DOC.014050vH","2G6jL1xU09kc++3fEPpQLkA2cHzpx8zXwl+Jr/s/QvQ=",
"02b9d56e-adab-4f9b-aec1-506984a4cca9","GUAN_002.basePlot.bet","D04","GUAN","GUAN_002","W","distributed","evergreenForest",17.970294,-66.824633,"WGS84",20.1,89.1,0.1,"2016-06-13","2016-06-27","GUAN.2016.26",14,"Y","GUAN_002.W.20160627","Ok","Ok","Ok","NEON.DOC.014050vH","fiApssCEcSVZh4fTchGlfQK3pYYnYQUQ",
"e5901798-c930-4c2a-aa09-cc45f2690c24","GUAN_008.basePlot.bet","D04","GUAN","GUAN_008","W","distributed","evergreenForest",17.965762,-66.832036,"WGS84",20.1,65.8,0.1,"2016-06-13","2016-06-27","GUAN.2016.26",14,"Y","GUAN_008.W.20160627","Ok","Ok","Ok","NEON.DOC.014050vH","fiApssCEcSVZh4fTchGlfQK3pYYnYQUQ",
"962ee380-715f-41b0-bea4-12433af47237","GUAN_004.basePlot.bet","D04","GUAN","GUAN_004","W","distributed","evergreenForest",17.969254,-66.852670,"WGS84",20.1,133.5,0.1,"2016-06-13","2016-06-27","GUAN.2016.26",14,"Y","GUAN_004.W.20160627","Ok","Ok","Ok","NEON.DOC.014050vH","fiApssCEcSVZh4fTchGlfQK3pYYnYQUQ",
