uid,namedLocation,domainID,siteID,plotID,trapID,setDate,collectDate,processingDate,identifiedDate,subsampleID,individualID,taxonID,scientificName,taxonRank,identificationQualifier,scientificNameAuthorship,morphospeciesID,identificationReferences,totalLength,identifiedBy,recordedBy,remarks
"3d9e19f2-67c1-4ee9-9fb5-6db9e922102e","STER_027.basePlot.bet","D10","STER","STER_027","N","2015-08-20","2015-09-03","2016-06-20","2016-06-29","FuEDHNSxWAmWrmLbNUzIvpOEWPGgT5D7staf9vwm2to=","NEON.BET.D10.004413","AGOPLA","Agonum placidum","species",,"Say",,"Other",,"Ji4OKY0Opajnq0SAWKqACItMAkkkfnH7","jW84+1730rbF9ydK4hYAjdKf4gTfgBlZ",
"033ba9e9-bb0b-4c6b-8564-2aeb33f3b2cb","STER_027.basePlot.bet","D10","STER","STER_027","N","2015-08-20","2015-09-03","2016-06-17","2016-06-17","FuEDHNSxWAmWrmLbNUzIvvUSbthXE6pWcEpb45PmYPo=","NEON.BET.D10.004077","POESCI","Poecilus scitulus","species",,"LeConte",,"Other",10,"2lRMQQ1w1tjxtWhGz93Yd/OOt4CTCGT1","2lRMQQ1w1tjxtWhGz93Yd/OOt4CTCGT1",
"0d7093ec-4335-461a-a157-6b2692ee8a71","STER_027.basePlot.bet","D10","STER","STER_027","N","2015-08-20","2015-09-03","2016-06-17","2016-06-17","FuEDHNSxWAmWrmLbNUzIvpYtQWDlRk510RI8S5VgCtE=","NEON.BET.D10.004079","HARAMP1","Harpalus amputatus","species",,"Say",,"Other",,"2lRMQQ1w1tjxtWhGz93Yd/OOt4CTCGT1","2lRMQQ1w1tjxtWhGz93Yd/OOt4CTCGT1",
"17004a58-b23b-4004-9d9f-a8812a9570c4","STER_027.basePlot.bet","D10","STER","STER_027","N","2015-08-20","2015-09-03","2016-06-17","2016-06-17","FuEDHNSxWAmWrmLbNUzIvkrVT3DKsYP51AEzhymtF0M=","NEON.BET.D10.004081","HARREV","Harpalus reversus","species",,"Casey",,"Other",,"2lRMQQ1w1tjxtWhGz93Yd/OOt4CTCGT1","2lRMQQ1w1tjxtWhGz93Yd/OOt4CTCGT1",
"0c4fdb74-d8f9-4686-985e-b0265070477a","STER_032.basePlot.bet","D10","STER","STER_032","N","2015-08-20","2015-09-03","2016-06-20","2016-06-30","fEa5yf30aQz2mMGAPCXT9ZUXz+515/yGnTdlfESyOqg=","NEON.BET.D10.004538","CARSP14","Carabidae sp.","family",,"Latreille","D10.2015.MorphII","Other",,"Ji4OKY0Opajnq0SAWKqACItMAkkkfnH7","2lRMQQ1w1tjxtWhGz93Yd/OOt4CTCGT1","Similar in coloration to Morph I but pronotum more heart shaped and curved at base."
"acdba60b-e060-46c5-97c7-b93360e1b4a4","STER_032.basePlot.bet","D10","STER","STER_032","N","2015-08-20","2015-09-03","2016-07-01","2016-07-19","fEa5yf30aQz2mMGAPCXT9VSpBUG3UxAW4a/Ep8WGGfQ=","NEON.BET.D10.004987","AMACAR","Amara carinata","species",,"LeConte",,"Other",,"Ji4OKY0Opajnq0SAWKqACItMAkkkfnH7","FHSuRnDDEXch2F1N4+O9mztJ2ojXSkEF",
"c833bc44-7363-4173-ada3-1ffaa819d4b1","STER_032.basePlot.bet","D10","STER","STER_032","N","2015-08-20","2015-09-03","2016-06-20","2016-06-20","fEa5yf30aQz2mMGAPCXT9Sm86cjF9nmVekoJInFyvkE=","NEON.BET.D10.004064","EURGRO","Euryderus grossus","species",,"Say",,"Other",,"jW84+1730rbF9ydK4hYAjdKf4gTfgBlZ","jW84+1730rbF9ydK4hYAjdKf4gTfgBlZ",
"24f53af4-610b-4027-96b2-e41b444a7d92","STER_032.basePlot.bet","D10","STER","STER_032","N","2015-08-20","2015-09-03","2016-06-20","2016-06-20","fEa5yf30aQz2mMGAPCXT9VSpBUG3UxAW4a/Ep8WGGfQ=","NEON.BET.D10.004063","AMACAR","Amara carinata","species",,"LeConte",,"Other",,"jW84+1730rbF9ydK4hYAjdKf4gTfgBlZ","jW84+1730rbF9ydK4hYAjdKf4gTfgBlZ",
"34b5f06b-3a15-4b0b-8df0-a2ab483aae5a","STER_032.basePlot.bet","D10","STER","STER_032","N","2015-08-20","2015-09-03","2016-06-20","2016-06-30","fEa5yf30aQz2mMGAPCXT9ZUXz+515/yGehilbr74Pik=","NEON.BET.D10.004539","CARSP14","Carabidae sp.","family",,"Latreille","D10.2015.MorphAL","Other",,"Ji4OKY0Opajnq0SAWKqACItMAkkkfnH7","2lRMQQ1w1tjxtWhGz93Yd/OOt4CTCGT1","Very close to morph II. Smooth of punctation with rufous margins around pronotum. Rounder pronotum and not as protrudant."
"f6a9444a-15bb-479c-ae4f-6a4311347739","STER_028.basePlot.bet","D10","STER","STER_028","S","2015-08-20","2015-09-03","2016-06-17","2016-06-17","bW2EsnYmokVw5xybjFp+w0gLQixFpL2H4KXnpm7NsaI=","NEON.BET.D10.004035","CARSP14","Carabidae sp.","family",,"Latreille","D10.2015.MorphII","Other",,"FHSuRnDDEXch2F1N4+O9mztJ2ojXSkEF","FHSuRnDDEXch2F1N4+O9mztJ2ojXSkEF","Similar in coloration to Morph I but pronotum more heart shaped and curved at base."
"c0a63b3a-3540-4133-bd9b-be24cc751aa8","STER_028.basePlot.bet","D10","STER","STER_028","S","2015-08-20","2015-09-03","2016-07-14","2016-07-14","bW2EsnYmokVw5xybjFp+w5f3YVfPa/Ey1/45EYIpVxc=","NEON.BET.D10.004848","AMACAR","Amara carinata","species",,"LeConte",,"Other",,"Ji4OKY0Opajnq0SAWKqACItMAkkkfnH7","Ji4OKY0Opajnq0SAWKqACItMAkkkfnH7",
"ba010732-1ac1-4de6-bac1-5c4649712918","STER_033.basePlot.bet","D10","STER","STER_033","S","2015-08-20","2015-09-03","2016-06-15","2016-06-15","Yx5jJOWNohIuRRXkGSNBk5/FPIA+WlZJ96/vSqEB9uQ=","NEON.BET.D10.004025","CARSP14","Carabidae sp.","family",,"Latreille","D10.2015.MorphBD","Other",,"2lRMQQ1w1tjxtWhGz93Yd/OOt4CTCGT1","2lRMQQ1w1tjxtWhGz93Yd/OOt4CTCGT1","Similar to AMACAR. Pronotum has two prominent lateral setae instead of one."
"af503725-ea21-45d7-af85-708e6200490b","STER_035.basePlot.bet","D10","STER","STER_035","S","2015-08-20","2015-09-03","2016-06-15","2016-06-15","xZ4ZeMJQZ4Lu7mITx/bOrURvLKWF04Wbgtjq7XqHxwE=","NEON.BET.D10.004022","CRADUB","Cratacanthus dubius","species",,"Palisot de Beauvois",,"Other",9,"2lRMQQ1w1tjxtWhGz93Yd/OOt4CTCGT1","2lRMQQ1w1tjxtWhGz93Yd/OOt4CTCGT1",
"e0e50163-06ef-4986-a99d-8889da256078","STER_028.basePlot.bet","D10","STER","STER_028","S","2015-08-20","2015-09-03","2016-06-20","2016-06-30","bW2EsnYmokVw5xybjFp+w0gLQixFpL2H4KXnpm7NsaI=","NEON.BET.D10.004523","CARSP14","Carabidae sp.","family",,"Latreille","D10.2015.MorphII","Other",,"Ji4OKY0Opajnq0SAWKqACItMAkkkfnH7","2lRMQQ1w1tjxtWhGz93Yd/OOt4CTCGT1","Similar in coloration to Morph I but pronotum more heart shaped and curved at base."
"d901cba7-002f-400c-b2df-72907d4d9759","STER_028.basePlot.bet","D10","STER","STER_028","S","2015-08-20","2015-09-03","2016-07-14","2016-07-14","bW2EsnYmokVw5xybjFp+w5f3YVfPa/Ey1/45EYIpVxc=","NEON.BET.D10.004846","AMACAR","Amara carinata","species",,"LeConte",,"Other",,"Ji4OKY0Opajnq0SAWKqACItMAkkkfnH7","Ji4OKY0Opajnq0SAWKqACItMAkkkfnH7",
"69b5bef9-8492-4b20-90b8-09a00311db56","STER_029.basePlot.bet","D10","STER","STER_029","S","2015-08-20","2015-09-03","2016-07-01","2016-07-19","KK2q9nxeS90FRNuI4zBTGX9fljtXTNkh0UkRiXdFh/o=","NEON.BET.D10.004986","AMACAR","Amara carinata","species",,"LeConte",,"Other",,"Ji4OKY0Opajnq0SAWKqACItMAkkkfnH7","FHSuRnDDEXch2F1N4+O9mztJ2ojXSkEF",
"5067048a-c46d-4bba-a051-b4eb4d1a348e","STER_027.basePlot.bet","D10","STER","STER_027","S","2015-08-20","2015-09-03","2016-06-17","2016-06-17","FuEDHNSxWAkxuVx1PLMd6acmhPWOmknwXThphKRXtIY=","NEON.BET.D10.004083","CARSP14","Carabidae sp.","family",,"Latreille","D10.2015.MorphAR","Other",,"2lRMQQ1w1tjxtWhGz93Yd/OOt4CTCGT1","2lRMQQ1w1tjxtWhGz93Yd/OOt4CTCGT1","3-4mm long. Similar to Syntomus americanus. Narrow waists between elytra pronotum and head. Black."
"06f1c4e9-40f9-401d-bf5a-de1cee103274","STER_028.basePlot.bet","D10","STER","STER_028","S","2015-08-20","2015-09-03","2016-06-17","2016-06-17","bW2EsnYmokVw5xybjFp+w63dbd8Z5O3GwjiXDiw0OW0=","NEON.BET.D10.004036","HARREV","Harpalus reversus","species",,"Casey",,"Other",,"FHSuRnDDEXch2F1N4+O9mztJ2ojXSkEF","FHSuRnDDEXch2F1N4+O9mztJ2ojXSkEF",
"8505f1d5-2cce-43e5-8064-0ba6d92302a0","STER_028.basePlot.bet","D10","STER","STER_028","S","2015-08-20","2015-09-03","2016-07-14","2016-07-14","bW2EsnYmokVw5xybjFp+w5f3YVfPa/Ey1/45EYIpVxc=","NEON.BET.D10.004847","AMACAR","Amara carinata","species",,"LeConte",,"Other",,"Ji4OKY0Opajnq0SAWKqACItMAkkkfnH7","Ji4OKY0Opajnq0SAWKqACItMAkkkfnH7",
"03f0ecc7-b03e-4412-a158-110d5deda0ee","STER_027.basePlot.bet","D10","STER","STER_027","S","2015-08-20","2015-09-03","2016-06-17","2016-06-17","FuEDHNSxWAkxuVx1PLMd6acmhPWOmknwBH4lAoOrcLE=","NEON.BET.D10.004082","CARSP14","Carabidae sp.","family",,"Latreille","D10.2015.MorphBF","Other",,"2lRMQQ1w1tjxtWhGz93Yd/OOt4CTCGT1","2lRMQQ1w1tjxtWhGz93Yd/OOt4CTCGT1","Cymindis sp. Larger than Cymindis interior. Elytra have strong sinuation. Pronotum widest at anterior edge."
"ae2736e8-033c-4c8d-a68c-e72d760e3af8","STER_027.basePlot.bet","D10","STER","STER_027","S","2015-08-20","2015-09-03","2016-06-17","2016-06-17","FuEDHNSxWAkxuVx1PLMd6c3xYw/15mopka79yd1LLYo=","NEON.BET.D10.004085","ANIRUS","Anisodactylus rusticus","species",,"Say",,"Other",,"2lRMQQ1w1tjxtWhGz93Yd/OOt4CTCGT1","2lRMQQ1w1tjxtWhGz93Yd/OOt4CTCGT1",
"a1e07808-d8d1-4484-999f-3cac1bbb5069","STER_027.basePlot.bet","D10","STER","STER_027","S","2015-08-20","2015-09-03","2016-06-17","2016-06-17","FuEDHNSxWAkxuVx1PLMd6VA+8HtMF2NO2cpk6NHx9Tk=","NEON.BET.D10.004084","HARPAR","Harpalus paratus","species",,"Casey",,"Other",,"2lRMQQ1w1tjxtWhGz93Yd/OOt4CTCGT1","2lRMQQ1w1tjxtWhGz93Yd/OOt4CTCGT1",
"8767c906-f5d9-46ae-a22f-0f8cbdb110c9","STER_034.basePlot.bet","D10","STER","STER_034","W","2015-08-20","2015-09-03","2016-06-20","2016-06-20","v+COazD1kvwIIXCw6IwhNKu/Gi7eyhvQZOrY1MgL3/I=","NEON.BET.D10.004093","AMACAR","Amara carinata","species",,"LeConte",,"Other",,"2lRMQQ1w1tjxtWhGz93Yd/OOt4CTCGT1","2lRMQQ1w1tjxtWhGz93Yd/OOt4CTCGT1",
"2008f420-f446-4529-9fbb-69873a348703","STER_032.basePlot.bet","D10","STER","STER_032","W","2015-08-20","2015-09-03","2016-06-20","2016-06-20","fEa5yf30aQzvu8h1n47REXoKKSkm45PBhcI0VRhjKVA=","NEON.BET.D10.004062","CARSP14","Carabidae sp.","family",,"Latreille","D10.2015.MorphII","Other",,"jW84+1730rbF9ydK4hYAjdKf4gTfgBlZ","jW84+1730rbF9ydK4hYAjdKf4gTfgBlZ","Similar in coloration to Morph I but pronotum more heart shaped and curved at base."
"e889e2f4-518a-41c7-8d45-c37530ce13ac","STER_034.basePlot.bet","D10","STER","STER_034","W","2015-08-20","2015-09-03","2016-07-01","2016-07-20","v+COazD1kvwIIXCw6IwhNOyI2Pg4k3qlKsTqyTlooms=","NEON.BET.D10.004881","ANIMER2","Anisodactylus merula","species",,"Germar",,"Other",,"FHSuRnDDEXch2F1N4+O9mztJ2ojXSkEF","FHSuRnDDEXch2F1N4+O9mztJ2ojXSkEF",
"1bbb3b92-4f15-4721-b5f5-bb36091da10f","STER_034.basePlot.bet","D10","STER","STER_034","W","2015-08-20","2015-09-03","2016-06-20","2016-06-20","v+COazD1kvwIIXCw6IwhNK/rR5XSd4VnyQxFh8y55Zk=","NEON.BET.D10.004092","CRADUB","Cratacanthus dubius","species",,"Palisot de Beauvois",,"Other",,"2lRMQQ1w1tjxtWhGz93Yd/OOt4CTCGT1","2lRMQQ1w1tjxtWhGz93Yd/OOt4CTCGT1",
"557ddc69-f826-4e23-b999-6ef4bcca9128","STER_034.basePlot.bet","D10","STER","STER_034","W","2015-08-20","2015-09-03","2016-06-20","2016-06-20","v+COazD1kvwIIXCw6IwhNKu/Gi7eyhvQUbJ3h05F6ec=","NEON.BET.D10.004097","AMACON3","Amara convexa","species",,"LeConte",,"Other",,"2lRMQQ1w1tjxtWhGz93Yd/OOt4CTCGT1","2lRMQQ1w1tjxtWhGz93Yd/OOt4CTCGT1",
"cee1a9b5-fcdc-48e3-8e98-d5750b061b41","STER_034.basePlot.bet","D10","STER","STER_034","W","2015-08-20","2015-09-03","2016-06-20","2016-06-20","v+COazD1kvwIIXCw6IwhNN/wVhhCtxbCkxZytpeyJyM=","NEON.BET.D10.004095","CARSP14","Carabidae sp.","family",,"Latreille","D10.2015.MorphAE","Other",,"2lRMQQ1w1tjxtWhGz93Yd/OOt4CTCGT1","2lRMQQ1w1tjxtWhGz93Yd/OOt4CTCGT1","Looks like an AMACON3. Has patch of crossing and unsymmetrical stria on left side of elytra."
"1efe0a7f-54c9-4230-b0a9-e0795837e26f","STER_032.basePlot.bet","D10","STER","STER_032","W","2015-08-20","2015-09-03","2016-06-17","2016-06-20","fEa5yf30aQzvu8h1n47REXoKKSkm45PBhcI0VRhjKVA=","NEON.BET.D10.004061","CARSP14","Carabidae sp.","family",,"Latreille","D10.2015.MorphII","Other",,"jW84+1730rbF9ydK4hYAjdKf4gTfgBlZ","jW84+1730rbF9ydK4hYAjdKf4gTfgBlZ","Similar in coloration to Morph I but pronotum more heart shaped and curved at base."
"d508e1c1-d922-4973-a7c0-f2b9d65667f1","STER_034.basePlot.bet","D10","STER","STER_034","W","2015-08-20","2015-09-03","2016-06-20","2016-06-20","v+COazD1kvwIIXCw6IwhNKu/Gi7eyhvQUbJ3h05F6ec=","NEON.BET.D10.004096","AMACON3","Amara convexa","species",,"LeConte",,"Other",,"2lRMQQ1w1tjxtWhGz93Yd/OOt4CTCGT1","2lRMQQ1w1tjxtWhGz93Yd/OOt4CTCGT1",
"d7993af3-bfe0-4907-abb9-d987f7d8f51f","STER_034.basePlot.bet","D10","STER","STER_034","W","2015-08-20","2015-09-03","2016-06-20","2016-06-20","v+COazD1kvwIIXCw6IwhNNNaM5gNUZE55g5NrvHtPJU=","NEON.BET.D10.004094","AMAQUE1","Amara quenseli","species",,"Schönherr",,"Other",,"2lRMQQ1w1tjxtWhGz93Yd/OOt4CTCGT1","2lRMQQ1w1tjxtWhGz93Yd/OOt4CTCGT1",
"b9d9d832-49ff-45b4-8143-875cec69d8b0","STER_034.basePlot.bet","D10","STER","STER_034","W","2015-08-20","2015-09-03","2016-06-20","2016-06-20","v+COazD1kvwIIXCw6IwhNCUeybvc7Q+cyYlGcasV794=","NEON.BET.D10.004100","ANIRUS","Anisodactylus rusticus","species",,"Say",,"Other",,"2lRMQQ1w1tjxtWhGz93Yd/OOt4CTCGT1","2lRMQQ1w1tjxtWhGz93Yd/OOt4CTCGT1",
"bbba2a73-7917-4499-a7c6-116cc3666730","STER_034.basePlot.bet","D10","STER","STER_034","W","2015-08-20","2015-09-03","2016-06-20","2016-06-20","v+COazD1kvwIIXCw6IwhNN/wVhhCtxbCcBwij9UK0Ac=","NEON.BET.D10.004098","CARSP14","Carabidae sp.","family",,"Latreille","D10.2015.MorphII","Other",,"2lRMQQ1w1tjxtWhGz93Yd/OOt4CTCGT1","2lRMQQ1w1tjxtWhGz93Yd/OOt4CTCGT1","Similar in coloration to Morph I but pronotum more heart shaped and curved at base."
"441a7832-55cb-4433-9318-4b970d2166d9","STER_006.basePlot.bet","D10","STER","STER_006","W","2015-08-20","2015-09-03","2016-06-17","2016-06-17","LZ9IDatJ8HHjiyVN6evxrWWIeyfTgp65jPaJWRaLp5w=","NEON.BET.D10.004057","HARCAL","Harpalus caliginosus","species",,"Fabricius",,"Other",,"jW84+1730rbF9ydK4hYAjdKf4gTfgBlZ","jW84+1730rbF9ydK4hYAjdKf4gTfgBlZ",
"0e1cb663-95f4-4445-a65d-263cc1c95101","STER_006.basePlot.bet","D10","STER","STER_006","W","2015-08-20","2015-09-03","2016-06-17","2016-06-17","LZ9IDatJ8HHjiyVN6evxrfvIdzQfyk+ctAhKsQkblEs=","NEON.BET.D10.004058","AMACAR","Amara carinata","species",,"LeConte",,"Other",,"jW84+1730rbF9ydK4hYAjdKf4gTfgBlZ","jW84+1730rbF9ydK4hYAjdKf4gTfgBlZ",
"c7bb6eba-9754-464a-b2ec-322f1d2404fb","STER_006.basePlot.bet","D10","STER","STER_006","W","2015-08-20","2015-09-03","2016-06-17","2016-06-17","LZ9IDatJ8HHjiyVN6evxrQ0lDBXlGZrr8vk9OqxWZ7A=","NEON.BET.D10.004059","HARPEN","Harpalus pensylvanicus","species",,"DeGeer",,"Other",,"jW84+1730rbF9ydK4hYAjdKf4gTfgBlZ","jW84+1730rbF9ydK4hYAjdKf4gTfgBlZ",
"08201bf6-7d77-4eee-b22e-47b7930c060e","STER_027.basePlot.bet","D10","STER","STER_027","W","2015-08-20","2015-09-03","2016-06-17","2016-06-17","FuEDHNSxWAmI/poKOflkt70Sd7oG4WqPzCnNSjstqvM=","NEON.BET.D10.004074","CRADUB","Cratacanthus dubius","species",,"Palisot de Beauvois",,"Other",,"2lRMQQ1w1tjxtWhGz93Yd/OOt4CTCGT1","2lRMQQ1w1tjxtWhGz93Yd/OOt4CTCGT1",
"13a02e9e-5546-4b37-be47-795a836f79d3","STER_027.basePlot.bet","D10","STER","STER_027","W","2015-08-20","2015-09-03","2016-06-17","2016-06-17","FuEDHNSxWAmI/poKOflkt+QLY7rkeSLsEH7WprIZQTY=","NEON.BET.D10.004075","HARREV","Harpalus reversus","species",,"Casey",,"Other",,"2lRMQQ1w1tjxtWhGz93Yd/OOt4CTCGT1","2lRMQQ1w1tjxtWhGz93Yd/OOt4CTCGT1",
"2b8219c7-61b0-4bf0-8fde-35103747ea83","STER_033.basePlot.bet","D10","STER","STER_033","W","2015-08-20","2015-09-03","2016-06-17","2016-06-17","Yx5jJOWNohJQG3XrxoCgbrOAbgoBfTzXHXnaveIy244=","NEON.BET.D10.004072","PASELO","Pasimachus elongatus","species",,"LeConte",,"Other",,"2lRMQQ1w1tjxtWhGz93Yd/OOt4CTCGT1","2lRMQQ1w1tjxtWhGz93Yd/OOt4CTCGT1",
"1ae6c747-8d38-40de-934b-fef2f52a4689","STER_026.basePlot.bet","D10","STER","STER_026","W","2015-08-20","2015-09-03","2016-06-17","2016-06-17","B74IC5C471psJXuf1o7gAXk7OoGtgVMaKjLO8sQ+fmU=","NEON.BET.D10.004055","STECOM","Stenolophus comma","species",,"Fabricius",,"Other",,"jW84+1730rbF9ydK4hYAjdKf4gTfgBlZ","jW84+1730rbF9ydK4hYAjdKf4gTfgBlZ",
"dca209fd-b382-4715-830a-b8dea0e3b636","STER_033.basePlot.bet","D10","STER","STER_033","W","2015-08-20","2015-09-03","2016-06-17","2016-06-17","Yx5jJOWNohJQG3XrxoCgbls+V8Wnv36Tqi17+JW5AvE=","NEON.BET.D10.004073","HARPEN","Harpalus pensylvanicus","species",,"DeGeer",,"Other",15,"2lRMQQ1w1tjxtWhGz93Yd/OOt4CTCGT1","2lRMQQ1w1tjxtWhGz93Yd/OOt4CTCGT1",
"e81bdeee-ee6a-47a7-bbcb-e2026bc7362f","STER_031.basePlot.bet","D10","STER","STER_031","W","2015-08-20","2015-09-03","2016-07-01","2016-07-01","1mQK2LOpYfs2PKXXNzKJ45w5ovYAmdpWarQRaAEb5FY=","NEON.BET.D10.004568","CHLTOM","Chlaenius tomentosus","species",,"Say",,"Other",,"jzmKcF+03gcUo1n16tfkmq5o6x6WOPUL","FHSuRnDDEXch2F1N4+O9mztJ2ojXSkEF",
"a5a0430a-14fe-449c-afbf-94040f2b5cc5","STER_032.basePlot.bet","D10","STER","STER_032","E","2015-08-20","2015-09-03","2016-07-01","2016-07-19","fEa5yf30aQw4bvMaK/m8x8Co0ikRigKSiIXdLOMmON4=","NEON.BET.D10.005006","AMACAR","Amara carinata","species",,"LeConte",,"Other",,"Ji4OKY0Opajnq0SAWKqACItMAkkkfnH7","FHSuRnDDEXch2F1N4+O9mztJ2ojXSkEF",
"6676ebeb-8f7d-4051-8de1-67622dd8fc38","STER_032.basePlot.bet","D10","STER","STER_032","E","2015-08-20","2015-09-03","2016-07-01","2016-07-19","fEa5yf30aQw4bvMaK/m8x8Co0ikRigKSiIXdLOMmON4=","NEON.BET.D10.005007","AMACAR","Amara carinata","species",,"LeConte",,"Other",,"Ji4OKY0Opajnq0SAWKqACItMAkkkfnH7","FHSuRnDDEXch2F1N4+O9mztJ2ojXSkEF",
"4a267311-4172-409e-be1d-ff4ba376158d","STER_034.basePlot.bet","D10","STER","STER_034","E","2015-08-20","2015-09-03","2016-06-20","2016-06-20","v+COazD1kvz54ENs45qxpiOx2LgFAvgDoqGYfcJklqc=","NEON.BET.D10.004108","ANIRUS","Anisodactylus rusticus","species",,"Say",,"Other",,"jzmKcF+03gcUo1n16tfkmq5o6x6WOPUL","jzmKcF+03gcUo1n16tfkmq5o6x6WOPUL",
"0a9e38a2-8da7-4aba-aced-e935f4045472","STER_034.basePlot.bet","D10","STER","STER_034","E","2015-08-20","2015-09-03","2016-06-20","2016-06-20","v+COazD1kvz54ENs45qxprL6snH3n23W7Kma7j/IjB8=","NEON.BET.D10.004111","CARSP14","Carabidae sp.","family",,"Latreille","D10.2015.MorphI","Other",,"jzmKcF+03gcUo1n16tfkmq5o6x6WOPUL","jzmKcF+03gcUo1n16tfkmq5o6x6WOPUL","Harpalus sp. 90 degree anterior angle that fans out over the elytra. Probably either HAROPA or HARELL."
"a53bc774-e1fd-44a4-9ec0-642a14d5156c","STER_034.basePlot.bet","D10","STER","STER_034","E","2015-08-20","2015-09-03","2016-06-20","2016-06-20","v+COazD1kvz54ENs45qxplV8C2zcwe4dDxi88X512sk=","NEON.BET.D10.004109","ANIMER2","Anisodactylus merula","species",,"Germar",,"Other",,"jzmKcF+03gcUo1n16tfkmq5o6x6WOPUL","jzmKcF+03gcUo1n16tfkmq5o6x6WOPUL",
"11f8c4b9-85e8-4b26-88a6-7fd061a884ba","STER_034.basePlot.bet","D10","STER","STER_034","E","2015-08-20","2015-09-03","2016-06-20","2016-06-20","v+COazD1kvz54ENs45qxprL6snH3n23WYNMYNKolLZA=","NEON.BET.D10.004110","CARSP14","Carabidae sp.","family",,"Latreille","D10.2015.MorphAZ","Other",,"jzmKcF+03gcUo1n16tfkmq5o6x6WOPUL","jzmKcF+03gcUo1n16tfkmq5o6x6WOPUL","Calathus sp. Possibly C. opaculus. Pronotum nearly square. Pronotum and elytra pale at margins. Elytra dull with heavy microsculpture."
"c9cb98f1-0ce1-47e0-9189-f9cc00acf2cc","STER_027.basePlot.bet","D10","STER","STER_027","E","2015-08-20","2015-09-03","2016-06-17","2016-06-17","FuEDHNSxWAmVhs8S6ivs3jv2Cldabcncg4OIztk228c=","NEON.BET.D10.004087","AGOPLA","Agonum placidum","species",,"Say",,"Other",,"2lRMQQ1w1tjxtWhGz93Yd/OOt4CTCGT1","2lRMQQ1w1tjxtWhGz93Yd/OOt4CTCGT1",
"874137f8-c9b1-4218-a179-9255fcfb584b","STER_006.basePlot.bet","D10","STER","STER_006","E","2015-08-20","2015-09-03","2016-07-14","2016-07-14","LZ9IDatJ8HFZM6gRuQiL3ROCZJuzolht43FyoJZ1DWo=","NEON.BET.D10.004878","HARCAL","Harpalus caliginosus","species",,"Fabricius",,"Other",23,"jzmKcF+03gcUo1n16tfkmq5o6x6WOPUL","jzmKcF+03gcUo1n16tfkmq5o6x6WOPUL",
"8f479ce6-e8f4-46b1-a58a-9f459c4d0978","STER_006.basePlot.bet","D10","STER","STER_006","E","2015-08-20","2015-09-03","2016-07-14","2016-07-14","LZ9IDatJ8HFZM6gRuQiL3ROCZJuzolht43FyoJZ1DWo=","NEON.BET.D10.004877","HARCAL","Harpalus caliginosus","species",,"Fabricius",,"Other",,"jzmKcF+03gcUo1n16tfkmq5o6x6WOPUL","jzmKcF+03gcUo1n16tfkmq5o6x6WOPUL",
"122609dc-94ba-47f7-b492-b5c0164c7302","STER_034.basePlot.bet","D10","STER","STER_034","E","2015-08-20","2015-09-03","2016-06-20","2016-06-20","v+COazD1kvz54ENs45qxph2cIOL0oWc8YFySt8IHhaw=","NEON.BET.D10.004106","CHLTOM","Chlaenius tomentosus","species",,"Say",,"Other",,"jzmKcF+03gcUo1n16tfkmq5o6x6WOPUL","jzmKcF+03gcUo1n16tfkmq5o6x6WOPUL",
"fc433df0-1c76-4b88-b4d0-1ccc9ffa91e4","STER_034.basePlot.bet","D10","STER","STER_034","E","2015-08-20","2015-09-03","2016-06-20","2016-06-20","v+COazD1kvz54ENs45qxpkcrHG48RQEWGA57jhFA4tk=","NEON.BET.D10.004107","AGOPLA","Agonum placidum","species",,"Say",,"Other",,"jzmKcF+03gcUo1n16tfkmq5o6x6WOPUL","jzmKcF+03gcUo1n16tfkmq5o6x6WOPUL",
"cc7e032d-f7c8-4fbf-81da-fe44f38334ea","STER_027.basePlot.bet","D10","STER","STER_027","E","2015-08-20","2015-09-03","2016-06-17","2016-06-17","FuEDHNSxWAmVhs8S6ivs3sAXJ+Qpg5EWpiBfhz/M/Os=","NEON.BET.D10.004088","CRADUB","Cratacanthus dubius","species",,"Palisot de Beauvois",,"Other",,"2lRMQQ1w1tjxtWhGz93Yd/OOt4CTCGT1","2lRMQQ1w1tjxtWhGz93Yd/OOt4CTCGT1",
"992abae2-31fc-44a4-a174-32ce7b90a6ae","STER_027.basePlot.bet","D10","STER","STER_027","E","2015-08-20","2015-09-03","2016-06-17","2016-06-17","FuEDHNSxWAmVhs8S6ivs3hp86r7x4LQC28CtOEaZ1OY=","NEON.BET.D10.004089","CARSP14","Carabidae sp.","family",,"Latreille","D10.2015.MorphAP","Other",,"2lRMQQ1w1tjxtWhGz93Yd/OOt4CTCGT1","2lRMQQ1w1tjxtWhGz93Yd/OOt4CTCGT1","Harpalus sp. Similar to HARDES. One puncuated fovea on each side of pronotum. Corresponding dents on elytra. Sharp angles of anterior pronotum. Arched pronotum. Nuptial pads on forelimbs."
"6b173954-914a-4cd7-9906-b53a52d8e641","STER_027.basePlot.bet","D10","STER","STER_027","E","2015-08-20","2015-09-03","2016-06-17","2016-06-29","FuEDHNSxWAmVhs8S6ivs3jv2Cldabcncg4OIztk228c=","NEON.BET.D10.004410","AGOPLA","Agonum placidum","species",,"Say",,"Other",,"Ji4OKY0Opajnq0SAWKqACItMAkkkfnH7","FHSuRnDDEXch2F1N4+O9mztJ2ojXSkEF",
"88545699-f5bf-469a-8059-50dd8cd38726","STER_027.basePlot.bet","D10","STER","STER_027","E","2015-08-20","2015-09-03","2016-06-17","2016-06-17","FuEDHNSxWAmVhs8S6ivs3lt3wz2q/Y7Bcoxx1zVE60Y=","NEON.BET.D10.004090","AMACAR","Amara carinata","species",,"LeConte",,"Other",,"2lRMQQ1w1tjxtWhGz93Yd/OOt4CTCGT1","2lRMQQ1w1tjxtWhGz93Yd/OOt4CTCGT1",
"93900a6b-71e8-4e8a-b6ba-2e64bae72358","STER_027.basePlot.bet","D10","STER","STER_027","E","2015-08-20","2015-09-03","2016-06-17","2016-06-17","FuEDHNSxWAmVhs8S6ivs3sMcn3hxezevL1tKXur7iyM=","NEON.BET.D10.004086","HARCAL","Harpalus caliginosus","species",,"Fabricius",,"Other",,"2lRMQQ1w1tjxtWhGz93Yd/OOt4CTCGT1","2lRMQQ1w1tjxtWhGz93Yd/OOt4CTCGT1",
"6fbad599-ce36-4161-a85a-7dccc21f4981","STER_033.basePlot.bet","D10","STER","STER_033","E","2015-08-20","2015-09-03","2016-06-15","2016-06-15","Yx5jJOWNohJ9UeEO/58nQavBVUj2jTakC5d+0OkWztQ=","NEON.BET.D10.004023","HARPAR","Harpalus paratus","species",,"Casey",,"Other",,"2lRMQQ1w1tjxtWhGz93Yd/OOt4CTCGT1","2lRMQQ1w1tjxtWhGz93Yd/OOt4CTCGT1",
"cb9dba7f-47b6-4f5e-b4f4-bad9ffb2d611","STER_026.basePlot.bet","D10","STER","STER_026","E","2015-08-20","2015-09-03","2016-07-01","2016-07-19","B74IC5C471rOqvswTwh6pt0g0X8A0IDTHo+BRzKSeok=","NEON.BET.D10.004988","AMACAR","Amara carinata","species",,"LeConte",,"Other",,"Ji4OKY0Opajnq0SAWKqACItMAkkkfnH7","FHSuRnDDEXch2F1N4+O9mztJ2ojXSkEF",
"e8e4feeb-af05-48e5-8d3e-8a6d1bcd1b19","STER_029.basePlot.bet","D10","STER","STER_029","E","2015-08-20","2015-09-03","2016-06-17","2016-06-17","KK2q9nxeS92fUCA/SxFLT5K0tt4ARIgi9CnfaIdi9YA=","NEON.BET.D10.004060","CARSP14","Carabidae sp.","family",,"Latreille","D10.2015.MorphAR","Other",,"jW84+1730rbF9ydK4hYAjdKf4gTfgBlZ","jW84+1730rbF9ydK4hYAjdKf4gTfgBlZ","3-4mm long. Similar to Syntomus americanus. Narrow waists between elytra pronotum and head. Black."
"033c91ef-a492-446e-86ee-5c215d5c96c3","STER_027.basePlot.bet","D10","STER","STER_027","E","2015-08-20","2015-09-03","2016-06-17","2016-06-17","FuEDHNSxWAmVhs8S6ivs3h0Fo0JJHwauOxl5/wkq/jA=","NEON.BET.D10.004091","HARPEN","Harpalus pensylvanicus","species",,"DeGeer",,"Other",,"2lRMQQ1w1tjxtWhGz93Yd/OOt4CTCGT1","2lRMQQ1w1tjxtWhGz93Yd/OOt4CTCGT1",
"15d94f58-5df7-4910-bfbc-306f66fd4d3d","STER_027.basePlot.bet","D10","STER","STER_027","N","2015-08-20","2015-09-03","2016-06-20","2016-06-29","FuEDHNSxWAmWrmLbNUzIvpOEWPGgT5D7staf9vwm2to=","NEON.BET.D10.004414","AGOPLA","Agonum placidum","species",,"Say",,"Other",,"Ji4OKY0Opajnq0SAWKqACItMAkkkfnH7","jW84+1730rbF9ydK4hYAjdKf4gTfgBlZ",
"a19b6099-d995-4cfc-acfc-00b59c9a88fa","STER_027.basePlot.bet","D10","STER","STER_027","N","2015-08-20","2015-09-03","2016-06-17","2016-06-17","FuEDHNSxWAmWrmLbNUzIvpOEWPGgT5D7staf9vwm2to=","NEON.BET.D10.004078","AGOPLA","Agonum placidum","species",,"Say",,"Other",,"2lRMQQ1w1tjxtWhGz93Yd/OOt4CTCGT1","2lRMQQ1w1tjxtWhGz93Yd/OOt4CTCGT1",
"a437f629-4b4c-4874-8c36-902e6eb8c991","STER_027.basePlot.bet","D10","STER","STER_027","N","2015-08-20","2015-09-03","2016-06-17","2016-06-29","FuEDHNSxWAmWrmLbNUzIvpOEWPGgT5D7staf9vwm2to=","NEON.BET.D10.004409","AGOPLA","Agonum placidum","species",,"Say",,"Other",,"Ji4OKY0Opajnq0SAWKqACItMAkkkfnH7","FHSuRnDDEXch2F1N4+O9mztJ2ojXSkEF",
"7d96df36-7957-45f1-8d08-11717768f621","STER_034.basePlot.bet","D10","STER","STER_034","N","2015-08-20","2015-09-03","2016-06-20","2016-06-20","v+COazD1kvwCOPkAWI7UTHFfv/JpdwYZICZ+etRMNUw=","NEON.BET.D10.004112","AMAQUE1","Amara quenseli","species",,"Schönherr",,"Other",,"jzmKcF+03gcUo1n16tfkmq5o6x6WOPUL","jzmKcF+03gcUo1n16tfkmq5o6x6WOPUL",
"8bdbf454-e5eb-4f4b-b45c-eb3c03ceed3c","STER_032.basePlot.bet","D10","STER","STER_032","N","2015-08-20","2015-09-03","2016-06-20","2016-06-30","fEa5yf30aQz2mMGAPCXT9ZUXz+515/yGnTdlfESyOqg=","NEON.BET.D10.004540","CARSP14","Carabidae sp.","family",,"Latreille","D10.2015.MorphII","Other",,"Ji4OKY0Opajnq0SAWKqACItMAkkkfnH7","2lRMQQ1w1tjxtWhGz93Yd/OOt4CTCGT1","Similar in coloration to Morph I but pronotum more heart shaped and curved at base."
"b083dcbe-5ab3-43ee-97d9-642492020d7e","STER_033.basePlot.bet","D10","STER","STER_033","N","2015-08-20","2015-09-03","2016-06-15","2016-06-17","Yx5jJOWNohJ7XREpDjR1HHCIIPGgPDKKLSVUyBgrjvg=","NEON.BET.D10.004068","CICPUN","Cicindela punctulata","species",,"Olivier",,"Other",,"2lRMQQ1w1tjxtWhGz93Yd/OOt4CTCGT1","2lRMQQ1w1tjxtWhGz93Yd/OOt4CTCGT1",
"814d9081-6f95-41b4-8360-38fd8f2c1774","STER_026.basePlot.bet","D10","STER","STER_026","N","2015-08-20","2015-09-03","2016-06-17","2016-06-17","B74IC5C471pJ6lEjRmMupSmEBc6/+0ypD3Fqu5RITC4=","NEON.BET.D10.004056","AMACAR","Amara carinata","species",,"LeConte",,"Other",,"jW84+1730rbF9ydK4hYAjdKf4gTfgBlZ","jW84+1730rbF9ydK4hYAjdKf4gTfgBlZ",
"348277ac-e9d6-4e86-ad1a-63963fc81a06","STER_028.basePlot.bet","D10","STER","STER_028","N","2015-08-20","2015-09-03","2016-07-14","2016-07-19","bW2EsnYmokVUUfueoAYMtsHgEduHgqCxg4Ob/j7EPG4=","NEON.BET.D10.004985","AMACAR","Amara carinata","species",,"LeConte",,"Other",,"Ji4OKY0Opajnq0SAWKqACItMAkkkfnH7","jzmKcF+03gcUo1n16tfkmq5o6x6WOPUL",
"04fc65f4-671f-4486-bf01-dd635b213f65","STER_027.basePlot.bet","D10","STER","STER_027","N","2015-08-20","2015-09-03","2016-06-17","2016-06-17","FuEDHNSxWAmWrmLbNUzIvm21Y8pN+d5yT2Zt3TJ8KWo=","NEON.BET.D10.004076","AMACAR","Amara carinata","species",,"LeConte",,"Other",,"2lRMQQ1w1tjxtWhGz93Yd/OOt4CTCGT1","2lRMQQ1w1tjxtWhGz93Yd/OOt4CTCGT1",
"848371ee-5347-4786-b97d-7a65c9aaa497","STER_033.basePlot.bet","D10","STER","STER_033","N","2015-08-20","2015-09-03","2016-06-17","2016-06-17","Yx5jJOWNohJ7XREpDjR1HOQXDnr77wxGBwVOV7Q3qB4=","NEON.BET.D10.004071","CYCTOR","Cyclotrachelus torvus","species",,"LeConte",,"Other",,"2lRMQQ1w1tjxtWhGz93Yd/OOt4CTCGT1","2lRMQQ1w1tjxtWhGz93Yd/OOt4CTCGT1",
"b945db3c-20b2-4029-9921-cf92e6c63a2d","STER_033.basePlot.bet","D10","STER","STER_033","N","2015-08-20","2015-09-03","2016-06-15","2016-06-17","Yx5jJOWNohJ7XREpDjR1HNKk1p1U195ruFKoy8Dz27k=","NEON.BET.D10.004069","HARCAL","Harpalus caliginosus","species",,"Fabricius",,"Other",,"2lRMQQ1w1tjxtWhGz93Yd/OOt4CTCGT1","2lRMQQ1w1tjxtWhGz93Yd/OOt4CTCGT1",
"282d3ca6-12f5-474b-a3d6-8d3b359f8b46","STER_033.basePlot.bet","D10","STER","STER_033","N","2015-08-20","2015-09-03","2016-06-15","2016-06-17","Yx5jJOWNohJ7XREpDjR1HP+Z+PCy0juZSwU2D0t0Srk=","NEON.BET.D10.004070","HARPEN","Harpalus pensylvanicus","species",,"DeGeer",,"Other",,"2lRMQQ1w1tjxtWhGz93Yd/OOt4CTCGT1","2lRMQQ1w1tjxtWhGz93Yd/OOt4CTCGT1",
"81d085bd-d7b4-45d9-bf70-204dc17c7e98","STER_028.basePlot.bet","D10","STER","STER_028","N","2015-08-20","2015-09-03","2016-06-20","2016-07-01","bW2EsnYmokVUUfueoAYMtjQRTn5kQInxz9P0SXgbuJc=","NEON.BET.D10.004567","CHLTOM","Chlaenius tomentosus","species",,"Say",,"Other",,"FHSuRnDDEXch2F1N4+O9mztJ2ojXSkEF","2lRMQQ1w1tjxtWhGz93Yd/OOt4CTCGT1",
"e60f14ac-3fcb-468b-a600-9a9a43f68f15","STER_028.basePlot.bet","D10","STER","STER_028","N","2015-08-20","2015-09-03","2016-07-14","2016-07-19","bW2EsnYmokVUUfueoAYMtsHgEduHgqCxg4Ob/j7EPG4=","NEON.BET.D10.004984","AMACAR","Amara carinata","species",,"LeConte",,"Other",,"jzmKcF+03gcUo1n16tfkmq5o6x6WOPUL","jzmKcF+03gcUo1n16tfkmq5o6x6WOPUL",
"ffba1592-9812-444d-ba92-2305ed55ca47","STER_028.basePlot.bet","D10","STER","STER_028","N","2015-08-20","2015-09-03","2016-06-17","2016-06-20","bW2EsnYmokVUUfueoAYMth74q+MKbaZ69arSKDYBcUY=","NEON.BET.D10.004065","AMAMUS","Amara musculis","species",,"Say",,"Other",,"FHSuRnDDEXch2F1N4+O9mztJ2ojXSkEF","FHSuRnDDEXch2F1N4+O9mztJ2ojXSkEF",
"29e12859-f368-4d3f-8f98-00121191c299","STER_027.basePlot.bet","D10","STER","STER_027","N","2015-08-20","2015-09-03","2016-06-17","2016-06-17","FuEDHNSxWAmWrmLbNUzIvkrVT3DKsYP51AEzhymtF0M=","NEON.BET.D10.004080","HARREV","Harpalus reversus","species",,"Casey",,"Other",,"2lRMQQ1w1tjxtWhGz93Yd/OOt4CTCGT1","2lRMQQ1w1tjxtWhGz93Yd/OOt4CTCGT1",
"035cdd79-30bd-4370-871c-8930bc2fad9c","STER_027.basePlot.bet","D10","STER","STER_027","N","2015-08-20","2015-09-03","2016-06-20","2016-06-29","FuEDHNSxWAmWrmLbNUzIvpOEWPGgT5D7staf9vwm2to=","NEON.BET.D10.004411","AGOPLA","Agonum placidum","species",,"Say",,"Other",,"Ji4OKY0Opajnq0SAWKqACItMAkkkfnH7","jW84+1730rbF9ydK4hYAjdKf4gTfgBlZ",
"870cd823-e3c5-46f3-8f5a-7bf36e07b014","STER_027.basePlot.bet","D10","STER","STER_027","N","2015-08-20","2015-09-03","2016-06-20","2016-06-29","FuEDHNSxWAmWrmLbNUzIvpOEWPGgT5D7staf9vwm2to=","NEON.BET.D10.004412","AGOPLA","Agonum placidum","species",,"Say",,"Other",,"Ji4OKY0Opajnq0SAWKqACItMAkkkfnH7","jW84+1730rbF9ydK4hYAjdKf4gTfgBlZ",
"7bc99ecb-63e1-4676-a8f3-c9cf83dd22a1","STER_032.basePlot.bet","D10","STER","STER_032","S","2015-09-03","2015-09-17","2016-06-21","2016-06-23","fEa5yf30aQzD1VVefmBauB8M2geL4f+toNYE2JPYxqE=","NEON.BET.D10.004193","AMACAR","Amara carinata","species",,"LeConte",,"Other",,"2lRMQQ1w1tjxtWhGz93Yd/OOt4CTCGT1","2lRMQQ1w1tjxtWhGz93Yd/OOt4CTCGT1",
"8c0f7393-8f9b-462b-8fe9-fd4cbc5d3754","STER_032.basePlot.bet","D10","STER","STER_032","S","2015-09-03","2015-09-17","2016-06-23","2016-06-23","fEa5yf30aQzD1VVefmBauNEHoYJZyyq2DwGhF3Tuil0=","NEON.BET.D10.004194","EURGRO","Euryderus grossus","species",,"Say",,"Other",,"2lRMQQ1w1tjxtWhGz93Yd/OOt4CTCGT1","2lRMQQ1w1tjxtWhGz93Yd/OOt4CTCGT1",
"3ba1094a-d026-4d72-aa51-8b1b12962e38","STER_034.basePlot.bet","D10","STER","STER_034","S","2015-09-03","2015-09-17","2016-11-23","2016-11-23","v+COazD1kvxYBwr6bCnmqeiioEOVwuNo0ZssJjOUgdY=","NEON.BET.D10.004113","EURGRO","Euryderus grossus","species",,"Say",,"Other",,"Ji4OKY0Opajnq0SAWKqACItMAkkkfnH7","Ji4OKY0Opajnq0SAWKqACItMAkkkfnH7",
"60485ab9-a34f-44c8-803e-700cd4057eaf","STER_026.basePlot.bet","D10","STER","STER_026","E","2015-09-03","2015-09-17","2016-07-19","2016-07-19","B74IC5C471rOqvswTwh6piKwtQsD1Mnae+zYnZLIKSU=","NEON.BET.D10.004995","AMACAR","Amara carinata","species",,"LeConte",,"Other",,"Ji4OKY0Opajnq0SAWKqACItMAkkkfnH7","Ji4OKY0Opajnq0SAWKqACItMAkkkfnH7",
"81e5ca9b-738c-4a7c-837a-8da6cd158d03","STER_029.basePlot.bet","D10","STER","STER_029","E","2015-09-03","2015-09-17","2016-06-20","2016-06-20","KK2q9nxeS92fUCA/SxFLT6CNmPLH0EgBnQlwIUGkSA0=","NEON.BET.D10.004130","PASELO","Pasimachus elongatus","species",,"LeConte",,"Other",,"2lRMQQ1w1tjxtWhGz93Yd/OOt4CTCGT1","2lRMQQ1w1tjxtWhGz93Yd/OOt4CTCGT1",
"5fbbed12-c860-4c00-97f9-10d236ff85c0","STER_027.basePlot.bet","D10","STER","STER_027","E","2015-09-03","2015-09-17","2016-06-20","2016-07-19","FuEDHNSxWAmVhs8S6ivs3nQWs6Lm7ZuCt3NZV1RU+wA=","NEON.BET.D10.004996","AMACAR","Amara carinata","species",,"LeConte",,"Other",,"Ji4OKY0Opajnq0SAWKqACItMAkkkfnH7","Ji4OKY0Opajnq0SAWKqACItMAkkkfnH7",
"16704203-bb43-4e1b-b7ce-94902f118448","STER_032.basePlot.bet","D10","STER","STER_032","E","2015-09-03","2015-09-17","2016-06-23","2016-06-23","fEa5yf30aQw4bvMaK/m8x/U6UxGOGvK4xRRj1YlnBYI=","NEON.BET.D10.004187","POESCI","Poecilus scitulus","species",,"LeConte",,"Other",,"2lRMQQ1w1tjxtWhGz93Yd/OOt4CTCGT1","2lRMQQ1w1tjxtWhGz93Yd/OOt4CTCGT1",
"5bb5b7be-1139-4359-9368-00d16dcafb8f","STER_028.basePlot.bet","D10","STER","STER_028","N","2015-09-03","2015-09-17","2016-06-30","2016-06-30","bW2EsnYmokVUUfueoAYMtpWfo1b01y/qRD128rM7BLw=","NEON.BET.D10.004565","EURGRO","Euryderus grossus","species",,"Say",,"Other",,"FHSuRnDDEXch2F1N4+O9mztJ2ojXSkEF","FHSuRnDDEXch2F1N4+O9mztJ2ojXSkEF",
"3ba93228-a59e-4f65-be25-83b42b297e97","STER_028.basePlot.bet","D10","STER","STER_028","N","2015-09-03","2015-09-17","2016-06-21","2016-06-21","bW2EsnYmokVUUfueoAYMtpWfo1b01y/qRD128rM7BLw=","NEON.BET.D10.004145","EURGRO","Euryderus grossus","species",,"Say",,"Other",,"2lRMQQ1w1tjxtWhGz93Yd/OOt4CTCGT1","2lRMQQ1w1tjxtWhGz93Yd/OOt4CTCGT1",
"05c5225c-6187-4ef1-84a5-1a5427b0917f","STER_028.basePlot.bet","D10","STER","STER_028","N","2015-09-03","2015-09-17","2016-12-08","2016-12-08","bW2EsnYmokVUUfueoAYMtscYwWBZP5MH7gI6dIRLtiQ=","NEON.BET.D10.004998","AMACAR","Amara carinata","species",,"LeConte",,"Other",,"Ji4OKY0Opajnq0SAWKqACItMAkkkfnH7","Ji4OKY0Opajnq0SAWKqACItMAkkkfnH7",
"e0be4bc9-4852-4758-9a24-94ca843f9300","STER_028.basePlot.bet","D10","STER","STER_028","N","2015-09-03","2015-09-17","2016-07-19","2016-07-19","bW2EsnYmokVUUfueoAYMtscYwWBZP5MH7gI6dIRLtiQ=","NEON.BET.D10.004999","AMACAR","Amara carinata","species",,"LeConte",,"Other",,"Ji4OKY0Opajnq0SAWKqACItMAkkkfnH7","Ji4OKY0Opajnq0SAWKqACItMAkkkfnH7",
"e53b0419-fdb2-42af-9728-1173308fe039","STER_028.basePlot.bet","D10","STER","STER_028","N","2015-09-03","2015-09-17","2016-06-21","2016-06-21","bW2EsnYmokVUUfueoAYMtuc4qpD3fVP1knXk80JqHKs=","NEON.BET.D10.004148","CARSP14","Carabidae sp.","family",,"Latreille","D10.2015.MorphII","Other",,"2lRMQQ1w1tjxtWhGz93Yd/OOt4CTCGT1","2lRMQQ1w1tjxtWhGz93Yd/OOt4CTCGT1","Similar in coloration to Morph I but pronotum more heart shaped and curved at base."
"f335ac56-4e17-48db-9495-b9afa4789b33","STER_028.basePlot.bet","D10","STER","STER_028","N","2015-09-03","2015-09-17","2016-06-21","2016-06-21","bW2EsnYmokVUUfueoAYMtgDqdRe5ftrWbmc3gilAZCY=","NEON.BET.D10.004147","AMAQUE1","Amara quenseli","species",,"Schönherr",,"Other",,"2lRMQQ1w1tjxtWhGz93Yd/OOt4CTCGT1","2lRMQQ1w1tjxtWhGz93Yd/OOt4CTCGT1",
"1bca1bc4-aab0-4b8a-8fe7-c59bf95ec531","STER_028.basePlot.bet","D10","STER","STER_028","N","2015-09-03","2015-09-17","2016-06-30","2016-06-30","bW2EsnYmokVUUfueoAYMtpWfo1b01y/qRD128rM7BLw=","NEON.BET.D10.004566","EURGRO","Euryderus grossus","species",,"Say",,"Other",,"FHSuRnDDEXch2F1N4+O9mztJ2ojXSkEF","FHSuRnDDEXch2F1N4+O9mztJ2ojXSkEF",
"b74f422a-9e5c-4adb-b58d-c47c4e2bf61e","STER_029.basePlot.bet","D10","STER","STER_029","N","2015-09-03","2015-09-17","2016-06-21","2016-06-21","KK2q9nxeS93FDA0MneZic/FJawi8YiUGUK1Mwih4FxI=","NEON.BET.D10.004133","AMACAR","Amara carinata","species",,"LeConte",,"Other",,"2lRMQQ1w1tjxtWhGz93Yd/OOt4CTCGT1","2lRMQQ1w1tjxtWhGz93Yd/OOt4CTCGT1",
"4de689b8-9102-4190-bfa2-3bece0e418a6","STER_027.basePlot.bet","D10","STER","STER_027","N","2015-09-03","2015-09-17","2016-06-20","2016-06-21","FuEDHNSxWAmWrmLbNUzIvqArCvVf0x96112djJC7ejc=","NEON.BET.D10.004102","AGOPLA","Agonum placidum","species",,"Say",,"Other",,"Ji4OKY0Opajnq0SAWKqACItMAkkkfnH7","Ji4OKY0Opajnq0SAWKqACItMAkkkfnH7",
"deac9bf4-3911-4576-9c96-7a4fd9181232","STER_029.basePlot.bet","D10","STER","STER_029","N","2015-09-03","2015-09-17","2016-06-21","2016-06-21","KK2q9nxeS93FDA0MneZic62Xh6XgsMYjb59GNFNEbJM=","NEON.BET.D10.004132","PASELO","Pasimachus elongatus","species",,"LeConte",,"Other",,"2lRMQQ1w1tjxtWhGz93Yd/OOt4CTCGT1","2lRMQQ1w1tjxtWhGz93Yd/OOt4CTCGT1",
"890b562b-b421-40a0-8254-5cf2ded7df09","STER_028.basePlot.bet","D10","STER","STER_028","N","2015-09-03","2015-09-17","2016-07-19","2016-07-19","bW2EsnYmokVUUfueoAYMtscYwWBZP5MH7gI6dIRLtiQ=","NEON.BET.D10.005000","AMACAR","Amara carinata","species",,"LeConte",,"Other",,"Ji4OKY0Opajnq0SAWKqACItMAkkkfnH7","Ji4OKY0Opajnq0SAWKqACItMAkkkfnH7",
"a6590240-57df-446f-98ad-f5a261cfe381","STER_027.basePlot.bet","D10","STER","STER_027","N","2015-09-03","2015-09-17","2016-06-20","2016-06-21","FuEDHNSxWAmWrmLbNUzIvmDhQdpTW0hUSsXtgfI9/68=","NEON.BET.D10.004104","AMACAR","Amara carinata","species",,"LeConte",,"Other",13,"2lRMQQ1w1tjxtWhGz93Yd/OOt4CTCGT1","2lRMQQ1w1tjxtWhGz93Yd/OOt4CTCGT1",
"88ab2715-3871-4dc8-be3f-9d503c82d639","STER_027.basePlot.bet","D10","STER","STER_027","N","2015-09-03","2015-09-17","2016-06-20","2016-06-20","FuEDHNSxWAmWrmLbNUzIvni9lHQM2WOvGJlIPI+56QA=","NEON.BET.D10.004117","SELPLA","Selenophorus planipennis","species",,"LeConte",,"Other",6,"2lRMQQ1w1tjxtWhGz93Yd/OOt4CTCGT1","2lRMQQ1w1tjxtWhGz93Yd/OOt4CTCGT1",
"556ee5d6-2d5d-4d5a-ba8c-b5b0a8b50817","STER_027.basePlot.bet","D10","STER","STER_027","N","2015-09-03","2015-09-17","2016-06-20","2016-09-14","FuEDHNSxWAmWrmLbNUzIvhhuTQFTq8nmnJn791xBuPE=","NEON.BET.D10.004101","CARSP14","Carabidae sp.","family",,"Latreille","D10.2015.MorphP","Other",,"Ji4OKY0Opajnq0SAWKqACItMAkkkfnH7","Ji4OKY0Opajnq0SAWKqACItMAkkkfnH7","Cymindis sp. similar in look but smaller than Morph M. Head pronotum and legs rufous. Elytra rufo-testaceous."
"c4791e1e-3f9b-41d5-8368-4f0d2180df40","STER_006.basePlot.bet","D10","STER","STER_006","N","2015-09-03","2015-09-17","2016-06-21","2016-06-21","LZ9IDatJ8HFjMglZdSDI7TcQxihS4apgsNxuswYbwdI=","NEON.BET.D10.004167","AMACAR","Amara carinata","species",,"LeConte",,"Other",,"2lRMQQ1w1tjxtWhGz93Yd/OOt4CTCGT1","2lRMQQ1w1tjxtWhGz93Yd/OOt4CTCGT1",
"42dd7d7f-98b0-40b9-9d38-89e17719b35c","STER_006.basePlot.bet","D10","STER","STER_006","N","2015-09-03","2015-09-17","2016-11-23","2016-11-23","LZ9IDatJ8HFjMglZdSDI7TQjTQo6LemCie7F6ZbNO48=","NEON.BET.D10.004166","HARREV","Harpalus reversus","species",,"Casey",,"Other",,"Ji4OKY0Opajnq0SAWKqACItMAkkkfnH7","Ji4OKY0Opajnq0SAWKqACItMAkkkfnH7",
"8b77e81b-792c-4517-8a92-10d69a3c23c9","STER_027.basePlot.bet","D10","STER","STER_027","N","2015-09-03","2015-09-17","2016-06-20","2016-06-21","FuEDHNSxWAmWrmLbNUzIvsQO3hir9ABAL9EM0KKefBQ=","NEON.BET.D10.004105","HARREV","Harpalus reversus","species",,"Casey",,"Other",,"2lRMQQ1w1tjxtWhGz93Yd/OOt4CTCGT1","2lRMQQ1w1tjxtWhGz93Yd/OOt4CTCGT1",
"4d77d6ed-61de-4fd6-a706-9c055a579ba1","STER_034.basePlot.bet","D10","STER","STER_034","N","2015-09-03","2015-09-17","2016-06-21","2016-06-21","v+COazD1kvwCOPkAWI7UTLD0JeoOtG0zmdE4z+t9INY=","NEON.BET.D10.004155","AMACAR","Amara carinata","species",,"LeConte",,"Other",,"FHSuRnDDEXch2F1N4+O9mztJ2ojXSkEF","FHSuRnDDEXch2F1N4+O9mztJ2ojXSkEF",
"6296fedf-3e07-4d80-af85-63751a895847","STER_006.basePlot.bet","D10","STER","STER_006","N","2015-09-03","2015-09-17","2016-07-19","2016-07-19","LZ9IDatJ8HFjMglZdSDI7TcQxihS4apgsNxuswYbwdI=","NEON.BET.D10.004990","AMACAR","Amara carinata","species",,"LeConte",,"Other",,"FHSuRnDDEXch2F1N4+O9mztJ2ojXSkEF","FHSuRnDDEXch2F1N4+O9mztJ2ojXSkEF",
"c6c61073-33fc-4ed3-a00f-e82174087c89","STER_034.basePlot.bet","D10","STER","STER_034","N","2015-09-03","2015-09-17","2016-06-21","2016-06-21","v+COazD1kvwCOPkAWI7UTFT1Ga0tna3BXwkUEUYILZA=","NEON.BET.D10.004154","EURGRO","Euryderus grossus","species",,"Say",,"Other",,"FHSuRnDDEXch2F1N4+O9mztJ2ojXSkEF","FHSuRnDDEXch2F1N4+O9mztJ2ojXSkEF",
"8e113187-7a1a-4cb2-949f-ab8f258c713d","STER_034.basePlot.bet","D10","STER","STER_034","N","2015-09-03","2015-09-17","2016-06-21","2016-06-21","v+COazD1kvwCOPkAWI7UTAwC+3tQIUjXPs6Vygz0d/U=","NEON.BET.D10.004158","CARSP14","Carabidae sp.","family",,"Latreille","D10.2015.MorphBI","Other",4,"FHSuRnDDEXch2F1N4+O9mztJ2ojXSkEF","FHSuRnDDEXch2F1N4+O9mztJ2ojXSkEF","4-5mm long. Amara sp. Antenna entirely rufous. Minimal punctation around fovea."
"56edeedd-3d03-4c1d-b1e3-eefde2d51fdb","STER_034.basePlot.bet","D10","STER","STER_034","N","2015-09-03","2015-09-17","2016-06-21","2016-06-21","v+COazD1kvwCOPkAWI7UTFX1H/loGaoeSWeg5s3oPUc=","NEON.BET.D10.004156","ANIMER2","Anisodactylus merula","species",,"Germar",,"Other",,"FHSuRnDDEXch2F1N4+O9mztJ2ojXSkEF","FHSuRnDDEXch2F1N4+O9mztJ2ojXSkEF",
"fe49683f-01d7-4acb-adc7-ee89e946c9b5","STER_032.basePlot.bet","D10","STER","STER_032","N","2015-09-03","2015-09-17","2016-06-23","2016-06-23","fEa5yf30aQz2mMGAPCXT9fYin8TFmYhwtdlinYb/Vis=","NEON.BET.D10.004198","AMACAR","Amara carinata","species",,"LeConte",,"Other",,"2lRMQQ1w1tjxtWhGz93Yd/OOt4CTCGT1","2lRMQQ1w1tjxtWhGz93Yd/OOt4CTCGT1",
"36fb31e4-5df0-4c48-99cf-a7c839fdc355","STER_032.basePlot.bet","D10","STER","STER_032","N","2015-09-03","2015-09-17","2016-06-23","2016-06-23","fEa5yf30aQz2mMGAPCXT9dXycvbIkrmNrZ78YAofq5A=","NEON.BET.D10.004195","EURGRO","Euryderus grossus","species",,"Say",,"Other",,"2lRMQQ1w1tjxtWhGz93Yd/OOt4CTCGT1","2lRMQQ1w1tjxtWhGz93Yd/OOt4CTCGT1",
"0e536d2f-4da1-4f1f-ad7b-1fc991e75c24","STER_032.basePlot.bet","D10","STER","STER_032","N","2015-09-03","2015-09-17","2016-06-23","2016-07-19","fEa5yf30aQz2mMGAPCXT9fYin8TFmYhwtdlinYb/Vis=","NEON.BET.D10.005003","AMACAR","Amara carinata","species",,"LeConte",,"Other",,"Ji4OKY0Opajnq0SAWKqACItMAkkkfnH7","Ji4OKY0Opajnq0SAWKqACItMAkkkfnH7",
"7b83bbef-31e4-4b9f-aa31-a117d2582900","STER_032.basePlot.bet","D10","STER","STER_032","N","2015-09-03","2015-09-17","2016-06-23","2016-06-23","fEa5yf30aQz2mMGAPCXT9Y4U63+XrQiZ7JUk4XYF0ek=","NEON.BET.D10.004199","HARAMP1","Harpalus amputatus","species",,"Say",,"Other",,"2lRMQQ1w1tjxtWhGz93Yd/OOt4CTCGT1","2lRMQQ1w1tjxtWhGz93Yd/OOt4CTCGT1",
"12a96f3d-a5fd-40df-9b6a-c2b9e6274955","STER_032.basePlot.bet","D10","STER","STER_032","N","2015-09-03","2015-09-17","2016-06-23","2016-06-23","fEa5yf30aQz2mMGAPCXT9UGbtzUZa+b2UeJkY/iV2Ck=","NEON.BET.D10.004200","ANIRUS","Anisodactylus rusticus","species",,"Say",,"Other",,"2lRMQQ1w1tjxtWhGz93Yd/OOt4CTCGT1","2lRMQQ1w1tjxtWhGz93Yd/OOt4CTCGT1",
"14663341-e561-4a75-9f0a-26c8ec8d622c","STER_034.basePlot.bet","D10","STER","STER_034","N","2015-09-03","2015-09-17","2016-06-21","2016-06-21","v+COazD1kvwCOPkAWI7UTERURea4/QelUqlkWqVLEpk=","NEON.BET.D10.004157","HARREV","Harpalus reversus","species",,"Casey",,"Other",,"FHSuRnDDEXch2F1N4+O9mztJ2ojXSkEF","FHSuRnDDEXch2F1N4+O9mztJ2ojXSkEF",
"354df818-1845-41d2-bd19-1ac543e3fa56","STER_032.basePlot.bet","D10","STER","STER_032","N","2015-09-03","2015-09-17","2016-06-23","2016-07-19","fEa5yf30aQz2mMGAPCXT9fYin8TFmYhwtdlinYb/Vis=","NEON.BET.D10.005002","AMACAR","Amara carinata","species",,"LeConte",,"Other",,"Ji4OKY0Opajnq0SAWKqACItMAkkkfnH7","Ji4OKY0Opajnq0SAWKqACItMAkkkfnH7",
"0d092766-8ad8-4302-8081-962b62e0c3a1","STER_028.basePlot.bet","D10","STER","STER_028","N","2015-09-03","2015-09-17","2016-06-21","2016-06-21","bW2EsnYmokVUUfueoAYMtscYwWBZP5MH7gI6dIRLtiQ=","NEON.BET.D10.004146","AMACAR","Amara carinata","species",,"LeConte",,"Other",,"2lRMQQ1w1tjxtWhGz93Yd/OOt4CTCGT1","2lRMQQ1w1tjxtWhGz93Yd/OOt4CTCGT1",
"9d3d37ce-f866-4bb0-a342-3db8b74f2ef0","STER_028.basePlot.bet","D10","STER","STER_028","N","2015-09-03","2015-09-17","2016-06-21","2016-09-14","bW2EsnYmokVUUfueoAYMtuc4qpD3fVP1yn9drOgr0WY=","NEON.BET.D10.004144","CARSP14","Carabidae sp.","family",,"Latreille","D10.2015.MorphP","Other",,"2lRMQQ1w1tjxtWhGz93Yd/OOt4CTCGT1","2lRMQQ1w1tjxtWhGz93Yd/OOt4CTCGT1","Cymindis sp. similar in look but smaller than Morph M. Head pronotum and legs rufous. Elytra rufo-testaceous."
"0c1cfcd6-fd09-4f93-a0c7-dd03ae8731e8","STER_027.basePlot.bet","D10","STER","STER_027","N","2015-09-03","2015-09-17","2016-06-20","2016-06-21","FuEDHNSxWAmWrmLbNUzIvsQO3hir9ABAL9EM0KKefBQ=","NEON.BET.D10.004116","HARREV","Harpalus reversus","species",,"Casey",,"Other",,"2lRMQQ1w1tjxtWhGz93Yd/OOt4CTCGT1","2lRMQQ1w1tjxtWhGz93Yd/OOt4CTCGT1",
"e0ba2c25-ccb9-4214-b244-de153a6c729c","STER_027.basePlot.bet","D10","STER","STER_027","N","2015-09-03","2015-09-17","2016-06-20","2016-06-21","FuEDHNSxWAmWrmLbNUzIvupcER7DDoWLMKqdyiX50B8=","NEON.BET.D10.004103","HARPEN","Harpalus pensylvanicus","species",,"DeGeer",,"Other",,"2lRMQQ1w1tjxtWhGz93Yd/OOt4CTCGT1","2lRMQQ1w1tjxtWhGz93Yd/OOt4CTCGT1",
"053da783-27d9-4a16-b613-12383663e091","STER_032.basePlot.bet","D10","STER","STER_032","S","2015-09-03","2015-09-17","2016-06-23","2016-06-23","fEa5yf30aQzD1VVefmBauG1ox042PdEVSmBjN1904r0=","NEON.BET.D10.004192","PASELO","Pasimachus elongatus","species",,"LeConte",,"Other",,"2lRMQQ1w1tjxtWhGz93Yd/OOt4CTCGT1","2lRMQQ1w1tjxtWhGz93Yd/OOt4CTCGT1",
"2036011f-e9dc-408e-ba36-11f4e531a69f","STER_028.basePlot.bet","D10","STER","STER_028","E","2015-09-03","2015-09-17","2016-06-21","2016-06-21","bW2EsnYmokVpr0YzvZ/lGEkyMw2HLX5bXDSFNTTvsvE=","NEON.BET.D10.004136","HARAMP1","Harpalus amputatus","species",,"Say",,"Other",,"2lRMQQ1w1tjxtWhGz93Yd/OOt4CTCGT1","2lRMQQ1w1tjxtWhGz93Yd/OOt4CTCGT1",
"2bd8ce70-4d53-496d-bfcb-9296f9006322","STER_028.basePlot.bet","D10","STER","STER_028","E","2015-09-03","2015-09-17","2016-06-21","2016-06-21","bW2EsnYmokVpr0YzvZ/lGI3ypUXdKokbwhRVYvhzQXs=","NEON.BET.D10.004137","HARREV","Harpalus reversus","species",,"Casey",,"Other",,"2lRMQQ1w1tjxtWhGz93Yd/OOt4CTCGT1","2lRMQQ1w1tjxtWhGz93Yd/OOt4CTCGT1",
"ffb42678-4298-4520-a2fc-9409a32b41e2","STER_032.basePlot.bet","D10","STER","STER_032","E","2015-09-03","2015-09-17","2016-06-23","2016-06-23","fEa5yf30aQw4bvMaK/m8x8s/BZPi34VMk+I4AvY68Hw=","NEON.BET.D10.004186","HARCAL","Harpalus caliginosus","species",,"Fabricius",,"Other",,"2lRMQQ1w1tjxtWhGz93Yd/OOt4CTCGT1","2lRMQQ1w1tjxtWhGz93Yd/OOt4CTCGT1",
"3f4f757b-e618-475e-9d26-88a1303860ef","STER_032.basePlot.bet","D10","STER","STER_032","E","2015-09-03","2015-09-17","2016-06-23","2016-06-23","fEa5yf30aQw4bvMaK/m8x4poeCeYLgh631dR9//iapI=","NEON.BET.D10.004188","CRADUB","Cratacanthus dubius","species",,"Palisot de Beauvois",,"Other",,"2lRMQQ1w1tjxtWhGz93Yd/OOt4CTCGT1","2lRMQQ1w1tjxtWhGz93Yd/OOt4CTCGT1",
"5aad44ac-e118-4d67-8fa2-bdd73624ccd4","STER_032.basePlot.bet","D10","STER","STER_032","W","2015-09-03","2015-09-17","2016-06-23","2016-06-23","fEa5yf30aQzvu8h1n47REU3i1ZMc7zI8ab1C2T+G30Y=","NEON.BET.D10.004196","AMAQUE1","Amara quenseli","species",,"Schönherr",,"Other",,"FHSuRnDDEXch2F1N4+O9mztJ2ojXSkEF","FHSuRnDDEXch2F1N4+O9mztJ2ojXSkEF",
"2741eaa0-8c91-4b79-ab3d-002ad52a9226","STER_032.basePlot.bet","D10","STER","STER_032","W","2015-09-03","2015-09-17","2016-06-23","2016-06-23","fEa5yf30aQzvu8h1n47REfyK6hSplR+n24IpiZiLZlo=","NEON.BET.D10.004160","AMACAR","Amara carinata","species",,"LeConte",,"Other",,"FHSuRnDDEXch2F1N4+O9mztJ2ojXSkEF","FHSuRnDDEXch2F1N4+O9mztJ2ojXSkEF",
"1998e864-836a-4a18-93eb-28aa64d655c0","STER_032.basePlot.bet","D10","STER","STER_032","W","2015-09-03","2015-09-17","2016-06-23","2016-06-23","fEa5yf30aQzvu8h1n47REb72IfZhJoFsvG5x1HJYVt4=","NEON.BET.D10.004163","CARSP14","Carabidae sp.","family",,"Latreille","D10.2015.MorphW","Other",,"FHSuRnDDEXch2F1N4+O9mztJ2ojXSkEF","FHSuRnDDEXch2F1N4+O9mztJ2ojXSkEF","Amara sp. similar to AMACON3 but only segments 1 and 2 rufous. Two light fovea on each side of pronotum. smooth."
"c681c32f-44db-4a93-b17a-306b6635c1ce","STER_032.basePlot.bet","D10","STER","STER_032","W","2015-09-03","2015-09-17","2016-06-23","2016-06-23","fEa5yf30aQzvu8h1n47REYn3OMKrBLLbgjCqDwK0qaY=","NEON.BET.D10.004159","ANIRUS","Anisodactylus rusticus","species",,"Say",,"Other",,"FHSuRnDDEXch2F1N4+O9mztJ2ojXSkEF","FHSuRnDDEXch2F1N4+O9mztJ2ojXSkEF",
"0d38cddb-e517-4034-b4e5-8e1626c4790c","STER_032.basePlot.bet","D10","STER","STER_032","W","2015-09-03","2015-09-17","2016-06-23","2016-06-23","fEa5yf30aQzvu8h1n47REYjGyRDt/YSTVSk51He2kO8=","NEON.BET.D10.004162","HARAMP1","Harpalus amputatus","species",,"Say",,"Other",,"FHSuRnDDEXch2F1N4+O9mztJ2ojXSkEF","FHSuRnDDEXch2F1N4+O9mztJ2ojXSkEF",
"e6f2bb65-14dc-4ca5-b8f8-9cf71222ce9a","STER_032.basePlot.bet","D10","STER","STER_032","W","2015-09-03","2015-09-17","2016-06-23","2016-06-23","fEa5yf30aQzvu8h1n47REUPlvKb3QMK9FdkAMrK5Gzk=","NEON.BET.D10.004161","HARPEN","Harpalus pensylvanicus","species",,"DeGeer",,"Other",,"FHSuRnDDEXch2F1N4+O9mztJ2ojXSkEF","FHSuRnDDEXch2F1N4+O9mztJ2ojXSkEF",
"36a2e480-4dd4-4767-823d-79f7fedca368","STER_006.basePlot.bet","D10","STER","STER_006","S","2015-09-03","2015-09-17","2016-06-21","2016-06-23","LZ9IDatJ8HFq0YdRvUNgK66Uy5TRVAZnJkf24EOU/Vs=","NEON.BET.D10.004177","PASELO","Pasimachus elongatus","species",,"LeConte",,"Other",,"2lRMQQ1w1tjxtWhGz93Yd/OOt4CTCGT1","2lRMQQ1w1tjxtWhGz93Yd/OOt4CTCGT1",
"b0142637-4a82-41a6-9589-d17daa158348","STER_006.basePlot.bet","D10","STER","STER_006","S","2015-09-03","2015-09-17","2016-06-23","2016-06-23","LZ9IDatJ8HFq0YdRvUNgK6t4T7TnTYWYUsC8ZaK1AI0=","NEON.BET.D10.004182","HARPEN","Harpalus pensylvanicus","species",,"DeGeer",,"Other",,"2lRMQQ1w1tjxtWhGz93Yd/OOt4CTCGT1","2lRMQQ1w1tjxtWhGz93Yd/OOt4CTCGT1",
"35716171-0315-48f4-8daa-00fd18b75115","STER_006.basePlot.bet","D10","STER","STER_006","S","2015-09-03","2015-09-17","2016-06-21","2016-06-23","LZ9IDatJ8HFq0YdRvUNgKxbhiVbmZE05IMcRr7eXank=","NEON.BET.D10.004179","AMACAR","Amara carinata","species",,"LeConte",,"Other",,"2lRMQQ1w1tjxtWhGz93Yd/OOt4CTCGT1","2lRMQQ1w1tjxtWhGz93Yd/OOt4CTCGT1",
"577c1dcf-9512-4128-912a-e390f4c50555","STER_006.basePlot.bet","D10","STER","STER_006","S","2015-09-03","2015-09-17","2016-06-23","2016-06-23","LZ9IDatJ8HFq0YdRvUNgK6t4T7TnTYWYUsC8ZaK1AI0=","NEON.BET.D10.004181","HARPEN","Harpalus pensylvanicus","species",,"DeGeer",,"Other",,"FHSuRnDDEXch2F1N4+O9mztJ2ojXSkEF","FHSuRnDDEXch2F1N4+O9mztJ2ojXSkEF",
"ad03c0ab-d59b-4ff1-8ee9-86f2911c92b9","STER_006.basePlot.bet","D10","STER","STER_006","S","2015-09-03","2015-09-17","2016-06-23","2016-06-23","LZ9IDatJ8HFq0YdRvUNgK6t4T7TnTYWYUsC8ZaK1AI0=","NEON.BET.D10.004180","HARPEN","Harpalus pensylvanicus","species",,"DeGeer",,"Other",,"2lRMQQ1w1tjxtWhGz93Yd/OOt4CTCGT1","2lRMQQ1w1tjxtWhGz93Yd/OOt4CTCGT1",
"10ab6ab3-0eca-4920-9f25-e04376721e38","STER_006.basePlot.bet","D10","STER","STER_006","S","2015-09-03","2015-09-17","2016-06-21","2016-06-23","LZ9IDatJ8HFq0YdRvUNgK1CweEIoRuTiym3ND83HRtA=","NEON.BET.D10.004178","CARSP14","Carabidae sp.","family",,"Latreille","D10.2015.MorphAZ","Other",,"2lRMQQ1w1tjxtWhGz93Yd/OOt4CTCGT1","2lRMQQ1w1tjxtWhGz93Yd/OOt4CTCGT1","Calathus sp. Possibly C. opaculus. Pronotum nearly square. Pronotum and elytra pale at margins. Elytra dull with heavy microsculpture."
"5ea06085-4b18-4bcf-8c5d-8b83b1f9e21f","STER_027.basePlot.bet","D10","STER","STER_027","S","2015-09-03","2015-09-17","2016-06-20","2016-06-20","FuEDHNSxWAkxuVx1PLMd6QbIywB7my3CYDzkZAcg16I=","NEON.BET.D10.004129","ANIRUS","Anisodactylus rusticus","species",,"Say",,"Other",,"2lRMQQ1w1tjxtWhGz93Yd/OOt4CTCGT1","2lRMQQ1w1tjxtWhGz93Yd/OOt4CTCGT1",
"3e430aec-4d3e-4f15-a0d1-f7ddf37e28a6","STER_027.basePlot.bet","D10","STER","STER_027","S","2015-09-03","2015-09-17","2016-06-20","2016-06-20","FuEDHNSxWAkxuVx1PLMd6XkzCm8KzpvdXCN2cMMoe6o=","NEON.BET.D10.004126","HARDES","Harpalus desertus","species",,"LeConte",,"Other",,"2lRMQQ1w1tjxtWhGz93Yd/OOt4CTCGT1","2lRMQQ1w1tjxtWhGz93Yd/OOt4CTCGT1",
"bd122b2b-3ef2-4adf-bafa-ea04db975105","STER_027.basePlot.bet","D10","STER","STER_027","S","2015-09-03","2015-09-17","2016-06-20","2016-06-20","FuEDHNSxWAkxuVx1PLMd6SJOwbEMBuOvHs3JGb94iCs=","NEON.BET.D10.004128","HARREV","Harpalus reversus","species",,"Casey",,"Other",,"2lRMQQ1w1tjxtWhGz93Yd/OOt4CTCGT1","2lRMQQ1w1tjxtWhGz93Yd/OOt4CTCGT1",
"d707a0d7-b92d-464a-8ec5-93730ae565d1","STER_027.basePlot.bet","D10","STER","STER_027","S","2015-09-03","2015-09-17","2016-06-21","2016-06-21","FuEDHNSxWAkxuVx1PLMd6UH6eL3QtcdQNaHvT2W5dK4=","NEON.BET.D10.004125","HARAMP1","Harpalus amputatus","species",,"Say",,"Other",,"2lRMQQ1w1tjxtWhGz93Yd/OOt4CTCGT1","2lRMQQ1w1tjxtWhGz93Yd/OOt4CTCGT1",
"9f09a2ab-a8a4-4ece-8fd2-64af12f0db98","STER_027.basePlot.bet","D10","STER","STER_027","S","2015-09-03","2015-09-17","2016-06-20","2016-06-20","FuEDHNSxWAkxuVx1PLMd6TMstbPXO6LjeHFywrZofJs=","NEON.BET.D10.004127","CRADUB","Cratacanthus dubius","species",,"Palisot de Beauvois",,"Other",,"2lRMQQ1w1tjxtWhGz93Yd/OOt4CTCGT1","2lRMQQ1w1tjxtWhGz93Yd/OOt4CTCGT1",
"de3dbe78-989f-4aea-94dc-005f180f3138","STER_029.basePlot.bet","D10","STER","STER_029","S","2015-09-03","2015-09-17","2016-06-20","2016-07-19","KK2q9nxeS90FRNuI4zBTGRw398A9Mj7NNie9uiL5L4s=","NEON.BET.D10.004997","AMACAR","Amara carinata","species",,"LeConte",,"Other",,"Ji4OKY0Opajnq0SAWKqACItMAkkkfnH7","Ji4OKY0Opajnq0SAWKqACItMAkkkfnH7",
"30264a4b-98b6-4130-85c5-1c7d38d24c0a","STER_029.basePlot.bet","D10","STER","STER_029","S","2015-09-03","2015-09-17","2016-06-20","2016-06-21","KK2q9nxeS90FRNuI4zBTGRw398A9Mj7NNie9uiL5L4s=","NEON.BET.D10.004131","AMACAR","Amara carinata","species",,"LeConte",,"Other",,"2lRMQQ1w1tjxtWhGz93Yd/OOt4CTCGT1","2lRMQQ1w1tjxtWhGz93Yd/OOt4CTCGT1",
"7892792e-e7bd-45b5-bd6f-9e33512515b0","STER_026.basePlot.bet","D10","STER","STER_026","S","2015-09-03","2015-09-17","2016-06-30","2016-06-30","B74IC5C471rP29RE5lZOyvb3/E/zRjVhjAxLhGeTJYk=","NEON.BET.D10.004455","AMAQUE1","Amara quenseli","species",,"Schönherr",,"Other",,"Ji4OKY0Opajnq0SAWKqACItMAkkkfnH7","Ji4OKY0Opajnq0SAWKqACItMAkkkfnH7",
"edb58658-0957-41a8-abe9-54e7b22dedb8","STER_026.basePlot.bet","D10","STER","STER_026","S","2015-09-03","2015-09-17","2016-06-20","2016-06-20","B74IC5C471rP29RE5lZOyvb3/E/zRjVhjAxLhGeTJYk=","NEON.BET.D10.004066","AMAQUE1","Amara quenseli","species",,"Schönherr",,"Other",,"jW84+1730rbF9ydK4hYAjdKf4gTfgBlZ","jW84+1730rbF9ydK4hYAjdKf4gTfgBlZ",
"83f50839-ba96-4202-834a-e7d570cc4f69","STER_026.basePlot.bet","D10","STER","STER_026","S","2015-09-03","2015-09-17","2016-07-19","2016-07-19","B74IC5C471rP29RE5lZOymF01s1swbb+2gtZGVQUplI=","NEON.BET.D10.004993","AMACAR","Amara carinata","species",,"LeConte",,"Other",,"Ji4OKY0Opajnq0SAWKqACItMAkkkfnH7","Ji4OKY0Opajnq0SAWKqACItMAkkkfnH7",
"a609c1cd-1f8c-4c63-abe7-22f73bd804b5","STER_026.basePlot.bet","D10","STER","STER_026","S","2015-09-03","2015-09-17","2016-07-19","2016-07-19","B74IC5C471rP29RE5lZOymF01s1swbb+2gtZGVQUplI=","NEON.BET.D10.004992","AMACAR","Amara carinata","species",,"LeConte",,"Other",,"Ji4OKY0Opajnq0SAWKqACItMAkkkfnH7","Ji4OKY0Opajnq0SAWKqACItMAkkkfnH7",
"7cc0d2eb-61c9-41db-b7ee-157972bd18ef","STER_033.basePlot.bet","D10","STER","STER_033","S","2015-09-03","2015-09-17","2016-06-21","2016-06-21","Yx5jJOWNohIuRRXkGSNBk1zWTgGz4gxRoHfLDKtj85s=","NEON.BET.D10.004164","PASELO","Pasimachus elongatus","species",,"LeConte",,"Other",,"2lRMQQ1w1tjxtWhGz93Yd/OOt4CTCGT1","2lRMQQ1w1tjxtWhGz93Yd/OOt4CTCGT1",
"ee63bb64-e25e-4e1f-a2b6-c2fb9c66ca70","STER_033.basePlot.bet","D10","STER","STER_033","W","2015-09-03","2015-09-17","2016-06-21","2016-06-21","Yx5jJOWNohJQG3XrxoCgblTOAcwf5vNtSNMU9yEgoa4=","NEON.BET.D10.004149","PASELO","Pasimachus elongatus","species",,"LeConte",,"Other",,"2lRMQQ1w1tjxtWhGz93Yd/OOt4CTCGT1","2lRMQQ1w1tjxtWhGz93Yd/OOt4CTCGT1",
"a9c24138-c4c2-43f9-b3c6-268853bccc21","STER_034.basePlot.bet","D10","STER","STER_034","W","2015-09-03","2015-09-17","2016-06-21","2016-06-21","v+COazD1kvwIIXCw6IwhNPQRCusOaDANGfmdpbmQgJE=","NEON.BET.D10.004115","AMACON3","Amara convexa","species",,"LeConte",,"Other",,"FHSuRnDDEXch2F1N4+O9mztJ2ojXSkEF","FHSuRnDDEXch2F1N4+O9mztJ2ojXSkEF",
"9f403b37-1252-459a-9332-e8776214b4e6","STER_026.basePlot.bet","D10","STER","STER_026","W","2015-09-03","2015-09-17","2016-06-23","2016-06-23","B74IC5C471psJXuf1o7gAWjpIsF7mZC1/F86KPckqKM=","NEON.BET.D10.004408","AGOPLA","Agonum placidum","species",,"Say",,"Other",,"2lRMQQ1w1tjxtWhGz93Yd/OOt4CTCGT1","2lRMQQ1w1tjxtWhGz93Yd/OOt4CTCGT1",
"df3b3720-6729-4359-a27f-498a0f9cfe25","STER_006.basePlot.bet","D10","STER","STER_006","W","2015-09-03","2015-09-17","2016-06-21","2016-06-21","LZ9IDatJ8HHjiyVN6evxrXp/pYwfHLxi1s84w9c5/bk=","NEON.BET.D10.004175","HARREV","Harpalus reversus","species",,"Casey",,"Other",,"2lRMQQ1w1tjxtWhGz93Yd/OOt4CTCGT1","2lRMQQ1w1tjxtWhGz93Yd/OOt4CTCGT1",
"1185fe09-9dd4-4307-8919-9d0a82854b6a","STER_033.basePlot.bet","D10","STER","STER_033","W","2015-09-03","2015-09-17","2016-06-21","2016-06-21","Yx5jJOWNohJQG3XrxoCgbgG7K+ngZLqTDLABUUs1i8Y=","NEON.BET.D10.004150","HARPEN","Harpalus pensylvanicus","species",,"DeGeer",,"Other",,"2lRMQQ1w1tjxtWhGz93Yd/OOt4CTCGT1","2lRMQQ1w1tjxtWhGz93Yd/OOt4CTCGT1",
"b41f59ac-6f53-4857-b375-2ef9537b3b65","STER_028.basePlot.bet","D10","STER","STER_028","W","2015-09-03","2015-09-17","2016-06-21","2016-06-21","bW2EsnYmokWSakMWpzSygqm8+gHQ+aMLzxLmzS0+gVQ=","NEON.BET.D10.004143","CARSP14","Carabidae sp.","family",,"Latreille","D10.2015.MorphBG","Other",,"2lRMQQ1w1tjxtWhGz93Yd/OOt4CTCGT1","2lRMQQ1w1tjxtWhGz93Yd/OOt4CTCGT1","Amara sp. Could be Amara musculis or A. idahoana. Eyes much more convex. Pronotum wider at base. Basal fovea deeper and more punctate."
"28ca38a2-578b-4ecd-9f12-27d8057cbd47","STER_028.basePlot.bet","D10","STER","STER_028","W","2015-09-03","2015-09-17","2016-06-21","2016-06-21","bW2EsnYmokWSakMWpzSygh5zK6S7eeTQ0nvBR0zzZok=","NEON.BET.D10.004141","AMACAR","Amara carinata","species",,"LeConte",,"Other",,"2lRMQQ1w1tjxtWhGz93Yd/OOt4CTCGT1","2lRMQQ1w1tjxtWhGz93Yd/OOt4CTCGT1",
"de649b6e-030f-427b-84a0-d40a341eee97","STER_026.basePlot.bet","D10","STER","STER_026","W","2015-09-03","2015-09-17","2016-06-30","2016-06-30","B74IC5C471psJXuf1o7gAW39dXYXeKI6PAZWMVS2zqE=","NEON.BET.D10.004541","CARSP14","Carabidae sp.","family",,"Latreille","D10.2015.MorphAL","Other",,"Ji4OKY0Opajnq0SAWKqACItMAkkkfnH7","Ji4OKY0Opajnq0SAWKqACItMAkkkfnH7","Very close to morph II. Smooth of punctation with rufous margins around pronotum. Rounder pronotum and not as protrudant."
"71451b40-6977-459b-9d8f-60e0cd19b0e6","STER_035.basePlot.bet","D10","STER","STER_035","W","2015-09-03","2015-09-17","2016-06-23","2016-06-23","xZ4ZeMJQZ4INx3cdYx6Vk3iC9JK+oOICPnk7G7Z7GUc=","NEON.BET.D10.004185","AMACAR","Amara carinata","species",,"LeConte",,"Other",,"2lRMQQ1w1tjxtWhGz93Yd/OOt4CTCGT1","2lRMQQ1w1tjxtWhGz93Yd/OOt4CTCGT1",
"49a66135-635c-4263-a461-5e0394e383a6","STER_006.basePlot.bet","D10","STER","STER_006","W","2015-09-03","2015-09-17","2016-06-21","2016-06-21","LZ9IDatJ8HHjiyVN6evxrUVssFhuPbYItqCai/2Wn8k=","NEON.BET.D10.004174","CARSP14","Carabidae sp.","family",,"Latreille","D10.2015.MorphAH","Other",,"2lRMQQ1w1tjxtWhGz93Yd/OOt4CTCGT1","2lRMQQ1w1tjxtWhGz93Yd/OOt4CTCGT1","Amara sp. Close to morphs X and N. Fovea on pronotum are very narrow and like dashes. Otherwise smooth pronotum."
"e0a3839e-1e33-4b4c-8350-fa61ac5d81d3","STER_006.basePlot.bet","D10","STER","STER_006","W","2015-09-03","2015-09-17","2016-06-21","2016-06-21","LZ9IDatJ8HHjiyVN6evxrbkhc28LIiLswjxSYYl1RTo=","NEON.BET.D10.004173","AMACAR","Amara carinata","species",,"LeConte",,"Other",,"2lRMQQ1w1tjxtWhGz93Yd/OOt4CTCGT1","2lRMQQ1w1tjxtWhGz93Yd/OOt4CTCGT1",
"66172a2f-d0d0-47c2-a058-2158c263c358","STER_027.basePlot.bet","D10","STER","STER_027","W","2015-09-03","2015-09-17","2016-06-20","2016-06-21","FuEDHNSxWAmI/poKOflktxCq1//r1TIp26Hap1zrMis=","NEON.BET.D10.004124","EURGRO","Euryderus grossus","species",,"Say",,"Other",,"2lRMQQ1w1tjxtWhGz93Yd/OOt4CTCGT1","2lRMQQ1w1tjxtWhGz93Yd/OOt4CTCGT1",
"334bcd63-f41b-4b64-aa49-317f4cfc1cb7","STER_028.basePlot.bet","D10","STER","STER_028","W","2015-09-03","2015-09-17","2016-06-21","2016-06-21","bW2EsnYmokWSakMWpzSygjSXAL1l2NFGVs/zX3+Nmpg=","NEON.BET.D10.004142","ANIRUS","Anisodactylus rusticus","species",,"Say",,"Other",,"2lRMQQ1w1tjxtWhGz93Yd/OOt4CTCGT1","2lRMQQ1w1tjxtWhGz93Yd/OOt4CTCGT1",
"14b6a180-e960-4276-95fa-7a8dcc4e8862","STER_028.basePlot.bet","D10","STER","STER_028","W","2015-09-03","2015-09-17","2016-06-21","2016-06-21","bW2EsnYmokWSakMWpzSygiwlp7LEIoR+/xsuryCqfR4=","NEON.BET.D10.004140","CRADUB","Cratacanthus dubius","species",,"Palisot de Beauvois",,"Other",,"2lRMQQ1w1tjxtWhGz93Yd/OOt4CTCGT1","2lRMQQ1w1tjxtWhGz93Yd/OOt4CTCGT1",
"1e0bee65-5ab9-4582-b519-4e4570909f8f","STER_006.basePlot.bet","D10","STER","STER_006","W","2015-09-03","2015-09-17","2016-06-21","2016-06-21","LZ9IDatJ8HHjiyVN6evxrUh5jin61T37HODLrlGwuFk=","NEON.BET.D10.004168","PASELO","Pasimachus elongatus","species",,"LeConte",,"Other",,"2lRMQQ1w1tjxtWhGz93Yd/OOt4CTCGT1","2lRMQQ1w1tjxtWhGz93Yd/OOt4CTCGT1",
"adb6e276-75df-4ec2-af2d-b1bdb06c5af8","STER_006.basePlot.bet","D10","STER","STER_006","W","2015-09-03","2015-09-17","2016-06-21","2016-06-21","LZ9IDatJ8HHjiyVN6evxreVhD/JIV0IiXxiZt6vacIw=","NEON.BET.D10.004172","CYCTOR","Cyclotrachelus torvus","species",,"LeConte",,"Other",,"2lRMQQ1w1tjxtWhGz93Yd/OOt4CTCGT1","2lRMQQ1w1tjxtWhGz93Yd/OOt4CTCGT1",
"4229ab0f-9d9b-4ff0-850c-3d3d62f0dc0a","STER_006.basePlot.bet","D10","STER","STER_006","W","2015-09-03","2015-09-17","2016-06-21","2016-06-21","LZ9IDatJ8HHjiyVN6evxrUVssFhuPbYI1Huj9Dvogx0=","NEON.BET.D10.004171","CARSP14","Carabidae sp.","family",,"Latreille","D10.2015.MorphAZ","Other",,"2lRMQQ1w1tjxtWhGz93Yd/OOt4CTCGT1","2lRMQQ1w1tjxtWhGz93Yd/OOt4CTCGT1","Calathus sp. Possibly C. opaculus. Pronotum nearly square. Pronotum and elytra pale at margins. Elytra dull with heavy microsculpture."
"6d7ae4ef-56da-4951-9062-c739d8bfde30","STER_006.basePlot.bet","D10","STER","STER_006","W","2015-09-03","2015-09-17","2016-06-21","2016-06-21","LZ9IDatJ8HHjiyVN6evxrWlfM+XFj+S+lqs8fVwaGYM=","NEON.BET.D10.004169","HARCAL","Harpalus caliginosus","species",,"Fabricius",,"Other",,"2lRMQQ1w1tjxtWhGz93Yd/OOt4CTCGT1","2lRMQQ1w1tjxtWhGz93Yd/OOt4CTCGT1",
"ecfeec07-239b-47d3-a485-951572598fd2","STER_006.basePlot.bet","D10","STER","STER_006","W","2015-09-03","2015-09-17","2016-06-21","2016-06-21","LZ9IDatJ8HHjiyVN6evxrURVFYsHo8RLOCF9vI6VMTQ=","NEON.BET.D10.004176","HARPEN","Harpalus pensylvanicus","species",,"DeGeer",,"Other",,"2lRMQQ1w1tjxtWhGz93Yd/OOt4CTCGT1","2lRMQQ1w1tjxtWhGz93Yd/OOt4CTCGT1",
"ef95bbe5-e738-4b33-873f-d0b06104e165","STER_034.basePlot.bet","D10","STER","STER_034","W","2015-09-03","2015-09-17","2016-06-21","2016-06-21","v+COazD1kvwIIXCw6IwhNH3C9XT/WnOANmnpzcEmqdY=","NEON.BET.D10.004151","HARPEN","Harpalus pensylvanicus","species",,"DeGeer",,"Other",,"FHSuRnDDEXch2F1N4+O9mztJ2ojXSkEF","FHSuRnDDEXch2F1N4+O9mztJ2ojXSkEF",
"fc4500b9-05a4-4d88-84da-8d1534a0615d","STER_006.basePlot.bet","D10","STER","STER_006","W","2015-09-03","2015-09-17","2016-06-21","2016-06-21","LZ9IDatJ8HHjiyVN6evxrUVssFhuPbYI1Huj9Dvogx0=","NEON.BET.D10.004170","CARSP14","Carabidae sp.","family",,"Latreille","D10.2015.MorphAZ","Other",,"2lRMQQ1w1tjxtWhGz93Yd/OOt4CTCGT1","2lRMQQ1w1tjxtWhGz93Yd/OOt4CTCGT1","Calathus sp. Possibly C. opaculus. Pronotum nearly square. Pronotum and elytra pale at margins. Elytra dull with heavy microsculpture."
"34d00d5b-146d-4829-9bab-197cd489cf20","STER_034.basePlot.bet","D10","STER","STER_034","W","2015-09-03","2015-09-17","2016-06-21","2016-06-21","v+COazD1kvwIIXCw6IwhNLZkzp+vAFMh5QP3RLP2fSE=","NEON.BET.D10.004114","ANIRUS","Anisodactylus rusticus","species",,"Say",,"Other",,"FHSuRnDDEXch2F1N4+O9mztJ2ojXSkEF","FHSuRnDDEXch2F1N4+O9mztJ2ojXSkEF",
"42e2a9a0-efe2-47b8-beb2-06ee62bc510b","STER_032.basePlot.bet","D10","STER","STER_032","W","2015-09-03","2015-09-17","2016-06-23","2016-07-19","fEa5yf30aQzvu8h1n47REfyK6hSplR+n24IpiZiLZlo=","NEON.BET.D10.005001","AMACAR","Amara carinata","species",,"LeConte",,"Other",,"Ji4OKY0Opajnq0SAWKqACItMAkkkfnH7","Ji4OKY0Opajnq0SAWKqACItMAkkkfnH7",
"86e28b8f-5024-4edc-ae52-8822d606d5e7","STER_032.basePlot.bet","D10","STER","STER_032","W","2015-09-03","2015-09-17","2016-06-23","2016-06-23","fEa5yf30aQzvu8h1n47REU52NX0OOKax9gvOSPZz2mQ=","NEON.BET.D10.004197","ELAANC","Elaphropus anceps","species",,"LeConte",,"Other",,"FHSuRnDDEXch2F1N4+O9mztJ2ojXSkEF","FHSuRnDDEXch2F1N4+O9mztJ2ojXSkEF",
"839ed832-e8bd-4a58-b305-194ad6c4831e","STER_032.basePlot.bet","D10","STER","STER_032","E","2015-09-03","2015-09-17","2016-06-23","2016-06-23","fEa5yf30aQw4bvMaK/m8xyJ9VMpR8k4Oz3TnG4tuuVU=","NEON.BET.D10.004191","CARSP14","Carabidae sp.","family",,"Latreille","D10.2015.MorphAT","Other",,"2lRMQQ1w1tjxtWhGz93Yd/OOt4CTCGT1","2lRMQQ1w1tjxtWhGz93Yd/OOt4CTCGT1","8-9mm long. Amara sp. One rufous segment of antenna. Mild fovea and punctations on pronotum. Slightly iridescent."
"8451ca5c-264a-4f98-b47b-b50f17c51b19","STER_034.basePlot.bet","D10","STER","STER_034","E","2015-09-03","2015-09-17","2016-06-21","2016-06-21","v+COazD1kvz54ENs45qxplSCdhEiKNSIe8MTauXE1ps=","NEON.BET.D10.004153","HARPEN","Harpalus pensylvanicus","species",,"DeGeer",,"Other",,"FHSuRnDDEXch2F1N4+O9mztJ2ojXSkEF","FHSuRnDDEXch2F1N4+O9mztJ2ojXSkEF",
"1532933c-c1aa-42bd-b1d2-3fa51c4dea37","STER_032.basePlot.bet","D10","STER","STER_032","E","2015-09-03","2015-09-17","2016-06-23","2016-07-19","fEa5yf30aQw4bvMaK/m8xxbz+ZDaWiH57ZkkXIFkE/E=","NEON.BET.D10.005005","AMACAR","Amara carinata","species",,"LeConte",,"Other",,"Ji4OKY0Opajnq0SAWKqACItMAkkkfnH7","Ji4OKY0Opajnq0SAWKqACItMAkkkfnH7",
"5084d452-e5e1-4f9f-9bf8-45399e7acf0f","STER_032.basePlot.bet","D10","STER","STER_032","E","2015-09-03","2015-09-17","2016-06-23","2016-06-23","fEa5yf30aQw4bvMaK/m8xxbz+ZDaWiH57ZkkXIFkE/E=","NEON.BET.D10.004190","AMACAR","Amara carinata","species",,"LeConte",,"Other",,"2lRMQQ1w1tjxtWhGz93Yd/OOt4CTCGT1","2lRMQQ1w1tjxtWhGz93Yd/OOt4CTCGT1",
"aa70255a-518b-4117-b10d-f2c6bf93ac25","STER_032.basePlot.bet","D10","STER","STER_032","E","2015-09-03","2015-09-17","2016-06-23","2016-06-23","fEa5yf30aQw4bvMaK/m8x8tt1rIiVPg63mPWTPAXvyo=","NEON.BET.D10.004189","CHLTOM","Chlaenius tomentosus","species",,"Say",,"Other",,"2lRMQQ1w1tjxtWhGz93Yd/OOt4CTCGT1","2lRMQQ1w1tjxtWhGz93Yd/OOt4CTCGT1",
"89e5347d-0523-4820-9bef-b78ca0ecc33c","STER_006.basePlot.bet","D10","STER","STER_006","E","2015-09-03","2015-09-17","2016-06-23","2016-06-23","LZ9IDatJ8HFZM6gRuQiL3XqVazlO0Dvhf9Ojw/T2t3c=","NEON.BET.D10.004184","AMACAR","Amara carinata","species",,"LeConte",,"Other",,"2lRMQQ1w1tjxtWhGz93Yd/OOt4CTCGT1","2lRMQQ1w1tjxtWhGz93Yd/OOt4CTCGT1",
"0a542c4a-8008-427b-aad0-ef8e8a02ee8f","STER_034.basePlot.bet","D10","STER","STER_034","E","2015-09-03","2015-09-17","2016-06-21","2016-06-21","v+COazD1kvz54ENs45qxpgU7YnKyl/ehJirjT5vgtSY=","NEON.BET.D10.004152","ANIRUS","Anisodactylus rusticus","species",,"Say",,"Other",,"FHSuRnDDEXch2F1N4+O9mztJ2ojXSkEF","FHSuRnDDEXch2F1N4+O9mztJ2ojXSkEF",
"07f854dc-a405-4c29-b731-271671591486","STER_006.basePlot.bet","D10","STER","STER_006","E","2015-09-03","2015-09-17","2016-07-19","2016-07-19","LZ9IDatJ8HFZM6gRuQiL3XqVazlO0Dvhf9Ojw/T2t3c=","NEON.BET.D10.004991","AMACAR","Amara carinata","species",,"LeConte",,"Other",,"Ji4OKY0Opajnq0SAWKqACItMAkkkfnH7","Ji4OKY0Opajnq0SAWKqACItMAkkkfnH7",
"f3e570b9-24e4-478b-95c9-41a60ff34a9e","STER_006.basePlot.bet","D10","STER","STER_006","E","2015-09-03","2015-09-17","2016-06-23","2016-06-23","LZ9IDatJ8HFZM6gRuQiL3adM6b4Hzwqfr8GXwPqR8xM=","NEON.BET.D10.004183","CARSP14","Carabidae sp.","family",,"Latreille","D10.2015.MorphAZ","Other",,"2lRMQQ1w1tjxtWhGz93Yd/OOt4CTCGT1","2lRMQQ1w1tjxtWhGz93Yd/OOt4CTCGT1","Calathus sp. Possibly C. opaculus. Pronotum nearly square. Pronotum and elytra pale at margins. Elytra dull with heavy microsculpture."
"40af83cc-7edd-403d-adbf-68f711a388ff","STER_032.basePlot.bet","D10","STER","STER_032","E","2015-09-03","2015-09-17","2016-06-23","2016-07-19","fEa5yf30aQw4bvMaK/m8xxbz+ZDaWiH57ZkkXIFkE/E=","NEON.BET.D10.005004","AMACAR","Amara carinata","species",,"LeConte",,"Other",,"Ji4OKY0Opajnq0SAWKqACItMAkkkfnH7","Ji4OKY0Opajnq0SAWKqACItMAkkkfnH7",
"f05d11d5-0ea0-4e91-ae31-022f76f6cf5f","STER_028.basePlot.bet","D10","STER","STER_028","E","2015-09-03","2015-09-17","2016-06-21","2016-06-21","bW2EsnYmokVpr0YzvZ/lGMM01QfhFEZW4OhepLOZq6E=","NEON.BET.D10.004134","AMACAR","Amara carinata","species",,"LeConte",,"Other",,"2lRMQQ1w1tjxtWhGz93Yd/OOt4CTCGT1","2lRMQQ1w1tjxtWhGz93Yd/OOt4CTCGT1",
"1dbdadae-28f8-4ffa-abd5-10924d7764c2","STER_028.basePlot.bet","D10","STER","STER_028","E","2015-09-03","2015-09-17","2016-06-21","2016-06-21","bW2EsnYmokVpr0YzvZ/lGE1160660Vus5gXFRLVfBu4=","NEON.BET.D10.004135","CRADUB","Cratacanthus dubius","species",,"Palisot de Beauvois",,"Other",,"2lRMQQ1w1tjxtWhGz93Yd/OOt4CTCGT1","2lRMQQ1w1tjxtWhGz93Yd/OOt4CTCGT1",
"8bdfc122-b0c9-45f7-8b83-5b098eaf14be","STER_027.basePlot.bet","D10","STER","STER_027","E","2015-09-03","2015-09-17","2016-06-20","2016-06-21","FuEDHNSxWAmVhs8S6ivs3jRlzhDRVfnZk79MPakasug=","NEON.BET.D10.004123","ANIRUS","Anisodactylus rusticus","species",,"Say",,"Other",,"2lRMQQ1w1tjxtWhGz93Yd/OOt4CTCGT1","2lRMQQ1w1tjxtWhGz93Yd/OOt4CTCGT1",
"cc709fe9-5a62-4dae-a91e-7413a44ce85f","STER_027.basePlot.bet","D10","STER","STER_027","E","2015-09-03","2015-09-17","2016-06-20","2016-06-21","FuEDHNSxWAmVhs8S6ivs3tF4ZTVs6pgwl2lhhWhzGN4=","NEON.BET.D10.004121","HARREV","Harpalus reversus","species",,"Casey",,"Other",,"2lRMQQ1w1tjxtWhGz93Yd/OOt4CTCGT1","2lRMQQ1w1tjxtWhGz93Yd/OOt4CTCGT1",
"06ac6d62-8295-4ee8-9101-ba5e0e99ea2d","STER_027.basePlot.bet","D10","STER","STER_027","E","2015-09-03","2015-09-17","2016-06-20","2016-06-21","FuEDHNSxWAmVhs8S6ivs3nQWs6Lm7ZuCt3NZV1RU+wA=","NEON.BET.D10.004119","AMACAR","Amara carinata","species",,"LeConte",,"Other",,"2lRMQQ1w1tjxtWhGz93Yd/OOt4CTCGT1","2lRMQQ1w1tjxtWhGz93Yd/OOt4CTCGT1",
"ff7fb766-9dd0-44e2-b342-c709a6847eaf","STER_027.basePlot.bet","D10","STER","STER_027","E","2015-09-03","2015-09-17","2016-06-20","2016-06-21","FuEDHNSxWAmVhs8S6ivs3mbl+cWXPgENgbe1aWMmge0=","NEON.BET.D10.004118","AGOPLA","Agonum placidum","species",,"Say",,"Other",,"2lRMQQ1w1tjxtWhGz93Yd/OOt4CTCGT1","2lRMQQ1w1tjxtWhGz93Yd/OOt4CTCGT1",
"3d6c1865-b8dd-4f39-8052-cc2718ebd2c7","STER_028.basePlot.bet","D10","STER","STER_028","E","2015-09-03","2015-09-17","2016-06-21","2016-06-21","bW2EsnYmokVpr0YzvZ/lGJHu9CaLbRs6L/g/VtYGaR0=","NEON.BET.D10.004138","AMAQUE1","Amara quenseli","species",,"Schönherr",,"Other",,"2lRMQQ1w1tjxtWhGz93Yd/OOt4CTCGT1","2lRMQQ1w1tjxtWhGz93Yd/OOt4CTCGT1",
"f2186f7c-7bbf-40db-836c-9c5fb8ba48f7","STER_028.basePlot.bet","D10","STER","STER_028","E","2015-09-03","2015-09-17","2016-06-21","2016-06-21","bW2EsnYmokVpr0YzvZ/lGGBW5yt9pKyLObpM8CzDK1E=","NEON.BET.D10.004139","ANIRUS","Anisodactylus rusticus","species",,"Say",,"Other",,"2lRMQQ1w1tjxtWhGz93Yd/OOt4CTCGT1","2lRMQQ1w1tjxtWhGz93Yd/OOt4CTCGT1",
"25232f58-cafa-42bb-8ba1-26cd6e335136","STER_027.basePlot.bet","D10","STER","STER_027","E","2015-09-03","2015-09-17","2016-06-20","2016-06-21","FuEDHNSxWAmVhs8S6ivs3tF4ZTVs6pgwl2lhhWhzGN4=","NEON.BET.D10.004122","HARREV","Harpalus reversus","species",,"Casey",,"Other",,"2lRMQQ1w1tjxtWhGz93Yd/OOt4CTCGT1","2lRMQQ1w1tjxtWhGz93Yd/OOt4CTCGT1",
"e8c26b65-9407-4f53-94cc-dbe7114ca89b","STER_027.basePlot.bet","D10","STER","STER_027","E","2015-09-03","2015-09-17","2016-06-20","2016-06-21","FuEDHNSxWAmVhs8S6ivs3jx3QR9nThs6KOQQo+B50d4=","NEON.BET.D10.004120","HARPEN","Harpalus pensylvanicus","species",,"DeGeer",,"Other",,"2lRMQQ1w1tjxtWhGz93Yd/OOt4CTCGT1","2lRMQQ1w1tjxtWhGz93Yd/OOt4CTCGT1",
"d600bae9-30a1-4971-9461-091e1c1151cb","STER_026.basePlot.bet","D10","STER","STER_026","E","2015-09-03","2015-09-17","2016-06-20","2016-06-20","B74IC5C471rOqvswTwh6pkCJasKKDcGkP/+R+H5VUE4=","NEON.BET.D10.004067","EURGRO","Euryderus grossus","species",,"Say",,"Other",,"jW84+1730rbF9ydK4hYAjdKf4gTfgBlZ","jW84+1730rbF9ydK4hYAjdKf4gTfgBlZ",
"8d913fbc-2f8c-4e5b-92a4-9ff86823791a","STER_026.basePlot.bet","D10","STER","STER_026","E","2015-09-03","2015-09-17","2016-07-19","2016-07-19","B74IC5C471rOqvswTwh6piKwtQsD1Mnae+zYnZLIKSU=","NEON.BET.D10.004994","AMACAR","Amara carinata","species",,"LeConte",,"Other",,"Ji4OKY0Opajnq0SAWKqACItMAkkkfnH7","Ji4OKY0Opajnq0SAWKqACItMAkkkfnH7",
