uid,namedLocation,domainID,siteID,plotID,setDate,collectDate,identifiedDate,individualID,taxonID,kingdom,phylum,class,order,family,subfamily,tribe,genus,subgenus,specificEpithet,infraspecificEpithet,scientificName,scientificNameAuthorship,taxonRank,identificationQualifier,sex,morphospeciesID,identificationReferences,identifiedBy,laboratoryName,identificationRemarks,sampleCondition,dnaBarcoded,geneticSampleID,remarks
"e2f91958-8900-44bf-89dd-6e8abbfd1288","STER_028.basePlot.bet","D10","STER","STER_028","2015-08-20","2015-09-03","2017-01-15","NEON.BET.D10.004035","HARSOM","Animalia","Arthropoda","Insecta","Coleoptera","Carabidae","Harpalinae","Harpalini","Harpalus","Harpalus","somnulentus",,"Harpalus somnulentus","Dejean","species",,"M",,"Noonan, G. R. 1991. Classification, Cladistics, and Natural History of Native North American Harpalus Latreille (Insecta: Coleoptera: Carabidae: Harpalini), excluding subgenera Glanodes and Pseudophonus.","Kipling Will","Essig Museum of Entomology",,"No known compromise","N",,
"d913cf24-aa66-4402-89a6-7207e54d06ab","STER_028.basePlot.bet","D10","STER","STER_028","2015-08-20","2015-09-03","2017-01-15","NEON.BET.D10.004036","HARREV","Animalia","Arthropoda","Insecta","Coleoptera","Carabidae","Harpalinae","Harpalini","Harpalus","Opadius","reversus",,"Harpalus reversus","Casey","species",,"M",,"Noonan, G. R. 1991. Classification, Cladistics, and Natural History of Native North American Harpalus Latreille (Insecta: Coleoptera: Carabidae: Harpalini), excluding subgenera Glanodes and Pseudophonus.","Kipling Will","Essig Museum of Entomology",,"No known compromise","N",,
"c598f68b-6bb6-4dfb-832b-81bd15a13836","STER_029.basePlot.bet","D10","STER","STER_029","2015-08-20","2015-09-03","2017-01-15","NEON.BET.D10.004060","MICLIN2","Animalia","Arthropoda","Insecta","Coleoptera","Carabidae","Harpalinae","Lebiini","Microlestes",,"linearis",,"Microlestes linearis","LeConte","species",,"F",,"Lindroth, C. H. 1969. The ground-beetles (Carabidae, excl. Cicindelinae) of Canada and Alaska, parts 1-6. Opuscula E. Entomoligiska Sallskapet.","Kipling Will","Essig Museum of Entomology",,"No known compromise","N",,
"3802ff6b-fe3b-4e64-9534-3ec7e871865b","STER_028.basePlot.bet","D10","STER","STER_028","2015-08-20","2015-09-03","2017-01-15","NEON.BET.D10.004065","AMAMUS","Animalia","Arthropoda","Insecta","Coleoptera","Carabidae","Harpalinae","Zabrini","Amara","Celia","musculis",,"Amara musculis","Say","species",,"F",,"Lindroth, C. H. 1969. The ground-beetles (Carabidae, excl. Cicindelinae) of Canada and Alaska, parts 1-6. Opuscula E. Entomoligiska Sallskapet.","Kipling Will","Essig Museum of Entomology",,"No known compromise","N",,
"80657bd6-7ee8-4148-b1a2-4913d693f68b","STER_027.basePlot.bet","D10","STER","STER_027","2015-08-20","2015-09-03","2017-01-15","NEON.BET.D10.004081","HARREV","Animalia","Arthropoda","Insecta","Coleoptera","Carabidae","Harpalinae","Harpalini","Harpalus","Opadius","reversus",,"Harpalus reversus","Casey","species",,"M",,"Noonan, G. R. 1991. Classification, Cladistics, and Natural History of Native North American Harpalus Latreille (Insecta: Coleoptera: Carabidae: Harpalini), excluding subgenera Glanodes and Pseudophonus.","Kipling Will","Essig Museum of Entomology",,"No known compromise","N",,
"7fba0b3f-66eb-4c90-b515-f842e189fb7c","STER_027.basePlot.bet","D10","STER","STER_027","2015-08-20","2015-09-03","2017-01-15","NEON.BET.D10.004079","HARAMP","Animalia","Arthropoda","Insecta","Coleoptera","Carabidae","Harpalinae","Harpalini","Harpalus","Harpalus","amputatus","amputatus","Harpalus amputatus amputatus","Say","subspecies",,"M",,"Noonan, G. R. 1991. Classification, Cladistics, and Natural History of Native North American Harpalus Latreille (Insecta: Coleoptera: Carabidae: Harpalini), excluding subgenera Glanodes and Pseudophonus.","Kipling Will","Essig Museum of Entomology",,"No known compromise","N",,
"659ea305-8665-407e-bcfa-4df158f654a6","STER_027.basePlot.bet","D10","STER","STER_027","2015-08-20","2015-09-03","2017-01-15","NEON.BET.D10.004082","CYMINT","Animalia","Arthropoda","Insecta","Coleoptera","Carabidae","Harpalinae","Lebiini","Cymindis","Tarulus","interior",,"Cymindis interior","Lindroth","species",,"F",,"Lindroth, C. H. 1969. The ground-beetles (Carabidae, excl. Cicindelinae) of Canada and Alaska, parts 1-6. Opuscula E. Entomoligiska Sallskapet.","Kipling Will","Essig Museum of Entomology",,"No known compromise","N",,
"6756680e-3eb0-43e4-ba3d-e82e51e14426","STER_027.basePlot.bet","D10","STER","STER_027","2015-08-20","2015-09-03","2017-01-15","NEON.BET.D10.004075","HARREV","Animalia","Arthropoda","Insecta","Coleoptera","Carabidae","Harpalinae","Harpalini","Harpalus","Opadius","reversus",,"Harpalus reversus","Casey","species",,"F",,"Noonan, G. R. 1991. Classification, Cladistics, and Natural History of Native North American Harpalus Latreille (Insecta: Coleoptera: Carabidae: Harpalini), excluding subgenera Glanodes and Pseudophonus.","Kipling Will","Essig Museum of Entomology",,"No known compromise","N",,
"839c7bc1-4583-4522-929e-25f4ee0a19fb","STER_006.basePlot.bet","D10","STER","STER_006","2015-08-20","2015-09-03","2017-01-15","NEON.BET.D10.004059","HARPEN","Animalia","Arthropoda","Insecta","Coleoptera","Carabidae","Harpalinae","Harpalini","Harpalus","Pseudoophonus","pensylvanicus",,"Harpalus pensylvanicus","DeGeer","species",,"F",,"Ball, G. E., and J. N. Anderson. 1962. The taxonomy and speciation of Pseudophonus (a subgenus of Harpalus: Haralini: Carabidae, known to occur in North America). The Catholic University of America Press, Washington 17, D. C.","Kipling Will","Essig Museum of Entomology",,"No known compromise","N",,
"d7066f7d-b7fe-454b-b106-8dcd9ed612e5","STER_027.basePlot.bet","D10","STER","STER_027","2015-08-20","2015-09-03","2017-01-15","NEON.BET.D10.004080","HARREV","Animalia","Arthropoda","Insecta","Coleoptera","Carabidae","Harpalinae","Harpalini","Harpalus","Opadius","reversus",,"Harpalus reversus","Casey","species",,"M",,"Noonan, G. R. 1991. Classification, Cladistics, and Natural History of Native North American Harpalus Latreille (Insecta: Coleoptera: Carabidae: Harpalini), excluding subgenera Glanodes and Pseudophonus.","Kipling Will","Essig Museum of Entomology",,"No known compromise","N",,
"321feed1-a7ad-4d71-8898-451a8322d104","STER_032.basePlot.bet","D10","STER","STER_032","2015-08-20","2015-09-03","2017-01-15","NEON.BET.D10.004063","AMACAR","Animalia","Arthropoda","Insecta","Coleoptera","Carabidae","Harpalinae","Zabrini","Amara","Curtonotus","carinata",,"Amara carinata","LeConte","species",,"F",,"Lindroth, C. H. 1969. The ground-beetles (Carabidae, excl. Cicindelinae) of Canada and Alaska, parts 1-6. Opuscula E. Entomoligiska Sallskapet.","Kipling Will","Essig Museum of Entomology",,"No known compromise","N",,
"0c2169c8-1186-47fc-9f28-e18a07f1c900","STER_032.basePlot.bet","D10","STER","STER_032","2015-08-20","2015-09-03","2017-01-15","NEON.BET.D10.004061","HARSOM","Animalia","Arthropoda","Insecta","Coleoptera","Carabidae","Harpalinae","Harpalini","Harpalus","Harpalus","somnulentus",,"Harpalus somnulentus","Dejean","species",,"M",,"Noonan, G. R. 1991. Classification, Cladistics, and Natural History of Native North American Harpalus Latreille (Insecta: Coleoptera: Carabidae: Harpalini), excluding subgenera Glanodes and Pseudophonus.","Kipling Will","Essig Museum of Entomology",,"No known compromise","N",,
"6ceb1dfe-e4b9-4547-94fc-f92b679bc667","STER_032.basePlot.bet","D10","STER","STER_032","2015-08-20","2015-09-03","2017-01-15","NEON.BET.D10.004062","HARSOM","Animalia","Arthropoda","Insecta","Coleoptera","Carabidae","Harpalinae","Harpalini","Harpalus","Harpalus","somnulentus",,"Harpalus somnulentus","Dejean","species",,"M",,"Noonan, G. R. 1991. Classification, Cladistics, and Natural History of Native North American Harpalus Latreille (Insecta: Coleoptera: Carabidae: Harpalini), excluding subgenera Glanodes and Pseudophonus.","Kipling Will","Essig Museum of Entomology",,"No known compromise","N",,
"1e5cc17d-7740-4837-bdcf-c1a197bc6a79","STER_034.basePlot.bet","D10","STER","STER_034","2015-08-20","2015-09-03","2017-01-15","NEON.BET.D10.004098","HARSOM","Animalia","Arthropoda","Insecta","Coleoptera","Carabidae","Harpalinae","Harpalini","Harpalus","Harpalus","somnulentus",,"Harpalus somnulentus","Dejean","species",,"M",,"Noonan, G. R. 1991. Classification, Cladistics, and Natural History of Native North American Harpalus Latreille (Insecta: Coleoptera: Carabidae: Harpalini), excluding subgenera Glanodes and Pseudophonus.","Kipling Will","Essig Museum of Entomology",,"No known compromise","N",,
"165a380d-dda6-4a65-8bfe-c1b22306aae8","STER_034.basePlot.bet","D10","STER","STER_034","2015-08-20","2015-09-03","2017-01-15","NEON.BET.D10.004111","HARELL","Animalia","Arthropoda","Insecta","Coleoptera","Carabidae","Harpalinae","Harpalini","Harpalus","Harpalus","ellipsis",,"Harpalus ellipsis","LeConte","species",,"F",,"Noonan, G. R. 1991. Classification, Cladistics, and Natural History of Native North American Harpalus Latreille (Insecta: Coleoptera: Carabidae: Harpalini), excluding subgenera Glanodes and Pseudophonus.","Kipling Will","Essig Museum of Entomology",,"No known compromise","N",,
"d969c185-6ab1-45af-a4e5-b376b11d6947","STER_034.basePlot.bet","D10","STER","STER_034","2015-08-20","2015-09-03","2017-01-15","NEON.BET.D10.004096","AMACON3","Animalia","Arthropoda","Insecta","Coleoptera","Carabidae","Harpalinae","Zabrini","Amara","Amara","convexa",,"Amara convexa","LeConte","species",,"M",,"Lindroth, C. H. 1969. The ground-beetles (Carabidae, excl. Cicindelinae) of Canada and Alaska, parts 1-6. Opuscula E. Entomoligiska Sallskapet.","Kipling Will","Essig Museum of Entomology",,"No known compromise","N",,
"cc84dd97-7373-4313-ba44-de5c5b60658b","STER_034.basePlot.bet","D10","STER","STER_034","2015-08-20","2015-09-03","2017-01-15","NEON.BET.D10.004093","AMACAR","Animalia","Arthropoda","Insecta","Coleoptera","Carabidae","Harpalinae","Zabrini","Amara","Curtonotus","carinata",,"Amara carinata","LeConte","species",,"M",,"Lindroth, C. H. 1969. The ground-beetles (Carabidae, excl. Cicindelinae) of Canada and Alaska, parts 1-6. Opuscula E. Entomoligiska Sallskapet.","Kipling Will","Essig Museum of Entomology",,"No known compromise","N",,
"09a06147-ec58-4fae-acfd-ee5c0854e408","STER_034.basePlot.bet","D10","STER","STER_034","2015-08-20","2015-09-03","2017-01-15","NEON.BET.D10.004112","AMAQUE","Animalia","Arthropoda","Insecta","Coleoptera","Carabidae","Harpalinae","Zabrini","Amara","Paracelia","quenseli","quenseli","Amara quenseli quenseli","Schonherr","subspecies",,"F",,"Lindroth, C. H. 1969. The ground-beetles (Carabidae, excl. Cicindelinae) of Canada and Alaska, parts 1-6. Opuscula E. Entomoligiska Sallskapet.","Kipling Will","Essig Museum of Entomology",,"No known compromise","N",,
"bfbe8ba7-772b-4dbe-add9-73ce79c5e9a8","STER_034.basePlot.bet","D10","STER","STER_034","2015-08-20","2015-09-03","2017-01-15","NEON.BET.D10.004094","AMAQUE","Animalia","Arthropoda","Insecta","Coleoptera","Carabidae","Harpalinae","Zabrini","Amara","Paracelia","quenseli","quenseli","Amara quenseli quenseli","Schonherr","subspecies",,"F",,"Lindroth, C. H. 1969. The ground-beetles (Carabidae, excl. Cicindelinae) of Canada and Alaska, parts 1-6. Opuscula E. Entomoligiska Sallskapet.","Kipling Will","Essig Museum of Entomology",,"No known compromise","N",,
"bf0f71e3-9744-44b5-bc9a-8e3e4e248284","STER_034.basePlot.bet","D10","STER","STER_034","2015-08-20","2015-09-03","2017-01-15","NEON.BET.D10.004110","CALOPA","Animalia","Arthropoda","Insecta","Coleoptera","Carabidae","Harpalinae","Sphodrini","Calathus","Neocalathus","opaculus",,"Calathus opaculus","LeConte","species",,"F",,"Lindroth, C. H. 1969. The ground-beetles (Carabidae, excl. Cicindelinae) of Canada and Alaska, parts 1-6. Opuscula E. Entomoligiska Sallskapet.","Kipling Will","Essig Museum of Entomology",,"No known compromise","N",,
"22e96229-0411-4f30-865b-69dc536f7478","STER_034.basePlot.bet","D10","STER","STER_034","2015-08-20","2015-09-03","2017-01-15","NEON.BET.D10.004109","ANIMER2","Animalia","Arthropoda","Insecta","Coleoptera","Carabidae","Harpalinae","Harpalini","Anisodactylus","Gynandrotarsus","merula",,"Anisodactylus merula","Germar","species",,"M",,"Lindroth, C. H. 1969. The ground-beetles (Carabidae, excl. Cicindelinae) of Canada and Alaska, parts 1-6. Opuscula E. Entomoligiska Sallskapet.","Kipling Will","Essig Museum of Entomology",,"No known compromise","N",,
"56937ae9-14de-4791-81b3-8b761bdf2fb8","STER_034.basePlot.bet","D10","STER","STER_034","2015-08-20","2015-09-03","2017-01-15","NEON.BET.D10.004095","AMACON2","Animalia","Arthropoda","Insecta","Coleoptera","Carabidae","Harpalinae","Zabrini","Amara","Amara","confusa",,"Amara confusa","LeConte","species",,"F",,"Lindroth, C. H. 1969. The ground-beetles (Carabidae, excl. Cicindelinae) of Canada and Alaska, parts 1-6. Opuscula E. Entomoligiska Sallskapet.","Kipling Will","Essig Museum of Entomology",,"No known compromise","N",,
"e6329faa-59a9-4f4e-920e-ca0caa5a0c6b","STER_034.basePlot.bet","D10","STER","STER_034","2015-08-20","2015-09-03","2017-01-15","NEON.BET.D10.004097","AMACON3","Animalia","Arthropoda","Insecta","Coleoptera","Carabidae","Harpalinae","Zabrini","Amara","Amara","convexa",,"Amara convexa","LeConte","species",,"F",,"Lindroth, C. H. 1969. The ground-beetles (Carabidae, excl. Cicindelinae) of Canada and Alaska, parts 1-6. Opuscula E. Entomoligiska Sallskapet.","Kipling Will","Essig Museum of Entomology",,"No known compromise","N",,
"ad15955b-f21d-4834-aa87-d826882be637","STER_027.basePlot.bet","D10","STER","STER_027","2015-08-20","2015-09-03","2017-01-15","NEON.BET.D10.004083","MICLIN2","Animalia","Arthropoda","Insecta","Coleoptera","Carabidae","Harpalinae","Lebiini","Microlestes",,"linearis",,"Microlestes linearis","LeConte","species",,"F",,"Lindroth, C. H. 1969. The ground-beetles (Carabidae, excl. Cicindelinae) of Canada and Alaska, parts 1-6. Opuscula E. Entomoligiska Sallskapet.","Kipling Will","Essig Museum of Entomology",,"No known compromise","N",,
"0bb01c05-a1d7-41a2-9002-c3cb333aad24","STER_027.basePlot.bet","D10","STER","STER_027","2015-08-20","2015-09-03","2017-01-15","NEON.BET.D10.004086","HARCAL","Animalia","Arthropoda","Insecta","Coleoptera","Carabidae","Harpalinae","Harpalini","Harpalus","Megapangus","caliginosus",,"Harpalus caliginosus","Fabricius","species",,"F",,"Will, K. W. 1997. Review of the species of the subgenus Megapangus Casey (Coeloptera: Carabidae, Harpalini, Harpalus Latreille). The Coleopterists Bulletin 51:43-51.","Kipling Will","Essig Museum of Entomology",,"No known compromise","N",,
"e2ffe714-fde6-44bc-89d7-65ff158b0f8f","STER_027.basePlot.bet","D10","STER","STER_027","2015-08-20","2015-09-03","2017-01-15","NEON.BET.D10.004088","CRADUB","Animalia","Arthropoda","Insecta","Coleoptera","Carabidae","Harpalinae","Harpalini","Cratacanthus",,"dubius",,"Cratacanthus dubius","Palisot de Beauvois","species",,"F",,"Lindroth, C. H. 1969. The ground-beetles (Carabidae, excl. Cicindelinae) of Canada and Alaska, parts 1-6. Opuscula E. Entomoligiska Sallskapet.","Kipling Will","Essig Museum of Entomology",,"No known compromise","N",,
"c30afcc9-f5cd-4f29-a0a0-065c844e9be8","STER_027.basePlot.bet","D10","STER","STER_027","2015-08-20","2015-09-03","2017-01-15","NEON.BET.D10.004091","HARPEN","Animalia","Arthropoda","Insecta","Coleoptera","Carabidae","Harpalinae","Harpalini","Harpalus","Pseudoophonus","pensylvanicus",,"Harpalus pensylvanicus","DeGeer","species",,"M",,"Ball, G. E., and J. N. Anderson. 1962. The taxonomy and speciation of Pseudophonus (a subgenus of Harpalus: Haralini: Carabidae, known to occur in North America). The Catholic University of America Press, Washington 17, D. C.","Kipling Will","Essig Museum of Entomology",,"No known compromise","N",,
"dae6628f-454a-4559-b2d5-b6b6a804ff6e","STER_027.basePlot.bet","D10","STER","STER_027","2015-08-20","2015-09-03","2017-01-15","NEON.BET.D10.004090","AMACAR","Animalia","Arthropoda","Insecta","Coleoptera","Carabidae","Harpalinae","Zabrini","Amara","Curtonotus","carinata",,"Amara carinata","LeConte","species",,"F",,"Lindroth, C. H. 1969. The ground-beetles (Carabidae, excl. Cicindelinae) of Canada and Alaska, parts 1-6. Opuscula E. Entomoligiska Sallskapet.","Kipling Will","Essig Museum of Entomology",,"No known compromise","N",,
"32de5ed9-586d-4553-be6c-6675de68db3e","STER_027.basePlot.bet","D10","STER","STER_027","2015-08-20","2015-09-03","2017-01-15","NEON.BET.D10.004089","HARDES","Animalia","Arthropoda","Insecta","Coleoptera","Carabidae","Harpalinae","Harpalini","Harpalus","Opadius","desertus",,"Harpalus desertus","LeConte","species",,"M",,"Noonan, G. R. 1991. Classification, Cladistics, and Natural History of Native North American Harpalus Latreille (Insecta: Coleoptera: Carabidae: Harpalini), excluding subgenera Glanodes and Pseudophonus.","Kipling Will","Essig Museum of Entomology",,"No known compromise","N",,
"33f83c43-0237-4bdf-835c-03c852f2860b","STER_027.basePlot.bet","D10","STER","STER_027","2015-08-20","2015-09-03","2017-01-15","NEON.BET.D10.004084","HARPAR","Animalia","Arthropoda","Insecta","Coleoptera","Carabidae","Harpalinae","Harpalini","Harpalus","Pseudoophonus","paratus",,"Harpalus paratus","Casey","species",,"M",,"Ball, G. E., and J. N. Anderson. 1962. The taxonomy and speciation of Pseudophonus (a subgenus of Harpalus: Haralini: Carabidae, known to occur in North America). The Catholic University of America Press, Washington 17, D. C.","Kipling Will","Essig Museum of Entomology",,"No known compromise","N",,
"729af9ed-826c-4e2f-a192-927855ecb06d","STER_027.basePlot.bet","D10","STER","STER_027","2015-08-20","2015-09-03","2017-01-15","NEON.BET.D10.004085","ANIRUS","Animalia","Arthropoda","Insecta","Coleoptera","Carabidae","Harpalinae","Harpalini","Anisodactylus","Gynandrotarsus","rusticus",,"Anisodactylus rusticus","Say","species",,"M",,"Lindroth, C. H. 1969. The ground-beetles (Carabidae, excl. Cicindelinae) of Canada and Alaska, parts 1-6. Opuscula E. Entomoligiska Sallskapet.","Kipling Will","Essig Museum of Entomology",,"No known compromise","N",,
"636a7a00-00bd-452f-9da0-67854b4aea42","STER_027.basePlot.bet","D10","STER","STER_027","2015-08-20","2015-09-03","2017-01-15","NEON.BET.D10.004414","AGOPLA","Animalia","Arthropoda","Insecta","Coleoptera","Carabidae","Harpalinae","Platynini","Agonum","Agonum","placidum",,"Agonum placidum","Say","species",,"M",,"Liebherr, J. K. 1994. Identification of new world Agonum , review of the mexican fauna , and description of Incagonum , new genus , from South America (Coleoptera: Carabidae: Platynini). Journal of The New York Entomological Society 102:1-55.","Kipling Will","Essig Museum of Entomology",,"No known compromise","N",,
"1eb96383-5e42-4014-87e8-6923333165fc","STER_032.basePlot.bet","D10","STER","STER_032","2015-08-20","2015-09-03","2017-01-15","NEON.BET.D10.004539","HARSOM","Animalia","Arthropoda","Insecta","Coleoptera","Carabidae","Harpalinae","Harpalini","Harpalus","Harpalus","somnulentus",,"Harpalus somnulentus","Dejean","species",,"M",,"Noonan, G. R. 1991. Classification, Cladistics, and Natural History of Native North American Harpalus Latreille (Insecta: Coleoptera: Carabidae: Harpalini), excluding subgenera Glanodes and Pseudophonus.","Kipling Will","Essig Museum of Entomology",,"No known compromise","N",,
"854d8bc1-13ad-44c5-9066-18c1ebaed220","STER_032.basePlot.bet","D10","STER","STER_032","2015-08-20","2015-09-03","2017-01-15","NEON.BET.D10.004540","HARSOM","Animalia","Arthropoda","Insecta","Coleoptera","Carabidae","Harpalinae","Harpalini","Harpalus","Harpalus","somnulentus",,"Harpalus somnulentus","Dejean","species",,"M",,"Noonan, G. R. 1991. Classification, Cladistics, and Natural History of Native North American Harpalus Latreille (Insecta: Coleoptera: Carabidae: Harpalini), excluding subgenera Glanodes and Pseudophonus.","Kipling Will","Essig Museum of Entomology",,"No known compromise","N",,
"48fea20b-bbed-443d-8504-8fe595fb2c5e","STER_028.basePlot.bet","D10","STER","STER_028","2015-08-20","2015-09-03","2017-01-15","NEON.BET.D10.004523","HARSOM","Animalia","Arthropoda","Insecta","Coleoptera","Carabidae","Harpalinae","Harpalini","Harpalus","Harpalus","somnulentus",,"Harpalus somnulentus","Dejean","species",,"M",,"Noonan, G. R. 1991. Classification, Cladistics, and Natural History of Native North American Harpalus Latreille (Insecta: Coleoptera: Carabidae: Harpalini), excluding subgenera Glanodes and Pseudophonus.","Kipling Will","Essig Museum of Entomology",,"No known compromise","N",,
"2463bcbc-7dd4-4348-a26c-7532e423931b","STER_032.basePlot.bet","D10","STER","STER_032","2015-08-20","2015-09-03","2017-01-15","NEON.BET.D10.004538","HARSOM","Animalia","Arthropoda","Insecta","Coleoptera","Carabidae","Harpalinae","Harpalini","Harpalus","Harpalus","somnulentus",,"Harpalus somnulentus","Dejean","species",,"M",,"Noonan, G. R. 1991. Classification, Cladistics, and Natural History of Native North American Harpalus Latreille (Insecta: Coleoptera: Carabidae: Harpalini), excluding subgenera Glanodes and Pseudophonus.","Kipling Will","Essig Museum of Entomology",,"No known compromise","N",,
"06ab0a29-6897-48e7-acdb-dabf47b57921","STER_034.basePlot.bet","D10","STER","STER_034","2015-08-20","2015-09-03","2017-01-15","NEON.BET.D10.004881","ANIMER2","Animalia","Arthropoda","Insecta","Coleoptera","Carabidae","Harpalinae","Harpalini","Anisodactylus","Gynandrotarsus","merula",,"Anisodactylus merula","Germar","species",,"M",,"Lindroth, C. H. 1969. The ground-beetles (Carabidae, excl. Cicindelinae) of Canada and Alaska, parts 1-6. Opuscula E. Entomoligiska Sallskapet.","Kipling Will","Essig Museum of Entomology",,"No known compromise","N",,
"409f0201-b53c-4266-9f01-f176dc9a4be9","STER_028.basePlot.bet","D10","STER","STER_028","2015-08-20","2015-09-03","2017-01-15","NEON.BET.D10.004846","AMACAR","Animalia","Arthropoda","Insecta","Coleoptera","Carabidae","Harpalinae","Zabrini","Amara","Curtonotus","carinata",,"Amara carinata","LeConte","species",,"F",,"Lindroth, C. H. 1969. The ground-beetles (Carabidae, excl. Cicindelinae) of Canada and Alaska, parts 1-6. Opuscula E. Entomoligiska Sallskapet.","Kipling Will","Essig Museum of Entomology",,"No known compromise","N",,
"be609097-0b77-47a0-835e-88a578a665a0","STER_006.basePlot.bet","D10","STER","STER_006","2015-08-20","2015-09-03","2017-01-15","NEON.BET.D10.004877","HARCAL","Animalia","Arthropoda","Insecta","Coleoptera","Carabidae","Harpalinae","Harpalini","Harpalus","Megapangus","caliginosus",,"Harpalus caliginosus","Fabricius","species",,"F",,"Will, K. W. 1997. Review of the species of the subgenus Megapangus Casey (Coeloptera: Carabidae, Harpalini, Harpalus Latreille). The Coleopterists Bulletin 51:43-51.","Kipling Will","Essig Museum of Entomology",,"No known compromise","N",,
"7c2c6648-b925-419c-b67b-28820f8ae133","STER_032.basePlot.bet","D10","STER","STER_032","2015-08-20","2015-09-03","2017-01-15","NEON.BET.D10.004987","AMACAR","Animalia","Arthropoda","Insecta","Coleoptera","Carabidae","Harpalinae","Zabrini","Amara","Curtonotus","carinata",,"Amara carinata","LeConte","species",,"M",,"Lindroth, C. H. 1969. The ground-beetles (Carabidae, excl. Cicindelinae) of Canada and Alaska, parts 1-6. Opuscula E. Entomoligiska Sallskapet.","Kipling Will","Essig Museum of Entomology",,"No known compromise","N",,
"6c88e5b5-cfbc-4b16-a8ea-bf3050c1aec1","STER_033.basePlot.bet","D10","STER","STER_033","2015-08-20","2015-09-03","2017-01-15","NEON.BET.D10.004070","HARPEN","Animalia","Arthropoda","Insecta","Coleoptera","Carabidae","Harpalinae","Harpalini","Harpalus","Pseudoophonus","pensylvanicus",,"Harpalus pensylvanicus","DeGeer","species",,"F",,"Ball, G. E., and J. N. Anderson. 1962. The taxonomy and speciation of Pseudophonus (a subgenus of Harpalus: Haralini: Carabidae, known to occur in North America). The Catholic University of America Press, Washington 17, D. C.","Kipling Will","Essig Museum of Entomology",,"No known compromise","N",,
"3af4857e-3302-46db-9208-5c2ff56e14e9","STER_033.basePlot.bet","D10","STER","STER_033","2015-08-20","2015-09-03","2017-01-15","NEON.BET.D10.004072","PASELO","Animalia","Arthropoda","Insecta","Coleoptera","Carabidae","Scaritinae","Pasimachini","Pasimachus","Pasimachus","elongatus",,"Pasimachus elongatus","LeConte","species",,"M",,"Banninger, M. 1950. The subtribe Pasimachina (Coleoptera, Carabidae, Scaritini). Revista de Entomologica 21:481-511.","Kipling Will","Essig Museum of Entomology",,"No known compromise","N",,
"79f6f83c-456d-48f1-b7ec-dbbbcc54e436","STER_033.basePlot.bet","D10","STER","STER_033","2015-08-20","2015-09-03","2017-01-15","NEON.BET.D10.004073","HARPEN","Animalia","Arthropoda","Insecta","Coleoptera","Carabidae","Harpalinae","Harpalini","Harpalus","Pseudoophonus","pensylvanicus",,"Harpalus pensylvanicus","DeGeer","species",,"F",,"Ball, G. E., and J. N. Anderson. 1962. The taxonomy and speciation of Pseudophonus (a subgenus of Harpalus: Haralini: Carabidae, known to occur in North America). The Catholic University of America Press, Washington 17, D. C.","Kipling Will","Essig Museum of Entomology",,"No known compromise","N",,
"6d2ff3c2-cce3-4188-aba9-1696b83fb1ff","STER_033.basePlot.bet","D10","STER","STER_033","2015-08-20","2015-09-03","2017-01-15","NEON.BET.D10.004023","HARPAR","Animalia","Arthropoda","Insecta","Coleoptera","Carabidae","Harpalinae","Harpalini","Harpalus","Pseudoophonus","paratus",,"Harpalus paratus","Casey","species",,"F",,"Ball, G. E., and J. N. Anderson. 1962. The taxonomy and speciation of Pseudophonus (a subgenus of Harpalus: Haralini: Carabidae, known to occur in North America). The Catholic University of America Press, Washington 17, D. C.","Kipling Will","Essig Museum of Entomology",,"No known compromise","N",,
"9a8991a0-72ca-4bd7-9cff-56fd9291f5d0","STER_033.basePlot.bet","D10","STER","STER_033","2015-08-20","2015-09-03","2017-01-15","NEON.BET.D10.004025","AMACAR","Animalia","Arthropoda","Insecta","Coleoptera","Carabidae","Harpalinae","Zabrini","Amara","Curtonotus","carinata",,"Amara carinata","LeConte","species",,"F",,"Lindroth, C. H. 1969. The ground-beetles (Carabidae, excl. Cicindelinae) of Canada and Alaska, parts 1-6. Opuscula E. Entomoligiska Sallskapet.","Kipling Will","Essig Museum of Entomology",,"No known compromise","N",,
"ba7aaef5-e742-4772-9842-583d1f788490","STER_033.basePlot.bet","D10","STER","STER_033","2015-08-20","2015-09-03","2017-01-15","NEON.BET.D10.004068","CICPUN1","Animalia","Arthropoda","Insecta","Coleoptera","Carabidae","Cicindelinae","Cicindelini","Cicindela","Cicindelidia","punctulata","punctulata","Cicindela punctulata punctulata","Olivier","subspecies",,"F",,"Pearson, D., C. B. Knisley, and C. J. Kazilek. 2006. A Field Guide to the Tiger Beetles of the United States and Canada: Identification, Natural History, and Distribution of the Cicindelidae. Oxford University Press, New York.","Kipling Will","Essig Museum of Entomology",,"No known compromise","N",,
"e784873c-cc40-47a4-8b50-b8950a6fcb3f","STER_026.basePlot.bet","D10","STER","STER_026","2015-08-20","2015-09-03","2017-01-15","NEON.BET.D10.004055","STECOM","Animalia","Arthropoda","Insecta","Coleoptera","Carabidae","Harpalinae","Harpalini","Stenolophus","Agonoderus","comma",,"Stenolophus comma","Fabricius","species",,"F",,"Lindroth, C. H. 1969. The ground-beetles (Carabidae, excl. Cicindelinae) of Canada and Alaska, parts 1-6. Opuscula E. Entomoligiska Sallskapet.","Kipling Will","Essig Museum of Entomology",,"No known compromise","N",,
"6e1c130a-ed2c-425b-a85d-87e6ea6b61dd","STER_026.basePlot.bet","D10","STER","STER_026","2015-09-03","2015-09-17","2017-01-15","NEON.BET.D10.004066","AMAQUE","Animalia","Arthropoda","Insecta","Coleoptera","Carabidae","Harpalinae","Zabrini","Amara","Paracelia","quenseli","quenseli","Amara quenseli quenseli","Schonherr","subspecies",,"F",,"Lindroth, C. H. 1969. The ground-beetles (Carabidae, excl. Cicindelinae) of Canada and Alaska, parts 1-6. Opuscula E. Entomoligiska Sallskapet.","Kipling Will","Essig Museum of Entomology",,"No known compromise","N",,
"d0d13f4a-07a5-49b1-ad25-e0b0732d968c","STER_032.basePlot.bet","D10","STER","STER_032","2015-09-03","2015-09-17","2017-01-15","NEON.BET.D10.005002","AMACAR","Animalia","Arthropoda","Insecta","Coleoptera","Carabidae","Harpalinae","Zabrini","Amara","Curtonotus","carinata",,"Amara carinata","LeConte","species",,"F",,"Lindroth, C. H. 1969. The ground-beetles (Carabidae, excl. Cicindelinae) of Canada and Alaska, parts 1-6. Opuscula E. Entomoligiska Sallskapet.","Kipling Will","Essig Museum of Entomology",,"No known compromise","N",,
"769aa19e-c3a6-4fc6-be5b-f7dc712f300c","STER_033.basePlot.bet","D10","STER","STER_033","2015-09-03","2015-09-17","2017-01-15","NEON.BET.D10.004150","HARPEN","Animalia","Arthropoda","Insecta","Coleoptera","Carabidae","Harpalinae","Harpalini","Harpalus","Pseudoophonus","pensylvanicus",,"Harpalus pensylvanicus","DeGeer","species",,"F",,"Ball, G. E., and J. N. Anderson. 1962. The taxonomy and speciation of Pseudophonus (a subgenus of Harpalus: Haralini: Carabidae, known to occur in North America). The Catholic University of America Press, Washington 17, D. C.","Kipling Will","Essig Museum of Entomology",,"No known compromise","N",,
"3d343faf-e512-45d3-99f9-96b7dd84e85e","STER_028.basePlot.bet","D10","STER","STER_028","2015-09-03","2015-09-17","2017-01-15","NEON.BET.D10.004138","AMAQUE","Animalia","Arthropoda","Insecta","Coleoptera","Carabidae","Harpalinae","Zabrini","Amara","Paracelia","quenseli","quenseli","Amara quenseli quenseli","Schonherr","subspecies",,"M",,"Lindroth, C. H. 1969. The ground-beetles (Carabidae, excl. Cicindelinae) of Canada and Alaska, parts 1-6. Opuscula E. Entomoligiska Sallskapet.","Kipling Will","Essig Museum of Entomology",,"No known compromise","N",,
"f066a7d1-6da8-49b8-b812-618f629e0de6","STER_028.basePlot.bet","D10","STER","STER_028","2015-09-03","2015-09-17","2017-01-15","NEON.BET.D10.004148","HARSOM","Animalia","Arthropoda","Insecta","Coleoptera","Carabidae","Harpalinae","Harpalini","Harpalus","Harpalus","somnulentus",,"Harpalus somnulentus","Dejean","species",,"M",,"Noonan, G. R. 1991. Classification, Cladistics, and Natural History of Native North American Harpalus Latreille (Insecta: Coleoptera: Carabidae: Harpalini), excluding subgenera Glanodes and Pseudophonus.","Kipling Will","Essig Museum of Entomology",,"No known compromise","N",,
"59c2dedf-19e5-48c0-bb74-e92e9684480f","STER_028.basePlot.bet","D10","STER","STER_028","2015-09-03","2015-09-17","2017-01-15","NEON.BET.D10.004147","AMAQUE","Animalia","Arthropoda","Insecta","Coleoptera","Carabidae","Harpalinae","Zabrini","Amara","Paracelia","quenseli","quenseli","Amara quenseli quenseli","Schonherr","subspecies",,"F",,"Lindroth, C. H. 1969. The ground-beetles (Carabidae, excl. Cicindelinae) of Canada and Alaska, parts 1-6. Opuscula E. Entomoligiska Sallskapet.","Kipling Will","Essig Museum of Entomology",,"No known compromise","N",,
"9a9fe792-4ba0-4aa3-b119-7f8ef38587a0","STER_028.basePlot.bet","D10","STER","STER_028","2015-09-03","2015-09-17","2017-01-15","NEON.BET.D10.004137","HARREV","Animalia","Arthropoda","Insecta","Coleoptera","Carabidae","Harpalinae","Harpalini","Harpalus","Opadius","reversus",,"Harpalus reversus","Casey","species",,"M",,"Noonan, G. R. 1991. Classification, Cladistics, and Natural History of Native North American Harpalus Latreille (Insecta: Coleoptera: Carabidae: Harpalini), excluding subgenera Glanodes and Pseudophonus.","Kipling Will","Essig Museum of Entomology",,"No known compromise","N",,
"cfc79eff-a05e-4b71-aa2e-8cf3cbd774e1","STER_028.basePlot.bet","D10","STER","STER_028","2015-09-03","2015-09-17","2017-01-15","NEON.BET.D10.004144","CYMPLA1","Animalia","Arthropoda","Insecta","Coleoptera","Carabidae","Harpalinae","Lebiini","Cymindis","Tarulus","planipennis",,"Cymindis planipennis","LeConte","species",,"M",,"Lindroth, C. H. 1969. The ground-beetles (Carabidae, excl. Cicindelinae) of Canada and Alaska, parts 1-6. Opuscula E. Entomoligiska Sallskapet.","Kipling Will","Essig Museum of Entomology",,"No known compromise","N",,
"8ff3d754-21c7-41ed-9caf-e12ab972f5b6","STER_028.basePlot.bet","D10","STER","STER_028","2015-09-03","2015-09-17","2017-01-15","NEON.BET.D10.004143","AMAMUS","Animalia","Arthropoda","Insecta","Coleoptera","Carabidae","Harpalinae","Zabrini","Amara","Celia","musculis",,"Amara musculis","Say","species",,"M",,"Lindroth, C. H. 1969. The ground-beetles (Carabidae, excl. Cicindelinae) of Canada and Alaska, parts 1-6. Opuscula E. Entomoligiska Sallskapet.","Kipling Will","Essig Museum of Entomology",,"No known compromise","N",,
"b74a70a6-b1bf-45e7-9f5f-22e5b4742cf6","STER_027.basePlot.bet","D10","STER","STER_027","2015-09-03","2015-09-17","2017-01-15","NEON.BET.D10.004128","HARREV","Animalia","Arthropoda","Insecta","Coleoptera","Carabidae","Harpalinae","Harpalini","Harpalus","Opadius","reversus",,"Harpalus reversus","Casey","species",,"F",,"Noonan, G. R. 1991. Classification, Cladistics, and Natural History of Native North American Harpalus Latreille (Insecta: Coleoptera: Carabidae: Harpalini), excluding subgenera Glanodes and Pseudophonus.","Kipling Will","Essig Museum of Entomology",,"No known compromise","N",,
"9aa011a5-72a1-4bf7-9ff2-26ca09a51a6f","STER_029.basePlot.bet","D10","STER","STER_029","2015-09-03","2015-09-17","2017-01-15","NEON.BET.D10.004133","AMACAR","Animalia","Arthropoda","Insecta","Coleoptera","Carabidae","Harpalinae","Zabrini","Amara","Curtonotus","carinata",,"Amara carinata","LeConte","species",,"M",,"Lindroth, C. H. 1969. The ground-beetles (Carabidae, excl. Cicindelinae) of Canada and Alaska, parts 1-6. Opuscula E. Entomoligiska Sallskapet.","Kipling Will","Essig Museum of Entomology",,"No known compromise","N",,
"4dbed0c2-b8db-4ce7-bca4-21c794d2974c","STER_027.basePlot.bet","D10","STER","STER_027","2015-09-03","2015-09-17","2017-01-15","NEON.BET.D10.004105","HARREV","Animalia","Arthropoda","Insecta","Coleoptera","Carabidae","Harpalinae","Harpalini","Harpalus","Opadius","reversus",,"Harpalus reversus","Casey","species",,"F",,"Noonan, G. R. 1991. Classification, Cladistics, and Natural History of Native North American Harpalus Latreille (Insecta: Coleoptera: Carabidae: Harpalini), excluding subgenera Glanodes and Pseudophonus.","Kipling Will","Essig Museum of Entomology",,"No known compromise","N",,
"969cd27e-ee8f-4fb5-86ac-c7cbbfc95f39","STER_027.basePlot.bet","D10","STER","STER_027","2015-09-03","2015-09-17","2017-01-15","NEON.BET.D10.004122","HARREV","Animalia","Arthropoda","Insecta","Coleoptera","Carabidae","Harpalinae","Harpalini","Harpalus","Opadius","reversus",,"Harpalus reversus","Casey","species",,"F",,"Noonan, G. R. 1991. Classification, Cladistics, and Natural History of Native North American Harpalus Latreille (Insecta: Coleoptera: Carabidae: Harpalini), excluding subgenera Glanodes and Pseudophonus.","Kipling Will","Essig Museum of Entomology",,"No known compromise","N",,
"5559d8b3-3ba6-4e74-9987-77aeae21d845","STER_027.basePlot.bet","D10","STER","STER_027","2015-09-03","2015-09-17","2017-01-15","NEON.BET.D10.004102","AGOPLA","Animalia","Arthropoda","Insecta","Coleoptera","Carabidae","Harpalinae","Platynini","Agonum","Agonum","placidum",,"Agonum placidum","Say","species",,"M",,"Liebherr, J. K. 1994. Identification of new world Agonum , review of the mexican fauna , and description of Incagonum , new genus , from South America (Coleoptera: Carabidae: Platynini). Journal of The New York Entomological Society 102:1-55.","Kipling Will","Essig Museum of Entomology",,"No known compromise","N",,
"a6389555-b363-4ea9-9524-79f0704fbca2","STER_027.basePlot.bet","D10","STER","STER_027","2015-09-03","2015-09-17","2017-01-15","NEON.BET.D10.004116","HARREV","Animalia","Arthropoda","Insecta","Coleoptera","Carabidae","Harpalinae","Harpalini","Harpalus","Opadius","reversus",,"Harpalus reversus","Casey","species",,"M",,"Noonan, G. R. 1991. Classification, Cladistics, and Natural History of Native North American Harpalus Latreille (Insecta: Coleoptera: Carabidae: Harpalini), excluding subgenera Glanodes and Pseudophonus.","Kipling Will","Essig Museum of Entomology",,"No known compromise","N",,
"e1ddb532-8676-4eb3-9837-66fd7386f710","STER_027.basePlot.bet","D10","STER","STER_027","2015-09-03","2015-09-17","2017-01-15","NEON.BET.D10.004101","CYMPLA1","Animalia","Arthropoda","Insecta","Coleoptera","Carabidae","Harpalinae","Lebiini","Cymindis","Tarulus","planipennis",,"Cymindis planipennis","LeConte","species",,"M",,"Lindroth, C. H. 1969. The ground-beetles (Carabidae, excl. Cicindelinae) of Canada and Alaska, parts 1-6. Opuscula E. Entomoligiska Sallskapet.","Kipling Will","Essig Museum of Entomology",,"No known compromise","N",,
"4632ee4d-1319-4ca3-97eb-8324f93eb9d1","STER_027.basePlot.bet","D10","STER","STER_027","2015-09-03","2015-09-17","2017-01-15","NEON.BET.D10.004120","HARPEN","Animalia","Arthropoda","Insecta","Coleoptera","Carabidae","Harpalinae","Harpalini","Harpalus","Pseudoophonus","pensylvanicus",,"Harpalus pensylvanicus","DeGeer","species",,"M",,"Ball, G. E., and J. N. Anderson. 1962. The taxonomy and speciation of Pseudophonus (a subgenus of Harpalus: Haralini: Carabidae, known to occur in North America). The Catholic University of America Press, Washington 17, D. C.","Kipling Will","Essig Museum of Entomology",,"No known compromise","N",,
"e38813b1-1279-484d-a491-c67a1463360c","STER_027.basePlot.bet","D10","STER","STER_027","2015-09-03","2015-09-17","2017-01-15","NEON.BET.D10.004103","HARVAG","Animalia","Arthropoda","Insecta","Coleoptera","Carabidae","Harpalinae","Harpalini","Harpalus","Pseudoophonus","vagans",,"Harpalus vagans","LeConte","species",,"M",,"Ball, G. E., and J. N. Anderson. 1962. The taxonomy and speciation of Pseudophonus (a subgenus of Harpalus: Haralini: Carabidae, known to occur in North America). The Catholic University of America Press, Washington 17, D. C.","Kipling Will","Essig Museum of Entomology",,"No known compromise","N",,
"a08c8f95-6953-4f35-af04-2855ead66bf9","STER_027.basePlot.bet","D10","STER","STER_027","2015-09-03","2015-09-17","2017-01-15","NEON.BET.D10.004121","HARREV","Animalia","Arthropoda","Insecta","Coleoptera","Carabidae","Harpalinae","Harpalini","Harpalus","Opadius","reversus",,"Harpalus reversus","Casey","species",,"F",,"Noonan, G. R. 1991. Classification, Cladistics, and Natural History of Native North American Harpalus Latreille (Insecta: Coleoptera: Carabidae: Harpalini), excluding subgenera Glanodes and Pseudophonus.","Kipling Will","Essig Museum of Entomology",,"No known compromise","N",,
"6f056581-5cd9-44e0-a9e1-58730dcd6105","STER_034.basePlot.bet","D10","STER","STER_034","2015-09-03","2015-09-17","2017-01-15","NEON.BET.D10.004156","ANIMER2","Animalia","Arthropoda","Insecta","Coleoptera","Carabidae","Harpalinae","Harpalini","Anisodactylus","Gynandrotarsus","merula",,"Anisodactylus merula","Germar","species",,"F",,"Lindroth, C. H. 1969. The ground-beetles (Carabidae, excl. Cicindelinae) of Canada and Alaska, parts 1-6. Opuscula E. Entomoligiska Sallskapet.","Kipling Will","Essig Museum of Entomology",,"No known compromise","N",,
"602180dc-706b-428a-9c45-d444643fb064","STER_034.basePlot.bet","D10","STER","STER_034","2015-09-03","2015-09-17","2017-01-15","NEON.BET.D10.004158","AMAMUS","Animalia","Arthropoda","Insecta","Coleoptera","Carabidae","Harpalinae","Zabrini","Amara","Celia","musculis",,"Amara musculis","Say","species",,"M",,"Lindroth, C. H. 1969. The ground-beetles (Carabidae, excl. Cicindelinae) of Canada and Alaska, parts 1-6. Opuscula E. Entomoligiska Sallskapet.","Kipling Will","Essig Museum of Entomology",,"No known compromise","N",,
"f7fc3bc2-6bbd-4605-b4ff-d7156e0a7ff3","STER_006.basePlot.bet","D10","STER","STER_006","2015-09-03","2015-09-17","2017-01-15","NEON.BET.D10.004166","HARREV","Animalia","Arthropoda","Insecta","Coleoptera","Carabidae","Harpalinae","Harpalini","Harpalus","Opadius","reversus",,"Harpalus reversus","Casey","species",,"M",,"Noonan, G. R. 1991. Classification, Cladistics, and Natural History of Native North American Harpalus Latreille (Insecta: Coleoptera: Carabidae: Harpalini), excluding subgenera Glanodes and Pseudophonus.","Kipling Will","Essig Museum of Entomology",,"No known compromise","N",,
"688283d1-b201-42d8-bb1a-e32f23ba8d7a","STER_034.basePlot.bet","D10","STER","STER_034","2015-09-03","2015-09-17","2017-01-15","NEON.BET.D10.004113","EURGRO","Animalia","Arthropoda","Insecta","Coleoptera","Carabidae","Harpalinae","Harpalini","Euryderus",,"grossus",,"Euryderus grossus","Say","species",,"U",,"Lindroth, C. H. 1969. The ground-beetles (Carabidae, excl. Cicindelinae) of Canada and Alaska, parts 1-6. Opuscula E. Entomoligiska Sallskapet.","Kipling Will","Essig Museum of Entomology",,"No known compromise","N",,
"1c8eb7fc-004d-46b8-9cd7-7c8d6f939276","STER_034.basePlot.bet","D10","STER","STER_034","2015-09-03","2015-09-17","2017-01-15","NEON.BET.D10.004115","AMACON3","Animalia","Arthropoda","Insecta","Coleoptera","Carabidae","Harpalinae","Zabrini","Amara","Amara","convexa",,"Amara convexa","LeConte","species",,"M",,"Lindroth, C. H. 1969. The ground-beetles (Carabidae, excl. Cicindelinae) of Canada and Alaska, parts 1-6. Opuscula E. Entomoligiska Sallskapet.","Kipling Will","Essig Museum of Entomology",,"No known compromise","N",,
"6d6f1fea-04ea-4b9a-8eab-d02dbe51c808","STER_034.basePlot.bet","D10","STER","STER_034","2015-09-03","2015-09-17","2017-01-15","NEON.BET.D10.004152","ANIRUS","Animalia","Arthropoda","Insecta","Coleoptera","Carabidae","Harpalinae","Harpalini","Anisodactylus","Gynandrotarsus","rusticus",,"Anisodactylus rusticus","Say","species",,"F",,"Lindroth, C. H. 1969. The ground-beetles (Carabidae, excl. Cicindelinae) of Canada and Alaska, parts 1-6. Opuscula E. Entomoligiska Sallskapet.","Kipling Will","Essig Museum of Entomology",,"No known compromise","N",,
"5f6f6aa0-1271-4ee8-bed2-df79904a555c","STER_034.basePlot.bet","D10","STER","STER_034","2015-09-03","2015-09-17","2017-01-15","NEON.BET.D10.004151","HARPEN","Animalia","Arthropoda","Insecta","Coleoptera","Carabidae","Harpalinae","Harpalini","Harpalus","Pseudoophonus","pensylvanicus",,"Harpalus pensylvanicus","DeGeer","species",,"M",,"Ball, G. E., and J. N. Anderson. 1962. The taxonomy and speciation of Pseudophonus (a subgenus of Harpalus: Haralini: Carabidae, known to occur in North America). The Catholic University of America Press, Washington 17, D. C.","Kipling Will","Essig Museum of Entomology",,"No known compromise","N",,
"13c9f447-de93-47de-9b5a-943be3df47d9","STER_034.basePlot.bet","D10","STER","STER_034","2015-09-03","2015-09-17","2017-01-15","NEON.BET.D10.004157","HARREV","Animalia","Arthropoda","Insecta","Coleoptera","Carabidae","Harpalinae","Harpalini","Harpalus","Opadius","reversus",,"Harpalus reversus","Casey","species",,"F",,"Noonan, G. R. 1991. Classification, Cladistics, and Natural History of Native North American Harpalus Latreille (Insecta: Coleoptera: Carabidae: Harpalini), excluding subgenera Glanodes and Pseudophonus.","Kipling Will","Essig Museum of Entomology",,"No known compromise","N",,
"f13c2410-fd4a-431a-a9c7-9cb66cbd7332","STER_032.basePlot.bet","D10","STER","STER_032","2015-09-03","2015-09-17","2017-01-15","NEON.BET.D10.004160","AMACAR","Animalia","Arthropoda","Insecta","Coleoptera","Carabidae","Harpalinae","Zabrini","Amara","Curtonotus","carinata",,"Amara carinata","LeConte","species",,"F",,"Lindroth, C. H. 1969. The ground-beetles (Carabidae, excl. Cicindelinae) of Canada and Alaska, parts 1-6. Opuscula E. Entomoligiska Sallskapet.","Kipling Will","Essig Museum of Entomology",,"No known compromise","N",,
"96616a1a-ef4a-4c1d-8839-7132311e80ef","STER_032.basePlot.bet","D10","STER","STER_032","2015-09-03","2015-09-17","2017-01-15","NEON.BET.D10.004161","HARPEN","Animalia","Arthropoda","Insecta","Coleoptera","Carabidae","Harpalinae","Harpalini","Harpalus","Pseudoophonus","pensylvanicus",,"Harpalus pensylvanicus","DeGeer","species",,"F",,"Ball, G. E., and J. N. Anderson. 1962. The taxonomy and speciation of Pseudophonus (a subgenus of Harpalus: Haralini: Carabidae, known to occur in North America). The Catholic University of America Press, Washington 17, D. C.","Kipling Will","Essig Museum of Entomology",,"No known compromise","N",,
"c04692b9-65df-483a-ab4a-f62351ddfad6","STER_034.basePlot.bet","D10","STER","STER_034","2015-09-03","2015-09-17","2017-01-15","NEON.BET.D10.004153","HARPEN","Animalia","Arthropoda","Insecta","Coleoptera","Carabidae","Harpalinae","Harpalini","Harpalus","Pseudoophonus","pensylvanicus",,"Harpalus pensylvanicus","DeGeer","species",,"F",,"Ball, G. E., and J. N. Anderson. 1962. The taxonomy and speciation of Pseudophonus (a subgenus of Harpalus: Haralini: Carabidae, known to occur in North America). The Catholic University of America Press, Washington 17, D. C.","Kipling Will","Essig Museum of Entomology",,"No known compromise","N",,
"c2fbc98b-3bf9-481a-94ce-7b1213aa6fec","STER_034.basePlot.bet","D10","STER","STER_034","2015-09-03","2015-09-17","2017-01-15","NEON.BET.D10.004114","ANIRUS","Animalia","Arthropoda","Insecta","Coleoptera","Carabidae","Harpalinae","Harpalini","Anisodactylus","Gynandrotarsus","rusticus",,"Anisodactylus rusticus","Say","species",,"F",,"Lindroth, C. H. 1969. The ground-beetles (Carabidae, excl. Cicindelinae) of Canada and Alaska, parts 1-6. Opuscula E. Entomoligiska Sallskapet.","Kipling Will","Essig Museum of Entomology",,"No known compromise","N",,
"46ae289a-1ca1-4398-a7da-8baa9fad741e","STER_032.basePlot.bet","D10","STER","STER_032","2015-09-03","2015-09-17","2017-01-15","NEON.BET.D10.004163","AMAFAR","Animalia","Arthropoda","Insecta","Coleoptera","Carabidae","Harpalinae","Zabrini","Amara","Amarocelia","farcta",,"Amara farcta","LeConte","species",,"M",,"Lindroth, C. H. 1969. The ground-beetles (Carabidae, excl. Cicindelinae) of Canada and Alaska, parts 1-6. Opuscula E. Entomoligiska Sallskapet.","Kipling Will","Essig Museum of Entomology",,"No known compromise","N",,
"d1af1e40-d10e-412b-8739-ac33552d8e91","STER_032.basePlot.bet","D10","STER","STER_032","2015-09-03","2015-09-17","2017-01-15","NEON.BET.D10.004159","ANIRUS","Animalia","Arthropoda","Insecta","Coleoptera","Carabidae","Harpalinae","Harpalini","Anisodactylus","Gynandrotarsus","rusticus",,"Anisodactylus rusticus","Say","species",,"M",,"Lindroth, C. H. 1969. The ground-beetles (Carabidae, excl. Cicindelinae) of Canada and Alaska, parts 1-6. Opuscula E. Entomoligiska Sallskapet.","Kipling Will","Essig Museum of Entomology",,"No known compromise","N",,
"ad9432b8-befe-4b65-91b7-7ce6e61441ce","STER_032.basePlot.bet","D10","STER","STER_032","2015-09-03","2015-09-17","2017-01-15","NEON.BET.D10.004195","EURGRO","Animalia","Arthropoda","Insecta","Coleoptera","Carabidae","Harpalinae","Harpalini","Euryderus",,"grossus",,"Euryderus grossus","Say","species",,"U",,"Lindroth, C. H. 1969. The ground-beetles (Carabidae, excl. Cicindelinae) of Canada and Alaska, parts 1-6. Opuscula E. Entomoligiska Sallskapet.","Kipling Will","Essig Museum of Entomology",,"No known compromise","N",,
"fbfd4c9d-5ceb-4e8c-90b5-d1c2a285a2cc","STER_032.basePlot.bet","D10","STER","STER_032","2015-09-03","2015-09-17","2017-01-15","NEON.BET.D10.004192","PASELO","Animalia","Arthropoda","Insecta","Coleoptera","Carabidae","Scaritinae","Pasimachini","Pasimachus","Pasimachus","elongatus",,"Pasimachus elongatus","LeConte","species",,"F",,"Banninger, M. 1950. The subtribe Pasimachina (Coleoptera, Carabidae, Scaritini). Revista de Entomologica 21:481-511.","Kipling Will","Essig Museum of Entomology",,"No known compromise","N",,
"2400d119-01b8-4cb4-83a9-b68914fb1c76","STER_032.basePlot.bet","D10","STER","STER_032","2015-09-03","2015-09-17","2017-01-15","NEON.BET.D10.004196","AMAQUE","Animalia","Arthropoda","Insecta","Coleoptera","Carabidae","Harpalinae","Zabrini","Amara","Paracelia","quenseli","quenseli","Amara quenseli quenseli","Schonherr","subspecies",,"F",,"Lindroth, C. H. 1969. The ground-beetles (Carabidae, excl. Cicindelinae) of Canada and Alaska, parts 1-6. Opuscula E. Entomoligiska Sallskapet.","Kipling Will","Essig Museum of Entomology",,"No known compromise","N",,
"54f9706a-b402-4062-a6fb-de1f756af447","STER_032.basePlot.bet","D10","STER","STER_032","2015-09-03","2015-09-17","2017-01-15","NEON.BET.D10.004199","HARAMP","Animalia","Arthropoda","Insecta","Coleoptera","Carabidae","Harpalinae","Harpalini","Harpalus","Harpalus","amputatus","amputatus","Harpalus amputatus amputatus","Say","subspecies",,"M",,"Noonan, G. R. 1991. Classification, Cladistics, and Natural History of Native North American Harpalus Latreille (Insecta: Coleoptera: Carabidae: Harpalini), excluding subgenera Glanodes and Pseudophonus.","Kipling Will","Essig Museum of Entomology",,"No known compromise","N",,
"2ccdb6e3-93a6-4b0c-ad3b-6d049576bc4c","STER_032.basePlot.bet","D10","STER","STER_032","2015-09-03","2015-09-17","2017-01-15","NEON.BET.D10.004187","POESCI","Animalia","Arthropoda","Insecta","Coleoptera","Carabidae","Harpalinae","Pterostichini","Poecilus","Poecilus","scitulus",,"Poecilus scitulus","LeConte","species",,"F",,"Lindroth, C. H. 1969. The ground-beetles (Carabidae, excl. Cicindelinae) of Canada and Alaska, parts 1-6. Opuscula E. Entomoligiska Sallskapet.","Kipling Will","Essig Museum of Entomology",,"No known compromise","N",,
"42b07874-c4eb-4699-9c17-7c2077f00dc1","STER_032.basePlot.bet","D10","STER","STER_032","2015-09-03","2015-09-17","2017-01-15","NEON.BET.D10.004197","ELAANC","Animalia","Arthropoda","Insecta","Coleoptera","Carabidae","Trechinae","Bembidiini","Elaphropus","Barytachys","anceps",,"Elaphropus anceps","LeConte","species",,"M",,"Lindroth, C. H. 1969. The ground-beetles (Carabidae, excl. Cicindelinae) of Canada and Alaska, parts 1-6. Opuscula E. Entomoligiska Sallskapet.","Kipling Will","Essig Museum of Entomology",,"No known compromise","N",,
"6c56d25f-5a48-4aeb-91f4-4223a1eedefd","STER_032.basePlot.bet","D10","STER","STER_032","2015-09-03","2015-09-17","2017-01-15","NEON.BET.D10.004191","AMAFAR","Animalia","Arthropoda","Insecta","Coleoptera","Carabidae","Harpalinae","Zabrini","Amara","Amarocelia","farcta",,"Amara farcta","LeConte","species",,"M",,"Lindroth, C. H. 1969. The ground-beetles (Carabidae, excl. Cicindelinae) of Canada and Alaska, parts 1-6. Opuscula E. Entomoligiska Sallskapet.","Kipling Will","Essig Museum of Entomology",,"No known compromise","N",,
"3afdac2f-2f6f-4a2a-9176-433b5ffd9776","STER_006.basePlot.bet","D10","STER","STER_006","2015-09-03","2015-09-17","2017-01-15","NEON.BET.D10.004180","HARPEN","Animalia","Arthropoda","Insecta","Coleoptera","Carabidae","Harpalinae","Harpalini","Harpalus","Pseudoophonus","pensylvanicus",,"Harpalus pensylvanicus","DeGeer","species",,"F",,"Ball, G. E., and J. N. Anderson. 1962. The taxonomy and speciation of Pseudophonus (a subgenus of Harpalus: Haralini: Carabidae, known to occur in North America). The Catholic University of America Press, Washington 17, D. C.","Kipling Will","Essig Museum of Entomology",,"No known compromise","N",,
"a441b336-a016-4d1b-987d-ecd0dc33bc20","STER_006.basePlot.bet","D10","STER","STER_006","2015-09-03","2015-09-17","2017-01-15","NEON.BET.D10.004181","HARPEN","Animalia","Arthropoda","Insecta","Coleoptera","Carabidae","Harpalinae","Harpalini","Harpalus","Pseudoophonus","pensylvanicus",,"Harpalus pensylvanicus","DeGeer","species",,"F",,"Ball, G. E., and J. N. Anderson. 1962. The taxonomy and speciation of Pseudophonus (a subgenus of Harpalus: Haralini: Carabidae, known to occur in North America). The Catholic University of America Press, Washington 17, D. C.","Kipling Will","Essig Museum of Entomology",,"No known compromise","N",,
"da4ca289-ad7d-4676-a536-45fe3ca359ad","STER_006.basePlot.bet","D10","STER","STER_006","2015-09-03","2015-09-17","2017-01-15","NEON.BET.D10.004176","HARPEN","Animalia","Arthropoda","Insecta","Coleoptera","Carabidae","Harpalinae","Harpalini","Harpalus","Pseudoophonus","pensylvanicus",,"Harpalus pensylvanicus","DeGeer","species",,"F",,"Ball, G. E., and J. N. Anderson. 1962. The taxonomy and speciation of Pseudophonus (a subgenus of Harpalus: Haralini: Carabidae, known to occur in North America). The Catholic University of America Press, Washington 17, D. C.","Kipling Will","Essig Museum of Entomology",,"No known compromise","N",,
"24aee7dd-9d1d-44ce-aec3-6201d8c64d01","STER_006.basePlot.bet","D10","STER","STER_006","2015-09-03","2015-09-17","2017-01-15","NEON.BET.D10.004171","CALOPA","Animalia","Arthropoda","Insecta","Coleoptera","Carabidae","Harpalinae","Sphodrini","Calathus","Neocalathus","opaculus",,"Calathus opaculus","LeConte","species",,"F",,"Lindroth, C. H. 1969. The ground-beetles (Carabidae, excl. Cicindelinae) of Canada and Alaska, parts 1-6. Opuscula E. Entomoligiska Sallskapet.","Kipling Will","Essig Museum of Entomology",,"No known compromise","N",,
"e1b62df2-c483-4737-ad85-69791bed76b1","STER_006.basePlot.bet","D10","STER","STER_006","2015-09-03","2015-09-17","2017-01-15","NEON.BET.D10.004183","CALOPA","Animalia","Arthropoda","Insecta","Coleoptera","Carabidae","Harpalinae","Sphodrini","Calathus","Neocalathus","opaculus",,"Calathus opaculus","LeConte","species",,"F",,"Lindroth, C. H. 1969. The ground-beetles (Carabidae, excl. Cicindelinae) of Canada and Alaska, parts 1-6. Opuscula E. Entomoligiska Sallskapet.","Kipling Will","Essig Museum of Entomology",,"No known compromise","N",,
"9bfc98a2-5d1f-44cc-8c07-52e9fb5b35cf","STER_006.basePlot.bet","D10","STER","STER_006","2015-09-03","2015-09-17","2017-01-15","NEON.BET.D10.004178","CALOPA","Animalia","Arthropoda","Insecta","Coleoptera","Carabidae","Harpalinae","Sphodrini","Calathus","Neocalathus","opaculus",,"Calathus opaculus","LeConte","species",,"F",,"Lindroth, C. H. 1969. The ground-beetles (Carabidae, excl. Cicindelinae) of Canada and Alaska, parts 1-6. Opuscula E. Entomoligiska Sallskapet.","Kipling Will","Essig Museum of Entomology",,"No known compromise","N",,
"2b1ee581-4c74-4f7d-895d-2259ae2eb082","STER_006.basePlot.bet","D10","STER","STER_006","2015-09-03","2015-09-17","2017-01-15","NEON.BET.D10.004170","CALOPA","Animalia","Arthropoda","Insecta","Coleoptera","Carabidae","Harpalinae","Sphodrini","Calathus","Neocalathus","opaculus",,"Calathus opaculus","LeConte","species",,"M",,"Lindroth, C. H. 1969. The ground-beetles (Carabidae, excl. Cicindelinae) of Canada and Alaska, parts 1-6. Opuscula E. Entomoligiska Sallskapet.","Kipling Will","Essig Museum of Entomology",,"No known compromise","N",,
"709d3712-411d-4648-85b7-b96d3d8e6c42","STER_006.basePlot.bet","D10","STER","STER_006","2015-09-03","2015-09-17","2017-01-15","NEON.BET.D10.004169","HARCAL","Animalia","Arthropoda","Insecta","Coleoptera","Carabidae","Harpalinae","Harpalini","Harpalus","Megapangus","caliginosus",,"Harpalus caliginosus","Fabricius","species",,"M",,"Will, K. W. 1997. Review of the species of the subgenus Megapangus Casey (Coeloptera: Carabidae, Harpalini, Harpalus Latreille). The Coleopterists Bulletin 51:43-51.","Kipling Will","Essig Museum of Entomology",,"No known compromise","N",,
"ea970bb2-c71d-42eb-867d-58b5d9bd12ff","STER_006.basePlot.bet","D10","STER","STER_006","2015-09-03","2015-09-17","2017-01-15","NEON.BET.D10.004174","HARREV","Animalia","Arthropoda","Insecta","Coleoptera","Carabidae","Harpalinae","Harpalini","Harpalus","Opadius","reversus",,"Harpalus reversus","Casey","species",,"M",,"Noonan, G. R. 1991. Classification, Cladistics, and Natural History of Native North American Harpalus Latreille (Insecta: Coleoptera: Carabidae: Harpalini), excluding subgenera Glanodes and Pseudophonus.","Kipling Will","Essig Museum of Entomology",,"No known compromise","N",,
"6a847f14-01d5-4d6a-a2a4-fb5da515d0ef","STER_006.basePlot.bet","D10","STER","STER_006","2015-09-03","2015-09-17","2017-01-15","NEON.BET.D10.004175","HARREV","Animalia","Arthropoda","Insecta","Coleoptera","Carabidae","Harpalinae","Harpalini","Harpalus","Opadius","reversus",,"Harpalus reversus","Casey","species",,"F",,"Noonan, G. R. 1991. Classification, Cladistics, and Natural History of Native North American Harpalus Latreille (Insecta: Coleoptera: Carabidae: Harpalini), excluding subgenera Glanodes and Pseudophonus.","Kipling Will","Essig Museum of Entomology",,"No known compromise","N",,
"f648d4f0-2f45-4110-8d0b-f384e3d70f03","STER_006.basePlot.bet","D10","STER","STER_006","2015-09-03","2015-09-17","2017-01-15","NEON.BET.D10.004182","HARPEN","Animalia","Arthropoda","Insecta","Coleoptera","Carabidae","Harpalinae","Harpalini","Harpalus","Pseudoophonus","pensylvanicus",,"Harpalus pensylvanicus","DeGeer","species",,"F",,"Ball, G. E., and J. N. Anderson. 1962. The taxonomy and speciation of Pseudophonus (a subgenus of Harpalus: Haralini: Carabidae, known to occur in North America). The Catholic University of America Press, Washington 17, D. C.","Kipling Will","Essig Museum of Entomology",,"No known compromise","N",,
"26facb71-6ae0-41e0-a73f-6b2c275c49a0","STER_026.basePlot.bet","D10","STER","STER_026","2015-09-03","2015-09-17","2017-01-15","NEON.BET.D10.004455","AMAQUE","Animalia","Arthropoda","Insecta","Coleoptera","Carabidae","Harpalinae","Zabrini","Amara","Paracelia","quenseli","quenseli","Amara quenseli quenseli","Schonherr","subspecies",,"M",,"Lindroth, C. H. 1969. The ground-beetles (Carabidae, excl. Cicindelinae) of Canada and Alaska, parts 1-6. Opuscula E. Entomoligiska Sallskapet.","Kipling Will","Essig Museum of Entomology",,"No known compromise","N",,
"f4793b51-ec9b-42d9-8f6f-8026f0c770c0","STER_026.basePlot.bet","D10","STER","STER_026","2015-09-03","2015-09-17","2017-01-15","NEON.BET.D10.004541","HARSOM","Animalia","Arthropoda","Insecta","Coleoptera","Carabidae","Harpalinae","Harpalini","Harpalus","Harpalus","somnulentus",,"Harpalus somnulentus","Dejean","species",,"M",,"Noonan, G. R. 1991. Classification, Cladistics, and Natural History of Native North American Harpalus Latreille (Insecta: Coleoptera: Carabidae: Harpalini), excluding subgenera Glanodes and Pseudophonus.","Kipling Will","Essig Museum of Entomology",,"No known compromise","N",,
"8d08c732-1fa0-4e03-a4e1-73bad10abb1b","STER_027.basePlot.bet","D10","STER","STER_027","2015-09-03","2015-09-17","2017-01-15","NEON.BET.D10.004996","AMACAR","Animalia","Arthropoda","Insecta","Coleoptera","Carabidae","Harpalinae","Zabrini","Amara","Curtonotus","carinata",,"Amara carinata","LeConte","species",,"F",,"Lindroth, C. H. 1969. The ground-beetles (Carabidae, excl. Cicindelinae) of Canada and Alaska, parts 1-6. Opuscula E. Entomoligiska Sallskapet.","Kipling Will","Essig Museum of Entomology",,"No known compromise","N",,
"6feee355-af12-4e2b-bffc-9c3f765de0bc","STER_029.basePlot.bet","D10","STER","STER_029","2015-09-03","2015-09-17","2017-01-15","NEON.BET.D10.004997","AMACAR","Animalia","Arthropoda","Insecta","Coleoptera","Carabidae","Harpalinae","Zabrini","Amara","Curtonotus","carinata",,"Amara carinata","LeConte","species",,"F",,"Lindroth, C. H. 1969. The ground-beetles (Carabidae, excl. Cicindelinae) of Canada and Alaska, parts 1-6. Opuscula E. Entomoligiska Sallskapet.","Kipling Will","Essig Museum of Entomology",,"No known compromise","N",,
"c46b21f2-e0b7-46a1-83f2-5915d3b4fcc8","STER_026.basePlot.bet","D10","STER","STER_026","2015-09-03","2015-09-17","2017-01-15","NEON.BET.D10.004992","AMACAR","Animalia","Arthropoda","Insecta","Coleoptera","Carabidae","Harpalinae","Zabrini","Amara","Curtonotus","carinata",,"Amara carinata","LeConte","species",,"F",,"Lindroth, C. H. 1969. The ground-beetles (Carabidae, excl. Cicindelinae) of Canada and Alaska, parts 1-6. Opuscula E. Entomoligiska Sallskapet.","Kipling Will","Essig Museum of Entomology",,"No known compromise","N",,
"9604665e-6ee1-445e-9b82-671b44b62beb","STER_033.basePlot.bet","D10","STER","STER_033","2015-09-03","2015-09-17","2017-01-15","NEON.BET.D10.004149","PASELO","Animalia","Arthropoda","Insecta","Coleoptera","Carabidae","Scaritinae","Pasimachini","Pasimachus","Pasimachus","elongatus",,"Pasimachus elongatus","LeConte","species",,"F",,"Banninger, M. 1950. The subtribe Pasimachina (Coleoptera, Carabidae, Scaritini). Revista de Entomologica 21:481-511.","Kipling Will","Essig Museum of Entomology",,"No known compromise","N",,
