uid,namedLocation,domainID,siteID,plotID,setDate,collectDate,identifiedDate,individualID,taxonID,kingdom,phylum,class,order,family,subfamily,tribe,genus,subgenus,specificEpithet,infraspecificEpithet,scientificName,scientificNameAuthorship,taxonRank,identificationQualifier,sex,morphospeciesID,identificationReferences,identifiedBy,laboratoryName,identificationRemarks,sampleCondition,dnaBarcoded,geneticSampleID,remarks
"f35a8b4a-938a-4d56-bdfc-2bea672652d3","TREE_002.basePlot.bet","D05","TREE","TREE_002","2015-07-27","2015-08-10","2017-01-15","NEON.BET.D05.000819","SYNIMP","Animalia","Arthropoda","Insecta","Coleoptera","Carabidae","Harpalinae","Sphodrini","Synuchus",,"impunctatus",,"Synuchus impunctatus","Say","species",,"F",,"Lindroth, C. H. 1969. The ground-beetles (Carabidae, excl. Cicindelinae) of Canada and Alaska, parts 1-6. Opuscula E. Entomoligiska Sallskapet.","Kipling Will","Essig Museum of Entomology",,"No known compromise","N",,
"21ffac6c-249b-434e-9b59-a525d3c9a131","TREE_001.basePlot.bet","D05","TREE","TREE_001","2015-07-27","2015-08-10","2017-01-15","NEON.BET.D05.000850","CARSYL","Animalia","Arthropoda","Insecta","Coleoptera","Carabidae","Carabinae","Carabini","Carabus","Tanaocarabus","sylvosus",,"Carabus sylvosus","Say","species",,"F",,"Lindroth, C. H. 1969. The ground-beetles (Carabidae, excl. Cicindelinae) of Canada and Alaska, parts 1-6. Opuscula E. Entomoligiska Sallskapet.","Kipling Will","Essig Museum of Entomology",,"No known compromise","N",,
"9e2617bb-f2a6-49f3-afce-81c1df81377e","TREE_006.basePlot.bet","D05","TREE","TREE_006","2015-07-27","2015-08-10","2017-01-15","NEON.BET.D05.000821","SYNIMP","Animalia","Arthropoda","Insecta","Coleoptera","Carabidae","Harpalinae","Sphodrini","Synuchus",,"impunctatus",,"Synuchus impunctatus","Say","species",,"F",,"Lindroth, C. H. 1969. The ground-beetles (Carabidae, excl. Cicindelinae) of Canada and Alaska, parts 1-6. Opuscula E. Entomoligiska Sallskapet.","Kipling Will","Essig Museum of Entomology",,"No known compromise","N",,
"7d05ee6d-c8a1-4a09-94b7-ca3bfab33356","TREE_014.basePlot.bet","D05","TREE","TREE_014","2015-07-27","2015-08-10","2017-01-15","NEON.BET.D05.000842","CARNEM","Animalia","Arthropoda","Insecta","Coleoptera","Carabidae","Carabinae","Carabini","Carabus","Archicarabus","nemoralis","nemoralis","Carabus nemoralis nemoralis","Mueller","subspecies",,"M",,"Lindroth, C. H. 1969. The ground-beetles (Carabidae, excl. Cicindelinae) of Canada and Alaska, parts 1-6. Opuscula E. Entomoligiska Sallskapet.","Kipling Will","Essig Museum of Entomology",,"No known compromise","N",,
"1b76daeb-78a3-4584-a8cc-f22105cf33ef","TREE_014.basePlot.bet","D05","TREE","TREE_014","2015-07-27","2015-08-10","2017-01-15","NEON.BET.D05.000823","SYNIMP","Animalia","Arthropoda","Insecta","Coleoptera","Carabidae","Harpalinae","Sphodrini","Synuchus",,"impunctatus",,"Synuchus impunctatus","Say","species",,"M",,"Lindroth, C. H. 1969. The ground-beetles (Carabidae, excl. Cicindelinae) of Canada and Alaska, parts 1-6. Opuscula E. Entomoligiska Sallskapet.","Kipling Will","Essig Museum of Entomology",,"No known compromise","N",,
"82a30e82-6542-4368-bfe7-40ae2e41c4a1","TREE_007.basePlot.bet","D05","TREE","TREE_007","2015-07-27","2015-08-10","2017-01-15","NEON.BET.D05.000822","SYNIMP","Animalia","Arthropoda","Insecta","Coleoptera","Carabidae","Harpalinae","Sphodrini","Synuchus",,"impunctatus",,"Synuchus impunctatus","Say","species",,"M",,"Lindroth, C. H. 1969. The ground-beetles (Carabidae, excl. Cicindelinae) of Canada and Alaska, parts 1-6. Opuscula E. Entomoligiska Sallskapet.","Kipling Will","Essig Museum of Entomology",,"No known compromise","N",,
"ca29e382-0519-4639-9430-e2031aa99e8b","TREE_003.basePlot.bet","D05","TREE","TREE_003","2015-07-27","2015-08-10","2017-01-15","NEON.BET.D05.000820","SYNIMP","Animalia","Arthropoda","Insecta","Coleoptera","Carabidae","Harpalinae","Sphodrini","Synuchus",,"impunctatus",,"Synuchus impunctatus","Say","species",,"M",,"Lindroth, C. H. 1969. The ground-beetles (Carabidae, excl. Cicindelinae) of Canada and Alaska, parts 1-6. Opuscula E. Entomoligiska Sallskapet.","Kipling Will","Essig Museum of Entomology",,"No known compromise","N",,
"0c1ad0ae-16c5-41c8-a08d-c33fa8dd5293","TREE_003.basePlot.bet","D05","TREE","TREE_003","2015-07-27","2015-08-10","2017-01-15","NEON.BET.D05.000840","CARNEM","Animalia","Arthropoda","Insecta","Coleoptera","Carabidae","Carabinae","Carabini","Carabus","Archicarabus","nemoralis","nemoralis","Carabus nemoralis nemoralis","Mueller","subspecies",,"F",,"Lindroth, C. H. 1969. The ground-beetles (Carabidae, excl. Cicindelinae) of Canada and Alaska, parts 1-6. Opuscula E. Entomoligiska Sallskapet.","Kipling Will","Essig Museum of Entomology",,"No known compromise","N",,
"df66bade-0d80-4b2f-a354-a4b3b993d03f","TREE_003.basePlot.bet","D05","TREE","TREE_003","2015-07-27","2015-08-10","2017-01-15","NEON.BET.D05.000824","SYNIMP","Animalia","Arthropoda","Insecta","Coleoptera","Carabidae","Harpalinae","Sphodrini","Synuchus",,"impunctatus",,"Synuchus impunctatus","Say","species",,"M",,"Lindroth, C. H. 1969. The ground-beetles (Carabidae, excl. Cicindelinae) of Canada and Alaska, parts 1-6. Opuscula E. Entomoligiska Sallskapet.","Kipling Will","Essig Museum of Entomology",,"No known compromise","N",,
"384f1cbf-a627-43b9-89ea-33de4085544a","TREE_003.basePlot.bet","D05","TREE","TREE_003","2015-07-27","2015-08-10","2017-01-15","NEON.BET.D05.000839","CARNEM","Animalia","Arthropoda","Insecta","Coleoptera","Carabidae","Carabinae","Carabini","Carabus","Archicarabus","nemoralis","nemoralis","Carabus nemoralis nemoralis","Mueller","subspecies",,"M",,"Lindroth, C. H. 1969. The ground-beetles (Carabidae, excl. Cicindelinae) of Canada and Alaska, parts 1-6. Opuscula E. Entomoligiska Sallskapet.","Kipling Will","Essig Museum of Entomology",,"No known compromise","N",,
"f86a9823-5e51-462b-8e5f-c1645269a986","TREE_004.basePlot.bet","D05","TREE","TREE_004","2015-07-27","2015-08-10","2017-01-15","NEON.BET.D05.000767","AGOGRA","Animalia","Arthropoda","Insecta","Coleoptera","Carabidae","Harpalinae","Platynini","Agonum","Europhilus","gratiosum",,"Agonum gratiosum","Mannerheim","species",,"F",,"Liebherr, J. K. 1994. Identification of new world Agonum , review of the mexican fauna , and description of Incagonum , new genus , from South America (Coleoptera: Carabidae: Platynini). Journal of The New York Entomological Society 102:1-55.","Kipling Will","Essig Museum of Entomology",,"No known compromise","N",,
"f03b5145-5e1a-4160-98c7-a6cbc5c4ba92","TREE_006.basePlot.bet","D05","TREE","TREE_006","2015-07-27","2015-08-10","2017-01-15","NEON.BET.D05.000755","SPHSTE1","Animalia","Arthropoda","Insecta","Coleoptera","Carabidae","Carabinae","Cychrini","Sphaeroderus",,"stenostomus","lecontei","Sphaeroderus stenostomus lecontei","Dejean","subspecies",,"F",,"Lindroth, C. H. 1969. The ground-beetles (Carabidae, excl. Cicindelinae) of Canada and Alaska, parts 1-6. Opuscula E. Entomoligiska Sallskapet.","Kipling Will","Essig Museum of Entomology",,"No known compromise","N",,
"64848dfa-577a-4639-a6cc-c44c84786f6d","TREE_003.basePlot.bet","D05","TREE","TREE_003","2015-07-27","2015-08-10","2017-01-15","NEON.BET.D05.000743","PTEMEL","Animalia","Arthropoda","Insecta","Coleoptera","Carabidae","Harpalinae","Pterostichini","Pterostichus","Morphnosoma","melanarius","melanarius","Pterostichus melanarius melanarius","Illiger","subspecies",,"F",,"Lindroth, C. H. 1969. The ground-beetles (Carabidae, excl. Cicindelinae) of Canada and Alaska, parts 1-6. Opuscula E. Entomoligiska Sallskapet.","Kipling Will","Essig Museum of Entomology",,"No known compromise","N",,
"45ffd317-ab64-4d53-abae-f82865feafc5","TREE_003.basePlot.bet","D05","TREE","TREE_003","2015-07-27","2015-08-10","2017-01-15","NEON.BET.D05.000744","PTEMEL","Animalia","Arthropoda","Insecta","Coleoptera","Carabidae","Harpalinae","Pterostichini","Pterostichus","Morphnosoma","melanarius","melanarius","Pterostichus melanarius melanarius","Illiger","subspecies",,"M",,"Lindroth, C. H. 1969. The ground-beetles (Carabidae, excl. Cicindelinae) of Canada and Alaska, parts 1-6. Opuscula E. Entomoligiska Sallskapet.","Kipling Will","Essig Museum of Entomology",,"No known compromise","N",,
"3fdb4d18-cc89-4fd3-b8b9-b92610e836d6","TREE_003.basePlot.bet","D05","TREE","TREE_003","2015-07-27","2015-08-10","2017-01-15","NEON.BET.D05.000747","PTEMEL","Animalia","Arthropoda","Insecta","Coleoptera","Carabidae","Harpalinae","Pterostichini","Pterostichus","Morphnosoma","melanarius","melanarius","Pterostichus melanarius melanarius","Illiger","subspecies",,"M",,"Lindroth, C. H. 1969. The ground-beetles (Carabidae, excl. Cicindelinae) of Canada and Alaska, parts 1-6. Opuscula E. Entomoligiska Sallskapet.","Kipling Will","Essig Museum of Entomology",,"No known compromise","N",,
"2b3223e8-6ce7-47bb-a6e8-91b9337e65ae","TREE_003.basePlot.bet","D05","TREE","TREE_003","2015-07-27","2015-08-10","2017-01-15","NEON.BET.D05.000746","PTEMEL","Animalia","Arthropoda","Insecta","Coleoptera","Carabidae","Harpalinae","Pterostichini","Pterostichus","Morphnosoma","melanarius","melanarius","Pterostichus melanarius melanarius","Illiger","subspecies",,"F",,"Lindroth, C. H. 1969. The ground-beetles (Carabidae, excl. Cicindelinae) of Canada and Alaska, parts 1-6. Opuscula E. Entomoligiska Sallskapet.","Kipling Will","Essig Museum of Entomology",,"No known compromise","N",,
"d238dc99-43d6-4b19-a785-740deaac567d","TREE_003.basePlot.bet","D05","TREE","TREE_003","2015-07-27","2015-08-10","2017-01-15","NEON.BET.D05.000742","PTEMEL","Animalia","Arthropoda","Insecta","Coleoptera","Carabidae","Harpalinae","Pterostichini","Pterostichus","Morphnosoma","melanarius","melanarius","Pterostichus melanarius melanarius","Illiger","subspecies",,"F",,"Lindroth, C. H. 1969. The ground-beetles (Carabidae, excl. Cicindelinae) of Canada and Alaska, parts 1-6. Opuscula E. Entomoligiska Sallskapet.","Kipling Will","Essig Museum of Entomology",,"No known compromise","N",,
"450f3f44-3659-477d-aad8-64400f014817","TREE_003.basePlot.bet","D05","TREE","TREE_003","2015-07-27","2015-08-10","2017-01-15","NEON.BET.D05.000745","PTEMEL","Animalia","Arthropoda","Insecta","Coleoptera","Carabidae","Harpalinae","Pterostichini","Pterostichus","Morphnosoma","melanarius","melanarius","Pterostichus melanarius melanarius","Illiger","subspecies",,"F",,"Lindroth, C. H. 1969. The ground-beetles (Carabidae, excl. Cicindelinae) of Canada and Alaska, parts 1-6. Opuscula E. Entomoligiska Sallskapet.","Kipling Will","Essig Museum of Entomology",,"No known compromise","N",,
"ad0bb024-3cd9-4395-bc7e-8cece3d70082","TREE_006.basePlot.bet","D05","TREE","TREE_006","2015-07-27","2015-08-10","2017-01-15","NEON.BET.D05.000841","CARNEM","Animalia","Arthropoda","Insecta","Coleoptera","Carabidae","Carabinae","Carabini","Carabus","Archicarabus","nemoralis","nemoralis","Carabus nemoralis nemoralis","Mueller","subspecies",,"F",,"Lindroth, C. H. 1969. The ground-beetles (Carabidae, excl. Cicindelinae) of Canada and Alaska, parts 1-6. Opuscula E. Entomoligiska Sallskapet.","Kipling Will","Essig Museum of Entomology",,"No known compromise","N",,
"908993e5-628f-4201-a9c6-d5f06c3d4863","TREE_001.basePlot.bet","D05","TREE","TREE_001","2015-08-10","2015-08-24","2017-01-15","NEON.BET.D05.000852","CARSYL","Animalia","Arthropoda","Insecta","Coleoptera","Carabidae","Carabinae","Carabini","Carabus","Tanaocarabus","sylvosus",,"Carabus sylvosus","Say","species",,"F",,"Lindroth, C. H. 1969. The ground-beetles (Carabidae, excl. Cicindelinae) of Canada and Alaska, parts 1-6. Opuscula E. Entomoligiska Sallskapet.","Kipling Will","Essig Museum of Entomology",,"No known compromise","N",,
"6ed24b72-ec4f-4cb6-b4a2-8f268959abc4","TREE_001.basePlot.bet","D05","TREE","TREE_001","2015-08-10","2015-08-24","2017-01-15","NEON.BET.D05.000853","CARSYL","Animalia","Arthropoda","Insecta","Coleoptera","Carabidae","Carabinae","Carabini","Carabus","Tanaocarabus","sylvosus",,"Carabus sylvosus","Say","species",,"F",,"Lindroth, C. H. 1969. The ground-beetles (Carabidae, excl. Cicindelinae) of Canada and Alaska, parts 1-6. Opuscula E. Entomoligiska Sallskapet.","Kipling Will","Essig Museum of Entomology",,"No known compromise","N",,
"cabcb100-73b7-42a3-bce1-5f9e2c060042","TREE_014.basePlot.bet","D05","TREE","TREE_014","2015-08-10","2015-08-24","2017-01-15","NEON.BET.D05.000855","CARSYL","Animalia","Arthropoda","Insecta","Coleoptera","Carabidae","Carabinae","Carabini","Carabus","Tanaocarabus","sylvosus",,"Carabus sylvosus","Say","species",,"M",,"Lindroth, C. H. 1969. The ground-beetles (Carabidae, excl. Cicindelinae) of Canada and Alaska, parts 1-6. Opuscula E. Entomoligiska Sallskapet.","Kipling Will","Essig Museum of Entomology",,"No known compromise","N",,
"aa73f115-45c2-4e9f-b89d-a1ebeb1a3997","TREE_006.basePlot.bet","D05","TREE","TREE_006","2015-08-10","2015-08-24","2017-01-15","NEON.BET.D05.000854","CARSYL","Animalia","Arthropoda","Insecta","Coleoptera","Carabidae","Carabinae","Carabini","Carabus","Tanaocarabus","sylvosus",,"Carabus sylvosus","Say","species",,"F",,"Lindroth, C. H. 1969. The ground-beetles (Carabidae, excl. Cicindelinae) of Canada and Alaska, parts 1-6. Opuscula E. Entomoligiska Sallskapet.","Kipling Will","Essig Museum of Entomology",,"No known compromise","N",,
"239fd24e-ce53-407d-a07c-f97af4b3d86e","TREE_015.basePlot.bet","D05","TREE","TREE_015","2015-08-10","2015-08-24","2017-01-15","NEON.BET.D05.000845","CARNEM","Animalia","Arthropoda","Insecta","Coleoptera","Carabidae","Carabinae","Carabini","Carabus","Archicarabus","nemoralis","nemoralis","Carabus nemoralis nemoralis","Mueller","subspecies",,"F",,"Lindroth, C. H. 1969. The ground-beetles (Carabidae, excl. Cicindelinae) of Canada and Alaska, parts 1-6. Opuscula E. Entomoligiska Sallskapet.","Kipling Will","Essig Museum of Entomology",,"No known compromise","N",,
"94285b6d-844f-428a-91ea-65569ff6d891","TREE_015.basePlot.bet","D05","TREE","TREE_015","2015-08-10","2015-08-24","2017-01-15","NEON.BET.D05.000846","CARNEM","Animalia","Arthropoda","Insecta","Coleoptera","Carabidae","Carabinae","Carabini","Carabus","Archicarabus","nemoralis","nemoralis","Carabus nemoralis nemoralis","Mueller","subspecies",,"M",,"Lindroth, C. H. 1969. The ground-beetles (Carabidae, excl. Cicindelinae) of Canada and Alaska, parts 1-6. Opuscula E. Entomoligiska Sallskapet.","Kipling Will","Essig Museum of Entomology",,"No known compromise","N",,
"5f2bc18d-2d62-4d69-ad74-02cced374e5a","TREE_006.basePlot.bet","D05","TREE","TREE_006","2015-08-10","2015-08-24","2017-01-15","NEON.BET.D05.000844","CARNEM","Animalia","Arthropoda","Insecta","Coleoptera","Carabidae","Carabinae","Carabini","Carabus","Archicarabus","nemoralis","nemoralis","Carabus nemoralis nemoralis","Mueller","subspecies",,"M",,"Lindroth, C. H. 1969. The ground-beetles (Carabidae, excl. Cicindelinae) of Canada and Alaska, parts 1-6. Opuscula E. Entomoligiska Sallskapet.","Kipling Will","Essig Museum of Entomology",,"No known compromise","N",,
"1b23638e-04aa-422e-8dc8-e0cb52b04b67","TREE_014.basePlot.bet","D05","TREE","TREE_014","2015-08-10","2015-08-24","2017-01-15","NEON.BET.D05.000827","SYNIMP","Animalia","Arthropoda","Insecta","Coleoptera","Carabidae","Harpalinae","Sphodrini","Synuchus",,"impunctatus",,"Synuchus impunctatus","Say","species",,"F",,"Lindroth, C. H. 1969. The ground-beetles (Carabidae, excl. Cicindelinae) of Canada and Alaska, parts 1-6. Opuscula E. Entomoligiska Sallskapet.","Kipling Will","Essig Museum of Entomology",,"No known compromise","N",,
"4cf20a8a-7016-447f-9d49-77111db76fa5","TREE_006.basePlot.bet","D05","TREE","TREE_006","2015-08-10","2015-08-24","2017-01-15","NEON.BET.D05.000825","SYNIMP","Animalia","Arthropoda","Insecta","Coleoptera","Carabidae","Harpalinae","Sphodrini","Synuchus",,"impunctatus",,"Synuchus impunctatus","Say","species",,"F",,"Lindroth, C. H. 1969. The ground-beetles (Carabidae, excl. Cicindelinae) of Canada and Alaska, parts 1-6. Opuscula E. Entomoligiska Sallskapet.","Kipling Will","Essig Museum of Entomology",,"No known compromise","N",,
"a5860b4b-34df-4526-aaaa-b81085b2a557","TREE_006.basePlot.bet","D05","TREE","TREE_006","2015-08-10","2015-08-24","2017-01-15","NEON.BET.D05.000826","SYNIMP","Animalia","Arthropoda","Insecta","Coleoptera","Carabidae","Harpalinae","Sphodrini","Synuchus",,"impunctatus",,"Synuchus impunctatus","Say","species",,"M",,"Lindroth, C. H. 1969. The ground-beetles (Carabidae, excl. Cicindelinae) of Canada and Alaska, parts 1-6. Opuscula E. Entomoligiska Sallskapet.","Kipling Will","Essig Museum of Entomology",,"No known compromise","N",,
"e05edc89-c107-4864-9876-cd9496e95525","TREE_003.basePlot.bet","D05","TREE","TREE_003","2015-08-10","2015-08-24","2017-01-15","NEON.BET.D05.000843","CARNEM","Animalia","Arthropoda","Insecta","Coleoptera","Carabidae","Carabinae","Carabini","Carabus","Archicarabus","nemoralis","nemoralis","Carabus nemoralis nemoralis","Mueller","subspecies",,"M",,"Lindroth, C. H. 1969. The ground-beetles (Carabidae, excl. Cicindelinae) of Canada and Alaska, parts 1-6. Opuscula E. Entomoligiska Sallskapet.","Kipling Will","Essig Museum of Entomology",,"No known compromise","N",,
"fa80e373-dffb-4f82-a805-cd9ade02d0bb","TREE_003.basePlot.bet","D05","TREE","TREE_003","2015-08-10","2015-08-24","2017-01-15","NEON.BET.D05.000749","PTEMEL","Animalia","Arthropoda","Insecta","Coleoptera","Carabidae","Harpalinae","Pterostichini","Pterostichus","Morphnosoma","melanarius","melanarius","Pterostichus melanarius melanarius","Illiger","subspecies",,"F",,"Lindroth, C. H. 1969. The ground-beetles (Carabidae, excl. Cicindelinae) of Canada and Alaska, parts 1-6. Opuscula E. Entomoligiska Sallskapet.","Kipling Will","Essig Museum of Entomology",,"No known compromise","N",,
"ec62d035-56c9-438e-a7e9-562329daab74","TREE_006.basePlot.bet","D05","TREE","TREE_006","2015-08-10","2015-08-24","2017-01-15","NEON.BET.D05.000771","CYMCRI","Animalia","Arthropoda","Insecta","Coleoptera","Carabidae","Harpalinae","Lebiini","Cymindis","Tarulus","cribricollis",,"Cymindis cribricollis","Dejean","species",,"F",,"Lindroth, C. H. 1969. The ground-beetles (Carabidae, excl. Cicindelinae) of Canada and Alaska, parts 1-6. Opuscula E. Entomoligiska Sallskapet.","Kipling Will","Essig Museum of Entomology",,"No known compromise","N",,
"74f00bb7-aca0-44c9-85c3-ab6bd635a898","TREE_003.basePlot.bet","D05","TREE","TREE_003","2015-08-10","2015-08-24","2017-01-15","NEON.BET.D05.000750","PTEMEL","Animalia","Arthropoda","Insecta","Coleoptera","Carabidae","Harpalinae","Pterostichini","Pterostichus","Morphnosoma","melanarius","melanarius","Pterostichus melanarius melanarius","Illiger","subspecies",,"M",,"Lindroth, C. H. 1969. The ground-beetles (Carabidae, excl. Cicindelinae) of Canada and Alaska, parts 1-6. Opuscula E. Entomoligiska Sallskapet.","Kipling Will","Essig Museum of Entomology",,"No known compromise","N",,
"ea23737c-944f-4458-9209-907a8b7c4110","TREE_003.basePlot.bet","D05","TREE","TREE_003","2015-08-10","2015-08-24","2017-01-15","NEON.BET.D05.000748","PTEMEL","Animalia","Arthropoda","Insecta","Coleoptera","Carabidae","Harpalinae","Pterostichini","Pterostichus","Morphnosoma","melanarius","melanarius","Pterostichus melanarius melanarius","Illiger","subspecies",,"M",,"Lindroth, C. H. 1969. The ground-beetles (Carabidae, excl. Cicindelinae) of Canada and Alaska, parts 1-6. Opuscula E. Entomoligiska Sallskapet.","Kipling Will","Essig Museum of Entomology",,"No known compromise","N",,
"4bd4e612-815a-4642-99d2-399d134fdeee","TREE_001.basePlot.bet","D05","TREE","TREE_001","2015-08-10","2015-08-24","2017-01-15","NEON.BET.D05.000756","SPHSTE1","Animalia","Arthropoda","Insecta","Coleoptera","Carabidae","Carabinae","Cychrini","Sphaeroderus",,"stenostomus","lecontei","Sphaeroderus stenostomus lecontei","Dejean","subspecies",,"M",,"Lindroth, C. H. 1969. The ground-beetles (Carabidae, excl. Cicindelinae) of Canada and Alaska, parts 1-6. Opuscula E. Entomoligiska Sallskapet.","Kipling Will","Essig Museum of Entomology",,"No known compromise","N",,
"20d7acf9-c9cb-4ca0-a943-46c92b30424b","TREE_006.basePlot.bet","D05","TREE","TREE_006","2015-08-10","2015-08-24","2017-01-15","NEON.BET.D05.000714","PTECOR1","Animalia","Arthropoda","Insecta","Coleoptera","Carabidae","Harpalinae","Pterostichini","Pterostichus","Euferonia","coracinus",,"Pterostichus coracinus","Newman","species",,"M",,"Lindroth, C. H. 1969. The ground-beetles (Carabidae, excl. Cicindelinae) of Canada and Alaska, parts 1-6. Opuscula E. Entomoligiska Sallskapet.","Kipling Will","Essig Museum of Entomology",,"No known compromise","N",,
"4937631b-7654-47a1-9452-f6d2428ae7eb","TREE_015.basePlot.bet","D05","TREE","TREE_015","2015-08-10","2015-08-24","2017-01-15","NEON.BET.D05.000702","PTETRI3","Animalia","Arthropoda","Insecta","Coleoptera","Carabidae","Harpalinae","Pterostichini","Pterostichus","Hypherpes","tristis",,"Pterostichus tristis","Dejean","species",,"F",,"Lindroth, C. H. 1969. The ground-beetles (Carabidae, excl. Cicindelinae) of Canada and Alaska, parts 1-6. Opuscula E. Entomoligiska Sallskapet.","Kipling Will","Essig Museum of Entomology",,"No known compromise","N",,
"0c46d6c7-a009-49c3-bd7e-45241217141e","TREE_003.basePlot.bet","D05","TREE","TREE_003","2015-08-10","2015-08-24","2017-01-15","NEON.BET.D05.000713","PTECOR1","Animalia","Arthropoda","Insecta","Coleoptera","Carabidae","Harpalinae","Pterostichini","Pterostichus","Euferonia","coracinus",,"Pterostichus coracinus","Newman","species",,"M",,"Lindroth, C. H. 1969. The ground-beetles (Carabidae, excl. Cicindelinae) of Canada and Alaska, parts 1-6. Opuscula E. Entomoligiska Sallskapet.","Kipling Will","Essig Museum of Entomology",,"No known compromise","N",,
"e564510a-a7bf-4336-9b33-967a0136595b","TREE_001.basePlot.bet","D05","TREE","TREE_001","2015-08-10","2015-08-24","2017-01-15","NEON.BET.D05.000728","PTEPEN","Animalia","Arthropoda","Insecta","Coleoptera","Carabidae","Harpalinae","Pterostichini","Pterostichus","Bothriopterus","pensylvanicus",,"Pterostichus pensylvanicus","LeConte","species",,"F",,"Lindroth, C. H. 1969. The ground-beetles (Carabidae, excl. Cicindelinae) of Canada and Alaska, parts 1-6. Opuscula E. Entomoligiska Sallskapet.","Kipling Will","Essig Museum of Entomology",,"No known compromise","N",,
