uid,namedLocation,domainID,siteID,plotID,setDate,collectDate,processingDate,subsampleIDList,archiveVialID,scientificName,recordedBy,remarks
"4279e9d6-9173-4174-bdbf-e003e5cc4dba","TREE_001.basePlot.bet","D05","TREE","TREE_001","2015-07-27","2015-08-10","2015-09-24","M+28j8GMA5kPXDLNTye0hpmo219jFjymfbIgNU+BOBV4KTUp6vydnVTZLChtHcjWvy1jIUUpJhrHttAhq4UB6KMBZeYfXNvHZQjbC+qKpiHda86SzC5g5dQzidTndM4UJtMTsB3SRCo=","M+28j8GMA5mqgx1h/66pD2Dx9ctruTOx",,,
"891a0bed-1c19-4d9f-b312-de24d687fb24","TREE_004.basePlot.bet","D05","TREE","TREE_004","2015-07-27","2015-08-10","2015-09-26","O9CsZllnq8/RTB7G9iCd0qa6ZoBiTD4ZP9TA+1s42if0aVLCxGvuwkUdeiGS2gspI3hhz8Zv34OVZMx0ufeZs4fZLZyYmfvTuSF6uMiFVMhz40eCK3FSYakdpdbKFrgXT/yy+qqeyO0=","O9CsZllnq88XwB8SqzyCBQCreb1aLzdF",,,
"a2f5caaf-9a18-4e04-933f-3ec3cd45508c","TREE_002.basePlot.bet","D05","TREE","TREE_002","2015-07-27","2015-08-10","2015-09-18","bplZQSmPUSpD3CQVhZZHMMMUqOt8renBcXMKG2JrxmpBjPH2oekSnkHNwCu/16cbzBAIY3bIFvKn9Dn0EUYcAB+l7dRkyGrdWcInQ/MUNks=","bplZQSmPUSqDb0IRYNyjWXb1rV7Kat6b",,,
"f1128796-4ffd-4756-9392-15eb8dd23687","TREE_014.basePlot.bet","D05","TREE","TREE_014","2015-07-27","2015-08-10","2015-09-18","g2mJ5zU0mwrYqf6qQocD2y2f3bIMRxlx5JYRcnIWBS07L4kWR+1pWXTTXHv/TOr2SAjgvGWeHMdV50RiF2pAYuu0NCtDQy3OGBA/1DI3CR0gTk2G9xSjMsW4rPGnclPmA6ode5IrJGg=","g2mJ5zU0mwruzr3Kb6gtYs2tEPxAVCk8",,,
"296495f3-64f5-4fa1-ad64-1fb31cde2ee1","TREE_003.basePlot.bet","D05","TREE","TREE_003","2015-07-27","2015-08-10","2015-09-18","xhFTIPW83ikA4aq41xHFvYlfERfRINECKbl0yJqpZEt3SBO4AVZv0UZkUXeMFpcghf3lDqlSAWaUwaWJasBinVOixPTLO/fGXTdqBNNpIkk=","xhFTIPW83incKYEQ2E5W7l05mtO/3dhw",,,
"4c5975a9-0568-4a29-a513-99fdd3320440","TREE_015.basePlot.bet","D05","TREE","TREE_015","2015-07-27","2015-08-10","2015-09-26","nEBhHqVTR17oTFts/ZW1EWpFBhcU1CwROVHCZLz/qOv5NSiyju0L+npefRygw/a63ly6DPYLN5MnOQ9r5EreiNG5rqlB7c6YOslQa1CRYauQzbqLgtugnCZTf782PrOYl3bsQQV15IU=","nEBhHqVTR14PQh4ZcirUoYNopVGf00Vy",,,
"2dc78a79-1c78-43ca-8ebe-4611cdffcb28","TREE_005.basePlot.bet","D05","TREE","TREE_005","2015-07-27","2015-08-10","2015-09-18","99X2ROXG5oP4dVj94xPvIvFsRtGmSK1oA9cNzF6lI5X9kDkErtsw9G1kwBIO3iusedV30q2j0YkXTCgBPqPx1oxZP16yFJkNtl3vnbBTHeI=","99X2ROXG5oPEDn6R75lnpVT1DEvX/vKP",,,
"2eae5730-4d37-4f0c-91f4-b8d7f25d4c89","TREE_006.basePlot.bet","D05","TREE","TREE_006","2015-07-27","2015-08-10","2015-09-18","4fQ7nDpzzlHz2krNct3f7z12W7BUSOV4rMHFgI0BAvP4WvQ3kize25sm7vRECYt8vx9yJsd4H5A8+O7pO6cBqOPUT/4YzAIv+u3W+BU/69fbEl8WLENlQ86K9+7r7s8M9ae2uozEl4Y=","4fQ7nDpzzlHUlHW0dxHB60B3AGbXEGPz",,,
"9fac4eb3-720a-4014-b73d-fd97806680c3","TREE_007.basePlot.bet","D05","TREE","TREE_007","2015-07-27","2015-08-10","2015-09-26","zNjpTCy9RjhdOjokYlDqDXj4AJs2Rh8Un1ykNxGv19g2kBMdcjSeLnMcLN+cLCIWvdxpnDcZgGXpEQrw2whq3u6LCvDwtE3Y8UjfStq3AfKNPQKG7y1OKSBdzprLQTBGuwt07F5jFP8=","zNjpTCy9RjhZsDJRIAF2rqkJwdddcfVI",,,
"5b7f6f30-c3ba-4f02-9464-ceff14b46024","TREE_002.basePlot.bet","D05","TREE","TREE_002","2015-08-10","2015-08-24","2015-10-26","bplZQSmPUSpD3CQVhZZHMM2uuG+WGEjZ9fk9B/xi1iZTctSrW+ehQxnY/xwxbYmdLX+ledU7Bw13DZW77/ZVv/pIPbQExWMCUOHzuzvYv1CvamDbTDR2O1upC4Afn9tGH4bkLNmVQmk=","bplZQSmPUSpgFTuZ9fwslMvLojHDLcsq",,,
"cc60efbc-0169-4d79-b0b8-12a9e8718f06","TREE_001.basePlot.bet","D05","TREE","TREE_001","2015-08-10","2015-08-24","2015-10-26","M+28j8GMA5kPXDLNTye0hsdalZtfgZA/it0hDUd53KXOTdnBwmktcsjdWPYWSR26hbd5zsCjMO3Smsq4tT9BJk2AHAY38nrCNZzlPgFYnkc4o3tErCbGbAaE7UzZsiY4FgnI1G93qks=","M+28j8GMA5ntrmgEs2NvCFatT49h9P7t",,,
"3f74312b-40b1-46e5-8789-5372ecc2add1","TREE_003.basePlot.bet","D05","TREE","TREE_003","2015-08-10","2015-08-24","2015-10-28","xhFTIPW83ilO1Zedd08sQeR954ss1a80aNL60iDQzA7woFTT7sdWnSWZ7LIgQGldsyGdCCndm/AboCjec25bweQTyBNEfxmYKsvysW9/CzAhC1vCtRs7dSwWny+NHo3zsvKlCkYwWi4=","xhFTIPW83inixlWiivde2bwjNCfR0Uzs",,,
"2ce850ed-047a-4e5b-a047-0f344b70bfb7","TREE_004.basePlot.bet","D05","TREE","TREE_004","2015-08-10","2015-08-24","2015-10-26","O9CsZllnq8/RTB7G9iCd0gcfgMD3g7wpxGR63aIto7XtTqjtkWDgyAePe198see4/BUrYaBE+T8nnNAcQ4ekCmicWShmS6XwEssUHvLfE11FRSVi/4lnXU0qz51CEaPTWpi9D9TBZX0=","O9CsZllnq88MUlSxjfjUXvOLXb2STABF",,,
"332d241f-2ba9-490c-ad1c-a3ec58a5172c","TREE_006.basePlot.bet","D05","TREE","TREE_006","2015-08-10","2015-08-24","2015-10-26","4fQ7nDpzzlF0DpZp6TlOEp4O7/YSm+IRNnyUuRBgprsqYvNoeInFCrnxSzBV393vCk4szjdJgY21GOS5/1aN/yB2VvZasl2o4aKKtzcja8CTtuzRK5BosX5JhUx9OCNe1f+QGvPD+LU=","4fQ7nDpzzlF3r0e7wIZzGt1tEcd9KcPR",,,
"eb884508-cb18-4e72-b424-8ca2d969b166","TREE_008.basePlot.bet","D05","TREE","TREE_008","2015-08-10","2015-08-24","2015-10-28","qq7R3GoWJrt8yXhvLnLoi8V5cfqK0pqCvPkeKYvZFTK92feapg/QqYyciJ0FyWR+ICfm4ywmC7nSClRF+PvesBn6zNqQiuNhpV4NOAm2AIu8nPSxHo2R/Hjl7dVCOa6WEyHZJ5e0c2w=","qq7R3GoWJrtBH0v84yuGFpjLB4qG98D3",,,
"5947d7c2-6c98-405e-adae-3d0993cb419d","TREE_005.basePlot.bet","D05","TREE","TREE_005","2015-08-10","2015-08-24","2015-10-28","99X2ROXG5oP4dVj94xPvIrCQzWodCGBIWMV0AMCp8QgHPQdSnBn1u3tvEjRS+ht0IkiO3FiTeSMSrjq/1xsXiqTaBWNyqiCrin0+Hqr6ifkyZP9/sMX9B1eG8xDdcaDu/Qb7sEMxDgk=","99X2ROXG5oPRPNJfopjiwE7tWYni/CmN",,,
"e152e98b-382b-4ddc-a3d4-551bd1aec5dd","TREE_015.basePlot.bet","D05","TREE","TREE_015","2015-08-10","2015-08-24","2015-10-28","nEBhHqVTR1422gxPXCwbt3jGuLKT4zjtDzWLiXE7vAW3Z46qoi+CmrzuAu2h/GE88mwGlcDliFq+a4gqtAYp/bjOXSh9j3rgv5PNbTf3Ib/5prfMKnN40pN7Cm2Kaf9m2wM4rpdv9Ik=","nEBhHqVTR16nwrcJbRfKYcuexBpmGYgR",,,
"f8d2d39f-eb9d-416a-9864-c6c388320d5b","TREE_007.basePlot.bet","D05","TREE","TREE_007","2015-08-10","2015-08-24","2015-10-28","zNjpTCy9RjjyhI6aAeDanXiMuKEzWfEOy22/poVjKGzbb5ial3T8nOsfKLVXaqmiE32JVdlTsE7I84m+Gf6MqFX/JYC6QdGNI0VT+OXPT5bRPg9gYTUkXOYSnfl0hdJ6b6SndfhYWuY=","zNjpTCy9RjguuNM0qA84PBPj/+q/1yLe",,,
"cfd0887d-5e13-4134-9faf-508b229be7fa","TREE_014.basePlot.bet","D05","TREE","TREE_014","2015-08-10","2015-08-24","2015-10-26","g2mJ5zU0mwrYqf6qQocD29ZpAmgwCsRZyPskTqZFxMQ6Zi3BO7IfhSLJNP2etMUjx/bgwRG7U3WIfJkBhvzxGaTZNZSo7sDcdtgiZqkwsmy9wYB7Z8MvsS7ND/Q6Mavo0KDBFKJZ9Hg=","g2mJ5zU0mwoAUjvEbmXqxXtc/FP3bXcU",,,
