uid,namedLocation,domainID,siteID,plotID,trapID,plotType,nlcdClass,decimalLatitude,decimalLongitude,geodeticDatum,coordinateUncertainty,elevation,elevationUncertainty,setDate,collectDate,eventID,daysOfTrapping,sampleCollected,sampleID,cupStatus,lidStatus,fluidLevel,samplingProtocolVersion,recordedBy,remarks
"18053728-a1f6-4cac-bd40-33a4d858460e","OAES_005.basePlot.bet","D11","OAES","OAES_005","S","distributed","grasslandHerbaceous",35.404299,-99.080041,"WGS84",20.1,511.9,0.1,"2015-06-23","2015-07-07","OAES.2015.28",14,"Y","OAES_005.S.20150707","Ok","Ok","Ok","NEON.DOC.014050vG","cJ8Mt89MTxlqOnAc6pDp/DoDhz6eIepx",
"c892ea02-22da-49c0-8e4c-70d75601d75f","OAES_008.basePlot.bet","D11","OAES","OAES_008","S","distributed","grasslandHerbaceous",35.395379,-99.063188,"WGS84",20.1,493.6,0.1,"2015-06-23","2015-07-07","OAES.2015.28",14,"Y","OAES_008.S.20150707","Ok","Ok","Ok","NEON.DOC.014050vG","zqzI6VPGJkqKrnUdkEIpiHhaRLZfA7fK",
"173f8c30-2879-4904-a4dd-c9eddb20b1bd","OAES_007.basePlot.bet","D11","OAES","OAES_007","S","distributed","shrubScrub",35.419991,-99.057264,"WGS84",20.2,519.4,0.5,"2015-06-23","2015-07-07","OAES.2015.28",14,"Y","OAES_007.S.20150707","Ok","Ok","Ok","NEON.DOC.014050vG","zqzI6VPGJkqKrnUdkEIpiHhaRLZfA7fK",
"c7f24cbd-e739-4986-a97e-aca84b45610d","OAES_006.basePlot.bet","D11","OAES","OAES_006","S","distributed","grasslandHerbaceous",35.420259,-99.048669,"WGS84",20.1,516.4,0.2,"2015-06-23","2015-07-07","OAES.2015.28",14,"Y","OAES_006.S.20150707","Ok","Ok","Ok","NEON.DOC.014050vG","zqzI6VPGJkqKrnUdkEIpiHhaRLZfA7fK",
"75429390-dc30-451b-a3cb-b4fe98419cb8","OAES_021.basePlot.bet","D11","OAES","OAES_021","S","distributed","shrubScrub",35.411869,-99.074095,"WGS84",20.1,503.7,0.1,"2015-06-23","2015-07-07","OAES.2015.28",14,"Y","OAES_021.S.20150707","Ok","Ok","Ok","NEON.DOC.014050vG","cJ8Mt89MTxlqOnAc6pDp/DoDhz6eIepx",
"6d23f837-19b7-469f-bc26-1dbb16e70f77","OAES_009.basePlot.bet","D11","OAES","OAES_009","S","distributed","shrubScrub",35.420795,-99.050317,"WGS84",20.1,515.5,0.1,"2015-06-23","2015-07-07","OAES.2015.28",14,"Y","OAES_009.S.20150707","Ok","Ok","Low","NEON.DOC.014050vG","zqzI6VPGJkqKrnUdkEIpiHhaRLZfA7fK",
"7a2256fc-431d-41dc-bbee-02920539ed58","OAES_001.basePlot.bet","D11","OAES","OAES_001","S","distributed","grasslandHerbaceous",35.412699,-99.058259,"WGS84",20.1,515.1,0.1,"2015-06-23","2015-07-07","OAES.2015.28",14,"Y","OAES_001.S.20150707","Ok","Ok","High","NEON.DOC.014050vG","zqzI6VPGJkqKrnUdkEIpiHhaRLZfA7fK",
"f6699f62-fd16-4ef8-b11e-e25f8d7693e5","OAES_002.basePlot.bet","D11","OAES","OAES_002","S","distributed","grasslandHerbaceous",35.419716,-99.052304,"WGS84",20.1,521.6,0.1,"2015-06-23","2015-07-07","OAES.2015.28",14,"Y","OAES_002.S.20150707","Ok","Ok","Ok","NEON.DOC.014050vG","zqzI6VPGJkqKrnUdkEIpiHhaRLZfA7fK",
"6e03b863-c442-41b0-b6a5-9670a4ce323c","OAES_004.basePlot.bet","D11","OAES","OAES_004","S","distributed","grasslandHerbaceous",35.412130,-99.085338,"WGS84",20.1,507.5,0.1,"2015-06-23","2015-07-07","OAES.2015.28",14,"Y","OAES_004.S.20150707","Ok","Ok","Ok","NEON.DOC.014050vG","cJ8Mt89MTxlqOnAc6pDp/DoDhz6eIepx",
"ae62e47a-67d0-4064-851a-8d3aabd75eab","OAES_003.basePlot.bet","D11","OAES","OAES_003","S","distributed","grasslandHerbaceous",35.412139,-99.069792,"WGS84",20.1,510.5,0.1,"2015-06-23","2015-07-07","OAES.2015.28",14,"Y","OAES_003.S.20150707","Ok","Ok","Ok","NEON.DOC.014050vG","cJ8Mt89MTxlqOnAc6pDp/DoDhz6eIepx",
"390583a5-02e9-49a4-8fe4-9a35f367f45e","OAES_002.basePlot.bet","D11","OAES","OAES_002","W","distributed","grasslandHerbaceous",35.419716,-99.052304,"WGS84",20.1,521.6,0.1,"2015-06-23","2015-07-07","OAES.2015.28",14,"Y","OAES_002.W.20150707","Ok","Ok","Ok","NEON.DOC.014050vG","zqzI6VPGJkqKrnUdkEIpiHhaRLZfA7fK",
"c63e2f9e-e886-47e4-a14f-61afd05a6eac","OAES_003.basePlot.bet","D11","OAES","OAES_003","W","distributed","grasslandHerbaceous",35.412139,-99.069792,"WGS84",20.1,510.5,0.1,"2015-06-23","2015-07-07","OAES.2015.28",14,"Y","OAES_003.W.20150707","Ok","Ok","Ok","NEON.DOC.014050vG","cJ8Mt89MTxlqOnAc6pDp/DoDhz6eIepx",
"ed402b81-72ec-4f21-86ce-1d0b034511c7","OAES_005.basePlot.bet","D11","OAES","OAES_005","W","distributed","grasslandHerbaceous",35.404299,-99.080041,"WGS84",20.1,511.9,0.1,"2015-06-23","2015-07-07","OAES.2015.28",14,"Y","OAES_005.W.20150707","Ok","Ok","Ok","NEON.DOC.014050vG","cJ8Mt89MTxlqOnAc6pDp/DoDhz6eIepx",
"6d17ca29-d41d-4085-a0c8-c4d78ca7c648","OAES_004.basePlot.bet","D11","OAES","OAES_004","W","distributed","grasslandHerbaceous",35.412130,-99.085338,"WGS84",20.1,507.5,0.1,"2015-06-23","2015-07-07","OAES.2015.28",14,"Y","OAES_004.W.20150707","Ok","Ok","Ok","NEON.DOC.014050vG","cJ8Mt89MTxlqOnAc6pDp/DoDhz6eIepx",
"8406df52-0430-40d2-9441-259445445110","OAES_008.basePlot.bet","D11","OAES","OAES_008","W","distributed","grasslandHerbaceous",35.395379,-99.063188,"WGS84",20.1,493.6,0.1,"2015-06-23","2015-07-07","OAES.2015.28",14,"Y","OAES_008.W.20150707","Ok","Ok","Low","NEON.DOC.014050vG","zqzI6VPGJkqKrnUdkEIpiHhaRLZfA7fK",
"255f5e82-ee6d-42c0-ba6f-aac681ebb8cd","OAES_006.basePlot.bet","D11","OAES","OAES_006","W","distributed","grasslandHerbaceous",35.420259,-99.048669,"WGS84",20.1,516.4,0.2,"2015-06-23","2015-07-07","OAES.2015.28",14,"Y","OAES_006.W.20150707","Ok","Ok","Low","NEON.DOC.014050vG","zqzI6VPGJkqKrnUdkEIpiHhaRLZfA7fK",
"17dccff6-73ed-4faa-81ee-1c83a3c7dc7c","OAES_007.basePlot.bet","D11","OAES","OAES_007","W","distributed","shrubScrub",35.419991,-99.057264,"WGS84",20.2,519.4,0.5,"2015-06-23","2015-07-07","OAES.2015.28",14,"Y","OAES_007.W.20150707","Ok","Ok","Ok","NEON.DOC.014050vG","zqzI6VPGJkqKrnUdkEIpiHhaRLZfA7fK",
"829b18ba-0fc3-4a46-8a15-675318fbf447","OAES_021.basePlot.bet","D11","OAES","OAES_021","W","distributed","shrubScrub",35.411869,-99.074095,"WGS84",20.1,503.7,0.1,"2015-06-23","2015-07-07","OAES.2015.28",14,"Y","OAES_021.W.20150707","Ok","Ok","Ok","NEON.DOC.014050vG","cJ8Mt89MTxlqOnAc6pDp/DoDhz6eIepx",
"3b030153-6f8e-472a-bbce-b51957107662","OAES_009.basePlot.bet","D11","OAES","OAES_009","W","distributed","shrubScrub",35.420795,-99.050317,"WGS84",20.1,515.5,0.1,"2015-06-23","2015-07-07","OAES.2015.28",14,"Y","OAES_009.W.20150707","Ok","Ok","Ok","NEON.DOC.014050vG","zqzI6VPGJkqKrnUdkEIpiHhaRLZfA7fK",
"e862a374-ccac-49a2-a6b5-d892d8b5635c","OAES_001.basePlot.bet","D11","OAES","OAES_001","W","distributed","grasslandHerbaceous",35.412699,-99.058259,"WGS84",20.1,515.1,0.1,"2015-06-23","2015-07-07","OAES.2015.28",14,"Y","OAES_001.W.20150707","Ok","Ok","Ok","NEON.DOC.014050vG","zqzI6VPGJkqKrnUdkEIpiHhaRLZfA7fK",
"230c28a7-1408-4d50-9375-6d748b3b79bf","OAES_002.basePlot.bet","D11","OAES","OAES_002","E","distributed","grasslandHerbaceous",35.419716,-99.052304,"WGS84",20.1,521.6,0.1,"2015-06-23","2015-07-07","OAES.2015.28",14,"Y","OAES_002.E.20150707","Ok","Ok","Ok","NEON.DOC.014050vG","zqzI6VPGJkqKrnUdkEIpiHhaRLZfA7fK",
"9d3b3c48-163c-42f2-8cef-6fd152ec01ff","OAES_003.basePlot.bet","D11","OAES","OAES_003","E","distributed","grasslandHerbaceous",35.412139,-99.069792,"WGS84",20.1,510.5,0.1,"2015-06-23","2015-07-07","OAES.2015.28",14,"Y","OAES_003.E.20150707","Ok","Ok","Ok","NEON.DOC.014050vG","cJ8Mt89MTxlqOnAc6pDp/DoDhz6eIepx",
"6da40a81-5455-4085-94ce-072911269698","OAES_005.basePlot.bet","D11","OAES","OAES_005","E","distributed","grasslandHerbaceous",35.404299,-99.080041,"WGS84",20.1,511.9,0.1,"2015-06-23","2015-07-07","OAES.2015.28",14,"Y","OAES_005.E.20150707","Ok","Ok","Ok","NEON.DOC.014050vG","cJ8Mt89MTxlqOnAc6pDp/DoDhz6eIepx",
"e61f2fe1-9ea4-4abe-935e-b45748c4c595","OAES_004.basePlot.bet","D11","OAES","OAES_004","E","distributed","grasslandHerbaceous",35.412130,-99.085338,"WGS84",20.1,507.5,0.1,"2015-06-23","2015-07-07","OAES.2015.28",14,"Y","OAES_004.E.20150707","Ok","Ok","Ok","NEON.DOC.014050vG","cJ8Mt89MTxlqOnAc6pDp/DoDhz6eIepx",
"ab4c8262-91b2-46c0-a557-2ac1f1953ab9","OAES_008.basePlot.bet","D11","OAES","OAES_008","E","distributed","grasslandHerbaceous",35.395379,-99.063188,"WGS84",20.1,493.6,0.1,"2015-06-23","2015-07-07","OAES.2015.28",14,"Y","OAES_008.E.20150707","Ok","Ok","Ok","NEON.DOC.014050vG","zqzI6VPGJkqKrnUdkEIpiHhaRLZfA7fK",
"4ee1812b-7785-4d2e-afbb-4e857de0d4db","OAES_007.basePlot.bet","D11","OAES","OAES_007","E","distributed","shrubScrub",35.419991,-99.057264,"WGS84",20.2,519.4,0.5,"2015-06-23","2015-07-07","OAES.2015.28",14,"Y","OAES_007.E.20150707","Ok","Ok","Low","NEON.DOC.014050vG","zqzI6VPGJkqKrnUdkEIpiHhaRLZfA7fK",
"b754b03a-fc33-4485-a338-a054436e4b30","OAES_006.basePlot.bet","D11","OAES","OAES_006","E","distributed","grasslandHerbaceous",35.420259,-99.048669,"WGS84",20.1,516.4,0.2,"2015-06-23","2015-07-07","OAES.2015.28",14,"Y","OAES_006.E.20150707","Ok","Ok","Low","NEON.DOC.014050vG","zqzI6VPGJkqKrnUdkEIpiHhaRLZfA7fK",
"59fd15e2-b315-4433-a6e1-09d9bfebdbed","OAES_009.basePlot.bet","D11","OAES","OAES_009","E","distributed","shrubScrub",35.420795,-99.050317,"WGS84",20.1,515.5,0.1,"2015-06-23","2015-07-07","OAES.2015.28",14,"Y","OAES_009.E.20150707","Ok","Ok","Ok","NEON.DOC.014050vG","zqzI6VPGJkqKrnUdkEIpiHhaRLZfA7fK",
"a695c1a2-e4f7-444c-8cef-ae474a6c8cf8","OAES_001.basePlot.bet","D11","OAES","OAES_001","E","distributed","grasslandHerbaceous",35.412699,-99.058259,"WGS84",20.1,515.1,0.1,"2015-06-23","2015-07-07","OAES.2015.28",14,"Y","OAES_001.E.20150707","Ok","Ok","Low","NEON.DOC.014050vG","zqzI6VPGJkqKrnUdkEIpiHhaRLZfA7fK",
"9886a76c-8c61-4184-a517-bb175ad187d8","OAES_021.basePlot.bet","D11","OAES","OAES_021","E","distributed","shrubScrub",35.411869,-99.074095,"WGS84",20.1,503.7,0.1,"2015-06-23","2015-07-07","OAES.2015.28",14,"Y","OAES_021.E.20150707","Ok","Ok","Ok","NEON.DOC.014050vG","cJ8Mt89MTxlqOnAc6pDp/DoDhz6eIepx",
"052176a7-701c-4db3-a31f-c764fcc92998","OAES_007.basePlot.bet","D11","OAES","OAES_007","N","distributed","shrubScrub",35.419991,-99.057264,"WGS84",20.2,519.4,0.5,"2015-06-23","2015-07-07","OAES.2015.28",14,"Y","OAES_007.N.20150707","Ok","Ok","Low","NEON.DOC.014050vG","zqzI6VPGJkqKrnUdkEIpiHhaRLZfA7fK",
"7ec65b70-c26f-4d67-bf76-b6eefbf7c6ee","OAES_004.basePlot.bet","D11","OAES","OAES_004","N","distributed","grasslandHerbaceous",35.412130,-99.085338,"WGS84",20.1,507.5,0.1,"2015-06-23","2015-07-07","OAES.2015.28",14,"Y","OAES_004.N.20150707","Ok","Ok","Ok","NEON.DOC.014050vG","cJ8Mt89MTxlqOnAc6pDp/DoDhz6eIepx",
"27118d08-19c4-4dfd-bea5-de9833ce2c81","OAES_021.basePlot.bet","D11","OAES","OAES_021","N","distributed","shrubScrub",35.411869,-99.074095,"WGS84",20.1,503.7,0.1,"2015-06-23","2015-07-07","OAES.2015.28",14,"Y","OAES_021.N.20150707","Ok","Ok","Ok","NEON.DOC.014050vG","cJ8Mt89MTxlqOnAc6pDp/DoDhz6eIepx",
"a6d4536e-d221-494f-b990-16f3cdf6a3ca","OAES_001.basePlot.bet","D11","OAES","OAES_001","N","distributed","grasslandHerbaceous",35.412699,-99.058259,"WGS84",20.1,515.1,0.1,"2015-06-23","2015-07-07","OAES.2015.28",14,"Y","OAES_001.N.20150707","Ok","Ok","Ok","NEON.DOC.014050vG","zqzI6VPGJkqKrnUdkEIpiHhaRLZfA7fK",
"05a1f6d4-f309-4d55-901f-04d42763d812","OAES_008.basePlot.bet","D11","OAES","OAES_008","N","distributed","grasslandHerbaceous",35.395379,-99.063188,"WGS84",20.1,493.6,0.1,"2015-06-23","2015-07-07","OAES.2015.28",14,"Y","OAES_008.N.20150707","Ok","Ok","Ok","NEON.DOC.014050vG","zqzI6VPGJkqKrnUdkEIpiHhaRLZfA7fK",
"c8db1681-6ea9-4fad-985e-45fc36f42e79","OAES_006.basePlot.bet","D11","OAES","OAES_006","N","distributed","grasslandHerbaceous",35.420259,-99.048669,"WGS84",20.1,516.4,0.2,"2015-06-23","2015-07-07","OAES.2015.28",14,"Y","OAES_006.N.20150707","Ok","Ok","Ok","NEON.DOC.014050vG","zqzI6VPGJkqKrnUdkEIpiHhaRLZfA7fK",
"2091b1ad-cb5e-4a44-ae39-ad1e0a18034f","OAES_009.basePlot.bet","D11","OAES","OAES_009","N","distributed","shrubScrub",35.420795,-99.050317,"WGS84",20.1,515.5,0.1,"2015-06-23","2015-07-07","OAES.2015.28",14,"Y","OAES_009.N.20150707","Ok","Ok","Ok","NEON.DOC.014050vG","zqzI6VPGJkqKrnUdkEIpiHhaRLZfA7fK",
"1622dadf-9568-478f-93db-37f7f144b7d4","OAES_002.basePlot.bet","D11","OAES","OAES_002","N","distributed","grasslandHerbaceous",35.419716,-99.052304,"WGS84",20.1,521.6,0.1,"2015-06-23","2015-07-07","OAES.2015.28",14,"Y","OAES_002.N.20150707","Ok","Ok","Low","NEON.DOC.014050vG","zqzI6VPGJkqKrnUdkEIpiHhaRLZfA7fK",
"d0f87d04-4b36-432d-bb6e-0eb39231afff","OAES_005.basePlot.bet","D11","OAES","OAES_005","N","distributed","grasslandHerbaceous",35.404299,-99.080041,"WGS84",20.1,511.9,0.1,"2015-06-23","2015-07-07","OAES.2015.28",14,"Y","OAES_005.N.20150707","Ok","Ok","Ok","NEON.DOC.014050vG","cJ8Mt89MTxlqOnAc6pDp/DoDhz6eIepx",
"03a425d8-75e3-48e8-aa2d-f9cf084217a3","OAES_003.basePlot.bet","D11","OAES","OAES_003","N","distributed","grasslandHerbaceous",35.412139,-99.069792,"WGS84",20.1,510.5,0.1,"2015-06-23","2015-07-07","OAES.2015.28",14,"Y","OAES_003.N.20150707","Ok","Ok","Ok","NEON.DOC.014050vG","cJ8Mt89MTxlqOnAc6pDp/DoDhz6eIepx",
"3a098fb9-53b6-44a6-9f54-a67b0e81736f","OAES_006.basePlot.bet","D11","OAES","OAES_006","N","distributed","grasslandHerbaceous",35.420259,-99.048669,"WGS84",20.1,516.4,0.2,"2015-07-07","2015-07-21","OAES.2015.30",14,"Y","OAES_006.N.20150721","Ok","Ok","Ok","NEON.DOC.014050vG","n/e5H9DzKQmiwvmUmG2RGqatOQzXK2Fo1rbM7EummvE=",
"6bcf6580-f869-4e06-a15f-eeeef92e7e15","OAES_005.basePlot.bet","D11","OAES","OAES_005","W","distributed","grasslandHerbaceous",35.404299,-99.080041,"WGS84",20.1,511.9,0.1,"2015-07-07","2015-07-21","OAES.2015.30",14,"Y","OAES_005.W.20150721","Ok","Ok","Ok","NEON.DOC.014050vG","zqzI6VPGJkqKrnUdkEIpiHhaRLZfA7fK",
"d720bbb4-9a28-42e8-8041-9478b4d886f2","OAES_003.basePlot.bet","D11","OAES","OAES_003","W","distributed","grasslandHerbaceous",35.412139,-99.069792,"WGS84",20.1,510.5,0.1,"2015-07-07","2015-07-21","OAES.2015.30",14,"Y","OAES_003.W.20150721","Ok","Ok","Low","NEON.DOC.014050vG","zqzI6VPGJkqKrnUdkEIpiHhaRLZfA7fK",
"2f53a540-614a-487b-bf43-95a0bb17b9d1","OAES_004.basePlot.bet","D11","OAES","OAES_004","W","distributed","grasslandHerbaceous",35.412130,-99.085338,"WGS84",20.1,507.5,0.1,"2015-07-07","2015-07-21","OAES.2015.30",14,"Y","OAES_004.W.20150721","Ok","Ok","Ok","NEON.DOC.014050vG","zqzI6VPGJkqKrnUdkEIpiHhaRLZfA7fK","Vert bycatch"
"689f74b5-0a04-4f95-ac1c-3cd86578fc86","OAES_009.basePlot.bet","D11","OAES","OAES_009","E","distributed","shrubScrub",35.420795,-99.050317,"WGS84",20.1,515.5,0.1,"2015-07-07","2015-07-21","OAES.2015.30",14,"Y","OAES_009.E.20150721","Ok","Ok","Low","NEON.DOC.014050vG","n/e5H9DzKQmiwvmUmG2RGqatOQzXK2Fo1rbM7EummvE=",
"6a1531cd-f3fa-4340-a67c-e3e1de0cb18e","OAES_006.basePlot.bet","D11","OAES","OAES_006","E","distributed","grasslandHerbaceous",35.420259,-99.048669,"WGS84",20.1,516.4,0.2,"2015-07-07","2015-07-21","OAES.2015.30",14,"Y","OAES_006.E.20150721","Ok","Ok","Low","NEON.DOC.014050vG","n/e5H9DzKQmiwvmUmG2RGqatOQzXK2Fo1rbM7EummvE=",
"57672e38-5d8c-4ec8-b5fd-346b6b292215","OAES_007.basePlot.bet","D11","OAES","OAES_007","E","distributed","shrubScrub",35.419991,-99.057264,"WGS84",20.2,519.4,0.5,"2015-07-07","2015-07-21","OAES.2015.30",14,"Y","OAES_007.E.20150721","Ok","Ok","Ok","NEON.DOC.014050vG","n/e5H9DzKQmiwvmUmG2RGqatOQzXK2Fo1rbM7EummvE=",
"fba2fc73-3bba-4128-a982-c5ee9b049531","OAES_001.basePlot.bet","D11","OAES","OAES_001","E","distributed","grasslandHerbaceous",35.412699,-99.058259,"WGS84",20.1,515.1,0.1,"2015-07-07","2015-07-21","OAES.2015.30",14,"Y","OAES_001.E.20150721","Ok","Ok","Ok","NEON.DOC.014050vG","n/e5H9DzKQmiwvmUmG2RGqatOQzXK2Fo1rbM7EummvE=",
"8ca9ba89-c950-4a16-8386-919c740b5e8f","OAES_021.basePlot.bet","D11","OAES","OAES_021","E","distributed","shrubScrub",35.411869,-99.074095,"WGS84",20.1,503.7,0.1,"2015-07-07","2015-07-21","OAES.2015.30",14,"Y","OAES_021.E.20150721","Ok","Ok","Ok","NEON.DOC.014050vG","zqzI6VPGJkqKrnUdkEIpiHhaRLZfA7fK",
"3296be46-f03f-4b4e-8745-6caeb597ea95","OAES_003.basePlot.bet","D11","OAES","OAES_003","E","distributed","grasslandHerbaceous",35.412139,-99.069792,"WGS84",20.1,510.5,0.1,"2015-07-07","2015-07-21","OAES.2015.30",14,"Y","OAES_003.E.20150721","Ok","Ok","Ok","NEON.DOC.014050vG","zqzI6VPGJkqKrnUdkEIpiHhaRLZfA7fK",
"cc979a33-6872-4d26-a1d2-33bec34f5a2b","OAES_005.basePlot.bet","D11","OAES","OAES_005","E","distributed","grasslandHerbaceous",35.404299,-99.080041,"WGS84",20.1,511.9,0.1,"2015-07-07","2015-07-21","OAES.2015.30",14,"Y","OAES_005.E.20150721","Ok","Ok","Ok","NEON.DOC.014050vG","zqzI6VPGJkqKrnUdkEIpiHhaRLZfA7fK","Vert bycatch"
"9e14ae8b-5f98-4b7b-aff6-560c7829faec","OAES_002.basePlot.bet","D11","OAES","OAES_002","E","distributed","grasslandHerbaceous",35.419716,-99.052304,"WGS84",20.1,521.6,0.1,"2015-07-07","2015-07-21","OAES.2015.30",14,"Y","OAES_002.E.20150721","Ok","Ok","Ok","NEON.DOC.014050vG","n/e5H9DzKQmiwvmUmG2RGqatOQzXK2Fo1rbM7EummvE=",
"9029700b-eb7a-427c-b17d-c32cf0759431","OAES_008.basePlot.bet","D11","OAES","OAES_008","E","distributed","grasslandHerbaceous",35.395379,-99.063188,"WGS84",20.1,493.6,0.1,"2015-07-07","2015-07-21","OAES.2015.30",14,"Y","OAES_008.E.20150721","Ok","Ok","Ok","NEON.DOC.014050vG","zqzI6VPGJkqKrnUdkEIpiHhaRLZfA7fK",
"925ad7b4-7fe8-4960-b24b-eef63f7e0005","OAES_004.basePlot.bet","D11","OAES","OAES_004","E","distributed","grasslandHerbaceous",35.412130,-99.085338,"WGS84",20.1,507.5,0.1,"2015-07-07","2015-07-21","OAES.2015.30",14,"Y","OAES_004.E.20150721","Ok","Ok","Ok","NEON.DOC.014050vG","zqzI6VPGJkqKrnUdkEIpiHhaRLZfA7fK","Vert bycatch"
"dd114c8b-6813-4b99-85b2-d6afd6be56bf","OAES_005.basePlot.bet","D11","OAES","OAES_005","N","distributed","grasslandHerbaceous",35.404299,-99.080041,"WGS84",20.1,511.9,0.1,"2015-07-07","2015-07-21","OAES.2015.30",14,"Y","OAES_005.N.20150721","Ok","Ok","Ok","NEON.DOC.014050vG","zqzI6VPGJkqKrnUdkEIpiHhaRLZfA7fK",
"e897e43e-f179-4b73-ad00-ea987badd1ee","OAES_002.basePlot.bet","D11","OAES","OAES_002","N","distributed","grasslandHerbaceous",35.419716,-99.052304,"WGS84",20.1,521.6,0.1,"2015-07-07","2015-07-21","OAES.2015.30",14,"Y","OAES_002.N.20150721","Ok","Ok","Ok","NEON.DOC.014050vG","n/e5H9DzKQmiwvmUmG2RGqatOQzXK2Fo1rbM7EummvE=",
"1e25571c-d88d-4826-9564-daa4b4259903","OAES_001.basePlot.bet","D11","OAES","OAES_001","N","distributed","grasslandHerbaceous",35.412699,-99.058259,"WGS84",20.1,515.1,0.1,"2015-07-07","2015-07-21","OAES.2015.30",14,"Y","OAES_001.N.20150721","Ok","Ok","Ok","NEON.DOC.014050vG","n/e5H9DzKQmiwvmUmG2RGqatOQzXK2Fo1rbM7EummvE=","Vert Bycatch"
"b289c7cb-161c-470f-a01a-278864d3ce30","OAES_008.basePlot.bet","D11","OAES","OAES_008","N","distributed","grasslandHerbaceous",35.395379,-99.063188,"WGS84",20.1,493.6,0.1,"2015-07-07","2015-07-21","OAES.2015.30",14,"Y","OAES_008.N.20150721","Ok","Ok","Low","NEON.DOC.014050vG","zqzI6VPGJkqKrnUdkEIpiHhaRLZfA7fK",
"1a850aaf-105b-431c-ae8a-1f0badaeb423","OAES_004.basePlot.bet","D11","OAES","OAES_004","N","distributed","grasslandHerbaceous",35.412130,-99.085338,"WGS84",20.1,507.5,0.1,"2015-07-07","2015-07-21","OAES.2015.30",14,"Y","OAES_004.N.20150721","Ok","Ok","Ok","NEON.DOC.014050vG","zqzI6VPGJkqKrnUdkEIpiHhaRLZfA7fK","Vert bycatch"
"888bc736-7dd4-46e4-b4d2-9f7699423a0c","OAES_003.basePlot.bet","D11","OAES","OAES_003","N","distributed","grasslandHerbaceous",35.412139,-99.069792,"WGS84",20.1,510.5,0.1,"2015-07-07","2015-07-21","OAES.2015.30",14,"Y","OAES_003.N.20150721","Ok","Ok","Ok","NEON.DOC.014050vG","zqzI6VPGJkqKrnUdkEIpiHhaRLZfA7fK",
"df73a0bc-6c9e-4e38-81ec-57e2eb3f7135","OAES_007.basePlot.bet","D11","OAES","OAES_007","N","distributed","shrubScrub",35.419991,-99.057264,"WGS84",20.2,519.4,0.5,"2015-07-07","2015-07-21","OAES.2015.30",14,"Y","OAES_007.N.20150721","Ok","Ok","Ok","NEON.DOC.014050vG","n/e5H9DzKQmiwvmUmG2RGqatOQzXK2Fo1rbM7EummvE=",
"af428b91-ceb5-43d6-8423-b3501cee30bc","OAES_002.basePlot.bet","D11","OAES","OAES_002","W","distributed","grasslandHerbaceous",35.419716,-99.052304,"WGS84",20.1,521.6,0.1,"2015-07-07","2015-07-21","OAES.2015.30",14,"Y","OAES_002.W.20150721","Ok","Ok","Ok","NEON.DOC.014050vG","n/e5H9DzKQmiwvmUmG2RGqatOQzXK2Fo1rbM7EummvE=",
"beaf4328-476b-4beb-91c7-d04f98077a17","OAES_009.basePlot.bet","D11","OAES","OAES_009","N","distributed","shrubScrub",35.420795,-99.050317,"WGS84",20.1,515.5,0.1,"2015-07-07","2015-07-21","OAES.2015.30",14,"Y","OAES_009.N.20150721","Ok","Ok","Low","NEON.DOC.014050vG","n/e5H9DzKQmiwvmUmG2RGqatOQzXK2Fo1rbM7EummvE=",
"369353b1-08df-4a78-97ac-30b02dfa2e3a","OAES_021.basePlot.bet","D11","OAES","OAES_021","N","distributed","shrubScrub",35.411869,-99.074095,"WGS84",20.1,503.7,0.1,"2015-07-07","2015-07-21","OAES.2015.30",14,"Y","OAES_021.N.20150721","Ok","Ok","Ok","NEON.DOC.014050vG","zqzI6VPGJkqKrnUdkEIpiHhaRLZfA7fK",
"d042334e-82d3-47fd-a002-5d774cbfbb16","OAES_008.basePlot.bet","D11","OAES","OAES_008","S","distributed","grasslandHerbaceous",35.395379,-99.063188,"WGS84",20.1,493.6,0.1,"2015-07-07","2015-07-21","OAES.2015.30",14,"Y","OAES_008.S.20150721","Ok","Ok","Low","NEON.DOC.014050vG","zqzI6VPGJkqKrnUdkEIpiHhaRLZfA7fK",
"83770c02-b219-427f-ad6f-5daf61e29d3e","OAES_004.basePlot.bet","D11","OAES","OAES_004","S","distributed","grasslandHerbaceous",35.412130,-99.085338,"WGS84",20.1,507.5,0.1,"2015-07-07","2015-07-21","OAES.2015.30",14,"Y","OAES_004.S.20150721","Ok","Ok","Ok","NEON.DOC.014050vG","zqzI6VPGJkqKrnUdkEIpiHhaRLZfA7fK","Vert bycatch"
"58d2c07d-8958-49a0-92b5-464b3a50fede","OAES_003.basePlot.bet","D11","OAES","OAES_003","S","distributed","grasslandHerbaceous",35.412139,-99.069792,"WGS84",20.1,510.5,0.1,"2015-07-07","2015-07-21","OAES.2015.30",14,"Y","OAES_003.S.20150721","Ok","Ok","Low","NEON.DOC.014050vG","zqzI6VPGJkqKrnUdkEIpiHhaRLZfA7fK",
"ad2fcd91-0d69-4600-9128-f65911965695","OAES_005.basePlot.bet","D11","OAES","OAES_005","S","distributed","grasslandHerbaceous",35.404299,-99.080041,"WGS84",20.1,511.9,0.1,"2015-07-07","2015-07-21","OAES.2015.30",14,"Y","OAES_005.S.20150721","Ok","Ok","Ok","NEON.DOC.014050vG","zqzI6VPGJkqKrnUdkEIpiHhaRLZfA7fK",
"8c27f929-7497-452c-8639-e01715a81dd0","OAES_002.basePlot.bet","D11","OAES","OAES_002","S","distributed","grasslandHerbaceous",35.419716,-99.052304,"WGS84",20.1,521.6,0.1,"2015-07-07","2015-07-21","OAES.2015.30",14,"Y","OAES_002.S.20150721","Ok","Ok","Ok","NEON.DOC.014050vG","n/e5H9DzKQmiwvmUmG2RGqatOQzXK2Fo1rbM7EummvE=",
"535a89a6-3780-484c-844d-0f307049fa5c","OAES_001.basePlot.bet","D11","OAES","OAES_001","S","distributed","grasslandHerbaceous",35.412699,-99.058259,"WGS84",20.1,515.1,0.1,"2015-07-07","2015-07-21","OAES.2015.30",14,"Y","OAES_001.S.20150721","Ok","Ok","Ok","NEON.DOC.014050vG","n/e5H9DzKQmiwvmUmG2RGqatOQzXK2Fo1rbM7EummvE=",
"8d87f50d-db3e-4d4f-80db-bb5c13657417","OAES_021.basePlot.bet","D11","OAES","OAES_021","S","distributed","shrubScrub",35.411869,-99.074095,"WGS84",20.1,503.7,0.1,"2015-07-07","2015-07-21","OAES.2015.30",14,"Y","OAES_021.S.20150721","Ok","Ok","Low","NEON.DOC.014050vG","zqzI6VPGJkqKrnUdkEIpiHhaRLZfA7fK",
"839e38a7-37ce-4eea-9796-6d654cfa6234","OAES_009.basePlot.bet","D11","OAES","OAES_009","S","distributed","shrubScrub",35.420795,-99.050317,"WGS84",20.1,515.5,0.1,"2015-07-07","2015-07-21","OAES.2015.30",14,"Y","OAES_009.S.20150721","Ok","Ok","Low","NEON.DOC.014050vG","n/e5H9DzKQmiwvmUmG2RGqatOQzXK2Fo1rbM7EummvE=",
"6700c86c-afc6-4842-87a8-6ae4a002cd76","OAES_007.basePlot.bet","D11","OAES","OAES_007","S","distributed","shrubScrub",35.419991,-99.057264,"WGS84",20.2,519.4,0.5,"2015-07-07","2015-07-21","OAES.2015.30",14,"Y","OAES_007.S.20150721","Ok","Ok","Ok","NEON.DOC.014050vG","n/e5H9DzKQmiwvmUmG2RGqatOQzXK2Fo1rbM7EummvE=",
"1904e73f-6abf-45be-aedb-5aa0728645b5","OAES_006.basePlot.bet","D11","OAES","OAES_006","S","distributed","grasslandHerbaceous",35.420259,-99.048669,"WGS84",20.1,516.4,0.2,"2015-07-07","2015-07-21","OAES.2015.30",14,"Y","OAES_006.S.20150721","Ok","Ok","Ok","NEON.DOC.014050vG","n/e5H9DzKQmiwvmUmG2RGqatOQzXK2Fo1rbM7EummvE=",
"c9f0fb8c-235f-44b5-b0e4-29c53a78e1d2","OAES_001.basePlot.bet","D11","OAES","OAES_001","W","distributed","grasslandHerbaceous",35.412699,-99.058259,"WGS84",20.1,515.1,0.1,"2015-07-07","2015-07-21","OAES.2015.30",14,"Y","OAES_001.W.20150721","Ok","Ok","Ok","NEON.DOC.014050vG","n/e5H9DzKQmiwvmUmG2RGqatOQzXK2Fo1rbM7EummvE=",
"b9eb5ff3-52a2-4288-ba58-25bba079b3f6","OAES_021.basePlot.bet","D11","OAES","OAES_021","W","distributed","shrubScrub",35.411869,-99.074095,"WGS84",20.1,503.7,0.1,"2015-07-07","2015-07-21","OAES.2015.30",14,"Y","OAES_021.W.20150721","Ok","Ok","Ok","NEON.DOC.014050vG","zqzI6VPGJkqKrnUdkEIpiHhaRLZfA7fK",
"a9750d2a-b967-40dd-ac98-86f91767a146","OAES_009.basePlot.bet","D11","OAES","OAES_009","W","distributed","shrubScrub",35.420795,-99.050317,"WGS84",20.1,515.5,0.1,"2015-07-07","2015-07-21","OAES.2015.30",14,"Y","OAES_009.W.20150721","Ok","Ok","Low","NEON.DOC.014050vG","n/e5H9DzKQmiwvmUmG2RGqatOQzXK2Fo1rbM7EummvE=",
"4743cdb8-d0ce-4d86-878e-7b3d33a39c94","OAES_006.basePlot.bet","D11","OAES","OAES_006","W","distributed","grasslandHerbaceous",35.420259,-99.048669,"WGS84",20.1,516.4,0.2,"2015-07-07","2015-07-21","OAES.2015.30",14,"Y","OAES_006.W.20150721","Ok","Ok","Low","NEON.DOC.014050vG","n/e5H9DzKQmiwvmUmG2RGqatOQzXK2Fo1rbM7EummvE=",
"ff32e435-f565-43b8-8116-d2b19aed7e14","OAES_007.basePlot.bet","D11","OAES","OAES_007","W","distributed","shrubScrub",35.419991,-99.057264,"WGS84",20.2,519.4,0.5,"2015-07-07","2015-07-21","OAES.2015.30",14,"Y","OAES_007.W.20150721","Ok","Ok","Ok","NEON.DOC.014050vG","n/e5H9DzKQmiwvmUmG2RGqatOQzXK2Fo1rbM7EummvE=",
"03fd9980-7463-4d97-8a0d-55fdc176e6d7","OAES_008.basePlot.bet","D11","OAES","OAES_008","W","distributed","grasslandHerbaceous",35.395379,-99.063188,"WGS84",20.1,493.6,0.1,"2015-07-07","2015-07-21","OAES.2015.30",14,"Y","OAES_008.W.20150721","Ok","Ok","Ok","NEON.DOC.014050vG","zqzI6VPGJkqKrnUdkEIpiHhaRLZfA7fK",
"8f195ddb-c19f-4075-964c-b57df90fea41","OAES_004.basePlot.bet","D11","OAES","OAES_004","W","distributed","grasslandHerbaceous",35.412130,-99.085338,"WGS84",20.1,507.5,0.1,"2015-07-21","2015-07-27","OAES.2015.31",6,"Y","OAES_004.W.20150727",,,,"NEON.DOC.014050vG","n/e5H9DzKQmiwvmUmG2RGqatOQzXK2Fo1rbM7EummvE=","BYCATCH REACHED MAX CAPTURE-TRAP CLOSED ON 7/27 FOR 1 MONTH|Trap was closed due to high capture rate of Gastrophryne olivacea (Great-Plains Narrow-mouthed Toad)."
"a6e5b9a5-b33d-4364-9705-b08f0bbb80e5","OAES_004.basePlot.bet","D11","OAES","OAES_004","S","distributed","grasslandHerbaceous",35.412130,-99.085338,"WGS84",20.1,507.5,0.1,"2015-07-21","2015-07-27","OAES.2015.31",6,"Y","OAES_004.S.20150727",,,,"NEON.DOC.014050vG","n/e5H9DzKQmiwvmUmG2RGqatOQzXK2Fo1rbM7EummvE=","BYCATCH REACHED MAX CAPTURE-TRAP CLOSED ON 7/27 FOR 1 MONTH|Trap was closed due to high capture rate of Gastrophryne olivacea (Great-Plains Narrow-mouthed Toad)."
"100afec4-574f-47dd-84fa-07a285aa5628","OAES_004.basePlot.bet","D11","OAES","OAES_004","N","distributed","grasslandHerbaceous",35.412130,-99.085338,"WGS84",20.1,507.5,0.1,"2015-07-21","2015-07-27","OAES.2015.31",6,"Y","OAES_004.N.20150727",,,,"NEON.DOC.014050vG","n/e5H9DzKQmiwvmUmG2RGqatOQzXK2Fo1rbM7EummvE=","BYCATCH REACHED MAX CAPTURE-TRAP CLOSED ON 7/27 FOR 1 MONTH|Trap was closed due to high capture rate of Gastrophryne olivacea (Great-Plains Narrow-mouthed Toad)."
"39db005f-3134-4772-bec6-3ce042e59fe1","OAES_004.basePlot.bet","D11","OAES","OAES_004","E","distributed","grasslandHerbaceous",35.412130,-99.085338,"WGS84",20.1,507.5,0.1,"2015-07-21","2015-07-27","OAES.2015.31",6,"Y","OAES_004.E.20150727",,,,"NEON.DOC.014050vG","n/e5H9DzKQmiwvmUmG2RGqatOQzXK2Fo1rbM7EummvE=","BYCATCH REACHED MAX CAPTURE-TRAP CLOSED ON 7/27 FOR 1 MONTH|Trap was closed due to high capture rate of Gastrophryne olivacea (Great-Plains Narrow-mouthed Toad)."
