uid,namedLocation,domainID,siteID,plotID,trapID,setDate,collectDate,processingDate,identifiedDate,subsampleID,individualID,taxonID,scientificName,taxonRank,identificationQualifier,scientificNameAuthorship,morphospeciesID,identificationReferences,totalLength,identifiedBy,recordedBy,remarks
"a0d8a1c9-ec3d-4d69-9cb9-18b6fe046267","OAES_004.basePlot.bet","D11","OAES","OAES_004","N","2015-06-23","2015-07-07","2015-11-06","2015-12-04","FpFkKsaMuACuzNci4Z68xOQnUqpnPjYcZkYpu4EVwKQ=","NEON.BET.D11.000232","PASCAL","Pasimachus californicus","species",,"Chaudoir",,"Other",,"K015xPfLfah4eO1uZLmE3FLLe6b3pcen","zqzI6VPGJkqKrnUdkEIpiHhaRLZfA7fK",
"2d20c2c8-1b83-48ac-b5e1-d058b0a86d82","OAES_004.basePlot.bet","D11","OAES","OAES_004","N","2015-06-23","2015-07-07","2015-11-06","2015-12-04","FpFkKsaMuACuzNci4Z68xOQnUqpnPjYcZkYpu4EVwKQ=","NEON.BET.D11.000226","PASCAL","Pasimachus californicus","species",,"Chaudoir",,"Other",,"K015xPfLfah4eO1uZLmE3FLLe6b3pcen","zqzI6VPGJkqKrnUdkEIpiHhaRLZfA7fK",
"98dc9ce9-37da-45c9-9c3a-f271d443516f","OAES_004.basePlot.bet","D11","OAES","OAES_004","N","2015-06-23","2015-07-07","2015-11-06","2015-12-04","FpFkKsaMuACuzNci4Z68xOQnUqpnPjYcZkYpu4EVwKQ=","NEON.BET.D11.000231","PASCAL","Pasimachus californicus","species",,"Chaudoir",,"Other",,"K015xPfLfah4eO1uZLmE3FLLe6b3pcen","zqzI6VPGJkqKrnUdkEIpiHhaRLZfA7fK",
"6b165044-8dfd-4332-a185-de1a9439308e","OAES_008.basePlot.bet","D11","OAES","OAES_008","N","2015-06-23","2015-07-07","2015-11-04","2015-12-04","BL2EGNvUCCPG8hZ4BJwuwQ3xhdmMAr+KXi0zLsg47kc=","NEON.BET.D11.000221","PASCAL","Pasimachus californicus","species",,"Chaudoir",,"Other",,"K015xPfLfah4eO1uZLmE3FLLe6b3pcen","zqzI6VPGJkqKrnUdkEIpiHhaRLZfA7fK",
"aec1caad-56c6-4912-abcf-5cb64b7e9d5c","OAES_004.basePlot.bet","D11","OAES","OAES_004","N","2015-06-23","2015-07-07","2015-11-06","2015-12-04","FpFkKsaMuACuzNci4Z68xOQnUqpnPjYcZkYpu4EVwKQ=","NEON.BET.D11.000228","PASCAL","Pasimachus californicus","species",,"Chaudoir",,"Other",,"K015xPfLfah4eO1uZLmE3FLLe6b3pcen","zqzI6VPGJkqKrnUdkEIpiHhaRLZfA7fK",
"7fcaaa21-a943-4a5f-9dc4-9cc24695de53","OAES_004.basePlot.bet","D11","OAES","OAES_004","N","2015-06-23","2015-07-07","2015-11-06","2015-12-04","FpFkKsaMuACuzNci4Z68xOQnUqpnPjYcZkYpu4EVwKQ=","NEON.BET.D11.000230","PASCAL","Pasimachus californicus","species",,"Chaudoir",,"Other",,"K015xPfLfah4eO1uZLmE3FLLe6b3pcen","zqzI6VPGJkqKrnUdkEIpiHhaRLZfA7fK",
"16ffa84a-c130-47a6-b543-62c8ef3eca48","OAES_004.basePlot.bet","D11","OAES","OAES_004","N","2015-06-23","2015-07-07","2015-11-06","2015-12-04","FpFkKsaMuACuzNci4Z68xOQnUqpnPjYcZkYpu4EVwKQ=","NEON.BET.D11.000229","PASCAL","Pasimachus californicus","species",,"Chaudoir",,"Other",,"K015xPfLfah4eO1uZLmE3FLLe6b3pcen","zqzI6VPGJkqKrnUdkEIpiHhaRLZfA7fK",
"97dce941-c70e-4854-b851-75d2dc317206","OAES_004.basePlot.bet","D11","OAES","OAES_004","N","2015-06-23","2015-07-07","2015-11-06","2015-12-04","FpFkKsaMuACuzNci4Z68xOQnUqpnPjYcZkYpu4EVwKQ=","NEON.BET.D11.000227","PASCAL","Pasimachus californicus","species",,"Chaudoir",,"Other",,"K015xPfLfah4eO1uZLmE3FLLe6b3pcen","zqzI6VPGJkqKrnUdkEIpiHhaRLZfA7fK",
"ea976a58-5c86-4887-9a8f-d7df1fe02a55","OAES_002.basePlot.bet","D11","OAES","OAES_002","N","2015-06-23","2015-07-07","2015-11-04","2015-12-04","DJFzCWJFd2gZux6f6ih4UQX/qwv+J3+Ngy8sqlpeiRc=","NEON.BET.D11.000216","PASCAL","Pasimachus californicus","species",,"Chaudoir",,"Other",,"K015xPfLfah4eO1uZLmE3FLLe6b3pcen","zqzI6VPGJkqKrnUdkEIpiHhaRLZfA7fK",
"40ae96d4-3269-4b94-9b46-eb6541b291b8","OAES_021.basePlot.bet","D11","OAES","OAES_021","N","2015-06-23","2015-07-07","2015-11-06","2015-12-23","aFCS5Rk0Sda1Rkk6HlQMZY8mlI4lqACh9uo88wx61qw=","NEON.BET.D11.000239","ANIOPA","Anisodactylus opaculus","species","cf. species","LeConte",,"Other",,"K015xPfLfah4eO1uZLmE3FLLe6b3pcen","zqzI6VPGJkqKrnUdkEIpiHhaRLZfA7fK",
"4d5a0eb6-38bd-4397-856c-d7a4b97d073c","OAES_006.basePlot.bet","D11","OAES","OAES_006","N","2015-06-23","2015-07-07","2015-11-06","2015-12-04","mt2fHmHLlFlxUsxh9/qN7kbHsPgbxACbel+H+ob7J8U=","NEON.BET.D11.000258","PASCAL","Pasimachus californicus","species",,"Chaudoir",,"Other",,"K015xPfLfah4eO1uZLmE3FLLe6b3pcen","zqzI6VPGJkqKrnUdkEIpiHhaRLZfA7fK",
"860cd277-b971-4800-9cb6-24fbb0e37d65","OAES_003.basePlot.bet","D11","OAES","OAES_003","N","2015-06-23","2015-07-07","2015-11-05","2015-12-04","JY1K16SHr/xhw8WkdEBnVB81kfK8J6VpdYX4w/x4PW4=","NEON.BET.D11.000248","PASCAL","Pasimachus californicus","species",,"Chaudoir",,"Purrington, F., and C. J. Drake. 2005. A key to adult Nearctic Pasimachus (Pasimachus) Bonelli (Coleoptera: Carabidae: Scaritini), with comments on their functional mouthpart morphology. Entomological News 116:253-262.",,"K015xPfLfah4eO1uZLmE3FLLe6b3pcen","K015xPfLfah4eO1uZLmE3FLLe6b3pcen",
"1c8d3e7d-980a-4999-a523-55f6a6a8c50d","OAES_004.basePlot.bet","D11","OAES","OAES_004","N","2015-06-23","2015-07-07","2015-11-06","2015-12-23","FpFkKsaMuACuzNci4Z68xDhXqdEKwmJ0X0vp8Vz/oNs=","NEON.BET.D11.000234","ANIOPA","Anisodactylus opaculus","species","cf. species","LeConte",,"Other",,"K015xPfLfah4eO1uZLmE3FLLe6b3pcen","zqzI6VPGJkqKrnUdkEIpiHhaRLZfA7fK",
"164197ad-01c5-4611-8f3e-bde6fd9ca690","OAES_009.basePlot.bet","D11","OAES","OAES_009","N","2015-06-23","2015-07-07","2015-11-05","2015-12-04","e+s5q3w8y7N0DA6Xh0DAy3YBl/1J4Psu/irwS4RKCsI=","NEON.BET.D11.000254","PASCAL","Pasimachus californicus","species",,"Chaudoir",,"Purrington, F., and C. J. Drake. 2005. A key to adult Nearctic Pasimachus (Pasimachus) Bonelli (Coleoptera: Carabidae: Scaritini), with comments on their functional mouthpart morphology. Entomological News 116:253-262.",,"K015xPfLfah4eO1uZLmE3FLLe6b3pcen","K015xPfLfah4eO1uZLmE3FLLe6b3pcen",
"2180a9de-1508-44f4-9d22-7b7bd31595de","OAES_004.basePlot.bet","D11","OAES","OAES_004","N","2015-06-23","2015-07-07","2015-11-06","2015-12-04","FpFkKsaMuACuzNci4Z68xOQnUqpnPjYcZkYpu4EVwKQ=","NEON.BET.D11.000233","PASCAL","Pasimachus californicus","species",,"Chaudoir",,"Other",,"K015xPfLfah4eO1uZLmE3FLLe6b3pcen","zqzI6VPGJkqKrnUdkEIpiHhaRLZfA7fK",
"d06cbe85-0948-4caa-9758-abfcd0c15bde","OAES_001.basePlot.bet","D11","OAES","OAES_001","S","2015-06-23","2015-07-07","2015-11-05","2015-12-04","Yz+fJngcyZ/xMN7MCKMftDakcVPyYIjZ6S6ImJD/oDI=","NEON.BET.D11.000256","PASCAL","Pasimachus californicus","species",,"Chaudoir",,"Purrington, F., and C. J. Drake. 2005. A key to adult Nearctic Pasimachus (Pasimachus) Bonelli (Coleoptera: Carabidae: Scaritini), with comments on their functional mouthpart morphology. Entomological News 116:253-262.",,"K015xPfLfah4eO1uZLmE3FLLe6b3pcen","K015xPfLfah4eO1uZLmE3FLLe6b3pcen",
"f802bdde-6ff5-46d8-a82d-ca8e1a66e114","OAES_006.basePlot.bet","D11","OAES","OAES_006","S","2015-06-23","2015-07-07","2015-11-06","2015-12-04","mt2fHmHLlFky+gM/KaEO+AIvcrcwnyyn5SXXePm0D78=","NEON.BET.D11.000257","PASCAL","Pasimachus californicus","species",,"Chaudoir",,"Other",,"K015xPfLfah4eO1uZLmE3FLLe6b3pcen","zqzI6VPGJkqKrnUdkEIpiHhaRLZfA7fK",
"c9329d0e-20ad-4b71-996d-843ec9c4ba40","OAES_004.basePlot.bet","D11","OAES","OAES_004","S","2015-06-23","2015-07-07","2015-11-06","2015-12-14","FpFkKsaMuACjwxK0I0WiYBl7oWiHWNH7spGtLUS08wo=","NEON.BET.D11.000224","HELTEX","Helluomorphoides texanus","species","cf. species","LeConte",,"Other",,"K015xPfLfah4eO1uZLmE3FLLe6b3pcen","zqzI6VPGJkqKrnUdkEIpiHhaRLZfA7fK",
"a03cdc98-4615-4768-a1eb-e3861cfb4422","OAES_002.basePlot.bet","D11","OAES","OAES_002","S","2015-06-23","2015-07-07","2015-11-04","2015-12-04","DJFzCWJFd2h0hWWcZRnW02aPjPa4TBzLou/zr8yHupU=","NEON.BET.D11.000218","PASCAL","Pasimachus californicus","species",,"Chaudoir",,"Other",,"K015xPfLfah4eO1uZLmE3FLLe6b3pcen","zqzI6VPGJkqKrnUdkEIpiHhaRLZfA7fK",
"cc4eeaeb-7005-48f7-bb41-bca8d8429b76","OAES_004.basePlot.bet","D11","OAES","OAES_004","S","2015-06-23","2015-07-07","2015-11-06","2015-12-14","FpFkKsaMuACjwxK0I0WiYEVoTjpp+eK9O5LePu9ZHUI=","NEON.BET.D11.000225","HELFER","Helluomorphoides ferrugineus","species","cf. species","LeConte",,"Other",,"K015xPfLfah4eO1uZLmE3FLLe6b3pcen","zqzI6VPGJkqKrnUdkEIpiHhaRLZfA7fK",
"6748beab-e368-4b32-92a8-c79a0c5915f7","OAES_004.basePlot.bet","D11","OAES","OAES_004","S","2015-06-23","2015-07-07","2015-11-06","2015-12-04","FpFkKsaMuACjwxK0I0WiYKBs3cxNY3XQH6qegtXlkc4=","NEON.BET.D11.000223","PASCAL","Pasimachus californicus","species",,"Chaudoir",,"Other",,"K015xPfLfah4eO1uZLmE3FLLe6b3pcen","zqzI6VPGJkqKrnUdkEIpiHhaRLZfA7fK",
"5dde1b95-f295-4a85-8260-b487d9d17596","OAES_003.basePlot.bet","D11","OAES","OAES_003","W","2015-06-23","2015-07-07","2015-11-05","2015-12-21","JY1K16SHr/yRA0r9LqcgMM7Q+Pfw1PgcMT5pswSq1eM=","NEON.BET.D11.000249","CYCSUB","Cyclotrachelus substriatus","species","cf. species","LeConte",,"Freitag, R. 1969. A revision of the species of the genus Evarthrus LeConte. Quaestiones Entomologicae 5:89-212.",,"K015xPfLfah4eO1uZLmE3FLLe6b3pcen","K015xPfLfah4eO1uZLmE3FLLe6b3pcen",
"e399301a-415b-4496-90de-01eee1aa8e50","OAES_005.basePlot.bet","D11","OAES","OAES_005","W","2015-06-23","2015-07-07","2015-11-05","2015-12-14","oszmWJzaoIuTfVhUnsbFeFHw2CJXr1ra3MOy8de68bo=","NEON.BET.D11.000253","DROBEL","Dromochorus belfragei","species",,"Salle",,"Pearson, D., C. B. Knisley, and C. J. Kazilek. 2006. A Field Guide to the Tiger Beetles of the United States and Canada: Identification, Natural History, and Distribution of the Cicindelidae. Oxford University Press, New York.",,"K015xPfLfah4eO1uZLmE3FLLe6b3pcen","K015xPfLfah4eO1uZLmE3FLLe6b3pcen",
"d60cf5f7-affe-464c-86a1-e93a3f939a7e","OAES_008.basePlot.bet","D11","OAES","OAES_008","W","2015-06-23","2015-07-07","2015-11-06","2015-12-04","BL2EGNvUCCOoGi8/jC6gEuWXlboojK3TnfcROvjsAKs=","NEON.BET.D11.000222","PASCAL","Pasimachus californicus","species",,"Chaudoir",,"Other",,"K015xPfLfah4eO1uZLmE3FLLe6b3pcen","zqzI6VPGJkqKrnUdkEIpiHhaRLZfA7fK",
"274df828-c233-4a90-a3af-d2c4db5f9f89","OAES_008.basePlot.bet","D11","OAES","OAES_008","E","2015-06-23","2015-07-07","2015-11-04","2015-12-14","BL2EGNvUCCOXVHT5+DpxdjFCoPLJovMJaUbs1kd5KbE=","NEON.BET.D11.000219","DROBEL","Dromochorus belfragei","species",,"Salle",,"Other",,"K015xPfLfah4eO1uZLmE3FLLe6b3pcen","zqzI6VPGJkqKrnUdkEIpiHhaRLZfA7fK",
"340f9c49-b9c8-4fa2-a01e-f7f11bd0ebe7","OAES_001.basePlot.bet","D11","OAES","OAES_001","E","2015-06-23","2015-07-07","2015-11-04","2015-12-04","Yz+fJngcyZ9Pq0SDV7LlkqVaRN2MFN+5xg6oPimjuc4=","NEON.BET.D11.000217","PASCAL","Pasimachus californicus","species",,"Chaudoir",,"Other",,"K015xPfLfah4eO1uZLmE3FLLe6b3pcen","zqzI6VPGJkqKrnUdkEIpiHhaRLZfA7fK",
"a171bad1-8899-4a14-bcbd-940638fb6a32","OAES_008.basePlot.bet","D11","OAES","OAES_008","E","2015-06-23","2015-07-07","2015-11-04","2015-12-14","BL2EGNvUCCOXVHT5+DpxdkthVOj4BJ2tWa/fWzcTGJI=","NEON.BET.D11.000220","SCASUB2","Scarites subterraneus","species",,"Fabricius",,"Other",,"K015xPfLfah4eO1uZLmE3FLLe6b3pcen","zqzI6VPGJkqKrnUdkEIpiHhaRLZfA7fK",
"04bcbf8e-373e-49a7-9500-bf6efd340695","OAES_021.basePlot.bet","D11","OAES","OAES_021","E","2015-06-23","2015-07-07","2015-11-06","2015-12-04","aFCS5Rk0Sdb4+ZGq3OneQo3JHAJ+CabK0ElGvaulG+I=","NEON.BET.D11.000241","PASCAL","Pasimachus californicus","species",,"Chaudoir",,"Other",,"K015xPfLfah4eO1uZLmE3FLLe6b3pcen","zqzI6VPGJkqKrnUdkEIpiHhaRLZfA7fK",
"edc78857-67f2-4c49-b5ab-cedd9e408f83","OAES_021.basePlot.bet","D11","OAES","OAES_021","E","2015-06-23","2015-07-07","2015-11-06","2015-12-04","aFCS5Rk0Sdb4+ZGq3OneQo3JHAJ+CabK0ElGvaulG+I=","NEON.BET.D11.000240","PASCAL","Pasimachus californicus","species",,"Chaudoir",,"Other",,"K015xPfLfah4eO1uZLmE3FLLe6b3pcen","zqzI6VPGJkqKrnUdkEIpiHhaRLZfA7fK",
"3e00ed24-0eb9-4e2f-a296-e2992e58aa59","OAES_006.basePlot.bet","D11","OAES","OAES_006","E","2015-06-23","2015-07-07","2015-11-06","2015-12-04","mt2fHmHLlFmpuzgZy7qFxcq11WT2cvgXdg0M5qygg4I=","NEON.BET.D11.000259","PASCAL","Pasimachus californicus","species",,"Chaudoir",,"Other",,"K015xPfLfah4eO1uZLmE3FLLe6b3pcen","zqzI6VPGJkqKrnUdkEIpiHhaRLZfA7fK",
"92b9f75a-7bde-4ed0-a908-3506820ab548","OAES_004.basePlot.bet","D11","OAES","OAES_004","E","2015-06-23","2015-07-07","2015-11-06","2015-12-23","FpFkKsaMuAAmR2voWj6A2ADYlaN0DZBDvIcgu/55waA=","NEON.BET.D11.000237","ANIOPA","Anisodactylus opaculus","species","cf. species","LeConte",,"Other",,"K015xPfLfah4eO1uZLmE3FLLe6b3pcen","zqzI6VPGJkqKrnUdkEIpiHhaRLZfA7fK",
"6eb4c8f7-892d-4a78-b164-039531530f1d","OAES_004.basePlot.bet","D11","OAES","OAES_004","E","2015-06-23","2015-07-07","2015-11-06","2015-12-23","FpFkKsaMuAAmR2voWj6A2ADYlaN0DZBDvIcgu/55waA=","NEON.BET.D11.000238","ANIOPA","Anisodactylus opaculus","species","cf. species","LeConte",,"Other",,"K015xPfLfah4eO1uZLmE3FLLe6b3pcen","zqzI6VPGJkqKrnUdkEIpiHhaRLZfA7fK",
"31a8654d-7c86-4842-9e99-d2266030460f","OAES_004.basePlot.bet","D11","OAES","OAES_004","E","2015-06-23","2015-07-07","2015-11-06","2015-12-04","FpFkKsaMuAAmR2voWj6A2JYIHKyPK5JiurXrhpY3XXc=","NEON.BET.D11.000236","PASCAL","Pasimachus californicus","species",,"Chaudoir",,"Other",,"K015xPfLfah4eO1uZLmE3FLLe6b3pcen","zqzI6VPGJkqKrnUdkEIpiHhaRLZfA7fK",
"a115d187-a3e1-4e01-89c0-d414736390da","OAES_004.basePlot.bet","D11","OAES","OAES_004","E","2015-06-23","2015-07-07","2015-11-06","2015-12-04","FpFkKsaMuAAmR2voWj6A2JYIHKyPK5JiurXrhpY3XXc=","NEON.BET.D11.000235","PASCAL","Pasimachus californicus","species",,"Chaudoir",,"Other",,"K015xPfLfah4eO1uZLmE3FLLe6b3pcen","zqzI6VPGJkqKrnUdkEIpiHhaRLZfA7fK",
"5c196aff-64a3-4754-b1e6-3ae62f19305c","OAES_003.basePlot.bet","D11","OAES","OAES_003","E","2015-06-23","2015-07-07","2015-11-05",,"JY1K16SHr/zEfsjUb84kZjpvFPzylZAzh0GwJYubiTY=","NEON.BET.D11.000250","DROBEL","Dromochorus belfragei","species",,"Salle",,"Pearson, D., C. B. Knisley, and C. J. Kazilek. 2006. A Field Guide to the Tiger Beetles of the United States and Canada: Identification, Natural History, and Distribution of the Cicindelidae. Oxford University Press, New York.",,"K015xPfLfah4eO1uZLmE3FLLe6b3pcen","K015xPfLfah4eO1uZLmE3FLLe6b3pcen",
"d3b944fc-0e7b-4312-a791-70468ef1155b","OAES_009.basePlot.bet","D11","OAES","OAES_009","E","2015-06-23","2015-07-07","2015-11-05","2015-12-04","e+s5q3w8y7PBAYoNMaPuBt0V72LmMEkMNXyZlcRospU=","NEON.BET.D11.000255","PASCAL","Pasimachus californicus","species",,"Chaudoir",,"Purrington, F., and C. J. Drake. 2005. A key to adult Nearctic Pasimachus (Pasimachus) Bonelli (Coleoptera: Carabidae: Scaritini), with comments on their functional mouthpart morphology. Entomological News 116:253-262.",,"K015xPfLfah4eO1uZLmE3FLLe6b3pcen","K015xPfLfah4eO1uZLmE3FLLe6b3pcen",
"bcad23e8-9af9-4c46-945b-451610b65dda","OAES_005.basePlot.bet","D11","OAES","OAES_005","E","2015-06-23","2015-07-07","2015-11-05","2015-12-14","oszmWJzaoIuEWFCUlU907HUp20ZOcQbLJPalrh90PkM=","NEON.BET.D11.000252","DROBEL","Dromochorus belfragei","species",,"Salle",,"Pearson, D., C. B. Knisley, and C. J. Kazilek. 2006. A Field Guide to the Tiger Beetles of the United States and Canada: Identification, Natural History, and Distribution of the Cicindelidae. Oxford University Press, New York.",,"K015xPfLfah4eO1uZLmE3FLLe6b3pcen","K015xPfLfah4eO1uZLmE3FLLe6b3pcen",
"a483a998-6826-45c5-be45-6afa68f88080","OAES_005.basePlot.bet","D11","OAES","OAES_005","E","2015-06-23","2015-07-07","2015-11-05","2015-12-04","oszmWJzaoIuEWFCUlU907KQHyjCSpGgksYW5203IA+w=","NEON.BET.D11.000251","PASCAL","Pasimachus californicus","species",,"Chaudoir",,"Purrington, F., and C. J. Drake. 2005. A key to adult Nearctic Pasimachus (Pasimachus) Bonelli (Coleoptera: Carabidae: Scaritini), with comments on their functional mouthpart morphology. Entomological News 116:253-262.",,"K015xPfLfah4eO1uZLmE3FLLe6b3pcen","K015xPfLfah4eO1uZLmE3FLLe6b3pcen",
"b0eb37c0-4daf-4652-a811-2c0a350c162a","OAES_004.basePlot.bet","D11","OAES","OAES_004","N","2015-07-07","2015-07-21","2015-11-09","2015-12-04","FpFkKsaMuACuzNci4Z68xL1j1lS399sw352cfq3MS3o=","NEON.BET.D11.000268","PASCAL","Pasimachus californicus","species",,"Chaudoir",,"Other",,"K015xPfLfah4eO1uZLmE3FLLe6b3pcen","zqzI6VPGJkqKrnUdkEIpiHhaRLZfA7fK",
"e3f312cf-3272-4642-b49f-87c5bedfaecb","OAES_004.basePlot.bet","D11","OAES","OAES_004","W","2015-07-07","2015-07-21","2015-11-09","2015-12-04","FpFkKsaMuAC8VTTG3YF/6VMACF6KS0jNkGYt/rkK98w=","NEON.BET.D11.000266","PASCAL","Pasimachus californicus","species",,"Chaudoir",,"Other",,"K015xPfLfah4eO1uZLmE3FLLe6b3pcen","zqzI6VPGJkqKrnUdkEIpiHhaRLZfA7fK",
"45252ecc-696d-48ec-9ab2-a6a0db7f94c7","OAES_005.basePlot.bet","D11","OAES","OAES_005","E","2015-07-07","2015-07-21","2015-11-09","2015-12-14","oszmWJzaoIuEWFCUlU907D1uiMq3WQkrMR6jX+aI6zQ=","NEON.BET.D11.000292","DROBEL","Dromochorus belfragei","species",,"Salle",,"Other",,"K015xPfLfah4eO1uZLmE3FLLe6b3pcen","zqzI6VPGJkqKrnUdkEIpiHhaRLZfA7fK",
"bb27ae50-819e-40a1-b8e1-cac1f51079ad","OAES_002.basePlot.bet","D11","OAES","OAES_002","E","2015-07-07","2015-07-21","2015-11-09","2015-12-04","DJFzCWJFd2iZPfG0eEimXQhYEw6z+ix75XI3V4jyKVs=","NEON.BET.D11.000288","PASCAL","Pasimachus californicus","species",,"Chaudoir",,"Other",,"K015xPfLfah4eO1uZLmE3FLLe6b3pcen","zqzI6VPGJkqKrnUdkEIpiHhaRLZfA7fK",
"44ee056c-fe5e-4ec6-9e42-b31a50f9241e","OAES_008.basePlot.bet","D11","OAES","OAES_008","E","2015-07-07","2015-07-21","2015-11-09","2015-12-14","BL2EGNvUCCOXVHT5+DpxdreCSZPchwYM2ykV8Z4hLOE=","NEON.BET.D11.000278","SCASUB2","Scarites subterraneus","species","cf. species","Fabricius",,"Other",,"K015xPfLfah4eO1uZLmE3FLLe6b3pcen","zqzI6VPGJkqKrnUdkEIpiHhaRLZfA7fK",
"d5246401-d995-45be-91e3-2a666ae85a06","OAES_004.basePlot.bet","D11","OAES","OAES_004","E","2015-07-07","2015-07-21","2015-11-09","2015-12-23","FpFkKsaMuAAmR2voWj6A2O6+8hDfBQ7Dbbv3iMa+7Cs=","NEON.BET.D11.000280","ANIOPA","Anisodactylus opaculus","species","cf. species","LeConte",,"Other",,"K015xPfLfah4eO1uZLmE3FLLe6b3pcen","zqzI6VPGJkqKrnUdkEIpiHhaRLZfA7fK",
"bb989b6a-a51f-4531-b94b-cca16085b836","OAES_004.basePlot.bet","D11","OAES","OAES_004","E","2015-07-07","2015-07-21","2015-11-09","2015-12-23","FpFkKsaMuAAmR2voWj6A2O6+8hDfBQ7Dbbv3iMa+7Cs=","NEON.BET.D11.000281","ANIOPA","Anisodactylus opaculus","species","cf. species","LeConte",,"Other",,"K015xPfLfah4eO1uZLmE3FLLe6b3pcen","zqzI6VPGJkqKrnUdkEIpiHhaRLZfA7fK",
"7ce8fc78-100a-402b-86d1-10e7e5db9925","OAES_004.basePlot.bet","D11","OAES","OAES_004","E","2015-07-07","2015-07-21","2015-11-09","2015-12-30","FpFkKsaMuAAmR2voWj6A2CRNaibkx5DSSxQjKc4HFbI=","NEON.BET.D11.000279","CRADUB","Cratacanthus dubius","species",,"Palisot de Beauvois",,"Other",,"K015xPfLfah4eO1uZLmE3FLLe6b3pcen","zqzI6VPGJkqKrnUdkEIpiHhaRLZfA7fK",
"b8188d60-32f9-45f1-978d-7931ac6d8cd1","OAES_001.basePlot.bet","D11","OAES","OAES_001","E","2015-07-07","2015-07-21","2015-11-09","2015-12-04","Yz+fJngcyZ9Pq0SDV7LlkltqkK8pjNgIHeyrc/Vpsrg=","NEON.BET.D11.000297","PASCAL","Pasimachus californicus","species",,"Chaudoir",,"Other",,"K015xPfLfah4eO1uZLmE3FLLe6b3pcen","zqzI6VPGJkqKrnUdkEIpiHhaRLZfA7fK",
"c0aa67a6-4957-4ab2-b01a-775982a992cb","OAES_001.basePlot.bet","D11","OAES","OAES_001","E","2015-07-07","2015-07-21","2015-11-09","2015-12-04","Yz+fJngcyZ9Pq0SDV7LlkltqkK8pjNgIHeyrc/Vpsrg=","NEON.BET.D11.000298","PASCAL","Pasimachus californicus","species",,"Chaudoir",,"Other",,"K015xPfLfah4eO1uZLmE3FLLe6b3pcen","zqzI6VPGJkqKrnUdkEIpiHhaRLZfA7fK",
"024ac889-6e1b-4c03-bd0c-a0aaa598e2e8","OAES_007.basePlot.bet","D11","OAES","OAES_007","E","2015-07-07","2015-07-21","2015-11-09","2015-12-30","rDfCr2OaAq0RzbHN0QwD5hHvn1oTDJJ1zQf5a7IPZdM=","NEON.BET.D11.000264","CRADUB","Cratacanthus dubius","species",,"Palisot de Beauvois",,"Other",,"K015xPfLfah4eO1uZLmE3FLLe6b3pcen","zqzI6VPGJkqKrnUdkEIpiHhaRLZfA7fK",
"bc6107ef-83fe-4f7e-9e5c-1b5f4d6bf683","OAES_006.basePlot.bet","D11","OAES","OAES_006","E","2015-07-07","2015-07-21","2015-11-09","2015-12-04","mt2fHmHLlFmpuzgZy7qFxayA/vqTQJHWK4jqwEteKJk=","NEON.BET.D11.000262","PASCAL","Pasimachus californicus","species",,"Chaudoir",,"Other",,"K015xPfLfah4eO1uZLmE3FLLe6b3pcen","zqzI6VPGJkqKrnUdkEIpiHhaRLZfA7fK",
"78000130-647a-4816-bff5-72c841a479c9","OAES_009.basePlot.bet","D11","OAES","OAES_009","E","2015-07-07","2015-07-21","2015-11-09","2015-12-04","e+s5q3w8y7PBAYoNMaPuBiXtb0OExf142uQUf7+Mdu4=","NEON.BET.D11.000260","PASCAL","Pasimachus californicus","species",,"Chaudoir",,"Other",,"K015xPfLfah4eO1uZLmE3FLLe6b3pcen","zqzI6VPGJkqKrnUdkEIpiHhaRLZfA7fK",
"74742bfe-4798-46b1-b3c1-21a4c4f44b59","OAES_005.basePlot.bet","D11","OAES","OAES_005","E","2015-07-07","2015-07-21","2015-11-09","2015-12-14","oszmWJzaoIuEWFCUlU907D1uiMq3WQkrMR6jX+aI6zQ=","NEON.BET.D11.000291","DROBEL","Dromochorus belfragei","species",,"Salle",,"Other",,"K015xPfLfah4eO1uZLmE3FLLe6b3pcen","zqzI6VPGJkqKrnUdkEIpiHhaRLZfA7fK",
"bd6a16c2-0b6e-459d-a7fb-617a13a97518","OAES_002.basePlot.bet","D11","OAES","OAES_002","E","2015-07-07","2015-07-21","2015-11-09","2015-12-04","DJFzCWJFd2iZPfG0eEimXQhYEw6z+ix75XI3V4jyKVs=","NEON.BET.D11.000289","PASCAL","Pasimachus californicus","species",,"Chaudoir",,"Other",,"K015xPfLfah4eO1uZLmE3FLLe6b3pcen","zqzI6VPGJkqKrnUdkEIpiHhaRLZfA7fK",
"e2e3e93c-5bdf-4d3b-9627-b3f46f286cf8","OAES_005.basePlot.bet","D11","OAES","OAES_005","E","2015-07-07","2015-07-21","2015-11-09","2015-12-30","oszmWJzaoIuEWFCUlU907LR6Z02ud7dJrlyz+VsEE04=","NEON.BET.D11.000290","CRADUB","Cratacanthus dubius","species",,"Palisot de Beauvois",,"Other",,"K015xPfLfah4eO1uZLmE3FLLe6b3pcen","zqzI6VPGJkqKrnUdkEIpiHhaRLZfA7fK",
"2ad9e6ad-44fb-40db-bdcd-e438507d94e8","OAES_001.basePlot.bet","D11","OAES","OAES_001","E","2015-07-07","2015-07-21","2015-11-09","2015-12-04","Yz+fJngcyZ9Pq0SDV7LlkltqkK8pjNgIHeyrc/Vpsrg=","NEON.BET.D11.000299","PASCAL","Pasimachus californicus","species",,"Chaudoir",,"Other",,"K015xPfLfah4eO1uZLmE3FLLe6b3pcen","zqzI6VPGJkqKrnUdkEIpiHhaRLZfA7fK",
"b8be6d5d-334e-4d26-bb4e-7f88deb1f13b","OAES_008.basePlot.bet","D11","OAES","OAES_008","N","2015-07-07","2015-07-21","2015-11-09","2015-12-04","BL2EGNvUCCPG8hZ4BJwuwZoi3DXeobZvewbBNX7yFU4=","NEON.BET.D11.000276","PASCAL","Pasimachus californicus","species",,"Chaudoir",,"Other",,"K015xPfLfah4eO1uZLmE3FLLe6b3pcen","zqzI6VPGJkqKrnUdkEIpiHhaRLZfA7fK",
"6648c678-d5ca-4a6b-afe4-1d7e7e130bd2","OAES_008.basePlot.bet","D11","OAES","OAES_008","N","2015-07-07","2015-07-21","2015-11-09","2015-12-14","BL2EGNvUCCPG8hZ4BJwuwaL6gFAVx/wyEDs1TYzcXUw=","NEON.BET.D11.000277","DROBEL","Dromochorus belfragei","species",,"Salle",,"Other",,"K015xPfLfah4eO1uZLmE3FLLe6b3pcen","zqzI6VPGJkqKrnUdkEIpiHhaRLZfA7fK",
"d37e7177-e6dd-4f26-8600-1e0cfd68df98","OAES_004.basePlot.bet","D11","OAES","OAES_004","N","2015-07-07","2015-07-21","2015-11-09","2015-12-04","FpFkKsaMuACuzNci4Z68xL1j1lS399sw352cfq3MS3o=","NEON.BET.D11.000267","PASCAL","Pasimachus californicus","species",,"Chaudoir",,"Other",,"K015xPfLfah4eO1uZLmE3FLLe6b3pcen","zqzI6VPGJkqKrnUdkEIpiHhaRLZfA7fK",
"c572006d-4ca4-4c05-b563-bc47f21e13e9","OAES_004.basePlot.bet","D11","OAES","OAES_004","N","2015-07-07","2015-07-21","2015-11-09","2015-12-04","FpFkKsaMuACuzNci4Z68xL1j1lS399sw352cfq3MS3o=","NEON.BET.D11.000269","PASCAL","Pasimachus californicus","species",,"Chaudoir",,"Other",,"K015xPfLfah4eO1uZLmE3FLLe6b3pcen","zqzI6VPGJkqKrnUdkEIpiHhaRLZfA7fK",
"bfe249b8-6161-430e-84a2-995c70f03f87","OAES_004.basePlot.bet","D11","OAES","OAES_004","N","2015-07-07","2015-07-21","2015-11-09","2015-12-04","FpFkKsaMuACuzNci4Z68xL1j1lS399sw352cfq3MS3o=","NEON.BET.D11.000272","PASCAL","Pasimachus californicus","species",,"Chaudoir",,"Other",,"K015xPfLfah4eO1uZLmE3FLLe6b3pcen","zqzI6VPGJkqKrnUdkEIpiHhaRLZfA7fK",
"4ea0f93c-856a-4823-9678-835639d9e34e","OAES_004.basePlot.bet","D11","OAES","OAES_004","N","2015-07-07","2015-07-21","2015-11-09","2015-12-04","FpFkKsaMuACuzNci4Z68xL1j1lS399sw352cfq3MS3o=","NEON.BET.D11.000270","PASCAL","Pasimachus californicus","species",,"Chaudoir",,"Other",,"K015xPfLfah4eO1uZLmE3FLLe6b3pcen","zqzI6VPGJkqKrnUdkEIpiHhaRLZfA7fK",
"a63a9ca0-35a3-4f50-ad7c-8b3985e3982f","OAES_004.basePlot.bet","D11","OAES","OAES_004","N","2015-07-07","2015-07-21","2015-11-09","2015-12-04","FpFkKsaMuACuzNci4Z68xL1j1lS399sw352cfq3MS3o=","NEON.BET.D11.000271","PASCAL","Pasimachus californicus","species",,"Chaudoir",,"Other",,"K015xPfLfah4eO1uZLmE3FLLe6b3pcen","zqzI6VPGJkqKrnUdkEIpiHhaRLZfA7fK",
"ce53091b-8c65-48db-b02f-0850a8c704fb","OAES_021.basePlot.bet","D11","OAES","OAES_021","W","2015-07-07","2015-07-21","2015-11-09","2015-12-04","aFCS5Rk0Sda5ErK1x3DbH5zWR5UPEQPqKUNk0nIgCak=","NEON.BET.D11.000303","PASCAL","Pasimachus californicus","species",,"Chaudoir",,"Other",,"K015xPfLfah4eO1uZLmE3FLLe6b3pcen","zqzI6VPGJkqKrnUdkEIpiHhaRLZfA7fK",
"df8af799-4d64-40e2-bfa3-e8ce80528efd","OAES_005.basePlot.bet","D11","OAES","OAES_005","N","2015-07-07","2015-07-21","2015-11-09","2015-12-31","oszmWJzaoIuaqeEDME44ylkg1pcILwt3xQwuxS9+mKo=","NEON.BET.D11.000293","SELPED","Selenophorus pedicularius","species","cf. species","Dejean",,"Other",,"K015xPfLfah4eO1uZLmE3FLLe6b3pcen","zqzI6VPGJkqKrnUdkEIpiHhaRLZfA7fK",
"d63b01f1-1b58-4c27-9266-640e0e205bb8","OAES_005.basePlot.bet","D11","OAES","OAES_005","N","2015-07-07","2015-07-21","2015-11-09","2015-12-31","oszmWJzaoIuaqeEDME44ylkg1pcILwt3xQwuxS9+mKo=","NEON.BET.D11.000295","SELPED","Selenophorus pedicularius","species","cf. species","Dejean",,"Other",,"K015xPfLfah4eO1uZLmE3FLLe6b3pcen","zqzI6VPGJkqKrnUdkEIpiHhaRLZfA7fK",
"84c3f745-ab12-4a66-a416-e7f587ea3b19","OAES_005.basePlot.bet","D11","OAES","OAES_005","N","2015-07-07","2015-07-21","2015-11-09","2015-12-31","oszmWJzaoIuaqeEDME44ylkg1pcILwt3xQwuxS9+mKo=","NEON.BET.D11.000294","SELPED","Selenophorus pedicularius","species","cf. species","Dejean",,"Other",,"K015xPfLfah4eO1uZLmE3FLLe6b3pcen","zqzI6VPGJkqKrnUdkEIpiHhaRLZfA7fK",
"af65aaf0-3563-4edd-a0a8-3ce2a3c9403d","OAES_004.basePlot.bet","D11","OAES","OAES_004","N","2015-07-07","2015-07-21","2015-11-09","2015-12-04","FpFkKsaMuACuzNci4Z68xL1j1lS399sw352cfq3MS3o=","NEON.BET.D11.000273","PASCAL","Pasimachus californicus","species",,"Chaudoir",,"Other",,"K015xPfLfah4eO1uZLmE3FLLe6b3pcen","zqzI6VPGJkqKrnUdkEIpiHhaRLZfA7fK",
"c2d3a3e9-1614-406a-b415-566454c894d9","OAES_002.basePlot.bet","D11","OAES","OAES_002","N","2015-07-07","2015-07-21","2015-11-09","2015-12-31","DJFzCWJFd2gZux6f6ih4USaWs0jOSLx5cFMQ3+Xr2Uw=","NEON.BET.D11.000284","SELPED","Selenophorus pedicularius","species","cf. species","Dejean",,"Other",,"K015xPfLfah4eO1uZLmE3FLLe6b3pcen","zqzI6VPGJkqKrnUdkEIpiHhaRLZfA7fK",
"33dfcc9a-b847-423e-8f09-fdd8b7aea323","OAES_002.basePlot.bet","D11","OAES","OAES_002","N","2015-07-07","2015-07-21","2015-11-09","2015-12-04","DJFzCWJFd2gZux6f6ih4Ubq2fDioQzcjfP6NGK6jM6s=","NEON.BET.D11.000282","PASCAL","Pasimachus californicus","species",,"Chaudoir",,"Other",,"K015xPfLfah4eO1uZLmE3FLLe6b3pcen","zqzI6VPGJkqKrnUdkEIpiHhaRLZfA7fK",
"fd39eb16-b6bc-4041-8771-5d49a1fd35cc","OAES_002.basePlot.bet","D11","OAES","OAES_002","N","2015-07-07","2015-07-21","2015-11-09","2015-12-04","DJFzCWJFd2gZux6f6ih4UTiQokbCeOMPgSFyq8rmDMo=","NEON.BET.D11.000283","PASELO","Pasimachus elongatus","species",,"LeConte",,"Other",,"K015xPfLfah4eO1uZLmE3FLLe6b3pcen","zqzI6VPGJkqKrnUdkEIpiHhaRLZfA7fK",
"31617aa6-694d-47f8-ba20-43664e631f98","OAES_021.basePlot.bet","D11","OAES","OAES_021","N","2015-07-07","2015-07-21","2015-11-09","2015-12-04","aFCS5Rk0Sda1Rkk6HlQMZZM0ZZ/h7P/wnijYIzM1bF0=","NEON.BET.D11.000307","PASCAL","Pasimachus californicus","species",,"Chaudoir",,"Other",,"K015xPfLfah4eO1uZLmE3FLLe6b3pcen","zqzI6VPGJkqKrnUdkEIpiHhaRLZfA7fK",
"22264e09-2ac8-46d2-8893-3ff8d827c3e5","OAES_009.basePlot.bet","D11","OAES","OAES_009","N","2015-07-07","2015-07-21","2015-11-09","2015-12-04","e+s5q3w8y7N0DA6Xh0DAy6RI8PtX4vH/d99+aXiEtI8=","NEON.BET.D11.000261","PASCAL","Pasimachus californicus","species",,"Chaudoir",,"Other",,"K015xPfLfah4eO1uZLmE3FLLe6b3pcen","zqzI6VPGJkqKrnUdkEIpiHhaRLZfA7fK",
"61a54074-0684-4074-abf2-482759a7dceb","OAES_001.basePlot.bet","D11","OAES","OAES_001","N","2015-07-07","2015-07-21","2015-11-09","2015-12-04","Yz+fJngcyZ/SwCCmRbtKNBcOh6GE5a18jgB5QmLUE7A=","NEON.BET.D11.000302","PASCAL","Pasimachus californicus","species",,"Chaudoir",,"Other",,"K015xPfLfah4eO1uZLmE3FLLe6b3pcen","zqzI6VPGJkqKrnUdkEIpiHhaRLZfA7fK",
"4cfe0054-7e4d-4dc9-abf4-6789eed68c95","OAES_021.basePlot.bet","D11","OAES","OAES_021","N","2015-07-07","2015-07-21","2015-11-09","2015-12-04","aFCS5Rk0Sda1Rkk6HlQMZZM0ZZ/h7P/wnijYIzM1bF0=","NEON.BET.D11.000306","PASCAL","Pasimachus californicus","species",,"Chaudoir",,"Other",,"K015xPfLfah4eO1uZLmE3FLLe6b3pcen","zqzI6VPGJkqKrnUdkEIpiHhaRLZfA7fK",
"54c1bac6-7f90-4b9a-aa3c-c5129c84e1e8","OAES_001.basePlot.bet","D11","OAES","OAES_001","N","2015-07-07","2015-07-21","2015-11-09","2015-12-04","Yz+fJngcyZ/SwCCmRbtKNBcOh6GE5a18jgB5QmLUE7A=","NEON.BET.D11.000301","PASCAL","Pasimachus californicus","species",,"Chaudoir",,"Other",,"K015xPfLfah4eO1uZLmE3FLLe6b3pcen","zqzI6VPGJkqKrnUdkEIpiHhaRLZfA7fK",
"5bdf701d-a707-4c7b-b339-4b689fc1d3d6","OAES_001.basePlot.bet","D11","OAES","OAES_001","N","2015-07-07","2015-07-21","2015-11-09","2015-12-04","Yz+fJngcyZ/SwCCmRbtKNBcOh6GE5a18jgB5QmLUE7A=","NEON.BET.D11.000300","PASCAL","Pasimachus californicus","species",,"Chaudoir",,"Other",,"K015xPfLfah4eO1uZLmE3FLLe6b3pcen","zqzI6VPGJkqKrnUdkEIpiHhaRLZfA7fK",
"e9234741-57c0-4807-856e-a7d73c29d7e7","OAES_006.basePlot.bet","D11","OAES","OAES_006","S","2015-07-07","2015-07-21","2015-11-09","2015-12-04","mt2fHmHLlFky+gM/KaEO+NmaYCpR5Gp7STNIHKi5QDQ=","NEON.BET.D11.000263","PASCAL","Pasimachus californicus","species",,"Chaudoir",,"Other",,"K015xPfLfah4eO1uZLmE3FLLe6b3pcen","zqzI6VPGJkqKrnUdkEIpiHhaRLZfA7fK",
"9ccabe59-3678-44e1-9014-0787ff83d45a","OAES_021.basePlot.bet","D11","OAES","OAES_021","S","2015-07-07","2015-07-21","2015-11-09","2015-12-04","aFCS5Rk0Sdby3yiqp9igyqFyO/QAT2Po4I2uDgvcGpk=","NEON.BET.D11.000305","PASCAL","Pasimachus californicus","species",,"Chaudoir",,"Other",,"K015xPfLfah4eO1uZLmE3FLLe6b3pcen","zqzI6VPGJkqKrnUdkEIpiHhaRLZfA7fK",
"dbdfb204-9dd5-4a1b-85c0-54e1895ace47","OAES_021.basePlot.bet","D11","OAES","OAES_021","S","2015-07-07","2015-07-21","2015-11-09","2015-12-04","aFCS5Rk0Sdby3yiqp9igyqFyO/QAT2Po4I2uDgvcGpk=","NEON.BET.D11.000304","PASCAL","Pasimachus californicus","species",,"Chaudoir",,"Other",,"K015xPfLfah4eO1uZLmE3FLLe6b3pcen","zqzI6VPGJkqKrnUdkEIpiHhaRLZfA7fK",
"150723be-05e1-4f86-b148-f4e4bf8db441","OAES_002.basePlot.bet","D11","OAES","OAES_002","S","2015-07-07","2015-07-21","2015-11-09","2015-12-04","DJFzCWJFd2h0hWWcZRnW006YJUuJfCL4iPld8yUGbJU=","NEON.BET.D11.000285","PASCAL","Pasimachus californicus","species",,"Chaudoir",,"Other",,"K015xPfLfah4eO1uZLmE3FLLe6b3pcen","zqzI6VPGJkqKrnUdkEIpiHhaRLZfA7fK",
"b4482ed5-4b85-485c-9ac3-f2e979e5a573","OAES_001.basePlot.bet","D11","OAES","OAES_001","S","2015-07-07","2015-07-21","2015-11-09","2015-12-04","Yz+fJngcyZ/xMN7MCKMftM+JwetOP1JumRBs7SP52lA=","NEON.BET.D11.000296","PASELO","Pasimachus elongatus","species",,"LeConte",,"Other",,"K015xPfLfah4eO1uZLmE3FLLe6b3pcen","zqzI6VPGJkqKrnUdkEIpiHhaRLZfA7fK",
"bb3a31d9-41b7-424c-bd6c-d8d381c6536e","OAES_002.basePlot.bet","D11","OAES","OAES_002","S","2015-07-07","2015-07-21","2015-11-09","2015-12-04","DJFzCWJFd2h0hWWcZRnW006YJUuJfCL4iPld8yUGbJU=","NEON.BET.D11.000286","PASCAL","Pasimachus californicus","species",,"Chaudoir",,"Other",,"K015xPfLfah4eO1uZLmE3FLLe6b3pcen","zqzI6VPGJkqKrnUdkEIpiHhaRLZfA7fK",
"c4a57e08-4616-40a6-bca0-342b4bb89a18","OAES_002.basePlot.bet","D11","OAES","OAES_002","S","2015-07-07","2015-07-21","2015-11-09","2015-12-04","DJFzCWJFd2h0hWWcZRnW006YJUuJfCL4iPld8yUGbJU=","NEON.BET.D11.000287","PASCAL","Pasimachus californicus","species",,"Chaudoir",,"Other",,"K015xPfLfah4eO1uZLmE3FLLe6b3pcen","zqzI6VPGJkqKrnUdkEIpiHhaRLZfA7fK",
"3f04570c-7c57-4b1b-a20a-63dfd8d3e148","OAES_003.basePlot.bet","D11","OAES","OAES_003","S","2015-07-07","2015-07-21","2015-11-09","2015-12-04","JY1K16SHr/yHQvgUlPKb8btjzPYzLtjsy9ieeKluubo=","NEON.BET.D11.000275","PASCAL","Pasimachus californicus","species",,"Chaudoir",,"Other",,"K015xPfLfah4eO1uZLmE3FLLe6b3pcen","zqzI6VPGJkqKrnUdkEIpiHhaRLZfA7fK",
"139fb741-cb7c-4f15-8c0b-99de3d7b3b03","OAES_004.basePlot.bet","D11","OAES","OAES_004","S","2015-07-07","2015-07-21","2015-11-09","2015-12-04","FpFkKsaMuACjwxK0I0WiYEvK1Wn9YcBs2xnziaoBI+k=","NEON.BET.D11.000274","PASCAL","Pasimachus californicus","species",,"Chaudoir",,"Other",,"K015xPfLfah4eO1uZLmE3FLLe6b3pcen","zqzI6VPGJkqKrnUdkEIpiHhaRLZfA7fK",
"cc880f90-0866-4258-a4f2-1e9479f4283a","OAES_006.basePlot.bet","D11","OAES","OAES_006","W","2015-07-07","2015-07-21","2015-11-09","2015-12-04","mt2fHmHLlFkdPSsTPYYYakg1+k/MXEuZOk6dZmRC2zQ=","NEON.BET.D11.000265","PASCAL","Pasimachus californicus","species",,"Chaudoir",,"Other",,"K015xPfLfah4eO1uZLmE3FLLe6b3pcen","zqzI6VPGJkqKrnUdkEIpiHhaRLZfA7fK",
"f6e03dbc-111d-4c85-9b42-0025ac37ad33","OAES_004.basePlot.bet","D11","OAES","OAES_004","S","2015-07-21","2015-07-27","2015-11-10","2015-12-04","FpFkKsaMuACjwxK0I0WiYGISH6eYjTK1PJyY24BvlXA=","NEON.BET.D11.000314","PASCAL","Pasimachus californicus","species",,"Chaudoir",,"Other",,"K015xPfLfah4eO1uZLmE3FLLe6b3pcen","zqzI6VPGJkqKrnUdkEIpiHhaRLZfA7fK",
"a498ae1e-ebb3-4ed7-a4e3-bf94e3af088e","OAES_004.basePlot.bet","D11","OAES","OAES_004","N","2015-07-21","2015-07-27","2015-11-10","2015-12-04","FpFkKsaMuACuzNci4Z68xOON5GiFFj5P8w0AuqpZX/4=","NEON.BET.D11.000313","PASCAL","Pasimachus californicus","species",,"Chaudoir",,"Other",,"K015xPfLfah4eO1uZLmE3FLLe6b3pcen","zqzI6VPGJkqKrnUdkEIpiHhaRLZfA7fK",
