uid,namedLocation,domainID,siteID,plotID,trapID,setDate,collectDate,processingDate,etOHChangeDate,identifiedDate,sampleID,subsampleID,sampleType,taxonID,scientificName,taxonRank,identificationQualifier,scientificNameAuthorship,morphospeciesID,individualCount,identificationReferences,identifiedBy,recordedBy,remarks
"50f362c0-09e9-4cd1-9e16-9648e39dbb54","SCBI_004.basePlot.bet","D02","SCBI","SCBI_004","W","2015-04-28","2015-05-12","2015-05-13","2015-06-05",,"SCBI_004.W.20150512","ZCodyo9yj61wzkxAmSeyxtOb/B7mIyRqcp/2VqmHMbw=","invert bycatch",,,,,,,,,,"wYCqaZcA+7slXlj5N/mM6vobrh4QDptp",
"3e2ae0fd-045c-4030-a013-a082a37f4d9c","SCBI_033.basePlot.bet","D02","SCBI","SCBI_033","W","2015-04-28","2015-05-12","2015-05-13","2015-05-28",,"SCBI_033.W.20150512","4ZBK4Rjlf9mfQQkSbewYYBx9JsRgg+wIokoaEA/C6hc=","invert bycatch",,,,,,,,,,"wYCqaZcA+7slXlj5N/mM6vobrh4QDptp",
"a37542f4-c570-42e2-87df-6a49401c1dcf","SCBI_002.basePlot.bet","D02","SCBI","SCBI_002","W","2015-04-28","2015-05-12","2015-05-13","2015-06-05","2015-06-05","SCBI_002.W.20150512","NTl2q/XFbjyrgqkI6IqNAmwx1AMhmiNXemvgssdqqLw=","carabid","CHLAES","Chlaenius aestivus","species",,"Say",,1,"Ciegler, J. C. 2000. Ground beetles and wrinkled bark beetles of South Carolina (Coleoptera: Geadephaga: Carabidae and Rhysodidae). Biota of South Carolina. Vol. 1. Clemson, S. Clemson University.","wYCqaZcA+7slXlj5N/mM6vobrh4QDptp","wYCqaZcA+7slXlj5N/mM6vobrh4QDptp",
"42def3a1-a226-485c-bfca-1dbae3f47b31","SCBI_006.basePlot.bet","D02","SCBI","SCBI_006","W","2015-04-28","2015-05-12","2015-05-13","2015-06-03",,"SCBI_006.W.20150512","2wNT0Wyw284TokAWI5dUptWqu0eN/01RreTUK4FUo4U=","invert bycatch",,,,,,,,,,"wYCqaZcA+7slXlj5N/mM6vobrh4QDptp",
"46752288-d759-4610-ad57-41761567362c","SCBI_006.basePlot.bet","D02","SCBI","SCBI_006","W","2015-04-28","2015-05-12","2015-05-13","2015-06-03",,"SCBI_006.W.20150512","2wNT0Wyw284TokAWI5dUptWqu0eN/01RSDk4nApE+Hc=","invert bycatch",,,,,,,,,,"wYCqaZcA+7slXlj5N/mM6vobrh4QDptp",
"61486a8d-7097-44ab-8509-0aecf43186c4","SCBI_006.basePlot.bet","D02","SCBI","SCBI_006","W","2015-04-28","2015-05-12","2015-05-13","2015-06-03","2015-06-03","SCBI_006.W.20150512","2wNT0Wyw284TokAWI5dUpg8Nq6A/iTEn45EOCGQ67XA=","carabid","OTHE","Carabidae sp.","family",,"Latreille",,2,"Bousquet, Y. 2010b. Illustrated Identification Guide to Adults and Larvae of Northeastern North American Ground Beetles (Coleoptera: Carabidae). 1st Ed. Pensoft Publishers, Sofia, Bulgaria.","wYCqaZcA+7slXlj5N/mM6vobrh4QDptp","wYCqaZcA+7slXlj5N/mM6vobrh4QDptp","HARRUB Harpalus rubripes"
"0deb2460-69c7-4e04-8ca4-5e934dcb1801","SCBI_005.basePlot.bet","D02","SCBI","SCBI_005","W","2015-04-28","2015-05-12","2015-05-13","2015-06-08",,"SCBI_005.W.20150512","2MbaqPQFAm6XpqAZWGjMGGFKAIReTqG8bhQ4JD1piB4=","invert bycatch",,,,,,,,,,"wYCqaZcA+7slXlj5N/mM6vobrh4QDptp",
"2ca78379-76a5-48a3-8514-aa56d31ba0be","SCBI_033.basePlot.bet","D02","SCBI","SCBI_033","W","2015-04-28","2015-05-12","2015-05-13","2015-05-28",,"SCBI_033.W.20150512","4ZBK4Rjlf9mfQQkSbewYYBx9JsRgg+wIvsNu3FqOo5c=","invert bycatch",,,,,,,,,,"wYCqaZcA+7slXlj5N/mM6vobrh4QDptp",
"98f3bbd3-e8f1-4e2c-b816-2e26a51bb3d9","SCBI_002.basePlot.bet","D02","SCBI","SCBI_002","E","2015-04-28","2015-05-12","2015-05-13","2015-06-05","2015-06-05","SCBI_002.E.20150512","NTl2q/XFbjxxk0NSrvvJwO387nuOrhvNu/D05qsayQQ=","carabid","TRIAUT","Trichotichnus autumnalis","species",,"Say",,1,"Ciegler, J. C. 2000. Ground beetles and wrinkled bark beetles of South Carolina (Coleoptera: Geadephaga: Carabidae and Rhysodidae). Biota of South Carolina. Vol. 1. Clemson, S. Clemson University.","wYCqaZcA+7slXlj5N/mM6vobrh4QDptp","wYCqaZcA+7slXlj5N/mM6vobrh4QDptp",
"da3dc881-5213-463e-99ab-22b6db845e36","SCBI_005.basePlot.bet","D02","SCBI","SCBI_005","E","2015-04-28","2015-05-12","2015-05-13","2015-06-08",,"SCBI_005.E.20150512","2MbaqPQFAm4GHc0axYcvHdR5UfNm0oN3URyCT2LGOVU=","invert bycatch",,,,,,,,,,"wYCqaZcA+7slXlj5N/mM6vobrh4QDptp",
"5711b0c4-d04b-4f4e-9510-1bb8b3c410c7","SCBI_006.basePlot.bet","D02","SCBI","SCBI_006","E","2015-04-28","2015-05-12","2015-05-13","2015-06-03",,"SCBI_006.E.20150512","2wNT0Wyw285qrh4YWsaSH5BpP2JcAGKxFXc1hQpfy/Y=","invert bycatch",,,,,,,,,,"wYCqaZcA+7slXlj5N/mM6vobrh4QDptp",
"e64c3b1e-87ba-4a54-b909-d8050ae5f675","SCBI_005.basePlot.bet","D02","SCBI","SCBI_005","E","2015-04-28","2015-05-12","2015-05-13","2015-06-08","2015-05-27","SCBI_005.E.20150512","2MbaqPQFAm4GHc0axYcvHf/fPB79G/I2c24S+T6g6Fc=","vert bycatch herp","PLECIN","Plethodon cinereus","species",,"Green",,1,"Conant, R., and J. T. Collins. 1998. A Field Guide to Reptiles and Amphibians: Eastern and Central North America. 3rd Ed. Houghton Mifflin Company, New York, NY.","wYCqaZcA+7slXlj5N/mM6vobrh4QDptp","wYCqaZcA+7slXlj5N/mM6vobrh4QDptp",
"4e5dda09-adbe-4ed7-b78e-c8b7e9609275","SCBI_010.basePlot.bet","D02","SCBI","SCBI_010","E","2015-04-28","2015-05-12","2015-05-13","2015-05-27",,"SCBI_010.E.20150512","6yi0mRc5GEKiw9QRCygipDJbnzIAYTol7rdSybbI8Uc=","invert bycatch",,,,,,,,,,"wYCqaZcA+7slXlj5N/mM6vobrh4QDptp",
"bf4dd40e-4257-4f40-9c17-aaf8e22ce0a5","SCBI_004.basePlot.bet","D02","SCBI","SCBI_004","E","2015-04-28","2015-05-12","2015-05-13","2015-06-05",,"SCBI_004.E.20150512","ZCodyo9yj62r3k2fVkXhLkib+wQ0bM8RE/GB/EaXMek=","invert bycatch",,,,,,,,,,"wYCqaZcA+7slXlj5N/mM6vobrh4QDptp",
"2b0a503b-118e-4208-aace-706b26eb7c5f","SCBI_006.basePlot.bet","D02","SCBI","SCBI_006","E","2015-04-28","2015-05-12","2015-05-13","2015-06-03",,"SCBI_006.E.20150512","2wNT0Wyw285qrh4YWsaSH5BpP2JcAGKxiGhyENPLz4s=","invert bycatch",,,,,,,,,,"wYCqaZcA+7slXlj5N/mM6vobrh4QDptp",
"863375c7-c646-49ee-b30a-0782d9cbf745","SCBI_010.basePlot.bet","D02","SCBI","SCBI_010","E","2015-04-28","2015-05-12","2015-05-13","2015-05-27","2015-05-27","SCBI_010.E.20150512","6yi0mRc5GEKiw9QRCygipEGCkk0xnmAG9R3d5QOl660=","carabid","NOTAEN","Notiophilus aeneus","species",,"Herbst",,1,"Bousquet, Y. 2010b. Illustrated Identification Guide to Adults and Larvae of Northeastern North American Ground Beetles (Coleoptera: Carabidae). 1st Ed. Pensoft Publishers, Sofia, Bulgaria.","wYCqaZcA+7slXlj5N/mM6vobrh4QDptp","wYCqaZcA+7slXlj5N/mM6vobrh4QDptp",
"bfe15722-ef17-41de-9f4b-f80b7defa170","SCBI_033.basePlot.bet","D02","SCBI","SCBI_033","E","2015-04-28","2015-05-12","2015-05-13","2015-05-28",,"SCBI_033.E.20150512","4ZBK4Rjlf9ky2snNQuvzIwCreiq5us9t3oAqeQJoKnc=","invert bycatch",,,,,,,,,,"wYCqaZcA+7slXlj5N/mM6vobrh4QDptp",
"1fe23c53-8573-4ce8-8903-54be9856947f","SCBI_033.basePlot.bet","D02","SCBI","SCBI_033","E","2015-04-28","2015-05-12","2015-05-13","2015-05-28",,"SCBI_033.E.20150512","4ZBK4Rjlf9ky2snNQuvzIwCreiq5us9trPUdtzVG4YE=","invert bycatch",,,,,,,,,,"wYCqaZcA+7slXlj5N/mM6vobrh4QDptp",
"c7ebab33-fc10-4964-9ac4-e4b24a1da824","SCBI_002.basePlot.bet","D02","SCBI","SCBI_002","E","2015-04-28","2015-05-12","2015-05-13","2015-06-05",,"SCBI_002.E.20150512","NTl2q/XFbjxxk0NSrvvJwHjasujlJxHGrRO1GoHkd+Y=","invert bycatch",,,,,,,,,,"wYCqaZcA+7slXlj5N/mM6vobrh4QDptp",
"7c16b539-08ee-4f18-bfa2-98860d8d5e5d","SCBI_002.basePlot.bet","D02","SCBI","SCBI_002","N","2015-04-28","2015-05-12","2015-05-13","2015-06-05",,"SCBI_002.N.20150512","NTl2q/XFbjzyUEn3Qe7D5gaC8Lf1ILexjCu9iDq4Ahg=","invert bycatch",,,,,,,,,,"wYCqaZcA+7slXlj5N/mM6vobrh4QDptp",
"3ce38e3c-8bbc-4716-8495-b6a0fab24499","SCBI_004.basePlot.bet","D02","SCBI","SCBI_004","N","2015-04-28","2015-05-12","2015-05-13","2015-06-05","2015-06-05","SCBI_004.N.20150512","ZCodyo9yj6286/2SN8Mad4j/HbnYLqulM53maM7ohQY=","carabid","CHLAES","Chlaenius aestivus","species",,"Say",,1,"Ciegler, J. C. 2000. Ground beetles and wrinkled bark beetles of South Carolina (Coleoptera: Geadephaga: Carabidae and Rhysodidae). Biota of South Carolina. Vol. 1. Clemson, S. Clemson University.","wYCqaZcA+7slXlj5N/mM6vobrh4QDptp","wYCqaZcA+7slXlj5N/mM6vobrh4QDptp",
"016e35e3-0a78-41d3-9de5-b3835819e2b3","SCBI_004.basePlot.bet","D02","SCBI","SCBI_004","N","2015-04-28","2015-05-12","2015-05-13","2015-05-29","2015-06-05","SCBI_004.N.20150512","ZCodyo9yj6286/2SN8Mad/Q3A34swopz2ijH4s7V1YM=","carabid","DICDIL1","Dicaelus dilatatus dilatatus","subspecies",,"Say",,1,"Ciegler, J. C. 2000. Ground beetles and wrinkled bark beetles of South Carolina (Coleoptera: Geadephaga: Carabidae and Rhysodidae). Biota of South Carolina. Vol. 1. Clemson, S. Clemson University.","wYCqaZcA+7slXlj5N/mM6vobrh4QDptp","wYCqaZcA+7slXlj5N/mM6vobrh4QDptp",
"a96a89e0-d31a-41f1-bb1d-c90a9094321b","SCBI_003.basePlot.bet","D02","SCBI","SCBI_003","N","2015-04-28","2015-05-12","2015-05-13","2015-05-29",,"SCBI_003.N.20150512","YQnsugPXdU2Zq1Hkpx4VShtxB1N8oJwAsDtD4t+Z5Yk=","invert bycatch",,,,,,,,,,"wYCqaZcA+7slXlj5N/mM6vobrh4QDptp",
"f61c50a2-3dc0-43f5-987b-62fee17d7c25","SCBI_033.basePlot.bet","D02","SCBI","SCBI_033","N","2015-04-28","2015-05-12","2015-05-13","2015-05-28",,"SCBI_033.N.20150512","4ZBK4Rjlf9lguawvaR+YghwtQBlMNU7HyLOH4F0M52c=","invert bycatch",,,,,,,,,,"wYCqaZcA+7slXlj5N/mM6vobrh4QDptp",
"97365f1f-1e1d-4bfa-814b-9d0373a73fbf","SCBI_004.basePlot.bet","D02","SCBI","SCBI_004","N","2015-04-28","2015-05-12","2015-05-13","2015-06-05",,"SCBI_004.N.20150512","ZCodyo9yj6286/2SN8Madxn8XfnQ5bwlkcMfahctTdM=","invert bycatch",,,,,,,,,,"wYCqaZcA+7slXlj5N/mM6vobrh4QDptp",
"e270462a-1ced-47c9-b68f-e42b2c57a011","SCBI_005.basePlot.bet","D02","SCBI","SCBI_005","N","2015-04-28","2015-05-12","2015-05-13","2015-06-08",,"SCBI_005.N.20150512","2MbaqPQFAm6aL5deFx9vUSEzv8k36t+6BpJNCw48B7o=","invert bycatch",,,,,,,,,,"wYCqaZcA+7slXlj5N/mM6vobrh4QDptp",
"57c13850-63a9-4118-8d7f-4d2c08524451","SCBI_008.basePlot.bet","D02","SCBI","SCBI_008","N","2015-04-28","2015-05-12","2015-05-13","2015-06-01",,"SCBI_008.N.20150512","BDl2KAs5Zr36jXTEeNl24+2Sr7DFcBj782ecXazr5aQ=","invert bycatch",,,,,,,,,,"wYCqaZcA+7slXlj5N/mM6vobrh4QDptp",
"7e7f1804-35ab-4d89-bcb1-c9a98b28a9d2","SCBI_006.basePlot.bet","D02","SCBI","SCBI_006","N","2015-04-28","2015-05-12","2015-05-13","2015-06-03",,"SCBI_006.N.20150512","2wNT0Wyw286PiGGTpklZ+rNLjPgqf7nPpxUwLsQmyHw=","invert bycatch",,,,,,,,,,"wYCqaZcA+7slXlj5N/mM6vobrh4QDptp",
"393344f6-0db7-477f-bb16-3121b64ac687","SCBI_006.basePlot.bet","D02","SCBI","SCBI_006","N","2015-04-28","2015-05-12","2015-05-13","2015-06-03",,"SCBI_006.N.20150512","2wNT0Wyw286PiGGTpklZ+rNLjPgqf7nP0ym5iqiobyw=","invert bycatch",,,,,,,,,,"wYCqaZcA+7slXlj5N/mM6vobrh4QDptp",
"db398a38-2848-4765-8c43-e4114f1a141b","SCBI_033.basePlot.bet","D02","SCBI","SCBI_033","N","2015-04-28","2015-05-12","2015-05-13","2015-05-28",,"SCBI_033.N.20150512","4ZBK4Rjlf9lguawvaR+YghwtQBlMNU7HbmSsD9WmUDI=","invert bycatch",,,,,,,,,,"wYCqaZcA+7slXlj5N/mM6vobrh4QDptp",
"9d804dee-1b1b-4edb-a30b-85f54f40c0d0","SCBI_003.basePlot.bet","D02","SCBI","SCBI_003","N","2015-04-28","2015-05-12","2015-05-13","2015-05-29","2015-05-29","SCBI_003.N.20150512","YQnsugPXdU2Zq1Hkpx4VSoDvaRCnsuSwlJhEnW13vwY=","carabid","CHLAES","Chlaenius aestivus","species",,"Say",,1,"Ciegler, J. C. 2000. Ground beetles and wrinkled bark beetles of South Carolina (Coleoptera: Geadephaga: Carabidae and Rhysodidae). Biota of South Carolina. Vol. 1. Clemson, S. Clemson University.","wYCqaZcA+7slXlj5N/mM6vobrh4QDptp","wYCqaZcA+7slXlj5N/mM6vobrh4QDptp",
"677c13d5-1bd7-4786-bac5-852cf1ef0506","SCBI_008.basePlot.bet","D02","SCBI","SCBI_008","S","2015-04-28","2015-05-12","2015-05-13","2015-06-01","2015-06-01","SCBI_008.S.20150512","BDl2KAs5Zr2uFlAO9rT1ClYx9e1P0lJ0ebfsXwoi2BE=","carabid","DICDIL1","Dicaelus dilatatus dilatatus","subspecies",,"Say",,1,"Ciegler, J. C. 2000. Ground beetles and wrinkled bark beetles of South Carolina (Coleoptera: Geadephaga: Carabidae and Rhysodidae). Biota of South Carolina. Vol. 1. Clemson, S. Clemson University.","wYCqaZcA+7slXlj5N/mM6vobrh4QDptp","wYCqaZcA+7slXlj5N/mM6vobrh4QDptp",
"6cb428f4-4757-434b-bec6-e1d5002a6c89","SCBI_007.basePlot.bet","D02","SCBI","SCBI_007","S","2015-04-28","2015-05-12","2015-05-13","2015-05-28","2015-05-28","SCBI_007.S.20150512","tckDqTjQv3gI17OVDNAsDtDUbV4rFLZ5xWry3pOdU+w=","carabid","CARGOR","Carabus goryi","species",,"Dejean",,2,"Ciegler, J. C. 2000. Ground beetles and wrinkled bark beetles of South Carolina (Coleoptera: Geadephaga: Carabidae and Rhysodidae). Biota of South Carolina. Vol. 1. Clemson, S. Clemson University.","wYCqaZcA+7slXlj5N/mM6vobrh4QDptp","wYCqaZcA+7slXlj5N/mM6vobrh4QDptp",
"bf021d69-33c8-4382-86a1-304c84f95797","SCBI_007.basePlot.bet","D02","SCBI","SCBI_007","S","2015-04-28","2015-05-12","2015-05-13","2015-05-28","2015-05-28","SCBI_007.S.20150512","tckDqTjQv3gI17OVDNAsDjkOlMZS5XTtb+wrTM2ymJY=","carabid","NOTAEN","Notiophilus aeneus","species",,"Herbst",,6,"Bousquet, Y. 2010b. Illustrated Identification Guide to Adults and Larvae of Northeastern North American Ground Beetles (Coleoptera: Carabidae). 1st Ed. Pensoft Publishers, Sofia, Bulgaria.","wYCqaZcA+7slXlj5N/mM6vobrh4QDptp","wYCqaZcA+7slXlj5N/mM6vobrh4QDptp",
"b31b1500-0dd7-4e2f-b259-9d9c52a0b734","SCBI_007.basePlot.bet","D02","SCBI","SCBI_007","S","2015-04-28","2015-05-12","2015-05-13","2015-05-28","2015-05-28","SCBI_007.S.20150512","tckDqTjQv3gI17OVDNAsDqNhhnvHdN7bFiED5htBAKE=","carabid","CHLAES","Chlaenius aestivus","species",,"Say",,1,"Ciegler, J. C. 2000. Ground beetles and wrinkled bark beetles of South Carolina (Coleoptera: Geadephaga: Carabidae and Rhysodidae). Biota of South Carolina. Vol. 1. Clemson, S. Clemson University.","wYCqaZcA+7slXlj5N/mM6vobrh4QDptp","wYCqaZcA+7slXlj5N/mM6vobrh4QDptp",
"a2db917d-c11f-4300-aa73-2867eb02e981","SCBI_008.basePlot.bet","D02","SCBI","SCBI_008","S","2015-04-28","2015-05-12","2015-05-13","2015-06-01","2015-06-01","SCBI_008.S.20150512","BDl2KAs5Zr2uFlAO9rT1Cl2dIUA6YRBxkO0Qa0W3FD0=","carabid","CHLAES","Chlaenius aestivus","species",,"Say",,8,"Ciegler, J. C. 2000. Ground beetles and wrinkled bark beetles of South Carolina (Coleoptera: Geadephaga: Carabidae and Rhysodidae). Biota of South Carolina. Vol. 1. Clemson, S. Clemson University.","wYCqaZcA+7slXlj5N/mM6vobrh4QDptp","wYCqaZcA+7slXlj5N/mM6vobrh4QDptp",
"9a410327-2c4d-4bd8-90da-ec97699f122c","SCBI_008.basePlot.bet","D02","SCBI","SCBI_008","S","2015-04-28","2015-05-12","2015-05-13","2015-06-01","2015-06-01","SCBI_008.S.20150512","BDl2KAs5Zr2uFlAO9rT1CoUieKlwQouvj9Heg7dmwsA=","carabid","CHLEMA","Chlaenius emarginatus","species",,"Say",,1,"Ciegler, J. C. 2000. Ground beetles and wrinkled bark beetles of South Carolina (Coleoptera: Geadephaga: Carabidae and Rhysodidae). Biota of South Carolina. Vol. 1. Clemson, S. Clemson University.","wYCqaZcA+7slXlj5N/mM6vobrh4QDptp","wYCqaZcA+7slXlj5N/mM6vobrh4QDptp",
"add72466-eda8-4b20-90b9-332242cc3cbe","SCBI_008.basePlot.bet","D02","SCBI","SCBI_008","S","2015-04-28","2015-05-12","2015-05-13","2015-06-01","2015-06-01","SCBI_008.S.20150512","BDl2KAs5Zr2uFlAO9rT1Ck53ZOk85I50lrpl1lQmUdM=","carabid","NOTAEN","Notiophilus aeneus","species",,"Herbst",,1,"Bousquet, Y. 2010b. Illustrated Identification Guide to Adults and Larvae of Northeastern North American Ground Beetles (Coleoptera: Carabidae). 1st Ed. Pensoft Publishers, Sofia, Bulgaria.","wYCqaZcA+7slXlj5N/mM6vobrh4QDptp","wYCqaZcA+7slXlj5N/mM6vobrh4QDptp",
"fc52ed5b-c211-4736-ab1d-e89027739cfa","SCBI_006.basePlot.bet","D02","SCBI","SCBI_006","S","2015-04-28","2015-05-12","2015-05-13","2015-06-03",,"SCBI_006.S.20150512","2wNT0Wyw285o/iZAEWrRkR0do8BSuFh6ZgxKYnHxyu4=","invert bycatch",,,,,,,,,,"wYCqaZcA+7slXlj5N/mM6vobrh4QDptp",
"2c77fae1-d5e7-44f6-930c-47d75c3d2537","SCBI_033.basePlot.bet","D02","SCBI","SCBI_033","S","2015-04-28","2015-05-12","2015-05-13","2015-05-28",,"SCBI_033.S.20150512","4ZBK4Rjlf9k4xybhcO8HB/snqVDdFt0B4AI/tiFPlAw=","invert bycatch",,,,,,,,,,"wYCqaZcA+7slXlj5N/mM6vobrh4QDptp",
"c78c90e7-a5b7-4ccc-a1d4-2523ea1ce1b1","SCBI_008.basePlot.bet","D02","SCBI","SCBI_008","S","2015-04-28","2015-05-12","2015-05-13","2015-06-01",,"SCBI_008.S.20150512","BDl2KAs5Zr2uFlAO9rT1Coe8A5VWN5dirG9kJwao4Js=","invert bycatch",,,,,,,,,,"wYCqaZcA+7slXlj5N/mM6vobrh4QDptp",
"42e1152b-6432-4d3b-8454-16f275558ce8","SCBI_005.basePlot.bet","D02","SCBI","SCBI_005","S","2015-04-28","2015-05-12","2015-05-13","2015-06-08","2015-06-08","SCBI_005.S.20150512","2MbaqPQFAm4RqvKqMmR5FUI1zZmUU02HU3/lZ2HOYtk=","carabid","ANIMEL","Anisodactylus melanopus","species",,"Haldeman",,1,"Bousquet, Y. 2010b. Illustrated Identification Guide to Adults and Larvae of Northeastern North American Ground Beetles (Coleoptera: Carabidae). 1st Ed. Pensoft Publishers, Sofia, Bulgaria.","wYCqaZcA+7slXlj5N/mM6vobrh4QDptp","wYCqaZcA+7slXlj5N/mM6vobrh4QDptp",
"ce00ef6b-9c50-416e-ad6b-58f91591646b","SCBI_004.basePlot.bet","D02","SCBI","SCBI_004","S","2015-04-28","2015-05-12","2015-05-13","2015-06-05","2015-06-05","SCBI_004.S.20150512","ZCodyo9yj614vwZr5YmwzBixEB2iKIUM1s7CdPjubnE=","carabid","TRIAUT","Trichotichnus autumnalis","species",,"Say",,1,"Ciegler, J. C. 2000. Ground beetles and wrinkled bark beetles of South Carolina (Coleoptera: Geadephaga: Carabidae and Rhysodidae). Biota of South Carolina. Vol. 1. Clemson, S. Clemson University.","wYCqaZcA+7slXlj5N/mM6vobrh4QDptp","wYCqaZcA+7slXlj5N/mM6vobrh4QDptp",
"e597a372-2458-4963-9e10-784079810482","SCBI_005.basePlot.bet","D02","SCBI","SCBI_005","S","2015-04-28","2015-05-12","2015-05-13","2015-06-08",,"SCBI_005.S.20150512","2MbaqPQFAm4RqvKqMmR5FdlJuilMiVe/Rsp46A7eeXY=","invert bycatch",,,,,,,,,,"wYCqaZcA+7slXlj5N/mM6vobrh4QDptp",
"d8821dee-ee5e-4983-9bea-201df27b54eb","SCBI_007.basePlot.bet","D02","SCBI","SCBI_007","S","2015-04-28","2015-05-12","2015-05-13","2015-05-28",,"SCBI_007.S.20150512","tckDqTjQv3gI17OVDNAsDndMa5CqkZF4cE3sgjUjkuc=","invert bycatch",,,,,,,,,,"wYCqaZcA+7slXlj5N/mM6vobrh4QDptp",
"b3bd623c-18e3-4d87-8e14-6c703051c7a1","SCBI_004.basePlot.bet","D02","SCBI","SCBI_004","S","2015-04-28","2015-05-12","2015-05-13","2015-06-05",,"SCBI_004.S.20150512","ZCodyo9yj614vwZr5YmwzA2H8RRNOKpeae1NBp9jhjY=","invert bycatch",,,,,,,,,,"wYCqaZcA+7slXlj5N/mM6vobrh4QDptp",
"af05d94e-0bec-4b91-af38-534c1f6161d5","SCBI_033.basePlot.bet","D02","SCBI","SCBI_033","S","2015-04-28","2015-05-12","2015-05-13","2015-05-28",,"SCBI_033.S.20150512","4ZBK4Rjlf9k4xybhcO8HB/snqVDdFt0BSz/Bw/qCAEc=","invert bycatch",,,,,,,,,,"wYCqaZcA+7slXlj5N/mM6vobrh4QDptp",
"5c23ab1e-3b00-47c9-9244-6482602d32eb","SCBI_006.basePlot.bet","D02","SCBI","SCBI_006","S","2015-04-28","2015-05-12","2015-05-13","2015-06-03",,"SCBI_006.S.20150512","2wNT0Wyw285o/iZAEWrRkR0do8BSuFh6fNOd6Ys3qqw=","invert bycatch",,,,,,,,,,"wYCqaZcA+7slXlj5N/mM6vobrh4QDptp",
"d7aa95cc-f577-4dbe-9c11-f0311b2cd44d","SCBI_002.basePlot.bet","D02","SCBI","SCBI_002","S","2015-04-28","2015-05-12","2015-05-13","2015-06-05",,"SCBI_002.S.20150512","NTl2q/XFbjz8wrlUsng59i5w0xuaHXoy+Vpkew4NkAA=","invert bycatch",,,,,,,,,,"wYCqaZcA+7slXlj5N/mM6vobrh4QDptp",
"6a2dff00-fddd-45b6-93e2-27a6e445b4eb","SCBI_006.basePlot.bet","D02","SCBI","SCBI_006","W","2015-04-28","2015-05-12","2015-05-13","2015-06-03","2015-10-01","SCBI_006.W.20150512","2wNT0Wyw284TokAWI5dUpkS6XV52ognfuF7kwYa+JKA=","carabid","ANIOVU","Anisodactylus ovularis","species",,"Casey",,1,"Noonan, G. R. 1973. The Anisodactylines (Insecta: Coleoptera: Carabidae: Harpalini): classification, evolution and zoogeography. Quaestiones Entomologicae 9:266-480.","wYCqaZcA+7slXlj5N/mM6vobrh4QDptp","wYCqaZcA+7slXlj5N/mM6vobrh4QDptp",
"8b4f89c6-d065-4aa3-bee6-fa431d470d68","SCBI_002.basePlot.bet","D02","SCBI","SCBI_002","W","2015-04-28","2015-05-12","2015-05-13","2015-06-05",,"SCBI_002.W.20150512","NTl2q/XFbjyrgqkI6IqNAiKwHx+XnqiaiIAlH2r2H4c=","invert bycatch",,,,,,,,,,"wYCqaZcA+7slXlj5N/mM6vobrh4QDptp",
"51126817-1d46-410f-917e-df3ce3b0ba18","SCBI_004.basePlot.bet","D02","SCBI","SCBI_004","S","2015-05-12","2015-05-26","2015-05-27","2015-06-30","2015-06-30","SCBI_004.S.20150526","ZCodyo9yj614vwZr5YmwzK4aF4fK5sW63Jp92Sc6VdQ=","carabid","DICDIL","Dicheirus dilatatus","species",,"Dejean",,1,"Ciegler, J. C. 2000. Ground beetles and wrinkled bark beetles of South Carolina (Coleoptera: Geadephaga: Carabidae and Rhysodidae). Biota of South Carolina. Vol. 1. Clemson, S. Clemson University.","wYCqaZcA+7slXlj5N/mM6vobrh4QDptp","wYCqaZcA+7slXlj5N/mM6vobrh4QDptp",
"492f0a98-528b-4c67-8f1c-638854a0ff3d","SCBI_008.basePlot.bet","D02","SCBI","SCBI_008","S","2015-05-12","2015-05-26","2015-05-27","2015-06-30","2015-06-30","SCBI_008.S.20150526","BDl2KAs5Zr2uFlAO9rT1Cr4pbascrOXzroednKCc2Fo=","carabid","BADNOT","Badister notatus","species",,"Haldeman",,1,"Ciegler, J. C. 2000. Ground beetles and wrinkled bark beetles of South Carolina (Coleoptera: Geadephaga: Carabidae and Rhysodidae). Biota of South Carolina. Vol. 1. Clemson, S. Clemson University.","wYCqaZcA+7slXlj5N/mM6vobrh4QDptp","wYCqaZcA+7slXlj5N/mM6vobrh4QDptp",
"9d67a5e2-0256-4295-a140-838c6f110aed","SCBI_008.basePlot.bet","D02","SCBI","SCBI_008","S","2015-05-12","2015-05-26","2015-05-27","2015-06-30","2015-06-30","SCBI_008.S.20150526","BDl2KAs5Zr2uFlAO9rT1CjhgsTHatwgJhi833eSwGd0=","carabid","GALBIC","Galerita bicolor","species",,"Drury",,1,"Ciegler, J. C. 2000. Ground beetles and wrinkled bark beetles of South Carolina (Coleoptera: Geadephaga: Carabidae and Rhysodidae). Biota of South Carolina. Vol. 1. Clemson, S. Clemson University.","wYCqaZcA+7slXlj5N/mM6vobrh4QDptp","wYCqaZcA+7slXlj5N/mM6vobrh4QDptp",
"e0d81392-02e6-4837-9b43-894225188fa7","SCBI_008.basePlot.bet","D02","SCBI","SCBI_008","S","2015-05-12","2015-05-26","2015-05-27","2015-06-30","2015-06-30","SCBI_008.S.20150526","BDl2KAs5Zr2uFlAO9rT1Csdva1CFTedWFGJlg4fYxn0=","carabid","CHLEMA","Chlaenius emarginatus","species",,"Say",,4,"Ciegler, J. C. 2000. Ground beetles and wrinkled bark beetles of South Carolina (Coleoptera: Geadephaga: Carabidae and Rhysodidae). Biota of South Carolina. Vol. 1. Clemson, S. Clemson University.","wYCqaZcA+7slXlj5N/mM6vobrh4QDptp","wYCqaZcA+7slXlj5N/mM6vobrh4QDptp",
"da4e1af8-6587-4579-aaed-1b1107825add","SCBI_006.basePlot.bet","D02","SCBI","SCBI_006","S","2015-05-12","2015-05-26","2015-05-27","2015-07-01",,"SCBI_006.S.20150526","2wNT0Wyw285o/iZAEWrRkT9ZZ9TeAJeoDoqPq+W/X1o=","invert bycatch",,,,,,,,,,"wYCqaZcA+7slXlj5N/mM6vobrh4QDptp",
"05ca7e41-d1a7-45f1-98db-01ddf29d9bd0","SCBI_012.basePlot.bet","D02","SCBI","SCBI_012","S","2015-05-12","2015-05-26","2015-05-27","2015-06-30",,"SCBI_012.S.20150526","XK58HfsRWvedDZEDg+fynxqy94sSy26Y6DOMrO1kr1E=","invert bycatch",,,,,,,,,,"wYCqaZcA+7slXlj5N/mM6vobrh4QDptp",
"b719fb89-56d4-4be1-b468-e78df7dbe8ff","SCBI_010.basePlot.bet","D02","SCBI","SCBI_010","S","2015-05-12","2015-05-26","2015-05-27","2015-07-01","2015-07-01","SCBI_010.S.20150526","6yi0mRc5GELPUkyfBbk+sHYgA2oRCdcZrdJwbRrMatQ=","carabid","CHLAES","Chlaenius aestivus","species",,"Say",,3,"Ciegler, J. C. 2000. Ground beetles and wrinkled bark beetles of South Carolina (Coleoptera: Geadephaga: Carabidae and Rhysodidae). Biota of South Carolina. Vol. 1. Clemson, S. Clemson University.","wYCqaZcA+7slXlj5N/mM6vobrh4QDptp","wYCqaZcA+7slXlj5N/mM6vobrh4QDptp",
"2e2f1d49-67d0-4c28-baf2-06cdaaa3a070","SCBI_002.basePlot.bet","D02","SCBI","SCBI_002","S","2015-05-12","2015-05-26","2015-05-27","2015-07-01",,"SCBI_002.S.20150526","NTl2q/XFbjz8wrlUsng59mMV4/UFpXPLcYURBoFJmoo=","invert bycatch",,,,,,,,,,"wYCqaZcA+7slXlj5N/mM6vobrh4QDptp",
"52b02c5d-6f2f-4194-b370-68a0484bc607","SCBI_004.basePlot.bet","D02","SCBI","SCBI_004","S","2015-05-12","2015-05-26","2015-05-27","2015-06-30","2015-06-30","SCBI_004.S.20150526","ZCodyo9yj614vwZr5YmwzIg1NHy7HjqgR47KKEDto9c=","vert bycatch herp","PLECIN","Plethodon cinereus","species",,"Green",,1,"Conant, R., and J. T. Collins. 1998. A Field Guide to Reptiles and Amphibians: Eastern and Central North America. 3rd Ed. Houghton Mifflin Company, New York, NY.","wYCqaZcA+7slXlj5N/mM6vobrh4QDptp","wYCqaZcA+7slXlj5N/mM6vobrh4QDptp",
"c1b18c48-bae0-4de4-871e-f593b40c4394","SCBI_010.basePlot.bet","D02","SCBI","SCBI_010","S","2015-05-12","2015-05-26","2015-05-27","2015-07-01",,"SCBI_010.S.20150526","6yi0mRc5GELPUkyfBbk+sJPA3Ut96UIvXvSk/yqhnTc=","invert bycatch",,,,,,,,,,"wYCqaZcA+7slXlj5N/mM6vobrh4QDptp",
"151322da-22b7-40f7-99b9-1e83062a4504","SCBI_033.basePlot.bet","D02","SCBI","SCBI_033","S","2015-05-12","2015-05-26","2015-05-27","2015-07-01",,"SCBI_033.S.20150526","4ZBK4Rjlf9k4xybhcO8HB3DGtszNr0V+f9b9bScTjHg=","invert bycatch",,,,,,,,,,"wYCqaZcA+7slXlj5N/mM6vobrh4QDptp",
"f539834c-57d7-4595-bd41-39327c22c952","SCBI_006.basePlot.bet","D02","SCBI","SCBI_006","S","2015-05-12","2015-05-26","2015-05-27","2015-07-01",,"SCBI_006.S.20150526","2wNT0Wyw285o/iZAEWrRkT9ZZ9TeAJeov/XnoMwfkOk=","invert bycatch",,,,,,,,,,"wYCqaZcA+7slXlj5N/mM6vobrh4QDptp",
"6d7756de-5c27-4830-9c7f-8fc1dd9c21ca","SCBI_033.basePlot.bet","D02","SCBI","SCBI_033","S","2015-05-12","2015-05-26","2015-05-27","2015-07-01",,"SCBI_033.S.20150526","4ZBK4Rjlf9k4xybhcO8HB3DGtszNr0V+OEganSLxKV0=","invert bycatch",,,,,,,,,,"wYCqaZcA+7slXlj5N/mM6vobrh4QDptp",
"218aa669-aa4f-40fb-808c-8c6f1845ced9","SCBI_008.basePlot.bet","D02","SCBI","SCBI_008","S","2015-05-12","2015-05-26","2015-05-27","2015-06-30",,"SCBI_008.S.20150526","BDl2KAs5Zr2uFlAO9rT1Ck7kIHyYrn26w+3dgrwZ6/0=","invert bycatch",,,,,,,,,,"wYCqaZcA+7slXlj5N/mM6vobrh4QDptp",
"91c9d554-8f16-4e81-bda5-24aefd165fee","SCBI_033.basePlot.bet","D02","SCBI","SCBI_033","S","2015-05-12","2015-05-26","2015-05-27","2015-07-01",,"SCBI_033.S.20150526","4ZBK4Rjlf9k4xybhcO8HB3DGtszNr0V+i8U68ijcblQ=","invert bycatch",,,,,,,,,,"wYCqaZcA+7slXlj5N/mM6vobrh4QDptp",
"2d7f1da1-1d8f-440b-9901-da3db3db4e0e","SCBI_006.basePlot.bet","D02","SCBI","SCBI_006","S","2015-05-12","2015-05-26","2015-05-27","2015-07-01","2015-07-01","SCBI_006.S.20150526","2wNT0Wyw285o/iZAEWrRkRKa2jDB5RLHUfSmtOzkCV0=","carabid","SCASUB2","Scarites subterraneus","species",,"Fabricius",,1,"Other","wYCqaZcA+7slXlj5N/mM6vobrh4QDptp","wYCqaZcA+7slXlj5N/mM6vobrh4QDptp",
"871f92c5-5097-41b5-816c-cb7a22c552dc","SCBI_008.basePlot.bet","D02","SCBI","SCBI_008","S","2015-05-12","2015-05-26","2015-05-27","2015-06-30","2015-06-30","SCBI_008.S.20150526","BDl2KAs5Zr2uFlAO9rT1CsALqKmSuGt3ZVK+HDLctMw=","carabid","CHLAES","Chlaenius aestivus","species",,"Say",,31,"Ciegler, J. C. 2000. Ground beetles and wrinkled bark beetles of South Carolina (Coleoptera: Geadephaga: Carabidae and Rhysodidae). Biota of South Carolina. Vol. 1. Clemson, S. Clemson University.","wYCqaZcA+7slXlj5N/mM6vobrh4QDptp","wYCqaZcA+7slXlj5N/mM6vobrh4QDptp",
"67b3156c-d53d-4417-b979-ecc9ac5b9f8e","SCBI_012.basePlot.bet","D02","SCBI","SCBI_012","S","2015-05-12","2015-05-26","2015-05-27","2015-06-30",,"SCBI_012.S.20150526","XK58HfsRWvedDZEDg+fynxqy94sSy26Y/DjzKVpEu2g=","invert bycatch",,,,,,,,,,"wYCqaZcA+7slXlj5N/mM6vobrh4QDptp",
"d28559ec-a477-4377-b522-2505a637ab88","SCBI_004.basePlot.bet","D02","SCBI","SCBI_004","S","2015-05-12","2015-05-26","2015-05-27","2015-06-30",,"SCBI_004.S.20150526","ZCodyo9yj614vwZr5YmwzHleYJIp9hkf1C1n4hYNDwE=","invert bycatch",,,,,,,,,,"wYCqaZcA+7slXlj5N/mM6vobrh4QDptp",
"3f1880d9-85c8-4d99-81d9-8367eae60dbf","SCBI_005.basePlot.bet","D02","SCBI","SCBI_005","S","2015-05-12","2015-05-26","2015-05-27","2015-06-30",,"SCBI_005.S.20150526","2MbaqPQFAm4RqvKqMmR5FaQL/dj/aUTDS6/U+OmWoKU=","invert bycatch",,,,,,,,,,"wYCqaZcA+7slXlj5N/mM6vobrh4QDptp",
"be24bee5-ed44-4bd5-8746-c0c081e9904d","SCBI_033.basePlot.bet","D02","SCBI","SCBI_033","W","2015-05-12","2015-05-26","2015-05-27","2015-07-01","2015-10-01","SCBI_033.W.20150526","4ZBK4Rjlf9mfQQkSbewYYE73lFLhnsvAtW4G0oXsNdQ=","carabid","ANIOVU","Anisodactylus ovularis","species",,"Casey",,1,"Noonan, G. R. 1973. The Anisodactylines (Insecta: Coleoptera: Carabidae: Harpalini): classification, evolution and zoogeography. Quaestiones Entomologicae 9:266-480.","wYCqaZcA+7slXlj5N/mM6vobrh4QDptp","wYCqaZcA+7slXlj5N/mM6vobrh4QDptp",
"93a089b7-7931-4ba3-b3be-9e07ac6548f6","SCBI_033.basePlot.bet","D02","SCBI","SCBI_033","W","2015-05-12","2015-05-26","2015-05-27","2015-07-01","2015-07-01","SCBI_033.W.20150526","4ZBK4Rjlf9mfQQkSbewYYHOg1sKvWZEXd+HmpOu4Se0=","carabid","DICELO","Dicaelus elongatus","species",,"Bonelli",,1,"Ciegler, J. C. 2000. Ground beetles and wrinkled bark beetles of South Carolina (Coleoptera: Geadephaga: Carabidae and Rhysodidae). Biota of South Carolina. Vol. 1. Clemson, S. Clemson University.","wYCqaZcA+7slXlj5N/mM6vobrh4QDptp","wYCqaZcA+7slXlj5N/mM6vobrh4QDptp",
"01f2d585-ce8d-4e76-8881-7d4105b3add7","SCBI_002.basePlot.bet","D02","SCBI","SCBI_002","W","2015-05-12","2015-05-26","2015-05-27","2015-07-01","2015-07-01","SCBI_002.W.20150526","NTl2q/XFbjyrgqkI6IqNAlkjt6p7446ZAyT1v009Z7Y=","carabid","CHLEMA","Chlaenius emarginatus","species",,"Say",,1,"Ciegler, J. C. 2000. Ground beetles and wrinkled bark beetles of South Carolina (Coleoptera: Geadephaga: Carabidae and Rhysodidae). Biota of South Carolina. Vol. 1. Clemson, S. Clemson University.","wYCqaZcA+7slXlj5N/mM6vobrh4QDptp","wYCqaZcA+7slXlj5N/mM6vobrh4QDptp",
"94f776bf-e0e3-4534-8b87-dbeef12aa1fc","SCBI_006.basePlot.bet","D02","SCBI","SCBI_006","W","2015-05-12","2015-05-26","2015-05-27","2015-07-01","2015-07-01","SCBI_006.W.20150526","2wNT0Wyw284TokAWI5dUpuI49s5JgxlR9OkAfIFfX4o=","carabid","POELUC","Poecilus lucublandus","species",,"Say",,1,"Ciegler, J. C. 2000. Ground beetles and wrinkled bark beetles of South Carolina (Coleoptera: Geadephaga: Carabidae and Rhysodidae). Biota of South Carolina. Vol. 1. Clemson, S. Clemson University.","wYCqaZcA+7slXlj5N/mM6vobrh4QDptp","wYCqaZcA+7slXlj5N/mM6vobrh4QDptp",
"9af65a4d-31f4-4fb3-af61-59b2d7c5b79b","SCBI_002.basePlot.bet","D02","SCBI","SCBI_002","W","2015-05-12","2015-05-26","2015-05-27","2015-07-01","2015-07-01","SCBI_002.W.20150526","NTl2q/XFbjyrgqkI6IqNAupp5Rtq2oGa5+dl6Y1t+uA=","carabid","PLADEC","Platynus decentis","species",,"Say",,1,"Bousquet, Y. 2010b. Illustrated Identification Guide to Adults and Larvae of Northeastern North American Ground Beetles (Coleoptera: Carabidae). 1st Ed. Pensoft Publishers, Sofia, Bulgaria.","wYCqaZcA+7slXlj5N/mM6vobrh4QDptp","wYCqaZcA+7slXlj5N/mM6vobrh4QDptp",
"efca4162-ed7a-4799-a624-bd072613a2ec","SCBI_006.basePlot.bet","D02","SCBI","SCBI_006","W","2015-05-12","2015-05-26","2015-05-27","2015-07-01","2015-07-01","SCBI_006.W.20150526","2wNT0Wyw284TokAWI5dUpksw+9QvJ5E1EnBIAq2oxiY=","carabid","AMAFLE","Amara flebilis","species",,"Casey",,1,"Hieke, F. 2000. Revision einiger Gruppen und neue Arten der Gattung Amara Bonelli, 1810 (Coleoptera: Carabidae). Annales Historico-Naturales Musei Nationalis Hungarici 92:41-143.","wYCqaZcA+7slXlj5N/mM6vobrh4QDptp","wYCqaZcA+7slXlj5N/mM6vobrh4QDptp",
"894624df-8fd6-4e34-adba-e2ef6efe1d4a","SCBI_006.basePlot.bet","D02","SCBI","SCBI_006","W","2015-05-12","2015-05-26","2015-05-27","2015-07-01","2015-07-01","SCBI_006.W.20150526","2wNT0Wyw284TokAWI5dUprzeuh+qCM3qpqxdxesKZjg=","carabid","OTHE","Carabidae sp.","family",,"Latreille",,1,"Bousquet, Y. 2010b. Illustrated Identification Guide to Adults and Larvae of Northeastern North American Ground Beetles (Coleoptera: Carabidae). 1st Ed. Pensoft Publishers, Sofia, Bulgaria.","wYCqaZcA+7slXlj5N/mM6vobrh4QDptp","wYCqaZcA+7slXlj5N/mM6vobrh4QDptp","HARRUB Harpalus rubripes"
"9b26d5d1-dfcb-458a-ba0c-f133cf6473ae","SCBI_006.basePlot.bet","D02","SCBI","SCBI_006","W","2015-05-12","2015-05-26","2015-05-27","2015-07-01","2015-07-01","SCBI_006.W.20150526","2wNT0Wyw284TokAWI5dUptwiGORF8WRsXAvXyWnZFY0=","carabid","CHLEMA","Chlaenius emarginatus","species",,"Say",,1,"Ciegler, J. C. 2000. Ground beetles and wrinkled bark beetles of South Carolina (Coleoptera: Geadephaga: Carabidae and Rhysodidae). Biota of South Carolina. Vol. 1. Clemson, S. Clemson University.","wYCqaZcA+7slXlj5N/mM6vobrh4QDptp","wYCqaZcA+7slXlj5N/mM6vobrh4QDptp",
"de12923a-ac6c-410c-ae29-bd4b221d2c07","SCBI_033.basePlot.bet","D02","SCBI","SCBI_033","W","2015-05-12","2015-05-26","2015-05-27","2015-07-01",,"SCBI_033.W.20150526","4ZBK4Rjlf9mfQQkSbewYYDrxOMlrUa9nQq+pqeYqIPk=","invert bycatch",,,,,,,,,,"wYCqaZcA+7slXlj5N/mM6vobrh4QDptp",
"67796e2b-a9fe-4d7e-b7bd-e52240b6156a","SCBI_033.basePlot.bet","D02","SCBI","SCBI_033","W","2015-05-12","2015-05-26","2015-05-27","2015-07-01","2015-07-01","SCBI_033.W.20150526","4ZBK4Rjlf9mfQQkSbewYYDAxUHTYOHr3SOB9fhmRzIA=","carabid","OTHE","Carabidae sp.","family",,"Latreille",,1,"Bousquet, Y. 2010b. Illustrated Identification Guide to Adults and Larvae of Northeastern North American Ground Beetles (Coleoptera: Carabidae). 1st Ed. Pensoft Publishers, Sofia, Bulgaria.","wYCqaZcA+7slXlj5N/mM6vobrh4QDptp","wYCqaZcA+7slXlj5N/mM6vobrh4QDptp","HARRUB Harpalus rubripes"
"6ed8b753-019d-4df3-82ca-ca5ade2d1f6d","SCBI_012.basePlot.bet","D02","SCBI","SCBI_012","W","2015-05-12","2015-05-26","2015-05-27","2015-06-30",,"SCBI_012.W.20150526","XK58HfsRWvfaFiRkL4Z83TXMYLOka3ovv4VOUnDuWP4=","invert bycatch",,,,,,,,,,"wYCqaZcA+7slXlj5N/mM6vobrh4QDptp",
"7385e4e8-2913-4ec6-b266-fa8dfdb84963","SCBI_006.basePlot.bet","D02","SCBI","SCBI_006","W","2015-05-12","2015-05-26","2015-05-27","2015-07-01",,"SCBI_006.W.20150526","2wNT0Wyw284TokAWI5dUpk5zOpnlCZdWlxkYmfXnmn4=","invert bycatch",,,,,,,,,,"wYCqaZcA+7slXlj5N/mM6vobrh4QDptp",
"b2d2bed6-43bc-4619-b364-48ae9e4c857e","SCBI_002.basePlot.bet","D02","SCBI","SCBI_002","W","2015-05-12","2015-05-26","2015-05-27","2015-07-01",,"SCBI_002.W.20150526","NTl2q/XFbjyrgqkI6IqNAlB0Q4tOsoHcHpovsrX5RbE=","invert bycatch",,,,,,,,,,"wYCqaZcA+7slXlj5N/mM6vobrh4QDptp",
"d28ef003-f7f2-4ae3-be53-1299b7182b55","SCBI_004.basePlot.bet","D02","SCBI","SCBI_004","W","2015-05-12","2015-05-26","2015-05-27","2015-06-30","2015-06-30","SCBI_004.W.20150526","ZCodyo9yj61wzkxAmSeyxjxJjtgH+aiynMPMlmO5utE=","carabid","GALBIC","Galerita bicolor","species",,"Drury",,8,"Ciegler, J. C. 2000. Ground beetles and wrinkled bark beetles of South Carolina (Coleoptera: Geadephaga: Carabidae and Rhysodidae). Biota of South Carolina. Vol. 1. Clemson, S. Clemson University.","wYCqaZcA+7slXlj5N/mM6vobrh4QDptp","wYCqaZcA+7slXlj5N/mM6vobrh4QDptp",
"bff7e07c-8610-4f29-91f0-6c955ca5836a","SCBI_012.basePlot.bet","D02","SCBI","SCBI_012","W","2015-05-12","2015-05-26","2015-05-27","2015-06-30",,"SCBI_012.W.20150526","XK58HfsRWvfaFiRkL4Z83TXMYLOka3ovOCCEtRFWuiI=","invert bycatch",,,,,,,,,,"wYCqaZcA+7slXlj5N/mM6vobrh4QDptp",
"f1ac9e3d-f571-4d1c-8e46-01297fdd0f11","SCBI_033.basePlot.bet","D02","SCBI","SCBI_033","W","2015-05-12","2015-05-26","2015-05-27","2015-07-01",,"SCBI_033.W.20150526","4ZBK4Rjlf9mfQQkSbewYYDrxOMlrUa9no1FtyaQ9m5Y=","invert bycatch",,,,,,,,,,"wYCqaZcA+7slXlj5N/mM6vobrh4QDptp",
"c410e944-0c61-4dae-9021-327f2faa433b","SCBI_005.basePlot.bet","D02","SCBI","SCBI_005","W","2015-05-12","2015-05-26","2015-05-27","2015-06-30",,"SCBI_005.W.20150526","2MbaqPQFAm6XpqAZWGjMGEgiDX6xGBhk5YOOAd8rIys=","invert bycatch",,,,,,,,,,"wYCqaZcA+7slXlj5N/mM6vobrh4QDptp",
"d1b57699-f05c-41c6-97d1-cca91294128e","SCBI_006.basePlot.bet","D02","SCBI","SCBI_006","W","2015-05-12","2015-05-26","2015-05-27","2015-07-01",,"SCBI_006.W.20150526","2wNT0Wyw284TokAWI5dUpk5zOpnlCZdWNeQz6+IqZyM=","invert bycatch",,,,,,,,,,"wYCqaZcA+7slXlj5N/mM6vobrh4QDptp",
"f7750482-f45d-4f76-b1f6-3b7280c4f9b1","SCBI_003.basePlot.bet","D02","SCBI","SCBI_003","W","2015-05-12","2015-05-26","2015-05-27","2015-06-30",,"SCBI_003.W.20150526","YQnsugPXdU17PQzFjF+eJ/oGIXf7d8l62ue7TM6osWE=","invert bycatch",,,,,,,,,,"wYCqaZcA+7slXlj5N/mM6vobrh4QDptp",
"ccbfcd60-d642-449b-ac56-050b9c1a7d8c","SCBI_012.basePlot.bet","D02","SCBI","SCBI_012","W","2015-05-12","2015-05-26","2015-05-27","2015-06-30","2015-06-30","SCBI_012.W.20150526","XK58HfsRWvfaFiRkL4Z83Rp8AauxxFDrxaFyRt4l6ZQ=","carabid","AMAFLE","Amara flebilis","species",,"Casey",,1,"Hieke, F. 2000. Revision einiger Gruppen und neue Arten der Gattung Amara Bonelli, 1810 (Coleoptera: Carabidae). Annales Historico-Naturales Musei Nationalis Hungarici 92:41-143.","wYCqaZcA+7slXlj5N/mM6vobrh4QDptp","wYCqaZcA+7slXlj5N/mM6vobrh4QDptp",
"627891ca-52cd-4239-a9ab-6824b51b78ef","SCBI_033.basePlot.bet","D02","SCBI","SCBI_033","W","2015-05-12","2015-05-26","2015-05-27","2015-07-01",,"SCBI_033.W.20150526","4ZBK4Rjlf9mfQQkSbewYYDrxOMlrUa9nMzOIGvWanFM=","invert bycatch",,,,,,,,,,"wYCqaZcA+7slXlj5N/mM6vobrh4QDptp",
"43d317a8-ef91-46f9-bc7f-636da3e02a35","SCBI_004.basePlot.bet","D02","SCBI","SCBI_004","W","2015-05-12","2015-05-26","2015-05-27","2015-06-30",,"SCBI_004.W.20150526","ZCodyo9yj61wzkxAmSeyxkr45VTERuXs++606cZEttA=","invert bycatch",,,,,,,,,,"wYCqaZcA+7slXlj5N/mM6vobrh4QDptp",
"ce494ad7-16cb-4a2c-8f70-e97959702c4e","SCBI_006.basePlot.bet","D02","SCBI","SCBI_006","E","2015-05-12","2015-05-26","2015-05-27","2015-07-01","2015-07-01","SCBI_006.E.20150526","2wNT0Wyw285qrh4YWsaSH+HcTNXqYf96NxoRaSHDa0A=","carabid","OTHE","Carabidae sp.","family",,"Latreille",,1,"Bousquet, Y. 2010b. Illustrated Identification Guide to Adults and Larvae of Northeastern North American Ground Beetles (Coleoptera: Carabidae). 1st Ed. Pensoft Publishers, Sofia, Bulgaria.","wYCqaZcA+7slXlj5N/mM6vobrh4QDptp","wYCqaZcA+7slXlj5N/mM6vobrh4QDptp","HARRUB Harpalus rubripes"
"3836ca8d-6657-4b60-a8e1-9c906d7b143d","SCBI_006.basePlot.bet","D02","SCBI","SCBI_006","E","2015-05-12","2015-05-26","2015-05-27","2015-07-01","2015-07-01","SCBI_006.E.20150526","2wNT0Wyw285qrh4YWsaSHwVldAExerwhOmN2eebhBlQ=","carabid","SCASUB2","Scarites subterraneus","species",,"Fabricius",,7,"Other","wYCqaZcA+7slXlj5N/mM6vobrh4QDptp","wYCqaZcA+7slXlj5N/mM6vobrh4QDptp",
"c22c399d-ee8c-446d-8465-0017159041d4","SCBI_006.basePlot.bet","D02","SCBI","SCBI_006","E","2015-05-12","2015-05-26","2015-05-27","2015-07-01","2015-07-01","SCBI_006.E.20150526","2wNT0Wyw285qrh4YWsaSH6OWCHTDQolxHrLDcphrwRw=","carabid","TRIFUL","Trichotichnus fulgens","species",,"Csiki",,1,"Bousquet, Y. 2010b. Illustrated Identification Guide to Adults and Larvae of Northeastern North American Ground Beetles (Coleoptera: Carabidae). 1st Ed. Pensoft Publishers, Sofia, Bulgaria.","wYCqaZcA+7slXlj5N/mM6vobrh4QDptp","wYCqaZcA+7slXlj5N/mM6vobrh4QDptp",
"a0f7b1bc-f8dc-416c-a290-dcb941963b50","SCBI_006.basePlot.bet","D02","SCBI","SCBI_006","E","2015-05-12","2015-05-26","2015-05-27","2015-07-01","2015-07-01","SCBI_006.E.20150526","2wNT0Wyw285qrh4YWsaSH1gfq3OXoo/W5u9IhKPjmaM=","carabid","CHLAES","Chlaenius aestivus","species",,"Say",,2,"Ciegler, J. C. 2000. Ground beetles and wrinkled bark beetles of South Carolina (Coleoptera: Geadephaga: Carabidae and Rhysodidae). Biota of South Carolina. Vol. 1. Clemson, S. Clemson University.","wYCqaZcA+7slXlj5N/mM6vobrh4QDptp","wYCqaZcA+7slXlj5N/mM6vobrh4QDptp",
"e100a247-2203-4cc0-b71c-7566c085f60d","SCBI_012.basePlot.bet","D02","SCBI","SCBI_012","E","2015-05-12","2015-05-26","2015-05-27","2015-06-30",,"SCBI_012.E.20150526","XK58HfsRWvdXPdqnwcZ6Ta+Uy+5pF6FvVh6kQGl4t44=","invert bycatch",,,,,,,,,,"wYCqaZcA+7slXlj5N/mM6vobrh4QDptp",
"bffe46cd-5849-4926-91a6-3ec740736480","SCBI_002.basePlot.bet","D02","SCBI","SCBI_002","E","2015-05-12","2015-05-26","2015-05-27","2015-07-01",,"SCBI_002.E.20150526","NTl2q/XFbjxxk0NSrvvJwLlBtcQE8CPxvdYATjawGPY=","invert bycatch",,,,,,,,,,"wYCqaZcA+7slXlj5N/mM6vobrh4QDptp",
"6f191fbb-70de-4fff-ba14-d34e6e400e38","SCBI_012.basePlot.bet","D02","SCBI","SCBI_012","E","2015-05-12","2015-05-26","2015-05-27","2015-06-30","2015-06-30","SCBI_012.E.20150526","XK58HfsRWvdXPdqnwcZ6TfA2QzamhKow9Gsu/CuWVnk=","carabid","CHLAES","Chlaenius aestivus","species",,"Say",,1,"Ciegler, J. C. 2000. Ground beetles and wrinkled bark beetles of South Carolina (Coleoptera: Geadephaga: Carabidae and Rhysodidae). Biota of South Carolina. Vol. 1. Clemson, S. Clemson University.","wYCqaZcA+7slXlj5N/mM6vobrh4QDptp","wYCqaZcA+7slXlj5N/mM6vobrh4QDptp",
"0aa2cbf7-2498-49d3-8e77-e1c2afee9ef5","SCBI_002.basePlot.bet","D02","SCBI","SCBI_002","E","2015-05-12","2015-05-26","2015-05-27","2015-07-01","2015-07-01","SCBI_002.E.20150526","NTl2q/XFbjxxk0NSrvvJwKJhrHS5b10e91sgrkbbt2Y=","carabid","CHLAES","Chlaenius aestivus","species",,"Say",,1,"Ciegler, J. C. 2000. Ground beetles and wrinkled bark beetles of South Carolina (Coleoptera: Geadephaga: Carabidae and Rhysodidae). Biota of South Carolina. Vol. 1. Clemson, S. Clemson University.","wYCqaZcA+7slXlj5N/mM6vobrh4QDptp","wYCqaZcA+7slXlj5N/mM6vobrh4QDptp",
"56fe1bcc-efd0-456c-a7df-d057ef463378","SCBI_002.basePlot.bet","D02","SCBI","SCBI_002","E","2015-05-12","2015-05-26","2015-05-27","2015-07-01","2015-07-01","SCBI_002.E.20150526","NTl2q/XFbjxxk0NSrvvJwAFzWM+07ETjVD39d5hwfyo=","carabid","PTECOR1","Pterostichus coracinus","species",,"Newman",,1,"Bousquet, Y. 2010b. Illustrated Identification Guide to Adults and Larvae of Northeastern North American Ground Beetles (Coleoptera: Carabidae). 1st Ed. Pensoft Publishers, Sofia, Bulgaria.","wYCqaZcA+7slXlj5N/mM6vobrh4QDptp","wYCqaZcA+7slXlj5N/mM6vobrh4QDptp",
"cb74ba75-ae97-48c9-96ea-594814c2782c","SCBI_005.basePlot.bet","D02","SCBI","SCBI_005","E","2015-05-12","2015-05-26","2015-05-27","2015-06-30",,"SCBI_005.E.20150526","2MbaqPQFAm4GHc0axYcvHcPQs+wM8r+9O/e4MIPlZuc=","invert bycatch",,,,,,,,,,"wYCqaZcA+7slXlj5N/mM6vobrh4QDptp",
"cbc2d705-88ea-4c0b-9181-2505b4c08139","SCBI_004.basePlot.bet","D02","SCBI","SCBI_004","E","2015-05-12","2015-05-26","2015-05-27","2015-06-30",,"SCBI_004.E.20150526","ZCodyo9yj62r3k2fVkXhLu1juWQ7BiHFV6BL2MfVkEE=","invert bycatch",,,,,,,,,,"wYCqaZcA+7slXlj5N/mM6vobrh4QDptp",
"de5ae236-593e-482e-acc1-9cd05073ef96","SCBI_033.basePlot.bet","D02","SCBI","SCBI_033","E","2015-05-12","2015-05-26","2015-05-27","2015-07-01",,"SCBI_033.E.20150526","4ZBK4Rjlf9ky2snNQuvzI10fEjW8NJW7HvE/5c2hidQ=","invert bycatch",,,,,,,,,,"wYCqaZcA+7slXlj5N/mM6vobrh4QDptp",
"a59b8a6e-cd09-49f9-a8db-90f7a792c23d","SCBI_006.basePlot.bet","D02","SCBI","SCBI_006","E","2015-05-12","2015-05-26","2015-05-27","2015-07-01",,"SCBI_006.E.20150526","2wNT0Wyw285qrh4YWsaSH6S1Z8dOnCrgUyFNw2mz4jI=","invert bycatch",,,,,,,,,,"wYCqaZcA+7slXlj5N/mM6vobrh4QDptp",
"6de787c7-c8cc-42a5-952c-327c9d274785","SCBI_006.basePlot.bet","D02","SCBI","SCBI_006","E","2015-05-12","2015-05-26","2015-05-27","2015-07-01",,"SCBI_006.E.20150526","2wNT0Wyw285qrh4YWsaSH6S1Z8dOnCrgJCxegHKwkmo=","invert bycatch",,,,,,,,,,"wYCqaZcA+7slXlj5N/mM6vobrh4QDptp",
"8b9497b8-d780-41cf-abaf-4b1fb72c1fe0","SCBI_010.basePlot.bet","D02","SCBI","SCBI_010","E","2015-05-12","2015-05-26","2015-05-27","2015-07-01",,"SCBI_010.E.20150526","6yi0mRc5GEKiw9QRCygipP0vlU1quz34BVDFiaGDtMc=","invert bycatch",,,,,,,,,,"wYCqaZcA+7slXlj5N/mM6vobrh4QDptp",
"aa46ddf5-0b30-4284-b38c-1dac54aac5cb","SCBI_033.basePlot.bet","D02","SCBI","SCBI_033","E","2015-05-12","2015-05-26","2015-05-27","2015-07-01","2015-07-01","SCBI_033.E.20150526","4ZBK4Rjlf9ky2snNQuvzI+iZSCJd5+KWhcMAUkgQy/w=","carabid","SCASUB2","Scarites subterraneus","species",,"Fabricius",,1,"Other","wYCqaZcA+7slXlj5N/mM6vobrh4QDptp","wYCqaZcA+7slXlj5N/mM6vobrh4QDptp",
"d0a07b34-b188-4fa6-b716-652fe745007f","SCBI_008.basePlot.bet","D02","SCBI","SCBI_008","E","2015-05-12","2015-05-26","2015-05-27","2015-06-30","2015-06-30","SCBI_008.E.20150526","BDl2KAs5Zr2BOIR/P+IEWj6Sy+hC4lGJ1dHRLN+qDzs=","carabid","CHLAES","Chlaenius aestivus","species",,"Say",,5,"Ciegler, J. C. 2000. Ground beetles and wrinkled bark beetles of South Carolina (Coleoptera: Geadephaga: Carabidae and Rhysodidae). Biota of South Carolina. Vol. 1. Clemson, S. Clemson University.","wYCqaZcA+7slXlj5N/mM6vobrh4QDptp","wYCqaZcA+7slXlj5N/mM6vobrh4QDptp",
"5b0c2051-2f6e-4dfb-acec-d7e8410fa362","SCBI_008.basePlot.bet","D02","SCBI","SCBI_008","E","2015-05-12","2015-05-26","2015-05-27","2015-06-30","2015-06-30","SCBI_008.E.20150526","BDl2KAs5Zr2BOIR/P+IEWrK/zNOeae8+OiZMACYRCio=","carabid","CHLEMA","Chlaenius emarginatus","species",,"Say",,2,"Ciegler, J. C. 2000. Ground beetles and wrinkled bark beetles of South Carolina (Coleoptera: Geadephaga: Carabidae and Rhysodidae). Biota of South Carolina. Vol. 1. Clemson, S. Clemson University.","wYCqaZcA+7slXlj5N/mM6vobrh4QDptp","wYCqaZcA+7slXlj5N/mM6vobrh4QDptp",
"042efdaf-a695-45ae-a0e4-d1955608ce21","SCBI_008.basePlot.bet","D02","SCBI","SCBI_008","E","2015-05-12","2015-05-26","2015-05-27","2015-06-30",,"SCBI_008.E.20150526","BDl2KAs5Zr2BOIR/P+IEWtmF3NyRzr+Mh22tNzE2hi0=","invert bycatch",,,,,,,,,,"wYCqaZcA+7slXlj5N/mM6vobrh4QDptp",
"05e90431-115a-475d-b1c2-f6a7678ad62d","SCBI_033.basePlot.bet","D02","SCBI","SCBI_033","E","2015-05-12","2015-05-26","2015-05-27","2015-07-01",,"SCBI_033.E.20150526","4ZBK4Rjlf9ky2snNQuvzI10fEjW8NJW7RRf3N5J07z4=","invert bycatch",,,,,,,,,,"wYCqaZcA+7slXlj5N/mM6vobrh4QDptp",
"6e7768b2-a6f1-46b1-8e28-accaf2e364f7","SCBI_012.basePlot.bet","D02","SCBI","SCBI_012","E","2015-05-12","2015-05-26","2015-05-27","2015-06-30",,"SCBI_012.E.20150526","XK58HfsRWvdXPdqnwcZ6Ta+Uy+5pF6FvZUsIycPF4OI=","invert bycatch",,,,,,,,,,"wYCqaZcA+7slXlj5N/mM6vobrh4QDptp",
"18dc4c26-1383-48a7-8c84-bd317118d4c5","SCBI_033.basePlot.bet","D02","SCBI","SCBI_033","E","2015-05-12","2015-05-26","2015-05-27","2015-07-01",,"SCBI_033.E.20150526","4ZBK4Rjlf9ky2snNQuvzI10fEjW8NJW7JMmKsq3e9Tg=","invert bycatch",,,,,,,,,,"wYCqaZcA+7slXlj5N/mM6vobrh4QDptp",
"0069c61b-354a-414c-869a-2e0401e88afd","SCBI_033.basePlot.bet","D02","SCBI","SCBI_033","N","2015-05-12","2015-05-26","2015-05-27","2015-07-01","2015-07-01","SCBI_033.N.20150526","4ZBK4Rjlf9lguawvaR+YgiQT48lXuiydjDep5XDGpR8=","carabid","DICELO","Dicaelus elongatus","species",,"Bonelli",,1,"Ciegler, J. C. 2000. Ground beetles and wrinkled bark beetles of South Carolina (Coleoptera: Geadephaga: Carabidae and Rhysodidae). Biota of South Carolina. Vol. 1. Clemson, S. Clemson University.","wYCqaZcA+7slXlj5N/mM6vobrh4QDptp","wYCqaZcA+7slXlj5N/mM6vobrh4QDptp",
"edbf5ba1-254d-4722-853a-6fae8ee72246","SCBI_033.basePlot.bet","D02","SCBI","SCBI_033","N","2015-05-12","2015-05-26","2015-05-27","2015-07-01","2015-07-01","SCBI_033.N.20150526","4ZBK4Rjlf9lguawvaR+Ygqcfik2M4/Cje/nZ3H0+g8E=","carabid","SCASUB2","Scarites subterraneus","species",,"Fabricius",,1,"Other","wYCqaZcA+7slXlj5N/mM6vobrh4QDptp","wYCqaZcA+7slXlj5N/mM6vobrh4QDptp",
"c1a26e6e-df9b-450d-97d5-6622882be07f","SCBI_002.basePlot.bet","D02","SCBI","SCBI_002","N","2015-05-12","2015-05-26","2015-05-27","2015-07-01","2015-07-01","SCBI_002.N.20150526","NTl2q/XFbjzyUEn3Qe7D5lA90p+KU5mgE3tHmOkmJjQ=","carabid","POELUC","Poecilus lucublandus","species",,"Say",,1,"Ciegler, J. C. 2000. Ground beetles and wrinkled bark beetles of South Carolina (Coleoptera: Geadephaga: Carabidae and Rhysodidae). Biota of South Carolina. Vol. 1. Clemson, S. Clemson University.","wYCqaZcA+7slXlj5N/mM6vobrh4QDptp","wYCqaZcA+7slXlj5N/mM6vobrh4QDptp",
"8da3bc9b-e80d-48a3-b885-9a2c1c72e41e","SCBI_002.basePlot.bet","D02","SCBI","SCBI_002","N","2015-05-12","2015-05-26","2015-05-27","2015-07-01","2015-07-01","SCBI_002.N.20150526","NTl2q/XFbjzyUEn3Qe7D5jTSagcDooUP4eGQHTSjG4Q=","carabid","CHLEMA","Chlaenius emarginatus","species",,"Say",,1,"Ciegler, J. C. 2000. Ground beetles and wrinkled bark beetles of South Carolina (Coleoptera: Geadephaga: Carabidae and Rhysodidae). Biota of South Carolina. Vol. 1. Clemson, S. Clemson University.","wYCqaZcA+7slXlj5N/mM6vobrh4QDptp","wYCqaZcA+7slXlj5N/mM6vobrh4QDptp",
"549ae2c0-6a0d-4b62-8c86-f219e96977d3","SCBI_006.basePlot.bet","D02","SCBI","SCBI_006","N","2015-05-12","2015-05-26","2015-05-27","2015-07-01",,"SCBI_006.N.20150526","2wNT0Wyw286PiGGTpklZ+h6pFoMfV35cV5CWEqMSaSk=","invert bycatch",,,,,,,,,,"wYCqaZcA+7slXlj5N/mM6vobrh4QDptp",
"bdb472c3-9847-402c-838e-960abe50b5d8","SCBI_012.basePlot.bet","D02","SCBI","SCBI_012","N","2015-05-12","2015-05-26","2015-05-27","2015-06-30","2015-06-30","SCBI_012.N.20150526","XK58HfsRWveBChV1DUB57aHKqFnHhbJd1U0q6OkAixs=","carabid","TRIFUL","Trichotichnus fulgens","species",,"Csiki",,1,"Ciegler, J. C. 2000. Ground beetles and wrinkled bark beetles of South Carolina (Coleoptera: Geadephaga: Carabidae and Rhysodidae). Biota of South Carolina. Vol. 1. Clemson, S. Clemson University.","wYCqaZcA+7slXlj5N/mM6vobrh4QDptp","wYCqaZcA+7slXlj5N/mM6vobrh4QDptp",
"3853c55d-2f4c-4401-9d7a-7cee14cd30fc","SCBI_006.basePlot.bet","D02","SCBI","SCBI_006","N","2015-05-12","2015-05-26","2015-05-27","2015-07-01","2015-07-01","SCBI_006.N.20150526","2wNT0Wyw286PiGGTpklZ+vToF+48W46aOrY3QATqP9M=","carabid","SCASUB2","Scarites subterraneus","species",,"Fabricius",,2,"Other","wYCqaZcA+7slXlj5N/mM6vobrh4QDptp","wYCqaZcA+7slXlj5N/mM6vobrh4QDptp",
"5839b88b-23b5-48b5-a625-6b6e80ee289d","SCBI_004.basePlot.bet","D02","SCBI","SCBI_004","N","2015-05-12","2015-05-26","2015-05-27","2015-06-30","2015-06-30","SCBI_004.N.20150526","ZCodyo9yj6286/2SN8Mad2rhXKq1US4en3K31Mg74Wc=","carabid","DICPOL","Dicaelus politus","species",,"Dejean",,1,"Ciegler, J. C. 2000. Ground beetles and wrinkled bark beetles of South Carolina (Coleoptera: Geadephaga: Carabidae and Rhysodidae). Biota of South Carolina. Vol. 1. Clemson, S. Clemson University.","wYCqaZcA+7slXlj5N/mM6vobrh4QDptp","wYCqaZcA+7slXlj5N/mM6vobrh4QDptp",
"e158d636-0f74-46cd-aaca-28b91b42cb80","SCBI_033.basePlot.bet","D02","SCBI","SCBI_033","N","2015-05-12","2015-05-26","2015-05-27","2015-07-01",,"SCBI_033.N.20150526","4ZBK4Rjlf9lguawvaR+YgjTRL7LV7kgHXS6UxFK81FY=","invert bycatch",,,,,,,,,,"wYCqaZcA+7slXlj5N/mM6vobrh4QDptp",
"f89205ba-f774-425d-a151-894a42403d72","SCBI_004.basePlot.bet","D02","SCBI","SCBI_004","N","2015-05-12","2015-05-26","2015-05-27","2015-06-30",,"SCBI_004.N.20150526","ZCodyo9yj6286/2SN8Mad5Vec5ooDIA2dNWVACpFtmI=","invert bycatch",,,,,,,,,,"wYCqaZcA+7slXlj5N/mM6vobrh4QDptp",
"6dde35d1-b257-48a8-adf4-35536e4f1589","SCBI_033.basePlot.bet","D02","SCBI","SCBI_033","N","2015-05-12","2015-05-26","2015-05-27","2015-07-01",,"SCBI_033.N.20150526","4ZBK4Rjlf9lguawvaR+YgjTRL7LV7kgHXqMjgCNASkU=","invert bycatch",,,,,,,,,,"wYCqaZcA+7slXlj5N/mM6vobrh4QDptp",
"b7d4c3b6-aa4b-4d9a-a0ae-c868f4fba172","SCBI_012.basePlot.bet","D02","SCBI","SCBI_012","N","2015-05-12","2015-05-26","2015-05-27","2015-06-30",,"SCBI_012.N.20150526","XK58HfsRWveBChV1DUB57WGPJx1fidv3c/kYOsWsLrI=","invert bycatch",,,,,,,,,,"wYCqaZcA+7slXlj5N/mM6vobrh4QDptp",
"c6e9f343-3e46-4fca-80c3-570e8ca23c74","SCBI_033.basePlot.bet","D02","SCBI","SCBI_033","N","2015-05-12","2015-05-26","2015-05-27","2015-07-01",,"SCBI_033.N.20150526","4ZBK4Rjlf9lguawvaR+YgjTRL7LV7kgHTnJA0p061Ao=","invert bycatch",,,,,,,,,,"wYCqaZcA+7slXlj5N/mM6vobrh4QDptp",
"eddb5626-9f6e-4537-975e-606c9da747bd","SCBI_005.basePlot.bet","D02","SCBI","SCBI_005","N","2015-05-12","2015-05-26","2015-05-27","2015-06-30","2015-06-30","SCBI_005.N.20150526","2MbaqPQFAm6aL5deFx9vUX2LbbT5yuJOvb9T1GXm1LU=","carabid","CHLAES","Chlaenius aestivus","species",,"Say",,2,"Ciegler, J. C. 2000. Ground beetles and wrinkled bark beetles of South Carolina (Coleoptera: Geadephaga: Carabidae and Rhysodidae). Biota of South Carolina. Vol. 1. Clemson, S. Clemson University.","wYCqaZcA+7slXlj5N/mM6vobrh4QDptp","wYCqaZcA+7slXlj5N/mM6vobrh4QDptp",
"2ea2d343-ce21-40ae-9d86-f3e3bcc5f3a7","SCBI_002.basePlot.bet","D02","SCBI","SCBI_002","N","2015-05-12","2015-05-26","2015-05-27","2015-07-01",,"SCBI_002.N.20150526","NTl2q/XFbjzyUEn3Qe7D5kCSj+endh+c4yjGO1c2FLI=","invert bycatch",,,,,,,,,,"wYCqaZcA+7slXlj5N/mM6vobrh4QDptp",
"cbd27881-26e6-4afc-8528-0d78f9a39369","SCBI_012.basePlot.bet","D02","SCBI","SCBI_012","N","2015-05-12","2015-05-26","2015-05-27","2015-06-30",,"SCBI_012.N.20150526","XK58HfsRWveBChV1DUB57WGPJx1fidv3rpzK0QHL1Ok=","invert bycatch",,,,,,,,,,"wYCqaZcA+7slXlj5N/mM6vobrh4QDptp",
"ed357dad-3161-418d-afb6-9bf38aa737ad","SCBI_006.basePlot.bet","D02","SCBI","SCBI_006","N","2015-05-12","2015-05-26","2015-05-27","2015-07-01",,"SCBI_006.N.20150526","2wNT0Wyw286PiGGTpklZ+h6pFoMfV35coxtsv3RAmXA=","invert bycatch",,,,,,,,,,"wYCqaZcA+7slXlj5N/mM6vobrh4QDptp",
"f598611f-2ee9-4cfd-9f00-7923536adab3","SCBI_005.basePlot.bet","D02","SCBI","SCBI_005","N","2015-05-12","2015-05-26","2015-05-27","2015-06-30",,"SCBI_005.N.20150526","2MbaqPQFAm6aL5deFx9vUWM0aMDVn70tRSKrj+EUlCI=","invert bycatch",,,,,,,,,,"wYCqaZcA+7slXlj5N/mM6vobrh4QDptp",
"62c4b9c2-46c2-4608-9d65-96af9f0fc608","SCBI_002.basePlot.bet","D02","SCBI","SCBI_002","N","2015-05-12","2015-05-26","2015-05-27","2015-07-01","2015-07-01","SCBI_002.N.20150526","NTl2q/XFbjzyUEn3Qe7D5nI13nNvi90Fv2CB/SZ9MQo=","carabid","CHLAES","Chlaenius aestivus","species",,"Say",,2,"Ciegler, J. C. 2000. Ground beetles and wrinkled bark beetles of South Carolina (Coleoptera: Geadephaga: Carabidae and Rhysodidae). Biota of South Carolina. Vol. 1. Clemson, S. Clemson University.","wYCqaZcA+7slXlj5N/mM6vobrh4QDptp","wYCqaZcA+7slXlj5N/mM6vobrh4QDptp",
"26df3a10-6f68-43f6-8592-4ecebd43a0c1","SCBI_004.basePlot.bet","D02","SCBI","SCBI_004","S","2015-05-12","2015-05-26","2015-05-27","2015-06-30","2015-06-30","SCBI_004.S.20150526","ZCodyo9yj614vwZr5YmwzN/cli9VhNI3wIOJCR5SXEQ=","carabid","CHLAES","Chlaenius aestivus","species",,"Say",,2,"Ciegler, J. C. 2000. Ground beetles and wrinkled bark beetles of South Carolina (Coleoptera: Geadephaga: Carabidae and Rhysodidae). Biota of South Carolina. Vol. 1. Clemson, S. Clemson University.","wYCqaZcA+7slXlj5N/mM6vobrh4QDptp","wYCqaZcA+7slXlj5N/mM6vobrh4QDptp",
"cc20ed19-3b31-4d08-b15d-e21844804273","SCBI_004.basePlot.bet","D02","SCBI","SCBI_004","S","2015-05-12","2015-05-26","2015-05-27","2015-06-30","2015-06-30","SCBI_004.S.20150526","ZCodyo9yj614vwZr5YmwzIeJn0D1Fi1pZm6/JFrGX58=","carabid","PTEMUT2","Pterostichus mutus","species",,"Say",,1,"Bousquet, Y. 2010b. Illustrated Identification Guide to Adults and Larvae of Northeastern North American Ground Beetles (Coleoptera: Carabidae). 1st Ed. Pensoft Publishers, Sofia, Bulgaria.","wYCqaZcA+7slXlj5N/mM6vobrh4QDptp","wYCqaZcA+7slXlj5N/mM6vobrh4QDptp",
