uid,namedLocation,domainID,siteID,plotID,setDate,collectDate,identifiedDate,individualID,taxonID,kingdom,phylum,class,order,family,subfamily,tribe,genus,subgenus,specificEpithet,infraspecificEpithet,scientificName,scientificNameAuthorship,taxonRank,identificationQualifier,sex,morphospeciesID,identificationReferences,identifiedBy,laboratoryName,identificationRemarks,sampleCondition,dnaBarcoded,geneticSampleID,remarks
"45e06a80-1716-460e-ac15-c8c184f944cc","SCBI_002.basePlot.bet","D02","SCBI","SCBI_002","2015-04-28","2015-05-12","2016-12-14","NEON.BET.D02.002900","TRIAUT","Animalia","Arthropoda","Insecta","Coleoptera","Carabidae","Harpalinae","Harpalini","Trichotichnus","Iridessus","autumnalis",,"Trichotichnus autumnalis","Say","species",,"F",,"Lindroth, C. H. 1969. The ground-beetles (Carabidae, excl. Cicindelinae) of Canada and Alaska, parts 1-6. Opuscula E. Entomoligiska Sallskapet.","Robert L. Davidson","Carnegie Museum of Invertebrate Zoology",,"No known compromise","N",,
"cc37feaa-3f19-4258-931b-9c23ff7faeea","SCBI_004.basePlot.bet","D02","SCBI","SCBI_004","2015-04-28","2015-05-12","2016-12-14","NEON.BET.D02.002901","TRIAUT","Animalia","Arthropoda","Insecta","Coleoptera","Carabidae","Harpalinae","Harpalini","Trichotichnus","Iridessus","autumnalis",,"Trichotichnus autumnalis","Say","species",,"F",,"Lindroth, C. H. 1969. The ground-beetles (Carabidae, excl. Cicindelinae) of Canada and Alaska, parts 1-6. Opuscula E. Entomoligiska Sallskapet.","Robert L. Davidson","Carnegie Museum of Invertebrate Zoology",,"No known compromise","N",,
"4be5a6ed-9d50-4afd-9445-2f637c89cf67","SCBI_008.basePlot.bet","D02","SCBI","SCBI_008","2015-04-28","2015-05-12","2016-12-02","NEON.BET.D02.002543","NOTAEN","Animalia","Arthropoda","Insecta","Coleoptera","Carabidae","Nebriinae","Notiophilini","Notiophilus",,"aeneus",,"Notiophilus aeneus","Herbst","species",,"M",,"Lindroth, C. H. 1969. The ground-beetles (Carabidae, excl. Cicindelinae) of Canada and Alaska, parts 1-6. Opuscula E. Entomoligiska Sallskapet.","Robert L. Davidson","Carnegie Museum of Invertebrate Zoology",,"No known compromise","N",,
"2f2f9a9b-5340-48c7-8365-d2d6eb928cfa","SCBI_010.basePlot.bet","D02","SCBI","SCBI_010","2015-04-28","2015-05-12","2016-12-02","NEON.BET.D02.002544","NOTAEN","Animalia","Arthropoda","Insecta","Coleoptera","Carabidae","Nebriinae","Notiophilini","Notiophilus",,"aeneus",,"Notiophilus aeneus","Herbst","species",,"M",,"Lindroth, C. H. 1969. The ground-beetles (Carabidae, excl. Cicindelinae) of Canada and Alaska, parts 1-6. Opuscula E. Entomoligiska Sallskapet.","Robert L. Davidson","Carnegie Museum of Invertebrate Zoology",,"No known compromise","N",,
"bf0bdd3a-e8e4-4043-ada4-983bad109f2c","SCBI_007.basePlot.bet","D02","SCBI","SCBI_007","2015-04-28","2015-05-12","2016-12-02","NEON.BET.D02.002538","NOTAEN","Animalia","Arthropoda","Insecta","Coleoptera","Carabidae","Nebriinae","Notiophilini","Notiophilus",,"aeneus",,"Notiophilus aeneus","Herbst","species",,"M",,"Lindroth, C. H. 1969. The ground-beetles (Carabidae, excl. Cicindelinae) of Canada and Alaska, parts 1-6. Opuscula E. Entomoligiska Sallskapet.","Robert L. Davidson","Carnegie Museum of Invertebrate Zoology",,"No known compromise","N",,
"b6320ba6-2cd5-4a3e-a463-44892a63ff71","SCBI_007.basePlot.bet","D02","SCBI","SCBI_007","2015-04-28","2015-05-12","2016-12-02","NEON.BET.D02.002537","NOTAEN","Animalia","Arthropoda","Insecta","Coleoptera","Carabidae","Nebriinae","Notiophilini","Notiophilus",,"aeneus",,"Notiophilus aeneus","Herbst","species",,"F",,"Lindroth, C. H. 1969. The ground-beetles (Carabidae, excl. Cicindelinae) of Canada and Alaska, parts 1-6. Opuscula E. Entomoligiska Sallskapet.","Robert L. Davidson","Carnegie Museum of Invertebrate Zoology",,"No known compromise","N",,
"9b10d436-81d6-42cd-b163-5d69f28d07c1","SCBI_007.basePlot.bet","D02","SCBI","SCBI_007","2015-04-28","2015-05-12","2016-12-02","NEON.BET.D02.002540","NOTAEN","Animalia","Arthropoda","Insecta","Coleoptera","Carabidae","Nebriinae","Notiophilini","Notiophilus",,"aeneus",,"Notiophilus aeneus","Herbst","species",,"F",,"Lindroth, C. H. 1969. The ground-beetles (Carabidae, excl. Cicindelinae) of Canada and Alaska, parts 1-6. Opuscula E. Entomoligiska Sallskapet.","Robert L. Davidson","Carnegie Museum of Invertebrate Zoology",,"No known compromise","N",,
"bc892997-e33a-463e-9867-403ad598e261","SCBI_007.basePlot.bet","D02","SCBI","SCBI_007","2015-04-28","2015-05-12","2016-12-02","NEON.BET.D02.002542","NOTAEN","Animalia","Arthropoda","Insecta","Coleoptera","Carabidae","Nebriinae","Notiophilini","Notiophilus",,"aeneus",,"Notiophilus aeneus","Herbst","species",,"M",,"Lindroth, C. H. 1969. The ground-beetles (Carabidae, excl. Cicindelinae) of Canada and Alaska, parts 1-6. Opuscula E. Entomoligiska Sallskapet.","Robert L. Davidson","Carnegie Museum of Invertebrate Zoology",,"No known compromise","N",,
"1f6d9dd3-e946-4fb6-b933-d91948e83db4","SCBI_007.basePlot.bet","D02","SCBI","SCBI_007","2015-04-28","2015-05-12","2016-12-02","NEON.BET.D02.002539","NOTAEN","Animalia","Arthropoda","Insecta","Coleoptera","Carabidae","Nebriinae","Notiophilini","Notiophilus",,"aeneus",,"Notiophilus aeneus","Herbst","species",,"M",,"Lindroth, C. H. 1969. The ground-beetles (Carabidae, excl. Cicindelinae) of Canada and Alaska, parts 1-6. Opuscula E. Entomoligiska Sallskapet.","Robert L. Davidson","Carnegie Museum of Invertebrate Zoology",,"No known compromise","N",,
"66efb7b5-1873-4c09-97bc-816de03b66f8","SCBI_007.basePlot.bet","D02","SCBI","SCBI_007","2015-04-28","2015-05-12","2016-11-17","NEON.BET.D02.002559","CARGOR","Animalia","Arthropoda","Insecta","Coleoptera","Carabidae","Carabinae","Carabini","Carabus","Carabus","goryi",,"Carabus goryi","Dejean","species",,"F",,"Lindroth, C. H. 1969. The ground-beetles (Carabidae, excl. Cicindelinae) of Canada and Alaska, parts 1-6. Opuscula E. Entomoligiska Sallskapet.","Robert L. Davidson","Carnegie Museum of Invertebrate Zoology",,"No known compromise","N",,
"c54d6dcb-ee18-4d3f-8df2-3e65bbc0dadc","SCBI_007.basePlot.bet","D02","SCBI","SCBI_007","2015-04-28","2015-05-12","2016-12-17","NEON.BET.D02.002558","CARGOR","Animalia","Arthropoda","Insecta","Coleoptera","Carabidae","Carabinae","Carabini","Carabus","Carabus","goryi",,"Carabus goryi","Dejean","species",,"M",,"Lindroth, C. H. 1969. The ground-beetles (Carabidae, excl. Cicindelinae) of Canada and Alaska, parts 1-6. Opuscula E. Entomoligiska Sallskapet.","Robert L. Davidson","Carnegie Museum of Invertebrate Zoology",,"No known compromise","N",,
"05e56ef0-945c-479f-8f64-b36d7dda60ce","SCBI_007.basePlot.bet","D02","SCBI","SCBI_007","2015-04-28","2015-05-12","2016-12-02","NEON.BET.D02.002541","NOTAEN","Animalia","Arthropoda","Insecta","Coleoptera","Carabidae","Nebriinae","Notiophilini","Notiophilus",,"aeneus",,"Notiophilus aeneus","Herbst","species",,"F",,"Lindroth, C. H. 1969. The ground-beetles (Carabidae, excl. Cicindelinae) of Canada and Alaska, parts 1-6. Opuscula E. Entomoligiska Sallskapet.","Robert L. Davidson","Carnegie Museum of Invertebrate Zoology",,"No known compromise","N",,
"13bc8b05-03c0-4b06-bd55-b5c280bbd621","SCBI_008.basePlot.bet","D02","SCBI","SCBI_008","2015-04-28","2015-05-12","2016-11-16","NEON.BET.D02.002700","CHLAES","Animalia","Arthropoda","Insecta","Coleoptera","Carabidae","Harpalinae","Chlaeniini","Chlaenius","Chlaenius","aestivus",,"Chlaenius aestivus","Say","species",,"M",,"Bell, R. T. 1960. A Revision of the Genus Chlaenius Bonelli (Coleoptera, Carabidae) in North America. Miscellaneous Publications of the Entomological Society of America 1:98-166.","Robert L. Davidson","Carnegie Museum of Invertebrate Zoology",,"No known compromise","N",,
"c641578e-815d-4636-aca2-52fc767d214d","SCBI_002.basePlot.bet","D02","SCBI","SCBI_002","2015-04-28","2015-05-12","2016-11-16","NEON.BET.D02.002699","CHLAES","Animalia","Arthropoda","Insecta","Coleoptera","Carabidae","Harpalinae","Chlaeniini","Chlaenius","Chlaenius","aestivus",,"Chlaenius aestivus","Say","species",,"F",,"Bell, R. T. 1960. A Revision of the Genus Chlaenius Bonelli (Coleoptera, Carabidae) in North America. Miscellaneous Publications of the Entomological Society of America 1:98-166.","Robert L. Davidson","Carnegie Museum of Invertebrate Zoology",,"No known compromise","N",,
"fe63706e-6656-4f5b-bc3b-79b8ad70f614","SCBI_004.basePlot.bet","D02","SCBI","SCBI_004","2015-04-28","2015-05-12","2016-11-17","NEON.BET.D02.002750","DICDIL1","Animalia","Arthropoda","Insecta","Coleoptera","Carabidae","Harpalinae","Licinini","Dicaelus","Paradicaelus","dilatatus","dilatatus","Dicaelus dilatatus dilatatus","Say","subspecies",,"M",,"Ball, G. E. 1959. A taxonomic study of the North American Licinini with notes on the Old World species of the genus Diplocheila BrullÃ© (Coleoptera). Memoirs of the American Entomological Society No. 16.","Robert L. Davidson","Carnegie Museum of Invertebrate Zoology",,"No known compromise","N",,
"038e98f4-c3ea-48b5-95de-0488ec027afc","SCBI_008.basePlot.bet","D02","SCBI","SCBI_008","2015-04-28","2015-05-12","2016-11-16","NEON.BET.D02.002719","CHLEMA","Animalia","Arthropoda","Insecta","Coleoptera","Carabidae","Harpalinae","Chlaeniini","Chlaenius","Anomoglossus","emarginatus",,"Chlaenius emarginatus","Say","species",,"M",,"Bell, R. T. 1960. A Revision of the Genus Chlaenius Bonelli (Coleoptera, Carabidae) in North America. Miscellaneous Publications of the Entomological Society of America 1:98-166.","Robert L. Davidson","Carnegie Museum of Invertebrate Zoology",,"No known compromise","N",,
"dd404a40-0438-4137-93df-9448c408a4d8","SCBI_005.basePlot.bet","D02","SCBI","SCBI_005","2015-04-28","2015-05-12","2016-12-12","NEON.BET.D02.002762","ANIMEL","Animalia","Arthropoda","Insecta","Coleoptera","Carabidae","Harpalinae","Harpalini","Anisodactylus","Anisodactylus","melanopus",,"Anisodactylus melanopus","Haldeman","species",,"F",,"Noonan, G. R. 1996. Classification, cladistics and natural history of species of the subgenus Anisodactylus Dejean (Insecta: Coleoptera: Carabidae: Harpalini: Anysoldactylus).","Robert L. Davidson","Carnegie Museum of Invertebrate Zoology",,"No known compromise","N",,
"9b2e90a4-18f2-49e1-aa96-a344e5aab6b6","SCBI_008.basePlot.bet","D02","SCBI","SCBI_008","2015-04-28","2015-05-12","2016-11-17","NEON.BET.D02.002751","DICDIL1","Animalia","Arthropoda","Insecta","Coleoptera","Carabidae","Harpalinae","Licinini","Dicaelus","Paradicaelus","dilatatus","dilatatus","Dicaelus dilatatus dilatatus","Say","subspecies",,"M",,"Ball, G. E. 1959. A taxonomic study of the North American Licinini with notes on the Old World species of the genus Diplocheila BrullÃ© (Coleoptera). Memoirs of the American Entomological Society No. 16.","Robert L. Davidson","Carnegie Museum of Invertebrate Zoology",,"No known compromise","N",,
"23ec6997-8438-4db7-bdca-dec13d28d54f","SCBI_006.basePlot.bet","D02","SCBI","SCBI_006","2015-04-28","2015-05-12","2016-12-15","NEON.BET.D02.002812","HARRUB","Animalia","Arthropoda","Insecta","Coleoptera","Carabidae","Harpalinae","Harpalini","Harpalus","Harpalus","rubripes",,"Harpalus rubripes","Duftschmid","species",,"M",,"Bousquet, Y. 2010b. Illustrated Identification Guide to Adults and Larvae of Northeastern North American Ground Beetles (Coleoptera: Carabidae). 1st Ed. Pensoft Publishers, Sofia, Bulgaria.","Robert L. Davidson","Carnegie Museum of Invertebrate Zoology",,"No known compromise","N",,
"760209c8-2fc3-43fb-b29a-da888acdc154","SCBI_006.basePlot.bet","D02","SCBI","SCBI_006","2015-04-28","2015-05-12","2016-12-12","NEON.BET.D02.002769","ANIOVU","Animalia","Arthropoda","Insecta","Coleoptera","Carabidae","Harpalinae","Harpalini","Anisodactylus","Gynandrotarsus","ovularis",,"Anisodactylus ovularis","Casey","species",,"M",,"Noonan, G. R. 1973. The Anisodactylines (Insecta: Coleoptera: Carabidae: Harpalini): classification, evolution and zoogeography. Quaestiones Entomologicae 9:266-480.","Robert L. Davidson","Carnegie Museum of Invertebrate Zoology",,"No known compromise","N",,
"8a4dec07-b49f-4218-abfb-7d439ec087d5","SCBI_006.basePlot.bet","D02","SCBI","SCBI_006","2015-04-28","2015-05-12","2016-12-15","NEON.BET.D02.002811","HARRUB","Animalia","Arthropoda","Insecta","Coleoptera","Carabidae","Harpalinae","Harpalini","Harpalus","Harpalus","rubripes",,"Harpalus rubripes","Duftschmid","species",,"M",,"Bousquet, Y. 2010b. Illustrated Identification Guide to Adults and Larvae of Northeastern North American Ground Beetles (Coleoptera: Carabidae). 1st Ed. Pensoft Publishers, Sofia, Bulgaria.","Robert L. Davidson","Carnegie Museum of Invertebrate Zoology",,"No known compromise","N",,
"af4bf5c2-d280-4cc9-943e-0fbb33ad54ee","SCBI_033.basePlot.bet","D02","SCBI","SCBI_033","2015-05-12","2015-05-26","2016-12-02","NEON.BET.D02.002572","SCASUB2","Animalia","Arthropoda","Insecta","Coleoptera","Carabidae","Scaritinae","Scaritini","Scarites","Scarites","subterraneus",,"Scarites subterraneus","Fabricius","species",,"U",,"Nichols, S. W. 1986. Two new flightless species of Scarites s. str. inhabiting Florida and the West Indies (Coleoptera: Carabidae: Scaritini). Proceedings of the Entomological Society of Washington 88:257-264.","Robert L. Davidson","Carnegie Museum of Invertebrate Zoology",,"No known compromise","N",,
"9403202b-9e19-40b6-a32f-3809054b051a","SCBI_004.basePlot.bet","D02","SCBI","SCBI_004","2015-05-12","2015-05-26","2016-11-17","NEON.BET.D02.002942","GALBIC","Animalia","Arthropoda","Insecta","Coleoptera","Carabidae","Harpalinae","Galeritini","Galerita","Progaleritina","bicolor",,"Galerita bicolor","Drury","species",,"F",,"Ball, G. E., and A. P. Nimmo. 1983. Synopsis of the species of subgenus Progaleritina Jeannel, including reconstructed phylogeny and geographical history (Coleoptera: Carabidae: Galerita Fabricus). Trans American Ent Soc  109:295-356.","Robert L. Davidson","Carnegie Museum of Invertebrate Zoology",,"No known compromise","N",,
"f59e3835-a7e1-4b4a-9a68-a86432e8ee43","SCBI_006.basePlot.bet","D02","SCBI","SCBI_006","2015-05-12","2015-05-26","2016-12-02","NEON.BET.D02.002562","SCASUB2","Animalia","Arthropoda","Insecta","Coleoptera","Carabidae","Scaritinae","Scaritini","Scarites","Scarites","subterraneus",,"Scarites subterraneus","Fabricius","species",,"U",,"Nichols, S. W. 1986. Two new flightless species of Scarites s. str. inhabiting Florida and the West Indies (Coleoptera: Carabidae: Scaritini). Proceedings of the Entomological Society of Washington 88:257-264.","Robert L. Davidson","Carnegie Museum of Invertebrate Zoology",,"No known compromise","N",,
"d97b2325-2737-4c45-a8c6-9218af768080","SCBI_006.basePlot.bet","D02","SCBI","SCBI_006","2015-05-12","2015-05-26","2016-12-02","NEON.BET.D02.002566","SCASUB2","Animalia","Arthropoda","Insecta","Coleoptera","Carabidae","Scaritinae","Scaritini","Scarites","Scarites","subterraneus",,"Scarites subterraneus","Fabricius","species",,"U",,"Nichols, S. W. 1986. Two new flightless species of Scarites s. str. inhabiting Florida and the West Indies (Coleoptera: Carabidae: Scaritini). Proceedings of the Entomological Society of Washington 88:257-264.","Robert L. Davidson","Carnegie Museum of Invertebrate Zoology",,"No known compromise","N",,
"fe3ea70f-f069-43f4-8f9d-387847f545c6","SCBI_006.basePlot.bet","D02","SCBI","SCBI_006","2015-05-12","2015-05-26","2016-12-02","NEON.BET.D02.002569","SCASUB2","Animalia","Arthropoda","Insecta","Coleoptera","Carabidae","Scaritinae","Scaritini","Scarites","Scarites","subterraneus",,"Scarites subterraneus","Fabricius","species",,"U",,"Nichols, S. W. 1986. Two new flightless species of Scarites s. str. inhabiting Florida and the West Indies (Coleoptera: Carabidae: Scaritini). Proceedings of the Entomological Society of Washington 88:257-264.","Robert L. Davidson","Carnegie Museum of Invertebrate Zoology",,"No known compromise","N",,
"a452d121-2190-4076-8300-6dce8bbfaa91","SCBI_006.basePlot.bet","D02","SCBI","SCBI_006","2015-05-12","2015-05-26","2016-12-02","NEON.BET.D02.002570","SCASUB2","Animalia","Arthropoda","Insecta","Coleoptera","Carabidae","Scaritinae","Scaritini","Scarites","Scarites","subterraneus",,"Scarites subterraneus","Fabricius","species",,"U",,"Nichols, S. W. 1986. Two new flightless species of Scarites s. str. inhabiting Florida and the West Indies (Coleoptera: Carabidae: Scaritini). Proceedings of the Entomological Society of Washington 88:257-264.","Robert L. Davidson","Carnegie Museum of Invertebrate Zoology",,"No known compromise","N",,
"9fc3a91e-2b1c-476e-88de-fccd25a5e266","SCBI_006.basePlot.bet","D02","SCBI","SCBI_006","2015-05-12","2015-05-26","2016-12-02","NEON.BET.D02.002563","SCASUB2","Animalia","Arthropoda","Insecta","Coleoptera","Carabidae","Scaritinae","Scaritini","Scarites","Scarites","subterraneus",,"Scarites subterraneus","Fabricius","species",,"U",,"Nichols, S. W. 1986. Two new flightless species of Scarites s. str. inhabiting Florida and the West Indies (Coleoptera: Carabidae: Scaritini). Proceedings of the Entomological Society of Washington 88:257-264.","Robert L. Davidson","Carnegie Museum of Invertebrate Zoology",,"No known compromise","N",,
"e8919b57-4a3c-4a2a-9cd9-3848ce3997d6","SCBI_006.basePlot.bet","D02","SCBI","SCBI_006","2015-05-12","2015-05-26","2016-12-02","NEON.BET.D02.002567","SCASUB2","Animalia","Arthropoda","Insecta","Coleoptera","Carabidae","Scaritinae","Scaritini","Scarites","Scarites","subterraneus",,"Scarites subterraneus","Fabricius","species",,"U",,"Nichols, S. W. 1986. Two new flightless species of Scarites s. str. inhabiting Florida and the West Indies (Coleoptera: Carabidae: Scaritini). Proceedings of the Entomological Society of Washington 88:257-264.","Robert L. Davidson","Carnegie Museum of Invertebrate Zoology",,"No known compromise","N",,
"e7c57cba-f628-4a8b-9669-8299821e96b2","SCBI_006.basePlot.bet","D02","SCBI","SCBI_006","2015-05-12","2015-05-26","2016-12-02","NEON.BET.D02.002564","SCASUB2","Animalia","Arthropoda","Insecta","Coleoptera","Carabidae","Scaritinae","Scaritini","Scarites","Scarites","subterraneus",,"Scarites subterraneus","Fabricius","species",,"U",,"Nichols, S. W. 1986. Two new flightless species of Scarites s. str. inhabiting Florida and the West Indies (Coleoptera: Carabidae: Scaritini). Proceedings of the Entomological Society of Washington 88:257-264.","Robert L. Davidson","Carnegie Museum of Invertebrate Zoology",,"No known compromise","N",,
"cebd3ac3-41bc-41f9-b496-460ca76c5861","SCBI_006.basePlot.bet","D02","SCBI","SCBI_006","2015-05-12","2015-05-26","2016-12-02","NEON.BET.D02.002568","SCASUB2","Animalia","Arthropoda","Insecta","Coleoptera","Carabidae","Scaritinae","Scaritini","Scarites","Scarites","subterraneus",,"Scarites subterraneus","Fabricius","species",,"U",,"Nichols, S. W. 1986. Two new flightless species of Scarites s. str. inhabiting Florida and the West Indies (Coleoptera: Carabidae: Scaritini). Proceedings of the Entomological Society of Washington 88:257-264.","Robert L. Davidson","Carnegie Museum of Invertebrate Zoology",,"No known compromise","N",,
"b134e127-059c-4ea4-8f2d-be76d4ae1542","SCBI_006.basePlot.bet","D02","SCBI","SCBI_006","2015-05-12","2015-05-26","2016-12-02","NEON.BET.D02.002565","SCASUB2","Animalia","Arthropoda","Insecta","Coleoptera","Carabidae","Scaritinae","Scaritini","Scarites","Scarites","subterraneus",,"Scarites subterraneus","Fabricius","species",,"U",,"Nichols, S. W. 1986. Two new flightless species of Scarites s. str. inhabiting Florida and the West Indies (Coleoptera: Carabidae: Scaritini). Proceedings of the Entomological Society of Washington 88:257-264.","Robert L. Davidson","Carnegie Museum of Invertebrate Zoology",,"No known compromise","N",,
"5472d5c1-224e-4fce-a54e-47dfd3270943","SCBI_006.basePlot.bet","D02","SCBI","SCBI_006","2015-05-12","2015-05-26","2016-12-02","NEON.BET.D02.002571","SCASUB2","Animalia","Arthropoda","Insecta","Coleoptera","Carabidae","Scaritinae","Scaritini","Scarites","Scarites","subterraneus",,"Scarites subterraneus","Fabricius","species",,"U",,"Nichols, S. W. 1986. Two new flightless species of Scarites s. str. inhabiting Florida and the West Indies (Coleoptera: Carabidae: Scaritini). Proceedings of the Entomological Society of Washington 88:257-264.","Robert L. Davidson","Carnegie Museum of Invertebrate Zoology",,"No known compromise","N",,
"51f56d1f-1875-471c-bab0-3628d457406f","SCBI_002.basePlot.bet","D02","SCBI","SCBI_002","2015-05-12","2015-05-26","2016-11-18","NEON.BET.D02.002593","PTECOR1","Animalia","Arthropoda","Insecta","Coleoptera","Carabidae","Harpalinae","Pterostichini","Pterostichus","Euferonia","coracinus",,"Pterostichus coracinus","Newman","species",,"M",,"Lindroth, C. H. 1969. The ground-beetles (Carabidae, excl. Cicindelinae) of Canada and Alaska, parts 1-6. Opuscula E. Entomoligiska Sallskapet.","Robert L. Davidson","Carnegie Museum of Invertebrate Zoology",,"No known compromise","N",,
"e2ca0123-1452-424b-9a91-19181efec2d5","SCBI_006.basePlot.bet","D02","SCBI","SCBI_006","2015-05-12","2015-05-26","2016-12-01","NEON.BET.D02.002661","POELUC","Animalia","Arthropoda","Insecta","Coleoptera","Carabidae","Harpalinae","Pterostichini","Poecilus","Poecilus","lucublandus",,"Poecilus lucublandus","Say","species",,"F",,"Lindroth, C. H. 1969. The ground-beetles (Carabidae, excl. Cicindelinae) of Canada and Alaska, parts 1-6. Opuscula E. Entomoligiska Sallskapet.","Robert L. Davidson","Carnegie Museum of Invertebrate Zoology",,"No known compromise","N",,
"d33a5c0c-8522-4585-ba78-fb61d0f12ce8","SCBI_002.basePlot.bet","D02","SCBI","SCBI_002","2015-05-12","2015-05-26","2016-12-01","NEON.BET.D02.002660","POELUC","Animalia","Arthropoda","Insecta","Coleoptera","Carabidae","Harpalinae","Pterostichini","Poecilus","Poecilus","lucublandus",,"Poecilus lucublandus","Say","species",,"M",,"Lindroth, C. H. 1969. The ground-beetles (Carabidae, excl. Cicindelinae) of Canada and Alaska, parts 1-6. Opuscula E. Entomoligiska Sallskapet.","Robert L. Davidson","Carnegie Museum of Invertebrate Zoology",,"No known compromise","N",,
"ff1ee40f-3c65-4fda-a602-c929f6f40ac8","SCBI_004.basePlot.bet","D02","SCBI","SCBI_004","2015-05-12","2015-05-26","2016-12-01","NEON.BET.D02.002625","PTEMUT2","Animalia","Arthropoda","Insecta","Coleoptera","Carabidae","Harpalinae","Pterostichini","Pterostichus","Bothriopterus","mutus",,"Pterostichus mutus","Say","species",,"F",,"Lindroth, C. H. 1969. The ground-beetles (Carabidae, excl. Cicindelinae) of Canada and Alaska, parts 1-6. Opuscula E. Entomoligiska Sallskapet.","Robert L. Davidson","Carnegie Museum of Invertebrate Zoology",,"No known compromise","N",,
"cddbfead-f32d-453c-a6c2-bfbbb6b58491","SCBI_006.basePlot.bet","D02","SCBI","SCBI_006","2015-05-12","2015-05-26","2016-12-16","NEON.BET.D02.002697","AMAFLE","Animalia","Arthropoda","Insecta","Coleoptera","Carabidae","Harpalinae","Zabrini","Amara","Zezea","flebilis",,"Amara flebilis","Casey","species",,"F",,"Hieke, F. 2000. Revision einiger Gruppen und neue Arten der Gattung Amara Bonelli, 1810 (Coleoptera: Carabidae). Annales Historico-Naturales Musei Nationalis Hungarici 92:41-143.","Robert L. Davidson","Carnegie Museum of Invertebrate Zoology",,"No known compromise","N",,
"3855c1cb-caed-4e4e-8c7a-3a605268c81d","SCBI_006.basePlot.bet","D02","SCBI","SCBI_006","2015-05-12","2015-05-26","2016-11-16","NEON.BET.D02.002701","CHLAES","Animalia","Arthropoda","Insecta","Coleoptera","Carabidae","Harpalinae","Chlaeniini","Chlaenius","Chlaenius","aestivus",,"Chlaenius aestivus","Say","species",,"F",,"Bell, R. T. 1960. A Revision of the Genus Chlaenius Bonelli (Coleoptera, Carabidae) in North America. Miscellaneous Publications of the Entomological Society of America 1:98-166.","Robert L. Davidson","Carnegie Museum of Invertebrate Zoology",,"No known compromise","N",,
"fcbdaace-101c-450a-b42b-60df59c63e87","SCBI_012.basePlot.bet","D02","SCBI","SCBI_012","2015-05-12","2015-05-26","2016-11-16","NEON.BET.D02.002702","CHLAES","Animalia","Arthropoda","Insecta","Coleoptera","Carabidae","Harpalinae","Chlaeniini","Chlaenius","Chlaenius","aestivus",,"Chlaenius aestivus","Say","species",,"F",,"Bell, R. T. 1960. A Revision of the Genus Chlaenius Bonelli (Coleoptera, Carabidae) in North America. Miscellaneous Publications of the Entomological Society of America 1:98-166.","Robert L. Davidson","Carnegie Museum of Invertebrate Zoology",,"No known compromise","N",,
"a600168b-3314-482b-ba5e-c5874209099e","SCBI_012.basePlot.bet","D02","SCBI","SCBI_012","2015-05-12","2015-05-26","2016-12-16","NEON.BET.D02.002698","AMAFLE","Animalia","Arthropoda","Insecta","Coleoptera","Carabidae","Harpalinae","Zabrini","Amara","Zezea","flebilis",,"Amara flebilis","Casey","species",,"F",,"Hieke, F. 2000. Revision einiger Gruppen und neue Arten der Gattung Amara Bonelli, 1810 (Coleoptera: Carabidae). Annales Historico-Naturales Musei Nationalis Hungarici 92:41-143.","Robert L. Davidson","Carnegie Museum of Invertebrate Zoology",,"No known compromise","N",,
"a7a5efcc-2015-4fa0-9738-8ae8c808cfb9","SCBI_004.basePlot.bet","D02","SCBI","SCBI_004","2015-05-12","2015-05-26","2016-11-17","NEON.BET.D02.002746","DICPOL","Animalia","Arthropoda","Insecta","Coleoptera","Carabidae","Harpalinae","Licinini","Dicaelus","Paradicaelus","politus",,"Dicaelus politus","Dejean","species",,"F",,"Ball, G. E. 1959. A taxonomic study of the North American Licinini with notes on the Old World species of the genus Diplocheila BrullÃ© (Coleoptera). Memoirs of the American Entomological Society No. 16.","Robert L. Davidson","Carnegie Museum of Invertebrate Zoology",,"No known compromise","N",,
"a6a5aaab-29f3-46cf-8e7a-4bc32976708a","SCBI_033.basePlot.bet","D02","SCBI","SCBI_033","2015-05-12","2015-05-26","2016-11-17","NEON.BET.D02.002754","DICELO","Animalia","Arthropoda","Insecta","Coleoptera","Carabidae","Harpalinae","Licinini","Dicaelus","Paradicaelus","elongatus",,"Dicaelus elongatus","Bonelli","species",,"F",,"Ball, G. E. 1959. A taxonomic study of the North American Licinini with notes on the Old World species of the genus Diplocheila BrullÃ© (Coleoptera). Memoirs of the American Entomological Society No. 16.","Robert L. Davidson","Carnegie Museum of Invertebrate Zoology",,"No known compromise","N",,
"65988647-a370-4eb7-9568-1954d0332d6a","SCBI_033.basePlot.bet","D02","SCBI","SCBI_033","2015-05-12","2015-05-26","2016-11-17","NEON.BET.D02.002755","DICELO","Animalia","Arthropoda","Insecta","Coleoptera","Carabidae","Harpalinae","Licinini","Dicaelus","Paradicaelus","elongatus",,"Dicaelus elongatus","Bonelli","species",,"F",,"Ball, G. E. 1959. A taxonomic study of the North American Licinini with notes on the Old World species of the genus Diplocheila BrullÃ© (Coleoptera). Memoirs of the American Entomological Society No. 16.","Robert L. Davidson","Carnegie Museum of Invertebrate Zoology",,"No known compromise","N",,
"9879d085-e3a9-47a0-9948-01591b4eb443","SCBI_008.basePlot.bet","D02","SCBI","SCBI_008","2015-05-12","2015-05-26","2016-11-16","NEON.BET.D02.002723","CHLEMA","Animalia","Arthropoda","Insecta","Coleoptera","Carabidae","Harpalinae","Chlaeniini","Chlaenius","Anomoglossus","emarginatus",,"Chlaenius emarginatus","Say","species",,"M",,"Bell, R. T. 1960. A Revision of the Genus Chlaenius Bonelli (Coleoptera, Carabidae) in North America. Miscellaneous Publications of the Entomological Society of America 1:98-166.","Robert L. Davidson","Carnegie Museum of Invertebrate Zoology",,"No known compromise","N",,
"50029b43-f4ab-4c87-a7e6-37afdc1e8ba2","SCBI_008.basePlot.bet","D02","SCBI","SCBI_008","2015-05-12","2015-05-26","2016-11-16","NEON.BET.D02.002724","CHLEMA","Animalia","Arthropoda","Insecta","Coleoptera","Carabidae","Harpalinae","Chlaeniini","Chlaenius","Anomoglossus","emarginatus",,"Chlaenius emarginatus","Say","species",,"F",,"Bell, R. T. 1960. A Revision of the Genus Chlaenius Bonelli (Coleoptera, Carabidae) in North America. Miscellaneous Publications of the Entomological Society of America 1:98-166.","Robert L. Davidson","Carnegie Museum of Invertebrate Zoology",,"No known compromise","N",,
"adc65b18-c997-4e35-a968-b7ec83462db9","SCBI_008.basePlot.bet","D02","SCBI","SCBI_008","2015-05-12","2015-05-26","2016-11-17","NEON.BET.D02.002760","BADNOT","Animalia","Arthropoda","Insecta","Coleoptera","Carabidae","Harpalinae","Licinini","Badister","Badister","notatus",,"Badister notatus","Haldeman","species",,"F",,"Ball, G. E. 1959. A taxonomic study of the North American Licinini with notes on the Old World species of the genus Diplocheila BrullÃ© (Coleoptera). Memoirs of the American Entomological Society No. 16.","Robert L. Davidson","Carnegie Museum of Invertebrate Zoology",,"No known compromise","N",,
"6f9d393e-1532-4187-aa3a-da6c3ea522a2","SCBI_006.basePlot.bet","D02","SCBI","SCBI_006","2015-05-12","2015-05-26","2016-11-16","NEON.BET.D02.002722","CHLEMA","Animalia","Arthropoda","Insecta","Coleoptera","Carabidae","Harpalinae","Chlaeniini","Chlaenius","Anomoglossus","emarginatus",,"Chlaenius emarginatus","Say","species",,"F",,"Bell, R. T. 1960. A Revision of the Genus Chlaenius Bonelli (Coleoptera, Carabidae) in North America. Miscellaneous Publications of the Entomological Society of America 1:98-166.","Robert L. Davidson","Carnegie Museum of Invertebrate Zoology",,"No known compromise","N",,
"075e6bea-5fb4-41e0-a0db-23c90cb229dd","SCBI_002.basePlot.bet","D02","SCBI","SCBI_002","2015-05-12","2015-05-26","2016-11-16","NEON.BET.D02.002721","CHLEMA","Animalia","Arthropoda","Insecta","Coleoptera","Carabidae","Harpalinae","Chlaeniini","Chlaenius","Anomoglossus","emarginatus",,"Chlaenius emarginatus","Say","species",,"F",,"Bell, R. T. 1960. A Revision of the Genus Chlaenius Bonelli (Coleoptera, Carabidae) in North America. Miscellaneous Publications of the Entomological Society of America 1:98-166.","Robert L. Davidson","Carnegie Museum of Invertebrate Zoology",,"No known compromise","N",,
"8ce5c40d-69d9-4d42-9f41-3477b7e14cba","SCBI_002.basePlot.bet","D02","SCBI","SCBI_002","2015-05-12","2015-05-26","2016-11-16","NEON.BET.D02.002720","CHLEMA","Animalia","Arthropoda","Insecta","Coleoptera","Carabidae","Harpalinae","Chlaeniini","Chlaenius","Anomoglossus","emarginatus",,"Chlaenius emarginatus","Say","species",,"F",,"Bell, R. T. 1960. A Revision of the Genus Chlaenius Bonelli (Coleoptera, Carabidae) in North America. Miscellaneous Publications of the Entomological Society of America 1:98-166.","Robert L. Davidson","Carnegie Museum of Invertebrate Zoology",,"No known compromise","N",,
"41d5d3f7-a848-4daf-bd36-2bd340a36aeb","SCBI_033.basePlot.bet","D02","SCBI","SCBI_033","2015-05-12","2015-05-26","2016-12-12","NEON.BET.D02.002770","ANIOVU","Animalia","Arthropoda","Insecta","Coleoptera","Carabidae","Harpalinae","Harpalini","Anisodactylus","Gynandrotarsus","ovularis",,"Anisodactylus ovularis","Casey","species",,"F",,"Noonan, G. R. 1973. The Anisodactylines (Insecta: Coleoptera: Carabidae: Harpalini): classification, evolution and zoogeography. Quaestiones Entomologicae 9:266-480.","Robert L. Davidson","Carnegie Museum of Invertebrate Zoology",,"No known compromise","N",,
"d791d652-7bfb-466b-a693-b121c29d3570","SCBI_006.basePlot.bet","D02","SCBI","SCBI_006","2015-05-12","2015-05-26","2016-12-15","NEON.BET.D02.002813","HARRUB","Animalia","Arthropoda","Insecta","Coleoptera","Carabidae","Harpalinae","Harpalini","Harpalus","Harpalus","rubripes",,"Harpalus rubripes","Duftschmid","species",,"M",,"Bousquet, Y. 2010b. Illustrated Identification Guide to Adults and Larvae of Northeastern North American Ground Beetles (Coleoptera: Carabidae). 1st Ed. Pensoft Publishers, Sofia, Bulgaria.","Robert L. Davidson","Carnegie Museum of Invertebrate Zoology",,"No known compromise","N",,
"7ffee5fe-7ca0-42b0-832f-3ed1a5517c0b","SCBI_006.basePlot.bet","D02","SCBI","SCBI_006","2015-05-12","2015-05-26","2016-12-15","NEON.BET.D02.002814","HARRUB","Animalia","Arthropoda","Insecta","Coleoptera","Carabidae","Harpalinae","Harpalini","Harpalus","Harpalus","rubripes",,"Harpalus rubripes","Duftschmid","species",,"M",,"Bousquet, Y. 2010b. Illustrated Identification Guide to Adults and Larvae of Northeastern North American Ground Beetles (Coleoptera: Carabidae). 1st Ed. Pensoft Publishers, Sofia, Bulgaria.","Robert L. Davidson","Carnegie Museum of Invertebrate Zoology",,"No known compromise","N",,
"40169b3d-f5a9-4431-8bc2-3a8416570e59","SCBI_033.basePlot.bet","D02","SCBI","SCBI_033","2015-05-12","2015-05-26","2016-12-15","NEON.BET.D02.002815","HARRUB","Animalia","Arthropoda","Insecta","Coleoptera","Carabidae","Harpalinae","Harpalini","Harpalus","Harpalus","rubripes",,"Harpalus rubripes","Duftschmid","species",,"M",,"Bousquet, Y. 2010b. Illustrated Identification Guide to Adults and Larvae of Northeastern North American Ground Beetles (Coleoptera: Carabidae). 1st Ed. Pensoft Publishers, Sofia, Bulgaria.","Robert L. Davidson","Carnegie Museum of Invertebrate Zoology",,"No known compromise","N",,
"b2c663e5-8eca-4fac-9fab-291749861e90","SCBI_002.basePlot.bet","D02","SCBI","SCBI_002","2015-05-12","2015-05-26","2016-12-15","NEON.BET.D02.002937","PLADEC","Animalia","Arthropoda","Insecta","Coleoptera","Carabidae","Harpalinae","Platynini","Platynus","Platynus","decentis",,"Platynus decentis","Say","species",,"F",,"Liebherr, J. K., and K. W. Will. 1996. New North American Platynus Bonelli (Coleoptera: Carabidae), a key to species north of Mexico, and notes on species from the southwestern United States. The Coleopterists Bulletin 50:301-320.","Robert L. Davidson","Carnegie Museum of Invertebrate Zoology",,"No known compromise","N",,
"ce990999-c42e-4e7a-b75b-9ea035debfcb","SCBI_006.basePlot.bet","D02","SCBI","SCBI_006","2015-05-12","2015-05-26","2016-12-14","NEON.BET.D02.002922","TRIFUL","Animalia","Arthropoda","Insecta","Coleoptera","Carabidae","Harpalinae","Harpalini","Trichotichnus","Iridessus","fulgens",,"Trichotichnus fulgens","Csiki","species",,"F",,"Lindroth, C. H. 1969. The ground-beetles (Carabidae, excl. Cicindelinae) of Canada and Alaska, parts 1-6. Opuscula E. Entomoligiska Sallskapet.","Robert L. Davidson","Carnegie Museum of Invertebrate Zoology",,"No known compromise","N",,
"1889b364-4f78-4ee2-8ff0-efe6b2f6bfae","SCBI_008.basePlot.bet","D02","SCBI","SCBI_008","2015-05-12","2015-05-26","2016-11-17","NEON.BET.D02.002946","GALBIC","Animalia","Arthropoda","Insecta","Coleoptera","Carabidae","Harpalinae","Galeritini","Galerita","Progaleritina","bicolor",,"Galerita bicolor","Drury","species",,"F",,"Ball, G. E., and A. P. Nimmo. 1983. Synopsis of the species of subgenus Progaleritina Jeannel, including reconstructed phylogeny and geographical history (Coleoptera: Carabidae: Galerita Fabricus). Trans American Ent Soc  109:295-356.","Robert L. Davidson","Carnegie Museum of Invertebrate Zoology",,"No known compromise","N",,
"730373b7-7b94-4059-8120-d0fa015a80a9","SCBI_012.basePlot.bet","D02","SCBI","SCBI_012","2015-05-12","2015-05-26","2016-12-14","NEON.BET.D02.002923","TRIFUL","Animalia","Arthropoda","Insecta","Coleoptera","Carabidae","Harpalinae","Harpalini","Trichotichnus","Iridessus","fulgens",,"Trichotichnus fulgens","Csiki","species",,"M",,"Lindroth, C. H. 1969. The ground-beetles (Carabidae, excl. Cicindelinae) of Canada and Alaska, parts 1-6. Opuscula E. Entomoligiska Sallskapet.","Robert L. Davidson","Carnegie Museum of Invertebrate Zoology",,"No known compromise","N",,
"448532b3-6d32-4f7b-b2ab-ee6f5e69afe3","SCBI_004.basePlot.bet","D02","SCBI","SCBI_004","2015-05-12","2015-05-26","2016-11-17","NEON.BET.D02.002944","GALBIC","Animalia","Arthropoda","Insecta","Coleoptera","Carabidae","Harpalinae","Galeritini","Galerita","Progaleritina","bicolor",,"Galerita bicolor","Drury","species",,"M",,"Ball, G. E., and A. P. Nimmo. 1983. Synopsis of the species of subgenus Progaleritina Jeannel, including reconstructed phylogeny and geographical history (Coleoptera: Carabidae: Galerita Fabricus). Trans American Ent Soc  109:295-356.","Robert L. Davidson","Carnegie Museum of Invertebrate Zoology",,"No known compromise","N",,
"0bac207e-1588-49e9-8d2a-0d1886724480","SCBI_004.basePlot.bet","D02","SCBI","SCBI_004","2015-05-12","2015-05-26","2016-11-17","NEON.BET.D02.002941","GALBIC","Animalia","Arthropoda","Insecta","Coleoptera","Carabidae","Harpalinae","Galeritini","Galerita","Progaleritina","bicolor",,"Galerita bicolor","Drury","species",,"M",,"Ball, G. E., and A. P. Nimmo. 1983. Synopsis of the species of subgenus Progaleritina Jeannel, including reconstructed phylogeny and geographical history (Coleoptera: Carabidae: Galerita Fabricus). Trans American Ent Soc  109:295-356.","Robert L. Davidson","Carnegie Museum of Invertebrate Zoology",,"No known compromise","N",,
"d75bb018-95c3-4138-9ced-7d6e30b2b5e2","SCBI_004.basePlot.bet","D02","SCBI","SCBI_004","2015-05-12","2015-05-26","2016-11-17","NEON.BET.D02.002940","GALBIC","Animalia","Arthropoda","Insecta","Coleoptera","Carabidae","Harpalinae","Galeritini","Galerita","Progaleritina","bicolor",,"Galerita bicolor","Drury","species",,"M",,"Ball, G. E., and A. P. Nimmo. 1983. Synopsis of the species of subgenus Progaleritina Jeannel, including reconstructed phylogeny and geographical history (Coleoptera: Carabidae: Galerita Fabricus). Trans American Ent Soc  109:295-356.","Robert L. Davidson","Carnegie Museum of Invertebrate Zoology",,"No known compromise","N",,
"f387520c-829d-46d2-ae5b-7fc3413b338b","SCBI_004.basePlot.bet","D02","SCBI","SCBI_004","2015-05-12","2015-05-26","2016-11-17","NEON.BET.D02.002938","GALBIC","Animalia","Arthropoda","Insecta","Coleoptera","Carabidae","Harpalinae","Galeritini","Galerita","Progaleritina","bicolor",,"Galerita bicolor","Drury","species",,"M",,"Ball, G. E., and A. P. Nimmo. 1983. Synopsis of the species of subgenus Progaleritina Jeannel, including reconstructed phylogeny and geographical history (Coleoptera: Carabidae: Galerita Fabricus). Trans American Ent Soc  109:295-356.","Robert L. Davidson","Carnegie Museum of Invertebrate Zoology",,"No known compromise","N",,
"8b6a730c-35bb-4ca0-80f8-1a3c11364572","SCBI_004.basePlot.bet","D02","SCBI","SCBI_004","2015-05-12","2015-05-26","2016-11-17","NEON.BET.D02.002939","GALBIC","Animalia","Arthropoda","Insecta","Coleoptera","Carabidae","Harpalinae","Galeritini","Galerita","Progaleritina","bicolor",,"Galerita bicolor","Drury","species",,"F",,"Ball, G. E., and A. P. Nimmo. 1983. Synopsis of the species of subgenus Progaleritina Jeannel, including reconstructed phylogeny and geographical history (Coleoptera: Carabidae: Galerita Fabricus). Trans American Ent Soc  109:295-356.","Robert L. Davidson","Carnegie Museum of Invertebrate Zoology",,"No known compromise","N",,
"69dc8a29-9527-4310-b96d-44fe4f81326d","SCBI_004.basePlot.bet","D02","SCBI","SCBI_004","2015-05-12","2015-05-26","2016-11-17","NEON.BET.D02.002945","GALBIC","Animalia","Arthropoda","Insecta","Coleoptera","Carabidae","Harpalinae","Galeritini","Galerita","Progaleritina","bicolor",,"Galerita bicolor","Drury","species",,"M",,"Ball, G. E., and A. P. Nimmo. 1983. Synopsis of the species of subgenus Progaleritina Jeannel, including reconstructed phylogeny and geographical history (Coleoptera: Carabidae: Galerita Fabricus). Trans American Ent Soc  109:295-356.","Robert L. Davidson","Carnegie Museum of Invertebrate Zoology",,"No known compromise","N",,
"991b6604-470e-4e61-b72c-879b209d9371","SCBI_004.basePlot.bet","D02","SCBI","SCBI_004","2015-05-12","2015-05-26","2016-11-17","NEON.BET.D02.002943","GALBIC","Animalia","Arthropoda","Insecta","Coleoptera","Carabidae","Harpalinae","Galeritini","Galerita","Progaleritina","bicolor",,"Galerita bicolor","Drury","species",,"M",,"Ball, G. E., and A. P. Nimmo. 1983. Synopsis of the species of subgenus Progaleritina Jeannel, including reconstructed phylogeny and geographical history (Coleoptera: Carabidae: Galerita Fabricus). Trans American Ent Soc  109:295-356.","Robert L. Davidson","Carnegie Museum of Invertebrate Zoology",,"No known compromise","N",,
"e6f59177-7b8b-403d-a74d-12ce99799751","SCBI_033.basePlot.bet","D02","SCBI","SCBI_033","2015-05-12","2015-05-26","2016-12-02","NEON.BET.D02.002573","SCASUB2","Animalia","Arthropoda","Insecta","Coleoptera","Carabidae","Scaritinae","Scaritini","Scarites","Scarites","subterraneus",,"Scarites subterraneus","Fabricius","species",,"U",,"Nichols, S. W. 1986. Two new flightless species of Scarites s. str. inhabiting Florida and the West Indies (Coleoptera: Carabidae: Scaritini). Proceedings of the Entomological Society of Washington 88:257-264.","Robert L. Davidson","Carnegie Museum of Invertebrate Zoology",,"No known compromise","N",,
