uid,namedLocation,domainID,siteID,plotID,trapID,plotType,nlcdClass,decimalLatitude,decimalLongitude,geodeticDatum,coordinateUncertainty,elevation,elevationUncertainty,setDate,collectDate,eventID,daysOfTrapping,sampleCollected,sampleID,cupStatus,lidStatus,fluidLevel,samplingProtocolVersion,recordedBy,remarks
"36994e33-319c-41fb-9b2a-613c57213543","GRSM_021.basePlot.bet","D07","GRSM","GRSM_021","W","distributed","deciduousForest",35.719694,-83.403281,"WGS84",20.2,587.9,0.3,"2017-04-18","2017-05-02","GRSM.2017.19",14,"Y","GRSM_021.W.20170502","Ok","Ok","Ok","NEON.DOC.014050vK","8y2nCljUmhTZCDMmuiKC/MkPK73nDL+eImQBYOvqCbk=",
"8984036d-da3b-4bc6-8b2e-531751c08cc4","GRSM_020.basePlot.bet","D07","GRSM","GRSM_020","N","distributed","deciduousForest",35.703464,-83.361009,"WGS84",20.3,608.4,0.4,"2017-04-18","2017-05-02","GRSM.2017.19",14,"Y","GRSM_020.N.20170502","Ok","Ok","Ok","NEON.DOC.014050vK","a/aqUH+4CfjbVMKT8GZX5jp1ciwPhaJJmObVM7eRPRo=",
"b77615d4-51bb-47b7-bf52-4a9e25f6ce7e","GRSM_021.basePlot.bet","D07","GRSM","GRSM_021","S","distributed","deciduousForest",35.719694,-83.403281,"WGS84",20.2,587.9,0.3,"2017-04-18","2017-05-02","GRSM.2017.19",14,"Y","GRSM_021.S.20170502","Ok","Ok","Ok","NEON.DOC.014050vK","8y2nCljUmhTZCDMmuiKC/MkPK73nDL+eImQBYOvqCbk=",
"c66bcbd4-f711-4770-933f-e6ec054170a5","GRSM_021.basePlot.bet","D07","GRSM","GRSM_021","E","distributed","deciduousForest",35.719694,-83.403281,"WGS84",20.2,587.9,0.3,"2017-04-18","2017-05-02","GRSM.2017.19",14,"Y","GRSM_021.E.20170502","Ok","Ok","Ok","NEON.DOC.014050vK","8y2nCljUmhTZCDMmuiKC/MkPK73nDL+eImQBYOvqCbk=",
"a9d8717f-8ee7-4953-a9c2-3c9e2204fdc7","GRSM_024.basePlot.bet","D07","GRSM","GRSM_024","W","distributed","deciduousForest",35.707281,-83.387956,"WGS84",20.2,624.2,0.2,"2017-04-18","2017-05-02","GRSM.2017.19",14,"Y","GRSM_024.W.20170502","Ok","Ok","Ok","NEON.DOC.014050vK","a/aqUH+4CfjbVMKT8GZX5jp1ciwPhaJJmObVM7eRPRo=",
"6c0d89b7-678b-43fa-be97-e84dd4409f9a","GRSM_024.basePlot.bet","D07","GRSM","GRSM_024","S","distributed","deciduousForest",35.707281,-83.387956,"WGS84",20.2,624.2,0.2,"2017-04-18","2017-05-02","GRSM.2017.19",14,"Y","GRSM_024.S.20170502","Ok","Ok","Ok","NEON.DOC.014050vK","a/aqUH+4CfjbVMKT8GZX5jp1ciwPhaJJmObVM7eRPRo=",
"12139830-843f-4cb1-b03c-a65047367160","GRSM_012.basePlot.bet","D07","GRSM","GRSM_012","E","distributed","deciduousForest",35.670776,-83.481656,"WGS84",20.2,894.2,0.2,"2017-04-18","2017-05-02","GRSM.2017.19",14,"Y","GRSM_012.E.20170502","Ok","Ok","Ok","NEON.DOC.014050vK","rcoFR4ykziLdM1I/YrScV+0n5/U/vg3EburVPZnNuDM=",
"1c45a264-873a-48b4-8b97-8f3260d7ede3","GRSM_012.basePlot.bet","D07","GRSM","GRSM_012","W","distributed","deciduousForest",35.670776,-83.481656,"WGS84",20.2,894.2,0.2,"2017-04-18","2017-05-02","GRSM.2017.19",14,"Y","GRSM_012.W.20170502","Ok","Ok","High","NEON.DOC.014050vK","rcoFR4ykziLdM1I/YrScV+0n5/U/vg3EburVPZnNuDM=","1 dead Plethodon sp. salamander among bycatch."
"a9f8811c-c97d-48eb-ab35-2d2f9cd0ebb4","GRSM_012.basePlot.bet","D07","GRSM","GRSM_012","N","distributed","deciduousForest",35.670776,-83.481656,"WGS84",20.2,894.2,0.2,"2017-04-18","2017-05-02","GRSM.2017.19",14,"Y","GRSM_012.N.20170502","Ok","Ok","Ok","NEON.DOC.014050vK","rcoFR4ykziLdM1I/YrScV+0n5/U/vg3EburVPZnNuDM=",
"40a6d536-69de-4d12-914d-7272d5ffbd18","GRSM_012.basePlot.bet","D07","GRSM","GRSM_012","S","distributed","deciduousForest",35.670776,-83.481656,"WGS84",20.2,894.2,0.2,"2017-04-18","2017-05-02","GRSM.2017.19",14,"Y","GRSM_012.S.20170502","Ok","Ok","Ok","NEON.DOC.014050vK","rcoFR4ykziLdM1I/YrScV+0n5/U/vg3EburVPZnNuDM=",
"e22af48d-09ef-49c4-9b2a-1cceed7983b9","GRSM_014.basePlot.bet","D07","GRSM","GRSM_014","W","distributed","deciduousForest",35.664489,-83.524234,"WGS84",20.3,545.3,0.4,"2017-04-18","2017-05-02","GRSM.2017.19",14,"Y","GRSM_014.W.20170502","Ok","Ok","Ok","NEON.DOC.014050vK","rcoFR4ykziLdM1I/YrScV+0n5/U/vg3EburVPZnNuDM=",
"484ec361-986b-4576-8648-deb7f9892304","GRSM_014.basePlot.bet","D07","GRSM","GRSM_014","E","distributed","deciduousForest",35.664489,-83.524234,"WGS84",20.3,545.3,0.4,"2017-04-18","2017-05-02","GRSM.2017.19",14,"Y","GRSM_014.E.20170502","Ok","Ok","Ok","NEON.DOC.014050vK","rcoFR4ykziLdM1I/YrScV+0n5/U/vg3EburVPZnNuDM=",
"771967a1-9e07-4a89-b512-7497f42bef4d","GRSM_014.basePlot.bet","D07","GRSM","GRSM_014","N","distributed","deciduousForest",35.664489,-83.524234,"WGS84",20.3,545.3,0.4,"2017-04-18","2017-05-02","GRSM.2017.19",14,"Y","GRSM_014.N.20170502","Ok","Ok","Ok","NEON.DOC.014050vK","rcoFR4ykziLdM1I/YrScV+0n5/U/vg3EburVPZnNuDM=",
"dca7b9a3-98ca-4082-90b5-4606c5677134","GRSM_014.basePlot.bet","D07","GRSM","GRSM_014","S","distributed","deciduousForest",35.664489,-83.524234,"WGS84",20.3,545.3,0.4,"2017-04-18","2017-05-02","GRSM.2017.19",14,"Y","GRSM_014.S.20170502","Ok","Ok","Ok","NEON.DOC.014050vK","rcoFR4ykziLdM1I/YrScV+0n5/U/vg3EburVPZnNuDM=","1 dead Plethodon sp. salamander among bycatch."
"3597c93b-3207-45ad-9284-e4876a5a62af","GRSM_013.basePlot.bet","D07","GRSM","GRSM_013","S","distributed","deciduousForest",35.683381,-83.638146,"WGS84",20.2,561.3,0.3,"2017-04-18","2017-05-02","GRSM.2017.19",14,"Y","GRSM_013.S.20170502","Ok","Ok","Ok","NEON.DOC.014050vK","rcoFR4ykziLdM1I/YrScV+0n5/U/vg3EburVPZnNuDM=","1 dead Plethodon sp. salamander among bycatch."
"a01ea437-0298-4c6d-891a-ab5c694bf986","GRSM_013.basePlot.bet","D07","GRSM","GRSM_013","E","distributed","deciduousForest",35.683381,-83.638146,"WGS84",20.2,561.3,0.3,"2017-04-18","2017-05-02","GRSM.2017.19",14,"Y","GRSM_013.E.20170502","Ok","Ok","Ok","NEON.DOC.014050vK","rcoFR4ykziLdM1I/YrScV+0n5/U/vg3EburVPZnNuDM=",
"9feb77f9-9514-4e31-9fcd-40b9e0881b50","GRSM_013.basePlot.bet","D07","GRSM","GRSM_013","N","distributed","deciduousForest",35.683381,-83.638146,"WGS84",20.2,561.3,0.3,"2017-04-18","2017-05-02","GRSM.2017.19",14,"Y","GRSM_013.N.20170502","Ok","Ok","Ok","NEON.DOC.014050vK","rcoFR4ykziLdM1I/YrScV+0n5/U/vg3EburVPZnNuDM=",
"5d5dde07-d7ff-4661-881b-da9c491271b7","GRSM_013.basePlot.bet","D07","GRSM","GRSM_013","W","distributed","deciduousForest",35.683381,-83.638146,"WGS84",20.2,561.3,0.3,"2017-04-18","2017-05-02","GRSM.2017.19",14,"Y","GRSM_013.W.20170502","Ok","Ok","Ok","NEON.DOC.014050vK","rcoFR4ykziLdM1I/YrScV+0n5/U/vg3EburVPZnNuDM=",
"b26d40d7-7fe4-4c3f-8c98-a3a36740eb20","GRSM_008.basePlot.bet","D07","GRSM","GRSM_008","S","distributed","deciduousForest",35.679123,-83.482267,"WGS84",20.2,784.4,0.4,"2017-04-18","2017-05-02","GRSM.2017.19",14,"Y","GRSM_008.S.20170502","Ok","Ok","Ok","NEON.DOC.014050vK","rcoFR4ykziLdM1I/YrScV+0n5/U/vg3EburVPZnNuDM=",
"ccc054f7-3a0a-4f32-ae13-918411e6956b","GRSM_008.basePlot.bet","D07","GRSM","GRSM_008","E","distributed","deciduousForest",35.679123,-83.482267,"WGS84",20.2,784.4,0.4,"2017-04-18","2017-05-02","GRSM.2017.19",14,"Y","GRSM_008.E.20170502","Ok","Ok","Ok","NEON.DOC.014050vK","rcoFR4ykziLdM1I/YrScV+0n5/U/vg3EburVPZnNuDM=",
"f45b3e7b-7500-4f5f-b66f-6766998e8493","GRSM_008.basePlot.bet","D07","GRSM","GRSM_008","N","distributed","deciduousForest",35.679123,-83.482267,"WGS84",20.2,784.4,0.4,"2017-04-18","2017-05-02","GRSM.2017.19",14,"Y","GRSM_008.N.20170502","Ok","Ok","Ok","NEON.DOC.014050vK","rcoFR4ykziLdM1I/YrScV+0n5/U/vg3EburVPZnNuDM=",
"f6603fd9-7a90-4e91-b0c2-3e6a5080217a","GRSM_008.basePlot.bet","D07","GRSM","GRSM_008","W","distributed","deciduousForest",35.679123,-83.482267,"WGS84",20.2,784.4,0.4,"2017-04-18","2017-05-02","GRSM.2017.19",14,"Y","GRSM_008.W.20170502","Ok","Ok","Ok","NEON.DOC.014050vK","rcoFR4ykziLdM1I/YrScV+0n5/U/vg3EburVPZnNuDM=",
"37156e8b-df99-4f7e-ab1e-64921aeda048","GRSM_006.basePlot.bet","D07","GRSM","GRSM_006","N","distributed","deciduousForest",35.678899,-83.645322,"WGS84",20.2,527.1,0.2,"2017-04-18","2017-05-02","GRSM.2017.19",14,"Y","GRSM_006.N.20170502","Ok","Ok","Ok","NEON.DOC.014050vK","rcoFR4ykziLdM1I/YrScV+0n5/U/vg3EburVPZnNuDM=",
"5eda07ec-6ca6-4521-b7d4-df29aea7c0b0","GRSM_006.basePlot.bet","D07","GRSM","GRSM_006","S","distributed","deciduousForest",35.678899,-83.645322,"WGS84",20.2,527.1,0.2,"2017-04-18","2017-05-02","GRSM.2017.19",14,"Y","GRSM_006.S.20170502","Ok","Ok","Ok","NEON.DOC.014050vK","rcoFR4ykziLdM1I/YrScV+0n5/U/vg3EburVPZnNuDM=",
"1e2e3151-bd57-45e9-ad37-20230fac30d5","GRSM_006.basePlot.bet","D07","GRSM","GRSM_006","W","distributed","deciduousForest",35.678899,-83.645322,"WGS84",20.2,527.1,0.2,"2017-04-18","2017-05-02","GRSM.2017.19",14,"Y","GRSM_006.W.20170502","Ok","Ok","Ok","NEON.DOC.014050vK","rcoFR4ykziLdM1I/YrScV+0n5/U/vg3EburVPZnNuDM=","1 dead Plethodon sp. salamander among bycatch."
"4ecc466d-648a-4ee3-b004-947305268630","GRSM_006.basePlot.bet","D07","GRSM","GRSM_006","E","distributed","deciduousForest",35.678899,-83.645322,"WGS84",20.2,527.1,0.2,"2017-04-18","2017-05-02","GRSM.2017.19",14,"Y","GRSM_006.E.20170502","Ok","Ok","Ok","NEON.DOC.014050vK","rcoFR4ykziLdM1I/YrScV+0n5/U/vg3EburVPZnNuDM=",
"2d86dfb6-e8b6-42ac-bdf1-769e3be76cda","GRSM_001.basePlot.bet","D07","GRSM","GRSM_001","N","distributed","deciduousForest",35.684584,-83.532113,"WGS84",20.2,467.0,0.2,"2017-04-18","2017-05-02","GRSM.2017.19",14,"Y","GRSM_001.N.20170502","Ok","Ok","Ok","NEON.DOC.014050vK","rcoFR4ykziLdM1I/YrScV+0n5/U/vg3EburVPZnNuDM=",
"dc7d3a8b-5762-418c-99c0-4d9cb2251733","GRSM_001.basePlot.bet","D07","GRSM","GRSM_001","S","distributed","deciduousForest",35.684584,-83.532113,"WGS84",20.2,467.0,0.2,"2017-04-18","2017-05-02","GRSM.2017.19",14,"Y","GRSM_001.S.20170502","Ok","Ok","Ok","NEON.DOC.014050vK","rcoFR4ykziLdM1I/YrScV+0n5/U/vg3EburVPZnNuDM=",
"974087dd-bdac-47fb-a2fc-d7061ed31d5c","GRSM_001.basePlot.bet","D07","GRSM","GRSM_001","W","distributed","deciduousForest",35.684584,-83.532113,"WGS84",20.2,467.0,0.2,"2017-04-18","2017-05-02","GRSM.2017.19",14,"Y","GRSM_001.W.20170502","Ok","Ok","Ok","NEON.DOC.014050vK","rcoFR4ykziLdM1I/YrScV+0n5/U/vg3EburVPZnNuDM=",
"58bdf3a0-3493-4ebc-931e-81e88409d092","GRSM_001.basePlot.bet","D07","GRSM","GRSM_001","E","distributed","deciduousForest",35.684584,-83.532113,"WGS84",20.2,467.0,0.2,"2017-04-18","2017-05-02","GRSM.2017.19",14,"Y","GRSM_001.E.20170502","Ok","Ok","Ok","NEON.DOC.014050vK","rcoFR4ykziLdM1I/YrScV+0n5/U/vg3EburVPZnNuDM=",
"5c4144b3-9888-423b-93ae-5c3ab6b14a53","GRSM_022.basePlot.bet","D07","GRSM","GRSM_022","N","distributed","deciduousForest",35.685732,-83.397952,"WGS84",20.2,694.4,0.2,"2017-04-18","2017-05-02","GRSM.2017.19",14,"Y","GRSM_022.N.20170502","Ok","Ok","Ok","NEON.DOC.014050vK","a/aqUH+4CfjbVMKT8GZX5jp1ciwPhaJJmObVM7eRPRo=",
"d0609874-6b2a-467c-87ff-20d3a9dcdf76","GRSM_022.basePlot.bet","D07","GRSM","GRSM_022","W","distributed","deciduousForest",35.685732,-83.397952,"WGS84",20.2,694.4,0.2,"2017-04-18","2017-05-02","GRSM.2017.19",14,"Y","GRSM_022.W.20170502","Ok","Ok","Ok","NEON.DOC.014050vK","a/aqUH+4CfjbVMKT8GZX5jp1ciwPhaJJmObVM7eRPRo=",
"f50c020e-4237-40a4-b753-507e8a6d99db","GRSM_022.basePlot.bet","D07","GRSM","GRSM_022","S","distributed","deciduousForest",35.685732,-83.397952,"WGS84",20.2,694.4,0.2,"2017-04-18","2017-05-02","GRSM.2017.19",14,"Y","GRSM_022.S.20170502","Ok","Ok","Ok","NEON.DOC.014050vK","a/aqUH+4CfjbVMKT8GZX5jp1ciwPhaJJmObVM7eRPRo=",
"3c97b52c-234c-42ed-8458-65d64e1db0ad","GRSM_022.basePlot.bet","D07","GRSM","GRSM_022","E","distributed","deciduousForest",35.685732,-83.397952,"WGS84",20.2,694.4,0.2,"2017-04-18","2017-05-02","GRSM.2017.19",14,"Y","GRSM_022.E.20170502","Ok","Ok","Ok","NEON.DOC.014050vK","a/aqUH+4CfjbVMKT8GZX5jp1ciwPhaJJmObVM7eRPRo=",
"59518b66-b9aa-45c4-ad5b-55ece97d1cb6","GRSM_020.basePlot.bet","D07","GRSM","GRSM_020","W","distributed","deciduousForest",35.703464,-83.361009,"WGS84",20.3,608.4,0.4,"2017-04-18","2017-05-02","GRSM.2017.19",14,"Y","GRSM_020.W.20170502","Ok","Ok","Ok","NEON.DOC.014050vK","a/aqUH+4CfjbVMKT8GZX5jp1ciwPhaJJmObVM7eRPRo=",
"66fb3530-6d3f-40c3-bc5a-95f00701c2f4","GRSM_020.basePlot.bet","D07","GRSM","GRSM_020","S","distributed","deciduousForest",35.703464,-83.361009,"WGS84",20.3,608.4,0.4,"2017-04-18","2017-05-02","GRSM.2017.19",14,"Y","GRSM_020.S.20170502","Ok","Ok","High","NEON.DOC.014050vK","a/aqUH+4CfjbVMKT8GZX5jp1ciwPhaJJmObVM7eRPRo=",
"21208bd4-675d-4f69-bf31-8cb42d7d7e04","GRSM_020.basePlot.bet","D07","GRSM","GRSM_020","E","distributed","deciduousForest",35.703464,-83.361009,"WGS84",20.3,608.4,0.4,"2017-04-18","2017-05-02","GRSM.2017.19",14,"Y","GRSM_020.E.20170502","Ok","Ok","Ok","NEON.DOC.014050vK","a/aqUH+4CfjbVMKT8GZX5jp1ciwPhaJJmObVM7eRPRo=",
"e9ce15fe-fdf4-4acc-8b3d-e14a3d397e16","GRSM_024.basePlot.bet","D07","GRSM","GRSM_024","N","distributed","deciduousForest",35.707281,-83.387956,"WGS84",20.2,624.2,0.2,"2017-04-18","2017-05-02","GRSM.2017.19",14,"Y","GRSM_024.N.20170502","Ok","Ok","Ok","NEON.DOC.014050vK","a/aqUH+4CfjbVMKT8GZX5jp1ciwPhaJJmObVM7eRPRo=",
"93d59c38-5f71-4d11-820a-1de071951ef2","GRSM_024.basePlot.bet","D07","GRSM","GRSM_024","E","distributed","deciduousForest",35.707281,-83.387956,"WGS84",20.2,624.2,0.2,"2017-04-18","2017-05-02","GRSM.2017.19",14,"Y","GRSM_024.E.20170502","Ok","Ok","Ok","NEON.DOC.014050vK","a/aqUH+4CfjbVMKT8GZX5jp1ciwPhaJJmObVM7eRPRo=",
"812ca296-1446-4fd5-ab3a-4969bcfdac00","GRSM_021.basePlot.bet","D07","GRSM","GRSM_021","N","distributed","deciduousForest",35.719694,-83.403281,"WGS84",20.2,587.9,0.3,"2017-04-18","2017-05-02","GRSM.2017.19",14,"Y","GRSM_021.N.20170502","Ok","Ok","Ok","NEON.DOC.014050vK","8y2nCljUmhTZCDMmuiKC/MkPK73nDL+eImQBYOvqCbk=",
"cbd48433-14a8-4787-900a-bc85516ec3c4","GRSM_021.basePlot.bet","D07","GRSM","GRSM_021","S","distributed","deciduousForest",35.719694,-83.403281,"WGS84",20.2,587.9,0.3,"2017-05-02","2017-05-16","GRSM.2017.21",14,"Y","GRSM_021.S.20170516","Ok","Ok","Ok","NEON.DOC.014050vK","rcoFR4ykziLdM1I/YrScV+0n5/U/vg3EburVPZnNuDM=",
"833c52dd-86a0-430e-8ce2-a697ce614f77","GRSM_021.basePlot.bet","D07","GRSM","GRSM_021","W","distributed","deciduousForest",35.719694,-83.403281,"WGS84",20.2,587.9,0.3,"2017-05-02","2017-05-16","GRSM.2017.21",14,"Y","GRSM_021.W.20170516","Ok","Ok","Ok","NEON.DOC.014050vK","rcoFR4ykziLdM1I/YrScV+0n5/U/vg3EburVPZnNuDM=",
"b41971d1-278b-418a-82a8-567e6c0bdcda","GRSM_021.basePlot.bet","D07","GRSM","GRSM_021","E","distributed","deciduousForest",35.719694,-83.403281,"WGS84",20.2,587.9,0.3,"2017-05-02","2017-05-16","GRSM.2017.21",14,"Y","GRSM_021.E.20170516","Ok","Ok","Ok","NEON.DOC.014050vK","rcoFR4ykziLdM1I/YrScV+0n5/U/vg3EburVPZnNuDM=",
"0581d780-8412-47e7-b145-b50b6130267a","GRSM_024.basePlot.bet","D07","GRSM","GRSM_024","W","distributed","deciduousForest",35.707281,-83.387956,"WGS84",20.2,624.2,0.2,"2017-05-02","2017-05-16","GRSM.2017.21",14,"Y","GRSM_024.W.20170516","Ok","Ok","Ok","NEON.DOC.014050vK","rcoFR4ykziLdM1I/YrScV+0n5/U/vg3EburVPZnNuDM=",
"6479316c-8b2e-436e-b7ae-83101a1ed48e","GRSM_024.basePlot.bet","D07","GRSM","GRSM_024","N","distributed","deciduousForest",35.707281,-83.387956,"WGS84",20.2,624.2,0.2,"2017-05-02","2017-05-16","GRSM.2017.21",14,"Y","GRSM_024.N.20170516","Ok","Ok","Ok","NEON.DOC.014050vK","rcoFR4ykziLdM1I/YrScV+0n5/U/vg3EburVPZnNuDM=",
"09fa0357-13a0-4537-bbfe-fb9538e32a1f","GRSM_021.basePlot.bet","D07","GRSM","GRSM_021","N","distributed","deciduousForest",35.719694,-83.403281,"WGS84",20.2,587.9,0.3,"2017-05-02","2017-05-16","GRSM.2017.21",14,"Y","GRSM_021.N.20170516","Ok","Ok","Ok","NEON.DOC.014050vK","rcoFR4ykziLdM1I/YrScV+0n5/U/vg3EburVPZnNuDM=",
"09165840-6e19-4ab7-8aeb-8916b0014079","GRSM_024.basePlot.bet","D07","GRSM","GRSM_024","E","distributed","deciduousForest",35.707281,-83.387956,"WGS84",20.2,624.2,0.2,"2017-05-02","2017-05-16","GRSM.2017.21",14,"Y","GRSM_024.E.20170516","Ok","Ok","Ok","NEON.DOC.014050vK","rcoFR4ykziLdM1I/YrScV+0n5/U/vg3EburVPZnNuDM=",
"7770a9b8-f4d1-48ba-a245-3fa214fa2ea9","GRSM_024.basePlot.bet","D07","GRSM","GRSM_024","S","distributed","deciduousForest",35.707281,-83.387956,"WGS84",20.2,624.2,0.2,"2017-05-02","2017-05-16","GRSM.2017.21",14,"Y","GRSM_024.S.20170516","Ok","Ok","Ok","NEON.DOC.014050vK","rcoFR4ykziLdM1I/YrScV+0n5/U/vg3EburVPZnNuDM=",
"e343e830-ebf7-4fe7-b87f-649f5837cc21","GRSM_020.basePlot.bet","D07","GRSM","GRSM_020","S","distributed","deciduousForest",35.703464,-83.361009,"WGS84",20.3,608.4,0.4,"2017-05-02","2017-05-16","GRSM.2017.21",14,"Y","GRSM_020.S.20170516","Ok","Ok","High","NEON.DOC.014050vK","rcoFR4ykziLdM1I/YrScV+0n5/U/vg3EburVPZnNuDM=",
"64c35e8b-b04d-4cfe-a3d2-139d9998b230","GRSM_020.basePlot.bet","D07","GRSM","GRSM_020","W","distributed","deciduousForest",35.703464,-83.361009,"WGS84",20.3,608.4,0.4,"2017-05-02","2017-05-16","GRSM.2017.21",14,"Y","GRSM_020.W.20170516","Ok","Ok","Ok","NEON.DOC.014050vK","rcoFR4ykziLdM1I/YrScV+0n5/U/vg3EburVPZnNuDM=",
"bb127f7c-f8c1-41d1-8aac-c7e5c402ac63","GRSM_001.basePlot.bet","D07","GRSM","GRSM_001","N","distributed","deciduousForest",35.684584,-83.532113,"WGS84",20.2,467.0,0.2,"2017-05-02","2017-05-16","GRSM.2017.21",14,"Y","GRSM_001.N.20170516","Ok","Ok","Ok","NEON.DOC.014050vK","hQmM94qCox9ShahsI96Rwu1g4XhuHnzKb5LUIgjnDlo=",
"ff863ae1-0ecc-4207-89d6-eb81a0e81a4a","GRSM_001.basePlot.bet","D07","GRSM","GRSM_001","W","distributed","deciduousForest",35.684584,-83.532113,"WGS84",20.2,467.0,0.2,"2017-05-02","2017-05-16","GRSM.2017.21",14,"Y","GRSM_001.W.20170516","Ok","Ok","Ok","NEON.DOC.014050vK","hQmM94qCox9ShahsI96Rwu1g4XhuHnzKb5LUIgjnDlo=",
"b11739f1-cd67-4766-82fb-865b3af900fa","GRSM_001.basePlot.bet","D07","GRSM","GRSM_001","E","distributed","deciduousForest",35.684584,-83.532113,"WGS84",20.2,467.0,0.2,"2017-05-02","2017-05-16","GRSM.2017.21",14,"Y","GRSM_001.E.20170516","Ok","Ok","Ok","NEON.DOC.014050vK","hQmM94qCox9ShahsI96Rwu1g4XhuHnzKb5LUIgjnDlo=",
"8959c525-5878-42cc-b1b0-ed9a7be4bead","GRSM_001.basePlot.bet","D07","GRSM","GRSM_001","S","distributed","deciduousForest",35.684584,-83.532113,"WGS84",20.2,467.0,0.2,"2017-05-02","2017-05-16","GRSM.2017.21",14,"Y","GRSM_001.S.20170516","Ok","Ok","Ok","NEON.DOC.014050vK","hQmM94qCox9ShahsI96Rwu1g4XhuHnzKb5LUIgjnDlo=",
"bf7ea0ab-63d9-40a8-a76d-eae32f440871","GRSM_006.basePlot.bet","D07","GRSM","GRSM_006","N","distributed","deciduousForest",35.678899,-83.645322,"WGS84",20.2,527.1,0.2,"2017-05-02","2017-05-16","GRSM.2017.21",14,"Y","GRSM_006.N.20170516","Ok","Ok","Ok","NEON.DOC.014050vK","hQmM94qCox9ShahsI96Rwu1g4XhuHnzKb5LUIgjnDlo=",
"6e667764-03a5-4be8-ba69-452849d64a01","GRSM_006.basePlot.bet","D07","GRSM","GRSM_006","E","distributed","deciduousForest",35.678899,-83.645322,"WGS84",20.2,527.1,0.2,"2017-05-02","2017-05-16","GRSM.2017.21",14,"Y","GRSM_006.E.20170516","Ok","Ok","Ok","NEON.DOC.014050vK","hQmM94qCox9ShahsI96Rwu1g4XhuHnzKb5LUIgjnDlo=",
"dc9eec10-d4b7-43e8-953b-2f25ba4e3e1d","GRSM_006.basePlot.bet","D07","GRSM","GRSM_006","W","distributed","deciduousForest",35.678899,-83.645322,"WGS84",20.2,527.1,0.2,"2017-05-02","2017-05-16","GRSM.2017.21",14,"Y","GRSM_006.W.20170516","Ok","Ok","Ok","NEON.DOC.014050vK","hQmM94qCox9ShahsI96Rwu1g4XhuHnzKb5LUIgjnDlo=",
"865fe68a-9f12-46d9-aaa3-8b8d911516eb","GRSM_008.basePlot.bet","D07","GRSM","GRSM_008","E","distributed","deciduousForest",35.679123,-83.482267,"WGS84",20.2,784.4,0.4,"2017-05-02","2017-05-16","GRSM.2017.21",14,"Y","GRSM_008.E.20170516","Ok","Ok","Ok","NEON.DOC.014050vK","hQmM94qCox9ShahsI96Rwu1g4XhuHnzKb5LUIgjnDlo=",
"2cfd4692-4296-419d-b0a5-8af267dd8cf5","GRSM_008.basePlot.bet","D07","GRSM","GRSM_008","N","distributed","deciduousForest",35.679123,-83.482267,"WGS84",20.2,784.4,0.4,"2017-05-02","2017-05-16","GRSM.2017.21",14,"Y","GRSM_008.N.20170516","Ok","Ok","Ok","NEON.DOC.014050vK","hQmM94qCox9ShahsI96Rwu1g4XhuHnzKb5LUIgjnDlo=",
"3bdf7953-e455-4266-904f-6731deba58da","GRSM_006.basePlot.bet","D07","GRSM","GRSM_006","S","distributed","deciduousForest",35.678899,-83.645322,"WGS84",20.2,527.1,0.2,"2017-05-02","2017-05-16","GRSM.2017.21",14,"Y","GRSM_006.S.20170516","Ok","Ok","Ok","NEON.DOC.014050vK","hQmM94qCox9ShahsI96Rwu1g4XhuHnzKb5LUIgjnDlo=",
"4beca03b-93c6-4cd7-8b4b-00f76e18ea2b","GRSM_022.basePlot.bet","D07","GRSM","GRSM_022","W","distributed","deciduousForest",35.685732,-83.397952,"WGS84",20.2,694.4,0.2,"2017-05-02","2017-05-16","GRSM.2017.21",14,"Y","GRSM_022.W.20170516","Ok","Ok","Ok","NEON.DOC.014050vK","rcoFR4ykziLdM1I/YrScV+0n5/U/vg3EburVPZnNuDM=",
"ea410375-2bf4-4641-aae3-1beed21dffb6","GRSM_008.basePlot.bet","D07","GRSM","GRSM_008","W","distributed","deciduousForest",35.679123,-83.482267,"WGS84",20.2,784.4,0.4,"2017-05-02","2017-05-16","GRSM.2017.21",14,"Y","GRSM_008.W.20170516","Ok","Ok","Ok","NEON.DOC.014050vK","hQmM94qCox9ShahsI96Rwu1g4XhuHnzKb5LUIgjnDlo=",
"22c9d2c4-4691-4fe5-97c0-ab0279ee99b8","GRSM_008.basePlot.bet","D07","GRSM","GRSM_008","S","distributed","deciduousForest",35.679123,-83.482267,"WGS84",20.2,784.4,0.4,"2017-05-02","2017-05-16","GRSM.2017.21",14,"Y","GRSM_008.S.20170516","Ok","Ok","Ok","NEON.DOC.014050vK","hQmM94qCox9ShahsI96Rwu1g4XhuHnzKb5LUIgjnDlo=",
"9b1a4186-6ee6-480c-bbd1-2ab868d3cf40","GRSM_022.basePlot.bet","D07","GRSM","GRSM_022","E","distributed","deciduousForest",35.685732,-83.397952,"WGS84",20.2,694.4,0.2,"2017-05-02","2017-05-16","GRSM.2017.21",14,"Y","GRSM_022.E.20170516","Ok","Ok","Ok","NEON.DOC.014050vK","rcoFR4ykziLdM1I/YrScV+0n5/U/vg3EburVPZnNuDM=",
"ed2ba269-febe-47a3-9789-9f2a6e5e52b2","GRSM_022.basePlot.bet","D07","GRSM","GRSM_022","N","distributed","deciduousForest",35.685732,-83.397952,"WGS84",20.2,694.4,0.2,"2017-05-02","2017-05-16","GRSM.2017.21",14,"Y","GRSM_022.N.20170516","Ok","Ok","Ok","NEON.DOC.014050vK","rcoFR4ykziLdM1I/YrScV+0n5/U/vg3EburVPZnNuDM=",
"94c8dd63-3976-4ef1-b15a-8a193cbb58f3","GRSM_022.basePlot.bet","D07","GRSM","GRSM_022","S","distributed","deciduousForest",35.685732,-83.397952,"WGS84",20.2,694.4,0.2,"2017-05-02","2017-05-16","GRSM.2017.21",14,"Y","GRSM_022.S.20170516","Ok","Ok","Ok","NEON.DOC.014050vK","rcoFR4ykziLdM1I/YrScV+0n5/U/vg3EburVPZnNuDM=",
"563d3e89-a851-4fad-9ec1-02d8d6a4c043","GRSM_013.basePlot.bet","D07","GRSM","GRSM_013","N","distributed","deciduousForest",35.683381,-83.638146,"WGS84",20.2,561.3,0.3,"2017-05-02","2017-05-16","GRSM.2017.21",14,"Y","GRSM_013.N.20170516","Ok","Ok","Ok","NEON.DOC.014050vK","hQmM94qCox9ShahsI96Rwu1g4XhuHnzKb5LUIgjnDlo=",
"9119b1d1-7ef1-4793-b1f1-3a0d58878acd","GRSM_013.basePlot.bet","D07","GRSM","GRSM_013","S","distributed","deciduousForest",35.683381,-83.638146,"WGS84",20.2,561.3,0.3,"2017-05-02","2017-05-16","GRSM.2017.21",14,"Y","GRSM_013.S.20170516","Ok","Ok","Ok","NEON.DOC.014050vK","hQmM94qCox9ShahsI96Rwu1g4XhuHnzKb5LUIgjnDlo=",
"ef66eba2-2f6e-4d20-9c11-beb7e00a8385","GRSM_013.basePlot.bet","D07","GRSM","GRSM_013","E","distributed","deciduousForest",35.683381,-83.638146,"WGS84",20.2,561.3,0.3,"2017-05-02","2017-05-16","GRSM.2017.21",14,"Y","GRSM_013.E.20170516","Ok","Ok","Ok","NEON.DOC.014050vK","hQmM94qCox9ShahsI96Rwu1g4XhuHnzKb5LUIgjnDlo=",
"61df6608-162b-4e22-94d5-8cb941c5b766","GRSM_013.basePlot.bet","D07","GRSM","GRSM_013","W","distributed","deciduousForest",35.683381,-83.638146,"WGS84",20.2,561.3,0.3,"2017-05-02","2017-05-16","GRSM.2017.21",14,"Y","GRSM_013.W.20170516","Ok","Ok","Ok","NEON.DOC.014050vK","hQmM94qCox9ShahsI96Rwu1g4XhuHnzKb5LUIgjnDlo=",
"caa1ce56-05ee-4896-ac48-47e633383344","GRSM_014.basePlot.bet","D07","GRSM","GRSM_014","N","distributed","deciduousForest",35.664489,-83.524234,"WGS84",20.3,545.3,0.4,"2017-05-02","2017-05-16","GRSM.2017.21",14,"Y","GRSM_014.N.20170516","Ok","Ok","Ok","NEON.DOC.014050vK","hQmM94qCox9ShahsI96Rwu1g4XhuHnzKb5LUIgjnDlo=",
"0c7f8af1-0ecc-44cc-832b-821892fe5feb","GRSM_014.basePlot.bet","D07","GRSM","GRSM_014","E","distributed","deciduousForest",35.664489,-83.524234,"WGS84",20.3,545.3,0.4,"2017-05-02","2017-05-16","GRSM.2017.21",14,"Y","GRSM_014.E.20170516","Ok","Ok","Ok","NEON.DOC.014050vK","hQmM94qCox9ShahsI96Rwu1g4XhuHnzKb5LUIgjnDlo=",
"c990b2cb-3689-49b1-9c08-f42f5e2c2e14","GRSM_020.basePlot.bet","D07","GRSM","GRSM_020","E","distributed","deciduousForest",35.703464,-83.361009,"WGS84",20.3,608.4,0.4,"2017-05-02","2017-05-16","GRSM.2017.21",14,"Y","GRSM_020.E.20170516","Ok","Ok","Ok","NEON.DOC.014050vK","rcoFR4ykziLdM1I/YrScV+0n5/U/vg3EburVPZnNuDM=",
"e9d415c6-43c0-4e86-a8a4-9ac77d0f8d3f","GRSM_014.basePlot.bet","D07","GRSM","GRSM_014","W","distributed","deciduousForest",35.664489,-83.524234,"WGS84",20.3,545.3,0.4,"2017-05-02","2017-05-16","GRSM.2017.21",14,"Y","GRSM_014.W.20170516","Ok","Ok","Ok","NEON.DOC.014050vK","hQmM94qCox9ShahsI96Rwu1g4XhuHnzKb5LUIgjnDlo=",
"9bfac490-57bc-463b-995d-2c60571dea83","GRSM_014.basePlot.bet","D07","GRSM","GRSM_014","S","distributed","deciduousForest",35.664489,-83.524234,"WGS84",20.3,545.3,0.4,"2017-05-02","2017-05-16","GRSM.2017.21",14,"Y","GRSM_014.S.20170516","Ok","Ok","Ok","NEON.DOC.014050vK","hQmM94qCox9ShahsI96Rwu1g4XhuHnzKb5LUIgjnDlo=",
"79674712-80ce-479b-96e4-381a64fdce29","GRSM_020.basePlot.bet","D07","GRSM","GRSM_020","N","distributed","deciduousForest",35.703464,-83.361009,"WGS84",20.3,608.4,0.4,"2017-05-02","2017-05-16","GRSM.2017.21",14,"Y","GRSM_020.N.20170516","Ok","Ok","Ok","NEON.DOC.014050vK","rcoFR4ykziLdM1I/YrScV+0n5/U/vg3EburVPZnNuDM=",
"d413e22a-fedb-439d-9e1c-32a0ebacb4d9","GRSM_012.basePlot.bet","D07","GRSM","GRSM_012","S","distributed","deciduousForest",35.670776,-83.481656,"WGS84",20.2,894.2,0.2,"2017-05-02","2017-05-16","GRSM.2017.21",14,"Y","GRSM_012.S.20170516","Ok","Ok","Ok","NEON.DOC.014050vK","hQmM94qCox9ShahsI96Rwu1g4XhuHnzKb5LUIgjnDlo=",
"2da71af1-3e62-4e58-8b80-4d9e3ec32739","GRSM_012.basePlot.bet","D07","GRSM","GRSM_012","W","distributed","deciduousForest",35.670776,-83.481656,"WGS84",20.2,894.2,0.2,"2017-05-02","2017-05-16","GRSM.2017.21",14,"Y","GRSM_012.W.20170516","Ok","Ok","Ok","NEON.DOC.014050vK","hQmM94qCox9ShahsI96Rwu1g4XhuHnzKb5LUIgjnDlo=",
"c3f66663-1ad8-40bc-a9d8-ef020267dabd","GRSM_012.basePlot.bet","D07","GRSM","GRSM_012","E","distributed","deciduousForest",35.670776,-83.481656,"WGS84",20.2,894.2,0.2,"2017-05-02","2017-05-16","GRSM.2017.21",14,"Y","GRSM_012.E.20170516","Ok","Ok","Ok","NEON.DOC.014050vK","hQmM94qCox9ShahsI96Rwu1g4XhuHnzKb5LUIgjnDlo=",
"4dc2f680-82d7-437e-ad74-7b3ba0ca2148","GRSM_012.basePlot.bet","D07","GRSM","GRSM_012","N","distributed","deciduousForest",35.670776,-83.481656,"WGS84",20.2,894.2,0.2,"2017-05-02","2017-05-16","GRSM.2017.21",14,"Y","GRSM_012.N.20170516","Ok","Ok","Ok","NEON.DOC.014050vK","hQmM94qCox9ShahsI96Rwu1g4XhuHnzKb5LUIgjnDlo=",
"6afc2482-d4e5-4aa6-93dd-64e72c7d4044","GRSM_006.basePlot.bet","D07","GRSM","GRSM_006","E","distributed","deciduousForest",35.678899,-83.645322,"WGS84",20.2,527.1,0.2,"2017-05-16","2017-05-30","GRSM.2017.23",14,"Y","GRSM_006.E.20170530","Ok","Ok","Ok","NEON.DOC.014050vK","hQmM94qCox9ShahsI96Rwu1g4XhuHnzKb5LUIgjnDlo=",
"880fcbe2-8916-40bf-b934-8e438d50eba1","GRSM_022.basePlot.bet","D07","GRSM","GRSM_022","S","distributed","deciduousForest",35.685732,-83.397952,"WGS84",20.2,694.4,0.2,"2017-05-16","2017-05-30","GRSM.2017.23",14,"Y","GRSM_022.S.20170530","Ok","Ok","Ok","NEON.DOC.014050vK","2EQFOoUV8jVjNE1BpwGY8Orlr2HW2VdBHIxr/sxWvp0=",
"c3d0ca5f-31eb-4282-b192-bc89f0179863","GRSM_006.basePlot.bet","D07","GRSM","GRSM_006","W","distributed","deciduousForest",35.678899,-83.645322,"WGS84",20.2,527.1,0.2,"2017-05-16","2017-05-30","GRSM.2017.23",14,"Y","GRSM_006.W.20170530","Ok","Ok","Ok","NEON.DOC.014050vK","hQmM94qCox9ShahsI96Rwu1g4XhuHnzKb5LUIgjnDlo=",
"ba818583-fd4a-46ff-b9e1-aeaef83e309b","GRSM_006.basePlot.bet","D07","GRSM","GRSM_006","S","distributed","deciduousForest",35.678899,-83.645322,"WGS84",20.2,527.1,0.2,"2017-05-16","2017-05-30","GRSM.2017.23",14,"Y","GRSM_006.S.20170530","Ok","Ok","Ok","NEON.DOC.014050vK","hQmM94qCox9ShahsI96Rwu1g4XhuHnzKb5LUIgjnDlo=",
"3aed8f90-2a66-4445-b095-8b2864111e2d","GRSM_001.basePlot.bet","D07","GRSM","GRSM_001","N","distributed","deciduousForest",35.684584,-83.532113,"WGS84",20.2,467.0,0.2,"2017-05-16","2017-05-30","GRSM.2017.23",14,"Y","GRSM_001.N.20170530","Ok","Ok","Ok","NEON.DOC.014050vK","hQmM94qCox9ShahsI96Rwu1g4XhuHnzKb5LUIgjnDlo=",
"fb2840ea-c122-4034-aa5a-4349d84bbb5d","GRSM_001.basePlot.bet","D07","GRSM","GRSM_001","W","distributed","deciduousForest",35.684584,-83.532113,"WGS84",20.2,467.0,0.2,"2017-05-16","2017-05-30","GRSM.2017.23",14,"Y","GRSM_001.W.20170530","Ok","Ok","Ok","NEON.DOC.014050vK","hQmM94qCox9ShahsI96Rwu1g4XhuHnzKb5LUIgjnDlo=",
"57afa589-51d8-4f0a-8cd3-d1d3f30d30ae","GRSM_001.basePlot.bet","D07","GRSM","GRSM_001","E","distributed","deciduousForest",35.684584,-83.532113,"WGS84",20.2,467.0,0.2,"2017-05-16","2017-05-30","GRSM.2017.23",14,"Y","GRSM_001.E.20170530","Ok","Ok","Ok","NEON.DOC.014050vK","hQmM94qCox9ShahsI96Rwu1g4XhuHnzKb5LUIgjnDlo=",
"2074df63-161c-4d9a-b133-f5f02a44bfa6","GRSM_001.basePlot.bet","D07","GRSM","GRSM_001","S","distributed","deciduousForest",35.684584,-83.532113,"WGS84",20.2,467.0,0.2,"2017-05-16","2017-05-30","GRSM.2017.23",14,"Y","GRSM_001.S.20170530","Ok","Ok","Ok","NEON.DOC.014050vK","hQmM94qCox9ShahsI96Rwu1g4XhuHnzKb5LUIgjnDlo=",
"db8f3cdc-f3d3-4b6a-9d67-a3000495c68a","GRSM_008.basePlot.bet","D07","GRSM","GRSM_008","W","distributed","deciduousForest",35.679123,-83.482267,"WGS84",20.2,784.4,0.4,"2017-05-16","2017-05-30","GRSM.2017.23",14,"Y","GRSM_008.W.20170530","Ok","Ok","Ok","NEON.DOC.014050vK","hQmM94qCox9ShahsI96Rwu1g4XhuHnzKb5LUIgjnDlo=",
"fc52acfb-6bfb-4538-9c28-f110519f1d66","GRSM_008.basePlot.bet","D07","GRSM","GRSM_008","S","distributed","deciduousForest",35.679123,-83.482267,"WGS84",20.2,784.4,0.4,"2017-05-16","2017-05-30","GRSM.2017.23",14,"Y","GRSM_008.S.20170530","Ok","Ok","Ok","NEON.DOC.014050vK","hQmM94qCox9ShahsI96Rwu1g4XhuHnzKb5LUIgjnDlo=",
"84bc469d-c568-4f14-b57d-2663b51e03a7","GRSM_008.basePlot.bet","D07","GRSM","GRSM_008","E","distributed","deciduousForest",35.679123,-83.482267,"WGS84",20.2,784.4,0.4,"2017-05-16","2017-05-30","GRSM.2017.23",14,"Y","GRSM_008.E.20170530","Ok","Ok","Ok","NEON.DOC.014050vK","hQmM94qCox9ShahsI96Rwu1g4XhuHnzKb5LUIgjnDlo=",
"8dff9040-a7a4-41f4-b6f2-58f7a9245671","GRSM_008.basePlot.bet","D07","GRSM","GRSM_008","N","distributed","deciduousForest",35.679123,-83.482267,"WGS84",20.2,784.4,0.4,"2017-05-16","2017-05-30","GRSM.2017.23",14,"Y","GRSM_008.N.20170530","Ok","Ok","Ok","NEON.DOC.014050vK","hQmM94qCox9ShahsI96Rwu1g4XhuHnzKb5LUIgjnDlo=",
"8e58c6cc-9dbe-4525-9d47-cfed306dfa9b","GRSM_013.basePlot.bet","D07","GRSM","GRSM_013","W","distributed","deciduousForest",35.683381,-83.638146,"WGS84",20.2,561.3,0.3,"2017-05-16","2017-05-30","GRSM.2017.23",14,"Y","GRSM_013.W.20170530","Ok","Ok","Ok","NEON.DOC.014050vK","hQmM94qCox9ShahsI96Rwu1g4XhuHnzKb5LUIgjnDlo=",
"0e722c35-0326-46ca-8e22-68c82dd0ed55","GRSM_013.basePlot.bet","D07","GRSM","GRSM_013","E","distributed","deciduousForest",35.683381,-83.638146,"WGS84",20.2,561.3,0.3,"2017-05-16","2017-05-30","GRSM.2017.23",14,"Y","GRSM_013.E.20170530","Ok","Ok","Ok","NEON.DOC.014050vK","hQmM94qCox9ShahsI96Rwu1g4XhuHnzKb5LUIgjnDlo=",
"cae50a7c-f5f1-48af-a0d3-39bba03e4bc7","GRSM_013.basePlot.bet","D07","GRSM","GRSM_013","S","distributed","deciduousForest",35.683381,-83.638146,"WGS84",20.2,561.3,0.3,"2017-05-16","2017-05-30","GRSM.2017.23",14,"Y","GRSM_013.S.20170530","Ok","Ok","Ok","NEON.DOC.014050vK","hQmM94qCox9ShahsI96Rwu1g4XhuHnzKb5LUIgjnDlo=",
"79385491-2d95-4cae-9d2a-e64c09a33e01","GRSM_014.basePlot.bet","D07","GRSM","GRSM_014","W","distributed","deciduousForest",35.664489,-83.524234,"WGS84",20.3,545.3,0.4,"2017-05-16","2017-05-30","GRSM.2017.23",14,"Y","GRSM_014.W.20170530","Ok","Ok","Ok","NEON.DOC.014050vK","hQmM94qCox9ShahsI96Rwu1g4XhuHnzKb5LUIgjnDlo=",
"d7af7e5e-fbc7-43f9-94dc-306e2557cf22","GRSM_014.basePlot.bet","D07","GRSM","GRSM_014","S","distributed","deciduousForest",35.664489,-83.524234,"WGS84",20.3,545.3,0.4,"2017-05-16","2017-05-30","GRSM.2017.23",14,"Y","GRSM_014.S.20170530","Ok","Ok","Ok","NEON.DOC.014050vK","hQmM94qCox9ShahsI96Rwu1g4XhuHnzKb5LUIgjnDlo=",
"36912d9c-d3d4-42e5-9b35-ad9693af26a8","GRSM_013.basePlot.bet","D07","GRSM","GRSM_013","N","distributed","deciduousForest",35.683381,-83.638146,"WGS84",20.2,561.3,0.3,"2017-05-16","2017-05-30","GRSM.2017.23",14,"Y","GRSM_013.N.20170530","Ok","Ok","Ok","NEON.DOC.014050vK","hQmM94qCox9ShahsI96Rwu1g4XhuHnzKb5LUIgjnDlo=",
"dc59b790-df07-4195-81ff-6129068112e7","GRSM_014.basePlot.bet","D07","GRSM","GRSM_014","E","distributed","deciduousForest",35.664489,-83.524234,"WGS84",20.3,545.3,0.4,"2017-05-16","2017-05-30","GRSM.2017.23",14,"Y","GRSM_014.E.20170530","Ok","Ok","Ok","NEON.DOC.014050vK","hQmM94qCox9ShahsI96Rwu1g4XhuHnzKb5LUIgjnDlo=",
"a3ba61b1-21eb-4f05-b4f5-2dd23271a461","GRSM_014.basePlot.bet","D07","GRSM","GRSM_014","N","distributed","deciduousForest",35.664489,-83.524234,"WGS84",20.3,545.3,0.4,"2017-05-16","2017-05-30","GRSM.2017.23",14,"Y","GRSM_014.N.20170530","Ok","Ok","Ok","NEON.DOC.014050vK","hQmM94qCox9ShahsI96Rwu1g4XhuHnzKb5LUIgjnDlo=",
"f21c0103-8fba-40f5-86ec-431d56ca2490","GRSM_012.basePlot.bet","D07","GRSM","GRSM_012","N","distributed","deciduousForest",35.670776,-83.481656,"WGS84",20.2,894.2,0.2,"2017-05-16","2017-05-30","GRSM.2017.23",14,"Y","GRSM_012.N.20170530","Ok","Ok","Ok","NEON.DOC.014050vK","hQmM94qCox9ShahsI96Rwu1g4XhuHnzKb5LUIgjnDlo=",
"639fdd87-fe01-4ac8-87f8-82100a330e5a","GRSM_012.basePlot.bet","D07","GRSM","GRSM_012","S","distributed","deciduousForest",35.670776,-83.481656,"WGS84",20.2,894.2,0.2,"2017-05-16","2017-05-30","GRSM.2017.23",14,"Y","GRSM_012.S.20170530","Ok","Ok","Ok","NEON.DOC.014050vK","hQmM94qCox9ShahsI96Rwu1g4XhuHnzKb5LUIgjnDlo=",
"667c47c4-8ec4-4b80-8fb7-1e40b8e2431c","GRSM_024.basePlot.bet","D07","GRSM","GRSM_024","S","distributed","deciduousForest",35.707281,-83.387956,"WGS84",20.2,624.2,0.2,"2017-05-16","2017-05-30","GRSM.2017.23",14,"Y","GRSM_024.S.20170530","Ok","Ok","Ok","NEON.DOC.014050vK","2EQFOoUV8jVjNE1BpwGY8Orlr2HW2VdBHIxr/sxWvp0=",
"ee76527e-e700-439b-a316-8f6ecad58ccf","GRSM_012.basePlot.bet","D07","GRSM","GRSM_012","W","distributed","deciduousForest",35.670776,-83.481656,"WGS84",20.2,894.2,0.2,"2017-05-16","2017-05-30","GRSM.2017.23",14,"Y","GRSM_012.W.20170530","Ok","Ok","Ok","NEON.DOC.014050vK","hQmM94qCox9ShahsI96Rwu1g4XhuHnzKb5LUIgjnDlo=",
"0841fd93-9a98-461e-ad1c-afa078cea48f","GRSM_012.basePlot.bet","D07","GRSM","GRSM_012","E","distributed","deciduousForest",35.670776,-83.481656,"WGS84",20.2,894.2,0.2,"2017-05-16","2017-05-30","GRSM.2017.23",14,"Y","GRSM_012.E.20170530","Ok","Ok","Ok","NEON.DOC.014050vK","hQmM94qCox9ShahsI96Rwu1g4XhuHnzKb5LUIgjnDlo=",
"a1989980-619b-48fe-8105-b44ef5a741eb","GRSM_021.basePlot.bet","D07","GRSM","GRSM_021","N","distributed","deciduousForest",35.719694,-83.403281,"WGS84",20.2,587.9,0.3,"2017-05-16","2017-05-30","GRSM.2017.23",14,"Y","GRSM_021.N.20170530","Ok","Ok","Ok","NEON.DOC.014050vK","2EQFOoUV8jVjNE1BpwGY8Orlr2HW2VdBHIxr/sxWvp0=",
"4d33ece4-e698-40cd-a4de-2953c213ddb4","GRSM_021.basePlot.bet","D07","GRSM","GRSM_021","S","distributed","deciduousForest",35.719694,-83.403281,"WGS84",20.2,587.9,0.3,"2017-05-16","2017-05-30","GRSM.2017.23",14,"Y","GRSM_021.S.20170530","Ok","Ok","Ok","NEON.DOC.014050vK","2EQFOoUV8jVjNE1BpwGY8Orlr2HW2VdBHIxr/sxWvp0=",
"f728b9b8-6b0a-4e28-92c5-a32dd7682fe4","GRSM_024.basePlot.bet","D07","GRSM","GRSM_024","E","distributed","deciduousForest",35.707281,-83.387956,"WGS84",20.2,624.2,0.2,"2017-05-16","2017-05-30","GRSM.2017.23",14,"Y","GRSM_024.E.20170530","Ok","Ok","Ok","NEON.DOC.014050vK","2EQFOoUV8jVjNE1BpwGY8Orlr2HW2VdBHIxr/sxWvp0=",
"4b2f819a-1d90-4c03-b632-3c24b0ee122c","GRSM_021.basePlot.bet","D07","GRSM","GRSM_021","E","distributed","deciduousForest",35.719694,-83.403281,"WGS84",20.2,587.9,0.3,"2017-05-16","2017-05-30","GRSM.2017.23",14,"Y","GRSM_021.E.20170530","Ok","Ok","Ok","NEON.DOC.014050vK","2EQFOoUV8jVjNE1BpwGY8Orlr2HW2VdBHIxr/sxWvp0=",
"cc78d751-1dfd-461d-b52e-09874968f885","GRSM_021.basePlot.bet","D07","GRSM","GRSM_021","W","distributed","deciduousForest",35.719694,-83.403281,"WGS84",20.2,587.9,0.3,"2017-05-16","2017-05-30","GRSM.2017.23",14,"Y","GRSM_021.W.20170530","Ok","Ok","Ok","NEON.DOC.014050vK","2EQFOoUV8jVjNE1BpwGY8Orlr2HW2VdBHIxr/sxWvp0=",
"7ee6047f-295d-4ef5-afaf-b92f88b1659d","GRSM_020.basePlot.bet","D07","GRSM","GRSM_020","S","distributed","deciduousForest",35.703464,-83.361009,"WGS84",20.3,608.4,0.4,"2017-05-16","2017-05-30","GRSM.2017.23",14,"Y","GRSM_020.S.20170530","Ok","Ok","Ok","NEON.DOC.014050vK","2EQFOoUV8jVjNE1BpwGY8Orlr2HW2VdBHIxr/sxWvp0=",
"c465d552-9534-4666-9e79-a63c2e928d5a","GRSM_020.basePlot.bet","D07","GRSM","GRSM_020","N","distributed","deciduousForest",35.703464,-83.361009,"WGS84",20.3,608.4,0.4,"2017-05-16","2017-05-30","GRSM.2017.23",14,"Y","GRSM_020.N.20170530","Ok","Ok","Ok","NEON.DOC.014050vK","2EQFOoUV8jVjNE1BpwGY8Orlr2HW2VdBHIxr/sxWvp0=",
"c3fc90b9-59b6-4ec4-9960-564eda4ff2de","GRSM_024.basePlot.bet","D07","GRSM","GRSM_024","N","distributed","deciduousForest",35.707281,-83.387956,"WGS84",20.2,624.2,0.2,"2017-05-16","2017-05-30","GRSM.2017.23",14,"Y","GRSM_024.N.20170530","Ok","Ok","Ok","NEON.DOC.014050vK","2EQFOoUV8jVjNE1BpwGY8Orlr2HW2VdBHIxr/sxWvp0=",
"b6175b5e-d0f4-4225-a3f1-7679f81a2aab","GRSM_024.basePlot.bet","D07","GRSM","GRSM_024","W","distributed","deciduousForest",35.707281,-83.387956,"WGS84",20.2,624.2,0.2,"2017-05-16","2017-05-30","GRSM.2017.23",14,"Y","GRSM_024.W.20170530","Ok","Ok","Ok","NEON.DOC.014050vK","2EQFOoUV8jVjNE1BpwGY8Orlr2HW2VdBHIxr/sxWvp0=",
"0d18a7cf-2330-4b89-be0a-108fe3b008df","GRSM_020.basePlot.bet","D07","GRSM","GRSM_020","E","distributed","deciduousForest",35.703464,-83.361009,"WGS84",20.3,608.4,0.4,"2017-05-16","2017-05-30","GRSM.2017.23",14,"Y","GRSM_020.E.20170530","Ok","Ok","Ok","NEON.DOC.014050vK","2EQFOoUV8jVjNE1BpwGY8Orlr2HW2VdBHIxr/sxWvp0=",
"6927df1b-d90c-4064-8302-b67e4a7a74a3","GRSM_020.basePlot.bet","D07","GRSM","GRSM_020","W","distributed","deciduousForest",35.703464,-83.361009,"WGS84",20.3,608.4,0.4,"2017-05-16","2017-05-30","GRSM.2017.23",14,"Y","GRSM_020.W.20170530","Ok","Ok","High","NEON.DOC.014050vK","2EQFOoUV8jVjNE1BpwGY8Orlr2HW2VdBHIxr/sxWvp0=",
"ac0faee3-e3c1-4a53-8b3a-204cf34ff39b","GRSM_022.basePlot.bet","D07","GRSM","GRSM_022","N","distributed","deciduousForest",35.685732,-83.397952,"WGS84",20.2,694.4,0.2,"2017-05-16","2017-05-30","GRSM.2017.23",14,"Y","GRSM_022.N.20170530","Ok","Ok","High","NEON.DOC.014050vK","2EQFOoUV8jVjNE1BpwGY8Orlr2HW2VdBHIxr/sxWvp0=",
"a8af40bb-a829-439d-ae6a-75edd56c703d","GRSM_022.basePlot.bet","D07","GRSM","GRSM_022","W","distributed","deciduousForest",35.685732,-83.397952,"WGS84",20.2,694.4,0.2,"2017-05-16","2017-05-30","GRSM.2017.23",14,"Y","GRSM_022.W.20170530","Ok","Ok","Ok","NEON.DOC.014050vK","2EQFOoUV8jVjNE1BpwGY8Orlr2HW2VdBHIxr/sxWvp0=",
"a8387496-4b83-4cd8-a241-c9ee4dfce707","GRSM_022.basePlot.bet","D07","GRSM","GRSM_022","E","distributed","deciduousForest",35.685732,-83.397952,"WGS84",20.2,694.4,0.2,"2017-05-16","2017-05-30","GRSM.2017.23",14,"Y","GRSM_022.E.20170530","Ok","Ok","Ok","NEON.DOC.014050vK","2EQFOoUV8jVjNE1BpwGY8Orlr2HW2VdBHIxr/sxWvp0=",
"46e74c60-553e-4d96-8237-4c2eb0c8b4df","GRSM_006.basePlot.bet","D07","GRSM","GRSM_006","N","distributed","deciduousForest",35.678899,-83.645322,"WGS84",20.2,527.1,0.2,"2017-05-16","2017-05-30","GRSM.2017.23",14,"Y","GRSM_006.N.20170530","Ok","Ok","Ok","NEON.DOC.014050vK","hQmM94qCox9ShahsI96Rwu1g4XhuHnzKb5LUIgjnDlo=",
