uid,namedLocation,domainID,siteID,plotID,setDate,collectDate,identifiedDate,individualID,taxonID,kingdom,phylum,class,order,family,subfamily,tribe,genus,subgenus,specificEpithet,infraspecificEpithet,scientificName,scientificNameAuthorship,taxonRank,identificationQualifier,sex,morphospeciesID,identificationReferences,identifiedBy,laboratoryName,identificationRemarks,sampleCondition,dnaBarcoded,geneticSampleID,remarks
"7ff08a44-3904-436f-b600-c93f401628bc","STER_026.basePlot.bet","D10","STER","STER_026","2014-06-24","2014-07-08","2017-01-15","NEON.BET.D10.001795","BEMNIT2","Animalia","Arthropoda","Insecta","Coleoptera","Carabidae","Trechinae","Bembidiini","Bembidion","Hydrium","nitidum",,"Bembidion nitidum","Kirby","species",,"F",,"Lindroth, C. H. 1969. The ground-beetles (Carabidae, excl. Cicindelinae) of Canada and Alaska, parts 1-6. Opuscula E. Entomoligiska Sallskapet.","Kipling Will","Essig Museum of Entomology",,"No known compromise","N",,
"32dec8fd-71a2-4954-ba34-18b4cac1e3a1","STER_026.basePlot.bet","D10","STER","STER_026","2014-06-24","2014-07-08","2017-01-15","NEON.BET.D10.001796","BRACON3","Animalia","Arthropoda","Insecta","Coleoptera","Carabidae","Harpalinae","Harpalini","Bradycellus","Stenocellus","congener",,"Bradycellus congener","LeConte","species",,"F",,"Lindroth, C. H. 1969. The ground-beetles (Carabidae, excl. Cicindelinae) of Canada and Alaska, parts 1-6. Opuscula E. Entomoligiska Sallskapet.","Kipling Will","Essig Museum of Entomology",,"No known compromise","N",,
"77725219-9015-4b0d-9dc9-e3b0ad8821b2","STER_026.basePlot.bet","D10","STER","STER_026","2014-06-24","2014-07-08","2017-01-15","NEON.BET.D10.001792","AMAQUE","Animalia","Arthropoda","Insecta","Coleoptera","Carabidae","Harpalinae","Zabrini","Amara","Paracelia","quenseli","quenseli","Amara quenseli quenseli","Schonherr","subspecies",,"F",,"Lindroth, C. H. 1969. The ground-beetles (Carabidae, excl. Cicindelinae) of Canada and Alaska, parts 1-6. Opuscula E. Entomoligiska Sallskapet.","Kipling Will","Essig Museum of Entomology",,"No known compromise","N",,
"3e7c6840-cdee-442a-a31d-380c0b663022","STER_026.basePlot.bet","D10","STER","STER_026","2014-06-24","2014-07-08","2017-01-15","NEON.BET.D10.001794","AMACON3","Animalia","Arthropoda","Insecta","Coleoptera","Carabidae","Harpalinae","Zabrini","Amara","Amara","convexa",,"Amara convexa","LeConte","species",,"M",,"Lindroth, C. H. 1969. The ground-beetles (Carabidae, excl. Cicindelinae) of Canada and Alaska, parts 1-6. Opuscula E. Entomoligiska Sallskapet.","Kipling Will","Essig Museum of Entomology",,"No known compromise","N",,
"5553437a-7e89-4f45-b5ca-e67c4bce9e13","STER_026.basePlot.bet","D10","STER","STER_026","2014-06-24","2014-07-08","2017-01-15","NEON.BET.D10.001793","STECOM","Animalia","Arthropoda","Insecta","Coleoptera","Carabidae","Harpalinae","Harpalini","Stenolophus","Agonoderus","comma",,"Stenolophus comma","Fabricius","species",,"M",,"Lindroth, C. H. 1969. The ground-beetles (Carabidae, excl. Cicindelinae) of Canada and Alaska, parts 1-6. Opuscula E. Entomoligiska Sallskapet.","Kipling Will","Essig Museum of Entomology",,"No known compromise","N",,
"341c418b-6ad9-4b80-8a21-fca8e21e8004","STER_027.basePlot.bet","D10","STER","STER_027","2014-06-24","2014-07-08","2017-01-15","NEON.BET.D10.001778","HARAMP","Animalia","Arthropoda","Insecta","Coleoptera","Carabidae","Harpalinae","Harpalini","Harpalus","Harpalus","amputatus","amputatus","Harpalus amputatus amputatus","Say","subspecies",,"M",,"Noonan, G. R. 1991. Classification, Cladistics, and Natural History of Native North American Harpalus Latreille (Insecta: Coleoptera: Carabidae: Harpalini), excluding subgenera Glanodes and Pseudophonus.","Kipling Will","Essig Museum of Entomology",,"No known compromise","N",,
"794d074f-6660-4acf-838e-156212ad91df","STER_027.basePlot.bet","D10","STER","STER_027","2014-06-24","2014-07-08","2017-01-15","NEON.BET.D10.001782","AMACON3","Animalia","Arthropoda","Insecta","Coleoptera","Carabidae","Harpalinae","Zabrini","Amara","Amara","convexa",,"Amara convexa","LeConte","species",,"F",,"Lindroth, C. H. 1969. The ground-beetles (Carabidae, excl. Cicindelinae) of Canada and Alaska, parts 1-6. Opuscula E. Entomoligiska Sallskapet.","Kipling Will","Essig Museum of Entomology",,"No known compromise","N",,
"159f95c3-803e-46b0-afe8-f2cf85763e1b","STER_027.basePlot.bet","D10","STER","STER_027","2014-06-24","2014-07-08","2017-01-15","NEON.BET.D10.001784","AMACON3","Animalia","Arthropoda","Insecta","Coleoptera","Carabidae","Harpalinae","Zabrini","Amara","Amara","convexa",,"Amara convexa","LeConte","species",,"M",,"Lindroth, C. H. 1969. The ground-beetles (Carabidae, excl. Cicindelinae) of Canada and Alaska, parts 1-6. Opuscula E. Entomoligiska Sallskapet.","Kipling Will","Essig Museum of Entomology",,"No known compromise","N",,
"084043cd-7d1e-400b-ba49-634ffbc99f16","STER_027.basePlot.bet","D10","STER","STER_027","2014-06-24","2014-07-08","2017-01-15","NEON.BET.D10.001783","AMACON3","Animalia","Arthropoda","Insecta","Coleoptera","Carabidae","Harpalinae","Zabrini","Amara","Amara","convexa",,"Amara convexa","LeConte","species",,"F",,"Lindroth, C. H. 1969. The ground-beetles (Carabidae, excl. Cicindelinae) of Canada and Alaska, parts 1-6. Opuscula E. Entomoligiska Sallskapet.","Kipling Will","Essig Museum of Entomology",,"No known compromise","N",,
"64ea248b-7593-43e6-902b-7098cbbcd7bc","STER_027.basePlot.bet","D10","STER","STER_027","2014-06-24","2014-07-08","2017-01-15","NEON.BET.D10.001785","AMACON3","Animalia","Arthropoda","Insecta","Coleoptera","Carabidae","Harpalinae","Zabrini","Amara","Amara","convexa",,"Amara convexa","LeConte","species",,"F",,"Lindroth, C. H. 1969. The ground-beetles (Carabidae, excl. Cicindelinae) of Canada and Alaska, parts 1-6. Opuscula E. Entomoligiska Sallskapet.","Kipling Will","Essig Museum of Entomology",,"No known compromise","N",,
"98b8c939-20c3-4d36-beab-095dc080457c","STER_034.basePlot.bet","D10","STER","STER_034","2014-06-24","2014-07-08","2017-01-15","NEON.BET.D10.001769","AMACON3","Animalia","Arthropoda","Insecta","Coleoptera","Carabidae","Harpalinae","Zabrini","Amara","Amara","convexa",,"Amara convexa","LeConte","species",,"F",,"Lindroth, C. H. 1969. The ground-beetles (Carabidae, excl. Cicindelinae) of Canada and Alaska, parts 1-6. Opuscula E. Entomoligiska Sallskapet.","Kipling Will","Essig Museum of Entomology",,"No known compromise","N",,
"af165c03-4086-4422-b5f0-b19006a20ccb","STER_034.basePlot.bet","D10","STER","STER_034","2014-06-24","2014-07-08","2017-01-15","NEON.BET.D10.001762","AMACAR","Animalia","Arthropoda","Insecta","Coleoptera","Carabidae","Harpalinae","Zabrini","Amara","Curtonotus","carinata",,"Amara carinata","LeConte","species",,"F",,"Lindroth, C. H. 1969. The ground-beetles (Carabidae, excl. Cicindelinae) of Canada and Alaska, parts 1-6. Opuscula E. Entomoligiska Sallskapet.","Kipling Will","Essig Museum of Entomology",,"No known compromise","N",,
"36bae245-4faa-4cdc-b1b8-947e8e82c8f7","STER_032.basePlot.bet","D10","STER","STER_032","2014-06-24","2014-07-08","2017-01-15","NEON.BET.D10.001686","BEMNIT2","Animalia","Arthropoda","Insecta","Coleoptera","Carabidae","Trechinae","Bembidiini","Bembidion","Hydrium","nitidum",,"Bembidion nitidum","Kirby","species",,"F",,"Lindroth, C. H. 1969. The ground-beetles (Carabidae, excl. Cicindelinae) of Canada and Alaska, parts 1-6. Opuscula E. Entomoligiska Sallskapet.","Kipling Will","Essig Museum of Entomology",,"No known compromise","N",,
"dfeea92c-0fd7-4628-b967-3b006f1af587","STER_027.basePlot.bet","D10","STER","STER_027","2014-06-24","2014-07-08","2017-01-15","NEON.BET.D10.001560","HARREV","Animalia","Arthropoda","Insecta","Coleoptera","Carabidae","Harpalinae","Harpalini","Harpalus","Opadius","reversus",,"Harpalus reversus","Casey","species",,"F",,"Noonan, G. R. 1991. Classification, Cladistics, and Natural History of Native North American Harpalus Latreille (Insecta: Coleoptera: Carabidae: Harpalini), excluding subgenera Glanodes and Pseudophonus.","Kipling Will","Essig Museum of Entomology",,"No known compromise","N",,
"8d0a4798-c9ea-45cb-a85e-a8db46c17d34","STER_027.basePlot.bet","D10","STER","STER_027","2014-06-24","2014-07-08","2017-01-15","NEON.BET.D10.001561","SELPLA","Animalia","Arthropoda","Insecta","Coleoptera","Carabidae","Harpalinae","Harpalini","Selenophorus","Selenophorus","planipennis",,"Selenophorus planipennis","LeConte","species",,"M",,"Lindroth, C. H. 1969. The ground-beetles (Carabidae, excl. Cicindelinae) of Canada and Alaska, parts 1-6. Opuscula E. Entomoligiska Sallskapet.","Kipling Will","Essig Museum of Entomology",,"No known compromise","N",,
"89f8c1aa-50d2-40d5-9c91-7eca42135ff1","STER_006.basePlot.bet","D10","STER","STER_006","2014-06-24","2014-07-08","2017-01-15","NEON.BET.D10.001587","DISPAR1","Animalia","Arthropoda","Insecta","Coleoptera","Carabidae","Harpalinae","Harpalini","Discoderus",,"parallelus",,"Discoderus parallelus","Haldeman","species",,"M",,"Lindroth, C. H. 1969. The ground-beetles (Carabidae, excl. Cicindelinae) of Canada and Alaska, parts 1-6. Opuscula E. Entomoligiska Sallskapet.","Kipling Will","Essig Museum of Entomology",,"No known compromise","N",,
"10823897-0ab0-47cf-8949-3498e4d7f490","STER_027.basePlot.bet","D10","STER","STER_027","2014-06-24","2014-07-08","2017-01-15","NEON.BET.D10.001572","AMACON3","Animalia","Arthropoda","Insecta","Coleoptera","Carabidae","Harpalinae","Zabrini","Amara","Amara","convexa",,"Amara convexa","LeConte","species",,"F",,"Lindroth, C. H. 1969. The ground-beetles (Carabidae, excl. Cicindelinae) of Canada and Alaska, parts 1-6. Opuscula E. Entomoligiska Sallskapet.","Kipling Will","Essig Museum of Entomology",,"No known compromise","N",,
"330378d9-c63c-4a08-ab37-cb50e6474156","STER_029.basePlot.bet","D10","STER","STER_029","2014-06-24","2014-07-08","2017-01-15","NEON.BET.D10.001636","AMAFAR","Animalia","Arthropoda","Insecta","Coleoptera","Carabidae","Harpalinae","Zabrini","Amara","Amarocelia","farcta",,"Amara farcta","LeConte","species",,"M",,"Lindroth, C. H. 1969. The ground-beetles (Carabidae, excl. Cicindelinae) of Canada and Alaska, parts 1-6. Opuscula E. Entomoligiska Sallskapet.","Kipling Will","Essig Museum of Entomology",,"No known compromise","N",,
"f3e24a3e-de24-47a7-b350-d20d7fb4a723","STER_029.basePlot.bet","D10","STER","STER_029","2014-06-24","2014-07-08","2017-01-15","NEON.BET.D10.001630","AMAQUE","Animalia","Arthropoda","Insecta","Coleoptera","Carabidae","Harpalinae","Zabrini","Amara","Paracelia","quenseli","quenseli","Amara quenseli quenseli","Schonherr","subspecies",,"F",,"Lindroth, C. H. 1969. The ground-beetles (Carabidae, excl. Cicindelinae) of Canada and Alaska, parts 1-6. Opuscula E. Entomoligiska Sallskapet.","Kipling Will","Essig Museum of Entomology",,"No known compromise","N",,
"251f9c98-d59b-4969-ad12-3be46cc8c9c9","STER_029.basePlot.bet","D10","STER","STER_029","2014-06-24","2014-07-08","2017-01-15","NEON.BET.D10.001638","AMAFAR","Animalia","Arthropoda","Insecta","Coleoptera","Carabidae","Harpalinae","Zabrini","Amara","Amarocelia","farcta",,"Amara farcta","LeConte","species",,"F",,"Lindroth, C. H. 1969. The ground-beetles (Carabidae, excl. Cicindelinae) of Canada and Alaska, parts 1-6. Opuscula E. Entomoligiska Sallskapet.","Kipling Will","Essig Museum of Entomology",,"No known compromise","N",,
"05092026-6f2c-4808-9fe6-ec95b2d0058c","STER_029.basePlot.bet","D10","STER","STER_029","2014-06-24","2014-07-08","2017-01-15","NEON.BET.D10.001626","AMAQUE","Animalia","Arthropoda","Insecta","Coleoptera","Carabidae","Harpalinae","Zabrini","Amara","Paracelia","quenseli","quenseli","Amara quenseli quenseli","Schonherr","subspecies",,"F",,"Lindroth, C. H. 1969. The ground-beetles (Carabidae, excl. Cicindelinae) of Canada and Alaska, parts 1-6. Opuscula E. Entomoligiska Sallskapet.","Kipling Will","Essig Museum of Entomology",,"No known compromise","N",,
"e5ee6016-7612-4a5a-a9c4-f2195ac13e2c","STER_029.basePlot.bet","D10","STER","STER_029","2014-06-24","2014-07-08","2017-01-15","NEON.BET.D10.001590","HARSOM","Animalia","Arthropoda","Insecta","Coleoptera","Carabidae","Harpalinae","Harpalini","Harpalus","Harpalus","somnulentus",,"Harpalus somnulentus","Dejean","species",,"F",,"Noonan, G. R. 1991. Classification, Cladistics, and Natural History of Native North American Harpalus Latreille (Insecta: Coleoptera: Carabidae: Harpalini), excluding subgenera Glanodes and Pseudophonus.","Kipling Will","Essig Museum of Entomology",,"No known compromise","N",,
"2efd77fe-0b0e-4fde-9803-9613c206247b","STER_029.basePlot.bet","D10","STER","STER_029","2014-06-24","2014-07-08","2017-01-15","NEON.BET.D10.001637","AMAFAR","Animalia","Arthropoda","Insecta","Coleoptera","Carabidae","Harpalinae","Zabrini","Amara","Amarocelia","farcta",,"Amara farcta","LeConte","species",,"F",,"Lindroth, C. H. 1969. The ground-beetles (Carabidae, excl. Cicindelinae) of Canada and Alaska, parts 1-6. Opuscula E. Entomoligiska Sallskapet.","Kipling Will","Essig Museum of Entomology",,"No known compromise","N",,
"3ea0d287-213d-4656-b904-dc9be490170d","STER_028.basePlot.bet","D10","STER","STER_028","2014-06-24","2014-07-08","2017-01-15","NEON.BET.D10.001600","ACUPAR","Animalia","Arthropoda","Insecta","Coleoptera","Carabidae","Harpalinae","Harpalini","Acupalpus","Tachistodes","partiarius",,"Acupalpus partiarius","Say","species",,"M",,"Lindroth, C. H. 1969. The ground-beetles (Carabidae, excl. Cicindelinae) of Canada and Alaska, parts 1-6. Opuscula E. Entomoligiska Sallskapet.","Kipling Will","Essig Museum of Entomology",,"No known compromise","N",,
"69f7c0cb-6829-4735-b325-47169b4677e1","STER_028.basePlot.bet","D10","STER","STER_028","2014-06-24","2014-07-08","2017-01-15","NEON.BET.D10.001602","CYCTOR","Animalia","Arthropoda","Insecta","Coleoptera","Carabidae","Harpalinae","Pterostichini","Cyclotrachelus","Evarthrus","torvus",,"Cyclotrachelus torvus","LeConte","species",,"M",,"Freitag, R. 1969. A revision of the species of the genus Evarthrus LeConte. Quaestiones Entomologicae 5:89-212.","Kipling Will","Essig Museum of Entomology",,"No known compromise","N",,
"14229b95-d95d-4732-b771-3ec8dfbaaf38","STER_031.basePlot.bet","D10","STER","STER_031","2014-06-24","2014-07-08","2017-01-15","NEON.BET.D10.001692","CALAFF1","Animalia","Arthropoda","Insecta","Coleoptera","Carabidae","Carabinae","Carabini","Calosoma","Chrysostigma","affine",,"Calosoma affine","Chaudoir","species",,"M",,"Gidaspow, T. 1959. North American caterpillar hunters of the genera Calosma and Callisthenes (Coleoptera, Carabidae). Bulletin of the American Museum of Natural History 116:225-344.","Kipling Will","Essig Museum of Entomology",,"No known compromise","N",,
"fae48c52-aed9-47a6-8415-6919238b9981","STER_026.basePlot.bet","D10","STER","STER_026","2014-06-24","2014-07-08","2017-01-15","NEON.BET.D10.001606","HARCAL","Animalia","Arthropoda","Insecta","Coleoptera","Carabidae","Harpalinae","Harpalini","Harpalus","Megapangus","caliginosus",,"Harpalus caliginosus","Fabricius","species",,"M",,"Will, K. W. 1997. Review of the species of the subgenus Megapangus Casey (Coeloptera: Carabidae, Harpalini, Harpalus Latreille). The Coleopterists Bulletin 51:43-51.","Kipling Will","Essig Museum of Entomology",,"No known compromise","N",,
"e71e995c-1d17-42bb-84d0-c8d24d0c1147","STER_035.basePlot.bet","D10","STER","STER_035","2014-06-24","2014-07-08","2017-01-15","NEON.BET.D10.001575","AMACON3","Animalia","Arthropoda","Insecta","Coleoptera","Carabidae","Harpalinae","Zabrini","Amara","Amara","convexa",,"Amara convexa","LeConte","species",,"M",,"Lindroth, C. H. 1969. The ground-beetles (Carabidae, excl. Cicindelinae) of Canada and Alaska, parts 1-6. Opuscula E. Entomoligiska Sallskapet.","Kipling Will","Essig Museum of Entomology",,"No known compromise","N",,
"5a670774-9825-4809-85f1-94380c3ff499","STER_035.basePlot.bet","D10","STER","STER_035","2014-06-24","2014-07-08","2017-01-15","NEON.BET.D10.001580","POESCI","Animalia","Arthropoda","Insecta","Coleoptera","Carabidae","Harpalinae","Pterostichini","Poecilus","Poecilus","scitulus",,"Poecilus scitulus","LeConte","species",,"F",,"Lindroth, C. H. 1969. The ground-beetles (Carabidae, excl. Cicindelinae) of Canada and Alaska, parts 1-6. Opuscula E. Entomoligiska Sallskapet.","Kipling Will","Essig Museum of Entomology",,"No known compromise","N",,
"33c588cd-04dd-424d-915b-f055a6f5a845","STER_033.basePlot.bet","D10","STER","STER_033","2014-06-24","2014-07-08","2017-01-15","NEON.BET.D10.001652","CRADUB","Animalia","Arthropoda","Insecta","Coleoptera","Carabidae","Harpalinae","Harpalini","Cratacanthus",,"dubius",,"Cratacanthus dubius","Palisot de Beauvois","species",,"M",,"Lindroth, C. H. 1969. The ground-beetles (Carabidae, excl. Cicindelinae) of Canada and Alaska, parts 1-6. Opuscula E. Entomoligiska Sallskapet.","Kipling Will","Essig Museum of Entomology",,"No known compromise","N",,
"97a06dc1-941e-4b9b-9d09-63b24d851df8","STER_033.basePlot.bet","D10","STER","STER_033","2014-06-24","2014-07-08","2017-01-15","NEON.BET.D10.001550","ANICAR2","Animalia","Arthropoda","Insecta","Coleoptera","Carabidae","Harpalinae","Harpalini","Anisodactylus","Anisodactylus","carbonarius",,"Anisodactylus carbonarius","Say","species",,"F",,"Lindroth, C. H. 1969. The ground-beetles (Carabidae, excl. Cicindelinae) of Canada and Alaska, parts 1-6. Opuscula E. Entomoligiska Sallskapet.","Kipling Will","Essig Museum of Entomology",,"No known compromise","N",,
"4020eeb3-19a0-4236-b0eb-e9bfc5c57401","STER_033.basePlot.bet","D10","STER","STER_033","2014-06-24","2014-07-08","2017-01-15","NEON.BET.D10.001710","AMACON3","Animalia","Arthropoda","Insecta","Coleoptera","Carabidae","Harpalinae","Zabrini","Amara","Amara","convexa",,"Amara convexa","LeConte","species",,"M",,"Lindroth, C. H. 1969. The ground-beetles (Carabidae, excl. Cicindelinae) of Canada and Alaska, parts 1-6. Opuscula E. Entomoligiska Sallskapet.","Kipling Will","Essig Museum of Entomology",,"No known compromise","N",,
"69ff3ba6-2024-4e5d-bc51-00011e7c500c","STER_033.basePlot.bet","D10","STER","STER_033","2014-06-24","2014-07-08","2017-01-15","NEON.BET.D10.001647","AMAQUE","Animalia","Arthropoda","Insecta","Coleoptera","Carabidae","Harpalinae","Zabrini","Amara","Paracelia","quenseli","quenseli","Amara quenseli quenseli","Schonherr","subspecies",,"F",,"Lindroth, C. H. 1969. The ground-beetles (Carabidae, excl. Cicindelinae) of Canada and Alaska, parts 1-6. Opuscula E. Entomoligiska Sallskapet.","Kipling Will","Essig Museum of Entomology",,"No known compromise","N",,
"ca5f8ccf-5f6c-4edd-85ea-ccea628d597c","STER_033.basePlot.bet","D10","STER","STER_033","2014-06-24","2014-07-08","2017-01-15","NEON.BET.D10.001709","ANICAR2","Animalia","Arthropoda","Insecta","Coleoptera","Carabidae","Harpalinae","Harpalini","Anisodactylus","Anisodactylus","carbonarius",,"Anisodactylus carbonarius","Say","species",,"M",,"Lindroth, C. H. 1969. The ground-beetles (Carabidae, excl. Cicindelinae) of Canada and Alaska, parts 1-6. Opuscula E. Entomoligiska Sallskapet.","Kipling Will","Essig Museum of Entomology",,"No known compromise","N",,
"fddd0f30-841b-44ed-9659-734ff829e788","STER_033.basePlot.bet","D10","STER","STER_033","2014-06-24","2014-07-08","2017-01-15","NEON.BET.D10.001551","ANICAR2","Animalia","Arthropoda","Insecta","Coleoptera","Carabidae","Harpalinae","Harpalini","Anisodactylus","Anisodactylus","carbonarius",,"Anisodactylus carbonarius","Say","species",,"F",,"Lindroth, C. H. 1969. The ground-beetles (Carabidae, excl. Cicindelinae) of Canada and Alaska, parts 1-6. Opuscula E. Entomoligiska Sallskapet.","Kipling Will","Essig Museum of Entomology",,"No known compromise","N",,
"cc7fd478-6141-49f3-b4ad-d72344cf5632","STER_033.basePlot.bet","D10","STER","STER_033","2014-06-24","2014-07-08","2017-01-15","NEON.BET.D10.001648","STECOM","Animalia","Arthropoda","Insecta","Coleoptera","Carabidae","Harpalinae","Harpalini","Stenolophus","Agonoderus","comma",,"Stenolophus comma","Fabricius","species",,"F",,"Lindroth, C. H. 1969. The ground-beetles (Carabidae, excl. Cicindelinae) of Canada and Alaska, parts 1-6. Opuscula E. Entomoligiska Sallskapet.","Kipling Will","Essig Museum of Entomology",,"No known compromise","N",,
"f5b079f6-6a10-47b2-aced-296b7b5bb3fa","STER_033.basePlot.bet","D10","STER","STER_033","2014-06-24","2014-07-08","2017-01-15","NEON.BET.D10.001544","AMALAT","Animalia","Arthropoda","Insecta","Coleoptera","Carabidae","Harpalinae","Zabrini","Amara","Bradytus","latior",,"Amara latior","Kirby","species",,"M",,"Lindroth, C. H. 1969. The ground-beetles (Carabidae, excl. Cicindelinae) of Canada and Alaska, parts 1-6. Opuscula E. Entomoligiska Sallskapet.","Kipling Will","Essig Museum of Entomology",,"No known compromise","N",,
"c3e9f0d0-b3a9-4403-a71e-09655dd22dc3","STER_033.basePlot.bet","D10","STER","STER_033","2014-06-24","2014-07-08","2017-01-15","NEON.BET.D10.001723","EURGRO","Animalia","Arthropoda","Insecta","Coleoptera","Carabidae","Harpalinae","Harpalini","Euryderus",,"grossus",,"Euryderus grossus","Say","species",,"U",,"Lindroth, C. H. 1969. The ground-beetles (Carabidae, excl. Cicindelinae) of Canada and Alaska, parts 1-6. Opuscula E. Entomoligiska Sallskapet.","Kipling Will","Essig Museum of Entomology",,"No known compromise","N",,
"da73a0dd-82c9-44e1-8b48-f57021c8c417","STER_033.basePlot.bet","D10","STER","STER_033","2014-06-24","2014-07-08","2017-01-15","NEON.BET.D10.001737","AMAQUE","Animalia","Arthropoda","Insecta","Coleoptera","Carabidae","Harpalinae","Zabrini","Amara","Paracelia","quenseli","quenseli","Amara quenseli quenseli","Schonherr","subspecies",,"M",,"Lindroth, C. H. 1969. The ground-beetles (Carabidae, excl. Cicindelinae) of Canada and Alaska, parts 1-6. Opuscula E. Entomoligiska Sallskapet.","Kipling Will","Essig Museum of Entomology",,"No known compromise","N",,
"967d9718-5938-4bef-808a-50724799f243","STER_033.basePlot.bet","D10","STER","STER_033","2014-06-24","2014-07-08","2017-01-15","NEON.BET.D10.001725","HARSOM","Animalia","Arthropoda","Insecta","Coleoptera","Carabidae","Harpalinae","Harpalini","Harpalus","Harpalus","somnulentus",,"Harpalus somnulentus","Dejean","species",,"F",,"Noonan, G. R. 1991. Classification, Cladistics, and Natural History of Native North American Harpalus Latreille (Insecta: Coleoptera: Carabidae: Harpalini), excluding subgenera Glanodes and Pseudophonus.","Kipling Will","Essig Museum of Entomology",,"No known compromise","N",,
"06cbe52c-64c0-4081-b2f7-d51086ccb170","STER_033.basePlot.bet","D10","STER","STER_033","2014-06-24","2014-07-08","2017-01-15","NEON.BET.D10.001738","AMAQUE","Animalia","Arthropoda","Insecta","Coleoptera","Carabidae","Harpalinae","Zabrini","Amara","Paracelia","quenseli","quenseli","Amara quenseli quenseli","Schonherr","subspecies",,"F",,"Lindroth, C. H. 1969. The ground-beetles (Carabidae, excl. Cicindelinae) of Canada and Alaska, parts 1-6. Opuscula E. Entomoligiska Sallskapet.","Kipling Will","Essig Museum of Entomology",,"No known compromise","N",,
"2dd23a15-6fab-4ad3-bd02-6621c95e78b7","STER_033.basePlot.bet","D10","STER","STER_033","2014-06-24","2014-07-08","2017-01-15","NEON.BET.D10.001735","AMAQUE","Animalia","Arthropoda","Insecta","Coleoptera","Carabidae","Harpalinae","Zabrini","Amara","Paracelia","quenseli","quenseli","Amara quenseli quenseli","Schonherr","subspecies",,"M",,"Lindroth, C. H. 1969. The ground-beetles (Carabidae, excl. Cicindelinae) of Canada and Alaska, parts 1-6. Opuscula E. Entomoligiska Sallskapet.","Kipling Will","Essig Museum of Entomology",,"No known compromise","N",,
"91560c8d-350f-4482-a85f-055c9ee078c0","STER_033.basePlot.bet","D10","STER","STER_033","2014-06-24","2014-07-08","2017-01-15","NEON.BET.D10.001724","ANICAR2","Animalia","Arthropoda","Insecta","Coleoptera","Carabidae","Harpalinae","Harpalini","Anisodactylus","Anisodactylus","carbonarius",,"Anisodactylus carbonarius","Say","species",,"F",,"Lindroth, C. H. 1969. The ground-beetles (Carabidae, excl. Cicindelinae) of Canada and Alaska, parts 1-6. Opuscula E. Entomoligiska Sallskapet.","Kipling Will","Essig Museum of Entomology",,"No known compromise","N",,
"878404df-4e91-4b55-927d-8c01824322f0","STER_033.basePlot.bet","D10","STER","STER_033","2014-06-24","2014-07-08","2017-01-15","NEON.BET.D10.001739","AMAQUE","Animalia","Arthropoda","Insecta","Coleoptera","Carabidae","Harpalinae","Zabrini","Amara","Paracelia","quenseli","quenseli","Amara quenseli quenseli","Schonherr","subspecies",,"F",,"Lindroth, C. H. 1969. The ground-beetles (Carabidae, excl. Cicindelinae) of Canada and Alaska, parts 1-6. Opuscula E. Entomoligiska Sallskapet.","Kipling Will","Essig Museum of Entomology",,"No known compromise","N",,
"fbf07af8-7553-4e31-ad78-4f3919b09393","STER_026.basePlot.bet","D10","STER","STER_026","2014-06-24","2014-07-08","2017-01-15","NEON.BET.D10.001798","AMACON3","Animalia","Arthropoda","Insecta","Coleoptera","Carabidae","Harpalinae","Zabrini","Amara","Amara","convexa",,"Amara convexa","LeConte","species",,"F",,"Lindroth, C. H. 1969. The ground-beetles (Carabidae, excl. Cicindelinae) of Canada and Alaska, parts 1-6. Opuscula E. Entomoligiska Sallskapet.","Kipling Will","Essig Museum of Entomology",,"No known compromise","N",,
"a7801593-6f63-4bd0-ac7e-d7daa2221963","STER_033.basePlot.bet","D10","STER","STER_033","2014-07-08","2014-07-22","2017-01-15","NEON.BET.D10.001984","HARREV","Animalia","Arthropoda","Insecta","Coleoptera","Carabidae","Harpalinae","Harpalini","Harpalus","Opadius","reversus",,"Harpalus reversus","Casey","species",,"M",,"Noonan, G. R. 1991. Classification, Cladistics, and Natural History of Native North American Harpalus Latreille (Insecta: Coleoptera: Carabidae: Harpalini), excluding subgenera Glanodes and Pseudophonus.","Kipling Will","Essig Museum of Entomology",,"No known compromise","N",,
"507670b4-a4b3-4b0b-a43a-027ae9c39e7b","STER_033.basePlot.bet","D10","STER","STER_033","2014-07-08","2014-07-22","2017-01-15","NEON.BET.D10.001963","HARREV","Animalia","Arthropoda","Insecta","Coleoptera","Carabidae","Harpalinae","Harpalini","Harpalus","Opadius","reversus",,"Harpalus reversus","Casey","species",,"F",,"Noonan, G. R. 1991. Classification, Cladistics, and Natural History of Native North American Harpalus Latreille (Insecta: Coleoptera: Carabidae: Harpalini), excluding subgenera Glanodes and Pseudophonus.","Kipling Will","Essig Museum of Entomology",,"No known compromise","N",,
"78d10b76-881a-43a7-98df-f29fd84b16bd","STER_033.basePlot.bet","D10","STER","STER_033","2014-07-08","2014-07-22","2017-01-15","NEON.BET.D10.001938","HARCAL","Animalia","Arthropoda","Insecta","Coleoptera","Carabidae","Harpalinae","Harpalini","Harpalus","Megapangus","caliginosus",,"Harpalus caliginosus","Fabricius","species",,"F",,"Will, K. W. 1997. Review of the species of the subgenus Megapangus Casey (Coeloptera: Carabidae, Harpalini, Harpalus Latreille). The Coleopterists Bulletin 51:43-51.","Kipling Will","Essig Museum of Entomology",,"No known compromise","N",,
"795b8ef0-b38a-4e68-89d4-91f70912c576","STER_033.basePlot.bet","D10","STER","STER_033","2014-07-08","2014-07-22","2017-01-15","NEON.BET.D10.001949","HARREV","Animalia","Arthropoda","Insecta","Coleoptera","Carabidae","Harpalinae","Harpalini","Harpalus","Opadius","reversus",,"Harpalus reversus","Casey","species",,"M",,"Noonan, G. R. 1991. Classification, Cladistics, and Natural History of Native North American Harpalus Latreille (Insecta: Coleoptera: Carabidae: Harpalini), excluding subgenera Glanodes and Pseudophonus.","Kipling Will","Essig Museum of Entomology",,"No known compromise","N",,
"21ac4fa6-c193-4700-aff3-e7d3d5619161","STER_033.basePlot.bet","D10","STER","STER_033","2014-07-08","2014-07-22","2017-01-15","NEON.BET.D10.001975","STECOM","Animalia","Arthropoda","Insecta","Coleoptera","Carabidae","Harpalinae","Harpalini","Stenolophus","Agonoderus","comma",,"Stenolophus comma","Fabricius","species",,"M",,"Lindroth, C. H. 1969. The ground-beetles (Carabidae, excl. Cicindelinae) of Canada and Alaska, parts 1-6. Opuscula E. Entomoligiska Sallskapet.","Kipling Will","Essig Museum of Entomology",,"No known compromise","N",,
"8f3a2817-5977-41ea-b1fb-d455d4ed23bc","STER_033.basePlot.bet","D10","STER","STER_033","2014-07-08","2014-07-22","2017-01-15","NEON.BET.D10.001989","HARREV","Animalia","Arthropoda","Insecta","Coleoptera","Carabidae","Harpalinae","Harpalini","Harpalus","Opadius","reversus",,"Harpalus reversus","Casey","species",,"F",,"Noonan, G. R. 1991. Classification, Cladistics, and Natural History of Native North American Harpalus Latreille (Insecta: Coleoptera: Carabidae: Harpalini), excluding subgenera Glanodes and Pseudophonus.","Kipling Will","Essig Museum of Entomology",,"No known compromise","N",,
"1b41846b-b2cf-48dd-82c8-adff59bd599c","STER_033.basePlot.bet","D10","STER","STER_033","2014-07-08","2014-07-22","2017-01-15","NEON.BET.D10.001937","HARCAL","Animalia","Arthropoda","Insecta","Coleoptera","Carabidae","Harpalinae","Harpalini","Harpalus","Megapangus","caliginosus",,"Harpalus caliginosus","Fabricius","species",,"F",,"Will, K. W. 1997. Review of the species of the subgenus Megapangus Casey (Coeloptera: Carabidae, Harpalini, Harpalus Latreille). The Coleopterists Bulletin 51:43-51.","Kipling Will","Essig Museum of Entomology",,"No known compromise","N",,
"0247a785-b32c-4911-a576-018169f16b72","STER_033.basePlot.bet","D10","STER","STER_033","2014-07-08","2014-07-22","2017-01-15","NEON.BET.D10.001942","HARAMP","Animalia","Arthropoda","Insecta","Coleoptera","Carabidae","Harpalinae","Harpalini","Harpalus","Harpalus","amputatus","amputatus","Harpalus amputatus amputatus","Say","subspecies",,"M",,"Noonan, G. R. 1991. Classification, Cladistics, and Natural History of Native North American Harpalus Latreille (Insecta: Coleoptera: Carabidae: Harpalini), excluding subgenera Glanodes and Pseudophonus.","Kipling Will","Essig Museum of Entomology",,"No known compromise","N",,
"2b4769fd-1bea-4bc6-bf36-276ea21fcf12","STER_033.basePlot.bet","D10","STER","STER_033","2014-07-08","2014-07-22","2017-01-15","NEON.BET.D10.002000","HARPAR","Animalia","Arthropoda","Insecta","Coleoptera","Carabidae","Harpalinae","Harpalini","Harpalus","Pseudoophonus","paratus",,"Harpalus paratus","Casey","species",,"M",,"Ball, G. E., and J. N. Anderson. 1962. The taxonomy and speciation of Pseudophonus (a subgenus of Harpalus: Haralini: Carabidae, known to occur in North America). The Catholic University of America Press, Washington 17, D. C.","Kipling Will","Essig Museum of Entomology",,"No known compromise","N",,
"ed1c51c2-6419-4ef9-96a8-2d4b2910391e","STER_033.basePlot.bet","D10","STER","STER_033","2014-07-08","2014-07-22","2017-01-15","NEON.BET.D10.001958","HARREV","Animalia","Arthropoda","Insecta","Coleoptera","Carabidae","Harpalinae","Harpalini","Harpalus","Opadius","reversus",,"Harpalus reversus","Casey","species",,"M",,"Noonan, G. R. 1991. Classification, Cladistics, and Natural History of Native North American Harpalus Latreille (Insecta: Coleoptera: Carabidae: Harpalini), excluding subgenera Glanodes and Pseudophonus.","Kipling Will","Essig Museum of Entomology",,"No known compromise","N",,
"3febe5d2-0bb6-4f50-9fe2-348b2fa7fdbe","STER_033.basePlot.bet","D10","STER","STER_033","2014-07-08","2014-07-22","2017-01-15","NEON.BET.D10.001987","HARREV","Animalia","Arthropoda","Insecta","Coleoptera","Carabidae","Harpalinae","Harpalini","Harpalus","Opadius","reversus",,"Harpalus reversus","Casey","species",,"F",,"Noonan, G. R. 1991. Classification, Cladistics, and Natural History of Native North American Harpalus Latreille (Insecta: Coleoptera: Carabidae: Harpalini), excluding subgenera Glanodes and Pseudophonus.","Kipling Will","Essig Museum of Entomology",,"No known compromise","N",,
"ed44d2ae-f566-460a-93dc-0120a42cbd52","STER_033.basePlot.bet","D10","STER","STER_033","2014-07-08","2014-07-22","2017-01-15","NEON.BET.D10.001944","ANICAR2","Animalia","Arthropoda","Insecta","Coleoptera","Carabidae","Harpalinae","Harpalini","Anisodactylus","Anisodactylus","carbonarius",,"Anisodactylus carbonarius","Say","species",,"F",,"Lindroth, C. H. 1969. The ground-beetles (Carabidae, excl. Cicindelinae) of Canada and Alaska, parts 1-6. Opuscula E. Entomoligiska Sallskapet.","Kipling Will","Essig Museum of Entomology",,"No known compromise","N",,
"0af5115e-da63-42be-b5ec-81fd1e651768","STER_033.basePlot.bet","D10","STER","STER_033","2014-07-08","2014-07-22","2017-01-15","NEON.BET.D10.001968","HARREV","Animalia","Arthropoda","Insecta","Coleoptera","Carabidae","Harpalinae","Harpalini","Harpalus","Opadius","reversus",,"Harpalus reversus","Casey","species",,"M",,"Noonan, G. R. 1991. Classification, Cladistics, and Natural History of Native North American Harpalus Latreille (Insecta: Coleoptera: Carabidae: Harpalini), excluding subgenera Glanodes and Pseudophonus.","Kipling Will","Essig Museum of Entomology",,"No known compromise","N",,
"27710ce3-c1e0-4e67-b215-b174199bc701","STER_033.basePlot.bet","D10","STER","STER_033","2014-07-08","2014-07-22","2017-01-15","NEON.BET.D10.001981","AMAFAR","Animalia","Arthropoda","Insecta","Coleoptera","Carabidae","Harpalinae","Zabrini","Amara","Amarocelia","farcta",,"Amara farcta","LeConte","species",,"F",,"Lindroth, C. H. 1969. The ground-beetles (Carabidae, excl. Cicindelinae) of Canada and Alaska, parts 1-6. Opuscula E. Entomoligiska Sallskapet.","Kipling Will","Essig Museum of Entomology",,"No known compromise","N",,
"27fc7229-4cdf-4ed6-b93f-edb5ba682521","STER_033.basePlot.bet","D10","STER","STER_033","2014-07-08","2014-07-22","2017-01-15","NEON.BET.D10.001964","HARREV","Animalia","Arthropoda","Insecta","Coleoptera","Carabidae","Harpalinae","Harpalini","Harpalus","Opadius","reversus",,"Harpalus reversus","Casey","species",,"F",,"Noonan, G. R. 1991. Classification, Cladistics, and Natural History of Native North American Harpalus Latreille (Insecta: Coleoptera: Carabidae: Harpalini), excluding subgenera Glanodes and Pseudophonus.","Kipling Will","Essig Museum of Entomology",,"No known compromise","N",,
"4ac38c65-961b-4bbe-ae57-6e46ab03ab38","STER_033.basePlot.bet","D10","STER","STER_033","2014-07-08","2014-07-22","2017-01-15","NEON.BET.D10.001948","HARREV","Animalia","Arthropoda","Insecta","Coleoptera","Carabidae","Harpalinae","Harpalini","Harpalus","Opadius","reversus",,"Harpalus reversus","Casey","species",,"M",,"Noonan, G. R. 1991. Classification, Cladistics, and Natural History of Native North American Harpalus Latreille (Insecta: Coleoptera: Carabidae: Harpalini), excluding subgenera Glanodes and Pseudophonus.","Kipling Will","Essig Museum of Entomology",,"No known compromise","N",,
"a21b77f3-d726-454a-a069-2339ed28dcd1","STER_033.basePlot.bet","D10","STER","STER_033","2014-07-08","2014-07-22","2017-01-15","NEON.BET.D10.001980","AMAFAR","Animalia","Arthropoda","Insecta","Coleoptera","Carabidae","Harpalinae","Zabrini","Amara","Amarocelia","farcta",,"Amara farcta","LeConte","species",,"F",,"Lindroth, C. H. 1969. The ground-beetles (Carabidae, excl. Cicindelinae) of Canada and Alaska, parts 1-6. Opuscula E. Entomoligiska Sallskapet.","Kipling Will","Essig Museum of Entomology",,"No known compromise","N",,
"6a07e07c-b04d-497e-a10a-7ced7f59240c","STER_033.basePlot.bet","D10","STER","STER_033","2014-07-08","2014-07-22","2017-01-15","NEON.BET.D10.001976","HARSOM","Animalia","Arthropoda","Insecta","Coleoptera","Carabidae","Harpalinae","Harpalini","Harpalus","Harpalus","somnulentus",,"Harpalus somnulentus","Dejean","species",,"F",,"Noonan, G. R. 1991. Classification, Cladistics, and Natural History of Native North American Harpalus Latreille (Insecta: Coleoptera: Carabidae: Harpalini), excluding subgenera Glanodes and Pseudophonus.","Kipling Will","Essig Museum of Entomology",,"No known compromise","N",,
"ffef0890-4e41-4968-80ea-bf6132484403","STER_033.basePlot.bet","D10","STER","STER_033","2014-07-08","2014-07-22","2017-01-15","NEON.BET.D10.001991","ANICAR2","Animalia","Arthropoda","Insecta","Coleoptera","Carabidae","Harpalinae","Harpalini","Anisodactylus","Anisodactylus","carbonarius",,"Anisodactylus carbonarius","Say","species",,"F",,"Lindroth, C. H. 1969. The ground-beetles (Carabidae, excl. Cicindelinae) of Canada and Alaska, parts 1-6. Opuscula E. Entomoligiska Sallskapet.","Kipling Will","Essig Museum of Entomology",,"No known compromise","N",,
"d159b13f-2fc1-4db8-b72c-08ae1e42bcaa","STER_033.basePlot.bet","D10","STER","STER_033","2014-07-08","2014-07-22","2017-01-15","NEON.BET.D10.001936","HARCAL","Animalia","Arthropoda","Insecta","Coleoptera","Carabidae","Harpalinae","Harpalini","Harpalus","Megapangus","caliginosus",,"Harpalus caliginosus","Fabricius","species",,"F",,"Will, K. W. 1997. Review of the species of the subgenus Megapangus Casey (Coeloptera: Carabidae, Harpalini, Harpalus Latreille). The Coleopterists Bulletin 51:43-51.","Kipling Will","Essig Museum of Entomology",,"No known compromise","N",,
"4cd08d31-d63a-4542-aee0-3b78a6325191","STER_033.basePlot.bet","D10","STER","STER_033","2014-07-08","2014-07-22","2017-01-15","NEON.BET.D10.002001","HARREV","Animalia","Arthropoda","Insecta","Coleoptera","Carabidae","Harpalinae","Harpalini","Harpalus","Opadius","reversus",,"Harpalus reversus","Casey","species",,"F",,"Noonan, G. R. 1991. Classification, Cladistics, and Natural History of Native North American Harpalus Latreille (Insecta: Coleoptera: Carabidae: Harpalini), excluding subgenera Glanodes and Pseudophonus.","Kipling Will","Essig Museum of Entomology",,"No known compromise","N",,
"39e47122-44b5-40c7-8a39-628e38cb92a1","STER_033.basePlot.bet","D10","STER","STER_033","2014-07-08","2014-07-22","2017-01-15","NEON.BET.D10.001982","HARREV","Animalia","Arthropoda","Insecta","Coleoptera","Carabidae","Harpalinae","Harpalini","Harpalus","Opadius","reversus",,"Harpalus reversus","Casey","species",,"M",,"Noonan, G. R. 1991. Classification, Cladistics, and Natural History of Native North American Harpalus Latreille (Insecta: Coleoptera: Carabidae: Harpalini), excluding subgenera Glanodes and Pseudophonus.","Kipling Will","Essig Museum of Entomology",,"No known compromise","N",,
"f507fa0b-6278-4b1f-ba3f-b0b4085a0448","STER_033.basePlot.bet","D10","STER","STER_033","2014-07-08","2014-07-22","2017-01-15","NEON.BET.D10.001962","HARREV","Animalia","Arthropoda","Insecta","Coleoptera","Carabidae","Harpalinae","Harpalini","Harpalus","Opadius","reversus",,"Harpalus reversus","Casey","species",,"M",,"Noonan, G. R. 1991. Classification, Cladistics, and Natural History of Native North American Harpalus Latreille (Insecta: Coleoptera: Carabidae: Harpalini), excluding subgenera Glanodes and Pseudophonus.","Kipling Will","Essig Museum of Entomology",,"No known compromise","N",,
"992d6426-7940-43db-b5c7-e4afa4dc7518","STER_033.basePlot.bet","D10","STER","STER_033","2014-07-08","2014-07-22","2017-01-15","NEON.BET.D10.001979","ANICAR2","Animalia","Arthropoda","Insecta","Coleoptera","Carabidae","Harpalinae","Harpalini","Anisodactylus","Anisodactylus","carbonarius",,"Anisodactylus carbonarius","Say","species",,"M",,"Lindroth, C. H. 1969. The ground-beetles (Carabidae, excl. Cicindelinae) of Canada and Alaska, parts 1-6. Opuscula E. Entomoligiska Sallskapet.","Kipling Will","Essig Museum of Entomology",,"No known compromise","N",,
"6ef2b874-c77d-4f74-92a9-673727925c05","STER_033.basePlot.bet","D10","STER","STER_033","2014-07-08","2014-07-22","2017-01-15","NEON.BET.D10.001954","HARREV","Animalia","Arthropoda","Insecta","Coleoptera","Carabidae","Harpalinae","Harpalini","Harpalus","Opadius","reversus",,"Harpalus reversus","Casey","species",,"M",,"Noonan, G. R. 1991. Classification, Cladistics, and Natural History of Native North American Harpalus Latreille (Insecta: Coleoptera: Carabidae: Harpalini), excluding subgenera Glanodes and Pseudophonus.","Kipling Will","Essig Museum of Entomology",,"No known compromise","N",,
"5fbee353-4acc-4abd-80d6-1164d3cc5011","STER_033.basePlot.bet","D10","STER","STER_033","2014-07-08","2014-07-22","2017-01-15","NEON.BET.D10.001992","HARREV","Animalia","Arthropoda","Insecta","Coleoptera","Carabidae","Harpalinae","Harpalini","Harpalus","Opadius","reversus",,"Harpalus reversus","Casey","species",,"F",,"Noonan, G. R. 1991. Classification, Cladistics, and Natural History of Native North American Harpalus Latreille (Insecta: Coleoptera: Carabidae: Harpalini), excluding subgenera Glanodes and Pseudophonus.","Kipling Will","Essig Museum of Entomology",,"No known compromise","N",,
"827daff2-ca13-4b23-87b9-521f5b7f883b","STER_033.basePlot.bet","D10","STER","STER_033","2014-07-08","2014-07-22","2017-01-15","NEON.BET.D10.002121","HARREV","Animalia","Arthropoda","Insecta","Coleoptera","Carabidae","Harpalinae","Harpalini","Harpalus","Opadius","reversus",,"Harpalus reversus","Casey","species",,"F",,"Noonan, G. R. 1991. Classification, Cladistics, and Natural History of Native North American Harpalus Latreille (Insecta: Coleoptera: Carabidae: Harpalini), excluding subgenera Glanodes and Pseudophonus.","Kipling Will","Essig Museum of Entomology",,"No known compromise","N",,
"2876eaf2-f3f1-4166-ab0a-4677028c89f5","STER_033.basePlot.bet","D10","STER","STER_033","2014-07-08","2014-07-22","2017-01-15","NEON.BET.D10.002124","HARREV","Animalia","Arthropoda","Insecta","Coleoptera","Carabidae","Harpalinae","Harpalini","Harpalus","Opadius","reversus",,"Harpalus reversus","Casey","species",,"F",,"Noonan, G. R. 1991. Classification, Cladistics, and Natural History of Native North American Harpalus Latreille (Insecta: Coleoptera: Carabidae: Harpalini), excluding subgenera Glanodes and Pseudophonus.","Kipling Will","Essig Museum of Entomology",,"No known compromise","N",,
"10d10805-b82c-4181-80cf-7a0306a97e45","STER_033.basePlot.bet","D10","STER","STER_033","2014-07-08","2014-07-22","2017-01-15","NEON.BET.D10.002122","HARREV","Animalia","Arthropoda","Insecta","Coleoptera","Carabidae","Harpalinae","Harpalini","Harpalus","Opadius","reversus",,"Harpalus reversus","Casey","species",,"M",,"Noonan, G. R. 1991. Classification, Cladistics, and Natural History of Native North American Harpalus Latreille (Insecta: Coleoptera: Carabidae: Harpalini), excluding subgenera Glanodes and Pseudophonus.","Kipling Will","Essig Museum of Entomology",,"No known compromise","N",,
"a2046511-5ad3-4e10-805f-fe244b7e0251","STER_033.basePlot.bet","D10","STER","STER_033","2014-07-08","2014-07-22","2017-01-15","NEON.BET.D10.002119","HARREV","Animalia","Arthropoda","Insecta","Coleoptera","Carabidae","Harpalinae","Harpalini","Harpalus","Opadius","reversus",,"Harpalus reversus","Casey","species",,"F",,"Noonan, G. R. 1991. Classification, Cladistics, and Natural History of Native North American Harpalus Latreille (Insecta: Coleoptera: Carabidae: Harpalini), excluding subgenera Glanodes and Pseudophonus.","Kipling Will","Essig Museum of Entomology",,"No known compromise","N",,
"4abe5836-064f-4326-b8b3-fc57acaf131c","STER_033.basePlot.bet","D10","STER","STER_033","2014-07-08","2014-07-22","2017-01-15","NEON.BET.D10.002116","HARREV","Animalia","Arthropoda","Insecta","Coleoptera","Carabidae","Harpalinae","Harpalini","Harpalus","Opadius","reversus",,"Harpalus reversus","Casey","species",,"F",,"Noonan, G. R. 1991. Classification, Cladistics, and Natural History of Native North American Harpalus Latreille (Insecta: Coleoptera: Carabidae: Harpalini), excluding subgenera Glanodes and Pseudophonus.","Kipling Will","Essig Museum of Entomology",,"No known compromise","N",,
"0c4d507d-a613-4f9c-a280-64453106d7e2","STER_027.basePlot.bet","D10","STER","STER_027","2014-07-08","2014-07-22","2017-01-15","NEON.BET.D10.001644","CICPUN1","Animalia","Arthropoda","Insecta","Coleoptera","Carabidae","Cicindelinae","Cicindelini","Cicindela","Cicindelidia","punctulata","punctulata","Cicindela punctulata punctulata","Olivier","subspecies",,"F",,"Pearson, D., C. B. Knisley, and C. J. Kazilek. 2006. A Field Guide to the Tiger Beetles of the United States and Canada: Identification, Natural History, and Distribution of the Cicindelidae. Oxford University Press, New York.","Kipling Will","Essig Museum of Entomology",,"No known compromise","N",,
"f6089645-453f-4e3f-84ac-cd636ff24b0f","STER_027.basePlot.bet","D10","STER","STER_027","2014-07-08","2014-07-22","2017-01-15","NEON.BET.D10.001640","HARCAL","Animalia","Arthropoda","Insecta","Coleoptera","Carabidae","Harpalinae","Harpalini","Harpalus","Megapangus","caliginosus",,"Harpalus caliginosus","Fabricius","species",,"M",,"Will, K. W. 1997. Review of the species of the subgenus Megapangus Casey (Coeloptera: Carabidae, Harpalini, Harpalus Latreille). The Coleopterists Bulletin 51:43-51.","Kipling Will","Essig Museum of Entomology",,"No known compromise","N",,
"f6e7cd9a-8fe3-4831-a0d0-4a467e6323e9","STER_029.basePlot.bet","D10","STER","STER_029","2014-07-08","2014-07-22","2017-01-15","NEON.BET.D10.001810","AMACON3","Animalia","Arthropoda","Insecta","Coleoptera","Carabidae","Harpalinae","Zabrini","Amara","Amara","convexa",,"Amara convexa","LeConte","species",,"F",,"Lindroth, C. H. 1969. The ground-beetles (Carabidae, excl. Cicindelinae) of Canada and Alaska, parts 1-6. Opuscula E. Entomoligiska Sallskapet.","Kipling Will","Essig Museum of Entomology",,"No known compromise","N",,
"b98f82bd-d855-46ee-abfb-a9a178140d27","STER_029.basePlot.bet","D10","STER","STER_029","2014-07-08","2014-07-22","2017-01-15","NEON.BET.D10.001805","CHLTOM","Animalia","Arthropoda","Insecta","Coleoptera","Carabidae","Harpalinae","Chlaeniini","Chlaenius","Eurydactylus","tomentosus",,"Chlaenius tomentosus","Say","species",,"F",,"Bell, R. T. 1960. A Revision of the Genus Chlaenius Bonelli (Coleoptera, Carabidae) in North America. Miscellaneous Publications of the Entomological Society of America 1:98-166.","Kipling Will","Essig Museum of Entomology",,"No known compromise","N",,
"95007968-517f-4d21-b25e-1d8f1f40181f","STER_029.basePlot.bet","D10","STER","STER_029","2014-07-08","2014-07-22","2017-01-15","NEON.BET.D10.001811","AMAFAR","Animalia","Arthropoda","Insecta","Coleoptera","Carabidae","Harpalinae","Zabrini","Amara","Amarocelia","farcta",,"Amara farcta","LeConte","species",,"F",,"Lindroth, C. H. 1969. The ground-beetles (Carabidae, excl. Cicindelinae) of Canada and Alaska, parts 1-6. Opuscula E. Entomoligiska Sallskapet.","Kipling Will","Essig Museum of Entomology",,"No known compromise","N",,
"88ce51b4-8acd-43db-a1c8-5fb50a1562f0","STER_029.basePlot.bet","D10","STER","STER_029","2014-07-08","2014-07-22","2017-01-15","NEON.BET.D10.001807","HARCAL","Animalia","Arthropoda","Insecta","Coleoptera","Carabidae","Harpalinae","Harpalini","Harpalus","Megapangus","caliginosus",,"Harpalus caliginosus","Fabricius","species",,"M",,"Will, K. W. 1997. Review of the species of the subgenus Megapangus Casey (Coeloptera: Carabidae, Harpalini, Harpalus Latreille). The Coleopterists Bulletin 51:43-51.","Kipling Will","Essig Museum of Entomology",,"No known compromise","N",,
"0db9b9ce-9266-4fd5-9700-bf2485ecd051","STER_029.basePlot.bet","D10","STER","STER_029","2014-07-08","2014-07-22","2017-01-15","NEON.BET.D10.001806","ANIRUS","Animalia","Arthropoda","Insecta","Coleoptera","Carabidae","Harpalinae","Harpalini","Anisodactylus","Gynandrotarsus","rusticus",,"Anisodactylus rusticus","Say","species",,"M",,"Lindroth, C. H. 1969. The ground-beetles (Carabidae, excl. Cicindelinae) of Canada and Alaska, parts 1-6. Opuscula E. Entomoligiska Sallskapet.","Kipling Will","Essig Museum of Entomology",,"No known compromise","N",,
"63e0fbf5-b6a1-4090-a287-c7eef02d933e","STER_029.basePlot.bet","D10","STER","STER_029","2014-07-08","2014-07-22","2017-01-15","NEON.BET.D10.001800","AMACAR","Animalia","Arthropoda","Insecta","Coleoptera","Carabidae","Harpalinae","Zabrini","Amara","Curtonotus","carinata",,"Amara carinata","LeConte","species",,"F",,"Lindroth, C. H. 1969. The ground-beetles (Carabidae, excl. Cicindelinae) of Canada and Alaska, parts 1-6. Opuscula E. Entomoligiska Sallskapet.","Kipling Will","Essig Museum of Entomology",,"No known compromise","N",,
"53d79e94-910a-4ae5-a0d2-362042acbfa8","STER_029.basePlot.bet","D10","STER","STER_029","2014-07-08","2014-07-22","2017-01-15","NEON.BET.D10.001801","AMAFAR","Animalia","Arthropoda","Insecta","Coleoptera","Carabidae","Harpalinae","Zabrini","Amara","Amarocelia","farcta",,"Amara farcta","LeConte","species",,"M",,"Lindroth, C. H. 1969. The ground-beetles (Carabidae, excl. Cicindelinae) of Canada and Alaska, parts 1-6. Opuscula E. Entomoligiska Sallskapet.","Kipling Will","Essig Museum of Entomology",,"No known compromise","N",,
"ffd177ca-bcb4-4c23-808d-0aa80b3cc403","STER_029.basePlot.bet","D10","STER","STER_029","2014-07-08","2014-07-22","2017-01-15","NEON.BET.D10.001802","AMAFAR","Animalia","Arthropoda","Insecta","Coleoptera","Carabidae","Harpalinae","Zabrini","Amara","Amarocelia","farcta",,"Amara farcta","LeConte","species",,"F",,"Lindroth, C. H. 1969. The ground-beetles (Carabidae, excl. Cicindelinae) of Canada and Alaska, parts 1-6. Opuscula E. Entomoligiska Sallskapet.","Kipling Will","Essig Museum of Entomology",,"No known compromise","N",,
"2ed9d234-15ba-4653-b9bb-ed24884af4aa","STER_033.basePlot.bet","D10","STER","STER_033","2014-07-08","2014-07-22","2017-01-15","NEON.BET.D10.001859","AMACON3","Animalia","Arthropoda","Insecta","Coleoptera","Carabidae","Harpalinae","Zabrini","Amara","Amara","convexa",,"Amara convexa","LeConte","species",,"M",,"Lindroth, C. H. 1969. The ground-beetles (Carabidae, excl. Cicindelinae) of Canada and Alaska, parts 1-6. Opuscula E. Entomoligiska Sallskapet.","Kipling Will","Essig Museum of Entomology",,"No known compromise","N",,
"277fcf10-6384-4f14-baa9-e7a3f14e2e7f","STER_033.basePlot.bet","D10","STER","STER_033","2014-07-08","2014-07-22","2017-01-15","NEON.BET.D10.001876","ANICAR2","Animalia","Arthropoda","Insecta","Coleoptera","Carabidae","Harpalinae","Harpalini","Anisodactylus","Anisodactylus","carbonarius",,"Anisodactylus carbonarius","Say","species",,"F",,"Lindroth, C. H. 1969. The ground-beetles (Carabidae, excl. Cicindelinae) of Canada and Alaska, parts 1-6. Opuscula E. Entomoligiska Sallskapet.","Kipling Will","Essig Museum of Entomology",,"No known compromise","N",,
"34aff72c-2776-4159-a05b-bfbaf7364069","STER_033.basePlot.bet","D10","STER","STER_033","2014-07-08","2014-07-22","2017-01-15","NEON.BET.D10.001878","HARREV","Animalia","Arthropoda","Insecta","Coleoptera","Carabidae","Harpalinae","Harpalini","Harpalus","Opadius","reversus",,"Harpalus reversus","Casey","species",,"F",,"Noonan, G. R. 1991. Classification, Cladistics, and Natural History of Native North American Harpalus Latreille (Insecta: Coleoptera: Carabidae: Harpalini), excluding subgenera Glanodes and Pseudophonus.","Kipling Will","Essig Museum of Entomology",,"No known compromise","N",,
"8c270a6e-73a4-4b9e-be06-f511bd6efab0","STER_033.basePlot.bet","D10","STER","STER_033","2014-07-08","2014-07-22","2017-01-15","NEON.BET.D10.001880","HARREV","Animalia","Arthropoda","Insecta","Coleoptera","Carabidae","Harpalinae","Harpalini","Harpalus","Opadius","reversus",,"Harpalus reversus","Casey","species",,"M",,"Noonan, G. R. 1991. Classification, Cladistics, and Natural History of Native North American Harpalus Latreille (Insecta: Coleoptera: Carabidae: Harpalini), excluding subgenera Glanodes and Pseudophonus.","Kipling Will","Essig Museum of Entomology",,"No known compromise","N",,
"34efb4b8-01bc-466b-8adf-3867c27fa615","STER_033.basePlot.bet","D10","STER","STER_033","2014-07-08","2014-07-22","2017-01-15","NEON.BET.D10.001860","AMAFAR","Animalia","Arthropoda","Insecta","Coleoptera","Carabidae","Harpalinae","Zabrini","Amara","Amarocelia","farcta",,"Amara farcta","LeConte","species",,"F",,"Lindroth, C. H. 1969. The ground-beetles (Carabidae, excl. Cicindelinae) of Canada and Alaska, parts 1-6. Opuscula E. Entomoligiska Sallskapet.","Kipling Will","Essig Museum of Entomology",,"No known compromise","N",,
"bf70c896-fbb1-432f-9a16-754b494b86e4","STER_033.basePlot.bet","D10","STER","STER_033","2014-07-08","2014-07-22","2017-01-15","NEON.BET.D10.001923","HARREV","Animalia","Arthropoda","Insecta","Coleoptera","Carabidae","Harpalinae","Harpalini","Harpalus","Opadius","reversus",,"Harpalus reversus","Casey","species",,"F",,"Noonan, G. R. 1991. Classification, Cladistics, and Natural History of Native North American Harpalus Latreille (Insecta: Coleoptera: Carabidae: Harpalini), excluding subgenera Glanodes and Pseudophonus.","Kipling Will","Essig Museum of Entomology",,"No known compromise","N",,
"9742be2e-b1f3-4611-abd4-596d0fc859cf","STER_033.basePlot.bet","D10","STER","STER_033","2014-07-08","2014-07-22","2017-01-15","NEON.BET.D10.001922","HARREV","Animalia","Arthropoda","Insecta","Coleoptera","Carabidae","Harpalinae","Harpalini","Harpalus","Opadius","reversus",,"Harpalus reversus","Casey","species",,"M",,"Noonan, G. R. 1991. Classification, Cladistics, and Natural History of Native North American Harpalus Latreille (Insecta: Coleoptera: Carabidae: Harpalini), excluding subgenera Glanodes and Pseudophonus.","Kipling Will","Essig Museum of Entomology",,"No known compromise","N",,
"41e2d50b-5632-49ec-8f7c-6cddeaef9b83","STER_033.basePlot.bet","D10","STER","STER_033","2014-07-08","2014-07-22","2017-01-15","NEON.BET.D10.001925","HARPAR","Animalia","Arthropoda","Insecta","Coleoptera","Carabidae","Harpalinae","Harpalini","Harpalus","Pseudoophonus","paratus",,"Harpalus paratus","Casey","species",,"F",,"Ball, G. E., and J. N. Anderson. 1962. The taxonomy and speciation of Pseudophonus (a subgenus of Harpalus: Haralini: Carabidae, known to occur in North America). The Catholic University of America Press, Washington 17, D. C.","Kipling Will","Essig Museum of Entomology",,"No known compromise","N",,
"9208cc23-0a2c-464b-af4b-2f8498d02e4d","STER_033.basePlot.bet","D10","STER","STER_033","2014-07-08","2014-07-22","2017-01-15","NEON.BET.D10.001910","ANICAR2","Animalia","Arthropoda","Insecta","Coleoptera","Carabidae","Harpalinae","Harpalini","Anisodactylus","Anisodactylus","carbonarius",,"Anisodactylus carbonarius","Say","species",,"F",,"Lindroth, C. H. 1969. The ground-beetles (Carabidae, excl. Cicindelinae) of Canada and Alaska, parts 1-6. Opuscula E. Entomoligiska Sallskapet.","Kipling Will","Essig Museum of Entomology",,"No known compromise","N",,
"016525d2-9c0b-487f-bc44-389af3bfd3d8","STER_033.basePlot.bet","D10","STER","STER_033","2014-07-08","2014-07-22","2017-01-15","NEON.BET.D10.001927","HARPEN","Animalia","Arthropoda","Insecta","Coleoptera","Carabidae","Harpalinae","Harpalini","Harpalus","Pseudoophonus","pensylvanicus",,"Harpalus pensylvanicus","DeGeer","species",,"M",,"Ball, G. E., and J. N. Anderson. 1962. The taxonomy and speciation of Pseudophonus (a subgenus of Harpalus: Haralini: Carabidae, known to occur in North America). The Catholic University of America Press, Washington 17, D. C.","Kipling Will","Essig Museum of Entomology",,"No known compromise","N",,
"8b4122ec-abea-4386-ab9a-13ee8c0a0e2f","STER_033.basePlot.bet","D10","STER","STER_033","2014-07-08","2014-07-22","2017-01-15","NEON.BET.D10.001872","ANIRUS","Animalia","Arthropoda","Insecta","Coleoptera","Carabidae","Harpalinae","Harpalini","Anisodactylus","Gynandrotarsus","rusticus",,"Anisodactylus rusticus","Say","species",,"M",,"Lindroth, C. H. 1969. The ground-beetles (Carabidae, excl. Cicindelinae) of Canada and Alaska, parts 1-6. Opuscula E. Entomoligiska Sallskapet.","Kipling Will","Essig Museum of Entomology",,"No known compromise","N",,
"cd71f944-44a8-477a-83de-6e95813dc7e1","STER_033.basePlot.bet","D10","STER","STER_033","2014-07-08","2014-07-22","2017-01-15","NEON.BET.D10.001931","HARELL","Animalia","Arthropoda","Insecta","Coleoptera","Carabidae","Harpalinae","Harpalini","Harpalus","Harpalus","ellipsis",,"Harpalus ellipsis","LeConte","species",,"F",,"Noonan, G. R. 1991. Classification, Cladistics, and Natural History of Native North American Harpalus Latreille (Insecta: Coleoptera: Carabidae: Harpalini), excluding subgenera Glanodes and Pseudophonus.","Kipling Will","Essig Museum of Entomology",,"No known compromise","N",,
"4acacf00-f587-4667-b58d-81700eed1127","STER_033.basePlot.bet","D10","STER","STER_033","2014-07-08","2014-07-22","2017-01-15","NEON.BET.D10.001933","HARCAL","Animalia","Arthropoda","Insecta","Coleoptera","Carabidae","Harpalinae","Harpalini","Harpalus","Megapangus","caliginosus",,"Harpalus caliginosus","Fabricius","species",,"F",,"Will, K. W. 1997. Review of the species of the subgenus Megapangus Casey (Coeloptera: Carabidae, Harpalini, Harpalus Latreille). The Coleopterists Bulletin 51:43-51.","Kipling Will","Essig Museum of Entomology",,"No known compromise","N",,
"562a4dd2-3172-44d6-85db-969f558278ee","STER_033.basePlot.bet","D10","STER","STER_033","2014-07-08","2014-07-22","2017-01-15","NEON.BET.D10.001874","ANICAR2","Animalia","Arthropoda","Insecta","Coleoptera","Carabidae","Harpalinae","Harpalini","Anisodactylus","Anisodactylus","carbonarius",,"Anisodactylus carbonarius","Say","species",,"F",,"Lindroth, C. H. 1969. The ground-beetles (Carabidae, excl. Cicindelinae) of Canada and Alaska, parts 1-6. Opuscula E. Entomoligiska Sallskapet.","Kipling Will","Essig Museum of Entomology",,"No known compromise","N",,
"9874cb9d-b3b4-466a-9e3f-ef443e046e2b","STER_033.basePlot.bet","D10","STER","STER_033","2014-07-08","2014-07-22","2017-01-15","NEON.BET.D10.001861","AMAFAR","Animalia","Arthropoda","Insecta","Coleoptera","Carabidae","Harpalinae","Zabrini","Amara","Amarocelia","farcta",,"Amara farcta","LeConte","species",,"M",,"Lindroth, C. H. 1969. The ground-beetles (Carabidae, excl. Cicindelinae) of Canada and Alaska, parts 1-6. Opuscula E. Entomoligiska Sallskapet.","Kipling Will","Essig Museum of Entomology",,"No known compromise","N",,
"f998ccf0-daba-432f-83aa-4bc4254f4de3","STER_033.basePlot.bet","D10","STER","STER_033","2014-07-08","2014-07-22","2017-01-15","NEON.BET.D10.001917","HARREV","Animalia","Arthropoda","Insecta","Coleoptera","Carabidae","Harpalinae","Harpalini","Harpalus","Opadius","reversus",,"Harpalus reversus","Casey","species",,"M",,"Noonan, G. R. 1991. Classification, Cladistics, and Natural History of Native North American Harpalus Latreille (Insecta: Coleoptera: Carabidae: Harpalini), excluding subgenera Glanodes and Pseudophonus.","Kipling Will","Essig Museum of Entomology",,"No known compromise","N",,
"65c206a0-1da9-4cb3-bede-744e8d22e7bc","STER_033.basePlot.bet","D10","STER","STER_033","2014-07-08","2014-07-22","2017-01-15","NEON.BET.D10.001926","HARPEN","Animalia","Arthropoda","Insecta","Coleoptera","Carabidae","Harpalinae","Harpalini","Harpalus","Pseudoophonus","pensylvanicus",,"Harpalus pensylvanicus","DeGeer","species",,"F",,"Ball, G. E., and J. N. Anderson. 1962. The taxonomy and speciation of Pseudophonus (a subgenus of Harpalus: Haralini: Carabidae, known to occur in North America). The Catholic University of America Press, Washington 17, D. C.","Kipling Will","Essig Museum of Entomology",,"No known compromise","N",,
"ea4919e2-5baa-444d-81ec-53badae207b5","STER_033.basePlot.bet","D10","STER","STER_033","2014-07-08","2014-07-22","2017-01-15","NEON.BET.D10.001857","EURGRO","Animalia","Arthropoda","Insecta","Coleoptera","Carabidae","Harpalinae","Harpalini","Euryderus",,"grossus",,"Euryderus grossus","Say","species",,"U",,"Lindroth, C. H. 1969. The ground-beetles (Carabidae, excl. Cicindelinae) of Canada and Alaska, parts 1-6. Opuscula E. Entomoligiska Sallskapet.","Kipling Will","Essig Museum of Entomology",,"No known compromise","N",,
"134d696c-a38a-4e45-bfe5-a720606eae86","STER_033.basePlot.bet","D10","STER","STER_033","2014-07-08","2014-07-22","2017-01-15","NEON.BET.D10.001932","HARPEN","Animalia","Arthropoda","Insecta","Coleoptera","Carabidae","Harpalinae","Harpalini","Harpalus","Pseudoophonus","pensylvanicus",,"Harpalus pensylvanicus","DeGeer","species",,"M",,"Ball, G. E., and J. N. Anderson. 1962. The taxonomy and speciation of Pseudophonus (a subgenus of Harpalus: Haralini: Carabidae, known to occur in North America). The Catholic University of America Press, Washington 17, D. C.","Kipling Will","Essig Museum of Entomology",,"No known compromise","N",,
"664af880-eaa4-4fef-bdc7-13213a4a0ea1","STER_033.basePlot.bet","D10","STER","STER_033","2014-07-08","2014-07-22","2017-01-15","NEON.BET.D10.001909","ANICAR2","Animalia","Arthropoda","Insecta","Coleoptera","Carabidae","Harpalinae","Harpalini","Anisodactylus","Anisodactylus","carbonarius",,"Anisodactylus carbonarius","Say","species",,"F",,"Lindroth, C. H. 1969. The ground-beetles (Carabidae, excl. Cicindelinae) of Canada and Alaska, parts 1-6. Opuscula E. Entomoligiska Sallskapet.","Kipling Will","Essig Museum of Entomology",,"No known compromise","N",,
"31c4770c-13ea-488b-9d9a-188b0e1a48d0","STER_033.basePlot.bet","D10","STER","STER_033","2014-07-08","2014-07-22","2017-01-15","NEON.BET.D10.001911","ANICAR2","Animalia","Arthropoda","Insecta","Coleoptera","Carabidae","Harpalinae","Harpalini","Anisodactylus","Anisodactylus","carbonarius",,"Anisodactylus carbonarius","Say","species",,"F",,"Lindroth, C. H. 1969. The ground-beetles (Carabidae, excl. Cicindelinae) of Canada and Alaska, parts 1-6. Opuscula E. Entomoligiska Sallskapet.","Kipling Will","Essig Museum of Entomology",,"No known compromise","N",,
"0e4cd4ec-16af-4015-a177-3936a5bc1194","STER_033.basePlot.bet","D10","STER","STER_033","2014-07-08","2014-07-22","2017-01-15","NEON.BET.D10.001865","ACUPAR","Animalia","Arthropoda","Insecta","Coleoptera","Carabidae","Harpalinae","Harpalini","Acupalpus","Tachistodes","partiarius",,"Acupalpus partiarius","Say","species",,"M",,"Lindroth, C. H. 1969. The ground-beetles (Carabidae, excl. Cicindelinae) of Canada and Alaska, parts 1-6. Opuscula E. Entomoligiska Sallskapet.","Kipling Will","Essig Museum of Entomology",,"No known compromise","N",,
"e1854631-47f4-4962-aab5-e1abf4e9e0ff","STER_033.basePlot.bet","D10","STER","STER_033","2014-07-08","2014-07-22","2017-01-15","NEON.BET.D10.001877","ANICAR2","Animalia","Arthropoda","Insecta","Coleoptera","Carabidae","Harpalinae","Harpalini","Anisodactylus","Anisodactylus","carbonarius",,"Anisodactylus carbonarius","Say","species",,"M",,"Lindroth, C. H. 1969. The ground-beetles (Carabidae, excl. Cicindelinae) of Canada and Alaska, parts 1-6. Opuscula E. Entomoligiska Sallskapet.","Kipling Will","Essig Museum of Entomology",,"No known compromise","N",,
"8df349fa-3a97-4c3b-bb36-c1c3ae37a0f2","STER_033.basePlot.bet","D10","STER","STER_033","2014-07-08","2014-07-22","2017-01-15","NEON.BET.D10.001934","HARCAL","Animalia","Arthropoda","Insecta","Coleoptera","Carabidae","Harpalinae","Harpalini","Harpalus","Megapangus","caliginosus",,"Harpalus caliginosus","Fabricius","species",,"F",,"Will, K. W. 1997. Review of the species of the subgenus Megapangus Casey (Coeloptera: Carabidae, Harpalini, Harpalus Latreille). The Coleopterists Bulletin 51:43-51.","Kipling Will","Essig Museum of Entomology",,"No known compromise","N",,
"d0c19d8e-101b-4023-a1b5-263536b32e9c","STER_033.basePlot.bet","D10","STER","STER_033","2014-07-08","2014-07-22","2017-01-15","NEON.BET.D10.001918","HARREV","Animalia","Arthropoda","Insecta","Coleoptera","Carabidae","Harpalinae","Harpalini","Harpalus","Opadius","reversus",,"Harpalus reversus","Casey","species",,"M",,"Noonan, G. R. 1991. Classification, Cladistics, and Natural History of Native North American Harpalus Latreille (Insecta: Coleoptera: Carabidae: Harpalini), excluding subgenera Glanodes and Pseudophonus.","Kipling Will","Essig Museum of Entomology",,"No known compromise","N",,
"843bf4fd-8586-4e59-b6c3-db96ea78574c","STER_033.basePlot.bet","D10","STER","STER_033","2014-07-08","2014-07-22","2017-01-15","NEON.BET.D10.001914","HARREV","Animalia","Arthropoda","Insecta","Coleoptera","Carabidae","Harpalinae","Harpalini","Harpalus","Opadius","reversus",,"Harpalus reversus","Casey","species",,"F",,"Noonan, G. R. 1991. Classification, Cladistics, and Natural History of Native North American Harpalus Latreille (Insecta: Coleoptera: Carabidae: Harpalini), excluding subgenera Glanodes and Pseudophonus.","Kipling Will","Essig Museum of Entomology",,"No known compromise","N",,
"00b154fc-8488-4f7b-a8ea-0ab1b07a92e6","STER_035.basePlot.bet","D10","STER","STER_035","2014-07-08","2014-07-22","2017-01-15","NEON.BET.D10.001833","HARCAL","Animalia","Arthropoda","Insecta","Coleoptera","Carabidae","Harpalinae","Harpalini","Harpalus","Megapangus","caliginosus",,"Harpalus caliginosus","Fabricius","species",,"F",,"Will, K. W. 1997. Review of the species of the subgenus Megapangus Casey (Coeloptera: Carabidae, Harpalini, Harpalus Latreille). The Coleopterists Bulletin 51:43-51.","Kipling Will","Essig Museum of Entomology",,"No known compromise","N",,
"4f7f8119-9720-4165-b050-f2290faefd74","STER_035.basePlot.bet","D10","STER","STER_035","2014-07-08","2014-07-22","2017-01-15","NEON.BET.D10.001828","AMALAT","Animalia","Arthropoda","Insecta","Coleoptera","Carabidae","Harpalinae","Zabrini","Amara","Bradytus","latior",,"Amara latior","Kirby","species",,"M",,"Lindroth, C. H. 1969. The ground-beetles (Carabidae, excl. Cicindelinae) of Canada and Alaska, parts 1-6. Opuscula E. Entomoligiska Sallskapet.","Kipling Will","Essig Museum of Entomology",,"No known compromise","N",,
"a1dcdb00-cf1f-49ea-89be-52a88da3875a","STER_028.basePlot.bet","D10","STER","STER_028","2014-07-08","2014-07-22","2017-01-15","NEON.BET.D10.001847","PIOSET","Animalia","Arthropoda","Insecta","Coleoptera","Carabidae","Harpalinae","Harpalini","Piosoma",,"setosum",,"Piosoma setosum","LeConte","species",,"M",,"Lindroth, C. H. 1969. The ground-beetles (Carabidae, excl. Cicindelinae) of Canada and Alaska, parts 1-6. Opuscula E. Entomoligiska Sallskapet.","Kipling Will","Essig Museum of Entomology",,"No known compromise","N",,
"595cfae3-a552-421f-a889-17430e28d362","STER_026.basePlot.bet","D10","STER","STER_026","2014-07-08","2014-07-22","2017-01-15","NEON.BET.D10.001882","CYCTOR","Animalia","Arthropoda","Insecta","Coleoptera","Carabidae","Harpalinae","Pterostichini","Cyclotrachelus","Evarthrus","torvus",,"Cyclotrachelus torvus","LeConte","species",,"M",,"Freitag, R. 1969. A revision of the species of the genus Evarthrus LeConte. Quaestiones Entomologicae 5:89-212.","Kipling Will","Essig Museum of Entomology",,"No known compromise","N",,
"3e455fa1-9fb7-48d7-8a73-cf47537e609e","STER_029.basePlot.bet","D10","STER","STER_029","2014-07-08","2014-07-22","2017-01-15","NEON.BET.D10.001819","HARREV","Animalia","Arthropoda","Insecta","Coleoptera","Carabidae","Harpalinae","Harpalini","Harpalus","Opadius","reversus",,"Harpalus reversus","Casey","species",,"M",,"Noonan, G. R. 1991. Classification, Cladistics, and Natural History of Native North American Harpalus Latreille (Insecta: Coleoptera: Carabidae: Harpalini), excluding subgenera Glanodes and Pseudophonus.","Kipling Will","Essig Museum of Entomology",,"No known compromise","N",,
"efb19e8f-2356-449b-9dbd-8d7a53c31d34","STER_029.basePlot.bet","D10","STER","STER_029","2014-07-08","2014-07-22","2017-01-15","NEON.BET.D10.001816","AMACON3","Animalia","Arthropoda","Insecta","Coleoptera","Carabidae","Harpalinae","Zabrini","Amara","Amara","convexa",,"Amara convexa","LeConte","species",,"M",,"Lindroth, C. H. 1969. The ground-beetles (Carabidae, excl. Cicindelinae) of Canada and Alaska, parts 1-6. Opuscula E. Entomoligiska Sallskapet.","Kipling Will","Essig Museum of Entomology",,"No known compromise","N",,
"6b3e5426-a939-4123-87f5-f73aa8c1f37c","STER_029.basePlot.bet","D10","STER","STER_029","2014-07-08","2014-07-22","2017-01-15","NEON.BET.D10.001812","AMAFAR","Animalia","Arthropoda","Insecta","Coleoptera","Carabidae","Harpalinae","Zabrini","Amara","Amarocelia","farcta",,"Amara farcta","LeConte","species",,"M",,"Lindroth, C. H. 1969. The ground-beetles (Carabidae, excl. Cicindelinae) of Canada and Alaska, parts 1-6. Opuscula E. Entomoligiska Sallskapet.","Kipling Will","Essig Museum of Entomology",,"No known compromise","N",,
"12d4ae68-452c-4df9-84d2-acbb26fb3230","STER_029.basePlot.bet","D10","STER","STER_029","2014-07-08","2014-07-22","2017-01-15","NEON.BET.D10.001813","HARREV","Animalia","Arthropoda","Insecta","Coleoptera","Carabidae","Harpalinae","Harpalini","Harpalus","Opadius","reversus",,"Harpalus reversus","Casey","species",,"F",,"Noonan, G. R. 1991. Classification, Cladistics, and Natural History of Native North American Harpalus Latreille (Insecta: Coleoptera: Carabidae: Harpalini), excluding subgenera Glanodes and Pseudophonus.","Kipling Will","Essig Museum of Entomology",,"No known compromise","N",,
"440b10fb-5e52-460d-aae4-91ec2e27d02f","STER_029.basePlot.bet","D10","STER","STER_029","2014-07-08","2014-07-22","2017-01-15","NEON.BET.D10.001823","HARCAL","Animalia","Arthropoda","Insecta","Coleoptera","Carabidae","Harpalinae","Harpalini","Harpalus","Megapangus","caliginosus",,"Harpalus caliginosus","Fabricius","species",,"F",,"Will, K. W. 1997. Review of the species of the subgenus Megapangus Casey (Coeloptera: Carabidae, Harpalini, Harpalus Latreille). The Coleopterists Bulletin 51:43-51.","Kipling Will","Essig Museum of Entomology",,"No known compromise","N",,
"560e335d-a1e6-4f9d-b770-229acbb4ee81","STER_027.basePlot.bet","D10","STER","STER_027","2014-07-08","2014-07-22","2017-01-15","NEON.BET.D10.001835","AMACON3","Animalia","Arthropoda","Insecta","Coleoptera","Carabidae","Harpalinae","Zabrini","Amara","Amara","convexa",,"Amara convexa","LeConte","species",,"M",,"Lindroth, C. H. 1969. The ground-beetles (Carabidae, excl. Cicindelinae) of Canada and Alaska, parts 1-6. Opuscula E. Entomoligiska Sallskapet.","Kipling Will","Essig Museum of Entomology",,"No known compromise","N",,
"6f1e2f50-65fc-48e3-beb2-e7bce91b56a9","STER_029.basePlot.bet","D10","STER","STER_029","2014-07-08","2014-07-22","2017-01-15","NEON.BET.D10.001822","ANICAR2","Animalia","Arthropoda","Insecta","Coleoptera","Carabidae","Harpalinae","Harpalini","Anisodactylus","Anisodactylus","carbonarius",,"Anisodactylus carbonarius","Say","species",,"F",,"Lindroth, C. H. 1969. The ground-beetles (Carabidae, excl. Cicindelinae) of Canada and Alaska, parts 1-6. Opuscula E. Entomoligiska Sallskapet.","Kipling Will","Essig Museum of Entomology",,"No known compromise","N",,
"38507450-2596-4728-9e75-9392b68979fb","STER_027.basePlot.bet","D10","STER","STER_027","2014-07-08","2014-07-22","2017-01-15","NEON.BET.D10.001841","AMAQUE","Animalia","Arthropoda","Insecta","Coleoptera","Carabidae","Harpalinae","Zabrini","Amara","Paracelia","quenseli","quenseli","Amara quenseli quenseli","Schonherr","subspecies",,"F",,"Lindroth, C. H. 1969. The ground-beetles (Carabidae, excl. Cicindelinae) of Canada and Alaska, parts 1-6. Opuscula E. Entomoligiska Sallskapet.","Kipling Will","Essig Museum of Entomology",,"No known compromise","N",,
"5178b6c5-723c-4fb4-aa69-08833c1256c5","STER_027.basePlot.bet","D10","STER","STER_027","2014-07-08","2014-07-22","2017-01-15","NEON.BET.D10.001838","AMACON3","Animalia","Arthropoda","Insecta","Coleoptera","Carabidae","Harpalinae","Zabrini","Amara","Amara","convexa",,"Amara convexa","LeConte","species",,"M",,"Lindroth, C. H. 1969. The ground-beetles (Carabidae, excl. Cicindelinae) of Canada and Alaska, parts 1-6. Opuscula E. Entomoligiska Sallskapet.","Kipling Will","Essig Museum of Entomology",,"No known compromise","N",,
"060590e8-cb0d-4dfd-9333-c0cf7747edff","STER_027.basePlot.bet","D10","STER","STER_027","2014-07-08","2014-07-22","2017-01-15","NEON.BET.D10.001834","AMACON3","Animalia","Arthropoda","Insecta","Coleoptera","Carabidae","Harpalinae","Zabrini","Amara","Amara","convexa",,"Amara convexa","LeConte","species",,"F",,"Lindroth, C. H. 1969. The ground-beetles (Carabidae, excl. Cicindelinae) of Canada and Alaska, parts 1-6. Opuscula E. Entomoligiska Sallskapet.","Kipling Will","Essig Museum of Entomology",,"No known compromise","N",,
"8c1a4492-dd7a-4110-bbf5-50c4eb225271","STER_006.basePlot.bet","D10","STER","STER_006","2014-07-08","2014-07-22","2017-01-15","NEON.BET.D10.001856","DISPAR1","Animalia","Arthropoda","Insecta","Coleoptera","Carabidae","Harpalinae","Harpalini","Discoderus",,"parallelus",,"Discoderus parallelus","Haldeman","species",,"F",,"Lindroth, C. H. 1969. The ground-beetles (Carabidae, excl. Cicindelinae) of Canada and Alaska, parts 1-6. Opuscula E. Entomoligiska Sallskapet.","Kipling Will","Essig Museum of Entomology",,"No known compromise","N",,
"f5c5b939-7bb9-46cd-b82a-6b9db7d118e2","STER_006.basePlot.bet","D10","STER","STER_006","2014-07-08","2014-07-22","2017-01-15","NEON.BET.D10.001854","HARREV","Animalia","Arthropoda","Insecta","Coleoptera","Carabidae","Harpalinae","Harpalini","Harpalus","Opadius","reversus",,"Harpalus reversus","Casey","species",,"M",,"Noonan, G. R. 1991. Classification, Cladistics, and Natural History of Native North American Harpalus Latreille (Insecta: Coleoptera: Carabidae: Harpalini), excluding subgenera Glanodes and Pseudophonus.","Kipling Will","Essig Museum of Entomology",,"No known compromise","N",,
"cf9543ec-f99d-43ac-b315-606908ffc132","STER_034.basePlot.bet","D10","STER","STER_034","2014-07-08","2014-07-22","2017-01-15","NEON.BET.D10.001897","HARPAR","Animalia","Arthropoda","Insecta","Coleoptera","Carabidae","Harpalinae","Harpalini","Harpalus","Pseudoophonus","paratus",,"Harpalus paratus","Casey","species",,"F",,"Ball, G. E., and J. N. Anderson. 1962. The taxonomy and speciation of Pseudophonus (a subgenus of Harpalus: Haralini: Carabidae, known to occur in North America). The Catholic University of America Press, Washington 17, D. C.","Kipling Will","Essig Museum of Entomology",,"No known compromise","N",,
"69a33464-8230-4eae-9da5-dbe7c7fec84a","STER_034.basePlot.bet","D10","STER","STER_034","2014-07-08","2014-07-22","2017-01-15","NEON.BET.D10.001898","AMACON3","Animalia","Arthropoda","Insecta","Coleoptera","Carabidae","Harpalinae","Zabrini","Amara","Amara","convexa",,"Amara convexa","LeConte","species",,"F",,"Lindroth, C. H. 1969. The ground-beetles (Carabidae, excl. Cicindelinae) of Canada and Alaska, parts 1-6. Opuscula E. Entomoligiska Sallskapet.","Kipling Will","Essig Museum of Entomology",,"No known compromise","N",,
"2581f40c-a9f5-4820-a16b-9ac460a62c05","STER_032.basePlot.bet","D10","STER","STER_032","2014-07-08","2014-07-22","2017-01-15","NEON.BET.D10.001892","AGOPLA","Animalia","Arthropoda","Insecta","Coleoptera","Carabidae","Harpalinae","Platynini","Agonum","Agonum","placidum",,"Agonum placidum","Say","species",,"M",,"Liebherr, J. K. 1994. Identification of new world Agonum , review of the mexican fauna , and description of Incagonum , new genus , from South America (Coleoptera: Carabidae: Platynini). Journal of The New York Entomological Society 102:1-55.","Kipling Will","Essig Museum of Entomology",,"No known compromise","N",,
"7b780bf7-181b-4b79-9f16-e55719c33621","STER_034.basePlot.bet","D10","STER","STER_034","2014-07-08","2014-07-22","2017-01-15","NEON.BET.D10.001899","HARPAR","Animalia","Arthropoda","Insecta","Coleoptera","Carabidae","Harpalinae","Harpalini","Harpalus","Pseudoophonus","paratus",,"Harpalus paratus","Casey","species",,"M",,"Ball, G. E., and J. N. Anderson. 1962. The taxonomy and speciation of Pseudophonus (a subgenus of Harpalus: Haralini: Carabidae, known to occur in North America). The Catholic University of America Press, Washington 17, D. C.","Kipling Will","Essig Museum of Entomology",,"No known compromise","N",,
"093d439d-9ff5-4b51-a65d-06bc2956d46c","STER_034.basePlot.bet","D10","STER","STER_034","2014-07-08","2014-07-22","2017-01-15","NEON.BET.D10.001895","HARCAL","Animalia","Arthropoda","Insecta","Coleoptera","Carabidae","Harpalinae","Harpalini","Harpalus","Megapangus","caliginosus",,"Harpalus caliginosus","Fabricius","species",,"F",,"Will, K. W. 1997. Review of the species of the subgenus Megapangus Casey (Coeloptera: Carabidae, Harpalini, Harpalus Latreille). The Coleopterists Bulletin 51:43-51.","Kipling Will","Essig Museum of Entomology",,"No known compromise","N",,
"b98b16b6-62ec-4120-be5d-f17e38bd4380","STER_032.basePlot.bet","D10","STER","STER_032","2014-07-08","2014-07-22","2017-01-15","NEON.BET.D10.001890","STECOM","Animalia","Arthropoda","Insecta","Coleoptera","Carabidae","Harpalinae","Harpalini","Stenolophus","Agonoderus","comma",,"Stenolophus comma","Fabricius","species",,"F",,"Lindroth, C. H. 1969. The ground-beetles (Carabidae, excl. Cicindelinae) of Canada and Alaska, parts 1-6. Opuscula E. Entomoligiska Sallskapet.","Kipling Will","Essig Museum of Entomology",,"No known compromise","N",,
"f34c8bbd-f20d-4b85-beee-b14d33abeae5","STER_032.basePlot.bet","D10","STER","STER_032","2014-07-08","2014-07-22","2017-01-15","NEON.BET.D10.001891","STECOM","Animalia","Arthropoda","Insecta","Coleoptera","Carabidae","Harpalinae","Harpalini","Stenolophus","Agonoderus","comma",,"Stenolophus comma","Fabricius","species",,"F",,"Lindroth, C. H. 1969. The ground-beetles (Carabidae, excl. Cicindelinae) of Canada and Alaska, parts 1-6. Opuscula E. Entomoligiska Sallskapet.","Kipling Will","Essig Museum of Entomology",,"No known compromise","N",,
"a88cf6a2-859d-4da9-8632-4dcc260681b0","STER_032.basePlot.bet","D10","STER","STER_032","2014-07-08","2014-07-22","2017-01-15","NEON.BET.D10.001889","PASELO","Animalia","Arthropoda","Insecta","Coleoptera","Carabidae","Scaritinae","Pasimachini","Pasimachus","Pasimachus","elongatus",,"Pasimachus elongatus","LeConte","species",,"M",,"Banninger, M. 1950. The subtribe Pasimachina (Coleoptera, Carabidae, Scaritini). Revista de Entomologica 21:481-511.","Kipling Will","Essig Museum of Entomology",,"No known compromise","N",,
"844c1191-d77d-4531-81fc-8b2b871a9d11","STER_033.basePlot.bet","D10","STER","STER_033","2014-07-08","2014-07-22","2017-01-15","NEON.BET.D10.001935","HARCAL","Animalia","Arthropoda","Insecta","Coleoptera","Carabidae","Harpalinae","Harpalini","Harpalus","Megapangus","caliginosus",,"Harpalus caliginosus","Fabricius","species",,"F",,"Will, K. W. 1997. Review of the species of the subgenus Megapangus Casey (Coeloptera: Carabidae, Harpalini, Harpalus Latreille). The Coleopterists Bulletin 51:43-51.","Kipling Will","Essig Museum of Entomology",,"No known compromise","N",,
"1d11f32e-d2b8-4f5b-b84c-fdf5acb71ad5","STER_033.basePlot.bet","D10","STER","STER_033","2014-07-08","2014-07-22","2017-01-15","NEON.BET.D10.001943","AMAFAR","Animalia","Arthropoda","Insecta","Coleoptera","Carabidae","Harpalinae","Zabrini","Amara","Amarocelia","farcta",,"Amara farcta","LeConte","species",,"F",,"Lindroth, C. H. 1969. The ground-beetles (Carabidae, excl. Cicindelinae) of Canada and Alaska, parts 1-6. Opuscula E. Entomoligiska Sallskapet.","Kipling Will","Essig Museum of Entomology",,"No known compromise","N",,
"fe3d42ef-1789-491f-963c-3509ae3b5368","STER_033.basePlot.bet","D10","STER","STER_033","2014-07-08","2014-07-22","2017-01-15","NEON.BET.D10.001998","CRADUB","Animalia","Arthropoda","Insecta","Coleoptera","Carabidae","Harpalinae","Harpalini","Cratacanthus",,"dubius",,"Cratacanthus dubius","Palisot de Beauvois","species",,"M",,"Lindroth, C. H. 1969. The ground-beetles (Carabidae, excl. Cicindelinae) of Canada and Alaska, parts 1-6. Opuscula E. Entomoligiska Sallskapet.","Kipling Will","Essig Museum of Entomology",,"No known compromise","N",,
"2ccf56e4-5254-4d37-b41e-4bc6919f0fa0","STER_033.basePlot.bet","D10","STER","STER_033","2014-07-08","2014-07-22","2017-01-15","NEON.BET.D10.001956","HARREV","Animalia","Arthropoda","Insecta","Coleoptera","Carabidae","Harpalinae","Harpalini","Harpalus","Opadius","reversus",,"Harpalus reversus","Casey","species",,"F",,"Noonan, G. R. 1991. Classification, Cladistics, and Natural History of Native North American Harpalus Latreille (Insecta: Coleoptera: Carabidae: Harpalini), excluding subgenera Glanodes and Pseudophonus.","Kipling Will","Essig Museum of Entomology",,"No known compromise","N",,
