uid,namedLocation,domainID,siteID,plotID,trapID,setDate,collectDate,processingDate,etOHChangeDate,identifiedDate,sampleID,subsampleID,sampleType,taxonID,scientificName,taxonRank,identificationQualifier,scientificNameAuthorship,morphospeciesID,individualCount,identificationReferences,identifiedBy,recordedBy,remarks
"ada1a6bf-8678-4524-a1de-22cba9aa0ea3","WOOD_006.basePlot.bet","D09","WOOD","WOOD_006","W","2015-05-27","2015-06-10","2015-06-11","2015-06-12",,"WOOD_006.W.20150610","WY3Zl9EyMieRLqe2GmMq7W1Aejz1679Pzkk+nbC5MG4=","invert bycatch",,,,,,,,,,"49AT3csB7SNH9c2JnAOTHYMNXNZpKUYr",
"4fbe22cc-8d2e-4a3d-a829-50a2293fcc73","WOOD_004.basePlot.bet","D09","WOOD","WOOD_004","W","2015-05-27","2015-06-10","2015-06-11","2015-10-07","2016-01-15","WOOD_004.W.20150610","tVkCk1nh7tHmUpCuPlsZH1dLjhzn/qAIyf6bIdUklzQ=","carabid","HARSOM","Harpalus somnulentus","species","cf. species","Dejean",,1,"Lindroth, C. H. 1969. The ground-beetles (Carabidae, excl. Cicindelinae) of Canada and Alaska, parts 1-6. Opuscula E. Entomoligiska Sallskapet.","4oCBvlQIQ4DhSH30J22+0bs0GAacIQwk","9+WC+7gSWhRV4cqRdlxHoDR/U05rKIaf","shoulder tooth small but sharp| no or little punctuation on prothorax| head narrow| basal side margins of prothorax nearly straight| size 7.5 to 9.3 mm.| could be H. nigritarsus but labial palpae not infuscated"
"25d49874-7e76-41ff-a536-993845474fa4","WOOD_021.basePlot.bet","D09","WOOD","WOOD_021","E","2015-05-27","2015-06-10","2015-06-11","2015-10-07","2016-01-06","WOOD_021.E.20150610","WrmnCoit366aYWK9g06YafZWEqImuvsCzBIT8/JcLZs=","carabid","CHLSER","Chlaenius sericeus","species",,"Forster",,1,"Lindroth, C. H. 1969. The ground-beetles (Carabidae, excl. Cicindelinae) of Canada and Alaska, parts 1-6. Opuscula E. Entomoligiska Sallskapet.","4oCBvlQIQ4DhSH30J22+0bs0GAacIQwk","eE6kvSR3uoy9zdn7o7etq88/xsP7F3Qo","pubescence on head and prothorax and elytra| normal setae of prothorax only at the hind angle| labrum not emarginate| prothorax densely punctate throughout"
"dd71fd0f-eb5e-49dd-98d8-5d328af00794","WOOD_021.basePlot.bet","D09","WOOD","WOOD_021","E","2015-05-27","2015-06-10","2015-06-11","2015-06-12",,"WOOD_021.E.20150610","WrmnCoit366aYWK9g06YaWmfPJw8SO/0qPMSVAAPH1o=","invert bycatch",,,,,,,,,,"49AT3csB7SNH9c2JnAOTHYMNXNZpKUYr",
"ac91a49e-f6f0-4a90-947f-02fea4b47eed","WOOD_005.basePlot.bet","D09","WOOD","WOOD_005","E","2015-05-27","2015-06-10","2015-06-11","2015-06-12",,"WOOD_005.E.20150610","Q/pjwyhQ09yvsoMfuEsR3c31YZ/Jn6A5LZn6eIlA1vg=","invert bycatch",,,,,,,,,,"eE6kvSR3uoy9zdn7o7etq88/xsP7F3Qo",
"eafb681e-a8ae-4a2a-9069-fdbd3e72934d","WOOD_007.basePlot.bet","D09","WOOD","WOOD_007","E","2015-05-27","2015-06-10","2015-06-11","2015-06-12",,"WOOD_007.E.20150610","5mkFtj0S+ghVPgPw3BKW9ZafNSHr2rfpVz42OiGG3UY=","invert bycatch",,,,,,,,,,"49AT3csB7SNH9c2JnAOTHYMNXNZpKUYr",
"039536fc-fbfb-4eb1-b7ba-1c88cc9f1da4","WOOD_007.basePlot.bet","D09","WOOD","WOOD_007","E","2015-05-27","2015-06-10","2015-06-11","2015-10-07","2016-01-14","WOOD_007.E.20150610","5mkFtj0S+ghVPgPw3BKW9ZVDMJdjqmk94O1OBHUvrmg=","carabid","AMACUP","Amara cupreolata","species","cf. species","Putzeys",,1,"Lindroth, C. H. 1969. The ground-beetles (Carabidae, excl. Cicindelinae) of Canada and Alaska, parts 1-6. Opuscula E. Entomoligiska Sallskapet.","4oCBvlQIQ4DhSH30J22+0bs0GAacIQwk","eE6kvSR3uoy9zdn7o7etq88/xsP7F3Qo","palpae and legs and antennae not as pale| pronotum strongly convex and has little sculpture| 3 basal segments of antennae plus part of 4 paler"
"1f37064f-8638-4728-80d0-3abf0aad8212","WOOD_002.basePlot.bet","D09","WOOD","WOOD_002","E","2015-05-27","2015-06-10","2015-06-11","2015-06-12",,"WOOD_002.E.20150610","V7nyjIgYGmPsrfFWaAbdc7ddAzkh34vECIeUvPuCSos=","invert bycatch",,,,,,,,,,"eE6kvSR3uoy9zdn7o7etq88/xsP7F3Qo",
"a98bc8e0-57a7-4feb-b66e-9ddfed4383fd","WOOD_001.basePlot.bet","D09","WOOD","WOOD_001","E","2015-05-27","2015-06-10","2015-06-11","2015-06-16",,"WOOD_001.E.20150610","vZVALStcGzcsUDFQL3eqjUP6t6obb0h6/HuBLo+KF9c=","invert bycatch",,,,,,,,,,"eE6kvSR3uoy9zdn7o7etq88/xsP7F3Qo",
"ec791772-8b56-41d2-a2d4-cbc263c57df5","WOOD_006.basePlot.bet","D09","WOOD","WOOD_006","E","2015-05-27","2015-06-10","2015-06-11","2015-06-12",,"WOOD_006.E.20150610","WY3Zl9EyMidsY05I3ZVnB2UfT9lHsABM5oWuG57bP/0=","invert bycatch",,,,,,,,,,"49AT3csB7SNH9c2JnAOTHYMNXNZpKUYr",
"bef3ef96-164d-4cda-91ef-8cd0f3e82050","WOOD_004.basePlot.bet","D09","WOOD","WOOD_004","E","2015-05-27","2015-06-10","2015-06-11","2015-06-16",,"WOOD_004.E.20150610","tVkCk1nh7tHYZrRML8ZImZPEQdt1UvZdyQ57NiehjEE=","invert bycatch",,,,,,,,,,"eE6kvSR3uoy9zdn7o7etq88/xsP7F3Qo",
"c7ab8f51-41bd-4590-998f-4c2f2112b628","WOOD_023.basePlot.bet","D09","WOOD","WOOD_023","E","2015-05-27","2015-06-10","2015-06-11","2015-10-05","2016-01-13","WOOD_023.E.20150610","HkhQBNKo1QDH9WfGaaJTwK2tCXhXo+J8uFg/YEr7Zcc=","carabid","BEMPRA2","Bembidion praticola","species","cf. species","Lindroth",,1,"Lindroth, C. H. 1969. The ground-beetles (Carabidae, excl. Cicindelinae) of Canada and Alaska, parts 1-6. Opuscula E. Entomoligiska Sallskapet.","4oCBvlQIQ4DhSH30J22+0bs0GAacIQwk","eE6kvSR3uoy9zdn7o7etq88/xsP7F3Qo","elytra dark reddish| pale legs| frontal furrows nearly parallel| first 3 segments of antennae pale| little microsculpture evident on prothorax but strong on elytra| 1 interval hardly paler| prothorax hind angles nearly right| size 2.8 to 3.5 mm."
"659e464c-9f4c-47f1-a264-d1901dbc8ffe","WOOD_023.basePlot.bet","D09","WOOD","WOOD_023","E","2015-05-27","2015-06-10","2015-06-11","2015-10-05","2016-01-20","WOOD_023.E.20150610","HkhQBNKo1QDH9WfGaaJTwP22RnukSBwQCp30WctkizM=","carabid","BRACYA2","Brachinus cyanochroaticus","species",,"Erwin",,3,"Lindroth, C. H. 1969. The ground-beetles (Carabidae, excl. Cicindelinae) of Canada and Alaska, parts 1-6. Opuscula E. Entomoligiska Sallskapet.","4oCBvlQIQ4DhSH30J22+0bs0GAacIQwk","eE6kvSR3uoy9zdn7o7etq88/xsP7F3Qo",
"5b0bba1a-a5d8-45db-90c5-f946b4aa645e","WOOD_023.basePlot.bet","D09","WOOD","WOOD_023","E","2015-05-27","2015-06-10","2015-06-11","2015-06-15",,"WOOD_023.E.20150610","HkhQBNKo1QDH9WfGaaJTwFZF+pNbl2GUduVfIeq+9p0=","invert bycatch",,,,,,,,,,"eE6kvSR3uoy9zdn7o7etq88/xsP7F3Qo",
"b0c0b30f-7d3b-4cfc-9125-fb2f6a87bb8f","WOOD_003.basePlot.bet","D09","WOOD","WOOD_003","E","2015-05-27","2015-06-10","2015-06-11","2015-10-07","2016-01-11","WOOD_003.E.20150610","gVhx7bcr2vPfgD1jJpAncDhA2o817ePVLGsth8B+oSg=","carabid","CARSP14","Carabidae sp.","family",,"Latreille","D09.2015.MorphD",1,"Lindroth, C. H. 1969. The ground-beetles (Carabidae, excl. Cicindelinae) of Canada and Alaska, parts 1-6. Opuscula E. Entomoligiska Sallskapet.","4oCBvlQIQ4DhSH30J22+0bs0GAacIQwk","eE6kvSR3uoy9zdn7o7etq88/xsP7F3Qo","Agonoleptus sp. or Stenolophus sp. or Acupalpus sp. | about 3.5 mm| dark above with only slightly paler pronotum| legs only slightly paler than body"
"981a2db9-b13f-4e54-8364-e532e12ebe76","WOOD_003.basePlot.bet","D09","WOOD","WOOD_003","E","2015-05-27","2015-06-10","2015-06-11","2015-06-12",,"WOOD_003.E.20150610","gVhx7bcr2vPfgD1jJpAncNa5QqX3J0CyLYuSdT+O2E0=","invert bycatch",,,,,,,,,,"eE6kvSR3uoy9zdn7o7etq88/xsP7F3Qo",
"d6d41a1b-5a53-438d-8271-07a6a475b655","WOOD_003.basePlot.bet","D09","WOOD","WOOD_003","E","2015-05-27","2015-06-10","2015-06-11","2015-10-07","2016-01-11","WOOD_003.E.20150610","gVhx7bcr2vPfgD1jJpAncDhA2o817ePV3TZSxftTm9Q=","carabid","CARSP14","Carabidae sp.","family",,"Latreille","D09.2015.MorphB",2,"Lindroth, C. H. 1969. The ground-beetles (Carabidae, excl. Cicindelinae) of Canada and Alaska, parts 1-6. Opuscula E. Entomoligiska Sallskapet.","4oCBvlQIQ4DhSH30J22+0bs0GAacIQwk","eE6kvSR3uoy9zdn7o7etq88/xsP7F3Qo","Agonoleptus sp. or Stenolophus sp. or Acupalpus sp.| keyed to S. conjunctus in Lindroth 1969 which is now Agonoleptus conjunctus| size about 3 mm| darker central cloud on pronotum| slightly paler shoulder| legs pale yellow"
"4dc9e636-75df-4768-a084-f5af71244007","WOOD_003.basePlot.bet","D09","WOOD","WOOD_003","E","2015-05-27","2015-06-10","2015-06-11","2015-10-07","2016-01-20","WOOD_003.E.20150610","gVhx7bcr2vPfgD1jJpAncCqkuh3OyLSvQUtSVqigoIg=","carabid","HAROPA","Harpalus opacipennis","species","cf. species","Haldeman",,2,"Lindroth, C. H. 1969. The ground-beetles (Carabidae, excl. Cicindelinae) of Canada and Alaska, parts 1-6. Opuscula E. Entomoligiska Sallskapet.","4oCBvlQIQ4DhSH30J22+0bs0GAacIQwk","9+WC+7gSWhRV4cqRdlxHoDR/U05rKIaf","shoulder tooth small but sharp| no or little punctuation on prothorax| head narrow| basal side margins of prothorax nearly straight| size 7.5 to 9.3 mm.| could be H. nigritarsus but labial palpae not infuscated"
"008783d0-f802-4ae7-84e0-d616da14bcb3","WOOD_003.basePlot.bet","D09","WOOD","WOOD_003","E","2015-05-27","2015-06-10","2015-06-11","2015-10-07","2016-01-20","WOOD_003.E.20150610","gVhx7bcr2vPfgD1jJpAncGCBiIDrejPt34RyBujOya0=","carabid","AGOCUP1","Agonum cupreum","species",,"Dejean",,1,"Lindroth, C. H. 1969. The ground-beetles (Carabidae, excl. Cicindelinae) of Canada and Alaska, parts 1-6. Opuscula E. Entomoligiska Sallskapet.","4oCBvlQIQ4DhSH30J22+0bs0GAacIQwk","9+WC+7gSWhRV4cqRdlxHoDR/U05rKIaf",
"c4fb6259-5cd6-4540-8fb5-f23dfa00160f","WOOD_004.basePlot.bet","D09","WOOD","WOOD_004","E","2015-05-27","2015-06-10","2015-06-11","2015-10-07","2016-01-20","WOOD_004.E.20150610","tVkCk1nh7tHYZrRML8ZImVPHGhjMhteuQCIlCQdamKU=","carabid","POELUC","Poecilus lucublandus","species",,"Say",,2,"Lindroth, C. H. 1969. The ground-beetles (Carabidae, excl. Cicindelinae) of Canada and Alaska, parts 1-6. Opuscula E. Entomoligiska Sallskapet.","4oCBvlQIQ4DhSH30J22+0bs0GAacIQwk","9+WC+7gSWhRV4cqRdlxHoDR/U05rKIaf",
"df435895-79fb-4105-a317-8b34e6e6d732","WOOD_005.basePlot.bet","D09","WOOD","WOOD_005","N","2015-05-27","2015-06-10","2015-06-11","2015-06-12",,"WOOD_005.N.20150610","Q/pjwyhQ09ycrZ7nsLw/QxUgC5rU4ayTURqyRVZIezU=","invert bycatch",,,,,,,,,,"eE6kvSR3uoy9zdn7o7etq88/xsP7F3Qo",
"d4f758b1-10d8-4811-bec4-274a3a58fcae","WOOD_024.basePlot.bet","D09","WOOD","WOOD_024","N","2015-05-27","2015-06-10","2015-06-10","2015-10-02","2016-01-11","WOOD_024.N.20150610","rKE54NR9lxREHzj3B6VcLcMtJmW68BDF/rN3i/Y0inM=","carabid","ACUPUM","Acupalpus pumilus","species",,"Lindroth",,1,"Lindroth, C. H. 1969. The ground-beetles (Carabidae, excl. Cicindelinae) of Canada and Alaska, parts 1-6. Opuscula E. Entomoligiska Sallskapet.","4oCBvlQIQ4DhSH30J22+0bs0GAacIQwk","eE6kvSR3uoy9zdn7o7etq88/xsP7F3Qo","pronotum color not strongly contrasting with elytra| pronotum with small punctures at basal corners"
"09036537-a0df-40ae-a33c-a00ff61dc386","WOOD_001.basePlot.bet","D09","WOOD","WOOD_001","N","2015-05-27","2015-06-10","2015-06-11","2015-06-16",,"WOOD_001.N.20150610","vZVALStcGzemkswto4CoLTDQFwWJLP1B0YEBm01DO8c=","invert bycatch",,,,,,,,,,"eE6kvSR3uoy9zdn7o7etq88/xsP7F3Qo",
"909069a5-24c7-4596-8b7f-5287af22b1dd","WOOD_024.basePlot.bet","D09","WOOD","WOOD_024","N","2015-05-27","2015-06-10","2015-06-10","2015-10-02","2016-01-06","WOOD_024.N.20150610","rKE54NR9lxREHzj3B6VcLUATUT5MW29Ojkyh+hyUN6Q=","carabid","CARMAE","Carabus maeander maeander","subspecies",,"Fischer von Waldheim",,2,"Lindroth, C. H. 1969. The ground-beetles (Carabidae, excl. Cicindelinae) of Canada and Alaska, parts 1-6. Opuscula E. Entomoligiska Sallskapet.","4oCBvlQIQ4DhSH30J22+0bs0GAacIQwk","eE6kvSR3uoy9zdn7o7etq88/xsP7F3Qo",
"844b7ff1-8487-4d8e-a442-ba7ea6df37e8","WOOD_002.basePlot.bet","D09","WOOD","WOOD_002","N","2015-05-27","2015-06-10","2015-06-11","2015-06-12",,"WOOD_002.N.20150610","V7nyjIgYGmOq7etLsw3moy/oK32dJy5MSuSfxTrFw7g=","invert bycatch",,,,,,,,,,"eE6kvSR3uoy9zdn7o7etq88/xsP7F3Qo",
"4983aded-ddc6-4d42-9896-53b38671c7f1","WOOD_007.basePlot.bet","D09","WOOD","WOOD_007","N","2015-05-27","2015-06-10","2015-06-11","2015-10-07","2016-01-27","WOOD_007.N.20150610","5mkFtj0S+gg8JsQ8+kY2DdjkLdJH5OhfiOiARENhYxI=","carabid","SYNAME","Syntomus americanus","species","cf. species","Dejean",,2,"Lindroth, C. H. 1969. The ground-beetles (Carabidae, excl. Cicindelinae) of Canada and Alaska, parts 1-6. Opuscula E. Entomoligiska Sallskapet.","4oCBvlQIQ4DhSH30J22+0bs0GAacIQwk","eE6kvSR3uoy9zdn7o7etq88/xsP7F3Qo","Apex of elytra sinuate| elytral striae not well defined| Could be Apristus sp. but pubescence starts on 4th antennal segment and some seem less than 3 mm.| difficult to see if mentum tooth is bifid"
"49ad11a0-9625-4faf-bc2f-a4255be0d716","WOOD_007.basePlot.bet","D09","WOOD","WOOD_007","N","2015-05-27","2015-06-10","2015-06-11","2015-06-12",,"WOOD_007.N.20150610","5mkFtj0S+gg8JsQ8+kY2DYnrKIe0K6vPDbPl4YHas84=","invert bycatch",,,,,,,,,,"49AT3csB7SNH9c2JnAOTHYMNXNZpKUYr",
"76147bd9-e2c7-43f4-a50b-0aa1e9eb002c","WOOD_023.basePlot.bet","D09","WOOD","WOOD_023","N","2015-05-27","2015-06-10","2015-06-11","2015-10-05","2016-01-13","WOOD_023.N.20150610","HkhQBNKo1QAlL2jarEbgAgrmcQdN4Peap6raEDlJmSs=","carabid","BEMPRA2","Bembidion praticola","species","cf. species","Lindroth",,1,"Lindroth, C. H. 1969. The ground-beetles (Carabidae, excl. Cicindelinae) of Canada and Alaska, parts 1-6. Opuscula E. Entomoligiska Sallskapet.","4oCBvlQIQ4DhSH30J22+0bs0GAacIQwk","eE6kvSR3uoy9zdn7o7etq88/xsP7F3Qo","elytra dark reddish| pale legs| frontal furrows nearly parallel| first 3 segments of antennae pale| little microsculpture evident on prothorax but strong on elytra| 1 interval hardly paler| prothorax hind angles nearly right| size 2.8 to 3.5 mm."
"707a085a-29bf-4478-9a46-8d39f92d35c1","WOOD_024.basePlot.bet","D09","WOOD","WOOD_024","N","2015-05-27","2015-06-10","2015-06-11","2015-06-12",,"WOOD_024.N.20150610","rKE54NR9lxREHzj3B6VcLbeNAABg/TABpC6Jxtp9hvs=","invert bycatch",,,,,,,,,,"gvqKh+2rVI0t8HJY2s8e/fWJiaOGqWFm",
"3d96347d-519e-4d71-ac03-4f91a2a82901","WOOD_024.basePlot.bet","D09","WOOD","WOOD_024","N","2015-05-27","2015-06-10","2015-06-10","2015-10-02","2016-01-15","WOOD_024.N.20150610","rKE54NR9lxREHzj3B6VcLV5z3ySVD9p6cDqA2Nt2NEE=","carabid","HARSOM","Harpalus somnulentus","species","cf. species","Dejean",,1,"Lindroth, C. H. 1969. The ground-beetles (Carabidae, excl. Cicindelinae) of Canada and Alaska, parts 1-6. Opuscula E. Entomoligiska Sallskapet.","4oCBvlQIQ4DhSH30J22+0bs0GAacIQwk","eE6kvSR3uoy9zdn7o7etq88/xsP7F3Qo","Lindroth somae are H. carbonatus| has a larger shoulder tooth| larger in size| and sometiemes more punctate on prothorax than H. opacipennis| could be H. nigritarsus or H. herbivagus"
"3ec379f4-4821-47e4-afa4-51c91f30c8c3","WOOD_003.basePlot.bet","D09","WOOD","WOOD_003","N","2015-05-27","2015-06-10","2015-06-11","2015-06-12",,"WOOD_003.N.20150610","gVhx7bcr2vMPQlmoe6P0O0i3gckUZIDxxoNiu8xgjbc=","invert bycatch",,,,,,,,,,"49AT3csB7SNH9c2JnAOTHYMNXNZpKUYr",
"193f516a-3de9-495d-bb5e-704ceca828d4","WOOD_004.basePlot.bet","D09","WOOD","WOOD_004","N","2015-05-27","2015-06-10","2015-06-11","2015-06-15",,"WOOD_004.N.20150610","tVkCk1nh7tHzM8+WdK+C/o1KcFW7vbvP+ou6RYHvY/k=","invert bycatch",,,,,,,,,,"gvqKh+2rVI0t8HJY2s8e/fWJiaOGqWFm",
"a5b23b09-28c2-468f-96f5-b6bf18b76779","WOOD_023.basePlot.bet","D09","WOOD","WOOD_023","N","2015-05-27","2015-06-10","2015-06-11","2015-06-15",,"WOOD_023.N.20150610","HkhQBNKo1QAlL2jarEbgAo8dD5EvYbZEFp45jb63Ub0=","invert bycatch",,,,,,,,,,"eE6kvSR3uoy9zdn7o7etq88/xsP7F3Qo",
"a8dc5b84-8b80-4d0a-854b-73be2da6c6d3","WOOD_006.basePlot.bet","D09","WOOD","WOOD_006","N","2015-05-27","2015-06-10","2015-06-11","2015-06-12",,"WOOD_006.N.20150610","WY3Zl9EyMicPkFOmFhW1Qu2qG5b89LXN/OwWnO66JIE=","invert bycatch",,,,,,,,,,"49AT3csB7SNH9c2JnAOTHYMNXNZpKUYr",
"d86ed569-54bb-447e-adfe-7962ac452b2f","WOOD_003.basePlot.bet","D09","WOOD","WOOD_003","N","2015-05-27","2015-06-10","2015-06-11","2015-10-07","2016-01-20","WOOD_003.N.20150610","gVhx7bcr2vMPQlmoe6P0O7boXv45AWSHHiPXpFZLpok=","carabid","AGOCUP1","Agonum cupreum","species",,"Dejean",,2,"Lindroth, C. H. 1969. The ground-beetles (Carabidae, excl. Cicindelinae) of Canada and Alaska, parts 1-6. Opuscula E. Entomoligiska Sallskapet.","4oCBvlQIQ4DhSH30J22+0bs0GAacIQwk","eE6kvSR3uoy9zdn7o7etq88/xsP7F3Qo",
"940368c0-9188-4c9c-877c-32e7a8360997","WOOD_007.basePlot.bet","D09","WOOD","WOOD_007","N","2015-05-27","2015-06-10","2015-06-11","2015-10-07","2016-01-14","WOOD_007.N.20150610","5mkFtj0S+gg8JsQ8+kY2DdTtwl5+oF3GBjESafmtCZA=","carabid","CARSP14","Carabidae sp.","family",,"Latreille","D09.2015.MorphB",1,"Lindroth, C. H. 1969. The ground-beetles (Carabidae, excl. Cicindelinae) of Canada and Alaska, parts 1-6. Opuscula E. Entomoligiska Sallskapet.","4oCBvlQIQ4DhSH30J22+0bs0GAacIQwk","eE6kvSR3uoy9zdn7o7etq88/xsP7F3Qo","Agonoleptus sp. or Stenolophus sp. or Acupalpus sp.| keyed to S. conjunctus in Lindroth 1969 which is now Agonoleptus conjunctus| size about 3 mm| darker central cloud on pronotum| slightly paler shoulder| legs pale yellow"
"ebc6900a-3fc3-484b-85fa-a2bdc3e74672","WOOD_023.basePlot.bet","D09","WOOD","WOOD_023","N","2015-05-27","2015-06-10","2015-06-11","2015-10-05","2016-01-11","WOOD_023.N.20150610","HkhQBNKo1QAlL2jarEbgAkiWIt/pBsB8spuTm77Jz1M=","carabid","ACUPUM","Acupalpus pumilus","species","cf. species","Lindroth",,3,"Lindroth, C. H. 1969. The ground-beetles (Carabidae, excl. Cicindelinae) of Canada and Alaska, parts 1-6. Opuscula E. Entomoligiska Sallskapet.","4oCBvlQIQ4DhSH30J22+0bs0GAacIQwk","eE6kvSR3uoy9zdn7o7etq88/xsP7F3Qo","pronotum color not strongly contrasting with elytra| pronotum with small punctures at basal corners"
"1a6a048f-b0e4-4f84-8717-dd5529e80936","WOOD_003.basePlot.bet","D09","WOOD","WOOD_003","S","2015-05-27","2015-06-10","2015-06-11","2015-06-12",,"WOOD_003.S.20150610","gVhx7bcr2vPVxuC4MX3D7cJxPGJJlvyqOIUiyo2hiFM=","invert bycatch",,,,,,,,,,"49AT3csB7SNH9c2JnAOTHYMNXNZpKUYr",
"bccbc7eb-518b-43c4-b1ed-3e06aa2d4c7f","WOOD_023.basePlot.bet","D09","WOOD","WOOD_023","S","2015-05-27","2015-06-10","2015-06-11","2015-06-15",,"WOOD_023.S.20150610","HkhQBNKo1QB/33EtIZadefYq5ioMKnLJsIm/CX3FolU=","invert bycatch",,,,,,,,,,"eE6kvSR3uoy9zdn7o7etq88/xsP7F3Qo",
"242ce86a-66b7-44cc-8d78-3721bd617325","WOOD_004.basePlot.bet","D09","WOOD","WOOD_004","S","2015-05-27","2015-06-10","2015-06-11","2015-06-15",,"WOOD_004.S.20150610","tVkCk1nh7tEzQiI23vMWyfVm2yCrlvZUbXjO65BRUeo=","invert bycatch",,,,,,,,,,"gvqKh+2rVI0t8HJY2s8e/fWJiaOGqWFm",
"21fcaefd-2c59-46a3-9009-3f7bca07af8a","WOOD_006.basePlot.bet","D09","WOOD","WOOD_006","S","2015-05-27","2015-06-10","2015-06-11","2015-06-12",,"WOOD_006.S.20150610","WY3Zl9EyMieUvlDPxyB+00wkM/akF8zrL/hTjn3VKjc=","invert bycatch",,,,,,,,,,"49AT3csB7SNH9c2JnAOTHYMNXNZpKUYr",
"e900aa8a-e67c-4514-8b93-fb2c838dbbbc","WOOD_001.basePlot.bet","D09","WOOD","WOOD_001","S","2015-05-27","2015-06-10","2015-06-11","2015-06-16",,"WOOD_001.S.20150610","vZVALStcGzechsnwcGltVv+kPIKqxH6JNMWMkVkPww0=","invert bycatch",,,,,,,,,,"eE6kvSR3uoy9zdn7o7etq88/xsP7F3Qo",
"2cb46fa3-d0f3-4441-881e-dabfb0570e1b","WOOD_002.basePlot.bet","D09","WOOD","WOOD_002","S","2015-05-27","2015-06-10","2015-06-11","2015-06-12",,"WOOD_002.S.20150610","V7nyjIgYGmPGW5RkcOYDIGUIc1DKw/3/BAl/xv7Amlo=","invert bycatch",,,,,,,,,,"eE6kvSR3uoy9zdn7o7etq88/xsP7F3Qo",
"c0424ff9-7c87-40da-8d84-5d1c5978fa0a","WOOD_007.basePlot.bet","D09","WOOD","WOOD_007","S","2015-05-27","2015-06-10","2015-06-11","2015-06-12",,"WOOD_007.S.20150610","5mkFtj0S+ggRycJyJqYyrYEW4DczxKaBX8tjCdWzHqA=","invert bycatch",,,,,,,,,,"49AT3csB7SNH9c2JnAOTHYMNXNZpKUYr",
"0a90e255-e499-4e1d-8b0d-57f7e91354e9","WOOD_007.basePlot.bet","D09","WOOD","WOOD_007","S","2015-05-27","2015-06-10","2015-06-11","2015-10-07","2016-01-12","WOOD_007.S.20150610","5mkFtj0S+ggRycJyJqYyrcK0eASpRp4wgC+7wUN6Zg8=","carabid","CARSP14","Carabidae sp.","family",,"Latreille","D09.2015.MorphA",1,"Lindroth, C. H. 1969. The ground-beetles (Carabidae, excl. Cicindelinae) of Canada and Alaska, parts 1-6. Opuscula E. Entomoligiska Sallskapet.","4oCBvlQIQ4DhSH30J22+0bs0GAacIQwk","eE6kvSR3uoy9zdn7o7etq88/xsP7F3Qo","Dyschirius sp.| unable to narrow down to species| could be multiple species in morphospecies| metallic sheen but one individual a bit more brownish than black"
"d893ae22-8588-4e3b-99d9-60c73f2e04ad","WOOD_007.basePlot.bet","D09","WOOD","WOOD_007","S","2015-05-27","2015-06-10","2015-06-11","2015-10-07","2016-01-06","WOOD_007.S.20150610","5mkFtj0S+ggRycJyJqYyrW7q1CKXXgYNnqIzfmE5vAk=","carabid","CALCAL","Calosoma calidum","species",,"Fabricius",,1,"Lindroth, C. H. 1969. The ground-beetles (Carabidae, excl. Cicindelinae) of Canada and Alaska, parts 1-6. Opuscula E. Entomoligiska Sallskapet.","4oCBvlQIQ4DhSH30J22+0bs0GAacIQwk","eE6kvSR3uoy9zdn7o7etq88/xsP7F3Qo",
"c8750600-03fd-4ce7-a461-0010854cab92","WOOD_023.basePlot.bet","D09","WOOD","WOOD_023","S","2015-05-27","2015-06-10","2015-06-11","2015-10-05","2016-01-13","WOOD_023.S.20150610","HkhQBNKo1QB/33EtIZaded1JBbnJkk38GYHqkzr7aXQ=","carabid","OXYPUS","Oxypselaphus pusillus","species",,"LeConte",,1,"Lindroth, C. H. 1969. The ground-beetles (Carabidae, excl. Cicindelinae) of Canada and Alaska, parts 1-6. Opuscula E. Entomoligiska Sallskapet.","4oCBvlQIQ4DhSH30J22+0bs0GAacIQwk","eE6kvSR3uoy9zdn7o7etq88/xsP7F3Qo",
"d6abb46a-8c33-4caf-aa68-1788cea48987","WOOD_023.basePlot.bet","D09","WOOD","WOOD_023","S","2015-05-27","2015-06-10","2015-06-11","2015-10-05","2016-01-06","WOOD_023.S.20150610","HkhQBNKo1QB/33EtIZadeZnexwEeTSFNAl0bENCNrxc=","carabid","CARMAE","Carabus maeander maeander","subspecies",,"Fischer von Waldheim",,2,"Lindroth, C. H. 1969. The ground-beetles (Carabidae, excl. Cicindelinae) of Canada and Alaska, parts 1-6. Opuscula E. Entomoligiska Sallskapet.","4oCBvlQIQ4DhSH30J22+0bs0GAacIQwk","eE6kvSR3uoy9zdn7o7etq88/xsP7F3Qo",
"4535ec1a-ae6a-4885-b9f7-df638aa76d49","WOOD_023.basePlot.bet","D09","WOOD","WOOD_023","S","2015-05-27","2015-06-10","2015-06-11","2015-10-05","2016-01-20","WOOD_023.S.20150610","HkhQBNKo1QB/33EtIZadeU6I2eqjKQzXIjJm2pJhjCE=","carabid","PTELUC","Pterostichus luctuosus","species","cf. species","Dejean",,1,"Lindroth, C. H. 1969. The ground-beetles (Carabidae, excl. Cicindelinae) of Canada and Alaska, parts 1-6. Opuscula E. Entomoligiska Sallskapet.","4oCBvlQIQ4DhSH30J22+0bs0GAacIQwk","eE6kvSR3uoy9zdn7o7etq88/xsP7F3Qo","last tarsi glabrous| prothorax hind angles less right and less prominent| incomplete elytral striae between 1 and 2 nearly touches the first| size 8 to12 mm| could be P. caudicalis but prothorax sculpture not as close"
"18918b83-3dc5-4105-9075-eb16f120ff11","WOOD_003.basePlot.bet","D09","WOOD","WOOD_003","S","2015-05-27","2015-06-10","2015-06-11","2015-10-07","2016-01-11","WOOD_003.S.20150610","gVhx7bcr2vPVxuC4MX3D7c2e+Q2i1ka6jbHgEF357Sk=","carabid","CARSP14","Carabidae sp.","family",,"Latreille","D09.2015.MorphB",2,"Lindroth, C. H. 1969. The ground-beetles (Carabidae, excl. Cicindelinae) of Canada and Alaska, parts 1-6. Opuscula E. Entomoligiska Sallskapet.","4oCBvlQIQ4DhSH30J22+0bs0GAacIQwk","9+WC+7gSWhRV4cqRdlxHoDR/U05rKIaf","Agonoleptus sp. or Stenolophus sp. or Acupalpus sp.| keyed to S. conjunctus in Lindroth 1969 which is now Agonoleptus conjunctus| size about 3 mm| darker central cloud on pronotum| slightly paler shoulder| legs pale yellow"
"55c044f0-10e5-41da-bc07-0719edaa1c0f","WOOD_003.basePlot.bet","D09","WOOD","WOOD_003","S","2015-05-27","2015-06-10","2015-06-11","2015-10-07","2016-01-11","WOOD_003.S.20150610","gVhx7bcr2vPVxuC4MX3D7c2e+Q2i1ka64l04LI4I4Ak=","carabid","CARSP14","Carabidae sp.","family",,"Latreille","D09.2015.MorphD",1,"Lindroth, C. H. 1969. The ground-beetles (Carabidae, excl. Cicindelinae) of Canada and Alaska, parts 1-6. Opuscula E. Entomoligiska Sallskapet.","4oCBvlQIQ4DhSH30J22+0bs0GAacIQwk","9+WC+7gSWhRV4cqRdlxHoDR/U05rKIaf","Agonoleptus sp. or Stenolophus sp. or Acupalpus sp. | about 3.5 mm| dark above with only slightly paler pronotum| legs only slightly paler than body"
"20ddbe32-c0c3-4833-8ffd-640b835e6f3d","WOOD_003.basePlot.bet","D09","WOOD","WOOD_003","S","2015-05-27","2015-06-10","2015-06-11","2015-10-07","2016-01-14","WOOD_003.S.20150610","gVhx7bcr2vPVxuC4MX3D7eZ4gFU2YEU9o7E1FeeksqA=","carabid","HAROPA","Harpalus opacipennis","species","cf. species","Haldeman",,1,"Lindroth, C. H. 1969. The ground-beetles (Carabidae, excl. Cicindelinae) of Canada and Alaska, parts 1-6. Opuscula E. Entomoligiska Sallskapet.","4oCBvlQIQ4DhSH30J22+0bs0GAacIQwk","9+WC+7gSWhRV4cqRdlxHoDR/U05rKIaf","shoulder tooth small but sharp| no or little punctuation on prothorax| head narrow| basal side margins of prothorax nearly straight| size 7.5 to 9.3 mm.| could be H. nigritarsus but labial palpae not infuscated"
"3f992473-5fce-4e69-9c8c-a781bcc62b0e","WOOD_007.basePlot.bet","D09","WOOD","WOOD_007","W","2015-05-27","2015-06-10","2015-06-11","2015-06-12",,"WOOD_007.W.20150610","5mkFtj0S+gjhtj3JnHzUKozYvdv7cVZitbXFIy5PfRg=","invert bycatch",,,,,,,,,,"49AT3csB7SNH9c2JnAOTHYMNXNZpKUYr",
"b43511cf-1811-4c51-8053-54839493423b","WOOD_002.basePlot.bet","D09","WOOD","WOOD_002","W","2015-05-27","2015-06-10","2015-06-11","2015-06-12",,"WOOD_002.W.20150610","V7nyjIgYGmM6sIIp+cKQBORoEcUO+DwD9e3b2oTO6oM=","invert bycatch",,,,,,,,,,"eE6kvSR3uoy9zdn7o7etq88/xsP7F3Qo",
"483418ea-23a9-4210-a8fe-bb2e96f39cf6","WOOD_005.basePlot.bet","D09","WOOD","WOOD_005","W","2015-05-27","2015-06-10","2015-06-11","2015-10-05","2016-01-13","WOOD_005.W.20150610","Q/pjwyhQ09wS8nTqfpfAX+N+aFuKvEPde6rkP8Dsj/U=","carabid","BEMQUA4","Bembidion quadrimaculatum oppositum","subspecies",,"Say",,1,"Lindroth, C. H. 1969. The ground-beetles (Carabidae, excl. Cicindelinae) of Canada and Alaska, parts 1-6. Opuscula E. Entomoligiska Sallskapet.","4oCBvlQIQ4DhSH30J22+0bs0GAacIQwk","eE6kvSR3uoy9zdn7o7etq88/xsP7F3Qo",
"8d4f2f86-121f-4f43-809c-cbdb24ebda9c","WOOD_007.basePlot.bet","D09","WOOD","WOOD_007","W","2015-05-27","2015-06-10","2015-06-11","2015-10-07","2016-01-08","WOOD_007.W.20150610","5mkFtj0S+gjhtj3JnHzUKno/ZsZIkC2G1NRiSTo4qqQ=","carabid","CARSP14","Carabidae sp.","family",,"Latreille","D09.2015.MorphB",2,"Lindroth, C. H. 1969. The ground-beetles (Carabidae, excl. Cicindelinae) of Canada and Alaska, parts 1-6. Opuscula E. Entomoligiska Sallskapet.","4oCBvlQIQ4DhSH30J22+0bs0GAacIQwk","eE6kvSR3uoy9zdn7o7etq88/xsP7F3Qo","Agonoleptus sp. or Stenolophus sp. or Acupalpus sp.| keyed to S. conjunctus in Lindroth 1969 which is now Agonoleptus conjunctus| size about 3 mm| darker central cloud on pronotum| slightly paler shoulder| legs pale yellow"
"709c3031-37f7-4cbd-99e9-1e2f9c1bb876","WOOD_007.basePlot.bet","D09","WOOD","WOOD_007","W","2015-05-27","2015-06-10","2015-06-11","2015-10-07","2016-01-27","WOOD_007.W.20150610","5mkFtj0S+gjhtj3JnHzUKrJMwjNbRrJuejVR3WV78PU=","carabid","SYNAME","Syntomus americanus","species","cf. species","Dejean",,1,"Lindroth, C. H. 1969. The ground-beetles (Carabidae, excl. Cicindelinae) of Canada and Alaska, parts 1-6. Opuscula E. Entomoligiska Sallskapet.","4oCBvlQIQ4DhSH30J22+0bs0GAacIQwk","eE6kvSR3uoy9zdn7o7etq88/xsP7F3Qo","Apex of elytra sinuate| elytral striae not well defined| Could be Apristus sp. but pubescence starts on 4th antennal segment and some seem less than 3 mm.| difficult to see if mentum tooth is bifid"
"610bd171-49ed-4168-bbac-f4b60cd913a9","WOOD_005.basePlot.bet","D09","WOOD","WOOD_005","W","2015-05-27","2015-06-10","2015-06-11","2015-06-12",,"WOOD_005.W.20150610","Q/pjwyhQ09wS8nTqfpfAX4K/7Ldfc5YtXQqmpUMx/Mc=","invert bycatch",,,,,,,,,,"gvqKh+2rVI0t8HJY2s8e/fWJiaOGqWFm",
"7ee1b6c5-1bae-495e-b726-7cc10af7e6bd","WOOD_006.basePlot.bet","D09","WOOD","WOOD_006","W","2015-05-27","2015-06-10","2015-06-11","2015-10-05","2016-01-08","WOOD_006.W.20150610","WY3Zl9EyMieRLqe2GmMq7bEMv0ITIDEYTv84mL2riaw=","carabid","CARSP14","Carabidae sp.","family",,"Latreille","D09.2015.MorphB",1,"Lindroth, C. H. 1969. The ground-beetles (Carabidae, excl. Cicindelinae) of Canada and Alaska, parts 1-6. Opuscula E. Entomoligiska Sallskapet.","4oCBvlQIQ4DhSH30J22+0bs0GAacIQwk","eE6kvSR3uoy9zdn7o7etq88/xsP7F3Qo","Agonoleptus sp. or Stenolophus sp. or Acupalpus sp.| keyed to S. conjunctus in Lindroth 1969 which is now Agonoleptus conjunctus| size about 3 mm| darker central cloud on pronotum| slightly paler shoulder| legs pale yellow"
"246ae76e-e40b-4bc3-a4d3-15c0ac16c5d7","WOOD_001.basePlot.bet","D09","WOOD","WOOD_001","W","2015-05-27","2015-06-10","2015-06-11","2015-10-07","2016-01-11","WOOD_001.W.20150610","vZVALStcGze4oqiSg8fWagwy0lo9EUY9HOS18X6gF10=","carabid","CARSP14","Carabidae sp.","family",,"Latreille","D09.2015.MorphB",1,"Lindroth, C. H. 1969. The ground-beetles (Carabidae, excl. Cicindelinae) of Canada and Alaska, parts 1-6. Opuscula E. Entomoligiska Sallskapet.","4oCBvlQIQ4DhSH30J22+0bs0GAacIQwk","eE6kvSR3uoy9zdn7o7etq88/xsP7F3Qo","Agonoleptus sp. or Stenolophus sp. or Acupalpus sp.| keyed to S. conjunctus in Lindroth 1969 which is now Agonoleptus conjunctus| size about 3 mm| darker central cloud on pronotum| slightly paler shoulder| legs pale yellow"
"914ba98d-8959-4a50-9469-8585372f8bd2","WOOD_001.basePlot.bet","D09","WOOD","WOOD_001","W","2015-05-27","2015-06-10","2015-06-11","2015-06-16",,"WOOD_001.W.20150610","vZVALStcGze4oqiSg8fWah/2LWyFqCnA9m0iCpxw26k=","invert bycatch",,,,,,,,,,"eE6kvSR3uoy9zdn7o7etq88/xsP7F3Qo",
"7140e092-01bf-4a45-909e-e353fade49f6","WOOD_003.basePlot.bet","D09","WOOD","WOOD_003","W","2015-05-27","2015-06-10","2015-06-11","2015-10-07","2016-01-14","WOOD_003.W.20150610","gVhx7bcr2vPNu942vL6aoVd93+B4gK6X42PxJRQX8tE=","carabid","HAROPA","Harpalus opacipennis","species","cf. species","Haldeman",,1,"Lindroth, C. H. 1969. The ground-beetles (Carabidae, excl. Cicindelinae) of Canada and Alaska, parts 1-6. Opuscula E. Entomoligiska Sallskapet.","4oCBvlQIQ4DhSH30J22+0bs0GAacIQwk","9+WC+7gSWhRV4cqRdlxHoDR/U05rKIaf","shoulder tooth small but sharp| no or little punctuation on prothorax| head narrow| basal side margins of prothorax nearly straight| size 7.5 to 9.3 mm.| could be H. nigritarsus but labial palpae not infuscated"
"d997839c-a072-4a9a-b6e2-ae32e4e91e45","WOOD_003.basePlot.bet","D09","WOOD","WOOD_003","W","2015-05-27","2015-06-10","2015-06-11","2015-06-12",,"WOOD_003.W.20150610","gVhx7bcr2vPNu942vL6aoYT/HQnIebOW3xMWRFCUIOk=","invert bycatch",,,,,,,,,,"49AT3csB7SNH9c2JnAOTHYMNXNZpKUYr",
"f063cec8-14dc-4511-95bd-3cd306b57e46","WOOD_004.basePlot.bet","D09","WOOD","WOOD_004","W","2015-05-27","2015-06-10","2015-06-11","2015-06-15",,"WOOD_004.W.20150610","tVkCk1nh7tHmUpCuPlsZH9kaIkZqb86yqa4uqjBUpdc=","invert bycatch",,,,,,,,,,"gvqKh+2rVI0t8HJY2s8e/fWJiaOGqWFm",
"e164666d-b55a-472f-8a58-d7ee0d2111b5","WOOD_003.basePlot.bet","D09","WOOD","WOOD_003","W","2015-06-10","2015-06-24","2015-06-25","2015-06-26",,"WOOD_003.W.20150624","gVhx7bcr2vPNu942vL6aoZQzVKcj1rcYtt1TrvrdTZU=","invert bycatch",,,,,,,,,,"49AT3csB7SNH9c2JnAOTHYMNXNZpKUYr",
"d4d3fedd-cbbd-44e8-a076-2e08ce21e5f1","WOOD_004.basePlot.bet","D09","WOOD","WOOD_004","W","2015-06-10","2015-06-24","2015-06-25","2015-07-01",,"WOOD_004.W.20150624","tVkCk1nh7tHmUpCuPlsZH3t9tGTpgBoC8lwMY8uI5wA=","invert bycatch",,,,,,,,,,"eE6kvSR3uoy9zdn7o7etq88/xsP7F3Qo",
"a69a69e3-cb9d-4b4b-b438-8dc42afbc39b","WOOD_006.basePlot.bet","D09","WOOD","WOOD_006","W","2015-06-10","2015-06-24","2015-06-25","2015-07-02",,"WOOD_006.W.20150624","WY3Zl9EyMieRLqe2GmMq7bdZ0/OAdviHFs9/3Joy9pg=","invert bycatch",,,,,,,,,,"49AT3csB7SNH9c2JnAOTHYMNXNZpKUYr",
"0697d086-d183-46dd-a929-f6704c0f2703","WOOD_001.basePlot.bet","D09","WOOD","WOOD_001","W","2015-06-10","2015-06-24","2015-06-25","2015-06-25",,"WOOD_001.W.20150624","vZVALStcGze4oqiSg8fWarKdrXPUbQkQWrPXoVsVjD0=","invert bycatch",,,,,,,,,,"gvqKh+2rVI0t8HJY2s8e/fWJiaOGqWFm",
"db17c8d7-add9-438a-8c51-5d670bd5c78d","WOOD_002.basePlot.bet","D09","WOOD","WOOD_002","E","2015-06-10","2015-06-24","2015-06-25","2015-10-08","2016-01-13","WOOD_002.E.20150624","V7nyjIgYGmPsrfFWaAbdc2ZKaiYI64iL3lX7p6GAtwk=","carabid","BEMPRA2","Bembidion praticola","species","cf. species","Lindroth",,1,"Lindroth, C. H. 1969. The ground-beetles (Carabidae, excl. Cicindelinae) of Canada and Alaska, parts 1-6. Opuscula E. Entomoligiska Sallskapet.","4oCBvlQIQ4DhSH30J22+0bs0GAacIQwk","9+WC+7gSWhRV4cqRdlxHoDR/U05rKIaf","elytra dark reddish| pale legs| frontal furrows nearly parallel| first 3 segments of antennae pale| little microsculpture evident on prothorax but strong on elytra| 1 interval hardly paler| prothorax hind angles nearly right| size 2.8 to 3.5 mm."
"9539af71-4ac5-442d-bc67-9d6d41c56948","WOOD_023.basePlot.bet","D09","WOOD","WOOD_023","E","2015-06-10","2015-06-24","2015-06-25","2015-10-07","2016-01-13","WOOD_023.E.20150624","HkhQBNKo1QDH9WfGaaJTwAFDSvf8PkbcOaKnXTpSUVM=","carabid","BEMPRA2","Bembidion praticola","species","cf. species","Lindroth",,2,"Lindroth, C. H. 1969. The ground-beetles (Carabidae, excl. Cicindelinae) of Canada and Alaska, parts 1-6. Opuscula E. Entomoligiska Sallskapet.","4oCBvlQIQ4DhSH30J22+0bs0GAacIQwk","9+WC+7gSWhRV4cqRdlxHoDR/U05rKIaf","elytra dark reddish| pale legs| frontal furrows nearly parallel| first 3 segments of antennae pale| little microsculpture evident on prothorax but strong on elytra| 1 interval hardly paler| prothorax hind angles nearly right| size 2.8 to 3.5 mm."
"29814049-df3e-4940-911f-bf82db406c7b","WOOD_002.basePlot.bet","D09","WOOD","WOOD_002","E","2015-06-10","2015-06-24","2015-06-25","2015-10-08","2016-01-25","WOOD_002.E.20150624","V7nyjIgYGmPsrfFWaAbdc9hG6CXH6VssvvVOtqGupck=","carabid","PTEMEL","Pterostichus melanarius melanarius","subspecies",,"Illiger",,1,"Lindroth, C. H. 1969. The ground-beetles (Carabidae, excl. Cicindelinae) of Canada and Alaska, parts 1-6. Opuscula E. Entomoligiska Sallskapet.","4oCBvlQIQ4DhSH30J22+0bs0GAacIQwk","9+WC+7gSWhRV4cqRdlxHoDR/U05rKIaf",
"b1b157ac-0edc-4068-9373-eb226b668a16","WOOD_007.basePlot.bet","D09","WOOD","WOOD_007","E","2015-06-10","2015-06-24","2015-06-25","2015-10-08","2016-01-27","WOOD_007.E.20150624","5mkFtj0S+ghVPgPw3BKW9dj+WhUQCjBOqKtn39zhN6M=","carabid","SYNAME","Syntomus americanus","species","cf. species","Dejean",,2,"Lindroth, C. H. 1969. The ground-beetles (Carabidae, excl. Cicindelinae) of Canada and Alaska, parts 1-6. Opuscula E. Entomoligiska Sallskapet.","4oCBvlQIQ4DhSH30J22+0bs0GAacIQwk","a/0SlN26fEtmJ3LLysIxkaRUfZvckIBE","Apex of elytra sinuate| elytral striae not well defined| Could be Apristus sp. but pubescence starts on 4th antennal segment and some seem less than 3 mm.| difficult to see if mentum tooth is bifid"
"08a84b7c-9afe-4490-9098-d16df5cb460d","WOOD_021.basePlot.bet","D09","WOOD","WOOD_021","E","2015-06-10","2015-06-24","2015-06-25","2015-10-07","2016-01-12","WOOD_021.E.20150624","WrmnCoit366aYWK9g06YaV7Pn+8yuG3c9uCyJDaGrt8=","carabid","ELAINC","Elaphropus incurvus","species","cf. species","Say",,1,"Lindroth, C. H. 1969. The ground-beetles (Carabidae, excl. Cicindelinae) of Canada and Alaska, parts 1-6. Opuscula E. Entomoligiska Sallskapet.","4oCBvlQIQ4DhSH30J22+0bs0GAacIQwk","9+WC+7gSWhRV4cqRdlxHoDR/U05rKIaf","only one sutural striae prominent with a second suggested| elytra more elongated| antennae darkened towards apex| prothorax with sides nearly straight in basal third| could be E. anceps but size seems too small| keyed to Tachys incurvus in Lindroth"
"abbe2430-4771-4b7c-b6f3-0953a8f1e8b2","WOOD_006.basePlot.bet","D09","WOOD","WOOD_006","E","2015-06-10","2015-06-24","2015-06-25","2015-10-08","2016-01-25","WOOD_006.E.20150624","WY3Zl9EyMidsY05I3ZVnByCNcG8fGNg8aSxF5ZBTI+4=","carabid","PTEMEL","Pterostichus melanarius melanarius","subspecies",,"Illiger",,1,"Lindroth, C. H. 1969. The ground-beetles (Carabidae, excl. Cicindelinae) of Canada and Alaska, parts 1-6. Opuscula E. Entomoligiska Sallskapet.","4oCBvlQIQ4DhSH30J22+0bs0GAacIQwk","a/0SlN26fEtmJ3LLysIxkaRUfZvckIBE",
"410d91d3-54d2-4196-bf8f-d7a715b75fcd","WOOD_006.basePlot.bet","D09","WOOD","WOOD_006","E","2015-06-10","2015-06-24","2015-06-25","2015-10-08","2016-01-20","WOOD_006.E.20150624","WY3Zl9EyMidsY05I3ZVnB9pTN6vEhwQKZr3Sa4HLSK0=","carabid","POELUC","Poecilus lucublandus","species",,"Say",,1,"Lindroth, C. H. 1969. The ground-beetles (Carabidae, excl. Cicindelinae) of Canada and Alaska, parts 1-6. Opuscula E. Entomoligiska Sallskapet.","4oCBvlQIQ4DhSH30J22+0bs0GAacIQwk","a/0SlN26fEtmJ3LLysIxkaRUfZvckIBE",
"86845acc-570f-4b45-9829-41404fad7ddd","WOOD_003.basePlot.bet","D09","WOOD","WOOD_003","E","2015-06-10","2015-06-24","2015-06-25","2015-10-09","2016-01-15","WOOD_003.E.20150624","gVhx7bcr2vPfgD1jJpAncJg2pwCysqHf/JCxKBRIdBs=","carabid","HARSOM","Harpalus somnulentus","species","cf. species","Dejean",,1,"Lindroth, C. H. 1969. The ground-beetles (Carabidae, excl. Cicindelinae) of Canada and Alaska, parts 1-6. Opuscula E. Entomoligiska Sallskapet.","4oCBvlQIQ4DhSH30J22+0bs0GAacIQwk","49AT3csB7SNH9c2JnAOTHYMNXNZpKUYr","Lindroth somae are H. carbonatus| has a larger shoulder tooth| larger in size| and sometiemes more punctate on prothorax than H. opacipennis| could be H. nigritarsus or H. herbivagus"
"683ca4ff-61aa-49e9-91c0-84f30d84445d","WOOD_003.basePlot.bet","D09","WOOD","WOOD_003","E","2015-06-10","2015-06-24","2015-06-25","2015-10-09","2016-01-26","WOOD_003.E.20150624","gVhx7bcr2vPfgD1jJpAncCyz1UT0u79nlfdiIaPWuPA=","carabid","HAROPA","Harpalus opacipennis","species","cf. species","Haldeman",,2,"Lindroth, C. H. 1969. The ground-beetles (Carabidae, excl. Cicindelinae) of Canada and Alaska, parts 1-6. Opuscula E. Entomoligiska Sallskapet.","4oCBvlQIQ4DhSH30J22+0bs0GAacIQwk","49AT3csB7SNH9c2JnAOTHYMNXNZpKUYr","shoulder tooth small but sharp| no or little punctuation on prothorax| head narrow| basal side margins of prothorax nearly straight| size 7.5 to 9.3 mm.| could be H. nigritarsus but labial palpae not infuscated"
"c2d05cab-4658-44ea-88da-88693f9fc1e5","WOOD_023.basePlot.bet","D09","WOOD","WOOD_023","E","2015-06-10","2015-06-24","2015-06-25","2015-10-07","2016-01-25","WOOD_023.E.20150624","HkhQBNKo1QDH9WfGaaJTwFvNd2Zb61w0ICtjPO3BwzE=","carabid","PTECOR3","Pterostichus corvinus","species","cf. species","Dejean",,1,"Lindroth, C. H. 1969. The ground-beetles (Carabidae, excl. Cicindelinae) of Canada and Alaska, parts 1-6. Opuscula E. Entomoligiska Sallskapet.","4oCBvlQIQ4DhSH30J22+0bs0GAacIQwk","9+WC+7gSWhRV4cqRdlxHoDR/U05rKIaf","last tarsi glabrous| incomplete elytral striae between 1 and 2 indistinct and short| prothorax hind angles nearly right and prominent| convex overall| size 11.5 to 15 mm| several individuals seem slightly too small and not deep black as described"
"86e92eda-4ed0-4aaa-b91a-63360f48fd28","WOOD_003.basePlot.bet","D09","WOOD","WOOD_003","E","2015-06-10","2015-06-24","2015-06-25","2015-06-26",,"WOOD_003.E.20150624","gVhx7bcr2vPfgD1jJpAncNJehXuN87XW0+xsc2AurjM=","invert bycatch",,,,,,,,,,"49AT3csB7SNH9c2JnAOTHYMNXNZpKUYr",
"1a4bb026-40d2-447a-bfa4-ffe9bb8c366d","WOOD_023.basePlot.bet","D09","WOOD","WOOD_023","E","2015-06-10","2015-06-24","2015-06-25","2015-07-02",,"WOOD_023.E.20150624","HkhQBNKo1QDH9WfGaaJTwFp6NZoOrn5d9H24vGowxkA=","invert bycatch",,,,,,,,,,"49AT3csB7SNH9c2JnAOTHYMNXNZpKUYr",
"e477c1b4-1b81-45d1-8f1d-183bd402d975","WOOD_004.basePlot.bet","D09","WOOD","WOOD_004","E","2015-06-10","2015-06-24","2015-06-25","2015-07-01",,"WOOD_004.E.20150624","tVkCk1nh7tHYZrRML8ZImSs+hrQRuRv+NifceD6sO3M=","invert bycatch",,,,,,,,,,"eE6kvSR3uoy9zdn7o7etq88/xsP7F3Qo",
"8fe30846-3d39-417a-8798-d099dd3024eb","WOOD_006.basePlot.bet","D09","WOOD","WOOD_006","E","2015-06-10","2015-06-24","2015-06-25","2015-07-02",,"WOOD_006.E.20150624","WY3Zl9EyMidsY05I3ZVnB1MH4780NV6RG63S9hg7d9w=","invert bycatch",,,,,,,,,,"49AT3csB7SNH9c2JnAOTHYMNXNZpKUYr",
"787c1551-b745-4328-a182-9db70eb92841","WOOD_001.basePlot.bet","D09","WOOD","WOOD_001","E","2015-06-10","2015-06-24","2015-06-25","2015-06-25",,"WOOD_001.E.20150624","vZVALStcGzcsUDFQL3eqjQduwH/OczaoyaAWLzCOhLE=","invert bycatch",,,,,,,,,,"gvqKh+2rVI0t8HJY2s8e/fWJiaOGqWFm",
"220e93ee-8f7e-4528-9082-f9d6c689a897","WOOD_002.basePlot.bet","D09","WOOD","WOOD_002","E","2015-06-10","2015-06-24","2015-06-25","2015-07-09",,"WOOD_002.E.20150624","V7nyjIgYGmPsrfFWaAbdc91TaaoAjBbdfgzp2wudSc4=","invert bycatch",,,,,,,,,,"49AT3csB7SNH9c2JnAOTHYMNXNZpKUYr",
"02f9f6e7-19fa-434d-9f4b-5f52b921abd2","WOOD_007.basePlot.bet","D09","WOOD","WOOD_007","E","2015-06-10","2015-06-24","2015-06-25","2015-07-02",,"WOOD_007.E.20150624","5mkFtj0S+ghVPgPw3BKW9aFeczVnkPfW/RLjxRpA9HI=","invert bycatch",,,,,,,,,,"49AT3csB7SNH9c2JnAOTHYMNXNZpKUYr",
"80e650d7-115f-444c-a4b1-654922dc1961","WOOD_005.basePlot.bet","D09","WOOD","WOOD_005","E","2015-06-10","2015-06-24","2015-06-25","2015-07-09",,"WOOD_005.E.20150624","Q/pjwyhQ09yvsoMfuEsR3X0yZF/+6cmAnelVqsPME5s=","invert bycatch",,,,,,,,,,"eE6kvSR3uoy9zdn7o7etq88/xsP7F3Qo",
"45c27cdc-6fba-4246-bf14-47f8873a775c","WOOD_021.basePlot.bet","D09","WOOD","WOOD_021","E","2015-06-10","2015-06-24","2015-06-25","2015-07-02",,"WOOD_021.E.20150624","WrmnCoit366aYWK9g06YaUrFoBlOreoC8mkGfkG3GL0=","invert bycatch",,,,,,,,,,"49AT3csB7SNH9c2JnAOTHYMNXNZpKUYr",
"78fe775a-5b3a-4613-8e11-7c3ffead3792","WOOD_004.basePlot.bet","D09","WOOD","WOOD_004","N","2015-06-10","2015-06-24","2015-06-25","2015-10-08","2016-01-27","WOOD_004.N.20150624","tVkCk1nh7tHzM8+WdK+C/lumXLI1NRnstYY0RMvaEKg=","carabid","SYNAME","Syntomus americanus","species","cf. species","Dejean",,1,"Lindroth, C. H. 1969. The ground-beetles (Carabidae, excl. Cicindelinae) of Canada and Alaska, parts 1-6. Opuscula E. Entomoligiska Sallskapet.","4oCBvlQIQ4DhSH30J22+0bs0GAacIQwk","a/0SlN26fEtmJ3LLysIxkaRUfZvckIBE","Apex of elytra sinuate| elytral striae not well defined| Could be Apristus sp. but pubescence starts on 4th antennal segment and some seem less than 3 mm.| difficult to see if mentum tooth is bifid"
"692ebced-2d08-46f6-bdfd-11ccf2867e49","WOOD_024.basePlot.bet","D09","WOOD","WOOD_024","N","2015-06-10","2015-06-24","2015-06-25","2015-10-07","2016-01-06","WOOD_024.N.20150624","rKE54NR9lxREHzj3B6VcLYUDfQTKf+vJwQszZKAQ3ag=","carabid","CARMAE","Carabus maeander maeander","subspecies",,"Fischer von Waldheim",,1,"Lindroth, C. H. 1969. The ground-beetles (Carabidae, excl. Cicindelinae) of Canada and Alaska, parts 1-6. Opuscula E. Entomoligiska Sallskapet.","4oCBvlQIQ4DhSH30J22+0bs0GAacIQwk","9+WC+7gSWhRV4cqRdlxHoDR/U05rKIaf",
"c4f21e6a-7f93-4299-aa8a-6adf7ff28f4e","WOOD_003.basePlot.bet","D09","WOOD","WOOD_003","N","2015-06-10","2015-06-24","2015-06-25","2015-10-09","2016-01-11","WOOD_003.N.20150624","gVhx7bcr2vMPQlmoe6P0O8JBorv+H1s0feSVjyxNG70=","carabid","CARSP14","Carabidae sp.","family",,"Latreille","D09.2015.MorphD",1,"Lindroth, C. H. 1969. The ground-beetles (Carabidae, excl. Cicindelinae) of Canada and Alaska, parts 1-6. Opuscula E. Entomoligiska Sallskapet.","4oCBvlQIQ4DhSH30J22+0bs0GAacIQwk","49AT3csB7SNH9c2JnAOTHYMNXNZpKUYr","Agonoleptus sp. or Stenolophus sp. or Acupalpus sp. | about 3.5 mm| dark above with only slightly paler pronotum| legs only slightly paler than body"
"b53e2d40-7ca2-4df3-a0b7-10a309c86a97","WOOD_003.basePlot.bet","D09","WOOD","WOOD_003","N","2015-06-10","2015-06-24","2015-06-25","2015-10-09","2016-01-20","WOOD_003.N.20150624","gVhx7bcr2vMPQlmoe6P0O0+CsIyk0Pp1VEPnpKJIANU=","carabid","AGOCUP1","Agonum cupreum","species",,"Dejean",,4,"Lindroth, C. H. 1969. The ground-beetles (Carabidae, excl. Cicindelinae) of Canada and Alaska, parts 1-6. Opuscula E. Entomoligiska Sallskapet.","4oCBvlQIQ4DhSH30J22+0bs0GAacIQwk","49AT3csB7SNH9c2JnAOTHYMNXNZpKUYr",
"6c96dc78-e2a7-4d18-b778-e44c3e7510b1","WOOD_024.basePlot.bet","D09","WOOD","WOOD_024","N","2015-06-10","2015-06-24","2015-06-25","2015-10-07","2016-01-27","WOOD_024.N.20150624","rKE54NR9lxREHzj3B6VcLbHG4Lwj+fJNgeCqMFU5UwA=","carabid","SYNAME","Syntomus americanus","species","cf. species","Dejean",,1,"Lindroth, C. H. 1969. The ground-beetles (Carabidae, excl. Cicindelinae) of Canada and Alaska, parts 1-6. Opuscula E. Entomoligiska Sallskapet.","4oCBvlQIQ4DhSH30J22+0bs0GAacIQwk","9+WC+7gSWhRV4cqRdlxHoDR/U05rKIaf","Apex of elytra sinuate| elytral striae not well defined| Could be Apristus sp. but pubescence starts on 4th antennal segment and some seem less than 3 mm.| difficult to see if mentum tooth is bifid"
"6e7176bd-4c6c-4fdd-a0b1-e3b6c0e6df6d","WOOD_001.basePlot.bet","D09","WOOD","WOOD_001","N","2015-06-10","2015-06-24","2015-06-25","2015-10-08","2016-01-20","WOOD_001.N.20150624","vZVALStcGzemkswto4CoLYQ7KPboxMYeXJ5R1++kJ8M=","carabid","AMAANG1","Amara angustata","species",,"Say",,1,"Lindroth, C. H. 1969. The ground-beetles (Carabidae, excl. Cicindelinae) of Canada and Alaska, parts 1-6. Opuscula E. Entomoligiska Sallskapet.","4oCBvlQIQ4DhSH30J22+0bs0GAacIQwk","a/0SlN26fEtmJ3LLysIxkaRUfZvckIBE",
"d44cb67d-edda-41cf-a939-ad87579b1daf","WOOD_024.basePlot.bet","D09","WOOD","WOOD_024","N","2015-06-10","2015-06-24","2015-06-25","2015-10-07","2016-01-22","WOOD_024.N.20150624","rKE54NR9lxREHzj3B6VcLdgrpri2U+l7P2v9P3sDWKc=","carabid","ANIHAR2","Anisodactylus harrisii","species",,"LeConte",,1,"Lindroth, C. H. 1969. The ground-beetles (Carabidae, excl. Cicindelinae) of Canada and Alaska, parts 1-6. Opuscula E. Entomoligiska Sallskapet.","4oCBvlQIQ4DhSH30J22+0bs0GAacIQwk","9+WC+7gSWhRV4cqRdlxHoDR/U05rKIaf",
"c9d44795-dcea-4c1c-ab79-a4cdc9de3608","WOOD_007.basePlot.bet","D09","WOOD","WOOD_007","N","2015-06-10","2015-06-24","2015-06-25","2015-10-09","2016-01-27","WOOD_007.N.20150624","5mkFtj0S+gg8JsQ8+kY2DRDXo7mWLqQxNLHuM6B+mOY=","carabid","SYNAME","Syntomus americanus","species","cf. species","Dejean",,6,"Lindroth, C. H. 1969. The ground-beetles (Carabidae, excl. Cicindelinae) of Canada and Alaska, parts 1-6. Opuscula E. Entomoligiska Sallskapet.","4oCBvlQIQ4DhSH30J22+0bs0GAacIQwk","49AT3csB7SNH9c2JnAOTHYMNXNZpKUYr","Apex of elytra sinuate| elytral striae not well defined| Could be Apristus sp. but pubescence starts on 4th antennal segment and some seem less than 3 mm.| difficult to see if mentum tooth is bifid"
"7f3c6142-4a68-4c88-8fd1-097b86ca4f5b","WOOD_001.basePlot.bet","D09","WOOD","WOOD_001","N","2015-06-10","2015-06-24","2015-06-25","2015-10-08","2016-01-25","WOOD_001.N.20150624","vZVALStcGzemkswto4CoLdYYFUkTVI+m7DjcpKG7mjA=","carabid","PTEMEL","Pterostichus melanarius melanarius","subspecies",,"Illiger",,1,"Lindroth, C. H. 1969. The ground-beetles (Carabidae, excl. Cicindelinae) of Canada and Alaska, parts 1-6. Opuscula E. Entomoligiska Sallskapet.","4oCBvlQIQ4DhSH30J22+0bs0GAacIQwk","a/0SlN26fEtmJ3LLysIxkaRUfZvckIBE",
"c7fe64cb-a04a-49bc-97f7-8360765e79c9","WOOD_024.basePlot.bet","D09","WOOD","WOOD_024","N","2015-06-10","2015-06-24","2015-06-25","2015-10-07","2016-01-13","WOOD_024.N.20150624","rKE54NR9lxREHzj3B6VcLcAwkNHxsZxFfRso9IezBLA=","carabid","BEMPRA2","Bembidion praticola","species","cf. species","Lindroth",,1,"Lindroth, C. H. 1969. The ground-beetles (Carabidae, excl. Cicindelinae) of Canada and Alaska, parts 1-6. Opuscula E. Entomoligiska Sallskapet.","4oCBvlQIQ4DhSH30J22+0bs0GAacIQwk","9+WC+7gSWhRV4cqRdlxHoDR/U05rKIaf","elytra dark reddish| pale legs| frontal furrows nearly parallel| first 3 segments of antennae pale| little microsculpture evident on prothorax but strong on elytra| 1 interval hardly paler| prothorax hind angles nearly right| size 2.8 to 3.5 mm"
"b9c59536-801c-41f5-b062-21ce4ade8387","WOOD_003.basePlot.bet","D09","WOOD","WOOD_003","N","2015-06-10","2015-06-24","2015-06-25","2015-10-09","2016-01-20","WOOD_003.N.20150624","gVhx7bcr2vMPQlmoe6P0O03Sf0ppuWrV9rS54X05EdY=","carabid","HARSOM","Harpalus somnulentus","species","cf. species","Dejean",,1,"Lindroth, C. H. 1969. The ground-beetles (Carabidae, excl. Cicindelinae) of Canada and Alaska, parts 1-6. Opuscula E. Entomoligiska Sallskapet.","4oCBvlQIQ4DhSH30J22+0bs0GAacIQwk","49AT3csB7SNH9c2JnAOTHYMNXNZpKUYr","Lindroth some are H. carbonatus| has a larger shoulder tooth| larger in size| and sometiemes more punctate on prothorax than H. opacipennis| could be H. nigritarsus or H. herbivagus"
"a224d98d-22d8-4453-9862-659c78747f32","WOOD_003.basePlot.bet","D09","WOOD","WOOD_003","N","2015-06-10","2015-06-24","2015-06-25","2015-10-09","2016-01-14","WOOD_003.N.20150624","gVhx7bcr2vMPQlmoe6P0O0tBxJs4RpxAS0D9yh+l61Y=","carabid","AMACUP","Amara cupreolata","species","cf. species","Putzeys",,1,"Lindroth, C. H. 1969. The ground-beetles (Carabidae, excl. Cicindelinae) of Canada and Alaska, parts 1-6. Opuscula E. Entomoligiska Sallskapet.","4oCBvlQIQ4DhSH30J22+0bs0GAacIQwk","49AT3csB7SNH9c2JnAOTHYMNXNZpKUYr","palpae and legs and antennae not as pale| pronotum strongly convex and has little sculpture| 3 basal segments of antennae plus part of 4 paler"
"f8196e0f-10bc-4f3d-973d-3fdc9ae92148","WOOD_003.basePlot.bet","D09","WOOD","WOOD_003","N","2015-06-10","2015-06-24","2015-06-25","2015-10-09","2016-01-14","WOOD_003.N.20150624","gVhx7bcr2vMPQlmoe6P0O9mTaitqmDv+rQ5tU3EE1j0=","carabid","AMAANG1","Amara angustata","species",,"Say",,1,"Lindroth, C. H. 1969. The ground-beetles (Carabidae, excl. Cicindelinae) of Canada and Alaska, parts 1-6. Opuscula E. Entomoligiska Sallskapet.","4oCBvlQIQ4DhSH30J22+0bs0GAacIQwk","49AT3csB7SNH9c2JnAOTHYMNXNZpKUYr",
"a581ef08-b6fe-4040-a364-b00a2790af75","WOOD_002.basePlot.bet","D09","WOOD","WOOD_002","N","2015-06-10","2015-06-24","2015-06-25","2015-07-09",,"WOOD_002.N.20150624","V7nyjIgYGmOq7etLsw3mo3by0qKYhZTAw225yanzGq8=","invert bycatch",,,,,,,,,,"49AT3csB7SNH9c2JnAOTHYMNXNZpKUYr",
"03b26b89-dee6-4e22-aee6-611f2c9d8bdb","WOOD_007.basePlot.bet","D09","WOOD","WOOD_007","N","2015-06-10","2015-06-24","2015-06-25","2015-07-02",,"WOOD_007.N.20150624","5mkFtj0S+gg8JsQ8+kY2DYV+BOLmaMofBwr/QWJorjo=","invert bycatch",,,,,,,,,,"49AT3csB7SNH9c2JnAOTHYMNXNZpKUYr",
"5305968c-9fe9-4a78-9637-ba9980992a1d","WOOD_001.basePlot.bet","D09","WOOD","WOOD_001","N","2015-06-10","2015-06-24","2015-06-25","2015-06-25",,"WOOD_001.N.20150624","vZVALStcGzemkswto4CoLW1/WDDGXZxLXivMXIgzG48=","invert bycatch",,,,,,,,,,"gvqKh+2rVI0t8HJY2s8e/fWJiaOGqWFm",
"93eae2fe-deb6-40fd-a27a-57229a342dc4","WOOD_005.basePlot.bet","D09","WOOD","WOOD_005","N","2015-06-10","2015-06-24","2015-06-25","2015-07-09",,"WOOD_005.N.20150624","Q/pjwyhQ09ycrZ7nsLw/Q5WlkRppfpG2ZQr8QL7kgKM=","invert bycatch",,,,,,,,,,"eE6kvSR3uoy9zdn7o7etq88/xsP7F3Qo",
"b1664457-0201-47da-9703-2e18971cd960","WOOD_003.basePlot.bet","D09","WOOD","WOOD_003","N","2015-06-10","2015-06-24","2015-06-25","2015-06-26",,"WOOD_003.N.20150624","gVhx7bcr2vMPQlmoe6P0O8ecoroxkPDzXBV3TXRZn70=","invert bycatch",,,,,,,,,,"49AT3csB7SNH9c2JnAOTHYMNXNZpKUYr",
"2feb4228-59e4-4cdb-8c70-4fb83fdf46b9","WOOD_004.basePlot.bet","D09","WOOD","WOOD_004","N","2015-06-10","2015-06-24","2015-06-25","2015-06-26",,"WOOD_004.N.20150624","tVkCk1nh7tHzM8+WdK+C/jIR70XjghsG8Eu/MFx+K9k=","invert bycatch",,,,,,,,,,"eE6kvSR3uoy9zdn7o7etq88/xsP7F3Qo",
"fc9d581b-2e39-4e92-a4c7-d334e758c18d","WOOD_006.basePlot.bet","D09","WOOD","WOOD_006","N","2015-06-10","2015-06-24","2015-06-25","2015-07-02",,"WOOD_006.N.20150624","WY3Zl9EyMicPkFOmFhW1QkhPFvv5VR0LFRTZ4jwxg/o=","invert bycatch",,,,,,,,,,"49AT3csB7SNH9c2JnAOTHYMNXNZpKUYr",
"0dd58b9b-e530-495e-940c-ea7dcdcdf20f","WOOD_024.basePlot.bet","D09","WOOD","WOOD_024","N","2015-06-10","2015-06-24","2015-06-25","2015-06-26",,"WOOD_024.N.20150624","rKE54NR9lxREHzj3B6VcLUp3ozLfxCGWbM+/L+404C4=","invert bycatch",,,,,,,,,,"49AT3csB7SNH9c2JnAOTHYMNXNZpKUYr",
"8d465cda-c32e-4ba8-af6f-b814e489ea5c","WOOD_003.basePlot.bet","D09","WOOD","WOOD_003","S","2015-06-10","2015-06-24","2015-06-25","2015-10-09","2016-01-26","WOOD_003.S.20150624","gVhx7bcr2vPVxuC4MX3D7bl09imlQvC/icYzqZXteDg=","carabid","HAROPA","Harpalus opacipennis","species","cf. species","Haldeman",,1,"Lindroth, C. H. 1969. The ground-beetles (Carabidae, excl. Cicindelinae) of Canada and Alaska, parts 1-6. Opuscula E. Entomoligiska Sallskapet.","4oCBvlQIQ4DhSH30J22+0bs0GAacIQwk","49AT3csB7SNH9c2JnAOTHYMNXNZpKUYr","shoulder tooth small but sharp| no or little punctuation on prothorax| head narrow| basal side margins of prothorax nearly straight| size 7.5 to 9.3 mm.| could be H. nigritarsus but labial palpae not infuscated"
"2361ccb7-1962-462a-845b-899f540c697c","WOOD_023.basePlot.bet","D09","WOOD","WOOD_023","S","2015-06-10","2015-06-24","2015-06-25","2015-10-07","2016-01-27","WOOD_023.S.20150624","HkhQBNKo1QB/33EtIZadeRA8IH6X/k/ycE7v4PtMzBo=","carabid","PTEPAT","Pterostichus patruelis","species",,"Dejean",,1,"Lindroth, C. H. 1969. The ground-beetles (Carabidae, excl. Cicindelinae) of Canada and Alaska, parts 1-6. Opuscula E. Entomoligiska Sallskapet.","4oCBvlQIQ4DhSH30J22+0bs0GAacIQwk","9+WC+7gSWhRV4cqRdlxHoDR/U05rKIaf",
"21106d57-d38c-448c-a954-b5fb328210a2","WOOD_023.basePlot.bet","D09","WOOD","WOOD_023","S","2015-06-10","2015-06-24","2015-06-25","2015-10-07","2016-01-13","WOOD_023.S.20150624","HkhQBNKo1QB/33EtIZadebCkzlHAWPKTwAceccno35Y=","carabid","BEMPRA2","Bembidion praticola","species","cf. species","Lindroth",,1,"Lindroth, C. H. 1969. The ground-beetles (Carabidae, excl. Cicindelinae) of Canada and Alaska, parts 1-6. Opuscula E. Entomoligiska Sallskapet.","4oCBvlQIQ4DhSH30J22+0bs0GAacIQwk","9+WC+7gSWhRV4cqRdlxHoDR/U05rKIaf","elytra dark reddish| pale legs| frontal furrows nearly parallel| first 3 segments of antennae pale| little microsculpture evident on prothorax but strong on elytra| 1 interval hardly paler| prothorax hind angles nearly right| size 2.8 to 3.5 mm."
"1f589187-08fa-4422-8214-d22977e277a8","WOOD_007.basePlot.bet","D09","WOOD","WOOD_007","S","2015-06-10","2015-06-24","2015-06-25","2015-10-08","2016-01-27","WOOD_007.S.20150624","5mkFtj0S+ggRycJyJqYyraa2P3RMRyyfUfGRQ17i8/c=","carabid","SYNAME","Syntomus americanus","species","cf. species","Dejean",,1,"Lindroth, C. H. 1969. The ground-beetles (Carabidae, excl. Cicindelinae) of Canada and Alaska, parts 1-6. Opuscula E. Entomoligiska Sallskapet.","4oCBvlQIQ4DhSH30J22+0bs0GAacIQwk","a/0SlN26fEtmJ3LLysIxkaRUfZvckIBE","Apex of elytra sinuate| elytral striae not well defined| Could be Apristus sp. but pubescence starts on 4th antennal segment and some seem less than 3 mm.| difficult to see if mentum tooth is bifid"
"0c99ec88-41f1-4406-8ac7-5d57d643458a","WOOD_005.basePlot.bet","D09","WOOD","WOOD_005","S","2015-06-10","2015-06-24","2015-06-25","2015-10-07","2016-01-13","WOOD_005.S.20150624","Q/pjwyhQ09z2D0gRdKAm0mZm6ibkD5RSv4dXFLV3Qbk=","carabid","BEMQUA4","Bembidion quadrimaculatum oppositum","subspecies",,"Say",,2,"Lindroth, C. H. 1969. The ground-beetles (Carabidae, excl. Cicindelinae) of Canada and Alaska, parts 1-6. Opuscula E. Entomoligiska Sallskapet.","4oCBvlQIQ4DhSH30J22+0bs0GAacIQwk","9+WC+7gSWhRV4cqRdlxHoDR/U05rKIaf",
"60112363-4130-462d-8041-4a9f60efafb1","WOOD_002.basePlot.bet","D09","WOOD","WOOD_002","S","2015-06-10","2015-06-24","2015-06-25","2015-07-09",,"WOOD_002.S.20150624","V7nyjIgYGmPGW5RkcOYDIA3xOavWDAffH5welabwRZU=","invert bycatch",,,,,,,,,,"49AT3csB7SNH9c2JnAOTHYMNXNZpKUYr",
"97f8ef91-92ac-492f-9c4b-476784d5ae36","WOOD_007.basePlot.bet","D09","WOOD","WOOD_007","S","2015-06-10","2015-06-24","2015-06-25","2015-07-02",,"WOOD_007.S.20150624","5mkFtj0S+ggRycJyJqYyrYwlLPtTsSGS6Z0BhCFI35Y=","invert bycatch",,,,,,,,,,"49AT3csB7SNH9c2JnAOTHYMNXNZpKUYr",
"eb6c07ca-f12c-4384-afce-c3ffac2b63db","WOOD_005.basePlot.bet","D09","WOOD","WOOD_005","S","2015-06-10","2015-06-24","2015-06-25","2015-07-09",,"WOOD_005.S.20150624","Q/pjwyhQ09z2D0gRdKAm0u21UJct5AlI+MN6rXqg8Qk=","invert bycatch",,,,,,,,,,"eE6kvSR3uoy9zdn7o7etq88/xsP7F3Qo",
"77d3d252-263c-4953-8963-a6acbc5b406c","WOOD_003.basePlot.bet","D09","WOOD","WOOD_003","S","2015-06-10","2015-06-24","2015-06-25","2015-06-26",,"WOOD_003.S.20150624","gVhx7bcr2vPVxuC4MX3D7f+hEiX52wlsBtb6Zo08YB0=","invert bycatch",,,,,,,,,,"49AT3csB7SNH9c2JnAOTHYMNXNZpKUYr",
"3a415a02-009b-4b92-9c82-6520869b630a","WOOD_023.basePlot.bet","D09","WOOD","WOOD_023","S","2015-06-10","2015-06-24","2015-06-25","2015-07-02",,"WOOD_023.S.20150624","HkhQBNKo1QB/33EtIZadec82OrFqxN5p7pBRPzqcaLg=","invert bycatch",,,,,,,,,,"49AT3csB7SNH9c2JnAOTHYMNXNZpKUYr",
"907147c7-3bd9-48ff-a05a-5e1e226286fb","WOOD_004.basePlot.bet","D09","WOOD","WOOD_004","S","2015-06-10","2015-06-24","2015-06-25","2015-07-01",,"WOOD_004.S.20150624","tVkCk1nh7tEzQiI23vMWyRjHORCMQPF2ZkJ5uvrr+hA=","invert bycatch",,,,,,,,,,"eE6kvSR3uoy9zdn7o7etq88/xsP7F3Qo",
"52a09bb9-1e0c-4fb0-8afa-af85c5112a84","WOOD_006.basePlot.bet","D09","WOOD","WOOD_006","S","2015-06-10","2015-06-24","2015-06-25","2015-07-02",,"WOOD_006.S.20150624","WY3Zl9EyMieUvlDPxyB+01qyvbE7Rw8UaucG4EbnNGI=","invert bycatch",,,,,,,,,,"49AT3csB7SNH9c2JnAOTHYMNXNZpKUYr",
"bcd4a185-6bd1-440c-bc26-b093596be653","WOOD_001.basePlot.bet","D09","WOOD","WOOD_001","S","2015-06-10","2015-06-24","2015-06-25","2015-06-25",,"WOOD_001.S.20150624","vZVALStcGzechsnwcGltVjR3xkC6auGPBWyupvwp5fc=","invert bycatch",,,,,,,,,,"gvqKh+2rVI0t8HJY2s8e/fWJiaOGqWFm",
"56cb332d-f770-4757-be6b-774de41062f3","WOOD_007.basePlot.bet","D09","WOOD","WOOD_007","W","2015-06-10","2015-06-24","2015-06-25","2015-10-09","2016-01-11","WOOD_007.W.20150624","5mkFtj0S+gjhtj3JnHzUKuPglhRATkif+5WNiEnkMfo=","carabid","CARSP14","Carabidae sp.","family",,"Latreille","D09.2015.MorphD",1,"Lindroth, C. H. 1969. The ground-beetles (Carabidae, excl. Cicindelinae) of Canada and Alaska, parts 1-6. Opuscula E. Entomoligiska Sallskapet.","4oCBvlQIQ4DhSH30J22+0bs0GAacIQwk","49AT3csB7SNH9c2JnAOTHYMNXNZpKUYr","Agonoleptus sp. or Stenolophus sp. or Acupalpus sp. | about 3.5 mm| dark above with only slightly paler pronotum| legs only slightly paler than body"
"a32cecfe-6d57-4df2-a9b6-1872e94e7e0f","WOOD_007.basePlot.bet","D09","WOOD","WOOD_007","W","2015-06-10","2015-06-24","2015-06-25","2015-10-09","2016-01-27","WOOD_007.W.20150624","5mkFtj0S+gjhtj3JnHzUKpavkL7iaYBSbW2riaqbk7A=","carabid","SYNAME","Syntomus americanus","species","cf. species","Dejean",,5,"Lindroth, C. H. 1969. The ground-beetles (Carabidae, excl. Cicindelinae) of Canada and Alaska, parts 1-6. Opuscula E. Entomoligiska Sallskapet.","4oCBvlQIQ4DhSH30J22+0bs0GAacIQwk","49AT3csB7SNH9c2JnAOTHYMNXNZpKUYr","Apex of elytra sinuate| elytral striae not well defined| Could be Apristus sp. but pubescence starts on 4th antennal segment and some seem less than 3 mm.| difficult to see if mentum tooth is bifid"
"31e8e913-edd1-49a1-93ce-62b695ba8b1a","WOOD_003.basePlot.bet","D09","WOOD","WOOD_003","W","2015-06-10","2015-06-24","2015-06-25","2015-10-09","2016-01-21","WOOD_003.W.20150624","gVhx7bcr2vPNu942vL6aoR52UymstWf2/gKsUniD+S8=","carabid","CARSP14","Carabidae sp.","family",,"Latreille","D09.2015.MorphD",1,"Lindroth, C. H. 1969. The ground-beetles (Carabidae, excl. Cicindelinae) of Canada and Alaska, parts 1-6. Opuscula E. Entomoligiska Sallskapet.","4oCBvlQIQ4DhSH30J22+0bs0GAacIQwk","49AT3csB7SNH9c2JnAOTHYMNXNZpKUYr","Agonoleptus sp. or Stenolophus sp. or Acupalpus sp. | about 3.5 mm| dark above with only slightly paler pronotum| legs only slightly paler than body"
"d0ba80cd-bace-4864-ba89-960f49895520","WOOD_006.basePlot.bet","D09","WOOD","WOOD_006","W","2015-06-10","2015-06-24","2015-06-25","2015-10-08","2016-01-25","WOOD_006.W.20150624","WY3Zl9EyMieRLqe2GmMq7cUn8wyEqch+r5GSfymWNg0=","carabid","PTEMEL","Pterostichus melanarius melanarius","subspecies",,"Illiger",,1,"Lindroth, C. H. 1969. The ground-beetles (Carabidae, excl. Cicindelinae) of Canada and Alaska, parts 1-6. Opuscula E. Entomoligiska Sallskapet.","4oCBvlQIQ4DhSH30J22+0bs0GAacIQwk","a/0SlN26fEtmJ3LLysIxkaRUfZvckIBE",
"4443054e-000e-44f0-8b7c-356c5dc60342","WOOD_001.basePlot.bet","D09","WOOD","WOOD_001","W","2015-06-10","2015-06-24","2015-06-25","2015-10-08","2016-01-21","WOOD_001.W.20150624","vZVALStcGze4oqiSg8fWaqN9wXSfEK8i4TK84DIAZS0=","carabid","STECOM","Stenolophus comma","species",,"Fabricius",,1,"Lindroth, C. H. 1969. The ground-beetles (Carabidae, excl. Cicindelinae) of Canada and Alaska, parts 1-6. Opuscula E. Entomoligiska Sallskapet.","4oCBvlQIQ4DhSH30J22+0bs0GAacIQwk","a/0SlN26fEtmJ3LLysIxkaRUfZvckIBE",
"473f4864-a35e-4404-852f-8c1db787713e","WOOD_007.basePlot.bet","D09","WOOD","WOOD_007","W","2015-06-10","2015-06-24","2015-06-25","2015-07-02",,"WOOD_007.W.20150624","5mkFtj0S+gjhtj3JnHzUKpqZLDbVGxB6URLSCUnmsSA=","invert bycatch",,,,,,,,,,"49AT3csB7SNH9c2JnAOTHYMNXNZpKUYr",
"800cdcda-27b9-442d-9b40-043adc305e9c","WOOD_002.basePlot.bet","D09","WOOD","WOOD_002","W","2015-06-10","2015-06-24","2015-06-25","2015-07-09",,"WOOD_002.W.20150624","V7nyjIgYGmM6sIIp+cKQBI7OJ0HkpW7hZd6/yjj3IAA=","invert bycatch",,,,,,,,,,"49AT3csB7SNH9c2JnAOTHYMNXNZpKUYr",
"096f4646-4b30-4046-9476-d33af3287b0f","WOOD_005.basePlot.bet","D09","WOOD","WOOD_005","W","2015-06-10","2015-06-24","2015-06-25","2015-07-09",,"WOOD_005.W.20150624","Q/pjwyhQ09wS8nTqfpfAX92rVkfDL59W4oCGgZq/510=","invert bycatch",,,,,,,,,,"eE6kvSR3uoy9zdn7o7etq88/xsP7F3Qo",
"5a035343-8dab-45e2-bf98-756eb6861b70","WOOD_003.basePlot.bet","D09","WOOD","WOOD_003","W","2015-06-10","2015-06-24","2015-06-25","2015-06-26",,"WOOD_003.W.20150624","gVhx7bcr2vPNu942vL6aoaiUjf97fhkVNtP9VF4Wlx4=","other carabid","CARSP14","Carabidae sp.","family",,"Latreille",,1,"Other",,"49AT3csB7SNH9c2JnAOTHYMNXNZpKUYr","individualCount estimated based on number of pinning records|"
