uid,namedLocation,domainID,siteID,plotID,setDate,collectDate,identifiedDate,individualID,taxonID,kingdom,phylum,class,order,family,subfamily,tribe,genus,subgenus,specificEpithet,infraspecificEpithet,scientificName,scientificNameAuthorship,taxonRank,identificationQualifier,sex,morphospeciesID,identificationReferences,identifiedBy,laboratoryName,identificationRemarks,sampleCondition,dnaBarcoded,geneticSampleID,remarks
"b0f3cbdb-ab81-4913-8723-9ad3d78d6798","WOOD_001.basePlot.bet","D09","WOOD","WOOD_001","2015-05-27","2015-06-10","2016-11-09","NEON.BET.D09.000636","AGOCON","Animalia","Arthropoda","Insecta","Coleoptera","Carabidae","Harpalinae","Harpalini","Agonoleptus",,"conjunctus",,"Agonoleptus conjunctus","Say","species",,"M",,"Bousquet, Y., and P. W. Messer. 2010. Redescription of Stenolophus thoracicus Casey (Coleoptera, Carabidae, Harpalini), a valid species. ZooKeys 53:25-31.","Robert L. Davidson","Carnegie Museum of Invertebrate Zoology",,"No known compromise","N",,
"70d5d4f0-ee7c-49e7-9960-8d259e7c1c68","WOOD_007.basePlot.bet","D09","WOOD","WOOD_007","2015-05-27","2015-06-10","2016-11-11","NEON.BET.D09.000646","DYSSP4","Animalia","Arthropoda","Insecta","Coleoptera","Carabidae","Scaritinae","Dyschiriini","Dyschirius",,"sp.",,"Dyschirius sp.","Bonelli","genus",,"U",,"Bousquet, Y. 1988. Dyschirius of America North of Mexico - Descriptions of New Species with Keys to Species Groups and Species (Coleoptera, Carabidae). Canadian Entomologist 120:361-387.","Robert L. Davidson","Carnegie Museum of Invertebrate Zoology",,"No known compromise","N",,"probably longulus, but no one seems to be able to distinguish globulosus/longulus consistently"
"47abf63e-1a6d-4a4a-b57c-9c025605b415","WOOD_007.basePlot.bet","D09","WOOD","WOOD_007","2015-05-27","2015-06-10","2016-10-28","NEON.BET.D09.000645","CALCAL","Animalia","Arthropoda","Insecta","Coleoptera","Carabidae","Carabinae","Carabini","Calosoma","Chrysostigma","calidum",,"Calosoma calidum","Fabricius","species",,"M",,"Lindroth, C. H. 1969. The ground-beetles (Carabidae, excl. Cicindelinae) of Canada and Alaska, parts 1-6. Opuscula E. Entomoligiska Sallskapet.","Robert L. Davidson","Carnegie Museum of Invertebrate Zoology",,"No known compromise","N",,
"39baee43-49ce-4f50-9d6e-d275b317f454","WOOD_007.basePlot.bet","D09","WOOD","WOOD_007","2015-05-27","2015-06-10","2016-11-09","NEON.BET.D09.000641","AGOCON","Animalia","Arthropoda","Insecta","Coleoptera","Carabidae","Harpalinae","Harpalini","Agonoleptus",,"conjunctus",,"Agonoleptus conjunctus","Say","species",,"M",,"Bousquet, Y., and P. W. Messer. 2010. Redescription of Stenolophus thoracicus Casey (Coleoptera, Carabidae, Harpalini), a valid species. ZooKeys 53:25-31.","Robert L. Davidson","Carnegie Museum of Invertebrate Zoology",,"No known compromise","N",,
"f17e682f-9d67-4943-8170-60b4a55779b3","WOOD_007.basePlot.bet","D09","WOOD","WOOD_007","2015-05-27","2015-06-10","2016-11-09","NEON.BET.D09.000642","AGOCON","Animalia","Arthropoda","Insecta","Coleoptera","Carabidae","Harpalinae","Harpalini","Agonoleptus",,"conjunctus",,"Agonoleptus conjunctus","Say","species",,"F",,"Bousquet, Y., and P. W. Messer. 2010. Redescription of Stenolophus thoracicus Casey (Coleoptera, Carabidae, Harpalini), a valid species. ZooKeys 53:25-31.","Robert L. Davidson","Carnegie Museum of Invertebrate Zoology",,"No known compromise","N",,
"6dde879a-f0c8-4e2c-b1a8-6c46c1b11770","WOOD_004.basePlot.bet","D09","WOOD","WOOD_004","2015-05-27","2015-06-10","2016-11-11","NEON.BET.D09.000664","HARSOM","Animalia","Arthropoda","Insecta","Coleoptera","Carabidae","Harpalinae","Harpalini","Harpalus","Harpalus","somnulentus",,"Harpalus somnulentus","Dejean","species",,"F",,"Noonan, G. R. 1991. Classification, Cladistics, and Natural History of Native North American Harpalus Latreille (Insecta: Coleoptera: Carabidae: Harpalini), excluding subgenera Glanodes and Pseudophonus.","Robert L. Davidson","Carnegie Museum of Invertebrate Zoology",,"No known compromise","N",,
"cf8a7266-5306-4f50-8285-aafa3e417615","WOOD_004.basePlot.bet","D09","WOOD","WOOD_004","2015-05-27","2015-06-10","2016-11-08","NEON.BET.D09.000662","POELUC","Animalia","Arthropoda","Insecta","Coleoptera","Carabidae","Harpalinae","Pterostichini","Poecilus","Poecilus","lucublandus",,"Poecilus lucublandus","Say","species",,"M",,"Lindroth, C. H. 1969. The ground-beetles (Carabidae, excl. Cicindelinae) of Canada and Alaska, parts 1-6. Opuscula E. Entomoligiska Sallskapet.","Robert L. Davidson","Carnegie Museum of Invertebrate Zoology",,"No known compromise","N",,
"3c369e8e-1dab-4c7f-993f-756977ac3616","WOOD_003.basePlot.bet","D09","WOOD","WOOD_003","2015-05-27","2015-06-10","2016-11-14","NEON.BET.D09.000652","HAROPA","Animalia","Arthropoda","Insecta","Coleoptera","Carabidae","Harpalinae","Harpalini","Harpalus","Harpalus","opacipennis",,"Harpalus opacipennis","Haldeman","species",,"M",,"Noonan, G. R. 1991. Classification, Cladistics, and Natural History of Native North American Harpalus Latreille (Insecta: Coleoptera: Carabidae: Harpalini), excluding subgenera Glanodes and Pseudophonus.","Robert L. Davidson","Carnegie Museum of Invertebrate Zoology",,"No known compromise","N",,
"740bfcf1-e3b4-437e-b652-c39374928570","WOOD_003.basePlot.bet","D09","WOOD","WOOD_003","2015-05-27","2015-06-10","2016-11-09","NEON.BET.D09.000656","AGOCON","Animalia","Arthropoda","Insecta","Coleoptera","Carabidae","Harpalinae","Harpalini","Agonoleptus",,"conjunctus",,"Agonoleptus conjunctus","Say","species",,"F",,"Bousquet, Y., and P. W. Messer. 2010. Redescription of Stenolophus thoracicus Casey (Coleoptera, Carabidae, Harpalini), a valid species. ZooKeys 53:25-31.","Robert L. Davidson","Carnegie Museum of Invertebrate Zoology",,"No known compromise","N",,
"cfe2680c-a7be-4083-8813-d22a231714a6","WOOD_003.basePlot.bet","D09","WOOD","WOOD_003","2015-05-27","2015-06-10","2016-11-14","NEON.BET.D09.000653","HAROPA","Animalia","Arthropoda","Insecta","Coleoptera","Carabidae","Harpalinae","Harpalini","Harpalus","Harpalus","opacipennis",,"Harpalus opacipennis","Haldeman","species",,"F",,"Noonan, G. R. 1991. Classification, Cladistics, and Natural History of Native North American Harpalus Latreille (Insecta: Coleoptera: Carabidae: Harpalini), excluding subgenera Glanodes and Pseudophonus.","Robert L. Davidson","Carnegie Museum of Invertebrate Zoology",,"No known compromise","N",,
"aff73930-3a3a-4bdf-8fc7-11202a77b7dc","WOOD_003.basePlot.bet","D09","WOOD","WOOD_003","2015-05-27","2015-06-10","2016-11-14","NEON.BET.D09.000658","HAROPA","Animalia","Arthropoda","Insecta","Coleoptera","Carabidae","Harpalinae","Harpalini","Harpalus","Harpalus","opacipennis",,"Harpalus opacipennis","Haldeman","species",,"F",,"Noonan, G. R. 1991. Classification, Cladistics, and Natural History of Native North American Harpalus Latreille (Insecta: Coleoptera: Carabidae: Harpalini), excluding subgenera Glanodes and Pseudophonus.","Robert L. Davidson","Carnegie Museum of Invertebrate Zoology",,"No known compromise","N",,
"9abbbcad-15ce-4aca-81c0-8df177ab440c","WOOD_003.basePlot.bet","D09","WOOD","WOOD_003","2015-05-27","2015-06-10","2016-11-09","NEON.BET.D09.000650","AGOCON","Animalia","Arthropoda","Insecta","Coleoptera","Carabidae","Harpalinae","Harpalini","Agonoleptus",,"conjunctus",,"Agonoleptus conjunctus","Say","species",,"F",,"Bousquet, Y., and P. W. Messer. 2010. Redescription of Stenolophus thoracicus Casey (Coleoptera, Carabidae, Harpalini), a valid species. ZooKeys 53:25-31.","Robert L. Davidson","Carnegie Museum of Invertebrate Zoology",,"No known compromise","N",,
"9c3f6a3a-3b8a-45f3-9fd3-6599934f713d","WOOD_003.basePlot.bet","D09","WOOD","WOOD_003","2015-05-27","2015-06-10","2016-11-14","NEON.BET.D09.000659","HAROPA","Animalia","Arthropoda","Insecta","Coleoptera","Carabidae","Harpalinae","Harpalini","Harpalus","Harpalus","opacipennis",,"Harpalus opacipennis","Haldeman","species",,"F",,"Noonan, G. R. 1991. Classification, Cladistics, and Natural History of Native North American Harpalus Latreille (Insecta: Coleoptera: Carabidae: Harpalini), excluding subgenera Glanodes and Pseudophonus.","Robert L. Davidson","Carnegie Museum of Invertebrate Zoology",,"No known compromise","N",,
"ccae59a3-49f4-4939-9b59-523861490a96","WOOD_003.basePlot.bet","D09","WOOD","WOOD_003","2015-05-27","2015-06-10","2016-11-09","NEON.BET.D09.000655","AGOCON","Animalia","Arthropoda","Insecta","Coleoptera","Carabidae","Harpalinae","Harpalini","Agonoleptus",,"conjunctus",,"Agonoleptus conjunctus","Say","species",,"F",,"Bousquet, Y., and P. W. Messer. 2010. Redescription of Stenolophus thoracicus Casey (Coleoptera, Carabidae, Harpalini), a valid species. ZooKeys 53:25-31.","Robert L. Davidson","Carnegie Museum of Invertebrate Zoology",,"No known compromise","N",,
"0421f7e5-1a62-480f-ab18-9eba840ce16d","WOOD_003.basePlot.bet","D09","WOOD","WOOD_003","2015-05-27","2015-06-10","2016-11-08","NEON.BET.D09.000648","AGOCUP1","Animalia","Arthropoda","Insecta","Coleoptera","Carabidae","Harpalinae","Platynini","Agonum","Olisares","cupreum",,"Agonum cupreum","Dejean","species",,"F",,"Liebherr, J. K. 1994. Identification of new world Agonum , review of the mexican fauna , and description of Incagonum , new genus , from South America (Coleoptera: Carabidae: Platynini). Journal of The New York Entomological Society 102:1-55.","Robert L. Davidson","Carnegie Museum of Invertebrate Zoology",,"No known compromise","N",,
"19bf02c7-c15b-4d19-ab9c-c914d765bd39","WOOD_003.basePlot.bet","D09","WOOD","WOOD_003","2015-05-27","2015-06-10","2016-11-09","NEON.BET.D09.000657","AGOCON","Animalia","Arthropoda","Insecta","Coleoptera","Carabidae","Harpalinae","Harpalini","Agonoleptus",,"conjunctus",,"Agonoleptus conjunctus","Say","species",,"F",,"Bousquet, Y., and P. W. Messer. 2010. Redescription of Stenolophus thoracicus Casey (Coleoptera, Carabidae, Harpalini), a valid species. ZooKeys 53:25-31.","Robert L. Davidson","Carnegie Museum of Invertebrate Zoology",,"No known compromise","N",,
"b99ef4c0-182c-452d-b6dd-d08dde7f625e","WOOD_003.basePlot.bet","D09","WOOD","WOOD_003","2015-05-27","2015-06-10","2016-11-08","NEON.BET.D09.000647","AGOCUP1","Animalia","Arthropoda","Insecta","Coleoptera","Carabidae","Harpalinae","Platynini","Agonum","Olisares","cupreum",,"Agonum cupreum","Dejean","species",,"F",,"Liebherr, J. K. 1994. Identification of new world Agonum , review of the mexican fauna , and description of Incagonum , new genus , from South America (Coleoptera: Carabidae: Platynini). Journal of The New York Entomological Society 102:1-55.","Robert L. Davidson","Carnegie Museum of Invertebrate Zoology",,"No known compromise","N",,
"c3e05d96-a8fd-4574-b2df-a375c8bf6aa3","WOOD_023.basePlot.bet","D09","WOOD","WOOD_023","2015-05-27","2015-06-10","2016-11-11","NEON.BET.D09.000630","ACUNAN","Animalia","Arthropoda","Insecta","Coleoptera","Carabidae","Harpalinae","Harpalini","Acupalpus","Acupalpus","nanellus",,"Acupalpus nanellus","Casey","species",,"M",,"Lindroth, C. H. 1969. The ground-beetles (Carabidae, excl. Cicindelinae) of Canada and Alaska, parts 1-6. Opuscula E. Entomoligiska Sallskapet.","Robert L. Davidson","Carnegie Museum of Invertebrate Zoology",,"No known compromise","N",,
"01e47b09-c20d-420d-9ece-0106f3472dfb","WOOD_023.basePlot.bet","D09","WOOD","WOOD_023","2015-05-27","2015-06-10","2016-11-11","NEON.BET.D09.000632","ACUNAN","Animalia","Arthropoda","Insecta","Coleoptera","Carabidae","Harpalinae","Harpalini","Acupalpus","Acupalpus","nanellus",,"Acupalpus nanellus","Casey","species",,"F",,"Lindroth, C. H. 1969. The ground-beetles (Carabidae, excl. Cicindelinae) of Canada and Alaska, parts 1-6. Opuscula E. Entomoligiska Sallskapet.","Robert L. Davidson","Carnegie Museum of Invertebrate Zoology",,"No known compromise","N",,
"0edb9c77-56e2-46a2-a6eb-38ff89f4706d","WOOD_023.basePlot.bet","D09","WOOD","WOOD_023","2015-05-27","2015-06-10","2016-11-10","NEON.BET.D09.000625","BEMPRA2","Animalia","Arthropoda","Insecta","Coleoptera","Carabidae","Trechinae","Bembidiini","Bembidion","Semicampa","praticola",,"Bembidion praticola","Lindroth","species",,"M",,"Bousquet, Y., and R. Webster. 2006.  Descriptions of three new species of Bembidion Latreille (Coleoptera: Carabidae) occurring in Canada. Zootaxa 1297:23-35.","Robert L. Davidson","Carnegie Museum of Invertebrate Zoology",,"No known compromise","N",,
"d7f38724-0b39-4eae-860f-dad2cc29ee27","WOOD_023.basePlot.bet","D09","WOOD","WOOD_023","2015-05-27","2015-06-10","2016-11-11","NEON.BET.D09.000633","ACUNAN","Animalia","Arthropoda","Insecta","Coleoptera","Carabidae","Harpalinae","Harpalini","Acupalpus","Acupalpus","nanellus",,"Acupalpus nanellus","Casey","species",,"F",,"Lindroth, C. H. 1969. The ground-beetles (Carabidae, excl. Cicindelinae) of Canada and Alaska, parts 1-6. Opuscula E. Entomoligiska Sallskapet.","Robert L. Davidson","Carnegie Museum of Invertebrate Zoology",,"No known compromise","N",,
"ba0cd977-22ff-44a3-bfc1-fe8ed1575764","WOOD_023.basePlot.bet","D09","WOOD","WOOD_023","2015-05-27","2015-06-10","2016-11-08","NEON.BET.D09.000629","OXYPUS","Animalia","Arthropoda","Insecta","Coleoptera","Carabidae","Harpalinae","Platynini","Oxypselaphus",,"pusillus",,"Oxypselaphus pusillus","LeConte","species",,"F",,"Lindroth, C. H. 1969. The ground-beetles (Carabidae, excl. Cicindelinae) of Canada and Alaska, parts 1-6. Opuscula E. Entomoligiska Sallskapet.","Robert L. Davidson","Carnegie Museum of Invertebrate Zoology",,"No known compromise","N",,
"559b93e9-9e64-48ed-b457-6e998e064e6f","WOOD_023.basePlot.bet","D09","WOOD","WOOD_023","2015-05-27","2015-06-10","2016-10-28","NEON.BET.D09.000626","CARMAE","Animalia","Arthropoda","Insecta","Coleoptera","Carabidae","Carabinae","Carabini","Carabus","Homoeocarabus","maeander","maeander","Carabus maeander maeander","Fischer von Waldheim","subspecies",,"M",,"Lindroth, C. H. 1969. The ground-beetles (Carabidae, excl. Cicindelinae) of Canada and Alaska, parts 1-6. Opuscula E. Entomoligiska Sallskapet.","Robert L. Davidson","Carnegie Museum of Invertebrate Zoology",,"No known compromise","N",,
"b7ff75cc-a61d-470d-829d-5ff136dc53a2","WOOD_023.basePlot.bet","D09","WOOD","WOOD_023","2015-05-27","2015-06-10","2016-11-09","NEON.BET.D09.000623","BRACYA2","Animalia","Arthropoda","Insecta","Coleoptera","Carabidae","Brachininae","Brachinini","Brachinus","Neobrachinus","cyanochroaticus",,"Brachinus cyanochroaticus","Erwin","species",,"M",,"Erwin, T. L. 1970a. A Reclassification of Bombardier Beetles and a Taxonomic Revision of the North and Middle American Species (Carabidae: Brachinida). Quaestiones Entomologicae 6:4-215.","Robert L. Davidson","Carnegie Museum of Invertebrate Zoology",,"No known compromise","N",,
"f4608391-ce0e-46d1-a733-07dda0e7c97e","WOOD_023.basePlot.bet","D09","WOOD","WOOD_023","2015-05-27","2015-06-10","2016-11-09","NEON.BET.D09.000628","PTELUC","Animalia","Arthropoda","Insecta","Coleoptera","Carabidae","Harpalinae","Pterostichini","Pterostichus","Pseudomaseus","luctuosus",,"Pterostichus luctuosus","Dejean","species",,"F",,"Bousquet, Y., and J.-G. Pilon. 1984. Redescription of Pterostichus (Pseudomaseus) tenuis (Casey), a valid species (Coleoptera: Carabidae).  The Coleopterists Bulletin 37[1983]:389-396.","Robert L. Davidson","Carnegie Museum of Invertebrate Zoology",,"No known compromise","N",,
"1facc9fc-f82f-45b6-9187-ceb5208ad21e","WOOD_023.basePlot.bet","D09","WOOD","WOOD_023","2015-05-27","2015-06-10","2016-11-10","NEON.BET.D09.000631","BEMPRA2","Animalia","Arthropoda","Insecta","Coleoptera","Carabidae","Trechinae","Bembidiini","Bembidion","Semicampa","praticola",,"Bembidion praticola","Lindroth","species",,"F",,"Bousquet, Y., and R. Webster. 2006.  Descriptions of three new species of Bembidion Latreille (Coleoptera: Carabidae) occurring in Canada. Zootaxa 1297:23-35.","Robert L. Davidson","Carnegie Museum of Invertebrate Zoology",,"No known compromise","N",,
"91bb80f2-e4f8-408e-b8c3-061eb07a55fe","WOOD_006.basePlot.bet","D09","WOOD","WOOD_006","2015-05-27","2015-06-10","2016-11-09","NEON.BET.D09.000634","AGOCON","Animalia","Arthropoda","Insecta","Coleoptera","Carabidae","Harpalinae","Harpalini","Agonoleptus",,"conjunctus",,"Agonoleptus conjunctus","Say","species",,"M",,"Bousquet, Y., and P. W. Messer. 2010. Redescription of Stenolophus thoracicus Casey (Coleoptera, Carabidae, Harpalini), a valid species. ZooKeys 53:25-31.","Robert L. Davidson","Carnegie Museum of Invertebrate Zoology",,"No known compromise","N",,
"bf261bca-0aee-49fb-bc15-6db80aa343b1","WOOD_024.basePlot.bet","D09","WOOD","WOOD_024","2015-05-27","2015-06-10","2016-10-28","NEON.BET.D09.000617","CARMAE","Animalia","Arthropoda","Insecta","Coleoptera","Carabidae","Carabinae","Carabini","Carabus","Homoeocarabus","maeander","maeander","Carabus maeander maeander","Fischer von Waldheim","subspecies",,"F",,"Lindroth, C. H. 1969. The ground-beetles (Carabidae, excl. Cicindelinae) of Canada and Alaska, parts 1-6. Opuscula E. Entomoligiska Sallskapet.","Robert L. Davidson","Carnegie Museum of Invertebrate Zoology",,"No known compromise","N",,
"41d3ea77-ec76-4be2-bace-35d013b28f9b","WOOD_021.basePlot.bet","D09","WOOD","WOOD_021","2015-05-27","2015-06-10","2016-11-07","NEON.BET.D09.000635","CHLSER","Animalia","Arthropoda","Insecta","Coleoptera","Carabidae","Harpalinae","Chlaeniini","Chlaenius","Chlaenius","sericeus",,"Chlaenius sericeus","Forster","species",,"F",,"Bell, R. T. 1960. A Revision of the Genus Chlaenius Bonelli (Coleoptera, Carabidae) in North America. Miscellaneous Publications of the Entomological Society of America 1:98-166.","Robert L. Davidson","Carnegie Museum of Invertebrate Zoology",,"No known compromise","N",,
"3f67a32b-33e0-46c2-b9a9-05047a2be277","WOOD_007.basePlot.bet","D09","WOOD","WOOD_007","2015-05-27","2015-06-10","2016-11-15","NEON.BET.D09.000637","AMATEN1","Animalia","Arthropoda","Insecta","Coleoptera","Carabidae","Harpalinae","Zabrini","Amara","Amara","tenax",,"Amara tenax","Casey","species",,"F",,"Hieke, F. 2003. Die Gruppe der Amara (Amara) cupreolata Putzeys 1866 (Coleoptera: Carabidae). Linzer Biologische BeitrÃ¤ge 35:201-216.","Robert L. Davidson","Carnegie Museum of Invertebrate Zoology",,"No known compromise","N",,
"a8683ed5-7cd3-4a31-9cac-d4db3fb0f415","WOOD_005.basePlot.bet","D09","WOOD","WOOD_005","2015-05-27","2015-06-10","2016-11-10","NEON.BET.D09.000621","BEMQUA4","Animalia","Arthropoda","Insecta","Coleoptera","Carabidae","Trechinae","Bembidiini","Bembidion","Bembidion","quadrimaculatum","oppositum","Bembidion quadrimaculatum oppositum","Say","subspecies",,"F",,"Lindroth, C. H. 1969. The ground-beetles (Carabidae, excl. Cicindelinae) of Canada and Alaska, parts 1-6. Opuscula E. Entomoligiska Sallskapet.","Robert L. Davidson","Carnegie Museum of Invertebrate Zoology",,"No known compromise","N",,
"0f06cdfa-b016-4f8d-9953-c82b713e7993","WOOD_007.basePlot.bet","D09","WOOD","WOOD_007","2015-05-27","2015-06-10","2016-11-09","NEON.BET.D09.000644","AGOCON","Animalia","Arthropoda","Insecta","Coleoptera","Carabidae","Harpalinae","Harpalini","Agonoleptus",,"conjunctus",,"Agonoleptus conjunctus","Say","species",,"M",,"Bousquet, Y., and P. W. Messer. 2010. Redescription of Stenolophus thoracicus Casey (Coleoptera, Carabidae, Harpalini), a valid species. ZooKeys 53:25-31.","Robert L. Davidson","Carnegie Museum of Invertebrate Zoology",,"No known compromise","N",,
"04b6fbdf-6193-4a61-b4c1-1487c92c2fa2","WOOD_024.basePlot.bet","D09","WOOD","WOOD_024","2015-05-27","2015-06-10","2016-10-28","NEON.BET.D09.000618","CARMAE","Animalia","Arthropoda","Insecta","Coleoptera","Carabidae","Carabinae","Carabini","Carabus","Homoeocarabus","maeander","maeander","Carabus maeander maeander","Fischer von Waldheim","subspecies",,"M",,"Lindroth, C. H. 1969. The ground-beetles (Carabidae, excl. Cicindelinae) of Canada and Alaska, parts 1-6. Opuscula E. Entomoligiska Sallskapet.","Robert L. Davidson","Carnegie Museum of Invertebrate Zoology",,"No known compromise","N",,
"7923ff7d-372f-458b-8d92-2dfda17c1e15","WOOD_024.basePlot.bet","D09","WOOD","WOOD_024","2015-05-27","2015-06-10","2016-11-11","NEON.BET.D09.000619","HARSOM","Animalia","Arthropoda","Insecta","Coleoptera","Carabidae","Harpalinae","Harpalini","Harpalus","Harpalus","somnulentus",,"Harpalus somnulentus","Dejean","species",,"M",,"Noonan, G. R. 1991. Classification, Cladistics, and Natural History of Native North American Harpalus Latreille (Insecta: Coleoptera: Carabidae: Harpalini), excluding subgenera Glanodes and Pseudophonus.","Robert L. Davidson","Carnegie Museum of Invertebrate Zoology",,"No known compromise","N",,
"6704c36d-b684-49a4-a028-78e73519933f","WOOD_024.basePlot.bet","D09","WOOD","WOOD_024","2015-05-27","2015-06-10","2016-11-11","NEON.BET.D09.000620","ACUNAN","Animalia","Arthropoda","Insecta","Coleoptera","Carabidae","Harpalinae","Harpalini","Acupalpus","Acupalpus","nanellus",,"Acupalpus nanellus","Casey","species",,"M",,"Lindroth, C. H. 1969. The ground-beetles (Carabidae, excl. Cicindelinae) of Canada and Alaska, parts 1-6. Opuscula E. Entomoligiska Sallskapet.","Robert L. Davidson","Carnegie Museum of Invertebrate Zoology",,"No known compromise","N",,
"8108bfd6-0f23-48a1-aabd-3c8f26a1ffa7","WOOD_003.basePlot.bet","D09","WOOD","WOOD_003","2015-06-10","2015-06-24","2016-11-11","NEON.BET.D09.000711","HARSOM","Animalia","Arthropoda","Insecta","Coleoptera","Carabidae","Harpalinae","Harpalini","Harpalus","Harpalus","somnulentus",,"Harpalus somnulentus","Dejean","species",,"M",,"Noonan, G. R. 1991. Classification, Cladistics, and Natural History of Native North American Harpalus Latreille (Insecta: Coleoptera: Carabidae: Harpalini), excluding subgenera Glanodes and Pseudophonus.","Robert L. Davidson","Carnegie Museum of Invertebrate Zoology",,"No known compromise","N",,
"f3b8b08d-3525-4f97-93ee-0fe15ac9bb3d","WOOD_021.basePlot.bet","D09","WOOD","WOOD_021","2015-06-10","2015-06-24","2016-11-10","NEON.BET.D09.000670","ELAINC","Animalia","Arthropoda","Insecta","Coleoptera","Carabidae","Trechinae","Bembidiini","Elaphropus","Barytachys","incurvus",,"Elaphropus incurvus","Say","species",,"F",,"Lindroth, C. H. 1969. The ground-beetles (Carabidae, excl. Cicindelinae) of Canada and Alaska, parts 1-6. Opuscula E. Entomoligiska Sallskapet.","Robert L. Davidson","Carnegie Museum of Invertebrate Zoology",,"No known compromise","N",,
"94713765-2f23-4965-9a1a-5b2f81818387","WOOD_003.basePlot.bet","D09","WOOD","WOOD_003","2015-06-10","2015-06-24","2016-11-14","NEON.BET.D09.000705","HAROPA","Animalia","Arthropoda","Insecta","Coleoptera","Carabidae","Harpalinae","Harpalini","Harpalus","Harpalus","opacipennis",,"Harpalus opacipennis","Haldeman","species",,"F",,"Noonan, G. R. 1991. Classification, Cladistics, and Natural History of Native North American Harpalus Latreille (Insecta: Coleoptera: Carabidae: Harpalini), excluding subgenera Glanodes and Pseudophonus.","Robert L. Davidson","Carnegie Museum of Invertebrate Zoology",,"No known compromise","N",,
"98d8ac1d-4c22-4db6-b9f2-dac37ee9ff8a","WOOD_003.basePlot.bet","D09","WOOD","WOOD_003","2015-06-10","2015-06-24","2016-11-14","NEON.BET.D09.000704","HAROPA","Animalia","Arthropoda","Insecta","Coleoptera","Carabidae","Harpalinae","Harpalini","Harpalus","Harpalus","opacipennis",,"Harpalus opacipennis","Haldeman","species",,"F",,"Noonan, G. R. 1991. Classification, Cladistics, and Natural History of Native North American Harpalus Latreille (Insecta: Coleoptera: Carabidae: Harpalini), excluding subgenera Glanodes and Pseudophonus.","Robert L. Davidson","Carnegie Museum of Invertebrate Zoology",,"No known compromise","N",,
"5a339831-1a60-43c9-9fad-1c476e84c77f","WOOD_003.basePlot.bet","D09","WOOD","WOOD_003","2015-06-10","2015-06-24","2016-11-15","NEON.BET.D09.000713","AMAANG2","Animalia","Arthropoda","Insecta","Coleoptera","Carabidae","Harpalinae","Zabrini","Amara","Zezea","angustatoides",,"Amara angustatoides","Hieke","species",,"F",,"Hieke, F. 2000. Revision einiger Gruppen und neue Arten der Gattung Amara Bonelli, 1810 (Coleoptera: Carabidae). Annales Historico-Naturales Musei Nationalis Hungarici 92:41-143.","Robert L. Davidson","Carnegie Museum of Invertebrate Zoology",,"No known compromise","N",,
"74a6b545-0e65-447e-a35c-bcb24e3f22f2","WOOD_003.basePlot.bet","D09","WOOD","WOOD_003","2015-06-10","2015-06-24","2016-11-08","NEON.BET.D09.000709","AGOCUP1","Animalia","Arthropoda","Insecta","Coleoptera","Carabidae","Harpalinae","Platynini","Agonum","Olisares","cupreum",,"Agonum cupreum","Dejean","species",,"F",,"Liebherr, J. K. 1994. Identification of new world Agonum , review of the mexican fauna , and description of Incagonum , new genus , from South America (Coleoptera: Carabidae: Platynini). Journal of The New York Entomological Society 102:1-55.","Robert L. Davidson","Carnegie Museum of Invertebrate Zoology",,"No known compromise","N",,
"0ff5e686-ef13-4421-ad8b-6a5442ca3d61","WOOD_003.basePlot.bet","D09","WOOD","WOOD_003","2015-06-10","2015-06-24","2016-11-09","NEON.BET.D09.000710","AGOCON","Animalia","Arthropoda","Insecta","Coleoptera","Carabidae","Harpalinae","Harpalini","Agonoleptus",,"conjunctus",,"Agonoleptus conjunctus","Say","species",,"M",,"Bousquet, Y., and P. W. Messer. 2010. Redescription of Stenolophus thoracicus Casey (Coleoptera, Carabidae, Harpalini), a valid species. ZooKeys 53:25-31.","Robert L. Davidson","Carnegie Museum of Invertebrate Zoology",,"No known compromise","N",,
"c4b5fbd4-1fa0-47ad-9229-61e326b72e2a","WOOD_003.basePlot.bet","D09","WOOD","WOOD_003","2015-06-10","2015-06-24","2016-11-14","NEON.BET.D09.000703","HAROPA","Animalia","Arthropoda","Insecta","Coleoptera","Carabidae","Harpalinae","Harpalini","Harpalus","Harpalus","opacipennis",,"Harpalus opacipennis","Haldeman","species",,"M",,"Noonan, G. R. 1991. Classification, Cladistics, and Natural History of Native North American Harpalus Latreille (Insecta: Coleoptera: Carabidae: Harpalini), excluding subgenera Glanodes and Pseudophonus.","Robert L. Davidson","Carnegie Museum of Invertebrate Zoology",,"No known compromise","N",,
"c39c4236-d81f-45ab-bed6-2e19241c603f","WOOD_003.basePlot.bet","D09","WOOD","WOOD_003","2015-06-10","2015-06-24","2016-11-08","NEON.BET.D09.000708","AGOCUP1","Animalia","Arthropoda","Insecta","Coleoptera","Carabidae","Harpalinae","Platynini","Agonum","Olisares","cupreum",,"Agonum cupreum","Dejean","species",,"M",,"Liebherr, J. K. 1994. Identification of new world Agonum , review of the mexican fauna , and description of Incagonum , new genus , from South America (Coleoptera: Carabidae: Platynini). Journal of The New York Entomological Society 102:1-55.","Robert L. Davidson","Carnegie Museum of Invertebrate Zoology",,"No known compromise","N",,
"64e7d69b-9f7d-47c1-ad23-c37b57c686fa","WOOD_003.basePlot.bet","D09","WOOD","WOOD_003","2015-06-10","2015-06-24","2016-11-14","NEON.BET.D09.000702","HAROPA","Animalia","Arthropoda","Insecta","Coleoptera","Carabidae","Harpalinae","Harpalini","Harpalus","Harpalus","opacipennis",,"Harpalus opacipennis","Haldeman","species",,"F",,"Noonan, G. R. 1991. Classification, Cladistics, and Natural History of Native North American Harpalus Latreille (Insecta: Coleoptera: Carabidae: Harpalini), excluding subgenera Glanodes and Pseudophonus.","Robert L. Davidson","Carnegie Museum of Invertebrate Zoology",,"No known compromise","N",,
"8929076c-786e-4622-8f2d-c59adab0d82e","WOOD_023.basePlot.bet","D09","WOOD","WOOD_023","2015-06-10","2015-06-24","2016-11-10","NEON.BET.D09.000669","BEMPRA2","Animalia","Arthropoda","Insecta","Coleoptera","Carabidae","Trechinae","Bembidiini","Bembidion","Semicampa","praticola",,"Bembidion praticola","Lindroth","species",,"M",,"Bousquet, Y., and R. Webster. 2006.  Descriptions of three new species of Bembidion Latreille (Coleoptera: Carabidae) occurring in Canada. Zootaxa 1297:23-35.","Robert L. Davidson","Carnegie Museum of Invertebrate Zoology",,"No known compromise","N",,
"2e010048-6e9c-413d-969e-68f100195b4e","WOOD_023.basePlot.bet","D09","WOOD","WOOD_023","2015-06-10","2015-06-24","2016-11-10","NEON.BET.D09.000668","BEMPRA2","Animalia","Arthropoda","Insecta","Coleoptera","Carabidae","Trechinae","Bembidiini","Bembidion","Semicampa","praticola",,"Bembidion praticola","Lindroth","species",,"M",,"Bousquet, Y., and R. Webster. 2006.  Descriptions of three new species of Bembidion Latreille (Coleoptera: Carabidae) occurring in Canada. Zootaxa 1297:23-35.","Robert L. Davidson","Carnegie Museum of Invertebrate Zoology",,"No known compromise","N",,
"16154cf0-e921-4c64-bc4f-6e473654ce0f","WOOD_023.basePlot.bet","D09","WOOD","WOOD_023","2015-06-10","2015-06-24","2016-10-19","NEON.BET.D09.000667","PTECOR3","Animalia","Arthropoda","Insecta","Coleoptera","Carabidae","Harpalinae","Pterostichini","Pterostichus","Melanius","corvinus",,"Pterostichus corvinus","Dejean","species",,"F",,"Lindroth, C. H. 1969. The ground-beetles (Carabidae, excl. Cicindelinae) of Canada and Alaska, parts 1-6. Opuscula E. Entomoligiska Sallskapet.","Robert L. Davidson","Carnegie Museum of Invertebrate Zoology",,"No known compromise","N",,
"f072ad79-8510-4bcc-a966-0fef818d189f","WOOD_023.basePlot.bet","D09","WOOD","WOOD_023","2015-06-10","2015-06-24","2016-11-09","NEON.BET.D09.000665","PTEPAT","Animalia","Arthropoda","Insecta","Coleoptera","Carabidae","Harpalinae","Pterostichini","Pterostichus","Phonias","patruelis",,"Pterostichus patruelis","Dejean","species",,"F",,"Lindroth, C. H. 1969. The ground-beetles (Carabidae, excl. Cicindelinae) of Canada and Alaska, parts 1-6. Opuscula E. Entomoligiska Sallskapet.","Robert L. Davidson","Carnegie Museum of Invertebrate Zoology",,"No known compromise","N",,
"a2268b89-6b56-4512-a73c-f8a15b80e6aa","WOOD_023.basePlot.bet","D09","WOOD","WOOD_023","2015-06-10","2015-06-24","2016-11-10","NEON.BET.D09.000666","BEMPRA2","Animalia","Arthropoda","Insecta","Coleoptera","Carabidae","Trechinae","Bembidiini","Bembidion","Semicampa","praticola",,"Bembidion praticola","Lindroth","species",,"M",,"Bousquet, Y., and R. Webster. 2006.  Descriptions of three new species of Bembidion Latreille (Coleoptera: Carabidae) occurring in Canada. Zootaxa 1297:23-35.","Robert L. Davidson","Carnegie Museum of Invertebrate Zoology",,"No known compromise","N",,
"e2ab66fc-0867-4ab6-b8a4-a57fdad9fb26","WOOD_006.basePlot.bet","D09","WOOD","WOOD_006","2015-06-10","2015-06-24","2016-10-13","NEON.BET.D09.000680","PTEMEL","Animalia","Arthropoda","Insecta","Coleoptera","Carabidae","Harpalinae","Pterostichini","Pterostichus","Morphnosoma","melanarius","melanarius","Pterostichus melanarius melanarius","Illiger","subspecies",,"F",,"Lindroth, C. H. 1969. The ground-beetles (Carabidae, excl. Cicindelinae) of Canada and Alaska, parts 1-6. Opuscula E. Entomoligiska Sallskapet.","Robert L. Davidson","Carnegie Museum of Invertebrate Zoology",,"No known compromise","N",,
"014906d0-ce8f-474a-9bdb-e717184abd90","WOOD_006.basePlot.bet","D09","WOOD","WOOD_006","2015-06-10","2015-06-24","2016-11-08","NEON.BET.D09.000684","POELUC","Animalia","Arthropoda","Insecta","Coleoptera","Carabidae","Harpalinae","Pterostichini","Poecilus","Poecilus","lucublandus",,"Poecilus lucublandus","Say","species",,"F",,"Lindroth, C. H. 1969. The ground-beetles (Carabidae, excl. Cicindelinae) of Canada and Alaska, parts 1-6. Opuscula E. Entomoligiska Sallskapet.","Robert L. Davidson","Carnegie Museum of Invertebrate Zoology",,"No known compromise","N",,
"e9c7de35-3c4c-44b5-843b-0c6690e4d36c","WOOD_024.basePlot.bet","D09","WOOD","WOOD_024","2015-06-10","2015-06-24","2016-11-11","NEON.BET.D09.000671","ANIHAR2","Animalia","Arthropoda","Insecta","Coleoptera","Carabidae","Harpalinae","Harpalini","Anisodactylus","Anisodactylus","harrisii",,"Anisodactylus harrisii","LeConte","species",,"F",,"Lindroth, C. H. 1969. The ground-beetles (Carabidae, excl. Cicindelinae) of Canada and Alaska, parts 1-6. Opuscula E. Entomoligiska Sallskapet.","Robert L. Davidson","Carnegie Museum of Invertebrate Zoology",,"No known compromise","N",,
"c3667b7b-769e-40ba-8662-f16ea773afb1","WOOD_024.basePlot.bet","D09","WOOD","WOOD_024","2015-06-10","2015-06-24","2016-11-09","NEON.BET.D09.000674","SYNAME","Animalia","Arthropoda","Insecta","Coleoptera","Carabidae","Harpalinae","Lebiini","Syntomus",,"americanus",,"Syntomus americanus","Dejean","species",,"F",,"Lindroth, C. H. 1969. The ground-beetles (Carabidae, excl. Cicindelinae) of Canada and Alaska, parts 1-6. Opuscula E. Entomoligiska Sallskapet.","Robert L. Davidson","Carnegie Museum of Invertebrate Zoology",,"No known compromise","N",,"State Record for North Dakota"
"de612c64-a86b-4017-a36d-18986a642da2","WOOD_024.basePlot.bet","D09","WOOD","WOOD_024","2015-06-10","2015-06-24","2016-11-10","NEON.BET.D09.000673","BEMPRA2","Animalia","Arthropoda","Insecta","Coleoptera","Carabidae","Trechinae","Bembidiini","Bembidion","Semicampa","praticola",,"Bembidion praticola","Lindroth","species",,"M",,"Bousquet, Y., and R. Webster. 2006.  Descriptions of three new species of Bembidion Latreille (Coleoptera: Carabidae) occurring in Canada. Zootaxa 1297:23-35.","Robert L. Davidson","Carnegie Museum of Invertebrate Zoology",,"No known compromise","N",,
"095ba30d-85fa-413d-86da-b780f93e605a","WOOD_001.basePlot.bet","D09","WOOD","WOOD_001","2015-06-10","2015-06-24","2016-11-15","NEON.BET.D09.000682","AMAANG2","Animalia","Arthropoda","Insecta","Coleoptera","Carabidae","Harpalinae","Zabrini","Amara","Zezea","angustatoides",,"Amara angustatoides","Hieke","species",,"F",,"Hieke, F. 2000. Revision einiger Gruppen und neue Arten der Gattung Amara Bonelli, 1810 (Coleoptera: Carabidae). Annales Historico-Naturales Musei Nationalis Hungarici 92:41-143.","Robert L. Davidson","Carnegie Museum of Invertebrate Zoology",,"No known compromise","N",,
"96fd6e67-409e-4b78-a7b3-1bfb13768240","WOOD_001.basePlot.bet","D09","WOOD","WOOD_001","2015-06-10","2015-06-24","2016-11-11","NEON.BET.D09.000683","STECOM","Animalia","Arthropoda","Insecta","Coleoptera","Carabidae","Harpalinae","Harpalini","Stenolophus","Agonoderus","comma",,"Stenolophus comma","Fabricius","species",,"F",,"Lindroth, C. H. 1969. The ground-beetles (Carabidae, excl. Cicindelinae) of Canada and Alaska, parts 1-6. Opuscula E. Entomoligiska Sallskapet.","Robert L. Davidson","Carnegie Museum of Invertebrate Zoology",,"No known compromise","N",,
"5d6e66b7-9f8d-47e1-91ba-cf69b69e9ab7","WOOD_001.basePlot.bet","D09","WOOD","WOOD_001","2015-06-10","2015-06-24","2016-10-13","NEON.BET.D09.000681","PTEMEL","Animalia","Arthropoda","Insecta","Coleoptera","Carabidae","Harpalinae","Pterostichini","Pterostichus","Morphnosoma","melanarius","melanarius","Pterostichus melanarius melanarius","Illiger","subspecies",,"F",,"Lindroth, C. H. 1969. The ground-beetles (Carabidae, excl. Cicindelinae) of Canada and Alaska, parts 1-6. Opuscula E. Entomoligiska Sallskapet.","Robert L. Davidson","Carnegie Museum of Invertebrate Zoology",,"No known compromise","N",,
"7a60b9e5-e8f0-4b73-80b8-31f8e7ca3527","WOOD_002.basePlot.bet","D09","WOOD","WOOD_002","2015-06-10","2015-06-24","2016-11-10","NEON.BET.D09.000675","BEMPRA2","Animalia","Arthropoda","Insecta","Coleoptera","Carabidae","Trechinae","Bembidiini","Bembidion","Semicampa","praticola",,"Bembidion praticola","Lindroth","species",,"F",,"Bousquet, Y., and R. Webster. 2006.  Descriptions of three new species of Bembidion Latreille (Coleoptera: Carabidae) occurring in Canada. Zootaxa 1297:23-35.","Robert L. Davidson","Carnegie Museum of Invertebrate Zoology",,"No known compromise","N",,
"82efb9f1-10ea-434c-870a-6866da5d01e3","WOOD_002.basePlot.bet","D09","WOOD","WOOD_002","2015-06-10","2015-06-24","2016-10-13","NEON.BET.D09.000676","PTEMEL","Animalia","Arthropoda","Insecta","Coleoptera","Carabidae","Harpalinae","Pterostichini","Pterostichus","Morphnosoma","melanarius","melanarius","Pterostichus melanarius melanarius","Illiger","subspecies",,"M",,"Lindroth, C. H. 1969. The ground-beetles (Carabidae, excl. Cicindelinae) of Canada and Alaska, parts 1-6. Opuscula E. Entomoligiska Sallskapet.","Robert L. Davidson","Carnegie Museum of Invertebrate Zoology",,"No known compromise","N",,
"40a2d62e-c488-4bb3-a05c-560f038ce847","WOOD_007.basePlot.bet","D09","WOOD","WOOD_007","2015-06-10","2015-06-24","2016-11-09","NEON.BET.D09.000692","AGOCON","Animalia","Arthropoda","Insecta","Coleoptera","Carabidae","Harpalinae","Harpalini","Agonoleptus",,"conjunctus",,"Agonoleptus conjunctus","Say","species",,"F",,"Bousquet, Y., and P. W. Messer. 2010. Redescription of Stenolophus thoracicus Casey (Coleoptera, Carabidae, Harpalini), a valid species. ZooKeys 53:25-31.","Robert L. Davidson","Carnegie Museum of Invertebrate Zoology",,"No known compromise","N",,
"f0c19e8b-679d-4833-8a47-f80978bfc30a","WOOD_005.basePlot.bet","D09","WOOD","WOOD_005","2015-06-10","2015-06-24","2016-11-10","NEON.BET.D09.000678","BEMQUA4","Animalia","Arthropoda","Insecta","Coleoptera","Carabidae","Trechinae","Bembidiini","Bembidion","Bembidion","quadrimaculatum","oppositum","Bembidion quadrimaculatum oppositum","Say","subspecies",,"F",,"Lindroth, C. H. 1969. The ground-beetles (Carabidae, excl. Cicindelinae) of Canada and Alaska, parts 1-6. Opuscula E. Entomoligiska Sallskapet.","Robert L. Davidson","Carnegie Museum of Invertebrate Zoology",,"No known compromise","N",,
"0f8c35c7-748e-4c3c-93da-374d44a34bfe","WOOD_003.basePlot.bet","D09","WOOD","WOOD_003","2015-06-10","2015-06-24","2016-11-15","NEON.BET.D09.000712","AMATEN1","Animalia","Arthropoda","Insecta","Coleoptera","Carabidae","Harpalinae","Zabrini","Amara","Amara","tenax",,"Amara tenax","Casey","species",,"F",,"Hieke, F. 2003. Die Gruppe der Amara (Amara) cupreolata Putzeys 1866 (Coleoptera: Carabidae). Linzer Biologische BeitrÃ¤ge 35:201-216.","Robert L. Davidson","Carnegie Museum of Invertebrate Zoology",,"No known compromise","N",,
