uid,namedLocation,domainID,siteID,plotID,trapID,setDate,collectDate,processingDate,identifiedDate,subsampleID,individualID,taxonID,scientificName,taxonRank,identificationQualifier,scientificNameAuthorship,morphospeciesID,identificationReferences,totalLength,identifiedBy,recordedBy,remarks
"1f455b10-6132-44b0-93ee-1a6c81e3f1b7","WOOD_023.basePlot.bet","D09","WOOD","WOOD_023","E","2015-05-27","2015-06-10","2015-10-05","2016-01-20","HkhQBNKo1QDH9WfGaaJTwP22RnukSBwQCp30WctkizM=","NEON.BET.D09.000623","BRACYA2","Brachinus cyanochroaticus","species",,"Erwin",,"Lindroth, C. H. 1969. The ground-beetles (Carabidae, excl. Cicindelinae) of Canada and Alaska, parts 1-6. Opuscula E. Entomoligiska Sallskapet.",,"4oCBvlQIQ4DhSH30J22+0bs0GAacIQwk","eE6kvSR3uoy9zdn7o7etq88/xsP7F3Qo",
"9bc05cb5-f45c-4411-bfa2-c6f9ae64f677","WOOD_003.basePlot.bet","D09","WOOD","WOOD_003","E","2015-05-27","2015-06-10","2015-10-07","2016-01-20","gVhx7bcr2vPfgD1jJpAncCqkuh3OyLSvQUtSVqigoIg=","NEON.BET.D09.000652","HAROPA","Harpalus opacipennis","species","cf. species","Haldeman",,"Lindroth, C. H. 1969. The ground-beetles (Carabidae, excl. Cicindelinae) of Canada and Alaska, parts 1-6. Opuscula E. Entomoligiska Sallskapet.",,"4oCBvlQIQ4DhSH30J22+0bs0GAacIQwk","eE6kvSR3uoy9zdn7o7etq88/xsP7F3Qo","shoulder tooth small but sharp| no or little punctuation on prothorax| head narrow| basal side margins of prothorax nearly straight| size 7.5 to 9.3 mm.| could be H. nigritarsus but labial palpae not infuscated"
"d7f78858-5578-406e-aa39-c9f6713597c9","WOOD_023.basePlot.bet","D09","WOOD","WOOD_023","E","2015-05-27","2015-06-10","2015-10-05","2016-01-20","HkhQBNKo1QDH9WfGaaJTwP22RnukSBwQCp30WctkizM=","NEON.BET.D09.000624","BRACYA2","Brachinus cyanochroaticus","species",,"Erwin",,"Lindroth, C. H. 1969. The ground-beetles (Carabidae, excl. Cicindelinae) of Canada and Alaska, parts 1-6. Opuscula E. Entomoligiska Sallskapet.",,"4oCBvlQIQ4DhSH30J22+0bs0GAacIQwk","eE6kvSR3uoy9zdn7o7etq88/xsP7F3Qo",
"fb166f18-f10e-4b4c-bdac-d00f6b4b637d","WOOD_023.basePlot.bet","D09","WOOD","WOOD_023","E","2015-05-27","2015-06-10","2015-10-05","2016-01-20","HkhQBNKo1QDH9WfGaaJTwP22RnukSBwQCp30WctkizM=","NEON.BET.D09.000622","BRACYA2","Brachinus cyanochroaticus","species",,"Erwin",,"Lindroth, C. H. 1969. The ground-beetles (Carabidae, excl. Cicindelinae) of Canada and Alaska, parts 1-6. Opuscula E. Entomoligiska Sallskapet.",,"4oCBvlQIQ4DhSH30J22+0bs0GAacIQwk","eE6kvSR3uoy9zdn7o7etq88/xsP7F3Qo",
"cbaac5db-09ee-42a3-b3cf-7e3374778c49","WOOD_023.basePlot.bet","D09","WOOD","WOOD_023","E","2015-05-27","2015-06-10","2015-10-05","2016-01-13","HkhQBNKo1QDH9WfGaaJTwK2tCXhXo+J8uFg/YEr7Zcc=","NEON.BET.D09.000625","BEMPRA2","Bembidion praticola","species","cf. species","Lindroth",,"Lindroth, C. H. 1969. The ground-beetles (Carabidae, excl. Cicindelinae) of Canada and Alaska, parts 1-6. Opuscula E. Entomoligiska Sallskapet.",,"4oCBvlQIQ4DhSH30J22+0bs0GAacIQwk","eE6kvSR3uoy9zdn7o7etq88/xsP7F3Qo","elytra dark reddish| pale legs| frontal furrows nearly parallel| first 3 segments of antennae pale| little microsculpture evident on prothorax but strong on elytra| 1 interval hardly paler| prothorax hind angles nearly right| size 2.8 to 3.5 mm."
"d507f1f9-dfd3-49af-8e73-5fe7d0e0ab5d","WOOD_004.basePlot.bet","D09","WOOD","WOOD_004","E","2015-05-27","2015-06-10","2015-10-07","2016-01-20","tVkCk1nh7tHYZrRML8ZImVPHGhjMhteuQCIlCQdamKU=","NEON.BET.D09.000662","POELUC","Poecilus lucublandus","species",,"Say",,"Lindroth, C. H. 1969. The ground-beetles (Carabidae, excl. Cicindelinae) of Canada and Alaska, parts 1-6. Opuscula E. Entomoligiska Sallskapet.",,"4oCBvlQIQ4DhSH30J22+0bs0GAacIQwk","49AT3csB7SNH9c2JnAOTHYMNXNZpKUYr",
"4a405db2-8bf6-4181-a1a1-8d390a1abab5","WOOD_003.basePlot.bet","D09","WOOD","WOOD_003","E","2015-05-27","2015-06-10","2015-10-07","2016-01-26","gVhx7bcr2vPfgD1jJpAncCqkuh3OyLSvQUtSVqigoIg=","NEON.BET.D09.000653","HAROPA","Harpalus opacipennis","species","cf. species","Haldeman",,"Lindroth, C. H. 1969. The ground-beetles (Carabidae, excl. Cicindelinae) of Canada and Alaska, parts 1-6. Opuscula E. Entomoligiska Sallskapet.",,"4oCBvlQIQ4DhSH30J22+0bs0GAacIQwk","eE6kvSR3uoy9zdn7o7etq88/xsP7F3Qo","shoulder tooth small but sharp| no or little punctuation on prothorax| head narrow| basal side margins of prothorax nearly straight| size 7.5 to 9.3 mm.| could be H. nigritarsus but labial palpae not infuscated"
"07fc6afe-0d7a-4f38-a6e0-50dd0b03b695","WOOD_004.basePlot.bet","D09","WOOD","WOOD_004","E","2015-05-27","2015-06-10","2015-10-07","2016-01-20","tVkCk1nh7tHYZrRML8ZImVPHGhjMhteuQCIlCQdamKU=","NEON.BET.D09.000661","POELUC","Poecilus lucublandus","species",,"Say",,"Lindroth, C. H. 1969. The ground-beetles (Carabidae, excl. Cicindelinae) of Canada and Alaska, parts 1-6. Opuscula E. Entomoligiska Sallskapet.",,"4oCBvlQIQ4DhSH30J22+0bs0GAacIQwk","49AT3csB7SNH9c2JnAOTHYMNXNZpKUYr",
"b81e3c6f-0ebe-4a13-810e-645d580d5f63","WOOD_021.basePlot.bet","D09","WOOD","WOOD_021","E","2015-05-27","2015-06-10","2015-10-07","2016-01-06","WrmnCoit366aYWK9g06YafZWEqImuvsCzBIT8/JcLZs=","NEON.BET.D09.000635","CHLSER","Chlaenius sericeus","species",,"Forster",,"Lindroth, C. H. 1969. The ground-beetles (Carabidae, excl. Cicindelinae) of Canada and Alaska, parts 1-6. Opuscula E. Entomoligiska Sallskapet.",,"4oCBvlQIQ4DhSH30J22+0bs0GAacIQwk","eE6kvSR3uoy9zdn7o7etq88/xsP7F3Qo",
"7f93d5b1-e513-4090-9de5-c1c533175294","WOOD_007.basePlot.bet","D09","WOOD","WOOD_007","E","2015-05-27","2015-06-10","2015-10-07","2016-01-14","5mkFtj0S+ghVPgPw3BKW9ZVDMJdjqmk94O1OBHUvrmg=","NEON.BET.D09.000637","AMACUP","Amara cupreolata","species","cf. species","Putzeys",,"Lindroth, C. H. 1969. The ground-beetles (Carabidae, excl. Cicindelinae) of Canada and Alaska, parts 1-6. Opuscula E. Entomoligiska Sallskapet.",,"4oCBvlQIQ4DhSH30J22+0bs0GAacIQwk","eE6kvSR3uoy9zdn7o7etq88/xsP7F3Qo","pronotum color not strongly contrasting with elytra| pronotum with small punctures at basal corners"
"4b5c3e7a-891c-4d50-86b2-ebfa4aa7e8bb","WOOD_003.basePlot.bet","D09","WOOD","WOOD_003","E","2015-05-27","2015-06-10","2015-10-07","2016-01-11","gVhx7bcr2vPfgD1jJpAncDhA2o817ePVLGsth8B+oSg=","NEON.BET.D09.000650","CARSP14","Carabidae sp.","family",,"Latreille","D09.2015.MorphD","Lindroth, C. H. 1969. The ground-beetles (Carabidae, excl. Cicindelinae) of Canada and Alaska, parts 1-6. Opuscula E. Entomoligiska Sallskapet.",,"4oCBvlQIQ4DhSH30J22+0bs0GAacIQwk","eE6kvSR3uoy9zdn7o7etq88/xsP7F3Qo","Agonoleptus sp. or Stenolophus sp. or Acupalpus sp. | about 3.5 mm| dark above with only slightly paler pronotum| legs only slightly paler than body"
"61ea59b3-1308-41ac-8c64-3847c43f043b","WOOD_024.basePlot.bet","D09","WOOD","WOOD_024","N","2015-05-27","2015-06-10","2015-10-02","2016-01-15","rKE54NR9lxREHzj3B6VcLV5z3ySVD9p6cDqA2Nt2NEE=","NEON.BET.D09.000619","HARSOM","Harpalus somnulentus","species","cf. species","Dejean",,"Lindroth, C. H. 1969. The ground-beetles (Carabidae, excl. Cicindelinae) of Canada and Alaska, parts 1-6. Opuscula E. Entomoligiska Sallskapet.",,"4oCBvlQIQ4DhSH30J22+0bs0GAacIQwk","eE6kvSR3uoy9zdn7o7etq88/xsP7F3Qo","Lindroth somae are H. carbonatus| has a larger shoulder tooth| larger in size| and sometiemes more punctate on prothorax than H. opacipennis| could be H. nigritarsus or H. herbivagus"
"0a4c55f2-6ee8-4257-a0a4-18047aded8e3","WOOD_024.basePlot.bet","D09","WOOD","WOOD_024","N","2015-05-27","2015-06-10","2015-10-02","2016-01-11","rKE54NR9lxREHzj3B6VcLcMtJmW68BDF/rN3i/Y0inM=","NEON.BET.D09.000620","ACUPUM","Acupalpus pumilus","species","cf. species","Lindroth",,"Lindroth, C. H. 1969. The ground-beetles (Carabidae, excl. Cicindelinae) of Canada and Alaska, parts 1-6. Opuscula E. Entomoligiska Sallskapet.",,"4oCBvlQIQ4DhSH30J22+0bs0GAacIQwk","eE6kvSR3uoy9zdn7o7etq88/xsP7F3Qo","pronotum color not strongly contrasting with elytra| pronotum with small punctures at basal corners"
"ccd3d167-f16e-4c3f-b49b-3f80feb19fd7","WOOD_024.basePlot.bet","D09","WOOD","WOOD_024","N","2015-05-27","2015-06-10","2015-10-02","2016-01-06","rKE54NR9lxREHzj3B6VcLUATUT5MW29Ojkyh+hyUN6Q=","NEON.BET.D09.000617","CARMAE","Carabus maeander maeander","subspecies",,"Fischer von Waldheim",,"Lindroth, C. H. 1969. The ground-beetles (Carabidae, excl. Cicindelinae) of Canada and Alaska, parts 1-6. Opuscula E. Entomoligiska Sallskapet.",,"4oCBvlQIQ4DhSH30J22+0bs0GAacIQwk","eE6kvSR3uoy9zdn7o7etq88/xsP7F3Qo",
"072952b8-a363-4482-8615-5610200c75dc","WOOD_024.basePlot.bet","D09","WOOD","WOOD_024","N","2015-05-27","2015-06-10","2015-10-02","2016-01-06","rKE54NR9lxREHzj3B6VcLUATUT5MW29Ojkyh+hyUN6Q=","NEON.BET.D09.000618","CARMAE","Carabus maeander maeander","subspecies",,"Fischer von Waldheim",,"Lindroth, C. H. 1969. The ground-beetles (Carabidae, excl. Cicindelinae) of Canada and Alaska, parts 1-6. Opuscula E. Entomoligiska Sallskapet.",,"4oCBvlQIQ4DhSH30J22+0bs0GAacIQwk","eE6kvSR3uoy9zdn7o7etq88/xsP7F3Qo",
"e77ad4a9-baa7-4663-a873-66ab60da5381","WOOD_023.basePlot.bet","D09","WOOD","WOOD_023","N","2015-05-27","2015-06-10","2015-10-05","2016-01-13","HkhQBNKo1QAlL2jarEbgAgrmcQdN4Peap6raEDlJmSs=","NEON.BET.D09.000631","BEMPRA2","Bembidion praticola","species","cf. species","Lindroth",,"Lindroth, C. H. 1969. The ground-beetles (Carabidae, excl. Cicindelinae) of Canada and Alaska, parts 1-6. Opuscula E. Entomoligiska Sallskapet.",,"4oCBvlQIQ4DhSH30J22+0bs0GAacIQwk","eE6kvSR3uoy9zdn7o7etq88/xsP7F3Qo","elytra dark reddish| pale legs| frontal furrows nearly parallel| first 3 segments of antennae pale| little microsculpture evident on prothorax but strong on elytra| 1 interval hardly paler| prothorax hind angles nearly right| size 2.8 to 3.5 mm."
"799f8539-d871-4587-9587-6dd959073aba","WOOD_007.basePlot.bet","D09","WOOD","WOOD_007","N","2015-05-27","2015-06-10","2015-10-07","2016-01-27","5mkFtj0S+gg8JsQ8+kY2DdjkLdJH5OhfiOiARENhYxI=","NEON.BET.D09.000639","SYNAME","Syntomus americanus","species","cf. species","Dejean",,"Lindroth, C. H. 1969. The ground-beetles (Carabidae, excl. Cicindelinae) of Canada and Alaska, parts 1-6. Opuscula E. Entomoligiska Sallskapet.",,"4oCBvlQIQ4DhSH30J22+0bs0GAacIQwk","eE6kvSR3uoy9zdn7o7etq88/xsP7F3Qo","Apex of elytra sinuate| elytral striae not well defined| Could be Apristus sp. but pubescence starts on 4th antennal segment and some seem less than 3 mm.| difficult to see if mentum tooth is bifid"
"492b77f9-4f0c-4349-8306-86950ea3f1c8","WOOD_007.basePlot.bet","D09","WOOD","WOOD_007","N","2015-05-27","2015-06-10","2015-10-07","2016-01-08","5mkFtj0S+gg8JsQ8+kY2DdTtwl5+oF3GBjESafmtCZA=","NEON.BET.D09.000641","CARSP14","Carabidae sp.","family",,"Latreille","D09.2015.MorphB","Lindroth, C. H. 1969. The ground-beetles (Carabidae, excl. Cicindelinae) of Canada and Alaska, parts 1-6. Opuscula E. Entomoligiska Sallskapet.",,"4oCBvlQIQ4DhSH30J22+0bs0GAacIQwk","eE6kvSR3uoy9zdn7o7etq88/xsP7F3Qo","Agonoleptus sp. or Stenolophus sp. or Acupalpus sp.| keyed to S. conjunctus in Lindroth 1969 which is now Agonoleptus conjunctus| size about 3 mm| darker central cloud on pronotum| slightly paler shoulder| legs pale yellow"
"441029f9-5a37-4907-a9ed-c975bbb4b774","WOOD_007.basePlot.bet","D09","WOOD","WOOD_007","N","2015-05-27","2015-06-10","2015-10-07","2016-01-27","5mkFtj0S+gg8JsQ8+kY2DdjkLdJH5OhfiOiARENhYxI=","NEON.BET.D09.000640","SYNAME","Syntomus americanus","species","cf. species","Dejean",,"Lindroth, C. H. 1969. The ground-beetles (Carabidae, excl. Cicindelinae) of Canada and Alaska, parts 1-6. Opuscula E. Entomoligiska Sallskapet.",,"4oCBvlQIQ4DhSH30J22+0bs0GAacIQwk","eE6kvSR3uoy9zdn7o7etq88/xsP7F3Qo","Apex of elytra sinuate| elytral striae not well defined| Could be Apristus sp. but pubescence starts on 4th antennal segment and some seem less than 3 mm.| difficult to see if mentum tooth is bifid"
"cbdbf4d2-57c8-4c29-b20a-373944334cd3","WOOD_023.basePlot.bet","D09","WOOD","WOOD_023","N","2015-05-27","2015-06-10","2015-10-05","2016-01-11","HkhQBNKo1QAlL2jarEbgAkiWIt/pBsB8spuTm77Jz1M=","NEON.BET.D09.000632","ACUPUM","Acupalpus pumilus","species","cf. species","Lindroth",,"Lindroth, C. H. 1969. The ground-beetles (Carabidae, excl. Cicindelinae) of Canada and Alaska, parts 1-6. Opuscula E. Entomoligiska Sallskapet.",,"4oCBvlQIQ4DhSH30J22+0bs0GAacIQwk","eE6kvSR3uoy9zdn7o7etq88/xsP7F3Qo","pronotum color not strongly contrasting with elytra| pronotum with small punctures at basal corners"
"9cacf2dc-ba3c-4454-8945-5574c4f7d05f","WOOD_023.basePlot.bet","D09","WOOD","WOOD_023","N","2015-05-27","2015-06-10","2015-10-05","2016-01-11","HkhQBNKo1QAlL2jarEbgAkiWIt/pBsB8spuTm77Jz1M=","NEON.BET.D09.000630","ACUPUM","Acupalpus pumilus","species","cf. species","Lindroth",,"Lindroth, C. H. 1969. The ground-beetles (Carabidae, excl. Cicindelinae) of Canada and Alaska, parts 1-6. Opuscula E. Entomoligiska Sallskapet.",,"4oCBvlQIQ4DhSH30J22+0bs0GAacIQwk","eE6kvSR3uoy9zdn7o7etq88/xsP7F3Qo","pronotum color not strongly contrasting with elytra| pronotum with small punctures at basal corners"
"bda853ec-cade-4c04-9199-9167e17a4c1f","WOOD_023.basePlot.bet","D09","WOOD","WOOD_023","N","2015-05-27","2015-06-10","2015-10-05","2016-01-11","HkhQBNKo1QAlL2jarEbgAkiWIt/pBsB8spuTm77Jz1M=","NEON.BET.D09.000633","ACUPUM","Acupalpus pumilus","species","cf. species","Lindroth",,"Lindroth, C. H. 1969. The ground-beetles (Carabidae, excl. Cicindelinae) of Canada and Alaska, parts 1-6. Opuscula E. Entomoligiska Sallskapet.",,"4oCBvlQIQ4DhSH30J22+0bs0GAacIQwk","eE6kvSR3uoy9zdn7o7etq88/xsP7F3Qo","pronotum color not strongly contrasting with elytra| pronotum with small punctures at basal corners"
"4eb96d17-2513-449b-b961-4279d23aa6f2","WOOD_003.basePlot.bet","D09","WOOD","WOOD_003","N","2015-05-27","2015-06-10","2015-10-07","2016-01-20","gVhx7bcr2vMPQlmoe6P0O7boXv45AWSHHiPXpFZLpok=","NEON.BET.D09.000648","AGOCUP1","Agonum cupreum","species",,"Dejean",,"Lindroth, C. H. 1969. The ground-beetles (Carabidae, excl. Cicindelinae) of Canada and Alaska, parts 1-6. Opuscula E. Entomoligiska Sallskapet.",,"4oCBvlQIQ4DhSH30J22+0bs0GAacIQwk","eE6kvSR3uoy9zdn7o7etq88/xsP7F3Qo",
"eb26b092-25a4-4831-9be0-afa9586be157","WOOD_003.basePlot.bet","D09","WOOD","WOOD_003","N","2015-05-27","2015-06-10","2015-10-07","2016-01-20","gVhx7bcr2vMPQlmoe6P0O7boXv45AWSHHiPXpFZLpok=","NEON.BET.D09.000647","AGOCUP1","Agonum cupreum","species",,"Dejean",,"Lindroth, C. H. 1969. The ground-beetles (Carabidae, excl. Cicindelinae) of Canada and Alaska, parts 1-6. Opuscula E. Entomoligiska Sallskapet.",,"4oCBvlQIQ4DhSH30J22+0bs0GAacIQwk","eE6kvSR3uoy9zdn7o7etq88/xsP7F3Qo",
"18d1e003-cc37-4619-8f24-2663661946c1","WOOD_003.basePlot.bet","D09","WOOD","WOOD_003","S","2015-05-27","2015-06-10","2015-10-07","2016-01-11","gVhx7bcr2vPVxuC4MX3D7c2e+Q2i1ka64l04LI4I4Ak=","NEON.BET.D09.000655","CARSP14","Carabidae sp.","family",,"Latreille","D09.2015.MorphD","Lindroth, C. H. 1969. The ground-beetles (Carabidae, excl. Cicindelinae) of Canada and Alaska, parts 1-6. Opuscula E. Entomoligiska Sallskapet.",,"4oCBvlQIQ4DhSH30J22+0bs0GAacIQwk","49AT3csB7SNH9c2JnAOTHYMNXNZpKUYr","Agonoleptus sp. or Stenolophus sp. or Acupalpus sp. | about 3.5 mm| dark above with only slightly paler pronotum| legs only slightly paler than body"
"744550f0-1206-4f68-b03a-f965073f97fa","WOOD_023.basePlot.bet","D09","WOOD","WOOD_023","S","2015-05-27","2015-06-10","2015-10-05","2016-01-06","HkhQBNKo1QB/33EtIZadeZnexwEeTSFNAl0bENCNrxc=","NEON.BET.D09.000627","CARMAE","Carabus maeander maeander","subspecies",,"Fischer von Waldheim",,"Lindroth, C. H. 1969. The ground-beetles (Carabidae, excl. Cicindelinae) of Canada and Alaska, parts 1-6. Opuscula E. Entomoligiska Sallskapet.",,"4oCBvlQIQ4DhSH30J22+0bs0GAacIQwk","eE6kvSR3uoy9zdn7o7etq88/xsP7F3Qo",
"3d7c9d11-6f74-4e98-a094-4420b8d315e3","WOOD_023.basePlot.bet","D09","WOOD","WOOD_023","S","2015-05-27","2015-06-10","2015-10-05","2016-01-13","HkhQBNKo1QB/33EtIZaded1JBbnJkk38GYHqkzr7aXQ=","NEON.BET.D09.000629","OXYPUS","Oxypselaphus pusillus","species",,"LeConte",,"Lindroth, C. H. 1969. The ground-beetles (Carabidae, excl. Cicindelinae) of Canada and Alaska, parts 1-6. Opuscula E. Entomoligiska Sallskapet.",,"4oCBvlQIQ4DhSH30J22+0bs0GAacIQwk","eE6kvSR3uoy9zdn7o7etq88/xsP7F3Qo",
"7dfea58c-95a1-4381-b658-eebd8e7c0e39","WOOD_003.basePlot.bet","D09","WOOD","WOOD_003","S","2015-05-27","2015-06-10","2015-10-07","2016-01-11","gVhx7bcr2vPVxuC4MX3D7c2e+Q2i1ka6jbHgEF357Sk=","NEON.BET.D09.000656","CARSP14","Carabidae sp.","family",,"Latreille","D09.2015.MorphB","Lindroth, C. H. 1969. The ground-beetles (Carabidae, excl. Cicindelinae) of Canada and Alaska, parts 1-6. Opuscula E. Entomoligiska Sallskapet.",,"4oCBvlQIQ4DhSH30J22+0bs0GAacIQwk","49AT3csB7SNH9c2JnAOTHYMNXNZpKUYr","Agonoleptus sp. or Stenolophus sp. or Acupalpus sp.| keyed to S. conjunctus in Lindroth 1969 which is now Agonoleptus conjunctus| size about 3 mm| darker central cloud on pronotum| slightly paler shoulder| legs pale yellow"
"5065f027-5806-4e3f-b069-60856b911d97","WOOD_003.basePlot.bet","D09","WOOD","WOOD_003","S","2015-05-27","2015-06-10","2015-10-07","2016-01-11","gVhx7bcr2vPVxuC4MX3D7c2e+Q2i1ka6jbHgEF357Sk=","NEON.BET.D09.000657","CARSP14","Carabidae sp.","family",,"Latreille","D09.2015.MorphB","Lindroth, C. H. 1969. The ground-beetles (Carabidae, excl. Cicindelinae) of Canada and Alaska, parts 1-6. Opuscula E. Entomoligiska Sallskapet.",,"4oCBvlQIQ4DhSH30J22+0bs0GAacIQwk","49AT3csB7SNH9c2JnAOTHYMNXNZpKUYr","Agonoleptus sp. or Stenolophus sp. or Acupalpus sp.| keyed to S. conjunctus in Lindroth 1969 which is now Agonoleptus conjunctus| size about 3 mm| darker central cloud on pronotum| slightly paler shoulder| legs pale yellow"
"0a486d06-099b-4a88-b856-63580bed2a8f","WOOD_003.basePlot.bet","D09","WOOD","WOOD_003","S","2015-05-27","2015-06-10","2015-10-07","2016-01-14","gVhx7bcr2vPVxuC4MX3D7eZ4gFU2YEU9o7E1FeeksqA=","NEON.BET.D09.000658","HAROPA","Harpalus opacipennis","species","cf. species","Haldeman",,"Lindroth, C. H. 1969. The ground-beetles (Carabidae, excl. Cicindelinae) of Canada and Alaska, parts 1-6. Opuscula E. Entomoligiska Sallskapet.",,"4oCBvlQIQ4DhSH30J22+0bs0GAacIQwk","49AT3csB7SNH9c2JnAOTHYMNXNZpKUYr","shoulder tooth small but sharp| no or little punctuation on prothorax| head narrow| basal side margins of prothorax nearly straight| size 7.5 to 9.3 mm.| could be H. nigritarsus but labial palpae not infuscated"
"8ebd54e5-ae60-467e-a9a5-9b03f0960300","WOOD_007.basePlot.bet","D09","WOOD","WOOD_007","S","2015-05-27","2015-06-10","2015-10-07","2016-01-12","5mkFtj0S+ggRycJyJqYyrcK0eASpRp4wgC+7wUN6Zg8=","NEON.BET.D09.000646","CARSP14","Carabidae sp.","family",,"Latreille","D09.2015.MorphA","Lindroth, C. H. 1969. The ground-beetles (Carabidae, excl. Cicindelinae) of Canada and Alaska, parts 1-6. Opuscula E. Entomoligiska Sallskapet.",,"4oCBvlQIQ4DhSH30J22+0bs0GAacIQwk","eE6kvSR3uoy9zdn7o7etq88/xsP7F3Qo","Dyschirius sp.| unable to narrow down to species| could be multiple species in morphospecies| metallic sheen but one individual a bit more brownish than black"
"8716b5e7-02cb-439c-8c48-87d5092de558","WOOD_007.basePlot.bet","D09","WOOD","WOOD_007","S","2015-05-27","2015-06-10","2015-10-07","2016-01-06","5mkFtj0S+ggRycJyJqYyrW7q1CKXXgYNnqIzfmE5vAk=","NEON.BET.D09.000645","CALCAL","Calosoma calidum","species",,"Fabricius",,"Lindroth, C. H. 1969. The ground-beetles (Carabidae, excl. Cicindelinae) of Canada and Alaska, parts 1-6. Opuscula E. Entomoligiska Sallskapet.",,"4oCBvlQIQ4DhSH30J22+0bs0GAacIQwk","eE6kvSR3uoy9zdn7o7etq88/xsP7F3Qo",
"63582d4b-ad13-4417-988a-9fc2a55f8264","WOOD_023.basePlot.bet","D09","WOOD","WOOD_023","S","2015-05-27","2015-06-10","2015-10-05","2016-01-06","HkhQBNKo1QB/33EtIZadeZnexwEeTSFNAl0bENCNrxc=","NEON.BET.D09.000626","CARMAE","Carabus maeander maeander","subspecies",,"Fischer von Waldheim",,"Lindroth, C. H. 1969. The ground-beetles (Carabidae, excl. Cicindelinae) of Canada and Alaska, parts 1-6. Opuscula E. Entomoligiska Sallskapet.",,"4oCBvlQIQ4DhSH30J22+0bs0GAacIQwk","eE6kvSR3uoy9zdn7o7etq88/xsP7F3Qo",
"299c5326-cc56-4b76-a520-1f7d534bb05d","WOOD_023.basePlot.bet","D09","WOOD","WOOD_023","S","2015-05-27","2015-06-10","2015-10-05","2016-01-20","HkhQBNKo1QB/33EtIZadeU6I2eqjKQzXIjJm2pJhjCE=","NEON.BET.D09.000628","PTELUC","Pterostichus luctuosus","species","cf. species","Dejean",,"Lindroth, C. H. 1969. The ground-beetles (Carabidae, excl. Cicindelinae) of Canada and Alaska, parts 1-6. Opuscula E. Entomoligiska Sallskapet.",,"4oCBvlQIQ4DhSH30J22+0bs0GAacIQwk","eE6kvSR3uoy9zdn7o7etq88/xsP7F3Qo","last tarsi glabrous| prothorax hind angles less right and less prominent| incomplete elytral striae between 1 and 2 nearly touches the first| size 8 to12 mm| could be P. caudicalis but prothorax sculpture not as close"
"20751a96-43c2-4788-b6b8-c944cc9fe21b","WOOD_005.basePlot.bet","D09","WOOD","WOOD_005","W","2015-05-27","2015-06-10","2015-10-05","2016-01-13","Q/pjwyhQ09wS8nTqfpfAX+N+aFuKvEPde6rkP8Dsj/U=","NEON.BET.D09.000621","BEMQUA4","Bembidion quadrimaculatum oppositum","subspecies",,"Say",,"Lindroth, C. H. 1969. The ground-beetles (Carabidae, excl. Cicindelinae) of Canada and Alaska, parts 1-6. Opuscula E. Entomoligiska Sallskapet.",,"4oCBvlQIQ4DhSH30J22+0bs0GAacIQwk","eE6kvSR3uoy9zdn7o7etq88/xsP7F3Qo",
"16f098e5-ebcf-4a10-9b05-afaf2d9ef75e","WOOD_006.basePlot.bet","D09","WOOD","WOOD_006","W","2015-05-27","2015-06-10","2015-10-05","2016-01-08","WY3Zl9EyMieRLqe2GmMq7bEMv0ITIDEYTv84mL2riaw=","NEON.BET.D09.000634","CARSP14","Carabidae sp.","family",,"Latreille","D09.2015.MorphB","Lindroth, C. H. 1969. The ground-beetles (Carabidae, excl. Cicindelinae) of Canada and Alaska, parts 1-6. Opuscula E. Entomoligiska Sallskapet.",,"4oCBvlQIQ4DhSH30J22+0bs0GAacIQwk","eE6kvSR3uoy9zdn7o7etq88/xsP7F3Qo","Agonoleptus sp. or Stenolophus sp. or Acupalpus sp.| keyed to S. conjunctus in Lindroth 1969 which is now Agonoleptus conjunctus| size about 3 mm| darker central cloud on pronotum| slightly paler shoulder| legs pale yellow"
"0bd570ad-d78f-49a7-a364-78d180b5f484","WOOD_007.basePlot.bet","D09","WOOD","WOOD_007","W","2015-05-27","2015-06-10","2015-10-07","2016-01-11","5mkFtj0S+gjhtj3JnHzUKno/ZsZIkC2G1NRiSTo4qqQ=","NEON.BET.D09.000642","CARSP14","Carabidae sp.","family",,"Latreille","D09.2015.MorphB","Lindroth, C. H. 1969. The ground-beetles (Carabidae, excl. Cicindelinae) of Canada and Alaska, parts 1-6. Opuscula E. Entomoligiska Sallskapet.",,"4oCBvlQIQ4DhSH30J22+0bs0GAacIQwk","eE6kvSR3uoy9zdn7o7etq88/xsP7F3Qo","Agonoleptus sp. or Stenolophus sp. or Acupalpus sp.| keyed to S. conjunctus in Lindroth 1969 which is now Agonoleptus conjunctus| size about 3 mm| darker central cloud on pronotum| slightly paler shoulder| legs pale yellow"
"48718b63-0697-4729-825b-4c143aefef62","WOOD_007.basePlot.bet","D09","WOOD","WOOD_007","W","2015-05-27","2015-06-10","2015-10-07","2016-01-27","5mkFtj0S+gjhtj3JnHzUKrJMwjNbRrJuejVR3WV78PU=","NEON.BET.D09.000643","SYNAME","Syntomus americanus","species","cf. species","Dejean",,"Lindroth, C. H. 1969. The ground-beetles (Carabidae, excl. Cicindelinae) of Canada and Alaska, parts 1-6. Opuscula E. Entomoligiska Sallskapet.",,"4oCBvlQIQ4DhSH30J22+0bs0GAacIQwk","eE6kvSR3uoy9zdn7o7etq88/xsP7F3Qo","Apex of elytra sinuate| elytral striae not well defined| Could be Apristus sp. but pubescence starts on 4th antennal segment and some seem less than 3 mm.| difficult to see if mentum tooth is bifid"
"fdcbb16c-d096-4f26-aa72-b89dbbc49ba9","WOOD_007.basePlot.bet","D09","WOOD","WOOD_007","W","2015-05-27","2015-06-10","2015-10-07","2016-01-11","5mkFtj0S+gjhtj3JnHzUKno/ZsZIkC2G1NRiSTo4qqQ=","NEON.BET.D09.000644","CARSP14","Carabidae sp.","family",,"Latreille","D09.2015.MorphB","Lindroth, C. H. 1969. The ground-beetles (Carabidae, excl. Cicindelinae) of Canada and Alaska, parts 1-6. Opuscula E. Entomoligiska Sallskapet.",,"4oCBvlQIQ4DhSH30J22+0bs0GAacIQwk","eE6kvSR3uoy9zdn7o7etq88/xsP7F3Qo","Agonoleptus sp. or Stenolophus sp. or Acupalpus sp.| keyed to S. conjunctus in Lindroth 1969 which is now Agonoleptus conjunctus| size about 3 mm| darker central cloud on pronotum| slightly paler shoulder| legs pale yellow"
"a3dcd449-baee-4433-8087-fa1a13181e8a","WOOD_003.basePlot.bet","D09","WOOD","WOOD_003","W","2015-05-27","2015-06-10","2015-10-07","2016-01-14","gVhx7bcr2vPNu942vL6aoVd93+B4gK6X42PxJRQX8tE=","NEON.BET.D09.000659","HAROPA","Harpalus opacipennis","species","cf. species","Haldeman",,"Lindroth, C. H. 1969. The ground-beetles (Carabidae, excl. Cicindelinae) of Canada and Alaska, parts 1-6. Opuscula E. Entomoligiska Sallskapet.",,"4oCBvlQIQ4DhSH30J22+0bs0GAacIQwk","eE6kvSR3uoy9zdn7o7etq88/xsP7F3Qo","shoulder tooth small but sharp| no or little punctuation on prothorax| head narrow| basal side margins of prothorax nearly straight| size 7.5 to 9.3 mm.| could be H. nigritarsus but labial palpae not infuscated"
"466a26c4-0336-4a25-bba1-c8c61f5a2465","WOOD_001.basePlot.bet","D09","WOOD","WOOD_001","W","2015-05-27","2015-06-10","2015-10-07","2016-01-11","vZVALStcGze4oqiSg8fWagwy0lo9EUY9HOS18X6gF10=","NEON.BET.D09.000636","CARSP14","Carabidae sp.","family",,"Latreille","D09.2015.MorphB","Lindroth, C. H. 1969. The ground-beetles (Carabidae, excl. Cicindelinae) of Canada and Alaska, parts 1-6. Opuscula E. Entomoligiska Sallskapet.",,"4oCBvlQIQ4DhSH30J22+0bs0GAacIQwk","eE6kvSR3uoy9zdn7o7etq88/xsP7F3Qo","Agonoleptus sp. or Stenolophus sp. or Acupalpus sp.| keyed to S. conjunctus in Lindroth 1969 which is now Agonoleptus conjunctus| size about 3 mm| darker central cloud on pronotum| slightly paler shoulder| legs pale yellow"
"b88b9bcc-2d97-40d4-b21f-23cff6b995b1","WOOD_004.basePlot.bet","D09","WOOD","WOOD_004","W","2015-05-27","2015-06-10","2015-10-07","2016-01-15","tVkCk1nh7tHmUpCuPlsZH1dLjhzn/qAIyf6bIdUklzQ=","NEON.BET.D09.000664","HARSOM","Harpalus somnulentus","species","cf. species","Dejean",,"Lindroth, C. H. 1969. The ground-beetles (Carabidae, excl. Cicindelinae) of Canada and Alaska, parts 1-6. Opuscula E. Entomoligiska Sallskapet.",,"4oCBvlQIQ4DhSH30J22+0bs0GAacIQwk","eE6kvSR3uoy9zdn7o7etq88/xsP7F3Qo","Lindroth some are H. carbonatus| has a larger shoulder tooth| larger in size| and sometiemes more punctate on prothorax than H. opacipennis| could be H. nigritarsus or H. herbivagus"
"be904cdc-cb2b-4881-a394-d5603c81d886","WOOD_002.basePlot.bet","D09","WOOD","WOOD_002","E","2015-06-10","2015-06-24","2015-10-07","2016-01-13","V7nyjIgYGmPsrfFWaAbdc2ZKaiYI64iL3lX7p6GAtwk=","NEON.BET.D09.000675","BEMPRA2","Bembidion praticola","species","cf. species","Lindroth",,"Lindroth, C. H. 1969. The ground-beetles (Carabidae, excl. Cicindelinae) of Canada and Alaska, parts 1-6. Opuscula E. Entomoligiska Sallskapet.",,"4oCBvlQIQ4DhSH30J22+0bs0GAacIQwk","eE6kvSR3uoy9zdn7o7etq88/xsP7F3Qo","elytra dark reddish| pale legs| frontal furrows nearly parallel| first 3 segments of antennae pale| little microsculpture evident on prothorax but strong on elytra| 1 interval hardly paler| prothorax hind angles nearly right| size 2.8 to 3.5 mm."
"74cf4a4b-45c8-4c37-88d8-4b1adc6b01a5","WOOD_006.basePlot.bet","D09","WOOD","WOOD_006","W","2015-06-10","2015-06-24","2015-10-08","2016-01-25","WY3Zl9EyMieRLqe2GmMq7cUn8wyEqch+r5GSfymWNg0=","NEON.BET.D09.000680","PTEMEL","Pterostichus melanarius melanarius","subspecies",,"Illiger",,"Lindroth, C. H. 1969. The ground-beetles (Carabidae, excl. Cicindelinae) of Canada and Alaska, parts 1-6. Opuscula E. Entomoligiska Sallskapet.",,"4oCBvlQIQ4DhSH30J22+0bs0GAacIQwk","a/0SlN26fEtmJ3LLysIxkaRUfZvckIBE",
"ca6d41d0-b955-49f5-97ad-6243e8988076","WOOD_006.basePlot.bet","D09","WOOD","WOOD_006","E","2015-06-10","2015-06-24","2015-10-08","2016-01-20","WY3Zl9EyMidsY05I3ZVnB9pTN6vEhwQKZr3Sa4HLSK0=","NEON.BET.D09.000684","POELUC","Poecilus lucublandus","species",,"Say",,"Lindroth, C. H. 1969. The ground-beetles (Carabidae, excl. Cicindelinae) of Canada and Alaska, parts 1-6. Opuscula E. Entomoligiska Sallskapet.",,"4oCBvlQIQ4DhSH30J22+0bs0GAacIQwk","a/0SlN26fEtmJ3LLysIxkaRUfZvckIBE",
"ebb6facf-590a-43b2-8bf3-8b8b54ccdff1","WOOD_003.basePlot.bet","D09","WOOD","WOOD_003","E","2015-06-10","2015-06-24","2015-10-08","2016-01-15","gVhx7bcr2vPfgD1jJpAncJg2pwCysqHf/JCxKBRIdBs=","NEON.BET.D09.000705","HARSOM","Harpalus somnulentus","species","cf. species","Dejean",,"Lindroth, C. H. 1969. The ground-beetles (Carabidae, excl. Cicindelinae) of Canada and Alaska, parts 1-6. Opuscula E. Entomoligiska Sallskapet.",,"4oCBvlQIQ4DhSH30J22+0bs0GAacIQwk","49AT3csB7SNH9c2JnAOTHYMNXNZpKUYr","Lindroth some are H. carbonatus| has a larger shoulder tooth| larger in size| and sometiemes more punctate on prothorax than H. opacipennis| could be H. nigritarsus or H. herbivagus"
"3f498eab-8276-435a-91c9-56f9466542ac","WOOD_002.basePlot.bet","D09","WOOD","WOOD_002","E","2015-06-10","2015-06-24","2015-10-07","2016-01-25","V7nyjIgYGmPsrfFWaAbdc9hG6CXH6VssvvVOtqGupck=","NEON.BET.D09.000676","PTEMEL","Pterostichus melanarius melanarius","subspecies",,"Illiger",,"Lindroth, C. H. 1969. The ground-beetles (Carabidae, excl. Cicindelinae) of Canada and Alaska, parts 1-6. Opuscula E. Entomoligiska Sallskapet.",,"4oCBvlQIQ4DhSH30J22+0bs0GAacIQwk","eE6kvSR3uoy9zdn7o7etq88/xsP7F3Qo",
"de08af71-9bdb-41a7-8cf9-3533b86c0628","WOOD_006.basePlot.bet","D09","WOOD","WOOD_006","E","2015-06-10","2015-06-24","2015-10-08","2016-01-25","WY3Zl9EyMidsY05I3ZVnByCNcG8fGNg8aSxF5ZBTI+4=","NEON.BET.D09.000685","PTEMEL","Pterostichus melanarius melanarius","subspecies",,"Illiger",,"Lindroth, C. H. 1969. The ground-beetles (Carabidae, excl. Cicindelinae) of Canada and Alaska, parts 1-6. Opuscula E. Entomoligiska Sallskapet.",,"4oCBvlQIQ4DhSH30J22+0bs0GAacIQwk","a/0SlN26fEtmJ3LLysIxkaRUfZvckIBE",
"88452e79-699e-4863-bcbb-543f9891e58a","WOOD_007.basePlot.bet","D09","WOOD","WOOD_007","E","2015-06-10","2015-06-24","2015-10-08","2016-01-27","5mkFtj0S+ghVPgPw3BKW9dj+WhUQCjBOqKtn39zhN6M=","NEON.BET.D09.000686","SYNAME","Syntomus americanus","species","cf. species","Dejean",,"Lindroth, C. H. 1969. The ground-beetles (Carabidae, excl. Cicindelinae) of Canada and Alaska, parts 1-6. Opuscula E. Entomoligiska Sallskapet.",,"4oCBvlQIQ4DhSH30J22+0bs0GAacIQwk","a/0SlN26fEtmJ3LLysIxkaRUfZvckIBE","Apex of elytra sinuate| elytral striae not well defined| Could be Apristus sp. but pubescence starts on 4th antennal segment and some seem less than 3 mm.| difficult to see if mentum tooth is bifid"
"8e72bb1b-2fe5-47e8-927f-a8388bc5246f","WOOD_021.basePlot.bet","D09","WOOD","WOOD_021","E","2015-06-10","2015-06-24","2015-10-07","2016-01-12","WrmnCoit366aYWK9g06YaV7Pn+8yuG3c9uCyJDaGrt8=","NEON.BET.D09.000670","ELAINC","Elaphropus incurvus","species","cf. species","Say",,"Lindroth, C. H. 1969. The ground-beetles (Carabidae, excl. Cicindelinae) of Canada and Alaska, parts 1-6. Opuscula E. Entomoligiska Sallskapet.",,"4oCBvlQIQ4DhSH30J22+0bs0GAacIQwk","eE6kvSR3uoy9zdn7o7etq88/xsP7F3Qo","only one sutural striae prominent with a second suggested| elytra more elongated| antennae darkened towards apex| prothorax with sides nearly straight in basal third| could be E. anceps but size seems too small| keyed to Tachys incurvus in Lindroth"
"3f67af91-ceb7-4071-a39d-dcb1981ebdd3","WOOD_023.basePlot.bet","D09","WOOD","WOOD_023","E","2015-06-10","2015-06-24","2015-10-07","2016-01-13","HkhQBNKo1QDH9WfGaaJTwAFDSvf8PkbcOaKnXTpSUVM=","NEON.BET.D09.000668","BEMPRA2","Bembidion praticola","species","cf. species","Lindroth",,"Lindroth, C. H. 1969. The ground-beetles (Carabidae, excl. Cicindelinae) of Canada and Alaska, parts 1-6. Opuscula E. Entomoligiska Sallskapet.",,"4oCBvlQIQ4DhSH30J22+0bs0GAacIQwk","eE6kvSR3uoy9zdn7o7etq88/xsP7F3Qo","elytra dark reddish| pale legs| frontal furrows nearly parallel| first 3 segments of antennae pale| little microsculpture evident on prothorax but strong on elytra| 1 interval hardly paler| prothorax hind angles nearly right| size 2.8 to 3.5 mm."
"c3456317-35b8-40cd-bc89-2a496493d94a","WOOD_023.basePlot.bet","D09","WOOD","WOOD_023","E","2015-06-10","2015-06-24","2015-10-07","2016-01-13","HkhQBNKo1QDH9WfGaaJTwAFDSvf8PkbcOaKnXTpSUVM=","NEON.BET.D09.000669","BEMPRA2","Bembidion praticola","species","cf. species","Lindroth",,"Lindroth, C. H. 1969. The ground-beetles (Carabidae, excl. Cicindelinae) of Canada and Alaska, parts 1-6. Opuscula E. Entomoligiska Sallskapet.",,"4oCBvlQIQ4DhSH30J22+0bs0GAacIQwk","eE6kvSR3uoy9zdn7o7etq88/xsP7F3Qo","elytra dark reddish| pale legs| frontal furrows nearly parallel| first 3 segments of antennae pale| little microsculpture evident on prothorax but strong on elytra| 1 interval hardly paler| prothorax hind angles nearly right| size 2.8 to 3.5 mm."
"2809afda-3d0c-43df-a323-5b0738aabd09","WOOD_023.basePlot.bet","D09","WOOD","WOOD_023","E","2015-06-10","2015-06-24","2015-10-07","2016-01-25","HkhQBNKo1QDH9WfGaaJTwFvNd2Zb61w0ICtjPO3BwzE=","NEON.BET.D09.000667","PTECOR3","Pterostichus corvinus","species","cf. species","Dejean",,"Lindroth, C. H. 1969. The ground-beetles (Carabidae, excl. Cicindelinae) of Canada and Alaska, parts 1-6. Opuscula E. Entomoligiska Sallskapet.",,"4oCBvlQIQ4DhSH30J22+0bs0GAacIQwk","eE6kvSR3uoy9zdn7o7etq88/xsP7F3Qo","last tarsi glabrous| incomplete elytral striae between 1 and 2 indistinct and short| prothorax hind angles nearly right and prominent| convex overall| size 11.5 to 15 mm| several individuals seem slightly too small and not deep black as described"
"3eda2394-223a-48a6-bcd2-ca47d0d3cdbd","WOOD_007.basePlot.bet","D09","WOOD","WOOD_007","E","2015-06-10","2015-06-24","2015-10-08","2016-01-27","5mkFtj0S+ghVPgPw3BKW9dj+WhUQCjBOqKtn39zhN6M=","NEON.BET.D09.000687","SYNAME","Syntomus americanus","species","cf. species","Dejean",,"Lindroth, C. H. 1969. The ground-beetles (Carabidae, excl. Cicindelinae) of Canada and Alaska, parts 1-6. Opuscula E. Entomoligiska Sallskapet.",,"4oCBvlQIQ4DhSH30J22+0bs0GAacIQwk","a/0SlN26fEtmJ3LLysIxkaRUfZvckIBE",
"7a1a53fd-2af6-40c9-b79a-8e33bac74854","WOOD_003.basePlot.bet","D09","WOOD","WOOD_003","E","2015-06-10","2015-06-24","2015-10-08","2016-01-27","gVhx7bcr2vPfgD1jJpAncCyz1UT0u79nlfdiIaPWuPA=","NEON.BET.D09.000703","HAROPA","Harpalus opacipennis","species","cf. species","Haldeman",,"Lindroth, C. H. 1969. The ground-beetles (Carabidae, excl. Cicindelinae) of Canada and Alaska, parts 1-6. Opuscula E. Entomoligiska Sallskapet.",,"4oCBvlQIQ4DhSH30J22+0bs0GAacIQwk","49AT3csB7SNH9c2JnAOTHYMNXNZpKUYr","shoulder tooth small but sharp| no or little punctuation on prothorax| head narrow| basal side margins of prothorax nearly straight| size 7.5 to 9.3 mm.| could be H. nigritarsus but labial palpae not infuscated"
"6d325e7c-c188-46e7-a128-7a2358c28c61","WOOD_003.basePlot.bet","D09","WOOD","WOOD_003","N","2015-06-10","2015-06-24","2015-10-09","2016-01-20","gVhx7bcr2vMPQlmoe6P0O0+CsIyk0Pp1VEPnpKJIANU=","NEON.BET.D09.000709","AGOCUP1","Agonum cupreum","species",,"Dejean",,"Lindroth, C. H. 1969. The ground-beetles (Carabidae, excl. Cicindelinae) of Canada and Alaska, parts 1-6. Opuscula E. Entomoligiska Sallskapet.",,"4oCBvlQIQ4DhSH30J22+0bs0GAacIQwk","49AT3csB7SNH9c2JnAOTHYMNXNZpKUYr",
"1cc969a0-39c4-4675-89ac-278dee8a194e","WOOD_007.basePlot.bet","D09","WOOD","WOOD_007","N","2015-06-10","2015-06-24","2015-10-08","2016-01-27","5mkFtj0S+gg8JsQ8+kY2DRDXo7mWLqQxNLHuM6B+mOY=","NEON.BET.D09.000699","SYNAME","Syntomus americanus","species","cf. species","Dejean",,"Lindroth, C. H. 1969. The ground-beetles (Carabidae, excl. Cicindelinae) of Canada and Alaska, parts 1-6. Opuscula E. Entomoligiska Sallskapet.",,"4oCBvlQIQ4DhSH30J22+0bs0GAacIQwk","49AT3csB7SNH9c2JnAOTHYMNXNZpKUYr","Apex of elytra sinuate| elytral striae not well defined| Could be Apristus sp. but pubescence starts on 4th antennal segment and some seem less than 3 mm.| difficult to see if mentum tooth is bifid"
"80164fc9-7cc1-44ac-9030-05a72fb0108e","WOOD_007.basePlot.bet","D09","WOOD","WOOD_007","N","2015-06-10","2015-06-24","2015-10-08","2016-01-27","5mkFtj0S+gg8JsQ8+kY2DRDXo7mWLqQxNLHuM6B+mOY=","NEON.BET.D09.000695","SYNAME","Syntomus americanus","species","cf. species","Dejean",,"Lindroth, C. H. 1969. The ground-beetles (Carabidae, excl. Cicindelinae) of Canada and Alaska, parts 1-6. Opuscula E. Entomoligiska Sallskapet.",,"4oCBvlQIQ4DhSH30J22+0bs0GAacIQwk","49AT3csB7SNH9c2JnAOTHYMNXNZpKUYr","Apex of elytra sinuate| elytral striae not well defined| Could be Apristus sp. but pubescence starts on 4th antennal segment and some seem less than 3 mm.| difficult to see if mentum tooth is bifid"
"be6e93b4-ec6f-4d77-807e-2a88ae044623","WOOD_024.basePlot.bet","D09","WOOD","WOOD_024","N","2015-06-10","2015-06-24","2015-10-07","2016-01-22","rKE54NR9lxREHzj3B6VcLdgrpri2U+l7P2v9P3sDWKc=","NEON.BET.D09.000671","ANIHAR2","Anisodactylus harrisii","species",,"LeConte",,"Lindroth, C. H. 1969. The ground-beetles (Carabidae, excl. Cicindelinae) of Canada and Alaska, parts 1-6. Opuscula E. Entomoligiska Sallskapet.",,"4oCBvlQIQ4DhSH30J22+0bs0GAacIQwk","eE6kvSR3uoy9zdn7o7etq88/xsP7F3Qo",
"655cde40-56a1-4256-b4cf-951c2f3ffb22","WOOD_003.basePlot.bet","D09","WOOD","WOOD_003","N","2015-06-10","2015-06-24","2015-10-08","2016-01-20","gVhx7bcr2vMPQlmoe6P0O0+CsIyk0Pp1VEPnpKJIANU=","NEON.BET.D09.000707","AGOCUP1","Agonum cupreum","species",,"Dejean",,"Lindroth, C. H. 1969. The ground-beetles (Carabidae, excl. Cicindelinae) of Canada and Alaska, parts 1-6. Opuscula E. Entomoligiska Sallskapet.",,"4oCBvlQIQ4DhSH30J22+0bs0GAacIQwk","49AT3csB7SNH9c2JnAOTHYMNXNZpKUYr",
"b5779763-b266-4ffe-894e-73560a00c1d8","WOOD_003.basePlot.bet","D09","WOOD","WOOD_003","N","2015-06-10","2015-06-24","2015-10-08","2016-01-20","gVhx7bcr2vMPQlmoe6P0O0+CsIyk0Pp1VEPnpKJIANU=","NEON.BET.D09.000706","AGOCUP1","Agonum cupreum","species",,"Dejean",,"Lindroth, C. H. 1969. The ground-beetles (Carabidae, excl. Cicindelinae) of Canada and Alaska, parts 1-6. Opuscula E. Entomoligiska Sallskapet.",,"4oCBvlQIQ4DhSH30J22+0bs0GAacIQwk","49AT3csB7SNH9c2JnAOTHYMNXNZpKUYr",
"7a195806-04a0-48e5-8953-6876a85c2fbe","WOOD_003.basePlot.bet","D09","WOOD","WOOD_003","N","2015-06-10","2015-06-24","2015-10-09","2016-01-14","gVhx7bcr2vMPQlmoe6P0O0tBxJs4RpxAS0D9yh+l61Y=","NEON.BET.D09.000712","AMACUP","Amara cupreolata","species","cf. species","Putzeys",,"Lindroth, C. H. 1969. The ground-beetles (Carabidae, excl. Cicindelinae) of Canada and Alaska, parts 1-6. Opuscula E. Entomoligiska Sallskapet.",,"4oCBvlQIQ4DhSH30J22+0bs0GAacIQwk","49AT3csB7SNH9c2JnAOTHYMNXNZpKUYr","palpae and legs and antennae not as pale| pronotum strongly convex and has little sculpture| 3 basal segments of antennae plus part of 4 paler"
"1bc0395e-cd77-447a-8472-99a7c66e11c1","WOOD_003.basePlot.bet","D09","WOOD","WOOD_003","N","2015-06-10","2015-06-24","2015-10-08","2016-01-20","gVhx7bcr2vMPQlmoe6P0O0+CsIyk0Pp1VEPnpKJIANU=","NEON.BET.D09.000708","AGOCUP1","Agonum cupreum","species",,"Dejean",,"Lindroth, C. H. 1969. The ground-beetles (Carabidae, excl. Cicindelinae) of Canada and Alaska, parts 1-6. Opuscula E. Entomoligiska Sallskapet.",,"4oCBvlQIQ4DhSH30J22+0bs0GAacIQwk","49AT3csB7SNH9c2JnAOTHYMNXNZpKUYr",
"46bc9d63-4a8a-44ef-ab21-d8dc85f28e7f","WOOD_003.basePlot.bet","D09","WOOD","WOOD_003","N","2015-06-10","2015-06-24","2015-10-09","2016-01-14","gVhx7bcr2vMPQlmoe6P0O9mTaitqmDv+rQ5tU3EE1j0=","NEON.BET.D09.000713","AMAANG1","Amara angustata","species",,"Say",,"Lindroth, C. H. 1969. The ground-beetles (Carabidae, excl. Cicindelinae) of Canada and Alaska, parts 1-6. Opuscula E. Entomoligiska Sallskapet.",,"4oCBvlQIQ4DhSH30J22+0bs0GAacIQwk","49AT3csB7SNH9c2JnAOTHYMNXNZpKUYr",
"9c2c8cac-1fbe-4070-bb1e-f27a872bc343","WOOD_003.basePlot.bet","D09","WOOD","WOOD_003","N","2015-06-10","2015-06-24","2015-10-09","2016-01-20","gVhx7bcr2vMPQlmoe6P0O03Sf0ppuWrV9rS54X05EdY=","NEON.BET.D09.000711","HARSOM","Harpalus somnulentus","species","cf. species","Dejean",,"Lindroth, C. H. 1969. The ground-beetles (Carabidae, excl. Cicindelinae) of Canada and Alaska, parts 1-6. Opuscula E. Entomoligiska Sallskapet.",,"4oCBvlQIQ4DhSH30J22+0bs0GAacIQwk","49AT3csB7SNH9c2JnAOTHYMNXNZpKUYr","Lindroth some are H. carbonatus| has a larger shoulder tooth| larger in size| and sometiemes more punctate on prothorax than H. opacipennis| could be H. nigritarsus or H. herbivagus"
"6f82fe21-4521-48b7-ab29-eb6518d8540b","WOOD_003.basePlot.bet","D09","WOOD","WOOD_003","N","2015-06-10","2015-06-24","2015-06-24","2016-01-11","gVhx7bcr2vMPQlmoe6P0O8JBorv+H1s0feSVjyxNG70=","NEON.BET.D09.000710","CARSP14","Carabidae sp.","family",,"Latreille","D09.2015.MorphD","Lindroth, C. H. 1969. The ground-beetles (Carabidae, excl. Cicindelinae) of Canada and Alaska, parts 1-6. Opuscula E. Entomoligiska Sallskapet.",,"4oCBvlQIQ4DhSH30J22+0bs0GAacIQwk","49AT3csB7SNH9c2JnAOTHYMNXNZpKUYr","Agonoleptus sp. or Stenolophus sp. or Acupalpus sp. | about 3.5 mm| dark above with only slightly paler pronotum| legs only slightly paler than body"
"13039e5b-5a6b-439e-bab2-d5dc67b77bbb","WOOD_004.basePlot.bet","D09","WOOD","WOOD_004","N","2015-06-10","2015-06-24","2015-10-08","2016-01-27","tVkCk1nh7tHzM8+WdK+C/lumXLI1NRnstYY0RMvaEKg=","NEON.BET.D09.000679","SYNAME","Syntomus americanus","species","cf. species","Dejean",,"Lindroth, C. H. 1969. The ground-beetles (Carabidae, excl. Cicindelinae) of Canada and Alaska, parts 1-6. Opuscula E. Entomoligiska Sallskapet.",,"4oCBvlQIQ4DhSH30J22+0bs0GAacIQwk","a/0SlN26fEtmJ3LLysIxkaRUfZvckIBE","Apex of elytra sinuate| elytral striae not well defined| Could be Apristus sp. but pubescence starts on 4th antennal segment and some seem less than 3 mm.| difficult to see if mentum tooth is bifid"
"aa3659dc-ef5b-4b54-b68b-6bf605ccd65b","WOOD_024.basePlot.bet","D09","WOOD","WOOD_024","N","2015-06-10","2015-06-24","2015-10-07","2016-01-13","rKE54NR9lxREHzj3B6VcLcAwkNHxsZxFfRso9IezBLA=","NEON.BET.D09.000673","BEMPRA2","Bembidion praticola","species","cf. species","Lindroth",,"Lindroth, C. H. 1969. The ground-beetles (Carabidae, excl. Cicindelinae) of Canada and Alaska, parts 1-6. Opuscula E. Entomoligiska Sallskapet.",,"4oCBvlQIQ4DhSH30J22+0bs0GAacIQwk","eE6kvSR3uoy9zdn7o7etq88/xsP7F3Qo","elytra dark reddish| pale legs| frontal furrows nearly parallel| first 3 segments of antennae pale| little microsculpture evident on prothorax but strong on elytra| 1 interval hardly paler| prothorax hind angles nearly right| size 2.8 to 3.5 mm."
"ed1b0587-911b-4475-aa39-5ddd9b0c945c","WOOD_024.basePlot.bet","D09","WOOD","WOOD_024","N","2015-06-10","2015-06-24","2015-10-07","2016-01-27","rKE54NR9lxREHzj3B6VcLbHG4Lwj+fJNgeCqMFU5UwA=","NEON.BET.D09.000674","SYNAME","Syntomus americanus","species","cf. species","Dejean",,"Lindroth, C. H. 1969. The ground-beetles (Carabidae, excl. Cicindelinae) of Canada and Alaska, parts 1-6. Opuscula E. Entomoligiska Sallskapet.",,"4oCBvlQIQ4DhSH30J22+0bs0GAacIQwk","eE6kvSR3uoy9zdn7o7etq88/xsP7F3Qo","Apex of elytra sinuate| elytral striae not well defined| Could be Apristus sp. but pubescence starts on 4th antennal segment and some seem less than 3 mm.| difficult to see if mentum tooth is bifid"
"24df2ed5-d14d-47e0-ac13-dae5eb0ba535","WOOD_001.basePlot.bet","D09","WOOD","WOOD_001","N","2015-06-10","2015-06-24","2015-10-08","2016-01-25","vZVALStcGzemkswto4CoLdYYFUkTVI+m7DjcpKG7mjA=","NEON.BET.D09.000681","PTEMEL","Pterostichus melanarius melanarius","subspecies",,"Illiger",,"Lindroth, C. H. 1969. The ground-beetles (Carabidae, excl. Cicindelinae) of Canada and Alaska, parts 1-6. Opuscula E. Entomoligiska Sallskapet.",,"4oCBvlQIQ4DhSH30J22+0bs0GAacIQwk","a/0SlN26fEtmJ3LLysIxkaRUfZvckIBE",
"388d18ba-bd6c-4961-9755-5fdcb8dbe398","WOOD_001.basePlot.bet","D09","WOOD","WOOD_001","N","2015-06-10","2015-06-24","2015-10-08","2016-01-20","vZVALStcGzemkswto4CoLYQ7KPboxMYeXJ5R1++kJ8M=","NEON.BET.D09.000682","AMAANG1","Amara angustata","species",,"Say",,"Lindroth, C. H. 1969. The ground-beetles (Carabidae, excl. Cicindelinae) of Canada and Alaska, parts 1-6. Opuscula E. Entomoligiska Sallskapet.",,"4oCBvlQIQ4DhSH30J22+0bs0GAacIQwk","a/0SlN26fEtmJ3LLysIxkaRUfZvckIBE",
"d49e1020-f3dd-449b-95c5-4b665b7b19b0","WOOD_007.basePlot.bet","D09","WOOD","WOOD_007","N","2015-06-10","2015-06-24","2015-10-08","2016-01-27","5mkFtj0S+gg8JsQ8+kY2DRDXo7mWLqQxNLHuM6B+mOY=","NEON.BET.D09.000698","SYNAME","Syntomus americanus","species","cf. species","Dejean",,"Lindroth, C. H. 1969. The ground-beetles (Carabidae, excl. Cicindelinae) of Canada and Alaska, parts 1-6. Opuscula E. Entomoligiska Sallskapet.",,"4oCBvlQIQ4DhSH30J22+0bs0GAacIQwk","49AT3csB7SNH9c2JnAOTHYMNXNZpKUYr","Apex of elytra sinuate| elytral striae not well defined| Could be Apristus sp. but pubescence starts on 4th antennal segment and some seem less than 3 mm.| difficult to see if mentum tooth is bifid"
"f05fa36d-0c93-498f-bafb-b1c10911450f","WOOD_007.basePlot.bet","D09","WOOD","WOOD_007","N","2015-06-10","2015-06-24","2015-10-08","2016-01-27","5mkFtj0S+gg8JsQ8+kY2DRDXo7mWLqQxNLHuM6B+mOY=","NEON.BET.D09.000697","SYNAME","Syntomus americanus","species","cf. species","Dejean",,"Lindroth, C. H. 1969. The ground-beetles (Carabidae, excl. Cicindelinae) of Canada and Alaska, parts 1-6. Opuscula E. Entomoligiska Sallskapet.",,"4oCBvlQIQ4DhSH30J22+0bs0GAacIQwk","49AT3csB7SNH9c2JnAOTHYMNXNZpKUYr","Apex of elytra sinuate| elytral striae not well defined| Could be Apristus sp. but pubescence starts on 4th antennal segment and some seem less than 3 mm.| difficult to see if mentum tooth is bifid"
"14548578-3256-44d3-9c71-40e43ace5feb","WOOD_007.basePlot.bet","D09","WOOD","WOOD_007","N","2015-06-10","2015-06-24","2015-10-08","2016-01-27","5mkFtj0S+gg8JsQ8+kY2DRDXo7mWLqQxNLHuM6B+mOY=","NEON.BET.D09.000696","SYNAME","Syntomus americanus","species","cf. species","Dejean",,"Lindroth, C. H. 1969. The ground-beetles (Carabidae, excl. Cicindelinae) of Canada and Alaska, parts 1-6. Opuscula E. Entomoligiska Sallskapet.",,"4oCBvlQIQ4DhSH30J22+0bs0GAacIQwk","49AT3csB7SNH9c2JnAOTHYMNXNZpKUYr","Apex of elytra sinuate| elytral striae not well defined| Could be Apristus sp. but pubescence starts on 4th antennal segment and some seem less than 3 mm.| difficult to see if mentum tooth is bifid"
"80a8ea19-970c-45f6-9d0e-c6a5502a8ac1","WOOD_007.basePlot.bet","D09","WOOD","WOOD_007","N","2015-06-10","2015-06-24","2015-10-08","2016-01-27","5mkFtj0S+gg8JsQ8+kY2DRDXo7mWLqQxNLHuM6B+mOY=","NEON.BET.D09.000700","SYNAME","Syntomus americanus","species","cf. species","Dejean",,"Lindroth, C. H. 1969. The ground-beetles (Carabidae, excl. Cicindelinae) of Canada and Alaska, parts 1-6. Opuscula E. Entomoligiska Sallskapet.",,"4oCBvlQIQ4DhSH30J22+0bs0GAacIQwk","49AT3csB7SNH9c2JnAOTHYMNXNZpKUYr","Apex of elytra sinuate| elytral striae not well defined| Could be Apristus sp. but pubescence starts on 4th antennal segment and some seem less than 3 mm.| difficult to see if mentum tooth is bifid"
"07018cbc-3f5a-42d7-b351-d819001f9e4a","WOOD_023.basePlot.bet","D09","WOOD","WOOD_023","S","2015-06-10","2015-06-24","2015-10-07","2016-01-13","HkhQBNKo1QB/33EtIZadebCkzlHAWPKTwAceccno35Y=","NEON.BET.D09.000666","BEMPRA2","Bembidion praticola","species","cf. species","Lindroth",,"Lindroth, C. H. 1969. The ground-beetles (Carabidae, excl. Cicindelinae) of Canada and Alaska, parts 1-6. Opuscula E. Entomoligiska Sallskapet.",,"4oCBvlQIQ4DhSH30J22+0bs0GAacIQwk","eE6kvSR3uoy9zdn7o7etq88/xsP7F3Qo","elytra dark reddish| pale legs| frontal furrows nearly parallel| first 3 segments of antennae pale| little microsculpture evident on prothorax but strong on elytra| 1 interval hardly paler| prothorax hind angles nearly right| size 2.8 to 3.5 mm."
"f0d8798a-b293-450b-9cf4-4fb143d5a470","WOOD_005.basePlot.bet","D09","WOOD","WOOD_005","S","2015-06-10","2015-06-24","2015-10-07","2016-01-13","Q/pjwyhQ09z2D0gRdKAm0mZm6ibkD5RSv4dXFLV3Qbk=","NEON.BET.D09.000678","BEMQUA4","Bembidion quadrimaculatum oppositum","subspecies",,"Say",,"Lindroth, C. H. 1969. The ground-beetles (Carabidae, excl. Cicindelinae) of Canada and Alaska, parts 1-6. Opuscula E. Entomoligiska Sallskapet.",,"4oCBvlQIQ4DhSH30J22+0bs0GAacIQwk","eE6kvSR3uoy9zdn7o7etq88/xsP7F3Qo",
"dc48c912-0171-4613-9ac3-f2fa54314661","WOOD_023.basePlot.bet","D09","WOOD","WOOD_023","S","2015-06-10","2015-06-24","2015-10-07","2016-01-27","HkhQBNKo1QB/33EtIZadeRA8IH6X/k/ycE7v4PtMzBo=","NEON.BET.D09.000665","PTEPAT","Pterostichus patruelis","species",,"Dejean",,"Lindroth, C. H. 1969. The ground-beetles (Carabidae, excl. Cicindelinae) of Canada and Alaska, parts 1-6. Opuscula E. Entomoligiska Sallskapet.",,"4oCBvlQIQ4DhSH30J22+0bs0GAacIQwk","eE6kvSR3uoy9zdn7o7etq88/xsP7F3Qo",
"c84f56d3-18bb-4755-bbfa-7f852fd25841","WOOD_005.basePlot.bet","D09","WOOD","WOOD_005","S","2015-06-10","2015-06-24","2015-10-07","2016-01-13","Q/pjwyhQ09z2D0gRdKAm0mZm6ibkD5RSv4dXFLV3Qbk=","NEON.BET.D09.000677","BEMQUA4","Bembidion quadrimaculatum oppositum","subspecies",,"Say",,"Lindroth, C. H. 1969. The ground-beetles (Carabidae, excl. Cicindelinae) of Canada and Alaska, parts 1-6. Opuscula E. Entomoligiska Sallskapet.",,"4oCBvlQIQ4DhSH30J22+0bs0GAacIQwk","eE6kvSR3uoy9zdn7o7etq88/xsP7F3Qo",
"06083207-50c8-49cb-a752-09fcd41501fe","WOOD_007.basePlot.bet","D09","WOOD","WOOD_007","S","2015-06-10","2015-06-24","2015-10-08","2016-01-27","5mkFtj0S+ggRycJyJqYyraa2P3RMRyyfUfGRQ17i8/c=","NEON.BET.D09.000688","SYNAME","Syntomus americanus","species","cf. species","Dejean",,"Lindroth, C. H. 1969. The ground-beetles (Carabidae, excl. Cicindelinae) of Canada and Alaska, parts 1-6. Opuscula E. Entomoligiska Sallskapet.",,"4oCBvlQIQ4DhSH30J22+0bs0GAacIQwk","a/0SlN26fEtmJ3LLysIxkaRUfZvckIBE","Apex of elytra sinuate| elytral striae not well defined| Could be Apristus sp. but pubescence starts on 4th antennal segment and some seem less than 3 mm.| difficult to see if mentum tooth is bifid"
"52ef8135-5a6b-4ce6-926d-cfbf9c93bc70","WOOD_003.basePlot.bet","D09","WOOD","WOOD_003","W","2015-06-10","2015-06-24","2015-10-08","2016-01-26","gVhx7bcr2vPNu942vL6aoaiUjf97fhkVNtP9VF4Wlx4=","NEON.BET.D09.000702","HAROPA","Harpalus opacipennis","species","cf. species","Haldeman",,"Lindroth, C. H. 1969. The ground-beetles (Carabidae, excl. Cicindelinae) of Canada and Alaska, parts 1-6. Opuscula E. Entomoligiska Sallskapet.",,"4oCBvlQIQ4DhSH30J22+0bs0GAacIQwk","49AT3csB7SNH9c2JnAOTHYMNXNZpKUYr","shoulder tooth small but sharp| no or little punctuation on prothorax| head narrow| basal side margins of prothorax nearly straight| size 7.5 to 9.3 mm.| could be H. nigritarsus but labial palpae not infuscated"
"53a8015a-43fe-4c74-ac35-e1aa981d3a2a","WOOD_007.basePlot.bet","D09","WOOD","WOOD_007","W","2015-06-10","2015-06-24","2015-10-08","2016-01-11","5mkFtj0S+gjhtj3JnHzUKuPglhRATkif+5WNiEnkMfo=","NEON.BET.D09.000692","CARSP14","Carabidae sp.","family",,"Latreille","D09.2015.MorphD","Lindroth, C. H. 1969. The ground-beetles (Carabidae, excl. Cicindelinae) of Canada and Alaska, parts 1-6. Opuscula E. Entomoligiska Sallskapet.",,"4oCBvlQIQ4DhSH30J22+0bs0GAacIQwk","49AT3csB7SNH9c2JnAOTHYMNXNZpKUYr","Agonoleptus sp. or Stenolophus sp. or Acupalpus sp. | about 3.5 mm| dark above with only slightly paler pronotum| legs only slightly paler than body"
"421ec2f1-491f-4ddf-8e21-359943dadfba","WOOD_007.basePlot.bet","D09","WOOD","WOOD_007","W","2015-06-10","2015-06-24","2015-10-08","2016-01-27","5mkFtj0S+gjhtj3JnHzUKpavkL7iaYBSbW2riaqbk7A=","NEON.BET.D09.000689","SYNAME","Syntomus americanus","species","cf. species","Dejean",,"Lindroth, C. H. 1969. The ground-beetles (Carabidae, excl. Cicindelinae) of Canada and Alaska, parts 1-6. Opuscula E. Entomoligiska Sallskapet.",,"4oCBvlQIQ4DhSH30J22+0bs0GAacIQwk","49AT3csB7SNH9c2JnAOTHYMNXNZpKUYr","Apex of elytra sinuate| elytral striae not well defined| Could be Apristus sp. but pubescence starts on 4th antennal segment and some seem less than 3 mm.| difficult to see if mentum tooth is bifid"
"1784adac-2792-45eb-b3b9-1308dfebd584","WOOD_007.basePlot.bet","D09","WOOD","WOOD_007","W","2015-06-10","2015-06-24","2015-10-08","2016-01-27","5mkFtj0S+gjhtj3JnHzUKpavkL7iaYBSbW2riaqbk7A=","NEON.BET.D09.000690","SYNAME","Syntomus americanus","species","cf. species","Dejean",,"Lindroth, C. H. 1969. The ground-beetles (Carabidae, excl. Cicindelinae) of Canada and Alaska, parts 1-6. Opuscula E. Entomoligiska Sallskapet.",,"4oCBvlQIQ4DhSH30J22+0bs0GAacIQwk","49AT3csB7SNH9c2JnAOTHYMNXNZpKUYr","Apex of elytra sinuate| elytral striae not well defined| Could be Apristus sp. but pubescence starts on 4th antennal segment and some seem less than 3 mm.| difficult to see if mentum tooth is bifid"
"c69f32f5-fc55-4ae5-bbb6-cfbc2e8835a6","WOOD_007.basePlot.bet","D09","WOOD","WOOD_007","W","2015-06-10","2015-06-24","2015-10-08","2016-01-27","5mkFtj0S+gjhtj3JnHzUKpavkL7iaYBSbW2riaqbk7A=","NEON.BET.D09.000693","SYNAME","Syntomus americanus","species","cf. species","Dejean",,"Lindroth, C. H. 1969. The ground-beetles (Carabidae, excl. Cicindelinae) of Canada and Alaska, parts 1-6. Opuscula E. Entomoligiska Sallskapet.",,"4oCBvlQIQ4DhSH30J22+0bs0GAacIQwk","49AT3csB7SNH9c2JnAOTHYMNXNZpKUYr","Apex of elytra sinuate| elytral striae not well defined| Could be Apristus sp. but pubescence starts on 4th antennal segment and some seem less than 3 mm.| difficult to see if mentum tooth is bifid"
"ff65d4f8-0044-4c62-81a9-11956ef3c62c","WOOD_001.basePlot.bet","D09","WOOD","WOOD_001","W","2015-06-10","2015-06-24","2015-10-08","2016-01-21","vZVALStcGze4oqiSg8fWaqN9wXSfEK8i4TK84DIAZS0=","NEON.BET.D09.000683","STECOM","Stenolophus comma","species",,"Fabricius",,"Lindroth, C. H. 1969. The ground-beetles (Carabidae, excl. Cicindelinae) of Canada and Alaska, parts 1-6. Opuscula E. Entomoligiska Sallskapet.",,"4oCBvlQIQ4DhSH30J22+0bs0GAacIQwk","a/0SlN26fEtmJ3LLysIxkaRUfZvckIBE",
"f96aec29-6da5-40c5-860b-b5c45a96fb92","WOOD_007.basePlot.bet","D09","WOOD","WOOD_007","W","2015-06-10","2015-06-24","2015-10-08","2016-01-27","5mkFtj0S+gjhtj3JnHzUKpavkL7iaYBSbW2riaqbk7A=","NEON.BET.D09.000691","SYNAME","Syntomus americanus","species","cf. species","Dejean",,"Lindroth, C. H. 1969. The ground-beetles (Carabidae, excl. Cicindelinae) of Canada and Alaska, parts 1-6. Opuscula E. Entomoligiska Sallskapet.",,"4oCBvlQIQ4DhSH30J22+0bs0GAacIQwk","49AT3csB7SNH9c2JnAOTHYMNXNZpKUYr","Apex of elytra sinuate| elytral striae not well defined| Could be Apristus sp. but pubescence starts on 4th antennal segment and some seem less than 3 mm.| difficult to see if mentum tooth is bifid"
"d0333480-9f9d-42bf-9f97-7937c35e3c75","WOOD_007.basePlot.bet","D09","WOOD","WOOD_007","W","2015-06-10","2015-06-24","2015-10-08","2016-01-27","5mkFtj0S+gjhtj3JnHzUKpavkL7iaYBSbW2riaqbk7A=","NEON.BET.D09.000694","SYNAME","Syntomus americanus","species","cf. species","Dejean",,"Lindroth, C. H. 1969. The ground-beetles (Carabidae, excl. Cicindelinae) of Canada and Alaska, parts 1-6. Opuscula E. Entomoligiska Sallskapet.",,"4oCBvlQIQ4DhSH30J22+0bs0GAacIQwk","49AT3csB7SNH9c2JnAOTHYMNXNZpKUYr","Apex of elytra sinuate| elytral striae not well defined| Could be Apristus sp. but pubescence starts on 4th antennal segment and some seem less than 3 mm.| difficult to see if mentum tooth is bifid"
"704f1ac8-0037-4a58-811b-6a3776279020","WOOD_003.basePlot.bet","D09","WOOD","WOOD_003","E","2015-06-10","2015-06-24","2015-10-08","2016-01-26","gVhx7bcr2vPfgD1jJpAncCyz1UT0u79nlfdiIaPWuPA=","NEON.BET.D09.000704","HAROPA","Harpalus opacipennis","species","cf. species","Haldeman",,"Lindroth, C. H. 1969. The ground-beetles (Carabidae, excl. Cicindelinae) of Canada and Alaska, parts 1-6. Opuscula E. Entomoligiska Sallskapet.",,"4oCBvlQIQ4DhSH30J22+0bs0GAacIQwk","49AT3csB7SNH9c2JnAOTHYMNXNZpKUYr","shoulder tooth small but sharp| no or little punctuation on prothorax| head narrow| basal side margins of prothorax nearly straight| size 7.5 to 9.3 mm.| could be H. nigritarsus but labial palpae not infuscated"
