uid,namedLocation,domainID,siteID,plotID,trapID,setDate,collectDate,processingDate,etOHChangeDate,identifiedDate,sampleID,subsampleID,sampleType,taxonID,scientificName,taxonRank,identificationQualifier,scientificNameAuthorship,morphospeciesID,individualCount,identificationReferences,identifiedBy,recordedBy,remarks
"ce8f7e84-3a88-45b3-88ee-4411a0eac51a","UKFS_004.basePlot.bet","D06","UKFS","UKFS_004","E","2016-07-19","2016-08-02","2016-08-03","2016-08-03",,"UKFS_004.E.20160802","luQoN84IPtHCaYA6VZMVVIcsR8fYETTlk08bvipFYZg=","invert bycatch",,,,,,,,,,"BzXmPCNcOOHl9ws4JG7MP7BkkCvctwH+",
"0968f0ce-70df-473a-a7f5-a04d072f3f40","UKFS_006.basePlot.bet","D06","UKFS","UKFS_006","E","2016-07-19","2016-08-02","2016-08-02","2016-08-02",,"UKFS_006.E.20160802","B2YMmw2rf0fKqJoR5iLVqbepvU2672q0NYU8uzSqEGI=","invert bycatch",,,,,,,,,,"Oad2LKJFK3B2dDlh7YO8Pa8zgFdkkUNN",
"28598cd4-0d83-4b0e-b682-9850c8f4f7b1","UKFS_010.basePlot.bet","D06","UKFS","UKFS_010","E","2016-07-19","2016-08-02","2016-08-03","2016-08-03",,"UKFS_010.E.20160802","26ylXNgyPLz0CvYim5G+Lm6VZZj1A3jcEZyp9kcJunM=","invert bycatch",,,,,,,,,,"BzXmPCNcOOHl9ws4JG7MP7BkkCvctwH+",
"ee7f4aa4-a198-479a-8f4d-94d097850b4f","UKFS_005.basePlot.bet","D06","UKFS","UKFS_005","E","2016-07-19","2016-08-02","2016-08-02","2016-08-03",,"UKFS_005.E.20160802","U/hiAoS2t8yuXSJQDSN1F/iTS7qqhpyDYCCcYWDkQPQ=","invert bycatch",,,,,,,,,,"BzXmPCNcOOHl9ws4JG7MP7BkkCvctwH+",
"bae6e3f6-14c0-498c-842a-93013a683b48","UKFS_008.basePlot.bet","D06","UKFS","UKFS_008","E","2016-07-19","2016-08-02","2016-08-02","2016-08-03",,"UKFS_008.E.20160802","5GU/wTV57IVEKLA9Z+xT3nSjXIq6/tENpzdf1i8oioI=","invert bycatch",,,,,,,,,,"sYrV+BI+v9kHEwoFL57IDVz9AwQUWLqs",
"01f12de8-0cc5-4bfe-924a-cea2e0df1be1","UKFS_007.basePlot.bet","D06","UKFS","UKFS_007","E","2016-07-19","2016-08-02","2016-08-02","2016-08-04",,"UKFS_007.E.20160802","PlyNduRc44RhCqvxPKrHNIgE93JwwLZ277p99B8zhI4=","invert bycatch",,,,,,,,,,"Oad2LKJFK3B2dDlh7YO8Pa8zgFdkkUNN",
"862760b6-b1ba-49a9-ad12-2778a667194f","UKFS_001.basePlot.bet","D06","UKFS","UKFS_001","E","2016-07-19","2016-08-02","2016-08-02","2016-08-03",,"UKFS_001.E.20160802","W8lw52JMhqA76wP7DD9mLgYmGyHQlctoeRpErKf5huE=","invert bycatch",,,,,,,,,,"lX3vzM5VjEiL5o0+CewjLCbxe6oT8o7B",
"66618dbf-6cca-4de4-addd-a7cb8f064e20","UKFS_009.basePlot.bet","D06","UKFS","UKFS_009","E","2016-07-19","2016-08-02","2016-08-02","2016-08-02",,"UKFS_009.E.20160802","MMz820nXMknuMjLRf/3LEzVhSDUZSIoc5MkXxIxW2bI=","invert bycatch",,,,,,,,,,"sYrV+BI+v9kHEwoFL57IDVz9AwQUWLqs",
"97ca671e-9e0f-460c-886e-fb0267cdc4b2","UKFS_003.basePlot.bet","D06","UKFS","UKFS_003","E","2016-07-19","2016-08-02","2016-08-03","2016-08-03",,"UKFS_003.E.20160802","Vl3mTlloYQSYGh3PxWCIJATE9vs2v5taiPIOHQu22Tk=","invert bycatch",,,,,,,,,,"sYrV+BI+v9kHEwoFL57IDVz9AwQUWLqs",
"d7317dca-964d-4e32-bd6f-d4851a4ecde5","UKFS_002.basePlot.bet","D06","UKFS","UKFS_002","E","2016-07-19","2016-08-02","2016-08-03","2016-08-03",,"UKFS_002.E.20160802","ThLXd3W736+K++ythxWlcxDp5Oyq1ZRL9hh3iDelYYs=","invert bycatch",,,,,,,,,,"BzXmPCNcOOHl9ws4JG7MP7BkkCvctwH+",
"3ece5dd4-d6c8-42e5-8b93-e9e1fe3af236","UKFS_002.basePlot.bet","D06","UKFS","UKFS_002","N","2016-07-19","2016-08-02","2016-08-03","2016-08-03",,"UKFS_002.N.20160802","ThLXd3W736/4nvTlmjD8ChXvfa38fVoB9e79IxJkR44=","invert bycatch",,,,,,,,,,"BzXmPCNcOOHl9ws4JG7MP7BkkCvctwH+",
"a1782b71-f75d-474a-a377-683caa4812c0","UKFS_010.basePlot.bet","D06","UKFS","UKFS_010","N","2016-07-19","2016-08-02","2016-08-03","2016-08-03",,"UKFS_010.N.20160802","26ylXNgyPLzjh7kwqLICByWYw+gcc6N891KxdgAH/5U=","invert bycatch",,,,,,,,,,"BzXmPCNcOOHl9ws4JG7MP7BkkCvctwH+",
"f39504e4-5661-4947-b0f7-0d0abd1435a7","UKFS_005.basePlot.bet","D06","UKFS","UKFS_005","N","2016-07-19","2016-08-02","2016-08-02","2016-08-03",,"UKFS_005.N.20160802","U/hiAoS2t8w7GjBVfR1oz1Y4jVdWFvAAUO2ltV9Ui9E=","invert bycatch",,,,,,,,,,"BzXmPCNcOOHl9ws4JG7MP7BkkCvctwH+",
"06dadeae-9146-4e8c-9196-6a5f3ec88c17","UKFS_006.basePlot.bet","D06","UKFS","UKFS_006","N","2016-07-19","2016-08-02","2016-08-02","2016-08-02",,"UKFS_006.N.20160802","B2YMmw2rf0cV6f5WOnCoIC44J/DWqCj1WCDedub3gsU=","invert bycatch",,,,,,,,,,"Oad2LKJFK3B2dDlh7YO8Pa8zgFdkkUNN",
"88ad7bdd-b082-406d-bb5c-d811a292835f","UKFS_008.basePlot.bet","D06","UKFS","UKFS_008","N","2016-07-19","2016-08-02","2016-08-02","2016-08-03",,"UKFS_008.N.20160802","5GU/wTV57IU7Y2sTCsHqwvm48rKd45zSYNtDxez3sqE=","invert bycatch",,,,,,,,,,"sYrV+BI+v9kHEwoFL57IDVz9AwQUWLqs",
"633a2c2c-c2a4-4f51-acd7-5a13b84dbb8b","UKFS_007.basePlot.bet","D06","UKFS","UKFS_007","N","2016-07-19","2016-08-02","2016-08-02","2016-08-04",,"UKFS_007.N.20160802","PlyNduRc44SIqYb7paWbblD4+3K1A1bY3Uok06N/BrA=","invert bycatch",,,,,,,,,,"Oad2LKJFK3B2dDlh7YO8Pa8zgFdkkUNN",
"d66db727-df8a-4245-b790-82265b619fb8","UKFS_001.basePlot.bet","D06","UKFS","UKFS_001","N","2016-07-19","2016-08-02","2016-08-02","2016-08-03",,"UKFS_001.N.20160802","W8lw52JMhqB4HUEJroKhhPbk7McPtND3n9XaI5v8TgU=","invert bycatch",,,,,,,,,,"lX3vzM5VjEiL5o0+CewjLCbxe6oT8o7B",
"399d798b-ed36-48d8-b0cb-4633ef12f807","UKFS_003.basePlot.bet","D06","UKFS","UKFS_003","N","2016-07-19","2016-08-02","2016-08-03","2016-08-03",,"UKFS_003.N.20160802","Vl3mTlloYQTwxvmt8Lesg0s2IxMCqjSaf2KnxacyH2Q=","invert bycatch",,,,,,,,,,"sYrV+BI+v9kHEwoFL57IDVz9AwQUWLqs",
"cdcdcc35-e26e-4aed-80b1-fa9a25d69fcf","UKFS_004.basePlot.bet","D06","UKFS","UKFS_004","N","2016-07-19","2016-08-02","2016-08-03","2016-08-03",,"UKFS_004.N.20160802","luQoN84IPtGmkZYbvppGGdaEe7CAAISYkwnO8N4qgyI=","invert bycatch",,,,,,,,,,"BzXmPCNcOOHl9ws4JG7MP7BkkCvctwH+",
"8ff2cf0d-00c5-4a5a-bc67-b9a16dc2672c","UKFS_009.basePlot.bet","D06","UKFS","UKFS_009","N","2016-07-19","2016-08-02","2016-08-02","2016-08-02",,"UKFS_009.N.20160802","MMz820nXMkkWV5oqkwC1aQ1vRvYrBm32CCQobpZL2ig=","invert bycatch",,,,,,,,,,"sYrV+BI+v9kHEwoFL57IDVz9AwQUWLqs",
"9e6850fb-9393-4832-8ae5-4a19dbde061d","UKFS_007.basePlot.bet","D06","UKFS","UKFS_007","S","2016-07-19","2016-08-02","2016-08-02","2016-08-04",,"UKFS_007.S.20160802","PlyNduRc44TS3mVCjpZFWEEEBtOs4mvtcbzoIIC5nqA=","invert bycatch",,,,,,,,,,"Oad2LKJFK3B2dDlh7YO8Pa8zgFdkkUNN",
"cddceba5-a9a4-472c-88e7-78c0a85c089f","UKFS_001.basePlot.bet","D06","UKFS","UKFS_001","S","2016-07-19","2016-08-02","2016-08-02","2016-08-03",,"UKFS_001.S.20160802","W8lw52JMhqDTe5xDlvI8/XeVtOPQiTtQEqTb7JgIkho=","invert bycatch",,,,,,,,,,"lX3vzM5VjEiL5o0+CewjLCbxe6oT8o7B",
"c8eea77c-c006-4036-a194-948aa5a9b772","UKFS_003.basePlot.bet","D06","UKFS","UKFS_003","S","2016-07-19","2016-08-02","2016-08-03","2016-08-03",,"UKFS_003.S.20160802","Vl3mTlloYQQrcZX/TXXt9MG+qsplDnklAahM/GsDXiM=","invert bycatch",,,,,,,,,,"sYrV+BI+v9kHEwoFL57IDVz9AwQUWLqs",
"97fa1629-5d8f-4b5e-9c97-691d4c9d91d2","UKFS_009.basePlot.bet","D06","UKFS","UKFS_009","S","2016-07-19","2016-08-02","2016-08-02","2016-08-02",,"UKFS_009.S.20160802","MMz820nXMkkDZW8IbhB+tahtjRz0ZxGx//4cJbghBuc=","invert bycatch",,,,,,,,,,"sYrV+BI+v9kHEwoFL57IDVz9AwQUWLqs",
"75f57fbb-fdb9-45d9-a08b-04a30019831e","UKFS_004.basePlot.bet","D06","UKFS","UKFS_004","S","2016-07-19","2016-08-02","2016-08-02","2016-08-03",,"UKFS_004.S.20160802","luQoN84IPtGFO9tIqEXTWoVUx1Yz9wAdVlxlqRxLHkw=","invert bycatch",,,,,,,,,,"BzXmPCNcOOHl9ws4JG7MP7BkkCvctwH+",
"e61978c2-2589-4888-be7b-1260904ce439","UKFS_002.basePlot.bet","D06","UKFS","UKFS_002","S","2016-07-19","2016-08-02","2016-08-03","2016-08-03",,"UKFS_002.S.20160802","ThLXd3W73680GC8C+jfO6c1UZDShYgcE2p/5MZYWFl0=","invert bycatch",,,,,,,,,,"BzXmPCNcOOHl9ws4JG7MP7BkkCvctwH+",
"a0f88f70-2156-4380-a6c3-d8c1432fad77","UKFS_010.basePlot.bet","D06","UKFS","UKFS_010","S","2016-07-19","2016-08-02","2016-08-03","2016-08-03",,"UKFS_010.S.20160802","26ylXNgyPLz2/v7Yo+EC80kkp0rYFshZHXYd2PoPbI4=","invert bycatch",,,,,,,,,,"BzXmPCNcOOHl9ws4JG7MP7BkkCvctwH+",
"94ddbf03-7de9-45e2-aed0-85761c2ec8fe","UKFS_005.basePlot.bet","D06","UKFS","UKFS_005","S","2016-07-19","2016-08-02","2016-08-02","2016-08-03",,"UKFS_005.S.20160802","U/hiAoS2t8yY8eyO0H2WcbUdVCAYNbhQ2MWwZhJrocw=","invert bycatch",,,,,,,,,,"BzXmPCNcOOHl9ws4JG7MP7BkkCvctwH+",
"eb5e5731-5c6a-4bd5-a8b4-ba5d084d066e","UKFS_006.basePlot.bet","D06","UKFS","UKFS_006","S","2016-07-19","2016-08-02","2016-08-02","2016-08-02",,"UKFS_006.S.20160802","B2YMmw2rf0exBedqDiGSpO/SXWAQuscGCQR7QX17mBU=","invert bycatch",,,,,,,,,,"CxbajnPsyHW3AvUII7kjlhYOKJrN+qe7",
"2267346f-e00c-4f6c-a6ba-5b69d17a4837","UKFS_008.basePlot.bet","D06","UKFS","UKFS_008","S","2016-07-19","2016-08-02","2016-08-02","2016-08-03",,"UKFS_008.S.20160802","5GU/wTV57IUxd+bKSYXi6x0oy4QSMEIKKFcgK9zRoo8=","invert bycatch",,,,,,,,,,"sYrV+BI+v9kHEwoFL57IDVz9AwQUWLqs",
"cd087434-1f71-4f5c-b4a1-623f531cde9b","UKFS_002.basePlot.bet","D06","UKFS","UKFS_002","W","2016-07-19","2016-08-02","2016-08-03","2016-08-03",,"UKFS_002.W.20160802","ThLXd3W736+1jPVN8EFd74dQX7M24R4hthDyP7+xILs=","invert bycatch",,,,,,,,,,"BzXmPCNcOOHl9ws4JG7MP7BkkCvctwH+",
"71d63ff5-2345-4052-99fb-4f01893da385","UKFS_006.basePlot.bet","D06","UKFS","UKFS_006","W","2016-07-19","2016-08-02","2016-08-02","2016-08-02",,"UKFS_006.W.20160802","B2YMmw2rf0ft18Rz4BjeO5MtgOcr9Lf5PSeg2rSVDBQ=","invert bycatch",,,,,,,,,,"Oad2LKJFK3B2dDlh7YO8Pa8zgFdkkUNN",
"4f2096e9-f7ec-4ddd-ac3d-350c74d4c0fa","UKFS_010.basePlot.bet","D06","UKFS","UKFS_010","W","2016-07-19","2016-08-02","2016-08-03","2016-08-03",,"UKFS_010.W.20160802","26ylXNgyPLwmTjsK0+9vC/ix1p2se5FTOjJlXx2vNuM=","invert bycatch",,,,,,,,,,"BzXmPCNcOOHl9ws4JG7MP7BkkCvctwH+",
"3aae6fda-c0d7-462a-adcc-958bd1d739fc","UKFS_005.basePlot.bet","D06","UKFS","UKFS_005","W","2016-07-19","2016-08-02","2016-08-02","2016-08-03",,"UKFS_005.W.20160802","U/hiAoS2t8y5Q6XdpcVFU1hOMXpXApx0PXx3s/UYJcQ=","invert bycatch",,,,,,,,,,"BzXmPCNcOOHl9ws4JG7MP7BkkCvctwH+",
"0f6404ea-deca-4b7c-92d5-5398456f2b33","UKFS_008.basePlot.bet","D06","UKFS","UKFS_008","W","2016-07-19","2016-08-02","2016-08-02","2016-08-03",,"UKFS_008.W.20160802","5GU/wTV57IXq+8Mi4QgRhLdSoZcEkl4RaLjOFam5AoI=","invert bycatch",,,,,,,,,,"sYrV+BI+v9kHEwoFL57IDVz9AwQUWLqs",
"c6014504-8b84-4290-a038-3bd51a37e38b","UKFS_007.basePlot.bet","D06","UKFS","UKFS_007","W","2016-07-19","2016-08-02","2016-08-02","2016-08-04",,"UKFS_007.W.20160802","PlyNduRc44TkWJQP3Cd60Xts1gC8cgXMLDeG+gAYuCo=","invert bycatch",,,,,,,,,,"Oad2LKJFK3B2dDlh7YO8Pa8zgFdkkUNN",
"5b192ce7-f218-43cb-a94a-d5d81d885a8c","UKFS_001.basePlot.bet","D06","UKFS","UKFS_001","W","2016-07-19","2016-08-02","2016-08-02","2016-08-03",,"UKFS_001.W.20160802","W8lw52JMhqDl7BMqk06pwDa5lGRB66VEQeG44WWbFWw=","invert bycatch",,,,,,,,,,"lX3vzM5VjEiL5o0+CewjLCbxe6oT8o7B",
"c81917d5-a44c-48bd-b423-01d6de20ddc8","UKFS_009.basePlot.bet","D06","UKFS","UKFS_009","W","2016-07-19","2016-08-02","2016-08-02","2016-08-02",,"UKFS_009.W.20160802","MMz820nXMkmag2rhq9Gb0UL0dYofNh9ULmKiiiAu0JE=","invert bycatch",,,,,,,,,,"sYrV+BI+v9kHEwoFL57IDVz9AwQUWLqs",
"c2169aae-5ec3-4532-af65-c466431cfcad","UKFS_003.basePlot.bet","D06","UKFS","UKFS_003","W","2016-07-19","2016-08-02","2016-08-03","2016-08-03",,"UKFS_003.W.20160802","Vl3mTlloYQS3K93B3hhrTFliEwyJ06qQZr6423pBw5g=","invert bycatch",,,,,,,,,,"sYrV+BI+v9kHEwoFL57IDVz9AwQUWLqs",
"de678a56-40ac-4760-aad7-c9e65185e32a","UKFS_004.basePlot.bet","D06","UKFS","UKFS_004","W","2016-07-19","2016-08-02","2016-08-02","2016-08-03",,"UKFS_004.W.20160802","luQoN84IPtF4YntE6fvRT7RlDmpQZpccLNfefZD3jLM=","invert bycatch",,,,,,,,,,"BzXmPCNcOOHl9ws4JG7MP7BkkCvctwH+",
"02391dcf-7b28-4f48-8789-dffd52853eb8","UKFS_002.basePlot.bet","D06","UKFS","UKFS_002","S","2016-08-02","2016-08-16","2016-08-16","2016-08-18",,"UKFS_002.S.20160816","ThLXd3W73680GC8C+jfO6elMN0ZgvZWAwzn0+p+6R1I=","invert bycatch",,,,,,,,,,"29ijMy9MQrajCm2JLZzgC4i1O6XKx/yF",
"307159e2-97fd-4c3d-805a-459b7fb14191","UKFS_005.basePlot.bet","D06","UKFS","UKFS_005","S","2016-08-02","2016-08-16","2016-08-16","2016-08-18",,"UKFS_005.S.20160816","U/hiAoS2t8yY8eyO0H2WcXfFGzh6fwYpSfm4JVR6+Bg=","invert bycatch",,,,,,,,,,"29ijMy9MQrajCm2JLZzgC4i1O6XKx/yF",
"494513a2-c3da-4e61-9c3d-acd4c8f3deff","UKFS_008.basePlot.bet","D06","UKFS","UKFS_008","S","2016-08-02","2016-08-16","2016-08-16","2016-08-17",,"UKFS_008.S.20160816","5GU/wTV57IUxd+bKSYXi67FT1waHtr2JlhhwPZSEpJo=","invert bycatch",,,,,,,,,,"sYrV+BI+v9kHEwoFL57IDVz9AwQUWLqs",
"881ed648-58cf-4b72-ba04-b61ba5c38721","UKFS_007.basePlot.bet","D06","UKFS","UKFS_007","S","2016-08-02","2016-08-16","2016-08-16","2016-08-17",,"UKFS_007.S.20160816","PlyNduRc44TS3mVCjpZFWJOaX7zJahMgG4I9hLM+VGQ=","invert bycatch",,,,,,,,,,"sYrV+BI+v9kHEwoFL57IDVz9AwQUWLqs",
"5f181b62-e616-4b94-a8f1-1e6c61789440","UKFS_001.basePlot.bet","D06","UKFS","UKFS_001","S","2016-08-02","2016-08-16","2016-08-16","2016-08-17",,"UKFS_001.S.20160816","W8lw52JMhqDTe5xDlvI8/XNcAtpKtPTeBkztEaix5m8=","invert bycatch",,,,,,,,,,"sYrV+BI+v9kHEwoFL57IDVz9AwQUWLqs",
"e2bcdb49-c8d1-410b-96b6-b9cb06baba3f","UKFS_003.basePlot.bet","D06","UKFS","UKFS_003","S","2016-08-02","2016-08-16","2016-08-16","2016-08-17",,"UKFS_003.S.20160816","Vl3mTlloYQQrcZX/TXXt9HUE9jIdumQZlBVEkBXdGRs=","invert bycatch",,,,,,,,,,"29ijMy9MQrajCm2JLZzgC4i1O6XKx/yF",
"35851072-7412-4910-9d48-b7b13af91334","UKFS_004.basePlot.bet","D06","UKFS","UKFS_004","S","2016-08-02","2016-08-16","2016-08-16","2016-08-18",,"UKFS_004.S.20160816","luQoN84IPtGFO9tIqEXTWmKhVIPtNvKmoZsoO5B0L2A=","invert bycatch",,,,,,,,,,"6pgJy9jRv9PHSDcoyJBm0rFfP22LwuLl",
"b0c0b8f9-c025-4c07-8df6-6b5c0cf4995a","UKFS_005.basePlot.bet","D06","UKFS","UKFS_005","W","2016-08-02","2016-08-16","2016-08-16","2016-08-18",,"UKFS_005.W.20160816","U/hiAoS2t8y5Q6XdpcVFU6lxnUwsEzyR7cGQMSIziZw=","invert bycatch",,,,,,,,,,"29ijMy9MQrajCm2JLZzgC4i1O6XKx/yF",
"4bc257bd-9a17-4937-a9d4-a01f9ed68986","UKFS_001.basePlot.bet","D06","UKFS","UKFS_001","W","2016-08-02","2016-08-16","2016-08-16","2016-08-17",,"UKFS_001.W.20160816","W8lw52JMhqDl7BMqk06pwAUzuZY2vIxl1w2oJoR1g/8=","invert bycatch",,,,,,,,,,"sYrV+BI+v9kHEwoFL57IDVz9AwQUWLqs",
"1babfdc6-b588-4a66-b1cc-86b7b07c65ef","UKFS_007.basePlot.bet","D06","UKFS","UKFS_007","W","2016-08-02","2016-08-16","2016-08-16","2016-08-17",,"UKFS_007.W.20160816","PlyNduRc44TkWJQP3Cd60Y0YOFeJ7bu3tw64DuFJS8k=","invert bycatch",,,,,,,,,,"sYrV+BI+v9kHEwoFL57IDVz9AwQUWLqs",
"1d688f4e-be2e-436c-ad25-7f25879fae60","UKFS_009.basePlot.bet","D06","UKFS","UKFS_009","W","2016-08-02","2016-08-16","2016-08-16","2016-08-17",,"UKFS_009.W.20160816","MMz820nXMkmag2rhq9Gb0fJ39R+CVkoH6ewqKB+T5TM=","invert bycatch",,,,,,,,,,"29ijMy9MQrajCm2JLZzgC4i1O6XKx/yF",
"c9bd13b6-222d-4641-ab10-5e5c052b553c","UKFS_003.basePlot.bet","D06","UKFS","UKFS_003","W","2016-08-02","2016-08-16","2016-08-16","2016-08-17",,"UKFS_003.W.20160816","Vl3mTlloYQS3K93B3hhrTH1ZJNhvshD6cYWffdsdpcA=","invert bycatch",,,,,,,,,,"29ijMy9MQrajCm2JLZzgC4i1O6XKx/yF",
"dde22910-d623-47c2-99c9-916751789539","UKFS_002.basePlot.bet","D06","UKFS","UKFS_002","W","2016-08-02","2016-08-16","2016-08-16","2016-08-18",,"UKFS_002.W.20160816","ThLXd3W736+1jPVN8EFd72oPXF4P4xHmmDEOR/TpCc4=","invert bycatch",,,,,,,,,,"29ijMy9MQrajCm2JLZzgC4i1O6XKx/yF",
"6e1a48cd-8c3a-433d-b480-18c73eb4d518","UKFS_004.basePlot.bet","D06","UKFS","UKFS_004","W","2016-08-02","2016-08-16","2016-08-16","2016-08-18",,"UKFS_004.W.20160816","luQoN84IPtF4YntE6fvRT4Fy+57aNT8hhUdgYhqw0q0=","invert bycatch",,,,,,,,,,"6pgJy9jRv9PHSDcoyJBm0rFfP22LwuLl",
"f16b71f3-a31e-4113-a6f6-7f417e75c104","UKFS_006.basePlot.bet","D06","UKFS","UKFS_006","W","2016-08-02","2016-08-16","2016-08-16","2016-08-17",,"UKFS_006.W.20160816","B2YMmw2rf0ft18Rz4BjeOw5RcD0hBDMDDH7BkTPpfKE=","invert bycatch",,,,,,,,,,"sYrV+BI+v9kHEwoFL57IDVz9AwQUWLqs",
"d0e2eb27-a4e9-4b8d-be27-41a93f735751","UKFS_010.basePlot.bet","D06","UKFS","UKFS_010","W","2016-08-02","2016-08-16","2016-08-16","2016-08-17",,"UKFS_010.W.20160816","26ylXNgyPLwmTjsK0+9vCxIyYI8KOX893waG1QddwWA=","invert bycatch",,,,,,,,,,"sYrV+BI+v9kHEwoFL57IDVz9AwQUWLqs",
"38bb565f-d276-45a6-9799-87b5c5b9d4d9","UKFS_008.basePlot.bet","D06","UKFS","UKFS_008","W","2016-08-02","2016-08-16","2016-08-16","2016-08-17",,"UKFS_008.W.20160816","5GU/wTV57IXq+8Mi4QgRhGQvMaOLi6vcu5VEhLs4V8M=","invert bycatch",,,,,,,,,,"sYrV+BI+v9kHEwoFL57IDVz9AwQUWLqs",
"f42414e5-f6c0-4d08-95e6-ccffbb2f0885","UKFS_004.basePlot.bet","D06","UKFS","UKFS_004","E","2016-08-02","2016-08-16","2016-08-16","2016-08-18",,"UKFS_004.E.20160816","luQoN84IPtHCaYA6VZMVVPo7P4XzhCA/Do/Tere+KcU=","invert bycatch",,,,,,,,,,"6pgJy9jRv9PHSDcoyJBm0rFfP22LwuLl",
"f559b521-3ea1-4c2d-931f-46338411dbdd","UKFS_003.basePlot.bet","D06","UKFS","UKFS_003","E","2016-08-02","2016-08-16","2016-08-16","2016-08-17",,"UKFS_003.E.20160816","Vl3mTlloYQSYGh3PxWCIJM+XvNB62j+QLQvwZkx/48Y=","invert bycatch",,,,,,,,,,"29ijMy9MQrajCm2JLZzgC4i1O6XKx/yF",
"19e9652a-7db4-42a1-ac79-fc9230dcc6b3","UKFS_009.basePlot.bet","D06","UKFS","UKFS_009","E","2016-08-02","2016-08-16","2016-08-16","2016-08-17",,"UKFS_009.E.20160816","MMz820nXMknuMjLRf/3LE+tXCsoZfpQG+Pldw23ClxQ=","invert bycatch",,,,,,,,,,"29ijMy9MQrajCm2JLZzgC4i1O6XKx/yF",
"635c2c74-ed25-459b-b57b-c695c77eb0fb","UKFS_001.basePlot.bet","D06","UKFS","UKFS_001","E","2016-08-02","2016-08-16","2016-08-16","2016-08-17",,"UKFS_001.E.20160816","W8lw52JMhqA76wP7DD9mLnEVSAO1akN8f+pFW5EsAmY=","invert bycatch",,,,,,,,,,"sYrV+BI+v9kHEwoFL57IDVz9AwQUWLqs",
"24d1ad7e-7a0e-4aef-8bc6-5a577e9e7861","UKFS_007.basePlot.bet","D06","UKFS","UKFS_007","E","2016-08-02","2016-08-16","2016-08-16","2016-08-17",,"UKFS_007.E.20160816","PlyNduRc44RhCqvxPKrHNLTwSnWiZtjXuO/IWbTGDZE=","invert bycatch",,,,,,,,,,"sYrV+BI+v9kHEwoFL57IDVz9AwQUWLqs",
"47061773-ddb7-4113-a2b7-f3b2c87f50cc","UKFS_008.basePlot.bet","D06","UKFS","UKFS_008","E","2016-08-02","2016-08-16","2016-08-16","2016-08-17",,"UKFS_008.E.20160816","5GU/wTV57IVEKLA9Z+xT3vS+ih4guDel1C9o47Yum6c=","invert bycatch",,,,,,,,,,"sYrV+BI+v9kHEwoFL57IDVz9AwQUWLqs",
"387c0eeb-bb57-434f-b00d-f059619a1d22","UKFS_005.basePlot.bet","D06","UKFS","UKFS_005","E","2016-08-02","2016-08-16","2016-08-16","2016-08-18",,"UKFS_005.E.20160816","U/hiAoS2t8yuXSJQDSN1F/33egQyy5ef7KgbkK7N55g=","invert bycatch",,,,,,,,,,"29ijMy9MQrajCm2JLZzgC4i1O6XKx/yF",
"ffdc8a3a-9b9c-4e46-85f8-ff6187209f65","UKFS_006.basePlot.bet","D06","UKFS","UKFS_006","E","2016-08-02","2016-08-16","2016-08-16","2016-08-17",,"UKFS_006.E.20160816","B2YMmw2rf0fKqJoR5iLVqUowNMhwrWnlBg7gMPjCjtY=","invert bycatch",,,,,,,,,,"sYrV+BI+v9kHEwoFL57IDVz9AwQUWLqs",
"c9772c7b-4091-4904-be35-7e86f7380e1b","UKFS_010.basePlot.bet","D06","UKFS","UKFS_010","E","2016-08-02","2016-08-16","2016-08-16","2016-08-17",,"UKFS_010.E.20160816","26ylXNgyPLz0CvYim5G+Lh7ayUM8v8wjo0VdJpMLWf8=","invert bycatch",,,,,,,,,,"sYrV+BI+v9kHEwoFL57IDVz9AwQUWLqs",
"52d57d53-969b-413a-878b-df0d981d2d42","UKFS_002.basePlot.bet","D06","UKFS","UKFS_002","E","2016-08-02","2016-08-16","2016-08-16","2016-08-18",,"UKFS_002.E.20160816","ThLXd3W736+K++ythxWlc2qEQnF9IPL+0ZJB400klWY=","invert bycatch",,,,,,,,,,"29ijMy9MQrajCm2JLZzgC4i1O6XKx/yF",
"69420048-65ea-41ec-bd8f-20ea2458be6e","UKFS_005.basePlot.bet","D06","UKFS","UKFS_005","N","2016-08-02","2016-08-16","2016-08-16","2016-08-18",,"UKFS_005.N.20160816","U/hiAoS2t8w7GjBVfR1oz3W7Wt4E4fmIweHm/noYZU8=","invert bycatch",,,,,,,,,,"29ijMy9MQrajCm2JLZzgC4i1O6XKx/yF",
"f8b50957-d1e2-4669-a345-13e797def704","UKFS_010.basePlot.bet","D06","UKFS","UKFS_010","N","2016-08-02","2016-08-16","2016-08-16","2016-08-17",,"UKFS_010.N.20160816","26ylXNgyPLzjh7kwqLICB+puf21O3fGRyuTKJap7RXM=","invert bycatch",,,,,,,,,,"sYrV+BI+v9kHEwoFL57IDVz9AwQUWLqs","Some sample spilled| nearly all recovered."
"5ea6df98-858b-4f7a-8bd5-ce7d4f9a78aa","UKFS_004.basePlot.bet","D06","UKFS","UKFS_004","N","2016-08-02","2016-08-16","2016-08-16","2016-08-18",,"UKFS_004.N.20160816","luQoN84IPtGmkZYbvppGGTOShEahdXcX8kU7bmJvVNc=","invert bycatch",,,,,,,,,,"6pgJy9jRv9PHSDcoyJBm0rFfP22LwuLl",
"db34f6fe-632d-445f-85ee-4cd188b4e0b0","UKFS_009.basePlot.bet","D06","UKFS","UKFS_009","N","2016-08-02","2016-08-16","2016-08-16","2016-08-16","2016-08-16","UKFS_009.N.20160816","MMz820nXMkkWV5oqkwC1aWeYWgm/9oGYkjwSLiUsnNA=","vert bycatch herp","PSEMAC","Pseudacris maculata","species",,"Agassiz",,1,"Clarke, R. F. 1984. Frogs and Toads in Kansas. The Kansas School Naturalist. 30(3):1-15.","uXSN77Q7x9cACyt+x8PEhxuBjTDRBKZV","uXSN77Q7x9cACyt+x8PEhxuBjTDRBKZV",
"fbc1ec0d-3324-400f-9cb2-e85249df4b63","UKFS_003.basePlot.bet","D06","UKFS","UKFS_003","N","2016-08-02","2016-08-16","2016-08-16","2016-08-17",,"UKFS_003.N.20160816","Vl3mTlloYQTwxvmt8Lesg1VdwVVtJuQ3/RBsyLv2S/k=","invert bycatch",,,,,,,,,,"29ijMy9MQrajCm2JLZzgC4i1O6XKx/yF",
"34ba3275-c676-4171-96cd-b6a8fdeac4e9","UKFS_001.basePlot.bet","D06","UKFS","UKFS_001","N","2016-08-02","2016-08-16","2016-08-16","2016-08-17",,"UKFS_001.N.20160816","W8lw52JMhqB4HUEJroKhhE7f/Jmu1v+IAtuPJzDOLzA=","invert bycatch",,,,,,,,,,"sYrV+BI+v9kHEwoFL57IDVz9AwQUWLqs",
"030f0c13-b268-4581-94b6-00eb323fb1a8","UKFS_007.basePlot.bet","D06","UKFS","UKFS_007","N","2016-08-02","2016-08-16","2016-08-16","2016-08-17",,"UKFS_007.N.20160816","PlyNduRc44SIqYb7paWbbq3yfNa2COuJFjFB+HWLMg4=","invert bycatch",,,,,,,,,,"sYrV+BI+v9kHEwoFL57IDVz9AwQUWLqs",
"fa761014-a162-43ae-815d-57c5a1dabd6a","UKFS_009.basePlot.bet","D06","UKFS","UKFS_009","N","2016-08-02","2016-08-16","2016-08-16","2016-08-17",,"UKFS_009.N.20160816","MMz820nXMkkWV5oqkwC1aaZxuBDnNY40LUbxd1gecvs=","invert bycatch",,,,,,,,,,"29ijMy9MQrajCm2JLZzgC4i1O6XKx/yF",
"a16bd75f-e199-49ea-b3d9-d5c7ea064948","UKFS_008.basePlot.bet","D06","UKFS","UKFS_008","N","2016-08-02","2016-08-16","2016-08-16","2016-08-17",,"UKFS_008.N.20160816","5GU/wTV57IU7Y2sTCsHqwkNGvjcFRX7672fNmPVs610=","invert bycatch",,,,,,,,,,"sYrV+BI+v9kHEwoFL57IDVz9AwQUWLqs",
"352e73c8-0e6a-4967-8096-e1db3ed2118a","UKFS_002.basePlot.bet","D06","UKFS","UKFS_002","N","2016-08-02","2016-08-16","2016-08-16","2016-08-18",,"UKFS_002.N.20160816","ThLXd3W736/4nvTlmjD8CgJRh+aUrGitvoO+gIbeUhM=","invert bycatch",,,,,,,,,,"29ijMy9MQrajCm2JLZzgC4i1O6XKx/yF",
"eab68864-53af-4e6f-95b2-59022487e13c","UKFS_006.basePlot.bet","D06","UKFS","UKFS_006","N","2016-08-02","2016-08-16","2016-08-16","2016-08-17",,"UKFS_006.N.20160816","B2YMmw2rf0cV6f5WOnCoICgB8wCt7jP8gcFHFKA4hUI=","invert bycatch",,,,,,,,,,"sYrV+BI+v9kHEwoFL57IDVz9AwQUWLqs",
"885a2113-1ccc-43a3-a5f7-0ee6f7f387c8","UKFS_009.basePlot.bet","D06","UKFS","UKFS_009","S","2016-08-02","2016-08-16","2016-08-16","2016-08-17",,"UKFS_009.S.20160816","MMz820nXMkkDZW8IbhB+tZ7InWe33gsapFbSICFRsPA=","invert bycatch",,,,,,,,,,"29ijMy9MQrajCm2JLZzgC4i1O6XKx/yF",
"b16000eb-9806-4984-8dab-bb78f53bf98e","UKFS_006.basePlot.bet","D06","UKFS","UKFS_006","S","2016-08-02","2016-08-16","2016-08-16","2016-08-17",,"UKFS_006.S.20160816","B2YMmw2rf0exBedqDiGSpFZ6biwkGK/LD78sh2CFgTo=","invert bycatch",,,,,,,,,,"sYrV+BI+v9kHEwoFL57IDVz9AwQUWLqs",
"018a6704-0b1f-47a1-85e2-eaf4d0aca9d8","UKFS_010.basePlot.bet","D06","UKFS","UKFS_010","S","2016-08-02","2016-08-16","2016-08-16","2016-08-17",,"UKFS_010.S.20160816","26ylXNgyPLz2/v7Yo+EC80If8Ya1CmNZVMxR8+7iAXs=","invert bycatch",,,,,,,,,,"sYrV+BI+v9kHEwoFL57IDVz9AwQUWLqs",
"d7a050f4-3bc4-496f-a74e-b4f56605d8b8","UKFS_004.basePlot.bet","D06","UKFS","UKFS_004","E","2016-08-16","2016-08-30","2016-08-30","2016-09-07",,"UKFS_004.E.20160830","luQoN84IPtHCaYA6VZMVVGP/lDbmAOxauy/DeC0J0Xg=","invert bycatch",,,,,,,,,,"29ijMy9MQrbYfInTyb/Xlh7VUPcP8GK8IIX3ZNrUwCQ=",
"bc5e3821-3f34-4edb-80c9-c7f499b62e7d","UKFS_004.basePlot.bet","D06","UKFS","UKFS_004","W","2016-08-16","2016-08-30","2016-08-30","2016-09-07",,"UKFS_004.W.20160830","luQoN84IPtF4YntE6fvRT5mV2FB5E4+pV0dVw/4XUkY=","invert bycatch",,,,,,,,,,"29ijMy9MQrbYfInTyb/Xlh7VUPcP8GK8IIX3ZNrUwCQ=",
"b79b63f1-d7ea-453f-98d3-981a06b23fce","UKFS_002.basePlot.bet","D06","UKFS","UKFS_002","E","2016-08-16","2016-08-30","2016-08-30","2016-09-07",,"UKFS_002.E.20160830","ThLXd3W736+K++ythxWlc3hVxFsd0Q1hjmWD+iyj1hI=","invert bycatch",,,,,,,,,,"29ijMy9MQrbYfInTyb/Xlh7VUPcP8GK8IIX3ZNrUwCQ=",
"75abb691-1d35-406d-beb2-a8dd58f4feb2","UKFS_010.basePlot.bet","D06","UKFS","UKFS_010","E","2016-08-16","2016-08-30","2016-08-30","2016-08-31",,"UKFS_010.E.20160830","26ylXNgyPLz0CvYim5G+LrwUD2Gxj3lZj4fYQDPLIpg=","invert bycatch",,,,,,,,,,"lX3vzM5VjEiL5o0+CewjLCbxe6oT8o7B",
"65f8eee9-174b-4972-aa78-729127633b37","UKFS_005.basePlot.bet","D06","UKFS","UKFS_005","E","2016-08-16","2016-08-30","2016-08-30","2016-08-31",,"UKFS_005.E.20160830","U/hiAoS2t8yuXSJQDSN1Fx23Lsd5s51OCdKr7/x+wcI=","invert bycatch",,,,,,,,,,"CeevIf8NfrIuKdd8yks9CF2MxsBMId06",
"fedb9da9-ca03-409c-b78d-8dbeff37327e","UKFS_008.basePlot.bet","D06","UKFS","UKFS_008","E","2016-08-16","2016-08-30","2016-08-30","2016-09-07",,"UKFS_008.E.20160830","5GU/wTV57IVEKLA9Z+xT3s7LYXwwn4mEuKqQ81RnWk4=","invert bycatch",,,,,,,,,,"29ijMy9MQrbYfInTyb/Xlh7VUPcP8GK8IIX3ZNrUwCQ=",
"2eef994d-529f-43da-9556-5b815df05645","UKFS_007.basePlot.bet","D06","UKFS","UKFS_007","E","2016-08-16","2016-08-30","2016-08-30","2016-09-07",,"UKFS_007.E.20160830","PlyNduRc44RhCqvxPKrHND9EBSE1zvJea0vKbxYcODE=","invert bycatch",,,,,,,,,,"CeevIf8NfrIuKdd8yks9CF2MxsBMId06",
"f5bff4ca-ddf0-40dd-9aa9-32d67aa45cae","UKFS_003.basePlot.bet","D06","UKFS","UKFS_003","E","2016-08-16","2016-08-30","2016-08-30","2016-08-31",,"UKFS_003.E.20160830","Vl3mTlloYQSYGh3PxWCIJAoNH6PbXjMdn20utBcCqgw=","invert bycatch",,,,,,,,,,"lX3vzM5VjEiL5o0+CewjLCbxe6oT8o7B",
"4444aa1d-ab80-4438-a121-79cc0b2edc17","UKFS_001.basePlot.bet","D06","UKFS","UKFS_001","E","2016-08-16","2016-08-30","2016-08-30","2016-09-08",,"UKFS_001.E.20160830","W8lw52JMhqA76wP7DD9mLg8kJtkfYMwP/+LXy3zzATk=","invert bycatch",,,,,,,,,,"Oad2LKJFK3B2dDlh7YO8Pa8zgFdkkUNN",
"cd6569a1-1016-4567-9835-cc3b75b41c19","UKFS_009.basePlot.bet","D06","UKFS","UKFS_009","E","2016-08-16","2016-08-30","2016-08-30","2016-09-08",,"UKFS_009.E.20160830","MMz820nXMknuMjLRf/3LE2nb/m7/aV/eixVObqnvLAo=","invert bycatch",,,,,,,,,,"Oad2LKJFK3B2dDlh7YO8Pa8zgFdkkUNN",
"6832bbc5-617e-4405-a939-f91dc3c581af","UKFS_007.basePlot.bet","D06","UKFS","UKFS_007","N","2016-08-16","2016-08-30","2016-08-30","2016-09-07",,"UKFS_007.N.20160830","PlyNduRc44SIqYb7paWbbp93nGrjoWHZTW/kCAZMcRc=","invert bycatch",,,,,,,,,,"CeevIf8NfrIuKdd8yks9CF2MxsBMId06",
"39d018a0-e767-4507-9f64-0cb2138f5fc0","UKFS_003.basePlot.bet","D06","UKFS","UKFS_003","N","2016-08-16","2016-08-30","2016-08-30","2016-08-31",,"UKFS_003.N.20160830","Vl3mTlloYQTwxvmt8Lesg+k5rnlvf04N3gz28FXulF4=","invert bycatch",,,,,,,,,,"lX3vzM5VjEiL5o0+CewjLCbxe6oT8o7B",
"a04b0edb-f3d0-4986-bb30-9e873654c9e8","UKFS_001.basePlot.bet","D06","UKFS","UKFS_001","N","2016-08-16","2016-08-30","2016-08-30","2016-09-08",,"UKFS_001.N.20160830","W8lw52JMhqB4HUEJroKhhJtpVO/ReY7uutPlHv6qIlQ=","invert bycatch",,,,,,,,,,"Oad2LKJFK3B2dDlh7YO8Pa8zgFdkkUNN",
"8f66b946-c8e5-4b03-8f82-570347b29e03","UKFS_004.basePlot.bet","D06","UKFS","UKFS_004","N","2016-08-16","2016-08-30","2016-08-30","2016-09-07",,"UKFS_004.N.20160830","luQoN84IPtGmkZYbvppGGcKy1S65mprYp2RoGBDtIss=","invert bycatch",,,,,,,,,,"29ijMy9MQrbYfInTyb/Xlh7VUPcP8GK8IIX3ZNrUwCQ=",
"6bbf97c3-98ce-4769-a903-3ac7849ce214","UKFS_009.basePlot.bet","D06","UKFS","UKFS_009","N","2016-08-16","2016-08-30","2016-08-30","2016-09-08",,"UKFS_009.N.20160830","MMz820nXMkkWV5oqkwC1aVkVsjVoEVkiz8GXT+E+OsQ=","invert bycatch",,,,,,,,,,"Oad2LKJFK3B2dDlh7YO8Pa8zgFdkkUNN",
"dcacd0a1-1a6c-4960-9647-b084c5b529ff","UKFS_010.basePlot.bet","D06","UKFS","UKFS_010","N","2016-08-16","2016-08-30","2016-08-30","2016-08-31",,"UKFS_010.N.20160830","26ylXNgyPLzjh7kwqLICB+D7kAPSvShfT0mHlm+Ztic=","invert bycatch",,,,,,,,,,"lX3vzM5VjEiL5o0+CewjLCbxe6oT8o7B",
"c05817ef-6cef-4f35-9979-5230f8c412d1","UKFS_002.basePlot.bet","D06","UKFS","UKFS_002","N","2016-08-16","2016-08-30","2016-08-30","2016-09-07",,"UKFS_002.N.20160830","ThLXd3W736/4nvTlmjD8CrYCybDxZZJrQTXywbpbatk=","invert bycatch",,,,,,,,,,"29ijMy9MQrbYfInTyb/Xlh7VUPcP8GK8IIX3ZNrUwCQ=",
"43b48385-0332-4b87-940b-43bad5579ec2","UKFS_005.basePlot.bet","D06","UKFS","UKFS_005","N","2016-08-16","2016-08-30","2016-08-30","2016-08-31",,"UKFS_005.N.20160830","U/hiAoS2t8w7GjBVfR1oz4yqp9zbNaRb8123pZq+fs0=","invert bycatch",,,,,,,,,,"CeevIf8NfrIuKdd8yks9CF2MxsBMId06",
"94f4bc17-956b-4f13-bd73-959003156cfd","UKFS_006.basePlot.bet","D06","UKFS","UKFS_006","N","2016-08-16","2016-08-30","2016-08-30","2016-09-07",,"UKFS_006.N.20160830","B2YMmw2rf0cV6f5WOnCoIBNEe6TBs6ykwhbRQnSAsos=","invert bycatch",,,,,,,,,,"CeevIf8NfrIuKdd8yks9CF2MxsBMId06",
"1cdd63f8-353d-49cc-91a4-22c861cb7c2c","UKFS_008.basePlot.bet","D06","UKFS","UKFS_008","N","2016-08-16","2016-08-30","2016-08-30","2016-09-07",,"UKFS_008.N.20160830","5GU/wTV57IU7Y2sTCsHqwu7/RhBlc0/1/jp9B2NwZC8=","invert bycatch",,,,,,,,,,"29ijMy9MQrbYfInTyb/Xlh7VUPcP8GK8IIX3ZNrUwCQ=",
"c57a1607-ca7f-4621-87ba-25c953c69edc","UKFS_002.basePlot.bet","D06","UKFS","UKFS_002","S","2016-08-16","2016-08-30","2016-08-30","2016-09-07",,"UKFS_002.S.20160830","ThLXd3W73680GC8C+jfO6TykpZPF/dIsESeQR50b1Zo=","invert bycatch",,,,,,,,,,"29ijMy9MQrbYfInTyb/Xlh7VUPcP8GK8IIX3ZNrUwCQ=",
"8c6d4387-80fc-4376-bdc1-331f033db288","UKFS_006.basePlot.bet","D06","UKFS","UKFS_006","S","2016-08-16","2016-08-30","2016-08-30","2016-09-07",,"UKFS_006.S.20160830","B2YMmw2rf0exBedqDiGSpPCAZB67gvQIa8QRkR7s1qs=","invert bycatch",,,,,,,,,,"CeevIf8NfrIuKdd8yks9CF2MxsBMId06",
"a7a8c348-c567-41a1-8f57-3a225f3392ea","UKFS_010.basePlot.bet","D06","UKFS","UKFS_010","S","2016-08-16","2016-08-30","2016-08-30","2016-08-31",,"UKFS_010.S.20160830","26ylXNgyPLz2/v7Yo+EC899busx0Ra3SIuLSa7w/o74=","invert bycatch",,,,,,,,,,"lX3vzM5VjEiL5o0+CewjLCbxe6oT8o7B",
"757505db-21ea-4452-b8c8-ecbf92eb7350","UKFS_005.basePlot.bet","D06","UKFS","UKFS_005","S","2016-08-16","2016-08-30","2016-08-30","2016-08-31",,"UKFS_005.S.20160830","U/hiAoS2t8yY8eyO0H2WcZW5I88mC+HC/wWRRMuksK0=","invert bycatch",,,,,,,,,,"CeevIf8NfrIuKdd8yks9CF2MxsBMId06",
"844bc2f9-2095-44c5-ac08-13e0b325aa2c","UKFS_008.basePlot.bet","D06","UKFS","UKFS_008","S","2016-08-16","2016-08-30","2016-08-30","2016-09-07",,"UKFS_008.S.20160830","5GU/wTV57IUxd+bKSYXi6xRHa3U+SqDUTGeOUX49J3s=","invert bycatch",,,,,,,,,,"29ijMy9MQrbYfInTyb/Xlh7VUPcP8GK8IIX3ZNrUwCQ=",
"875f3c10-2b99-454d-b93f-0f44a51610bb","UKFS_007.basePlot.bet","D06","UKFS","UKFS_007","S","2016-08-16","2016-08-30","2016-08-30","2016-09-07",,"UKFS_007.S.20160830","PlyNduRc44TS3mVCjpZFWGK74+yIXk23DO6vsP0Y+RY=","invert bycatch",,,,,,,,,,"CeevIf8NfrIuKdd8yks9CF2MxsBMId06",
"05ce7ed2-7a61-4e3c-ad3c-211764d46c3d","UKFS_001.basePlot.bet","D06","UKFS","UKFS_001","S","2016-08-16","2016-08-30","2016-08-30","2016-09-08",,"UKFS_001.S.20160830","W8lw52JMhqDTe5xDlvI8/RhAYL7y/c1S85ZwZCoWas8=","invert bycatch",,,,,,,,,,"Oad2LKJFK3B2dDlh7YO8Pa8zgFdkkUNN",
"2ecd4c5c-8f6b-4a1a-901a-fbbb158c0af5","UKFS_009.basePlot.bet","D06","UKFS","UKFS_009","S","2016-08-16","2016-08-30","2016-08-30","2016-09-08",,"UKFS_009.S.20160830","MMz820nXMkkDZW8IbhB+tS5zmHOBnFM8cm1HuoL6xV4=","invert bycatch",,,,,,,,,,"Oad2LKJFK3B2dDlh7YO8Pa8zgFdkkUNN",
"c548ada3-b942-472b-b7fd-b37e9be6c5f7","UKFS_003.basePlot.bet","D06","UKFS","UKFS_003","S","2016-08-16","2016-08-30","2016-08-30","2016-08-31",,"UKFS_003.S.20160830","Vl3mTlloYQQrcZX/TXXt9DsXAxLXg4QFdvOHG+Sc/QU=","invert bycatch",,,,,,,,,,"lX3vzM5VjEiL5o0+CewjLCbxe6oT8o7B",
"07e962cc-c417-4ef0-a6de-68caccacf798","UKFS_004.basePlot.bet","D06","UKFS","UKFS_004","S","2016-08-16","2016-08-30","2016-08-30","2016-09-07",,"UKFS_004.S.20160830","luQoN84IPtGFO9tIqEXTWm7l+7/yzprZyvFcs9OaYGc=","invert bycatch",,,,,,,,,,"29ijMy9MQrbYfInTyb/Xlh7VUPcP8GK8IIX3ZNrUwCQ=",
"b93b1b3f-0c0f-4d90-8a63-1d22f590fe77","UKFS_002.basePlot.bet","D06","UKFS","UKFS_002","W","2016-08-16","2016-08-30","2016-08-30","2016-09-07",,"UKFS_002.W.20160830","ThLXd3W736+1jPVN8EFd7x6kl0jBCwFpBI9pwQZ2ew4=","invert bycatch",,,,,,,,,,"29ijMy9MQrbYfInTyb/Xlh7VUPcP8GK8IIX3ZNrUwCQ=",
"41910c43-b337-4e05-b31e-53f889fad567","UKFS_010.basePlot.bet","D06","UKFS","UKFS_010","W","2016-08-16","2016-08-30","2016-08-30","2016-08-31",,"UKFS_010.W.20160830","26ylXNgyPLwmTjsK0+9vC/HVTk80LCzJshKqqGenxXQ=","invert bycatch",,,,,,,,,,"lX3vzM5VjEiL5o0+CewjLCbxe6oT8o7B",
"4c3a342a-6fa1-48a5-a4bc-7db849d9fe8e","UKFS_006.basePlot.bet","D06","UKFS","UKFS_006","W","2016-08-16","2016-08-30","2016-08-30","2016-09-07",,"UKFS_006.W.20160830","B2YMmw2rf0ft18Rz4BjeOy+0ZrMYTB2xGRPn8ii1pDI=","invert bycatch",,,,,,,,,,"CeevIf8NfrIuKdd8yks9CF2MxsBMId06",
"38357bc0-185d-4769-a21b-127c1a108385","UKFS_005.basePlot.bet","D06","UKFS","UKFS_005","W","2016-08-16","2016-08-30","2016-08-30","2016-08-31",,"UKFS_005.W.20160830","U/hiAoS2t8y5Q6XdpcVFU2qNvRSllmZqxuKQIVYo9+o=","invert bycatch",,,,,,,,,,"CeevIf8NfrIuKdd8yks9CF2MxsBMId06",
"f7483a9d-1182-4933-99ed-d16776fcf4b9","UKFS_008.basePlot.bet","D06","UKFS","UKFS_008","W","2016-08-16","2016-08-30","2016-08-30","2016-09-07",,"UKFS_008.W.20160830","5GU/wTV57IXq+8Mi4QgRhAfGeei2zoL94rGH8ws2VKA=","invert bycatch",,,,,,,,,,"29ijMy9MQrbYfInTyb/Xlh7VUPcP8GK8IIX3ZNrUwCQ=",
"eb89c14c-c8ef-4ea6-82d2-20651924b4c1","UKFS_007.basePlot.bet","D06","UKFS","UKFS_007","W","2016-08-16","2016-08-30","2016-08-30","2016-09-07",,"UKFS_007.W.20160830","PlyNduRc44TkWJQP3Cd60TMLKPdWS1XCrCsqckihmBA=","invert bycatch",,,,,,,,,,"CeevIf8NfrIuKdd8yks9CF2MxsBMId06",
"547a6a05-8753-477e-a6ef-454a23e80442","UKFS_003.basePlot.bet","D06","UKFS","UKFS_003","W","2016-08-16","2016-08-30","2016-08-30","2016-08-31",,"UKFS_003.W.20160830","Vl3mTlloYQS3K93B3hhrTDIEO5jxSPvniW94bii298Y=","invert bycatch",,,,,,,,,,"lX3vzM5VjEiL5o0+CewjLCbxe6oT8o7B",
"daca977f-7501-4d2b-b305-b6a145be687a","UKFS_001.basePlot.bet","D06","UKFS","UKFS_001","W","2016-08-16","2016-08-30","2016-08-30","2016-09-08",,"UKFS_001.W.20160830","W8lw52JMhqDl7BMqk06pwKc4RzzbyG176Fi3Y5jxmCM=","invert bycatch",,,,,,,,,,"Oad2LKJFK3B2dDlh7YO8Pa8zgFdkkUNN",
"9a45d33e-edfe-45f6-be67-774b945a402c","UKFS_009.basePlot.bet","D06","UKFS","UKFS_009","W","2016-08-16","2016-08-30","2016-08-30","2016-09-08",,"UKFS_009.W.20160830","MMz820nXMkmag2rhq9Gb0TDCs0s7aWQlJ/e/6x4cNMc=","invert bycatch",,,,,,,,,,"Oad2LKJFK3B2dDlh7YO8Pa8zgFdkkUNN",
"ce730799-0642-4ad1-bb73-6cd4901092f9","UKFS_006.basePlot.bet","D06","UKFS","UKFS_006","E","2016-08-16","2016-08-30","2016-08-30","2016-09-07",,"UKFS_006.E.20160830","B2YMmw2rf0fKqJoR5iLVqb4L+w4O+OmQasNUC2NdDTs=","invert bycatch",,,,,,,,,,"CeevIf8NfrIuKdd8yks9CF2MxsBMId06",
