uid,namedLocation,domainID,siteID,plotID,setDate,collectDate,processingDate,subsampleIDList,archiveVialID,scientificName,recordedBy,remarks
"b28e3ef9-6d4f-4e07-9731-0d343064d1d0","UKFS_005.basePlot.bet","D06","UKFS","UKFS_005","2016-07-19","2016-08-02","2016-08-03","U/hiAoS2t8yY8eyO0H2WcbUdVCAYNbhQebUEEf4DTluzs2F1Oas+Sv7ih/YZgC1qqH2Yi3Shj8zhoFk67FzvfM5tdef9mnUhK33IbeZ8VMAKs4aMvaJ14y8h1NmMX5BS4/3JkogtZFs=","U/hiAoS2t8wCjXb7QFTQhwgxczQp6HA7",,,
"4b10ef42-c8f7-4019-9fd5-9a5265a197bc","UKFS_004.basePlot.bet","D06","UKFS","UKFS_004","2016-07-19","2016-08-02","2016-08-03","luQoN84IPtGmkZYbvppGGdaEe7CAAISYM5rKbEK8Hhn3EANcDm4sG/3cdxuU3rrG3SUEKXbVj9iXFNiaiVmWGIIuSj+Yr0r+ScHHLo58Ay8L50TaBICA9xJW24EoiMniwgYMfrt/RSo=","luQoN84IPtF0oLlcu7AUOmc68SQ/pBBx",,,
"6149818a-5c03-4f26-bd73-1ea1a4a57ea9","UKFS_003.basePlot.bet","D06","UKFS","UKFS_003","2016-07-19","2016-08-02","2016-08-03","Vl3mTlloYQTwxvmt8Lesg0s2IxMCqjSaxn0am5E+eWnV9A2EpNUOP9afiqQp4/ekIeLeKm7HIZiDyd6yh+Op/xZ0gAU/XLQ0wlBidym7DFADb21+4FEaI1CKlslMVGnjlpDlmMNMRFw=","Vl3mTlloYQSmHcUeMnM54YoimNJTXP34",,,
"0e4a0d89-7026-45c6-97c8-e19f9e078584","UKFS_002.basePlot.bet","D06","UKFS","UKFS_002","2016-07-19","2016-08-02","2016-08-03","ThLXd3W736/4nvTlmjD8ChXvfa38fVoB94hEg6/85J5yFiJ1GSJL6hRpZFjrEGXMontdC2E1x+fEJsS9sW4o6XseOOBi5dtklJX1HeeR6+ZLqIUll5D+F5LCh3/B0qQqQd8YqWA5gY0=","ThLXd3W73691e8hS2v0USj6Yb18NGax6",,,
"874905fb-15c6-4d8c-9bbf-810309332402","UKFS_001.basePlot.bet","D06","UKFS","UKFS_001","2016-07-19","2016-08-02","2016-08-03","W8lw52JMhqB4HUEJroKhhPbk7McPtND3jm/QlBwe3A/7MxGODUH/5bDww2mt37hmWUIJ+NVBYm3VcJBSZtzjjmyf16MunTrSV0Ioi1yflUayjYVTs4gZhLSTBlz4ugn0oaf6pYfoDus=","W8lw52JMhqCErMHwGmwxRwwsY7R1pcHD",,,
"66bdd63a-efad-4e95-bd6f-feca864d6a38","UKFS_007.basePlot.bet","D06","UKFS","UKFS_007","2016-07-19","2016-08-02","2016-08-04","PlyNduRc44SIqYb7paWbblD4+3K1A1bYkgh3uWW8GtTijJW3iJWUhs3yONUIw71sk42KZLpGR66VQlpN5h7HynZkRvnyUEOgE9JD1Hn6+j1KxLbaBteoTnd0REeMKfC7tFF4YFHs2wA=","PlyNduRc44T0ga/hVAA/Oxwc6JZ/RBu0",,,
"b5650e9d-a31d-42f7-94b0-de61a5fee88e","UKFS_008.basePlot.bet","D06","UKFS","UKFS_008","2016-07-19","2016-08-02","2016-08-03","5GU/wTV57IVEKLA9Z+xT3nSjXIq6/tEN1dDuVe9tk2MIBczI5/lOaIJMCWRs7CEV6QYXazvh53E4aV6O2QiN8BeByv2lSNtneBg5TgCyfU3WNDARJ5IUQGc72jdCR026N68bTioWVBA=","5GU/wTV57IUMrMjmt872B0xF99fR/DX6",,,
"fbf7c0ff-2cd3-42b4-87e5-76d1e2a78893","UKFS_009.basePlot.bet","D06","UKFS","UKFS_009","2016-07-19","2016-08-02","2016-08-02","MMz820nXMkkDZW8IbhB+tahtjRz0ZxGx3WsFv+lD2wBOAHr6HwyaY8LK+IAfIHiJ+41ZhPoK8WT3bagXkeM/OOjbNYrTB+Vk4/Hc692UQuQYMuYBezS+xXHYnTpfbGeP5NqCkIibjF4=","MMz820nXMkmoPsP5Vt5WgVI0Jqcw1t8Z",,,
"4cfbb8ac-7030-497e-aa97-cb72b2c18967","UKFS_010.basePlot.bet","D06","UKFS","UKFS_010","2016-07-19","2016-08-02","2016-08-03","26ylXNgyPLzjh7kwqLICByWYw+gcc6N8Xlbq0xp4gbRx9iO9ckoxmBwfd2DRHv7+93vhRh0CnHYSfBu7gNzd0qXhc6sWFXdkrDu7/wdXSMLbFnedeqvl3DGqG4QrGGNdHOLvvBk4IyE=","26ylXNgyPLyKUrA6pLg6/ca/Yd1fjqYD",,,
"658f31cd-ad8a-453e-b9ee-9d4a601b41a9","UKFS_006.basePlot.bet","D06","UKFS","UKFS_006","2016-07-19","2016-08-02","2016-08-02","B2YMmw2rf0cV6f5WOnCoIC44J/DWqCj1yO0d+EtZuLwRlbPGtX+TBvtM9Gla2HUMUnpVxWvgaHD/LoVD1dVi0i03D2Zll+ikdQwZ6XSJkUd723pdANlm8yDtYimEo2DOyxUrVPll8WA=","B2YMmw2rf0cdphbSb2uaoniwIDB2Ti68",,,
"ab093aa7-3e6f-444e-b0bc-1df3b905abc1","UKFS_007.basePlot.bet","D06","UKFS","UKFS_007","2016-08-02","2016-08-16","2016-08-17","PlyNduRc44SIqYb7paWbbq3yfNa2COuJOtrNymwUiv2Frfysyh6K8Xx/XCcC43pYwEoLB7SpgEnRayeYnDv7gg+cURolV5dQFUAkPjUFZVO9nCi8KQrZ2xPOYf1HfdIZ4pFgYVgVs+I=","PlyNduRc44T9NG0vlidTzIywvhgeemJE",,,
"28f27a81-ebc1-401d-ba80-1b6cad321e17","UKFS_008.basePlot.bet","D06","UKFS","UKFS_008","2016-08-02","2016-08-16","2016-08-17","5GU/wTV57IVEKLA9Z+xT3vS+ih4guDelvxsEVlsI1FLDKkGA9mYksn7IJGymfNbW5SKuDiNQQPBMVV4HiK3K75L9A/nSkshOfx+D7BDtNWvprlbTVCQnaVJZr6w1Z3D1NHga3ShOmIc=","5GU/wTV57IXaYI9Nh23CcAeHEtyoLp3Z",,,
"ef5384f4-2321-45b6-ae9e-dca99baf5153","UKFS_009.basePlot.bet","D06","UKFS","UKFS_009","2016-08-02","2016-08-16","2016-08-17","MMz820nXMkmag2rhq9Gb0fJ39R+CVkoH+7Lu9zmIPo3O5Y0MdZ/GharGh0OXdn/DdeKpaDSRFjkSdR9Yus4Xix1B9hegvGMipioqI0+cFrynzGV2Gd21ENv6k+k+tXZPERDim/gxJx8=","MMz820nXMknwYkr8yDlUlGzgsAdXlZW1",,,
"0b844a9e-df76-434d-ba52-b2af82a82d11","UKFS_010.basePlot.bet","D06","UKFS","UKFS_010","2016-08-02","2016-08-16","2016-08-17","26ylXNgyPLzjh7kwqLICB+puf21O3fGRSVze+tsqO3EzbQEgV09SSx1gk4FzLSBJNGlOsrUg26XUL3eDHBDDoxzAGY05yg/oBGi1pLrzcOOL0a5+NOG1ICS/LEitelw39NqV241MAi0=","26ylXNgyPLwvriXHaRTAxRRa7kiSEfSJ",,,
"f817fe60-37c9-4014-9616-a8434ae7c43a","UKFS_006.basePlot.bet","D06","UKFS","UKFS_006","2016-08-02","2016-08-16","2016-08-17","B2YMmw2rf0ft18Rz4BjeOw5RcD0hBDMDejoNzQvsNafocsyUXgmArZGb3d734EywcGiD9pIJhNaQMbPcYBz3TDjoPomj2FcanEEVdOBuJ0FXkIBGW4LOVep+KTXOExOWh3Q0iOyG67M=","B2YMmw2rf0c4nebCK79AbS0eIxtx10Dx",,,
"66af8d4c-925e-47cc-b95d-e2597172f244","UKFS_001.basePlot.bet","D06","UKFS","UKFS_001","2016-08-02","2016-08-16","2016-08-17","W8lw52JMhqDl7BMqk06pwAUzuZY2vIxlW2xp3KiREBzmviD7F/Xwn3/WuMwDCMW3XEwcOA1MJGMkoTcuZ59CEs8nXUq3ViyOKuiU0TBqFjCDFB90gsfNX8cxx3I0g6vxFhYkozkAI9I=","W8lw52JMhqCz0yT/nnH6ULF0pF1cdXer",,,
"ff1ba57c-243a-47cf-b995-f258647de67d","UKFS_003.basePlot.bet","D06","UKFS","UKFS_003","2016-08-02","2016-08-16","2016-08-17","Vl3mTlloYQS3K93B3hhrTH1ZJNhvshD6XxrylHvZYJXijquKzbAYjw+shhSwsSyAdYZ6b9i95MqspYLQ3o3JnVLkNrdSW4jPyhK++YkZQ0FQatKfXfUVT+cmlehKtBFJrQW1YFrz+f8=","Vl3mTlloYQR5sBHgLkOAs7UaKI9gAHb9",,,
"ecd3fffd-ffde-41cd-87dc-bd16836ae1b9","UKFS_002.basePlot.bet","D06","UKFS","UKFS_002","2016-08-02","2016-08-16","2016-08-18","ThLXd3W736+1jPVN8EFd72oPXF4P4xHmqYRlE2UX5bhGIB9r/OmdBY4wBTQENVrvSwhggXNHZQflUmKrrOVPD5ykclYNANj7SJBZtDnNN/noE6eQJZHrmvBQlrq3OoXL21HlU+DMJnk=","ThLXd3W7369dsffZtcg8+Z0C7eAZMXee",,,
"f7131c15-46e6-412a-b53c-5d03d178b2eb","UKFS_005.basePlot.bet","D06","UKFS","UKFS_005","2016-08-02","2016-08-16","2016-08-18","U/hiAoS2t8y5Q6XdpcVFU6lxnUwsEzyR0hCj3Tv46LXm4zTucgPKtLur60KWiMecI1O49vmW/QzHSLssmKxHEjKOkVY95EXVh/Q93Il+9JLgO3vxBWQ0DnqgKqeLdqA0JJvg26jygqM=","U/hiAoS2t8xQSCZLwCzjGck3QQ4jeMvS",,,
"d3f16744-4532-4338-aaef-d0320a9c3ec0","UKFS_004.basePlot.bet","D06","UKFS","UKFS_004","2016-08-02","2016-08-16","2016-08-18","luQoN84IPtGmkZYbvppGGTOShEahdXcXwpDp+1Ob9yIQpQiBGuA93Rf4Z1CAEKKpO3sN3OEbV4n/pRkziqf5HZUfSTScOUgiX+KKXO0oa1UFkviARMt6s4EDTaDC4cRjKPkfGNbx0vU=","luQoN84IPtF8A4+wg2w9vnt5CJYkrJz8",,,
"058173e9-71b1-4df9-92bf-59ee472a2feb","UKFS_002.basePlot.bet","D06","UKFS","UKFS_002","2016-08-16","2016-08-30","2016-09-07","ThLXd3W736+K++ythxWlc3hVxFsd0Q1hCRKdgys1gcTyaW5DrMsiaMAIudO6DTayIJ5oMnRIeD9kaqKNr36XVA+pMaj/0BXQbAUQapei6x8MfZy0rNdhkqn7SkCLoAMnELVZydJuwVM=","ThLXd3W7368rzxDS3VV3/DfeHa5+l1Sp",,,
"e63ebde4-e435-4169-b538-81df3017d76f","UKFS_003.basePlot.bet","D06","UKFS","UKFS_003","2016-08-16","2016-08-30","2016-08-31","Vl3mTlloYQQrcZX/TXXt9DsXAxLXg4QFeF4uO3MN1leUg874sIt/jZBcaS11TG156L1qc/0BpJrtnd6FfRGnX4ncezXIv/GiTzk1gH+89nuXExOqjyrzIRCDRqyLkICEeksSu/SCSW8=","Vl3mTlloYQSkYgveeGk5urC6DdxPZAlV",,,
"de65c58a-3aee-49b2-b6d0-c52cafdbd6d6","UKFS_004.basePlot.bet","D06","UKFS","UKFS_004","2016-08-16","2016-08-30","2016-09-07","luQoN84IPtF4YntE6fvRT5mV2FB5E4+psBezGHcbz2s+5OwWBb9uJ2DZO3jIpVoYF1JPjYGkseMWUYAHtH7cOr6Ak10u9TKmnWPhnJrTzFx/saDhStgzmJsqfzSSkuSCj23ZiWVp9r4=","luQoN84IPtF7ZyTdlDJsbwzgaE3drCTO",,,
"5790b477-543f-48fd-8b77-0a124338924f","UKFS_005.basePlot.bet","D06","UKFS","UKFS_005","2016-08-16","2016-08-30","2016-08-31","U/hiAoS2t8yuXSJQDSN1Fx23Lsd5s51O1PHhNRGuhilIcfspmTZvDQLJoXKzlLFYwvd+cPUkD3O58QvaGDLrRPwrdm7sFzl7TTYhlhnWIcqkcIj4J+2gR+nhp3BV0L9xOIl8T6Gy5Pc=","U/hiAoS2t8xw1xejYwHHoN75ikSHB+vQ",,,
"08e33b30-2cbc-4a16-b431-c5c619198f3b","UKFS_001.basePlot.bet","D06","UKFS","UKFS_001","2016-08-16","2016-08-30","2016-09-08","W8lw52JMhqA76wP7DD9mLg8kJtkfYMwP4W01re0SyM8qzExs4uBhMLr8SRfmTkbZg5YJTa731hvdcC4gy91jBJPjDFCSKkFVyaKmqNhieXrNCqZsEB9usS1JXqs8jorezDk5qsJHyRw=","W8lw52JMhqCZDugf2xvT8y3BwZwh15dD",,,
"4fbf8caf-8dff-47d6-9fec-5a468ed9e17d","UKFS_009.basePlot.bet","D06","UKFS","UKFS_009","2016-08-16","2016-08-30","2016-09-08","MMz820nXMknuMjLRf/3LE2nb/m7/aV/en8Qn9bLZGhiox9hpn/KuZ93bYwe3hl7iwB/R+otfrD6idvDlOZ7eq7ydJiQjYOqM5IqReFbGuXLvXlkraVnBmzHW58E9aosY5bIumItQEpA=","MMz820nXMkk1432JwMpOvMs4rGJpu1Gq",,,
"76f143fd-fcde-4c39-af52-3a64eac40148","UKFS_008.basePlot.bet","D06","UKFS","UKFS_008","2016-08-16","2016-08-30","2016-09-07","5GU/wTV57IXq+8Mi4QgRhAfGeei2zoL9mqFhNptQhCMhSPvC+VA73qkmA9/AY0PNkDsKI2O7AcGeYfmWDuHQid8SEXq7VrGM4QqbTTSTbqiKCfvYP9JG/46jLrhLTB1P7BvAggw6hos=","5GU/wTV57IXea8YAaJiC78WytX+s+Xh3",,,
"fec949f6-9af9-4656-9efe-ee57405d22c8","UKFS_007.basePlot.bet","D06","UKFS","UKFS_007","2016-08-16","2016-08-30","2016-09-07","PlyNduRc44RhCqvxPKrHND9EBSE1zvJewkIl3LCUrD6iYoaEFbVDllInI56XVD7sU4eJLS8e8cczFG//JVOwSG5tim0owFOunfQWcK13zT4PP1Mgw3QqWIpNZlbQF/gXTfOr4n18lq8=","PlyNduRc44TdHt0jXnPYdRaPENP4z586",,,
"2cb7ce47-ef0c-4bb9-812f-bf9f2710ac2b","UKFS_006.basePlot.bet","D06","UKFS","UKFS_006","2016-08-16","2016-08-30","2016-09-07","B2YMmw2rf0exBedqDiGSpPCAZB67gvQI8vSJ05qGL3ZBVi43jiOq3hNL3ExmU3DwYqVc5lsFvjekq6YUMzEVfHxV+h1A4EGQy3klHowoRq0K+ZIKIlpT8pOwtDaYTzn/RjniuYobr7Y=","B2YMmw2rf0cAl058j+5+FbbnLn18tLCv",,,
"8a917c8b-2be2-4588-aa21-288dd3116074","UKFS_010.basePlot.bet","D06","UKFS","UKFS_010","2016-08-16","2016-08-30","2016-08-31","26ylXNgyPLz0CvYim5G+LrwUD2Gxj3lZNs9L4fPMryFLJguPUJMCm9TJUPVkNHd60lKWHCUNHOKH3+o8OYnAy5C65BGpwtFTjDcOfGumxp6ukteutMKCg6DSq4aXJiGEN/abYAcvE/c=","26ylXNgyPLyxO0ZaZ1Pc6xAzHWql4UIZ",,,
