uid,namedLocation,domainID,siteID,plotID,trapID,plotType,nlcdClass,decimalLatitude,decimalLongitude,geodeticDatum,coordinateUncertainty,elevation,elevationUncertainty,setDate,collectDate,eventID,daysOfTrapping,sampleCollected,sampleID,cupStatus,lidStatus,fluidLevel,samplingProtocolVersion,recordedBy,remarks
"42307ad8-bff0-47cd-ad72-8efa9c8d50f3","UKFS_007.basePlot.bet","D06","UKFS","UKFS_007","E","distributed","deciduousForest",39.037234,-95.205277,"WGS84",20.1,274.5,0.2,"2016-07-19","2016-08-02","UKFS.2016.31",14,"Y","UKFS_007.E.20160802","Ok","Ok","Ok","NEON.DOC.014050vH","29ijMy9MQrajCm2JLZzgC4i1O6XKx/yF",
"39f43cd1-171d-40cb-b3d2-116cae55b681","UKFS_002.basePlot.bet","D06","UKFS","UKFS_002","W","distributed","deciduousForest",39.046328,-95.208663,"WGS84",20.1,314.5,0.1,"2016-07-19","2016-08-02","UKFS.2016.31",14,"Y","UKFS_002.W.20160802","Ok","Ok","Ok","NEON.DOC.014050vH","BzXmPCNcOOHl9ws4JG7MP7BkkCvctwH+",
"50ec3060-0030-4c65-be00-0c086f4d543b","UKFS_001.basePlot.bet","D06","UKFS","UKFS_001","E","distributed","deciduousForest",39.037624,-95.196958,"WGS84",20.1,310.7,0.2,"2016-07-19","2016-08-02","UKFS.2016.31",14,"Y","UKFS_001.E.20160802","Ok","Ok","Ok","NEON.DOC.014050vH","29ijMy9MQrajCm2JLZzgC4i1O6XKx/yF",
"508ab129-9a88-4a3d-a9f9-83f43b726001","UKFS_009.basePlot.bet","D06","UKFS","UKFS_009","E","distributed","grasslandHerbaceous",39.045355,-95.201389,"WGS84",20.2,323.5,0.5,"2016-07-19","2016-08-02","UKFS.2016.31",14,"Y","UKFS_009.E.20160802","Ok","Ok","Ok","NEON.DOC.014050vH","BzXmPCNcOOHl9ws4JG7MP7BkkCvctwH+",
"a231ea0d-b72f-41a3-b3dc-243ad84c1fad","UKFS_004.basePlot.bet","D06","UKFS","UKFS_004","E","distributed","deciduousForest",39.043184,-95.202722,"WGS84",20.1,321.4,0.1,"2016-07-19","2016-08-02","UKFS.2016.31",14,"Y","UKFS_004.E.20160802","Ok","Ok","Ok","NEON.DOC.014050vH","29ijMy9MQrajCm2JLZzgC4i1O6XKx/yF",
"344cc655-ffcd-4640-b080-67ce55d2248b","UKFS_010.basePlot.bet","D06","UKFS","UKFS_010","E","distributed","deciduousForest",39.052686,-95.185981,"WGS84",20.1,315.6,0.1,"2016-07-19","2016-08-02","UKFS.2016.31",14,"Y","UKFS_010.E.20160802","Ok","Ok","Ok","NEON.DOC.014050vH","Oad2LKJFK3B2dDlh7YO8Pa8zgFdkkUNN",
"6d706294-9132-4baf-9aba-866b5664bd65","UKFS_002.basePlot.bet","D06","UKFS","UKFS_002","E","distributed","deciduousForest",39.046328,-95.208663,"WGS84",20.1,314.5,0.1,"2016-07-19","2016-08-02","UKFS.2016.31",14,"Y","UKFS_002.E.20160802","Ok","Ok","Ok","NEON.DOC.014050vH","BzXmPCNcOOHl9ws4JG7MP7BkkCvctwH+",
"c7869d1f-a5c3-414c-9ab7-c73c17dba00d","UKFS_006.basePlot.bet","D06","UKFS","UKFS_006","E","distributed","deciduousForest",39.033806,-95.198575,"WGS84",20.1,319.7,0.2,"2016-07-19","2016-08-02","UKFS.2016.31",14,"Y","UKFS_006.E.20160802","Ok","Ok","Ok","NEON.DOC.014050vH","29ijMy9MQrajCm2JLZzgC4i1O6XKx/yF",
"35f35bd9-088b-4c41-a618-9a64f7a4b9ad","UKFS_005.basePlot.bet","D06","UKFS","UKFS_005","E","distributed","deciduousForest",39.054507,-95.204735,"WGS84",20.2,319.0,0.2,"2016-07-19","2016-08-02","UKFS.2016.31",14,"Y","UKFS_005.E.20160802","Ok","Ok","Ok","NEON.DOC.014050vH","Oad2LKJFK3B2dDlh7YO8Pa8zgFdkkUNN",
"c485081f-cf3a-496d-8207-c0bf11a86ba0","UKFS_008.basePlot.bet","D06","UKFS","UKFS_008","E","distributed","deciduousForest",39.033692,-95.189910,"WGS84",20.1,280.8,0.2,"2016-07-19","2016-08-02","UKFS.2016.31",14,"Y","UKFS_008.E.20160802","Ok","Ok","Ok","NEON.DOC.014050vH","29ijMy9MQrajCm2JLZzgC4i1O6XKx/yF",
"bc6146a1-64ed-42c0-86c2-9c544211b8d5","UKFS_002.basePlot.bet","D06","UKFS","UKFS_002","N","distributed","deciduousForest",39.046328,-95.208663,"WGS84",20.1,314.5,0.1,"2016-07-19","2016-08-02","UKFS.2016.31",14,"Y","UKFS_002.N.20160802","Ok","Ok","Ok","NEON.DOC.014050vH","BzXmPCNcOOHl9ws4JG7MP7BkkCvctwH+",
"261670c2-bd40-4210-a15d-7bec2ee35f7a","UKFS_010.basePlot.bet","D06","UKFS","UKFS_010","N","distributed","deciduousForest",39.052686,-95.185981,"WGS84",20.1,315.6,0.1,"2016-07-19","2016-08-02","UKFS.2016.31",14,"Y","UKFS_010.N.20160802","Ok","Ok","Ok","NEON.DOC.014050vH","Oad2LKJFK3B2dDlh7YO8Pa8zgFdkkUNN",
"aba6f8c4-126e-4d56-b0a9-8db096ad7e4a","UKFS_005.basePlot.bet","D06","UKFS","UKFS_005","N","distributed","deciduousForest",39.054507,-95.204735,"WGS84",20.2,319.0,0.2,"2016-07-19","2016-08-02","UKFS.2016.31",14,"Y","UKFS_005.N.20160802","Ok","Ok","Ok","NEON.DOC.014050vH","Oad2LKJFK3B2dDlh7YO8Pa8zgFdkkUNN",
"3b4258e4-31e3-4280-a8fe-a5821d9e1829","UKFS_006.basePlot.bet","D06","UKFS","UKFS_006","N","distributed","deciduousForest",39.033806,-95.198575,"WGS84",20.1,319.7,0.2,"2016-07-19","2016-08-02","UKFS.2016.31",14,"Y","UKFS_006.N.20160802","Ok","Ok","Ok","NEON.DOC.014050vH","29ijMy9MQrajCm2JLZzgC4i1O6XKx/yF",
"e5dc0833-1411-4d57-aeea-00527007c754","UKFS_008.basePlot.bet","D06","UKFS","UKFS_008","N","distributed","deciduousForest",39.033692,-95.189910,"WGS84",20.1,280.8,0.2,"2016-07-19","2016-08-02","UKFS.2016.31",14,"Y","UKFS_008.N.20160802","Ok","Ok","Ok","NEON.DOC.014050vH","29ijMy9MQrajCm2JLZzgC4i1O6XKx/yF",
"4a3b67ac-1b4f-43cc-863a-4ed108eaaf1f","UKFS_007.basePlot.bet","D06","UKFS","UKFS_007","N","distributed","deciduousForest",39.037234,-95.205277,"WGS84",20.1,274.5,0.2,"2016-07-19","2016-08-02","UKFS.2016.31",14,"Y","UKFS_007.N.20160802","Ok","Ok","Ok","NEON.DOC.014050vH","29ijMy9MQrajCm2JLZzgC4i1O6XKx/yF",
"e9bb70fe-d306-4597-8a79-f440fcebfabb","UKFS_001.basePlot.bet","D06","UKFS","UKFS_001","N","distributed","deciduousForest",39.037624,-95.196958,"WGS84",20.1,310.7,0.2,"2016-07-19","2016-08-02","UKFS.2016.31",14,"Y","UKFS_001.N.20160802","Ok","Ok","Ok","NEON.DOC.014050vH","29ijMy9MQrajCm2JLZzgC4i1O6XKx/yF",
"bf3ebf49-1e09-42e0-846e-9280c3fab7db","UKFS_003.basePlot.bet","D06","UKFS","UKFS_003","N","distributed","deciduousForest",39.052642,-95.188064,"WGS84",20.1,324.9,0.2,"2016-07-19","2016-08-02","UKFS.2016.31",14,"Y","UKFS_003.N.20160802","Ok","Ok","Ok","NEON.DOC.014050vH","Oad2LKJFK3B2dDlh7YO8Pa8zgFdkkUNN",
"d2c9b343-12cd-4582-84a1-7eea7ed2e410","UKFS_009.basePlot.bet","D06","UKFS","UKFS_009","N","distributed","grasslandHerbaceous",39.045355,-95.201389,"WGS84",20.2,323.5,0.5,"2016-07-19","2016-08-02","UKFS.2016.31",14,"Y","UKFS_009.N.20160802","Ok","Ok","Ok","NEON.DOC.014050vH","BzXmPCNcOOHl9ws4JG7MP7BkkCvctwH+",
"b234ea5a-9b99-4db4-85a8-f91c0548f274","UKFS_004.basePlot.bet","D06","UKFS","UKFS_004","N","distributed","deciduousForest",39.043184,-95.202722,"WGS84",20.1,321.4,0.1,"2016-07-19","2016-08-02","UKFS.2016.31",14,"Y","UKFS_004.N.20160802","Ok","Ok","Ok","NEON.DOC.014050vH","29ijMy9MQrajCm2JLZzgC4i1O6XKx/yF",
"edbc2e86-2106-433c-9e3b-7ce9c96b4049","UKFS_002.basePlot.bet","D06","UKFS","UKFS_002","S","distributed","deciduousForest",39.046328,-95.208663,"WGS84",20.1,314.5,0.1,"2016-07-19","2016-08-02","UKFS.2016.31",14,"Y","UKFS_002.S.20160802","Ok","Ok","Ok","NEON.DOC.014050vH","BzXmPCNcOOHl9ws4JG7MP7BkkCvctwH+",
"91fb0bc5-8ec3-44f3-876b-281bbf7c93db","UKFS_006.basePlot.bet","D06","UKFS","UKFS_006","S","distributed","deciduousForest",39.033806,-95.198575,"WGS84",20.1,319.7,0.2,"2016-07-19","2016-08-02","UKFS.2016.31",14,"Y","UKFS_006.S.20160802","Ok","Ok","Ok","NEON.DOC.014050vH","29ijMy9MQrajCm2JLZzgC4i1O6XKx/yF",
"33e86a21-8a34-48b0-90a5-ed6eab53e071","UKFS_010.basePlot.bet","D06","UKFS","UKFS_010","S","distributed","deciduousForest",39.052686,-95.185981,"WGS84",20.1,315.6,0.1,"2016-07-19","2016-08-02","UKFS.2016.31",14,"Y","UKFS_010.S.20160802","Ok","Ok","Ok","NEON.DOC.014050vH","Oad2LKJFK3B2dDlh7YO8Pa8zgFdkkUNN",
"1e34a1ff-9d74-4f0b-a727-d71d3db3cfff","UKFS_005.basePlot.bet","D06","UKFS","UKFS_005","S","distributed","deciduousForest",39.054507,-95.204735,"WGS84",20.2,319.0,0.2,"2016-07-19","2016-08-02","UKFS.2016.31",14,"Y","UKFS_005.S.20160802","Ok","Ok","Ok","NEON.DOC.014050vH","Oad2LKJFK3B2dDlh7YO8Pa8zgFdkkUNN",
"d2c37ea3-d9a4-4d5e-872e-ba62c9e97c16","UKFS_008.basePlot.bet","D06","UKFS","UKFS_008","S","distributed","deciduousForest",39.033692,-95.189910,"WGS84",20.1,280.8,0.2,"2016-07-19","2016-08-02","UKFS.2016.31",14,"Y","UKFS_008.S.20160802","Ok","Ok","Ok","NEON.DOC.014050vH","29ijMy9MQrajCm2JLZzgC4i1O6XKx/yF",
"17dd5d3d-7ab7-442e-b090-ba49db15a102","UKFS_007.basePlot.bet","D06","UKFS","UKFS_007","S","distributed","deciduousForest",39.037234,-95.205277,"WGS84",20.1,274.5,0.2,"2016-07-19","2016-08-02","UKFS.2016.31",14,"Y","UKFS_007.S.20160802","Ok","Ok","Ok","NEON.DOC.014050vH","29ijMy9MQrajCm2JLZzgC4i1O6XKx/yF",
"933f2142-c6c1-4aed-bc50-23b832c0faf2","UKFS_001.basePlot.bet","D06","UKFS","UKFS_001","S","distributed","deciduousForest",39.037624,-95.196958,"WGS84",20.1,310.7,0.2,"2016-07-19","2016-08-02","UKFS.2016.31",14,"Y","UKFS_001.S.20160802","Ok","Ok","Ok","NEON.DOC.014050vH","29ijMy9MQrajCm2JLZzgC4i1O6XKx/yF",
"159f9916-1212-47d5-84e2-0c1cd79cc8f2","UKFS_003.basePlot.bet","D06","UKFS","UKFS_003","S","distributed","deciduousForest",39.052642,-95.188064,"WGS84",20.1,324.9,0.2,"2016-07-19","2016-08-02","UKFS.2016.31",14,"Y","UKFS_003.S.20160802","Ok","Ok","Ok","NEON.DOC.014050vH","Oad2LKJFK3B2dDlh7YO8Pa8zgFdkkUNN",
"748f76dd-b00f-489f-b55b-fde171e47d84","UKFS_009.basePlot.bet","D06","UKFS","UKFS_009","S","distributed","grasslandHerbaceous",39.045355,-95.201389,"WGS84",20.2,323.5,0.5,"2016-07-19","2016-08-02","UKFS.2016.31",14,"Y","UKFS_009.S.20160802","Ok","Ok","Low","NEON.DOC.014050vH","BzXmPCNcOOHl9ws4JG7MP7BkkCvctwH+",
"757f98a2-4f64-45e8-9060-0e0869ef490c","UKFS_004.basePlot.bet","D06","UKFS","UKFS_004","S","distributed","deciduousForest",39.043184,-95.202722,"WGS84",20.1,321.4,0.1,"2016-07-19","2016-08-02","UKFS.2016.31",14,"Y","UKFS_004.S.20160802","Ok","Ok","Ok","NEON.DOC.014050vH","29ijMy9MQrajCm2JLZzgC4i1O6XKx/yF",
"094fbe11-999c-4219-ac5b-ef0f5e484b36","UKFS_004.basePlot.bet","D06","UKFS","UKFS_004","W","distributed","deciduousForest",39.043184,-95.202722,"WGS84",20.1,321.4,0.1,"2016-07-19","2016-08-02","UKFS.2016.31",14,"Y","UKFS_004.W.20160802","Ok","Ok","Ok","NEON.DOC.014050vH","29ijMy9MQrajCm2JLZzgC4i1O6XKx/yF",
"a61026ea-ec41-448e-ac90-e30110fd32b5","UKFS_010.basePlot.bet","D06","UKFS","UKFS_010","W","distributed","deciduousForest",39.052686,-95.185981,"WGS84",20.1,315.6,0.1,"2016-07-19","2016-08-02","UKFS.2016.31",14,"Y","UKFS_010.W.20160802","Ok","Ok","Ok","NEON.DOC.014050vH","Oad2LKJFK3B2dDlh7YO8Pa8zgFdkkUNN",
"616cb942-af96-418b-8284-e71e565314a9","UKFS_006.basePlot.bet","D06","UKFS","UKFS_006","W","distributed","deciduousForest",39.033806,-95.198575,"WGS84",20.1,319.7,0.2,"2016-07-19","2016-08-02","UKFS.2016.31",14,"Y","UKFS_006.W.20160802","Ok","Ok","Ok","NEON.DOC.014050vH","29ijMy9MQrajCm2JLZzgC4i1O6XKx/yF",
"9d5bcbd3-a093-40c8-8c28-507be53fdf3a","UKFS_005.basePlot.bet","D06","UKFS","UKFS_005","W","distributed","deciduousForest",39.054507,-95.204735,"WGS84",20.2,319.0,0.2,"2016-07-19","2016-08-02","UKFS.2016.31",14,"Y","UKFS_005.W.20160802","Ok","Ok","Ok","NEON.DOC.014050vH","Oad2LKJFK3B2dDlh7YO8Pa8zgFdkkUNN",
"3aef98c6-25fa-4612-b4f8-6ec070974cc3","UKFS_008.basePlot.bet","D06","UKFS","UKFS_008","W","distributed","deciduousForest",39.033692,-95.189910,"WGS84",20.1,280.8,0.2,"2016-07-19","2016-08-02","UKFS.2016.31",14,"Y","UKFS_008.W.20160802","Ok","Ok","Ok","NEON.DOC.014050vH","29ijMy9MQrajCm2JLZzgC4i1O6XKx/yF",
"0d64ff7e-65f9-45f4-90c2-944319f5f5b1","UKFS_007.basePlot.bet","D06","UKFS","UKFS_007","W","distributed","deciduousForest",39.037234,-95.205277,"WGS84",20.1,274.5,0.2,"2016-07-19","2016-08-02","UKFS.2016.31",14,"Y","UKFS_007.W.20160802","Ok","Ok","Ok","NEON.DOC.014050vH","29ijMy9MQrajCm2JLZzgC4i1O6XKx/yF",
"5e6e1de4-4727-4a2f-8920-e02d1e17c48d","UKFS_001.basePlot.bet","D06","UKFS","UKFS_001","W","distributed","deciduousForest",39.037624,-95.196958,"WGS84",20.1,310.7,0.2,"2016-07-19","2016-08-02","UKFS.2016.31",14,"Y","UKFS_001.W.20160802","Ok","Ok","Ok","NEON.DOC.014050vH","29ijMy9MQrajCm2JLZzgC4i1O6XKx/yF",
"d17e5857-0a36-407b-8071-6943586a4cf6","UKFS_003.basePlot.bet","D06","UKFS","UKFS_003","W","distributed","deciduousForest",39.052642,-95.188064,"WGS84",20.1,324.9,0.2,"2016-07-19","2016-08-02","UKFS.2016.31",14,"Y","UKFS_003.W.20160802","Ok","Ok","Ok","NEON.DOC.014050vH","Oad2LKJFK3B2dDlh7YO8Pa8zgFdkkUNN",
"665ab0ef-a185-4a62-a7ef-bf02123b3591","UKFS_009.basePlot.bet","D06","UKFS","UKFS_009","W","distributed","grasslandHerbaceous",39.045355,-95.201389,"WGS84",20.2,323.5,0.5,"2016-07-19","2016-08-02","UKFS.2016.31",14,"Y","UKFS_009.W.20160802","Ok","Ok","Low","NEON.DOC.014050vH","BzXmPCNcOOHl9ws4JG7MP7BkkCvctwH+",
"a94f6d5b-3b3b-44d0-b928-42b68ace17b3","UKFS_003.basePlot.bet","D06","UKFS","UKFS_003","E","distributed","deciduousForest",39.052642,-95.188064,"WGS84",20.1,324.9,0.2,"2016-07-19","2016-08-02","UKFS.2016.31",14,"Y","UKFS_003.E.20160802","Ok","Ok","High","NEON.DOC.014050vH","Oad2LKJFK3B2dDlh7YO8Pa8zgFdkkUNN",
"1704f669-7828-402e-a093-b4dc455c9c1a","UKFS_007.basePlot.bet","D06","UKFS","UKFS_007","S","distributed","deciduousForest",39.037234,-95.205277,"WGS84",20.1,274.5,0.2,"2016-08-02","2016-08-16","UKFS.2016.33",14,"Y","UKFS_007.S.20160816","Ok","Ok","Ok","NEON.DOC.014050vH","29ijMy9MQrajCm2JLZzgC4i1O6XKx/yF",
"3a45c2e4-82d2-4b6a-9090-7db3c5f3327a","UKFS_008.basePlot.bet","D06","UKFS","UKFS_008","S","distributed","deciduousForest",39.033692,-95.189910,"WGS84",20.1,280.8,0.2,"2016-08-02","2016-08-16","UKFS.2016.33",14,"Y","UKFS_008.S.20160816","Ok","Ok","Ok","NEON.DOC.014050vH","29ijMy9MQrajCm2JLZzgC4i1O6XKx/yF",
"27391f1b-6550-4284-9de4-52cca3da49b1","UKFS_001.basePlot.bet","D06","UKFS","UKFS_001","S","distributed","deciduousForest",39.037624,-95.196958,"WGS84",20.1,310.7,0.2,"2016-08-02","2016-08-16","UKFS.2016.33",14,"Y","UKFS_001.S.20160816","Ok","Ok","Ok","NEON.DOC.014050vH","29ijMy9MQrajCm2JLZzgC4i1O6XKx/yF",
"59339d82-30c4-47c2-b376-22978e65ad91","UKFS_006.basePlot.bet","D06","UKFS","UKFS_006","S","distributed","deciduousForest",39.033806,-95.198575,"WGS84",20.1,319.7,0.2,"2016-08-02","2016-08-16","UKFS.2016.33",14,"Y","UKFS_006.S.20160816","Ok","Ok","Ok","NEON.DOC.014050vH","29ijMy9MQrajCm2JLZzgC4i1O6XKx/yF",
"25ab4beb-9c07-4682-a3c3-4640b325f681","UKFS_009.basePlot.bet","D06","UKFS","UKFS_009","S","distributed","grasslandHerbaceous",39.045355,-95.201389,"WGS84",20.2,323.5,0.5,"2016-08-02","2016-08-16","UKFS.2016.33",14,"Y","UKFS_009.S.20160816","Ok","Ok","Ok","NEON.DOC.014050vH","lX3vzM5VjEiL5o0+CewjLCbxe6oT8o7B",
"376c361c-e182-4d85-aead-821b600fc566","UKFS_003.basePlot.bet","D06","UKFS","UKFS_003","S","distributed","deciduousForest",39.052642,-95.188064,"WGS84",20.1,324.9,0.2,"2016-08-02","2016-08-16","UKFS.2016.33",14,"Y","UKFS_003.S.20160816","Ok","Ok","Ok","NEON.DOC.014050vH","vs1UuG9kapH8J0otLL0MR0IS/fjVsDuh",
"a6ed7a88-1201-414c-8d50-aed932fb16f5","UKFS_009.basePlot.bet","D06","UKFS","UKFS_009","W","distributed","grasslandHerbaceous",39.045355,-95.201389,"WGS84",20.2,323.5,0.5,"2016-08-02","2016-08-16","UKFS.2016.33",14,"Y","UKFS_009.W.20160816","Ok","Ok","High","NEON.DOC.014050vH","lX3vzM5VjEiL5o0+CewjLCbxe6oT8o7B",
"f537a866-fabc-4cab-af07-9ef8eff7e2f3","UKFS_004.basePlot.bet","D06","UKFS","UKFS_004","W","distributed","deciduousForest",39.043184,-95.202722,"WGS84",20.1,321.4,0.1,"2016-08-02","2016-08-16","UKFS.2016.33",14,"Y","UKFS_004.W.20160816","Ok","Ok","Ok","NEON.DOC.014050vH","29ijMy9MQrajCm2JLZzgC4i1O6XKx/yF",
"3064309d-ff68-470b-8c8c-8d8d6668c66c","UKFS_003.basePlot.bet","D06","UKFS","UKFS_003","W","distributed","deciduousForest",39.052642,-95.188064,"WGS84",20.1,324.9,0.2,"2016-08-02","2016-08-16","UKFS.2016.33",14,"Y","UKFS_003.W.20160816","Ok","Ok","Ok","NEON.DOC.014050vH","vs1UuG9kapH8J0otLL0MR0IS/fjVsDuh",
"700fc76b-2d9f-4bc8-b84e-136a432e6467","UKFS_001.basePlot.bet","D06","UKFS","UKFS_001","W","distributed","deciduousForest",39.037624,-95.196958,"WGS84",20.1,310.7,0.2,"2016-08-02","2016-08-16","UKFS.2016.33",14,"Y","UKFS_001.W.20160816","Ok","Ok","Ok","NEON.DOC.014050vH","29ijMy9MQrajCm2JLZzgC4i1O6XKx/yF",
"593840e7-992b-425a-be13-3800a822047c","UKFS_007.basePlot.bet","D06","UKFS","UKFS_007","W","distributed","deciduousForest",39.037234,-95.205277,"WGS84",20.1,274.5,0.2,"2016-08-02","2016-08-16","UKFS.2016.33",14,"Y","UKFS_007.W.20160816","Ok","Ok","Ok","NEON.DOC.014050vH","29ijMy9MQrajCm2JLZzgC4i1O6XKx/yF",
"81e27637-6ba7-4be7-ba4c-394e80aa7ec6","UKFS_005.basePlot.bet","D06","UKFS","UKFS_005","W","distributed","deciduousForest",39.054507,-95.204735,"WGS84",20.2,319.0,0.2,"2016-08-02","2016-08-16","UKFS.2016.33",14,"Y","UKFS_005.W.20160816","Ok","Ok","Ok","NEON.DOC.014050vH","vs1UuG9kapH8J0otLL0MR0IS/fjVsDuh",
"a71935db-f6b2-4974-ae2f-acf74ba9373b","UKFS_008.basePlot.bet","D06","UKFS","UKFS_008","W","distributed","deciduousForest",39.033692,-95.189910,"WGS84",20.1,280.8,0.2,"2016-08-02","2016-08-16","UKFS.2016.33",14,"Y","UKFS_008.W.20160816","Ok","Ok","Ok","NEON.DOC.014050vH","29ijMy9MQrajCm2JLZzgC4i1O6XKx/yF",
"99fcb286-6b4b-4524-ad9e-26b537bd4aa5","UKFS_006.basePlot.bet","D06","UKFS","UKFS_006","W","distributed","deciduousForest",39.033806,-95.198575,"WGS84",20.1,319.7,0.2,"2016-08-02","2016-08-16","UKFS.2016.33",14,"Y","UKFS_006.W.20160816","Ok","Ok","Ok","NEON.DOC.014050vH","29ijMy9MQrajCm2JLZzgC4i1O6XKx/yF",
"ed25b676-4f3f-4069-bb69-8ddfe4a58874","UKFS_002.basePlot.bet","D06","UKFS","UKFS_002","W","distributed","deciduousForest",39.046328,-95.208663,"WGS84",20.1,314.5,0.1,"2016-08-02","2016-08-16","UKFS.2016.33",14,"Y","UKFS_002.W.20160816","Ok","Ok","Ok","NEON.DOC.014050vH","lX3vzM5VjEiL5o0+CewjLCbxe6oT8o7B",
"642c8237-f43a-4809-840b-16283bff3007","UKFS_010.basePlot.bet","D06","UKFS","UKFS_010","W","distributed","deciduousForest",39.052686,-95.185981,"WGS84",20.1,315.6,0.1,"2016-08-02","2016-08-16","UKFS.2016.33",14,"Y","UKFS_010.W.20160816","Ok","Ok","Ok","NEON.DOC.014050vH","lX3vzM5VjEiL5o0+CewjLCbxe6oT8o7B",
"761382c9-5596-4c48-9fbb-24583de42b90","UKFS_008.basePlot.bet","D06","UKFS","UKFS_008","E","distributed","deciduousForest",39.033692,-95.189910,"WGS84",20.1,280.8,0.2,"2016-08-02","2016-08-16","UKFS.2016.33",14,"Y","UKFS_008.E.20160816","Ok","Ok","Ok","NEON.DOC.014050vH","29ijMy9MQrajCm2JLZzgC4i1O6XKx/yF",
"bfd0b3e2-fdff-41ec-82b5-7ed18bbc3ac8","UKFS_005.basePlot.bet","D06","UKFS","UKFS_005","E","distributed","deciduousForest",39.054507,-95.204735,"WGS84",20.2,319.0,0.2,"2016-08-02","2016-08-16","UKFS.2016.33",14,"Y","UKFS_005.E.20160816","Ok","Ok","Ok","NEON.DOC.014050vH","vs1UuG9kapH8J0otLL0MR0IS/fjVsDuh",
"4a69db9a-8921-4831-9101-fddeafe716a4","UKFS_006.basePlot.bet","D06","UKFS","UKFS_006","E","distributed","deciduousForest",39.033806,-95.198575,"WGS84",20.1,319.7,0.2,"2016-08-02","2016-08-16","UKFS.2016.33",14,"Y","UKFS_006.E.20160816","Ok","Ok","Ok","NEON.DOC.014050vH","29ijMy9MQrajCm2JLZzgC4i1O6XKx/yF",
"e9af0fe4-c642-463a-b7a5-9e2acbc575c4","UKFS_010.basePlot.bet","D06","UKFS","UKFS_010","E","distributed","deciduousForest",39.052686,-95.185981,"WGS84",20.1,315.6,0.1,"2016-08-02","2016-08-16","UKFS.2016.33",14,"Y","UKFS_010.E.20160816","Ok","Ok","Ok","NEON.DOC.014050vH","lX3vzM5VjEiL5o0+CewjLCbxe6oT8o7B",
"dd85aa1f-0bc1-4abe-9b85-129f071434e8","UKFS_002.basePlot.bet","D06","UKFS","UKFS_002","E","distributed","deciduousForest",39.046328,-95.208663,"WGS84",20.1,314.5,0.1,"2016-08-02","2016-08-16","UKFS.2016.33",14,"Y","UKFS_002.E.20160816","Ok","Ok","Ok","NEON.DOC.014050vH","lX3vzM5VjEiL5o0+CewjLCbxe6oT8o7B",
"092b1a1e-7974-4f4a-b429-57e229f6faf0","UKFS_004.basePlot.bet","D06","UKFS","UKFS_004","E","distributed","deciduousForest",39.043184,-95.202722,"WGS84",20.1,321.4,0.1,"2016-08-02","2016-08-16","UKFS.2016.33",14,"Y","UKFS_004.E.20160816","Ok","Ok","Ok","NEON.DOC.014050vH","29ijMy9MQrajCm2JLZzgC4i1O6XKx/yF",
"5fc5980d-35fb-4d06-b5f0-9af91420438e","UKFS_009.basePlot.bet","D06","UKFS","UKFS_009","E","distributed","grasslandHerbaceous",39.045355,-95.201389,"WGS84",20.2,323.5,0.5,"2016-08-02","2016-08-16","UKFS.2016.33",14,"Y","UKFS_009.E.20160816","Ok","Ok","Low","NEON.DOC.014050vH","lX3vzM5VjEiL5o0+CewjLCbxe6oT8o7B",
"f4a79a54-4008-443e-a9ee-59585b5aa731","UKFS_003.basePlot.bet","D06","UKFS","UKFS_003","E","distributed","deciduousForest",39.052642,-95.188064,"WGS84",20.1,324.9,0.2,"2016-08-02","2016-08-16","UKFS.2016.33",14,"Y","UKFS_003.E.20160816","Ok","Ok","Ok","NEON.DOC.014050vH","vs1UuG9kapH8J0otLL0MR0IS/fjVsDuh",
"4ac53ace-0ffc-43c0-8698-934cb8ea97cf","UKFS_001.basePlot.bet","D06","UKFS","UKFS_001","E","distributed","deciduousForest",39.037624,-95.196958,"WGS84",20.1,310.7,0.2,"2016-08-02","2016-08-16","UKFS.2016.33",14,"Y","UKFS_001.E.20160816","Ok","Ok","Ok","NEON.DOC.014050vH","29ijMy9MQrajCm2JLZzgC4i1O6XKx/yF",
"e0ec4679-be65-4727-8d5f-12d6d5328f7b","UKFS_007.basePlot.bet","D06","UKFS","UKFS_007","E","distributed","deciduousForest",39.037234,-95.205277,"WGS84",20.1,274.5,0.2,"2016-08-02","2016-08-16","UKFS.2016.33",14,"Y","UKFS_007.E.20160816","Ok","Ok","Ok","NEON.DOC.014050vH","29ijMy9MQrajCm2JLZzgC4i1O6XKx/yF",
"e1e6e66d-26de-44b2-af3a-c2e11d5cd622","UKFS_009.basePlot.bet","D06","UKFS","UKFS_009","N","distributed","grasslandHerbaceous",39.045355,-95.201389,"WGS84",20.2,323.5,0.5,"2016-08-02","2016-08-16","UKFS.2016.33",14,"Y","UKFS_009.N.20160816","Ok","Ok","Ok","NEON.DOC.014050vH","lX3vzM5VjEiL5o0+CewjLCbxe6oT8o7B","North trap had frog (deceased) in cup"
"92f22efb-79d2-4a55-801c-06f99b7070ac","UKFS_007.basePlot.bet","D06","UKFS","UKFS_007","N","distributed","deciduousForest",39.037234,-95.205277,"WGS84",20.1,274.5,0.2,"2016-08-02","2016-08-16","UKFS.2016.33",14,"Y","UKFS_007.N.20160816","Ok","Ok","Ok","NEON.DOC.014050vH","29ijMy9MQrajCm2JLZzgC4i1O6XKx/yF",
"10ddeec0-5a66-44d6-800d-9a19e1f8c018","UKFS_003.basePlot.bet","D06","UKFS","UKFS_003","N","distributed","deciduousForest",39.052642,-95.188064,"WGS84",20.1,324.9,0.2,"2016-08-02","2016-08-16","UKFS.2016.33",14,"Y","UKFS_003.N.20160816","Ok","Ok","Ok","NEON.DOC.014050vH","vs1UuG9kapH8J0otLL0MR0IS/fjVsDuh",
"5035fdd5-cf33-4fe6-913a-5a45b5ab1ff3","UKFS_001.basePlot.bet","D06","UKFS","UKFS_001","N","distributed","deciduousForest",39.037624,-95.196958,"WGS84",20.1,310.7,0.2,"2016-08-02","2016-08-16","UKFS.2016.33",14,"Y","UKFS_001.N.20160816","Ok","Ok","Ok","NEON.DOC.014050vH","29ijMy9MQrajCm2JLZzgC4i1O6XKx/yF",
"3ce3d768-90aa-4f7f-9f21-effa8778da7e","UKFS_004.basePlot.bet","D06","UKFS","UKFS_004","N","distributed","deciduousForest",39.043184,-95.202722,"WGS84",20.1,321.4,0.1,"2016-08-02","2016-08-16","UKFS.2016.33",14,"Y","UKFS_004.N.20160816","Ok","Ok","Ok","NEON.DOC.014050vH","29ijMy9MQrajCm2JLZzgC4i1O6XKx/yF",
"a1275af0-cba4-446a-ba2f-4f52a5029609","UKFS_008.basePlot.bet","D06","UKFS","UKFS_008","N","distributed","deciduousForest",39.033692,-95.189910,"WGS84",20.1,280.8,0.2,"2016-08-02","2016-08-16","UKFS.2016.33",14,"Y","UKFS_008.N.20160816","Ok","Ok","Ok","NEON.DOC.014050vH","29ijMy9MQrajCm2JLZzgC4i1O6XKx/yF",
"2f870646-f1fb-4acb-8de8-e302479e2307","UKFS_006.basePlot.bet","D06","UKFS","UKFS_006","N","distributed","deciduousForest",39.033806,-95.198575,"WGS84",20.1,319.7,0.2,"2016-08-02","2016-08-16","UKFS.2016.33",14,"Y","UKFS_006.N.20160816","Ok","Ok","Ok","NEON.DOC.014050vH","29ijMy9MQrajCm2JLZzgC4i1O6XKx/yF",
"8c69f161-f9d1-4af8-82ab-bda2eb3e7c30","UKFS_005.basePlot.bet","D06","UKFS","UKFS_005","N","distributed","deciduousForest",39.054507,-95.204735,"WGS84",20.2,319.0,0.2,"2016-08-02","2016-08-16","UKFS.2016.33",14,"Y","UKFS_005.N.20160816","Ok","Disturbed","Ok","NEON.DOC.014050vH","vs1UuG9kapH8J0otLL0MR0IS/fjVsDuh","Stakes were chewed and replaced, lid possibly lifted"
"664cb7ad-272a-4681-a03b-0d74a352c38b","UKFS_002.basePlot.bet","D06","UKFS","UKFS_002","N","distributed","deciduousForest",39.046328,-95.208663,"WGS84",20.1,314.5,0.1,"2016-08-02","2016-08-16","UKFS.2016.33",14,"Y","UKFS_002.N.20160816","Ok","Ok","Ok","NEON.DOC.014050vH","lX3vzM5VjEiL5o0+CewjLCbxe6oT8o7B",
"b4372613-76da-4a6f-b1c6-212c1a3a46d2","UKFS_010.basePlot.bet","D06","UKFS","UKFS_010","N","distributed","deciduousForest",39.052686,-95.185981,"WGS84",20.1,315.6,0.1,"2016-08-02","2016-08-16","UKFS.2016.33",14,"Y","UKFS_010.N.20160816","Ok","Ok","Ok","NEON.DOC.014050vH","lX3vzM5VjEiL5o0+CewjLCbxe6oT8o7B",
"493f6b55-6687-4f98-ae6b-209f20a4b2fa","UKFS_005.basePlot.bet","D06","UKFS","UKFS_005","S","distributed","deciduousForest",39.054507,-95.204735,"WGS84",20.2,319.0,0.2,"2016-08-02","2016-08-16","UKFS.2016.33",14,"Y","UKFS_005.S.20160816","Ok","Ok","Ok","NEON.DOC.014050vH","vs1UuG9kapH8J0otLL0MR0IS/fjVsDuh",
"d899e80a-e251-463c-b2a0-edc7d0f4a749","UKFS_004.basePlot.bet","D06","UKFS","UKFS_004","S","distributed","deciduousForest",39.043184,-95.202722,"WGS84",20.1,321.4,0.1,"2016-08-02","2016-08-16","UKFS.2016.33",14,"Y","UKFS_004.S.20160816","Ok","Ok","Ok","NEON.DOC.014050vH","29ijMy9MQrajCm2JLZzgC4i1O6XKx/yF",
"dcb04741-e40c-4a89-ab11-a8abb7c22073","UKFS_010.basePlot.bet","D06","UKFS","UKFS_010","S","distributed","deciduousForest",39.052686,-95.185981,"WGS84",20.1,315.6,0.1,"2016-08-02","2016-08-16","UKFS.2016.33",14,"Y","UKFS_010.S.20160816","Ok","Ok","Ok","NEON.DOC.014050vH","lX3vzM5VjEiL5o0+CewjLCbxe6oT8o7B",
"58d65bd1-1b98-4c7b-a26e-c1091e088ec8","UKFS_002.basePlot.bet","D06","UKFS","UKFS_002","S","distributed","deciduousForest",39.046328,-95.208663,"WGS84",20.1,314.5,0.1,"2016-08-02","2016-08-16","UKFS.2016.33",14,"Y","UKFS_002.S.20160816","Disturbed","Disturbed","Low","NEON.DOC.014050vH","lX3vzM5VjEiL5o0+CewjLCbxe6oT8o7B",
"f090b127-8014-4ef2-9316-7a9b39f150b4","UKFS_002.basePlot.bet","D06","UKFS","UKFS_002","E","distributed","deciduousForest",39.046328,-95.208663,"WGS84",20.1,314.5,0.1,"2016-08-16","2016-08-30","UKFS.2016.35",14,"Y","UKFS_002.E.20160830","Ok","Ok","Ok","NEON.DOC.014050vH","29ijMy9MQrajCm2JLZzgC4i1O6XKx/yF",
"8c5d04c0-89c5-4c38-aebb-6746283e202b","UKFS_010.basePlot.bet","D06","UKFS","UKFS_010","W","distributed","deciduousForest",39.052686,-95.185981,"WGS84",20.1,315.6,0.1,"2016-08-16","2016-08-30","UKFS.2016.35",14,"Y","UKFS_010.W.20160830","Ok","Ok","Ok","NEON.DOC.014050vH","29ijMy9MQrajCm2JLZzgC4i1O6XKx/yF",
"8a654842-a8a9-4b78-b27c-4567b8a1fc4a","UKFS_010.basePlot.bet","D06","UKFS","UKFS_010","E","distributed","deciduousForest",39.052686,-95.185981,"WGS84",20.1,315.6,0.1,"2016-08-16","2016-08-30","UKFS.2016.35",14,"Y","UKFS_010.E.20160830","Ok","Ok","Ok","NEON.DOC.014050vH","29ijMy9MQrajCm2JLZzgC4i1O6XKx/yF",
"8a23291d-0c72-4dd8-989b-66fa3cb0509b","UKFS_005.basePlot.bet","D06","UKFS","UKFS_005","E","distributed","deciduousForest",39.054507,-95.204735,"WGS84",20.2,319.0,0.2,"2016-08-16","2016-08-30","UKFS.2016.35",14,"Y","UKFS_005.E.20160830","Ok","Ok","Ok","NEON.DOC.014050vH","29ijMy9MQrajCm2JLZzgC4i1O6XKx/yF",
"20271113-d518-42bc-97e4-e915e9c1f0f9","UKFS_008.basePlot.bet","D06","UKFS","UKFS_008","E","distributed","deciduousForest",39.033692,-95.189910,"WGS84",20.1,280.8,0.2,"2016-08-16","2016-08-30","UKFS.2016.35",14,"Y","UKFS_008.E.20160830","Ok","Ok","Ok","NEON.DOC.014050vH","6pgJy9jRv9PHSDcoyJBm0rFfP22LwuLl",
"adb91620-5423-458d-92e0-2c899d674890","UKFS_007.basePlot.bet","D06","UKFS","UKFS_007","E","distributed","deciduousForest",39.037234,-95.205277,"WGS84",20.1,274.5,0.2,"2016-08-16","2016-08-30","UKFS.2016.35",14,"Y","UKFS_007.E.20160830","Ok","Ok","Ok","NEON.DOC.014050vH","6pgJy9jRv9PHSDcoyJBm0rFfP22LwuLl","Lip of cup above ground 1-2 cm| may have caught less than usual"
"015d2494-0f73-41d1-8e7a-8aecb5594122","UKFS_003.basePlot.bet","D06","UKFS","UKFS_003","E","distributed","deciduousForest",39.052642,-95.188064,"WGS84",20.1,324.9,0.2,"2016-08-16","2016-08-30","UKFS.2016.35",14,"Y","UKFS_003.E.20160830","Ok","Ok","Ok","NEON.DOC.014050vH","29ijMy9MQrajCm2JLZzgC4i1O6XKx/yF",
"1b4ae562-4c27-4110-b8af-d0e2a9acda22","UKFS_001.basePlot.bet","D06","UKFS","UKFS_001","E","distributed","deciduousForest",39.037624,-95.196958,"WGS84",20.1,310.7,0.2,"2016-08-16","2016-08-30","UKFS.2016.35",14,"Y","UKFS_001.E.20160830","Ok","Ok","Ok","NEON.DOC.014050vH","6pgJy9jRv9PHSDcoyJBm0rFfP22LwuLl",
"dad3336a-fe45-4a98-9394-5e2ec2023cf9","UKFS_004.basePlot.bet","D06","UKFS","UKFS_004","E","distributed","deciduousForest",39.043184,-95.202722,"WGS84",20.1,321.4,0.1,"2016-08-16","2016-08-30","UKFS.2016.35",14,"Y","UKFS_004.E.20160830","Ok","Ok","Ok","NEON.DOC.014050vH","6pgJy9jRv9PHSDcoyJBm0rFfP22LwuLl",
"2c754d96-8748-4ff5-8515-4c8fd60e6f01","UKFS_009.basePlot.bet","D06","UKFS","UKFS_009","E","distributed","grasslandHerbaceous",39.045355,-95.201389,"WGS84",20.2,323.5,0.5,"2016-08-16","2016-08-30","UKFS.2016.35",14,"Y","UKFS_009.E.20160830","Ok","Ok","Ok","NEON.DOC.014050vH","29ijMy9MQrajCm2JLZzgC4i1O6XKx/yF",
"fe09b85b-455c-473e-bae4-c1a59973f7b7","UKFS_002.basePlot.bet","D06","UKFS","UKFS_002","N","distributed","deciduousForest",39.046328,-95.208663,"WGS84",20.1,314.5,0.1,"2016-08-16","2016-08-30","UKFS.2016.35",14,"Y","UKFS_002.N.20160830","Ok","Ok","Ok","NEON.DOC.014050vH","29ijMy9MQrajCm2JLZzgC4i1O6XKx/yF",
"ac90c0ad-b5be-45d0-be65-cd4282f1b4b0","UKFS_010.basePlot.bet","D06","UKFS","UKFS_010","N","distributed","deciduousForest",39.052686,-95.185981,"WGS84",20.1,315.6,0.1,"2016-08-16","2016-08-30","UKFS.2016.35",14,"Y","UKFS_010.N.20160830","Ok","Ok","Ok","NEON.DOC.014050vH","29ijMy9MQrajCm2JLZzgC4i1O6XKx/yF",
"90c0ab0c-70eb-4310-9720-9db3231a058c","UKFS_006.basePlot.bet","D06","UKFS","UKFS_006","N","distributed","deciduousForest",39.033806,-95.198575,"WGS84",20.1,319.7,0.2,"2016-08-16","2016-08-30","UKFS.2016.35",14,"Y","UKFS_006.N.20160830","Ok","Ok","Ok","NEON.DOC.014050vH","6pgJy9jRv9PHSDcoyJBm0rFfP22LwuLl","Lip of cup above ground"
"4b3bcf97-61c3-44dc-aaac-a4365724131e","UKFS_008.basePlot.bet","D06","UKFS","UKFS_008","N","distributed","deciduousForest",39.033692,-95.189910,"WGS84",20.1,280.8,0.2,"2016-08-16","2016-08-30","UKFS.2016.35",14,"Y","UKFS_008.N.20160830","Ok","Ok","Ok","NEON.DOC.014050vH","6pgJy9jRv9PHSDcoyJBm0rFfP22LwuLl","North cup set with 2-3 cm above ground"
"911e7df6-74de-4a82-bb53-0a5eb6fad20d","UKFS_005.basePlot.bet","D06","UKFS","UKFS_005","N","distributed","deciduousForest",39.054507,-95.204735,"WGS84",20.2,319.0,0.2,"2016-08-16","2016-08-30","UKFS.2016.35",14,"Y","UKFS_005.N.20160830","Ok","Ok","Ok","NEON.DOC.014050vH","29ijMy9MQrajCm2JLZzgC4i1O6XKx/yF",
"0a2a6369-96c1-4ff2-b577-596c711de4b4","UKFS_007.basePlot.bet","D06","UKFS","UKFS_007","N","distributed","deciduousForest",39.037234,-95.205277,"WGS84",20.1,274.5,0.2,"2016-08-16","2016-08-30","UKFS.2016.35",14,"Y","UKFS_007.N.20160830","Ok","Ok","Ok","NEON.DOC.014050vH","6pgJy9jRv9PHSDcoyJBm0rFfP22LwuLl",
"d3b05a48-9213-4d6e-93b1-fc53bc9611bf","UKFS_001.basePlot.bet","D06","UKFS","UKFS_001","N","distributed","deciduousForest",39.037624,-95.196958,"WGS84",20.1,310.7,0.2,"2016-08-16","2016-08-30","UKFS.2016.35",14,"Y","UKFS_001.N.20160830","Ok","Ok","Ok","NEON.DOC.014050vH","6pgJy9jRv9PHSDcoyJBm0rFfP22LwuLl","North cup set with 2-3 cm of cup above ground| may have caught less than usual"
"cfd7c7c6-6190-46ba-bf48-b09abc6b1b32","UKFS_009.basePlot.bet","D06","UKFS","UKFS_009","N","distributed","grasslandHerbaceous",39.045355,-95.201389,"WGS84",20.2,323.5,0.5,"2016-08-16","2016-08-30","UKFS.2016.35",14,"Y","UKFS_009.N.20160830","Ok","Ok","Ok","NEON.DOC.014050vH","29ijMy9MQrajCm2JLZzgC4i1O6XKx/yF",
"d1f79e3a-7e8b-462a-8879-b62da486b4f0","UKFS_003.basePlot.bet","D06","UKFS","UKFS_003","N","distributed","deciduousForest",39.052642,-95.188064,"WGS84",20.1,324.9,0.2,"2016-08-16","2016-08-30","UKFS.2016.35",14,"Y","UKFS_003.N.20160830","Ok","Ok","Ok","NEON.DOC.014050vH","29ijMy9MQrajCm2JLZzgC4i1O6XKx/yF",
"6f574b6b-db09-4ee7-9280-7905fb39b3a5","UKFS_004.basePlot.bet","D06","UKFS","UKFS_004","N","distributed","deciduousForest",39.043184,-95.202722,"WGS84",20.1,321.4,0.1,"2016-08-16","2016-08-30","UKFS.2016.35",14,"Y","UKFS_004.N.20160830","Ok","Ok","Ok","NEON.DOC.014050vH","6pgJy9jRv9PHSDcoyJBm0rFfP22LwuLl",
"932d5d37-f636-492c-b9ad-2e2eeefb3f2b","UKFS_007.basePlot.bet","D06","UKFS","UKFS_007","S","distributed","deciduousForest",39.037234,-95.205277,"WGS84",20.1,274.5,0.2,"2016-08-16","2016-08-30","UKFS.2016.35",14,"Y","UKFS_007.S.20160830","Ok","Ok","Ok","NEON.DOC.014050vH","6pgJy9jRv9PHSDcoyJBm0rFfP22LwuLl",
"8f077712-abf6-42ba-b52c-f279b5f28fc6","UKFS_001.basePlot.bet","D06","UKFS","UKFS_001","S","distributed","deciduousForest",39.037624,-95.196958,"WGS84",20.1,310.7,0.2,"2016-08-16","2016-08-30","UKFS.2016.35",14,"Y","UKFS_001.S.20160830","Ok","Ok","Ok","NEON.DOC.014050vH","6pgJy9jRv9PHSDcoyJBm0rFfP22LwuLl",
"5da0a3e4-e87e-4620-a7c8-f3725ac53ef7","UKFS_009.basePlot.bet","D06","UKFS","UKFS_009","S","distributed","grasslandHerbaceous",39.045355,-95.201389,"WGS84",20.2,323.5,0.5,"2016-08-16","2016-08-30","UKFS.2016.35",14,"Y","UKFS_009.S.20160830","Ok","Ok","Ok","NEON.DOC.014050vH","29ijMy9MQrajCm2JLZzgC4i1O6XKx/yF",
"b2bef9f8-2bdb-43f2-b360-dc149dd75165","UKFS_003.basePlot.bet","D06","UKFS","UKFS_003","S","distributed","deciduousForest",39.052642,-95.188064,"WGS84",20.1,324.9,0.2,"2016-08-16","2016-08-30","UKFS.2016.35",14,"Y","UKFS_003.S.20160830","Ok","Ok","Ok","NEON.DOC.014050vH","29ijMy9MQrajCm2JLZzgC4i1O6XKx/yF",
"c487e445-bfde-4076-9898-836f9f2c4b9f","UKFS_002.basePlot.bet","D06","UKFS","UKFS_002","S","distributed","deciduousForest",39.046328,-95.208663,"WGS84",20.1,314.5,0.1,"2016-08-16","2016-08-30","UKFS.2016.35",14,"Y","UKFS_002.S.20160830","Ok","Ok","Ok","NEON.DOC.014050vH","29ijMy9MQrajCm2JLZzgC4i1O6XKx/yF",
"7eb673c8-46f1-4fe1-91ec-1ac905ee2de8","UKFS_004.basePlot.bet","D06","UKFS","UKFS_004","S","distributed","deciduousForest",39.043184,-95.202722,"WGS84",20.1,321.4,0.1,"2016-08-16","2016-08-30","UKFS.2016.35",14,"Y","UKFS_004.S.20160830","Ok","Ok","Ok","NEON.DOC.014050vH","6pgJy9jRv9PHSDcoyJBm0rFfP22LwuLl",
"d4aec098-7928-47be-8441-e980ab71a526","UKFS_006.basePlot.bet","D06","UKFS","UKFS_006","S","distributed","deciduousForest",39.033806,-95.198575,"WGS84",20.1,319.7,0.2,"2016-08-16","2016-08-30","UKFS.2016.35",14,"Y","UKFS_006.S.20160830","Ok","Ok","Ok","NEON.DOC.014050vH","6pgJy9jRv9PHSDcoyJBm0rFfP22LwuLl","Lip of cup above ground 1-2 cm"
"02b289d5-92ed-4395-a9f0-be012f30071a","UKFS_010.basePlot.bet","D06","UKFS","UKFS_010","S","distributed","deciduousForest",39.052686,-95.185981,"WGS84",20.1,315.6,0.1,"2016-08-16","2016-08-30","UKFS.2016.35",14,"Y","UKFS_010.S.20160830","Ok","Ok","Ok","NEON.DOC.014050vH","29ijMy9MQrajCm2JLZzgC4i1O6XKx/yF",
"ed378cee-7f08-43d1-928e-3935a482dadb","UKFS_005.basePlot.bet","D06","UKFS","UKFS_005","S","distributed","deciduousForest",39.054507,-95.204735,"WGS84",20.2,319.0,0.2,"2016-08-16","2016-08-30","UKFS.2016.35",14,"Y","UKFS_005.S.20160830","Ok","Ok","Ok","NEON.DOC.014050vH","29ijMy9MQrajCm2JLZzgC4i1O6XKx/yF",
"5bbd67eb-0a21-4375-b777-8c82a20d30c1","UKFS_008.basePlot.bet","D06","UKFS","UKFS_008","S","distributed","deciduousForest",39.033692,-95.189910,"WGS84",20.1,280.8,0.2,"2016-08-16","2016-08-30","UKFS.2016.35",14,"Y","UKFS_008.S.20160830","Ok","Ok","Ok","NEON.DOC.014050vH","6pgJy9jRv9PHSDcoyJBm0rFfP22LwuLl",
"1afb9dd5-3743-400a-bd64-eb275758433b","UKFS_005.basePlot.bet","D06","UKFS","UKFS_005","W","distributed","deciduousForest",39.054507,-95.204735,"WGS84",20.2,319.0,0.2,"2016-08-16","2016-08-30","UKFS.2016.35",14,"Y","UKFS_005.W.20160830","Ok","Ok","Ok","NEON.DOC.014050vH","29ijMy9MQrajCm2JLZzgC4i1O6XKx/yF",
"13b9e370-2696-4dc0-876c-776d5e74b672","UKFS_006.basePlot.bet","D06","UKFS","UKFS_006","W","distributed","deciduousForest",39.033806,-95.198575,"WGS84",20.1,319.7,0.2,"2016-08-16","2016-08-30","UKFS.2016.35",14,"Y","UKFS_006.W.20160830","Ok","Ok","Ok","NEON.DOC.014050vH","6pgJy9jRv9PHSDcoyJBm0rFfP22LwuLl",
"c2e6237d-2320-4558-9a09-c9817347da5a","UKFS_007.basePlot.bet","D06","UKFS","UKFS_007","W","distributed","deciduousForest",39.037234,-95.205277,"WGS84",20.1,274.5,0.2,"2016-08-16","2016-08-30","UKFS.2016.35",14,"Y","UKFS_007.W.20160830","Ok","Ok","Ok","NEON.DOC.014050vH","6pgJy9jRv9PHSDcoyJBm0rFfP22LwuLl","Lip of cup above ground 1-2 cm| may have caught less than usual"
"d40365f5-1fd3-479f-aae1-3d171d532e85","UKFS_001.basePlot.bet","D06","UKFS","UKFS_001","W","distributed","deciduousForest",39.037624,-95.196958,"WGS84",20.1,310.7,0.2,"2016-08-16","2016-08-30","UKFS.2016.35",14,"Y","UKFS_001.W.20160830","Ok","Ok","Ok","NEON.DOC.014050vH","6pgJy9jRv9PHSDcoyJBm0rFfP22LwuLl",
"376c776b-c0de-4a5f-9a4c-b7c864a572da","UKFS_003.basePlot.bet","D06","UKFS","UKFS_003","W","distributed","deciduousForest",39.052642,-95.188064,"WGS84",20.1,324.9,0.2,"2016-08-16","2016-08-30","UKFS.2016.35",14,"Y","UKFS_003.W.20160830","Ok","Ok","Ok","NEON.DOC.014050vH","29ijMy9MQrajCm2JLZzgC4i1O6XKx/yF",
"851f59bd-9401-487f-9973-42399bc0fd51","UKFS_009.basePlot.bet","D06","UKFS","UKFS_009","W","distributed","grasslandHerbaceous",39.045355,-95.201389,"WGS84",20.2,323.5,0.5,"2016-08-16","2016-08-30","UKFS.2016.35",14,"Y","UKFS_009.W.20160830","Ok","Ok","Ok","NEON.DOC.014050vH","29ijMy9MQrajCm2JLZzgC4i1O6XKx/yF",
"173b7d5d-83ed-4869-9b1b-172f87093e0f","UKFS_002.basePlot.bet","D06","UKFS","UKFS_002","W","distributed","deciduousForest",39.046328,-95.208663,"WGS84",20.1,314.5,0.1,"2016-08-16","2016-08-30","UKFS.2016.35",14,"Y","UKFS_002.W.20160830","Ok","Ok","Ok","NEON.DOC.014050vH","29ijMy9MQrajCm2JLZzgC4i1O6XKx/yF",
"e82cffc3-01d9-437d-8cbd-d24f2b2ce8b3","UKFS_004.basePlot.bet","D06","UKFS","UKFS_004","W","distributed","deciduousForest",39.043184,-95.202722,"WGS84",20.1,321.4,0.1,"2016-08-16","2016-08-30","UKFS.2016.35",14,"Y","UKFS_004.W.20160830","Ok","Ok","Ok","NEON.DOC.014050vH","6pgJy9jRv9PHSDcoyJBm0rFfP22LwuLl",
"fbcf4a03-aebb-4cf4-83c7-a082d59624b6","UKFS_008.basePlot.bet","D06","UKFS","UKFS_008","W","distributed","deciduousForest",39.033692,-95.189910,"WGS84",20.1,280.8,0.2,"2016-08-16","2016-08-30","UKFS.2016.35",14,"Y","UKFS_008.W.20160830","Ok","Ok","Ok","NEON.DOC.014050vH","6pgJy9jRv9PHSDcoyJBm0rFfP22LwuLl",
"311638cb-0a8c-4242-8e19-5237b463adc0","UKFS_006.basePlot.bet","D06","UKFS","UKFS_006","E","distributed","deciduousForest",39.033806,-95.198575,"WGS84",20.1,319.7,0.2,"2016-08-16","2016-08-30","UKFS.2016.35",14,"Y","UKFS_006.E.20160830","Ok","Ok","Ok","NEON.DOC.014050vH","6pgJy9jRv9PHSDcoyJBm0rFfP22LwuLl","Lip of cup above ground 1-2 cm"
