uid,namedLocation,domainID,siteID,plotID,setDate,collectDate,processingDate,subsampleIDList,archiveVialID,scientificName,recordedBy,remarks
"2fa20e6c-b13e-45d4-801f-7c401614ff8e","JORN_001.basePlot.bet","D14","JORN","JORN_001","2015-08-20","2015-09-03","2015-09-23","3v6e8eJloSoWLu6C+JQGWJVy+xOLJFsvIXBnU2GWZZ0uRNq+ayMtSo3DfmgyKL7lxyjByKnCkeUMcYqM/5AlFB4oVB751nAEwbPn3attcOE=","3v6e8eJloSqVXD4JKJIIyW8MeS6QDPQ5",,,
"33d95359-8687-45e8-85d0-5957ba340418","JORN_002.basePlot.bet","D14","JORN","JORN_002","2015-08-20","2015-09-03","2015-09-23","2j1n+GhCoGZSCDOYRf237XFFLcnsCJ0hnkl77o6L8IOuPoRKJb6L3zVmyMNafYD9Wu/YoxsiW1Li5sCNWvgWzgDVlbo4oLCjLBrcliAknv6liyaalwihMw0/O8f2n6NjldF4nfUy3yM=","2j1n+GhCoGY0gve+CODxpRK3HswxqYmH",,,
"463541bd-0e4e-4419-861f-3c6c3cd08921","JORN_006.basePlot.bet","D14","JORN","JORN_006","2015-08-20","2015-09-03","2015-09-24","Z5DETg5NA9BPU5q6M0qCPvyROoMzXvzMr2uvHGCU7H5co8XhA6+K9N2NPB275+f7+5EuOTtOVoz6YgVswLhQL19V4KatH95bnMrW091BU3pCHeDYDVKTr5XOPPbsvtD44WWtWMs52/Q=","Z5DETg5NA9C74wgnmj3Cn0cl4d3jiq3j",,,
"6152e0fd-e3a4-4ad3-a35a-be5a4cc10284","JORN_007.basePlot.bet","D14","JORN","JORN_007","2015-08-20","2015-09-03","2015-09-24","VAvCuiXwPERFi088VRdIASasienKVFCYbeUzg80BfaAwQv6V8PJymLK0tdXhBYoLhJ1Hrmpe2xGY6GZ69pGX3Pe9k/aHz6XPNHDhItwqSdkc/VWCTvx/HUfamBmjVszUSgedPKjbH6A=","VAvCuiXwPER7Kj0BR0DZ+XbiuczfoTTE",,,
"49243916-3978-434a-992e-28ba3bde681f","JORN_003.basePlot.bet","D14","JORN","JORN_003","2015-08-20","2015-09-03","2015-09-23","vMYzv3M3ch3JSUow335Jr9TVdESXZKBdxOydbJtJzByToozjAxFm66mdzXBtUF+K2+Fi1uBOZeVNXb2kc+cFSn2enmYM72k25wHQnZ0mB4q0uBFoeuj01EY28ASgx/qJGBv2cCq8ZT8=","vMYzv3M3ch0Lrr49geDRkG3N5iPt9Y8k",,,
"3708f274-0eef-475d-a769-b127cc4b6968","JORN_005.basePlot.bet","D14","JORN","JORN_005","2015-08-20","2015-09-03","2015-09-24","aOplpjduR3TmXJHEx02r61vU0jN0xtbmbO0JDne4MeqgiJ4hA6QNjaXXVsizjGLV1ZV41jZGs2qJG+GDerjqvuC/z6tIEQWGL7gd2zwnvx9UlfZOOkCJF1EF7TfMuz/6yRkmgBEZuw4=","aOplpjduR3SVaAlnvWqv7dHhlP0xo7Uq",,,
"24025b8b-ce51-4a58-8a54-1a5952cc168b","JORN_008.basePlot.bet","D14","JORN","JORN_008","2015-08-20","2015-09-03","2015-10-03","eTKs083kZ6GXpxIDUeEgQgtGMPuLnD3NS9eIFPtT/JS0o1vgSAmRw3NBb7pBN3VgnW9PqGoTg+Ksv9WgKnhfdIbzlHrgSgANuuGg8XZhB0+BHRf45Z3d+h4k+2YaXpmRKtuLjItGSMc=","eTKs083kZ6GqfSIgYJRcI0ZQKiFEwufi",,,
"4d16c1bb-bc45-4657-8869-95ceede02fc4","JORN_010.basePlot.bet","D14","JORN","JORN_010","2015-08-20","2015-09-03","2015-10-04","7i+fBpY+jSAfQb1Q45XhLqvrA1NHrIAD0UecfoyKxJvzaLM+8ManDVfCiz9rdYvc98oYAy3vWtKT4faSCmuWan7dRskJQa544qUi6vSsefI=","7i+fBpY+jSCfQ1Q8IfBUm7s6Ux8YbZzN",,,
"d72aa9d3-c1fc-4c44-9675-bdcac424b99c","JORN_009.basePlot.bet","D14","JORN","JORN_009","2015-08-20","2015-09-03","2015-10-03","y6i9xP3scmMceIq6qKOFK3qHpcYKdoaUH0a0+UFRk65YkMv6YO84hjILx+mSU5aBDV43dE31eHNagdBYJ/Xb+7zGbPCyk9X7N6nqGOpJNbgcB8m6VljO7ZyaxhAnf138roDSi8gKFvY=","y6i9xP3scmNSLXMVtNaCF2Sh28zWdpNy",,,
"839da631-751a-4795-8c05-cab0429834e8","JORN_004.basePlot.bet","D14","JORN","JORN_004","2015-08-20","2015-09-03","2015-09-23","uZCwT0U74cfDCTgShBeUgxBCq9VfRb+kY5yl8TVlO58I0Z/cXp1mftwR5adclopK8vZbYSeJcG7dMUuwwqatfctDstLC4of5C4D+O23OWZLZqAiaMVb8Pr/iY3/M8eZ93o4AWbuCbPY=","uZCwT0U74cfbdOzGu2ZbWq+xuiDSdrl1",,,
"60d98f8a-9f93-405f-b3c4-8b20fc99ee84","JORN_003.basePlot.bet","D14","JORN","JORN_003","2015-09-03","2015-09-17","2015-10-04","vMYzv3M3ch3JSUow335Jr29bgUwPAl30fN6TuefPoKDvFult/2jis2LBm5Qfa3QEEO7RFt/CZOoZXRtjGsCua3VS1SJyAxrT0pkMKiZlCtHw43aDFH+nkmraY8hRXkzYGpmeM0YPuDo=","vMYzv3M3ch3lh5Yn48z0HSkRJzzGCR+M",,,
"8daa3dbd-9e92-46a1-8366-15181c80581d","JORN_001.basePlot.bet","D14","JORN","JORN_001","2015-09-03","2015-09-17","2015-10-04","3v6e8eJloSqFNjUZseBNcXNqs1C3IG1+pf5IosOBDksCM4B0NjyLbPPio2uYoZf+/Qr84yFk9H0K0UgjDuTftLVtNkohN7VR+8vckEzqWTt3iXxAh4hg3OBB1KkCQI3buJLCwz1LNfM=","3v6e8eJloSoxB2O8JSlHAjNU7zMGo3Zq",,,
"3763ca19-f4bb-41f5-bd29-7a0631dc14a1","JORN_002.basePlot.bet","D14","JORN","JORN_002","2015-09-03","2015-09-17","2015-10-04","2j1n+GhCoGb0EwyjU16doT0gMViUIZC4AibrFP4vFW2rm8VouOE8IuMv/J7ZKzixBpA8qjNSxeN3KppByL/57r+Ot1YFrJCiBm6PYpIFpBS8LGr4GVggXnJjCJWA3ozqyq0+5MuRpXo=","2j1n+GhCoGYJs2TP6xMB6JKVIwxnBjKp",,,
"0e2b95fa-23a1-48ab-8089-0ef19bba278f","JORN_005.basePlot.bet","D14","JORN","JORN_005","2015-09-03","2015-09-17","2015-10-04","aOplpjduR3QaoG9NSRDTyy/WyAUntk5q7T7EWuXaU3QW7jgGu6Wdzl/5EQcwD8cPw1CUQg3WjJYxzNqyXwsN5q1N8iTRY9b/W7lQ1i9qlWY=","aOplpjduR3TprmlXGGLGCFIJlxelOfe8",,,
"1147a14d-14fb-44d4-9c30-484970f76af4","JORN_007.basePlot.bet","D14","JORN","JORN_007","2015-09-03","2015-09-17","2015-11-02","VAvCuiXwPERFi088VRdIAc4RkNrFxF5NyBJcBVblsK0nPIbhHvoYCDbF+s+pJywGyI9q8HGcIWKoB4eaPEzobj3GJf6oba+ulb2gAOXUQIQ7JpDBe3Jea//imDgO2K1zhELwhpQvXbc=","VAvCuiXwPETuWnmOG//BbsktECPIX6tN",,,
"30769d53-3f8e-4cad-9afe-fbeec27a5cb1","JORN_006.basePlot.bet","D14","JORN","JORN_006","2015-09-03","2015-09-17","2015-11-02","Z5DETg5NA9A8k+kCUdAUmKZWROOBTpv6h3thlVXAUa1jyipaVSWgtMwFLwolTEm0dndu+8CwWaWaSeER9uX1lSz/ZDld+s7997pWm3934jRkKlwpNXzJ5wOTsyfaSqddnA47zzTNPE8=","Z5DETg5NA9AyP+OQVkwW9iDRM2PaZk5i",,,
"07ed0bdd-adbc-4e3e-9e89-1685b6ae735d","JORN_004.basePlot.bet","D14","JORN","JORN_004","2015-09-03","2015-09-17","2015-10-04","uZCwT0U74cfDCTgShBeUgybtU22LW2I+OKxAl95Ogq/sFRZ3jt7VXgOymlk0jf0ycJ0DVrEzUSEDrtQGo5uO5yStaUYoXTn5/qZXhAO4ekU=","uZCwT0U74cfxyCpsKsaYF2wRy+r9MY+X",,,
"7e0b88ac-eb03-4dfe-b76e-39c761724e1f","JORN_010.basePlot.bet","D14","JORN","JORN_010","2015-09-03","2015-09-17","2015-11-03","7i+fBpY+jSB+S8xdtKEZFMJmkFxChasJvimR5mMDgQ6M0UhuWTTB3GDseQv9e/WqrgK3c7VCYlHTHnt08eA21aWF09vZ/XY5lKoU9MmVLeMn6bPr6c8d0wvzZ3cLmi/oLKrRVBd/ckM=","7i+fBpY+jSDmYxaUJicYMM1C2TdFGPqN",,,
"65d95a13-db1b-4225-abad-73c1a5977758","JORN_009.basePlot.bet","D14","JORN","JORN_009","2015-09-03","2015-09-17","2015-11-03","y6i9xP3scmPZuxPLs8eY98Iv2tCv52FijyG8HjeRTOjbCpA4vZ2rpCFldqfusN0XUQ93avde8EfuyVH0gnxPIZCONjypF+RIEretw4+o+Je5BZG/ead35q8pG9iA5kgftgGQypZsgAo=","y6i9xP3scmNbajKaYyUeFpGI7zqUaG8A",,,
"770286b1-0a0a-48fe-91b4-38227a285de1","JORN_008.basePlot.bet","D14","JORN","JORN_008","2015-09-03","2015-09-17","2015-11-03","eTKs083kZ6Gyd/wXwoGNYeC++5d/aN1AkepXBfIrae2iyHHUZCKo8oEumsQHuSsldOcZZBJgWcpoPDcgw3K/BZ5c4X6zfKzAvbi6J4rcn1iJUdhLnvYRamsBFt3Tsxe3ARKgMx5VvLY=","eTKs083kZ6GOYUYzBH634hFWCE4ibKVR",,,
