uid,namedLocation,domainID,siteID,plotID,trapID,plotType,nlcdClass,decimalLatitude,decimalLongitude,geodeticDatum,coordinateUncertainty,elevation,elevationUncertainty,setDate,collectDate,eventID,daysOfTrapping,sampleCollected,sampleID,cupStatus,lidStatus,fluidLevel,samplingProtocolVersion,recordedBy,remarks
"ab70f710-a61d-48e7-a394-89537660c227","JORN_007.basePlot.bet","D14","JORN","JORN_007","S","distributed","shrubScrub",32.607919,-106.856765,"WGS84",20.1,1323.5,0.1,"2015-08-20","2015-09-03","JORN.2015.36",14,"Y","JORN_007.S.20150903","Ok","Ok","Ok","NEON.DOC.014050vG","hRRZynJPKTlgBISZmXSv66FsQZ5BztHH",
"adc6c722-08dd-471d-be6f-941b116ff64b","JORN_010.basePlot.bet","D14","JORN","JORN_010","S","distributed","shrubScrub",32.628336,-106.847936,"WGS84",20.1,1331.7,0.2,"2015-08-20","2015-09-03","JORN.2015.36",14,"Y","JORN_010.S.20150903","Ok","Ok","Ok","NEON.DOC.014050vG","hRRZynJPKTlgBISZmXSv66FsQZ5BztHH",
"e82cdd2c-ee53-49fb-a2ad-e13cdc2cf7ca","JORN_002.basePlot.bet","D14","JORN","JORN_002","S","distributed","shrubScrub",32.611356,-106.826155,"WGS84",20.1,1328.2,0.2,"2015-08-20","2015-09-03","JORN.2015.36",14,"Y","JORN_002.S.20150903","Ok","Ok","Ok","NEON.DOC.014050vG","hRRZynJPKTlgBISZmXSv66FsQZ5BztHH",
"982d703a-41cb-485e-84ac-254de501c3f9","JORN_008.basePlot.bet","D14","JORN","JORN_008","S","distributed","shrubScrub",32.593905,-106.797359,"WGS84",20.1,1320.0,0.1,"2015-08-20","2015-09-03","JORN.2015.36",14,"Y","JORN_008.S.20150903","Ok","Ok","Ok","NEON.DOC.014050vG","m64+xPGx2XjJaMrBGL8/rXFjfzteHhR2",
"ca8f2b79-72ce-49dd-8459-1d052ba456f9","JORN_003.basePlot.bet","D14","JORN","JORN_003","S","distributed","shrubScrub",32.600614,-106.838099,"WGS84",20.1,1321.1,0.1,"2015-08-20","2015-09-03","JORN.2015.36",14,"Y","JORN_003.S.20150903","Ok","Ok","Ok","NEON.DOC.014050vG","m64+xPGx2XjJaMrBGL8/rXFjfzteHhR2",
"6b5f72eb-f33e-49e0-bd6a-d9430e520cc0","JORN_009.basePlot.bet","D14","JORN","JORN_009","S","distributed","shrubScrub",32.611448,-106.837690,"WGS84",20.1,1326.7,0.1,"2015-08-20","2015-09-03","JORN.2015.36",14,"Y","JORN_009.S.20150903","Ok","Ok","Ok","NEON.DOC.014050vG","hRRZynJPKTlgBISZmXSv66FsQZ5BztHH",
"59657af2-12de-4bc5-bae1-f29671e6edd6","JORN_004.basePlot.bet","D14","JORN","JORN_004","W","distributed","shrubScrub",32.630328,-106.860760,"WGS84",20.1,1331.6,0.1,"2015-08-20","2015-09-03","JORN.2015.36",14,"Y","JORN_004.W.20150903","Disturbed","Disturbed","Ok","NEON.DOC.014050vG","hRRZynJPKTlgBISZmXSv66FsQZ5BztHH",
"320167ac-29cf-4e62-be92-410ece736257","JORN_006.basePlot.bet","D14","JORN","JORN_006","W","distributed","shrubScrub",32.590562,-106.824460,"WGS84",20.1,1323.2,0.1,"2015-08-20","2015-09-03","JORN.2015.36",14,"Y","JORN_006.W.20150903","Ok","Ok","Ok","NEON.DOC.014050vG","m64+xPGx2XjJaMrBGL8/rXFjfzteHhR2",
"0a8578f2-cce7-424c-8de5-95d6cdf9dedc","JORN_005.basePlot.bet","D14","JORN","JORN_005","W","distributed","shrubScrub",32.575696,-106.803388,"WGS84",20.1,1323.5,0.1,"2015-08-20","2015-09-03","JORN.2015.36",14,"Y","JORN_005.W.20150903","Ok","Ok","Ok","NEON.DOC.014050vG","m64+xPGx2XjJaMrBGL8/rXFjfzteHhR2",
"17e9741c-6ff8-42ad-9486-2052f564c29a","JORN_001.basePlot.bet","D14","JORN","JORN_001","W","distributed","shrubScrub",32.604930,-106.802046,"WGS84",20.1,1323.4,0.1,"2015-08-20","2015-09-03","JORN.2015.36",14,"Y","JORN_001.W.20150903","Ok","Ok","Ok","NEON.DOC.014050vG","m64+xPGx2XjJaMrBGL8/rXFjfzteHhR2",
"590c87ea-0292-46ba-9f13-c9f35875d7b7","JORN_007.basePlot.bet","D14","JORN","JORN_007","W","distributed","shrubScrub",32.607919,-106.856765,"WGS84",20.1,1323.5,0.1,"2015-08-20","2015-09-03","JORN.2015.36",14,"Y","JORN_007.W.20150903","Ok","Ok","Ok","NEON.DOC.014050vG","hRRZynJPKTlgBISZmXSv66FsQZ5BztHH",
"1a608c8e-fcd1-4a7b-adf2-deaf93c5b105","JORN_010.basePlot.bet","D14","JORN","JORN_010","W","distributed","shrubScrub",32.628336,-106.847936,"WGS84",20.1,1331.7,0.2,"2015-08-20","2015-09-03","JORN.2015.36",14,"Y","JORN_010.W.20150903","Ok","Ok","Ok","NEON.DOC.014050vG","hRRZynJPKTlgBISZmXSv66FsQZ5BztHH",
"1116a4fe-f03b-491a-aa4d-d29c80cf72af","JORN_002.basePlot.bet","D14","JORN","JORN_002","W","distributed","shrubScrub",32.611356,-106.826155,"WGS84",20.1,1328.2,0.2,"2015-08-20","2015-09-03","JORN.2015.36",14,"Y","JORN_002.W.20150903","Ok","Ok","Ok","NEON.DOC.014050vG","hRRZynJPKTlgBISZmXSv66FsQZ5BztHH",
"c9cd7dc5-a3ce-4103-9a0f-23323a0d890e","JORN_008.basePlot.bet","D14","JORN","JORN_008","W","distributed","shrubScrub",32.593905,-106.797359,"WGS84",20.1,1320.0,0.1,"2015-08-20","2015-09-03","JORN.2015.36",14,"Y","JORN_008.W.20150903","Ok","Ok","Ok","NEON.DOC.014050vG","m64+xPGx2XjJaMrBGL8/rXFjfzteHhR2",
"7d106e66-8e25-4eda-a9e7-e5d308f83d74","JORN_003.basePlot.bet","D14","JORN","JORN_003","W","distributed","shrubScrub",32.600614,-106.838099,"WGS84",20.1,1321.1,0.1,"2015-08-20","2015-09-03","JORN.2015.36",14,"Y","JORN_003.W.20150903","Ok","Ok","Ok","NEON.DOC.014050vG","m64+xPGx2XjJaMrBGL8/rXFjfzteHhR2",
"9f695c26-e142-4411-8a47-8058ad7d3459","JORN_009.basePlot.bet","D14","JORN","JORN_009","W","distributed","shrubScrub",32.611448,-106.837690,"WGS84",20.1,1326.7,0.1,"2015-08-20","2015-09-03","JORN.2015.36",14,"Y","JORN_009.W.20150903","Ok","Ok","Ok","NEON.DOC.014050vG","hRRZynJPKTlgBISZmXSv66FsQZ5BztHH",
"fa8cd531-21fa-44bd-a35a-9a489cc72b6d","JORN_002.basePlot.bet","D14","JORN","JORN_002","E","distributed","shrubScrub",32.611356,-106.826155,"WGS84",20.1,1328.2,0.2,"2015-08-20","2015-09-03","JORN.2015.36",14,"Y","JORN_002.E.20150903","Ok","Ok","Ok","NEON.DOC.014050vG","hRRZynJPKTlgBISZmXSv66FsQZ5BztHH",
"c1a44c54-8cdc-45d4-87a9-c503ef599553","JORN_003.basePlot.bet","D14","JORN","JORN_003","E","distributed","shrubScrub",32.600614,-106.838099,"WGS84",20.1,1321.1,0.1,"2015-08-20","2015-09-03","JORN.2015.36",14,"Y","JORN_003.E.20150903","Ok","Ok","Ok","NEON.DOC.014050vG","m64+xPGx2XjJaMrBGL8/rXFjfzteHhR2",
"41c831e8-22c3-4c6a-ba50-40691b794a80","JORN_008.basePlot.bet","D14","JORN","JORN_008","E","distributed","shrubScrub",32.593905,-106.797359,"WGS84",20.1,1320.0,0.1,"2015-08-20","2015-09-03","JORN.2015.36",14,"Y","JORN_008.E.20150903","Ok","Ok","Ok","NEON.DOC.014050vG","m64+xPGx2XjJaMrBGL8/rXFjfzteHhR2","Dead SIHI next to trap-not in trap."
"ea2b2123-40b6-4f39-b93a-ed2a7df5bec3","JORN_009.basePlot.bet","D14","JORN","JORN_009","E","distributed","shrubScrub",32.611448,-106.837690,"WGS84",20.1,1326.7,0.1,"2015-08-20","2015-09-03","JORN.2015.36",14,"Y","JORN_009.E.20150903","Ok","Ok","Ok","NEON.DOC.014050vG","hRRZynJPKTlgBISZmXSv66FsQZ5BztHH",
"690e7117-d86b-432b-86ce-9fa1be7c082f","JORN_004.basePlot.bet","D14","JORN","JORN_004","E","distributed","shrubScrub",32.630328,-106.860760,"WGS84",20.1,1331.6,0.1,"2015-08-20","2015-09-03","JORN.2015.36",14,"Y","JORN_004.E.20150903","Ok","Ok","Ok","NEON.DOC.014050vG","hRRZynJPKTlgBISZmXSv66FsQZ5BztHH",
"4ef83004-0293-44aa-ac18-e805721dbfa7","JORN_006.basePlot.bet","D14","JORN","JORN_006","E","distributed","shrubScrub",32.590562,-106.824460,"WGS84",20.1,1323.2,0.1,"2015-08-20","2015-09-03","JORN.2015.36",14,"Y","JORN_006.E.20150903","Ok","Ok","Ok","NEON.DOC.014050vG","m64+xPGx2XjJaMrBGL8/rXFjfzteHhR2",
"b7ebfd87-7c37-463c-b67a-3199c256d926","JORN_005.basePlot.bet","D14","JORN","JORN_005","E","distributed","shrubScrub",32.575696,-106.803388,"WGS84",20.1,1323.5,0.1,"2015-08-20","2015-09-03","JORN.2015.36",14,"Y","JORN_005.E.20150903","Ok","Ok","Ok","NEON.DOC.014050vG","m64+xPGx2XjJaMrBGL8/rXFjfzteHhR2",
"a1330b30-1469-4e91-91ef-36311f76dde5","JORN_001.basePlot.bet","D14","JORN","JORN_001","E","distributed","shrubScrub",32.604930,-106.802046,"WGS84",20.1,1323.4,0.1,"2015-08-20","2015-09-03","JORN.2015.36",14,"Y","JORN_001.E.20150903","Ok","Ok","Ok","NEON.DOC.014050vG","m64+xPGx2XjJaMrBGL8/rXFjfzteHhR2",
"5b63215d-7ce6-4726-9f4c-574556fe2a81","JORN_007.basePlot.bet","D14","JORN","JORN_007","E","distributed","shrubScrub",32.607919,-106.856765,"WGS84",20.1,1323.5,0.1,"2015-08-20","2015-09-03","JORN.2015.36",14,"Y","JORN_007.E.20150903","Ok","Ok","Ok","NEON.DOC.014050vG","hRRZynJPKTlgBISZmXSv66FsQZ5BztHH",
"edf4e7b7-763f-40de-8476-4cbae52fadd7","JORN_010.basePlot.bet","D14","JORN","JORN_010","E","distributed","shrubScrub",32.628336,-106.847936,"WGS84",20.1,1331.7,0.2,"2015-08-20","2015-09-03","JORN.2015.36",14,"Y","JORN_010.E.20150903","Ok","Ok","Ok","NEON.DOC.014050vG","hRRZynJPKTlgBISZmXSv66FsQZ5BztHH","Lizard bycatch."
"0806d4f1-e20e-4f51-8070-b8b393834beb","JORN_006.basePlot.bet","D14","JORN","JORN_006","N","distributed","shrubScrub",32.590562,-106.824460,"WGS84",20.1,1323.2,0.1,"2015-08-20","2015-09-03","JORN.2015.36",14,"Y","JORN_006.N.20150903","Ok","Ok","Ok","NEON.DOC.014050vG","m64+xPGx2XjJaMrBGL8/rXFjfzteHhR2",
"b667a3b1-9311-4b57-a20d-91ee1a13830a","JORN_009.basePlot.bet","D14","JORN","JORN_009","N","distributed","shrubScrub",32.611448,-106.837690,"WGS84",20.1,1326.7,0.1,"2015-08-20","2015-09-03","JORN.2015.36",14,"Y","JORN_009.N.20150903","Ok","Ok","Ok","NEON.DOC.014050vG","hRRZynJPKTlgBISZmXSv66FsQZ5BztHH",
"d276b166-3f6c-4610-ae69-a47bdab0a77b","JORN_002.basePlot.bet","D14","JORN","JORN_002","N","distributed","shrubScrub",32.611356,-106.826155,"WGS84",20.1,1328.2,0.2,"2015-08-20","2015-09-03","JORN.2015.36",14,"Y","JORN_002.N.20150903","Ok","Ok","Ok","NEON.DOC.014050vG","hRRZynJPKTlgBISZmXSv66FsQZ5BztHH",
"be22b2bc-4fc8-40fd-8a45-291b967b1eaa","JORN_008.basePlot.bet","D14","JORN","JORN_008","N","distributed","shrubScrub",32.593905,-106.797359,"WGS84",20.1,1320.0,0.1,"2015-08-20","2015-09-03","JORN.2015.36",14,"Y","JORN_008.N.20150903","Ok","Ok","Ok","NEON.DOC.014050vG","m64+xPGx2XjJaMrBGL8/rXFjfzteHhR2",
"3cfa2a76-95d6-48a8-a75d-175f25634f93","JORN_004.basePlot.bet","D14","JORN","JORN_004","N","distributed","shrubScrub",32.630328,-106.860760,"WGS84",20.1,1331.6,0.1,"2015-08-20","2015-09-03","JORN.2015.36",14,"Y","JORN_004.N.20150903","Ok","Ok","Ok","NEON.DOC.014050vG","hRRZynJPKTlgBISZmXSv66FsQZ5BztHH",
"4dd49ee4-642d-4794-8806-87ec2f171cc1","JORN_005.basePlot.bet","D14","JORN","JORN_005","N","distributed","shrubScrub",32.575696,-106.803388,"WGS84",20.1,1323.5,0.1,"2015-08-20","2015-09-03","JORN.2015.36",14,"Y","JORN_005.N.20150903","Ok","Ok","Ok","NEON.DOC.014050vG","m64+xPGx2XjJaMrBGL8/rXFjfzteHhR2",
"e3408aa5-b211-4d37-8303-0bb204f071cf","JORN_001.basePlot.bet","D14","JORN","JORN_001","N","distributed","shrubScrub",32.604930,-106.802046,"WGS84",20.1,1323.4,0.1,"2015-08-20","2015-09-03","JORN.2015.36",14,"Y","JORN_001.N.20150903","Ok","Ok","Ok","NEON.DOC.014050vG","m64+xPGx2XjJaMrBGL8/rXFjfzteHhR2",
"611c458c-4139-41fa-93a3-360063334ce9","JORN_007.basePlot.bet","D14","JORN","JORN_007","N","distributed","shrubScrub",32.607919,-106.856765,"WGS84",20.1,1323.5,0.1,"2015-08-20","2015-09-03","JORN.2015.36",14,"Y","JORN_007.N.20150903","Ok","Ok","Ok","NEON.DOC.014050vG","hRRZynJPKTlgBISZmXSv66FsQZ5BztHH",
"7a2d3473-ef7d-4011-a68a-260b8df4d495","JORN_010.basePlot.bet","D14","JORN","JORN_010","N","distributed","shrubScrub",32.628336,-106.847936,"WGS84",20.1,1331.7,0.2,"2015-08-20","2015-09-03","JORN.2015.36",14,"Y","JORN_010.N.20150903","Ok","Ok","Ok","NEON.DOC.014050vG","hRRZynJPKTlgBISZmXSv66FsQZ5BztHH",
"d2fb93aa-b871-4fd1-8f09-da9c78cfb2f9","JORN_003.basePlot.bet","D14","JORN","JORN_003","N","distributed","shrubScrub",32.600614,-106.838099,"WGS84",20.1,1321.1,0.1,"2015-08-20","2015-09-03","JORN.2015.36",14,"Y","JORN_003.N.20150903","Ok","Ok","Ok","NEON.DOC.014050vG","m64+xPGx2XjJaMrBGL8/rXFjfzteHhR2",
"8103a952-81c4-4705-91dd-41d763b79824","JORN_004.basePlot.bet","D14","JORN","JORN_004","S","distributed","shrubScrub",32.630328,-106.860760,"WGS84",20.1,1331.6,0.1,"2015-08-20","2015-09-03","JORN.2015.36",14,"Y","JORN_004.S.20150903","Ok","Ok","Ok","NEON.DOC.014050vG","hRRZynJPKTlgBISZmXSv66FsQZ5BztHH",
"4bb08e8a-2ab6-49f8-a5b3-342145504f61","JORN_006.basePlot.bet","D14","JORN","JORN_006","S","distributed","shrubScrub",32.590562,-106.824460,"WGS84",20.1,1323.2,0.1,"2015-08-20","2015-09-03","JORN.2015.36",14,"Y","JORN_006.S.20150903","Ok","Ok","Ok","NEON.DOC.014050vG","m64+xPGx2XjJaMrBGL8/rXFjfzteHhR2",
"49bdbc9c-4fa6-4e65-8ee1-7b7357631e94","JORN_005.basePlot.bet","D14","JORN","JORN_005","S","distributed","shrubScrub",32.575696,-106.803388,"WGS84",20.1,1323.5,0.1,"2015-08-20","2015-09-03","JORN.2015.36",14,"Y","JORN_005.S.20150903","Ok","Ok","Ok","NEON.DOC.014050vG","m64+xPGx2XjJaMrBGL8/rXFjfzteHhR2",
"507a9a7c-9b8a-469a-b55c-1dc03f31ff0a","JORN_001.basePlot.bet","D14","JORN","JORN_001","S","distributed","shrubScrub",32.604930,-106.802046,"WGS84",20.1,1323.4,0.1,"2015-08-20","2015-09-03","JORN.2015.36",14,"Y","JORN_001.S.20150903","Ok","Ok","Ok","NEON.DOC.014050vG","m64+xPGx2XjJaMrBGL8/rXFjfzteHhR2",
"433b0911-980f-4e3c-8480-01cfc53d3c24","JORN_007.basePlot.bet","D14","JORN","JORN_007","E","distributed","shrubScrub",32.607919,-106.856765,"WGS84",20.1,1323.5,0.1,"2015-09-03","2015-09-17","JORN.2015.38",14,"Y","JORN_007.E.20150917","Ok","Ok","Ok","NEON.DOC.014050vG","/ByrziN0LguMJHnInl2NM/trZeA5h+c0",
"347bb86d-d120-41ba-8ed1-11d238994725","JORN_004.basePlot.bet","D14","JORN","JORN_004","W","distributed","shrubScrub",32.630328,-106.860760,"WGS84",20.1,1331.6,0.1,"2015-09-03","2015-09-17","JORN.2015.38",14,"Y","JORN_004.W.20150917","Ok","Disturbed","Ok","NEON.DOC.014050vG","/ByrziN0LguMJHnInl2NM/trZeA5h+c0",
"215d4c1e-6c7a-4c0d-a627-f4b22ff751b9","JORN_004.basePlot.bet","D14","JORN","JORN_004","E","distributed","shrubScrub",32.630328,-106.860760,"WGS84",20.1,1331.6,0.1,"2015-09-03","2015-09-17","JORN.2015.38",14,"Y","JORN_004.E.20150917","Ok","Ok","Ok","NEON.DOC.014050vG","/ByrziN0LguMJHnInl2NM/trZeA5h+c0",
"8e37946d-2fb3-4459-8c97-9279bd2f9ace","JORN_003.basePlot.bet","D14","JORN","JORN_003","E","distributed","shrubScrub",32.600614,-106.838099,"WGS84",20.1,1321.1,0.1,"2015-09-03","2015-09-17","JORN.2015.38",14,"Y","JORN_003.E.20150917","Ok","Ok","Ok","NEON.DOC.014050vG","/ByrziN0LguMJHnInl2NM/trZeA5h+c0",
"2dfe8c48-a6cb-49e6-a681-57bd4d6e0675","JORN_010.basePlot.bet","D14","JORN","JORN_010","E","distributed","shrubScrub",32.628336,-106.847936,"WGS84",20.1,1331.7,0.2,"2015-09-03","2015-09-17","JORN.2015.38",14,"Y","JORN_010.E.20150917","Ok","Ok","Low","NEON.DOC.014050vG","/ByrziN0LguMJHnInl2NM/trZeA5h+c0",
"089848a9-4296-4371-bd85-4ced0ba1a568","JORN_001.basePlot.bet","D14","JORN","JORN_001","E","distributed","shrubScrub",32.604930,-106.802046,"WGS84",20.1,1323.4,0.1,"2015-09-03","2015-09-17","JORN.2015.38",14,"Y","JORN_001.E.20150917","Ok","Ok","Ok","NEON.DOC.014050vG","/ByrziN0LguMJHnInl2NM/trZeA5h+c0",
"8153bbc8-d1f5-4c71-aca1-dda6fc9ef273","JORN_006.basePlot.bet","D14","JORN","JORN_006","E","distributed","shrubScrub",32.590562,-106.824460,"WGS84",20.1,1323.2,0.1,"2015-09-03","2015-09-17","JORN.2015.38",14,"Y","JORN_006.E.20150917","Ok","Ok","Ok","NEON.DOC.014050vG","/ByrziN0LguMJHnInl2NM/trZeA5h+c0",
"b337e7e9-c184-4985-90ae-bce75963e610","JORN_005.basePlot.bet","D14","JORN","JORN_005","E","distributed","shrubScrub",32.575696,-106.803388,"WGS84",20.1,1323.5,0.1,"2015-09-03","2015-09-17","JORN.2015.38",14,"Y","JORN_005.E.20150917","Ok","Ok","Ok","NEON.DOC.014050vG","/ByrziN0LguMJHnInl2NM/trZeA5h+c0",
"80287372-9114-4dd6-9aba-71a1b61b9620","JORN_009.basePlot.bet","D14","JORN","JORN_009","E","distributed","shrubScrub",32.611448,-106.837690,"WGS84",20.1,1326.7,0.1,"2015-09-03","2015-09-17","JORN.2015.38",14,"Y","JORN_009.E.20150917","Ok","Ok","Ok","NEON.DOC.014050vG","/ByrziN0LguMJHnInl2NM/trZeA5h+c0",
"44316a12-335e-4924-984f-1a69c881806f","JORN_002.basePlot.bet","D14","JORN","JORN_002","E","distributed","shrubScrub",32.611356,-106.826155,"WGS84",20.1,1328.2,0.2,"2015-09-03","2015-09-17","JORN.2015.38",14,"Y","JORN_002.E.20150917","Ok","Ok","Ok","NEON.DOC.014050vG","/ByrziN0LguMJHnInl2NM/trZeA5h+c0",
"361ec7d7-ada2-47a1-9952-49106857804c","JORN_007.basePlot.bet","D14","JORN","JORN_007","N","distributed","shrubScrub",32.607919,-106.856765,"WGS84",20.1,1323.5,0.1,"2015-09-03","2015-09-17","JORN.2015.38",14,"Y","JORN_007.N.20150917","Ok","Ok","Ok","NEON.DOC.014050vG","/ByrziN0LguMJHnInl2NM/trZeA5h+c0",
"e7d5d129-0be9-447c-a46b-baa1130be350","JORN_001.basePlot.bet","D14","JORN","JORN_001","N","distributed","shrubScrub",32.604930,-106.802046,"WGS84",20.1,1323.4,0.1,"2015-09-03","2015-09-17","JORN.2015.38",14,"Y","JORN_001.N.20150917","Ok","Ok","Ok","NEON.DOC.014050vG","/ByrziN0LguMJHnInl2NM/trZeA5h+c0",
"7c5dda29-c06c-4625-9a3c-391b37ff461d","JORN_005.basePlot.bet","D14","JORN","JORN_005","N","distributed","shrubScrub",32.575696,-106.803388,"WGS84",20.1,1323.5,0.1,"2015-09-03","2015-09-17","JORN.2015.38",14,"Y","JORN_005.N.20150917","Ok","Ok","Ok","NEON.DOC.014050vG","/ByrziN0LguMJHnInl2NM/trZeA5h+c0",
"eeb7fb12-ce22-4631-943d-a5451bd759dc","JORN_006.basePlot.bet","D14","JORN","JORN_006","N","distributed","shrubScrub",32.590562,-106.824460,"WGS84",20.1,1323.2,0.1,"2015-09-03","2015-09-17","JORN.2015.38",14,"Y","JORN_006.N.20150917","Ok","Ok","Ok","NEON.DOC.014050vG","/ByrziN0LguMJHnInl2NM/trZeA5h+c0",
"6325c7f0-8228-4192-97c1-b5bf6b0a3c93","JORN_004.basePlot.bet","D14","JORN","JORN_004","N","distributed","shrubScrub",32.630328,-106.860760,"WGS84",20.1,1331.6,0.1,"2015-09-03","2015-09-17","JORN.2015.38",14,"Y","JORN_004.N.20150917","Ok","Ok","Ok","NEON.DOC.014050vG","/ByrziN0LguMJHnInl2NM/trZeA5h+c0",
"6768e019-6713-4d47-94f5-4ae991596d89","JORN_009.basePlot.bet","D14","JORN","JORN_009","N","distributed","shrubScrub",32.611448,-106.837690,"WGS84",20.1,1326.7,0.1,"2015-09-03","2015-09-17","JORN.2015.38",14,"Y","JORN_009.N.20150917","Ok","Ok","Ok","NEON.DOC.014050vG","/ByrziN0LguMJHnInl2NM/trZeA5h+c0",
"19c3a8f1-b0b9-43e8-af5b-13cb3b58f909","JORN_003.basePlot.bet","D14","JORN","JORN_003","N","distributed","shrubScrub",32.600614,-106.838099,"WGS84",20.1,1321.1,0.1,"2015-09-03","2015-09-17","JORN.2015.38",14,"Y","JORN_003.N.20150917","Ok","Ok","Ok","NEON.DOC.014050vG","/ByrziN0LguMJHnInl2NM/trZeA5h+c0",
"ec3dddbf-58f6-4705-b1c5-1774638a2319","JORN_010.basePlot.bet","D14","JORN","JORN_010","N","distributed","shrubScrub",32.628336,-106.847936,"WGS84",20.1,1331.7,0.2,"2015-09-03","2015-09-17","JORN.2015.38",14,"Y","JORN_010.N.20150917","Ok","Ok","Ok","NEON.DOC.014050vG","/ByrziN0LguMJHnInl2NM/trZeA5h+c0",
"f6851e58-d145-44e7-96dd-cfcad245f50b","JORN_008.basePlot.bet","D14","JORN","JORN_008","N","distributed","shrubScrub",32.593905,-106.797359,"WGS84",20.1,1320.0,0.1,"2015-09-03","2015-09-17","JORN.2015.38",14,"Y","JORN_008.N.20150917","Ok","Ok","Ok","NEON.DOC.014050vG","/ByrziN0LguMJHnInl2NM/trZeA5h+c0",
"49959e7d-ab5c-43c2-8594-98596ec4dc5e","JORN_002.basePlot.bet","D14","JORN","JORN_002","N","distributed","shrubScrub",32.611356,-106.826155,"WGS84",20.1,1328.2,0.2,"2015-09-03","2015-09-17","JORN.2015.38",14,"Y","JORN_002.N.20150917","Ok","Ok","Ok","NEON.DOC.014050vG","/ByrziN0LguMJHnInl2NM/trZeA5h+c0",
"c756fe6c-6986-4799-b9d8-e8f0a213be98","JORN_009.basePlot.bet","D14","JORN","JORN_009","S","distributed","shrubScrub",32.611448,-106.837690,"WGS84",20.1,1326.7,0.1,"2015-09-03","2015-09-17","JORN.2015.38",14,"Y","JORN_009.S.20150917","Ok","Ok","Low","NEON.DOC.014050vG","/ByrziN0LguMJHnInl2NM/trZeA5h+c0",
"b7579923-70dd-459b-9258-82ed6fa9be3e","JORN_004.basePlot.bet","D14","JORN","JORN_004","S","distributed","shrubScrub",32.630328,-106.860760,"WGS84",20.1,1331.6,0.1,"2015-09-03","2015-09-17","JORN.2015.38",14,"Y","JORN_004.S.20150917","Ok","Ok","Ok","NEON.DOC.014050vG","/ByrziN0LguMJHnInl2NM/trZeA5h+c0",
"53f9473d-2cae-4bad-a515-0ac94274e1a0","JORN_008.basePlot.bet","D14","JORN","JORN_008","S","distributed","shrubScrub",32.593905,-106.797359,"WGS84",20.1,1320.0,0.1,"2015-09-03","2015-09-17","JORN.2015.38",14,"Y","JORN_008.S.20150917","Ok","Ok","Ok","NEON.DOC.014050vG","/ByrziN0LguMJHnInl2NM/trZeA5h+c0",
"df3ed341-7afc-41f6-9453-2ffb6ce5380d","JORN_003.basePlot.bet","D14","JORN","JORN_003","S","distributed","shrubScrub",32.600614,-106.838099,"WGS84",20.1,1321.1,0.1,"2015-09-03","2015-09-17","JORN.2015.38",14,"Y","JORN_003.S.20150917","Ok","Ok","Ok","NEON.DOC.014050vG","/ByrziN0LguMJHnInl2NM/trZeA5h+c0",
"9dea2f82-7980-48c3-8c96-850fde9c066b","JORN_010.basePlot.bet","D14","JORN","JORN_010","S","distributed","shrubScrub",32.628336,-106.847936,"WGS84",20.1,1331.7,0.2,"2015-09-03","2015-09-17","JORN.2015.38",14,"Y","JORN_010.S.20150917","Ok","Ok","Ok","NEON.DOC.014050vG","/ByrziN0LguMJHnInl2NM/trZeA5h+c0",
"67a3d14c-f3fd-4f8b-be39-5e7e2bae5f20","JORN_002.basePlot.bet","D14","JORN","JORN_002","S","distributed","shrubScrub",32.611356,-106.826155,"WGS84",20.1,1328.2,0.2,"2015-09-03","2015-09-17","JORN.2015.38",14,"Y","JORN_002.S.20150917","Ok","Ok","Ok","NEON.DOC.014050vG","/ByrziN0LguMJHnInl2NM/trZeA5h+c0",
"34891295-2c56-4f0f-8943-4ef308b03d44","JORN_007.basePlot.bet","D14","JORN","JORN_007","S","distributed","shrubScrub",32.607919,-106.856765,"WGS84",20.1,1323.5,0.1,"2015-09-03","2015-09-17","JORN.2015.38",14,"Y","JORN_007.S.20150917","Ok","Ok","Ok","NEON.DOC.014050vG","/ByrziN0LguMJHnInl2NM/trZeA5h+c0",
"6501f9e8-f3a3-4f9d-82da-22bb182e1c7b","JORN_001.basePlot.bet","D14","JORN","JORN_001","S","distributed","shrubScrub",32.604930,-106.802046,"WGS84",20.1,1323.4,0.1,"2015-09-03","2015-09-17","JORN.2015.38",14,"Y","JORN_001.S.20150917","Ok","Ok","Ok","NEON.DOC.014050vG","/ByrziN0LguMJHnInl2NM/trZeA5h+c0",
"8c32c495-e3a7-4e61-990f-c79a6ef7ec3d","JORN_005.basePlot.bet","D14","JORN","JORN_005","S","distributed","shrubScrub",32.575696,-106.803388,"WGS84",20.1,1323.5,0.1,"2015-09-03","2015-09-17","JORN.2015.38",14,"Y","JORN_005.S.20150917","Ok","Ok","Ok","NEON.DOC.014050vG","/ByrziN0LguMJHnInl2NM/trZeA5h+c0",
"d9f2a371-afa9-4644-bb6c-344af847c31e","JORN_006.basePlot.bet","D14","JORN","JORN_006","S","distributed","shrubScrub",32.590562,-106.824460,"WGS84",20.1,1323.2,0.1,"2015-09-03","2015-09-17","JORN.2015.38",14,"Y","JORN_006.S.20150917","Ok","Ok","Ok","NEON.DOC.014050vG","/ByrziN0LguMJHnInl2NM/trZeA5h+c0",
"983bba90-1249-4f63-b879-1428d0d25ca3","JORN_009.basePlot.bet","D14","JORN","JORN_009","W","distributed","shrubScrub",32.611448,-106.837690,"WGS84",20.1,1326.7,0.1,"2015-09-03","2015-09-17","JORN.2015.38",14,"Y","JORN_009.W.20150917","Ok","Ok","Ok","NEON.DOC.014050vG","/ByrziN0LguMJHnInl2NM/trZeA5h+c0",
"c6a73f2c-fa36-4d4d-9774-a9071498a0a6","JORN_003.basePlot.bet","D14","JORN","JORN_003","W","distributed","shrubScrub",32.600614,-106.838099,"WGS84",20.1,1321.1,0.1,"2015-09-03","2015-09-17","JORN.2015.38",14,"Y","JORN_003.W.20150917","Ok","Ok","Ok","NEON.DOC.014050vG","/ByrziN0LguMJHnInl2NM/trZeA5h+c0",
"5c053505-04eb-40b1-9836-9fcf7f5a07a4","JORN_010.basePlot.bet","D14","JORN","JORN_010","W","distributed","shrubScrub",32.628336,-106.847936,"WGS84",20.1,1331.7,0.2,"2015-09-03","2015-09-17","JORN.2015.38",14,"Y","JORN_010.W.20150917","Ok","Ok","Low","NEON.DOC.014050vG","/ByrziN0LguMJHnInl2NM/trZeA5h+c0",
"5d0d9503-cd13-48f8-8ed7-8ee0ddbe5fac","JORN_002.basePlot.bet","D14","JORN","JORN_002","W","distributed","shrubScrub",32.611356,-106.826155,"WGS84",20.1,1328.2,0.2,"2015-09-03","2015-09-17","JORN.2015.38",14,"Y","JORN_002.W.20150917","Ok","Ok","Ok","NEON.DOC.014050vG","/ByrziN0LguMJHnInl2NM/trZeA5h+c0",
"80cea35f-3131-4327-8ab4-bb28c1310742","JORN_008.basePlot.bet","D14","JORN","JORN_008","W","distributed","shrubScrub",32.593905,-106.797359,"WGS84",20.1,1320.0,0.1,"2015-09-03","2015-09-17","JORN.2015.38",14,"Y","JORN_008.W.20150917","Ok","Ok","Ok","NEON.DOC.014050vG","/ByrziN0LguMJHnInl2NM/trZeA5h+c0",
"2a9bde2d-ee12-45da-8f2c-1b9b088d2d91","JORN_001.basePlot.bet","D14","JORN","JORN_001","W","distributed","shrubScrub",32.604930,-106.802046,"WGS84",20.1,1323.4,0.1,"2015-09-03","2015-09-17","JORN.2015.38",14,"Y","JORN_001.W.20150917","Ok","Ok","Ok","NEON.DOC.014050vG","/ByrziN0LguMJHnInl2NM/trZeA5h+c0",
"47f616ba-75b6-4224-84a0-83f971074f59","JORN_007.basePlot.bet","D14","JORN","JORN_007","W","distributed","shrubScrub",32.607919,-106.856765,"WGS84",20.1,1323.5,0.1,"2015-09-03","2015-09-17","JORN.2015.38",14,"Y","JORN_007.W.20150917","Ok","Disturbed","Ok","NEON.DOC.014050vG","/ByrziN0LguMJHnInl2NM/trZeA5h+c0",
"68cecd3f-2f09-4e1f-a7a1-9f26201a29cf","JORN_006.basePlot.bet","D14","JORN","JORN_006","W","distributed","shrubScrub",32.590562,-106.824460,"WGS84",20.1,1323.2,0.1,"2015-09-03","2015-09-17","JORN.2015.38",14,"Y","JORN_006.W.20150917","Ok","Ok","Ok","NEON.DOC.014050vG","/ByrziN0LguMJHnInl2NM/trZeA5h+c0",
"d0faa750-854f-4f07-838e-069589645480","JORN_005.basePlot.bet","D14","JORN","JORN_005","W","distributed","shrubScrub",32.575696,-106.803388,"WGS84",20.1,1323.5,0.1,"2015-09-03","2015-09-17","JORN.2015.38",14,"Y","JORN_005.W.20150917","Ok","Ok","Ok","NEON.DOC.014050vG","/ByrziN0LguMJHnInl2NM/trZeA5h+c0",
"056d4be5-6328-4ade-b42a-cf0b51d6ab53","JORN_008.basePlot.bet","D14","JORN","JORN_008","E","distributed","shrubScrub",32.593905,-106.797359,"WGS84",20.1,1320.0,0.1,"2015-09-03","2015-09-17","JORN.2015.38",14,"Y","JORN_008.E.20150917","Ok","Ok","Ok","NEON.DOC.014050vG","/ByrziN0LguMJHnInl2NM/trZeA5h+c0",
