uid,namedLocation,domainID,siteID,plotID,trapID,setDate,collectDate,processingDate,etOHChangeDate,identifiedDate,sampleID,subsampleID,sampleType,taxonID,scientificName,taxonRank,identificationQualifier,scientificNameAuthorship,morphospeciesID,individualCount,identificationReferences,identifiedBy,recordedBy,remarks
"64e47e9e-8d32-4b2d-ac7c-dff23d4093a0","JORN_001.basePlot.bet","D14","JORN","JORN_001","E","2015-08-20","2015-09-03","2015-09-03","2015-09-23",,"JORN_001.E.20150903","3v6e8eJloSqFNjUZseBNcXXsbsp9sDVz/T6o0rc28/g=","invert bycatch",,,,,,,,,,"cyBtucnFNGpJI8jm2+Rz1Zm1rXj26jk9",
"7c78563d-6cb1-474c-9e82-2f6de5a632f2","JORN_002.basePlot.bet","D14","JORN","JORN_002","E","2015-08-20","2015-09-03","2015-09-03","2015-09-23",,"JORN_002.E.20150903","2j1n+GhCoGb0EwyjU16doXXjPfXfE9gkNhvsTF4UIFk=","invert bycatch",,,,,,,,,,"cyBtucnFNGpJI8jm2+Rz1Zm1rXj26jk9",
"b1bbde73-113a-46c6-85ac-0c8d926f7105","JORN_007.basePlot.bet","D14","JORN","JORN_007","E","2015-08-20","2015-09-03","2015-09-03","2015-09-24",,"JORN_007.E.20150903","VAvCuiXwPERFi088VRdIASasienKVFCYyubRJ7CwJdw=","invert bycatch",,,,,,,,,,"cyBtucnFNGpJI8jm2+Rz1Zm1rXj26jk9",
"97736290-afec-429e-b83c-b99be76d310d","JORN_006.basePlot.bet","D14","JORN","JORN_006","E","2015-08-20","2015-09-03","2015-09-03","2015-09-24","2015-11-19","JORN_006.E.20150903","Z5DETg5NA9A8k+kCUdAUmPGHBkycw8lw4fztL1hoEs4=","carabid","CARSP14","Carabidae sp.","family",,"Latreille","D14.2015.MorphG",1,"Arnett Jr., R. H., and M. C. Thomas. 2001. American Beetles Archosemata, Myxophaga, Adephaga, Polyphaga: Staphyliniformia. 1st Vol. (C. Press, Ed.). 1st Ed. Boca Raton, FL.","a0DIygQs4rguY6Ey57+V6npgK+c4E00t","cyBtucnFNGpJI8jm2+Rz1Zm1rXj26jk9","thought to be Tetragonderus pallidus"
"662fc12e-afa8-47cb-84e2-be15323eb5f7","JORN_006.basePlot.bet","D14","JORN","JORN_006","E","2015-08-20","2015-09-03","2015-09-03","2015-09-24",,"JORN_006.E.20150903","Z5DETg5NA9A8k+kCUdAUmGxkwlIQM+C8cT54kZcPz4U=","invert bycatch",,,,,,,,,,"cyBtucnFNGpJI8jm2+Rz1Zm1rXj26jk9",
"5f69d921-1772-4a2d-b8b8-a9ec62795a32","JORN_005.basePlot.bet","D14","JORN","JORN_005","E","2015-08-20","2015-09-03","2015-09-03","2015-09-24",,"JORN_005.E.20150903","aOplpjduR3TtZEjpaGSqEWnrNUmgl0Xy3Adku8xsW3c=","invert bycatch",,,,,,,,,,"cyBtucnFNGpJI8jm2+Rz1Zm1rXj26jk9",
"64a7a942-251b-4dbe-94e0-229cdbcaf42b","JORN_007.basePlot.bet","D14","JORN","JORN_007","E","2015-08-20","2015-09-03","2015-09-03","2015-09-24","2015-11-19","JORN_007.E.20150903","VAvCuiXwPERFi088VRdIAdRaClgaYZOjwWScTsZFhgU=","carabid","CARSP14","Carabidae sp.","family",,"Latreille","D14.2015.MorphJ",1,"Arnett Jr., R. H., and M. C. Thomas. 2001. American Beetles Archosemata, Myxophaga, Adephaga, Polyphaga: Staphyliniformia. 1st Vol. (C. Press, Ed.). 1st Ed. Boca Raton, FL.","a0DIygQs4rguY6Ey57+V6npgK+c4E00t","cyBtucnFNGpJI8jm2+Rz1Zm1rXj26jk9","9-10mm medium brown color with slender body striated elytra square pronotum"
"9a0d124e-17c1-4374-953f-2ceb0bdd8e00","JORN_008.basePlot.bet","D14","JORN","JORN_008","E","2015-08-20","2015-09-03","2015-09-03","2015-10-03",,"JORN_008.E.20150903","eTKs083kZ6H1RSQN3UxLX3sOU0UgtL47LglDQcqqkPo=","invert bycatch",,,,,,,,,,"a0DIygQs4rguY6Ey57+V6npgK+c4E00t",
"8addcdbe-3ff2-458b-9fc4-ab4679c2a750","JORN_009.basePlot.bet","D14","JORN","JORN_009","E","2015-08-20","2015-09-03","2015-09-03","2015-10-03",,"JORN_009.E.20150903","y6i9xP3scmMceIq6qKOFK3qHpcYKdoaUuLKJcNcUgfE=","invert bycatch",,,,,,,,,,"a0DIygQs4rguY6Ey57+V6npgK+c4E00t",
"7f9beb31-ad2e-4f96-a5d7-40197cd8cd69","JORN_010.basePlot.bet","D14","JORN","JORN_010","E","2015-08-20","2015-09-03","2015-09-03","2015-09-15","2015-09-15","JORN_010.E.20150903","7i+fBpY+jSAYRS3Hdx8+FxYLzbVzu5SG8CojQpUVRWY=","vert bycatch herp","UTASTA","Uta stansburiana","species",,"Baird and Girard",,1,"Other","hRRZynJPKTlgBISZmXSv66FsQZ5BztHH","a0DIygQs4rguY6Ey57+V6npgK+c4E00t",
"ad8f5bcd-1fa0-456e-b255-7d845136959a","JORN_010.basePlot.bet","D14","JORN","JORN_010","E","2015-08-20","2015-09-03","2015-09-03","2015-10-04","2015-11-19","JORN_010.E.20150903","7i+fBpY+jSAYRS3Hdx8+F2XnXePhzISL/OQTBFLbprc=","carabid","CARSP14","Carabidae sp.","family",,"Latreille","D14.2015.MorphG",2,"Arnett Jr., R. H., and M. C. Thomas. 2001. American Beetles Archosemata, Myxophaga, Adephaga, Polyphaga: Staphyliniformia. 1st Vol. (C. Press, Ed.). 1st Ed. Boca Raton, FL.","a0DIygQs4rguY6Ey57+V6npgK+c4E00t","a0DIygQs4rguY6Ey57+V6npgK+c4E00t","thought to be Tetragonderus pallidus"
"754ffb65-ef68-40ec-87e7-16f76e494c6e","JORN_010.basePlot.bet","D14","JORN","JORN_010","E","2015-08-20","2015-09-03","2015-09-03","2015-10-04",,"JORN_010.E.20150903","7i+fBpY+jSAYRS3Hdx8+FxJgQsbq9AloewdMPB4BHdQ=","invert bycatch",,,,,,,,,,"a0DIygQs4rguY6Ey57+V6npgK+c4E00t",
"1d8753bc-37ba-443f-ab6a-81eef3e070d1","JORN_003.basePlot.bet","D14","JORN","JORN_003","E","2015-08-20","2015-09-03","2015-09-03","2015-09-23","2015-11-19","JORN_003.E.20150903","vMYzv3M3ch1/iMAyM9rGqNo9yndRr6vJlkQH4F0vWYg=","carabid","CARSP14","Carabidae sp.","family",,"Latreille","D14.2015.MorphG",2,"Arnett Jr., R. H., and M. C. Thomas. 2001. American Beetles Archosemata, Myxophaga, Adephaga, Polyphaga: Staphyliniformia. 1st Vol. (C. Press, Ed.). 1st Ed. Boca Raton, FL.","a0DIygQs4rguY6Ey57+V6npgK+c4E00t","cyBtucnFNGpJI8jm2+Rz1Zm1rXj26jk9","thought to be Tetragonderus pallidus"
"a41475d2-8a91-4e35-92b5-190e5ea6e8c6","JORN_003.basePlot.bet","D14","JORN","JORN_003","E","2015-08-20","2015-09-03","2015-09-03","2015-09-23",,"JORN_003.E.20150903","vMYzv3M3ch1/iMAyM9rGqAtM936ca4DgUgay+9uW9bQ=","invert bycatch",,,,,,,,,,"cyBtucnFNGpJI8jm2+Rz1Zm1rXj26jk9",
"7c18025b-e3f1-4e9d-aeb8-115e304e579e","JORN_004.basePlot.bet","D14","JORN","JORN_004","E","2015-08-20","2015-09-03","2015-09-03","2015-09-23",,"JORN_004.E.20150903","uZCwT0U74ceA5MK6L1qCx+abqIbYvtFuJy34euEujLQ=","invert bycatch",,,,,,,,,,"cyBtucnFNGpJI8jm2+Rz1Zm1rXj26jk9",
"6fe01da5-1d7e-4b71-9e85-c5650c1e2c51","JORN_002.basePlot.bet","D14","JORN","JORN_002","N","2015-08-20","2015-09-03","2015-09-03","2015-09-23",,"JORN_002.N.20150903","2j1n+GhCoGZSCDOYRf237XFFLcnsCJ0hZMDydwKJR1o=","invert bycatch",,,,,,,,,,"cyBtucnFNGpJI8jm2+Rz1Zm1rXj26jk9",
"aab5c5fb-d5c6-425d-8acd-b7e59e7e4a54","JORN_001.basePlot.bet","D14","JORN","JORN_001","N","2015-08-20","2015-09-03","2015-09-03","2015-09-23",,"JORN_001.N.20150903","3v6e8eJloSqrnMvjzElrL8AXkoKxl/EaLrp7jhl7R6s=","invert bycatch",,,,,,,,,,"cyBtucnFNGpJI8jm2+Rz1Zm1rXj26jk9",
"c4fe8007-a844-4f0b-bc4d-8a7226efc0e4","JORN_008.basePlot.bet","D14","JORN","JORN_008","N","2015-08-20","2015-09-03","2015-09-03","2015-10-03",,"JORN_008.N.20150903","eTKs083kZ6GXpxIDUeEgQgtGMPuLnD3NKDH0G5ftdYg=","invert bycatch",,,,,,,,,,"cyBtucnFNGpJI8jm2+Rz1Zm1rXj26jk9",
"21cb94f9-7971-4fa3-8c15-7ba865462742","JORN_003.basePlot.bet","D14","JORN","JORN_003","N","2015-08-20","2015-09-03","2015-09-03","2015-09-23",,"JORN_003.N.20150903","vMYzv3M3ch3FkMeMmMf44xIf+tzBG9i4OyqoCJmJqms=","invert bycatch",,,,,,,,,,"cyBtucnFNGpJI8jm2+Rz1Zm1rXj26jk9",
"06664bba-cc93-4863-8e13-85359ca86a45","JORN_004.basePlot.bet","D14","JORN","JORN_004","N","2015-08-20","2015-09-03","2015-09-03","2015-09-23",,"JORN_004.N.20150903","uZCwT0U74cc4zAWixWC02QXv7KVnwvCrwHMFFP3HDqU=","invert bycatch",,,,,,,,,,"cyBtucnFNGpJI8jm2+Rz1Zm1rXj26jk9",
"8a427d01-6404-44bd-bf5f-52cce9573421","JORN_009.basePlot.bet","D14","JORN","JORN_009","N","2015-08-20","2015-09-03","2015-09-03","2015-10-03",,"JORN_009.N.20150903","y6i9xP3scmN0sjT83F1pwZGeG68NX16+oSFcbVWhNFo=","invert bycatch",,,,,,,,,,"a0DIygQs4rguY6Ey57+V6npgK+c4E00t",
"9821eadf-3359-4be0-8581-e84274a2db0b","JORN_006.basePlot.bet","D14","JORN","JORN_006","N","2015-08-20","2015-09-03","2015-09-03","2015-09-24",,"JORN_006.N.20150903","Z5DETg5NA9BPU5q6M0qCPvyROoMzXvzM+GbGrxt5PTs=","invert bycatch",,,,,,,,,,"cyBtucnFNGpJI8jm2+Rz1Zm1rXj26jk9",
"74ed3f9f-73c6-4b49-a59f-1ad4170d9ed5","JORN_007.basePlot.bet","D14","JORN","JORN_007","N","2015-08-20","2015-09-03","2015-09-03","2015-09-24",,"JORN_007.N.20150903","VAvCuiXwPET2oVWgRBvVr1Kf9JV24i2zxlPA5F37cL8=","invert bycatch",,,,,,,,,,"cyBtucnFNGpJI8jm2+Rz1Zm1rXj26jk9",
"817cef7e-5184-44e0-b8c6-07468b6d7d9f","JORN_005.basePlot.bet","D14","JORN","JORN_005","N","2015-08-20","2015-09-03","2015-09-03","2015-09-24",,"JORN_005.N.20150903","aOplpjduR3SqybSQRHZZqPJTV6nRORfYWLWov8ofHEM=","invert bycatch",,,,,,,,,,"cyBtucnFNGpJI8jm2+Rz1Zm1rXj26jk9",
"3cfd3591-3031-4e6d-a65b-3e8b124a3ab4","JORN_006.basePlot.bet","D14","JORN","JORN_006","S","2015-08-20","2015-09-03","2015-09-03","2015-09-24","2015-11-19","JORN_006.S.20150903","Z5DETg5NA9CEkCEXAmtgfkJb+6OxpYLA+ZlohxZiJIA=","carabid","CARSP14","Carabidae sp.","family",,"Latreille","D14.2015.MorphG",1,"Arnett Jr., R. H., and M. C. Thomas. 2001. American Beetles Archosemata, Myxophaga, Adephaga, Polyphaga: Staphyliniformia. 1st Vol. (C. Press, Ed.). 1st Ed. Boca Raton, FL.","a0DIygQs4rguY6Ey57+V6npgK+c4E00t","cyBtucnFNGpJI8jm2+Rz1Zm1rXj26jk9","thought to be Tetragonderus pallidus"
"ba739166-14ed-411a-8238-03f14fc26b07","JORN_006.basePlot.bet","D14","JORN","JORN_006","S","2015-08-20","2015-09-03","2015-09-03","2015-09-24",,"JORN_006.S.20150903","Z5DETg5NA9CEkCEXAmtgfhM0D8asqNfWptj/hKPPtQs=","invert bycatch",,,,,,,,,,"cyBtucnFNGpJI8jm2+Rz1Zm1rXj26jk9",
"9ffb53ae-ec0f-4711-9695-11f4f3722056","JORN_007.basePlot.bet","D14","JORN","JORN_007","S","2015-08-20","2015-09-03","2015-09-03","2015-09-24",,"JORN_007.S.20150903","VAvCuiXwPETxg0tZ5sUq7BT6Oy5ZEaaqPHOjvQJGajY=","invert bycatch",,,,,,,,,,"cyBtucnFNGpJI8jm2+Rz1Zm1rXj26jk9",
"fb9681d7-c33c-4009-b4fc-d6438044d988","JORN_005.basePlot.bet","D14","JORN","JORN_005","S","2015-08-20","2015-09-03","2015-09-03","2015-09-24",,"JORN_005.S.20150903","aOplpjduR3TmXJHEx02r61vU0jN0xtbmp+gpJ3vhB40=","invert bycatch",,,,,,,,,,"cyBtucnFNGpJI8jm2+Rz1Zm1rXj26jk9",
"a0e4be3a-7bd7-4481-938d-699d6b3e8497","JORN_006.basePlot.bet","D14","JORN","JORN_006","S","2015-08-20","2015-09-03","2015-09-03","2015-09-15","2015-09-15","JORN_006.S.20150903","Z5DETg5NA9CEkCEXAmtgfi49KOSUgtQIjtvqBJJKjCo=","vert bycatch herp","UTASTA","Uta stansburiana","species",,"Baird and Girard",,1,"Other","hRRZynJPKTlgBISZmXSv66FsQZ5BztHH","cyBtucnFNGpJI8jm2+Rz1Zm1rXj26jk9",
"ead7c8b8-f75f-4047-b28f-2b88b5d7ce21","JORN_009.basePlot.bet","D14","JORN","JORN_009","S","2015-08-20","2015-09-03","2015-09-03","2015-10-03",,"JORN_009.S.20150903","y6i9xP3scmNpFh5h/MaSD8IYjB/yt5dJ5kJ3Mb0LrVQ=","invert bycatch",,,,,,,,,,"a0DIygQs4rguY6Ey57+V6npgK+c4E00t",
"7f2942ea-37a2-495e-824f-055c203943bd","JORN_003.basePlot.bet","D14","JORN","JORN_003","S","2015-08-20","2015-09-03","2015-09-03","2015-09-23",,"JORN_003.S.20150903","vMYzv3M3ch16O1qnlnCBMLaCtiEV6CS8YxW+NKuZHOU=","invert bycatch",,,,,,,,,,"cyBtucnFNGpJI8jm2+Rz1Zm1rXj26jk9",
"29be7fea-68a8-4589-9cb8-26567e0e72dc","JORN_004.basePlot.bet","D14","JORN","JORN_004","S","2015-08-20","2015-09-03","2015-09-03","2015-09-23",,"JORN_004.S.20150903","uZCwT0U74cdeoJMUGTEwgKxypO3qL6epPGlNj4zzMeA=","invert bycatch",,,,,,,,,,"cyBtucnFNGpJI8jm2+Rz1Zm1rXj26jk9",
"fa84e6a0-ed6d-4e07-9bc7-056ebf1e7ba7","JORN_004.basePlot.bet","D14","JORN","JORN_004","S","2015-08-20","2015-09-03","2015-09-03","2015-09-23","2015-11-19","JORN_004.S.20150903","uZCwT0U74cdeoJMUGTEwgGYtRu+YhibBEwuaamLaO4k=","carabid","CARSP14","Carabidae sp.","family","cf. species","Latreille","D14.2015.MorphH",1,"Arnett Jr., R. H., and M. C. Thomas. 2001. American Beetles Archosemata, Myxophaga, Adephaga, Polyphaga: Staphyliniformia. 1st Vol. (C. Press, Ed.). 1st Ed. Boca Raton, FL.","a0DIygQs4rguY6Ey57+V6npgK+c4E00t","cyBtucnFNGpJI8jm2+Rz1Zm1rXj26jk9","Pasimachus (Depressus group)"
"9261bb11-5759-49ab-867f-6f36884a2f86","JORN_010.basePlot.bet","D14","JORN","JORN_010","S","2015-08-20","2015-09-03","2015-09-03","2015-10-04",,"JORN_010.S.20150903","7i+fBpY+jSAfQb1Q45XhLqvrA1NHrIADu109onwlnt8=","invert bycatch",,,,,,,,,,"a0DIygQs4rguY6Ey57+V6npgK+c4E00t",
"66c9dd5f-c823-4429-aa1d-4b1902cc45b2","JORN_010.basePlot.bet","D14","JORN","JORN_010","S","2015-08-20","2015-09-03","2015-09-03","2015-10-04","2015-11-19","JORN_010.S.20150903","7i+fBpY+jSAfQb1Q45XhLnvWyeCmHFzAYVty66kYCIA=","carabid","CARSP14","Carabidae sp.","family",,"Latreille","D14.2015.MorphE",1,"Arnett Jr., R. H., and M. C. Thomas. 2001. American Beetles Archosemata, Myxophaga, Adephaga, Polyphaga: Staphyliniformia. 1st Vol. (C. Press, Ed.). 1st Ed. Boca Raton, FL.","a0DIygQs4rguY6Ey57+V6npgK+c4E00t","a0DIygQs4rguY6Ey57+V6npgK+c4E00t","approx 8 mm in length, black upper, brown underneath, cleavage on pronotum, no punctures on elytra"
"f63bd7e1-7d88-44ad-bbb9-cec04e3a8d4e","JORN_002.basePlot.bet","D14","JORN","JORN_002","S","2015-08-20","2015-09-03","2015-09-03","2015-09-23",,"JORN_002.S.20150903","2j1n+GhCoGYbKtaO6/sc4Ez12CNh1jGYvREAqGj06Rw=","invert bycatch",,,,,,,,,,"cyBtucnFNGpJI8jm2+Rz1Zm1rXj26jk9",
"0da2a884-aabe-47aa-8ea9-d8c97728226d","JORN_008.basePlot.bet","D14","JORN","JORN_008","S","2015-08-20","2015-09-03","2015-09-03","2015-10-03",,"JORN_008.S.20150903","eTKs083kZ6HRIW4rsWXP+TUiH/cSB1ptGbjdAwtSwzQ=","invert bycatch",,,,,,,,,,"a0DIygQs4rguY6Ey57+V6npgK+c4E00t",
"6558423d-4115-4d85-bec2-a81cbe11e340","JORN_007.basePlot.bet","D14","JORN","JORN_007","W","2015-08-20","2015-09-03","2015-09-03","2015-09-24",,"JORN_007.W.20150903","VAvCuiXwPER4RSqKIm38lZI656X0RKe3XHtaLsUBZeg=","invert bycatch",,,,,,,,,,"cyBtucnFNGpJI8jm2+Rz1Zm1rXj26jk9",
"f45e5b7e-422a-4107-b2b4-b46c4bf6bd04","JORN_001.basePlot.bet","D14","JORN","JORN_001","W","2015-08-20","2015-09-03","2015-09-03","2015-09-23",,"JORN_001.W.20150903","3v6e8eJloSoWLu6C+JQGWJVy+xOLJFsv7OescmTxTHk=","invert bycatch",,,,,,,,,,"cyBtucnFNGpJI8jm2+Rz1Zm1rXj26jk9",
"ec0221e0-aebe-4d9f-b0cd-93afcbf8d631","JORN_005.basePlot.bet","D14","JORN","JORN_005","W","2015-08-20","2015-09-03","2015-09-03","2015-09-15","2015-09-15","JORN_005.W.20150903","aOplpjduR3QaoG9NSRDTy+R+KDh0+YEyAFCR9PasOcs=","vert bycatch herp","ASPNEO","Aspidoscelis neomexicana","species",,"Lowe and Zweifel",,1,"Other","hRRZynJPKTlgBISZmXSv66FsQZ5BztHH","cyBtucnFNGpJI8jm2+Rz1Zm1rXj26jk9",
"be359b5e-8127-41ed-b0b3-ea854079bd5e","JORN_005.basePlot.bet","D14","JORN","JORN_005","W","2015-08-20","2015-09-03","2015-09-03","2015-09-24",,"JORN_005.W.20150903","aOplpjduR3QaoG9NSRDTy3uzI0iZx40XvZysJsokklA=","invert bycatch",,,,,,,,,,"cyBtucnFNGpJI8jm2+Rz1Zm1rXj26jk9",
"4b3c824f-f64b-4fbf-b223-a6ba6c1b3f21","JORN_006.basePlot.bet","D14","JORN","JORN_006","W","2015-08-20","2015-09-03","2015-09-03","2015-09-24","2015-11-19","JORN_006.W.20150903","Z5DETg5NA9A7xc+lpOlbnA9LIyDTiju9lwHwPt6tnMw=","carabid","CARSP14","Carabidae sp.","family",,"Latreille","D14.2015.MorphG",1,"Arnett Jr., R. H., and M. C. Thomas. 2001. American Beetles Archosemata, Myxophaga, Adephaga, Polyphaga: Staphyliniformia. 1st Vol. (C. Press, Ed.). 1st Ed. Boca Raton, FL.","a0DIygQs4rguY6Ey57+V6npgK+c4E00t","cyBtucnFNGpJI8jm2+Rz1Zm1rXj26jk9","thought to be Tetragonderus pallidus"
"0baf198d-c5a2-4f17-aff8-3dfc0fec68d1","JORN_006.basePlot.bet","D14","JORN","JORN_006","W","2015-08-20","2015-09-03","2015-09-03","2015-09-24",,"JORN_006.W.20150903","Z5DETg5NA9A7xc+lpOlbnGAHzhXeh2poZxYzAHi1Z1A=","invert bycatch",,,,,,,,,,"cyBtucnFNGpJI8jm2+Rz1Zm1rXj26jk9",
"935e21c2-eb3e-4ba1-9b56-f1ead32a182e","JORN_004.basePlot.bet","D14","JORN","JORN_004","W","2015-08-20","2015-09-03","2015-09-03","2015-09-23",,"JORN_004.W.20150903","uZCwT0U74cfDCTgShBeUgxBCq9VfRb+ko4e+8ROAjpg=","invert bycatch",,,,,,,,,,"cyBtucnFNGpJI8jm2+Rz1Zm1rXj26jk9",
"94b8a28c-6601-4e26-ae76-4d1eeef77c7d","JORN_009.basePlot.bet","D14","JORN","JORN_009","W","2015-08-20","2015-09-03","2015-09-03","2015-10-03","2015-11-19","JORN_009.W.20150903","y6i9xP3scmPZuxPLs8eY9xgQBpODDt6fQrx3gKkgQnQ=","carabid","CARSP14","Carabidae sp.","family",,"Latreille","D14.2015.MorphE",1,"Arnett Jr., R. H., and M. C. Thomas. 2001. American Beetles Archosemata, Myxophaga, Adephaga, Polyphaga: Staphyliniformia. 1st Vol. (C. Press, Ed.). 1st Ed. Boca Raton, FL.","a0DIygQs4rguY6Ey57+V6npgK+c4E00t","a0DIygQs4rguY6Ey57+V6npgK+c4E00t","thought to be Tetragonderus pallidus"
"924c21ca-9dcc-4cba-af7e-04e9769458bb","JORN_009.basePlot.bet","D14","JORN","JORN_009","W","2015-08-20","2015-09-03","2015-09-03","2015-10-03",,"JORN_009.W.20150903","y6i9xP3scmPZuxPLs8eY95fMMn9Ft2J7B9GNMlJintY=","invert bycatch",,,,,,,,,,"a0DIygQs4rguY6Ey57+V6npgK+c4E00t",
"be4b66c7-8f35-463a-9bc6-a8118dd7ce0e","JORN_003.basePlot.bet","D14","JORN","JORN_003","W","2015-08-20","2015-09-03","2015-09-03","2015-09-23",,"JORN_003.W.20150903","vMYzv3M3ch3JSUow335Jr9TVdESXZKBd3njr3UgSEk4=","invert bycatch",,,,,,,,,,"cyBtucnFNGpJI8jm2+Rz1Zm1rXj26jk9",
"198d5e0a-48bd-4af8-a217-ec61465c08ab","JORN_008.basePlot.bet","D14","JORN","JORN_008","W","2015-08-20","2015-09-03","2015-09-03","2015-09-24",,"JORN_008.W.20150903","eTKs083kZ6Gyd/wXwoGNYSO/83fkb2Wc1GEiZCav6pM=","invert bycatch",,,,,,,,,,"cyBtucnFNGpJI8jm2+Rz1Zm1rXj26jk9",
"7838e7d9-1b48-431f-ad7d-89e6b8d9bbf8","JORN_008.basePlot.bet","D14","JORN","JORN_008","W","2015-08-20","2015-09-03","2015-09-03","2015-09-24","2015-11-19","JORN_008.W.20150903","eTKs083kZ6Gyd/wXwoGNYXSOMTG5VUjnPY3Jrnqaj0s=","carabid","CARSP14","Carabidae sp.","family",,"Latreille","D14.2015.MorphG",1,"Arnett Jr., R. H., and M. C. Thomas. 2001. American Beetles Archosemata, Myxophaga, Adephaga, Polyphaga: Staphyliniformia. 1st Vol. (C. Press, Ed.). 1st Ed. Boca Raton, FL.","a0DIygQs4rguY6Ey57+V6npgK+c4E00t","cyBtucnFNGpJI8jm2+Rz1Zm1rXj26jk9","thought to be Tetragonderus pallidus"
"9d60eed9-91ac-407a-934e-c256d5de9ccf","JORN_002.basePlot.bet","D14","JORN","JORN_002","W","2015-08-20","2015-09-03","2015-09-03","2015-09-23",,"JORN_002.W.20150903","2j1n+GhCoGZm/Y/uB1XvGtEtGhrhJcLyVJf1o2Pvnvc=","invert bycatch",,,,,,,,,,"cyBtucnFNGpJI8jm2+Rz1Zm1rXj26jk9",
"80df8a36-fe00-47df-9676-61234c342c82","JORN_010.basePlot.bet","D14","JORN","JORN_010","W","2015-08-20","2015-09-03","2015-09-03","2015-10-04",,"JORN_010.W.20150903","7i+fBpY+jSB+S8xdtKEZFJ1YAxFpO9nx9GOus7KZak0=","invert bycatch",,,,,,,,,,"a0DIygQs4rguY6Ey57+V6npgK+c4E00t",
"4d9d5e8e-b224-4781-bc2e-460a8b13c56c","JORN_005.basePlot.bet","D14","JORN","JORN_005","E","2015-09-03","2015-09-17","2015-09-17","2015-10-04",,"JORN_005.E.20150917","aOplpjduR3TtZEjpaGSqET5qc+YSQd/BGNo7idh70iE=","invert bycatch",,,,,,,,,,"a0DIygQs4rguY6Ey57+V6npgK+c4E00t",
"fc9fe2c4-b027-4212-b60d-d1677e039e45","JORN_007.basePlot.bet","D14","JORN","JORN_007","W","2015-09-03","2015-09-17","2015-09-17","2015-11-02",,"JORN_007.W.20150917","VAvCuiXwPER4RSqKIm38lQVo2SZqUygJJRMnHO/WS2Q=","invert bycatch",,,,,,,,,,"a0DIygQs4rguY6Ey57+V6npgK+c4E00t",
"64dd703c-749e-4421-a11b-97e866365600","JORN_004.basePlot.bet","D14","JORN","JORN_004","E","2015-09-03","2015-09-17","2015-09-17","2015-10-04",,"JORN_004.E.20150917","uZCwT0U74ceA5MK6L1qCx72K2YYsVuPHAQbCICuM07o=","invert bycatch",,,,,,,,,,"a0DIygQs4rguY6Ey57+V6npgK+c4E00t",
"2bcb1b0a-c58d-4d82-be4e-dba9ca219bc8","JORN_006.basePlot.bet","D14","JORN","JORN_006","E","2015-09-03","2015-09-17","2015-09-17","2015-11-02",,"JORN_006.E.20150917","Z5DETg5NA9A8k+kCUdAUmKZWROOBTpv6KmXSYLBmgi0=","invert bycatch",,,,,,,,,,"a0DIygQs4rguY6Ey57+V6npgK+c4E00t",
"96be9037-304e-4fe7-9526-0afb6b77d677","JORN_002.basePlot.bet","D14","JORN","JORN_002","E","2015-09-03","2015-09-17","2015-09-17","2015-10-04",,"JORN_002.E.20150917","2j1n+GhCoGb0EwyjU16doT0gMViUIZC4Q92+fbcQ3lg=","invert bycatch",,,,,,,,,,"a0DIygQs4rguY6Ey57+V6npgK+c4E00t",
"966f9ba1-1f64-49d9-89af-776a7d9d5e78","JORN_002.basePlot.bet","D14","JORN","JORN_002","E","2015-09-03","2015-09-17","2015-09-17","2015-09-23","2015-09-23","JORN_002.E.20150917","2j1n+GhCoGb0EwyjU16dobJyYmRmkRacDk+kqXNpUWo=","vert bycatch herp","UTASTA","Uta stansburiana","species",,"Baird and Girard",,1,"Other","hRRZynJPKTlgBISZmXSv66FsQZ5BztHH","a0DIygQs4rguY6Ey57+V6npgK+c4E00t",
"b2182c2a-df0b-444a-a559-47aa303f9799","JORN_003.basePlot.bet","D14","JORN","JORN_003","E","2015-09-03","2015-09-17","2015-09-17","2015-10-04",,"JORN_003.E.20150917","vMYzv3M3ch1/iMAyM9rGqDzmWGCX23dNlpk9RyrAVwc=","invert bycatch",,,,,,,,,,"a0DIygQs4rguY6Ey57+V6npgK+c4E00t",
"9933424e-f2f8-4090-82f9-cb013c7c8fb4","JORN_010.basePlot.bet","D14","JORN","JORN_010","E","2015-09-03","2015-09-17","2015-09-17","2015-11-03",,"JORN_010.E.20150917","7i+fBpY+jSAYRS3Hdx8+F+omfsth8CrI3fRPDYK4sUg=","invert bycatch",,,,,,,,,,"a0DIygQs4rguY6Ey57+V6npgK+c4E00t",
"477c0f69-40e2-4979-9791-3e8650d24755","JORN_008.basePlot.bet","D14","JORN","JORN_008","E","2015-09-03","2015-09-17","2015-09-17","2015-11-03",,"JORN_008.E.20150917","eTKs083kZ6H1RSQN3UxLX5owntl9gBowISkrFzSbDwA=","invert bycatch",,,,,,,,,,"a0DIygQs4rguY6Ey57+V6npgK+c4E00t",
"93015284-b14e-46ca-a4e0-32f09a519ff0","JORN_007.basePlot.bet","D14","JORN","JORN_007","E","2015-09-03","2015-09-17","2015-09-17","2015-11-02",,"JORN_007.E.20150917","VAvCuiXwPERFi088VRdIAc4RkNrFxF5NsoxWck2xILY=","invert bycatch",,,,,,,,,,"a0DIygQs4rguY6Ey57+V6npgK+c4E00t",
"bfdd8f10-e449-42e4-b08c-7a36feacb468","JORN_007.basePlot.bet","D14","JORN","JORN_007","E","2015-09-03","2015-09-17","2015-09-17","2015-09-23","2015-09-23","JORN_007.E.20150917","VAvCuiXwPERFi088VRdIAYT62011b+qKap9CIlWV0tA=","vert bycatch herp","SCEUND","Sceloporus undulatus","species",,"Bosc and Daudin in Sonnini and Latreille",,1,"Other","hRRZynJPKTlgBISZmXSv66FsQZ5BztHH","a0DIygQs4rguY6Ey57+V6npgK+c4E00t",
"8256f210-7d72-49c7-843c-fe772d355bc2","JORN_009.basePlot.bet","D14","JORN","JORN_009","E","2015-09-03","2015-09-17","2015-09-17","2015-11-03",,"JORN_009.E.20150917","y6i9xP3scmMceIq6qKOFK8EFF+fiQRciLNKOO8BFGrI=","invert bycatch",,,,,,,,,,"a0DIygQs4rguY6Ey57+V6npgK+c4E00t",
"6c5cfa1b-956a-47d6-ae5b-b6abf9e925b1","JORN_009.basePlot.bet","D14","JORN","JORN_009","E","2015-09-03","2015-09-17","2015-09-17","2015-11-03","2015-11-19","JORN_009.E.20150917","y6i9xP3scmMceIq6qKOFKye3c6ffLQx5MHv12mlmluc=","carabid","CARSP14","Carabidae sp.","family",,"Latreille","D14.2015.MorphG",1,"Arnett Jr., R. H., and M. C. Thomas. 2001. American Beetles Archosemata, Myxophaga, Adephaga, Polyphaga: Staphyliniformia. 1st Vol. (C. Press, Ed.). 1st Ed. Boca Raton, FL.","a0DIygQs4rguY6Ey57+V6npgK+c4E00t","a0DIygQs4rguY6Ey57+V6npgK+c4E00t","thought to be Tetragonderus pallidus"
"380c2fb5-eed0-4db2-ad77-a4f90d5e835b","JORN_002.basePlot.bet","D14","JORN","JORN_002","N","2015-09-03","2015-09-17","2015-09-17","2015-10-04",,"JORN_002.N.20150917","2j1n+GhCoGZSCDOYRf237cm4PpiNYDUpq9UckVT8f+E=","invert bycatch",,,,,,,,,,"a0DIygQs4rguY6Ey57+V6npgK+c4E00t",
"a25ce24e-4595-4bf9-b773-38dd4ea33f1e","JORN_007.basePlot.bet","D14","JORN","JORN_007","N","2015-09-03","2015-09-17","2015-09-17","2015-11-02",,"JORN_007.N.20150917","VAvCuiXwPET2oVWgRBvVr2In1sjqTY2Yj5/RYWQDa6g=","invert bycatch",,,,,,,,,,"a0DIygQs4rguY6Ey57+V6npgK+c4E00t",
"d24e0c25-551c-4b7d-b006-da2f0140f4c4","JORN_001.basePlot.bet","D14","JORN","JORN_001","N","2015-09-03","2015-09-17","2015-09-17","2015-10-04",,"JORN_001.N.20150917","3v6e8eJloSqrnMvjzElrLwoSMAzXHrWJq/1pMEOdHBM=","invert bycatch",,,,,,,,,,"a0DIygQs4rguY6Ey57+V6npgK+c4E00t",
"f668c3a6-026e-4bba-aa44-e1fe8600ce28","JORN_007.basePlot.bet","D14","JORN","JORN_007","N","2015-09-03","2015-09-17","2015-09-17","2015-09-23","2015-09-23","JORN_007.N.20150917","VAvCuiXwPET2oVWgRBvVr/OIncQNrZkYLvX9SlTzZO4=","vert bycatch herp","SCEUND","Sceloporus undulatus","species",,"Bosc and Daudin in Sonnini and Latreille",,1,"Other","hRRZynJPKTlgBISZmXSv66FsQZ5BztHH","a0DIygQs4rguY6Ey57+V6npgK+c4E00t",
"383ce171-1954-478d-8caa-70ac31d281c0","JORN_009.basePlot.bet","D14","JORN","JORN_009","N","2015-09-03","2015-09-17","2015-09-17","2015-11-03",,"JORN_009.N.20150917","y6i9xP3scmN0sjT83F1pweGyaaZMbARod8yHq9Ec5DY=","invert bycatch",,,,,,,,,,"a0DIygQs4rguY6Ey57+V6npgK+c4E00t",
"8def9fbd-5544-46af-a66a-de61445b56d0","JORN_006.basePlot.bet","D14","JORN","JORN_006","N","2015-09-03","2015-09-17","2015-09-17","2015-11-02",,"JORN_006.N.20150917","Z5DETg5NA9BPU5q6M0qCPhMeTgjqVcwklgxeXCdH1nI=","invert bycatch",,,,,,,,,,"a0DIygQs4rguY6Ey57+V6npgK+c4E00t",
"02a5b9b6-d337-4024-8b2b-5ddd19ea9e6b","JORN_004.basePlot.bet","D14","JORN","JORN_004","N","2015-09-03","2015-09-17","2015-09-17","2015-10-04",,"JORN_004.N.20150917","uZCwT0U74cc4zAWixWC02QB60ltWp8DPBzlei9UhcsE=","invert bycatch",,,,,,,,,,"a0DIygQs4rguY6Ey57+V6npgK+c4E00t",
"f92f5ba8-3a88-4d23-b6bd-170c9d7ac0a3","JORN_006.basePlot.bet","D14","JORN","JORN_006","N","2015-09-03","2015-09-17","2015-09-17","2015-09-23","2015-09-23","JORN_006.N.20150917","Z5DETg5NA9BPU5q6M0qCPoRL2srB6CUB2P9DGp5gFE0=","vert bycatch herp","SCEUND","Sceloporus undulatus","species",,"Bosc and Daudin in Sonnini and Latreille",,2,"Other","hRRZynJPKTlgBISZmXSv66FsQZ5BztHH","a0DIygQs4rguY6Ey57+V6npgK+c4E00t",
"03c18540-f09c-4577-9b33-1a05634964ab","JORN_005.basePlot.bet","D14","JORN","JORN_005","N","2015-09-03","2015-09-17","2015-09-17","2015-10-04",,"JORN_005.N.20150917","aOplpjduR3SqybSQRHZZqAb74BPCKBh4xuZEQ35YFyQ=","invert bycatch",,,,,,,,,,"a0DIygQs4rguY6Ey57+V6npgK+c4E00t",
"c4357ce2-8cde-43e1-87f3-4fdf58689036","JORN_010.basePlot.bet","D14","JORN","JORN_010","N","2015-09-03","2015-09-17","2015-09-17","2015-11-03",,"JORN_010.N.20150917","7i+fBpY+jSDEGoXJvLJzKOQEl15FmqYuNK9qdP1JBkA=","invert bycatch",,,,,,,,,,"a0DIygQs4rguY6Ey57+V6npgK+c4E00t",
"dd31cc90-b14a-48fe-b787-5e5c99e1e32f","JORN_008.basePlot.bet","D14","JORN","JORN_008","N","2015-09-03","2015-09-17","2015-09-17","2015-11-03",,"JORN_008.N.20150917","eTKs083kZ6GXpxIDUeEgQsURmJf9KPMyHHSVJvMskcs=","invert bycatch",,,,,,,,,,"a0DIygQs4rguY6Ey57+V6npgK+c4E00t",
"7c197f5d-15fc-4588-85f5-441d69fc6e2b","JORN_003.basePlot.bet","D14","JORN","JORN_003","N","2015-09-03","2015-09-17","2015-09-17","2015-10-04",,"JORN_003.N.20150917","vMYzv3M3ch3FkMeMmMf4437e4TsZlakSTSDBYolORXs=","invert bycatch",,,,,,,,,,"a0DIygQs4rguY6Ey57+V6npgK+c4E00t",
"8ad162dc-c451-4050-8008-feb988f8c707","JORN_006.basePlot.bet","D14","JORN","JORN_006","S","2015-09-03","2015-09-17","2015-09-17","2015-09-23","2015-09-23","JORN_006.S.20150917","Z5DETg5NA9CEkCEXAmtgfuoJanm3yu/FwG1omjlnwYg=","vert bycatch herp","UTASTA","Uta stansburiana","species",,"Baird and Girard",,1,"Other","hRRZynJPKTlgBISZmXSv66FsQZ5BztHH","a0DIygQs4rguY6Ey57+V6npgK+c4E00t",
"d51a291c-56e5-4b41-a322-a38a2d959200","JORN_001.basePlot.bet","D14","JORN","JORN_001","S","2015-09-03","2015-09-17","2015-09-17","2015-10-04",,"JORN_001.S.20150917","3v6e8eJloSoiVrNClBYfacMemiDxAwIoYzvdQU995B0=","invert bycatch",,,,,,,,,,"a0DIygQs4rguY6Ey57+V6npgK+c4E00t",
"3ebde491-5341-44bb-a059-41ece835f9f9","JORN_007.basePlot.bet","D14","JORN","JORN_007","S","2015-09-03","2015-09-17","2015-09-17","2015-11-02",,"JORN_007.S.20150917","VAvCuiXwPETxg0tZ5sUq7B0J/qnjrXwoYNYTNWlprkw=","invert bycatch",,,,,,,,,,"a0DIygQs4rguY6Ey57+V6npgK+c4E00t",
"b3e890cf-3487-49e6-8ba6-f5d84114908f","JORN_009.basePlot.bet","D14","JORN","JORN_009","S","2015-09-03","2015-09-17","2015-09-17","2015-11-03",,"JORN_009.S.20150917","y6i9xP3scmNpFh5h/MaSDzMRR2QTN7g0faUYiWLJZpc=","invert bycatch",,,,,,,,,,"a0DIygQs4rguY6Ey57+V6npgK+c4E00t",
"0b4c3466-3e0b-4b89-ba06-24f6074c0867","JORN_006.basePlot.bet","D14","JORN","JORN_006","S","2015-09-03","2015-09-17","2015-09-17","2015-11-02","2015-11-19","JORN_006.S.20150917","Z5DETg5NA9CEkCEXAmtgfr7qcKfaahk2Q6nhJM5BgDE=","carabid","CARSP14","Carabidae sp.","family",,"Latreille","D14.2015.MorphG",1,"Arnett Jr., R. H., and M. C. Thomas. 2001. American Beetles Archosemata, Myxophaga, Adephaga, Polyphaga: Staphyliniformia. 1st Vol. (C. Press, Ed.). 1st Ed. Boca Raton, FL.","a0DIygQs4rguY6Ey57+V6npgK+c4E00t","a0DIygQs4rguY6Ey57+V6npgK+c4E00t","thought to be Tetragonderus pallidus"
"f9d0e6a6-63a6-4304-bc8f-c9f231adcea7","JORN_006.basePlot.bet","D14","JORN","JORN_006","S","2015-09-03","2015-09-17","2015-09-17","2015-11-02",,"JORN_006.S.20150917","Z5DETg5NA9CEkCEXAmtgfgtEISz2D0ilWwVsLMS7+FM=","invert bycatch",,,,,,,,,,"a0DIygQs4rguY6Ey57+V6npgK+c4E00t",
"bee3a878-9052-4b12-b0c0-afe96c731d12","JORN_005.basePlot.bet","D14","JORN","JORN_005","S","2015-09-03","2015-09-17","2015-09-17","2015-10-04",,"JORN_005.S.20150917","aOplpjduR3TmXJHEx02r64z1175gnGd1UEk5CFqr5hs=","invert bycatch",,,,,,,,,,"a0DIygQs4rguY6Ey57+V6npgK+c4E00t",
"cda3f3b4-5b8e-4a21-9a75-2cafc278547d","JORN_010.basePlot.bet","D14","JORN","JORN_010","S","2015-09-03","2015-09-17","2015-09-17","2015-11-03",,"JORN_010.S.20150917","7i+fBpY+jSAfQb1Q45XhLg51Cea/Mda4uxGb6r4LpI8=","invert bycatch",,,,,,,,,,"a0DIygQs4rguY6Ey57+V6npgK+c4E00t",
"0805d195-8a6a-4ad1-b56b-12a08c8d461c","JORN_002.basePlot.bet","D14","JORN","JORN_002","S","2015-09-03","2015-09-17","2015-09-17","2015-10-04",,"JORN_002.S.20150917","2j1n+GhCoGYbKtaO6/sc4OVPRrbp3APEUyPxnXWNL9o=","invert bycatch",,,,,,,,,,"a0DIygQs4rguY6Ey57+V6npgK+c4E00t",
"436002a8-b0c0-434b-93e3-1c2148520567","JORN_008.basePlot.bet","D14","JORN","JORN_008","S","2015-09-03","2015-09-17","2015-09-17","2015-11-03",,"JORN_008.S.20150917","eTKs083kZ6HRIW4rsWXP+VpOty5AgY4ELyZ+YCHnMeg=","invert bycatch",,,,,,,,,,"a0DIygQs4rguY6Ey57+V6npgK+c4E00t",
"81b3a5ab-4055-4cd9-b574-df25c447f687","JORN_003.basePlot.bet","D14","JORN","JORN_003","S","2015-09-03","2015-09-17","2015-09-17","2015-10-04",,"JORN_003.S.20150917","vMYzv3M3ch16O1qnlnCBMJKy1wzwk1GQoMMomJPirEA=","invert bycatch",,,,,,,,,,"a0DIygQs4rguY6Ey57+V6npgK+c4E00t",
"6de99f96-28bc-48d5-a53f-5c098fefce69","JORN_004.basePlot.bet","D14","JORN","JORN_004","S","2015-09-03","2015-09-17","2015-09-17","2015-10-04",,"JORN_004.S.20150917","uZCwT0U74cdeoJMUGTEwgPrCMteED1XKCNIBsaumCNI=","invert bycatch",,,,,,,,,,"a0DIygQs4rguY6Ey57+V6npgK+c4E00t",
"6731335b-7914-45a5-9664-7fe7d6ca50a4","JORN_010.basePlot.bet","D14","JORN","JORN_010","W","2015-09-03","2015-09-17","2015-09-17","2015-11-03","2015-11-19","JORN_010.W.20150917","7i+fBpY+jSB+S8xdtKEZFMCDWXSmrCFeisj3mdpQbqU=","carabid","CARSP14","Carabidae sp.","family",,"Latreille","D14.2015.MorphG",1,"Arnett Jr., R. H., and M. C. Thomas. 2001. American Beetles Archosemata, Myxophaga, Adephaga, Polyphaga: Staphyliniformia. 1st Vol. (C. Press, Ed.). 1st Ed. Boca Raton, FL.","a0DIygQs4rguY6Ey57+V6npgK+c4E00t","a0DIygQs4rguY6Ey57+V6npgK+c4E00t","thought to be Tetragonderus pallidus"
"b2d9e066-43fe-4bf3-93dd-2381456a15c4","JORN_002.basePlot.bet","D14","JORN","JORN_002","W","2015-09-03","2015-09-17","2015-09-17","2015-10-04",,"JORN_002.W.20150917","2j1n+GhCoGZm/Y/uB1XvGswMiQmTnCT7oRnHzwfNhQU=","invert bycatch",,,,,,,,,,"a0DIygQs4rguY6Ey57+V6npgK+c4E00t",
"67eda862-9db9-4d40-bbd7-88dd24e99e2b","JORN_010.basePlot.bet","D14","JORN","JORN_010","W","2015-09-03","2015-09-17","2015-09-17","2015-11-03",,"JORN_010.W.20150917","7i+fBpY+jSB+S8xdtKEZFMJmkFxChasJzbU8ynV39PE=","invert bycatch",,,,,,,,,,"a0DIygQs4rguY6Ey57+V6npgK+c4E00t",
"329312a6-4162-4403-8756-ee3ee3fa52f8","JORN_008.basePlot.bet","D14","JORN","JORN_008","W","2015-09-03","2015-09-17","2015-09-17","2015-11-03",,"JORN_008.W.20150917","eTKs083kZ6Gyd/wXwoGNYeC++5d/aN1AjeZmrAxUiVE=","invert bycatch",,,,,,,,,,"a0DIygQs4rguY6Ey57+V6npgK+c4E00t",
"cf18cc1d-0f15-4f0e-b7d9-df05c0676f4d","JORN_002.basePlot.bet","D14","JORN","JORN_002","W","2015-09-03","2015-09-17","2015-09-17","2015-09-23","2015-09-23","JORN_002.W.20150917","2j1n+GhCoGZm/Y/uB1XvGpXaCbqZuVJ1k3MSQn/A8lw=","vert bycatch herp","UTASTA","Uta stansburiana","species",,"Baird and Girard",,1,"Other","hRRZynJPKTlgBISZmXSv66FsQZ5BztHH","a0DIygQs4rguY6Ey57+V6npgK+c4E00t",
"2dd9d44a-e42c-4825-b2d6-4fc4e145aecb","JORN_003.basePlot.bet","D14","JORN","JORN_003","W","2015-09-03","2015-09-17","2015-09-17","2015-09-23","2015-09-23","JORN_003.W.20150917","vMYzv3M3ch3JSUow335Jr1X6tnSuO9NrnxiTX+i/xXM=","vert bycatch herp","UTASTA","Uta stansburiana","species",,"Baird and Girard",,1,"Other","hRRZynJPKTlgBISZmXSv66FsQZ5BztHH","a0DIygQs4rguY6Ey57+V6npgK+c4E00t",
"92bd18ff-f5ea-460e-8662-c46e3303a242","JORN_009.basePlot.bet","D14","JORN","JORN_009","W","2015-09-03","2015-09-17","2015-09-17","2015-11-03",,"JORN_009.W.20150917","y6i9xP3scmPZuxPLs8eY98Iv2tCv52FiFYF5RBGljyE=","invert bycatch",,,,,,,,,,"a0DIygQs4rguY6Ey57+V6npgK+c4E00t",
"573c1db4-892b-453d-857d-2ccd93c7135b","JORN_003.basePlot.bet","D14","JORN","JORN_003","W","2015-09-03","2015-09-17","2015-09-17","2015-10-04",,"JORN_003.W.20150917","vMYzv3M3ch3JSUow335Jr29bgUwPAl30imnEhyjfpUc=","invert bycatch",,,,,,,,,,"a0DIygQs4rguY6Ey57+V6npgK+c4E00t",
"1a6dace7-5cd8-4ce7-95a5-c4447213e524","JORN_006.basePlot.bet","D14","JORN","JORN_006","W","2015-09-03","2015-09-17","2015-09-17","2015-09-23","2015-09-23","JORN_006.W.20150917","Z5DETg5NA9A7xc+lpOlbnPPVAXWQCsUdWj3ZPLUC6fM=","vert bycatch herp","UTASTA","Uta stansburiana","species",,"Baird and Girard",,1,"Other","hRRZynJPKTlgBISZmXSv66FsQZ5BztHH","a0DIygQs4rguY6Ey57+V6npgK+c4E00t",
"1ef6344f-92eb-4c6c-9e01-41fb51868b9a","JORN_004.basePlot.bet","D14","JORN","JORN_004","W","2015-09-03","2015-09-17","2015-09-17","2015-10-04",,"JORN_004.W.20150917","uZCwT0U74cfDCTgShBeUgybtU22LW2I+7cLs5H3g0ms=","invert bycatch",,,,,,,,,,"a0DIygQs4rguY6Ey57+V6npgK+c4E00t",
"56e63ad9-7945-443c-934d-32c2c8ebc047","JORN_005.basePlot.bet","D14","JORN","JORN_005","W","2015-09-03","2015-09-17","2015-09-17","2015-10-04",,"JORN_005.W.20150917","aOplpjduR3QaoG9NSRDTyy/WyAUntk5qovQBRox2umg=","invert bycatch",,,,,,,,,,"a0DIygQs4rguY6Ey57+V6npgK+c4E00t",
"930ff957-9ba7-47d8-97b2-6e8b1ef84a93","JORN_006.basePlot.bet","D14","JORN","JORN_006","W","2015-09-03","2015-09-17","2015-09-17","2015-11-02",,"JORN_006.W.20150917","Z5DETg5NA9A7xc+lpOlbnAvEQTJemkRoMBv0H7blbw0=","invert bycatch",,,,,,,,,,"a0DIygQs4rguY6Ey57+V6npgK+c4E00t",
"1e624f9a-d1a4-439d-a033-8d88417f98d7","JORN_001.basePlot.bet","D14","JORN","JORN_001","W","2015-09-03","2015-09-17","2015-09-17","2015-10-04",,"JORN_001.W.20150917","3v6e8eJloSoWLu6C+JQGWGVhqDmDa9vY/48Xp2ojpRY=","invert bycatch",,,,,,,,,,"a0DIygQs4rguY6Ey57+V6npgK+c4E00t",
"ecd4e502-5481-4976-99ac-b646aa9d417a","JORN_001.basePlot.bet","D14","JORN","JORN_001","E","2015-09-03","2015-09-17","2015-09-17","2015-10-04",,"JORN_001.E.20150917","3v6e8eJloSqFNjUZseBNcXNqs1C3IG1+pcsxKG96B6E=","invert bycatch",,,,,,,,,,"a0DIygQs4rguY6Ey57+V6npgK+c4E00t",
