uid,namedLocation,domainID,siteID,plotID,trapID,plotType,nlcdClass,decimalLatitude,decimalLongitude,geodeticDatum,coordinateUncertainty,elevation,elevationUncertainty,setDate,collectDate,eventID,daysOfTrapping,sampleCollected,sampleID,cupStatus,lidStatus,fluidLevel,samplingProtocolVersion,recordedBy,remarks
"a0881767-252b-4e8d-892f-d57aba0f5f7c","MOAB_009.basePlot.bet","D13","MOAB","MOAB_009","E","distributed","shrubScrub",38.258224,-109.423273,"WGS84",20.1,1793.4,0.1,"2016-04-19","2016-05-03","MOAB.2016.18",14,"Y","MOAB_009.E.20160503","Ok","Ok","Ok","NEON.DOC.014050vH","wcMB+uWhN6DlxgYb80zZ5eNIhcO7pIW7",
"c6c02b55-9254-464b-a984-4f9a8a950e55","MOAB_007.basePlot.bet","D13","MOAB","MOAB_007","W","distributed","shrubScrub",38.265495,-109.341840,"WGS84",20.1,1996.4,0.1,"2016-04-19","2016-05-03","MOAB.2016.18",14,"Y","MOAB_007.W.20160503","Ok","Ok","Ok","NEON.DOC.014050vH","wcMB+uWhN6DlxgYb80zZ5eNIhcO7pIW7",
"32dc45bd-d4e0-48bf-b001-473a52483887","MOAB_006.basePlot.bet","D13","MOAB","MOAB_006","E","distributed","shrubScrub",38.236381,-109.406596,"WGS84",20.1,1760.7,0.1,"2016-04-19","2016-05-03","MOAB.2016.18",14,"Y","MOAB_006.E.20160503","Ok","Ok","Ok","NEON.DOC.014050vH","wcMB+uWhN6DlxgYb80zZ5eNIhcO7pIW7",
"4ab4d475-290c-4d5e-a25e-2cf18f5be549","MOAB_005.basePlot.bet","D13","MOAB","MOAB_005","E","distributed","shrubScrub",38.210931,-109.403724,"WGS84",20.1,1768.1,0.1,"2016-04-19","2016-05-03","MOAB.2016.18",14,"Y","MOAB_005.E.20160503","Ok","Ok","Ok","NEON.DOC.014050vH","Ymvu50svVai947RgaYoGNGTwjbYtyuA7",
"24bd2d70-fbbe-4dea-8939-794cd817058a","MOAB_003.basePlot.bet","D13","MOAB","MOAB_003","E","distributed","evergreenForest",38.261287,-109.349483,"WGS84",20.1,2006.8,0.1,"2016-04-19","2016-05-03","MOAB.2016.18",14,"Y","MOAB_003.E.20160503","Ok","Ok","Ok","NEON.DOC.014050vH","Ymvu50svVai947RgaYoGNGTwjbYtyuA7",
"b7561a0b-614a-4b85-bc5d-fcc4a4947c1a","MOAB_004.basePlot.bet","D13","MOAB","MOAB_004","E","distributed","shrubScrub",38.233270,-109.397418,"WGS84",20.1,1762.7,0.1,"2016-04-19","2016-05-03","MOAB.2016.18",14,"Y","MOAB_004.E.20160503","Ok","Ok","Ok","NEON.DOC.014050vH","Ymvu50svVai947RgaYoGNGTwjbYtyuA7",
"8a03de5c-27fe-400e-8267-e13ebcb5324f","MOAB_001.basePlot.bet","D13","MOAB","MOAB_001","E","distributed","shrubScrub",38.257569,-109.413674,"WGS84",20.1,1799.4,0.1,"2016-04-19","2016-05-03","MOAB.2016.18",14,"Y","MOAB_001.E.20160503","Ok","Ok","Ok","NEON.DOC.014050vH","Ymvu50svVai947RgaYoGNGTwjbYtyuA7",
"c9034987-8918-4ada-8e7b-ac491ee72ebe","MOAB_002.basePlot.bet","D13","MOAB","MOAB_002","E","distributed","shrubScrub",38.210793,-109.414698,"WGS84",20.1,1773.5,0.1,"2016-04-19","2016-05-03","MOAB.2016.18",14,"Y","MOAB_002.E.20160503","Ok","Ok","Ok","NEON.DOC.014050vH","Ymvu50svVai947RgaYoGNGTwjbYtyuA7",
"b0b1de0f-2c28-4b0a-826c-ddfebf88f766","MOAB_011.basePlot.bet","D13","MOAB","MOAB_011","E","distributed","shrubScrub",38.265111,-109.411809,"WGS84",20.1,1816.4,0.1,"2016-04-19","2016-05-03","MOAB.2016.18",14,"Y","MOAB_011.E.20160503","Ok","Ok","Low","NEON.DOC.014050vH","Ymvu50svVai947RgaYoGNGTwjbYtyuA7","250 ml of PG added to trap."
"00427b89-c0ae-4f5a-bfec-1c108c90743f","MOAB_010.basePlot.bet","D13","MOAB","MOAB_010","E","distributed","shrubScrub",38.255191,-109.378090,"WGS84",20.1,1815.7,0.1,"2016-04-19","2016-05-03","MOAB.2016.18",14,"Y","MOAB_010.E.20160503","Ok","Ok","Low","NEON.DOC.014050vH","Ymvu50svVai947RgaYoGNGTwjbYtyuA7","Trap filled to 250 ml"
"ef4b2070-d833-4d01-9c6c-c036b4f98bad","MOAB_011.basePlot.bet","D13","MOAB","MOAB_011","N","distributed","shrubScrub",38.265111,-109.411809,"WGS84",20.1,1816.4,0.1,"2016-04-19","2016-05-03","MOAB.2016.18",14,"Y","MOAB_011.N.20160503","Ok","Ok","Ok","NEON.DOC.014050vH","Ymvu50svVai947RgaYoGNGTwjbYtyuA7",
"627f00f7-5cd6-45eb-ba3c-662075bf3a40","MOAB_001.basePlot.bet","D13","MOAB","MOAB_001","N","distributed","shrubScrub",38.257569,-109.413674,"WGS84",20.1,1799.4,0.1,"2016-04-19","2016-05-03","MOAB.2016.18",14,"Y","MOAB_001.N.20160503","Ok","Ok","Ok","NEON.DOC.014050vH","Ymvu50svVai947RgaYoGNGTwjbYtyuA7",
"e505db05-5414-48eb-8c54-655dc4621838","MOAB_002.basePlot.bet","D13","MOAB","MOAB_002","N","distributed","shrubScrub",38.210793,-109.414698,"WGS84",20.1,1773.5,0.1,"2016-04-19","2016-05-03","MOAB.2016.18",14,"Y","MOAB_002.N.20160503","Ok","Ok","Ok","NEON.DOC.014050vH","Ymvu50svVai947RgaYoGNGTwjbYtyuA7",
"6a9043b4-fc69-4b4d-8bde-9dcba344aa02","MOAB_010.basePlot.bet","D13","MOAB","MOAB_010","N","distributed","shrubScrub",38.255191,-109.378090,"WGS84",20.1,1815.7,0.1,"2016-04-19","2016-05-03","MOAB.2016.18",14,"N",,"Ok","Ok",,"NEON.DOC.014050vH","Ymvu50svVai947RgaYoGNGTwjbYtyuA7","No sign of PG in N Trap. Believe none was put in on 20160419. on 20160503 it was filled to 150 ml. No sample was collected"
"5837f085-f603-4e17-8322-470439850ca2","MOAB_007.basePlot.bet","D13","MOAB","MOAB_007","N","distributed","shrubScrub",38.265495,-109.341840,"WGS84",20.1,1996.4,0.1,"2016-04-19","2016-05-03","MOAB.2016.18",14,"Y","MOAB_007.N.20160503","Ok","Ok","Ok","NEON.DOC.014050vH","wcMB+uWhN6DlxgYb80zZ5eNIhcO7pIW7",
"e4732ef4-8dab-4eb1-8b0b-68c2b93ce845","MOAB_009.basePlot.bet","D13","MOAB","MOAB_009","N","distributed","shrubScrub",38.258224,-109.423273,"WGS84",20.1,1793.4,0.1,"2016-04-19","2016-05-03","MOAB.2016.18",14,"Y","MOAB_009.N.20160503","Ok","Ok","Ok","NEON.DOC.014050vH","wcMB+uWhN6DlxgYb80zZ5eNIhcO7pIW7",
"5cf82ca6-044a-4e3f-82c1-4c65eea8187e","MOAB_005.basePlot.bet","D13","MOAB","MOAB_005","N","distributed","shrubScrub",38.210931,-109.403724,"WGS84",20.1,1768.1,0.1,"2016-04-19","2016-05-03","MOAB.2016.18",14,"Y","MOAB_005.N.20160503","Ok","Ok","Ok","NEON.DOC.014050vH","Ymvu50svVai947RgaYoGNGTwjbYtyuA7",
"e9398e1b-c175-4dd9-8435-20863b91bfc4","MOAB_003.basePlot.bet","D13","MOAB","MOAB_003","N","distributed","evergreenForest",38.261287,-109.349483,"WGS84",20.1,2006.8,0.1,"2016-04-19","2016-05-03","MOAB.2016.18",14,"Y","MOAB_003.N.20160503","Ok","Ok","Ok","NEON.DOC.014050vH","Ymvu50svVai947RgaYoGNGTwjbYtyuA7",
"82f06e12-2493-4bf0-b814-8631347d3fea","MOAB_004.basePlot.bet","D13","MOAB","MOAB_004","N","distributed","shrubScrub",38.233270,-109.397418,"WGS84",20.1,1762.7,0.1,"2016-04-19","2016-05-03","MOAB.2016.18",14,"Y","MOAB_004.N.20160503","Ok","Ok","Ok","NEON.DOC.014050vH","Ymvu50svVai947RgaYoGNGTwjbYtyuA7",
"b53a919c-bae2-40dd-84cd-50df1cc17990","MOAB_006.basePlot.bet","D13","MOAB","MOAB_006","N","distributed","shrubScrub",38.236381,-109.406596,"WGS84",20.1,1760.7,0.1,"2016-04-19","2016-05-03","MOAB.2016.18",14,"Y","MOAB_006.N.20160503","Ok","Ok","Ok","NEON.DOC.014050vH","wcMB+uWhN6DlxgYb80zZ5eNIhcO7pIW7",
"51cafb18-23c2-48fb-894e-983613f0a0a8","MOAB_009.basePlot.bet","D13","MOAB","MOAB_009","S","distributed","shrubScrub",38.258224,-109.423273,"WGS84",20.1,1793.4,0.1,"2016-04-19","2016-05-03","MOAB.2016.18",14,"Y","MOAB_009.S.20160503","Ok","Ok","Ok","NEON.DOC.014050vH","wcMB+uWhN6DlxgYb80zZ5eNIhcO7pIW7",
"6355927f-d588-4427-bf07-9ce50860b024","MOAB_005.basePlot.bet","D13","MOAB","MOAB_005","S","distributed","shrubScrub",38.210931,-109.403724,"WGS84",20.1,1768.1,0.1,"2016-04-19","2016-05-03","MOAB.2016.18",14,"Y","MOAB_005.S.20160503","Ok","Ok","Ok","NEON.DOC.014050vH","Ymvu50svVai947RgaYoGNGTwjbYtyuA7",
"e1967afd-80d5-44ed-9af5-660d12ccc069","MOAB_006.basePlot.bet","D13","MOAB","MOAB_006","S","distributed","shrubScrub",38.236381,-109.406596,"WGS84",20.1,1760.7,0.1,"2016-04-19","2016-05-03","MOAB.2016.18",14,"Y","MOAB_006.S.20160503","Ok","Ok","Ok","NEON.DOC.014050vH","wcMB+uWhN6DlxgYb80zZ5eNIhcO7pIW7",
"69fd8d08-963b-450e-8f92-b53900d59ba5","MOAB_004.basePlot.bet","D13","MOAB","MOAB_004","S","distributed","shrubScrub",38.233270,-109.397418,"WGS84",20.1,1762.7,0.1,"2016-04-19","2016-05-03","MOAB.2016.18",14,"Y","MOAB_004.S.20160503","Ok","Ok","Ok","NEON.DOC.014050vH","Ymvu50svVai947RgaYoGNGTwjbYtyuA7",
"b5559a4a-e8c1-4021-92a0-ca1f3da186a8","MOAB_003.basePlot.bet","D13","MOAB","MOAB_003","S","distributed","evergreenForest",38.261287,-109.349483,"WGS84",20.1,2006.8,0.1,"2016-04-19","2016-05-03","MOAB.2016.18",14,"Y","MOAB_003.S.20160503","Ok","Ok","High","NEON.DOC.014050vH","Ymvu50svVai947RgaYoGNGTwjbYtyuA7",
"893174ea-d022-4856-a519-159f1102019d","MOAB_011.basePlot.bet","D13","MOAB","MOAB_011","S","distributed","shrubScrub",38.265111,-109.411809,"WGS84",20.1,1816.4,0.1,"2016-04-19","2016-05-03","MOAB.2016.18",14,"Y","MOAB_011.S.20160503","Ok","Ok","Ok","NEON.DOC.014050vH","Ymvu50svVai947RgaYoGNGTwjbYtyuA7",
"45c34ff2-835c-4f10-a93c-4e4417708df6","MOAB_002.basePlot.bet","D13","MOAB","MOAB_002","S","distributed","shrubScrub",38.210793,-109.414698,"WGS84",20.1,1773.5,0.1,"2016-04-19","2016-05-03","MOAB.2016.18",14,"Y","MOAB_002.S.20160503","Ok","Ok","Ok","NEON.DOC.014050vH","Ymvu50svVai947RgaYoGNGTwjbYtyuA7",
"d8e32da7-e611-4c02-aded-23e8ac976ca7","MOAB_001.basePlot.bet","D13","MOAB","MOAB_001","S","distributed","shrubScrub",38.257569,-109.413674,"WGS84",20.1,1799.4,0.1,"2016-04-19","2016-05-03","MOAB.2016.18",14,"N",,"Ok","Ok",,"NEON.DOC.014050vH","Ymvu50svVai947RgaYoGNGTwjbYtyuA7","No sign that PG was put in on 20160419 in trap. on 20160503 no sample was collected. filled to 150 ml"
"608d2f8c-687d-4d87-aaff-98ccee7c190e","MOAB_007.basePlot.bet","D13","MOAB","MOAB_007","S","distributed","shrubScrub",38.265495,-109.341840,"WGS84",20.1,1996.4,0.1,"2016-04-19","2016-05-03","MOAB.2016.18",14,"Y","MOAB_007.S.20160503","Ok","Disturbed","Low","NEON.DOC.014050vH","wcMB+uWhN6DlxgYb80zZ5eNIhcO7pIW7","Filled trap to 250 ml. Trap was press flat against the ground and low on fluid"
"cf94f362-3b59-40a0-b9cd-a9f881653fee","MOAB_010.basePlot.bet","D13","MOAB","MOAB_010","S","distributed","shrubScrub",38.255191,-109.378090,"WGS84",20.1,1815.7,0.1,"2016-04-19","2016-05-03","MOAB.2016.18",14,"Y","MOAB_010.S.20160503","Ok","Ok","Ok","NEON.DOC.014050vH","Ymvu50svVai947RgaYoGNGTwjbYtyuA7",
"e7ac68b2-7a66-456c-ac51-dd0ef7795656","MOAB_009.basePlot.bet","D13","MOAB","MOAB_009","W","distributed","shrubScrub",38.258224,-109.423273,"WGS84",20.1,1793.4,0.1,"2016-04-19","2016-05-03","MOAB.2016.18",14,"Y","MOAB_009.W.20160503","Ok","Ok","Ok","NEON.DOC.014050vH","wcMB+uWhN6DlxgYb80zZ5eNIhcO7pIW7",
"427f3c32-9fb0-4988-8340-ff846714c5c2","MOAB_006.basePlot.bet","D13","MOAB","MOAB_006","W","distributed","shrubScrub",38.236381,-109.406596,"WGS84",20.1,1760.7,0.1,"2016-04-19","2016-05-03","MOAB.2016.18",14,"Y","MOAB_006.W.20160503","Ok","Ok","Ok","NEON.DOC.014050vH","wcMB+uWhN6DlxgYb80zZ5eNIhcO7pIW7",
"5a4f5fc5-358f-453a-95ea-8b5ba14a0ac3","MOAB_005.basePlot.bet","D13","MOAB","MOAB_005","W","distributed","shrubScrub",38.210931,-109.403724,"WGS84",20.1,1768.1,0.1,"2016-04-19","2016-05-03","MOAB.2016.18",14,"Y","MOAB_005.W.20160503","Ok","Ok","Ok","NEON.DOC.014050vH","Ymvu50svVai947RgaYoGNGTwjbYtyuA7",
"b567b340-43b2-4f41-aa7a-c21d4666a855","MOAB_003.basePlot.bet","D13","MOAB","MOAB_003","W","distributed","evergreenForest",38.261287,-109.349483,"WGS84",20.1,2006.8,0.1,"2016-04-19","2016-05-03","MOAB.2016.18",14,"Y","MOAB_003.W.20160503","Ok","Ok","Ok","NEON.DOC.014050vH","Ymvu50svVai947RgaYoGNGTwjbYtyuA7",
"3d7a56f4-8b11-4650-9bc2-d64a912bc0d7","MOAB_004.basePlot.bet","D13","MOAB","MOAB_004","W","distributed","shrubScrub",38.233270,-109.397418,"WGS84",20.1,1762.7,0.1,"2016-04-19","2016-05-03","MOAB.2016.18",14,"Y","MOAB_004.W.20160503","Ok","Ok","Ok","NEON.DOC.014050vH","Ymvu50svVai947RgaYoGNGTwjbYtyuA7",
"f6dcd1ca-5b18-4f6a-87c5-75fcb79aa945","MOAB_011.basePlot.bet","D13","MOAB","MOAB_011","W","distributed","shrubScrub",38.265111,-109.411809,"WGS84",20.1,1816.4,0.1,"2016-04-19","2016-05-03","MOAB.2016.18",14,"Y","MOAB_011.W.20160503","Ok","Ok","Ok","NEON.DOC.014050vH","Ymvu50svVai947RgaYoGNGTwjbYtyuA7",
"2fa3d2c5-cde3-46a0-af3d-56f13e097f4b","MOAB_002.basePlot.bet","D13","MOAB","MOAB_002","W","distributed","shrubScrub",38.210793,-109.414698,"WGS84",20.1,1773.5,0.1,"2016-04-19","2016-05-03","MOAB.2016.18",14,"Y","MOAB_002.W.20160503","Ok","Ok","Ok","NEON.DOC.014050vH","Ymvu50svVai947RgaYoGNGTwjbYtyuA7",
"d1f23fd7-b2ec-4568-aae2-099b795c48ce","MOAB_001.basePlot.bet","D13","MOAB","MOAB_001","W","distributed","shrubScrub",38.257569,-109.413674,"WGS84",20.1,1799.4,0.1,"2016-04-19","2016-05-03","MOAB.2016.18",14,"Y","MOAB_001.W.20160503","Ok","Ok","Ok","NEON.DOC.014050vH","Ymvu50svVai947RgaYoGNGTwjbYtyuA7",
"620d268e-541e-4545-8b6f-8ac4a3470c0f","MOAB_010.basePlot.bet","D13","MOAB","MOAB_010","W","distributed","shrubScrub",38.255191,-109.378090,"WGS84",20.1,1815.7,0.1,"2016-04-19","2016-05-03","MOAB.2016.18",14,"Y","MOAB_010.W.20160503","Ok","Ok","Ok","NEON.DOC.014050vH","Ymvu50svVai947RgaYoGNGTwjbYtyuA7",
"8685c663-b342-4e59-a577-95c5984e59d5","MOAB_007.basePlot.bet","D13","MOAB","MOAB_007","E","distributed","shrubScrub",38.265495,-109.341840,"WGS84",20.1,1996.4,0.1,"2016-04-19","2016-05-03","MOAB.2016.18",14,"Y","MOAB_007.E.20160503","Ok","Ok","Ok","NEON.DOC.014050vH","wcMB+uWhN6DlxgYb80zZ5eNIhcO7pIW7",
"82afc21d-ef2f-4163-8f20-1f545c19614a","MOAB_004.basePlot.bet","D13","MOAB","MOAB_004","E","distributed","shrubScrub",38.233270,-109.397418,"WGS84",20.1,1762.7,0.1,"2016-05-03","2016-05-17","MOAB.2016.20",14,"Y","MOAB_004.E.20160517","Ok","Ok","Ok","NEON.DOC.014050vH","wcMB+uWhN6DlxgYb80zZ5eNIhcO7pIW7",
"baa906c4-9c02-4363-ae4c-7f45ef5750b4","MOAB_006.basePlot.bet","D13","MOAB","MOAB_006","E","distributed","shrubScrub",38.236381,-109.406596,"WGS84",20.1,1760.7,0.1,"2016-05-03","2016-05-17","MOAB.2016.20",14,"Y","MOAB_006.E.20160517","Ok","Ok","Ok","NEON.DOC.014050vH","wcMB+uWhN6DlxgYb80zZ5eNIhcO7pIW7",
"092a9f02-6de0-4c5d-a6cb-5e28695a9034","MOAB_005.basePlot.bet","D13","MOAB","MOAB_005","E","distributed","shrubScrub",38.210931,-109.403724,"WGS84",20.1,1768.1,0.1,"2016-05-03","2016-05-17","MOAB.2016.20",14,"Y","MOAB_005.E.20160517","Ok","Ok","Ok","NEON.DOC.014050vH","wcMB+uWhN6DlxgYb80zZ5eNIhcO7pIW7",
"bf4da743-6146-4895-973c-289e2ad97dfa","MOAB_009.basePlot.bet","D13","MOAB","MOAB_009","E","distributed","shrubScrub",38.258224,-109.423273,"WGS84",20.1,1793.4,0.1,"2016-05-03","2016-05-17","MOAB.2016.20",14,"Y","MOAB_009.E.20160517","Ok","Ok","Ok","NEON.DOC.014050vH","dtNip7vnPIQ+7U7YtWNp+WFTyGNrpIZM",
"e723e9e6-67c6-46cc-8546-5b797211b9c6","MOAB_010.basePlot.bet","D13","MOAB","MOAB_010","E","distributed","shrubScrub",38.255191,-109.378090,"WGS84",20.1,1815.7,0.1,"2016-05-03","2016-05-17","MOAB.2016.20",14,"Y","MOAB_010.E.20160517","Ok","Ok","Ok","NEON.DOC.014050vH","wcMB+uWhN6DlxgYb80zZ5eNIhcO7pIW7",
"f1eee5e4-3e98-44c5-8e0a-c227ab604faa","MOAB_001.basePlot.bet","D13","MOAB","MOAB_001","E","distributed","shrubScrub",38.257569,-109.413674,"WGS84",20.1,1799.4,0.1,"2016-05-03","2016-05-17","MOAB.2016.20",14,"Y","MOAB_001.E.20160517","Ok","Ok","Ok","NEON.DOC.014050vH","wcMB+uWhN6DlxgYb80zZ5eNIhcO7pIW7",
"910d7f68-5a2c-4117-beb8-5ec7f4a76717","MOAB_002.basePlot.bet","D13","MOAB","MOAB_002","E","distributed","shrubScrub",38.210793,-109.414698,"WGS84",20.1,1773.5,0.1,"2016-05-03","2016-05-17","MOAB.2016.20",14,"Y","MOAB_002.E.20160517","Ok","Ok","Ok","NEON.DOC.014050vH","wcMB+uWhN6DlxgYb80zZ5eNIhcO7pIW7",
"ec86e246-462c-4933-acd4-058fc2abc6fd","MOAB_011.basePlot.bet","D13","MOAB","MOAB_011","E","distributed","shrubScrub",38.265111,-109.411809,"WGS84",20.1,1816.4,0.1,"2016-05-03","2016-05-17","MOAB.2016.20",14,"Y","MOAB_011.E.20160517","Ok","Ok","Ok","NEON.DOC.014050vH","dtNip7vnPIQ+7U7YtWNp+WFTyGNrpIZM",
"30420f85-2247-4aa8-a1ef-512adcf99100","MOAB_005.basePlot.bet","D13","MOAB","MOAB_005","N","distributed","shrubScrub",38.210931,-109.403724,"WGS84",20.1,1768.1,0.1,"2016-05-03","2016-05-17","MOAB.2016.20",14,"Y","MOAB_005.N.20160517","Ok","Ok","Ok","NEON.DOC.014050vH","wcMB+uWhN6DlxgYb80zZ5eNIhcO7pIW7",
"5870188c-e602-48e3-a39e-87034494375d","MOAB_004.basePlot.bet","D13","MOAB","MOAB_004","N","distributed","shrubScrub",38.233270,-109.397418,"WGS84",20.1,1762.7,0.1,"2016-05-03","2016-05-17","MOAB.2016.20",14,"Y","MOAB_004.N.20160517","Ok","Disturbed","Low","NEON.DOC.014050vH","wcMB+uWhN6DlxgYb80zZ5eNIhcO7pIW7","N trap filled to 250mL"
"dd45fd05-224c-452d-a9a3-521a4bc4be29","MOAB_006.basePlot.bet","D13","MOAB","MOAB_006","N","distributed","shrubScrub",38.236381,-109.406596,"WGS84",20.1,1760.7,0.1,"2016-05-03","2016-05-17","MOAB.2016.20",14,"Y","MOAB_006.N.20160517","Ok","Ok","Ok","NEON.DOC.014050vH","wcMB+uWhN6DlxgYb80zZ5eNIhcO7pIW7",
"cf5af921-d6ef-49f3-baa0-176cfaed58b1","MOAB_011.basePlot.bet","D13","MOAB","MOAB_011","N","distributed","shrubScrub",38.265111,-109.411809,"WGS84",20.1,1816.4,0.1,"2016-05-03","2016-05-17","MOAB.2016.20",14,"Y","MOAB_011.N.20160517","Ok","Ok","Ok","NEON.DOC.014050vH","dtNip7vnPIQ+7U7YtWNp+WFTyGNrpIZM",
"707ed10f-8e39-4663-b072-cfb7fcb37d14","MOAB_001.basePlot.bet","D13","MOAB","MOAB_001","N","distributed","shrubScrub",38.257569,-109.413674,"WGS84",20.1,1799.4,0.1,"2016-05-03","2016-05-17","MOAB.2016.20",14,"Y","MOAB_001.N.20160517","Ok","Ok","Ok","NEON.DOC.014050vH","wcMB+uWhN6DlxgYb80zZ5eNIhcO7pIW7",
"ac8c7aeb-8475-4f0e-b6bc-e413e68c0bba","MOAB_002.basePlot.bet","D13","MOAB","MOAB_002","N","distributed","shrubScrub",38.210793,-109.414698,"WGS84",20.1,1773.5,0.1,"2016-05-03","2016-05-17","MOAB.2016.20",14,"Y","MOAB_002.N.20160517","Ok","Ok","Low","NEON.DOC.014050vH","wcMB+uWhN6DlxgYb80zZ5eNIhcO7pIW7","N trap filled to 250mL"
"d7dd9c50-043e-4d7b-8d7b-51caee6cfbee","MOAB_009.basePlot.bet","D13","MOAB","MOAB_009","N","distributed","shrubScrub",38.258224,-109.423273,"WGS84",20.1,1793.4,0.1,"2016-05-03","2016-05-17","MOAB.2016.20",14,"Y","MOAB_009.N.20160517","Ok","Ok","Ok","NEON.DOC.014050vH","dtNip7vnPIQ+7U7YtWNp+WFTyGNrpIZM",
"fc05105e-423a-45ee-8e79-248cedcb3203","MOAB_010.basePlot.bet","D13","MOAB","MOAB_010","N","distributed","shrubScrub",38.255191,-109.378090,"WGS84",20.1,1815.7,0.1,"2016-05-03","2016-05-17","MOAB.2016.20",14,"Y","MOAB_010.N.20160517","Ok","Ok","Ok","NEON.DOC.014050vH","wcMB+uWhN6DlxgYb80zZ5eNIhcO7pIW7",
"4f6ad48b-f666-4ac1-904d-56e43703d335","MOAB_011.basePlot.bet","D13","MOAB","MOAB_011","S","distributed","shrubScrub",38.265111,-109.411809,"WGS84",20.1,1816.4,0.1,"2016-05-03","2016-05-17","MOAB.2016.20",14,"Y","MOAB_011.S.20160517","Ok","Ok","Ok","NEON.DOC.014050vH","dtNip7vnPIQ+7U7YtWNp+WFTyGNrpIZM",
"c19c806b-9d4a-4c72-b41a-f5dc8680df30","MOAB_001.basePlot.bet","D13","MOAB","MOAB_001","S","distributed","shrubScrub",38.257569,-109.413674,"WGS84",20.1,1799.4,0.1,"2016-05-03","2016-05-17","MOAB.2016.20",14,"Y","MOAB_001.S.20160517","Ok","Ok","Ok","NEON.DOC.014050vH","wcMB+uWhN6DlxgYb80zZ5eNIhcO7pIW7",
"007972ab-878f-4978-94bc-f508356fc58f","MOAB_002.basePlot.bet","D13","MOAB","MOAB_002","S","distributed","shrubScrub",38.210793,-109.414698,"WGS84",20.1,1773.5,0.1,"2016-05-03","2016-05-17","MOAB.2016.20",14,"Y","MOAB_002.S.20160517","Ok","Ok","Ok","NEON.DOC.014050vH","wcMB+uWhN6DlxgYb80zZ5eNIhcO7pIW7",
"c44a31e6-a04a-4944-a9e3-4da481ce6632","MOAB_009.basePlot.bet","D13","MOAB","MOAB_009","S","distributed","shrubScrub",38.258224,-109.423273,"WGS84",20.1,1793.4,0.1,"2016-05-03","2016-05-17","MOAB.2016.20",14,"Y","MOAB_009.S.20160517","Ok","Ok","Ok","NEON.DOC.014050vH","dtNip7vnPIQ+7U7YtWNp+WFTyGNrpIZM",
"9bd7fa0b-848e-422e-a2e1-15ce6b71e751","MOAB_010.basePlot.bet","D13","MOAB","MOAB_010","S","distributed","shrubScrub",38.255191,-109.378090,"WGS84",20.1,1815.7,0.1,"2016-05-03","2016-05-17","MOAB.2016.20",14,"Y","MOAB_010.S.20160517","Ok","Ok","Ok","NEON.DOC.014050vH","wcMB+uWhN6DlxgYb80zZ5eNIhcO7pIW7",
"78287424-405b-43ba-b782-84aee91fed61","MOAB_006.basePlot.bet","D13","MOAB","MOAB_006","S","distributed","shrubScrub",38.236381,-109.406596,"WGS84",20.1,1760.7,0.1,"2016-05-03","2016-05-17","MOAB.2016.20",14,"Y","MOAB_006.S.20160517","Ok","Ok","Ok","NEON.DOC.014050vH","wcMB+uWhN6DlxgYb80zZ5eNIhcO7pIW7",
"0e8caf84-e0fd-414e-8be0-a13bac38558f","MOAB_005.basePlot.bet","D13","MOAB","MOAB_005","S","distributed","shrubScrub",38.210931,-109.403724,"WGS84",20.1,1768.1,0.1,"2016-05-03","2016-05-17","MOAB.2016.20",14,"Y","MOAB_005.S.20160517","Ok","Ok","Ok","NEON.DOC.014050vH","wcMB+uWhN6DlxgYb80zZ5eNIhcO7pIW7",
"679ede9c-dacf-4e35-a002-9589a2213e0a","MOAB_004.basePlot.bet","D13","MOAB","MOAB_004","S","distributed","shrubScrub",38.233270,-109.397418,"WGS84",20.1,1762.7,0.1,"2016-05-03","2016-05-17","MOAB.2016.20",14,"Y","MOAB_004.S.20160517","Ok","Ok","Ok","NEON.DOC.014050vH","wcMB+uWhN6DlxgYb80zZ5eNIhcO7pIW7",
"65b032dc-0b25-4fb5-8f45-84e24a94eabd","MOAB_009.basePlot.bet","D13","MOAB","MOAB_009","W","distributed","shrubScrub",38.258224,-109.423273,"WGS84",20.1,1793.4,0.1,"2016-05-03","2016-05-17","MOAB.2016.20",14,"Y","MOAB_009.W.20160517","Ok","Ok","Ok","NEON.DOC.014050vH","dtNip7vnPIQ+7U7YtWNp+WFTyGNrpIZM",
"40abe130-02fd-4e2a-b5f4-261bf29e08c0","MOAB_004.basePlot.bet","D13","MOAB","MOAB_004","W","distributed","shrubScrub",38.233270,-109.397418,"WGS84",20.1,1762.7,0.1,"2016-05-03","2016-05-17","MOAB.2016.20",14,"Y","MOAB_004.W.20160517","Ok","Ok","Ok","NEON.DOC.014050vH","wcMB+uWhN6DlxgYb80zZ5eNIhcO7pIW7",
"b0e62d04-ba22-4e59-9a14-0b320291466c","MOAB_006.basePlot.bet","D13","MOAB","MOAB_006","W","distributed","shrubScrub",38.236381,-109.406596,"WGS84",20.1,1760.7,0.1,"2016-05-03","2016-05-17","MOAB.2016.20",14,"Y","MOAB_006.W.20160517","Ok","Ok","Ok","NEON.DOC.014050vH","wcMB+uWhN6DlxgYb80zZ5eNIhcO7pIW7",
"98bc1298-9412-4c56-9fb3-658e19576adb","MOAB_005.basePlot.bet","D13","MOAB","MOAB_005","W","distributed","shrubScrub",38.210931,-109.403724,"WGS84",20.1,1768.1,0.1,"2016-05-03","2016-05-17","MOAB.2016.20",14,"Y","MOAB_005.W.20160517","Ok","Ok","Ok","NEON.DOC.014050vH","wcMB+uWhN6DlxgYb80zZ5eNIhcO7pIW7",
"0ff2cfaf-7912-4b90-a192-a064eb4516d2","MOAB_011.basePlot.bet","D13","MOAB","MOAB_011","W","distributed","shrubScrub",38.265111,-109.411809,"WGS84",20.1,1816.4,0.1,"2016-05-03","2016-05-17","MOAB.2016.20",14,"Y","MOAB_011.W.20160517","Ok","Ok","Ok","NEON.DOC.014050vH","dtNip7vnPIQ+7U7YtWNp+WFTyGNrpIZM",
"baa4a88a-ba23-4eb2-9ef9-a7898bc257bf","MOAB_001.basePlot.bet","D13","MOAB","MOAB_001","W","distributed","shrubScrub",38.257569,-109.413674,"WGS84",20.1,1799.4,0.1,"2016-05-03","2016-05-17","MOAB.2016.20",14,"Y","MOAB_001.W.20160517","Ok","Ok","Ok","NEON.DOC.014050vH","wcMB+uWhN6DlxgYb80zZ5eNIhcO7pIW7",
"8be61797-4b4b-486b-93ea-1d6af89e3a6f","MOAB_002.basePlot.bet","D13","MOAB","MOAB_002","W","distributed","shrubScrub",38.210793,-109.414698,"WGS84",20.1,1773.5,0.1,"2016-05-03","2016-05-17","MOAB.2016.20",14,"Y","MOAB_002.W.20160517","Ok","Ok","Ok","NEON.DOC.014050vH","wcMB+uWhN6DlxgYb80zZ5eNIhcO7pIW7",
"ea5b872d-e902-47e3-a3ea-52f97418b802","MOAB_010.basePlot.bet","D13","MOAB","MOAB_010","W","distributed","shrubScrub",38.255191,-109.378090,"WGS84",20.1,1815.7,0.1,"2016-05-03","2016-05-17","MOAB.2016.20",14,"Y","MOAB_010.W.20160517","Ok","Ok","Ok","NEON.DOC.014050vH","wcMB+uWhN6DlxgYb80zZ5eNIhcO7pIW7",
"ccb90380-2f0b-4904-8cb8-50eefe16bdd8","MOAB_007.basePlot.bet","D13","MOAB","MOAB_007","W","distributed","shrubScrub",38.265495,-109.341840,"WGS84",20.1,1996.4,0.1,"2016-05-03","2016-05-18","MOAB.2016.20",15,"Y","MOAB_007.W.20160518","Ok","Ok","Ok","NEON.DOC.014050vH","dtNip7vnPIQ+7U7YtWNp+WFTyGNrpIZM","Roads on 20160517 were too muddy to access due to heavy rains. Had to wait until 20160518 to access and collect sample."
"6b9a3ce0-0bee-4267-abb4-19f935aeae57","MOAB_003.basePlot.bet","D13","MOAB","MOAB_003","S","distributed","evergreenForest",38.261287,-109.349483,"WGS84",20.1,2006.8,0.1,"2016-05-03","2016-05-18","MOAB.2016.20",15,"Y","MOAB_003.S.20160518","Ok","Ok","Ok","NEON.DOC.014050vH","wcMB+uWhN6DlxgYb80zZ5eNIhcO7pIW7","Roads on 20160517 were too muddy to access due to heavy rains. Had to wait until 20160518 to access and collect sample."
"160c2d3e-0f8b-48da-9c2c-6cddd949bf20","MOAB_007.basePlot.bet","D13","MOAB","MOAB_007","S","distributed","shrubScrub",38.265495,-109.341840,"WGS84",20.1,1996.4,0.1,"2016-05-03","2016-05-18","MOAB.2016.20",15,"Y","MOAB_007.S.20160518","Ok","Ok","Ok","NEON.DOC.014050vH","dtNip7vnPIQ+7U7YtWNp+WFTyGNrpIZM","Roads on 20160517 were too muddy to access due to heavy rains. Had to wait until 20160518 to access and collect sample."
"ce8160d4-4933-4ebb-bf4e-5fe1430d399c","MOAB_003.basePlot.bet","D13","MOAB","MOAB_003","N","distributed","evergreenForest",38.261287,-109.349483,"WGS84",20.1,2006.8,0.1,"2016-05-03","2016-05-18","MOAB.2016.20",15,"Y","MOAB_003.N.20160518","Ok","Ok","Ok","NEON.DOC.014050vH","wcMB+uWhN6DlxgYb80zZ5eNIhcO7pIW7","Roads on 20160517 were too muddy to access due to heavy rains. Had to wait until 20160518 to access and collect sample."
"2942ccaa-bd90-4430-a15a-056bc3cf48e6","MOAB_007.basePlot.bet","D13","MOAB","MOAB_007","N","distributed","shrubScrub",38.265495,-109.341840,"WGS84",20.1,1996.4,0.1,"2016-05-03","2016-05-18","MOAB.2016.20",15,"Y","MOAB_007.N.20160518","Ok","Ok","Low","NEON.DOC.014050vH","dtNip7vnPIQ+7U7YtWNp+WFTyGNrpIZM","Roads on 20160517 were too muddy to access due to heavy rains. Had to wait until 20160518 to access and collect sample."
"6272fd20-e91c-49b7-8929-533b06d998d9","MOAB_003.basePlot.bet","D13","MOAB","MOAB_003","E","distributed","evergreenForest",38.261287,-109.349483,"WGS84",20.1,2006.8,0.1,"2016-05-03","2016-05-18","MOAB.2016.20",15,"Y","MOAB_003.E.20160518","Ok","Ok","Ok","NEON.DOC.014050vH","wcMB+uWhN6DlxgYb80zZ5eNIhcO7pIW7","Roads on 20160517 were too muddy to access due to heavy rains. Had to wait until 20160518 to access and collect sample."
"4207c6bd-0b56-4877-811c-b36748e01101","MOAB_007.basePlot.bet","D13","MOAB","MOAB_007","E","distributed","shrubScrub",38.265495,-109.341840,"WGS84",20.1,1996.4,0.1,"2016-05-03","2016-05-18","MOAB.2016.20",15,"Y","MOAB_007.E.20160518","Ok","Ok","Ok","NEON.DOC.014050vH","dtNip7vnPIQ+7U7YtWNp+WFTyGNrpIZM","Roads on 20160517 were too muddy to access due to heavy rains. Had to wait until 20160518 to access and collect sample."
"e7ab738f-cbf9-448a-9772-c996c55db94b","MOAB_003.basePlot.bet","D13","MOAB","MOAB_003","W","distributed","evergreenForest",38.261287,-109.349483,"WGS84",20.1,2006.8,0.1,"2016-05-03","2016-05-18","MOAB.2016.20",15,"Y","MOAB_003.W.20160518","Ok","Ok","Ok","NEON.DOC.014050vH","wcMB+uWhN6DlxgYb80zZ5eNIhcO7pIW7","Roads on 20160517 were too muddy to access due to heavy rains. Had to wait until 20160518 to access and collect sample."
"ebc88a77-d014-4ea6-bbaa-9d0be43dbb05","MOAB_001.basePlot.bet","D13","MOAB","MOAB_001","N","distributed","shrubScrub",38.257569,-109.413674,"WGS84",20.1,1799.4,0.1,"2016-05-17","2016-05-31","MOAB.2016.22",14,"Y","MOAB_001.N.20160531","Ok","Ok","Ok","NEON.DOC.014050vH","Ymvu50svVai947RgaYoGNGTwjbYtyuA7",
"992053ad-a9d7-44fe-9448-729edf428c63","MOAB_002.basePlot.bet","D13","MOAB","MOAB_002","N","distributed","shrubScrub",38.210793,-109.414698,"WGS84",20.1,1773.5,0.1,"2016-05-17","2016-05-31","MOAB.2016.22",14,"Y","MOAB_002.N.20160531","Ok","Ok","Ok","NEON.DOC.014050vH","wcMB+uWhN6DlxgYb80zZ5eNIhcO7pIW7",
"16b1484c-2fd2-40d4-8e5d-c7150a2df7c7","MOAB_009.basePlot.bet","D13","MOAB","MOAB_009","N","distributed","shrubScrub",38.258224,-109.423273,"WGS84",20.1,1793.4,0.1,"2016-05-17","2016-05-31","MOAB.2016.22",14,"Y","MOAB_009.N.20160531","Ok","Disturbed","Ok","NEON.DOC.014050vH","Ymvu50svVai947RgaYoGNGTwjbYtyuA7","N trap was half closed."
"ba40cb52-44a3-440c-8d78-a98fb9c05874","MOAB_010.basePlot.bet","D13","MOAB","MOAB_010","N","distributed","shrubScrub",38.255191,-109.378090,"WGS84",20.1,1815.7,0.1,"2016-05-17","2016-05-31","MOAB.2016.22",14,"Y","MOAB_010.N.20160531","Ok","Ok","Ok","NEON.DOC.014050vH","Ymvu50svVai947RgaYoGNGTwjbYtyuA7",
"97a1cea9-4dd6-4294-9760-d665632df5b0","MOAB_005.basePlot.bet","D13","MOAB","MOAB_005","N","distributed","shrubScrub",38.210931,-109.403724,"WGS84",20.1,1768.1,0.1,"2016-05-17","2016-05-31","MOAB.2016.22",14,"Y","MOAB_005.N.20160531","Ok","Ok","Ok","NEON.DOC.014050vH","wcMB+uWhN6DlxgYb80zZ5eNIhcO7pIW7",
"93587f53-3785-4ac4-9d9d-2073ae09bd50","MOAB_006.basePlot.bet","D13","MOAB","MOAB_006","N","distributed","shrubScrub",38.236381,-109.406596,"WGS84",20.1,1760.7,0.1,"2016-05-17","2016-05-31","MOAB.2016.22",14,"Y","MOAB_006.N.20160531","Ok","Ok","Ok","NEON.DOC.014050vH","wcMB+uWhN6DlxgYb80zZ5eNIhcO7pIW7",
"72dae5e4-6fc6-4549-8b93-bcc732b42dda","MOAB_004.basePlot.bet","D13","MOAB","MOAB_004","N","distributed","shrubScrub",38.233270,-109.397418,"WGS84",20.1,1762.7,0.1,"2016-05-17","2016-05-31","MOAB.2016.22",14,"Y","MOAB_004.N.20160531","Ok","Ok","Ok","NEON.DOC.014050vH","wcMB+uWhN6DlxgYb80zZ5eNIhcO7pIW7",
"1fe60f52-3f18-4303-8f4d-a5bf2fb61d22","MOAB_006.basePlot.bet","D13","MOAB","MOAB_006","S","distributed","shrubScrub",38.236381,-109.406596,"WGS84",20.1,1760.7,0.1,"2016-05-17","2016-05-31","MOAB.2016.22",14,"Y","MOAB_006.S.20160531","Ok","Ok","Ok","NEON.DOC.014050vH","wcMB+uWhN6DlxgYb80zZ5eNIhcO7pIW7",
"238306eb-946f-415c-8f05-6698be654fa3","MOAB_005.basePlot.bet","D13","MOAB","MOAB_005","S","distributed","shrubScrub",38.210931,-109.403724,"WGS84",20.1,1768.1,0.1,"2016-05-17","2016-05-31","MOAB.2016.22",14,"Y","MOAB_005.S.20160531","Disturbed","Ok","Ok","NEON.DOC.014050vH","wcMB+uWhN6DlxgYb80zZ5eNIhcO7pIW7","S trap, cup was half exposed (not buried), probably from burrowing of a small mammal."
"7cfb01d5-cd89-4a7d-bf1d-055ff9488fc4","MOAB_004.basePlot.bet","D13","MOAB","MOAB_004","S","distributed","shrubScrub",38.233270,-109.397418,"WGS84",20.1,1762.7,0.1,"2016-05-17","2016-05-31","MOAB.2016.22",14,"Y","MOAB_004.S.20160531","Ok","Ok","Ok","NEON.DOC.014050vH","wcMB+uWhN6DlxgYb80zZ5eNIhcO7pIW7","Herp. found in S trap"
"d0974fed-3c06-499b-8b60-0e9f869c2f62","MOAB_002.basePlot.bet","D13","MOAB","MOAB_002","S","distributed","shrubScrub",38.210793,-109.414698,"WGS84",20.1,1773.5,0.1,"2016-05-17","2016-05-31","MOAB.2016.22",14,"Y","MOAB_002.S.20160531","Ok","Ok","Ok","NEON.DOC.014050vH","wcMB+uWhN6DlxgYb80zZ5eNIhcO7pIW7",
"131d14d5-7916-48b3-a553-75060e77ac44","MOAB_011.basePlot.bet","D13","MOAB","MOAB_011","S","distributed","shrubScrub",38.265111,-109.411809,"WGS84",20.1,1816.4,0.1,"2016-05-17","2016-05-31","MOAB.2016.22",14,"Y","MOAB_011.S.20160531","Ok","Ok",,"NEON.DOC.014050vH","Ymvu50svVai947RgaYoGNGTwjbYtyuA7",
"9826ddc4-d976-4832-80af-1f04fc010ee1","MOAB_001.basePlot.bet","D13","MOAB","MOAB_001","S","distributed","shrubScrub",38.257569,-109.413674,"WGS84",20.1,1799.4,0.1,"2016-05-17","2016-05-31","MOAB.2016.22",14,"Y","MOAB_001.S.20160531","Ok","Ok","Ok","NEON.DOC.014050vH","Ymvu50svVai947RgaYoGNGTwjbYtyuA7",
"e86d48a7-8912-4eb6-9fbb-3a0a41c269aa","MOAB_010.basePlot.bet","D13","MOAB","MOAB_010","S","distributed","shrubScrub",38.255191,-109.378090,"WGS84",20.1,1815.7,0.1,"2016-05-17","2016-05-31","MOAB.2016.22",14,"Y","MOAB_010.S.20160531","Ok","Ok","Ok","NEON.DOC.014050vH","Ymvu50svVai947RgaYoGNGTwjbYtyuA7",
"56a3322b-283c-40c5-8d36-d8e45c671831","MOAB_009.basePlot.bet","D13","MOAB","MOAB_009","S","distributed","shrubScrub",38.258224,-109.423273,"WGS84",20.1,1793.4,0.1,"2016-05-17","2016-05-31","MOAB.2016.22",14,"Y","MOAB_009.S.20160531","Ok","Ok","Ok","NEON.DOC.014050vH","Ymvu50svVai947RgaYoGNGTwjbYtyuA7",
"83c30a88-18d8-4d9c-969a-74daa982734f","MOAB_006.basePlot.bet","D13","MOAB","MOAB_006","W","distributed","shrubScrub",38.236381,-109.406596,"WGS84",20.1,1760.7,0.1,"2016-05-17","2016-05-31","MOAB.2016.22",14,"Y","MOAB_006.W.20160531","Ok","Ok","Ok","NEON.DOC.014050vH","wcMB+uWhN6DlxgYb80zZ5eNIhcO7pIW7",
"f545a5f8-da00-465c-94ea-606c2e17f9d4","MOAB_005.basePlot.bet","D13","MOAB","MOAB_005","W","distributed","shrubScrub",38.210931,-109.403724,"WGS84",20.1,1768.1,0.1,"2016-05-17","2016-05-31","MOAB.2016.22",14,"Y","MOAB_005.W.20160531","Ok","Ok","Ok","NEON.DOC.014050vH","wcMB+uWhN6DlxgYb80zZ5eNIhcO7pIW7",
"09d4bd62-3dfd-4332-a3c3-0c4947aff33e","MOAB_004.basePlot.bet","D13","MOAB","MOAB_004","W","distributed","shrubScrub",38.233270,-109.397418,"WGS84",20.1,1762.7,0.1,"2016-05-17","2016-05-31","MOAB.2016.22",14,"Y","MOAB_004.W.20160531","Ok","Ok","Ok","NEON.DOC.014050vH","wcMB+uWhN6DlxgYb80zZ5eNIhcO7pIW7",
"cae5be00-28d0-4d24-a44e-e805741b7d8e","MOAB_011.basePlot.bet","D13","MOAB","MOAB_011","W","distributed","shrubScrub",38.265111,-109.411809,"WGS84",20.1,1816.4,0.1,"2016-05-17","2016-05-31","MOAB.2016.22",14,"Y","MOAB_011.W.20160531","Ok","Ok",,"NEON.DOC.014050vH","Ymvu50svVai947RgaYoGNGTwjbYtyuA7",
"dd2b47fd-49b1-40bc-8a4d-7a089610e37a","MOAB_001.basePlot.bet","D13","MOAB","MOAB_001","W","distributed","shrubScrub",38.257569,-109.413674,"WGS84",20.1,1799.4,0.1,"2016-05-17","2016-05-31","MOAB.2016.22",14,"Y","MOAB_001.W.20160531","Ok","Ok","Ok","NEON.DOC.014050vH","Ymvu50svVai947RgaYoGNGTwjbYtyuA7",
"21cde63a-4e2c-47b7-a5ea-c15b2dc8ecd9","MOAB_002.basePlot.bet","D13","MOAB","MOAB_002","W","distributed","shrubScrub",38.210793,-109.414698,"WGS84",20.1,1773.5,0.1,"2016-05-17","2016-05-31","MOAB.2016.22",14,"Y","MOAB_002.W.20160531","Ok","Ok","Ok","NEON.DOC.014050vH","wcMB+uWhN6DlxgYb80zZ5eNIhcO7pIW7",
"81b76347-2f59-4429-be2a-a3a8ffb23819","MOAB_010.basePlot.bet","D13","MOAB","MOAB_010","W","distributed","shrubScrub",38.255191,-109.378090,"WGS84",20.1,1815.7,0.1,"2016-05-17","2016-05-31","MOAB.2016.22",14,"Y","MOAB_010.W.20160531","Ok","Ok","Ok","NEON.DOC.014050vH","Ymvu50svVai947RgaYoGNGTwjbYtyuA7",
"55a5fa42-dcc3-4f6b-bc5e-4e919a21ca52","MOAB_009.basePlot.bet","D13","MOAB","MOAB_009","W","distributed","shrubScrub",38.258224,-109.423273,"WGS84",20.1,1793.4,0.1,"2016-05-17","2016-05-31","MOAB.2016.22",14,"Y","MOAB_009.W.20160531","Ok","Ok","Ok","NEON.DOC.014050vH","Ymvu50svVai947RgaYoGNGTwjbYtyuA7",
"a87067b4-6754-489a-a430-efa520c7adac","MOAB_011.basePlot.bet","D13","MOAB","MOAB_011","N","distributed","shrubScrub",38.265111,-109.411809,"WGS84",20.1,1816.4,0.1,"2016-05-17","2016-05-31","MOAB.2016.22",14,"Y","MOAB_011.N.20160531","Ok","Ok",,"NEON.DOC.014050vH","Ymvu50svVai947RgaYoGNGTwjbYtyuA7",
"760ab408-54b0-4f82-add7-00cca83d1885","MOAB_010.basePlot.bet","D13","MOAB","MOAB_010","E","distributed","shrubScrub",38.255191,-109.378090,"WGS84",20.1,1815.7,0.1,"2016-05-17","2016-05-31","MOAB.2016.22",14,"Y","MOAB_010.E.20160531","Ok","Ok","Ok","NEON.DOC.014050vH","Ymvu50svVai947RgaYoGNGTwjbYtyuA7",
"f294254c-b34c-4aef-9aad-e4db438726f5","MOAB_011.basePlot.bet","D13","MOAB","MOAB_011","E","distributed","shrubScrub",38.265111,-109.411809,"WGS84",20.1,1816.4,0.1,"2016-05-17","2016-05-31","MOAB.2016.22",14,"Y","MOAB_011.E.20160531","Ok","Ok","Low","NEON.DOC.014050vH","Ymvu50svVai947RgaYoGNGTwjbYtyuA7",
"f25fe860-79de-4de8-a31c-363441243800","MOAB_004.basePlot.bet","D13","MOAB","MOAB_004","E","distributed","shrubScrub",38.233270,-109.397418,"WGS84",20.1,1762.7,0.1,"2016-05-17","2016-05-31","MOAB.2016.22",14,"Y","MOAB_004.E.20160531","Ok","Ok","Ok","NEON.DOC.014050vH","wcMB+uWhN6DlxgYb80zZ5eNIhcO7pIW7",
"68c6185f-d3bf-45ef-8a54-04d0bdb16eb4","MOAB_006.basePlot.bet","D13","MOAB","MOAB_006","E","distributed","shrubScrub",38.236381,-109.406596,"WGS84",20.1,1760.7,0.1,"2016-05-17","2016-05-31","MOAB.2016.22",14,"Y","MOAB_006.E.20160531","Ok","Ok","Ok","NEON.DOC.014050vH","wcMB+uWhN6DlxgYb80zZ5eNIhcO7pIW7",
"c31dcfe6-8a1c-45f5-9dbe-94bbce4b25b9","MOAB_009.basePlot.bet","D13","MOAB","MOAB_009","E","distributed","shrubScrub",38.258224,-109.423273,"WGS84",20.1,1793.4,0.1,"2016-05-17","2016-05-31","MOAB.2016.22",14,"Y","MOAB_009.E.20160531","Ok","Ok","Ok","NEON.DOC.014050vH","Ymvu50svVai947RgaYoGNGTwjbYtyuA7",
"ec6d7e82-302f-4542-9e6a-6835207e683b","MOAB_001.basePlot.bet","D13","MOAB","MOAB_001","E","distributed","shrubScrub",38.257569,-109.413674,"WGS84",20.1,1799.4,0.1,"2016-05-17","2016-05-31","MOAB.2016.22",14,"Y","MOAB_001.E.20160531","Ok","Ok","Ok","NEON.DOC.014050vH","Ymvu50svVai947RgaYoGNGTwjbYtyuA7",
"b1bdde26-5c37-4699-bc6f-b0d4b0b930c7","MOAB_005.basePlot.bet","D13","MOAB","MOAB_005","E","distributed","shrubScrub",38.210931,-109.403724,"WGS84",20.1,1768.1,0.1,"2016-05-17","2016-05-31","MOAB.2016.22",14,"Y","MOAB_005.E.20160531","Ok","Ok","Ok","NEON.DOC.014050vH","wcMB+uWhN6DlxgYb80zZ5eNIhcO7pIW7",
"5117ca64-8b9f-4863-a9e5-6eeac4ddac3d","MOAB_002.basePlot.bet","D13","MOAB","MOAB_002","E","distributed","shrubScrub",38.210793,-109.414698,"WGS84",20.1,1773.5,0.1,"2016-05-17","2016-05-31","MOAB.2016.22",14,"Y","MOAB_002.E.20160531","Ok","Ok","Ok","NEON.DOC.014050vH","wcMB+uWhN6DlxgYb80zZ5eNIhcO7pIW7","Herp. in E trap"
