uid,namedLocation,domainID,siteID,plotID,setDate,collectDate,processingDate,subsampleIDList,archiveVialID,scientificName,recordedBy,remarks
"68efaf36-87b7-4c44-8a3b-7159a5366434","TREE_015.basePlot.bet","D05","TREE","TREE_015","2015-06-15","2015-06-29","2015-08-24","nEBhHqVTR17oTFts/ZW1EUv20LUfoT9tEiK6nNScNYg4JWkEFSn/2ub5HC9A93DK7Tur93IIXk1c7+P9mU1a2kC+yFNLvcK3MDgwP9C0rDl374HSB/A9+4KmmcmbqlgpnvwYaPkC7Ao=","nEBhHqVTR145Xg4aJAm4UEQsyJpYO4Fi",,,
"64859e64-8d5a-456f-b21f-3298cbe1744a","TREE_014.basePlot.bet","D05","TREE","TREE_014","2015-06-15","2015-06-29","2015-08-24","g2mJ5zU0mwrYqf6qQocD27YiAJEzrvLBEmhquMLRW/A4Plx6B64a147FIN/zmhy3IsocA03+A21DFZuqo3ixG8RLiaQqmt5ev5BejxlSZ90wNVWVI+uQiO13/EHIdHFvXHr4WuPGg48=","g2mJ5zU0mwowykdierONUte1q5Et3pdb",,,
"7f40ad3f-f251-419d-8129-d47c77a7338c","TREE_007.basePlot.bet","D05","TREE","TREE_007","2015-06-15","2015-06-29","2015-08-24","zNjpTCy9RjhdOjokYlDqDRLV8zssbraD2S4ZBwmTtTCZ4N1i5QGiBl3cxYFJuhV5m5S9UrKwpln1+glf3n0IYZlqfVIEulfFeYR98kNhGpsDJ+0zO7Nf+XPFJl7n4I0f+uxV94VU47c=","zNjpTCy9RjgiLRXRjhiihPQejmjTh1aC",,,
"efaf7ff3-a128-4e45-a55d-23d3ea937f8b","TREE_006.basePlot.bet","D05","TREE","TREE_006","2015-06-15","2015-06-29","2015-08-24","4fQ7nDpzzlHz2krNct3f73g9Z0VrpNFtuIYWgeUW5YeUm854q66R9XLBpEyvb6cLPWp1GA+Ot0+gQTrqc8DE4NYE8Nj3HUA0MwV7F7pp1vFVIILmV218C9+brqh5KeG4FjUAvJlWla4=","4fQ7nDpzzlEdsFClSfEg+Ive9vojqWXt",,,
"0cc5c88b-5cfe-4510-9561-55785dcde673","TREE_007.basePlot.bet","D05","TREE","TREE_007","2015-06-15","2015-06-29","2015-11-12","zNjpTCy9RjhdOjokYlDqDTF1rUaRuIdKEDGGXLJTtc2EhI4F3PdkyN94aw4LFHAUzPBPX37zUwTBN1D1ev2bYg==","zNjpTCy9RjgiLRXRjhiihChSy5RCMNviJpZKCFOVby4=","Synuchus impunctatus",,
"bc5f5a98-3154-4d5a-bcef-463a8f3bd4e5","TREE_002.basePlot.bet","D05","TREE","TREE_002","2015-06-15","2015-06-29","2015-08-24","bplZQSmPUSpD3CQVhZZHMDkUEZC8bSTrJgi6CzJI2JeIV1ty0/OjpO57T6zcKc4x0WopkOfJIdlYISe3y6RSUThEfjNbtgm4edHtXzqeQ5c=","bplZQSmPUSrvmeridcXUQUWapD4Dw4+V",,,
"a270502e-3b08-4426-945d-be0118e65127","TREE_004.basePlot.bet","D05","TREE","TREE_004","2015-06-15","2015-06-29","2015-08-24","O9CsZllnq89iHuFP5qqHdJGYzdnqYFhZ5tc4dooC+dhHl5mwR3fgCSqB5yoM1Kq7PZEn5Chl8fzTdo5LkRgI5ob2xJR0HaUZsD8lVN9R/ps=","O9CsZllnq8/PVFPeL1GJ/dHc8r9zfIiM",,,
"687279f4-432e-40f5-a70b-3ed73bc2ef4c","TREE_005.basePlot.bet","D05","TREE","TREE_005","2015-06-15","2015-06-29","2015-08-24","99X2ROXG5oNR5V+V90kwcyp4ctKTSCzCtIqopVJLGXtFuN7Hd+rcKEezeIXkclBKmr9BZqiAWAHGmaN+W97rvxsmYJ2UnVGJShxcRth7qE8=","99X2ROXG5oMn4RUn3CVG/3pPPwFT0mTu",,,
"ea4d1288-24d9-475c-882d-961f3d6b726c","TREE_001.basePlot.bet","D05","TREE","TREE_001","2015-06-15","2015-06-29","2015-08-24","M+28j8GMA5lYfdvda0l/knZYMXihGwJTjxXwLgjGwkUJB7IZRYT4+8rXiGcXh36wCLcjgY00Ji2A8xfSZadaAq6yjL6SP4atNrXSS5BL563UC+mxqIC1xeRAmajaMknDT4pppTRfVCU=","M+28j8GMA5lOiKLb0RDlqy8YEKuDEyXy",,,
