uid,namedLocation,domainID,siteID,plotID,trapID,plotType,nlcdClass,decimalLatitude,decimalLongitude,geodeticDatum,coordinateUncertainty,elevation,elevationUncertainty,setDate,collectDate,eventID,daysOfTrapping,sampleCollected,sampleID,cupStatus,lidStatus,fluidLevel,samplingProtocolVersion,recordedBy,remarks
"1a5ce8eb-f1d8-42fe-be04-36f6c5e133ed","DSNY_007.basePlot.bet","D03","DSNY","DSNY_007","S","distributed","woodyWetlands",28.053114,-81.417507,"WGS84",20.1,17.8,0.1,"2015-05-26","2015-06-09","DSNY.2015.24",14,"Y","DSNY_007.S.20150609","Ok","Ok","Ok","NEON.DOC.014050vG","7ZsG8s1cQijU1p7CX6b9FNrZuRO+/rX6",
"21772b18-e38f-41c8-a7b0-40e768a2a324","DSNY_006.basePlot.bet","D03","DSNY","DSNY_006","S","distributed","woodyWetlands",28.092969,-81.399332,"WGS84",20.1,20.7,0.1,"2015-05-26","2015-06-09","DSNY.2015.24",14,"Y","DSNY_006.S.20150609","Ok","Ok","High","NEON.DOC.014050vG","7ZsG8s1cQijU1p7CX6b9FNrZuRO+/rX6","at 200 mL| filled to 250 mL||West trap was fluid level was at 200 ml. The cup was refilled to 250 ml"
"e79d4457-0ed1-4223-ac95-fd919962fb33","DSNY_005.basePlot.bet","D03","DSNY","DSNY_005","S","distributed","woodyWetlands",28.039641,-81.393323,"WGS84",20.1,19.5,0.1,"2015-05-26","2015-06-09","DSNY.2015.24",14,"Y","DSNY_005.S.20150609","Ok","Ok","Ok","NEON.DOC.014050vG","7ZsG8s1cQijU1p7CX6b9FNrZuRO+/rX6",
"365076cf-63d6-4ca4-915b-4b862a9850d3","DSNY_009.basePlot.bet","D03","DSNY","DSNY_009","S","distributed","pastureHay",28.073118,-81.428559,"WGS84",20.1,19.0,0.1,"2015-05-26","2015-06-09","DSNY.2015.24",14,"Y","DSNY_009.S.20150609","Ok","Ok","Ok","NEON.DOC.014050vG","7ZsG8s1cQijU1p7CX6b9FNrZuRO+/rX6",
"c84af4cb-7029-4632-abc0-12a9eba16928","DSNY_001.basePlot.bet","D03","DSNY","DSNY_001","S","distributed","woodyWetlands",28.096700,-81.418579,"WGS84",20.1,20.7,0.1,"2015-05-26","2015-06-09","DSNY.2015.24",14,"Y","DSNY_001.S.20150609","Ok","Ok","Ok","NEON.DOC.014050vG","7ZsG8s1cQijU1p7CX6b9FNrZuRO+/rX6",
"273c04e1-956f-4300-a48e-de78f519bf8c","DSNY_021.basePlot.bet","D03","DSNY","DSNY_021","S","distributed","pastureHay",28.052638,-81.393374,"WGS84",20.1,19.8,0.1,"2015-05-26","2015-06-09","DSNY.2015.24",14,"Y","DSNY_021.S.20150609","Ok","Ok","Ok","NEON.DOC.014050vG","7ZsG8s1cQijU1p7CX6b9FNrZuRO+/rX6",
"8478134f-76dc-4370-a250-ed5bebcad3d7","DSNY_021.basePlot.bet","D03","DSNY","DSNY_021","W","distributed","pastureHay",28.052638,-81.393374,"WGS84",20.1,19.8,0.1,"2015-05-26","2015-06-09","DSNY.2015.24",14,"Y","DSNY_021.W.20150609","Ok","Ok","High","NEON.DOC.014050vG","7ZsG8s1cQijU1p7CX6b9FNrZuRO+/rX6",
"2b3242a2-5cb9-4e25-abe6-a4ef4bf22fc7","DSNY_005.basePlot.bet","D03","DSNY","DSNY_005","W","distributed","woodyWetlands",28.039641,-81.393323,"WGS84",20.1,19.5,0.1,"2015-05-26","2015-06-09","DSNY.2015.24",14,"Y","DSNY_005.W.20150609","Ok","Ok","Ok","NEON.DOC.014050vG","7ZsG8s1cQijU1p7CX6b9FNrZuRO+/rX6",
"1c5f6d5e-2c8e-4011-a643-24bb96e37478","DSNY_009.basePlot.bet","D03","DSNY","DSNY_009","W","distributed","pastureHay",28.073118,-81.428559,"WGS84",20.1,19.0,0.1,"2015-05-26","2015-06-09","DSNY.2015.24",14,"Y","DSNY_009.W.20150609","Ok","Ok","Ok","NEON.DOC.014050vG","7ZsG8s1cQijU1p7CX6b9FNrZuRO+/rX6",
"9bf4de93-cf68-4e52-9477-102758f74590","DSNY_001.basePlot.bet","D03","DSNY","DSNY_001","W","distributed","woodyWetlands",28.096700,-81.418579,"WGS84",20.1,20.7,0.1,"2015-05-26","2015-06-09","DSNY.2015.24",14,"Y","DSNY_001.W.20150609","Ok","Ok","Ok","NEON.DOC.014050vG","7ZsG8s1cQijU1p7CX6b9FNrZuRO+/rX6",
"6a44d1dc-fc9a-4d8c-be47-189887a85ce2","DSNY_006.basePlot.bet","D03","DSNY","DSNY_006","W","distributed","woodyWetlands",28.092969,-81.399332,"WGS84",20.1,20.7,0.1,"2015-05-26","2015-06-09","DSNY.2015.24",14,"Y","DSNY_006.W.20150609","Ok","Ok","High","NEON.DOC.014050vG","7ZsG8s1cQijU1p7CX6b9FNrZuRO+/rX6","at 200 mL| refilled to 250mL||West trap was fluid level was at 200 ml. The cup was refilled to 250 ml"
"d257f385-7270-49e0-8c2a-6efff10f43e3","DSNY_002.basePlot.bet","D03","DSNY","DSNY_002","W","distributed","woodyWetlands",28.048244,-81.416879,"WGS84",20.1,17.7,0.1,"2015-05-26","2015-06-09","DSNY.2015.24",14,"Y","DSNY_002.W.20150609","Ok","Ok","Ok","NEON.DOC.014050vG","7ZsG8s1cQijU1p7CX6b9FNrZuRO+/rX6",
"4c3d450a-9bb9-4609-a3bf-7e89fcf3124f","DSNY_003.basePlot.bet","D03","DSNY","DSNY_003","W","distributed","woodyWetlands",28.074209,-81.425532,"WGS84",20.1,18.9,0.1,"2015-05-26","2015-06-09","DSNY.2015.24",14,"Y","DSNY_003.W.20150609","Ok","Ok","Ok","NEON.DOC.014050vG","7ZsG8s1cQijU1p7CX6b9FNrZuRO+/rX6",
"3287dfeb-4c9d-4810-a1fc-cdcfce69820c","DSNY_016.basePlot.bet","D03","DSNY","DSNY_016","W","distributed","pastureHay",28.043948,-81.393638,"WGS84",20.1,19.7,0.1,"2015-05-26","2015-06-09","DSNY.2015.24",14,"Y","DSNY_016.W.20150609","Ok","Ok","Ok","NEON.DOC.014050vG","7ZsG8s1cQijU1p7CX6b9FNrZuRO+/rX6",
"8bf4240e-dcd3-49b7-987d-8106cad3134e","DSNY_007.basePlot.bet","D03","DSNY","DSNY_007","W","distributed","woodyWetlands",28.053114,-81.417507,"WGS84",20.1,17.8,0.1,"2015-05-26","2015-06-09","DSNY.2015.24",14,"Y","DSNY_007.W.20150609","Ok","Ok","Ok","NEON.DOC.014050vG","7ZsG8s1cQijU1p7CX6b9FNrZuRO+/rX6",
"9eefcec7-27cc-4dbe-a410-f96af79177ad","DSNY_004.basePlot.bet","D03","DSNY","DSNY_004","W","distributed","woodyWetlands",28.099732,-81.399974,"WGS84",20.1,18.8,0.1,"2015-05-26","2015-06-09","DSNY.2015.24",14,"Y","DSNY_004.W.20150609","Ok","Ok","Ok","NEON.DOC.014050vG","7ZsG8s1cQijU1p7CX6b9FNrZuRO+/rX6",
"f2d3653a-6c57-4df7-adf6-2be2ccce3baf","DSNY_009.basePlot.bet","D03","DSNY","DSNY_009","E","distributed","pastureHay",28.073118,-81.428559,"WGS84",20.1,19.0,0.1,"2015-05-26","2015-06-09","DSNY.2015.24",14,"Y","DSNY_009.E.20150609","Ok","Ok","Ok","NEON.DOC.014050vG","7ZsG8s1cQijU1p7CX6b9FNrZuRO+/rX6",
"6ca498df-af3c-4071-a18a-39f0c258ce14","DSNY_003.basePlot.bet","D03","DSNY","DSNY_003","E","distributed","woodyWetlands",28.074209,-81.425532,"WGS84",20.1,18.9,0.1,"2015-05-26","2015-06-09","DSNY.2015.24",14,"Y","DSNY_003.E.20150609","Ok","Ok","Ok","NEON.DOC.014050vG","7ZsG8s1cQijU1p7CX6b9FNrZuRO+/rX6",
"d4d1892b-3c8d-4b85-83fc-133376d552fe","DSNY_004.basePlot.bet","D03","DSNY","DSNY_004","E","distributed","woodyWetlands",28.099732,-81.399974,"WGS84",20.1,18.8,0.1,"2015-05-26","2015-06-09","DSNY.2015.24",14,"Y","DSNY_004.E.20150609","Ok","Ok","Ok","NEON.DOC.014050vG","7ZsG8s1cQijU1p7CX6b9FNrZuRO+/rX6",
"9ba125e5-a304-4d9a-a667-1f9bb4c1adae","DSNY_002.basePlot.bet","D03","DSNY","DSNY_002","E","distributed","woodyWetlands",28.048244,-81.416879,"WGS84",20.1,17.7,0.1,"2015-05-26","2015-06-09","DSNY.2015.24",14,"Y","DSNY_002.E.20150609","Ok","Ok","Ok","NEON.DOC.014050vG","7ZsG8s1cQijU1p7CX6b9FNrZuRO+/rX6",
"3d15daa0-43e3-466e-89f1-fb83977c37ba","DSNY_001.basePlot.bet","D03","DSNY","DSNY_001","E","distributed","woodyWetlands",28.096700,-81.418579,"WGS84",20.1,20.7,0.1,"2015-05-26","2015-06-09","DSNY.2015.24",14,"Y","DSNY_001.E.20150609","Ok","Ok","Ok","NEON.DOC.014050vG","7ZsG8s1cQijU1p7CX6b9FNrZuRO+/rX6",
"a740596c-a979-44cb-8345-c159aabb8aea","DSNY_005.basePlot.bet","D03","DSNY","DSNY_005","E","distributed","woodyWetlands",28.039641,-81.393323,"WGS84",20.1,19.5,0.1,"2015-05-26","2015-06-09","DSNY.2015.24",14,"Y","DSNY_005.E.20150609","Ok","Ok","Ok","NEON.DOC.014050vG","7ZsG8s1cQijU1p7CX6b9FNrZuRO+/rX6",
"9134675a-ce62-4638-96a9-5156988fed5c","DSNY_006.basePlot.bet","D03","DSNY","DSNY_006","E","distributed","woodyWetlands",28.092969,-81.399332,"WGS84",20.1,20.7,0.1,"2015-05-26","2015-06-09","DSNY.2015.24",14,"Y","DSNY_006.E.20150609","Ok","Ok","Ok","NEON.DOC.014050vG","7ZsG8s1cQijU1p7CX6b9FNrZuRO+/rX6",
"427a637f-07d9-4b08-bdfe-9407666317bd","DSNY_021.basePlot.bet","D03","DSNY","DSNY_021","E","distributed","pastureHay",28.052638,-81.393374,"WGS84",20.1,19.8,0.1,"2015-05-26","2015-06-09","DSNY.2015.24",14,"Y","DSNY_021.E.20150609","Ok","Ok","Ok","NEON.DOC.014050vG","7ZsG8s1cQijU1p7CX6b9FNrZuRO+/rX6",
"3c4af28e-be42-40ef-9a22-564e8c2f72bd","DSNY_007.basePlot.bet","D03","DSNY","DSNY_007","E","distributed","woodyWetlands",28.053114,-81.417507,"WGS84",20.1,17.8,0.1,"2015-05-26","2015-06-09","DSNY.2015.24",14,"Y","DSNY_007.E.20150609","Ok","Ok","Ok","NEON.DOC.014050vG","7ZsG8s1cQijU1p7CX6b9FNrZuRO+/rX6",
"1db2127e-a395-4422-b6f5-28629e0196c1","DSNY_016.basePlot.bet","D03","DSNY","DSNY_016","E","distributed","pastureHay",28.043948,-81.393638,"WGS84",20.1,19.7,0.1,"2015-05-26","2015-06-09","DSNY.2015.24",14,"N",,"Disturbed","Disturbed","Low","NEON.DOC.014050vG","7ZsG8s1cQijU1p7CX6b9FNrZuRO+/rX6","pulled out of ground| no collection|E cup and lid were pulled free from the ground| no sample to collect|The east trap was pulled out of the ground, No sample was collected"
"72a20b56-f62e-4014-9999-16d82d3e7382","DSNY_006.basePlot.bet","D03","DSNY","DSNY_006","N","distributed","woodyWetlands",28.092969,-81.399332,"WGS84",20.1,20.7,0.1,"2015-05-26","2015-06-09","DSNY.2015.24",14,"Y","DSNY_006.N.20150609","Ok","Ok","Ok","NEON.DOC.014050vG","7ZsG8s1cQijU1p7CX6b9FNrZuRO+/rX6",
"81aa63af-5924-4ffb-8f70-7c421b9c63f1","DSNY_001.basePlot.bet","D03","DSNY","DSNY_001","N","distributed","woodyWetlands",28.096700,-81.418579,"WGS84",20.1,20.7,0.1,"2015-05-26","2015-06-09","DSNY.2015.24",14,"Y","DSNY_001.N.20150609","Ok","Ok","Ok","NEON.DOC.014050vG","7ZsG8s1cQijU1p7CX6b9FNrZuRO+/rX6",
"22236733-cae0-4ab6-9d87-dd5eb98d4256","DSNY_021.basePlot.bet","D03","DSNY","DSNY_021","N","distributed","pastureHay",28.052638,-81.393374,"WGS84",20.1,19.8,0.1,"2015-05-26","2015-06-09","DSNY.2015.24",14,"Y","DSNY_021.N.20150609","Ok","Ok","Ok","NEON.DOC.014050vG","7ZsG8s1cQijU1p7CX6b9FNrZuRO+/rX6",
"c37e7c7b-713c-4230-ab15-4666bb4b3668","DSNY_005.basePlot.bet","D03","DSNY","DSNY_005","N","distributed","woodyWetlands",28.039641,-81.393323,"WGS84",20.1,19.5,0.1,"2015-05-26","2015-06-09","DSNY.2015.24",14,"Y","DSNY_005.N.20150609","Ok","Ok","Ok","NEON.DOC.014050vG","7ZsG8s1cQijU1p7CX6b9FNrZuRO+/rX6",
"9c16c926-59ea-407b-a3bc-eefafa82003b","DSNY_009.basePlot.bet","D03","DSNY","DSNY_009","N","distributed","pastureHay",28.073118,-81.428559,"WGS84",20.1,19.0,0.1,"2015-05-26","2015-06-09","DSNY.2015.24",14,"Y","DSNY_009.N.20150609","Ok","Ok","Ok","NEON.DOC.014050vG","7ZsG8s1cQijU1p7CX6b9FNrZuRO+/rX6",
"6e21a389-4407-4ad2-8096-145bc7db1334","DSNY_016.basePlot.bet","D03","DSNY","DSNY_016","N","distributed","pastureHay",28.043948,-81.393638,"WGS84",20.1,19.7,0.1,"2015-05-26","2015-06-09","DSNY.2015.24",14,"N",,"Disturbed","Disturbed","Low","NEON.DOC.014050vG","7ZsG8s1cQijU1p7CX6b9FNrZuRO+/rX6","pulled out of the ground, not collected.|North lid and cup were pulled free of the ground| no sample to collect.|The North trap pulled out of the ground. No sample was collected."
"eefa9587-7402-4a7f-a33c-0709327d280e","DSNY_007.basePlot.bet","D03","DSNY","DSNY_007","N","distributed","woodyWetlands",28.053114,-81.417507,"WGS84",20.1,17.8,0.1,"2015-05-26","2015-06-09","DSNY.2015.24",14,"Y","DSNY_007.N.20150609","Ok","Ok","Ok","NEON.DOC.014050vG","7ZsG8s1cQijU1p7CX6b9FNrZuRO+/rX6",
"dc2b48ad-7ad8-48b5-af07-3b4e6b1efd8f","DSNY_004.basePlot.bet","D03","DSNY","DSNY_004","N","distributed","woodyWetlands",28.099732,-81.399974,"WGS84",20.1,18.8,0.1,"2015-05-26","2015-06-09","DSNY.2015.24",14,"Y","DSNY_004.N.20150609","Ok","Ok","Ok","NEON.DOC.014050vG","7ZsG8s1cQijU1p7CX6b9FNrZuRO+/rX6",
"3bb64806-c617-45f6-89b3-1a4477c819aa","DSNY_002.basePlot.bet","D03","DSNY","DSNY_002","N","distributed","woodyWetlands",28.048244,-81.416879,"WGS84",20.1,17.7,0.1,"2015-05-26","2015-06-09","DSNY.2015.24",14,"Y","DSNY_002.N.20150609","Ok","Ok","Ok","NEON.DOC.014050vG","7ZsG8s1cQijU1p7CX6b9FNrZuRO+/rX6",
"e888e5f7-f47c-4943-9cfc-e07befd1c579","DSNY_003.basePlot.bet","D03","DSNY","DSNY_003","N","distributed","woodyWetlands",28.074209,-81.425532,"WGS84",20.1,18.9,0.1,"2015-05-26","2015-06-09","DSNY.2015.24",14,"Y","DSNY_003.N.20150609","Ok","Ok","Ok","NEON.DOC.014050vG","7ZsG8s1cQijU1p7CX6b9FNrZuRO+/rX6",
"13e175d8-0ef8-4aa8-931a-2dffd242b26f","DSNY_004.basePlot.bet","D03","DSNY","DSNY_004","S","distributed","woodyWetlands",28.099732,-81.399974,"WGS84",20.1,18.8,0.1,"2015-05-26","2015-06-09","DSNY.2015.24",14,"N",,"Disturbed","Ok","Low","NEON.DOC.014050vG","7ZsG8s1cQijU1p7CX6b9FNrZuRO+/rX6","Trap empty| no collection|Cup was empty with no sample to collect|South trap was empty no sample was collected|"
"8843d22e-59fd-4665-967c-8d5a26c24eea","DSNY_002.basePlot.bet","D03","DSNY","DSNY_002","S","distributed","woodyWetlands",28.048244,-81.416879,"WGS84",20.1,17.7,0.1,"2015-05-26","2015-06-09","DSNY.2015.24",14,"Y","DSNY_002.S.20150609","Ok","Ok","Ok","NEON.DOC.014050vG","7ZsG8s1cQijU1p7CX6b9FNrZuRO+/rX6",
"b358ce37-1803-4495-82bd-04cb458eb808","DSNY_003.basePlot.bet","D03","DSNY","DSNY_003","S","distributed","woodyWetlands",28.074209,-81.425532,"WGS84",20.1,18.9,0.1,"2015-05-26","2015-06-09","DSNY.2015.24",14,"Y","DSNY_003.S.20150609","Ok","Ok","Ok","NEON.DOC.014050vG","7ZsG8s1cQijU1p7CX6b9FNrZuRO+/rX6",
"b36ff7e4-1b30-467e-90d2-b7413325a9e6","DSNY_016.basePlot.bet","D03","DSNY","DSNY_016","S","distributed","pastureHay",28.043948,-81.393638,"WGS84",20.1,19.7,0.1,"2015-05-26","2015-06-09","DSNY.2015.24",14,"Y","DSNY_016.S.20150609","Ok","Ok","Ok","NEON.DOC.014050vG","7ZsG8s1cQijU1p7CX6b9FNrZuRO+/rX6",
"02224088-b45c-45b5-a5cb-b422619e5413","DSNY_006.basePlot.bet","D03","DSNY","DSNY_006","E","distributed","woodyWetlands",28.092969,-81.399332,"WGS84",20.1,20.7,0.1,"2015-06-09","2015-06-23","DSNY.2015.26",14,"Y","DSNY_006.E.20150623","Ok","Ok","Ok","NEON.DOC.014050vG","PbNu4t/t/O1BAZriMiaA3VbsZD9KatgX",
"f114dc81-541b-43ab-a47f-2aca015c9429","DSNY_006.basePlot.bet","D03","DSNY","DSNY_006","W","distributed","woodyWetlands",28.092969,-81.399332,"WGS84",20.1,20.7,0.1,"2015-06-09","2015-06-23","DSNY.2015.26",14,"Y","DSNY_006.W.20150623","Ok","Ok","Ok","NEON.DOC.014050vG","PbNu4t/t/O1BAZriMiaA3VbsZD9KatgX",
"0b80c1ea-f322-4ced-9a79-b981887e3e89","DSNY_001.basePlot.bet","D03","DSNY","DSNY_001","E","distributed","woodyWetlands",28.096700,-81.418579,"WGS84",20.1,20.7,0.1,"2015-06-09","2015-06-23","DSNY.2015.26",14,"Y","DSNY_001.E.20150623","Ok","Ok","Ok","NEON.DOC.014050vG","PbNu4t/t/O1BAZriMiaA3VbsZD9KatgX",
"2a31241b-94b2-4e21-9055-819bac6384ec","DSNY_009.basePlot.bet","D03","DSNY","DSNY_009","E","distributed","pastureHay",28.073118,-81.428559,"WGS84",20.1,19.0,0.1,"2015-06-09","2015-06-23","DSNY.2015.26",14,"Y","DSNY_009.E.20150623","Ok","Ok","High","NEON.DOC.014050vG","PbNu4t/t/O1BAZriMiaA3VbsZD9KatgX",
"196868ed-8674-4705-93da-65b20952307a","DSNY_005.basePlot.bet","D03","DSNY","DSNY_005","E","distributed","woodyWetlands",28.039641,-81.393323,"WGS84",20.1,19.5,0.1,"2015-06-09","2015-06-23","DSNY.2015.26",14,"Y","DSNY_005.E.20150623","Disturbed","Disturbed","Ok","NEON.DOC.014050vG","PbNu4t/t/O1BAZriMiaA3VbsZD9KatgX","Traps replaced due to recent fire|Plot was burned"
"ed867a9d-7601-4f4c-947d-7c1bfc5dc9c7","DSNY_004.basePlot.bet","D03","DSNY","DSNY_004","E","distributed","woodyWetlands",28.099732,-81.399974,"WGS84",20.1,18.8,0.1,"2015-06-09","2015-06-23","DSNY.2015.26",14,"Y","DSNY_004.E.20150623","Ok","Ok","High","NEON.DOC.014050vG","PbNu4t/t/O1BAZriMiaA3VbsZD9KatgX",
"44b1cadf-357f-4b8f-b99c-6c3d5e82a0b1","DSNY_002.basePlot.bet","D03","DSNY","DSNY_002","E","distributed","woodyWetlands",28.048244,-81.416879,"WGS84",20.1,17.7,0.1,"2015-06-09","2015-06-23","DSNY.2015.26",14,"Y","DSNY_002.E.20150623","Ok","Ok","Ok","NEON.DOC.014050vG","PbNu4t/t/O1BAZriMiaA3VbsZD9KatgX",
"713e3d49-ef02-411b-acd8-030565df0181","DSNY_007.basePlot.bet","D03","DSNY","DSNY_007","E","distributed","woodyWetlands",28.053114,-81.417507,"WGS84",20.1,17.8,0.1,"2015-06-09","2015-06-23","DSNY.2015.26",14,"Y","DSNY_007.E.20150623","Ok","Ok","High","NEON.DOC.014050vG","PbNu4t/t/O1BAZriMiaA3VbsZD9KatgX",
"a7a81271-12b9-49db-8f1c-f8cb42281a19","DSNY_016.basePlot.bet","D03","DSNY","DSNY_016","E","distributed","pastureHay",28.043948,-81.393638,"WGS84",20.1,19.7,0.1,"2015-06-09","2015-06-23","DSNY.2015.26",14,"Y","DSNY_016.E.20150623","Ok","Ok","Ok","NEON.DOC.014050vG","PbNu4t/t/O1BAZriMiaA3VbsZD9KatgX",
"18bc17c0-a3ed-4035-921e-b171459750d0","DSNY_003.basePlot.bet","D03","DSNY","DSNY_003","E","distributed","woodyWetlands",28.074209,-81.425532,"WGS84",20.1,18.9,0.1,"2015-06-09","2015-06-23","DSNY.2015.26",14,"Y","DSNY_003.E.20150623","Ok","Ok","Ok","NEON.DOC.014050vG","PbNu4t/t/O1BAZriMiaA3VbsZD9KatgX",
"146ec297-4f40-4a74-90fa-8da1ed89e58e","DSNY_007.basePlot.bet","D03","DSNY","DSNY_007","N","distributed","woodyWetlands",28.053114,-81.417507,"WGS84",20.1,17.8,0.1,"2015-06-09","2015-06-23","DSNY.2015.26",14,"Y","DSNY_007.N.20150623","Ok","Ok","High","NEON.DOC.014050vG","PbNu4t/t/O1BAZriMiaA3VbsZD9KatgX",
"d5558855-df6c-4e98-9c16-eb5b42e767f2","DSNY_016.basePlot.bet","D03","DSNY","DSNY_016","N","distributed","pastureHay",28.043948,-81.393638,"WGS84",20.1,19.7,0.1,"2015-06-09","2015-06-23","DSNY.2015.26",14,"Y","DSNY_016.N.20150623","Ok","Ok","Low","NEON.DOC.014050vG","PbNu4t/t/O1BAZriMiaA3VbsZD9KatgX",
"fab7682b-2d8d-4693-9938-36b34eb2c660","DSNY_003.basePlot.bet","D03","DSNY","DSNY_003","N","distributed","woodyWetlands",28.074209,-81.425532,"WGS84",20.1,18.9,0.1,"2015-06-09","2015-06-23","DSNY.2015.26",14,"Y","DSNY_003.N.20150623","Ok","Ok","Ok","NEON.DOC.014050vG","PbNu4t/t/O1BAZriMiaA3VbsZD9KatgX",
"d398c4ba-22b8-4440-8999-444e1c646859","DSNY_002.basePlot.bet","D03","DSNY","DSNY_002","N","distributed","woodyWetlands",28.048244,-81.416879,"WGS84",20.1,17.7,0.1,"2015-06-09","2015-06-23","DSNY.2015.26",14,"Y","DSNY_002.N.20150623","Ok","Ok","Ok","NEON.DOC.014050vG","PbNu4t/t/O1BAZriMiaA3VbsZD9KatgX",
"b0eb3b8c-b9a8-4fb9-8335-d06193807053","DSNY_004.basePlot.bet","D03","DSNY","DSNY_004","N","distributed","woodyWetlands",28.099732,-81.399974,"WGS84",20.1,18.8,0.1,"2015-06-09","2015-06-23","DSNY.2015.26",14,"Y","DSNY_004.N.20150623","Ok","Ok","High","NEON.DOC.014050vG","PbNu4t/t/O1BAZriMiaA3VbsZD9KatgX",
"fb923cab-8ae3-415d-ace2-a7dc359b7a9d","DSNY_006.basePlot.bet","D03","DSNY","DSNY_006","N","distributed","woodyWetlands",28.092969,-81.399332,"WGS84",20.1,20.7,0.1,"2015-06-09","2015-06-23","DSNY.2015.26",14,"Y","DSNY_006.N.20150623","Ok","Ok","High","NEON.DOC.014050vG","PbNu4t/t/O1BAZriMiaA3VbsZD9KatgX",
"45b3dae2-e577-41ba-82a0-33fd4114d7ff","DSNY_021.basePlot.bet","D03","DSNY","DSNY_021","N","distributed","pastureHay",28.052638,-81.393374,"WGS84",20.1,19.8,0.1,"2015-06-09","2015-06-23","DSNY.2015.26",14,"Y","DSNY_021.N.20150623","Ok","Ok","Ok","NEON.DOC.014050vG","PbNu4t/t/O1BAZriMiaA3VbsZD9KatgX",
"2dfc3463-50ba-477b-a75d-f51ca851ec4a","DSNY_001.basePlot.bet","D03","DSNY","DSNY_001","N","distributed","woodyWetlands",28.096700,-81.418579,"WGS84",20.1,20.7,0.1,"2015-06-09","2015-06-23","DSNY.2015.26",14,"Y","DSNY_001.N.20150623","Ok","Ok","Ok","NEON.DOC.014050vG","PbNu4t/t/O1BAZriMiaA3VbsZD9KatgX",
"8433e1ed-238a-4f15-9944-f13f8e8fa810","DSNY_009.basePlot.bet","D03","DSNY","DSNY_009","N","distributed","pastureHay",28.073118,-81.428559,"WGS84",20.1,19.0,0.1,"2015-06-09","2015-06-23","DSNY.2015.26",14,"Y","DSNY_009.N.20150623","Ok","Ok","Ok","NEON.DOC.014050vG","PbNu4t/t/O1BAZriMiaA3VbsZD9KatgX",
"1d66f99d-c350-4b0d-8411-9f59c8314b7a","DSNY_005.basePlot.bet","D03","DSNY","DSNY_005","N","distributed","woodyWetlands",28.039641,-81.393323,"WGS84",20.1,19.5,0.1,"2015-06-09","2015-06-23","DSNY.2015.26",14,"Y","DSNY_005.N.20150623","Disturbed","Disturbed","Ok","NEON.DOC.014050vG","PbNu4t/t/O1BAZriMiaA3VbsZD9KatgX","Traps replaced due to recent fire|Plot was burned"
"00b40859-2c4c-4b6d-bf44-5ca484323f30","DSNY_009.basePlot.bet","D03","DSNY","DSNY_009","S","distributed","pastureHay",28.073118,-81.428559,"WGS84",20.1,19.0,0.1,"2015-06-09","2015-06-23","DSNY.2015.26",14,"Y","DSNY_009.S.20150623","Ok","Ok","High","NEON.DOC.014050vG","PbNu4t/t/O1BAZriMiaA3VbsZD9KatgX",
"dcd629d2-730f-4485-8b5f-59700cdd9a4e","DSNY_016.basePlot.bet","D03","DSNY","DSNY_016","S","distributed","pastureHay",28.043948,-81.393638,"WGS84",20.1,19.7,0.1,"2015-06-09","2015-06-23","DSNY.2015.26",14,"Y","DSNY_016.S.20150623","Ok","Ok","Ok","NEON.DOC.014050vG","PbNu4t/t/O1BAZriMiaA3VbsZD9KatgX",
"22a6f56e-f7f6-4c42-90a0-b429242acbbc","DSNY_005.basePlot.bet","D03","DSNY","DSNY_005","S","distributed","woodyWetlands",28.039641,-81.393323,"WGS84",20.1,19.5,0.1,"2015-06-09","2015-06-23","DSNY.2015.26",14,"Y","DSNY_005.S.20150623","Disturbed","Disturbed","Ok","NEON.DOC.014050vG","PbNu4t/t/O1BAZriMiaA3VbsZD9KatgX","Traps replaced due to recent fire|Plot was burned"
"dde47774-0da0-4281-bcfd-47a66eaf0223","DSNY_006.basePlot.bet","D03","DSNY","DSNY_006","S","distributed","woodyWetlands",28.092969,-81.399332,"WGS84",20.1,20.7,0.1,"2015-06-09","2015-06-23","DSNY.2015.26",14,"Y","DSNY_006.S.20150623","Ok","Ok","Ok","NEON.DOC.014050vG","PbNu4t/t/O1BAZriMiaA3VbsZD9KatgX",
"d29d65c1-25df-455e-ad0f-8d3467ad4f57","DSNY_021.basePlot.bet","D03","DSNY","DSNY_021","S","distributed","pastureHay",28.052638,-81.393374,"WGS84",20.1,19.8,0.1,"2015-06-09","2015-06-23","DSNY.2015.26",14,"Y","DSNY_021.S.20150623","Ok","Ok","Ok","NEON.DOC.014050vG","PbNu4t/t/O1BAZriMiaA3VbsZD9KatgX",
"980c78ff-1757-42ef-ab20-fc841687273b","DSNY_001.basePlot.bet","D03","DSNY","DSNY_001","S","distributed","woodyWetlands",28.096700,-81.418579,"WGS84",20.1,20.7,0.1,"2015-06-09","2015-06-23","DSNY.2015.26",14,"Y","DSNY_001.S.20150623","Ok","Ok","High","NEON.DOC.014050vG","PbNu4t/t/O1BAZriMiaA3VbsZD9KatgX",
"29d3152a-8ef5-44ba-b1a7-9c2499df7207","DSNY_002.basePlot.bet","D03","DSNY","DSNY_002","S","distributed","woodyWetlands",28.048244,-81.416879,"WGS84",20.1,17.7,0.1,"2015-06-09","2015-06-23","DSNY.2015.26",14,"Y","DSNY_002.S.20150623","Ok","Ok","Ok","NEON.DOC.014050vG","PbNu4t/t/O1BAZriMiaA3VbsZD9KatgX",
"1aab2b9a-6645-4e8d-9feb-4d9aa2a6bb2b","DSNY_003.basePlot.bet","D03","DSNY","DSNY_003","S","distributed","woodyWetlands",28.074209,-81.425532,"WGS84",20.1,18.9,0.1,"2015-06-09","2015-06-23","DSNY.2015.26",14,"Y","DSNY_003.S.20150623","Ok","Ok","Ok","NEON.DOC.014050vG","PbNu4t/t/O1BAZriMiaA3VbsZD9KatgX",
"59e92bc2-b3e7-4d35-bb2b-b3c20ed748bc","DSNY_004.basePlot.bet","D03","DSNY","DSNY_004","S","distributed","woodyWetlands",28.099732,-81.399974,"WGS84",20.1,18.8,0.1,"2015-06-09","2015-06-23","DSNY.2015.26",14,"Y","DSNY_004.S.20150623","Ok","Ok","High","NEON.DOC.014050vG","PbNu4t/t/O1BAZriMiaA3VbsZD9KatgX",
"d1b65270-a1ca-4bea-b9b1-692244a00cf0","DSNY_007.basePlot.bet","D03","DSNY","DSNY_007","S","distributed","woodyWetlands",28.053114,-81.417507,"WGS84",20.1,17.8,0.1,"2015-06-09","2015-06-23","DSNY.2015.26",14,"Y","DSNY_007.S.20150623","Ok","Ok","Ok","NEON.DOC.014050vG","PbNu4t/t/O1BAZriMiaA3VbsZD9KatgX",
"171a0127-dbb3-4a62-a77b-976561a25e46","DSNY_003.basePlot.bet","D03","DSNY","DSNY_003","W","distributed","woodyWetlands",28.074209,-81.425532,"WGS84",20.1,18.9,0.1,"2015-06-09","2015-06-23","DSNY.2015.26",14,"Y","DSNY_003.W.20150623","Ok","Ok","High","NEON.DOC.014050vG","PbNu4t/t/O1BAZriMiaA3VbsZD9KatgX",
"e2a949e5-e73a-4adf-bdbe-828a854d69d1","DSNY_004.basePlot.bet","D03","DSNY","DSNY_004","W","distributed","woodyWetlands",28.099732,-81.399974,"WGS84",20.1,18.8,0.1,"2015-06-09","2015-06-23","DSNY.2015.26",14,"Y","DSNY_004.W.20150623","Ok","Ok","Ok","NEON.DOC.014050vG","PbNu4t/t/O1BAZriMiaA3VbsZD9KatgX",
"ffd05b00-79a3-47c4-bf6c-a2ca311341d9","DSNY_007.basePlot.bet","D03","DSNY","DSNY_007","W","distributed","woodyWetlands",28.053114,-81.417507,"WGS84",20.1,17.8,0.1,"2015-06-09","2015-06-23","DSNY.2015.26",14,"Y","DSNY_007.W.20150623","Ok","Ok","Ok","NEON.DOC.014050vG","PbNu4t/t/O1BAZriMiaA3VbsZD9KatgX",
"a2eac63d-e4ce-4d4d-8a43-ed7c39828fdd","DSNY_016.basePlot.bet","D03","DSNY","DSNY_016","W","distributed","pastureHay",28.043948,-81.393638,"WGS84",20.1,19.7,0.1,"2015-06-09","2015-06-23","DSNY.2015.26",14,"Y","DSNY_016.W.20150623","Ok","Ok","Ok","NEON.DOC.014050vG","PbNu4t/t/O1BAZriMiaA3VbsZD9KatgX","|In a pasture and the plots has been burned"
"9c0ecd7d-0098-48a2-944b-c78cdb3804aa","DSNY_009.basePlot.bet","D03","DSNY","DSNY_009","W","distributed","pastureHay",28.073118,-81.428559,"WGS84",20.1,19.0,0.1,"2015-06-09","2015-06-23","DSNY.2015.26",14,"N",,"Missing","Ok","Low","NEON.DOC.014050vG","PbNu4t/t/O1BAZriMiaA3VbsZD9KatgX","cup missing| no sample collected|West trap was missing a cup. No sample was collected"
"6ff94ac3-6ae7-43df-88a3-55537c1534e8","DSNY_005.basePlot.bet","D03","DSNY","DSNY_005","W","distributed","woodyWetlands",28.039641,-81.393323,"WGS84",20.1,19.5,0.1,"2015-06-09","2015-06-23","DSNY.2015.26",14,"Y","DSNY_005.W.20150623","Disturbed","Disturbed","Ok","NEON.DOC.014050vG","PbNu4t/t/O1BAZriMiaA3VbsZD9KatgX","Traps replaced due to recent fire|Plot was burned"
"5dd40f9f-4fbc-4f82-a749-493a32d564a4","DSNY_021.basePlot.bet","D03","DSNY","DSNY_021","W","distributed","pastureHay",28.052638,-81.393374,"WGS84",20.1,19.8,0.1,"2015-06-09","2015-06-23","DSNY.2015.26",14,"Y","DSNY_021.W.20150623","Ok","Ok","Ok","NEON.DOC.014050vG","PbNu4t/t/O1BAZriMiaA3VbsZD9KatgX",
"bf1cd01d-4eaa-4b66-92c7-a504575e97cf","DSNY_001.basePlot.bet","D03","DSNY","DSNY_001","W","distributed","woodyWetlands",28.096700,-81.418579,"WGS84",20.1,20.7,0.1,"2015-06-09","2015-06-23","DSNY.2015.26",14,"Y","DSNY_001.W.20150623","Ok","Ok","Ok","NEON.DOC.014050vG","PbNu4t/t/O1BAZriMiaA3VbsZD9KatgX",
"4e42666a-218a-4b9e-aa58-95f4013c2d2b","DSNY_002.basePlot.bet","D03","DSNY","DSNY_002","W","distributed","woodyWetlands",28.048244,-81.416879,"WGS84",20.1,17.7,0.1,"2015-06-09","2015-06-23","DSNY.2015.26",14,"Y","DSNY_002.W.20150623","Ok","Missing","Ok","NEON.DOC.014050vG","PbNu4t/t/O1BAZriMiaA3VbsZD9KatgX",
"52cc90cb-67d3-4d4a-a727-d7a9bed90a5b","DSNY_021.basePlot.bet","D03","DSNY","DSNY_021","E","distributed","pastureHay",28.052638,-81.393374,"WGS84",20.1,19.8,0.1,"2015-06-09","2015-06-23","DSNY.2015.26",14,"Y","DSNY_021.E.20150623","Ok","Ok","High","NEON.DOC.014050vG","PbNu4t/t/O1BAZriMiaA3VbsZD9KatgX",
