uid,namedLocation,domainID,siteID,plotID,trapID,setDate,collectDate,processingDate,etOHChangeDate,identifiedDate,sampleID,subsampleID,sampleType,taxonID,scientificName,taxonRank,identificationQualifier,scientificNameAuthorship,morphospeciesID,individualCount,identificationReferences,identifiedBy,recordedBy,remarks
"00b18e88-f00e-440e-9c83-924170e74dcd","BLAN_011.basePlot.bet","D02","BLAN","BLAN_011","S","2015-08-20","2015-09-03","2015-09-03","2015-09-30",,"BLAN_011.S.20150903","N4JQ3RFWht13HHHMMMID0XtET2996DHGJP+FPGiPAOE=","invert bycatch",,,,,,,,,,"wYCqaZcA+7slXlj5N/mM6vobrh4QDptp",
"d15adfa0-4689-476b-90cc-2d7ef19de490","BLAN_006.basePlot.bet","D02","BLAN","BLAN_006","W","2015-08-20","2015-09-03","2015-09-03","2015-10-01",,"BLAN_006.W.20150903","YPnoadCppCzyoRVJSIz+2LS+DYEHIFcT1IqXk/MJh5Q=","invert bycatch",,,,,,,,,,"wYCqaZcA+7slXlj5N/mM6vobrh4QDptp",
"b2b3daab-da01-432e-9ab8-6181595dcb05","BLAN_011.basePlot.bet","D02","BLAN","BLAN_011","W","2015-08-20","2015-09-03","2015-09-03","2015-09-30","2015-09-30","BLAN_011.W.20150903","N4JQ3RFWht2mzs2iSx2VGpxix5ckINGG/0zR13+LRP0=","carabid","BEMPED","Bembidion pedicellatum","species",,"LeConte",,5,"Lindroth, C. H. 1969. The ground-beetles (Carabidae, excl. Cicindelinae) of Canada and Alaska, parts 1-6. Opuscula E. Entomoligiska Sallskapet.","wYCqaZcA+7slXlj5N/mM6vobrh4QDptp","wYCqaZcA+7slXlj5N/mM6vobrh4QDptp",
"79b0b342-eeca-45c8-bdf0-446b379609c3","BLAN_003.basePlot.bet","D02","BLAN","BLAN_003","W","2015-08-20","2015-09-03","2015-09-03","2015-09-30","2015-09-30","BLAN_003.W.20150903","qWnRnvyEnOzTkoE7zeEk+JnbmADNrOLlvpgcpnGuBSQ=","carabid","HARPEN","Harpalus pensylvanicus","species",,"DeGeer",,1,"Ball, G. E., and J. N. Anderson. 1962. The taxonomy and speciation of Pseudophonus (a subgenus of Harpalus: Haralini: Carabidae, known to occur in North America). The Catholic University of America Press, Washington 17, D. C.","wYCqaZcA+7slXlj5N/mM6vobrh4QDptp","wYCqaZcA+7slXlj5N/mM6vobrh4QDptp",
"6fdcc33c-ea97-418c-8435-a854abad01f2","BLAN_003.basePlot.bet","D02","BLAN","BLAN_003","W","2015-08-20","2015-09-03","2015-09-03","2015-09-30",,"BLAN_003.W.20150903","qWnRnvyEnOzTkoE7zeEk+Ear2YCZEduTsbLX2UgaVSI=","invert bycatch",,,,,,,,,,"wYCqaZcA+7slXlj5N/mM6vobrh4QDptp",
"f9d9fe3a-e318-422a-8197-4c123800eee5","BLAN_009.basePlot.bet","D02","BLAN","BLAN_009","W","2015-08-20","2015-09-03","2015-09-03","2015-09-30","2015-09-30","BLAN_009.W.20150903","7TKpA4ipJZC3iyN1MAGJU/wYAsTbkLH3h9cGn8yWT3A=","carabid","DICDIL1","Dicaelus dilatatus dilatatus","subspecies",,"Say",,1,"Ciegler, J. C. 2000. Ground beetles and wrinkled bark beetles of South Carolina (Coleoptera: Geadephaga: Carabidae and Rhysodidae). Biota of South Carolina. Vol. 1. Clemson, S. Clemson University.","wYCqaZcA+7slXlj5N/mM6vobrh4QDptp","wYCqaZcA+7slXlj5N/mM6vobrh4QDptp",
"8082872f-18d6-4a7f-afe1-cad0352046a8","BLAN_009.basePlot.bet","D02","BLAN","BLAN_009","W","2015-08-20","2015-09-03","2015-09-03","2015-09-30",,"BLAN_009.W.20150903","7TKpA4ipJZC3iyN1MAGJU3Ebz27z0/eEJOl2gIEod3g=","invert bycatch",,,,,,,,,,"wYCqaZcA+7slXlj5N/mM6vobrh4QDptp",
"fe3acf4b-e79f-44eb-9f8f-ff55c39ce2a2","BLAN_002.basePlot.bet","D02","BLAN","BLAN_002","W","2015-08-20","2015-09-03","2015-09-03","2015-10-01",,"BLAN_002.W.20150903","pAIsJl1bu+GnLLfxBfuTz2kSMq0bZcVTv36mmv/1sFA=","invert bycatch",,,,,,,,,,"wYCqaZcA+7slXlj5N/mM6vobrh4QDptp",
"6a007fd6-bf2a-412a-8817-d8bf9ce6fa1e","BLAN_004.basePlot.bet","D02","BLAN","BLAN_004","W","2015-08-20","2015-09-03","2015-09-03","2015-10-01",,"BLAN_004.W.20150903","zD/pbYGBt/BuUxBT/0jXnXS0GrfC7cSV+reG1OsH4Ps=","invert bycatch",,,,,,,,,,"wYCqaZcA+7slXlj5N/mM6vobrh4QDptp",
"5556d11f-cdae-40ea-8485-0eec0bea9d93","BLAN_007.basePlot.bet","D02","BLAN","BLAN_007","W","2015-08-20","2015-09-03","2015-09-03","2015-10-01",,"BLAN_007.W.20150903","bSFRDFDJGfxXYFGFgSAAnyipYqGB2Vp46qUNnAUv7iM=","invert bycatch",,,,,,,,,,"wYCqaZcA+7slXlj5N/mM6vobrh4QDptp",
"33065bf1-a985-4348-a433-50b2e652d950","BLAN_001.basePlot.bet","D02","BLAN","BLAN_001","W","2015-08-20","2015-09-03","2015-09-03","2015-09-30",,"BLAN_001.W.20150903","snBNH0r8Ie2U/GXK/PObv+3GV+GF4H7+3AY3I/6/4nM=","invert bycatch",,,,,,,,,,"wYCqaZcA+7slXlj5N/mM6vobrh4QDptp",
"94434eca-d451-449a-84fe-b3a2b2c12f1b","BLAN_005.basePlot.bet","D02","BLAN","BLAN_005","W","2015-08-20","2015-09-03","2015-09-03","2015-10-01","2015-10-01","BLAN_005.W.20150903","z8g4o9caFRP037RQd/7+6LEtAbDRNvtqamt3ZwSLGB8=","carabid","PTESTY","Pterostichus stygicus","species",,"Say",,1,"Bousquet, Y. 2010b. Illustrated Identification Guide to Adults and Larvae of Northeastern North American Ground Beetles (Coleoptera: Carabidae). 1st Ed. Pensoft Publishers, Sofia, Bulgaria.","fhqXNoOkfxgxeumX3nh8hiKzTnt5lZ8Br3PaGAyV7lk=","wYCqaZcA+7slXlj5N/mM6vobrh4QDptp",
"fdef3ed9-66ec-4bde-b7ed-803b5b64321f","BLAN_011.basePlot.bet","D02","BLAN","BLAN_011","E","2015-08-20","2015-09-03","2015-09-03","2015-09-30","2015-09-30","BLAN_011.E.20150903","N4JQ3RFWht1UiEJPpKgW259hSYP+hn52/+UwsHZwSZY=","carabid","CYCSIG","Cyclotrachelus sigillatus","species",,"Say",,3,"Freitag, R. 1969. A revision of the species of the genus Evarthrus LeConte. Quaestiones Entomologicae 5:89-212.","wYCqaZcA+7slXlj5N/mM6vobrh4QDptp","wYCqaZcA+7slXlj5N/mM6vobrh4QDptp",
"2fb6ff08-6b67-4a3b-bee0-5d4cafe38658","BLAN_005.basePlot.bet","D02","BLAN","BLAN_005","E","2015-08-20","2015-09-03","2015-09-03","2015-10-01","2015-10-01","BLAN_005.E.20150903","z8g4o9caFRNBjyTGQyR3EWvDbvoAtYFvCrizIcU1YBE=","carabid","PTEPER2","Pterostichus permundus","species",,"Say",,1,"Ciegler, J. C. 2000. Ground beetles and wrinkled bark beetles of South Carolina (Coleoptera: Geadephaga: Carabidae and Rhysodidae). Biota of South Carolina. Vol. 1. Clemson, S. Clemson University.","wYCqaZcA+7slXlj5N/mM6vobrh4QDptp","wYCqaZcA+7slXlj5N/mM6vobrh4QDptp",
"9e614907-b92a-4f3e-b4fd-1ec055612b8a","BLAN_007.basePlot.bet","D02","BLAN","BLAN_007","E","2015-08-20","2015-09-03","2015-09-03","2015-10-01","2015-10-01","BLAN_007.E.20150903","bSFRDFDJGfyH7CX1vhlSl8zgg5Zhriy+CVxhUsdzQnY=","carabid","PTETRI1","Pterostichus trinarius","species",,"Casey",,1,"Lindroth, C. H. 1969. The ground-beetles (Carabidae, excl. Cicindelinae) of Canada and Alaska, parts 1-6. Opuscula E. Entomoligiska Sallskapet.","wYCqaZcA+7slXlj5N/mM6vobrh4QDptp","wYCqaZcA+7slXlj5N/mM6vobrh4QDptp",
"49b13016-25e1-4232-a904-8ae1ffba5e91","BLAN_007.basePlot.bet","D02","BLAN","BLAN_007","E","2015-08-20","2015-09-03","2015-09-03","2015-10-01","2015-10-01","BLAN_007.E.20150903","bSFRDFDJGfyH7CX1vhlSl2K8zNZxI9NTOHAVOfE8M3A=","carabid","CYCSIG","Cyclotrachelus sigillatus","species",,"Say",,2,"Freitag, R. 1969. A revision of the species of the genus Evarthrus LeConte. Quaestiones Entomologicae 5:89-212.","wYCqaZcA+7slXlj5N/mM6vobrh4QDptp","wYCqaZcA+7slXlj5N/mM6vobrh4QDptp",
"c2511b3d-1f21-47f1-8b7a-791ca5bc4afd","BLAN_011.basePlot.bet","D02","BLAN","BLAN_011","E","2015-08-20","2015-09-03","2015-09-03","2015-09-30","2015-09-30","BLAN_011.E.20150903","N4JQ3RFWht1UiEJPpKgW2/d3aXcnSSmwkouDe1nHzns=","carabid","BEMPED","Bembidion pedicellatum","species",,"LeConte",,4,"Lindroth, C. H. 1969. The ground-beetles (Carabidae, excl. Cicindelinae) of Canada and Alaska, parts 1-6. Opuscula E. Entomoligiska Sallskapet.","wYCqaZcA+7slXlj5N/mM6vobrh4QDptp","wYCqaZcA+7slXlj5N/mM6vobrh4QDptp",
"c74d4245-3c07-4974-ab85-cbc230332cb0","BLAN_009.basePlot.bet","D02","BLAN","BLAN_009","E","2015-08-20","2015-09-03","2015-09-03","2015-09-30","2015-09-30","BLAN_009.E.20150903","7TKpA4ipJZDyHyTXy7ZdZ7IMRXFgLbqqT8seG3QXEFU=","carabid","CYCSIG","Cyclotrachelus sigillatus","species",,"Say",,1,"Freitag, R. 1969. A revision of the species of the genus Evarthrus LeConte. Quaestiones Entomologicae 5:89-212.","wYCqaZcA+7slXlj5N/mM6vobrh4QDptp","wYCqaZcA+7slXlj5N/mM6vobrh4QDptp",
"19bb27f7-bc28-49f9-a902-995ebdc99ce5","BLAN_009.basePlot.bet","D02","BLAN","BLAN_009","E","2015-08-20","2015-09-03","2015-09-03","2015-09-30",,"BLAN_009.E.20150903","7TKpA4ipJZDyHyTXy7ZdZ8zpef1r7GiWxrttOUWugHc=","invert bycatch",,,,,,,,,,"wYCqaZcA+7slXlj5N/mM6vobrh4QDptp",
"e75fec72-9bf3-4ddf-8ff6-aba11b41785c","BLAN_012.basePlot.bet","D02","BLAN","BLAN_012","E","2015-08-20","2015-09-03","2015-09-03","2015-10-01",,"BLAN_012.E.20150903","J0lvmfNn/fev68GQtXYsHjRpfEj0w7kZkPVkPBAmU5o=","invert bycatch",,,,,,,,,,"wYCqaZcA+7slXlj5N/mM6vobrh4QDptp",
"6319daee-8719-4e0f-9d86-a4a15ca7046b","BLAN_005.basePlot.bet","D02","BLAN","BLAN_005","E","2015-08-20","2015-09-03","2015-09-03","2015-10-01","2015-10-01","BLAN_005.E.20150903","z8g4o9caFRNBjyTGQyR3ERMZFwzmAnmFh4QaJ71hIb0=","carabid","PTESTY","Pterostichus stygicus","species",,"Say",,5,"Bousquet, Y. 2010b. Illustrated Identification Guide to Adults and Larvae of Northeastern North American Ground Beetles (Coleoptera: Carabidae). 1st Ed. Pensoft Publishers, Sofia, Bulgaria.","fhqXNoOkfxgxeumX3nh8hiKzTnt5lZ8Br3PaGAyV7lk=","wYCqaZcA+7slXlj5N/mM6vobrh4QDptp",
"309376af-54cb-4bf6-83c7-6b49a6d2e72d","BLAN_011.basePlot.bet","D02","BLAN","BLAN_011","E","2015-08-20","2015-09-03","2015-09-03","2015-09-30","2015-09-30","BLAN_011.E.20150903","N4JQ3RFWht1UiEJPpKgW2yyFu0tD/a2mOr7Mduq0cUs=","carabid","PTESTY","Pterostichus stygicus","species",,"Say",,16,"Bousquet, Y. 2010b. Illustrated Identification Guide to Adults and Larvae of Northeastern North American Ground Beetles (Coleoptera: Carabidae). 1st Ed. Pensoft Publishers, Sofia, Bulgaria.","wYCqaZcA+7slXlj5N/mM6vobrh4QDptp","wYCqaZcA+7slXlj5N/mM6vobrh4QDptp",
"46225d5e-bd1b-4d8a-a761-68777b171772","BLAN_011.basePlot.bet","D02","BLAN","BLAN_011","E","2015-08-20","2015-09-03","2015-09-03","2015-09-30","2015-09-30","BLAN_011.E.20150903","N4JQ3RFWht1UiEJPpKgW2wOIWNSwEAHU3YV54xyQ4Ek=","carabid","CHLAES","Chlaenius aestivus","species",,"Say",,2,"Ciegler, J. C. 2000. Ground beetles and wrinkled bark beetles of South Carolina (Coleoptera: Geadephaga: Carabidae and Rhysodidae). Biota of South Carolina. Vol. 1. Clemson, S. Clemson University.","wYCqaZcA+7slXlj5N/mM6vobrh4QDptp","wYCqaZcA+7slXlj5N/mM6vobrh4QDptp",
"75de6600-d3c2-4ecf-83bf-bf99024af23b","BLAN_011.basePlot.bet","D02","BLAN","BLAN_011","E","2015-08-20","2015-09-03","2015-09-03","2015-09-30",,"BLAN_011.E.20150903","N4JQ3RFWht1UiEJPpKgW22fE78ix8ArVPu0XWA/ysC0=","invert bycatch",,,,,,,,,,"wYCqaZcA+7slXlj5N/mM6vobrh4QDptp",
"4784ac76-6c26-4c91-898c-9ad46a2a5f6a","BLAN_011.basePlot.bet","D02","BLAN","BLAN_011","E","2015-08-20","2015-09-03","2015-09-03","2015-09-30","2015-09-30","BLAN_011.E.20150903","N4JQ3RFWht1UiEJPpKgW2/gkij8mhGQa8nNriNkGOHs=","carabid","PTEPER2","Pterostichus permundus","species",,"Say",,2,"Ciegler, J. C. 2000. Ground beetles and wrinkled bark beetles of South Carolina (Coleoptera: Geadephaga: Carabidae and Rhysodidae). Biota of South Carolina. Vol. 1. Clemson, S. Clemson University.","wYCqaZcA+7slXlj5N/mM6vobrh4QDptp","wYCqaZcA+7slXlj5N/mM6vobrh4QDptp",
"f6730b16-09f8-40f7-be8b-291975bfe3de","BLAN_011.basePlot.bet","D02","BLAN","BLAN_011","E","2015-08-20","2015-09-03","2015-09-03","2015-09-30","2015-09-30","BLAN_011.E.20150903","N4JQ3RFWht1UiEJPpKgW2zQajkMLb62j5+qxq6TsAhE=","carabid","GALBIC","Galerita bicolor","species",,"Drury",,1,"Ciegler, J. C. 2000. Ground beetles and wrinkled bark beetles of South Carolina (Coleoptera: Geadephaga: Carabidae and Rhysodidae). Biota of South Carolina. Vol. 1. Clemson, S. Clemson University.","wYCqaZcA+7slXlj5N/mM6vobrh4QDptp","wYCqaZcA+7slXlj5N/mM6vobrh4QDptp",
"fbd09b89-3d01-43de-9361-f7a9bac27eaa","BLAN_011.basePlot.bet","D02","BLAN","BLAN_011","E","2015-08-20","2015-09-03","2015-09-03","2015-09-30",,"BLAN_011.E.20150903","N4JQ3RFWht1UiEJPpKgW22fE78ix8ArVxC55ovOz1l0=","invert bycatch",,,,,,,,,,"wYCqaZcA+7slXlj5N/mM6vobrh4QDptp",
"5cdbe9d2-0b70-4632-a050-b56e5cdb1067","BLAN_006.basePlot.bet","D02","BLAN","BLAN_006","E","2015-08-20","2015-09-03","2015-09-03","2015-10-01",,"BLAN_006.E.20150903","YPnoadCppCw/xFNAB855mb8SVnkLGFy875+5oHBBojE=","invert bycatch",,,,,,,,,,"wYCqaZcA+7slXlj5N/mM6vobrh4QDptp",
"6a02bee0-d754-44ef-9d9d-305a3d3253a3","BLAN_009.basePlot.bet","D02","BLAN","BLAN_009","E","2015-08-20","2015-09-03","2015-09-03","2015-09-30",,"BLAN_009.E.20150903","7TKpA4ipJZDyHyTXy7ZdZ8zpef1r7GiWjSdn+QtNTCI=","invert bycatch",,,,,,,,,,"wYCqaZcA+7slXlj5N/mM6vobrh4QDptp",
"3d8ff79d-f954-4c98-ada3-763c78fa993b","BLAN_002.basePlot.bet","D02","BLAN","BLAN_002","E","2015-08-20","2015-09-03","2015-09-03","2015-10-01","2015-10-01","BLAN_002.E.20150903","pAIsJl1bu+EhoVbsGjTwWg93FqHjaA0CmEv+fMGNf1Y=","carabid","HARCAL","Harpalus caliginosus","species",,"Fabricius",,1,"Ciegler, J. C. 2000. Ground beetles and wrinkled bark beetles of South Carolina (Coleoptera: Geadephaga: Carabidae and Rhysodidae). Biota of South Carolina. Vol. 1. Clemson, S. Clemson University.","wYCqaZcA+7slXlj5N/mM6vobrh4QDptp","wYCqaZcA+7slXlj5N/mM6vobrh4QDptp",
"67ce118d-5b26-452e-9028-a03d46c7d449","BLAN_002.basePlot.bet","D02","BLAN","BLAN_002","E","2015-08-20","2015-09-03","2015-09-03","2015-10-01",,"BLAN_002.E.20150903","pAIsJl1bu+EhoVbsGjTwWq4TAoAjFUHRohcO9hzrzo0=","invert bycatch",,,,,,,,,,"wYCqaZcA+7slXlj5N/mM6vobrh4QDptp",
"a459f63f-d0f2-4b51-a5b0-20c414e00d0e","BLAN_012.basePlot.bet","D02","BLAN","BLAN_012","E","2015-08-20","2015-09-03","2015-09-03","2015-10-01","2015-10-01","BLAN_012.E.20150903","J0lvmfNn/fev68GQtXYsHgT3i9fTHMoAirakxEYnJvU=","carabid","CHLAES","Chlaenius aestivus","species",,"Say",,1,"Ciegler, J. C. 2000. Ground beetles and wrinkled bark beetles of South Carolina (Coleoptera: Geadephaga: Carabidae and Rhysodidae). Biota of South Carolina. Vol. 1. Clemson, S. Clemson University.","wYCqaZcA+7slXlj5N/mM6vobrh4QDptp","wYCqaZcA+7slXlj5N/mM6vobrh4QDptp",
"edf83ae1-8a89-4c76-b1f4-bdbe879eff7f","BLAN_011.basePlot.bet","D02","BLAN","BLAN_011","W","2015-08-20","2015-09-03","2015-09-03","2015-09-30","2015-09-30","BLAN_011.W.20150903","N4JQ3RFWht2mzs2iSx2VGjDOkA4JAMClKK4lK8IuG4I=","carabid","MYACOR","Myas coracinus","species",,"Say",,1,"Ciegler, J. C. 2000. Ground beetles and wrinkled bark beetles of South Carolina (Coleoptera: Geadephaga: Carabidae and Rhysodidae). Biota of South Carolina. Vol. 1. Clemson, S. Clemson University.","wYCqaZcA+7slXlj5N/mM6vobrh4QDptp","wYCqaZcA+7slXlj5N/mM6vobrh4QDptp",
"8550950e-189c-42ad-8e4a-8776416468d8","BLAN_011.basePlot.bet","D02","BLAN","BLAN_011","W","2015-08-20","2015-09-03","2015-09-03","2015-09-30",,"BLAN_011.W.20150903","N4JQ3RFWht2mzs2iSx2VGsagmNvsSNeaFSwArNn+qTg=","invert bycatch",,,,,,,,,,"wYCqaZcA+7slXlj5N/mM6vobrh4QDptp",
"9a8afa81-eb29-4eab-9bc2-61a758c85a12","BLAN_011.basePlot.bet","D02","BLAN","BLAN_011","W","2015-08-20","2015-09-03","2015-09-03","2015-09-30",,"BLAN_011.W.20150903","N4JQ3RFWht2mzs2iSx2VGsagmNvsSNeaDlaVUNeArC0=","invert bycatch",,,,,,,,,,"wYCqaZcA+7slXlj5N/mM6vobrh4QDptp",
"04dd78dd-ba23-42f7-9172-f4c0a3d37a23","BLAN_011.basePlot.bet","D02","BLAN","BLAN_011","W","2015-08-20","2015-09-03","2015-09-03","2015-09-30","2015-09-30","BLAN_011.W.20150903","N4JQ3RFWht2mzs2iSx2VGun4WJa4fjWJEcnu7Lxf+cw=","carabid","CYCSIG","Cyclotrachelus sigillatus","species",,"Say",,2,"Freitag, R. 1969. A revision of the species of the genus Evarthrus LeConte. Quaestiones Entomologicae 5:89-212.","wYCqaZcA+7slXlj5N/mM6vobrh4QDptp","wYCqaZcA+7slXlj5N/mM6vobrh4QDptp",
"20887c23-fbd9-47a4-9a86-82e3ca496da3","BLAN_012.basePlot.bet","D02","BLAN","BLAN_012","W","2015-08-20","2015-09-03","2015-09-03","2015-10-01","2015-10-01","BLAN_012.W.20150903","J0lvmfNn/feaRxuGVUQ1EDaWAH7f8LB8QcKaj4TnzrI=","carabid","PTESTY","Pterostichus stygicus","species",,"Say",,2,"Bousquet, Y. 2010b. Illustrated Identification Guide to Adults and Larvae of Northeastern North American Ground Beetles (Coleoptera: Carabidae). 1st Ed. Pensoft Publishers, Sofia, Bulgaria.","wYCqaZcA+7slXlj5N/mM6vobrh4QDptp","wYCqaZcA+7slXlj5N/mM6vobrh4QDptp",
"168e2bbd-36c1-4505-a179-019e06e44bdc","BLAN_005.basePlot.bet","D02","BLAN","BLAN_005","W","2015-08-20","2015-09-03","2015-09-03","2015-10-01","2015-10-01","BLAN_005.W.20150903","z8g4o9caFRP037RQd/7+6HcKRKRv7/DGO8XgtV9/78o=","carabid","PTEPER2","Pterostichus permundus","species",,"Say",,1,"Ciegler, J. C. 2000. Ground beetles and wrinkled bark beetles of South Carolina (Coleoptera: Geadephaga: Carabidae and Rhysodidae). Biota of South Carolina. Vol. 1. Clemson, S. Clemson University.","wYCqaZcA+7slXlj5N/mM6vobrh4QDptp","wYCqaZcA+7slXlj5N/mM6vobrh4QDptp",
"f86c6dae-02a8-45e4-8938-56fb61192ec4","BLAN_009.basePlot.bet","D02","BLAN","BLAN_009","W","2015-08-20","2015-09-03","2015-09-03","2015-09-30",,"BLAN_009.W.20150903","7TKpA4ipJZC3iyN1MAGJU3Ebz27z0/eErvzystlPlX8=","invert bycatch",,,,,,,,,,"wYCqaZcA+7slXlj5N/mM6vobrh4QDptp",
"664d4567-22cf-4bf1-bc84-cc98449697ef","BLAN_002.basePlot.bet","D02","BLAN","BLAN_002","W","2015-08-20","2015-09-03","2015-09-03","2015-10-01","2015-10-01","BLAN_002.W.20150903","pAIsJl1bu+GnLLfxBfuTz3SUzW072kUDSG+6u2x8m2s=","carabid","HARCAL","Harpalus caliginosus","species",,"Fabricius",,1,"Ciegler, J. C. 2000. Ground beetles and wrinkled bark beetles of South Carolina (Coleoptera: Geadephaga: Carabidae and Rhysodidae). Biota of South Carolina. Vol. 1. Clemson, S. Clemson University.","wYCqaZcA+7slXlj5N/mM6vobrh4QDptp","wYCqaZcA+7slXlj5N/mM6vobrh4QDptp",
"fd758a31-d14c-45f2-8b5f-b82a891ee0a9","BLAN_009.basePlot.bet","D02","BLAN","BLAN_009","W","2015-08-20","2015-09-03","2015-09-03","2015-09-30","2015-09-30","BLAN_009.W.20150903","7TKpA4ipJZC3iyN1MAGJUzipZ5DVgKJOEADW2NSDw6o=","carabid","CALGRE","Calathus gregarius","species",,"Say",,2,"Bousquet, Y. 2010b. Illustrated Identification Guide to Adults and Larvae of Northeastern North American Ground Beetles (Coleoptera: Carabidae). 1st Ed. Pensoft Publishers, Sofia, Bulgaria.","wYCqaZcA+7slXlj5N/mM6vobrh4QDptp","wYCqaZcA+7slXlj5N/mM6vobrh4QDptp",
"8db71512-2207-40a4-a5f6-21fb7cdc14c9","BLAN_007.basePlot.bet","D02","BLAN","BLAN_007","W","2015-08-20","2015-09-03","2015-09-03","2015-10-01",,"BLAN_007.W.20150903","bSFRDFDJGfxXYFGFgSAAnyipYqGB2Vp4WYGl5qO2DFs=","invert bycatch",,,,,,,,,,"wYCqaZcA+7slXlj5N/mM6vobrh4QDptp",
"c8c6e792-9d05-448b-83eb-b192c251031f","BLAN_005.basePlot.bet","D02","BLAN","BLAN_005","W","2015-08-20","2015-09-03","2015-09-03","2015-10-01",,"BLAN_005.W.20150903","z8g4o9caFRP037RQd/7+6HbXat2lXdYJBgnAtzP4I88=","invert bycatch",,,,,,,,,,"wYCqaZcA+7slXlj5N/mM6vobrh4QDptp",
"a73dc550-5bc2-499d-bb52-9abe0100c6c3","BLAN_012.basePlot.bet","D02","BLAN","BLAN_012","W","2015-08-20","2015-09-03","2015-09-03","2015-10-01",,"BLAN_012.W.20150903","J0lvmfNn/feaRxuGVUQ1EDXqTUGm9bBbysRMPW0f6iw=","invert bycatch",,,,,,,,,,"wYCqaZcA+7slXlj5N/mM6vobrh4QDptp",
"41201945-46d1-43c2-80d2-098e01da6f53","BLAN_012.basePlot.bet","D02","BLAN","BLAN_012","E","2015-08-20","2015-09-03","2015-09-03","2015-10-01","2015-10-01","BLAN_012.E.20150903","J0lvmfNn/fev68GQtXYsHsvz7sbOWy8mnOi/EvSLxAs=","carabid","PTEPER2","Pterostichus permundus","species",,"Say",,1,"Ciegler, J. C. 2000. Ground beetles and wrinkled bark beetles of South Carolina (Coleoptera: Geadephaga: Carabidae and Rhysodidae). Biota of South Carolina. Vol. 1. Clemson, S. Clemson University.","wYCqaZcA+7slXlj5N/mM6vobrh4QDptp","wYCqaZcA+7slXlj5N/mM6vobrh4QDptp",
"d1e79c64-b44d-4efa-9542-c16eb9372196","BLAN_005.basePlot.bet","D02","BLAN","BLAN_005","E","2015-08-20","2015-09-03","2015-09-03","2015-10-01",,"BLAN_005.E.20150903","z8g4o9caFRNBjyTGQyR3ESF8YP8C084aEYq5eqedwJY=","invert bycatch",,,,,,,,,,"wYCqaZcA+7slXlj5N/mM6vobrh4QDptp",
"e1ae389f-f3c0-4702-8e0b-3dd890c20ab4","BLAN_003.basePlot.bet","D02","BLAN","BLAN_003","E","2015-08-20","2015-09-03","2015-09-03","2015-09-30",,"BLAN_003.E.20150903","qWnRnvyEnOyTg93fo0GlNMhfSUynwsgxyDneo/yqaTw=","invert bycatch",,,,,,,,,,"wYCqaZcA+7slXlj5N/mM6vobrh4QDptp",
"1a815ee8-2c7f-429d-8b8c-e34f6853de0c","BLAN_003.basePlot.bet","D02","BLAN","BLAN_003","E","2015-08-20","2015-09-03","2015-09-03","2015-09-30","2015-09-30","BLAN_003.E.20150903","qWnRnvyEnOyTg93fo0GlNIY2VI1cr3Is4FlfUacD1II=","carabid","HARPEN","Harpalus pensylvanicus","species",,"DeGeer",,2,"Ball, G. E., and J. N. Anderson. 1962. The taxonomy and speciation of Pseudophonus (a subgenus of Harpalus: Haralini: Carabidae, known to occur in North America). The Catholic University of America Press, Washington 17, D. C.","wYCqaZcA+7slXlj5N/mM6vobrh4QDptp","wYCqaZcA+7slXlj5N/mM6vobrh4QDptp",
"89806027-9978-4013-bf01-315a2e26430d","BLAN_001.basePlot.bet","D02","BLAN","BLAN_001","E","2015-08-20","2015-09-03","2015-09-03","2015-09-30",,"BLAN_001.E.20150903","snBNH0r8Ie27sIQ3i0ssVq+Vehr0gyn7joiTFcBLu3o=","invert bycatch",,,,,,,,,,"wYCqaZcA+7slXlj5N/mM6vobrh4QDptp",
"86bd75a5-986a-4af1-84f1-83bbe2020e29","BLAN_001.basePlot.bet","D02","BLAN","BLAN_001","E","2015-08-20","2015-09-03","2015-09-03","2015-09-30","2015-09-30","BLAN_001.E.20150903","snBNH0r8Ie27sIQ3i0ssVrwZo84G9E9kOf7qjXINx+g=","carabid","CALGRE","Calathus gregarius","species",,"Say",,1,"Bousquet, Y. 2010b. Illustrated Identification Guide to Adults and Larvae of Northeastern North American Ground Beetles (Coleoptera: Carabidae). 1st Ed. Pensoft Publishers, Sofia, Bulgaria.","wYCqaZcA+7slXlj5N/mM6vobrh4QDptp","wYCqaZcA+7slXlj5N/mM6vobrh4QDptp",
"e878fe0f-f5c1-4d1a-9862-6e7cb917f793","BLAN_004.basePlot.bet","D02","BLAN","BLAN_004","E","2015-08-20","2015-09-03","2015-09-03","2015-10-01",,"BLAN_004.E.20150903","zD/pbYGBt/BXsXKT6yBqRSc1InIQTf1PoZEPNKX3RA4=","invert bycatch",,,,,,,,,,"wYCqaZcA+7slXlj5N/mM6vobrh4QDptp",
"b8f328de-b716-4e54-9889-ebf205527aaf","BLAN_007.basePlot.bet","D02","BLAN","BLAN_007","E","2015-08-20","2015-09-03","2015-09-03","2015-10-01",,"BLAN_007.E.20150903","bSFRDFDJGfyH7CX1vhlSl/0OsDPN11KLNu67ygh6BtU=","invert bycatch",,,,,,,,,,"wYCqaZcA+7slXlj5N/mM6vobrh4QDptp",
"a3d2c756-cea2-401f-a012-26b7ccb9c7c6","BLAN_007.basePlot.bet","D02","BLAN","BLAN_007","E","2015-08-20","2015-09-03","2015-09-03","2015-10-01",,"BLAN_007.E.20150903","bSFRDFDJGfyH7CX1vhlSl/0OsDPN11KLPOd6AMDmsCw=","invert bycatch",,,,,,,,,,"wYCqaZcA+7slXlj5N/mM6vobrh4QDptp",
"291f2811-7171-48fa-8089-66a47f567864","BLAN_004.basePlot.bet","D02","BLAN","BLAN_004","N","2015-08-20","2015-09-03","2015-09-03","2015-10-01",,"BLAN_004.N.20150903","zD/pbYGBt/C/aB+ZJY3XZ3+xIu2Uoh/qCI10caU/VxI=","invert bycatch",,,,,,,,,,"wYCqaZcA+7slXlj5N/mM6vobrh4QDptp",
"c9a2a18c-ecde-463b-9222-f02110fedeff","BLAN_005.basePlot.bet","D02","BLAN","BLAN_005","N","2015-08-20","2015-09-03","2015-09-03","2015-10-01","2015-10-01","BLAN_005.N.20150903","z8g4o9caFRMjyse/PCVBHMydOaxgVIC7SUUB2pSGEPI=","carabid","PTESTY","Pterostichus stygicus","species",,"Say",,1,"Bousquet, Y. 2010b. Illustrated Identification Guide to Adults and Larvae of Northeastern North American Ground Beetles (Coleoptera: Carabidae). 1st Ed. Pensoft Publishers, Sofia, Bulgaria.","fhqXNoOkfxgxeumX3nh8hiKzTnt5lZ8Br3PaGAyV7lk=","wYCqaZcA+7slXlj5N/mM6vobrh4QDptp",
"e5b9540e-6dc7-46e0-aaf1-0312cd090d0b","BLAN_012.basePlot.bet","D02","BLAN","BLAN_012","N","2015-08-20","2015-09-03","2015-09-03","2015-10-01",,"BLAN_012.N.20150903","J0lvmfNn/ffePszKztR5ZE54roCe9OhUN1c6n7i30RM=","invert bycatch",,,,,,,,,,"wYCqaZcA+7slXlj5N/mM6vobrh4QDptp",
"1f6370be-1f11-47c2-a240-adb0cc4110f6","BLAN_005.basePlot.bet","D02","BLAN","BLAN_005","N","2015-08-20","2015-09-03","2015-09-03","2015-10-01",,"BLAN_005.N.20150903","z8g4o9caFRMjyse/PCVBHKX6+FK1lgfZjlhCaEDVUSs=","invert bycatch",,,,,,,,,,"wYCqaZcA+7slXlj5N/mM6vobrh4QDptp",
"470723b7-27ab-4b8e-9183-b5cb1b1c085b","BLAN_007.basePlot.bet","D02","BLAN","BLAN_007","N","2015-08-20","2015-09-03","2015-09-03","2015-10-01",,"BLAN_007.N.20150903","bSFRDFDJGfytG99/VH38tBgoWSXtmte31SnNeZUD7Sc=","invert bycatch",,,,,,,,,,"wYCqaZcA+7slXlj5N/mM6vobrh4QDptp",
"772a1b0c-d375-4391-9af3-eda1ddc184aa","BLAN_003.basePlot.bet","D02","BLAN","BLAN_003","N","2015-08-20","2015-09-03","2015-09-03","2015-09-30",,"BLAN_003.N.20150903","qWnRnvyEnOx1fxKxt0MOlSfrggZl+ZiKXX4DAsIweas=","invert bycatch",,,,,,,,,,"wYCqaZcA+7slXlj5N/mM6vobrh4QDptp",
"276b8646-9f64-4b8a-a2af-24e182f5fe12","BLAN_001.basePlot.bet","D02","BLAN","BLAN_001","N","2015-08-20","2015-09-03","2015-09-03","2015-09-30","2015-09-30","BLAN_001.N.20150903","snBNH0r8Ie2dc6Bc7EcuBystD5B8nmbIp3BC5RCr4vU=","carabid","CALGRE","Calathus gregarius","species",,"Say",,1,"Bousquet, Y. 2010b. Illustrated Identification Guide to Adults and Larvae of Northeastern North American Ground Beetles (Coleoptera: Carabidae). 1st Ed. Pensoft Publishers, Sofia, Bulgaria.","wYCqaZcA+7slXlj5N/mM6vobrh4QDptp","wYCqaZcA+7slXlj5N/mM6vobrh4QDptp",
"2ceb955d-fc8f-42b5-a757-85ffa38f5240","BLAN_001.basePlot.bet","D02","BLAN","BLAN_001","N","2015-08-20","2015-09-03","2015-09-03","2015-09-30",,"BLAN_001.N.20150903","snBNH0r8Ie2dc6Bc7EcuBzVVqYwOR6kPr+3Hvs1a2bA=","invert bycatch",,,,,,,,,,"wYCqaZcA+7slXlj5N/mM6vobrh4QDptp",
"b448337b-327f-4266-bfd1-125fa52595a8","BLAN_007.basePlot.bet","D02","BLAN","BLAN_007","N","2015-08-20","2015-09-03","2015-09-03","2015-10-01",,"BLAN_007.N.20150903","bSFRDFDJGfytG99/VH38tBgoWSXtmte3wQSEWxT2TeI=","invert bycatch",,,,,,,,,,"wYCqaZcA+7slXlj5N/mM6vobrh4QDptp",
"0671af76-bf3d-44c1-93e6-391ba356e36c","BLAN_012.basePlot.bet","D02","BLAN","BLAN_012","N","2015-08-20","2015-09-03","2015-09-03","2015-10-01","2015-10-01","BLAN_012.N.20150903","J0lvmfNn/ffePszKztR5ZFtdJ+lZEQQLVjA5lS7CXbQ=","carabid","CALGRE","Calathus gregarius","species",,"Say",,1,"Bousquet, Y. 2010b. Illustrated Identification Guide to Adults and Larvae of Northeastern North American Ground Beetles (Coleoptera: Carabidae). 1st Ed. Pensoft Publishers, Sofia, Bulgaria.","wYCqaZcA+7slXlj5N/mM6vobrh4QDptp","wYCqaZcA+7slXlj5N/mM6vobrh4QDptp",
"5ac9a1dd-281f-41c1-bb5e-26107f986d3e","BLAN_012.basePlot.bet","D02","BLAN","BLAN_012","N","2015-08-20","2015-09-03","2015-09-03","2015-10-01","2015-10-01","BLAN_012.N.20150903","J0lvmfNn/ffePszKztR5ZF4Oh8RsJC1pPSBgMD4/TGg=","carabid","CYCSIG","Cyclotrachelus sigillatus","species",,"Say",,1,"Freitag, R. 1969. A revision of the species of the genus Evarthrus LeConte. Quaestiones Entomologicae 5:89-212.","wYCqaZcA+7slXlj5N/mM6vobrh4QDptp","wYCqaZcA+7slXlj5N/mM6vobrh4QDptp",
"693b273b-0573-4b34-9056-2c2ec3195fc6","BLAN_006.basePlot.bet","D02","BLAN","BLAN_006","N","2015-08-20","2015-09-03","2015-09-03","2015-10-01",,"BLAN_006.N.20150903","YPnoadCppCw5fBSxKNPHHvQa+LHT7Qdn201p0sD4Ebs=","invert bycatch",,,,,,,,,,"wYCqaZcA+7slXlj5N/mM6vobrh4QDptp",
"50b8e5e1-3f76-433e-b103-f217bdd3cffe","BLAN_009.basePlot.bet","D02","BLAN","BLAN_009","N","2015-08-20","2015-09-03","2015-09-03","2015-09-30","2015-09-30","BLAN_009.N.20150903","7TKpA4ipJZDLqKPO2y3GpmXnA6pZchdCtzzQBd0M320=","carabid","PTETRI1","Pterostichus trinarius","species",,"Casey",,1,"Lindroth, C. H. 1969. The ground-beetles (Carabidae, excl. Cicindelinae) of Canada and Alaska, parts 1-6. Opuscula E. Entomoligiska Sallskapet.","wYCqaZcA+7slXlj5N/mM6vobrh4QDptp","wYCqaZcA+7slXlj5N/mM6vobrh4QDptp",
"7fd5c85a-d3c3-40a7-896e-85286e004d6a","BLAN_009.basePlot.bet","D02","BLAN","BLAN_009","N","2015-08-20","2015-09-03","2015-09-03","2015-09-30",,"BLAN_009.N.20150903","7TKpA4ipJZDLqKPO2y3GpgY7pjFi/GcOp2kXh/2Z5qA=","invert bycatch",,,,,,,,,,"wYCqaZcA+7slXlj5N/mM6vobrh4QDptp",
"e8688796-72dd-4223-95e1-e9930108c24a","BLAN_009.basePlot.bet","D02","BLAN","BLAN_009","N","2015-08-20","2015-09-03","2015-09-03","2015-09-30",,"BLAN_009.N.20150903","7TKpA4ipJZDLqKPO2y3GpgY7pjFi/GcOy1UN5juu2Xw=","invert bycatch",,,,,,,,,,"wYCqaZcA+7slXlj5N/mM6vobrh4QDptp",
"9d9d1d26-bf81-4097-8b16-73a21883996b","BLAN_002.basePlot.bet","D02","BLAN","BLAN_002","N","2015-08-20","2015-09-03","2015-09-03","2015-10-01",,"BLAN_002.N.20150903","pAIsJl1bu+HXiZP2divGM5FPrPOm3UjPU6l2KrcZdZk=","invert bycatch",,,,,,,,,,"wYCqaZcA+7slXlj5N/mM6vobrh4QDptp",
"0751801e-c549-4dbd-b4be-cbad42bff5f0","BLAN_011.basePlot.bet","D02","BLAN","BLAN_011","N","2015-08-20","2015-09-03","2015-09-03","2015-09-30","2015-09-30","BLAN_011.N.20150903","N4JQ3RFWht3sbbIawXLCq7VYbRgT2PWlWWXfoePZOuQ=","carabid","PTESTY","Pterostichus stygicus","species",,"Say",,1,"Bousquet, Y. 2010b. Illustrated Identification Guide to Adults and Larvae of Northeastern North American Ground Beetles (Coleoptera: Carabidae). 1st Ed. Pensoft Publishers, Sofia, Bulgaria.","wYCqaZcA+7slXlj5N/mM6vobrh4QDptp","wYCqaZcA+7slXlj5N/mM6vobrh4QDptp",
"5ff407f0-4b76-4c77-8896-3df2a62a80bf","BLAN_011.basePlot.bet","D02","BLAN","BLAN_011","N","2015-08-20","2015-09-03","2015-09-03","2015-09-30","2015-09-30","BLAN_011.N.20150903","N4JQ3RFWht3sbbIawXLCq2ZosbSrfwWc+kgi5QpLPvA=","carabid","BEMPED","Bembidion pedicellatum","species",,"LeConte",,2,"Lindroth, C. H. 1969. The ground-beetles (Carabidae, excl. Cicindelinae) of Canada and Alaska, parts 1-6. Opuscula E. Entomoligiska Sallskapet.","wYCqaZcA+7slXlj5N/mM6vobrh4QDptp","wYCqaZcA+7slXlj5N/mM6vobrh4QDptp",
"4556dc15-726c-4497-9684-94c48c2021cc","BLAN_011.basePlot.bet","D02","BLAN","BLAN_011","N","2015-08-20","2015-09-03","2015-09-03","2015-09-30",,"BLAN_011.N.20150903","N4JQ3RFWht3sbbIawXLCq5waZrxIciLJiO8XwDe/7HU=","invert bycatch",,,,,,,,,,"wYCqaZcA+7slXlj5N/mM6vobrh4QDptp",
"bac5986f-4a69-480f-bb6e-4744ec599a08","BLAN_011.basePlot.bet","D02","BLAN","BLAN_011","N","2015-08-20","2015-09-03","2015-09-03","2015-09-30",,"BLAN_011.N.20150903","N4JQ3RFWht3sbbIawXLCq5waZrxIciLJTuYmiE3p/kY=","invert bycatch",,,,,,,,,,"wYCqaZcA+7slXlj5N/mM6vobrh4QDptp",
"98a082e3-44ae-4e8f-b5d9-e66e36866c75","BLAN_011.basePlot.bet","D02","BLAN","BLAN_011","N","2015-08-20","2015-09-03","2015-09-03","2015-09-30","2015-09-30","BLAN_011.N.20150903","N4JQ3RFWht3sbbIawXLCq6rFcMQ4YnRtFVglotTGvqw=","carabid","CYCSIG","Cyclotrachelus sigillatus","species",,"Say",,5,"Freitag, R. 1969. A revision of the species of the genus Evarthrus LeConte. Quaestiones Entomologicae 5:89-212.","wYCqaZcA+7slXlj5N/mM6vobrh4QDptp","wYCqaZcA+7slXlj5N/mM6vobrh4QDptp",
"bc1fc202-1617-4802-8748-9899ca74cc9d","BLAN_011.basePlot.bet","D02","BLAN","BLAN_011","N","2015-08-20","2015-09-03","2015-09-03","2015-09-30","2015-09-30","BLAN_011.N.20150903","N4JQ3RFWht3sbbIawXLCqzT7SqZN0jW2e0UbKLXYucw=","carabid","PTETRI1","Pterostichus trinarius","species",,"Casey",,1,"Lindroth, C. H. 1969. The ground-beetles (Carabidae, excl. Cicindelinae) of Canada and Alaska, parts 1-6. Opuscula E. Entomoligiska Sallskapet.","wYCqaZcA+7slXlj5N/mM6vobrh4QDptp","wYCqaZcA+7slXlj5N/mM6vobrh4QDptp",
"9c710e32-c2f4-45df-bc29-63b14c2db6b2","BLAN_011.basePlot.bet","D02","BLAN","BLAN_011","N","2015-08-20","2015-09-03","2015-09-03","2015-09-30","2015-09-30","BLAN_011.N.20150903","N4JQ3RFWht3sbbIawXLCq7LTkgRfBBeT7uTkfgbOwtY=","carabid","PTEPER2","Pterostichus permundus","species",,"Say",,1,"Ciegler, J. C. 2000. Ground beetles and wrinkled bark beetles of South Carolina (Coleoptera: Geadephaga: Carabidae and Rhysodidae). Biota of South Carolina. Vol. 1. Clemson, S. Clemson University.","wYCqaZcA+7slXlj5N/mM6vobrh4QDptp","wYCqaZcA+7slXlj5N/mM6vobrh4QDptp",
"ea9bd1c2-2691-446c-a2b2-ec29cbade75d","BLAN_004.basePlot.bet","D02","BLAN","BLAN_004","S","2015-08-20","2015-09-03","2015-09-03","2015-10-01",,"BLAN_004.S.20150903","zD/pbYGBt/CNI35fc9ji9LBWDiXHwYH2e1+dn2ZRuJ8=","invert bycatch",,,,,,,,,,"wYCqaZcA+7slXlj5N/mM6vobrh4QDptp",
"eef152c7-9915-402c-b6c4-15e9396d07b8","BLAN_007.basePlot.bet","D02","BLAN","BLAN_007","S","2015-08-20","2015-09-03","2015-09-03","2015-10-01",,"BLAN_007.S.20150903","bSFRDFDJGfxVcvZJvv+ISpIW0VblXeE9mNvV5qy1SAk=","invert bycatch",,,,,,,,,,"wYCqaZcA+7slXlj5N/mM6vobrh4QDptp",
"4b612b10-d7b7-4ad9-a554-d099bbb822c7","BLAN_007.basePlot.bet","D02","BLAN","BLAN_007","S","2015-08-20","2015-09-03","2015-09-03","2015-10-01","2015-10-01","BLAN_007.S.20150903","bSFRDFDJGfxVcvZJvv+ISvSFBl+qJ5f3vu8A/hLC2is=","carabid","PTEPER2","Pterostichus permundus","species",,"Say",,1,"Ciegler, J. C. 2000. Ground beetles and wrinkled bark beetles of South Carolina (Coleoptera: Geadephaga: Carabidae and Rhysodidae). Biota of South Carolina. Vol. 1. Clemson, S. Clemson University.","wYCqaZcA+7slXlj5N/mM6vobrh4QDptp","wYCqaZcA+7slXlj5N/mM6vobrh4QDptp",
"2abdcd0f-5fa1-4e0a-993c-38918c129478","BLAN_007.basePlot.bet","D02","BLAN","BLAN_007","S","2015-08-20","2015-09-03","2015-09-03","2015-10-01",,"BLAN_007.S.20150903","bSFRDFDJGfxVcvZJvv+ISpIW0VblXeE9v2Atg1E0+mo=","invert bycatch",,,,,,,,,,"wYCqaZcA+7slXlj5N/mM6vobrh4QDptp",
"0d70f6f1-6f85-4a95-9955-29b914626194","BLAN_004.basePlot.bet","D02","BLAN","BLAN_004","S","2015-08-20","2015-09-03","2015-09-03","2015-10-01","2015-10-01","BLAN_004.S.20150903","zD/pbYGBt/CNI35fc9ji9EPfuaa8OCAstjJ5fCq/SJI=","carabid","PTEPER2","Pterostichus permundus","species",,"Say",,1,"Ciegler, J. C. 2000. Ground beetles and wrinkled bark beetles of South Carolina (Coleoptera: Geadephaga: Carabidae and Rhysodidae). Biota of South Carolina. Vol. 1. Clemson, S. Clemson University.","wYCqaZcA+7slXlj5N/mM6vobrh4QDptp","wYCqaZcA+7slXlj5N/mM6vobrh4QDptp",
"11ca1c9b-3df9-4607-a2bd-fd7042bf2f7f","BLAN_004.basePlot.bet","D02","BLAN","BLAN_004","S","2015-08-20","2015-09-03","2015-09-03","2015-10-01","2015-10-01","BLAN_004.S.20150903","zD/pbYGBt/CNI35fc9ji9LPGWfuQ0W+S/LM/Cmm9YkI=","carabid","CALGRE","Calathus gregarius","species",,"Say",,1,"Bousquet, Y. 2010b. Illustrated Identification Guide to Adults and Larvae of Northeastern North American Ground Beetles (Coleoptera: Carabidae). 1st Ed. Pensoft Publishers, Sofia, Bulgaria.","wYCqaZcA+7slXlj5N/mM6vobrh4QDptp","wYCqaZcA+7slXlj5N/mM6vobrh4QDptp",
"889c583b-2e06-4a43-99ab-a95167f3c077","BLAN_004.basePlot.bet","D02","BLAN","BLAN_004","S","2015-08-20","2015-09-03","2015-09-03","2015-10-01","2015-10-01","BLAN_004.S.20150903","zD/pbYGBt/CNI35fc9ji9ChMufiit9Gbx4WeHJ65Yfc=","carabid","PTESTY","Pterostichus stygicus","species",,"Say",,1,"Bousquet, Y. 2010b. Illustrated Identification Guide to Adults and Larvae of Northeastern North American Ground Beetles (Coleoptera: Carabidae). 1st Ed. Pensoft Publishers, Sofia, Bulgaria.","wYCqaZcA+7slXlj5N/mM6vobrh4QDptp","wYCqaZcA+7slXlj5N/mM6vobrh4QDptp",
"9a022d58-780c-4416-b938-c5ca79260deb","BLAN_001.basePlot.bet","D02","BLAN","BLAN_001","S","2015-08-20","2015-09-03","2015-09-03","2015-09-30",,"BLAN_001.S.20150903","snBNH0r8Ie3oU3fy7HbdkYZrpTm/hc3GkCZm9Gd2Fps=","invert bycatch",,,,,,,,,,"wYCqaZcA+7slXlj5N/mM6vobrh4QDptp",
"a0aaf144-ccbc-4742-9cad-2148c6ff60f8","BLAN_001.basePlot.bet","D02","BLAN","BLAN_001","S","2015-08-20","2015-09-03","2015-09-03","2015-09-30","2015-09-30","BLAN_001.S.20150903","snBNH0r8Ie3oU3fy7HbdkaT2hSufHtvc50nvyUsAy2c=","carabid","CYCFUR","Cyclotrachelus furtivus","species",,"LeConte",,1,"Freitag, R. 1969. A revision of the species of the genus Evarthrus LeConte. Quaestiones Entomologicae 5:89-212.","wYCqaZcA+7slXlj5N/mM6vobrh4QDptp","wYCqaZcA+7slXlj5N/mM6vobrh4QDptp",
"9c411faa-0e4f-4349-afcd-33a96de08840","BLAN_005.basePlot.bet","D02","BLAN","BLAN_005","S","2015-08-20","2015-09-03","2015-09-03","2015-10-01","2015-10-01","BLAN_005.S.20150903","z8g4o9caFROyny+EfIixsJZ6bllbswilNPrm3S48xc4=","carabid","PTEPER2","Pterostichus permundus","species",,"Say",,2,"Ciegler, J. C. 2000. Ground beetles and wrinkled bark beetles of South Carolina (Coleoptera: Geadephaga: Carabidae and Rhysodidae). Biota of South Carolina. Vol. 1. Clemson, S. Clemson University.","wYCqaZcA+7slXlj5N/mM6vobrh4QDptp","wYCqaZcA+7slXlj5N/mM6vobrh4QDptp",
"f12f1121-f8a3-46f6-88a4-bb96363d8685","BLAN_003.basePlot.bet","D02","BLAN","BLAN_003","S","2015-08-20","2015-09-03","2015-09-03","2015-09-30",,"BLAN_003.S.20150903","qWnRnvyEnOw8ZG3glPjrxksoBMxn/w+32o70KBtTqGI=","invert bycatch",,,,,,,,,,"wYCqaZcA+7slXlj5N/mM6vobrh4QDptp",
"2c5746a9-e32b-4d51-bcc7-92e4a9e51791","BLAN_012.basePlot.bet","D02","BLAN","BLAN_012","S","2015-08-20","2015-09-03","2015-09-03","2015-10-01","2015-10-01","BLAN_012.S.20150903","J0lvmfNn/fcMLVBNGhCcXFL57PTEMY3s4Ntyyk2yhMU=","carabid","CALGRE","Calathus gregarius","species",,"Say",,1,"Bousquet, Y. 2010b. Illustrated Identification Guide to Adults and Larvae of Northeastern North American Ground Beetles (Coleoptera: Carabidae). 1st Ed. Pensoft Publishers, Sofia, Bulgaria.","wYCqaZcA+7slXlj5N/mM6vobrh4QDptp","wYCqaZcA+7slXlj5N/mM6vobrh4QDptp",
"d8f5c68c-d1dd-41c8-b973-4c61ba871c64","BLAN_012.basePlot.bet","D02","BLAN","BLAN_012","S","2015-08-20","2015-09-03","2015-09-03","2015-10-01",,"BLAN_012.S.20150903","J0lvmfNn/fcMLVBNGhCcXI8eI52tCnc2BuEHMNRpwhk=","invert bycatch",,,,,,,,,,"wYCqaZcA+7slXlj5N/mM6vobrh4QDptp",
"0f25f867-7a1f-40bc-a8de-87d90fe7b5f2","BLAN_005.basePlot.bet","D02","BLAN","BLAN_005","S","2015-08-20","2015-09-03","2015-09-03","2015-10-01",,"BLAN_005.S.20150903","z8g4o9caFROyny+EfIixsABAQo4VdfqexaSP7gy5JtE=","invert bycatch",,,,,,,,,,"wYCqaZcA+7slXlj5N/mM6vobrh4QDptp",
"4c6dc76f-2fad-482f-ab53-897f76e24101","BLAN_012.basePlot.bet","D02","BLAN","BLAN_012","S","2015-08-20","2015-09-03","2015-09-03","2015-10-01","2015-10-01","BLAN_012.S.20150903","J0lvmfNn/fcMLVBNGhCcXML7duUXvYumHGlyxjU6B54=","carabid","PTESTY","Pterostichus stygicus","species",,"Say",,1,"Bousquet, Y. 2010b. Illustrated Identification Guide to Adults and Larvae of Northeastern North American Ground Beetles (Coleoptera: Carabidae). 1st Ed. Pensoft Publishers, Sofia, Bulgaria.","wYCqaZcA+7slXlj5N/mM6vobrh4QDptp","wYCqaZcA+7slXlj5N/mM6vobrh4QDptp",
"0556ad21-11ed-4488-b2e9-08ae22834865","BLAN_002.basePlot.bet","D02","BLAN","BLAN_002","S","2015-08-20","2015-09-03","2015-09-03","2015-10-01",,"BLAN_002.S.20150903","pAIsJl1bu+E8Xbm7/DkTAmP4EMdOnv0DteeXcIF414w=","invert bycatch",,,,,,,,,,"wYCqaZcA+7slXlj5N/mM6vobrh4QDptp",
"82c937cb-da46-4cc5-a3c8-2eb280f73341","BLAN_006.basePlot.bet","D02","BLAN","BLAN_006","S","2015-08-20","2015-09-03","2015-09-03","2015-10-01",,"BLAN_006.S.20150903","YPnoadCppCzewqzz7FEYf/1ZI+R3AE3IXKHq/YDdEtw=","invert bycatch",,,,,,,,,,"wYCqaZcA+7slXlj5N/mM6vobrh4QDptp",
"ef491553-6792-4f90-ba59-1b8cdeafd6ef","BLAN_009.basePlot.bet","D02","BLAN","BLAN_009","S","2015-08-20","2015-09-03","2015-09-03","2015-09-30","2015-09-30","BLAN_009.S.20150903","7TKpA4ipJZD/eLeUcyr09ZazL1DRZG5DRi7GQpdgqJc=","carabid","CYCFUR","Cyclotrachelus furtivus","species",,"LeConte",,5,"Freitag, R. 1969. A revision of the species of the genus Evarthrus LeConte. Quaestiones Entomologicae 5:89-212.","wYCqaZcA+7slXlj5N/mM6vobrh4QDptp","wYCqaZcA+7slXlj5N/mM6vobrh4QDptp",
"db79360c-72eb-4493-9cc9-5e70a0922367","BLAN_011.basePlot.bet","D02","BLAN","BLAN_011","S","2015-08-20","2015-09-03","2015-09-03","2015-09-30","2015-09-30","BLAN_011.S.20150903","N4JQ3RFWht13HHHMMMID0YC4CsCE8ziJwPX7dgFdHEE=","carabid","CYCSIG","Cyclotrachelus sigillatus","species",,"Say",,2,"Freitag, R. 1969. A revision of the species of the genus Evarthrus LeConte. Quaestiones Entomologicae 5:89-212.","wYCqaZcA+7slXlj5N/mM6vobrh4QDptp","wYCqaZcA+7slXlj5N/mM6vobrh4QDptp",
"68a371c5-9283-46b4-87e0-c6624728448b","BLAN_011.basePlot.bet","D02","BLAN","BLAN_011","S","2015-08-20","2015-09-03","2015-09-03","2015-09-30",,"BLAN_011.S.20150903","N4JQ3RFWht13HHHMMMID0XtET2996DHGdktNzy6eKwM=","invert bycatch",,,,,,,,,,"wYCqaZcA+7slXlj5N/mM6vobrh4QDptp",
"1f6c843e-9980-4e68-95fa-bb3c496da8e3","BLAN_011.basePlot.bet","D02","BLAN","BLAN_011","S","2015-09-03","2015-09-17","2015-09-18","2015-10-05",,"BLAN_011.S.20150917","N4JQ3RFWht13HHHMMMID0fzCT/Fifp6Zpn1DkPZvp7w=","invert bycatch",,,,,,,,,,"wYCqaZcA+7slXlj5N/mM6vobrh4QDptp",
"330b4705-09e3-4146-b867-c0fcb8f23298","BLAN_011.basePlot.bet","D02","BLAN","BLAN_011","S","2015-09-03","2015-09-17","2015-09-18","2015-10-05",,"BLAN_011.S.20150917","N4JQ3RFWht13HHHMMMID0fzCT/Fifp6ZrF6S+lT1cL0=","invert bycatch",,,,,,,,,,"wYCqaZcA+7slXlj5N/mM6vobrh4QDptp",
"51623ea7-e32c-4e26-86df-3a2b64b1663b","BLAN_011.basePlot.bet","D02","BLAN","BLAN_011","S","2015-09-03","2015-09-17","2015-09-18","2015-10-05","2015-10-05","BLAN_011.S.20150917","N4JQ3RFWht13HHHMMMID0W9MqEtnZXeL+IqUIYVjVuc=","carabid","CYCSIG","Cyclotrachelus sigillatus","species",,"Say",,1,"Freitag, R. 1969. A revision of the species of the genus Evarthrus LeConte. Quaestiones Entomologicae 5:89-212.","wYCqaZcA+7slXlj5N/mM6vobrh4QDptp","wYCqaZcA+7slXlj5N/mM6vobrh4QDptp",
"4b8f48c5-fe81-46e9-ab1a-8fc335ef01b2","BLAN_001.basePlot.bet","D02","BLAN","BLAN_001","S","2015-09-03","2015-09-17","2015-09-18","2015-10-02","2015-10-02","BLAN_001.S.20150917","snBNH0r8Ie3oU3fy7HbdkVvhw9w/oKO2Dm0zFvx1hbk=","carabid","PTESTY","Pterostichus stygicus","species",,"Say",,1,"Bousquet, Y. 2010b. Illustrated Identification Guide to Adults and Larvae of Northeastern North American Ground Beetles (Coleoptera: Carabidae). 1st Ed. Pensoft Publishers, Sofia, Bulgaria.","fhqXNoOkfxgxeumX3nh8hiKzTnt5lZ8Br3PaGAyV7lk=","wYCqaZcA+7slXlj5N/mM6vobrh4QDptp",
"528f172f-caf4-4904-bf95-88facf5ea197","BLAN_005.basePlot.bet","D02","BLAN","BLAN_005","S","2015-09-03","2015-09-17","2015-09-18","2015-10-02","2015-10-02","BLAN_005.S.20150917","z8g4o9caFROyny+EfIixsIRMbAX1/W2Nz8Thz4GNDxg=","carabid","GALBIC","Galerita bicolor","species",,"Drury",,1,"Ciegler, J. C. 2000. Ground beetles and wrinkled bark beetles of South Carolina (Coleoptera: Geadephaga: Carabidae and Rhysodidae). Biota of South Carolina. Vol. 1. Clemson, S. Clemson University.","wYCqaZcA+7slXlj5N/mM6vobrh4QDptp","wYCqaZcA+7slXlj5N/mM6vobrh4QDptp",
"e519fef4-8a08-4377-8d33-f2b70562309d","BLAN_002.basePlot.bet","D02","BLAN","BLAN_002","S","2015-09-03","2015-09-17","2015-09-18","2015-10-05",,"BLAN_002.S.20150917","pAIsJl1bu+E8Xbm7/DkTAptx8CM4o5wlACUnlfrdJ4Q=","invert bycatch",,,,,,,,,,"wYCqaZcA+7slXlj5N/mM6vobrh4QDptp",
"a6b4d9d8-e77d-4d4d-bf1a-b59dea73e3da","BLAN_005.basePlot.bet","D02","BLAN","BLAN_005","S","2015-09-03","2015-09-17","2015-09-18","2015-10-02",,"BLAN_005.S.20150917","z8g4o9caFROyny+EfIixsK087WjZdG7amXRnmlYq604=","invert bycatch",,,,,,,,,,"wYCqaZcA+7slXlj5N/mM6vobrh4QDptp",
"1071ece7-7235-4ca4-add0-29616f0305c4","BLAN_007.basePlot.bet","D02","BLAN","BLAN_007","S","2015-09-03","2015-09-17","2015-09-18","2015-10-05","2015-10-05","BLAN_007.S.20150917","bSFRDFDJGfxVcvZJvv+ISnMVLe0h7hbQrVtcBskGW70=","carabid","CYCSIG","Cyclotrachelus sigillatus","species",,"Say",,1,"Freitag, R. 1969. A revision of the species of the genus Evarthrus LeConte. Quaestiones Entomologicae 5:89-212.","wYCqaZcA+7slXlj5N/mM6vobrh4QDptp","wYCqaZcA+7slXlj5N/mM6vobrh4QDptp",
"5e8c432f-609e-4de8-a9db-6c2cce1a277e","BLAN_007.basePlot.bet","D02","BLAN","BLAN_007","S","2015-09-03","2015-09-17","2015-09-18","2015-10-05",,"BLAN_007.S.20150917","bSFRDFDJGfxVcvZJvv+IShNXMaZfiHaV+gT+rEFECM4=","invert bycatch",,,,,,,,,,"wYCqaZcA+7slXlj5N/mM6vobrh4QDptp",
"3f4e66dd-e337-4450-a2ee-6b25c00b4e4c","BLAN_007.basePlot.bet","D02","BLAN","BLAN_007","S","2015-09-03","2015-09-17","2015-09-18","2015-10-05",,"BLAN_007.S.20150917","bSFRDFDJGfxVcvZJvv+IShNXMaZfiHaVQMRdNT6wsPk=","invert bycatch",,,,,,,,,,"wYCqaZcA+7slXlj5N/mM6vobrh4QDptp",
"176fcd28-e2db-4c18-af6e-2393f5581fd3","BLAN_007.basePlot.bet","D02","BLAN","BLAN_007","S","2015-09-03","2015-09-17","2015-09-18","2015-10-05",,"BLAN_007.S.20150917","bSFRDFDJGfxVcvZJvv+IShNXMaZfiHaVR1CiNGzI/xE=","invert bycatch",,,,,,,,,,"wYCqaZcA+7slXlj5N/mM6vobrh4QDptp",
"a25eb441-7b90-4a56-9c05-fdf65542a77f","BLAN_001.basePlot.bet","D02","BLAN","BLAN_001","W","2015-09-03","2015-09-17","2015-09-18","2015-10-02","2015-10-02","BLAN_001.W.20150917","snBNH0r8Ie2U/GXK/PObv06o+zVUczMdviStjFEMYE0=","carabid","PTESTY","Pterostichus stygicus","species",,"Say",,2,"Bousquet, Y. 2010b. Illustrated Identification Guide to Adults and Larvae of Northeastern North American Ground Beetles (Coleoptera: Carabidae). 1st Ed. Pensoft Publishers, Sofia, Bulgaria.","fhqXNoOkfxgxeumX3nh8hiKzTnt5lZ8Br3PaGAyV7lk=","wYCqaZcA+7slXlj5N/mM6vobrh4QDptp",
"69c17124-200a-4021-82db-513b222649ec","BLAN_007.basePlot.bet","D02","BLAN","BLAN_007","W","2015-09-03","2015-09-17","2015-09-18","2015-10-05","2015-10-05","BLAN_007.W.20150917","bSFRDFDJGfxXYFGFgSAAn7nF+/ZA/UljLHd8NwRbKiE=","carabid","MYACOR","Myas coracinus","species",,"Say",,1,"Ciegler, J. C. 2000. Ground beetles and wrinkled bark beetles of South Carolina (Coleoptera: Geadephaga: Carabidae and Rhysodidae). Biota of South Carolina. Vol. 1. Clemson, S. Clemson University.","wYCqaZcA+7slXlj5N/mM6vobrh4QDptp","wYCqaZcA+7slXlj5N/mM6vobrh4QDptp",
"43fb679a-875e-406c-b0c6-10b05e5f174e","BLAN_007.basePlot.bet","D02","BLAN","BLAN_007","W","2015-09-03","2015-09-17","2015-09-18","2015-10-05","2015-10-05","BLAN_007.W.20150917","bSFRDFDJGfxXYFGFgSAAn5JADGdVITIxZMukDQdnUIE=","carabid","PTEPER2","Pterostichus permundus","species",,"Say",,1,"Ciegler, J. C. 2000. Ground beetles and wrinkled bark beetles of South Carolina (Coleoptera: Geadephaga: Carabidae and Rhysodidae). Biota of South Carolina. Vol. 1. Clemson, S. Clemson University.","wYCqaZcA+7slXlj5N/mM6vobrh4QDptp","wYCqaZcA+7slXlj5N/mM6vobrh4QDptp",
"e62a0a3b-76ff-49fd-a1b9-2767f501cb4d","BLAN_004.basePlot.bet","D02","BLAN","BLAN_004","W","2015-09-03","2015-09-17","2015-09-18","2015-10-02",,"BLAN_004.W.20150917","zD/pbYGBt/BuUxBT/0jXnTQVVKvoqG2rHvC8SzLjGR0=","invert bycatch",,,,,,,,,,"wYCqaZcA+7slXlj5N/mM6vobrh4QDptp",
"852482f8-f11f-44c3-91e6-66703c299ed8","BLAN_007.basePlot.bet","D02","BLAN","BLAN_007","W","2015-09-03","2015-09-17","2015-09-18","2015-10-05",,"BLAN_007.W.20150917","bSFRDFDJGfxXYFGFgSAAn+VCsdWeWAdzgXodP+n+MIQ=","invert bycatch",,,,,,,,,,"wYCqaZcA+7slXlj5N/mM6vobrh4QDptp",
"95ac5f43-9c49-40ad-b7db-a991160eb703","BLAN_007.basePlot.bet","D02","BLAN","BLAN_007","W","2015-09-03","2015-09-17","2015-09-18","2015-10-05",,"BLAN_007.W.20150917","bSFRDFDJGfxXYFGFgSAAn+VCsdWeWAdzo6/eEmC1nxs=","invert bycatch",,,,,,,,,,"wYCqaZcA+7slXlj5N/mM6vobrh4QDptp",
"1cb15644-4953-4efa-a51f-6c0a9e8aa53e","BLAN_007.basePlot.bet","D02","BLAN","BLAN_007","W","2015-09-03","2015-09-17","2015-09-18","2015-10-05",,"BLAN_007.W.20150917","bSFRDFDJGfxXYFGFgSAAn+VCsdWeWAdzOFvarCm3Mec=","invert bycatch",,,,,,,,,,"wYCqaZcA+7slXlj5N/mM6vobrh4QDptp",
"c3774544-cefb-403a-9f18-85d1178499a4","BLAN_007.basePlot.bet","D02","BLAN","BLAN_007","W","2015-09-03","2015-09-17","2015-09-18","2015-10-05","2015-10-05","BLAN_007.W.20150917","bSFRDFDJGfxXYFGFgSAAn9YW7+wtlFD8mMXPkv3ZFmg=","carabid","GALBIC","Galerita bicolor","species",,"Drury",,1,"Ciegler, J. C. 2000. Ground beetles and wrinkled bark beetles of South Carolina (Coleoptera: Geadephaga: Carabidae and Rhysodidae). Biota of South Carolina. Vol. 1. Clemson, S. Clemson University.","wYCqaZcA+7slXlj5N/mM6vobrh4QDptp","wYCqaZcA+7slXlj5N/mM6vobrh4QDptp",
"60998234-e6d1-4ea2-a4b0-7ffc0bc92171","BLAN_003.basePlot.bet","D02","BLAN","BLAN_003","W","2015-09-03","2015-09-17","2015-09-18","2015-10-02","2015-10-02","BLAN_003.W.20150917","qWnRnvyEnOzTkoE7zeEk+LT3RG8nkYWfTfxrcGr8zZg=","carabid","PTEPER2","Pterostichus permundus","species",,"Say",,2,"Ciegler, J. C. 2000. Ground beetles and wrinkled bark beetles of South Carolina (Coleoptera: Geadephaga: Carabidae and Rhysodidae). Biota of South Carolina. Vol. 1. Clemson, S. Clemson University.","wYCqaZcA+7slXlj5N/mM6vobrh4QDptp","wYCqaZcA+7slXlj5N/mM6vobrh4QDptp",
"f7c14070-6aef-42b6-b301-bfff4bf00f7f","BLAN_001.basePlot.bet","D02","BLAN","BLAN_001","W","2015-09-03","2015-09-17","2015-09-18","2015-10-02","2015-10-02","BLAN_001.W.20150917","snBNH0r8Ie2U/GXK/PObvz4daQyBxy5lX/3GflFEpx4=","carabid","NOTSEM2","Notiophilus semistriatus","species",,"Say",,1,"Bousquet, Y. 2010b. Illustrated Identification Guide to Adults and Larvae of Northeastern North American Ground Beetles (Coleoptera: Carabidae). 1st Ed. Pensoft Publishers, Sofia, Bulgaria.","wYCqaZcA+7slXlj5N/mM6vobrh4QDptp","wYCqaZcA+7slXlj5N/mM6vobrh4QDptp",
"d5f8a4d5-70cd-49b7-8b67-55b197e5c9c5","BLAN_003.basePlot.bet","D02","BLAN","BLAN_003","W","2015-09-03","2015-09-17","2015-09-18","2015-10-02","2015-11-06","BLAN_003.W.20150917","qWnRnvyEnOzTkoE7zeEk+GexfoyhqiIHOfC4FBG3AeU=","carabid","HARPEN","Harpalus pensylvanicus","species",,"DeGeer",,1,"Ball, G. E., and J. N. Anderson. 1962. The taxonomy and speciation of Pseudophonus (a subgenus of Harpalus: Haralini: Carabidae, known to occur in North America). The Catholic University of America Press, Washington 17, D. C.","wYCqaZcA+7slXlj5N/mM6vobrh4QDptp","wYCqaZcA+7slXlj5N/mM6vobrh4QDptp",
"4d41b11f-c322-4ac6-9f84-7e7f0bd4cf6d","BLAN_003.basePlot.bet","D02","BLAN","BLAN_003","W","2015-09-03","2015-09-17","2015-09-18","2015-10-02","2015-10-02","BLAN_003.W.20150917","qWnRnvyEnOzTkoE7zeEk+KYlbiwsgEyPQw3jZXmNg5Q=","carabid","CYCFUR","Cyclotrachelus furtivus","species",,"LeConte",,1,"Freitag, R. 1969. A revision of the species of the genus Evarthrus LeConte. Quaestiones Entomologicae 5:89-212.","fhqXNoOkfxgxeumX3nh8hiKzTnt5lZ8Br3PaGAyV7lk=","wYCqaZcA+7slXlj5N/mM6vobrh4QDptp",
"006c2c53-73cc-42a0-be4d-72d0da59b55b","BLAN_001.basePlot.bet","D02","BLAN","BLAN_001","W","2015-09-03","2015-09-17","2015-09-18","2015-10-02",,"BLAN_001.W.20150917","snBNH0r8Ie2U/GXK/PObv2bGnFS+Y5/U4et8dZPj6pY=","invert bycatch",,,,,,,,,,"wYCqaZcA+7slXlj5N/mM6vobrh4QDptp",
"2cfdb38a-5868-429e-a14c-625112a9b799","BLAN_005.basePlot.bet","D02","BLAN","BLAN_005","W","2015-09-03","2015-09-17","2015-09-18","2015-10-02","2015-10-02","BLAN_005.W.20150917","z8g4o9caFRP037RQd/7+6CtjBZz4Mhi9abnJa3nGd+s=","carabid","PTEPER2","Pterostichus permundus","species",,"Say",,1,"Ciegler, J. C. 2000. Ground beetles and wrinkled bark beetles of South Carolina (Coleoptera: Geadephaga: Carabidae and Rhysodidae). Biota of South Carolina. Vol. 1. Clemson, S. Clemson University.","wYCqaZcA+7slXlj5N/mM6vobrh4QDptp","wYCqaZcA+7slXlj5N/mM6vobrh4QDptp",
"15428252-08b6-46af-ab31-952dc2f216e9","BLAN_005.basePlot.bet","D02","BLAN","BLAN_005","W","2015-09-03","2015-09-17","2015-09-18","2015-10-02","2015-10-02","BLAN_005.W.20150917","z8g4o9caFRP037RQd/7+6N/KcFRotaX2GgVcJH0F1E8=","carabid","PTESTY","Pterostichus stygicus","species",,"Say",,2,"Bousquet, Y. 2010b. Illustrated Identification Guide to Adults and Larvae of Northeastern North American Ground Beetles (Coleoptera: Carabidae). 1st Ed. Pensoft Publishers, Sofia, Bulgaria.","wYCqaZcA+7slXlj5N/mM6vobrh4QDptp","wYCqaZcA+7slXlj5N/mM6vobrh4QDptp",
"6fb06423-0e5c-49a2-b141-6a40ee76bf03","BLAN_005.basePlot.bet","D02","BLAN","BLAN_005","W","2015-09-03","2015-09-17","2015-09-18","2015-10-02",,"BLAN_005.W.20150917","z8g4o9caFRP037RQd/7+6K+VeM1ogpVGjB0HwoKy3ps=","invert bycatch",,,,,,,,,,"wYCqaZcA+7slXlj5N/mM6vobrh4QDptp",
"fed0f857-d105-48a1-b47f-7bcd2783dce6","BLAN_003.basePlot.bet","D02","BLAN","BLAN_003","W","2015-09-03","2015-09-17","2015-09-18","2015-10-02",,"BLAN_003.W.20150917","qWnRnvyEnOzTkoE7zeEk+Cy4+Jzdr2AyV7nAaud8lM8=","invert bycatch",,,,,,,,,,"wYCqaZcA+7slXlj5N/mM6vobrh4QDptp",
"b6c1c5bc-fc4d-4468-9b9d-4c60a4146dc0","BLAN_012.basePlot.bet","D02","BLAN","BLAN_012","W","2015-09-03","2015-09-17","2015-09-18","2015-10-05","2015-10-05","BLAN_012.W.20150917","J0lvmfNn/feaRxuGVUQ1ECrMfHtmy1tR+DowZmmj1G4=","carabid","PTESTY","Pterostichus stygicus","species",,"Say",,3,"Bousquet, Y. 2010b. Illustrated Identification Guide to Adults and Larvae of Northeastern North American Ground Beetles (Coleoptera: Carabidae). 1st Ed. Pensoft Publishers, Sofia, Bulgaria.","fhqXNoOkfxgxeumX3nh8hiKzTnt5lZ8Br3PaGAyV7lk=","wYCqaZcA+7slXlj5N/mM6vobrh4QDptp",
"cb8cbce3-b677-41df-923f-108db5ee11c9","BLAN_012.basePlot.bet","D02","BLAN","BLAN_012","W","2015-09-03","2015-09-17","2015-09-18","2015-10-05",,"BLAN_012.W.20150917","J0lvmfNn/feaRxuGVUQ1ENqysGZEiDgu751qkE+b+wA=","invert bycatch",,,,,,,,,,"wYCqaZcA+7slXlj5N/mM6vobrh4QDptp",
"d65224be-64cb-4785-b36f-f73a4ded54fb","BLAN_012.basePlot.bet","D02","BLAN","BLAN_012","W","2015-09-03","2015-09-17","2015-09-18","2015-10-05","2015-10-05","BLAN_012.W.20150917","J0lvmfNn/feaRxuGVUQ1EKIof8mdSuZBiHD30a9EeA0=","carabid","CALGRE","Calathus gregarius","species",,"Say",,3,"Bousquet, Y. 2010b. Illustrated Identification Guide to Adults and Larvae of Northeastern North American Ground Beetles (Coleoptera: Carabidae). 1st Ed. Pensoft Publishers, Sofia, Bulgaria.","wYCqaZcA+7slXlj5N/mM6vobrh4QDptp","wYCqaZcA+7slXlj5N/mM6vobrh4QDptp",
"a7ccf5b0-8045-4506-bbe4-8a07b42f0200","BLAN_009.basePlot.bet","D02","BLAN","BLAN_009","W","2015-09-03","2015-09-17","2015-09-18","2015-10-05","2015-10-05","BLAN_009.W.20150917","7TKpA4ipJZC3iyN1MAGJU3O/3xv3KdURMfE5EfYjtbU=","carabid","GALBIC","Galerita bicolor","species",,"Drury",,1,"Ciegler, J. C. 2000. Ground beetles and wrinkled bark beetles of South Carolina (Coleoptera: Geadephaga: Carabidae and Rhysodidae). Biota of South Carolina. Vol. 1. Clemson, S. Clemson University.","wYCqaZcA+7slXlj5N/mM6vobrh4QDptp","wYCqaZcA+7slXlj5N/mM6vobrh4QDptp",
"ccbce2e5-8b29-4e7c-906c-2f860d447390","BLAN_002.basePlot.bet","D02","BLAN","BLAN_002","W","2015-09-03","2015-09-17","2015-09-18","2015-10-05","2015-10-05","BLAN_002.W.20150917","pAIsJl1bu+GnLLfxBfuTzz1zGaVCSB1rx7InSiT1uM0=","carabid","PTEPER2","Pterostichus permundus","species",,"Say",,3,"Ciegler, J. C. 2000. Ground beetles and wrinkled bark beetles of South Carolina (Coleoptera: Geadephaga: Carabidae and Rhysodidae). Biota of South Carolina. Vol. 1. Clemson, S. Clemson University.","wYCqaZcA+7slXlj5N/mM6vobrh4QDptp","wYCqaZcA+7slXlj5N/mM6vobrh4QDptp",
"1c699fd4-7fc1-4d8d-abbb-98379bb8d10e","BLAN_002.basePlot.bet","D02","BLAN","BLAN_002","W","2015-09-03","2015-09-17","2015-09-18","2015-10-05",,"BLAN_002.W.20150917","pAIsJl1bu+GnLLfxBfuTz0h5FNYDGweKwKW3CdB8CHg=","invert bycatch",,,,,,,,,,"wYCqaZcA+7slXlj5N/mM6vobrh4QDptp",
"52f93c70-1dee-4ee9-89eb-406f1ea2fa55","BLAN_002.basePlot.bet","D02","BLAN","BLAN_002","W","2015-09-03","2015-09-17","2015-09-18","2015-10-05","2015-10-05","BLAN_002.W.20150917","pAIsJl1bu+GnLLfxBfuTz+c/RfT7yL6B5SsXypr700o=","carabid","ANIRUS","Anisodactylus rusticus","species",,"Say",,1,"Noonan, G. R. 1973. The Anisodactylines (Insecta: Coleoptera: Carabidae: Harpalini): classification, evolution and zoogeography. Quaestiones Entomologicae 9:266-480.","wYCqaZcA+7slXlj5N/mM6vobrh4QDptp","wYCqaZcA+7slXlj5N/mM6vobrh4QDptp",
"51501509-30ed-46c8-b7ec-d9e4f6371bd2","BLAN_009.basePlot.bet","D02","BLAN","BLAN_009","W","2015-09-03","2015-09-17","2015-09-18","2015-10-05","2015-10-05","BLAN_009.W.20150917","7TKpA4ipJZC3iyN1MAGJU+4gjWG9UryNV1Yo2tE9Ewk=","carabid","CHLAES","Chlaenius aestivus","species",,"Say",,1,"Ciegler, J. C. 2000. Ground beetles and wrinkled bark beetles of South Carolina (Coleoptera: Geadephaga: Carabidae and Rhysodidae). Biota of South Carolina. Vol. 1. Clemson, S. Clemson University.","wYCqaZcA+7slXlj5N/mM6vobrh4QDptp","wYCqaZcA+7slXlj5N/mM6vobrh4QDptp",
"83647e2f-fb2e-45a3-bc27-52d71afd2bad","BLAN_006.basePlot.bet","D02","BLAN","BLAN_006","W","2015-09-03","2015-09-17","2015-09-18","2015-10-05",,"BLAN_006.W.20150917","YPnoadCppCzyoRVJSIz+2DCI9XTKlPseHx0kYRAnDDo=","invert bycatch",,,,,,,,,,"wYCqaZcA+7slXlj5N/mM6vobrh4QDptp",
"e29ce238-5719-4b75-baec-4fab30dfee04","BLAN_009.basePlot.bet","D02","BLAN","BLAN_009","W","2015-09-03","2015-09-17","2015-09-18","2015-10-05","2015-10-05","BLAN_009.W.20150917","7TKpA4ipJZC3iyN1MAGJU2mESELzSNUzXgtqq/baMRQ=","carabid","CYCFUR","Cyclotrachelus furtivus","species",,"LeConte",,1,"Freitag, R. 1969. A revision of the species of the genus Evarthrus LeConte. Quaestiones Entomologicae 5:89-212.","wYCqaZcA+7slXlj5N/mM6vobrh4QDptp","wYCqaZcA+7slXlj5N/mM6vobrh4QDptp",
"4208e0ae-ee0c-471c-913b-a503a11bf7d2","BLAN_009.basePlot.bet","D02","BLAN","BLAN_009","W","2015-09-03","2015-09-17","2015-09-18","2015-10-05",,"BLAN_009.W.20150917","7TKpA4ipJZC3iyN1MAGJU0tRD7pFK+DL744F/8B07SI=","invert bycatch",,,,,,,,,,"wYCqaZcA+7slXlj5N/mM6vobrh4QDptp",
"7c224a36-c004-4101-be96-4906ec104928","BLAN_011.basePlot.bet","D02","BLAN","BLAN_011","W","2015-09-03","2015-09-17","2015-09-18","2015-10-05",,"BLAN_011.W.20150917","N4JQ3RFWht2mzs2iSx2VGq5HltvWj7LR/xjD3yG3SOY=","invert bycatch",,,,,,,,,,"wYCqaZcA+7slXlj5N/mM6vobrh4QDptp",
"414bd4ad-4b08-4268-b97c-35ab3f5e3d49","BLAN_011.basePlot.bet","D02","BLAN","BLAN_011","W","2015-09-03","2015-09-17","2015-09-18","2015-10-05",,"BLAN_011.W.20150917","N4JQ3RFWht2mzs2iSx2VGq5HltvWj7LRJwMitXrJjwQ=","invert bycatch",,,,,,,,,,"wYCqaZcA+7slXlj5N/mM6vobrh4QDptp",
"ef8331b2-f1a4-4858-a716-a8d0b468efd1","BLAN_006.basePlot.bet","D02","BLAN","BLAN_006","W","2015-09-03","2015-09-17","2015-09-18","2015-10-05","2015-11-06","BLAN_006.W.20150917","YPnoadCppCzyoRVJSIz+2DSXeE/MH2ITRKwsid4c75Q=","carabid","HARPEN","Harpalus pensylvanicus","species",,"DeGeer",,1,"Ball, G. E., and J. N. Anderson. 1962. The taxonomy and speciation of Pseudophonus (a subgenus of Harpalus: Haralini: Carabidae, known to occur in North America). The Catholic University of America Press, Washington 17, D. C.","wYCqaZcA+7slXlj5N/mM6vobrh4QDptp","wYCqaZcA+7slXlj5N/mM6vobrh4QDptp",
"b4ef02d5-f9d3-4dd6-950a-85ddd9ed94f7","BLAN_011.basePlot.bet","D02","BLAN","BLAN_011","W","2015-09-03","2015-09-17","2015-09-18","2015-10-05","2015-10-05","BLAN_011.W.20150917","N4JQ3RFWht2mzs2iSx2VGqc+iuEDbIciTzEr0qTnyE4=","carabid","BEMPED","Bembidion pedicellatum","species",,"LeConte",,7,"Lindroth, C. H. 1969. The ground-beetles (Carabidae, excl. Cicindelinae) of Canada and Alaska, parts 1-6. Opuscula E. Entomoligiska Sallskapet.","wYCqaZcA+7slXlj5N/mM6vobrh4QDptp","wYCqaZcA+7slXlj5N/mM6vobrh4QDptp",
"a9a99f2a-879b-4e51-bac5-21517d23d433","BLAN_011.basePlot.bet","D02","BLAN","BLAN_011","W","2015-09-03","2015-09-17","2015-09-18","2015-10-05","2015-10-05","BLAN_011.W.20150917","N4JQ3RFWht2mzs2iSx2VGiaNclMEpRE3olWQPZcRIIE=","carabid","PTEPER2","Pterostichus permundus","species",,"Say",,1,"Ciegler, J. C. 2000. Ground beetles and wrinkled bark beetles of South Carolina (Coleoptera: Geadephaga: Carabidae and Rhysodidae). Biota of South Carolina. Vol. 1. Clemson, S. Clemson University.","wYCqaZcA+7slXlj5N/mM6vobrh4QDptp","wYCqaZcA+7slXlj5N/mM6vobrh4QDptp",
"7a8b7210-8ac3-403f-88f1-57b8e5fe93fd","BLAN_011.basePlot.bet","D02","BLAN","BLAN_011","E","2015-09-03","2015-09-17","2015-09-18","2015-10-05","2015-10-05","BLAN_011.E.20150917","N4JQ3RFWht1UiEJPpKgW2wxXabuERwJxMal92sRvpSM=","carabid","CYCSIG","Cyclotrachelus sigillatus","species",,"Say",,1,"Freitag, R. 1969. A revision of the species of the genus Evarthrus LeConte. Quaestiones Entomologicae 5:89-212.","wYCqaZcA+7slXlj5N/mM6vobrh4QDptp","wYCqaZcA+7slXlj5N/mM6vobrh4QDptp",
"cd9f20d9-4b88-4269-9f6d-ac711f00eb62","BLAN_011.basePlot.bet","D02","BLAN","BLAN_011","E","2015-09-03","2015-09-17","2015-09-18","2015-10-05",,"BLAN_011.E.20150917","N4JQ3RFWht1UiEJPpKgW26+ckIuipZum/HGHsoIZ7Ng=","invert bycatch",,,,,,,,,,"wYCqaZcA+7slXlj5N/mM6vobrh4QDptp",
"6b69ff42-c55a-4779-b252-cf3f8d328b5b","BLAN_011.basePlot.bet","D02","BLAN","BLAN_011","E","2015-09-03","2015-09-17","2015-09-18","2015-10-05","2015-10-05","BLAN_011.E.20150917","N4JQ3RFWht1UiEJPpKgW281zkPA2U7IthrTWPToB/oU=","carabid","BEMPED","Bembidion pedicellatum","species",,"LeConte",,3,"Lindroth, C. H. 1969. The ground-beetles (Carabidae, excl. Cicindelinae) of Canada and Alaska, parts 1-6. Opuscula E. Entomoligiska Sallskapet.","wYCqaZcA+7slXlj5N/mM6vobrh4QDptp","wYCqaZcA+7slXlj5N/mM6vobrh4QDptp",
"f291536e-719a-47f0-b768-4c31d7b51c90","BLAN_011.basePlot.bet","D02","BLAN","BLAN_011","E","2015-09-03","2015-09-17","2015-09-18","2015-10-05",,"BLAN_011.E.20150917","N4JQ3RFWht1UiEJPpKgW26+ckIuipZumUTmBu4vI6LQ=","invert bycatch",,,,,,,,,,"wYCqaZcA+7slXlj5N/mM6vobrh4QDptp",
"de3ddb91-f9c3-4392-80f5-3d0e723158f5","BLAN_006.basePlot.bet","D02","BLAN","BLAN_006","E","2015-09-03","2015-09-17","2015-09-18","2015-10-05","2015-10-05","BLAN_006.E.20150917","YPnoadCppCw/xFNAB855mZ15mjPTyquMTwU6kefClFE=","carabid","PTEPER2","Pterostichus permundus","species",,"Say",,1,"Ciegler, J. C. 2000. Ground beetles and wrinkled bark beetles of South Carolina (Coleoptera: Geadephaga: Carabidae and Rhysodidae). Biota of South Carolina. Vol. 1. Clemson, S. Clemson University.","wYCqaZcA+7slXlj5N/mM6vobrh4QDptp","wYCqaZcA+7slXlj5N/mM6vobrh4QDptp",
"c8a93fe5-517c-4fc1-9bf5-5baf7de4dc48","BLAN_006.basePlot.bet","D02","BLAN","BLAN_006","E","2015-09-03","2015-09-17","2015-09-18","2015-10-05",,"BLAN_006.E.20150917","YPnoadCppCw/xFNAB855mYhp1iP3pacvksRGPIXYEIg=","invert bycatch",,,,,,,,,,"wYCqaZcA+7slXlj5N/mM6vobrh4QDptp",
"e39ccd70-2fc5-4282-9fd7-cd7b8795daa5","BLAN_006.basePlot.bet","D02","BLAN","BLAN_006","E","2015-09-03","2015-09-17","2015-09-18","2015-10-05","2015-11-06","BLAN_006.E.20150917","YPnoadCppCw/xFNAB855mb/2NxkDjpgsm1sEUYcq6t8=","carabid","HARFAU","Harpalus faunus","species",,"Say",,1,"Ball, G. E., and J. N. Anderson. 1962. The taxonomy and speciation of Pseudophonus (a subgenus of Harpalus: Haralini: Carabidae, known to occur in North America). The Catholic University of America Press, Washington 17, D. C.","wYCqaZcA+7slXlj5N/mM6vobrh4QDptp","wYCqaZcA+7slXlj5N/mM6vobrh4QDptp",
"6e58759f-f30f-4646-97fd-3f006c644fc1","BLAN_009.basePlot.bet","D02","BLAN","BLAN_009","E","2015-09-03","2015-09-17","2015-09-18","2015-10-05",,"BLAN_009.E.20150917","7TKpA4ipJZDyHyTXy7ZdZ/hHWiVizAKPRj5zWdJjJKU=","invert bycatch",,,,,,,,,,"wYCqaZcA+7slXlj5N/mM6vobrh4QDptp",
"ef38eb39-84ba-4141-84fd-805a62d079be","BLAN_006.basePlot.bet","D02","BLAN","BLAN_006","E","2015-09-03","2015-09-17","2015-09-18","2015-10-05","2015-11-06","BLAN_006.E.20150917","YPnoadCppCw/xFNAB855mSpRryD7q1SeHBVUb32ZCFw=","carabid","HARPEN","Harpalus pensylvanicus","species",,"DeGeer",,2,"Ball, G. E., and J. N. Anderson. 1962. The taxonomy and speciation of Pseudophonus (a subgenus of Harpalus: Haralini: Carabidae, known to occur in North America). The Catholic University of America Press, Washington 17, D. C.","wYCqaZcA+7slXlj5N/mM6vobrh4QDptp","wYCqaZcA+7slXlj5N/mM6vobrh4QDptp",
"36f8127e-e4f2-4436-8477-d3d054422312","BLAN_002.basePlot.bet","D02","BLAN","BLAN_002","E","2015-09-03","2015-09-17","2015-09-18","2015-10-05",,"BLAN_002.E.20150917","pAIsJl1bu+EhoVbsGjTwWsAxuaMI6ncXs4HeExd5WVI=","invert bycatch",,,,,,,,,,"wYCqaZcA+7slXlj5N/mM6vobrh4QDptp",
"78b5a31c-f98d-4e3c-ae05-682f20464dd6","BLAN_002.basePlot.bet","D02","BLAN","BLAN_002","E","2015-09-03","2015-09-17","2015-09-18","2015-10-05","2015-10-05","BLAN_002.E.20150917","pAIsJl1bu+EhoVbsGjTwWhZwvRrFv0QGPdiHS5EvYvc=","carabid","HARCAL","Harpalus caliginosus","species",,"Fabricius",,1,"Ciegler, J. C. 2000. Ground beetles and wrinkled bark beetles of South Carolina (Coleoptera: Geadephaga: Carabidae and Rhysodidae). Biota of South Carolina. Vol. 1. Clemson, S. Clemson University.","wYCqaZcA+7slXlj5N/mM6vobrh4QDptp","wYCqaZcA+7slXlj5N/mM6vobrh4QDptp",
"0611e514-1ed5-4d69-a968-823ed811c236","BLAN_012.basePlot.bet","D02","BLAN","BLAN_012","E","2015-09-03","2015-09-17","2015-09-18","2015-10-05","2015-10-05","BLAN_012.E.20150917","J0lvmfNn/fev68GQtXYsHtxi2xvBl2olLcO6kopqM/U=","carabid","CALGRE","Calathus gregarius","species",,"Say",,1,"Bousquet, Y. 2010b. Illustrated Identification Guide to Adults and Larvae of Northeastern North American Ground Beetles (Coleoptera: Carabidae). 1st Ed. Pensoft Publishers, Sofia, Bulgaria.","wYCqaZcA+7slXlj5N/mM6vobrh4QDptp","wYCqaZcA+7slXlj5N/mM6vobrh4QDptp",
"e2083956-5045-4040-9a50-c0481c60b5a3","BLAN_012.basePlot.bet","D02","BLAN","BLAN_012","E","2015-09-03","2015-09-17","2015-09-18","2015-10-05","2015-10-05","BLAN_012.E.20150917","J0lvmfNn/fev68GQtXYsHpEwQ2BOhjq7RXiiADZX/7s=","carabid","PTESTY","Pterostichus stygicus","species",,"Say",,3,"Bousquet, Y. 2010b. Illustrated Identification Guide to Adults and Larvae of Northeastern North American Ground Beetles (Coleoptera: Carabidae). 1st Ed. Pensoft Publishers, Sofia, Bulgaria.","fhqXNoOkfxgxeumX3nh8hiKzTnt5lZ8Br3PaGAyV7lk=","wYCqaZcA+7slXlj5N/mM6vobrh4QDptp",
"846b8fbd-67eb-4b0c-9d81-ddda18da0d5b","BLAN_012.basePlot.bet","D02","BLAN","BLAN_012","E","2015-09-03","2015-09-17","2015-09-18","2015-10-05","2015-10-05","BLAN_012.E.20150917","J0lvmfNn/fev68GQtXYsHjLHSz87CaN8moRGb50Tvm8=","carabid","PTEPER2","Pterostichus permundus","species",,"Say",,1,"Ciegler, J. C. 2000. Ground beetles and wrinkled bark beetles of South Carolina (Coleoptera: Geadephaga: Carabidae and Rhysodidae). Biota of South Carolina. Vol. 1. Clemson, S. Clemson University.","wYCqaZcA+7slXlj5N/mM6vobrh4QDptp","wYCqaZcA+7slXlj5N/mM6vobrh4QDptp",
"78686b09-abbf-4324-b9f8-2021cf0387d5","BLAN_005.basePlot.bet","D02","BLAN","BLAN_005","E","2015-09-03","2015-09-17","2015-09-18","2015-10-02","2015-10-02","BLAN_005.E.20150917","z8g4o9caFRNBjyTGQyR3EZcSPvqQukMhK9JDtEKTACA=","carabid","PTESTY","Pterostichus stygicus","species",,"Say",,16,"Bousquet, Y. 2010b. Illustrated Identification Guide to Adults and Larvae of Northeastern North American Ground Beetles (Coleoptera: Carabidae). 1st Ed. Pensoft Publishers, Sofia, Bulgaria.","OkD7GLun5+2axcMZFkkGzqUglhn8Dr4Y","wYCqaZcA+7slXlj5N/mM6vobrh4QDptp",
"9e979b98-60d8-4eb4-a9ce-dd20c3ef1b75","BLAN_005.basePlot.bet","D02","BLAN","BLAN_005","E","2015-09-03","2015-09-17","2015-09-18","2015-10-02",,"BLAN_005.E.20150917","z8g4o9caFRNBjyTGQyR3EbVnSp5Epa3P2ERh8nC4+8E=","invert bycatch",,,,,,,,,,"wYCqaZcA+7slXlj5N/mM6vobrh4QDptp",
"ed50fc55-54c8-4e27-ad5b-e992233f514a","BLAN_012.basePlot.bet","D02","BLAN","BLAN_012","E","2015-09-03","2015-09-17","2015-09-18","2015-10-05",,"BLAN_012.E.20150917","J0lvmfNn/fev68GQtXYsHpNW6PLmtJIQZm/bKUOOATc=","invert bycatch",,,,,,,,,,"wYCqaZcA+7slXlj5N/mM6vobrh4QDptp",
"851a711e-85e3-482b-8e97-27fa18f8be17","BLAN_003.basePlot.bet","D02","BLAN","BLAN_003","E","2015-09-03","2015-09-17","2015-09-18","2015-10-02",,"BLAN_003.E.20150917","qWnRnvyEnOyTg93fo0GlNF8mkIZXfJIf+CuM6n635Qg=","invert bycatch",,,,,,,,,,"wYCqaZcA+7slXlj5N/mM6vobrh4QDptp",
"a06ae071-fcb1-4d22-938b-6609645c3dea","BLAN_005.basePlot.bet","D02","BLAN","BLAN_005","E","2015-09-03","2015-09-17","2015-09-18","2015-10-02","2015-10-02","BLAN_005.E.20150917","z8g4o9caFRNBjyTGQyR3EV62/HrqmCxSSifgf8W2Ulw=","carabid","PTEPER2","Pterostichus permundus","species",,"Say",,4,"Ciegler, J. C. 2000. Ground beetles and wrinkled bark beetles of South Carolina (Coleoptera: Geadephaga: Carabidae and Rhysodidae). Biota of South Carolina. Vol. 1. Clemson, S. Clemson University.","wYCqaZcA+7slXlj5N/mM6vobrh4QDptp","wYCqaZcA+7slXlj5N/mM6vobrh4QDptp",
"ec638c60-2964-4ff2-8bc6-13778f243425","BLAN_001.basePlot.bet","D02","BLAN","BLAN_001","E","2015-09-03","2015-09-17","2015-09-18","2015-10-02","2015-10-02","BLAN_001.E.20150917","snBNH0r8Ie27sIQ3i0ssVpgevf3CsBUVWhOtSPWEXOA=","carabid","PTEPER2","Pterostichus permundus","species",,"Say",,1,"Ciegler, J. C. 2000. Ground beetles and wrinkled bark beetles of South Carolina (Coleoptera: Geadephaga: Carabidae and Rhysodidae). Biota of South Carolina. Vol. 1. Clemson, S. Clemson University.","wYCqaZcA+7slXlj5N/mM6vobrh4QDptp","wYCqaZcA+7slXlj5N/mM6vobrh4QDptp",
"9d8920e4-158d-4543-8777-c3a5d7251325","BLAN_001.basePlot.bet","D02","BLAN","BLAN_001","E","2015-09-03","2015-09-17","2015-09-18","2015-10-02",,"BLAN_001.E.20150917","snBNH0r8Ie27sIQ3i0ssVgobE8nC/XjMLCR4iwAd8Nc=","invert bycatch",,,,,,,,,,"wYCqaZcA+7slXlj5N/mM6vobrh4QDptp",
"cac4d40a-e92a-463a-92ce-46f58c77d826","BLAN_004.basePlot.bet","D02","BLAN","BLAN_004","E","2015-09-03","2015-09-17","2015-09-18","2015-10-02",,"BLAN_004.E.20150917","zD/pbYGBt/BXsXKT6yBqRbhXAyyHtTFKvDugzQc3POU=","invert bycatch",,,,,,,,,,"wYCqaZcA+7slXlj5N/mM6vobrh4QDptp",
"da92e53c-4db7-46f2-bdd1-bd9bb396ac50","BLAN_001.basePlot.bet","D02","BLAN","BLAN_001","E","2015-09-03","2015-09-17","2015-09-18","2015-10-02","2015-10-02","BLAN_001.E.20150917","snBNH0r8Ie27sIQ3i0ssVoxr/dJ2waGM4MCHVO+XfsM=","carabid","CHLAES","Chlaenius aestivus","species",,"Say",,1,"Ciegler, J. C. 2000. Ground beetles and wrinkled bark beetles of South Carolina (Coleoptera: Geadephaga: Carabidae and Rhysodidae). Biota of South Carolina. Vol. 1. Clemson, S. Clemson University.","fhqXNoOkfxgxeumX3nh8hiKzTnt5lZ8Br3PaGAyV7lk=","wYCqaZcA+7slXlj5N/mM6vobrh4QDptp",
"197347c0-95c4-4881-94ba-7b7f560fdee1","BLAN_007.basePlot.bet","D02","BLAN","BLAN_007","E","2015-09-03","2015-09-17","2015-09-18","2015-10-05",,"BLAN_007.E.20150917","bSFRDFDJGfyH7CX1vhlSl3X0R+G+2oCUkZh7WjZv8y4=","invert bycatch",,,,,,,,,,"wYCqaZcA+7slXlj5N/mM6vobrh4QDptp",
"8c05b41a-4df1-4e68-9989-a7930a4e64db","BLAN_007.basePlot.bet","D02","BLAN","BLAN_007","E","2015-09-03","2015-09-17","2015-09-18","2015-10-05","2015-10-05","BLAN_007.E.20150917","bSFRDFDJGfyH7CX1vhlSl3t4drh6DFbQoLUgIH8m8AM=","carabid","CALGRE","Calathus gregarius","species",,"Say",,1,"Bousquet, Y. 2010b. Illustrated Identification Guide to Adults and Larvae of Northeastern North American Ground Beetles (Coleoptera: Carabidae). 1st Ed. Pensoft Publishers, Sofia, Bulgaria.","wYCqaZcA+7slXlj5N/mM6vobrh4QDptp","wYCqaZcA+7slXlj5N/mM6vobrh4QDptp",
"1329edb1-e62a-4eb9-9cff-83fe5c7c9aaf","BLAN_007.basePlot.bet","D02","BLAN","BLAN_007","E","2015-09-03","2015-09-17","2015-09-18","2015-10-05",,"BLAN_007.E.20150917","bSFRDFDJGfyH7CX1vhlSl3X0R+G+2oCU+ajLfWXMRe8=","invert bycatch",,,,,,,,,,"wYCqaZcA+7slXlj5N/mM6vobrh4QDptp",
"52a5e6fb-7548-46a0-8457-285364acc7f0","BLAN_007.basePlot.bet","D02","BLAN","BLAN_007","E","2015-09-03","2015-09-17","2015-09-18","2015-10-05",,"BLAN_007.E.20150917","bSFRDFDJGfyH7CX1vhlSl3X0R+G+2oCUZKN5AKzWehw=","invert bycatch",,,,,,,,,,"wYCqaZcA+7slXlj5N/mM6vobrh4QDptp",
"8d4812d2-d799-4848-a7cc-37282ac0a55b","BLAN_007.basePlot.bet","D02","BLAN","BLAN_007","E","2015-09-03","2015-09-17","2015-09-18","2015-10-05","2015-10-05","BLAN_007.E.20150917","bSFRDFDJGfyH7CX1vhlSl0o7QE+COfzihlBjxHlzu6Q=","carabid","CYCSIG","Cyclotrachelus sigillatus","species",,"Say",,1,"Freitag, R. 1969. A revision of the species of the genus Evarthrus LeConte. Quaestiones Entomologicae 5:89-212.","wYCqaZcA+7slXlj5N/mM6vobrh4QDptp","wYCqaZcA+7slXlj5N/mM6vobrh4QDptp",
"39cb772f-d9ea-4f75-89a6-6ed88dfc9054","BLAN_011.basePlot.bet","D02","BLAN","BLAN_011","E","2015-09-03","2015-09-17","2015-09-18","2015-10-05","2015-10-05","BLAN_011.E.20150917","N4JQ3RFWht1UiEJPpKgW27DNXneIS8N48pG4cwpkrL0=","carabid","PTEPER2","Pterostichus permundus","species",,"Say",,7,"Ciegler, J. C. 2000. Ground beetles and wrinkled bark beetles of South Carolina (Coleoptera: Geadephaga: Carabidae and Rhysodidae). Biota of South Carolina. Vol. 1. Clemson, S. Clemson University.","wYCqaZcA+7slXlj5N/mM6vobrh4QDptp","wYCqaZcA+7slXlj5N/mM6vobrh4QDptp",
"8103a4d1-f5fa-4d46-afa1-d6886ae94b42","BLAN_007.basePlot.bet","D02","BLAN","BLAN_007","N","2015-09-03","2015-09-17","2015-09-18","2015-10-05",,"BLAN_007.N.20150917","bSFRDFDJGfytG99/VH38tCjh34cXNnxU0pUSV6N5bTs=","invert bycatch",,,,,,,,,,"wYCqaZcA+7slXlj5N/mM6vobrh4QDptp",
"cde16302-fd9c-4b1d-a876-3c08a82a11ad","BLAN_004.basePlot.bet","D02","BLAN","BLAN_004","N","2015-09-03","2015-09-17","2015-09-18","2015-10-02","2015-10-02","BLAN_004.N.20150917","zD/pbYGBt/C/aB+ZJY3XZwDOtTiKb93FElfWbLMPqsI=","carabid","PTEPER2","Pterostichus permundus","species",,"Say",,1,"Ciegler, J. C. 2000. Ground beetles and wrinkled bark beetles of South Carolina (Coleoptera: Geadephaga: Carabidae and Rhysodidae). Biota of South Carolina. Vol. 1. Clemson, S. Clemson University.","wYCqaZcA+7slXlj5N/mM6vobrh4QDptp","wYCqaZcA+7slXlj5N/mM6vobrh4QDptp",
"ef267faf-6e00-4697-8a9e-8fe16a7e4643","BLAN_001.basePlot.bet","D02","BLAN","BLAN_001","N","2015-09-03","2015-09-17","2015-09-18","2015-10-02","2015-10-02","BLAN_001.N.20150917","snBNH0r8Ie2dc6Bc7EcuByY5IrggHx8xCE0Bx8LUbnU=","carabid","PTESTY","Pterostichus stygicus","species",,"Say",,3,"Bousquet, Y. 2010b. Illustrated Identification Guide to Adults and Larvae of Northeastern North American Ground Beetles (Coleoptera: Carabidae). 1st Ed. Pensoft Publishers, Sofia, Bulgaria.","fhqXNoOkfxgxeumX3nh8hiKzTnt5lZ8Br3PaGAyV7lk=","wYCqaZcA+7slXlj5N/mM6vobrh4QDptp",
"7e36dc21-71e5-4ea0-8d5a-a33b201c5f67","BLAN_007.basePlot.bet","D02","BLAN","BLAN_007","N","2015-09-03","2015-09-17","2015-09-18","2015-10-05",,"BLAN_007.N.20150917","bSFRDFDJGfytG99/VH38tCjh34cXNnxUXSiD/4n3awo=","invert bycatch",,,,,,,,,,"wYCqaZcA+7slXlj5N/mM6vobrh4QDptp",
"ac160aab-e483-4554-b2d3-66fd11c2fea3","BLAN_007.basePlot.bet","D02","BLAN","BLAN_007","N","2015-09-03","2015-09-17","2015-09-18","2015-10-05","2015-10-05","BLAN_007.N.20150917","bSFRDFDJGfytG99/VH38tCIuXl+M8vX6XfrHPW8BxvY=","carabid","SYNIMP","Synuchus impunctatus","species",,"Say",,1,"Bousquet, Y. 2010b. Illustrated Identification Guide to Adults and Larvae of Northeastern North American Ground Beetles (Coleoptera: Carabidae). 1st Ed. Pensoft Publishers, Sofia, Bulgaria.","wYCqaZcA+7slXlj5N/mM6vobrh4QDptp","wYCqaZcA+7slXlj5N/mM6vobrh4QDptp",
"1a504930-8ab6-4d16-98db-ac095c1dcac0","BLAN_007.basePlot.bet","D02","BLAN","BLAN_007","N","2015-09-03","2015-09-17","2015-09-18","2015-10-05",,"BLAN_007.N.20150917","bSFRDFDJGfytG99/VH38tCjh34cXNnxUD8iwuK5kw0I=","invert bycatch",,,,,,,,,,"wYCqaZcA+7slXlj5N/mM6vobrh4QDptp",
"78e04e1b-9d5e-4467-971e-762440019dc9","BLAN_004.basePlot.bet","D02","BLAN","BLAN_004","N","2015-09-03","2015-09-17","2015-09-18","2015-10-02",,"BLAN_004.N.20150917","zD/pbYGBt/C/aB+ZJY3XZ/W/AyruUvzJLYPis5YEKf8=","invert bycatch",,,,,,,,,,"wYCqaZcA+7slXlj5N/mM6vobrh4QDptp",
"c464f661-13c9-460d-a0c7-6bbbd2136865","BLAN_005.basePlot.bet","D02","BLAN","BLAN_005","N","2015-09-03","2015-09-17","2015-09-18","2015-10-02",,"BLAN_005.N.20150917","z8g4o9caFRMjyse/PCVBHHPCIdsXxPXUtdK97E3zCzQ=","invert bycatch",,,,,,,,,,"wYCqaZcA+7slXlj5N/mM6vobrh4QDptp",
"f1ad6627-3231-45e6-9d83-875dc82e27f2","BLAN_001.basePlot.bet","D02","BLAN","BLAN_001","N","2015-09-03","2015-09-17","2015-09-18","2015-10-02","2015-10-02","BLAN_001.N.20150917","snBNH0r8Ie2dc6Bc7EcuB2eYtMymoTJAC5S8t+modZA=","carabid","PTEPER2","Pterostichus permundus","species",,"Say",,2,"Ciegler, J. C. 2000. Ground beetles and wrinkled bark beetles of South Carolina (Coleoptera: Geadephaga: Carabidae and Rhysodidae). Biota of South Carolina. Vol. 1. Clemson, S. Clemson University.","wYCqaZcA+7slXlj5N/mM6vobrh4QDptp","wYCqaZcA+7slXlj5N/mM6vobrh4QDptp",
"3b51f519-726e-47a6-bd2a-cd00db23b7c8","BLAN_001.basePlot.bet","D02","BLAN","BLAN_001","N","2015-09-03","2015-09-17","2015-09-18","2015-10-02",,"BLAN_001.N.20150917","snBNH0r8Ie2dc6Bc7EcuB5OO3UKHkdnGNRBLloLk1r4=","invert bycatch",,,,,,,,,,"wYCqaZcA+7slXlj5N/mM6vobrh4QDptp",
"a13289a9-95fd-4622-827e-ac162564e0e1","BLAN_012.basePlot.bet","D02","BLAN","BLAN_012","N","2015-09-03","2015-09-17","2015-09-18","2015-10-05",,"BLAN_012.N.20150917","J0lvmfNn/ffePszKztR5ZDfBShKI1rA4qBD8ISAa20U=","invert bycatch",,,,,,,,,,"wYCqaZcA+7slXlj5N/mM6vobrh4QDptp",
"75ce9fd7-6bd6-44e0-bdfa-e61f6a66ee0e","BLAN_003.basePlot.bet","D02","BLAN","BLAN_003","N","2015-09-03","2015-09-17","2015-09-18","2015-10-02",,"BLAN_003.N.20150917","qWnRnvyEnOx1fxKxt0MOlRv9gvdNxkIqd4+np3ESloU=","invert bycatch",,,,,,,,,,"wYCqaZcA+7slXlj5N/mM6vobrh4QDptp",
"5ddf2b65-443a-4d8d-b399-906e21647a93","BLAN_009.basePlot.bet","D02","BLAN","BLAN_009","N","2015-09-03","2015-09-17","2015-09-18","2015-10-05","2015-10-05","BLAN_009.N.20150917","7TKpA4ipJZDLqKPO2y3GphCNVhIEcnlo42EhzL57B4I=","carabid","CHLAES","Chlaenius aestivus","species",,"Say",,3,"Ciegler, J. C. 2000. Ground beetles and wrinkled bark beetles of South Carolina (Coleoptera: Geadephaga: Carabidae and Rhysodidae). Biota of South Carolina. Vol. 1. Clemson, S. Clemson University.","wYCqaZcA+7slXlj5N/mM6vobrh4QDptp","wYCqaZcA+7slXlj5N/mM6vobrh4QDptp",
"dc7345a0-585a-406a-b70b-7830bcb8176b","BLAN_006.basePlot.bet","D02","BLAN","BLAN_006","N","2015-09-03","2015-09-17","2015-09-18","2015-10-05",,"BLAN_006.N.20150917","YPnoadCppCw5fBSxKNPHHn4RRfT2IsI6m4/4ltoEDYg=","invert bycatch",,,,,,,,,,"wYCqaZcA+7slXlj5N/mM6vobrh4QDptp",
"a9fc237b-7120-4354-8d5f-e4b6acab03e1","BLAN_002.basePlot.bet","D02","BLAN","BLAN_002","N","2015-09-03","2015-09-17","2015-09-18","2015-10-05",,"BLAN_002.N.20150917","pAIsJl1bu+HXiZP2divGM1deMurytRCpOh9QNnFE9xM=","invert bycatch",,,,,,,,,,"wYCqaZcA+7slXlj5N/mM6vobrh4QDptp",
"019cc1ec-fb39-443c-8f57-23b11e8a8874","BLAN_009.basePlot.bet","D02","BLAN","BLAN_009","N","2015-09-03","2015-09-17","2015-09-18","2015-10-05",,"BLAN_009.N.20150917","7TKpA4ipJZDLqKPO2y3GptelHoLOtzmajxnuD0k9ncs=","invert bycatch",,,,,,,,,,"wYCqaZcA+7slXlj5N/mM6vobrh4QDptp",
"7c8bdfb9-cac4-453f-8f10-91906a330af1","BLAN_009.basePlot.bet","D02","BLAN","BLAN_009","N","2015-09-03","2015-09-17","2015-09-18","2015-10-05","2015-10-05","BLAN_009.N.20150917","7TKpA4ipJZDLqKPO2y3GpgyQ5dlYkZDxSKONEhr4vBo=","carabid","CYCFUR","Cyclotrachelus furtivus","species",,"LeConte",,2,"Freitag, R. 1969. A revision of the species of the genus Evarthrus LeConte. Quaestiones Entomologicae 5:89-212.","wYCqaZcA+7slXlj5N/mM6vobrh4QDptp","wYCqaZcA+7slXlj5N/mM6vobrh4QDptp",
"d80ea3da-2519-454f-b44c-4cd82f22f482","BLAN_011.basePlot.bet","D02","BLAN","BLAN_011","N","2015-09-03","2015-09-17","2015-09-18","2015-10-05",,"BLAN_011.N.20150917","N4JQ3RFWht3sbbIawXLCqxsDmv4r+SrQIy4d1PmGhHA=","invert bycatch",,,,,,,,,,"wYCqaZcA+7slXlj5N/mM6vobrh4QDptp",
"0d8403d4-28d6-4142-ad9c-b326faccccf5","BLAN_011.basePlot.bet","D02","BLAN","BLAN_011","N","2015-09-03","2015-09-17","2015-09-18","2015-10-05","2015-10-05","BLAN_011.N.20150917","N4JQ3RFWht3sbbIawXLCq1S5nR6IWyYWXZvQhbvF9Ok=","carabid","BEMPED","Bembidion pedicellatum","species",,"LeConte",,1,"Lindroth, C. H. 1969. The ground-beetles (Carabidae, excl. Cicindelinae) of Canada and Alaska, parts 1-6. Opuscula E. Entomoligiska Sallskapet.","wYCqaZcA+7slXlj5N/mM6vobrh4QDptp","wYCqaZcA+7slXlj5N/mM6vobrh4QDptp",
"51a10524-0eb8-456e-859b-e43c1cd6bad9","BLAN_011.basePlot.bet","D02","BLAN","BLAN_011","N","2015-09-03","2015-09-17","2015-09-18","2015-10-05","2015-10-05","BLAN_011.N.20150917","N4JQ3RFWht3sbbIawXLCq5sO/k11cCR3nYveCKkhCFE=","carabid","CYCSIG","Cyclotrachelus sigillatus","species",,"Say",,1,"Freitag, R. 1969. A revision of the species of the genus Evarthrus LeConte. Quaestiones Entomologicae 5:89-212.","wYCqaZcA+7slXlj5N/mM6vobrh4QDptp","wYCqaZcA+7slXlj5N/mM6vobrh4QDptp",
"673ace4e-e9bc-4ef3-9910-46c851dbaaf0","BLAN_011.basePlot.bet","D02","BLAN","BLAN_011","N","2015-09-03","2015-09-17","2015-09-18","2015-10-05",,"BLAN_011.N.20150917","N4JQ3RFWht3sbbIawXLCqxsDmv4r+SrQGhYNbYI7A7M=","invert bycatch",,,,,,,,,,"wYCqaZcA+7slXlj5N/mM6vobrh4QDptp",
"dcdb9d0a-3310-44de-91a8-a886f7e40502","BLAN_002.basePlot.bet","D02","BLAN","BLAN_002","S","2015-09-03","2015-09-17","2015-09-18","2015-10-05","2015-10-05","BLAN_002.S.20150917","pAIsJl1bu+E8Xbm7/DkTAobMZ5lKH5dCvqL6EsNdZ8M=","carabid","ANIRUS","Anisodactylus rusticus","species",,"Say",,3,"Noonan, G. R. 1973. The Anisodactylines (Insecta: Coleoptera: Carabidae: Harpalini): classification, evolution and zoogeography. Quaestiones Entomologicae 9:266-480.","wYCqaZcA+7slXlj5N/mM6vobrh4QDptp","wYCqaZcA+7slXlj5N/mM6vobrh4QDptp",
"b7f476cc-624e-41fb-b995-4880a82b7564","BLAN_012.basePlot.bet","D02","BLAN","BLAN_012","S","2015-09-03","2015-09-17","2015-09-18","2015-10-05","2015-10-05","BLAN_012.S.20150917","J0lvmfNn/fcMLVBNGhCcXMgXMa1HH582v6BtHmCC+Dw=","carabid","PTESTY","Pterostichus stygicus","species",,"Say",,8,"Bousquet, Y. 2010b. Illustrated Identification Guide to Adults and Larvae of Northeastern North American Ground Beetles (Coleoptera: Carabidae). 1st Ed. Pensoft Publishers, Sofia, Bulgaria.","fhqXNoOkfxgxeumX3nh8hiKzTnt5lZ8Br3PaGAyV7lk=","wYCqaZcA+7slXlj5N/mM6vobrh4QDptp",
"af3e98a3-958d-4967-82a1-d164fd919102","BLAN_007.basePlot.bet","D02","BLAN","BLAN_007","S","2015-09-03","2015-09-17","2015-09-18","2015-10-05","2015-11-06","BLAN_007.S.20150917","bSFRDFDJGfxVcvZJvv+ISrRJBpyW62XY/CD2EHpJjrg=","carabid","HARPRO1","Harpalus protractus","species",,"Casey",,1,"Ball, G. E., and J. N. Anderson. 1962. The taxonomy and speciation of Pseudophonus (a subgenus of Harpalus: Haralini: Carabidae, known to occur in North America). The Catholic University of America Press, Washington 17, D. C.","wYCqaZcA+7slXlj5N/mM6vobrh4QDptp","wYCqaZcA+7slXlj5N/mM6vobrh4QDptp",
"89c684d0-27f0-4e1d-873f-1a22e5f1dfe0","BLAN_004.basePlot.bet","D02","BLAN","BLAN_004","S","2015-09-03","2015-09-17","2015-09-18","2015-10-02",,"BLAN_004.S.20150917","zD/pbYGBt/CNI35fc9ji9GihYcrKPiSN+MNzavsHIUw=","invert bycatch",,,,,,,,,,"wYCqaZcA+7slXlj5N/mM6vobrh4QDptp",
"faab7d0d-7545-449c-a006-329295ec5488","BLAN_004.basePlot.bet","D02","BLAN","BLAN_004","S","2015-09-03","2015-09-17","2015-09-18","2015-10-02","2015-10-02","BLAN_004.S.20150917","zD/pbYGBt/CNI35fc9ji9JkIzRpSsySRhUEO0hF9cCQ=","carabid","PTEPER2","Pterostichus permundus","species",,"Say",,4,"Ciegler, J. C. 2000. Ground beetles and wrinkled bark beetles of South Carolina (Coleoptera: Geadephaga: Carabidae and Rhysodidae). Biota of South Carolina. Vol. 1. Clemson, S. Clemson University.","wYCqaZcA+7slXlj5N/mM6vobrh4QDptp","wYCqaZcA+7slXlj5N/mM6vobrh4QDptp",
"8eb8e8a1-09fa-4de6-a791-e7bad29daf87","BLAN_001.basePlot.bet","D02","BLAN","BLAN_001","S","2015-09-03","2015-09-17","2015-09-18","2015-10-02",,"BLAN_001.S.20150917","snBNH0r8Ie3oU3fy7HbdkfflCwZidXQaNQbS1KvMyD4=","invert bycatch",,,,,,,,,,"wYCqaZcA+7slXlj5N/mM6vobrh4QDptp",
"943b34cc-1915-4489-901e-bdb4482eb7f9","BLAN_001.basePlot.bet","D02","BLAN","BLAN_001","S","2015-09-03","2015-09-17","2015-09-18","2015-10-02","2015-10-02","BLAN_001.S.20150917","snBNH0r8Ie3oU3fy7HbdkViuj71eD9Y4mE+r14YgTvw=","carabid","PTEPER2","Pterostichus permundus","species",,"Say",,1,"Ciegler, J. C. 2000. Ground beetles and wrinkled bark beetles of South Carolina (Coleoptera: Geadephaga: Carabidae and Rhysodidae). Biota of South Carolina. Vol. 1. Clemson, S. Clemson University.","wYCqaZcA+7slXlj5N/mM6vobrh4QDptp","wYCqaZcA+7slXlj5N/mM6vobrh4QDptp",
"872be42b-a757-49b0-8709-575252701bdf","BLAN_003.basePlot.bet","D02","BLAN","BLAN_003","S","2015-09-03","2015-09-17","2015-09-18","2015-10-02",,"BLAN_003.S.20150917","qWnRnvyEnOw8ZG3glPjrxvXVFehEkQhUVbBsrAEgjPY=","invert bycatch",,,,,,,,,,"wYCqaZcA+7slXlj5N/mM6vobrh4QDptp",
"6a4df0df-f791-4ea3-a36a-1e84692dd1aa","BLAN_005.basePlot.bet","D02","BLAN","BLAN_005","S","2015-09-03","2015-09-17","2015-09-18","2015-10-02","2015-10-02","BLAN_005.S.20150917","z8g4o9caFROyny+EfIixsE6TUogb2WXrTi/d+p3RkuY=","carabid","CYCFUR","Cyclotrachelus furtivus","species",,"LeConte",,6,"Freitag, R. 1969. A revision of the species of the genus Evarthrus LeConte. Quaestiones Entomologicae 5:89-212.","OkD7GLun5+2axcMZFkkGzqUglhn8Dr4Y","wYCqaZcA+7slXlj5N/mM6vobrh4QDptp",
"525a7f6d-d64a-482c-b13f-4c593545adc3","BLAN_005.basePlot.bet","D02","BLAN","BLAN_005","S","2015-09-03","2015-09-17","2015-09-18","2015-10-02","2015-10-02","BLAN_005.S.20150917","z8g4o9caFROyny+EfIixsP9T9zuE/8iLqljl37DU2XM=","carabid","PTEPER2","Pterostichus permundus","species",,"Say",,6,"Ciegler, J. C. 2000. Ground beetles and wrinkled bark beetles of South Carolina (Coleoptera: Geadephaga: Carabidae and Rhysodidae). Biota of South Carolina. Vol. 1. Clemson, S. Clemson University.","wYCqaZcA+7slXlj5N/mM6vobrh4QDptp","wYCqaZcA+7slXlj5N/mM6vobrh4QDptp",
"6b3da0f8-520d-4743-9ed8-399cdf75bdbf","BLAN_012.basePlot.bet","D02","BLAN","BLAN_012","S","2015-09-03","2015-09-17","2015-09-18","2015-10-05",,"BLAN_012.S.20150917","J0lvmfNn/fcMLVBNGhCcXGGhbMY3rUXBu58DYGztwvU=","invert bycatch",,,,,,,,,,"wYCqaZcA+7slXlj5N/mM6vobrh4QDptp",
"34b52b28-7dd8-4854-a5ab-9c2b1eae7fae","BLAN_009.basePlot.bet","D02","BLAN","BLAN_009","S","2015-09-03","2015-09-17","2015-09-18","2015-10-05",,"BLAN_009.S.20150917","7TKpA4ipJZD/eLeUcyr09egkitU/aZ6KcuNtaDnuxLQ=","invert bycatch",,,,,,,,,,"wYCqaZcA+7slXlj5N/mM6vobrh4QDptp",
"d60b24ca-1003-4287-85a6-7a9324820270","BLAN_009.basePlot.bet","D02","BLAN","BLAN_009","S","2015-09-03","2015-09-17","2015-09-18","2015-10-05","2015-10-05","BLAN_009.S.20150917","7TKpA4ipJZD/eLeUcyr09XCl0FMda+XezqyW4xrcfG4=","carabid","PTESTY","Pterostichus stygicus","species",,"Say",,1,"Bousquet, Y. 2010b. Illustrated Identification Guide to Adults and Larvae of Northeastern North American Ground Beetles (Coleoptera: Carabidae). 1st Ed. Pensoft Publishers, Sofia, Bulgaria.","wYCqaZcA+7slXlj5N/mM6vobrh4QDptp","wYCqaZcA+7slXlj5N/mM6vobrh4QDptp",
"f47d016b-71c6-45c8-be5b-194d2d2bf8ff","BLAN_009.basePlot.bet","D02","BLAN","BLAN_009","S","2015-09-03","2015-09-17","2015-09-18","2015-10-05","2015-11-06","BLAN_009.S.20150917","7TKpA4ipJZD/eLeUcyr09elQU743wmgVNJ7IYZRG/zk=","carabid","HARPRO1","Harpalus protractus","species",,"Casey",,1,"Ball, G. E., and J. N. Anderson. 1962. The taxonomy and speciation of Pseudophonus (a subgenus of Harpalus: Haralini: Carabidae, known to occur in North America). The Catholic University of America Press, Washington 17, D. C.","wYCqaZcA+7slXlj5N/mM6vobrh4QDptp","wYCqaZcA+7slXlj5N/mM6vobrh4QDptp",
