uid,namedLocation,domainID,siteID,plotID,trapID,setDate,collectDate,processingDate,identifiedDate,subsampleID,individualID,taxonID,scientificName,taxonRank,identificationQualifier,scientificNameAuthorship,morphospeciesID,identificationReferences,totalLength,identifiedBy,recordedBy,remarks
"6586e18c-f188-4e2c-8e47-ded20d38d95c","BLAN_011.basePlot.bet","D02","BLAN","BLAN_011","E","2015-08-20","2015-09-03","2016-04-19","2015-09-30","N4JQ3RFWht1UiEJPpKgW2wOIWNSwEAHU3YV54xyQ4Ek=","NEON.BET.D02.002369","CHLAES","Chlaenius aestivus","species",,"Say",,"Ciegler, J. C. 2000. Ground beetles and wrinkled bark beetles of South Carolina (Coleoptera: Geadephaga: Carabidae and Rhysodidae). Biota of South Carolina. Vol. 1. Clemson, S. Clemson University.",,"wYCqaZcA+7tKZqVSOMaNBCcRKvQIOBzP","wYCqaZcA+7tKZqVSOMaNBCcRKvQIOBzP",
"c3cbfba8-8df3-4d2a-922e-e164d4a3fd72","BLAN_003.basePlot.bet","D02","BLAN","BLAN_003","E","2015-08-20","2015-09-03","2016-04-21","2015-09-03","qWnRnvyEnOyTg93fo0GlNIY2VI1cr3Is4FlfUacD1II=","NEON.BET.D02.002491","HARPEN","Harpalus pensylvanicus","species",,"DeGeer",,"Ball, G. E., and J. N. Anderson. 1962. The taxonomy and speciation of Pseudophonus (a subgenus of Harpalus: Haralini: Carabidae, known to occur in North America). The Catholic University of America Press, Washington 17, D. C.",,"wYCqaZcA+7tKZqVSOMaNBCcRKvQIOBzP","wYCqaZcA+7tKZqVSOMaNBCcRKvQIOBzP",
"145a2588-231e-4d31-830c-4ec40e22c161","BLAN_011.basePlot.bet","D02","BLAN","BLAN_011","E","2015-08-20","2015-09-03","2016-04-21","2015-09-30","N4JQ3RFWht1UiEJPpKgW2zQajkMLb62j5+qxq6TsAhE=","NEON.BET.D02.002533","GALBIC","Galerita bicolor","species",,"Drury",,"Ciegler, J. C. 2000. Ground beetles and wrinkled bark beetles of South Carolina (Coleoptera: Geadephaga: Carabidae and Rhysodidae). Biota of South Carolina. Vol. 1. Clemson, S. Clemson University.",,"wYCqaZcA+7tKZqVSOMaNBCcRKvQIOBzP","wYCqaZcA+7tKZqVSOMaNBCcRKvQIOBzP",
"79495a32-ea19-4bdb-99ce-29437df5820d","BLAN_001.basePlot.bet","D02","BLAN","BLAN_001","E","2015-08-20","2015-09-03","2016-04-21","2015-09-30","snBNH0r8Ie27sIQ3i0ssVrwZo84G9E9kOf7qjXINx+g=","NEON.BET.D02.002515","CALGRE","Calathus gregarius","species",,"Say",,"Bousquet, Y. 2010b. Illustrated Identification Guide to Adults and Larvae of Northeastern North American Ground Beetles (Coleoptera: Carabidae). 1st Ed. Pensoft Publishers, Sofia, Bulgaria.",,"wYCqaZcA+7tKZqVSOMaNBCcRKvQIOBzP","wYCqaZcA+7tKZqVSOMaNBCcRKvQIOBzP",
"e0b2f4ef-508f-41ef-93ed-1163f7485a9e","BLAN_012.basePlot.bet","D02","BLAN","BLAN_012","E","2015-08-20","2015-09-03","2016-04-19","2015-10-01","J0lvmfNn/fev68GQtXYsHgT3i9fTHMoAirakxEYnJvU=","NEON.BET.D02.002370","CHLAES","Chlaenius aestivus","species",,"Say",,"Ciegler, J. C. 2000. Ground beetles and wrinkled bark beetles of South Carolina (Coleoptera: Geadephaga: Carabidae and Rhysodidae). Biota of South Carolina. Vol. 1. Clemson, S. Clemson University.",,"wYCqaZcA+7tKZqVSOMaNBCcRKvQIOBzP","wYCqaZcA+7tKZqVSOMaNBCcRKvQIOBzP",
"808f4719-b701-4c9f-9e5b-1021dd15d113","BLAN_011.basePlot.bet","D02","BLAN","BLAN_011","E","2015-08-20","2015-09-03","2016-04-11","2015-09-30","N4JQ3RFWht1UiEJPpKgW2/d3aXcnSSmwkouDe1nHzns=","NEON.BET.D02.002014","BEMPED","Bembidion pedicellatum","species",,"LeConte",,"Lindroth, C. H. 1969. The ground-beetles (Carabidae, excl. Cicindelinae) of Canada and Alaska, parts 1-6. Opuscula E. Entomoligiska Sallskapet.",,"wYCqaZcA+7tKZqVSOMaNBCcRKvQIOBzP","ena7GLJui5s1h8moQAQPw3Qj2+mVdivS",
"a3cbb176-d277-4c58-a4d7-211e4734ab57","BLAN_003.basePlot.bet","D02","BLAN","BLAN_003","E","2015-08-20","2015-09-03","2016-04-21","2015-09-30","qWnRnvyEnOyTg93fo0GlNIY2VI1cr3Is4FlfUacD1II=","NEON.BET.D02.002492","HARPEN","Harpalus pensylvanicus","species",,"DeGeer",,"Ball, G. E., and J. N. Anderson. 1962. The taxonomy and speciation of Pseudophonus (a subgenus of Harpalus: Haralini: Carabidae, known to occur in North America). The Catholic University of America Press, Washington 17, D. C.",,"wYCqaZcA+7tKZqVSOMaNBCcRKvQIOBzP","wYCqaZcA+7tKZqVSOMaNBCcRKvQIOBzP",
"dffc4d86-b912-4daf-917c-b44b7eef6b16","BLAN_009.basePlot.bet","D02","BLAN","BLAN_009","E","2015-08-20","2015-09-03","2016-04-19","2015-09-30","7TKpA4ipJZDyHyTXy7ZdZ7IMRXFgLbqqT8seG3QXEFU=","NEON.BET.D02.002212","CYCSIG","Cyclotrachelus sigillatus","species",,"Say",,"Freitag, R. 1969. A revision of the species of the genus Evarthrus LeConte. Quaestiones Entomologicae 5:89-212.",,"wYCqaZcA+7tKZqVSOMaNBCcRKvQIOBzP","wYCqaZcA+7tKZqVSOMaNBCcRKvQIOBzP",
"83213710-3c90-47ad-9732-aedb917d2302","BLAN_002.basePlot.bet","D02","BLAN","BLAN_002","E","2015-08-20","2015-09-03","2016-04-21","2015-10-01","pAIsJl1bu+EhoVbsGjTwWg93FqHjaA0CmEv+fMGNf1Y=","NEON.BET.D02.002465","HARCAL","Harpalus caliginosus","species",,"Fabricius",,"Ciegler, J. C. 2000. Ground beetles and wrinkled bark beetles of South Carolina (Coleoptera: Geadephaga: Carabidae and Rhysodidae). Biota of South Carolina. Vol. 1. Clemson, S. Clemson University.",,"wYCqaZcA+7tKZqVSOMaNBCcRKvQIOBzP","wYCqaZcA+7tKZqVSOMaNBCcRKvQIOBzP",
"2a15738c-5303-4bb2-a55a-5a1304320dec","BLAN_011.basePlot.bet","D02","BLAN","BLAN_011","E","2015-08-20","2015-09-03","2016-04-11","2015-09-30","N4JQ3RFWht1UiEJPpKgW2/d3aXcnSSmwkouDe1nHzns=","NEON.BET.D02.002015","BEMPED","Bembidion pedicellatum","species",,"LeConte",,"Lindroth, C. H. 1969. The ground-beetles (Carabidae, excl. Cicindelinae) of Canada and Alaska, parts 1-6. Opuscula E. Entomoligiska Sallskapet.",,"wYCqaZcA+7tKZqVSOMaNBCcRKvQIOBzP","ena7GLJui5s1h8moQAQPw3Qj2+mVdivS",
"f97b46e0-7878-44e7-bf09-14c8825856e0","BLAN_005.basePlot.bet","D02","BLAN","BLAN_005","E","2015-08-20","2015-09-03","2016-04-19","2015-10-01","z8g4o9caFRNBjyTGQyR3EWvDbvoAtYFvCrizIcU1YBE=","NEON.BET.D02.002172","PTEPER2","Pterostichus permundus","species",,"Say",,"Ciegler, J. C. 2000. Ground beetles and wrinkled bark beetles of South Carolina (Coleoptera: Geadephaga: Carabidae and Rhysodidae). Biota of South Carolina. Vol. 1. Clemson, S. Clemson University.",,"wYCqaZcA+7tKZqVSOMaNBCcRKvQIOBzP","wYCqaZcA+7tKZqVSOMaNBCcRKvQIOBzP",
"3b106fec-adc0-47f7-9665-00c911987d0d","BLAN_011.basePlot.bet","D02","BLAN","BLAN_011","E","2015-08-20","2015-09-03","2016-04-11","2015-09-30","N4JQ3RFWht1UiEJPpKgW2/d3aXcnSSmwkouDe1nHzns=","NEON.BET.D02.002013","BEMPED","Bembidion pedicellatum","species",,"LeConte",,"Lindroth, C. H. 1969. The ground-beetles (Carabidae, excl. Cicindelinae) of Canada and Alaska, parts 1-6. Opuscula E. Entomoligiska Sallskapet.",,"wYCqaZcA+7tKZqVSOMaNBCcRKvQIOBzP","ena7GLJui5s1h8moQAQPw3Qj2+mVdivS",
"d481dff9-f21d-407a-88fb-de0e89fa9199","BLAN_011.basePlot.bet","D02","BLAN","BLAN_011","E","2015-08-20","2015-09-03","2016-04-19","2015-09-30","N4JQ3RFWht1UiEJPpKgW2/gkij8mhGQa8nNriNkGOHs=","NEON.BET.D02.002179","PTEPER2","Pterostichus permundus","species",,"Say",,"Ciegler, J. C. 2000. Ground beetles and wrinkled bark beetles of South Carolina (Coleoptera: Geadephaga: Carabidae and Rhysodidae). Biota of South Carolina. Vol. 1. Clemson, S. Clemson University.",,"wYCqaZcA+7tKZqVSOMaNBCcRKvQIOBzP","wYCqaZcA+7tKZqVSOMaNBCcRKvQIOBzP",
"481f0e3c-2811-406d-ab8b-b5574e689c23","BLAN_012.basePlot.bet","D02","BLAN","BLAN_012","E","2015-08-20","2015-09-03","2016-04-19","2015-10-01","J0lvmfNn/fev68GQtXYsHsvz7sbOWy8mnOi/EvSLxAs=","NEON.BET.D02.002180","PTEPER2","Pterostichus permundus","species",,"Say",,"Ciegler, J. C. 2000. Ground beetles and wrinkled bark beetles of South Carolina (Coleoptera: Geadephaga: Carabidae and Rhysodidae). Biota of South Carolina. Vol. 1. Clemson, S. Clemson University.",,"wYCqaZcA+7tKZqVSOMaNBCcRKvQIOBzP","wYCqaZcA+7tKZqVSOMaNBCcRKvQIOBzP",
"cf4554e7-fafc-49db-aaf9-112c00667784","BLAN_011.basePlot.bet","D02","BLAN","BLAN_011","E","2015-08-20","2015-09-03","2016-04-19","2015-09-30","N4JQ3RFWht1UiEJPpKgW2/gkij8mhGQa8nNriNkGOHs=","NEON.BET.D02.002178","PTEPER2","Pterostichus permundus","species",,"Say",,"Ciegler, J. C. 2000. Ground beetles and wrinkled bark beetles of South Carolina (Coleoptera: Geadephaga: Carabidae and Rhysodidae). Biota of South Carolina. Vol. 1. Clemson, S. Clemson University.",,"wYCqaZcA+7tKZqVSOMaNBCcRKvQIOBzP","wYCqaZcA+7tKZqVSOMaNBCcRKvQIOBzP",
"ee9884b8-4786-4657-b236-ac178c78b673","BLAN_011.basePlot.bet","D02","BLAN","BLAN_011","E","2015-08-20","2015-09-03","2016-04-19","2015-09-30","N4JQ3RFWht1UiEJPpKgW259hSYP+hn52/+UwsHZwSZY=","NEON.BET.D02.002213","CYCSIG","Cyclotrachelus sigillatus","species",,"Say",,"Freitag, R. 1969. A revision of the species of the genus Evarthrus LeConte. Quaestiones Entomologicae 5:89-212.",,"wYCqaZcA+7tKZqVSOMaNBCcRKvQIOBzP","wYCqaZcA+7tKZqVSOMaNBCcRKvQIOBzP",
"df8a3e4d-1559-45bf-80dc-51ecb4f53381","BLAN_011.basePlot.bet","D02","BLAN","BLAN_011","E","2015-08-20","2015-09-03","2016-04-11","2015-09-30","N4JQ3RFWht1UiEJPpKgW2/d3aXcnSSmwkouDe1nHzns=","NEON.BET.D02.002012","BEMPED","Bembidion pedicellatum","species",,"LeConte",,"Lindroth, C. H. 1969. The ground-beetles (Carabidae, excl. Cicindelinae) of Canada and Alaska, parts 1-6. Opuscula E. Entomoligiska Sallskapet.",,"wYCqaZcA+7tKZqVSOMaNBCcRKvQIOBzP","ena7GLJui5s1h8moQAQPw3Qj2+mVdivS",
"31de6a1b-ac00-4e9e-afff-7e005f027923","BLAN_001.basePlot.bet","D02","BLAN","BLAN_001","N","2015-08-20","2015-09-03","2016-04-21","2015-09-30","snBNH0r8Ie2dc6Bc7EcuBystD5B8nmbIp3BC5RCr4vU=","NEON.BET.D02.002514","CALGRE","Calathus gregarius","species",,"Say",,"Bousquet, Y. 2010b. Illustrated Identification Guide to Adults and Larvae of Northeastern North American Ground Beetles (Coleoptera: Carabidae). 1st Ed. Pensoft Publishers, Sofia, Bulgaria.",,"wYCqaZcA+7tKZqVSOMaNBCcRKvQIOBzP","wYCqaZcA+7tKZqVSOMaNBCcRKvQIOBzP",
"155c1fb2-b420-4849-9b14-5c979724d630","BLAN_012.basePlot.bet","D02","BLAN","BLAN_012","N","2015-08-20","2015-09-03","2016-04-21","2015-10-01","J0lvmfNn/ffePszKztR5ZFtdJ+lZEQQLVjA5lS7CXbQ=","NEON.BET.D02.002520","CALGRE","Calathus gregarius","species",,"Say",,"Bousquet, Y. 2010b. Illustrated Identification Guide to Adults and Larvae of Northeastern North American Ground Beetles (Coleoptera: Carabidae). 1st Ed. Pensoft Publishers, Sofia, Bulgaria.",,"wYCqaZcA+7tKZqVSOMaNBCcRKvQIOBzP","wYCqaZcA+7tKZqVSOMaNBCcRKvQIOBzP",
"08d080d6-49b5-4c38-9da8-fab47cd1c7ad","BLAN_012.basePlot.bet","D02","BLAN","BLAN_012","N","2015-08-20","2015-09-03","2016-04-19","2015-10-01","J0lvmfNn/ffePszKztR5ZF4Oh8RsJC1pPSBgMD4/TGg=","NEON.BET.D02.002214","CYCSIG","Cyclotrachelus sigillatus","species",,"Say",,"Freitag, R. 1969. A revision of the species of the genus Evarthrus LeConte. Quaestiones Entomologicae 5:89-212.",,"wYCqaZcA+7tKZqVSOMaNBCcRKvQIOBzP","wYCqaZcA+7tKZqVSOMaNBCcRKvQIOBzP",
"fa2262f4-e034-4ac7-bcc5-abe856c11a54","BLAN_011.basePlot.bet","D02","BLAN","BLAN_011","N","2015-08-20","2015-09-03","2016-04-19","2015-09-30","N4JQ3RFWht3sbbIawXLCq7LTkgRfBBeT7uTkfgbOwtY=","NEON.BET.D02.002177","PTEPER2","Pterostichus permundus","species",,"Say",,"Ciegler, J. C. 2000. Ground beetles and wrinkled bark beetles of South Carolina (Coleoptera: Geadephaga: Carabidae and Rhysodidae). Biota of South Carolina. Vol. 1. Clemson, S. Clemson University.",,"wYCqaZcA+7tKZqVSOMaNBCcRKvQIOBzP","wYCqaZcA+7tKZqVSOMaNBCcRKvQIOBzP",
"136cbf28-acb4-4abc-80ee-1dd83efd965a","BLAN_011.basePlot.bet","D02","BLAN","BLAN_011","N","2015-08-20","2015-09-03","2016-04-11","2015-09-30","N4JQ3RFWht3sbbIawXLCq2ZosbSrfwWc+kgi5QpLPvA=","NEON.BET.D02.002011","BEMPED","Bembidion pedicellatum","species",,"LeConte",,"Lindroth, C. H. 1969. The ground-beetles (Carabidae, excl. Cicindelinae) of Canada and Alaska, parts 1-6. Opuscula E. Entomoligiska Sallskapet.",,"wYCqaZcA+7tKZqVSOMaNBCcRKvQIOBzP","ena7GLJui5s1h8moQAQPw3Qj2+mVdivS",
"303b4436-be5e-412c-afda-5b8a340a1bb8","BLAN_011.basePlot.bet","D02","BLAN","BLAN_011","N","2015-08-20","2015-09-03","2016-04-11","2015-09-30","N4JQ3RFWht3sbbIawXLCq2ZosbSrfwWc+kgi5QpLPvA=","NEON.BET.D02.002010","BEMPED","Bembidion pedicellatum","species",,"LeConte",,"Lindroth, C. H. 1969. The ground-beetles (Carabidae, excl. Cicindelinae) of Canada and Alaska, parts 1-6. Opuscula E. Entomoligiska Sallskapet.",,"wYCqaZcA+7tKZqVSOMaNBCcRKvQIOBzP","ena7GLJui5s1h8moQAQPw3Qj2+mVdivS",
"25e628a6-df9b-403c-b066-1f5278f5c395","BLAN_011.basePlot.bet","D02","BLAN","BLAN_011","N","2015-08-20","2015-09-03","2016-04-19","2015-09-30","N4JQ3RFWht3sbbIawXLCq7VYbRgT2PWlWWXfoePZOuQ=","NEON.BET.D02.002199","PTESTY","Pterostichus stygicus","species",,"Say",,"Bousquet, Y. 2010b. Illustrated Identification Guide to Adults and Larvae of Northeastern North American Ground Beetles (Coleoptera: Carabidae). 1st Ed. Pensoft Publishers, Sofia, Bulgaria.",,"wYCqaZcA+7tKZqVSOMaNBCcRKvQIOBzP","wYCqaZcA+7tKZqVSOMaNBCcRKvQIOBzP",
"df85104a-fbd5-4dbd-b08b-5e634b1d5736","BLAN_012.basePlot.bet","D02","BLAN","BLAN_012","S","2015-08-20","2015-09-03","2016-04-21","2015-10-01","J0lvmfNn/fcMLVBNGhCcXFL57PTEMY3s4Ntyyk2yhMU=","NEON.BET.D02.002519","CALGRE","Calathus gregarius","species",,"Say",,"Bousquet, Y. 2010b. Illustrated Identification Guide to Adults and Larvae of Northeastern North American Ground Beetles (Coleoptera: Carabidae). 1st Ed. Pensoft Publishers, Sofia, Bulgaria.",,"wYCqaZcA+7tKZqVSOMaNBCcRKvQIOBzP","wYCqaZcA+7tKZqVSOMaNBCcRKvQIOBzP",
"771bd45a-3271-4cf8-acea-3e3af70bf23c","BLAN_004.basePlot.bet","D02","BLAN","BLAN_004","S","2015-08-20","2015-09-03","2016-04-21","2015-10-01","zD/pbYGBt/CNI35fc9ji9LPGWfuQ0W+S/LM/Cmm9YkI=","NEON.BET.D02.002516","CALGRE","Calathus gregarius","species",,"Say",,"Bousquet, Y. 2010b. Illustrated Identification Guide to Adults and Larvae of Northeastern North American Ground Beetles (Coleoptera: Carabidae). 1st Ed. Pensoft Publishers, Sofia, Bulgaria.",,"wYCqaZcA+7tKZqVSOMaNBCcRKvQIOBzP","wYCqaZcA+7tKZqVSOMaNBCcRKvQIOBzP",
"9a58acaa-698e-40e4-b5aa-61a075cf440b","BLAN_004.basePlot.bet","D02","BLAN","BLAN_004","S","2015-08-20","2015-09-03","2016-04-19","2015-10-01","zD/pbYGBt/CNI35fc9ji9EPfuaa8OCAstjJ5fCq/SJI=","NEON.BET.D02.002171","PTEPER2","Pterostichus permundus","species",,"Say",,"Ciegler, J. C. 2000. Ground beetles and wrinkled bark beetles of South Carolina (Coleoptera: Geadephaga: Carabidae and Rhysodidae). Biota of South Carolina. Vol. 1. Clemson, S. Clemson University.",,"wYCqaZcA+7tKZqVSOMaNBCcRKvQIOBzP","wYCqaZcA+7tKZqVSOMaNBCcRKvQIOBzP",
"869f8f09-76e3-4583-a602-90cacbcb0e56","BLAN_005.basePlot.bet","D02","BLAN","BLAN_005","S","2015-08-20","2015-09-03","2016-04-19","2015-10-01","z8g4o9caFROyny+EfIixsJZ6bllbswilNPrm3S48xc4=","NEON.BET.D02.002173","PTEPER2","Pterostichus permundus","species",,"Say",,"Ciegler, J. C. 2000. Ground beetles and wrinkled bark beetles of South Carolina (Coleoptera: Geadephaga: Carabidae and Rhysodidae). Biota of South Carolina. Vol. 1. Clemson, S. Clemson University.",,"wYCqaZcA+7tKZqVSOMaNBCcRKvQIOBzP","wYCqaZcA+7tKZqVSOMaNBCcRKvQIOBzP",
"21111ea5-8b1b-49ca-8845-def079da12d9","BLAN_004.basePlot.bet","D02","BLAN","BLAN_004","S","2015-08-20","2015-09-03","2016-04-19","2015-10-01","zD/pbYGBt/CNI35fc9ji9ChMufiit9Gbx4WeHJ65Yfc=","NEON.BET.D02.002198","PTESTY","Pterostichus stygicus","species",,"Say",,"Bousquet, Y. 2010b. Illustrated Identification Guide to Adults and Larvae of Northeastern North American Ground Beetles (Coleoptera: Carabidae). 1st Ed. Pensoft Publishers, Sofia, Bulgaria.",,"wYCqaZcA+7tKZqVSOMaNBCcRKvQIOBzP","wYCqaZcA+7tKZqVSOMaNBCcRKvQIOBzP",
"a3961113-d5d9-4183-afdb-466ab8249342","BLAN_005.basePlot.bet","D02","BLAN","BLAN_005","S","2015-08-20","2015-09-03","2016-04-19","2015-10-01","z8g4o9caFROyny+EfIixsJZ6bllbswilNPrm3S48xc4=","NEON.BET.D02.002174","PTEPER2","Pterostichus permundus","species",,"Say",,"Ciegler, J. C. 2000. Ground beetles and wrinkled bark beetles of South Carolina (Coleoptera: Geadephaga: Carabidae and Rhysodidae). Biota of South Carolina. Vol. 1. Clemson, S. Clemson University.",,"wYCqaZcA+7tKZqVSOMaNBCcRKvQIOBzP","wYCqaZcA+7tKZqVSOMaNBCcRKvQIOBzP",
"a09233e7-363b-4c82-9132-0052f18cb351","BLAN_007.basePlot.bet","D02","BLAN","BLAN_007","S","2015-08-20","2015-09-03","2016-04-19","2015-10-01","bSFRDFDJGfxVcvZJvv+ISvSFBl+qJ5f3vu8A/hLC2is=","NEON.BET.D02.002176","PTEPER2","Pterostichus permundus","species",,"Say",,"Ciegler, J. C. 2000. Ground beetles and wrinkled bark beetles of South Carolina (Coleoptera: Geadephaga: Carabidae and Rhysodidae). Biota of South Carolina. Vol. 1. Clemson, S. Clemson University.",,"wYCqaZcA+7tKZqVSOMaNBCcRKvQIOBzP","wYCqaZcA+7tKZqVSOMaNBCcRKvQIOBzP",
"83bcc210-2c41-414e-9c4e-42e019117dfe","BLAN_009.basePlot.bet","D02","BLAN","BLAN_009","W","2015-08-20","2015-09-03","2016-04-19","2015-09-30","7TKpA4ipJZC3iyN1MAGJU/wYAsTbkLH3h9cGn8yWT3A=","NEON.BET.D02.002392","DICDIL1","Dicaelus dilatatus dilatatus","subspecies",,"Say",,"Ciegler, J. C. 2000. Ground beetles and wrinkled bark beetles of South Carolina (Coleoptera: Geadephaga: Carabidae and Rhysodidae). Biota of South Carolina. Vol. 1. Clemson, S. Clemson University.",,"wYCqaZcA+7tKZqVSOMaNBCcRKvQIOBzP","wYCqaZcA+7tKZqVSOMaNBCcRKvQIOBzP",
"daf01af2-9826-4d1b-8a04-e89517fd2a98","BLAN_003.basePlot.bet","D02","BLAN","BLAN_003","W","2015-08-20","2015-09-03","2016-04-21","2015-09-30","qWnRnvyEnOzTkoE7zeEk+JnbmADNrOLlvpgcpnGuBSQ=","NEON.BET.D02.002493","HARPEN","Harpalus pensylvanicus","species",,"DeGeer",,"Ball, G. E., and J. N. Anderson. 1962. The taxonomy and speciation of Pseudophonus (a subgenus of Harpalus: Haralini: Carabidae, known to occur in North America). The Catholic University of America Press, Washington 17, D. C.",,"wYCqaZcA+7tKZqVSOMaNBCcRKvQIOBzP","wYCqaZcA+7tKZqVSOMaNBCcRKvQIOBzP",
"1c7966ac-9dd4-4e8a-b711-1d7d81cd3945","BLAN_009.basePlot.bet","D02","BLAN","BLAN_009","W","2015-08-20","2015-09-03","2016-04-21","2015-09-30","7TKpA4ipJZC3iyN1MAGJUzipZ5DVgKJOEADW2NSDw6o=","NEON.BET.D02.002518","CALGRE","Calathus gregarius","species",,"Say",,"Bousquet, Y. 2010b. Illustrated Identification Guide to Adults and Larvae of Northeastern North American Ground Beetles (Coleoptera: Carabidae). 1st Ed. Pensoft Publishers, Sofia, Bulgaria.",,"wYCqaZcA+7tKZqVSOMaNBCcRKvQIOBzP","wYCqaZcA+7tKZqVSOMaNBCcRKvQIOBzP",
"19639d44-9f40-46ba-ae1d-c8376d396872","BLAN_009.basePlot.bet","D02","BLAN","BLAN_009","W","2015-08-20","2015-09-03","2016-04-21","2015-09-30","7TKpA4ipJZC3iyN1MAGJUzipZ5DVgKJOEADW2NSDw6o=","NEON.BET.D02.002517","CALGRE","Calathus gregarius","species",,"Say",,"Bousquet, Y. 2010b. Illustrated Identification Guide to Adults and Larvae of Northeastern North American Ground Beetles (Coleoptera: Carabidae). 1st Ed. Pensoft Publishers, Sofia, Bulgaria.",,"wYCqaZcA+7tKZqVSOMaNBCcRKvQIOBzP","wYCqaZcA+7tKZqVSOMaNBCcRKvQIOBzP",
"850e0f82-c006-4e87-a011-37e57023f00b","BLAN_011.basePlot.bet","D02","BLAN","BLAN_011","W","2015-08-20","2015-09-03","2016-04-11","2015-09-30","N4JQ3RFWht2mzs2iSx2VGpxix5ckINGG/0zR13+LRP0=","NEON.BET.D02.002017","BEMPED","Bembidion pedicellatum","species",,"LeConte",,"Lindroth, C. H. 1969. The ground-beetles (Carabidae, excl. Cicindelinae) of Canada and Alaska, parts 1-6. Opuscula E. Entomoligiska Sallskapet.",,"wYCqaZcA+7tKZqVSOMaNBCcRKvQIOBzP","ena7GLJui5s1h8moQAQPw3Qj2+mVdivS",
"188137ad-02cc-4547-9fd2-5ae685b903fb","BLAN_005.basePlot.bet","D02","BLAN","BLAN_005","W","2015-08-20","2015-09-03","2016-04-19","2015-10-01","z8g4o9caFRP037RQd/7+6HcKRKRv7/DGO8XgtV9/78o=","NEON.BET.D02.002175","PTEPER2","Pterostichus permundus","species",,"Say",,"Ciegler, J. C. 2000. Ground beetles and wrinkled bark beetles of South Carolina (Coleoptera: Geadephaga: Carabidae and Rhysodidae). Biota of South Carolina. Vol. 1. Clemson, S. Clemson University.",,"wYCqaZcA+7tKZqVSOMaNBCcRKvQIOBzP","wYCqaZcA+7tKZqVSOMaNBCcRKvQIOBzP",
"df719eb8-13d0-473a-9ed0-9b22429e6e7f","BLAN_002.basePlot.bet","D02","BLAN","BLAN_002","W","2015-08-20","2015-09-03","2016-04-21","2015-10-01","pAIsJl1bu+GnLLfxBfuTz3SUzW072kUDSG+6u2x8m2s=","NEON.BET.D02.002466","HARCAL","Harpalus caliginosus","species",,"Fabricius",,"Ciegler, J. C. 2000. Ground beetles and wrinkled bark beetles of South Carolina (Coleoptera: Geadephaga: Carabidae and Rhysodidae). Biota of South Carolina. Vol. 1. Clemson, S. Clemson University.",,"wYCqaZcA+7tKZqVSOMaNBCcRKvQIOBzP","wYCqaZcA+7tKZqVSOMaNBCcRKvQIOBzP",
"05a7c44e-ed07-43c1-bbe7-2df0cd737ccd","BLAN_011.basePlot.bet","D02","BLAN","BLAN_011","W","2015-08-20","2015-09-03","2016-04-11","2015-09-30","N4JQ3RFWht2mzs2iSx2VGpxix5ckINGG/0zR13+LRP0=","NEON.BET.D02.002016","BEMPED","Bembidion pedicellatum","species",,"LeConte",,"Lindroth, C. H. 1969. The ground-beetles (Carabidae, excl. Cicindelinae) of Canada and Alaska, parts 1-6. Opuscula E. Entomoligiska Sallskapet.",,"wYCqaZcA+7tKZqVSOMaNBCcRKvQIOBzP","ena7GLJui5s1h8moQAQPw3Qj2+mVdivS",
"8693aebd-b0dd-41c1-a5f2-dc078dcce598","BLAN_011.basePlot.bet","D02","BLAN","BLAN_011","W","2015-08-20","2015-09-03","2016-04-11","2015-09-30","N4JQ3RFWht2mzs2iSx2VGpxix5ckINGG/0zR13+LRP0=","NEON.BET.D02.002018","BEMPED","Bembidion pedicellatum","species",,"LeConte",,"Lindroth, C. H. 1969. The ground-beetles (Carabidae, excl. Cicindelinae) of Canada and Alaska, parts 1-6. Opuscula E. Entomoligiska Sallskapet.",,"wYCqaZcA+7tKZqVSOMaNBCcRKvQIOBzP","ena7GLJui5s1h8moQAQPw3Qj2+mVdivS",
"4b452d21-71e8-4631-b38a-97e9e61a3023","BLAN_011.basePlot.bet","D02","BLAN","BLAN_011","W","2015-08-20","2015-09-03","2016-04-11","2015-09-30","N4JQ3RFWht2mzs2iSx2VGpxix5ckINGG/0zR13+LRP0=","NEON.BET.D02.002019","BEMPED","Bembidion pedicellatum","species",,"LeConte",,"Lindroth, C. H. 1969. The ground-beetles (Carabidae, excl. Cicindelinae) of Canada and Alaska, parts 1-6. Opuscula E. Entomoligiska Sallskapet.",,"wYCqaZcA+7tKZqVSOMaNBCcRKvQIOBzP","ena7GLJui5s1h8moQAQPw3Qj2+mVdivS",
"28516f0a-36f6-4f6e-a75d-a6f032cdff21","BLAN_011.basePlot.bet","D02","BLAN","BLAN_011","W","2015-08-20","2015-09-03","2016-04-11","2015-09-30","N4JQ3RFWht2mzs2iSx2VGpxix5ckINGG/0zR13+LRP0=","NEON.BET.D02.002020","BEMPED","Bembidion pedicellatum","species",,"LeConte",,"Lindroth, C. H. 1969. The ground-beetles (Carabidae, excl. Cicindelinae) of Canada and Alaska, parts 1-6. Opuscula E. Entomoligiska Sallskapet.",,"wYCqaZcA+7tKZqVSOMaNBCcRKvQIOBzP","ena7GLJui5s1h8moQAQPw3Qj2+mVdivS",
"e95fb17d-bd87-405c-812f-b7447718e2ea","BLAN_011.basePlot.bet","D02","BLAN","BLAN_011","W","2015-09-03","2015-09-17","2016-04-11","2015-10-05","N4JQ3RFWht2mzs2iSx2VGqc+iuEDbIciTzEr0qTnyE4=","NEON.BET.D02.002026","BEMPED","Bembidion pedicellatum","species",,"LeConte",,"Lindroth, C. H. 1969. The ground-beetles (Carabidae, excl. Cicindelinae) of Canada and Alaska, parts 1-6. Opuscula E. Entomoligiska Sallskapet.",,"wYCqaZcA+7tKZqVSOMaNBCcRKvQIOBzP","ena7GLJui5s1h8moQAQPw3Qj2+mVdivS",
"f725546d-06df-43a7-8a7d-19ab58cbe9f7","BLAN_011.basePlot.bet","D02","BLAN","BLAN_011","W","2015-09-03","2015-09-17","2016-04-11","2015-10-05","N4JQ3RFWht2mzs2iSx2VGqc+iuEDbIciTzEr0qTnyE4=","NEON.BET.D02.002025","BEMPED","Bembidion pedicellatum","species",,"LeConte",,"Lindroth, C. H. 1969. The ground-beetles (Carabidae, excl. Cicindelinae) of Canada and Alaska, parts 1-6. Opuscula E. Entomoligiska Sallskapet.",,"wYCqaZcA+7tKZqVSOMaNBCcRKvQIOBzP","ena7GLJui5s1h8moQAQPw3Qj2+mVdivS",
"4e138c58-3ba9-4cd2-81e2-688cd2d89e6a","BLAN_011.basePlot.bet","D02","BLAN","BLAN_011","W","2015-09-03","2015-09-17","2016-04-11","2015-10-05","N4JQ3RFWht2mzs2iSx2VGqc+iuEDbIciTzEr0qTnyE4=","NEON.BET.D02.002028","BEMPED","Bembidion pedicellatum","species",,"LeConte",,"Lindroth, C. H. 1969. The ground-beetles (Carabidae, excl. Cicindelinae) of Canada and Alaska, parts 1-6. Opuscula E. Entomoligiska Sallskapet.",,"wYCqaZcA+7tKZqVSOMaNBCcRKvQIOBzP","ena7GLJui5s1h8moQAQPw3Qj2+mVdivS",
"bc5790f0-0e06-421c-815e-7468458298b6","BLAN_001.basePlot.bet","D02","BLAN","BLAN_001","W","2015-09-03","2015-09-17","2016-04-11","2015-10-02","snBNH0r8Ie2U/GXK/PObvz4daQyBxy5lX/3GflFEpx4=","NEON.BET.D02.001980","NOTSEM2","Notiophilus semistriatus","species",,"Say",,"Bousquet, Y. 2010b. Illustrated Identification Guide to Adults and Larvae of Northeastern North American Ground Beetles (Coleoptera: Carabidae). 1st Ed. Pensoft Publishers, Sofia, Bulgaria.",,"wYCqaZcA+7tKZqVSOMaNBCcRKvQIOBzP","ena7GLJui5s1h8moQAQPw3Qj2+mVdivS",
"3e4d2d6c-caeb-41aa-913c-719882d776f1","BLAN_002.basePlot.bet","D02","BLAN","BLAN_002","W","2015-09-03","2015-09-17","2016-04-19","2015-10-05","pAIsJl1bu+GnLLfxBfuTzz1zGaVCSB1rx7InSiT1uM0=","NEON.BET.D02.002143","PTEPER2","Pterostichus permundus","species",,"Say",,"Ciegler, J. C. 2000. Ground beetles and wrinkled bark beetles of South Carolina (Coleoptera: Geadephaga: Carabidae and Rhysodidae). Biota of South Carolina. Vol. 1. Clemson, S. Clemson University.",,"wYCqaZcA+7tKZqVSOMaNBCcRKvQIOBzP","wYCqaZcA+7tKZqVSOMaNBCcRKvQIOBzP",
"69d3e089-4dce-46f0-893c-8c8a3e6e9877","BLAN_005.basePlot.bet","D02","BLAN","BLAN_005","W","2015-09-03","2015-09-17","2016-04-19","2015-10-02","z8g4o9caFRP037RQd/7+6CtjBZz4Mhi9abnJa3nGd+s=","NEON.BET.D02.002158","PTEPER2","Pterostichus permundus","species",,"Say",,"Ciegler, J. C. 2000. Ground beetles and wrinkled bark beetles of South Carolina (Coleoptera: Geadephaga: Carabidae and Rhysodidae). Biota of South Carolina. Vol. 1. Clemson, S. Clemson University.",,"wYCqaZcA+7tKZqVSOMaNBCcRKvQIOBzP","wYCqaZcA+7tKZqVSOMaNBCcRKvQIOBzP",
"f9bc8d20-c255-4798-ab0a-5bd6baed1143","BLAN_011.basePlot.bet","D02","BLAN","BLAN_011","W","2015-09-03","2015-09-17","2016-04-11","2015-10-05","N4JQ3RFWht2mzs2iSx2VGqc+iuEDbIciTzEr0qTnyE4=","NEON.BET.D02.002027","BEMPED","Bembidion pedicellatum","species",,"LeConte",,"Lindroth, C. H. 1969. The ground-beetles (Carabidae, excl. Cicindelinae) of Canada and Alaska, parts 1-6. Opuscula E. Entomoligiska Sallskapet.",,"wYCqaZcA+7tKZqVSOMaNBCcRKvQIOBzP","ena7GLJui5s1h8moQAQPw3Qj2+mVdivS",
"24bb8758-06b6-441c-874c-d39fc0eafe09","BLAN_011.basePlot.bet","D02","BLAN","BLAN_011","W","2015-09-03","2015-09-17","2016-04-11","2015-10-05","N4JQ3RFWht2mzs2iSx2VGqc+iuEDbIciTzEr0qTnyE4=","NEON.BET.D02.002029","BEMPED","Bembidion pedicellatum","species",,"LeConte",,"Lindroth, C. H. 1969. The ground-beetles (Carabidae, excl. Cicindelinae) of Canada and Alaska, parts 1-6. Opuscula E. Entomoligiska Sallskapet.",,"wYCqaZcA+7tKZqVSOMaNBCcRKvQIOBzP","ena7GLJui5s1h8moQAQPw3Qj2+mVdivS",
"17db4497-ee36-4d2e-b1be-4e78ca779840","BLAN_007.basePlot.bet","D02","BLAN","BLAN_007","W","2015-09-03","2015-09-17","2016-04-18","2015-10-05","bSFRDFDJGfxXYFGFgSAAn7nF+/ZA/UljLHd8NwRbKiE=","NEON.BET.D02.002062","MYACOR","Myas coracinus","species",,"Say",,"Ciegler, J. C. 2000. Ground beetles and wrinkled bark beetles of South Carolina (Coleoptera: Geadephaga: Carabidae and Rhysodidae). Biota of South Carolina. Vol. 1. Clemson, S. Clemson University.",,"wYCqaZcA+7tKZqVSOMaNBCcRKvQIOBzP","wYCqaZcA+7tKZqVSOMaNBCcRKvQIOBzP",
"5ddfe575-4a1c-403d-a381-9500b863622f","BLAN_003.basePlot.bet","D02","BLAN","BLAN_003","W","2015-09-03","2015-09-17","2016-04-19","2015-10-02","qWnRnvyEnOzTkoE7zeEk+LT3RG8nkYWfTfxrcGr8zZg=","NEON.BET.D02.002146","PTEPER2","Pterostichus permundus","species",,"Say",,"Ciegler, J. C. 2000. Ground beetles and wrinkled bark beetles of South Carolina (Coleoptera: Geadephaga: Carabidae and Rhysodidae). Biota of South Carolina. Vol. 1. Clemson, S. Clemson University.",,"wYCqaZcA+7tKZqVSOMaNBCcRKvQIOBzP","wYCqaZcA+7tKZqVSOMaNBCcRKvQIOBzP",
"4ec877ee-cd1a-44da-8afa-97c65e0b164c","BLAN_003.basePlot.bet","D02","BLAN","BLAN_003","W","2015-09-03","2015-09-17","2016-04-19","2015-10-02","qWnRnvyEnOzTkoE7zeEk+LT3RG8nkYWfTfxrcGr8zZg=","NEON.BET.D02.002145","PTEPER2","Pterostichus permundus","species",,"Say",,"Ciegler, J. C. 2000. Ground beetles and wrinkled bark beetles of South Carolina (Coleoptera: Geadephaga: Carabidae and Rhysodidae). Biota of South Carolina. Vol. 1. Clemson, S. Clemson University.",,"wYCqaZcA+7tKZqVSOMaNBCcRKvQIOBzP","wYCqaZcA+7tKZqVSOMaNBCcRKvQIOBzP",
"605faf73-f7d1-45f7-a8b3-3163a8e21991","BLAN_001.basePlot.bet","D02","BLAN","BLAN_001","W","2015-09-03","2015-09-17","2016-04-19","2015-10-02","snBNH0r8Ie2U/GXK/PObv06o+zVUczMdviStjFEMYE0=","NEON.BET.D02.002200","PTESTY","Pterostichus stygicus","species",,"Say",,"Bousquet, Y. 2010b. Illustrated Identification Guide to Adults and Larvae of Northeastern North American Ground Beetles (Coleoptera: Carabidae). 1st Ed. Pensoft Publishers, Sofia, Bulgaria.",,"fhqXNoOkfxgxeumX3nh8hiKzTnt5lZ8Br3PaGAyV7lk=","wYCqaZcA+7tKZqVSOMaNBCcRKvQIOBzP",
"107630b8-23e0-4b67-a4e8-21d7be99e001","BLAN_002.basePlot.bet","D02","BLAN","BLAN_002","E","2015-09-03","2015-09-17","2016-04-21","2015-10-05","pAIsJl1bu+EhoVbsGjTwWhZwvRrFv0QGPdiHS5EvYvc=","NEON.BET.D02.002467","HARCAL","Harpalus caliginosus","species",,"Fabricius",,"Ciegler, J. C. 2000. Ground beetles and wrinkled bark beetles of South Carolina (Coleoptera: Geadephaga: Carabidae and Rhysodidae). Biota of South Carolina. Vol. 1. Clemson, S. Clemson University.",,"wYCqaZcA+7tKZqVSOMaNBCcRKvQIOBzP","wYCqaZcA+7tKZqVSOMaNBCcRKvQIOBzP",
"49e78cc5-1136-4bf5-8521-ca99d34eab4e","BLAN_007.basePlot.bet","D02","BLAN","BLAN_007","E","2015-09-03","2015-09-17","2016-04-21","2015-10-05","bSFRDFDJGfyH7CX1vhlSl3t4drh6DFbQoLUgIH8m8AM=","NEON.BET.D02.002521","CALGRE","Calathus gregarius","species",,"Say",,"Bousquet, Y. 2010b. Illustrated Identification Guide to Adults and Larvae of Northeastern North American Ground Beetles (Coleoptera: Carabidae). 1st Ed. Pensoft Publishers, Sofia, Bulgaria.",,"wYCqaZcA+7tKZqVSOMaNBCcRKvQIOBzP","wYCqaZcA+7tKZqVSOMaNBCcRKvQIOBzP",
"7df02958-985d-4043-a191-fdee20e52c2b","BLAN_006.basePlot.bet","D02","BLAN","BLAN_006","E","2015-09-03","2015-09-17","2016-04-21","2015-11-06","YPnoadCppCw/xFNAB855mSpRryD7q1SeHBVUb32ZCFw=","NEON.BET.D02.002496","HARPEN","Harpalus pensylvanicus","species",,"DeGeer",,"Ball, G. E., and J. N. Anderson. 1962. The taxonomy and speciation of Pseudophonus (a subgenus of Harpalus: Haralini: Carabidae, known to occur in North America). The Catholic University of America Press, Washington 17, D. C.",,"wYCqaZcA+7tKZqVSOMaNBCcRKvQIOBzP","wYCqaZcA+7tKZqVSOMaNBCcRKvQIOBzP",
"aabf02a6-7b2e-491e-889e-94123515c78b","BLAN_006.basePlot.bet","D02","BLAN","BLAN_006","E","2015-09-03","2015-09-17","2016-04-21","2015-11-06","YPnoadCppCw/xFNAB855mSpRryD7q1SeHBVUb32ZCFw=","NEON.BET.D02.002495","HARPEN","Harpalus pensylvanicus","species",,"DeGeer",,"Ball, G. E., and J. N. Anderson. 1962. The taxonomy and speciation of Pseudophonus (a subgenus of Harpalus: Haralini: Carabidae, known to occur in North America). The Catholic University of America Press, Washington 17, D. C.",,"wYCqaZcA+7tKZqVSOMaNBCcRKvQIOBzP","wYCqaZcA+7tKZqVSOMaNBCcRKvQIOBzP",
"881b4359-2482-4676-b305-66fc648a45ef","BLAN_012.basePlot.bet","D02","BLAN","BLAN_012","E","2015-09-03","2015-09-17","2016-04-21","2015-10-05","J0lvmfNn/fev68GQtXYsHtxi2xvBl2olLcO6kopqM/U=","NEON.BET.D02.002523","CALGRE","Calathus gregarius","species",,"Say",,"Bousquet, Y. 2010b. Illustrated Identification Guide to Adults and Larvae of Northeastern North American Ground Beetles (Coleoptera: Carabidae). 1st Ed. Pensoft Publishers, Sofia, Bulgaria.",,"wYCqaZcA+7tKZqVSOMaNBCcRKvQIOBzP","wYCqaZcA+7tKZqVSOMaNBCcRKvQIOBzP",
"77341daf-7738-4e96-a449-02fb81567820","BLAN_005.basePlot.bet","D02","BLAN","BLAN_005","E","2015-09-03","2015-09-17","2016-04-19","2015-10-02","z8g4o9caFRNBjyTGQyR3EV62/HrqmCxSSifgf8W2Ulw=","NEON.BET.D02.002162","PTEPER2","Pterostichus permundus","species",,"Say",,"Ciegler, J. C. 2000. Ground beetles and wrinkled bark beetles of South Carolina (Coleoptera: Geadephaga: Carabidae and Rhysodidae). Biota of South Carolina. Vol. 1. Clemson, S. Clemson University.",,"wYCqaZcA+7tKZqVSOMaNBCcRKvQIOBzP","wYCqaZcA+7tKZqVSOMaNBCcRKvQIOBzP",
"3875b845-cf38-4906-abe8-ff5bd1942f03","BLAN_012.basePlot.bet","D02","BLAN","BLAN_012","E","2015-09-03","2015-09-17","2016-04-19","2015-10-05","J0lvmfNn/fev68GQtXYsHjLHSz87CaN8moRGb50Tvm8=","NEON.BET.D02.002137","PTEPER2","Pterostichus permundus","species",,"Say",,"Ciegler, J. C. 2000. Ground beetles and wrinkled bark beetles of South Carolina (Coleoptera: Geadephaga: Carabidae and Rhysodidae). Biota of South Carolina. Vol. 1. Clemson, S. Clemson University.",,"wYCqaZcA+7tKZqVSOMaNBCcRKvQIOBzP","wYCqaZcA+7tKZqVSOMaNBCcRKvQIOBzP",
"8af8b403-28a6-44ef-8853-97b76cc7774c","BLAN_005.basePlot.bet","D02","BLAN","BLAN_005","E","2015-09-03","2015-09-17","2016-04-19","2015-10-02","z8g4o9caFRNBjyTGQyR3EV62/HrqmCxSSifgf8W2Ulw=","NEON.BET.D02.002159","PTEPER2","Pterostichus permundus","species",,"Say",,"Ciegler, J. C. 2000. Ground beetles and wrinkled bark beetles of South Carolina (Coleoptera: Geadephaga: Carabidae and Rhysodidae). Biota of South Carolina. Vol. 1. Clemson, S. Clemson University.",,"wYCqaZcA+7tKZqVSOMaNBCcRKvQIOBzP","wYCqaZcA+7tKZqVSOMaNBCcRKvQIOBzP",
"c9e85dec-d443-4bae-b33d-bb71324eb46b","BLAN_001.basePlot.bet","D02","BLAN","BLAN_001","E","2015-09-03","2015-09-17","2016-04-19","2015-10-02","snBNH0r8Ie27sIQ3i0ssVpgevf3CsBUVWhOtSPWEXOA=","NEON.BET.D02.002138","PTEPER2","Pterostichus permundus","species",,"Say",,"Ciegler, J. C. 2000. Ground beetles and wrinkled bark beetles of South Carolina (Coleoptera: Geadephaga: Carabidae and Rhysodidae). Biota of South Carolina. Vol. 1. Clemson, S. Clemson University.",,"wYCqaZcA+7tKZqVSOMaNBCcRKvQIOBzP","wYCqaZcA+7tKZqVSOMaNBCcRKvQIOBzP",
"4f91cae6-8a2f-4660-b836-38cd2e33aaa8","BLAN_011.basePlot.bet","D02","BLAN","BLAN_011","E","2015-09-03","2015-09-17","2016-04-19","2015-10-05","N4JQ3RFWht1UiEJPpKgW27DNXneIS8N48pG4cwpkrL0=","NEON.BET.D02.002135","PTEPER2","Pterostichus permundus","species",,"Say",,"Ciegler, J. C. 2000. Ground beetles and wrinkled bark beetles of South Carolina (Coleoptera: Geadephaga: Carabidae and Rhysodidae). Biota of South Carolina. Vol. 1. Clemson, S. Clemson University.",,"wYCqaZcA+7tKZqVSOMaNBCcRKvQIOBzP","wYCqaZcA+7tKZqVSOMaNBCcRKvQIOBzP",
"014c487d-48f4-4cac-95e1-76c3bf5f7feb","BLAN_011.basePlot.bet","D02","BLAN","BLAN_011","E","2015-09-03","2015-09-17","2016-04-19","2015-10-05","N4JQ3RFWht1UiEJPpKgW27DNXneIS8N48pG4cwpkrL0=","NEON.BET.D02.002131","PTEPER2","Pterostichus permundus","species",,"Say",,"Ciegler, J. C. 2000. Ground beetles and wrinkled bark beetles of South Carolina (Coleoptera: Geadephaga: Carabidae and Rhysodidae). Biota of South Carolina. Vol. 1. Clemson, S. Clemson University.",,"wYCqaZcA+7tKZqVSOMaNBCcRKvQIOBzP","wYCqaZcA+7tKZqVSOMaNBCcRKvQIOBzP",
"135b3291-5033-472d-88db-b3e46a280979","BLAN_011.basePlot.bet","D02","BLAN","BLAN_011","E","2015-09-03","2015-09-17","2016-04-19","2015-10-05","N4JQ3RFWht1UiEJPpKgW27DNXneIS8N48pG4cwpkrL0=","NEON.BET.D02.002133","PTEPER2","Pterostichus permundus","species",,"Say",,"Ciegler, J. C. 2000. Ground beetles and wrinkled bark beetles of South Carolina (Coleoptera: Geadephaga: Carabidae and Rhysodidae). Biota of South Carolina. Vol. 1. Clemson, S. Clemson University.",,"wYCqaZcA+7tKZqVSOMaNBCcRKvQIOBzP","wYCqaZcA+7tKZqVSOMaNBCcRKvQIOBzP",
"9e72849b-2e88-417f-b3eb-883d1eb51e8a","BLAN_006.basePlot.bet","D02","BLAN","BLAN_006","E","2015-09-03","2015-09-17","2016-04-21","2015-11-06","YPnoadCppCw/xFNAB855mb/2NxkDjpgsm1sEUYcq6t8=","NEON.BET.D02.002464","HARFAU","Harpalus faunus","species",,"Say",,"Ball, G. E., and J. N. Anderson. 1962. The taxonomy and speciation of Pseudophonus (a subgenus of Harpalus: Haralini: Carabidae, known to occur in North America). The Catholic University of America Press, Washington 17, D. C.",,"wYCqaZcA+7tKZqVSOMaNBCcRKvQIOBzP","wYCqaZcA+7tKZqVSOMaNBCcRKvQIOBzP",
"1a843a9f-03de-4c4c-a626-b961e15f140a","BLAN_011.basePlot.bet","D02","BLAN","BLAN_011","E","2015-09-03","2015-09-17","2016-04-11","2015-10-05","N4JQ3RFWht1UiEJPpKgW281zkPA2U7IthrTWPToB/oU=","NEON.BET.D02.002023","BEMPED","Bembidion pedicellatum","species",,"LeConte",,"Lindroth, C. H. 1969. The ground-beetles (Carabidae, excl. Cicindelinae) of Canada and Alaska, parts 1-6. Opuscula E. Entomoligiska Sallskapet.",,"wYCqaZcA+7tKZqVSOMaNBCcRKvQIOBzP","ena7GLJui5s1h8moQAQPw3Qj2+mVdivS",
"fba8b349-08b0-4c60-9c2d-a7c4f8c5bc89","BLAN_005.basePlot.bet","D02","BLAN","BLAN_005","E","2015-09-03","2015-09-17","2016-04-19","2015-10-02","z8g4o9caFRNBjyTGQyR3EV62/HrqmCxSSifgf8W2Ulw=","NEON.BET.D02.002161","PTEPER2","Pterostichus permundus","species",,"Say",,"Ciegler, J. C. 2000. Ground beetles and wrinkled bark beetles of South Carolina (Coleoptera: Geadephaga: Carabidae and Rhysodidae). Biota of South Carolina. Vol. 1. Clemson, S. Clemson University.",,"wYCqaZcA+7tKZqVSOMaNBCcRKvQIOBzP","wYCqaZcA+7tKZqVSOMaNBCcRKvQIOBzP",
"75bcd485-ff96-4886-a4b2-ba849b543b73","BLAN_011.basePlot.bet","D02","BLAN","BLAN_011","E","2015-09-03","2015-09-17","2016-04-11","2015-10-05","N4JQ3RFWht1UiEJPpKgW281zkPA2U7IthrTWPToB/oU=","NEON.BET.D02.002022","BEMPED","Bembidion pedicellatum","species",,"LeConte",,"Lindroth, C. H. 1969. The ground-beetles (Carabidae, excl. Cicindelinae) of Canada and Alaska, parts 1-6. Opuscula E. Entomoligiska Sallskapet.",,"wYCqaZcA+7tKZqVSOMaNBCcRKvQIOBzP","ena7GLJui5s1h8moQAQPw3Qj2+mVdivS",
"9fddfb71-c299-4901-bdd6-ac97483b9607","BLAN_006.basePlot.bet","D02","BLAN","BLAN_006","E","2015-09-03","2015-09-17","2016-04-19","2015-10-05","YPnoadCppCw/xFNAB855mZ15mjPTyquMTwU6kefClFE=","NEON.BET.D02.002163","PTEPER2","Pterostichus permundus","species",,"Say",,"Ciegler, J. C. 2000. Ground beetles and wrinkled bark beetles of South Carolina (Coleoptera: Geadephaga: Carabidae and Rhysodidae). Biota of South Carolina. Vol. 1. Clemson, S. Clemson University.",,"wYCqaZcA+7tKZqVSOMaNBCcRKvQIOBzP","wYCqaZcA+7tKZqVSOMaNBCcRKvQIOBzP",
"d8b7a747-deed-4be1-9d36-340c605cf4a8","BLAN_011.basePlot.bet","D02","BLAN","BLAN_011","E","2015-09-03","2015-09-17","2016-04-19","2015-10-05","N4JQ3RFWht1UiEJPpKgW27DNXneIS8N48pG4cwpkrL0=","NEON.BET.D02.002132","PTEPER2","Pterostichus permundus","species",,"Say",,"Ciegler, J. C. 2000. Ground beetles and wrinkled bark beetles of South Carolina (Coleoptera: Geadephaga: Carabidae and Rhysodidae). Biota of South Carolina. Vol. 1. Clemson, S. Clemson University.",,"wYCqaZcA+7tKZqVSOMaNBCcRKvQIOBzP","wYCqaZcA+7tKZqVSOMaNBCcRKvQIOBzP",
"52045afb-dcf2-4604-991a-48e347757b41","BLAN_005.basePlot.bet","D02","BLAN","BLAN_005","E","2015-09-03","2015-09-17","2016-04-19","2015-10-02","z8g4o9caFRNBjyTGQyR3EV62/HrqmCxSSifgf8W2Ulw=","NEON.BET.D02.002160","PTEPER2","Pterostichus permundus","species",,"Say",,"Ciegler, J. C. 2000. Ground beetles and wrinkled bark beetles of South Carolina (Coleoptera: Geadephaga: Carabidae and Rhysodidae). Biota of South Carolina. Vol. 1. Clemson, S. Clemson University.",,"wYCqaZcA+7tKZqVSOMaNBCcRKvQIOBzP","wYCqaZcA+7tKZqVSOMaNBCcRKvQIOBzP",
"af12b02d-c3ad-4b5d-9473-6172378d80a8","BLAN_011.basePlot.bet","D02","BLAN","BLAN_011","E","2015-09-03","2015-09-17","2016-04-19","2015-10-05","N4JQ3RFWht1UiEJPpKgW27DNXneIS8N48pG4cwpkrL0=","NEON.BET.D02.002130","PTEPER2","Pterostichus permundus","species",,"Say",,"Ciegler, J. C. 2000. Ground beetles and wrinkled bark beetles of South Carolina (Coleoptera: Geadephaga: Carabidae and Rhysodidae). Biota of South Carolina. Vol. 1. Clemson, S. Clemson University.",,"wYCqaZcA+7tKZqVSOMaNBCcRKvQIOBzP","wYCqaZcA+7tKZqVSOMaNBCcRKvQIOBzP",
"d1d6821c-36dd-4c0c-968e-31a9ccf9d1ff","BLAN_011.basePlot.bet","D02","BLAN","BLAN_011","E","2015-09-03","2015-09-17","2016-04-11","2015-10-05","N4JQ3RFWht1UiEJPpKgW281zkPA2U7IthrTWPToB/oU=","NEON.BET.D02.002024","BEMPED","Bembidion pedicellatum","species",,"LeConte",,"Lindroth, C. H. 1969. The ground-beetles (Carabidae, excl. Cicindelinae) of Canada and Alaska, parts 1-6. Opuscula E. Entomoligiska Sallskapet.",,"wYCqaZcA+7tKZqVSOMaNBCcRKvQIOBzP","ena7GLJui5s1h8moQAQPw3Qj2+mVdivS",
"c29be902-15e9-4631-998a-c7c202f58c23","BLAN_011.basePlot.bet","D02","BLAN","BLAN_011","E","2015-09-03","2015-09-17","2016-04-19","2015-10-05","N4JQ3RFWht1UiEJPpKgW27DNXneIS8N48pG4cwpkrL0=","NEON.BET.D02.002129","PTEPER2","Pterostichus permundus","species",,"Say",,"Ciegler, J. C. 2000. Ground beetles and wrinkled bark beetles of South Carolina (Coleoptera: Geadephaga: Carabidae and Rhysodidae). Biota of South Carolina. Vol. 1. Clemson, S. Clemson University.",,"wYCqaZcA+7tKZqVSOMaNBCcRKvQIOBzP","wYCqaZcA+7tKZqVSOMaNBCcRKvQIOBzP",
"7810fc8e-4592-4fa7-bb6e-8f4a01293497","BLAN_011.basePlot.bet","D02","BLAN","BLAN_011","E","2015-09-03","2015-09-17","2016-04-19","2015-10-05","N4JQ3RFWht1UiEJPpKgW27DNXneIS8N48pG4cwpkrL0=","NEON.BET.D02.002134","PTEPER2","Pterostichus permundus","species",,"Say",,"Ciegler, J. C. 2000. Ground beetles and wrinkled bark beetles of South Carolina (Coleoptera: Geadephaga: Carabidae and Rhysodidae). Biota of South Carolina. Vol. 1. Clemson, S. Clemson University.",,"wYCqaZcA+7tKZqVSOMaNBCcRKvQIOBzP","wYCqaZcA+7tKZqVSOMaNBCcRKvQIOBzP",
"d9848c56-3356-4cb7-bd9b-85ddd0ab36c1","BLAN_009.basePlot.bet","D02","BLAN","BLAN_009","N","2015-09-03","2015-09-17","2016-04-19","2015-10-05","7TKpA4ipJZDLqKPO2y3GphCNVhIEcnlo42EhzL57B4I=","NEON.BET.D02.002371","CHLAES","Chlaenius aestivus","species",,"Say",,"Ciegler, J. C. 2000. Ground beetles and wrinkled bark beetles of South Carolina (Coleoptera: Geadephaga: Carabidae and Rhysodidae). Biota of South Carolina. Vol. 1. Clemson, S. Clemson University.",,"wYCqaZcA+7tKZqVSOMaNBCcRKvQIOBzP","wYCqaZcA+7tKZqVSOMaNBCcRKvQIOBzP",
"34304ecf-814d-433e-8d23-1e172ea6fa3b","BLAN_007.basePlot.bet","D02","BLAN","BLAN_007","N","2015-09-03","2015-09-17","2016-04-21","2015-10-05","bSFRDFDJGfytG99/VH38tCIuXl+M8vX6XfrHPW8BxvY=","NEON.BET.D02.002522","SYNIMP","Synuchus impunctatus","species",,"Say",,"Bousquet, Y. 2010b. Illustrated Identification Guide to Adults and Larvae of Northeastern North American Ground Beetles (Coleoptera: Carabidae). 1st Ed. Pensoft Publishers, Sofia, Bulgaria.",,"wYCqaZcA+7tKZqVSOMaNBCcRKvQIOBzP","wYCqaZcA+7tKZqVSOMaNBCcRKvQIOBzP",
"7e26ea0d-a5cd-4f4e-a574-729e10fdd3cc","BLAN_011.basePlot.bet","D02","BLAN","BLAN_011","N","2015-09-03","2015-09-17","2016-04-19","2015-10-05","N4JQ3RFWht3sbbIawXLCq5sO/k11cCR3nYveCKkhCFE=","NEON.BET.D02.002215","CYCSIG","Cyclotrachelus sigillatus","species",,"Say",,"Freitag, R. 1969. A revision of the species of the genus Evarthrus LeConte. Quaestiones Entomologicae 5:89-212.",,"wYCqaZcA+7tKZqVSOMaNBCcRKvQIOBzP","wYCqaZcA+7tKZqVSOMaNBCcRKvQIOBzP",
"cd68c432-be82-4f61-9038-f5ffb71babf8","BLAN_004.basePlot.bet","D02","BLAN","BLAN_004","N","2015-09-03","2015-09-17","2016-04-19","2015-10-02","zD/pbYGBt/C/aB+ZJY3XZwDOtTiKb93FElfWbLMPqsI=","NEON.BET.D02.002147","PTEPER2","Pterostichus permundus","species",,"Say",,"Ciegler, J. C. 2000. Ground beetles and wrinkled bark beetles of South Carolina (Coleoptera: Geadephaga: Carabidae and Rhysodidae). Biota of South Carolina. Vol. 1. Clemson, S. Clemson University.",,"wYCqaZcA+7tKZqVSOMaNBCcRKvQIOBzP","wYCqaZcA+7tKZqVSOMaNBCcRKvQIOBzP",
"8dc38b31-48f7-453b-a850-167f6bb95558","BLAN_011.basePlot.bet","D02","BLAN","BLAN_011","N","2015-09-03","2015-09-17","2016-04-11","2015-10-05","N4JQ3RFWht3sbbIawXLCq1S5nR6IWyYWXZvQhbvF9Ok=","NEON.BET.D02.002021","BEMPED","Bembidion pedicellatum","species",,"LeConte",,"Lindroth, C. H. 1969. The ground-beetles (Carabidae, excl. Cicindelinae) of Canada and Alaska, parts 1-6. Opuscula E. Entomoligiska Sallskapet.",,"wYCqaZcA+7tKZqVSOMaNBCcRKvQIOBzP","ena7GLJui5s1h8moQAQPw3Qj2+mVdivS",
"a00714d4-a1dc-49b0-bbcf-b96e2264f952","BLAN_001.basePlot.bet","D02","BLAN","BLAN_001","N","2015-09-03","2015-09-17","2016-04-19","2015-10-02","snBNH0r8Ie2dc6Bc7EcuB2eYtMymoTJAC5S8t+modZA=","NEON.BET.D02.002139","PTEPER2","Pterostichus permundus","species",,"Say",,"Ciegler, J. C. 2000. Ground beetles and wrinkled bark beetles of South Carolina (Coleoptera: Geadephaga: Carabidae and Rhysodidae). Biota of South Carolina. Vol. 1. Clemson, S. Clemson University.",,"wYCqaZcA+7tKZqVSOMaNBCcRKvQIOBzP","wYCqaZcA+7tKZqVSOMaNBCcRKvQIOBzP",
"29945ad6-e590-4d88-896c-eb9a795a9621","BLAN_001.basePlot.bet","D02","BLAN","BLAN_001","N","2015-09-03","2015-09-17","2016-04-19","2015-10-02","snBNH0r8Ie2dc6Bc7EcuB2eYtMymoTJAC5S8t+modZA=","NEON.BET.D02.002140","PTEPER2","Pterostichus permundus","species",,"Say",,"Ciegler, J. C. 2000. Ground beetles and wrinkled bark beetles of South Carolina (Coleoptera: Geadephaga: Carabidae and Rhysodidae). Biota of South Carolina. Vol. 1. Clemson, S. Clemson University.",,"wYCqaZcA+7tKZqVSOMaNBCcRKvQIOBzP","wYCqaZcA+7tKZqVSOMaNBCcRKvQIOBzP",
"7d59bfde-5195-4c56-b43f-3d5b580cb2ea","BLAN_005.basePlot.bet","D02","BLAN","BLAN_005","S","2015-09-03","2015-09-17","2016-04-19","2015-10-02","z8g4o9caFROyny+EfIixsP9T9zuE/8iLqljl37DU2XM=","NEON.BET.D02.002154","PTEPER2","Pterostichus permundus","species",,"Say",,"Ciegler, J. C. 2000. Ground beetles and wrinkled bark beetles of South Carolina (Coleoptera: Geadephaga: Carabidae and Rhysodidae). Biota of South Carolina. Vol. 1. Clemson, S. Clemson University.",,"wYCqaZcA+7tKZqVSOMaNBCcRKvQIOBzP","wYCqaZcA+7tKZqVSOMaNBCcRKvQIOBzP",
"6a0be876-b10a-46fc-a671-f3e411471794","BLAN_007.basePlot.bet","D02","BLAN","BLAN_007","S","2015-09-03","2015-09-17","2016-04-21","2015-11-06","bSFRDFDJGfxVcvZJvv+ISrRJBpyW62XY/CD2EHpJjrg=","NEON.BET.D02.002503","HARPRO1","Harpalus protractus","species",,"Casey",,"Ball, G. E., and J. N. Anderson. 1962. The taxonomy and speciation of Pseudophonus (a subgenus of Harpalus: Haralini: Carabidae, known to occur in North America). The Catholic University of America Press, Washington 17, D. C.",,"wYCqaZcA+7tKZqVSOMaNBCcRKvQIOBzP","wYCqaZcA+7tKZqVSOMaNBCcRKvQIOBzP",
"9e446ba9-0379-4574-a92a-aaddef5f918a","BLAN_009.basePlot.bet","D02","BLAN","BLAN_009","S","2015-09-03","2015-09-17","2016-04-21","2015-11-06","7TKpA4ipJZD/eLeUcyr09elQU743wmgVNJ7IYZRG/zk=","NEON.BET.D02.002504","HARPRO1","Harpalus protractus","species",,"Casey",,"Ball, G. E., and J. N. Anderson. 1962. The taxonomy and speciation of Pseudophonus (a subgenus of Harpalus: Haralini: Carabidae, known to occur in North America). The Catholic University of America Press, Washington 17, D. C.",,"wYCqaZcA+7tKZqVSOMaNBCcRKvQIOBzP","wYCqaZcA+7tKZqVSOMaNBCcRKvQIOBzP",
"15cfd6dc-21b0-48fc-8dcb-ac505a74a2b2","BLAN_002.basePlot.bet","D02","BLAN","BLAN_002","S","2015-09-03","2015-09-17","2016-04-21","2015-10-05","pAIsJl1bu+E8Xbm7/DkTAobMZ5lKH5dCvqL6EsNdZ8M=","NEON.BET.D02.002444","ANIRUS","Anisodactylus rusticus","species",,"Say",,"Noonan, G. R. 1973. The Anisodactylines (Insecta: Coleoptera: Carabidae: Harpalini): classification, evolution and zoogeography. Quaestiones Entomologicae 9:266-480.",,"wYCqaZcA+7tKZqVSOMaNBCcRKvQIOBzP","wYCqaZcA+7tKZqVSOMaNBCcRKvQIOBzP",
"ef60ca9b-dc53-490e-917c-ba3145869e58","BLAN_005.basePlot.bet","D02","BLAN","BLAN_005","S","2015-09-03","2015-09-17","2016-04-19","2015-10-02","z8g4o9caFROyny+EfIixsP9T9zuE/8iLqljl37DU2XM=","NEON.BET.D02.002156","PTEPER2","Pterostichus permundus","species",,"Say",,"Ciegler, J. C. 2000. Ground beetles and wrinkled bark beetles of South Carolina (Coleoptera: Geadephaga: Carabidae and Rhysodidae). Biota of South Carolina. Vol. 1. Clemson, S. Clemson University.",,"wYCqaZcA+7tKZqVSOMaNBCcRKvQIOBzP","wYCqaZcA+7tKZqVSOMaNBCcRKvQIOBzP",
"62556d55-af71-47bc-9a0f-a8bfd02f6b1b","BLAN_005.basePlot.bet","D02","BLAN","BLAN_005","S","2015-09-03","2015-09-17","2016-04-21","2015-10-02","z8g4o9caFROyny+EfIixsIRMbAX1/W2Nz8Thz4GNDxg=","NEON.BET.D02.002534","GALBIC","Galerita bicolor","species",,"Drury",,"Ciegler, J. C. 2000. Ground beetles and wrinkled bark beetles of South Carolina (Coleoptera: Geadephaga: Carabidae and Rhysodidae). Biota of South Carolina. Vol. 1. Clemson, S. Clemson University.",,"wYCqaZcA+7tKZqVSOMaNBCcRKvQIOBzP","wYCqaZcA+7tKZqVSOMaNBCcRKvQIOBzP",
"c880ee04-b164-4546-ace7-eb82a31d0884","BLAN_001.basePlot.bet","D02","BLAN","BLAN_001","S","2015-09-03","2015-09-17","2016-04-19","2015-10-02","snBNH0r8Ie3oU3fy7HbdkViuj71eD9Y4mE+r14YgTvw=","NEON.BET.D02.002141","PTEPER2","Pterostichus permundus","species",,"Say",,"Ciegler, J. C. 2000. Ground beetles and wrinkled bark beetles of South Carolina (Coleoptera: Geadephaga: Carabidae and Rhysodidae). Biota of South Carolina. Vol. 1. Clemson, S. Clemson University.",,"wYCqaZcA+7tKZqVSOMaNBCcRKvQIOBzP","wYCqaZcA+7tKZqVSOMaNBCcRKvQIOBzP",
"342511b8-89a1-4b01-9bdd-8aaead7d2ed2","BLAN_004.basePlot.bet","D02","BLAN","BLAN_004","S","2015-09-03","2015-09-17","2016-04-19","2015-10-02","zD/pbYGBt/CNI35fc9ji9JkIzRpSsySRhUEO0hF9cCQ=","NEON.BET.D02.002149","PTEPER2","Pterostichus permundus","species",,"Say",,"Ciegler, J. C. 2000. Ground beetles and wrinkled bark beetles of South Carolina (Coleoptera: Geadephaga: Carabidae and Rhysodidae). Biota of South Carolina. Vol. 1. Clemson, S. Clemson University.",,"wYCqaZcA+7tKZqVSOMaNBCcRKvQIOBzP","wYCqaZcA+7tKZqVSOMaNBCcRKvQIOBzP",
"d752b3da-8c43-494c-a0ed-f98f6a0426d1","BLAN_004.basePlot.bet","D02","BLAN","BLAN_004","S","2015-09-03","2015-09-17","2016-04-19","2015-10-02","zD/pbYGBt/CNI35fc9ji9JkIzRpSsySRhUEO0hF9cCQ=","NEON.BET.D02.002148","PTEPER2","Pterostichus permundus","species",,"Say",,"Ciegler, J. C. 2000. Ground beetles and wrinkled bark beetles of South Carolina (Coleoptera: Geadephaga: Carabidae and Rhysodidae). Biota of South Carolina. Vol. 1. Clemson, S. Clemson University.",,"wYCqaZcA+7tKZqVSOMaNBCcRKvQIOBzP","wYCqaZcA+7tKZqVSOMaNBCcRKvQIOBzP",
"89d62fbe-5b90-4830-a9ea-98152d693f9d","BLAN_005.basePlot.bet","D02","BLAN","BLAN_005","S","2015-09-03","2015-09-17","2016-04-19","2015-10-02","z8g4o9caFROyny+EfIixsP9T9zuE/8iLqljl37DU2XM=","NEON.BET.D02.002152","PTEPER2","Pterostichus permundus","species",,"Say",,"Ciegler, J. C. 2000. Ground beetles and wrinkled bark beetles of South Carolina (Coleoptera: Geadephaga: Carabidae and Rhysodidae). Biota of South Carolina. Vol. 1. Clemson, S. Clemson University.",,"wYCqaZcA+7tKZqVSOMaNBCcRKvQIOBzP","wYCqaZcA+7tKZqVSOMaNBCcRKvQIOBzP",
"027f42df-4f48-4de4-8b73-fbfd38648c62","BLAN_005.basePlot.bet","D02","BLAN","BLAN_005","S","2015-09-03","2015-09-17","2016-04-19","2015-10-02","z8g4o9caFROyny+EfIixsP9T9zuE/8iLqljl37DU2XM=","NEON.BET.D02.002153","PTEPER2","Pterostichus permundus","species",,"Say",,"Ciegler, J. C. 2000. Ground beetles and wrinkled bark beetles of South Carolina (Coleoptera: Geadephaga: Carabidae and Rhysodidae). Biota of South Carolina. Vol. 1. Clemson, S. Clemson University.",,"wYCqaZcA+7tKZqVSOMaNBCcRKvQIOBzP","wYCqaZcA+7tKZqVSOMaNBCcRKvQIOBzP",
"1bd0ed65-b3e7-4d5a-9edf-39997fb14592","BLAN_001.basePlot.bet","D02","BLAN","BLAN_001","S","2015-09-03","2015-09-17","2016-04-19","2015-10-02","snBNH0r8Ie3oU3fy7HbdkVvhw9w/oKO2Dm0zFvx1hbk=","NEON.BET.D02.002201","PTESTY","Pterostichus stygicus","species",,"Say",,"Bousquet, Y. 2010b. Illustrated Identification Guide to Adults and Larvae of Northeastern North American Ground Beetles (Coleoptera: Carabidae). 1st Ed. Pensoft Publishers, Sofia, Bulgaria.",,"fhqXNoOkfxgxeumX3nh8hiKzTnt5lZ8Br3PaGAyV7lk=","wYCqaZcA+7tKZqVSOMaNBCcRKvQIOBzP",
"8c653e1c-20bc-4266-8ded-bb148fecc475","BLAN_004.basePlot.bet","D02","BLAN","BLAN_004","S","2015-09-03","2015-09-17","2016-04-19","2015-10-02","zD/pbYGBt/CNI35fc9ji9JkIzRpSsySRhUEO0hF9cCQ=","NEON.BET.D02.002151","PTEPER2","Pterostichus permundus","species",,"Say",,"Ciegler, J. C. 2000. Ground beetles and wrinkled bark beetles of South Carolina (Coleoptera: Geadephaga: Carabidae and Rhysodidae). Biota of South Carolina. Vol. 1. Clemson, S. Clemson University.",,"wYCqaZcA+7tKZqVSOMaNBCcRKvQIOBzP","wYCqaZcA+7tKZqVSOMaNBCcRKvQIOBzP",
"7e8c9220-60b5-4d0c-ace6-00c504951e0e","BLAN_009.basePlot.bet","D02","BLAN","BLAN_009","S","2015-09-03","2015-09-17","2016-04-19","2015-10-05","7TKpA4ipJZD/eLeUcyr09XCl0FMda+XezqyW4xrcfG4=","NEON.BET.D02.002202","PTESTY","Pterostichus stygicus","species",,"Say",,"Bousquet, Y. 2010b. Illustrated Identification Guide to Adults and Larvae of Northeastern North American Ground Beetles (Coleoptera: Carabidae). 1st Ed. Pensoft Publishers, Sofia, Bulgaria.",,"wYCqaZcA+7tKZqVSOMaNBCcRKvQIOBzP","wYCqaZcA+7tKZqVSOMaNBCcRKvQIOBzP",
"80c3f837-6129-4d19-b035-408278b2146f","BLAN_012.basePlot.bet","D02","BLAN","BLAN_012","S","2015-09-03","2015-09-17","2016-04-19","2015-10-05","J0lvmfNn/fcMLVBNGhCcXMgXMa1HH582v6BtHmCC+Dw=","NEON.BET.D02.002203","PTESTY","Pterostichus stygicus","species",,"Say",,"Bousquet, Y. 2010b. Illustrated Identification Guide to Adults and Larvae of Northeastern North American Ground Beetles (Coleoptera: Carabidae). 1st Ed. Pensoft Publishers, Sofia, Bulgaria.",,"fhqXNoOkfxgxeumX3nh8hiKzTnt5lZ8Br3PaGAyV7lk=","wYCqaZcA+7tKZqVSOMaNBCcRKvQIOBzP",
"176b9186-b258-4331-b940-10cc61985b7d","BLAN_005.basePlot.bet","D02","BLAN","BLAN_005","S","2015-09-03","2015-09-17","2016-04-19","2015-10-02","z8g4o9caFROyny+EfIixsP9T9zuE/8iLqljl37DU2XM=","NEON.BET.D02.002157","PTEPER2","Pterostichus permundus","species",,"Say",,"Ciegler, J. C. 2000. Ground beetles and wrinkled bark beetles of South Carolina (Coleoptera: Geadephaga: Carabidae and Rhysodidae). Biota of South Carolina. Vol. 1. Clemson, S. Clemson University.",,"wYCqaZcA+7tKZqVSOMaNBCcRKvQIOBzP","wYCqaZcA+7tKZqVSOMaNBCcRKvQIOBzP",
"9635ab17-48f4-4c2b-9dc9-1c76fc70c736","BLAN_005.basePlot.bet","D02","BLAN","BLAN_005","S","2015-09-03","2015-09-17","2016-04-19","2015-10-02","z8g4o9caFROyny+EfIixsP9T9zuE/8iLqljl37DU2XM=","NEON.BET.D02.002155","PTEPER2","Pterostichus permundus","species",,"Say",,"Ciegler, J. C. 2000. Ground beetles and wrinkled bark beetles of South Carolina (Coleoptera: Geadephaga: Carabidae and Rhysodidae). Biota of South Carolina. Vol. 1. Clemson, S. Clemson University.",,"wYCqaZcA+7tKZqVSOMaNBCcRKvQIOBzP","wYCqaZcA+7tKZqVSOMaNBCcRKvQIOBzP",
"529b351e-ad92-4b52-ad68-8986072c49ff","BLAN_004.basePlot.bet","D02","BLAN","BLAN_004","S","2015-09-03","2015-09-17","2016-04-19","2015-10-02","zD/pbYGBt/CNI35fc9ji9JkIzRpSsySRhUEO0hF9cCQ=","NEON.BET.D02.002150","PTEPER2","Pterostichus permundus","species",,"Say",,"Ciegler, J. C. 2000. Ground beetles and wrinkled bark beetles of South Carolina (Coleoptera: Geadephaga: Carabidae and Rhysodidae). Biota of South Carolina. Vol. 1. Clemson, S. Clemson University.",,"wYCqaZcA+7tKZqVSOMaNBCcRKvQIOBzP","wYCqaZcA+7tKZqVSOMaNBCcRKvQIOBzP",
"4914ad82-af2b-42b4-8304-7d5c6dbfa4b0","BLAN_007.basePlot.bet","D02","BLAN","BLAN_007","S","2015-09-03","2015-09-17","2016-04-19","2015-10-05","bSFRDFDJGfxVcvZJvv+ISnMVLe0h7hbQrVtcBskGW70=","NEON.BET.D02.002216","CYCSIG","Cyclotrachelus sigillatus","species",,"Say",,"Freitag, R. 1969. A revision of the species of the genus Evarthrus LeConte. Quaestiones Entomologicae 5:89-212.",,"wYCqaZcA+7tKZqVSOMaNBCcRKvQIOBzP","wYCqaZcA+7tKZqVSOMaNBCcRKvQIOBzP",
"a00352e5-26c2-41e3-853d-2333b193b41d","BLAN_012.basePlot.bet","D02","BLAN","BLAN_012","W","2015-09-03","2015-09-17","2016-04-21","2015-10-05","J0lvmfNn/feaRxuGVUQ1EKIof8mdSuZBiHD30a9EeA0=","NEON.BET.D02.002526","CALGRE","Calathus gregarius","species",,"Say",,"Bousquet, Y. 2010b. Illustrated Identification Guide to Adults and Larvae of Northeastern North American Ground Beetles (Coleoptera: Carabidae). 1st Ed. Pensoft Publishers, Sofia, Bulgaria.",,"wYCqaZcA+7tKZqVSOMaNBCcRKvQIOBzP","wYCqaZcA+7tKZqVSOMaNBCcRKvQIOBzP",
"1366b6b4-ad30-463a-aca1-315aa3e6becd","BLAN_006.basePlot.bet","D02","BLAN","BLAN_006","W","2015-09-03","2015-09-17","2016-04-21","2015-11-06","YPnoadCppCzyoRVJSIz+2DSXeE/MH2ITRKwsid4c75Q=","NEON.BET.D02.002497","HARPEN","Harpalus pensylvanicus","species",,"DeGeer",,"Ball, G. E., and J. N. Anderson. 1962. The taxonomy and speciation of Pseudophonus (a subgenus of Harpalus: Haralini: Carabidae, known to occur in North America). The Catholic University of America Press, Washington 17, D. C.",,"wYCqaZcA+7tKZqVSOMaNBCcRKvQIOBzP","wYCqaZcA+7tKZqVSOMaNBCcRKvQIOBzP",
"99fd74aa-ef95-4c6c-b42e-37848f741a4f","BLAN_012.basePlot.bet","D02","BLAN","BLAN_012","W","2015-09-03","2015-09-17","2016-04-21","2015-10-05","J0lvmfNn/feaRxuGVUQ1EKIof8mdSuZBiHD30a9EeA0=","NEON.BET.D02.002525","CALGRE","Calathus gregarius","species",,"Say",,"Bousquet, Y. 2010b. Illustrated Identification Guide to Adults and Larvae of Northeastern North American Ground Beetles (Coleoptera: Carabidae). 1st Ed. Pensoft Publishers, Sofia, Bulgaria.",,"wYCqaZcA+7tKZqVSOMaNBCcRKvQIOBzP","wYCqaZcA+7tKZqVSOMaNBCcRKvQIOBzP",
"e18c3817-c2ed-4af7-8689-eec53855cf9c","BLAN_002.basePlot.bet","D02","BLAN","BLAN_002","W","2015-09-03","2015-09-17","2016-04-21","2015-10-05","pAIsJl1bu+GnLLfxBfuTz+c/RfT7yL6B5SsXypr700o=","NEON.BET.D02.002445","ANIRUS","Anisodactylus rusticus","species",,"Say",,"Noonan, G. R. 1973. The Anisodactylines (Insecta: Coleoptera: Carabidae: Harpalini): classification, evolution and zoogeography. Quaestiones Entomologicae 9:266-480.",,"wYCqaZcA+7tKZqVSOMaNBCcRKvQIOBzP","wYCqaZcA+7tKZqVSOMaNBCcRKvQIOBzP",
"4a82fb95-ee7e-4bbb-9e97-9318d3285647","BLAN_002.basePlot.bet","D02","BLAN","BLAN_002","W","2015-09-03","2015-09-17","2016-04-19","2015-10-05","pAIsJl1bu+GnLLfxBfuTzz1zGaVCSB1rx7InSiT1uM0=","NEON.BET.D02.002144","PTEPER2","Pterostichus permundus","species",,"Say",,"Ciegler, J. C. 2000. Ground beetles and wrinkled bark beetles of South Carolina (Coleoptera: Geadephaga: Carabidae and Rhysodidae). Biota of South Carolina. Vol. 1. Clemson, S. Clemson University.",,"wYCqaZcA+7tKZqVSOMaNBCcRKvQIOBzP","wYCqaZcA+7tKZqVSOMaNBCcRKvQIOBzP",
"15c9fcaf-c608-45d5-92d9-9dd6d3e96fc9","BLAN_011.basePlot.bet","D02","BLAN","BLAN_011","W","2015-09-03","2015-09-17","2016-04-19","2015-10-05","N4JQ3RFWht2mzs2iSx2VGiaNclMEpRE3olWQPZcRIIE=","NEON.BET.D02.002136","PTEPER2","Pterostichus permundus","species",,"Say",,"Ciegler, J. C. 2000. Ground beetles and wrinkled bark beetles of South Carolina (Coleoptera: Geadephaga: Carabidae and Rhysodidae). Biota of South Carolina. Vol. 1. Clemson, S. Clemson University.",,"wYCqaZcA+7tKZqVSOMaNBCcRKvQIOBzP","wYCqaZcA+7tKZqVSOMaNBCcRKvQIOBzP",
"73acb6d3-7470-442f-9312-1cb7003909ef","BLAN_009.basePlot.bet","D02","BLAN","BLAN_009","W","2015-09-03","2015-09-17","2016-04-21","2015-10-05","7TKpA4ipJZC3iyN1MAGJU3O/3xv3KdURMfE5EfYjtbU=","NEON.BET.D02.002536","GALBIC","Galerita bicolor","species",,"Drury",,"Ciegler, J. C. 2000. Ground beetles and wrinkled bark beetles of South Carolina (Coleoptera: Geadephaga: Carabidae and Rhysodidae). Biota of South Carolina. Vol. 1. Clemson, S. Clemson University.",,"wYCqaZcA+7tKZqVSOMaNBCcRKvQIOBzP","wYCqaZcA+7tKZqVSOMaNBCcRKvQIOBzP",
"1f978657-43fa-4699-ab1e-423bb6fa4233","BLAN_007.basePlot.bet","D02","BLAN","BLAN_007","W","2015-09-03","2015-09-17","2016-04-21","2015-10-05","bSFRDFDJGfxXYFGFgSAAn9YW7+wtlFD8mMXPkv3ZFmg=","NEON.BET.D02.002535","GALBIC","Galerita bicolor","species",,"Drury",,"Ciegler, J. C. 2000. Ground beetles and wrinkled bark beetles of South Carolina (Coleoptera: Geadephaga: Carabidae and Rhysodidae). Biota of South Carolina. Vol. 1. Clemson, S. Clemson University.",,"wYCqaZcA+7tKZqVSOMaNBCcRKvQIOBzP","wYCqaZcA+7tKZqVSOMaNBCcRKvQIOBzP",
"ca3bc260-df06-4879-9974-77f9e165513a","BLAN_003.basePlot.bet","D02","BLAN","BLAN_003","W","2015-09-03","2015-09-17","2016-04-21","2015-11-06","qWnRnvyEnOzTkoE7zeEk+GexfoyhqiIHOfC4FBG3AeU=","NEON.BET.D02.002494","HARPEN","Harpalus pensylvanicus","species",,"DeGeer",,"Ball, G. E., and J. N. Anderson. 1962. The taxonomy and speciation of Pseudophonus (a subgenus of Harpalus: Haralini: Carabidae, known to occur in North America). The Catholic University of America Press, Washington 17, D. C.",,"wYCqaZcA+7tKZqVSOMaNBCcRKvQIOBzP","wYCqaZcA+7tKZqVSOMaNBCcRKvQIOBzP",
"2ac33082-f99a-475f-8a3c-56805d5d7d1b","BLAN_012.basePlot.bet","D02","BLAN","BLAN_012","W","2015-09-03","2015-09-17","2016-04-21","2015-10-05","J0lvmfNn/feaRxuGVUQ1EKIof8mdSuZBiHD30a9EeA0=","NEON.BET.D02.002524","CALGRE","Calathus gregarius","species",,"Say",,"Bousquet, Y. 2010b. Illustrated Identification Guide to Adults and Larvae of Northeastern North American Ground Beetles (Coleoptera: Carabidae). 1st Ed. Pensoft Publishers, Sofia, Bulgaria.",,"wYCqaZcA+7tKZqVSOMaNBCcRKvQIOBzP","wYCqaZcA+7tKZqVSOMaNBCcRKvQIOBzP",
"cd915e39-2221-4735-b491-626519589f35","BLAN_009.basePlot.bet","D02","BLAN","BLAN_009","W","2015-09-03","2015-09-17","2016-04-19","2015-10-05","7TKpA4ipJZC3iyN1MAGJU+4gjWG9UryNV1Yo2tE9Ewk=","NEON.BET.D02.002372","CHLAES","Chlaenius aestivus","species",,"Say",,"Ciegler, J. C. 2000. Ground beetles and wrinkled bark beetles of South Carolina (Coleoptera: Geadephaga: Carabidae and Rhysodidae). Biota of South Carolina. Vol. 1. Clemson, S. Clemson University.",,"wYCqaZcA+7tKZqVSOMaNBCcRKvQIOBzP","wYCqaZcA+7tKZqVSOMaNBCcRKvQIOBzP",
"e84d2416-746d-47c8-af9e-2daef68da6e5","BLAN_007.basePlot.bet","D02","BLAN","BLAN_007","W","2015-09-03","2015-09-17","2016-04-19","2015-10-05","bSFRDFDJGfxXYFGFgSAAn5JADGdVITIxZMukDQdnUIE=","NEON.BET.D02.002164","PTEPER2","Pterostichus permundus","species",,"Say",,"Ciegler, J. C. 2000. Ground beetles and wrinkled bark beetles of South Carolina (Coleoptera: Geadephaga: Carabidae and Rhysodidae). Biota of South Carolina. Vol. 1. Clemson, S. Clemson University.",,"wYCqaZcA+7tKZqVSOMaNBCcRKvQIOBzP","wYCqaZcA+7tKZqVSOMaNBCcRKvQIOBzP",
"15b614f6-9df8-4898-9559-3b46bc5a5b48","BLAN_002.basePlot.bet","D02","BLAN","BLAN_002","W","2015-09-03","2015-09-17","2016-04-19","2015-10-05","pAIsJl1bu+GnLLfxBfuTzz1zGaVCSB1rx7InSiT1uM0=","NEON.BET.D02.002142","PTEPER2","Pterostichus permundus","species",,"Say",,"Ciegler, J. C. 2000. Ground beetles and wrinkled bark beetles of South Carolina (Coleoptera: Geadephaga: Carabidae and Rhysodidae). Biota of South Carolina. Vol. 1. Clemson, S. Clemson University.",,"wYCqaZcA+7tKZqVSOMaNBCcRKvQIOBzP","wYCqaZcA+7tKZqVSOMaNBCcRKvQIOBzP",
"80516642-db9b-4bda-9c36-e1190b785116","BLAN_011.basePlot.bet","D02","BLAN","BLAN_011","W","2015-09-03","2015-09-17","2016-04-11","2015-10-05","N4JQ3RFWht2mzs2iSx2VGqc+iuEDbIciTzEr0qTnyE4=","NEON.BET.D02.002031","BEMPED","Bembidion pedicellatum","species",,"LeConte",,"Lindroth, C. H. 1969. The ground-beetles (Carabidae, excl. Cicindelinae) of Canada and Alaska, parts 1-6. Opuscula E. Entomoligiska Sallskapet.",,"wYCqaZcA+7tKZqVSOMaNBCcRKvQIOBzP","ena7GLJui5s1h8moQAQPw3Qj2+mVdivS",
"bf61fa8d-9b8e-4f28-b555-ff978d62fb00","BLAN_011.basePlot.bet","D02","BLAN","BLAN_011","W","2015-09-03","2015-09-17","2016-04-11","2015-10-05","N4JQ3RFWht2mzs2iSx2VGqc+iuEDbIciTzEr0qTnyE4=","NEON.BET.D02.002030","BEMPED","Bembidion pedicellatum","species",,"LeConte",,"Lindroth, C. H. 1969. The ground-beetles (Carabidae, excl. Cicindelinae) of Canada and Alaska, parts 1-6. Opuscula E. Entomoligiska Sallskapet.",,"wYCqaZcA+7tKZqVSOMaNBCcRKvQIOBzP","ena7GLJui5s1h8moQAQPw3Qj2+mVdivS",
