uid,namedLocation,domainID,siteID,plotID,trapID,setDate,collectDate,processingDate,etOHChangeDate,identifiedDate,sampleID,subsampleID,sampleType,taxonID,scientificName,taxonRank,identificationQualifier,scientificNameAuthorship,morphospeciesID,individualCount,identificationReferences,identifiedBy,recordedBy,remarks
"9faa8ca7-3e74-4ddb-907d-943152b1726e","UNDE_003.basePlot.bet","D05","UNDE","UNDE_003","E","2016-05-10","2016-05-24","2016-05-25","2016-10-06","2016-10-06","UNDE_003.E.20160524","UKgrtiGQYSBruSGOqRGpCZGpUo8UECty49waBKCvSsY=","carabid","PTEPEN","Pterostichus pensylvanicus","species","cf. species","LeConte",,1,"Lindroth, C. H. 1969. The ground-beetles (Carabidae, excl. Cicindelinae) of Canada and Alaska, parts 1-6. Opuscula E. Entomoligiska Sallskapet.","Syw2LXB/pj+fmGCuwdgBGVryVUmYhw3g","Syw2LXB/pj+fmGCuwdgBGVryVUmYhw3g",
"ee8e523c-3c1c-42cb-9566-53b577f60946","UNDE_003.basePlot.bet","D05","UNDE","UNDE_003","E","2016-05-10","2016-05-24","2016-05-25","2016-10-04","2016-10-04","UNDE_003.E.20160524","UKgrtiGQYSBruSGOqRGpCXqiR9Tgta0BDC+fnsa+UIc=","carabid","AGOSOR","Agonum sordens","species","cf. species","Kirby",,1,"Lindroth, C. H. 1969. The ground-beetles (Carabidae, excl. Cicindelinae) of Canada and Alaska, parts 1-6. Opuscula E. Entomoligiska Sallskapet.","Syw2LXB/pj+fmGCuwdgBGVryVUmYhw3g","Syw2LXB/pj+fmGCuwdgBGVryVUmYhw3g",
"208a4ee5-231c-4e79-817e-d113e32400e7","UNDE_010.basePlot.bet","D05","UNDE","UNDE_010","N","2016-05-10","2016-05-24","2016-05-25","2016-10-06","2016-10-06","UNDE_010.N.20160524","hQDJ3TYDfoyHbOUrKn+1FIScJUzgsnSAu36aTdgmnKA=","carabid","CARNEM","Carabus nemoralis nemoralis","subspecies",,"Mueller",,2,"Lindroth, C. H. 1969. The ground-beetles (Carabidae, excl. Cicindelinae) of Canada and Alaska, parts 1-6. Opuscula E. Entomoligiska Sallskapet.","Syw2LXB/pj+fmGCuwdgBGVryVUmYhw3g","Syw2LXB/pj+fmGCuwdgBGVryVUmYhw3g",
"3d710a04-7144-4615-9481-de60acfb0f35","UNDE_010.basePlot.bet","D05","UNDE","UNDE_010","E","2016-05-10","2016-05-24","2016-05-25","2016-10-06","2016-10-06","UNDE_010.E.20160524","hQDJ3TYDfowmkXVGtQA/hI3owm3kd0Ab7pGhM50H7Yo=","carabid","CARNEM","Carabus nemoralis nemoralis","subspecies",,"Mueller",,6,"Lindroth, C. H. 1969. The ground-beetles (Carabidae, excl. Cicindelinae) of Canada and Alaska, parts 1-6. Opuscula E. Entomoligiska Sallskapet.","Syw2LXB/pj+fmGCuwdgBGVryVUmYhw3g","Syw2LXB/pj+fmGCuwdgBGVryVUmYhw3g",
"c3481bd5-5f79-4a5a-ab64-d8f6d836c8b2","UNDE_010.basePlot.bet","D05","UNDE","UNDE_010","E","2016-05-10","2016-05-24","2016-05-25","2016-10-06","2016-10-06","UNDE_010.E.20160524","hQDJ3TYDfowmkXVGtQA/hAUxEA+l7mwf0OktWy9m9kI=","carabid","PTEPEN","Pterostichus pensylvanicus","species","cf. species","LeConte",,1,"Lindroth, C. H. 1969. The ground-beetles (Carabidae, excl. Cicindelinae) of Canada and Alaska, parts 1-6. Opuscula E. Entomoligiska Sallskapet.","Syw2LXB/pj+fmGCuwdgBGVryVUmYhw3g","Syw2LXB/pj+fmGCuwdgBGVryVUmYhw3g",
"c23a0cc0-c739-44ba-8365-d6ab7044eb82","UNDE_007.basePlot.bet","D05","UNDE","UNDE_007","E","2016-05-10","2016-05-24","2016-05-25","2016-10-06","2016-10-06","UNDE_007.E.20160524","sj+sxzQpSGCXcVDms9T2JQJhzJMaaNhmOpdrQDxKK9k=","carabid","PTEPEN","Pterostichus pensylvanicus","species","cf. species","LeConte",,1,"Lindroth, C. H. 1969. The ground-beetles (Carabidae, excl. Cicindelinae) of Canada and Alaska, parts 1-6. Opuscula E. Entomoligiska Sallskapet.","Syw2LXB/pj+fmGCuwdgBGVryVUmYhw3g","Syw2LXB/pj+fmGCuwdgBGVryVUmYhw3g",
"fdb40316-b73a-492a-b5e5-53d18901767d","UNDE_007.basePlot.bet","D05","UNDE","UNDE_007","E","2016-05-10","2016-05-24","2016-05-25","2016-10-06","2016-10-06","UNDE_007.E.20160524","sj+sxzQpSGCXcVDms9T2JSBnnV2N/EHDrGtOTThopI0=","carabid","AGOFID","Agonum fidele","species","cf. species","Casey",,1,"Bousquet, Y. 2010b. Illustrated Identification Guide to Adults and Larvae of Northeastern North American Ground Beetles (Coleoptera: Carabidae). 1st Ed. Pensoft Publishers, Sofia, Bulgaria.","Syw2LXB/pj+fmGCuwdgBGVryVUmYhw3g","Syw2LXB/pj+fmGCuwdgBGVryVUmYhw3g",
"2eb2ff12-abdf-4267-9955-4c1e36fcff42","UNDE_007.basePlot.bet","D05","UNDE","UNDE_007","E","2016-05-10","2016-05-24","2016-05-25","2016-10-06","2016-10-06","UNDE_007.E.20160524","sj+sxzQpSGCXcVDms9T2JVYrlwjKJPNsFyQtnR6Kmmw=","carabid","CARNEM","Carabus nemoralis nemoralis","subspecies",,"Mueller",,6,"Lindroth, C. H. 1969. The ground-beetles (Carabidae, excl. Cicindelinae) of Canada and Alaska, parts 1-6. Opuscula E. Entomoligiska Sallskapet.","Syw2LXB/pj+fmGCuwdgBGVryVUmYhw3g","Syw2LXB/pj+fmGCuwdgBGVryVUmYhw3g",
"58fa19a9-1ce8-45c3-90d1-ded2308ceee7","UNDE_017.basePlot.bet","D05","UNDE","UNDE_017","S","2016-05-10","2016-05-24","2016-05-25","2016-10-06","2016-10-06","UNDE_017.S.20160524","xHY1KmNCr20KxSmSRbWmYPeRZJ6wIevoGXX+ovXRIr4=","carabid","SPHSTE1","Sphaeroderus stenostomus lecontei","subspecies",,"Dejean",,1,"Lindroth, C. H. 1969. The ground-beetles (Carabidae, excl. Cicindelinae) of Canada and Alaska, parts 1-6. Opuscula E. Entomoligiska Sallskapet.","Syw2LXB/pj+fmGCuwdgBGVryVUmYhw3g","Syw2LXB/pj+fmGCuwdgBGVryVUmYhw3g",
"1514b118-d764-4259-b886-30191e030aeb","UNDE_017.basePlot.bet","D05","UNDE","UNDE_017","N","2016-05-10","2016-05-24","2016-05-25","2016-10-06","2016-10-06","UNDE_017.N.20160524","xHY1KmNCr23wnyPUn07rMP0nUFZx4N/ngYtFO6mpuDk=","carabid","PLADEC","Platynus decentis","species",,"Say",,1,"Lindroth, C. H. 1969. The ground-beetles (Carabidae, excl. Cicindelinae) of Canada and Alaska, parts 1-6. Opuscula E. Entomoligiska Sallskapet.","Syw2LXB/pj+fmGCuwdgBGVryVUmYhw3g","Syw2LXB/pj+fmGCuwdgBGVryVUmYhw3g",
"5755ab77-91a5-491b-9d24-b691c20676e3","UNDE_017.basePlot.bet","D05","UNDE","UNDE_017","E","2016-05-10","2016-05-24","2016-05-25","2016-10-06","2016-10-06","UNDE_017.E.20160524","xHY1KmNCr235Tqna/2wJ3vYwnGl439XLbrfnhXjTHno=","carabid","PLADEC","Platynus decentis","species",,"Say",,1,"Lindroth, C. H. 1969. The ground-beetles (Carabidae, excl. Cicindelinae) of Canada and Alaska, parts 1-6. Opuscula E. Entomoligiska Sallskapet.","Syw2LXB/pj+fmGCuwdgBGVryVUmYhw3g","Syw2LXB/pj+fmGCuwdgBGVryVUmYhw3g",
"5e4b7554-de54-4a48-b2a5-f07ad80a67ca","UNDE_017.basePlot.bet","D05","UNDE","UNDE_017","S","2016-05-10","2016-05-24","2016-05-25","2016-10-06","2016-10-06","UNDE_017.S.20160524","xHY1KmNCr20KxSmSRbWmYC2l4xkIrDSq+nWbV2PM794=","carabid","CARNEM","Carabus nemoralis nemoralis","subspecies",,"Mueller",,1,"Lindroth, C. H. 1969. The ground-beetles (Carabidae, excl. Cicindelinae) of Canada and Alaska, parts 1-6. Opuscula E. Entomoligiska Sallskapet.","Syw2LXB/pj+fmGCuwdgBGVryVUmYhw3g","Syw2LXB/pj+fmGCuwdgBGVryVUmYhw3g",
"885df5f9-85e1-4894-8396-3da30ef6f118","UNDE_017.basePlot.bet","D05","UNDE","UNDE_017","N","2016-05-10","2016-05-24","2016-05-25","2016-10-06","2016-10-06","UNDE_017.N.20160524","xHY1KmNCr23wnyPUn07rMP4LMtuWvHQ5daFc44KYvmg=","carabid","PTEPEN","Pterostichus pensylvanicus","species","cf. species","LeConte",,1,"Lindroth, C. H. 1969. The ground-beetles (Carabidae, excl. Cicindelinae) of Canada and Alaska, parts 1-6. Opuscula E. Entomoligiska Sallskapet.","Syw2LXB/pj+fmGCuwdgBGVryVUmYhw3g","Syw2LXB/pj+fmGCuwdgBGVryVUmYhw3g",
"facf75bc-59c3-4c1b-a8d7-3aa7469d8ce3","UNDE_017.basePlot.bet","D05","UNDE","UNDE_017","N","2016-05-10","2016-05-24","2016-05-25","2016-10-06","2016-10-06","UNDE_017.N.20160524","xHY1KmNCr23wnyPUn07rMM17FsBMa3hQhyMONOTvGTU=","carabid","CARNEM","Carabus nemoralis nemoralis","subspecies",,"Mueller",,11,"Lindroth, C. H. 1969. The ground-beetles (Carabidae, excl. Cicindelinae) of Canada and Alaska, parts 1-6. Opuscula E. Entomoligiska Sallskapet.","Syw2LXB/pj+fmGCuwdgBGVryVUmYhw3g","Syw2LXB/pj+fmGCuwdgBGVryVUmYhw3g",
"a3fe584f-d2e1-4858-bfcc-ad85142347c4","UNDE_008.basePlot.bet","D05","UNDE","UNDE_008","W","2016-05-10","2016-05-24","2016-05-25","2016-10-06","2016-10-06","UNDE_008.W.20160524","MjA7sUqH2CY14aQaMj58tyOO4cS1fswu8PQynBD/R8s=","carabid","AGORET","Agonum retractum","species","cf. species","LeConte",,1,"Bousquet, Y. 2010b. Illustrated Identification Guide to Adults and Larvae of Northeastern North American Ground Beetles (Coleoptera: Carabidae). 1st Ed. Pensoft Publishers, Sofia, Bulgaria.","Syw2LXB/pj+fmGCuwdgBGVryVUmYhw3g","Syw2LXB/pj+fmGCuwdgBGVryVUmYhw3g",
"6f4498d5-e3fa-4417-8d51-ff218134273e","UNDE_008.basePlot.bet","D05","UNDE","UNDE_008","W","2016-05-10","2016-05-24","2016-05-25","2016-10-06","2016-10-06","UNDE_008.W.20160524","MjA7sUqH2CY14aQaMj58twPVR1x2717anc6tqiVTUuw=","carabid","PTEMEL","Pterostichus melanarius melanarius","subspecies",,"Illiger",,1,"Lindroth, C. H. 1969. The ground-beetles (Carabidae, excl. Cicindelinae) of Canada and Alaska, parts 1-6. Opuscula E. Entomoligiska Sallskapet.","Syw2LXB/pj+fmGCuwdgBGVryVUmYhw3g","Syw2LXB/pj+fmGCuwdgBGVryVUmYhw3g",
"cfc5f429-cb5a-4d9b-99c3-cea9fff4c0d5","UNDE_008.basePlot.bet","D05","UNDE","UNDE_008","S","2016-05-10","2016-05-24","2016-05-25","2016-10-06","2016-10-06","UNDE_008.S.20160524","MjA7sUqH2CbmYf6QFHRL2SnLQtYAISy/FTBOsPG/wf8=","carabid","PTEPEN","Pterostichus pensylvanicus","species","cf. species","LeConte",,1,"Lindroth, C. H. 1969. The ground-beetles (Carabidae, excl. Cicindelinae) of Canada and Alaska, parts 1-6. Opuscula E. Entomoligiska Sallskapet.","Syw2LXB/pj+fmGCuwdgBGVryVUmYhw3g","Syw2LXB/pj+fmGCuwdgBGVryVUmYhw3g",
"dc80813f-dac8-41c5-9bee-7500f5193448","UNDE_008.basePlot.bet","D05","UNDE","UNDE_008","E","2016-05-10","2016-05-24","2016-05-25","2016-10-06","2016-10-06","UNDE_008.E.20160524","MjA7sUqH2CbZb6fB7WfC18/n6utRrHvASfA/CUaljzg=","carabid","PTEPEN","Pterostichus pensylvanicus","species","cf. species","LeConte",,1,"Lindroth, C. H. 1969. The ground-beetles (Carabidae, excl. Cicindelinae) of Canada and Alaska, parts 1-6. Opuscula E. Entomoligiska Sallskapet.","Syw2LXB/pj+fmGCuwdgBGVryVUmYhw3g","Syw2LXB/pj+fmGCuwdgBGVryVUmYhw3g",
"04df5f9d-2535-438c-8d37-b6fe20e332c0","UNDE_012.basePlot.bet","D05","UNDE","UNDE_012","E","2016-05-10","2016-05-24","2016-05-25","2016-10-06","2016-10-06","UNDE_012.E.20160524","+v0vuVmyR4DMhCSxTbPdmKOKgHBMYOdjxnVjPgxH/rI=","carabid","CARNEM","Carabus nemoralis nemoralis","subspecies",,"Mueller",,1,"Lindroth, C. H. 1969. The ground-beetles (Carabidae, excl. Cicindelinae) of Canada and Alaska, parts 1-6. Opuscula E. Entomoligiska Sallskapet.","Syw2LXB/pj+fmGCuwdgBGVryVUmYhw3g","Syw2LXB/pj+fmGCuwdgBGVryVUmYhw3g",
"63a58565-42af-4474-b0c0-08ace98733cc","UNDE_003.basePlot.bet","D05","UNDE","UNDE_003","W","2016-05-10","2016-05-24","2016-05-25","2016-10-06","2016-10-06","UNDE_003.W.20160524","UKgrtiGQYSAnVKEbPmCHfWtYZBwp0kRBMJH3MMTyW2c=","carabid","PTEPEN","Pterostichus pensylvanicus","species","cf. species","LeConte",,1,"Lindroth, C. H. 1969. The ground-beetles (Carabidae, excl. Cicindelinae) of Canada and Alaska, parts 1-6. Opuscula E. Entomoligiska Sallskapet.","Syw2LXB/pj+fmGCuwdgBGVryVUmYhw3g","Syw2LXB/pj+fmGCuwdgBGVryVUmYhw3g",
"795f6ba9-1586-4b58-8e2e-f18f76b29405","UNDE_001.basePlot.bet","D05","UNDE","UNDE_001","E","2016-05-10","2016-05-24","2016-05-25","2016-10-04","2016-10-04","UNDE_001.E.20160524","kh3xmoTmJnCur/pJbsyRZnvG674QnNQbpaR/2pAem4o=","carabid","PTEPEN","Pterostichus pensylvanicus","species","cf. species","LeConte",,1,"Lindroth, C. H. 1969. The ground-beetles (Carabidae, excl. Cicindelinae) of Canada and Alaska, parts 1-6. Opuscula E. Entomoligiska Sallskapet.","Syw2LXB/pj+fmGCuwdgBGVryVUmYhw3g","Syw2LXB/pj+fmGCuwdgBGVryVUmYhw3g",
"295df191-4251-4b01-845e-72c3d8063890","UNDE_006.basePlot.bet","D05","UNDE","UNDE_006","S","2016-05-10","2016-05-24","2016-05-25","2016-10-06","2016-10-06","UNDE_006.S.20160524","izIYmtFoQUiCTcH3yIF0siLaN89bI0NQ7AH9hwI46X8=","carabid","PTEPEN","Pterostichus pensylvanicus","species","cf. species","LeConte",,1,"Lindroth, C. H. 1969. The ground-beetles (Carabidae, excl. Cicindelinae) of Canada and Alaska, parts 1-6. Opuscula E. Entomoligiska Sallskapet.","Syw2LXB/pj+fmGCuwdgBGVryVUmYhw3g","Syw2LXB/pj+fmGCuwdgBGVryVUmYhw3g",
"9af5cee6-1b9c-4a7c-85e6-5afae3137a71","UNDE_003.basePlot.bet","D05","UNDE","UNDE_003","W","2016-05-10","2016-05-24","2016-05-25","2016-10-06","2016-10-06","UNDE_003.W.20160524","UKgrtiGQYSAnVKEbPmCHfThfgsz/LigpH+c5v/kZGpw=","carabid","PTEADS","Pterostichus adstrictus","species","cf. species","Eschscholtz",,3,"Lindroth, C. H. 1969. The ground-beetles (Carabidae, excl. Cicindelinae) of Canada and Alaska, parts 1-6. Opuscula E. Entomoligiska Sallskapet.","Syw2LXB/pj+fmGCuwdgBGVryVUmYhw3g","Syw2LXB/pj+fmGCuwdgBGVryVUmYhw3g",
"3792f72d-fca6-4c88-8aff-19e682ad461a","UNDE_003.basePlot.bet","D05","UNDE","UNDE_003","N","2016-05-10","2016-05-24","2016-05-25","2016-10-04","2016-10-04","UNDE_003.N.20160524","UKgrtiGQYSBaSYv6T9/m59Y0bT93NMAiAI0eWpA9Ccs=","carabid","AGOTRI","Agonum trigeminum","species","cf. species","Lindroth",,1,"Lindroth, C. H. 1969. The ground-beetles (Carabidae, excl. Cicindelinae) of Canada and Alaska, parts 1-6. Opuscula E. Entomoligiska Sallskapet.","Syw2LXB/pj+fmGCuwdgBGVryVUmYhw3g","Syw2LXB/pj+fmGCuwdgBGVryVUmYhw3g",
"c71d4c98-6b0b-45cc-994b-f35f418327be","UNDE_003.basePlot.bet","D05","UNDE","UNDE_003","N","2016-05-10","2016-05-24","2016-05-25","2016-10-04","2016-10-04","UNDE_003.N.20160524","UKgrtiGQYSBaSYv6T9/m5wbioJYaZyl4zR5oFgGo22c=","carabid","LORPIL2","Loricera pilicornis pilicornis","subspecies",,"Fabricius",,2,"Bousquet, Y. 2010b. Illustrated Identification Guide to Adults and Larvae of Northeastern North American Ground Beetles (Coleoptera: Carabidae). 1st Ed. Pensoft Publishers, Sofia, Bulgaria.","Syw2LXB/pj+fmGCuwdgBGVryVUmYhw3g","Syw2LXB/pj+fmGCuwdgBGVryVUmYhw3g",
"c9754e6f-f4fe-4b62-ae9a-620a89726c5c","UNDE_003.basePlot.bet","D05","UNDE","UNDE_003","N","2016-05-10","2016-05-24","2016-05-25","2016-10-04","2016-10-04","UNDE_003.N.20160524","UKgrtiGQYSBaSYv6T9/m595icJYxKLF/OII8LazgSa4=","carabid","PLADEC","Platynus decentis","species",,"Say",,2,"Lindroth, C. H. 1969. The ground-beetles (Carabidae, excl. Cicindelinae) of Canada and Alaska, parts 1-6. Opuscula E. Entomoligiska Sallskapet.","Syw2LXB/pj+fmGCuwdgBGVryVUmYhw3g","Syw2LXB/pj+fmGCuwdgBGVryVUmYhw3g",
"78f79597-b84c-4f8c-b7ea-b9db2122479f","UNDE_003.basePlot.bet","D05","UNDE","UNDE_003","N","2016-05-10","2016-05-24","2016-05-25","2016-10-04","2016-10-04","UNDE_003.N.20160524","UKgrtiGQYSBaSYv6T9/m5zXpETMNqTu+Oyp9pj3nfuw=","carabid","PLAMAN","Platynus mannerheimii","species",,"Dejean",,2,"Lindroth, C. H. 1969. The ground-beetles (Carabidae, excl. Cicindelinae) of Canada and Alaska, parts 1-6. Opuscula E. Entomoligiska Sallskapet.","Syw2LXB/pj+fmGCuwdgBGVryVUmYhw3g","Syw2LXB/pj+fmGCuwdgBGVryVUmYhw3g",
"fa130474-fb7c-4b70-bccc-cb0003d885d1","UNDE_003.basePlot.bet","D05","UNDE","UNDE_003","W","2016-05-10","2016-05-24","2016-05-25","2016-10-06","2016-10-06","UNDE_003.W.20160524","UKgrtiGQYSAnVKEbPmCHfUwtY+pu8KRmhrZ8IpbOYes=","carabid","SPHSTE1","Sphaeroderus stenostomus lecontei","subspecies",,"Dejean",,1,"Lindroth, C. H. 1969. The ground-beetles (Carabidae, excl. Cicindelinae) of Canada and Alaska, parts 1-6. Opuscula E. Entomoligiska Sallskapet.","Syw2LXB/pj+fmGCuwdgBGVryVUmYhw3g","Syw2LXB/pj+fmGCuwdgBGVryVUmYhw3g",
"8acba461-6736-4180-968f-3ffe64fec014","UNDE_007.basePlot.bet","D05","UNDE","UNDE_007","N","2016-05-10","2016-05-24","2016-05-25","2016-10-06","2016-10-06","UNDE_007.N.20160524","sj+sxzQpSGAc2bXTAptC134rwQdBLDegbP0uZ6kA6tg=","carabid","SPHSTE1","Sphaeroderus stenostomus lecontei","subspecies",,"Dejean",,1,"Lindroth, C. H. 1969. The ground-beetles (Carabidae, excl. Cicindelinae) of Canada and Alaska, parts 1-6. Opuscula E. Entomoligiska Sallskapet.","Syw2LXB/pj+fmGCuwdgBGVryVUmYhw3g","Syw2LXB/pj+fmGCuwdgBGVryVUmYhw3g",
"b5127aeb-79d8-4c7e-9f19-2da834a95a34","UNDE_007.basePlot.bet","D05","UNDE","UNDE_007","N","2016-05-10","2016-05-24","2016-05-25","2016-10-06","2016-10-06","UNDE_007.N.20160524","sj+sxzQpSGAc2bXTAptC19/AxAo7e+oWA65Bo1pTwwI=","carabid","PTEPEN","Pterostichus pensylvanicus","species","cf. species","LeConte",,1,"Lindroth, C. H. 1969. The ground-beetles (Carabidae, excl. Cicindelinae) of Canada and Alaska, parts 1-6. Opuscula E. Entomoligiska Sallskapet.","Syw2LXB/pj+fmGCuwdgBGVryVUmYhw3g","Syw2LXB/pj+fmGCuwdgBGVryVUmYhw3g",
"8688255e-1dc3-4237-a2f3-318eba89aaf0","UNDE_007.basePlot.bet","D05","UNDE","UNDE_007","S","2016-05-10","2016-05-24","2016-05-25","2016-10-06","2016-10-06","UNDE_007.S.20160524","sj+sxzQpSGBC7b3BPQrLa/CkCBMdVKGIDrM97Xj507Q=","carabid","PTEPEN","Pterostichus pensylvanicus","species","cf. species","LeConte",,2,"Lindroth, C. H. 1969. The ground-beetles (Carabidae, excl. Cicindelinae) of Canada and Alaska, parts 1-6. Opuscula E. Entomoligiska Sallskapet.","Syw2LXB/pj+fmGCuwdgBGVryVUmYhw3g","Syw2LXB/pj+fmGCuwdgBGVryVUmYhw3g",
"c41a58b4-8ea4-449a-aa6a-25ed9cee329f","UNDE_007.basePlot.bet","D05","UNDE","UNDE_007","S","2016-05-10","2016-05-24","2016-05-25","2016-10-06","2016-10-06","UNDE_007.S.20160524","sj+sxzQpSGBC7b3BPQrLaye+nbMBU2AHDLuySmwuGKQ=","carabid","CARNEM","Carabus nemoralis nemoralis","subspecies",,"Mueller",,5,"Lindroth, C. H. 1969. The ground-beetles (Carabidae, excl. Cicindelinae) of Canada and Alaska, parts 1-6. Opuscula E. Entomoligiska Sallskapet.","Syw2LXB/pj+fmGCuwdgBGVryVUmYhw3g","Syw2LXB/pj+fmGCuwdgBGVryVUmYhw3g",
"3b7dc187-551e-460d-8c98-a184d40cb201","UNDE_007.basePlot.bet","D05","UNDE","UNDE_007","N","2016-05-10","2016-05-24","2016-05-25","2016-10-06","2016-10-06","UNDE_007.N.20160524","sj+sxzQpSGAc2bXTAptC16kyzhfIVKa3YtjrMumDQUI=","carabid","AGOTRI","Agonum trigeminum","species","cf. species","Lindroth",,1,"Lindroth, C. H. 1969. The ground-beetles (Carabidae, excl. Cicindelinae) of Canada and Alaska, parts 1-6. Opuscula E. Entomoligiska Sallskapet.","Syw2LXB/pj+fmGCuwdgBGVryVUmYhw3g","Syw2LXB/pj+fmGCuwdgBGVryVUmYhw3g",
"f70f808c-be92-4aba-a953-7b8b7f7fa1f5","UNDE_007.basePlot.bet","D05","UNDE","UNDE_007","N","2016-05-10","2016-05-24","2016-05-25","2016-10-06","2016-10-06","UNDE_007.N.20160524","sj+sxzQpSGAc2bXTAptC19+1CtjMko2p3eTla7o08rI=","carabid","CARNEM","Carabus nemoralis nemoralis","subspecies",,"Mueller",,1,"Lindroth, C. H. 1969. The ground-beetles (Carabidae, excl. Cicindelinae) of Canada and Alaska, parts 1-6. Opuscula E. Entomoligiska Sallskapet.","Syw2LXB/pj+fmGCuwdgBGVryVUmYhw3g","Syw2LXB/pj+fmGCuwdgBGVryVUmYhw3g",
"86a2a534-b8cb-4162-80fe-d318ac6a18e6","UNDE_017.basePlot.bet","D05","UNDE","UNDE_017","E","2016-05-10","2016-05-24","2016-05-25","2016-07-08",,"UNDE_017.E.20160524","xHY1KmNCr235Tqna/2wJ3gqzbmpeI9tg1dg5AAcJHgY=","invert bycatch",,,,,,,,,,"sLXn7wTHXoRJL4fX6U0RGoB8I5uaqWlh",
"4c2c6d69-51c5-483e-a573-872f7bcaf5bf","UNDE_001.basePlot.bet","D05","UNDE","UNDE_001","E","2016-05-10","2016-05-24","2016-05-25","2016-07-11",,"UNDE_001.E.20160524","kh3xmoTmJnCur/pJbsyRZm4giNzXZQrpldwj/lsxsq0=","invert bycatch",,,,,,,,,,"sLXn7wTHXoRJL4fX6U0RGoB8I5uaqWlh",
"1c471320-0ae9-4dd7-a9b6-f016940c6cac","UNDE_008.basePlot.bet","D05","UNDE","UNDE_008","E","2016-05-10","2016-05-24","2016-05-25","2016-07-11",,"UNDE_008.E.20160524","MjA7sUqH2CbZb6fB7WfC12WmCvBZtP7wLYqL/r87xnA=","invert bycatch",,,,,,,,,,"sLXn7wTHXoRJL4fX6U0RGoB8I5uaqWlh",
"2b76578f-7f10-42c2-a4cd-6142ab324193","UNDE_002.basePlot.bet","D05","UNDE","UNDE_002","E","2016-05-10","2016-05-24","2016-05-25","2016-07-11",,"UNDE_002.E.20160524","JrVNSI+TG1IeN3BEYBHLYmeAko141mys1swQEMAInNE=","invert bycatch",,,,,,,,,,"sLXn7wTHXoRJL4fX6U0RGoB8I5uaqWlh",
"6dfc0b1d-e3f5-4335-b18e-5fe679a168ee","UNDE_011.basePlot.bet","D05","UNDE","UNDE_011","E","2016-05-10","2016-05-24","2016-05-25","2016-07-11",,"UNDE_011.E.20160524","0Ya1AWR2lPhThB+KZZ9vc3f3jAw9wWAmSUHRgGK8aLk=","invert bycatch",,,,,,,,,,"sLXn7wTHXoRJL4fX6U0RGoB8I5uaqWlh",
"ee024fe6-370c-497d-8f1a-e829e359b9fe","UNDE_006.basePlot.bet","D05","UNDE","UNDE_006","E","2016-05-10","2016-05-24","2016-05-25","2016-07-11",,"UNDE_006.E.20160524","izIYmtFoQUjm5xWONJT2fMWsHSXsLzXWoiP/dRXYheM=","invert bycatch",,,,,,,,,,"sLXn7wTHXoRJL4fX6U0RGoB8I5uaqWlh",
"e51d7898-2fe1-4d48-9e93-c384e4eefe3c","UNDE_007.basePlot.bet","D05","UNDE","UNDE_007","E","2016-05-10","2016-05-24","2016-05-25","2016-07-11",,"UNDE_007.E.20160524","sj+sxzQpSGCXcVDms9T2JUbTyxUPvRb80+c5m+u63Jc=","invert bycatch",,,,,,,,,,"sLXn7wTHXoRJL4fX6U0RGoB8I5uaqWlh",
"4e30a27a-5925-49e1-997e-5eb08fe7612b","UNDE_003.basePlot.bet","D05","UNDE","UNDE_003","E","2016-05-10","2016-05-24","2016-05-25","2016-07-11",,"UNDE_003.E.20160524","UKgrtiGQYSBruSGOqRGpCTkoL9K5lW3AGn11MVDxDRg=","invert bycatch",,,,,,,,,,"sLXn7wTHXoRJL4fX6U0RGoB8I5uaqWlh",
"f4e90115-1f41-4bd9-b92f-f6aa667eb5a5","UNDE_010.basePlot.bet","D05","UNDE","UNDE_010","E","2016-05-10","2016-05-24","2016-05-25","2016-07-11",,"UNDE_010.E.20160524","hQDJ3TYDfowmkXVGtQA/hOvPQFk/hH+Ek6WdF9CqByA=","invert bycatch",,,,,,,,,,"sLXn7wTHXoRJL4fX6U0RGoB8I5uaqWlh",
"f07e7bef-c4ff-4c46-9a57-0f32b1c8efd0","UNDE_012.basePlot.bet","D05","UNDE","UNDE_012","E","2016-05-10","2016-05-24","2016-05-25","2016-07-08",,"UNDE_012.E.20160524","+v0vuVmyR4DMhCSxTbPdmG0iQZVJtFsdy71t0tNDVXE=","invert bycatch",,,,,,,,,,"sLXn7wTHXoRJL4fX6U0RGoB8I5uaqWlh",
"5f539110-e67d-4327-ae99-0591ee8f295d","UNDE_006.basePlot.bet","D05","UNDE","UNDE_006","E","2016-05-10","2016-05-24","2016-05-25","2016-07-11","2016-07-11","UNDE_006.E.20160524","izIYmtFoQUjm5xWONJT2fITJrbw5mOUjHg01qj5gl0Q=","vert bycatch herp","NOTVIR","Notophthalmus viridescens","species",,"Rafinesque",,1,"Harding, J.H. 1997. Amphibians and reptiles of the Great Lakes Region. University of Michigan Press, Ann Arbor, MI.","sLXn7wTHXoRJL4fX6U0RGoB8I5uaqWlh","sLXn7wTHXoRJL4fX6U0RGoB8I5uaqWlh",
"170df933-92d6-4ad6-86d5-b9fb35dc31df","UNDE_007.basePlot.bet","D05","UNDE","UNDE_007","N","2016-05-10","2016-05-24","2016-05-25","2016-07-11",,"UNDE_007.N.20160524","sj+sxzQpSGAc2bXTAptC19KQZlopV+CgMy0G1T5F1Ic=","invert bycatch",,,,,,,,,,"sLXn7wTHXoRJL4fX6U0RGoB8I5uaqWlh",
"123f4bca-6c18-4068-9b8c-c4ea2ff3786b","UNDE_011.basePlot.bet","D05","UNDE","UNDE_011","N","2016-05-10","2016-05-24","2016-05-25","2016-07-11",,"UNDE_011.N.20160524","0Ya1AWR2lPj/nJ991iwUKQg3i09Z8Y9Wln1nQyEKWvk=","invert bycatch",,,,,,,,,,"sLXn7wTHXoRJL4fX6U0RGoB8I5uaqWlh",
"dcfd779c-5492-49ef-a0c6-65f9743e8775","UNDE_001.basePlot.bet","D05","UNDE","UNDE_001","N","2016-05-10","2016-05-24","2016-05-25","2016-07-11",,"UNDE_001.N.20160524","kh3xmoTmJnCIRPsSnD80VEoI9llTY9CwuJ99brFzARk=","invert bycatch",,,,,,,,,,"sLXn7wTHXoRJL4fX6U0RGoB8I5uaqWlh",
"83224b84-a2ee-4901-90cb-b88f77b4a0b2","UNDE_003.basePlot.bet","D05","UNDE","UNDE_003","N","2016-05-10","2016-05-24","2016-05-25","2016-07-11",,"UNDE_003.N.20160524","UKgrtiGQYSBaSYv6T9/m5543g8orKYj+jcn1IXXS6ZY=","invert bycatch",,,,,,,,,,"sLXn7wTHXoRJL4fX6U0RGoB8I5uaqWlh",
"dc78e3c7-6c87-4fe5-9ae2-9614295b809a","UNDE_006.basePlot.bet","D05","UNDE","UNDE_006","N","2016-05-10","2016-05-24","2016-05-25","2016-07-11",,"UNDE_006.N.20160524","izIYmtFoQUhZ/bSUkGXdxYAHYOrad7VPt675eRPDZ/Q=","invert bycatch",,,,,,,,,,"sLXn7wTHXoRJL4fX6U0RGoB8I5uaqWlh",
"4a4ff96d-1b10-4498-b5ba-3f61ec526015","UNDE_010.basePlot.bet","D05","UNDE","UNDE_010","N","2016-05-10","2016-05-24","2016-05-25","2016-07-11",,"UNDE_010.N.20160524","hQDJ3TYDfoyHbOUrKn+1FD8QqVkucALdmOEhayjraHA=","invert bycatch",,,,,,,,,,"sLXn7wTHXoRJL4fX6U0RGoB8I5uaqWlh",
"ee2fe704-746b-44c7-a10e-f844ca3471bd","UNDE_017.basePlot.bet","D05","UNDE","UNDE_017","N","2016-05-10","2016-05-24","2016-05-25","2016-07-08",,"UNDE_017.N.20160524","xHY1KmNCr23wnyPUn07rMLaAaelSEh7TW5OHIJ9fH8U=","invert bycatch",,,,,,,,,,"sLXn7wTHXoRJL4fX6U0RGoB8I5uaqWlh",
"91997e0a-174b-4f36-aa5c-18016f2b072d","UNDE_002.basePlot.bet","D05","UNDE","UNDE_002","N","2016-05-10","2016-05-24","2016-05-25","2016-07-11",,"UNDE_002.N.20160524","JrVNSI+TG1K3BDMWs5TS8rsJrx8hjDYepQ0OgOZWDNQ=","invert bycatch",,,,,,,,,,"sLXn7wTHXoRJL4fX6U0RGoB8I5uaqWlh",
"ed3957d4-571e-4f87-a2e6-1c0f6f74871e","UNDE_008.basePlot.bet","D05","UNDE","UNDE_008","N","2016-05-10","2016-05-24","2016-05-25","2016-07-11",,"UNDE_008.N.20160524","MjA7sUqH2CYY1p/KJCam3VukQTwTLF2IvebtpNMtxpY=","invert bycatch",,,,,,,,,,"sLXn7wTHXoRJL4fX6U0RGoB8I5uaqWlh",
"63dfd59a-41ee-4351-b817-27f5640b5416","UNDE_012.basePlot.bet","D05","UNDE","UNDE_012","N","2016-05-10","2016-05-24","2016-05-25","2016-07-08",,"UNDE_012.N.20160524","+v0vuVmyR4Alq+u8WTQvGN6lqKxF78tyF3EzvtGQhCI=","invert bycatch",,,,,,,,,,"sLXn7wTHXoRJL4fX6U0RGoB8I5uaqWlh",
"848c4085-131c-496f-8537-d663a5c71e21","UNDE_012.basePlot.bet","D05","UNDE","UNDE_012","S","2016-05-10","2016-05-24","2016-05-25","2016-07-08",,"UNDE_012.S.20160524","+v0vuVmyR4AjiZyJEUD9pRTK6Z7is8jRO5fpnixqs/4=","invert bycatch",,,,,,,,,,"sLXn7wTHXoRJL4fX6U0RGoB8I5uaqWlh",
"2859b7cf-a086-444c-ba73-9d7d478b7206","UNDE_006.basePlot.bet","D05","UNDE","UNDE_006","S","2016-05-10","2016-05-24","2016-05-25","2016-07-11",,"UNDE_006.S.20160524","izIYmtFoQUiCTcH3yIF0svW4VRUSmxoQBnLLzOsNBvg=","invert bycatch",,,,,,,,,,"sLXn7wTHXoRJL4fX6U0RGoB8I5uaqWlh",
"34d53cfc-2cb7-4993-8822-f3ebe36d3ecc","UNDE_002.basePlot.bet","D05","UNDE","UNDE_002","S","2016-05-10","2016-05-24","2016-05-25","2016-07-11",,"UNDE_002.S.20160524","JrVNSI+TG1IWif1fOHusiwEyJ7F7iBZoZDR3bWR8noc=","invert bycatch",,,,,,,,,,"sLXn7wTHXoRJL4fX6U0RGoB8I5uaqWlh",
"a320ac2e-3d50-4bf0-8313-80f04b9e20fa","UNDE_001.basePlot.bet","D05","UNDE","UNDE_001","S","2016-05-10","2016-05-24","2016-05-25","2016-07-11",,"UNDE_001.S.20160524","kh3xmoTmJnDPpAuVfyK1mZv27nsAKcAh5x4ZcEYratY=","invert bycatch",,,,,,,,,,"sLXn7wTHXoRJL4fX6U0RGoB8I5uaqWlh",
"7e88faee-7363-4340-a9e4-2bcc9e793bfd","UNDE_003.basePlot.bet","D05","UNDE","UNDE_003","S","2016-05-10","2016-05-24","2016-05-25","2016-07-11",,"UNDE_003.S.20160524","UKgrtiGQYSCWbXLliNTqdRVbZ/wMGKC9t5s98yWz6dc=","invert bycatch",,,,,,,,,,"sLXn7wTHXoRJL4fX6U0RGoB8I5uaqWlh",
"d48b2e17-e576-431a-abb2-25fc14ddb151","UNDE_008.basePlot.bet","D05","UNDE","UNDE_008","S","2016-05-10","2016-05-24","2016-05-25","2016-07-11",,"UNDE_008.S.20160524","MjA7sUqH2CbmYf6QFHRL2TI7JVcqE/qP9LrOKxWAaVA=","invert bycatch",,,,,,,,,,"sLXn7wTHXoRJL4fX6U0RGoB8I5uaqWlh",
"c061ba09-2684-4611-abfd-0d433bbed185","UNDE_007.basePlot.bet","D05","UNDE","UNDE_007","S","2016-05-10","2016-05-24","2016-05-25","2016-07-11",,"UNDE_007.S.20160524","sj+sxzQpSGBC7b3BPQrLa1WPR7BmgTLnVuI+hNRUmf0=","invert bycatch",,,,,,,,,,"sLXn7wTHXoRJL4fX6U0RGoB8I5uaqWlh",
"92e4b326-5388-4303-8d07-532734e1d9da","UNDE_011.basePlot.bet","D05","UNDE","UNDE_011","S","2016-05-10","2016-05-24","2016-05-25","2016-07-11",,"UNDE_011.S.20160524","0Ya1AWR2lPjR7lB8ZOXzEw7K2nlvNZFgfDlVtCdmPf8=","invert bycatch",,,,,,,,,,"sLXn7wTHXoRJL4fX6U0RGoB8I5uaqWlh",
"93569b28-a158-4aa2-b309-d52a41c951ca","UNDE_017.basePlot.bet","D05","UNDE","UNDE_017","S","2016-05-10","2016-05-24","2016-05-25","2016-07-08",,"UNDE_017.S.20160524","xHY1KmNCr20KxSmSRbWmYHyA722ERi/Yg6dOIk/QKJU=","invert bycatch",,,,,,,,,,"sLXn7wTHXoRJL4fX6U0RGoB8I5uaqWlh",
"5e4349c9-e439-47c6-b692-1d0a698f83bc","UNDE_010.basePlot.bet","D05","UNDE","UNDE_010","S","2016-05-10","2016-05-24","2016-05-25","2016-07-11",,"UNDE_010.S.20160524","hQDJ3TYDfowNSIijMSrydXWRn6w8GO+P7NCxGREecs4=","invert bycatch",,,,,,,,,,"sLXn7wTHXoRJL4fX6U0RGoB8I5uaqWlh",
"632242e1-492e-4dc1-badd-a2dd6f1cdcfb","UNDE_006.basePlot.bet","D05","UNDE","UNDE_006","W","2016-05-10","2016-05-24","2016-05-25","2016-07-11",,"UNDE_006.W.20160524","izIYmtFoQUj71Tc/YMya65jyCRmzs4Bs6SMtnYeGp4o=","invert bycatch",,,,,,,,,,"sLXn7wTHXoRJL4fX6U0RGoB8I5uaqWlh",
"fa997875-f2e8-4b76-a2a5-9a4329358904","UNDE_017.basePlot.bet","D05","UNDE","UNDE_017","W","2016-05-10","2016-05-24","2016-05-25","2016-07-08",,"UNDE_017.W.20160524","xHY1KmNCr23xveNMnf3ceRwQ5dEuruaILz6mp1JBBa4=","invert bycatch",,,,,,,,,,"sLXn7wTHXoRJL4fX6U0RGoB8I5uaqWlh",
"09f13010-54d0-4343-bbe5-e4e3db0603b9","UNDE_007.basePlot.bet","D05","UNDE","UNDE_007","W","2016-05-10","2016-05-24","2016-05-25","2016-07-11",,"UNDE_007.W.20160524","sj+sxzQpSGBfRugKvgVju075m75p5Qfi8eGxaP582rg=","invert bycatch",,,,,,,,,,"sLXn7wTHXoRJL4fX6U0RGoB8I5uaqWlh",
"feaae495-6c08-4950-b0f1-290842b70b92","UNDE_003.basePlot.bet","D05","UNDE","UNDE_003","W","2016-05-10","2016-05-24","2016-05-25","2016-07-11",,"UNDE_003.W.20160524","UKgrtiGQYSAnVKEbPmCHfUg+RguYlPOQ+a+XcoTFsxo=","invert bycatch",,,,,,,,,,"sLXn7wTHXoRJL4fX6U0RGoB8I5uaqWlh",
"c299c66c-11a9-4fe3-8a43-0e2ff5393c88","UNDE_010.basePlot.bet","D05","UNDE","UNDE_010","W","2016-05-10","2016-05-24","2016-05-25","2016-07-11",,"UNDE_010.W.20160524","hQDJ3TYDfoz4uo/pdRZ8T+xpa3vfkWGZx45FfZnfNQc=","invert bycatch",,,,,,,,,,"sLXn7wTHXoRJL4fX6U0RGoB8I5uaqWlh",
"6e1a22ee-aaf6-460f-9460-ba8158113bfe","UNDE_012.basePlot.bet","D05","UNDE","UNDE_012","W","2016-05-10","2016-05-24","2016-05-25","2016-07-08",,"UNDE_012.W.20160524","+v0vuVmyR4A7IVdJUh0wVvB9S/lSm3b8hk/re7iWvZs=","invert bycatch",,,,,,,,,,"sLXn7wTHXoRJL4fX6U0RGoB8I5uaqWlh",
"f3e1586e-b0c7-4729-a66f-ffcef53d31c6","UNDE_002.basePlot.bet","D05","UNDE","UNDE_002","W","2016-05-10","2016-05-24","2016-05-25","2016-07-11",,"UNDE_002.W.20160524","JrVNSI+TG1JU76qN6kX7A0UrNSFfYuTNtJs0F43PVM8=","invert bycatch",,,,,,,,,,"sLXn7wTHXoRJL4fX6U0RGoB8I5uaqWlh",
"bf9d863e-ab56-409a-887f-eee0e1de2bcf","UNDE_008.basePlot.bet","D05","UNDE","UNDE_008","W","2016-05-10","2016-05-24","2016-05-25","2016-07-11",,"UNDE_008.W.20160524","MjA7sUqH2CY14aQaMj58t2AHtw2QhhmAd69SPkgib7c=","invert bycatch",,,,,,,,,,"sLXn7wTHXoRJL4fX6U0RGoB8I5uaqWlh",
"ec710fad-bb7c-44cf-b0e0-647685720222","UNDE_001.basePlot.bet","D05","UNDE","UNDE_001","W","2016-05-10","2016-05-24","2016-05-25","2016-07-11",,"UNDE_001.W.20160524","kh3xmoTmJnD1NM/sSuhamqnzBAMxGfRu8WxBo4pBjqY=","invert bycatch",,,,,,,,,,"sLXn7wTHXoRJL4fX6U0RGoB8I5uaqWlh",
"9fb1bdeb-03df-4f9a-b1a5-269b94e5f7a5","UNDE_011.basePlot.bet","D05","UNDE","UNDE_011","W","2016-05-10","2016-05-24","2016-05-25","2016-07-11",,"UNDE_011.W.20160524","0Ya1AWR2lPiC4fkoaVt6onAkr9cC9JDSEmIdci6Bb7Q=","invert bycatch",,,,,,,,,,"sLXn7wTHXoRJL4fX6U0RGoB8I5uaqWlh",
