uid,namedLocation,domainID,siteID,plotID,setDate,collectDate,identifiedDate,individualID,taxonID,kingdom,phylum,class,order,family,subfamily,tribe,genus,subgenus,specificEpithet,infraspecificEpithet,scientificName,scientificNameAuthorship,taxonRank,identificationQualifier,sex,morphospeciesID,identificationReferences,identifiedBy,laboratoryName,identificationRemarks,sampleCondition,dnaBarcoded,geneticSampleID,remarks
"eaa2daf2-c4fb-497f-b543-51ef013ee909","STER_032.basePlot.bet","D10","STER","STER_032","2015-07-23","2015-08-06","2017-01-15","NEON.BET.D10.003987","HARDES","Animalia","Arthropoda","Insecta","Coleoptera","Carabidae","Harpalinae","Harpalini","Harpalus","Opadius","desertus",,"Harpalus desertus","LeConte","species",,"F",,"Noonan, G. R. 1991. Classification, Cladistics, and Natural History of Native North American Harpalus Latreille (Insecta: Coleoptera: Carabidae: Harpalini), excluding subgenera Glanodes and Pseudophonus.","Kipling Will","Essig Museum of Entomology",,"No known compromise","N",,
"4bb45062-70dc-4b03-b2a1-f9be8bfde102","STER_032.basePlot.bet","D10","STER","STER_032","2015-07-23","2015-08-06","2017-01-15","NEON.BET.D10.003940","HARREV","Animalia","Arthropoda","Insecta","Coleoptera","Carabidae","Harpalinae","Harpalini","Harpalus","Opadius","reversus",,"Harpalus reversus","Casey","species",,"M",,"Noonan, G. R. 1991. Classification, Cladistics, and Natural History of Native North American Harpalus Latreille (Insecta: Coleoptera: Carabidae: Harpalini), excluding subgenera Glanodes and Pseudophonus.","Kipling Will","Essig Museum of Entomology",,"No known compromise","N",,
"c2e9e81d-5ea9-44b1-a705-39b905513e6a","STER_034.basePlot.bet","D10","STER","STER_034","2015-07-23","2015-08-06","2017-01-15","NEON.BET.D10.003999","EURGRO","Animalia","Arthropoda","Insecta","Coleoptera","Carabidae","Harpalinae","Harpalini","Euryderus",,"grossus",,"Euryderus grossus","Say","species",,"U",,"Lindroth, C. H. 1969. The ground-beetles (Carabidae, excl. Cicindelinae) of Canada and Alaska, parts 1-6. Opuscula E. Entomoligiska Sallskapet.","Kipling Will","Essig Museum of Entomology",,"No known compromise","N",,
"bd98c0dd-93ad-4e6a-8674-8c41688239f8","STER_034.basePlot.bet","D10","STER","STER_034","2015-07-23","2015-08-06","2017-01-15","NEON.BET.D10.003921","ANIMER2","Animalia","Arthropoda","Insecta","Coleoptera","Carabidae","Harpalinae","Harpalini","Anisodactylus","Gynandrotarsus","merula",,"Anisodactylus merula","Germar","species",,"F",,"Lindroth, C. H. 1969. The ground-beetles (Carabidae, excl. Cicindelinae) of Canada and Alaska, parts 1-6. Opuscula E. Entomoligiska Sallskapet.","Kipling Will","Essig Museum of Entomology",,"No known compromise","N",,
"32effb3f-9cef-479b-ad05-abc24e884680","STER_034.basePlot.bet","D10","STER","STER_034","2015-07-23","2015-08-06","2017-01-15","NEON.BET.D10.003997","ANICAR2","Animalia","Arthropoda","Insecta","Coleoptera","Carabidae","Harpalinae","Harpalini","Anisodactylus","Anisodactylus","carbonarius",,"Anisodactylus carbonarius","Say","species",,"F",,"Lindroth, C. H. 1969. The ground-beetles (Carabidae, excl. Cicindelinae) of Canada and Alaska, parts 1-6. Opuscula E. Entomoligiska Sallskapet.","Kipling Will","Essig Museum of Entomology",,"No known compromise","N",,
"dc02f5eb-1cc5-47ee-a23c-2bc4a5494c53","STER_034.basePlot.bet","D10","STER","STER_034","2015-07-23","2015-08-06","2017-01-15","NEON.BET.D10.003998","HARCAL","Animalia","Arthropoda","Insecta","Coleoptera","Carabidae","Harpalinae","Harpalini","Harpalus","Megapangus","caliginosus",,"Harpalus caliginosus","Fabricius","species",,"F",,"Will, K. W. 1997. Review of the species of the subgenus Megapangus Casey (Coeloptera: Carabidae, Harpalini, Harpalus Latreille). The Coleopterists Bulletin 51:43-51.","Kipling Will","Essig Museum of Entomology",,"No known compromise","N",,
"ae0ea6a3-ac00-4574-8b35-ee7d67f5d2bc","STER_034.basePlot.bet","D10","STER","STER_034","2015-07-23","2015-08-06","2017-01-15","NEON.BET.D10.003922","ANIMER2","Animalia","Arthropoda","Insecta","Coleoptera","Carabidae","Harpalinae","Harpalini","Anisodactylus","Gynandrotarsus","merula",,"Anisodactylus merula","Germar","species",,"M",,"Lindroth, C. H. 1969. The ground-beetles (Carabidae, excl. Cicindelinae) of Canada and Alaska, parts 1-6. Opuscula E. Entomoligiska Sallskapet.","Kipling Will","Essig Museum of Entomology",,"No known compromise","N",,
"fab0de1a-dc60-4dbd-9ced-c5ac5736bed9","STER_034.basePlot.bet","D10","STER","STER_034","2015-07-23","2015-08-06","2017-01-15","NEON.BET.D10.003920","HARREV","Animalia","Arthropoda","Insecta","Coleoptera","Carabidae","Harpalinae","Harpalini","Harpalus","Opadius","reversus",,"Harpalus reversus","Casey","species",,"M",,"Noonan, G. R. 1991. Classification, Cladistics, and Natural History of Native North American Harpalus Latreille (Insecta: Coleoptera: Carabidae: Harpalini), excluding subgenera Glanodes and Pseudophonus.","Kipling Will","Essig Museum of Entomology",,"No known compromise","N",,
"05da5480-36ec-4285-9f8b-387d2db65bf7","STER_006.basePlot.bet","D10","STER","STER_006","2015-07-23","2015-08-06","2017-01-15","NEON.BET.D10.003957","POELUC","Animalia","Arthropoda","Insecta","Coleoptera","Carabidae","Harpalinae","Pterostichini","Poecilus","Poecilus","lucublandus",,"Poecilus lucublandus","Say","species",,"F",,"Lindroth, C. H. 1969. The ground-beetles (Carabidae, excl. Cicindelinae) of Canada and Alaska, parts 1-6. Opuscula E. Entomoligiska Sallskapet.","Kipling Will","Essig Museum of Entomology",,"No known compromise","N",,
"6a52de9e-0477-46bb-9290-4901b5a2307a","STER_006.basePlot.bet","D10","STER","STER_006","2015-07-23","2015-08-06","2017-01-15","NEON.BET.D10.003951","CYCTOR","Animalia","Arthropoda","Insecta","Coleoptera","Carabidae","Harpalinae","Pterostichini","Cyclotrachelus","Evarthrus","torvus",,"Cyclotrachelus torvus","LeConte","species",,"F",,"Freitag, R. 1969. A revision of the species of the genus Evarthrus LeConte. Quaestiones Entomologicae 5:89-212.","Kipling Will","Essig Museum of Entomology",,"No known compromise","N",,
"8a677088-81ef-4f47-b910-25ba2491cdcd","STER_006.basePlot.bet","D10","STER","STER_006","2015-07-23","2015-08-06","2017-01-15","NEON.BET.D10.003956","POELUC","Animalia","Arthropoda","Insecta","Coleoptera","Carabidae","Harpalinae","Pterostichini","Poecilus","Poecilus","lucublandus",,"Poecilus lucublandus","Say","species",,"F",,"Lindroth, C. H. 1969. The ground-beetles (Carabidae, excl. Cicindelinae) of Canada and Alaska, parts 1-6. Opuscula E. Entomoligiska Sallskapet.","Kipling Will","Essig Museum of Entomology",,"No known compromise","N",,
"7d52cf53-eab3-4f46-86a4-5d32774b343a","STER_006.basePlot.bet","D10","STER","STER_006","2015-07-23","2015-08-06","2017-01-15","NEON.BET.D10.003953","CALOPA","Animalia","Arthropoda","Insecta","Coleoptera","Carabidae","Harpalinae","Sphodrini","Calathus","Neocalathus","opaculus",,"Calathus opaculus","LeConte","species",,"M",,"Lindroth, C. H. 1969. The ground-beetles (Carabidae, excl. Cicindelinae) of Canada and Alaska, parts 1-6. Opuscula E. Entomoligiska Sallskapet.","Kipling Will","Essig Museum of Entomology",,"No known compromise","N",,
"1104e4b6-83bb-44b1-9c5c-b760bb8e5f39","STER_006.basePlot.bet","D10","STER","STER_006","2015-07-23","2015-08-06","2017-01-15","NEON.BET.D10.003962","HARCAL","Animalia","Arthropoda","Insecta","Coleoptera","Carabidae","Harpalinae","Harpalini","Harpalus","Megapangus","caliginosus",,"Harpalus caliginosus","Fabricius","species",,"M",,"Will, K. W. 1997. Review of the species of the subgenus Megapangus Casey (Coeloptera: Carabidae, Harpalini, Harpalus Latreille). The Coleopterists Bulletin 51:43-51.","Kipling Will","Essig Museum of Entomology",,"No known compromise","N",,
"f85d8771-cc4c-45f0-acc9-da0eeda0b909","STER_006.basePlot.bet","D10","STER","STER_006","2015-07-23","2015-08-06","2017-01-15","NEON.BET.D10.003952","HARREV","Animalia","Arthropoda","Insecta","Coleoptera","Carabidae","Harpalinae","Harpalini","Harpalus","Opadius","reversus",,"Harpalus reversus","Casey","species",,"F",,"Noonan, G. R. 1991. Classification, Cladistics, and Natural History of Native North American Harpalus Latreille (Insecta: Coleoptera: Carabidae: Harpalini), excluding subgenera Glanodes and Pseudophonus.","Kipling Will","Essig Museum of Entomology",,"No known compromise","N",,
"96f06705-abfd-4f95-a2c8-7042eb7ce0dc","STER_006.basePlot.bet","D10","STER","STER_006","2015-07-23","2015-08-06","2017-01-15","NEON.BET.D10.003955","PASELO","Animalia","Arthropoda","Insecta","Coleoptera","Carabidae","Scaritinae","Pasimachini","Pasimachus","Pasimachus","elongatus",,"Pasimachus elongatus","LeConte","species",,"F",,"Banninger, M. 1950. The subtribe Pasimachina (Coleoptera, Carabidae, Scaritini). Revista de Entomologica 21:481-511.","Kipling Will","Essig Museum of Entomology",,"No known compromise","N",,
"e36f86c5-de4d-4c0d-91e4-daa67a16e2e8","STER_006.basePlot.bet","D10","STER","STER_006","2015-07-23","2015-08-06","2017-01-15","NEON.BET.D10.003961","ELASP7","Animalia","Arthropoda","Insecta","Coleoptera","Carabidae","Trechinae","Bembidiini","Elaphropus",,"sp.",,"Elaphropus sp.","Motschulsky","genus",,"M","TKW.2017.MorphF","Lindroth, C. H. 1969. The ground-beetles (Carabidae, excl. Cicindelinae) of Canada and Alaska, parts 1-6. Opuscula E. Entomoligiska Sallskapet.","Kipling Will","Essig Museum of Entomology",,"No known compromise","N",,
"cc76c7de-5743-463f-bd29-5951ee35fdd7","STER_027.basePlot.bet","D10","STER","STER_027","2015-07-23","2015-08-06","2017-01-15","NEON.BET.D10.003936","HARREV","Animalia","Arthropoda","Insecta","Coleoptera","Carabidae","Harpalinae","Harpalini","Harpalus","Opadius","reversus",,"Harpalus reversus","Casey","species",,"F",,"Noonan, G. R. 1991. Classification, Cladistics, and Natural History of Native North American Harpalus Latreille (Insecta: Coleoptera: Carabidae: Harpalini), excluding subgenera Glanodes and Pseudophonus.","Kipling Will","Essig Museum of Entomology",,"No known compromise","N",,
"fc35faa0-db8b-4313-bccf-62442377f551","STER_027.basePlot.bet","D10","STER","STER_027","2015-07-23","2015-08-06","2017-01-15","NEON.BET.D10.003933","CRADUB","Animalia","Arthropoda","Insecta","Coleoptera","Carabidae","Harpalinae","Harpalini","Cratacanthus",,"dubius",,"Cratacanthus dubius","Palisot de Beauvois","species",,"F",,"Lindroth, C. H. 1969. The ground-beetles (Carabidae, excl. Cicindelinae) of Canada and Alaska, parts 1-6. Opuscula E. Entomoligiska Sallskapet.","Kipling Will","Essig Museum of Entomology",,"No known compromise","N",,
"ef0ffe31-fd1a-492f-83de-287e65432e60","STER_027.basePlot.bet","D10","STER","STER_027","2015-07-23","2015-08-06","2017-01-15","NEON.BET.D10.003935","HARAMP","Animalia","Arthropoda","Insecta","Coleoptera","Carabidae","Harpalinae","Harpalini","Harpalus","Harpalus","amputatus","amputatus","Harpalus amputatus amputatus","Say","subspecies",,"M",,"Noonan, G. R. 1991. Classification, Cladistics, and Natural History of Native North American Harpalus Latreille (Insecta: Coleoptera: Carabidae: Harpalini), excluding subgenera Glanodes and Pseudophonus.","Kipling Will","Essig Museum of Entomology",,"No known compromise","N",,
"d5471717-14eb-4e8c-a915-cb7c6ecfd1ba","STER_027.basePlot.bet","D10","STER","STER_027","2015-07-23","2015-08-06","2017-01-15","NEON.BET.D10.003937","HARELL","Animalia","Arthropoda","Insecta","Coleoptera","Carabidae","Harpalinae","Harpalini","Harpalus","Harpalus","ellipsis",,"Harpalus ellipsis","LeConte","species",,"M",,"Noonan, G. R. 1991. Classification, Cladistics, and Natural History of Native North American Harpalus Latreille (Insecta: Coleoptera: Carabidae: Harpalini), excluding subgenera Glanodes and Pseudophonus.","Kipling Will","Essig Museum of Entomology",,"No known compromise","N",,
"9f6d83a8-cbac-46f6-b519-976de9830f87","STER_029.basePlot.bet","D10","STER","STER_029","2015-07-23","2015-08-06","2017-01-15","NEON.BET.D10.003918","POELUC","Animalia","Arthropoda","Insecta","Coleoptera","Carabidae","Harpalinae","Pterostichini","Poecilus","Poecilus","lucublandus",,"Poecilus lucublandus","Say","species",,"M",,"Lindroth, C. H. 1969. The ground-beetles (Carabidae, excl. Cicindelinae) of Canada and Alaska, parts 1-6. Opuscula E. Entomoligiska Sallskapet.","Kipling Will","Essig Museum of Entomology",,"No known compromise","N",,
"213e1521-1e4e-4fa3-a9b8-9a24b3ab386f","STER_029.basePlot.bet","D10","STER","STER_029","2015-07-23","2015-08-06","2017-01-15","NEON.BET.D10.003916","HARCAL","Animalia","Arthropoda","Insecta","Coleoptera","Carabidae","Harpalinae","Harpalini","Harpalus","Megapangus","caliginosus",,"Harpalus caliginosus","Fabricius","species",,"M",,"Will, K. W. 1997. Review of the species of the subgenus Megapangus Casey (Coeloptera: Carabidae, Harpalini, Harpalus Latreille). The Coleopterists Bulletin 51:43-51.","Kipling Will","Essig Museum of Entomology",,"No known compromise","N",,
"def5ca7c-928c-4d41-8fa0-d092e1dafd77","STER_029.basePlot.bet","D10","STER","STER_029","2015-07-23","2015-08-06","2017-01-15","NEON.BET.D10.003917","HARPEN","Animalia","Arthropoda","Insecta","Coleoptera","Carabidae","Harpalinae","Harpalini","Harpalus","Pseudoophonus","pensylvanicus",,"Harpalus pensylvanicus","DeGeer","species",,"M",,"Ball, G. E., and J. N. Anderson. 1962. The taxonomy and speciation of Pseudophonus (a subgenus of Harpalus: Haralini: Carabidae, known to occur in North America). The Catholic University of America Press, Washington 17, D. C.","Kipling Will","Essig Museum of Entomology",,"No known compromise","N",,
"25d96a89-850f-4725-8c39-599527d6721f","STER_028.basePlot.bet","D10","STER","STER_028","2015-07-23","2015-08-06","2017-01-15","NEON.BET.D10.003977","HARPEN","Animalia","Arthropoda","Insecta","Coleoptera","Carabidae","Harpalinae","Harpalini","Harpalus","Pseudoophonus","pensylvanicus",,"Harpalus pensylvanicus","DeGeer","species",,"F",,"Ball, G. E., and J. N. Anderson. 1962. The taxonomy and speciation of Pseudophonus (a subgenus of Harpalus: Haralini: Carabidae, known to occur in North America). The Catholic University of America Press, Washington 17, D. C.","Kipling Will","Essig Museum of Entomology",,"No known compromise","N",,
"41eb014c-5c57-4b30-aa15-6a4c4cea71b6","STER_028.basePlot.bet","D10","STER","STER_028","2015-07-23","2015-08-06","2017-01-15","NEON.BET.D10.003975","AMACON3","Animalia","Arthropoda","Insecta","Coleoptera","Carabidae","Harpalinae","Zabrini","Amara","Amara","convexa",,"Amara convexa","LeConte","species",,"M",,"Lindroth, C. H. 1969. The ground-beetles (Carabidae, excl. Cicindelinae) of Canada and Alaska, parts 1-6. Opuscula E. Entomoligiska Sallskapet.","Kipling Will","Essig Museum of Entomology",,"No known compromise","N",,
"0ba17eb5-63ee-419e-bde1-e7322153f402","STER_028.basePlot.bet","D10","STER","STER_028","2015-07-23","2015-08-06","2017-01-15","NEON.BET.D10.003970","POESCI","Animalia","Arthropoda","Insecta","Coleoptera","Carabidae","Harpalinae","Pterostichini","Poecilus","Poecilus","scitulus",,"Poecilus scitulus","LeConte","species",,"F",,"Lindroth, C. H. 1969. The ground-beetles (Carabidae, excl. Cicindelinae) of Canada and Alaska, parts 1-6. Opuscula E. Entomoligiska Sallskapet.","Kipling Will","Essig Museum of Entomology",,"No known compromise","N",,
"6c1113bd-2ea7-4323-bf91-f864d310a957","STER_028.basePlot.bet","D10","STER","STER_028","2015-07-23","2015-08-06","2017-01-15","NEON.BET.D10.003981","HARREV","Animalia","Arthropoda","Insecta","Coleoptera","Carabidae","Harpalinae","Harpalini","Harpalus","Opadius","reversus",,"Harpalus reversus","Casey","species",,"M",,"Noonan, G. R. 1991. Classification, Cladistics, and Natural History of Native North American Harpalus Latreille (Insecta: Coleoptera: Carabidae: Harpalini), excluding subgenera Glanodes and Pseudophonus.","Kipling Will","Essig Museum of Entomology",,"No known compromise","N",,
"5c87d86d-dbc9-4ce8-9050-7f0c82778e22","STER_028.basePlot.bet","D10","STER","STER_028","2015-07-23","2015-08-06","2017-01-15","NEON.BET.D10.003974","ANIRUS","Animalia","Arthropoda","Insecta","Coleoptera","Carabidae","Harpalinae","Harpalini","Anisodactylus","Gynandrotarsus","rusticus",,"Anisodactylus rusticus","Say","species",,"M",,"Lindroth, C. H. 1969. The ground-beetles (Carabidae, excl. Cicindelinae) of Canada and Alaska, parts 1-6. Opuscula E. Entomoligiska Sallskapet.","Kipling Will","Essig Museum of Entomology",,"No known compromise","N",,
"1b280ba3-eb06-4614-af01-1eed05a2421c","STER_026.basePlot.bet","D10","STER","STER_026","2015-07-23","2015-08-06","2017-01-15","NEON.BET.D10.003967","AMACON3","Animalia","Arthropoda","Insecta","Coleoptera","Carabidae","Harpalinae","Zabrini","Amara","Amara","convexa",,"Amara convexa","LeConte","species",,"M",,"Lindroth, C. H. 1969. The ground-beetles (Carabidae, excl. Cicindelinae) of Canada and Alaska, parts 1-6. Opuscula E. Entomoligiska Sallskapet.","Kipling Will","Essig Museum of Entomology",,"No known compromise","N",,
"6f53c3c7-afa0-4b3e-aa0f-408fd8288348","STER_026.basePlot.bet","D10","STER","STER_026","2015-07-23","2015-08-06","2017-01-15","NEON.BET.D10.003964","CALOPA","Animalia","Arthropoda","Insecta","Coleoptera","Carabidae","Harpalinae","Sphodrini","Calathus","Neocalathus","opaculus",,"Calathus opaculus","LeConte","species",,"F",,"Lindroth, C. H. 1969. The ground-beetles (Carabidae, excl. Cicindelinae) of Canada and Alaska, parts 1-6. Opuscula E. Entomoligiska Sallskapet.","Kipling Will","Essig Museum of Entomology",,"No known compromise","N",,
"625615ed-b695-4a83-b97d-93968859b74f","STER_026.basePlot.bet","D10","STER","STER_026","2015-07-23","2015-08-06","2017-01-15","NEON.BET.D10.003969","AMAFAR","Animalia","Arthropoda","Insecta","Coleoptera","Carabidae","Harpalinae","Zabrini","Amara","Amarocelia","farcta",,"Amara farcta","LeConte","species",,"F",,"Lindroth, C. H. 1969. The ground-beetles (Carabidae, excl. Cicindelinae) of Canada and Alaska, parts 1-6. Opuscula E. Entomoligiska Sallskapet.","Kipling Will","Essig Museum of Entomology",,"No known compromise","N",,
"43e4dbbd-1ebc-4622-9e3a-e4a71b2e11f7","STER_031.basePlot.bet","D10","STER","STER_031","2015-07-23","2015-08-06","2017-01-15","NEON.BET.D10.003931","HARPEN","Animalia","Arthropoda","Insecta","Coleoptera","Carabidae","Harpalinae","Harpalini","Harpalus","Pseudoophonus","pensylvanicus",,"Harpalus pensylvanicus","DeGeer","species",,"M",,"Ball, G. E., and J. N. Anderson. 1962. The taxonomy and speciation of Pseudophonus (a subgenus of Harpalus: Haralini: Carabidae, known to occur in North America). The Catholic University of America Press, Washington 17, D. C.","Kipling Will","Essig Museum of Entomology",,"No known compromise","N",,
"a0321817-a6c3-452a-ad4b-b352c9ad61b1","STER_033.basePlot.bet","D10","STER","STER_033","2015-07-23","2015-08-06","2017-01-15","NEON.BET.D10.003989","HARCAL","Animalia","Arthropoda","Insecta","Coleoptera","Carabidae","Harpalinae","Harpalini","Harpalus","Megapangus","caliginosus",,"Harpalus caliginosus","Fabricius","species",,"F",,"Will, K. W. 1997. Review of the species of the subgenus Megapangus Casey (Coeloptera: Carabidae, Harpalini, Harpalus Latreille). The Coleopterists Bulletin 51:43-51.","Kipling Will","Essig Museum of Entomology",,"No known compromise","N",,
"128b54c5-c7d1-4cec-93d0-a1c28e2bd855","STER_031.basePlot.bet","D10","STER","STER_031","2015-07-23","2015-08-06","2017-01-15","NEON.BET.D10.004867","HARCAL","Animalia","Arthropoda","Insecta","Coleoptera","Carabidae","Harpalinae","Harpalini","Harpalus","Megapangus","caliginosus",,"Harpalus caliginosus","Fabricius","species",,"F",,"Will, K. W. 1997. Review of the species of the subgenus Megapangus Casey (Coeloptera: Carabidae, Harpalini, Harpalus Latreille). The Coleopterists Bulletin 51:43-51.","Kipling Will","Essig Museum of Entomology",,"No known compromise","N",,
"edc98904-fd37-48aa-b50f-dce98aa167da","STER_031.basePlot.bet","D10","STER","STER_031","2015-07-23","2015-08-06","2017-01-15","NEON.BET.D10.004862","HARCAL","Animalia","Arthropoda","Insecta","Coleoptera","Carabidae","Harpalinae","Harpalini","Harpalus","Megapangus","caliginosus",,"Harpalus caliginosus","Fabricius","species",,"M",,"Will, K. W. 1997. Review of the species of the subgenus Megapangus Casey (Coeloptera: Carabidae, Harpalini, Harpalus Latreille). The Coleopterists Bulletin 51:43-51.","Kipling Will","Essig Museum of Entomology",,"No known compromise","N",,
"8a45dcfc-f889-4a3f-96a0-1875785b8f2f","STER_033.basePlot.bet","D10","STER","STER_033","2015-07-23","2015-08-06","2017-01-15","NEON.BET.D10.004817","HARCAL","Animalia","Arthropoda","Insecta","Coleoptera","Carabidae","Harpalinae","Harpalini","Harpalus","Megapangus","caliginosus",,"Harpalus caliginosus","Fabricius","species",,"M",,"Will, K. W. 1997. Review of the species of the subgenus Megapangus Casey (Coeloptera: Carabidae, Harpalini, Harpalus Latreille). The Coleopterists Bulletin 51:43-51.","Kipling Will","Essig Museum of Entomology",,"No known compromise","N",,
"b281dcf1-e073-42e5-aaa8-b7514d33169d","STER_028.basePlot.bet","D10","STER","STER_028","2015-07-23","2015-08-06","2017-01-15","NEON.BET.D10.004637","CHLTOM","Animalia","Arthropoda","Insecta","Coleoptera","Carabidae","Harpalinae","Chlaeniini","Chlaenius","Eurydactylus","tomentosus",,"Chlaenius tomentosus","Say","species",,"F",,"Bell, R. T. 1960. A Revision of the Genus Chlaenius Bonelli (Coleoptera, Carabidae) in North America. Miscellaneous Publications of the Entomological Society of America 1:98-166.","Kipling Will","Essig Museum of Entomology",,"No known compromise","N",,
"4b88645f-cfff-4498-9c0e-a22996b88896","STER_029.basePlot.bet","D10","STER","STER_029","2015-07-23","2015-08-06","2017-01-15","NEON.BET.D10.004863","HARCAL","Animalia","Arthropoda","Insecta","Coleoptera","Carabidae","Harpalinae","Harpalini","Harpalus","Megapangus","caliginosus",,"Harpalus caliginosus","Fabricius","species",,"F",,"Will, K. W. 1997. Review of the species of the subgenus Megapangus Casey (Coeloptera: Carabidae, Harpalini, Harpalus Latreille). The Coleopterists Bulletin 51:43-51.","Kipling Will","Essig Museum of Entomology",,"No known compromise","N",,
"d2336895-5181-4db8-b30c-8c0fabc805bb","STER_032.basePlot.bet","D10","STER","STER_032","2015-07-23","2015-08-06","2017-01-15","NEON.BET.D10.004588","ANICAR2","Animalia","Arthropoda","Insecta","Coleoptera","Carabidae","Harpalinae","Harpalini","Anisodactylus","Anisodactylus","carbonarius",,"Anisodactylus carbonarius","Say","species",,"M",,"Lindroth, C. H. 1969. The ground-beetles (Carabidae, excl. Cicindelinae) of Canada and Alaska, parts 1-6. Opuscula E. Entomoligiska Sallskapet.","Kipling Will","Essig Museum of Entomology",,"No known compromise","N",,
"ad63e673-dae7-4119-9626-02490a947950","STER_034.basePlot.bet","D10","STER","STER_034","2015-07-23","2015-08-06","2017-01-15","NEON.BET.D10.005228","AMACON3","Animalia","Arthropoda","Insecta","Coleoptera","Carabidae","Harpalinae","Zabrini","Amara","Amara","convexa",,"Amara convexa","LeConte","species",,"M",,"Lindroth, C. H. 1969. The ground-beetles (Carabidae, excl. Cicindelinae) of Canada and Alaska, parts 1-6. Opuscula E. Entomoligiska Sallskapet.","Kipling Will","Essig Museum of Entomology",,"No known compromise","N",,
"cb4cdb8a-0dc0-4852-a1f6-10f118360f1c","STER_034.basePlot.bet","D10","STER","STER_034","2015-07-23","2015-08-06","2017-01-15","NEON.BET.D10.005229","AMACON3","Animalia","Arthropoda","Insecta","Coleoptera","Carabidae","Harpalinae","Zabrini","Amara","Amara","convexa",,"Amara convexa","LeConte","species",,"F",,"Lindroth, C. H. 1969. The ground-beetles (Carabidae, excl. Cicindelinae) of Canada and Alaska, parts 1-6. Opuscula E. Entomoligiska Sallskapet.","Kipling Will","Essig Museum of Entomology",,"No known compromise","N",,
"d7671487-bcb6-4a12-8c56-ee2114b73b03","STER_034.basePlot.bet","D10","STER","STER_034","2015-07-23","2015-08-06","2017-01-15","NEON.BET.D10.005230","AMACON3","Animalia","Arthropoda","Insecta","Coleoptera","Carabidae","Harpalinae","Zabrini","Amara","Amara","convexa",,"Amara convexa","LeConte","species",,"F",,"Lindroth, C. H. 1969. The ground-beetles (Carabidae, excl. Cicindelinae) of Canada and Alaska, parts 1-6. Opuscula E. Entomoligiska Sallskapet.","Kipling Will","Essig Museum of Entomology",,"No known compromise","N",,
"3808bcc2-fa50-4359-8a65-ae8629d5f98b","STER_028.basePlot.bet","D10","STER","STER_028","2015-07-23","2015-08-06","2017-01-15","NEON.BET.D10.005227","AMACON3","Animalia","Arthropoda","Insecta","Coleoptera","Carabidae","Harpalinae","Zabrini","Amara","Amara","convexa",,"Amara convexa","LeConte","species",,"F",,"Lindroth, C. H. 1969. The ground-beetles (Carabidae, excl. Cicindelinae) of Canada and Alaska, parts 1-6. Opuscula E. Entomoligiska Sallskapet.","Kipling Will","Essig Museum of Entomology",,"No known compromise","N",,
"8e9e1ad6-b777-4290-ad84-1e6a1fc18865","STER_032.basePlot.bet","D10","STER","STER_032","2015-07-23","2015-08-06","2017-01-15","NEON.BET.D10.003941","POELUC","Animalia","Arthropoda","Insecta","Coleoptera","Carabidae","Harpalinae","Pterostichini","Poecilus","Poecilus","lucublandus",,"Poecilus lucublandus","Say","species",,"M",,"Lindroth, C. H. 1969. The ground-beetles (Carabidae, excl. Cicindelinae) of Canada and Alaska, parts 1-6. Opuscula E. Entomoligiska Sallskapet.","Kipling Will","Essig Museum of Entomology",,"No known compromise","N",,
"a4bf3be7-fa1e-4184-9c53-a2ba2a8b498f","STER_032.basePlot.bet","D10","STER","STER_032","2015-07-23","2015-08-06","2017-01-15","NEON.BET.D10.003938","ELAANC","Animalia","Arthropoda","Insecta","Coleoptera","Carabidae","Trechinae","Bembidiini","Elaphropus","Barytachys","anceps",,"Elaphropus anceps","LeConte","species",,"F",,"Lindroth, C. H. 1969. The ground-beetles (Carabidae, excl. Cicindelinae) of Canada and Alaska, parts 1-6. Opuscula E. Entomoligiska Sallskapet.","Kipling Will","Essig Museum of Entomology",,"No known compromise","N",,
"f611795d-4c38-4178-8f2f-8dd2268e206d","STER_032.basePlot.bet","D10","STER","STER_032","2015-07-23","2015-08-06","2017-01-15","NEON.BET.D10.003985","POELUC","Animalia","Arthropoda","Insecta","Coleoptera","Carabidae","Harpalinae","Pterostichini","Poecilus","Poecilus","lucublandus",,"Poecilus lucublandus","Say","species",,"F",,"Lindroth, C. H. 1969. The ground-beetles (Carabidae, excl. Cicindelinae) of Canada and Alaska, parts 1-6. Opuscula E. Entomoligiska Sallskapet.","Kipling Will","Essig Museum of Entomology",,"No known compromise","N",,
"70a1d786-8701-46b0-91cc-a0749981d852","STER_029.basePlot.bet","D10","STER","STER_029","2015-08-06","2015-08-20","2017-01-15","NEON.BET.D10.003992","PASELO","Animalia","Arthropoda","Insecta","Coleoptera","Carabidae","Scaritinae","Pasimachini","Pasimachus","Pasimachus","elongatus",,"Pasimachus elongatus","LeConte","species",,"M",,"Banninger, M. 1950. The subtribe Pasimachina (Coleoptera, Carabidae, Scaritini). Revista de Entomologica 21:481-511.","Kipling Will","Essig Museum of Entomology",,"No known compromise","N",,
"2f01e8fe-4a72-4b81-83f2-6dc8b711503c","STER_032.basePlot.bet","D10","STER","STER_032","2015-08-06","2015-08-20","2017-01-15","NEON.BET.D10.005234","AMACON3","Animalia","Arthropoda","Insecta","Coleoptera","Carabidae","Harpalinae","Zabrini","Amara","Amara","convexa",,"Amara convexa","LeConte","species",,"M",,"Lindroth, C. H. 1969. The ground-beetles (Carabidae, excl. Cicindelinae) of Canada and Alaska, parts 1-6. Opuscula E. Entomoligiska Sallskapet.","Kipling Will","Essig Museum of Entomology",,"No known compromise","N",,
"fd66921e-b831-4b09-a793-2cac233b44bf","STER_006.basePlot.bet","D10","STER","STER_006","2015-08-06","2015-08-20","2017-01-15","NEON.BET.D10.004001","HARCAL","Animalia","Arthropoda","Insecta","Coleoptera","Carabidae","Harpalinae","Harpalini","Harpalus","Megapangus","caliginosus",,"Harpalus caliginosus","Fabricius","species",,"M",,"Will, K. W. 1997. Review of the species of the subgenus Megapangus Casey (Coeloptera: Carabidae, Harpalini, Harpalus Latreille). The Coleopterists Bulletin 51:43-51.","Kipling Will","Essig Museum of Entomology",,"No known compromise","N",,
"0ffc36a6-c2a6-4213-afae-15cb9385955d","STER_026.basePlot.bet","D10","STER","STER_026","2015-08-06","2015-08-20","2017-01-15","NEON.BET.D10.003948","HARREV","Animalia","Arthropoda","Insecta","Coleoptera","Carabidae","Harpalinae","Harpalini","Harpalus","Opadius","reversus",,"Harpalus reversus","Casey","species",,"F",,"Noonan, G. R. 1991. Classification, Cladistics, and Natural History of Native North American Harpalus Latreille (Insecta: Coleoptera: Carabidae: Harpalini), excluding subgenera Glanodes and Pseudophonus.","Kipling Will","Essig Museum of Entomology",,"No known compromise","N",,
"0bcc7c0b-7e59-4840-a3a0-80d58abf6dc0","STER_031.basePlot.bet","D10","STER","STER_031","2015-08-06","2015-08-20","2017-01-15","NEON.BET.D10.003945","HARCAL","Animalia","Arthropoda","Insecta","Coleoptera","Carabidae","Harpalinae","Harpalini","Harpalus","Megapangus","caliginosus",,"Harpalus caliginosus","Fabricius","species",,"M",,"Will, K. W. 1997. Review of the species of the subgenus Megapangus Casey (Coeloptera: Carabidae, Harpalini, Harpalus Latreille). The Coleopterists Bulletin 51:43-51.","Kipling Will","Essig Museum of Entomology",,"No known compromise","N",,
"539545ff-b374-425e-aa06-4d32c9231a19","STER_031.basePlot.bet","D10","STER","STER_031","2015-08-06","2015-08-20","2017-01-15","NEON.BET.D10.003943","HARCAL","Animalia","Arthropoda","Insecta","Coleoptera","Carabidae","Harpalinae","Harpalini","Harpalus","Megapangus","caliginosus",,"Harpalus caliginosus","Fabricius","species",,"F",,"Will, K. W. 1997. Review of the species of the subgenus Megapangus Casey (Coeloptera: Carabidae, Harpalini, Harpalus Latreille). The Coleopterists Bulletin 51:43-51.","Kipling Will","Essig Museum of Entomology",,"No known compromise","N",,
"4c8527d4-4f38-4827-96a4-26957733ca8e","STER_033.basePlot.bet","D10","STER","STER_033","2015-08-06","2015-08-20","2017-01-15","NEON.BET.D10.004010","HARCAL","Animalia","Arthropoda","Insecta","Coleoptera","Carabidae","Harpalinae","Harpalini","Harpalus","Megapangus","caliginosus",,"Harpalus caliginosus","Fabricius","species",,"F",,"Will, K. W. 1997. Review of the species of the subgenus Megapangus Casey (Coeloptera: Carabidae, Harpalini, Harpalus Latreille). The Coleopterists Bulletin 51:43-51.","Kipling Will","Essig Museum of Entomology",,"No known compromise","N",,
"5361c3bf-024e-4458-b9e4-4542d6e8473d","STER_033.basePlot.bet","D10","STER","STER_033","2015-08-06","2015-08-20","2017-01-15","NEON.BET.D10.004011","AGOPLA","Animalia","Arthropoda","Insecta","Coleoptera","Carabidae","Harpalinae","Platynini","Agonum","Agonum","placidum",,"Agonum placidum","Say","species",,"F",,"Liebherr, J. K. 1994. Identification of new world Agonum , review of the mexican fauna , and description of Incagonum , new genus , from South America (Coleoptera: Carabidae: Platynini). Journal of The New York Entomological Society 102:1-55.","Kipling Will","Essig Museum of Entomology",,"No known compromise","N",,
"0436c32e-9a46-425e-8111-3a9dddb5295e","STER_035.basePlot.bet","D10","STER","STER_035","2015-08-06","2015-08-20","2017-01-15","NEON.BET.D10.004045","HARREV","Animalia","Arthropoda","Insecta","Coleoptera","Carabidae","Harpalinae","Harpalini","Harpalus","Opadius","reversus",,"Harpalus reversus","Casey","species",,"M",,"Noonan, G. R. 1991. Classification, Cladistics, and Natural History of Native North American Harpalus Latreille (Insecta: Coleoptera: Carabidae: Harpalini), excluding subgenera Glanodes and Pseudophonus.","Kipling Will","Essig Museum of Entomology",,"No known compromise","N",,
"83a197b9-b546-460d-9833-2c8377db0eb1","STER_033.basePlot.bet","D10","STER","STER_033","2015-08-06","2015-08-20","2017-01-15","NEON.BET.D10.004015","HARPAR","Animalia","Arthropoda","Insecta","Coleoptera","Carabidae","Harpalinae","Harpalini","Harpalus","Pseudoophonus","paratus",,"Harpalus paratus","Casey","species",,"F",,"Ball, G. E., and J. N. Anderson. 1962. The taxonomy and speciation of Pseudophonus (a subgenus of Harpalus: Haralini: Carabidae, known to occur in North America). The Catholic University of America Press, Washington 17, D. C.","Kipling Will","Essig Museum of Entomology",,"No known compromise","N",,
"17369288-916f-485b-8267-1ed3031a6fbe","STER_033.basePlot.bet","D10","STER","STER_033","2015-08-06","2015-08-20","2017-01-15","NEON.BET.D10.004013","HARREV","Animalia","Arthropoda","Insecta","Coleoptera","Carabidae","Harpalinae","Harpalini","Harpalus","Opadius","reversus",,"Harpalus reversus","Casey","species",,"F",,"Noonan, G. R. 1991. Classification, Cladistics, and Natural History of Native North American Harpalus Latreille (Insecta: Coleoptera: Carabidae: Harpalini), excluding subgenera Glanodes and Pseudophonus.","Kipling Will","Essig Museum of Entomology",,"No known compromise","N",,
"26b60628-04df-4c68-be34-6eb53236778c","STER_033.basePlot.bet","D10","STER","STER_033","2015-08-06","2015-08-20","2017-01-15","NEON.BET.D10.004012","HARCAL","Animalia","Arthropoda","Insecta","Coleoptera","Carabidae","Harpalinae","Harpalini","Harpalus","Megapangus","caliginosus",,"Harpalus caliginosus","Fabricius","species",,"F",,"Will, K. W. 1997. Review of the species of the subgenus Megapangus Casey (Coeloptera: Carabidae, Harpalini, Harpalus Latreille). The Coleopterists Bulletin 51:43-51.","Kipling Will","Essig Museum of Entomology",,"No known compromise","N",,
"12f72032-6b47-4124-a669-bd8bc5f7781c","STER_035.basePlot.bet","D10","STER","STER_035","2015-08-06","2015-08-20","2017-01-15","NEON.BET.D10.004044","HARPAR","Animalia","Arthropoda","Insecta","Coleoptera","Carabidae","Harpalinae","Harpalini","Harpalus","Pseudoophonus","paratus",,"Harpalus paratus","Casey","species",,"M",,"Ball, G. E., and J. N. Anderson. 1962. The taxonomy and speciation of Pseudophonus (a subgenus of Harpalus: Haralini: Carabidae, known to occur in North America). The Catholic University of America Press, Washington 17, D. C.","Kipling Will","Essig Museum of Entomology",,"No known compromise","N",,
"9bbe9d18-626c-4359-86ed-5c8d15c80219","STER_028.basePlot.bet","D10","STER","STER_028","2015-08-06","2015-08-20","2017-01-15","NEON.BET.D10.004041","HARDES","Animalia","Arthropoda","Insecta","Coleoptera","Carabidae","Harpalinae","Harpalini","Harpalus","Opadius","desertus",,"Harpalus desertus","LeConte","species",,"M",,"Noonan, G. R. 1991. Classification, Cladistics, and Natural History of Native North American Harpalus Latreille (Insecta: Coleoptera: Carabidae: Harpalini), excluding subgenera Glanodes and Pseudophonus.","Kipling Will","Essig Museum of Entomology",,"No known compromise","N",,
"3b38e8ef-8a68-49c3-8fbd-62565de08d5a","STER_029.basePlot.bet","D10","STER","STER_029","2015-08-06","2015-08-20","2017-01-15","NEON.BET.D10.004008","POELUC","Animalia","Arthropoda","Insecta","Coleoptera","Carabidae","Harpalinae","Pterostichini","Poecilus","Poecilus","lucublandus",,"Poecilus lucublandus","Say","species",,"M",,"Lindroth, C. H. 1969. The ground-beetles (Carabidae, excl. Cicindelinae) of Canada and Alaska, parts 1-6. Opuscula E. Entomoligiska Sallskapet.","Kipling Will","Essig Museum of Entomology",,"No known compromise","N",,
"653fc19f-8794-4652-a909-927001efdc32","STER_026.basePlot.bet","D10","STER","STER_026","2015-08-06","2015-08-20","2017-01-15","NEON.BET.D10.004038","AMACAR","Animalia","Arthropoda","Insecta","Coleoptera","Carabidae","Harpalinae","Zabrini","Amara","Curtonotus","carinata",,"Amara carinata","LeConte","species",,"M",,"Lindroth, C. H. 1969. The ground-beetles (Carabidae, excl. Cicindelinae) of Canada and Alaska, parts 1-6. Opuscula E. Entomoligiska Sallskapet.","Kipling Will","Essig Museum of Entomology",,"No known compromise","N",,
"6b1ccefe-9f98-4735-8a58-a3bf2d48d691","STER_028.basePlot.bet","D10","STER","STER_028","2015-08-06","2015-08-20","2017-01-15","NEON.BET.D10.004042","AMAFAR","Animalia","Arthropoda","Insecta","Coleoptera","Carabidae","Harpalinae","Zabrini","Amara","Amarocelia","farcta",,"Amara farcta","LeConte","species",,"M",,"Lindroth, C. H. 1969. The ground-beetles (Carabidae, excl. Cicindelinae) of Canada and Alaska, parts 1-6. Opuscula E. Entomoligiska Sallskapet.","Kipling Will","Essig Museum of Entomology",,"No known compromise","N",,
"f9086d63-b4e4-4e15-a15f-b92cc376b8ed","STER_006.basePlot.bet","D10","STER","STER_006","2015-08-06","2015-08-20","2017-01-15","NEON.BET.D10.004028","HARPEN","Animalia","Arthropoda","Insecta","Coleoptera","Carabidae","Harpalinae","Harpalini","Harpalus","Pseudoophonus","pensylvanicus",,"Harpalus pensylvanicus","DeGeer","species",,"F",,"Ball, G. E., and J. N. Anderson. 1962. The taxonomy and speciation of Pseudophonus (a subgenus of Harpalus: Haralini: Carabidae, known to occur in North America). The Catholic University of America Press, Washington 17, D. C.","Kipling Will","Essig Museum of Entomology",,"No known compromise","N",,
"1beba2b8-7f98-4d79-9c38-442a321a9f49","STER_006.basePlot.bet","D10","STER","STER_006","2015-08-06","2015-08-20","2017-01-15","NEON.BET.D10.004002","HARCAL","Animalia","Arthropoda","Insecta","Coleoptera","Carabidae","Harpalinae","Harpalini","Harpalus","Megapangus","caliginosus",,"Harpalus caliginosus","Fabricius","species",,"M",,"Will, K. W. 1997. Review of the species of the subgenus Megapangus Casey (Coeloptera: Carabidae, Harpalini, Harpalus Latreille). The Coleopterists Bulletin 51:43-51.","Kipling Will","Essig Museum of Entomology",,"No known compromise","N",,
"c6363802-d1de-427e-b3a1-f162f1eaf8c3","STER_006.basePlot.bet","D10","STER","STER_006","2015-08-06","2015-08-20","2017-01-15","NEON.BET.D10.004034","POELUC","Animalia","Arthropoda","Insecta","Coleoptera","Carabidae","Harpalinae","Pterostichini","Poecilus","Poecilus","lucublandus",,"Poecilus lucublandus","Say","species",,"M",,"Lindroth, C. H. 1969. The ground-beetles (Carabidae, excl. Cicindelinae) of Canada and Alaska, parts 1-6. Opuscula E. Entomoligiska Sallskapet.","Kipling Will","Essig Museum of Entomology",,"No known compromise","N",,
"4eb7659f-0434-42a0-9878-d2590ef3e402","STER_006.basePlot.bet","D10","STER","STER_006","2015-08-06","2015-08-20","2017-01-15","NEON.BET.D10.004004","CALOPA","Animalia","Arthropoda","Insecta","Coleoptera","Carabidae","Harpalinae","Sphodrini","Calathus","Neocalathus","opaculus",,"Calathus opaculus","LeConte","species",,"F",,"Lindroth, C. H. 1969. The ground-beetles (Carabidae, excl. Cicindelinae) of Canada and Alaska, parts 1-6. Opuscula E. Entomoligiska Sallskapet.","Kipling Will","Essig Museum of Entomology",,"No known compromise","N",,
"52642c4f-06d6-43c4-80f4-06b12ac1006c","STER_006.basePlot.bet","D10","STER","STER_006","2015-08-06","2015-08-20","2017-01-15","NEON.BET.D10.004006","HARPEN","Animalia","Arthropoda","Insecta","Coleoptera","Carabidae","Harpalinae","Harpalini","Harpalus","Pseudoophonus","pensylvanicus",,"Harpalus pensylvanicus","DeGeer","species",,"M",,"Ball, G. E., and J. N. Anderson. 1962. The taxonomy and speciation of Pseudophonus (a subgenus of Harpalus: Haralini: Carabidae, known to occur in North America). The Catholic University of America Press, Washington 17, D. C.","Kipling Will","Essig Museum of Entomology",,"No known compromise","N",,
"fadf990d-529f-4ff8-ad04-454699878322","STER_006.basePlot.bet","D10","STER","STER_006","2015-08-06","2015-08-20","2017-01-15","NEON.BET.D10.004030","CHLNEB","Animalia","Arthropoda","Insecta","Coleoptera","Carabidae","Harpalinae","Chlaeniini","Chlaenius","Chlaeniellus","nebraskensis",,"Chlaenius nebraskensis","LeConte","species",,"M",,"Bell, R. T. 1960. A Revision of the Genus Chlaenius Bonelli (Coleoptera, Carabidae) in North America. Miscellaneous Publications of the Entomological Society of America 1:98-166.","Kipling Will","Essig Museum of Entomology",,"No known compromise","N",,
"4abd2f02-913b-4162-b5b1-6f66236e7385","STER_006.basePlot.bet","D10","STER","STER_006","2015-08-06","2015-08-20","2017-01-15","NEON.BET.D10.004027","HARPEN","Animalia","Arthropoda","Insecta","Coleoptera","Carabidae","Harpalinae","Harpalini","Harpalus","Pseudoophonus","pensylvanicus",,"Harpalus pensylvanicus","DeGeer","species",,"F",,"Ball, G. E., and J. N. Anderson. 1962. The taxonomy and speciation of Pseudophonus (a subgenus of Harpalus: Haralini: Carabidae, known to occur in North America). The Catholic University of America Press, Washington 17, D. C.","Kipling Will","Essig Museum of Entomology",,"No known compromise","N",,
"72b1d8b9-1b9f-49a7-86a8-2bff74457fdb","STER_006.basePlot.bet","D10","STER","STER_006","2015-08-06","2015-08-20","2017-01-15","NEON.BET.D10.004003","CALOPA","Animalia","Arthropoda","Insecta","Coleoptera","Carabidae","Harpalinae","Sphodrini","Calathus","Neocalathus","opaculus",,"Calathus opaculus","LeConte","species",,"F",,"Lindroth, C. H. 1969. The ground-beetles (Carabidae, excl. Cicindelinae) of Canada and Alaska, parts 1-6. Opuscula E. Entomoligiska Sallskapet.","Kipling Will","Essig Museum of Entomology",,"No known compromise","N",,
"00d29967-48c6-46ee-9074-2cdd344cc0fe","STER_006.basePlot.bet","D10","STER","STER_006","2015-08-06","2015-08-20","2017-01-15","NEON.BET.D10.004033","CALOPA","Animalia","Arthropoda","Insecta","Coleoptera","Carabidae","Harpalinae","Sphodrini","Calathus","Neocalathus","opaculus",,"Calathus opaculus","LeConte","species",,"F",,"Lindroth, C. H. 1969. The ground-beetles (Carabidae, excl. Cicindelinae) of Canada and Alaska, parts 1-6. Opuscula E. Entomoligiska Sallskapet.","Kipling Will","Essig Museum of Entomology",,"No known compromise","N",,
"254b5beb-d7b0-48ed-aba4-27d5f9896dfb","STER_006.basePlot.bet","D10","STER","STER_006","2015-08-06","2015-08-20","2017-01-15","NEON.BET.D10.004005","HARPAR","Animalia","Arthropoda","Insecta","Coleoptera","Carabidae","Harpalinae","Harpalini","Harpalus","Pseudoophonus","paratus",,"Harpalus paratus","Casey","species",,"M",,"Ball, G. E., and J. N. Anderson. 1962. The taxonomy and speciation of Pseudophonus (a subgenus of Harpalus: Haralini: Carabidae, known to occur in North America). The Catholic University of America Press, Washington 17, D. C.","Kipling Will","Essig Museum of Entomology",,"No known compromise","N",,
"241dc7c5-b202-408f-8568-2d420690ec4d","STER_006.basePlot.bet","D10","STER","STER_006","2015-08-06","2015-08-20","2017-01-15","NEON.BET.D10.004029","HARREV","Animalia","Arthropoda","Insecta","Coleoptera","Carabidae","Harpalinae","Harpalini","Harpalus","Opadius","reversus",,"Harpalus reversus","Casey","species",,"M",,"Noonan, G. R. 1991. Classification, Cladistics, and Natural History of Native North American Harpalus Latreille (Insecta: Coleoptera: Carabidae: Harpalini), excluding subgenera Glanodes and Pseudophonus.","Kipling Will","Essig Museum of Entomology",,"No known compromise","N",,
"78b77ea8-fb34-4679-b98b-b04fe51dc7e6","STER_034.basePlot.bet","D10","STER","STER_034","2015-08-06","2015-08-20","2017-01-15","NEON.BET.D10.004017","ANIMER2","Animalia","Arthropoda","Insecta","Coleoptera","Carabidae","Harpalinae","Harpalini","Anisodactylus","Gynandrotarsus","merula",,"Anisodactylus merula","Germar","species",,"F",,"Lindroth, C. H. 1969. The ground-beetles (Carabidae, excl. Cicindelinae) of Canada and Alaska, parts 1-6. Opuscula E. Entomoligiska Sallskapet.","Kipling Will","Essig Museum of Entomology",,"No known compromise","N",,
"d8a5c344-0be6-4ca8-8aa2-4cf727fcb3fa","STER_034.basePlot.bet","D10","STER","STER_034","2015-08-06","2015-08-20","2017-01-15","NEON.BET.D10.004019","AMACON3","Animalia","Arthropoda","Insecta","Coleoptera","Carabidae","Harpalinae","Zabrini","Amara","Amara","convexa",,"Amara convexa","LeConte","species",,"F",,"Lindroth, C. H. 1969. The ground-beetles (Carabidae, excl. Cicindelinae) of Canada and Alaska, parts 1-6. Opuscula E. Entomoligiska Sallskapet.","Kipling Will","Essig Museum of Entomology",,"No known compromise","N",,
"59fc9737-f687-4e56-8328-2e72cc593945","STER_034.basePlot.bet","D10","STER","STER_034","2015-08-06","2015-08-20","2017-01-15","NEON.BET.D10.004018","HARREV","Animalia","Arthropoda","Insecta","Coleoptera","Carabidae","Harpalinae","Harpalini","Harpalus","Opadius","reversus",,"Harpalus reversus","Casey","species",,"M",,"Noonan, G. R. 1991. Classification, Cladistics, and Natural History of Native North American Harpalus Latreille (Insecta: Coleoptera: Carabidae: Harpalini), excluding subgenera Glanodes and Pseudophonus.","Kipling Will","Essig Museum of Entomology",,"No known compromise","N",,
"c24a1512-1c89-4fbd-8ced-a1e9ba0bf2d7","STER_032.basePlot.bet","D10","STER","STER_032","2015-08-06","2015-08-20","2017-01-15","NEON.BET.D10.004048","ANICAR2","Animalia","Arthropoda","Insecta","Coleoptera","Carabidae","Harpalinae","Harpalini","Anisodactylus","Anisodactylus","carbonarius",,"Anisodactylus carbonarius","Say","species",,"F",,"Lindroth, C. H. 1969. The ground-beetles (Carabidae, excl. Cicindelinae) of Canada and Alaska, parts 1-6. Opuscula E. Entomoligiska Sallskapet.","Kipling Will","Essig Museum of Entomology",,"No known compromise","N",,
"f4f592ac-2ceb-4ffc-a67c-8101a5884007","STER_032.basePlot.bet","D10","STER","STER_032","2015-08-06","2015-08-20","2017-01-15","NEON.BET.D10.004051","HARSOM","Animalia","Arthropoda","Insecta","Coleoptera","Carabidae","Harpalinae","Harpalini","Harpalus","Harpalus","somnulentus",,"Harpalus somnulentus","Dejean","species",,"M",,"Noonan, G. R. 1991. Classification, Cladistics, and Natural History of Native North American Harpalus Latreille (Insecta: Coleoptera: Carabidae: Harpalini), excluding subgenera Glanodes and Pseudophonus.","Kipling Will","Essig Museum of Entomology",,"No known compromise","N",,
"2d503d1c-00e5-4f72-a9c7-5740d62fa8fb","STER_034.basePlot.bet","D10","STER","STER_034","2015-08-06","2015-08-20","2017-01-15","NEON.BET.D10.004016","HARREV","Animalia","Arthropoda","Insecta","Coleoptera","Carabidae","Harpalinae","Harpalini","Harpalus","Opadius","reversus",,"Harpalus reversus","Casey","species",,"F",,"Noonan, G. R. 1991. Classification, Cladistics, and Natural History of Native North American Harpalus Latreille (Insecta: Coleoptera: Carabidae: Harpalini), excluding subgenera Glanodes and Pseudophonus.","Kipling Will","Essig Museum of Entomology",,"No known compromise","N",,
"0f7fb149-71ef-439b-9683-2da5d27d47ac","STER_032.basePlot.bet","D10","STER","STER_032","2015-08-06","2015-08-20","2017-01-15","NEON.BET.D10.004046","HARPEN","Animalia","Arthropoda","Insecta","Coleoptera","Carabidae","Harpalinae","Harpalini","Harpalus","Pseudoophonus","pensylvanicus",,"Harpalus pensylvanicus","DeGeer","species",,"F",,"Ball, G. E., and J. N. Anderson. 1962. The taxonomy and speciation of Pseudophonus (a subgenus of Harpalus: Haralini: Carabidae, known to occur in North America). The Catholic University of America Press, Washington 17, D. C.","Kipling Will","Essig Museum of Entomology",,"No known compromise","N",,
"5709c94c-ce7a-4e3d-afb6-536dde3dda91","STER_032.basePlot.bet","D10","STER","STER_032","2015-08-06","2015-08-20","2017-01-15","NEON.BET.D10.004386","AGOPLA","Animalia","Arthropoda","Insecta","Coleoptera","Carabidae","Harpalinae","Platynini","Agonum","Agonum","placidum",,"Agonum placidum","Say","species",,"F",,"Liebherr, J. K. 1994. Identification of new world Agonum , review of the mexican fauna , and description of Incagonum , new genus , from South America (Coleoptera: Carabidae: Platynini). Journal of The New York Entomological Society 102:1-55.","Kipling Will","Essig Museum of Entomology",,"No known compromise","N",,
"6e05a749-42e0-4424-a6aa-9521690b01ba","STER_034.basePlot.bet","D10","STER","STER_034","2015-08-06","2015-08-20","2017-01-15","NEON.BET.D10.004502","HARREV","Animalia","Arthropoda","Insecta","Coleoptera","Carabidae","Harpalinae","Harpalini","Harpalus","Opadius","reversus",,"Harpalus reversus","Casey","species",,"F",,"Noonan, G. R. 1991. Classification, Cladistics, and Natural History of Native North American Harpalus Latreille (Insecta: Coleoptera: Carabidae: Harpalini), excluding subgenera Glanodes and Pseudophonus.","Kipling Will","Essig Museum of Entomology",,"No known compromise","N",,
"a0641f0a-0fc7-4214-888b-fe644ebdb263","STER_034.basePlot.bet","D10","STER","STER_034","2015-08-06","2015-08-20","2017-01-15","NEON.BET.D10.004501","HARREV","Animalia","Arthropoda","Insecta","Coleoptera","Carabidae","Harpalinae","Harpalini","Harpalus","Opadius","reversus",,"Harpalus reversus","Casey","species",,"F",,"Noonan, G. R. 1991. Classification, Cladistics, and Natural History of Native North American Harpalus Latreille (Insecta: Coleoptera: Carabidae: Harpalini), excluding subgenera Glanodes and Pseudophonus.","Kipling Will","Essig Museum of Entomology",,"No known compromise","N",,
"6378a2d5-4492-4f75-ad7f-1558183cf3bb","STER_034.basePlot.bet","D10","STER","STER_034","2015-08-06","2015-08-20","2017-01-15","NEON.BET.D10.004504","HARREV","Animalia","Arthropoda","Insecta","Coleoptera","Carabidae","Harpalinae","Harpalini","Harpalus","Opadius","reversus",,"Harpalus reversus","Casey","species",,"M",,"Noonan, G. R. 1991. Classification, Cladistics, and Natural History of Native North American Harpalus Latreille (Insecta: Coleoptera: Carabidae: Harpalini), excluding subgenera Glanodes and Pseudophonus.","Kipling Will","Essig Museum of Entomology",,"No known compromise","N",,
"f47482ab-e62d-4f06-b3c2-6fce4c3be360","STER_034.basePlot.bet","D10","STER","STER_034","2015-08-06","2015-08-20","2017-01-15","NEON.BET.D10.004500","HARREV","Animalia","Arthropoda","Insecta","Coleoptera","Carabidae","Harpalinae","Harpalini","Harpalus","Opadius","reversus",,"Harpalus reversus","Casey","species",,"M",,"Noonan, G. R. 1991. Classification, Cladistics, and Natural History of Native North American Harpalus Latreille (Insecta: Coleoptera: Carabidae: Harpalini), excluding subgenera Glanodes and Pseudophonus.","Kipling Will","Essig Museum of Entomology",,"No known compromise","N",,
"0bf21d78-03cd-47fe-84c4-ce88eae0f28c","STER_034.basePlot.bet","D10","STER","STER_034","2015-08-06","2015-08-20","2017-01-15","NEON.BET.D10.004503","HARREV","Animalia","Arthropoda","Insecta","Coleoptera","Carabidae","Harpalinae","Harpalini","Harpalus","Opadius","reversus",,"Harpalus reversus","Casey","species",,"M",,"Noonan, G. R. 1991. Classification, Cladistics, and Natural History of Native North American Harpalus Latreille (Insecta: Coleoptera: Carabidae: Harpalini), excluding subgenera Glanodes and Pseudophonus.","Kipling Will","Essig Museum of Entomology",,"No known compromise","N",,
"5ec4dbac-5a9e-4778-9c69-3ddac458f9f9","STER_006.basePlot.bet","D10","STER","STER_006","2015-08-06","2015-08-20","2017-01-15","NEON.BET.D10.004481","AGOPLA","Animalia","Arthropoda","Insecta","Coleoptera","Carabidae","Harpalinae","Platynini","Agonum","Agonum","placidum",,"Agonum placidum","Say","species",,"F",,"Liebherr, J. K. 1994. Identification of new world Agonum , review of the mexican fauna , and description of Incagonum , new genus , from South America (Coleoptera: Carabidae: Platynini). Journal of The New York Entomological Society 102:1-55.","Kipling Will","Essig Museum of Entomology",,"No known compromise","N",,
"cdcd86b2-ed0b-45f1-8dc5-94eddce3c4a3","STER_026.basePlot.bet","D10","STER","STER_026","2015-08-06","2015-08-20","2017-01-15","NEON.BET.D10.004454","AMAQUE","Animalia","Arthropoda","Insecta","Coleoptera","Carabidae","Harpalinae","Zabrini","Amara","Paracelia","quenseli","quenseli","Amara quenseli quenseli","Schonherr","subspecies",,"M",,"Lindroth, C. H. 1969. The ground-beetles (Carabidae, excl. Cicindelinae) of Canada and Alaska, parts 1-6. Opuscula E. Entomoligiska Sallskapet.","Kipling Will","Essig Museum of Entomology",,"No known compromise","N",,
"a7b7a8d0-759f-4f47-9c5a-c47283d57f37","STER_026.basePlot.bet","D10","STER","STER_026","2015-08-06","2015-08-20","2017-01-15","NEON.BET.D10.004544","HARSOM","Animalia","Arthropoda","Insecta","Coleoptera","Carabidae","Harpalinae","Harpalini","Harpalus","Harpalus","somnulentus",,"Harpalus somnulentus","Dejean","species",,"M",,"Noonan, G. R. 1991. Classification, Cladistics, and Natural History of Native North American Harpalus Latreille (Insecta: Coleoptera: Carabidae: Harpalini), excluding subgenera Glanodes and Pseudophonus.","Kipling Will","Essig Museum of Entomology",,"No known compromise","N",,
"9667ef23-df69-4ce2-bd78-08372b95e652","STER_033.basePlot.bet","D10","STER","STER_033","2015-08-06","2015-08-20","2017-01-15","NEON.BET.D10.004564","CICPUN1","Animalia","Arthropoda","Insecta","Coleoptera","Carabidae","Cicindelinae","Cicindelini","Cicindela","Cicindelidia","punctulata","punctulata","Cicindela punctulata punctulata","Olivier","subspecies",,"M",,"Pearson, D., C. B. Knisley, and C. J. Kazilek. 2006. A Field Guide to the Tiger Beetles of the United States and Canada: Identification, Natural History, and Distribution of the Cicindelidae. Oxford University Press, New York.","Kipling Will","Essig Museum of Entomology",,"No known compromise","N",,
"74052adb-05c8-4fe2-a468-a64228db987f","STER_032.basePlot.bet","D10","STER","STER_032","2015-08-06","2015-08-20","2017-01-15","NEON.BET.D10.004542","HARSOM","Animalia","Arthropoda","Insecta","Coleoptera","Carabidae","Harpalinae","Harpalini","Harpalus","Harpalus","somnulentus",,"Harpalus somnulentus","Dejean","species",,"M",,"Noonan, G. R. 1991. Classification, Cladistics, and Natural History of Native North American Harpalus Latreille (Insecta: Coleoptera: Carabidae: Harpalini), excluding subgenera Glanodes and Pseudophonus.","Kipling Will","Essig Museum of Entomology",,"No known compromise","N",,
"809def61-c5d6-496b-af9f-52f3bbeac14e","STER_034.basePlot.bet","D10","STER","STER_034","2015-08-06","2015-08-20","2017-01-15","NEON.BET.D10.004561","ANIRUS","Animalia","Arthropoda","Insecta","Coleoptera","Carabidae","Harpalinae","Harpalini","Anisodactylus","Gynandrotarsus","rusticus",,"Anisodactylus rusticus","Say","species",,"M",,"Lindroth, C. H. 1969. The ground-beetles (Carabidae, excl. Cicindelinae) of Canada and Alaska, parts 1-6. Opuscula E. Entomoligiska Sallskapet.","Kipling Will","Essig Museum of Entomology",,"No known compromise","N",,
"9a5501ab-d209-46b7-a6d8-503726931daa","STER_033.basePlot.bet","D10","STER","STER_033","2015-08-06","2015-08-20","2017-01-15","NEON.BET.D10.004869","HARCAL","Animalia","Arthropoda","Insecta","Coleoptera","Carabidae","Harpalinae","Harpalini","Harpalus","Megapangus","caliginosus",,"Harpalus caliginosus","Fabricius","species",,"M",,"Will, K. W. 1997. Review of the species of the subgenus Megapangus Casey (Coeloptera: Carabidae, Harpalini, Harpalus Latreille). The Coleopterists Bulletin 51:43-51.","Kipling Will","Essig Museum of Entomology",,"No known compromise","N",,
"a78f54dd-5504-4358-9455-39926cca6a82","STER_031.basePlot.bet","D10","STER","STER_031","2015-08-06","2015-08-20","2017-01-15","NEON.BET.D10.004873","HARCAL","Animalia","Arthropoda","Insecta","Coleoptera","Carabidae","Harpalinae","Harpalini","Harpalus","Megapangus","caliginosus",,"Harpalus caliginosus","Fabricius","species",,"M",,"Will, K. W. 1997. Review of the species of the subgenus Megapangus Casey (Coeloptera: Carabidae, Harpalini, Harpalus Latreille). The Coleopterists Bulletin 51:43-51.","Kipling Will","Essig Museum of Entomology",,"No known compromise","N",,
"c0e6f86f-905b-4439-b694-ec1f81c729f6","STER_035.basePlot.bet","D10","STER","STER_035","2015-08-06","2015-08-20","2017-01-15","NEON.BET.D10.004606","CHLTOM","Animalia","Arthropoda","Insecta","Coleoptera","Carabidae","Harpalinae","Chlaeniini","Chlaenius","Eurydactylus","tomentosus",,"Chlaenius tomentosus","Say","species",,"M",,"Bell, R. T. 1960. A Revision of the Genus Chlaenius Bonelli (Coleoptera, Carabidae) in North America. Miscellaneous Publications of the Entomological Society of America 1:98-166.","Kipling Will","Essig Museum of Entomology",,"No known compromise","N",,
"17a08106-e909-4131-a625-39f6a3c65f05","STER_027.basePlot.bet","D10","STER","STER_027","2015-08-06","2015-08-20","2017-01-15","NEON.BET.D10.004871","HARCAL","Animalia","Arthropoda","Insecta","Coleoptera","Carabidae","Harpalinae","Harpalini","Harpalus","Megapangus","caliginosus",,"Harpalus caliginosus","Fabricius","species",,"F",,"Will, K. W. 1997. Review of the species of the subgenus Megapangus Casey (Coeloptera: Carabidae, Harpalini, Harpalus Latreille). The Coleopterists Bulletin 51:43-51.","Kipling Will","Essig Museum of Entomology",,"No known compromise","N",,
"a22aa777-1e11-4c2b-9e69-197860e0f99c","STER_027.basePlot.bet","D10","STER","STER_027","2015-08-06","2015-08-20","2017-01-15","NEON.BET.D10.004726","HARDES","Animalia","Arthropoda","Insecta","Coleoptera","Carabidae","Harpalinae","Harpalini","Harpalus","Opadius","desertus",,"Harpalus desertus","LeConte","species",,"M",,"Noonan, G. R. 1991. Classification, Cladistics, and Natural History of Native North American Harpalus Latreille (Insecta: Coleoptera: Carabidae: Harpalini), excluding subgenera Glanodes and Pseudophonus.","Kipling Will","Essig Museum of Entomology",,"No known compromise","N",,
"d1d4caa0-e15b-4e02-8813-b0e11d6af9ca","STER_027.basePlot.bet","D10","STER","STER_027","2015-08-06","2015-08-20","2017-01-15","NEON.BET.D10.004870","HARCAL","Animalia","Arthropoda","Insecta","Coleoptera","Carabidae","Harpalinae","Harpalini","Harpalus","Megapangus","caliginosus",,"Harpalus caliginosus","Fabricius","species",,"M",,"Will, K. W. 1997. Review of the species of the subgenus Megapangus Casey (Coeloptera: Carabidae, Harpalini, Harpalus Latreille). The Coleopterists Bulletin 51:43-51.","Kipling Will","Essig Museum of Entomology",,"No known compromise","N",,
"5b118579-6493-4663-8dec-29de2c31fc98","STER_032.basePlot.bet","D10","STER","STER_032","2015-08-06","2015-08-20","2017-01-15","NEON.BET.D10.004611","CHLTOM","Animalia","Arthropoda","Insecta","Coleoptera","Carabidae","Harpalinae","Chlaeniini","Chlaenius","Eurydactylus","tomentosus",,"Chlaenius tomentosus","Say","species",,"F",,"Bell, R. T. 1960. A Revision of the Genus Chlaenius Bonelli (Coleoptera, Carabidae) in North America. Miscellaneous Publications of the Entomological Society of America 1:98-166.","Kipling Will","Essig Museum of Entomology",,"No known compromise","N",,
"aa135892-c6a8-4bee-b65f-895018957453","STER_028.basePlot.bet","D10","STER","STER_028","2015-08-06","2015-08-20","2017-01-15","NEON.BET.D10.005233","AMACON3","Animalia","Arthropoda","Insecta","Coleoptera","Carabidae","Harpalinae","Zabrini","Amara","Amara","convexa",,"Amara convexa","LeConte","species",,"M",,"Lindroth, C. H. 1969. The ground-beetles (Carabidae, excl. Cicindelinae) of Canada and Alaska, parts 1-6. Opuscula E. Entomoligiska Sallskapet.","Kipling Will","Essig Museum of Entomology",,"No known compromise","N",,
"561a63c4-bbc1-45b8-b37c-f0e10e11f57e","STER_028.basePlot.bet","D10","STER","STER_028","2015-08-06","2015-08-20","2017-01-15","NEON.BET.D10.005232","AMACON3","Animalia","Arthropoda","Insecta","Coleoptera","Carabidae","Harpalinae","Zabrini","Amara","Amara","convexa",,"Amara convexa","LeConte","species",,"F",,"Lindroth, C. H. 1969. The ground-beetles (Carabidae, excl. Cicindelinae) of Canada and Alaska, parts 1-6. Opuscula E. Entomoligiska Sallskapet.","Kipling Will","Essig Museum of Entomology",,"No known compromise","N",,
"f8dce3ee-fb11-4f19-a5cf-c32a17798b89","STER_028.basePlot.bet","D10","STER","STER_028","2015-08-06","2015-08-20","2017-01-15","NEON.BET.D10.004946","HARCAL","Animalia","Arthropoda","Insecta","Coleoptera","Carabidae","Harpalinae","Harpalini","Harpalus","Megapangus","caliginosus",,"Harpalus caliginosus","Fabricius","species",,"M",,"Will, K. W. 1997. Review of the species of the subgenus Megapangus Casey (Coeloptera: Carabidae, Harpalini, Harpalus Latreille). The Coleopterists Bulletin 51:43-51.","Kipling Will","Essig Museum of Entomology",,"No known compromise","N",,
"3f9fef27-9035-4e33-8b03-b42b425fb537","STER_027.basePlot.bet","D10","STER","STER_027","2015-08-06","2015-08-20","2017-01-15","NEON.BET.D10.005231","AMACON3","Animalia","Arthropoda","Insecta","Coleoptera","Carabidae","Harpalinae","Zabrini","Amara","Amara","convexa",,"Amara convexa","LeConte","species",,"M",,"Lindroth, C. H. 1969. The ground-beetles (Carabidae, excl. Cicindelinae) of Canada and Alaska, parts 1-6. Opuscula E. Entomoligiska Sallskapet.","Kipling Will","Essig Museum of Entomology",,"No known compromise","N",,
"451ab276-cdf4-4c7f-8e1f-5d9e15144ba6","STER_034.basePlot.bet","D10","STER","STER_034","2015-08-06","2015-08-20","2017-01-15","NEON.BET.D10.005235","AMACON3","Animalia","Arthropoda","Insecta","Coleoptera","Carabidae","Harpalinae","Zabrini","Amara","Amara","convexa",,"Amara convexa","LeConte","species",,"F",,"Lindroth, C. H. 1969. The ground-beetles (Carabidae, excl. Cicindelinae) of Canada and Alaska, parts 1-6. Opuscula E. Entomoligiska Sallskapet.","Kipling Will","Essig Museum of Entomology",,"No known compromise","N",,
"92f6992f-d630-41ba-88c2-60f60ad1fb8d","STER_034.basePlot.bet","D10","STER","STER_034","2015-08-06","2015-08-20","2017-01-15","NEON.BET.D10.005237","AMACON3","Animalia","Arthropoda","Insecta","Coleoptera","Carabidae","Harpalinae","Zabrini","Amara","Amara","convexa",,"Amara convexa","LeConte","species",,"F",,"Lindroth, C. H. 1969. The ground-beetles (Carabidae, excl. Cicindelinae) of Canada and Alaska, parts 1-6. Opuscula E. Entomoligiska Sallskapet.","Kipling Will","Essig Museum of Entomology",,"No known compromise","N",,
"23ab3ddb-926d-4736-9456-087a8d1e84fc","STER_029.basePlot.bet","D10","STER","STER_029","2015-08-06","2015-08-20","2017-01-15","NEON.BET.D10.003994","HARPEN","Animalia","Arthropoda","Insecta","Coleoptera","Carabidae","Harpalinae","Harpalini","Harpalus","Pseudoophonus","pensylvanicus",,"Harpalus pensylvanicus","DeGeer","species",,"M",,"Ball, G. E., and J. N. Anderson. 1962. The taxonomy and speciation of Pseudophonus (a subgenus of Harpalus: Haralini: Carabidae, known to occur in North America). The Catholic University of America Press, Washington 17, D. C.","Kipling Will","Essig Museum of Entomology",,"No known compromise","N",,
