uid,namedLocation,domainID,siteID,plotID,setDate,collectDate,processingDate,subsampleIDList,archiveVialID,scientificName,recordedBy,remarks
"60e46b4f-1b90-4eaf-904f-ccd2ffdef1d3","NIWO_003.basePlot.bet","D13","NIWO","NIWO_003","2016-06-28","2016-07-13","2016-08-11","ZRQ9gNwmgykayvq8wfD3bHBtC8u/njOCaWffh8l8AZHg/a5DnFGhejyDYYOshJoAKKiQuI9mdf//P485Q/7aC6c5AsBoJm2VnKl5W4Ea4976Yto8p5MwZYXYsQprTGRfzAJgIpLEiAo=","ZRQ9gNwmgymH1h7ID10w62bvJWf6JvWj",,,
"a335ada6-fa8c-4437-935e-cb4e49a678ef","NIWO_008.basePlot.bet","D13","NIWO","NIWO_008","2016-06-28","2016-07-13","2016-08-12","5+aRVO2c2a6ISpGxgQDiHnW0kIPZhr5L7fAGc2rl7GOYi19zPF4Pu7/ALFtqU6ahldasS64cGBV4sk7sdfBDjx9wGN4ZmoZMi9AspSO+nl2qU4XjzJJ0+4BIvWVww2TTxiGbFdiajEE=","5+aRVO2c2a5mxEXZaswNBkFAQF6YRK8y",,,
"30cbddde-5bc8-44b0-b38e-123402255dee","NIWO_009.basePlot.bet","D13","NIWO","NIWO_009","2016-06-28","2016-07-13","2016-08-12","ta53RQUlpj4UrBs4cfwBlqLuTDaHR/gE5Nita4OMiQhGchvjznaf2vUfHtItoVWtn5VoXKLrk9E=","ta53RQUlpj4zSYuxaVK4b43KGVtx5w6c",,,
"24f40ac6-f347-4771-b95c-338c9de17b32","NIWO_010.basePlot.bet","D13","NIWO","NIWO_010","2016-06-28","2016-07-13","2016-08-12","SpCPEqaS8lTSjeEIxBefthceR2I+drIUZQPaFet0nAk4PQbSmtqSNUDRaZg+XtSg003pu48wDnM=","SpCPEqaS8lQDWyfzeyJreu29v36m0TKt",,,
"f3c7d6b7-a355-4e04-ae04-916fb4355c1f","NIWO_007.basePlot.bet","D13","NIWO","NIWO_007","2016-06-28","2016-07-13","2016-08-12","S04lt30Ahx+isabGodlhVRNI4hqoYTfrENO5W2bGG1xE45pNRLxoGENhaTaSnSUHMwfYuSr4aRULLQGJKht4iAn+gvQMWZv/xhjUYvGfrpfCTYULsGRAg++i5HeaArFIBFOCpg4QA+I=","S04lt30Ahx9Ec9IJ6LJeB3BM7ILkt8s4",,,
"75447954-4666-4323-a913-50a144f7a092","NIWO_002.basePlot.bet","D13","NIWO","NIWO_002","2016-06-28","2016-07-13","2016-08-11","Yxxla30BRin7X9aBpHYgVx9teaK6mrg2nd3uje5Cm8+XnnuJdWaqdNu3+epcUMtvlqzLBQOVpSPvisZ5mkdZwYqkoojbt5lLrLcj/kVBAvA84upTRaqqru0qPrR4Z6L3QhHw/a9FZ1I=","Yxxla30BRikh1m3AfyEIH9AxggIlFOy8",,,
"dedb967f-398b-4fe6-8b9b-2b2e1f3b3675","NIWO_001.basePlot.bet","D13","NIWO","NIWO_001","2016-06-28","2016-07-13","2016-08-11","fp9n17d9YyFtFf4EVnyWCkAE/XUW05ee+oFvuU9c192Yfkd82m+JBK13fTIrHzZZkkUh+WozzX9daDaJooh8LZ37S7Nzn4ednr4SNSSdnlfAZ84geBSvOPqsjo/uyrSpyoS0v+qVeoE=","fp9n17d9YyFGfBJf39hjawLqzDpzuJyH",,,
"8b5f7dac-6489-4ee1-9c25-75a1e063e0bb","NIWO_005.basePlot.bet","D13","NIWO","NIWO_005","2016-06-28","2016-07-13","2016-08-12","06Y8b7qnWru8jgEc9ETYbqlHzmDfK7mYOmLQi6IZt50wFT1wTamk+1GMQvPC0WVSpejQ6UlXMt6K12dI6M/7YttIuwLQZluVf6JDtdOE3rM=","06Y8b7qnWrtbrT80LZ5V7vDd6yMpN2a/",,,
"6a1637d6-931b-45ab-a910-7b1c48919109","NIWO_004.basePlot.bet","D13","NIWO","NIWO_004","2016-06-28","2016-07-13","2016-08-11","aRw+8bWvW/wBT7e35QqLqXRAdM7LyGSZ0ktAWiy7HiNQO1xVx7uFWugtoPjHFfNfx0Bias3/dK+TiUfF4eT3I21f67kA6tz6IZENz2t2jYY=","aRw+8bWvW/wYMR+bpJTVH6h8ETEi7s2s",,,
"bfaca245-1a38-4e5e-b92f-0503af97e315","NIWO_006.basePlot.bet","D13","NIWO","NIWO_006","2016-06-28","2016-07-13","2016-08-12","/HCA//l5a7+9RINpDoqYiOJoOJ2v+2fbfaQiXqXYyt9Y6gxqLxAli4uQFMAsEvS/deVGreH1nTnwNSwXLdtzZf5Kr3Y/BxXlVby/BqxeFCUp9BwRtcVX+tF85MkKsERlehfrM860y4c=","/HCA//l5a79g+zAhzeNAwys/89f1xDdH",,,
"b9ec4c28-64c4-448f-a1e8-64f872426d65","NIWO_008.basePlot.bet","D13","NIWO","NIWO_008","2016-07-13","2016-07-26","2016-08-04","5+aRVO2c2a6ISpGxgQDiHpu1rG7bQvvBIJfBTzJR0iFWWI3BqlKCNj/elHX/Sij5CTZq4Rs7FtxEpzoDGZzp/1qWrKeCVLpgir9cHDQvYP3w4RYAbh73C6jpeMHPxynSKT1PIpO9p0Y=","5+aRVO2c2a4TnjUUGFXDITP1KQYW8idH",,,
"e5e9f3ca-82e2-4e9d-a3a4-aa4ac78afd78","NIWO_009.basePlot.bet","D13","NIWO","NIWO_009","2016-07-13","2016-07-26","2016-08-04","ta53RQUlpj7OQnO2FzQo8FUQR6V/mMbFhmKCIivRw7+OU2jh8ga1f/rssG1jeDExRXCiLAEtTT5hHYNG6awItlZ8bw4uu7M9l44gNDrJPwhtusczSTgpIzPH9P5EZOP2k2S4lOCKDio=","ta53RQUlpj6hs1SOnhQo2Vp687HGgCBN",,,
"0c7f6339-281d-46fb-89e0-e275ff761878","NIWO_010.basePlot.bet","D13","NIWO","NIWO_010","2016-07-13","2016-07-26","2016-08-04","SpCPEqaS8lTpQ14ILPCGSZ1xrDyCZ+HfELjvrWCxe/UnEpsS3Om5Z31dVuQ2ukWjAh7/UHcTQ6vCkDa9HKCQpJM9dLmXwQ8+yVkRWDOAe7/v4xiC2NZ4mrGE7+/W46z7Xj9gjsDnAVQ=","SpCPEqaS8lQmEpkx7Ln979pxJ6LTdRCT",,,
"2221888a-4441-4a8a-a820-b18ab167ff96","NIWO_006.basePlot.bet","D13","NIWO","NIWO_006","2016-07-13","2016-07-26","2016-08-04","/HCA//l5a7+9RINpDoqYiKyR0bj/U9X/hwHKxkK0II1JZH+cYwfqsShkBuH4YXuGWzY2Iqp/GFTBJGPi34kvI4DoUg8omsngoxDSDvU9QeZ2sZxjugcbn0zO616MnPLY3FzIEIHElBU=","/HCA//l5a7+JLgz4fOr0cQUikN6H4Fwm",,,
"a733b251-6f28-42c5-9734-8821ca0704bf","NIWO_007.basePlot.bet","D13","NIWO","NIWO_007","2016-07-13","2016-07-26","2016-08-04","S04lt30Ahx+isabGodlhVSK6x40D37vPcJFddyfQnVbQLp2atyMowuUkxZoyYxw1OL/P834rJqQujHGpajqJFe/QB6YePRe9uA6WBg6cmb6o1yN6ox7CtRkNpvyMcw+fW/8+tOlxyjg=","S04lt30Ahx95U4i2wUOGrMou4CWE+/LE",,,
"48fe5311-f3b0-44fe-a370-0a3e6e5cfc84","NIWO_001.basePlot.bet","D13","NIWO","NIWO_001","2016-07-13","2016-07-26","2016-08-04","fp9n17d9YyF7D6hCheIS4IaZwmMv1+lh5i6twP8q0KgCFosbnYXJ4qZzijGNqXTgM5mQT51KCUsvxOtKrXmoJuzs9mW4Lt5A4A4RdtfjT9N3F30sMjUiWK0rbLJDucd3dOpr/naTzMc=","fp9n17d9YyGJ0MVQR4zwN6qBHJkNY/3v",,,
"0f01362e-aa29-4b08-bab8-0481463d31a5","NIWO_005.basePlot.bet","D13","NIWO","NIWO_005","2016-07-13","2016-07-26","2016-08-04","06Y8b7qnWrtQ3ADA974S04x85UdMA6YNZr6DfNRDoWI7gYnA02ZXGLKINdjAw/g/DzcEqUykoPIyvNZMUDxw1VvSSGbUNJvmOVa0MJAupA7mJ0ShF3bE53iMPuGUAD/kxMTQM+ohc0g=","06Y8b7qnWrvjvT93Zo7jwsc2wI1Eflej",,,
"f56baaca-4403-43e8-9130-4f6bd585700d","NIWO_004.basePlot.bet","D13","NIWO","NIWO_004","2016-07-13","2016-07-26","2016-08-04","aRw+8bWvW/wjMYtZx3QGEAHjlSs7RVmrEELKdsR2N4VyDEAGww0DtMxWicO6gCpjjB7WqZDmz8+1pfJLxvWM2ccG0gSvywphIKZqJ5OKQLo=","aRw+8bWvW/xm8CA/1Vx5Y20WFjDNgKH4",,,
"88c7ecb4-8ffc-4557-bf8f-62f89785c84c","NIWO_003.basePlot.bet","D13","NIWO","NIWO_003","2016-07-13","2016-07-26","2016-08-04","ZRQ9gNwmgylF6+BU0dGGSEfDNzvuF4hWY3QG33v/fMpi/yZT6kKGyHVRG7GDAzTN4KGcJ6zj9hCNNH/l0fPzRov52ztftRZPh+z64G0aP5WV0O8lC3zqP57S3Q3XZdL57jZ/Rzd/CA8=","ZRQ9gNwmgylZbAOLclNnt3ykU86QB10b",,,
"b939bc4d-f914-4a9f-9a44-1e6f71e0a64a","NIWO_002.basePlot.bet","D13","NIWO","NIWO_002","2016-07-13","2016-07-26","2016-08-04","Yxxla30BRim/XgziAswZUl4K2yKs/Ae4KOYsXgPCuVkJOlV0X122TPaoOjWE6qS/G98t6tzGGNN9CB1q3IEf4wVfHdniFI5gUhDdRTyVx5tkrHo8MNn/KyrYPOH20sbfdkXj3o2On1k=","Yxxla30BRilr43oIjEXCGFnK7W/9k+Gs",,,
