uid,namedLocation,domainID,siteID,plotID,trapID,setDate,collectDate,processingDate,etOHChangeDate,identifiedDate,sampleID,subsampleID,sampleType,taxonID,scientificName,taxonRank,identificationQualifier,scientificNameAuthorship,morphospeciesID,individualCount,identificationReferences,identifiedBy,recordedBy,remarks
"c8fb8f44-4da4-49bc-965b-e0ec16294a8f","NIWO_002.basePlot.bet","D13","NIWO","NIWO_002","W","2016-06-14","2016-06-28","2016-06-29","2017-01-25","2017-01-25","NIWO_002.W.20160628","Yxxla30BRin0l4VyRf2A/yF8kxR0/Fg8B4WcxYjW1DU=","carabid","CALADV","Calathus advena","species",,"LeConte",,5,"Lindroth, C. H. 1969. The ground-beetles (Carabidae, excl. Cicindelinae) of Canada and Alaska, parts 1-6. Opuscula E. Entomoligiska Sallskapet.","jzmKcF+03gcUo1n16tfkmq5o6x6WOPUL","jzmKcF+03gcUo1n16tfkmq5o6x6WOPUL",
"1de7cd30-2668-40a9-8375-3c6b3142c5ff","NIWO_002.basePlot.bet","D13","NIWO","NIWO_002","W","2016-06-14","2016-06-28","2016-06-29","2017-01-25","2017-01-25","NIWO_002.W.20160628","Yxxla30BRin0l4VyRf2A/59xB8/tXuLMV/5IbwwBm+8=","carabid","OTHE","Carabidae sp.","family",,"Latreille","D13.2016.MorphBT",6,"Lindroth, C. H. 1969. The ground-beetles (Carabidae, excl. Cicindelinae) of Canada and Alaska, parts 1-6. Opuscula E. Entomoligiska Sallskapet.","jzmKcF+03gcUo1n16tfkmq5o6x6WOPUL","jzmKcF+03gcUo1n16tfkmq5o6x6WOPUL","keyed to PTEECA: a species not known to occur in the high rockie"
"5feeefc1-e5e7-46aa-978f-af63bee05d5e","NIWO_006.basePlot.bet","D13","NIWO","NIWO_006","E","2016-06-14","2016-06-28","2016-06-29","2017-01-25","2017-01-25","NIWO_006.E.20160628","/HCA//l5a7/OLYRN3psTa0MQhzY9a6pZw083aC5Ja4M=","carabid","AMAALP","Amara alpina","species",,"Paykull",,1,"Lindroth, C. H. 1969. The ground-beetles (Carabidae, excl. Cicindelinae) of Canada and Alaska, parts 1-6. Opuscula E. Entomoligiska Sallskapet.","FHSuRnDDEXch2F1N4+O9mztJ2ojXSkEF","FHSuRnDDEXch2F1N4+O9mztJ2ojXSkEF",
"1b1f370d-3a92-4c60-866d-1c34d03ec8e4","NIWO_008.basePlot.bet","D13","NIWO","NIWO_008","N","2016-06-14","2016-06-28","2016-06-29","2017-01-25","2017-01-25","NIWO_008.N.20160628","5+aRVO2c2a6dj1lolEwyuwmXgNW7Dv3Pg5FbFYS+POM=","carabid","AMAALP","Amara alpina","species",,"Paykull",,3,"Lindroth, C. H. 1969. The ground-beetles (Carabidae, excl. Cicindelinae) of Canada and Alaska, parts 1-6. Opuscula E. Entomoligiska Sallskapet.","jDQYtXNO6uW8M2HBB1IMCXTnwI4kDzv3foaWBqZPbNs=","jDQYtXNO6uW8M2HBB1IMCXTnwI4kDzv3foaWBqZPbNs=",
"f5d5e36b-0bf2-46ee-b229-ec119122e980","NIWO_008.basePlot.bet","D13","NIWO","NIWO_008","N","2016-06-14","2016-06-28","2016-06-29","2017-01-25","2017-01-25","NIWO_008.N.20160628","5+aRVO2c2a6dj1lolEwyu586ymEVid0UbH+43bc3TiE=","carabid","CARTAE","Carabus taedatus","species",,"Fabricius",,2,"Lindroth, C. H. 1969. The ground-beetles (Carabidae, excl. Cicindelinae) of Canada and Alaska, parts 1-6. Opuscula E. Entomoligiska Sallskapet.","jDQYtXNO6uW8M2HBB1IMCXTnwI4kDzv3foaWBqZPbNs=","jDQYtXNO6uW8M2HBB1IMCXTnwI4kDzv3foaWBqZPbNs=",
"b4fce85c-6911-4849-858d-ab2e5d4f1bf2","NIWO_008.basePlot.bet","D13","NIWO","NIWO_008","N","2016-06-14","2016-06-28","2016-06-29","2017-01-25","2017-01-25","NIWO_008.N.20160628","5+aRVO2c2a6dj1lolEwyu0Tpd36Gwz3vqQ4R8TYSumI=","carabid","HARSP7","Harpalus sp.","genus",,"Latreille","D13.2016.MorphII",1,"Noonan, G. R. 1991. Classification, Cladistics, and Natural History of Native North American Harpalus Latreille (Insecta: Coleoptera: Carabidae: Harpalini), excluding subgenera Glanodes and Pseudophonus.","jDQYtXNO6uW8M2HBB1IMCXTnwI4kDzv3foaWBqZPbNs=","jDQYtXNO6uW8M2HBB1IMCXTnwI4kDzv3foaWBqZPbNs=",
"53af64b1-9bb4-46a7-8cc0-1bbd44534a48","NIWO_002.basePlot.bet","D13","NIWO","NIWO_002","E","2016-06-14","2016-06-28","2016-06-29","2016-07-25",,"NIWO_002.E.20160628","Yxxla30BRin7X9aBpHYgV/EkS62PmxeRqPm/Qsog8Ls=","invert bycatch",,,,,,,,,,"b5Bt2/WAcobZn6HG5BJ0XugSCqR8u1Uj4+iyEzptoVg=",
"7b22dfa0-0ba2-4b33-a6c4-ff574f0636a4","NIWO_003.basePlot.bet","D13","NIWO","NIWO_003","W","2016-06-14","2016-06-28","2016-06-29","2016-07-25",,"NIWO_003.W.20160628","ZRQ9gNwmgylF6+BU0dGGSPKg6iHTiYYa7gFoFmShoqA=","invert bycatch",,,,,,,,,,"b5Bt2/WAcobZn6HG5BJ0XugSCqR8u1Uj4+iyEzptoVg=",
"285175d9-ca60-4e85-8979-414a81e9a53a","NIWO_008.basePlot.bet","D13","NIWO","NIWO_008","W","2016-06-14","2016-06-28","2016-06-29","2016-07-20",,"NIWO_008.W.20160628","5+aRVO2c2a6ISpGxgQDiHleX+c/tfNEJoQ3dg36osYY=","invert bycatch",,,,,,,,,,"EWrRKg8wzIMaNrWK6a7MhpXyyIIOA6PNDE6EHntJeoM=",
"50e56298-68cb-4612-995b-4154ad97b582","NIWO_006.basePlot.bet","D13","NIWO","NIWO_006","W","2016-06-14","2016-06-28","2016-06-29","2016-07-25",,"NIWO_006.W.20160628","/HCA//l5a7/2Gudezn09TsO78kmty2iM6T1Kluyiqng=","invert bycatch",,,,,,,,,,"b5Bt2/WAcobZn6HG5BJ0XugSCqR8u1Uj4+iyEzptoVg=",
"47230d50-9596-41b2-8928-14f68f9c944c","NIWO_002.basePlot.bet","D13","NIWO","NIWO_002","W","2016-06-14","2016-06-28","2016-06-29","2016-07-25",,"NIWO_002.W.20160628","Yxxla30BRin0l4VyRf2A/8TUJK+DUUFPMZNzwoxsNR8=","invert bycatch",,,,,,,,,,"b5Bt2/WAcobZn6HG5BJ0XugSCqR8u1Uj4+iyEzptoVg=",
"9d44a8aa-cfc7-4fa2-bcde-52cd37f0fd99","NIWO_003.basePlot.bet","D13","NIWO","NIWO_003","S","2016-06-14","2016-06-28","2016-06-29","2016-07-20",,"NIWO_003.S.20160628","ZRQ9gNwmgynI/5A2GjA3pSVi/2PNLoi5hnlHkIn60Zw=","invert bycatch",,,,,,,,,,"48hv/AdwGIWrgDvcddzRzIUnxx28rW9g",
"d594a6ed-43db-4007-a2f1-e20634b70a62","NIWO_008.basePlot.bet","D13","NIWO","NIWO_008","S","2016-06-14","2016-06-28","2016-06-29","2016-07-20",,"NIWO_008.S.20160628","5+aRVO2c2a7R+lkkvKl6ZN0Lz1ATtVqrJzrwCkyJEPY=","invert bycatch",,,,,,,,,,"EWrRKg8wzIMaNrWK6a7MhpXyyIIOA6PNDE6EHntJeoM=",
"755a5e22-cef2-4cb4-8ffb-548489e92e10","NIWO_003.basePlot.bet","D13","NIWO","NIWO_003","E","2016-06-14","2016-06-28","2016-06-29","2016-07-25",,"NIWO_003.E.20160628","ZRQ9gNwmgymuNamA+9UShfIv7mezePRa5a+ZHTDh02Q=","invert bycatch",,,,,,,,,,"b5Bt2/WAcobZn6HG5BJ0XugSCqR8u1Uj4+iyEzptoVg=",
"1fa3f46b-f85f-4e54-bcaf-dfa4a8c870f5","NIWO_006.basePlot.bet","D13","NIWO","NIWO_006","E","2016-06-14","2016-06-28","2016-06-29","2016-07-25",,"NIWO_006.E.20160628","/HCA//l5a7/OLYRN3psTazFvx1dN74h6sNHkL2URL4w=","invert bycatch",,,,,,,,,,"b5Bt2/WAcobZn6HG5BJ0XugSCqR8u1Uj4+iyEzptoVg=",
"599bd682-d36b-4598-ac5c-c17f0a3de4d4","NIWO_008.basePlot.bet","D13","NIWO","NIWO_008","E","2016-06-14","2016-06-28","2016-06-29","2016-07-20",,"NIWO_008.E.20160628","5+aRVO2c2a5NJ5YlMsdsPeY4hITsjHQefbUelyeEJII=","invert bycatch",,,,,,,,,,"EWrRKg8wzIMaNrWK6a7MhpXyyIIOA6PNDE6EHntJeoM=",
"152d3118-0798-450c-a82c-609e11048bf2","NIWO_002.basePlot.bet","D13","NIWO","NIWO_002","N","2016-06-14","2016-06-28","2016-06-29","2016-07-25",,"NIWO_002.N.20160628","Yxxla30BRikEmVp4o17i8BVKm9wLVVu0W3BrBz8kOPA=","invert bycatch",,,,,,,,,,"b5Bt2/WAcobZn6HG5BJ0XugSCqR8u1Uj4+iyEzptoVg=",
"08bb8fc5-afe8-49c2-bf18-2a5bcb40d9aa","NIWO_008.basePlot.bet","D13","NIWO","NIWO_008","N","2016-06-14","2016-06-28","2016-06-29","2016-07-20",,"NIWO_008.N.20160628","5+aRVO2c2a6dj1lolEwyu7gQLgtjp91LzUXudf3s6bY=","invert bycatch",,,,,,,,,,"EWrRKg8wzIMaNrWK6a7MhpXyyIIOA6PNDE6EHntJeoM=",
"c5d3c944-f31e-41d7-a552-58b1cbc14e20","NIWO_003.basePlot.bet","D13","NIWO","NIWO_003","N","2016-06-14","2016-06-28","2016-06-29","2016-07-25",,"NIWO_003.N.20160628","ZRQ9gNwmgykayvq8wfD3bITzGWf8MffT/slyfDDHIvw=","invert bycatch",,,,,,,,,,"b5Bt2/WAcobZn6HG5BJ0XugSCqR8u1Uj4+iyEzptoVg=",
"c7948d81-52be-4bdc-aeb7-dd668af13593","NIWO_006.basePlot.bet","D13","NIWO","NIWO_006","N","2016-06-14","2016-06-28","2016-06-29","2016-07-25",,"NIWO_006.N.20160628","/HCA//l5a79GhebMKxzZ+2aYajEa6hSV6GheLZnNtzE=","invert bycatch",,,,,,,,,,"b5Bt2/WAcobZn6HG5BJ0XugSCqR8u1Uj4+iyEzptoVg=",
"ddf51321-44f1-4651-926d-6a8a5d712dc6","NIWO_002.basePlot.bet","D13","NIWO","NIWO_002","S","2016-06-14","2016-06-28","2016-06-29","2016-07-25",,"NIWO_002.S.20160628","Yxxla30BRim/XgziAswZUk5Qwlr6Tlnu7Dk47J6z1EI=","invert bycatch",,,,,,,,,,"b5Bt2/WAcobZn6HG5BJ0XugSCqR8u1Uj4+iyEzptoVg=",
"44ed82fa-3e2d-43a1-b79f-fdd04bb6bc11","NIWO_006.basePlot.bet","D13","NIWO","NIWO_006","S","2016-06-14","2016-06-28","2016-06-29","2016-07-25",,"NIWO_006.S.20160628","/HCA//l5a7+9RINpDoqYiLA25YUuo1ZRFvo1/ndtfmM=","invert bycatch",,,,,,,,,,"b5Bt2/WAcobZn6HG5BJ0XugSCqR8u1Uj4+iyEzptoVg=",
