uid,namedLocation,domainID,siteID,plotID,trapID,setDate,collectDate,processingDate,etOHChangeDate,identifiedDate,sampleID,subsampleID,sampleType,taxonID,scientificName,taxonRank,identificationQualifier,scientificNameAuthorship,morphospeciesID,individualCount,identificationReferences,identifiedBy,recordedBy,remarks
"7136fd7f-ce24-4948-9e79-8f3c3b1f866b","UNDE_012.basePlot.bet","D05","UNDE","UNDE_012","S","2016-08-30","2016-09-13","2016-09-14","2016-11-16","2016-11-16","UNDE_012.S.20160913","+v0vuVmyR4AjiZyJEUD9pc11kjGZ9/QCWy6P6gLfjmM=","carabid","CARNEM","Carabus nemoralis nemoralis","subspecies",,"Mueller",,12,"Lindroth, C. H. 1969. The ground-beetles (Carabidae, excl. Cicindelinae) of Canada and Alaska, parts 1-6. Opuscula E. Entomoligiska Sallskapet.","Syw2LXB/pj+fmGCuwdgBGVryVUmYhw3g","Syw2LXB/pj+fmGCuwdgBGVryVUmYhw3g",
"d9fbc274-f417-423b-944e-954a1fe9b73b","UNDE_012.basePlot.bet","D05","UNDE","UNDE_012","W","2016-08-30","2016-09-13","2016-09-14","2016-11-16","2016-11-16","UNDE_012.W.20160913","+v0vuVmyR4A7IVdJUh0wVihnnXAjslcXOL7DL60YFeg=","carabid","CARNEM","Carabus nemoralis nemoralis","subspecies",,"Mueller",,2,"Lindroth, C. H. 1969. The ground-beetles (Carabidae, excl. Cicindelinae) of Canada and Alaska, parts 1-6. Opuscula E. Entomoligiska Sallskapet.","Syw2LXB/pj+fmGCuwdgBGVryVUmYhw3g","Syw2LXB/pj+fmGCuwdgBGVryVUmYhw3g",
"04a0f4b4-d2d9-4de7-a552-24f2f5c8c8cf","UNDE_012.basePlot.bet","D05","UNDE","UNDE_012","S","2016-08-30","2016-09-13","2016-09-14","2016-11-16","2016-11-16","UNDE_012.S.20160913","+v0vuVmyR4AjiZyJEUD9pS+wgAn3h4XKj08atdqr56M=","carabid","PTECOR1","Pterostichus coracinus","species","cf. species","Newman",,1,"Bousquet, Y. 2010b. Illustrated Identification Guide to Adults and Larvae of Northeastern North American Ground Beetles (Coleoptera: Carabidae). 1st Ed. Pensoft Publishers, Sofia, Bulgaria.","Syw2LXB/pj+fmGCuwdgBGVryVUmYhw3g","Syw2LXB/pj+fmGCuwdgBGVryVUmYhw3g",
"057df9ba-3615-4459-9029-d741a3228cff","UNDE_012.basePlot.bet","D05","UNDE","UNDE_012","W","2016-08-30","2016-09-13","2016-09-14","2016-11-16","2016-11-16","UNDE_012.W.20160913","+v0vuVmyR4A7IVdJUh0wVl00+OTbEV7/iR/lUSew7Rc=","carabid","PTEPEN","Pterostichus pensylvanicus","species","cf. species","LeConte",,1,"Bousquet, Y. 2010b. Illustrated Identification Guide to Adults and Larvae of Northeastern North American Ground Beetles (Coleoptera: Carabidae). 1st Ed. Pensoft Publishers, Sofia, Bulgaria.","Syw2LXB/pj+fmGCuwdgBGVryVUmYhw3g","Syw2LXB/pj+fmGCuwdgBGVryVUmYhw3g",
"44535529-7260-45f3-b0cf-b2d8cde19b52","UNDE_012.basePlot.bet","D05","UNDE","UNDE_012","S","2016-08-30","2016-09-13","2016-09-14","2016-11-16","2016-11-16","UNDE_012.S.20160913","+v0vuVmyR4AjiZyJEUD9pTF3eVXJ6K5MabzyOh47NZk=","carabid","PTEMEL","Pterostichus melanarius melanarius","subspecies",,"Illiger",,1,"Lindroth, C. H. 1969. The ground-beetles (Carabidae, excl. Cicindelinae) of Canada and Alaska, parts 1-6. Opuscula E. Entomoligiska Sallskapet.","Syw2LXB/pj+fmGCuwdgBGVryVUmYhw3g","Syw2LXB/pj+fmGCuwdgBGVryVUmYhw3g",
"3b54be92-a882-416d-a2cb-0cf6aa52e018","UNDE_017.basePlot.bet","D05","UNDE","UNDE_017","S","2016-08-30","2016-09-13","2016-09-14","2016-11-16","2016-11-16","UNDE_017.S.20160913","xHY1KmNCr20KxSmSRbWmYP00XREBHbnr2/UHWVT1xH8=","carabid","CARNEM","Carabus nemoralis nemoralis","subspecies",,"Mueller",,1,"Lindroth, C. H. 1969. The ground-beetles (Carabidae, excl. Cicindelinae) of Canada and Alaska, parts 1-6. Opuscula E. Entomoligiska Sallskapet.","Syw2LXB/pj+fmGCuwdgBGVryVUmYhw3g","Syw2LXB/pj+fmGCuwdgBGVryVUmYhw3g",
"4193f7ae-8c05-4286-84b7-2299e62aad7c","UNDE_017.basePlot.bet","D05","UNDE","UNDE_017","N","2016-08-30","2016-09-13","2016-09-14","2016-11-16","2016-11-16","UNDE_017.N.20160913","xHY1KmNCr23wnyPUn07rMAA0Dh2J/3+ebxTXuWyg3nQ=","carabid","SYNIMP","Synuchus impunctatus","species",,"Say",,1,"Lindroth, C. H. 1969. The ground-beetles (Carabidae, excl. Cicindelinae) of Canada and Alaska, parts 1-6. Opuscula E. Entomoligiska Sallskapet.","Syw2LXB/pj+fmGCuwdgBGVryVUmYhw3g","Syw2LXB/pj+fmGCuwdgBGVryVUmYhw3g","Head and pronotum broken off from abdomen"
"a3128f94-6797-446d-8df7-0546f6fd802d","UNDE_017.basePlot.bet","D05","UNDE","UNDE_017","W","2016-08-30","2016-09-13","2016-09-14","2016-11-16","2016-11-16","UNDE_017.W.20160913","xHY1KmNCr23xveNMnf3ceTEi6DsCW6Yq2eFvdX4bDhY=","carabid","CARNEM","Carabus nemoralis nemoralis","subspecies",,"Mueller",,1,"Lindroth, C. H. 1969. The ground-beetles (Carabidae, excl. Cicindelinae) of Canada and Alaska, parts 1-6. Opuscula E. Entomoligiska Sallskapet.","Syw2LXB/pj+fmGCuwdgBGVryVUmYhw3g","Syw2LXB/pj+fmGCuwdgBGVryVUmYhw3g",
"1c878d02-1dcf-4de4-80d8-e836fda06f1d","UNDE_017.basePlot.bet","D05","UNDE","UNDE_017","W","2016-08-30","2016-09-13","2016-09-14","2016-11-16","2016-11-16","UNDE_017.W.20160913","xHY1KmNCr23xveNMnf3ceXjzZYg7dFFT8obN4+OpmLQ=","carabid","PTECOR1","Pterostichus coracinus","species","cf. species","Newman",,1,"Bousquet, Y. 2010b. Illustrated Identification Guide to Adults and Larvae of Northeastern North American Ground Beetles (Coleoptera: Carabidae). 1st Ed. Pensoft Publishers, Sofia, Bulgaria.","Syw2LXB/pj+fmGCuwdgBGVryVUmYhw3g","Syw2LXB/pj+fmGCuwdgBGVryVUmYhw3g",
"3849a04d-4f39-4b10-818b-a081ca99e5e4","UNDE_017.basePlot.bet","D05","UNDE","UNDE_017","N","2016-08-30","2016-09-13","2016-09-14","2016-11-16","2016-11-16","UNDE_017.N.20160913","xHY1KmNCr23wnyPUn07rMDCp97VMYQ/5Ry6fdYlrjpA=","carabid","PTEMUT2","Pterostichus mutus","species",,"Say",,3,"Bousquet, Y. 2010b. Illustrated Identification Guide to Adults and Larvae of Northeastern North American Ground Beetles (Coleoptera: Carabidae). 1st Ed. Pensoft Publishers, Sofia, Bulgaria.","Syw2LXB/pj+fmGCuwdgBGVryVUmYhw3g","Syw2LXB/pj+fmGCuwdgBGVryVUmYhw3g",
"41163385-9631-44ea-8f17-437c2777d034","UNDE_017.basePlot.bet","D05","UNDE","UNDE_017","N","2016-08-30","2016-09-13","2016-09-14","2016-11-16","2016-11-16","UNDE_017.N.20160913","xHY1KmNCr23wnyPUn07rMPVE5Munffq1ASihs2tlWaI=","carabid","CARNEM","Carabus nemoralis nemoralis","subspecies",,"Mueller",,4,"Lindroth, C. H. 1969. The ground-beetles (Carabidae, excl. Cicindelinae) of Canada and Alaska, parts 1-6. Opuscula E. Entomoligiska Sallskapet.","Syw2LXB/pj+fmGCuwdgBGVryVUmYhw3g","Syw2LXB/pj+fmGCuwdgBGVryVUmYhw3g",
"6beb60c2-133d-4ca4-acde-45da821c5ab3","UNDE_006.basePlot.bet","D05","UNDE","UNDE_006","S","2016-08-30","2016-09-13","2016-09-14","2016-11-16","2016-11-16","UNDE_006.S.20160913","izIYmtFoQUiCTcH3yIF0sorpnxpoSUrdhVTgN9mQZvc=","carabid","PTEMEL","Pterostichus melanarius melanarius","subspecies",,"Illiger",,2,"Lindroth, C. H. 1969. The ground-beetles (Carabidae, excl. Cicindelinae) of Canada and Alaska, parts 1-6. Opuscula E. Entomoligiska Sallskapet.","Syw2LXB/pj+fmGCuwdgBGVryVUmYhw3g","Syw2LXB/pj+fmGCuwdgBGVryVUmYhw3g",
"d6902ccf-2320-400d-b3bd-f8053a32c0f6","UNDE_006.basePlot.bet","D05","UNDE","UNDE_006","N","2016-08-30","2016-09-13","2016-09-14","2016-11-16","2016-11-16","UNDE_006.N.20160913","izIYmtFoQUhZ/bSUkGXdxcTWLdbV3gLcSrADWRMimfE=","carabid","PTEPEN","Pterostichus pensylvanicus","species","cf. species","LeConte",,1,"Bousquet, Y. 2010b. Illustrated Identification Guide to Adults and Larvae of Northeastern North American Ground Beetles (Coleoptera: Carabidae). 1st Ed. Pensoft Publishers, Sofia, Bulgaria.","Syw2LXB/pj+fmGCuwdgBGVryVUmYhw3g","Syw2LXB/pj+fmGCuwdgBGVryVUmYhw3g","Specimen in poor condition"
"1bfdff65-b5bf-404b-9c52-7f7f69614626","UNDE_006.basePlot.bet","D05","UNDE","UNDE_006","W","2016-08-30","2016-09-13","2016-09-14","2016-11-16","2016-11-16","UNDE_006.W.20160913","izIYmtFoQUj71Tc/YMya66ms+gN3FUHmTgplHmKZGuk=","carabid","SYNIMP","Synuchus impunctatus","species",,"Say",,1,"Lindroth, C. H. 1969. The ground-beetles (Carabidae, excl. Cicindelinae) of Canada and Alaska, parts 1-6. Opuscula E. Entomoligiska Sallskapet.","Syw2LXB/pj+fmGCuwdgBGVryVUmYhw3g","Syw2LXB/pj+fmGCuwdgBGVryVUmYhw3g",
"76cd5371-e3aa-44e4-ad92-1c18b66e4c72","UNDE_006.basePlot.bet","D05","UNDE","UNDE_006","E","2016-08-30","2016-09-13","2016-09-14","2016-11-16","2016-11-16","UNDE_006.E.20160913","izIYmtFoQUjm5xWONJT2fOAwmsvblyf8nr+ESholURw=","carabid","SYNIMP","Synuchus impunctatus","species",,"Say",,1,"Lindroth, C. H. 1969. The ground-beetles (Carabidae, excl. Cicindelinae) of Canada and Alaska, parts 1-6. Opuscula E. Entomoligiska Sallskapet.","Syw2LXB/pj+fmGCuwdgBGVryVUmYhw3g","Syw2LXB/pj+fmGCuwdgBGVryVUmYhw3g",
"687510f6-2bb6-470e-86df-8c4f4036330c","UNDE_006.basePlot.bet","D05","UNDE","UNDE_006","S","2016-08-30","2016-09-13","2016-09-14","2016-11-16","2016-11-16","UNDE_006.S.20160913","izIYmtFoQUiCTcH3yIF0sih7wcflszQgmIUo7dG1fvA=","carabid","SYNIMP","Synuchus impunctatus","species",,"Say",,1,"Lindroth, C. H. 1969. The ground-beetles (Carabidae, excl. Cicindelinae) of Canada and Alaska, parts 1-6. Opuscula E. Entomoligiska Sallskapet.","Syw2LXB/pj+fmGCuwdgBGVryVUmYhw3g","Syw2LXB/pj+fmGCuwdgBGVryVUmYhw3g",
"9de21ab5-02df-43da-b76f-b17d23f9af22","UNDE_006.basePlot.bet","D05","UNDE","UNDE_006","N","2016-08-30","2016-09-13","2016-09-14","2016-11-16","2016-11-16","UNDE_006.N.20160913","izIYmtFoQUhZ/bSUkGXdxb1udLA4KyQSoy/eNhfHMIU=","carabid","SYNIMP","Synuchus impunctatus","species",,"Say",,1,"Lindroth, C. H. 1969. The ground-beetles (Carabidae, excl. Cicindelinae) of Canada and Alaska, parts 1-6. Opuscula E. Entomoligiska Sallskapet.","Syw2LXB/pj+fmGCuwdgBGVryVUmYhw3g","Syw2LXB/pj+fmGCuwdgBGVryVUmYhw3g","Missing one elytra"
"4d0bb953-d6de-4413-8e8c-9f58cfbe8203","UNDE_008.basePlot.bet","D05","UNDE","UNDE_008","S","2016-08-30","2016-09-13","2016-09-14","2016-11-16","2016-11-16","UNDE_008.S.20160913","MjA7sUqH2CbmYf6QFHRL2RfV3yunben+SItjkXHozl4=","carabid","PTECOR1","Pterostichus coracinus","species","cf. species","Newman",,1,"Bousquet, Y. 2010b. Illustrated Identification Guide to Adults and Larvae of Northeastern North American Ground Beetles (Coleoptera: Carabidae). 1st Ed. Pensoft Publishers, Sofia, Bulgaria.","Syw2LXB/pj+fmGCuwdgBGVryVUmYhw3g","Syw2LXB/pj+fmGCuwdgBGVryVUmYhw3g",
"2457fc86-a839-4bb2-af03-00d991b815b1","UNDE_008.basePlot.bet","D05","UNDE","UNDE_008","E","2016-08-30","2016-09-13","2016-09-14","2016-11-16","2016-11-16","UNDE_008.E.20160913","MjA7sUqH2CbZb6fB7WfC1xIlr4C3HmyIEz0W+4G/ypE=","carabid","CYMCRI","Cymindis cribricollis","species",,"Dejean",,2,"Lindroth, C. H. 1969. The ground-beetles (Carabidae, excl. Cicindelinae) of Canada and Alaska, parts 1-6. Opuscula E. Entomoligiska Sallskapet.","Syw2LXB/pj+fmGCuwdgBGVryVUmYhw3g","Syw2LXB/pj+fmGCuwdgBGVryVUmYhw3g",
"3274fc02-b85a-467d-abda-4105cd4b4478","UNDE_011.basePlot.bet","D05","UNDE","UNDE_011","S","2016-08-30","2016-09-13","2016-09-14","2016-11-16","2016-11-16","UNDE_011.S.20160913","0Ya1AWR2lPjR7lB8ZOXzE1WuFPddVfFp2hQegfhYHeQ=","carabid","SPHSTE1","Sphaeroderus stenostomus lecontei","subspecies",,"Dejean",,1,"Lindroth, C. H. 1969. The ground-beetles (Carabidae, excl. Cicindelinae) of Canada and Alaska, parts 1-6. Opuscula E. Entomoligiska Sallskapet.","Syw2LXB/pj+fmGCuwdgBGVryVUmYhw3g","Syw2LXB/pj+fmGCuwdgBGVryVUmYhw3g",
"a5f4b818-7729-45ef-91a3-42e6f97e7245","UNDE_011.basePlot.bet","D05","UNDE","UNDE_011","E","2016-08-30","2016-09-13","2016-09-14","2016-11-16","2016-11-16","UNDE_011.E.20160913","0Ya1AWR2lPhThB+KZZ9vczOucSBS4Iikze4AI0bzHU0=","carabid","CYMCRI","Cymindis cribricollis","species",,"Dejean",,2,"Lindroth, C. H. 1969. The ground-beetles (Carabidae, excl. Cicindelinae) of Canada and Alaska, parts 1-6. Opuscula E. Entomoligiska Sallskapet.","Syw2LXB/pj+fmGCuwdgBGVryVUmYhw3g","Syw2LXB/pj+fmGCuwdgBGVryVUmYhw3g",
"0fd45c3d-0b29-4a93-86a2-819231a8845b","UNDE_008.basePlot.bet","D05","UNDE","UNDE_008","S","2016-08-30","2016-09-13","2016-09-14","2016-11-16","2016-11-16","UNDE_008.S.20160913","MjA7sUqH2CbmYf6QFHRL2bkymFCYH6dmLC32xQddOCw=","carabid","SYNIMP","Synuchus impunctatus","species",,"Say",,1,"Lindroth, C. H. 1969. The ground-beetles (Carabidae, excl. Cicindelinae) of Canada and Alaska, parts 1-6. Opuscula E. Entomoligiska Sallskapet.","Syw2LXB/pj+fmGCuwdgBGVryVUmYhw3g","Syw2LXB/pj+fmGCuwdgBGVryVUmYhw3g",
"f50b4db3-91b6-4f41-ae5c-610d84a7d4e8","UNDE_001.basePlot.bet","D05","UNDE","UNDE_001","S","2016-08-30","2016-09-13","2016-09-14","2016-11-16","2016-11-16","UNDE_001.S.20160913","kh3xmoTmJnDPpAuVfyK1mYIIuELoWXPPs7yY2k067VU=","carabid","CYMCRI","Cymindis cribricollis","species",,"Dejean",,1,"Lindroth, C. H. 1969. The ground-beetles (Carabidae, excl. Cicindelinae) of Canada and Alaska, parts 1-6. Opuscula E. Entomoligiska Sallskapet.","Syw2LXB/pj+fmGCuwdgBGVryVUmYhw3g","Syw2LXB/pj+fmGCuwdgBGVryVUmYhw3g",
"80d1e5a6-a386-4028-aab8-b946dc9c0d96","UNDE_001.basePlot.bet","D05","UNDE","UNDE_001","S","2016-08-30","2016-09-13","2016-09-14","2016-11-16","2016-11-16","UNDE_001.S.20160913","kh3xmoTmJnDPpAuVfyK1mQqw+4FnRwMeGQ8Snvo6bcg=","carabid","PTECOR1","Pterostichus coracinus","species","cf. species","Newman",,1,"Bousquet, Y. 2010b. Illustrated Identification Guide to Adults and Larvae of Northeastern North American Ground Beetles (Coleoptera: Carabidae). 1st Ed. Pensoft Publishers, Sofia, Bulgaria.","Syw2LXB/pj+fmGCuwdgBGVryVUmYhw3g","Syw2LXB/pj+fmGCuwdgBGVryVUmYhw3g","Hind angles of pronotum more sinuate than others"
"a61d6c8f-7a00-425e-8a81-f6e5e2b78ccc","UNDE_007.basePlot.bet","D05","UNDE","UNDE_007","S","2016-08-30","2016-09-13","2016-09-14","2016-11-16","2016-11-16","UNDE_007.S.20160913","sj+sxzQpSGBC7b3BPQrLa7dHogdZcDCInesczH+YW2I=","carabid","CARNEM","Carabus nemoralis nemoralis","subspecies",,"Mueller",,1,"Lindroth, C. H. 1969. The ground-beetles (Carabidae, excl. Cicindelinae) of Canada and Alaska, parts 1-6. Opuscula E. Entomoligiska Sallskapet.","Syw2LXB/pj+fmGCuwdgBGVryVUmYhw3g","Syw2LXB/pj+fmGCuwdgBGVryVUmYhw3g",
"e8777530-f7fc-4f0d-afe3-102f9bc2d839","UNDE_007.basePlot.bet","D05","UNDE","UNDE_007","S","2016-08-30","2016-09-13","2016-09-14","2016-11-16","2016-11-16","UNDE_007.S.20160913","sj+sxzQpSGBC7b3BPQrLa+lJ53uPz4zUWzPBBTh7No4=","carabid","PTEPEN","Pterostichus pensylvanicus","species","cf. species","LeConte",,1,"Bousquet, Y. 2010b. Illustrated Identification Guide to Adults and Larvae of Northeastern North American Ground Beetles (Coleoptera: Carabidae). 1st Ed. Pensoft Publishers, Sofia, Bulgaria.","Syw2LXB/pj+fmGCuwdgBGVryVUmYhw3g","Syw2LXB/pj+fmGCuwdgBGVryVUmYhw3g",
"9c131816-326c-430d-b844-51772d0aad51","UNDE_010.basePlot.bet","D05","UNDE","UNDE_010","E","2016-08-30","2016-09-13","2016-09-14","2016-11-16","2016-11-16","UNDE_010.E.20160913","hQDJ3TYDfowmkXVGtQA/hKu9Ha3j+T0qyoIFlYJBXfo=","carabid","SYNIMP","Synuchus impunctatus","species",,"Say",,3,"Lindroth, C. H. 1969. The ground-beetles (Carabidae, excl. Cicindelinae) of Canada and Alaska, parts 1-6. Opuscula E. Entomoligiska Sallskapet.","Syw2LXB/pj+fmGCuwdgBGVryVUmYhw3g","Syw2LXB/pj+fmGCuwdgBGVryVUmYhw3g",
"279be44e-e04d-4bd2-9a07-cbaa01f912a1","UNDE_010.basePlot.bet","D05","UNDE","UNDE_010","N","2016-08-30","2016-09-13","2016-09-14","2016-11-16","2016-11-16","UNDE_010.N.20160913","hQDJ3TYDfoyHbOUrKn+1FKPMTDw0mKtOPj/M8OZPWxI=","carabid","SYNIMP","Synuchus impunctatus","species",,"Say",,2,"Lindroth, C. H. 1969. The ground-beetles (Carabidae, excl. Cicindelinae) of Canada and Alaska, parts 1-6. Opuscula E. Entomoligiska Sallskapet.","Syw2LXB/pj+fmGCuwdgBGVryVUmYhw3g","Syw2LXB/pj+fmGCuwdgBGVryVUmYhw3g",
"2a697507-db14-4e90-a954-8938504fb3c4","UNDE_012.basePlot.bet","D05","UNDE","UNDE_012","W","2016-08-30","2016-09-13","2016-09-14","2016-09-27",,"UNDE_012.W.20160913","+v0vuVmyR4A7IVdJUh0wVvURVhiSNjkzgUdumoEezYQ=","invert bycatch",,,,,,,,,,"sLXn7wTHXoRJL4fX6U0RGoB8I5uaqWlh",
"d52d0b0c-f2b7-4f92-bd14-170b47b17450","UNDE_012.basePlot.bet","D05","UNDE","UNDE_012","N","2016-08-30","2016-09-13","2016-09-14","2016-09-27",,"UNDE_012.N.20160913","+v0vuVmyR4Alq+u8WTQvGO5w+k/ko6VTLSG6ym0eZ+Q=","invert bycatch",,,,,,,,,,"sLXn7wTHXoRJL4fX6U0RGoB8I5uaqWlh",
"01a53f53-f94a-4a57-89be-fb5e10f0141e","UNDE_012.basePlot.bet","D05","UNDE","UNDE_012","E","2016-08-30","2016-09-13","2016-09-14","2016-09-27",,"UNDE_012.E.20160913","+v0vuVmyR4DMhCSxTbPdmAju/FmmePh3SAaomFx9uxk=","invert bycatch",,,,,,,,,,"sLXn7wTHXoRJL4fX6U0RGoB8I5uaqWlh",
"0f295daa-2465-4638-a088-72f50a756364","UNDE_012.basePlot.bet","D05","UNDE","UNDE_012","S","2016-08-30","2016-09-13","2016-09-14","2016-09-27",,"UNDE_012.S.20160913","+v0vuVmyR4AjiZyJEUD9pZZN8oYSInXa+jf7GYO3qek=","invert bycatch",,,,,,,,,,"sLXn7wTHXoRJL4fX6U0RGoB8I5uaqWlh",
"d183b0c2-afd8-48de-99a2-7f4e9f147795","UNDE_002.basePlot.bet","D05","UNDE","UNDE_002","E","2016-08-30","2016-09-13","2016-09-14","2016-09-27","2016-09-14","UNDE_002.E.20160913","JrVNSI+TG1IeN3BEYBHLYhAvzzFSuDGnrdSn5WAfou4=","vert bycatch herp","ANAAME","Anaxyrus americanus","species",,"Holbrook",,1,"Harding, J.H. 1997. Amphibians and reptiles of the Great Lakes Region. University of Michigan Press, Ann Arbor, MI.","sLXn7wTHXoRJL4fX6U0RGoB8I5uaqWlh","sLXn7wTHXoRJL4fX6U0RGoB8I5uaqWlh",
"8740eafb-4d80-4685-986f-3b5ef8a88886","UNDE_007.basePlot.bet","D05","UNDE","UNDE_007","E","2016-08-30","2016-09-13","2016-09-14","2016-09-27","2016-09-13","UNDE_007.E.20160913","sj+sxzQpSGCXcVDms9T2Jb7YrXh6u4MVqoGAS33npkE=","vert bycatch herp","LITSYL","Lithobates sylvaticus","species",,"LeConte",,3,"Harding, J.H. 1997. Amphibians and reptiles of the Great Lakes Region. University of Michigan Press, Ann Arbor, MI.","sLXn7wTHXoRJL4fX6U0RGoB8I5uaqWlh","sLXn7wTHXoRJL4fX6U0RGoB8I5uaqWlh",
"4217758a-ba75-4eda-8c84-80b7fe47a213","UNDE_003.basePlot.bet","D05","UNDE","UNDE_003","E","2016-08-30","2016-09-13","2016-09-14","2016-09-27",,"UNDE_003.E.20160913","UKgrtiGQYSBruSGOqRGpCcm2bMykAP5PQFlcItaW8Yk=","invert bycatch",,,,,,,,,,"sLXn7wTHXoRJL4fX6U0RGoB8I5uaqWlh",
"3c3ee67c-f415-41ac-9781-e04bba868eb5","UNDE_007.basePlot.bet","D05","UNDE","UNDE_007","E","2016-08-30","2016-09-13","2016-09-14","2016-09-27",,"UNDE_007.E.20160913","sj+sxzQpSGCXcVDms9T2JTiwG6wTdMBfsMMcs9j2TLg=","invert bycatch",,,,,,,,,,"sLXn7wTHXoRJL4fX6U0RGoB8I5uaqWlh",
"1c8c0475-3471-49e5-bf41-44f9b90366be","UNDE_008.basePlot.bet","D05","UNDE","UNDE_008","E","2016-08-30","2016-09-13","2016-09-14","2016-09-27","2016-09-27","UNDE_008.E.20160913","MjA7sUqH2CbZb6fB7WfC191cMfLrwU43XSDTEIN8j8E=","vert bycatch herp","ANAAME","Anaxyrus americanus","species",,"Holbrook",,1,"Harding, J.H. 1997. Amphibians and reptiles of the Great Lakes Region. University of Michigan Press, Ann Arbor, MI.","sLXn7wTHXoRJL4fX6U0RGoB8I5uaqWlh","sLXn7wTHXoRJL4fX6U0RGoB8I5uaqWlh",
"7e209676-5694-4982-966f-a05a36f2a9db","UNDE_010.basePlot.bet","D05","UNDE","UNDE_010","E","2016-08-30","2016-09-13","2016-09-14","2016-09-27",,"UNDE_010.E.20160913","hQDJ3TYDfowmkXVGtQA/hGu0pobGL3aVaXn/5XK6lNE=","invert bycatch",,,,,,,,,,"sLXn7wTHXoRJL4fX6U0RGoB8I5uaqWlh",
"88ef2ee4-4841-41dc-b863-692b2d6dfd58","UNDE_017.basePlot.bet","D05","UNDE","UNDE_017","E","2016-08-30","2016-09-13","2016-09-14","2016-09-27",,"UNDE_017.E.20160913","xHY1KmNCr235Tqna/2wJ3royIsbBBOFlXJAy2HyGU3I=","invert bycatch",,,,,,,,,,"sLXn7wTHXoRJL4fX6U0RGoB8I5uaqWlh",
"cfed00a4-5ad0-4cfd-ac05-9ad282007651","UNDE_007.basePlot.bet","D05","UNDE","UNDE_007","E","2016-08-30","2016-09-13","2016-09-14","2016-09-27","2016-09-14","UNDE_007.E.20160913","sj+sxzQpSGCXcVDms9T2JTbVMlTOQn65dhxg7oHSk90=","vert bycatch herp","ANAAME","Anaxyrus americanus","species",,"Holbrook",,2,"Harding, J.H. 1997. Amphibians and reptiles of the Great Lakes Region. University of Michigan Press, Ann Arbor, MI.","sLXn7wTHXoRJL4fX6U0RGoB8I5uaqWlh","sLXn7wTHXoRJL4fX6U0RGoB8I5uaqWlh",
"bd49fb49-d53f-442d-b8a1-176716af4e06","UNDE_010.basePlot.bet","D05","UNDE","UNDE_010","E","2016-08-30","2016-09-13","2016-09-14","2016-09-27","2016-09-27","UNDE_010.E.20160913","hQDJ3TYDfowmkXVGtQA/hDip3NtADXK7bujBAbOmW1M=","vert bycatch herp","LITSYL","Lithobates sylvaticus","species",,"LeConte",,1,"Harding, J.H. 1997. Amphibians and reptiles of the Great Lakes Region. University of Michigan Press, Ann Arbor, MI.","sLXn7wTHXoRJL4fX6U0RGoB8I5uaqWlh","sLXn7wTHXoRJL4fX6U0RGoB8I5uaqWlh",
"579283dc-e5a9-492d-a872-2848f3441309","UNDE_001.basePlot.bet","D05","UNDE","UNDE_001","E","2016-08-30","2016-09-13","2016-09-14","2016-09-27",,"UNDE_001.E.20160913","kh3xmoTmJnCur/pJbsyRZo0lqPG9/3pGAC4abrfZOfY=","invert bycatch",,,,,,,,,,"sLXn7wTHXoRJL4fX6U0RGoB8I5uaqWlh",
"2ada62d6-d92b-4b37-bb11-80578d5df261","UNDE_011.basePlot.bet","D05","UNDE","UNDE_011","E","2016-08-30","2016-09-13","2016-09-14","2016-09-27",,"UNDE_011.E.20160913","0Ya1AWR2lPhThB+KZZ9vc47X/Sd4cVh+aJVHP5/yW1k=","invert bycatch",,,,,,,,,,"sLXn7wTHXoRJL4fX6U0RGoB8I5uaqWlh",
"761ba745-8dc7-41e3-83ab-a78d481c1c8e","UNDE_008.basePlot.bet","D05","UNDE","UNDE_008","E","2016-08-30","2016-09-13","2016-09-14","2016-09-27",,"UNDE_008.E.20160913","MjA7sUqH2CbZb6fB7WfC12peSH8s4YwGgx1DlV8CV/E=","invert bycatch",,,,,,,,,,"sLXn7wTHXoRJL4fX6U0RGoB8I5uaqWlh",
"6a6db9a0-69dd-47d3-a901-118b094abf3a","UNDE_002.basePlot.bet","D05","UNDE","UNDE_002","E","2016-08-30","2016-09-13","2016-09-14","2016-09-27",,"UNDE_002.E.20160913","JrVNSI+TG1IeN3BEYBHLYoI/X2fFvmd5NiYxvdwX9fk=","invert bycatch",,,,,,,,,,"sLXn7wTHXoRJL4fX6U0RGoB8I5uaqWlh",
"889380a1-d88e-46ae-98f4-997fc40d9efb","UNDE_006.basePlot.bet","D05","UNDE","UNDE_006","E","2016-08-30","2016-09-13","2016-09-14","2016-09-27","2016-09-13","UNDE_006.E.20160913","izIYmtFoQUjm5xWONJT2fM5SRPzT8MjHXgrNQfgAehY=","vert bycatch herp","ANAAME","Anaxyrus americanus","species",,"Holbrook",,2,"Harding, J.H. 1997. Amphibians and reptiles of the Great Lakes Region. University of Michigan Press, Ann Arbor, MI.","sLXn7wTHXoRJL4fX6U0RGoB8I5uaqWlh","sLXn7wTHXoRJL4fX6U0RGoB8I5uaqWlh","Individual Count is approximate. Samples were pooled at the plot level prior to quantifying."
"601c343f-fe66-4e5d-a4ff-8adcf2bbe074","UNDE_006.basePlot.bet","D05","UNDE","UNDE_006","E","2016-08-30","2016-09-13","2016-09-14","2016-09-27",,"UNDE_006.E.20160913","izIYmtFoQUjm5xWONJT2fA4+FYF2zE8y+UW1Eg3hurA=","invert bycatch",,,,,,,,,,"sLXn7wTHXoRJL4fX6U0RGoB8I5uaqWlh",
"cd9a062f-537f-4f0d-8b39-79a9817cbd8b","UNDE_006.basePlot.bet","D05","UNDE","UNDE_006","N","2016-08-30","2016-09-13","2016-09-14","2016-09-27",,"UNDE_006.N.20160913","izIYmtFoQUhZ/bSUkGXdxWEyXbt13yFWrQmbXAzmoJY=","invert bycatch",,,,,,,,,,"sLXn7wTHXoRJL4fX6U0RGoB8I5uaqWlh",
"b245498e-f485-49d5-a736-adcb7db3c683","UNDE_002.basePlot.bet","D05","UNDE","UNDE_002","N","2016-08-30","2016-09-13","2016-09-14","2016-09-27",,"UNDE_002.N.20160913","JrVNSI+TG1K3BDMWs5TS8rceWCxuAZzVerxtpCGcSAc=","invert bycatch",,,,,,,,,,"Syw2LXB/pj+fmGCuwdgBGVryVUmYhw3g",
"b9d18727-f797-4194-9e8f-18423f868523","UNDE_008.basePlot.bet","D05","UNDE","UNDE_008","N","2016-08-30","2016-09-13","2016-09-14","2016-09-27","2016-09-27","UNDE_008.N.20160913","MjA7sUqH2CYY1p/KJCam3Wo7iOztGHf33QJxJ4An6gQ=","vert bycatch herp","LITSYL","Lithobates sylvaticus","species",,"LeConte",,1,"Harding, J.H. 1997. Amphibians and reptiles of the Great Lakes Region. University of Michigan Press, Ann Arbor, MI.","sLXn7wTHXoRJL4fX6U0RGoB8I5uaqWlh","sLXn7wTHXoRJL4fX6U0RGoB8I5uaqWlh",
"6a0f689c-6a78-4d42-beb0-79801f52d3ad","UNDE_008.basePlot.bet","D05","UNDE","UNDE_008","N","2016-08-30","2016-09-13","2016-09-14","2016-09-27","2016-09-27","UNDE_008.N.20160913","MjA7sUqH2CYY1p/KJCam3QfnWBQAQMSUtHizHFrEXo0=","vert bycatch herp","PSECRU","Pseudacris crucifer","species",,"Wied-Neuwied",,1,"Harding, J.H. 1997. Amphibians and reptiles of the Great Lakes Region. University of Michigan Press, Ann Arbor, MI.","sLXn7wTHXoRJL4fX6U0RGoB8I5uaqWlh","sLXn7wTHXoRJL4fX6U0RGoB8I5uaqWlh",
"9415f897-e497-4709-ba67-ba5159ce9def","UNDE_008.basePlot.bet","D05","UNDE","UNDE_008","N","2016-08-30","2016-09-13","2016-09-14","2016-09-27","2016-09-27","UNDE_008.N.20160913","MjA7sUqH2CYY1p/KJCam3ZjdyyO1ClRbj26jG3/arJo=","vert bycatch herp","ANAAME","Anaxyrus americanus","species",,"Holbrook",,1,"Harding, J.H. 1997. Amphibians and reptiles of the Great Lakes Region. University of Michigan Press, Ann Arbor, MI.","sLXn7wTHXoRJL4fX6U0RGoB8I5uaqWlh","sLXn7wTHXoRJL4fX6U0RGoB8I5uaqWlh",
"cd72fed8-9b11-4e2d-a6e6-358bbc7798ca","UNDE_001.basePlot.bet","D05","UNDE","UNDE_001","N","2016-08-30","2016-09-13","2016-09-14","2016-09-27","2016-09-14","UNDE_001.N.20160913","kh3xmoTmJnCIRPsSnD80VFMEgP5PfzZ3Ri8rSCoDmS0=","vert bycatch herp","PLECIN","Plethodon cinereus","species",,"Green",,1,"Harding, J.H. 1997. Amphibians and reptiles of the Great Lakes Region. University of Michigan Press, Ann Arbor, MI.","sLXn7wTHXoRJL4fX6U0RGoB8I5uaqWlh","sLXn7wTHXoRJL4fX6U0RGoB8I5uaqWlh",
"120eaedb-caf1-48ac-b4a9-465946ca2a78","UNDE_008.basePlot.bet","D05","UNDE","UNDE_008","N","2016-08-30","2016-09-13","2016-09-14","2016-09-27",,"UNDE_008.N.20160913","MjA7sUqH2CYY1p/KJCam3TEx1Y/qh43BNTTSPbSp+Ro=","invert bycatch",,,,,,,,,,"sLXn7wTHXoRJL4fX6U0RGoB8I5uaqWlh",
"e4eba22c-bb9a-4ddb-9667-1a3bcc075b2b","UNDE_002.basePlot.bet","D05","UNDE","UNDE_002","N","2016-08-30","2016-09-13","2016-09-14","2016-09-27","2016-09-14","UNDE_002.N.20160913","JrVNSI+TG1K3BDMWs5TS8mRqXGHOD84Jfqo5Fix0oDI=","vert bycatch herp","ANAAME","Anaxyrus americanus","species",,"Holbrook",,1,"Harding, J.H. 1997. Amphibians and reptiles of the Great Lakes Region. University of Michigan Press, Ann Arbor, MI.","sLXn7wTHXoRJL4fX6U0RGoB8I5uaqWlh","sLXn7wTHXoRJL4fX6U0RGoB8I5uaqWlh",
"9409738e-983d-4784-8b7e-c43821abbacf","UNDE_017.basePlot.bet","D05","UNDE","UNDE_017","N","2016-08-30","2016-09-13","2016-09-14","2016-09-27",,"UNDE_017.N.20160913","xHY1KmNCr23wnyPUn07rMCVkYBRz6Jk5BAA/P5Q9Qcc=","invert bycatch",,,,,,,,,,"sLXn7wTHXoRJL4fX6U0RGoB8I5uaqWlh",
"9fd4a21e-93c6-45ae-9181-b2d053bc4b08","UNDE_001.basePlot.bet","D05","UNDE","UNDE_001","N","2016-08-30","2016-09-13","2016-09-14","2016-09-27","2016-09-14","UNDE_001.N.20160913","kh3xmoTmJnCIRPsSnD80VEwVyxY0doEAoLkY6dJ1EbA=","vert bycatch herp","ANAAME","Anaxyrus americanus","species",,"Holbrook",,1,"Harding, J.H. 1997. Amphibians and reptiles of the Great Lakes Region. University of Michigan Press, Ann Arbor, MI.","sLXn7wTHXoRJL4fX6U0RGoB8I5uaqWlh","sLXn7wTHXoRJL4fX6U0RGoB8I5uaqWlh",
"bfa334f7-26d6-4e3e-9770-bbd39365ddb3","UNDE_011.basePlot.bet","D05","UNDE","UNDE_011","N","2016-08-30","2016-09-13","2016-09-14","2016-09-27",,"UNDE_011.N.20160913","0Ya1AWR2lPj/nJ991iwUKcXxVGwFXQMmuHBrK+Ex644=","invert bycatch",,,,,,,,,,"sLXn7wTHXoRJL4fX6U0RGoB8I5uaqWlh",
"a1980d78-2381-4f43-b60e-2c4c4d687665","UNDE_010.basePlot.bet","D05","UNDE","UNDE_010","N","2016-08-30","2016-09-13","2016-09-14","2016-09-27",,"UNDE_010.N.20160913","hQDJ3TYDfoyHbOUrKn+1FDMhP2fSgwg3nPmFYDd+rCU=","invert bycatch",,,,,,,,,,"sLXn7wTHXoRJL4fX6U0RGoB8I5uaqWlh",
"6b55e61d-c9c6-46cb-9b55-37d06b5b07b4","UNDE_007.basePlot.bet","D05","UNDE","UNDE_007","N","2016-08-30","2016-09-13","2016-09-14","2016-09-27",,"UNDE_007.N.20160913","sj+sxzQpSGAc2bXTAptC10ws195cxOSyXjNWeua9xYs=","invert bycatch",,,,,,,,,,"sLXn7wTHXoRJL4fX6U0RGoB8I5uaqWlh",
"242a740e-5a78-42f0-b5c4-a7a50dd45dc9","UNDE_001.basePlot.bet","D05","UNDE","UNDE_001","N","2016-08-30","2016-09-13","2016-09-14","2016-09-27",,"UNDE_001.N.20160913","kh3xmoTmJnCIRPsSnD80VMicgxj5OUutwgWrx3QN70U=","invert bycatch",,,,,,,,,,"sLXn7wTHXoRJL4fX6U0RGoB8I5uaqWlh",
"d4a17664-b1ce-4e51-9ab0-d871f5ea593a","UNDE_003.basePlot.bet","D05","UNDE","UNDE_003","N","2016-08-30","2016-09-13","2016-09-14","2016-09-27",,"UNDE_003.N.20160913","UKgrtiGQYSBaSYv6T9/m55ONLHXx8D6Y6sC0y+GCOzA=","invert bycatch",,,,,,,,,,"sLXn7wTHXoRJL4fX6U0RGoB8I5uaqWlh",
"fe7dcef6-3ca0-476a-a4c8-073a0394688a","UNDE_006.basePlot.bet","D05","UNDE","UNDE_006","S","2016-08-30","2016-09-13","2016-09-14","2016-09-27","2016-09-13","UNDE_006.S.20160913","izIYmtFoQUiCTcH3yIF0sicA2w8LVu68rMf1ERAbRpk=","vert bycatch herp","ANAAME","Anaxyrus americanus","species",,"Holbrook",,1,"Harding, J.H. 1997. Amphibians and reptiles of the Great Lakes Region. University of Michigan Press, Ann Arbor, MI.","sLXn7wTHXoRJL4fX6U0RGoB8I5uaqWlh","sLXn7wTHXoRJL4fX6U0RGoB8I5uaqWlh","Individual Count is approximate. Samples were pooled at the plot level prior to quantifying."
"29164c13-abc1-4134-be72-618565360932","UNDE_006.basePlot.bet","D05","UNDE","UNDE_006","S","2016-08-30","2016-09-13","2016-09-14","2016-09-27",,"UNDE_006.S.20160913","izIYmtFoQUiCTcH3yIF0snH6TksfnPu6foWIiw5eYRA=","invert bycatch",,,,,,,,,,"sLXn7wTHXoRJL4fX6U0RGoB8I5uaqWlh",
"e280cbbb-8519-4beb-a2a1-207e660a9b59","UNDE_002.basePlot.bet","D05","UNDE","UNDE_002","S","2016-08-30","2016-09-13","2016-09-14","2016-09-27",,"UNDE_002.S.20160913","JrVNSI+TG1IWif1fOHusi7WKj6INQlnxe3EfIgHtodg=","invert bycatch",,,,,,,,,,"sLXn7wTHXoRJL4fX6U0RGoB8I5uaqWlh",
"d8014947-d696-433e-a204-7fb95666de6c","UNDE_008.basePlot.bet","D05","UNDE","UNDE_008","S","2016-08-30","2016-09-13","2016-09-14","2016-09-27",,"UNDE_008.S.20160913","MjA7sUqH2CbmYf6QFHRL2XT4jVDj+YFAsTHoZXocTQ8=","invert bycatch",,,,,,,,,,"sLXn7wTHXoRJL4fX6U0RGoB8I5uaqWlh",
"ffd17cdf-ef67-443a-b94e-122f322f456c","UNDE_001.basePlot.bet","D05","UNDE","UNDE_001","S","2016-08-30","2016-09-13","2016-09-14","2016-09-27","2016-09-14","UNDE_001.S.20160913","kh3xmoTmJnDPpAuVfyK1mXjA/+gFREfJmuldRCTzUIk=","vert bycatch herp","PLECIN","Plethodon cinereus","species",,"Green",,2,"Harding, J.H. 1997. Amphibians and reptiles of the Great Lakes Region. University of Michigan Press, Ann Arbor, MI.","sLXn7wTHXoRJL4fX6U0RGoB8I5uaqWlh","sLXn7wTHXoRJL4fX6U0RGoB8I5uaqWlh",
"ae64f0c5-f2a9-4423-ab01-ce313594dd21","UNDE_011.basePlot.bet","D05","UNDE","UNDE_011","S","2016-08-30","2016-09-13","2016-09-14","2016-09-27",,"UNDE_011.S.20160913","0Ya1AWR2lPjR7lB8ZOXzE5uUG4VZo4vAlOACvU4A3NA=","invert bycatch",,,,,,,,,,"sLXn7wTHXoRJL4fX6U0RGoB8I5uaqWlh",
"5de7e727-93e6-4ee4-861f-56fea6fc139e","UNDE_017.basePlot.bet","D05","UNDE","UNDE_017","S","2016-08-30","2016-09-13","2016-09-14","2016-09-27",,"UNDE_017.S.20160913","xHY1KmNCr20KxSmSRbWmYDj3P8CRllIMOU8GoeUwC/E=","invert bycatch",,,,,,,,,,"sLXn7wTHXoRJL4fX6U0RGoB8I5uaqWlh",
"227c8f49-9086-4016-9287-3a20b1cc6a76","UNDE_001.basePlot.bet","D05","UNDE","UNDE_001","S","2016-08-30","2016-09-13","2016-09-14","2016-09-27",,"UNDE_001.S.20160913","kh3xmoTmJnDPpAuVfyK1mQSOMWArb79GNgvQAX1uccY=","invert bycatch",,,,,,,,,,"sLXn7wTHXoRJL4fX6U0RGoB8I5uaqWlh",
"d3dc87dc-61fc-4cce-9c0f-40234f437ab0","UNDE_003.basePlot.bet","D05","UNDE","UNDE_003","S","2016-08-30","2016-09-13","2016-09-14","2016-09-27",,"UNDE_003.S.20160913","UKgrtiGQYSCWbXLliNTqdUJtUiTZKAniBD3Za/Xrxqc=","invert bycatch",,,,,,,,,,"sLXn7wTHXoRJL4fX6U0RGoB8I5uaqWlh",
"194099d1-ec66-48aa-a780-7077c189f03d","UNDE_003.basePlot.bet","D05","UNDE","UNDE_003","S","2016-08-30","2016-09-13","2016-09-14","2016-09-27","2016-09-14","UNDE_003.S.20160913","UKgrtiGQYSCWbXLliNTqdeExXk15yLRup4bHYo6x+OI=","vert bycatch herp","LITSYL","Lithobates sylvaticus","species",,"LeConte",,1,"Harding, J.H. 1997. Amphibians and reptiles of the Great Lakes Region. University of Michigan Press, Ann Arbor, MI.","sLXn7wTHXoRJL4fX6U0RGoB8I5uaqWlh","sLXn7wTHXoRJL4fX6U0RGoB8I5uaqWlh",
"90da6f33-5b8b-4ce5-b797-2f145f2c0235","UNDE_007.basePlot.bet","D05","UNDE","UNDE_007","S","2016-08-30","2016-09-13","2016-09-14","2016-09-27",,"UNDE_007.S.20160913","sj+sxzQpSGBC7b3BPQrLa2NApo5p9RR4Xm0bnWc1nwc=","invert bycatch",,,,,,,,,,"sLXn7wTHXoRJL4fX6U0RGoB8I5uaqWlh",
"5483df31-25e3-494b-ae6f-953c9bf7d0b2","UNDE_007.basePlot.bet","D05","UNDE","UNDE_007","S","2016-08-30","2016-09-13","2016-09-14","2016-09-27","2016-09-13","UNDE_007.S.20160913","sj+sxzQpSGBC7b3BPQrLazRAFy52rjjvlI9yFXdOick=","vert bycatch herp","PSECRU","Pseudacris crucifer","species",,"Wied-Neuwied",,2,"Harding, J.H. 1997. Amphibians and reptiles of the Great Lakes Region. University of Michigan Press, Ann Arbor, MI.","sLXn7wTHXoRJL4fX6U0RGoB8I5uaqWlh","sLXn7wTHXoRJL4fX6U0RGoB8I5uaqWlh",
"7feb0238-91d0-4ede-bd1d-1368769a93d0","UNDE_010.basePlot.bet","D05","UNDE","UNDE_010","S","2016-08-30","2016-09-13","2016-09-14","2016-09-27",,"UNDE_010.S.20160913","hQDJ3TYDfowNSIijMSrydQ8pw2r7558+tQrDwyVqvco=","invert bycatch",,,,,,,,,,"sLXn7wTHXoRJL4fX6U0RGoB8I5uaqWlh",
"fa0dfb08-7d45-4708-8d04-48ccebc6e753","UNDE_010.basePlot.bet","D05","UNDE","UNDE_010","W","2016-08-30","2016-09-13","2016-09-14","2016-09-27",,"UNDE_010.W.20160913","hQDJ3TYDfoz4uo/pdRZ8Tzz1jdruGiT4wrJlmIndXX0=","invert bycatch",,,,,,,,,,"sLXn7wTHXoRJL4fX6U0RGoB8I5uaqWlh",
"fd1a1eb2-f2a6-44b4-8af4-38a6a428f6dc","UNDE_007.basePlot.bet","D05","UNDE","UNDE_007","W","2016-08-30","2016-09-13","2016-09-14","2016-09-27",,"UNDE_007.W.20160913","sj+sxzQpSGBfRugKvgVju2/MHM2QpQNneHMyAtQAF+s=","invert bycatch",,,,,,,,,,"sLXn7wTHXoRJL4fX6U0RGoB8I5uaqWlh",
"7d9b8a31-840b-4fc8-8451-3c3b5b0f5447","UNDE_001.basePlot.bet","D05","UNDE","UNDE_001","W","2016-08-30","2016-09-13","2016-09-14","2016-09-27",,"UNDE_001.W.20160913","kh3xmoTmJnD1NM/sSuhamt+sgA12MxGLKE08ScYGzik=","invert bycatch",,,,,,,,,,"sLXn7wTHXoRJL4fX6U0RGoB8I5uaqWlh",
"78949888-1497-4480-b8fe-e197a7382904","UNDE_011.basePlot.bet","D05","UNDE","UNDE_011","W","2016-08-30","2016-09-13","2016-09-14","2016-09-27",,"UNDE_011.W.20160913","0Ya1AWR2lPiC4fkoaVt6ov2Pi2/0p2U/l8coajTr9Ow=","invert bycatch",,,,,,,,,,"sLXn7wTHXoRJL4fX6U0RGoB8I5uaqWlh",
"0c21b4b1-d3b7-4fc1-b4f6-4ad33d8a5a29","UNDE_017.basePlot.bet","D05","UNDE","UNDE_017","W","2016-08-30","2016-09-13","2016-09-14","2016-09-27",,"UNDE_017.W.20160913","xHY1KmNCr23xveNMnf3ceXdGa1EgWUJnVaPXVOGmtdU=","invert bycatch",,,,,,,,,,"sLXn7wTHXoRJL4fX6U0RGoB8I5uaqWlh",
"7bf6e168-6e50-44cb-a1ac-ef848cc7eea9","UNDE_003.basePlot.bet","D05","UNDE","UNDE_003","W","2016-08-30","2016-09-13","2016-09-14","2016-09-27",,"UNDE_003.W.20160913","UKgrtiGQYSAnVKEbPmCHfeOm8dbnzxBi2BeJMwcTG44=","invert bycatch",,,,,,,,,,"sLXn7wTHXoRJL4fX6U0RGoB8I5uaqWlh",
"66d54598-9577-49f7-a835-28e29a3dd786","UNDE_010.basePlot.bet","D05","UNDE","UNDE_010","W","2016-08-30","2016-09-13","2016-09-14","2016-09-27","2016-09-27","UNDE_010.W.20160913","hQDJ3TYDfoz4uo/pdRZ8T5xw0sIIJrNkVQCvBv6B7JA=","vert bycatch herp","LITSYL","Lithobates sylvaticus","species",,"LeConte",,1,"Harding, J.H. 1997. Amphibians and reptiles of the Great Lakes Region. University of Michigan Press, Ann Arbor, MI.","sLXn7wTHXoRJL4fX6U0RGoB8I5uaqWlh","sLXn7wTHXoRJL4fX6U0RGoB8I5uaqWlh",
"54eb8ac3-c2dc-47b4-a2dd-701c70ed936b","UNDE_006.basePlot.bet","D05","UNDE","UNDE_006","W","2016-08-30","2016-09-13","2016-09-14","2016-09-27","2016-09-13","UNDE_006.W.20160913","izIYmtFoQUj71Tc/YMya67+xP8yPDtVFpmEEf6KVAhg=","vert bycatch herp","LITSYL","Lithobates sylvaticus","species",,"LeConte",,1,"Harding, J.H. 1997. Amphibians and reptiles of the Great Lakes Region. University of Michigan Press, Ann Arbor, MI.","sLXn7wTHXoRJL4fX6U0RGoB8I5uaqWlh","sLXn7wTHXoRJL4fX6U0RGoB8I5uaqWlh",
"8990ac94-c9ac-4609-b5e3-647cb43ff4a8","UNDE_006.basePlot.bet","D05","UNDE","UNDE_006","W","2016-08-30","2016-09-13","2016-09-14","2016-09-27",,"UNDE_006.W.20160913","izIYmtFoQUj71Tc/YMya69F3ppYvAniiNtqqSlVOWhw=","invert bycatch",,,,,,,,,,"sLXn7wTHXoRJL4fX6U0RGoB8I5uaqWlh",
"14a8e24f-eb76-4dde-8a35-d6194cc60407","UNDE_002.basePlot.bet","D05","UNDE","UNDE_002","W","2016-08-30","2016-09-13","2016-09-14","2016-09-27",,"UNDE_002.W.20160913","JrVNSI+TG1JU76qN6kX7A7PsosDwnH9dqFIA4IUN17w=","invert bycatch",,,,,,,,,,"sLXn7wTHXoRJL4fX6U0RGoB8I5uaqWlh",
"e1631bb8-6a10-4e04-9e63-eaab85510525","UNDE_008.basePlot.bet","D05","UNDE","UNDE_008","W","2016-08-30","2016-09-13","2016-09-14","2016-09-27",,"UNDE_008.W.20160913","MjA7sUqH2CY14aQaMj58txe3kYG+Zg9Z+oa1zsQ1fx4=","invert bycatch",,,,,,,,,,"sLXn7wTHXoRJL4fX6U0RGoB8I5uaqWlh",
