uid,namedLocation,domainID,siteID,plotID,trapID,plotType,nlcdClass,decimalLatitude,decimalLongitude,geodeticDatum,coordinateUncertainty,elevation,elevationUncertainty,setDate,collectDate,eventID,daysOfTrapping,sampleCollected,sampleID,cupStatus,lidStatus,fluidLevel,samplingProtocolVersion,recordedBy,remarks
"71450052-be46-428d-8d9c-4fd1ebc0dc2d","CLBJ_036.basePlot.bet","D11","CLBJ","CLBJ_036","S","distributed","grasslandHerbaceous",33.397578,-97.579950,"WGS84",20.1,289.1,0.1,"2017-04-26","2017-05-10","CLBJ.2017.20",14,"Y","CLBJ_036.S.20170510","Ok","Disturbed","Ok","NEON.DOC.014050vK","EAA7v+wQgjZOygosNkUyc6C7X/H/iRg1pBHCfwQLnSU=","South trap lid was lifted halfway up. 1 missing spacer replaced"
"a0249c95-7013-47eb-a530-13c48cea069d","CLBJ_036.basePlot.bet","D11","CLBJ","CLBJ_036","N","distributed","grasslandHerbaceous",33.397578,-97.579950,"WGS84",20.1,289.1,0.1,"2017-04-26","2017-05-10","CLBJ.2017.20",14,"Y","CLBJ_036.N.20170510","Ok","Ok","Ok","NEON.DOC.014050vK","EAA7v+wQgjZOygosNkUyc6C7X/H/iRg1pBHCfwQLnSU=",
"6fad1ff6-ca5b-4560-90b1-1d845b5b087e","CLBJ_036.basePlot.bet","D11","CLBJ","CLBJ_036","W","distributed","grasslandHerbaceous",33.397578,-97.579950,"WGS84",20.1,289.1,0.1,"2017-04-26","2017-05-10","CLBJ.2017.20",14,"Y","CLBJ_036.W.20170510","Ok","Ok","Ok","NEON.DOC.014050vK","EAA7v+wQgjZOygosNkUyc6C7X/H/iRg1pBHCfwQLnSU=","1 missing spacer replaced"
"fbab30e0-a312-4be5-8390-30e9d1e27af9","CLBJ_038.basePlot.bet","D11","CLBJ","CLBJ_038","N","distributed","deciduousForest",33.414259,-97.597098,"WGS84",20.1,282.2,0.1,"2017-04-26","2017-05-10","CLBJ.2017.20",14,"Y","CLBJ_038.N.20170510","Ok","Ok","Ok","NEON.DOC.014050vK","EAA7v+wQgjZOygosNkUyc6C7X/H/iRg1pBHCfwQLnSU=",
"27ab319f-2b55-4372-9280-005e6fbd19e8","CLBJ_036.basePlot.bet","D11","CLBJ","CLBJ_036","E","distributed","grasslandHerbaceous",33.397578,-97.579950,"WGS84",20.1,289.1,0.1,"2017-04-26","2017-05-10","CLBJ.2017.20",14,"Y","CLBJ_036.E.20170510","Ok","Ok","Ok","NEON.DOC.014050vK","EAA7v+wQgjZOygosNkUyc6C7X/H/iRg1pBHCfwQLnSU=",
"45a64dc5-7743-43cd-a464-1b70210295f6","CLBJ_040.basePlot.bet","D11","CLBJ","CLBJ_040","N","distributed","deciduousForest",33.378824,-97.646691,"WGS84",20.1,331.6,0.1,"2017-04-26","2017-05-10","CLBJ.2017.20",14,"Y","CLBJ_040.N.20170510","Ok","Ok","Ok","NEON.DOC.014050vK","EAA7v+wQgjZOygosNkUyc6C7X/H/iRg1pBHCfwQLnSU=",
"435d2c96-54f5-4596-8cfe-f4d62b8b4d62","CLBJ_040.basePlot.bet","D11","CLBJ","CLBJ_040","E","distributed","deciduousForest",33.378824,-97.646691,"WGS84",20.1,331.6,0.1,"2017-04-26","2017-05-10","CLBJ.2017.20",14,"Y","CLBJ_040.E.20170510","Ok","Ok","Ok","NEON.DOC.014050vK","EAA7v+wQgjZOygosNkUyc6C7X/H/iRg1pBHCfwQLnSU=",
"e7b511d8-4679-4531-b48f-da270034f4cf","CLBJ_038.basePlot.bet","D11","CLBJ","CLBJ_038","E","distributed","deciduousForest",33.414259,-97.597098,"WGS84",20.1,282.2,0.1,"2017-04-26","2017-05-10","CLBJ.2017.20",14,"Y","CLBJ_038.E.20170510","Ok","Ok","Ok","NEON.DOC.014050vK","EAA7v+wQgjZOygosNkUyc6C7X/H/iRg1pBHCfwQLnSU=",
"5ca3fac3-2600-459f-be39-c17372a58d1b","CLBJ_038.basePlot.bet","D11","CLBJ","CLBJ_038","W","distributed","deciduousForest",33.414259,-97.597098,"WGS84",20.1,282.2,0.1,"2017-04-26","2017-05-10","CLBJ.2017.20",14,"Y","CLBJ_038.W.20170510","Ok","Ok","Ok","NEON.DOC.014050vK","EAA7v+wQgjZOygosNkUyc6C7X/H/iRg1pBHCfwQLnSU=",
"d95cf8a6-20fb-4714-a2c1-7e27051a545b","CLBJ_038.basePlot.bet","D11","CLBJ","CLBJ_038","S","distributed","deciduousForest",33.414259,-97.597098,"WGS84",20.1,282.2,0.1,"2017-04-26","2017-05-10","CLBJ.2017.20",14,"Y","CLBJ_038.S.20170510","Ok","Ok","Ok","NEON.DOC.014050vK","EAA7v+wQgjZOygosNkUyc6C7X/H/iRg1pBHCfwQLnSU=",
"70cf883b-001e-439c-9a7a-94d1834fc384","CLBJ_040.basePlot.bet","D11","CLBJ","CLBJ_040","S","distributed","deciduousForest",33.378824,-97.646691,"WGS84",20.1,331.6,0.1,"2017-04-26","2017-05-10","CLBJ.2017.20",14,"Y","CLBJ_040.S.20170510","Ok","Ok","Ok","NEON.DOC.014050vK","EAA7v+wQgjZOygosNkUyc6C7X/H/iRg1pBHCfwQLnSU=",
"f031cfd3-3e92-4792-aa49-f37db4b65d92","CLBJ_032.basePlot.bet","D11","CLBJ","CLBJ_032","E","distributed","grasslandHerbaceous",33.406134,-97.593996,"WGS84",20.1,291.0,0.1,"2017-04-26","2017-05-10","CLBJ.2017.20",14,"Y","CLBJ_032.E.20170510","Ok","Ok","Ok","NEON.DOC.014050vK","EAA7v+wQgjZOygosNkUyc6C7X/H/iRg1pBHCfwQLnSU=",
"66f0ed96-d537-43d9-809c-4396cb117280","CLBJ_032.basePlot.bet","D11","CLBJ","CLBJ_032","W","distributed","grasslandHerbaceous",33.406134,-97.593996,"WGS84",20.1,291.0,0.1,"2017-04-26","2017-05-10","CLBJ.2017.20",14,"Y","CLBJ_032.W.20170510","Ok","Ok","Ok","NEON.DOC.014050vK","EAA7v+wQgjZOygosNkUyc6C7X/H/iRg1pBHCfwQLnSU=",
"bb39b224-04f4-46a7-8b49-d7c7f243d97c","CLBJ_032.basePlot.bet","D11","CLBJ","CLBJ_032","N","distributed","grasslandHerbaceous",33.406134,-97.593996,"WGS84",20.1,291.0,0.1,"2017-04-26","2017-05-10","CLBJ.2017.20",14,"Y","CLBJ_032.N.20170510","Ok","Ok","Ok","NEON.DOC.014050vK","EAA7v+wQgjZOygosNkUyc6C7X/H/iRg1pBHCfwQLnSU=",
"ebc18eee-560a-4fa6-8ad2-b35a60e24505","CLBJ_040.basePlot.bet","D11","CLBJ","CLBJ_040","W","distributed","deciduousForest",33.378824,-97.646691,"WGS84",20.1,331.6,0.1,"2017-04-26","2017-05-10","CLBJ.2017.20",14,"Y","CLBJ_040.W.20170510","Ok","Ok","Ok","NEON.DOC.014050vK","EAA7v+wQgjZOygosNkUyc6C7X/H/iRg1pBHCfwQLnSU=",
"628b1faf-76fa-4466-91a4-79f6c10a6e7f","CLBJ_043.basePlot.bet","D11","CLBJ","CLBJ_043","E","distributed","deciduousForest",33.409931,-97.595224,"WGS84",20.1,282.9,0.1,"2017-04-26","2017-05-10","CLBJ.2017.20",14,"Y","CLBJ_043.E.20170510","Ok","Ok","Ok","NEON.DOC.014050vK","EAA7v+wQgjZOygosNkUyc6C7X/H/iRg1pBHCfwQLnSU=",
"5e8052ac-d5d3-4a26-8276-5256c92e1612","CLBJ_043.basePlot.bet","D11","CLBJ","CLBJ_043","S","distributed","deciduousForest",33.409931,-97.595224,"WGS84",20.1,282.9,0.1,"2017-04-26","2017-05-10","CLBJ.2017.20",14,"Y","CLBJ_043.S.20170510","Ok","Ok","Ok","NEON.DOC.014050vK","EAA7v+wQgjZOygosNkUyc6C7X/H/iRg1pBHCfwQLnSU=",
"c5161d1b-99fb-4ae8-b38c-d1bd56f5c896","CLBJ_043.basePlot.bet","D11","CLBJ","CLBJ_043","N","distributed","deciduousForest",33.409931,-97.595224,"WGS84",20.1,282.9,0.1,"2017-04-26","2017-05-10","CLBJ.2017.20",14,"Y","CLBJ_043.N.20170510","Ok","Ok","Ok","NEON.DOC.014050vK","EAA7v+wQgjZOygosNkUyc6C7X/H/iRg1pBHCfwQLnSU=",
"5597ff45-15bf-4855-b98f-49fa4f9df2f1","CLBJ_032.basePlot.bet","D11","CLBJ","CLBJ_032","S","distributed","grasslandHerbaceous",33.406134,-97.593996,"WGS84",20.1,291.0,0.1,"2017-04-26","2017-05-10","CLBJ.2017.20",14,"Y","CLBJ_032.S.20170510","Ok","Ok","Ok","NEON.DOC.014050vK","EAA7v+wQgjZOygosNkUyc6C7X/H/iRg1pBHCfwQLnSU=",
"52ed3203-97a7-42df-a10b-fbd5a94fe846","CLBJ_043.basePlot.bet","D11","CLBJ","CLBJ_043","W","distributed","deciduousForest",33.409931,-97.595224,"WGS84",20.1,282.9,0.1,"2017-04-26","2017-05-10","CLBJ.2017.20",14,"Y","CLBJ_043.W.20170510","Ok","Ok","Ok","NEON.DOC.014050vK","EAA7v+wQgjZOygosNkUyc6C7X/H/iRg1pBHCfwQLnSU=",
"5b01005d-29ad-40c4-a7d8-c5b49f44cdb1","CLBJ_035.basePlot.bet","D11","CLBJ","CLBJ_035","N","distributed","grasslandHerbaceous",33.329927,-97.579437,"WGS84",20.1,307.7,0.1,"2017-04-26","2017-05-10","CLBJ.2017.20",14,"Y","CLBJ_035.N.20170510","Ok","Ok","Ok","NEON.DOC.014050vK","/SZ9gQT0eLqwqNZp5Y4LY8GjxO2nhQVhhcHFyjZkNFM=",
"e808062e-7429-4e44-91bc-237755ffebba","CLBJ_035.basePlot.bet","D11","CLBJ","CLBJ_035","S","distributed","grasslandHerbaceous",33.329927,-97.579437,"WGS84",20.1,307.7,0.1,"2017-04-26","2017-05-10","CLBJ.2017.20",14,"Y","CLBJ_035.S.20170510","Ok","Ok","Ok","NEON.DOC.014050vK","/SZ9gQT0eLqwqNZp5Y4LY8GjxO2nhQVhhcHFyjZkNFM=",
"69a2b77c-9081-4d05-8dee-4ef8de571d93","CLBJ_035.basePlot.bet","D11","CLBJ","CLBJ_035","E","distributed","grasslandHerbaceous",33.329927,-97.579437,"WGS84",20.1,307.7,0.1,"2017-04-26","2017-05-10","CLBJ.2017.20",14,"Y","CLBJ_035.E.20170510","Ok","Ok","Low","NEON.DOC.014050vK","/SZ9gQT0eLqwqNZp5Y4LY8GjxO2nhQVhhcHFyjZkNFM=",
"4f0ee161-dd16-442d-b367-3a49edee94e1","CLBJ_035.basePlot.bet","D11","CLBJ","CLBJ_035","W","distributed","grasslandHerbaceous",33.329927,-97.579437,"WGS84",20.1,307.7,0.1,"2017-04-26","2017-05-10","CLBJ.2017.20",14,"Y","CLBJ_035.W.20170510","Ok","Ok","Ok","NEON.DOC.014050vK","/SZ9gQT0eLqwqNZp5Y4LY8GjxO2nhQVhhcHFyjZkNFM=",
"95d333fb-1fe1-4b7b-b2f1-3b8088893732","CLBJ_034.basePlot.bet","D11","CLBJ","CLBJ_034","N","distributed","grasslandHerbaceous",33.321251,-97.577650,"WGS84",20.0,324.0,0.0,"2017-04-26","2017-05-10","CLBJ.2017.20",14,"Y","CLBJ_034.N.20170510","Ok","Ok","Ok","NEON.DOC.014050vK","/SZ9gQT0eLqwqNZp5Y4LY8GjxO2nhQVhhcHFyjZkNFM=",
"372244fa-0ae3-4e70-9b74-fd14a3691ce7","CLBJ_034.basePlot.bet","D11","CLBJ","CLBJ_034","W","distributed","grasslandHerbaceous",33.321251,-97.577650,"WGS84",20.0,324.0,0.0,"2017-04-26","2017-05-10","CLBJ.2017.20",14,"Y","CLBJ_034.W.20170510","Ok","Ok","Ok","NEON.DOC.014050vK","/SZ9gQT0eLqwqNZp5Y4LY8GjxO2nhQVhhcHFyjZkNFM=",
"9fef98b5-b0ef-4f92-80e9-b7387b30dd56","CLBJ_034.basePlot.bet","D11","CLBJ","CLBJ_034","E","distributed","grasslandHerbaceous",33.321251,-97.577650,"WGS84",20.0,324.0,0.0,"2017-04-26","2017-05-10","CLBJ.2017.20",14,"Y","CLBJ_034.E.20170510","Ok","Ok","Ok","NEON.DOC.014050vK","/SZ9gQT0eLqwqNZp5Y4LY8GjxO2nhQVhhcHFyjZkNFM=",
"66e6276b-cab3-4cf3-a569-adc7144ab343","CLBJ_034.basePlot.bet","D11","CLBJ","CLBJ_034","S","distributed","grasslandHerbaceous",33.321251,-97.577650,"WGS84",20.0,324.0,0.0,"2017-04-26","2017-05-10","CLBJ.2017.20",14,"Y","CLBJ_034.S.20170510","Ok","Ok","Ok","NEON.DOC.014050vK","/SZ9gQT0eLqwqNZp5Y4LY8GjxO2nhQVhhcHFyjZkNFM=",
"15aff68e-fd4d-44f7-81c9-9b5041c9215e","CLBJ_033.basePlot.bet","D11","CLBJ","CLBJ_033","W","distributed","deciduousForest",33.380971,-97.620210,"WGS84",20.1,309.8,0.1,"2017-04-26","2017-05-10","CLBJ.2017.20",14,"Y","CLBJ_033.W.20170510","Ok","Ok","Ok","NEON.DOC.014050vK","/SZ9gQT0eLqwqNZp5Y4LY8GjxO2nhQVhhcHFyjZkNFM=",
"dbf567f1-beb6-4c10-ba5d-7b465d8f6f7e","CLBJ_033.basePlot.bet","D11","CLBJ","CLBJ_033","S","distributed","deciduousForest",33.380971,-97.620210,"WGS84",20.1,309.8,0.1,"2017-04-26","2017-05-10","CLBJ.2017.20",14,"Y","CLBJ_033.S.20170510","Ok","Ok","Ok","NEON.DOC.014050vK","/SZ9gQT0eLqwqNZp5Y4LY8GjxO2nhQVhhcHFyjZkNFM=",
"dc60f5c4-ff3e-408b-8692-30e8e3f4e38d","CLBJ_033.basePlot.bet","D11","CLBJ","CLBJ_033","N","distributed","deciduousForest",33.380971,-97.620210,"WGS84",20.1,309.8,0.1,"2017-04-26","2017-05-10","CLBJ.2017.20",14,"Y","CLBJ_033.N.20170510","Ok","Ok","Ok","NEON.DOC.014050vK","/SZ9gQT0eLqwqNZp5Y4LY8GjxO2nhQVhhcHFyjZkNFM=",
"0cb55706-2b47-4c26-9a07-c88e89eac0ee","CLBJ_033.basePlot.bet","D11","CLBJ","CLBJ_033","E","distributed","deciduousForest",33.380971,-97.620210,"WGS84",20.1,309.8,0.1,"2017-04-26","2017-05-10","CLBJ.2017.20",14,"Y","CLBJ_033.E.20170510","Ok","Ok","Ok","NEON.DOC.014050vK","/SZ9gQT0eLqwqNZp5Y4LY8GjxO2nhQVhhcHFyjZkNFM=",
"7591e247-5254-4fe3-ae4e-bb4ec3249d3d","CLBJ_042.basePlot.bet","D11","CLBJ","CLBJ_042","E","distributed","deciduousForest",33.371534,-97.597793,"WGS84",20.1,311.9,0.1,"2017-04-26","2017-05-10","CLBJ.2017.20",14,"Y","CLBJ_042.E.20170510","Ok","Ok","Ok","NEON.DOC.014050vK","/SZ9gQT0eLqwqNZp5Y4LY8GjxO2nhQVhhcHFyjZkNFM=",
"d7e919c3-6671-484d-8bfb-515a3d42ca64","CLBJ_042.basePlot.bet","D11","CLBJ","CLBJ_042","W","distributed","deciduousForest",33.371534,-97.597793,"WGS84",20.1,311.9,0.1,"2017-04-26","2017-05-10","CLBJ.2017.20",14,"Y","CLBJ_042.W.20170510","Ok","Ok","Ok","NEON.DOC.014050vK","/SZ9gQT0eLqwqNZp5Y4LY8GjxO2nhQVhhcHFyjZkNFM=",
"89bcd7c0-4582-4d8b-bf4b-6c8aecb3b458","CLBJ_042.basePlot.bet","D11","CLBJ","CLBJ_042","N","distributed","deciduousForest",33.371534,-97.597793,"WGS84",20.1,311.9,0.1,"2017-04-26","2017-05-10","CLBJ.2017.20",14,"Y","CLBJ_042.N.20170510","Ok","Ok","Ok","NEON.DOC.014050vK","/SZ9gQT0eLqwqNZp5Y4LY8GjxO2nhQVhhcHFyjZkNFM=",
"f86167f0-b24c-4613-887e-2e3a2c276659","CLBJ_042.basePlot.bet","D11","CLBJ","CLBJ_042","S","distributed","deciduousForest",33.371534,-97.597793,"WGS84",20.1,311.9,0.1,"2017-04-26","2017-05-10","CLBJ.2017.20",14,"Y","CLBJ_042.S.20170510","Ok","Ok","Ok","NEON.DOC.014050vK","/SZ9gQT0eLqwqNZp5Y4LY8GjxO2nhQVhhcHFyjZkNFM=",
"07c30cb6-30ad-4958-84fd-97cce68c2e4b","CLBJ_031.basePlot.bet","D11","CLBJ","CLBJ_031","W","distributed","grasslandHerbaceous",33.375278,-97.595151,"WGS84",20.1,293.6,0.1,"2017-04-26","2017-05-10","CLBJ.2017.20",14,"Y","CLBJ_031.W.20170510","Ok","Ok","Ok","NEON.DOC.014050vK","/SZ9gQT0eLqwqNZp5Y4LY8GjxO2nhQVhhcHFyjZkNFM=",
"e4d2c314-8b9c-46cb-9874-710b1bea1fa7","CLBJ_031.basePlot.bet","D11","CLBJ","CLBJ_031","S","distributed","grasslandHerbaceous",33.375278,-97.595151,"WGS84",20.1,293.6,0.1,"2017-04-26","2017-05-10","CLBJ.2017.20",14,"Y","CLBJ_031.S.20170510","Ok","Ok","Ok","NEON.DOC.014050vK","/SZ9gQT0eLqwqNZp5Y4LY8GjxO2nhQVhhcHFyjZkNFM=",
"42f569c1-f565-4b69-98a6-193c7d9aeb31","CLBJ_031.basePlot.bet","D11","CLBJ","CLBJ_031","E","distributed","grasslandHerbaceous",33.375278,-97.595151,"WGS84",20.1,293.6,0.1,"2017-04-26","2017-05-10","CLBJ.2017.20",14,"Y","CLBJ_031.E.20170510","Ok","Ok","Ok","NEON.DOC.014050vK","/SZ9gQT0eLqwqNZp5Y4LY8GjxO2nhQVhhcHFyjZkNFM=",
"4ac624d0-b2c8-47eb-b54b-3f13b1de2fac","CLBJ_031.basePlot.bet","D11","CLBJ","CLBJ_031","N","distributed","grasslandHerbaceous",33.375278,-97.595151,"WGS84",20.1,293.6,0.1,"2017-04-26","2017-05-10","CLBJ.2017.20",14,"Y","CLBJ_031.N.20170510","Ok","Ok","Ok","NEON.DOC.014050vK","/SZ9gQT0eLqwqNZp5Y4LY8GjxO2nhQVhhcHFyjZkNFM=",
"0f6246d5-3345-446e-a650-f1e526ec1f73","CLBJ_031.basePlot.bet","D11","CLBJ","CLBJ_031","N","distributed","grasslandHerbaceous",33.375278,-97.595151,"WGS84",20.1,293.6,0.1,"2017-05-10","2017-05-24","CLBJ.2017.22",14,"Y","CLBJ_031.N.20170524","Ok","Ok","Ok","NEON.DOC.014050vK","8oBGJXNLkaAAFE1nw09DzI5VcrXP1nOx4bDlPvMWkW4=",
"046a08fe-3930-4f8d-a347-4a0acabde05c","CLBJ_043.basePlot.bet","D11","CLBJ","CLBJ_043","E","distributed","deciduousForest",33.409931,-97.595224,"WGS84",20.1,282.9,0.1,"2017-05-10","2017-05-24","CLBJ.2017.22",14,"Y","CLBJ_043.E.20170524","Ok","Ok","Ok","NEON.DOC.014050vK","xP4KKGihqFI0UU/zU9+Tjib2xvnmUUFCVPHurDTMPoA=",
"1ac0283a-76a0-4965-bdf5-eb2a0e11fcb0","CLBJ_031.basePlot.bet","D11","CLBJ","CLBJ_031","S","distributed","grasslandHerbaceous",33.375278,-97.595151,"WGS84",20.1,293.6,0.1,"2017-05-10","2017-05-24","CLBJ.2017.22",14,"Y","CLBJ_031.S.20170524","Ok","Ok","Ok","NEON.DOC.014050vK","8oBGJXNLkaAAFE1nw09DzI5VcrXP1nOx4bDlPvMWkW4=",
"9740d2a5-1d61-4bdd-94e1-262549908556","CLBJ_042.basePlot.bet","D11","CLBJ","CLBJ_042","N","distributed","deciduousForest",33.371534,-97.597793,"WGS84",20.1,311.9,0.1,"2017-05-10","2017-05-24","CLBJ.2017.22",14,"Y","CLBJ_042.N.20170524","Ok","Ok","Ok","NEON.DOC.014050vK","8oBGJXNLkaAAFE1nw09DzI5VcrXP1nOx4bDlPvMWkW4=",
"83788936-3ad8-4466-a826-2b9610203912","CLBJ_031.basePlot.bet","D11","CLBJ","CLBJ_031","E","distributed","grasslandHerbaceous",33.375278,-97.595151,"WGS84",20.1,293.6,0.1,"2017-05-10","2017-05-24","CLBJ.2017.22",14,"Y","CLBJ_031.E.20170524","Ok","Ok","Ok","NEON.DOC.014050vK","8oBGJXNLkaAAFE1nw09DzI5VcrXP1nOx4bDlPvMWkW4=",
"c8dc5dec-5239-4c05-82d0-670a62b75c9f","CLBJ_033.basePlot.bet","D11","CLBJ","CLBJ_033","W","distributed","deciduousForest",33.380971,-97.620210,"WGS84",20.1,309.8,0.1,"2017-05-10","2017-05-24","CLBJ.2017.22",14,"Y","CLBJ_033.W.20170524","Ok","Ok","Ok","NEON.DOC.014050vK","8oBGJXNLkaAAFE1nw09DzI5VcrXP1nOx4bDlPvMWkW4=",
"20239102-8035-4aa0-8be3-9edb5e787bc8","CLBJ_042.basePlot.bet","D11","CLBJ","CLBJ_042","S","distributed","deciduousForest",33.371534,-97.597793,"WGS84",20.1,311.9,0.1,"2017-05-10","2017-05-24","CLBJ.2017.22",14,"Y","CLBJ_042.S.20170524","Ok","Ok","Ok","NEON.DOC.014050vK","8oBGJXNLkaAAFE1nw09DzI5VcrXP1nOx4bDlPvMWkW4=",
"3e6e019f-e893-44c2-8525-32a91bc9947d","CLBJ_042.basePlot.bet","D11","CLBJ","CLBJ_042","W","distributed","deciduousForest",33.371534,-97.597793,"WGS84",20.1,311.9,0.1,"2017-05-10","2017-05-24","CLBJ.2017.22",14,"Y","CLBJ_042.W.20170524","Ok","Ok","Ok","NEON.DOC.014050vK","8oBGJXNLkaAAFE1nw09DzI5VcrXP1nOx4bDlPvMWkW4=",
"f28e0192-ebbb-49d3-8ac0-6626dfd1eb9a","CLBJ_033.basePlot.bet","D11","CLBJ","CLBJ_033","S","distributed","deciduousForest",33.380971,-97.620210,"WGS84",20.1,309.8,0.1,"2017-05-10","2017-05-24","CLBJ.2017.22",14,"Y","CLBJ_033.S.20170524","Ok","Ok","Ok","NEON.DOC.014050vK","8oBGJXNLkaAAFE1nw09DzI5VcrXP1nOx4bDlPvMWkW4=",
"c4134e9c-7092-4f43-8c16-24601705f9ef","CLBJ_033.basePlot.bet","D11","CLBJ","CLBJ_033","N","distributed","deciduousForest",33.380971,-97.620210,"WGS84",20.1,309.8,0.1,"2017-05-10","2017-05-24","CLBJ.2017.22",14,"Y","CLBJ_033.N.20170524","Ok","Ok","Ok","NEON.DOC.014050vK","8oBGJXNLkaAAFE1nw09DzI5VcrXP1nOx4bDlPvMWkW4=",
"a05b1f5b-e5c8-4e44-8e66-c2717dc8744f","CLBJ_042.basePlot.bet","D11","CLBJ","CLBJ_042","E","distributed","deciduousForest",33.371534,-97.597793,"WGS84",20.1,311.9,0.1,"2017-05-10","2017-05-24","CLBJ.2017.22",14,"Y","CLBJ_042.E.20170524","Ok","Ok","Ok","NEON.DOC.014050vK","8oBGJXNLkaAAFE1nw09DzI5VcrXP1nOx4bDlPvMWkW4=",
"3437307f-a7b3-4114-b228-fa81802ee17f","CLBJ_034.basePlot.bet","D11","CLBJ","CLBJ_034","S","distributed","grasslandHerbaceous",33.321251,-97.577650,"WGS84",20.0,324.0,0.0,"2017-05-10","2017-05-24","CLBJ.2017.22",14,"Y","CLBJ_034.S.20170524","Ok","Ok","Ok","NEON.DOC.014050vK","8oBGJXNLkaAAFE1nw09DzI5VcrXP1nOx4bDlPvMWkW4=",
"4e76f14f-3af7-43b2-8b05-061d891d32f0","CLBJ_033.basePlot.bet","D11","CLBJ","CLBJ_033","E","distributed","deciduousForest",33.380971,-97.620210,"WGS84",20.1,309.8,0.1,"2017-05-10","2017-05-24","CLBJ.2017.22",14,"Y","CLBJ_033.E.20170524","Ok","Ok","Ok","NEON.DOC.014050vK","8oBGJXNLkaAAFE1nw09DzI5VcrXP1nOx4bDlPvMWkW4=",
"b19377a5-cfaa-49a0-a310-4944075a1743","CLBJ_034.basePlot.bet","D11","CLBJ","CLBJ_034","E","distributed","grasslandHerbaceous",33.321251,-97.577650,"WGS84",20.0,324.0,0.0,"2017-05-10","2017-05-24","CLBJ.2017.22",14,"Y","CLBJ_034.E.20170524","Ok","Ok","Ok","NEON.DOC.014050vK","8oBGJXNLkaAAFE1nw09DzI5VcrXP1nOx4bDlPvMWkW4=",
"7f4eeb9b-75b9-4fac-8966-fc425eaf3d5a","CLBJ_034.basePlot.bet","D11","CLBJ","CLBJ_034","W","distributed","grasslandHerbaceous",33.321251,-97.577650,"WGS84",20.0,324.0,0.0,"2017-05-10","2017-05-24","CLBJ.2017.22",14,"Y","CLBJ_034.W.20170524","Ok","Ok","Ok","NEON.DOC.014050vK","8oBGJXNLkaAAFE1nw09DzI5VcrXP1nOx4bDlPvMWkW4=",
"8dc4ad2d-4440-4a9f-8f68-a9ec4b9ece60","CLBJ_034.basePlot.bet","D11","CLBJ","CLBJ_034","N","distributed","grasslandHerbaceous",33.321251,-97.577650,"WGS84",20.0,324.0,0.0,"2017-05-10","2017-05-24","CLBJ.2017.22",14,"Y","CLBJ_034.N.20170524","Ok","Ok","Ok","NEON.DOC.014050vK","8oBGJXNLkaAAFE1nw09DzI5VcrXP1nOx4bDlPvMWkW4=","Dug hole deeper. Reset trap in ground because it was raised 1 inch above ground."
"3b30beee-e0a1-492f-976e-68d34c20a328","CLBJ_035.basePlot.bet","D11","CLBJ","CLBJ_035","E","distributed","grasslandHerbaceous",33.329927,-97.579437,"WGS84",20.1,307.7,0.1,"2017-05-10","2017-05-24","CLBJ.2017.22",14,"Y","CLBJ_035.E.20170524","Ok","Ok","Ok","NEON.DOC.014050vK","8oBGJXNLkaAAFE1nw09DzI5VcrXP1nOx4bDlPvMWkW4=",
"1d5e89bd-6b3e-42b5-9c07-068b79c091ec","CLBJ_035.basePlot.bet","D11","CLBJ","CLBJ_035","S","distributed","grasslandHerbaceous",33.329927,-97.579437,"WGS84",20.1,307.7,0.1,"2017-05-10","2017-05-24","CLBJ.2017.22",14,"Y","CLBJ_035.S.20170524","Ok","Ok","Ok","NEON.DOC.014050vK","8oBGJXNLkaAAFE1nw09DzI5VcrXP1nOx4bDlPvMWkW4=",
"93ea4e9b-3348-42e0-be3c-a891e90b9eed","CLBJ_035.basePlot.bet","D11","CLBJ","CLBJ_035","N","distributed","grasslandHerbaceous",33.329927,-97.579437,"WGS84",20.1,307.7,0.1,"2017-05-10","2017-05-24","CLBJ.2017.22",14,"Y","CLBJ_035.N.20170524","Ok","Ok","Ok","NEON.DOC.014050vK","8oBGJXNLkaAAFE1nw09DzI5VcrXP1nOx4bDlPvMWkW4=",
"fe20ea0e-4316-42d5-b09f-d7063492dd30","CLBJ_035.basePlot.bet","D11","CLBJ","CLBJ_035","W","distributed","grasslandHerbaceous",33.329927,-97.579437,"WGS84",20.1,307.7,0.1,"2017-05-10","2017-05-24","CLBJ.2017.22",14,"Y","CLBJ_035.W.20170524","Ok","Ok","Ok","NEON.DOC.014050vK","8oBGJXNLkaAAFE1nw09DzI5VcrXP1nOx4bDlPvMWkW4=",
"521bbe5e-76a3-4e75-9ac1-2977e308d9ae","CLBJ_040.basePlot.bet","D11","CLBJ","CLBJ_040","S","distributed","deciduousForest",33.378824,-97.646691,"WGS84",20.1,331.6,0.1,"2017-05-10","2017-05-24","CLBJ.2017.22",14,"Y","CLBJ_040.S.20170524","Ok","Ok","Ok","NEON.DOC.014050vK","8oBGJXNLkaAAFE1nw09DzI5VcrXP1nOx4bDlPvMWkW4=",
"e5d51af9-e51a-49c0-94a6-8be729501ea6","CLBJ_040.basePlot.bet","D11","CLBJ","CLBJ_040","W","distributed","deciduousForest",33.378824,-97.646691,"WGS84",20.1,331.6,0.1,"2017-05-10","2017-05-24","CLBJ.2017.22",14,"Y","CLBJ_040.W.20170524","Ok","Ok","Ok","NEON.DOC.014050vK","8oBGJXNLkaAAFE1nw09DzI5VcrXP1nOx4bDlPvMWkW4=",
"9770ed01-8ea8-4d7d-924a-8c672414094e","CLBJ_040.basePlot.bet","D11","CLBJ","CLBJ_040","E","distributed","deciduousForest",33.378824,-97.646691,"WGS84",20.1,331.6,0.1,"2017-05-10","2017-05-24","CLBJ.2017.22",14,"Y","CLBJ_040.E.20170524","Ok","Ok","Ok","NEON.DOC.014050vK","8oBGJXNLkaAAFE1nw09DzI5VcrXP1nOx4bDlPvMWkW4=",
"5410c649-d236-4cc5-a9cd-c10e01467166","CLBJ_040.basePlot.bet","D11","CLBJ","CLBJ_040","N","distributed","deciduousForest",33.378824,-97.646691,"WGS84",20.1,331.6,0.1,"2017-05-10","2017-05-24","CLBJ.2017.22",14,"Y","CLBJ_040.N.20170524","Ok","Ok","Ok","NEON.DOC.014050vK","8oBGJXNLkaAAFE1nw09DzI5VcrXP1nOx4bDlPvMWkW4=",
"e5857fed-48df-481c-94d9-789aaa0c1741","CLBJ_036.basePlot.bet","D11","CLBJ","CLBJ_036","W","distributed","grasslandHerbaceous",33.397578,-97.579950,"WGS84",20.1,289.1,0.1,"2017-05-10","2017-05-24","CLBJ.2017.22",14,"Y","CLBJ_036.W.20170524","Ok","Ok","High","NEON.DOC.014050vK","xP4KKGihqFI0UU/zU9+Tjib2xvnmUUFCVPHurDTMPoA=",
"baff35ad-7159-4900-9047-d147b8bf44f5","CLBJ_036.basePlot.bet","D11","CLBJ","CLBJ_036","S","distributed","grasslandHerbaceous",33.397578,-97.579950,"WGS84",20.1,289.1,0.1,"2017-05-10","2017-05-24","CLBJ.2017.22",14,"Y","CLBJ_036.S.20170524","Ok","Ok","Ok","NEON.DOC.014050vK","xP4KKGihqFI0UU/zU9+Tjib2xvnmUUFCVPHurDTMPoA=",
"ccd0091f-6cbe-4807-b614-99f91206cf71","CLBJ_038.basePlot.bet","D11","CLBJ","CLBJ_038","E","distributed","deciduousForest",33.414259,-97.597098,"WGS84",20.1,282.2,0.1,"2017-05-10","2017-05-24","CLBJ.2017.22",14,"Y","CLBJ_038.E.20170524","Ok","Ok","Ok","NEON.DOC.014050vK","xP4KKGihqFI0UU/zU9+Tjib2xvnmUUFCVPHurDTMPoA=",
"fc657782-2111-4378-9a39-8f4cec0ebc44","CLBJ_038.basePlot.bet","D11","CLBJ","CLBJ_038","N","distributed","deciduousForest",33.414259,-97.597098,"WGS84",20.1,282.2,0.1,"2017-05-10","2017-05-24","CLBJ.2017.22",14,"Y","CLBJ_038.N.20170524","Ok","Ok","Ok","NEON.DOC.014050vK","xP4KKGihqFI0UU/zU9+Tjib2xvnmUUFCVPHurDTMPoA=",
"ba359782-613f-4509-a3d0-bd32cbcf1e02","CLBJ_036.basePlot.bet","D11","CLBJ","CLBJ_036","E","distributed","grasslandHerbaceous",33.397578,-97.579950,"WGS84",20.1,289.1,0.1,"2017-05-10","2017-05-24","CLBJ.2017.22",14,"Y","CLBJ_036.E.20170524","Ok","Ok","Ok","NEON.DOC.014050vK","xP4KKGihqFI0UU/zU9+Tjib2xvnmUUFCVPHurDTMPoA=",
"30968015-f1e8-4701-95a4-4a95a2cea734","CLBJ_038.basePlot.bet","D11","CLBJ","CLBJ_038","W","distributed","deciduousForest",33.414259,-97.597098,"WGS84",20.1,282.2,0.1,"2017-05-10","2017-05-24","CLBJ.2017.22",14,"Y","CLBJ_038.W.20170524","Ok","Ok","Ok","NEON.DOC.014050vK","xP4KKGihqFI0UU/zU9+Tjib2xvnmUUFCVPHurDTMPoA=",
"2db9ec52-8eb0-41d3-bf23-39b52d8404db","CLBJ_038.basePlot.bet","D11","CLBJ","CLBJ_038","S","distributed","deciduousForest",33.414259,-97.597098,"WGS84",20.1,282.2,0.1,"2017-05-10","2017-05-24","CLBJ.2017.22",14,"Y","CLBJ_038.S.20170524","Ok","Ok","Ok","NEON.DOC.014050vK","xP4KKGihqFI0UU/zU9+Tjib2xvnmUUFCVPHurDTMPoA=",
"30761b53-5b16-4072-837b-9033a4141bd4","CLBJ_036.basePlot.bet","D11","CLBJ","CLBJ_036","N","distributed","grasslandHerbaceous",33.397578,-97.579950,"WGS84",20.1,289.1,0.1,"2017-05-10","2017-05-24","CLBJ.2017.22",14,"Y","CLBJ_036.N.20170524","Ok","Ok","Ok","NEON.DOC.014050vK","xP4KKGihqFI0UU/zU9+Tjib2xvnmUUFCVPHurDTMPoA=",
"f76b567a-7e3f-4462-939b-145830bc4994","CLBJ_032.basePlot.bet","D11","CLBJ","CLBJ_032","E","distributed","grasslandHerbaceous",33.406134,-97.593996,"WGS84",20.1,291.0,0.1,"2017-05-10","2017-05-24","CLBJ.2017.22",14,"Y","CLBJ_032.E.20170524","Ok","Ok","Ok","NEON.DOC.014050vK","xP4KKGihqFI0UU/zU9+Tjib2xvnmUUFCVPHurDTMPoA=",
"ca4c7270-c2b2-4826-8ace-aa3b33b69dd9","CLBJ_032.basePlot.bet","D11","CLBJ","CLBJ_032","W","distributed","grasslandHerbaceous",33.406134,-97.593996,"WGS84",20.1,291.0,0.1,"2017-05-10","2017-05-24","CLBJ.2017.22",14,"Y","CLBJ_032.W.20170524","Ok","Ok","Ok","NEON.DOC.014050vK","xP4KKGihqFI0UU/zU9+Tjib2xvnmUUFCVPHurDTMPoA=",
"4e0defca-9628-446d-bb64-ce5069c4a4c1","CLBJ_032.basePlot.bet","D11","CLBJ","CLBJ_032","N","distributed","grasslandHerbaceous",33.406134,-97.593996,"WGS84",20.1,291.0,0.1,"2017-05-10","2017-05-24","CLBJ.2017.22",14,"Y","CLBJ_032.N.20170524","Ok","Ok","Ok","NEON.DOC.014050vK","xP4KKGihqFI0UU/zU9+Tjib2xvnmUUFCVPHurDTMPoA=",
"f2f8aaf9-e498-4e22-b80f-c4364abb8ae5","CLBJ_043.basePlot.bet","D11","CLBJ","CLBJ_043","N","distributed","deciduousForest",33.409931,-97.595224,"WGS84",20.1,282.9,0.1,"2017-05-10","2017-05-24","CLBJ.2017.22",14,"Y","CLBJ_043.N.20170524","Ok","Ok","Ok","NEON.DOC.014050vK","xP4KKGihqFI0UU/zU9+Tjib2xvnmUUFCVPHurDTMPoA=",
"d4a91de1-5546-4d43-a3b3-548150a6693f","CLBJ_043.basePlot.bet","D11","CLBJ","CLBJ_043","S","distributed","deciduousForest",33.409931,-97.595224,"WGS84",20.1,282.9,0.1,"2017-05-10","2017-05-24","CLBJ.2017.22",14,"Y","CLBJ_043.S.20170524","Ok","Ok","Ok","NEON.DOC.014050vK","xP4KKGihqFI0UU/zU9+Tjib2xvnmUUFCVPHurDTMPoA=",
"dec08be1-fd83-46e8-b9c1-880517bbf25b","CLBJ_032.basePlot.bet","D11","CLBJ","CLBJ_032","S","distributed","grasslandHerbaceous",33.406134,-97.593996,"WGS84",20.1,291.0,0.1,"2017-05-10","2017-05-24","CLBJ.2017.22",14,"Y","CLBJ_032.S.20170524","Ok","Ok","Ok","NEON.DOC.014050vK","xP4KKGihqFI0UU/zU9+Tjib2xvnmUUFCVPHurDTMPoA=",
"68258e7f-da32-478a-b0cc-cbf48b986e93","CLBJ_043.basePlot.bet","D11","CLBJ","CLBJ_043","W","distributed","deciduousForest",33.409931,-97.595224,"WGS84",20.1,282.9,0.1,"2017-05-10","2017-05-24","CLBJ.2017.22",14,"Y","CLBJ_043.W.20170524","Ok","Ok","Ok","NEON.DOC.014050vK","xP4KKGihqFI0UU/zU9+Tjib2xvnmUUFCVPHurDTMPoA=",
"3c30d545-e0ee-4546-86d5-d0db41a71c75","CLBJ_031.basePlot.bet","D11","CLBJ","CLBJ_031","W","distributed","grasslandHerbaceous",33.375278,-97.595151,"WGS84",20.1,293.6,0.1,"2017-05-10","2017-05-24","CLBJ.2017.22",14,"Y","CLBJ_031.W.20170524","Ok","Ok","Ok","NEON.DOC.014050vK","8oBGJXNLkaAAFE1nw09DzI5VcrXP1nOx4bDlPvMWkW4=",
