uid,namedLocation,domainID,siteID,plotID,setDate,collectDate,processingDate,subsampleIDList,archiveVialID,scientificName,recordedBy,remarks
"6297aa4d-f62c-463e-a36b-723cd877b60c","TREE_008.basePlot.bet","D05","TREE","TREE_008","2016-05-31","2016-06-14","2016-08-25","qq7R3GoWJrt6iBtboHwVz7ca2ZusWsfsrAwiGzKm2UpeA/qqG/clOlzEXmcDYKdoW6K4+BmQXwLH+ApW09y0tABMV7j6Cs2zY9YN7r3BwSvf/H4Js/bRoYBAP2JmaGGnuLAOKLZa7wM=","qq7R3GoWJru6qhrPA2zh3TUD3KyvAC2A",,,
"f262b6db-7015-4cee-93a6-67ef3b52bd80","TREE_004.basePlot.bet","D05","TREE","TREE_004","2016-05-31","2016-06-14","2016-08-25","O9CsZllnq8/5djUJpq4o8g9+0zyWN6eB8e0qhUdw1C+d75XIbVro+49nfUGemnU2d8A1+SNcFrTOyAoLha0gLzKuNKOsBaHyl89zjfQrzF0=","O9CsZllnq8+P4Gsp4/B1F7TC8hhjARwi",,,
"cb8021f2-ef3e-4840-bf03-29db4a2c536b","TREE_007.basePlot.bet","D05","TREE","TREE_007","2016-05-31","2016-06-14","2016-08-25","zNjpTCy9RjjKk+btQ0FzWtzlMyqOnxPBsG3UqLGe067VZmUV0Awnee9hElmWveT/+GftLgyx0nuAfWXre4gQjNJ16VXgfdqrJuqKj2c6MlWdmFma4VKyCy2yxMj/sPNEt40XaQ7A0c0=","zNjpTCy9RjiZWT7PZLo0P7uBRmQw17Nz",,,
"7b45a1a6-50c4-404d-ae46-ba683da75e9b","TREE_015.basePlot.bet","D05","TREE","TREE_015","2016-05-31","2016-06-14","2016-09-08","nEBhHqVTR17YYxFW5cjE7B1A1ix1FUC0l5BovQmve/lmr1JpM5kSGmozP9vBcindQRlhgtaDJMvBGJ4bmDerHg6hEqc64meLRTN5rJQOOqQiTsOq+nTOiIwfr8WM3ka+UgmFKDXO8xg=","nEBhHqVTR14f0G8A8UFf/U3iWAz7cr1v",,,
"25750216-9257-49bb-a98c-af088d603bec","TREE_006.basePlot.bet","D05","TREE","TREE_006","2016-05-31","2016-06-14","2016-09-08","4fQ7nDpzzlEOf5tJGtsJPZMYsEngDaQfZumPCspG5X3f6UNMjZX42KbdFUHTD8Qn5xkaT5O0rsYBKAGh7EIfIEm13s2JHJD+jx1VvRvYswbXqaBopAq9C22+vgzt6IdBp/nP7kXAXus=","4fQ7nDpzzlFH8yojRrF9KHQ5BociXzIu",,,
"47687543-fae1-459c-a24a-2ab1cc4dff96","TREE_003.basePlot.bet","D05","TREE","TREE_003","2016-05-31","2016-06-14","2016-09-08","xhFTIPW83ikTy6Vl682sQt7mj5ByYCfarBv7AbguerAPAFUW9aOyGkz2NovqBKDpeF+A8o8QK5qzphQFRdMlBWeV+wi2kT0NzPNRZCiPX6f2KHS9SSQFPz99uCQQQIeKkRBTTwO2BDg=","xhFTIPW83injMs9OL13hOYSG3ryQxm2u",,,
"003a9da2-2874-4a17-8fb2-4bea865e7a35","TREE_002.basePlot.bet","D05","TREE","TREE_002","2016-05-31","2016-06-14","2016-08-25","bplZQSmPUSrn51LkA00o/HdWsjyhZqhryAtaiMZo15qKq2vWZn2OYiAp8gsIq676m9Qpg0l2/ZliFf5/p7zZOTj21rNw3hWC3cgSh8vG3FIlUSy0szVelXCawEppB/CVJU+YDCUyPps=","bplZQSmPUSopC3/mV8ngnrv4vMq3X1zv",,,
"e9e0d2b6-d00d-42f3-8dbc-bf2a4ef06125","TREE_001.basePlot.bet","D05","TREE","TREE_001","2016-05-31","2016-06-14","2016-08-25","M+28j8GMA5msYl1EMLiz/7OSLZvcnLcjk7WB+GjL4c3GTA4Is1Tak6yW7HKbrUSFPgMZVsEaqXUWqb3uoOXEz+y9v5+RtYaG/c9SBC3chP4=","M+28j8GMA5k6qFEwLa5r0OcxrInCiFrk",,,
"6c5663d9-020e-47d8-bb2b-621218a4b417","TREE_007.basePlot.bet","D05","TREE","TREE_007","2016-06-14","2016-06-28","2016-12-07","zNjpTCy9RjjKk+btQ0FzWjegUvk9rHzV5WhsPboWrz4UoEQPjv9yyQjTJ7XwX/EH/FEQH/vJbZvXpg9AmfsGnA0Cu63hKbuvGCvwdewDfiJM+3cUS6si8llU5lyI1RwEHVlUaH+QyKA=","zNjpTCy9RjhgibOs4v631onN4cSUHGp3",,"jcx/0sK4DAM0gl9c37LBbZs7wHhQPr1n",
"2b4ba946-5272-4d9c-8b95-9cc780c1df49","TREE_002.basePlot.bet","D05","TREE","TREE_002","2016-06-14","2016-06-28","2016-12-13","bplZQSmPUSrn51LkA00o/HX6lDgT1483WSBFwg56SNPt69z1QlxzZNpuMotdzFZ5OQkjfrnZQ6abcweJ9/2yJxBEfjbW47cY1fc/QJnpnZhqueNlA2BYe99bx+bOFJdRZunW1yt/gRc=","bplZQSmPUSr3N3gd/xsglEXwbR5n4K5u",,"jcx/0sK4DAM0gl9c37LBbZs7wHhQPr1n",
"e4c1388d-0048-417b-8e54-71b0db661f3d","TREE_008.basePlot.bet","D05","TREE","TREE_008","2016-06-14","2016-06-28","2016-12-07","qq7R3GoWJruZmyXeifuySBmSDhPsAOv4r4s/UpHQDZI7d3mWT4wKyCebslua+yb184RCeDdLYuzzAnEq+3wRK2bigA+9XZsow/5J1TBNtrKPMvrQtg3nolv+Gu9BtRo5CqEbGIPjKjU=","qq7R3GoWJrukRm/ra5QYjHs2txFeIBmz",,"jcx/0sK4DAM0gl9c37LBbZs7wHhQPr1n",
"c05955ba-273a-4fd9-b20c-bf20ca51a97e","TREE_004.basePlot.bet","D05","TREE","TREE_004","2016-06-14","2016-06-28","2016-12-08","O9CsZllnq8/5djUJpq4o8rk0SueuCXG7GNSnO/6E69rd5vQCo3/6QWOV/qzL911tnBSdAIufeZVVb7hlIkPlwxz/t2QwW24M+2zY4W4SegindfrA+GRID72PnXpbZgCyMHQXsOAg754=","O9CsZllnq8+xPDRqBg3qWStArpB8+2Cr",,"jcx/0sK4DAM0gl9c37LBbZs7wHhQPr1n",
"d0fce9f4-8ef6-4e0a-950d-e6dbd9692eca","TREE_003.basePlot.bet","D05","TREE","TREE_003","2016-06-14","2016-06-28","2016-12-08","xhFTIPW83il0zI10MZEnFJZd9eXjM2cZokstk8BJsl20K655k81aBTCGqnrpsUKwcoUDYE+xJXxGJSR6LDExFpqpoqkEcfaqXq5npkVHs0Eq7QP2LVQct3zPqKVmcri7tSPK3ugDlpI=","xhFTIPW83ikteMGphZVuqFi4PQoPnXj4",,"jcx/0sK4DAM0gl9c37LBbZs7wHhQPr1n",
"13ef3e56-a8c8-4685-a713-aa81463e7963","TREE_005.basePlot.bet","D05","TREE","TREE_005","2016-06-14","2016-06-28","2016-12-08","99X2ROXG5oNzPedRE66D0IOlJs+wCX3cAL1ZAyNYuBjx8abneijE/njykV08LLtxgrFMQTsL7f3BpmHBhmhBdCWekmwbrPG2GeNwE14A7M+fBzB3YxfiKgM4CakFLNo5uAWOnyHyxcA=","99X2ROXG5oOcM39IdOvi2o8S9b5g0Clf",,"jcx/0sK4DAM0gl9c37LBbZs7wHhQPr1n",
"cbf6a009-de1d-4b88-ba89-e53109826d82","TREE_014.basePlot.bet","D05","TREE","TREE_014","2016-06-14","2016-06-28","2017-02-02","g2mJ5zU0mwr0ZzHFFCNQZnRNm18Hi0bIWKkDmhX+wrtzfcknyVLtwgvOwnaiiiVVRafrJSO0ifI=","g2mJ5zU0mwpJhHSUtlOhiaAnAT89zbgr",,"jcx/0sK4DAM0gl9c37LBbZs7wHhQPr1n",
"5094ff02-83c0-43ff-b75f-ffe3f485ac22","TREE_006.basePlot.bet","D05","TREE","TREE_006","2016-06-14","2016-06-28","2016-12-08","4fQ7nDpzzlEOf5tJGtsJPR7IffVVhfQm9EwNcacJt7PFbUkgP/Tx+Lk0zn9mInvy+CxmMFEj30T/ohklaU0BFHfgXtT6wUCWs99546Y8z41XDW/RxjG/f3DT7cZVmdQRVOIt9h8zsvI=","4fQ7nDpzzlEb2+nCDAr+wnJgIRiI92OP",,"jcx/0sK4DAM0gl9c37LBbZs7wHhQPr1n",
"67075c69-79f9-45f8-8991-beff18fa61d4","TREE_001.basePlot.bet","D05","TREE","TREE_001","2016-06-14","2016-06-28","2016-12-08","M+28j8GMA5msYl1EMLiz/96C3rAmHE7RDRaNxo7Gz1NGMeIUoQepDJpPgxDN6x5mbkkRKKmIw20=","M+28j8GMA5mIpSogqGuauCfiULCsVQHk",,"jcx/0sK4DAM0gl9c37LBbZs7wHhQPr1n",
"9f84ea22-2d15-4149-a355-c96b82c7fe3a","TREE_015.basePlot.bet","D05","TREE","TREE_015","2016-06-14","2016-06-28","2016-12-08","nEBhHqVTR17l/DZd/w+hK+dRAs5JyIwjHCSkl/VwfoEwX+V9KwXcdgrhROyyDQIA1uA8AaqHU2YOcgrbEx8udn10bTOVBx3xXsz2CazkAkrwyXW1JAUtmrPUS7EY6OrtdRyrDVL0/u8=","nEBhHqVTR15t4vNr46J5HTvFnGayqt5E",,"jcx/0sK4DAM0gl9c37LBbZs7wHhQPr1n",
