uid,namedLocation,domainID,siteID,plotID,trapID,setDate,collectDate,processingDate,etOHChangeDate,identifiedDate,sampleID,subsampleID,sampleType,taxonID,scientificName,taxonRank,identificationQualifier,scientificNameAuthorship,morphospeciesID,individualCount,identificationReferences,identifiedBy,recordedBy,remarks
"1d1bf0dd-30fd-4d95-8e71-dcd877db1831","SCBI_033.basePlot.bet","D02","SCBI","SCBI_033","S","2015-08-18","2015-09-01","2015-09-02","2015-09-30",,"SCBI_033.S.20150901","4ZBK4Rjlf9k4xybhcO8HB/9ElCTVqzjiJ6rtFn/qTO0=","invert bycatch",,,,,,,,,,"wYCqaZcA+7slXlj5N/mM6vobrh4QDptp",
"e4526628-c985-42c0-9830-4f6753fb7b97","SCBI_033.basePlot.bet","D02","SCBI","SCBI_033","S","2015-08-18","2015-09-01","2015-09-02","2015-09-30",,"SCBI_033.S.20150901","4ZBK4Rjlf9k4xybhcO8HB/9ElCTVqzjiUayexBf916I=","invert bycatch",,,,,,,,,,"wYCqaZcA+7slXlj5N/mM6vobrh4QDptp",
"9973d751-b4d6-4e19-846f-72ab78080c84","SCBI_033.basePlot.bet","D02","SCBI","SCBI_033","S","2015-08-18","2015-09-01","2015-09-02","2015-09-30","2015-09-30","SCBI_033.S.20150901","4ZBK4Rjlf9k4xybhcO8HB/XYdgZzFHQjuNjuNhTgCaw=","carabid","CHLAES","Chlaenius aestivus","species",,"Say",,1,"Ciegler, J. C. 2000. Ground beetles and wrinkled bark beetles of South Carolina (Coleoptera: Geadephaga: Carabidae and Rhysodidae). Biota of South Carolina. Vol. 1. Clemson, S. Clemson University.","fhqXNoOkfxgxeumX3nh8hiKzTnt5lZ8Br3PaGAyV7lk=","wYCqaZcA+7slXlj5N/mM6vobrh4QDptp",
"875171cf-dfb7-4434-9306-bf06c66ad644","SCBI_003.basePlot.bet","D02","SCBI","SCBI_003","S","2015-08-18","2015-09-01","2015-09-02","2015-09-29",,"SCBI_003.S.20150901","YQnsugPXdU3C6y/600l7ZsI6dxVTpJR5gC73cfrtqmw=","invert bycatch",,,,,,,,,,"wYCqaZcA+7slXlj5N/mM6vobrh4QDptp",
"91ff7b42-5f19-4cd9-be4e-3c6600e65bc4","SCBI_012.basePlot.bet","D02","SCBI","SCBI_012","S","2015-08-18","2015-09-01","2015-09-02","2015-09-30","2015-09-30","SCBI_012.S.20150901","XK58HfsRWvedDZEDg+fyn4WU53ONj0DapurP/yN2YRs=","carabid","POELUC","Poecilus lucublandus","species",,"Say",,1,"Ciegler, J. C. 2000. Ground beetles and wrinkled bark beetles of South Carolina (Coleoptera: Geadephaga: Carabidae and Rhysodidae). Biota of South Carolina. Vol. 1. Clemson, S. Clemson University.","wYCqaZcA+7slXlj5N/mM6vobrh4QDptp","wYCqaZcA+7slXlj5N/mM6vobrh4QDptp",
"bebbaa3d-760b-4e1f-84aa-41027170384d","SCBI_010.basePlot.bet","D02","SCBI","SCBI_010","S","2015-08-18","2015-09-01","2015-09-02","2015-09-29",,"SCBI_010.S.20150901","6yi0mRc5GELPUkyfBbk+sF3+LuPu5RBC7zRReLAfsQs=","invert bycatch",,,,,,,,,,"wYCqaZcA+7slXlj5N/mM6vobrh4QDptp",
"69f51cc8-4f17-4458-b9cc-b7cdb7d7e875","SCBI_006.basePlot.bet","D02","SCBI","SCBI_006","S","2015-08-18","2015-09-01","2015-09-02","2015-09-30",,"SCBI_006.S.20150901","2wNT0Wyw285o/iZAEWrRkXKfJWQwkcgyVH56wW3xgBQ=","invert bycatch",,,,,,,,,,"wYCqaZcA+7slXlj5N/mM6vobrh4QDptp",
"7811451a-7b5f-4daa-ba6d-d327920583d4","SCBI_008.basePlot.bet","D02","SCBI","SCBI_008","S","2015-08-18","2015-09-01","2015-09-02","2015-09-29",,"SCBI_008.S.20150901","BDl2KAs5Zr2uFlAO9rT1CkJO9OBY3DrRbvREEhnD8Og=","invert bycatch",,,,,,,,,,"wYCqaZcA+7slXlj5N/mM6vobrh4QDptp",
"7f82fa58-cc70-4103-8219-188bd129c418","SCBI_008.basePlot.bet","D02","SCBI","SCBI_008","S","2015-08-18","2015-09-01","2015-09-02","2015-09-29","2015-09-29","SCBI_008.S.20150901","BDl2KAs5Zr2uFlAO9rT1CgHUivcMImnbXBkQxXSne20=","carabid","CHLEMA","Chlaenius emarginatus","species",,"Say",,1,"Ciegler, J. C. 2000. Ground beetles and wrinkled bark beetles of South Carolina (Coleoptera: Geadephaga: Carabidae and Rhysodidae). Biota of South Carolina. Vol. 1. Clemson, S. Clemson University.","wYCqaZcA+7slXlj5N/mM6vobrh4QDptp","wYCqaZcA+7slXlj5N/mM6vobrh4QDptp",
"4b6dbacf-965e-4e45-997b-ba1548ca7c75","SCBI_012.basePlot.bet","D02","SCBI","SCBI_012","S","2015-08-18","2015-09-01","2015-09-02","2015-09-30",,"SCBI_012.S.20150901","XK58HfsRWvedDZEDg+fyn5Wws5AIq5UbFQrbSoUb1Fs=","invert bycatch",,,,,,,,,,"wYCqaZcA+7slXlj5N/mM6vobrh4QDptp",
"3247851c-6e62-4d87-8e7a-1f09de48f182","SCBI_002.basePlot.bet","D02","SCBI","SCBI_002","S","2015-08-18","2015-09-01","2015-09-02","2015-09-30",,"SCBI_002.S.20150901","NTl2q/XFbjz8wrlUsng59kR4o1vcw5tnmpzElN58W18=","invert bycatch",,,,,,,,,,"wYCqaZcA+7slXlj5N/mM6vobrh4QDptp",
"25dc9fea-02b5-4738-a3a6-9640654b8523","SCBI_002.basePlot.bet","D02","SCBI","SCBI_002","S","2015-08-18","2015-09-01","2015-09-02","2015-09-30",,"SCBI_002.S.20150901","NTl2q/XFbjz8wrlUsng59kR4o1vcw5tnHnGa5HkuWxk=","invert bycatch",,,,,,,,,,"wYCqaZcA+7slXlj5N/mM6vobrh4QDptp",
"2cb6ca4f-8d78-4e3a-87f8-7a042bd77d15","SCBI_006.basePlot.bet","D02","SCBI","SCBI_006","S","2015-08-18","2015-09-01","2015-09-02","2015-09-30",,"SCBI_006.S.20150901","2wNT0Wyw285o/iZAEWrRkXKfJWQwkcgyUSRHV997w0M=","invert bycatch",,,,,,,,,,"wYCqaZcA+7slXlj5N/mM6vobrh4QDptp",
"a8e0b7eb-2e2a-44c3-abcb-cfe3f2c929e2","SCBI_033.basePlot.bet","D02","SCBI","SCBI_033","W","2015-08-18","2015-09-01","2015-09-02","2015-09-30","2015-09-30","SCBI_033.W.20150901","4ZBK4Rjlf9mfQQkSbewYYP3BoHr1TIKqTtpH6V0MslM=","carabid","CHLAMO","Chlaenius amoenus","species",,"Dejean",,1,"Ciegler, J. C. 2000. Ground beetles and wrinkled bark beetles of South Carolina (Coleoptera: Geadephaga: Carabidae and Rhysodidae). Biota of South Carolina. Vol. 1. Clemson, S. Clemson University.","wYCqaZcA+7slXlj5N/mM6vobrh4QDptp","wYCqaZcA+7slXlj5N/mM6vobrh4QDptp",
"e0c1993f-73eb-4bd9-806b-73a3a5d579c9","SCBI_033.basePlot.bet","D02","SCBI","SCBI_033","W","2015-08-18","2015-09-01","2015-09-02","2015-09-30","2015-09-30","SCBI_033.W.20150901","4ZBK4Rjlf9mfQQkSbewYYMEIIno6AG5U2jnpsvxm7Qo=","carabid","POELUC","Poecilus lucublandus","species",,"Say",,3,"Ciegler, J. C. 2000. Ground beetles and wrinkled bark beetles of South Carolina (Coleoptera: Geadephaga: Carabidae and Rhysodidae). Biota of South Carolina. Vol. 1. Clemson, S. Clemson University.","wYCqaZcA+7slXlj5N/mM6vobrh4QDptp","wYCqaZcA+7slXlj5N/mM6vobrh4QDptp",
"7f47610f-6b4c-4ee2-898d-03ab923facd1","SCBI_004.basePlot.bet","D02","SCBI","SCBI_004","W","2015-08-18","2015-09-01","2015-09-02","2015-09-30",,"SCBI_004.W.20150901","ZCodyo9yj61wzkxAmSeyxnwWOQDjdUODlt3sEzv2MBA=","invert bycatch",,,,,,,,,,"wYCqaZcA+7slXlj5N/mM6vobrh4QDptp",
"9ba9d0c3-53bb-49f7-96bc-c549f19bace1","SCBI_005.basePlot.bet","D02","SCBI","SCBI_005","W","2015-08-18","2015-09-01","2015-09-02","2015-09-30",,"SCBI_005.W.20150901","2MbaqPQFAm6XpqAZWGjMGBDwwvmlbzWqd/RSPuNQRQQ=","invert bycatch",,,,,,,,,,"wYCqaZcA+7slXlj5N/mM6vobrh4QDptp",
"3dd85ccb-3995-45d5-852a-d8872283a2fa","SCBI_005.basePlot.bet","D02","SCBI","SCBI_005","W","2015-08-18","2015-09-01","2015-09-02","2015-09-30",,"SCBI_005.W.20150901","2MbaqPQFAm6XpqAZWGjMGBDwwvmlbzWqZU6s64B1qWw=","invert bycatch",,,,,,,,,,"wYCqaZcA+7slXlj5N/mM6vobrh4QDptp",
"9d72f4d6-cd6d-43cf-bb01-4fe4000a3f5f","SCBI_033.basePlot.bet","D02","SCBI","SCBI_033","W","2015-08-18","2015-09-01","2015-09-02","2015-09-30",,"SCBI_033.W.20150901","4ZBK4Rjlf9mfQQkSbewYYKYvPC78zD9Q8ZVCF7zdnwU=","invert bycatch",,,,,,,,,,"wYCqaZcA+7slXlj5N/mM6vobrh4QDptp",
"666dc345-7610-4ef3-84a4-b8c0626e863c","SCBI_033.basePlot.bet","D02","SCBI","SCBI_033","W","2015-08-18","2015-09-01","2015-09-02","2015-09-30","2015-09-30","SCBI_033.W.20150901","4ZBK4Rjlf9mfQQkSbewYYP3BoHr1TIKqsCti4onYCLc=","carabid","CHLAES","Chlaenius aestivus","species",,"Say",,1,"Ciegler, J. C. 2000. Ground beetles and wrinkled bark beetles of South Carolina (Coleoptera: Geadephaga: Carabidae and Rhysodidae). Biota of South Carolina. Vol. 1. Clemson, S. Clemson University.","fhqXNoOkfxgxeumX3nh8hiKzTnt5lZ8Br3PaGAyV7lk=","wYCqaZcA+7slXlj5N/mM6vobrh4QDptp",
"b2d65836-445b-4802-98aa-f1f6dff48b0b","SCBI_033.basePlot.bet","D02","SCBI","SCBI_033","W","2015-08-18","2015-09-01","2015-09-02","2015-09-30",,"SCBI_033.W.20150901","4ZBK4Rjlf9mfQQkSbewYYKYvPC78zD9QGcvT+GA40cs=","invert bycatch",,,,,,,,,,"wYCqaZcA+7slXlj5N/mM6vobrh4QDptp",
"5fe7c03e-32a6-456f-8ad4-67b054ef897f","SCBI_004.basePlot.bet","D02","SCBI","SCBI_004","W","2015-08-18","2015-09-01","2015-09-02","2015-09-30",,"SCBI_004.W.20150901","ZCodyo9yj61wzkxAmSeyxnwWOQDjdUOD9LmIMpTmZ7I=","invert bycatch",,,,,,,,,,"wYCqaZcA+7slXlj5N/mM6vobrh4QDptp",
"a01853ac-14b4-4e58-a5b4-354181302db9","SCBI_012.basePlot.bet","D02","SCBI","SCBI_012","W","2015-08-18","2015-09-01","2015-09-02","2015-09-30",,"SCBI_012.W.20150901","XK58HfsRWvfaFiRkL4Z83cR13zKN83wjHA3J3GcJ5Xk=","invert bycatch",,,,,,,,,,"wYCqaZcA+7slXlj5N/mM6vobrh4QDptp",
"057af7a0-3683-4738-9e04-410b2cfef7ab","SCBI_012.basePlot.bet","D02","SCBI","SCBI_012","W","2015-08-18","2015-09-01","2015-09-02","2015-09-30",,"SCBI_012.W.20150901","XK58HfsRWvfaFiRkL4Z83cR13zKN83wj86BYbFaQZTc=","invert bycatch",,,,,,,,,,"wYCqaZcA+7slXlj5N/mM6vobrh4QDptp",
"bc84d999-568d-4af2-8273-c3d0e3c84515","SCBI_010.basePlot.bet","D02","SCBI","SCBI_010","W","2015-08-18","2015-09-01","2015-09-02","2015-09-29",,"SCBI_010.W.20150901","6yi0mRc5GELmusg3FbtK9lTD1l9zeDiF+UiB3A3Dl9g=","invert bycatch",,,,,,,,,,"wYCqaZcA+7slXlj5N/mM6vobrh4QDptp",
"4577a2c6-44e7-43ce-98d8-e87d5611e10c","SCBI_010.basePlot.bet","D02","SCBI","SCBI_010","W","2015-08-18","2015-09-01","2015-09-02","2015-09-29",,"SCBI_010.W.20150901","6yi0mRc5GELmusg3FbtK9lTD1l9zeDiFaGI9pstNSHM=","invert bycatch",,,,,,,,,,"wYCqaZcA+7slXlj5N/mM6vobrh4QDptp",
"e241896c-c4c2-4a2a-88fe-3e108454352b","SCBI_006.basePlot.bet","D02","SCBI","SCBI_006","W","2015-08-18","2015-09-01","2015-09-02","2015-09-30","2015-09-30","SCBI_006.W.20150901","2wNT0Wyw284TokAWI5dUpji2BD2bZX26ZqoYA7A9dkU=","carabid","OTHE","Carabidae sp.","family",,"Latreille",,1,"Bousquet, Y. 2010b. Illustrated Identification Guide to Adults and Larvae of Northeastern North American Ground Beetles (Coleoptera: Carabidae). 1st Ed. Pensoft Publishers, Sofia, Bulgaria.","wYCqaZcA+7slXlj5N/mM6vobrh4QDptp","wYCqaZcA+7slXlj5N/mM6vobrh4QDptp","Harpalus rubripes (harrub)"
"22074451-faab-45aa-8906-ac63e39c8010","SCBI_006.basePlot.bet","D02","SCBI","SCBI_006","W","2015-08-18","2015-09-01","2015-09-02","2015-09-30","2015-09-30","SCBI_006.W.20150901","2wNT0Wyw284TokAWI5dUprlLzRwaUW9DaqD8f5VtC5w=","carabid","SCASUB2","Scarites subterraneus","species",,"Fabricius",,1,"Other","fhqXNoOkfxgxeumX3nh8hiKzTnt5lZ8Br3PaGAyV7lk=","wYCqaZcA+7slXlj5N/mM6vobrh4QDptp",
"64772c86-eab2-4e46-966a-f37d5c0c0747","SCBI_008.basePlot.bet","D02","SCBI","SCBI_008","W","2015-08-18","2015-09-01","2015-09-02","2015-09-29",,"SCBI_008.W.20150901","BDl2KAs5Zr0HLetRs8EVQbWPlEeLStER4yXIQUwpEFE=","invert bycatch",,,,,,,,,,"wYCqaZcA+7slXlj5N/mM6vobrh4QDptp",
"3193e050-3c20-48e8-aa9f-2210a0fb567e","SCBI_012.basePlot.bet","D02","SCBI","SCBI_012","W","2015-08-18","2015-09-01","2015-09-02","2015-09-30","2015-09-30","SCBI_012.W.20150901","XK58HfsRWvfaFiRkL4Z83aervZuLeXwH+0OaFfN3FWo=","carabid","OTHE","Carabidae sp.","family",,"Latreille",,1,"Bousquet, Y. 2010b. Illustrated Identification Guide to Adults and Larvae of Northeastern North American Ground Beetles (Coleoptera: Carabidae). 1st Ed. Pensoft Publishers, Sofia, Bulgaria.","wYCqaZcA+7slXlj5N/mM6vobrh4QDptp","wYCqaZcA+7slXlj5N/mM6vobrh4QDptp","Harpalus rubripes (harrub)"
"b3cdf340-76c7-4242-b19e-fc9af79ef2d5","SCBI_002.basePlot.bet","D02","SCBI","SCBI_002","W","2015-08-18","2015-09-01","2015-09-02","2015-09-30",,"SCBI_002.W.20150901","NTl2q/XFbjyrgqkI6IqNAlIzzDsrwON5GwEiXxpszYU=","invert bycatch",,,,,,,,,,"wYCqaZcA+7slXlj5N/mM6vobrh4QDptp",
"1a8f436f-4a42-4cfe-9638-8d21efcec80b","SCBI_006.basePlot.bet","D02","SCBI","SCBI_006","W","2015-08-18","2015-09-01","2015-09-02","2015-09-30","2015-09-30","SCBI_006.W.20150901","2wNT0Wyw284TokAWI5dUppJYUJ660VvAtSFqVqgxweo=","carabid","CHLAES","Chlaenius aestivus","species",,"Say",,1,"Ciegler, J. C. 2000. Ground beetles and wrinkled bark beetles of South Carolina (Coleoptera: Geadephaga: Carabidae and Rhysodidae). Biota of South Carolina. Vol. 1. Clemson, S. Clemson University.","fhqXNoOkfxgxeumX3nh8hiKzTnt5lZ8Br3PaGAyV7lk=","wYCqaZcA+7slXlj5N/mM6vobrh4QDptp",
"8674ea91-346c-4c87-be78-b7a6c8548d1a","SCBI_006.basePlot.bet","D02","SCBI","SCBI_006","W","2015-08-18","2015-09-01","2015-09-02","2015-09-30",,"SCBI_006.W.20150901","2wNT0Wyw284TokAWI5dUpnAuMPic7JoPzUNkZdTDcZs=","invert bycatch",,,,,,,,,,"wYCqaZcA+7slXlj5N/mM6vobrh4QDptp",
"365d6c7c-6881-471e-a4ca-050dd64f4907","SCBI_006.basePlot.bet","D02","SCBI","SCBI_006","W","2015-08-18","2015-09-01","2015-09-02","2015-09-30",,"SCBI_006.W.20150901","2wNT0Wyw284TokAWI5dUpnAuMPic7JoPDZeZn7k32a4=","invert bycatch",,,,,,,,,,"wYCqaZcA+7slXlj5N/mM6vobrh4QDptp",
"6d1c559a-ef7f-4f4d-b8a3-006be404ee6f","SCBI_002.basePlot.bet","D02","SCBI","SCBI_002","W","2015-08-18","2015-09-01","2015-09-02","2015-09-30",,"SCBI_002.W.20150901","NTl2q/XFbjyrgqkI6IqNAlIzzDsrwON5TC9LaR4/3SE=","invert bycatch",,,,,,,,,,"wYCqaZcA+7slXlj5N/mM6vobrh4QDptp",
"a0e73e1a-7b32-4f8a-ae58-84137a9c410e","SCBI_002.basePlot.bet","D02","SCBI","SCBI_002","W","2015-08-18","2015-09-01","2015-09-02","2015-09-30","2015-09-30","SCBI_002.W.20150901","NTl2q/XFbjyrgqkI6IqNAvqCvATfYZk6LZqMcnw7Lvk=","carabid","PTESTY","Pterostichus stygicus","species",,"Say",,1,"Bousquet, Y. 2010b. Illustrated Identification Guide to Adults and Larvae of Northeastern North American Ground Beetles (Coleoptera: Carabidae). 1st Ed. Pensoft Publishers, Sofia, Bulgaria.","wYCqaZcA+7slXlj5N/mM6vobrh4QDptp","wYCqaZcA+7slXlj5N/mM6vobrh4QDptp",
"86614f0a-1553-40bd-b971-4c68c897cdfa","SCBI_002.basePlot.bet","D02","SCBI","SCBI_002","W","2015-08-18","2015-09-01","2015-09-02","2015-09-30","2015-09-30","SCBI_002.W.20150901","NTl2q/XFbjyrgqkI6IqNAs4RO1juP50CzbWuVCMl2ww=","carabid","PTECOR1","Pterostichus coracinus","species",,"Newman",,1,"Bousquet, Y. 2010b. Illustrated Identification Guide to Adults and Larvae of Northeastern North American Ground Beetles (Coleoptera: Carabidae). 1st Ed. Pensoft Publishers, Sofia, Bulgaria.","wYCqaZcA+7slXlj5N/mM6vobrh4QDptp","wYCqaZcA+7slXlj5N/mM6vobrh4QDptp",
"228fe2e8-a188-449d-b89d-b8d477227b65","SCBI_002.basePlot.bet","D02","SCBI","SCBI_002","W","2015-08-18","2015-09-01","2015-09-02","2015-09-30","2015-09-30","SCBI_002.W.20150901","NTl2q/XFbjyrgqkI6IqNAqjqcCcWb+eWKcRB8EPd8ag=","carabid","CYCSIG","Cyclotrachelus sigillatus","species",,"Say",,1,"Freitag, R. 1969. A revision of the species of the genus Evarthrus LeConte. Quaestiones Entomologicae 5:89-212.","wYCqaZcA+7slXlj5N/mM6vobrh4QDptp","wYCqaZcA+7slXlj5N/mM6vobrh4QDptp",
"11ab165e-cb85-4c41-8840-049091b9b41b","SCBI_008.basePlot.bet","D02","SCBI","SCBI_008","E","2015-08-18","2015-09-01","2015-09-02","2015-09-29","2015-09-29","SCBI_008.E.20150901","BDl2KAs5Zr2BOIR/P+IEWiU9MfUDe0hLFSCC62teN6s=","carabid","PTETRI3","Pterostichus tristis","species",,"Dejean",,1,"Bousquet, Y. 2010b. Illustrated Identification Guide to Adults and Larvae of Northeastern North American Ground Beetles (Coleoptera: Carabidae). 1st Ed. Pensoft Publishers, Sofia, Bulgaria.","wYCqaZcA+7slXlj5N/mM6vobrh4QDptp","wYCqaZcA+7slXlj5N/mM6vobrh4QDptp",
"eb45d808-989c-429a-9e13-0359a6e4cd06","SCBI_008.basePlot.bet","D02","SCBI","SCBI_008","E","2015-08-18","2015-09-01","2015-09-02","2015-09-29","2015-09-29","SCBI_008.E.20150901","BDl2KAs5Zr2BOIR/P+IEWtd5ZuVb8gGKS8/2ghXMGF8=","carabid","CHLEMA","Chlaenius emarginatus","species",,"Say",,1,"Ciegler, J. C. 2000. Ground beetles and wrinkled bark beetles of South Carolina (Coleoptera: Geadephaga: Carabidae and Rhysodidae). Biota of South Carolina. Vol. 1. Clemson, S. Clemson University.","wYCqaZcA+7slXlj5N/mM6vobrh4QDptp","wYCqaZcA+7slXlj5N/mM6vobrh4QDptp",
"f4962c4c-1a86-427f-87d8-94ea707fcd40","SCBI_012.basePlot.bet","D02","SCBI","SCBI_012","E","2015-08-18","2015-09-01","2015-09-02","2015-09-30","2015-09-30","SCBI_012.E.20150901","XK58HfsRWvdXPdqnwcZ6TeeYsfGvm/4gpX9zEV4jJoM=","carabid","POELUC","Poecilus lucublandus","species",,"Say",,1,"Ciegler, J. C. 2000. Ground beetles and wrinkled bark beetles of South Carolina (Coleoptera: Geadephaga: Carabidae and Rhysodidae). Biota of South Carolina. Vol. 1. Clemson, S. Clemson University.","wYCqaZcA+7slXlj5N/mM6vobrh4QDptp","wYCqaZcA+7slXlj5N/mM6vobrh4QDptp",
"d694f13e-24b3-4319-99e7-17dc2ee6a318","SCBI_008.basePlot.bet","D02","SCBI","SCBI_008","E","2015-08-18","2015-09-01","2015-09-02","2015-09-29","2015-10-01","SCBI_008.E.20150901","BDl2KAs5Zr2BOIR/P+IEWnNmTY09vE1H4l386jv2KR8=","carabid","HARVAG","Harpalus vagans","species",,"LeConte",,1,"Ball, G. E., and J. N. Anderson. 1962. The taxonomy and speciation of Pseudophonus (a subgenus of Harpalus: Haralini: Carabidae, known to occur in North America). The Catholic University of America Press, Washington 17, D. C.","wYCqaZcA+7slXlj5N/mM6vobrh4QDptp","wYCqaZcA+7slXlj5N/mM6vobrh4QDptp",
"f7ed7a71-abd3-41be-81a9-da74d7d4035b","SCBI_012.basePlot.bet","D02","SCBI","SCBI_012","E","2015-08-18","2015-09-01","2015-09-02","2015-09-30","2015-09-30","SCBI_012.E.20150901","XK58HfsRWvdXPdqnwcZ6TWAkit8x9qOnEcicR7bJIqc=","carabid","SCASUB2","Scarites subterraneus","species",,"Fabricius",,2,"Other","wYCqaZcA+7slXlj5N/mM6vobrh4QDptp","wYCqaZcA+7slXlj5N/mM6vobrh4QDptp",
"04915876-1315-41a6-9062-943c15bdc45e","SCBI_007.basePlot.bet","D02","SCBI","SCBI_007","E","2015-08-18","2015-09-01","2015-09-02","2015-09-29",,"SCBI_007.E.20150901","tckDqTjQv3hvRmZr1Y/jv5RvTNTa2Z7uAxx30XzQHNU=","invert bycatch",,,,,,,,,,"wYCqaZcA+7slXlj5N/mM6vobrh4QDptp",
"02970d94-fc8c-476a-8682-7ed97b543f6a","SCBI_004.basePlot.bet","D02","SCBI","SCBI_004","E","2015-08-18","2015-09-01","2015-09-02","2015-09-30",,"SCBI_004.E.20150901","ZCodyo9yj62r3k2fVkXhLoHCXUU2a3V9sitXB9BLBCA=","invert bycatch",,,,,,,,,,"wYCqaZcA+7slXlj5N/mM6vobrh4QDptp",
"fc471e0c-b6cf-4574-af7e-534d81f19ed1","SCBI_004.basePlot.bet","D02","SCBI","SCBI_004","E","2015-08-18","2015-09-01","2015-09-02","2015-09-30",,"SCBI_004.E.20150901","ZCodyo9yj62r3k2fVkXhLoHCXUU2a3V9VVXw/f+OHj4=","invert bycatch",,,,,,,,,,"wYCqaZcA+7slXlj5N/mM6vobrh4QDptp",
"a8d8dff4-bfa1-47b1-9fa8-a126562aa33b","SCBI_005.basePlot.bet","D02","SCBI","SCBI_005","E","2015-08-18","2015-09-01","2015-09-02","2015-09-30",,"SCBI_005.E.20150901","2MbaqPQFAm4GHc0axYcvHSXrTy0LoJRxbVv9sGK2+Mg=","invert bycatch",,,,,,,,,,"wYCqaZcA+7slXlj5N/mM6vobrh4QDptp",
"f6a32191-0a6f-4fd2-a778-12e6197491ac","SCBI_005.basePlot.bet","D02","SCBI","SCBI_005","E","2015-08-18","2015-09-01","2015-09-02","2015-09-30",,"SCBI_005.E.20150901","2MbaqPQFAm4GHc0axYcvHSXrTy0LoJRxXshKK5dOpjE=","invert bycatch",,,,,,,,,,"wYCqaZcA+7slXlj5N/mM6vobrh4QDptp",
"a272cf90-c166-4705-8b59-d97593d6fe06","SCBI_033.basePlot.bet","D02","SCBI","SCBI_033","E","2015-08-18","2015-09-01","2015-09-02","2015-09-30",,"SCBI_033.E.20150901","4ZBK4Rjlf9ky2snNQuvzI7FtMnkxJvc8QXLiLfFq6/I=","invert bycatch",,,,,,,,,,"wYCqaZcA+7slXlj5N/mM6vobrh4QDptp",
"f8895ea9-4737-4417-a4b6-d3a4015a88be","SCBI_003.basePlot.bet","D02","SCBI","SCBI_003","E","2015-08-18","2015-09-01","2015-09-02","2015-09-29",,"SCBI_003.E.20150901","YQnsugPXdU1QrtpIYVG4EOabwnLCt7JdFRixVnWxTn0=","invert bycatch",,,,,,,,,,"wYCqaZcA+7slXlj5N/mM6vobrh4QDptp",
"06d99769-962b-4b3a-a766-7bd6715c734b","SCBI_033.basePlot.bet","D02","SCBI","SCBI_033","E","2015-08-18","2015-09-01","2015-09-02","2015-09-30",,"SCBI_033.E.20150901","4ZBK4Rjlf9ky2snNQuvzI7FtMnkxJvc83OIhQPiTnYY=","invert bycatch",,,,,,,,,,"wYCqaZcA+7slXlj5N/mM6vobrh4QDptp",
"e97ac6c3-5e88-4e20-bb79-cf7befe2e494","SCBI_007.basePlot.bet","D02","SCBI","SCBI_007","E","2015-08-18","2015-09-01","2015-09-02","2015-09-29",,"SCBI_007.E.20150901","tckDqTjQv3hvRmZr1Y/jv5RvTNTa2Z7ufquZVojvOZo=","invert bycatch",,,,,,,,,,"wYCqaZcA+7slXlj5N/mM6vobrh4QDptp",
"1c01e677-c691-4ead-9090-4e2470a49539","SCBI_007.basePlot.bet","D02","SCBI","SCBI_007","E","2015-08-18","2015-09-01","2015-09-02","2015-09-29","2015-09-29","SCBI_007.E.20150901","tckDqTjQv3hvRmZr1Y/jv0lv6j1z2Kca3mSiUVEpLIw=","carabid","CHLAES","Chlaenius aestivus","species",,"Say",,2,"Ciegler, J. C. 2000. Ground beetles and wrinkled bark beetles of South Carolina (Coleoptera: Geadephaga: Carabidae and Rhysodidae). Biota of South Carolina. Vol. 1. Clemson, S. Clemson University.","fhqXNoOkfxgxeumX3nh8hiKzTnt5lZ8Br3PaGAyV7lk=","wYCqaZcA+7slXlj5N/mM6vobrh4QDptp",
"6a6abfa2-1c8a-4e1b-83a6-0b29e91873e9","SCBI_012.basePlot.bet","D02","SCBI","SCBI_012","E","2015-08-18","2015-09-01","2015-09-02","2015-09-30",,"SCBI_012.E.20150901","XK58HfsRWvdXPdqnwcZ6TRXRwzk5fhy5h7cIkoywyQc=","invert bycatch",,,,,,,,,,"wYCqaZcA+7slXlj5N/mM6vobrh4QDptp",
"e432404d-1d25-4ce9-aa51-5716286c2453","SCBI_012.basePlot.bet","D02","SCBI","SCBI_012","E","2015-08-18","2015-09-01","2015-09-02","2015-09-30",,"SCBI_012.E.20150901","XK58HfsRWvdXPdqnwcZ6TRXRwzk5fhy59l23pBYOAOs=","invert bycatch",,,,,,,,,,"wYCqaZcA+7slXlj5N/mM6vobrh4QDptp",
"a1f4241c-3022-42ae-95aa-6660035cb538","SCBI_006.basePlot.bet","D02","SCBI","SCBI_006","E","2015-08-18","2015-09-01","2015-09-02","2015-09-30",,"SCBI_006.E.20150901","2wNT0Wyw285qrh4YWsaSH3lCdluq1llqAQuqSTr5Nq8=","invert bycatch",,,,,,,,,,"wYCqaZcA+7slXlj5N/mM6vobrh4QDptp",
"2e946937-325c-4f95-b36e-7c0ab3359fc7","SCBI_006.basePlot.bet","D02","SCBI","SCBI_006","E","2015-08-18","2015-09-01","2015-09-02","2015-09-30",,"SCBI_006.E.20150901","2wNT0Wyw285qrh4YWsaSH3lCdluq1llqt/9qKtU6lvw=","invert bycatch",,,,,,,,,,"wYCqaZcA+7slXlj5N/mM6vobrh4QDptp",
"1255796b-480f-4eef-96d4-26a274a42f2a","SCBI_008.basePlot.bet","D02","SCBI","SCBI_008","E","2015-08-18","2015-09-01","2015-09-02","2015-09-29",,"SCBI_008.E.20150901","BDl2KAs5Zr2BOIR/P+IEWmNx5jJwtVpXAcRF4Z8qhbw=","invert bycatch",,,,,,,,,,"wYCqaZcA+7slXlj5N/mM6vobrh4QDptp",
"f80fa5d7-a380-4a7e-a47f-8d82dae86d80","SCBI_002.basePlot.bet","D02","SCBI","SCBI_002","E","2015-08-18","2015-09-01","2015-09-02","2015-09-30","2015-09-30","SCBI_002.E.20150901","NTl2q/XFbjxxk0NSrvvJwMRIfkSLsonp/lSJ1q/Tth4=","carabid","PTECOR1","Pterostichus coracinus","species",,"Newman",,1,"Bousquet, Y. 2010b. Illustrated Identification Guide to Adults and Larvae of Northeastern North American Ground Beetles (Coleoptera: Carabidae). 1st Ed. Pensoft Publishers, Sofia, Bulgaria.","wYCqaZcA+7slXlj5N/mM6vobrh4QDptp","wYCqaZcA+7slXlj5N/mM6vobrh4QDptp",
"2b29f009-6088-49e0-aed9-f07b34246ee5","SCBI_002.basePlot.bet","D02","SCBI","SCBI_002","E","2015-08-18","2015-09-01","2015-09-02","2015-09-30",,"SCBI_002.E.20150901","NTl2q/XFbjxxk0NSrvvJwO4HpLqVHG37bLsKa/jUD4w=","invert bycatch",,,,,,,,,,"wYCqaZcA+7slXlj5N/mM6vobrh4QDptp",
"4f0b3a34-4f4a-4ce1-be65-9b35e99ca53a","SCBI_006.basePlot.bet","D02","SCBI","SCBI_006","E","2015-08-18","2015-09-01","2015-09-02","2015-09-30","2015-09-30","SCBI_006.E.20150901","2wNT0Wyw285qrh4YWsaSH64EwbZ6aHu34zYmfzcSF0w=","carabid","SCASUB2","Scarites subterraneus","species",,"Fabricius",,1,"Other","fhqXNoOkfxgxeumX3nh8hiKzTnt5lZ8Br3PaGAyV7lk=","wYCqaZcA+7slXlj5N/mM6vobrh4QDptp",
"bffbb1ec-2938-4c50-a059-1e281c6b5d8f","SCBI_002.basePlot.bet","D02","SCBI","SCBI_002","E","2015-08-18","2015-09-01","2015-09-02","2015-09-30",,"SCBI_002.E.20150901","NTl2q/XFbjxxk0NSrvvJwO4HpLqVHG37c5bSwsqdSM4=","invert bycatch",,,,,,,,,,"wYCqaZcA+7slXlj5N/mM6vobrh4QDptp",
"c0107a07-a792-47ef-af21-55f4fb36d179","SCBI_012.basePlot.bet","D02","SCBI","SCBI_012","N","2015-08-18","2015-09-01","2015-09-02","2015-09-30","2015-09-30","SCBI_012.N.20150901","XK58HfsRWveBChV1DUB57QRt1Z/x3Xeh4pklnLmpT64=","carabid","HARCAL","Harpalus caliginosus","species",,"Fabricius",,6,"Ciegler, J. C. 2000. Ground beetles and wrinkled bark beetles of South Carolina (Coleoptera: Geadephaga: Carabidae and Rhysodidae). Biota of South Carolina. Vol. 1. Clemson, S. Clemson University.","wYCqaZcA+7slXlj5N/mM6vobrh4QDptp","wYCqaZcA+7slXlj5N/mM6vobrh4QDptp",
"23646118-57fb-4d17-adc1-edbab0258ebe","SCBI_012.basePlot.bet","D02","SCBI","SCBI_012","N","2015-08-18","2015-09-01","2015-09-02","2015-09-30","2015-10-01","SCBI_012.N.20150901","XK58HfsRWveBChV1DUB57QRt1Z/x3Xeh1pp1qylVwzk=","carabid","HARCOM","Harpalus compar","species",,"LeConte",,6,"Ball, G. E., and J. N. Anderson. 1962. The taxonomy and speciation of Pseudophonus (a subgenus of Harpalus: Haralini: Carabidae, known to occur in North America). The Catholic University of America Press, Washington 17, D. C.","wYCqaZcA+7slXlj5N/mM6vobrh4QDptp","wYCqaZcA+7slXlj5N/mM6vobrh4QDptp",
"3a72d032-6d2a-4998-8434-63a622a9475b","SCBI_012.basePlot.bet","D02","SCBI","SCBI_012","N","2015-08-18","2015-09-01","2015-09-02","2015-09-30","2015-09-30","SCBI_012.N.20150901","XK58HfsRWveBChV1DUB57XUlTsVk7ON2NH4LZLzshLQ=","carabid","CHLAES","Chlaenius aestivus","species",,"Say",,16,"Ciegler, J. C. 2000. Ground beetles and wrinkled bark beetles of South Carolina (Coleoptera: Geadephaga: Carabidae and Rhysodidae). Biota of South Carolina. Vol. 1. Clemson, S. Clemson University.","wYCqaZcA+7slXlj5N/mM6vobrh4QDptp","wYCqaZcA+7slXlj5N/mM6vobrh4QDptp",
"701e42dc-0e09-4ea8-b7c4-ff6587bbdaa5","SCBI_002.basePlot.bet","D02","SCBI","SCBI_002","N","2015-08-18","2015-09-01","2015-09-02","2015-09-30","2015-09-30","SCBI_002.N.20150901","NTl2q/XFbjzyUEn3Qe7D5mPcSKchNM9R6SiTafE4A38=","carabid","CHLEMA","Chlaenius emarginatus","species",,"Say",,1,"Ciegler, J. C. 2000. Ground beetles and wrinkled bark beetles of South Carolina (Coleoptera: Geadephaga: Carabidae and Rhysodidae). Biota of South Carolina. Vol. 1. Clemson, S. Clemson University.","wYCqaZcA+7slXlj5N/mM6vobrh4QDptp","wYCqaZcA+7slXlj5N/mM6vobrh4QDptp",
"902cea8e-089c-40a0-9916-ac9e8419f4fa","SCBI_002.basePlot.bet","D02","SCBI","SCBI_002","N","2015-08-18","2015-09-01","2015-09-02","2015-09-30","2015-09-30","SCBI_002.N.20150901","NTl2q/XFbjzyUEn3Qe7D5lsyGoTY/fGIHFfgsAlKx0k=","carabid","PTECOR1","Pterostichus coracinus","species",,"Newman",,1,"Bousquet, Y. 2010b. Illustrated Identification Guide to Adults and Larvae of Northeastern North American Ground Beetles (Coleoptera: Carabidae). 1st Ed. Pensoft Publishers, Sofia, Bulgaria.","wYCqaZcA+7slXlj5N/mM6vobrh4QDptp","wYCqaZcA+7slXlj5N/mM6vobrh4QDptp",
"c3f1c235-4c32-4a73-b989-248459aa4733","SCBI_004.basePlot.bet","D02","SCBI","SCBI_004","N","2015-08-18","2015-09-01","2015-09-02","2015-09-30","2015-09-30","SCBI_004.N.20150901","ZCodyo9yj6286/2SN8Mad4/sYX16BNNBsku9ryBpqaQ=","carabid","CYCSIG","Cyclotrachelus sigillatus","species",,"Say",,2,"Freitag, R. 1969. A revision of the species of the genus Evarthrus LeConte. Quaestiones Entomologicae 5:89-212.","fhqXNoOkfxgxeumX3nh8hiKzTnt5lZ8Br3PaGAyV7lk=","wYCqaZcA+7slXlj5N/mM6vobrh4QDptp",
"67ccf299-b686-4e72-a165-8232f3de5b7b","SCBI_004.basePlot.bet","D02","SCBI","SCBI_004","N","2015-08-18","2015-09-01","2015-09-02","2015-09-30","2015-09-30","SCBI_004.N.20150901","ZCodyo9yj6286/2SN8Mad6U7mfV+j7oFB9chKyCHnzQ=","carabid","CALGRE","Calathus gregarius","species",,"Say",,1,"Bousquet, Y. 2010b. Illustrated Identification Guide to Adults and Larvae of Northeastern North American Ground Beetles (Coleoptera: Carabidae). 1st Ed. Pensoft Publishers, Sofia, Bulgaria.","wYCqaZcA+7slXlj5N/mM6vobrh4QDptp","wYCqaZcA+7slXlj5N/mM6vobrh4QDptp",
"7b5b0906-d8c7-41ad-bdb4-23203198e071","SCBI_005.basePlot.bet","D02","SCBI","SCBI_005","N","2015-08-18","2015-09-01","2015-09-02","2015-09-30","2015-09-30","SCBI_005.N.20150901","2MbaqPQFAm6aL5deFx9vUZSgWB1tpS1Hy6yFRt19AqQ=","carabid","POELUC","Poecilus lucublandus","species",,"Say",,1,"Ciegler, J. C. 2000. Ground beetles and wrinkled bark beetles of South Carolina (Coleoptera: Geadephaga: Carabidae and Rhysodidae). Biota of South Carolina. Vol. 1. Clemson, S. Clemson University.","wYCqaZcA+7slXlj5N/mM6vobrh4QDptp","wYCqaZcA+7slXlj5N/mM6vobrh4QDptp",
"62a71ab5-7009-4ded-a5e9-010bb3391f4c","SCBI_005.basePlot.bet","D02","SCBI","SCBI_005","N","2015-08-18","2015-09-01","2015-09-02","2015-09-30","2015-09-30","SCBI_005.N.20150901","2MbaqPQFAm6aL5deFx9vUVI2k3g4Ilc/ewb0k6bIf7Q=","carabid","CHLAES","Chlaenius aestivus","species",,"Say",,1,"Ciegler, J. C. 2000. Ground beetles and wrinkled bark beetles of South Carolina (Coleoptera: Geadephaga: Carabidae and Rhysodidae). Biota of South Carolina. Vol. 1. Clemson, S. Clemson University.","fhqXNoOkfxgxeumX3nh8hiKzTnt5lZ8Br3PaGAyV7lk=","wYCqaZcA+7slXlj5N/mM6vobrh4QDptp",
"52308ad3-d774-4ce0-86ff-f6c22d2f160d","SCBI_004.basePlot.bet","D02","SCBI","SCBI_004","N","2015-08-18","2015-09-01","2015-09-02","2015-09-30",,"SCBI_004.N.20150901","ZCodyo9yj6286/2SN8Mad2X4TiXz7XxtwFOKS0XX6/Q=","invert bycatch",,,,,,,,,,"wYCqaZcA+7slXlj5N/mM6vobrh4QDptp",
"2c94af92-1913-4d73-bc5c-77ac4dfa7688","SCBI_004.basePlot.bet","D02","SCBI","SCBI_004","N","2015-08-18","2015-09-01","2015-09-02","2015-09-30",,"SCBI_004.N.20150901","ZCodyo9yj6286/2SN8Mad2X4TiXz7Xxt8XxFQmNSo5Q=","invert bycatch",,,,,,,,,,"wYCqaZcA+7slXlj5N/mM6vobrh4QDptp",
"12fc4b41-1ce5-4b74-9b9d-290f49346de6","SCBI_005.basePlot.bet","D02","SCBI","SCBI_005","N","2015-08-18","2015-09-01","2015-09-02","2015-09-30",,"SCBI_005.N.20150901","2MbaqPQFAm6aL5deFx9vUanDxUQ6bNUlrHZRHOokQN4=","invert bycatch",,,,,,,,,,"wYCqaZcA+7slXlj5N/mM6vobrh4QDptp",
"37d87e1e-7940-4fda-86ed-a262d8a2a37b","SCBI_005.basePlot.bet","D02","SCBI","SCBI_005","N","2015-08-18","2015-09-01","2015-09-02","2015-09-30",,"SCBI_005.N.20150901","2MbaqPQFAm6aL5deFx9vUanDxUQ6bNUld/KzyCpPYoA=","invert bycatch",,,,,,,,,,"wYCqaZcA+7slXlj5N/mM6vobrh4QDptp",
"557100b2-9bfe-43ac-bd62-278e35d11000","SCBI_010.basePlot.bet","D02","SCBI","SCBI_010","N","2015-08-18","2015-09-01","2015-09-02","2015-09-29",,"SCBI_010.N.20150901","6yi0mRc5GEI9+YU0bqWLXP2+6omWJQwLej6ENlvGKn8=","invert bycatch",,,,,,,,,,"wYCqaZcA+7slXlj5N/mM6vobrh4QDptp",
"ea40ad9d-e0ed-45a1-bbad-737cbc3e6ebc","SCBI_010.basePlot.bet","D02","SCBI","SCBI_010","N","2015-08-18","2015-09-01","2015-09-02","2015-09-29",,"SCBI_010.N.20150901","6yi0mRc5GEI9+YU0bqWLXP2+6omWJQwLImef1URn/Dg=","invert bycatch",,,,,,,,,,"wYCqaZcA+7slXlj5N/mM6vobrh4QDptp",
"c46d30de-7b33-466e-a887-b78141c9d2a4","SCBI_033.basePlot.bet","D02","SCBI","SCBI_033","N","2015-08-18","2015-09-01","2015-09-02","2015-09-30",,"SCBI_033.N.20150901","4ZBK4Rjlf9lguawvaR+Ygg2C7mHKZKVwWb+liUFDY2M=","invert bycatch",,,,,,,,,,"wYCqaZcA+7slXlj5N/mM6vobrh4QDptp",
"8eef39a9-6534-4e8a-93fb-2b6f79089a62","SCBI_033.basePlot.bet","D02","SCBI","SCBI_033","N","2015-08-18","2015-09-01","2015-09-02","2015-09-30",,"SCBI_033.N.20150901","4ZBK4Rjlf9lguawvaR+Ygg2C7mHKZKVwUwsehHetH/k=","invert bycatch",,,,,,,,,,"wYCqaZcA+7slXlj5N/mM6vobrh4QDptp",
"b8e455b7-ac23-447e-85fe-c761acd552cb","SCBI_003.basePlot.bet","D02","SCBI","SCBI_003","N","2015-08-18","2015-09-01","2015-09-02","2015-09-29",,"SCBI_003.N.20150901","YQnsugPXdU2Zq1Hkpx4VSiujSnpk7U/iRY0wD8VyJEw=","invert bycatch",,,,,,,,,,"wYCqaZcA+7slXlj5N/mM6vobrh4QDptp",
"84dd484f-af74-4920-916a-8c1fd6f83e4b","SCBI_003.basePlot.bet","D02","SCBI","SCBI_003","N","2015-08-18","2015-09-01","2015-09-02","2015-09-29",,"SCBI_003.N.20150901","YQnsugPXdU2Zq1Hkpx4VSiujSnpk7U/ipB6LVtILHSc=","invert bycatch",,,,,,,,,,"wYCqaZcA+7slXlj5N/mM6vobrh4QDptp",
"31c2cd38-e944-45f5-a5d0-b731543f0c38","SCBI_002.basePlot.bet","D02","SCBI","SCBI_002","N","2015-08-18","2015-09-01","2015-09-02","2015-09-30","2015-09-30","SCBI_002.N.20150901","NTl2q/XFbjzyUEn3Qe7D5nIUzJQ9z8SwFsOYN9PmmYA=","carabid","CYCSIG","Cyclotrachelus sigillatus","species",,"Say",,1,"Freitag, R. 1969. A revision of the species of the genus Evarthrus LeConte. Quaestiones Entomologicae 5:89-212.","wYCqaZcA+7slXlj5N/mM6vobrh4QDptp","wYCqaZcA+7slXlj5N/mM6vobrh4QDptp",
"b26e0d76-2b57-4edb-967d-21cbe17de5ad","SCBI_008.basePlot.bet","D02","SCBI","SCBI_008","N","2015-08-18","2015-09-01","2015-09-02","2015-09-29","2015-09-29","SCBI_008.N.20150901","BDl2KAs5Zr36jXTEeNl24zer9Ie4g4FEWtKvimcfWig=","carabid","CHLAES","Chlaenius aestivus","species",,"Say",,11,"Ciegler, J. C. 2000. Ground beetles and wrinkled bark beetles of South Carolina (Coleoptera: Geadephaga: Carabidae and Rhysodidae). Biota of South Carolina. Vol. 1. Clemson, S. Clemson University.","wYCqaZcA+7slXlj5N/mM6vobrh4QDptp","wYCqaZcA+7slXlj5N/mM6vobrh4QDptp",
"df917e3f-6d94-4fbd-863c-62c3fc1ec02c","SCBI_008.basePlot.bet","D02","SCBI","SCBI_008","N","2015-08-18","2015-09-01","2015-09-02","2015-09-29",,"SCBI_008.N.20150901","BDl2KAs5Zr36jXTEeNl243lZ7/zzY3XEe1MuVUrPYbU=","invert bycatch",,,,,,,,,,"wYCqaZcA+7slXlj5N/mM6vobrh4QDptp",
"9fb2dad2-aa4d-426e-9780-262839864dd3","SCBI_012.basePlot.bet","D02","SCBI","SCBI_012","N","2015-08-18","2015-09-01","2015-09-02","2015-09-30",,"SCBI_012.N.20150901","XK58HfsRWveBChV1DUB57TBSaBRrMX4vuteAFNBpcKU=","invert bycatch",,,,,,,,,,"wYCqaZcA+7slXlj5N/mM6vobrh4QDptp",
"3da1043a-29f6-4e87-ac0b-b84bbb3e6ce8","SCBI_012.basePlot.bet","D02","SCBI","SCBI_012","N","2015-08-18","2015-09-01","2015-09-02","2015-09-30",,"SCBI_012.N.20150901","XK58HfsRWveBChV1DUB57TBSaBRrMX4vsaBO1XmiEKI=","invert bycatch",,,,,,,,,,"wYCqaZcA+7slXlj5N/mM6vobrh4QDptp",
"a59b8ed9-4f3d-4e41-b3f7-f8ba8a753672","SCBI_002.basePlot.bet","D02","SCBI","SCBI_002","N","2015-08-18","2015-09-01","2015-09-02","2015-09-30",,"SCBI_002.N.20150901","NTl2q/XFbjzyUEn3Qe7D5s5vmpmdK/hfUskdyeso/kw=","invert bycatch",,,,,,,,,,"wYCqaZcA+7slXlj5N/mM6vobrh4QDptp",
"f4e1ad30-4c0d-43e3-9207-31077f38b88b","SCBI_002.basePlot.bet","D02","SCBI","SCBI_002","N","2015-08-18","2015-09-01","2015-09-02","2015-09-30",,"SCBI_002.N.20150901","NTl2q/XFbjzyUEn3Qe7D5s5vmpmdK/hffYD63Kv7jno=","invert bycatch",,,,,,,,,,"wYCqaZcA+7slXlj5N/mM6vobrh4QDptp",
"523b1b96-6519-460c-b7db-be9dc0bd13cb","SCBI_006.basePlot.bet","D02","SCBI","SCBI_006","N","2015-08-18","2015-09-01","2015-09-02","2015-09-30",,"SCBI_006.N.20150901","2wNT0Wyw286PiGGTpklZ+jIRXadzQmVCrMYXJjHrugM=","invert bycatch",,,,,,,,,,"wYCqaZcA+7slXlj5N/mM6vobrh4QDptp",
"640bbf18-1977-445c-a5be-6d50657b7caf","SCBI_006.basePlot.bet","D02","SCBI","SCBI_006","N","2015-08-18","2015-09-01","2015-09-02","2015-09-30",,"SCBI_006.N.20150901","2wNT0Wyw286PiGGTpklZ+jIRXadzQmVC32XdXfcQJrI=","invert bycatch",,,,,,,,,,"wYCqaZcA+7slXlj5N/mM6vobrh4QDptp",
"b4886f1c-a3f9-49cb-b806-dd23ee3c8be5","SCBI_003.basePlot.bet","D02","SCBI","SCBI_003","S","2015-08-18","2015-09-01","2015-09-02","2015-09-29",,"SCBI_003.S.20150901","YQnsugPXdU3C6y/600l7ZsI6dxVTpJR5O73aUamOkBU=","invert bycatch",,,,,,,,,,"wYCqaZcA+7slXlj5N/mM6vobrh4QDptp",
"528574ab-4331-4bae-bfc4-e06f92349c0f","SCBI_012.basePlot.bet","D02","SCBI","SCBI_012","S","2015-08-18","2015-09-01","2015-09-02","2015-09-30",,"SCBI_012.S.20150901","XK58HfsRWvedDZEDg+fyn5Wws5AIq5UbQ/IjzL1bQU4=","invert bycatch",,,,,,,,,,"wYCqaZcA+7slXlj5N/mM6vobrh4QDptp",
"15e34d91-4bb7-46c2-abec-edab7a02f1fc","SCBI_010.basePlot.bet","D02","SCBI","SCBI_010","S","2015-08-18","2015-09-01","2015-09-02","2015-09-29",,"SCBI_010.S.20150901","6yi0mRc5GELPUkyfBbk+sF3+LuPu5RBC+rDFbjAqZJk=","invert bycatch",,,,,,,,,,"wYCqaZcA+7slXlj5N/mM6vobrh4QDptp",
"81234e2e-8cc9-452d-b63c-486e8dfcb005","SCBI_006.basePlot.bet","D02","SCBI","SCBI_006","S","2015-08-18","2015-09-01","2015-09-02","2015-09-30","2015-09-30","SCBI_006.S.20150901","2wNT0Wyw285o/iZAEWrRkZvNjy+R8RR82Ho1WVxWkso=","carabid","CHLAES","Chlaenius aestivus","species",,"Say",,1,"Ciegler, J. C. 2000. Ground beetles and wrinkled bark beetles of South Carolina (Coleoptera: Geadephaga: Carabidae and Rhysodidae). Biota of South Carolina. Vol. 1. Clemson, S. Clemson University.","fhqXNoOkfxgxeumX3nh8hiKzTnt5lZ8Br3PaGAyV7lk=","wYCqaZcA+7slXlj5N/mM6vobrh4QDptp",
"73c5df2d-9e33-4236-9e57-9dc2c01baa8e","SCBI_005.basePlot.bet","D02","SCBI","SCBI_005","S","2015-08-18","2015-09-01","2015-09-02","2015-09-30",,"SCBI_005.S.20150901","2MbaqPQFAm4RqvKqMmR5FbGL9cGXPgGsuNk6jY836Ak=","invert bycatch",,,,,,,,,,"wYCqaZcA+7slXlj5N/mM6vobrh4QDptp",
"a518db84-70b4-4204-982c-955d285ba935","SCBI_005.basePlot.bet","D02","SCBI","SCBI_005","S","2015-08-18","2015-09-01","2015-09-02","2015-09-30",,"SCBI_005.S.20150901","2MbaqPQFAm4RqvKqMmR5FbGL9cGXPgGsiMPL+HB5vfc=","invert bycatch",,,,,,,,,,"wYCqaZcA+7slXlj5N/mM6vobrh4QDptp",
"a9217535-be5b-42f8-aba3-93f7430050c8","SCBI_004.basePlot.bet","D02","SCBI","SCBI_004","S","2015-08-18","2015-09-01","2015-09-02","2015-09-30",,"SCBI_004.S.20150901","ZCodyo9yj614vwZr5YmwzA5YdE2SIxyac3tHcWdLXT4=","invert bycatch",,,,,,,,,,"wYCqaZcA+7slXlj5N/mM6vobrh4QDptp",
"c202c96b-f476-411e-b234-d180aa860fae","SCBI_010.basePlot.bet","D02","SCBI","SCBI_010","S","2015-08-18","2015-09-01","2015-09-02","2015-09-29","2015-09-29","SCBI_010.S.20150901","6yi0mRc5GELPUkyfBbk+sIUJG68EKGiGWseB2CqMz2M=","carabid","CYCSIG","Cyclotrachelus sigillatus","species",,"Say",,4,"Freitag, R. 1969. A revision of the species of the genus Evarthrus LeConte. Quaestiones Entomologicae 5:89-212.","wYCqaZcA+7slXlj5N/mM6vobrh4QDptp","wYCqaZcA+7slXlj5N/mM6vobrh4QDptp",
"cf401d17-254c-42d9-bde4-e576a3de502b","SCBI_004.basePlot.bet","D02","SCBI","SCBI_004","S","2015-08-18","2015-09-01","2015-09-02","2015-09-30","2015-09-30","SCBI_004.S.20150901","ZCodyo9yj614vwZr5YmwzCEEdP92NarQFFmcbR3KwiA=","carabid","PTECOR1","Pterostichus coracinus","species",,"Newman",,2,"Bousquet, Y. 2010b. Illustrated Identification Guide to Adults and Larvae of Northeastern North American Ground Beetles (Coleoptera: Carabidae). 1st Ed. Pensoft Publishers, Sofia, Bulgaria.","fhqXNoOkfxgxeumX3nh8hiKzTnt5lZ8Br3PaGAyV7lk=","wYCqaZcA+7slXlj5N/mM6vobrh4QDptp",
"d3dba57d-f454-494e-a8b9-7cca84312a0e","SCBI_007.basePlot.bet","D02","SCBI","SCBI_007","S","2015-08-18","2015-09-01","2015-09-02","2015-09-29",,"SCBI_007.S.20150901","tckDqTjQv3gI17OVDNAsDnq8R1tsDDvQOH/hU5QYaX4=","invert bycatch",,,,,,,,,,"wYCqaZcA+7slXlj5N/mM6vobrh4QDptp",
"a243bf3b-69ad-4256-ac92-0e8a2f08a811","SCBI_007.basePlot.bet","D02","SCBI","SCBI_007","S","2015-08-18","2015-09-01","2015-09-02","2015-09-29",,"SCBI_007.S.20150901","tckDqTjQv3gI17OVDNAsDnq8R1tsDDvQFIeYnvS8bBE=","invert bycatch",,,,,,,,,,"wYCqaZcA+7slXlj5N/mM6vobrh4QDptp",
"51d6fc66-46f9-4a2a-9730-263f63e6d0d9","SCBI_004.basePlot.bet","D02","SCBI","SCBI_004","S","2015-08-18","2015-09-01","2015-09-02","2015-09-30",,"SCBI_004.S.20150901","ZCodyo9yj614vwZr5YmwzA5YdE2SIxyaZkIjd+tEcL0=","invert bycatch",,,,,,,,,,"wYCqaZcA+7slXlj5N/mM6vobrh4QDptp",
"c476fd26-a0a4-4475-afb5-6ac6bd27ba42","SCBI_012.basePlot.bet","D02","SCBI","SCBI_012","E","2015-09-01","2015-09-15","2015-09-16","2015-10-02","2015-10-02","SCBI_012.E.20150915","XK58HfsRWvdXPdqnwcZ6TXFSmH12V7DLPRBvFtqO1XA=","carabid","OTHE","Carabidae sp.","family",,"Latreille",,2,"Bousquet, Y. 2010b. Illustrated Identification Guide to Adults and Larvae of Northeastern North American Ground Beetles (Coleoptera: Carabidae). 1st Ed. Pensoft Publishers, Sofia, Bulgaria.","wYCqaZcA+7slXlj5N/mM6vobrh4QDptp","wYCqaZcA+7slXlj5N/mM6vobrh4QDptp","Harpalus rubripes (harrub)"
"a4590ef3-4e57-4d37-977f-3d690ebd704a","SCBI_012.basePlot.bet","D02","SCBI","SCBI_012","E","2015-09-01","2015-09-15","2015-09-16","2015-10-02","2015-10-02","SCBI_012.E.20150915","XK58HfsRWvdXPdqnwcZ6TSfKi2IHdHTtYmZkmr0U3mk=","carabid","SCASUB2","Scarites subterraneus","species",,"Fabricius",,1,"Other","wYCqaZcA+7slXlj5N/mM6vobrh4QDptp","wYCqaZcA+7slXlj5N/mM6vobrh4QDptp",
"ffef0dc8-1991-41dd-9152-fbe380ed1937","SCBI_012.basePlot.bet","D02","SCBI","SCBI_012","E","2015-09-01","2015-09-15","2015-09-16","2015-10-02","2015-10-02","SCBI_012.E.20150915","XK58HfsRWvdXPdqnwcZ6TTKgwdOs5bUVnwuPLkfGf2I=","carabid","POELUC","Poecilus lucublandus","species",,"Say",,1,"Ciegler, J. C. 2000. Ground beetles and wrinkled bark beetles of South Carolina (Coleoptera: Geadephaga: Carabidae and Rhysodidae). Biota of South Carolina. Vol. 1. Clemson, S. Clemson University.","wYCqaZcA+7slXlj5N/mM6vobrh4QDptp","wYCqaZcA+7slXlj5N/mM6vobrh4QDptp",
"c8d4a69d-e02a-479c-b05b-58022198c398","SCBI_002.basePlot.bet","D02","SCBI","SCBI_002","E","2015-09-01","2015-09-15","2015-09-16","2015-10-02","2015-10-02","SCBI_002.E.20150915","NTl2q/XFbjxxk0NSrvvJwESQJxD7XohShbkEk9YqGg8=","carabid","PTECOR1","Pterostichus coracinus","species",,"Newman",,2,"Bousquet, Y. 2010b. Illustrated Identification Guide to Adults and Larvae of Northeastern North American Ground Beetles (Coleoptera: Carabidae). 1st Ed. Pensoft Publishers, Sofia, Bulgaria.","fhqXNoOkfxgxeumX3nh8hiKzTnt5lZ8Br3PaGAyV7lk=","wYCqaZcA+7slXlj5N/mM6vobrh4QDptp",
"a39b4ae9-af02-4c27-a102-7da6d88c7d65","SCBI_006.basePlot.bet","D02","SCBI","SCBI_006","E","2015-09-01","2015-09-15","2015-09-16","2015-10-02","2015-10-02","SCBI_006.E.20150915","2wNT0Wyw285qrh4YWsaSH1oAZ9TKxXzjI6HMI43T8IQ=","carabid","SCASUB2","Scarites subterraneus","species",,"Fabricius",,1,"Other","fhqXNoOkfxgxeumX3nh8hiKzTnt5lZ8Br3PaGAyV7lk=","wYCqaZcA+7slXlj5N/mM6vobrh4QDptp",
"f48c3c2f-a333-4373-9e4d-d4601d4dd828","SCBI_002.basePlot.bet","D02","SCBI","SCBI_002","E","2015-09-01","2015-09-15","2015-09-16","2015-10-02",,"SCBI_002.E.20150915","NTl2q/XFbjxxk0NSrvvJwFOEt9L7pRfLQZFovuRFTBU=","invert bycatch",,,,,,,,,,"wYCqaZcA+7slXlj5N/mM6vobrh4QDptp",
"03f6f597-51d2-4aa2-8da9-2a40faa7625f","SCBI_008.basePlot.bet","D02","SCBI","SCBI_008","E","2015-09-01","2015-09-15","2015-09-16","2015-10-02",,"SCBI_008.E.20150915","BDl2KAs5Zr2BOIR/P+IEWvlfOwcEXqLdrAYo84M6BLQ=","invert bycatch",,,,,,,,,,"wYCqaZcA+7slXlj5N/mM6vobrh4QDptp",
"b3a13b51-dcc2-4e10-afaf-c9a62febcd8f","SCBI_008.basePlot.bet","D02","SCBI","SCBI_008","E","2015-09-01","2015-09-15","2015-09-16","2015-10-02",,"SCBI_008.E.20150915","BDl2KAs5Zr2BOIR/P+IEWvlfOwcEXqLdhgMPyoIJj5A=","invert bycatch",,,,,,,,,,"wYCqaZcA+7slXlj5N/mM6vobrh4QDptp",
"19cb629b-cf37-4102-9502-b4a8eb325cea","SCBI_008.basePlot.bet","D02","SCBI","SCBI_008","E","2015-09-01","2015-09-15","2015-09-16","2015-10-02",,"SCBI_008.E.20150915","BDl2KAs5Zr2BOIR/P+IEWvlfOwcEXqLdMG6vN6d47XU=","invert bycatch",,,,,,,,,,"wYCqaZcA+7slXlj5N/mM6vobrh4QDptp",
"1f69875d-256f-457d-9fc0-d93cef339dea","SCBI_006.basePlot.bet","D02","SCBI","SCBI_006","E","2015-09-01","2015-09-15","2015-09-16","2015-10-02",,"SCBI_006.E.20150915","2wNT0Wyw285qrh4YWsaSH1XLE3mUk24z41W0N/VNxNc=","invert bycatch",,,,,,,,,,"wYCqaZcA+7slXlj5N/mM6vobrh4QDptp",
"99a13ed9-b902-4a91-ad9f-319d297efe51","SCBI_012.basePlot.bet","D02","SCBI","SCBI_012","E","2015-09-01","2015-09-15","2015-09-16","2015-10-02",,"SCBI_012.E.20150915","XK58HfsRWvdXPdqnwcZ6TYz7PeCN3R42iCiB80jwaLw=","invert bycatch",,,,,,,,,,"wYCqaZcA+7slXlj5N/mM6vobrh4QDptp",
"0ecacad7-9f12-419a-8ac6-61eed829bea1","SCBI_008.basePlot.bet","D02","SCBI","SCBI_008","E","2015-09-01","2015-09-15","2015-09-16","2015-10-02","2015-10-02","SCBI_008.E.20150915","BDl2KAs5Zr2BOIR/P+IEWoVM+kOEFvABr8217ztzDyo=","carabid","CHLEMA","Chlaenius emarginatus","species",,"Say",,1,"Ciegler, J. C. 2000. Ground beetles and wrinkled bark beetles of South Carolina (Coleoptera: Geadephaga: Carabidae and Rhysodidae). Biota of South Carolina. Vol. 1. Clemson, S. Clemson University.","OkD7GLun5+2axcMZFkkGzqUglhn8Dr4Y","wYCqaZcA+7slXlj5N/mM6vobrh4QDptp",
"18208d07-ab0e-4bd2-9f20-e27a22c4c0cf","SCBI_012.basePlot.bet","D02","SCBI","SCBI_012","E","2015-09-01","2015-09-15","2015-09-16","2015-10-02",,"SCBI_012.E.20150915","XK58HfsRWvdXPdqnwcZ6TYz7PeCN3R42SZomKAchGYc=","invert bycatch",,,,,,,,,,"wYCqaZcA+7slXlj5N/mM6vobrh4QDptp",
"40e08c7d-0e27-451a-9256-5ab627f745b8","SCBI_003.basePlot.bet","D02","SCBI","SCBI_003","E","2015-09-01","2015-09-15","2015-09-16","2015-10-02",,"SCBI_003.E.20150915","YQnsugPXdU1QrtpIYVG4EOl3QtvbsNlfBma86lLTTvs=","invert bycatch",,,,,,,,,,"wYCqaZcA+7slXlj5N/mM6vobrh4QDptp",
"03c2be6a-9d79-4d3f-b0a9-f19f064373cc","SCBI_033.basePlot.bet","D02","SCBI","SCBI_033","E","2015-09-01","2015-09-15","2015-09-16","2015-10-02",,"SCBI_033.E.20150915","4ZBK4Rjlf9ky2snNQuvzI7+H+TOm4L/ePENuEeesyqE=","invert bycatch",,,,,,,,,,"wYCqaZcA+7slXlj5N/mM6vobrh4QDptp",
"e0ec90ca-fdda-4cc8-bc84-fa1a695bc629","SCBI_003.basePlot.bet","D02","SCBI","SCBI_003","E","2015-09-01","2015-09-15","2015-09-16","2015-10-02",,"SCBI_003.E.20150915","YQnsugPXdU1QrtpIYVG4EOl3QtvbsNlfaR2PlZpSgHY=","invert bycatch",,,,,,,,,,"wYCqaZcA+7slXlj5N/mM6vobrh4QDptp",
"fe5c2e83-ba12-4707-8cbd-140e0af92d55","SCBI_005.basePlot.bet","D02","SCBI","SCBI_005","E","2015-09-01","2015-09-15","2015-09-16","2015-10-02",,"SCBI_005.E.20150915","2MbaqPQFAm4GHc0axYcvHVCQHzLw0+bresihDHu4G40=","invert bycatch",,,,,,,,,,"wYCqaZcA+7slXlj5N/mM6vobrh4QDptp",
"5801bebf-2efa-4d8e-89f3-fe430403be70","SCBI_004.basePlot.bet","D02","SCBI","SCBI_004","E","2015-09-01","2015-09-15","2015-09-16","2015-10-02",,"SCBI_004.E.20150915","ZCodyo9yj62r3k2fVkXhLsB9XLoGtBPB4kyHxUiheEY=","invert bycatch",,,,,,,,,,"wYCqaZcA+7slXlj5N/mM6vobrh4QDptp",
"4cc05acb-1b02-4572-93eb-94c52a78c464","SCBI_007.basePlot.bet","D02","SCBI","SCBI_007","E","2015-09-01","2015-09-15","2015-09-16","2015-10-02",,"SCBI_007.E.20150915","tckDqTjQv3hvRmZr1Y/jv/XN0y/+azM6pxoAHGB8N3s=","invert bycatch",,,,,,,,,,"wYCqaZcA+7slXlj5N/mM6vobrh4QDptp",
"c224f0e7-5634-4cd8-b1cf-e05739836b8f","SCBI_007.basePlot.bet","D02","SCBI","SCBI_007","E","2015-09-01","2015-09-15","2015-09-16","2015-10-02","2015-10-02","SCBI_007.E.20150915","tckDqTjQv3hvRmZr1Y/jv/8493ZbzswbwrSIxp1qYLQ=","carabid","PTETRI3","Pterostichus tristis","species",,"Dejean",,2,"Bousquet, Y. 2010b. Illustrated Identification Guide to Adults and Larvae of Northeastern North American Ground Beetles (Coleoptera: Carabidae). 1st Ed. Pensoft Publishers, Sofia, Bulgaria.","wYCqaZcA+7slXlj5N/mM6vobrh4QDptp","wYCqaZcA+7slXlj5N/mM6vobrh4QDptp",
"b899abf0-11aa-4554-b44b-8d9b391b7fff","SCBI_012.basePlot.bet","D02","SCBI","SCBI_012","N","2015-09-01","2015-09-15","2015-09-16","2015-10-02","2015-10-08","SCBI_012.N.20150915","XK58HfsRWveBChV1DUB57TOpVj3nO15rw/sXbarprkw=","carabid","HARPEN","Harpalus pensylvanicus","species",,"DeGeer",,1,"Ball, G. E., and J. N. Anderson. 1962. The taxonomy and speciation of Pseudophonus (a subgenus of Harpalus: Haralini: Carabidae, known to occur in North America). The Catholic University of America Press, Washington 17, D. C.","wYCqaZcA+7slXlj5N/mM6vobrh4QDptp","wYCqaZcA+7slXlj5N/mM6vobrh4QDptp",
"b607cc2a-262d-4c27-b9c6-efdd67cd1f97","SCBI_012.basePlot.bet","D02","SCBI","SCBI_012","N","2015-09-01","2015-09-15","2015-09-16","2015-10-02","2015-10-08","SCBI_012.N.20150915","XK58HfsRWveBChV1DUB57fGtTzAWcwaiimF5CP6IKkw=","carabid","HARCOM","Harpalus compar","species",,"LeConte",,9,"Ball, G. E., and J. N. Anderson. 1962. The taxonomy and speciation of Pseudophonus (a subgenus of Harpalus: Haralini: Carabidae, known to occur in North America). The Catholic University of America Press, Washington 17, D. C.","wYCqaZcA+7slXlj5N/mM6vobrh4QDptp","wYCqaZcA+7slXlj5N/mM6vobrh4QDptp",
"969b9aa3-5e53-4fbd-b879-c8ab27e408d9","SCBI_012.basePlot.bet","D02","SCBI","SCBI_012","N","2015-09-01","2015-09-15","2015-09-16","2015-10-02","2015-10-02","SCBI_012.N.20150915","XK58HfsRWveBChV1DUB57fGtTzAWcwaiaDYsiw7jlD0=","carabid","HARCAL","Harpalus caliginosus","species",,"Fabricius",,2,"Ciegler, J. C. 2000. Ground beetles and wrinkled bark beetles of South Carolina (Coleoptera: Geadephaga: Carabidae and Rhysodidae). Biota of South Carolina. Vol. 1. Clemson, S. Clemson University.","wYCqaZcA+7slXlj5N/mM6vobrh4QDptp","wYCqaZcA+7slXlj5N/mM6vobrh4QDptp",
"fb86547f-3998-44d9-80b8-1ee6ff6931f0","SCBI_012.basePlot.bet","D02","SCBI","SCBI_012","N","2015-09-01","2015-09-15","2015-09-16","2015-10-02","2015-10-02","SCBI_012.N.20150915","XK58HfsRWveBChV1DUB57S98/8a4xn7omQIaABH6eg4=","carabid","CHLAES","Chlaenius aestivus","species",,"Say",,3,"Ciegler, J. C. 2000. Ground beetles and wrinkled bark beetles of South Carolina (Coleoptera: Geadephaga: Carabidae and Rhysodidae). Biota of South Carolina. Vol. 1. Clemson, S. Clemson University.","fhqXNoOkfxgxeumX3nh8hiKzTnt5lZ8Br3PaGAyV7lk=","wYCqaZcA+7slXlj5N/mM6vobrh4QDptp",
"e63f3351-cb59-4da7-87e4-80bdc35baceb","SCBI_008.basePlot.bet","D02","SCBI","SCBI_008","N","2015-09-01","2015-09-15","2015-09-16","2015-10-02","2015-10-02","SCBI_008.N.20150915","BDl2KAs5Zr36jXTEeNl246Ihhb7m5fiIPEJ/TybKEpY=","carabid","CHLAES","Chlaenius aestivus","species",,"Say",,4,"Ciegler, J. C. 2000. Ground beetles and wrinkled bark beetles of South Carolina (Coleoptera: Geadephaga: Carabidae and Rhysodidae). Biota of South Carolina. Vol. 1. Clemson, S. Clemson University.","OkD7GLun5+2axcMZFkkGzqUglhn8Dr4Y","wYCqaZcA+7slXlj5N/mM6vobrh4QDptp",
"0f46bbd9-6656-4ded-99b3-190d0ecd4044","SCBI_008.basePlot.bet","D02","SCBI","SCBI_008","N","2015-09-01","2015-09-15","2015-09-16","2015-10-02","2015-10-02","SCBI_008.N.20150915","BDl2KAs5Zr36jXTEeNl24/jO4SS651xlifeNrhRZiL8=","carabid","SYNIMP","Synuchus impunctatus","species",,"Say",,1,"Bousquet, Y. 2010b. Illustrated Identification Guide to Adults and Larvae of Northeastern North American Ground Beetles (Coleoptera: Carabidae). 1st Ed. Pensoft Publishers, Sofia, Bulgaria.","wYCqaZcA+7slXlj5N/mM6vobrh4QDptp","wYCqaZcA+7slXlj5N/mM6vobrh4QDptp",
"68587301-5f2a-4f6d-9674-fda8d36aef63","SCBI_002.basePlot.bet","D02","SCBI","SCBI_002","N","2015-09-01","2015-09-15","2015-09-16","2015-10-02","2015-10-02","SCBI_002.N.20150915","NTl2q/XFbjzyUEn3Qe7D5mBt/cROc4btpiONj9CVGXU=","carabid","PTESTY","Pterostichus stygicus","species",,"Say",,1,"Bousquet, Y. 2010b. Illustrated Identification Guide to Adults and Larvae of Northeastern North American Ground Beetles (Coleoptera: Carabidae). 1st Ed. Pensoft Publishers, Sofia, Bulgaria.","fhqXNoOkfxgxeumX3nh8hiKzTnt5lZ8Br3PaGAyV7lk=","wYCqaZcA+7slXlj5N/mM6vobrh4QDptp",
"1e7e0909-2da1-461c-9b89-71a55ca4bceb","SCBI_002.basePlot.bet","D02","SCBI","SCBI_002","N","2015-09-01","2015-09-15","2015-09-16","2015-10-02","2015-10-02","SCBI_002.N.20150915","NTl2q/XFbjzyUEn3Qe7D5qAr9UVWvqz3NabXbUOJ+d0=","carabid","PTECOR1","Pterostichus coracinus","species",,"Newman",,2,"Bousquet, Y. 2010b. Illustrated Identification Guide to Adults and Larvae of Northeastern North American Ground Beetles (Coleoptera: Carabidae). 1st Ed. Pensoft Publishers, Sofia, Bulgaria.","fhqXNoOkfxgxeumX3nh8hiKzTnt5lZ8Br3PaGAyV7lk=","wYCqaZcA+7slXlj5N/mM6vobrh4QDptp",
"da650fa8-5432-4c3c-ab19-85c3f7a33ce2","SCBI_002.basePlot.bet","D02","SCBI","SCBI_002","N","2015-09-01","2015-09-15","2015-09-16","2015-10-02",,"SCBI_002.N.20150915","NTl2q/XFbjzyUEn3Qe7D5mzXklP4xgqdG27ZAmdLcZk=","invert bycatch",,,,,,,,,,"wYCqaZcA+7slXlj5N/mM6vobrh4QDptp",
"fe365f90-46ee-44f5-9c53-73cf51c8a35a","SCBI_008.basePlot.bet","D02","SCBI","SCBI_008","N","2015-09-01","2015-09-15","2015-09-16","2015-10-02",,"SCBI_008.N.20150915","BDl2KAs5Zr36jXTEeNl245kCbkV80yS0k35BgcNTW6I=","invert bycatch",,,,,,,,,,"wYCqaZcA+7slXlj5N/mM6vobrh4QDptp",
"bf094762-91df-4e83-b382-07072ace3dee","SCBI_006.basePlot.bet","D02","SCBI","SCBI_006","N","2015-09-01","2015-09-15","2015-09-16","2015-10-02",,"SCBI_006.N.20150915","2wNT0Wyw286PiGGTpklZ+m3ww8tyccjkTcVSaAdSUgs=","invert bycatch",,,,,,,,,,"wYCqaZcA+7slXlj5N/mM6vobrh4QDptp",
"28a30a79-9ce4-48bb-9fbf-09f882fd24b5","SCBI_008.basePlot.bet","D02","SCBI","SCBI_008","N","2015-09-01","2015-09-15","2015-09-16","2015-10-02",,"SCBI_008.N.20150915","BDl2KAs5Zr36jXTEeNl245kCbkV80yS04cf+nIOmX2g=","invert bycatch",,,,,,,,,,"wYCqaZcA+7slXlj5N/mM6vobrh4QDptp",
"7ce72857-895c-4ead-aec2-54a8b6450b30","SCBI_008.basePlot.bet","D02","SCBI","SCBI_008","N","2015-09-01","2015-09-15","2015-09-16","2015-10-02",,"SCBI_008.N.20150915","BDl2KAs5Zr36jXTEeNl245kCbkV80yS0UcZogbBDq2E=","invert bycatch",,,,,,,,,,"wYCqaZcA+7slXlj5N/mM6vobrh4QDptp",
"b5c0ca03-c957-448c-87e5-0dde0edee16f","SCBI_012.basePlot.bet","D02","SCBI","SCBI_012","N","2015-09-01","2015-09-15","2015-09-16","2015-10-02",,"SCBI_012.N.20150915","XK58HfsRWveBChV1DUB57ffr8Rq2ygJojN1+suhG9eU=","invert bycatch",,,,,,,,,,"wYCqaZcA+7slXlj5N/mM6vobrh4QDptp",
"7d3494a5-af68-425a-873a-d810653c74aa","SCBI_012.basePlot.bet","D02","SCBI","SCBI_012","N","2015-09-01","2015-09-15","2015-09-16","2015-10-02",,"SCBI_012.N.20150915","XK58HfsRWveBChV1DUB57ffr8Rq2ygJoj5kp1ECtBAo=","invert bycatch",,,,,,,,,,"wYCqaZcA+7slXlj5N/mM6vobrh4QDptp",
"b4f11e40-0e14-4470-8676-a2ac265b5143","SCBI_033.basePlot.bet","D02","SCBI","SCBI_033","N","2015-09-01","2015-09-15","2015-09-16","2015-10-02","2015-10-02","SCBI_033.N.20150915","4ZBK4Rjlf9lguawvaR+Ygr6GQwGbUgbp7hCYZwZTdMk=","carabid","CHLAES","Chlaenius aestivus","species",,"Say",,1,"Ciegler, J. C. 2000. Ground beetles and wrinkled bark beetles of South Carolina (Coleoptera: Geadephaga: Carabidae and Rhysodidae). Biota of South Carolina. Vol. 1. Clemson, S. Clemson University.","OkD7GLun5+2axcMZFkkGzqUglhn8Dr4Y","wYCqaZcA+7slXlj5N/mM6vobrh4QDptp",
"9bf2171f-8907-42a6-82a4-67507e1de714","SCBI_010.basePlot.bet","D02","SCBI","SCBI_010","N","2015-09-01","2015-09-15","2015-09-16","2015-10-02",,"SCBI_010.N.20150915","6yi0mRc5GEI9+YU0bqWLXHasFrK4/SHjkO7/Bc0KpTI=","invert bycatch",,,,,,,,,,"wYCqaZcA+7slXlj5N/mM6vobrh4QDptp",
"338a9488-21e8-4128-a2c7-27196d74600d","SCBI_033.basePlot.bet","D02","SCBI","SCBI_033","N","2015-09-01","2015-09-15","2015-09-16","2015-10-02",,"SCBI_033.N.20150915","4ZBK4Rjlf9lguawvaR+YgpOxGal/X+8/RVPY+ospI+g=","invert bycatch",,,,,,,,,,"wYCqaZcA+7slXlj5N/mM6vobrh4QDptp",
"0eadf322-1e64-4784-bb03-1355dc1f64c2","SCBI_010.basePlot.bet","D02","SCBI","SCBI_010","N","2015-09-01","2015-09-15","2015-09-16","2015-10-02",,"SCBI_010.N.20150915","6yi0mRc5GEI9+YU0bqWLXHasFrK4/SHjEG/fKWVGy6A=","invert bycatch",,,,,,,,,,"wYCqaZcA+7slXlj5N/mM6vobrh4QDptp",
"4ddb67af-f275-4b37-80be-528a58b87da7","SCBI_004.basePlot.bet","D02","SCBI","SCBI_004","N","2015-09-01","2015-09-15","2015-09-16","2015-10-02",,"SCBI_004.N.20150915","ZCodyo9yj6286/2SN8Mad4hq9Vwhgdm22bp+d9/b3oM=","invert bycatch",,,,,,,,,,"wYCqaZcA+7slXlj5N/mM6vobrh4QDptp",
"93638830-0934-4be2-8fe3-bc3e233af474","SCBI_005.basePlot.bet","D02","SCBI","SCBI_005","N","2015-09-01","2015-09-15","2015-09-16","2015-10-02",,"SCBI_005.N.20150915","2MbaqPQFAm6aL5deFx9vUU6bFbhx5mY95y/m+x+++Nc=","invert bycatch",,,,,,,,,,"wYCqaZcA+7slXlj5N/mM6vobrh4QDptp",
"2690b6d0-76ac-4fea-9181-3312f42fdfac","SCBI_003.basePlot.bet","D02","SCBI","SCBI_003","N","2015-09-01","2015-09-15","2015-09-16","2015-10-02",,"SCBI_003.N.20150915","YQnsugPXdU2Zq1Hkpx4VSiWnGv+IC5PIT400BPEPgsQ=","invert bycatch",,,,,,,,,,"wYCqaZcA+7slXlj5N/mM6vobrh4QDptp",
"2ccdc67c-e717-432e-9c11-6bf21a17d92e","SCBI_003.basePlot.bet","D02","SCBI","SCBI_003","N","2015-09-01","2015-09-15","2015-09-16","2015-10-02",,"SCBI_003.N.20150915","YQnsugPXdU2Zq1Hkpx4VSiWnGv+IC5PIn2CywZWPkOU=","invert bycatch",,,,,,,,,,"wYCqaZcA+7slXlj5N/mM6vobrh4QDptp",
"e0923d52-8f47-43ef-86c5-8cb5022bb5d9","SCBI_005.basePlot.bet","D02","SCBI","SCBI_005","S","2015-09-01","2015-09-15","2015-09-16","2015-10-02","2015-10-02","SCBI_005.S.20150915","2MbaqPQFAm4RqvKqMmR5FYlpSBqrTUMUI42D7B+h+oY=","carabid","PTECOR1","Pterostichus coracinus","species",,"Newman",,2,"Bousquet, Y. 2010b. Illustrated Identification Guide to Adults and Larvae of Northeastern North American Ground Beetles (Coleoptera: Carabidae). 1st Ed. Pensoft Publishers, Sofia, Bulgaria.","wYCqaZcA+7slXlj5N/mM6vobrh4QDptp","wYCqaZcA+7slXlj5N/mM6vobrh4QDptp",
"866257ad-7f02-4e29-898a-4e03a52efcdd","SCBI_005.basePlot.bet","D02","SCBI","SCBI_005","S","2015-09-01","2015-09-15","2015-09-16","2015-10-02","2015-10-02","SCBI_005.S.20150915","2MbaqPQFAm4RqvKqMmR5FZZ2jjU4HR4LtRWW2m1b3kc=","carabid","PTESTY","Pterostichus stygicus","species",,"Say",,1,"Bousquet, Y. 2010b. Illustrated Identification Guide to Adults and Larvae of Northeastern North American Ground Beetles (Coleoptera: Carabidae). 1st Ed. Pensoft Publishers, Sofia, Bulgaria.","wYCqaZcA+7slXlj5N/mM6vobrh4QDptp","wYCqaZcA+7slXlj5N/mM6vobrh4QDptp",
"3ce2e01b-e8bd-4873-ab57-22623fbe121c","SCBI_004.basePlot.bet","D02","SCBI","SCBI_004","S","2015-09-01","2015-09-15","2015-09-16","2015-10-02","2015-10-02","SCBI_004.S.20150915","ZCodyo9yj614vwZr5YmwzE5udNmDAB67AZA1rVcd2e0=","carabid","CYCSIG","Cyclotrachelus sigillatus","species",,"Say",,1,"Freitag, R. 1969. A revision of the species of the genus Evarthrus LeConte. Quaestiones Entomologicae 5:89-212.","wYCqaZcA+7slXlj5N/mM6vobrh4QDptp","wYCqaZcA+7slXlj5N/mM6vobrh4QDptp",
"abd627d7-eb82-47c9-b19b-cec892ac8911","SCBI_004.basePlot.bet","D02","SCBI","SCBI_004","S","2015-09-01","2015-09-15","2015-09-16","2015-10-02","2015-10-02","SCBI_004.S.20150915","ZCodyo9yj614vwZr5YmwzAJvgzzxFpYOnGKL5Iuwv2I=","carabid","CARGOR","Carabus goryi","species",,"Dejean",,1,"Ciegler, J. C. 2000. Ground beetles and wrinkled bark beetles of South Carolina (Coleoptera: Geadephaga: Carabidae and Rhysodidae). Biota of South Carolina. Vol. 1. Clemson, S. Clemson University.","wYCqaZcA+7slXlj5N/mM6vobrh4QDptp","wYCqaZcA+7slXlj5N/mM6vobrh4QDptp",
"bd69f0f2-f3f6-4f83-a3ba-b8d3fe4c0b59","SCBI_004.basePlot.bet","D02","SCBI","SCBI_004","S","2015-09-01","2015-09-15","2015-09-16","2015-10-02","2015-10-02","SCBI_004.S.20150915","ZCodyo9yj614vwZr5YmwzJ1fy5jN3SScee2wO2EWUCo=","carabid","PTECOR1","Pterostichus coracinus","species",,"Newman",,1,"Bousquet, Y. 2010b. Illustrated Identification Guide to Adults and Larvae of Northeastern North American Ground Beetles (Coleoptera: Carabidae). 1st Ed. Pensoft Publishers, Sofia, Bulgaria.","wYCqaZcA+7slXlj5N/mM6vobrh4QDptp","wYCqaZcA+7slXlj5N/mM6vobrh4QDptp",
"84d8d571-9780-48bf-8399-7d989dd01355","SCBI_012.basePlot.bet","D02","SCBI","SCBI_012","S","2015-09-01","2015-09-15","2015-09-16","2015-10-02","2015-10-02","SCBI_012.S.20150915","XK58HfsRWvedDZEDg+fynxLrJDME/H3UmZ9cHF8zmS4=","carabid","ANIOVU","Anisodactylus ovularis","species",,"Casey",,1,"Noonan, G. R. 1973. The Anisodactylines (Insecta: Coleoptera: Carabidae: Harpalini): classification, evolution and zoogeography. Quaestiones Entomologicae 9:266-480.","wYCqaZcA+7slXlj5N/mM6vobrh4QDptp","wYCqaZcA+7slXlj5N/mM6vobrh4QDptp",
"a3e28195-3b84-4d70-b326-c0ae8e42e405","SCBI_012.basePlot.bet","D02","SCBI","SCBI_012","S","2015-09-01","2015-09-15","2015-09-16","2015-10-02","2015-10-02","SCBI_012.S.20150915","XK58HfsRWvedDZEDg+fyn4GU7tsdfnWBpzUYVaZ8Hi8=","carabid","SCASUB2","Scarites subterraneus","species",,"Fabricius",,1,"Other","wYCqaZcA+7slXlj5N/mM6vobrh4QDptp","wYCqaZcA+7slXlj5N/mM6vobrh4QDptp",
"6daee689-8a6f-4ab9-92be-96d037ce6f71","SCBI_006.basePlot.bet","D02","SCBI","SCBI_006","S","2015-09-01","2015-09-15","2015-09-16","2015-10-02",,"SCBI_006.S.20150915","2wNT0Wyw285o/iZAEWrRkWMUdqgVZRyQXG0u9CHMfjA=","invert bycatch",,,,,,,,,,"wYCqaZcA+7slXlj5N/mM6vobrh4QDptp",
"0e6d47fa-1862-49f1-83b4-2ca4d53b62a5","SCBI_002.basePlot.bet","D02","SCBI","SCBI_002","S","2015-09-01","2015-09-15","2015-09-16","2015-10-02","2015-10-02","SCBI_002.S.20150915","NTl2q/XFbjz8wrlUsng59mvpqgExLsA7MZcVtpKb82k=","carabid","PTECOR1","Pterostichus coracinus","species",,"Newman",,1,"Bousquet, Y. 2010b. Illustrated Identification Guide to Adults and Larvae of Northeastern North American Ground Beetles (Coleoptera: Carabidae). 1st Ed. Pensoft Publishers, Sofia, Bulgaria.","fhqXNoOkfxgxeumX3nh8hiKzTnt5lZ8Br3PaGAyV7lk=","wYCqaZcA+7slXlj5N/mM6vobrh4QDptp",
"2de49681-8c0a-41bb-9d47-b57b7523e88b","SCBI_002.basePlot.bet","D02","SCBI","SCBI_002","S","2015-09-01","2015-09-15","2015-09-16","2015-10-02",,"SCBI_002.S.20150915","NTl2q/XFbjz8wrlUsng59jdTTT6XWWCk3a8yUuN8LTg=","invert bycatch",,,,,,,,,,"wYCqaZcA+7slXlj5N/mM6vobrh4QDptp",
"7dce99e1-ab5e-4abb-839f-99eeae076ee2","SCBI_012.basePlot.bet","D02","SCBI","SCBI_012","S","2015-09-01","2015-09-15","2015-09-16","2015-10-02",,"SCBI_012.S.20150915","XK58HfsRWvedDZEDg+fyn3/Ou/PFf9/NU1hpbLyZhkE=","invert bycatch",,,,,,,,,,"wYCqaZcA+7slXlj5N/mM6vobrh4QDptp",
"f98e3437-eebc-4c97-8b75-91e1396fba85","SCBI_008.basePlot.bet","D02","SCBI","SCBI_008","S","2015-09-01","2015-09-15","2015-09-16","2015-10-02",,"SCBI_008.S.20150915","BDl2KAs5Zr2uFlAO9rT1CurkiEv6NbW/rOX17o4XZ+M=","invert bycatch",,,,,,,,,,"wYCqaZcA+7slXlj5N/mM6vobrh4QDptp",
"37fd8cbc-a6ec-4638-a841-d8772b6783f2","SCBI_008.basePlot.bet","D02","SCBI","SCBI_008","S","2015-09-01","2015-09-15","2015-09-16","2015-10-02","2015-10-02","SCBI_008.S.20150915","BDl2KAs5Zr2uFlAO9rT1CinrCqybkctIIX4k23ICMxs=","carabid","TRIVUL","Trichotichnus vulpeculus","species",,"Say",,1,"Ciegler, J. C. 2000. Ground beetles and wrinkled bark beetles of South Carolina (Coleoptera: Geadephaga: Carabidae and Rhysodidae). Biota of South Carolina. Vol. 1. Clemson, S. Clemson University.","wYCqaZcA+7slXlj5N/mM6vobrh4QDptp","wYCqaZcA+7slXlj5N/mM6vobrh4QDptp",
"ee9c4d76-edc2-44e4-b464-4c033eb2e298","SCBI_008.basePlot.bet","D02","SCBI","SCBI_008","S","2015-09-01","2015-09-15","2015-09-16","2015-10-02",,"SCBI_008.S.20150915","BDl2KAs5Zr2uFlAO9rT1CurkiEv6NbW/iPugdCxRFpo=","invert bycatch",,,,,,,,,,"wYCqaZcA+7slXlj5N/mM6vobrh4QDptp",
"921a823c-f0e3-40d8-a784-3a2b1aad20d4","SCBI_008.basePlot.bet","D02","SCBI","SCBI_008","S","2015-09-01","2015-09-15","2015-09-16","2015-10-02",,"SCBI_008.S.20150915","BDl2KAs5Zr2uFlAO9rT1CurkiEv6NbW/Yf8E6x+pKxQ=","invert bycatch",,,,,,,,,,"wYCqaZcA+7slXlj5N/mM6vobrh4QDptp",
"9b9890ce-a60f-4083-bf1b-a25a45989546","SCBI_010.basePlot.bet","D02","SCBI","SCBI_010","S","2015-09-01","2015-09-15","2015-09-16","2015-10-02",,"SCBI_010.S.20150915","6yi0mRc5GELPUkyfBbk+sMUlYQqhi288J0rsRRM6y+I=","invert bycatch",,,,,,,,,,"wYCqaZcA+7slXlj5N/mM6vobrh4QDptp",
"0ff81987-ec63-421e-ab33-a8ebf6777bbf","SCBI_033.basePlot.bet","D02","SCBI","SCBI_033","S","2015-09-01","2015-09-15","2015-09-16","2015-10-02",,"SCBI_033.S.20150915","4ZBK4Rjlf9k4xybhcO8HB/BVwVnKafbjwtTMxxBwtes=","invert bycatch",,,,,,,,,,"wYCqaZcA+7slXlj5N/mM6vobrh4QDptp",
"fc91393e-e6e3-49b5-b9b5-62bb8709bd79","SCBI_010.basePlot.bet","D02","SCBI","SCBI_010","S","2015-09-01","2015-09-15","2015-09-16","2015-10-02",,"SCBI_010.S.20150915","6yi0mRc5GELPUkyfBbk+sMUlYQqhi288GBCULJKyfBk=","invert bycatch",,,,,,,,,,"wYCqaZcA+7slXlj5N/mM6vobrh4QDptp",
"72707808-11dc-42e0-817a-28b03a43e6b3","SCBI_010.basePlot.bet","D02","SCBI","SCBI_010","S","2015-09-01","2015-09-15","2015-09-16","2015-10-02","2015-10-02","SCBI_010.S.20150915","6yi0mRc5GELPUkyfBbk+sFyM/wt8clanZ4XHMLwiHIc=","carabid","MYACOR","Myas coracinus","species",,"Say",,1,"Ciegler, J. C. 2000. Ground beetles and wrinkled bark beetles of South Carolina (Coleoptera: Geadephaga: Carabidae and Rhysodidae). Biota of South Carolina. Vol. 1. Clemson, S. Clemson University.","wYCqaZcA+7slXlj5N/mM6vobrh4QDptp","wYCqaZcA+7slXlj5N/mM6vobrh4QDptp",
"228c280d-c4f2-4e1a-9156-4cb90b95d1ff","SCBI_012.basePlot.bet","D02","SCBI","SCBI_012","S","2015-09-01","2015-09-15","2015-09-16","2015-10-02",,"SCBI_012.S.20150915","XK58HfsRWvedDZEDg+fyn3/Ou/PFf9/Nh0gvsSnZcas=","invert bycatch",,,,,,,,,,"wYCqaZcA+7slXlj5N/mM6vobrh4QDptp",
"e59d8521-8432-4cf6-b6df-debcf0eb0338","SCBI_005.basePlot.bet","D02","SCBI","SCBI_005","S","2015-09-01","2015-09-15","2015-09-16","2015-10-02",,"SCBI_005.S.20150915","2MbaqPQFAm4RqvKqMmR5FUVkXXe13+n53C3LmikpFTk=","invert bycatch",,,,,,,,,,"wYCqaZcA+7slXlj5N/mM6vobrh4QDptp",
"bab0d744-6fc1-4e39-8471-208b8546b9d3","SCBI_004.basePlot.bet","D02","SCBI","SCBI_004","S","2015-09-01","2015-09-15","2015-09-16","2015-10-02",,"SCBI_004.S.20150915","ZCodyo9yj614vwZr5YmwzCrRoeIalivmSBm3uhB6xfc=","invert bycatch",,,,,,,,,,"wYCqaZcA+7slXlj5N/mM6vobrh4QDptp",
"4d68f6f5-a7ec-4483-91ee-5bdb139d6b2b","SCBI_003.basePlot.bet","D02","SCBI","SCBI_003","S","2015-09-01","2015-09-15","2015-09-16","2015-10-02",,"SCBI_003.S.20150915","YQnsugPXdU3C6y/600l7ZtCQgvbIwuS8BBZ8JPdlwdQ=","invert bycatch",,,,,,,,,,"wYCqaZcA+7slXlj5N/mM6vobrh4QDptp",
"99fc672b-8c1e-4753-9735-f571ceeeddbc","SCBI_007.basePlot.bet","D02","SCBI","SCBI_007","S","2015-09-01","2015-09-15","2015-09-16","2015-10-02",,"SCBI_007.S.20150915","tckDqTjQv3gI17OVDNAsDunKGs2UANahiFZD45r0cR0=","invert bycatch",,,,,,,,,,"wYCqaZcA+7slXlj5N/mM6vobrh4QDptp",
"d0cf9a14-ced6-420a-b4bc-b51e2af8efa2","SCBI_003.basePlot.bet","D02","SCBI","SCBI_003","S","2015-09-01","2015-09-15","2015-09-16","2015-10-02",,"SCBI_003.S.20150915","YQnsugPXdU3C6y/600l7ZtCQgvbIwuS8MYQs8FlfZ7s=","invert bycatch",,,,,,,,,,"wYCqaZcA+7slXlj5N/mM6vobrh4QDptp",
"88a2a413-c4bd-436f-9a87-93457145a865","SCBI_012.basePlot.bet","D02","SCBI","SCBI_012","W","2015-09-01","2015-09-15","2015-09-16","2015-10-02","2015-11-01","SCBI_012.W.20150915","XK58HfsRWvfaFiRkL4Z83TUlStbFArGSHvWoiEje/xc=","carabid","HARERY","Harpalus erythropus","species",,"Dejean",,1,"Ball, G. E., and J. N. Anderson. 1962. The taxonomy and speciation of Pseudophonus (a subgenus of Harpalus: Haralini: Carabidae, known to occur in North America). The Catholic University of America Press, Washington 17, D. C.","wYCqaZcA+7slXlj5N/mM6vobrh4QDptp","wYCqaZcA+7slXlj5N/mM6vobrh4QDptp",
"d2a0acc4-47f1-4e88-a11f-75cb28338f24","SCBI_012.basePlot.bet","D02","SCBI","SCBI_012","W","2015-09-01","2015-09-15","2015-09-16","2015-10-02","2015-10-02","SCBI_012.W.20150915","XK58HfsRWvfaFiRkL4Z83R061Y6ywdbkKeLK0eMZHKs=","carabid","OTHE","Carabidae sp.","family",,"Latreille",,1,"Bousquet, Y. 2010b. Illustrated Identification Guide to Adults and Larvae of Northeastern North American Ground Beetles (Coleoptera: Carabidae). 1st Ed. Pensoft Publishers, Sofia, Bulgaria.","wYCqaZcA+7slXlj5N/mM6vobrh4QDptp","wYCqaZcA+7slXlj5N/mM6vobrh4QDptp","Harpalus rubripes (harrub)"
"64044795-14d3-4565-a285-1d4fe7c62d31","SCBI_010.basePlot.bet","D02","SCBI","SCBI_010","W","2015-09-01","2015-09-15","2015-09-16","2015-10-02","2015-10-02","SCBI_010.W.20150915","6yi0mRc5GELmusg3FbtK9sWF4QzJjp7bLQP/NuqVLkQ=","carabid","CHLAES","Chlaenius aestivus","species",,"Say",,1,"Ciegler, J. C. 2000. Ground beetles and wrinkled bark beetles of South Carolina (Coleoptera: Geadephaga: Carabidae and Rhysodidae). Biota of South Carolina. Vol. 1. Clemson, S. Clemson University.","OkD7GLun5+2axcMZFkkGzqUglhn8Dr4Y","wYCqaZcA+7slXlj5N/mM6vobrh4QDptp",
"f85d64bf-91aa-4ba1-b9e4-3a7f296abefc","SCBI_010.basePlot.bet","D02","SCBI","SCBI_010","W","2015-09-01","2015-09-15","2015-09-16","2015-10-02","2015-10-02","SCBI_010.W.20150915","6yi0mRc5GELmusg3FbtK9i1RlhE409Qk44asdd7gRjI=","carabid","PTECOR1","Pterostichus coracinus","species",,"Newman",,1,"Bousquet, Y. 2010b. Illustrated Identification Guide to Adults and Larvae of Northeastern North American Ground Beetles (Coleoptera: Carabidae). 1st Ed. Pensoft Publishers, Sofia, Bulgaria.","OkD7GLun5+2axcMZFkkGzqUglhn8Dr4Y","wYCqaZcA+7slXlj5N/mM6vobrh4QDptp",
"9be02e77-8e19-49b9-9854-ab993b8b33b2","SCBI_010.basePlot.bet","D02","SCBI","SCBI_010","W","2015-09-01","2015-09-15","2015-09-16","2015-10-02","2015-10-02","SCBI_010.W.20150915","6yi0mRc5GELmusg3FbtK9ml7nxk+gTEkeZfVZ9SbYp0=","carabid","SPHSCH","Sphaeroderus schaumii","species",,"Chaudoir",,1,"Lindroth, C. H. 1969. The ground-beetles (Carabidae, excl. Cicindelinae) of Canada and Alaska, parts 1-6. Opuscula E. Entomoligiska Sallskapet.","wYCqaZcA+7slXlj5N/mM6vobrh4QDptp","wYCqaZcA+7slXlj5N/mM6vobrh4QDptp",
"ecf0fd55-decb-48c8-8c0e-19d1a29b1f42","SCBI_006.basePlot.bet","D02","SCBI","SCBI_006","W","2015-09-01","2015-09-15","2015-09-16","2015-10-02","2015-10-02","SCBI_006.W.20150915","2wNT0Wyw284TokAWI5dUpjffU2YZSVfcef1KwyegASc=","carabid","OTHE","Carabidae sp.","family",,"Latreille",,1,"Bousquet, Y. 2010b. Illustrated Identification Guide to Adults and Larvae of Northeastern North American Ground Beetles (Coleoptera: Carabidae). 1st Ed. Pensoft Publishers, Sofia, Bulgaria.","wYCqaZcA+7slXlj5N/mM6vobrh4QDptp","wYCqaZcA+7slXlj5N/mM6vobrh4QDptp","Harpalus rubripes (harrub)"
"2c209501-e677-4895-8d1b-83853609f4b0","SCBI_006.basePlot.bet","D02","SCBI","SCBI_006","W","2015-09-01","2015-09-15","2015-09-16","2015-10-02","2015-10-02","SCBI_006.W.20150915","2wNT0Wyw284TokAWI5dUput2zOGlLEjcaVhqYhYT+9w=","carabid","CYCSIG","Cyclotrachelus sigillatus","species",,"Say",,1,"Freitag, R. 1969. A revision of the species of the genus Evarthrus LeConte. Quaestiones Entomologicae 5:89-212.","fhqXNoOkfxgxeumX3nh8hiKzTnt5lZ8Br3PaGAyV7lk=","wYCqaZcA+7slXlj5N/mM6vobrh4QDptp",
"036dadf1-b8a1-492d-b853-2649299acd1d","SCBI_002.basePlot.bet","D02","SCBI","SCBI_002","W","2015-09-01","2015-09-15","2015-09-16","2015-10-02","2015-10-02","SCBI_002.W.20150915","NTl2q/XFbjyrgqkI6IqNAtB3RmIx8PrjG9VyPvGs4vA=","carabid","PTECOR1","Pterostichus coracinus","species",,"Newman",,3,"Bousquet, Y. 2010b. Illustrated Identification Guide to Adults and Larvae of Northeastern North American Ground Beetles (Coleoptera: Carabidae). 1st Ed. Pensoft Publishers, Sofia, Bulgaria.","fhqXNoOkfxgxeumX3nh8hiKzTnt5lZ8Br3PaGAyV7lk=","wYCqaZcA+7slXlj5N/mM6vobrh4QDptp",
"edff9bc7-504c-4bb0-be94-b9cf58628dd9","SCBI_002.basePlot.bet","D02","SCBI","SCBI_002","W","2015-09-01","2015-09-15","2015-09-16","2015-10-02","2015-10-02","SCBI_002.W.20150915","NTl2q/XFbjyrgqkI6IqNApnNN7kQVlU3fJvKLWXah6E=","carabid","CYCSIG","Cyclotrachelus sigillatus","species",,"Say",,1,"Freitag, R. 1969. A revision of the species of the genus Evarthrus LeConte. Quaestiones Entomologicae 5:89-212.","fhqXNoOkfxgxeumX3nh8hiKzTnt5lZ8Br3PaGAyV7lk=","wYCqaZcA+7slXlj5N/mM6vobrh4QDptp",
"a9d60621-130c-4a0f-8c4b-a80fbea84a42","SCBI_002.basePlot.bet","D02","SCBI","SCBI_002","W","2015-09-01","2015-09-15","2015-09-16","2015-10-02",,"SCBI_002.W.20150915","NTl2q/XFbjyrgqkI6IqNAhNw4/qwGFdKFdn5Xg12e7U=","invert bycatch",,,,,,,,,,"wYCqaZcA+7slXlj5N/mM6vobrh4QDptp",
"d23eb06d-b98d-4ac5-bed3-778967308bf6","SCBI_008.basePlot.bet","D02","SCBI","SCBI_008","W","2015-09-01","2015-09-15","2015-09-16","2015-10-02",,"SCBI_008.W.20150915","BDl2KAs5Zr0HLetRs8EVQWaxRDO8D5/JVsaYWQm3HS4=","invert bycatch",,,,,,,,,,"wYCqaZcA+7slXlj5N/mM6vobrh4QDptp",
"890d557d-66d6-4030-8bfa-0306dca54672","SCBI_006.basePlot.bet","D02","SCBI","SCBI_006","W","2015-09-01","2015-09-15","2015-09-16","2015-10-02",,"SCBI_006.W.20150915","2wNT0Wyw284TokAWI5dUpvfAhxVRo27920US8TQLfH8=","invert bycatch",,,,,,,,,,"wYCqaZcA+7slXlj5N/mM6vobrh4QDptp",
"f29684fb-129c-40dd-9a00-95fc40c6b9f7","SCBI_012.basePlot.bet","D02","SCBI","SCBI_012","W","2015-09-01","2015-09-15","2015-09-16","2015-10-02",,"SCBI_012.W.20150915","XK58HfsRWvfaFiRkL4Z83e++ZeJ/MPloQN6GS3BtJqs=","invert bycatch",,,,,,,,,,"wYCqaZcA+7slXlj5N/mM6vobrh4QDptp",
"d8464f4f-f6e3-4217-9fb5-8e9f75c0c3b8","SCBI_012.basePlot.bet","D02","SCBI","SCBI_012","W","2015-09-01","2015-09-15","2015-09-16","2015-10-02",,"SCBI_012.W.20150915","XK58HfsRWvfaFiRkL4Z83e++ZeJ/MPlogO6zwSKeLNo=","invert bycatch",,,,,,,,,,"wYCqaZcA+7slXlj5N/mM6vobrh4QDptp",
"d4c7d5d0-6a97-4dcd-95f8-88aac0beda66","SCBI_008.basePlot.bet","D02","SCBI","SCBI_008","W","2015-09-01","2015-09-15","2015-09-16","2015-10-02",,"SCBI_008.W.20150915","BDl2KAs5Zr0HLetRs8EVQWaxRDO8D5/JoKPEBfYx5Ps=","invert bycatch",,,,,,,,,,"wYCqaZcA+7slXlj5N/mM6vobrh4QDptp",
"38ab1dd1-29e6-4e53-b173-4abddf1e5ccb","SCBI_008.basePlot.bet","D02","SCBI","SCBI_008","W","2015-09-01","2015-09-15","2015-09-16","2015-10-02",,"SCBI_008.W.20150915","BDl2KAs5Zr0HLetRs8EVQWaxRDO8D5/JevF3vQjIxxE=","invert bycatch",,,,,,,,,,"wYCqaZcA+7slXlj5N/mM6vobrh4QDptp",
"a948c6a0-d9f8-450e-bcec-9a344dd2d756","SCBI_033.basePlot.bet","D02","SCBI","SCBI_033","W","2015-09-01","2015-09-15","2015-09-16","2015-10-02",,"SCBI_033.W.20150915","4ZBK4Rjlf9mfQQkSbewYYEaacvg4GVKlhZAqOYwujuw=","invert bycatch",,,,,,,,,,"wYCqaZcA+7slXlj5N/mM6vobrh4QDptp",
"f510eca4-293a-489b-b96b-78aeff62a809","SCBI_010.basePlot.bet","D02","SCBI","SCBI_010","W","2015-09-01","2015-09-15","2015-09-16","2015-10-02",,"SCBI_010.W.20150915","6yi0mRc5GELmusg3FbtK9itlo7R6gJU4nhKDaGw0scc=","invert bycatch",,,,,,,,,,"wYCqaZcA+7slXlj5N/mM6vobrh4QDptp",
"09e7f7c4-c6c1-403d-bb8b-1e31c7c60295","SCBI_010.basePlot.bet","D02","SCBI","SCBI_010","W","2015-09-01","2015-09-15","2015-09-16","2015-10-02",,"SCBI_010.W.20150915","6yi0mRc5GELmusg3FbtK9itlo7R6gJU4k5X9dKMbb1g=","invert bycatch",,,,,,,,,,"wYCqaZcA+7slXlj5N/mM6vobrh4QDptp",
"8a57ad64-e464-4839-81d6-d52961ad6b36","SCBI_033.basePlot.bet","D02","SCBI","SCBI_033","W","2015-09-01","2015-09-15","2015-09-16","2015-10-02","2015-10-02","SCBI_033.W.20150915","4ZBK4Rjlf9mfQQkSbewYYKtrKfNHaCtLgKZlwUcqgt4=","carabid","PTECOR1","Pterostichus coracinus","species",,"Newman",,1,"Bousquet, Y. 2010b. Illustrated Identification Guide to Adults and Larvae of Northeastern North American Ground Beetles (Coleoptera: Carabidae). 1st Ed. Pensoft Publishers, Sofia, Bulgaria.","OkD7GLun5+2axcMZFkkGzqUglhn8Dr4Y","wYCqaZcA+7slXlj5N/mM6vobrh4QDptp",
"03a3bbbf-aee0-43c8-b022-da81b43fb8d4","SCBI_003.basePlot.bet","D02","SCBI","SCBI_003","W","2015-09-01","2015-09-15","2015-09-16","2015-10-02",,"SCBI_003.W.20150915","YQnsugPXdU17PQzFjF+eJxNFU5YhgV79Qb3EuBQu8WQ=","invert bycatch",,,,,,,,,,"wYCqaZcA+7slXlj5N/mM6vobrh4QDptp",
"4433e304-ace2-4088-900e-2756a697c663","SCBI_003.basePlot.bet","D02","SCBI","SCBI_003","W","2015-09-01","2015-09-15","2015-09-16","2015-10-02",,"SCBI_003.W.20150915","YQnsugPXdU17PQzFjF+eJxNFU5YhgV79AyvBltE1E+Y=","invert bycatch",,,,,,,,,,"wYCqaZcA+7slXlj5N/mM6vobrh4QDptp",
"53e057e5-f605-4c7b-8595-46dea3b5b9fd","SCBI_005.basePlot.bet","D02","SCBI","SCBI_005","W","2015-09-01","2015-09-15","2015-09-16","2015-10-02",,"SCBI_005.W.20150915","2MbaqPQFAm6XpqAZWGjMGADqLYwMOUgUHOadUiUisto=","invert bycatch",,,,,,,,,,"wYCqaZcA+7slXlj5N/mM6vobrh4QDptp",
"6931e829-bdc7-4411-bd4b-e7023d85190a","SCBI_004.basePlot.bet","D02","SCBI","SCBI_004","W","2015-09-01","2015-09-15","2015-09-16","2015-10-02","2015-10-02","SCBI_004.W.20150915","ZCodyo9yj61wzkxAmSeyxtJl/up04RkGB2LgfLpffiY=","carabid","CALGRE","Calathus gregarius","species",,"Say",,1,"Bousquet, Y. 2010b. Illustrated Identification Guide to Adults and Larvae of Northeastern North American Ground Beetles (Coleoptera: Carabidae). 1st Ed. Pensoft Publishers, Sofia, Bulgaria.","wYCqaZcA+7slXlj5N/mM6vobrh4QDptp","wYCqaZcA+7slXlj5N/mM6vobrh4QDptp",
"01f46d1e-de73-474c-8214-41f5edb35b56","SCBI_004.basePlot.bet","D02","SCBI","SCBI_004","W","2015-09-01","2015-09-15","2015-09-16","2015-10-02",,"SCBI_004.W.20150915","ZCodyo9yj61wzkxAmSeyxlzr3lvHu/GlgjEPryguI64=","invert bycatch",,,,,,,,,,"wYCqaZcA+7slXlj5N/mM6vobrh4QDptp",
