uid,namedLocation,domainID,siteID,plotID,trapID,plotType,nlcdClass,decimalLatitude,decimalLongitude,geodeticDatum,coordinateUncertainty,elevation,elevationUncertainty,setDate,collectDate,eventID,daysOfTrapping,sampleCollected,sampleID,cupStatus,lidStatus,fluidLevel,samplingProtocolVersion,recordedBy,remarks
"fd6fea02-63c5-4273-a40b-c878234b4851","STER_035.basePlot.bet","D10","STER","STER_035","S","distributed","cultivatedCrops",40.469719,-103.016662,"WGS84",20.1,1362.2,0.1,"2015-05-28","2015-06-11","STER.2015.24",14,"Y","STER_035.S.20150611","Ok","Ok","Ok","NEON.DOC.014050vG","ogjyrGrm3ZwJtEIV6g3OdQaEOdluA3eH",
"81e9f95d-e394-44fe-a630-0feb5d4017ab","STER_006.basePlot.bet","D10","STER","STER_006","S","distributed","cultivatedCrops",40.463935,-103.035332,"WGS84",20.1,1361.2,0.1,"2015-05-28","2015-06-11","STER.2015.24",14,"N",,"Disturbed","Missing","Low","NEON.DOC.014050vG","ogjyrGrm3ZwJtEIV6g3OdQaEOdluA3eH","Field was tilled and replanted after traps had been set. All cups broken and moved, no lids or nails found. Cups totally empty or on sides filled with soil."
"e65523eb-5b3b-4f68-b256-63a257d58162","STER_032.basePlot.bet","D10","STER","STER_032","S","distributed","cultivatedCrops",40.472029,-103.025102,"WGS84",20.1,1362.6,0.1,"2015-05-28","2015-06-11","STER.2015.24",14,"Y","STER_032.S.20150611","Ok","Ok","Ok","NEON.DOC.014050vG","ogjyrGrm3ZwJtEIV6g3OdQaEOdluA3eH",
"4fb1202f-1fa6-400d-bed2-7ae1c9a5a59c","STER_034.basePlot.bet","D10","STER","STER_034","S","distributed","cultivatedCrops",40.478666,-103.019238,"WGS84",20.1,1365.9,0.2,"2015-05-28","2015-06-11","STER.2015.24",14,"Y","STER_034.S.20150611","Ok","Ok","Ok","NEON.DOC.014050vG","ogjyrGrm3ZwJtEIV6g3OdQaEOdluA3eH",
"b53e0fcb-b62d-482a-a601-4b96efe95cc2","STER_028.basePlot.bet","D10","STER","STER_028","S","distributed","cultivatedCrops",40.473273,-103.018333,"WGS84",20.2,1359.6,0.3,"2015-05-28","2015-06-11","STER.2015.24",14,"Y","STER_028.S.20150611","Ok","Ok","Ok","NEON.DOC.014050vG","ogjyrGrm3ZwJtEIV6g3OdQaEOdluA3eH",
"87bbb8bd-c06d-48c1-9561-8802abff4ef4","STER_027.basePlot.bet","D10","STER","STER_027","S","distributed","cultivatedCrops",40.480827,-103.018821,"WGS84",20.1,1368.4,0.3,"2015-05-28","2015-06-11","STER.2015.24",14,"Y","STER_027.S.20150611","Ok","Ok","Ok","NEON.DOC.014050vG","ogjyrGrm3ZwJtEIV6g3OdQaEOdluA3eH",
"95c805fb-1b95-4432-8e20-ed8718e055ed","STER_026.basePlot.bet","D10","STER","STER_026","W","distributed","cultivatedCrops",40.474713,-103.024300,"WGS84",20.2,1360.8,0.3,"2015-05-28","2015-06-11","STER.2015.24",14,"Y","STER_026.W.20150611","Ok","Ok","Low","NEON.DOC.014050vG","ogjyrGrm3ZwJtEIV6g3OdQaEOdluA3eH",
"b6b68e53-c743-46b7-a8a7-aed038823813","STER_031.basePlot.bet","D10","STER","STER_031","W","distributed","cultivatedCrops",40.470725,-103.011685,"WGS84",20.1,1353.3,0.1,"2015-05-28","2015-06-11","STER.2015.24",14,"Y","STER_031.W.20150611","Ok","Ok","Ok","NEON.DOC.014050vG","ogjyrGrm3ZwJtEIV6g3OdQaEOdluA3eH",
"351d58df-c717-49d8-8ed0-7f3ca6e3732e","STER_006.basePlot.bet","D10","STER","STER_006","W","distributed","cultivatedCrops",40.463935,-103.035332,"WGS84",20.1,1361.2,0.1,"2015-05-28","2015-06-11","STER.2015.24",14,"N",,"Disturbed","Disturbed","Low","NEON.DOC.014050vG","ogjyrGrm3ZwJtEIV6g3OdQaEOdluA3eH","Field was tilled and replanted after traps had been set. All cups broken and moved, no lids or nails found. Cups totally empty or on sides filled with soil."
"6d0a3ed9-ca19-49b2-9217-184e9b8a9805","STER_034.basePlot.bet","D10","STER","STER_034","W","distributed","cultivatedCrops",40.478666,-103.019238,"WGS84",20.1,1365.9,0.2,"2015-05-28","2015-06-11","STER.2015.24",14,"Y","STER_034.W.20150611","Ok","Ok","Low","NEON.DOC.014050vG","ogjyrGrm3ZwJtEIV6g3OdQaEOdluA3eH",
"6d6309e9-a46c-4021-a4f2-4ac1b8bee606","STER_032.basePlot.bet","D10","STER","STER_032","W","distributed","cultivatedCrops",40.472029,-103.025102,"WGS84",20.1,1362.6,0.1,"2015-05-28","2015-06-11","STER.2015.24",14,"Y","STER_032.W.20150611","Ok","Ok","Ok","NEON.DOC.014050vG","ogjyrGrm3ZwJtEIV6g3OdQaEOdluA3eH",
"03766510-53a1-41b9-a5de-53ea5edf747f","STER_033.basePlot.bet","D10","STER","STER_033","W","distributed","cultivatedCrops",40.476390,-103.011866,"WGS84",20.1,1356.6,0.2,"2015-05-28","2015-06-11","STER.2015.24",14,"Y","STER_033.W.20150611","Ok","Ok","High","NEON.DOC.014050vG","ogjyrGrm3ZwJtEIV6g3OdQaEOdluA3eH",
"dc3b8a13-8b1b-4575-a8d8-223fa1e496f2","STER_035.basePlot.bet","D10","STER","STER_035","W","distributed","cultivatedCrops",40.469719,-103.016662,"WGS84",20.1,1362.2,0.1,"2015-05-28","2015-06-11","STER.2015.24",14,"Y","STER_035.W.20150611","Ok","Disturbed","Ok","NEON.DOC.014050vG","ogjyrGrm3ZwJtEIV6g3OdQaEOdluA3eH","Lid pressed flat by harvesting equipment."
"ab1686a8-0bfe-405f-adb9-28838a67259b","STER_029.basePlot.bet","D10","STER","STER_029","W","distributed","cultivatedCrops",40.468561,-103.011749,"WGS84",20.1,1353.3,0.3,"2015-05-28","2015-06-11","STER.2015.24",14,"Y","STER_029.W.20150611","Ok","Ok","Ok","NEON.DOC.014050vG","ogjyrGrm3ZwJtEIV6g3OdQaEOdluA3eH","Covered by about .6m of cut wheat"
"93d82839-7e0f-4a7e-b91a-0b03dbd61df0","STER_027.basePlot.bet","D10","STER","STER_027","W","distributed","cultivatedCrops",40.480827,-103.018821,"WGS84",20.1,1368.4,0.3,"2015-05-28","2015-06-11","STER.2015.24",14,"Y","STER_027.W.20150611","Ok","Ok","Low","NEON.DOC.014050vG","ogjyrGrm3ZwJtEIV6g3OdQaEOdluA3eH",
"38685508-6612-42e8-a316-c1735989bb20","STER_028.basePlot.bet","D10","STER","STER_028","W","distributed","cultivatedCrops",40.473273,-103.018333,"WGS84",20.2,1359.6,0.3,"2015-05-28","2015-06-11","STER.2015.24",14,"Y","STER_028.W.20150611","Ok","Ok","Ok","NEON.DOC.014050vG","ogjyrGrm3ZwJtEIV6g3OdQaEOdluA3eH",
"943710b0-6573-4dcb-bf90-072dbadbb913","STER_033.basePlot.bet","D10","STER","STER_033","E","distributed","cultivatedCrops",40.476390,-103.011866,"WGS84",20.1,1356.6,0.2,"2015-05-28","2015-06-11","STER.2015.24",14,"Y","STER_033.E.20150611","Disturbed","Ok","Ok","NEON.DOC.014050vG","ogjyrGrm3ZwJtEIV6g3OdQaEOdluA3eH","Some erosion present."
"58674f6b-71de-4673-b6d8-49dbe04e1210","STER_035.basePlot.bet","D10","STER","STER_035","E","distributed","cultivatedCrops",40.469719,-103.016662,"WGS84",20.1,1362.2,0.1,"2015-05-28","2015-06-11","STER.2015.24",14,"Y","STER_035.E.20150611","Ok","Ok","Ok","NEON.DOC.014050vG","ogjyrGrm3ZwJtEIV6g3OdQaEOdluA3eH",
"741af8cc-3698-4ed6-ae0a-699ca307e5eb","STER_031.basePlot.bet","D10","STER","STER_031","E","distributed","cultivatedCrops",40.470725,-103.011685,"WGS84",20.1,1353.3,0.1,"2015-05-28","2015-06-11","STER.2015.24",14,"Y","STER_031.E.20150611","Ok","Disturbed","Ok","NEON.DOC.014050vG","ogjyrGrm3ZwJtEIV6g3OdQaEOdluA3eH",
"eb349a6f-f3ea-4c45-b23d-ea2cdcd71cd5","STER_028.basePlot.bet","D10","STER","STER_028","E","distributed","cultivatedCrops",40.473273,-103.018333,"WGS84",20.2,1359.6,0.3,"2015-05-28","2015-06-11","STER.2015.24",14,"Y","STER_028.E.20150611","Ok","Ok","Ok","NEON.DOC.014050vG","ogjyrGrm3ZwJtEIV6g3OdQaEOdluA3eH",
"ea8a0735-93e4-41de-af9f-6e57159aa9fc","STER_026.basePlot.bet","D10","STER","STER_026","E","distributed","cultivatedCrops",40.474713,-103.024300,"WGS84",20.2,1360.8,0.3,"2015-05-28","2015-06-11","STER.2015.24",14,"Y","STER_026.E.20150611","Ok","Ok","Ok","NEON.DOC.014050vG","ogjyrGrm3ZwJtEIV6g3OdQaEOdluA3eH",
"37dd201f-6285-4cea-8880-fac343603871","STER_027.basePlot.bet","D10","STER","STER_027","E","distributed","cultivatedCrops",40.480827,-103.018821,"WGS84",20.1,1368.4,0.3,"2015-05-28","2015-06-11","STER.2015.24",14,"Y","STER_027.E.20150611","Ok","Ok","Low","NEON.DOC.014050vG","ogjyrGrm3ZwJtEIV6g3OdQaEOdluA3eH",
"1d21181b-5e68-4d70-98c0-1fe33d02d1c6","STER_029.basePlot.bet","D10","STER","STER_029","E","distributed","cultivatedCrops",40.468561,-103.011749,"WGS84",20.1,1353.3,0.3,"2015-05-28","2015-06-11","STER.2015.24",14,"Y","STER_029.E.20150611","Ok","Ok","Ok","NEON.DOC.014050vG","ogjyrGrm3ZwJtEIV6g3OdQaEOdluA3eH","Covered by about .6m of cut wheat."
"0b08506c-4e4d-4d2d-8854-2bbb95e802ee","STER_034.basePlot.bet","D10","STER","STER_034","E","distributed","cultivatedCrops",40.478666,-103.019238,"WGS84",20.1,1365.9,0.2,"2015-05-28","2015-06-11","STER.2015.24",14,"Y","STER_034.E.20150611","Ok","Ok","High","NEON.DOC.014050vG","ogjyrGrm3ZwJtEIV6g3OdQaEOdluA3eH",
"cbf21f4f-99c0-47b6-bf81-f36914cdf506","STER_006.basePlot.bet","D10","STER","STER_006","E","distributed","cultivatedCrops",40.463935,-103.035332,"WGS84",20.1,1361.2,0.1,"2015-05-28","2015-06-11","STER.2015.24",14,"N",,"Disturbed","Disturbed","Low","NEON.DOC.014050vG","ogjyrGrm3ZwJtEIV6g3OdQaEOdluA3eH","Field was tilled and replanted after traps had been set. All cups broken and moved, no lids or nails found. Cups totally empty or on sides filled with soil."
"0805e962-ead2-44ac-8ce6-43851ab2f1a7","STER_032.basePlot.bet","D10","STER","STER_032","E","distributed","cultivatedCrops",40.472029,-103.025102,"WGS84",20.1,1362.6,0.1,"2015-05-28","2015-06-11","STER.2015.24",14,"Y","STER_032.E.20150611","Ok","Ok","Ok","NEON.DOC.014050vG","ogjyrGrm3ZwJtEIV6g3OdQaEOdluA3eH",
"8f734e91-3bfc-46a3-a31b-6fde2c5817e0","STER_006.basePlot.bet","D10","STER","STER_006","N","distributed","cultivatedCrops",40.463935,-103.035332,"WGS84",20.1,1361.2,0.1,"2015-05-28","2015-06-11","STER.2015.24",14,"N",,"Disturbed","Missing","Low","NEON.DOC.014050vG","ogjyrGrm3ZwJtEIV6g3OdQaEOdluA3eH","Field was tilled and replanted after traps had been set. All cups broken and moved, no lids or nails found. Cups totally empty or on sides filled with soil."
"8fe1463a-5b45-4c5e-94c1-7d9aafd769c2","STER_032.basePlot.bet","D10","STER","STER_032","N","distributed","cultivatedCrops",40.472029,-103.025102,"WGS84",20.1,1362.6,0.1,"2015-05-28","2015-06-11","STER.2015.24",14,"Y","STER_032.N.20150611","Ok","Ok","Ok","NEON.DOC.014050vG","ogjyrGrm3ZwJtEIV6g3OdQaEOdluA3eH",
"25b9b5a2-2741-4e40-ad57-49cd73d1b0a3","STER_029.basePlot.bet","D10","STER","STER_029","N","distributed","cultivatedCrops",40.468561,-103.011749,"WGS84",20.1,1353.3,0.3,"2015-05-28","2015-06-11","STER.2015.24",14,"Y","STER_029.N.20150611","Ok","Disturbed","Ok","NEON.DOC.014050vG","ogjyrGrm3ZwJtEIV6g3OdQaEOdluA3eH","Lid completely crushed into the ground."
"2f7faab3-bd5d-4a39-9b36-5074c055c8fc","STER_027.basePlot.bet","D10","STER","STER_027","N","distributed","cultivatedCrops",40.480827,-103.018821,"WGS84",20.1,1368.4,0.3,"2015-05-28","2015-06-11","STER.2015.24",14,"Y","STER_027.N.20150611","Ok","Ok","Low","NEON.DOC.014050vG","ogjyrGrm3ZwJtEIV6g3OdQaEOdluA3eH",
"7b16dce5-d9e9-4e08-8e78-c9aeacea09d0","STER_034.basePlot.bet","D10","STER","STER_034","N","distributed","cultivatedCrops",40.478666,-103.019238,"WGS84",20.1,1365.9,0.2,"2015-05-28","2015-06-11","STER.2015.24",14,"Y","STER_034.N.20150611","Ok","Ok","Low","NEON.DOC.014050vG","ogjyrGrm3ZwJtEIV6g3OdQaEOdluA3eH",
"cd53a053-f143-44ed-9914-a120cece8510","STER_031.basePlot.bet","D10","STER","STER_031","N","distributed","cultivatedCrops",40.470725,-103.011685,"WGS84",20.1,1353.3,0.1,"2015-05-28","2015-06-11","STER.2015.24",14,"Y","STER_031.N.20150611","Ok","Ok","Ok","NEON.DOC.014050vG","ogjyrGrm3ZwJtEIV6g3OdQaEOdluA3eH","Lid pressed flat by harvesting equipment."
"690ae766-3686-4b80-91b8-baf250ca5a26","STER_028.basePlot.bet","D10","STER","STER_028","N","distributed","cultivatedCrops",40.473273,-103.018333,"WGS84",20.2,1359.6,0.3,"2015-05-28","2015-06-11","STER.2015.24",14,"Y","STER_028.N.20150611","Disturbed","Ok","Ok","NEON.DOC.014050vG","ogjyrGrm3ZwJtEIV6g3OdQaEOdluA3eH","Serious erosion around all edges of cup, cup pushed part way out of ground."
"1b3ed6ce-c805-453e-98d9-6b7abe098c6e","STER_026.basePlot.bet","D10","STER","STER_026","N","distributed","cultivatedCrops",40.474713,-103.024300,"WGS84",20.2,1360.8,0.3,"2015-05-28","2015-06-11","STER.2015.24",14,"Y","STER_026.N.20150611","Ok","Ok","Low","NEON.DOC.014050vG","ogjyrGrm3ZwJtEIV6g3OdQaEOdluA3eH",
"3d4f36da-406a-4c48-9c78-31d1174e1a39","STER_035.basePlot.bet","D10","STER","STER_035","N","distributed","cultivatedCrops",40.469719,-103.016662,"WGS84",20.1,1362.2,0.1,"2015-05-28","2015-06-11","STER.2015.24",14,"Y","STER_035.N.20150611","Ok","Disturbed","Ok","NEON.DOC.014050vG","ogjyrGrm3ZwJtEIV6g3OdQaEOdluA3eH","lid pressed flat by harvesting equipment"
"2c0f8f94-0f21-44b0-97fe-6331ae0cada3","STER_033.basePlot.bet","D10","STER","STER_033","N","distributed","cultivatedCrops",40.476390,-103.011866,"WGS84",20.1,1356.6,0.2,"2015-05-28","2015-06-11","STER.2015.24",14,"Y","STER_033.N.20150611","Ok","Ok","High","NEON.DOC.014050vG","ogjyrGrm3ZwJtEIV6g3OdQaEOdluA3eH",
"9719b7ad-7697-433a-9a2c-c97b1d93b435","STER_026.basePlot.bet","D10","STER","STER_026","S","distributed","cultivatedCrops",40.474713,-103.024300,"WGS84",20.2,1360.8,0.3,"2015-05-28","2015-06-11","STER.2015.24",14,"Y","STER_026.S.20150611","Ok","Ok","Ok","NEON.DOC.014050vG","ogjyrGrm3ZwJtEIV6g3OdQaEOdluA3eH",
"17c29ce8-2292-444c-aaab-aadb40e571b4","STER_031.basePlot.bet","D10","STER","STER_031","S","distributed","cultivatedCrops",40.470725,-103.011685,"WGS84",20.1,1353.3,0.1,"2015-05-28","2015-06-11","STER.2015.24",14,"Y","STER_031.S.20150611","Ok","Ok","Ok","NEON.DOC.014050vG","ogjyrGrm3ZwJtEIV6g3OdQaEOdluA3eH",
"5cd299f1-b4a9-4d49-add5-814f3c26005a","STER_029.basePlot.bet","D10","STER","STER_029","S","distributed","cultivatedCrops",40.468561,-103.011749,"WGS84",20.1,1353.3,0.3,"2015-05-28","2015-06-11","STER.2015.24",14,"Y","STER_029.S.20150611","Ok","Disturbed","High","NEON.DOC.014050vG","ogjyrGrm3ZwJtEIV6g3OdQaEOdluA3eH","Lid completely crushed into the ground."
"814fa748-67de-4f34-99bd-7de881d27e8c","STER_033.basePlot.bet","D10","STER","STER_033","S","distributed","cultivatedCrops",40.476390,-103.011866,"WGS84",20.1,1356.6,0.2,"2015-05-28","2015-06-11","STER.2015.24",14,"Y","STER_033.S.20150611","Ok","Ok","Ok","NEON.DOC.014050vG","ogjyrGrm3ZwJtEIV6g3OdQaEOdluA3eH",
"9c09446e-e2e4-48a9-bdd1-812d5b6b8d99","STER_034.basePlot.bet","D10","STER","STER_034","N","distributed","cultivatedCrops",40.478666,-103.019238,"WGS84",20.1,1365.9,0.2,"2015-06-11","2015-06-25","STER.2015.26",14,"Y","STER_034.N.20150625","Ok","Ok","Ok","NEON.DOC.014050vG","ogjyrGrm3ZwJtEIV6g3OdQaEOdluA3eH",
"b78ec992-9ea5-49df-8af7-f7cb52e479a9","STER_029.basePlot.bet","D10","STER","STER_029","W","distributed","cultivatedCrops",40.468561,-103.011749,"WGS84",20.1,1353.3,0.3,"2015-06-11","2015-06-25","STER.2015.26",14,"Y","STER_029.W.20150625","Ok","Ok","Ok","NEON.DOC.014050vG","ogjyrGrm3ZwJtEIV6g3OdQaEOdluA3eH",
"b6f08caa-640e-45b3-aabd-ad40d860f161","STER_027.basePlot.bet","D10","STER","STER_027","W","distributed","cultivatedCrops",40.480827,-103.018821,"WGS84",20.1,1368.4,0.3,"2015-06-11","2015-06-25","STER.2015.26",14,"Y","STER_027.W.20150625","Ok","Ok","Low","NEON.DOC.014050vG","ogjyrGrm3ZwJtEIV6g3OdQaEOdluA3eH",
"9b049daa-726a-40e6-855e-0dcd953aff6d","STER_006.basePlot.bet","D10","STER","STER_006","W","distributed","cultivatedCrops",40.463935,-103.035332,"WGS84",20.1,1361.2,0.1,"2015-06-11","2015-06-25","STER.2015.26",14,"Y","STER_006.W.20150625","Ok","Ok","Ok","NEON.DOC.014050vG","ogjyrGrm3ZwJtEIV6g3OdQaEOdluA3eH",
"4059166a-db73-4949-9f23-8523236718dd","STER_034.basePlot.bet","D10","STER","STER_034","W","distributed","cultivatedCrops",40.478666,-103.019238,"WGS84",20.1,1365.9,0.2,"2015-06-11","2015-06-25","STER.2015.26",14,"Y","STER_034.W.20150625","Ok","Ok","Ok","NEON.DOC.014050vG","ogjyrGrm3ZwJtEIV6g3OdQaEOdluA3eH",
"a9ac1f15-69d9-4f80-8433-558e59e77639","STER_033.basePlot.bet","D10","STER","STER_033","W","distributed","cultivatedCrops",40.476390,-103.011866,"WGS84",20.1,1356.6,0.2,"2015-06-11","2015-06-25","STER.2015.26",14,"Y","STER_033.W.20150625","Ok","Ok","Ok","NEON.DOC.014050vG","ogjyrGrm3ZwJtEIV6g3OdQaEOdluA3eH","Had herp. vert. bycatch"
"07112dc0-0011-4450-9bf4-247f89fdf600","STER_035.basePlot.bet","D10","STER","STER_035","W","distributed","cultivatedCrops",40.469719,-103.016662,"WGS84",20.1,1362.2,0.1,"2015-06-11","2015-06-25","STER.2015.26",14,"Y","STER_035.W.20150625","Ok","Ok","Ok","NEON.DOC.014050vG","ogjyrGrm3ZwJtEIV6g3OdQaEOdluA3eH",
"5b9150aa-0a41-4a7f-a9a2-2abb7553cc88","STER_033.basePlot.bet","D10","STER","STER_033","S","distributed","cultivatedCrops",40.476390,-103.011866,"WGS84",20.1,1356.6,0.2,"2015-06-11","2015-06-25","STER.2015.26",14,"Y","STER_033.S.20150625","Ok","Ok","Ok","NEON.DOC.014050vG","ogjyrGrm3ZwJtEIV6g3OdQaEOdluA3eH",
"237a3994-181f-48b6-9214-ea0bb791357d","STER_031.basePlot.bet","D10","STER","STER_031","S","distributed","cultivatedCrops",40.470725,-103.011685,"WGS84",20.1,1353.3,0.1,"2015-06-11","2015-06-25","STER.2015.26",14,"Y","STER_031.S.20150625","Ok","Disturbed","Ok","NEON.DOC.014050vG","ogjyrGrm3ZwJtEIV6g3OdQaEOdluA3eH","lid pressed partially flat by farming equipment"
"aadf8977-6071-490f-b4a0-db2f3d9698a3","STER_035.basePlot.bet","D10","STER","STER_035","S","distributed","cultivatedCrops",40.469719,-103.016662,"WGS84",20.1,1362.2,0.1,"2015-06-11","2015-06-25","STER.2015.26",14,"Y","STER_035.S.20150625","Ok","Ok","Ok","NEON.DOC.014050vG","ogjyrGrm3ZwJtEIV6g3OdQaEOdluA3eH",
"6dbe76e9-ef9a-4ef1-ac2d-ccb78d30622c","STER_027.basePlot.bet","D10","STER","STER_027","S","distributed","cultivatedCrops",40.480827,-103.018821,"WGS84",20.1,1368.4,0.3,"2015-06-11","2015-06-25","STER.2015.26",14,"Y","STER_027.S.20150625","Ok","Ok","Low","NEON.DOC.014050vG","ogjyrGrm3ZwJtEIV6g3OdQaEOdluA3eH",
"158169fa-35b8-4b1c-8ea4-4c7702cf43bb","STER_029.basePlot.bet","D10","STER","STER_029","S","distributed","cultivatedCrops",40.468561,-103.011749,"WGS84",20.1,1353.3,0.3,"2015-06-11","2015-06-25","STER.2015.26",14,"Y","STER_029.S.20150625","Ok","Ok","High","NEON.DOC.014050vG","ogjyrGrm3ZwJtEIV6g3OdQaEOdluA3eH",
"77da5e4c-38fe-4f49-8132-581e6429fcf2","STER_035.basePlot.bet","D10","STER","STER_035","E","distributed","cultivatedCrops",40.469719,-103.016662,"WGS84",20.1,1362.2,0.1,"2015-06-11","2015-06-25","STER.2015.26",14,"Y","STER_035.E.20150625","Ok","Disturbed","Ok","NEON.DOC.014050vG","ogjyrGrm3ZwJtEIV6g3OdQaEOdluA3eH","pressed partially flat by farming equipment"
"02854b38-5d88-4de8-aad9-2e2c8f1cb4d6","STER_033.basePlot.bet","D10","STER","STER_033","E","distributed","cultivatedCrops",40.476390,-103.011866,"WGS84",20.1,1356.6,0.2,"2015-06-11","2015-06-25","STER.2015.26",14,"Y","STER_033.E.20150625","Ok","Ok","Ok","NEON.DOC.014050vG","ogjyrGrm3ZwJtEIV6g3OdQaEOdluA3eH",
"a39ff7e7-d4c5-4146-bcaf-510d27926ea0","STER_029.basePlot.bet","D10","STER","STER_029","E","distributed","cultivatedCrops",40.468561,-103.011749,"WGS84",20.1,1353.3,0.3,"2015-06-11","2015-06-25","STER.2015.26",14,"Y","STER_029.E.20150625","Ok","Ok","Low","NEON.DOC.014050vG","ogjyrGrm3ZwJtEIV6g3OdQaEOdluA3eH",
"d38a70f9-2ea5-4779-8428-2b06033287df","STER_031.basePlot.bet","D10","STER","STER_031","E","distributed","cultivatedCrops",40.470725,-103.011685,"WGS84",20.1,1353.3,0.1,"2015-06-11","2015-06-25","STER.2015.26",14,"Y","STER_031.E.20150625","Ok","Ok","High","NEON.DOC.014050vG","ogjyrGrm3ZwJtEIV6g3OdQaEOdluA3eH",
"81b489f6-1c41-48a2-917f-348194e7b7da","STER_034.basePlot.bet","D10","STER","STER_034","E","distributed","cultivatedCrops",40.478666,-103.019238,"WGS84",20.1,1365.9,0.2,"2015-06-11","2015-06-25","STER.2015.26",14,"Y","STER_034.E.20150625","Ok","Ok","Low","NEON.DOC.014050vG","ogjyrGrm3ZwJtEIV6g3OdQaEOdluA3eH",
"88945782-855c-4df9-89f4-7b551be374e0","STER_006.basePlot.bet","D10","STER","STER_006","E","distributed","cultivatedCrops",40.463935,-103.035332,"WGS84",20.1,1361.2,0.1,"2015-06-11","2015-06-25","STER.2015.26",14,"Y","STER_006.E.20150625","Disturbed","Disturbed","Ok","NEON.DOC.014050vG","ogjyrGrm3ZwJtEIV6g3OdQaEOdluA3eH","heavily eroded around edges of cup, lid pressed flat by farming equipment"
"92c3703e-9115-4a88-9ccb-58a74c986f73","STER_027.basePlot.bet","D10","STER","STER_027","E","distributed","cultivatedCrops",40.480827,-103.018821,"WGS84",20.1,1368.4,0.3,"2015-06-11","2015-06-25","STER.2015.26",14,"Y","STER_027.E.20150625","Ok","Ok","Low","NEON.DOC.014050vG","ogjyrGrm3ZwJtEIV6g3OdQaEOdluA3eH",
"da3cac3e-cc6c-4ca3-aaf5-090828ff49ac","STER_031.basePlot.bet","D10","STER","STER_031","W","distributed","cultivatedCrops",40.470725,-103.011685,"WGS84",20.1,1353.3,0.1,"2015-06-11","2015-06-25","STER.2015.26",14,"Y","STER_031.W.20150625","Ok","Disturbed","Ok","NEON.DOC.014050vG","ogjyrGrm3ZwJtEIV6g3OdQaEOdluA3eH","lid pressed partially flat by farming equipment"
"7ff5fcea-17de-4e3d-9f49-566d28f17b52","STER_006.basePlot.bet","D10","STER","STER_006","N","distributed","cultivatedCrops",40.463935,-103.035332,"WGS84",20.1,1361.2,0.1,"2015-06-11","2015-06-25","STER.2015.26",14,"Y","STER_006.N.20150625","Disturbed","Ok","Ok","NEON.DOC.014050vG","ogjyrGrm3ZwJtEIV6g3OdQaEOdluA3eH","heavily eroded around edges of cup"
"78a972f8-9854-4c5c-a9c9-d6f0f8fd8945","STER_027.basePlot.bet","D10","STER","STER_027","N","distributed","cultivatedCrops",40.480827,-103.018821,"WGS84",20.1,1368.4,0.3,"2015-06-11","2015-06-25","STER.2015.26",14,"Y","STER_027.N.20150625","Ok","Ok","Low","NEON.DOC.014050vG","ogjyrGrm3ZwJtEIV6g3OdQaEOdluA3eH",
"f337f852-686c-4dca-ad8a-82051483c38e","STER_035.basePlot.bet","D10","STER","STER_035","N","distributed","cultivatedCrops",40.469719,-103.016662,"WGS84",20.1,1362.2,0.1,"2015-06-11","2015-06-25","STER.2015.26",14,"Y","STER_035.N.20150625","Ok","Disturbed","Ok","NEON.DOC.014050vG","ogjyrGrm3ZwJtEIV6g3OdQaEOdluA3eH","pressed partially flat by farming equipment"
"a6847cb6-2526-4320-a8c7-489c0d88d2e0","STER_033.basePlot.bet","D10","STER","STER_033","N","distributed","cultivatedCrops",40.476390,-103.011866,"WGS84",20.1,1356.6,0.2,"2015-06-11","2015-06-25","STER.2015.26",14,"Y","STER_033.N.20150625","Ok","Ok","Low","NEON.DOC.014050vG","ogjyrGrm3ZwJtEIV6g3OdQaEOdluA3eH",
"2ee2089f-339b-4441-883b-97c91d5c4fcc","STER_029.basePlot.bet","D10","STER","STER_029","N","distributed","cultivatedCrops",40.468561,-103.011749,"WGS84",20.1,1353.3,0.3,"2015-06-11","2015-06-25","STER.2015.26",14,"Y","STER_029.N.20150625","Ok","Disturbed","Ok","NEON.DOC.014050vG","ogjyrGrm3ZwJtEIV6g3OdQaEOdluA3eH","lid pressed partially flat by farming equipment"
"d3bb1bf5-7ea0-45c7-a07c-04d156c27b8f","STER_031.basePlot.bet","D10","STER","STER_031","N","distributed","cultivatedCrops",40.470725,-103.011685,"WGS84",20.1,1353.3,0.1,"2015-06-11","2015-06-25","STER.2015.26",14,"Y","STER_031.N.20150625","Disturbed","Disturbed","Low","NEON.DOC.014050vG","ogjyrGrm3ZwJtEIV6g3OdQaEOdluA3eH","gaps formed around cup via erosion| lid pressed flat by farming equipment"
"0025885e-b0f1-45e4-b26d-510343f5c593","STER_006.basePlot.bet","D10","STER","STER_006","S","distributed","cultivatedCrops",40.463935,-103.035332,"WGS84",20.1,1361.2,0.1,"2015-06-11","2015-06-25","STER.2015.26",14,"Y","STER_006.S.20150625","Disturbed","Ok","Ok","NEON.DOC.014050vG","ogjyrGrm3ZwJtEIV6g3OdQaEOdluA3eH","heavily eroded around edges of cup"
"5d7e6ce9-049f-4c08-9f22-4e4a5155f2aa","STER_034.basePlot.bet","D10","STER","STER_034","S","distributed","cultivatedCrops",40.478666,-103.019238,"WGS84",20.1,1365.9,0.2,"2015-06-11","2015-06-25","STER.2015.26",14,"Y","STER_034.S.20150625","Ok","Ok","Low","NEON.DOC.014050vG","ogjyrGrm3ZwJtEIV6g3OdQaEOdluA3eH",
"2824d0d2-3d51-477b-b8a4-cc299a0c98be","STER_032.basePlot.bet","D10","STER","STER_032","W","distributed","cultivatedCrops",40.472029,-103.025102,"WGS84",20.1,1362.6,0.1,"2015-06-11","2015-06-29","STER.2015.27",18,"Y","STER_032.W.20150629","Ok","Ok","Ok","NEON.DOC.014050vG","vKzFUD/FLv06QncsDCAnFTeEhgjR2y/f","Traps not collected on 20150625 due to plot area being sprayed at collection time. Traps not reset."
"ee4c0f49-ec72-45bb-ac7e-db65295b74f1","STER_028.basePlot.bet","D10","STER","STER_028","W","distributed","cultivatedCrops",40.473273,-103.018333,"WGS84",20.2,1359.6,0.3,"2015-06-11","2015-06-29","STER.2015.27",18,"Y","STER_028.W.20150629","Ok","Ok","Ok","NEON.DOC.014050vG","vKzFUD/FLv06QncsDCAnFTeEhgjR2y/f","Traps not collected on 20150625 due to plot area being sprayed at collection time. Traps not reset."
"234f8d6e-cf19-42fd-8ec5-236d9381fd4d","STER_026.basePlot.bet","D10","STER","STER_026","W","distributed","cultivatedCrops",40.474713,-103.024300,"WGS84",20.2,1360.8,0.3,"2015-06-11","2015-06-29","STER.2015.27",18,"Y","STER_026.W.20150629","Ok","Ok","Low","NEON.DOC.014050vG","vKzFUD/FLv06QncsDCAnFTeEhgjR2y/f","Traps not collected on 20150625 due to plot area being sprayed at collection time. Traps not reset."
"d7a1e25e-0e91-4fee-a50d-2873ab7e4fb3","STER_032.basePlot.bet","D10","STER","STER_032","S","distributed","cultivatedCrops",40.472029,-103.025102,"WGS84",20.1,1362.6,0.1,"2015-06-11","2015-06-29","STER.2015.27",18,"Y","STER_032.S.20150629","Ok","Ok","Low","NEON.DOC.014050vG","vKzFUD/FLv06QncsDCAnFTeEhgjR2y/f","Traps not collected on 20150625 due to plot area being sprayed at collection time. Traps not reset."
"67b2b563-830c-4da7-b797-a33435a7d0d9","STER_028.basePlot.bet","D10","STER","STER_028","S","distributed","cultivatedCrops",40.473273,-103.018333,"WGS84",20.2,1359.6,0.3,"2015-06-11","2015-06-29","STER.2015.27",18,"Y","STER_028.S.20150629","Ok","Ok","Low","NEON.DOC.014050vG","vKzFUD/FLv06QncsDCAnFTeEhgjR2y/f","Traps not collected on 20150625 due to plot area being sprayed at collection time. Traps not reset."
"4c4e1edb-07a3-46f5-b5fc-8ef8b560202e","STER_028.basePlot.bet","D10","STER","STER_028","E","distributed","cultivatedCrops",40.473273,-103.018333,"WGS84",20.2,1359.6,0.3,"2015-06-11","2015-06-29","STER.2015.27",18,"Y","STER_028.E.20150629","Ok","Ok","Ok","NEON.DOC.014050vG","vKzFUD/FLv06QncsDCAnFTeEhgjR2y/f","Traps not collected on 20150625 due to plot area being sprayed at collection time. Traps not reset."
"739756d5-f909-4bde-a8fa-2a327cbda412","STER_032.basePlot.bet","D10","STER","STER_032","N","distributed","cultivatedCrops",40.472029,-103.025102,"WGS84",20.1,1362.6,0.1,"2015-06-11","2015-06-29","STER.2015.27",18,"Y","STER_032.N.20150629","Ok","Ok","Ok","NEON.DOC.014050vG","vKzFUD/FLv06QncsDCAnFTeEhgjR2y/f","Traps not collected on 20150625 due to plot area being sprayed at collection time. Traps not reset."
"6ee7ccc2-e645-4bc1-afa4-5df3105820d5","STER_028.basePlot.bet","D10","STER","STER_028","N","distributed","cultivatedCrops",40.473273,-103.018333,"WGS84",20.2,1359.6,0.3,"2015-06-11","2015-06-29","STER.2015.27",18,"Y","STER_028.N.20150629","Ok","Ok","Ok","NEON.DOC.014050vG","vKzFUD/FLv06QncsDCAnFTeEhgjR2y/f","Traps not collected on 20150625 due to plot area being sprayed at collection time. Traps not reset."
"d1ffe8f7-36a1-48eb-9d44-4f80d7b59c17","STER_026.basePlot.bet","D10","STER","STER_026","N","distributed","cultivatedCrops",40.474713,-103.024300,"WGS84",20.2,1360.8,0.3,"2015-06-11","2015-06-29","STER.2015.27",18,"Y","STER_026.N.20150629","Ok","Ok","Low","NEON.DOC.014050vG","vKzFUD/FLv06QncsDCAnFTeEhgjR2y/f","Traps not collected on 20150625 due to plot area being sprayed at collection time. Traps not reset."
"219f52ad-4ead-4adb-8bd0-070bc1a968b5","STER_026.basePlot.bet","D10","STER","STER_026","E","distributed","cultivatedCrops",40.474713,-103.024300,"WGS84",20.2,1360.8,0.3,"2015-06-11","2015-06-29","STER.2015.27",18,"Y","STER_026.E.20150629","Ok","Ok","Low","NEON.DOC.014050vG","vKzFUD/FLv06QncsDCAnFTeEhgjR2y/f","Traps not collected on 20150625 due to plot area being sprayed at collection time. Traps not reset."
"2cd102a2-15fa-4b2c-8e83-2e10a86882c3","STER_032.basePlot.bet","D10","STER","STER_032","E","distributed","cultivatedCrops",40.472029,-103.025102,"WGS84",20.1,1362.6,0.1,"2015-06-11","2015-06-29","STER.2015.27",18,"Y","STER_032.E.20150629","Ok","Ok","Ok","NEON.DOC.014050vG","vKzFUD/FLv06QncsDCAnFTeEhgjR2y/f","Traps not collected on 20150625 due to plot area being sprayed at collection time. Traps not reset."
"b4441efa-4e0b-4e21-83c2-c2391b0aab27","STER_026.basePlot.bet","D10","STER","STER_026","S","distributed","cultivatedCrops",40.474713,-103.024300,"WGS84",20.2,1360.8,0.3,"2015-06-11","2015-06-29","STER.2015.27",18,"Y","STER_026.S.20150629","Ok","Ok","Low","NEON.DOC.014050vG","vKzFUD/FLv06QncsDCAnFTeEhgjR2y/f","Traps not collected on 20150625 due to plot area being sprayed at collection time. Traps not reset."
