uid,namedLocation,domainID,siteID,plotID,trapID,setDate,collectDate,processingDate,etOHChangeDate,identifiedDate,sampleID,subsampleID,sampleType,taxonID,scientificName,taxonRank,identificationQualifier,scientificNameAuthorship,morphospeciesID,individualCount,identificationReferences,identifiedBy,recordedBy,remarks
"79f2d39a-3380-42e4-ad5f-f48bcc984483","UNDE_010.basePlot.bet","D05","UNDE","UNDE_010","N","2014-08-19","2014-09-02","2014-09-03","2014-09-24",,"UNDE_010.N.20140902","hQDJ3TYDfow81smUVxo/R9+RrmcXnV7mYbtg2btfBQo=","other carabid","CARSP14","Carabidae sp.","family",,"Latreille",,2,"Other",,"Syw2LXB/pj+fmGCuwdgBGVryVUmYhw3g","individualCount estimated based on number of pinning records|"
"70b95422-6562-432b-b787-31e39f69a494","UNDE_010.basePlot.bet","D05","UNDE","UNDE_010","N","2014-08-19","2014-09-02","2014-09-03","2014-09-24",,"UNDE_010.N.20140902","hQDJ3TYDfow81smUVxo/R2sCWLokwEHZFVUV11qP2so=","invert bycatch",,,,,,,,,,"Syw2LXB/pj+fmGCuwdgBGVryVUmYhw3g",
"1a3013c3-ca23-4d95-8098-68f18f3f38e1","UNDE_007.basePlot.bet","D05","UNDE","UNDE_007","N","2014-08-19","2014-09-02","2014-09-03","2014-09-24",,"UNDE_007.N.20140902","sj+sxzQpSGCbP6TmEG4D868/NlgyiS98ytpvDHpBSXg=","invert bycatch",,,,,,,,,,"Syw2LXB/pj+fmGCuwdgBGVryVUmYhw3g",
"7da24d0c-4973-4b3c-bb80-cee96e998e8b","UNDE_007.basePlot.bet","D05","UNDE","UNDE_007","N","2014-08-19","2014-09-02","2014-09-03","2014-09-24",,"UNDE_007.N.20140902","sj+sxzQpSGCbP6TmEG4D868Ak2L7pTXGlmMEx6N85BE=","other carabid","CARSP14","Carabidae sp.","family",,"Latreille",,1,"Other",,"Syw2LXB/pj+fmGCuwdgBGVryVUmYhw3g","individualCount estimated based on number of pinning records|"
"0d5218be-3f94-4deb-a6f6-bd1a5d5cfad3","UNDE_003.basePlot.bet","D05","UNDE","UNDE_003","N","2014-08-19","2014-09-02","2014-09-03","2014-09-24",,"UNDE_003.N.20140902","UKgrtiGQYSAQZ1VH4EkFG2ubbn6VLZ0xJOn3FdkOjjU=","invert bycatch",,,,,,,,,,"Syw2LXB/pj+fmGCuwdgBGVryVUmYhw3g",
"99fd57c7-26fb-47bb-b3cd-06f0a1c5a0a8","UNDE_017.basePlot.bet","D05","UNDE","UNDE_017","N","2014-08-19","2014-09-02","2014-09-03","2014-09-24",,"UNDE_017.N.20140902","xHY1KmNCr21mtrSZScb2PM+1C0IdA4WJqx+jAHuGIzg=","invert bycatch",,,,,,,,,,"Syw2LXB/pj+fmGCuwdgBGVryVUmYhw3g",
"05d6b37e-6f33-475b-b88e-89577e5b47fc","UNDE_017.basePlot.bet","D05","UNDE","UNDE_017","N","2014-08-19","2014-09-02","2014-09-03","2014-09-24",,"UNDE_017.N.20140902","xHY1KmNCr21mtrSZScb2PHYOCDsbR789w3LVtlJwjls=","other carabid","CARSP14","Carabidae sp.","family",,"Latreille",,1,"Other",,"Syw2LXB/pj+fmGCuwdgBGVryVUmYhw3g","individualCount estimated based on number of pinning records|"
"d4693298-5b5b-479a-9984-3de1ebdcbda2","UNDE_001.basePlot.bet","D05","UNDE","UNDE_001","N","2014-08-19","2014-09-02","2014-09-03","2014-09-24",,"UNDE_001.N.20140902","kh3xmoTmJnDjXQ+wTClirK7UDHFtYhKt4VZIT9DDKKk=","invert bycatch",,,,,,,,,,"Syw2LXB/pj+fmGCuwdgBGVryVUmYhw3g",
"16b3c75c-fbf7-4e30-9126-efce0bd775ee","UNDE_001.basePlot.bet","D05","UNDE","UNDE_001","N","2014-08-19","2014-09-02","2014-09-03","2014-09-24",,"UNDE_001.N.20140902","kh3xmoTmJnDjXQ+wTClirOhGJhcLg4sk2LUEecew0sY=","other carabid","CARSP14","Carabidae sp.","family",,"Latreille",,4,"Other",,"Syw2LXB/pj+fmGCuwdgBGVryVUmYhw3g","individualCount estimated based on number of pinning records|"
"4a36bd51-b18f-42d0-8b2a-b9bcd898aa7f","UNDE_011.basePlot.bet","D05","UNDE","UNDE_011","N","2014-08-19","2014-09-02","2014-09-03","2014-09-24",,"UNDE_011.N.20140902","0Ya1AWR2lPhpvZtoFxpx8ls16Obdb3WkXcRbGLQ0uV0=","invert bycatch",,,,,,,,,,"Syw2LXB/pj+fmGCuwdgBGVryVUmYhw3g",
"5aa46553-5058-4b93-8c9e-52c40471869a","UNDE_008.basePlot.bet","D05","UNDE","UNDE_008","N","2014-08-19","2014-09-02","2014-09-03","2014-09-24","2014-09-03","UNDE_008.N.20140902","MjA7sUqH2CbX4oflBzMiZ40dlxQ1vv+DL/RSNkrD6cs=","vert bycatch herp","LITSYL","Lithobates sylvaticus","species",,"LeConte",,1,"Other","8VgYQNYd2hfIfpDikn+YVC7x9y2g8nmP","Syw2LXB/pj+fmGCuwdgBGVryVUmYhw3g",
"200f9109-ac93-42b5-971a-31ef4393008f","UNDE_008.basePlot.bet","D05","UNDE","UNDE_008","N","2014-08-19","2014-09-02","2014-09-03","2014-09-24","2014-09-03","UNDE_008.N.20140902","MjA7sUqH2CbX4oflBzMiZw2J/cxmeASkYkgZvKNoGvQ=","vert bycatch herp","ANAAME","Anaxyrus americanus","species",,"Holbrook",,1,"Other","8VgYQNYd2hfIfpDikn+YVC7x9y2g8nmP","Syw2LXB/pj+fmGCuwdgBGVryVUmYhw3g",
"2b18e1c2-145a-41f9-81e7-b1917cdeb3e7","UNDE_008.basePlot.bet","D05","UNDE","UNDE_008","N","2014-08-19","2014-09-02","2014-09-03","2014-09-24",,"UNDE_008.N.20140902","MjA7sUqH2CbX4oflBzMiZ6acuF9ZCzX5llwxkHJ2qUs=","invert bycatch",,,,,,,,,,"Syw2LXB/pj+fmGCuwdgBGVryVUmYhw3g",
"e1f57472-fc5b-4d0d-b2ea-1765b8bf79b8","UNDE_008.basePlot.bet","D05","UNDE","UNDE_008","N","2014-08-19","2014-09-02","2014-09-03","2014-09-24",,"UNDE_008.N.20140902","MjA7sUqH2CbX4oflBzMiZ5+LuO7bhma2HIXF6hd06y8=","other carabid","CARSP14","Carabidae sp.","family",,"Latreille",,2,"Other",,"Syw2LXB/pj+fmGCuwdgBGVryVUmYhw3g","individualCount estimated based on number of pinning records|"
"8aba4c0f-815e-4f6f-bf64-762f7a7d245d","UNDE_002.basePlot.bet","D05","UNDE","UNDE_002","N","2014-08-19","2014-09-02","2014-09-03","2014-09-24",,"UNDE_002.N.20140902","JrVNSI+TG1KboMtFtDfCYy7ldlL2Zpqj29KyLN1M7LI=","invert bycatch",,,,,,,,,,"Syw2LXB/pj+fmGCuwdgBGVryVUmYhw3g",
"a4cd1d66-21c3-4fb2-904b-aa65c6c900da","UNDE_006.basePlot.bet","D05","UNDE","UNDE_006","N","2014-08-19","2014-09-02","2014-09-03","2014-09-24",,"UNDE_006.N.20140902","izIYmtFoQUgGh2Ie4GyE1V1gJsqVmb8njZPC7FZdGU4=","invert bycatch",,,,,,,,,,"Syw2LXB/pj+fmGCuwdgBGVryVUmYhw3g",
"7aeba4c8-9660-4c18-af33-a531d96354ab","UNDE_006.basePlot.bet","D05","UNDE","UNDE_006","N","2014-08-19","2014-09-02","2014-09-03","2014-09-24",,"UNDE_006.N.20140902","izIYmtFoQUgGh2Ie4GyE1U50alWPDo43YALPhPtS9M4=","other carabid","CARSP14","Carabidae sp.","family",,"Latreille",,2,"Other",,"Syw2LXB/pj+fmGCuwdgBGVryVUmYhw3g","individualCount estimated based on number of pinning records|"
"c7f753f5-e4b6-406e-abf3-d78f99c7f67b","UNDE_006.basePlot.bet","D05","UNDE","UNDE_006","N","2014-08-19","2014-09-02","2014-09-03","2014-09-24","2014-09-03","UNDE_006.N.20140902","izIYmtFoQUgGh2Ie4GyE1Q0MBHhn5rGw9n6MrrW8yM8=","vert bycatch herp","ANAAME","Anaxyrus americanus","species",,"Holbrook",,5,"Other","8VgYQNYd2hfIfpDikn+YVC7x9y2g8nmP","Syw2LXB/pj+fmGCuwdgBGVryVUmYhw3g",
"ef079b96-a4d2-4a09-85ea-4c0f67886adf","UNDE_012.basePlot.bet","D05","UNDE","UNDE_012","N","2014-08-19","2014-09-02","2014-09-03","2014-09-24",,"UNDE_012.N.20140902","+v0vuVmyR4DPKGLxsflPh+Jgj594wfMV73W6mQNRizg=","invert bycatch",,,,,,,,,,"Syw2LXB/pj+fmGCuwdgBGVryVUmYhw3g",
"a84c3f43-2457-46e2-b748-76449ac015d4","UNDE_006.basePlot.bet","D05","UNDE","UNDE_006","S","2014-08-19","2014-09-02","2014-09-03","2014-09-24",,"UNDE_006.S.20140902","izIYmtFoQUjYgYhAsKFGiuwxKm95S1ykPlGpxxA5Cg0=","other carabid","CARSP14","Carabidae sp.","family",,"Latreille",,18,"Other",,"Syw2LXB/pj+fmGCuwdgBGVryVUmYhw3g","individualCount estimated based on number of pinning records|"
"6c27b8ec-1731-4420-b61b-eef86cb7a444","UNDE_012.basePlot.bet","D05","UNDE","UNDE_012","S","2014-08-19","2014-09-02","2014-09-03","2014-09-24",,"UNDE_012.S.20140902","+v0vuVmyR4ANY6zCFMktOtysjiFDNAqQ7I3E8ZijZRU=","invert bycatch",,,,,,,,,,"Syw2LXB/pj+fmGCuwdgBGVryVUmYhw3g",
"5a1c7248-6dfd-4dde-a1a5-8150e8cc6ec0","UNDE_012.basePlot.bet","D05","UNDE","UNDE_012","S","2014-08-19","2014-09-02","2014-09-03","2014-09-24",,"UNDE_012.S.20140902","+v0vuVmyR4ANY6zCFMktOgvLcRFc3cIGlfnrWylQYJM=","other carabid","CARSP14","Carabidae sp.","family",,"Latreille",,3,"Other",,"Syw2LXB/pj+fmGCuwdgBGVryVUmYhw3g","individualCount estimated based on number of pinning records|"
"71c0de0e-f2c7-487a-9ad8-0b9b0b877767","UNDE_008.basePlot.bet","D05","UNDE","UNDE_008","S","2014-08-19","2014-09-02","2014-09-03","2014-09-24","2014-09-03","UNDE_008.S.20140902","MjA7sUqH2CZmiCtAT77XMrboROoqlS6IVQTRZ04w8ZI=","vert bycatch herp","NOTVIR3","Notophthalmus viridescens louisianensis","subspecies","cf. genus","Wolterstorff",,1,"Harding, J.H. 1997. Amphibians and reptiles of the Great Lakes Region. University of Michigan Press, Ann Arbor, MI.","bhyqAGH4uRkcir9xDj7d5wq9Q3xNnOdK","Syw2LXB/pj+fmGCuwdgBGVryVUmYhw3g",
"6ba33e1c-3b2d-4713-a033-0323d3d2c4ae","UNDE_008.basePlot.bet","D05","UNDE","UNDE_008","S","2014-08-19","2014-09-02","2014-09-03","2014-09-24",,"UNDE_008.S.20140902","MjA7sUqH2CZmiCtAT77XMsNXeTIanCsmNOCrV+A7j5Q=","other carabid","CARSP14","Carabidae sp.","family",,"Latreille",,1,"Other",,"Syw2LXB/pj+fmGCuwdgBGVryVUmYhw3g","individualCount estimated based on number of pinning records|"
"bb3e8071-66cc-488f-b37e-8d8e1220ef50","UNDE_001.basePlot.bet","D05","UNDE","UNDE_001","S","2014-08-19","2014-09-02","2014-09-03","2014-09-24",,"UNDE_001.S.20140902","kh3xmoTmJnCNVr/j1vs6nFnl2W+1s3tZlh88F4bkX1A=","other carabid","CARSP14","Carabidae sp.","family",,"Latreille",,5,"Other",,"Syw2LXB/pj+fmGCuwdgBGVryVUmYhw3g","individualCount estimated based on number of pinning records|"
"9b7f9fd4-ad9e-4ec5-8647-e35577d2676e","UNDE_011.basePlot.bet","D05","UNDE","UNDE_011","S","2014-08-19","2014-09-02","2014-09-03","2014-09-24",,"UNDE_011.S.20140902","0Ya1AWR2lPh9OCYD3U2ySns2yBLoyOBHS53kLHcPTJU=","invert bycatch",,,,,,,,,,"Syw2LXB/pj+fmGCuwdgBGVryVUmYhw3g",
"8b750102-7d59-4d08-b067-de709713c41f","UNDE_017.basePlot.bet","D05","UNDE","UNDE_017","S","2014-08-19","2014-09-02","2014-09-03","2014-09-24",,"UNDE_017.S.20140902","xHY1KmNCr21FyPYlxR1TdO8BRmZc8Wwos1DGBP/Tfu0=","other carabid","CARSP14","Carabidae sp.","family",,"Latreille",,1,"Other",,"Syw2LXB/pj+fmGCuwdgBGVryVUmYhw3g","individualCount estimated based on number of pinning records|"
"5009d5e0-1d64-4fc1-a0b4-d24138d93323","UNDE_007.basePlot.bet","D05","UNDE","UNDE_007","S","2014-08-19","2014-09-02","2014-09-03","2014-09-24","2014-09-03","UNDE_007.S.20140902","sj+sxzQpSGB881nYes1roV9xEQgBxa6ZGR4rDMrKLLE=","vert bycatch herp","LITSYL","Lithobates sylvaticus","species",,"LeConte",,2,"Other","8VgYQNYd2hfIfpDikn+YVC7x9y2g8nmP","Syw2LXB/pj+fmGCuwdgBGVryVUmYhw3g",
"152b71f1-f117-400f-853a-a07ff4d96c6f","UNDE_003.basePlot.bet","D05","UNDE","UNDE_003","S","2014-08-19","2014-09-02","2014-09-03","2014-09-24",,"UNDE_003.S.20140902","UKgrtiGQYSAbfNv8cd1yesRa0NLEJtGl/Sx1ZBqnUHA=","invert bycatch",,,,,,,,,,"Syw2LXB/pj+fmGCuwdgBGVryVUmYhw3g",
"e8f7e2fe-3f56-46f8-9d53-3f2811bca79a","UNDE_003.basePlot.bet","D05","UNDE","UNDE_003","S","2014-08-19","2014-09-02","2014-09-03","2014-09-24","2014-09-03","UNDE_003.S.20140902","UKgrtiGQYSAbfNv8cd1yepXHXUjbWXZAOiuGdHBIPLA=","vert bycatch herp","LITSYL","Lithobates sylvaticus","species",,"LeConte",,1,"Other","8VgYQNYd2hfIfpDikn+YVC7x9y2g8nmP","Syw2LXB/pj+fmGCuwdgBGVryVUmYhw3g",
"2ef79d05-ef67-4a09-ad91-54fe5138f169","UNDE_010.basePlot.bet","D05","UNDE","UNDE_010","S","2014-08-19","2014-09-02","2014-09-03","2014-09-24",,"UNDE_010.S.20140902","hQDJ3TYDfow31zfmvyRaNRD9gR0RpV698wVyUcRiFaw=","invert bycatch",,,,,,,,,,"Syw2LXB/pj+fmGCuwdgBGVryVUmYhw3g",
"47b2709c-4fbe-4344-8e16-2f21053386db","UNDE_007.basePlot.bet","D05","UNDE","UNDE_007","S","2014-08-19","2014-09-02","2014-09-03","2014-09-24",,"UNDE_007.S.20140902","sj+sxzQpSGB881nYes1roapqwRbtrn8y1ZHU0W/mhvU=","other carabid","CARSP14","Carabidae sp.","family",,"Latreille",,3,"Other",,"Syw2LXB/pj+fmGCuwdgBGVryVUmYhw3g","individualCount estimated based on number of pinning records|"
"6419bb4f-fd71-4ae5-abb5-201d2cd2dc0a","UNDE_003.basePlot.bet","D05","UNDE","UNDE_003","W","2014-08-19","2014-09-02","2014-09-03","2014-09-24","2014-09-03","UNDE_003.W.20140902","UKgrtiGQYSDxJBWCvOCYw5HEI5VthTNggYxlNq7iclc=","vert bycatch herp","ANAAME","Anaxyrus americanus","species",,"Holbrook",,1,"Other","8VgYQNYd2hfIfpDikn+YVC7x9y2g8nmP","Syw2LXB/pj+fmGCuwdgBGVryVUmYhw3g",
"2207390f-8d44-4131-a0d2-ebffc8392b7e","UNDE_003.basePlot.bet","D05","UNDE","UNDE_003","W","2014-08-19","2014-09-02","2014-09-03","2014-09-24",,"UNDE_003.W.20140902","UKgrtiGQYSDxJBWCvOCYwwfJJ7OiPPQbNVDaHxfwrps=","other carabid","CARSP14","Carabidae sp.","family",,"Latreille",,2,"Other",,"Syw2LXB/pj+fmGCuwdgBGVryVUmYhw3g","individualCount estimated based on number of pinning records|"
"2a84e8e6-f3a2-490b-98ba-e3679289017d","UNDE_010.basePlot.bet","D05","UNDE","UNDE_010","W","2014-08-19","2014-09-02","2014-09-03","2014-09-24",,"UNDE_010.W.20140902","hQDJ3TYDfozoFsNPMVBcBeY2tzSYhX6xtNAyBbP+bHk=","invert bycatch",,,,,,,,,,"Syw2LXB/pj+fmGCuwdgBGVryVUmYhw3g",
"4e8435f4-a0b9-4a43-9d68-258c58f3e014","UNDE_007.basePlot.bet","D05","UNDE","UNDE_007","W","2014-08-19","2014-09-02","2014-09-03","2014-09-24",,"UNDE_007.W.20140902","sj+sxzQpSGClubvaSd12JaM40NhbxvOT0unuL9Dg984=","other carabid","CARSP14","Carabidae sp.","family",,"Latreille",,1,"Other",,"Syw2LXB/pj+fmGCuwdgBGVryVUmYhw3g","individualCount estimated based on number of pinning records|"
"9fa8a3a9-ec53-4389-8442-ab47ee5b32b7","UNDE_011.basePlot.bet","D05","UNDE","UNDE_011","W","2014-08-19","2014-09-02","2014-09-03","2014-09-24",,"UNDE_011.W.20140902","0Ya1AWR2lPiELWVEy08kj9ls3Y94QcXTM45SPDDk+CE=","other carabid","CARSP14","Carabidae sp.","family",,"Latreille",,4,"Other",,"Syw2LXB/pj+fmGCuwdgBGVryVUmYhw3g","individualCount estimated based on number of pinning records|"
"bc681a72-df48-4536-a8a8-30d1629c374b","UNDE_008.basePlot.bet","D05","UNDE","UNDE_008","W","2014-08-19","2014-09-02","2014-09-03","2014-09-24",,"UNDE_008.W.20140902","MjA7sUqH2CY9mjiocx3iSCufMOZkgsoZMb0FPEV0vt0=","other carabid","CARSP14","Carabidae sp.","family",,"Latreille",,1,"Other",,"Syw2LXB/pj+fmGCuwdgBGVryVUmYhw3g","individualCount estimated based on number of pinning records|"
"46b279d8-6ea8-4d9c-a46f-945668519e16","UNDE_003.basePlot.bet","D05","UNDE","UNDE_003","W","2014-08-19","2014-09-02","2014-09-03","2014-09-24",,"UNDE_003.W.20140902","UKgrtiGQYSDxJBWCvOCYw6mzI1HUQ9iB3iIczEZN6iI=","invert bycatch",,,,,,,,,,"Syw2LXB/pj+fmGCuwdgBGVryVUmYhw3g",
"7fbb1b1c-8605-41c2-b758-be3779f9d9ec","UNDE_017.basePlot.bet","D05","UNDE","UNDE_017","W","2014-08-19","2014-09-02","2014-09-03","2014-09-24",,"UNDE_017.W.20140902","xHY1KmNCr23jcwvXjFj6ox3/j5KqIob66O3KnV0h7cs=","other carabid","CARSP14","Carabidae sp.","family",,"Latreille",,2,"Other",,"Syw2LXB/pj+fmGCuwdgBGVryVUmYhw3g","individualCount estimated based on number of pinning records|"
"439d8b90-f028-486d-8c48-f6c26b835167","UNDE_001.basePlot.bet","D05","UNDE","UNDE_001","W","2014-08-19","2014-09-02","2014-09-03","2014-09-24",,"UNDE_001.W.20140902","kh3xmoTmJnCZnwbcxVK+p7DXPduijwA+xy/l3IL0oAs=","other carabid","CARSP14","Carabidae sp.","family",,"Latreille",,1,"Other",,"Syw2LXB/pj+fmGCuwdgBGVryVUmYhw3g","individualCount estimated based on number of pinning records|"
"9f60703e-c3d4-41c4-b0b1-e2ed068e7e21","UNDE_012.basePlot.bet","D05","UNDE","UNDE_012","W","2014-08-19","2014-09-02","2014-09-03","2014-09-24",,"UNDE_012.W.20140902","+v0vuVmyR4CfwPxf1Y3Bz1yeJKF6zIgkBHKzPCFGTno=","invert bycatch",,,,,,,,,,"Syw2LXB/pj+fmGCuwdgBGVryVUmYhw3g",
"9e001730-7d40-41dd-8fa4-72d8e639083d","UNDE_006.basePlot.bet","D05","UNDE","UNDE_006","W","2014-08-19","2014-09-02","2014-09-03","2014-09-24",,"UNDE_006.W.20140902","izIYmtFoQUhjUT/hK7YRXnQXMeJrHVZIRvbgdTR2wmM=","other carabid","CARSP14","Carabidae sp.","family",,"Latreille",,3,"Other",,"Syw2LXB/pj+fmGCuwdgBGVryVUmYhw3g","individualCount estimated based on number of pinning records|"
"06e273af-203c-4af5-b047-284538acc281","UNDE_011.basePlot.bet","D05","UNDE","UNDE_011","W","2014-08-19","2014-09-02","2014-09-03","2014-09-24",,"UNDE_011.W.20140902","0Ya1AWR2lPiELWVEy08kj3gnwQqrd8eMO/gQ9gcc7hU=","invert bycatch",,,,,,,,,,"Syw2LXB/pj+fmGCuwdgBGVryVUmYhw3g",
"226f717c-b6c7-43b9-8811-cc25c37357be","UNDE_011.basePlot.bet","D05","UNDE","UNDE_011","E","2014-08-19","2014-09-02","2014-09-03","2014-09-24",,"UNDE_011.E.20140902","0Ya1AWR2lPgwAzkVThZeiInvOHEwqxA63Ctm7AmiE1U=","invert bycatch",,,,,,,,,,"Syw2LXB/pj+fmGCuwdgBGVryVUmYhw3g",
"7a283d86-6063-4924-814b-bfc39f978982","UNDE_008.basePlot.bet","D05","UNDE","UNDE_008","E","2014-08-19","2014-09-02","2014-09-03","2014-09-24",,"UNDE_008.E.20140902","MjA7sUqH2CbDGuNqiE7zzy1bOivlPOTatEvMG2M4BBM=","other carabid","CARSP14","Carabidae sp.","family",,"Latreille",,5,"Other",,"Syw2LXB/pj+fmGCuwdgBGVryVUmYhw3g","individualCount estimated based on number of pinning records|"
"f0578de5-63f2-485d-850d-4a7b254e0655","UNDE_006.basePlot.bet","D05","UNDE","UNDE_006","E","2014-08-19","2014-09-02","2014-09-03","2014-09-24",,"UNDE_006.E.20140902","izIYmtFoQUiRFPrYrqgvmSJUxC5O+chmuWV1KC5JrVY=","other carabid","CARSP14","Carabidae sp.","family",,"Latreille",,7,"Other",,"Syw2LXB/pj+fmGCuwdgBGVryVUmYhw3g","individualCount estimated based on number of pinning records|"
"ea128331-e1eb-4e87-9132-69cbccaaf319","UNDE_012.basePlot.bet","D05","UNDE","UNDE_012","E","2014-08-19","2014-09-02","2014-09-03","2014-09-24",,"UNDE_012.E.20140902","+v0vuVmyR4DmJauSH/AY5iA3xEda3SCtIIFK6i21H8c=","invert bycatch",,,,,,,,,,"Syw2LXB/pj+fmGCuwdgBGVryVUmYhw3g",
"3455bd9c-a896-4fca-991a-8f50e971641f","UNDE_017.basePlot.bet","D05","UNDE","UNDE_017","E","2014-08-19","2014-09-02","2014-09-03","2014-09-24",,"UNDE_017.E.20140902","xHY1KmNCr20+LobO/eM3qhV7KOI8nlL8oT+ByU/f9CY=","other carabid","CARSP14","Carabidae sp.","family",,"Latreille",,1,"Other",,"Syw2LXB/pj+fmGCuwdgBGVryVUmYhw3g","individualCount estimated based on number of pinning records|"
"1c134a39-4d00-488d-8937-7a4389c78c82","UNDE_001.basePlot.bet","D05","UNDE","UNDE_001","E","2014-08-19","2014-09-02","2014-09-03","2014-09-24","2014-09-03","UNDE_001.E.20140902","kh3xmoTmJnDciuWkE4m5wA6g8Wm78cssFHNgVSkuIuY=","vert bycatch herp","LITSYL","Lithobates sylvaticus","species",,"LeConte",,1,"Other","8VgYQNYd2hfIfpDikn+YVC7x9y2g8nmP","Syw2LXB/pj+fmGCuwdgBGVryVUmYhw3g",
"f0cc7dd5-30cf-4183-ba84-ad8fbe728c31","UNDE_001.basePlot.bet","D05","UNDE","UNDE_001","E","2014-08-19","2014-09-02","2014-09-03","2014-09-24",,"UNDE_001.E.20140902","kh3xmoTmJnDciuWkE4m5wClm/lgqkrxRTZ5M/+tFbUI=","other carabid","CARSP14","Carabidae sp.","family",,"Latreille",,3,"Other",,"Syw2LXB/pj+fmGCuwdgBGVryVUmYhw3g","individualCount estimated based on number of pinning records|"
"22ed1217-9e3c-4c3c-965d-a99ce5f8da3c","UNDE_011.basePlot.bet","D05","UNDE","UNDE_011","E","2014-08-19","2014-09-02","2014-09-03","2014-09-24",,"UNDE_011.E.20140902","0Ya1AWR2lPgwAzkVThZeiE7m6HUijVevOOIenmqPRGg=","other carabid","CARSP14","Carabidae sp.","family",,"Latreille",,1,"Other",,"Syw2LXB/pj+fmGCuwdgBGVryVUmYhw3g","individualCount estimated based on number of pinning records|"
"65362fc7-7ee2-490e-9bc2-e4ad0b62a757","UNDE_010.basePlot.bet","D05","UNDE","UNDE_010","E","2014-08-19","2014-09-02","2014-09-03","2014-09-24",,"UNDE_010.E.20140902","hQDJ3TYDfozU65Nt7ucSVHeMUfVniADoQf1r5UvMYmE=","invert bycatch",,,,,,,,,,"Syw2LXB/pj+fmGCuwdgBGVryVUmYhw3g",
"3e9c3c58-c502-4904-9cd5-4cbb4b3efbf1","UNDE_010.basePlot.bet","D05","UNDE","UNDE_010","E","2014-08-19","2014-09-02","2014-09-03","2014-09-24",,"UNDE_010.E.20140902","hQDJ3TYDfozU65Nt7ucSVF9WccEHRHjUuamcO243jsA=","other carabid","CARSP14","Carabidae sp.","family",,"Latreille",,1,"Other",,"Syw2LXB/pj+fmGCuwdgBGVryVUmYhw3g","individualCount estimated based on number of pinning records|"
"b01ab250-30f9-47fb-b99f-9128683b0481","UNDE_007.basePlot.bet","D05","UNDE","UNDE_007","E","2014-08-19","2014-09-02","2014-09-03","2014-09-24",,"UNDE_007.E.20140902","sj+sxzQpSGCOU7NIKxgpI/Le6UMH2vFx+2STDu4h9Bk=","other carabid","CARSP14","Carabidae sp.","family",,"Latreille",,1,"Other",,"Syw2LXB/pj+fmGCuwdgBGVryVUmYhw3g","individualCount estimated based on number of pinning records|"
"9e131a4f-ebde-42bc-8895-db07225ffee3","UNDE_003.basePlot.bet","D05","UNDE","UNDE_003","E","2014-08-19","2014-09-02","2014-09-03","2014-09-24",,"UNDE_003.E.20140902","UKgrtiGQYSC4Pi+U+gBmKm4Vj0RIaD40TC+XyGcFhBg=","invert bycatch",,,,,,,,,,"Syw2LXB/pj+fmGCuwdgBGVryVUmYhw3g",
"3c772365-345b-4d79-85da-a010691a90a4","UNDE_010.basePlot.bet","D05","UNDE","UNDE_010","E","2014-09-02","2014-09-11","2014-09-24","2014-09-25",,"UNDE_010.E.20140911","hQDJ3TYDfozU65Nt7ucSVCoMEhoe3gNuNvJhfTVtj2Y=","other carabid","CARSP14","Carabidae sp.","family",,"Latreille",,1,"Other",,"Syw2LXB/pj+fmGCuwdgBGVryVUmYhw3g","individualCount estimated based on number of pinning records|"
"09b66c28-cf6c-4b1e-98a3-05d12777d34f","UNDE_008.basePlot.bet","D05","UNDE","UNDE_008","W","2014-09-02","2014-09-11","2014-09-24","2014-09-25",,"UNDE_008.W.20140911","MjA7sUqH2CY9mjiocx3iSLNAttZFGNxjNXMCqNiHKmA=","other carabid","CARSP14","Carabidae sp.","family",,"Latreille",,1,"Other",,"Syw2LXB/pj+fmGCuwdgBGVryVUmYhw3g","individualCount estimated based on number of pinning records|"
"a0daff6e-aded-4af5-b227-49ed45f0eb72","UNDE_003.basePlot.bet","D05","UNDE","UNDE_003","E","2014-09-02","2014-09-11","2014-09-24","2014-09-25",,"UNDE_003.E.20140911","UKgrtiGQYSC4Pi+U+gBmKlwAdTfIMGDJJPNkP//WGWI=","other carabid","CARSP14","Carabidae sp.","family",,"Latreille",,1,"Other",,"Syw2LXB/pj+fmGCuwdgBGVryVUmYhw3g","individualCount estimated based on number of pinning records|"
"c575add3-107f-4fc7-a253-098a2a14d1a8","UNDE_003.basePlot.bet","D05","UNDE","UNDE_003","E","2014-09-02","2014-09-11","2014-09-24","2014-09-25",,"UNDE_003.E.20140911","UKgrtiGQYSC4Pi+U+gBmKtJdMUhfVAaxl/4QH2tv4O8=","invert bycatch",,,,,,,,,,"Syw2LXB/pj+fmGCuwdgBGVryVUmYhw3g",
"d072749a-7e31-4840-b365-0ee0de465f05","UNDE_007.basePlot.bet","D05","UNDE","UNDE_007","E","2014-09-02","2014-09-11","2014-09-24","2014-09-25",,"UNDE_007.E.20140911","sj+sxzQpSGCOU7NIKxgpIwLdBs47SBaSgKkK/pQe1/U=","invert bycatch",,,,,,,,,,"Syw2LXB/pj+fmGCuwdgBGVryVUmYhw3g",
"e2a5149e-bac2-4321-a53c-3d930662c22b","UNDE_017.basePlot.bet","D05","UNDE","UNDE_017","E","2014-09-02","2014-09-11","2014-09-24","2014-09-25",,"UNDE_017.E.20140911","xHY1KmNCr20+LobO/eM3qhlwqWxilDYiCbavKffLk+4=","other carabid","CARSP14","Carabidae sp.","family",,"Latreille",,1,"Other",,"Syw2LXB/pj+fmGCuwdgBGVryVUmYhw3g","individualCount estimated based on number of pinning records|"
"899f06e7-45b1-44b9-a40c-4407f1e135eb","UNDE_011.basePlot.bet","D05","UNDE","UNDE_011","E","2014-09-02","2014-09-11","2014-09-24","2014-09-25",,"UNDE_011.E.20140911","0Ya1AWR2lPgwAzkVThZeiCDZVP74g6rqHUmMVc6OYSA=","invert bycatch",,,,,,,,,,"Syw2LXB/pj+fmGCuwdgBGVryVUmYhw3g",
"495d85bc-dc84-419c-b69e-843a23039698","UNDE_001.basePlot.bet","D05","UNDE","UNDE_001","E","2014-09-02","2014-09-11","2014-09-24","2014-09-25","2014-09-23","UNDE_001.E.20140911","kh3xmoTmJnDciuWkE4m5wBHCHrhpWPAJxYl6imY/6oI=","vert bycatch herp","PLECIN","Plethodon cinereus","species",,"Green",,1,"Harding, J.H. 1997. Amphibians and reptiles of the Great Lakes Region. University of Michigan Press, Ann Arbor, MI.","8VgYQNYd2hfIfpDikn+YVC7x9y2g8nmP","Syw2LXB/pj+fmGCuwdgBGVryVUmYhw3g",
"7730dba8-add3-4bf6-bc35-44407f92df06","UNDE_017.basePlot.bet","D05","UNDE","UNDE_017","E","2014-09-02","2014-09-11","2014-09-24","2014-09-25",,"UNDE_017.E.20140911","xHY1KmNCr20+LobO/eM3qpbGlNCnqcO0UFpbBWQ84YI=","invert bycatch",,,,,,,,,,"Syw2LXB/pj+fmGCuwdgBGVryVUmYhw3g",
"369c76ac-d8e0-4e00-a6e1-a1251db3e654","UNDE_001.basePlot.bet","D05","UNDE","UNDE_001","E","2014-09-02","2014-09-11","2014-09-24","2014-09-25",,"UNDE_001.E.20140911","kh3xmoTmJnDciuWkE4m5wAgNDBJivdZtLZc9qt9bT/4=","invert bycatch",,,,,,,,,,"Syw2LXB/pj+fmGCuwdgBGVryVUmYhw3g",
"6b49fa61-8d34-4cab-8842-27475e291c28","UNDE_006.basePlot.bet","D05","UNDE","UNDE_006","E","2014-09-02","2014-09-11","2014-09-24","2014-09-25",,"UNDE_006.E.20140911","izIYmtFoQUiRFPrYrqgvmRDRxixMde9ytJJSNWSaEso=","invert bycatch",,,,,,,,,,"Syw2LXB/pj+fmGCuwdgBGVryVUmYhw3g",
"601bae45-f5fb-448c-8ed1-3c1c69a43e62","UNDE_008.basePlot.bet","D05","UNDE","UNDE_008","E","2014-09-02","2014-09-11","2014-09-24","2014-09-25",,"UNDE_008.E.20140911","MjA7sUqH2CbDGuNqiE7zzyPv6+CgsCwrhHG6U/ZJF90=","invert bycatch",,,,,,,,,,"Syw2LXB/pj+fmGCuwdgBGVryVUmYhw3g",
"8f5d3358-8b04-48b8-87a9-42fc85208ee4","UNDE_008.basePlot.bet","D05","UNDE","UNDE_008","E","2014-09-02","2014-09-11","2014-09-24","2014-09-25",,"UNDE_008.E.20140911","MjA7sUqH2CbDGuNqiE7zz1B36XL35pTGHrXD0OfY/kc=","other carabid","CARSP14","Carabidae sp.","family",,"Latreille",,1,"Other",,"Syw2LXB/pj+fmGCuwdgBGVryVUmYhw3g","individualCount estimated based on number of pinning records|"
"a23743e3-46b3-4d5f-81d6-9a0748e8113b","UNDE_012.basePlot.bet","D05","UNDE","UNDE_012","E","2014-09-02","2014-09-11","2014-09-24","2014-09-25",,"UNDE_012.E.20140911","+v0vuVmyR4DmJauSH/AY5gHzvPNrss9etZ4mNLUQ9PE=","invert bycatch",,,,,,,,,,"Syw2LXB/pj+fmGCuwdgBGVryVUmYhw3g",
"f76c19e6-fe7f-4e8d-bcc0-c72965f7c1ae","UNDE_006.basePlot.bet","D05","UNDE","UNDE_006","E","2014-09-02","2014-09-11","2014-09-24","2014-09-25",,"UNDE_006.E.20140911","izIYmtFoQUiRFPrYrqgvmUGaxjuwau59OU/0226lBGY=","other carabid","CARSP14","Carabidae sp.","family",,"Latreille",,1,"Other",,"Syw2LXB/pj+fmGCuwdgBGVryVUmYhw3g","individualCount estimated based on number of pinning records|"
"b46a54ad-b305-49a1-ae34-1ecfe1776b27","UNDE_006.basePlot.bet","D05","UNDE","UNDE_006","N","2014-09-02","2014-09-11","2014-09-24","2014-09-25",,"UNDE_006.N.20140911","izIYmtFoQUgGh2Ie4GyE1SNPqpVDqO+6k0w3saVmRZQ=","invert bycatch",,,,,,,,,,"Syw2LXB/pj+fmGCuwdgBGVryVUmYhw3g",
"3a945428-2142-4f02-8f42-968c863ea968","UNDE_003.basePlot.bet","D05","UNDE","UNDE_003","N","2014-09-02","2014-09-11","2014-09-24","2014-09-25",,"UNDE_003.N.20140911","UKgrtiGQYSAQZ1VH4EkFGzIbM/gDmXrkSykKzxvC1l8=","invert bycatch",,,,,,,,,,"Syw2LXB/pj+fmGCuwdgBGVryVUmYhw3g",
"85880308-a9e3-48e0-b794-1ca597be0f78","UNDE_001.basePlot.bet","D05","UNDE","UNDE_001","N","2014-09-02","2014-09-11","2014-09-24","2014-09-25",,"UNDE_001.N.20140911","kh3xmoTmJnDjXQ+wTClirJCbE2ZK9VFZ43s3uHQhRjs=","other carabid","CARSP14","Carabidae sp.","family",,"Latreille",,2,"Other",,"Syw2LXB/pj+fmGCuwdgBGVryVUmYhw3g","individualCount estimated based on number of pinning records|"
"4ffda911-98a0-4cb9-abdc-96e023654754","UNDE_008.basePlot.bet","D05","UNDE","UNDE_008","N","2014-09-02","2014-09-11","2014-09-24","2014-09-25",,"UNDE_008.N.20140911","MjA7sUqH2CbX4oflBzMiZzENolW4ZkMrtKFlmnVRfLM=","invert bycatch",,,,,,,,,,"Syw2LXB/pj+fmGCuwdgBGVryVUmYhw3g",
"3b9fd7da-6f7a-4de1-8b63-2a18973767d0","UNDE_002.basePlot.bet","D05","UNDE","UNDE_002","N","2014-09-02","2014-09-11","2014-09-24","2014-09-25",,"UNDE_002.N.20140911","JrVNSI+TG1KboMtFtDfCYxTDOkzTGgNfREaIFY3+TYI=","invert bycatch",,,,,,,,,,"Syw2LXB/pj+fmGCuwdgBGVryVUmYhw3g",
"ad66eb6a-2260-401a-9fd0-a85802a9fabf","UNDE_011.basePlot.bet","D05","UNDE","UNDE_011","N","2014-09-02","2014-09-11","2014-09-24","2014-09-25",,"UNDE_011.N.20140911","0Ya1AWR2lPhpvZtoFxpx8qbompEs5uJy1bWaDs7ABUU=","invert bycatch",,,,,,,,,,"Syw2LXB/pj+fmGCuwdgBGVryVUmYhw3g",
"802a7f3c-00e6-42b9-a476-af04b3aa0756","UNDE_012.basePlot.bet","D05","UNDE","UNDE_012","N","2014-09-02","2014-09-11","2014-09-24","2014-09-25",,"UNDE_012.N.20140911","+v0vuVmyR4DPKGLxsflPh1JsE8Bw6RV/vAGoVRzQyo4=","invert bycatch",,,,,,,,,,"Syw2LXB/pj+fmGCuwdgBGVryVUmYhw3g",
"588e3b07-7664-45eb-ba7b-5fb76226cd77","UNDE_007.basePlot.bet","D05","UNDE","UNDE_007","N","2014-09-02","2014-09-11","2014-09-24","2014-09-25",,"UNDE_007.N.20140911","sj+sxzQpSGCbP6TmEG4D805Yx8k1NATRI4MyGl5kUJk=","other carabid","CARSP14","Carabidae sp.","family",,"Latreille",,1,"Other",,"Syw2LXB/pj+fmGCuwdgBGVryVUmYhw3g","individualCount estimated based on number of pinning records|"
"e2501091-e578-4421-8440-391d27f0a6a2","UNDE_007.basePlot.bet","D05","UNDE","UNDE_007","N","2014-09-02","2014-09-11","2014-09-24","2014-09-25",,"UNDE_007.N.20140911","sj+sxzQpSGCbP6TmEG4D80vtPDvMCcHgSSkaCXHp4Mg=","invert bycatch",,,,,,,,,,"Syw2LXB/pj+fmGCuwdgBGVryVUmYhw3g",
"e8096f70-3f7e-4d5e-b3d4-a52e0454cc70","UNDE_001.basePlot.bet","D05","UNDE","UNDE_001","N","2014-09-02","2014-09-11","2014-09-24","2014-09-25",,"UNDE_001.N.20140911","kh3xmoTmJnDjXQ+wTClirPu1wch5rX3EaHevkiYEEyo=","invert bycatch",,,,,,,,,,"Syw2LXB/pj+fmGCuwdgBGVryVUmYhw3g",
"180a4e18-7e64-4e09-86a8-9861073c8c62","UNDE_017.basePlot.bet","D05","UNDE","UNDE_017","N","2014-09-02","2014-09-11","2014-09-24","2014-09-25",,"UNDE_017.N.20140911","xHY1KmNCr21mtrSZScb2PFnCYXQiECkxZ884lY0fKE0=","invert bycatch",,,,,,,,,,"Syw2LXB/pj+fmGCuwdgBGVryVUmYhw3g",
"f289fdd9-94bb-479c-8951-d738615d6023","UNDE_012.basePlot.bet","D05","UNDE","UNDE_012","S","2014-09-02","2014-09-11","2014-09-24","2014-09-25",,"UNDE_012.S.20140911","+v0vuVmyR4ANY6zCFMktOqm/ZOKYYcl6doe5kSL7sX4=","invert bycatch",,,,,,,,,,"Syw2LXB/pj+fmGCuwdgBGVryVUmYhw3g",
"fc497429-25d8-4ca9-9027-9ba5f42afc9e","UNDE_006.basePlot.bet","D05","UNDE","UNDE_006","S","2014-09-02","2014-09-11","2014-09-24","2014-09-25",,"UNDE_006.S.20140911","izIYmtFoQUjYgYhAsKFGiqvJpw9OptTj4PVOUeR3rgM=","invert bycatch",,,,,,,,,,"Syw2LXB/pj+fmGCuwdgBGVryVUmYhw3g",
"0cf73d49-c9d1-4486-a2fe-91a38a4bbcb2","UNDE_012.basePlot.bet","D05","UNDE","UNDE_012","S","2014-09-02","2014-09-11","2014-09-24","2014-09-25",,"UNDE_012.S.20140911","+v0vuVmyR4ANY6zCFMktOu6dSgNKjS0REpx2GW8B8Uw=","other carabid","CARSP14","Carabidae sp.","family",,"Latreille",,7,"Other",,"Syw2LXB/pj+fmGCuwdgBGVryVUmYhw3g","individualCount estimated based on number of pinning records|"
"47f8e678-cf2f-4947-9a2d-7eec35a18e4a","UNDE_008.basePlot.bet","D05","UNDE","UNDE_008","S","2014-09-02","2014-09-11","2014-09-24","2014-09-25",,"UNDE_008.S.20140911","MjA7sUqH2CZmiCtAT77XMlY+Rysf0cjm6pNhbgA4gJE=","invert bycatch",,,,,,,,,,"Syw2LXB/pj+fmGCuwdgBGVryVUmYhw3g",
"b612491b-70af-4423-a1aa-5deb58e5a39e","UNDE_006.basePlot.bet","D05","UNDE","UNDE_006","S","2014-09-02","2014-09-11","2014-09-24","2014-09-25",,"UNDE_006.S.20140911","izIYmtFoQUjYgYhAsKFGiqHLrqqwdju8314tRdO/DX4=","other carabid","CARSP14","Carabidae sp.","family",,"Latreille",,3,"Other",,"Syw2LXB/pj+fmGCuwdgBGVryVUmYhw3g","individualCount estimated based on number of pinning records|"
"a3b3869f-42d5-4b6e-9793-f579bdf2f05c","UNDE_011.basePlot.bet","D05","UNDE","UNDE_011","S","2014-09-02","2014-09-11","2014-09-24","2014-09-25",,"UNDE_011.S.20140911","0Ya1AWR2lPh9OCYD3U2ySg2+WcBmkh1liPuR2gegxT8=","invert bycatch",,,,,,,,,,"Syw2LXB/pj+fmGCuwdgBGVryVUmYhw3g",
"4c0703b3-c266-405d-ad3f-7c6667d5905e","UNDE_008.basePlot.bet","D05","UNDE","UNDE_008","S","2014-09-02","2014-09-11","2014-09-24","2014-09-25",,"UNDE_008.S.20140911","MjA7sUqH2CZmiCtAT77XMlwriFAlqx1Xzrfq9+viCqk=","other carabid","CARSP14","Carabidae sp.","family",,"Latreille",,1,"Other",,"Syw2LXB/pj+fmGCuwdgBGVryVUmYhw3g","individualCount estimated based on number of pinning records|"
"37c95df1-83a0-47ee-ad2a-7850503cabba","UNDE_001.basePlot.bet","D05","UNDE","UNDE_001","S","2014-09-02","2014-09-11","2014-09-24","2014-09-25",,"UNDE_001.S.20140911","kh3xmoTmJnCNVr/j1vs6nBrwN2fX0aKMRzvD+VMNMfE=","invert bycatch",,,,,,,,,,"Syw2LXB/pj+fmGCuwdgBGVryVUmYhw3g",
"6fd2c6ee-7b37-43b7-bf93-01323ef1fd71","UNDE_001.basePlot.bet","D05","UNDE","UNDE_001","S","2014-09-02","2014-09-11","2014-09-24","2014-09-25",,"UNDE_001.S.20140911","kh3xmoTmJnCNVr/j1vs6nNGyOr+fUQVInnzZEQm2ndQ=","other carabid","CARSP14","Carabidae sp.","family",,"Latreille",,1,"Other",,"Syw2LXB/pj+fmGCuwdgBGVryVUmYhw3g","individualCount estimated based on number of pinning records|"
"50931c91-c29f-4a51-adfa-f69fbe040abc","UNDE_003.basePlot.bet","D05","UNDE","UNDE_003","S","2014-09-02","2014-09-11","2014-09-24","2014-09-25",,"UNDE_003.S.20140911","UKgrtiGQYSAbfNv8cd1yeobh4g0HUPasWTYCW9Peolg=","invert bycatch",,,,,,,,,,"Syw2LXB/pj+fmGCuwdgBGVryVUmYhw3g",
"794c55eb-791d-4a12-ab76-cbd9addccc54","UNDE_017.basePlot.bet","D05","UNDE","UNDE_017","S","2014-09-02","2014-09-11","2014-09-24","2014-09-25",,"UNDE_017.S.20140911","xHY1KmNCr21FyPYlxR1TdE6N8J22lR1evYWbMhv+Wak=","invert bycatch",,,,,,,,,,"Syw2LXB/pj+fmGCuwdgBGVryVUmYhw3g",
"f06d91d6-76d7-4936-aac6-a4abbc9d5b03","UNDE_007.basePlot.bet","D05","UNDE","UNDE_007","S","2014-09-02","2014-09-11","2014-09-24","2014-09-25",,"UNDE_007.S.20140911","sj+sxzQpSGB881nYes1roRCJFAJ0TW3hvsSvezqqRYc=","invert bycatch",,,,,,,,,,"Syw2LXB/pj+fmGCuwdgBGVryVUmYhw3g",
"1cc2a3ae-2b7a-4c65-a8a4-d1e33a41d9b4","UNDE_007.basePlot.bet","D05","UNDE","UNDE_007","S","2014-09-02","2014-09-11","2014-09-24","2014-09-25",,"UNDE_007.S.20140911","sj+sxzQpSGB881nYes1roVH2sPxsxr9HMn6e31ekHwE=","other carabid","CARSP14","Carabidae sp.","family",,"Latreille",,1,"Other",,"Syw2LXB/pj+fmGCuwdgBGVryVUmYhw3g","individualCount estimated based on number of pinning records|"
"cdb14c52-09c0-4a84-812c-bb45ebe27cb6","UNDE_010.basePlot.bet","D05","UNDE","UNDE_010","S","2014-09-02","2014-09-11","2014-09-24","2014-09-25",,"UNDE_010.S.20140911","hQDJ3TYDfow31zfmvyRaNZZ5nSGxR0/57hIPzn9r/gI=","invert bycatch",,,,,,,,,,"Syw2LXB/pj+fmGCuwdgBGVryVUmYhw3g",
"533b3745-7630-4799-889a-70a379a28024","UNDE_007.basePlot.bet","D05","UNDE","UNDE_007","W","2014-09-02","2014-09-11","2014-09-24","2014-09-25",,"UNDE_007.W.20140911","sj+sxzQpSGClubvaSd12JemJ09Z6jyXNcEzXMX0jbNg=","invert bycatch",,,,,,,,,,"Syw2LXB/pj+fmGCuwdgBGVryVUmYhw3g",
"550f7387-0f45-403b-ad1b-28fefa189c90","UNDE_003.basePlot.bet","D05","UNDE","UNDE_003","W","2014-09-02","2014-09-11","2014-09-24","2014-09-25",,"UNDE_003.W.20140911","UKgrtiGQYSDxJBWCvOCYw5FmrOt+OniJYiqRt7WZj2o=","invert bycatch",,,,,,,,,,"Syw2LXB/pj+fmGCuwdgBGVryVUmYhw3g",
"9b8fccbb-89c8-4d75-8af9-5746af8f1d63","UNDE_010.basePlot.bet","D05","UNDE","UNDE_010","W","2014-09-02","2014-09-11","2014-09-24","2014-09-25",,"UNDE_010.W.20140911","hQDJ3TYDfozoFsNPMVBcBU3ITO9PZwWDKBcvxlo16tU=","invert bycatch",,,,,,,,,,"Syw2LXB/pj+fmGCuwdgBGVryVUmYhw3g",
"dac1d825-43ab-4b3e-827d-bd43f9aa2189","UNDE_011.basePlot.bet","D05","UNDE","UNDE_011","W","2014-09-02","2014-09-11","2014-09-24","2014-09-25",,"UNDE_011.W.20140911","0Ya1AWR2lPiELWVEy08kj1w0ws4Rs4AyZmVzL8qnOqM=","invert bycatch",,,,,,,,,,"Syw2LXB/pj+fmGCuwdgBGVryVUmYhw3g",
"eb1be8c7-d20f-49e3-837d-196ccf3b73dc","UNDE_008.basePlot.bet","D05","UNDE","UNDE_008","W","2014-09-02","2014-09-11","2014-09-24","2014-09-25",,"UNDE_008.W.20140911","MjA7sUqH2CY9mjiocx3iSOf3LHzbCmrH1O+0tWcsf0Q=","invert bycatch",,,,,,,,,,"Syw2LXB/pj+fmGCuwdgBGVryVUmYhw3g",
"8f1f6e59-cd4a-43c2-b012-bbf301afb29b","UNDE_001.basePlot.bet","D05","UNDE","UNDE_001","W","2014-09-02","2014-09-11","2014-09-24","2014-09-25",,"UNDE_001.W.20140911","kh3xmoTmJnCZnwbcxVK+p1HlgyMDEwpl84tfqcIUTtU=","invert bycatch",,,,,,,,,,"Syw2LXB/pj+fmGCuwdgBGVryVUmYhw3g",
"6446625d-c6ae-429e-b28d-fd206237f597","UNDE_017.basePlot.bet","D05","UNDE","UNDE_017","W","2014-09-02","2014-09-11","2014-09-24","2014-09-25",,"UNDE_017.W.20140911","xHY1KmNCr23jcwvXjFj6o5xGiNdyxqluoNwNz18RARI=","other carabid","CARSP14","Carabidae sp.","family",,"Latreille",,2,"Other",,"Syw2LXB/pj+fmGCuwdgBGVryVUmYhw3g","individualCount estimated based on number of pinning records|"
"49571b63-1e02-4919-a445-1a8ce779a62a","UNDE_017.basePlot.bet","D05","UNDE","UNDE_017","W","2014-09-02","2014-09-11","2014-09-24","2014-09-25",,"UNDE_017.W.20140911","xHY1KmNCr23jcwvXjFj6ozDPSC76sqmEJz9axQBARjc=","invert bycatch",,,,,,,,,,"Syw2LXB/pj+fmGCuwdgBGVryVUmYhw3g",
"adf3eff9-9915-4f23-84fc-d01fcec3789a","UNDE_012.basePlot.bet","D05","UNDE","UNDE_012","W","2014-09-02","2014-09-11","2014-09-24","2014-09-25",,"UNDE_012.W.20140911","+v0vuVmyR4CfwPxf1Y3BzyifxUs8p4ToXI+lepZj9UA=","other carabid","CARSP14","Carabidae sp.","family",,"Latreille",,1,"Other",,"Syw2LXB/pj+fmGCuwdgBGVryVUmYhw3g","individualCount estimated based on number of pinning records|"
"3e020d05-c499-498b-b03f-cf7b382e0bbe","UNDE_012.basePlot.bet","D05","UNDE","UNDE_012","W","2014-09-02","2014-09-11","2014-09-24","2014-09-25",,"UNDE_012.W.20140911","+v0vuVmyR4CfwPxf1Y3Bz+c9o0GCRAGuOMFmueeuM1c=","invert bycatch",,,,,,,,,,"Syw2LXB/pj+fmGCuwdgBGVryVUmYhw3g",
"093ee119-e2cf-4673-bd59-8ee645f7ab52","UNDE_006.basePlot.bet","D05","UNDE","UNDE_006","W","2014-09-02","2014-09-11","2014-09-24","2014-09-25",,"UNDE_006.W.20140911","izIYmtFoQUhjUT/hK7YRXhntXaGtihJQ2/qiZzxElLs=","invert bycatch",,,,,,,,,,"Syw2LXB/pj+fmGCuwdgBGVryVUmYhw3g",
"8192e4dd-988b-49c4-8e3a-81defebdf7b8","UNDE_010.basePlot.bet","D05","UNDE","UNDE_010","E","2014-09-02","2014-09-11","2014-09-24","2014-09-25",,"UNDE_010.E.20140911","hQDJ3TYDfozU65Nt7ucSVNsNoznnNaw9EYTaeFoTQRs=","invert bycatch",,,,,,,,,,"Syw2LXB/pj+fmGCuwdgBGVryVUmYhw3g",
