uid,namedLocation,domainID,siteID,plotID,setDate,collectDate,identifiedDate,individualID,taxonID,kingdom,phylum,class,order,family,subfamily,tribe,genus,subgenus,specificEpithet,infraspecificEpithet,scientificName,scientificNameAuthorship,taxonRank,identificationQualifier,sex,morphospeciesID,identificationReferences,identifiedBy,laboratoryName,identificationRemarks,sampleCondition,dnaBarcoded,geneticSampleID,remarks
"c1add220-8778-4cb7-90a7-a77a9f9f0ddf","UNDE_003.basePlot.bet","D05","UNDE","UNDE_003","2014-08-19","2014-09-02","2017-01-15","NEON.BET.D05.000043","PTECOR1","Animalia","Arthropoda","Insecta","Coleoptera","Carabidae","Harpalinae","Pterostichini","Pterostichus","Euferonia","coracinus",,"Pterostichus coracinus","Newman","species",,"M",,"Lindroth, C. H. 1969. The ground-beetles (Carabidae, excl. Cicindelinae) of Canada and Alaska, parts 1-6. Opuscula E. Entomoligiska Sallskapet.","Kipling Will","Essig Museum of Entomology",,"No known compromise","N",,
"c924fda2-7faa-441d-8131-e50989f11284","UNDE_003.basePlot.bet","D05","UNDE","UNDE_003","2014-08-19","2014-09-02","2017-01-15","NEON.BET.D05.000042","PTEPEN","Animalia","Arthropoda","Insecta","Coleoptera","Carabidae","Harpalinae","Pterostichini","Pterostichus","Bothriopterus","pensylvanicus",,"Pterostichus pensylvanicus","LeConte","species",,"M",,"Lindroth, C. H. 1969. The ground-beetles (Carabidae, excl. Cicindelinae) of Canada and Alaska, parts 1-6. Opuscula E. Entomoligiska Sallskapet.","Kipling Will","Essig Museum of Entomology",,"No known compromise","N",,
"a90c2276-00a1-4b1a-8767-eab115f5aa71","UNDE_010.basePlot.bet","D05","UNDE","UNDE_010","2014-08-19","2014-09-02","2017-01-15","NEON.BET.D05.000045","SYNIMP","Animalia","Arthropoda","Insecta","Coleoptera","Carabidae","Harpalinae","Sphodrini","Synuchus",,"impunctatus",,"Synuchus impunctatus","Say","species",,"F",,"Lindroth, C. H. 1969. The ground-beetles (Carabidae, excl. Cicindelinae) of Canada and Alaska, parts 1-6. Opuscula E. Entomoligiska Sallskapet.","Kipling Will","Essig Museum of Entomology",,"No known compromise","N",,
"2746e1d9-1f02-477b-9135-ae67f7a88a4a","UNDE_010.basePlot.bet","D05","UNDE","UNDE_010","2014-08-19","2014-09-02","2017-01-15","NEON.BET.D05.000041","CARNEM","Animalia","Arthropoda","Insecta","Coleoptera","Carabidae","Carabinae","Carabini","Carabus","Archicarabus","nemoralis","nemoralis","Carabus nemoralis nemoralis","Mueller","subspecies",,"F",,"Lindroth, C. H. 1969. The ground-beetles (Carabidae, excl. Cicindelinae) of Canada and Alaska, parts 1-6. Opuscula E. Entomoligiska Sallskapet.","Kipling Will","Essig Museum of Entomology",,"No known compromise","N",,
"332e4b5e-c6f8-4424-8d7a-abeb7d54c8bd","UNDE_010.basePlot.bet","D05","UNDE","UNDE_010","2014-08-19","2014-09-02","2017-01-15","NEON.BET.D05.000044","SYNIMP","Animalia","Arthropoda","Insecta","Coleoptera","Carabidae","Harpalinae","Sphodrini","Synuchus",,"impunctatus",,"Synuchus impunctatus","Say","species",,"F",,"Lindroth, C. H. 1969. The ground-beetles (Carabidae, excl. Cicindelinae) of Canada and Alaska, parts 1-6. Opuscula E. Entomoligiska Sallskapet.","Kipling Will","Essig Museum of Entomology",,"No known compromise","N",,
"20b76afc-47fc-4083-9480-3c8093cc8e79","UNDE_007.basePlot.bet","D05","UNDE","UNDE_007","2014-08-19","2014-09-02","2017-01-15","NEON.BET.D05.000093","PTEMEL","Animalia","Arthropoda","Insecta","Coleoptera","Carabidae","Harpalinae","Pterostichini","Pterostichus","Morphnosoma","melanarius","melanarius","Pterostichus melanarius melanarius","Illiger","subspecies",,"F",,"Lindroth, C. H. 1969. The ground-beetles (Carabidae, excl. Cicindelinae) of Canada and Alaska, parts 1-6. Opuscula E. Entomoligiska Sallskapet.","Kipling Will","Essig Museum of Entomology",,"No known compromise","N",,
"449dcf9c-fa9a-448e-8fd6-518bf31edd26","UNDE_007.basePlot.bet","D05","UNDE","UNDE_007","2014-08-19","2014-09-02","2017-01-15","NEON.BET.D05.000092","SYNIMP","Animalia","Arthropoda","Insecta","Coleoptera","Carabidae","Harpalinae","Sphodrini","Synuchus",,"impunctatus",,"Synuchus impunctatus","Say","species",,"F",,"Lindroth, C. H. 1969. The ground-beetles (Carabidae, excl. Cicindelinae) of Canada and Alaska, parts 1-6. Opuscula E. Entomoligiska Sallskapet.","Kipling Will","Essig Museum of Entomology",,"No known compromise","N",,
"1ebea16c-2358-4553-af03-93cae1393b3d","UNDE_007.basePlot.bet","D05","UNDE","UNDE_007","2014-08-19","2014-09-02","2017-01-15","NEON.BET.D05.000117","SYNIMP","Animalia","Arthropoda","Insecta","Coleoptera","Carabidae","Harpalinae","Sphodrini","Synuchus",,"impunctatus",,"Synuchus impunctatus","Say","species",,"F",,"Lindroth, C. H. 1969. The ground-beetles (Carabidae, excl. Cicindelinae) of Canada and Alaska, parts 1-6. Opuscula E. Entomoligiska Sallskapet.","Kipling Will","Essig Museum of Entomology",,"No known compromise","N",,
"9c6712e0-d429-4a92-bb90-85de848d9789","UNDE_007.basePlot.bet","D05","UNDE","UNDE_007","2014-08-19","2014-09-02","2017-01-15","NEON.BET.D05.000091","PTEMEL","Animalia","Arthropoda","Insecta","Coleoptera","Carabidae","Harpalinae","Pterostichini","Pterostichus","Morphnosoma","melanarius","melanarius","Pterostichus melanarius melanarius","Illiger","subspecies",,"F",,"Lindroth, C. H. 1969. The ground-beetles (Carabidae, excl. Cicindelinae) of Canada and Alaska, parts 1-6. Opuscula E. Entomoligiska Sallskapet.","Kipling Will","Essig Museum of Entomology",,"No known compromise","N",,
"ac67dd73-be23-4253-8c65-699e61209919","UNDE_006.basePlot.bet","D05","UNDE","UNDE_006","2014-08-19","2014-09-02","2017-01-15","NEON.BET.D05.000137","SYNIMP","Animalia","Arthropoda","Insecta","Coleoptera","Carabidae","Harpalinae","Sphodrini","Synuchus",,"impunctatus",,"Synuchus impunctatus","Say","species",,"F",,"Lindroth, C. H. 1969. The ground-beetles (Carabidae, excl. Cicindelinae) of Canada and Alaska, parts 1-6. Opuscula E. Entomoligiska Sallskapet.","Kipling Will","Essig Museum of Entomology",,"No known compromise","N",,
"05c91601-be03-4fc8-8e5b-2783ed869207","UNDE_006.basePlot.bet","D05","UNDE","UNDE_006","2014-08-19","2014-09-02","2017-01-15","NEON.BET.D05.000136","HARSOM","Animalia","Arthropoda","Insecta","Coleoptera","Carabidae","Harpalinae","Harpalini","Harpalus","Harpalus","somnulentus",,"Harpalus somnulentus","Dejean","species",,"M",,"Noonan, G. R. 1991. Classification, Cladistics, and Natural History of Native North American Harpalus Latreille (Insecta: Coleoptera: Carabidae: Harpalini), excluding subgenera Glanodes and Pseudophonus.","Kipling Will","Essig Museum of Entomology",,"No known compromise","N",,
"ec552ef4-2d50-43c6-8118-8553e74c3fa5","UNDE_017.basePlot.bet","D05","UNDE","UNDE_017","2014-08-19","2014-09-02","2017-01-15","NEON.BET.D05.000152","PTEPEN","Animalia","Arthropoda","Insecta","Coleoptera","Carabidae","Harpalinae","Pterostichini","Pterostichus","Bothriopterus","pensylvanicus",,"Pterostichus pensylvanicus","LeConte","species",,"M",,"Lindroth, C. H. 1969. The ground-beetles (Carabidae, excl. Cicindelinae) of Canada and Alaska, parts 1-6. Opuscula E. Entomoligiska Sallskapet.","Kipling Will","Essig Museum of Entomology",,"No known compromise","N",,
"2834382a-989d-4a17-a5c0-7e9d8b887499","UNDE_007.basePlot.bet","D05","UNDE","UNDE_007","2014-08-19","2014-09-02","2017-01-15","NEON.BET.D05.000149","PTEMEL","Animalia","Arthropoda","Insecta","Coleoptera","Carabidae","Harpalinae","Pterostichini","Pterostichus","Morphnosoma","melanarius","melanarius","Pterostichus melanarius melanarius","Illiger","subspecies",,"F",,"Lindroth, C. H. 1969. The ground-beetles (Carabidae, excl. Cicindelinae) of Canada and Alaska, parts 1-6. Opuscula E. Entomoligiska Sallskapet.","Kipling Will","Essig Museum of Entomology",,"No known compromise","N",,
"589203d4-3a17-4efb-972c-4b771ea78714","UNDE_017.basePlot.bet","D05","UNDE","UNDE_017","2014-08-19","2014-09-02","2017-01-15","NEON.BET.D05.000151","PTECOR1","Animalia","Arthropoda","Insecta","Coleoptera","Carabidae","Harpalinae","Pterostichini","Pterostichus","Euferonia","coracinus",,"Pterostichus coracinus","Newman","species",,"M",,"Lindroth, C. H. 1969. The ground-beetles (Carabidae, excl. Cicindelinae) of Canada and Alaska, parts 1-6. Opuscula E. Entomoligiska Sallskapet.","Kipling Will","Essig Museum of Entomology",,"No known compromise","N",,
"b2668a3b-d321-45bd-8dce-584e6bba8519","UNDE_017.basePlot.bet","D05","UNDE","UNDE_017","2014-08-19","2014-09-02","2017-01-15","NEON.BET.D05.000150","CARNEM","Animalia","Arthropoda","Insecta","Coleoptera","Carabidae","Carabinae","Carabini","Carabus","Archicarabus","nemoralis","nemoralis","Carabus nemoralis nemoralis","Mueller","subspecies",,"M",,"Lindroth, C. H. 1969. The ground-beetles (Carabidae, excl. Cicindelinae) of Canada and Alaska, parts 1-6. Opuscula E. Entomoligiska Sallskapet.","Kipling Will","Essig Museum of Entomology",,"No known compromise","N",,
"23c016ab-d4cd-43ff-b464-00c4b41de0e7","UNDE_001.basePlot.bet","D05","UNDE","UNDE_001","2014-08-19","2014-09-02","2017-01-15","NEON.BET.D05.000164","SYNIMP","Animalia","Arthropoda","Insecta","Coleoptera","Carabidae","Harpalinae","Sphodrini","Synuchus",,"impunctatus",,"Synuchus impunctatus","Say","species",,"M",,"Lindroth, C. H. 1969. The ground-beetles (Carabidae, excl. Cicindelinae) of Canada and Alaska, parts 1-6. Opuscula E. Entomoligiska Sallskapet.","Kipling Will","Essig Museum of Entomology",,"No known compromise","N",,
"afdf2f17-b458-40f7-8683-8152abec5577","UNDE_001.basePlot.bet","D05","UNDE","UNDE_001","2014-08-19","2014-09-02","2017-01-15","NEON.BET.D05.000156","CYMCRI","Animalia","Arthropoda","Insecta","Coleoptera","Carabidae","Harpalinae","Lebiini","Cymindis","Tarulus","cribricollis",,"Cymindis cribricollis","Dejean","species",,"M",,"Lindroth, C. H. 1969. The ground-beetles (Carabidae, excl. Cicindelinae) of Canada and Alaska, parts 1-6. Opuscula E. Entomoligiska Sallskapet.","Kipling Will","Essig Museum of Entomology",,"No known compromise","N",,
"c2d4d91b-80f1-4917-9b9e-ff5c6dade96e","UNDE_001.basePlot.bet","D05","UNDE","UNDE_001","2014-08-19","2014-09-02","2017-01-15","NEON.BET.D05.000158","PTEPEN","Animalia","Arthropoda","Insecta","Coleoptera","Carabidae","Harpalinae","Pterostichini","Pterostichus","Bothriopterus","pensylvanicus",,"Pterostichus pensylvanicus","LeConte","species",,"F",,"Lindroth, C. H. 1969. The ground-beetles (Carabidae, excl. Cicindelinae) of Canada and Alaska, parts 1-6. Opuscula E. Entomoligiska Sallskapet.","Kipling Will","Essig Museum of Entomology",,"No known compromise","N",,
"1acbc437-1a02-45e1-a930-2c2c927fbf5c","UNDE_001.basePlot.bet","D05","UNDE","UNDE_001","2014-08-19","2014-09-02","2017-01-15","NEON.BET.D05.000157","SYNIMP","Animalia","Arthropoda","Insecta","Coleoptera","Carabidae","Harpalinae","Sphodrini","Synuchus",,"impunctatus",,"Synuchus impunctatus","Say","species",,"M",,"Lindroth, C. H. 1969. The ground-beetles (Carabidae, excl. Cicindelinae) of Canada and Alaska, parts 1-6. Opuscula E. Entomoligiska Sallskapet.","Kipling Will","Essig Museum of Entomology",,"No known compromise","N",,
"9f7ef210-5b70-46db-8b3c-5caf8fb35796","UNDE_001.basePlot.bet","D05","UNDE","UNDE_001","2014-08-19","2014-09-02","2017-01-15","NEON.BET.D05.000163","SYNIMP","Animalia","Arthropoda","Insecta","Coleoptera","Carabidae","Harpalinae","Sphodrini","Synuchus",,"impunctatus",,"Synuchus impunctatus","Say","species",,"F",,"Lindroth, C. H. 1969. The ground-beetles (Carabidae, excl. Cicindelinae) of Canada and Alaska, parts 1-6. Opuscula E. Entomoligiska Sallskapet.","Kipling Will","Essig Museum of Entomology",,"No known compromise","N",,
"8e983130-9d01-4dbe-b58c-f4d4463f3ce5","UNDE_001.basePlot.bet","D05","UNDE","UNDE_001","2014-08-19","2014-09-02","2017-01-15","NEON.BET.D05.000162","SYNIMP","Animalia","Arthropoda","Insecta","Coleoptera","Carabidae","Harpalinae","Sphodrini","Synuchus",,"impunctatus",,"Synuchus impunctatus","Say","species",,"M",,"Lindroth, C. H. 1969. The ground-beetles (Carabidae, excl. Cicindelinae) of Canada and Alaska, parts 1-6. Opuscula E. Entomoligiska Sallskapet.","Kipling Will","Essig Museum of Entomology",,"No known compromise","N",,
"3b8136fa-579d-4610-a4cd-e2ef09b72a3b","UNDE_001.basePlot.bet","D05","UNDE","UNDE_001","2014-08-19","2014-09-02","2017-01-15","NEON.BET.D05.000161","SYNIMP","Animalia","Arthropoda","Insecta","Coleoptera","Carabidae","Harpalinae","Sphodrini","Synuchus",,"impunctatus",,"Synuchus impunctatus","Say","species",,"F",,"Lindroth, C. H. 1969. The ground-beetles (Carabidae, excl. Cicindelinae) of Canada and Alaska, parts 1-6. Opuscula E. Entomoligiska Sallskapet.","Kipling Will","Essig Museum of Entomology",,"No known compromise","N",,
"cbd54bc0-7c93-44f6-9991-9beabb2de73a","UNDE_001.basePlot.bet","D05","UNDE","UNDE_001","2014-08-19","2014-09-02","2017-01-15","NEON.BET.D05.000159","SPHSTE1","Animalia","Arthropoda","Insecta","Coleoptera","Carabidae","Carabinae","Cychrini","Sphaeroderus",,"stenostomus","lecontei","Sphaeroderus stenostomus lecontei","Dejean","subspecies",,"M",,"Lindroth, C. H. 1969. The ground-beetles (Carabidae, excl. Cicindelinae) of Canada and Alaska, parts 1-6. Opuscula E. Entomoligiska Sallskapet.","Kipling Will","Essig Museum of Entomology",,"No known compromise","N",,
"c95095ba-832a-455f-9757-96a9a2d93da4","UNDE_001.basePlot.bet","D05","UNDE","UNDE_001","2014-08-19","2014-09-02","2017-01-15","NEON.BET.D05.000160","SPHSTE1","Animalia","Arthropoda","Insecta","Coleoptera","Carabidae","Carabinae","Cychrini","Sphaeroderus",,"stenostomus","lecontei","Sphaeroderus stenostomus lecontei","Dejean","subspecies",,"F",,"Lindroth, C. H. 1969. The ground-beetles (Carabidae, excl. Cicindelinae) of Canada and Alaska, parts 1-6. Opuscula E. Entomoligiska Sallskapet.","Kipling Will","Essig Museum of Entomology",,"No known compromise","N",,
"66dc9cb4-fa27-4e85-beb7-163b5ecaae24","UNDE_008.basePlot.bet","D05","UNDE","UNDE_008","2014-08-19","2014-09-02","2017-01-15","NEON.BET.D05.000140","SYNIMP","Animalia","Arthropoda","Insecta","Coleoptera","Carabidae","Harpalinae","Sphodrini","Synuchus",,"impunctatus",,"Synuchus impunctatus","Say","species",,"F",,"Lindroth, C. H. 1969. The ground-beetles (Carabidae, excl. Cicindelinae) of Canada and Alaska, parts 1-6. Opuscula E. Entomoligiska Sallskapet.","Kipling Will","Essig Museum of Entomology",,"No known compromise","N",,
"9cee8eca-50c1-4547-8814-c9c7e634bc30","UNDE_006.basePlot.bet","D05","UNDE","UNDE_006","2014-08-19","2014-09-02","2017-01-15","NEON.BET.D05.000144","SYNIMP","Animalia","Arthropoda","Insecta","Coleoptera","Carabidae","Harpalinae","Sphodrini","Synuchus",,"impunctatus",,"Synuchus impunctatus","Say","species",,"F",,"Lindroth, C. H. 1969. The ground-beetles (Carabidae, excl. Cicindelinae) of Canada and Alaska, parts 1-6. Opuscula E. Entomoligiska Sallskapet.","Kipling Will","Essig Museum of Entomology",,"No known compromise","N",,
"0b5c8f45-b6f8-490f-92b6-e104e68f7609","UNDE_008.basePlot.bet","D05","UNDE","UNDE_008","2014-08-19","2014-09-02","2017-01-15","NEON.BET.D05.000139","SYNIMP","Animalia","Arthropoda","Insecta","Coleoptera","Carabidae","Harpalinae","Sphodrini","Synuchus",,"impunctatus",,"Synuchus impunctatus","Say","species",,"F",,"Lindroth, C. H. 1969. The ground-beetles (Carabidae, excl. Cicindelinae) of Canada and Alaska, parts 1-6. Opuscula E. Entomoligiska Sallskapet.","Kipling Will","Essig Museum of Entomology",,"No known compromise","N",,
"3009aefe-b7a8-4578-a534-98516b1dbf9c","UNDE_006.basePlot.bet","D05","UNDE","UNDE_006","2014-08-19","2014-09-02","2017-01-15","NEON.BET.D05.000143","SYNIMP","Animalia","Arthropoda","Insecta","Coleoptera","Carabidae","Harpalinae","Sphodrini","Synuchus",,"impunctatus",,"Synuchus impunctatus","Say","species",,"F",,"Lindroth, C. H. 1969. The ground-beetles (Carabidae, excl. Cicindelinae) of Canada and Alaska, parts 1-6. Opuscula E. Entomoligiska Sallskapet.","Kipling Will","Essig Museum of Entomology",,"No known compromise","N",,
"c605dd75-a035-47ee-8992-fa06841306d2","UNDE_006.basePlot.bet","D05","UNDE","UNDE_006","2014-08-19","2014-09-02","2017-01-15","NEON.BET.D05.000147","SYNIMP","Animalia","Arthropoda","Insecta","Coleoptera","Carabidae","Harpalinae","Sphodrini","Synuchus",,"impunctatus",,"Synuchus impunctatus","Say","species",,"M",,"Lindroth, C. H. 1969. The ground-beetles (Carabidae, excl. Cicindelinae) of Canada and Alaska, parts 1-6. Opuscula E. Entomoligiska Sallskapet.","Kipling Will","Essig Museum of Entomology",,"No known compromise","N",,
"e743e4f9-cb3c-42d0-8ced-bc1f836fa78c","UNDE_006.basePlot.bet","D05","UNDE","UNDE_006","2014-08-19","2014-09-02","2017-01-15","NEON.BET.D05.000146","SYNIMP","Animalia","Arthropoda","Insecta","Coleoptera","Carabidae","Harpalinae","Sphodrini","Synuchus",,"impunctatus",,"Synuchus impunctatus","Say","species",,"F",,"Lindroth, C. H. 1969. The ground-beetles (Carabidae, excl. Cicindelinae) of Canada and Alaska, parts 1-6. Opuscula E. Entomoligiska Sallskapet.","Kipling Will","Essig Museum of Entomology",,"No known compromise","N",,
"fe594f20-dd36-4aee-b586-c58ce81f7daf","UNDE_006.basePlot.bet","D05","UNDE","UNDE_006","2014-08-19","2014-09-02","2017-01-15","NEON.BET.D05.000148","SYNIMP","Animalia","Arthropoda","Insecta","Coleoptera","Carabidae","Harpalinae","Sphodrini","Synuchus",,"impunctatus",,"Synuchus impunctatus","Say","species",,"M",,"Lindroth, C. H. 1969. The ground-beetles (Carabidae, excl. Cicindelinae) of Canada and Alaska, parts 1-6. Opuscula E. Entomoligiska Sallskapet.","Kipling Will","Essig Museum of Entomology",,"No known compromise","N",,
"001f02e9-c19e-408e-af0a-6b0ceda280a5","UNDE_006.basePlot.bet","D05","UNDE","UNDE_006","2014-08-19","2014-09-02","2017-01-15","NEON.BET.D05.000142","NOTAQU","Animalia","Arthropoda","Insecta","Coleoptera","Carabidae","Nebriinae","Notiophilini","Notiophilus",,"aquaticus",,"Notiophilus aquaticus","Linnaeus","species",,"M",,"Lindroth, C. H. 1969. The ground-beetles (Carabidae, excl. Cicindelinae) of Canada and Alaska, parts 1-6. Opuscula E. Entomoligiska Sallskapet.","Kipling Will","Essig Museum of Entomology",,"No known compromise","N",,
"2261bbcd-9023-467f-b785-c05b550a768e","UNDE_006.basePlot.bet","D05","UNDE","UNDE_006","2014-08-19","2014-09-02","2017-01-15","NEON.BET.D05.000145","SYNIMP","Animalia","Arthropoda","Insecta","Coleoptera","Carabidae","Harpalinae","Sphodrini","Synuchus",,"impunctatus",,"Synuchus impunctatus","Say","species",,"M",,"Lindroth, C. H. 1969. The ground-beetles (Carabidae, excl. Cicindelinae) of Canada and Alaska, parts 1-6. Opuscula E. Entomoligiska Sallskapet.","Kipling Will","Essig Museum of Entomology",,"No known compromise","N",,
"26fe2897-64d4-4942-81d7-76ff3571c930","UNDE_012.basePlot.bet","D05","UNDE","UNDE_012","2014-08-19","2014-09-02","2017-01-15","NEON.BET.D05.000154","PTEMEL","Animalia","Arthropoda","Insecta","Coleoptera","Carabidae","Harpalinae","Pterostichini","Pterostichus","Morphnosoma","melanarius","melanarius","Pterostichus melanarius melanarius","Illiger","subspecies",,"M",,"Lindroth, C. H. 1969. The ground-beetles (Carabidae, excl. Cicindelinae) of Canada and Alaska, parts 1-6. Opuscula E. Entomoligiska Sallskapet.","Kipling Will","Essig Museum of Entomology",,"No known compromise","N",,
"4e11fb71-c786-4785-ab83-6e1f4d353d2c","UNDE_006.basePlot.bet","D05","UNDE","UNDE_006","2014-08-19","2014-09-02","2017-01-15","NEON.BET.D05.000138","SYNIMP","Animalia","Arthropoda","Insecta","Coleoptera","Carabidae","Harpalinae","Sphodrini","Synuchus",,"impunctatus",,"Synuchus impunctatus","Say","species",,"F",,"Lindroth, C. H. 1969. The ground-beetles (Carabidae, excl. Cicindelinae) of Canada and Alaska, parts 1-6. Opuscula E. Entomoligiska Sallskapet.","Kipling Will","Essig Museum of Entomology",,"No known compromise","N",,
"cebde00d-2d54-417d-9a4f-16857ac2de3f","UNDE_012.basePlot.bet","D05","UNDE","UNDE_012","2014-08-19","2014-09-02","2017-01-15","NEON.BET.D05.000155","PTEMEL","Animalia","Arthropoda","Insecta","Coleoptera","Carabidae","Harpalinae","Pterostichini","Pterostichus","Morphnosoma","melanarius","melanarius","Pterostichus melanarius melanarius","Illiger","subspecies",,"F",,"Lindroth, C. H. 1969. The ground-beetles (Carabidae, excl. Cicindelinae) of Canada and Alaska, parts 1-6. Opuscula E. Entomoligiska Sallskapet.","Kipling Will","Essig Museum of Entomology",,"No known compromise","N",,
"e195d56a-6ba7-4833-bac4-58731e0a2e65","UNDE_012.basePlot.bet","D05","UNDE","UNDE_012","2014-08-19","2014-09-02","2017-01-15","NEON.BET.D05.000153","PTEMEL","Animalia","Arthropoda","Insecta","Coleoptera","Carabidae","Harpalinae","Pterostichini","Pterostichus","Morphnosoma","melanarius","melanarius","Pterostichus melanarius melanarius","Illiger","subspecies",,"F",,"Lindroth, C. H. 1969. The ground-beetles (Carabidae, excl. Cicindelinae) of Canada and Alaska, parts 1-6. Opuscula E. Entomoligiska Sallskapet.","Kipling Will","Essig Museum of Entomology",,"No known compromise","N",,
"265e1e57-6d5d-4669-93af-4a941e78c542","UNDE_007.basePlot.bet","D05","UNDE","UNDE_007","2014-08-19","2014-09-02","2017-01-15","NEON.BET.D05.000032","SYNIMP","Animalia","Arthropoda","Insecta","Coleoptera","Carabidae","Harpalinae","Sphodrini","Synuchus",,"impunctatus",,"Synuchus impunctatus","Say","species",,"M",,"Lindroth, C. H. 1969. The ground-beetles (Carabidae, excl. Cicindelinae) of Canada and Alaska, parts 1-6. Opuscula E. Entomoligiska Sallskapet.","Kipling Will","Essig Museum of Entomology",,"No known compromise","N",,
"d45dfae1-16a5-46be-a259-6b1bc0928d73","UNDE_017.basePlot.bet","D05","UNDE","UNDE_017","2014-08-19","2014-09-02","2017-01-15","NEON.BET.D05.000021","CYMCRI","Animalia","Arthropoda","Insecta","Coleoptera","Carabidae","Harpalinae","Lebiini","Cymindis","Tarulus","cribricollis",,"Cymindis cribricollis","Dejean","species",,"F",,"Lindroth, C. H. 1969. The ground-beetles (Carabidae, excl. Cicindelinae) of Canada and Alaska, parts 1-6. Opuscula E. Entomoligiska Sallskapet.","Kipling Will","Essig Museum of Entomology",,"No known compromise","N",,
"d9a4f41a-6bd4-4cdf-bd25-c78b54f69a90","UNDE_017.basePlot.bet","D05","UNDE","UNDE_017","2014-08-19","2014-09-02","2017-01-15","NEON.BET.D05.000020","SYNIMP","Animalia","Arthropoda","Insecta","Coleoptera","Carabidae","Harpalinae","Sphodrini","Synuchus",,"impunctatus",,"Synuchus impunctatus","Say","species",,"F",,"Lindroth, C. H. 1969. The ground-beetles (Carabidae, excl. Cicindelinae) of Canada and Alaska, parts 1-6. Opuscula E. Entomoligiska Sallskapet.","Kipling Will","Essig Museum of Entomology",,"No known compromise","N",,
"e0d2956f-de6e-4cfe-a444-b086cb73b73e","UNDE_001.basePlot.bet","D05","UNDE","UNDE_001","2014-08-19","2014-09-02","2017-01-15","NEON.BET.D05.000009","CYMCRI","Animalia","Arthropoda","Insecta","Coleoptera","Carabidae","Harpalinae","Lebiini","Cymindis","Tarulus","cribricollis",,"Cymindis cribricollis","Dejean","species",,"M",,"Lindroth, C. H. 1969. The ground-beetles (Carabidae, excl. Cicindelinae) of Canada and Alaska, parts 1-6. Opuscula E. Entomoligiska Sallskapet.","Kipling Will","Essig Museum of Entomology",,"No known compromise","N",,
"35a899fb-cd2a-4a0a-9997-65fda4565a31","UNDE_001.basePlot.bet","D05","UNDE","UNDE_001","2014-08-19","2014-09-02","2017-01-15","NEON.BET.D05.000022","SYNIMP","Animalia","Arthropoda","Insecta","Coleoptera","Carabidae","Harpalinae","Sphodrini","Synuchus",,"impunctatus",,"Synuchus impunctatus","Say","species",,"M",,"Lindroth, C. H. 1969. The ground-beetles (Carabidae, excl. Cicindelinae) of Canada and Alaska, parts 1-6. Opuscula E. Entomoligiska Sallskapet.","Kipling Will","Essig Museum of Entomology",,"No known compromise","N",,
"5b3dbba3-fc8b-45df-9786-7218447dcf44","UNDE_001.basePlot.bet","D05","UNDE","UNDE_001","2014-08-19","2014-09-02","2017-01-15","NEON.BET.D05.000023","PTECOR1","Animalia","Arthropoda","Insecta","Coleoptera","Carabidae","Harpalinae","Pterostichini","Pterostichus","Euferonia","coracinus",,"Pterostichus coracinus","Newman","species",,"M",,"Lindroth, C. H. 1969. The ground-beetles (Carabidae, excl. Cicindelinae) of Canada and Alaska, parts 1-6. Opuscula E. Entomoligiska Sallskapet.","Kipling Will","Essig Museum of Entomology",,"No known compromise","N",,
"907e7561-ad43-40e9-9842-99afd6382cf1","UNDE_001.basePlot.bet","D05","UNDE","UNDE_001","2014-08-19","2014-09-02","2017-01-15","NEON.BET.D05.000010","SYNIMP","Animalia","Arthropoda","Insecta","Coleoptera","Carabidae","Harpalinae","Sphodrini","Synuchus",,"impunctatus",,"Synuchus impunctatus","Say","species",,"M",,"Lindroth, C. H. 1969. The ground-beetles (Carabidae, excl. Cicindelinae) of Canada and Alaska, parts 1-6. Opuscula E. Entomoligiska Sallskapet.","Kipling Will","Essig Museum of Entomology",,"No known compromise","N",,
"85b7e392-a8ea-4367-a8a3-29a42ebf5984","UNDE_011.basePlot.bet","D05","UNDE","UNDE_011","2014-08-19","2014-09-02","2017-01-15","NEON.BET.D05.000025","SPHSTE1","Animalia","Arthropoda","Insecta","Coleoptera","Carabidae","Carabinae","Cychrini","Sphaeroderus",,"stenostomus","lecontei","Sphaeroderus stenostomus lecontei","Dejean","subspecies",,"M",,"Lindroth, C. H. 1969. The ground-beetles (Carabidae, excl. Cicindelinae) of Canada and Alaska, parts 1-6. Opuscula E. Entomoligiska Sallskapet.","Kipling Will","Essig Museum of Entomology",,"No known compromise","N",,
"71efa40e-dcc9-43e8-9d60-c2d46fd00ece","UNDE_011.basePlot.bet","D05","UNDE","UNDE_011","2014-08-19","2014-09-02","2017-01-15","NEON.BET.D05.000024","SPHSTE1","Animalia","Arthropoda","Insecta","Coleoptera","Carabidae","Carabinae","Cychrini","Sphaeroderus",,"stenostomus","lecontei","Sphaeroderus stenostomus lecontei","Dejean","subspecies",,"F",,"Lindroth, C. H. 1969. The ground-beetles (Carabidae, excl. Cicindelinae) of Canada and Alaska, parts 1-6. Opuscula E. Entomoligiska Sallskapet.","Kipling Will","Essig Museum of Entomology",,"No known compromise","N",,
"9c596832-d624-4d6e-8119-86919f3470b8","UNDE_011.basePlot.bet","D05","UNDE","UNDE_011","2014-08-19","2014-09-02","2017-01-15","NEON.BET.D05.000027","SPHSTE1","Animalia","Arthropoda","Insecta","Coleoptera","Carabidae","Carabinae","Cychrini","Sphaeroderus",,"stenostomus","lecontei","Sphaeroderus stenostomus lecontei","Dejean","subspecies",,"M",,"Lindroth, C. H. 1969. The ground-beetles (Carabidae, excl. Cicindelinae) of Canada and Alaska, parts 1-6. Opuscula E. Entomoligiska Sallskapet.","Kipling Will","Essig Museum of Entomology",,"No known compromise","N",,
"9b062953-3d68-4b5d-ab20-7707401324c2","UNDE_011.basePlot.bet","D05","UNDE","UNDE_011","2014-08-19","2014-09-02","2017-01-15","NEON.BET.D05.000026","SPHSTE1","Animalia","Arthropoda","Insecta","Coleoptera","Carabidae","Carabinae","Cychrini","Sphaeroderus",,"stenostomus","lecontei","Sphaeroderus stenostomus lecontei","Dejean","subspecies",,"M",,"Lindroth, C. H. 1969. The ground-beetles (Carabidae, excl. Cicindelinae) of Canada and Alaska, parts 1-6. Opuscula E. Entomoligiska Sallskapet.","Kipling Will","Essig Museum of Entomology",,"No known compromise","N",,
"e039e85e-5c32-4e89-b3ca-6a32ce3a5829","UNDE_006.basePlot.bet","D05","UNDE","UNDE_006","2014-08-19","2014-09-02","2017-01-15","NEON.BET.D05.000067","PTEMEL","Animalia","Arthropoda","Insecta","Coleoptera","Carabidae","Harpalinae","Pterostichini","Pterostichus","Morphnosoma","melanarius","melanarius","Pterostichus melanarius melanarius","Illiger","subspecies",,"F",,"Lindroth, C. H. 1969. The ground-beetles (Carabidae, excl. Cicindelinae) of Canada and Alaska, parts 1-6. Opuscula E. Entomoligiska Sallskapet.","Kipling Will","Essig Museum of Entomology",,"No known compromise","N",,
"2c65b34d-9ee7-437f-91aa-359efd83020d","UNDE_006.basePlot.bet","D05","UNDE","UNDE_006","2014-08-19","2014-09-02","2017-01-15","NEON.BET.D05.000065","PTEMEL","Animalia","Arthropoda","Insecta","Coleoptera","Carabidae","Harpalinae","Pterostichini","Pterostichus","Morphnosoma","melanarius","melanarius","Pterostichus melanarius melanarius","Illiger","subspecies",,"F",,"Lindroth, C. H. 1969. The ground-beetles (Carabidae, excl. Cicindelinae) of Canada and Alaska, parts 1-6. Opuscula E. Entomoligiska Sallskapet.","Kipling Will","Essig Museum of Entomology",,"No known compromise","N",,
"08c2fe7b-4ce5-4ea9-80fd-be6614baa808","UNDE_006.basePlot.bet","D05","UNDE","UNDE_006","2014-08-19","2014-09-02","2017-01-15","NEON.BET.D05.000066","PTEMEL","Animalia","Arthropoda","Insecta","Coleoptera","Carabidae","Harpalinae","Pterostichini","Pterostichus","Morphnosoma","melanarius","melanarius","Pterostichus melanarius melanarius","Illiger","subspecies",,"M",,"Lindroth, C. H. 1969. The ground-beetles (Carabidae, excl. Cicindelinae) of Canada and Alaska, parts 1-6. Opuscula E. Entomoligiska Sallskapet.","Kipling Will","Essig Museum of Entomology",,"No known compromise","N",,
"0d6457b7-3ef0-411d-a58a-1ced3d5a6cca","UNDE_006.basePlot.bet","D05","UNDE","UNDE_006","2014-08-19","2014-09-02","2017-01-15","NEON.BET.D05.000054","SYNIMP","Animalia","Arthropoda","Insecta","Coleoptera","Carabidae","Harpalinae","Sphodrini","Synuchus",,"impunctatus",,"Synuchus impunctatus","Say","species",,"F",,"Lindroth, C. H. 1969. The ground-beetles (Carabidae, excl. Cicindelinae) of Canada and Alaska, parts 1-6. Opuscula E. Entomoligiska Sallskapet.","Kipling Will","Essig Museum of Entomology",,"No known compromise","N",,
"21ccf7cc-04c9-4402-9497-67a9738bd522","UNDE_006.basePlot.bet","D05","UNDE","UNDE_006","2014-08-19","2014-09-02","2017-01-15","NEON.BET.D05.000072","PTEMEL","Animalia","Arthropoda","Insecta","Coleoptera","Carabidae","Harpalinae","Pterostichini","Pterostichus","Morphnosoma","melanarius","melanarius","Pterostichus melanarius melanarius","Illiger","subspecies",,"M",,"Lindroth, C. H. 1969. The ground-beetles (Carabidae, excl. Cicindelinae) of Canada and Alaska, parts 1-6. Opuscula E. Entomoligiska Sallskapet.","Kipling Will","Essig Museum of Entomology",,"No known compromise","N",,
"b8065d70-5242-42c0-8850-b02fcdd99b07","UNDE_006.basePlot.bet","D05","UNDE","UNDE_006","2014-08-19","2014-09-02","2017-01-15","NEON.BET.D05.000056","SYNIMP","Animalia","Arthropoda","Insecta","Coleoptera","Carabidae","Harpalinae","Sphodrini","Synuchus",,"impunctatus",,"Synuchus impunctatus","Say","species",,"F",,"Lindroth, C. H. 1969. The ground-beetles (Carabidae, excl. Cicindelinae) of Canada and Alaska, parts 1-6. Opuscula E. Entomoligiska Sallskapet.","Kipling Will","Essig Museum of Entomology",,"No known compromise","N",,
"d542fcdc-c7be-4e49-a957-23f83e0d2ab6","UNDE_006.basePlot.bet","D05","UNDE","UNDE_006","2014-08-19","2014-09-02","2017-01-15","NEON.BET.D05.000061","SYNIMP","Animalia","Arthropoda","Insecta","Coleoptera","Carabidae","Harpalinae","Sphodrini","Synuchus",,"impunctatus",,"Synuchus impunctatus","Say","species",,"F",,"Lindroth, C. H. 1969. The ground-beetles (Carabidae, excl. Cicindelinae) of Canada and Alaska, parts 1-6. Opuscula E. Entomoligiska Sallskapet.","Kipling Will","Essig Museum of Entomology",,"No known compromise","N",,
"91dc4f68-41db-4867-93e7-05daf883e654","UNDE_006.basePlot.bet","D05","UNDE","UNDE_006","2014-08-19","2014-09-02","2017-01-15","NEON.BET.D05.000058","SYNIMP","Animalia","Arthropoda","Insecta","Coleoptera","Carabidae","Harpalinae","Sphodrini","Synuchus",,"impunctatus",,"Synuchus impunctatus","Say","species",,"F",,"Lindroth, C. H. 1969. The ground-beetles (Carabidae, excl. Cicindelinae) of Canada and Alaska, parts 1-6. Opuscula E. Entomoligiska Sallskapet.","Kipling Will","Essig Museum of Entomology",,"No known compromise","N",,
"856d83b4-feff-4033-b5b4-1ab234029f89","UNDE_006.basePlot.bet","D05","UNDE","UNDE_006","2014-08-19","2014-09-02","2017-01-15","NEON.BET.D05.000068","PTEMEL","Animalia","Arthropoda","Insecta","Coleoptera","Carabidae","Harpalinae","Pterostichini","Pterostichus","Morphnosoma","melanarius","melanarius","Pterostichus melanarius melanarius","Illiger","subspecies",,"F",,"Lindroth, C. H. 1969. The ground-beetles (Carabidae, excl. Cicindelinae) of Canada and Alaska, parts 1-6. Opuscula E. Entomoligiska Sallskapet.","Kipling Will","Essig Museum of Entomology",,"No known compromise","N",,
"22ad8f4a-2a2d-4c7d-b604-c28807703051","UNDE_006.basePlot.bet","D05","UNDE","UNDE_006","2014-08-19","2014-09-02","2017-01-15","NEON.BET.D05.000064","SYNIMP","Animalia","Arthropoda","Insecta","Coleoptera","Carabidae","Harpalinae","Sphodrini","Synuchus",,"impunctatus",,"Synuchus impunctatus","Say","species",,"M",,"Lindroth, C. H. 1969. The ground-beetles (Carabidae, excl. Cicindelinae) of Canada and Alaska, parts 1-6. Opuscula E. Entomoligiska Sallskapet.","Kipling Will","Essig Museum of Entomology",,"No known compromise","N",,
"f6be46e8-3c0a-4f12-8cc5-f6369822019e","UNDE_006.basePlot.bet","D05","UNDE","UNDE_006","2014-08-19","2014-09-02","2017-01-15","NEON.BET.D05.000053","PTEMEL","Animalia","Arthropoda","Insecta","Coleoptera","Carabidae","Harpalinae","Pterostichini","Pterostichus","Morphnosoma","melanarius","melanarius","Pterostichus melanarius melanarius","Illiger","subspecies",,"F",,"Lindroth, C. H. 1969. The ground-beetles (Carabidae, excl. Cicindelinae) of Canada and Alaska, parts 1-6. Opuscula E. Entomoligiska Sallskapet.","Kipling Will","Essig Museum of Entomology",,"No known compromise","N",,
"520f720f-b052-4bab-8f68-0167736bcc25","UNDE_006.basePlot.bet","D05","UNDE","UNDE_006","2014-08-19","2014-09-02","2017-01-15","NEON.BET.D05.000055","SYNIMP","Animalia","Arthropoda","Insecta","Coleoptera","Carabidae","Harpalinae","Sphodrini","Synuchus",,"impunctatus",,"Synuchus impunctatus","Say","species",,"F",,"Lindroth, C. H. 1969. The ground-beetles (Carabidae, excl. Cicindelinae) of Canada and Alaska, parts 1-6. Opuscula E. Entomoligiska Sallskapet.","Kipling Will","Essig Museum of Entomology",,"No known compromise","N",,
"980e0675-bf30-42fe-ade8-4aa054eab6ca","UNDE_006.basePlot.bet","D05","UNDE","UNDE_006","2014-08-19","2014-09-02","2017-01-15","NEON.BET.D05.000059","SYNIMP","Animalia","Arthropoda","Insecta","Coleoptera","Carabidae","Harpalinae","Sphodrini","Synuchus",,"impunctatus",,"Synuchus impunctatus","Say","species",,"F",,"Lindroth, C. H. 1969. The ground-beetles (Carabidae, excl. Cicindelinae) of Canada and Alaska, parts 1-6. Opuscula E. Entomoligiska Sallskapet.","Kipling Will","Essig Museum of Entomology",,"No known compromise","N",,
"a8226ff1-829e-453f-a4e7-dc9458ebc458","UNDE_006.basePlot.bet","D05","UNDE","UNDE_006","2014-08-19","2014-09-02","2017-01-15","NEON.BET.D05.000071","PTEMEL","Animalia","Arthropoda","Insecta","Coleoptera","Carabidae","Harpalinae","Pterostichini","Pterostichus","Morphnosoma","melanarius","melanarius","Pterostichus melanarius melanarius","Illiger","subspecies",,"F",,"Lindroth, C. H. 1969. The ground-beetles (Carabidae, excl. Cicindelinae) of Canada and Alaska, parts 1-6. Opuscula E. Entomoligiska Sallskapet.","Kipling Will","Essig Museum of Entomology",,"No known compromise","N",,
"94a90e1b-a78a-4dea-a2ab-7bfca7da213a","UNDE_006.basePlot.bet","D05","UNDE","UNDE_006","2014-08-19","2014-09-02","2017-01-15","NEON.BET.D05.000070","PTEMEL","Animalia","Arthropoda","Insecta","Coleoptera","Carabidae","Harpalinae","Pterostichini","Pterostichus","Morphnosoma","melanarius","melanarius","Pterostichus melanarius melanarius","Illiger","subspecies",,"F",,"Lindroth, C. H. 1969. The ground-beetles (Carabidae, excl. Cicindelinae) of Canada and Alaska, parts 1-6. Opuscula E. Entomoligiska Sallskapet.","Kipling Will","Essig Museum of Entomology",,"No known compromise","N",,
"d0095a3e-0c61-4d88-92f8-b0249bbbeb93","UNDE_006.basePlot.bet","D05","UNDE","UNDE_006","2014-08-19","2014-09-02","2017-01-15","NEON.BET.D05.000060","SYNIMP","Animalia","Arthropoda","Insecta","Coleoptera","Carabidae","Harpalinae","Sphodrini","Synuchus",,"impunctatus",,"Synuchus impunctatus","Say","species",,"F",,"Lindroth, C. H. 1969. The ground-beetles (Carabidae, excl. Cicindelinae) of Canada and Alaska, parts 1-6. Opuscula E. Entomoligiska Sallskapet.","Kipling Will","Essig Museum of Entomology",,"No known compromise","N",,
"5c9ff1b4-b61b-4700-b03d-5216b6c1b5af","UNDE_006.basePlot.bet","D05","UNDE","UNDE_006","2014-08-19","2014-09-02","2017-01-15","NEON.BET.D05.000062","SYNIMP","Animalia","Arthropoda","Insecta","Coleoptera","Carabidae","Harpalinae","Sphodrini","Synuchus",,"impunctatus",,"Synuchus impunctatus","Say","species",,"M",,"Lindroth, C. H. 1969. The ground-beetles (Carabidae, excl. Cicindelinae) of Canada and Alaska, parts 1-6. Opuscula E. Entomoligiska Sallskapet.","Kipling Will","Essig Museum of Entomology",,"No known compromise","N",,
"a9ee812a-797a-44b1-8604-626db9c3a564","UNDE_006.basePlot.bet","D05","UNDE","UNDE_006","2014-08-19","2014-09-02","2017-01-15","NEON.BET.D05.000063","SYNIMP","Animalia","Arthropoda","Insecta","Coleoptera","Carabidae","Harpalinae","Sphodrini","Synuchus",,"impunctatus",,"Synuchus impunctatus","Say","species",,"F",,"Lindroth, C. H. 1969. The ground-beetles (Carabidae, excl. Cicindelinae) of Canada and Alaska, parts 1-6. Opuscula E. Entomoligiska Sallskapet.","Kipling Will","Essig Museum of Entomology",,"No known compromise","N",,
"f319e28d-1d4d-42c5-a3f4-a335ef737d55","UNDE_006.basePlot.bet","D05","UNDE","UNDE_006","2014-08-19","2014-09-02","2017-01-15","NEON.BET.D05.000069","PTEMEL","Animalia","Arthropoda","Insecta","Coleoptera","Carabidae","Harpalinae","Pterostichini","Pterostichus","Morphnosoma","melanarius","melanarius","Pterostichus melanarius melanarius","Illiger","subspecies",,"F",,"Lindroth, C. H. 1969. The ground-beetles (Carabidae, excl. Cicindelinae) of Canada and Alaska, parts 1-6. Opuscula E. Entomoligiska Sallskapet.","Kipling Will","Essig Museum of Entomology",,"No known compromise","N",,
"b7ecba41-bdfa-4f37-8444-7e9057802f5e","UNDE_006.basePlot.bet","D05","UNDE","UNDE_006","2014-08-19","2014-09-02","2017-01-15","NEON.BET.D05.000057","SYNIMP","Animalia","Arthropoda","Insecta","Coleoptera","Carabidae","Harpalinae","Sphodrini","Synuchus",,"impunctatus",,"Synuchus impunctatus","Say","species",,"M",,"Lindroth, C. H. 1969. The ground-beetles (Carabidae, excl. Cicindelinae) of Canada and Alaska, parts 1-6. Opuscula E. Entomoligiska Sallskapet.","Kipling Will","Essig Museum of Entomology",,"No known compromise","N",,
"f5d79b06-3d89-4f40-bc95-24c673cd23ff","UNDE_008.basePlot.bet","D05","UNDE","UNDE_008","2014-08-19","2014-09-02","2017-01-15","NEON.BET.D05.000046","PTEMEL","Animalia","Arthropoda","Insecta","Coleoptera","Carabidae","Harpalinae","Pterostichini","Pterostichus","Morphnosoma","melanarius","melanarius","Pterostichus melanarius melanarius","Illiger","subspecies",,"F",,"Lindroth, C. H. 1969. The ground-beetles (Carabidae, excl. Cicindelinae) of Canada and Alaska, parts 1-6. Opuscula E. Entomoligiska Sallskapet.","Kipling Will","Essig Museum of Entomology",,"No known compromise","N",,
"421e5892-787d-4b1e-be77-a6497b7998d6","UNDE_008.basePlot.bet","D05","UNDE","UNDE_008","2014-08-19","2014-09-02","2017-01-15","NEON.BET.D05.000047","SYNIMP","Animalia","Arthropoda","Insecta","Coleoptera","Carabidae","Harpalinae","Sphodrini","Synuchus",,"impunctatus",,"Synuchus impunctatus","Say","species",,"F",,"Lindroth, C. H. 1969. The ground-beetles (Carabidae, excl. Cicindelinae) of Canada and Alaska, parts 1-6. Opuscula E. Entomoligiska Sallskapet.","Kipling Will","Essig Museum of Entomology",,"No known compromise","N",,
"13ad84bd-6e72-48fc-817a-603953fb6d26","UNDE_008.basePlot.bet","D05","UNDE","UNDE_008","2014-08-19","2014-09-02","2017-01-15","NEON.BET.D05.000049","SYNIMP","Animalia","Arthropoda","Insecta","Coleoptera","Carabidae","Harpalinae","Sphodrini","Synuchus",,"impunctatus",,"Synuchus impunctatus","Say","species",,"M",,"Lindroth, C. H. 1969. The ground-beetles (Carabidae, excl. Cicindelinae) of Canada and Alaska, parts 1-6. Opuscula E. Entomoligiska Sallskapet.","Kipling Will","Essig Museum of Entomology",,"No known compromise","N",,
"cba25753-7940-4664-8cb5-2ba469a64776","UNDE_008.basePlot.bet","D05","UNDE","UNDE_008","2014-08-19","2014-09-02","2017-01-15","NEON.BET.D05.000050","CYMCRI","Animalia","Arthropoda","Insecta","Coleoptera","Carabidae","Harpalinae","Lebiini","Cymindis","Tarulus","cribricollis",,"Cymindis cribricollis","Dejean","species",,"M",,"Lindroth, C. H. 1969. The ground-beetles (Carabidae, excl. Cicindelinae) of Canada and Alaska, parts 1-6. Opuscula E. Entomoligiska Sallskapet.","Kipling Will","Essig Museum of Entomology",,"No known compromise","N",,
"0640370b-a8a7-4c33-aa5b-a3581934b08c","UNDE_008.basePlot.bet","D05","UNDE","UNDE_008","2014-08-19","2014-09-02","2017-01-15","NEON.BET.D05.000051","SYNIMP","Animalia","Arthropoda","Insecta","Coleoptera","Carabidae","Harpalinae","Sphodrini","Synuchus",,"impunctatus",,"Synuchus impunctatus","Say","species",,"F",,"Lindroth, C. H. 1969. The ground-beetles (Carabidae, excl. Cicindelinae) of Canada and Alaska, parts 1-6. Opuscula E. Entomoligiska Sallskapet.","Kipling Will","Essig Museum of Entomology",,"No known compromise","N",,
"43f8aa0a-9307-4570-805c-210463cee36d","UNDE_008.basePlot.bet","D05","UNDE","UNDE_008","2014-08-19","2014-09-02","2017-01-15","NEON.BET.D05.000052","SYNIMP","Animalia","Arthropoda","Insecta","Coleoptera","Carabidae","Harpalinae","Sphodrini","Synuchus",,"impunctatus",,"Synuchus impunctatus","Say","species",,"F",,"Lindroth, C. H. 1969. The ground-beetles (Carabidae, excl. Cicindelinae) of Canada and Alaska, parts 1-6. Opuscula E. Entomoligiska Sallskapet.","Kipling Will","Essig Museum of Entomology",,"No known compromise","N",,
"22997a2a-aae6-49a0-a9b6-60deaa90ffde","UNDE_008.basePlot.bet","D05","UNDE","UNDE_008","2014-08-19","2014-09-02","2017-01-15","NEON.BET.D05.000048","SYNIMP","Animalia","Arthropoda","Insecta","Coleoptera","Carabidae","Harpalinae","Sphodrini","Synuchus",,"impunctatus",,"Synuchus impunctatus","Say","species",,"M",,"Lindroth, C. H. 1969. The ground-beetles (Carabidae, excl. Cicindelinae) of Canada and Alaska, parts 1-6. Opuscula E. Entomoligiska Sallskapet.","Kipling Will","Essig Museum of Entomology",,"No known compromise","N",,
"706234dd-b7dd-4c3b-9def-089347348512","UNDE_011.basePlot.bet","D05","UNDE","UNDE_011","2014-08-19","2014-09-02","2017-01-15","NEON.BET.D05.000040","PTECOR1","Animalia","Arthropoda","Insecta","Coleoptera","Carabidae","Harpalinae","Pterostichini","Pterostichus","Euferonia","coracinus",,"Pterostichus coracinus","Newman","species",,"M",,"Lindroth, C. H. 1969. The ground-beetles (Carabidae, excl. Cicindelinae) of Canada and Alaska, parts 1-6. Opuscula E. Entomoligiska Sallskapet.","Kipling Will","Essig Museum of Entomology",,"No known compromise","N",,
"2da610b1-a637-4dcd-8b47-55a1a2757c6e","UNDE_001.basePlot.bet","D05","UNDE","UNDE_001","2014-09-02","2014-09-11","2017-01-15","NEON.BET.D05.000001","SYNIMP","Animalia","Arthropoda","Insecta","Coleoptera","Carabidae","Harpalinae","Sphodrini","Synuchus",,"impunctatus",,"Synuchus impunctatus","Say","species",,"F",,"Lindroth, C. H. 1969. The ground-beetles (Carabidae, excl. Cicindelinae) of Canada and Alaska, parts 1-6. Opuscula E. Entomoligiska Sallskapet.","Kipling Will","Essig Museum of Entomology",,"No known compromise","N",,
"ae1a7bb0-66fe-45a3-96e9-9004eb2b95fe","UNDE_012.basePlot.bet","D05","UNDE","UNDE_012","2014-09-02","2014-09-11","2017-01-15","NEON.BET.D05.000223","PTEMEL","Animalia","Arthropoda","Insecta","Coleoptera","Carabidae","Harpalinae","Pterostichini","Pterostichus","Morphnosoma","melanarius","melanarius","Pterostichus melanarius melanarius","Illiger","subspecies",,"M",,"Lindroth, C. H. 1969. The ground-beetles (Carabidae, excl. Cicindelinae) of Canada and Alaska, parts 1-6. Opuscula E. Entomoligiska Sallskapet.","Kipling Will","Essig Museum of Entomology",,"No known compromise","N",,
"bd2aa0b0-0e90-4f85-a995-d02007f87b22","UNDE_001.basePlot.bet","D05","UNDE","UNDE_001","2014-09-02","2014-09-11","2017-01-15","NEON.BET.D05.000011","SYNIMP","Animalia","Arthropoda","Insecta","Coleoptera","Carabidae","Harpalinae","Sphodrini","Synuchus",,"impunctatus",,"Synuchus impunctatus","Say","species",,"F",,"Lindroth, C. H. 1969. The ground-beetles (Carabidae, excl. Cicindelinae) of Canada and Alaska, parts 1-6. Opuscula E. Entomoligiska Sallskapet.","Kipling Will","Essig Museum of Entomology",,"No known compromise","N",,
"9ce09ace-6bac-46d6-b49e-3ec66e562443","UNDE_001.basePlot.bet","D05","UNDE","UNDE_001","2014-09-02","2014-09-11","2017-01-15","NEON.BET.D05.000003","SYNIMP","Animalia","Arthropoda","Insecta","Coleoptera","Carabidae","Harpalinae","Sphodrini","Synuchus",,"impunctatus",,"Synuchus impunctatus","Say","species",,"F",,"Lindroth, C. H. 1969. The ground-beetles (Carabidae, excl. Cicindelinae) of Canada and Alaska, parts 1-6. Opuscula E. Entomoligiska Sallskapet.","Kipling Will","Essig Museum of Entomology",,"No known compromise","N",,
"957d251c-8973-44d3-8698-a97bd50354f8","UNDE_007.basePlot.bet","D05","UNDE","UNDE_007","2014-09-02","2014-09-11","2017-01-15","NEON.BET.D05.000005","CARNEM","Animalia","Arthropoda","Insecta","Coleoptera","Carabidae","Carabinae","Carabini","Carabus","Archicarabus","nemoralis","nemoralis","Carabus nemoralis nemoralis","Mueller","subspecies",,"M",,"Lindroth, C. H. 1969. The ground-beetles (Carabidae, excl. Cicindelinae) of Canada and Alaska, parts 1-6. Opuscula E. Entomoligiska Sallskapet.","Kipling Will","Essig Museum of Entomology",,"No known compromise","N",,
"b0472c77-6e6d-4358-8ec5-ff08240fb94e","UNDE_008.basePlot.bet","D05","UNDE","UNDE_008","2014-09-02","2014-09-11","2017-01-15","NEON.BET.D05.000006","PTECOR1","Animalia","Arthropoda","Insecta","Coleoptera","Carabidae","Harpalinae","Pterostichini","Pterostichus","Euferonia","coracinus",,"Pterostichus coracinus","Newman","species",,"F",,"Lindroth, C. H. 1969. The ground-beetles (Carabidae, excl. Cicindelinae) of Canada and Alaska, parts 1-6. Opuscula E. Entomoligiska Sallskapet.","Kipling Will","Essig Museum of Entomology",,"No known compromise","N",,
"01eb9fd3-c123-499c-b86d-75e04360699a","UNDE_007.basePlot.bet","D05","UNDE","UNDE_007","2014-09-02","2014-09-11","2017-01-15","NEON.BET.D05.000073","SYNIMP","Animalia","Arthropoda","Insecta","Coleoptera","Carabidae","Harpalinae","Sphodrini","Synuchus",,"impunctatus",,"Synuchus impunctatus","Say","species",,"M",,"Lindroth, C. H. 1969. The ground-beetles (Carabidae, excl. Cicindelinae) of Canada and Alaska, parts 1-6. Opuscula E. Entomoligiska Sallskapet.","Kipling Will","Essig Museum of Entomology",,"No known compromise","N",,
"5e16eba4-e597-4c38-a986-9fa6434dc40d","UNDE_010.basePlot.bet","D05","UNDE","UNDE_010","2014-09-02","2014-09-11","2017-01-15","NEON.BET.D05.000130","PTEPEN","Animalia","Arthropoda","Insecta","Coleoptera","Carabidae","Harpalinae","Pterostichini","Pterostichus","Bothriopterus","pensylvanicus",,"Pterostichus pensylvanicus","LeConte","species",,"F",,"Lindroth, C. H. 1969. The ground-beetles (Carabidae, excl. Cicindelinae) of Canada and Alaska, parts 1-6. Opuscula E. Entomoligiska Sallskapet.","Kipling Will","Essig Museum of Entomology",,"No known compromise","N",,
"3ab4eba9-49d6-4428-b00a-51f95e6c607e","UNDE_008.basePlot.bet","D05","UNDE","UNDE_008","2014-09-02","2014-09-11","2017-01-15","NEON.BET.D05.000118","PTEPEN","Animalia","Arthropoda","Insecta","Coleoptera","Carabidae","Harpalinae","Pterostichini","Pterostichus","Bothriopterus","pensylvanicus",,"Pterostichus pensylvanicus","LeConte","species",,"M",,"Lindroth, C. H. 1969. The ground-beetles (Carabidae, excl. Cicindelinae) of Canada and Alaska, parts 1-6. Opuscula E. Entomoligiska Sallskapet.","Kipling Will","Essig Museum of Entomology",,"No known compromise","N",,
"8e061c4c-11ae-45b8-b41d-598235dd4097","UNDE_006.basePlot.bet","D05","UNDE","UNDE_006","2014-09-02","2014-09-11","2017-01-15","NEON.BET.D05.000141","SYNIMP","Animalia","Arthropoda","Insecta","Coleoptera","Carabidae","Harpalinae","Sphodrini","Synuchus",,"impunctatus",,"Synuchus impunctatus","Say","species",,"F",,"Lindroth, C. H. 1969. The ground-beetles (Carabidae, excl. Cicindelinae) of Canada and Alaska, parts 1-6. Opuscula E. Entomoligiska Sallskapet.","Kipling Will","Essig Museum of Entomology",,"No known compromise","N",,
"331ca199-7db0-481b-b5f8-eab719706239","UNDE_017.basePlot.bet","D05","UNDE","UNDE_017","2014-09-02","2014-09-11","2017-01-15","NEON.BET.D05.000236","SYNIMP","Animalia","Arthropoda","Insecta","Coleoptera","Carabidae","Harpalinae","Sphodrini","Synuchus",,"impunctatus",,"Synuchus impunctatus","Say","species",,"F",,"Lindroth, C. H. 1969. The ground-beetles (Carabidae, excl. Cicindelinae) of Canada and Alaska, parts 1-6. Opuscula E. Entomoligiska Sallskapet.","Kipling Will","Essig Museum of Entomology",,"No known compromise","N",,
"ffbf597e-1573-43de-816e-ec99b5f39869","UNDE_017.basePlot.bet","D05","UNDE","UNDE_017","2014-09-02","2014-09-11","2017-01-15","NEON.BET.D05.000235","CARNEM","Animalia","Arthropoda","Insecta","Coleoptera","Carabidae","Carabinae","Carabini","Carabus","Archicarabus","nemoralis","nemoralis","Carabus nemoralis nemoralis","Mueller","subspecies",,"M",,"Lindroth, C. H. 1969. The ground-beetles (Carabidae, excl. Cicindelinae) of Canada and Alaska, parts 1-6. Opuscula E. Entomoligiska Sallskapet.","Kipling Will","Essig Museum of Entomology",,"No known compromise","N",,
"f156ab10-8a85-4063-81ad-ffd8fd9ef9ba","UNDE_017.basePlot.bet","D05","UNDE","UNDE_017","2014-09-02","2014-09-11","2017-01-15","NEON.BET.D05.000229","PTEPEN","Animalia","Arthropoda","Insecta","Coleoptera","Carabidae","Harpalinae","Pterostichini","Pterostichus","Bothriopterus","pensylvanicus",,"Pterostichus pensylvanicus","LeConte","species",,"F",,"Lindroth, C. H. 1969. The ground-beetles (Carabidae, excl. Cicindelinae) of Canada and Alaska, parts 1-6. Opuscula E. Entomoligiska Sallskapet.","Kipling Will","Essig Museum of Entomology",,"No known compromise","N",,
"1c001db9-5028-437d-bb6b-4f4a2b5265e5","UNDE_008.basePlot.bet","D05","UNDE","UNDE_008","2014-09-02","2014-09-11","2017-01-15","NEON.BET.D05.000220","SYNIMP","Animalia","Arthropoda","Insecta","Coleoptera","Carabidae","Harpalinae","Sphodrini","Synuchus",,"impunctatus",,"Synuchus impunctatus","Say","species",,"M",,"Lindroth, C. H. 1969. The ground-beetles (Carabidae, excl. Cicindelinae) of Canada and Alaska, parts 1-6. Opuscula E. Entomoligiska Sallskapet.","Kipling Will","Essig Museum of Entomology",,"No known compromise","N",,
"d1d1d34c-6427-4044-87a8-22cc33a26b2d","UNDE_006.basePlot.bet","D05","UNDE","UNDE_006","2014-09-02","2014-09-11","2017-01-15","NEON.BET.D05.000238","SYNIMP","Animalia","Arthropoda","Insecta","Coleoptera","Carabidae","Harpalinae","Sphodrini","Synuchus",,"impunctatus",,"Synuchus impunctatus","Say","species",,"M",,"Lindroth, C. H. 1969. The ground-beetles (Carabidae, excl. Cicindelinae) of Canada and Alaska, parts 1-6. Opuscula E. Entomoligiska Sallskapet.","Kipling Will","Essig Museum of Entomology",,"No known compromise","N",,
"58d1223e-0851-4065-a2a0-18a28dab7aa6","UNDE_006.basePlot.bet","D05","UNDE","UNDE_006","2014-09-02","2014-09-11","2017-01-15","NEON.BET.D05.000239","SYNIMP","Animalia","Arthropoda","Insecta","Coleoptera","Carabidae","Harpalinae","Sphodrini","Synuchus",,"impunctatus",,"Synuchus impunctatus","Say","species",,"M",,"Lindroth, C. H. 1969. The ground-beetles (Carabidae, excl. Cicindelinae) of Canada and Alaska, parts 1-6. Opuscula E. Entomoligiska Sallskapet.","Kipling Will","Essig Museum of Entomology",,"No known compromise","N",,
"759ed3c0-a9ce-4ef0-9b09-8e6c06d49830","UNDE_006.basePlot.bet","D05","UNDE","UNDE_006","2014-09-02","2014-09-11","2017-01-15","NEON.BET.D05.000221","SYNIMP","Animalia","Arthropoda","Insecta","Coleoptera","Carabidae","Harpalinae","Sphodrini","Synuchus",,"impunctatus",,"Synuchus impunctatus","Say","species",,"F",,"Lindroth, C. H. 1969. The ground-beetles (Carabidae, excl. Cicindelinae) of Canada and Alaska, parts 1-6. Opuscula E. Entomoligiska Sallskapet.","Kipling Will","Essig Museum of Entomology",,"No known compromise","N",,
"f6b049a4-63ac-4bae-849f-2051720c8653","UNDE_012.basePlot.bet","D05","UNDE","UNDE_012","2014-09-02","2014-09-11","2017-01-15","NEON.BET.D05.000225","CARNEM","Animalia","Arthropoda","Insecta","Coleoptera","Carabidae","Carabinae","Carabini","Carabus","Archicarabus","nemoralis","nemoralis","Carabus nemoralis nemoralis","Mueller","subspecies",,"M",,"Lindroth, C. H. 1969. The ground-beetles (Carabidae, excl. Cicindelinae) of Canada and Alaska, parts 1-6. Opuscula E. Entomoligiska Sallskapet.","Kipling Will","Essig Museum of Entomology",,"No known compromise","N",,
"dcb909c7-f319-4b92-be00-7c0fe009d4f3","UNDE_012.basePlot.bet","D05","UNDE","UNDE_012","2014-09-02","2014-09-11","2017-01-15","NEON.BET.D05.000224","PTEMEL","Animalia","Arthropoda","Insecta","Coleoptera","Carabidae","Harpalinae","Pterostichini","Pterostichus","Morphnosoma","melanarius","melanarius","Pterostichus melanarius melanarius","Illiger","subspecies",,"F",,"Lindroth, C. H. 1969. The ground-beetles (Carabidae, excl. Cicindelinae) of Canada and Alaska, parts 1-6. Opuscula E. Entomoligiska Sallskapet.","Kipling Will","Essig Museum of Entomology",,"No known compromise","N",,
"b23dec08-b9e1-409e-b724-7e615aee685f","UNDE_012.basePlot.bet","D05","UNDE","UNDE_012","2014-09-02","2014-09-11","2017-01-15","NEON.BET.D05.000237","PTEPEN","Animalia","Arthropoda","Insecta","Coleoptera","Carabidae","Harpalinae","Pterostichini","Pterostichus","Bothriopterus","pensylvanicus",,"Pterostichus pensylvanicus","LeConte","species",,"F",,"Lindroth, C. H. 1969. The ground-beetles (Carabidae, excl. Cicindelinae) of Canada and Alaska, parts 1-6. Opuscula E. Entomoligiska Sallskapet.","Kipling Will","Essig Museum of Entomology",,"No known compromise","N",,
"9f83f8e9-8db7-44a9-a672-97b346ae598c","UNDE_012.basePlot.bet","D05","UNDE","UNDE_012","2014-09-02","2014-09-11","2017-01-15","NEON.BET.D05.000226","CARNEM","Animalia","Arthropoda","Insecta","Coleoptera","Carabidae","Carabinae","Carabini","Carabus","Archicarabus","nemoralis","nemoralis","Carabus nemoralis nemoralis","Mueller","subspecies",,"F",,"Lindroth, C. H. 1969. The ground-beetles (Carabidae, excl. Cicindelinae) of Canada and Alaska, parts 1-6. Opuscula E. Entomoligiska Sallskapet.","Kipling Will","Essig Museum of Entomology",,"No known compromise","N",,
"d20dd740-ecd4-47b8-92ce-017583ea5f6f","UNDE_012.basePlot.bet","D05","UNDE","UNDE_012","2014-09-02","2014-09-11","2017-01-15","NEON.BET.D05.000228","CARNEM","Animalia","Arthropoda","Insecta","Coleoptera","Carabidae","Carabinae","Carabini","Carabus","Archicarabus","nemoralis","nemoralis","Carabus nemoralis nemoralis","Mueller","subspecies",,"M",,"Lindroth, C. H. 1969. The ground-beetles (Carabidae, excl. Cicindelinae) of Canada and Alaska, parts 1-6. Opuscula E. Entomoligiska Sallskapet.","Kipling Will","Essig Museum of Entomology",,"No known compromise","N",,
"4e7e2f2e-cff6-4713-b06d-6726bf7065ea","UNDE_012.basePlot.bet","D05","UNDE","UNDE_012","2014-09-02","2014-09-11","2017-01-15","NEON.BET.D05.000222","SYNIMP","Animalia","Arthropoda","Insecta","Coleoptera","Carabidae","Harpalinae","Sphodrini","Synuchus",,"impunctatus",,"Synuchus impunctatus","Say","species",,"F",,"Lindroth, C. H. 1969. The ground-beetles (Carabidae, excl. Cicindelinae) of Canada and Alaska, parts 1-6. Opuscula E. Entomoligiska Sallskapet.","Kipling Will","Essig Museum of Entomology",,"No known compromise","N",,
"9c266ea5-ba13-4937-b929-26b50c1f3f93","UNDE_012.basePlot.bet","D05","UNDE","UNDE_012","2014-09-02","2014-09-11","2017-01-15","NEON.BET.D05.000227","CARNEM","Animalia","Arthropoda","Insecta","Coleoptera","Carabidae","Carabinae","Carabini","Carabus","Archicarabus","nemoralis","nemoralis","Carabus nemoralis nemoralis","Mueller","subspecies",,"M",,"Lindroth, C. H. 1969. The ground-beetles (Carabidae, excl. Cicindelinae) of Canada and Alaska, parts 1-6. Opuscula E. Entomoligiska Sallskapet.","Kipling Will","Essig Museum of Entomology",,"No known compromise","N",,
"18f4e6b7-2180-4a20-9d38-c3619dc44a45","UNDE_003.basePlot.bet","D05","UNDE","UNDE_003","2014-09-02","2014-09-11","2017-01-15","NEON.BET.D05.000002","ELACLA","Animalia","Arthropoda","Insecta","Coleoptera","Carabidae","Elaphrinae","Elaphrini","Elaphrus","Neoelaphrus","clairvillei",,"Elaphrus clairvillei","Kirby","species",,"M",,"Lindroth, C. H. 1969. The ground-beetles (Carabidae, excl. Cicindelinae) of Canada and Alaska, parts 1-6. Opuscula E. Entomoligiska Sallskapet.","Kipling Will","Essig Museum of Entomology",,"No known compromise","N",,
