uid,namedLocation,domainID,siteID,plotID,setDate,collectDate,processingDate,subsampleIDList,archiveVialID,scientificName,recordedBy,remarks
"5eb8354d-1dc3-46e4-a613-cc1ecfefe33f","JORN_002.basePlot.bet","D14","JORN","JORN_002","2016-04-19","2016-05-03","2016-05-20","2j1n+GhCoGaJsZRgxTsMk8Eh4X7zCDuSdRVv5SgE3uU/sQdkG/jg+EEXLZCVovsVxfJJeAOznIKrByPa1+rSNw8y71sN4WaMot1P8fsIiJ5ofPHUijoT8HUqVePFJ2VqQbT7rbXMH1A=","2j1n+GhCoGaYMsdFe68VTz2U4bnt9q/4",,,
"a9c961a5-7efa-4188-9b6d-4e848d9a0e65","JORN_006.basePlot.bet","D14","JORN","JORN_006","2016-04-19","2016-05-03","2016-05-19","Z5DETg5NA9CIGa6hAuBEUlwCqZv8d/aaP+/zjvYrLuqNMy/LAzewQvOu9ByQtD+SwttP0ITy/sf/gJpsmHn3RzGYg+D5D1ojVwdHukI9MR7JYUI2pReW+Xgfjn0eRyhjaXypZsbJsH4=","Z5DETg5NA9C1OINAz9wM4K/wEGTo5Azi",,,
"a8dfd723-347c-47b9-ac05-99c2c0870887","JORN_005.basePlot.bet","D14","JORN","JORN_005","2016-04-19","2016-05-03","2016-05-20","aOplpjduR3QxvHoW+XPwU4xyXISlfTcX19sLDDgMqrhyCRYGGIZShPERMgrovhsqA41Hp2G2tdWJhBxV0woDg//e6oh9zhh6fUUSBTQV8p1zaUMnTOylqK9dS0bkdXfpfrZSXOfyMeI=","aOplpjduR3TDgQkR2Cn6m0xPvuHd0APu",,,
"57cfcf3f-ddd4-4060-aa1e-23e876ad59c0","JORN_004.basePlot.bet","D14","JORN","JORN_004","2016-04-19","2016-05-03","2016-05-19","uZCwT0U74cfV0+CxJfOCgR/Hb31b91WzemHXvHBjP1lwPxgMXEp1N8ZNRSKtFoDE7H2qF9CkLG4ekPKHc/invXzFuJ06ZxDrEF/BmVQKhA02Xdh7s4Qx+E/JW7T9mjSZbiJm6fYEsjc=","uZCwT0U74cdB+DGnuwa1EpNKqo1TtUom",,,
"5bac62fe-3339-477b-9524-87e90aaaffcc","JORN_008.basePlot.bet","D14","JORN","JORN_008","2016-04-19","2016-05-03","2016-05-19","eTKs083kZ6Fwn9JWKzkhLeISnbkys1XYTOgBVUtG0fEt4vaPc6LnwJsXQ4M/9Wh6KQzbw/B/xBwuq5sHY4glN/eA8TuLR7ieuiWNKuOxc9hJm8LSXrymojI0pGxZFDkmm63ZNha7pxo=","eTKs083kZ6HPqZ3qV0MqTgNk2pNGvqAW",,,
"f8fceccf-ce10-479f-a62d-cb363fee4c98","JORN_007.basePlot.bet","D14","JORN","JORN_007","2016-04-19","2016-05-03","2016-05-20","VAvCuiXwPEQZzF6o/NgtPmrRiMCM1QU9651LEBxmD8oEU5U18D/+DXFouLNa2TyOajLGqbBV7e+QWmtIZ/iLoPiSk57oaMfR95b65vY1sAsIvJU3DbE/eX8It1GeOeyTAyiuTldNwwE=","VAvCuiXwPERTRRwa4V+lDQYST4y4dW5e",,,
"94d41e0a-95ac-4392-ac1c-ec54ed7c1bf3","JORN_003.basePlot.bet","D14","JORN","JORN_003","2016-04-19","2016-05-03","2016-05-19","vMYzv3M3ch1xzM41qq1XZmyZ1RBEvRRavFmZjbsL80surJsjF9fVD9vS+jBgbL2tdNG6BgYylabnWRGVP0a1O+EvRJo1riJ5ioXWm/MjkW3VKh0x99+HYihMRhWFve1JZKlEzhC3CdQ=","vMYzv3M3ch1RxrCyDi1Nwo70uiZwqnDk",,,
"32be5423-bbaa-4a0e-ad8d-55fb5b0fe744","JORN_004.basePlot.bet","D14","JORN","JORN_004","2016-05-03","2016-05-17","2016-06-10","uZCwT0U74cfV0+CxJfOCgcKvtvvEUmGtkKKfLQYtcvlyxbORoKAK2bCbdmkmgMkdFirnbfXSAAfk1qC8b+tNrOMB5kkIjIbW7Zo3hNm98wG94kPpgylmcH+3dGp/5HUF3eUOuvdkn/U=","uZCwT0U74cdj96j1AKyB7oQ9BImfb8D6",,,
"270af519-79fa-4da1-8213-f8b3b17bd0e5","JORN_003.basePlot.bet","D14","JORN","JORN_003","2016-05-03","2016-05-17","2016-06-09","vMYzv3M3ch2W0oKmiEyz9a5/P5/NWnqlgFHNaw+WadtNTZMNb83lX8aDUayHp/npqktc7pEez8x3CmS3FdPpA7JpUfSHcKC34dufp3YSet6W71K4fExxYVEPvuZ7EpfLSmixiMVGgIQ=","vMYzv3M3ch3z0CgiKsDf/mw7t47s1mm+",,,
"842a00b1-81e4-4db6-986d-09457b3f34a5","JORN_001.basePlot.bet","D14","JORN","JORN_001","2016-05-03","2016-05-17","2016-06-09","3v6e8eJloSrGFhCEiTSFDOW2oCeSeTjf97mCOBpWQHbUIm8v++gqWGnRP3BoPVRs8PLsI9Uh3AkXmSFVZXZhugJtYH7X7qy3gbAYb7DAJR0=","3v6e8eJloSrK+g3gWVeuF1KpVeENHhR9",,,
"15e419df-5428-4b76-b808-829e09ccde42","JORN_006.basePlot.bet","D14","JORN","JORN_006","2016-05-03","2016-05-17","2016-06-10","Z5DETg5NA9D/11yciyJeO0thROBHZkOeCrJbwQu4c7Z/GDUAaJ5cDE7eLlxe5DakdGqRAKe5rKKCId05NpTRXxxXSj8hCcFZ1Db/MZlSox8b0jgYWk9fKwwL/texyG0WxV7RKJfDz+M=","Z5DETg5NA9A3OZzFA7ZlK8yGVikMnSHf",,,
"ffd0017f-26f2-476a-a8ff-1dd1cb1e3520","JORN_005.basePlot.bet","D14","JORN","JORN_005","2016-05-03","2016-05-17","2016-06-10","aOplpjduR3QxvHoW+XPwUwx03t5jNc4odyMIYnsCla0P3QaFrlEhG5yDmAUvUU72KlY5tcOCnP5YjuCdcsLN8S6HX+G9ntHAy6TN4Re3bV3HE1Z/Te9jPiehfgNxv1j+pzuMtv/AXQM=","aOplpjduR3RJ+ae7470HXCT8BdYOQIrJ",,,
"f0b6918b-d2c9-4ae0-8994-127c0801f95c","JORN_007.basePlot.bet","D14","JORN","JORN_007","2016-05-03","2016-05-17","2016-06-13","VAvCuiXwPERe7Hc1v0xQUU9ImHjQ2jPVIKUWsvOoOYPvLvNv0bCLETIrsth/9PMNS1pwFHhR2EPDgajdUgyk8MsSJy9qXABRLZGop5gmJdVYtpO15O40ypuQ+bsvLbb7AFFzXFrq8ls=","VAvCuiXwPER8P4ZRIARItwQzX3nArIB2",,,
"46e6521c-ecb0-41f4-9d7b-b4ef1502a07f","JORN_009.basePlot.bet","D14","JORN","JORN_009","2016-05-03","2016-05-17","2016-06-13","y6i9xP3scmM/lV5QbHdXzFCj8CKm/inNSBRZgmD1I6exv5r3neaZiSAVQd8S+FPU1yiWAT0QuEm/8ev5PRB5mYta9BoEWB2rBmX8V307WILrknVisRlfrlpMxyvM9qvYS3hRz3N4rGY=","y6i9xP3scmMuu+Q/f1/p9FhnQbUBse0b",,,
"c10290ab-a724-45f3-9039-548bd5a9dc9a","JORN_007.basePlot.bet","D14","JORN","JORN_007","2016-05-17","2016-05-31","2016-06-17","VAvCuiXwPEQIRjB4Xzbooio8Q/WRvUfB6LTyHf2tpNB/lVbk39yGJtSpIlMbFiQGw2cwKGS4TjOR/+tUpKtdammogQAX/lvH+ayai6dhdUgxwR97PF9N+GMfUakdQ4iFJ+dVmE5nYuc=","VAvCuiXwPESz2Kb/LnrBRoRhYpCVf1Vw",,,
"4d62260b-e46c-4bef-87c0-66ed98b924f8","JORN_009.basePlot.bet","D14","JORN","JORN_009","2016-05-17","2016-05-31","2016-06-22","y6i9xP3scmOKxYIMqmrCw+FY/IF4Iz2ZSTqdX9qTPfQKKMWV+oo4CzRY+2WhAnFzUGDPwuPNle1gPJGzyFETkCIkx47P4adphUkeChDqqdI1mRdL8q8ulFmCpZJi8OROPjII3pTXpCI=","y6i9xP3scmOwJ+G1gxjssWq0ugc546GM",,,
"9e8a4889-4c5e-43b8-a529-5a4dec609379","JORN_008.basePlot.bet","D14","JORN","JORN_008","2016-05-17","2016-05-31","2016-06-20","eTKs083kZ6HBHPo33pjJ+HHr/SQbhMbMWW7Wf/6RRt+u7X2IzJpn89F5F7tENYJ6I4cB3qAbF2/QqARvnYW2OwyvobzQeaQlhRvRgmrAjF2WErFSD71PoVQwUvNVvTxfuYKft3odshI=","eTKs083kZ6Hf8bsF0DOj/6YFVIE4aeGj",,,
"c4be9285-6cfe-4a07-8475-6b7d67fcb4e4","JORN_004.basePlot.bet","D14","JORN","JORN_004","2016-05-17","2016-05-31","2016-06-16","uZCwT0U74cf8DDfIT8ELtI6F/BA24pbovtGkCph7mL9RpyMMqHONTYWHqq/crluZVC/yaTAG8HAQD1t9aW/2XKrsUvkPeY1DgbG50cr/9FRdRnGGQ3IK50LVYlG9bEVBmw0n40AEGd4=","uZCwT0U74cdKgVOHY0mpgX9fFmK239rq",,,
"c4dcf9ce-5060-48f3-8128-d5746dbe5e59","JORN_002.basePlot.bet","D14","JORN","JORN_002","2016-05-17","2016-05-31","2016-06-13","2j1n+GhCoGaIhFgFb3OfWXEia9Q61t0n/4EbdBU2mBWjiDmfevsNhDjyeTUk8Vq92vPWEtXz8HkJ6dunoFJu4o5D56KvaUfKBnNqIfsXu0b6fjCcJTBuZrOx35Dn1w8Ej0c+J2xnTnk=","2j1n+GhCoGZinmjOAceA81AZpTcOYceb",,,
"520a5b91-5c9e-4da5-847f-3006f2656a5f","JORN_005.basePlot.bet","D14","JORN","JORN_005","2016-05-17","2016-05-31","2016-06-17","aOplpjduR3QxvHoW+XPwU/3NAWZizIKtCjSRZ5uuQjiktT6HYRXNmpdKhANWgNOFQXkp7B6egb2paZkDqX7Qpl4fNfu11TbjeXp83Yild2g75FGJg5UJLVVn8ctngfly84qaT7t3ulA=","aOplpjduR3T26NlffpupyGNeCf9htpvV",,,
"b5756082-ab09-4933-8163-a733c5461cd0","JORN_006.basePlot.bet","D14","JORN","JORN_006","2016-05-17","2016-05-31","2016-06-17","Z5DETg5NA9CIGa6hAuBEUrtLR529afPi4o7F7m3Uq+K+o3HBles8Pcah/2szidhYhPe8p5sr+9qNXmXO8VDXd2t2aCdNtSByFriAVI70+R9jCu4JUpHBJ0qfBVfs1yGbBH52XAGIx1o=","Z5DETg5NA9AMOf7f50HpajEUx9nzsdMH",,,
"33a5b978-023d-414c-9717-d5b3026cc5f2","JORN_001.basePlot.bet","D14","JORN","JORN_001","2016-05-17","2016-05-31","2016-06-09","3v6e8eJloSqD/jvVAhvW97QviWpYjhRIBZLr3zq47YwAo0nrQ/pPZp7QDnayr9+TmNEtWDA8ACcDC+nFxFDh0+8siP3ALnc3DmRGxH/vdjd7aZTF/jDojc52enDNeeRvXofOd/jVJMY=","3v6e8eJloSqzivC7pUeIZ9wZVbd5eHPi",,,
"dc53a81d-c1a2-42c5-a625-580f079cbbd3","JORN_003.basePlot.bet","D14","JORN","JORN_003","2016-05-17","2016-05-31","2016-06-16","vMYzv3M3ch2/rPiNf+SpL5A1+FoRzH3xxqCy+XgkOWkzs/PxCmNwc0F3FXkLhWtJ6v5nQ8hYf3vdyRSOHKkAxrHsJ7mE1UVy+sGxJVMPxu1PkQztNpi0FIpsJgAPQvP0A/gNKwYvrtE=","vMYzv3M3ch3mRaP+3FMEmNT7q6mwE/A6",,,
