uid,namedLocation,domainID,siteID,plotID,trapID,plotType,nlcdClass,decimalLatitude,decimalLongitude,geodeticDatum,coordinateUncertainty,elevation,elevationUncertainty,setDate,collectDate,eventID,daysOfTrapping,sampleCollected,sampleID,cupStatus,lidStatus,fluidLevel,samplingProtocolVersion,recordedBy,remarks
"b2a392bd-6fda-4606-8e4c-dc471851cbc6","BLAN_007.basePlot.bet","D02","BLAN","BLAN_007","S","distributed","deciduousForest",39.085481,-77.969266,"WGS84",20.2,157.1,0.2,"2017-05-23","2017-06-06","BLAN.2017.24",14,"N",,"Ok","Ok","None","NEON.DOC.014050vK","ena7GLJui5s1h8moQAQPw3Qj2+mVdivS","Hole in cup; liquid drained"
"b34396bd-0904-4a38-ba49-c2c0bfc7b53c","BLAN_004.basePlot.bet","D02","BLAN","BLAN_004","S","distributed","pastureHay",39.087516,-77.962567,"WGS84",20.1,128.3,0.1,"2017-05-23","2017-06-06","BLAN.2017.24",14,"Y","BLAN_004.S.20170606","Ok","Ok","Ok","NEON.DOC.014050vK","ena7GLJui5s1h8moQAQPw3Qj2+mVdivS","Tuft of fur on lid"
"585f37d6-7a0c-4238-99b4-e07d314eb64d","BLAN_007.basePlot.bet","D02","BLAN","BLAN_007","E","distributed","deciduousForest",39.085481,-77.969266,"WGS84",20.2,157.1,0.2,"2017-05-23","2017-06-06","BLAN.2017.24",14,"Y","BLAN_007.E.20170606","Ok","Ok","Ok","NEON.DOC.014050vK","ena7GLJui5s1h8moQAQPw3Qj2+mVdivS",
"547b58df-e253-4cfc-963f-174eb465b0f8","BLAN_007.basePlot.bet","D02","BLAN","BLAN_007","W","distributed","deciduousForest",39.085481,-77.969266,"WGS84",20.2,157.1,0.2,"2017-05-23","2017-06-06","BLAN.2017.24",14,"Y","BLAN_007.W.20170606","Ok","Ok","Ok","NEON.DOC.014050vK","ena7GLJui5s1h8moQAQPw3Qj2+mVdivS",
"a06f0dee-a1d6-460c-932d-476ccee11796","BLAN_001.basePlot.bet","D02","BLAN","BLAN_001","E","distributed","deciduousForest",39.087923,-77.958384,"WGS84",20.2,128.0,0.2,"2017-05-23","2017-06-06","BLAN.2017.24",14,"Y","BLAN_001.E.20170606","Ok","Ok","Ok","NEON.DOC.014050vK","ena7GLJui5s1h8moQAQPw3Qj2+mVdivS",
"a224bafe-2c84-49e0-aaf3-e5920974386d","BLAN_001.basePlot.bet","D02","BLAN","BLAN_001","W","distributed","deciduousForest",39.087923,-77.958384,"WGS84",20.2,128.0,0.2,"2017-05-23","2017-06-06","BLAN.2017.24",14,"Y","BLAN_001.W.20170606","Ok","Ok","Ok","NEON.DOC.014050vK","ena7GLJui5s1h8moQAQPw3Qj2+mVdivS",
"f1957589-1996-4361-8047-1b245027aa13","BLAN_001.basePlot.bet","D02","BLAN","BLAN_001","N","distributed","deciduousForest",39.087923,-77.958384,"WGS84",20.2,128.0,0.2,"2017-05-23","2017-06-06","BLAN.2017.24",14,"Y","BLAN_001.N.20170606","Ok","Ok","Ok","NEON.DOC.014050vK","ena7GLJui5s1h8moQAQPw3Qj2+mVdivS",
"6cfe7127-a7e6-47cc-ae3e-1b25a6d5dedb","BLAN_001.basePlot.bet","D02","BLAN","BLAN_001","S","distributed","deciduousForest",39.087923,-77.958384,"WGS84",20.2,128.0,0.2,"2017-05-23","2017-06-06","BLAN.2017.24",14,"Y","BLAN_001.S.20170606","Ok","Ok","Ok","NEON.DOC.014050vK","ena7GLJui5s1h8moQAQPw3Qj2+mVdivS",
"380e7992-1a08-4eda-9e9b-01ea12a89a86","BLAN_005.basePlot.bet","D02","BLAN","BLAN_005","S","distributed","deciduousForest",39.087455,-77.971943,"WGS84",20.2,137.3,0.2,"2017-05-23","2017-06-06","BLAN.2017.24",14,"Y","BLAN_005.S.20170606","Ok","Ok","Ok","NEON.DOC.014050vK","ena7GLJui5s1h8moQAQPw3Qj2+mVdivS",
"794d6e54-cd19-4d0b-a265-b270cd86017d","BLAN_005.basePlot.bet","D02","BLAN","BLAN_005","E","distributed","deciduousForest",39.087455,-77.971943,"WGS84",20.2,137.3,0.2,"2017-05-23","2017-06-06","BLAN.2017.24",14,"Y","BLAN_005.E.20170606","Ok","Ok","Ok","NEON.DOC.014050vK","ena7GLJui5s1h8moQAQPw3Qj2+mVdivS",
"f197c768-02c0-4334-91c6-be8155c9df15","BLAN_005.basePlot.bet","D02","BLAN","BLAN_005","W","distributed","deciduousForest",39.087455,-77.971943,"WGS84",20.2,137.3,0.2,"2017-05-23","2017-06-06","BLAN.2017.24",14,"Y","BLAN_005.W.20170606","Ok","Ok","Ok","NEON.DOC.014050vK","ena7GLJui5s1h8moQAQPw3Qj2+mVdivS",
"fe02dd02-4f85-4156-bb26-53f86e793888","BLAN_005.basePlot.bet","D02","BLAN","BLAN_005","N","distributed","deciduousForest",39.087455,-77.971943,"WGS84",20.2,137.3,0.2,"2017-05-23","2017-06-06","BLAN.2017.24",14,"Y","BLAN_005.N.20170606","Ok","Disturbed","Ok","NEON.DOC.014050vK","ena7GLJui5s1h8moQAQPw3Qj2+mVdivS",
"e975d786-0014-4a4f-bfdc-f937258f37f7","BLAN_002.basePlot.bet","D02","BLAN","BLAN_002","N","distributed","pastureHay",39.092296,-77.980761,"WGS84",20.1,139.7,0.1,"2017-05-23","2017-06-06","BLAN.2017.24",14,"Y","BLAN_002.N.20170606","Ok","Ok","Ok","NEON.DOC.014050vK","ena7GLJui5s1h8moQAQPw3Qj2+mVdivS",
"e3751f6c-4533-43bd-b9e9-218fadf4dffe","BLAN_002.basePlot.bet","D02","BLAN","BLAN_002","S","distributed","pastureHay",39.092296,-77.980761,"WGS84",20.1,139.7,0.1,"2017-05-23","2017-06-06","BLAN.2017.24",14,"Y","BLAN_002.S.20170606","Ok","Ok","Ok","NEON.DOC.014050vK","ena7GLJui5s1h8moQAQPw3Qj2+mVdivS",
"c325f6b7-51e5-47c0-9221-1428846845d0","BLAN_002.basePlot.bet","D02","BLAN","BLAN_002","E","distributed","pastureHay",39.092296,-77.980761,"WGS84",20.1,139.7,0.1,"2017-05-23","2017-06-06","BLAN.2017.24",14,"Y","BLAN_002.E.20170606","Ok","Ok","Ok","NEON.DOC.014050vK","ena7GLJui5s1h8moQAQPw3Qj2+mVdivS",
"4f3b5f46-640b-48d7-b8ed-7555ec317588","BLAN_002.basePlot.bet","D02","BLAN","BLAN_002","W","distributed","pastureHay",39.092296,-77.980761,"WGS84",20.1,139.7,0.1,"2017-05-23","2017-06-06","BLAN.2017.24",14,"Y","BLAN_002.W.20170606","Ok","Ok","Ok","NEON.DOC.014050vK","ena7GLJui5s1h8moQAQPw3Qj2+mVdivS",
"8615e960-7f47-4d6e-94af-506507d34e0d","BLAN_009.basePlot.bet","D02","BLAN","BLAN_009","S","distributed","deciduousForest",39.086827,-77.957749,"WGS84",20.2,134.5,0.2,"2017-05-23","2017-06-06","BLAN.2017.24",14,"Y","BLAN_009.S.20170606","Ok","Ok","Ok","NEON.DOC.014050vK","ena7GLJui5s1h8moQAQPw3Qj2+mVdivS",
"d151929d-2217-43e0-89ae-1f4b2671c434","BLAN_009.basePlot.bet","D02","BLAN","BLAN_009","W","distributed","deciduousForest",39.086827,-77.957749,"WGS84",20.2,134.5,0.2,"2017-05-23","2017-06-06","BLAN.2017.24",14,"Y","BLAN_009.W.20170606","Ok","Ok","Ok","NEON.DOC.014050vK","ena7GLJui5s1h8moQAQPw3Qj2+mVdivS",
"3a96b941-c6db-4904-843d-b3c6a820b1c3","BLAN_009.basePlot.bet","D02","BLAN","BLAN_009","N","distributed","deciduousForest",39.086827,-77.957749,"WGS84",20.2,134.5,0.2,"2017-05-23","2017-06-06","BLAN.2017.24",14,"Y","BLAN_009.N.20170606","Ok","Ok","Ok","NEON.DOC.014050vK","ena7GLJui5s1h8moQAQPw3Qj2+mVdivS",
"a5c19be2-83c2-4708-9603-8c6db2895f08","BLAN_006.basePlot.bet","D02","BLAN","BLAN_006","S","distributed","pastureHay",39.083999,-77.963812,"WGS84",20.1,154.4,0.1,"2017-05-23","2017-06-06","BLAN.2017.24",14,"Y","BLAN_006.S.20170606","Ok","Ok","Ok","NEON.DOC.014050vK","ena7GLJui5s1h8moQAQPw3Qj2+mVdivS",
"51327a01-e1ca-46a6-8f1f-0143a4a1e740","BLAN_006.basePlot.bet","D02","BLAN","BLAN_006","N","distributed","pastureHay",39.083999,-77.963812,"WGS84",20.1,154.4,0.1,"2017-05-23","2017-06-06","BLAN.2017.24",14,"Y","BLAN_006.N.20170606","Ok","Ok","Ok","NEON.DOC.014050vK","ena7GLJui5s1h8moQAQPw3Qj2+mVdivS",
"878eeafe-ebac-4acc-bfde-ef205736c35e","BLAN_006.basePlot.bet","D02","BLAN","BLAN_006","E","distributed","pastureHay",39.083999,-77.963812,"WGS84",20.1,154.4,0.1,"2017-05-23","2017-06-06","BLAN.2017.24",14,"Y","BLAN_006.E.20170606","Ok","Ok","Ok","NEON.DOC.014050vK","ena7GLJui5s1h8moQAQPw3Qj2+mVdivS",
"9f2beda8-328c-4edf-aab9-21870da1f0d6","BLAN_009.basePlot.bet","D02","BLAN","BLAN_009","E","distributed","deciduousForest",39.086827,-77.957749,"WGS84",20.2,134.5,0.2,"2017-05-23","2017-06-06","BLAN.2017.24",14,"Y","BLAN_009.E.20170606","Ok","Ok","Ok","NEON.DOC.014050vK","ena7GLJui5s1h8moQAQPw3Qj2+mVdivS",
"5d767def-052e-49bc-b20c-a835c5b1bb42","BLAN_011.basePlot.bet","D02","BLAN","BLAN_011","W","distributed","deciduousForest",39.087236,-77.974007,"WGS84",20.2,142.4,0.3,"2017-05-23","2017-06-06","BLAN.2017.24",14,"Y","BLAN_011.W.20170606","Ok","Ok","Ok","NEON.DOC.014050vK","ena7GLJui5s1h8moQAQPw3Qj2+mVdivS",
"85148bdd-eaa7-4d33-860d-21e66f903880","BLAN_006.basePlot.bet","D02","BLAN","BLAN_006","W","distributed","pastureHay",39.083999,-77.963812,"WGS84",20.1,154.4,0.1,"2017-05-23","2017-06-06","BLAN.2017.24",14,"Y","BLAN_006.W.20170606","Ok","Ok","Ok","NEON.DOC.014050vK","ena7GLJui5s1h8moQAQPw3Qj2+mVdivS",
"93ec39c0-1f51-4cff-a4a6-8fea6b806c87","BLAN_011.basePlot.bet","D02","BLAN","BLAN_011","E","distributed","deciduousForest",39.087236,-77.974007,"WGS84",20.2,142.4,0.3,"2017-05-23","2017-06-06","BLAN.2017.24",14,"Y","BLAN_011.E.20170606","Ok","Ok","Ok","NEON.DOC.014050vK","ena7GLJui5s1h8moQAQPw3Qj2+mVdivS",
"439c3666-86b0-433b-9f6c-7dbce67fce3b","BLAN_011.basePlot.bet","D02","BLAN","BLAN_011","N","distributed","deciduousForest",39.087236,-77.974007,"WGS84",20.2,142.4,0.3,"2017-05-23","2017-06-06","BLAN.2017.24",14,"Y","BLAN_011.N.20170606","Ok","Ok","Ok","NEON.DOC.014050vK","ena7GLJui5s1h8moQAQPw3Qj2+mVdivS",
"15a454c4-65cd-4f98-a12b-d014055780fb","BLAN_011.basePlot.bet","D02","BLAN","BLAN_011","S","distributed","deciduousForest",39.087236,-77.974007,"WGS84",20.2,142.4,0.3,"2017-05-23","2017-06-06","BLAN.2017.24",14,"Y","BLAN_011.S.20170606","Ok","Ok","Ok","NEON.DOC.014050vK","ena7GLJui5s1h8moQAQPw3Qj2+mVdivS",
"39eea4ec-4510-4431-989a-d794b6331264","BLAN_012.basePlot.bet","D02","BLAN","BLAN_012","E","distributed","deciduousForest",39.082049,-77.961087,"WGS84",20.3,138.0,0.3,"2017-05-23","2017-06-06","BLAN.2017.24",14,"Y","BLAN_012.E.20170606","Ok","Ok","Ok","NEON.DOC.014050vK","ena7GLJui5s1h8moQAQPw3Qj2+mVdivS",
"cbdbac6a-0334-49e1-9090-87eaeabaa53a","BLAN_012.basePlot.bet","D02","BLAN","BLAN_012","S","distributed","deciduousForest",39.082049,-77.961087,"WGS84",20.3,138.0,0.3,"2017-05-23","2017-06-06","BLAN.2017.24",14,"Y","BLAN_012.S.20170606","Ok","Ok","High","NEON.DOC.014050vK","ena7GLJui5s1h8moQAQPw3Qj2+mVdivS",
"72f68528-e697-46d8-b188-59c3e5a5758c","BLAN_012.basePlot.bet","D02","BLAN","BLAN_012","N","distributed","deciduousForest",39.082049,-77.961087,"WGS84",20.3,138.0,0.3,"2017-05-23","2017-06-06","BLAN.2017.24",14,"Y","BLAN_012.N.20170606","Ok","Ok","Ok","NEON.DOC.014050vK","ena7GLJui5s1h8moQAQPw3Qj2+mVdivS",
"999b1524-ba4f-482a-8a8d-e34d56dc8068","BLAN_012.basePlot.bet","D02","BLAN","BLAN_012","W","distributed","deciduousForest",39.082049,-77.961087,"WGS84",20.3,138.0,0.3,"2017-05-23","2017-06-06","BLAN.2017.24",14,"Y","BLAN_012.W.20170606","Ok","Ok","Ok","NEON.DOC.014050vK","ena7GLJui5s1h8moQAQPw3Qj2+mVdivS",
"0839c586-9ed0-43b6-b0be-137e47b1cd63","BLAN_003.basePlot.bet","D02","BLAN","BLAN_003","S","distributed","pastureHay",39.078872,-77.963659,"WGS84",20.1,121.8,0.1,"2017-05-23","2017-06-06","BLAN.2017.24",14,"Y","BLAN_003.S.20170606","Ok","Ok","Ok","NEON.DOC.014050vK","ena7GLJui5s1h8moQAQPw3Qj2+mVdivS",
"99321c3d-20de-47a1-a280-123c01d4e367","BLAN_003.basePlot.bet","D02","BLAN","BLAN_003","W","distributed","pastureHay",39.078872,-77.963659,"WGS84",20.1,121.8,0.1,"2017-05-23","2017-06-06","BLAN.2017.24",14,"Y","BLAN_003.W.20170606","Ok","Ok","Ok","NEON.DOC.014050vK","ena7GLJui5s1h8moQAQPw3Qj2+mVdivS",
"7fd4a923-033c-4774-85ca-36d3048b7fe9","BLAN_003.basePlot.bet","D02","BLAN","BLAN_003","E","distributed","pastureHay",39.078872,-77.963659,"WGS84",20.1,121.8,0.1,"2017-05-23","2017-06-06","BLAN.2017.24",14,"Y","BLAN_003.E.20170606","Ok","Ok","Ok","NEON.DOC.014050vK","ena7GLJui5s1h8moQAQPw3Qj2+mVdivS",
"7ead5fe3-dce5-4a9a-82af-3293638f3421","BLAN_003.basePlot.bet","D02","BLAN","BLAN_003","N","distributed","pastureHay",39.078872,-77.963659,"WGS84",20.1,121.8,0.1,"2017-05-23","2017-06-06","BLAN.2017.24",14,"Y","BLAN_003.N.20170606","Ok","Ok","High","NEON.DOC.014050vK","ena7GLJui5s1h8moQAQPw3Qj2+mVdivS",
"3dc3cf98-6c89-4a26-9b1a-8918fd38c30c","BLAN_004.basePlot.bet","D02","BLAN","BLAN_004","N","distributed","pastureHay",39.087516,-77.962567,"WGS84",20.1,128.3,0.1,"2017-05-23","2017-06-06","BLAN.2017.24",14,"Y","BLAN_004.N.20170606","Ok","Ok","Ok","NEON.DOC.014050vK","ena7GLJui5s1h8moQAQPw3Qj2+mVdivS",
"b413d0d3-eee7-4d68-8962-433373d1470d","BLAN_004.basePlot.bet","D02","BLAN","BLAN_004","E","distributed","pastureHay",39.087516,-77.962567,"WGS84",20.1,128.3,0.1,"2017-05-23","2017-06-06","BLAN.2017.24",14,"Y","BLAN_004.E.20170606","Ok","Ok","Ok","NEON.DOC.014050vK","ena7GLJui5s1h8moQAQPw3Qj2+mVdivS",
"3168ea77-2f63-4642-af67-253fbabefb0d","BLAN_004.basePlot.bet","D02","BLAN","BLAN_004","W","distributed","pastureHay",39.087516,-77.962567,"WGS84",20.1,128.3,0.1,"2017-05-23","2017-06-06","BLAN.2017.24",14,"Y","BLAN_004.W.20170606","Ok","Ok","Ok","NEON.DOC.014050vK","ena7GLJui5s1h8moQAQPw3Qj2+mVdivS",
"e2669003-e1bc-43ee-b739-3c416397bc59","BLAN_007.basePlot.bet","D02","BLAN","BLAN_007","N","distributed","deciduousForest",39.085481,-77.969266,"WGS84",20.2,157.1,0.2,"2017-05-23","2017-06-06","BLAN.2017.24",14,"Y","BLAN_007.N.20170606","Ok","Ok","Ok","NEON.DOC.014050vK","ena7GLJui5s1h8moQAQPw3Qj2+mVdivS",
