uid,namedLocation,domainID,siteID,plotID,setDate,collectDate,processingDate,subsampleIDList,archiveVialID,scientificName,recordedBy,remarks
"a7df9f0c-5fb6-4048-aa66-e33d4d2df569","SCBI_033.basePlot.bet","D02","SCBI","SCBI_033","2016-06-21","2016-07-05","2016-08-10","4ZBK4Rjlf9k8yulsGmd7kP/5w+fpkgwwGcAtQ4IxZCDzs/UYquQzDTsCS3hNKkTQMTc2JLRpWBmIvQx3ZNvcolTiezkJPcqhvr5eE0oVrHNZeUHCq4tCQlcvyk2VqP0R0kohlvlLVrg=","4ZBK4Rjlf9lcU7LPh3TM+NtlZQ5luiAf",,,
"8e743f75-7dee-4d42-b89d-feea53def04a","SCBI_003.basePlot.bet","D02","SCBI","SCBI_003","2016-06-21","2016-07-05","2016-08-08","YQnsugPXdU0HZdSe2DMwOMHUPcbOaA8hUXRrqZfjH231/rKBwRgS4kP2iSsj65BPAihtEKsSy2ec3eohwxVTD308mHCfP78WeWp42ZkR8R6PFR0/odxC8K8zdbCQVVyPpezXlLOGKaE=","YQnsugPXdU3KFYQhSbF8imzuQJnDQPRw",,,
"60ea43a1-19d3-47bd-ad5c-76bd07eb540e","SCBI_005.basePlot.bet","D02","SCBI","SCBI_005","2016-06-21","2016-07-05","2016-08-10","2MbaqPQFAm5A70or/ZPbOB4KKXeVHDDXkxUlkh/u3sJH6SIbAEGGzCbBYWgtSrVqY3jzl37pwtw=","2MbaqPQFAm5HUAcrUJX+YEPsnuU8dBEs",,,
"0081e661-60ed-4f17-b64d-9530e2bd7f3d","SCBI_005.basePlot.bet","D02","SCBI","SCBI_005","2016-06-21","2016-07-05","2016-08-09","2MbaqPQFAm6kR+I9Li+HceXAkV/2ukUH+sJ6UFx8EtYEqjFNIekKYDAF/maHKU9zZtC7P3CZNZg=","2MbaqPQFAm5HUAcrUJX+YHHnMM21NFPf",,,
"d3e4f546-207e-41ce-acb0-d70f9b847aaa","SCBI_004.basePlot.bet","D02","SCBI","SCBI_004","2016-06-21","2016-07-05","2016-08-08","ZCodyo9yj609HtfWqVX+BbIwaesCbAsEIWGsjUkFhhG0Px3Mec/AF/3xJ2vVYkkOwIBN+le9U9sZupZIHnefAAZCJXmr0SeSgzoAp3qrNBWKGVMn85l3ydoPWawoIjt2OPKi9vC8xF0=","ZCodyo9yj639s6IZBVler7Fs0a70hh51",,,
"b561675f-e9de-4c21-9e5f-0e5e7cc3f34e","SCBI_007.basePlot.bet","D02","SCBI","SCBI_007","2016-06-21","2016-07-05","2016-08-09","tckDqTjQv3hguZ8DpJGLjNxUBU7z5atHwBCeYtjaCdc7r9cj1WDF665Fif3Fg7pcxQpjkBGWmLiirWl3X5GymjI+mnLR0cgvGorKwwWWK2Airx1fOAmTJ/7BGhlb2EnGZj2OC5aHaRg=","tckDqTjQv3g06bmpWggD4SqNZPXOX8C1",,,
"3a0fe726-1a8f-4cc3-87b5-b168925f2b63","SCBI_006.basePlot.bet","D02","SCBI","SCBI_006","2016-06-21","2016-07-05","2016-08-09","2wNT0Wyw2875TyQhETP35N1BiUhNS7rbWl8sf9R4z9P0Oezii4KQS2DQ5U+5jaqyYefYN/MU87w=","2wNT0Wyw284gGrMDTSDujW5uH5qTs9Dh",,,
"e4b78c99-c4e7-481d-921c-45ac3e9a5e52","SCBI_006.basePlot.bet","D02","SCBI","SCBI_006","2016-06-21","2016-07-05","2016-08-09","2wNT0Wyw287NPoGaw2V4APMvn4i5Z+3Mrvs+vYK1QDNPNlxoXROpVUmqHJNa4ZBCKXfkh57GkXo=","2wNT0Wyw284gGrMDTSDujZPbScI0+ZfR",,,
"8b6a499d-6513-4b2a-9872-9872ca4674a6","SCBI_008.basePlot.bet","D02","SCBI","SCBI_008","2016-06-21","2016-07-05","2016-08-08","BDl2KAs5Zr3ZSpxXmmJRzo4Cug+cB8aa9+L3JJHmSla9TJanEZfFziONkp/5OSmgQHlbj2kMdZ0hegVZsd48pXpEHq8xGH7uuSI4hLyvzWwPaTRhZ4geucqrnmAS2A1jk9ziSd4BnOM=","BDl2KAs5Zr2PhXRYkHkppfsB6cE0EhhQ",,,
"e80f5c8f-0146-4056-839d-21a7b474d032","SCBI_012.basePlot.bet","D02","SCBI","SCBI_012","2016-06-21","2016-07-05","2016-08-09","XK58HfsRWvfV3LAbZQuLgj8YP9hGVMP4lROG6ukdkrAjaZdgdVCu0tAVerVoV+dlrbf2AZ7uHb1jYAlPa2CDojnQYl47WWphbfynIz8F3bTDscRVlkvfeLbj7J8dfC+YzfnSX6sZRXc=","XK58HfsRWvcEii2s9vosRVM4F5lGm8AN",,,
"a418b9be-e832-4274-a39f-59b0d5ab741b","SCBI_002.basePlot.bet","D02","SCBI","SCBI_002","2016-06-21","2016-07-05","2016-08-09","NTl2q/XFbjxtmPpRF5JbETQNB6ORYiOWTN33OqxIdfy4H5QRW1xhamDUDIk54+WK3TU/hDEqGXfNkVuXBrQX0XmbrYJnwg3PD+cfWYGwrmGyD+9sZ0GywHm+yWot/LGuXRo30ZMfEys=","NTl2q/XFbjw+WipwGXGLrVAWIeRzLNKZ",,,
"d9fc37cc-f455-4c54-8eb6-555e49201311","SCBI_002.basePlot.bet","D02","SCBI","SCBI_002","2016-07-05","2016-07-19","2016-08-17","NTl2q/XFbjzihdY0SXzIUMSiXZh6OcdQLDUCUC52Yy+ZU6lvddH87zHqEyJ5EgABjhHCBeLCUIfRn7WPplK+qViNaeGYcDfANs/wl08BOOB9MueKRb1Q4dZBTPCrAMUHRlifGDfxzq8=","NTl2q/XFbjymvDb2LoMpLv+baEVJrU/E",,,
"cc0c6632-bafd-4dbb-b1fa-22db9fbc5f87","SCBI_003.basePlot.bet","D02","SCBI","SCBI_003","2016-07-05","2016-07-19","2016-08-16","YQnsugPXdU20RMpGdFBgbmJS+vsAWXJ+MIzr7Ix6wMP8RhAqESVih23EXQ1QtNIJMLNxzbia2SNkB3ZOP6POop2mdJOfKOO5GUlwILrByRI=","YQnsugPXdU0pWrwpqdowEfdl17z89Q4q",,,
"df400cb9-c2cb-4ebf-961b-fdacf95bfe6e","SCBI_004.basePlot.bet","D02","SCBI","SCBI_004","2016-07-05","2016-07-19","2016-08-18","ZCodyo9yj609HtfWqVX+BTG/BI3go4QHD+FHdzmR8RyZq4F7BRr4ady36AieT6fbgTwTYmg5HR3hbayUfPDDGtKxR+o80Jexc2AUSTex2rkZymvskyV2XCV8r5y+WGqfWPynvUCq3Vw=","ZCodyo9yj62Z2qD+S7rLF1ZcO8rBAZ0x",,,
"9a20e00e-fd00-404e-9fcc-3c9e67b6670c","SCBI_005.basePlot.bet","D02","SCBI","SCBI_005","2016-07-05","2016-07-19","2016-08-18","2MbaqPQFAm6RE6ad9TwzJ8h5yrKbnDKNmjiUNRlqRJlty7+sEiLxMwI1I3Tz+m/ZdVjKKUpdxIbfe+1sPMKnHyg7SViNiXmjgjNfH9ULobBzopC3UIkM8dLzEtDlW7awBovtgxF3x9A=","2MbaqPQFAm4dJKUq11Zv5YxRNUHwPS3J",,,
"7dab3442-10d7-4ae6-8958-ac034bf2ec8c","SCBI_033.basePlot.bet","D02","SCBI","SCBI_033","2016-07-05","2016-07-19","2016-08-18","4ZBK4Rjlf9mNaDg4fctN5QDbXTsmm/ioek7OeY8qX9/8lLcKGF1iEjHHYReI4xawpFMY3pNLqxQ8SHTlnTjKRWAmqDLYNP2p7GLO/cRN6fTHDgEnqFFbH1OBjGrS2SKun4bUxPMB9Mg=","4ZBK4Rjlf9klqjotmppk4A9YXC7T9qxi",,,
"dfa88180-9b4a-4311-9651-01ab66ed585e","SCBI_006.basePlot.bet","D02","SCBI","SCBI_006","2016-07-05","2016-07-19","2016-08-17","2wNT0Wyw2875TyQhETP35IO9soTaAN8FaVhvGAmjLP+FFWdc0Hwh6sT5Lf4JgbI/T69U2wuboHjvsoEFqz3qAUAwCG0KZ3BBrBRR1YfXWremS+PvPEvNQ32CF/XTunpR4qTPQCjCmYM=","2wNT0Wyw287e85rhRNQ2DqJdU+z11tDo",,,
"abc37dad-8b98-4a2a-ac36-a8cf1c097688","SCBI_008.basePlot.bet","D02","SCBI","SCBI_008","2016-07-05","2016-07-19","2016-08-16","BDl2KAs5Zr3ZSpxXmmJRzqw5Vpahb466YTG4feIMtxP5MsVYG7On8h8125fiUMYlsvZ1v/euDHrdgCRgqZjRVkNvKnp9vXlISGLx+rJ8547UqfZwXIg5gfQMHyC3exbpeC2DX2QOuoQ=","BDl2KAs5Zr3W7ElTVEI/Xa0n6pfOzpo5",,,
"90deeafb-fe36-43db-a26e-ff2b3c168549","SCBI_010.basePlot.bet","D02","SCBI","SCBI_010","2016-07-05","2016-07-19","2016-08-16","6yi0mRc5GEIQZjDsi570xFPL5aecplRP5Vyzi5tgUYknMP15UeZfs+sPrO//9iTdyLDTicE5lctr1u0VK9j80VAeVLLWlRMZuhq8lViFWgU=","6yi0mRc5GELGqKIyKYsqupLSKI5hiEl8",,,
"6a2418db-74d9-4f66-a70f-25dbffd9183b","SCBI_012.basePlot.bet","D02","SCBI","SCBI_012","2016-07-05","2016-07-19","2016-08-18","XK58HfsRWveG+LxxqSJmkPHz2kZsQ50O3/YJDWMujUx5sIDb0/YH5lKBicDfWCgj3We/1yaD3bZxWJRi6/99UJOgS2TGQXlgiq6UysMDjwvv885rCR2karoZpOlQMMnKo/ZyRp3sJ8w=","XK58HfsRWvd4rsrviCXe6PBtXjbFN4r+",,,
"d64a24b5-9237-44e2-a0a2-269590f50b9c","SCBI_007.basePlot.bet","D02","SCBI","SCBI_007","2016-07-05","2016-07-19","2016-08-17","tckDqTjQv3jlbAbJp9J4/azTYBiwgw/JTFMe4FLJVSjgmm9blAXTSO9874nz7Pph7MVUjkxDA4APaeUoVqmh6gNk/4WbERG81o02rwuL03vi9CYznakErbmcV2JJz+rjLG+hYLzzPzI=","tckDqTjQv3hUX0LxqT0FagIRb3294Cfp",,,
