uid,namedLocation,domainID,siteID,plotID,setDate,collectDate,processingDate,subsampleIDList,archiveVialID,scientificName,recordedBy,remarks
"bc979b70-ff84-4c19-8aa2-bd0f85b3b5df","CPER_010.basePlot.bet","D10","CPER","CPER_010","2015-08-27","2015-09-10","2016-03-07","DW9ihRbrMtmWU27buLbOiD3Fl3ypdnfyS9aQJBAIGfM1NuP1NyWojOssB1VOQR/2ICRhBITFn8uKDbn6HN2GLI3kloCDJ5JFRxcPisE3qgOqeBPxO6OC6FRI8Psuz8jtBKgyrerlqrM=","DW9ihRbrMtkR73ecfU7q9RSuiCHRW2F1",,,
"25ffc634-29f3-4ddf-b5da-b66f38a07e63","CPER_002.basePlot.bet","D10","CPER","CPER_002","2015-08-27","2015-09-10","2016-03-11","OMNGlFKVPvSke4TwWW62gGMhyIFNZRTaZl6MWmpgLOF96LUEx9m0A3eZyPAEvl1zzY+JmrdtpLI/cVYoCDkbcJ5TFMzIsylf00P//6ATv0m6Q42gOie+A5F30zGl9297","OMNGlFKVPvQeq+LqH1VtFOUMF0cLlt6D1s2uxnB4Wlg=","Pasimachus elongatus",,
"ec254436-86f0-4086-8172-037649b94358","CPER_008.basePlot.bet","D10","CPER","CPER_008","2015-08-27","2015-09-10","2016-03-07","kqngcYlCVJ75Bh29DXtlM9X44V2VYaSZ/YcXc/qwp07g7rUKTnO4QiN/WezFoVnW0fFCf4F89WU4xtSRfhoEMpuCsfwHWSwv3PqscGQuUcU=","kqngcYlCVJ5hcU7FXZIJycMqTwE3zAqg",,,
"28193516-be6c-47e4-95ac-b7430535c228","CPER_007.basePlot.bet","D10","CPER","CPER_007","2015-08-27","2015-09-10","2016-03-09","SOIi55Lib0Ju7If06Vz7w+JcjsNdVuWhC5ELS2Mn+wSItWb1VkrcjFhWu17thRkVuYl3KzJuJldHQXACXGCPPaJsBVjchbACQlx2mGxQ8vf9552JRNybqszMv7NiWkW0CSomopK+93Q=","SOIi55Lib0K6JPKQxmG3JtdFD9tavbbe",,,
"172a349a-8bbe-4121-b164-97ad0ca3d041","CPER_006.basePlot.bet","D10","CPER","CPER_006","2015-08-27","2015-09-10","2016-03-08","NHMCrMp+/ZWvcQ7swpkZ6sHU0NORR5dWWJwRs4n/VYzHu9vXYb2MC7lxas7OeCQZC1aNcZd3nUI=","NHMCrMp+/ZXa3xqDdg32YVz4SbsHQF1U",,,
"df504581-28df-43d1-8670-49c14bb72ad0","CPER_005.basePlot.bet","D10","CPER","CPER_005","2015-08-27","2015-09-10","2016-03-07","e1AKewEwvnG0Zqgtbp7iy+IEY3F/iL54kybOFxqY6rSFt8fjZpWiHaCB9jOU7JR7Jb60O5bb6wAuTDSdT67jcQodYZNwq99ENKB5jrcaJKKDT8llhh7p+Eg9V9kPTSgzXpvwi04j9qU=","e1AKewEwvnFvpfziZu2q69SjRt/5QIvV",,,
"24163672-bb88-4f2d-aec6-c8fca8b9b289","CPER_003.basePlot.bet","D10","CPER","CPER_003","2015-08-27","2015-09-10","2016-03-08","omCPNZnkoGT/LO+3sbrEpcYdVc09exI6fD80WcuuJ+0zW8LVCT67wfw8fLQozdgnFJxamCLtjENT+WfdaDjaRns5AebA15agm/XBdizVwGXt+zYSLwEMtvg5cYXn7EJSQCFxyZG/ja8=","omCPNZnkoGQyzN2Gmrx9dE7UUs67CCyv",,,
"c71d529c-fd48-4e8a-98ca-ff96f43c6138","CPER_004.basePlot.bet","D10","CPER","CPER_004","2015-08-27","2015-09-10","2016-03-07","eSCyThC0ZO4/6XSI6K5eMhT8PHUX3e9fCN+GkhJNjmsO0Ly2f6jMzJfcN4FIgM4WQvgesQ18kaxgLih76fwKN1r3B0mVRbX9qM9yzWKuHmv79E0GtfmN8SIczSvL9DW5apAQiuRfIAo=","eSCyThC0ZO7GUSi296dLYosse1TyWjdH",,,
"8e0b2e0d-54ba-4221-9da4-ce2e7bd94e0b","CPER_001.basePlot.bet","D10","CPER","CPER_001","2015-08-27","2015-09-10","2016-03-04","BEtTVHT1LvGvZZWlfH/Oyg1UlwUw1NutG+C9feyVwF1U/bcvr+7KNDKvMkak2yxPb6AtSRw4hun3nhwzSaZ4dSevBlbsZ+/KyGo7uZRCV30+T6N3s0sUXVN/MfXVD2qgpS7015MwKcE=","BEtTVHT1LvFQpj5+pU9x9IWpx5tqSHmi",,,
"a36bc8f0-5160-498a-993f-e80e01b686b4","CPER_002.basePlot.bet","D10","CPER","CPER_002","2015-08-27","2015-09-10","2016-03-04","OMNGlFKVPvSke4TwWW62gBezQmajkEGv4CJFvGEeZsmTfzHSf+/hUjIbpekKb1wXXO5TmQPfboQ=","OMNGlFKVPvQeq+LqH1VtFO2j0HBaFs2S",,,
"29bbe74b-3d93-4fb4-af89-a518bae3388e","CPER_002.basePlot.bet","D10","CPER","CPER_002","2015-08-27","2015-09-10","2016-03-04","OMNGlFKVPvQ4Ypsx+quWf7+vDTte0caFKlvyfW+I14aue1Q94fabznWWa7IVdfhyICm3mq9TsdU=","OMNGlFKVPvQeq+LqH1VtFBZLNNrXj7mS",,,
"6da6dcee-c386-490e-a2e0-d1168fe81223","CPER_009.basePlot.bet","D10","CPER","CPER_009","2015-08-27","2015-09-10","2016-03-12","KY+Aed9dLRssLLAGjpRwFu8L8EfeldENsSz129U9UJH48gbPdFU//6UioTUTX8HxOtO0NHbijbPkPbdElxTAALDai7Sg634I+NAJ99WSoWXryQnQioF39urWYcLWWYgl","KY+Aed9dLRsGEJyUQX+SjWGlPOhb2gIzyryKOAWd19M=","Cratacanthus dubius",,
"21c296dc-57d5-4a4c-900a-ba881cf43e12","CPER_007.basePlot.bet","D10","CPER","CPER_007","2015-08-27","2015-09-10","2016-03-14","SOIi55Lib0IMfQkIK0RtLwbaGfv7L+r/XLt8x6rraFzYxMF/YqYgeBO77Trb1UiFc16H8/WKOOnL6UxgGeUdu3Uw4Z/KBc78MudNGWTwKYZBAEMWQY8FhkDGnERabfwM","SOIi55Lib0K6JPKQxmG3Jp0a9k0zh+SkNaT+iKv4OCs=","Cratacanthus dubius",,
"c3cc9916-b39a-4239-a083-d0670f4b92a5","CPER_002.basePlot.bet","D10","CPER","CPER_002","2015-08-27","2015-09-10","2016-03-11","OMNGlFKVPvSke4TwWW62gKHCj5eUG1EAss6SRubK5n36przkjJDAHc80UVETo7bwJ89XEJp/UHBBLmMAQv58YQ==","OMNGlFKVPvQeq+LqH1VtFE2XE2PM25AQoDA8nf/h5yo=","Cratacanthus dubius",,
"b4ab9188-b9ae-40da-80cb-695f42b0f075","CPER_006.basePlot.bet","D10","CPER","CPER_006","2015-08-27","2015-09-10","2016-03-14","NHMCrMp+/ZWvcQ7swpkZ6nIA83RedoXm6IidreqJNag5VeEclLBX7ZVbVJ+0gHbUHHhh6gjbNywDB0lJwX7Oag==","NHMCrMp+/ZXa3xqDdg32YYEPZ0hkOFZwTcGOVzu3TFU=","Cratacanthus dubius",,
"a6a5c638-132e-4d05-865b-08366cdc7d38","CPER_009.basePlot.bet","D10","CPER","CPER_009","2015-08-27","2015-09-10","2016-03-12","KY+Aed9dLRssLLAGjpRwFmQ0SiesHpnkJY9nBzTMLL/NxmyyFM1Q7ospitImTyj0zRAWahf9pbm/kDGkBAkbhA==","KY+Aed9dLRsGEJyUQX+SjRE3Y59VXSgLtrVIcv8CKIE=","Discoderus parallelus",,
"a6fef18b-35a2-4033-bfb5-e5f6d6bc9a23","CPER_008.basePlot.bet","D10","CPER","CPER_008","2015-08-27","2015-09-10","2016-03-12","kqngcYlCVJ4Lw/Dkxc6jpDE9o7BtRs694Jo1jK8gz5kHj+Rg+Z9lBfY4Zi36jhzeXbu91nbWKlkGojlOPjPqMtGNvZZ5LjrbMAZNjQKW0uM2W6MVXN6/nM9C+aqctZOz","kqngcYlCVJ5hcU7FXZIJybPgA6kbbqwFk+pCUSLMIjY=","Discoderus parallelus",,
"1ce6ef17-be09-4f5b-a797-294aa4f56afb","CPER_008.basePlot.bet","D10","CPER","CPER_008","2015-08-27","2015-09-10","2016-03-12","kqngcYlCVJ4Lw/Dkxc6jpMs7I0fx2kq6s9VzWfVuQwSzPBx1H2C/RDOfkg5E1JvA7vqrhN5HP5prJMi5wGEHaA==","kqngcYlCVJ5hcU7FXZIJyRb3r1HQuc1BfxSmX4Ac0fg=","Cratacanthus dubius",,
"c47c267c-7435-4326-bfaf-806b520bf498","CPER_003.basePlot.bet","D10","CPER","CPER_003","2015-08-27","2015-09-10","2016-03-11","omCPNZnkoGQh5yGE1cNhpqsNMz0uYkJQcJQxfkTRPfrhC0ydmlXGebZld+CAAJd7OMy5nTM56dXBZ7GexY5wlQ==","omCPNZnkoGQyzN2Gmrx9dBsJ5DM8njIQeY7A3T+xrTc=","Cratacanthus dubius",,
"4f915179-7d18-4f6e-bd58-7fd513677e55","CPER_010.basePlot.bet","D10","CPER","CPER_010","2015-08-27","2015-09-10","2016-03-12","DW9ihRbrMtmWU27buLbOiGwxvJqWJFPYXbU9uJoGoxiRasQWm1oXJmAVZLHR7Gi1tu+l9GenTLMT4An2cklsnw==","DW9ihRbrMtkR73ecfU7q9R95NsVlPYngiiu3xkujVis=","Pasimachus elongatus",,
"9fa0fb12-a1b6-4c69-a243-97ca8865c307","CPER_005.basePlot.bet","D10","CPER","CPER_005","2015-08-27","2015-09-10","2016-03-11","e1AKewEwvnG0Zqgtbp7iy9o1Pz12Th89cG2LRAmmklo+yAGeuYpkR0hzqJ1CVBvUORQnpw8+hB86iFe7bM/a3Q==","e1AKewEwvnFvpfziZu2q6w5WXOQR8P4pLpKkULDxgwo=","Pasimachus elongatus",,
"12abf3c8-fb24-4d9c-b28d-baaaae3ab588","CPER_006.basePlot.bet","D10","CPER","CPER_006","2015-08-27","2015-09-10","2016-03-14","NHMCrMp+/ZWvcQ7swpkZ6qXsXuJ7uO0cDYxcpKSCofJ3QP/ORcx8baEwiwGql3BkYPqnD94s0CB7xfmUFs6cWw==","NHMCrMp+/ZXa3xqDdg32YUPuviHMfG1F1CW5qozaxY4=","Selenophorus planipennis",,
"7dadb63c-c08d-41ce-af9f-729f4eef9f4b","CPER_009.basePlot.bet","D10","CPER","CPER_009","2015-08-27","2015-09-10","2016-03-12","KY+Aed9dLRtPx5j6knVrgHlHUnWLb02S5naho5EyxltiDiB4MNQ8yI80MaAKJ4SLEP281d7LVVI+Zr0xOrg83Q==","KY+Aed9dLRsGEJyUQX+Sjds86ykYIzmQnqPzGE/6fAs=","Selenophorus planipennis",,
"d1dc628b-0a48-4874-b46c-4633627de3eb","CPER_008.basePlot.bet","D10","CPER","CPER_008","2015-08-27","2015-09-10","2016-03-12","kqngcYlCVJ4w2uFYReEs+2e8FBoJVKmn2UuPay1p456xwUkzTU8swHd4riu570P6RMtX24XIkVYMadCYg0l90A==","kqngcYlCVJ5hcU7FXZIJycTWKpCxnnwJXapo5vLdszc=","Selenophorus planipennis",,
"72962429-bfd4-4474-886e-e1f1fa8ca375","CPER_009.basePlot.bet","D10","CPER","CPER_009","2015-08-27","2015-09-10","2016-03-07","KY+Aed9dLRvk/HsTskDdmw35Ys4LJilEsD7L7+n+foVpU3mB98G8HcjIqc8h5TYwOHtT8vTfoUG4OaR4TnVBFmElM2WrvdH/DLUliv05Hiuy/108fUi1WTxDKsBu58jubr2zeLsS74c=","KY+Aed9dLRsGEJyUQX+SjYLVHj6/EikH",,,
