uid,namedLocation,domainID,siteID,plotID,trapID,setDate,collectDate,processingDate,etOHChangeDate,identifiedDate,sampleID,subsampleID,sampleType,taxonID,scientificName,taxonRank,identificationQualifier,scientificNameAuthorship,morphospeciesID,individualCount,identificationReferences,identifiedBy,recordedBy,remarks
"8c883a02-1365-47be-89c4-ca94db8e4340","CPER_006.basePlot.bet","D10","CPER","CPER_006","S","2015-08-27","2015-09-10","2015-09-11","2016-03-14","2016-03-14","CPER_006.S.20150910","NHMCrMp+/ZU4QJif5H5+ZKWzWJivxUURz0RVPK8TeOg=","carabid","CHLTOM","Chlaenius tomentosus","species",,"Say",,1,"Other","ogjyrGrm3ZwJtEIV6g3OdQaEOdluA3eH","ogjyrGrm3ZwJtEIV6g3OdQaEOdluA3eH",
"9500b32e-7e37-42b4-877e-1ba9d9b9e53c","CPER_006.basePlot.bet","D10","CPER","CPER_006","S","2015-08-27","2015-09-10","2015-09-11","2016-03-14","2016-03-14","CPER_006.S.20150910","NHMCrMp+/ZU4QJif5H5+ZPzd932S+oAWoy0zLrVmnXU=","carabid","PASELO","Pasimachus elongatus","species",,"LeConte",,2,"Other","ogjyrGrm3ZwJtEIV6g3OdQaEOdluA3eH","ogjyrGrm3ZwJtEIV6g3OdQaEOdluA3eH",
"61c29a59-bc28-4732-9992-7e1496813c56","CPER_006.basePlot.bet","D10","CPER","CPER_006","S","2015-08-27","2015-09-10","2015-09-11","2016-03-14","2016-03-14","CPER_006.S.20150910","NHMCrMp+/ZU4QJif5H5+ZPG1vPiyVF7Lb9GcEbQD9Ps=","carabid","DISPAR1","Discoderus parallelus","species",,"Haldeman",,1,"Other","ogjyrGrm3ZwJtEIV6g3OdQaEOdluA3eH","ogjyrGrm3ZwJtEIV6g3OdQaEOdluA3eH",
"fb89cb11-eb64-43eb-8fa7-6f2617897705","CPER_002.basePlot.bet","D10","CPER","CPER_002","S","2015-08-27","2015-09-10","2015-09-11","2016-03-11","2016-03-11","CPER_002.S.20150910","OMNGlFKVPvQ4Ypsx+quWf9+VRLuLQ03ImHFcMZWRbjA=","carabid","DISPAR1","Discoderus parallelus","species",,"Haldeman",,1,"Other","ogjyrGrm3ZwJtEIV6g3OdQaEOdluA3eH","ogjyrGrm3ZwJtEIV6g3OdQaEOdluA3eH",
"0fcaab03-ee36-4dd6-b6fe-956ef8cf0caa","CPER_007.basePlot.bet","D10","CPER","CPER_007","S","2015-08-27","2015-09-10","2015-09-11","2016-03-14","2016-03-14","CPER_007.S.20150910","SOIi55Lib0IMfQkIK0RtL2O2GhUIM7pZRqb7rDT3yoQ=","carabid","CARSP14","Carabidae sp.","family",,"Latreille","D10.2015.MorphI",1,"Other","ogjyrGrm3ZwJtEIV6g3OdQaEOdluA3eH","ogjyrGrm3ZwJtEIV6g3OdQaEOdluA3eH","Harpalus sp. 90 degree anterior angle that fans out over the elytra. Probably either HAROPA or HARELL."
"975af00c-e0cd-4079-93b6-e955b633bc45","CPER_006.basePlot.bet","D10","CPER","CPER_006","S","2015-08-27","2015-09-10","2015-09-11","2016-03-14","2016-03-14","CPER_006.S.20150910","NHMCrMp+/ZU4QJif5H5+ZLmTi7ZZy/ul8PqLMfpvwSE=","carabid","PIOSET","Piosoma setosum","species",,"LeConte",,1,"Other","ogjyrGrm3ZwJtEIV6g3OdQaEOdluA3eH","ogjyrGrm3ZwJtEIV6g3OdQaEOdluA3eH",
"4a3a163e-0492-4b2d-ac91-3b97feaec956","CPER_009.basePlot.bet","D10","CPER","CPER_009","S","2015-08-27","2015-09-10","2015-09-11","2016-03-12","2016-03-12","CPER_009.S.20150910","KY+Aed9dLRssLLAGjpRwFu8L8EfeldENBid3LHPF4GQ=","carabid","CRADUB","Cratacanthus dubius","species",,"Palisot de Beauvois",,7,"Other","Ji4OKY0OpaizoADG5Ld/1EOoa9fAPmT/","Ji4OKY0OpaizoADG5Ld/1EOoa9fAPmT/",
"25956640-5335-4523-8fd4-ef3d32eb29bc","CPER_009.basePlot.bet","D10","CPER","CPER_009","S","2015-08-27","2015-09-10","2015-09-11","2016-03-12","2016-03-12","CPER_009.S.20150910","KY+Aed9dLRssLLAGjpRwFmQ0SiesHpnkHKLHYXzgLKg=","carabid","DISPAR1","Discoderus parallelus","species",,"Haldeman",,3,"Other","Ji4OKY0OpaizoADG5Ld/1EOoa9fAPmT/","Ji4OKY0OpaizoADG5Ld/1EOoa9fAPmT/",
"ddd1bfe5-c239-4eb2-a4f1-eb8d1ff8ebb8","CPER_002.basePlot.bet","D10","CPER","CPER_002","S","2015-08-27","2015-09-10","2015-09-11","2016-03-11","2016-03-11","CPER_002.S.20150910","OMNGlFKVPvQ4Ypsx+quWf3yb+CMM+pJz4N09KvR89io=","carabid","PASELO","Pasimachus elongatus","species",,"LeConte",,1,"Other","ogjyrGrm3ZwJtEIV6g3OdQaEOdluA3eH","ogjyrGrm3ZwJtEIV6g3OdQaEOdluA3eH",
"928a58dc-88e3-4069-82ee-4c9b4bd1a57e","CPER_002.basePlot.bet","D10","CPER","CPER_002","S","2015-08-27","2015-09-10","2015-09-11","2016-03-11","2016-03-11","CPER_002.S.20150910","OMNGlFKVPvQ4Ypsx+quWfyUtQH5+pqi39Wht1azoqN4=","carabid","CARSP14","Carabidae sp.","family",,"Latreille","D10.2015.MorphT",1,"Other","ogjyrGrm3ZwJtEIV6g3OdQaEOdluA3eH","ogjyrGrm3ZwJtEIV6g3OdQaEOdluA3eH","Harpalus sp. single setae above eye. Base of pronotum rather flat. Punctuation around pronotum fovea. Body rufo-testaceous"
"53c26653-2697-4e62-90b4-d00f5154e994","CPER_008.basePlot.bet","D10","CPER","CPER_008","S","2015-08-27","2015-09-10","2015-09-11","2016-03-12","2016-03-12","CPER_008.S.20150910","kqngcYlCVJ4Lw/Dkxc6jpDE9o7BtRs69CkuYgWhbCAY=","carabid","DISPAR1","Discoderus parallelus","species",,"Haldeman",,1,"Other","Ji4OKY0OpaizoADG5Ld/1EOoa9fAPmT/","Ji4OKY0OpaizoADG5Ld/1EOoa9fAPmT/",
"4b1afb1d-65f5-4e4a-8497-c182199f8f05","CPER_008.basePlot.bet","D10","CPER","CPER_008","S","2015-08-27","2015-09-10","2015-09-11","2016-03-12","2016-03-12","CPER_008.S.20150910","kqngcYlCVJ4Lw/Dkxc6jpMs7I0fx2kq6BRaJwFHZlS8=","carabid","CRADUB","Cratacanthus dubius","species",,"Palisot de Beauvois",,1,"Other","Ji4OKY0OpaizoADG5Ld/1EOoa9fAPmT/","Ji4OKY0OpaizoADG5Ld/1EOoa9fAPmT/",
"aa7bee2b-83e9-4db9-b5a4-11b98d617d60","CPER_008.basePlot.bet","D10","CPER","CPER_008","S","2015-08-27","2015-09-10","2015-09-11","2016-03-12","2016-03-12","CPER_008.S.20150910","kqngcYlCVJ4Lw/Dkxc6jpM8U91LmV0CFrFO1P80HSfg=","carabid","CARSP14","Carabidae sp.","family",,"Latreille","D10.2015.MorphP",1,"Other","Ji4OKY0OpaizoADG5Ld/1EOoa9fAPmT/","Ji4OKY0OpaizoADG5Ld/1EOoa9fAPmT/","Cymindis sp. similar in look but smaller than Morph M. Head pronotum and legs rufous. Elytra rufo-testaceous."
"3ac1a40b-fec6-4a36-b6b6-31781709a94f","CPER_002.basePlot.bet","D10","CPER","CPER_002","S","2015-08-27","2015-09-10","2015-09-11","2016-03-11","2016-03-11","CPER_002.S.20150910","OMNGlFKVPvQ4Ypsx+quWf+ObwoB5q2eJRlg3a9s0dYw=","carabid","SELPLA","Selenophorus planipennis","species",,"LeConte",,8,"Other","ogjyrGrm3ZwJtEIV6g3OdQaEOdluA3eH","ogjyrGrm3ZwJtEIV6g3OdQaEOdluA3eH",
"5f66d249-9e0f-45ad-a349-c4c164f4c22f","CPER_010.basePlot.bet","D10","CPER","CPER_010","S","2015-08-27","2015-09-10","2015-09-11","2016-03-12","2016-03-12","CPER_010.S.20150910","DW9ihRbrMtnSGZxzvHDuJM+cUQHFCYOb5ktoK1K/XBo=","carabid","PASELO","Pasimachus elongatus","species",,"LeConte",,3,"Other","Ji4OKY0OpaizoADG5Ld/1EOoa9fAPmT/","Ji4OKY0OpaizoADG5Ld/1EOoa9fAPmT/",
"002ef623-707a-4453-a603-3747fb7a06e4","CPER_007.basePlot.bet","D10","CPER","CPER_007","S","2015-08-27","2015-09-10","2015-09-11","2016-03-14","2016-03-14","CPER_007.S.20150910","SOIi55Lib0IMfQkIK0RtLwbaGfv7L+r/GubAPz136ck=","carabid","CRADUB","Cratacanthus dubius","species",,"Palisot de Beauvois",,1,"Other","ogjyrGrm3ZwJtEIV6g3OdQaEOdluA3eH","ogjyrGrm3ZwJtEIV6g3OdQaEOdluA3eH",
"3a3c6c1e-4fe8-4ebb-9220-52b24a848517","CPER_005.basePlot.bet","D10","CPER","CPER_005","S","2015-08-27","2015-09-10","2015-09-11","2016-03-11","2016-03-11","CPER_005.S.20150910","e1AKewEwvnFtOKGYXMgmk8PA0RQCCwX/i2+MSsIae+s=","carabid","CARSP14","Carabidae sp.","family",,"Latreille","D10.2015.MorphV",1,"Other","XXW8BqPXtz8O/NjgqA/M055oks+wo6V4","XXW8BqPXtz8O/NjgqA/M055oks+wo6V4","Amara sp. might be Morph J. similar fovea and punctuation. Pronotum very flat at base. Darker in color."
"4f4f6f80-6884-4140-8326-8d63cb47e626","CPER_002.basePlot.bet","D10","CPER","CPER_002","S","2015-08-27","2015-09-10","2015-09-11","2016-03-04",,"CPER_002.S.20150910","OMNGlFKVPvQ4Ypsx+quWf7+vDTte0caFdmJWlWZI/NU=","invert bycatch",,,,,,,,,,"XXW8BqPXtz8O/NjgqA/M055oks+wo6V4",
"ac080981-a2ea-4ce4-bdd1-0e3523f0f879","CPER_003.basePlot.bet","D10","CPER","CPER_003","S","2015-08-27","2015-09-10","2015-09-11","2016-03-08",,"CPER_003.S.20150910","omCPNZnkoGSR7k6XX2iQSbg51g3fkDfZiyGKSHBI6AM=","invert bycatch",,,,,,,,,,"ogjyrGrm3ZwJtEIV6g3OdQaEOdluA3eH",
"530cb17b-efbf-4189-be13-3d1afac13478","CPER_001.basePlot.bet","D10","CPER","CPER_001","S","2015-08-27","2015-09-10","2015-09-11","2016-03-04",,"CPER_001.S.20150910","BEtTVHT1LvGvZZWlfH/Oyg1UlwUw1NutM8c8bbT+Q1s=","invert bycatch",,,,,,,,,,"XXW8BqPXtz8O/NjgqA/M055oks+wo6V4",
"c48a2cf4-1a45-4ee2-b1b7-cb5317c2341b","CPER_005.basePlot.bet","D10","CPER","CPER_005","S","2015-08-27","2015-09-10","2015-09-11","2016-03-08","2015-09-11","CPER_005.S.20150910","e1AKewEwvnFtOKGYXMgmkyFhwkOQHJ3YpelbMcW/g6o=","vert bycatch herp","PLEMUL","Plestiodon multivirgatus","species",,"Hallowell",,1,"Other","ogjyrGrm3ZwJtEIV6g3OdQaEOdluA3eH","ogjyrGrm3ZwJtEIV6g3OdQaEOdluA3eH",
"8c78c727-5aea-4cc7-86f0-da2927e8ec61","CPER_005.basePlot.bet","D10","CPER","CPER_005","S","2015-08-27","2015-09-10","2015-09-11","2016-03-07",,"CPER_005.S.20150910","e1AKewEwvnFtOKGYXMgmk5lu14tUopSPVW1KfqhkJQc=","invert bycatch",,,,,,,,,,"xyamGu5sE877ZIf8vTJhosokdGrr7LD6",
"5ea79ddc-9172-4a49-acf2-000050c4797c","CPER_010.basePlot.bet","D10","CPER","CPER_010","S","2015-08-27","2015-09-10","2015-09-11","2016-03-07",,"CPER_010.S.20150910","DW9ihRbrMtnSGZxzvHDuJOqeG78sXruNOWxonO2MTyA=","invert bycatch",,,,,,,,,,"Rjv/PyMx3k6M7sf4tS2+iwaMgHOBwpA0",
"25996027-c664-4524-980c-ccae3362ae30","CPER_009.basePlot.bet","D10","CPER","CPER_009","S","2015-08-27","2015-09-10","2015-09-11","2016-03-07",,"CPER_009.S.20150910","KY+Aed9dLRssLLAGjpRwFkd6TSFGCRagHA765nek9uo=","invert bycatch",,,,,,,,,,"Rjv/PyMx3k6M7sf4tS2+iwaMgHOBwpA0",
"1eb7d532-892d-42a7-8b30-45260d576521","CPER_006.basePlot.bet","D10","CPER","CPER_006","S","2015-08-27","2015-09-10","2015-09-11","2016-03-08",,"CPER_006.S.20150910","NHMCrMp+/ZU4QJif5H5+ZAF8LpB/je0Y3UWeeD9ceeQ=","invert bycatch",,,,,,,,,,"ogjyrGrm3ZwJtEIV6g3OdQaEOdluA3eH",
"9576838f-f177-4f9a-8a4c-8a144d3f7f48","CPER_004.basePlot.bet","D10","CPER","CPER_004","S","2015-08-27","2015-09-10","2015-09-11","2016-03-07",,"CPER_004.S.20150910","eSCyThC0ZO4R4lMRUhD6DrvRL4ZGBHGQ/RIi91XA4/Y=","invert bycatch",,,,,,,,,,"XXW8BqPXtz8O/NjgqA/M055oks+wo6V4",
"cf5c3e08-e6b9-413e-b038-13705127ba37","CPER_007.basePlot.bet","D10","CPER","CPER_007","S","2015-08-27","2015-09-10","2015-09-11","2016-03-09",,"CPER_007.S.20150910","SOIi55Lib0IMfQkIK0RtL+JRWV3nXIC6s74vGUsplhw=","invert bycatch",,,,,,,,,,"ogjyrGrm3ZwJtEIV6g3OdQaEOdluA3eH",
"ca48b8f3-5fe1-4c16-accd-232a9d7d2a9f","CPER_009.basePlot.bet","D10","CPER","CPER_009","W","2015-08-27","2015-09-10","2015-09-11","2016-03-12","2016-03-12","CPER_009.W.20150910","KY+Aed9dLRvk/HsTskDdm9zUpY1lWY5bZ435eNlm8O0=","carabid","CRADUB","Cratacanthus dubius","species",,"Palisot de Beauvois",,3,"Other","Ji4OKY0OpaizoADG5Ld/1EOoa9fAPmT/","Ji4OKY0OpaizoADG5Ld/1EOoa9fAPmT/",
"d7d12c23-cdba-41e5-8df1-e8969cba1f93","CPER_010.basePlot.bet","D10","CPER","CPER_010","W","2015-08-27","2015-09-10","2015-09-11","2016-03-12","2016-03-12","CPER_010.W.20150910","DW9ihRbrMtmWU27buLbOiGwxvJqWJFPYBrm+Zr2nQ+E=","carabid","PASELO","Pasimachus elongatus","species",,"LeConte",,5,"Other","Ji4OKY0OpaizoADG5Ld/1EOoa9fAPmT/","Ji4OKY0OpaizoADG5Ld/1EOoa9fAPmT/",
"1b37f7d2-a9b8-4df1-b3c2-c34e0fb74956","CPER_002.basePlot.bet","D10","CPER","CPER_002","W","2015-08-27","2015-09-10","2015-09-11","2016-03-11","2016-03-11","CPER_002.W.20150910","OMNGlFKVPvSke4TwWW62gGMhyIFNZRTaBhyaBYTuPHw=","carabid","PASELO","Pasimachus elongatus","species",,"LeConte",,1,"Other","ogjyrGrm3ZwJtEIV6g3OdQaEOdluA3eH","ogjyrGrm3ZwJtEIV6g3OdQaEOdluA3eH",
"d6497741-84c8-4c91-b380-c62a1718b8ca","CPER_008.basePlot.bet","D10","CPER","CPER_008","W","2015-08-27","2015-09-10","2015-09-11","2016-03-12","2016-03-12","CPER_008.W.20150910","kqngcYlCVJ6rAH0hVTosp6jW77Es9ZMLLDjTq0RfWeY=","carabid","CHLTOM","Chlaenius tomentosus","species",,"Say",,1,"Other","Ji4OKY0OpaizoADG5Ld/1EOoa9fAPmT/","Ji4OKY0OpaizoADG5Ld/1EOoa9fAPmT/",
"f5f13802-8689-4010-a3cb-f398be891dad","CPER_006.basePlot.bet","D10","CPER","CPER_006","W","2015-08-27","2015-09-10","2015-09-11","2016-03-14","2016-03-14","CPER_006.W.20150910","NHMCrMp+/ZWvcQ7swpkZ6tIR8dBWqGchLW5Wp0kyKo0=","carabid","DISPAR1","Discoderus parallelus","species",,"Haldeman",,1,"Other","ogjyrGrm3ZwJtEIV6g3OdQaEOdluA3eH","ogjyrGrm3ZwJtEIV6g3OdQaEOdluA3eH",
"ff18448c-7f6c-47ec-ab0d-4f02aeeff7d7","CPER_006.basePlot.bet","D10","CPER","CPER_006","W","2015-08-27","2015-09-10","2015-09-11","2016-03-14","2016-03-14","CPER_006.W.20150910","NHMCrMp+/ZWvcQ7swpkZ6nIA83RedoXmDheqeoLFDnw=","carabid","CRADUB","Cratacanthus dubius","species",,"Palisot de Beauvois",,2,"Other","ogjyrGrm3ZwJtEIV6g3OdQaEOdluA3eH","ogjyrGrm3ZwJtEIV6g3OdQaEOdluA3eH",
"5438d52d-dbb1-41f2-8189-525702118ade","CPER_004.basePlot.bet","D10","CPER","CPER_004","W","2015-08-27","2015-09-10","2015-09-11","2016-03-11","2016-03-11","CPER_004.W.20150910","eSCyThC0ZO58b8njHd7So/AreTKxhQJ2Z0hw060avfE=","carabid","HARDES","Harpalus desertus","species",,"LeConte",,1,"Other","ogjyrGrm3ZwJtEIV6g3OdQaEOdluA3eH","ogjyrGrm3ZwJtEIV6g3OdQaEOdluA3eH",
"8d553bb3-025d-49fa-855e-0be84ca4a13e","CPER_006.basePlot.bet","D10","CPER","CPER_006","W","2015-08-27","2015-09-10","2015-09-11","2016-03-14","2016-03-14","CPER_006.W.20150910","NHMCrMp+/ZWvcQ7swpkZ6tpymsw55GGMPorysxMgjuc=","carabid","AMACON3","Amara convexa","species",,"LeConte",,1,"Other","ogjyrGrm3ZwJtEIV6g3OdQaEOdluA3eH","ogjyrGrm3ZwJtEIV6g3OdQaEOdluA3eH",
"8c0e4f89-4ea1-402b-a122-f24135e919db","CPER_003.basePlot.bet","D10","CPER","CPER_003","W","2015-08-27","2015-09-10","2015-09-11","2016-03-11","2016-03-11","CPER_003.W.20150910","omCPNZnkoGQh5yGE1cNhps1LKgBN1GE2zr7y+qA4HKk=","carabid","CYCCON1","Cyclotrachelus constrictus","species",,"Say",,1,"Other","XXW8BqPXtz8O/NjgqA/M055oks+wo6V4","XXW8BqPXtz8O/NjgqA/M055oks+wo6V4",
"1c22685f-30cd-42a9-aa38-5c2da7dcbc3d","CPER_003.basePlot.bet","D10","CPER","CPER_003","W","2015-08-27","2015-09-10","2015-09-11","2016-03-11","2016-03-11","CPER_003.W.20150910","omCPNZnkoGQh5yGE1cNhpg0xgkoFXgQa+vwWDy8a2rw=","carabid","DISPAR1","Discoderus parallelus","species",,"Haldeman",,2,"Other","XXW8BqPXtz8O/NjgqA/M055oks+wo6V4","XXW8BqPXtz8O/NjgqA/M055oks+wo6V4",
"3620aad9-8bee-4148-aac9-4b9096f8fc87","CPER_003.basePlot.bet","D10","CPER","CPER_003","W","2015-08-27","2015-09-10","2015-09-11","2016-03-11","2016-03-11","CPER_003.W.20150910","omCPNZnkoGQh5yGE1cNhpnY6aKzeZYPcLNF0SrsNkYg=","carabid","PASELO","Pasimachus elongatus","species",,"LeConte",,1,"Other","XXW8BqPXtz8O/NjgqA/M055oks+wo6V4","XXW8BqPXtz8O/NjgqA/M055oks+wo6V4",
"fd21038e-26b1-4cd9-abca-d2d85267ebca","CPER_005.basePlot.bet","D10","CPER","CPER_005","W","2015-08-27","2015-09-10","2015-09-11","2016-03-11","2016-03-11","CPER_005.W.20150910","e1AKewEwvnG0Zqgtbp7iy9o1Pz12Th89FY23gjQL58I=","carabid","PASELO","Pasimachus elongatus","species",,"LeConte",,1,"Other","XXW8BqPXtz8O/NjgqA/M055oks+wo6V4","XXW8BqPXtz8O/NjgqA/M055oks+wo6V4",
"0ad279a2-e1cf-4854-a258-40961c65e48f","CPER_003.basePlot.bet","D10","CPER","CPER_003","W","2015-08-27","2015-09-10","2015-09-11","2016-03-11","2016-03-11","CPER_003.W.20150910","omCPNZnkoGQh5yGE1cNhptXvbkA+AcEf3VMjk+cy8W4=","carabid","AMACON3","Amara convexa","species",,"LeConte",,2,"Other","XXW8BqPXtz8O/NjgqA/M055oks+wo6V4","XXW8BqPXtz8O/NjgqA/M055oks+wo6V4",
"86f298f8-65bc-467e-bd6e-0d6ce997c47b","CPER_003.basePlot.bet","D10","CPER","CPER_003","W","2015-08-27","2015-09-10","2015-09-11","2016-03-11","2016-03-11","CPER_003.W.20150910","omCPNZnkoGQh5yGE1cNhphMU5cnmhEQd1FMrWgP8Y2s=","carabid","CARSP14","Carabidae sp.","family",,"Latreille","D10.2015.MorphI",1,"Other","XXW8BqPXtz8O/NjgqA/M055oks+wo6V4","XXW8BqPXtz8O/NjgqA/M055oks+wo6V4","Harpalus sp. 90 degree anterior angle that fans out over the elytra. Probably either HAROPA or HARELL."
"220ea7a1-b86c-49e2-8b26-bcc062e7bd87","CPER_003.basePlot.bet","D10","CPER","CPER_003","W","2015-08-27","2015-09-10","2015-09-11","2016-03-11","2016-03-11","CPER_003.W.20150910","omCPNZnkoGQh5yGE1cNhpqsNMz0uYkJQUsOk4Z9Sj8U=","carabid","CRADUB","Cratacanthus dubius","species",,"Palisot de Beauvois",,2,"Other","XXW8BqPXtz8O/NjgqA/M055oks+wo6V4","XXW8BqPXtz8O/NjgqA/M055oks+wo6V4",
"a54ce9ea-4823-4c83-997d-042f9c0eb5ef","CPER_006.basePlot.bet","D10","CPER","CPER_006","W","2015-08-27","2015-09-10","2015-09-11","2016-03-14","2016-03-14","CPER_006.W.20150910","NHMCrMp+/ZWvcQ7swpkZ6qXsXuJ7uO0cOD2XH45lbF0=","carabid","SELPLA","Selenophorus planipennis","species",,"LeConte",,1,"Other","ogjyrGrm3ZwJtEIV6g3OdQaEOdluA3eH","ogjyrGrm3ZwJtEIV6g3OdQaEOdluA3eH",
"dc85ec9c-1d72-47c8-a317-222708f311cc","CPER_005.basePlot.bet","D10","CPER","CPER_005","W","2015-08-27","2015-09-10","2015-09-11","2016-03-11","2016-03-11","CPER_005.W.20150910","e1AKewEwvnG0Zqgtbp7iy91cHPzxd387YmH02UN3X60=","carabid","CARSP14","Carabidae sp.","family",,"Latreille","D10.2015.MorphM",1,"Other","XXW8BqPXtz8O/NjgqA/M055oks+wo6V4","XXW8BqPXtz8O/NjgqA/M055oks+wo6V4","Cymindis sp. Legs and antenna rufous in color. Body piceous. Latter margins of pronotum translucent. Punctuation all over head and pronotum and down stria."
"ac268ead-7c90-41ed-9cfe-ad23dc80a795","CPER_002.basePlot.bet","D10","CPER","CPER_002","W","2015-08-27","2015-09-10","2015-09-11","2016-03-11","2016-03-11","CPER_002.W.20150910","OMNGlFKVPvSke4TwWW62gKHCj5eUG1EAc/jV0g0Hrr8=","carabid","CRADUB","Cratacanthus dubius","species",,"Palisot de Beauvois",,5,"Other","ogjyrGrm3ZwJtEIV6g3OdQaEOdluA3eH","ogjyrGrm3ZwJtEIV6g3OdQaEOdluA3eH",
"a2fe6226-1279-4ada-b315-1f4f76e93d7d","CPER_009.basePlot.bet","D10","CPER","CPER_009","W","2015-08-27","2015-09-10","2015-09-11","2016-03-12","2016-03-12","CPER_009.W.20150910","KY+Aed9dLRvk/HsTskDdmzBAseQp0e/yDgDQ4+mAyn8=","carabid","CARSP14","Carabidae sp.","family",,"Latreille","D10.2015.MorphD",1,"Other","Ji4OKY0OpaizoADG5Ld/1EOoa9fAPmT/","Ji4OKY0OpaizoADG5Ld/1EOoa9fAPmT/","Helluomorphoides sp. Heavily punctated all over. Rufous in color. Long slender elytra with squarish apex."
"41f2f5e5-392c-4f01-bd6e-98a6c2be2087","CPER_009.basePlot.bet","D10","CPER","CPER_009","W","2015-08-27","2015-09-10","2015-09-11","2016-03-12","2016-03-12","CPER_009.W.20150910","KY+Aed9dLRvk/HsTskDdm4Smzl2t6yNFKoJKjJRV1Qg=","carabid","DISPAR1","Discoderus parallelus","species",,"Haldeman",,1,"Other","Ji4OKY0OpaizoADG5Ld/1EOoa9fAPmT/","Ji4OKY0OpaizoADG5Ld/1EOoa9fAPmT/",
"4dfef6d5-5a15-4757-801c-253746facd7f","CPER_006.basePlot.bet","D10","CPER","CPER_006","W","2015-08-27","2015-09-10","2015-09-11","2016-03-14","2016-03-14","CPER_006.W.20150910","NHMCrMp+/ZWvcQ7swpkZ6jS5mEh4hOcq9NhGxM/e/6c=","carabid","CARSP14","Carabidae sp.","family",,"Latreille","D10.2015.MorphC",1,"Other","ogjyrGrm3ZwJtEIV6g3OdQaEOdluA3eH","ogjyrGrm3ZwJtEIV6g3OdQaEOdluA3eH","slightly larger than AMACON3. Only segments 1 and 2 of antenna rufous. Two slight fovea on pronotum. Pronotum relatively smooth."
"bba1914a-1efe-4b0c-8c1f-21c9a1a817f6","CPER_007.basePlot.bet","D10","CPER","CPER_007","W","2015-08-27","2015-09-10","2015-09-11","2016-03-14","2016-03-14","CPER_007.W.20150910","SOIi55Lib0Ju7If06Vz7w0kUkfdvHWTEbG94XvpzH+0=","carabid","CRADUB","Cratacanthus dubius","species",,"Palisot de Beauvois",,1,"Other","ogjyrGrm3ZwJtEIV6g3OdQaEOdluA3eH","ogjyrGrm3ZwJtEIV6g3OdQaEOdluA3eH",
"5e32c588-a2a0-4a0d-a260-739dc72060be","CPER_002.basePlot.bet","D10","CPER","CPER_002","W","2015-08-27","2015-09-10","2015-09-11","2016-03-11","2016-03-11","CPER_002.W.20150910","OMNGlFKVPvSke4TwWW62gMRtjsGMvgFpQxjTZd4+lag=","carabid","PIOSET","Piosoma setosum","species",,"LeConte",,1,"Other","ogjyrGrm3ZwJtEIV6g3OdQaEOdluA3eH","ogjyrGrm3ZwJtEIV6g3OdQaEOdluA3eH",
"c7695a2d-9719-4333-b7d8-5c31722b0949","CPER_009.basePlot.bet","D10","CPER","CPER_009","W","2015-08-27","2015-09-10","2015-09-11","2016-03-12","2016-03-12","CPER_009.W.20150910","KY+Aed9dLRvk/HsTskDdm84bCToX/wrefL+Ahhc/8EA=","carabid","AMACON3","Amara convexa","species",,"LeConte",,1,"Other","Ji4OKY0OpaizoADG5Ld/1EOoa9fAPmT/","Ji4OKY0OpaizoADG5Ld/1EOoa9fAPmT/",
"28e61fd8-71f5-408a-8825-d24a8268b3f9","CPER_006.basePlot.bet","D10","CPER","CPER_006","W","2015-08-27","2015-09-10","2015-09-11","2016-03-14","2016-03-14","CPER_006.W.20150910","NHMCrMp+/ZWvcQ7swpkZ6kRdClhjRQBzBzCd4fYGdBQ=","carabid","CICPUN","Cicindela punctulata","species",,"Olivier",,1,"Other","ogjyrGrm3ZwJtEIV6g3OdQaEOdluA3eH","ogjyrGrm3ZwJtEIV6g3OdQaEOdluA3eH",
"ee43e685-b0d4-43af-ac87-9e84a894dd7c","CPER_002.basePlot.bet","D10","CPER","CPER_002","W","2015-08-27","2015-09-10","2015-09-11","2016-03-04",,"CPER_002.W.20150910","OMNGlFKVPvSke4TwWW62gBezQmajkEGvrFmbSPnwTAE=","invert bycatch",,,,,,,,,,"XXW8BqPXtz8O/NjgqA/M055oks+wo6V4",
"3c8aca38-4b51-44c6-88fd-9739e6dcc13b","CPER_009.basePlot.bet","D10","CPER","CPER_009","W","2015-08-27","2015-09-10","2015-09-11","2016-03-07",,"CPER_009.W.20150910","KY+Aed9dLRvk/HsTskDdmw35Ys4LJilEtcnGhwpC0yM=","invert bycatch",,,,,,,,,,"Rjv/PyMx3k6M7sf4tS2+iwaMgHOBwpA0",
"74f916e4-bd72-4397-a928-44df8ccea3b5","CPER_010.basePlot.bet","D10","CPER","CPER_010","W","2015-08-27","2015-09-10","2015-09-11","2016-03-07",,"CPER_010.W.20150910","DW9ihRbrMtmWU27buLbOiD3Fl3ypdnfy2V/k5u51YGI=","invert bycatch",,,,,,,,,,"Rjv/PyMx3k6M7sf4tS2+iwaMgHOBwpA0",
"3ddf7b8b-83fe-412d-97c7-16f4f92753a5","CPER_004.basePlot.bet","D10","CPER","CPER_004","W","2015-08-27","2015-09-10","2015-09-11","2016-03-07",,"CPER_004.W.20150910","eSCyThC0ZO58b8njHd7So6TRTCKvXUnt2G/cM8K24d4=","invert bycatch",,,,,,,,,,"XXW8BqPXtz8O/NjgqA/M055oks+wo6V4",
"55c45c53-dba3-4509-88df-173a7f21fe36","CPER_007.basePlot.bet","D10","CPER","CPER_007","W","2015-08-27","2015-09-10","2015-09-11","2016-03-09",,"CPER_007.W.20150910","SOIi55Lib0Ju7If06Vz7w+JcjsNdVuWh1DIsk4tNFrs=","invert bycatch",,,,,,,,,,"ogjyrGrm3ZwJtEIV6g3OdQaEOdluA3eH",
"51261a50-d8a0-441d-bf0c-e299174587ff","CPER_006.basePlot.bet","D10","CPER","CPER_006","W","2015-08-27","2015-09-10","2015-09-11","2016-03-08",,"CPER_006.W.20150910","NHMCrMp+/ZWvcQ7swpkZ6sHU0NORR5dWapRQVzbg1mw=","invert bycatch",,,,,,,,,,"ogjyrGrm3ZwJtEIV6g3OdQaEOdluA3eH",
"c9ee2713-6767-4e94-88ec-b979454409b2","CPER_005.basePlot.bet","D10","CPER","CPER_005","W","2015-08-27","2015-09-10","2015-09-11","2016-03-07",,"CPER_005.W.20150910","e1AKewEwvnG0Zqgtbp7iy+IEY3F/iL546aINPtmYA3E=","invert bycatch",,,,,,,,,,"xyamGu5sE877ZIf8vTJhosokdGrr7LD6",
"42354607-5dee-4be8-8bfc-c2924ed63d8e","CPER_001.basePlot.bet","D10","CPER","CPER_001","W","2015-08-27","2015-09-10","2015-09-11","2016-03-04",,"CPER_001.W.20150910","BEtTVHT1LvHVoR0nG+zcLXn4Y8Lov9+8hCqWRfOoRHc=","invert bycatch",,,,,,,,,,"XXW8BqPXtz8O/NjgqA/M055oks+wo6V4",
"0e216333-2d84-4679-bdca-1ec80e764296","CPER_003.basePlot.bet","D10","CPER","CPER_003","W","2015-08-27","2015-09-10","2015-09-11","2016-03-08",,"CPER_003.W.20150910","omCPNZnkoGQh5yGE1cNhppzbpNbvymSwhusKC65+tB0=","invert bycatch",,,,,,,,,,"ogjyrGrm3ZwJtEIV6g3OdQaEOdluA3eH",
"8ff0fb71-64e0-40e2-82aa-dd31a845c3dd","CPER_008.basePlot.bet","D10","CPER","CPER_008","W","2015-08-27","2015-09-10","2015-09-11","2016-03-07",,"CPER_008.W.20150910","kqngcYlCVJ6rAH0hVTosp6BsU4uojBhNRCHAgWbAOUs=","invert bycatch",,,,,,,,,,"Rjv/PyMx3k6M7sf4tS2+iwaMgHOBwpA0",
"3732ad09-cb84-4732-94e6-804c187c0eb1","CPER_007.basePlot.bet","D10","CPER","CPER_007","E","2015-08-27","2015-09-10","2015-09-11","2016-03-14","2016-03-14","CPER_007.E.20150910","SOIi55Lib0K4XwXDLPGdv1mm8CJGsPk5OYldW4GoGo4=","carabid","AMAOBE","Amara obesa","species",,"Say",,1,"Other","ogjyrGrm3ZwJtEIV6g3OdQaEOdluA3eH","ogjyrGrm3ZwJtEIV6g3OdQaEOdluA3eH",
"96b70431-6d80-49c1-b94b-74d0fa5fd099","CPER_002.basePlot.bet","D10","CPER","CPER_002","E","2015-08-27","2015-09-10","2015-09-11","2016-03-11","2016-03-11","CPER_002.E.20150910","OMNGlFKVPvQ/Rtp3zTxlWgTnsw1t61Y8a3ZxTaIEtQs=","carabid","CARSP14","Carabidae sp.","family",,"Latreille","D10.2015.MorphF",1,"Other","ogjyrGrm3ZwJtEIV6g3OdQaEOdluA3eH","ogjyrGrm3ZwJtEIV6g3OdQaEOdluA3eH","shapely pronotum with wider posterior end. Slightly red in intervals"
"de043632-0381-49ed-b6f7-584895c225c3","CPER_008.basePlot.bet","D10","CPER","CPER_008","E","2015-08-27","2015-09-10","2015-09-11","2016-03-12","2016-03-12","CPER_008.E.20150910","kqngcYlCVJ75Bh29DXtlMxw/qfgOWupYlemSTQncqdI=","carabid","DISPAR1","Discoderus parallelus","species",,"Haldeman",,7,"Other","Ji4OKY0OpaizoADG5Ld/1EOoa9fAPmT/","Ji4OKY0OpaizoADG5Ld/1EOoa9fAPmT/",
"36fb9a3e-c792-47b2-a20e-40a4ddce9777","CPER_009.basePlot.bet","D10","CPER","CPER_009","E","2015-08-27","2015-09-10","2015-09-11","2016-03-12","2016-03-12","CPER_009.E.20150910","KY+Aed9dLRtPx5j6knVrgJjY6FNB1Nl0Cn+0BwJNCj8=","carabid","AMACON3","Amara convexa","species",,"LeConte",,1,"Other","Ji4OKY0OpaizoADG5Ld/1EOoa9fAPmT/","Ji4OKY0OpaizoADG5Ld/1EOoa9fAPmT/",
"b52a8973-3481-47b7-872a-b0f05a66e28d","CPER_002.basePlot.bet","D10","CPER","CPER_002","E","2015-08-27","2015-09-10","2015-09-11","2016-03-11","2016-03-11","CPER_002.E.20150910","OMNGlFKVPvQ/Rtp3zTxlWiYbBpUyUqzR1crb6E0a79g=","carabid","AMACON3","Amara convexa","species",,"LeConte",,1,"Other","ogjyrGrm3ZwJtEIV6g3OdQaEOdluA3eH","ogjyrGrm3ZwJtEIV6g3OdQaEOdluA3eH",
"b54f8116-a953-4f16-9b60-f688fd0a28dd","CPER_010.basePlot.bet","D10","CPER","CPER_010","E","2015-08-27","2015-09-10","2015-09-11","2016-03-12","2016-03-12","CPER_010.E.20150910","DW9ihRbrMtn+HN2c8wy+ah4bCCRjKrIg0JWdI+mAig4=","carabid","CARSP14","Carabidae sp.","family",,"Latreille","D10.2015.MorphE",1,"Other","Ji4OKY0OpaizoADG5Ld/1EOoa9fAPmT/","Ji4OKY0OpaizoADG5Ld/1EOoa9fAPmT/","Rhadine sp. Shapely pronotum. Punctation around edges of elytra. Entirely rufous in color"
"03980c0f-c253-4174-b7b9-9e59d64db214","CPER_009.basePlot.bet","D10","CPER","CPER_009","E","2015-08-27","2015-09-10","2015-09-11","2016-03-12","2016-03-12","CPER_009.E.20150910","KY+Aed9dLRtPx5j6knVrgHlHUnWLb02S/IG2uPDzrRg=","carabid","SELPLA","Selenophorus planipennis","species",,"LeConte",,7,"Other","Ji4OKY0OpaizoADG5Ld/1EOoa9fAPmT/","Ji4OKY0OpaizoADG5Ld/1EOoa9fAPmT/",
"19a311d2-07c2-4eb4-90d9-ebcdbbd6a52a","CPER_008.basePlot.bet","D10","CPER","CPER_008","E","2015-08-27","2015-09-10","2015-09-11","2016-03-12","2016-03-12","CPER_008.E.20150910","kqngcYlCVJ75Bh29DXtlM6LEOuLFmdXz3RynczzbH3s=","carabid","CARSP14","Carabidae sp.","family",,"Latreille","D10.2015.MorphF",1,"Other","Ji4OKY0OpaizoADG5Ld/1EOoa9fAPmT/","Ji4OKY0OpaizoADG5Ld/1EOoa9fAPmT/","shapely pronotum with wider posterior end. Slightly red in intervals."
"76aaeb93-d97c-431b-8fce-9b475eecaec8","CPER_003.basePlot.bet","D10","CPER","CPER_003","E","2015-08-27","2015-09-10","2015-09-11","2016-03-11","2016-03-11","CPER_003.E.20150910","omCPNZnkoGT/LO+3sbrEpdM9X9RDJlXhv6DEKj/wyik=","carabid","AMALAT","Amara latior","species",,"Kirby",,1,"Other","XXW8BqPXtz8O/NjgqA/M055oks+wo6V4","XXW8BqPXtz8O/NjgqA/M055oks+wo6V4",
"731b6ade-aa21-4370-a045-ea4534c742c5","CPER_007.basePlot.bet","D10","CPER","CPER_007","E","2015-08-27","2015-09-10","2015-09-11","2016-03-14","2016-03-14","CPER_007.E.20150910","SOIi55Lib0K4XwXDLPGdv+kMwaRRGuvWpm15Jsma/Bk=","carabid","CARSP14","Carabidae sp.","family",,"Latreille","D10.2015.MorphK",1,"Other","ogjyrGrm3ZwJtEIV6g3OdQaEOdluA3eH","ogjyrGrm3ZwJtEIV6g3OdQaEOdluA3eH","probably AGOCON. Small species with rounded prototum. Often with rufous pronotum and darker head and elytra. One setae above eye."
"64135d3e-e3f4-49ce-8972-528c56551992","CPER_005.basePlot.bet","D10","CPER","CPER_005","E","2015-08-27","2015-09-10","2015-09-11","2016-03-11","2016-03-11","CPER_005.E.20150910","e1AKewEwvnF0peDlcOGz4ZMZDbjZ3Tqsc/6Gkl63amg=","carabid","PASELO","Pasimachus elongatus","species",,"LeConte",,2,"Other","XXW8BqPXtz8O/NjgqA/M055oks+wo6V4","XXW8BqPXtz8O/NjgqA/M055oks+wo6V4",
"46dd70a0-baf5-490b-9ef4-524f3c237cf0","CPER_001.basePlot.bet","D10","CPER","CPER_001","E","2015-08-27","2015-09-10","2015-09-11","2016-03-11","2016-03-11","CPER_001.E.20150910","BEtTVHT1LvGmeSf6iWM9MCi8zQObTn3KE1hbg8p9ymQ=","carabid","DISPAR1","Discoderus parallelus","species",,"Haldeman",,1,"Other","ogjyrGrm3ZwJtEIV6g3OdQaEOdluA3eH","ogjyrGrm3ZwJtEIV6g3OdQaEOdluA3eH",
"00066082-e013-4978-94dd-a611b38d0bf4","CPER_003.basePlot.bet","D10","CPER","CPER_003","E","2015-08-27","2015-09-10","2015-09-11","2016-03-11","2016-03-11","CPER_003.E.20150910","omCPNZnkoGT/LO+3sbrEpdZfk+xFUg1runu1KNApAYI=","carabid","AMACON3","Amara convexa","species",,"LeConte",,1,"Other","XXW8BqPXtz8O/NjgqA/M055oks+wo6V4","XXW8BqPXtz8O/NjgqA/M055oks+wo6V4",
"93de3a69-26a3-4ccd-8367-c747a6dbceef","CPER_002.basePlot.bet","D10","CPER","CPER_002","E","2015-08-27","2015-09-10","2015-09-11","2016-03-11","2016-03-11","CPER_002.E.20150910","OMNGlFKVPvQ/Rtp3zTxlWlEgaCMJ5rhrGxBVZaK35mE=","carabid","SELPLA","Selenophorus planipennis","species",,"LeConte",,4,"Other","ogjyrGrm3ZwJtEIV6g3OdQaEOdluA3eH","ogjyrGrm3ZwJtEIV6g3OdQaEOdluA3eH",
"6f655871-dfbb-4fff-b00d-24e9464f3157","CPER_008.basePlot.bet","D10","CPER","CPER_008","E","2015-08-27","2015-09-10","2015-09-11","2016-03-12","2016-03-12","CPER_008.E.20150910","kqngcYlCVJ75Bh29DXtlMyiXhXAwZoJmaC5RqlLxqKw=","carabid","AMAOBE","Amara obesa","species",,"Say",,1,"Other","Ji4OKY0OpaizoADG5Ld/1EOoa9fAPmT/","Ji4OKY0OpaizoADG5Ld/1EOoa9fAPmT/",
"1f384a08-3707-48af-b812-b4e306b38a85","CPER_007.basePlot.bet","D10","CPER","CPER_007","E","2015-08-27","2015-09-10","2015-09-11","2016-03-14","2016-03-14","CPER_007.E.20150910","SOIi55Lib0K4XwXDLPGdv8tc6vDv0wAjh6S1bwgmDDQ=","carabid","PASELO","Pasimachus elongatus","species",,"LeConte",,1,"Other","ogjyrGrm3ZwJtEIV6g3OdQaEOdluA3eH","ogjyrGrm3ZwJtEIV6g3OdQaEOdluA3eH",
"5a7cfcd5-823e-4e84-af3d-7233c7fc8d93","CPER_008.basePlot.bet","D10","CPER","CPER_008","E","2015-08-27","2015-09-10","2015-09-11","2016-03-12","2016-03-12","CPER_008.E.20150910","kqngcYlCVJ75Bh29DXtlM2eKvFdFmo2hQ6UIvmLJmCA=","carabid","SELPLA","Selenophorus planipennis","species",,"LeConte",,2,"Other","Ji4OKY0OpaizoADG5Ld/1EOoa9fAPmT/","Ji4OKY0OpaizoADG5Ld/1EOoa9fAPmT/",
"deb1c0f1-0b6c-4b47-971e-88b6650d8c21","CPER_001.basePlot.bet","D10","CPER","CPER_001","E","2015-08-27","2015-09-10","2015-09-11","2016-03-04",,"CPER_001.E.20150910","BEtTVHT1LvGmeSf6iWM9MIOo/6GDfkYvOkhShgScKI4=","invert bycatch",,,,,,,,,,"XXW8BqPXtz8O/NjgqA/M055oks+wo6V4",
"bca5d14a-b35a-4b04-9b58-5f7478526597","CPER_009.basePlot.bet","D10","CPER","CPER_009","E","2015-08-27","2015-09-10","2015-09-11","2016-03-08",,"CPER_009.E.20150910","KY+Aed9dLRtPx5j6knVrgLQd0j9llguFg9PiVKSd5lc=","invert bycatch",,,,,,,,,,"ogjyrGrm3ZwJtEIV6g3OdQaEOdluA3eH",
"464977cc-aa91-43f5-b374-dbc1b1485d55","CPER_008.basePlot.bet","D10","CPER","CPER_008","E","2015-08-27","2015-09-10","2015-09-11","2016-03-07",,"CPER_008.E.20150910","kqngcYlCVJ75Bh29DXtlM9X44V2VYaSZ6VyAChxQZWM=","invert bycatch",,,,,,,,,,"Rjv/PyMx3k6M7sf4tS2+iwaMgHOBwpA0",
"299df382-4da3-4776-b56d-514feca72453","CPER_010.basePlot.bet","D10","CPER","CPER_010","E","2015-08-27","2015-09-10","2015-09-11","2016-03-07",,"CPER_010.E.20150910","DW9ihRbrMtn+HN2c8wy+alUM/XYxqlLuJlqvW4Gc62c=","invert bycatch",,,,,,,,,,"Rjv/PyMx3k6M7sf4tS2+iwaMgHOBwpA0",
"40428fb1-7ea8-4410-9f68-d7468a44e1c3","CPER_005.basePlot.bet","D10","CPER","CPER_005","E","2015-08-27","2015-09-10","2015-09-11","2016-03-11","2016-03-11","CPER_005.E.20150910","e1AKewEwvnF0peDlcOGz4VU85/InFqxKKZP1Pqyuh5M=","carabid","CARSP14","Carabidae sp.","family",,"Latreille","D10.2015.MorphM",2,"Other","XXW8BqPXtz8O/NjgqA/M055oks+wo6V4","XXW8BqPXtz8O/NjgqA/M055oks+wo6V4","Cymindis sp. Legs and antenna rufous in color. Body piceous. Latter margins of pronotum translucent. Punctuation all over head and pronotum and down stria."
"f82068b8-3132-4add-8ec1-8aa3c4936a78","CPER_002.basePlot.bet","D10","CPER","CPER_002","E","2015-08-27","2015-09-10","2015-09-11","2016-03-04",,"CPER_002.E.20150910","OMNGlFKVPvQ/Rtp3zTxlWlVJ/JmNv0Vz0rRhtrxAi9Q=","invert bycatch",,,,,,,,,,"XXW8BqPXtz8O/NjgqA/M055oks+wo6V4",
"99e801c9-ca8c-41d7-8921-c350f0d935c9","CPER_004.basePlot.bet","D10","CPER","CPER_004","E","2015-08-27","2015-09-10","2015-09-11","2016-03-07","2016-03-07","CPER_004.E.20150910","eSCyThC0ZO4/6XSI6K5eMkG/rqm65cwoXi4rBCZO+sM=","vert bycatch herp","PLEMUL","Plestiodon multivirgatus","species",,"Hallowell",,1,"Other","YQGD7F95APlUwE2tMnAo5z6OP2oWhM90jU8ejoIs6uE=","YQGD7F95APlUwE2tMnAo5z6OP2oWhM90jU8ejoIs6uE=",
"ef1b8b8c-52ae-45db-9cbb-0f14f138ce19","CPER_007.basePlot.bet","D10","CPER","CPER_007","E","2015-08-27","2015-09-10","2015-09-11","2016-03-09",,"CPER_007.E.20150910","SOIi55Lib0K4XwXDLPGdv0ecyLj3SfedB2dIV/li72A=","invert bycatch",,,,,,,,,,"ogjyrGrm3ZwJtEIV6g3OdQaEOdluA3eH",
"e08da967-c5ba-49e4-95c3-a7f297278a95","CPER_006.basePlot.bet","D10","CPER","CPER_006","E","2015-08-27","2015-09-10","2015-09-11","2016-03-08",,"CPER_006.E.20150910","NHMCrMp+/ZWnq0ZeLB6HssLRkUPeBT63n9e0bfNwsbY=","invert bycatch",,,,,,,,,,"ogjyrGrm3ZwJtEIV6g3OdQaEOdluA3eH",
"a31cace7-ad19-4c07-b16e-56e97f6ba9e8","CPER_005.basePlot.bet","D10","CPER","CPER_005","E","2015-08-27","2015-09-10","2015-09-11","2016-03-08",,"CPER_005.E.20150910","e1AKewEwvnF0peDlcOGz4Vp9HGbv7v0LV5ZOL6mHoEg=","invert bycatch",,,,,,,,,,"ogjyrGrm3ZwJtEIV6g3OdQaEOdluA3eH",
"f0292a9c-6fe9-49f0-a8d1-b8e4d86d0ca5","CPER_003.basePlot.bet","D10","CPER","CPER_003","E","2015-08-27","2015-09-10","2015-09-11","2016-03-08",,"CPER_003.E.20150910","omCPNZnkoGT/LO+3sbrEpcYdVc09exI6IKGZ97EdMBg=","invert bycatch",,,,,,,,,,"ogjyrGrm3ZwJtEIV6g3OdQaEOdluA3eH",
"0e3108da-0d06-47e5-8999-eee9d46ef3dd","CPER_004.basePlot.bet","D10","CPER","CPER_004","E","2015-08-27","2015-09-10","2015-09-11","2016-03-07",,"CPER_004.E.20150910","eSCyThC0ZO4/6XSI6K5eMhT8PHUX3e9fZsjShhhmZBY=","invert bycatch",,,,,,,,,,"XXW8BqPXtz8O/NjgqA/M055oks+wo6V4",
"7f770ce6-04b7-4112-b087-3d4102dad0d9","CPER_010.basePlot.bet","D10","CPER","CPER_010","N","2015-08-27","2015-09-10","2015-09-11","2016-03-07","2016-03-07","CPER_010.N.20150910","DW9ihRbrMtlK50XVfY/t8xFhEZxQkrKKqS7BBXaLLB8=","vert bycatch herp","PLEMUL","Plestiodon multivirgatus","species",,"Hallowell",,1,"Other","Rjv/PyMx3k6M7sf4tS2+iwaMgHOBwpA0","Rjv/PyMx3k6M7sf4tS2+iwaMgHOBwpA0",
"2a364d71-778b-4494-864a-dd4650fc4ecb","CPER_006.basePlot.bet","D10","CPER","CPER_006","N","2015-08-27","2015-09-10","2015-09-11","2016-03-08",,"CPER_006.N.20150910","NHMCrMp+/ZWOow5qJguFE6YlYhLvOE+r2Dm82R4t5pU=","invert bycatch",,,,,,,,,,"ogjyrGrm3ZwJtEIV6g3OdQaEOdluA3eH",
"47feafda-ef81-496a-98e5-979ee2976f67","CPER_009.basePlot.bet","D10","CPER","CPER_009","N","2015-08-27","2015-09-10","2015-09-11","2016-03-12","2016-03-12","CPER_009.N.20150910","KY+Aed9dLRs9Os5MEMz0IERbS1Gysnsi6AW7dqCRQ4A=","carabid","CRADUB","Cratacanthus dubius","species",,"Palisot de Beauvois",,1,"Other","Ji4OKY0OpaizoADG5Ld/1EOoa9fAPmT/","Ji4OKY0OpaizoADG5Ld/1EOoa9fAPmT/",
"3207130f-d7d5-4207-a92f-2c9c1b640758","CPER_009.basePlot.bet","D10","CPER","CPER_009","N","2015-08-27","2015-09-10","2015-09-11","2016-03-12","2016-03-12","CPER_009.N.20150910","KY+Aed9dLRs9Os5MEMz0IGEyidhnqJIwRLs+MkMZrxA=","carabid","CARSP14","Carabidae sp.","family",,"Latreille","D10.2015.MorphD",1,"Other","Ji4OKY0OpaizoADG5Ld/1EOoa9fAPmT/","Ji4OKY0OpaizoADG5Ld/1EOoa9fAPmT/","Helluomorphoides sp. Heavily punctated all over. Rufous in color. Long slender elytra with squarish apex."
"f58ce033-c8e5-48f7-a4b9-824cfdbb9aad","CPER_006.basePlot.bet","D10","CPER","CPER_006","N","2015-08-27","2015-09-10","2015-09-11","2016-03-14","2016-03-14","CPER_006.N.20150910","NHMCrMp+/ZWOow5qJguFE9sXlhwgfm39vV+X338ZPcY=","carabid","CARSP14","Carabidae sp.","family",,"Latreille","D10.2015.MorphC",1,"Other","ogjyrGrm3ZwJtEIV6g3OdQaEOdluA3eH","ogjyrGrm3ZwJtEIV6g3OdQaEOdluA3eH","slightly larger than AMACON3. Only segments 1 and 2 of antenna rufous. Two slight fovea on pronotum. Pronotum relatively smooth."
"b5899ac6-87aa-457e-9690-6f271b9ebf8f","CPER_007.basePlot.bet","D10","CPER","CPER_007","N","2015-08-27","2015-09-10","2015-09-11","2016-03-11","2016-03-14","CPER_007.N.20150910","SOIi55Lib0KuwLYH8QEdpBbSueo6N7KPqX64H0885Ks=","carabid","CRADUB","Cratacanthus dubius","species",,"Palisot de Beauvois",,3,"Other","XXW8BqPXtz8O/NjgqA/M055oks+wo6V4","XXW8BqPXtz8O/NjgqA/M055oks+wo6V4",
"0ae4dcf1-1254-4486-87f3-7913892506d7","CPER_006.basePlot.bet","D10","CPER","CPER_006","N","2015-08-27","2015-09-10","2015-09-11","2016-03-14","2016-03-14","CPER_006.N.20150910","NHMCrMp+/ZWOow5qJguFE0ipvjX56eFWtIhwlZ4KdYQ=","carabid","MICLIN2","Microlestes linearis","species",,"LeConte",,1,"Other","ogjyrGrm3ZwJtEIV6g3OdQaEOdluA3eH","ogjyrGrm3ZwJtEIV6g3OdQaEOdluA3eH",
"fba9b854-6066-46dd-8e46-0d2018d73aea","CPER_004.basePlot.bet","D10","CPER","CPER_004","N","2015-08-27","2015-09-10","2015-09-11","2016-03-14","2016-03-14","CPER_004.N.20150910","eSCyThC0ZO6mu2ZSEN4o8tvXDqsj4JnrmB0dQJk0/X8=","carabid","CRADUB","Cratacanthus dubius","species",,"Palisot de Beauvois",,3,"Other","ogjyrGrm3ZwJtEIV6g3OdQaEOdluA3eH","ogjyrGrm3ZwJtEIV6g3OdQaEOdluA3eH",
"db6bfd72-58b6-40b6-9a28-cc48c85755da","CPER_001.basePlot.bet","D10","CPER","CPER_001","N","2015-08-27","2015-09-10","2015-09-11","2016-03-11","2016-03-11","CPER_001.N.20150910","BEtTVHT1LvGOinTJsTLHD+IXuzBfnMOW//pcGwlH/Lw=","carabid","PASELO","Pasimachus elongatus","species",,"LeConte",,1,"Other","ogjyrGrm3ZwJtEIV6g3OdQaEOdluA3eH","ogjyrGrm3ZwJtEIV6g3OdQaEOdluA3eH",
"d14dcb6d-36f4-4ad7-bfee-66981b0dda76","CPER_008.basePlot.bet","D10","CPER","CPER_008","N","2015-08-27","2015-09-10","2015-09-11","2016-03-12","2016-03-12","CPER_008.N.20150910","kqngcYlCVJ4w2uFYReEs+2e8FBoJVKmnDBx5KWSqq9Q=","carabid","SELPLA","Selenophorus planipennis","species",,"LeConte",,1,"Other","Ji4OKY0OpaizoADG5Ld/1EOoa9fAPmT/","Ji4OKY0OpaizoADG5Ld/1EOoa9fAPmT/",
"a805500c-1422-4f0b-8d3d-2f2a64277729","CPER_009.basePlot.bet","D10","CPER","CPER_009","N","2015-08-27","2015-09-10","2015-09-11","2016-03-12","2016-03-12","CPER_009.N.20150910","KY+Aed9dLRs9Os5MEMz0IDIGvGip3leIh+BObV+x/8c=","carabid","PASELO","Pasimachus elongatus","species",,"LeConte",,2,"Other","Ji4OKY0OpaizoADG5Ld/1EOoa9fAPmT/","Ji4OKY0OpaizoADG5Ld/1EOoa9fAPmT/",
"3ae1b02e-3d2b-4aed-8d12-b947e45d65e3","CPER_006.basePlot.bet","D10","CPER","CPER_006","N","2015-08-27","2015-09-10","2015-09-11","2016-03-14","2016-03-14","CPER_006.N.20150910","NHMCrMp+/ZWOow5qJguFE4RB8TVJSELwOB/exDw7V2Q=","carabid","SELPLA","Selenophorus planipennis","species",,"LeConte",,1,"Other","ogjyrGrm3ZwJtEIV6g3OdQaEOdluA3eH","ogjyrGrm3ZwJtEIV6g3OdQaEOdluA3eH",
"bde3e22b-5f67-4793-821b-05176385faa5","CPER_003.basePlot.bet","D10","CPER","CPER_003","N","2015-08-27","2015-09-10","2015-09-11","2016-03-11","2016-03-11","CPER_003.N.20150910","omCPNZnkoGQ4EY4+lZjleV+glXwoqZGwnMMn8nF7hOA=","carabid","CRADUB","Cratacanthus dubius","species",,"Palisot de Beauvois",,1,"Other","XXW8BqPXtz8O/NjgqA/M055oks+wo6V4","XXW8BqPXtz8O/NjgqA/M055oks+wo6V4",
"3456f2ae-cb7b-4be7-80e1-618982734640","CPER_008.basePlot.bet","D10","CPER","CPER_008","N","2015-08-27","2015-09-10","2015-09-11","2016-03-12","2016-03-12","CPER_008.N.20150910","kqngcYlCVJ4w2uFYReEs+7nxWDsE92WaQNaLKpjdHN4=","carabid","CRADUB","Cratacanthus dubius","species",,"Palisot de Beauvois",,3,"Other","Ji4OKY0OpaizoADG5Ld/1EOoa9fAPmT/","Ji4OKY0OpaizoADG5Ld/1EOoa9fAPmT/",
"e27adf8a-6ea1-4cfb-8b4d-71d18b41ff43","CPER_009.basePlot.bet","D10","CPER","CPER_009","N","2015-08-27","2015-09-10","2015-09-11","2016-03-12","2016-03-12","CPER_009.N.20150910","KY+Aed9dLRs9Os5MEMz0IGCnFtuqNkSN1CWmdrux9ts=","carabid","SELPLA","Selenophorus planipennis","species",,"LeConte",,1,"Other","Ji4OKY0OpaizoADG5Ld/1EOoa9fAPmT/","Ji4OKY0OpaizoADG5Ld/1EOoa9fAPmT/",
"51ef1831-e66b-4a82-8605-a211d486b47a","CPER_004.basePlot.bet","D10","CPER","CPER_004","N","2015-08-27","2015-09-10","2015-09-11","2016-03-14","2016-03-14","CPER_004.N.20150910","eSCyThC0ZO6mu2ZSEN4o8l+dpr6oM6DoZqrqK+zcxMg=","carabid","EURGRO","Euryderus grossus","species",,"Say",,1,"Other","ogjyrGrm3ZwJtEIV6g3OdQaEOdluA3eH","ogjyrGrm3ZwJtEIV6g3OdQaEOdluA3eH",
"d2c89002-db51-4bf5-a1ea-2fb8d1050409","CPER_008.basePlot.bet","D10","CPER","CPER_008","N","2015-08-27","2015-09-10","2015-09-11","2016-03-12","2016-03-12","CPER_008.N.20150910","kqngcYlCVJ4w2uFYReEs+2GE5GaLb5MtRp211nZ8rII=","carabid","DISPAR1","Discoderus parallelus","species",,"Haldeman",,2,"Other","Ji4OKY0OpaizoADG5Ld/1EOoa9fAPmT/","Ji4OKY0OpaizoADG5Ld/1EOoa9fAPmT/",
"6ed2ceed-94e5-4a37-a9ef-61aec029aa86","CPER_002.basePlot.bet","D10","CPER","CPER_002","N","2015-08-27","2015-09-10","2015-09-11","2016-03-11","2016-03-11","CPER_002.N.20150910","OMNGlFKVPvSRc1yZQBvTIfoOZnMWcSAn7uY8w1GHdJ4=","carabid","PASELO","Pasimachus elongatus","species",,"LeConte",,1,"Other","ogjyrGrm3ZwJtEIV6g3OdQaEOdluA3eH","ogjyrGrm3ZwJtEIV6g3OdQaEOdluA3eH",
"074cd446-9371-438c-90fc-21d931e2cc3a","CPER_009.basePlot.bet","D10","CPER","CPER_009","N","2015-08-27","2015-09-10","2015-09-11","2016-03-12","2016-03-12","CPER_009.N.20150910","KY+Aed9dLRs9Os5MEMz0IGEyidhnqJIwfffK/bYpSbk=","carabid","CARSP14","Carabidae sp.","family",,"Latreille","D10.2015.MorphK",1,"Other","Ji4OKY0OpaizoADG5Ld/1EOoa9fAPmT/","Ji4OKY0OpaizoADG5Ld/1EOoa9fAPmT/","probably AGOCON. Small species with rounded prototum. Often with rufous pronotum and darker head and elytra. One setae above eye."
"4ea3ae49-c31a-4682-a4f4-3a73fc877f35","CPER_004.basePlot.bet","D10","CPER","CPER_004","N","2015-08-27","2015-09-10","2015-09-11","2016-03-14","2016-03-14","CPER_004.N.20150910","eSCyThC0ZO6mu2ZSEN4o8s3ttleyDvGs+nL83ZJBdQw=","carabid","HARCAL","Harpalus caliginosus","species",,"Fabricius",,1,"Other","ogjyrGrm3ZwJtEIV6g3OdQaEOdluA3eH","ogjyrGrm3ZwJtEIV6g3OdQaEOdluA3eH",
"91165672-cae2-4a9b-84ff-6d6da53e0222","CPER_002.basePlot.bet","D10","CPER","CPER_002","N","2015-08-27","2015-09-10","2015-09-11","2016-03-04",,"CPER_002.N.20150910","OMNGlFKVPvSRc1yZQBvTIcFuK9akkR2D11HFp0pzWCs=","invert bycatch",,,,,,,,,,"XXW8BqPXtz8O/NjgqA/M055oks+wo6V4",
"a5154e64-41ff-499c-80ba-f58846793fc6","CPER_003.basePlot.bet","D10","CPER","CPER_003","N","2015-08-27","2015-09-10","2015-09-11","2016-03-08",,"CPER_003.N.20150910","omCPNZnkoGQ4EY4+lZjleRyv3xslT0ga40Zr00a1w18=","invert bycatch",,,,,,,,,,"ogjyrGrm3ZwJtEIV6g3OdQaEOdluA3eH",
"174e271c-1e6b-48d4-ae1c-ef4a7c85456f","CPER_009.basePlot.bet","D10","CPER","CPER_009","N","2015-08-27","2015-09-10","2015-09-11","2016-03-08",,"CPER_009.N.20150910","KY+Aed9dLRs9Os5MEMz0ILCPXmiwNqTKR91j8LFsCzQ=","invert bycatch",,,,,,,,,,"ogjyrGrm3ZwJtEIV6g3OdQaEOdluA3eH",
"c1b7783a-aea5-41ab-b83c-13c7571e0780","CPER_007.basePlot.bet","D10","CPER","CPER_007","N","2015-08-27","2015-09-10","2015-09-11","2016-03-07",,"CPER_007.N.20150910","SOIi55Lib0KuwLYH8QEdpCIx2AiE1olq1fb4o6VZf6Y=","invert bycatch",,,,,,,,,,"ogjyrGrm3ZwJtEIV6g3OdQaEOdluA3eH",
"1d365ea0-f0d3-4a87-8d17-051577091de1","CPER_005.basePlot.bet","D10","CPER","CPER_005","N","2015-08-27","2015-09-10","2015-09-11","2016-03-08",,"CPER_005.N.20150910","e1AKewEwvnFbnAU6tiiq4TkY4jnfGPYQ8szoGenPLgE=","invert bycatch",,,,,,,,,,"ogjyrGrm3ZwJtEIV6g3OdQaEOdluA3eH",
"adbea1d8-f8d1-42ba-a402-f15f41d44fe7","CPER_010.basePlot.bet","D10","CPER","CPER_010","N","2015-08-27","2015-09-10","2015-09-11","2016-03-07",,"CPER_010.N.20150910","DW9ihRbrMtlK50XVfY/t8yziqiWIDZBJ1A0hdrgJL1U=","invert bycatch",,,,,,,,,,"Rjv/PyMx3k6M7sf4tS2+iwaMgHOBwpA0",
"43194259-8da4-42e2-a08e-2ea69f8726f2","CPER_001.basePlot.bet","D10","CPER","CPER_001","N","2015-08-27","2015-09-10","2015-09-11","2016-03-04",,"CPER_001.N.20150910","BEtTVHT1LvGOinTJsTLHDz4k2hmw0++LvmN0HI6S63U=","invert bycatch",,,,,,,,,,"XXW8BqPXtz8O/NjgqA/M055oks+wo6V4",
"fcebbba1-6642-4b89-a257-5b3c004dd619","CPER_008.basePlot.bet","D10","CPER","CPER_008","N","2015-08-27","2015-09-10","2015-09-11","2016-03-07",,"CPER_008.N.20150910","kqngcYlCVJ4w2uFYReEs+3P8+XgYCxFOOH7yiQCo0WM=","invert bycatch",,,,,,,,,,"Rjv/PyMx3k6M7sf4tS2+iwaMgHOBwpA0",
"6582a251-74fa-4f2c-a212-2b635bddd594","CPER_004.basePlot.bet","D10","CPER","CPER_004","N","2015-08-27","2015-09-10","2015-09-11","2016-03-07",,"CPER_004.N.20150910","eSCyThC0ZO6mu2ZSEN4o8uPjcGCZ8ZcI6H8N36pr3h8=","invert bycatch",,,,,,,,,,"XXW8BqPXtz8O/NjgqA/M055oks+wo6V4",
"f95fc12a-66d5-4454-b294-6b595e495e42","CPER_008.basePlot.bet","D10","CPER","CPER_008","S","2015-08-27","2015-09-10","2015-09-11","2016-03-07",,"CPER_008.S.20150910","kqngcYlCVJ4Lw/Dkxc6jpH09UgNJyuc4O1qoXanKlrw=","invert bycatch",,,,,,,,,,"Rjv/PyMx3k6M7sf4tS2+iwaMgHOBwpA0",
"1aa1660a-e187-45ad-92f2-73118c5754f2","CPER_005.basePlot.bet","D10","CPER","CPER_005","S","2015-08-27","2015-09-10","2015-09-11","2016-03-11","2016-03-11","CPER_005.S.20150910","e1AKewEwvnFtOKGYXMgmk8PA0RQCCwX//CMpRDCLNgs=","carabid","CARSP14","Carabidae sp.","family",,"Latreille","D10.2015.MorphM",5,"Other","XXW8BqPXtz8O/NjgqA/M055oks+wo6V4","XXW8BqPXtz8O/NjgqA/M055oks+wo6V4","Cymindis sp. Legs and antenna rufous in color. Body piceous. Latter margins of pronotum translucent. Punctuation all over head and pronotum and down stria."
"3eba9198-e1d7-4811-9a7c-96a5bd5db207","CPER_002.basePlot.bet","D10","CPER","CPER_002","S","2015-08-27","2015-09-10","2015-09-11","2016-03-11","2016-03-11","CPER_002.S.20150910","OMNGlFKVPvQ4Ypsx+quWf4L9HCjVmqOqIz9XMTlqbKo=","carabid","CRADUB","Cratacanthus dubius","species",,"Palisot de Beauvois",,3,"Other","ogjyrGrm3ZwJtEIV6g3OdQaEOdluA3eH","ogjyrGrm3ZwJtEIV6g3OdQaEOdluA3eH",
"3d780081-b88f-427d-89f6-ee24af7c6c0e","CPER_006.basePlot.bet","D10","CPER","CPER_006","S","2015-08-27","2015-09-10","2015-09-11","2016-03-14","2016-03-14","CPER_006.S.20150910","NHMCrMp+/ZU4QJif5H5+ZEFAqzpaY7JZIM1awTloYQA=","carabid","CARSP14","Carabidae sp.","family",,"Latreille","D10.2015.MorphI",1,"Other","ogjyrGrm3ZwJtEIV6g3OdQaEOdluA3eH","ogjyrGrm3ZwJtEIV6g3OdQaEOdluA3eH","Harpalus sp. 90 degree anterior angle that fans out over the elytra. Probably either HAROPA or HARELL."
"6c257fcc-2a7e-4ccb-b6a6-2ede92e858d0","CPER_003.basePlot.bet","D10","CPER","CPER_003","S","2015-08-27","2015-09-10","2015-09-11","2016-03-11","2016-03-11","CPER_003.S.20150910","omCPNZnkoGSR7k6XX2iQSQQKPbrL330i2RXrTEu2gYo=","carabid","AMACON3","Amara convexa","species",,"LeConte",,3,"Other","XXW8BqPXtz8O/NjgqA/M055oks+wo6V4","XXW8BqPXtz8O/NjgqA/M055oks+wo6V4",
"a35ee4d7-65ac-4654-bf83-64c9d368ff5f","CPER_006.basePlot.bet","D10","CPER","CPER_006","S","2015-08-27","2015-09-10","2015-09-11","2016-03-14","2016-03-14","CPER_006.S.20150910","NHMCrMp+/ZU4QJif5H5+ZO4cNEzERlucmDHhcOqVyss=","carabid","CRADUB","Cratacanthus dubius","species",,"Palisot de Beauvois",,4,"Other","ogjyrGrm3ZwJtEIV6g3OdQaEOdluA3eH","ogjyrGrm3ZwJtEIV6g3OdQaEOdluA3eH",
