uid,namedLocation,domainID,siteID,plotID,setDate,collectDate,processingDate,subsampleIDList,archiveVialID,scientificName,recordedBy,remarks
"3f632686-9ea3-41c6-90f3-cdfdce9743b9","CPER_004.basePlot.bet","D10","CPER","CPER_004","2016-08-25","2016-09-08","2016-09-28","eSCyThC0ZO7Z8HwXncMQ8/GJO/Qs0tmKMcHtjwNgSaSgrDAI9Ca2iqGHmaVCYy9Pynd4e/w4Zo/+riFfN8MuvMvpFEcof+kGYcRMNByAm56wm/2Yej2cxrVjivGHWDTHHtATk/5fBEM=","eSCyThC0ZO4KJzgRNAUwXmM5emm4FlOh",,,
"95422ea9-bbb3-41a5-9c25-4f8284b2085d","CPER_002.basePlot.bet","D10","CPER","CPER_002","2016-08-25","2016-09-08","2016-09-28","OMNGlFKVPvROFlwUjzTlLqANVoImsA5EkTwQkILzG2b/1ES5oV+8BR7/GbWJ0X1+bOnA/8HEGcn1wDDmBh6ArtqPIZnR/i1ZRLUEtql+iSMJqOg3CZHnpx3VXlqfxme1+7CrMqAy6ao=","OMNGlFKVPvTohPGMu/CM2zhiS6HT7cn0",,,
"d062b164-d5f9-4891-83b7-09e74e6fbbae","CPER_006.basePlot.bet","D10","CPER","CPER_006","2016-08-25","2016-09-08","2016-09-28","NHMCrMp+/ZU42xsb7uhkh+2uX83tgKiqBHEkXsKwkolzv/ISdgS5SWbUL9TIehyaQiMK2Zuiw6/ivvjFSTo696OdhuqMyzcEPwNhzUd0TUP7Jjq/ZEtcBRPxMcnHC6DOVtBpDukoswY=","NHMCrMp+/ZUviuiSKHhM6djhWG6Sx19H",,,
"baa1dca0-3dd5-4d39-9453-8dc8c63d0769","CPER_009.basePlot.bet","D10","CPER","CPER_009","2016-08-25","2016-09-08","2016-09-28","KY+Aed9dLRtMfeumMywSKVAMIAf7hNrx37iit3xg4GSulamCp2HvlAsiMisxBorQMOdVsP2ZYrRi7TIfWQ5WSDsZXya+ns1JqGrq+jCBgMCJJDdjEKAT1f31aF3efbcMqMifj+ODvMw=","KY+Aed9dLRt+XipUwnR7QX/1EbZMNSMm",,,
"0377f19e-69aa-4d2b-a664-71579151203a","CPER_008.basePlot.bet","D10","CPER","CPER_008","2016-08-25","2016-09-08","2016-09-28","kqngcYlCVJ6RTpAUD89Xbyy5uNlSpARJJVvw9d1Iv1eWQBCN9VCcM/eBgC6+8qFGiCZJo1RdGTfvZJcLV6UaY/mJc0TomuhINhSQjrhRf1KsqeSxx4xx4vYmHHIYBeLkep61a1rrQss=","kqngcYlCVJ7XCQLH5wOJxVQEnb6eugof",,,
"6729c1b0-459d-473d-ae3a-00683b16488d","CPER_010.basePlot.bet","D10","CPER","CPER_010","2016-08-25","2016-09-08","2016-09-28","DW9ihRbrMtmCpKWaSPJZkyBQ08pi1ruNZFjTEYSvspGF/d7TSB7vZF1kXszIBMTXqO719rp/wUqJzmoxwgnShA09hMfqDNCSbyjhuLENjwecFIiWjuR+nHxwW1pMqh95sXOYwjlcg1E=","DW9ihRbrMtnbBpA5qTfADSbPYbb6PE5t",,,
"977f161c-204e-4d43-ae9e-18c0603479aa","CPER_007.basePlot.bet","D10","CPER","CPER_007","2016-08-25","2016-09-08","2016-09-28","SOIi55Lib0IFQ1eb9PLopB76IT1/mApx92W213znfBV1OylxhnO/boj8K1oGfR/e6mnHAystJ5gHlx4O8WmlOmG7ptNwuxSf0Oo4rurvqH5grCOhtki7s0k3UB14FOGFPNwI2DEqwlg=","SOIi55Lib0JG/TNVNTdQtT5qgiVhkgrP",,,
"595564f9-d0eb-4f99-93b6-ff2f6a42e9f5","CPER_005.basePlot.bet","D10","CPER","CPER_005","2016-08-25","2016-09-08","2016-09-28","e1AKewEwvnHrFZfyRqKUqHajXFJnOHMrmPlvdNR+gn+Ymlz8QcNArL+Z2+NA/ej8UQPDG1scBrLZ1zzOgtzTbTAGLcwmlUO6CWMzvlzarmMIL9aSMbeMjZcxjdEyHanS9FbUFexQ1CY=","e1AKewEwvnFdfGyoj4TbMnwnqAm14Vsk",,,
"55ebb473-dd6e-4109-95cb-f186527bdc8e","CPER_003.basePlot.bet","D10","CPER","CPER_003","2016-08-25","2016-09-08","2016-09-28","omCPNZnkoGQP9lmlKNURW0LCqFfIlYDJfH1K9Nvd2kvjDivuXxL+KV2TMrytxJt1yrQxtpFzn0YWNGCD2KdggcHV+iA9FskEGG9mugwqGGgF8iroCVI2+oFnA2n5TG38TZjRzsBZCIY=","omCPNZnkoGSeItOVarw8+RT7YKhB1YQj",,,
"71cd766c-bd82-437e-b8c1-36feea73d61c","CPER_001.basePlot.bet","D10","CPER","CPER_001","2016-08-25","2016-09-08","2016-09-28","BEtTVHT1LvHssZlqN3Ym2xO4BYtWx2CIpE/7lCLshcp/AxZNGFComJIZyNf72hCJz+Z+gTKm4bLReJ1+13Xj8CUEfdffV895swVK3ZV3WYfvQwN+YKRDFfPQdTYFWamgxtwsR/EUmAc=","BEtTVHT1LvFjS2nhZumxD86ufClFWky8",,,
"ae99e4de-5808-4bd3-9411-bba92b0b20ca","CPER_004.basePlot.bet","D10","CPER","CPER_004","2016-09-08","2016-09-22","2016-10-07","eSCyThC0ZO7Z8HwXncMQ81Jx4ZSkUej2zJFjmSO6mTEoLVfruAR1X0lew2vcL0AG1oo0sRtsRILGC2G9USEd5nHnJKk+3+fMipfllLykwFnKcsFV+SQIF1pSlazn0kNUjmFqAMx38hQ=","eSCyThC0ZO61p46eKmxQ9zupIApZxZLF",,,
"eb962662-1808-484b-86aa-8deb83d7ce5a","CPER_006.basePlot.bet","D10","CPER","CPER_006","2016-09-08","2016-09-22","2016-10-06","NHMCrMp+/ZWmMl7HlSTkX9V1AWKLe1fXRbv1YBXEa1ExobKn0cueqp0D2hpKHOV863ho6SgQ0xfna4GEaZuteiD43cjK2fTGgnvibgTKbl/eMfibQl0/T6NNHoZEFRt653TMD2hlvOc=","NHMCrMp+/ZUkLmFC0pRM4PqQamOoecv0",,,
"9a28dbb5-0665-43b9-bbb9-e47a4363105f","CPER_007.basePlot.bet","D10","CPER","CPER_007","2016-09-08","2016-09-22","2016-10-06","SOIi55Lib0I/4NahKE3RsU+gW5Tn2KeveyIDlpg8/onc6c+wPs4B77H2BnJn3eZR1DfhGCJJBpqmgG88Kp9I+D38q/VsqaDNCw9+jNXRrtk6Q39SHh+WsppsB0juEbVTSqX02XYoUTM=","SOIi55Lib0JNYVkwPAki11VYixRs+BLj",,,
"d1dcfaf5-aa65-4b63-809d-d6d064dd4aa3","CPER_008.basePlot.bet","D10","CPER","CPER_008","2016-09-08","2016-09-22","2016-10-06","kqngcYlCVJ4WypzPT4tdpHRwObgUpr5btf8f8sr+cr+CW5OQ/dRZEfUuQ+C8RraJn5NRhXrwgkZHQXgJscDqAj4irMfVWYT21cEkraG+aPejthLCf3fNOhbEMmsk9xg/2mpPe4bTRv0=","kqngcYlCVJ6M3ffNANSnAAWNMF5v7Q4W",,,
"417b2921-28f3-4e76-b98a-7c042e5072ec","CPER_001.basePlot.bet","D10","CPER","CPER_001","2016-09-08","2016-09-22","2016-10-07","BEtTVHT1LvExbFJS54y7UKH3MFe2+v0eea5XPr7Nd7TVxK+6yAoSusdbFnRcj35O3lAQy/62XkzfMzUXLvIk3pyIBkCEKhpjkIufvgiQZz7xkRlrtRVW4cH/7fby64gPT6hlxSPatL0=","BEtTVHT1LvEwnsrHYvmSm89vfxB1WvER",,,
"ed31ef71-5d54-4e5f-853e-1983b2c88424","CPER_010.basePlot.bet","D10","CPER","CPER_010","2016-09-08","2016-09-22","2016-10-06","DW9ihRbrMtmCpKWaSPJZkyqSjuzSAjSzSMDSmy4QK+ypDVB0e7b6PcdDboiy/n3TNiHchRtWwDSWlxX0pfJMVqVnoFvJ/cXzXmGEPyY3Ovc=","DW9ihRbrMtmLxw5qf6ot+QmHb5FMTiYF",,,
"ea05e40c-adcc-4b88-ba56-b93d2f1c03a4","CPER_005.basePlot.bet","D10","CPER","CPER_005","2016-09-08","2016-09-22","2016-10-07","e1AKewEwvnG3+ccxepFdV/KF2lyUrOxc4HKlcVNeUq6Mhs8k8OBElHuIUVYAF+u60skCr4clyFvebv923cvkAiCPKl1roiDsTUdotIGcLi3yGV/eq8UYfatP81XYOxKy+DhQC4z+LTA=","e1AKewEwvnGYctug/C/VGsfI6oMhM7Fx",,,
"c5e1c78d-387b-4076-8284-fee1028dfed0","CPER_003.basePlot.bet","D10","CPER","CPER_003","2016-09-08","2016-09-22","2016-10-07","omCPNZnkoGR1hbO4uBHFrDwty99XGQQxIBNyjhWulY/CeCWkgClydyYOpc82aS1xXUBOptdkZw2bUs0c2RyCKhzeuBng4vC1W2+DosSu2DWzWiQ+zXPb3UQ/p5knfFcu/D70rV2WYt4=","omCPNZnkoGQG+ieG7RzayH5VQSenM1OF",,,
"deeadcb0-10e9-4384-bcac-a4c53cf1f35c","CPER_002.basePlot.bet","D10","CPER","CPER_002","2016-09-08","2016-09-22","2016-10-07","OMNGlFKVPvQJJObmwEsyrGV8aKEfOmcXLv/17zxyoGEk3f88t38Q3q5VJ4lFrX5oUmud75IUC2w9ow/FjEr4VMSS1HJQ/KZIlKYIJoiQtTV6hl2mFQabBNbPe7k4Z93aQY0PvRiRXgE=","OMNGlFKVPvTQFKbEna3Lxl3olrlaglLv",,,
"70adf519-3a0f-4991-82d0-300513dce283","CPER_009.basePlot.bet","D10","CPER","CPER_009","2016-09-08","2016-09-22","2016-10-06","KY+Aed9dLRsu5N4Vk9Z6VKfRkcoTOO+TNWfYxndHANsH+Py1wkt/11w55bSSUfVzXB39+ounLbD1JNIlvhQdTxH7Uja9RWhspXwDKWkAWK/KAFd9yT/YKgjTodir1cR7cvwEC1zRC3A=","KY+Aed9dLRtedXHkXKUBE9M7pYuPA2DP",,,
