uid,namedLocation,domainID,siteID,plotID,trapID,setDate,collectDate,processingDate,etOHChangeDate,identifiedDate,sampleID,subsampleID,sampleType,taxonID,scientificName,taxonRank,identificationQualifier,scientificNameAuthorship,morphospeciesID,individualCount,identificationReferences,identifiedBy,recordedBy,remarks
"f10c6668-968e-48fe-956b-409186ac397d","CPER_005.basePlot.bet","D10","CPER","CPER_005","W","2016-08-25","2016-09-08","2016-09-09","2017-01-09","2017-01-09","CPER_005.W.20160908","e1AKewEwvnHrFZfyRqKUqKsoZTP4LLB4MENcFWW5JsY=","carabid","CYMINT","Cymindis interior","species",,"Lindroth",,1,"Lindroth, C. H. 1969. The ground-beetles (Carabidae, excl. Cicindelinae) of Canada and Alaska, parts 1-6. Opuscula E. Entomoligiska Sallskapet.","FHSuRnDDEXch2F1N4+O9mztJ2ojXSkEF","jzmKcF+03gcUo1n16tfkmq5o6x6WOPUL",
"2d877659-5057-45fd-8f9c-2b02aa3a622a","CPER_005.basePlot.bet","D10","CPER","CPER_005","N","2016-08-25","2016-09-08","2016-09-09","2017-01-09","2017-01-09","CPER_005.N.20160908","e1AKewEwvnETE+QzWR0w6R3WNMmjy+A4u77dEi0KzxE=","carabid","CYMSP3","Cymindis sp.","genus",,"Latreille","D10.2016.MorphBS",2,"Lindroth, C. H. 1969. The ground-beetles (Carabidae, excl. Cicindelinae) of Canada and Alaska, parts 1-6. Opuscula E. Entomoligiska Sallskapet.","jzmKcF+03gcUo1n16tfkmq5o6x6WOPUL","jzmKcF+03gcUo1n16tfkmq5o6x6WOPUL",
"b90cd112-a4a6-4d8e-b153-e1db7a8cde32","CPER_001.basePlot.bet","D10","CPER","CPER_001","W","2016-08-25","2016-09-08","2016-09-09","2017-01-09","2017-01-09","CPER_001.W.20160908","BEtTVHT1LvHssZlqN3Ym2yFGFMKO0seKFMGpE/HKRHY=","carabid","CICPUN","Cicindela punctulata","species",,"Olivier",,1,"Lindroth, C. H. 1969. The ground-beetles (Carabidae, excl. Cicindelinae) of Canada and Alaska, parts 1-6. Opuscula E. Entomoligiska Sallskapet.","FHSuRnDDEXch2F1N4+O9mztJ2ojXSkEF","FHSuRnDDEXch2F1N4+O9mztJ2ojXSkEF",
"b240b363-dfac-4de0-89e0-7af5f74197c4","CPER_001.basePlot.bet","D10","CPER","CPER_001","N","2016-08-25","2016-09-08","2016-09-09","2017-01-09","2017-01-09","CPER_001.N.20160908","BEtTVHT1LvEZU/sAlJAcdLiil32PWsnBR15zz1MC1lo=","carabid","PASELO","Pasimachus elongatus","species",,"LeConte",,1,"Lindroth, C. H. 1969. The ground-beetles (Carabidae, excl. Cicindelinae) of Canada and Alaska, parts 1-6. Opuscula E. Entomoligiska Sallskapet.","FHSuRnDDEXch2F1N4+O9mztJ2ojXSkEF","FHSuRnDDEXch2F1N4+O9mztJ2ojXSkEF",
"99b42fce-c479-492c-9d88-bb25ebe1e7ef","CPER_001.basePlot.bet","D10","CPER","CPER_001","E","2016-08-25","2016-09-08","2016-09-09","2017-01-09","2017-01-09","CPER_001.E.20160908","BEtTVHT1LvErFJ0fxOdJaRWI3VwwLKstEMXVokaeGLk=","carabid","CYMSP3","Cymindis sp.","genus",,"Latreille","D10.2016.MorphBS",1,"Lindroth, C. H. 1969. The ground-beetles (Carabidae, excl. Cicindelinae) of Canada and Alaska, parts 1-6. Opuscula E. Entomoligiska Sallskapet.","FHSuRnDDEXch2F1N4+O9mztJ2ojXSkEF","FHSuRnDDEXch2F1N4+O9mztJ2ojXSkEF",
"13d328e2-b80d-41ee-b137-142a024c355d","CPER_001.basePlot.bet","D10","CPER","CPER_001","W","2016-08-25","2016-09-08","2016-09-09","2017-01-09","2017-01-09","CPER_001.W.20160908","BEtTVHT1LvHssZlqN3Ym23M5JqcT1yn7ic/kBma8Su0=","carabid","CYMSP3","Cymindis sp.","genus",,"Latreille","D10.2016.MorphBS",1,"Lindroth, C. H. 1969. The ground-beetles (Carabidae, excl. Cicindelinae) of Canada and Alaska, parts 1-6. Opuscula E. Entomoligiska Sallskapet.","FHSuRnDDEXch2F1N4+O9mztJ2ojXSkEF","FHSuRnDDEXch2F1N4+O9mztJ2ojXSkEF",
"c30bf2e9-a946-4630-96cf-3693dc100215","CPER_003.basePlot.bet","D10","CPER","CPER_003","W","2016-08-25","2016-09-08","2016-09-09","2017-01-09","2017-01-09","CPER_003.W.20160908","omCPNZnkoGTUdh0Dl6mzK7HFcprIYcWcVK/Q3cTlZDk=","carabid","PASELO","Pasimachus elongatus","species",,"LeConte",,4,"Lindroth, C. H. 1969. The ground-beetles (Carabidae, excl. Cicindelinae) of Canada and Alaska, parts 1-6. Opuscula E. Entomoligiska Sallskapet.","FHSuRnDDEXch2F1N4+O9mztJ2ojXSkEF","FHSuRnDDEXch2F1N4+O9mztJ2ojXSkEF",
"597e7fa6-6382-4820-842f-be7289f10cb1","CPER_003.basePlot.bet","D10","CPER","CPER_003","N","2016-08-25","2016-09-08","2016-09-09","2017-01-09","2017-01-09","CPER_003.N.20160908","omCPNZnkoGR1hbO4uBHFrFdq/NDzvgvEjXimlE+x0EI=","carabid","SELPLA","Selenophorus planipennis","species",,"LeConte",,1,"Lindroth, C. H. 1969. The ground-beetles (Carabidae, excl. Cicindelinae) of Canada and Alaska, parts 1-6. Opuscula E. Entomoligiska Sallskapet.","FHSuRnDDEXch2F1N4+O9mztJ2ojXSkEF","FHSuRnDDEXch2F1N4+O9mztJ2ojXSkEF",
"a2ef0eb0-7e7e-4a05-8cd3-48b0ff65eb1e","CPER_004.basePlot.bet","D10","CPER","CPER_004","E","2016-08-25","2016-09-08","2016-09-09","2017-01-09","2017-01-09","CPER_004.E.20160908","eSCyThC0ZO4IX+FtgKgxoC0PsD4Nk7USMDC0B6aY2DE=","carabid","CYCCON1","Cyclotrachelus constrictus","species",,"Say",,1,"Lindroth, C. H. 1969. The ground-beetles (Carabidae, excl. Cicindelinae) of Canada and Alaska, parts 1-6. Opuscula E. Entomoligiska Sallskapet.","FHSuRnDDEXch2F1N4+O9mztJ2ojXSkEF","FHSuRnDDEXch2F1N4+O9mztJ2ojXSkEF",
"983fb944-bad8-49b3-b3bc-8a02c4efe557","CPER_004.basePlot.bet","D10","CPER","CPER_004","E","2016-08-25","2016-09-08","2016-09-09","2017-01-09","2017-01-09","CPER_004.E.20160908","eSCyThC0ZO4IX+FtgKgxoADlT87jy4SGCmnMBQ4onsE=","carabid","HARSP7","Harpalus sp.","genus",,"Latreille","D10.2016.MorphI",1,"Lindroth, C. H. 1969. The ground-beetles (Carabidae, excl. Cicindelinae) of Canada and Alaska, parts 1-6. Opuscula E. Entomoligiska Sallskapet.","FHSuRnDDEXch2F1N4+O9mztJ2ojXSkEF","FHSuRnDDEXch2F1N4+O9mztJ2ojXSkEF",
"8089ed18-b069-418e-8271-078b11917ae3","CPER_004.basePlot.bet","D10","CPER","CPER_004","N","2016-08-25","2016-09-08","2016-09-09","2017-01-09","2017-01-09","CPER_004.N.20160908","eSCyThC0ZO7Z8HwXncMQ8zWDKo1C1jDLomfKYrtnGE8=","carabid","PASELO","Pasimachus elongatus","species",,"LeConte",,1,"Lindroth, C. H. 1969. The ground-beetles (Carabidae, excl. Cicindelinae) of Canada and Alaska, parts 1-6. Opuscula E. Entomoligiska Sallskapet.","FHSuRnDDEXch2F1N4+O9mztJ2ojXSkEF","FHSuRnDDEXch2F1N4+O9mztJ2ojXSkEF",
"2c7bb008-c136-48c4-aaf0-a9da498b68b2","CPER_004.basePlot.bet","D10","CPER","CPER_004","S","2016-08-25","2016-09-08","2016-09-09","2017-01-09","2017-01-09","CPER_004.S.20160908","eSCyThC0ZO6976WKL+FapBs6/W5NyJktp8PwxNf+mNU=","carabid","PASELO","Pasimachus elongatus","species",,"LeConte",,1,"Lindroth, C. H. 1969. The ground-beetles (Carabidae, excl. Cicindelinae) of Canada and Alaska, parts 1-6. Opuscula E. Entomoligiska Sallskapet.","FHSuRnDDEXch2F1N4+O9mztJ2ojXSkEF","FHSuRnDDEXch2F1N4+O9mztJ2ojXSkEF",
"29af7b18-3a2d-4320-aef2-37b65fe7c3a3","CPER_004.basePlot.bet","D10","CPER","CPER_004","S","2016-08-25","2016-09-08","2016-09-09","2017-01-09","2017-01-09","CPER_004.S.20160908","eSCyThC0ZO6976WKL+FapIEq+v5302U9msquzI660h0=","carabid","CICPUN","Cicindela punctulata","species",,"Olivier",,1,"Lindroth, C. H. 1969. The ground-beetles (Carabidae, excl. Cicindelinae) of Canada and Alaska, parts 1-6. Opuscula E. Entomoligiska Sallskapet.","FHSuRnDDEXch2F1N4+O9mztJ2ojXSkEF","FHSuRnDDEXch2F1N4+O9mztJ2ojXSkEF",
"395a166c-acf5-4d02-bbd2-866eb0857041","CPER_004.basePlot.bet","D10","CPER","CPER_004","E","2016-08-25","2016-09-08","2016-09-09","2017-01-09","2017-01-09","CPER_004.E.20160908","eSCyThC0ZO4IX+FtgKgxoGt/Rp9s41s6eOJo4t6XrcI=","carabid","PASELO","Pasimachus elongatus","species",,"LeConte",,1,"Lindroth, C. H. 1969. The ground-beetles (Carabidae, excl. Cicindelinae) of Canada and Alaska, parts 1-6. Opuscula E. Entomoligiska Sallskapet.","FHSuRnDDEXch2F1N4+O9mztJ2ojXSkEF","FHSuRnDDEXch2F1N4+O9mztJ2ojXSkEF",
"1cb877cc-aeb1-489c-9ae7-7d9c6b2ccb93","CPER_006.basePlot.bet","D10","CPER","CPER_006","N","2016-08-25","2016-09-08","2016-09-09","2017-01-09","2017-01-09","CPER_006.N.20160908","NHMCrMp+/ZVnmC5LXFDPuvZNvcyByghGblc2Gr8AbvA=","carabid","HARPEN","Harpalus pensylvanicus","species",,"DeGeer",,1,"Lindroth, C. H. 1969. The ground-beetles (Carabidae, excl. Cicindelinae) of Canada and Alaska, parts 1-6. Opuscula E. Entomoligiska Sallskapet.","jzmKcF+03gcUo1n16tfkmq5o6x6WOPUL","jzmKcF+03gcUo1n16tfkmq5o6x6WOPUL",
"7260e2db-1a3a-476b-a327-43a2d5a77544","CPER_006.basePlot.bet","D10","CPER","CPER_006","N","2016-08-25","2016-09-08","2016-09-09","2017-01-09","2017-01-09","CPER_006.N.20160908","NHMCrMp+/ZVnmC5LXFDPugROIWEfPjIGHHhMqYeWgwQ=","carabid","PIOSET","Piosoma setosum","species",,"LeConte",,1,"Lindroth, C. H. 1969. The ground-beetles (Carabidae, excl. Cicindelinae) of Canada and Alaska, parts 1-6. Opuscula E. Entomoligiska Sallskapet.","jzmKcF+03gcUo1n16tfkmq5o6x6WOPUL","jzmKcF+03gcUo1n16tfkmq5o6x6WOPUL",
"51ac9dea-2227-41a6-8cab-eb529c52c3c1","CPER_006.basePlot.bet","D10","CPER","CPER_006","E","2016-08-25","2016-09-08","2016-09-09","2017-01-09","2017-01-09","CPER_006.E.20160908","NHMCrMp+/ZW+otjcGhsCucFuhsEeC/wKmYF/aeNWMtA=","carabid","PASELO","Pasimachus elongatus","species",,"LeConte",,1,"Lindroth, C. H. 1969. The ground-beetles (Carabidae, excl. Cicindelinae) of Canada and Alaska, parts 1-6. Opuscula E. Entomoligiska Sallskapet.","jzmKcF+03gcUo1n16tfkmq5o6x6WOPUL","jzmKcF+03gcUo1n16tfkmq5o6x6WOPUL",
"9aa738b7-834e-4151-95a8-3cd63d49e9f5","CPER_006.basePlot.bet","D10","CPER","CPER_006","W","2016-08-25","2016-09-08","2016-09-09","2017-01-09","2017-01-09","CPER_006.W.20160908","NHMCrMp+/ZU42xsb7uhkh/rMfKPyTu/mNtF6ZuH55IE=","carabid","PASELO","Pasimachus elongatus","species",,"LeConte",,1,"Lindroth, C. H. 1969. The ground-beetles (Carabidae, excl. Cicindelinae) of Canada and Alaska, parts 1-6. Opuscula E. Entomoligiska Sallskapet.","jzmKcF+03gcUo1n16tfkmq5o6x6WOPUL","jzmKcF+03gcUo1n16tfkmq5o6x6WOPUL",
"c5f8faa8-18ff-4701-a0ae-33d36f95156b","CPER_009.basePlot.bet","D10","CPER","CPER_009","S","2016-08-25","2016-09-08","2016-09-09","2017-01-09","2017-01-09","CPER_009.S.20160908","KY+Aed9dLRt8INgROh+aTTkCC7uCSolum5U3LDwDCeo=","carabid","PASELO","Pasimachus elongatus","species",,"LeConte",,1,"Lindroth, C. H. 1969. The ground-beetles (Carabidae, excl. Cicindelinae) of Canada and Alaska, parts 1-6. Opuscula E. Entomoligiska Sallskapet.","FHSuRnDDEXch2F1N4+O9mztJ2ojXSkEF","FHSuRnDDEXch2F1N4+O9mztJ2ojXSkEF",
"30ca0b8b-5090-4c7f-8780-acc65fb1ccb0","CPER_008.basePlot.bet","D10","CPER","CPER_008","E","2016-08-25","2016-09-08","2016-09-09","2017-01-09","2017-01-09","CPER_008.E.20160908","kqngcYlCVJ5Ki03/qc9YSfCMSHAJYo/Jng79KEvoztU=","carabid","CYMSP3","Cymindis sp.","genus",,"Latreille","D10.2016.MorphBS",1,"Lindroth, C. H. 1969. The ground-beetles (Carabidae, excl. Cicindelinae) of Canada and Alaska, parts 1-6. Opuscula E. Entomoligiska Sallskapet.","FHSuRnDDEXch2F1N4+O9mztJ2ojXSkEF","FHSuRnDDEXch2F1N4+O9mztJ2ojXSkEF",
"1cbe71d0-6690-4e2e-abfc-6425fb61c3f4","CPER_008.basePlot.bet","D10","CPER","CPER_008","W","2016-08-25","2016-09-08","2016-09-09","2017-01-09","2017-01-09","CPER_008.W.20160908","kqngcYlCVJ4K7eH14S2IPTNnMuHvNYjmqD05ELwIeLg=","carabid","CYCCON1","Cyclotrachelus constrictus","species",,"Say",,1,"Lindroth, C. H. 1969. The ground-beetles (Carabidae, excl. Cicindelinae) of Canada and Alaska, parts 1-6. Opuscula E. Entomoligiska Sallskapet.","FHSuRnDDEXch2F1N4+O9mztJ2ojXSkEF","FHSuRnDDEXch2F1N4+O9mztJ2ojXSkEF",
"868c5d7c-b25c-47a1-80b8-ed8e4502c73e","CPER_010.basePlot.bet","D10","CPER","CPER_010","E","2016-08-25","2016-09-08","2016-09-09","2017-01-09","2017-01-09","CPER_010.E.20160908","DW9ihRbrMtlU+DgkMtW21AgRIjOmkWa8VO2/4J4WIGE=","carabid","CYMSP3","Cymindis sp.","genus",,"Latreille","D10.2016.MorphBS",1,"Lindroth, C. H. 1969. The ground-beetles (Carabidae, excl. Cicindelinae) of Canada and Alaska, parts 1-6. Opuscula E. Entomoligiska Sallskapet.","jzmKcF+03gcUo1n16tfkmq5o6x6WOPUL","jzmKcF+03gcUo1n16tfkmq5o6x6WOPUL",
"679297dd-f293-4afb-a654-03e4ab1675e5","CPER_010.basePlot.bet","D10","CPER","CPER_010","E","2016-08-25","2016-09-08","2016-09-09","2017-01-09","2017-01-09","CPER_010.E.20160908","DW9ihRbrMtlU+DgkMtW21MBqfXqS62XQGg8AtcPBYC8=","carabid","RHASP","Rhadine sp.","genus",,"LeConte","D10.2016.MorphE",2,"Lindroth, C. H. 1969. The ground-beetles (Carabidae, excl. Cicindelinae) of Canada and Alaska, parts 1-6. Opuscula E. Entomoligiska Sallskapet.","jzmKcF+03gcUo1n16tfkmq5o6x6WOPUL","jzmKcF+03gcUo1n16tfkmq5o6x6WOPUL",
"ea2f62b2-7e36-41df-825e-b4c71621eceb","CPER_008.basePlot.bet","D10","CPER","CPER_008","S","2016-08-25","2016-09-08","2016-09-09","2017-01-09","2017-01-09","CPER_008.S.20160908","kqngcYlCVJ6RTpAUD89Xb8q4wxMUco6rXoXgHdWlR/I=","carabid","CYMSP3","Cymindis sp.","genus",,"Latreille",,1,"Lindroth, C. H. 1969. The ground-beetles (Carabidae, excl. Cicindelinae) of Canada and Alaska, parts 1-6. Opuscula E. Entomoligiska Sallskapet.","FHSuRnDDEXch2F1N4+O9mztJ2ojXSkEF","FHSuRnDDEXch2F1N4+O9mztJ2ojXSkEF",
"b0b09842-5c1e-4480-9880-b0eaf2e9e9d8","CPER_010.basePlot.bet","D10","CPER","CPER_010","E","2016-08-25","2016-09-08","2016-09-09","2017-01-09","2017-01-09","CPER_010.E.20160908","DW9ihRbrMtlU+DgkMtW21HWfe+oxZLmaKJvt8fbk1JU=","carabid","PASELO","Pasimachus elongatus","species",,"LeConte",,1,"Lindroth, C. H. 1969. The ground-beetles (Carabidae, excl. Cicindelinae) of Canada and Alaska, parts 1-6. Opuscula E. Entomoligiska Sallskapet.","jzmKcF+03gcUo1n16tfkmq5o6x6WOPUL","jzmKcF+03gcUo1n16tfkmq5o6x6WOPUL",
"a7969604-fc30-44c9-9d88-81cc3ad96219","CPER_002.basePlot.bet","D10","CPER","CPER_002","N","2016-08-25","2016-09-08","2016-09-09","2017-01-09","2017-01-09","CPER_002.N.20160908","OMNGlFKVPvQa04Fp0UBa9ZZPvyFfv3hAxrPYzDvc1Uw=","carabid","CYCCON1","Cyclotrachelus constrictus","species",,"Say",,1,"Lindroth, C. H. 1969. The ground-beetles (Carabidae, excl. Cicindelinae) of Canada and Alaska, parts 1-6. Opuscula E. Entomoligiska Sallskapet.","jzmKcF+03gcUo1n16tfkmq5o6x6WOPUL","jzmKcF+03gcUo1n16tfkmq5o6x6WOPUL",
"e1d2e147-55a0-4c3d-a124-d05bfdf0871b","CPER_010.basePlot.bet","D10","CPER","CPER_010","S","2016-08-25","2016-09-08","2016-09-09","2017-01-09","2017-01-09","CPER_010.S.20160908","DW9ihRbrMtmOiADTfsKRGNsB9mVlfy+7iJnunKRIzqw=","carabid","PASELO","Pasimachus elongatus","species",,"LeConte",,1,"Lindroth, C. H. 1969. The ground-beetles (Carabidae, excl. Cicindelinae) of Canada and Alaska, parts 1-6. Opuscula E. Entomoligiska Sallskapet.","FHSuRnDDEXch2F1N4+O9mztJ2ojXSkEF","FHSuRnDDEXch2F1N4+O9mztJ2ojXSkEF",
"f453cf62-dd44-4c9a-ae20-3589cf580826","CPER_002.basePlot.bet","D10","CPER","CPER_002","S","2016-08-25","2016-09-08","2016-09-09","2017-01-09","2017-01-09","CPER_002.S.20160908","OMNGlFKVPvSiNB//mkcmFEfV8MIv7xxaC3nGe5zRNmg=","carabid","CRADUB","Cratacanthus dubius","species",,"Palisot de Beauvois",,1,"Lindroth, C. H. 1969. The ground-beetles (Carabidae, excl. Cicindelinae) of Canada and Alaska, parts 1-6. Opuscula E. Entomoligiska Sallskapet.","jzmKcF+03gcUo1n16tfkmq5o6x6WOPUL","jzmKcF+03gcUo1n16tfkmq5o6x6WOPUL",
"3afde5a4-579f-4c34-bf85-b5cb505025d4","CPER_002.basePlot.bet","D10","CPER","CPER_002","E","2016-08-25","2016-09-08","2016-09-09","2017-01-09","2017-01-09","CPER_002.E.20160908","OMNGlFKVPvQJJObmwEsyrPvr1I68Zw6164zUAid4VK4=","carabid","PASELO","Pasimachus elongatus","species",,"LeConte",,1,"Lindroth, C. H. 1969. The ground-beetles (Carabidae, excl. Cicindelinae) of Canada and Alaska, parts 1-6. Opuscula E. Entomoligiska Sallskapet.","jzmKcF+03gcUo1n16tfkmq5o6x6WOPUL","jzmKcF+03gcUo1n16tfkmq5o6x6WOPUL",
"8b6c9388-2326-4657-a542-4504adccc6a2","CPER_002.basePlot.bet","D10","CPER","CPER_002","N","2016-08-25","2016-09-08","2016-09-09","2017-01-09","2017-01-09","CPER_002.N.20160908","OMNGlFKVPvQa04Fp0UBa9S8h8pKGZoodbw5gIVw9eUQ=","carabid","CRADUB","Cratacanthus dubius","species",,"Palisot de Beauvois",,1,"Lindroth, C. H. 1969. The ground-beetles (Carabidae, excl. Cicindelinae) of Canada and Alaska, parts 1-6. Opuscula E. Entomoligiska Sallskapet.","jzmKcF+03gcUo1n16tfkmq5o6x6WOPUL","jzmKcF+03gcUo1n16tfkmq5o6x6WOPUL",
"0d118e02-6b69-4a86-bca0-7880e0f1fcb4","CPER_002.basePlot.bet","D10","CPER","CPER_002","W","2016-08-25","2016-09-08","2016-09-09","2017-01-09","2017-01-09","CPER_002.W.20160908","OMNGlFKVPvROFlwUjzTlLkEHxY3a8/sDB3aewHGKk6g=","carabid","CYMSP3","Cymindis sp.","genus",,"Latreille","D10.2016.MorphBS",1,"Lindroth, C. H. 1969. The ground-beetles (Carabidae, excl. Cicindelinae) of Canada and Alaska, parts 1-6. Opuscula E. Entomoligiska Sallskapet.","jzmKcF+03gcUo1n16tfkmq5o6x6WOPUL","jzmKcF+03gcUo1n16tfkmq5o6x6WOPUL",
"b8ef9c97-cded-4ea3-b260-b3ee4301544f","CPER_002.basePlot.bet","D10","CPER","CPER_002","N","2016-08-25","2016-09-08","2016-09-09","2017-01-09","2017-01-09","CPER_002.N.20160908","OMNGlFKVPvQa04Fp0UBa9TAayP0xZ8S4RmSjr63skgQ=","carabid","DISPAR1","Discoderus parallelus","species",,"Haldeman",,1,"Lindroth, C. H. 1969. The ground-beetles (Carabidae, excl. Cicindelinae) of Canada and Alaska, parts 1-6. Opuscula E. Entomoligiska Sallskapet.","jzmKcF+03gcUo1n16tfkmq5o6x6WOPUL","jzmKcF+03gcUo1n16tfkmq5o6x6WOPUL",
"bad68d16-fcd3-4277-b0ca-06263f45f2c4","CPER_009.basePlot.bet","D10","CPER","CPER_009","N","2016-08-25","2016-09-08","2016-09-09","2017-01-09","2017-01-09","CPER_009.N.20160908","KY+Aed9dLRsu5N4Vk9Z6VC+QlgTVODkTPc7CbXBZM1Q=","carabid","HELSP","Helluomorphoides sp.","genus",,"Ball","D10.2016.MorphD",1,"Lindroth, C. H. 1969. The ground-beetles (Carabidae, excl. Cicindelinae) of Canada and Alaska, parts 1-6. Opuscula E. Entomoligiska Sallskapet.","FHSuRnDDEXch2F1N4+O9mztJ2ojXSkEF","FHSuRnDDEXch2F1N4+O9mztJ2ojXSkEF",
"ab065f0a-6756-4d88-b697-46a8c26e99eb","CPER_004.basePlot.bet","D10","CPER","CPER_004","W","2016-08-25","2016-09-08","2016-09-09","2017-01-09","2017-01-09","CPER_004.W.20160908","eSCyThC0ZO4EZcnN0emnI4J8YgxJPMcKVrFYX61S78A=","carabid","HELSP","Helluomorphoides sp.","genus",,"Ball","D10.2016.MorphD",1,"Lindroth, C. H. 1969. The ground-beetles (Carabidae, excl. Cicindelinae) of Canada and Alaska, parts 1-6. Opuscula E. Entomoligiska Sallskapet.","FHSuRnDDEXch2F1N4+O9mztJ2ojXSkEF","FHSuRnDDEXch2F1N4+O9mztJ2ojXSkEF",
"26e87b90-974a-4dfc-9ee5-41859198e6b3","CPER_004.basePlot.bet","D10","CPER","CPER_004","W","2016-08-25","2016-09-08","2016-09-09","2017-01-09","2017-01-09","CPER_004.W.20160908","eSCyThC0ZO4EZcnN0emnI7ewevBT+JhgwNFx1ei2tBM=","carabid","CYMSP3","Cymindis sp.","genus",,"Latreille","D10.2016.MorphBS",1,"Lindroth, C. H. 1969. The ground-beetles (Carabidae, excl. Cicindelinae) of Canada and Alaska, parts 1-6. Opuscula E. Entomoligiska Sallskapet.","FHSuRnDDEXch2F1N4+O9mztJ2ojXSkEF","FHSuRnDDEXch2F1N4+O9mztJ2ojXSkEF",
"41519e53-a89a-4496-b177-c307ee7cfa2f","CPER_005.basePlot.bet","D10","CPER","CPER_005","E","2016-08-25","2016-09-08","2016-09-09","2016-09-28",,"CPER_005.E.20160908","e1AKewEwvnHvaJKKtfNGWe1bg0t4YKZp9027pkpi3g4=","invert bycatch",,,,,,,,,,"b5Bt2/WAcobZn6HG5BJ0XugSCqR8u1Uj4+iyEzptoVg=",
"fb467145-cf28-40f1-957e-f30e65d21c62","CPER_007.basePlot.bet","D10","CPER","CPER_007","E","2016-08-25","2016-09-08","2016-09-09","2016-09-28",,"CPER_007.E.20160908","SOIi55Lib0IFQ1eb9PLopB76IT1/mApxf6fUIiXHvTk=","invert bycatch",,,,,,,,,,"b5Bt2/WAcobZn6HG5BJ0XugSCqR8u1Uj4+iyEzptoVg=",
"f31c1e91-37bd-4edd-82cb-d60f185d6865","CPER_001.basePlot.bet","D10","CPER","CPER_001","E","2016-08-25","2016-09-08","2016-09-09","2016-09-28",,"CPER_001.E.20160908","BEtTVHT1LvErFJ0fxOdJaY3kvZL9WSX7tDwFJMoQy9M=","invert bycatch",,,,,,,,,,"b5Bt2/WAcobZn6HG5BJ0XugSCqR8u1Uj4+iyEzptoVg=",
"a6e0a439-4b34-4fd4-9c0b-3fbebc76d596","CPER_010.basePlot.bet","D10","CPER","CPER_010","E","2016-08-25","2016-09-08","2016-09-09","2016-09-28",,"CPER_010.E.20160908","DW9ihRbrMtlU+DgkMtW21N1BX8XPeCyJkCsAZUluCE4=","invert bycatch",,,,,,,,,,"b5Bt2/WAcobZn6HG5BJ0XugSCqR8u1Uj4+iyEzptoVg=",
"2aa4cff1-3081-4c92-a38c-3495252d0e0c","CPER_006.basePlot.bet","D10","CPER","CPER_006","E","2016-08-25","2016-09-08","2016-09-09","2016-09-28",,"CPER_006.E.20160908","NHMCrMp+/ZW+otjcGhsCuVkwo0SNMHtDh55iqV3FpKU=","invert bycatch",,,,,,,,,,"b5Bt2/WAcobZn6HG5BJ0XugSCqR8u1Uj4+iyEzptoVg=",
"0f936744-79f2-4d94-a6ca-125de0cb0c82","CPER_009.basePlot.bet","D10","CPER","CPER_009","E","2016-08-25","2016-09-08","2016-09-09","2016-09-28",,"CPER_009.E.20160908","KY+Aed9dLRtMfeumMywSKVAMIAf7hNrxH9IivYH5vDs=","invert bycatch",,,,,,,,,,"b5Bt2/WAcobZn6HG5BJ0XugSCqR8u1Uj4+iyEzptoVg=",
"52ac80c5-d491-4427-ab6c-15d347c79abe","CPER_004.basePlot.bet","D10","CPER","CPER_004","E","2016-08-25","2016-09-08","2016-09-09","2016-09-28",,"CPER_004.E.20160908","eSCyThC0ZO4IX+FtgKgxoImlpQ39G2YqXwFkMEUoTuc=","invert bycatch",,,,,,,,,,"b5Bt2/WAcobZn6HG5BJ0XugSCqR8u1Uj4+iyEzptoVg=",
"afc31908-fde7-4850-814e-12310c869eb5","CPER_003.basePlot.bet","D10","CPER","CPER_003","E","2016-08-25","2016-09-08","2016-09-09","2016-09-28",,"CPER_003.E.20160908","omCPNZnkoGQP9lmlKNURW0LCqFfIlYDJvbV1WW9XzYA=","invert bycatch",,,,,,,,,,"b5Bt2/WAcobZn6HG5BJ0XugSCqR8u1Uj4+iyEzptoVg=",
"33db5692-7c07-408d-922a-7c07462d51dc","CPER_002.basePlot.bet","D10","CPER","CPER_002","E","2016-08-25","2016-09-08","2016-09-09","2016-09-28","2016-09-28","CPER_002.E.20160908","OMNGlFKVPvQJJObmwEsyrC1KlJqckG3hx/4Da0c05Ww=","vert bycatch herp","HOLMAC","Holbrookia maculata","species",,"Girard",,1,"Other","jzmKcF+03gcUo1n16tfkmq5o6x6WOPUL","jzmKcF+03gcUo1n16tfkmq5o6x6WOPUL",
"0c250e26-b0d4-441a-835a-a201ebb26717","CPER_002.basePlot.bet","D10","CPER","CPER_002","E","2016-08-25","2016-09-08","2016-09-09","2016-09-28",,"CPER_002.E.20160908","OMNGlFKVPvQJJObmwEsyrKw3GQD9G5dtnuYk683k/0o=","invert bycatch",,,,,,,,,,"b5Bt2/WAcobZn6HG5BJ0XugSCqR8u1Uj4+iyEzptoVg=","EtOH possibly compromised by vertebrate specimen, not removed until processing on 20160928"
"7b15084a-7ee4-413e-9dfc-773024598896","CPER_008.basePlot.bet","D10","CPER","CPER_008","E","2016-08-25","2016-09-08","2016-09-09","2016-09-28",,"CPER_008.E.20160908","kqngcYlCVJ5Ki03/qc9YSZCDAiAmr+YqK2p/HdmECYk=","invert bycatch",,,,,,,,,,"b5Bt2/WAcobZn6HG5BJ0XugSCqR8u1Uj4+iyEzptoVg=",
"29ddc494-303f-4dab-aaaa-add550906cde","CPER_002.basePlot.bet","D10","CPER","CPER_002","N","2016-08-25","2016-09-08","2016-09-09","2016-09-28",,"CPER_002.N.20160908","OMNGlFKVPvQa04Fp0UBa9WeAnBaQsm5gEE3ffhNY/j4=","invert bycatch",,,,,,,,,,"b5Bt2/WAcobZn6HG5BJ0XugSCqR8u1Uj4+iyEzptoVg=",
"07148c55-141f-4124-9e57-e363dbbcb7ab","CPER_010.basePlot.bet","D10","CPER","CPER_010","N","2016-08-25","2016-09-08","2016-09-09","2016-09-28",,"CPER_010.N.20160908","DW9ihRbrMtmCpKWaSPJZkyBQ08pi1ruNd5Io+4Ujko4=","invert bycatch",,,,,,,,,,"b5Bt2/WAcobZn6HG5BJ0XugSCqR8u1Uj4+iyEzptoVg=",
"e099c3d6-5fda-445d-bce1-85faef9d0ef8","CPER_009.basePlot.bet","D10","CPER","CPER_009","N","2016-08-25","2016-09-08","2016-09-09","2016-09-28",,"CPER_009.N.20160908","KY+Aed9dLRsu5N4Vk9Z6VPeu5odIIvYmuTevBBICvz8=","invert bycatch",,,,,,,,,,"b5Bt2/WAcobZn6HG5BJ0XugSCqR8u1Uj4+iyEzptoVg=",
"c86c024d-735a-4f59-a6cc-8117a5cf8ece","CPER_006.basePlot.bet","D10","CPER","CPER_006","N","2016-08-25","2016-09-08","2016-09-09","2016-09-28",,"CPER_006.N.20160908","NHMCrMp+/ZVnmC5LXFDPuuOjzTeVj3IAQgjdKVNX66I=","invert bycatch",,,,,,,,,,"b5Bt2/WAcobZn6HG5BJ0XugSCqR8u1Uj4+iyEzptoVg=",
"748670c4-5501-4d61-88d7-d00387c96ded","CPER_003.basePlot.bet","D10","CPER","CPER_003","N","2016-08-25","2016-09-08","2016-09-09","2016-09-28",,"CPER_003.N.20160908","omCPNZnkoGR1hbO4uBHFrBE3Uj9IQTZwIic1pTEc2Lg=","invert bycatch",,,,,,,,,,"b5Bt2/WAcobZn6HG5BJ0XugSCqR8u1Uj4+iyEzptoVg=",
"804f12b1-333e-4ba9-8968-eba06a422c69","CPER_001.basePlot.bet","D10","CPER","CPER_001","N","2016-08-25","2016-09-08","2016-09-09","2016-09-28",,"CPER_001.N.20160908","BEtTVHT1LvEZU/sAlJAcdJlGZA3axTJGUjYRMTjrBgc=","invert bycatch",,,,,,,,,,"b5Bt2/WAcobZn6HG5BJ0XugSCqR8u1Uj4+iyEzptoVg=",
"d3db1ea8-5085-4d28-8bdf-1c2f70e4bcca","CPER_008.basePlot.bet","D10","CPER","CPER_008","N","2016-08-25","2016-09-08","2016-09-09","2016-09-28",,"CPER_008.N.20160908","kqngcYlCVJ4WypzPT4tdpLss14HMoccFR5MyV6Ps/uM=","invert bycatch",,,,,,,,,,"b5Bt2/WAcobZn6HG5BJ0XugSCqR8u1Uj4+iyEzptoVg=",
"3878b5c0-7b7c-41c5-a7c1-332b414c0d98","CPER_005.basePlot.bet","D10","CPER","CPER_005","N","2016-08-25","2016-09-08","2016-09-09","2016-09-28",,"CPER_005.N.20160908","e1AKewEwvnETE+QzWR0w6eMpJ37YHZNouf/ih2tHxUk=","invert bycatch",,,,,,,,,,"b5Bt2/WAcobZn6HG5BJ0XugSCqR8u1Uj4+iyEzptoVg=",
"a8cfea48-d3e3-4fb6-b63a-a7230d211d70","CPER_004.basePlot.bet","D10","CPER","CPER_004","N","2016-08-25","2016-09-08","2016-09-09","2016-09-28",,"CPER_004.N.20160908","eSCyThC0ZO7Z8HwXncMQ8/GJO/Qs0tmKGUlRY73rZ8U=","invert bycatch",,,,,,,,,,"b5Bt2/WAcobZn6HG5BJ0XugSCqR8u1Uj4+iyEzptoVg=",
"080a9fd9-a5cc-411f-9246-9031f9e7764c","CPER_007.basePlot.bet","D10","CPER","CPER_007","N","2016-08-25","2016-09-08","2016-09-09","2016-09-28",,"CPER_007.N.20160908","SOIi55Lib0IaN/2wEY8s2Xj3Kn/ZYMJpm1jceFUs74M=","invert bycatch",,,,,,,,,,"b5Bt2/WAcobZn6HG5BJ0XugSCqR8u1Uj4+iyEzptoVg=",
"b331eec5-de87-4296-a8ed-b84fa0f308d6","CPER_005.basePlot.bet","D10","CPER","CPER_005","S","2016-08-25","2016-09-08","2016-09-09","2016-09-28",,"CPER_005.S.20160908","e1AKewEwvnG3+ccxepFdV3Ud+55pxHZ9Rur8fG/MQiE=","invert bycatch",,,,,,,,,,"b5Bt2/WAcobZn6HG5BJ0XugSCqR8u1Uj4+iyEzptoVg=",
"afa15e0a-4f62-40fa-98b0-969fd75d4bbc","CPER_001.basePlot.bet","D10","CPER","CPER_001","S","2016-08-25","2016-09-08","2016-09-09","2016-09-09","2016-09-09","CPER_001.S.20160908","BEtTVHT1LvExbFJS54y7UB3PikDfIRxz3Lj1NPBsvSE=","vert bycatch herp","PLEMUL","Plestiodon multivirgatus","species",,"Hallowell",,1,"Other","2lRMQQ1w1tjxtWhGz93Yd/OOt4CTCGT1","2lRMQQ1w1tjxtWhGz93Yd/OOt4CTCGT1",
"fa57eff0-a6d0-4532-b17f-4b5e33ef75b6","CPER_007.basePlot.bet","D10","CPER","CPER_007","S","2016-08-25","2016-09-08","2016-09-09","2016-09-28",,"CPER_007.S.20160908","SOIi55Lib0I/4NahKE3Rsceg1WRI7P9xnCkUqN1H0UE=","invert bycatch",,,,,,,,,,"b5Bt2/WAcobZn6HG5BJ0XugSCqR8u1Uj4+iyEzptoVg=",
"b8813125-6198-48ed-8da3-3aed444bbf3e","CPER_003.basePlot.bet","D10","CPER","CPER_003","S","2016-08-25","2016-09-08","2016-09-09","2016-09-28",,"CPER_003.S.20160908","omCPNZnkoGRYgy0NJmkzYie8yIj+Df8qtYLR97VGiSs=","invert bycatch",,,,,,,,,,"b5Bt2/WAcobZn6HG5BJ0XugSCqR8u1Uj4+iyEzptoVg=",
"ec5d6e77-b439-4743-8f58-b90d36046110","CPER_001.basePlot.bet","D10","CPER","CPER_001","S","2016-08-25","2016-09-08","2016-09-09","2016-09-28",,"CPER_001.S.20160908","BEtTVHT1LvExbFJS54y7UNADfKlj+5yTFsEV9KgauzA=","invert bycatch",,,,,,,,,,"b5Bt2/WAcobZn6HG5BJ0XugSCqR8u1Uj4+iyEzptoVg=",
"6a0a1c04-d98e-4856-af40-f6e9f91dc61b","CPER_002.basePlot.bet","D10","CPER","CPER_002","S","2016-08-25","2016-09-08","2016-09-09","2016-09-28",,"CPER_002.S.20160908","OMNGlFKVPvSiNB//mkcmFEc/ENCX5s7BV9ipN1NXjfo=","invert bycatch",,,,,,,,,,"b5Bt2/WAcobZn6HG5BJ0XugSCqR8u1Uj4+iyEzptoVg=",
"63c1ac70-0dfa-4b1a-8522-27a8f13cb4b6","CPER_010.basePlot.bet","D10","CPER","CPER_010","S","2016-08-25","2016-09-08","2016-09-09","2016-09-28",,"CPER_010.S.20160908","DW9ihRbrMtmOiADTfsKRGKJSZ0C0eRU4rrpT7dQJ4cM=","invert bycatch",,,,,,,,,,"b5Bt2/WAcobZn6HG5BJ0XugSCqR8u1Uj4+iyEzptoVg=",
"53300493-879c-4643-a9bd-ae429c05e422","CPER_009.basePlot.bet","D10","CPER","CPER_009","S","2016-08-25","2016-09-08","2016-09-09","2016-09-28",,"CPER_009.S.20160908","KY+Aed9dLRt8INgROh+aTVLNrr+DgrtxybbEJ4nNa9U=","invert bycatch",,,,,,,,,,"b5Bt2/WAcobZn6HG5BJ0XugSCqR8u1Uj4+iyEzptoVg=",
"a66d071c-e8dd-42bf-88d7-ae18c2f3c676","CPER_008.basePlot.bet","D10","CPER","CPER_008","S","2016-08-25","2016-09-08","2016-09-09","2016-09-28",,"CPER_008.S.20160908","kqngcYlCVJ6RTpAUD89Xbyy5uNlSpARJlY5liIdHIYc=","invert bycatch",,,,,,,,,,"b5Bt2/WAcobZn6HG5BJ0XugSCqR8u1Uj4+iyEzptoVg=",
"0e937437-3c97-42c1-8e4a-b3dcc7b6d75a","CPER_006.basePlot.bet","D10","CPER","CPER_006","S","2016-08-25","2016-09-08","2016-09-09","2016-09-28",,"CPER_006.S.20160908","NHMCrMp+/ZWmMl7HlSTkXxEadfiCkZuWhDxn13Cw88Y=","invert bycatch",,,,,,,,,,"b5Bt2/WAcobZn6HG5BJ0XugSCqR8u1Uj4+iyEzptoVg=",
"c9f48b76-559d-4b00-94ad-cca9f10aee47","CPER_004.basePlot.bet","D10","CPER","CPER_004","S","2016-08-25","2016-09-08","2016-09-09","2016-09-28",,"CPER_004.S.20160908","eSCyThC0ZO6976WKL+FapPo1XQLbCAOB6r7eaaXwBus=","invert bycatch",,,,,,,,,,"b5Bt2/WAcobZn6HG5BJ0XugSCqR8u1Uj4+iyEzptoVg=",
"0af5cb14-9962-45e7-a46f-1ab3d012397a","CPER_007.basePlot.bet","D10","CPER","CPER_007","W","2016-08-25","2016-09-08","2016-09-09","2016-09-28",,"CPER_007.W.20160908","SOIi55Lib0LjVkyBxP4/dn1CVkdTWmeXTusDFWGI46M=","invert bycatch",,,,,,,,,,"b5Bt2/WAcobZn6HG5BJ0XugSCqR8u1Uj4+iyEzptoVg=",
"eabd0506-043e-4115-b35f-e85c7dc7bb03","CPER_003.basePlot.bet","D10","CPER","CPER_003","W","2016-08-25","2016-09-08","2016-09-09","2016-09-28",,"CPER_003.W.20160908","omCPNZnkoGTUdh0Dl6mzK0IFniTj2ewCrg4tUbM12mc=","invert bycatch",,,,,,,,,,"b5Bt2/WAcobZn6HG5BJ0XugSCqR8u1Uj4+iyEzptoVg=",
"30841725-24b1-44da-ad08-56938523693d","CPER_004.basePlot.bet","D10","CPER","CPER_004","W","2016-08-25","2016-09-08","2016-09-09","2016-09-28",,"CPER_004.W.20160908","eSCyThC0ZO4EZcnN0emnI1cZCSKXXiHMzE+krW7pgoo=","invert bycatch",,,,,,,,,,"b5Bt2/WAcobZn6HG5BJ0XugSCqR8u1Uj4+iyEzptoVg=",
"367a52a5-d08b-4ab9-a19a-a16d421b508d","CPER_005.basePlot.bet","D10","CPER","CPER_005","W","2016-08-25","2016-09-08","2016-09-09","2016-09-28",,"CPER_005.W.20160908","e1AKewEwvnHrFZfyRqKUqHajXFJnOHMrAXcwjpn86ls=","invert bycatch",,,,,,,,,,"b5Bt2/WAcobZn6HG5BJ0XugSCqR8u1Uj4+iyEzptoVg=",
"b17f1698-8612-4818-ba3c-bd0f31b38075","CPER_001.basePlot.bet","D10","CPER","CPER_001","W","2016-08-25","2016-09-08","2016-09-09","2016-09-28",,"CPER_001.W.20160908","BEtTVHT1LvHssZlqN3Ym2xO4BYtWx2CIfvD0W8RyOTU=","invert bycatch",,,,,,,,,,"b5Bt2/WAcobZn6HG5BJ0XugSCqR8u1Uj4+iyEzptoVg=",
"2b41bf08-fcc9-4262-a8e3-570f04b5bdd7","CPER_002.basePlot.bet","D10","CPER","CPER_002","W","2016-08-25","2016-09-08","2016-09-09","2016-09-28",,"CPER_002.W.20160908","OMNGlFKVPvROFlwUjzTlLqANVoImsA5EP2oTdxFIGeE=","invert bycatch",,,,,,,,,,"b5Bt2/WAcobZn6HG5BJ0XugSCqR8u1Uj4+iyEzptoVg=",
"50d46194-b4e9-47ab-b2f2-52f6c7bb65e3","CPER_010.basePlot.bet","D10","CPER","CPER_010","W","2016-08-25","2016-09-08","2016-09-09","2016-09-28",,"CPER_010.W.20160908","DW9ihRbrMtmLSgZRplyqax2Rfry/tjCp6tQAAj4dCC0=","invert bycatch",,,,,,,,,,"b5Bt2/WAcobZn6HG5BJ0XugSCqR8u1Uj4+iyEzptoVg=",
"84b6e864-9686-4b89-88ee-3ae30b3b0e11","CPER_009.basePlot.bet","D10","CPER","CPER_009","W","2016-08-25","2016-09-08","2016-09-09","2016-09-28",,"CPER_009.W.20160908","KY+Aed9dLRsHPw2TWjhstnSIxLSMaOFT4g0VaTZH3hw=","invert bycatch",,,,,,,,,,"b5Bt2/WAcobZn6HG5BJ0XugSCqR8u1Uj4+iyEzptoVg=",
"514e618a-bdd0-48da-9108-891f34a8f05a","CPER_008.basePlot.bet","D10","CPER","CPER_008","W","2016-08-25","2016-09-08","2016-09-09","2016-09-28",,"CPER_008.W.20160908","kqngcYlCVJ4K7eH14S2IPYE3mxsUbScxHttGnRE3dk4=","invert bycatch",,,,,,,,,,"b5Bt2/WAcobZn6HG5BJ0XugSCqR8u1Uj4+iyEzptoVg=",
"a6d0f406-ee99-42e1-8f54-0c55818cda41","CPER_006.basePlot.bet","D10","CPER","CPER_006","W","2016-08-25","2016-09-08","2016-09-09","2016-09-28",,"CPER_006.W.20160908","NHMCrMp+/ZU42xsb7uhkh+2uX83tgKiqnrbacWc7n9c=","invert bycatch",,,,,,,,,,"b5Bt2/WAcobZn6HG5BJ0XugSCqR8u1Uj4+iyEzptoVg=",
"a77fc0cc-bc9f-403b-b5d7-d4c2c9da4c08","CPER_003.basePlot.bet","D10","CPER","CPER_003","E","2016-09-08","2016-09-22","2016-09-23","2016-10-07",,"CPER_003.E.20160922","omCPNZnkoGQP9lmlKNURWzxIKA6QI8Vgi1Tc9k9hHz0=","invert bycatch",,,,,,,,,,"b5Bt2/WAcobZn6HG5BJ0XugSCqR8u1Uj4+iyEzptoVg=",
"03a4fabe-67ca-4f1a-8b87-41af379c3333","CPER_005.basePlot.bet","D10","CPER","CPER_005","E","2016-09-08","2016-09-22","2016-09-23","2016-10-07",,"CPER_005.E.20160922","e1AKewEwvnHvaJKKtfNGWZpSTpK6vn7a15hLaU8VOx0=","invert bycatch",,,,,,,,,,"b5Bt2/WAcobZn6HG5BJ0XugSCqR8u1Uj4+iyEzptoVg=",
"bfecdd94-d552-4352-878e-345331fda9a1","CPER_007.basePlot.bet","D10","CPER","CPER_007","W","2016-09-08","2016-09-22","2016-09-23","2016-10-06",,"CPER_007.W.20160922","SOIi55Lib0LjVkyBxP4/drUtHkCefLZIQ3ucnUsR7T0=","invert bycatch",,,,,,,,,,"EWrRKg8wzIMaNrWK6a7MhpXyyIIOA6PNDE6EHntJeoM=",
"26febc34-5b5c-4dc5-9d7d-4d2c7faba69b","CPER_006.basePlot.bet","D10","CPER","CPER_006","W","2016-09-08","2016-09-22","2016-09-23","2016-10-06",,"CPER_006.W.20160922","NHMCrMp+/ZU42xsb7uhkh+zdZ8JTpMS2Lj1/185EZDE=","invert bycatch",,,,,,,,,,"EWrRKg8wzIMaNrWK6a7MhpXyyIIOA6PNDE6EHntJeoM=",
"8effb043-7aa6-476d-9b8d-add80a8433d9","CPER_009.basePlot.bet","D10","CPER","CPER_009","W","2016-09-08","2016-09-22","2016-09-23","2016-10-06",,"CPER_009.W.20160922","KY+Aed9dLRsHPw2TWjhstpdfJCY7WNwmLS8TxtFRgZE=","invert bycatch",,,,,,,,,,"EWrRKg8wzIMaNrWK6a7MhpXyyIIOA6PNDE6EHntJeoM=",
"a37a1546-cc04-4d6f-99dc-5c2042bca90f","CPER_008.basePlot.bet","D10","CPER","CPER_008","W","2016-09-08","2016-09-22","2016-09-23","2016-10-06",,"CPER_008.W.20160922","kqngcYlCVJ4K7eH14S2IPZETMA6Ecw4fWe2W3ibOpeU=","invert bycatch",,,,,,,,,,"EWrRKg8wzIMaNrWK6a7MhpXyyIIOA6PNDE6EHntJeoM=",
"03686603-6e54-451d-a873-be3e39dcdd04","CPER_002.basePlot.bet","D10","CPER","CPER_002","W","2016-09-08","2016-09-22","2016-09-23","2016-10-07",,"CPER_002.W.20160922","OMNGlFKVPvROFlwUjzTlLkxMQN0IGLVyi9nkncvX0Do=","invert bycatch",,,,,,,,,,"b5Bt2/WAcobZn6HG5BJ0XugSCqR8u1Uj4+iyEzptoVg=",
"6cfca89e-f376-4439-bec7-56bc193d7d65","CPER_001.basePlot.bet","D10","CPER","CPER_001","W","2016-09-08","2016-09-22","2016-09-23","2016-10-07",,"CPER_001.W.20160922","BEtTVHT1LvHssZlqN3Ym29ZkBurUa6wMFqt+lXazNmA=","invert bycatch",,,,,,,,,,"b5Bt2/WAcobZn6HG5BJ0XugSCqR8u1Uj4+iyEzptoVg=",
"0aec025e-6a06-468e-a4cf-5455b00bda53","CPER_004.basePlot.bet","D10","CPER","CPER_004","W","2016-09-08","2016-09-22","2016-09-23","2016-10-07",,"CPER_004.W.20160922","eSCyThC0ZO4EZcnN0emnIz5G64c1WMdlosPYWzzgznk=","invert bycatch",,,,,,,,,,"b5Bt2/WAcobZn6HG5BJ0XugSCqR8u1Uj4+iyEzptoVg=",
"5d1d8669-91ec-4630-8cc9-52d43a5de373","CPER_003.basePlot.bet","D10","CPER","CPER_003","W","2016-09-08","2016-09-22","2016-09-23","2016-10-07",,"CPER_003.W.20160922","omCPNZnkoGTUdh0Dl6mzK6BAcdWAaGjsTnfK6n2cntI=","invert bycatch",,,,,,,,,,"b5Bt2/WAcobZn6HG5BJ0XugSCqR8u1Uj4+iyEzptoVg=",
"0494f84c-6614-4bdd-8fc8-2d054940ab73","CPER_005.basePlot.bet","D10","CPER","CPER_005","W","2016-09-08","2016-09-22","2016-09-23","2016-10-07",,"CPER_005.W.20160922","e1AKewEwvnHrFZfyRqKUqPYykF6Fa1aNmcMVjjCOhKA=","invert bycatch",,,,,,,,,,"b5Bt2/WAcobZn6HG5BJ0XugSCqR8u1Uj4+iyEzptoVg=",
"b1c4aeb3-8501-4084-88dc-30aa2d2a5b54","CPER_010.basePlot.bet","D10","CPER","CPER_010","W","2016-09-08","2016-09-22","2016-09-23","2016-10-06",,"CPER_010.W.20160922","DW9ihRbrMtmLSgZRplyqa/nVFsIQi0k8ozg/U8/HPJs=","invert bycatch",,,,,,,,,,"EWrRKg8wzIMaNrWK6a7MhpXyyIIOA6PNDE6EHntJeoM=",
"2e9bd1b9-b691-4073-858f-e960a52892ac","CPER_005.basePlot.bet","D10","CPER","CPER_005","S","2016-09-08","2016-09-22","2016-09-23","2016-10-07",,"CPER_005.S.20160922","e1AKewEwvnG3+ccxepFdV/KF2lyUrOxc1AlrSxjzXuY=","invert bycatch",,,,,,,,,,"b5Bt2/WAcobZn6HG5BJ0XugSCqR8u1Uj4+iyEzptoVg=",
"bd69c725-2e07-4b46-92fb-7fe58aa10543","CPER_003.basePlot.bet","D10","CPER","CPER_003","S","2016-09-08","2016-09-22","2016-09-23","2016-10-07",,"CPER_003.S.20160922","omCPNZnkoGRYgy0NJmkzYsTwseqojUAv0H7KuOs3XEI=","invert bycatch",,,,,,,,,,"b5Bt2/WAcobZn6HG5BJ0XugSCqR8u1Uj4+iyEzptoVg=",
"c02caee2-b63f-4974-8c77-536e4ec40f44","CPER_001.basePlot.bet","D10","CPER","CPER_001","S","2016-09-08","2016-09-22","2016-09-23","2016-10-07",,"CPER_001.S.20160922","BEtTVHT1LvExbFJS54y7UKH3MFe2+v0e6uppevQhWik=","invert bycatch",,,,,,,,,,"b5Bt2/WAcobZn6HG5BJ0XugSCqR8u1Uj4+iyEzptoVg=",
"51f46eec-962d-4ca0-8e4d-1e60bd7c81e7","CPER_004.basePlot.bet","D10","CPER","CPER_004","S","2016-09-08","2016-09-22","2016-09-23","2016-10-07",,"CPER_004.S.20160922","eSCyThC0ZO6976WKL+FapNrFixM0a5Ng8491WlZ9ZYU=","invert bycatch",,,,,,,,,,"b5Bt2/WAcobZn6HG5BJ0XugSCqR8u1Uj4+iyEzptoVg=",
"0ef5b604-23c1-4afd-b652-cd27f01e3193","CPER_007.basePlot.bet","D10","CPER","CPER_007","S","2016-09-08","2016-09-22","2016-09-23","2016-09-23","2016-09-23","CPER_007.S.20160922","SOIi55Lib0I/4NahKE3RsXovgJKE3A9V8f4X7RzN+xs=","vert bycatch herp","HOLMAC","Holbrookia maculata","species",,"Girard",,1,"Other","FHSuRnDDEXch2F1N4+O9mztJ2ojXSkEF","EWrRKg8wzIMaNrWK6a7MhpXyyIIOA6PNDE6EHntJeoM=",
"d14c06de-36ff-40f7-84f6-aa06e97f121a","CPER_007.basePlot.bet","D10","CPER","CPER_007","S","2016-09-08","2016-09-22","2016-09-23","2016-10-06",,"CPER_007.S.20160922","SOIi55Lib0I/4NahKE3RsU+gW5Tn2KevS9NjiI+rEd8=","invert bycatch",,,,,,,,,,"EWrRKg8wzIMaNrWK6a7MhpXyyIIOA6PNDE6EHntJeoM=",
"3dc410c0-1aad-416b-ac21-1c0dc8b6648a","CPER_009.basePlot.bet","D10","CPER","CPER_009","S","2016-09-08","2016-09-22","2016-09-23","2016-10-06",,"CPER_009.S.20160922","KY+Aed9dLRt8INgROh+aTSYmCGQQGVAZsOt01mE3fBQ=","invert bycatch",,,,,,,,,,"EWrRKg8wzIMaNrWK6a7MhpXyyIIOA6PNDE6EHntJeoM=",
"5d9b2e32-038c-4904-b545-c661ce7df9d2","CPER_006.basePlot.bet","D10","CPER","CPER_006","S","2016-09-08","2016-09-22","2016-09-23","2016-10-06",,"CPER_006.S.20160922","NHMCrMp+/ZWmMl7HlSTkX9V1AWKLe1fXds/PfX+NMxM=","invert bycatch",,,,,,,,,,"EWrRKg8wzIMaNrWK6a7MhpXyyIIOA6PNDE6EHntJeoM=",
"1fcd851d-7db0-4300-a073-880666dc2091","CPER_008.basePlot.bet","D10","CPER","CPER_008","S","2016-09-08","2016-09-22","2016-09-23","2016-10-06",,"CPER_008.S.20160922","kqngcYlCVJ6RTpAUD89Xb0HkJ/M1mawVjRIhbnlmGGg=","invert bycatch",,,,,,,,,,"EWrRKg8wzIMaNrWK6a7MhpXyyIIOA6PNDE6EHntJeoM=",
"46a34f76-9b7d-4705-92da-eeecd1f48f5b","CPER_001.basePlot.bet","D10","CPER","CPER_001","E","2016-09-08","2016-09-22","2016-09-23","2016-10-07",,"CPER_001.E.20160922","BEtTVHT1LvErFJ0fxOdJaVbk7FQ0wNYn5zdPSc6AfdI=","invert bycatch",,,,,,,,,,"b5Bt2/WAcobZn6HG5BJ0XugSCqR8u1Uj4+iyEzptoVg=",
"62a39884-860b-4b66-bc49-cb70b5e84f92","CPER_009.basePlot.bet","D10","CPER","CPER_009","E","2016-09-08","2016-09-22","2016-09-23","2016-10-06",,"CPER_009.E.20160922","KY+Aed9dLRtMfeumMywSKYhWELyarfnBJ+DVINnKeNI=","invert bycatch",,,,,,,,,,"EWrRKg8wzIMaNrWK6a7MhpXyyIIOA6PNDE6EHntJeoM=",
"cd98a7e4-efd0-4671-a610-a47628b6d289","CPER_008.basePlot.bet","D10","CPER","CPER_008","E","2016-09-08","2016-09-22","2016-09-23","2016-09-23","2016-09-23","CPER_008.E.20160922","kqngcYlCVJ5Ki03/qc9YSaanu4k0pHRCwi6nDL2F0ZM=","vert bycatch herp","PLEMUL","Plestiodon multivirgatus","species",,"Hallowell",,1,"Other","FHSuRnDDEXch2F1N4+O9mztJ2ojXSkEF","EWrRKg8wzIMaNrWK6a7MhpXyyIIOA6PNDE6EHntJeoM=",
"e30aa1ce-b7e9-48bb-a117-c80e026e21b2","CPER_006.basePlot.bet","D10","CPER","CPER_006","E","2016-09-08","2016-09-22","2016-09-23","2016-10-06",,"CPER_006.E.20160922","NHMCrMp+/ZW+otjcGhsCuQc6gnuPV0zo5A9W5RvL+yA=","invert bycatch",,,,,,,,,,"EWrRKg8wzIMaNrWK6a7MhpXyyIIOA6PNDE6EHntJeoM=",
"778d335e-9aba-44bf-bc17-981dc1acc176","CPER_009.basePlot.bet","D10","CPER","CPER_009","E","2016-09-08","2016-09-22","2016-09-23","2016-10-06","2016-10-06","CPER_009.E.20160922","KY+Aed9dLRtMfeumMywSKRzW4WWfwKjpaaCv7tNguMw=","vert bycatch herp","PLEMUL","Plestiodon multivirgatus","species",,"Hallowell",,1,"Other","2lRMQQ1w1tiv8nJa8DSzeb+EpwlNzTrC","EWrRKg8wzIMaNrWK6a7MhpXyyIIOA6PNDE6EHntJeoM=","EUMMUL was not separated within 24 hours of collection"
"af125b1e-df4e-41d8-8a80-8c8dd506613d","CPER_007.basePlot.bet","D10","CPER","CPER_007","E","2016-09-08","2016-09-22","2016-09-23","2016-10-06",,"CPER_007.E.20160922","SOIi55Lib0IFQ1eb9PLopLLPZrvY2Nsz+7m8VL//RIk=","invert bycatch",,,,,,,,,,"EWrRKg8wzIMaNrWK6a7MhpXyyIIOA6PNDE6EHntJeoM=",
"76c44af2-6930-4457-9655-75002a3ab44d","CPER_004.basePlot.bet","D10","CPER","CPER_004","E","2016-09-08","2016-09-22","2016-09-23","2016-10-07",,"CPER_004.E.20160922","eSCyThC0ZO4IX+FtgKgxoBHhmlwOONlOjbke1HP5tgo=","invert bycatch",,,,,,,,,,"b5Bt2/WAcobZn6HG5BJ0XugSCqR8u1Uj4+iyEzptoVg=",
"7ede638c-e24c-425f-83a0-f6a6726c6825","CPER_010.basePlot.bet","D10","CPER","CPER_010","E","2016-09-08","2016-09-22","2016-09-23","2016-10-06",,"CPER_010.E.20160922","DW9ihRbrMtlU+DgkMtW21EpzVjChm5Q4ciJvlozlq60=","invert bycatch",,,,,,,,,,"EWrRKg8wzIMaNrWK6a7MhpXyyIIOA6PNDE6EHntJeoM=","CPER_010 E bycatch pooled with CPER_009.20160922.ib.01 - No actual vial present for CPER_010.20160922.ib.01"
"39857be0-7aa2-4164-b76c-6036ba12a534","CPER_002.basePlot.bet","D10","CPER","CPER_002","E","2016-09-08","2016-09-22","2016-09-23","2016-10-07",,"CPER_002.E.20160922","OMNGlFKVPvQJJObmwEsyrGV8aKEfOmcXi825BZKk5QU=","invert bycatch",,,,,,,,,,"b5Bt2/WAcobZn6HG5BJ0XugSCqR8u1Uj4+iyEzptoVg=",
"2df7e6c9-83f1-4992-943e-f6dfddb0d7c9","CPER_008.basePlot.bet","D10","CPER","CPER_008","E","2016-09-08","2016-09-22","2016-09-23","2016-10-06",,"CPER_008.E.20160922","kqngcYlCVJ5Ki03/qc9YSV9HUYy858cmufaEIAjMijA=","invert bycatch",,,,,,,,,,"EWrRKg8wzIMaNrWK6a7MhpXyyIIOA6PNDE6EHntJeoM=",
"54008d93-a1ca-4ed5-b705-ac45e9bafa11","CPER_007.basePlot.bet","D10","CPER","CPER_007","N","2016-09-08","2016-09-22","2016-09-23","2016-10-06",,"CPER_007.N.20160922","SOIi55Lib0IaN/2wEY8s2YZJkVaeP9gIZOsQqJUIS0c=","invert bycatch",,,,,,,,,,"EWrRKg8wzIMaNrWK6a7MhpXyyIIOA6PNDE6EHntJeoM=",
"d6e7c258-5197-4e56-a905-15b0a94f6575","CPER_003.basePlot.bet","D10","CPER","CPER_003","N","2016-09-08","2016-09-22","2016-09-23","2016-10-07",,"CPER_003.N.20160922","omCPNZnkoGR1hbO4uBHFrDwty99XGQQxSzMUMbaeFGA=","invert bycatch",,,,,,,,,,"b5Bt2/WAcobZn6HG5BJ0XugSCqR8u1Uj4+iyEzptoVg=",
"166386ae-51f6-4582-ab49-6c1a514d498b","CPER_004.basePlot.bet","D10","CPER","CPER_004","N","2016-09-08","2016-09-22","2016-09-23","2016-10-07",,"CPER_004.N.20160922","eSCyThC0ZO7Z8HwXncMQ81Jx4ZSkUej2Pda/J2SS01o=","invert bycatch",,,,,,,,,,"b5Bt2/WAcobZn6HG5BJ0XugSCqR8u1Uj4+iyEzptoVg=",
"0cfff94e-4767-43e7-a25f-cf44b9e81856","CPER_001.basePlot.bet","D10","CPER","CPER_001","N","2016-09-08","2016-09-22","2016-09-23","2016-10-07",,"CPER_001.N.20160922","BEtTVHT1LvEZU/sAlJAcdBNijQOLx0EDxSTGf6o1pCE=","invert bycatch",,,,,,,,,,"b5Bt2/WAcobZn6HG5BJ0XugSCqR8u1Uj4+iyEzptoVg=",
"fac24377-b09c-45bd-8c3f-59c45c976a8e","CPER_005.basePlot.bet","D10","CPER","CPER_005","N","2016-09-08","2016-09-22","2016-09-23","2016-10-07",,"CPER_005.N.20160922","e1AKewEwvnETE+QzWR0w6V8Rb1Oj2cLmkuxufVATjTY=","invert bycatch",,,,,,,,,,"b5Bt2/WAcobZn6HG5BJ0XugSCqR8u1Uj4+iyEzptoVg=",
"3ce61245-2d13-4de5-9834-8d9e1d4c4092","CPER_010.basePlot.bet","D10","CPER","CPER_010","N","2016-09-08","2016-09-22","2016-09-23","2016-10-06",,"CPER_010.N.20160922","DW9ihRbrMtmCpKWaSPJZkyqSjuzSAjSzKg8RFR4UM/o=","invert bycatch",,,,,,,,,,"EWrRKg8wzIMaNrWK6a7MhpXyyIIOA6PNDE6EHntJeoM=",
"99569f67-1d6e-49d0-8020-0b59f44980e5","CPER_002.basePlot.bet","D10","CPER","CPER_002","N","2016-09-08","2016-09-22","2016-09-23","2016-10-07",,"CPER_002.N.20160922","OMNGlFKVPvQa04Fp0UBa9UNwCHbl0qwBLRSnanOSBqs=","invert bycatch",,,,,,,,,,"b5Bt2/WAcobZn6HG5BJ0XugSCqR8u1Uj4+iyEzptoVg=",
"2d71791f-fe74-4cf5-9f6a-1a3e53d14cef","CPER_008.basePlot.bet","D10","CPER","CPER_008","N","2016-09-08","2016-09-22","2016-09-23","2016-10-06",,"CPER_008.N.20160922","kqngcYlCVJ4WypzPT4tdpHRwObgUpr5bCyuehYNtKVg=","invert bycatch",,,,,,,,,,"EWrRKg8wzIMaNrWK6a7MhpXyyIIOA6PNDE6EHntJeoM=",
"63880a50-09b4-47c9-9df8-01dbcab17b99","CPER_009.basePlot.bet","D10","CPER","CPER_009","N","2016-09-08","2016-09-22","2016-09-23","2016-10-06",,"CPER_009.N.20160922","KY+Aed9dLRsu5N4Vk9Z6VKfRkcoTOO+TjNrZl4K1vYk=","invert bycatch",,,,,,,,,,"EWrRKg8wzIMaNrWK6a7MhpXyyIIOA6PNDE6EHntJeoM=",
"b6c95541-3f97-467d-93c3-51782f6e736f","CPER_006.basePlot.bet","D10","CPER","CPER_006","N","2016-09-08","2016-09-22","2016-09-23","2016-10-06",,"CPER_006.N.20160922","NHMCrMp+/ZVnmC5LXFDPuk7y+7U8Egrv0sRK7t+TkrI=","invert bycatch",,,,,,,,,,"EWrRKg8wzIMaNrWK6a7MhpXyyIIOA6PNDE6EHntJeoM=",
"3c21a270-a04c-4345-8d76-bdf90a738d38","CPER_002.basePlot.bet","D10","CPER","CPER_002","S","2016-09-08","2016-09-22","2016-09-23","2016-10-07",,"CPER_002.S.20160922","OMNGlFKVPvSiNB//mkcmFKbzquYf8Sk3JRVCiGWQnno=","invert bycatch",,,,,,,,,,"b5Bt2/WAcobZn6HG5BJ0XugSCqR8u1Uj4+iyEzptoVg=",
"e14606c1-525f-476a-84d2-5638dfdde9b7","CPER_010.basePlot.bet","D10","CPER","CPER_010","S","2016-09-08","2016-09-22","2016-09-23","2016-10-06",,"CPER_010.S.20160922","DW9ihRbrMtmOiADTfsKRGJxu59YKrdOtZqSdBkU0yCs=","invert bycatch",,,,,,,,,,"EWrRKg8wzIMaNrWK6a7MhpXyyIIOA6PNDE6EHntJeoM=",
