uid,namedLocation,domainID,siteID,plotID,trapID,plotType,nlcdClass,decimalLatitude,decimalLongitude,geodeticDatum,coordinateUncertainty,elevation,elevationUncertainty,setDate,collectDate,eventID,daysOfTrapping,sampleCollected,sampleID,cupStatus,lidStatus,fluidLevel,samplingProtocolVersion,recordedBy,remarks
"3ed31888-045f-4e64-b949-cd871629eceb","CPER_006.basePlot.bet","D10","CPER","CPER_006","S","distributed","grasslandHerbaceous",40.814769,-104.748078,"WGS84",20.1,1650.0,0.1,"2013-07-31","2013-08-14","CPER.2013.33",14,"Y","CPER_006.S.20130814","Ok","Ok","Ok","NEON.DOC.014050vB","xQtGmesZAYQVQsq5BeW09uQYZslDkn5LO6V+raV2ly0=",
"2ca7d4fe-cf38-4e1f-bce0-190a1095c96c","CPER_007.basePlot.bet","D10","CPER","CPER_007","S","distributed","grasslandHerbaceous",40.861915,-104.683832,"WGS84",20.1,1646.7,0.1,"2013-07-31","2013-08-14","CPER.2013.33",14,"Y","CPER_007.S.20130814","Ok","Ok","Ok","NEON.DOC.014050vB","xQtGmesZAYQVQsq5BeW09uQYZslDkn5LO6V+raV2ly0=",
"30136842-ab99-4f49-9638-111c4142f61c","CPER_004.basePlot.bet","D10","CPER","CPER_004","S","distributed","grasslandHerbaceous",40.812750,-104.696873,"WGS84",20.1,1622.7,0.1,"2013-07-31","2013-08-14","CPER.2013.33",14,"Y","CPER_004.S.20130814","Ok","Ok","Ok","NEON.DOC.014050vB","xQtGmesZAYQVQsq5BeW09uQYZslDkn5LO6V+raV2ly0=",
"e00594f6-a667-4efd-9d7c-912caa6e2a4f","CPER_003.basePlot.bet","D10","CPER","CPER_003","S","distributed","grasslandHerbaceous",40.818451,-104.707164,"WGS84",20.1,1623.8,0.1,"2013-07-31","2013-08-14","CPER.2013.33",14,"Y","CPER_003.S.20130814",,,"Ok","NEON.DOC.014050vB","xQtGmesZAYQVQsq5BeW09uQYZslDkn5LO6V+raV2ly0=","no data provided for \cup status\ or \lid status\"
"4e836e36-9ae4-4b7c-a2d8-8063f29a7c42","CPER_001.basePlot.bet","D10","CPER","CPER_001","S","distributed","grasslandHerbaceous",40.850866,-104.699535,"WGS84",20.1,1637.9,0.1,"2013-07-31","2013-08-14","CPER.2013.33",14,"Y","CPER_001.S.20130814","Ok","Ok","Ok","NEON.DOC.014050vB","xQtGmesZAYQVQsq5BeW09uQYZslDkn5LO6V+raV2ly0=",
"a9bb2bac-f31f-4e4e-92dd-ce64605e2f74","CPER_005.basePlot.bet","D10","CPER","CPER_005","S","distributed","grasslandHerbaceous",40.853093,-104.728006,"WGS84",20.1,1664.4,0.1,"2013-07-31","2013-08-14","CPER.2013.33",14,"Y","CPER_005.S.20130814","Ok","Ok","Ok","NEON.DOC.014050vB","xQtGmesZAYQVQsq5BeW09uQYZslDkn5LO6V+raV2ly0=",
"09adc1cc-54c0-4e8f-a6a1-2febbf236377","CPER_007.basePlot.bet","D10","CPER","CPER_007","W","distributed","grasslandHerbaceous",40.861915,-104.683832,"WGS84",20.1,1646.7,0.1,"2013-07-31","2013-08-14","CPER.2013.33",14,"Y","CPER_007.W.20130814","Ok","Ok","Ok","NEON.DOC.014050vB","xQtGmesZAYQVQsq5BeW09uQYZslDkn5LO6V+raV2ly0=",
"1daf918e-46fc-421b-9c91-95d954dfeb3c","CPER_004.basePlot.bet","D10","CPER","CPER_004","W","distributed","grasslandHerbaceous",40.812750,-104.696873,"WGS84",20.1,1622.7,0.1,"2013-07-31","2013-08-14","CPER.2013.33",14,"Y","CPER_004.W.20130814","Ok","Ok","Ok","NEON.DOC.014050vB","xQtGmesZAYQVQsq5BeW09uQYZslDkn5LO6V+raV2ly0=",
"8f21226d-add5-48ab-b4a1-0f54f51f75f5","CPER_003.basePlot.bet","D10","CPER","CPER_003","W","distributed","grasslandHerbaceous",40.818451,-104.707164,"WGS84",20.1,1623.8,0.1,"2013-07-31","2013-08-14","CPER.2013.33",14,"Y","CPER_003.W.20130814","Ok","Ok","Ok","NEON.DOC.014050vB","xQtGmesZAYQVQsq5BeW09uQYZslDkn5LO6V+raV2ly0=",
"994336dd-baec-4c31-aea7-27178028d444","CPER_001.basePlot.bet","D10","CPER","CPER_001","W","distributed","grasslandHerbaceous",40.850866,-104.699535,"WGS84",20.1,1637.9,0.1,"2013-07-31","2013-08-14","CPER.2013.33",14,"Y","CPER_001.W.20130814","Ok","Ok","High","NEON.DOC.014050vB","xQtGmesZAYQVQsq5BeW09uQYZslDkn5LO6V+raV2ly0=",
"3e247acf-8888-4a70-bb85-5c87f02ffac7","CPER_005.basePlot.bet","D10","CPER","CPER_005","W","distributed","grasslandHerbaceous",40.853093,-104.728006,"WGS84",20.1,1664.4,0.1,"2013-07-31","2013-08-14","CPER.2013.33",14,"Y","CPER_005.W.20130814","Ok","Ok","High","NEON.DOC.014050vB","xQtGmesZAYQVQsq5BeW09uQYZslDkn5LO6V+raV2ly0=",
"0bb9561d-36c3-4acd-beb6-c9cae6ed5db8","CPER_002.basePlot.bet","D10","CPER","CPER_002","W","distributed","grasslandHerbaceous",40.810934,-104.729248,"WGS84",20.1,1651.1,0.1,"2013-07-31","2013-08-14","CPER.2013.33",14,"Y","CPER_002.W.20130814","Ok","Ok","Ok","NEON.DOC.014050vB","xQtGmesZAYQVQsq5BeW09uQYZslDkn5LO6V+raV2ly0=",
"11aff427-fc52-49f6-8b4f-869d8a6353a5","CPER_010.basePlot.bet","D10","CPER","CPER_010","W","distributed","grasslandHerbaceous",40.850010,-104.681398,"WGS84",20.1,1646.2,0.1,"2013-07-31","2013-08-14","CPER.2013.33",14,"Y","CPER_010.W.20130814","Ok","Disturbed","Low","NEON.DOC.014050vB","xQtGmesZAYQVQsq5BeW09uQYZslDkn5LO6V+raV2ly0=",
"7f76be11-f29c-4a74-a8a0-8170eeca967f","CPER_008.basePlot.bet","D10","CPER","CPER_008","W","distributed","grasslandHerbaceous",40.798822,-104.749212,"WGS84",20.1,1644.8,0.1,"2013-07-31","2013-08-14","CPER.2013.33",14,"Y","CPER_008.W.20130814","Ok","Ok","Ok","NEON.DOC.014050vB","xQtGmesZAYQVQsq5BeW09uQYZslDkn5LO6V+raV2ly0=",
"c3b2ced7-b924-4a30-ba48-152d8bca61bd","CPER_009.basePlot.bet","D10","CPER","CPER_009","W","distributed","grasslandHerbaceous",40.826120,-104.745903,"WGS84",20.1,1656.6,0.1,"2013-07-31","2013-08-14","CPER.2013.33",14,"Y","CPER_009.W.20130814","Ok","Ok","High","NEON.DOC.014050vB","xQtGmesZAYQVQsq5BeW09uQYZslDkn5LO6V+raV2ly0=",
"50bd8b27-7def-4745-9153-e455e4787389","CPER_006.basePlot.bet","D10","CPER","CPER_006","W","distributed","grasslandHerbaceous",40.814769,-104.748078,"WGS84",20.1,1650.0,0.1,"2013-07-31","2013-08-14","CPER.2013.33",14,"Y","CPER_006.W.20130814","Ok","Ok","Ok","NEON.DOC.014050vB","xQtGmesZAYQVQsq5BeW09uQYZslDkn5LO6V+raV2ly0=",
"8fe9936d-28b3-4ebc-89ad-f6d0650ff28c","CPER_008.basePlot.bet","D10","CPER","CPER_008","E","distributed","grasslandHerbaceous",40.798822,-104.749212,"WGS84",20.1,1644.8,0.1,"2013-07-31","2013-08-14","CPER.2013.33",14,"Y","CPER_008.E.20130814","Ok","Ok","High","NEON.DOC.014050vB","xQtGmesZAYQVQsq5BeW09uQYZslDkn5LO6V+raV2ly0=",
"c64da3b1-354e-4c14-be1e-a4c35193ebc8","CPER_002.basePlot.bet","D10","CPER","CPER_002","E","distributed","grasslandHerbaceous",40.810934,-104.729248,"WGS84",20.1,1651.1,0.1,"2013-07-31","2013-08-14","CPER.2013.33",14,"Y","CPER_002.E.20130814","Ok","Ok","High","NEON.DOC.014050vB","xQtGmesZAYQVQsq5BeW09uQYZslDkn5LO6V+raV2ly0=",
"8d014875-fa8c-4dd7-acbf-7357996911b7","CPER_006.basePlot.bet","D10","CPER","CPER_006","E","distributed","grasslandHerbaceous",40.814769,-104.748078,"WGS84",20.1,1650.0,0.1,"2013-07-31","2013-08-14","CPER.2013.33",14,"Y","CPER_006.E.20130814","Ok","Ok","Ok","NEON.DOC.014050vB","xQtGmesZAYQVQsq5BeW09uQYZslDkn5LO6V+raV2ly0=",
"b5030806-6f3b-4646-9256-3fea570654ce","CPER_009.basePlot.bet","D10","CPER","CPER_009","E","distributed","grasslandHerbaceous",40.826120,-104.745903,"WGS84",20.1,1656.6,0.1,"2013-07-31","2013-08-14","CPER.2013.33",14,"Y","CPER_009.E.20130814","Ok","Ok","High","NEON.DOC.014050vB","xQtGmesZAYQVQsq5BeW09uQYZslDkn5LO6V+raV2ly0=",
"6086c2ea-8ef1-4192-bad4-635c2ecf3fe1","CPER_010.basePlot.bet","D10","CPER","CPER_010","E","distributed","grasslandHerbaceous",40.850010,-104.681398,"WGS84",20.1,1646.2,0.1,"2013-07-31","2013-08-14","CPER.2013.33",14,"Y","CPER_010.E.20130814","Ok","Ok","Ok","NEON.DOC.014050vB","xQtGmesZAYQVQsq5BeW09uQYZslDkn5LO6V+raV2ly0=",
"2cb0134c-09d3-4a7b-bfda-c9d93bda1791","CPER_003.basePlot.bet","D10","CPER","CPER_003","E","distributed","grasslandHerbaceous",40.818451,-104.707164,"WGS84",20.1,1623.8,0.1,"2013-07-31","2013-08-14","CPER.2013.33",14,"Y","CPER_003.E.20130814","Ok","Ok","Ok","NEON.DOC.014050vB","xQtGmesZAYQVQsq5BeW09uQYZslDkn5LO6V+raV2ly0=",
"93748fe2-41d4-454c-8048-11d2341e3d70","CPER_004.basePlot.bet","D10","CPER","CPER_004","E","distributed","grasslandHerbaceous",40.812750,-104.696873,"WGS84",20.1,1622.7,0.1,"2013-07-31","2013-08-14","CPER.2013.33",14,"Y","CPER_004.E.20130814","Ok","Ok","Ok","NEON.DOC.014050vB","xQtGmesZAYQVQsq5BeW09uQYZslDkn5LO6V+raV2ly0=",
"3a0ecf11-f264-4608-a6f1-1f316635bc02","CPER_007.basePlot.bet","D10","CPER","CPER_007","E","distributed","grasslandHerbaceous",40.861915,-104.683832,"WGS84",20.1,1646.7,0.1,"2013-07-31","2013-08-14","CPER.2013.33",14,"Y","CPER_007.E.20130814","Ok","Ok","Ok","NEON.DOC.014050vB","xQtGmesZAYQVQsq5BeW09uQYZslDkn5LO6V+raV2ly0=",
"ba2f29c9-7d2d-4f97-a315-38652ceda034","CPER_005.basePlot.bet","D10","CPER","CPER_005","E","distributed","grasslandHerbaceous",40.853093,-104.728006,"WGS84",20.1,1664.4,0.1,"2013-07-31","2013-08-14","CPER.2013.33",14,"Y","CPER_005.E.20130814","Ok","Ok","Ok","NEON.DOC.014050vB","xQtGmesZAYQVQsq5BeW09uQYZslDkn5LO6V+raV2ly0=",
"e3ab0632-ec42-4c50-991d-e0471b4882eb","CPER_001.basePlot.bet","D10","CPER","CPER_001","E","distributed","grasslandHerbaceous",40.850866,-104.699535,"WGS84",20.1,1637.9,0.1,"2013-07-31","2013-08-14","CPER.2013.33",14,"Y","CPER_001.E.20130814","Ok","Ok","Ok","NEON.DOC.014050vB","xQtGmesZAYQVQsq5BeW09uQYZslDkn5LO6V+raV2ly0=",
"c7048ebe-5661-4d7f-a237-7ce9cce308b2","CPER_003.basePlot.bet","D10","CPER","CPER_003","N","distributed","grasslandHerbaceous",40.818451,-104.707164,"WGS84",20.1,1623.8,0.1,"2013-07-31","2013-08-14","CPER.2013.33",14,"Y","CPER_003.N.20130814","Ok","Ok","Low","NEON.DOC.014050vB","xQtGmesZAYQVQsq5BeW09uQYZslDkn5LO6V+raV2ly0=",
"a4b92694-3a5f-49fc-8810-d76c31994083","CPER_007.basePlot.bet","D10","CPER","CPER_007","N","distributed","grasslandHerbaceous",40.861915,-104.683832,"WGS84",20.1,1646.7,0.1,"2013-07-31","2013-08-14","CPER.2013.33",14,"Y","CPER_007.N.20130814","Ok","Ok","Ok","NEON.DOC.014050vB","xQtGmesZAYQVQsq5BeW09uQYZslDkn5LO6V+raV2ly0=",
"5c838662-e165-4f6c-90f3-70de663e91da","CPER_009.basePlot.bet","D10","CPER","CPER_009","N","distributed","grasslandHerbaceous",40.826120,-104.745903,"WGS84",20.1,1656.6,0.1,"2013-07-31","2013-08-14","CPER.2013.33",14,"Y","CPER_009.N.20130814","Ok","Ok","High","NEON.DOC.014050vB","xQtGmesZAYQVQsq5BeW09uQYZslDkn5LO6V+raV2ly0=",
"d780c93a-8268-4dd0-8d2a-2eca0f559d13","CPER_005.basePlot.bet","D10","CPER","CPER_005","N","distributed","grasslandHerbaceous",40.853093,-104.728006,"WGS84",20.1,1664.4,0.1,"2013-07-31","2013-08-14","CPER.2013.33",14,"Y","CPER_005.N.20130814","Ok","Ok","Ok","NEON.DOC.014050vB","xQtGmesZAYQVQsq5BeW09uQYZslDkn5LO6V+raV2ly0=",
"41339d42-5ca9-4bbd-89be-a23f73b3bd89","CPER_001.basePlot.bet","D10","CPER","CPER_001","N","distributed","grasslandHerbaceous",40.850866,-104.699535,"WGS84",20.1,1637.9,0.1,"2013-07-31","2013-08-14","CPER.2013.33",14,"Y","CPER_001.N.20130814","Ok","Ok","Ok","NEON.DOC.014050vB","xQtGmesZAYQVQsq5BeW09uQYZslDkn5LO6V+raV2ly0=",
"3fb149c2-fa31-4a6c-820d-0c4e3ef3fd0e","CPER_010.basePlot.bet","D10","CPER","CPER_010","N","distributed","grasslandHerbaceous",40.850010,-104.681398,"WGS84",20.1,1646.2,0.1,"2013-07-31","2013-08-14","CPER.2013.33",14,"Y","CPER_010.N.20130814","Ok","Ok","High","NEON.DOC.014050vB","xQtGmesZAYQVQsq5BeW09uQYZslDkn5LO6V+raV2ly0=",
"a8d8b008-26d4-4bf1-b0f6-b5a6c9bc4f73","CPER_002.basePlot.bet","D10","CPER","CPER_002","N","distributed","grasslandHerbaceous",40.810934,-104.729248,"WGS84",20.1,1651.1,0.1,"2013-07-31","2013-08-14","CPER.2013.33",14,"Y","CPER_002.N.20130814","Ok","Ok","High","NEON.DOC.014050vB","xQtGmesZAYQVQsq5BeW09uQYZslDkn5LO6V+raV2ly0=",
"ecbeeb5d-d23e-40a1-8a50-d169fad61ea1","CPER_006.basePlot.bet","D10","CPER","CPER_006","N","distributed","grasslandHerbaceous",40.814769,-104.748078,"WGS84",20.1,1650.0,0.1,"2013-07-31","2013-08-14","CPER.2013.33",14,"Y","CPER_006.N.20130814","Ok","Ok","Ok","NEON.DOC.014050vB","xQtGmesZAYQVQsq5BeW09uQYZslDkn5LO6V+raV2ly0=",
"aa0609ca-c327-4e2a-a9b2-6a15308f0c28","CPER_008.basePlot.bet","D10","CPER","CPER_008","N","distributed","grasslandHerbaceous",40.798822,-104.749212,"WGS84",20.1,1644.8,0.1,"2013-07-31","2013-08-14","CPER.2013.33",14,"Y","CPER_008.N.20130814","Ok","Ok","Low","NEON.DOC.014050vB","xQtGmesZAYQVQsq5BeW09uQYZslDkn5LO6V+raV2ly0=",
"c05d5ddd-ff28-4056-b993-823092db70cf","CPER_004.basePlot.bet","D10","CPER","CPER_004","N","distributed","grasslandHerbaceous",40.812750,-104.696873,"WGS84",20.1,1622.7,0.1,"2013-07-31","2013-08-14","CPER.2013.33",14,"Y","CPER_004.N.20130814","Ok","Ok","Ok","NEON.DOC.014050vB","xQtGmesZAYQVQsq5BeW09uQYZslDkn5LO6V+raV2ly0=",
"5c25b952-91ff-44f4-ab1f-acb9dc640fe8","CPER_002.basePlot.bet","D10","CPER","CPER_002","S","distributed","grasslandHerbaceous",40.810934,-104.729248,"WGS84",20.1,1651.1,0.1,"2013-07-31","2013-08-14","CPER.2013.33",14,"Y","CPER_002.S.20130814","Ok","Ok","Ok","NEON.DOC.014050vB","xQtGmesZAYQVQsq5BeW09uQYZslDkn5LO6V+raV2ly0=",
"49c9ecbd-4fc6-452c-85c8-1d8a0736ba2d","CPER_010.basePlot.bet","D10","CPER","CPER_010","S","distributed","grasslandHerbaceous",40.850010,-104.681398,"WGS84",20.1,1646.2,0.1,"2013-07-31","2013-08-14","CPER.2013.33",14,"Y","CPER_010.S.20130814","Ok","Ok","Ok","NEON.DOC.014050vB","xQtGmesZAYQVQsq5BeW09uQYZslDkn5LO6V+raV2ly0=",
"59a20d36-1874-436d-bf2e-53e034ed936c","CPER_008.basePlot.bet","D10","CPER","CPER_008","S","distributed","grasslandHerbaceous",40.798822,-104.749212,"WGS84",20.1,1644.8,0.1,"2013-07-31","2013-08-14","CPER.2013.33",14,"Y","CPER_008.S.20130814","Ok","Ok","Low","NEON.DOC.014050vB","xQtGmesZAYQVQsq5BeW09uQYZslDkn5LO6V+raV2ly0=",
"921622c1-1981-4418-90e7-cd4bbbbfd71e","CPER_009.basePlot.bet","D10","CPER","CPER_009","S","distributed","grasslandHerbaceous",40.826120,-104.745903,"WGS84",20.1,1656.6,0.1,"2013-07-31","2013-08-14","CPER.2013.33",14,"Y","CPER_009.S.20130814","Ok","Ok","Ok","NEON.DOC.014050vB","xQtGmesZAYQVQsq5BeW09uQYZslDkn5LO6V+raV2ly0=",
"5dc6dbc1-98a2-49f0-a92e-4ce34f110eb2","CPER_008.basePlot.bet","D10","CPER","CPER_008","E","distributed","grasslandHerbaceous",40.798822,-104.749212,"WGS84",20.1,1644.8,0.1,"2013-08-14","2013-08-28","CPER.2013.35",14,"Y","CPER_008.E.20130828","Ok","Ok","Low","NEON.DOC.014050vB","XXW8BqPXtz8O/NjgqA/M055oks+wo6V4",
"ad3d13b9-1088-4841-b54e-562aeab2ba95","CPER_010.basePlot.bet","D10","CPER","CPER_010","W","distributed","grasslandHerbaceous",40.850010,-104.681398,"WGS84",20.1,1646.2,0.1,"2013-08-14","2013-08-28","CPER.2013.35",14,"Y","CPER_010.W.20130828","Ok","Ok","Low","NEON.DOC.014050vB","XXW8BqPXtz8O/NjgqA/M055oks+wo6V4",
"1b1f4c5e-6487-41c2-a4a2-800bd205ffb0","CPER_007.basePlot.bet","D10","CPER","CPER_007","E","distributed","grasslandHerbaceous",40.861915,-104.683832,"WGS84",20.1,1646.7,0.1,"2013-08-14","2013-08-28","CPER.2013.35",14,"Y","CPER_007.E.20130828","Ok","Ok","Ok","NEON.DOC.014050vB","XXW8BqPXtz8O/NjgqA/M055oks+wo6V4",
"73c24bbe-1c19-4b07-8020-8e5364dbe5e5","CPER_009.basePlot.bet","D10","CPER","CPER_009","E","distributed","grasslandHerbaceous",40.826120,-104.745903,"WGS84",20.1,1656.6,0.1,"2013-08-14","2013-08-28","CPER.2013.35",14,"Y","CPER_009.E.20130828","Ok","Ok","Low","NEON.DOC.014050vB","XXW8BqPXtz8O/NjgqA/M055oks+wo6V4",
"e0814019-3b93-4c1b-a620-b522139d8133","CPER_010.basePlot.bet","D10","CPER","CPER_010","E","distributed","grasslandHerbaceous",40.850010,-104.681398,"WGS84",20.1,1646.2,0.1,"2013-08-14","2013-08-28","CPER.2013.35",14,"Y","CPER_010.E.20130828","Ok","Ok","Low","NEON.DOC.014050vB","XXW8BqPXtz8O/NjgqA/M055oks+wo6V4",
"86201404-178b-4b9d-a932-91f069850d8c","CPER_002.basePlot.bet","D10","CPER","CPER_002","E","distributed","grasslandHerbaceous",40.810934,-104.729248,"WGS84",20.1,1651.1,0.1,"2013-08-14","2013-08-28","CPER.2013.35",14,"Y","CPER_002.E.20130828","Ok","Ok","Low","NEON.DOC.014050vB","XXW8BqPXtz8O/NjgqA/M055oks+wo6V4",
"ecf4b46e-5f5f-4ffe-9efb-7ef938498d05","CPER_005.basePlot.bet","D10","CPER","CPER_005","E","distributed","grasslandHerbaceous",40.853093,-104.728006,"WGS84",20.1,1664.4,0.1,"2013-08-14","2013-08-28","CPER.2013.35",14,"Y","CPER_005.E.20130828","Ok","Ok","Low","NEON.DOC.014050vB","XXW8BqPXtz8O/NjgqA/M055oks+wo6V4",
"2f8010fe-63fa-44ce-8a1f-165ec68021bd","CPER_001.basePlot.bet","D10","CPER","CPER_001","E","distributed","grasslandHerbaceous",40.850866,-104.699535,"WGS84",20.1,1637.9,0.1,"2013-08-14","2013-08-28","CPER.2013.35",14,"Y","CPER_001.E.20130828","Ok","Ok","Low","NEON.DOC.014050vB","XXW8BqPXtz8O/NjgqA/M055oks+wo6V4",
"c53287eb-9452-4f4b-bf35-b80ea137eb5c","CPER_003.basePlot.bet","D10","CPER","CPER_003","E","distributed","grasslandHerbaceous",40.818451,-104.707164,"WGS84",20.1,1623.8,0.1,"2013-08-14","2013-08-28","CPER.2013.35",14,"Y","CPER_003.E.20130828","Ok","Ok","Low","NEON.DOC.014050vB","XXW8BqPXtz8O/NjgqA/M055oks+wo6V4",
"1c51d8d0-217b-40cd-b185-777464243a72","CPER_004.basePlot.bet","D10","CPER","CPER_004","E","distributed","grasslandHerbaceous",40.812750,-104.696873,"WGS84",20.1,1622.7,0.1,"2013-08-14","2013-08-28","CPER.2013.35",14,"Y","CPER_004.E.20130828","Ok","Ok","Ok","NEON.DOC.014050vB","XXW8BqPXtz8O/NjgqA/M055oks+wo6V4",
"a1b7e37c-3e5a-4a00-8426-548546638b8f","CPER_006.basePlot.bet","D10","CPER","CPER_006","N","distributed","grasslandHerbaceous",40.814769,-104.748078,"WGS84",20.1,1650.0,0.1,"2013-08-14","2013-08-28","CPER.2013.35",14,"Y","CPER_006.N.20130828","Ok","Ok","Low","NEON.DOC.014050vB","XXW8BqPXtz8O/NjgqA/M055oks+wo6V4",
"ae273f01-e5f1-4ab4-8918-7ed72d8eed42","CPER_008.basePlot.bet","D10","CPER","CPER_008","N","distributed","grasslandHerbaceous",40.798822,-104.749212,"WGS84",20.1,1644.8,0.1,"2013-08-14","2013-08-28","CPER.2013.35",14,"Y","CPER_008.N.20130828","Ok","Ok","Low","NEON.DOC.014050vB","XXW8BqPXtz8O/NjgqA/M055oks+wo6V4",
"cd0e90f6-fe89-43c0-9f39-e3ade5cacac7","CPER_009.basePlot.bet","D10","CPER","CPER_009","N","distributed","grasslandHerbaceous",40.826120,-104.745903,"WGS84",20.1,1656.6,0.1,"2013-08-14","2013-08-28","CPER.2013.35",14,"Y","CPER_009.N.20130828","Ok","Ok","Low","NEON.DOC.014050vB","XXW8BqPXtz8O/NjgqA/M055oks+wo6V4",
"71e40f04-3891-456c-bc29-d8db6f28d03c","CPER_010.basePlot.bet","D10","CPER","CPER_010","N","distributed","grasslandHerbaceous",40.850010,-104.681398,"WGS84",20.1,1646.2,0.1,"2013-08-14","2013-08-28","CPER.2013.35",14,"Y","CPER_010.N.20130828","Ok","Ok","Low","NEON.DOC.014050vB","XXW8BqPXtz8O/NjgqA/M055oks+wo6V4",
"e5a95748-2deb-4156-be52-db2e9614e7b2","CPER_002.basePlot.bet","D10","CPER","CPER_002","N","distributed","grasslandHerbaceous",40.810934,-104.729248,"WGS84",20.1,1651.1,0.1,"2013-08-14","2013-08-28","CPER.2013.35",14,"Y","CPER_002.N.20130828","Ok","Ok","Ok","NEON.DOC.014050vB","XXW8BqPXtz8O/NjgqA/M055oks+wo6V4",
"173826e1-f650-4bc8-99eb-8a07bd0e93ae","CPER_001.basePlot.bet","D10","CPER","CPER_001","N","distributed","grasslandHerbaceous",40.850866,-104.699535,"WGS84",20.1,1637.9,0.1,"2013-08-14","2013-08-28","CPER.2013.35",14,"Y","CPER_001.N.20130828","Ok","Ok","Low","NEON.DOC.014050vB","XXW8BqPXtz8O/NjgqA/M055oks+wo6V4",
"229e9612-7423-4a26-ac75-87a9d793436b","CPER_005.basePlot.bet","D10","CPER","CPER_005","N","distributed","grasslandHerbaceous",40.853093,-104.728006,"WGS84",20.1,1664.4,0.1,"2013-08-14","2013-08-28","CPER.2013.35",14,"Y","CPER_005.N.20130828","Ok","Ok","Low","NEON.DOC.014050vB","XXW8BqPXtz8O/NjgqA/M055oks+wo6V4",
"7a83d527-616e-4be4-864e-0a12c7f1e9b0","CPER_003.basePlot.bet","D10","CPER","CPER_003","N","distributed","grasslandHerbaceous",40.818451,-104.707164,"WGS84",20.1,1623.8,0.1,"2013-08-14","2013-08-28","CPER.2013.35",14,"Y","CPER_003.N.20130828","Ok","Ok","Ok","NEON.DOC.014050vB","XXW8BqPXtz8O/NjgqA/M055oks+wo6V4",
"555c53ef-f877-4c0a-b795-b87892bd535d","CPER_007.basePlot.bet","D10","CPER","CPER_007","N","distributed","grasslandHerbaceous",40.861915,-104.683832,"WGS84",20.1,1646.7,0.1,"2013-08-14","2013-08-28","CPER.2013.35",14,"Y","CPER_007.N.20130828","Ok","Ok","Low","NEON.DOC.014050vB","XXW8BqPXtz8O/NjgqA/M055oks+wo6V4",
"9dcf2b8f-98a5-44ff-87d1-d374bb734a88","CPER_004.basePlot.bet","D10","CPER","CPER_004","N","distributed","grasslandHerbaceous",40.812750,-104.696873,"WGS84",20.1,1622.7,0.1,"2013-08-14","2013-08-28","CPER.2013.35",14,"Y","CPER_004.N.20130828","Ok","Ok","Ok","NEON.DOC.014050vB","XXW8BqPXtz8O/NjgqA/M055oks+wo6V4",
"580a2c35-906b-473d-b59f-12ce34f1a55d","CPER_006.basePlot.bet","D10","CPER","CPER_006","S","distributed","grasslandHerbaceous",40.814769,-104.748078,"WGS84",20.1,1650.0,0.1,"2013-08-14","2013-08-28","CPER.2013.35",14,"Y","CPER_006.S.20130828","Ok","Ok","Ok","NEON.DOC.014050vB","XXW8BqPXtz8O/NjgqA/M055oks+wo6V4",
"daf19f84-1e6c-4136-ac85-b34df61c3b9b","CPER_009.basePlot.bet","D10","CPER","CPER_009","S","distributed","grasslandHerbaceous",40.826120,-104.745903,"WGS84",20.1,1656.6,0.1,"2013-08-14","2013-08-28","CPER.2013.35",14,"Y","CPER_009.S.20130828","Ok","Ok","Ok","NEON.DOC.014050vB","XXW8BqPXtz8O/NjgqA/M055oks+wo6V4",
"bf1b1ec4-795d-4726-9710-7786ea77d32f","CPER_008.basePlot.bet","D10","CPER","CPER_008","S","distributed","grasslandHerbaceous",40.798822,-104.749212,"WGS84",20.1,1644.8,0.1,"2013-08-14","2013-08-28","CPER.2013.35",14,"Y","CPER_008.S.20130828","Ok","Ok","Ok","NEON.DOC.014050vB","XXW8BqPXtz8O/NjgqA/M055oks+wo6V4",
"f234dad8-b185-4060-848d-f3c6edf965df","CPER_010.basePlot.bet","D10","CPER","CPER_010","S","distributed","grasslandHerbaceous",40.850010,-104.681398,"WGS84",20.1,1646.2,0.1,"2013-08-14","2013-08-28","CPER.2013.35",14,"Y","CPER_010.S.20130828","Ok","Ok","High","NEON.DOC.014050vB","XXW8BqPXtz8O/NjgqA/M055oks+wo6V4",
"7eed9414-61e6-42f1-b190-f99e1b892ae2","CPER_002.basePlot.bet","D10","CPER","CPER_002","S","distributed","grasslandHerbaceous",40.810934,-104.729248,"WGS84",20.1,1651.1,0.1,"2013-08-14","2013-08-28","CPER.2013.35",14,"Y","CPER_002.S.20130828","Ok","Ok","Ok","NEON.DOC.014050vB","XXW8BqPXtz8O/NjgqA/M055oks+wo6V4",
"1cdd8900-046a-4dd0-9e8f-fe595a447c7c","CPER_005.basePlot.bet","D10","CPER","CPER_005","S","distributed","grasslandHerbaceous",40.853093,-104.728006,"WGS84",20.1,1664.4,0.1,"2013-08-14","2013-08-28","CPER.2013.35",14,"Y","CPER_005.S.20130828","Ok","Ok","Ok","NEON.DOC.014050vB","XXW8BqPXtz8O/NjgqA/M055oks+wo6V4",
"7061acba-8230-4e2d-b0a6-8c231d2aeed4","CPER_001.basePlot.bet","D10","CPER","CPER_001","S","distributed","grasslandHerbaceous",40.850866,-104.699535,"WGS84",20.1,1637.9,0.1,"2013-08-14","2013-08-28","CPER.2013.35",14,"Y","CPER_001.S.20130828","Ok","Ok","Low","NEON.DOC.014050vB","XXW8BqPXtz8O/NjgqA/M055oks+wo6V4",
"780083f2-332f-4755-8704-9ebf9f067475","CPER_003.basePlot.bet","D10","CPER","CPER_003","S","distributed","grasslandHerbaceous",40.818451,-104.707164,"WGS84",20.1,1623.8,0.1,"2013-08-14","2013-08-28","CPER.2013.35",14,"Y","CPER_003.S.20130828","Ok","Ok","Ok","NEON.DOC.014050vB","XXW8BqPXtz8O/NjgqA/M055oks+wo6V4",
"e123c59d-11c0-48a5-bd41-40fedf611ad7","CPER_004.basePlot.bet","D10","CPER","CPER_004","S","distributed","grasslandHerbaceous",40.812750,-104.696873,"WGS84",20.1,1622.7,0.1,"2013-08-14","2013-08-28","CPER.2013.35",14,"Y","CPER_004.S.20130828","Ok","Ok","Ok","NEON.DOC.014050vB","XXW8BqPXtz8O/NjgqA/M055oks+wo6V4",
"18cba14f-c028-49be-a471-d46d47950754","CPER_007.basePlot.bet","D10","CPER","CPER_007","S","distributed","grasslandHerbaceous",40.861915,-104.683832,"WGS84",20.1,1646.7,0.1,"2013-08-14","2013-08-28","CPER.2013.35",14,"Y","CPER_007.S.20130828","Ok","Ok","Low","NEON.DOC.014050vB","XXW8BqPXtz8O/NjgqA/M055oks+wo6V4",
"8fb03ade-2d08-4fe2-a88e-dc6a0cb0b2ed","CPER_001.basePlot.bet","D10","CPER","CPER_001","W","distributed","grasslandHerbaceous",40.850866,-104.699535,"WGS84",20.1,1637.9,0.1,"2013-08-14","2013-08-28","CPER.2013.35",14,"Y","CPER_001.W.20130828","Ok","Ok","Low","NEON.DOC.014050vB","XXW8BqPXtz8O/NjgqA/M055oks+wo6V4",
"95820f84-4669-4480-ae64-b5d2a147d07f","CPER_005.basePlot.bet","D10","CPER","CPER_005","W","distributed","grasslandHerbaceous",40.853093,-104.728006,"WGS84",20.1,1664.4,0.1,"2013-08-14","2013-08-28","CPER.2013.35",14,"Y","CPER_005.W.20130828","Ok","Ok","Low","NEON.DOC.014050vB","XXW8BqPXtz8O/NjgqA/M055oks+wo6V4",
"d5549f18-839a-44db-b3e3-e2c8a517712c","CPER_003.basePlot.bet","D10","CPER","CPER_003","W","distributed","grasslandHerbaceous",40.818451,-104.707164,"WGS84",20.1,1623.8,0.1,"2013-08-14","2013-08-28","CPER.2013.35",14,"Y","CPER_003.W.20130828","Ok","Ok","Ok","NEON.DOC.014050vB","XXW8BqPXtz8O/NjgqA/M055oks+wo6V4",
"fd3a21ee-70d4-4ba4-b7fe-9cda63725d5e","CPER_004.basePlot.bet","D10","CPER","CPER_004","W","distributed","grasslandHerbaceous",40.812750,-104.696873,"WGS84",20.1,1622.7,0.1,"2013-08-14","2013-08-28","CPER.2013.35",14,"Y","CPER_004.W.20130828","Ok","Ok","High","NEON.DOC.014050vB","XXW8BqPXtz8O/NjgqA/M055oks+wo6V4",
"b3ada0e2-5312-43ef-bf82-30f7cdaf1efc","CPER_007.basePlot.bet","D10","CPER","CPER_007","W","distributed","grasslandHerbaceous",40.861915,-104.683832,"WGS84",20.1,1646.7,0.1,"2013-08-14","2013-08-28","CPER.2013.35",14,"Y","CPER_007.W.20130828","Ok","Ok","Low","NEON.DOC.014050vB","XXW8BqPXtz8O/NjgqA/M055oks+wo6V4",
"02ad6122-70ac-4aa9-9661-1982ce1f2a92","CPER_006.basePlot.bet","D10","CPER","CPER_006","W","distributed","grasslandHerbaceous",40.814769,-104.748078,"WGS84",20.1,1650.0,0.1,"2013-08-14","2013-08-28","CPER.2013.35",14,"Y","CPER_006.W.20130828","Ok","Ok","Ok","NEON.DOC.014050vB","XXW8BqPXtz8O/NjgqA/M055oks+wo6V4",
"4effca81-d27c-4baa-bb45-115eb0e5f7dd","CPER_009.basePlot.bet","D10","CPER","CPER_009","W","distributed","grasslandHerbaceous",40.826120,-104.745903,"WGS84",20.1,1656.6,0.1,"2013-08-14","2013-08-28","CPER.2013.35",14,"Y","CPER_009.W.20130828","Ok","Ok","High","NEON.DOC.014050vB","XXW8BqPXtz8O/NjgqA/M055oks+wo6V4",
"2b08fa0f-3e8b-43f0-b403-0182ad9a71de","CPER_008.basePlot.bet","D10","CPER","CPER_008","W","distributed","grasslandHerbaceous",40.798822,-104.749212,"WGS84",20.1,1644.8,0.1,"2013-08-14","2013-08-28","CPER.2013.35",14,"Y","CPER_008.W.20130828","Ok","Ok","Ok","NEON.DOC.014050vB","XXW8BqPXtz8O/NjgqA/M055oks+wo6V4",
"a6a03af7-53ad-4566-99c7-a5e221500863","CPER_002.basePlot.bet","D10","CPER","CPER_002","W","distributed","grasslandHerbaceous",40.810934,-104.729248,"WGS84",20.1,1651.1,0.1,"2013-08-14","2013-08-28","CPER.2013.35",14,"Y","CPER_002.W.20130828","Ok","Ok","Ok","NEON.DOC.014050vB","XXW8BqPXtz8O/NjgqA/M055oks+wo6V4",
"adab48b9-255e-4e6f-824a-5550fb8c7a72","CPER_006.basePlot.bet","D10","CPER","CPER_006","E","distributed","grasslandHerbaceous",40.814769,-104.748078,"WGS84",20.1,1650.0,0.1,"2013-08-14","2013-08-28","CPER.2013.35",14,"Y","CPER_006.E.20130828","Ok","Ok","Low","NEON.DOC.014050vB","XXW8BqPXtz8O/NjgqA/M055oks+wo6V4",
