uid,namedLocation,domainID,siteID,plotID,trapID,setDate,collectDate,processingDate,identifiedDate,subsampleID,individualID,taxonID,scientificName,taxonRank,identificationQualifier,scientificNameAuthorship,morphospeciesID,identificationReferences,totalLength,identifiedBy,recordedBy,remarks
"cc9e3529-cbe3-4bb8-8a12-3c02e499d7c5","KONZ_006.basePlot.bet","D06","KONZ","KONZ_006","E","2015-08-31","2015-09-14","2015-12-09","2015-12-09","eO41eOee7njktXj4zKCFHJxdmEQe04qAUiV+K/RXryc=","NEON.BET.D06.001052","CARSP14","Carabidae sp.","family",,"Latreille","D06.2015.MorphF","Other",,"uXSN77Q7x9cACyt+x8PEhxuBjTDRBKZV","uXSN77Q7x9cACyt+x8PEhxuBjTDRBKZV","Black, iridescent when shown in the light. Rainbow reflection. Loxandrus sp."
"53f72ed6-6ce8-435b-84c0-fcde938442f9","KONZ_009.basePlot.bet","D06","KONZ","KONZ_009","E","2015-08-31","2015-09-14","2015-12-09","2015-12-09","80BkEGzwD8ZoFVOT95V9S/i0dY3AkQaxM8LAP8DH2TI=","NEON.BET.D06.000991","CARSP14","Carabidae sp.","family",,"Latreille","D06.2015.MorphB","Other",,"uXSN77Q7x9cACyt+x8PEhxuBjTDRBKZV","uXSN77Q7x9cACyt+x8PEhxuBjTDRBKZV","Cyclotrachelus sp. Black oval pronotum. Notches on the posterolateral angles."
"58e71fe2-9f80-488e-8c3a-b2fadf978f10","KONZ_007.basePlot.bet","D06","KONZ","KONZ_007","E","2015-08-31","2015-09-14","2015-12-09","2015-12-09","f11juJKcl7Ld05dxbwkLyMvCKDDoIs3rTQzPo9nJiP0=","NEON.BET.D06.000986","PASELO","Pasimachus elongatus","species",,"LeConte",,"Other",,"uXSN77Q7x9cACyt+x8PEhxuBjTDRBKZV","uXSN77Q7x9cACyt+x8PEhxuBjTDRBKZV",
"3187c732-248d-4975-b95f-95a4effdd0f5","KONZ_008.basePlot.bet","D06","KONZ","KONZ_008","E","2015-08-31","2015-09-14","2015-12-09","2015-12-09","R/i9Sy8FrosUNqbt7EDEEpclewRqgzqgl9J/2c6CII8=","NEON.BET.D06.001032","CARSP14","Carabidae sp.","family",,"Latreille","D06.2015.MorphZ","Other",,"uXSN77Q7x9cACyt+x8PEhxuBjTDRBKZV","uXSN77Q7x9cACyt+x8PEhxuBjTDRBKZV","(~1/2 inch) Black beetle| edges of pronotum and legs dark brown. Squared pronotum, very round looking body."
"0197a60e-ae49-4dd5-93bf-f260f7aff38a","KONZ_007.basePlot.bet","D06","KONZ","KONZ_007","E","2015-08-31","2015-09-14","2015-12-10","2015-12-10","f11juJKcl7Ld05dxbwkLyEyUEu/Zs7UWXcknQ1paLks=","NEON.BET.D06.001095","CARSP14","Carabidae sp.","family",,"Latreille","D06.2015.MorphB","Other",,"uXSN77Q7x9cACyt+x8PEhxuBjTDRBKZV","uXSN77Q7x9cACyt+x8PEhxuBjTDRBKZV","Cyclotrachelus sp. Black oval pronotum. Notches on the posterolateral angles."
"052ae1fd-c86d-4f54-aaec-f517671a5fdc","KONZ_025.basePlot.bet","D06","KONZ","KONZ_025","E","2015-08-31","2015-09-14","2015-12-09","2015-12-09","dZsQaO9YC654UGzAtr7R4aQUcC0qM3YcTEziwTfa89k=","NEON.BET.D06.000987","PASELO","Pasimachus elongatus","species",,"LeConte",,"Other",,"uXSN77Q7x9cACyt+x8PEhxuBjTDRBKZV","uXSN77Q7x9cACyt+x8PEhxuBjTDRBKZV",
"415250de-415a-4b35-9960-c0707f4a06b4","KONZ_008.basePlot.bet","D06","KONZ","KONZ_008","E","2015-08-31","2015-09-14","2015-12-09","2015-12-09","R/i9Sy8FrosUNqbt7EDEEpclewRqgzqgSCDgtHU45Hs=","NEON.BET.D06.001067","CARSP14","Carabidae sp.","family",,"Latreille","D06.2015.MorphD","Other",,"uXSN77Q7x9cACyt+x8PEhxuBjTDRBKZV","uXSN77Q7x9cACyt+x8PEhxuBjTDRBKZV","Dark brown with light brown around the edge of the pronotum. Loxandrus sp."
"134e49de-7afd-48ff-937b-d61ac798b97a","KONZ_003.basePlot.bet","D06","KONZ","KONZ_003","E","2015-08-31","2015-09-14","2015-12-09","2015-12-09","KsyoFpuhSbLYrqRt/du34Vh4eEdnyTIRpVTMz6cSC3s=","NEON.BET.D06.001065","CARSP14","Carabidae sp.","family",,"Latreille","D06.2015.MorphD","Other",,"uXSN77Q7x9cACyt+x8PEhxuBjTDRBKZV","uXSN77Q7x9cACyt+x8PEhxuBjTDRBKZV","Dark brown with light brown around the edge of the pronotum. Loxandrus sp."
"aff72b70-71fe-4a19-92c7-4082e8321454","KONZ_008.basePlot.bet","D06","KONZ","KONZ_008","E","2015-08-31","2015-09-14","2015-12-09","2015-12-09","R/i9Sy8FrosUNqbt7EDEEpclewRqgzqgl9J/2c6CII8=","NEON.BET.D06.001033","CARSP14","Carabidae sp.","family",,"Latreille","D06.2015.MorphZ","Other",,"uXSN77Q7x9cACyt+x8PEhxuBjTDRBKZV","uXSN77Q7x9cACyt+x8PEhxuBjTDRBKZV","(~1/2 inch) Black beetle| edges of pronotum and legs dark brown. Squared pronotum, very round looking body."
"d29c16dc-c4c5-415e-b566-c38154313f15","KONZ_007.basePlot.bet","D06","KONZ","KONZ_007","E","2015-08-31","2015-09-14","2015-12-10","2015-12-10","f11juJKcl7Ld05dxbwkLyEyUEu/Zs7UWXcknQ1paLks=","NEON.BET.D06.001094","CARSP14","Carabidae sp.","family",,"Latreille","D06.2015.MorphB","Other",,"uXSN77Q7x9cACyt+x8PEhxuBjTDRBKZV","uXSN77Q7x9cACyt+x8PEhxuBjTDRBKZV","Cyclotrachelus sp. Black oval pronotum. Notches on the posterolateral angles."
"64ac0090-fad1-43a3-bb75-48115884a03d","KONZ_008.basePlot.bet","D06","KONZ","KONZ_008","E","2015-08-31","2015-09-14","2015-12-10","2015-12-10","R/i9Sy8FrosUNqbt7EDEEpclewRqgzqgSCDgtHU45Hs=","NEON.BET.D06.001079","CARSP14","Carabidae sp.","family",,"Latreille","D06.2015.MorphP","Other",,"uXSN77Q7x9cACyt+x8PEhxuBjTDRBKZV","uXSN77Q7x9cACyt+x8PEhxuBjTDRBKZV","Small, black, cyclotrachelus-like"
"9ac828f2-abe0-43ad-b466-2dfb1280fd63","KONZ_009.basePlot.bet","D06","KONZ","KONZ_009","N","2015-08-31","2015-09-14","2015-12-09","2015-12-09","80BkEGzwD8Z+hvN73eG7CbT9WzLT5VVvDlCAIhLvJRk=","NEON.BET.D06.001060","CARSP14","Carabidae sp.","family",,"Latreille","D06.2015.MorphF","Other",,"uXSN77Q7x9cACyt+x8PEhxuBjTDRBKZV","uXSN77Q7x9cACyt+x8PEhxuBjTDRBKZV","Black, iridescent when shown in the light. Rainbow reflection. Loxandrus sp."
"6bd70503-1ade-40b0-ab05-1863a75c563c","KONZ_005.basePlot.bet","D06","KONZ","KONZ_005","N","2015-08-31","2015-09-14","2015-12-09","2015-12-09","sLTlFxIy7/if1TYE7UtrOYG9Cij/4WpZlJl8Mh2Tf8s=","NEON.BET.D06.000984","PASCAL","Pasimachus californicus","species",,"Chaudoir",,"Other",,"uXSN77Q7x9cACyt+x8PEhxuBjTDRBKZV","uXSN77Q7x9cACyt+x8PEhxuBjTDRBKZV",
"c6306193-a177-4623-9f9d-4cc05de6bbf0","KONZ_009.basePlot.bet","D06","KONZ","KONZ_009","N","2015-08-31","2015-09-14","2015-12-09","2015-12-09","80BkEGzwD8Z+hvN73eG7CbT9WzLT5VVvhsJEQRmWYWU=","NEON.BET.D06.001046","CARSP14","Carabidae sp.","family",,"Latreille","D06.2015.MorphQ","Other",,"uXSN77Q7x9cACyt+x8PEhxuBjTDRBKZV","uXSN77Q7x9cACyt+x8PEhxuBjTDRBKZV","Smaller, dark brown, cyclotrachelus-like"
"b06c7166-5ac3-4955-8f48-cbbef18e1854","KONZ_006.basePlot.bet","D06","KONZ","KONZ_006","N","2015-08-31","2015-09-14","2015-12-09","2015-12-09","eO41eOee7nhRvbi34S5VOdxYVe4FSewOwqIK0pewyug=","NEON.BET.D06.000985","PASCAL","Pasimachus californicus","species",,"Chaudoir",,"Other",,"uXSN77Q7x9cACyt+x8PEhxuBjTDRBKZV","uXSN77Q7x9cACyt+x8PEhxuBjTDRBKZV",
"89f13bb2-7894-43ef-9c21-e58cdeddfc44","KONZ_008.basePlot.bet","D06","KONZ","KONZ_008","N","2015-08-31","2015-09-14","2015-12-09","2015-12-09","R/i9Sy8FroutjMTNHNshKd6duQV1yDZQ82P6x+Rksr4=","NEON.BET.D06.001054","CARSP14","Carabidae sp.","family",,"Latreille","D06.2015.MorphF","Other",,"uXSN77Q7x9cACyt+x8PEhxuBjTDRBKZV","uXSN77Q7x9cACyt+x8PEhxuBjTDRBKZV","Black, iridescent when shown in the light. Rainbow reflection. Loxandrus sp."
"0d179b23-b6be-4800-a5f2-866e33c39cd1","KONZ_025.basePlot.bet","D06","KONZ","KONZ_025","N","2015-08-31","2015-09-14","2015-12-09","2015-12-09","dZsQaO9YC65sGOV0aokX3HMnFLuzCb7GCNJkRO75Sxo=","NEON.BET.D06.001063","CARSP14","Carabidae sp.","family",,"Latreille","D06.2015.MorphF","Other",,"uXSN77Q7x9cACyt+x8PEhxuBjTDRBKZV","uXSN77Q7x9cACyt+x8PEhxuBjTDRBKZV","Black, iridescent when shown in the light. Rainbow reflection. Loxandrus sp."
"39ff4b8d-5cb6-4982-b05d-71b450d4eafc","KONZ_025.basePlot.bet","D06","KONZ","KONZ_025","N","2015-08-31","2015-09-14","2015-12-09","2015-12-09","dZsQaO9YC65sGOV0aokX3HMnFLuzCb7G7YwiQowGS4M=","NEON.BET.D06.001011","CARSP14","Carabidae sp.","family",,"Latreille","D06.2015.MorphK","Other",,"uXSN77Q7x9cACyt+x8PEhxuBjTDRBKZV","uXSN77Q7x9cACyt+x8PEhxuBjTDRBKZV","Dark brown overall, light brown edge of pronotum. Pronotum basally punctate. Harpalus sp."
"6f3a712a-7c8a-451f-b0cb-3ce342dced4d","KONZ_025.basePlot.bet","D06","KONZ","KONZ_025","N","2015-08-31","2015-09-14","2015-12-09","2015-12-09","dZsQaO9YC65sGOV0aokX3HMnFLuzCb7GUFkdeyjh3eA=","NEON.BET.D06.001069","CARSP14","Carabidae sp.","family",,"Latreille","D06.2015.MorphD","Other",,"uXSN77Q7x9cACyt+x8PEhxuBjTDRBKZV","uXSN77Q7x9cACyt+x8PEhxuBjTDRBKZV","Dark brown with light brown around the edge of the pronotum. Loxandrus sp."
"0c47637d-27e0-4f73-959e-54fe3442c4f5","KONZ_009.basePlot.bet","D06","KONZ","KONZ_009","N","2015-08-31","2015-09-14","2015-12-09","2015-12-09","80BkEGzwD8Z+hvN73eG7CbT9WzLT5VVvhsJEQRmWYWU=","NEON.BET.D06.001043","CARSP14","Carabidae sp.","family",,"Latreille","D06.2015.MorphQ","Other",,"uXSN77Q7x9cACyt+x8PEhxuBjTDRBKZV","uXSN77Q7x9cACyt+x8PEhxuBjTDRBKZV","Smaller, dark brown, cyclotrachelus-like"
"f6e316eb-e6ac-4708-9c4a-f4ab6e804961","KONZ_009.basePlot.bet","D06","KONZ","KONZ_009","N","2015-08-31","2015-09-14","2015-12-09","2015-12-09","80BkEGzwD8Z+hvN73eG7CbT9WzLT5VVvXMpMIlOzqYQ=","NEON.BET.D06.000996","CARSP14","Carabidae sp.","family",,"Latreille","D06.2015.MorphB","Other",,"uXSN77Q7x9cACyt+x8PEhxuBjTDRBKZV","uXSN77Q7x9cACyt+x8PEhxuBjTDRBKZV","Cyclotrachelus sp. Black oval pronotum. Notches on the posterolateral angles."
"53627679-e4fa-4372-a1da-d929a816e3bc","KONZ_008.basePlot.bet","D06","KONZ","KONZ_008","N","2015-08-31","2015-09-14","2015-12-09","2015-12-09","R/i9Sy8FroutjMTNHNshKd6duQV1yDZQ4QB0p1Urois=","NEON.BET.D06.000990","CARSP14","Carabidae sp.","family",,"Latreille","D06.2015.MorphB","Other",,"uXSN77Q7x9cACyt+x8PEhxuBjTDRBKZV","uXSN77Q7x9cACyt+x8PEhxuBjTDRBKZV","Cyclotrachelus sp. Black oval pronotum. Notches on the posterolateral angles."
"62ed0b10-b196-453d-a374-664f845ae914","KONZ_002.basePlot.bet","D06","KONZ","KONZ_002","N","2015-08-31","2015-09-14","2015-12-10","2015-12-10","hd4HYDqAwpL2Wm0+In+Jei1VD3SuRIJ9NSVJPzV9ho0=","NEON.BET.D06.001080","CARSP14","Carabidae sp.","family",,"Latreille","D06.2015.MorphF","Other",,"uXSN77Q7x9cACyt+x8PEhxuBjTDRBKZV","uXSN77Q7x9cACyt+x8PEhxuBjTDRBKZV","Black, iridescent when shown in the light. Rainbow reflection. Loxandrus sp."
"bc3c80a8-794c-49fc-a715-2241edcb14fd","KONZ_009.basePlot.bet","D06","KONZ","KONZ_009","N","2015-08-31","2015-09-14","2015-12-09","2015-12-09","80BkEGzwD8Z+hvN73eG7CbT9WzLT5VVvXMpMIlOzqYQ=","NEON.BET.D06.000997","CARSP14","Carabidae sp.","family",,"Latreille","D06.2015.MorphB","Other",,"uXSN77Q7x9cACyt+x8PEhxuBjTDRBKZV","uXSN77Q7x9cACyt+x8PEhxuBjTDRBKZV","Cyclotrachelus sp. Black oval pronotum. Notches on the posterolateral angles."
"35b960be-93ac-4cd5-b9dd-b323f4b11771","KONZ_009.basePlot.bet","D06","KONZ","KONZ_009","N","2015-08-31","2015-09-14","2015-12-09","2015-12-09","80BkEGzwD8Z+hvN73eG7CbT9WzLT5VVvXMpMIlOzqYQ=","NEON.BET.D06.000998","CARSP14","Carabidae sp.","family",,"Latreille","D06.2015.MorphB","Other",,"uXSN77Q7x9cACyt+x8PEhxuBjTDRBKZV","uXSN77Q7x9cACyt+x8PEhxuBjTDRBKZV","Cyclotrachelus sp. Black oval pronotum. Notches on the posterolateral angles."
"089fb5b4-4893-435d-8f09-6c60aee3fded","KONZ_009.basePlot.bet","D06","KONZ","KONZ_009","N","2015-08-31","2015-09-14","2015-12-09","2015-12-09","80BkEGzwD8Z+hvN73eG7CbT9WzLT5VVvDlCAIhLvJRk=","NEON.BET.D06.001058","CARSP14","Carabidae sp.","family",,"Latreille","D06.2015.MorphF","Other",,"uXSN77Q7x9cACyt+x8PEhxuBjTDRBKZV","uXSN77Q7x9cACyt+x8PEhxuBjTDRBKZV","Black, iridescent when shown in the light. Rainbow reflection. Loxandrus sp."
"8a91d395-dc40-4eb9-9d7a-f0f5ff3b80b4","KONZ_008.basePlot.bet","D06","KONZ","KONZ_008","N","2015-08-31","2015-09-14","2015-12-10","2015-12-10","R/i9Sy8FroutjMTNHNshKd6duQV1yDZQzFyAskWiq94=","NEON.BET.D06.001078","CARSP14","Carabidae sp.","family",,"Latreille","D06.2015.MorphP","Other",,"uXSN77Q7x9cACyt+x8PEhxuBjTDRBKZV","uXSN77Q7x9cACyt+x8PEhxuBjTDRBKZV","Small, black, cyclotrachelus-like"
"61fae017-5184-4380-af65-c2dc829fa499","KONZ_009.basePlot.bet","D06","KONZ","KONZ_009","N","2015-08-31","2015-09-14","2015-12-09","2015-12-09","80BkEGzwD8Z+hvN73eG7CbT9WzLT5VVvhsJEQRmWYWU=","NEON.BET.D06.001044","CARSP14","Carabidae sp.","family",,"Latreille","D06.2015.MorphQ","Other",,"uXSN77Q7x9cACyt+x8PEhxuBjTDRBKZV","uXSN77Q7x9cACyt+x8PEhxuBjTDRBKZV","Smaller, dark brown, cyclotrachelus-like"
"cafb812c-6e09-4ec8-8f00-8e9c2017dfd1","KONZ_009.basePlot.bet","D06","KONZ","KONZ_009","N","2015-08-31","2015-09-14","2015-12-09","2015-12-09","80BkEGzwD8Z+hvN73eG7CbT9WzLT5VVvDlCAIhLvJRk=","NEON.BET.D06.001057","CARSP14","Carabidae sp.","family",,"Latreille","D06.2015.MorphF","Other",,"uXSN77Q7x9cACyt+x8PEhxuBjTDRBKZV","uXSN77Q7x9cACyt+x8PEhxuBjTDRBKZV","Black, iridescent when shown in the light. Rainbow reflection. Loxandrus sp."
"708965d7-5e59-4c0a-92b5-9642ca508cda","KONZ_009.basePlot.bet","D06","KONZ","KONZ_009","N","2015-08-31","2015-09-14","2015-12-09","2015-12-09","80BkEGzwD8Z+hvN73eG7CbT9WzLT5VVvDlCAIhLvJRk=","NEON.BET.D06.001061","CARSP14","Carabidae sp.","family",,"Latreille","D06.2015.MorphF","Other",,"uXSN77Q7x9cACyt+x8PEhxuBjTDRBKZV","uXSN77Q7x9cACyt+x8PEhxuBjTDRBKZV","Black, iridescent when shown in the light. Rainbow reflection. Loxandrus sp."
"8649b0b2-8baa-4539-9a14-90e38b233779","KONZ_009.basePlot.bet","D06","KONZ","KONZ_009","N","2015-08-31","2015-09-14","2015-12-09","2015-12-09","80BkEGzwD8Z+hvN73eG7CbT9WzLT5VVvDlCAIhLvJRk=","NEON.BET.D06.001062","CARSP14","Carabidae sp.","family",,"Latreille","D06.2015.MorphF","Other",,"uXSN77Q7x9cACyt+x8PEhxuBjTDRBKZV","uXSN77Q7x9cACyt+x8PEhxuBjTDRBKZV","Black, iridescent when shown in the light. Rainbow reflection. Loxandrus sp."
"cd33b481-71fb-4640-8047-915bc0ba7943","KONZ_009.basePlot.bet","D06","KONZ","KONZ_009","N","2015-08-31","2015-09-14","2015-12-09","2015-12-09","80BkEGzwD8Z+hvN73eG7CbT9WzLT5VVvhsJEQRmWYWU=","NEON.BET.D06.001042","CARSP14","Carabidae sp.","family",,"Latreille","D06.2015.MorphQ","Other",,"uXSN77Q7x9cACyt+x8PEhxuBjTDRBKZV","uXSN77Q7x9cACyt+x8PEhxuBjTDRBKZV","Smaller, dark brown, cyclotrachelus-like"
"3d2cc783-585e-4f6f-bae4-b24f2a234098","KONZ_009.basePlot.bet","D06","KONZ","KONZ_009","N","2015-08-31","2015-09-14","2015-12-09","2015-12-09","80BkEGzwD8Z+hvN73eG7CbT9WzLT5VVvDlCAIhLvJRk=","NEON.BET.D06.001059","CARSP14","Carabidae sp.","family",,"Latreille","D06.2015.MorphF","Other",,"uXSN77Q7x9cACyt+x8PEhxuBjTDRBKZV","uXSN77Q7x9cACyt+x8PEhxuBjTDRBKZV","Black, iridescent when shown in the light. Rainbow reflection. Loxandrus sp."
"6bc85a15-4785-4e53-b04d-2b85232bbae3","KONZ_009.basePlot.bet","D06","KONZ","KONZ_009","N","2015-08-31","2015-09-14","2015-12-09","2015-12-09","80BkEGzwD8Z+hvN73eG7CbT9WzLT5VVvDlCAIhLvJRk=","NEON.BET.D06.001056","CARSP14","Carabidae sp.","family",,"Latreille","D06.2015.MorphF","Other",,"uXSN77Q7x9cACyt+x8PEhxuBjTDRBKZV","uXSN77Q7x9cACyt+x8PEhxuBjTDRBKZV","Black, iridescent when shown in the light. Rainbow reflection. Loxandrus sp."
"65799549-0464-480f-bc1a-39f458fea1fe","KONZ_009.basePlot.bet","D06","KONZ","KONZ_009","N","2015-08-31","2015-09-14","2015-12-09","2015-12-09","80BkEGzwD8Z+hvN73eG7CbT9WzLT5VVvhsJEQRmWYWU=","NEON.BET.D06.001045","CARSP14","Carabidae sp.","family",,"Latreille","D06.2015.MorphQ","Other",,"uXSN77Q7x9cACyt+x8PEhxuBjTDRBKZV","uXSN77Q7x9cACyt+x8PEhxuBjTDRBKZV","Smaller, dark brown, cyclotrachelus-like"
"52aa9e57-9ba4-446c-86f2-e22a99c48021","KONZ_025.basePlot.bet","D06","KONZ","KONZ_025","S","2015-08-31","2015-09-14","2015-12-09","2015-12-09","dZsQaO9YC67CJ/evj2TQkm5FL8zpKS54m0EWFkYj7Hc=","NEON.BET.D06.000988","BRAALT","Brachinus alternans","species",,"Dejean",,"Other",,"uXSN77Q7x9cACyt+x8PEhxuBjTDRBKZV","uXSN77Q7x9cACyt+x8PEhxuBjTDRBKZV",
"640a8b6b-f681-4253-bd04-7a29550310fd","KONZ_004.basePlot.bet","D06","KONZ","KONZ_004","S","2015-08-31","2015-09-14","2015-12-10","2015-12-10","7tcdU9lcb1g/QIl0ftjeGJYGXsAhzjUxFxlZgZOxN9A=","NEON.BET.D06.001088","CARSP14","Carabidae sp.","family",,"Latreille","D06.2015.MorphP","Other",,"uXSN77Q7x9cACyt+x8PEhxuBjTDRBKZV","uXSN77Q7x9cACyt+x8PEhxuBjTDRBKZV","Small, black, cyclotrachelus-like"
"2e60d82a-41ce-46ac-9893-d9af901782d4","KONZ_004.basePlot.bet","D06","KONZ","KONZ_004","S","2015-08-31","2015-09-14","2015-12-09","2015-12-09","7tcdU9lcb1g/QIl0ftjeGJYGXsAhzjUxzybZXG8cX7g=","NEON.BET.D06.001047","CARSP14","Carabidae sp.","family",,"Latreille","D06.2015.MorphF","Other",,"uXSN77Q7x9cACyt+x8PEhxuBjTDRBKZV","uXSN77Q7x9cACyt+x8PEhxuBjTDRBKZV","Black, iridescent when shown in the light. Rainbow reflection. Loxandrus sp."
"10a503d1-784f-456a-bdbf-a03e2bcdf98c","KONZ_004.basePlot.bet","D06","KONZ","KONZ_004","S","2015-08-31","2015-09-14","2015-12-09","2015-12-09","7tcdU9lcb1g/QIl0ftjeGJYGXsAhzjUxqyBIt2a6hjI=","NEON.BET.D06.001035","CARSP14","Carabidae sp.","family",,"Latreille","D06.2015.MorphZ","Other",,"uXSN77Q7x9cACyt+x8PEhxuBjTDRBKZV","uXSN77Q7x9cACyt+x8PEhxuBjTDRBKZV","(~1/2 inch) Black beetle| edges of pronotum and legs dark brown. Squared pronotum, very round looking body."
"5a71a242-9505-4d7c-8fec-0eb8e3bf8508","KONZ_004.basePlot.bet","D06","KONZ","KONZ_004","S","2015-08-31","2015-09-14","2015-12-09","2015-12-09","7tcdU9lcb1g/QIl0ftjeGJYGXsAhzjUxqyBIt2a6hjI=","NEON.BET.D06.001037","CARSP14","Carabidae sp.","family",,"Latreille","D06.2015.MorphZ","Other",,"uXSN77Q7x9cACyt+x8PEhxuBjTDRBKZV","uXSN77Q7x9cACyt+x8PEhxuBjTDRBKZV","(~1/2 inch) Black beetle| edges of pronotum and legs dark brown. Squared pronotum, very round looking body."
"a2e7405e-c8a5-4e2d-baa3-3a1d5553575c","KONZ_005.basePlot.bet","D06","KONZ","KONZ_005","S","2015-08-31","2015-09-14","2015-12-09","2015-12-09","sLTlFxIy7/g0zvwXmK6S+U75OXtyeuXJvux576s7VBU=","NEON.BET.D06.001066","CARSP14","Carabidae sp.","family",,"Latreille","D06.2015.MorphD","Other",,"uXSN77Q7x9cACyt+x8PEhxuBjTDRBKZV","uXSN77Q7x9cACyt+x8PEhxuBjTDRBKZV","Dark brown with light brown around the edge of the pronotum. Loxandrus sp."
"9b0d73ad-7be5-4443-8890-0e3b463bcf38","KONZ_005.basePlot.bet","D06","KONZ","KONZ_005","S","2015-08-31","2015-09-14","2015-12-10","2015-12-10","sLTlFxIy7/g0zvwXmK6S+U75OXtyeuXJvux576s7VBU=","NEON.BET.D06.001090","CARSP14","Carabidae sp.","family",,"Latreille","D06.2015.MorphB","Other",,"uXSN77Q7x9cACyt+x8PEhxuBjTDRBKZV","uXSN77Q7x9cACyt+x8PEhxuBjTDRBKZV","Cyclotrachelus sp. Black oval pronotum. Notches on the posterolateral angles."
"abfc5db6-becd-4ef0-953d-1eb30712dafc","KONZ_005.basePlot.bet","D06","KONZ","KONZ_005","S","2015-08-31","2015-09-14","2015-12-10","2015-12-10","sLTlFxIy7/g0zvwXmK6S+U75OXtyeuXJvux576s7VBU=","NEON.BET.D06.001092","CARSP14","Carabidae sp.","family",,"Latreille","D06.2015.MorphB","Other",,"uXSN77Q7x9cACyt+x8PEhxuBjTDRBKZV","uXSN77Q7x9cACyt+x8PEhxuBjTDRBKZV","Cyclotrachelus sp. Black oval pronotum. Notches on the posterolateral angles."
"95df4f4f-672d-4c4c-b7ef-11f295f27a17","KONZ_009.basePlot.bet","D06","KONZ","KONZ_009","S","2015-08-31","2015-09-14","2015-12-10","2015-12-10","80BkEGzwD8Zt4jjPLC/BH4EbkSqNZFTId1gei4SbnYo=","NEON.BET.D06.001096","CARSP14","Carabidae sp.","family",,"Latreille","D06.2015.MorphP","Other",,"uXSN77Q7x9cACyt+x8PEhxuBjTDRBKZV","uXSN77Q7x9cACyt+x8PEhxuBjTDRBKZV","Small, black, cyclotrachelus-like"
"0f64a075-c339-486c-b85d-5dcd07424c0e","KONZ_009.basePlot.bet","D06","KONZ","KONZ_009","S","2015-08-31","2015-09-14","2015-12-09","2015-12-09","80BkEGzwD8Zt4jjPLC/BH4EbkSqNZFTIGCd7/MQ2HHg=","NEON.BET.D06.000992","CARSP14","Carabidae sp.","family",,"Latreille","D06.2015.MorphB","Other",,"uXSN77Q7x9cACyt+x8PEhxuBjTDRBKZV","uXSN77Q7x9cACyt+x8PEhxuBjTDRBKZV","Cyclotrachelus sp. Black oval pronotum. Notches on the posterolateral angles."
"481c34f1-9edd-487a-ab85-2bfde14c496b","KONZ_006.basePlot.bet","D06","KONZ","KONZ_006","S","2015-08-31","2015-09-14","2015-12-09","2015-12-09","eO41eOee7nj3AyWZUK6dxnEKousRoYzSrC0qr+GhtIE=","NEON.BET.D06.001064","CARSP14","Carabidae sp.","family",,"Latreille","D06.2015.MorphD","Other",,"uXSN77Q7x9cACyt+x8PEhxuBjTDRBKZV","uXSN77Q7x9cACyt+x8PEhxuBjTDRBKZV","Dark brown with light brown around the edge of the pronotum. Loxandrus sp."
"9b264421-9722-41cb-9315-5e9ebb0e7152","KONZ_005.basePlot.bet","D06","KONZ","KONZ_005","S","2015-08-31","2015-09-14","2015-12-09","2015-12-09","sLTlFxIy7/g0zvwXmK6S+U75OXtyeuXJr/KU4iaWMFo=","NEON.BET.D06.001038","CARSP14","Carabidae sp.","family",,"Latreille","D06.2015.MorphK","Other",,"uXSN77Q7x9cACyt+x8PEhxuBjTDRBKZV","uXSN77Q7x9cACyt+x8PEhxuBjTDRBKZV","Dark brown overall, light brown edge of pronotum. Pronotum basally punctate. Harpalus sp."
"b1fe3f98-5015-420c-ab13-5e1d532e0cda","KONZ_005.basePlot.bet","D06","KONZ","KONZ_005","S","2015-08-31","2015-09-14","2015-12-10","2015-12-10","sLTlFxIy7/g0zvwXmK6S+U75OXtyeuXJvux576s7VBU=","NEON.BET.D06.001089","CARSP14","Carabidae sp.","family",,"Latreille","D06.2015.MorphB","Other",,"uXSN77Q7x9cACyt+x8PEhxuBjTDRBKZV","uXSN77Q7x9cACyt+x8PEhxuBjTDRBKZV","Cyclotrachelus sp. Black oval pronotum. Notches on the posterolateral angles."
"05d101dd-46c6-450a-a602-e28611441343","KONZ_005.basePlot.bet","D06","KONZ","KONZ_005","S","2015-08-31","2015-09-14","2015-12-10","2015-12-10","sLTlFxIy7/g0zvwXmK6S+U75OXtyeuXJvux576s7VBU=","NEON.BET.D06.001091","CARSP14","Carabidae sp.","family",,"Latreille","D06.2015.MorphB","Other",,"uXSN77Q7x9cACyt+x8PEhxuBjTDRBKZV","uXSN77Q7x9cACyt+x8PEhxuBjTDRBKZV","Cyclotrachelus sp. Black oval pronotum. Notches on the posterolateral angles."
"6c33bd39-aedd-4b66-9aa8-31ae4538156d","KONZ_005.basePlot.bet","D06","KONZ","KONZ_005","S","2015-08-31","2015-09-14","2015-12-10","2015-12-10","sLTlFxIy7/g0zvwXmK6S+U75OXtyeuXJvux576s7VBU=","NEON.BET.D06.001093","CARSP14","Carabidae sp.","family",,"Latreille","D06.2015.MorphB","Other",,"uXSN77Q7x9cACyt+x8PEhxuBjTDRBKZV","uXSN77Q7x9cACyt+x8PEhxuBjTDRBKZV","Cyclotrachelus sp. Black oval pronotum. Notches on the posterolateral angles."
"50b9e39f-fc38-412c-98a6-b1cc8d02c765","KONZ_008.basePlot.bet","D06","KONZ","KONZ_008","S","2015-08-31","2015-09-14","2015-12-09","2015-12-09","R/i9Sy8Froum124ywlVYUMGniMTkQl4woi+VduUsjuw=","NEON.BET.D06.001076","CARSP14","Carabidae sp.","family",,"Latreille","D06.2015.MorphD","Other",,"uXSN77Q7x9cACyt+x8PEhxuBjTDRBKZV","uXSN77Q7x9cACyt+x8PEhxuBjTDRBKZV","Dark brown with light brown around the edge of the pronotum. Loxandrus sp."
"67c27447-165f-455f-9018-9855fd1744f7","KONZ_008.basePlot.bet","D06","KONZ","KONZ_008","S","2015-08-31","2015-09-14","2015-12-09","2015-12-09","R/i9Sy8Froum124ywlVYUMGniMTkQl4woi+VduUsjuw=","NEON.BET.D06.001075","CARSP14","Carabidae sp.","family",,"Latreille","D06.2015.MorphD","Other",,"uXSN77Q7x9cACyt+x8PEhxuBjTDRBKZV","uXSN77Q7x9cACyt+x8PEhxuBjTDRBKZV","Dark brown with light brown around the edge of the pronotum. Loxandrus sp."
"1d37b135-073e-4f73-aaa4-69f09da9d0c9","KONZ_002.basePlot.bet","D06","KONZ","KONZ_002","S","2015-08-31","2015-09-14","2015-12-10","2015-12-10","hd4HYDqAwpJsaq0r6a2LBL/NMc0XgyCzr276tiJkO68=","NEON.BET.D06.001081","CARSP14","Carabidae sp.","family",,"Latreille","D06.2015.MorphP","Other",,"uXSN77Q7x9cACyt+x8PEhxuBjTDRBKZV","uXSN77Q7x9cACyt+x8PEhxuBjTDRBKZV","Small, black, cyclotrachelus-like"
"ffc8a046-1b8c-4594-b5ea-e5cd6146daca","KONZ_006.basePlot.bet","D06","KONZ","KONZ_006","S","2015-08-31","2015-09-14","2015-12-09","2015-12-09","eO41eOee7nj3AyWZUK6dxnEKousRoYzSMxhAOnb0ACM=","NEON.BET.D06.001053","CARSP14","Carabidae sp.","family",,"Latreille","D06.2015.MorphF","Other",,"uXSN77Q7x9cACyt+x8PEhxuBjTDRBKZV","uXSN77Q7x9cACyt+x8PEhxuBjTDRBKZV","Black, iridescent when shown in the light. Rainbow reflection. Loxandrus sp."
"8e3ea41a-2bbb-45f7-95df-dffd92647924","KONZ_004.basePlot.bet","D06","KONZ","KONZ_004","S","2015-08-31","2015-09-14","2015-12-09","2015-12-09","7tcdU9lcb1g/QIl0ftjeGJYGXsAhzjUxLjPz8Mmc3RU=","NEON.BET.D06.001072","CARSP14","Carabidae sp.","family",,"Latreille","D06.2015.MorphD","Other",,"uXSN77Q7x9cACyt+x8PEhxuBjTDRBKZV","uXSN77Q7x9cACyt+x8PEhxuBjTDRBKZV","Dark brown with light brown around the edge of the pronotum. Loxandrus sp."
"4bac554d-f65e-440b-a0db-b17d8c87f89e","KONZ_004.basePlot.bet","D06","KONZ","KONZ_004","S","2015-08-31","2015-09-14","2015-12-09","2015-12-09","7tcdU9lcb1g/QIl0ftjeGJYGXsAhzjUxLjPz8Mmc3RU=","NEON.BET.D06.001070","CARSP14","Carabidae sp.","family",,"Latreille","D06.2015.MorphD","Other",,"uXSN77Q7x9cACyt+x8PEhxuBjTDRBKZV","uXSN77Q7x9cACyt+x8PEhxuBjTDRBKZV","Dark brown with light brown around the edge of the pronotum. Loxandrus sp."
"3dd45e28-d01f-4a39-8b95-0f3412ded1df","KONZ_004.basePlot.bet","D06","KONZ","KONZ_004","S","2015-08-31","2015-09-14","2015-12-09","2015-12-09","7tcdU9lcb1g/QIl0ftjeGJYGXsAhzjUxNLrRO0tBDdQ=","NEON.BET.D06.001039","CARSP14","Carabidae sp.","family",,"Latreille","D06.2015.MorphK","Other",,"uXSN77Q7x9cACyt+x8PEhxuBjTDRBKZV","uXSN77Q7x9cACyt+x8PEhxuBjTDRBKZV","Dark brown overall, light brown edge of pronotum. Pronotum basally punctate. Harpalus sp."
"8e49ef60-a4aa-4e78-bc3d-1dfd85fbc044","KONZ_004.basePlot.bet","D06","KONZ","KONZ_004","S","2015-08-31","2015-09-14","2015-12-09","2015-12-09","7tcdU9lcb1g/QIl0ftjeGJYGXsAhzjUxqyBIt2a6hjI=","NEON.BET.D06.001036","CARSP14","Carabidae sp.","family",,"Latreille","D06.2015.MorphZ","Other",,"uXSN77Q7x9cACyt+x8PEhxuBjTDRBKZV","uXSN77Q7x9cACyt+x8PEhxuBjTDRBKZV","(~1/2 inch) Black beetle| edges of pronotum and legs dark brown. Squared pronotum, very round looking body."
"d723aaac-73f5-4263-9adf-3eadb65b6ae7","KONZ_004.basePlot.bet","D06","KONZ","KONZ_004","S","2015-08-31","2015-09-14","2015-12-10","2015-12-10","7tcdU9lcb1g/QIl0ftjeGJYGXsAhzjUxFxlZgZOxN9A=","NEON.BET.D06.001083","CARSP14","Carabidae sp.","family",,"Latreille","D06.2015.MorphP","Other",,"uXSN77Q7x9cACyt+x8PEhxuBjTDRBKZV","uXSN77Q7x9cACyt+x8PEhxuBjTDRBKZV","Small, black, cyclotrachelus-like"
"48265570-26bb-468b-9dff-4d05515163c2","KONZ_004.basePlot.bet","D06","KONZ","KONZ_004","S","2015-08-31","2015-09-14","2015-12-10","2015-12-10","7tcdU9lcb1g/QIl0ftjeGJYGXsAhzjUxU8/yPjgG6Y0=","NEON.BET.D06.001097","CARSP14","Carabidae sp.","family",,"Latreille","D06.2015.MorphX","Other",,"uXSN77Q7x9cACyt+x8PEhxuBjTDRBKZV","uXSN77Q7x9cACyt+x8PEhxuBjTDRBKZV","Small (<1/2in). Amber body with dark brown legs. Very very well haired. Dark marking at the end and center of each elytra."
"c05360b9-6348-4eff-928c-e868e6f937cd","KONZ_004.basePlot.bet","D06","KONZ","KONZ_004","S","2015-08-31","2015-09-14","2015-12-10","2015-12-10","7tcdU9lcb1g/QIl0ftjeGJYGXsAhzjUxFxlZgZOxN9A=","NEON.BET.D06.001086","CARSP14","Carabidae sp.","family",,"Latreille","D06.2015.MorphP","Other",,"uXSN77Q7x9cACyt+x8PEhxuBjTDRBKZV","uXSN77Q7x9cACyt+x8PEhxuBjTDRBKZV","Small, black, cyclotrachelus-like"
"dfbb537f-0cab-4f12-a67c-5820763273eb","KONZ_004.basePlot.bet","D06","KONZ","KONZ_004","S","2015-08-31","2015-09-14","2015-12-09","2015-12-09","7tcdU9lcb1g/QIl0ftjeGJYGXsAhzjUxLjPz8Mmc3RU=","NEON.BET.D06.001071","CARSP14","Carabidae sp.","family",,"Latreille","D06.2015.MorphD","Other",,"uXSN77Q7x9cACyt+x8PEhxuBjTDRBKZV","uXSN77Q7x9cACyt+x8PEhxuBjTDRBKZV","Dark brown with light brown around the edge of the pronotum. Loxandrus sp."
"4a52dc3b-0278-4cf1-86c4-09d56744195d","KONZ_025.basePlot.bet","D06","KONZ","KONZ_025","S","2015-08-31","2015-09-14","2015-12-09","2015-12-09","dZsQaO9YC67CJ/evj2TQkkamBGvel//S5WY5y3w5fvE=","NEON.BET.D06.001068","CARSP14","Carabidae sp.","family",,"Latreille","D06.2015.MorphD","Other",,"uXSN77Q7x9cACyt+x8PEhxuBjTDRBKZV","uXSN77Q7x9cACyt+x8PEhxuBjTDRBKZV","Dark brown with light brown around the edge of the pronotum. Loxandrus sp."
"bc4099b7-3274-494b-bf1c-a445bc761d9f","KONZ_004.basePlot.bet","D06","KONZ","KONZ_004","S","2015-08-31","2015-09-14","2015-12-10","2015-12-10","7tcdU9lcb1g/QIl0ftjeGJYGXsAhzjUxFxlZgZOxN9A=","NEON.BET.D06.001084","CARSP14","Carabidae sp.","family",,"Latreille","D06.2015.MorphP","Other",,"uXSN77Q7x9cACyt+x8PEhxuBjTDRBKZV","uXSN77Q7x9cACyt+x8PEhxuBjTDRBKZV","Small, black, cyclotrachelus-like"
"3bb34211-40a0-4ac7-8062-0a6f2fffd3f3","KONZ_004.basePlot.bet","D06","KONZ","KONZ_004","S","2015-08-31","2015-09-14","2015-12-10","2015-12-10","7tcdU9lcb1g/QIl0ftjeGJYGXsAhzjUxFxlZgZOxN9A=","NEON.BET.D06.001085","CARSP14","Carabidae sp.","family",,"Latreille","D06.2015.MorphP","Other",,"uXSN77Q7x9cACyt+x8PEhxuBjTDRBKZV","uXSN77Q7x9cACyt+x8PEhxuBjTDRBKZV","Small, black, cyclotrachelus-like"
"494743bc-bca5-43e2-9cce-c0c94bdea1a8","KONZ_004.basePlot.bet","D06","KONZ","KONZ_004","S","2015-08-31","2015-09-14","2015-12-10","2015-12-10","7tcdU9lcb1g/QIl0ftjeGJYGXsAhzjUxLjPz8Mmc3RU=","NEON.BET.D06.001087","CARSP14","Carabidae sp.","family",,"Latreille","D06.2015.MorphP","Other",,"uXSN77Q7x9cACyt+x8PEhxuBjTDRBKZV","uXSN77Q7x9cACyt+x8PEhxuBjTDRBKZV","Small, black, cyclotrachelus-like"
"537645aa-47c4-4ad0-a854-503a0b22f7d6","KONZ_009.basePlot.bet","D06","KONZ","KONZ_009","W","2015-08-31","2015-09-14","2015-12-09","2015-12-09","80BkEGzwD8Z61vzZfbbIQnHl3vobHnR9wyKRM+zIdBo=","NEON.BET.D06.000993","CARSP14","Carabidae sp.","family",,"Latreille","D06.2015.MorphB","Other",,"uXSN77Q7x9cACyt+x8PEhxuBjTDRBKZV","uXSN77Q7x9cACyt+x8PEhxuBjTDRBKZV","Cyclotrachelus sp. Black oval pronotum. Notches on the posterolateral angles."
"f8064925-26e0-40b5-b2ff-51d21d9d2668","KONZ_009.basePlot.bet","D06","KONZ","KONZ_009","W","2015-08-31","2015-09-14","2015-12-09","2015-12-09","80BkEGzwD8Z61vzZfbbIQnHl3vobHnR9wyKRM+zIdBo=","NEON.BET.D06.001055","CARSP14","Carabidae sp.","family",,"Latreille","D06.2015.MorphF","Other",,"uXSN77Q7x9cACyt+x8PEhxuBjTDRBKZV","uXSN77Q7x9cACyt+x8PEhxuBjTDRBKZV","Black, iridescent when shown in the light. Rainbow reflection. Loxandrus sp."
"2a287875-efc7-4171-9492-0246c5615905","KONZ_025.basePlot.bet","D06","KONZ","KONZ_025","W","2015-08-31","2015-09-14","2015-12-09","2015-12-09","dZsQaO9YC65OWDWxX23icSsdjVG64qdy0bLmG4ThB7E=","NEON.BET.D06.001010","CARSP14","Carabidae sp.","family",,"Latreille","D06.2015.MorphK","Other",,"uXSN77Q7x9cACyt+x8PEhxuBjTDRBKZV","uXSN77Q7x9cACyt+x8PEhxuBjTDRBKZV","Dark brown overall, light brown edge of pronotum. Pronotum basally punctate. Harpalus sp."
"7e1b3ad1-99c8-4eba-a009-14b1b568e057","KONZ_004.basePlot.bet","D06","KONZ","KONZ_004","W","2015-08-31","2015-09-14","2015-12-10","2015-12-10","7tcdU9lcb1jfTjJFpzcEI3PltaTvxOu6qBD3dxVuGh4=","NEON.BET.D06.001082","CARSP14","Carabidae sp.","family",,"Latreille","D06.2015.MorphP","Other",,"uXSN77Q7x9cACyt+x8PEhxuBjTDRBKZV","uXSN77Q7x9cACyt+x8PEhxuBjTDRBKZV","Small, black, cyclotrachelus-like"
"adccb9bb-8795-4474-a086-3ae43ac1dfc7","KONZ_006.basePlot.bet","D06","KONZ","KONZ_006","W","2015-08-31","2015-09-14","2015-12-09","2015-12-09","eO41eOee7ngRbX73kQv3grzPRNwEtp/XP+gVE4Ml634=","NEON.BET.D06.001049","CARSP14","Carabidae sp.","family",,"Latreille","D06.2015.MorphF","Other",,"uXSN77Q7x9cACyt+x8PEhxuBjTDRBKZV","uXSN77Q7x9cACyt+x8PEhxuBjTDRBKZV","Black, iridescent when shown in the light. Rainbow reflection. Loxandrus sp."
"565e6e7b-9e81-40aa-af8d-27f8fa416e81","KONZ_009.basePlot.bet","D06","KONZ","KONZ_009","W","2015-08-31","2015-09-14","2015-12-09","2015-12-09","80BkEGzwD8Z61vzZfbbIQnHl3vobHnR9wyKRM+zIdBo=","NEON.BET.D06.000995","CARSP14","Carabidae sp.","family",,"Latreille","D06.2015.MorphB","Other",,"uXSN77Q7x9cACyt+x8PEhxuBjTDRBKZV","uXSN77Q7x9cACyt+x8PEhxuBjTDRBKZV","Cyclotrachelus sp. Black oval pronotum. Notches on the posterolateral angles."
"907d74b2-c18a-43ae-a8f1-804158a074aa","KONZ_009.basePlot.bet","D06","KONZ","KONZ_009","W","2015-08-31","2015-09-14","2015-12-09","2015-12-09","80BkEGzwD8Z61vzZfbbIQnHl3vobHnR9qMEj1Zy3NyY=","NEON.BET.D06.001041","CARSP14","Carabidae sp.","family",,"Latreille","D06.2015.MorphQ","Other",,"uXSN77Q7x9cACyt+x8PEhxuBjTDRBKZV","uXSN77Q7x9cACyt+x8PEhxuBjTDRBKZV","Smaller, dark brown, cyclotrachelus-like"
"e53edd2a-6f38-4eae-8def-a774cd5152a7","KONZ_006.basePlot.bet","D06","KONZ","KONZ_006","W","2015-08-31","2015-09-14","2015-12-09","2015-12-09","eO41eOee7ngRbX73kQv3giax6V6RJrmXJlDhln1ofDM=","NEON.BET.D06.000989","BRAALT","Brachinus alternans","species",,"Dejean",,"Other",,"uXSN77Q7x9cACyt+x8PEhxuBjTDRBKZV","uXSN77Q7x9cACyt+x8PEhxuBjTDRBKZV",
"dcf938ba-d178-45fc-9cf9-882c4820db84","KONZ_005.basePlot.bet","D06","KONZ","KONZ_005","W","2015-08-31","2015-09-14","2015-12-09","2015-12-09","sLTlFxIy7/i5wcKdTwyJQH4JVxRkqlUhZg4KhoN6yIg=","NEON.BET.D06.001048","CARSP14","Carabidae sp.","family",,"Latreille","D06.2015.MorphF","Other",,"uXSN77Q7x9cACyt+x8PEhxuBjTDRBKZV","uXSN77Q7x9cACyt+x8PEhxuBjTDRBKZV","Black, iridescent when shown in the light. Rainbow reflection. Loxandrus sp."
"04584133-a6fe-486b-bd02-7ca04765074d","KONZ_009.basePlot.bet","D06","KONZ","KONZ_009","W","2015-08-31","2015-09-14","2015-12-09","2015-12-09","80BkEGzwD8Z61vzZfbbIQnHl3vobHnR9MEdGgct3aF4=","NEON.BET.D06.001034","CARSP14","Carabidae sp.","family",,"Latreille","D06.2015.MorphZ","Other",,"uXSN77Q7x9cACyt+x8PEhxuBjTDRBKZV","uXSN77Q7x9cACyt+x8PEhxuBjTDRBKZV","(~1/2 inch) Black beetle| edges of pronotum and legs dark brown. Squared pronotum, very round looking body."
"5388b954-af9e-4357-a483-6b49ccc0d422","KONZ_009.basePlot.bet","D06","KONZ","KONZ_009","W","2015-08-31","2015-09-14","2015-12-09","2015-12-09","80BkEGzwD8Z61vzZfbbIQnHl3vobHnR9qMEj1Zy3NyY=","NEON.BET.D06.001040","CARSP14","Carabidae sp.","family",,"Latreille","D06.2015.MorphQ","Other",,"uXSN77Q7x9cACyt+x8PEhxuBjTDRBKZV","uXSN77Q7x9cACyt+x8PEhxuBjTDRBKZV","Smaller, dark brown, cyclotrachelus-like"
"783df0c2-f82c-492d-bf01-9f7847c226ed","KONZ_025.basePlot.bet","D06","KONZ","KONZ_025","W","2015-08-31","2015-09-14","2015-12-09","2015-12-09","dZsQaO9YC65OWDWxX23icSsdjVG64qdyQSKxdX+WXCI=","NEON.BET.D06.001074","CARSP14","Carabidae sp.","family",,"Latreille","D06.2015.MorphD","Other",,"uXSN77Q7x9cACyt+x8PEhxuBjTDRBKZV","uXSN77Q7x9cACyt+x8PEhxuBjTDRBKZV","Dark brown with light brown around the edge of the pronotum. Loxandrus sp."
"79090d10-a137-444e-b0ab-e635933e6a3c","KONZ_008.basePlot.bet","D06","KONZ","KONZ_008","W","2015-08-31","2015-09-14","2015-12-10","2015-12-10","R/i9Sy8FrovcH0k3YKqKZH6yiCdDHjTZ5GLtJEGJPN8=","NEON.BET.D06.001077","CARSP14","Carabidae sp.","family",,"Latreille","D06.2015.MorphP","Other",,"uXSN77Q7x9cACyt+x8PEhxuBjTDRBKZV","uXSN77Q7x9cACyt+x8PEhxuBjTDRBKZV","Small, black, cyclotrachelus-like"
"a87d67cd-8631-40d8-bf18-e72071895415","KONZ_006.basePlot.bet","D06","KONZ","KONZ_006","W","2015-08-31","2015-09-14","2015-12-09","2015-12-09","eO41eOee7ngRbX73kQv3grzPRNwEtp/XP+gVE4Ml634=","NEON.BET.D06.001051","CARSP14","Carabidae sp.","family",,"Latreille","D06.2015.MorphF","Other",,"uXSN77Q7x9cACyt+x8PEhxuBjTDRBKZV","uXSN77Q7x9cACyt+x8PEhxuBjTDRBKZV","Black, iridescent when shown in the light. Rainbow reflection. Loxandrus sp."
"646f5a27-1096-4ce2-b5c3-ec12acb00bfc","KONZ_006.basePlot.bet","D06","KONZ","KONZ_006","W","2015-08-31","2015-09-14","2015-12-09","2015-12-09","eO41eOee7ngRbX73kQv3grzPRNwEtp/XP+gVE4Ml634=","NEON.BET.D06.001050","CARSP14","Carabidae sp.","family",,"Latreille","D06.2015.MorphF","Other",,"uXSN77Q7x9cACyt+x8PEhxuBjTDRBKZV","uXSN77Q7x9cACyt+x8PEhxuBjTDRBKZV","Black, iridescent when shown in the light. Rainbow reflection. Loxandrus sp."
"6e8a7349-1d80-4bdf-9296-209e41eea83d","KONZ_025.basePlot.bet","D06","KONZ","KONZ_025","W","2015-08-31","2015-09-14","2015-12-09","2015-12-09","dZsQaO9YC65OWDWxX23icSsdjVG64qdyQSKxdX+WXCI=","NEON.BET.D06.001073","CARSP14","Carabidae sp.","family",,"Latreille","D06.2015.MorphD","Other",,"uXSN77Q7x9cACyt+x8PEhxuBjTDRBKZV","uXSN77Q7x9cACyt+x8PEhxuBjTDRBKZV","Dark brown with light brown around the edge of the pronotum. Loxandrus sp."
"dbdb258b-0073-474d-9a36-00933d04683e","KONZ_009.basePlot.bet","D06","KONZ","KONZ_009","W","2015-08-31","2015-09-14","2015-12-09","2015-12-09","80BkEGzwD8Z61vzZfbbIQnHl3vobHnR9wyKRM+zIdBo=","NEON.BET.D06.000994","CARSP14","Carabidae sp.","family",,"Latreille","D06.2015.MorphB","Other",,"uXSN77Q7x9cACyt+x8PEhxuBjTDRBKZV","uXSN77Q7x9cACyt+x8PEhxuBjTDRBKZV","Cyclotrachelus sp. Black oval pronotum. Notches on the posterolateral angles."
