uid,namedLocation,domainID,siteID,plotID,trapID,setDate,collectDate,processingDate,etOHChangeDate,identifiedDate,sampleID,subsampleID,sampleType,taxonID,scientificName,taxonRank,identificationQualifier,scientificNameAuthorship,morphospeciesID,individualCount,identificationReferences,identifiedBy,recordedBy,remarks
"b519125d-e4e6-441c-958f-720f7d6b581c","KONZ_004.basePlot.bet","D06","KONZ","KONZ_004","S","2015-08-31","2015-09-14","2015-09-14","2015-09-17","2015-12-03","KONZ_004.S.20150914","7tcdU9lcb1g/QIl0ftjeGJYGXsAhzjUxzybZXG8cX7g=","carabid","CARSP14","Carabidae sp.","family",,"Latreille","D06.2015.MorphF",1,"Other","uXSN77Q7x9cACyt+x8PEhxuBjTDRBKZV","sk+ncTlknmGlnEtX/xe01ipH6tZVDj7e","Black, iridescent when shown in the light. Rainbow reflection. Loxandrus sp."
"e0432c0f-b412-4512-8225-138a45f94927","KONZ_004.basePlot.bet","D06","KONZ","KONZ_004","S","2015-08-31","2015-09-14","2015-09-14","2015-09-17","2015-12-03","KONZ_004.S.20150914","7tcdU9lcb1g/QIl0ftjeGJYGXsAhzjUxLjPz8Mmc3RU=","carabid","CARSP14","Carabidae sp.","family",,"Latreille","D06.2015.MorphD",3,"Other","uXSN77Q7x9cACyt+x8PEhxuBjTDRBKZV","sk+ncTlknmGlnEtX/xe01ipH6tZVDj7e","Dark brown with light brown around the edge of the pronotum. Loxandrus sp."
"8d6ae9a8-1c5d-4241-8961-ff9f6cfc3b23","KONZ_004.basePlot.bet","D06","KONZ","KONZ_004","S","2015-08-31","2015-09-14","2015-09-14","2015-09-17","2015-12-03","KONZ_004.S.20150914","7tcdU9lcb1g/QIl0ftjeGJYGXsAhzjUxU8/yPjgG6Y0=","carabid","CARSP14","Carabidae sp.","family",,"Latreille","D06.2015.MorphX",1,"Other","uXSN77Q7x9cACyt+x8PEhxuBjTDRBKZV","sk+ncTlknmGlnEtX/xe01ipH6tZVDj7e","Small (<1/2in). Amber body with dark brown legs. Very very well haired. Dark marking at the end and center of each elytra."
"38a3a942-41ba-4161-84c4-dfab063d5ddb","KONZ_004.basePlot.bet","D06","KONZ","KONZ_004","S","2015-08-31","2015-09-14","2015-09-14","2015-09-17","2015-12-03","KONZ_004.S.20150914","7tcdU9lcb1g/QIl0ftjeGJYGXsAhzjUxNLrRO0tBDdQ=","carabid","CARSP14","Carabidae sp.","family",,"Latreille","D06.2015.MorphK",1,"Other","uXSN77Q7x9cACyt+x8PEhxuBjTDRBKZV","sk+ncTlknmGlnEtX/xe01ipH6tZVDj7e","Dark brown overall, light brown edge of pronotum. Pronotum basally punctate. Harpalus sp."
"e0712571-0dda-430c-9873-1a94a5aa4db3","KONZ_004.basePlot.bet","D06","KONZ","KONZ_004","S","2015-08-31","2015-09-14","2015-09-14","2015-09-17","2015-12-03","KONZ_004.S.20150914","7tcdU9lcb1g/QIl0ftjeGJYGXsAhzjUxFxlZgZOxN9A=","carabid","CARSP14","Carabidae sp.","family",,"Latreille","D06.2015.MorphP",6,"Other","uXSN77Q7x9cACyt+x8PEhxuBjTDRBKZV","sk+ncTlknmGlnEtX/xe01ipH6tZVDj7e","Small, black, cyclotrachelus-like"
"31e7dfea-935e-41c1-959b-cd6c86bb372b","KONZ_025.basePlot.bet","D06","KONZ","KONZ_025","S","2015-08-31","2015-09-14","2015-09-15","2015-09-18","2015-09-18","KONZ_025.S.20150914","dZsQaO9YC67CJ/evj2TQkog5IBJnzNhqm23g9uDNARk=","carabid","PASELO","Pasimachus elongatus","species",,"LeConte",,1,"Other","77todYjt/jkEGWUHO3SI0BRlGpUHn9Xh","77todYjt/jkEGWUHO3SI0BRlGpUHn9Xh",
"8a090958-8ecd-44d9-85d8-b9757cea6958","KONZ_025.basePlot.bet","D06","KONZ","KONZ_025","S","2015-08-31","2015-09-14","2015-09-15","2015-09-18","2015-12-03","KONZ_025.S.20150914","dZsQaO9YC67CJ/evj2TQkm5FL8zpKS54m0EWFkYj7Hc=","carabid","BRAALT","Brachinus alternans","species",,"Dejean",,1,"Other","uXSN77Q7x9cACyt+x8PEhxuBjTDRBKZV","77todYjt/jkEGWUHO3SI0BRlGpUHn9Xh",
"e71f9964-d0fc-4121-8139-a27a5e48c1a1","KONZ_025.basePlot.bet","D06","KONZ","KONZ_025","S","2015-08-31","2015-09-14","2015-09-15","2015-09-18",,"KONZ_025.S.20150914","dZsQaO9YC67CJ/evj2TQkrC/Vng4CPMFY8WUWBUuLaE=","invert bycatch",,,,,,,,,,"77todYjt/jkEGWUHO3SI0BRlGpUHn9Xh",
"4ae6993c-7461-4ca7-9197-93f104c26ad6","KONZ_025.basePlot.bet","D06","KONZ","KONZ_025","S","2015-08-31","2015-09-14","2015-09-15","2015-09-18","2015-12-03","KONZ_025.S.20150914","dZsQaO9YC67CJ/evj2TQkkamBGvel//S5WY5y3w5fvE=","carabid","CARSP14","Carabidae sp.","family",,"Latreille","D06.2015.MorphD",1,"Other","uXSN77Q7x9cACyt+x8PEhxuBjTDRBKZV","77todYjt/jkEGWUHO3SI0BRlGpUHn9Xh","Dark brown with light brown around the edge of the pronotum. Loxandrus sp."
"65129ba4-68d7-4940-9575-f50fc20201de","KONZ_007.basePlot.bet","D06","KONZ","KONZ_007","W","2015-08-31","2015-09-14","2015-09-14","2015-09-18",,"KONZ_007.W.20150914","f11juJKcl7KXaE1NgNSiNgYJ2iuhWO5woltWCiXYwfI=","invert bycatch",,,,,,,,,,"77todYjt/jkEGWUHO3SI0BRlGpUHn9Xh",
"82e8897b-8a0e-4a86-8050-cec012e538a6","KONZ_008.basePlot.bet","D06","KONZ","KONZ_008","W","2015-08-31","2015-09-14","2015-09-14","2015-09-18",,"KONZ_008.W.20150914","R/i9Sy8FrovcH0k3YKqKZFK+mx7NCuAThWAweBkLGrw=","invert bycatch",,,,,,,,,,"wQI+SYME+gr3nKVXMbMGzlxt6VcoOetL",
"79e625cb-00a3-45b7-882a-bf8a3d3b4c9f","KONZ_001.basePlot.bet","D06","KONZ","KONZ_001","W","2015-08-31","2015-09-14","2015-09-14","2015-09-18",,"KONZ_001.W.20150914","HFNPNHS/o8VCMLZXgxcAxyD1Lj5EZtKyvqelXQ2kNp4=","invert bycatch",,,,,,,,,,"wQI+SYME+gr3nKVXMbMGzlxt6VcoOetL",
"9445d66d-48f0-4b48-b655-1abe75a3dc80","KONZ_025.basePlot.bet","D06","KONZ","KONZ_025","W","2015-08-31","2015-09-14","2015-09-15","2015-09-18","2015-12-03","KONZ_025.W.20150914","dZsQaO9YC65OWDWxX23icSsdjVG64qdyQSKxdX+WXCI=","carabid","CARSP14","Carabidae sp.","family",,"Latreille","D06.2015.MorphD",4,"Other","uXSN77Q7x9cACyt+x8PEhxuBjTDRBKZV","77todYjt/jkEGWUHO3SI0BRlGpUHn9Xh","Dark brown with light brown around the edge of the pronotum. Loxandrus sp."
"73c65c66-26a1-460d-acf0-e79bfbac1df8","KONZ_025.basePlot.bet","D06","KONZ","KONZ_025","W","2015-08-31","2015-09-14","2015-09-15","2015-09-18",,"KONZ_025.W.20150914","dZsQaO9YC65OWDWxX23icaeGoRgPk4xle/CFTvt7Ohs=","invert bycatch",,,,,,,,,,"77todYjt/jkEGWUHO3SI0BRlGpUHn9Xh",
"d2135bcd-67a3-4d68-82bc-74610eacce17","KONZ_006.basePlot.bet","D06","KONZ","KONZ_006","W","2015-08-31","2015-09-14","2015-09-15","2015-09-21","2015-12-03","KONZ_006.W.20150914","eO41eOee7ngRbX73kQv3grzPRNwEtp/XP+gVE4Ml634=","carabid","CARSP14","Carabidae sp.","family",,"Latreille","D06.2015.MorphF",3,"Other","uXSN77Q7x9cACyt+x8PEhxuBjTDRBKZV","77todYjt/jkEGWUHO3SI0BRlGpUHn9Xh","Black, iridescent when shown in the light. Rainbow reflection. Loxandrus sp."
"13ba160d-9b7c-44ea-9a71-fa73397d94b0","KONZ_002.basePlot.bet","D06","KONZ","KONZ_002","W","2015-08-31","2015-09-14","2015-09-14","2015-09-18","2015-09-18","KONZ_002.W.20150914","hd4HYDqAwpLGZ5we650KZ7PMQcSne9XIcNUjkjn6BQo=","vert bycatch mam","CRPA","Cryptotis parva","species","cf. species","Say",,1,"Reid, F. 2006. Peterson Field Guide to Mammals of North America. 4th Ed. Houghton Mifflin Company, New York, NY.","uXSN77Q7x9cACyt+x8PEhxuBjTDRBKZV","wQI+SYME+gr3nKVXMbMGzlxt6VcoOetL",
"d75d90f8-4af3-4d45-bf98-94b0e2ec8d2a","KONZ_002.basePlot.bet","D06","KONZ","KONZ_002","W","2015-08-31","2015-09-14","2015-09-14","2015-09-18",,"KONZ_002.W.20150914","hd4HYDqAwpLGZ5we650KZ1BFlx9a4qap94xAGBVwiI8=","invert bycatch",,,,,,,,,,"wQI+SYME+gr3nKVXMbMGzlxt6VcoOetL",
"5f358dc0-dffc-40aa-84a9-b5df908fddd5","KONZ_002.basePlot.bet","D06","KONZ","KONZ_002","W","2015-08-31","2015-09-14","2015-09-14","2015-09-18","2015-09-18","KONZ_002.W.20150914","hd4HYDqAwpLGZ5we650KZwJajDSIL4H2XnV+GOsYsdQ=","carabid","PASCAL","Pasimachus californicus","species",,"Chaudoir",,1,"Teaching collection","wQI+SYME+gr3nKVXMbMGzlxt6VcoOetL","wQI+SYME+gr3nKVXMbMGzlxt6VcoOetL",
"545ed01c-14a7-47e1-9e49-7275cf09fab0","KONZ_009.basePlot.bet","D06","KONZ","KONZ_009","W","2015-08-31","2015-09-14","2015-09-15","2015-09-18","2015-12-03","KONZ_009.W.20150914","80BkEGzwD8Z61vzZfbbIQnHl3vobHnR9wyKRM+zIdBo=","carabid","CARSP14","Carabidae sp.","family",,"Latreille","D06.2015.MorphB",3,"Other","uXSN77Q7x9cACyt+x8PEhxuBjTDRBKZV","77todYjt/jkEGWUHO3SI0BRlGpUHn9Xh","Cyclotrachelus sp. Black oval pronotum. Notches on the posterolateral angles."
"44f8999f-f195-450c-8ed9-60c0a0cc359e","KONZ_009.basePlot.bet","D06","KONZ","KONZ_009","W","2015-08-31","2015-09-14","2015-09-15","2015-09-18","2015-12-03","KONZ_009.W.20150914","80BkEGzwD8Z61vzZfbbIQnHl3vobHnR9c1whyWxXtdA=","carabid","CARSP14","Carabidae sp.","family",,"Latreille","D06.2015.MorphK",1,"Other","uXSN77Q7x9cACyt+x8PEhxuBjTDRBKZV","77todYjt/jkEGWUHO3SI0BRlGpUHn9Xh","Dark brown overall, light brown edge of pronotum. Pronotum basally punctate. Harpalus sp."
"60824201-5364-45be-914d-527375d19380","KONZ_006.basePlot.bet","D06","KONZ","KONZ_006","W","2015-08-31","2015-09-14","2015-09-15","2015-09-21","2015-12-14","KONZ_006.W.20150914","eO41eOee7ngRbX73kQv3gh4BVMgf982As5qqtw2/c04=","carabid","PASCAL","Pasimachus californicus","species",,"Chaudoir",,1,"Purrington, F., and C. J. Drake. 2005. A key to adult Nearctic Pasimachus (Pasimachus) Bonelli (Coleoptera: Carabidae: Scaritini), with comments on their functional mouthpart morphology. Entomological News 116:253-262.","uXSN77Q7x9cACyt+x8PEhxuBjTDRBKZV","77todYjt/jkEGWUHO3SI0BRlGpUHn9Xh",
"f7be71c7-1542-47f3-aae0-2ef2dbdfe760","KONZ_025.basePlot.bet","D06","KONZ","KONZ_025","W","2015-08-31","2015-09-14","2015-09-15","2015-09-18","2015-12-03","KONZ_025.W.20150914","dZsQaO9YC65OWDWxX23icSsdjVG64qdy0bLmG4ThB7E=","carabid","CARSP14","Carabidae sp.","family",,"Latreille","D06.2015.MorphK",1,"Other","uXSN77Q7x9cACyt+x8PEhxuBjTDRBKZV","77todYjt/jkEGWUHO3SI0BRlGpUHn9Xh","Dark brown overall, light brown edge of pronotum. Pronotum basally punctate. Harpalus sp."
"5e02d330-8b70-4f80-9076-428f645d52b4","KONZ_008.basePlot.bet","D06","KONZ","KONZ_008","W","2015-08-31","2015-09-14","2015-09-14","2015-09-18","2015-12-03","KONZ_008.W.20150914","R/i9Sy8FrovcH0k3YKqKZH6yiCdDHjTZ5GLtJEGJPN8=","carabid","CARSP14","Carabidae sp.","family",,"Latreille","D06.2015.MorphP",1,"Other","uXSN77Q7x9cACyt+x8PEhxuBjTDRBKZV","wQI+SYME+gr3nKVXMbMGzlxt6VcoOetL","Small, black, cyclotrachelus-like"
"50624304-a7c7-4636-b9cf-9fba157db16b","KONZ_004.basePlot.bet","D06","KONZ","KONZ_004","W","2015-08-31","2015-09-14","2015-09-14","2015-09-17",,"KONZ_004.W.20150914","7tcdU9lcb1jfTjJFpzcEI321HyKM03P3RIsRRWaiBRI=","invert bycatch",,,,,,,,,,"sk+ncTlknmGlnEtX/xe01ipH6tZVDj7e",
"32f7dd80-9650-4c20-9c82-f3010d8b3d37","KONZ_004.basePlot.bet","D06","KONZ","KONZ_004","W","2015-08-31","2015-09-14","2015-09-14","2015-09-17","2015-12-03","KONZ_004.W.20150914","7tcdU9lcb1jfTjJFpzcEI3PltaTvxOu6qBD3dxVuGh4=","carabid","CARSP14","Carabidae sp.","family",,"Latreille","D06.2015.MorphP",1,"Other","uXSN77Q7x9cACyt+x8PEhxuBjTDRBKZV","sk+ncTlknmGlnEtX/xe01ipH6tZVDj7e","Small, black, cyclotrachelus-like"
"e0032cce-2b58-44a1-9265-6645b8919749","KONZ_009.basePlot.bet","D06","KONZ","KONZ_009","W","2015-08-31","2015-09-14","2015-09-15","2015-09-18","2015-09-18","KONZ_009.W.20150914","80BkEGzwD8Z61vzZfbbIQrCveUUZ1vw4WJ/4dHXOi4Y=","carabid","PASCAL","Pasimachus californicus","species",,"Chaudoir",,1,"Other","77todYjt/jkEGWUHO3SI0BRlGpUHn9Xh","77todYjt/jkEGWUHO3SI0BRlGpUHn9Xh",
"8c4d395e-31c4-4e18-9607-fd5dcdd9fbf9","KONZ_005.basePlot.bet","D06","KONZ","KONZ_005","W","2015-08-31","2015-09-14","2015-09-15","2015-09-18","2015-12-03","KONZ_005.W.20150914","sLTlFxIy7/i5wcKdTwyJQH4JVxRkqlUhZg4KhoN6yIg=","carabid","CARSP14","Carabidae sp.","family",,"Latreille","D06.2015.MorphF",1,"Other","uXSN77Q7x9cACyt+x8PEhxuBjTDRBKZV","77todYjt/jkEGWUHO3SI0BRlGpUHn9Xh","Black, iridescent when shown in the light. Rainbow reflection. Loxandrus sp."
"d430c1ed-de25-45c7-a8ed-98cb16f7f0e2","KONZ_006.basePlot.bet","D06","KONZ","KONZ_006","W","2015-08-31","2015-09-14","2015-09-15","2015-09-21","2015-12-03","KONZ_006.W.20150914","eO41eOee7ngRbX73kQv3giax6V6RJrmXJlDhln1ofDM=","carabid","BRAALT","Brachinus alternans","species",,"Dejean",,1,"Other","uXSN77Q7x9cACyt+x8PEhxuBjTDRBKZV","77todYjt/jkEGWUHO3SI0BRlGpUHn9Xh",
"f0282711-24dc-4e54-8bec-4c94d17981d3","KONZ_006.basePlot.bet","D06","KONZ","KONZ_006","W","2015-08-31","2015-09-14","2015-09-15","2015-09-21",,"KONZ_006.W.20150914","eO41eOee7ngRbX73kQv3gro5gXjvVH9vOIC4vPwzy+s=","invert bycatch",,,,,,,,,,"77todYjt/jkEGWUHO3SI0BRlGpUHn9Xh",
"586c7f78-26c9-4d44-b40c-751dad775db2","KONZ_006.basePlot.bet","D06","KONZ","KONZ_006","W","2015-08-31","2015-09-14","2015-09-15","2015-09-21",,"KONZ_006.W.20150914","eO41eOee7ngRbX73kQv3gro5gXjvVH9vQrlhrrEDJxA=","invert bycatch",,,,,,,,,,"77todYjt/jkEGWUHO3SI0BRlGpUHn9Xh",
"1db6855a-b99d-40cb-b4b6-c0a8effaf501","KONZ_009.basePlot.bet","D06","KONZ","KONZ_009","W","2015-08-31","2015-09-14","2015-09-15","2015-09-18","2015-12-03","KONZ_009.W.20150914","80BkEGzwD8Z61vzZfbbIQnHl3vobHnR9qMEj1Zy3NyY=","carabid","CARSP14","Carabidae sp.","family",,"Latreille","D06.2015.MorphQ",2,"Other","uXSN77Q7x9cACyt+x8PEhxuBjTDRBKZV","77todYjt/jkEGWUHO3SI0BRlGpUHn9Xh","Smaller, dark brown, cyclotrachelus-like"
"35e19000-0e57-4af8-bf2f-7b5a7d88036f","KONZ_009.basePlot.bet","D06","KONZ","KONZ_009","W","2015-08-31","2015-09-14","2015-09-15","2015-09-18",,"KONZ_009.W.20150914","80BkEGzwD8Z61vzZfbbIQqNNu/cqUZti2yCb9edJ6C8=","invert bycatch",,,,,,,,,,"77todYjt/jkEGWUHO3SI0BRlGpUHn9Xh",
"ae791155-8ad9-4b90-9211-a9106a86d14a","KONZ_009.basePlot.bet","D06","KONZ","KONZ_009","W","2015-08-31","2015-09-14","2015-09-15","2015-09-18","2015-12-03","KONZ_009.W.20150914","80BkEGzwD8Z61vzZfbbIQnHl3vobHnR9MEdGgct3aF4=","carabid","CARSP14","Carabidae sp.","family",,"Latreille","D06.2015.MorphZ",1,"Other","uXSN77Q7x9cACyt+x8PEhxuBjTDRBKZV","77todYjt/jkEGWUHO3SI0BRlGpUHn9Xh","(~1/2 inch) Black beetle| edges of pronotum and legs dark brown. Squared pronotum, very round looking body."
"9d2612ad-e0ec-4001-817b-ce421d13e6d8","KONZ_008.basePlot.bet","D06","KONZ","KONZ_008","E","2015-08-31","2015-09-14","2015-09-14","2015-09-18","2015-12-03","KONZ_008.E.20150914","R/i9Sy8FrosUNqbt7EDEEpclewRqgzqgl9J/2c6CII8=","carabid","CARSP14","Carabidae sp.","family",,"Latreille","D06.2015.MorphZ",2,"Other","uXSN77Q7x9cACyt+x8PEhxuBjTDRBKZV","wQI+SYME+gr3nKVXMbMGzlxt6VcoOetL","(~1/2 inch) Black beetle| edges of pronotum and legs dark brown. Squared pronotum, very round looking body."
"05d814d8-0666-4d69-bf26-08da5c305b05","KONZ_001.basePlot.bet","D06","KONZ","KONZ_001","E","2015-08-31","2015-09-14","2015-09-14","2015-09-18",,"KONZ_001.E.20150914","HFNPNHS/o8XPUZEVZnyshPHBWmoBFWFT4qxd+4VnkZc=","invert bycatch",,,,,,,,,,"wQI+SYME+gr3nKVXMbMGzlxt6VcoOetL",
"cfdfd55b-155d-466b-904c-b4d68f4866da","KONZ_001.basePlot.bet","D06","KONZ","KONZ_001","E","2015-08-31","2015-09-14","2015-09-14","2015-09-18","2015-09-18","KONZ_001.E.20150914","HFNPNHS/o8XPUZEVZnyshDP1qh80BrqtvyjUY1i2kjw=","carabid","PASELO","Pasimachus elongatus","species",,"LeConte",,3,"Teaching collection","wQI+SYME+gr3nKVXMbMGzlxt6VcoOetL","wQI+SYME+gr3nKVXMbMGzlxt6VcoOetL",
"31357c4f-c22a-46a5-8018-c05008871a51","KONZ_025.basePlot.bet","D06","KONZ","KONZ_025","E","2015-08-31","2015-09-14","2015-09-15","2015-09-18",,"KONZ_025.E.20150914","dZsQaO9YC654UGzAtr7R4RXTnW/UUzQG2pj70NAP9dc=","invert bycatch",,,,,,,,,,"77todYjt/jkEGWUHO3SI0BRlGpUHn9Xh",
"c5724478-e1aa-48b1-bba6-e5a1b1d3dad0","KONZ_008.basePlot.bet","D06","KONZ","KONZ_008","E","2015-08-31","2015-09-14","2015-09-14","2015-09-18","2015-12-03","KONZ_008.E.20150914","R/i9Sy8FrosUNqbt7EDEEpclewRqgzqgfuzskVhKm2s=","carabid","CARSP14","Carabidae sp.","family",,"Latreille","D06.2015.MorphD",1,"Other","uXSN77Q7x9cACyt+x8PEhxuBjTDRBKZV","wQI+SYME+gr3nKVXMbMGzlxt6VcoOetL","Dark brown with light brown around the edge of the pronotum. Loxandrus sp."
"52e468f9-a1ee-4dee-8f74-e65a7132da23","KONZ_008.basePlot.bet","D06","KONZ","KONZ_008","E","2015-08-31","2015-09-14","2015-09-14","2015-09-18",,"KONZ_008.E.20150914","R/i9Sy8FrosUNqbt7EDEEpaVgcldNyBefH01+MlbujI=","invert bycatch",,,,,,,,,,"wQI+SYME+gr3nKVXMbMGzlxt6VcoOetL",
"9337c73e-38e8-4c66-85f6-d1be383a8b85","KONZ_007.basePlot.bet","D06","KONZ","KONZ_007","E","2015-08-31","2015-09-14","2015-09-14","2015-09-18","2015-12-03","KONZ_007.E.20150914","f11juJKcl7Ld05dxbwkLyFmnt2MfRoI9pYQv6XU8uMA=","carabid","PASCAL","Pasimachus californicus","species",,"Chaudoir",,1,"Other","uXSN77Q7x9cACyt+x8PEhxuBjTDRBKZV","77todYjt/jkEGWUHO3SI0BRlGpUHn9Xh",
"ef19e850-a3b4-4887-9552-3dfa313667df","KONZ_008.basePlot.bet","D06","KONZ","KONZ_008","E","2015-08-31","2015-09-14","2015-09-14","2015-09-18","2015-09-14","KONZ_008.E.20150914","R/i9Sy8FrosUNqbt7EDEEv2BVb2rmt1m/5Ojl5iLc+s=","vert bycatch herp","PHRCOR","Phrynosoma cornutum","species",,"Harlan",,1,"Clarke, R. F. 1984. Frogs and Toads in Kansas. The Kansas School Naturalist. 30(3):1-15.","wQI+SYME+gr3nKVXMbMGzlxt6VcoOetL","wQI+SYME+gr3nKVXMbMGzlxt6VcoOetL",
"30675d47-2842-494f-aa95-9e9a19dc4a62","KONZ_007.basePlot.bet","D06","KONZ","KONZ_007","E","2015-08-31","2015-09-14","2015-09-14","2015-09-18","2015-09-18","KONZ_007.E.20150914","f11juJKcl7Ld05dxbwkLyEyUEu/Zs7UWXcknQ1paLks=","carabid","CARSP14","Carabidae sp.","family",,"Latreille","D06.2015.MorphB",2,"Other","77todYjt/jkEGWUHO3SI0BRlGpUHn9Xh","77todYjt/jkEGWUHO3SI0BRlGpUHn9Xh","Cyclotrachelus sp. Black oval pronotum. Notches on the posterolateral angles."
"c9ad51fb-7304-44f8-8bb9-c36a321ae345","KONZ_007.basePlot.bet","D06","KONZ","KONZ_007","E","2015-08-31","2015-09-14","2015-09-14","2015-09-18","2015-09-18","KONZ_007.E.20150914","f11juJKcl7Ld05dxbwkLyMvCKDDoIs3rTQzPo9nJiP0=","carabid","PASELO","Pasimachus elongatus","species",,"LeConte",,1,"Other","77todYjt/jkEGWUHO3SI0BRlGpUHn9Xh","77todYjt/jkEGWUHO3SI0BRlGpUHn9Xh",
"eb1c9ba3-3ef0-415f-92a0-c3cb7e0e816a","KONZ_007.basePlot.bet","D06","KONZ","KONZ_007","E","2015-08-31","2015-09-14","2015-09-14","2015-09-18","2015-09-18","KONZ_007.E.20150914","f11juJKcl7Ld05dxbwkLyF1UtQEdlz9Ozid+PK+RLiY=","vert bycatch herp","PHRCOR","Phrynosoma cornutum","species",,"Harlan",,1,"Other","77todYjt/jkEGWUHO3SI0BRlGpUHn9Xh","77todYjt/jkEGWUHO3SI0BRlGpUHn9Xh",
"7f660e1c-9c8a-469d-b19d-055124fa18cd","KONZ_005.basePlot.bet","D06","KONZ","KONZ_005","E","2015-08-31","2015-09-14","2015-09-15","2015-09-18","2015-09-18","KONZ_005.E.20150914","sLTlFxIy7/iDoTOmj5skvujukYSg/et3cPa002Rlv/w=","carabid","PASCAL","Pasimachus californicus","species",,"Chaudoir",,3,"Other","77todYjt/jkEGWUHO3SI0BRlGpUHn9Xh","77todYjt/jkEGWUHO3SI0BRlGpUHn9Xh",
"0936fd5e-21bf-4719-b437-eacb7c167fac","KONZ_006.basePlot.bet","D06","KONZ","KONZ_006","E","2015-08-31","2015-09-14","2015-09-15","2015-09-21",,"KONZ_006.E.20150914","eO41eOee7njktXj4zKCFHFrRloysPr+T3P3i1z6nyUQ=","invert bycatch",,,,,,,,,,"77todYjt/jkEGWUHO3SI0BRlGpUHn9Xh",
"00e6c951-c3a9-4eac-b57a-617c6be4f80f","KONZ_002.basePlot.bet","D06","KONZ","KONZ_002","E","2015-08-31","2015-09-14","2015-09-14","2015-09-18",,"KONZ_002.E.20150914","hd4HYDqAwpJv/suzZpXOHIn8i+I4ALZJwgAkS2ExyTo=","invert bycatch",,,,,,,,,,"wQI+SYME+gr3nKVXMbMGzlxt6VcoOetL",
"00e9d806-3139-40d6-8c8d-402492f84643","KONZ_006.basePlot.bet","D06","KONZ","KONZ_006","E","2015-08-31","2015-09-14","2015-09-15","2015-09-21","2015-12-03","KONZ_006.E.20150914","eO41eOee7njktXj4zKCFHJxdmEQe04qAUiV+K/RXryc=","carabid","CARSP14","Carabidae sp.","family",,"Latreille","D06.2015.MorphF",1,"Other","uXSN77Q7x9cACyt+x8PEhxuBjTDRBKZV","77todYjt/jkEGWUHO3SI0BRlGpUHn9Xh","Black, iridescent when shown in the light. Rainbow reflection. Loxandrus sp."
"41a4eece-1130-4afb-9989-f9a767b643e4","KONZ_009.basePlot.bet","D06","KONZ","KONZ_009","E","2015-08-31","2015-09-14","2015-09-15","2015-09-18",,"KONZ_009.E.20150914","80BkEGzwD8ZoFVOT95V9S+0NNGgx3sfqeJZlYPpFVqU=","invert bycatch",,,,,,,,,,"77todYjt/jkEGWUHO3SI0BRlGpUHn9Xh",
"0517ee71-1fb7-4f05-a9e2-c3aad8867625","KONZ_009.basePlot.bet","D06","KONZ","KONZ_009","E","2015-08-31","2015-09-14","2015-09-15","2015-09-18","2015-12-03","KONZ_009.E.20150914","80BkEGzwD8ZoFVOT95V9S/i0dY3AkQaxM8LAP8DH2TI=","carabid","CARSP14","Carabidae sp.","family",,"Latreille","D06.2015.MorphB",1,"Other","uXSN77Q7x9cACyt+x8PEhxuBjTDRBKZV","77todYjt/jkEGWUHO3SI0BRlGpUHn9Xh","Cyclotrachelus sp. Black oval pronotum. Notches on the posterolateral angles."
"e5d6bb04-c410-4276-ad55-fe3c36a78406","KONZ_003.basePlot.bet","D06","KONZ","KONZ_003","E","2015-08-31","2015-09-14","2015-09-15","2015-09-18","2015-12-03","KONZ_003.E.20150914","KsyoFpuhSbLYrqRt/du34Vh4eEdnyTIRpVTMz6cSC3s=","carabid","CARSP14","Carabidae sp.","family",,"Latreille","D06.2015.MorphD",1,"Other","uXSN77Q7x9cACyt+x8PEhxuBjTDRBKZV","sk+ncTlknmGlnEtX/xe01ipH6tZVDj7e","Dark brown with light brown around the edge of the pronotum. Loxandrus sp."
"a214a4d0-c4bb-4adc-9340-43c46dc5fec4","KONZ_003.basePlot.bet","D06","KONZ","KONZ_003","E","2015-08-31","2015-09-14","2015-09-15","2015-09-18",,"KONZ_003.E.20150914","KsyoFpuhSbLYrqRt/du34aW4hmM0WTWwk9Up8cwO2Po=","invert bycatch",,,,,,,,,,"sk+ncTlknmGlnEtX/xe01ipH6tZVDj7e",
"1aa15d66-bad1-42c5-bd0a-734e442a5b9d","KONZ_025.basePlot.bet","D06","KONZ","KONZ_025","E","2015-08-31","2015-09-14","2015-09-15","2015-09-18","2015-09-18","KONZ_025.E.20150914","dZsQaO9YC654UGzAtr7R4aQUcC0qM3YcTEziwTfa89k=","carabid","PASELO","Pasimachus elongatus","species",,"LeConte",,1,"Other","77todYjt/jkEGWUHO3SI0BRlGpUHn9Xh","77todYjt/jkEGWUHO3SI0BRlGpUHn9Xh",
"c892be47-6a4c-4732-a9c9-6d9312abf6f3","KONZ_007.basePlot.bet","D06","KONZ","KONZ_007","E","2015-08-31","2015-09-14","2015-09-14","2015-09-18",,"KONZ_007.E.20150914","f11juJKcl7Ld05dxbwkLyHfGFHFs+F3fOmv68tuqSUg=","invert bycatch",,,,,,,,,,"77todYjt/jkEGWUHO3SI0BRlGpUHn9Xh",
"6e99e911-e6bc-45d9-8c59-70093764f95c","KONZ_008.basePlot.bet","D06","KONZ","KONZ_008","E","2015-08-31","2015-09-14","2015-09-14","2015-09-18","2015-09-18","KONZ_008.E.20150914","R/i9Sy8FrosUNqbt7EDEEuJWcJHpXAvkAxmO6E8bevo=","carabid","PASCAL","Pasimachus californicus","species",,"Chaudoir",,3,"Teaching collection","wQI+SYME+gr3nKVXMbMGzlxt6VcoOetL","wQI+SYME+gr3nKVXMbMGzlxt6VcoOetL",
"64d941c5-4d32-4884-b6e9-d823f8b5864f","KONZ_008.basePlot.bet","D06","KONZ","KONZ_008","E","2015-08-31","2015-09-14","2015-09-14","2015-09-18","2015-12-03","KONZ_008.E.20150914","R/i9Sy8FrosUNqbt7EDEEpclewRqgzqgSCDgtHU45Hs=","carabid","CARSP14","Carabidae sp.","family",,"Latreille","D06.2015.MorphP",1,"Other","uXSN77Q7x9cACyt+x8PEhxuBjTDRBKZV","wQI+SYME+gr3nKVXMbMGzlxt6VcoOetL","Small, black, cyclotrachelus-like"
"ebdfff79-7413-4418-99ab-def95af78bf3","KONZ_004.basePlot.bet","D06","KONZ","KONZ_004","E","2015-08-31","2015-09-14","2015-09-14","2015-09-17",,"KONZ_004.E.20150914","7tcdU9lcb1jNrE/axflgr+g8j/RtQPbyfbaaXFNRMVg=","invert bycatch",,,,,,,,,,"sk+ncTlknmGlnEtX/xe01ipH6tZVDj7e",
"8ea4060a-669a-40b1-924e-819f4a3eec3a","KONZ_025.basePlot.bet","D06","KONZ","KONZ_025","N","2015-08-31","2015-09-14","2015-09-15","2015-09-18","2015-12-03","KONZ_025.N.20150914","dZsQaO9YC65sGOV0aokX3HMnFLuzCb7G7YwiQowGS4M=","carabid","CARSP14","Carabidae sp.","family",,"Latreille","D06.2015.MorphK",1,"Other","uXSN77Q7x9cACyt+x8PEhxuBjTDRBKZV","77todYjt/jkEGWUHO3SI0BRlGpUHn9Xh","Dark brown overall, light brown edge of pronotum. Pronotum basally punctate. Harpalus sp."
"403d5a4a-76b1-4291-8e57-33bd6c988e35","KONZ_025.basePlot.bet","D06","KONZ","KONZ_025","N","2015-08-31","2015-09-14","2015-09-15","2015-09-18","2015-12-03","KONZ_025.N.20150914","dZsQaO9YC65sGOV0aokX3HMnFLuzCb7GUFkdeyjh3eA=","carabid","CARSP14","Carabidae sp.","family",,"Latreille","D06.2015.MorphD",1,"Other","uXSN77Q7x9cACyt+x8PEhxuBjTDRBKZV","77todYjt/jkEGWUHO3SI0BRlGpUHn9Xh","Dark brown with light brown around the edge of the pronotum. Loxandrus sp."
"8fb8b5c2-fb7c-4343-b795-56663f15d908","KONZ_008.basePlot.bet","D06","KONZ","KONZ_008","N","2015-08-31","2015-09-14","2015-09-14","2015-09-18","2015-12-03","KONZ_008.N.20150914","R/i9Sy8FroutjMTNHNshKd6duQV1yDZQ82P6x+Rksr4=","carabid","CARSP14","Carabidae sp.","family",,"Latreille","D06.2015.MorphF",1,"Other","uXSN77Q7x9cACyt+x8PEhxuBjTDRBKZV","wQI+SYME+gr3nKVXMbMGzlxt6VcoOetL","Black, iridescent when shown in the light. Rainbow reflection. Loxandrus sp."
"4d27b941-fdeb-4573-bbf7-9d86be208d7f","KONZ_001.basePlot.bet","D06","KONZ","KONZ_001","N","2015-08-31","2015-09-14","2015-09-14","2015-09-18",,"KONZ_001.N.20150914","HFNPNHS/o8WJPS01kRqw7XTXujMNmBDhRV6aQaJ54p4=","invert bycatch",,,,,,,,,,"wQI+SYME+gr3nKVXMbMGzlxt6VcoOetL",
"7d569ed6-767c-4ddf-9c29-07ab1abb8d92","KONZ_004.basePlot.bet","D06","KONZ","KONZ_004","N","2015-08-31","2015-09-14","2015-09-14","2015-09-17",,"KONZ_004.N.20150914","7tcdU9lcb1jPbQfubaKjECoUJYBthP9QEJsd0i007xQ=","invert bycatch",,,,,,,,,,"sk+ncTlknmGlnEtX/xe01ipH6tZVDj7e",
"be3b4b4c-2e9e-41d7-8f38-fb0ffe683a62","KONZ_025.basePlot.bet","D06","KONZ","KONZ_025","N","2015-08-31","2015-09-14","2015-09-15","2015-09-18",,"KONZ_025.N.20150914","dZsQaO9YC65sGOV0aokX3P6TLwsZw2m5NB2oHtYS1Zg=","invert bycatch",,,,,,,,,,"77todYjt/jkEGWUHO3SI0BRlGpUHn9Xh",
"3be7ca0a-16d2-4943-8bfb-53ca89c505e1","KONZ_025.basePlot.bet","D06","KONZ","KONZ_025","N","2015-08-31","2015-09-14","2015-09-15","2015-09-18","2015-12-03","KONZ_025.N.20150914","dZsQaO9YC65sGOV0aokX3HMnFLuzCb7GCNJkRO75Sxo=","carabid","CARSP14","Carabidae sp.","family",,"Latreille","D06.2015.MorphF",1,"Other","uXSN77Q7x9cACyt+x8PEhxuBjTDRBKZV","77todYjt/jkEGWUHO3SI0BRlGpUHn9Xh","Black, iridescent when shown in the light. Rainbow reflection. Loxandrus sp."
"431cf907-8f2f-4c72-a11f-f37e7407a74e","KONZ_008.basePlot.bet","D06","KONZ","KONZ_008","N","2015-08-31","2015-09-14","2015-09-14","2015-09-18","2015-12-03","KONZ_008.N.20150914","R/i9Sy8FroutjMTNHNshKd6duQV1yDZQ4QB0p1Urois=","carabid","CARSP14","Carabidae sp.","family",,"Latreille","D06.2015.MorphB",1,"Other","uXSN77Q7x9cACyt+x8PEhxuBjTDRBKZV","wQI+SYME+gr3nKVXMbMGzlxt6VcoOetL","Cyclotrachelus sp. Black oval pronotum. Notches on the posterolateral angles."
"6926a306-b505-4185-889b-5df3e38d45fc","KONZ_008.basePlot.bet","D06","KONZ","KONZ_008","N","2015-08-31","2015-09-14","2015-09-14","2015-09-18","2015-12-03","KONZ_008.N.20150914","R/i9Sy8FroutjMTNHNshKd6duQV1yDZQzFyAskWiq94=","carabid","CARSP14","Carabidae sp.","family",,"Latreille","D06.2015.MorphP",1,"Other","uXSN77Q7x9cACyt+x8PEhxuBjTDRBKZV","wQI+SYME+gr3nKVXMbMGzlxt6VcoOetL","Small, black, cyclotrachelus-like"
"19a74fcc-5fdb-4293-9579-a3b13c5b60ea","KONZ_008.basePlot.bet","D06","KONZ","KONZ_008","N","2015-08-31","2015-09-14","2015-09-14","2015-09-18",,"KONZ_008.N.20150914","R/i9Sy8FroutjMTNHNshKWyKwrUR/v0XNPeXSBc2tvQ=","invert bycatch",,,,,,,,,,"wQI+SYME+gr3nKVXMbMGzlxt6VcoOetL",
"eff867fe-4bf3-47a9-a11f-7cc126855bf0","KONZ_005.basePlot.bet","D06","KONZ","KONZ_005","N","2015-08-31","2015-09-14","2015-09-15","2015-09-18","2015-09-18","KONZ_005.N.20150914","sLTlFxIy7/if1TYE7UtrOYG9Cij/4WpZlJl8Mh2Tf8s=","carabid","PASCAL","Pasimachus californicus","species",,"Chaudoir",,1,"Other","77todYjt/jkEGWUHO3SI0BRlGpUHn9Xh","77todYjt/jkEGWUHO3SI0BRlGpUHn9Xh",
"d631adb8-90fc-4f27-b57e-fd5ced0724a0","KONZ_006.basePlot.bet","D06","KONZ","KONZ_006","N","2015-08-31","2015-09-14","2015-09-15","2015-09-21","2015-09-21","KONZ_006.N.20150914","eO41eOee7nhRvbi34S5VOdxYVe4FSewOwqIK0pewyug=","carabid","PASCAL","Pasimachus californicus","species",,"Chaudoir",,1,"Other","77todYjt/jkEGWUHO3SI0BRlGpUHn9Xh","77todYjt/jkEGWUHO3SI0BRlGpUHn9Xh",
"d015d1d5-58f2-46c0-bd68-55565e9f32b4","KONZ_002.basePlot.bet","D06","KONZ","KONZ_002","N","2015-08-31","2015-09-14","2015-09-14","2015-09-18","2015-12-03","KONZ_002.N.20150914","hd4HYDqAwpL2Wm0+In+Jei1VD3SuRIJ9NSVJPzV9ho0=","carabid","CARSP14","Carabidae sp.","family",,"Latreille","D06.2015.MorphF",1,"Other","uXSN77Q7x9cACyt+x8PEhxuBjTDRBKZV","wQI+SYME+gr3nKVXMbMGzlxt6VcoOetL","Black, iridescent when shown in the light. Rainbow reflection. Loxandrus sp."
"e5b3e56a-309c-4909-a983-bbe66d2cfa7b","KONZ_002.basePlot.bet","D06","KONZ","KONZ_002","N","2015-08-31","2015-09-14","2015-09-14","2015-09-18",,"KONZ_002.N.20150914","hd4HYDqAwpL2Wm0+In+JelrQeKmw/HIgA+RX5Yg09nE=","invert bycatch",,,,,,,,,,"wQI+SYME+gr3nKVXMbMGzlxt6VcoOetL",
"633893ea-dd45-4eae-b0ed-177aa9713147","KONZ_007.basePlot.bet","D06","KONZ","KONZ_007","N","2015-08-31","2015-09-14","2015-09-14","2015-09-18",,"KONZ_007.N.20150914","f11juJKcl7Kn7RrE1HWVPfTk/I3hBEUHUQV93wDaR4c=","invert bycatch",,,,,,,,,,"77todYjt/jkEGWUHO3SI0BRlGpUHn9Xh",
"88b52075-4487-4a34-aa65-ad78549e70e8","KONZ_009.basePlot.bet","D06","KONZ","KONZ_009","N","2015-08-31","2015-09-14","2015-09-15","2015-09-18","2015-12-03","KONZ_009.N.20150914","80BkEGzwD8Z+hvN73eG7CbT9WzLT5VVvhsJEQRmWYWU=","carabid","CARSP14","Carabidae sp.","family",,"Latreille","D06.2015.MorphQ",5,"Other","uXSN77Q7x9cACyt+x8PEhxuBjTDRBKZV","77todYjt/jkEGWUHO3SI0BRlGpUHn9Xh","Smaller, dark brown, cyclotrachelus-like"
"fa069739-e9df-4c49-bf5d-eade7aaf0ee1","KONZ_005.basePlot.bet","D06","KONZ","KONZ_005","N","2015-08-31","2015-09-14","2015-09-15","2015-09-18",,"KONZ_005.N.20150914","sLTlFxIy7/if1TYE7UtrOUY2ujuP3dEvCambHxyP0RA=","invert bycatch",,,,,,,,,,"77todYjt/jkEGWUHO3SI0BRlGpUHn9Xh","All traps from this plot contained carabids and all bycatch from the plot pooled into one single vial."
"f23eca23-ebbe-4594-a130-40ccd2cdda93","KONZ_003.basePlot.bet","D06","KONZ","KONZ_003","N","2015-08-31","2015-09-14","2015-09-15","2015-09-18",,"KONZ_003.N.20150914","KsyoFpuhSbKT5wZId01de1F2UsQg7rqboP63Va3mX2c=","invert bycatch",,,,,,,,,,"sk+ncTlknmGlnEtX/xe01ipH6tZVDj7e",
"ff87de65-51e8-48c2-b40c-d2857c6030ce","KONZ_005.basePlot.bet","D06","KONZ","KONZ_005","N","2015-08-31","2015-09-14","2015-09-15","2015-09-18","2015-09-15","KONZ_005.N.20150914","sLTlFxIy7/if1TYE7UtrOY0SaGpAN5J2aUZbgAZCyHk=","vert bycatch herp","PSEMAC","Pseudacris maculata","species","cf. species","Agassiz",,1,"Other","wQI+SYME+gr3nKVXMbMGzlxt6VcoOetL","77todYjt/jkEGWUHO3SI0BRlGpUHn9Xh",
"137c164e-3b52-4639-bac7-e005f5021fa1","KONZ_009.basePlot.bet","D06","KONZ","KONZ_009","N","2015-08-31","2015-09-14","2015-09-15","2015-09-18","2015-12-03","KONZ_009.N.20150914","80BkEGzwD8Z+hvN73eG7CbT9WzLT5VVvXMpMIlOzqYQ=","carabid","CARSP14","Carabidae sp.","family",,"Latreille","D06.2015.MorphB",3,"Other","uXSN77Q7x9cACyt+x8PEhxuBjTDRBKZV","77todYjt/jkEGWUHO3SI0BRlGpUHn9Xh","Cyclotrachelus sp. Black oval pronotum. Notches on the posterolateral angles."
"f1c37ef2-00b1-42a8-96fd-4820da2f3944","KONZ_009.basePlot.bet","D06","KONZ","KONZ_009","N","2015-08-31","2015-09-14","2015-09-15","2015-09-18","2015-12-03","KONZ_009.N.20150914","80BkEGzwD8Z+hvN73eG7CbT9WzLT5VVvDlCAIhLvJRk=","carabid","CARSP14","Carabidae sp.","family",,"Latreille","D06.2015.MorphF",7,"Other","uXSN77Q7x9cACyt+x8PEhxuBjTDRBKZV","77todYjt/jkEGWUHO3SI0BRlGpUHn9Xh","Black, iridescent when shown in the light. Rainbow reflection. Loxandrus sp."
"97524d77-9745-4a2f-b081-c2fa83ddefd8","KONZ_009.basePlot.bet","D06","KONZ","KONZ_009","N","2015-08-31","2015-09-14","2015-09-15","2015-09-18",,"KONZ_009.N.20150914","80BkEGzwD8Z+hvN73eG7CUZNQ9jP1TsHn4crilLMdzc=","invert bycatch",,,,,,,,,,"77todYjt/jkEGWUHO3SI0BRlGpUHn9Xh",
"689d0a42-443a-4421-9840-e5723f813a03","KONZ_001.basePlot.bet","D06","KONZ","KONZ_001","S","2015-08-31","2015-09-14","2015-09-14","2015-09-18",,"KONZ_001.S.20150914","HFNPNHS/o8WJvvi4WMrVYKS5SgG437oq0QvEEtDFlB0=","invert bycatch",,,,,,,,,,"wQI+SYME+gr3nKVXMbMGzlxt6VcoOetL",
"58d16fe1-0f8e-4fc3-b5db-54095cc09cbd","KONZ_004.basePlot.bet","D06","KONZ","KONZ_004","S","2015-08-31","2015-09-14","2015-09-14","2015-09-17","2015-12-03","KONZ_004.S.20150914","7tcdU9lcb1g/QIl0ftjeGJYGXsAhzjUxqyBIt2a6hjI=","carabid","CARSP14","Carabidae sp.","family",,"Latreille","D06.2015.MorphZ",3,"Other","uXSN77Q7x9cACyt+x8PEhxuBjTDRBKZV","sk+ncTlknmGlnEtX/xe01ipH6tZVDj7e","(~1/2 inch) Black beetle| edges of pronotum and legs dark brown. Squared pronotum, very round looking body."
"5167de9b-9360-4b48-a332-bd8240ac2d3c","KONZ_009.basePlot.bet","D06","KONZ","KONZ_009","S","2015-08-31","2015-09-14","2015-09-15","2015-09-18","2015-12-03","KONZ_009.S.20150914","80BkEGzwD8Zt4jjPLC/BH4EbkSqNZFTId1gei4SbnYo=","carabid","CARSP14","Carabidae sp.","family",,"Latreille","D06.2015.MorphP",1,"Other","uXSN77Q7x9cACyt+x8PEhxuBjTDRBKZV","77todYjt/jkEGWUHO3SI0BRlGpUHn9Xh","Small, black, cyclotrachelus-like"
"8f015875-b516-4bc5-b848-4b45dd6cb33c","KONZ_009.basePlot.bet","D06","KONZ","KONZ_009","S","2015-08-31","2015-09-14","2015-09-15","2015-09-18","2015-12-03","KONZ_009.S.20150914","80BkEGzwD8Zt4jjPLC/BH4EbkSqNZFTIGCd7/MQ2HHg=","carabid","CARSP14","Carabidae sp.","family",,"Latreille","D06.2015.MorphB",1,"Other","uXSN77Q7x9cACyt+x8PEhxuBjTDRBKZV","77todYjt/jkEGWUHO3SI0BRlGpUHn9Xh","Cyclotrachelus sp. Black oval pronotum. Notches on the posterolateral angles."
"a04a0441-5848-4543-8a41-c7626c0f5fdd","KONZ_009.basePlot.bet","D06","KONZ","KONZ_009","S","2015-08-31","2015-09-14","2015-09-15","2015-09-18",,"KONZ_009.S.20150914","80BkEGzwD8Zt4jjPLC/BH0Qql+jE7ZVwONjkoFfxNNU=","invert bycatch",,,,,,,,,,"77todYjt/jkEGWUHO3SI0BRlGpUHn9Xh",
"67616c29-4e5d-43f8-8785-2e1a86a1609e","KONZ_005.basePlot.bet","D06","KONZ","KONZ_005","S","2015-08-31","2015-09-14","2015-09-15","2015-09-18","2015-12-03","KONZ_005.S.20150914","sLTlFxIy7/g0zvwXmK6S+U75OXtyeuXJr/KU4iaWMFo=","carabid","CARSP14","Carabidae sp.","family",,"Latreille","D06.2015.MorphK",1,"Other","uXSN77Q7x9cACyt+x8PEhxuBjTDRBKZV","77todYjt/jkEGWUHO3SI0BRlGpUHn9Xh","Dark brown overall, light brown edge of pronotum. Pronotum basally punctate. Harpalus sp."
"71099187-5c90-4813-9d77-0a2194d61073","KONZ_003.basePlot.bet","D06","KONZ","KONZ_003","S","2015-08-31","2015-09-14","2015-09-15","2015-09-18",,"KONZ_003.S.20150914","KsyoFpuhSbIUChjZYg957EASXf4VdQbuyz8xAQ9k7CY=","invert bycatch",,,,,,,,,,"sk+ncTlknmGlnEtX/xe01ipH6tZVDj7e",
"d1794317-46e9-4ca2-a9f4-687252aa9a86","KONZ_005.basePlot.bet","D06","KONZ","KONZ_005","S","2015-08-31","2015-09-14","2015-09-15","2015-09-18","2015-12-03","KONZ_005.S.20150914","sLTlFxIy7/g0zvwXmK6S+U75OXtyeuXJtPBKtaEGyoE=","carabid","CARSP14","Carabidae sp.","family",,"Latreille","D06.2015.MorphD",1,"Other","uXSN77Q7x9cACyt+x8PEhxuBjTDRBKZV","77todYjt/jkEGWUHO3SI0BRlGpUHn9Xh","Dark brown with light brown around the edge of the pronotum. Loxandrus sp."
"e68c72d4-6ed1-48da-8cbf-d95f62bcbe96","KONZ_006.basePlot.bet","D06","KONZ","KONZ_006","S","2015-08-31","2015-09-14","2015-09-15","2015-09-21","2015-12-03","KONZ_006.S.20150914","eO41eOee7nj3AyWZUK6dxnEKousRoYzSrC0qr+GhtIE=","carabid","CARSP14","Carabidae sp.","family",,"Latreille","D06.2015.MorphD",1,"Other","uXSN77Q7x9cACyt+x8PEhxuBjTDRBKZV","77todYjt/jkEGWUHO3SI0BRlGpUHn9Xh","Dark brown with light brown around the edge of the pronotum. Loxandrus sp."
"bbad6c22-9419-44d4-b345-e02b6cc57b70","KONZ_005.basePlot.bet","D06","KONZ","KONZ_005","S","2015-08-31","2015-09-14","2015-09-15","2015-09-18","2015-09-18","KONZ_005.S.20150914","sLTlFxIy7/g0zvwXmK6S+U75OXtyeuXJvux576s7VBU=","carabid","CARSP14","Carabidae sp.","family",,"Latreille","D06.2015.MorphB",5,"Other","77todYjt/jkEGWUHO3SI0BRlGpUHn9Xh","77todYjt/jkEGWUHO3SI0BRlGpUHn9Xh","Cyclotrachelus sp. Black oval pronotum. Notches on the posterolateral angles."
"7266eb0a-edeb-410a-9619-52085fcc7fdf","KONZ_006.basePlot.bet","D06","KONZ","KONZ_006","S","2015-08-31","2015-09-14","2015-09-15","2015-09-21",,"KONZ_006.S.20150914","eO41eOee7nj3AyWZUK6dxkbr6RNxds851v61jck9SQ0=","invert bycatch",,,,,,,,,,"77todYjt/jkEGWUHO3SI0BRlGpUHn9Xh",
"17211d41-f373-4b4b-a708-54b521df1bf7","KONZ_006.basePlot.bet","D06","KONZ","KONZ_006","S","2015-08-31","2015-09-14","2015-09-15","2015-09-21","2015-12-03","KONZ_006.S.20150914","eO41eOee7nj3AyWZUK6dxnEKousRoYzSMxhAOnb0ACM=","carabid","CARSP14","Carabidae sp.","family",,"Latreille","D06.2015.MorphF",1,"Other","uXSN77Q7x9cACyt+x8PEhxuBjTDRBKZV","77todYjt/jkEGWUHO3SI0BRlGpUHn9Xh","Black, iridescent when shown in the light. Rainbow reflection. Loxandrus sp."
"5c0a67cf-a324-4621-800a-d1db38b1d38d","KONZ_002.basePlot.bet","D06","KONZ","KONZ_002","S","2015-08-31","2015-09-14","2015-09-14","2015-09-18",,"KONZ_002.S.20150914","hd4HYDqAwpJsaq0r6a2LBInYe0KCHT/BVhVooYaTH2M=","invert bycatch",,,,,,,,,,"wQI+SYME+gr3nKVXMbMGzlxt6VcoOetL",
"adbc02dc-75ae-4386-9be0-09e2a868b93a","KONZ_002.basePlot.bet","D06","KONZ","KONZ_002","S","2015-08-31","2015-09-14","2015-09-14","2015-09-18","2015-12-03","KONZ_002.S.20150914","hd4HYDqAwpJsaq0r6a2LBL/NMc0XgyCzr276tiJkO68=","carabid","CARSP14","Carabidae sp.","family",,"Latreille","D06.2015.MorphP",1,"Other","uXSN77Q7x9cACyt+x8PEhxuBjTDRBKZV","wQI+SYME+gr3nKVXMbMGzlxt6VcoOetL","Small, black, cyclotrachelus-like"
"cd44eb17-3faf-425e-a458-68db9579bfa1","KONZ_007.basePlot.bet","D06","KONZ","KONZ_007","S","2015-08-31","2015-09-14","2015-09-14","2015-09-18",,"KONZ_007.S.20150914","f11juJKcl7KitB47Ycg3OWRoeut7idFJDa2PM4hw7P0=","invert bycatch",,,,,,,,,,"77todYjt/jkEGWUHO3SI0BRlGpUHn9Xh",
"490c3ec7-0602-4059-95ea-2608d7ecb923","KONZ_008.basePlot.bet","D06","KONZ","KONZ_008","S","2015-08-31","2015-09-14","2015-09-14","2015-09-18","2015-12-03","KONZ_008.S.20150914","R/i9Sy8Froum124ywlVYUMGniMTkQl4woi+VduUsjuw=","carabid","CARSP14","Carabidae sp.","family",,"Latreille","D06.2015.MorphD",9,"Other","uXSN77Q7x9cACyt+x8PEhxuBjTDRBKZV","wQI+SYME+gr3nKVXMbMGzlxt6VcoOetL","Dark brown with light brown around the edge of the pronotum. Loxandrus sp."
"290f3bd6-7658-44d8-a8ad-d2b82bc22e9b","KONZ_008.basePlot.bet","D06","KONZ","KONZ_008","S","2015-08-31","2015-09-14","2015-09-14","2015-09-18",,"KONZ_008.S.20150914","R/i9Sy8Froum124ywlVYUMP87gXSSocGjG8EeQzgTSQ=","invert bycatch",,,,,,,,,,"wQI+SYME+gr3nKVXMbMGzlxt6VcoOetL",
"93fdc39a-9e24-4bf9-8fd1-f8e6b8aadd2b","KONZ_004.basePlot.bet","D06","KONZ","KONZ_004","S","2015-08-31","2015-09-14","2015-09-14","2015-09-17",,"KONZ_004.S.20150914","7tcdU9lcb1g/QIl0ftjeGIixdW4h+tvSugxHhOOfDNc=","invert bycatch",,,,,,,,,,"sk+ncTlknmGlnEtX/xe01ipH6tZVDj7e",
