uid,namedLocation,domainID,siteID,plotID,trapID,setDate,collectDate,processingDate,identifiedDate,subsampleID,individualID,taxonID,scientificName,taxonRank,identificationQualifier,scientificNameAuthorship,morphospeciesID,identificationReferences,totalLength,identifiedBy,recordedBy,remarks
"4a367b23-95e6-44c8-8c72-5608a6532e5d","BLAN_007.basePlot.bet","D02","BLAN","BLAN_007","E","2015-04-30","2015-05-14","2016-04-19","2015-06-19","bSFRDFDJGfyH7CX1vhlSl/qVpSJImLgFpRSuE192Cwc=","NEON.BET.D02.002394","DICAMB","Dicaelus ambiguus","species",,"LaFerte-Senectere",,"Ciegler, J. C. 2000. Ground beetles and wrinkled bark beetles of South Carolina (Coleoptera: Geadephaga: Carabidae and Rhysodidae). Biota of South Carolina. Vol. 1. Clemson, S. Clemson University.",,"wYCqaZcA+7tKZqVSOMaNBCcRKvQIOBzP","wYCqaZcA+7tKZqVSOMaNBCcRKvQIOBzP",
"2d4f3ead-95eb-47d4-abdd-b4d22cd7fcc3","BLAN_002.basePlot.bet","D02","BLAN","BLAN_002","E","2015-04-30","2015-05-14","2016-04-21","2015-10-26","pAIsJl1bu+EhoVbsGjTwWrr8Iw7j9v+X/sdJ2SNt0OY=","NEON.BET.D02.002417","ANIOVU","Anisodactylus ovularis","species",,"Casey",,"Noonan, G. R. 1973. The Anisodactylines (Insecta: Coleoptera: Carabidae: Harpalini): classification, evolution and zoogeography. Quaestiones Entomologicae 9:266-480.",,"wYCqaZcA+7tKZqVSOMaNBCcRKvQIOBzP","wYCqaZcA+7tKZqVSOMaNBCcRKvQIOBzP",
"e04c48e5-a46b-4d34-820e-860fb5c84e80","BLAN_007.basePlot.bet","D02","BLAN","BLAN_007","E","2015-04-30","2015-05-14","2016-04-19","2015-06-19","bSFRDFDJGfyH7CX1vhlSl8/U1uYAGJW28EzEjWpSuio=","NEON.BET.D02.002354","CHLAES","Chlaenius aestivus","species",,"Say",,"Ciegler, J. C. 2000. Ground beetles and wrinkled bark beetles of South Carolina (Coleoptera: Geadephaga: Carabidae and Rhysodidae). Biota of South Carolina. Vol. 1. Clemson, S. Clemson University.",,"wYCqaZcA+7tKZqVSOMaNBCcRKvQIOBzP","wYCqaZcA+7tKZqVSOMaNBCcRKvQIOBzP",
"23b72699-ea06-4e11-a1a9-3e1a29cb6f04","BLAN_007.basePlot.bet","D02","BLAN","BLAN_007","E","2015-04-30","2015-05-14","2016-04-21","2015-06-19","bSFRDFDJGfyH7CX1vhlSl+Q0KjIeqj3i9/i2xRJtil4=","NEON.BET.D02.002529","PLADEC","Platynus decentis","species",,"Say",,"Bousquet, Y. 2010b. Illustrated Identification Guide to Adults and Larvae of Northeastern North American Ground Beetles (Coleoptera: Carabidae). 1st Ed. Pensoft Publishers, Sofia, Bulgaria.",,"wYCqaZcA+7tKZqVSOMaNBCcRKvQIOBzP","wYCqaZcA+7tKZqVSOMaNBCcRKvQIOBzP",
"67ab78d4-dffd-47be-b2f3-77926b2f99d5","BLAN_007.basePlot.bet","D02","BLAN","BLAN_007","E","2015-04-30","2015-05-14","2016-04-18","2015-06-19","bSFRDFDJGfyH7CX1vhlSl3EEqJnGZTb3RfeQvDs06Sc=","NEON.BET.D02.002065","PTETRI1","Pterostichus trinarius","species",,"Casey",,"Lindroth, C. H. 1969. The ground-beetles (Carabidae, excl. Cicindelinae) of Canada and Alaska, parts 1-6. Opuscula E. Entomoligiska Sallskapet.",,"wYCqaZcA+7tKZqVSOMaNBCcRKvQIOBzP","wYCqaZcA+7tKZqVSOMaNBCcRKvQIOBzP",
"b2c07f50-0df9-4453-b47f-aea4f33badec","BLAN_009.basePlot.bet","D02","BLAN","BLAN_009","E","2015-04-30","2015-05-14","2016-04-18","2015-06-17","7TKpA4ipJZDyHyTXy7ZdZz3wJ4MM4R1lPdZHEwNntfs=","NEON.BET.D02.002076","PTETRI1","Pterostichus trinarius","species",,"Casey",,"Lindroth, C. H. 1969. The ground-beetles (Carabidae, excl. Cicindelinae) of Canada and Alaska, parts 1-6. Opuscula E. Entomoligiska Sallskapet.",,"wYCqaZcA+7tKZqVSOMaNBCcRKvQIOBzP","wYCqaZcA+7tKZqVSOMaNBCcRKvQIOBzP",
"9749273f-5bbf-4c99-aabe-f168ba656a6d","BLAN_007.basePlot.bet","D02","BLAN","BLAN_007","E","2015-04-30","2015-05-14","2016-04-18","2015-06-19","bSFRDFDJGfyH7CX1vhlSl3EEqJnGZTb3RfeQvDs06Sc=","NEON.BET.D02.002067","PTETRI1","Pterostichus trinarius","species",,"Casey",,"Lindroth, C. H. 1969. The ground-beetles (Carabidae, excl. Cicindelinae) of Canada and Alaska, parts 1-6. Opuscula E. Entomoligiska Sallskapet.",,"wYCqaZcA+7tKZqVSOMaNBCcRKvQIOBzP","wYCqaZcA+7tKZqVSOMaNBCcRKvQIOBzP",
"0a25ed51-dc53-49bc-afb6-1ab8f34fe6f9","BLAN_007.basePlot.bet","D02","BLAN","BLAN_007","E","2015-04-30","2015-05-14","2016-04-18","2015-06-19","bSFRDFDJGfyH7CX1vhlSl3EEqJnGZTb3RfeQvDs06Sc=","NEON.BET.D02.002066","PTETRI1","Pterostichus trinarius","species",,"Casey",,"Lindroth, C. H. 1969. The ground-beetles (Carabidae, excl. Cicindelinae) of Canada and Alaska, parts 1-6. Opuscula E. Entomoligiska Sallskapet.",,"wYCqaZcA+7tKZqVSOMaNBCcRKvQIOBzP","wYCqaZcA+7tKZqVSOMaNBCcRKvQIOBzP",
"6e442cb3-3e92-4c45-9446-2ef262c73498","BLAN_006.basePlot.bet","D02","BLAN","BLAN_006","E","2015-04-30","2015-05-14","2016-04-19","2015-06-08","YPnoadCppCw/xFNAB855mYgh05P6ssSOhm5Saijub+4=","NEON.BET.D02.002233","CYCFUR","Cyclotrachelus furtivus","species",,"LeConte",,"Freitag, R. 1969. A revision of the species of the genus Evarthrus LeConte. Quaestiones Entomologicae 5:89-212.",,"wYCqaZcA+7tKZqVSOMaNBCcRKvQIOBzP","wYCqaZcA+7tKZqVSOMaNBCcRKvQIOBzP",
"f7ead2cb-e329-4abc-84f7-8dc3fd069437","BLAN_001.basePlot.bet","D02","BLAN","BLAN_001","E","2015-04-30","2015-05-14","2016-04-18","2015-06-22","snBNH0r8Ie27sIQ3i0ssVgI8OxAN0ZMsE2xMx2eGFqs=","NEON.BET.D02.002127","PTEMUT2","Pterostichus mutus","species",,"Say",,"Bousquet, Y. 2010b. Illustrated Identification Guide to Adults and Larvae of Northeastern North American Ground Beetles (Coleoptera: Carabidae). 1st Ed. Pensoft Publishers, Sofia, Bulgaria.",,"wYCqaZcA+7tKZqVSOMaNBCcRKvQIOBzP","wYCqaZcA+7tKZqVSOMaNBCcRKvQIOBzP",
"79687bb2-c355-4bcb-af00-5467c1429954","BLAN_009.basePlot.bet","D02","BLAN","BLAN_009","E","2015-04-30","2015-05-14","2016-04-18","2015-06-17","7TKpA4ipJZDyHyTXy7ZdZz3wJ4MM4R1lPdZHEwNntfs=","NEON.BET.D02.002077","PTETRI1","Pterostichus trinarius","species",,"Casey",,"Lindroth, C. H. 1969. The ground-beetles (Carabidae, excl. Cicindelinae) of Canada and Alaska, parts 1-6. Opuscula E. Entomoligiska Sallskapet.",,"wYCqaZcA+7tKZqVSOMaNBCcRKvQIOBzP","wYCqaZcA+7tKZqVSOMaNBCcRKvQIOBzP",
"9564aec6-db3b-45b1-babf-21094e978bb4","BLAN_009.basePlot.bet","D02","BLAN","BLAN_009","N","2015-04-30","2015-05-14","2016-04-19","2015-06-17","7TKpA4ipJZDLqKPO2y3Gpkg+FlE6rmqDNUEEcyBFWpk=","NEON.BET.D02.002229","CYCFUR","Cyclotrachelus furtivus","species",,"LeConte",,"Freitag, R. 1969. A revision of the species of the genus Evarthrus LeConte. Quaestiones Entomologicae 5:89-212.",,"wYCqaZcA+7tKZqVSOMaNBCcRKvQIOBzP","wYCqaZcA+7tKZqVSOMaNBCcRKvQIOBzP",
"95bc50fa-d90b-4499-a194-b359b8491f31","BLAN_011.basePlot.bet","D02","BLAN","BLAN_011","N","2015-04-30","2015-05-14","2016-04-18","2015-06-22","N4JQ3RFWht3sbbIawXLCq4f46mekFxDuslohbQN3GvA=","NEON.BET.D02.002084","PTETRI1","Pterostichus trinarius","species",,"Casey",,"Lindroth, C. H. 1969. The ground-beetles (Carabidae, excl. Cicindelinae) of Canada and Alaska, parts 1-6. Opuscula E. Entomoligiska Sallskapet.",,"wYCqaZcA+7tKZqVSOMaNBCcRKvQIOBzP","wYCqaZcA+7tKZqVSOMaNBCcRKvQIOBzP",
"fc3c48eb-ca19-413a-a8aa-e1f6f57ddfe0","BLAN_011.basePlot.bet","D02","BLAN","BLAN_011","N","2015-04-30","2015-05-14","2016-04-18","2015-06-22","N4JQ3RFWht3sbbIawXLCq4f46mekFxDuslohbQN3GvA=","NEON.BET.D02.002082","PTETRI1","Pterostichus trinarius","species",,"Casey",,"Lindroth, C. H. 1969. The ground-beetles (Carabidae, excl. Cicindelinae) of Canada and Alaska, parts 1-6. Opuscula E. Entomoligiska Sallskapet.",,"wYCqaZcA+7tKZqVSOMaNBCcRKvQIOBzP","wYCqaZcA+7tKZqVSOMaNBCcRKvQIOBzP",
"2a891304-dd14-49b5-8df9-c95b127c4b89","BLAN_007.basePlot.bet","D02","BLAN","BLAN_007","N","2015-04-30","2015-05-14","2016-04-18","2015-06-19","bSFRDFDJGfytG99/VH38tFdg7E/edSiXOc2+s9tE1po=","NEON.BET.D02.002063","PTETRI1","Pterostichus trinarius","species",,"Casey",,"Lindroth, C. H. 1969. The ground-beetles (Carabidae, excl. Cicindelinae) of Canada and Alaska, parts 1-6. Opuscula E. Entomoligiska Sallskapet.",,"wYCqaZcA+7tKZqVSOMaNBCcRKvQIOBzP","wYCqaZcA+7tKZqVSOMaNBCcRKvQIOBzP",
"88263aa6-d20c-407f-b620-13fa6939cb6b","BLAN_005.basePlot.bet","D02","BLAN","BLAN_005","N","2015-04-30","2015-05-14","2016-04-11","2015-10-24","z8g4o9caFRMjyse/PCVBHJt09f1UbRH0h5/DwV+BlcY=","NEON.BET.D02.002033","TACPOT","Tachys potomaca","species",,"Erwin",,"Erwin, T.L. 1981 Natural History of Plummers Island, Maryland. XXVI. The Ground Beetles of a Temperate Forest Site: An Analysis of Fauna in Relation to Size, Habitat Selection, Vagility, Seasonality, and Extinction. Bull Biol Soc Washington, 5, 105-224.",,"wYCqaZcA+7tKZqVSOMaNBCcRKvQIOBzP","ena7GLJui5s1h8moQAQPw3Qj2+mVdivS",
"846d32e1-5a59-4216-9901-9063267e5445","BLAN_009.basePlot.bet","D02","BLAN","BLAN_009","N","2015-04-30","2015-05-14","2016-04-19","2015-06-17","7TKpA4ipJZDLqKPO2y3Gpkg+FlE6rmqDNUEEcyBFWpk=","NEON.BET.D02.002230","CYCFUR","Cyclotrachelus furtivus","species",,"LeConte",,"Freitag, R. 1969. A revision of the species of the genus Evarthrus LeConte. Quaestiones Entomologicae 5:89-212.",,"wYCqaZcA+7tKZqVSOMaNBCcRKvQIOBzP","wYCqaZcA+7tKZqVSOMaNBCcRKvQIOBzP",
"4fdb9d5f-7621-462f-8a3d-1c75c0852a04","BLAN_009.basePlot.bet","D02","BLAN","BLAN_009","N","2015-04-30","2015-05-14","2016-04-19","2015-06-17","7TKpA4ipJZDLqKPO2y3Gpkg+FlE6rmqDNUEEcyBFWpk=","NEON.BET.D02.002228","CYCFUR","Cyclotrachelus furtivus","species",,"LeConte",,"Freitag, R. 1969. A revision of the species of the genus Evarthrus LeConte. Quaestiones Entomologicae 5:89-212.",,"wYCqaZcA+7tKZqVSOMaNBCcRKvQIOBzP","wYCqaZcA+7tKZqVSOMaNBCcRKvQIOBzP",
"303ea1b0-2a48-4a5a-b6a4-928dc5be2251","BLAN_011.basePlot.bet","D02","BLAN","BLAN_011","N","2015-04-30","2015-05-14","2016-04-18","2015-06-22","N4JQ3RFWht3sbbIawXLCq4f46mekFxDuslohbQN3GvA=","NEON.BET.D02.002083","PTETRI1","Pterostichus trinarius","species",,"Casey",,"Lindroth, C. H. 1969. The ground-beetles (Carabidae, excl. Cicindelinae) of Canada and Alaska, parts 1-6. Opuscula E. Entomoligiska Sallskapet.",,"wYCqaZcA+7tKZqVSOMaNBCcRKvQIOBzP","wYCqaZcA+7tKZqVSOMaNBCcRKvQIOBzP",
"90864ff9-519f-4869-bcdf-5863949d250c","BLAN_012.basePlot.bet","D02","BLAN","BLAN_012","N","2015-04-30","2015-05-14","2016-04-18","2015-06-22","J0lvmfNn/ffePszKztR5ZPKEFT9m/bYfZe4AOPW+Oxc=","NEON.BET.D02.002085","PTETRI1","Pterostichus trinarius","species",,"Casey",,"Lindroth, C. H. 1969. The ground-beetles (Carabidae, excl. Cicindelinae) of Canada and Alaska, parts 1-6. Opuscula E. Entomoligiska Sallskapet.",,"wYCqaZcA+7tKZqVSOMaNBCcRKvQIOBzP","wYCqaZcA+7tKZqVSOMaNBCcRKvQIOBzP",
"be35499a-1604-4546-ab50-294fca78a417","BLAN_009.basePlot.bet","D02","BLAN","BLAN_009","N","2015-04-30","2015-05-14","2016-04-18","2015-06-17","7TKpA4ipJZDLqKPO2y3GpnRdqFoCp4LYXZGYlgvo5XY=","NEON.BET.D02.002075","PTETRI1","Pterostichus trinarius","species",,"Casey",,"Lindroth, C. H. 1969. The ground-beetles (Carabidae, excl. Cicindelinae) of Canada and Alaska, parts 1-6. Opuscula E. Entomoligiska Sallskapet.",,"wYCqaZcA+7tKZqVSOMaNBCcRKvQIOBzP","wYCqaZcA+7tKZqVSOMaNBCcRKvQIOBzP",
"470056cc-7d6e-44da-9d3a-cb4d82e1b62d","BLAN_012.basePlot.bet","D02","BLAN","BLAN_012","N","2015-04-30","2015-05-14","2016-04-19","2015-06-22","J0lvmfNn/ffePszKztR5ZP9eyJVR4BTflDMHfaTwbOE=","NEON.BET.D02.002234","CYCFUR","Cyclotrachelus furtivus","species",,"LeConte",,"Freitag, R. 1969. A revision of the species of the genus Evarthrus LeConte. Quaestiones Entomologicae 5:89-212.",,"wYCqaZcA+7tKZqVSOMaNBCcRKvQIOBzP","wYCqaZcA+7tKZqVSOMaNBCcRKvQIOBzP",
"f50c98c8-a406-444a-ad68-43620475c390","BLAN_009.basePlot.bet","D02","BLAN","BLAN_009","N","2015-04-30","2015-05-14","2016-04-18","2015-06-17","7TKpA4ipJZDLqKPO2y3GpnRdqFoCp4LYXZGYlgvo5XY=","NEON.BET.D02.002074","PTETRI1","Pterostichus trinarius","species",,"Casey",,"Lindroth, C. H. 1969. The ground-beetles (Carabidae, excl. Cicindelinae) of Canada and Alaska, parts 1-6. Opuscula E. Entomoligiska Sallskapet.",,"wYCqaZcA+7tKZqVSOMaNBCcRKvQIOBzP","wYCqaZcA+7tKZqVSOMaNBCcRKvQIOBzP",
"f6c8a7f3-b887-4f72-9187-66d404a33370","BLAN_007.basePlot.bet","D02","BLAN","BLAN_007","S","2015-04-30","2015-05-14","2016-04-19","2015-06-19","bSFRDFDJGfxVcvZJvv+ISrNpoYBcZYM/7lYwzs8XvYA=","NEON.BET.D02.002393","DICAMB","Dicaelus ambiguus","species",,"LaFerte-Senectere",,"Ciegler, J. C. 2000. Ground beetles and wrinkled bark beetles of South Carolina (Coleoptera: Geadephaga: Carabidae and Rhysodidae). Biota of South Carolina. Vol. 1. Clemson, S. Clemson University.",,"wYCqaZcA+7tKZqVSOMaNBCcRKvQIOBzP","wYCqaZcA+7tKZqVSOMaNBCcRKvQIOBzP",
"77a35b36-38ef-4a54-8b7f-f0ff567215cc","BLAN_001.basePlot.bet","D02","BLAN","BLAN_001","S","2015-04-30","2015-05-14","2016-04-19","2015-06-22","snBNH0r8Ie3oU3fy7HbdkUEb+1LA7nxMiuiW5qnyZwE=","NEON.BET.D02.002353","CHLAES","Chlaenius aestivus","species",,"Say",,"Ciegler, J. C. 2000. Ground beetles and wrinkled bark beetles of South Carolina (Coleoptera: Geadephaga: Carabidae and Rhysodidae). Biota of South Carolina. Vol. 1. Clemson, S. Clemson University.",,"vEBCcEQSSh8r9pJtyJMpi8WPWOrf6mR2","wYCqaZcA+7tKZqVSOMaNBCcRKvQIOBzP",
"0fdb2d8c-7507-4348-9664-39a39b767b9d","BLAN_011.basePlot.bet","D02","BLAN","BLAN_011","S","2015-04-30","2015-05-14","2016-04-18","2015-06-22","N4JQ3RFWht13HHHMMMID0foooSVVYxJJhJPFzGmCgg8=","NEON.BET.D02.002080","PTETRI1","Pterostichus trinarius","species",,"Casey",,"Lindroth, C. H. 1969. The ground-beetles (Carabidae, excl. Cicindelinae) of Canada and Alaska, parts 1-6. Opuscula E. Entomoligiska Sallskapet.",,"wYCqaZcA+7tKZqVSOMaNBCcRKvQIOBzP","wYCqaZcA+7tKZqVSOMaNBCcRKvQIOBzP",
"2bade742-c843-4a6d-8ccb-a27c6cb51da7","BLAN_011.basePlot.bet","D02","BLAN","BLAN_011","S","2015-04-30","2015-05-14","2016-04-18","2015-06-22","N4JQ3RFWht13HHHMMMID0foooSVVYxJJhJPFzGmCgg8=","NEON.BET.D02.002078","PTETRI1","Pterostichus trinarius","species",,"Casey",,"Lindroth, C. H. 1969. The ground-beetles (Carabidae, excl. Cicindelinae) of Canada and Alaska, parts 1-6. Opuscula E. Entomoligiska Sallskapet.",,"wYCqaZcA+7tKZqVSOMaNBCcRKvQIOBzP","wYCqaZcA+7tKZqVSOMaNBCcRKvQIOBzP",
"f7b03f79-83cd-4031-858d-0cee0f6dcdfd","BLAN_007.basePlot.bet","D02","BLAN","BLAN_007","S","2015-04-30","2015-05-14","2016-04-11","2015-06-19","bSFRDFDJGfxVcvZJvv+ISkug9Upcc9gg6LvF9TGCGOA=","NEON.BET.D02.001975","NOTAEN","Notiophilus aeneus","species",,"Herbst",,"Bousquet, Y. 2010b. Illustrated Identification Guide to Adults and Larvae of Northeastern North American Ground Beetles (Coleoptera: Carabidae). 1st Ed. Pensoft Publishers, Sofia, Bulgaria.",,"wYCqaZcA+7tKZqVSOMaNBCcRKvQIOBzP","ena7GLJui5s1h8moQAQPw3Qj2+mVdivS",
"b5870df8-0dbd-4429-88a2-86395de9c54d","BLAN_004.basePlot.bet","D02","BLAN","BLAN_004","S","2015-04-30","2015-05-14","2016-04-18","2015-06-19","zD/pbYGBt/CNI35fc9ji9O0pUbiRcLB9UImATbWNjfg=","NEON.BET.D02.002036","POELUC","Poecilus lucublandus","species",,"Say",,"Ciegler, J. C. 2000. Ground beetles and wrinkled bark beetles of South Carolina (Coleoptera: Geadephaga: Carabidae and Rhysodidae). Biota of South Carolina. Vol. 1. Clemson, S. Clemson University.",,"wYCqaZcA+7tKZqVSOMaNBCcRKvQIOBzP","wYCqaZcA+7tKZqVSOMaNBCcRKvQIOBzP",
"80a4ad32-03b0-4952-803b-51705739676a","BLAN_012.basePlot.bet","D02","BLAN","BLAN_012","S","2015-04-30","2015-05-14","2016-04-19","2015-06-22","J0lvmfNn/fcMLVBNGhCcXPL3EKrEzFemLx6aczwWN7M=","NEON.BET.D02.002235","CYCFUR","Cyclotrachelus furtivus","species",,"LeConte",,"Freitag, R. 1969. A revision of the species of the genus Evarthrus LeConte. Quaestiones Entomologicae 5:89-212.",,"wYCqaZcA+7tKZqVSOMaNBCcRKvQIOBzP","wYCqaZcA+7tKZqVSOMaNBCcRKvQIOBzP",
"e423e9c1-e252-41d8-8e65-4f954cce855e","BLAN_009.basePlot.bet","D02","BLAN","BLAN_009","S","2015-04-30","2015-05-14","2016-04-19","2015-06-17","7TKpA4ipJZD/eLeUcyr09Xr8+JnnutxWNqqMSwt/Erc=","NEON.BET.D02.002227","CYCFUR","Cyclotrachelus furtivus","species",,"LeConte",,"Freitag, R. 1969. A revision of the species of the genus Evarthrus LeConte. Quaestiones Entomologicae 5:89-212.",,"wYCqaZcA+7tKZqVSOMaNBCcRKvQIOBzP","wYCqaZcA+7tKZqVSOMaNBCcRKvQIOBzP",
"ef311d00-8060-4f63-99c8-50ada0a47384","BLAN_007.basePlot.bet","D02","BLAN","BLAN_007","S","2015-04-30","2015-05-14","2016-04-18","2015-06-19","bSFRDFDJGfxVcvZJvv+ISswRt0vJAIASDTUuBU0jUzg=","NEON.BET.D02.002064","PTETRI1","Pterostichus trinarius","species",,"Casey",,"Lindroth, C. H. 1969. The ground-beetles (Carabidae, excl. Cicindelinae) of Canada and Alaska, parts 1-6. Opuscula E. Entomoligiska Sallskapet.",,"wYCqaZcA+7tKZqVSOMaNBCcRKvQIOBzP","wYCqaZcA+7tKZqVSOMaNBCcRKvQIOBzP",
"7a6927e2-399c-4640-bee4-7e1356c08443","BLAN_009.basePlot.bet","D02","BLAN","BLAN_009","S","2015-04-30","2015-05-14","2016-04-18","2015-06-17","7TKpA4ipJZD/eLeUcyr09TpyhKx0zb52fCEbJkjaD5k=","NEON.BET.D02.002073","PTETRI1","Pterostichus trinarius","species",,"Casey",,"Lindroth, C. H. 1969. The ground-beetles (Carabidae, excl. Cicindelinae) of Canada and Alaska, parts 1-6. Opuscula E. Entomoligiska Sallskapet.",,"wYCqaZcA+7tKZqVSOMaNBCcRKvQIOBzP","wYCqaZcA+7tKZqVSOMaNBCcRKvQIOBzP",
"8ba2de6d-ae2b-44f9-96d1-7b96b11a00cb","BLAN_011.basePlot.bet","D02","BLAN","BLAN_011","S","2015-04-30","2015-05-14","2016-04-19","2015-06-22","N4JQ3RFWht13HHHMMMID0X/22dCWc0R8OeP/3H+dQH4=","NEON.BET.D02.002231","CYCFUR","Cyclotrachelus furtivus","species",,"LeConte",,"Freitag, R. 1969. A revision of the species of the genus Evarthrus LeConte. Quaestiones Entomologicae 5:89-212.",,"wYCqaZcA+7tKZqVSOMaNBCcRKvQIOBzP","wYCqaZcA+7tKZqVSOMaNBCcRKvQIOBzP",
"2d724fc2-5d0b-4c48-a929-70a8d507c83a","BLAN_011.basePlot.bet","D02","BLAN","BLAN_011","S","2015-04-30","2015-05-14","2016-04-18","2015-06-22","N4JQ3RFWht13HHHMMMID0foooSVVYxJJhJPFzGmCgg8=","NEON.BET.D02.002079","PTETRI1","Pterostichus trinarius","species",,"Casey",,"Lindroth, C. H. 1969. The ground-beetles (Carabidae, excl. Cicindelinae) of Canada and Alaska, parts 1-6. Opuscula E. Entomoligiska Sallskapet.",,"wYCqaZcA+7tKZqVSOMaNBCcRKvQIOBzP","wYCqaZcA+7tKZqVSOMaNBCcRKvQIOBzP",
"f11d9c94-de95-4fcf-b656-664bfb46425c","BLAN_006.basePlot.bet","D02","BLAN","BLAN_006","W","2015-04-30","2015-05-14","2016-04-21","2015-06-08","YPnoadCppCzyoRVJSIz+2K4Wfha9UlTVMqpu3tojzRA=","NEON.BET.D02.002455","AGOCON","Agonoleptus conjunctus","species",,"Say",,"Bousquet, Y., and P. W. Messer. 2010. Redescription of Stenolophus thoracicus Casey (Coleoptera, Carabidae, Harpalini), a valid species. ZooKeys 53:25-31.",,"wYCqaZcA+7tKZqVSOMaNBCcRKvQIOBzP","wYCqaZcA+7tKZqVSOMaNBCcRKvQIOBzP",
"e3333330-3b84-44f3-8c99-50c18d10698d","BLAN_002.basePlot.bet","D02","BLAN","BLAN_002","W","2015-04-30","2015-05-14","2016-04-21","2015-10-26","pAIsJl1bu+GnLLfxBfuTzxScz4yntFrl/s2elCKqSKc=","NEON.BET.D02.002416","ANIOVU","Anisodactylus ovularis","species",,"Casey",,"Noonan, G. R. 1973. The Anisodactylines (Insecta: Coleoptera: Carabidae: Harpalini): classification, evolution and zoogeography. Quaestiones Entomologicae 9:266-480.",,"wYCqaZcA+7tKZqVSOMaNBCcRKvQIOBzP","wYCqaZcA+7tKZqVSOMaNBCcRKvQIOBzP",
"fa748aec-60ef-4d83-a66f-af9e9f613e4f","BLAN_009.basePlot.bet","D02","BLAN","BLAN_009","W","2015-04-30","2015-05-14","2016-04-19","2015-06-17","7TKpA4ipJZC3iyN1MAGJUxopi6BbAfitZCzb+CAH+NE=","NEON.BET.D02.002226","CYCFUR","Cyclotrachelus furtivus","species",,"LeConte",,"Freitag, R. 1969. A revision of the species of the genus Evarthrus LeConte. Quaestiones Entomologicae 5:89-212.",,"wYCqaZcA+7tKZqVSOMaNBCcRKvQIOBzP","wYCqaZcA+7tKZqVSOMaNBCcRKvQIOBzP",
"d2fc10a0-232b-476e-beef-71476e3ee40c","BLAN_002.basePlot.bet","D02","BLAN","BLAN_002","W","2015-04-30","2015-05-14","2016-04-21","2015-06-24","pAIsJl1bu+GnLLfxBfuTz6b+6Caot6a9O5vIV5m9L0o=","NEON.BET.D02.002506","TRIFUL","Trichotichnus fulgens","species",,"Csiki",,"Ciegler, J. C. 2000. Ground beetles and wrinkled bark beetles of South Carolina (Coleoptera: Geadephaga: Carabidae and Rhysodidae). Biota of South Carolina. Vol. 1. Clemson, S. Clemson University.",,"wYCqaZcA+7tKZqVSOMaNBCcRKvQIOBzP","wYCqaZcA+7tKZqVSOMaNBCcRKvQIOBzP",
"6a567cfe-4077-437e-a4aa-dba27ff037f1","BLAN_011.basePlot.bet","D02","BLAN","BLAN_011","W","2015-04-30","2015-05-14","2016-04-18","2015-06-22","N4JQ3RFWht2mzs2iSx2VGkd946xhOHqdQpNYlMIr7Pc=","NEON.BET.D02.002081","PTETRI1","Pterostichus trinarius","species",,"Casey",,"Lindroth, C. H. 1969. The ground-beetles (Carabidae, excl. Cicindelinae) of Canada and Alaska, parts 1-6. Opuscula E. Entomoligiska Sallskapet.",,"wYCqaZcA+7tKZqVSOMaNBCcRKvQIOBzP","wYCqaZcA+7tKZqVSOMaNBCcRKvQIOBzP",
"33cd147b-bada-4580-9906-71cf653b4d19","BLAN_011.basePlot.bet","D02","BLAN","BLAN_011","W","2015-04-30","2015-05-14","2016-04-11","2015-06-22","N4JQ3RFWht2mzs2iSx2VGmLI9shLMGE+TMdIZVjYD/A=","NEON.BET.D02.001995","BEMPED","Bembidion pedicellatum","species",,"LeConte",,"Lindroth, C. H. 1969. The ground-beetles (Carabidae, excl. Cicindelinae) of Canada and Alaska, parts 1-6. Opuscula E. Entomoligiska Sallskapet.",,"wYCqaZcA+7tKZqVSOMaNBCcRKvQIOBzP","ena7GLJui5s1h8moQAQPw3Qj2+mVdivS",
"2ed3632b-f41b-426a-be1a-112b94c8d819","BLAN_009.basePlot.bet","D02","BLAN","BLAN_009","W","2015-04-30","2015-05-14","2016-04-19","2015-06-17","7TKpA4ipJZC3iyN1MAGJUxopi6BbAfitZCzb+CAH+NE=","NEON.BET.D02.002225","CYCFUR","Cyclotrachelus furtivus","species",,"LeConte",,"Freitag, R. 1969. A revision of the species of the genus Evarthrus LeConte. Quaestiones Entomologicae 5:89-212.",,"wYCqaZcA+7tKZqVSOMaNBCcRKvQIOBzP","wYCqaZcA+7tKZqVSOMaNBCcRKvQIOBzP",
"8c637496-3989-488d-b47a-0dca72752aa6","BLAN_009.basePlot.bet","D02","BLAN","BLAN_009","W","2015-04-30","2015-05-14","2016-04-18","2015-06-17","7TKpA4ipJZC3iyN1MAGJU5S6YM+HnSazzi6WO3HyHqQ=","NEON.BET.D02.002070","PTETRI1","Pterostichus trinarius","species",,"Casey",,"Lindroth, C. H. 1969. The ground-beetles (Carabidae, excl. Cicindelinae) of Canada and Alaska, parts 1-6. Opuscula E. Entomoligiska Sallskapet.",,"wYCqaZcA+7tKZqVSOMaNBCcRKvQIOBzP","wYCqaZcA+7tKZqVSOMaNBCcRKvQIOBzP",
"f3613596-8cd5-499a-a35c-cb4666aefae6","BLAN_011.basePlot.bet","D02","BLAN","BLAN_011","W","2015-04-30","2015-05-14","2016-04-11","2015-06-22","N4JQ3RFWht2mzs2iSx2VGmLI9shLMGE+TMdIZVjYD/A=","NEON.BET.D02.001993","BEMPED","Bembidion pedicellatum","species",,"LeConte",,"Lindroth, C. H. 1969. The ground-beetles (Carabidae, excl. Cicindelinae) of Canada and Alaska, parts 1-6. Opuscula E. Entomoligiska Sallskapet.",,"wYCqaZcA+7tKZqVSOMaNBCcRKvQIOBzP","ena7GLJui5s1h8moQAQPw3Qj2+mVdivS",
"e9b3c6ee-d5d3-4d7c-9c3f-cbf2547ead0f","BLAN_009.basePlot.bet","D02","BLAN","BLAN_009","W","2015-04-30","2015-05-14","2016-04-18","2015-06-17","7TKpA4ipJZC3iyN1MAGJU5S6YM+HnSazzi6WO3HyHqQ=","NEON.BET.D02.002069","PTETRI1","Pterostichus trinarius","species",,"Casey",,"Lindroth, C. H. 1969. The ground-beetles (Carabidae, excl. Cicindelinae) of Canada and Alaska, parts 1-6. Opuscula E. Entomoligiska Sallskapet.",,"wYCqaZcA+7tKZqVSOMaNBCcRKvQIOBzP","wYCqaZcA+7tKZqVSOMaNBCcRKvQIOBzP",
"a61f9fe3-0944-4963-bf8c-8c756c54f108","BLAN_011.basePlot.bet","D02","BLAN","BLAN_011","W","2015-04-30","2015-05-14","2016-04-11","2015-06-22","N4JQ3RFWht2mzs2iSx2VGmLI9shLMGE+TMdIZVjYD/A=","NEON.BET.D02.001991","BEMPED","Bembidion pedicellatum","species",,"LeConte",,"Lindroth, C. H. 1969. The ground-beetles (Carabidae, excl. Cicindelinae) of Canada and Alaska, parts 1-6. Opuscula E. Entomoligiska Sallskapet.",,"wYCqaZcA+7tKZqVSOMaNBCcRKvQIOBzP","ena7GLJui5s1h8moQAQPw3Qj2+mVdivS",
"c2497be3-2346-4b18-a33d-bae94d83ff40","BLAN_009.basePlot.bet","D02","BLAN","BLAN_009","W","2015-04-30","2015-05-14","2016-04-18","2015-06-17","7TKpA4ipJZC3iyN1MAGJU5S6YM+HnSazzi6WO3HyHqQ=","NEON.BET.D02.002072","PTETRI1","Pterostichus trinarius","species",,"Casey",,"Lindroth, C. H. 1969. The ground-beetles (Carabidae, excl. Cicindelinae) of Canada and Alaska, parts 1-6. Opuscula E. Entomoligiska Sallskapet.",,"wYCqaZcA+7tKZqVSOMaNBCcRKvQIOBzP","wYCqaZcA+7tKZqVSOMaNBCcRKvQIOBzP",
"ba95e27f-a350-40de-9021-264d5bbdafe7","BLAN_009.basePlot.bet","D02","BLAN","BLAN_009","W","2015-04-30","2015-05-14","2016-04-19","2015-06-17","7TKpA4ipJZC3iyN1MAGJUxopi6BbAfitZCzb+CAH+NE=","NEON.BET.D02.002224","CYCFUR","Cyclotrachelus furtivus","species",,"LeConte",,"Freitag, R. 1969. A revision of the species of the genus Evarthrus LeConte. Quaestiones Entomologicae 5:89-212.",,"wYCqaZcA+7tKZqVSOMaNBCcRKvQIOBzP","wYCqaZcA+7tKZqVSOMaNBCcRKvQIOBzP",
"a6416383-e60c-490e-a943-81d3d9cf4fb4","BLAN_011.basePlot.bet","D02","BLAN","BLAN_011","W","2015-04-30","2015-05-14","2016-04-19","2015-06-22","N4JQ3RFWht2mzs2iSx2VGia9tyEFr7i2jTa6LcKrBxs=","NEON.BET.D02.002232","CYCFUR","Cyclotrachelus furtivus","species",,"LeConte",,"Freitag, R. 1969. A revision of the species of the genus Evarthrus LeConte. Quaestiones Entomologicae 5:89-212.",,"wYCqaZcA+7tKZqVSOMaNBCcRKvQIOBzP","wYCqaZcA+7tKZqVSOMaNBCcRKvQIOBzP",
"47afd82f-ae8d-4c7c-a5a8-46a46032ccbb","BLAN_011.basePlot.bet","D02","BLAN","BLAN_011","W","2015-04-30","2015-05-14","2016-04-11","2015-06-22","N4JQ3RFWht2mzs2iSx2VGmLI9shLMGE+TMdIZVjYD/A=","NEON.BET.D02.001992","BEMPED","Bembidion pedicellatum","species",,"LeConte",,"Lindroth, C. H. 1969. The ground-beetles (Carabidae, excl. Cicindelinae) of Canada and Alaska, parts 1-6. Opuscula E. Entomoligiska Sallskapet.",,"wYCqaZcA+7tKZqVSOMaNBCcRKvQIOBzP","ena7GLJui5s1h8moQAQPw3Qj2+mVdivS",
"ad223a32-a765-4a8f-b092-a6dafd04c1ec","BLAN_009.basePlot.bet","D02","BLAN","BLAN_009","W","2015-04-30","2015-05-14","2016-04-18","2015-06-17","7TKpA4ipJZC3iyN1MAGJU5S6YM+HnSazzi6WO3HyHqQ=","NEON.BET.D02.002071","PTETRI1","Pterostichus trinarius","species",,"Casey",,"Lindroth, C. H. 1969. The ground-beetles (Carabidae, excl. Cicindelinae) of Canada and Alaska, parts 1-6. Opuscula E. Entomoligiska Sallskapet.",,"wYCqaZcA+7tKZqVSOMaNBCcRKvQIOBzP","wYCqaZcA+7tKZqVSOMaNBCcRKvQIOBzP",
"4f23a294-924b-4ee5-95ac-a12badc7ec05","BLAN_005.basePlot.bet","D02","BLAN","BLAN_005","W","2015-04-30","2015-05-14","2016-04-18","2015-06-24","z8g4o9caFRP037RQd/7+6PO73ixh3dPtM4TX0Dmn6MM=","NEON.BET.D02.002037","POELUC","Poecilus lucublandus","species",,"Say",,"Ciegler, J. C. 2000. Ground beetles and wrinkled bark beetles of South Carolina (Coleoptera: Geadephaga: Carabidae and Rhysodidae). Biota of South Carolina. Vol. 1. Clemson, S. Clemson University.",,"wYCqaZcA+7tKZqVSOMaNBCcRKvQIOBzP","wYCqaZcA+7tKZqVSOMaNBCcRKvQIOBzP",
"bc8d9f7d-92f4-4939-92cc-c8058397d009","BLAN_011.basePlot.bet","D02","BLAN","BLAN_011","W","2015-04-30","2015-05-14","2016-04-11","2015-06-22","N4JQ3RFWht2mzs2iSx2VGmLI9shLMGE+TMdIZVjYD/A=","NEON.BET.D02.001994","BEMPED","Bembidion pedicellatum","species",,"LeConte",,"Lindroth, C. H. 1969. The ground-beetles (Carabidae, excl. Cicindelinae) of Canada and Alaska, parts 1-6. Opuscula E. Entomoligiska Sallskapet.",,"wYCqaZcA+7tKZqVSOMaNBCcRKvQIOBzP","ena7GLJui5s1h8moQAQPw3Qj2+mVdivS",
"f081acb8-5dac-4e9d-b3cb-0f0ff82a9cd4","BLAN_009.basePlot.bet","D02","BLAN","BLAN_009","W","2015-04-30","2015-05-14","2016-04-18","2015-06-17","7TKpA4ipJZC3iyN1MAGJU5S6YM+HnSazzi6WO3HyHqQ=","NEON.BET.D02.002068","PTETRI1","Pterostichus trinarius","species",,"Casey",,"Lindroth, C. H. 1969. The ground-beetles (Carabidae, excl. Cicindelinae) of Canada and Alaska, parts 1-6. Opuscula E. Entomoligiska Sallskapet.",,"wYCqaZcA+7tKZqVSOMaNBCcRKvQIOBzP","wYCqaZcA+7tKZqVSOMaNBCcRKvQIOBzP",
"2f119b01-9fe5-46ec-b907-31f9d12beaa7","BLAN_005.basePlot.bet","D02","BLAN","BLAN_005","E","2015-05-14","2015-05-28","2016-04-18","2015-07-13","z8g4o9caFRNBjyTGQyR3EaFGhWDAPZpulb3AiCZ35qo=","NEON.BET.D02.002040","POELUC","Poecilus lucublandus","species",,"Say",,"Ciegler, J. C. 2000. Ground beetles and wrinkled bark beetles of South Carolina (Coleoptera: Geadephaga: Carabidae and Rhysodidae). Biota of South Carolina. Vol. 1. Clemson, S. Clemson University.",,"wYCqaZcA+7tKZqVSOMaNBCcRKvQIOBzP","wYCqaZcA+7tKZqVSOMaNBCcRKvQIOBzP",
"7a4332b5-47a8-4ab3-b0d4-8f2da591b62d","BLAN_009.basePlot.bet","D02","BLAN","BLAN_009","W","2015-05-14","2015-05-28","2016-04-18","2015-07-02","7TKpA4ipJZC3iyN1MAGJU/X5tvc+hzd3vM583gsGLbI=","NEON.BET.D02.002095","PTETRI1","Pterostichus trinarius","species",,"Casey",,"Lindroth, C. H. 1969. The ground-beetles (Carabidae, excl. Cicindelinae) of Canada and Alaska, parts 1-6. Opuscula E. Entomoligiska Sallskapet.",,"wYCqaZcA+7tKZqVSOMaNBCcRKvQIOBzP","wYCqaZcA+7tKZqVSOMaNBCcRKvQIOBzP",
"e339b77f-636a-41c7-9510-f8e0fff6fd10","BLAN_004.basePlot.bet","D02","BLAN","BLAN_004","E","2015-05-14","2015-05-28","2016-04-21","2015-10-26","zD/pbYGBt/BXsXKT6yBqRewU82QvKD5WhSabEZTqnWw=","NEON.BET.D02.002446","ANIDUL","Anisodactylus dulcicollis","species",,"LaFerte-Senectere",,"Noonan, G. R. 1973. The Anisodactylines (Insecta: Coleoptera: Carabidae: Harpalini): classification, evolution and zoogeography. Quaestiones Entomologicae 9:266-480.",,"wYCqaZcA+7tKZqVSOMaNBCcRKvQIOBzP","wYCqaZcA+7tKZqVSOMaNBCcRKvQIOBzP",
"97fb0eb0-5ad9-40e9-bae3-4bbcc8fe92dc","BLAN_007.basePlot.bet","D02","BLAN","BLAN_007","E","2015-05-14","2015-05-28","2016-04-21","2015-10-26","bSFRDFDJGfyH7CX1vhlSlyygP0CxrRmZ134bnnS7u1o=","NEON.BET.D02.002405","ANIAGR","Anisodactylus agricola","species",,"Say",,"Lindroth, C. H. 1969. The ground-beetles (Carabidae, excl. Cicindelinae) of Canada and Alaska, parts 1-6. Opuscula E. Entomoligiska Sallskapet.",,"wYCqaZcA+7tKZqVSOMaNBCcRKvQIOBzP","wYCqaZcA+7tKZqVSOMaNBCcRKvQIOBzP",
"4e829c09-3532-4b93-ad39-82a19a5ed6d3","BLAN_012.basePlot.bet","D02","BLAN","BLAN_012","E","2015-05-14","2015-05-28","2016-04-19","2015-07-02","J0lvmfNn/fev68GQtXYsHsdBdb3nuQOvvwZNMPCGRFM=","NEON.BET.D02.002356","CHLAES","Chlaenius aestivus","species",,"Say",,"Ciegler, J. C. 2000. Ground beetles and wrinkled bark beetles of South Carolina (Coleoptera: Geadephaga: Carabidae and Rhysodidae). Biota of South Carolina. Vol. 1. Clemson, S. Clemson University.",,"vEBCcEQSSh8r9pJtyJMpi8WPWOrf6mR2","wYCqaZcA+7tKZqVSOMaNBCcRKvQIOBzP",
"93ee333b-3e3c-478b-9f5a-434b2f9abae9","BLAN_005.basePlot.bet","D02","BLAN","BLAN_005","E","2015-05-14","2015-05-28","2016-04-21","2015-07-13","z8g4o9caFRNBjyTGQyR3ETD88Oq/wUMdPUmjk1m7ogY=","NEON.BET.D02.002531","GALBIC","Galerita bicolor","species",,"Drury",,"Ciegler, J. C. 2000. Ground beetles and wrinkled bark beetles of South Carolina (Coleoptera: Geadephaga: Carabidae and Rhysodidae). Biota of South Carolina. Vol. 1. Clemson, S. Clemson University.",,"wYCqaZcA+7tKZqVSOMaNBCcRKvQIOBzP","wYCqaZcA+7tKZqVSOMaNBCcRKvQIOBzP",
"9a912e92-6525-47c6-9275-6c4c5d3a50f8","BLAN_011.basePlot.bet","D02","BLAN","BLAN_011","E","2015-05-14","2015-05-28","2016-04-18","2015-07-16","N4JQ3RFWht1UiEJPpKgW21qg/LzOlNIgNtHHWoKN/z0=","NEON.BET.D02.002101","PTETRI1","Pterostichus trinarius","species",,"Casey",,"Lindroth, C. H. 1969. The ground-beetles (Carabidae, excl. Cicindelinae) of Canada and Alaska, parts 1-6. Opuscula E. Entomoligiska Sallskapet.",,"wYCqaZcA+7tKZqVSOMaNBCcRKvQIOBzP","wYCqaZcA+7tKZqVSOMaNBCcRKvQIOBzP",
"81c62f38-7fff-4fc0-8bf1-d644a528408d","BLAN_012.basePlot.bet","D02","BLAN","BLAN_012","E","2015-05-14","2015-05-28","2016-04-18","2015-07-02","J0lvmfNn/fev68GQtXYsHmTbCO+Dh60MBBhxZAfUSTY=","NEON.BET.D02.002102","PTETRI1","Pterostichus trinarius","species",,"Casey",,"Lindroth, C. H. 1969. The ground-beetles (Carabidae, excl. Cicindelinae) of Canada and Alaska, parts 1-6. Opuscula E. Entomoligiska Sallskapet.",,"wYCqaZcA+7tKZqVSOMaNBCcRKvQIOBzP","wYCqaZcA+7tKZqVSOMaNBCcRKvQIOBzP",
"7111037a-7ab0-4f05-8317-a715f9cebd62","BLAN_011.basePlot.bet","D02","BLAN","BLAN_011","E","2015-05-14","2015-05-28","2016-04-11","2015-07-16","N4JQ3RFWht1UiEJPpKgW2wTJwP16lQo7/QunAA4A4pA=","NEON.BET.D02.001997","BEMPED","Bembidion pedicellatum","species",,"LeConte",,"Lindroth, C. H. 1969. The ground-beetles (Carabidae, excl. Cicindelinae) of Canada and Alaska, parts 1-6. Opuscula E. Entomoligiska Sallskapet.",,"wYCqaZcA+7tKZqVSOMaNBCcRKvQIOBzP","ena7GLJui5s1h8moQAQPw3Qj2+mVdivS",
"20d32951-d7f3-4cd0-b81e-4f0a2080f0cd","BLAN_005.basePlot.bet","D02","BLAN","BLAN_005","E","2015-05-14","2015-05-28","2016-04-18","2015-07-13","z8g4o9caFRNBjyTGQyR3EaFGhWDAPZpulb3AiCZ35qo=","NEON.BET.D02.002039","POELUC","Poecilus lucublandus","species",,"Say",,"Ciegler, J. C. 2000. Ground beetles and wrinkled bark beetles of South Carolina (Coleoptera: Geadephaga: Carabidae and Rhysodidae). Biota of South Carolina. Vol. 1. Clemson, S. Clemson University.",,"wYCqaZcA+7tKZqVSOMaNBCcRKvQIOBzP","wYCqaZcA+7tKZqVSOMaNBCcRKvQIOBzP",
"7a458da3-c462-41aa-b763-1d2b4d018ae8","BLAN_007.basePlot.bet","D02","BLAN","BLAN_007","E","2015-05-14","2015-05-28","2016-04-11","2015-07-14","bSFRDFDJGfyH7CX1vhlSlzBRxjhJTwmfuf0tP/DJCiY=","NEON.BET.D02.001976","NOTAEN","Notiophilus aeneus","species",,"Herbst",,"Bousquet, Y. 2010b. Illustrated Identification Guide to Adults and Larvae of Northeastern North American Ground Beetles (Coleoptera: Carabidae). 1st Ed. Pensoft Publishers, Sofia, Bulgaria.",,"wYCqaZcA+7tKZqVSOMaNBCcRKvQIOBzP","ena7GLJui5s1h8moQAQPw3Qj2+mVdivS",
"519e852e-e04e-45b9-8232-3c46cf77ad6e","BLAN_011.basePlot.bet","D02","BLAN","BLAN_011","E","2015-05-14","2015-05-28","2016-04-18","2015-07-16","N4JQ3RFWht1UiEJPpKgW21qg/LzOlNIgNtHHWoKN/z0=","NEON.BET.D02.002100","PTETRI1","Pterostichus trinarius","species",,"Casey",,"Lindroth, C. H. 1969. The ground-beetles (Carabidae, excl. Cicindelinae) of Canada and Alaska, parts 1-6. Opuscula E. Entomoligiska Sallskapet.",,"wYCqaZcA+7tKZqVSOMaNBCcRKvQIOBzP","wYCqaZcA+7tKZqVSOMaNBCcRKvQIOBzP",
"159b9e07-536b-4b5c-aa7d-327f8fc75229","BLAN_007.basePlot.bet","D02","BLAN","BLAN_007","E","2015-05-14","2015-05-28","2016-04-18","2015-07-14","bSFRDFDJGfyH7CX1vhlSl6Px9GidhHmyScADtxlOx3U=","NEON.BET.D02.002087","PTETRI1","Pterostichus trinarius","species",,"Casey",,"Lindroth, C. H. 1969. The ground-beetles (Carabidae, excl. Cicindelinae) of Canada and Alaska, parts 1-6. Opuscula E. Entomoligiska Sallskapet.",,"wYCqaZcA+7tKZqVSOMaNBCcRKvQIOBzP","wYCqaZcA+7tKZqVSOMaNBCcRKvQIOBzP",
"348a1cf6-40af-403f-a80e-46bff3d7c13f","BLAN_007.basePlot.bet","D02","BLAN","BLAN_007","E","2015-05-14","2015-05-28","2016-04-18","2015-07-14","bSFRDFDJGfyH7CX1vhlSl6Px9GidhHmyScADtxlOx3U=","NEON.BET.D02.002086","PTETRI1","Pterostichus trinarius","species",,"Casey",,"Lindroth, C. H. 1969. The ground-beetles (Carabidae, excl. Cicindelinae) of Canada and Alaska, parts 1-6. Opuscula E. Entomoligiska Sallskapet.",,"wYCqaZcA+7tKZqVSOMaNBCcRKvQIOBzP","wYCqaZcA+7tKZqVSOMaNBCcRKvQIOBzP",
"226a1fe5-c655-4a69-9204-18b085824770","BLAN_005.basePlot.bet","D02","BLAN","BLAN_005","E","2015-05-14","2015-05-28","2016-04-11","2015-07-13","z8g4o9caFRNBjyTGQyR3EVsZVi8GOorz2DktdMXz0Xg=","NEON.BET.D02.002034","TACPOT","Tachys potomaca","species",,"Erwin",,"Erwin, T.L. 1981 Natural History of Plummers Island, Maryland. XXVI. The Ground Beetles of a Temperate Forest Site: An Analysis of Fauna in Relation to Size, Habitat Selection, Vagility, Seasonality, and Extinction. Bull Biol Soc Washington, 5, 105-224.",,"wYCqaZcA+7tKZqVSOMaNBCcRKvQIOBzP","ena7GLJui5s1h8moQAQPw3Qj2+mVdivS",
"6113e0c5-f610-4995-8c8c-1dc5a09d8b9b","BLAN_011.basePlot.bet","D02","BLAN","BLAN_011","E","2015-05-14","2015-05-28","2016-04-11","2015-07-16","N4JQ3RFWht1UiEJPpKgW2wTJwP16lQo7/QunAA4A4pA=","NEON.BET.D02.001998","BEMPED","Bembidion pedicellatum","species",,"LeConte",,"Lindroth, C. H. 1969. The ground-beetles (Carabidae, excl. Cicindelinae) of Canada and Alaska, parts 1-6. Opuscula E. Entomoligiska Sallskapet.",,"wYCqaZcA+7tKZqVSOMaNBCcRKvQIOBzP","ena7GLJui5s1h8moQAQPw3Qj2+mVdivS",
"91708121-29a5-4804-872c-41fd0cfb9dbf","BLAN_012.basePlot.bet","D02","BLAN","BLAN_012","N","2015-05-14","2015-05-28","2016-04-19","2015-07-02","J0lvmfNn/ffePszKztR5ZAU7iQ6W6oV1+EDVC6YTnTw=","NEON.BET.D02.002373","CHLAMO","Chlaenius amoenus","species",,"Dejean",,"Ciegler, J. C. 2000. Ground beetles and wrinkled bark beetles of South Carolina (Coleoptera: Geadephaga: Carabidae and Rhysodidae). Biota of South Carolina. Vol. 1. Clemson, S. Clemson University.",,"wYCqaZcA+7tKZqVSOMaNBCcRKvQIOBzP","wYCqaZcA+7tKZqVSOMaNBCcRKvQIOBzP",
"05f3a701-5759-42b4-87f9-a9bf1f7b00d3","BLAN_007.basePlot.bet","D02","BLAN","BLAN_007","N","2015-05-14","2015-05-28","2016-04-18","2015-07-14","bSFRDFDJGfytG99/VH38tMMBp5Jlw9fuhaZTcsAAPo0=","NEON.BET.D02.002088","PTETRI1","Pterostichus trinarius","species",,"Casey",,"Lindroth, C. H. 1969. The ground-beetles (Carabidae, excl. Cicindelinae) of Canada and Alaska, parts 1-6. Opuscula E. Entomoligiska Sallskapet.",,"wYCqaZcA+7tKZqVSOMaNBCcRKvQIOBzP","wYCqaZcA+7tKZqVSOMaNBCcRKvQIOBzP",
"8907f0e8-da9e-4542-b54c-1215cfa748da","BLAN_009.basePlot.bet","D02","BLAN","BLAN_009","S","2015-05-14","2015-05-28","2016-04-18","2015-07-02","7TKpA4ipJZD/eLeUcyr09WSYR3aaoNYwcFRzR8g9D/g=","NEON.BET.D02.002091","PTETRI1","Pterostichus trinarius","species",,"Casey",,"Lindroth, C. H. 1969. The ground-beetles (Carabidae, excl. Cicindelinae) of Canada and Alaska, parts 1-6. Opuscula E. Entomoligiska Sallskapet.",,"wYCqaZcA+7tKZqVSOMaNBCcRKvQIOBzP","wYCqaZcA+7tKZqVSOMaNBCcRKvQIOBzP",
"d7dbb9b1-4e87-47ae-a42d-37f93baeab13","BLAN_011.basePlot.bet","D02","BLAN","BLAN_011","S","2015-05-14","2015-05-28","2016-04-18","2015-07-16","N4JQ3RFWht13HHHMMMID0e8UAWFP0dcnyWxCwN0e49I=","NEON.BET.D02.002099","PTETRI1","Pterostichus trinarius","species",,"Casey",,"Lindroth, C. H. 1969. The ground-beetles (Carabidae, excl. Cicindelinae) of Canada and Alaska, parts 1-6. Opuscula E. Entomoligiska Sallskapet.",,"wYCqaZcA+7tKZqVSOMaNBCcRKvQIOBzP","wYCqaZcA+7tKZqVSOMaNBCcRKvQIOBzP",
"a40330cf-f9b4-4e4f-9a6e-a1954aac7c42","BLAN_009.basePlot.bet","D02","BLAN","BLAN_009","S","2015-05-14","2015-05-28","2016-04-18","2015-07-02","7TKpA4ipJZD/eLeUcyr09WSYR3aaoNYwcFRzR8g9D/g=","NEON.BET.D02.002090","PTETRI1","Pterostichus trinarius","species",,"Casey",,"Lindroth, C. H. 1969. The ground-beetles (Carabidae, excl. Cicindelinae) of Canada and Alaska, parts 1-6. Opuscula E. Entomoligiska Sallskapet.",,"wYCqaZcA+7tKZqVSOMaNBCcRKvQIOBzP","wYCqaZcA+7tKZqVSOMaNBCcRKvQIOBzP",
"d6aec1ef-032a-43fc-99aa-2d4960eee0f1","BLAN_011.basePlot.bet","D02","BLAN","BLAN_011","S","2015-05-14","2015-05-28","2016-04-18","2015-07-16","N4JQ3RFWht13HHHMMMID0e8UAWFP0dcnyWxCwN0e49I=","NEON.BET.D02.002098","PTETRI1","Pterostichus trinarius","species",,"Casey",,"Lindroth, C. H. 1969. The ground-beetles (Carabidae, excl. Cicindelinae) of Canada and Alaska, parts 1-6. Opuscula E. Entomoligiska Sallskapet.",,"wYCqaZcA+7tKZqVSOMaNBCcRKvQIOBzP","wYCqaZcA+7tKZqVSOMaNBCcRKvQIOBzP",
"0f948aa0-d082-419b-96a7-73cf5604a445","BLAN_004.basePlot.bet","D02","BLAN","BLAN_004","S","2015-05-14","2015-05-28","2016-04-18","2015-07-13","zD/pbYGBt/CNI35fc9ji9KOOSAIQQvOu2OCn7K79KHc=","NEON.BET.D02.002038","POELUC","Poecilus lucublandus","species",,"Say",,"Ciegler, J. C. 2000. Ground beetles and wrinkled bark beetles of South Carolina (Coleoptera: Geadephaga: Carabidae and Rhysodidae). Biota of South Carolina. Vol. 1. Clemson, S. Clemson University.",,"wYCqaZcA+7tKZqVSOMaNBCcRKvQIOBzP","wYCqaZcA+7tKZqVSOMaNBCcRKvQIOBzP",
"71105872-e753-486a-ba85-8ca275402cf6","BLAN_009.basePlot.bet","D02","BLAN","BLAN_009","S","2015-05-14","2015-05-28","2016-04-18","2015-07-02","7TKpA4ipJZD/eLeUcyr09WSYR3aaoNYwcFRzR8g9D/g=","NEON.BET.D02.002089","PTETRI1","Pterostichus trinarius","species",,"Casey",,"Lindroth, C. H. 1969. The ground-beetles (Carabidae, excl. Cicindelinae) of Canada and Alaska, parts 1-6. Opuscula E. Entomoligiska Sallskapet.",,"wYCqaZcA+7tKZqVSOMaNBCcRKvQIOBzP","wYCqaZcA+7tKZqVSOMaNBCcRKvQIOBzP",
"7c18eb43-b0db-40e1-b0f9-950b2ebfeee7","BLAN_009.basePlot.bet","D02","BLAN","BLAN_009","W","2015-05-14","2015-05-28","2016-04-21","2015-10-26","7TKpA4ipJZC3iyN1MAGJU7VAxhi7WcOl20TO6J0C2yY=","NEON.BET.D02.002408","ANIAGR","Anisodactylus agricola","species",,"Say",,"Lindroth, C. H. 1969. The ground-beetles (Carabidae, excl. Cicindelinae) of Canada and Alaska, parts 1-6. Opuscula E. Entomoligiska Sallskapet.",,"wYCqaZcA+7tKZqVSOMaNBCcRKvQIOBzP","wYCqaZcA+7tKZqVSOMaNBCcRKvQIOBzP",
"843327d8-96d1-4428-b484-ab3d55fa1057","BLAN_009.basePlot.bet","D02","BLAN","BLAN_009","W","2015-05-14","2015-05-28","2016-04-19","2015-07-02","7TKpA4ipJZC3iyN1MAGJUwOqwErRhcjMwM+SMGft0s0=","NEON.BET.D02.002355","CHLAES","Chlaenius aestivus","species",,"Say",,"Ciegler, J. C. 2000. Ground beetles and wrinkled bark beetles of South Carolina (Coleoptera: Geadephaga: Carabidae and Rhysodidae). Biota of South Carolina. Vol. 1. Clemson, S. Clemson University.",,"js8EmhB6nU2nUc5Aq2qCkTa4Dr9pZigk","wYCqaZcA+7tKZqVSOMaNBCcRKvQIOBzP",
"0d94ad04-0412-441b-8598-3be00b6b323f","BLAN_009.basePlot.bet","D02","BLAN","BLAN_009","W","2015-05-14","2015-05-28","2016-04-19","2015-07-02","7TKpA4ipJZC3iyN1MAGJU/C3oBcQ+m4Rj4TNKYLpFdA=","NEON.BET.D02.002395","DICAMB","Dicaelus ambiguus","species",,"LaFerte-Senectere",,"Ciegler, J. C. 2000. Ground beetles and wrinkled bark beetles of South Carolina (Coleoptera: Geadephaga: Carabidae and Rhysodidae). Biota of South Carolina. Vol. 1. Clemson, S. Clemson University.",,"wYCqaZcA+7tKZqVSOMaNBCcRKvQIOBzP","wYCqaZcA+7tKZqVSOMaNBCcRKvQIOBzP",
"59c579d1-e017-4bf6-ba5e-6c810c1776a4","BLAN_009.basePlot.bet","D02","BLAN","BLAN_009","W","2015-05-14","2015-05-28","2016-04-21","2015-10-26","7TKpA4ipJZC3iyN1MAGJU7VAxhi7WcOl20TO6J0C2yY=","NEON.BET.D02.002409","ANIAGR","Anisodactylus agricola","species",,"Say",,"Lindroth, C. H. 1969. The ground-beetles (Carabidae, excl. Cicindelinae) of Canada and Alaska, parts 1-6. Opuscula E. Entomoligiska Sallskapet.",,"wYCqaZcA+7tKZqVSOMaNBCcRKvQIOBzP","wYCqaZcA+7tKZqVSOMaNBCcRKvQIOBzP",
"7c51b223-bdbd-454e-95b2-04e639717145","BLAN_006.basePlot.bet","D02","BLAN","BLAN_006","W","2015-05-14","2015-05-28","2016-04-19","2015-07-13","YPnoadCppCzyoRVJSIz+2FH327U3u/p0sUncSCt4kM8=","NEON.BET.D02.002332","CHLTOM","Chlaenius tomentosus","species",,"Say",,"Ciegler, J. C. 2000. Ground beetles and wrinkled bark beetles of South Carolina (Coleoptera: Geadephaga: Carabidae and Rhysodidae). Biota of South Carolina. Vol. 1. Clemson, S. Clemson University.",,"wYCqaZcA+7tKZqVSOMaNBCcRKvQIOBzP","wYCqaZcA+7tKZqVSOMaNBCcRKvQIOBzP",
"dd8b1cd3-2cb4-435d-b2dc-8247915f95d0","BLAN_009.basePlot.bet","D02","BLAN","BLAN_009","W","2015-05-14","2015-05-28","2016-04-18","2015-07-02","7TKpA4ipJZC3iyN1MAGJU/X5tvc+hzd3vM583gsGLbI=","NEON.BET.D02.002093","PTETRI1","Pterostichus trinarius","species",,"Casey",,"Lindroth, C. H. 1969. The ground-beetles (Carabidae, excl. Cicindelinae) of Canada and Alaska, parts 1-6. Opuscula E. Entomoligiska Sallskapet.",,"wYCqaZcA+7tKZqVSOMaNBCcRKvQIOBzP","wYCqaZcA+7tKZqVSOMaNBCcRKvQIOBzP",
"d197fe9e-8e0d-4727-b3a5-29ae86c2d00e","BLAN_009.basePlot.bet","D02","BLAN","BLAN_009","W","2015-05-14","2015-05-28","2016-04-21","2015-07-02","7TKpA4ipJZC3iyN1MAGJU/oDdnMA1uHP/NxpinMkn+o=","NEON.BET.D02.002530","PLADEC","Platynus decentis","species",,"Say",,"Bousquet, Y. 2010b. Illustrated Identification Guide to Adults and Larvae of Northeastern North American Ground Beetles (Coleoptera: Carabidae). 1st Ed. Pensoft Publishers, Sofia, Bulgaria.",,"wYCqaZcA+7tKZqVSOMaNBCcRKvQIOBzP","wYCqaZcA+7tKZqVSOMaNBCcRKvQIOBzP",
"e6533f4f-1ff7-48bf-9dc4-e8650359153b","BLAN_009.basePlot.bet","D02","BLAN","BLAN_009","W","2015-05-14","2015-05-28","2016-04-21","2015-10-26","7TKpA4ipJZC3iyN1MAGJU7VAxhi7WcOl20TO6J0C2yY=","NEON.BET.D02.002407","ANIAGR","Anisodactylus agricola","species",,"Say",,"Lindroth, C. H. 1969. The ground-beetles (Carabidae, excl. Cicindelinae) of Canada and Alaska, parts 1-6. Opuscula E. Entomoligiska Sallskapet.",,"wYCqaZcA+7tKZqVSOMaNBCcRKvQIOBzP","wYCqaZcA+7tKZqVSOMaNBCcRKvQIOBzP",
"c7fd73b5-280b-40a9-a642-ee763203162d","BLAN_009.basePlot.bet","D02","BLAN","BLAN_009","W","2015-05-14","2015-05-28","2016-04-21","2015-10-26","7TKpA4ipJZC3iyN1MAGJU7VAxhi7WcOl20TO6J0C2yY=","NEON.BET.D02.002406","ANIAGR","Anisodactylus agricola","species",,"Say",,"Ciegler, J. C. 2000. Ground beetles and wrinkled bark beetles of South Carolina (Coleoptera: Geadephaga: Carabidae and Rhysodidae). Biota of South Carolina. Vol. 1. Clemson, S. Clemson University.",,"wYCqaZcA+7tKZqVSOMaNBCcRKvQIOBzP","wYCqaZcA+7tKZqVSOMaNBCcRKvQIOBzP",
"e40e19c1-d24f-4bd5-924e-5c31af8b727a","BLAN_011.basePlot.bet","D02","BLAN","BLAN_011","W","2015-05-14","2015-05-28","2016-04-11","2015-07-16","N4JQ3RFWht2mzs2iSx2VGvILf/NIle5XK/GNY94JhAk=","NEON.BET.D02.001996","BEMPED","Bembidion pedicellatum","species",,"LeConte",,"Lindroth, C. H. 1969. The ground-beetles (Carabidae, excl. Cicindelinae) of Canada and Alaska, parts 1-6. Opuscula E. Entomoligiska Sallskapet.",,"wYCqaZcA+7tKZqVSOMaNBCcRKvQIOBzP","ena7GLJui5s1h8moQAQPw3Qj2+mVdivS",
"241a0a13-b90a-4cd8-93ac-e2761241ee55","BLAN_009.basePlot.bet","D02","BLAN","BLAN_009","W","2015-05-14","2015-05-28","2016-04-18","2015-07-02","7TKpA4ipJZC3iyN1MAGJU/X5tvc+hzd3vM583gsGLbI=","NEON.BET.D02.002096","PTETRI1","Pterostichus trinarius","species",,"Casey",,"Lindroth, C. H. 1969. The ground-beetles (Carabidae, excl. Cicindelinae) of Canada and Alaska, parts 1-6. Opuscula E. Entomoligiska Sallskapet.",,"wYCqaZcA+7tKZqVSOMaNBCcRKvQIOBzP","wYCqaZcA+7tKZqVSOMaNBCcRKvQIOBzP",
"1ce55719-7428-4bfc-b35f-6d8d8f7c1110","BLAN_009.basePlot.bet","D02","BLAN","BLAN_009","W","2015-05-14","2015-05-28","2016-04-18","2015-07-02","7TKpA4ipJZC3iyN1MAGJU/X5tvc+hzd3vM583gsGLbI=","NEON.BET.D02.002092","PTETRI1","Pterostichus trinarius","species",,"Casey",,"Lindroth, C. H. 1969. The ground-beetles (Carabidae, excl. Cicindelinae) of Canada and Alaska, parts 1-6. Opuscula E. Entomoligiska Sallskapet.",,"wYCqaZcA+7tKZqVSOMaNBCcRKvQIOBzP","wYCqaZcA+7tKZqVSOMaNBCcRKvQIOBzP",
"5dcb7ef7-3727-4f29-9db5-9a0d291af946","BLAN_009.basePlot.bet","D02","BLAN","BLAN_009","W","2015-05-14","2015-05-28","2016-04-18","2015-07-02","7TKpA4ipJZC3iyN1MAGJU/X5tvc+hzd3vM583gsGLbI=","NEON.BET.D02.002097","PTETRI1","Pterostichus trinarius","species",,"Casey",,"Lindroth, C. H. 1969. The ground-beetles (Carabidae, excl. Cicindelinae) of Canada and Alaska, parts 1-6. Opuscula E. Entomoligiska Sallskapet.",,"wYCqaZcA+7tKZqVSOMaNBCcRKvQIOBzP","wYCqaZcA+7tKZqVSOMaNBCcRKvQIOBzP",
"9883cbd3-5fa8-479a-8db8-d1b6e0f2674d","BLAN_009.basePlot.bet","D02","BLAN","BLAN_009","W","2015-05-14","2015-05-28","2016-04-11","2015-07-02","7TKpA4ipJZC3iyN1MAGJU/Kr0m4K7BDzzl+3uLdDJk0=","NEON.BET.D02.001977","NOTAEN","Notiophilus aeneus","species",,"Herbst",,"Bousquet, Y. 2010b. Illustrated Identification Guide to Adults and Larvae of Northeastern North American Ground Beetles (Coleoptera: Carabidae). 1st Ed. Pensoft Publishers, Sofia, Bulgaria.",,"wYCqaZcA+7tKZqVSOMaNBCcRKvQIOBzP","ena7GLJui5s1h8moQAQPw3Qj2+mVdivS",
"90f939c5-6bdd-4137-91aa-d907385c08ae","BLAN_009.basePlot.bet","D02","BLAN","BLAN_009","W","2015-05-14","2015-05-28","2016-04-18","2015-07-02","7TKpA4ipJZC3iyN1MAGJU/X5tvc+hzd3vM583gsGLbI=","NEON.BET.D02.002094","PTETRI1","Pterostichus trinarius","species",,"Casey",,"Lindroth, C. H. 1969. The ground-beetles (Carabidae, excl. Cicindelinae) of Canada and Alaska, parts 1-6. Opuscula E. Entomoligiska Sallskapet.",,"wYCqaZcA+7tKZqVSOMaNBCcRKvQIOBzP","wYCqaZcA+7tKZqVSOMaNBCcRKvQIOBzP",
"364aa61e-d972-4dea-869e-556ec250a696","BLAN_005.basePlot.bet","D02","BLAN","BLAN_005","E","2015-05-14","2015-05-28","2016-04-21","2015-07-13","z8g4o9caFRNBjyTGQyR3ETE1FvCIpQBbCppEwLqNyx4=","NEON.BET.D02.002456","AGOTHO1","Agonoleptus thoracicus","species",,"Casey",,"Bousquet, Y., and P. W. Messer. 2010. Redescription of Stenolophus thoracicus Casey (Coleoptera, Carabidae, Harpalini), a valid species. ZooKeys 53:25-31.",,"wYCqaZcA+7tKZqVSOMaNBCcRKvQIOBzP","wYCqaZcA+7tKZqVSOMaNBCcRKvQIOBzP",
