uid,namedLocation,domainID,siteID,plotID,trapID,setDate,collectDate,processingDate,etOHChangeDate,identifiedDate,sampleID,subsampleID,sampleType,taxonID,scientificName,taxonRank,identificationQualifier,scientificNameAuthorship,morphospeciesID,individualCount,identificationReferences,identifiedBy,recordedBy,remarks
"b58b1456-6672-4801-b9f5-91d2feb662ea","BLAN_001.basePlot.bet","D02","BLAN","BLAN_001","S","2015-04-30","2015-05-14","2015-05-15","2015-06-22","2015-06-22","BLAN_001.S.20150514","snBNH0r8Ie3oU3fy7HbdkUEb+1LA7nxMiuiW5qnyZwE=","carabid","CHLAES","Chlaenius aestivus","species",,"Say",,2,"Ciegler, J. C. 2000. Ground beetles and wrinkled bark beetles of South Carolina (Coleoptera: Geadephaga: Carabidae and Rhysodidae). Biota of South Carolina. Vol. 1. Clemson, S. Clemson University.","vEBCcEQSSh8r9pJtyJMpi8WPWOrf6mR2","wYCqaZcA+7slXlj5N/mM6vobrh4QDptp",
"5e493d64-f410-40b4-9e49-515643f6c84c","BLAN_012.basePlot.bet","D02","BLAN","BLAN_012","S","2015-04-30","2015-05-14","2015-05-15","2015-06-08","2015-06-22","BLAN_012.S.20150514","J0lvmfNn/fcMLVBNGhCcXPL3EKrEzFemLx6aczwWN7M=","carabid","CYCFUR","Cyclotrachelus furtivus","species",,"LeConte",,1,"Freitag, R. 1969. A revision of the species of the genus Evarthrus LeConte. Quaestiones Entomologicae 5:89-212.","wYCqaZcA+7slXlj5N/mM6vobrh4QDptp","wYCqaZcA+7slXlj5N/mM6vobrh4QDptp",
"d0854fb8-3f11-4996-8d2b-b707a254abed","BLAN_009.basePlot.bet","D02","BLAN","BLAN_009","S","2015-04-30","2015-05-14","2015-05-15","2015-06-17","2015-06-17","BLAN_009.S.20150514","7TKpA4ipJZD/eLeUcyr09TpyhKx0zb52fCEbJkjaD5k=","carabid","PTETRI1","Pterostichus trinarius","species",,"Casey",,1,"Lindroth, C. H. 1969. The ground-beetles (Carabidae, excl. Cicindelinae) of Canada and Alaska, parts 1-6. Opuscula E. Entomoligiska Sallskapet.","wYCqaZcA+7slXlj5N/mM6vobrh4QDptp","wYCqaZcA+7slXlj5N/mM6vobrh4QDptp",
"a0ddef3c-a7ef-422c-ad59-e3ebb8f13ed6","BLAN_009.basePlot.bet","D02","BLAN","BLAN_009","S","2015-04-30","2015-05-14","2015-05-15","2015-06-17",,"BLAN_009.S.20150514","7TKpA4ipJZD/eLeUcyr09UPub7JZtHrBfd+ay39MTZg=","invert bycatch",,,,,,,,,,"wYCqaZcA+7slXlj5N/mM6vobrh4QDptp",
"0aa111b3-5f57-4ee5-ba1e-b4c16d02b328","BLAN_011.basePlot.bet","D02","BLAN","BLAN_011","S","2015-04-30","2015-05-14","2015-05-15","2015-06-22","2015-06-22","BLAN_011.S.20150514","N4JQ3RFWht13HHHMMMID0foooSVVYxJJhJPFzGmCgg8=","carabid","PTETRI1","Pterostichus trinarius","species",,"Casey",,3,"Lindroth, C. H. 1969. The ground-beetles (Carabidae, excl. Cicindelinae) of Canada and Alaska, parts 1-6. Opuscula E. Entomoligiska Sallskapet.","wYCqaZcA+7slXlj5N/mM6vobrh4QDptp","wYCqaZcA+7slXlj5N/mM6vobrh4QDptp",
"f33eded4-30a3-4c66-9600-80d88781bdd8","BLAN_007.basePlot.bet","D02","BLAN","BLAN_007","S","2015-04-30","2015-05-14","2015-05-15","2015-06-19",,"BLAN_007.S.20150514","bSFRDFDJGfxVcvZJvv+ISvsEDp0v4JH/Zs0W3GCfZQI=","invert bycatch",,,,,,,,,,"wYCqaZcA+7slXlj5N/mM6vobrh4QDptp",
"eec44602-f2a6-415c-90b8-4595116564ce","BLAN_007.basePlot.bet","D02","BLAN","BLAN_007","S","2015-04-30","2015-05-14","2015-05-15","2015-06-19","2015-06-19","BLAN_007.S.20150514","bSFRDFDJGfxVcvZJvv+ISrNpoYBcZYM/7lYwzs8XvYA=","carabid","DICAMB","Dicaelus ambiguus","species",,"LaFerte-Senectere",,1,"Ciegler, J. C. 2000. Ground beetles and wrinkled bark beetles of South Carolina (Coleoptera: Geadephaga: Carabidae and Rhysodidae). Biota of South Carolina. Vol. 1. Clemson, S. Clemson University.","wYCqaZcA+7slXlj5N/mM6vobrh4QDptp","wYCqaZcA+7slXlj5N/mM6vobrh4QDptp",
"8b3adf18-cea1-4827-840d-13eb4b84aa5a","BLAN_001.basePlot.bet","D02","BLAN","BLAN_001","S","2015-04-30","2015-05-14","2015-05-15","2015-06-22",,"BLAN_001.S.20150514","snBNH0r8Ie3oU3fy7HbdkVbMP1kCdazFZBH8C0QHTbo=","invert bycatch",,,,,,,,,,"wYCqaZcA+7slXlj5N/mM6vobrh4QDptp",
"6d2841b3-e354-40c9-9007-ef0a21ce6af1","BLAN_012.basePlot.bet","D02","BLAN","BLAN_012","S","2015-04-30","2015-05-14","2015-05-15","2015-06-08",,"BLAN_012.S.20150514","J0lvmfNn/fcMLVBNGhCcXGDL0YIZMguTpBiRoS4dPJw=","invert bycatch",,,,,,,,,,"wYCqaZcA+7slXlj5N/mM6vobrh4QDptp",
"5d39cc44-8d47-4e07-a9ad-45c2ad30c9d5","BLAN_011.basePlot.bet","D02","BLAN","BLAN_011","S","2015-04-30","2015-05-14","2015-05-15","2015-06-22","2015-06-22","BLAN_011.S.20150514","N4JQ3RFWht13HHHMMMID0aKyJj6tCBkpElCEOOITpxQ=","carabid","CHLAES","Chlaenius aestivus","species",,"Say",,1,"Ciegler, J. C. 2000. Ground beetles and wrinkled bark beetles of South Carolina (Coleoptera: Geadephaga: Carabidae and Rhysodidae). Biota of South Carolina. Vol. 1. Clemson, S. Clemson University.","vEBCcEQSSh8r9pJtyJMpi8WPWOrf6mR2","wYCqaZcA+7slXlj5N/mM6vobrh4QDptp",
"059a64f6-7fd5-47a5-a5db-adb1aa476a5a","BLAN_011.basePlot.bet","D02","BLAN","BLAN_011","S","2015-04-30","2015-05-14","2015-05-15","2015-06-22","2015-06-22","BLAN_011.S.20150514","N4JQ3RFWht13HHHMMMID0X/22dCWc0R8OeP/3H+dQH4=","carabid","CYCFUR","Cyclotrachelus furtivus","species",,"LeConte",,1,"Freitag, R. 1969. A revision of the species of the genus Evarthrus LeConte. Quaestiones Entomologicae 5:89-212.","wYCqaZcA+7slXlj5N/mM6vobrh4QDptp","wYCqaZcA+7slXlj5N/mM6vobrh4QDptp",
"715403aa-6e0a-475e-8f8b-1808f4d7261f","BLAN_009.basePlot.bet","D02","BLAN","BLAN_009","S","2015-04-30","2015-05-14","2015-05-15","2015-06-17","2015-06-17","BLAN_009.S.20150514","7TKpA4ipJZD/eLeUcyr09Xr8+JnnutxWNqqMSwt/Erc=","carabid","CYCFUR","Cyclotrachelus furtivus","species",,"LeConte",,1,"Freitag, R. 1969. A revision of the species of the genus Evarthrus LeConte. Quaestiones Entomologicae 5:89-212.","wYCqaZcA+7slXlj5N/mM6vobrh4QDptp","wYCqaZcA+7slXlj5N/mM6vobrh4QDptp",
"0ca7e373-6033-4881-b6da-42a0b193cd6e","BLAN_011.basePlot.bet","D02","BLAN","BLAN_011","S","2015-04-30","2015-05-14","2015-05-15","2015-06-22",,"BLAN_011.S.20150514","N4JQ3RFWht13HHHMMMID0Q+Kq5na09w7NGmgrXJf8m8=","invert bycatch",,,,,,,,,,"wYCqaZcA+7slXlj5N/mM6vobrh4QDptp",
"a468b471-2853-4df0-a4ad-f8e19fb8c692","BLAN_006.basePlot.bet","D02","BLAN","BLAN_006","S","2015-04-30","2015-05-14","2015-05-15","2015-06-08",,"BLAN_006.S.20150514","YPnoadCppCzewqzz7FEYf+A4nhIlajWMDJXph32hUac=","invert bycatch",,,,,,,,,,"wYCqaZcA+7slXlj5N/mM6vobrh4QDptp",
"2ccccf89-240d-4ee4-9ead-b4f980acea62","BLAN_011.basePlot.bet","D02","BLAN","BLAN_011","S","2015-04-30","2015-05-14","2015-05-15","2015-06-22",,"BLAN_011.S.20150514","N4JQ3RFWht13HHHMMMID0Q+Kq5na09w7X+E4yUQlvRg=","invert bycatch",,,,,,,,,,"wYCqaZcA+7slXlj5N/mM6vobrh4QDptp",
"04d98e10-e2f3-4cb8-be16-4acd8a557183","BLAN_002.basePlot.bet","D02","BLAN","BLAN_002","S","2015-04-30","2015-05-14","2015-05-15","2015-06-24",,"BLAN_002.S.20150514","pAIsJl1bu+E8Xbm7/DkTAs3l9i289JF1fEnqjiqA2WQ=","invert bycatch",,,,,,,,,,"wYCqaZcA+7slXlj5N/mM6vobrh4QDptp",
"1952d301-fe65-4717-b53d-d27405d33748","BLAN_009.basePlot.bet","D02","BLAN","BLAN_009","S","2015-04-30","2015-05-14","2015-05-15","2015-06-17",,"BLAN_009.S.20150514","7TKpA4ipJZD/eLeUcyr09UPub7JZtHrBxjqN6GVIJuE=","invert bycatch",,,,,,,,,,"wYCqaZcA+7slXlj5N/mM6vobrh4QDptp",
"92a7498c-687d-4df7-8fab-b22624ac04e6","BLAN_009.basePlot.bet","D02","BLAN","BLAN_009","S","2015-04-30","2015-05-14","2015-05-15","2015-06-17","2015-06-17","BLAN_009.S.20150514","7TKpA4ipJZD/eLeUcyr09eqSqVOBCtQl4INpC2E6rxY=","carabid","CHLAES","Chlaenius aestivus","species",,"Say",,5,"Ciegler, J. C. 2000. Ground beetles and wrinkled bark beetles of South Carolina (Coleoptera: Geadephaga: Carabidae and Rhysodidae). Biota of South Carolina. Vol. 1. Clemson, S. Clemson University.","fhqXNoOkfxgxeumX3nh8hiKzTnt5lZ8Br3PaGAyV7lk=","wYCqaZcA+7slXlj5N/mM6vobrh4QDptp",
"ada86218-230f-4ae1-b15d-424b3c42b032","BLAN_009.basePlot.bet","D02","BLAN","BLAN_009","S","2015-04-30","2015-05-14","2015-05-15","2015-06-17",,"BLAN_009.S.20150514","7TKpA4ipJZD/eLeUcyr09UPub7JZtHrB7TOix9e8GBg=","invert bycatch",,,,,,,,,,"wYCqaZcA+7slXlj5N/mM6vobrh4QDptp",
"7d1eddd8-0f24-449d-bdfc-daf267774fe7","BLAN_001.basePlot.bet","D02","BLAN","BLAN_001","S","2015-04-30","2015-05-14","2015-05-15","2015-06-22",,"BLAN_001.S.20150514","snBNH0r8Ie3oU3fy7HbdkVbMP1kCdazFozN6EvklXx4=","invert bycatch",,,,,,,,,,"wYCqaZcA+7slXlj5N/mM6vobrh4QDptp",
"8c5d0734-1e1e-4c5d-abc5-10741c94f0f2","BLAN_005.basePlot.bet","D02","BLAN","BLAN_005","S","2015-04-30","2015-05-14","2015-05-15","2015-06-24",,"BLAN_005.S.20150514","z8g4o9caFROyny+EfIixsKS7JEWXROzZ9XvQw4ZJ8IM=","invert bycatch",,,,,,,,,,"wYCqaZcA+7slXlj5N/mM6vobrh4QDptp",
"057dd2d9-906a-49eb-836f-70ff316ef8cf","BLAN_005.basePlot.bet","D02","BLAN","BLAN_005","S","2015-04-30","2015-05-14","2015-05-15","2015-06-24","2015-06-24","BLAN_005.S.20150514","z8g4o9caFROyny+EfIixsPGFsRih1XpJWzbfY0J6GnQ=","carabid","CHLAES","Chlaenius aestivus","species",,"Say",,2,"Ciegler, J. C. 2000. Ground beetles and wrinkled bark beetles of South Carolina (Coleoptera: Geadephaga: Carabidae and Rhysodidae). Biota of South Carolina. Vol. 1. Clemson, S. Clemson University.","vEBCcEQSSh8r9pJtyJMpi8WPWOrf6mR2","wYCqaZcA+7slXlj5N/mM6vobrh4QDptp",
"69687535-c373-4405-bc04-9f1880f7c411","BLAN_012.basePlot.bet","D02","BLAN","BLAN_012","S","2015-04-30","2015-05-14","2015-05-15","2015-06-08","2015-06-08","BLAN_012.S.20150514","J0lvmfNn/fcMLVBNGhCcXNzWUsu9Z942FUXxsRWKRdQ=","carabid","CHLAES","Chlaenius aestivus","species",,"Say",,15,"Ciegler, J. C. 2000. Ground beetles and wrinkled bark beetles of South Carolina (Coleoptera: Geadephaga: Carabidae and Rhysodidae). Biota of South Carolina. Vol. 1. Clemson, S. Clemson University.","OkD7GLun5+2axcMZFkkGzqUglhn8Dr4Y","wYCqaZcA+7slXlj5N/mM6vobrh4QDptp",
"c2c5246c-a68d-4e6d-b4f6-b21542634d36","BLAN_012.basePlot.bet","D02","BLAN","BLAN_012","S","2015-04-30","2015-05-14","2015-05-15","2015-06-08",,"BLAN_012.S.20150514","J0lvmfNn/fcMLVBNGhCcXGDL0YIZMguTB1icFuN0Lms=","invert bycatch",,,,,,,,,,"wYCqaZcA+7slXlj5N/mM6vobrh4QDptp",
"be43eef7-ff6b-44fe-8cc5-1fce807e8edd","BLAN_004.basePlot.bet","D02","BLAN","BLAN_004","S","2015-04-30","2015-05-14","2015-05-15","2015-06-19","2015-06-19","BLAN_004.S.20150514","zD/pbYGBt/CNI35fc9ji9PDYFWB2MYyHNJTHWGZg+Uw=","carabid","CHLAES","Chlaenius aestivus","species",,"Say",,3,"Ciegler, J. C. 2000. Ground beetles and wrinkled bark beetles of South Carolina (Coleoptera: Geadephaga: Carabidae and Rhysodidae). Biota of South Carolina. Vol. 1. Clemson, S. Clemson University.","wYCqaZcA+7slXlj5N/mM6vobrh4QDptp","wYCqaZcA+7slXlj5N/mM6vobrh4QDptp",
"4f03a3ea-9a3e-44ac-853f-03f6afebde14","BLAN_004.basePlot.bet","D02","BLAN","BLAN_004","S","2015-04-30","2015-05-14","2015-05-15","2015-06-19","2015-06-19","BLAN_004.S.20150514","zD/pbYGBt/CNI35fc9ji9O0pUbiRcLB9UImATbWNjfg=","carabid","POELUC","Poecilus lucublandus","species",,"Say",,1,"Ciegler, J. C. 2000. Ground beetles and wrinkled bark beetles of South Carolina (Coleoptera: Geadephaga: Carabidae and Rhysodidae). Biota of South Carolina. Vol. 1. Clemson, S. Clemson University.","wYCqaZcA+7slXlj5N/mM6vobrh4QDptp","wYCqaZcA+7slXlj5N/mM6vobrh4QDptp",
"592ed16a-bc25-4e21-bdad-22fd455759b1","BLAN_007.basePlot.bet","D02","BLAN","BLAN_007","S","2015-04-30","2015-05-14","2015-05-15","2015-06-19",,"BLAN_007.S.20150514","bSFRDFDJGfxVcvZJvv+ISvsEDp0v4JH/keFi+gMR4qQ=","invert bycatch",,,,,,,,,,"wYCqaZcA+7slXlj5N/mM6vobrh4QDptp",
"4cb566d2-13e1-48a1-a264-de30ddb42dac","BLAN_004.basePlot.bet","D02","BLAN","BLAN_004","S","2015-04-30","2015-05-14","2015-05-15","2015-06-19",,"BLAN_004.S.20150514","zD/pbYGBt/CNI35fc9ji9H/cgfor+H6HEwpD95EJ7oc=","invert bycatch",,,,,,,,,,"wYCqaZcA+7slXlj5N/mM6vobrh4QDptp",
"2da35e31-a43f-4f2e-94c7-922a29f8a1fc","BLAN_003.basePlot.bet","D02","BLAN","BLAN_003","S","2015-04-30","2015-05-14","2015-05-15","2015-06-18",,"BLAN_003.S.20150514","qWnRnvyEnOw8ZG3glPjrxl2jNXB4iFEdoIS5Xt5K7rk=","invert bycatch",,,,,,,,,,"wYCqaZcA+7slXlj5N/mM6vobrh4QDptp",
"aeb19f14-ebaf-447e-b819-e64abd768833","BLAN_007.basePlot.bet","D02","BLAN","BLAN_007","S","2015-04-30","2015-05-14","2015-05-15","2015-06-19","2015-06-19","BLAN_007.S.20150514","bSFRDFDJGfxVcvZJvv+ISswRt0vJAIASDTUuBU0jUzg=","carabid","PTETRI1","Pterostichus trinarius","species",,"Casey",,1,"Lindroth, C. H. 1969. The ground-beetles (Carabidae, excl. Cicindelinae) of Canada and Alaska, parts 1-6. Opuscula E. Entomoligiska Sallskapet.","wYCqaZcA+7slXlj5N/mM6vobrh4QDptp","wYCqaZcA+7slXlj5N/mM6vobrh4QDptp",
"f6f2fc69-f9c3-4e87-a552-e3937ac9cded","BLAN_007.basePlot.bet","D02","BLAN","BLAN_007","S","2015-04-30","2015-05-14","2015-05-15","2015-06-19","2015-06-19","BLAN_007.S.20150514","bSFRDFDJGfxVcvZJvv+ISkug9Upcc9gg6LvF9TGCGOA=","carabid","NOTAEN","Notiophilus aeneus","species",,"Herbst",,1,"Bousquet, Y. 2010b. Illustrated Identification Guide to Adults and Larvae of Northeastern North American Ground Beetles (Coleoptera: Carabidae). 1st Ed. Pensoft Publishers, Sofia, Bulgaria.","wYCqaZcA+7slXlj5N/mM6vobrh4QDptp","wYCqaZcA+7slXlj5N/mM6vobrh4QDptp",
"5edb60ab-1544-41a9-9be2-86b340cf941c","BLAN_007.basePlot.bet","D02","BLAN","BLAN_007","E","2015-04-30","2015-05-14","2015-05-15","2015-06-19","2015-06-19","BLAN_007.E.20150514","bSFRDFDJGfyH7CX1vhlSl8/U1uYAGJW28EzEjWpSuio=","carabid","CHLAES","Chlaenius aestivus","species",,"Say",,6,"Ciegler, J. C. 2000. Ground beetles and wrinkled bark beetles of South Carolina (Coleoptera: Geadephaga: Carabidae and Rhysodidae). Biota of South Carolina. Vol. 1. Clemson, S. Clemson University.","wYCqaZcA+7slXlj5N/mM6vobrh4QDptp","wYCqaZcA+7slXlj5N/mM6vobrh4QDptp",
"ea95c21c-c90f-46ce-91c1-592955ef9db6","BLAN_011.basePlot.bet","D02","BLAN","BLAN_011","E","2015-04-30","2015-05-14","2015-05-15","2015-06-22",,"BLAN_011.E.20150514","N4JQ3RFWht1UiEJPpKgW2wnIqNXs31PTFHXpnklSvTg=","invert bycatch",,,,,,,,,,"wYCqaZcA+7slXlj5N/mM6vobrh4QDptp",
"1767b016-db55-4aaa-9aa8-73c00a515098","BLAN_011.basePlot.bet","D02","BLAN","BLAN_011","E","2015-04-30","2015-05-14","2015-05-15","2015-06-22",,"BLAN_011.E.20150514","N4JQ3RFWht1UiEJPpKgW2wnIqNXs31PTgTQ6BhNgpYw=","invert bycatch",,,,,,,,,,"wYCqaZcA+7slXlj5N/mM6vobrh4QDptp",
"1debfb10-1a23-4e0a-b430-5b66f330bb5b","BLAN_011.basePlot.bet","D02","BLAN","BLAN_011","E","2015-04-30","2015-05-14","2015-05-15","2015-06-22","2015-06-22","BLAN_011.E.20150514","N4JQ3RFWht1UiEJPpKgW28nTa/g5IXfpCOWEEV+T5Pc=","carabid","CHLAES","Chlaenius aestivus","species",,"Say",,8,"Ciegler, J. C. 2000. Ground beetles and wrinkled bark beetles of South Carolina (Coleoptera: Geadephaga: Carabidae and Rhysodidae). Biota of South Carolina. Vol. 1. Clemson, S. Clemson University.","vEBCcEQSSh8r9pJtyJMpi8WPWOrf6mR2","wYCqaZcA+7slXlj5N/mM6vobrh4QDptp",
"2a9ab806-0173-4418-81bb-6fe7425542a3","BLAN_006.basePlot.bet","D02","BLAN","BLAN_006","E","2015-04-30","2015-05-14","2015-05-15","2015-06-08",,"BLAN_006.E.20150514","YPnoadCppCw/xFNAB855me2i4hgMB/bfxFnVHzqQYV4=","invert bycatch",,,,,,,,,,"wYCqaZcA+7slXlj5N/mM6vobrh4QDptp",
"9a1b540c-b169-4fa0-9997-e2912b68a431","BLAN_006.basePlot.bet","D02","BLAN","BLAN_006","E","2015-04-30","2015-05-14","2015-05-15","2015-06-08","2015-06-08","BLAN_006.E.20150514","YPnoadCppCw/xFNAB855mYgh05P6ssSOhm5Saijub+4=","carabid","CYCFUR","Cyclotrachelus furtivus","species",,"LeConte",,1,"Freitag, R. 1969. A revision of the species of the genus Evarthrus LeConte. Quaestiones Entomologicae 5:89-212.","wYCqaZcA+7slXlj5N/mM6vobrh4QDptp","wYCqaZcA+7slXlj5N/mM6vobrh4QDptp",
"5aa1ed2a-b019-4ea9-bee5-4e59d8ee338d","BLAN_009.basePlot.bet","D02","BLAN","BLAN_009","E","2015-04-30","2015-05-14","2015-05-15","2015-06-17",,"BLAN_009.E.20150514","7TKpA4ipJZDyHyTXy7ZdZyX9I2wFiOwIx6f9i/WOm7Q=","invert bycatch",,,,,,,,,,"wYCqaZcA+7slXlj5N/mM6vobrh4QDptp",
"6de6b6af-9a63-408c-88e9-37965d3b1b65","BLAN_009.basePlot.bet","D02","BLAN","BLAN_009","E","2015-04-30","2015-05-14","2015-05-15","2015-06-17",,"BLAN_009.E.20150514","7TKpA4ipJZDyHyTXy7ZdZyX9I2wFiOwIpl+H9FxePoo=","invert bycatch",,,,,,,,,,"wYCqaZcA+7slXlj5N/mM6vobrh4QDptp",
"cc3ab79d-f3ca-4437-a5d0-5a5aaf80a37a","BLAN_009.basePlot.bet","D02","BLAN","BLAN_009","E","2015-04-30","2015-05-14","2015-05-15","2015-06-17","2015-06-17","BLAN_009.E.20150514","7TKpA4ipJZDyHyTXy7ZdZzZejYw0ItAZxYqaQvzL5cM=","carabid","CHLAES","Chlaenius aestivus","species",,"Say",,5,"Ciegler, J. C. 2000. Ground beetles and wrinkled bark beetles of South Carolina (Coleoptera: Geadephaga: Carabidae and Rhysodidae). Biota of South Carolina. Vol. 1. Clemson, S. Clemson University.","fhqXNoOkfxgxeumX3nh8hiKzTnt5lZ8Br3PaGAyV7lk=","wYCqaZcA+7slXlj5N/mM6vobrh4QDptp",
"a7232644-9f2f-4ee4-9ef6-9a4e526e4009","BLAN_009.basePlot.bet","D02","BLAN","BLAN_009","E","2015-04-30","2015-05-14","2015-05-15","2015-06-17",,"BLAN_009.E.20150514","7TKpA4ipJZDyHyTXy7ZdZyX9I2wFiOwItVDqFRcjp3g=","invert bycatch",,,,,,,,,,"wYCqaZcA+7slXlj5N/mM6vobrh4QDptp",
"b2a6d268-d99e-46a1-a914-2cc98537907d","BLAN_009.basePlot.bet","D02","BLAN","BLAN_009","E","2015-04-30","2015-05-14","2015-05-15","2015-06-17","2015-06-17","BLAN_009.E.20150514","7TKpA4ipJZDyHyTXy7ZdZz3wJ4MM4R1lPdZHEwNntfs=","carabid","PTETRI1","Pterostichus trinarius","species",,"Casey",,2,"Lindroth, C. H. 1969. The ground-beetles (Carabidae, excl. Cicindelinae) of Canada and Alaska, parts 1-6. Opuscula E. Entomoligiska Sallskapet.","wYCqaZcA+7slXlj5N/mM6vobrh4QDptp","wYCqaZcA+7slXlj5N/mM6vobrh4QDptp",
"1e020b5c-99e8-4073-baa9-b7e374cd8884","BLAN_002.basePlot.bet","D02","BLAN","BLAN_002","E","2015-04-30","2015-05-14","2015-05-15","2015-06-24",,"BLAN_002.E.20150514","pAIsJl1bu+EhoVbsGjTwWsOtWmKeHdwD2Si9gOQcTmU=","invert bycatch",,,,,,,,,,"wYCqaZcA+7slXlj5N/mM6vobrh4QDptp",
"30eb9ea2-a866-4ffd-b798-47dca8f60137","BLAN_002.basePlot.bet","D02","BLAN","BLAN_002","E","2015-04-30","2015-05-14","2015-05-15","2015-06-24","2015-10-26","BLAN_002.E.20150514","pAIsJl1bu+EhoVbsGjTwWrr8Iw7j9v+X/sdJ2SNt0OY=","carabid","ANIOVU","Anisodactylus ovularis","species",,"Casey",,1,"Noonan, G. R. 1973. The Anisodactylines (Insecta: Coleoptera: Carabidae: Harpalini): classification, evolution and zoogeography. Quaestiones Entomologicae 9:266-480.","wYCqaZcA+7slXlj5N/mM6vobrh4QDptp","wYCqaZcA+7slXlj5N/mM6vobrh4QDptp",
"45b6fd63-598b-4fdd-affa-8e71a5ca70d2","BLAN_012.basePlot.bet","D02","BLAN","BLAN_012","E","2015-04-30","2015-05-14","2015-05-15","2015-06-08","2015-06-08","BLAN_012.E.20150514","J0lvmfNn/fev68GQtXYsHlXiVwtiAl8ESH1Cmnfu7n4=","carabid","CHLAES","Chlaenius aestivus","species",,"Say",,1,"Ciegler, J. C. 2000. Ground beetles and wrinkled bark beetles of South Carolina (Coleoptera: Geadephaga: Carabidae and Rhysodidae). Biota of South Carolina. Vol. 1. Clemson, S. Clemson University.","OkD7GLun5+2axcMZFkkGzqUglhn8Dr4Y","wYCqaZcA+7slXlj5N/mM6vobrh4QDptp",
"72f2a636-a747-4610-867f-80c9bcd9d3c0","BLAN_012.basePlot.bet","D02","BLAN","BLAN_012","E","2015-04-30","2015-05-14","2015-05-15","2015-06-08",,"BLAN_012.E.20150514","J0lvmfNn/fev68GQtXYsHlXMfKVaZcBgwxITDRXnWSI=","invert bycatch",,,,,,,,,,"wYCqaZcA+7slXlj5N/mM6vobrh4QDptp",
"3aae7333-77b0-4e77-a0ef-14cc5000c72b","BLAN_012.basePlot.bet","D02","BLAN","BLAN_012","E","2015-04-30","2015-05-14","2015-05-15","2015-06-08",,"BLAN_012.E.20150514","J0lvmfNn/fev68GQtXYsHlXMfKVaZcBgLFoZ+d5U9UA=","invert bycatch",,,,,,,,,,"wYCqaZcA+7slXlj5N/mM6vobrh4QDptp",
"d6a40361-0a19-4c1e-b0e0-c5a8bb8ff16f","BLAN_005.basePlot.bet","D02","BLAN","BLAN_005","E","2015-04-30","2015-05-14","2015-05-15","2015-06-24",,"BLAN_005.E.20150514","z8g4o9caFRNBjyTGQyR3EZErosyC4EVAYjBoLSfHwLs=","invert bycatch",,,,,,,,,,"wYCqaZcA+7slXlj5N/mM6vobrh4QDptp",
"6134d19a-57aa-4fde-8b3b-2c7011d686c9","BLAN_005.basePlot.bet","D02","BLAN","BLAN_005","E","2015-04-30","2015-05-14","2015-05-15","2015-06-24","2015-06-24","BLAN_005.E.20150514","z8g4o9caFRNBjyTGQyR3EWGs1HJuRRIkpuVZJ+XzNlk=","carabid","CHLAES","Chlaenius aestivus","species",,"Say",,4,"Ciegler, J. C. 2000. Ground beetles and wrinkled bark beetles of South Carolina (Coleoptera: Geadephaga: Carabidae and Rhysodidae). Biota of South Carolina. Vol. 1. Clemson, S. Clemson University.","vEBCcEQSSh8r9pJtyJMpi8WPWOrf6mR2","wYCqaZcA+7slXlj5N/mM6vobrh4QDptp",
"e136567f-c58e-45c3-a36a-b3a7d8a8f1a6","BLAN_003.basePlot.bet","D02","BLAN","BLAN_003","E","2015-04-30","2015-05-14","2015-05-15","2015-06-18",,"BLAN_003.E.20150514","qWnRnvyEnOyTg93fo0GlNKIXhW1IA4w9VVdl3D6DnTo=","invert bycatch",,,,,,,,,,"wYCqaZcA+7slXlj5N/mM6vobrh4QDptp",
"ecf6cb31-4862-4835-b00e-59431c791439","BLAN_001.basePlot.bet","D02","BLAN","BLAN_001","E","2015-04-30","2015-05-14","2015-05-15","2015-06-22",,"BLAN_001.E.20150514","snBNH0r8Ie27sIQ3i0ssVoz+7lyX/KgIFLpcXzygokM=","invert bycatch",,,,,,,,,,"wYCqaZcA+7slXlj5N/mM6vobrh4QDptp",
"d08a56f4-046c-4ebf-b097-66bc0a082578","BLAN_001.basePlot.bet","D02","BLAN","BLAN_001","E","2015-04-30","2015-05-14","2015-05-15","2015-06-22","2015-06-22","BLAN_001.E.20150514","snBNH0r8Ie27sIQ3i0ssVgI8OxAN0ZMsE2xMx2eGFqs=","carabid","PTEMUT2","Pterostichus mutus","species",,"Say",,1,"Bousquet, Y. 2010b. Illustrated Identification Guide to Adults and Larvae of Northeastern North American Ground Beetles (Coleoptera: Carabidae). 1st Ed. Pensoft Publishers, Sofia, Bulgaria.","wYCqaZcA+7slXlj5N/mM6vobrh4QDptp","wYCqaZcA+7slXlj5N/mM6vobrh4QDptp",
"f540c641-1949-4e06-9b65-923ca64499b6","BLAN_001.basePlot.bet","D02","BLAN","BLAN_001","E","2015-04-30","2015-05-14","2015-05-15","2015-06-22","2015-06-22","BLAN_001.E.20150514","snBNH0r8Ie27sIQ3i0ssVtZWYXaVw7amz4NezfUek3Q=","carabid","CHLAES","Chlaenius aestivus","species",,"Say",,1,"Ciegler, J. C. 2000. Ground beetles and wrinkled bark beetles of South Carolina (Coleoptera: Geadephaga: Carabidae and Rhysodidae). Biota of South Carolina. Vol. 1. Clemson, S. Clemson University.","vEBCcEQSSh8r9pJtyJMpi8WPWOrf6mR2","wYCqaZcA+7slXlj5N/mM6vobrh4QDptp",
"295d5873-76fb-4dda-8e92-f7b2119e46df","BLAN_007.basePlot.bet","D02","BLAN","BLAN_007","S","2015-04-30","2015-05-14","2015-05-15","2015-06-19","2015-06-19","BLAN_007.S.20150514","bSFRDFDJGfxVcvZJvv+ISg4RoKlnKfoww/kWHnl0E1w=","carabid","CHLAES","Chlaenius aestivus","species",,"Say",,20,"Ciegler, J. C. 2000. Ground beetles and wrinkled bark beetles of South Carolina (Coleoptera: Geadephaga: Carabidae and Rhysodidae). Biota of South Carolina. Vol. 1. Clemson, S. Clemson University.","wYCqaZcA+7slXlj5N/mM6vobrh4QDptp","wYCqaZcA+7slXlj5N/mM6vobrh4QDptp",
"2e5fdad2-1cab-47ad-8b5a-40346bb3b92f","BLAN_001.basePlot.bet","D02","BLAN","BLAN_001","W","2015-04-30","2015-05-14","2015-05-15","2015-06-22",,"BLAN_001.W.20150514","snBNH0r8Ie2U/GXK/PObvyTSPvV0ZfBR8a1jHdXneD4=","invert bycatch",,,,,,,,,,"wYCqaZcA+7slXlj5N/mM6vobrh4QDptp",
"13f9e512-43e5-4568-91a0-63366d66c6dc","BLAN_004.basePlot.bet","D02","BLAN","BLAN_004","W","2015-04-30","2015-05-14","2015-05-15","2015-06-19",,"BLAN_004.W.20150514","zD/pbYGBt/BuUxBT/0jXnTRf6YeEt8KSIQYwwPPU+zg=","invert bycatch",,,,,,,,,,"wYCqaZcA+7slXlj5N/mM6vobrh4QDptp",
"e7c0af75-821a-401f-aace-2b5352990041","BLAN_007.basePlot.bet","D02","BLAN","BLAN_007","W","2015-04-30","2015-05-14","2015-05-15","2015-06-19",,"BLAN_007.W.20150514","bSFRDFDJGfxXYFGFgSAAn2/JpBjPOJoEgzSEpGT5/K0=","invert bycatch",,,,,,,,,,"wYCqaZcA+7slXlj5N/mM6vobrh4QDptp",
"708f673a-50c9-4104-a10d-1cba02d03bfd","BLAN_007.basePlot.bet","D02","BLAN","BLAN_007","W","2015-04-30","2015-05-14","2015-05-15","2015-06-19",,"BLAN_007.W.20150514","bSFRDFDJGfxXYFGFgSAAn2/JpBjPOJoEJE9yHnMqsbI=","invert bycatch",,,,,,,,,,"wYCqaZcA+7slXlj5N/mM6vobrh4QDptp",
"1f4860e0-36c1-4e4b-81d5-1a0e122703c1","BLAN_005.basePlot.bet","D02","BLAN","BLAN_005","W","2015-04-30","2015-05-14","2015-05-15","2015-06-24",,"BLAN_005.W.20150514","z8g4o9caFRP037RQd/7+6OkSpoKfRUp3mqb2TEMZ2a8=","invert bycatch",,,,,,,,,,"wYCqaZcA+7slXlj5N/mM6vobrh4QDptp",
"5c0566ee-ce0a-4ab8-8101-19ec91d13410","BLAN_005.basePlot.bet","D02","BLAN","BLAN_005","W","2015-04-30","2015-05-14","2015-05-15","2015-06-24","2015-06-24","BLAN_005.W.20150514","z8g4o9caFRP037RQd/7+6PO73ixh3dPtM4TX0Dmn6MM=","carabid","POELUC","Poecilus lucublandus","species",,"Say",,1,"Ciegler, J. C. 2000. Ground beetles and wrinkled bark beetles of South Carolina (Coleoptera: Geadephaga: Carabidae and Rhysodidae). Biota of South Carolina. Vol. 1. Clemson, S. Clemson University.","wYCqaZcA+7slXlj5N/mM6vobrh4QDptp","wYCqaZcA+7slXlj5N/mM6vobrh4QDptp",
"5fae0fa9-1daf-4605-b00b-2b596fec70d8","BLAN_003.basePlot.bet","D02","BLAN","BLAN_003","W","2015-04-30","2015-05-14","2015-05-15","2015-06-18",,"BLAN_003.W.20150514","qWnRnvyEnOzTkoE7zeEk+FGpOOhYEEZ9VHiW49WGJMI=","invert bycatch",,,,,,,,,,"wYCqaZcA+7slXlj5N/mM6vobrh4QDptp",
"ec5c5490-b5aa-41ab-acc9-39e823e0c2f9","BLAN_001.basePlot.bet","D02","BLAN","BLAN_001","W","2015-04-30","2015-05-14","2015-05-15","2015-06-22","2015-06-22","BLAN_001.W.20150514","snBNH0r8Ie2U/GXK/PObv6xsMdCBkflU2pePgF4n1og=","carabid","CHLAES","Chlaenius aestivus","species",,"Say",,7,"Ciegler, J. C. 2000. Ground beetles and wrinkled bark beetles of South Carolina (Coleoptera: Geadephaga: Carabidae and Rhysodidae). Biota of South Carolina. Vol. 1. Clemson, S. Clemson University.","vEBCcEQSSh8r9pJtyJMpi8WPWOrf6mR2","wYCqaZcA+7slXlj5N/mM6vobrh4QDptp",
"64fb443f-0f0b-4ca7-8d2b-9d3c6f887179","BLAN_001.basePlot.bet","D02","BLAN","BLAN_001","W","2015-04-30","2015-05-14","2015-05-15","2015-06-22",,"BLAN_001.W.20150514","snBNH0r8Ie2U/GXK/PObvyTSPvV0ZfBRe1BEYWliQjw=","invert bycatch",,,,,,,,,,"wYCqaZcA+7slXlj5N/mM6vobrh4QDptp",
"0df0fbbe-0360-4b48-8999-4518fb13e2fc","BLAN_002.basePlot.bet","D02","BLAN","BLAN_002","W","2015-04-30","2015-05-14","2015-05-15","2015-06-24",,"BLAN_002.W.20150514","pAIsJl1bu+GnLLfxBfuTz1mI/yWdhswFcZKIjmsvKd8=","invert bycatch",,,,,,,,,,"wYCqaZcA+7slXlj5N/mM6vobrh4QDptp",
"08390cec-5fc5-474c-b1c2-4a8b99502018","BLAN_002.basePlot.bet","D02","BLAN","BLAN_002","W","2015-04-30","2015-05-14","2015-05-15","2015-06-24","2015-06-24","BLAN_002.W.20150514","pAIsJl1bu+GnLLfxBfuTz6b+6Caot6a9O5vIV5m9L0o=","carabid","TRIFUL","Trichotichnus fulgens","species",,"Csiki",,1,"Ciegler, J. C. 2000. Ground beetles and wrinkled bark beetles of South Carolina (Coleoptera: Geadephaga: Carabidae and Rhysodidae). Biota of South Carolina. Vol. 1. Clemson, S. Clemson University.","wYCqaZcA+7slXlj5N/mM6vobrh4QDptp","wYCqaZcA+7slXlj5N/mM6vobrh4QDptp",
"36cf4b10-e279-4d0c-bc88-b6954ecc60d5","BLAN_012.basePlot.bet","D02","BLAN","BLAN_012","W","2015-04-30","2015-05-14","2015-05-15","2015-06-08",,"BLAN_012.W.20150514","J0lvmfNn/feaRxuGVUQ1EGo5eQOTosRn8p+948DXmC8=","invert bycatch",,,,,,,,,,"wYCqaZcA+7slXlj5N/mM6vobrh4QDptp",
"0bae91ac-9429-4aa5-a2b7-2108fad998e2","BLAN_012.basePlot.bet","D02","BLAN","BLAN_012","W","2015-04-30","2015-05-14","2015-05-15","2015-06-08","2015-06-08","BLAN_012.W.20150514","J0lvmfNn/feaRxuGVUQ1EDnUVB+AhYVFV00XmqAI4R8=","carabid","CHLAES","Chlaenius aestivus","species",,"Say",,2,"Ciegler, J. C. 2000. Ground beetles and wrinkled bark beetles of South Carolina (Coleoptera: Geadephaga: Carabidae and Rhysodidae). Biota of South Carolina. Vol. 1. Clemson, S. Clemson University.","OkD7GLun5+2axcMZFkkGzqUglhn8Dr4Y","wYCqaZcA+7slXlj5N/mM6vobrh4QDptp",
"ecaab558-d22c-4740-8d76-ec427c5656bf","BLAN_012.basePlot.bet","D02","BLAN","BLAN_012","W","2015-04-30","2015-05-14","2015-05-15","2015-06-08",,"BLAN_012.W.20150514","J0lvmfNn/feaRxuGVUQ1EGo5eQOTosRnq5Hgq9U+7SM=","invert bycatch",,,,,,,,,,"wYCqaZcA+7slXlj5N/mM6vobrh4QDptp",
"fcbe3ada-c503-451f-9af4-7288d5ea89ed","BLAN_009.basePlot.bet","D02","BLAN","BLAN_009","W","2015-04-30","2015-05-14","2015-05-15","2015-06-17",,"BLAN_009.W.20150514","7TKpA4ipJZC3iyN1MAGJU7yRcHYAPvnQBh605nROijQ=","invert bycatch",,,,,,,,,,"wYCqaZcA+7slXlj5N/mM6vobrh4QDptp",
"51ddbe5c-bd6e-4fd1-8e41-ae9669abb10a","BLAN_009.basePlot.bet","D02","BLAN","BLAN_009","W","2015-04-30","2015-05-14","2015-05-15","2015-06-17",,"BLAN_009.W.20150514","7TKpA4ipJZC3iyN1MAGJU7yRcHYAPvnQVZLwFaZOCVg=","invert bycatch",,,,,,,,,,"wYCqaZcA+7slXlj5N/mM6vobrh4QDptp",
"b51647f4-2028-4beb-9d44-86dbbd4d6267","BLAN_009.basePlot.bet","D02","BLAN","BLAN_009","W","2015-04-30","2015-05-14","2015-05-15","2015-06-17","2015-06-17","BLAN_009.W.20150514","7TKpA4ipJZC3iyN1MAGJUxopi6BbAfitZCzb+CAH+NE=","carabid","CYCFUR","Cyclotrachelus furtivus","species",,"LeConte",,3,"Freitag, R. 1969. A revision of the species of the genus Evarthrus LeConte. Quaestiones Entomologicae 5:89-212.","wYCqaZcA+7slXlj5N/mM6vobrh4QDptp","wYCqaZcA+7slXlj5N/mM6vobrh4QDptp",
"a16f325b-1c33-4e71-a515-de5265b9b5b6","BLAN_002.basePlot.bet","D02","BLAN","BLAN_002","W","2015-04-30","2015-05-14","2015-05-15","2015-06-24","2015-10-26","BLAN_002.W.20150514","pAIsJl1bu+GnLLfxBfuTzxScz4yntFrl/s2elCKqSKc=","carabid","ANIOVU","Anisodactylus ovularis","species",,"Casey",,1,"Noonan, G. R. 1973. The Anisodactylines (Insecta: Coleoptera: Carabidae: Harpalini): classification, evolution and zoogeography. Quaestiones Entomologicae 9:266-480.","wYCqaZcA+7slXlj5N/mM6vobrh4QDptp","wYCqaZcA+7slXlj5N/mM6vobrh4QDptp",
"0c337fad-77c5-4006-a058-99abd9dbbd66","BLAN_006.basePlot.bet","D02","BLAN","BLAN_006","W","2015-04-30","2015-05-14","2015-05-15","2015-06-08",,"BLAN_006.W.20150514","YPnoadCppCzyoRVJSIz+2MY/sgZLJtE6WwqSsdzzVD4=","invert bycatch",,,,,,,,,,"wYCqaZcA+7slXlj5N/mM6vobrh4QDptp",
"081ef40a-cedf-4879-aec1-0d48f89c0428","BLAN_009.basePlot.bet","D02","BLAN","BLAN_009","W","2015-04-30","2015-05-14","2015-05-15","2015-06-17","2015-06-17","BLAN_009.W.20150514","7TKpA4ipJZC3iyN1MAGJU6sBDEXBxNO1NgYC127d3iM=","carabid","CHLAES","Chlaenius aestivus","species",,"Say",,6,"Ciegler, J. C. 2000. Ground beetles and wrinkled bark beetles of South Carolina (Coleoptera: Geadephaga: Carabidae and Rhysodidae). Biota of South Carolina. Vol. 1. Clemson, S. Clemson University.","fhqXNoOkfxgxeumX3nh8hiKzTnt5lZ8Br3PaGAyV7lk=","wYCqaZcA+7slXlj5N/mM6vobrh4QDptp",
"8c283b42-143e-4b8f-b7d5-c45e2bcab46a","BLAN_009.basePlot.bet","D02","BLAN","BLAN_009","W","2015-04-30","2015-05-14","2015-05-15","2015-06-17","2015-06-17","BLAN_009.W.20150514","7TKpA4ipJZC3iyN1MAGJU5S6YM+HnSazzi6WO3HyHqQ=","carabid","PTETRI1","Pterostichus trinarius","species",,"Casey",,5,"Lindroth, C. H. 1969. The ground-beetles (Carabidae, excl. Cicindelinae) of Canada and Alaska, parts 1-6. Opuscula E. Entomoligiska Sallskapet.","wYCqaZcA+7slXlj5N/mM6vobrh4QDptp","wYCqaZcA+7slXlj5N/mM6vobrh4QDptp",
"1d852c15-893e-4ee8-9200-6b5e32305516","BLAN_009.basePlot.bet","D02","BLAN","BLAN_009","W","2015-04-30","2015-05-14","2015-05-15","2015-06-17",,"BLAN_009.W.20150514","7TKpA4ipJZC3iyN1MAGJU7yRcHYAPvnQEB1/Hp0A5B4=","invert bycatch",,,,,,,,,,"wYCqaZcA+7slXlj5N/mM6vobrh4QDptp",
"f5f14c09-9600-4d83-897b-fbd764843a6d","BLAN_011.basePlot.bet","D02","BLAN","BLAN_011","W","2015-04-30","2015-05-14","2015-05-15","2015-06-22","2015-06-22","BLAN_011.W.20150514","N4JQ3RFWht2mzs2iSx2VGnlw5ZmuIKeqAxLxkKzyoqg=","vert bycatch herp","PLECIN","Plethodon cinereus","species",,"Green",,1,"Conant, R., and J. T. Collins. 1998. A Field Guide to Reptiles and Amphibians: Eastern and Central North America. 3rd Ed. Houghton Mifflin Company, New York, NY.","vEBCcEQSSh8r9pJtyJMpi8WPWOrf6mR2","wYCqaZcA+7slXlj5N/mM6vobrh4QDptp",
"cfdf320c-66f2-45e2-b812-aedc7154fd59","BLAN_011.basePlot.bet","D02","BLAN","BLAN_011","W","2015-04-30","2015-05-14","2015-05-15","2015-06-22","2015-06-22","BLAN_011.W.20150514","N4JQ3RFWht2mzs2iSx2VGia9tyEFr7i2jTa6LcKrBxs=","carabid","CYCFUR","Cyclotrachelus furtivus","species",,"LeConte",,1,"Freitag, R. 1969. A revision of the species of the genus Evarthrus LeConte. Quaestiones Entomologicae 5:89-212.","wYCqaZcA+7slXlj5N/mM6vobrh4QDptp","wYCqaZcA+7slXlj5N/mM6vobrh4QDptp",
"687c22dd-d0ac-46d8-b97c-5a13d00dd514","BLAN_011.basePlot.bet","D02","BLAN","BLAN_011","W","2015-04-30","2015-05-14","2015-05-15","2015-06-22","2015-06-22","BLAN_011.W.20150514","N4JQ3RFWht2mzs2iSx2VGmLI9shLMGE+TMdIZVjYD/A=","carabid","BEMPED","Bembidion pedicellatum","species",,"LeConte",,5,"Lindroth, C. H. 1969. The ground-beetles (Carabidae, excl. Cicindelinae) of Canada and Alaska, parts 1-6. Opuscula E. Entomoligiska Sallskapet.","wYCqaZcA+7slXlj5N/mM6vobrh4QDptp","wYCqaZcA+7slXlj5N/mM6vobrh4QDptp",
"3b640723-c75f-470a-bf66-76c39fba2d30","BLAN_011.basePlot.bet","D02","BLAN","BLAN_011","W","2015-04-30","2015-05-14","2015-05-15","2015-06-22","2015-06-22","BLAN_011.W.20150514","N4JQ3RFWht2mzs2iSx2VGuobV3PZGbofDMAxTTEZUB8=","carabid","CHLAES","Chlaenius aestivus","species",,"Say",,14,"Ciegler, J. C. 2000. Ground beetles and wrinkled bark beetles of South Carolina (Coleoptera: Geadephaga: Carabidae and Rhysodidae). Biota of South Carolina. Vol. 1. Clemson, S. Clemson University.","vEBCcEQSSh8r9pJtyJMpi8WPWOrf6mR2","wYCqaZcA+7slXlj5N/mM6vobrh4QDptp",
"80a9d601-d093-4c62-a2d8-9d57c873aaf0","BLAN_006.basePlot.bet","D02","BLAN","BLAN_006","W","2015-04-30","2015-05-14","2015-05-15","2015-06-08","2015-06-08","BLAN_006.W.20150514","YPnoadCppCzyoRVJSIz+2K4Wfha9UlTVMqpu3tojzRA=","carabid","AGOCON","Agonoleptus conjunctus","species",,"Say",,1,"Bousquet, Y., and P. W. Messer. 2010. Redescription of Stenolophus thoracicus Casey (Coleoptera, Carabidae, Harpalini), a valid species. ZooKeys 53:25-31.","wYCqaZcA+7slXlj5N/mM6vobrh4QDptp","wYCqaZcA+7slXlj5N/mM6vobrh4QDptp",
"5f616439-267f-411b-b4fc-42e1852e2bd8","BLAN_011.basePlot.bet","D02","BLAN","BLAN_011","W","2015-04-30","2015-05-14","2015-05-15","2015-06-22",,"BLAN_011.W.20150514","N4JQ3RFWht2mzs2iSx2VGkw+m/VhawG5Plpu9eixFlg=","invert bycatch",,,,,,,,,,"wYCqaZcA+7slXlj5N/mM6vobrh4QDptp",
"c97e2a23-ed6f-4c15-b0cc-4ec2b1bfdcbb","BLAN_011.basePlot.bet","D02","BLAN","BLAN_011","W","2015-04-30","2015-05-14","2015-05-15","2015-06-22",,"BLAN_011.W.20150514","N4JQ3RFWht2mzs2iSx2VGkw+m/VhawG58Nc6IjM94vM=","invert bycatch",,,,,,,,,,"wYCqaZcA+7slXlj5N/mM6vobrh4QDptp",
"326139fa-7548-4b2a-8abf-20f68900e776","BLAN_011.basePlot.bet","D02","BLAN","BLAN_011","W","2015-04-30","2015-05-14","2015-05-15","2015-06-22","2015-06-22","BLAN_011.W.20150514","N4JQ3RFWht2mzs2iSx2VGkd946xhOHqdQpNYlMIr7Pc=","carabid","PTETRI1","Pterostichus trinarius","species",,"Casey",,1,"Lindroth, C. H. 1969. The ground-beetles (Carabidae, excl. Cicindelinae) of Canada and Alaska, parts 1-6. Opuscula E. Entomoligiska Sallskapet.","wYCqaZcA+7slXlj5N/mM6vobrh4QDptp","wYCqaZcA+7slXlj5N/mM6vobrh4QDptp",
"d5c88382-41e0-4045-a0ef-e62873294a69","BLAN_001.basePlot.bet","D02","BLAN","BLAN_001","E","2015-04-30","2015-05-14","2015-05-15","2015-06-22",,"BLAN_001.E.20150514","snBNH0r8Ie27sIQ3i0ssVoz+7lyX/KgItDjCY+T+ICs=","invert bycatch",,,,,,,,,,"wYCqaZcA+7slXlj5N/mM6vobrh4QDptp",
"620ed8ed-dfe5-488c-afff-51157cace117","BLAN_004.basePlot.bet","D02","BLAN","BLAN_004","E","2015-04-30","2015-05-14","2015-05-15","2015-06-19",,"BLAN_004.E.20150514","zD/pbYGBt/BXsXKT6yBqRVJf3MJWu1RA2WktSUvvrIY=","invert bycatch",,,,,,,,,,"wYCqaZcA+7slXlj5N/mM6vobrh4QDptp",
"71bc219c-c186-4169-b7f0-ec32d4d1b257","BLAN_007.basePlot.bet","D02","BLAN","BLAN_007","E","2015-04-30","2015-05-14","2015-05-15","2015-06-19","2015-06-19","BLAN_007.E.20150514","bSFRDFDJGfyH7CX1vhlSl+Q0KjIeqj3i9/i2xRJtil4=","carabid","PLADEC","Platynus decentis","species",,"Say",,1,"Bousquet, Y. 2010b. Illustrated Identification Guide to Adults and Larvae of Northeastern North American Ground Beetles (Coleoptera: Carabidae). 1st Ed. Pensoft Publishers, Sofia, Bulgaria.","wYCqaZcA+7slXlj5N/mM6vobrh4QDptp","wYCqaZcA+7slXlj5N/mM6vobrh4QDptp",
"a98c2309-8986-47b4-9195-ea42f8b24d1c","BLAN_007.basePlot.bet","D02","BLAN","BLAN_007","E","2015-04-30","2015-05-14","2015-05-15","2015-06-19","2015-06-19","BLAN_007.E.20150514","bSFRDFDJGfyH7CX1vhlSl/qVpSJImLgFpRSuE192Cwc=","carabid","DICAMB","Dicaelus ambiguus","species",,"LaFerte-Senectere",,1,"Ciegler, J. C. 2000. Ground beetles and wrinkled bark beetles of South Carolina (Coleoptera: Geadephaga: Carabidae and Rhysodidae). Biota of South Carolina. Vol. 1. Clemson, S. Clemson University.","wYCqaZcA+7slXlj5N/mM6vobrh4QDptp","wYCqaZcA+7slXlj5N/mM6vobrh4QDptp",
"e02cd10b-83ee-46ce-8755-3802c4a6dc6e","BLAN_007.basePlot.bet","D02","BLAN","BLAN_007","E","2015-04-30","2015-05-14","2015-05-15","2015-06-19",,"BLAN_007.E.20150514","bSFRDFDJGfyH7CX1vhlSl+oWQdWsXGIaToVdRQeJbNI=","invert bycatch",,,,,,,,,,"wYCqaZcA+7slXlj5N/mM6vobrh4QDptp",
"ec94b8a5-592c-4de6-b3d9-fcd8c2f951ff","BLAN_007.basePlot.bet","D02","BLAN","BLAN_007","E","2015-04-30","2015-05-14","2015-05-15","2015-06-19","2015-06-19","BLAN_007.E.20150514","bSFRDFDJGfyH7CX1vhlSl3EEqJnGZTb3RfeQvDs06Sc=","carabid","PTETRI1","Pterostichus trinarius","species",,"Casey",,3,"Lindroth, C. H. 1969. The ground-beetles (Carabidae, excl. Cicindelinae) of Canada and Alaska, parts 1-6. Opuscula E. Entomoligiska Sallskapet.","wYCqaZcA+7slXlj5N/mM6vobrh4QDptp","wYCqaZcA+7slXlj5N/mM6vobrh4QDptp",
"d8e287f0-4253-4cdb-a505-dbeea0d2572c","BLAN_007.basePlot.bet","D02","BLAN","BLAN_007","E","2015-04-30","2015-05-14","2015-05-15","2015-06-19",,"BLAN_007.E.20150514","bSFRDFDJGfyH7CX1vhlSl+oWQdWsXGIaTKQ3H9kAUlY=","invert bycatch",,,,,,,,,,"wYCqaZcA+7slXlj5N/mM6vobrh4QDptp",
"a758a6fc-6c5a-4183-96ff-8031d50d7c99","BLAN_007.basePlot.bet","D02","BLAN","BLAN_007","N","2015-04-30","2015-05-14","2015-05-15","2015-06-19","2015-06-19","BLAN_007.N.20150514","bSFRDFDJGfytG99/VH38tFdg7E/edSiXOc2+s9tE1po=","carabid","PTETRI1","Pterostichus trinarius","species",,"Casey",,1,"Lindroth, C. H. 1969. The ground-beetles (Carabidae, excl. Cicindelinae) of Canada and Alaska, parts 1-6. Opuscula E. Entomoligiska Sallskapet.","wYCqaZcA+7slXlj5N/mM6vobrh4QDptp","wYCqaZcA+7slXlj5N/mM6vobrh4QDptp",
"2da95a4c-1896-4025-bbcf-8f21c390dea7","BLAN_007.basePlot.bet","D02","BLAN","BLAN_007","N","2015-04-30","2015-05-14","2015-05-15","2015-06-19","2015-06-19","BLAN_007.N.20150514","bSFRDFDJGfytG99/VH38tBP1kd2Rs7wZ+vDAj1zM85M=","carabid","CHLAES","Chlaenius aestivus","species",,"Say",,5,"Ciegler, J. C. 2000. Ground beetles and wrinkled bark beetles of South Carolina (Coleoptera: Geadephaga: Carabidae and Rhysodidae). Biota of South Carolina. Vol. 1. Clemson, S. Clemson University.","wYCqaZcA+7slXlj5N/mM6vobrh4QDptp","wYCqaZcA+7slXlj5N/mM6vobrh4QDptp",
"1a24d5d1-fae1-47bc-a4d3-1f241021bd10","BLAN_007.basePlot.bet","D02","BLAN","BLAN_007","N","2015-04-30","2015-05-14","2015-05-15","2015-06-19",,"BLAN_007.N.20150514","bSFRDFDJGfytG99/VH38tIT6+DotYGNo3hmd0LRD5e8=","invert bycatch",,,,,,,,,,"wYCqaZcA+7slXlj5N/mM6vobrh4QDptp",
"0504cd7a-1c16-4726-90cd-3723c77f2d14","BLAN_007.basePlot.bet","D02","BLAN","BLAN_007","N","2015-04-30","2015-05-14","2015-05-15","2015-06-19",,"BLAN_007.N.20150514","bSFRDFDJGfytG99/VH38tIT6+DotYGNoLyLceIGI4s4=","invert bycatch",,,,,,,,,,"wYCqaZcA+7slXlj5N/mM6vobrh4QDptp",
"1aee889b-73da-4c15-a324-73511946288a","BLAN_004.basePlot.bet","D02","BLAN","BLAN_004","N","2015-04-30","2015-05-14","2015-05-15","2015-06-19",,"BLAN_004.N.20150514","zD/pbYGBt/C/aB+ZJY3XZyfSMd8+zMmICSZdp8/afOQ=","invert bycatch",,,,,,,,,,"wYCqaZcA+7slXlj5N/mM6vobrh4QDptp",
"06544833-0404-41b9-9fc6-a9889d197453","BLAN_001.basePlot.bet","D02","BLAN","BLAN_001","N","2015-04-30","2015-05-14","2015-05-15","2015-06-22","2015-06-22","BLAN_001.N.20150514","snBNH0r8Ie2dc6Bc7EcuB5pXn2k2ihDTCd/cXXg/S00=","carabid","CHLAES","Chlaenius aestivus","species",,"Say",,4,"Ciegler, J. C. 2000. Ground beetles and wrinkled bark beetles of South Carolina (Coleoptera: Geadephaga: Carabidae and Rhysodidae). Biota of South Carolina. Vol. 1. Clemson, S. Clemson University.","vEBCcEQSSh8r9pJtyJMpi8WPWOrf6mR2","wYCqaZcA+7slXlj5N/mM6vobrh4QDptp",
"1cd22fce-f88f-4fab-9e28-2679f2802c6d","BLAN_001.basePlot.bet","D02","BLAN","BLAN_001","N","2015-04-30","2015-05-14","2015-05-15","2015-06-22",,"BLAN_001.N.20150514","snBNH0r8Ie2dc6Bc7EcuB562k/X7S9gJFKxnqchRBgc=","invert bycatch",,,,,,,,,,"wYCqaZcA+7slXlj5N/mM6vobrh4QDptp",
"2bf3985f-4542-430b-9f73-6da4049bfe57","BLAN_003.basePlot.bet","D02","BLAN","BLAN_003","N","2015-04-30","2015-05-14","2015-05-15","2015-06-18",,"BLAN_003.N.20150514","qWnRnvyEnOx1fxKxt0MOleVvtYG4FxQH+u1ejoiIKRA=","invert bycatch",,,,,,,,,,"wYCqaZcA+7slXlj5N/mM6vobrh4QDptp",
"51ce68a1-0411-474b-916a-1aaf1a492f2f","BLAN_001.basePlot.bet","D02","BLAN","BLAN_001","N","2015-04-30","2015-05-14","2015-05-15","2015-06-22",,"BLAN_001.N.20150514","snBNH0r8Ie2dc6Bc7EcuB562k/X7S9gJZ2u3inrV8uU=","invert bycatch",,,,,,,,,,"wYCqaZcA+7slXlj5N/mM6vobrh4QDptp",
"07c506b3-0404-4d0c-8616-ca41d1a9bf78","BLAN_012.basePlot.bet","D02","BLAN","BLAN_012","N","2015-04-30","2015-05-14","2015-05-15","2015-06-08",,"BLAN_012.N.20150514","J0lvmfNn/ffePszKztR5ZDyZuYPFT7PNVuDxdKN6qCE=","invert bycatch",,,,,,,,,,"wYCqaZcA+7slXlj5N/mM6vobrh4QDptp",
"d37c5eda-7033-4199-95b2-1cdd4b6770a2","BLAN_005.basePlot.bet","D02","BLAN","BLAN_005","N","2015-04-30","2015-05-14","2015-05-15","2015-06-24","2015-10-24","BLAN_005.N.20150514","z8g4o9caFRMjyse/PCVBHJt09f1UbRH0h5/DwV+BlcY=","carabid","TACPOT","Tachys potomaca","species",,"Erwin",,1,"Erwin, T.L. 1981 Natural History of Plummers Island, Maryland. XXVI. The Ground Beetles of a Temperate Forest Site: An Analysis of Fauna in Relation to Size, Habitat Selection, Vagility, Seasonality, and Extinction. Bull Biol Soc Washington, 5, 105-224.","wYCqaZcA+7slXlj5N/mM6vobrh4QDptp","wYCqaZcA+7slXlj5N/mM6vobrh4QDptp",
"a403ffa5-c34f-4d4d-bd3f-869367889e2c","BLAN_005.basePlot.bet","D02","BLAN","BLAN_005","N","2015-04-30","2015-05-14","2015-05-15","2015-06-24",,"BLAN_005.N.20150514","z8g4o9caFRMjyse/PCVBHPZcEqh1CztbXwq1/mK9VWY=","invert bycatch",,,,,,,,,,"wYCqaZcA+7slXlj5N/mM6vobrh4QDptp",
"263e3b79-5419-4e09-82f4-b04315fa8309","BLAN_012.basePlot.bet","D02","BLAN","BLAN_012","N","2015-04-30","2015-05-14","2015-05-15","2015-06-08",,"BLAN_012.N.20150514","J0lvmfNn/ffePszKztR5ZDyZuYPFT7PNd7BbaY+d7Ro=","invert bycatch",,,,,,,,,,"wYCqaZcA+7slXlj5N/mM6vobrh4QDptp",
"b81b409c-0fb8-44ee-a44e-0844bb5a41f4","BLAN_002.basePlot.bet","D02","BLAN","BLAN_002","N","2015-04-30","2015-05-14","2015-05-15","2015-06-24",,"BLAN_002.N.20150514","pAIsJl1bu+HXiZP2divGM8j8ht6n3rmURLASuaoM01o=","invert bycatch",,,,,,,,,,"wYCqaZcA+7slXlj5N/mM6vobrh4QDptp",
"1cd3f1b7-00e2-424d-a817-d54ed49163b1","BLAN_012.basePlot.bet","D02","BLAN","BLAN_012","N","2015-04-30","2015-05-14","2015-05-15","2015-06-08","2015-06-22","BLAN_012.N.20150514","J0lvmfNn/ffePszKztR5ZP9eyJVR4BTflDMHfaTwbOE=","carabid","CYCFUR","Cyclotrachelus furtivus","species",,"LeConte",,1,"Freitag, R. 1969. A revision of the species of the genus Evarthrus LeConte. Quaestiones Entomologicae 5:89-212.","wYCqaZcA+7slXlj5N/mM6vobrh4QDptp","wYCqaZcA+7slXlj5N/mM6vobrh4QDptp",
"a8d11349-519e-4077-8513-a4114ab2c339","BLAN_012.basePlot.bet","D02","BLAN","BLAN_012","N","2015-04-30","2015-05-14","2015-05-15","2015-06-08","2015-06-22","BLAN_012.N.20150514","J0lvmfNn/ffePszKztR5ZPKEFT9m/bYfZe4AOPW+Oxc=","carabid","PTETRI1","Pterostichus trinarius","species",,"Casey",,1,"Lindroth, C. H. 1969. The ground-beetles (Carabidae, excl. Cicindelinae) of Canada and Alaska, parts 1-6. Opuscula E. Entomoligiska Sallskapet.","wYCqaZcA+7slXlj5N/mM6vobrh4QDptp","wYCqaZcA+7slXlj5N/mM6vobrh4QDptp",
"124e0a3e-90eb-4b35-a7e5-0345f923ac17","BLAN_009.basePlot.bet","D02","BLAN","BLAN_009","N","2015-04-30","2015-05-14","2015-05-15","2015-06-17",,"BLAN_009.N.20150514","7TKpA4ipJZDLqKPO2y3GpvRlg6NtOFEs/35FmVKwHzA=","invert bycatch",,,,,,,,,,"wYCqaZcA+7slXlj5N/mM6vobrh4QDptp",
"f6c28e0b-9cf9-420c-bd63-1507cd2c5798","BLAN_009.basePlot.bet","D02","BLAN","BLAN_009","N","2015-04-30","2015-05-14","2015-05-15","2015-06-17","2015-06-17","BLAN_009.N.20150514","7TKpA4ipJZDLqKPO2y3GpptNqbth3iQwmXAzVrH68ic=","carabid","CHLAES","Chlaenius aestivus","species",,"Say",,2,"Ciegler, J. C. 2000. Ground beetles and wrinkled bark beetles of South Carolina (Coleoptera: Geadephaga: Carabidae and Rhysodidae). Biota of South Carolina. Vol. 1. Clemson, S. Clemson University.","fhqXNoOkfxgxeumX3nh8hiKzTnt5lZ8Br3PaGAyV7lk=","wYCqaZcA+7slXlj5N/mM6vobrh4QDptp",
"43074658-9ebe-4e7b-9762-9536e1695ea4","BLAN_009.basePlot.bet","D02","BLAN","BLAN_009","N","2015-04-30","2015-05-14","2015-05-15","2015-06-17",,"BLAN_009.N.20150514","7TKpA4ipJZDLqKPO2y3GpvRlg6NtOFEso1EQV3LXw6Q=","invert bycatch",,,,,,,,,,"wYCqaZcA+7slXlj5N/mM6vobrh4QDptp",
"e9cd34eb-a12a-466f-8e54-fd35f13434a9","BLAN_009.basePlot.bet","D02","BLAN","BLAN_009","N","2015-04-30","2015-05-14","2015-05-15","2015-06-17",,"BLAN_009.N.20150514","7TKpA4ipJZDLqKPO2y3GpvRlg6NtOFEsX0mMHVfSH/k=","invert bycatch",,,,,,,,,,"wYCqaZcA+7slXlj5N/mM6vobrh4QDptp",
"b2d539c6-b5db-424e-848c-340f73c332b6","BLAN_009.basePlot.bet","D02","BLAN","BLAN_009","N","2015-04-30","2015-05-14","2015-05-15","2015-06-17","2015-06-17","BLAN_009.N.20150514","7TKpA4ipJZDLqKPO2y3Gpkg+FlE6rmqDNUEEcyBFWpk=","carabid","CYCFUR","Cyclotrachelus furtivus","species",,"LeConte",,3,"Freitag, R. 1969. A revision of the species of the genus Evarthrus LeConte. Quaestiones Entomologicae 5:89-212.","wYCqaZcA+7slXlj5N/mM6vobrh4QDptp","wYCqaZcA+7slXlj5N/mM6vobrh4QDptp",
"a906f1da-e462-4ccd-9981-27fe599f6e70","BLAN_006.basePlot.bet","D02","BLAN","BLAN_006","N","2015-04-30","2015-05-14","2015-05-15","2015-06-08",,"BLAN_006.N.20150514","YPnoadCppCw5fBSxKNPHHpqokfa7GlPwJLmTKBq8FLk=","invert bycatch",,,,,,,,,,"wYCqaZcA+7slXlj5N/mM6vobrh4QDptp",
"aacea427-5885-4401-856f-3c0b793d4eab","BLAN_009.basePlot.bet","D02","BLAN","BLAN_009","N","2015-04-30","2015-05-14","2015-05-15","2015-06-17","2015-06-17","BLAN_009.N.20150514","7TKpA4ipJZDLqKPO2y3GpnRdqFoCp4LYXZGYlgvo5XY=","carabid","PTETRI1","Pterostichus trinarius","species",,"Casey",,2,"Lindroth, C. H. 1969. The ground-beetles (Carabidae, excl. Cicindelinae) of Canada and Alaska, parts 1-6. Opuscula E. Entomoligiska Sallskapet.","wYCqaZcA+7slXlj5N/mM6vobrh4QDptp","wYCqaZcA+7slXlj5N/mM6vobrh4QDptp",
"a28ce501-76f4-406c-b785-ac34a35839cb","BLAN_011.basePlot.bet","D02","BLAN","BLAN_011","N","2015-04-30","2015-05-14","2015-05-15","2015-06-22","2015-06-22","BLAN_011.N.20150514","N4JQ3RFWht3sbbIawXLCq4f46mekFxDuslohbQN3GvA=","carabid","PTETRI1","Pterostichus trinarius","species",,"Casey",,3,"Lindroth, C. H. 1969. The ground-beetles (Carabidae, excl. Cicindelinae) of Canada and Alaska, parts 1-6. Opuscula E. Entomoligiska Sallskapet.","wYCqaZcA+7slXlj5N/mM6vobrh4QDptp","wYCqaZcA+7slXlj5N/mM6vobrh4QDptp",
"1364d535-ec08-4bf3-a664-8c0696c8810f","BLAN_011.basePlot.bet","D02","BLAN","BLAN_011","N","2015-04-30","2015-05-14","2015-05-15","2015-06-22",,"BLAN_011.N.20150514","N4JQ3RFWht3sbbIawXLCq3l/YYJrhlw8NwXoQuHcl7o=","invert bycatch",,,,,,,,,,"wYCqaZcA+7slXlj5N/mM6vobrh4QDptp",
"59320c21-cdd1-4113-8359-98ab1cda31e5","BLAN_011.basePlot.bet","D02","BLAN","BLAN_011","N","2015-04-30","2015-05-14","2015-05-15","2015-06-22",,"BLAN_011.N.20150514","N4JQ3RFWht3sbbIawXLCq3l/YYJrhlw8k3hsLIIxxMw=","invert bycatch",,,,,,,,,,"wYCqaZcA+7slXlj5N/mM6vobrh4QDptp",
"557be686-6696-4f90-9da8-4de9a7777ed0","BLAN_001.basePlot.bet","D02","BLAN","BLAN_001","S","2015-05-14","2015-05-28","2015-05-29","2015-07-13",,"BLAN_001.S.20150528","snBNH0r8Ie3oU3fy7Hbdkcx2De7e63zUpiGICYTAmrY=","invert bycatch",,,,,,,,,,"wYCqaZcA+7slXlj5N/mM6vobrh4QDptp",
"87f769ec-7e5c-46fc-ae15-78b100d9fd32","BLAN_001.basePlot.bet","D02","BLAN","BLAN_001","S","2015-05-14","2015-05-28","2015-05-29","2015-07-13","2015-07-13","BLAN_001.S.20150528","snBNH0r8Ie3oU3fy7HbdkcSCVXFoxsGJDmTqxSZdbDg=","carabid","CHLAES","Chlaenius aestivus","species",,"Say",,2,"Ciegler, J. C. 2000. Ground beetles and wrinkled bark beetles of South Carolina (Coleoptera: Geadephaga: Carabidae and Rhysodidae). Biota of South Carolina. Vol. 1. Clemson, S. Clemson University.","fhqXNoOkfxgxeumX3nh8hiKzTnt5lZ8Br3PaGAyV7lk=","wYCqaZcA+7slXlj5N/mM6vobrh4QDptp",
"731f560f-2be6-4926-a801-411a549da123","BLAN_009.basePlot.bet","D02","BLAN","BLAN_009","S","2015-05-14","2015-05-28","2015-05-29","2015-07-02",,"BLAN_009.S.20150528","7TKpA4ipJZD/eLeUcyr09fRqSsAfM4mmYk5Da9wOpHM=","invert bycatch",,,,,,,,,,"wYCqaZcA+7slXlj5N/mM6vobrh4QDptp",
"29296417-b26f-4e8e-81e1-21fc2e07b6da","BLAN_012.basePlot.bet","D02","BLAN","BLAN_012","S","2015-05-14","2015-05-28","2015-05-29","2015-07-02","2015-07-02","BLAN_012.S.20150528","J0lvmfNn/fcMLVBNGhCcXCfi74e6neVB0OmwBfz4Fys=","carabid","CHLAES","Chlaenius aestivus","species",,"Say",,12,"Ciegler, J. C. 2000. Ground beetles and wrinkled bark beetles of South Carolina (Coleoptera: Geadephaga: Carabidae and Rhysodidae). Biota of South Carolina. Vol. 1. Clemson, S. Clemson University.","vEBCcEQSSh8r9pJtyJMpi8WPWOrf6mR2","wYCqaZcA+7slXlj5N/mM6vobrh4QDptp",
"13866754-7245-4765-9be1-54d20e65461e","BLAN_012.basePlot.bet","D02","BLAN","BLAN_012","S","2015-05-14","2015-05-28","2015-05-29","2015-07-02",,"BLAN_012.S.20150528","J0lvmfNn/fcMLVBNGhCcXGGF4H6vNMdD318Pspts8MQ=","invert bycatch",,,,,,,,,,"wYCqaZcA+7slXlj5N/mM6vobrh4QDptp",
"133a9e98-527c-4a97-a3fc-3f94647793af","BLAN_012.basePlot.bet","D02","BLAN","BLAN_012","S","2015-05-14","2015-05-28","2015-05-29","2015-07-02",,"BLAN_012.S.20150528","J0lvmfNn/fcMLVBNGhCcXGGF4H6vNMdDULG5hyZSkY0=","invert bycatch",,,,,,,,,,"wYCqaZcA+7slXlj5N/mM6vobrh4QDptp",
"21c37a1d-702a-461e-9640-0ac0285262cf","BLAN_011.basePlot.bet","D02","BLAN","BLAN_011","S","2015-05-14","2015-05-28","2015-05-29","2015-07-16","2015-07-16","BLAN_011.S.20150528","N4JQ3RFWht13HHHMMMID0WPe4+0zIgLIhJaMdj1cEAg=","carabid","CHLAES","Chlaenius aestivus","species",,"Say",,4,"Ciegler, J. C. 2000. Ground beetles and wrinkled bark beetles of South Carolina (Coleoptera: Geadephaga: Carabidae and Rhysodidae). Biota of South Carolina. Vol. 1. Clemson, S. Clemson University.","wYCqaZcA+7slXlj5N/mM6vobrh4QDptp","wYCqaZcA+7slXlj5N/mM6vobrh4QDptp",
"3c74d5fa-8863-4708-95ed-90eb58c470db","BLAN_009.basePlot.bet","D02","BLAN","BLAN_009","S","2015-05-14","2015-05-28","2015-05-29","2015-07-02",,"BLAN_009.S.20150528","7TKpA4ipJZD/eLeUcyr09fRqSsAfM4mmj5sxpU/Ifkc=","invert bycatch",,,,,,,,,,"wYCqaZcA+7slXlj5N/mM6vobrh4QDptp",
"c034106b-6e8a-4702-a7c7-3d4cd3a87b5c","BLAN_009.basePlot.bet","D02","BLAN","BLAN_009","S","2015-05-14","2015-05-28","2015-05-29","2015-07-02","2015-07-02","BLAN_009.S.20150528","7TKpA4ipJZD/eLeUcyr09a7KUBsM4eKSatQFtth0USk=","carabid","CHLAES","Chlaenius aestivus","species",,"Say",,3,"Ciegler, J. C. 2000. Ground beetles and wrinkled bark beetles of South Carolina (Coleoptera: Geadephaga: Carabidae and Rhysodidae). Biota of South Carolina. Vol. 1. Clemson, S. Clemson University.","js8EmhB6nU2nUc5Aq2qCkTa4Dr9pZigk","wYCqaZcA+7slXlj5N/mM6vobrh4QDptp",
"d5a025fa-d189-4b0b-8412-59e6ae1a40ef","BLAN_009.basePlot.bet","D02","BLAN","BLAN_009","S","2015-05-14","2015-05-28","2015-05-29","2015-07-02","2015-07-02","BLAN_009.S.20150528","7TKpA4ipJZD/eLeUcyr09WSYR3aaoNYwcFRzR8g9D/g=","carabid","PTETRI1","Pterostichus trinarius","species",,"Casey",,3,"Lindroth, C. H. 1969. The ground-beetles (Carabidae, excl. Cicindelinae) of Canada and Alaska, parts 1-6. Opuscula E. Entomoligiska Sallskapet.","wYCqaZcA+7slXlj5N/mM6vobrh4QDptp","wYCqaZcA+7slXlj5N/mM6vobrh4QDptp",
"2c5de1b9-582a-4897-8370-b32e2a69fd81","BLAN_011.basePlot.bet","D02","BLAN","BLAN_011","S","2015-05-14","2015-05-28","2015-05-29","2015-07-16",,"BLAN_011.S.20150528","N4JQ3RFWht13HHHMMMID0Xm7Z2LQC+ex2QtbSJmy4Q8=","invert bycatch",,,,,,,,,,"wYCqaZcA+7slXlj5N/mM6vobrh4QDptp",
"84ccbf21-425d-48ee-9f5b-2c4040bf1a81","BLAN_011.basePlot.bet","D02","BLAN","BLAN_011","S","2015-05-14","2015-05-28","2015-06-12","2015-06-19",,"BLAN_011.S.20150528","N4JQ3RFWht13HHHMMMID0Xm7Z2LQC+exhUI14qjHt3Y=","invert bycatch",,,,,,,,,,"wYCqaZcA+7slXlj5N/mM6vobrh4QDptp",
"4ee21ece-a4d3-4931-9897-20776c7005fd","BLAN_011.basePlot.bet","D02","BLAN","BLAN_011","S","2015-05-14","2015-05-28","2015-05-29","2015-07-16","2015-07-16","BLAN_011.S.20150528","N4JQ3RFWht13HHHMMMID0e8UAWFP0dcnyWxCwN0e49I=","carabid","PTETRI1","Pterostichus trinarius","species",,"Casey",,2,"Lindroth, C. H. 1969. The ground-beetles (Carabidae, excl. Cicindelinae) of Canada and Alaska, parts 1-6. Opuscula E. Entomoligiska Sallskapet.","wYCqaZcA+7slXlj5N/mM6vobrh4QDptp","wYCqaZcA+7slXlj5N/mM6vobrh4QDptp",
"d0e5f557-0c38-4db6-bee2-c1cebe60f9ef","BLAN_006.basePlot.bet","D02","BLAN","BLAN_006","S","2015-05-14","2015-05-28","2015-05-29","2015-07-08","2015-07-08","BLAN_006.S.20150528","YPnoadCppCzewqzz7FEYf70YMJh/uaHH43/1wtyNTJA=","carabid","CHLAES","Chlaenius aestivus","species",,"Say",,1,"Ciegler, J. C. 2000. Ground beetles and wrinkled bark beetles of South Carolina (Coleoptera: Geadephaga: Carabidae and Rhysodidae). Biota of South Carolina. Vol. 1. Clemson, S. Clemson University.","vEBCcEQSSh8r9pJtyJMpi8WPWOrf6mR2","wYCqaZcA+7slXlj5N/mM6vobrh4QDptp",
"91ee3098-a3da-4fde-a1c3-024e2d62558f","BLAN_006.basePlot.bet","D02","BLAN","BLAN_006","S","2015-05-14","2015-05-28","2015-05-29","2015-07-08",,"BLAN_006.S.20150528","YPnoadCppCzewqzz7FEYf0EbMixClPIkbOn/9DfrmwI=","invert bycatch",,,,,,,,,,"wYCqaZcA+7slXlj5N/mM6vobrh4QDptp",
"cabc000c-f99a-4012-a53b-de387f84bcc5","BLAN_009.basePlot.bet","D02","BLAN","BLAN_009","W","2015-05-14","2015-05-28","2015-05-29","2015-07-02","2015-07-02","BLAN_009.W.20150528","7TKpA4ipJZC3iyN1MAGJUwOqwErRhcjMwM+SMGft0s0=","carabid","CHLAES","Chlaenius aestivus","species",,"Say",,3,"Ciegler, J. C. 2000. Ground beetles and wrinkled bark beetles of South Carolina (Coleoptera: Geadephaga: Carabidae and Rhysodidae). Biota of South Carolina. Vol. 1. Clemson, S. Clemson University.","js8EmhB6nU2nUc5Aq2qCkTa4Dr9pZigk","wYCqaZcA+7slXlj5N/mM6vobrh4QDptp",
"6f8872da-6198-4641-a3c1-8b85ce57c97c","BLAN_005.basePlot.bet","D02","BLAN","BLAN_005","W","2015-05-14","2015-05-28","2015-05-29","2015-07-13","2015-07-13","BLAN_005.W.20150528","z8g4o9caFRP037RQd/7+6CD8Is8GunRKNt4yWmEzwZo=","carabid","CHLAES","Chlaenius aestivus","species",,"Say",,4,"Ciegler, J. C. 2000. Ground beetles and wrinkled bark beetles of South Carolina (Coleoptera: Geadephaga: Carabidae and Rhysodidae). Biota of South Carolina. Vol. 1. Clemson, S. Clemson University.","fhqXNoOkfxgxeumX3nh8hiKzTnt5lZ8Br3PaGAyV7lk=","wYCqaZcA+7slXlj5N/mM6vobrh4QDptp",
"2b7197aa-f523-42b0-bdf2-3b785dbee1bc","BLAN_007.basePlot.bet","D02","BLAN","BLAN_007","W","2015-05-14","2015-05-28","2015-05-29","2015-07-14",,"BLAN_007.W.20150528","bSFRDFDJGfxXYFGFgSAAnzyx3b9E75/u+nhUXZ6ar0M=","invert bycatch",,,,,,,,,,"wYCqaZcA+7slXlj5N/mM6vobrh4QDptp",
"aad0cb0e-611d-4407-8a40-9b14d424b7a0","BLAN_009.basePlot.bet","D02","BLAN","BLAN_009","W","2015-05-14","2015-05-28","2015-05-29","2015-07-02",,"BLAN_009.W.20150528","7TKpA4ipJZC3iyN1MAGJU2xbTPlmUZ0lOV4bongFhPc=","invert bycatch",,,,,,,,,,"wYCqaZcA+7slXlj5N/mM6vobrh4QDptp",
"fd3acae4-8c0c-4942-87d4-dae54eff2413","BLAN_009.basePlot.bet","D02","BLAN","BLAN_009","W","2015-05-14","2015-05-28","2015-05-29","2015-07-02","2015-07-02","BLAN_009.W.20150528","7TKpA4ipJZC3iyN1MAGJU/Kr0m4K7BDzzl+3uLdDJk0=","carabid","NOTAEN","Notiophilus aeneus","species",,"Herbst",,1,"Bousquet, Y. 2010b. Illustrated Identification Guide to Adults and Larvae of Northeastern North American Ground Beetles (Coleoptera: Carabidae). 1st Ed. Pensoft Publishers, Sofia, Bulgaria.","wYCqaZcA+7slXlj5N/mM6vobrh4QDptp","wYCqaZcA+7slXlj5N/mM6vobrh4QDptp",
"af02c3af-2b49-425c-844c-1243789216ba","BLAN_009.basePlot.bet","D02","BLAN","BLAN_009","W","2015-05-14","2015-05-28","2015-05-29","2015-07-02",,"BLAN_009.W.20150528","7TKpA4ipJZC3iyN1MAGJU2xbTPlmUZ0lNtYIu+M1xAQ=","invert bycatch",,,,,,,,,,"wYCqaZcA+7slXlj5N/mM6vobrh4QDptp",
"002382dc-38d1-4337-9cd3-cd5fa73a4bf9","BLAN_003.basePlot.bet","D02","BLAN","BLAN_003","W","2015-05-14","2015-05-28","2015-05-29","2015-07-13",,"BLAN_003.W.20150528","qWnRnvyEnOzTkoE7zeEk+A+R0sDFZlzgbQL4lcWlI7Y=","invert bycatch",,,,,,,,,,"wYCqaZcA+7slXlj5N/mM6vobrh4QDptp",
"8849ec10-09aa-49ee-8319-08f754d88ebc","BLAN_003.basePlot.bet","D02","BLAN","BLAN_003","W","2015-05-14","2015-05-28","2015-05-29","2015-07-13",,"BLAN_003.W.20150528","qWnRnvyEnOzTkoE7zeEk+A+R0sDFZlzgV7qM9I4G75o=","invert bycatch",,,,,,,,,,"wYCqaZcA+7slXlj5N/mM6vobrh4QDptp",
"012e3f7a-9a31-45e9-8cf8-4352ce78206b","BLAN_011.basePlot.bet","D02","BLAN","BLAN_011","W","2015-05-14","2015-05-28","2015-05-29","2015-07-16","2015-07-16","BLAN_011.W.20150528","N4JQ3RFWht2mzs2iSx2VGrkqoqyDUa6JlgqLe/ARqC0=","carabid","CHLAES","Chlaenius aestivus","species",,"Say",,2,"Ciegler, J. C. 2000. Ground beetles and wrinkled bark beetles of South Carolina (Coleoptera: Geadephaga: Carabidae and Rhysodidae). Biota of South Carolina. Vol. 1. Clemson, S. Clemson University.","wYCqaZcA+7slXlj5N/mM6vobrh4QDptp","wYCqaZcA+7slXlj5N/mM6vobrh4QDptp",
"d466df83-6cd1-408f-961b-0f3f2061a73b","BLAN_011.basePlot.bet","D02","BLAN","BLAN_011","W","2015-05-14","2015-05-28","2015-05-29","2015-07-16","2015-07-16","BLAN_011.W.20150528","N4JQ3RFWht2mzs2iSx2VGmMR95PMZPfAqOz7+5QTjRE=","vert bycatch herp","PLECIN","Plethodon cinereus","species",,"Green",,1,"Conant, R., and J. T. Collins. 1998. A Field Guide to Reptiles and Amphibians: Eastern and Central North America. 3rd Ed. Houghton Mifflin Company, New York, NY.","wYCqaZcA+7slXlj5N/mM6vobrh4QDptp","wYCqaZcA+7slXlj5N/mM6vobrh4QDptp",
"fb5062cb-079a-4e87-918c-d2ea363d4237","BLAN_006.basePlot.bet","D02","BLAN","BLAN_006","W","2015-05-14","2015-05-28","2015-05-29","2015-07-08",,"BLAN_006.W.20150528","YPnoadCppCzyoRVJSIz+2ChjUe4oOWxoIJ5AZn7G64g=","invert bycatch",,,,,,,,,,"wYCqaZcA+7slXlj5N/mM6vobrh4QDptp",
"cb1c0223-28e1-45b6-b7dd-653793a28372","BLAN_006.basePlot.bet","D02","BLAN","BLAN_006","W","2015-05-14","2015-05-28","2015-05-29","2015-07-08",,"BLAN_006.W.20150528","YPnoadCppCzyoRVJSIz+2ChjUe4oOWxoBkZ2EQAqBT8=","invert bycatch",,,,,,,,,,"wYCqaZcA+7slXlj5N/mM6vobrh4QDptp",
"29488401-8df9-4c5a-b23d-0bf14b35d677","BLAN_011.basePlot.bet","D02","BLAN","BLAN_011","W","2015-05-14","2015-05-28","2015-05-29","2015-07-16",,"BLAN_011.W.20150528","N4JQ3RFWht2mzs2iSx2VGpZPTjD/NckPbiqY2aM80NY=","invert bycatch",,,,,,,,,,"wYCqaZcA+7slXlj5N/mM6vobrh4QDptp",
"6d86fe3d-6605-4d72-85be-3af4abaa546a","BLAN_011.basePlot.bet","D02","BLAN","BLAN_011","W","2015-05-14","2015-05-28","2015-05-29","2015-07-16","2015-07-16","BLAN_011.W.20150528","N4JQ3RFWht2mzs2iSx2VGvILf/NIle5XK/GNY94JhAk=","carabid","BEMPED","Bembidion pedicellatum","species",,"LeConte",,1,"Lindroth, C. H. 1969. The ground-beetles (Carabidae, excl. Cicindelinae) of Canada and Alaska, parts 1-6. Opuscula E. Entomoligiska Sallskapet.","wYCqaZcA+7slXlj5N/mM6vobrh4QDptp","wYCqaZcA+7slXlj5N/mM6vobrh4QDptp",
"a78880a5-e361-4eb4-92be-59d19028c8ce","BLAN_009.basePlot.bet","D02","BLAN","BLAN_009","W","2015-05-14","2015-05-28","2015-05-29","2015-07-02","2015-10-26","BLAN_009.W.20150528","7TKpA4ipJZC3iyN1MAGJU7VAxhi7WcOl20TO6J0C2yY=","carabid","ANIAGR","Anisodactylus agricola","species",,"Say",,4,"Lindroth, C. H. 1969. The ground-beetles (Carabidae, excl. Cicindelinae) of Canada and Alaska, parts 1-6. Opuscula E. Entomoligiska Sallskapet.","wYCqaZcA+7slXlj5N/mM6vobrh4QDptp","wYCqaZcA+7slXlj5N/mM6vobrh4QDptp",
"252f2dc9-ff81-4d26-aab1-9429715ba250","BLAN_009.basePlot.bet","D02","BLAN","BLAN_009","W","2015-05-14","2015-05-28","2015-05-29","2015-07-02","2015-07-02","BLAN_009.W.20150528","7TKpA4ipJZC3iyN1MAGJU/X5tvc+hzd3vM583gsGLbI=","carabid","PTETRI1","Pterostichus trinarius","species",,"Casey",,6,"Lindroth, C. H. 1969. The ground-beetles (Carabidae, excl. Cicindelinae) of Canada and Alaska, parts 1-6. Opuscula E. Entomoligiska Sallskapet.","wYCqaZcA+7slXlj5N/mM6vobrh4QDptp","wYCqaZcA+7slXlj5N/mM6vobrh4QDptp",
"92dcbbdf-2553-48af-844c-9484fea39ef9","BLAN_006.basePlot.bet","D02","BLAN","BLAN_006","W","2015-05-14","2015-05-28","2015-05-29","2015-07-08","2015-07-13","BLAN_006.W.20150528","YPnoadCppCzyoRVJSIz+2FH327U3u/p0sUncSCt4kM8=","carabid","CHLTOM","Chlaenius tomentosus","species",,"Say",,1,"Ciegler, J. C. 2000. Ground beetles and wrinkled bark beetles of South Carolina (Coleoptera: Geadephaga: Carabidae and Rhysodidae). Biota of South Carolina. Vol. 1. Clemson, S. Clemson University.","wYCqaZcA+7slXlj5N/mM6vobrh4QDptp","wYCqaZcA+7slXlj5N/mM6vobrh4QDptp",
"60de3c12-8069-4484-918b-4644d52b3cf3","BLAN_009.basePlot.bet","D02","BLAN","BLAN_009","W","2015-05-14","2015-05-28","2015-05-29","2015-07-02","2015-07-02","BLAN_009.W.20150528","7TKpA4ipJZC3iyN1MAGJU/oDdnMA1uHP/NxpinMkn+o=","carabid","PLADEC","Platynus decentis","species",,"Say",,1,"Bousquet, Y. 2010b. Illustrated Identification Guide to Adults and Larvae of Northeastern North American Ground Beetles (Coleoptera: Carabidae). 1st Ed. Pensoft Publishers, Sofia, Bulgaria.","wYCqaZcA+7slXlj5N/mM6vobrh4QDptp","wYCqaZcA+7slXlj5N/mM6vobrh4QDptp",
"67e25c0b-4eaa-4e29-8afd-68a3ee698fef","BLAN_012.basePlot.bet","D02","BLAN","BLAN_012","W","2015-05-14","2015-05-28","2015-05-29","2015-07-02",,"BLAN_012.W.20150528","J0lvmfNn/feaRxuGVUQ1ECeoBs3ZTWuK6aH6jCyfl0Q=","invert bycatch",,,,,,,,,,"wYCqaZcA+7slXlj5N/mM6vobrh4QDptp",
"56f58d28-c869-44ee-b6a4-2d59ab115906","BLAN_012.basePlot.bet","D02","BLAN","BLAN_012","W","2015-05-14","2015-05-28","2015-05-29","2015-07-02",,"BLAN_012.W.20150528","J0lvmfNn/feaRxuGVUQ1ECeoBs3ZTWuKcOr5vKQ1JTQ=","invert bycatch",,,,,,,,,,"wYCqaZcA+7slXlj5N/mM6vobrh4QDptp",
"463d2534-c1ec-4edf-a297-a9f79e5845ef","BLAN_002.basePlot.bet","D02","BLAN","BLAN_002","W","2015-05-14","2015-05-28","2015-05-29","2015-07-01",,"BLAN_002.W.20150528","pAIsJl1bu+GnLLfxBfuTz3Cwk6acxWAIt23iqePxMdw=","invert bycatch",,,,,,,,,,"wYCqaZcA+7slXlj5N/mM6vobrh4QDptp",
"1d60cacb-8a17-4ab9-9fdf-679b4c8769dd","BLAN_009.basePlot.bet","D02","BLAN","BLAN_009","W","2015-05-14","2015-05-28","2015-05-29","2015-07-02","2015-07-02","BLAN_009.W.20150528","7TKpA4ipJZC3iyN1MAGJU/C3oBcQ+m4Rj4TNKYLpFdA=","carabid","DICAMB","Dicaelus ambiguus","species",,"LaFerte-Senectere",,1,"Ciegler, J. C. 2000. Ground beetles and wrinkled bark beetles of South Carolina (Coleoptera: Geadephaga: Carabidae and Rhysodidae). Biota of South Carolina. Vol. 1. Clemson, S. Clemson University.","wYCqaZcA+7slXlj5N/mM6vobrh4QDptp","wYCqaZcA+7slXlj5N/mM6vobrh4QDptp",
"2d6a78fe-5f10-4235-8712-b7e0653e5840","BLAN_004.basePlot.bet","D02","BLAN","BLAN_004","W","2015-05-14","2015-05-28","2015-05-29","2015-07-13",,"BLAN_004.W.20150528","zD/pbYGBt/BuUxBT/0jXnaqaXiC6Y7AdnRQyDMm1Et4=","invert bycatch",,,,,,,,,,"wYCqaZcA+7slXlj5N/mM6vobrh4QDptp",
"4864bcdc-13f7-4dcd-8e7f-13441e4c5158","BLAN_004.basePlot.bet","D02","BLAN","BLAN_004","W","2015-05-14","2015-05-28","2015-05-29","2015-07-13",,"BLAN_004.W.20150528","zD/pbYGBt/BuUxBT/0jXnaqaXiC6Y7AdWH7i3NJ7eDo=","invert bycatch",,,,,,,,,,"wYCqaZcA+7slXlj5N/mM6vobrh4QDptp",
"b95e2123-ffd9-421d-9ab7-06ed912cae05","BLAN_001.basePlot.bet","D02","BLAN","BLAN_001","W","2015-05-14","2015-05-28","2015-05-29","2015-07-13",,"BLAN_001.W.20150528","snBNH0r8Ie2U/GXK/PObv/b+YJ5YGge/2AjOiTZh4JM=","invert bycatch",,,,,,,,,,"wYCqaZcA+7slXlj5N/mM6vobrh4QDptp",
"024f6ccd-f663-44fb-972e-fecfefad8577","BLAN_001.basePlot.bet","D02","BLAN","BLAN_001","W","2015-05-14","2015-05-28","2015-05-29","2015-07-13",,"BLAN_001.W.20150528","snBNH0r8Ie2U/GXK/PObv/b+YJ5YGge/qRo9J/gVStI=","invert bycatch",,,,,,,,,,"wYCqaZcA+7slXlj5N/mM6vobrh4QDptp",
"cf907d1d-4097-4430-86cd-dfcdd257525a","BLAN_005.basePlot.bet","D02","BLAN","BLAN_005","W","2015-05-14","2015-05-28","2015-05-29","2015-07-13",,"BLAN_005.W.20150528","z8g4o9caFRP037RQd/7+6HIOtEHHxKL7iY3Fy/BR08g=","invert bycatch",,,,,,,,,,"wYCqaZcA+7slXlj5N/mM6vobrh4QDptp",
"40081aea-6005-47a1-b384-4e62b269f31d","BLAN_011.basePlot.bet","D02","BLAN","BLAN_011","E","2015-05-14","2015-05-28","2015-05-29","2015-07-16","2015-07-16","BLAN_011.E.20150528","N4JQ3RFWht1UiEJPpKgW2+GfEuuCwt1uBhyhQujxt4o=","carabid","CHLAES","Chlaenius aestivus","species",,"Say",,19,"Ciegler, J. C. 2000. Ground beetles and wrinkled bark beetles of South Carolina (Coleoptera: Geadephaga: Carabidae and Rhysodidae). Biota of South Carolina. Vol. 1. Clemson, S. Clemson University.","wYCqaZcA+7slXlj5N/mM6vobrh4QDptp","wYCqaZcA+7slXlj5N/mM6vobrh4QDptp",
"67d5f20d-4549-4043-ab80-81b3e5edd023","BLAN_011.basePlot.bet","D02","BLAN","BLAN_011","E","2015-05-14","2015-05-28","2015-05-29","2015-07-16","2015-07-16","BLAN_011.E.20150528","N4JQ3RFWht1UiEJPpKgW21qg/LzOlNIgNtHHWoKN/z0=","carabid","PTETRI1","Pterostichus trinarius","species",,"Casey",,2,"Lindroth, C. H. 1969. The ground-beetles (Carabidae, excl. Cicindelinae) of Canada and Alaska, parts 1-6. Opuscula E. Entomoligiska Sallskapet.","wYCqaZcA+7slXlj5N/mM6vobrh4QDptp","wYCqaZcA+7slXlj5N/mM6vobrh4QDptp",
"2b8fcc4a-fe31-44da-85cd-717ad13bd353","BLAN_006.basePlot.bet","D02","BLAN","BLAN_006","E","2015-05-14","2015-05-28","2015-05-29","2015-07-08","2015-07-08","BLAN_006.E.20150528","YPnoadCppCw/xFNAB855mbpIyvVi4ppE5jKfcVYBfjU=","carabid","CHLAES","Chlaenius aestivus","species",,"Say",,1,"Ciegler, J. C. 2000. Ground beetles and wrinkled bark beetles of South Carolina (Coleoptera: Geadephaga: Carabidae and Rhysodidae). Biota of South Carolina. Vol. 1. Clemson, S. Clemson University.","vEBCcEQSSh8r9pJtyJMpi8WPWOrf6mR2","wYCqaZcA+7slXlj5N/mM6vobrh4QDptp",
"87863105-929e-4b79-9ca7-79318a2a3114","BLAN_006.basePlot.bet","D02","BLAN","BLAN_006","E","2015-05-14","2015-05-28","2015-05-29","2015-07-08",,"BLAN_006.E.20150528","YPnoadCppCw/xFNAB855mVf0lFvvN61Hb+B9n/LdBBs=","invert bycatch",,,,,,,,,,"wYCqaZcA+7slXlj5N/mM6vobrh4QDptp",
"e55b6bec-5af8-4298-8580-0993c84f5a89","BLAN_011.basePlot.bet","D02","BLAN","BLAN_011","E","2015-05-14","2015-05-28","2015-05-29","2015-07-16","2015-07-16","BLAN_011.E.20150528","N4JQ3RFWht1UiEJPpKgW2wTJwP16lQo7/QunAA4A4pA=","carabid","BEMPED","Bembidion pedicellatum","species",,"LeConte",,2,"Lindroth, C. H. 1969. The ground-beetles (Carabidae, excl. Cicindelinae) of Canada and Alaska, parts 1-6. Opuscula E. Entomoligiska Sallskapet.","wYCqaZcA+7slXlj5N/mM6vobrh4QDptp","wYCqaZcA+7slXlj5N/mM6vobrh4QDptp",
"c0086a14-88be-4833-bba8-757c06f1c836","BLAN_012.basePlot.bet","D02","BLAN","BLAN_012","E","2015-05-14","2015-05-28","2015-05-29","2015-07-02",,"BLAN_012.E.20150528","J0lvmfNn/fev68GQtXYsHrMHDJoQlj3P0u+0zqG3D84=","invert bycatch",,,,,,,,,,"wYCqaZcA+7slXlj5N/mM6vobrh4QDptp",
"344acc7e-7299-48df-a715-acbd5e14caae","BLAN_005.basePlot.bet","D02","BLAN","BLAN_005","E","2015-05-14","2015-05-28","2015-05-29","2015-07-13","2015-07-13","BLAN_005.E.20150528","z8g4o9caFRNBjyTGQyR3ETE1FvCIpQBbCppEwLqNyx4=","carabid","AGOTHO1","Agonoleptus thoracicus","species",,"Casey",,1,"Bousquet, Y., and P. W. Messer. 2010. Redescription of Stenolophus thoracicus Casey (Coleoptera, Carabidae, Harpalini), a valid species. ZooKeys 53:25-31.","wYCqaZcA+7slXlj5N/mM6vobrh4QDptp","wYCqaZcA+7slXlj5N/mM6vobrh4QDptp",
"3a89744e-07fa-4091-9825-b35b1f27fa21","BLAN_012.basePlot.bet","D02","BLAN","BLAN_012","E","2015-05-14","2015-05-28","2015-05-29","2015-07-02",,"BLAN_012.E.20150528","J0lvmfNn/fev68GQtXYsHrMHDJoQlj3PK2YIp5wlqWg=","invert bycatch",,,,,,,,,,"wYCqaZcA+7slXlj5N/mM6vobrh4QDptp",
"ed9766a5-1c30-422c-bd4e-2aa36e14e368","BLAN_005.basePlot.bet","D02","BLAN","BLAN_005","E","2015-05-14","2015-05-28","2015-05-29","2015-07-13","2015-07-13","BLAN_005.E.20150528","z8g4o9caFRNBjyTGQyR3EVsZVi8GOorz2DktdMXz0Xg=","carabid","TACPOT","Tachys potomaca","species",,"Erwin",,1,"Erwin, T.L. 1981 Natural History of Plummers Island, Maryland. XXVI. The Ground Beetles of a Temperate Forest Site: An Analysis of Fauna in Relation to Size, Habitat Selection, Vagility, Seasonality, and Extinction. Bull Biol Soc Washington, 5, 105-224.","wYCqaZcA+7slXlj5N/mM6vobrh4QDptp","wYCqaZcA+7slXlj5N/mM6vobrh4QDptp",
"cd950125-a284-4e8f-8cee-58d1a97130b0","BLAN_005.basePlot.bet","D02","BLAN","BLAN_005","E","2015-05-14","2015-05-28","2015-05-29","2015-07-13","2015-07-13","BLAN_005.E.20150528","z8g4o9caFRNBjyTGQyR3ERQrUOkzFOfhboyFtCpzkF4=","carabid","CHLAES","Chlaenius aestivus","species",,"Say",,8,"Ciegler, J. C. 2000. Ground beetles and wrinkled bark beetles of South Carolina (Coleoptera: Geadephaga: Carabidae and Rhysodidae). Biota of South Carolina. Vol. 1. Clemson, S. Clemson University.","fhqXNoOkfxgxeumX3nh8hiKzTnt5lZ8Br3PaGAyV7lk=","wYCqaZcA+7slXlj5N/mM6vobrh4QDptp",
"e375b5cb-f4cf-42bd-9619-6620669862a3","BLAN_004.basePlot.bet","D02","BLAN","BLAN_004","E","2015-05-14","2015-05-28","2015-05-29","2015-07-13",,"BLAN_004.E.20150528","zD/pbYGBt/BXsXKT6yBqRW5WckMaYCI3mnzWZ8ef/Wg=","invert bycatch",,,,,,,,,,"wYCqaZcA+7slXlj5N/mM6vobrh4QDptp",
"7144997d-fe4b-42c7-8768-8c9ef9b28375","BLAN_001.basePlot.bet","D02","BLAN","BLAN_001","E","2015-05-14","2015-05-28","2015-05-29","2015-07-13",,"BLAN_001.E.20150528","snBNH0r8Ie27sIQ3i0ssVr58dLePa4aZ4PXwr5f3Zck=","invert bycatch",,,,,,,,,,"wYCqaZcA+7slXlj5N/mM6vobrh4QDptp",
"f9296721-1fc7-4124-8c4a-177239b955b1","BLAN_003.basePlot.bet","D02","BLAN","BLAN_003","E","2015-05-14","2015-05-28","2015-05-29","2015-07-13",,"BLAN_003.E.20150528","qWnRnvyEnOyTg93fo0GlNPufsNB+Ngm00bNYXPSHwww=","invert bycatch",,,,,,,,,,"wYCqaZcA+7slXlj5N/mM6vobrh4QDptp",
"160c387b-e29b-4fb9-8b7e-d7f584237ca5","BLAN_003.basePlot.bet","D02","BLAN","BLAN_003","E","2015-05-14","2015-05-28","2015-05-29","2015-07-13",,"BLAN_003.E.20150528","qWnRnvyEnOyTg93fo0GlNPufsNB+Ngm0hYcdjToiBj4=","invert bycatch",,,,,,,,,,"wYCqaZcA+7slXlj5N/mM6vobrh4QDptp",
"62b8329f-b180-4669-90c7-58845c411dc4","BLAN_007.basePlot.bet","D02","BLAN","BLAN_007","E","2015-05-14","2015-05-28","2015-05-29","2015-07-14","2015-07-14","BLAN_007.E.20150528","bSFRDFDJGfyH7CX1vhlSl1ka5mU4eLiSWyFbRcUsw+s=","vert bycatch herp","PLECIN","Plethodon cinereus","species",,"Green",,1,"Conant, R., and J. T. Collins. 1998. A Field Guide to Reptiles and Amphibians: Eastern and Central North America. 3rd Ed. Houghton Mifflin Company, New York, NY.","fhqXNoOkfxgxeumX3nh8hiKzTnt5lZ8Br3PaGAyV7lk=","wYCqaZcA+7slXlj5N/mM6vobrh4QDptp",
"06898414-37ac-42e6-a038-adcd632e2e8b","BLAN_004.basePlot.bet","D02","BLAN","BLAN_004","E","2015-05-14","2015-05-28","2015-05-29","2015-07-13","2015-10-26","BLAN_004.E.20150528","zD/pbYGBt/BXsXKT6yBqRewU82QvKD5WhSabEZTqnWw=","carabid","ANIDUL","Anisodactylus dulcicollis","species",,"LaFerte-Senectere",,1,"Noonan, G. R. 1973. The Anisodactylines (Insecta: Coleoptera: Carabidae: Harpalini): classification, evolution and zoogeography. Quaestiones Entomologicae 9:266-480.","wYCqaZcA+7slXlj5N/mM6vobrh4QDptp","wYCqaZcA+7slXlj5N/mM6vobrh4QDptp",
"c7d6cdeb-fa02-463b-8fb4-ee17b3c5fa01","BLAN_007.basePlot.bet","D02","BLAN","BLAN_007","E","2015-05-14","2015-05-28","2015-05-29","2015-07-14","2015-07-14","BLAN_007.E.20150528","bSFRDFDJGfyH7CX1vhlSl3SP5p57Wmir1RB7yFCW5SY=","carabid","CHLAES","Chlaenius aestivus","species",,"Say",,2,"Ciegler, J. C. 2000. Ground beetles and wrinkled bark beetles of South Carolina (Coleoptera: Geadephaga: Carabidae and Rhysodidae). Biota of South Carolina. Vol. 1. Clemson, S. Clemson University.","fhqXNoOkfxgxeumX3nh8hiKzTnt5lZ8Br3PaGAyV7lk=","wYCqaZcA+7slXlj5N/mM6vobrh4QDptp",
"24fab319-c7d4-43ec-810e-8f80ea5c0d43","BLAN_007.basePlot.bet","D02","BLAN","BLAN_007","E","2015-05-14","2015-05-28","2015-05-29","2015-07-14",,"BLAN_007.E.20150528","bSFRDFDJGfyH7CX1vhlSl3LG/2pB4xh5C3v95RhWfUI=","invert bycatch",,,,,,,,,,"wYCqaZcA+7slXlj5N/mM6vobrh4QDptp",
"c1edb6ac-4f0d-40c5-ae9b-c229e39f9d12","BLAN_007.basePlot.bet","D02","BLAN","BLAN_007","E","2015-05-14","2015-05-28","2015-05-29","2015-07-14","2015-10-26","BLAN_007.E.20150528","bSFRDFDJGfyH7CX1vhlSlyygP0CxrRmZ134bnnS7u1o=","carabid","ANIAGR","Anisodactylus agricola","species",,"Say",,1,"Lindroth, C. H. 1969. The ground-beetles (Carabidae, excl. Cicindelinae) of Canada and Alaska, parts 1-6. Opuscula E. Entomoligiska Sallskapet.","wYCqaZcA+7slXlj5N/mM6vobrh4QDptp","wYCqaZcA+7slXlj5N/mM6vobrh4QDptp",
"6f0c7875-177b-461c-aa8d-a3c0d64215e9","BLAN_007.basePlot.bet","D02","BLAN","BLAN_007","E","2015-05-14","2015-05-28","2015-05-29","2015-07-14","2015-07-14","BLAN_007.E.20150528","bSFRDFDJGfyH7CX1vhlSlzBRxjhJTwmfuf0tP/DJCiY=","carabid","NOTAEN","Notiophilus aeneus","species",,"Herbst",,1,"Bousquet, Y. 2010b. Illustrated Identification Guide to Adults and Larvae of Northeastern North American Ground Beetles (Coleoptera: Carabidae). 1st Ed. Pensoft Publishers, Sofia, Bulgaria.","wYCqaZcA+7slXlj5N/mM6vobrh4QDptp","wYCqaZcA+7slXlj5N/mM6vobrh4QDptp",
"8ee76aac-6ac4-4895-9f57-aba6cd52f2ae","BLAN_005.basePlot.bet","D02","BLAN","BLAN_005","E","2015-05-14","2015-05-28","2015-05-29","2015-07-13","2015-07-13","BLAN_005.E.20150528","z8g4o9caFRNBjyTGQyR3EaFGhWDAPZpulb3AiCZ35qo=","carabid","POELUC","Poecilus lucublandus","species",,"Say",,2,"Ciegler, J. C. 2000. Ground beetles and wrinkled bark beetles of South Carolina (Coleoptera: Geadephaga: Carabidae and Rhysodidae). Biota of South Carolina. Vol. 1. Clemson, S. Clemson University.","wYCqaZcA+7slXlj5N/mM6vobrh4QDptp","wYCqaZcA+7slXlj5N/mM6vobrh4QDptp",
"70bb96e5-c3e8-4d5a-9840-a9dec1f9170a","BLAN_005.basePlot.bet","D02","BLAN","BLAN_005","E","2015-05-14","2015-05-28","2015-05-29","2015-07-13","2015-07-13","BLAN_005.E.20150528","z8g4o9caFRNBjyTGQyR3ETD88Oq/wUMdPUmjk1m7ogY=","carabid","GALBIC","Galerita bicolor","species",,"Drury",,1,"Ciegler, J. C. 2000. Ground beetles and wrinkled bark beetles of South Carolina (Coleoptera: Geadephaga: Carabidae and Rhysodidae). Biota of South Carolina. Vol. 1. Clemson, S. Clemson University.","wYCqaZcA+7slXlj5N/mM6vobrh4QDptp","wYCqaZcA+7slXlj5N/mM6vobrh4QDptp",
"fe68363b-a538-4012-81f3-54538db9e072","BLAN_004.basePlot.bet","D02","BLAN","BLAN_004","E","2015-05-14","2015-05-28","2015-05-29","2015-07-13",,"BLAN_004.E.20150528","zD/pbYGBt/BXsXKT6yBqRW5WckMaYCI3kbkluO5F6hA=","invert bycatch",,,,,,,,,,"wYCqaZcA+7slXlj5N/mM6vobrh4QDptp",
"44e57ac4-e4eb-4a1d-8175-594b91c703c6","BLAN_001.basePlot.bet","D02","BLAN","BLAN_001","E","2015-05-14","2015-05-28","2015-05-29","2015-07-13",,"BLAN_001.E.20150528","snBNH0r8Ie27sIQ3i0ssVr58dLePa4aZnMRFSn4ZIc8=","invert bycatch",,,,,,,,,,"wYCqaZcA+7slXlj5N/mM6vobrh4QDptp",
"ce412eb4-0db8-43db-8e1d-329bf7b4ab73","BLAN_007.basePlot.bet","D02","BLAN","BLAN_007","E","2015-05-14","2015-05-28","2015-05-29","2015-07-14","2015-07-14","BLAN_007.E.20150528","bSFRDFDJGfyH7CX1vhlSl6Px9GidhHmyScADtxlOx3U=","carabid","PTETRI1","Pterostichus trinarius","species",,"Casey",,2,"Lindroth, C. H. 1969. The ground-beetles (Carabidae, excl. Cicindelinae) of Canada and Alaska, parts 1-6. Opuscula E. Entomoligiska Sallskapet.","wYCqaZcA+7slXlj5N/mM6vobrh4QDptp","wYCqaZcA+7slXlj5N/mM6vobrh4QDptp",
"6094178f-4a23-4f80-ba71-e6663c04f9f3","BLAN_009.basePlot.bet","D02","BLAN","BLAN_009","E","2015-05-14","2015-05-28","2015-05-29","2015-07-02",,"BLAN_009.E.20150528","7TKpA4ipJZDyHyTXy7ZdZ7exGUEfrKaTD3Zw2+EVaAw=","invert bycatch",,,,,,,,,,"wYCqaZcA+7slXlj5N/mM6vobrh4QDptp",
"32b049c5-3ba1-4d2a-b3d7-9421a3183ce8","BLAN_012.basePlot.bet","D02","BLAN","BLAN_012","E","2015-05-14","2015-05-28","2015-05-29","2015-07-02","2015-07-02","BLAN_012.E.20150528","J0lvmfNn/fev68GQtXYsHmTbCO+Dh60MBBhxZAfUSTY=","carabid","PTETRI1","Pterostichus trinarius","species",,"Casey",,1,"Lindroth, C. H. 1969. The ground-beetles (Carabidae, excl. Cicindelinae) of Canada and Alaska, parts 1-6. Opuscula E. Entomoligiska Sallskapet.","wYCqaZcA+7slXlj5N/mM6vobrh4QDptp","wYCqaZcA+7slXlj5N/mM6vobrh4QDptp",
"8e30c517-51e1-419a-b5e8-815e2475444a","BLAN_012.basePlot.bet","D02","BLAN","BLAN_012","E","2015-05-14","2015-05-28","2015-05-29","2015-07-02","2015-07-02","BLAN_012.E.20150528","J0lvmfNn/fev68GQtXYsHsdBdb3nuQOvvwZNMPCGRFM=","carabid","CHLAES","Chlaenius aestivus","species",,"Say",,1,"Ciegler, J. C. 2000. Ground beetles and wrinkled bark beetles of South Carolina (Coleoptera: Geadephaga: Carabidae and Rhysodidae). Biota of South Carolina. Vol. 1. Clemson, S. Clemson University.","vEBCcEQSSh8r9pJtyJMpi8WPWOrf6mR2","wYCqaZcA+7slXlj5N/mM6vobrh4QDptp",
"059b6db0-09d5-4a47-b8b1-0b4f7cfdf323","BLAN_005.basePlot.bet","D02","BLAN","BLAN_005","E","2015-05-14","2015-05-28","2015-05-29","2015-07-13",,"BLAN_005.E.20150528","z8g4o9caFRNBjyTGQyR3EQJAZfPt3373GCl2ceJlXoI=","invert bycatch",,,,,,,,,,"wYCqaZcA+7slXlj5N/mM6vobrh4QDptp",
"7bd87e0f-ad7c-4b10-854f-f53fbcbff049","BLAN_011.basePlot.bet","D02","BLAN","BLAN_011","E","2015-05-14","2015-05-28","2015-05-29","2015-07-16",,"BLAN_011.E.20150528","N4JQ3RFWht1UiEJPpKgW2ySadAfNZ8KIexrqf9PBTe8=","invert bycatch",,,,,,,,,,"wYCqaZcA+7slXlj5N/mM6vobrh4QDptp",
"1063f0f5-1046-4299-a521-eab65f35f23e","BLAN_006.basePlot.bet","D02","BLAN","BLAN_006","E","2015-05-14","2015-05-28","2015-05-29","2015-07-08",,"BLAN_006.E.20150528","YPnoadCppCw/xFNAB855mVf0lFvvN61HsJcq5BNczv4=","invert bycatch",,,,,,,,,,"wYCqaZcA+7slXlj5N/mM6vobrh4QDptp",
"6c3d37d6-e423-4ca3-a234-073217aa0d0d","BLAN_002.basePlot.bet","D02","BLAN","BLAN_002","E","2015-05-14","2015-05-28","2015-05-29","2015-07-01",,"BLAN_002.E.20150528","pAIsJl1bu+EhoVbsGjTwWne8Fk4nxpeYmc7Mg1oFxAs=","invert bycatch",,,,,,,,,,"wYCqaZcA+7slXlj5N/mM6vobrh4QDptp",
"b0fe3095-351b-4ebf-97ca-a9719577ab68","BLAN_009.basePlot.bet","D02","BLAN","BLAN_009","E","2015-05-14","2015-05-28","2015-05-29","2015-07-02",,"BLAN_009.E.20150528","7TKpA4ipJZDyHyTXy7ZdZ7exGUEfrKaT4EjnRA7vksY=","invert bycatch",,,,,,,,,,"wYCqaZcA+7slXlj5N/mM6vobrh4QDptp",
"4002d688-1ecd-4995-a0d6-042628c5b605","BLAN_007.basePlot.bet","D02","BLAN","BLAN_007","N","2015-05-14","2015-05-28","2015-05-29","2015-07-14",,"BLAN_007.N.20150528","bSFRDFDJGfytG99/VH38tIoOnsvv031BzU79Op19/n0=","invert bycatch",,,,,,,,,,"wYCqaZcA+7slXlj5N/mM6vobrh4QDptp",
"8647789d-2ed7-49d6-95c2-4bbd8941dee7","BLAN_006.basePlot.bet","D02","BLAN","BLAN_006","N","2015-05-14","2015-05-28","2015-05-29","2015-07-08",,"BLAN_006.N.20150528","YPnoadCppCw5fBSxKNPHHhnlRe21Q7bSRvcwz+dA7p8=","invert bycatch",,,,,,,,,,"wYCqaZcA+7slXlj5N/mM6vobrh4QDptp",
"45aa694a-2bf9-4450-b98d-9e12a805f7c3","BLAN_012.basePlot.bet","D02","BLAN","BLAN_012","N","2015-05-14","2015-05-28","2015-05-29","2015-07-02",,"BLAN_012.N.20150528","J0lvmfNn/ffePszKztR5ZFkPDrXalD1LfRD6LDAE9sk=","invert bycatch",,,,,,,,,,"wYCqaZcA+7slXlj5N/mM6vobrh4QDptp",
"afacc993-c6b0-4c2d-9b09-1d3ba1b0e86a","BLAN_007.basePlot.bet","D02","BLAN","BLAN_007","N","2015-05-14","2015-05-28","2015-05-29","2015-07-14","2015-07-14","BLAN_007.N.20150528","bSFRDFDJGfytG99/VH38tMMBp5Jlw9fuhaZTcsAAPo0=","carabid","PTETRI1","Pterostichus trinarius","species",,"Casey",,1,"Lindroth, C. H. 1969. The ground-beetles (Carabidae, excl. Cicindelinae) of Canada and Alaska, parts 1-6. Opuscula E. Entomoligiska Sallskapet.","wYCqaZcA+7slXlj5N/mM6vobrh4QDptp","wYCqaZcA+7slXlj5N/mM6vobrh4QDptp",
"6418764e-5c2b-48ba-8ea7-47546893099a","BLAN_007.basePlot.bet","D02","BLAN","BLAN_007","N","2015-05-14","2015-05-28","2015-05-29","2015-07-14","2015-07-14","BLAN_007.N.20150528","bSFRDFDJGfytG99/VH38tG9p/ZlaPSca9VjWU/ZqFoc=","carabid","CHLAES","Chlaenius aestivus","species",,"Say",,1,"Ciegler, J. C. 2000. Ground beetles and wrinkled bark beetles of South Carolina (Coleoptera: Geadephaga: Carabidae and Rhysodidae). Biota of South Carolina. Vol. 1. Clemson, S. Clemson University.","fhqXNoOkfxgxeumX3nh8hiKzTnt5lZ8Br3PaGAyV7lk=","wYCqaZcA+7slXlj5N/mM6vobrh4QDptp",
"9dbf2ab9-414b-4d12-acd1-b05ca8f955b2","BLAN_004.basePlot.bet","D02","BLAN","BLAN_004","N","2015-05-14","2015-05-28","2015-05-29","2015-07-13",,"BLAN_004.N.20150528","zD/pbYGBt/C/aB+ZJY3XZw9of2d61mDPscmoqReSD+I=","invert bycatch",,,,,,,,,,"wYCqaZcA+7slXlj5N/mM6vobrh4QDptp",
"fbb33283-30d8-4946-b7f3-9efc8cc6a835","BLAN_001.basePlot.bet","D02","BLAN","BLAN_001","N","2015-05-14","2015-05-28","2015-05-29","2015-07-13",,"BLAN_001.N.20150528","snBNH0r8Ie2dc6Bc7EcuB1jAS5gI+faoOmUxoaGr2ig=","invert bycatch",,,,,,,,,,"wYCqaZcA+7slXlj5N/mM6vobrh4QDptp",
"e2f584d8-9a1c-4a11-bca5-5e5ed134f2dc","BLAN_004.basePlot.bet","D02","BLAN","BLAN_004","N","2015-05-14","2015-05-28","2015-05-29","2015-07-13",,"BLAN_004.N.20150528","zD/pbYGBt/C/aB+ZJY3XZw9of2d61mDPxyw7v1muWvM=","invert bycatch",,,,,,,,,,"wYCqaZcA+7slXlj5N/mM6vobrh4QDptp",
"7a2bdbde-8ca3-470d-a475-e5d39182fcc2","BLAN_003.basePlot.bet","D02","BLAN","BLAN_003","N","2015-05-14","2015-05-28","2015-05-29","2015-07-13",,"BLAN_003.N.20150528","qWnRnvyEnOx1fxKxt0MOlUO7jxabiWHO/sKWQt3SghE=","invert bycatch",,,,,,,,,,"wYCqaZcA+7slXlj5N/mM6vobrh4QDptp",
"9626abc1-7e4b-49de-a191-060712db53d7","BLAN_003.basePlot.bet","D02","BLAN","BLAN_003","N","2015-05-14","2015-05-28","2015-05-29","2015-07-13",,"BLAN_003.N.20150528","qWnRnvyEnOx1fxKxt0MOlUO7jxabiWHO/oNgPIL+96Q=","invert bycatch",,,,,,,,,,"wYCqaZcA+7slXlj5N/mM6vobrh4QDptp",
"ab245b5b-cdba-4d16-a895-694a203a9bd6","BLAN_005.basePlot.bet","D02","BLAN","BLAN_005","N","2015-05-14","2015-05-28","2015-05-29","2015-07-13",,"BLAN_005.N.20150528","z8g4o9caFRMjyse/PCVBHMVCx+jQAQqf5KqRJs+Hkds=","invert bycatch",,,,,,,,,,"wYCqaZcA+7slXlj5N/mM6vobrh4QDptp",
"1f131a9c-39f0-4945-9cab-c164427ce4f2","BLAN_012.basePlot.bet","D02","BLAN","BLAN_012","N","2015-05-14","2015-05-28","2015-05-29","2015-07-02",,"BLAN_012.N.20150528","J0lvmfNn/ffePszKztR5ZFkPDrXalD1LoI8fBKx99Mk=","invert bycatch",,,,,,,,,,"wYCqaZcA+7slXlj5N/mM6vobrh4QDptp",
"30405b47-d1e1-4c7f-bf99-c742abf539ff","BLAN_012.basePlot.bet","D02","BLAN","BLAN_012","N","2015-05-14","2015-05-28","2015-05-29","2015-07-02","2015-07-02","BLAN_012.N.20150528","J0lvmfNn/ffePszKztR5ZAU7iQ6W6oV1+EDVC6YTnTw=","carabid","CHLAMO","Chlaenius amoenus","species",,"Dejean",,1,"Ciegler, J. C. 2000. Ground beetles and wrinkled bark beetles of South Carolina (Coleoptera: Geadephaga: Carabidae and Rhysodidae). Biota of South Carolina. Vol. 1. Clemson, S. Clemson University.","wYCqaZcA+7slXlj5N/mM6vobrh4QDptp","wYCqaZcA+7slXlj5N/mM6vobrh4QDptp",
"5829daaf-d463-4f8e-9b7f-a8c41513ae84","BLAN_002.basePlot.bet","D02","BLAN","BLAN_002","N","2015-05-14","2015-05-28","2015-05-29","2015-07-01",,"BLAN_002.N.20150528","pAIsJl1bu+HXiZP2divGM0BNEXAuzjtGrDwIiguKmyc=","invert bycatch",,,,,,,,,,"wYCqaZcA+7slXlj5N/mM6vobrh4QDptp",
"b45728e6-4a5b-47fd-94cf-5bb0b76d3242","BLAN_009.basePlot.bet","D02","BLAN","BLAN_009","N","2015-05-14","2015-05-28","2015-05-29","2015-07-02",,"BLAN_009.N.20150528","7TKpA4ipJZDLqKPO2y3Gpi4+SVtz9vaLPcnfHcCAKhk=","invert bycatch",,,,,,,,,,"wYCqaZcA+7slXlj5N/mM6vobrh4QDptp",
"2a1c9ba5-a006-4fc5-936b-bbe1259b71e3","BLAN_009.basePlot.bet","D02","BLAN","BLAN_009","N","2015-05-14","2015-05-28","2015-05-29","2015-07-02",,"BLAN_009.N.20150528","7TKpA4ipJZDLqKPO2y3Gpi4+SVtz9vaL3aR3zPYQ9u4=","invert bycatch",,,,,,,,,,"wYCqaZcA+7slXlj5N/mM6vobrh4QDptp",
"ffaa3d65-485a-4d84-a054-9509c4abd3f0","BLAN_006.basePlot.bet","D02","BLAN","BLAN_006","N","2015-05-14","2015-05-28","2015-05-29","2015-07-08",,"BLAN_006.N.20150528","YPnoadCppCw5fBSxKNPHHhnlRe21Q7bSGszcVqs6i+Q=","invert bycatch",,,,,,,,,,"wYCqaZcA+7slXlj5N/mM6vobrh4QDptp",
"5efafed4-4a7f-42fc-be08-373d8bf62a9a","BLAN_011.basePlot.bet","D02","BLAN","BLAN_011","N","2015-05-14","2015-05-28","2015-05-29","2015-07-16",,"BLAN_011.N.20150528","N4JQ3RFWht3sbbIawXLCq9CRHbLJdq4IOEc8NWL6DF8=","invert bycatch",,,,,,,,,,"wYCqaZcA+7slXlj5N/mM6vobrh4QDptp",
"c5ff8577-6898-4128-b27a-f8c4009202fd","BLAN_004.basePlot.bet","D02","BLAN","BLAN_004","S","2015-05-14","2015-05-28","2015-05-29","2015-07-13",,"BLAN_004.S.20150528","zD/pbYGBt/CNI35fc9ji9JBfRTKyNphmv7lUBdyeC7w=","invert bycatch",,,,,,,,,,"wYCqaZcA+7slXlj5N/mM6vobrh4QDptp",
"4bab3b14-8ac0-45b4-9234-ece2549efa34","BLAN_006.basePlot.bet","D02","BLAN","BLAN_006","S","2015-05-14","2015-05-28","2015-05-29","2015-07-08",,"BLAN_006.S.20150528","YPnoadCppCzewqzz7FEYf0EbMixClPIkU8r+1sYiQIg=","invert bycatch",,,,,,,,,,"wYCqaZcA+7slXlj5N/mM6vobrh4QDptp",
"fd1c3990-1bfe-4376-90b3-ef3f89b987b2","BLAN_002.basePlot.bet","D02","BLAN","BLAN_002","S","2015-05-14","2015-05-28","2015-05-29","2015-07-01",,"BLAN_002.S.20150528","pAIsJl1bu+E8Xbm7/DkTAi4lVHBVTfeut4aIl1nf4Jk=","invert bycatch",,,,,,,,,,"wYCqaZcA+7slXlj5N/mM6vobrh4QDptp",
"86c80db4-7e1b-4d4b-bbbc-7d2d8b09662d","BLAN_002.basePlot.bet","D02","BLAN","BLAN_002","S","2015-05-14","2015-05-28","2015-05-29","2015-07-01","2015-07-01","BLAN_002.S.20150528","pAIsJl1bu+E8Xbm7/DkTAjDo/2Eyjp9Suv/6BNOC/C0=","carabid","ANIRUS","Anisodactylus rusticus","species",,"Say",,1,"Noonan, G. R. 1973. The Anisodactylines (Insecta: Coleoptera: Carabidae: Harpalini): classification, evolution and zoogeography. Quaestiones Entomologicae 9:266-480.","wYCqaZcA+7slXlj5N/mM6vobrh4QDptp","wYCqaZcA+7slXlj5N/mM6vobrh4QDptp",
"e9c779a7-9da4-4a17-b32a-f1f925d47379","BLAN_005.basePlot.bet","D02","BLAN","BLAN_005","S","2015-05-14","2015-05-28","2015-05-29","2015-07-13","2015-07-13","BLAN_005.S.20150528","z8g4o9caFROyny+EfIixsHq4M7NpcDgziW2TePGhXkE=","carabid","CHLAES","Chlaenius aestivus","species",,"Say",,6,"Ciegler, J. C. 2000. Ground beetles and wrinkled bark beetles of South Carolina (Coleoptera: Geadephaga: Carabidae and Rhysodidae). Biota of South Carolina. Vol. 1. Clemson, S. Clemson University.","fhqXNoOkfxgxeumX3nh8hiKzTnt5lZ8Br3PaGAyV7lk=","wYCqaZcA+7slXlj5N/mM6vobrh4QDptp",
"48688fa7-bf93-46aa-a491-eb7ffbfc7784","BLAN_003.basePlot.bet","D02","BLAN","BLAN_003","S","2015-05-14","2015-05-28","2015-05-29","2015-07-13",,"BLAN_003.S.20150528","qWnRnvyEnOw8ZG3glPjrxn+lGNr2nuAPcky+TiEaafU=","invert bycatch",,,,,,,,,,"wYCqaZcA+7slXlj5N/mM6vobrh4QDptp",
"cf19fe3c-8066-414f-8ee8-bee2c91cdca3","BLAN_001.basePlot.bet","D02","BLAN","BLAN_001","S","2015-05-14","2015-05-28","2015-05-29","2015-07-13",,"BLAN_001.S.20150528","snBNH0r8Ie3oU3fy7Hbdkcx2De7e63zUpHtKD/+/HHA=","invert bycatch",,,,,,,,,,"wYCqaZcA+7slXlj5N/mM6vobrh4QDptp",
"af642d14-5fcd-4427-8260-f8335a84542b","BLAN_007.basePlot.bet","D02","BLAN","BLAN_007","S","2015-05-14","2015-05-28","2015-05-29","2015-07-14",,"BLAN_007.S.20150528","bSFRDFDJGfxVcvZJvv+ISlVv87itD9lAe9vgu1Xo0Xc=","invert bycatch",,,,,,,,,,"wYCqaZcA+7slXlj5N/mM6vobrh4QDptp",
"a34b9769-5ad0-4420-870f-b38c5ec24657","BLAN_004.basePlot.bet","D02","BLAN","BLAN_004","S","2015-05-14","2015-05-28","2015-05-29","2015-07-13","2015-07-13","BLAN_004.S.20150528","zD/pbYGBt/CNI35fc9ji9PXgik7x1Kcm8zplR3jgNDI=","carabid","CHLAES","Chlaenius aestivus","species",,"Say",,5,"Ciegler, J. C. 2000. Ground beetles and wrinkled bark beetles of South Carolina (Coleoptera: Geadephaga: Carabidae and Rhysodidae). Biota of South Carolina. Vol. 1. Clemson, S. Clemson University.","fhqXNoOkfxgxeumX3nh8hiKzTnt5lZ8Br3PaGAyV7lk=","wYCqaZcA+7slXlj5N/mM6vobrh4QDptp",
"87ec617b-83e2-4f31-bec5-58069597f163","BLAN_004.basePlot.bet","D02","BLAN","BLAN_004","S","2015-05-14","2015-05-28","2015-05-29","2015-07-13",,"BLAN_004.S.20150528","zD/pbYGBt/CNI35fc9ji9JBfRTKyNphmBBQFNchIOac=","invert bycatch",,,,,,,,,,"wYCqaZcA+7slXlj5N/mM6vobrh4QDptp",
"368f5cf1-1653-42c4-a1df-6acc9e7240c3","BLAN_004.basePlot.bet","D02","BLAN","BLAN_004","S","2015-05-14","2015-05-28","2015-05-29","2015-07-13","2015-07-13","BLAN_004.S.20150528","zD/pbYGBt/CNI35fc9ji9KOOSAIQQvOu2OCn7K79KHc=","carabid","POELUC","Poecilus lucublandus","species",,"Say",,1,"Ciegler, J. C. 2000. Ground beetles and wrinkled bark beetles of South Carolina (Coleoptera: Geadephaga: Carabidae and Rhysodidae). Biota of South Carolina. Vol. 1. Clemson, S. Clemson University.","wYCqaZcA+7slXlj5N/mM6vobrh4QDptp","wYCqaZcA+7slXlj5N/mM6vobrh4QDptp",
"664f9a53-773d-40df-94fa-213cebd238ba","BLAN_003.basePlot.bet","D02","BLAN","BLAN_003","S","2015-05-14","2015-05-28","2015-05-29","2015-07-13",,"BLAN_003.S.20150528","qWnRnvyEnOw8ZG3glPjrxn+lGNr2nuAPeYmylDrvOXI=","invert bycatch",,,,,,,,,,"wYCqaZcA+7slXlj5N/mM6vobrh4QDptp",
"12a9a93b-e255-4a45-a3b7-961ff167aff0","BLAN_005.basePlot.bet","D02","BLAN","BLAN_005","S","2015-05-14","2015-05-28","2015-05-29","2015-07-13",,"BLAN_005.S.20150528","z8g4o9caFROyny+EfIixsOIkY7eJgfLVvdN5HlfqSwQ=","invert bycatch",,,,,,,,,,"wYCqaZcA+7slXlj5N/mM6vobrh4QDptp",
