uid,namedLocation,domainID,siteID,plotID,trapID,plotType,nlcdClass,decimalLatitude,decimalLongitude,geodeticDatum,coordinateUncertainty,elevation,elevationUncertainty,setDate,collectDate,eventID,daysOfTrapping,sampleCollected,sampleID,cupStatus,lidStatus,fluidLevel,samplingProtocolVersion,recordedBy,remarks
"1d3a87de-95b5-4c5e-9676-018a052c37db","WOOD_005.basePlot.bet","D09","WOOD","WOOD_005","E","distributed","grasslandHerbaceous",47.149339,-99.251928,"WGS84",20.1,590.3,0.2,"2017-05-23","2017-06-06","WOOD.2017.24",14,"Y","WOOD_005.E.20170606","Ok","Ok","Low","NEON.DOC.014050vK","zkC+qLuJ++N4VL9YlF8Sh7cVlPVNvTmAK/tDiv33IvU=",
"d8145b60-776c-4d4d-aff5-1e34d3cf958c","WOOD_003.basePlot.bet","D09","WOOD","WOOD_003","W","distributed","grasslandHerbaceous",47.118581,-99.239944,"WGS84",20.1,585.7,0.2,"2017-05-23","2017-06-06","WOOD.2017.24",14,"Y","WOOD_003.W.20170606","Ok","Ok","Ok","NEON.DOC.014050vK","zkC+qLuJ++N4VL9YlF8Sh7cVlPVNvTmAK/tDiv33IvU=",
"120d60ff-fd56-439d-9e84-8a4401c73881","WOOD_005.basePlot.bet","D09","WOOD","WOOD_005","W","distributed","grasslandHerbaceous",47.149339,-99.251928,"WGS84",20.1,590.3,0.2,"2017-05-23","2017-06-06","WOOD.2017.24",14,"Y","WOOD_005.W.20170606","Ok","Ok","Low","NEON.DOC.014050vK","zkC+qLuJ++N4VL9YlF8Sh7cVlPVNvTmAK/tDiv33IvU=",
"d6c02808-f780-4289-80d7-87635d547010","WOOD_005.basePlot.bet","D09","WOOD","WOOD_005","N","distributed","grasslandHerbaceous",47.149339,-99.251928,"WGS84",20.1,590.3,0.2,"2017-05-23","2017-06-06","WOOD.2017.24",14,"Y","WOOD_005.N.20170606","Ok","Ok","Ok","NEON.DOC.014050vK","zkC+qLuJ++N4VL9YlF8Sh7cVlPVNvTmAK/tDiv33IvU=",
"ba591394-de13-4886-92a4-67bcb8a53efa","WOOD_007.basePlot.bet","D09","WOOD","WOOD_007","E","distributed","grasslandHerbaceous",47.134755,-99.249895,"WGS84",20.1,594.7,0.1,"2017-05-23","2017-06-06","WOOD.2017.24",14,"Y","WOOD_007.E.20170606","Ok","Ok","Ok","NEON.DOC.014050vK","zkC+qLuJ++N4VL9YlF8Sh7cVlPVNvTmAK/tDiv33IvU=",
"bb4495f3-56fe-492c-bebe-20cb661806ad","WOOD_007.basePlot.bet","D09","WOOD","WOOD_007","S","distributed","grasslandHerbaceous",47.134755,-99.249895,"WGS84",20.1,594.7,0.1,"2017-05-23","2017-06-06","WOOD.2017.24",14,"Y","WOOD_007.S.20170606","Ok","Ok","Ok","NEON.DOC.014050vK","zkC+qLuJ++N4VL9YlF8Sh7cVlPVNvTmAK/tDiv33IvU=",
"496ef1f9-8f2f-48b8-9eb5-30a2b1bdc41c","WOOD_007.basePlot.bet","D09","WOOD","WOOD_007","N","distributed","grasslandHerbaceous",47.134755,-99.249895,"WGS84",20.1,594.7,0.1,"2017-05-23","2017-06-06","WOOD.2017.24",14,"Y","WOOD_007.N.20170606","Ok","Ok","Ok","NEON.DOC.014050vK","zkC+qLuJ++N4VL9YlF8Sh7cVlPVNvTmAK/tDiv33IvU=",
"38d6ab1b-5b66-4a77-9165-06d5c54964fb","WOOD_002.basePlot.bet","D09","WOOD","WOOD_002","N","distributed","grasslandHerbaceous",47.136134,-99.232896,"WGS84",20.1,573.6,0.2,"2017-05-23","2017-06-06","WOOD.2017.24",14,"Y","WOOD_002.N.20170606","Ok","Ok","Ok","NEON.DOC.014050vK","zkC+qLuJ++N4VL9YlF8Sh7cVlPVNvTmAK/tDiv33IvU=",
"71518719-0b20-413c-b48e-5158a7fcabb7","WOOD_002.basePlot.bet","D09","WOOD","WOOD_002","S","distributed","grasslandHerbaceous",47.136134,-99.232896,"WGS84",20.1,573.6,0.2,"2017-05-23","2017-06-06","WOOD.2017.24",14,"Y","WOOD_002.S.20170606","Ok","Ok","Ok","NEON.DOC.014050vK","zkC+qLuJ++N4VL9YlF8Sh7cVlPVNvTmAK/tDiv33IvU=","SW corner need driveway marker"
"f86b7aa6-3e9b-433e-922a-9caf7b9046d2","WOOD_007.basePlot.bet","D09","WOOD","WOOD_007","W","distributed","grasslandHerbaceous",47.134755,-99.249895,"WGS84",20.1,594.7,0.1,"2017-05-23","2017-06-06","WOOD.2017.24",14,"Y","WOOD_007.W.20170606","Ok","Ok","Ok","NEON.DOC.014050vK","zkC+qLuJ++N4VL9YlF8Sh7cVlPVNvTmAK/tDiv33IvU=",
"cbf924f6-6320-4e96-bb66-05ae36278e86","WOOD_001.basePlot.bet","D09","WOOD","WOOD_001","N","distributed","grasslandHerbaceous",47.128258,-99.257768,"WGS84",20.2,596.3,0.2,"2017-05-23","2017-06-06","WOOD.2017.24",14,"Y","WOOD_001.N.20170606","Ok","Ok","Ok","NEON.DOC.014050vK","zkC+qLuJ++N4VL9YlF8Sh7cVlPVNvTmAK/tDiv33IvU=",
"8b5f85be-8d2e-44ee-929d-7a85773b7566","WOOD_002.basePlot.bet","D09","WOOD","WOOD_002","W","distributed","grasslandHerbaceous",47.136134,-99.232896,"WGS84",20.1,573.6,0.2,"2017-05-23","2017-06-06","WOOD.2017.24",14,"Y","WOOD_002.W.20170606","Ok","Ok","Ok","NEON.DOC.014050vK","zkC+qLuJ++N4VL9YlF8Sh7cVlPVNvTmAK/tDiv33IvU=",
"9ef65c78-58fc-4b60-ae6f-56697067307b","WOOD_002.basePlot.bet","D09","WOOD","WOOD_002","E","distributed","grasslandHerbaceous",47.136134,-99.232896,"WGS84",20.1,573.6,0.2,"2017-05-23","2017-06-06","WOOD.2017.24",14,"Y","WOOD_002.E.20170606","Ok","Ok","Ok","NEON.DOC.014050vK","zkC+qLuJ++N4VL9YlF8Sh7cVlPVNvTmAK/tDiv33IvU=",
"92fba533-71a4-481b-b4a1-91a0b78e5874","WOOD_001.basePlot.bet","D09","WOOD","WOOD_001","E","distributed","grasslandHerbaceous",47.128258,-99.257768,"WGS84",20.2,596.3,0.2,"2017-05-23","2017-06-06","WOOD.2017.24",14,"Y","WOOD_001.E.20170606","Ok","Ok","Ok","NEON.DOC.014050vK","zkC+qLuJ++N4VL9YlF8Sh7cVlPVNvTmAK/tDiv33IvU=",
"167d3f26-7fd6-4e02-a6d6-462924c60fc1","WOOD_001.basePlot.bet","D09","WOOD","WOOD_001","S","distributed","grasslandHerbaceous",47.128258,-99.257768,"WGS84",20.2,596.3,0.2,"2017-05-23","2017-06-06","WOOD.2017.24",14,"Y","WOOD_001.S.20170606","Ok","Ok","Ok","NEON.DOC.014050vK","zkC+qLuJ++N4VL9YlF8Sh7cVlPVNvTmAK/tDiv33IvU=",
"ee9bec30-a9eb-4315-94b2-e0949b7cb067","WOOD_001.basePlot.bet","D09","WOOD","WOOD_001","W","distributed","grasslandHerbaceous",47.128258,-99.257768,"WGS84",20.2,596.3,0.2,"2017-05-23","2017-06-06","WOOD.2017.24",14,"Y","WOOD_001.W.20170606","Ok","Ok","Ok","NEON.DOC.014050vK","zkC+qLuJ++N4VL9YlF8Sh7cVlPVNvTmAK/tDiv33IvU=",
"767cd735-61fc-488d-a0d6-09aa0af54088","WOOD_006.basePlot.bet","D09","WOOD","WOOD_006","S","distributed","grasslandHerbaceous",47.142318,-99.247173,"WGS84",20.1,590.3,0.2,"2017-05-23","2017-06-06","WOOD.2017.24",14,"Y","WOOD_006.S.20170606","Ok","Ok","Ok","NEON.DOC.014050vK","zkC+qLuJ++N4VL9YlF8Sh7cVlPVNvTmAK/tDiv33IvU=",
"855ae3a8-79b1-4fae-bf38-eaaca9c326e4","WOOD_006.basePlot.bet","D09","WOOD","WOOD_006","W","distributed","grasslandHerbaceous",47.142318,-99.247173,"WGS84",20.1,590.3,0.2,"2017-05-23","2017-06-06","WOOD.2017.24",14,"Y","WOOD_006.W.20170606","Ok","Ok","Ok","NEON.DOC.014050vK","zkC+qLuJ++N4VL9YlF8Sh7cVlPVNvTmAK/tDiv33IvU=",
"1264c818-6d79-4be5-b7ef-2691fd9c1d00","WOOD_006.basePlot.bet","D09","WOOD","WOOD_006","E","distributed","grasslandHerbaceous",47.142318,-99.247173,"WGS84",20.1,590.3,0.2,"2017-05-23","2017-06-06","WOOD.2017.24",14,"Y","WOOD_006.E.20170606","Ok","Ok","Ok","NEON.DOC.014050vK","zkC+qLuJ++N4VL9YlF8Sh7cVlPVNvTmAK/tDiv33IvU=",
"565a41d8-1a45-48fb-8ff4-1b46839d3490","WOOD_006.basePlot.bet","D09","WOOD","WOOD_006","N","distributed","grasslandHerbaceous",47.142318,-99.247173,"WGS84",20.1,590.3,0.2,"2017-05-23","2017-06-06","WOOD.2017.24",14,"Y","WOOD_006.N.20170606","Ok","Ok","Ok","NEON.DOC.014050vK","zkC+qLuJ++N4VL9YlF8Sh7cVlPVNvTmAK/tDiv33IvU=","Re-labeled North cup"
"6412d41d-9122-4b2e-b772-ecf1d766015b","WOOD_004.basePlot.bet","D09","WOOD","WOOD_004","S","distributed","grasslandHerbaceous",47.125840,-99.253801,"WGS84",20.1,594.1,0.2,"2017-05-23","2017-06-06","WOOD.2017.24",14,"Y","WOOD_004.S.20170606","Ok","Ok","Ok","NEON.DOC.014050vK","zkC+qLuJ++N4VL9YlF8Sh7cVlPVNvTmAK/tDiv33IvU=",
"a56af775-d843-4920-93a8-ed581285568e","WOOD_004.basePlot.bet","D09","WOOD","WOOD_004","E","distributed","grasslandHerbaceous",47.125840,-99.253801,"WGS84",20.1,594.1,0.2,"2017-05-23","2017-06-06","WOOD.2017.24",14,"Y","WOOD_004.E.20170606","Ok","Ok","Ok","NEON.DOC.014050vK","zkC+qLuJ++N4VL9YlF8Sh7cVlPVNvTmAK/tDiv33IvU=",
"887c22d8-e953-4825-879a-5c8e9e7112fd","WOOD_023.basePlot.bet","D09","WOOD","WOOD_023","S","distributed","emergentHerbaceousWetlands",47.130118,-99.267270,"WGS84",20.1,604.1,0.1,"2017-05-23","2017-06-06","WOOD.2017.24",14,"Y","WOOD_023.S.20170606","Ok","Ok","Ok","NEON.DOC.014050vK","zkC+qLuJ++N4VL9YlF8Sh7cVlPVNvTmAK/tDiv33IvU=",
"09f1f1fe-03f6-4aec-b6c8-90cc1435f4ab","WOOD_004.basePlot.bet","D09","WOOD","WOOD_004","W","distributed","grasslandHerbaceous",47.125840,-99.253801,"WGS84",20.1,594.1,0.2,"2017-05-23","2017-06-06","WOOD.2017.24",14,"Y","WOOD_004.W.20170606","Ok","Ok","Ok","NEON.DOC.014050vK","zkC+qLuJ++N4VL9YlF8Sh7cVlPVNvTmAK/tDiv33IvU=",
"d2c77912-31e0-4805-90c1-4fd6193ea1f7","WOOD_004.basePlot.bet","D09","WOOD","WOOD_004","N","distributed","grasslandHerbaceous",47.125840,-99.253801,"WGS84",20.1,594.1,0.2,"2017-05-23","2017-06-06","WOOD.2017.24",14,"Y","WOOD_004.N.20170606","Ok","Ok","Ok","NEON.DOC.014050vK","zkC+qLuJ++N4VL9YlF8Sh7cVlPVNvTmAK/tDiv33IvU=",
"abd3bd30-d0c4-4b76-970f-51260a5209f7","WOOD_003.basePlot.bet","D09","WOOD","WOOD_003","S","distributed","grasslandHerbaceous",47.118581,-99.239944,"WGS84",20.1,585.7,0.2,"2017-05-23","2017-06-06","WOOD.2017.24",14,"Y","WOOD_003.S.20170606","Ok","Ok","Low","NEON.DOC.014050vK","zkC+qLuJ++N4VL9YlF8Sh7cVlPVNvTmAK/tDiv33IvU=",
"c6da0e03-3a99-43c5-bda9-ec0bc2f725c6","WOOD_023.basePlot.bet","D09","WOOD","WOOD_023","N","distributed","emergentHerbaceousWetlands",47.130118,-99.267270,"WGS84",20.1,604.1,0.1,"2017-05-23","2017-06-06","WOOD.2017.24",14,"Y","WOOD_023.N.20170606","Ok","Ok","Ok","NEON.DOC.014050vK","zkC+qLuJ++N4VL9YlF8Sh7cVlPVNvTmAK/tDiv33IvU=",
"bfff4cbb-962a-4a18-9e0d-cd809b411ada","WOOD_023.basePlot.bet","D09","WOOD","WOOD_023","E","distributed","emergentHerbaceousWetlands",47.130118,-99.267270,"WGS84",20.1,604.1,0.1,"2017-05-23","2017-06-06","WOOD.2017.24",14,"Y","WOOD_023.E.20170606","Ok","Ok","Ok","NEON.DOC.014050vK","zkC+qLuJ++N4VL9YlF8Sh7cVlPVNvTmAK/tDiv33IvU=",
"7a48651f-1e56-4d06-9050-fc27cdd8540b","WOOD_003.basePlot.bet","D09","WOOD","WOOD_003","N","distributed","grasslandHerbaceous",47.118581,-99.239944,"WGS84",20.1,585.7,0.2,"2017-05-23","2017-06-06","WOOD.2017.24",14,"Y","WOOD_003.N.20170606","Ok","Ok","Ok","NEON.DOC.014050vK","zkC+qLuJ++N4VL9YlF8Sh7cVlPVNvTmAK/tDiv33IvU=",
"9bd833c1-69ab-4d8e-996e-e3a85cd0a564","WOOD_003.basePlot.bet","D09","WOOD","WOOD_003","E","distributed","grasslandHerbaceous",47.118581,-99.239944,"WGS84",20.1,585.7,0.2,"2017-05-23","2017-06-06","WOOD.2017.24",14,"Y","WOOD_003.E.20170606","Ok","Ok","Ok","NEON.DOC.014050vK","zkC+qLuJ++N4VL9YlF8Sh7cVlPVNvTmAK/tDiv33IvU=",
"9d1942fa-83dc-4a63-9c06-70411340206f","WOOD_005.basePlot.bet","D09","WOOD","WOOD_005","S","distributed","grasslandHerbaceous",47.149339,-99.251928,"WGS84",20.1,590.3,0.2,"2017-05-23","2017-06-06","WOOD.2017.24",14,"Y","WOOD_005.S.20170606","Ok","Ok","Ok","NEON.DOC.014050vK","zkC+qLuJ++N4VL9YlF8Sh7cVlPVNvTmAK/tDiv33IvU=",
