uid,namedLocation,domainID,siteID,plotID,setDate,collectDate,processingDate,subsampleIDList,archiveVialID,scientificName,recordedBy,remarks
"fb2f9409-437c-405d-a7ff-ad3c606aa03e","CPER_010.basePlot.bet","D10","CPER","CPER_010","2016-04-21","2016-05-05","2016-05-09","DW9ihRbrMtmOiADTfsKRGMRX3gPWI4H8O++csck+lYlZ97QxNyPLCe+CH61V5ltVt8k7Hw4+RHM=","DW9ihRbrMtnCeT8A2rqbdGoz6LGI8XzC",,,
"9b1a9055-a216-447b-a02e-317fbcd733f9","CPER_001.basePlot.bet","D10","CPER","CPER_001","2016-04-21","2016-05-05","2016-05-09","BEtTVHT1LvExbFJS54y7ULQnx4lpinq+ydGm1hZGMAlrpB8wZTxtTQGwXzZyNUvqOMTKeHUKNJa6nWdVbrWRiDWwvyziloMhhlhwvN97jaoHs7ecntMCzoVEf5fSDCl5xgRyMDZm+/I=","BEtTVHT1LvEkOiVo5YxDmzwxF2YWtSKT",,,
"a8ce7698-1f5b-43e6-8bc5-b0192438d297","CPER_004.basePlot.bet","D10","CPER","CPER_004","2016-04-21","2016-05-05","2016-05-10","eSCyThC0ZO4EZcnN0emnI7o3hWOEV3U4E1aAGjxrAg4P59gADlKLX4PZATMPt6KtdZq32WmHa0cPirQNMm3MQ2BPoySik2BIRlCX07NthDw=","eSCyThC0ZO5NZ1RU/BZGtJQHccsrsjHS",,,
"734e5d74-86a1-471a-a679-a2c7a7c99801","CPER_003.basePlot.bet","D10","CPER","CPER_003","2016-04-21","2016-05-05","2016-05-06","omCPNZnkoGR1hbO4uBHFrGyPrtBMyjr9fVhKqNIVI/t7MlvOS3plxBr4VseJkovKYocwRLRdpXAdXklISZUun9mUl1mXSiR11w3HMv+gu6OjG/0eX7iFztkFmiabcWY89XyKp9oMCVg=","omCPNZnkoGT1IPtaSOkL8RS1g6u48nBL",,,
"4e1706ce-8d47-4e0f-88ff-d16930ddf2c3","CPER_005.basePlot.bet","D10","CPER","CPER_005","2016-04-21","2016-05-05","2016-05-11","e1AKewEwvnG3+ccxepFdV8/7buLPVfI/i5zuayR5q3Nl17DmJ8Hx7CUz/hL7JjmGuWq7Hd7UsIGmWTjYEstWmp91wkZRcWGZySbh4TDVw8wKqEsZcc7sKwINmnDiulQjtFbKoxrFGQk=","e1AKewEwvnGwxw/D6ZjmRsW1EUayeIm7",,,
"45bd9107-2fc1-480e-bae9-8e56182a9d43","CPER_006.basePlot.bet","D10","CPER","CPER_006","2016-04-21","2016-05-05","2016-05-06","NHMCrMp+/ZWmMl7HlSTkXyzUxxu3LX40rRqPQ0CL5nnn95E3k1IFTUV4PplrxKA3bDFbgDe6f5JsPV+1AcfXTkfEbvytKBeAiFWkIlgYl1a5rryYUPPX+58L1v4lSbuad4PNvlNHS9I=","NHMCrMp+/ZVttTbeqvO22b4rzTy+WR/e",,,
"54cbc582-5e35-413a-b319-0e9d15f7a5d4","CPER_007.basePlot.bet","D10","CPER","CPER_007","2016-04-21","2016-05-05","2016-05-06","SOIi55Lib0IaN/2wEY8s2ZSoySk8/s1oWB+7/eMfeDpPv9/I2Hw4Xjf91v4E8lMw7YXuQ5mJQHbdFfM8X/hiZ2Kw0Y7mhbVq0juWOSWkGkG1BwzWj0hYSbTGPAwaYNi6x3TmWWaiJDY=","SOIi55Lib0I4WgxhLR8JMDCj9THclWeh",,,
"4a9236a3-d680-4059-8195-51318fea2d34","CPER_008.basePlot.bet","D10","CPER","CPER_008","2016-04-21","2016-05-05","2016-05-11","kqngcYlCVJ5Ki03/qc9YSRh4iYR0JgFg9axcIe8Iz+HiSpNJw6fhwF21bvYQZk7ShJw5Vr0LDDPmMoag0v4GV7OVehvwiuicOi4z0mzlvRnbU1DO3bVt3v9TzmkZlebE4xq63YcPWTU=","kqngcYlCVJ7cTstweg5OOaIe35YEdVcT",,,
"5122a2a8-e57e-44b7-971e-fbb93617b7bd","CPER_009.basePlot.bet","D10","CPER","CPER_009","2016-04-21","2016-05-05","2016-05-10","KY+Aed9dLRsHPw2TWjhstiVSYVCqzzBmE7k1ZtNbcCyitqijiUJvMsHg0yczg+mAfXIfUnWewvRBjHi8oQoR0VjVkzrlELFlc0Tzlztqlzsh+aLjzrSZRpIeWXugWEM1kTrRHB+M1kE=","KY+Aed9dLRtx81tCPxX7r9K4oN9FB2sz",,,
"176d9838-c971-46e8-b949-27ad040e2b00","CPER_010.basePlot.bet","D10","CPER","CPER_010","2016-04-21","2016-05-05","2016-05-09","DW9ihRbrMtlU+DgkMtW21EUu+GuHlAS5K6gU8932KKyETghZHMDRsEerut9DE4z1OfJaq+m4YrU=","DW9ihRbrMtnCeT8A2rqbdNCTrfFzXFEo",,,
"d1525a7a-7c6c-44f3-9591-632bccde5470","CPER_002.basePlot.bet","D10","CPER","CPER_002","2016-04-21","2016-05-05","2016-05-09","OMNGlFKVPvROFlwUjzTlLvddzeZhLXvn1OAkBFhZpCRbG3LHAP6Yx2d9U7OSHmBHSaRYVWebYkKmW9lvaqDFSFr8VPaXC9cJcEFE2Pw2b1udlXPJ5NKal3vudNUZ6o1i8GYGyK18lBY=","OMNGlFKVPvS0UESdD1pbLJE2xRESNatb",,,
"fe119801-c968-4239-a9d2-d9777a4dfe45","CPER_002.basePlot.bet","D10","CPER","CPER_002","2016-05-05","2016-05-19","2016-05-20","OMNGlFKVPvROFlwUjzTlLpVj4VyNb9JN6U8e2osRPim1YPrL2BDwkhb+pVk739OGQaWQw606wi5Ez3DKCMflBzVvrfJpACHLeAlHFsH06HtDS+lRaQgInVyQAQpojdB8Sw/c48ZoxBg=","OMNGlFKVPvTUIbGksPgXuoV/LXOHbXAJ",,,
"16a66bff-6454-4efc-acc0-17ab965b55f1","CPER_001.basePlot.bet","D10","CPER","CPER_001","2016-05-05","2016-05-19","2016-05-23","BEtTVHT1LvEZU/sAlJAcdMW4Fo4LWuhQ9Et/780W3KE3ICVNg7Ut6SdO7TK5Y+305egsu2l23jSGVh9ySlleuP95Exux3ecupzqY09HqdvMVI2QIPc14TdIenNvbQqzbPlTBmtnh1i4=","BEtTVHT1LvFeaddfYQggDOEMsl8rBzPB",,,
"097d0c27-df20-485e-8c57-681a7e340e73","CPER_003.basePlot.bet","D10","CPER","CPER_003","2016-05-05","2016-05-19","2016-05-20","omCPNZnkoGR1hbO4uBHFrNftDx+NeSxggkpk97/jbWfH98wgj4ZuebREmBcekGU4jwj7pGZl/wIA6KXauIuXhn6N9RufgLi778WcloAJQJOQiX+XHlO2N+ZIDH0P1LipY3EoyPSgea4=","omCPNZnkoGThKR2UGg06HJ88TipOD/bR",,,
"ba6c38b3-afb9-44d6-87e0-bc9970d45e13","CPER_004.basePlot.bet","D10","CPER","CPER_004","2016-05-05","2016-05-19","2016-05-23","eSCyThC0ZO7Z8HwXncMQ8w1WCpfVqMhjJZCXkvBIHUR1VufMtc9uitJrdsBo1G4mMthCLM5m0I/MWvfhLXLbRusOneqY9QCyUSah4CYx7hyk6Qx289224XdMk9lPMpd9pIsQtE0Orxs=","eSCyThC0ZO5JPphw4aYDGxiP74uKKI8M",,,
"15dcf5df-3310-4a45-8b29-8959cd073b0d","CPER_010.basePlot.bet","D10","CPER","CPER_010","2016-05-05","2016-05-19","2016-05-20","DW9ihRbrMtmOiADTfsKRGNVpLzHvadHZOvXVg1Ku3o25ai5ag+IqHVp9DEHUJfeSwwl63dTbSMH6sruna1a4Z0C5zQy0aTnLbBUYUevXTcwHHIXdOcTeYxv2UhHBKk81ezygqlYqW60=","DW9ihRbrMtk8+lJbnW5Y+jlN2YPLsd3S",,,
"63443bfd-43aa-40ca-938b-665d9a4ad74e","CPER_005.basePlot.bet","D10","CPER","CPER_005","2016-05-05","2016-05-19","2016-05-23","e1AKewEwvnG3+ccxepFdV8gICwfAFD1ZtQC4MKledlQJYPrznLwKK1sD9BnFZwUhlXz2Ku4to9g7tEoM2xT2tmirBoMdLHGipX12MxILLD6LqmgvbABAJtg77pCrlJlxGlkN+TwBDzk=","e1AKewEwvnEzCwRx9AcP0cV8NKoEwjk9",,,
"445d7251-a66c-43d9-b1a2-fa211cf6b77d","CPER_007.basePlot.bet","D10","CPER","CPER_007","2016-05-05","2016-05-19","2016-05-24","SOIi55Lib0IFQ1eb9PLopPdVmi2AAx2mgzC0ksVc66rdz1WwRo+RlW4k6UgMY8KxAW1EXNIHosGeS63H5Z9S/giiGj76NPJvraSrBJTN9kWspITChSlXE/IX0ZFa3uSRQEw12e0Rxsg=","SOIi55Lib0LR5My5gsP4E82rPs6bbCYu",,,
"0468b6d6-8df4-411c-919c-34d700ec4514","CPER_008.basePlot.bet","D10","CPER","CPER_008","2016-05-05","2016-05-19","2016-05-20","kqngcYlCVJ6RTpAUD89Xb+/0iXH4KE9ZpIcgB58HT2Q371kXzbqt0JetFm7izBCKPPWp0iibsc7DaVeHq2FUzIh/uwR3qOUr1Ul7874WCi81QQiLxzbfrFkMIli7xUkAhEB7xEc0odA=","kqngcYlCVJ4IFCMrJIfdMAjsuUYh7eMU",,,
"eed8c2fa-0a14-425f-90a0-6f7e2ff65db3","CPER_009.basePlot.bet","D10","CPER","CPER_009","2016-05-05","2016-05-19","2016-05-23","KY+Aed9dLRsHPw2TWjhstn8azUl9b0LxF2H0npWVRwlppvqD/FPJD/8QYjZGQkmA/owWHDv+9BEEeVZn/STDtZ3KGZrYp5icl+BCypwCBY8hFBeF9+cNmXbpF0H+f/ge6yMn7piELgU=","KY+Aed9dLRvJfq50dinrWTbB7YeVftqk",,,
"55682acf-7678-4180-8196-1fa1aa8ca998","CPER_006.basePlot.bet","D10","CPER","CPER_006","2016-05-05","2016-05-19","2016-05-23","NHMCrMp+/ZWmMl7HlSTkXy3QYkuW83KhJd6SJPC2Sb8FOgz6gV8ObgFHbzepaUt1KRU4rU7np3uODpa9taD6bJOBmMOCGbQGkNg7eIdjJl/AzZddaiRaPd7Vxk7w84b3EJDZ/+OwCk0=","NHMCrMp+/ZVXsz+Spu4Ojjg7Cn/lguO5",,,
