uid,namedLocation,domainID,siteID,plotID,trapID,setDate,collectDate,processingDate,etOHChangeDate,identifiedDate,sampleID,subsampleID,sampleType,taxonID,scientificName,taxonRank,identificationQualifier,scientificNameAuthorship,morphospeciesID,individualCount,identificationReferences,identifiedBy,recordedBy,remarks
"f5b0f6db-85ad-4dca-8e35-5ddecf781b7c","STEI_006.basePlot.bet","D05","STEI","STEI_006","E","2015-08-26","2015-09-09","2015-09-10","2016-01-07","2016-01-08","STEI_006.E.20150909","FSczGbn18rSQaynL1Ipu96zjbJFmfTX68s1QvKtD3L0=","carabid","PTEMEL","Pterostichus melanarius melanarius","subspecies",,"Illiger",,1,"Bousquet, Y. 2010b. Illustrated Identification Guide to Adults and Larvae of Northeastern North American Ground Beetles (Coleoptera: Carabidae). 1st Ed. Pensoft Publishers, Sofia, Bulgaria.","Syw2LXB/pj+fmGCuwdgBGVryVUmYhw3g","Syw2LXB/pj+fmGCuwdgBGVryVUmYhw3g",
"68250c61-3afa-4e59-8da0-817fd95b47fd","STEI_008.basePlot.bet","D05","STEI","STEI_008","E","2015-08-26","2015-09-09","2015-09-10","2016-01-07",,"STEI_008.E.20150909","RJLsXNaoVctHu0/r1mZQZFdpfm+wg2/Kf+11M+LsXsc=","invert bycatch",,,,,,,,,,"Syw2LXB/pj+fmGCuwdgBGVryVUmYhw3g",
"8ba30e9e-9a45-4215-b242-d8baf5a3abfb","STEI_005.basePlot.bet","D05","STEI","STEI_005","E","2015-08-26","2015-09-09","2015-09-10","2016-01-07",,"STEI_005.E.20150909","qriLSsXGHEzqqgZGGDGOjl4Ih1ZMTuzVUnGqHs6rxu0=","invert bycatch",,,,,,,,,,"Syw2LXB/pj+fmGCuwdgBGVryVUmYhw3g",
"581b8e03-f505-47c7-9fbf-66b3182074ac","STEI_006.basePlot.bet","D05","STEI","STEI_006","E","2015-08-26","2015-09-09","2015-09-10","2016-01-07",,"STEI_006.E.20150909","FSczGbn18rSQaynL1Ipu95RZXvjA51iaQ6lg8hTS2XY=","invert bycatch",,,,,,,,,,"Syw2LXB/pj+fmGCuwdgBGVryVUmYhw3g",
"1d2a820d-528b-4c74-a457-947ef347eb30","STEI_006.basePlot.bet","D05","STEI","STEI_006","E","2015-08-26","2015-09-09","2015-09-10","2016-01-07","2016-01-08","STEI_006.E.20150909","FSczGbn18rSQaynL1Ipu92Y2CGbqm8c+srMn8dl9cI8=","carabid","PTENOV","Pterostichus novus","species","cf. species","Straneo",,1,"Bousquet, Y. 2010b. Illustrated Identification Guide to Adults and Larvae of Northeastern North American Ground Beetles (Coleoptera: Carabidae). 1st Ed. Pensoft Publishers, Sofia, Bulgaria.","Syw2LXB/pj+fmGCuwdgBGVryVUmYhw3g","Syw2LXB/pj+fmGCuwdgBGVryVUmYhw3g","Could be PTECOR1"
"25939aef-f894-419a-8caa-046151d0cb13","STEI_009.basePlot.bet","D05","STEI","STEI_009","E","2015-08-26","2015-09-09","2015-09-10","2016-01-07",,"STEI_009.E.20150909","IGPPmzEoPofO8xCWuBZ7OP2JSmSyQyZfC6hUiJjFJUU=","invert bycatch",,,,,,,,,,"Syw2LXB/pj+fmGCuwdgBGVryVUmYhw3g",
"c87f3697-5903-436c-baf5-fa2e05497e6e","STEI_003.basePlot.bet","D05","STEI","STEI_003","E","2015-08-26","2015-09-09","2015-09-10","2015-12-28",,"STEI_003.E.20150909","DWUoTzNcbNlDfZbsjlU9vtgqojSCbeEkI2bEWDC7CTI=","invert bycatch",,,,,,,,,,"Syw2LXB/pj+fmGCuwdgBGVryVUmYhw3g",
"89486bfe-7b07-47e4-bb54-98cdf493a6eb","STEI_007.basePlot.bet","D05","STEI","STEI_007","E","2015-08-26","2015-09-09","2015-09-10","2016-01-07",,"STEI_007.E.20150909","uTVelW27vZRQ0tyYazpzg8kNfFERRknorfRKjtFoUbE=","invert bycatch",,,,,,,,,,"Syw2LXB/pj+fmGCuwdgBGVryVUmYhw3g",
"c3e00ad7-b456-403f-8e05-aec7f70f7eb8","STEI_022.basePlot.bet","D05","STEI","STEI_022","E","2015-08-26","2015-09-09","2015-09-10","2016-01-07","2016-01-08","STEI_022.E.20150909","HE/LDGsDHdr5PzztQj5XdDNsKPMwIDddhOoIsuEvHUY=","carabid","AGOGRA","Agonum gratiosum","species",,"Mannerheim",,2,"Bousquet, Y. 2010b. Illustrated Identification Guide to Adults and Larvae of Northeastern North American Ground Beetles (Coleoptera: Carabidae). 1st Ed. Pensoft Publishers, Sofia, Bulgaria.","Syw2LXB/pj+fmGCuwdgBGVryVUmYhw3g","Syw2LXB/pj+fmGCuwdgBGVryVUmYhw3g",
"bdd68db2-d891-41ed-8067-07078e046c1c","STEI_004.basePlot.bet","D05","STEI","STEI_004","E","2015-08-26","2015-09-09","2015-09-10","2016-01-07","2016-01-07","STEI_004.E.20150909","kIMktcbzaDceqF0M0I5i2dtCy4fHQ1VB3e7kVi37WLA=","carabid","PTEMEL","Pterostichus melanarius melanarius","subspecies",,"Illiger",,1,"Bousquet, Y. 2010b. Illustrated Identification Guide to Adults and Larvae of Northeastern North American Ground Beetles (Coleoptera: Carabidae). 1st Ed. Pensoft Publishers, Sofia, Bulgaria.","Syw2LXB/pj+fmGCuwdgBGVryVUmYhw3g","Syw2LXB/pj+fmGCuwdgBGVryVUmYhw3g",
"a3c9b59b-8393-4707-b495-04f2908a28fc","STEI_022.basePlot.bet","D05","STEI","STEI_022","E","2015-08-26","2015-09-09","2015-09-10","2016-01-07",,"STEI_022.E.20150909","HE/LDGsDHdr5PzztQj5XdHM2Fl7c6t+ymU1W8ZN+ptw=","invert bycatch",,,,,,,,,,"Syw2LXB/pj+fmGCuwdgBGVryVUmYhw3g",
"14d40d76-ff0c-4ba3-a724-869ae644e827","STEI_002.basePlot.bet","D05","STEI","STEI_002","E","2015-08-26","2015-09-09","2015-09-10","2015-12-28",,"STEI_002.E.20150909","aZO6SdKsrBzczDPPnkf0n7yGISDN6g72PS3zzgwvdJY=","invert bycatch",,,,,,,,,,"Syw2LXB/pj+fmGCuwdgBGVryVUmYhw3g",
"7b93dafb-e9d0-4e4d-bc77-8bb5c8f3252b","STEI_004.basePlot.bet","D05","STEI","STEI_004","E","2015-08-26","2015-09-09","2015-09-10","2016-01-07",,"STEI_004.E.20150909","kIMktcbzaDceqF0M0I5i2fFJGiHrKnrbQGtKDEiR7nE=","invert bycatch",,,,,,,,,,"Syw2LXB/pj+fmGCuwdgBGVryVUmYhw3g",
"85cf59ea-a92e-4ef2-b815-675013099884","STEI_001.basePlot.bet","D05","STEI","STEI_001","E","2015-08-26","2015-09-09","2015-09-10","2015-12-28","2015-12-28","STEI_001.E.20150909","7JlQSbZIlXilWjgAqnwWzn/95S8ivDoDGsW2Ctz/WOI=","carabid","PTENOV","Pterostichus novus","species",,"Straneo",,1,"Bousquet, Y. 2010b. Illustrated Identification Guide to Adults and Larvae of Northeastern North American Ground Beetles (Coleoptera: Carabidae). 1st Ed. Pensoft Publishers, Sofia, Bulgaria.","Syw2LXB/pj+fmGCuwdgBGVryVUmYhw3g","Syw2LXB/pj+fmGCuwdgBGVryVUmYhw3g",
"d86f6a14-c540-4e49-98db-964c59a9f7dc","STEI_001.basePlot.bet","D05","STEI","STEI_001","E","2015-08-26","2015-09-09","2015-09-10","2015-12-28","2015-12-28","STEI_001.E.20150909","7JlQSbZIlXilWjgAqnwWznIFq9KN/ecPS3Gxs1/ew8g=","carabid","PTEMEL","Pterostichus melanarius melanarius","subspecies",,"Illiger",,1,"Bousquet, Y. 2010b. Illustrated Identification Guide to Adults and Larvae of Northeastern North American Ground Beetles (Coleoptera: Carabidae). 1st Ed. Pensoft Publishers, Sofia, Bulgaria.","Syw2LXB/pj+fmGCuwdgBGVryVUmYhw3g","Syw2LXB/pj+fmGCuwdgBGVryVUmYhw3g",
"f8ec7db9-8e15-4314-9301-b442302d87c9","STEI_001.basePlot.bet","D05","STEI","STEI_001","E","2015-08-26","2015-09-09","2015-09-10","2015-12-28",,"STEI_001.E.20150909","7JlQSbZIlXilWjgAqnwWzpnKsWvDvPc34CYa+OPmoY8=","invert bycatch",,,,,,,,,,"Syw2LXB/pj+fmGCuwdgBGVryVUmYhw3g",
"b54445cd-fbca-41d4-9bea-fae0735c54d9","STEI_007.basePlot.bet","D05","STEI","STEI_007","N","2015-08-26","2015-09-09","2015-09-10","2016-01-07",,"STEI_007.N.20150909","uTVelW27vZSu1gY219xcTdylc6Q7aSBEUJYg/I8f6/M=","invert bycatch",,,,,,,,,,"Syw2LXB/pj+fmGCuwdgBGVryVUmYhw3g",
"2f0314d3-4128-4e8c-ab72-33eaccbd8a92","STEI_001.basePlot.bet","D05","STEI","STEI_001","N","2015-08-26","2015-09-09","2015-09-10","2015-12-28",,"STEI_001.N.20150909","7JlQSbZIlXhtt3ir6xZ4H/sEZNpAJ2WbHjnAVUBCJ+4=","invert bycatch",,,,,,,,,,"Syw2LXB/pj+fmGCuwdgBGVryVUmYhw3g",
"ae7610c3-3af0-42bf-b145-78b07a424027","STEI_002.basePlot.bet","D05","STEI","STEI_002","N","2015-08-26","2015-09-09","2015-09-10","2015-12-28","2015-12-28","STEI_002.N.20150909","aZO6SdKsrBwpriIgpWySn0gWK18X0IRbOzha7slT51g=","carabid","PTENOV","Pterostichus novus","species","cf. species","Straneo",,1,"Bousquet, Y. 2010b. Illustrated Identification Guide to Adults and Larvae of Northeastern North American Ground Beetles (Coleoptera: Carabidae). 1st Ed. Pensoft Publishers, Sofia, Bulgaria.","Syw2LXB/pj+fmGCuwdgBGVryVUmYhw3g","Syw2LXB/pj+fmGCuwdgBGVryVUmYhw3g","Could be PTECOR1"
"16a8b6f8-a4ad-47b0-ac0f-3a7eb52964b5","STEI_002.basePlot.bet","D05","STEI","STEI_002","N","2015-08-26","2015-09-09","2015-09-10","2015-12-28","2015-12-28","STEI_002.N.20150909","aZO6SdKsrBwpriIgpWySn4RftSkGcjxADUSm6L3EaMo=","carabid","PTEMEL","Pterostichus melanarius melanarius","subspecies",,"Illiger",,1,"Bousquet, Y. 2010b. Illustrated Identification Guide to Adults and Larvae of Northeastern North American Ground Beetles (Coleoptera: Carabidae). 1st Ed. Pensoft Publishers, Sofia, Bulgaria.","Syw2LXB/pj+fmGCuwdgBGVryVUmYhw3g","Syw2LXB/pj+fmGCuwdgBGVryVUmYhw3g",
"026b5999-8683-48bb-a1ff-0ec73d459f84","STEI_002.basePlot.bet","D05","STEI","STEI_002","N","2015-08-26","2015-09-09","2015-09-10","2015-12-28",,"STEI_002.N.20150909","aZO6SdKsrBwpriIgpWySn6nahXsqjj0RJYnPubulxqA=","invert bycatch",,,,,,,,,,"Syw2LXB/pj+fmGCuwdgBGVryVUmYhw3g",
"f457b715-7aec-432b-ac51-1a5702d30e5c","STEI_004.basePlot.bet","D05","STEI","STEI_004","N","2015-08-26","2015-09-09","2015-09-10","2016-01-07",,"STEI_004.N.20150909","kIMktcbzaDfuG2WJ9KGF5hV7Fyfo4GAKCDQ1zl0x2IQ=","invert bycatch",,,,,,,,,,"Syw2LXB/pj+fmGCuwdgBGVryVUmYhw3g",
"6e71866d-5e2d-4fe8-8a6f-d932f2f257c3","STEI_022.basePlot.bet","D05","STEI","STEI_022","N","2015-08-26","2015-09-09","2015-09-10","2016-01-07",,"STEI_022.N.20150909","HE/LDGsDHdr6H3ufP3RpKtDm2WYcYfb3Jt9Ifmy0lDs=","invert bycatch",,,,,,,,,,"Syw2LXB/pj+fmGCuwdgBGVryVUmYhw3g",
"91b856e1-7963-48dd-ba1b-8480bb329539","STEI_009.basePlot.bet","D05","STEI","STEI_009","N","2015-08-26","2015-09-09","2015-09-10","2016-01-07",,"STEI_009.N.20150909","IGPPmzEoPocjQ+lInSguXvXq+8x6YsnP8YY9XYCJ/I4=","invert bycatch",,,,,,,,,,"Syw2LXB/pj+fmGCuwdgBGVryVUmYhw3g",
"7ee360b7-deba-4961-9ecc-ed5213ab3918","STEI_004.basePlot.bet","D05","STEI","STEI_004","N","2015-08-26","2015-09-09","2015-09-10","2016-01-07","2016-01-07","STEI_004.N.20150909","kIMktcbzaDfuG2WJ9KGF5iwvaQYy8kdgLzAEYAswCqQ=","carabid","PTEMEL","Pterostichus melanarius melanarius","subspecies",,"Illiger",,1,"Bousquet, Y. 2010b. Illustrated Identification Guide to Adults and Larvae of Northeastern North American Ground Beetles (Coleoptera: Carabidae). 1st Ed. Pensoft Publishers, Sofia, Bulgaria.","Syw2LXB/pj+fmGCuwdgBGVryVUmYhw3g","Syw2LXB/pj+fmGCuwdgBGVryVUmYhw3g",
"bc95ca95-84d3-4049-b604-2a3ad357cbba","STEI_003.basePlot.bet","D05","STEI","STEI_003","N","2015-08-26","2015-09-09","2015-09-10","2015-12-28",,"STEI_003.N.20150909","DWUoTzNcbNmeQ3BMYR7VXqgV+VBxp2ao/EQES5ji4Js=","invert bycatch",,,,,,,,,,"Syw2LXB/pj+fmGCuwdgBGVryVUmYhw3g",
"46f84f7b-ca65-4502-8fc5-36905ca68d22","STEI_005.basePlot.bet","D05","STEI","STEI_005","N","2015-08-26","2015-09-09","2015-09-10","2016-01-07","2016-01-08","STEI_005.N.20150909","qriLSsXGHEzjCaxNiL0KKo2pe4UhNd6wtjJjCwcG5ZE=","carabid","PTENOV","Pterostichus novus","species","cf. species","Straneo",,1,"Bousquet, Y. 2010b. Illustrated Identification Guide to Adults and Larvae of Northeastern North American Ground Beetles (Coleoptera: Carabidae). 1st Ed. Pensoft Publishers, Sofia, Bulgaria.","Syw2LXB/pj+fmGCuwdgBGVryVUmYhw3g","Syw2LXB/pj+fmGCuwdgBGVryVUmYhw3g","Could be PTECOR1"
"37d2be07-2106-4479-88d5-7e87f32e1bde","STEI_005.basePlot.bet","D05","STEI","STEI_005","N","2015-08-26","2015-09-09","2015-09-10","2016-01-07","2016-01-08","STEI_005.N.20150909","qriLSsXGHEzjCaxNiL0KKjFxYiueL0PHXX0U696N928=","carabid","PTEMEL","Pterostichus melanarius melanarius","subspecies",,"Illiger",,1,"Bousquet, Y. 2010b. Illustrated Identification Guide to Adults and Larvae of Northeastern North American Ground Beetles (Coleoptera: Carabidae). 1st Ed. Pensoft Publishers, Sofia, Bulgaria.","Syw2LXB/pj+fmGCuwdgBGVryVUmYhw3g","Syw2LXB/pj+fmGCuwdgBGVryVUmYhw3g",
"f8ba175b-8975-4e38-9162-2aa96bcccdb5","STEI_006.basePlot.bet","D05","STEI","STEI_006","N","2015-08-26","2015-09-09","2015-09-10","2016-01-07",,"STEI_006.N.20150909","FSczGbn18rSt2juvow/4B7lOVKn3LKSxUT9wuY/tGxg=","invert bycatch",,,,,,,,,,"Syw2LXB/pj+fmGCuwdgBGVryVUmYhw3g",
"cc2d3682-025c-4428-91c5-31c127893f6a","STEI_008.basePlot.bet","D05","STEI","STEI_008","N","2015-08-26","2015-09-09","2015-09-10","2016-01-07","2016-01-08","STEI_008.N.20150909","RJLsXNaoVcvDSyLERhERUZWX04ZAPFLpPdd0d0B14Z0=","carabid","PTECOR1","Pterostichus coracinus","species","cf. species","Newman",,1,"Bousquet, Y. 2010b. Illustrated Identification Guide to Adults and Larvae of Northeastern North American Ground Beetles (Coleoptera: Carabidae). 1st Ed. Pensoft Publishers, Sofia, Bulgaria.","Syw2LXB/pj+fmGCuwdgBGVryVUmYhw3g","Syw2LXB/pj+fmGCuwdgBGVryVUmYhw3g","individualCount not recorded. Value of 1 entered|Could be PTENOV"
"447086cf-7289-4a5a-b3cc-2b457fd511fe","STEI_008.basePlot.bet","D05","STEI","STEI_008","N","2015-08-26","2015-09-09","2015-09-10","2016-01-07",,"STEI_008.N.20150909","RJLsXNaoVcvDSyLERhERUQ9GSUnuruXRRNelmdqSy+Y=","invert bycatch",,,,,,,,,,"Syw2LXB/pj+fmGCuwdgBGVryVUmYhw3g",
"b7651718-3667-47e0-9295-fe8c9e626702","STEI_005.basePlot.bet","D05","STEI","STEI_005","N","2015-08-26","2015-09-09","2015-09-10","2016-01-07",,"STEI_005.N.20150909","qriLSsXGHEzjCaxNiL0KKnN4jZ6p+qL/heg5pzgukFY=","invert bycatch",,,,,,,,,,"Syw2LXB/pj+fmGCuwdgBGVryVUmYhw3g",
"1969275a-7146-4e36-a009-43e54a7d9a9a","STEI_008.basePlot.bet","D05","STEI","STEI_008","S","2015-08-26","2015-09-09","2015-09-10","2016-01-07",,"STEI_008.S.20150909","RJLsXNaoVcuhQq3Wf5N8r47zSezesh4rlN1kGz/Wtps=","invert bycatch",,,,,,,,,,"Syw2LXB/pj+fmGCuwdgBGVryVUmYhw3g",
"62e03cbe-26ad-4b93-be29-93d5507bf19b","STEI_008.basePlot.bet","D05","STEI","STEI_008","S","2015-08-26","2015-09-09","2015-09-10","2016-01-07","2016-01-08","STEI_008.S.20150909","RJLsXNaoVcuhQq3Wf5N8r7Nw7Oyvm8+yCUKCmknWUlQ=","carabid","PTEPEN","Pterostichus pensylvanicus","species","cf. species","LeConte",,1,"Bousquet, Y. 2010b. Illustrated Identification Guide to Adults and Larvae of Northeastern North American Ground Beetles (Coleoptera: Carabidae). 1st Ed. Pensoft Publishers, Sofia, Bulgaria.","Syw2LXB/pj+fmGCuwdgBGVryVUmYhw3g","Syw2LXB/pj+fmGCuwdgBGVryVUmYhw3g","Could be PTEADO"
"f3a971ed-bd23-44f8-9e02-311ca1939070","STEI_005.basePlot.bet","D05","STEI","STEI_005","S","2015-08-26","2015-09-09","2015-09-10","2016-01-07","2016-01-08","STEI_005.S.20150909","qriLSsXGHEzm40g7fPUv3UBjBp/NEeptwvH8fENaPlg=","carabid","SYNIMP","Synuchus impunctatus","species",,"Say",,3,"Lindroth, C. H. 1969. The ground-beetles (Carabidae, excl. Cicindelinae) of Canada and Alaska, parts 1-6. Opuscula E. Entomoligiska Sallskapet.","Syw2LXB/pj+fmGCuwdgBGVryVUmYhw3g","Syw2LXB/pj+fmGCuwdgBGVryVUmYhw3g",
"bf21d82c-df0f-45a0-881f-e95c6edb2811","STEI_005.basePlot.bet","D05","STEI","STEI_005","S","2015-08-26","2015-09-09","2015-09-10","2016-01-07",,"STEI_005.S.20150909","qriLSsXGHEzm40g7fPUv3dmdvmBkKrc1sxFAKsULzXA=","invert bycatch",,,,,,,,,,"Syw2LXB/pj+fmGCuwdgBGVryVUmYhw3g",
"04d74dde-d7df-4ae9-b6b2-a7a60bc37460","STEI_005.basePlot.bet","D05","STEI","STEI_005","S","2015-08-26","2015-09-09","2015-09-10","2016-01-07","2016-01-08","STEI_005.S.20150909","qriLSsXGHEzm40g7fPUv3bHKco1Uhw3N+Hshd8J4CRs=","carabid","PTEMEL","Pterostichus melanarius melanarius","subspecies",,"Illiger",,2,"Bousquet, Y. 2010b. Illustrated Identification Guide to Adults and Larvae of Northeastern North American Ground Beetles (Coleoptera: Carabidae). 1st Ed. Pensoft Publishers, Sofia, Bulgaria.","Syw2LXB/pj+fmGCuwdgBGVryVUmYhw3g","Syw2LXB/pj+fmGCuwdgBGVryVUmYhw3g",
"b756221b-74ca-41b8-95c1-effc63c97488","STEI_006.basePlot.bet","D05","STEI","STEI_006","S","2015-08-26","2015-09-09","2015-09-10","2016-01-07","2016-01-08","STEI_006.S.20150909","FSczGbn18rRn/BfL37sgCsFl8t4/Iqpwj4ukHAqo974=","carabid","PTEMEL","Pterostichus melanarius melanarius","subspecies",,"Illiger",,1,"Bousquet, Y. 2010b. Illustrated Identification Guide to Adults and Larvae of Northeastern North American Ground Beetles (Coleoptera: Carabidae). 1st Ed. Pensoft Publishers, Sofia, Bulgaria.","Syw2LXB/pj+fmGCuwdgBGVryVUmYhw3g","Syw2LXB/pj+fmGCuwdgBGVryVUmYhw3g",
"61cd49f7-8cd9-4c05-80d6-77042e33937f","STEI_009.basePlot.bet","D05","STEI","STEI_009","S","2015-08-26","2015-09-09","2015-09-10","2016-01-07","2016-01-08","STEI_009.S.20150909","IGPPmzEoPodyxxm204wFgR7nnVmJaM9bddslmDCLxTg=","carabid","PTENOV","Pterostichus novus","species","cf. species","Straneo",,1,"Bousquet, Y. 2010b. Illustrated Identification Guide to Adults and Larvae of Northeastern North American Ground Beetles (Coleoptera: Carabidae). 1st Ed. Pensoft Publishers, Sofia, Bulgaria.","Syw2LXB/pj+fmGCuwdgBGVryVUmYhw3g","Syw2LXB/pj+fmGCuwdgBGVryVUmYhw3g","Could be PTECOR1"
"b83b3e17-a6c7-41db-98ac-7655cdab2ff8","STEI_009.basePlot.bet","D05","STEI","STEI_009","S","2015-08-26","2015-09-09","2015-09-10","2016-01-07",,"STEI_009.S.20150909","IGPPmzEoPodyxxm204wFgUk0Jsb4WNVED8qfPOsWTQg=","invert bycatch",,,,,,,,,,"Syw2LXB/pj+fmGCuwdgBGVryVUmYhw3g",
"8f1f7013-6499-44c0-b746-5fe331ffdc9a","STEI_006.basePlot.bet","D05","STEI","STEI_006","S","2015-08-26","2015-09-09","2015-09-10","2016-01-07",,"STEI_006.S.20150909","FSczGbn18rRn/BfL37sgClolqRmsdyRd6xnEbiKQHTs=","invert bycatch",,,,,,,,,,"Syw2LXB/pj+fmGCuwdgBGVryVUmYhw3g",
"31bd994a-e793-4e32-a9cc-eaa185521309","STEI_009.basePlot.bet","D05","STEI","STEI_009","S","2015-08-26","2015-09-09","2015-09-10","2016-01-07","2016-01-08","STEI_009.S.20150909","IGPPmzEoPodyxxm204wFgS0JJzcDOewrlTGEHBmH3t0=","carabid","PTEMEL","Pterostichus melanarius melanarius","subspecies",,"Illiger",,1,"Bousquet, Y. 2010b. Illustrated Identification Guide to Adults and Larvae of Northeastern North American Ground Beetles (Coleoptera: Carabidae). 1st Ed. Pensoft Publishers, Sofia, Bulgaria.","Syw2LXB/pj+fmGCuwdgBGVryVUmYhw3g","Syw2LXB/pj+fmGCuwdgBGVryVUmYhw3g",
"b38e0415-f075-4dd0-b92e-04dbea933fb8","STEI_003.basePlot.bet","D05","STEI","STEI_003","S","2015-08-26","2015-09-09","2015-09-10","2015-12-28",,"STEI_003.S.20150909","DWUoTzNcbNk6kJUcD6PmFEzL7CHZkxXyZSVUblA+pL4=","invert bycatch",,,,,,,,,,"Syw2LXB/pj+fmGCuwdgBGVryVUmYhw3g",
"95260c97-44d9-4871-ada3-f6c33717c705","STEI_004.basePlot.bet","D05","STEI","STEI_004","S","2015-08-26","2015-09-09","2015-09-10","2016-01-07","2016-01-07","STEI_004.S.20150909","kIMktcbzaDdggXCszCoRCWFfGcXIaysSrvfg8RTfcv8=","carabid","PTEMEL","Pterostichus melanarius melanarius","subspecies",,"Illiger",,2,"Bousquet, Y. 2010b. Illustrated Identification Guide to Adults and Larvae of Northeastern North American Ground Beetles (Coleoptera: Carabidae). 1st Ed. Pensoft Publishers, Sofia, Bulgaria.","Syw2LXB/pj+fmGCuwdgBGVryVUmYhw3g","Syw2LXB/pj+fmGCuwdgBGVryVUmYhw3g",
"a6ac2939-3f12-4dda-826a-74e219f39336","STEI_004.basePlot.bet","D05","STEI","STEI_004","S","2015-08-26","2015-09-09","2015-09-10","2016-01-07",,"STEI_004.S.20150909","kIMktcbzaDdggXCszCoRCcFV7N+bQ01JLj3rtjS6wVA=","invert bycatch",,,,,,,,,,"Syw2LXB/pj+fmGCuwdgBGVryVUmYhw3g",
"4d088cf7-a5b4-4fd4-b0b2-d02ccfdeb911","STEI_022.basePlot.bet","D05","STEI","STEI_022","S","2015-08-26","2015-09-09","2015-09-10","2016-01-07",,"STEI_022.S.20150909","HE/LDGsDHdriV3WMitxn1r1+CsmVoVXhxc8egymn6kU=","invert bycatch",,,,,,,,,,"Syw2LXB/pj+fmGCuwdgBGVryVUmYhw3g",
"a2a309d7-5237-44a9-aa0c-9a7b77a5a37a","STEI_002.basePlot.bet","D05","STEI","STEI_002","S","2015-08-26","2015-09-09","2015-09-10","2015-12-28",,"STEI_002.S.20150909","aZO6SdKsrByHr+Qz2hBleOXJfMGCZu+9NwnVUrVEqyE=","invert bycatch",,,,,,,,,,"Syw2LXB/pj+fmGCuwdgBGVryVUmYhw3g",
"6148a677-1e07-4a30-925c-c8c859a4d3bf","STEI_002.basePlot.bet","D05","STEI","STEI_002","S","2015-08-26","2015-09-09","2015-09-10","2015-12-28","2015-12-28","STEI_002.S.20150909","aZO6SdKsrByHr+Qz2hBleAaG8DJmm1UFLBbBRRqPxxc=","carabid","PTEMEL","Pterostichus melanarius melanarius","subspecies",,"Illiger",,3,"Bousquet, Y. 2010b. Illustrated Identification Guide to Adults and Larvae of Northeastern North American Ground Beetles (Coleoptera: Carabidae). 1st Ed. Pensoft Publishers, Sofia, Bulgaria.","Syw2LXB/pj+fmGCuwdgBGVryVUmYhw3g","Syw2LXB/pj+fmGCuwdgBGVryVUmYhw3g",
"87e14c75-709c-4dbd-9974-61e7787b6544","STEI_002.basePlot.bet","D05","STEI","STEI_002","S","2015-08-26","2015-09-09","2015-09-10","2015-12-28","2015-12-28","STEI_002.S.20150909","aZO6SdKsrByHr+Qz2hBlePXA1MDnL7eEE7Sxk75DhrU=","carabid","PTENOV","Pterostichus novus","species","cf. species","Straneo",,1,"Bousquet, Y. 2010b. Illustrated Identification Guide to Adults and Larvae of Northeastern North American Ground Beetles (Coleoptera: Carabidae). 1st Ed. Pensoft Publishers, Sofia, Bulgaria.","Syw2LXB/pj+fmGCuwdgBGVryVUmYhw3g","Syw2LXB/pj+fmGCuwdgBGVryVUmYhw3g","Could be PTECOR1"
"876e2fc1-5435-401f-ad85-3b93c5748e32","STEI_007.basePlot.bet","D05","STEI","STEI_007","S","2015-08-26","2015-09-09","2015-09-10","2016-01-07","2016-01-08","STEI_007.S.20150909","uTVelW27vZQ7JWI5SUEaWcR5yYT8mkthUqr7uLd2pq0=","carabid","SPHSTE1","Sphaeroderus stenostomus lecontei","subspecies",,"Dejean",,1,"Bousquet, Y. 2010b. Illustrated Identification Guide to Adults and Larvae of Northeastern North American Ground Beetles (Coleoptera: Carabidae). 1st Ed. Pensoft Publishers, Sofia, Bulgaria.","Syw2LXB/pj+fmGCuwdgBGVryVUmYhw3g","Syw2LXB/pj+fmGCuwdgBGVryVUmYhw3g",
"62d94110-bc0d-45f1-99d2-11cff4c5d7f4","STEI_007.basePlot.bet","D05","STEI","STEI_007","S","2015-08-26","2015-09-09","2015-09-10","2016-01-07","2016-01-08","STEI_007.S.20150909","uTVelW27vZQ7JWI5SUEaWWTbnBlXRbnjydznY0lELZE=","carabid","PTENOV","Pterostichus novus","species","cf. species","Straneo",,1,"Bousquet, Y. 2010b. Illustrated Identification Guide to Adults and Larvae of Northeastern North American Ground Beetles (Coleoptera: Carabidae). 1st Ed. Pensoft Publishers, Sofia, Bulgaria.","Syw2LXB/pj+fmGCuwdgBGVryVUmYhw3g","Syw2LXB/pj+fmGCuwdgBGVryVUmYhw3g","Could be PTECOR1"
"8cbcf186-5a00-494c-a8b2-3fbf50e5f084","STEI_007.basePlot.bet","D05","STEI","STEI_007","S","2015-08-26","2015-09-09","2015-09-10","2016-01-07","2016-01-08","STEI_007.S.20150909","uTVelW27vZQ7JWI5SUEaWR9cjjHSfsVva22dTClPT3g=","carabid","CYMCRI","Cymindis cribricollis","species",,"Dejean",,1,"Lindroth, C. H. 1969. The ground-beetles (Carabidae, excl. Cicindelinae) of Canada and Alaska, parts 1-6. Opuscula E. Entomoligiska Sallskapet.","Syw2LXB/pj+fmGCuwdgBGVryVUmYhw3g","Syw2LXB/pj+fmGCuwdgBGVryVUmYhw3g",
"c2d3590b-57ee-420d-8d2d-8dec9a004724","STEI_001.basePlot.bet","D05","STEI","STEI_001","S","2015-08-26","2015-09-09","2015-09-10","2015-12-28",,"STEI_001.S.20150909","7JlQSbZIlXh5KTkQ3JTuxtpVeD65Bp+x+oGlUujXdO8=","invert bycatch",,,,,,,,,,"Syw2LXB/pj+fmGCuwdgBGVryVUmYhw3g",
"38910611-8b7d-4f97-b8b5-48ca908cf218","STEI_007.basePlot.bet","D05","STEI","STEI_007","S","2015-08-26","2015-09-09","2015-09-10","2016-01-07",,"STEI_007.S.20150909","uTVelW27vZQ7JWI5SUEaWUFNENTNd4dLF1M5sjJuz9s=","invert bycatch",,,,,,,,,,"Syw2LXB/pj+fmGCuwdgBGVryVUmYhw3g",
"45f570ce-b8c8-48ec-a406-2a57fc4f9ff8","STEI_001.basePlot.bet","D05","STEI","STEI_001","W","2015-08-26","2015-09-09","2015-09-10","2015-12-28","2015-12-28","STEI_001.W.20150909","7JlQSbZIlXhxW2wwuwFcmiEM1c22moyAd15NJZwz3tc=","carabid","CALGRE","Calathus gregarius","species",,"Say",,1,"Bousquet, Y. 2010b. Illustrated Identification Guide to Adults and Larvae of Northeastern North American Ground Beetles (Coleoptera: Carabidae). 1st Ed. Pensoft Publishers, Sofia, Bulgaria.","Syw2LXB/pj+fmGCuwdgBGVryVUmYhw3g","Syw2LXB/pj+fmGCuwdgBGVryVUmYhw3g",
"61ef42c6-bbb3-4949-9e6d-0c076eaa7b23","STEI_001.basePlot.bet","D05","STEI","STEI_001","W","2015-08-26","2015-09-09","2015-09-10","2015-12-28","2015-12-28","STEI_001.W.20150909","7JlQSbZIlXhxW2wwuwFcmhvuTqELx5TnvP3jO4H+XRY=","carabid","PTEMEL","Pterostichus melanarius melanarius","subspecies",,"Illiger",,4,"Bousquet, Y. 2010b. Illustrated Identification Guide to Adults and Larvae of Northeastern North American Ground Beetles (Coleoptera: Carabidae). 1st Ed. Pensoft Publishers, Sofia, Bulgaria.","Syw2LXB/pj+fmGCuwdgBGVryVUmYhw3g","Syw2LXB/pj+fmGCuwdgBGVryVUmYhw3g",
"d417298c-f541-4fe1-9db6-251d1ec1d436","STEI_001.basePlot.bet","D05","STEI","STEI_001","W","2015-08-26","2015-09-09","2015-09-10","2015-12-28","2015-12-28","STEI_001.W.20150909","7JlQSbZIlXhxW2wwuwFcmn+dT/tkUJrznp5D9mOzSQ0=","carabid","SYNIMP","Synuchus impunctatus","species",,"Say",,5,"Lindroth, C. H. 1969. The ground-beetles (Carabidae, excl. Cicindelinae) of Canada and Alaska, parts 1-6. Opuscula E. Entomoligiska Sallskapet.","Syw2LXB/pj+fmGCuwdgBGVryVUmYhw3g","Syw2LXB/pj+fmGCuwdgBGVryVUmYhw3g",
"1a793eda-1b96-4a05-9ea2-61022900f66b","STEI_001.basePlot.bet","D05","STEI","STEI_001","W","2015-08-26","2015-09-09","2015-09-10","2015-12-28",,"STEI_001.W.20150909","7JlQSbZIlXhxW2wwuwFcmpNPdH1CHhkobg51pf9xZEM=","invert bycatch",,,,,,,,,,"Syw2LXB/pj+fmGCuwdgBGVryVUmYhw3g",
"86cfdfa4-8207-416a-bb07-3a98b8f02521","STEI_022.basePlot.bet","D05","STEI","STEI_022","W","2015-08-26","2015-09-09","2015-09-10","2016-01-07","2016-01-08","STEI_022.W.20150909","HE/LDGsDHdqWSJE1Gas9mUGbZ0snnE6IUVHsc2PXekg=","carabid","AGOGRA","Agonum gratiosum","species",,"Mannerheim",,1,"Bousquet, Y. 2010b. Illustrated Identification Guide to Adults and Larvae of Northeastern North American Ground Beetles (Coleoptera: Carabidae). 1st Ed. Pensoft Publishers, Sofia, Bulgaria.","Syw2LXB/pj+fmGCuwdgBGVryVUmYhw3g","Syw2LXB/pj+fmGCuwdgBGVryVUmYhw3g",
"aa91ca99-a7da-4c85-ba10-f3c578375a98","STEI_022.basePlot.bet","D05","STEI","STEI_022","W","2015-08-26","2015-09-09","2015-09-10","2016-01-07","2016-01-08","STEI_022.W.20150909","HE/LDGsDHdqWSJE1Gas9mca2HkRX3nOI4O+brSsHbjo=","carabid","AGOTRI","Agonum trigeminum","species","cf. species","Lindroth",,1,"Bousquet, Y. 2010b. Illustrated Identification Guide to Adults and Larvae of Northeastern North American Ground Beetles (Coleoptera: Carabidae). 1st Ed. Pensoft Publishers, Sofia, Bulgaria.","Syw2LXB/pj+fmGCuwdgBGVryVUmYhw3g","Syw2LXB/pj+fmGCuwdgBGVryVUmYhw3g",
"d603ccde-9019-4e69-ad8d-6ad9e970f903","STEI_002.basePlot.bet","D05","STEI","STEI_002","W","2015-08-26","2015-09-09","2015-09-10","2015-12-28","2015-12-28","STEI_002.W.20150909","aZO6SdKsrBwtdgTlLOdz5sM2kUnntwvDv9pUGn9BuIs=","carabid","PTENOV","Pterostichus novus","species","cf. species","Straneo",,1,"Bousquet, Y. 2010b. Illustrated Identification Guide to Adults and Larvae of Northeastern North American Ground Beetles (Coleoptera: Carabidae). 1st Ed. Pensoft Publishers, Sofia, Bulgaria.","Syw2LXB/pj+fmGCuwdgBGVryVUmYhw3g","Syw2LXB/pj+fmGCuwdgBGVryVUmYhw3g","Could be PTECOR1"
"a0ef7a94-0f11-4670-a47b-21d83a92b625","STEI_002.basePlot.bet","D05","STEI","STEI_002","W","2015-08-26","2015-09-09","2015-09-10","2015-12-28","2015-12-28","STEI_002.W.20150909","aZO6SdKsrBwtdgTlLOdz5oNXb3Xe280Gz/6wvS7maEA=","carabid","PTEMEL","Pterostichus melanarius melanarius","subspecies",,"Illiger",,1,"Bousquet, Y. 2010b. Illustrated Identification Guide to Adults and Larvae of Northeastern North American Ground Beetles (Coleoptera: Carabidae). 1st Ed. Pensoft Publishers, Sofia, Bulgaria.","Syw2LXB/pj+fmGCuwdgBGVryVUmYhw3g","Syw2LXB/pj+fmGCuwdgBGVryVUmYhw3g",
"00c7db22-19fd-45cd-b208-c75564df557c","STEI_007.basePlot.bet","D05","STEI","STEI_007","W","2015-08-26","2015-09-09","2015-09-10","2016-01-07",,"STEI_007.W.20150909","uTVelW27vZStPB8JLcQTHo3plLgS8uSU9C/ZgA9ai5o=","invert bycatch",,,,,,,,,,"Syw2LXB/pj+fmGCuwdgBGVryVUmYhw3g",
"e581c23d-e8b1-44ec-8dca-efa468fc7859","STEI_004.basePlot.bet","D05","STEI","STEI_004","W","2015-08-26","2015-09-09","2015-09-10","2016-01-07","2016-01-07","STEI_004.W.20150909","kIMktcbzaDfopl8XeK6kDmWNHgJ+4WI5Tqty0EPEUQw=","carabid","PTEMEL","Pterostichus melanarius melanarius","subspecies",,"Illiger",,4,"Bousquet, Y. 2010b. Illustrated Identification Guide to Adults and Larvae of Northeastern North American Ground Beetles (Coleoptera: Carabidae). 1st Ed. Pensoft Publishers, Sofia, Bulgaria.","Syw2LXB/pj+fmGCuwdgBGVryVUmYhw3g","Syw2LXB/pj+fmGCuwdgBGVryVUmYhw3g",
"63b6d4a0-ecd7-48c1-9468-bee634acd627","STEI_022.basePlot.bet","D05","STEI","STEI_022","W","2015-08-26","2015-09-09","2015-09-10","2016-01-07",,"STEI_022.W.20150909","HE/LDGsDHdqWSJE1Gas9mcMnufHH7ArWVxhKp8YDL1I=","invert bycatch",,,,,,,,,,"Syw2LXB/pj+fmGCuwdgBGVryVUmYhw3g",
"e35b9ab3-f0ca-41f7-8f7d-723a2a62a3ac","STEI_004.basePlot.bet","D05","STEI","STEI_004","W","2015-08-26","2015-09-09","2015-09-10","2016-01-07",,"STEI_004.W.20150909","kIMktcbzaDfopl8XeK6kDovcZoSpJ9TYgNy0am1+1+k=","invert bycatch",,,,,,,,,,"Syw2LXB/pj+fmGCuwdgBGVryVUmYhw3g",
"deb095fa-da16-4d7d-ad25-e92335bff5b6","STEI_002.basePlot.bet","D05","STEI","STEI_002","W","2015-08-26","2015-09-09","2015-09-10","2015-12-28",,"STEI_002.W.20150909","aZO6SdKsrBwtdgTlLOdz5t/mddiZEI7UUVFXa6ka0Uo=","invert bycatch",,,,,,,,,,"Syw2LXB/pj+fmGCuwdgBGVryVUmYhw3g",
"9c62500b-d328-4a50-b86e-44422b1bd3b5","STEI_006.basePlot.bet","D05","STEI","STEI_006","W","2015-08-26","2015-09-09","2015-09-10","2016-01-07",,"STEI_006.W.20150909","FSczGbn18rTrcqioJIsWAAPYvGuQ6AdG2SoEjAb49+g=","invert bycatch",,,,,,,,,,"Syw2LXB/pj+fmGCuwdgBGVryVUmYhw3g",
"a46669d3-a7da-466f-bd3f-a454edd4eae2","STEI_006.basePlot.bet","D05","STEI","STEI_006","W","2015-08-26","2015-09-09","2015-09-10","2016-01-07","2016-01-08","STEI_006.W.20150909","FSczGbn18rTrcqioJIsWAP2TYiz7lFZU/GPk+2nC2pM=","carabid","PTENOV","Pterostichus novus","species","cf. species","Straneo",,1,"Bousquet, Y. 2010b. Illustrated Identification Guide to Adults and Larvae of Northeastern North American Ground Beetles (Coleoptera: Carabidae). 1st Ed. Pensoft Publishers, Sofia, Bulgaria.","Syw2LXB/pj+fmGCuwdgBGVryVUmYhw3g","Syw2LXB/pj+fmGCuwdgBGVryVUmYhw3g","Could be PTECOR1"
"1500aac8-4cfb-47b8-9190-bc9780b7a5af","STEI_003.basePlot.bet","D05","STEI","STEI_003","W","2015-08-26","2015-09-09","2015-09-10","2015-12-28",,"STEI_003.W.20150909","DWUoTzNcbNkQBXy9/grK1NTc866b96P/eBnDHiWOr3A=","invert bycatch",,,,,,,,,,"Syw2LXB/pj+fmGCuwdgBGVryVUmYhw3g",
"477ef8d6-0e55-47a0-b9cc-87949bb14061","STEI_009.basePlot.bet","D05","STEI","STEI_009","W","2015-08-26","2015-09-09","2015-09-10","2016-01-07",,"STEI_009.W.20150909","IGPPmzEoPodPzdGs8IqUuoExeGlEeovcmfVLcQC5EtM=","invert bycatch",,,,,,,,,,"Syw2LXB/pj+fmGCuwdgBGVryVUmYhw3g",
"5f00f339-3377-41c8-9ceb-812c8feedc14","STEI_008.basePlot.bet","D05","STEI","STEI_008","W","2015-08-26","2015-09-09","2015-09-10","2016-01-07",,"STEI_008.W.20150909","RJLsXNaoVcufUNOFH9UGgWei8CywWA1A3s74RdOxz0g=","invert bycatch",,,,,,,,,,"Syw2LXB/pj+fmGCuwdgBGVryVUmYhw3g",
"88d3f9d7-0f15-4dd9-84af-8e700d6d8b6d","STEI_005.basePlot.bet","D05","STEI","STEI_005","W","2015-08-26","2015-09-09","2015-09-10","2016-01-07","2016-01-08","STEI_005.W.20150909","qriLSsXGHExkJ0BZQleZ0USg5xC8tbdJzJuf3TPjTiY=","carabid","PTENOV","Pterostichus novus","species","cf. species","Straneo",,1,"Bousquet, Y. 2010b. Illustrated Identification Guide to Adults and Larvae of Northeastern North American Ground Beetles (Coleoptera: Carabidae). 1st Ed. Pensoft Publishers, Sofia, Bulgaria.","Syw2LXB/pj+fmGCuwdgBGVryVUmYhw3g","Syw2LXB/pj+fmGCuwdgBGVryVUmYhw3g","Could be PTECOR1"
"80bb19c7-5c9a-4fb6-ab8f-884a50d167e0","STEI_005.basePlot.bet","D05","STEI","STEI_005","W","2015-08-26","2015-09-09","2015-09-10","2016-01-07",,"STEI_005.W.20150909","qriLSsXGHExkJ0BZQleZ0Xo/RaIQCbfG2sB6LVcBR90=","invert bycatch",,,,,,,,,,"Syw2LXB/pj+fmGCuwdgBGVryVUmYhw3g",
"38242268-0d66-43ee-877c-48e2c0291b7e","STEI_005.basePlot.bet","D05","STEI","STEI_005","W","2015-08-26","2015-09-09","2015-09-10","2016-01-07","2016-01-08","STEI_005.W.20150909","qriLSsXGHExkJ0BZQleZ0ReCrrGK2LWNFKZot6W88X4=","carabid","PTEMEL","Pterostichus melanarius melanarius","subspecies",,"Illiger",,2,"Bousquet, Y. 2010b. Illustrated Identification Guide to Adults and Larvae of Northeastern North American Ground Beetles (Coleoptera: Carabidae). 1st Ed. Pensoft Publishers, Sofia, Bulgaria.","Syw2LXB/pj+fmGCuwdgBGVryVUmYhw3g","Syw2LXB/pj+fmGCuwdgBGVryVUmYhw3g",
