countrynum,statenum,statename,Route,routename,latitude,longitude,Year,Aou,SpeciesTotal
840,2,ALABAMA,1,ST FLORIAN,34.868688,-87.6041417,2010,2890,5
840,2,ALABAMA,6,VALHERMOSO SPGS,34.5012877,-86.6855493,2010,2890,1
840,2,ALABAMA,7,SWAIM,34.8680404,-86.2030371,2010,2890,3
840,2,ALABAMA,10,MILLERVILLE,33.1913463,-85.9258408,2010,2890,1
840,2,ALABAMA,12,SUNNY EVE,33.6076572,-85.7511714,2010,2890,2
840,2,ALABAMA,16,HOWARD,33.8481773,-87.5888357,2010,2890,3
840,2,ALABAMA,20,RIDERWOOD,32.1307226,-88.3172665,2010,2890,1
840,2,ALABAMA,21,LINDEN,32.2782397,-87.8359539,2010,2890,2
840,2,ALABAMA,22,HARRELL,32.442715,-87.2158334,2010,2890,3
840,2,ALABAMA,25,BILLINGSLEY,32.6594297,-86.7017714,2010,2890,5
840,2,ALABAMA,26,WALLSBORO,32.5890245,-86.1307777,2010,2890,2
840,2,ALABAMA,27,WARRIOR STD,32.3116131,-85.5530853,2010,2890,3
840,2,ALABAMA,28,LANETT,32.8854647,-85.2044589,2010,2890,4
840,2,ALABAMA,31,GRANGEBURG,31.0081277,-85.2112631,2010,2890,21
840,2,ALABAMA,33,BRANTLEY,31.5859083,-86.250378,2010,2890,4
840,2,ALABAMA,34,SOUTH,31.4439507,-86.6131969,2010,2890,3
840,2,ALABAMA,35,MCLELLAN,30.9977072,-86.8858316,2010,2890,9
840,2,ALABAMA,39,MILLRY,31.632605,-88.3131441,2010,2890,3
840,2,ALABAMA,43,BLOCTON,33.1156047,-87.1007539,2010,2890,1
840,2,ALABAMA,45,WHITEHOUSE,34.1311637,-87.7621469,2010,2890,4
840,2,ALABAMA,46,GUNTERSVILLE,34.3142387,-86.4773569,2010,2890,2
840,2,ALABAMA,50,WHITEHALL,32.3276808,-86.7118894,2010,2890,2
840,2,ALABAMA,51,LIBERTY CITY,32.5816871,-85.7164607,2010,2890,6
840,2,ALABAMA,54,FAIRVIEW,31.2223969,-86.0994295,2010,2890,21
840,2,ALABAMA,55,ELAMVILLE,31.6676037,-85.6508719,2010,2890,10
840,2,ALABAMA,60,HOLT,33.2638251,-87.4241383,2010,2890,2
840,2,ALABAMA,61,ODENVILLE,33.718519,-86.4457647,2010,2890,1
840,2,ALABAMA,65,CALEBEE,32.4341515,-85.8711729,2010,2890,2
840,2,ALABAMA,67,MT. GILEAD,31.4086552,-86.270046,2010,2890,8
840,2,ALABAMA,71,WHEELER DAM,34.7961251,-87.3837235,2010,2890,3
840,2,ALABAMA,73,WOODVILLE,34.9895137,-86.0671689,2010,2890,1
840,2,ALABAMA,105,BROOKSVILLE,34.2126918,-86.4734413,2010,2890,3
840,2,ALABAMA,109,LAKEVIEW,34.3086241,-85.9323092,2010,2890,7
840,2,ALABAMA,111,CHOCCOLOCCO,33.6296357,-85.7466579,2010,2890,5
840,2,ALABAMA,137,LATHAM 2,31.0706664,-87.8350582,2010,2890,17
840,2,ALABAMA,141,ALABAMA PT 2,30.2816323,-87.5183917,2010,2890,1
840,2,ALABAMA,141,ALABAMA PT 2,30.2816323,-87.5183917,2010,2890,7
840,2,ALABAMA,141,ALABAMA PT 2,30.2816323,-87.5183917,2010,2890,6
840,2,ALABAMA,142,ELBERTA,30.370222,-87.6024375,2010,2890,19
840,2,ALABAMA,156,KYMULGA,33.2905307,-86.3312989,2010,2890,6
840,2,ALABAMA,162,Borden Springs 2,33.9413322,-85.450491,2010,2890,12
840,2,ALABAMA,164,NIXBURG 2,32.822371,-86.1117753,2010,2890,1
840,2,ALABAMA,204,STEVENSON,34.7575557,-85.8594579,2010,2890,8
840,2,ALABAMA,205,VERNON,33.6853138,-88.1671198,2010,2890,1
840,2,ALABAMA,207,ONEONTA,33.8564625,-86.3813006,2010,2890,9
840,2,ALABAMA,208,TALLADEGA,33.3180161,-86.1573541,2010,2890,10
840,2,ALABAMA,209,WEDOWEE,33.1844368,-85.464604,2010,2890,2
840,2,ALABAMA,211,AUTAUGAVILLE,32.4860839,-86.5697685,2010,2890,5
840,2,ALABAMA,213,CITRONELLE,31.1365731,-88.2207774,2010,2890,3
840,2,ALABAMA,215,HELICON,31.9052647,-86.1853409,2010,2890,3
840,2,ALABAMA,216,EUFAULA,31.7296264,-85.2558091,2010,2890,3
840,2,ALABAMA,218,BAY MINETTE,30.803493,-87.6374375,2010,2890,6
840,2,ALABAMA,750,TRIANA,34.4761164,-86.4676524,2010,2890,1
840,3,ALASKA,25,HAINES,59.3363717,-135.5684509,2010,2971,8
840,3,ALASKA,221,MITKOF ISLE,56.7395445,-132.7658694,2010,2971,5
840,3,ALASKA,224,ZIMOVIA STRT,56.4698397,-132.3749999,2010,2971,22
840,3,ALASKA,411,HOONAH,57.9218687,-135.0455629,2010,2971,1
840,3,ALASKA,425,SKAGWAY,59.5294227,-135.3507079,2010,2971,1
840,3,ALASKA,429,ZAREMBO,56.3501108,-132.7665559,2010,2971,1
840,3,ALASKA,429,ZAREMBO,56.3501108,-132.7665559,2010,2980,1
840,3,ALASKA,435,CHICHAGOF IS,57.8376397,-135.0598309,2010,2971,1
840,3,ALASKA,906,STIKINE RIVER,56.6468465,-131.8566825,2010,2971,2
840,3,ALASKA,907,KUIU ISLAND,56.7078365,-134.2423435,2010,2971,8
124,4,Alberta,3,MILK RIVER,49.08995,-112.39699,2010,2881,1
124,4,Alberta,4,FORT MACLEOD,49.81509,-113.56982,2010,2881,5
124,4,Alberta,7,BROOKS,50.56388,-111.84916,2010,2881,3
124,4,Alberta,9,BUFFALO HILL,50.60147,-113.02852,2010,2881,6
124,4,Alberta,18,CZAR,52.46309,-110.65127,2010,2881,2
124,4,Alberta,29,CALAHOO,53.68701,-113.88548,2010,2881,1
124,4,Alberta,108,RANIER,50.30279,-112.02041,2010,2881,2
124,4,Alberta,109,MAZEPPA,50.42635,-113.82728,2010,2881,9
124,4,Alberta,114,SHEEP COULEE,51.56148,-113.89621,2010,2881,2
124,4,Alberta,208,ENCHANT,50.16448,-112.31428,2010,2881,2
124,4,Alberta,302,LEGEND,49.75642,-111.51741,2010,2881,5
124,4,Alberta,306,Roseglen,50.55749,-110.32547,2010,2881,2
124,4,Alberta,308,MAJORVILLE,50.60144,-112.99408,2010,2881,3
124,4,Alberta,313,DOROTHY,51.32885,-112.04431,2010,2881,1
124,4,Alberta,412,Blood Indian Resevoi,51.27059,-111.19086,2010,2881,1
840,6,ARIZONA,12,OATMAN,34.9859877,-114.4831159,2010,2950,23
840,6,ARIZONA,13,WIKIEUP,34.7270747,-113.9188229,2010,2950,39
840,6,ARIZONA,14,PRESCOTT,34.6437087,-112.4327389,2010,2950,13
840,6,ARIZONA,18,QUARTZSITE,33.6562037,-114.2169649,2010,2950,36
840,6,ARIZONA,20,NEW RIVER,33.7034749,-112.2723363,2010,2950,23
840,6,ARIZONA,24,LAGUNA,32.8332815,-114.3988546,2010,2950,6
840,6,ARIZONA,25,DATELAND,32.9285617,-113.5413359,2010,2950,39
840,6,ARIZONA,28,POMERENE,32.0343407,-110.3031159,2010,2930,2
840,6,ARIZONA,28,POMERENE,32.0343407,-110.3031159,2010,2950,27
840,6,ARIZONA,29,SAN SIMON,32.4996877,-109.3368449,2010,2930,1
840,6,ARIZONA,29,SAN SIMON,32.4996877,-109.3368449,2010,2950,28
840,6,ARIZONA,31,PENA BLANCA,31.387449,-111.064564,2010,2950,4
840,6,ARIZONA,32,PATAGONIA,31.5175977,-110.7949529,2010,2950,4
840,6,ARIZONA,51,TOROWEAP,36.2863797,-113.0649869,2010,2950,7
840,6,ARIZONA,52,DRY PARK,36.3131479,-112.0319722,2010,2970,1
840,6,ARIZONA,56,RIVIERA,35.1226722,-114.582156,2010,2950,33
840,6,ARIZONA,57,ANTARES,35.4272901,-113.8087941,2010,2950,5
840,6,ARIZONA,64,SKULL VALLEY,34.7733727,-112.6192267,2010,2950,105
840,6,ARIZONA,68,CIBOLA LAKE,33.2314477,-114.668276,2010,2950,48
840,6,ARIZONA,69,GILA BEND,33.2869987,-112.9375459,2010,2950,71
840,6,ARIZONA,70,PALO VERDE,33.3339864,-112.677217,2010,2950,38
840,6,ARIZONA,71,BARTLETT RES,33.8177037,-111.6398389,2010,2950,111
840,6,ARIZONA,74,ARABY,32.8548017,-114.4452209,2010,2950,23
840,6,ARIZONA,77,RED ROCK,32.57312,-111.3291239,2010,2950,17
840,6,ARIZONA,78,REDINGTON,32.5434377,-110.5053099,2010,2950,27
840,6,ARIZONA,80,CABEZA PRIET,32.4009815,-112.9321083,2010,2950,39
840,6,ARIZONA,81,AMADO,31.7120327,-111.0671459,2010,2950,7
840,6,ARIZONA,82,SAHUARITA,31.9576267,-110.9446259,2010,2950,28
840,6,ARIZONA,83,MCNEAL,31.6464055,-109.4732045,2010,2930,13
840,6,ARIZONA,83,MCNEAL,31.6464055,-109.4732045,2010,2950,15
840,6,ARIZONA,107,PEACH SPRING,35.5541565,-113.3760172,2010,2950,8
840,6,ARIZONA,121,CASA GRANDE,33.0385437,-111.3789069,2010,2950,94
840,6,ARIZONA,122,CARR MTN,33.5656117,-110.9464649,2010,2950,151
840,6,ARIZONA,123,SPRUCEDALE,33.6103817,-109.1063079,2010,2950,1
840,6,ARIZONA,126,Ajo 2,32.4655,-112.86988,2010,2950,55
840,6,ARIZONA,127,CACTUS FOREST,32.9583127,-111.3334729,2010,2950,21
840,6,ARIZONA,206,WILLOW BEACH 2,35.8663187,-114.6620259,2010,2950,2
840,6,ARIZONA,233,SUNIZONA 2,31.75871,-109.73797,2010,2930,10
840,6,ARIZONA,233,SUNIZONA 2,31.75871,-109.73797,2010,2950,10
840,7,ARKANSAS,4,LOCUST BAYOU,33.5907857,-92.6974039,2010,2890,1
840,7,ARKANSAS,8,HUGHES,34.9269397,-90.5065699,2010,2890,6
840,7,ARKANSAS,10,SOUTH BEND,34.0487397,-91.4995419,2010,2890,2
840,7,ARKANSAS,13,HOLLYWOOD,34.0344927,-93.2513959,2010,2890,12
840,7,ARKANSAS,15,WALDRON,34.9704407,-94.0440279,2010,2890,6
840,7,ARKANSAS,16,HARRISBURG,35.4848667,-90.6809479,2010,2890,5
840,7,ARKANSAS,19,SAFFELL,35.9114603,-91.3426352,2010,2890,8
840,7,ARKANSAS,21,STARK,35.5702167,-92.1956399,2010,2890,5
840,7,ARKANSAS,25,MAYNARD,36.4436877,-90.9236529,2010,2890,5
840,7,ARKANSAS,26,ZION,36.0989147,-91.7354059,2010,2890,13
840,7,ARKANSAS,27,FULTON,36.4061087,-92.1148009,2010,2890,17
840,7,ARKANSAS,30,Centerton,36.329802,-94.303299,2010,2890,7
840,7,ARKANSAS,31,Farwell,36.394077,-93.472462,2010,2890,9
840,7,ARKANSAS,32,Yellville,36.210562,-92.751243,2010,2890,7
840,7,ARKANSAS,33,Ravenden Springs,36.313763,-91.22905,2010,2890,8
840,7,ARKANSAS,35,Dell,35.901224,-90.000225,2010,2890,8
840,7,ARKANSAS,37,Russell,35.373736,-91.658032,2010,2890,14
840,7,ARKANSAS,39,Havana,35.075027,-93.68179,2010,2890,8
840,7,ARKANSAS,41,Sims,34.65949,-93.689266,2010,2890,3
840,7,ARKANSAS,43,Gillett,34.13829,-91.573969,2010,2890,6
840,7,ARKANSAS,46,Springhill,33.026092,-93.493628,2010,2890,2
840,7,ARKANSAS,103,PRINCETON,33.9394687,-92.5894309,2010,2890,4
840,7,ARKANSAS,111,NANCE,34.7023815,-92.8007333,2010,2890,4
840,7,ARKANSAS,112,Poyen 2,34.35,-92.633333,2010,2890,4
840,7,ARKANSAS,117,WILSON,35.5182227,-90.2867129,2010,2890,1
840,7,ARKANSAS,118,AUGUSTA 2,35.3146835,-91.3577331,2010,2890,11
840,7,ARKANSAS,900,OZARK NF,35.6440029,-93.2948547,2010,2890,1
124,11,British Columbia,1,CHEMAINUS,48.78529,-123.59913,2010,2940,11
124,11,British Columbia,48,HECKMAN PASS,52.51026,-125.40723,2010,2971,1
124,11,British Columbia,71,LAKELSE,54.37166,-128.58215,2010,2971,3
124,11,British Columbia,72,KWINITSA,54.33308,-129.29622,2010,2971,1
124,11,British Columbia,207,GRAND FORKS,49.04169,-118.47504,2010,2940,13
124,11,British Columbia,208,SUMMERLAND,49.59762,-119.72963,2010,2940,6
124,11,British Columbia,220,LAVINGTON,50.26615,-119.08702,2010,2940,35
124,11,British Columbia,339,HAINES SUMMIT,59.78907,-136.59568,2010,2970,7
124,11,British Columbia,401,SALT SPR. IS,48.74932,-123.54811,2010,2940,2
124,11,British Columbia,402,COWICHAN LK.,48.82305,-124.05783,2010,2971,2
124,11,British Columbia,408,OLIVER,49.10741,-119.27952,2010,2940,21
124,11,British Columbia,413,NANAIMO RIV,49.19418,-124.09906,2010,2940,8
124,11,British Columbia,608,PARK RILL,49.25746,-119.5261,2010,2940,15
124,11,British Columbia,609,BROMLEY,49.40133,-120.22432,2010,2940,4
124,11,British Columbia,614,Mt. Washington,49.64242,-125.09807,2010,2971,6
124,11,British Columbia,621,KAMLOOPS,50.57455,-120.08938,2010,2882,3
840,14,CALIFORNIA,1,HORSE CREEK,41.8223332,-123.0047055,2010,2920,2
840,14,CALIFORNIA,1,HORSE CREEK,41.8223332,-123.0047055,2010,2940,20
840,14,CALIFORNIA,5,HONEYDEW,40.2431947,-124.1233439,2010,2920,1
840,14,CALIFORNIA,5,HONEYDEW,40.2431947,-124.1233439,2010,2940,37
840,14,CALIFORNIA,6,HOLMES,40.4150917,-123.9615249,2010,2940,7
840,14,CALIFORNIA,7,RED BLUFF,40.3520163,-122.3059647,2010,2940,21
840,14,CALIFORNIA,11,HULLVILLE,39.5232837,-122.9409709,2010,2940,3
840,14,CALIFORNIA,13,WESTVILLE,39.1239687,-120.7596199,2010,2920,28
840,14,CALIFORNIA,14,FISH ROCK,38.8035918,-123.5854569,2010,2940,31
840,14,CALIFORNIA,18,DARDANELLE,38.3432387,-119.8362579,2010,2920,9
840,14,CALIFORNIA,23,BIG PINE,37.1720925,-118.0220022,2010,2882,4
840,14,CALIFORNIA,37,VALLEY WELLS,35.473722,-115.7029053,2010,2950,8
840,14,CALIFORNIA,47,OAK GROVE,33.3988807,-116.8011859,2010,2920,1
840,14,CALIFORNIA,47,OAK GROVE,33.3988807,-116.8011859,2010,2940,72
840,14,CALIFORNIA,49,PALO VERDE,33.3339864,-112.677217,2010,2950,7
840,14,CALIFORNIA,51,ANZA BORREGO,32.903954,-116.23272,2010,2940,19
840,14,CALIFORNIA,54,ORANGE COVE,36.6315997,-119.3047559,2010,2940,17
840,14,CALIFORNIA,59,INYOKERN,35.6076917,-117.800197,2010,2882,1
840,14,CALIFORNIA,59,INYOKERN,35.6076917,-117.800197,2010,2940,15
840,14,CALIFORNIA,62,IVANPAH,35.5408027,-115.4289179,2010,2950,10
840,14,CALIFORNIA,64,TECOPA,35.8040435,-116.1930811,2010,2950,5
840,14,CALIFORNIA,71,POINT REYES,38.0453507,-122.8668979,2010,2940,15
840,14,CALIFORNIA,75,RIO DELL,40.5280727,-124.1636509,2010,2940,12
840,14,CALIFORNIA,78,JOHNSVILLE,39.7846537,-120.6326679,2010,2920,19
840,14,CALIFORNIA,78,JOHNSVILLE,39.7846537,-120.6326679,2010,2971,2
840,14,CALIFORNIA,79,COHASSET,39.9935292,-121.704424,2010,2940,16
840,14,CALIFORNIA,80,ORLAND,39.7633427,-122.2390059,2010,2940,1
840,14,CALIFORNIA,82,WOODFORDS,38.7754607,-119.8237379,2010,2940,9
840,14,CALIFORNIA,83,FAIRFAX,37.9851247,-122.5909499,2010,2940,4
840,14,CALIFORNIA,88,COTTONWOOD,61.5640897,-149.350356,2010,2950,6
840,14,CALIFORNIA,89,NILAND,33.2200507,-115.4847789,2010,2950,11
840,14,CALIFORNIA,93,IMPERIAL DAM,32.8818917,-114.4726339,2010,2950,28
840,14,CALIFORNIA,95,LUMBERYARD,38.5562592,-120.2906994,2010,2920,24
840,14,CALIFORNIA,96,BODIE,38.1752167,-119.1943049,2010,2882,1
840,14,CALIFORNIA,96,BODIE,38.1752167,-119.1943049,2010,2920,3
840,14,CALIFORNIA,97,ONO,40.5164906,-122.3819302,2010,2940,38
840,14,CALIFORNIA,98,FOLSOM,38.7202247,-121.0356899,2010,2940,16
840,14,CALIFORNIA,104,TUJUNGA,34.2581397,-118.1049598,2010,2920,19
840,14,CALIFORNIA,104,TUJUNGA,34.2581397,-118.1049598,2010,2940,2
840,14,CALIFORNIA,106,MESA GRANDE,33.1990869,-116.7862853,2010,2940,7
840,14,CALIFORNIA,108,CARMEL VAL,36.4530827,-121.6956939,2010,2940,26
840,14,CALIFORNIA,112,PEARBLOSSOM,34.5208799,-117.9406162,2010,2940,47
840,14,CALIFORNIA,117,SILVER CITY,36.4664267,-118.6547779,2010,2920,7
840,14,CALIFORNIA,117,SILVER CITY,36.4664267,-118.6547779,2010,2940,4
840,14,CALIFORNIA,118,LOCKWOOD VAL,34.7383427,-119.0450209,2010,2920,33
840,14,CALIFORNIA,118,LOCKWOOD VAL,34.7383427,-119.0450209,2010,2940,65
840,14,CALIFORNIA,119,ELSINORE MTN,33.6484217,-117.4101409,2010,2940,25
840,14,CALIFORNIA,128,KELSO VALLEY,35.5494581,-118.2071003,2010,2920,10
840,14,CALIFORNIA,128,KELSO VALLEY,35.5494581,-118.2071003,2010,2940,36
840,14,CALIFORNIA,132,KINGS CANYON,36.8189424,-118.9088976,2010,2920,10
840,14,CALIFORNIA,132,KINGS CANYON,36.8189424,-118.9088976,2010,2940,7
840,14,CALIFORNIA,138,CRESTON,49.07317,-116.52268,2010,2940,76
840,14,CALIFORNIA,140,CARRIZO PLN,35.0931687,-119.7298739,2010,2940,14
840,14,CALIFORNIA,142,MT PINOS 2,34.8339402,-119.3299456,2010,2920,23
840,14,CALIFORNIA,142,MT PINOS 2,34.8339402,-119.3299456,2010,2940,22
840,14,CALIFORNIA,150,BRAWLEY,32.9416587,-115.5356439,2010,2950,2
840,14,CALIFORNIA,151,LIKELY,41.2351468,-120.3368295,2010,2920,1
840,14,CALIFORNIA,151,LIKELY,41.2351468,-120.3368295,2010,2940,11
840,14,CALIFORNIA,153,GOLD HILL,38.7687607,-120.9253159,2010,2940,30
840,14,CALIFORNIA,155,WESTLEY,37.5141365,-121.1597352,2010,2940,6
840,14,CALIFORNIA,156,TUOLUMNE GROVE,37.7472667,-119.8035199,2010,2920,12
840,14,CALIFORNIA,156,TUOLUMNE GROVE,37.7472667,-119.8035199,2010,2940,1
840,14,CALIFORNIA,158,SATTLEY,39.6153759,-120.4258218,2010,2920,4
840,14,CALIFORNIA,158,SATTLEY,39.6153759,-120.4258218,2010,2940,3
840,14,CALIFORNIA,159,OROVILLE,39.4978958,-121.6093062,2010,2940,4
840,14,CALIFORNIA,160,LONGVALE,39.5664857,-123.3982919,2010,2920,22
840,14,CALIFORNIA,160,LONGVALE,39.5664857,-123.3982919,2010,2940,13
840,14,CALIFORNIA,161,TEHAMA,40.3357087,-121.9157259,2010,2920,7
840,14,CALIFORNIA,161,TEHAMA,40.3357087,-121.9157259,2010,2940,35
840,14,CALIFORNIA,164,JUNCTION CTY,40.6589377,-123.0337989,2010,2920,7
840,14,CALIFORNIA,164,JUNCTION CTY,40.6589377,-123.0337989,2010,2940,16
840,14,CALIFORNIA,165,DAVIS CREEK,41.7332787,-120.3753129,2010,2920,1
840,14,CALIFORNIA,165,DAVIS CREEK,41.7332787,-120.3753129,2010,2940,9
840,14,CALIFORNIA,166,DORRIS,41.9998861,-121.8916067,2010,2940,33
840,14,CALIFORNIA,168,MACDOEL,41.8224004,-122.0111142,2010,2940,21
840,14,CALIFORNIA,172,MORAGA,37.8183531,-122.1464708,2010,2940,15
840,14,CALIFORNIA,178,ALDERPOINT,40.1732694,-123.6037721,2010,2940,27
840,14,CALIFORNIA,179,YOLLA BOLLY,40.0279597,-122.6387259,2010,2920,7
840,14,CALIFORNIA,179,YOLLA BOLLY,40.0279597,-122.6387259,2010,2940,51
840,14,CALIFORNIA,181,GENESEE,40.2017613,-120.623502,2010,2920,4
840,14,CALIFORNIA,181,GENESEE,40.2017613,-120.623502,2010,2940,2
840,14,CALIFORNIA,182,LAYTONVILLE,39.6878368,-123.484892,2010,2940,6
840,14,CALIFORNIA,186,MARK WEST,38.5498734,-122.719303,2010,2940,12
840,14,CALIFORNIA,188,RIVERTON,38.7694117,-120.4473869,2010,2920,31
840,14,CALIFORNIA,189,COYOTE,37.2521703,-121.6774341,2010,2940,28
840,14,CALIFORNIA,190,COPPEROPOLIS,37.9834939,-120.6452578,2010,2940,14
840,14,CALIFORNIA,192,DEEP SPRINGS,37.4158007,-118.0043109,2010,2882,2
840,14,CALIFORNIA,192,DEEP SPRINGS,37.4158007,-118.0043109,2010,2920,1
840,14,CALIFORNIA,192,DEEP SPRINGS,37.4158007,-118.0043109,2010,2940,1
840,14,CALIFORNIA,193,BODEGA BAY,38.3407717,-123.0480649,2010,2940,37
840,14,CALIFORNIA,194,WATERMAN GAP,37.2115267,-122.1565019,2010,2940,4
840,14,CALIFORNIA,198,YREKA,41.7401687,-122.6334149,2010,2940,13
840,14,CALIFORNIA,205,LAKESHORE,37.2556212,-119.1614638,2010,2920,10
840,14,CALIFORNIA,221,CLEVELAND NF,32.92408,-116.48047,2010,2940,2
840,14,CALIFORNIA,225,TRES PINOS 2,36.7497605,-121.1582986,2010,2940,60
840,14,CALIFORNIA,226,ANZA 2,33.5014318,-116.7979649,2010,2920,17
840,14,CALIFORNIA,226,ANZA 2,33.5014318,-116.7979649,2010,2940,22
840,14,CALIFORNIA,302,GLEN ELLEN 2,38.3796305,-122.5109615,2010,2940,14
840,14,CALIFORNIA,319,PESCADERO,37.1650627,-122.2276839,2010,2940,14
840,14,CALIFORNIA,341,CAL HOT SPGS,35.89089,-118.85004,2010,2940,60
840,14,CALIFORNIA,352,STATEN IS.,38.1231944,-121.525076,2010,2940,9
840,14,CALIFORNIA,357,POLOMA,38.3539344,-120.6797897,2010,2940,2
840,14,CALIFORNIA,405,HACKAMORE,41.6091794,-121.050248,2010,2920,4
840,14,CALIFORNIA,406,TIONESTA,41.6708967,-121.2574609,2010,2940,3
840,14,CALIFORNIA,409,BURNT RANCH,40.8031297,-123.4827189,2010,2920,4
840,14,CALIFORNIA,409,BURNT RANCH,40.8031297,-123.4827189,2010,2940,2
840,14,CALIFORNIA,410,FRENCH GULCH,40.7168927,-122.6362459,2010,2920,31
840,14,CALIFORNIA,410,FRENCH GULCH,40.7168927,-122.6362459,2010,2940,2
840,14,CALIFORNIA,411,TOMHEAD,40.1803227,-122.8597869,2010,2920,13
840,14,CALIFORNIA,411,TOMHEAD,40.1803227,-122.8597869,2010,2940,15
840,14,CALIFORNIA,412,FALL RIVER MILLS,40.9620837,-121.5788419,2010,2920,1
840,14,CALIFORNIA,412,FALL RIVER MILLS,40.9620837,-121.5788419,2010,2940,6
840,14,CALIFORNIA,414,GOUMAZ,40.4392679,-120.8358171,2010,2920,3
840,14,CALIFORNIA,415,PAXTON,40.0402279,-120.9961818,2010,2920,2
840,14,CALIFORNIA,415,PAXTON,40.0402279,-120.9961818,2010,2940,5
840,14,CALIFORNIA,416,MEADOW VALLEY,39.9493657,-121.0380629,2010,2920,5
840,14,CALIFORNIA,418,FOREST HILL,39.0192397,-120.8263239,2010,2920,11
840,14,CALIFORNIA,419,POLLOCK PINES,38.7396833,-120.5734077,2010,2920,9
840,14,CALIFORNIA,421,COULTERVILLE,37.7104224,-120.1968622,2010,2920,16
840,14,CALIFORNIA,421,COULTERVILLE,37.7104224,-120.1968622,2010,2940,23
840,14,CALIFORNIA,422,WAWONA,37.4618753,-119.7938035,2010,2920,6
840,14,CALIFORNIA,422,WAWONA,37.4618753,-119.7938035,2010,2940,16
840,14,CALIFORNIA,429,CECILVILLE,41.0822737,-123.0816729,2010,2920,3
840,14,CALIFORNIA,431,HAY FORK,40.4903837,-123.0732879,2010,2920,3
840,14,CALIFORNIA,431,HAY FORK,40.4903837,-123.0732879,2010,2940,21
840,14,CALIFORNIA,434,STRAWBERRY,38.1700196,-120.0376959,2010,2920,14
840,14,CALIFORNIA,435,FRIDAY RIDGE,40.8879703,-123.6046832,2010,2940,3
840,14,CALIFORNIA,435,FRIDAY RIDGE,40.8879703,-123.6046832,2010,2971,1
840,14,CALIFORNIA,436,LAST CHANCE,40.1541637,-120.5453404,2010,2920,18
840,14,CALIFORNIA,436,LAST CHANCE,40.1541637,-120.5453404,2010,2940,2
840,14,CALIFORNIA,503,Tracy 2,37.665124,-121.73284,2010,2940,4
840,14,CALIFORNIA,900,IRON GATE,41.9024247,-122.5631179,2010,2920,13
840,14,CALIFORNIA,900,IRON GATE,41.9024247,-122.5631179,2010,2940,26
840,14,CALIFORNIA,901,GAZELLE,41.5209207,-122.5202179,2010,2920,17
840,14,CALIFORNIA,901,GAZELLE,41.5209207,-122.5202179,2010,2940,16
840,14,CALIFORNIA,907,CHOLLA GARD.,33.9250177,-115.9269019,2010,2950,6
840,14,CALIFORNIA,908,REDWOOD N.P.,41.2623507,-124.0971118,2010,2940,1
840,17,COLORADO,8,DOUGLAS PASS,39.4003427,-108.8123629,2010,2882,1
840,17,COLORADO,19,RUSH,38.8398807,-104.0920409,2010,2930,5
840,17,COLORADO,37,WAVERLY,40.2631147,-102.7182079,2010,2890,3
840,17,COLORADO,49,EDISON,38.6945177,-104.0715939,2010,2930,5
840,17,COLORADO,50,CROWLEY,38.1746667,-103.9489359,2010,2930,16
840,17,COLORADO,138,Rosevale,39.0521056,-108.5755774,2010,2950,9
840,17,COLORADO,206,STONEHAM,40.5807997,-103.6580889,2010,2890,3
840,17,COLORADO,221,NEEGRANDE,38.2958688,-102.7381166,2010,2930,1
840,17,COLORADO,306,FORT MORGAN,40.3492697,-103.7997669,2010,2890,2
840,17,COLORADO,307,JULESBURG,40.9679121,-102.3257889,2010,2890,1
840,17,COLORADO,308,BAXTER PASS,39.4433277,-108.9548949,2010,2882,4
840,17,COLORADO,319,ELLICOTT,38.5495769,-104.4588733,2010,2930,6
840,17,COLORADO,320,KARVAL,38.7624107,-103.3489149,2010,2930,2
840,17,COLORADO,327,TIMPAS,37.95117,-103.8764488,2010,2930,2
840,17,COLORADO,419,DOYLE BRIDGE 2,38.0641056,-104.4189177,2010,2930,4
840,17,COLORADO,903,MESAVERDE NP,37.2704067,-108.4824304,2010,2970,1
840,21,DELAWARE,3,HARRINGTON,38.9594417,-75.5366119,2010,2890,1
840,21,DELAWARE,105,BLACKBIRD,39.3705837,-75.6392639,2010,2890,3
840,25,FLORIDA,1,OAK GROVE,33.3988807,-116.8011859,2010,2890,67
840,25,FLORIDA,3,MOSSY HEAD,30.5193157,-86.4809129,2010,2890,2
840,25,FLORIDA,4,BLOUNTSTOWN,30.5288404,-85.1334541,2010,2890,9
840,25,FLORIDA,5,BROAD BRANCH,30.3372497,-85.2869789,2010,2890,18
840,25,FLORIDA,6,MICCOSUKEE,30.5950194,-84.0413094,2010,2890,20
840,25,FLORIDA,9,PORT ST JOE,29.7818335,-85.3003555,2010,2890,4
840,25,FLORIDA,10,COVINGTON,30.2734632,-83.8569684,2010,2890,8
840,25,FLORIDA,12,BELMONT,30.5026237,-82.7337409,2010,2890,16
840,25,FLORIDA,14,ROMEO,29.1916199,-82.394802,2010,2890,16
840,25,FLORIDA,15,FT GADSDEN,29.9877641,-84.9762879,2010,2890,3
840,25,FLORIDA,17,MYAKKA HEAD,27.4438745,-82.1186659,2010,2890,28
840,25,FLORIDA,18,ST AUGUSTINE,29.8899427,-81.3438119,2010,2890,2
840,25,FLORIDA,19,HILLIARD,30.7202649,-81.9062085,2010,2890,18
840,25,FLORIDA,20,SAN ANTONIO,28.3266818,-82.3022052,2010,2890,4
840,25,FLORIDA,21,BELMORE,29.8970697,-81.8343049,2010,2890,2
840,25,FLORIDA,22,POLK CITY,28.1788407,-81.8605659,2010,2890,2
840,25,FLORIDA,23,MABEL,28.5723877,-81.9816829,2010,2890,27
840,25,FLORIDA,24,CHILDS,27.3232866,-81.4189503,2010,2890,5
840,25,FLORIDA,25,SCOTTSMOOR,28.7481187,-80.8712309,2010,2890,1
840,25,FLORIDA,26,SUNNILAND GR,26.2943143,-81.448561,2010,2890,3
840,25,FLORIDA,27,FT LONESOME,27.6610372,-82.1462286,2010,2890,18
840,25,FLORIDA,30,KENANSVILLE,27.9626301,-80.9673345,2010,2890,20
840,25,FLORIDA,31,INDIANTOWN,26.9657323,-80.3854635,2010,2890,6
840,25,FLORIDA,37,SANDERSON,30.2531989,-82.1623546,2010,2890,1
840,25,FLORIDA,52,BLACKWATER,30.7209289,-86.7860494,2010,2890,41
840,25,FLORIDA,53,DEFUNIAK SPR,30.7184797,-86.1160696,2010,2890,8
840,25,FLORIDA,54,BETTS,30.5335474,-85.2426415,2010,2890,2
840,25,FLORIDA,55,MILLER XRDS,30.9498107,-85.7419899,2010,2890,49
840,25,FLORIDA,56,HIXTOWN SWMP,30.2929508,-83.6676053,2010,2890,9
840,25,FLORIDA,61,PINETTA,30.5193097,-83.2158819,2010,2890,8
840,25,FLORIDA,62,ALLIGATOR PT,29.9468226,-84.340943,2010,2890,2
840,25,FLORIDA,63,FT MCCOY,29.5359317,-81.8774959,2010,2890,4
840,25,FLORIDA,64,DEANVILLE,29.4080424,-81.1983453,2010,2890,3
840,25,FLORIDA,66,NOBLETON,28.6471072,-82.1719367,2010,2890,1
840,25,FLORIDA,67,PENNYWASH CR,28.1011187,-80.8980039,2010,2890,22
840,25,FLORIDA,68,WINTER GARDN,28.6901383,-81.5469756,2010,2890,1
840,25,FLORIDA,69,KISSIMMEE,28.3225489,-81.3372759,2010,2890,3
840,25,FLORIDA,73,ARBUCKLE,27.7611546,-81.4536353,2010,2890,3
840,25,FLORIDA,74,ST LUCIE,27.2364427,-80.5471555,2010,2890,1
840,25,FLORIDA,81,DEVILS GARDN,26.5587549,-81.126711,2010,2890,4
840,25,FLORIDA,82,PALMDALE,26.8751997,-81.3585199,2010,2890,4
840,25,FLORIDA,84,CROSS CITY,29.6862263,-83.0674784,2010,2890,5
840,25,FLORIDA,85,ARIPEKA,28.2764097,-82.6352619,2010,2890,1
840,25,FLORIDA,86,ALVA,26.9459847,-81.7610009,2010,2890,6
840,25,FLORIDA,107,NEW HOPE,30.53685,-85.836483,2010,2890,12
840,25,FLORIDA,108,BRISTOL,30.3242578,-85.0052085,2010,2890,2
840,25,FLORIDA,113,ISLAND GROVE,29.4553574,-82.119094,2010,2890,4
840,25,FLORIDA,129,LAKE BUFFUM,27.9007144,-81.7191254,2010,2890,12
840,25,FLORIDA,132,PUNTA GORDA,26.9297114,-82.0333415,2010,2890,1
840,25,FLORIDA,151,Laurel Hill,30.965694,-86.455486,2010,2890,13
840,25,FLORIDA,159,Hildreth 2,30.018918,-82.810872,2010,2890,8
840,25,FLORIDA,170,Pleasant Grove 2,27.769929,-82.334936,2010,2890,3
840,25,FLORIDA,172,CREWSVILLE,27.4972377,-81.6004029,2010,2890,7
840,25,FLORIDA,176,SHAWANO 2,26.6850447,-80.3893099,2010,2890,1
840,25,FLORIDA,901,APALACHICOLA,30.2634445,-84.6552242,2010,2890,2
840,25,FLORIDA,902,OSCEOLA,30.3790152,-82.3594866,2010,2890,1
840,25,FLORIDA,903,OCALA,29.3967527,-81.8082819,2010,2890,11
840,25,FLORIDA,904,LOVEDALE,30.9635097,-85.1179618,2010,2890,34
840,25,FLORIDA,905,CROOM,28.5817572,-82.1873953,2010,2890,3
840,25,FLORIDA,906,GREEN SWAMP,28.3029119,-81.9184945,2010,2890,10
840,25,FLORIDA,908,Citrus,28.7995277,-82.380934,2010,2890,8
840,25,FLORIDA,909,Goethe,29.09706,-82.5826,2010,2890,5
840,25,FLORIDA,910,WEBB,26.8177916,-81.9247336,2010,2890,52
840,25,FLORIDA,911,CORBETT,26.8544437,-80.2678139,2010,2890,7
840,25,FLORIDA,915,MERRITT ISL,28.7856862,-80.8008275,2010,2890,1
840,25,FLORIDA,916,RIDGE HARBOR,26.9950167,-81.9587398,2010,2890,6
840,25,FLORIDA,917,OLUSTEE,30.2200916,-82.4080153,2010,2890,3
840,25,FLORIDA,919,DUPUIS W.E.A,26.9941297,-80.5737674,2010,2890,17
840,25,FLORIDA,920,EGLIN A.F.B.,30.4264141,-86.7556245,2010,2890,10
840,25,FLORIDA,922,CHASSAHOWITZ,28.6793707,-82.5663679,2010,2890,11
840,27,GEORGIA,4,STOCKTON,30.9276387,-83.0293039,2010,2890,19
840,27,GEORGIA,5,BAXLEY,31.9696201,-82.3558447,2010,2890,3
840,27,GEORGIA,6,FOWLSTOWN,30.8199147,-84.5234609,2010,2890,19
840,27,GEORGIA,7,FITZGERALD,31.7059705,-83.2438622,2010,2890,21
840,27,GEORGIA,10,CUTHBERT,31.7456477,-84.7198949,2010,2890,14
840,27,GEORGIA,14,HAWKINSVILLE,32.3986852,-83.4524425,2010,2890,2
840,27,GEORGIA,15,FORSYTH,33.0058447,-83.9907256,2010,2890,1
840,27,GEORGIA,18,NASHVILLE,31.212031,-83.2572724,2010,2890,9
840,27,GEORGIA,21,NEWTON,31.3388298,-85.5895835,2010,2890,18
840,27,GEORGIA,27,CARTERSVILLE,34.0545254,-84.7868559,2010,2890,2
840,27,GEORGIA,28,HENDERSON,32.3776397,-83.7887419,2010,2890,20
840,27,GEORGIA,29,DOLES,31.6113295,-83.9135034,2010,2890,5
840,27,GEORGIA,31,SILOAM,33.5197045,-83.0957341,2010,2890,3
840,27,GEORGIA,33,LACROSS,32.1823297,-84.2682799,2010,2890,18
840,27,GEORGIA,36,BOWDON,33.5381995,-85.2533567,2010,2890,5
840,27,GEORGIA,38,TAZEWELL,32.3152912,-84.5636584,2010,2890,7
840,27,GEORGIA,39,SHANNON,34.3863104,-85.0490155,2010,2890,2
840,27,GEORGIA,46,JULIETTE,33.1053145,-83.8122125,2010,2890,2
840,27,GEORGIA,47,WASHINGTON,33.6477247,-82.6759719,2010,2890,2
840,27,GEORGIA,48,DEEPSTEP,33.0291229,-82.8309704,2010,2890,5
840,27,GEORGIA,49,FINLEYSON,32.1468537,-83.5781559,2010,2890,44
840,27,GEORGIA,50,RENTZ,32.1747043,-82.9529801,2010,2890,29
840,27,GEORGIA,51,WADLEY,32.88997,-82.3672037,2010,2890,13
840,27,GEORGIA,52,PITTS,31.9142657,-83.5531469,2010,2890,29
840,27,GEORGIA,54,DOVER,39.0295357,-75.4593569,2010,2890,21
840,27,GEORGIA,57,BOSTON,30.6653217,-83.80112,2010,2890,33
840,27,GEORGIA,111,PINEORA,32.3293007,-81.4255139,2010,2890,7
840,27,GEORGIA,112,VIDALIA,32.1084995,-82.3713072,2010,2890,2
840,27,GEORGIA,117,WARE CO,31.1988887,-82.2302919,2010,2890,5
840,27,GEORGIA,155,COFFEE CO,31.4577244,-82.8023609,2010,2890,17
840,27,GEORGIA,156,RICEBORO,31.6168883,-81.6271416,2010,2890,12
840,27,GEORGIA,158,TARVER,30.6012759,-82.706828,2010,2890,5
840,27,GEORGIA,304,BIG OAK,31.060394,-81.9385286,2010,2890,7
840,27,GEORGIA,307,THORNTON ROAD,31.6994191,-82.4003766,2010,2890,17
840,27,GEORGIA,309,MILLEN,32.6387756,-81.8440915,2010,2890,8
840,27,GEORGIA,310,WHITE HILL,32.6981698,-81.4772544,2010,2890,23
840,27,GEORGIA,314,OWENSBORO,31.911593,-83.3946338,2010,2890,26
840,27,GEORGIA,317,PHILEMA,31.7538576,-84.0168649,2010,2890,18
840,27,GEORGIA,321,LAKEVIEW,34.3086241,-85.9323092,2010,2890,3
840,27,GEORGIA,322,ROLAND,32.8593849,-84.4158115,2010,2890,1
840,27,GEORGIA,325,CURRY HILL,33.8799945,-82.553544,2010,2890,3
840,27,GEORGIA,327,SUNNY SIDE,33.382002,-84.2837106,2010,2890,1
840,27,GEORGIA,329,YATES CROSSROADS,33.4037868,-85.253731,2010,2890,6
840,33,IDAHO,4,GIFFORD,46.4532553,-116.5560346,2010,2881,3
840,33,IDAHO,4,GIFFORD,46.4532553,-116.5560346,2010,2940,23
840,33,IDAHO,10,BAKER,45.0341095,-113.5624829,2010,2950,10
840,33,IDAHO,15,DUBOIS,44.2384571,-112.2561867,2010,2881,2
840,33,IDAHO,17,BLACKS CREEK,43.455341,-116.0962005,2010,2940,8
840,33,IDAHO,18,CENTERVILLE,43.7258179,-115.951094,2010,2940,2
840,33,IDAHO,23,TRIANGLE,42.8131415,-116.6394012,2010,2940,6
840,33,IDAHO,111,CABARTON,44.4138961,-116.0315611,2010,2940,1
840,33,IDAHO,124,PASADENA VAL,42.953922,-115.2124573,2010,2940,14
840,33,IDAHO,204,JOEL,46.4470219,-116.8391482,2010,2940,7
840,33,IDAHO,207,SALMON RIVER,45.3898886,-116.034299,2010,2882,2
840,33,IDAHO,208,BURGDORF,45.3420792,-115.9475939,2010,2980,1
840,33,IDAHO,211,CRANE CREEK,44.1957002,-116.5087254,2010,2881,2
840,33,IDAHO,211,CRANE CREEK,44.1957002,-116.5087254,2010,2940,9
840,33,IDAHO,212,YELLOW PINE,44.9600847,-115.4933479,2010,2980,3
840,33,IDAHO,217,SILVER CITY,36.4664267,-118.6547779,2010,2882,3
840,33,IDAHO,217,SILVER CITY,36.4664267,-118.6547779,2010,2940,8
840,33,IDAHO,225,CEDAR HILL,42.431685,-114.0888322,2010,2940,2
840,34,ILLINOIS,8,GENESEO,41.4846401,-90.217325,2010,2890,1
840,34,ILLINOIS,9,PUTNAM,41.1849333,-89.4568609,2010,2890,3
840,34,ILLINOIS,10,SHEFFIELD,41.3504896,-89.7704347,2010,2890,1
840,34,ILLINOIS,16,NEWARK,41.530722,-88.5743214,2010,2881,1
840,34,ILLINOIS,17,SHERBURNVILL,41.2187664,-87.5816027,2010,2890,3
840,34,ILLINOIS,19,GULFPORT,40.8036571,-91.0568488,2010,2890,9
840,34,ILLINOIS,20,STILLWELL,40.2137205,-91.1829978,2010,2890,24
840,34,ILLINOIS,21,CHANDLERVILL,40.0810774,-90.0013197,2010,2890,9
840,34,ILLINOIS,22,TERRE HAUTE,40.6514497,-90.9814019,2010,2890,4
840,34,ILLINOIS,23,WILLIAMSFLD,40.9170762,-90.0331516,2010,2890,5
840,34,ILLINOIS,24,CAMERON,40.8602881,-90.5087794,2010,2890,6
840,34,ILLINOIS,25,BARTONVILLE,40.6004653,-89.6657014,2010,2890,3
840,34,ILLINOIS,26,MONICA,40.9305488,-89.7938841,2010,2890,5
840,34,ILLINOIS,27,DEER CREEK,40.6045464,-89.3175167,2010,2890,4
840,34,ILLINOIS,28,MACKINAW,40.4972564,-89.4243639,2010,2890,2
840,34,ILLINOIS,38,CONCORD,39.799577,-90.4109104,2010,2890,46
840,34,ILLINOIS,41,CLARKSDALE,39.4800841,-89.2690071,2010,2890,6
840,34,ILLINOIS,42,ROSAMOND,39.3998674,-89.2049844,2010,2890,8
840,34,ILLINOIS,43,HUMPHREY,39.5535471,-89.4517437,2010,2890,14
840,34,ILLINOIS,46,BRADBURY,39.3149204,-88.195176,2010,2890,32
840,34,ILLINOIS,49,COLUMBIA,38.3851828,-90.2587326,2010,2890,30
840,34,ILLINOIS,50,MASCOUTAH LK,38.5256201,-89.8193422,2010,2890,28
840,34,ILLINOIS,51,JAMESTOWN,38.6981367,-89.5364836,2010,2890,17
840,34,ILLINOIS,52,ST MORGAN,38.6699717,-89.6602444,2010,2890,10
840,34,ILLINOIS,53,BEAUCOUP,38.3511978,-89.2943026,2010,2890,8
840,34,ILLINOIS,54,BRNT PRAIRIE,38.248185,-88.233672,2010,2890,16
840,34,ILLINOIS,55,MT VERNON,38.4401577,-88.9703208,2010,2890,25
840,34,ILLINOIS,56,OLNEY,38.70688,-88.1676148,2010,2890,37
840,34,ILLINOIS,57,FLORA,38.6772904,-88.4287356,2010,2890,42
840,34,ILLINOIS,58,BIRDS,38.8352107,-87.7451035,2010,2890,19
840,34,ILLINOIS,59,PULASKI,37.2325914,-89.2352685,2010,2890,1
840,34,ILLINOIS,60,BREMEN,37.9708433,-89.7475091,2010,2890,10
840,34,ILLINOIS,61,BELKNAP,37.3198861,-88.9437782,2010,2890,12
840,34,ILLINOIS,62,DELWOOD,37.5997248,-88.5063589,2010,2890,7
840,34,ILLINOIS,63,BEAVERDAM LK,37.0730417,-88.5193033,2010,2890,13
840,34,ILLINOIS,67,SHERRARD,41.3410603,-90.5307719,2010,2890,5
840,34,ILLINOIS,70,CAMP POINT,40.0572405,-91.1273048,2010,2890,9
840,34,ILLINOIS,71,DUNCAN MILLS,40.3045239,-90.1357207,2010,2890,8
840,34,ILLINOIS,73,LE ROY,40.2822428,-88.7460735,2010,2890,1
840,34,ILLINOIS,74,ELDRED,39.2888385,-90.550608,2010,2890,28
840,34,ILLINOIS,75,NILWOOD,39.3988002,-89.8313118,2010,2890,25
840,34,ILLINOIS,76,YALE,39.1055838,-88.0246848,2010,2890,27
840,34,ILLINOIS,77,YORK,39.1467916,-87.6692368,2010,2890,4
840,34,ILLINOIS,78,DARMSTADT,38.320123,-89.7037028,2010,2890,10
840,34,ILLINOIS,79,BROWNVILLE,38.0393916,-88.2081104,2010,2890,30
840,34,ILLINOIS,81,CAVE IN ROCK,37.4674888,-88.1644941,2010,2890,1
840,34,ILLINOIS,135,PAYSON,39.9258337,-91.3130559,2010,2890,14
840,34,ILLINOIS,302,LAKE SUMMERSET,42.4617907,-89.3817229,2010,2890,1
840,34,ILLINOIS,304,KEITHSBURG,41.0847167,-90.9006359,2010,2890,17
840,34,ILLINOIS,305,STERLING,41.8306867,-89.6694319,2010,2890,2
840,34,ILLINOIS,307,CLAYTON,40.0179525,-90.9316336,2010,2890,25
840,34,ILLINOIS,308,WAYNESVILLE,40.2639127,-89.1297627,2010,2890,6
840,34,ILLINOIS,311,EUBANKS,39.9614287,-91.3007819,2010,2890,17
840,34,ILLINOIS,312,CONCORD WEST,39.8173797,-90.4058819,2010,2890,34
840,34,ILLINOIS,314,ALLERTON PARK,39.9526337,-88.6689458,2010,2890,1
840,34,ILLINOIS,315,MARSHALL,35.939336,-92.442323,2010,2890,8
840,34,ILLINOIS,316,DUDLEYVILLE,38.8433817,-89.3901378,2010,2890,29
840,34,ILLINOIS,317,KELL,38.4982149,-88.8800235,2010,2890,67
840,34,ILLINOIS,318,ROYALTON,37.8620527,-89.0775209,2010,2890,16
840,34,ILLINOIS,319,KARNAK,37.2950124,-88.9472487,2010,2890,9
840,34,ILLINOIS,900,ATHENS,34.0324127,-83.3156813,2010,2890,3
840,35,INDIANA,2,HEBRON,34.3932407,-83.1032176,2010,2890,6
840,35,INDIANA,4,KNOX,41.2735266,-86.6205339,2010,2890,1
840,35,INDIANA,5,KEWANNA,41.0254887,-86.2808379,2010,2890,13
840,35,INDIANA,6,MIDDLEBURY,41.7259077,-85.6760109,2010,2890,3
840,35,INDIANA,10,FOWLER,40.6790779,-87.3633993,2010,2890,16
840,35,INDIANA,12,MONTICELLO,40.0787817,-88.5584799,2010,2890,2
840,35,INDIANA,13,GALVESTON,40.5842651,-86.1842198,2010,2890,5
840,35,INDIANA,14,THORNTOWN,40.1495187,-86.6959256,2010,2890,3
840,35,INDIANA,19,WABASH,40.8532797,-85.9044039,2010,2890,2
840,35,INDIANA,21,PIMENTO,39.3319867,-87.3743359,2010,2890,11
840,35,INDIANA,22,BRAZIL,39.5330205,-87.1438756,2010,2890,7
840,35,INDIANA,26,SPENCER,39.2638847,-86.7031329,2010,2890,22
840,35,INDIANA,28,SEXTON,39.6847217,-85.4688349,2010,2890,16
840,35,INDIANA,29,MILROY,39.4677041,-85.4421615,2010,2890,8
840,35,INDIANA,30,SHELBYVILLE,39.5621707,-85.7760939,2010,2890,7
840,35,INDIANA,31,BROOKVILLE,39.493804,-84.9764184,2010,2890,2
840,35,INDIANA,32,WASHINGTON,33.6477247,-82.6759719,2010,2890,13
840,35,INDIANA,34,MILLERSBURG,38.0976637,-87.3919892,2010,2890,11
840,35,INDIANA,35,INDIAN SPGS,38.7744667,-86.7647789,2010,2890,12
840,35,INDIANA,37,CLEAR SPRING,38.9190517,-86.1929939,2010,2890,15
840,35,INDIANA,38,NEW PHILA,38.6631267,-85.9410399,2010,2890,6
840,35,INDIANA,39,CORYDON,38.2672943,-86.1463592,2010,2890,9
840,35,INDIANA,42,EVANSVILLE,37.9911389,-87.4410458,2010,2890,6
840,35,INDIANA,108,PACKERTOWN 2,41.1013504,-85.8354611,2010,2890,7
840,35,INDIANA,115,KOKOMO,40.2178547,-86.0560979,2010,2890,1
840,35,INDIANA,305,RENSSELAER,40.9699502,-87.0748779,2010,2890,10
840,35,INDIANA,306,FRANKFORT,40.1985767,-86.4502189,2010,2890,11
840,35,INDIANA,309,WALLACE,39.9820787,-87.3561447,2010,2890,12
840,35,INDIANA,313,NEWBERRY,39.125475,-87.0543672,2010,2890,56
840,35,INDIANA,314,GEORGIA,38.7671667,-86.5484989,2010,2890,4
840,35,INDIANA,315,CROSS PLAINS,38.9509067,-85.1623379,2010,2890,4
840,35,INDIANA,316,CYPRSS,37.9142237,-87.6297459,2010,2890,13
840,35,INDIANA,903,KANKAKEE SANDS,41.0474227,-87.4511851,2010,2890,11
840,36,IOWA,1,MT HAMILL,40.7698922,-91.6797963,2010,2890,16
840,36,IOWA,2,EXLINE,40.6527332,-92.8864804,2010,2890,4
840,36,IOWA,3,MELROSE,39.9203767,-91.2963699,2010,2890,8
840,36,IOWA,4,BEDFORD,40.5712567,-94.6426839,2010,2890,4
840,36,IOWA,13,PANTHER,41.6586017,-94.1444549,2010,2881,2
840,36,IOWA,15,NEOLA,41.4483667,-95.7265309,2010,2890,2
840,36,IOWA,17,MAQUOKETA,42.0435847,-90.6070319,2010,2890,1
840,36,IOWA,105,COLLEGE SPGS 2,40.6242636,-95.1259581,2010,2890,10
840,38,KANSAS,1,MELROSE,39.9203767,-91.2963699,2010,2890,15
840,38,KANSAS,2,GALESBURG,37.5148587,-95.3249979,2010,2890,66
840,38,KANSAS,3,HUMBOLDT,39.6153298,-88.3865649,2010,2890,27
840,38,KANSAS,4,LAPLAND,37.9847547,-96.3936159,2010,2890,33
840,38,KANSAS,6,WELLINGTON,37.3190352,-97.349158,2010,2890,14
840,38,KANSAS,7,DALTON,37.2322087,-97.2582029,2010,2890,39
840,38,KANSAS,10,COLDWATER,37.1645227,-99.2722929,2010,2890,79
840,38,KANSAS,11,ASHLAND,37.1334087,-99.7413179,2010,2890,33
840,38,KANSAS,14,DOVER,39.0295357,-75.4593569,2010,2890,29
840,38,KANSAS,15,BARCLAY,38.5354618,-95.8576087,2010,2890,39
840,38,KANSAS,16,WREFORD,38.9939527,-96.9002609,2010,2890,49
840,38,KANSAS,17,ELLINOR,38.3623234,-96.5605733,2010,2890,16
840,38,KANSAS,19,BUCKEYE,39.0607981,-97.1112208,2010,2890,63
840,38,KANSAS,20,ALBERT,38.4636553,-98.9776363,2010,2890,10
840,38,KANSAS,21,KANOPOLIS,38.5515107,-98.0351929,2010,2890,128
840,38,KANSAS,25,LEOVILLE,39.5831024,-100.3295925,2010,2890,2
840,38,KANSAS,26,GRANTVILLE,39.0805438,-95.5671042,2010,2890,27
840,38,KANSAS,27,ROCK CREEK,39.251508,-95.5347369,2010,2890,16
840,38,KANSAS,28,HANOVER,39.9000807,-96.8711409,2010,2890,16
840,38,KANSAS,29,SENECA,41.311436,-88.5903464,2010,2890,18
840,38,KANSAS,30,HOLLENBERG,39.9367553,-97.0124144,2010,2890,17
840,38,KANSAS,31,MINNEAPOLIS,39.1902871,-97.6123773,2010,2890,17
840,38,KANSAS,32,COVERT,39.3447742,-98.7508415,2010,2890,81
840,38,KANSAS,34,PHILLIPSBURG,39.7702227,-99.2540059,2010,2890,21
840,38,KANSAS,35,LOGAN,39.7266067,-99.6464549,2010,2890,26
840,38,KANSAS,37,MISSLER,37.3143937,-100.4350879,2010,2890,8
840,38,KANSAS,105,LONGTON,37.3003447,-96.1012279,2010,2890,40
840,38,KANSAS,118,SOLOMON,38.9147327,-97.3687519,2010,2890,50
840,38,KANSAS,133,JEWELL 2,39.7262207,-98.100936,2010,2890,24
840,38,KANSAS,301,PITTSBURG,37.3099157,-94.7416989,2010,2890,12
840,38,KANSAS,302,Morehead,37.3690207,-95.4488589,2010,2890,36
840,38,KANSAS,303,Reece,37.7958024,-96.4347911,2010,2890,8
840,38,KANSAS,304,Berwet,37.7959759,-97.4634159,2010,2890,14
840,38,KANSAS,305,Hopewell,37.8545464,-98.8762205,2010,2890,29
840,38,KANSAS,307,Plymell,37.8296057,-100.8706786,2010,2890,2
840,38,KANSAS,309,Trading Post,38.215197,-94.6125164,2010,2890,13
840,38,KANSAS,311,Lincolnville,38.5224225,-96.9117521,2010,2890,20
840,38,KANSAS,312,Goessel,38.2039494,-97.2078887,2010,2890,38
840,38,KANSAS,313,Susank,38.6813229,-98.7751403,2010,2890,22
840,38,KANSAS,317,Severance,39.7839097,-95.2272709,2010,2890,11
840,38,KANSAS,322,Rexford,39.4951963,-100.6458939,2010,2890,1
840,39,KENTUCKY,1,CUMBERLND GP,36.6082857,-83.7017979,2010,2890,1
840,39,KENTUCKY,2,LOVELACEVILE,36.9068375,-88.8622638,2010,2890,17
840,39,KENTUCKY,3,SHILOH,30.9398503,-83.40811,2010,2890,13
840,39,KENTUCKY,4,CANTON,36.792622,-87.9605863,2010,2890,10
840,39,KENTUCKY,5,KEYSBURG,36.664255,-87.0088713,2010,2890,17
840,39,KENTUCKY,6,CEDAR GROVE,36.9907469,-86.6314152,2010,2890,13
840,39,KENTUCKY,8,SULPHUR LICK,36.8194377,-85.7169959,2010,2890,21
840,39,KENTUCKY,9,HEGIRA,36.7007807,-85.2699359,2010,2890,4
840,39,KENTUCKY,11,MONTICELLO,40.0787817,-88.5584799,2010,2890,2
840,39,KENTUCKY,21,KINGS MTN,37.390468,-84.6612332,2010,2890,2
840,39,KENTUCKY,22,HUSTONVILLE,37.470864,-84.8112865,2010,2890,1
840,39,KENTUCKY,23,MCBRAYER,37.9849668,-84.8137054,2010,2890,4
840,39,KENTUCKY,25,MERRIMAC,37.4126457,-85.1284099,2010,2890,11
840,39,KENTUCKY,26,JOHNSONVILLE,37.9353872,-85.0956126,2010,2890,9
840,39,KENTUCKY,28,DEMUNBRUNS,37.2573275,-86.1387677,2010,2890,6
840,39,KENTUCKY,29,GATEWOOD,37.8199855,-86.8961593,2010,2890,23
840,39,KENTUCKY,30,HUDSON,40.3052417,-104.6963429,2010,2890,18
840,39,KENTUCKY,35,DIXIE,37.7163597,-87.6947489,2010,2890,23
840,39,KENTUCKY,36,JOY,37.3299427,-88.3261579,2010,2890,14
840,39,KENTUCKY,40,BUENA VISTA,35.4779437,-119.2962109,2010,2890,1
840,39,KENTUCKY,41,PORTER,38.3791569,-84.5727271,2010,2890,3
840,39,KENTUCKY,43,PLUM,38.1661827,-84.0681929,2010,2890,8
840,39,KENTUCKY,44,EAST UNION,38.2051493,-83.9295763,2010,2890,1
840,39,KENTUCKY,107,BAYS FORK,36.9261037,-86.3369279,2010,2890,45
840,39,KENTUCKY,112,BARDWELL 2,36.8621049,-89.0413978,2010,2890,4
840,39,KENTUCKY,117,CAMPTON,37.7389457,-83.5630719,2010,2890,1
840,39,KENTUCKY,120,Million 2,37.2448,-87.3322,2010,2890,7
840,39,KENTUCKY,124,Hodgenville 2,37.5839876,-85.7373309,2010,2890,2
840,39,KENTUCKY,132,Riverqueen,37.2446037,-87.331989,2010,2890,23
840,39,KENTUCKY,134,APEX,37.1070839,-87.3525878,2010,2890,25
840,39,KENTUCKY,137,PLEASUREVILL,38.2698117,-85.2042619,2010,2890,11
840,39,KENTUCKY,145,CARTER,38.4235754,-83.0919895,2010,2890,1
840,42,LOUISIANA,10,BICKHAM,30.8801251,-90.2491541,2010,2890,9
840,42,LOUISIANA,11,KEYSTONE,30.0641124,-91.8208203,2010,2890,7
840,42,LOUISIANA,12,PLETTENBERG,30.8692521,-91.5109166,2010,2890,1
840,42,LOUISIANA,15,HACKBERRY,30.0082047,-93.3426979,2010,2890,1
840,42,LOUISIANA,16,DE RIDDER,30.8315727,-93.3184289,2010,2890,5
840,42,LOUISIANA,18,MAYFLOWER,31.9792958,-91.4440435,2010,2890,3
840,42,LOUISIANA,20,FISHVILLE,31.46457,-92.29532,2010,2890,6
840,42,LOUISIANA,26,CLAY,32.4602687,-92.6215889,2010,2890,2
840,42,LOUISIANA,27,LONGSTREET,32.0735964,-93.9744951,2010,2890,1
840,42,LOUISIANA,30,GLENCOE,38.7213307,-84.8237459,2010,2890,2
840,42,LOUISIANA,34,MAURICE,30.0808747,-92.4508969,2010,2890,6
840,42,LOUISIANA,34,MAURICE,30.0808747,-92.4508969,2010,2890,5
840,42,LOUISIANA,34,MAURICE,30.0808747,-92.4508969,2010,2890,5
840,42,LOUISIANA,34,MAURICE,30.0808747,-92.4508969,2010,2890,13
840,42,LOUISIANA,51,BROUSVILLE,29.9842321,-91.9569658,2010,2890,10
840,42,LOUISIANA,52,KAPLAN,29.9956057,-92.5966809,2010,2890,6
840,42,LOUISIANA,52,KAPLAN,29.9956057,-92.5966809,2010,2890,6
840,42,LOUISIANA,52,KAPLAN,29.9956057,-92.5966809,2010,2890,8
840,42,LOUISIANA,52,KAPLAN,29.9956057,-92.5966809,2010,2890,5
840,42,LOUISIANA,54,NORWOOD,30.9782167,-91.1039109,2010,2890,1
840,42,LOUISIANA,55,RICHARD,30.4219427,-92.2865819,2010,2890,5
840,42,LOUISIANA,56,DE QUINCY,30.4099932,-93.1678412,2010,2890,7
840,42,LOUISIANA,57,FROGMORE,31.7369095,-91.5965299,2010,2890,4
840,42,LOUISIANA,58,FLAT CREEK,32.0001519,-92.3835537,2010,2890,1
840,42,LOUISIANA,59,ZWOLLE,31.4575093,-93.6603126,2010,2890,1
840,42,LOUISIANA,60,TRANSYLVANIA,32.8550727,-91.2622069,2010,2890,6
840,42,LOUISIANA,61,MOUNT UNION,32.9745407,-92.5649569,2010,2890,1
840,42,LOUISIANA,113,VILLE PLATTE,30.6521557,-92.4323269,2010,2890,2
840,42,LOUISIANA,124,Rayville 2,32.385442,-91.65069,2010,2890,2
840,42,LOUISIANA,125,CHENIERE,32.3059287,-92.3460469,2010,2890,1
840,42,LOUISIANA,137,FORT JESSUP,31.6696396,-93.5734938,2010,2890,1
840,42,LOUISIANA,139,LINVILLE,32.9487841,-92.2696438,2010,2890,2
840,42,LOUISIANA,305,HARGIS,31.9552681,-92.8142323,2010,2890,3
840,42,LOUISIANA,308,WOODLAWN,30.2754072,-92.962092,2010,2890,6
840,42,LOUISIANA,309,PORT ALLEN,30.4743657,-91.2112109,2010,2890,1
840,42,LOUISIANA,410,Franklinton,30.832203,-90.146244,2010,2890,12
840,42,LOUISIANA,411,Forked Island 2,29.55323,-92.30674,2010,2890,1
840,42,LOUISIANA,904,TENSAS NWR,32.3123624,-91.366531,2010,2890,6
124,45,Manitoba,3,SPERLING,49.51762,-97.68673,2010,2881,2
124,45,Manitoba,5,JORDAN,49.38436,-98.02424,2010,2881,2
124,45,Manitoba,13,TYNDALL,50.07638,-96.60014,2010,2881,2
124,45,Manitoba,101,BRAINTREE,49.44727,-95.40772,2010,2980,1
124,45,Manitoba,105,HOLLAND,49.5463,-98.9148,2010,2881,1
124,45,Manitoba,111,ELVA,49.28134,-101.30176,2010,2881,1
124,45,Manitoba,203,GRETNA,49.10385,-97.84131,2010,2881,1
124,45,Manitoba,209,GRAND CLAIRI,49.50274,-100.70386,2010,2881,1
124,45,Manitoba,211,Broomhill,49.41432,-100.98697,2010,2881,2
124,45,Manitoba,309,Turtle Mtn,49.13203,-100.08612,2010,2881,1
124,45,Manitoba,402,Sandilands,49.66204,-96.09178,2010,2980,1
840,46,MARYLAND,35,MILLINGTON,39.276509,-75.7640082,2010,2890,2
840,46,MARYLAND,37,PINEY NECK,39.10312,-76.192383,2010,2890,1
840,46,MARYLAND,38,HARMONY,40.5090827,-105.0392299,2010,2890,3
840,46,MARYLAND,41,GOLDEN HILL,38.4607494,-76.1997997,2010,2890,5
840,46,MARYLAND,42,HONGA,38.3676908,-76.2432656,2010,2890,3
840,46,MARYLAND,43,MADISON,38.5258637,-76.2101023,2010,2890,13
840,46,MARYLAND,44,VIENNA,38.5203297,-75.7964256,2010,2890,1
840,46,MARYLAND,47,COKESBURY,38.1651924,-75.5797027,2010,2890,4
840,46,MARYLAND,48,NEWARK,41.530722,-88.5743214,2010,2890,4
840,46,MARYLAND,149,BERLIN,38.3112181,-75.1181628,2010,2890,3
840,46,MARYLAND,150,INDIANTOWN,26.9657323,-80.3854635,2010,2890,2
840,47,MASSACHUSETTS,1,E DENNIS,41.750876,-70.1656255,2010,2890,3
840,49,MICHIGAN,58,PRATTVILLE,41.9386087,-71.0799209,2010,2890,1
840,50,MINNESOTA,29,GLYNDON,46.9200866,-96.6109471,2010,2881,1
840,50,MINNESOTA,102,Chatfield 2,43.89763,-92.091025,2010,2890,3
840,51,MISSISSIPPI,3,DUNDEE,34.5002597,-90.4577249,2010,2890,2
840,51,MISSISSIPPI,7,ISOLA,33.2124607,-90.6941829,2010,2890,9
840,51,MISSISSIPPI,9,LUCIEN,31.5016917,-90.5987079,2010,2890,5
840,51,MISSISSIPPI,10,FAYETTE,31.7099007,-91.0571174,2010,2890,1
840,51,MISSISSIPPI,12,COCKRUM,34.8019937,-89.8113619,2010,2890,2
840,51,MISSISSIPPI,17,MT CARMEL,31.603808,-89.8130614,2010,2890,17
840,51,MISSISSIPPI,18,COLUMBIA,38.3851828,-90.2587326,2010,2890,5
840,51,MISSISSIPPI,20,CYBUR,30.7939126,-89.7137542,2010,2890,11
840,51,MISSISSIPPI,22,TUPELO,34.2998857,-88.5977339,2010,2890,7
840,51,MISSISSIPPI,23,MACON,32.9464727,-83.6478349,2010,2890,4
840,51,MISSISSIPPI,25,ABERDEEN,33.8691757,-88.6571809,2010,2890,4
840,51,MISSISSIPPI,27,NEELY,31.2334957,-88.7900629,2010,2890,17
840,51,MISSISSIPPI,28,WAYNESBORO,31.6890917,-88.5298989,2010,2890,9
840,51,MISSISSIPPI,30,BENNDALE,30.8158367,-88.7684399,2010,2890,4
840,51,MISSISSIPPI,37,De Soto,31.0534826,-89.2701391,2010,2890,11
840,51,MISSISSIPPI,38,Weir,33.1294539,-89.1031668,2010,2890,7
840,51,MISSISSIPPI,39,Water Valley,34.1629417,-89.6794343,2010,2890,2
840,51,MISSISSIPPI,40,Shelby,33.9667056,-90.7664328,2010,2890,22
840,51,MISSISSIPPI,43,Amite River,31.0239867,-90.574498,2010,2890,5
840,51,MISSISSIPPI,104,MOON,34.4218377,-90.4983459,2010,2890,2
840,51,MISSISSIPPI,111,OLIVE BRANCH 2,34.9641831,-89.6888585,2010,2890,3
840,51,MISSISSIPPI,113,EMBRY,33.5589457,-89.3902589,2010,2890,1
840,51,MISSISSIPPI,119,NECAISE,30.6193407,-89.5109799,2010,2890,12
840,51,MISSISSIPPI,224,SCOOBA 3,32.8330316,-88.4874274,2010,2890,2
840,51,MISSISSIPPI,901,LAKE COMO,31.9621774,-89.2120306,2010,2890,11
840,51,MISSISSIPPI,901,LAKE COMO,31.9621774,-89.2120306,2010,2890,3
840,51,MISSISSIPPI,904,TIPPO,33.7693377,-90.1416549,2010,2890,21
840,51,MISSISSIPPI,905,TALLAHATCHIE,33.9855857,-90.1939619,2010,2890,5
840,51,MISSISSIPPI,910,TRACE ATTALA,32.92994,-89.61418,2010,2890,2
840,51,MISSISSIPPI,913,TRACE LEE,34.15009,-88.81929,2010,2890,4
840,51,MISSISSIPPI,917,PANTHER SWAMP NWR,32.7304133,-90.589471,2010,2890,5
840,51,MISSISSIPPI,920,STAR,32.0948643,-90.043274,2010,2890,4
840,52,MISSOURI,1,DEVENTER,36.8252566,-89.2477946,2010,2890,14
840,52,MISSOURI,2,PULASKI,37.2325914,-89.2352685,2010,2890,11
840,52,MISSOURI,3,PEACE VALLEY,36.8637267,-91.6865341,2010,2890,8
840,52,MISSOURI,4,SWEDEN,36.857026,-92.5003493,2010,2890,6
840,52,MISSOURI,5,CASSVILLE,36.6608617,-93.9101019,2010,2890,6
840,52,MISSOURI,7,CP GIRARDEAU,37.3066269,-89.526555,2010,2890,11
840,52,MISSOURI,8,CASCADE,44.5814347,-116.0405729,2010,2890,2
840,52,MISSOURI,10,AKERS,37.3759607,-91.5529269,2010,2890,23
840,52,MISSOURI,11,WESCO,37.9039787,-91.4239279,2010,2890,6
840,52,MISSOURI,13,HANDLEY,37.5143127,-92.9258039,2010,2890,8
840,52,MISSOURI,14,GRAYDON,37.4542087,-93.513291,2010,2890,2
840,52,MISSOURI,15,FILLEY,37.7705887,-93.8518459,2010,2890,7
840,52,MISSOURI,16,REEDS,44.8937287,-70.4462749,2010,2890,32
840,52,MISSOURI,18,HAYDEN,38.0833137,-91.9847259,2010,2890,4
840,52,MISSOURI,19,DANVILLE,38.9160367,-91.6100939,2010,2890,16
840,52,MISSOURI,20,SYRACUSE,38.2794376,-92.900614,2010,2890,8
840,52,MISSOURI,21,CENTERTOWN,38.5860411,-92.434843,2010,2890,12
840,52,MISSOURI,27,MADISON,38.5258637,-76.2101023,2010,2890,31
840,52,MISSOURI,28,HUNTSVILLE,39.4294496,-92.5567869,2010,2890,34
840,52,MISSOURI,32,FRAZIER,39.6539807,-94.6654829,2010,2890,12
840,52,MISSOURI,34,STICKLERVILL,40.0661717,-92.4966959,2010,2890,16
840,52,MISSOURI,52,WILLIAMSVILL,36.9623781,-90.5490559,2010,2890,1
840,52,MISSOURI,56,WHITEWATER,44.0565767,-91.9895539,2010,2890,18
840,52,MISSOURI,57,BARKS,37.6791707,-90.0763459,2010,2890,10
840,52,MISSOURI,61,BLAND,38.3512407,-91.8060379,2010,2890,14
840,52,MISSOURI,62,OSAGE BEACH,38.1619747,-92.5999229,2010,2890,5
840,52,MISSOURI,66,LACLEDE,39.7948327,-93.1267409,2010,2890,25
840,52,MISSOURI,67,KEARNEY,39.3970207,-94.5010299,2010,2890,3
840,52,MISSOURI,68,KIRKSVILLE,40.1681387,-92.5154419,2010,2890,41
840,52,MISSOURI,70,MCFALL,40.1002567,-94.1422189,2010,2890,21
840,52,MISSOURI,71,NEW POINT,40.025462,-95.0331182,2010,2890,4
840,52,MISSOURI,109,GRANITEVILLE,37.6701567,-90.6467484,2010,2890,3
840,52,MISSOURI,122,SEDALIA,38.4464167,-93.2211229,2010,2890,30
840,52,MISSOURI,124,KINGSVILLE,38.6698532,-94.1050404,2010,2890,14
840,52,MISSOURI,126,FRANKFORD,38.5337387,-75.1803229,2010,2890,28
840,52,MISSOURI,130,NORBORNE,39.4087287,-93.7397839,2010,2890,15
840,52,MISSOURI,131,CAMERON,40.8602881,-90.5087794,2010,2890,20
840,52,MISSOURI,133,KAHOKA2,40.4712811,-91.7164602,2010,2890,32
840,52,MISSOURI,136,BARNARD,40.0840684,-94.8524242,2010,2890,9
840,52,MISSOURI,137,WATSON,40.4657727,-95.2344499,2010,2890,8
840,53,MONTANA,4,HAY LAKE,48.9576837,-112.3253929,2010,2881,7
840,53,MONTANA,14,POLSON,47.7185447,-114.2006069,2010,2881,1
840,53,MONTANA,900,LOGAN PASS,48.6915527,-113.5308299,2010,2970,1
840,53,MONTANA,901,VICTOR,46.3310791,-114.1724926,2010,2940,4
840,53,MONTANA,901,VICTOR,46.3310791,-114.1724926,2010,2970,1
840,63,NORTH CAROLINA,2,MERRIMON,34.95713,-76.65516,2010,2890,8
840,63,NORTH CAROLINA,4,WARDS CORNER,34.5342189,-78.0716243,2010,2890,6
840,63,NORTH CAROLINA,5,HALLSBORO,34.3209605,-78.5992368,2010,2890,4
840,63,NORTH CAROLINA,10,SPEED,35.9691437,-77.4434709,2010,2890,23
840,63,NORTH CAROLINA,11,KINSTON,35.2819414,-77.7112775,2010,2890,9
840,63,NORTH CAROLINA,12,JORDAN,49.38436,-98.02424,2010,2890,2
840,63,NORTH CAROLINA,13,ROSE,35.4161407,-78.0698959,2010,2890,4
840,63,NORTH CAROLINA,17,OAKBORO,35.2194291,-80.2919201,2010,2890,5
840,63,NORTH CAROLINA,23,CALIFORNIA,36.3581287,-76.9786679,2010,2890,17
840,63,NORTH CAROLINA,24,ARCOLA,36.2540309,-77.9795614,2010,2890,4
840,63,NORTH CAROLINA,25,YOUNGSVILLE,36.0593305,-78.4863356,2010,2890,4
840,63,NORTH CAROLINA,101,SUPPLY,33.9225168,-78.2125169,2010,2890,3
840,63,NORTH CAROLINA,106,ROWLAND,34.4715967,-79.2005609,2010,2890,12
840,63,NORTH CAROLINA,107,MILLTAIL CR,35.8639187,-75.8611599,2010,2890,11
840,63,NORTH CAROLINA,108,REELSBORO,35.0476517,-76.9044781,2010,2890,11
840,63,NORTH CAROLINA,109,JAMESVILLE,35.6919219,-76.9896438,2010,2890,25
840,63,NORTH CAROLINA,116,MOORESVILLE 2,35.8549613,-81.0657464,2010,2890,5
840,63,NORTH CAROLINA,202,NEWPORT,34.9312881,-76.8406017,2010,2890,11
840,63,NORTH CAROLINA,204,MAPLE HILL,34.5909333,-77.7928721,2010,2890,8
840,63,NORTH CAROLINA,205,MONTAGUE,34.4014777,-78.0548779,2010,2890,21
840,63,NORTH CAROLINA,206,ROSEBORO,34.8933417,-78.5809019,2010,2890,4
840,63,NORTH CAROLINA,207,HAMLET,34.8475995,-79.8554411,2010,2890,7
840,63,NORTH CAROLINA,208,MATTAMUSKEET,35.4900673,-76.543981,2010,2890,19
840,63,NORTH CAROLINA,210,PINETOPS,35.8648907,-77.7211309,2010,2890,10
840,63,NORTH CAROLINA,212,COKESBURY,38.1651924,-75.5797027,2010,2890,2
840,63,NORTH CAROLINA,213,GENOA,35.3169181,-78.0169365,2010,2890,7
840,63,NORTH CAROLINA,215,BISCOE,35.3388703,-79.8019587,2010,2890,3
840,63,NORTH CAROLINA,217,SHEFFIELD,41.3504896,-89.7704347,2010,2890,1
840,63,NORTH CAROLINA,218,HULLS XROADS,35.5089219,-81.4564775,2010,2890,5
840,63,NORTH CAROLINA,220,MARSHALL,35.939336,-92.442323,2010,2890,2
840,63,NORTH CAROLINA,224,DORTCHES,35.9991587,-77.8356539,2010,2890,19
840,63,NORTH CAROLINA,225,DURHAM,42.3989107,-74.1783949,2010,2890,1
840,63,NORTH CAROLINA,230,HERTFORD,36.1444727,-76.4471289,2010,2890,21
840,63,NORTH CAROLINA,231,JACKSON,38.3755147,-120.6668929,2010,2890,12
840,63,NORTH CAROLINA,232,BULLOCK,36.4516207,-78.4392029,2010,2890,13
840,63,NORTH CAROLINA,233,ASHLAND,37.1334087,-99.7413179,2010,2890,1
840,63,NORTH CAROLINA,303,OSMOND,36.4747308,-79.1152367,2010,2890,1
840,63,NORTH CAROLINA,304,GUPTON,36.176991,-78.2113363,2010,2890,13
840,63,NORTH CAROLINA,305,RHEASVILLE,36.4653338,-77.694212,2010,2890,5
840,63,NORTH CAROLINA,306,OLD TRAP,36.1860407,-76.0089199,2010,2890,20
840,63,NORTH CAROLINA,311,JONES CORNER,35.1020747,-77.1960089,2010,2890,18
840,63,NORTH CAROLINA,312,DUDLEY,35.2683392,-78.052876,2010,2890,13
840,63,NORTH CAROLINA,313,CONGLETON,35.7523027,-77.2310819,2010,2890,13
840,63,NORTH CAROLINA,314,LAKE SURF,35.1749287,-79.3606499,2010,2890,11
840,63,NORTH CAROLINA,315,BETHEL,44.6261727,-70.9614079,2010,2890,7
840,63,NORTH CAROLINA,316,CYPRESS LAKES,34.9303027,-78.8536599,2010,2890,3
840,63,NORTH CAROLINA,317,BELGRADE,34.9002767,-77.3607189,2010,2890,8
840,63,NORTH CAROLINA,318,GOLDSTON,35.5906977,-79.3326419,2010,2890,3
840,63,NORTH CAROLINA,329,JARVISBURG 2,36.4199384,-75.9245906,2010,2890,9
840,63,NORTH CAROLINA,419,Cayton,35.266597,-76.996044,2010,2890,26
840,63,NORTH CAROLINA,900,RAEFORD,35.0090297,-79.3092799,2010,2890,8
840,63,NORTH CAROLINA,902,SHEEP RIDGE,35.0457687,-77.0695279,2010,2890,7
840,63,NORTH CAROLINA,903,BROAD CREEK,34.7300597,-76.9359209,2010,2890,12
840,63,NORTH CAROLINA,905,DISMAL SWAMP,36.5503967,-76.5500199,2010,2890,10
840,63,NORTH CAROLINA,913,WASHINGTON,33.6477247,-82.6759719,2010,2890,20
840,63,NORTH CAROLINA,915,SPRING HOPE,35.2353943,-76.9257639,2010,2890,15
840,64,NORTH DAKOTA,37,GLEN ULLIN,46.7758047,-101.9283519,2010,2881,1
840,64,NORTH DAKOTA,39,POWERS LAKE,48.6621167,-102.6906819,2010,2881,2
840,64,NORTH DAKOTA,41,DOUGLAS CRK,47.7465897,-101.5077209,2010,2881,2
840,54,NEBRASKA,2,JOHNSON,40.4650912,-96.0668798,2010,2890,11
840,54,NEBRASKA,7,KEARNEY,39.3970207,-94.5010299,2010,2890,15
840,54,NEBRASKA,8,SUMNER,40.9376453,-99.5023032,2010,2890,9
840,54,NEBRASKA,12,GRETNA,49.10385,-97.84131,2010,2890,1
840,54,NEBRASKA,14,SURPRISE,41.1630727,-97.3498079,2010,2890,7
840,54,NEBRASKA,15,RICHLAND,37.937149,-92.441823,2010,2890,1
840,54,NEBRASKA,20,PAXTON,40.0402279,-120.9961818,2010,2890,12
840,54,NEBRASKA,26,MIDWAY,42.6534207,-98.6769859,2010,2890,7
840,54,NEBRASKA,27,SWAN LAKE,59.94131,-131.97479,2010,2890,1
840,54,NEBRASKA,32,TABLE,41.1770247,-100.0548479,2010,2890,57
840,54,NEBRASKA,35,BRADY,40.9946407,-100.4720309,2010,2890,81
840,54,NEBRASKA,37,RINGGOLD,41.7218051,-100.7705095,2010,2890,1
840,54,NEBRASKA,116,WHEELER CO,41.9425827,-98.7032699,2010,2890,1
840,54,NEBRASKA,119,BERWYN,41.1258697,-99.4989389,2010,2890,19
840,55,NEVADA,7,SAND PASS,40.2636938,-119.7796496,2010,2882,2
840,55,NEVADA,15,TOIYABE NF,39.0044442,-117.4662536,2010,2882,3
840,55,NEVADA,27,HIKO,37.6075607,-115.0336839,2010,2950,5
840,55,NEVADA,28,CALIENTE,37.6959387,-114.7461089,2010,2950,1
840,55,NEVADA,29,BEATTY,36.9072027,-116.7617883,2010,2882,4
840,55,NEVADA,29,BEATTY,36.9072027,-116.7617883,2010,2950,3
840,55,NEVADA,31,VAL OF FIRE,36.5012519,-114.7610923,2010,2950,3
840,55,NEVADA,32,JEAN LAKE,35.7204427,-115.2094039,2010,2950,9
840,55,NEVADA,33,NELSON,35.7087118,-114.7110604,2010,2950,9
840,55,NEVADA,45,NIXON,30.3715757,-85.2717359,2010,2940,4
840,55,NEVADA,114,FALLON,39.4020097,-118.7255249,2010,2940,52
840,55,NEVADA,143,RUBY VALLEY 2,40.1798727,-115.4929227,2010,2882,7
840,55,NEVADA,905,AUSTIN,43.6884582,-93.0194666,2010,2882,4
840,55,NEVADA,906,ASH MEADOWS,36.4907307,-116.3432079,2010,2950,41
840,55,NEVADA,907,VIRGIN CREEK,41.7723066,-119.1199346,2010,2882,5
840,55,NEVADA,907,VIRGIN CREEK,41.7723066,-119.1199346,2010,2940,7
840,59,NEW JERSEY,19,KEMAH LAKE,41.1181687,-74.7967659,2010,2890,2
840,60,NEW MEXICO,9,LA CIENEGA,35.5233697,-106.0592719,2010,2930,1
840,60,NEW MEXICO,17,COOLEY LAKE,34.1098564,-104.2297055,2010,2930,7
840,60,NEW MEXICO,18,FLOYD,32.4856776,-91.4269719,2010,2890,5
840,60,NEW MEXICO,18,FLOYD,32.4856776,-91.4269719,2010,2930,7
840,60,NEW MEXICO,19,HORSE SPGS,33.9262784,-108.1876061,2010,2930,3
840,60,NEW MEXICO,22,CARRIZOZO,33.6891907,-105.8493706,2010,2930,1
840,60,NEW MEXICO,23,ROSWELL,33.0896297,-104.8270959,2010,2930,11
840,60,NEW MEXICO,24,CAPROCK,33.3149504,-103.6280881,2010,2890,2
840,60,NEW MEXICO,24,CAPROCK,33.3149504,-103.6280881,2010,2930,15
840,60,NEW MEXICO,25,GAGE,32.3245289,-108.1067589,2010,2930,14
840,60,NEW MEXICO,25,GAGE,32.3245289,-108.1067589,2010,2950,10
840,60,NEW MEXICO,27,JORNADA,32.3802337,-106.7294539,2010,2930,23
840,60,NEW MEXICO,27,JORNADA,32.3802337,-106.7294539,2010,2950,36
840,60,NEW MEXICO,29,LAKEWOOD,32.6557967,-104.3957139,2010,2930,5
840,60,NEW MEXICO,31,RODEO,31.9280116,-108.9941583,2010,2930,6
840,60,NEW MEXICO,31,RODEO,31.9280116,-108.9941583,2010,2950,14
840,60,NEW MEXICO,56,SEDAN,35.9792717,-103.6855999,2010,2930,1
840,60,NEW MEXICO,61,VARIADERO,35.3881137,-104.4610059,2010,2930,9
840,60,NEW MEXICO,62,ROSEBUD,35.8403388,-103.6785946,2010,2890,1
840,60,NEW MEXICO,62,ROSEBUD,35.8403388,-103.6785946,2010,2930,2
840,60,NEW MEXICO,67,PASTURA,34.7803261,-104.9434186,2010,2930,5
840,60,NEW MEXICO,68,CLOVIS,34.4636507,-103.4776839,2010,2890,5
840,60,NEW MEXICO,70,VICKS PEAK,33.5104187,-107.2197419,2010,2950,8
840,60,NEW MEXICO,71,LABORCITA,33.7152917,-106.9502237,2010,2950,27
840,60,NEW MEXICO,72,CAPITAN MTN.,33.6810096,-105.0706138,2010,2930,1
840,60,NEW MEXICO,73,BITTER LAKE,33.5037118,-104.475157,2010,2930,12
840,60,NEW MEXICO,74,PEP,33.7433287,-103.6484449,2010,2930,1
840,60,NEW MEXICO,75,RED ROCK,32.57312,-111.3291239,2010,2930,20
840,60,NEW MEXICO,75,RED ROCK,32.57312,-111.3291239,2010,2950,13
840,60,NEW MEXICO,76,EMORY PASS,32.9200137,-107.6265249,2010,2960,2
840,60,NEW MEXICO,79,QUEEN,32.245658,-104.6971728,2010,2930,3
840,60,NEW MEXICO,80,HOBBS,32.8420703,-103.1450556,2010,2890,23
840,60,NEW MEXICO,80,HOBBS,32.8420703,-103.1450556,2010,2930,27
840,60,NEW MEXICO,81,HATCHET PEAK,31.9176187,-108.3188559,2010,2930,8
840,60,NEW MEXICO,81,HATCHET PEAK,31.9176187,-108.3188559,2010,2950,4
840,60,NEW MEXICO,82,COLUMBUS,31.8359947,-107.5695189,2010,2930,2
840,60,NEW MEXICO,82,COLUMBUS,31.8359947,-107.5695189,2010,2950,23
840,60,NEW MEXICO,112,LOGAN,39.7266067,-99.6464549,2010,2930,2
840,60,NEW MEXICO,114,CERRO VERDE,34.8699738,-107.2466969,2010,2930,1
840,60,NEW MEXICO,115,ESCONDIDA,34.1107524,-106.8715622,2010,2930,3
840,60,NEW MEXICO,115,ESCONDIDA,34.1107524,-106.8715622,2010,2950,9
840,60,NEW MEXICO,126,LAKE VALLEY,32.5335077,-107.4876559,2010,2930,11
840,60,NEW MEXICO,126,LAKE VALLEY,32.5335077,-107.4876559,2010,2950,17
840,60,NEW MEXICO,130,SAN SIMON,32.4996877,-109.3368449,2010,2930,11
840,60,NEW MEXICO,164,MAGDALENA,34.17281,-107.3003133,2010,2930,3
840,60,NEW MEXICO,164,MAGDALENA,34.17281,-107.3003133,2010,2950,3
840,60,NEW MEXICO,166,GALLO ARROYO,33.9958055,-105.1106501,2010,2930,1
840,60,NEW MEXICO,201,LA PLATA,38.5584741,-76.972877,2010,2950,25
840,60,NEW MEXICO,221,SUNSHINE WLL,33.1786297,-107.0297999,2010,2930,9
840,60,NEW MEXICO,221,SUNSHINE WLL,33.1786297,-107.0297999,2010,2950,10
840,61,NEW YORK,48,RUSHVILLE,42.7793497,-77.2581629,2010,2890,1
840,66,OHIO,11,PITTSFIELD,42.4161992,-73.1828649,2010,2890,1
840,66,OHIO,58,WEST ELKTON,39.6578707,-84.3980039,2010,2890,2
840,66,OHIO,60,DARRTOWN,39.493375,-84.6652972,2010,2890,1
840,66,OHIO,64,CUBA,41.0798684,-84.9237731,2010,2890,8
840,66,OHIO,67,XENIA,39.6821707,-83.8036269,2010,2890,1
840,66,OHIO,73,NEW MARSHFLD,39.3166637,-82.1680389,2010,2890,3
840,66,OHIO,85,ASH RIDGE,38.9081057,-83.7588579,2010,2890,18
840,66,OHIO,86,ROME,44.324762,-69.8609276,2010,2890,2
840,66,OHIO,161,HARVEYSBURG 2,39.4989563,-84.0134234,2010,2890,3
840,66,OHIO,165,PORT WILLIAM,39.5569036,-83.8484908,2010,2890,9
840,66,OHIO,168,ENON,39.8881087,-83.9166709,2010,2890,1
840,67,OKLAHOMA,1,BIG CEDAR,34.5662622,-94.7071599,2010,2890,4
840,67,OKLAHOMA,5,MILL CREEK,42.1593177,-89.3321502,2010,2890,19
840,67,OKLAHOMA,10,REED,34.9151007,-99.7137839,2010,2890,90
840,67,OKLAHOMA,14,HOLDENVILLE,35.1013362,-96.434896,2010,2890,11
840,67,OKLAHOMA,15,BEGGS,35.7262277,-96.1218109,2010,2890,2
840,67,OKLAHOMA,17,NOBLE,35.1750957,-97.4236139,2010,2890,2
840,67,OKLAHOMA,19,EAGLE CITY,35.8994217,-98.6006019,2010,2890,22
840,67,OKLAHOMA,20,GRIMES,35.4656557,-99.7351069,2010,2890,74
840,67,OKLAHOMA,21,ERICK,35.2628247,-99.8852919,2010,2890,65
840,67,OKLAHOMA,22,PEORIA,36.9292257,-94.6982489,2010,2890,10
840,67,OKLAHOMA,23,WELCH,36.9173437,-95.1256319,2010,2890,23
840,67,OKLAHOMA,24,COLLINSVILLE,36.4091897,-95.8134099,2010,2890,7
840,67,OKLAHOMA,26,BARTLESVILLE,36.7671854,-96.0624096,2010,2890,18
840,67,OKLAHOMA,27,DOUGLAS,31.4573017,-82.8019089,2010,2890,36
840,67,OKLAHOMA,30,TEGARDEN,36.6600227,-98.9715489,2010,2890,38
840,67,OKLAHOMA,31,LOOKOUT,36.9436159,-99.3626644,2010,2890,21
840,67,OKLAHOMA,32,ROSSTON,36.7098467,-99.7284459,2010,2890,49
840,67,OKLAHOMA,50,GOODWATER,33.9247807,-94.5655139,2010,2890,1
840,67,OKLAHOMA,51,BETHEL,44.6261727,-70.9614079,2010,2890,5
840,67,OKLAHOMA,54,TATUMS,34.4198537,-97.4574519,2010,2890,11
840,67,OKLAHOMA,55,COOPERTON,34.8702507,-98.9547729,2010,2890,19
840,67,OKLAHOMA,58,WAINWRIGHT,35.7256547,-95.5709839,2010,2890,12
840,67,OKLAHOMA,61,SICKLES,35.3485437,-98.3945919,2010,2890,28
840,67,OKLAHOMA,62,ARAPAHO,35.5805137,-99.0221019,2010,2890,29
840,67,OKLAHOMA,63,COLCORD,36.3215256,-94.6654907,2010,2890,5
840,67,OKLAHOMA,64,KEETONVILLE,36.2929021,-95.6865475,2010,2890,1
840,67,OKLAHOMA,65,FORAKER,36.7524787,-96.3635719,2010,2890,23
840,67,OKLAHOMA,67,JET,36.6516197,-98.1634589,2010,2890,60
840,67,OKLAHOMA,68,WOODWARD,36.2392945,-99.5786444,2010,2890,28
840,67,OKLAHOMA,69,CLEAR LAKE,50.01932,-113.39054,2010,2890,28
840,67,OKLAHOMA,69,CLEAR LAKE,50.01932,-113.39054,2010,2930,2
840,67,OKLAHOMA,70,HOOKER,36.7764517,-101.1876829,2010,2930,1
840,67,OKLAHOMA,71,KEYES,36.7771067,-102.2655719,2010,2930,2
840,67,OKLAHOMA,103,PUSHMATAHA,34.5284297,-95.3548669,2010,2890,22
840,67,OKLAHOMA,106,DUNCAN,34.3763967,-97.8588019,2010,2890,15
840,67,OKLAHOMA,125,SKIATOOK,36.3614547,-96.0493689,2010,2890,19
840,67,OKLAHOMA,900,OUACHITA NF,34.7654129,-94.6223207,2010,2890,3
840,67,OKLAHOMA,901,WICHITA MTNS EAST,34.73613,-98.5225,2010,2890,26
840,67,OKLAHOMA,907,WICHITA MTS WEST,34.7527798,-98.7819333,2010,2890,40
124,68,Ontario,173,OSWALD CREEK,48.00984,-82.4583,2010,2980,1
124,68,Ontario,248,MATACHEWAN,47.95967,-80.69264,2010,2980,1
124,68,Ontario,259,GOLDIE LAKE,48.28129,-84.88534,2010,2980,2
124,68,Ontario,265,UPSALA,49.09412,-90.43318,2010,2980,1
124,68,Ontario,278,KATODAWA LK,47.74664,-81.66778,2010,2980,3
124,68,Ontario,292,RAMSEY,33.9045937,-92.5979989,2010,2980,1
840,69,OREGON,1,TIMBER,45.76385,-123.3149615,2010,2971,1
840,69,OREGON,8,IMNAHA,45.72192,-116.7795945,2010,2882,5
840,69,OREGON,8,IMNAHA,45.72192,-116.7795945,2010,2940,2
840,69,OREGON,11,DESCHUTES,44.1598087,-121.2737049,2010,2940,12
840,69,OREGON,13,LOGDELL,44.2168556,-119.2408498,2010,2940,8
840,69,OREGON,14,WICKIUP,44.1328667,-118.5877689,2010,2940,6
840,69,OREGON,15,BRIDGEPORT,38.2592757,-119.2218859,2010,2882,8
840,69,OREGON,15,BRIDGEPORT,38.2592757,-119.2218859,2010,2940,9
840,69,OREGON,19,WINBERRY,43.9074737,-122.5593339,2010,2920,1
840,69,OREGON,19,WINBERRY,43.9074737,-122.5593339,2010,2940,4
840,69,OREGON,21,FANDANGO CAN,43.1649665,-120.6637819,2010,2940,79
840,69,OREGON,22,WAGONTIRE,43.3390029,-119.696796,2010,2940,1
840,69,OREGON,24,CROWLEY,38.1746667,-103.9489359,2010,2940,1
840,69,OREGON,26,DAYS CREEK,42.9708857,-123.2140269,2010,2920,3
840,69,OREGON,26,DAYS CREEK,42.9708857,-123.2140269,2010,2940,1
840,69,OREGON,28,MODOC POINT,42.373981,-121.8048799,2010,2940,7
840,69,OREGON,33,ADAIR,42.7983457,-82.6340339,2010,2940,7
840,69,OREGON,34,SCIO,44.7117487,-122.7713389,2010,2940,7
840,69,OREGON,35,JOSEPH,45.2809207,-117.2062679,2010,2940,1
840,69,OREGON,40,DAYTON,45.2250267,-123.0213309,2010,2940,5
840,69,OREGON,43,MT HOOD,45.5378447,-121.4834369,2010,2940,12
840,69,OREGON,46,PENDLETON,45.6793737,-118.7501219,2010,2940,7
840,69,OREGON,48,MOUNT VERNON,44.4171957,-119.1134189,2010,2940,5
840,69,OREGON,50,ELKTON,39.5231571,-75.9042529,2010,2940,1
840,69,OREGON,51,CLEARWATER,43.2980868,-122.3456805,2010,2920,3
840,69,OREGON,54,SILVER CREEK,43.87942,-79.97389,2010,2940,1
840,69,OREGON,56,ADRIAN,41.9189847,-83.9934149,2010,2882,18
840,69,OREGON,56,ADRIAN,41.9189847,-83.9934149,2010,2940,39
840,69,OREGON,57,HAZEL CAMP,42.2539829,-124.2474371,2010,2920,5
840,69,OREGON,58,SECRET VAL,42.4225447,-123.6893159,2010,2920,5
840,69,OREGON,58,SECRET VAL,42.4225447,-123.6893159,2010,2940,3
840,69,OREGON,61,BLIZZARD GAP,42.0147517,-119.4780049,2010,2882,1
840,69,OREGON,61,BLIZZARD GAP,42.0147517,-119.4780049,2010,2940,2
840,69,OREGON,127,SAMS VALLEY,42.5330796,-122.7954061,2010,2920,1
840,69,OREGON,127,SAMS VALLEY,42.5330796,-122.7954061,2010,2940,3
840,69,OREGON,136,SUMMIT PR,44.3417036,-120.5617158,2010,2940,2
840,69,OREGON,147,WIZARD FALLS,44.4919169,-121.7938709,2010,2920,1
840,69,OREGON,159,EMIGRANT LAKE 2,42.1116865,-122.5366725,2010,2920,2
840,69,OREGON,159,EMIGRANT LAKE 2,42.1116865,-122.5366725,2010,2940,9
840,69,OREGON,160,Bly  2,42.38999,-121.01745,2010,2940,1
840,69,OREGON,203,BADGER CREEK,45.2220066,-121.3798835,2010,2920,1
840,69,OREGON,203,BADGER CREEK,45.2220066,-121.3798835,2010,2940,1
840,69,OREGON,204,MIKKALO,45.4001548,-120.0255662,2010,2882,4
840,69,OREGON,204,MIKKALO,45.4001548,-120.0255662,2010,2940,8
840,69,OREGON,211,MADRAS,44.6282948,-121.0586193,2010,2940,9
840,69,OREGON,213,BARNHOUSE,44.5221367,-119.9279329,2010,2970,1
840,69,OREGON,217,COQUILLE,43.2152987,-124.0771559,2010,2940,12
840,69,OREGON,225,MYRTLE GROVE,34.1327657,-77.8775469,2010,2920,1
840,69,OREGON,225,MYRTLE GROVE,34.1327657,-77.8775469,2010,2971,1
840,69,OREGON,226,RUCH,42.2219917,-123.0636979,2010,2920,2
840,69,OREGON,227,WHISKEY SPG.,42.4934857,-122.4215469,2010,2920,1
840,69,OREGON,227,WHISKEY SPG.,42.4934857,-122.4215469,2010,2971,1
840,69,OREGON,230,WARNER VALLY,42.6188696,-119.6736929,2010,2882,70
840,69,OREGON,230,WARNER VALLY,42.6188696,-119.6736929,2010,2940,31
840,69,OREGON,233,MCMINNVILLE,45.0082537,-123.4029079,2010,2940,9
840,69,OREGON,237,SALEM,43.2100377,-73.3079649,2010,2940,1
840,69,OREGON,238,SISTERS,44.3919161,-121.5215586,2010,2940,3
840,69,OREGON,240,MONUMENT,44.8230607,-119.4272309,2010,2940,12
840,69,OREGON,244,CINDERELLA,43.239379,-122.672937,2010,2920,1
840,69,OREGON,244,CINDERELLA,43.239379,-122.672937,2010,2971,6
840,69,OREGON,245,PAUNINA,43.2756335,-121.7738733,2010,2920,9
840,69,OREGON,250,SELMA,42.2791706,-123.6060868,2010,2920,7
840,69,OREGON,251,PROSPECT,45.23886,-75.92689,2010,2920,5
840,69,OREGON,253,LAKEVIEW,34.3086241,-85.9323092,2010,2940,3
840,69,OREGON,253,LAKEVIEW,34.3086241,-85.9323092,2010,2971,1
840,69,OREGON,256,THREE FORKS,42.5261832,-117.1751241,2010,2882,4
840,69,OREGON,256,THREE FORKS,42.5261832,-117.1751241,2010,2940,3
840,69,OREGON,339,Twickenham,44.669185,-120.12219,2010,2882,1
840,69,OREGON,339,Twickenham,44.669185,-120.12219,2010,2940,6
840,69,OREGON,902,RILEY PEAK,44.9614977,-123.6964573,2010,2920,1
840,69,OREGON,903,SANTIAM,44.6045407,-122.4550929,2010,2971,2
840,72,PENNSYLVANIA,58,PATTON,40.6677047,-78.5766909,2010,2890,1
840,72,PENNSYLVANIA,198,CHATHAM,32.2555287,-92.3123249,2010,2890,1
840,72,PENNSYLVANIA,275,LEOLA,40.2005127,-76.1717449,2010,2890,1
840,72,PENNSYLVANIA,903,WILD CREEK,40.829387,-75.5231529,2010,2890,1
124,76,Quebec,82,FORESTVILLE,48.8409,-69.36874,2010,2980,2
124,76,Quebec,537,LAC MALIN,47.34389,-71.04081,2010,2980,1
124,79,Saskatchewan,106,WOOD RIVER,49.96035,-106.55085,2010,2881,1
124,79,Saskatchewan,108,EASTEND,49.55277,-108.30864,2010,2881,1
124,79,Saskatchewan,116,DENDRON,50.01867,-107.00595,2010,2881,12
124,79,Saskatchewan,118,BURSTALL,50.80496,-109.95185,2010,2881,3
124,79,Saskatchewan,424,Shooter Hill,50.68855,-106.55868,2010,2881,1
840,80,SOUTH CAROLINA,2,JAMESTOWN,38.6981367,-89.5364836,2010,2890,3
840,80,SOUTH CAROLINA,3,HARDEEVILLE,32.2511024,-81.0334581,2010,2890,1
840,80,SOUTH CAROLINA,4,ROME,44.324762,-69.8609276,2010,2890,15
840,80,SOUTH CAROLINA,5,HOLLY HILL,33.3222497,-80.4614109,2010,2890,14
840,80,SOUTH CAROLINA,6,COWARD,34.0240154,-79.7849141,2010,2890,4
840,80,SOUTH CAROLINA,8,NEW HOLLAND,33.6937497,-81.4906299,2010,2890,18
840,80,SOUTH CAROLINA,9,WAGENER,33.7228886,-81.3572843,2010,2890,6
840,80,SOUTH CAROLINA,10,DILLON,34.5006527,-79.4239119,2010,2890,18
840,80,SOUTH CAROLINA,11,BISHOPVILLE,34.1944419,-80.2141711,2010,2890,4
840,80,SOUTH CAROLINA,21,PLUM BRANCH,33.8064239,-82.2729506,2010,2890,3
840,80,SOUTH CAROLINA,23,New Ellenton,33.54348,-81.67438,2010,2890,11
840,80,SOUTH CAROLINA,25,Campobello,35.055104,-82.15584,2010,2890,6
840,80,SOUTH CAROLINA,26,Whitmire,34.388972,-81.735572,2010,2890,2
840,80,SOUTH CAROLINA,27,Green Sea,34.194067,-79.073733,2010,2890,21
840,80,SOUTH CAROLINA,28,Kingstree,33.697569,-79.635523,2010,2890,16
840,80,SOUTH CAROLINA,51,GREENWOOD,44.3180457,-70.6509909,2010,2890,3
840,80,SOUTH CAROLINA,53,MOUNT PISGAH,34.5830237,-80.4444509,2010,2890,1
840,80,SOUTH CAROLINA,54,BENNETTSVILLE,34.7417067,-79.8130029,2010,2890,4
840,80,SOUTH CAROLINA,55,OLAR,33.1451427,-81.0479519,2010,2890,3
840,80,SOUTH CAROLINA,57,CARVERS BAY,33.6193783,-79.327825,2010,2890,13
840,80,SOUTH CAROLINA,58,NIXVILLE,32.7502126,-81.0471784,2010,2890,7
840,80,SOUTH CAROLINA,112,CAUTHENS XRD,34.6203357,-80.7700429,2010,2890,5
840,80,SOUTH CAROLINA,114,PROSPERITY,34.0867789,-81.4778659,2010,2890,1
840,80,SOUTH CAROLINA,116,ANDERSON,40.1346467,-85.3574289,2010,2890,4
840,80,SOUTH CAROLINA,117,OWINGS 2,34.7522612,-82.1092506,2010,2890,1
840,80,SOUTH CAROLINA,119,CHESNEE,35.0971457,-81.9817129,2010,2890,8
840,80,SOUTH CAROLINA,900,SANDHILLS,34.5478477,-80.1728969,2010,2890,11
840,81,SOUTH DAKOTA,7,WINNER,43.3137817,-99.8703379,2010,2890,3
840,81,SOUTH DAKOTA,34,GORMAN,44.9702507,-100.1241026,2010,2881,2
840,82,TENNESSEE,1,TIPTONVILLE,36.4175101,-89.4379279,2010,2890,5
840,82,TENNESSEE,2,PAWPAW,36.3065622,-89.3646928,2010,2890,13
840,82,TENNESSEE,3,MOSCOW,35.0517759,-89.3754293,2010,2890,1
840,82,TENNESSEE,4,BROWNSVILLE,35.5377957,-89.3824309,2010,2890,8
840,82,TENNESSEE,6,WHITEVILLE,35.3612207,-89.0787139,2010,2890,4
840,82,TENNESSEE,8,MANSFIELD,42.0067334,-71.118451,2010,2890,19
840,82,TENNESSEE,9,SWEETLIPS,35.4115013,-88.5485594,2010,2890,5
840,82,TENNESSEE,10,SILERTON,35.3431047,-88.8148959,2010,2890,2
840,82,TENNESSEE,11,TRENTON,40.0903817,-93.5563439,2010,2890,8
840,82,TENNESSEE,12,HUMBOLDT,39.6153298,-88.3865649,2010,2890,8
840,82,TENNESSEE,15,COLLINWOOD,35.1607149,-87.6852374,2010,2890,5
840,82,TENNESSEE,16,WRIGLEY,63.37122,-123.56614,2010,2890,4
840,82,TENNESSEE,17,CAMPBELLSVILLE,35.3492078,-87.1440788,2010,2890,5
840,82,TENNESSEE,18,LEWIS FOREST,35.4941757,-87.6791989,2010,2890,3
840,82,TENNESSEE,19,BELOTES BEND,36.3259217,-86.3315439,2010,2890,8
840,82,TENNESSEE,20,WHITE HOUSE,36.5086597,-86.6658089,2010,2890,7
840,82,TENNESSEE,21,PETERSBURG,56.8076137,-132.9127349,2010,2890,2
840,82,TENNESSEE,22,PEYTONSVILLE,35.8589627,-86.8259959,2010,2890,5
840,82,TENNESSEE,25,SILVER PT,36.0984567,-85.7051469,2010,2890,3
840,82,TENNESSEE,26,UNION HILL,36.5041157,-85.6700349,2010,2890,6
840,82,TENNESSEE,27,GLEN,45.3790727,-112.6419759,2010,2890,11
840,82,TENNESSEE,40,MT OLIVE,33.6822947,-86.8721632,2010,2890,2
840,82,TENNESSEE,41,ALLENS BRDGE,36.0465477,-82.9128272,2010,2890,5
840,82,TENNESSEE,114,INDIAN MOUND 2,36.5507429,-87.7500558,2010,2890,1
840,83,TEXAS,1,LAG ATASCOSA,26.1912547,-97.3519969,2010,2890,13
840,83,TEXAS,2,RACHAL,26.8901748,-98.135998,2010,2890,58
840,83,TEXAS,3,AGUA NUEVA,26.9019917,-98.6026759,2010,2890,95
840,83,TEXAS,5,KINGSVILLE,38.6698532,-94.1050404,2010,2890,3
840,83,TEXAS,8,MIRANDO CITY,27.3221067,-98.9698489,2010,2890,23
840,83,TEXAS,9,ENCINAL,27.9766671,-99.2664374,2010,2890,15
840,83,TEXAS,9,ENCINAL,27.9766671,-99.2664374,2010,2930,4
840,83,TEXAS,11,HINKLES FER,28.9083337,-95.6139832,2010,2890,6
840,83,TEXAS,13,INDIANOLA,35.1738817,-95.7806629,2010,2890,10
840,83,TEXAS,13,INDIANOLA,35.1738817,-95.7806629,2010,2890,13
840,83,TEXAS,13,INDIANOLA,35.1738817,-95.7806629,2010,2890,14
840,83,TEXAS,15,HOBSON,28.9215455,-97.9666688,2010,2890,23
840,83,TEXAS,16,GEORGE WEST,28.2807187,-98.3175579,2010,2890,20
840,83,TEXAS,17,CAMPBELLTON,28.6737143,-98.38854,2010,2890,29
840,83,TEXAS,18,CATARINA,28.1788677,-99.7785729,2010,2890,49
840,83,TEXAS,18,CATARINA,28.1788677,-99.7785729,2010,2930,2
840,83,TEXAS,19,LA PRYOR,28.9477668,-99.8539016,2010,2890,3
840,83,TEXAS,19,LA PRYOR,28.9477668,-99.8539016,2010,2930,6
840,83,TEXAS,20,WINNIE,29.6706502,-94.3415601,2010,2890,2
840,83,TEXAS,21,STOWELL,29.7343527,-94.4007057,2010,2890,29
840,83,TEXAS,22,DANBURY,41.3362789,-73.5313225,2010,2890,6
840,83,TEXAS,23,KATY,29.7863554,-95.831598,2010,2890,13
840,83,TEXAS,24,ARENOSA CRK,29.0185167,-96.9354075,2010,2890,27
840,83,TEXAS,25,ROCK ISLAND,29.513077,-96.550258,2010,2890,65
840,83,TEXAS,26,MULDOON,29.7858555,-97.0259942,2010,2890,1
840,83,TEXAS,27,LOCKHART,47.4408422,-96.5804582,2010,2890,1
840,83,TEXAS,28,BOERNE,29.8739777,-98.6494589,2010,2890,4
840,83,TEXAS,30,HONDO,29.3597192,-99.1420313,2010,2890,10
840,83,TEXAS,32,TOWN BLUFF,30.7962929,-94.0899029,2010,2890,2
840,83,TEXAS,32,TOWN BLUFF,30.7962929,-94.0899029,2010,2890,3
840,83,TEXAS,32,TOWN BLUFF,30.7962929,-94.0899029,2010,2890,2
840,83,TEXAS,41,VALLEY SPGS,30.9594551,-98.7351553,2010,2890,13
840,83,TEXAS,42,HARPER,30.3551169,-99.1490406,2010,2890,3
840,83,TEXAS,43,SAN SABA,30.9858627,-99.4476549,2010,2890,5
840,83,TEXAS,51,PIDCOKE,31.1829158,-97.9068817,2010,2890,2
840,83,TEXAS,52,KEMPNER,31.1320902,-98.0448208,2010,2890,6
840,83,TEXAS,53,ADAMSVILLE,40.0700447,-81.8823399,2010,2890,5
840,83,TEXAS,54,PEAR VALLEY,31.2869724,-99.5652708,2010,2890,22
840,83,TEXAS,55,WINCHELL,31.5020577,-99.1642919,2010,2890,5
840,83,TEXAS,57,CROSSROADS,32.4388568,-94.1555047,2010,2890,1
840,83,TEXAS,64,SELDEN,32.1649434,-98.0495578,2010,2890,7
840,83,TEXAS,65,GRAFORD,32.9898499,-98.389974,2010,2890,2
840,83,TEXAS,67,ALBANY,32.8297577,-99.1330879,2010,2890,39
840,83,TEXAS,68,LYDIA,33.3601066,-94.7471681,2010,2890,2
840,83,TEXAS,71,DIKE,33.2195339,-95.4858724,2010,2890,3
840,83,TEXAS,74,RHOME,33.0581596,-97.460791,2010,2890,1
840,83,TEXAS,76,OLNEY,38.70688,-88.1676148,2010,2890,24
840,83,TEXAS,78,GRAYBACK,33.9054886,-99.1899265,2010,2890,24
840,83,TEXAS,81,COMSTOCK,29.9214837,-101.2407759,2010,2890,8
840,83,TEXAS,81,COMSTOCK,29.9214837,-101.2407759,2010,2930,16
840,83,TEXAS,82,HOT SPRINGS,29.1904253,-103.0065204,2010,2930,13
840,83,TEXAS,83,BLACK GAP,29.4492397,-102.8239829,2010,2930,2
840,83,TEXAS,85,MERTZON,31.1844187,-100.9172129,2010,2890,9
840,83,TEXAS,86,RANKIN,31.2059844,-101.9691922,2010,2890,2
840,83,TEXAS,86,RANKIN,31.2059844,-101.9691922,2010,2930,17
840,83,TEXAS,87,LONGFELLOW,30.1465918,-102.4086864,2010,2890,3
840,83,TEXAS,87,LONGFELLOW,30.1465918,-102.4086864,2010,2930,3
840,83,TEXAS,88,ALTUDA,30.2861238,-103.4483656,2010,2930,4
840,83,TEXAS,92,POST,33.1811653,-101.5601204,2010,2890,13
840,83,TEXAS,94,PLAINS,33.3441307,-102.9569019,2010,2890,18
840,83,TEXAS,94,PLAINS,33.3441307,-102.9569019,2010,2930,2
840,83,TEXAS,95,CLARENDON,34.9337877,-100.8301009,2010,2890,46
840,83,TEXAS,97,CIRCLE,65.7907167,-144.0890949,2010,2890,6
840,83,TEXAS,98,RAYMONDVILLE,26.5333227,-97.7044919,2010,2890,26
840,83,TEXAS,100,CHANNING,35.7506355,-102.249269,2010,2890,1
840,83,TEXAS,104,BOOKER,36.4631119,-100.4408384,2010,2890,4
840,83,TEXAS,104,BOOKER,36.4631119,-100.4408384,2010,2930,2
840,83,TEXAS,105,MIAMI,35.7036488,-100.9324384,2010,2890,4
840,83,TEXAS,106,FLOYDADA,34.0502491,-101.3253641,2010,2890,4
840,83,TEXAS,107,HACKBERRY,30.0082047,-93.3426979,2010,2890,25
840,83,TEXAS,108,FRANKEL CITY,32.1286341,-102.8346237,2010,2890,18
840,83,TEXAS,108,FRANKEL CITY,32.1286341,-102.8346237,2010,2930,11
840,83,TEXAS,113,ELDORADO,30.7062893,-100.8487982,2010,2890,15
840,83,TEXAS,115,EL SAUZ,26.5738227,-98.8715669,2010,2890,56
840,83,TEXAS,115,EL SAUZ,26.5738227,-98.8715669,2010,2930,6
840,83,TEXAS,139,WALBURG,30.6915827,-97.5857079,2010,2890,3
840,83,TEXAS,140,DRIPPING SPG,30.2495701,-98.0582098,2010,2890,7
840,83,TEXAS,179,HASKELL,33.3645608,-99.6563415,2010,2890,15
840,83,TEXAS,189,BEAR MTN,30.93882,-104.15497,2010,2930,5
840,83,TEXAS,189,BEAR MTN,30.93882,-104.15497,2010,2960,1
840,83,TEXAS,204,GUERRA,26.780834,-99.1225297,2010,2890,64
840,83,TEXAS,204,GUERRA,26.780834,-99.1225297,2010,2930,14
840,83,TEXAS,214,FANNIN,28.781686,-97.2202749,2010,2890,5
840,83,TEXAS,273,BLUE RIDGE,33.3677874,-96.0651288,2010,2890,1
840,83,TEXAS,301,PROGRESO,26.1561647,-97.9422829,2010,2890,3
840,83,TEXAS,303,SEJITA,27.2961057,-98.5051649,2010,2890,69
840,83,TEXAS,305,CHINQUAPIN,28.7496887,-95.7686619,2010,2890,28
840,83,TEXAS,305,CHINQUAPIN,28.7496887,-95.7686619,2010,2890,25
840,83,TEXAS,305,CHINQUAPIN,28.7496887,-95.7686619,2010,2890,28
840,83,TEXAS,306,OYSTER LAKE,28.6112037,-96.2152819,2010,2890,29
840,83,TEXAS,306,OYSTER LAKE,28.6112037,-96.2152819,2010,2890,30
840,83,TEXAS,306,OYSTER LAKE,28.6112037,-96.2152819,2010,2890,19
840,83,TEXAS,307,BAYSIDE,27.9864697,-97.2305209,2010,2890,1
840,83,TEXAS,307,BAYSIDE,27.9864697,-97.2305209,2010,2890,4
840,83,TEXAS,307,BAYSIDE,27.9864697,-97.2305209,2010,2890,1
840,83,TEXAS,308,THREE RIVERS,28.5116467,-98.1198269,2010,2890,29
840,83,TEXAS,309,MILLETT,28.5902637,-99.2911529,2010,2890,34
840,83,TEXAS,309,MILLETT,28.5902637,-99.2911529,2010,2930,1
840,83,TEXAS,310,PEDRO CREEK,28.4334876,-100.30929,2010,2890,7
840,83,TEXAS,311,PORT ACRES,29.9141577,-94.0432501,2010,2890,1
840,83,TEXAS,312,MOON LAKE,53.48311,-114.78773,2010,2890,11
840,83,TEXAS,313,MOUNT ZION,29.7269807,-96.0804439,2010,2890,39
840,83,TEXAS,314,YOAKUM,29.2133329,-97.1483412,2010,2890,2
840,83,TEXAS,315,BRITE,29.0939087,-98.6416779,2010,2890,25
840,83,TEXAS,317,MONTELL,29.5379301,-100.0117796,2010,2890,16
840,83,TEXAS,319,CASTOLON,29.1679858,-103.6103013,2010,2930,6
840,83,TEXAS,320,PRESIDIO,29.5704974,-104.3750526,2010,2930,3
840,83,TEXAS,320,PRESIDIO,29.5704974,-104.3750526,2010,2950,12
840,83,TEXAS,324,CREEDMORE,30.0926544,-97.7817189,2010,2890,4
840,83,TEXAS,326,ALLEN CREEK,30.3038597,-99.7103499,2010,2890,6
840,83,TEXAS,329,FT. STOCKTON,30.5964387,-102.6068259,2010,2890,1
840,83,TEXAS,329,FT. STOCKTON,30.5964387,-102.6068259,2010,2930,10
840,83,TEXAS,330,COYANDA DRAW,30.6112157,-103.3672874,2010,2930,23
840,83,TEXAS,331,TOYAHVALE,30.8111277,-103.9442869,2010,2930,7
840,83,TEXAS,334,POWELL PARK,31.1248877,-94.0901569,2010,2890,1
840,83,TEXAS,337,BRUCEVILLE,31.3255877,-97.2409279,2010,2890,1
840,83,TEXAS,340,WALL,31.3901587,-100.2958909,2010,2890,4
840,83,TEXAS,341,STILES,31.5830183,-101.7186781,2010,2890,5
840,83,TEXAS,341,STILES,31.5830183,-101.7186781,2010,2930,22
840,83,TEXAS,343,MENTONE,34.5810567,-85.565583,2010,2930,19
840,83,TEXAS,344,SALT FLAT,31.7554957,-104.9764329,2010,2930,3
840,83,TEXAS,345,SIERRA BLANC,31.2076027,-105.3339159,2010,2930,11
840,83,TEXAS,345,SIERRA BLANC,31.2076027,-105.3339159,2010,2950,26
840,83,TEXAS,346,CANUTILLO,31.846782,-106.6131975,2010,2930,1
840,83,TEXAS,346,CANUTILLO,31.846782,-106.6131975,2010,2950,7
840,83,TEXAS,351,CLEBURNE,32.3141319,-97.4981958,2010,2890,5
840,83,TEXAS,352,WHIT MTN.,32.6265908,-98.3699292,2010,2890,2
840,83,TEXAS,354,SILVER,32.0702794,-100.6472268,2010,2890,15
840,83,TEXAS,354,SILVER,32.0702794,-100.6472268,2010,2930,1
840,83,TEXAS,355,TENMILE,32.5696495,-101.9072519,2010,2890,6
840,83,TEXAS,356,MIDLAND,32.0722749,-101.9269126,2010,2890,7
840,83,TEXAS,356,MIDLAND,32.0722749,-101.9269126,2010,2930,21
840,83,TEXAS,360,DECATUR,40.8100197,-84.9562309,2010,2890,1
840,83,TEXAS,361,MEGARGEL,33.3828607,-98.7516259,2010,2890,18
840,83,TEXAS,362,BEAVER CREEK,55.6333333,-132.75,2010,2890,19
840,83,TEXAS,363,GIRARD,33.3563297,-100.6989509,2010,2890,19
840,83,TEXAS,364,DOUGHERTY,33.9192767,-101.0640709,2010,2890,15
840,83,TEXAS,365,PLAINS,33.3441307,-102.9569019,2010,2890,17
840,83,TEXAS,367,WILLIAMS,35.0556327,-112.2188339,2010,2890,43
840,83,TEXAS,368,LAKEVIEW,34.3086241,-85.9323092,2010,2890,68
840,83,TEXAS,368,LAKEVIEW,34.3086241,-85.9323092,2010,2930,1
840,83,TEXAS,371,PANHANDLE,35.3720817,-100.9735949,2010,2890,8
840,83,TEXAS,372,SKELLYTOWN,35.7361327,-101.1865919,2010,2890,39
840,83,TEXAS,374,TWICHELL,36.4347007,-100.7308439,2010,2890,3
840,83,TEXAS,375,GRUVER,36.2689387,-101.3528969,2010,2890,1
840,83,TEXAS,378,SAN PEDRO,26.9305414,-97.65234,2010,2890,94
840,83,TEXAS,390,MARATHON,48.76324,-86.52915,2010,2930,10
840,83,TEXAS,391,MARFA,30.0746005,-104.4532389,2010,2930,8
840,83,TEXAS,391,MARFA,30.0746005,-104.4532389,2010,2960,1
840,83,TEXAS,402,Loyola Beach 2,27.3477527,-97.695112,2010,2890,20
840,83,TEXAS,410,CAVASARA CR.,27.0420753,-99.4368652,2010,2890,68
840,83,TEXAS,410,CAVASARA CR.,27.0420753,-99.4368652,2010,2930,20
840,83,TEXAS,418,PUMPVILLE,29.9439794,-101.7373875,2010,2890,11
840,83,TEXAS,418,PUMPVILLE,29.9439794,-101.7373875,2010,2930,13
840,83,TEXAS,432,QUITMAN CANYON 2,31.0025107,-105.55087,2010,2950,89
840,83,TEXAS,438,COMANCHE,31.6159727,-98.6520979,2010,2890,3
840,83,TEXAS,439,SHIELDS 2,31.5930797,-99.4248794,2010,2890,19
840,83,TEXAS,510,KERMIT 2,31.696603,-103.18383,2010,2930,32
840,83,TEXAS,900,CHISOS BASIN,29.2682987,-103.3030169,2010,2930,9
840,83,TEXAS,901,L. ATASCOSA NWR,26.2449087,-97.3490589,2010,2890,8
840,83,TEXAS,902,GOLIAD PRAIRIE,28.5204581,-97.0481342,2010,2890,64
840,83,TEXAS,903,McFaddin,28.5408937,-96.9822745,2010,2890,27
840,83,TEXAS,904,BIG SANDY BITH,30.681046,-94.700216,2010,2890,1
840,85,UTAH,2,PROMONTORY,41.2587657,-112.4954989,2010,2882,1
840,85,UTAH,10,OAK CITY,39.3549717,-112.2278059,2010,2940,6
840,85,UTAH,11,GOSHEN,38.4108577,-85.5587469,2010,2882,2
840,85,UTAH,15,BEAVER,36.8049077,-100.6138549,2010,2940,1
840,85,UTAH,105,FAIRFIELD,40.0721647,-112.0953299,2010,2940,2
840,85,UTAH,153,RANDOLPH,42.0548007,-78.9408579,2010,2882,1
840,85,UTAH,161,FAYETTE,31.7099007,-91.0571174,2010,2882,5
840,85,UTAH,169,SHIVWITZ,37.0690767,-113.7700499,2010,2882,1
840,85,UTAH,169,SHIVWITZ,37.0690767,-113.7700499,2010,2940,2
840,85,UTAH,169,SHIVWITZ,37.0690767,-113.7700499,2010,2950,47
840,85,UTAH,251,PEPLIN MOUNTAIN,41.6548957,-113.1803129,2010,2882,3
840,85,UTAH,301,GOOSE CREEK MTN.,41.8445587,-113.7944189,2010,2882,1
840,85,UTAH,307,HANNA,40.4606587,-110.8925939,2010,2940,1
840,85,UTAH,904,E. BEAR LAKE,41.8244667,-111.2935569,2010,2882,2
840,87,VERMONT,14,MIDDLESEX,44.3174883,-72.6267127,2010,2890,1
840,88,VIRGINIA,10,PORT ROYAL,38.1740529,-77.2184791,2010,2890,3
840,88,VIRGINIA,12,DAVID,38.6248921,-77.5897828,2010,2890,1
840,88,VIRGINIA,22,CARTERS BRDG,37.9095168,-78.5422838,2010,2890,1
840,88,VIRGINIA,23,SHIPMAN,37.7014449,-78.7872126,2010,2890,1
840,88,VIRGINIA,24,CONCORD,39.799577,-90.4109104,2010,2890,5
840,88,VIRGINIA,25,MANNBORO,37.2478937,-77.8286969,2010,2890,9
840,88,VIRGINIA,28,CHURCH ROAD,37.2171627,-77.6223439,2010,2890,5
840,88,VIRGINIA,30,SHARPS,37.8800004,-76.6789481,2010,2890,9
840,88,VIRGINIA,31,SURRY,37.0842847,-76.9863819,2010,2890,3
840,88,VIRGINIA,32,QUINBY,37.5482647,-75.7320849,2010,2890,2
840,88,VIRGINIA,40,RINGGOLD,41.7218051,-100.7705095,2010,2890,9
840,88,VIRGINIA,41,WYLLIESBURG,36.8559727,-78.5908119,2010,2890,7
840,88,VIRGINIA,42,BRODNAX,36.6079187,-78.0088473,2010,2890,13
840,88,VIRGINIA,43,NEWSOMS,36.6057147,-77.1454409,2010,2890,10
840,88,VIRGINIA,44,BRANCHVILLE,36.5960851,-77.2865338,2010,2890,23
840,88,VIRGINIA,46,CORNLAND,36.6161927,-76.2779479,2010,2890,21
840,88,VIRGINIA,49,MORAN,37.2315367,-78.2602839,2010,2890,15
840,88,VIRGINIA,50,FINCHLEY,36.6143533,-78.4553951,2010,2890,6
840,88,VIRGINIA,51,GLADYS,37.0463681,-79.076783,2010,2890,10
840,88,VIRGINIA,127,NEWVILLE,37.1015582,-77.1604648,2010,2890,17
840,88,VIRGINIA,910,GLOUCESTER,37.4990712,-76.4739316,2010,2890,1
840,88,VIRGINIA,914,TRUHART,37.7338847,-76.7997409,2010,2890,14
840,88,VIRGINIA,915,BRANDON,46.32684,-73.42698,2010,2890,2
840,88,VIRGINIA,916,CHINCOTEAG W,37.9864539,-75.4288763,2010,2890,5
840,89,WASHINGTON,1,OZETTE,48.2533397,-124.2718359,2010,2971,14
840,89,WASHINGTON,2,PORT ANGELES,48.1127527,-123.3860549,2010,2940,19
840,89,WASHINGTON,4,NEWHALEM,48.7004247,-121.2122809,2010,2971,4
840,89,WASHINGTON,5,TWISP,48.3550687,-120.2118449,2010,2940,12
840,89,WASHINGTON,6,BREWSTER,48.0936267,-119.8061899,2010,2940,5
840,89,WASHINGTON,8,CHEWELAH,48.2905657,-117.7774499,2010,2940,13
840,89,WASHINGTON,10,KAMILCHE,47.1305417,-123.0994489,2010,2920,3
840,89,WASHINGTON,14,MOSES LAKE,47.0871717,-119.2576519,2010,2940,81
840,89,WASHINGTON,16,REARDAN,47.7305767,-117.9280779,2010,2940,18
840,89,WASHINGTON,19,RIMROCK,46.6387037,-121.3902819,2010,2971,1
840,89,WASHINGTON,22,CONNELL,46.4294877,-118.8255839,2010,2940,4
840,89,WASHINGTON,23,ASOTIN,46.3417127,-117.0559849,2010,2881,2
840,89,WASHINGTON,23,ASOTIN,46.3417127,-117.0559849,2010,2882,2
840,89,WASHINGTON,30,TONASKET,48.7230457,-119.2720569,2010,2940,66
840,89,WASHINGTON,32,CUSICK,48.3856347,-117.2723999,2010,2940,1
840,89,WASHINGTON,35,RONALD,47.2274587,-121.0136489,2010,2940,1
840,89,WASHINGTON,36,LEAVENWORTH,47.5534987,-120.6802069,2010,2940,5
840,89,WASHINGTON,37,QUINCY,47.3151767,-119.8794779,2010,2882,2
840,89,WASHINGTON,37,QUINCY,47.3151767,-119.8794779,2010,2940,13
840,89,WASHINGTON,39,EWAN,47.0760577,-117.7335889,2010,2940,5
840,89,WASHINGTON,48,WHITE CHUCK,48.1711937,-121.4705739,2010,2971,1
840,89,WASHINGTON,50,NIGHTHAWK,48.7556407,-119.6633299,2010,2882,3
840,89,WASHINGTON,50,NIGHTHAWK,48.7556407,-119.6633299,2010,2940,22
840,89,WASHINGTON,53,HURRICANE RG,47.9693587,-123.4988999,2010,2971,7
840,89,WASHINGTON,55,BLEWETT PASS,47.2433867,-120.6971899,2010,2940,2
840,89,WASHINGTON,57,KEYSTONE,30.0641124,-91.8208203,2010,2881,1
840,89,WASHINGTON,57,KEYSTONE,30.0641124,-91.8208203,2010,2940,4
840,89,WASHINGTON,58,MALDEN,47.1741037,-117.3798749,2010,2940,19
840,89,WASHINGTON,61,MT RAINIER,46.7412427,-121.9182969,2010,2971,4
840,89,WASHINGTON,63,POTHOLES,46.9700517,-119.3451239,2010,2940,10
840,89,WASHINGTON,65,POMEROY,39.2701767,-81.8827139,2010,2940,18
840,89,WASHINGTON,66,BAY VIEW,48.5374977,-122.4719929,2010,2940,1
840,89,WASHINGTON,68,MAZAMA,48.5322757,-120.3033679,2010,2971,2
840,89,WASHINGTON,70,LAURIER,48.6756907,-118.1161269,2010,2940,3
840,89,WASHINGTON,72,MUKILTEO,47.9220717,-122.3002169,2010,2940,2
840,89,WASHINGTON,74,L. WENATCHEE,47.7443867,-120.6677929,2010,2971,1
840,89,WASHINGTON,75,MOSES COULEE,47.6640047,-119.6308899,2010,2882,7
840,89,WASHINGTON,75,MOSES COULEE,47.6640047,-119.6308899,2010,2940,10
840,89,WASHINGTON,76,ODESSA,44.26177,-76.7748,2010,2940,31
840,89,WASHINGTON,77,DEER PARK,47.8873847,-117.9899749,2010,2940,6
840,89,WASHINGTON,79,RAINIER,46.8066477,-122.4157869,2010,2940,1
840,89,WASHINGTON,80,MT. ADAMS,46.0844837,-121.8129269,2010,2971,2
840,89,WASHINGTON,81,YAKIMA,46.6647347,-120.4879609,2010,2882,3
840,89,WASHINGTON,81,YAKIMA,46.6647347,-120.4879609,2010,2940,14
840,89,WASHINGTON,84,CLOVERLAND,46.2738807,-117.2930749,2010,2881,2
840,89,WASHINGTON,84,CLOVERLAND,46.2738807,-117.2930749,2010,2970,3
840,89,WASHINGTON,111,CARNATION,47.7443857,-121.9848029,2010,2940,2
840,89,WASHINGTON,145,COLUMBIA NWR,46.9125327,-119.3681329,2010,2940,70
840,89,WASHINGTON,164,SULPHUR,46.8232937,-118.6507939,2010,2940,2
840,89,WASHINGTON,182,Scootney Reservoir,46.7665517,-119.04624,2010,2940,67
840,89,WASHINGTON,242,MENDOTA 3,46.726114,-122.86911,2010,2940,3
840,89,WASHINGTON,903,NO CASCADES,48.7003347,-121.2051539,2010,2971,1
840,89,WASHINGTON,906,TURNBULL NWR,47.4050627,-117.5205149,2010,2940,3
840,89,WASHINGTON,908,L PEND O NWR,48.4552107,-117.5551299,2010,2940,1
840,89,WASHINGTON,910,MCCHORD,47.1863247,-122.5188139,2010,2940,1
840,89,WASHINGTON,950,RICHLAND,37.937149,-92.441823,2010,2940,4
840,89,WASHINGTON,951,HORN RAPIDS,46.3915681,-119.4109939,2010,2940,33
840,91,WISCONSIN,52,ROLLING GRND,43.3269947,-90.7422119,2010,2890,1
840,91,WISCONSIN,57,PRINCETON,33.9394687,-92.5894309,2010,2890,2
840,91,WISCONSIN,64,N ANDOVER,42.8165957,-90.9601049,2010,2890,1
840,91,WISCONSIN,310,MERIDEAN,44.7379837,-91.7922969,2010,2890,2
840,92,WYOMING,11,NOWOOD,43.5968807,-107.4300839,2010,2882,2
840,92,WYOMING,38,MEETEETSE,44.09196,-108.700013,2010,2882,3
840,92,WYOMING,58,GEBO,43.7997187,-108.2157059,2010,2882,3
840,92,WYOMING,77,FIDDLER LK,42.7370707,-108.8392939,2010,2970,2
840,92,WYOMING,123,FLAMIN GORGE,41.3426037,-109.5838619,2010,2882,2
