uid,namedLocation,domainID,siteID,plotID,setDate,collectDate,identifiedDate,individualID,taxonID,kingdom,phylum,class,order,family,subfamily,tribe,genus,subgenus,specificEpithet,infraspecificEpithet,scientificName,scientificNameAuthorship,taxonRank,identificationQualifier,sex,morphospeciesID,identificationReferences,identifiedBy,laboratoryName,identificationRemarks,sampleCondition,dnaBarcoded,geneticSampleID,remarks
"6b9dd703-3841-4720-beb1-ef9bfe8bad23","DSNY_005.basePlot.bet","D03","DSNY","DSNY_005","2015-07-21","2015-08-04","2016-09-08","NEON.BET.D03.000760","PASSTR","Animalia","Arthropoda","Insecta","Coleoptera","Carabidae","Scaritinae","Pasimachini","Pasimachus","Pasimachus","strenuus",,"Pasimachus strenuus","LeConte","species",,"U",,"Banninger, M. 1950. The subtribe Pasimachina (Coleoptera, Carabidae, Scaritini). Revista de Entomologica 21:481-511.","Robert L. Davidson","Carnegie Museum of Invertebrate Zoology",,"No known compromise","N",,
"3ffa6835-8a1a-4db3-833f-65fafe5d9042","DSNY_016.basePlot.bet","D03","DSNY","DSNY_016","2015-07-21","2015-08-04","2016-10-04","NEON.BET.D03.000748","TETINT","Animalia","Arthropoda","Insecta","Coleoptera","Carabidae","Harpalinae","Cyclosomini","Tetragonoderus","Crossonychus","intersectus",,"Tetragonoderus intersectus","Germar","species",,"F",,"Lindroth, C. H. 1969. The ground-beetles (Carabidae, excl. Cicindelinae) of Canada and Alaska, parts 1-6. Opuscula E. Entomoligiska Sallskapet.","Robert L. Davidson","Carnegie Museum of Invertebrate Zoology",,"No known compromise","N",,
"3ede8ac3-4dbd-433d-a211-d3f2d6d3a6fa","DSNY_005.basePlot.bet","D03","DSNY","DSNY_005","2015-07-21","2015-08-04","2016-09-30","NEON.BET.D03.000545","LOXCRE","Animalia","Arthropoda","Insecta","Coleoptera","Carabidae","Harpalinae","Abacetini","Loxandrus",,"crenatus",,"Loxandrus crenatus","LeConte","species",,"F",,"Allen, R. T. 1972. A revision of the genus Loxandrus Leconte (Coleoptera: Carabidae) in North America. Entomologica Americana 46:1-184.","Robert L. Davidson","Carnegie Museum of Invertebrate Zoology",,"No known compromise","N",,
"76fa792d-2462-4f59-96eb-684de3ef9311","DSNY_005.basePlot.bet","D03","DSNY","DSNY_005","2015-07-21","2015-08-04","2016-09-13","NEON.BET.D03.000544","PASSUB1","Animalia","Arthropoda","Insecta","Coleoptera","Carabidae","Scaritinae","Pasimachini","Pasimachus","Pasimachus","sublaevis",,"Pasimachus sublaevis","Palisot de Beauvois","species",,"U",,"Banninger, M. 1950. The subtribe Pasimachina (Coleoptera, Carabidae, Scaritini). Revista de Entomologica 21:481-511.","Robert L. Davidson","Carnegie Museum of Invertebrate Zoology",,"No known compromise","N",,
"e9b18881-8379-4915-8595-e2713e3fcb67","DSNY_021.basePlot.bet","D03","DSNY","DSNY_021","2015-07-21","2015-08-04","2016-10-19","NEON.BET.D03.000546","ELAGRA","Animalia","Arthropoda","Insecta","Coleoptera","Carabidae","Trechinae","Bembidiini","Elaphropus","Barytachys","granarius",,"Elaphropus granarius","Dejean","species","cf. species","M",,,"Robert L. Davidson","Carnegie Museum of Invertebrate Zoology","Probably granarius, but a revision is needed as some specimens have smooth pronotal basal grooves, some have row of tiny punctures; this may be interspecific variation, or the 2-3 names available in this group may be good species.","No known compromise","N",,
"716b5089-abfe-43d5-9ef9-6505d78a59c5","DSNY_021.basePlot.bet","D03","DSNY","DSNY_021","2015-07-21","2015-08-04","2016-10-19","NEON.BET.D03.000547","ELAGRA","Animalia","Arthropoda","Insecta","Coleoptera","Carabidae","Trechinae","Bembidiini","Elaphropus","Barytachys","granarius",,"Elaphropus granarius","Dejean","species","cf. species","F",,,"Robert L. Davidson","Carnegie Museum of Invertebrate Zoology","Probably granarius, but a revision is needed as some specimens have smooth pronotal basal grooves, some have row of tiny punctures; this may be interspecific variation, or the 2-3 names available in this group may be good species.","No known compromise","N",,
"d6831bd9-3e6d-4354-baac-0ca9121b46e4","DSNY_021.basePlot.bet","D03","DSNY","DSNY_021","2015-07-21","2015-08-04","2016-10-19","NEON.BET.D03.000550","ELAGRA","Animalia","Arthropoda","Insecta","Coleoptera","Carabidae","Trechinae","Bembidiini","Elaphropus","Barytachys","granarius",,"Elaphropus granarius","Dejean","species","cf. species","M",,,"Robert L. Davidson","Carnegie Museum of Invertebrate Zoology","Probably granarius, but a revision is needed as some specimens have smooth pronotal basal grooves, some have row of tiny punctures; this may be interspecific variation, or the 2-3 names available in this group may be good species.","No known compromise","N",,
"6a77188e-67f4-4d1a-a700-a7ab037bb141","DSNY_001.basePlot.bet","D03","DSNY","DSNY_001","2015-07-21","2015-08-04","2016-10-06","NEON.BET.D03.000541","PARSUL","Animalia","Arthropoda","Insecta","Coleoptera","Carabidae","Scaritinae","Clivinini","Paraclivina",,"sulcipennis",,"Paraclivina sulcipennis","Putzeys","species","cf. species","U",,"Putzeys, J. A. A. H. 1867. RÃ©vision gÃ©nÃ©rale des clivinides.  Annales de la SociÃ©tÃ© Entomologique de Belgique 10:1-242.","Robert L. Davidson","Carnegie Museum of Invertebrate Zoology","No revision or types checked since LeConte and Putzeys; names in keys and collections repeat misidentifications and are not reliable. I have ''cf''ed names as in Putzeys keys and as interpreted in some collections.","No known compromise","N",,
"5f052e68-1886-42f4-acc2-6a74f48f7dfa","DSNY_001.basePlot.bet","D03","DSNY","DSNY_001","2015-07-21","2015-08-04","2016-10-06","NEON.BET.D03.000542","SCAOCA","Animalia","Arthropoda","Insecta","Coleoptera","Carabidae","Scaritinae","Scaritini","Scarites","Scarites","ocalensis",,"Scarites ocalensis","Nichols","species",,"U",,"Nichols, S. W. 1986. Two new flightless species of Scarites s. str. inhabiting Florida and the West Indies (Coleoptera: Carabidae: Scaritini). Proceedings of the Entomological Society of Washington 88:257-264.","Robert L. Davidson","Carnegie Museum of Invertebrate Zoology",,"No known compromise","N",,
"45111fd3-de9f-4f47-ab4d-64533bafbb21","DSNY_001.basePlot.bet","D03","DSNY","DSNY_001","2015-07-21","2015-08-04","2016-09-13","NEON.BET.D03.000543","PASSUB1","Animalia","Arthropoda","Insecta","Coleoptera","Carabidae","Scaritinae","Pasimachini","Pasimachus","Pasimachus","sublaevis",,"Pasimachus sublaevis","Palisot de Beauvois","species",,"U",,"Banninger, M. 1950. The subtribe Pasimachina (Coleoptera, Carabidae, Scaritini). Revista de Entomologica 21:481-511.","Robert L. Davidson","Carnegie Museum of Invertebrate Zoology",,"No known compromise","N",,
"dd5ad85c-1c61-456f-be62-0e508b2e5f9b","DSNY_001.basePlot.bet","D03","DSNY","DSNY_001","2015-07-21","2015-08-04","2016-10-28","NEON.BET.D03.000523","SELSP","Animalia","Arthropoda","Insecta","Coleoptera","Carabidae","Harpalinae","Harpalini","Selenophorus","Celiamorphus","sp.",,"Selenophorus (Celiamorphus) sp.","Casey","subgenus",,"F",,,"Robert L. Davidson","Carnegie Museum of Invertebrate Zoology","Large, black, big-headed species. Subgenus a mess in southeast; at least 6 unresolved available names; dissection of males shows several species, but which name goes with which, and external separation difficult.","No known compromise","N",,
"4c4b5bfe-a02e-4b1b-baba-d3188f988581","DSNY_001.basePlot.bet","D03","DSNY","DSNY_001","2015-08-04","2015-08-18","2016-09-13","NEON.BET.D03.000549","PASSUB1","Animalia","Arthropoda","Insecta","Coleoptera","Carabidae","Scaritinae","Pasimachini","Pasimachus","Pasimachus","sublaevis",,"Pasimachus sublaevis","Palisot de Beauvois","species",,"M",,"Banninger, M. 1950. The subtribe Pasimachina (Coleoptera, Carabidae, Scaritini). Revista de Entomologica 21:481-511.","Robert L. Davidson","Carnegie Museum of Invertebrate Zoology",,"No known compromise","N",,
"6df1fad0-6db6-46f7-98a2-b0ff60b0e2ff","DSNY_001.basePlot.bet","D03","DSNY","DSNY_001","2015-08-04","2015-08-18","2016-09-13","NEON.BET.D03.000551","PASSUB1","Animalia","Arthropoda","Insecta","Coleoptera","Carabidae","Scaritinae","Pasimachini","Pasimachus","Pasimachus","sublaevis",,"Pasimachus sublaevis","Palisot de Beauvois","species",,"U",,"Banninger, M. 1950. The subtribe Pasimachina (Coleoptera, Carabidae, Scaritini). Revista de Entomologica 21:481-511.","Robert L. Davidson","Carnegie Museum of Invertebrate Zoology",,"No known compromise","N",,
"7e3fd220-418d-41bf-bca3-224af6536c1d","DSNY_001.basePlot.bet","D03","DSNY","DSNY_001","2015-08-04","2015-08-18","2016-09-13","NEON.BET.D03.000548","PASSUB1","Animalia","Arthropoda","Insecta","Coleoptera","Carabidae","Scaritinae","Pasimachini","Pasimachus","Pasimachus","sublaevis",,"Pasimachus sublaevis","Palisot de Beauvois","species",,"U",,"Banninger, M. 1950. The subtribe Pasimachina (Coleoptera, Carabidae, Scaritini). Revista de Entomologica 21:481-511.","Robert L. Davidson","Carnegie Museum of Invertebrate Zoology",,"No known compromise","N",,
"f2eb60ba-759a-4b0b-92a9-120a1448f7c6","DSNY_001.basePlot.bet","D03","DSNY","DSNY_001","2015-08-04","2015-08-18","2016-09-13","NEON.BET.D03.000553","PASSUB1","Animalia","Arthropoda","Insecta","Coleoptera","Carabidae","Scaritinae","Pasimachini","Pasimachus","Pasimachus","sublaevis",,"Pasimachus sublaevis","Palisot de Beauvois","species",,"U",,"Banninger, M. 1950. The subtribe Pasimachina (Coleoptera, Carabidae, Scaritini). Revista de Entomologica 21:481-511.","Robert L. Davidson","Carnegie Museum of Invertebrate Zoology",,"No known compromise","N",,
