uid,namedLocation,domainID,siteID,plotID,setDate,collectDate,processingDate,subsampleIDList,archiveVialID,scientificName,recordedBy,remarks
"e78bb0ce-20db-486e-b954-4a61e60ecb36","DSNY_001.basePlot.bet","D03","DSNY","DSNY_001","2015-07-21","2015-08-04","2015-08-18","bfz4aAWYKWUIAy1YakhzJ5O5RSgVV+ela+oEj+/79zZyXKkZ5vyfjmb4EL+kGMyC+TMtc6MHOqlXob6DdURCN9TM2p3eqMI0yT0wpad9DWsa2fsqwSPXe8PgyM/YrGEHhVNgAA+Qgw0=","bfz4aAWYKWU3VY9BjbW5PSEFcPEh3Xfp",,,
"446de77c-3533-40f6-9c57-c12f218b977d","DSNY_005.basePlot.bet","D03","DSNY","DSNY_005","2015-07-21","2015-08-04","2015-08-18","y7J40q9OwqLt4J0WMaXxseVGLbCWM5rTI1L53UD3vxHzgxXHU3Jger8xYdFxzv0ZLiJzQxsrXasMfOU/d3Wu3jDbleC7qQAIAYVCRkho9ofi/94xvHWmuH2mDKTV6jC98X+4NAcoVLc=","y7J40q9OwqKtT8XMp7RhbkMO5GqwVzxj",,,
"639e7b86-0039-4497-afcb-bac2fde98a6b","DSNY_016.basePlot.bet","D03","DSNY","DSNY_016","2015-07-21","2015-08-04","2015-09-03","d/dxr9yOJlOlhhlnaqBqMrwlnFRyIYe6akr+QfydfjOKJ3QCzNVX0kyRK5vvvu5Vrn4ebSfgZkNKxRVkOgsLsV5yafPz7XzLgCSZfgmnu9jTLfuFgG2XrhRmovZZCY3Maj1p/sYUtFU=","d/dxr9yOJlO4mapxtcCi3T5WCIZrb07L",,,
"f0b2af0d-469c-4311-b0a3-709a526f8b0c","DSNY_021.basePlot.bet","D03","DSNY","DSNY_021","2015-07-21","2015-08-04","2015-08-17","Erg6c3/ITQtSMS47bN+y7k5tti/uxLJ9g85uoJ4QFC+SB7xK04t9HD6/l27TnGC2rusxswRAzcC5yaEZAiBzWy8EEG/TJS/4FyQKfvi2Gow=","Erg6c3/ITQsr3zcIFQG46z+bm2px/+fg",,,
"b38cc881-a1ef-4cfa-9c8d-35458b0454b3","DSNY_001.basePlot.bet","D03","DSNY","DSNY_001","2015-08-04","2015-08-18","2015-09-03","bfz4aAWYKWUWWTGGZ2KH+PKFjr1aWoRX907TnqdmE7mIbyXGXlT4kMXSEjiIfgrjXDyGySskt1lqhUMg6aq1mjOM/QN7iasw9c/crx/1KKfMmG67ULyqhlQQZPPRP0PkLYzGcpNfcDM=","bfz4aAWYKWWi29rH4KdX0BR8alLfGFTF",,,
"2731ad94-7104-4750-b9ff-e9be451d3675","DSNY_021.basePlot.bet","D03","DSNY","DSNY_021","2015-08-04","2015-08-18","2015-08-25","Erg6c3/ITQv0SP/8jJBxGxdzV8CtA7sw+i4yXm9EP2GeZUAYVpJ+YPt29AMLLVazmtOc2A3kjmeQJksG7KKGNHxKXkZNRNdAkx/tCmd9VPW/2NsdQlkm3XbHCs8gd4g1Hqhelowzi6o=","Erg6c3/ITQtyQGyMhebT5F9iqvwujK0S",,,
