uid,namedLocation,domainID,siteID,plotID,trapID,setDate,collectDate,processingDate,etOHChangeDate,identifiedDate,sampleID,subsampleID,sampleType,taxonID,scientificName,taxonRank,identificationQualifier,scientificNameAuthorship,morphospeciesID,individualCount,identificationReferences,identifiedBy,recordedBy,remarks
"42bede9a-5d97-4c92-b317-8b60b3dd9a4a","HEAL_002.basePlot.bet","D19","HEAL","HEAL_002","W","2015-08-26","2015-09-09","2015-09-14","2015-09-14",,"HEAL_002.W.20150909","QW2dmvDFDQOdJh1w0d4putyPBhBBNhsNQ69dy/KwOnM=","invert bycatch",,,,,,,,,,"0kg2xK8PWU2l78XWM05p+q0MLq105+pe",
"7d6d193e-e83b-4eca-a951-b590cd2fb4fd","HEAL_002.basePlot.bet","D19","HEAL","HEAL_002","W","2015-08-26","2015-09-09","2015-09-14","2015-09-14","2016-07-24","HEAL_002.W.20150909","QW2dmvDFDQOdJh1w0d4pun8sg6G0J3VncaYKpSXh0cQ=","carabid","PTESP22","Pterostichus (Criobius) sp.","subgenus",,"Chaudoir",,1,"Other","9hOSS3gpVvHUvdbHcI4XlVp94UoAF+Qh","0kg2xK8PWU2l78XWM05p+q0MLq105+pe",
"b9de146e-fc61-4d72-b1c0-18ad349e58d0","HEAL_002.basePlot.bet","D19","HEAL","HEAL_002","S","2015-08-26","2015-09-09","2015-09-14","2015-09-14","2016-07-24","HEAL_002.S.20150909","QW2dmvDFDQNCICmGs3gduW+dC5xZiGRGdxPGMTFXpCI=","carabid","PTESP22","Pterostichus (Criobius) sp.","subgenus",,"Chaudoir",,1,"Other","9hOSS3gpVvHUvdbHcI4XlVp94UoAF+Qh","0kg2xK8PWU2l78XWM05p+q0MLq105+pe",
"f8c19701-7edf-4dbe-8d2b-0e503e138546","HEAL_002.basePlot.bet","D19","HEAL","HEAL_002","S","2015-08-26","2015-09-09","2015-09-14","2015-09-14",,"HEAL_002.S.20150909","QW2dmvDFDQNCICmGs3gduYwWJZT/Ks3vBfAPKAeixDo=","invert bycatch",,,,,,,,,,"0kg2xK8PWU2l78XWM05p+q0MLq105+pe",
"c4fe1cc6-141e-407a-a5c6-e89ffc24d4ce","HEAL_002.basePlot.bet","D19","HEAL","HEAL_002","N","2015-08-26","2015-09-09","2015-09-14","2015-09-14",,"HEAL_002.N.20150909","QW2dmvDFDQPpASNLUdriG1Y72QIRn1tWtgcq2CxdMaw=","invert bycatch",,,,,,,,,,"0kg2xK8PWU2l78XWM05p+q0MLq105+pe",
"74b2ccc6-1f7c-42ed-9216-97de964bc5fb","HEAL_002.basePlot.bet","D19","HEAL","HEAL_002","E","2015-08-26","2015-09-09","2015-09-14","2015-09-14",,"HEAL_002.E.20150909","QW2dmvDFDQOyijjbMYxW5wNhCwJgCmbmTy6izsOvBvg=","invert bycatch",,,,,,,,,,"0kg2xK8PWU2l78XWM05p+q0MLq105+pe",
"6e5296ea-ec64-4a5e-81ca-5ffe17280357","HEAL_002.basePlot.bet","D19","HEAL","HEAL_002","S","2015-08-26","2015-09-09","2015-09-14","2015-09-14","2016-07-24","HEAL_002.S.20150909","QW2dmvDFDQNCICmGs3gduaPdCgSzHfB4GyIfoUvksv0=","carabid","AGOQUI","Agonum quinquepunctatum","species",,"Motschulsky",,1,"Other","9hOSS3gpVvHUvdbHcI4XlVp94UoAF+Qh","0kg2xK8PWU2l78XWM05p+q0MLq105+pe",
"fa3f53ee-ce53-4d47-a72c-0a2243ce04b8","HEAL_014.basePlot.bet","D19","HEAL","HEAL_014","W","2015-08-26","2015-09-10","2015-09-14","2015-09-14",,"HEAL_014.W.20150910","Xri+5raSJVtRDdOQed7B9nYg2Gh7TxUKAU7q60/Wc9Y=","invert bycatch",,,,,,,,,,"0kg2xK8PWU2l78XWM05p+q0MLq105+pe",
"74b3ab8e-5fa1-441e-8a68-86c0d1f80589","HEAL_011.basePlot.bet","D19","HEAL","HEAL_011","W","2015-08-26","2015-09-10","2015-09-14","2015-09-14",,"HEAL_011.W.20150910","TD7prynvIXaeYQsWszBfEoz9zwk+eSHqC0u8tI643Uc=","invert bycatch",,,,,,,,,,"0kg2xK8PWU2l78XWM05p+q0MLq105+pe",
"80a0f072-e890-4674-a527-97d9cab3a9f7","HEAL_014.basePlot.bet","D19","HEAL","HEAL_014","N","2015-08-26","2015-09-10","2015-09-14","2015-09-14",,"HEAL_014.N.20150910","Xri+5raSJVspwGnade4AwxZRo2A2czht1n+sZsGUiE8=","invert bycatch",,,,,,,,,,"0kg2xK8PWU2l78XWM05p+q0MLq105+pe",
"651c1e67-76df-4131-96f6-e01be295ccd2","HEAL_014.basePlot.bet","D19","HEAL","HEAL_014","S","2015-08-26","2015-09-10","2015-09-14","2015-09-14",,"HEAL_014.S.20150910","Xri+5raSJVuLI25u8Vk2wFJsYNQn36+MeIYZwOa9NQg=","invert bycatch",,,,,,,,,,"0kg2xK8PWU2l78XWM05p+q0MLq105+pe",
"9a4ceeb9-2e10-4540-9d8b-8d2096a49db9","HEAL_011.basePlot.bet","D19","HEAL","HEAL_011","S","2015-08-26","2015-09-10","2015-09-14","2015-09-14","2016-07-24","HEAL_011.S.20150910","TD7prynvIXYNYQ1dw4rn4rC9Dy1GbBFldL3zsDFT/s0=","carabid","AGOQUI","Agonum quinquepunctatum","species",,"Motschulsky",,1,"Other","9hOSS3gpVvHUvdbHcI4XlVp94UoAF+Qh","0kg2xK8PWU2l78XWM05p+q0MLq105+pe",
"5469750a-657a-421f-a89b-8764259f3a36","HEAL_011.basePlot.bet","D19","HEAL","HEAL_011","N","2015-08-26","2015-09-10","2015-09-14","2015-09-14",,"HEAL_011.N.20150910","TD7prynvIXZecatlzZ2iD7dcMx1KzFVGczW237P4W+M=","invert bycatch",,,,,,,,,,"0kg2xK8PWU2l78XWM05p+q0MLq105+pe",
"3a959d85-7b31-4029-8035-63e91ecd332a","HEAL_011.basePlot.bet","D19","HEAL","HEAL_011","S","2015-08-26","2015-09-10","2015-09-14","2015-09-14",,"HEAL_011.S.20150910","TD7prynvIXYNYQ1dw4rn4pE5+/1auhPlz0sf4bl5T7w=","invert bycatch",,,,,,,,,,"0kg2xK8PWU2l78XWM05p+q0MLq105+pe",
"3d4de788-f2cf-4fe1-be2b-1b21c675fa2b","HEAL_011.basePlot.bet","D19","HEAL","HEAL_011","E","2015-08-26","2015-09-10","2015-09-14","2015-09-14",,"HEAL_011.E.20150910","TD7prynvIXaqxnY1RMNdM8wQDGPplG4tOuGCnvxzyhc=","invert bycatch",,,,,,,,,,"0kg2xK8PWU2l78XWM05p+q0MLq105+pe",
"df187680-d4ff-4c8a-bc66-e151331c4ea7","HEAL_014.basePlot.bet","D19","HEAL","HEAL_014","E","2015-08-26","2015-09-10","2015-09-14","2015-09-14",,"HEAL_014.E.20150910","Xri+5raSJVuh7po+Cy8JzwEbGBnLWtncY/gYzcJ1jpA=","invert bycatch",,,,,,,,,,"0kg2xK8PWU2l78XWM05p+q0MLq105+pe",
"b88b9823-7700-490b-a7ad-c91769691c4c","HEAL_010.basePlot.bet","D19","HEAL","HEAL_010","E","2015-08-27","2015-09-10","2015-09-14","2015-09-14",,"HEAL_010.E.20150910","Dkg/xkB0Z2pXA+ZZ6TUNr5FqtS07wJyTJNT8bbWVQlM=","invert bycatch",,,,,,,,,,"0kg2xK8PWU2l78XWM05p+q0MLq105+pe",
"6371aa79-cb27-465c-b83f-c67b6cb070dc","HEAL_016.basePlot.bet","D19","HEAL","HEAL_016","E","2015-08-27","2015-09-10","2015-09-14","2015-09-14",,"HEAL_016.E.20150910","D2/8d5OmvDHhwObv86qu2UE+hqcQ3Pn9SWIujTunT5g=","invert bycatch",,,,,,,,,,"0kg2xK8PWU2l78XWM05p+q0MLq105+pe",
"64cabd24-38b9-41f1-998e-04d5a74da678","HEAL_010.basePlot.bet","D19","HEAL","HEAL_010","N","2015-08-27","2015-09-10","2015-09-14","2015-09-14",,"HEAL_010.N.20150910","Dkg/xkB0Z2rRCUmIiutJI8gv2DC73pFcC52tMLJN89o=","invert bycatch",,,,,,,,,,"0kg2xK8PWU2l78XWM05p+q0MLq105+pe",
"50fd8d26-7833-49c1-8660-4db85df087b8","HEAL_016.basePlot.bet","D19","HEAL","HEAL_016","N","2015-08-27","2015-09-10","2015-09-14","2015-09-14",,"HEAL_016.N.20150910","D2/8d5OmvDElRZie+WQmo9tbTC8fLghb7vdbOkwxV2g=","invert bycatch",,,,,,,,,,"0kg2xK8PWU2l78XWM05p+q0MLq105+pe",
"bdc50254-fad3-46e7-93b6-5b97430bf59b","HEAL_010.basePlot.bet","D19","HEAL","HEAL_010","S","2015-08-27","2015-09-10","2015-09-14","2015-09-14",,"HEAL_010.S.20150910","Dkg/xkB0Z2p3jaICvg6AhUm/Iu06cUkk0RFFVRcSZ9c=","invert bycatch",,,,,,,,,,"0kg2xK8PWU2l78XWM05p+q0MLq105+pe",
"14a8469c-3051-4674-ad92-f36d20d04f8a","HEAL_016.basePlot.bet","D19","HEAL","HEAL_016","S","2015-08-27","2015-09-10","2015-09-14","2015-09-14",,"HEAL_016.S.20150910","D2/8d5OmvDHVU3RE0cD6Z9LYAsEAotX0tD0feGKVji0=","invert bycatch",,,,,,,,,,"0kg2xK8PWU2l78XWM05p+q0MLq105+pe",
"b8337673-e118-4a23-9f34-1c6bb9453257","HEAL_010.basePlot.bet","D19","HEAL","HEAL_010","W","2015-08-27","2015-09-10","2015-09-14","2015-09-14",,"HEAL_010.W.20150910","Dkg/xkB0Z2rcjawJNzr5K9XM7SsaNL/l2iXese/7RtI=","invert bycatch",,,,,,,,,,"0kg2xK8PWU2l78XWM05p+q0MLq105+pe",
"5c929234-f564-4ec8-a61d-484e181ddad7","HEAL_016.basePlot.bet","D19","HEAL","HEAL_016","W","2015-08-27","2015-09-10","2015-09-14","2015-09-14",,"HEAL_016.W.20150910","D2/8d5OmvDEW9UjAhOW/XeFiXnEAxvJ/jkp8RhCGg7M=","invert bycatch",,,,,,,,,,"0kg2xK8PWU2l78XWM05p+q0MLq105+pe",
"7a423b9a-4da1-4b2c-b889-f8df2c556b78","HEAL_016.basePlot.bet","D19","HEAL","HEAL_016","S","2015-08-27","2015-09-10","2015-09-14","2015-09-14","2016-07-24","HEAL_016.S.20150910","D2/8d5OmvDHVU3RE0cD6ZzSrKbrOHonE5qrHGruXtLI=","carabid","PTESP22","Pterostichus (Criobius) sp.","subgenus",,"Chaudoir",,1,"Other","9hOSS3gpVvHUvdbHcI4XlVp94UoAF+Qh","0kg2xK8PWU2l78XWM05p+q0MLq105+pe",
"334b836b-4404-449d-8af2-f211ee9b3411","HEAL_025.basePlot.bet","D19","HEAL","HEAL_025","N","2015-08-27","2015-09-11","2015-09-14","2015-09-14",,"HEAL_025.N.20150911","6AON5yGDw0VH+83V/ohFAq2LQsa75vuizxbKvCmRmGM=","invert bycatch",,,,,,,,,,"0kg2xK8PWU2l78XWM05p+q0MLq105+pe",
"c4aa1fe3-6387-409a-adf3-420f2b485ed8","HEAL_004.basePlot.bet","D19","HEAL","HEAL_004","S","2015-08-27","2015-09-11","2015-09-14","2015-09-14",,"HEAL_004.S.20150911","PXaXP/WW46ppcw12KYGsruDRzDHwYPLgBLOrT+deNpE=","invert bycatch",,,,,,,,,,"0kg2xK8PWU2l78XWM05p+q0MLq105+pe",
"220bfe62-ae29-4a89-858f-fc248a5ca812","HEAL_004.basePlot.bet","D19","HEAL","HEAL_004","N","2015-08-27","2015-09-11","2015-09-14","2015-09-14",,"HEAL_004.N.20150911","PXaXP/WW46qHXCvdDDyi8abSxTGPCsloqHIMb7YCZSA=","invert bycatch",,,,,,,,,,"0kg2xK8PWU2l78XWM05p+q0MLq105+pe",
"a04d917b-b623-494e-b4c6-f7dfc04260a9","HEAL_004.basePlot.bet","D19","HEAL","HEAL_004","N","2015-08-27","2015-09-11","2015-09-14","2015-09-14","2016-07-24","HEAL_004.N.20150911","PXaXP/WW46qHXCvdDDyi8YRPh6b4jyl+zYC2Ot7rb4c=","carabid","AGOQUI","Agonum quinquepunctatum","species",,"Motschulsky",,1,"Other","9hOSS3gpVvHUvdbHcI4XlVp94UoAF+Qh","0kg2xK8PWU2l78XWM05p+q0MLq105+pe",
"3e5a142b-e4db-4fa6-b2c1-e38cc9d3b6c4","HEAL_025.basePlot.bet","D19","HEAL","HEAL_025","S","2015-08-27","2015-09-11","2015-09-14","2015-09-14",,"HEAL_025.S.20150911","6AON5yGDw0ULja60d7/u0L9hKb9odKQ6Vdux8Wq9u7g=","invert bycatch",,,,,,,,,,"0kg2xK8PWU2l78XWM05p+q0MLq105+pe",
"4a470ccd-2dee-4f9b-9bf8-b5f92fe3d40d","HEAL_004.basePlot.bet","D19","HEAL","HEAL_004","E","2015-08-27","2015-09-11","2015-09-14","2015-09-14",,"HEAL_004.E.20150911","PXaXP/WW46pFunc2WKhTirtqkpHSnu7XX0b05aTtRGc=","invert bycatch",,,,,,,,,,"0kg2xK8PWU2l78XWM05p+q0MLq105+pe",
"b55a03c3-4c1f-42cd-b967-10a55fd9f127","HEAL_025.basePlot.bet","D19","HEAL","HEAL_025","W","2015-08-27","2015-09-11","2015-09-14","2015-09-14",,"HEAL_025.W.20150911","6AON5yGDw0XC7U4TUyooASxt8pMe5KtMoOJf428cVZo=","invert bycatch",,,,,,,,,,"0kg2xK8PWU2l78XWM05p+q0MLq105+pe",
"7c738d5c-8cb5-43db-9ac4-f12cf04058e8","HEAL_004.basePlot.bet","D19","HEAL","HEAL_004","W","2015-08-27","2015-09-11","2015-09-14","2015-09-14",,"HEAL_004.W.20150911","PXaXP/WW46rOG4saXoPu6rCumpZ57Nme78fm2K04adc=","invert bycatch",,,,,,,,,,"0kg2xK8PWU2l78XWM05p+q0MLq105+pe",
"cc8e9060-4d28-4596-a66d-ce5623422c25","HEAL_025.basePlot.bet","D19","HEAL","HEAL_025","E","2015-08-27","2015-09-11","2015-09-14","2015-09-14",,"HEAL_025.E.20150911","6AON5yGDw0USFnUGp9gSFu7qAU+9PU6V8rEYtOyPIRE=","invert bycatch",,,,,,,,,,"0kg2xK8PWU2l78XWM05p+q0MLq105+pe",
"e8030978-ef53-4c37-9ab5-a0bafcab693e","HEAL_001.basePlot.bet","D19","HEAL","HEAL_001","N","2015-08-28","2015-09-09","2015-09-10","2015-09-14",,"HEAL_001.N.20150909","Cc4z6rgSF0JPgH/6JlsQnYMDOP0uq/W3LKEZW7JUdtM=","invert bycatch",,,,,,,,,,"0kg2xK8PWU2l78XWM05p+q0MLq105+pe",
"aab64695-b113-4211-9a69-bf3511876041","HEAL_005.basePlot.bet","D19","HEAL","HEAL_005","W","2015-08-28","2015-09-09","2015-09-10","2015-09-14",,"HEAL_005.W.20150909","fu0zcYHenSzCGvDB+158FgW55JK31wmS5B8554wEPrA=","invert bycatch",,,,,,,,,,"0kg2xK8PWU2l78XWM05p+q0MLq105+pe",
"ae85145e-7e7d-4e18-b41b-a73b249b8f7e","HEAL_005.basePlot.bet","D19","HEAL","HEAL_005","W","2015-08-28","2015-09-09","2015-09-10","2015-09-14","2016-07-24","HEAL_005.W.20150909","fu0zcYHenSzCGvDB+158Fl59Q3rfgZBymjfG01EZm1Y=","carabid","PTESP22","Pterostichus (Criobius) sp.","subgenus",,"Chaudoir",,1,"Other","9hOSS3gpVvHUvdbHcI4XlVp94UoAF+Qh","0kg2xK8PWU2l78XWM05p+q0MLq105+pe",
"21c1eba2-169e-4705-a3a2-e6ef9ec57ad6","HEAL_005.basePlot.bet","D19","HEAL","HEAL_005","S","2015-08-28","2015-09-09","2015-09-10","2015-09-14","2016-07-24","HEAL_005.S.20150909","fu0zcYHenSyCJN1Z7KvnKkn0NGdfwIoh3ajlf96BsSw=","carabid","PTESP22","Pterostichus (Criobius) sp.","subgenus",,"Chaudoir",,1,"Other","9hOSS3gpVvHUvdbHcI4XlVp94UoAF+Qh","0kg2xK8PWU2l78XWM05p+q0MLq105+pe",
"3b041b22-840b-4e00-8159-74bcf5109688","HEAL_005.basePlot.bet","D19","HEAL","HEAL_005","S","2015-08-28","2015-09-09","2015-09-10","2015-09-14","2016-07-24","HEAL_005.S.20150909","fu0zcYHenSyCJN1Z7KvnKh5RGQZPKmkTTh3ZOZwNHVo=","carabid","AGOQUI","Agonum quinquepunctatum","species",,"Motschulsky",,1,"Other","9hOSS3gpVvHUvdbHcI4XlVp94UoAF+Qh","0kg2xK8PWU2l78XWM05p+q0MLq105+pe",
"4b9ee935-2722-4d0f-9982-7b8e5dcbf2af","HEAL_001.basePlot.bet","D19","HEAL","HEAL_001","W","2015-08-28","2015-09-09","2015-09-10","2015-09-14",,"HEAL_001.W.20150909","Cc4z6rgSF0JXjxZCXHnCw7L1JOEcayB4bLzcjoeHT84=","invert bycatch",,,,,,,,,,"0kg2xK8PWU2l78XWM05p+q0MLq105+pe",
"5ef23160-3aed-4b2c-898a-a7e7109bcb8a","HEAL_015.basePlot.bet","D19","HEAL","HEAL_015","S","2015-08-28","2015-09-09","2015-09-10","2015-09-14",,"HEAL_015.S.20150909","9tqlBo9Lir9LG5JRqmVCTsQZL8+fv44eT76xwTPy96I=","invert bycatch",,,,,,,,,,"0kg2xK8PWU2l78XWM05p+q0MLq105+pe",
"ea1afc4e-6228-467d-8adc-bcc21a46eb81","HEAL_015.basePlot.bet","D19","HEAL","HEAL_015","N","2015-08-28","2015-09-09","2015-09-10","2015-09-14",,"HEAL_015.N.20150909","9tqlBo9Lir/Juan/V8KOmQV69Sp784at77gGwCgOdds=","invert bycatch",,,,,,,,,,"0kg2xK8PWU2l78XWM05p+q0MLq105+pe",
"49efde96-5c8e-4964-b74a-811cb9ed44f0","HEAL_005.basePlot.bet","D19","HEAL","HEAL_005","S","2015-08-28","2015-09-09","2015-09-10","2015-09-14",,"HEAL_005.S.20150909","fu0zcYHenSyCJN1Z7KvnKrDVV2hQTiRQFXTUZJeAEVU=","invert bycatch",,,,,,,,,,"0kg2xK8PWU2l78XWM05p+q0MLq105+pe",
"f39d881b-1441-417d-8b12-747fa640b0d1","HEAL_005.basePlot.bet","D19","HEAL","HEAL_005","N","2015-08-28","2015-09-09","2015-09-10","2015-09-14",,"HEAL_005.N.20150909","fu0zcYHenSxVb3wOXXtdYDRTWSN9pWndUNh1kLJoos4=","invert bycatch",,,,,,,,,,"0kg2xK8PWU2l78XWM05p+q0MLq105+pe",
"5adee5b0-afd8-48a1-a058-342492c9323d","HEAL_001.basePlot.bet","D19","HEAL","HEAL_001","S","2015-08-28","2015-09-09","2015-09-10","2015-09-14",,"HEAL_001.S.20150909","Cc4z6rgSF0IblPQdtzn3Hdr5GPjTBQKwiMlc99MIwmA=","invert bycatch",,,,,,,,,,"0kg2xK8PWU2l78XWM05p+q0MLq105+pe",
"93ea59c9-6716-443e-92de-a872b40e362e","HEAL_001.basePlot.bet","D19","HEAL","HEAL_001","N","2015-08-28","2015-09-09","2015-09-10","2015-09-14","2016-07-24","HEAL_001.N.20150909","Cc4z6rgSF0JPgH/6JlsQnT1F4WDsS/cblX/SWxADIdA=","carabid","PTESP22","Pterostichus (Criobius) sp.","subgenus",,"Chaudoir",,1,"Other","9hOSS3gpVvHUvdbHcI4XlVp94UoAF+Qh","0kg2xK8PWU2l78XWM05p+q0MLq105+pe",
"50d705a6-47ed-4b2e-b84d-59a00e3398f5","HEAL_005.basePlot.bet","D19","HEAL","HEAL_005","E","2015-08-28","2015-09-09","2015-09-10","2015-09-14",,"HEAL_005.E.20150909","fu0zcYHenSzr2l3UIwduH6JPUKWzswVGAPef3S4Q+y4=","invert bycatch",,,,,,,,,,"0kg2xK8PWU2l78XWM05p+q0MLq105+pe",
"ce378e08-d8cd-4f3c-8d83-f5b4a9c6db17","HEAL_015.basePlot.bet","D19","HEAL","HEAL_015","E","2015-08-28","2015-09-09","2015-09-10","2015-09-14",,"HEAL_015.E.20150909","9tqlBo9Lir80sfTXe5lclK22nIYARZgA45JPuz0hHGU=","invert bycatch",,,,,,,,,,"0kg2xK8PWU2l78XWM05p+q0MLq105+pe",
"22d5f871-d1a5-4ee2-99fc-8dda403300e3","HEAL_001.basePlot.bet","D19","HEAL","HEAL_001","E","2015-08-28","2015-09-09","2015-09-10","2015-09-14",,"HEAL_001.E.20150909","Cc4z6rgSF0Lf2sY8mctqlDREGgXj5F6rr1qwd/yx2kk=","invert bycatch",,,,,,,,,,"0kg2xK8PWU2l78XWM05p+q0MLq105+pe",
"49125aa7-cb94-4a0b-9863-b2b5290e0702","HEAL_015.basePlot.bet","D19","HEAL","HEAL_015","W","2015-08-28","2015-09-09","2015-09-10","2015-09-14",,"HEAL_015.W.20150909","9tqlBo9Lir+OOh8l4Z5Md6Ijvu9DCmlsbpChpqFpVoM=","invert bycatch",,,,,,,,,,"0kg2xK8PWU2l78XWM05p+q0MLq105+pe",
"7af73d3e-54b8-4a50-b304-aaa40c7e1573","HEAL_001.basePlot.bet","D19","HEAL","HEAL_001","W","2015-08-28","2015-09-09","2015-09-10","2015-09-14","2016-07-24","HEAL_001.W.20150909","Cc4z6rgSF0JXjxZCXHnCwzjk4NFNt2FDVUgFjY40S6Q=","carabid","PTESP22","Pterostichus (Criobius) sp.","subgenus",,"Chaudoir",,1,"Other","9hOSS3gpVvHUvdbHcI4XlVp94UoAF+Qh","0kg2xK8PWU2l78XWM05p+q0MLq105+pe",
"d8b9c893-1ed5-4e69-aa24-ae532897e84b","HEAL_015.basePlot.bet","D19","HEAL","HEAL_015","W","2015-08-28","2015-09-09","2015-09-10","2015-09-14","2016-07-24","HEAL_015.W.20150909","9tqlBo9Lir+OOh8l4Z5Md70aW8FOB9s940ODHPRhT2U=","carabid","PTESP22","Pterostichus (Criobius) sp.","subgenus",,"Chaudoir",,1,"Other","9hOSS3gpVvHUvdbHcI4XlVp94UoAF+Qh","0kg2xK8PWU2l78XWM05p+q0MLq105+pe",
