uid,namedLocation,domainID,siteID,plotID,trapID,setDate,collectDate,processingDate,etOHChangeDate,identifiedDate,sampleID,subsampleID,sampleType,taxonID,scientificName,taxonRank,identificationQualifier,scientificNameAuthorship,morphospeciesID,individualCount,identificationReferences,identifiedBy,recordedBy,remarks
"e72ee61e-b5c5-452e-88ed-05f077c3e99c","BLAN_005.basePlot.bet","D02","BLAN","BLAN_005","S","2015-07-23","2015-08-06","2015-08-07","2015-09-22","2015-09-22","BLAN_005.S.20150806","z8g4o9caFROyny+EfIixsP7zaHXqZOcmYDEa9rKvEQQ=","carabid","CYCFUR","Cyclotrachelus furtivus","species",,"LeConte",,1,"Freitag, R. 1969. A revision of the species of the genus Evarthrus LeConte. Quaestiones Entomologicae 5:89-212.","wYCqaZcA+7slXlj5N/mM6vobrh4QDptp","wYCqaZcA+7slXlj5N/mM6vobrh4QDptp",
"bc9e33b7-6003-4675-8680-93442d51304a","BLAN_005.basePlot.bet","D02","BLAN","BLAN_005","S","2015-07-23","2015-08-06","2015-08-07","2015-09-22","2015-09-22","BLAN_005.S.20150806","z8g4o9caFROyny+EfIixsIGstD2SDaGG4deKF6gygeA=","carabid","POELUC","Poecilus lucublandus","species",,"Say",,1,"Ciegler, J. C. 2000. Ground beetles and wrinkled bark beetles of South Carolina (Coleoptera: Geadephaga: Carabidae and Rhysodidae). Biota of South Carolina. Vol. 1. Clemson, S. Clemson University.","wYCqaZcA+7slXlj5N/mM6vobrh4QDptp","wYCqaZcA+7slXlj5N/mM6vobrh4QDptp",
"cfeceb6d-ec63-420c-84e1-0fa10e46249a","BLAN_012.basePlot.bet","D02","BLAN","BLAN_012","S","2015-07-23","2015-08-06","2015-08-07","2015-09-23",,"BLAN_012.S.20150806","J0lvmfNn/fcMLVBNGhCcXMH715kdkWAGKHeaHGKuM9s=","invert bycatch",,,,,,,,,,"wYCqaZcA+7slXlj5N/mM6vobrh4QDptp",
"df9782f9-2ec8-4761-bf73-6c9eda9e64bd","BLAN_007.basePlot.bet","D02","BLAN","BLAN_007","S","2015-07-23","2015-08-06","2015-08-07","2015-09-23","2015-09-23","BLAN_007.S.20150806","bSFRDFDJGfxVcvZJvv+ISql6U7ctQceSNO+srQFhLsU=","carabid","CYCSIG","Cyclotrachelus sigillatus","species",,"Say",,2,"Freitag, R. 1969. A revision of the species of the genus Evarthrus LeConte. Quaestiones Entomologicae 5:89-212.","wYCqaZcA+7slXlj5N/mM6vobrh4QDptp","wYCqaZcA+7slXlj5N/mM6vobrh4QDptp",
"15ba76a0-a236-4412-924a-20268c353744","BLAN_007.basePlot.bet","D02","BLAN","BLAN_007","S","2015-07-23","2015-08-06","2015-08-07","2015-09-23","2015-09-23","BLAN_007.S.20150806","bSFRDFDJGfxVcvZJvv+ISvJfeuSdfHFvVsnqLIRG/o4=","carabid","DICPOL","Dicaelus politus","species",,"Dejean",,1,"Ciegler, J. C. 2000. Ground beetles and wrinkled bark beetles of South Carolina (Coleoptera: Geadephaga: Carabidae and Rhysodidae). Biota of South Carolina. Vol. 1. Clemson, S. Clemson University.","wYCqaZcA+7slXlj5N/mM6vobrh4QDptp","wYCqaZcA+7slXlj5N/mM6vobrh4QDptp",
"619b1f09-6ba5-4768-bbe0-d7cf3f4bdaa6","BLAN_004.basePlot.bet","D02","BLAN","BLAN_004","S","2015-07-23","2015-08-06","2015-08-07","2015-09-22","2015-10-24","BLAN_004.S.20150806","zD/pbYGBt/CNI35fc9ji9O7XyhCOCmkrWuqT0xSB93Q=","carabid","HARPRO1","Harpalus protractus","species",,"Casey",,1,"Ball, G. E., and J. N. Anderson. 1962. The taxonomy and speciation of Pseudophonus (a subgenus of Harpalus: Haralini: Carabidae, known to occur in North America). The Catholic University of America Press, Washington 17, D. C.","wYCqaZcA+7slXlj5N/mM6vobrh4QDptp","wYCqaZcA+7slXlj5N/mM6vobrh4QDptp",
"62d35de0-98c0-4953-ab22-631dd5139787","BLAN_004.basePlot.bet","D02","BLAN","BLAN_004","S","2015-07-23","2015-08-06","2015-08-07","2015-09-22","2015-09-22","BLAN_004.S.20150806","zD/pbYGBt/CNI35fc9ji9JQny2drVhbT792q/U3clYw=","carabid","CHLAES","Chlaenius aestivus","species",,"Say",,1,"Ciegler, J. C. 2000. Ground beetles and wrinkled bark beetles of South Carolina (Coleoptera: Geadephaga: Carabidae and Rhysodidae). Biota of South Carolina. Vol. 1. Clemson, S. Clemson University.","wYCqaZcA+7slXlj5N/mM6vobrh4QDptp","wYCqaZcA+7slXlj5N/mM6vobrh4QDptp",
"ad4f1b02-c31a-4027-8f7f-eabc7606e7df","BLAN_001.basePlot.bet","D02","BLAN","BLAN_001","S","2015-07-23","2015-08-06","2015-08-07","2015-09-23","2015-09-23","BLAN_001.S.20150806","snBNH0r8Ie3oU3fy7HbdkT2zzYkU6BHXi/fMdgg/pDQ=","carabid","DICDIL1","Dicaelus dilatatus dilatatus","subspecies",,"Say",,3,"Ciegler, J. C. 2000. Ground beetles and wrinkled bark beetles of South Carolina (Coleoptera: Geadephaga: Carabidae and Rhysodidae). Biota of South Carolina. Vol. 1. Clemson, S. Clemson University.","wYCqaZcA+7slXlj5N/mM6vobrh4QDptp","wYCqaZcA+7slXlj5N/mM6vobrh4QDptp",
"af842977-67bc-46d0-90a2-505de5b0d653","BLAN_001.basePlot.bet","D02","BLAN","BLAN_001","S","2015-07-23","2015-08-06","2015-08-07","2015-09-23","2015-09-23","BLAN_001.S.20150806","snBNH0r8Ie3oU3fy7HbdkZwddjQARciU7RYetxDa1iI=","carabid","CYCFUR","Cyclotrachelus furtivus","species",,"LeConte",,3,"Freitag, R. 1969. A revision of the species of the genus Evarthrus LeConte. Quaestiones Entomologicae 5:89-212.","OkD7GLun5+2axcMZFkkGzqUglhn8Dr4Y","wYCqaZcA+7slXlj5N/mM6vobrh4QDptp",
"9e9efb29-f07c-43da-9a39-cf6ad6be359b","BLAN_003.basePlot.bet","D02","BLAN","BLAN_003","S","2015-07-23","2015-08-06","2015-08-07","2015-09-21",,"BLAN_003.S.20150806","qWnRnvyEnOw8ZG3glPjrxuLdR4eLse4Ew7Qk8TOAWcg=","invert bycatch",,,,,,,,,,"wYCqaZcA+7slXlj5N/mM6vobrh4QDptp",
"bf80c4a6-ddf7-4883-8d02-41be4615d2ab","BLAN_012.basePlot.bet","D02","BLAN","BLAN_012","S","2015-07-23","2015-08-06","2015-08-07","2015-09-23","2015-09-23","BLAN_012.S.20150806","J0lvmfNn/fcMLVBNGhCcXPXvdUz2xq29aV5lDRyHddQ=","carabid","PTESTY","Pterostichus stygicus","species",,"Say",,1,"Bousquet, Y. 2010b. Illustrated Identification Guide to Adults and Larvae of Northeastern North American Ground Beetles (Coleoptera: Carabidae). 1st Ed. Pensoft Publishers, Sofia, Bulgaria.","wYCqaZcA+7slXlj5N/mM6vobrh4QDptp","wYCqaZcA+7slXlj5N/mM6vobrh4QDptp",
"a1097a1e-8a1a-4b45-b383-1f9d408a4fed","BLAN_012.basePlot.bet","D02","BLAN","BLAN_012","S","2015-07-23","2015-08-06","2015-08-07","2015-09-23","2015-09-23","BLAN_012.S.20150806","J0lvmfNn/fcMLVBNGhCcXCFTpGR+eoV4JoXKTNvMfcU=","carabid","CYCFUR","Cyclotrachelus furtivus","species",,"LeConte",,1,"Freitag, R. 1969. A revision of the species of the genus Evarthrus LeConte. Quaestiones Entomologicae 5:89-212.","wYCqaZcA+7slXlj5N/mM6vobrh4QDptp","wYCqaZcA+7slXlj5N/mM6vobrh4QDptp",
"b8221a9a-e807-46eb-8945-0e87917c6336","BLAN_002.basePlot.bet","D02","BLAN","BLAN_002","S","2015-07-23","2015-08-06","2015-08-07","2015-09-21","2015-09-21","BLAN_002.S.20150806","pAIsJl1bu+E8Xbm7/DkTAsMcG7dc6Q7nHQxkiT5A0p4=","carabid","CHLTOM","Chlaenius tomentosus","species",,"Say",,1,"Ciegler, J. C. 2000. Ground beetles and wrinkled bark beetles of South Carolina (Coleoptera: Geadephaga: Carabidae and Rhysodidae). Biota of South Carolina. Vol. 1. Clemson, S. Clemson University.","wYCqaZcA+7slXlj5N/mM6vobrh4QDptp","wYCqaZcA+7slXlj5N/mM6vobrh4QDptp",
"abf63f71-be98-4c0f-b9c2-fe798f4acc41","BLAN_009.basePlot.bet","D02","BLAN","BLAN_009","S","2015-07-23","2015-08-06","2015-08-07","2015-09-22","2015-09-22","BLAN_009.S.20150806","7TKpA4ipJZD/eLeUcyr09TGOL5cYuKSqfoa3XNccgTM=","carabid","CYCFUR","Cyclotrachelus furtivus","species",,"LeConte",,5,"Freitag, R. 1969. A revision of the species of the genus Evarthrus LeConte. Quaestiones Entomologicae 5:89-212.","wYCqaZcA+7slXlj5N/mM6vobrh4QDptp","wYCqaZcA+7slXlj5N/mM6vobrh4QDptp",
"786423ee-c462-4158-beba-27fe25f945a5","BLAN_006.basePlot.bet","D02","BLAN","BLAN_006","S","2015-07-23","2015-08-06","2015-08-07","2015-09-22","2015-11-06","BLAN_006.S.20150806","YPnoadCppCzewqzz7FEYf3p8wqoR5qhghaRdWhB8WZw=","carabid","BRATAN","Bradycellus tantillus","species",,"Dejean",,1,"Lindroth, C. H. 1969. The ground-beetles (Carabidae, excl. Cicindelinae) of Canada and Alaska, parts 1-6. Opuscula E. Entomoligiska Sallskapet.","wYCqaZcA+7slXlj5N/mM6vobrh4QDptp","wYCqaZcA+7slXlj5N/mM6vobrh4QDptp",
"aada2760-fbe2-491b-a756-ce4804b58acf","BLAN_011.basePlot.bet","D02","BLAN","BLAN_011","S","2015-07-23","2015-08-06","2015-08-07","2015-09-22",,"BLAN_011.S.20150806","N4JQ3RFWht13HHHMMMID0aJkstrpF4p5k/RpVGe/RSU=","invert bycatch",,,,,,,,,,"wYCqaZcA+7slXlj5N/mM6vobrh4QDptp",
"16d58edb-dae3-43f4-a387-942ddd6c6405","BLAN_007.basePlot.bet","D02","BLAN","BLAN_007","S","2015-07-23","2015-08-06","2015-08-07","2015-09-23",,"BLAN_007.S.20150806","bSFRDFDJGfxVcvZJvv+ISnyLbONLcLtpVr7+C9zi0tk=","invert bycatch",,,,,,,,,,"wYCqaZcA+7slXlj5N/mM6vobrh4QDptp",
"9c6e5b84-99c5-489d-9bbe-9bc8d2319e58","BLAN_011.basePlot.bet","D02","BLAN","BLAN_011","S","2015-07-23","2015-08-06","2015-08-07","2015-09-22","2015-09-22","BLAN_011.S.20150806","N4JQ3RFWht13HHHMMMID0SuJmL8B0/8Lpeae91qrjVo=","carabid","PTETRI1","Pterostichus trinarius","species",,"Casey",,1,"Lindroth, C. H. 1969. The ground-beetles (Carabidae, excl. Cicindelinae) of Canada and Alaska, parts 1-6. Opuscula E. Entomoligiska Sallskapet.","wYCqaZcA+7slXlj5N/mM6vobrh4QDptp","wYCqaZcA+7slXlj5N/mM6vobrh4QDptp",
"839bae63-3f79-4d3a-b3ab-b5bf0df32b31","BLAN_009.basePlot.bet","D02","BLAN","BLAN_009","S","2015-07-23","2015-08-06","2015-08-07","2015-09-22","2015-09-22","BLAN_009.S.20150806","7TKpA4ipJZD/eLeUcyr09XuPo54+e1qUSK5KJi33hLI=","carabid","PTETRI1","Pterostichus trinarius","species",,"Casey",,1,"Lindroth, C. H. 1969. The ground-beetles (Carabidae, excl. Cicindelinae) of Canada and Alaska, parts 1-6. Opuscula E. Entomoligiska Sallskapet.","wYCqaZcA+7slXlj5N/mM6vobrh4QDptp","wYCqaZcA+7slXlj5N/mM6vobrh4QDptp",
"f91081aa-4c42-49ac-a3c5-8233bedca146","BLAN_002.basePlot.bet","D02","BLAN","BLAN_002","S","2015-07-23","2015-08-06","2015-08-07","2015-09-21",,"BLAN_002.S.20150806","pAIsJl1bu+E8Xbm7/DkTAgldhrIoVYznkbIfi4FYKsY=","invert bycatch",,,,,,,,,,"wYCqaZcA+7slXlj5N/mM6vobrh4QDptp",
"79eae7ac-8c51-49f7-a669-b870a3cdf6f2","BLAN_009.basePlot.bet","D02","BLAN","BLAN_009","W","2015-07-23","2015-08-06","2015-08-07","2015-09-22","2015-09-22","BLAN_009.W.20150806","7TKpA4ipJZC3iyN1MAGJU3KxSy/pWroS4hdyYZaSr8k=","carabid","CYCFUR","Cyclotrachelus furtivus","species",,"LeConte",,5,"Freitag, R. 1969. A revision of the species of the genus Evarthrus LeConte. Quaestiones Entomologicae 5:89-212.","wYCqaZcA+7slXlj5N/mM6vobrh4QDptp","wYCqaZcA+7slXlj5N/mM6vobrh4QDptp",
"e7637263-8cfc-40a5-a2af-edb61cc960a2","BLAN_011.basePlot.bet","D02","BLAN","BLAN_011","W","2015-07-23","2015-08-06","2015-08-07","2015-09-22",,"BLAN_011.W.20150806","N4JQ3RFWht2mzs2iSx2VGjCiDz5qm61YuAADqLrUSww=","invert bycatch",,,,,,,,,,"wYCqaZcA+7slXlj5N/mM6vobrh4QDptp",
"124059f4-973b-41a9-9a5b-066b5eeeee4a","BLAN_006.basePlot.bet","D02","BLAN","BLAN_006","W","2015-07-23","2015-08-06","2015-08-07","2015-09-22","2015-09-22","BLAN_006.W.20150806","YPnoadCppCzyoRVJSIz+2PlOKxj+nvMylnTX8ew48cg=","carabid","CHLTOM","Chlaenius tomentosus","species",,"Say",,1,"Ciegler, J. C. 2000. Ground beetles and wrinkled bark beetles of South Carolina (Coleoptera: Geadephaga: Carabidae and Rhysodidae). Biota of South Carolina. Vol. 1. Clemson, S. Clemson University.","wYCqaZcA+7slXlj5N/mM6vobrh4QDptp","wYCqaZcA+7slXlj5N/mM6vobrh4QDptp",
"d42717ee-9a47-4b61-a03b-d0118c7c5fb1","BLAN_006.basePlot.bet","D02","BLAN","BLAN_006","W","2015-07-23","2015-08-06","2015-08-07","2015-09-22",,"BLAN_006.W.20150806","YPnoadCppCzyoRVJSIz+2FWlTBf7Q0AVGcVHYZl+ByI=","invert bycatch",,,,,,,,,,"wYCqaZcA+7slXlj5N/mM6vobrh4QDptp",
"cc4f46db-d4b8-49eb-8537-a25c9be7475f","BLAN_011.basePlot.bet","D02","BLAN","BLAN_011","W","2015-07-23","2015-08-06","2015-08-07","2015-09-22","2015-09-22","BLAN_011.W.20150806","N4JQ3RFWht2mzs2iSx2VGna9BA1HoRskvluxRj+V43U=","carabid","BEMPED","Bembidion pedicellatum","species",,"LeConte",,3,"Lindroth, C. H. 1969. The ground-beetles (Carabidae, excl. Cicindelinae) of Canada and Alaska, parts 1-6. Opuscula E. Entomoligiska Sallskapet.","wYCqaZcA+7slXlj5N/mM6vobrh4QDptp","wYCqaZcA+7slXlj5N/mM6vobrh4QDptp",
"c5ea95bf-ad08-4cdf-9aa2-cacd617cce7c","BLAN_001.basePlot.bet","D02","BLAN","BLAN_001","W","2015-07-23","2015-08-06","2015-08-07","2015-09-23",,"BLAN_001.W.20150806","snBNH0r8Ie2U/GXK/PObv1nK/aKATzn/hHjaVizk7kQ=","invert bycatch",,,,,,,,,,"wYCqaZcA+7slXlj5N/mM6vobrh4QDptp",
"a8abe535-d693-4bd1-856b-908c8ec1832c","BLAN_003.basePlot.bet","D02","BLAN","BLAN_003","W","2015-07-23","2015-08-06","2015-08-07","2015-09-21",,"BLAN_003.W.20150806","qWnRnvyEnOzTkoE7zeEk+GHOExaQGVzaw0Dh2LaAiJE=","invert bycatch",,,,,,,,,,"wYCqaZcA+7slXlj5N/mM6vobrh4QDptp",
"5f64aa45-db0f-4a68-b8bf-40384ab44ee6","BLAN_005.basePlot.bet","D02","BLAN","BLAN_005","W","2015-07-23","2015-08-06","2015-08-07","2015-09-22",,"BLAN_005.W.20150806","z8g4o9caFRP037RQd/7+6Gr/hq30hi/3CYMgH6X2KPw=","invert bycatch",,,,,,,,,,"wYCqaZcA+7slXlj5N/mM6vobrh4QDptp",
"e9c5c4e4-5a13-40ff-9ca2-3a2a6b61ee39","BLAN_009.basePlot.bet","D02","BLAN","BLAN_009","W","2015-07-23","2015-08-06","2015-08-07","2015-09-22",,"BLAN_009.W.20150806","7TKpA4ipJZC3iyN1MAGJUyHsrg0A9U2YUNQo0E6Fjgk=","invert bycatch",,,,,,,,,,"wYCqaZcA+7slXlj5N/mM6vobrh4QDptp",
"934f9bf3-36f0-4842-bd75-e9256400c84b","BLAN_012.basePlot.bet","D02","BLAN","BLAN_012","W","2015-07-23","2015-08-06","2015-08-07","2015-09-23","2015-09-23","BLAN_012.W.20150806","J0lvmfNn/feaRxuGVUQ1ELbF9EGE7zimaEihhSa7kqo=","carabid","CYCFUR","Cyclotrachelus furtivus","species",,"LeConte",,2,"Freitag, R. 1969. A revision of the species of the genus Evarthrus LeConte. Quaestiones Entomologicae 5:89-212.","wYCqaZcA+7slXlj5N/mM6vobrh4QDptp","wYCqaZcA+7slXlj5N/mM6vobrh4QDptp",
"8f745fda-8c50-4044-9a14-49e2e2d98f21","BLAN_002.basePlot.bet","D02","BLAN","BLAN_002","W","2015-07-23","2015-08-06","2015-08-07","2015-09-21",,"BLAN_002.W.20150806","pAIsJl1bu+GnLLfxBfuTz/dFFj32qKs/ef/JLuA5cQs=","invert bycatch",,,,,,,,,,"wYCqaZcA+7slXlj5N/mM6vobrh4QDptp",
"1b714ec0-1eaf-4f5d-8e23-ece52a5f7a8e","BLAN_011.basePlot.bet","D02","BLAN","BLAN_011","W","2015-07-23","2015-08-06","2015-08-07","2015-09-22","2015-09-22","BLAN_011.W.20150806","N4JQ3RFWht2mzs2iSx2VGhfkKG/0KzGqYYk0rOqKgdM=","carabid","AGOFER1","Agonum ferreum","species",,"Haldeman",,1,"Ciegler, J. C. 2000. Ground beetles and wrinkled bark beetles of South Carolina (Coleoptera: Geadephaga: Carabidae and Rhysodidae). Biota of South Carolina. Vol. 1. Clemson, S. Clemson University.","wYCqaZcA+7slXlj5N/mM6vobrh4QDptp","wYCqaZcA+7slXlj5N/mM6vobrh4QDptp",
"1f80821f-5930-4dde-97cb-689e2f34760a","BLAN_007.basePlot.bet","D02","BLAN","BLAN_007","W","2015-07-23","2015-08-06","2015-08-07","2015-09-23",,"BLAN_007.W.20150806","bSFRDFDJGfxXYFGFgSAAn4XC1sFmylvFVWCY2eVfDAk=","invert bycatch",,,,,,,,,,"wYCqaZcA+7slXlj5N/mM6vobrh4QDptp",
"f1584621-a36c-43ef-a71e-40d59126df18","BLAN_004.basePlot.bet","D02","BLAN","BLAN_004","W","2015-07-23","2015-08-06","2015-08-07","2015-09-22",,"BLAN_004.W.20150806","zD/pbYGBt/BuUxBT/0jXnSDlX1n4QPs6E0NKIUJKurI=","invert bycatch",,,,,,,,,,"wYCqaZcA+7slXlj5N/mM6vobrh4QDptp",
"3091e583-9d2c-41ce-ba88-b86ab7bb0b85","BLAN_012.basePlot.bet","D02","BLAN","BLAN_012","W","2015-07-23","2015-08-06","2015-08-07","2015-09-23",,"BLAN_012.W.20150806","J0lvmfNn/feaRxuGVUQ1EKfNRdj9/3vRihd0GIOmc3U=","invert bycatch",,,,,,,,,,"wYCqaZcA+7slXlj5N/mM6vobrh4QDptp",
"adec082d-34ad-4613-96e1-41e5913fc787","BLAN_002.basePlot.bet","D02","BLAN","BLAN_002","E","2015-07-23","2015-08-06","2015-08-07","2015-09-21","2015-10-01","BLAN_002.E.20150806","pAIsJl1bu+EhoVbsGjTwWlGmYJG1vLN1wJbaUQjTulc=","carabid","ANIRUS","Anisodactylus rusticus","species",,"Say",,1,"Noonan, G. R. 1973. The Anisodactylines (Insecta: Coleoptera: Carabidae: Harpalini): classification, evolution and zoogeography. Quaestiones Entomologicae 9:266-480.","wYCqaZcA+7slXlj5N/mM6vobrh4QDptp","wYCqaZcA+7slXlj5N/mM6vobrh4QDptp",
"ef401462-20d3-4bcd-baf6-3bacd35237b6","BLAN_011.basePlot.bet","D02","BLAN","BLAN_011","E","2015-07-23","2015-08-06","2015-08-07","2015-09-22","2015-09-22","BLAN_011.E.20150806","N4JQ3RFWht1UiEJPpKgW26a07Xo9wJCd64Gc9KOo/7U=","carabid","BEMPED","Bembidion pedicellatum","species",,"LeConte",,3,"Lindroth, C. H. 1969. The ground-beetles (Carabidae, excl. Cicindelinae) of Canada and Alaska, parts 1-6. Opuscula E. Entomoligiska Sallskapet.","wYCqaZcA+7slXlj5N/mM6vobrh4QDptp","wYCqaZcA+7slXlj5N/mM6vobrh4QDptp",
"84ca0348-7394-4bde-90f7-796ccecca781","BLAN_011.basePlot.bet","D02","BLAN","BLAN_011","E","2015-07-23","2015-08-06","2015-08-07","2015-09-22","2015-09-22","BLAN_011.E.20150806","N4JQ3RFWht1UiEJPpKgW20NSY4Nvi7pL3kYioV7+5eg=","carabid","CYCFUR","Cyclotrachelus furtivus","species",,"LeConte",,1,"Freitag, R. 1969. A revision of the species of the genus Evarthrus LeConte. Quaestiones Entomologicae 5:89-212.","wYCqaZcA+7slXlj5N/mM6vobrh4QDptp","wYCqaZcA+7slXlj5N/mM6vobrh4QDptp",
"fcc7a14f-ac43-43d0-be0f-ab9d01f24b86","BLAN_011.basePlot.bet","D02","BLAN","BLAN_011","E","2015-07-23","2015-08-06","2015-08-07","2015-09-22",,"BLAN_011.E.20150806","N4JQ3RFWht1UiEJPpKgW2057kSZ1w9RSzDAkBW6Fp1k=","invert bycatch",,,,,,,,,,"wYCqaZcA+7slXlj5N/mM6vobrh4QDptp",
"981c66c7-49ef-4be6-bd92-86f00e37154f","BLAN_009.basePlot.bet","D02","BLAN","BLAN_009","E","2015-07-23","2015-08-06","2015-08-07","2015-09-22","2015-09-22","BLAN_009.E.20150806","7TKpA4ipJZDyHyTXy7ZdZ544DJAa7F91T5/UKncS5wM=","carabid","DICDIL1","Dicaelus dilatatus dilatatus","subspecies",,"Say",,1,"Ciegler, J. C. 2000. Ground beetles and wrinkled bark beetles of South Carolina (Coleoptera: Geadephaga: Carabidae and Rhysodidae). Biota of South Carolina. Vol. 1. Clemson, S. Clemson University.","wYCqaZcA+7slXlj5N/mM6vobrh4QDptp","wYCqaZcA+7slXlj5N/mM6vobrh4QDptp",
"f0e1c80e-da69-409b-b19b-80238d984779","BLAN_009.basePlot.bet","D02","BLAN","BLAN_009","E","2015-07-23","2015-08-06","2015-08-07","2015-09-22","2015-09-22","BLAN_009.E.20150806","7TKpA4ipJZDyHyTXy7ZdZ8NtvXFE/CWv0phDp8WgWO0=","carabid","CYCSIG","Cyclotrachelus sigillatus","species",,"Say",,1,"Freitag, R. 1969. A revision of the species of the genus Evarthrus LeConte. Quaestiones Entomologicae 5:89-212.","wYCqaZcA+7slXlj5N/mM6vobrh4QDptp","wYCqaZcA+7slXlj5N/mM6vobrh4QDptp",
"d1c0316d-6256-49b6-8d43-20f41e03220c","BLAN_005.basePlot.bet","D02","BLAN","BLAN_005","E","2015-07-23","2015-08-06","2015-08-07","2015-09-22",,"BLAN_005.E.20150806","z8g4o9caFRNBjyTGQyR3EX6AMoqmS3rVaRDcQJA8Rjs=","invert bycatch",,,,,,,,,,"wYCqaZcA+7slXlj5N/mM6vobrh4QDptp",
"4f83d4f5-0138-47dd-8aa8-73c4bcb103f0","BLAN_012.basePlot.bet","D02","BLAN","BLAN_012","E","2015-07-23","2015-08-06","2015-08-07","2015-09-23",,"BLAN_012.E.20150806","J0lvmfNn/fev68GQtXYsHjPkF4Yl9UWng5U6P/zl6HY=","invert bycatch",,,,,,,,,,"wYCqaZcA+7slXlj5N/mM6vobrh4QDptp",
"6da7086a-e999-4147-b22b-3d6f653695d0","BLAN_005.basePlot.bet","D02","BLAN","BLAN_005","E","2015-07-23","2015-08-06","2015-08-07","2015-09-22","2015-09-22","BLAN_005.E.20150806","z8g4o9caFRNBjyTGQyR3EXrD/+ysXw2j9nok8si79rg=","carabid","PTESTY","Pterostichus stygicus","species",,"Say",,2,"Bousquet, Y. 2010b. Illustrated Identification Guide to Adults and Larvae of Northeastern North American Ground Beetles (Coleoptera: Carabidae). 1st Ed. Pensoft Publishers, Sofia, Bulgaria.","wYCqaZcA+7slXlj5N/mM6vobrh4QDptp","wYCqaZcA+7slXlj5N/mM6vobrh4QDptp",
"e260dccd-2e20-41c8-848b-fdc7c4d9c321","BLAN_003.basePlot.bet","D02","BLAN","BLAN_003","E","2015-07-23","2015-08-06","2015-08-07","2015-09-21",,"BLAN_003.E.20150806","qWnRnvyEnOyTg93fo0GlNGYuvK4Sy2PeHmFPqvuAQds=","invert bycatch",,,,,,,,,,"wYCqaZcA+7slXlj5N/mM6vobrh4QDptp",
"63551da3-f055-4b4a-8666-a88cab6f4408","BLAN_001.basePlot.bet","D02","BLAN","BLAN_001","E","2015-07-23","2015-08-06","2015-08-07","2015-09-23",,"BLAN_001.E.20150806","snBNH0r8Ie27sIQ3i0ssVpW+GhyBbRk7AX3Ps+A5StU=","invert bycatch",,,,,,,,,,"wYCqaZcA+7slXlj5N/mM6vobrh4QDptp",
"e44118dc-3b77-41d4-a398-4a692437f135","BLAN_001.basePlot.bet","D02","BLAN","BLAN_001","E","2015-07-23","2015-08-06","2015-08-07","2015-09-23","2015-09-23","BLAN_001.E.20150806","snBNH0r8Ie27sIQ3i0ssVtoJbFWTlmyOJF5lxRQ61bY=","carabid","CYCFUR","Cyclotrachelus furtivus","species",,"LeConte",,2,"Freitag, R. 1969. A revision of the species of the genus Evarthrus LeConte. Quaestiones Entomologicae 5:89-212.","OkD7GLun5+2axcMZFkkGzqUglhn8Dr4Y","wYCqaZcA+7slXlj5N/mM6vobrh4QDptp",
"7ebef045-468a-41ea-81b2-dc6c8f56caed","BLAN_004.basePlot.bet","D02","BLAN","BLAN_004","E","2015-07-23","2015-08-06","2015-08-07","2015-09-22",,"BLAN_004.E.20150806","zD/pbYGBt/BXsXKT6yBqRVv9UyhV76EfPaBTVIG0EOk=","invert bycatch",,,,,,,,,,"wYCqaZcA+7slXlj5N/mM6vobrh4QDptp",
"765a6114-5e9a-4d8f-8e88-ff0703bac4e8","BLAN_007.basePlot.bet","D02","BLAN","BLAN_007","E","2015-07-23","2015-08-06","2015-08-07","2015-09-23","2015-09-23","BLAN_007.E.20150806","bSFRDFDJGfyH7CX1vhlSl7URgEoso6haLqEMhE+ms54=","carabid","DICDIL1","Dicaelus dilatatus dilatatus","subspecies",,"Say",,1,"Ciegler, J. C. 2000. Ground beetles and wrinkled bark beetles of South Carolina (Coleoptera: Geadephaga: Carabidae and Rhysodidae). Biota of South Carolina. Vol. 1. Clemson, S. Clemson University.","wYCqaZcA+7slXlj5N/mM6vobrh4QDptp","wYCqaZcA+7slXlj5N/mM6vobrh4QDptp",
"ee0d925e-0a6a-46c6-81f6-7b9938b5e548","BLAN_007.basePlot.bet","D02","BLAN","BLAN_007","E","2015-07-23","2015-08-06","2015-08-07","2015-09-23",,"BLAN_007.E.20150806","bSFRDFDJGfyH7CX1vhlSl814nM2FMrPbYGNjaLN9chI=","invert bycatch",,,,,,,,,,"wYCqaZcA+7slXlj5N/mM6vobrh4QDptp",
"d96ce88d-364e-4dba-bc5a-90d4715c5a72","BLAN_006.basePlot.bet","D02","BLAN","BLAN_006","E","2015-07-23","2015-08-06","2015-08-07","2015-09-22","2015-09-22","BLAN_006.E.20150806","YPnoadCppCw/xFNAB855mUCE6tUEw9tWPw/ErYaDPUQ=","carabid","HARPEN","Harpalus pensylvanicus","species",,"DeGeer",,3,"Ball, G. E., and J. N. Anderson. 1962. The taxonomy and speciation of Pseudophonus (a subgenus of Harpalus: Haralini: Carabidae, known to occur in North America). The Catholic University of America Press, Washington 17, D. C.","wYCqaZcA+7slXlj5N/mM6vobrh4QDptp","wYCqaZcA+7slXlj5N/mM6vobrh4QDptp",
"bb22fabc-1b5f-4b82-a2dc-4a8768f8fcc2","BLAN_006.basePlot.bet","D02","BLAN","BLAN_006","E","2015-07-23","2015-08-06","2015-08-07","2015-09-22",,"BLAN_006.E.20150806","YPnoadCppCw/xFNAB855mWtPGqCjCNJ3MxBlfNzCxOM=","invert bycatch",,,,,,,,,,"wYCqaZcA+7slXlj5N/mM6vobrh4QDptp",
"4d0dcb2a-56a7-4c75-8c97-57161f0f704f","BLAN_002.basePlot.bet","D02","BLAN","BLAN_002","E","2015-07-23","2015-08-06","2015-08-07","2015-09-21","2015-09-21","BLAN_002.E.20150806","pAIsJl1bu+EhoVbsGjTwWu28xruWoB5uCzwltLxSfEk=","carabid","CHLTOM","Chlaenius tomentosus","species",,"Say",,2,"Ciegler, J. C. 2000. Ground beetles and wrinkled bark beetles of South Carolina (Coleoptera: Geadephaga: Carabidae and Rhysodidae). Biota of South Carolina. Vol. 1. Clemson, S. Clemson University.","wYCqaZcA+7slXlj5N/mM6vobrh4QDptp","wYCqaZcA+7slXlj5N/mM6vobrh4QDptp",
"c672178e-9fcd-4eeb-85a9-25eead945177","BLAN_012.basePlot.bet","D02","BLAN","BLAN_012","E","2015-07-23","2015-08-06","2015-08-07","2015-09-23","2015-09-23","BLAN_012.E.20150806","J0lvmfNn/fev68GQtXYsHhrs4i6k6ps/2Qn4UpNS0iM=","carabid","CHLAES","Chlaenius aestivus","species",,"Say",,1,"Ciegler, J. C. 2000. Ground beetles and wrinkled bark beetles of South Carolina (Coleoptera: Geadephaga: Carabidae and Rhysodidae). Biota of South Carolina. Vol. 1. Clemson, S. Clemson University.","wYCqaZcA+7slXlj5N/mM6vobrh4QDptp","wYCqaZcA+7slXlj5N/mM6vobrh4QDptp",
"ebecc9ca-e1a8-4ac2-8118-e84329d64fa0","BLAN_012.basePlot.bet","D02","BLAN","BLAN_012","E","2015-07-23","2015-08-06","2015-08-07","2015-09-23","2015-09-23","BLAN_012.E.20150806","J0lvmfNn/fev68GQtXYsHvzV4c8eDUweLXWuvcknO2E=","carabid","CYCSIG","Cyclotrachelus sigillatus","species",,"Say",,1,"Freitag, R. 1969. A revision of the species of the genus Evarthrus LeConte. Quaestiones Entomologicae 5:89-212.","wYCqaZcA+7slXlj5N/mM6vobrh4QDptp","wYCqaZcA+7slXlj5N/mM6vobrh4QDptp",
"5f55344e-350b-419f-a295-b1c44b5ed9bd","BLAN_007.basePlot.bet","D02","BLAN","BLAN_007","E","2015-07-23","2015-08-06","2015-08-07","2015-09-23","2015-09-23","BLAN_007.E.20150806","bSFRDFDJGfyH7CX1vhlSlxbkYtRk0y8Wu1XQITgVsG0=","carabid","CYCFUR","Cyclotrachelus furtivus","species",,"LeConte",,1,"Freitag, R. 1969. A revision of the species of the genus Evarthrus LeConte. Quaestiones Entomologicae 5:89-212.","wYCqaZcA+7slXlj5N/mM6vobrh4QDptp","wYCqaZcA+7slXlj5N/mM6vobrh4QDptp",
"b50f6575-f0ee-401f-a826-b9816db3310a","BLAN_003.basePlot.bet","D02","BLAN","BLAN_003","E","2015-07-23","2015-08-06","2015-08-07","2015-09-21","2015-09-21","BLAN_003.E.20150806","qWnRnvyEnOyTg93fo0GlNMnpR5tGCiehPsQl/cnq7E8=","carabid","CHLAES","Chlaenius aestivus","species",,"Say",,1,"Ciegler, J. C. 2000. Ground beetles and wrinkled bark beetles of South Carolina (Coleoptera: Geadephaga: Carabidae and Rhysodidae). Biota of South Carolina. Vol. 1. Clemson, S. Clemson University.","fhqXNoOkfxgxeumX3nh8hiKzTnt5lZ8Br3PaGAyV7lk=","wYCqaZcA+7slXlj5N/mM6vobrh4QDptp",
"b2bbe576-0dee-4ec2-86ac-eedcd35717e6","BLAN_012.basePlot.bet","D02","BLAN","BLAN_012","E","2015-07-23","2015-08-06","2015-08-07","2015-09-23","2015-09-23","BLAN_012.E.20150806","J0lvmfNn/fev68GQtXYsHmyxNIk0WhBIJY0F7XA26Y0=","carabid","DICDIL1","Dicaelus dilatatus dilatatus","subspecies",,"Say",,1,"Ciegler, J. C. 2000. Ground beetles and wrinkled bark beetles of South Carolina (Coleoptera: Geadephaga: Carabidae and Rhysodidae). Biota of South Carolina. Vol. 1. Clemson, S. Clemson University.","wYCqaZcA+7slXlj5N/mM6vobrh4QDptp","wYCqaZcA+7slXlj5N/mM6vobrh4QDptp",
"31c629d9-0d17-41dd-9bd5-42f32d51ee8d","BLAN_001.basePlot.bet","D02","BLAN","BLAN_001","E","2015-07-23","2015-08-06","2015-08-07","2015-09-23","2015-09-23","BLAN_001.E.20150806","snBNH0r8Ie27sIQ3i0ssVmlcvc3DaO9mSgMMOJlZrZM=","carabid","DICDIL1","Dicaelus dilatatus dilatatus","subspecies",,"Say",,1,"Ciegler, J. C. 2000. Ground beetles and wrinkled bark beetles of South Carolina (Coleoptera: Geadephaga: Carabidae and Rhysodidae). Biota of South Carolina. Vol. 1. Clemson, S. Clemson University.","wYCqaZcA+7slXlj5N/mM6vobrh4QDptp","wYCqaZcA+7slXlj5N/mM6vobrh4QDptp",
"c9fef836-46d8-49cb-bf4c-407516ef4e0e","BLAN_009.basePlot.bet","D02","BLAN","BLAN_009","E","2015-07-23","2015-08-06","2015-08-07","2015-09-22",,"BLAN_009.E.20150806","7TKpA4ipJZDyHyTXy7ZdZ60wGEo9Zfwi/bPyVNjTn3I=","invert bycatch",,,,,,,,,,"wYCqaZcA+7slXlj5N/mM6vobrh4QDptp",
"92198caf-823d-424c-b65a-dbd3d5a85053","BLAN_011.basePlot.bet","D02","BLAN","BLAN_011","E","2015-07-23","2015-08-06","2015-08-07","2015-09-22","2015-09-22","BLAN_011.E.20150806","N4JQ3RFWht1UiEJPpKgW29Bl5zYuE4fMW9ppbP7F36o=","carabid","CYCSIG","Cyclotrachelus sigillatus","species",,"Say",,9,"Freitag, R. 1969. A revision of the species of the genus Evarthrus LeConte. Quaestiones Entomologicae 5:89-212.","wYCqaZcA+7slXlj5N/mM6vobrh4QDptp","wYCqaZcA+7slXlj5N/mM6vobrh4QDptp",
"561c5387-ee86-42c0-9854-9ac0c1325b94","BLAN_011.basePlot.bet","D02","BLAN","BLAN_011","E","2015-07-23","2015-08-06","2015-08-07","2015-09-22","2015-09-22","BLAN_011.E.20150806","N4JQ3RFWht1UiEJPpKgW2/pAmrkyCaQ5zIPyrnPo21c=","carabid","TRIAUT","Trichotichnus autumnalis","species",,"Say",,1,"Ciegler, J. C. 2000. Ground beetles and wrinkled bark beetles of South Carolina (Coleoptera: Geadephaga: Carabidae and Rhysodidae). Biota of South Carolina. Vol. 1. Clemson, S. Clemson University.","wYCqaZcA+7slXlj5N/mM6vobrh4QDptp","wYCqaZcA+7slXlj5N/mM6vobrh4QDptp",
"7212702f-7b7b-4c14-b260-0c2f8f278cb4","BLAN_001.basePlot.bet","D02","BLAN","BLAN_001","E","2015-07-23","2015-08-06","2015-08-07","2015-09-23","2015-09-23","BLAN_001.E.20150806","snBNH0r8Ie27sIQ3i0ssVvpyqyfp3lv60Hz4WXkFZDs=","carabid","CHLAES","Chlaenius aestivus","species",,"Say",,1,"Ciegler, J. C. 2000. Ground beetles and wrinkled bark beetles of South Carolina (Coleoptera: Geadephaga: Carabidae and Rhysodidae). Biota of South Carolina. Vol. 1. Clemson, S. Clemson University.","OkD7GLun5+2axcMZFkkGzqUglhn8Dr4Y","wYCqaZcA+7slXlj5N/mM6vobrh4QDptp",
"7e33c2c7-2e13-4a81-8a23-d6c4b0a991cd","BLAN_005.basePlot.bet","D02","BLAN","BLAN_005","E","2015-07-23","2015-08-06","2015-08-07","2015-09-22","2015-09-22","BLAN_005.E.20150806","z8g4o9caFRNBjyTGQyR3EUl5TLe5KCVMm1CPxQslFEg=","carabid","CHLAES","Chlaenius aestivus","species",,"Say",,1,"Ciegler, J. C. 2000. Ground beetles and wrinkled bark beetles of South Carolina (Coleoptera: Geadephaga: Carabidae and Rhysodidae). Biota of South Carolina. Vol. 1. Clemson, S. Clemson University.","wYCqaZcA+7slXlj5N/mM6vobrh4QDptp","wYCqaZcA+7slXlj5N/mM6vobrh4QDptp",
"0d931624-dce6-49f6-b03e-c0c62573c736","BLAN_005.basePlot.bet","D02","BLAN","BLAN_005","E","2015-07-23","2015-08-06","2015-08-07","2015-09-22","2015-09-22","BLAN_005.E.20150806","z8g4o9caFRNBjyTGQyR3EaflF9S4SHYF48CZAqwunCg=","carabid","CYCSIG","Cyclotrachelus sigillatus","species",,"Say",,1,"Freitag, R. 1969. A revision of the species of the genus Evarthrus LeConte. Quaestiones Entomologicae 5:89-212.","wYCqaZcA+7slXlj5N/mM6vobrh4QDptp","wYCqaZcA+7slXlj5N/mM6vobrh4QDptp",
"e709d94a-c028-4221-aaee-d070eec2e07d","BLAN_002.basePlot.bet","D02","BLAN","BLAN_002","E","2015-07-23","2015-08-06","2015-08-07","2015-09-21",,"BLAN_002.E.20150806","pAIsJl1bu+EhoVbsGjTwWsLtXvf6J06DKgDnE0Y4R08=","invert bycatch",,,,,,,,,,"wYCqaZcA+7slXlj5N/mM6vobrh4QDptp",
"05d73e42-e6b9-4c51-8736-ee96e302fbeb","BLAN_003.basePlot.bet","D02","BLAN","BLAN_003","N","2015-07-23","2015-08-06","2015-08-07","2015-09-21",,"BLAN_003.N.20150806","qWnRnvyEnOx1fxKxt0MOlfs7wQayiQ2Nqk57BNtoUcI=","invert bycatch",,,,,,,,,,"wYCqaZcA+7slXlj5N/mM6vobrh4QDptp",
"ba62f506-ec6d-4c03-a4b6-55fae1c60fd7","BLAN_011.basePlot.bet","D02","BLAN","BLAN_011","N","2015-07-23","2015-08-06","2015-08-07","2015-09-22","2015-09-22","BLAN_011.N.20150806","N4JQ3RFWht3sbbIawXLCq2XwmpbFRwMLruMbC78LgME=","carabid","CHLAMO","Chlaenius amoenus","species",,"Dejean",,1,"Ciegler, J. C. 2000. Ground beetles and wrinkled bark beetles of South Carolina (Coleoptera: Geadephaga: Carabidae and Rhysodidae). Biota of South Carolina. Vol. 1. Clemson, S. Clemson University.","wYCqaZcA+7slXlj5N/mM6vobrh4QDptp","wYCqaZcA+7slXlj5N/mM6vobrh4QDptp",
"da2b55eb-41ed-4807-ac0c-4bf2e3ed926c","BLAN_007.basePlot.bet","D02","BLAN","BLAN_007","N","2015-07-23","2015-08-06","2015-08-07","2015-09-23",,"BLAN_007.N.20150806","bSFRDFDJGfytG99/VH38tLvY8OStz55Az0K8JMjAE94=","invert bycatch",,,,,,,,,,"wYCqaZcA+7slXlj5N/mM6vobrh4QDptp",
"efd6e7df-0b11-45c0-90bc-3b75854dc76e","BLAN_002.basePlot.bet","D02","BLAN","BLAN_002","N","2015-07-23","2015-08-06","2015-08-07","2015-09-21",,"BLAN_002.N.20150806","pAIsJl1bu+HXiZP2divGM+V4zck/zvdRsSo3lQNRt1Y=","invert bycatch",,,,,,,,,,"wYCqaZcA+7slXlj5N/mM6vobrh4QDptp",
"fae48d49-0b20-4519-ba64-ff49e95b142e","BLAN_012.basePlot.bet","D02","BLAN","BLAN_012","N","2015-07-23","2015-08-06","2015-08-07","2015-09-23",,"BLAN_012.N.20150806","J0lvmfNn/ffePszKztR5ZBz3/PAlR4nb21gO0tYf9Wg=","invert bycatch",,,,,,,,,,"wYCqaZcA+7slXlj5N/mM6vobrh4QDptp",
"f6b0ebc8-1d36-4abd-9d4d-c813146e76e5","BLAN_009.basePlot.bet","D02","BLAN","BLAN_009","N","2015-07-23","2015-08-06","2015-08-07","2015-09-22","2015-09-22","BLAN_009.N.20150806","7TKpA4ipJZDLqKPO2y3GpuOJwthgl7OcqOoozLXuHz4=","carabid","PTEMUT2","Pterostichus mutus","species",,"Say",,1,"Bousquet, Y. 2010b. Illustrated Identification Guide to Adults and Larvae of Northeastern North American Ground Beetles (Coleoptera: Carabidae). 1st Ed. Pensoft Publishers, Sofia, Bulgaria.","wYCqaZcA+7slXlj5N/mM6vobrh4QDptp","wYCqaZcA+7slXlj5N/mM6vobrh4QDptp",
"6ee11883-e62a-4beb-832e-0e0755a3ceec","BLAN_002.basePlot.bet","D02","BLAN","BLAN_002","N","2015-07-23","2015-08-06","2015-08-07","2015-09-21","2015-10-01","BLAN_002.N.20150806","pAIsJl1bu+HXiZP2divGMwbqSsw4TJtz/wkQRy9Un6A=","carabid","ANIRUS","Anisodactylus rusticus","species",,"Say",,2,"Noonan, G. R. 1973. The Anisodactylines (Insecta: Coleoptera: Carabidae: Harpalini): classification, evolution and zoogeography. Quaestiones Entomologicae 9:266-480.","wYCqaZcA+7slXlj5N/mM6vobrh4QDptp","wYCqaZcA+7slXlj5N/mM6vobrh4QDptp",
"ac105a82-473e-4865-b1e9-ae9063844af0","BLAN_011.basePlot.bet","D02","BLAN","BLAN_011","N","2015-07-23","2015-08-06","2015-08-07","2015-09-22",,"BLAN_011.N.20150806","N4JQ3RFWht3sbbIawXLCq+Doummq6uM7Khq/4QOZQcA=","invert bycatch",,,,,,,,,,"wYCqaZcA+7slXlj5N/mM6vobrh4QDptp",
"dab7772c-37d3-46ff-8fdc-e93a8a4cbb16","BLAN_011.basePlot.bet","D02","BLAN","BLAN_011","N","2015-07-23","2015-08-06","2015-08-07","2015-09-22","2015-09-22","BLAN_011.N.20150806","N4JQ3RFWht3sbbIawXLCq6R58MrhluWtn8Zzr/niXvI=","carabid","DICAMB","Dicaelus ambiguus","species",,"LaFerte-Senectere",,1,"Ciegler, J. C. 2000. Ground beetles and wrinkled bark beetles of South Carolina (Coleoptera: Geadephaga: Carabidae and Rhysodidae). Biota of South Carolina. Vol. 1. Clemson, S. Clemson University.","wYCqaZcA+7slXlj5N/mM6vobrh4QDptp","wYCqaZcA+7slXlj5N/mM6vobrh4QDptp",
"adb7c753-cc85-44ca-9eab-4d8aaf0be6eb","BLAN_006.basePlot.bet","D02","BLAN","BLAN_006","N","2015-07-23","2015-08-06","2015-08-07","2015-09-22",,"BLAN_006.N.20150806","YPnoadCppCw5fBSxKNPHHpJNxKqSlKeXfAD2NWLGn48=","invert bycatch",,,,,,,,,,"wYCqaZcA+7slXlj5N/mM6vobrh4QDptp",
"8a336559-0991-44cd-9b17-664d1ca7521b","BLAN_011.basePlot.bet","D02","BLAN","BLAN_011","N","2015-07-23","2015-08-06","2015-08-07","2015-09-22","2015-09-22","BLAN_011.N.20150806","N4JQ3RFWht3sbbIawXLCqykxoynPsU5bjXmVt6m8IjM=","carabid","CYCSIG","Cyclotrachelus sigillatus","species",,"Say",,1,"Freitag, R. 1969. A revision of the species of the genus Evarthrus LeConte. Quaestiones Entomologicae 5:89-212.","wYCqaZcA+7slXlj5N/mM6vobrh4QDptp","wYCqaZcA+7slXlj5N/mM6vobrh4QDptp",
"4c5ca3e2-75f4-46d1-9727-29069a4deabf","BLAN_001.basePlot.bet","D02","BLAN","BLAN_001","N","2015-07-23","2015-08-06","2015-08-07","2015-09-23",,"BLAN_001.N.20150806","snBNH0r8Ie2dc6Bc7EcuBwzsdgKmMqaSHMed3JFHexk=","invert bycatch",,,,,,,,,,"wYCqaZcA+7slXlj5N/mM6vobrh4QDptp",
"94cc5f42-4d0f-42ac-8065-c579785bf031","BLAN_004.basePlot.bet","D02","BLAN","BLAN_004","N","2015-07-23","2015-08-06","2015-08-07","2015-09-22",,"BLAN_004.N.20150806","zD/pbYGBt/C/aB+ZJY3XZy4HmpQKwwMgnL5yGHEgtKw=","invert bycatch",,,,,,,,,,"wYCqaZcA+7slXlj5N/mM6vobrh4QDptp",
"809bd82d-b3f9-41f1-b956-5bd65c63fa4f","BLAN_012.basePlot.bet","D02","BLAN","BLAN_012","N","2015-07-23","2015-08-06","2015-08-07","2015-09-23","2015-09-23","BLAN_012.N.20150806","J0lvmfNn/ffePszKztR5ZGU0T9YEcicOhVSVAKBnL/Y=","carabid","DICAMB","Dicaelus ambiguus","species",,"LaFerte-Senectere",,1,"Ciegler, J. C. 2000. Ground beetles and wrinkled bark beetles of South Carolina (Coleoptera: Geadephaga: Carabidae and Rhysodidae). Biota of South Carolina. Vol. 1. Clemson, S. Clemson University.","wYCqaZcA+7slXlj5N/mM6vobrh4QDptp","wYCqaZcA+7slXlj5N/mM6vobrh4QDptp",
"e61c06bf-c071-40e3-8dac-6b9ce2003120","BLAN_009.basePlot.bet","D02","BLAN","BLAN_009","N","2015-07-23","2015-08-06","2015-08-07","2015-09-22","2015-09-22","BLAN_009.N.20150806","7TKpA4ipJZDLqKPO2y3GpnLSNxt1MihNYaTDKHzRGBk=","carabid","CYCAPP","Cyclotrachelus approximatus","species",,"LeConte",,1,"Freitag, R. 1969. A revision of the species of the genus Evarthrus LeConte. Quaestiones Entomologicae 5:89-212.","wYCqaZcA+7slXlj5N/mM6vobrh4QDptp","wYCqaZcA+7slXlj5N/mM6vobrh4QDptp",
"943cb45d-72b3-4bea-ac4f-df4db5fb4c75","BLAN_006.basePlot.bet","D02","BLAN","BLAN_006","N","2015-07-23","2015-08-06","2015-08-07","2015-09-22","2015-09-22","BLAN_006.N.20150806","YPnoadCppCw5fBSxKNPHHshYCTzgNRGr7VU0tK8FhHc=","carabid","CYCFUR","Cyclotrachelus furtivus","species",,"LeConte",,1,"Freitag, R. 1969. A revision of the species of the genus Evarthrus LeConte. Quaestiones Entomologicae 5:89-212.","wYCqaZcA+7slXlj5N/mM6vobrh4QDptp","wYCqaZcA+7slXlj5N/mM6vobrh4QDptp",
"f490e398-aa07-4b22-8221-d36dbb5a6198","BLAN_009.basePlot.bet","D02","BLAN","BLAN_009","N","2015-07-23","2015-08-06","2015-08-07","2015-09-22",,"BLAN_009.N.20150806","7TKpA4ipJZDLqKPO2y3Gpj2xxGF/pMAsXFIOXtT+tOY=","invert bycatch",,,,,,,,,,"wYCqaZcA+7slXlj5N/mM6vobrh4QDptp",
"5f99da2d-45c3-49bb-9787-0310287576fc","BLAN_007.basePlot.bet","D02","BLAN","BLAN_007","N","2015-07-23","2015-08-06","2015-08-07","2015-09-23","2015-09-23","BLAN_007.N.20150806","bSFRDFDJGfytG99/VH38tL8GgQlbT0jocS/C569jRU0=","carabid","CYCSIG","Cyclotrachelus sigillatus","species",,"Say",,2,"Freitag, R. 1969. A revision of the species of the genus Evarthrus LeConte. Quaestiones Entomologicae 5:89-212.","wYCqaZcA+7slXlj5N/mM6vobrh4QDptp","wYCqaZcA+7slXlj5N/mM6vobrh4QDptp",
"480f825f-8d09-4716-8545-b7e78a153374","BLAN_005.basePlot.bet","D02","BLAN","BLAN_005","N","2015-07-23","2015-08-06","2015-08-07","2015-09-22",,"BLAN_005.N.20150806","z8g4o9caFRMjyse/PCVBHFI8wmGDjMThhvvqxfiIQwk=","invert bycatch",,,,,,,,,,"wYCqaZcA+7slXlj5N/mM6vobrh4QDptp",
"82bf5c8a-bff6-4b8b-9cdd-ff5c83103caa","BLAN_011.basePlot.bet","D02","BLAN","BLAN_011","N","2015-07-23","2015-08-06","2015-08-07","2015-09-22","2015-09-22","BLAN_011.N.20150806","N4JQ3RFWht3sbbIawXLCq2XwmpbFRwMLliPUDjtQeTY=","carabid","CHLAES","Chlaenius aestivus","species",,"Say",,1,"Ciegler, J. C. 2000. Ground beetles and wrinkled bark beetles of South Carolina (Coleoptera: Geadephaga: Carabidae and Rhysodidae). Biota of South Carolina. Vol. 1. Clemson, S. Clemson University.","wYCqaZcA+7slXlj5N/mM6vobrh4QDptp","wYCqaZcA+7slXlj5N/mM6vobrh4QDptp",
"a6943bc5-f805-4487-894d-850c04e7a084","BLAN_011.basePlot.bet","D02","BLAN","BLAN_011","S","2015-07-23","2015-08-06","2015-08-07","2015-09-22","2015-09-22","BLAN_011.S.20150806","N4JQ3RFWht13HHHMMMID0U3o86oGk23CiiQL5hnV26Q=","carabid","CYCSIG","Cyclotrachelus sigillatus","species",,"Say",,6,"Freitag, R. 1969. A revision of the species of the genus Evarthrus LeConte. Quaestiones Entomologicae 5:89-212.","wYCqaZcA+7slXlj5N/mM6vobrh4QDptp","wYCqaZcA+7slXlj5N/mM6vobrh4QDptp",
"55d4c633-af74-462a-b51c-6d7a88b26aa2","BLAN_006.basePlot.bet","D02","BLAN","BLAN_006","S","2015-07-23","2015-08-06","2015-08-07","2015-09-22","2015-10-01","BLAN_006.S.20150806","YPnoadCppCzewqzz7FEYf12wAkh75N3tZ1cS/zvEokA=","carabid","HARPEN","Harpalus pensylvanicus","species",,"DeGeer",,1,"Ball, G. E., and J. N. Anderson. 1962. The taxonomy and speciation of Pseudophonus (a subgenus of Harpalus: Haralini: Carabidae, known to occur in North America). The Catholic University of America Press, Washington 17, D. C.","wYCqaZcA+7slXlj5N/mM6vobrh4QDptp","wYCqaZcA+7slXlj5N/mM6vobrh4QDptp",
"13afbd98-6f35-4c5d-871c-4114218da8ea","BLAN_005.basePlot.bet","D02","BLAN","BLAN_005","S","2015-07-23","2015-08-06","2015-08-07","2015-09-22",,"BLAN_005.S.20150806","z8g4o9caFROyny+EfIixsPDXk8TvUjiHAMnZkwUeNu8=","invert bycatch",,,,,,,,,,"wYCqaZcA+7slXlj5N/mM6vobrh4QDptp",
"2c6e8eb0-9a62-4a2f-a5f8-2fc3816ae74b","BLAN_009.basePlot.bet","D02","BLAN","BLAN_009","S","2015-07-23","2015-08-06","2015-08-07","2015-09-22",,"BLAN_009.S.20150806","7TKpA4ipJZD/eLeUcyr09Zj/vw0e1+nN7FZKPXoRzDM=","invert bycatch",,,,,,,,,,"wYCqaZcA+7slXlj5N/mM6vobrh4QDptp",
"0e5d4d44-d4c9-404b-86cd-ad2e1e48e9c3","BLAN_009.basePlot.bet","D02","BLAN","BLAN_009","S","2015-07-23","2015-08-06","2015-08-07","2015-09-22","2015-11-06","BLAN_009.S.20150806","7TKpA4ipJZD/eLeUcyr09QYX7YNRYmJT26HRmo89wjg=","carabid","HARVAG","Harpalus vagans","species",,"LeConte",,1,"Ball, G. E., and J. N. Anderson. 1962. The taxonomy and speciation of Pseudophonus (a subgenus of Harpalus: Haralini: Carabidae, known to occur in North America). The Catholic University of America Press, Washington 17, D. C.","wYCqaZcA+7slXlj5N/mM6vobrh4QDptp","wYCqaZcA+7slXlj5N/mM6vobrh4QDptp",
"ff62bc97-302b-4adf-98f9-07a3230b07db","BLAN_006.basePlot.bet","D02","BLAN","BLAN_006","S","2015-07-23","2015-08-06","2015-08-07","2015-09-22","2015-10-01","BLAN_006.S.20150806","YPnoadCppCzewqzz7FEYfwcSZvPNaGM/8bVyPYda5z8=","carabid","ANIRUS","Anisodactylus rusticus","species",,"Say",,1,"Noonan, G. R. 1973. The Anisodactylines (Insecta: Coleoptera: Carabidae: Harpalini): classification, evolution and zoogeography. Quaestiones Entomologicae 9:266-480.","wYCqaZcA+7slXlj5N/mM6vobrh4QDptp","wYCqaZcA+7slXlj5N/mM6vobrh4QDptp",
"eb95d649-5ca6-4979-90d2-b79f9091fcb1","BLAN_007.basePlot.bet","D02","BLAN","BLAN_007","S","2015-07-23","2015-08-06","2015-08-07","2015-09-23","2015-09-23","BLAN_007.S.20150806","bSFRDFDJGfxVcvZJvv+ISt37CeaHvo0SkfRYwiKcPM4=","carabid","CYCFUR","Cyclotrachelus furtivus","species",,"LeConte",,3,"Freitag, R. 1969. A revision of the species of the genus Evarthrus LeConte. Quaestiones Entomologicae 5:89-212.","wYCqaZcA+7slXlj5N/mM6vobrh4QDptp","wYCqaZcA+7slXlj5N/mM6vobrh4QDptp",
"a90066e4-fd2e-479b-b5ad-57fed044ae4b","BLAN_004.basePlot.bet","D02","BLAN","BLAN_004","S","2015-07-23","2015-08-06","2015-08-07","2015-09-22",,"BLAN_004.S.20150806","zD/pbYGBt/CNI35fc9ji9JoRN6rZBVK4KBqHnLCQR+c=","invert bycatch",,,,,,,,,,"wYCqaZcA+7slXlj5N/mM6vobrh4QDptp",
"e21b579f-13e8-4e60-99db-cdef769db8e4","BLAN_001.basePlot.bet","D02","BLAN","BLAN_001","S","2015-07-23","2015-08-06","2015-08-07","2015-09-23",,"BLAN_001.S.20150806","snBNH0r8Ie3oU3fy7HbdkYUaAyYq6pZd8QddUtiQi58=","invert bycatch",,,,,,,,,,"wYCqaZcA+7slXlj5N/mM6vobrh4QDptp",
"5b5b3648-60f8-4a9e-8b24-5a6e4e6d094b","BLAN_001.basePlot.bet","D02","BLAN","BLAN_001","S","2015-07-23","2015-08-06","2015-08-07","2015-09-23","2015-09-23","BLAN_001.S.20150806","snBNH0r8Ie3oU3fy7HbdkbyuCR3as2mzURuA6h0Ri3I=","carabid","CHLAES","Chlaenius aestivus","species",,"Say",,1,"Ciegler, J. C. 2000. Ground beetles and wrinkled bark beetles of South Carolina (Coleoptera: Geadephaga: Carabidae and Rhysodidae). Biota of South Carolina. Vol. 1. Clemson, S. Clemson University.","OkD7GLun5+2axcMZFkkGzqUglhn8Dr4Y","wYCqaZcA+7slXlj5N/mM6vobrh4QDptp",
"11a432b8-7e89-4a54-aa68-639531e73482","BLAN_009.basePlot.bet","D02","BLAN","BLAN_009","S","2015-07-23","2015-08-06","2015-08-07","2015-09-22","2015-09-22","BLAN_009.S.20150806","7TKpA4ipJZD/eLeUcyr09ZrwizyJj30fDAgI66VCZXo=","carabid","CYCSIG","Cyclotrachelus sigillatus","species",,"Say",,1,"Freitag, R. 1969. A revision of the species of the genus Evarthrus LeConte. Quaestiones Entomologicae 5:89-212.","wYCqaZcA+7slXlj5N/mM6vobrh4QDptp","wYCqaZcA+7slXlj5N/mM6vobrh4QDptp",
"8bb34169-0b66-4802-aa74-47d6738299c8","BLAN_006.basePlot.bet","D02","BLAN","BLAN_006","S","2015-07-23","2015-08-06","2015-08-07","2015-09-22",,"BLAN_006.S.20150806","YPnoadCppCzewqzz7FEYf2J352cANaeJAS+D6oVvtoE=","invert bycatch",,,,,,,,,,"wYCqaZcA+7slXlj5N/mM6vobrh4QDptp",
"6ec4b719-795b-481f-9442-c93b352d3125","BLAN_004.basePlot.bet","D02","BLAN","BLAN_004","S","2015-07-23","2015-08-06","2015-08-07","2015-09-22","2015-09-22","BLAN_004.S.20150806","zD/pbYGBt/CNI35fc9ji9F7vGfr+kX369BQy78LQfVg=","carabid","POELUC","Poecilus lucublandus","species",,"Say",,1,"Ciegler, J. C. 2000. Ground beetles and wrinkled bark beetles of South Carolina (Coleoptera: Geadephaga: Carabidae and Rhysodidae). Biota of South Carolina. Vol. 1. Clemson, S. Clemson University.","wYCqaZcA+7slXlj5N/mM6vobrh4QDptp","wYCqaZcA+7slXlj5N/mM6vobrh4QDptp",
"694f4253-88d1-4a72-8ded-6aa18c659797","BLAN_007.basePlot.bet","D02","BLAN","BLAN_007","E","2015-08-06","2015-08-20","2015-08-21","2015-09-28","2015-09-29","BLAN_007.E.20150820","bSFRDFDJGfyH7CX1vhlSl3S9Z1JnDXWYVP7ny46cmkY=","carabid","CYCSIG","Cyclotrachelus sigillatus","species",,"Say",,4,"Freitag, R. 1969. A revision of the species of the genus Evarthrus LeConte. Quaestiones Entomologicae 5:89-212.","wYCqaZcA+7slXlj5N/mM6vobrh4QDptp","wYCqaZcA+7slXlj5N/mM6vobrh4QDptp",
"15ac3212-a0fc-4bf4-b5dc-24e4ad7ea6b8","BLAN_011.basePlot.bet","D02","BLAN","BLAN_011","E","2015-08-06","2015-08-20","2015-08-21","2015-09-28","2015-09-28","BLAN_011.E.20150820","N4JQ3RFWht1UiEJPpKgW20tce1mSUr9fz90YLp/bSjo=","carabid","CHLAES","Chlaenius aestivus","species",,"Say",,2,"Ciegler, J. C. 2000. Ground beetles and wrinkled bark beetles of South Carolina (Coleoptera: Geadephaga: Carabidae and Rhysodidae). Biota of South Carolina. Vol. 1. Clemson, S. Clemson University.","wYCqaZcA+7slXlj5N/mM6vobrh4QDptp","wYCqaZcA+7slXlj5N/mM6vobrh4QDptp",
"82b41b16-4cff-4d42-ac12-752e97501a9c","BLAN_002.basePlot.bet","D02","BLAN","BLAN_002","E","2015-08-06","2015-08-20","2015-08-21","2015-09-28",,"BLAN_002.E.20150820","pAIsJl1bu+EhoVbsGjTwWiapiSACXTehl/aHxoGKYNs=","invert bycatch",,,,,,,,,,"wYCqaZcA+7slXlj5N/mM6vobrh4QDptp",
"0afe2c67-e99f-4b2c-92a6-117c80b70b80","BLAN_009.basePlot.bet","D02","BLAN","BLAN_009","E","2015-08-06","2015-08-20","2015-08-21","2015-09-28",,"BLAN_009.E.20150820","7TKpA4ipJZDyHyTXy7ZdZwcv26RcJ6LeEwebtQsim6k=","invert bycatch",,,,,,,,,,"wYCqaZcA+7slXlj5N/mM6vobrh4QDptp",
"8d18938d-5ed1-4d30-b9cd-f5ede59cdf33","BLAN_001.basePlot.bet","D02","BLAN","BLAN_001","E","2015-08-06","2015-08-20","2015-08-21","2015-09-29","2015-09-29","BLAN_001.E.20150820","snBNH0r8Ie27sIQ3i0ssViuNI+/y27HG2kxVqnqRZGg=","carabid","CYCFUR","Cyclotrachelus furtivus","species",,"LeConte",,2,"Ciegler, J. C. 2000. Ground beetles and wrinkled bark beetles of South Carolina (Coleoptera: Geadephaga: Carabidae and Rhysodidae). Biota of South Carolina. Vol. 1. Clemson, S. Clemson University.","OkD7GLun5+2axcMZFkkGzqUglhn8Dr4Y","wYCqaZcA+7slXlj5N/mM6vobrh4QDptp",
"b324780e-2390-49ba-9383-57187c9bfacb","BLAN_004.basePlot.bet","D02","BLAN","BLAN_004","E","2015-08-06","2015-08-20","2015-08-21","2015-09-28",,"BLAN_004.E.20150820","zD/pbYGBt/BXsXKT6yBqReYoQEtmSeamAldjrMsjIIk=","invert bycatch",,,,,,,,,,"wYCqaZcA+7slXlj5N/mM6vobrh4QDptp",
"7854b615-76f7-4940-9cbb-d6c240f8b010","BLAN_006.basePlot.bet","D02","BLAN","BLAN_006","E","2015-08-06","2015-08-20","2015-08-21","2015-09-28","2015-11-06","BLAN_006.E.20150820","YPnoadCppCw/xFNAB855mav79BjWrw/7iz6xb2TdZ+k=","carabid","HARPEN","Harpalus pensylvanicus","species",,"DeGeer",,5,"Ball, G. E., and J. N. Anderson. 1962. The taxonomy and speciation of Pseudophonus (a subgenus of Harpalus: Haralini: Carabidae, known to occur in North America). The Catholic University of America Press, Washington 17, D. C.","wYCqaZcA+7slXlj5N/mM6vobrh4QDptp","wYCqaZcA+7slXlj5N/mM6vobrh4QDptp",
"a1c52901-5a7c-4a45-b22e-ee2439f8a426","BLAN_011.basePlot.bet","D02","BLAN","BLAN_011","E","2015-08-06","2015-08-20","2015-08-21","2015-09-28",,"BLAN_011.E.20150820","N4JQ3RFWht1UiEJPpKgW2zbW6ArrWy3SqVQNvmMUQoc=","invert bycatch",,,,,,,,,,"wYCqaZcA+7slXlj5N/mM6vobrh4QDptp",
"89a8ad5b-1745-4910-8a25-27279b02f861","BLAN_005.basePlot.bet","D02","BLAN","BLAN_005","E","2015-08-06","2015-08-20","2015-08-21","2015-09-28","2015-09-28","BLAN_005.E.20150820","z8g4o9caFRNBjyTGQyR3EdKMjygL593wK+Ogy+DF+lg=","carabid","PTESTY","Pterostichus stygicus","species",,"Say",,3,"Bousquet, Y. 2010b. Illustrated Identification Guide to Adults and Larvae of Northeastern North American Ground Beetles (Coleoptera: Carabidae). 1st Ed. Pensoft Publishers, Sofia, Bulgaria.","wYCqaZcA+7slXlj5N/mM6vobrh4QDptp","wYCqaZcA+7slXlj5N/mM6vobrh4QDptp",
"f9ce6796-4d54-41c5-bebd-c2f2d2aa719d","BLAN_005.basePlot.bet","D02","BLAN","BLAN_005","E","2015-08-06","2015-08-20","2015-08-21","2015-09-28",,"BLAN_005.E.20150820","z8g4o9caFRNBjyTGQyR3EfD9EzuUAdpE3Z9eu0Jjddw=","invert bycatch",,,,,,,,,,"wYCqaZcA+7slXlj5N/mM6vobrh4QDptp",
"f2fc2c6d-66a0-4ad8-a702-409fed51d6fa","BLAN_012.basePlot.bet","D02","BLAN","BLAN_012","E","2015-08-06","2015-08-20","2015-08-21","2015-09-28",,"BLAN_012.E.20150820","J0lvmfNn/fev68GQtXYsHo+wm/blT+uPAt4+a3ACzTc=","invert bycatch",,,,,,,,,,"wYCqaZcA+7slXlj5N/mM6vobrh4QDptp",
"d362c365-a955-46b8-a289-6d9e0c7a3b68","BLAN_011.basePlot.bet","D02","BLAN","BLAN_011","E","2015-08-06","2015-08-20","2015-08-21","2015-09-28",,"BLAN_011.E.20150820","N4JQ3RFWht1UiEJPpKgW2zbW6ArrWy3SoBF3cyuGohY=","invert bycatch",,,,,,,,,,"wYCqaZcA+7slXlj5N/mM6vobrh4QDptp",
"96fa1651-c3ac-4695-9de2-d5dbf03d9ed8","BLAN_011.basePlot.bet","D02","BLAN","BLAN_011","E","2015-08-06","2015-08-20","2015-08-21","2015-09-28","2015-09-28","BLAN_011.E.20150820","N4JQ3RFWht1UiEJPpKgW209dha6ipqhtRcniPL6epwk=","carabid","BEMPED","Bembidion pedicellatum","species",,"LeConte",,1,"Lindroth, C. H. 1969. The ground-beetles (Carabidae, excl. Cicindelinae) of Canada and Alaska, parts 1-6. Opuscula E. Entomoligiska Sallskapet.","wYCqaZcA+7slXlj5N/mM6vobrh4QDptp","wYCqaZcA+7slXlj5N/mM6vobrh4QDptp",
"cac7e96e-aec3-4ff0-b01b-a3ee02ca69e5","BLAN_006.basePlot.bet","D02","BLAN","BLAN_006","E","2015-08-06","2015-08-20","2015-08-21","2015-09-28",,"BLAN_006.E.20150820","YPnoadCppCw/xFNAB855mZIoPZ/t+3UHCiZQOTbs+9c=","invert bycatch",,,,,,,,,,"wYCqaZcA+7slXlj5N/mM6vobrh4QDptp",
"d0733cf9-016d-4e4f-b7f8-e8d93dd726c1","BLAN_011.basePlot.bet","D02","BLAN","BLAN_011","E","2015-08-06","2015-08-20","2015-08-21","2015-09-28","2015-09-28","BLAN_011.E.20150820","N4JQ3RFWht1UiEJPpKgW2xN11P/oQwtFZydGx3QWCT0=","carabid","CYCSIG","Cyclotrachelus sigillatus","species",,"Say",,13,"Freitag, R. 1969. A revision of the species of the genus Evarthrus LeConte. Quaestiones Entomologicae 5:89-212.","wYCqaZcA+7slXlj5N/mM6vobrh4QDptp","wYCqaZcA+7slXlj5N/mM6vobrh4QDptp",
"ebd2056a-323e-4133-a47b-0f4e884d75ea","BLAN_011.basePlot.bet","D02","BLAN","BLAN_011","E","2015-08-06","2015-08-20","2015-08-21","2015-09-28","2015-09-28","BLAN_011.E.20150820","N4JQ3RFWht1UiEJPpKgW24MxmAAx5TtrahwORKdhts4=","carabid","PTESTY","Pterostichus stygicus","species",,"Say",,1,"Bousquet, Y. 2010b. Illustrated Identification Guide to Adults and Larvae of Northeastern North American Ground Beetles (Coleoptera: Carabidae). 1st Ed. Pensoft Publishers, Sofia, Bulgaria.","wYCqaZcA+7slXlj5N/mM6vobrh4QDptp","wYCqaZcA+7slXlj5N/mM6vobrh4QDptp",
"db22d330-777d-42c3-b985-6da57dc42023","BLAN_006.basePlot.bet","D02","BLAN","BLAN_006","E","2015-08-06","2015-08-20","2015-08-21","2015-09-28",,"BLAN_006.E.20150820","YPnoadCppCw/xFNAB855mZIoPZ/t+3UHy9d0lc41Z7Y=","invert bycatch",,,,,,,,,,"wYCqaZcA+7slXlj5N/mM6vobrh4QDptp",
"cfe8269c-335a-46ae-b45b-19b85633ae1b","BLAN_011.basePlot.bet","D02","BLAN","BLAN_011","E","2015-08-06","2015-08-20","2015-08-21","2015-09-28","2015-09-28","BLAN_011.E.20150820","N4JQ3RFWht1UiEJPpKgW2zWTId/sk91E1/YzwnZJObA=","vert bycatch herp","ANAAME","Anaxyrus americanus","species",,"Holbrook",,1,"Conant, R., and J. T. Collins. 1998. A Field Guide to Reptiles and Amphibians: Eastern and Central North America. 3rd Ed. Houghton Mifflin Company, New York, NY.","esNjjubcI51hdInmRHEEIrFR4+oIJtuN","wYCqaZcA+7slXlj5N/mM6vobrh4QDptp",
"db8d626b-b131-461c-a277-e1ec1b2cca65","BLAN_009.basePlot.bet","D02","BLAN","BLAN_009","E","2015-08-06","2015-08-20","2015-08-21","2015-09-28","2015-09-28","BLAN_009.E.20150820","7TKpA4ipJZDyHyTXy7ZdZ0YABnfc5g8jRnG4qBczaqY=","carabid","CALGRE","Calathus gregarius","species",,"Say",,1,"Bousquet, Y. 2010b. Illustrated Identification Guide to Adults and Larvae of Northeastern North American Ground Beetles (Coleoptera: Carabidae). 1st Ed. Pensoft Publishers, Sofia, Bulgaria.","wYCqaZcA+7slXlj5N/mM6vobrh4QDptp","wYCqaZcA+7slXlj5N/mM6vobrh4QDptp",
"ed371574-f211-4435-9bdb-e769e0d4bd16","BLAN_009.basePlot.bet","D02","BLAN","BLAN_009","E","2015-08-06","2015-08-20","2015-08-21","2015-09-28",,"BLAN_009.E.20150820","7TKpA4ipJZDyHyTXy7ZdZwcv26RcJ6LeLV4fbohDsjM=","invert bycatch",,,,,,,,,,"wYCqaZcA+7slXlj5N/mM6vobrh4QDptp",
"c9bff15b-b83d-4891-adae-d4f2832f71a5","BLAN_009.basePlot.bet","D02","BLAN","BLAN_009","E","2015-08-06","2015-08-20","2015-08-21","2015-09-28","2015-09-28","BLAN_009.E.20150820","7TKpA4ipJZDyHyTXy7ZdZ2zbf6v1CB5nRdKIixNwPxA=","carabid","PTETRI1","Pterostichus trinarius","species",,"Casey",,1,"Lindroth, C. H. 1969. The ground-beetles (Carabidae, excl. Cicindelinae) of Canada and Alaska, parts 1-6. Opuscula E. Entomoligiska Sallskapet.","wYCqaZcA+7slXlj5N/mM6vobrh4QDptp","wYCqaZcA+7slXlj5N/mM6vobrh4QDptp",
"563a1f9b-15c1-40e3-9a80-4e3bd8d06f5a","BLAN_005.basePlot.bet","D02","BLAN","BLAN_005","E","2015-08-06","2015-08-20","2015-08-21","2015-09-28","2015-09-28","BLAN_005.E.20150820","z8g4o9caFRNBjyTGQyR3EQwgPeBpJL3Vlq6OenGVbIk=","carabid","PTEPER2","Pterostichus permundus","species",,"Say",,1,"Ciegler, J. C. 2000. Ground beetles and wrinkled bark beetles of South Carolina (Coleoptera: Geadephaga: Carabidae and Rhysodidae). Biota of South Carolina. Vol. 1. Clemson, S. Clemson University.","wYCqaZcA+7slXlj5N/mM6vobrh4QDptp","wYCqaZcA+7slXlj5N/mM6vobrh4QDptp",
"2f13b591-7710-41a4-8e1e-c63a080722b2","BLAN_005.basePlot.bet","D02","BLAN","BLAN_005","E","2015-08-06","2015-08-20","2015-08-21","2015-09-28","2015-09-28","BLAN_005.E.20150820","z8g4o9caFRNBjyTGQyR3Eby1Wzyp10QgooK2gdFcsYI=","carabid","DICDIL1","Dicaelus dilatatus dilatatus","subspecies",,"Say",,1,"Ciegler, J. C. 2000. Ground beetles and wrinkled bark beetles of South Carolina (Coleoptera: Geadephaga: Carabidae and Rhysodidae). Biota of South Carolina. Vol. 1. Clemson, S. Clemson University.","wYCqaZcA+7slXlj5N/mM6vobrh4QDptp","wYCqaZcA+7slXlj5N/mM6vobrh4QDptp",
"43bf60c3-2fb0-4413-b39a-505b86631591","BLAN_003.basePlot.bet","D02","BLAN","BLAN_003","E","2015-08-06","2015-08-20","2015-08-21","2015-09-28",,"BLAN_003.E.20150820","qWnRnvyEnOyTg93fo0GlNG+HMVoR0ZmKMGlJp0aKHN0=","invert bycatch",,,,,,,,,,"wYCqaZcA+7slXlj5N/mM6vobrh4QDptp",
"9cdfa8b5-e3d2-478f-a81a-aff54b9c8cb3","BLAN_001.basePlot.bet","D02","BLAN","BLAN_001","E","2015-08-06","2015-08-20","2015-08-21","2015-09-29",,"BLAN_001.E.20150820","snBNH0r8Ie27sIQ3i0ssVosUcChII+WQ9GmksFacysE=","invert bycatch",,,,,,,,,,"wYCqaZcA+7slXlj5N/mM6vobrh4QDptp",
"dcd861b7-9eb1-4956-89a1-ba600162c92c","BLAN_003.basePlot.bet","D02","BLAN","BLAN_003","E","2015-08-06","2015-08-20","2015-08-21","2015-09-28","2015-11-06","BLAN_003.E.20150820","qWnRnvyEnOyTg93fo0GlNDTgtv8gFXIAjgSheWc5Koc=","carabid","HARPEN","Harpalus pensylvanicus","species",,"DeGeer",,1,"Ball, G. E., and J. N. Anderson. 1962. The taxonomy and speciation of Pseudophonus (a subgenus of Harpalus: Haralini: Carabidae, known to occur in North America). The Catholic University of America Press, Washington 17, D. C.","wYCqaZcA+7slXlj5N/mM6vobrh4QDptp","wYCqaZcA+7slXlj5N/mM6vobrh4QDptp",
"e316106d-ae50-44c1-8a68-df25b2fba52d","BLAN_001.basePlot.bet","D02","BLAN","BLAN_001","E","2015-08-06","2015-08-20","2015-08-21","2015-09-29","2015-09-29","BLAN_001.E.20150820","snBNH0r8Ie27sIQ3i0ssVisvcbGeA14j9YzfpnE/Kts=","carabid","CHLAES","Chlaenius aestivus","species",,"Say",,2,"Ciegler, J. C. 2000. Ground beetles and wrinkled bark beetles of South Carolina (Coleoptera: Geadephaga: Carabidae and Rhysodidae). Biota of South Carolina. Vol. 1. Clemson, S. Clemson University.","OkD7GLun5+2axcMZFkkGzqUglhn8Dr4Y","wYCqaZcA+7slXlj5N/mM6vobrh4QDptp",
"e40b2625-6737-49e0-859f-56e59d90f70c","BLAN_001.basePlot.bet","D02","BLAN","BLAN_001","E","2015-08-06","2015-08-20","2015-08-21","2015-09-29",,"BLAN_001.E.20150820","snBNH0r8Ie27sIQ3i0ssVosUcChII+WQUsKUcHlcJlk=","invert bycatch",,,,,,,,,,"wYCqaZcA+7slXlj5N/mM6vobrh4QDptp",
"916bcbb9-a2ae-443f-b6bb-11027a6b7de1","BLAN_001.basePlot.bet","D02","BLAN","BLAN_001","E","2015-08-06","2015-08-20","2015-08-21","2015-09-29","2015-11-06","BLAN_001.E.20150820","snBNH0r8Ie27sIQ3i0ssVu64VkdrhklX0QWfjq0nEao=","carabid","HARPRO1","Harpalus protractus","species",,"Casey",,1,"Ball, G. E., and J. N. Anderson. 1962. The taxonomy and speciation of Pseudophonus (a subgenus of Harpalus: Haralini: Carabidae, known to occur in North America). The Catholic University of America Press, Washington 17, D. C.","wYCqaZcA+7slXlj5N/mM6vobrh4QDptp","wYCqaZcA+7slXlj5N/mM6vobrh4QDptp",
"24f1161b-b82b-4625-9700-d96b4d9ac2ee","BLAN_007.basePlot.bet","D02","BLAN","BLAN_007","E","2015-08-06","2015-08-20","2015-08-21","2015-09-29",,"BLAN_007.E.20150820","bSFRDFDJGfyH7CX1vhlSlwrS3YdpbwuDbP8+UO5tVCg=","invert bycatch",,,,,,,,,,"wYCqaZcA+7slXlj5N/mM6vobrh4QDptp",
"abd74c9a-d782-4862-b1e2-4214e96b404c","BLAN_007.basePlot.bet","D02","BLAN","BLAN_007","E","2015-08-06","2015-08-20","2015-08-21","2015-09-29",,"BLAN_007.E.20150820","bSFRDFDJGfyH7CX1vhlSlwrS3YdpbwuDgCt5iBjZFOM=","invert bycatch",,,,,,,,,,"wYCqaZcA+7slXlj5N/mM6vobrh4QDptp",
"685bf528-702c-465c-b1ae-ef84769c90aa","BLAN_001.basePlot.bet","D02","BLAN","BLAN_001","N","2015-08-06","2015-08-20","2015-08-21","2015-09-29",,"BLAN_001.N.20150820","snBNH0r8Ie2dc6Bc7EcuB1eb8NOIowLgAxRxYp4naaQ=","invert bycatch",,,,,,,,,,"wYCqaZcA+7slXlj5N/mM6vobrh4QDptp",
"26e07721-a6e8-4a47-8fbe-55d82cbb66fd","BLAN_007.basePlot.bet","D02","BLAN","BLAN_007","N","2015-08-06","2015-08-20","2015-08-21","2015-09-29","2015-09-29","BLAN_007.N.20150820","bSFRDFDJGfytG99/VH38tNE/YZRhm2NOidxecWeCLuc=","carabid","CYCSIG","Cyclotrachelus sigillatus","species",,"Say",,1,"Freitag, R. 1969. A revision of the species of the genus Evarthrus LeConte. Quaestiones Entomologicae 5:89-212.","wYCqaZcA+7slXlj5N/mM6vobrh4QDptp","wYCqaZcA+7slXlj5N/mM6vobrh4QDptp",
"21b35fcf-e508-42bb-b19e-40e617b959b1","BLAN_011.basePlot.bet","D02","BLAN","BLAN_011","N","2015-08-06","2015-08-20","2015-08-21","2015-09-28","2015-09-28","BLAN_011.N.20150820","N4JQ3RFWht3sbbIawXLCq8XSgqmcfUgSsSAWpdRIz2Y=","carabid","PTETRI1","Pterostichus trinarius","species",,"Casey",,1,"Lindroth, C. H. 1969. The ground-beetles (Carabidae, excl. Cicindelinae) of Canada and Alaska, parts 1-6. Opuscula E. Entomoligiska Sallskapet.","wYCqaZcA+7slXlj5N/mM6vobrh4QDptp","wYCqaZcA+7slXlj5N/mM6vobrh4QDptp",
"148a4a89-b510-42d6-9362-3d6c963a0aba","BLAN_007.basePlot.bet","D02","BLAN","BLAN_007","N","2015-08-06","2015-08-20","2015-08-21","2015-09-29",,"BLAN_007.N.20150820","bSFRDFDJGfytG99/VH38tJb/vLFTyocBIvjxqz7f/aQ=","invert bycatch",,,,,,,,,,"wYCqaZcA+7slXlj5N/mM6vobrh4QDptp",
"ef14f322-c5a2-45aa-b046-7fdcb3dacc63","BLAN_012.basePlot.bet","D02","BLAN","BLAN_012","N","2015-08-06","2015-08-20","2015-08-21","2015-09-28","2015-09-28","BLAN_012.N.20150820","J0lvmfNn/ffePszKztR5ZHOZjYMWXLxzhrLIFsCtyqo=","carabid","PTESTY","Pterostichus stygicus","species",,"Say",,1,"Bousquet, Y. 2010b. Illustrated Identification Guide to Adults and Larvae of Northeastern North American Ground Beetles (Coleoptera: Carabidae). 1st Ed. Pensoft Publishers, Sofia, Bulgaria.","wYCqaZcA+7slXlj5N/mM6vobrh4QDptp","wYCqaZcA+7slXlj5N/mM6vobrh4QDptp",
"dca11009-24fa-4fef-be32-321c1cd38ff9","BLAN_002.basePlot.bet","D02","BLAN","BLAN_002","N","2015-08-06","2015-08-20","2015-08-21","2015-09-28",,"BLAN_002.N.20150820","pAIsJl1bu+HXiZP2divGM7P4ZG1mBzC10tSyM27bWk8=","invert bycatch",,,,,,,,,,"wYCqaZcA+7slXlj5N/mM6vobrh4QDptp",
"adaeba55-723e-4f50-a324-dce3666f9422","BLAN_009.basePlot.bet","D02","BLAN","BLAN_009","N","2015-08-06","2015-08-20","2015-08-21","2015-09-28",,"BLAN_009.N.20150820","7TKpA4ipJZDLqKPO2y3Gpk0YUusS5GohtZbTBxWMHQQ=","invert bycatch",,,,,,,,,,"wYCqaZcA+7slXlj5N/mM6vobrh4QDptp",
"6f5bf285-4e7d-4300-9644-974fecce5ba6","BLAN_007.basePlot.bet","D02","BLAN","BLAN_007","N","2015-08-06","2015-08-20","2015-08-21","2015-09-29","2015-09-29","BLAN_007.N.20150820","bSFRDFDJGfytG99/VH38tA39rrRmAA08GA7pthNAuxs=","carabid","DICAMB","Dicaelus ambiguus","species",,"LaFerte-Senectere",,1,"Ciegler, J. C. 2000. Ground beetles and wrinkled bark beetles of South Carolina (Coleoptera: Geadephaga: Carabidae and Rhysodidae). Biota of South Carolina. Vol. 1. Clemson, S. Clemson University.","wYCqaZcA+7slXlj5N/mM6vobrh4QDptp","wYCqaZcA+7slXlj5N/mM6vobrh4QDptp",
"140e6fe2-eb38-4cba-9f8e-f80d00242f13","BLAN_007.basePlot.bet","D02","BLAN","BLAN_007","N","2015-08-06","2015-08-20","2015-08-21","2015-09-29","2015-09-29","BLAN_007.N.20150820","bSFRDFDJGfytG99/VH38tOg/CpzFl7MhsIkoOzzNy18=","carabid","AMPINT","Amphasia interstitialis","species",,"Say",,1,"Ciegler, J. C. 2000. Ground beetles and wrinkled bark beetles of South Carolina (Coleoptera: Geadephaga: Carabidae and Rhysodidae). Biota of South Carolina. Vol. 1. Clemson, S. Clemson University.","wYCqaZcA+7slXlj5N/mM6vobrh4QDptp","wYCqaZcA+7slXlj5N/mM6vobrh4QDptp",
"35c33015-9168-4697-adde-04f92167b864","BLAN_007.basePlot.bet","D02","BLAN","BLAN_007","N","2015-08-06","2015-08-20","2015-08-21","2015-09-29",,"BLAN_007.N.20150820","bSFRDFDJGfytG99/VH38tJb/vLFTyocBz0kPKjm3pdY=","invert bycatch",,,,,,,,,,"wYCqaZcA+7slXlj5N/mM6vobrh4QDptp",
"ea642526-5f63-408b-b55b-e09586c2abfe","BLAN_004.basePlot.bet","D02","BLAN","BLAN_004","N","2015-08-06","2015-08-20","2015-08-21","2015-09-28",,"BLAN_004.N.20150820","zD/pbYGBt/C/aB+ZJY3XZ5TpS3T7kcM37ZKcDmRFgxw=","invert bycatch",,,,,,,,,,"wYCqaZcA+7slXlj5N/mM6vobrh4QDptp",
"72ab7c67-85fb-4372-bb80-a36664c04ea7","BLAN_007.basePlot.bet","D02","BLAN","BLAN_007","N","2015-08-06","2015-08-20","2015-08-21","2015-09-29","2015-09-29","BLAN_007.N.20150820","bSFRDFDJGfytG99/VH38tJ95x9+Gc780+tcO1S2zVUk=","carabid","CYCFUR","Cyclotrachelus furtivus","species",,"LeConte",,1,"Freitag, R. 1969. A revision of the species of the genus Evarthrus LeConte. Quaestiones Entomologicae 5:89-212.","wYCqaZcA+7slXlj5N/mM6vobrh4QDptp","wYCqaZcA+7slXlj5N/mM6vobrh4QDptp",
"69350e4f-b906-4cd4-bb99-c31f6351f080","BLAN_004.basePlot.bet","D02","BLAN","BLAN_004","N","2015-08-06","2015-08-20","2015-08-21","2015-09-28","2015-09-28","BLAN_004.N.20150820","zD/pbYGBt/C/aB+ZJY3XZ3J2kFktFMP/h8NlhjxUhnk=","carabid","PTEPER2","Pterostichus permundus","species",,"Say",,1,"Ciegler, J. C. 2000. Ground beetles and wrinkled bark beetles of South Carolina (Coleoptera: Geadephaga: Carabidae and Rhysodidae). Biota of South Carolina. Vol. 1. Clemson, S. Clemson University.","wYCqaZcA+7slXlj5N/mM6vobrh4QDptp","wYCqaZcA+7slXlj5N/mM6vobrh4QDptp",
"100a166d-f70b-49bd-bd92-0c8d6c7ed3b1","BLAN_004.basePlot.bet","D02","BLAN","BLAN_004","N","2015-08-06","2015-08-20","2015-08-21","2015-09-28","2015-11-06","BLAN_004.N.20150820","zD/pbYGBt/C/aB+ZJY3XZ3i45NkyscWXeLUvUxhsQqw=","carabid","HARPEN","Harpalus pensylvanicus","species",,"DeGeer",,2,"Ball, G. E., and J. N. Anderson. 1962. The taxonomy and speciation of Pseudophonus (a subgenus of Harpalus: Haralini: Carabidae, known to occur in North America). The Catholic University of America Press, Washington 17, D. C.","wYCqaZcA+7slXlj5N/mM6vobrh4QDptp","wYCqaZcA+7slXlj5N/mM6vobrh4QDptp",
"bb1d6a0b-724d-4633-866f-ba2df05ac044","BLAN_001.basePlot.bet","D02","BLAN","BLAN_001","N","2015-08-06","2015-08-20","2015-08-21","2015-09-29","2015-09-29","BLAN_001.N.20150820","snBNH0r8Ie2dc6Bc7EcuB1L4uHOIPHph/rE4/Qh+gZo=","carabid","CYCFUR","Cyclotrachelus furtivus","species",,"LeConte",,1,"Freitag, R. 1969. A revision of the species of the genus Evarthrus LeConte. Quaestiones Entomologicae 5:89-212.","OkD7GLun5+2axcMZFkkGzqUglhn8Dr4Y","wYCqaZcA+7slXlj5N/mM6vobrh4QDptp",
"a1b7b716-d5fc-40f8-8dbb-d8438048e6d1","BLAN_001.basePlot.bet","D02","BLAN","BLAN_001","N","2015-08-06","2015-08-20","2015-08-21","2015-09-29",,"BLAN_001.N.20150820","snBNH0r8Ie2dc6Bc7EcuB1eb8NOIowLgqYANNs9w9NY=","invert bycatch",,,,,,,,,,"wYCqaZcA+7slXlj5N/mM6vobrh4QDptp",
"fbcc458b-6878-485d-8fdc-f5e5a4450f8e","BLAN_003.basePlot.bet","D02","BLAN","BLAN_003","N","2015-08-06","2015-08-20","2015-08-21","2015-09-28",,"BLAN_003.N.20150820","qWnRnvyEnOx1fxKxt0MOld+S4/oqkUrRbarIRp0H0Q0=","invert bycatch",,,,,,,,,,"wYCqaZcA+7slXlj5N/mM6vobrh4QDptp",
"58405cfd-b7f3-4215-981b-ea2af6f5bc11","BLAN_003.basePlot.bet","D02","BLAN","BLAN_003","N","2015-08-06","2015-08-20","2015-08-21","2015-09-28","2015-09-28","BLAN_003.N.20150820","qWnRnvyEnOx1fxKxt0MOlc4zWW7Lyvkk5LKln6w9vqY=","carabid","CHLAES","Chlaenius aestivus","species",,"Say",,1,"Ciegler, J. C. 2000. Ground beetles and wrinkled bark beetles of South Carolina (Coleoptera: Geadephaga: Carabidae and Rhysodidae). Biota of South Carolina. Vol. 1. Clemson, S. Clemson University.","wYCqaZcA+7slXlj5N/mM6vobrh4QDptp","wYCqaZcA+7slXlj5N/mM6vobrh4QDptp",
"6cbf7d2f-2bd1-495a-8ff0-9e14d0279101","BLAN_005.basePlot.bet","D02","BLAN","BLAN_005","N","2015-08-06","2015-08-20","2015-08-21","2015-09-28",,"BLAN_005.N.20150820","z8g4o9caFRMjyse/PCVBHN3Z0g+YtLFaHy+kqIEfCAQ=","invert bycatch",,,,,,,,,,"wYCqaZcA+7slXlj5N/mM6vobrh4QDptp",
"bd8ccadb-becd-47e9-a651-abf10f043068","BLAN_012.basePlot.bet","D02","BLAN","BLAN_012","N","2015-08-06","2015-08-20","2015-08-21","2015-09-28",,"BLAN_012.N.20150820","J0lvmfNn/ffePszKztR5ZB5NhBugslqA4R9YW+NLUGE=","invert bycatch",,,,,,,,,,"wYCqaZcA+7slXlj5N/mM6vobrh4QDptp",
"dcab90f4-9df9-4805-80b7-61b72f2d550f","BLAN_009.basePlot.bet","D02","BLAN","BLAN_009","N","2015-08-06","2015-08-20","2015-08-21","2015-09-28",,"BLAN_009.N.20150820","7TKpA4ipJZDLqKPO2y3Gpk0YUusS5GohclbXAgG4l6w=","invert bycatch",,,,,,,,,,"wYCqaZcA+7slXlj5N/mM6vobrh4QDptp",
"504d16cb-5863-4bc5-b696-cd6cfde163f4","BLAN_009.basePlot.bet","D02","BLAN","BLAN_009","N","2015-08-06","2015-08-20","2015-08-21","2015-09-28","2015-09-28","BLAN_009.N.20150820","7TKpA4ipJZDLqKPO2y3GpqOBtg1OYdEMD8tFfCftDTU=","carabid","CHLAES","Chlaenius aestivus","species",,"Say",,2,"Ciegler, J. C. 2000. Ground beetles and wrinkled bark beetles of South Carolina (Coleoptera: Geadephaga: Carabidae and Rhysodidae). Biota of South Carolina. Vol. 1. Clemson, S. Clemson University.","wYCqaZcA+7slXlj5N/mM6vobrh4QDptp","wYCqaZcA+7slXlj5N/mM6vobrh4QDptp",
"773db236-e549-43f9-b7e4-064e73473dc7","BLAN_006.basePlot.bet","D02","BLAN","BLAN_006","N","2015-08-06","2015-08-20","2015-08-21","2015-09-28",,"BLAN_006.N.20150820","YPnoadCppCw5fBSxKNPHHtIvubl+lHSFZ/QB3Agcv1o=","invert bycatch",,,,,,,,,,"wYCqaZcA+7slXlj5N/mM6vobrh4QDptp",
"3408d194-a3e9-49fb-99ed-3d619c1592a1","BLAN_006.basePlot.bet","D02","BLAN","BLAN_006","N","2015-08-06","2015-08-20","2015-08-21","2015-09-28",,"BLAN_006.N.20150820","YPnoadCppCw5fBSxKNPHHtIvubl+lHSFTgqDzrBnRmY=","invert bycatch",,,,,,,,,,"wYCqaZcA+7slXlj5N/mM6vobrh4QDptp",
"3e868a2a-5156-4bc0-925b-1fc9db5c13ca","BLAN_011.basePlot.bet","D02","BLAN","BLAN_011","N","2015-08-06","2015-08-20","2015-08-21","2015-09-28","2015-09-28","BLAN_011.N.20150820","N4JQ3RFWht3sbbIawXLCq9z1Ce4i0ux+SPigQ/Mdwlc=","carabid","CHLAES","Chlaenius aestivus","species",,"Say",,2,"Ciegler, J. C. 2000. Ground beetles and wrinkled bark beetles of South Carolina (Coleoptera: Geadephaga: Carabidae and Rhysodidae). Biota of South Carolina. Vol. 1. Clemson, S. Clemson University.","wYCqaZcA+7slXlj5N/mM6vobrh4QDptp","wYCqaZcA+7slXlj5N/mM6vobrh4QDptp",
"e1bf857f-3037-4b90-b3bc-569847de8ec3","BLAN_011.basePlot.bet","D02","BLAN","BLAN_011","N","2015-08-06","2015-08-20","2015-08-21","2015-09-28",,"BLAN_011.N.20150820","N4JQ3RFWht3sbbIawXLCq5ERnULx3coufiyQ1U+qfwc=","invert bycatch",,,,,,,,,,"wYCqaZcA+7slXlj5N/mM6vobrh4QDptp",
"85e69f77-f8e3-4ef8-9951-43c9f2557074","BLAN_011.basePlot.bet","D02","BLAN","BLAN_011","N","2015-08-06","2015-08-20","2015-08-21","2015-09-28",,"BLAN_011.N.20150820","N4JQ3RFWht3sbbIawXLCq5ERnULx3couXC+FfQ9qbmk=","invert bycatch",,,,,,,,,,"wYCqaZcA+7slXlj5N/mM6vobrh4QDptp",
"e595b98d-db52-462a-93fe-9ff24c72297a","BLAN_011.basePlot.bet","D02","BLAN","BLAN_011","N","2015-08-06","2015-08-20","2015-08-21","2015-09-28","2015-09-28","BLAN_011.N.20150820","N4JQ3RFWht3sbbIawXLCq/nMd83SFoOsMDWUcdJCJ7I=","carabid","BEMPED","Bembidion pedicellatum","species",,"LeConte",,1,"Lindroth, C. H. 1969. The ground-beetles (Carabidae, excl. Cicindelinae) of Canada and Alaska, parts 1-6. Opuscula E. Entomoligiska Sallskapet.","wYCqaZcA+7slXlj5N/mM6vobrh4QDptp","wYCqaZcA+7slXlj5N/mM6vobrh4QDptp",
"ad0764aa-ab01-4061-b973-baafd2b762b7","BLAN_011.basePlot.bet","D02","BLAN","BLAN_011","N","2015-08-06","2015-08-20","2015-08-21","2015-09-28","2015-09-28","BLAN_011.N.20150820","N4JQ3RFWht3sbbIawXLCq8iMjfiLXFaLAgaKxU4PMXc=","carabid","CYCSIG","Cyclotrachelus sigillatus","species",,"Say",,7,"Freitag, R. 1969. A revision of the species of the genus Evarthrus LeConte. Quaestiones Entomologicae 5:89-212.","wYCqaZcA+7slXlj5N/mM6vobrh4QDptp","wYCqaZcA+7slXlj5N/mM6vobrh4QDptp",
"6d0a16ac-1c53-4438-9854-fb19333d32b2","BLAN_002.basePlot.bet","D02","BLAN","BLAN_002","S","2015-08-06","2015-08-20","2015-08-21","2015-09-28","2015-11-06","BLAN_002.S.20150820","pAIsJl1bu+E8Xbm7/DkTAs8sjbRUDGs6WVheQvFRATc=","carabid","HARPEN","Harpalus pensylvanicus","species",,"DeGeer",,2,"Ball, G. E., and J. N. Anderson. 1962. The taxonomy and speciation of Pseudophonus (a subgenus of Harpalus: Haralini: Carabidae, known to occur in North America). The Catholic University of America Press, Washington 17, D. C.","wYCqaZcA+7slXlj5N/mM6vobrh4QDptp","wYCqaZcA+7slXlj5N/mM6vobrh4QDptp",
"2b40c1e9-c282-4fc2-b6bd-d7add229a175","BLAN_005.basePlot.bet","D02","BLAN","BLAN_005","S","2015-08-06","2015-08-20","2015-08-21","2015-09-28","2015-09-28","BLAN_005.S.20150820","z8g4o9caFROyny+EfIixsGW2KI+6j/DLiEXsZ1KGfXM=","carabid","DICDIL1","Dicaelus dilatatus dilatatus","subspecies",,"Say",,1,"Ciegler, J. C. 2000. Ground beetles and wrinkled bark beetles of South Carolina (Coleoptera: Geadephaga: Carabidae and Rhysodidae). Biota of South Carolina. Vol. 1. Clemson, S. Clemson University.","wYCqaZcA+7slXlj5N/mM6vobrh4QDptp","wYCqaZcA+7slXlj5N/mM6vobrh4QDptp",
"ca950b6b-61b9-42d4-a887-c737046d85a8","BLAN_001.basePlot.bet","D02","BLAN","BLAN_001","S","2015-08-06","2015-08-20","2015-08-21","2015-09-29",,"BLAN_001.S.20150820","snBNH0r8Ie3oU3fy7Hbdkb848W4tXoFFvtYvLphiVvA=","invert bycatch",,,,,,,,,,"wYCqaZcA+7slXlj5N/mM6vobrh4QDptp",
"60178ac0-a357-48de-ad20-a839bac9853f","BLAN_003.basePlot.bet","D02","BLAN","BLAN_003","S","2015-08-06","2015-08-20","2015-08-21","2015-09-28",,"BLAN_003.S.20150820","qWnRnvyEnOw8ZG3glPjrxtasd0lcnhpwh1S4aUKso6M=","invert bycatch",,,,,,,,,,"wYCqaZcA+7slXlj5N/mM6vobrh4QDptp",
"13be607c-adab-4511-801d-9dc7261b8ebb","BLAN_006.basePlot.bet","D02","BLAN","BLAN_006","S","2015-08-06","2015-08-20","2015-08-21","2015-09-28",,"BLAN_006.S.20150820","YPnoadCppCzewqzz7FEYfxdClxa/ojrmW7wbfgNbjBQ=","invert bycatch",,,,,,,,,,"wYCqaZcA+7slXlj5N/mM6vobrh4QDptp",
"f9b1d4aa-2813-4803-9da2-c60e95266cc9","BLAN_011.basePlot.bet","D02","BLAN","BLAN_011","S","2015-08-06","2015-08-20","2015-08-21","2015-09-28","2015-09-28","BLAN_011.S.20150820","N4JQ3RFWht13HHHMMMID0d4d9e8kFzweHatJYxKSgMc=","carabid","PTESTY","Pterostichus stygicus","species",,"Say",,1,"Bousquet, Y. 2010b. Illustrated Identification Guide to Adults and Larvae of Northeastern North American Ground Beetles (Coleoptera: Carabidae). 1st Ed. Pensoft Publishers, Sofia, Bulgaria.","wYCqaZcA+7slXlj5N/mM6vobrh4QDptp","wYCqaZcA+7slXlj5N/mM6vobrh4QDptp",
"1735f039-ed91-49f7-aef8-a9d1fee8b78d","BLAN_012.basePlot.bet","D02","BLAN","BLAN_012","S","2015-08-06","2015-08-20","2015-08-21","2015-09-28",,"BLAN_012.S.20150820","J0lvmfNn/fcMLVBNGhCcXPd/BpfvWoLkGIJG/Lq1YEo=","invert bycatch",,,,,,,,,,"wYCqaZcA+7slXlj5N/mM6vobrh4QDptp",
"0087f479-3ea5-4900-a866-a0c954c4764c","BLAN_011.basePlot.bet","D02","BLAN","BLAN_011","S","2015-08-06","2015-08-20","2015-08-21","2015-09-28","2015-09-28","BLAN_011.S.20150820","N4JQ3RFWht13HHHMMMID0X2FF4L4+HVOIVmV8MPm7og=","carabid","PTETRI1","Pterostichus trinarius","species",,"Casey",,1,"Lindroth, C. H. 1969. The ground-beetles (Carabidae, excl. Cicindelinae) of Canada and Alaska, parts 1-6. Opuscula E. Entomoligiska Sallskapet.","wYCqaZcA+7slXlj5N/mM6vobrh4QDptp","wYCqaZcA+7slXlj5N/mM6vobrh4QDptp",
"bee1f448-7f95-4422-b970-86c5f18a1e58","BLAN_011.basePlot.bet","D02","BLAN","BLAN_011","S","2015-08-06","2015-08-20","2015-08-21","2015-09-28","2015-09-28","BLAN_011.S.20150820","N4JQ3RFWht13HHHMMMID0e5cUN1qc8/Tkr58bydpsno=","carabid","CYCSIG","Cyclotrachelus sigillatus","species",,"Say",,3,"Freitag, R. 1969. A revision of the species of the genus Evarthrus LeConte. Quaestiones Entomologicae 5:89-212.","wYCqaZcA+7slXlj5N/mM6vobrh4QDptp","wYCqaZcA+7slXlj5N/mM6vobrh4QDptp",
"709543f5-d68a-4be2-b7c8-899a40f4069c","BLAN_011.basePlot.bet","D02","BLAN","BLAN_011","S","2015-08-06","2015-08-20","2015-08-21","2015-09-28",,"BLAN_011.S.20150820","N4JQ3RFWht13HHHMMMID0QqY4jtUI/xR7j2gjRJpnfM=","invert bycatch",,,,,,,,,,"wYCqaZcA+7slXlj5N/mM6vobrh4QDptp",
"9905a0e3-dc09-403c-beb5-93d569ee2424","BLAN_011.basePlot.bet","D02","BLAN","BLAN_011","S","2015-08-06","2015-08-20","2015-08-21","2015-09-28",,"BLAN_011.S.20150820","N4JQ3RFWht13HHHMMMID0QqY4jtUI/xRzWYb7Xbtgko=","invert bycatch",,,,,,,,,,"wYCqaZcA+7slXlj5N/mM6vobrh4QDptp",
"f68f2575-387e-450d-86fd-419391ea6ebd","BLAN_009.basePlot.bet","D02","BLAN","BLAN_009","S","2015-08-06","2015-08-20","2015-08-21","2015-09-28",,"BLAN_009.S.20150820","7TKpA4ipJZD/eLeUcyr09Spx/LdjyTNWdi4Z3VA/nSA=","invert bycatch",,,,,,,,,,"wYCqaZcA+7slXlj5N/mM6vobrh4QDptp",
"438a475f-3820-4795-9348-f07ded570639","BLAN_006.basePlot.bet","D02","BLAN","BLAN_006","S","2015-08-06","2015-08-20","2015-08-21","2015-09-28","2015-09-28","BLAN_006.S.20150820","YPnoadCppCzewqzz7FEYfx/IU67ing/JvP5TAr0UgPE=","carabid","STEOCH","Stenolophus ochropezus","species",,"Say",,1,"Bousquet, Y. 2010b. Illustrated Identification Guide to Adults and Larvae of Northeastern North American Ground Beetles (Coleoptera: Carabidae). 1st Ed. Pensoft Publishers, Sofia, Bulgaria.","wYCqaZcA+7slXlj5N/mM6vobrh4QDptp","wYCqaZcA+7slXlj5N/mM6vobrh4QDptp",
"d662bbcb-cc5f-4f9a-b91e-495af5c516fa","BLAN_006.basePlot.bet","D02","BLAN","BLAN_006","S","2015-08-06","2015-08-20","2015-08-21","2015-09-28",,"BLAN_006.S.20150820","YPnoadCppCzewqzz7FEYfxdClxa/ojrmMnMLIp6fBBA=","invert bycatch",,,,,,,,,,"wYCqaZcA+7slXlj5N/mM6vobrh4QDptp",
"43acb002-743c-4e10-b494-193fd1466763","BLAN_009.basePlot.bet","D02","BLAN","BLAN_009","S","2015-08-06","2015-08-20","2015-08-21","2015-09-28","2015-09-28","BLAN_009.S.20150820","7TKpA4ipJZD/eLeUcyr09b+E58j9kreveHd3m1yvMJs=","carabid","PTETRI1","Pterostichus trinarius","species",,"Casey",,1,"Lindroth, C. H. 1969. The ground-beetles (Carabidae, excl. Cicindelinae) of Canada and Alaska, parts 1-6. Opuscula E. Entomoligiska Sallskapet.","wYCqaZcA+7slXlj5N/mM6vobrh4QDptp","wYCqaZcA+7slXlj5N/mM6vobrh4QDptp",
"031fefb3-68f7-4b77-bf1e-acfd8bc72ec4","BLAN_009.basePlot.bet","D02","BLAN","BLAN_009","S","2015-08-06","2015-08-20","2015-08-21","2015-09-28","2015-09-28","BLAN_009.S.20150820","7TKpA4ipJZD/eLeUcyr09VOj7S7yLXWvzfxdR1IMYis=","carabid","CYCFUR","Cyclotrachelus furtivus","species",,"LeConte",,4,"Freitag, R. 1969. A revision of the species of the genus Evarthrus LeConte. Quaestiones Entomologicae 5:89-212.","wYCqaZcA+7slXlj5N/mM6vobrh4QDptp","wYCqaZcA+7slXlj5N/mM6vobrh4QDptp",
"9e62dbba-5be4-468d-a5d0-a8989dfde894","BLAN_002.basePlot.bet","D02","BLAN","BLAN_002","S","2015-08-06","2015-08-20","2015-08-21","2015-09-28","2015-11-06","BLAN_002.S.20150820","pAIsJl1bu+E8Xbm7/DkTAmzyVTwkGWCsUOGQ/sgJmlc=","carabid","HARFAU","Harpalus faunus","species",,"Say",,1,"Ball, G. E., and J. N. Anderson. 1962. The taxonomy and speciation of Pseudophonus (a subgenus of Harpalus: Haralini: Carabidae, known to occur in North America). The Catholic University of America Press, Washington 17, D. C.","wYCqaZcA+7slXlj5N/mM6vobrh4QDptp","wYCqaZcA+7slXlj5N/mM6vobrh4QDptp",
"27fe588c-b176-4408-a927-c065bd6b0a0b","BLAN_009.basePlot.bet","D02","BLAN","BLAN_009","S","2015-08-06","2015-08-20","2015-08-21","2015-09-28",,"BLAN_009.S.20150820","7TKpA4ipJZD/eLeUcyr09Spx/LdjyTNWc3Eu+3svZco=","invert bycatch",,,,,,,,,,"wYCqaZcA+7slXlj5N/mM6vobrh4QDptp",
"8fea2def-1e0d-4f32-831e-d4150ab01975","BLAN_012.basePlot.bet","D02","BLAN","BLAN_012","S","2015-08-06","2015-08-20","2015-08-21","2015-09-28","2015-09-28","BLAN_012.S.20150820","J0lvmfNn/fcMLVBNGhCcXE41cGR3zsPv3qe2USVQe6A=","carabid","PTESTY","Pterostichus stygicus","species",,"Say",,1,"Bousquet, Y. 2010b. Illustrated Identification Guide to Adults and Larvae of Northeastern North American Ground Beetles (Coleoptera: Carabidae). 1st Ed. Pensoft Publishers, Sofia, Bulgaria.","wYCqaZcA+7slXlj5N/mM6vobrh4QDptp","wYCqaZcA+7slXlj5N/mM6vobrh4QDptp",
"2b5b76cf-6402-43a9-8b61-839da11f0e80","BLAN_002.basePlot.bet","D02","BLAN","BLAN_002","S","2015-08-06","2015-08-20","2015-08-21","2015-09-28",,"BLAN_002.S.20150820","pAIsJl1bu+E8Xbm7/DkTAl8ZZ/rFwNeHBlNmeQR1znw=","invert bycatch",,,,,,,,,,"wYCqaZcA+7slXlj5N/mM6vobrh4QDptp",
"0db565fc-f22c-452c-a8c3-374d7a785d9f","BLAN_005.basePlot.bet","D02","BLAN","BLAN_005","S","2015-08-06","2015-08-20","2015-08-21","2015-09-28",,"BLAN_005.S.20150820","z8g4o9caFROyny+EfIixsHDXfQtV/oSoRW/W4v5+jwM=","invert bycatch",,,,,,,,,,"wYCqaZcA+7slXlj5N/mM6vobrh4QDptp",
"cdcbf44b-ac88-40ee-b799-5b3d442680c9","BLAN_003.basePlot.bet","D02","BLAN","BLAN_003","S","2015-08-06","2015-08-20","2015-08-21","2015-09-28","2015-10-01","BLAN_003.S.20150820","qWnRnvyEnOw8ZG3glPjrxpGjntuT1MR5L81yTwU8XWY=","carabid","ANIDUL","Anisodactylus dulcicollis","species",,"LaFerte-Senectere",,1,"Noonan, G. R. 1973. The Anisodactylines (Insecta: Coleoptera: Carabidae: Harpalini): classification, evolution and zoogeography. Quaestiones Entomologicae 9:266-480.","wYCqaZcA+7slXlj5N/mM6vobrh4QDptp","wYCqaZcA+7slXlj5N/mM6vobrh4QDptp",
"8c0fdce3-007c-4f75-ab19-fabb5f348032","BLAN_003.basePlot.bet","D02","BLAN","BLAN_003","S","2015-08-06","2015-08-20","2015-08-21","2015-09-28","2015-10-01","BLAN_003.S.20150820","qWnRnvyEnOw8ZG3glPjrxl2b8OsvoLaZZJIZboFcmaM=","carabid","ANIRUS","Anisodactylus rusticus","species",,"Say",,1,"Noonan, G. R. 1973. The Anisodactylines (Insecta: Coleoptera: Carabidae: Harpalini): classification, evolution and zoogeography. Quaestiones Entomologicae 9:266-480.","wYCqaZcA+7slXlj5N/mM6vobrh4QDptp","wYCqaZcA+7slXlj5N/mM6vobrh4QDptp",
"30c42de5-9841-4d7e-8539-49d6fef0828b","BLAN_003.basePlot.bet","D02","BLAN","BLAN_003","S","2015-08-06","2015-08-20","2015-08-21","2015-09-28","2015-11-06","BLAN_003.S.20150820","qWnRnvyEnOw8ZG3glPjrxsSrUaa3S1F2n+Qz95rRdwQ=","carabid","HARPEN","Harpalus pensylvanicus","species",,"DeGeer",,1,"Ball, G. E., and J. N. Anderson. 1962. The taxonomy and speciation of Pseudophonus (a subgenus of Harpalus: Haralini: Carabidae, known to occur in North America). The Catholic University of America Press, Washington 17, D. C.","wYCqaZcA+7slXlj5N/mM6vobrh4QDptp","wYCqaZcA+7slXlj5N/mM6vobrh4QDptp",
"b9c952af-f298-4d00-8672-68a00b64617e","BLAN_004.basePlot.bet","D02","BLAN","BLAN_004","S","2015-08-06","2015-08-20","2015-08-21","2015-09-28",,"BLAN_004.S.20150820","zD/pbYGBt/CNI35fc9ji9JWV8gtVIY8/SUHwfgdeHJw=","invert bycatch",,,,,,,,,,"wYCqaZcA+7slXlj5N/mM6vobrh4QDptp",
"63a32af2-2d94-46ab-93ae-c2657fa9d855","BLAN_007.basePlot.bet","D02","BLAN","BLAN_007","S","2015-08-06","2015-08-20","2015-08-21","2015-09-29",,"BLAN_007.S.20150820","bSFRDFDJGfxVcvZJvv+ISsrExokPmK0ZkGTpVBEQEl8=","invert bycatch",,,,,,,,,,"wYCqaZcA+7slXlj5N/mM6vobrh4QDptp",
"ef96ad0e-ccd3-4c2f-a58a-d7a3996db294","BLAN_007.basePlot.bet","D02","BLAN","BLAN_007","S","2015-08-06","2015-08-20","2015-08-21","2015-09-29","2015-09-29","BLAN_007.S.20150820","bSFRDFDJGfxVcvZJvv+ISlXRFAgiTukbVBmKeelIQEw=","carabid","CYCSIG","Cyclotrachelus sigillatus","species",,"Say",,2,"Freitag, R. 1969. A revision of the species of the genus Evarthrus LeConte. Quaestiones Entomologicae 5:89-212.","wYCqaZcA+7slXlj5N/mM6vobrh4QDptp","wYCqaZcA+7slXlj5N/mM6vobrh4QDptp",
"fc8c2cd2-28d2-4cd7-a187-f7a7bffc0eaf","BLAN_007.basePlot.bet","D02","BLAN","BLAN_007","S","2015-08-06","2015-08-20","2015-08-21","2015-09-29",,"BLAN_007.S.20150820","bSFRDFDJGfxVcvZJvv+ISsrExokPmK0ZROPeeNLC6Eo=","invert bycatch",,,,,,,,,,"wYCqaZcA+7slXlj5N/mM6vobrh4QDptp",
"dbf68b8c-5c5b-4e12-ab37-7dd72e9f5599","BLAN_001.basePlot.bet","D02","BLAN","BLAN_001","W","2015-08-06","2015-08-20","2015-08-21","2015-09-29",,"BLAN_001.W.20150820","snBNH0r8Ie2U/GXK/PObv+AcIrOKFT00REjJz3QKQvY=","invert bycatch",,,,,,,,,,"wYCqaZcA+7slXlj5N/mM6vobrh4QDptp",
"8c3cede2-0c55-4c9c-ab76-bb23bc6f7770","BLAN_007.basePlot.bet","D02","BLAN","BLAN_007","W","2015-08-06","2015-08-20","2015-08-21","2015-09-29",,"BLAN_007.W.20150820","bSFRDFDJGfxXYFGFgSAAn15yb6x4J7oaUdDZrbk6IAI=","invert bycatch",,,,,,,,,,"wYCqaZcA+7slXlj5N/mM6vobrh4QDptp",
"3032fb89-ea69-4bc9-9332-06f5f3254db1","BLAN_011.basePlot.bet","D02","BLAN","BLAN_011","W","2015-08-06","2015-08-20","2015-08-21","2015-09-28",,"BLAN_011.W.20150820","N4JQ3RFWht2mzs2iSx2VGnqG5t2HiVpjWF3p22t2JdI=","invert bycatch",,,,,,,,,,"wYCqaZcA+7slXlj5N/mM6vobrh4QDptp",
"b4703baf-a5e8-476f-83d7-20f337839948","BLAN_006.basePlot.bet","D02","BLAN","BLAN_006","W","2015-08-06","2015-08-20","2015-08-21","2015-09-28",,"BLAN_006.W.20150820","YPnoadCppCzyoRVJSIz+2LQXYv4bG74YbyOhx2aguYM=","invert bycatch",,,,,,,,,,"wYCqaZcA+7slXlj5N/mM6vobrh4QDptp",
"08f4bdbb-105d-43d1-be50-34601ddb7306","BLAN_003.basePlot.bet","D02","BLAN","BLAN_003","W","2015-08-06","2015-08-20","2015-08-21","2015-09-28","2015-11-06","BLAN_003.W.20150820","qWnRnvyEnOzTkoE7zeEk+KskAIbFZDsJHdXQTf0C2+Y=","carabid","HARPEN","Harpalus pensylvanicus","species",,"DeGeer",,1,"Ball, G. E., and J. N. Anderson. 1962. The taxonomy and speciation of Pseudophonus (a subgenus of Harpalus: Haralini: Carabidae, known to occur in North America). The Catholic University of America Press, Washington 17, D. C.","wYCqaZcA+7slXlj5N/mM6vobrh4QDptp","wYCqaZcA+7slXlj5N/mM6vobrh4QDptp",
"e31ec2bf-3e58-4fee-83d6-7a32b8dd2d5b","BLAN_012.basePlot.bet","D02","BLAN","BLAN_012","W","2015-08-06","2015-08-20","2015-08-21","2015-09-28",,"BLAN_012.W.20150820","J0lvmfNn/feaRxuGVUQ1EJfpnu2jx9QpcarYAR6jJWc=","invert bycatch",,,,,,,,,,"wYCqaZcA+7slXlj5N/mM6vobrh4QDptp",
"fce09b88-dac7-4f0c-b893-2653c3d1a52d","BLAN_012.basePlot.bet","D02","BLAN","BLAN_012","W","2015-08-06","2015-08-20","2015-08-21","2015-09-28","2015-09-28","BLAN_012.W.20150820","J0lvmfNn/feaRxuGVUQ1EC4jBtpaIk8KXsf0e1tVPY8=","carabid","POELUC","Poecilus lucublandus","species",,"Say",,1,"Ciegler, J. C. 2000. Ground beetles and wrinkled bark beetles of South Carolina (Coleoptera: Geadephaga: Carabidae and Rhysodidae). Biota of South Carolina. Vol. 1. Clemson, S. Clemson University.","wYCqaZcA+7slXlj5N/mM6vobrh4QDptp","wYCqaZcA+7slXlj5N/mM6vobrh4QDptp",
"a18e93a6-48e0-46b7-9a9e-ecd661f57814","BLAN_003.basePlot.bet","D02","BLAN","BLAN_003","W","2015-08-06","2015-08-20","2015-08-21","2015-09-28",,"BLAN_003.W.20150820","qWnRnvyEnOzTkoE7zeEk+OXrDD5kUOdDeDQ2wuHLLYQ=","invert bycatch",,,,,,,,,,"wYCqaZcA+7slXlj5N/mM6vobrh4QDptp",
"4721d28b-5a77-40e8-b1cb-066ee3f07ca1","BLAN_004.basePlot.bet","D02","BLAN","BLAN_004","W","2015-08-06","2015-08-20","2015-08-21","2015-09-28",,"BLAN_004.W.20150820","zD/pbYGBt/BuUxBT/0jXnYrhRtz5E8++Jh4KqCtr9Vc=","invert bycatch",,,,,,,,,,"wYCqaZcA+7slXlj5N/mM6vobrh4QDptp",
"58e256af-0c7b-428d-ad92-640ae327d342","BLAN_001.basePlot.bet","D02","BLAN","BLAN_001","W","2015-08-06","2015-08-20","2015-08-21","2015-09-29",,"BLAN_001.W.20150820","snBNH0r8Ie2U/GXK/PObv+AcIrOKFT00MLnv7DK8Qj8=","invert bycatch",,,,,,,,,,"wYCqaZcA+7slXlj5N/mM6vobrh4QDptp",
"87925b76-3daa-468b-89f0-55cbed816e8a","BLAN_007.basePlot.bet","D02","BLAN","BLAN_007","W","2015-08-06","2015-08-20","2015-08-21","2015-09-29",,"BLAN_007.W.20150820","bSFRDFDJGfxXYFGFgSAAn15yb6x4J7oaHU7nnKuj0xY=","invert bycatch",,,,,,,,,,"wYCqaZcA+7slXlj5N/mM6vobrh4QDptp",
"11adff03-5e00-4edc-a9bf-adedc2a42a13","BLAN_009.basePlot.bet","D02","BLAN","BLAN_009","W","2015-08-06","2015-08-20","2015-08-21","2015-09-28",,"BLAN_009.W.20150820","7TKpA4ipJZC3iyN1MAGJU262XMjSXHbmzhmLh3ahjq4=","invert bycatch",,,,,,,,,,"wYCqaZcA+7slXlj5N/mM6vobrh4QDptp",
"539c24f8-06e7-4b60-840f-09476a116431","BLAN_009.basePlot.bet","D02","BLAN","BLAN_009","W","2015-08-06","2015-08-20","2015-08-21","2015-09-28",,"BLAN_009.W.20150820","7TKpA4ipJZC3iyN1MAGJU262XMjSXHbmGB+BXJeD7IU=","invert bycatch",,,,,,,,,,"wYCqaZcA+7slXlj5N/mM6vobrh4QDptp",
"df4c258f-55a4-46b0-be79-028d2fcaf96b","BLAN_012.basePlot.bet","D02","BLAN","BLAN_012","W","2015-08-06","2015-08-20","2015-08-21","2015-09-28","2015-09-28","BLAN_012.W.20150820","J0lvmfNn/feaRxuGVUQ1EA0cesVsh6IYXrWli4PXx2o=","carabid","DICFUR2","Dicaelus furvus furvus","subspecies",,"Dejean",,1,"Ciegler, J. C. 2000. Ground beetles and wrinkled bark beetles of South Carolina (Coleoptera: Geadephaga: Carabidae and Rhysodidae). Biota of South Carolina. Vol. 1. Clemson, S. Clemson University.","wYCqaZcA+7slXlj5N/mM6vobrh4QDptp","wYCqaZcA+7slXlj5N/mM6vobrh4QDptp",
"0eaf639c-0095-42e2-9f61-dde6ad6fd3f3","BLAN_002.basePlot.bet","D02","BLAN","BLAN_002","W","2015-08-06","2015-08-20","2015-08-21","2015-09-28","2015-09-28","BLAN_002.W.20150820","pAIsJl1bu+GnLLfxBfuTz1NLuACU1f6RzRJOckkLTy0=","carabid","TETVIR","Tetracha virginica","species",,"Linnaeus",,1,"Ciegler, J. C. 2000. Ground beetles and wrinkled bark beetles of South Carolina (Coleoptera: Geadephaga: Carabidae and Rhysodidae). Biota of South Carolina. Vol. 1. Clemson, S. Clemson University.","wYCqaZcA+7slXlj5N/mM6vobrh4QDptp","wYCqaZcA+7slXlj5N/mM6vobrh4QDptp",
"2aed7cb6-eac2-4cec-a5df-0acf31436cef","BLAN_011.basePlot.bet","D02","BLAN","BLAN_011","W","2015-08-06","2015-08-20","2015-08-21","2015-09-28",,"BLAN_011.W.20150820","N4JQ3RFWht2mzs2iSx2VGnqG5t2HiVpjn1DLfmQ73Yo=","invert bycatch",,,,,,,,,,"wYCqaZcA+7slXlj5N/mM6vobrh4QDptp",
"7592a9fd-c073-4c04-9905-994a53f67d75","BLAN_009.basePlot.bet","D02","BLAN","BLAN_009","W","2015-08-06","2015-08-20","2015-08-21","2015-09-28","2015-09-28","BLAN_009.W.20150820","7TKpA4ipJZC3iyN1MAGJU3jHwc2ZK5DYQ0kySSjAn3M=","carabid","CYCSIG","Cyclotrachelus sigillatus","species",,"Say",,1,"Freitag, R. 1969. A revision of the species of the genus Evarthrus LeConte. Quaestiones Entomologicae 5:89-212.","wYCqaZcA+7slXlj5N/mM6vobrh4QDptp","wYCqaZcA+7slXlj5N/mM6vobrh4QDptp",
"56bc0225-ddb3-4348-9786-ea562224b753","BLAN_006.basePlot.bet","D02","BLAN","BLAN_006","W","2015-08-06","2015-08-20","2015-08-21","2015-09-28",,"BLAN_006.W.20150820","YPnoadCppCzyoRVJSIz+2LQXYv4bG74YeSJ0/4QxXqg=","invert bycatch",,,,,,,,,,"wYCqaZcA+7slXlj5N/mM6vobrh4QDptp",
"48307d6d-0a8f-42c0-867b-70261b7e4530","BLAN_005.basePlot.bet","D02","BLAN","BLAN_005","W","2015-08-06","2015-08-20","2015-08-21","2015-09-28",,"BLAN_005.W.20150820","z8g4o9caFRP037RQd/7+6CK9oaSwVsCSgkMhrZpQ2c0=","invert bycatch",,,,,,,,,,"wYCqaZcA+7slXlj5N/mM6vobrh4QDptp",
"43d7e1c4-a986-420d-adf7-3da78e0ffb12","BLAN_002.basePlot.bet","D02","BLAN","BLAN_002","W","2015-08-06","2015-08-20","2015-08-21","2015-09-28",,"BLAN_002.W.20150820","pAIsJl1bu+GnLLfxBfuTz11vVFq0XLU7bLQNf1UKUdg=","invert bycatch",,,,,,,,,,"wYCqaZcA+7slXlj5N/mM6vobrh4QDptp",
