uid,namedLocation,domainID,siteID,plotID,trapID,setDate,collectDate,processingDate,identifiedDate,subsampleID,individualID,taxonID,scientificName,taxonRank,identificationQualifier,scientificNameAuthorship,morphospeciesID,identificationReferences,totalLength,identifiedBy,recordedBy,remarks
"6f3092a6-e446-4d47-ab63-c46bb273e52d","BLAN_001.basePlot.bet","D02","BLAN","BLAN_001","S","2015-07-23","2015-08-06","2016-04-19","2015-09-23","snBNH0r8Ie3oU3fy7HbdkT2zzYkU6BHXi/fMdgg/pDQ=","NEON.BET.D02.002385","DICDIL1","Dicaelus dilatatus dilatatus","subspecies",,"Say",,"Ciegler, J. C. 2000. Ground beetles and wrinkled bark beetles of South Carolina (Coleoptera: Geadephaga: Carabidae and Rhysodidae). Biota of South Carolina. Vol. 1. Clemson, S. Clemson University.",,"wYCqaZcA+7tKZqVSOMaNBCcRKvQIOBzP","wYCqaZcA+7tKZqVSOMaNBCcRKvQIOBzP",
"1db1ccb5-c8d4-46ed-8e62-9dee06a6c593","BLAN_009.basePlot.bet","D02","BLAN","BLAN_009","S","2015-07-23","2015-08-06","2016-04-21","2015-11-06","7TKpA4ipJZD/eLeUcyr09QYX7YNRYmJT26HRmo89wjg=","NEON.BET.D02.002505","HARVAG","Harpalus vagans","species",,"LeConte",,"Ball, G. E., and J. N. Anderson. 1962. The taxonomy and speciation of Pseudophonus (a subgenus of Harpalus: Haralini: Carabidae, known to occur in North America). The Catholic University of America Press, Washington 17, D. C.",,"wYCqaZcA+7tKZqVSOMaNBCcRKvQIOBzP","wYCqaZcA+7tKZqVSOMaNBCcRKvQIOBzP",
"a36257ad-8e7b-4b46-a315-d5ea61b1e065","BLAN_006.basePlot.bet","D02","BLAN","BLAN_006","S","2015-07-23","2015-08-06","2016-04-21","2015-10-01","YPnoadCppCzewqzz7FEYf12wAkh75N3tZ1cS/zvEokA=","NEON.BET.D02.002478","HARPEN","Harpalus pensylvanicus","species",,"DeGeer",,"Ball, G. E., and J. N. Anderson. 1962. The taxonomy and speciation of Pseudophonus (a subgenus of Harpalus: Haralini: Carabidae, known to occur in North America). The Catholic University of America Press, Washington 17, D. C.",,"wYCqaZcA+7tKZqVSOMaNBCcRKvQIOBzP","wYCqaZcA+7tKZqVSOMaNBCcRKvQIOBzP",
"5f688ca2-dbc8-4e3d-82ba-2cfbdf864439","BLAN_006.basePlot.bet","D02","BLAN","BLAN_006","S","2015-07-23","2015-08-06","2016-04-21","2015-10-01","YPnoadCppCzewqzz7FEYfwcSZvPNaGM/8bVyPYda5z8=","NEON.BET.D02.002442","ANIRUS","Anisodactylus rusticus","species",,"Say",,"Noonan, G. R. 1973. The Anisodactylines (Insecta: Coleoptera: Carabidae: Harpalini): classification, evolution and zoogeography. Quaestiones Entomologicae 9:266-480.",,"wYCqaZcA+7tKZqVSOMaNBCcRKvQIOBzP","wYCqaZcA+7tKZqVSOMaNBCcRKvQIOBzP",
"52d8dec0-7d66-4983-91ef-c2c2c521daba","BLAN_009.basePlot.bet","D02","BLAN","BLAN_009","S","2015-07-23","2015-08-06","2016-04-18","2015-09-22","7TKpA4ipJZD/eLeUcyr09XuPo54+e1qUSK5KJi33hLI=","NEON.BET.D02.002125","PTETRI1","Pterostichus trinarius","species",,"Casey",,"Lindroth, C. H. 1969. The ground-beetles (Carabidae, excl. Cicindelinae) of Canada and Alaska, parts 1-6. Opuscula E. Entomoligiska Sallskapet.",,"wYCqaZcA+7tKZqVSOMaNBCcRKvQIOBzP","wYCqaZcA+7tKZqVSOMaNBCcRKvQIOBzP",
"4225eb7b-1dc0-4759-bddb-ce17c008459b","BLAN_011.basePlot.bet","D02","BLAN","BLAN_011","S","2015-07-23","2015-08-06","2016-04-19","2015-09-22","N4JQ3RFWht13HHHMMMID0U3o86oGk23CiiQL5hnV26Q=","NEON.BET.D02.002208","CYCSIG","Cyclotrachelus sigillatus","species",,"Say",,"Freitag, R. 1969. A revision of the species of the genus Evarthrus LeConte. Quaestiones Entomologicae 5:89-212.",,"wYCqaZcA+7tKZqVSOMaNBCcRKvQIOBzP","wYCqaZcA+7tKZqVSOMaNBCcRKvQIOBzP",
"2c762213-2ed9-4487-8a84-55e404b7536f","BLAN_011.basePlot.bet","D02","BLAN","BLAN_011","W","2015-07-23","2015-08-06","2016-04-21","2015-09-22","N4JQ3RFWht2mzs2iSx2VGhfkKG/0KzGqYYk0rOqKgdM=","NEON.BET.D02.002528","AGOFER1","Agonum ferreum","species",,"Haldeman",,"Ciegler, J. C. 2000. Ground beetles and wrinkled bark beetles of South Carolina (Coleoptera: Geadephaga: Carabidae and Rhysodidae). Biota of South Carolina. Vol. 1. Clemson, S. Clemson University.",,"wYCqaZcA+7tKZqVSOMaNBCcRKvQIOBzP","wYCqaZcA+7tKZqVSOMaNBCcRKvQIOBzP",
"aabfc4f7-a3c3-4faf-ac20-aacb1e30580f","BLAN_011.basePlot.bet","D02","BLAN","BLAN_011","W","2015-07-23","2015-08-06","2016-04-11","2015-09-22","N4JQ3RFWht2mzs2iSx2VGna9BA1HoRskvluxRj+V43U=","NEON.BET.D02.002005","BEMPED","Bembidion pedicellatum","species",,"LeConte",,"Lindroth, C. H. 1969. The ground-beetles (Carabidae, excl. Cicindelinae) of Canada and Alaska, parts 1-6. Opuscula E. Entomoligiska Sallskapet.",,"wYCqaZcA+7tKZqVSOMaNBCcRKvQIOBzP","ena7GLJui5s1h8moQAQPw3Qj2+mVdivS",
"53671264-2f04-4722-bafc-5bc4554ea734","BLAN_011.basePlot.bet","D02","BLAN","BLAN_011","W","2015-07-23","2015-08-06","2016-04-11","2015-09-22","N4JQ3RFWht2mzs2iSx2VGna9BA1HoRskvluxRj+V43U=","NEON.BET.D02.002006","BEMPED","Bembidion pedicellatum","species",,"LeConte",,"Lindroth, C. H. 1969. The ground-beetles (Carabidae, excl. Cicindelinae) of Canada and Alaska, parts 1-6. Opuscula E. Entomoligiska Sallskapet.",,"wYCqaZcA+7tKZqVSOMaNBCcRKvQIOBzP","ena7GLJui5s1h8moQAQPw3Qj2+mVdivS",
"6ca42ca2-6641-40ce-bea8-808e904e590e","BLAN_011.basePlot.bet","D02","BLAN","BLAN_011","W","2015-07-23","2015-08-06","2016-04-11","2015-09-22","N4JQ3RFWht2mzs2iSx2VGna9BA1HoRskvluxRj+V43U=","NEON.BET.D02.002007","BEMPED","Bembidion pedicellatum","species",,"LeConte",,"Lindroth, C. H. 1969. The ground-beetles (Carabidae, excl. Cicindelinae) of Canada and Alaska, parts 1-6. Opuscula E. Entomoligiska Sallskapet.",,"wYCqaZcA+7tKZqVSOMaNBCcRKvQIOBzP","ena7GLJui5s1h8moQAQPw3Qj2+mVdivS",
"c19992e9-1039-40ec-a265-ada4ae00a93a","BLAN_012.basePlot.bet","D02","BLAN","BLAN_012","E","2015-07-23","2015-08-06","2016-04-19","2015-09-23","J0lvmfNn/fev68GQtXYsHmyxNIk0WhBIJY0F7XA26Y0=","NEON.BET.D02.002389","DICDIL1","Dicaelus dilatatus dilatatus","subspecies",,"Say",,"Ciegler, J. C. 2000. Ground beetles and wrinkled bark beetles of South Carolina (Coleoptera: Geadephaga: Carabidae and Rhysodidae). Biota of South Carolina. Vol. 1. Clemson, S. Clemson University.",,"wYCqaZcA+7tKZqVSOMaNBCcRKvQIOBzP","wYCqaZcA+7tKZqVSOMaNBCcRKvQIOBzP",
"e76631ab-d473-4178-ba4b-f6c3e0fed33b","BLAN_003.basePlot.bet","D02","BLAN","BLAN_003","E","2015-07-23","2015-08-06","2016-04-19","2015-09-21","qWnRnvyEnOyTg93fo0GlNMnpR5tGCiehPsQl/cnq7E8=","NEON.BET.D02.002366","CHLAES","Chlaenius aestivus","species",,"Say",,"Ciegler, J. C. 2000. Ground beetles and wrinkled bark beetles of South Carolina (Coleoptera: Geadephaga: Carabidae and Rhysodidae). Biota of South Carolina. Vol. 1. Clemson, S. Clemson University.",,"fhqXNoOkfxgxeumX3nh8hiKzTnt5lZ8Br3PaGAyV7lk=","wYCqaZcA+7tKZqVSOMaNBCcRKvQIOBzP",
"784a31a0-5872-4620-8968-d53649b59b2b","BLAN_007.basePlot.bet","D02","BLAN","BLAN_007","E","2015-07-23","2015-08-06","2016-04-19","2015-09-23","bSFRDFDJGfyH7CX1vhlSl7URgEoso6haLqEMhE+ms54=","NEON.BET.D02.002387","DICDIL1","Dicaelus dilatatus dilatatus","subspecies",,"Say",,"Ciegler, J. C. 2000. Ground beetles and wrinkled bark beetles of South Carolina (Coleoptera: Geadephaga: Carabidae and Rhysodidae). Biota of South Carolina. Vol. 1. Clemson, S. Clemson University.",,"wYCqaZcA+7tKZqVSOMaNBCcRKvQIOBzP","wYCqaZcA+7tKZqVSOMaNBCcRKvQIOBzP",
"f1a5f8c2-5707-4bc1-9c0d-e3e4de97b53f","BLAN_011.basePlot.bet","D02","BLAN","BLAN_011","E","2015-07-23","2015-08-06","2016-04-21","2015-09-22","N4JQ3RFWht1UiEJPpKgW2/pAmrkyCaQ5zIPyrnPo21c=","NEON.BET.D02.002509","TRIAUT","Trichotichnus autumnalis","species",,"Say",,"Ciegler, J. C. 2000. Ground beetles and wrinkled bark beetles of South Carolina (Coleoptera: Geadephaga: Carabidae and Rhysodidae). Biota of South Carolina. Vol. 1. Clemson, S. Clemson University.",,"wYCqaZcA+7tKZqVSOMaNBCcRKvQIOBzP","wYCqaZcA+7tKZqVSOMaNBCcRKvQIOBzP",
"aed135ef-624a-40c8-b09e-c65d5c90016d","BLAN_001.basePlot.bet","D02","BLAN","BLAN_001","E","2015-07-23","2015-08-06","2016-04-19","2015-09-23","snBNH0r8Ie27sIQ3i0ssVmlcvc3DaO9mSgMMOJlZrZM=","NEON.BET.D02.002386","DICDIL1","Dicaelus dilatatus dilatatus","subspecies",,"Say",,"Ciegler, J. C. 2000. Ground beetles and wrinkled bark beetles of South Carolina (Coleoptera: Geadephaga: Carabidae and Rhysodidae). Biota of South Carolina. Vol. 1. Clemson, S. Clemson University.",,"wYCqaZcA+7tKZqVSOMaNBCcRKvQIOBzP","wYCqaZcA+7tKZqVSOMaNBCcRKvQIOBzP",
"9d11c0f4-0f35-484f-b383-0b31a4b9d0a5","BLAN_002.basePlot.bet","D02","BLAN","BLAN_002","E","2015-07-23","2015-08-06","2016-04-21","2015-10-01","pAIsJl1bu+EhoVbsGjTwWlGmYJG1vLN1wJbaUQjTulc=","NEON.BET.D02.002439","ANIRUS","Anisodactylus rusticus","species",,"Say",,"Noonan, G. R. 1973. The Anisodactylines (Insecta: Coleoptera: Carabidae: Harpalini): classification, evolution and zoogeography. Quaestiones Entomologicae 9:266-480.",,"wYCqaZcA+7tKZqVSOMaNBCcRKvQIOBzP","wYCqaZcA+7tKZqVSOMaNBCcRKvQIOBzP",
"d29b739c-0531-41cd-bce9-5d78663f6e4f","BLAN_006.basePlot.bet","D02","BLAN","BLAN_006","E","2015-07-23","2015-08-06","2016-04-21","2015-09-22","YPnoadCppCw/xFNAB855mUCE6tUEw9tWPw/ErYaDPUQ=","NEON.BET.D02.002476","HARPEN","Harpalus pensylvanicus","species",,"DeGeer",,"Ball, G. E., and J. N. Anderson. 1962. The taxonomy and speciation of Pseudophonus (a subgenus of Harpalus: Haralini: Carabidae, known to occur in North America). The Catholic University of America Press, Washington 17, D. C.",,"wYCqaZcA+7tKZqVSOMaNBCcRKvQIOBzP","wYCqaZcA+7tKZqVSOMaNBCcRKvQIOBzP",
"dae88a8d-5ccd-42cd-b0ad-9821781d9851","BLAN_006.basePlot.bet","D02","BLAN","BLAN_006","E","2015-07-23","2015-08-06","2016-04-21","2015-09-22","YPnoadCppCw/xFNAB855mUCE6tUEw9tWPw/ErYaDPUQ=","NEON.BET.D02.002477","HARPEN","Harpalus pensylvanicus","species",,"DeGeer",,"Ball, G. E., and J. N. Anderson. 1962. The taxonomy and speciation of Pseudophonus (a subgenus of Harpalus: Haralini: Carabidae, known to occur in North America). The Catholic University of America Press, Washington 17, D. C.",,"wYCqaZcA+7tKZqVSOMaNBCcRKvQIOBzP","wYCqaZcA+7tKZqVSOMaNBCcRKvQIOBzP",
"7edf677c-33a8-40e9-9233-983c11bc17d8","BLAN_011.basePlot.bet","D02","BLAN","BLAN_011","E","2015-07-23","2015-08-06","2016-04-11","2015-09-22","N4JQ3RFWht1UiEJPpKgW26a07Xo9wJCd64Gc9KOo/7U=","NEON.BET.D02.002004","BEMPED","Bembidion pedicellatum","species",,"LeConte",,"Lindroth, C. H. 1969. The ground-beetles (Carabidae, excl. Cicindelinae) of Canada and Alaska, parts 1-6. Opuscula E. Entomoligiska Sallskapet.",,"wYCqaZcA+7tKZqVSOMaNBCcRKvQIOBzP","ena7GLJui5s1h8moQAQPw3Qj2+mVdivS",
"bbe3cc99-662d-4096-9fa9-1c05b4a127e4","BLAN_006.basePlot.bet","D02","BLAN","BLAN_006","E","2015-07-23","2015-08-06","2016-04-21","2015-09-22","YPnoadCppCw/xFNAB855mUCE6tUEw9tWPw/ErYaDPUQ=","NEON.BET.D02.002475","HARPEN","Harpalus pensylvanicus","species",,"DeGeer",,"Ball, G. E., and J. N. Anderson. 1962. The taxonomy and speciation of Pseudophonus (a subgenus of Harpalus: Haralini: Carabidae, known to occur in North America). The Catholic University of America Press, Washington 17, D. C.",,"wYCqaZcA+7tKZqVSOMaNBCcRKvQIOBzP","wYCqaZcA+7tKZqVSOMaNBCcRKvQIOBzP",
"1e37bda6-dbad-47f7-93b2-66cb41a29185","BLAN_009.basePlot.bet","D02","BLAN","BLAN_009","E","2015-07-23","2015-08-06","2016-04-19","2015-09-22","7TKpA4ipJZDyHyTXy7ZdZ544DJAa7F91T5/UKncS5wM=","NEON.BET.D02.002388","DICDIL1","Dicaelus dilatatus dilatatus","subspecies",,"Say",,"Ciegler, J. C. 2000. Ground beetles and wrinkled bark beetles of South Carolina (Coleoptera: Geadephaga: Carabidae and Rhysodidae). Biota of South Carolina. Vol. 1. Clemson, S. Clemson University.",,"wYCqaZcA+7tKZqVSOMaNBCcRKvQIOBzP","wYCqaZcA+7tKZqVSOMaNBCcRKvQIOBzP",
"7e826a05-772e-470f-bf1b-4ac2e53d90c7","BLAN_005.basePlot.bet","D02","BLAN","BLAN_005","E","2015-07-23","2015-08-06","2016-04-19","2015-09-22","z8g4o9caFRNBjyTGQyR3EXrD/+ysXw2j9nok8si79rg=","NEON.BET.D02.002194","PTESTY","Pterostichus stygicus","species",,"Say",,"Bousquet, Y. 2010b. Illustrated Identification Guide to Adults and Larvae of Northeastern North American Ground Beetles (Coleoptera: Carabidae). 1st Ed. Pensoft Publishers, Sofia, Bulgaria.",,"wYCqaZcA+7tKZqVSOMaNBCcRKvQIOBzP","wYCqaZcA+7tKZqVSOMaNBCcRKvQIOBzP",
"cf565fba-497a-4fd3-957e-3ad259f044d9","BLAN_005.basePlot.bet","D02","BLAN","BLAN_005","E","2015-07-23","2015-08-06","2016-04-19","2015-09-22","z8g4o9caFRNBjyTGQyR3EaflF9S4SHYF48CZAqwunCg=","NEON.BET.D02.002207","CYCSIG","Cyclotrachelus sigillatus","species",,"Say",,"Freitag, R. 1969. A revision of the species of the genus Evarthrus LeConte. Quaestiones Entomologicae 5:89-212.",,"wYCqaZcA+7tKZqVSOMaNBCcRKvQIOBzP","wYCqaZcA+7tKZqVSOMaNBCcRKvQIOBzP",
"62e26a93-a8ad-446b-aa34-cf33c613d361","BLAN_011.basePlot.bet","D02","BLAN","BLAN_011","E","2015-07-23","2015-08-06","2016-04-11","2015-09-22","N4JQ3RFWht1UiEJPpKgW26a07Xo9wJCd64Gc9KOo/7U=","NEON.BET.D02.002003","BEMPED","Bembidion pedicellatum","species",,"LeConte",,"Lindroth, C. H. 1969. The ground-beetles (Carabidae, excl. Cicindelinae) of Canada and Alaska, parts 1-6. Opuscula E. Entomoligiska Sallskapet.",,"wYCqaZcA+7tKZqVSOMaNBCcRKvQIOBzP","ena7GLJui5s1h8moQAQPw3Qj2+mVdivS",
"708e6e05-74ef-47e1-88cf-ec0f980f5809","BLAN_011.basePlot.bet","D02","BLAN","BLAN_011","E","2015-07-23","2015-08-06","2016-04-11","2015-09-22","N4JQ3RFWht1UiEJPpKgW26a07Xo9wJCd64Gc9KOo/7U=","NEON.BET.D02.002002","BEMPED","Bembidion pedicellatum","species",,"LeConte",,"Lindroth, C. H. 1969. The ground-beetles (Carabidae, excl. Cicindelinae) of Canada and Alaska, parts 1-6. Opuscula E. Entomoligiska Sallskapet.",,"wYCqaZcA+7tKZqVSOMaNBCcRKvQIOBzP","ena7GLJui5s1h8moQAQPw3Qj2+mVdivS",
"52ceed97-7a23-4cfe-8648-cdf4ed8004fb","BLAN_002.basePlot.bet","D02","BLAN","BLAN_002","N","2015-07-23","2015-08-06","2016-04-21","2015-10-01","pAIsJl1bu+HXiZP2divGMwbqSsw4TJtz/wkQRy9Un6A=","NEON.BET.D02.002441","ANIRUS","Anisodactylus rusticus","species",,"Say",,"Noonan, G. R. 1973. The Anisodactylines (Insecta: Coleoptera: Carabidae: Harpalini): classification, evolution and zoogeography. Quaestiones Entomologicae 9:266-480.",,"wYCqaZcA+7tKZqVSOMaNBCcRKvQIOBzP","wYCqaZcA+7tKZqVSOMaNBCcRKvQIOBzP",
"b6b9e234-eb56-4f74-a15d-0c71a1dd8fbb","BLAN_011.basePlot.bet","D02","BLAN","BLAN_011","N","2015-07-23","2015-08-06","2016-04-19","2015-09-22","N4JQ3RFWht3sbbIawXLCq6R58MrhluWtn8Zzr/niXvI=","NEON.BET.D02.002399","DICAMB","Dicaelus ambiguus","species",,"LaFerte-Senectere",,"Ciegler, J. C. 2000. Ground beetles and wrinkled bark beetles of South Carolina (Coleoptera: Geadephaga: Carabidae and Rhysodidae). Biota of South Carolina. Vol. 1. Clemson, S. Clemson University.",,"wYCqaZcA+7tKZqVSOMaNBCcRKvQIOBzP","wYCqaZcA+7tKZqVSOMaNBCcRKvQIOBzP",
"1b4979af-ca6c-44dc-947a-8827ff5aeffa","BLAN_002.basePlot.bet","D02","BLAN","BLAN_002","N","2015-07-23","2015-08-06","2016-04-21","2015-10-01","pAIsJl1bu+HXiZP2divGMwbqSsw4TJtz/wkQRy9Un6A=","NEON.BET.D02.002440","ANIRUS","Anisodactylus rusticus","species",,"Say",,"Noonan, G. R. 1973. The Anisodactylines (Insecta: Coleoptera: Carabidae: Harpalini): classification, evolution and zoogeography. Quaestiones Entomologicae 9:266-480.",,"wYCqaZcA+7tKZqVSOMaNBCcRKvQIOBzP","wYCqaZcA+7tKZqVSOMaNBCcRKvQIOBzP",
"cfa9a993-e2bd-4309-8122-324e4b5c168a","BLAN_012.basePlot.bet","D02","BLAN","BLAN_012","N","2015-07-23","2015-08-06","2016-04-19","2015-09-23","J0lvmfNn/ffePszKztR5ZGU0T9YEcicOhVSVAKBnL/Y=","NEON.BET.D02.002400","DICAMB","Dicaelus ambiguus","species",,"LaFerte-Senectere",,"Ciegler, J. C. 2000. Ground beetles and wrinkled bark beetles of South Carolina (Coleoptera: Geadephaga: Carabidae and Rhysodidae). Biota of South Carolina. Vol. 1. Clemson, S. Clemson University.",,"wYCqaZcA+7tKZqVSOMaNBCcRKvQIOBzP","wYCqaZcA+7tKZqVSOMaNBCcRKvQIOBzP",
"fda02b1f-3824-4520-bbd8-f3155bb70f78","BLAN_009.basePlot.bet","D02","BLAN","BLAN_009","N","2015-07-23","2015-08-06","2016-04-18","2015-09-22","7TKpA4ipJZDLqKPO2y3GpuOJwthgl7OcqOoozLXuHz4=","NEON.BET.D02.002128","PTEMUT2","Pterostichus mutus","species",,"Say",,"Bousquet, Y. 2010b. Illustrated Identification Guide to Adults and Larvae of Northeastern North American Ground Beetles (Coleoptera: Carabidae). 1st Ed. Pensoft Publishers, Sofia, Bulgaria.",,"wYCqaZcA+7tKZqVSOMaNBCcRKvQIOBzP","wYCqaZcA+7tKZqVSOMaNBCcRKvQIOBzP",
"4ccc6cb9-8c8c-45a1-b7b5-bce7ccc1de76","BLAN_011.basePlot.bet","D02","BLAN","BLAN_011","N","2015-07-23","2015-08-06","2016-04-19","2015-09-22","N4JQ3RFWht3sbbIawXLCq2XwmpbFRwMLruMbC78LgME=","NEON.BET.D02.002375","CHLAMO","Chlaenius amoenus","species",,"Dejean",,"Ciegler, J. C. 2000. Ground beetles and wrinkled bark beetles of South Carolina (Coleoptera: Geadephaga: Carabidae and Rhysodidae). Biota of South Carolina. Vol. 1. Clemson, S. Clemson University.",,"wYCqaZcA+7tKZqVSOMaNBCcRKvQIOBzP","wYCqaZcA+7tKZqVSOMaNBCcRKvQIOBzP",
"64a33024-1c4a-4c2a-afa4-4b27eb1429cc","BLAN_001.basePlot.bet","D02","BLAN","BLAN_001","S","2015-07-23","2015-08-06","2016-04-19","2015-09-23","snBNH0r8Ie3oU3fy7HbdkT2zzYkU6BHXi/fMdgg/pDQ=","NEON.BET.D02.002384","DICDIL1","Dicaelus dilatatus dilatatus","subspecies",,"Say",,"Ciegler, J. C. 2000. Ground beetles and wrinkled bark beetles of South Carolina (Coleoptera: Geadephaga: Carabidae and Rhysodidae). Biota of South Carolina. Vol. 1. Clemson, S. Clemson University.",,"wYCqaZcA+7tKZqVSOMaNBCcRKvQIOBzP","wYCqaZcA+7tKZqVSOMaNBCcRKvQIOBzP",
"660f849a-1e69-40ee-a5a3-e49ece6d1e7d","BLAN_001.basePlot.bet","D02","BLAN","BLAN_001","S","2015-07-23","2015-08-06","2016-04-19","2015-09-23","snBNH0r8Ie3oU3fy7HbdkT2zzYkU6BHXi/fMdgg/pDQ=","NEON.BET.D02.002383","DICDIL1","Dicaelus dilatatus dilatatus","subspecies",,"Say",,"Ciegler, J. C. 2000. Ground beetles and wrinkled bark beetles of South Carolina (Coleoptera: Geadephaga: Carabidae and Rhysodidae). Biota of South Carolina. Vol. 1. Clemson, S. Clemson University.",,"wYCqaZcA+7tKZqVSOMaNBCcRKvQIOBzP","wYCqaZcA+7tKZqVSOMaNBCcRKvQIOBzP",
"a5378417-2302-4545-85cc-4cbfd24b10bc","BLAN_006.basePlot.bet","D02","BLAN","BLAN_006","S","2015-07-23","2015-08-06","2016-04-21","2015-11-06","YPnoadCppCzewqzz7FEYf3p8wqoR5qhghaRdWhB8WZw=","NEON.BET.D02.002453","BRATAN","Bradycellus tantillus","species",,"Dejean",,"Lindroth, C. H. 1969. The ground-beetles (Carabidae, excl. Cicindelinae) of Canada and Alaska, parts 1-6. Opuscula E. Entomoligiska Sallskapet.",,"wYCqaZcA+7tKZqVSOMaNBCcRKvQIOBzP","wYCqaZcA+7tKZqVSOMaNBCcRKvQIOBzP",
"939e0fd2-4289-4ed9-807d-148ee55b0e5c","BLAN_001.basePlot.bet","D02","BLAN","BLAN_001","S","2015-07-23","2015-08-06","2016-04-19","2015-09-23","snBNH0r8Ie3oU3fy7HbdkbyuCR3as2mzURuA6h0Ri3I=","NEON.BET.D02.002365","CHLAES","Chlaenius aestivus","species",,"Say",,"Ciegler, J. C. 2000. Ground beetles and wrinkled bark beetles of South Carolina (Coleoptera: Geadephaga: Carabidae and Rhysodidae). Biota of South Carolina. Vol. 1. Clemson, S. Clemson University.",,"OkD7GLun5+2axcMZFkkGzqUglhn8Dr4Y","wYCqaZcA+7tKZqVSOMaNBCcRKvQIOBzP",
"3ea51958-7a97-43a1-aaf9-1f8e882133df","BLAN_004.basePlot.bet","D02","BLAN","BLAN_004","S","2015-07-23","2015-08-06","2016-04-21","2015-10-24","zD/pbYGBt/CNI35fc9ji9O7XyhCOCmkrWuqT0xSB93Q=","NEON.BET.D02.002501","HARPRO1","Harpalus protractus","species",,"Casey",,"Ball, G. E., and J. N. Anderson. 1962. The taxonomy and speciation of Pseudophonus (a subgenus of Harpalus: Haralini: Carabidae, known to occur in North America). The Catholic University of America Press, Washington 17, D. C.",,"wYCqaZcA+7tKZqVSOMaNBCcRKvQIOBzP","wYCqaZcA+7tKZqVSOMaNBCcRKvQIOBzP",
"64838bf3-52f0-4000-bfd1-bc8667c337ce","BLAN_007.basePlot.bet","D02","BLAN","BLAN_007","S","2015-07-23","2015-08-06","2016-04-19","2015-09-23","bSFRDFDJGfxVcvZJvv+ISvJfeuSdfHFvVsnqLIRG/o4=","NEON.BET.D02.002404","DICPOL","Dicaelus politus","species",,"Dejean",,"Ciegler, J. C. 2000. Ground beetles and wrinkled bark beetles of South Carolina (Coleoptera: Geadephaga: Carabidae and Rhysodidae). Biota of South Carolina. Vol. 1. Clemson, S. Clemson University.",,"wYCqaZcA+7tKZqVSOMaNBCcRKvQIOBzP","wYCqaZcA+7tKZqVSOMaNBCcRKvQIOBzP",
"aeea6b5d-b1e1-4e9a-9ea1-7c571e21f18d","BLAN_009.basePlot.bet","D02","BLAN","BLAN_009","E","2015-08-06","2015-08-20","2016-04-21","2015-09-29","7TKpA4ipJZDyHyTXy7ZdZ0YABnfc5g8jRnG4qBczaqY=","NEON.BET.D02.002513","CALGRE","Calathus gregarius","species",,"Say",,"Bousquet, Y. 2010b. Illustrated Identification Guide to Adults and Larvae of Northeastern North American Ground Beetles (Coleoptera: Carabidae). 1st Ed. Pensoft Publishers, Sofia, Bulgaria.",,"wYCqaZcA+7tKZqVSOMaNBCcRKvQIOBzP","wYCqaZcA+7tKZqVSOMaNBCcRKvQIOBzP",
"15538c5f-1470-46d4-8060-879253647ee9","BLAN_002.basePlot.bet","D02","BLAN","BLAN_002","W","2015-08-06","2015-08-20","2016-04-11","2015-09-28","pAIsJl1bu+GnLLfxBfuTz1NLuACU1f6RzRJOckkLTy0=","NEON.BET.D02.001986","TETVIR","Tetracha virginica","species",,"Linnaeus",,"Ciegler, J. C. 2000. Ground beetles and wrinkled bark beetles of South Carolina (Coleoptera: Geadephaga: Carabidae and Rhysodidae). Biota of South Carolina. Vol. 1. Clemson, S. Clemson University.",,"wYCqaZcA+7tKZqVSOMaNBCcRKvQIOBzP","ena7GLJui5s1h8moQAQPw3Qj2+mVdivS",
"5e27d910-51e3-4bdc-b44f-6cb26fdcd248","BLAN_006.basePlot.bet","D02","BLAN","BLAN_006","E","2015-08-06","2015-08-20","2016-04-21","2015-11-06","YPnoadCppCw/xFNAB855mav79BjWrw/7iz6xb2TdZ+k=","NEON.BET.D02.002488","HARPEN","Harpalus pensylvanicus","species",,"DeGeer",,"Ball, G. E., and J. N. Anderson. 1962. The taxonomy and speciation of Pseudophonus (a subgenus of Harpalus: Haralini: Carabidae, known to occur in North America). The Catholic University of America Press, Washington 17, D. C.",,"wYCqaZcA+7tKZqVSOMaNBCcRKvQIOBzP","wYCqaZcA+7tKZqVSOMaNBCcRKvQIOBzP",
"b6ae44ea-25ca-4baa-ac16-9d43d69a24c3","BLAN_006.basePlot.bet","D02","BLAN","BLAN_006","E","2015-08-06","2015-08-20","2016-04-21","2015-11-06","YPnoadCppCw/xFNAB855mav79BjWrw/7iz6xb2TdZ+k=","NEON.BET.D02.002489","HARPEN","Harpalus pensylvanicus","species",,"DeGeer",,"Ball, G. E., and J. N. Anderson. 1962. The taxonomy and speciation of Pseudophonus (a subgenus of Harpalus: Haralini: Carabidae, known to occur in North America). The Catholic University of America Press, Washington 17, D. C.",,"wYCqaZcA+7tKZqVSOMaNBCcRKvQIOBzP","wYCqaZcA+7tKZqVSOMaNBCcRKvQIOBzP",
"5fb281ce-09b4-4f92-8c30-529efafadc93","BLAN_011.basePlot.bet","D02","BLAN","BLAN_011","E","2015-08-06","2015-08-20","2016-04-19","2015-09-28","N4JQ3RFWht1UiEJPpKgW20tce1mSUr9fz90YLp/bSjo=","NEON.BET.D02.002367","CHLAES","Chlaenius aestivus","species",,"Say",,"Ciegler, J. C. 2000. Ground beetles and wrinkled bark beetles of South Carolina (Coleoptera: Geadephaga: Carabidae and Rhysodidae). Biota of South Carolina. Vol. 1. Clemson, S. Clemson University.",,"wYCqaZcA+7tKZqVSOMaNBCcRKvQIOBzP","wYCqaZcA+7tKZqVSOMaNBCcRKvQIOBzP",
"2326585b-79e7-4e39-9ee5-93ee02ea5159","BLAN_001.basePlot.bet","D02","BLAN","BLAN_001","E","2015-08-06","2015-08-20","2016-04-21","2015-11-06","snBNH0r8Ie27sIQ3i0ssVu64VkdrhklX0QWfjq0nEao=","NEON.BET.D02.002502","HARPRO1","Harpalus protractus","species",,"Casey",,"Ball, G. E., and J. N. Anderson. 1962. The taxonomy and speciation of Pseudophonus (a subgenus of Harpalus: Haralini: Carabidae, known to occur in North America). The Catholic University of America Press, Washington 17, D. C.",,"wYCqaZcA+7tKZqVSOMaNBCcRKvQIOBzP","wYCqaZcA+7tKZqVSOMaNBCcRKvQIOBzP",
"39f65966-407a-453c-a696-be4d94fe2701","BLAN_005.basePlot.bet","D02","BLAN","BLAN_005","E","2015-08-06","2015-08-20","2016-04-19","2015-09-28","z8g4o9caFRNBjyTGQyR3Eby1Wzyp10QgooK2gdFcsYI=","NEON.BET.D02.002391","DICDIL1","Dicaelus dilatatus dilatatus","subspecies",,"Say",,"Ciegler, J. C. 2000. Ground beetles and wrinkled bark beetles of South Carolina (Coleoptera: Geadephaga: Carabidae and Rhysodidae). Biota of South Carolina. Vol. 1. Clemson, S. Clemson University.",,"wYCqaZcA+7tKZqVSOMaNBCcRKvQIOBzP","wYCqaZcA+7tKZqVSOMaNBCcRKvQIOBzP",
"01833967-f958-43fd-ac4f-791c5f6b7fc6","BLAN_006.basePlot.bet","D02","BLAN","BLAN_006","E","2015-08-06","2015-08-20","2016-04-21","2015-11-06","YPnoadCppCw/xFNAB855mav79BjWrw/7iz6xb2TdZ+k=","NEON.BET.D02.002487","HARPEN","Harpalus pensylvanicus","species",,"DeGeer",,"Ball, G. E., and J. N. Anderson. 1962. The taxonomy and speciation of Pseudophonus (a subgenus of Harpalus: Haralini: Carabidae, known to occur in North America). The Catholic University of America Press, Washington 17, D. C.",,"wYCqaZcA+7tKZqVSOMaNBCcRKvQIOBzP","wYCqaZcA+7tKZqVSOMaNBCcRKvQIOBzP",
"64ebb6ba-1b7a-450b-ac20-5d2249c5814e","BLAN_006.basePlot.bet","D02","BLAN","BLAN_006","E","2015-08-06","2015-08-20","2016-04-21","2015-11-06","YPnoadCppCw/xFNAB855mav79BjWrw/7iz6xb2TdZ+k=","NEON.BET.D02.002486","HARPEN","Harpalus pensylvanicus","species",,"DeGeer",,"Ball, G. E., and J. N. Anderson. 1962. The taxonomy and speciation of Pseudophonus (a subgenus of Harpalus: Haralini: Carabidae, known to occur in North America). The Catholic University of America Press, Washington 17, D. C.",,"wYCqaZcA+7tKZqVSOMaNBCcRKvQIOBzP","wYCqaZcA+7tKZqVSOMaNBCcRKvQIOBzP",
"d37df7b3-3d94-45e5-95ee-2a89db589dc5","BLAN_007.basePlot.bet","D02","BLAN","BLAN_007","E","2015-08-06","2015-08-20","2016-04-19","2015-09-29","bSFRDFDJGfyH7CX1vhlSl3S9Z1JnDXWYVP7ny46cmkY=","NEON.BET.D02.002209","CYCSIG","Cyclotrachelus sigillatus","species",,"Say",,"Freitag, R. 1969. A revision of the species of the genus Evarthrus LeConte. Quaestiones Entomologicae 5:89-212.",,"wYCqaZcA+7tKZqVSOMaNBCcRKvQIOBzP","wYCqaZcA+7tKZqVSOMaNBCcRKvQIOBzP",
"df9328cf-a4da-4e99-9864-3d6118dfb8a6","BLAN_003.basePlot.bet","D02","BLAN","BLAN_003","E","2015-08-06","2015-08-20","2016-04-21","2015-11-06","qWnRnvyEnOyTg93fo0GlNDTgtv8gFXIAjgSheWc5Koc=","NEON.BET.D02.002482","HARPEN","Harpalus pensylvanicus","species",,"DeGeer",,"Ball, G. E., and J. N. Anderson. 1962. The taxonomy and speciation of Pseudophonus (a subgenus of Harpalus: Haralini: Carabidae, known to occur in North America). The Catholic University of America Press, Washington 17, D. C.",,"wYCqaZcA+7tKZqVSOMaNBCcRKvQIOBzP","wYCqaZcA+7tKZqVSOMaNBCcRKvQIOBzP",
"5cb127ca-2eb4-4537-8253-a7e4a2213d7d","BLAN_005.basePlot.bet","D02","BLAN","BLAN_005","E","2015-08-06","2015-08-20","2016-04-19","2015-09-28","z8g4o9caFRNBjyTGQyR3EQwgPeBpJL3Vlq6OenGVbIk=","NEON.BET.D02.002170","PTEPER2","Pterostichus permundus","species",,"Say",,"Ciegler, J. C. 2000. Ground beetles and wrinkled bark beetles of South Carolina (Coleoptera: Geadephaga: Carabidae and Rhysodidae). Biota of South Carolina. Vol. 1. Clemson, S. Clemson University.",,"wYCqaZcA+7tKZqVSOMaNBCcRKvQIOBzP","wYCqaZcA+7tKZqVSOMaNBCcRKvQIOBzP",
"ca26e921-a653-44f9-abda-b17487030068","BLAN_005.basePlot.bet","D02","BLAN","BLAN_005","E","2015-08-06","2015-08-20","2016-04-19","2015-09-28","z8g4o9caFRNBjyTGQyR3EdKMjygL593wK+Ogy+DF+lg=","NEON.BET.D02.002195","PTESTY","Pterostichus stygicus","species",,"Say",,"Bousquet, Y. 2010b. Illustrated Identification Guide to Adults and Larvae of Northeastern North American Ground Beetles (Coleoptera: Carabidae). 1st Ed. Pensoft Publishers, Sofia, Bulgaria.",,"wYCqaZcA+7tKZqVSOMaNBCcRKvQIOBzP","wYCqaZcA+7tKZqVSOMaNBCcRKvQIOBzP",
"9487f7fa-6266-4c92-97db-b383d712e4dd","BLAN_011.basePlot.bet","D02","BLAN","BLAN_011","E","2015-08-06","2015-08-20","2016-04-19","2015-09-28","N4JQ3RFWht1UiEJPpKgW24MxmAAx5TtrahwORKdhts4=","NEON.BET.D02.002196","PTESTY","Pterostichus stygicus","species",,"Say",,"Bousquet, Y. 2010b. Illustrated Identification Guide to Adults and Larvae of Northeastern North American Ground Beetles (Coleoptera: Carabidae). 1st Ed. Pensoft Publishers, Sofia, Bulgaria.",,"wYCqaZcA+7tKZqVSOMaNBCcRKvQIOBzP","wYCqaZcA+7tKZqVSOMaNBCcRKvQIOBzP",
"624d6b9a-fd82-43bc-8da2-bfd82a64cfb4","BLAN_011.basePlot.bet","D02","BLAN","BLAN_011","E","2015-08-06","2015-08-20","2016-04-11","2015-09-28","N4JQ3RFWht1UiEJPpKgW209dha6ipqhtRcniPL6epwk=","NEON.BET.D02.002008","BEMPED","Bembidion pedicellatum","species",,"LeConte",,"Lindroth, C. H. 1969. The ground-beetles (Carabidae, excl. Cicindelinae) of Canada and Alaska, parts 1-6. Opuscula E. Entomoligiska Sallskapet.",,"wYCqaZcA+7tKZqVSOMaNBCcRKvQIOBzP","ena7GLJui5s1h8moQAQPw3Qj2+mVdivS",
"82ca2855-7572-4a8d-a3d7-0aa0d4188135","BLAN_009.basePlot.bet","D02","BLAN","BLAN_009","N","2015-08-06","2015-08-20","2016-04-19","2015-09-28","7TKpA4ipJZDLqKPO2y3GpqOBtg1OYdEMD8tFfCftDTU=","NEON.BET.D02.002368","CHLAES","Chlaenius aestivus","species",,"Say",,"Ciegler, J. C. 2000. Ground beetles and wrinkled bark beetles of South Carolina (Coleoptera: Geadephaga: Carabidae and Rhysodidae). Biota of South Carolina. Vol. 1. Clemson, S. Clemson University.",,"wYCqaZcA+7tKZqVSOMaNBCcRKvQIOBzP","wYCqaZcA+7tKZqVSOMaNBCcRKvQIOBzP",
"d8a2700b-a55f-43ef-9892-7e0587f2d57f","BLAN_007.basePlot.bet","D02","BLAN","BLAN_007","N","2015-08-06","2015-08-20","2016-04-21","2015-09-29","bSFRDFDJGfytG99/VH38tOg/CpzFl7MhsIkoOzzNy18=","NEON.BET.D02.002452","AMPINT","Amphasia interstitialis","species",,"Say",,"Ciegler, J. C. 2000. Ground beetles and wrinkled bark beetles of South Carolina (Coleoptera: Geadephaga: Carabidae and Rhysodidae). Biota of South Carolina. Vol. 1. Clemson, S. Clemson University.",,"wYCqaZcA+7tKZqVSOMaNBCcRKvQIOBzP","wYCqaZcA+7tKZqVSOMaNBCcRKvQIOBzP",
"19eceb3b-3798-46e7-883a-d94c8ac20510","BLAN_007.basePlot.bet","D02","BLAN","BLAN_007","N","2015-08-06","2015-08-20","2016-04-19","2015-09-29","bSFRDFDJGfytG99/VH38tA39rrRmAA08GA7pthNAuxs=","NEON.BET.D02.002401","DICAMB","Dicaelus ambiguus","species",,"LaFerte-Senectere",,"Ciegler, J. C. 2000. Ground beetles and wrinkled bark beetles of South Carolina (Coleoptera: Geadephaga: Carabidae and Rhysodidae). Biota of South Carolina. Vol. 1. Clemson, S. Clemson University.",,"wYCqaZcA+7tKZqVSOMaNBCcRKvQIOBzP","wYCqaZcA+7tKZqVSOMaNBCcRKvQIOBzP",
"59674b0b-dbaa-4eee-87e3-94687bd54242","BLAN_004.basePlot.bet","D02","BLAN","BLAN_004","N","2015-08-06","2015-08-20","2016-04-21","2015-11-06","zD/pbYGBt/C/aB+ZJY3XZ3i45NkyscWXeLUvUxhsQqw=","NEON.BET.D02.002484","HARPEN","Harpalus pensylvanicus","species",,"DeGeer",,"Ball, G. E., and J. N. Anderson. 1962. The taxonomy and speciation of Pseudophonus (a subgenus of Harpalus: Haralini: Carabidae, known to occur in North America). The Catholic University of America Press, Washington 17, D. C.",,"wYCqaZcA+7tKZqVSOMaNBCcRKvQIOBzP","wYCqaZcA+7tKZqVSOMaNBCcRKvQIOBzP",
"43bfee5a-ef69-4a3c-bbc8-5d699c283262","BLAN_004.basePlot.bet","D02","BLAN","BLAN_004","N","2015-08-06","2015-08-20","2016-04-21","2015-11-06","zD/pbYGBt/C/aB+ZJY3XZ3i45NkyscWXeLUvUxhsQqw=","NEON.BET.D02.002485","HARPEN","Harpalus pensylvanicus","species",,"DeGeer",,"Ball, G. E., and J. N. Anderson. 1962. The taxonomy and speciation of Pseudophonus (a subgenus of Harpalus: Haralini: Carabidae, known to occur in North America). The Catholic University of America Press, Washington 17, D. C.",,"wYCqaZcA+7tKZqVSOMaNBCcRKvQIOBzP","wYCqaZcA+7tKZqVSOMaNBCcRKvQIOBzP",
"2fa6097c-b8c5-45f4-b13b-70079ad7a1b3","BLAN_007.basePlot.bet","D02","BLAN","BLAN_007","N","2015-08-06","2015-08-20","2016-04-19","2015-09-29","bSFRDFDJGfytG99/VH38tNE/YZRhm2NOidxecWeCLuc=","NEON.BET.D02.002210","CYCSIG","Cyclotrachelus sigillatus","species",,"Say",,"Freitag, R. 1969. A revision of the species of the genus Evarthrus LeConte. Quaestiones Entomologicae 5:89-212.",,"wYCqaZcA+7tKZqVSOMaNBCcRKvQIOBzP","wYCqaZcA+7tKZqVSOMaNBCcRKvQIOBzP",
"1e9443ff-f40c-4765-8cca-d2e0f17a5184","BLAN_004.basePlot.bet","D02","BLAN","BLAN_004","N","2015-08-06","2015-08-20","2016-04-19","2015-09-28","zD/pbYGBt/C/aB+ZJY3XZ3J2kFktFMP/h8NlhjxUhnk=","NEON.BET.D02.002169","PTEPER2","Pterostichus permundus","species",,"Say",,"Ciegler, J. C. 2000. Ground beetles and wrinkled bark beetles of South Carolina (Coleoptera: Geadephaga: Carabidae and Rhysodidae). Biota of South Carolina. Vol. 1. Clemson, S. Clemson University.",,"wYCqaZcA+7tKZqVSOMaNBCcRKvQIOBzP","wYCqaZcA+7tKZqVSOMaNBCcRKvQIOBzP",
"0b3464e4-2ada-4b23-b1b5-a0a4c7cc5e7c","BLAN_011.basePlot.bet","D02","BLAN","BLAN_011","N","2015-08-06","2015-08-20","2016-04-11","2015-09-28","N4JQ3RFWht3sbbIawXLCq/nMd83SFoOsMDWUcdJCJ7I=","NEON.BET.D02.002009","BEMPED","Bembidion pedicellatum","species",,"LeConte",,"Lindroth, C. H. 1969. The ground-beetles (Carabidae, excl. Cicindelinae) of Canada and Alaska, parts 1-6. Opuscula E. Entomoligiska Sallskapet.",,"wYCqaZcA+7tKZqVSOMaNBCcRKvQIOBzP","ena7GLJui5s1h8moQAQPw3Qj2+mVdivS",
"031183ca-92ab-4700-925a-194e12ca3f13","BLAN_006.basePlot.bet","D02","BLAN","BLAN_006","S","2015-08-06","2015-08-20","2016-04-21","2015-09-28","YPnoadCppCzewqzz7FEYfx/IU67ing/JvP5TAr0UgPE=","NEON.BET.D02.002454","STEOCH","Stenolophus ochropezus","species",,"Say",,"Bousquet, Y. 2010b. Illustrated Identification Guide to Adults and Larvae of Northeastern North American Ground Beetles (Coleoptera: Carabidae). 1st Ed. Pensoft Publishers, Sofia, Bulgaria.",,"wYCqaZcA+7tKZqVSOMaNBCcRKvQIOBzP","wYCqaZcA+7tKZqVSOMaNBCcRKvQIOBzP",
"3a057743-4d08-43ac-94e9-206fab0f8efb","BLAN_002.basePlot.bet","D02","BLAN","BLAN_002","S","2015-08-06","2015-08-20","2016-04-21","2015-11-06","pAIsJl1bu+E8Xbm7/DkTAs8sjbRUDGs6WVheQvFRATc=","NEON.BET.D02.002479","HARPEN","Harpalus pensylvanicus","species",,"DeGeer",,"Ball, G. E., and J. N. Anderson. 1962. The taxonomy and speciation of Pseudophonus (a subgenus of Harpalus: Haralini: Carabidae, known to occur in North America). The Catholic University of America Press, Washington 17, D. C.",,"wYCqaZcA+7tKZqVSOMaNBCcRKvQIOBzP","wYCqaZcA+7tKZqVSOMaNBCcRKvQIOBzP",
"9b487032-b06b-4dc1-83bf-e3f488135099","BLAN_003.basePlot.bet","D02","BLAN","BLAN_003","S","2015-08-06","2015-08-20","2016-04-21","2015-10-01","qWnRnvyEnOw8ZG3glPjrxl2b8OsvoLaZZJIZboFcmaM=","NEON.BET.D02.002443","ANIRUS","Anisodactylus rusticus","species",,"Say",,"Noonan, G. R. 1973. The Anisodactylines (Insecta: Coleoptera: Carabidae: Harpalini): classification, evolution and zoogeography. Quaestiones Entomologicae 9:266-480.",,"wYCqaZcA+7tKZqVSOMaNBCcRKvQIOBzP","wYCqaZcA+7tKZqVSOMaNBCcRKvQIOBzP",
"59021901-57ec-48a7-a720-1e5dea27ab1e","BLAN_003.basePlot.bet","D02","BLAN","BLAN_003","S","2015-08-06","2015-08-20","2016-04-21","2015-11-06","qWnRnvyEnOw8ZG3glPjrxsSrUaa3S1F2n+Qz95rRdwQ=","NEON.BET.D02.002481","HARPEN","Harpalus pensylvanicus","species",,"DeGeer",,"Ball, G. E., and J. N. Anderson. 1962. The taxonomy and speciation of Pseudophonus (a subgenus of Harpalus: Haralini: Carabidae, known to occur in North America). The Catholic University of America Press, Washington 17, D. C.",,"wYCqaZcA+7tKZqVSOMaNBCcRKvQIOBzP","wYCqaZcA+7tKZqVSOMaNBCcRKvQIOBzP",
"162ffb62-cff7-4091-9739-11cc49d054c3","BLAN_003.basePlot.bet","D02","BLAN","BLAN_003","S","2015-08-06","2015-08-20","2016-04-21","2015-10-01","qWnRnvyEnOw8ZG3glPjrxpGjntuT1MR5L81yTwU8XWY=","NEON.BET.D02.002449","ANIDUL","Anisodactylus dulcicollis","species",,"LaFerte-Senectere",,"Noonan, G. R. 1973. The Anisodactylines (Insecta: Coleoptera: Carabidae: Harpalini): classification, evolution and zoogeography. Quaestiones Entomologicae 9:266-480.",,"wYCqaZcA+7tKZqVSOMaNBCcRKvQIOBzP","wYCqaZcA+7tKZqVSOMaNBCcRKvQIOBzP",
"b9d5edd5-2558-4bef-8cde-aaba30333720","BLAN_002.basePlot.bet","D02","BLAN","BLAN_002","S","2015-08-06","2015-08-20","2016-04-21","2015-11-06","pAIsJl1bu+E8Xbm7/DkTAmzyVTwkGWCsUOGQ/sgJmlc=","NEON.BET.D02.002463","HARFAU","Harpalus faunus","species",,"Say",,"Ball, G. E., and J. N. Anderson. 1962. The taxonomy and speciation of Pseudophonus (a subgenus of Harpalus: Haralini: Carabidae, known to occur in North America). The Catholic University of America Press, Washington 17, D. C.",,"wYCqaZcA+7tKZqVSOMaNBCcRKvQIOBzP","wYCqaZcA+7tKZqVSOMaNBCcRKvQIOBzP",
"37f78aa7-0bee-40d0-abbe-8c7fa36eaef3","BLAN_005.basePlot.bet","D02","BLAN","BLAN_005","S","2015-08-06","2015-08-20","2016-04-19","2015-09-28","z8g4o9caFROyny+EfIixsGW2KI+6j/DLiEXsZ1KGfXM=","NEON.BET.D02.002390","DICDIL1","Dicaelus dilatatus dilatatus","subspecies",,"Say",,"Ciegler, J. C. 2000. Ground beetles and wrinkled bark beetles of South Carolina (Coleoptera: Geadephaga: Carabidae and Rhysodidae). Biota of South Carolina. Vol. 1. Clemson, S. Clemson University.",,"wYCqaZcA+7tKZqVSOMaNBCcRKvQIOBzP","wYCqaZcA+7tKZqVSOMaNBCcRKvQIOBzP",
"01531a4a-1592-47c8-99b4-4a0d9a6e2f39","BLAN_002.basePlot.bet","D02","BLAN","BLAN_002","S","2015-08-06","2015-08-20","2016-04-21","2015-11-06","pAIsJl1bu+E8Xbm7/DkTAs8sjbRUDGs6WVheQvFRATc=","NEON.BET.D02.002480","HARPEN","Harpalus pensylvanicus","species",,"DeGeer",,"Ball, G. E., and J. N. Anderson. 1962. The taxonomy and speciation of Pseudophonus (a subgenus of Harpalus: Haralini: Carabidae, known to occur in North America). The Catholic University of America Press, Washington 17, D. C.",,"wYCqaZcA+7tKZqVSOMaNBCcRKvQIOBzP","wYCqaZcA+7tKZqVSOMaNBCcRKvQIOBzP",
"bd436be5-96b2-4680-9fc3-471360cffb0a","BLAN_012.basePlot.bet","D02","BLAN","BLAN_012","S","2015-08-06","2015-08-20","2016-04-19","2015-09-28","J0lvmfNn/fcMLVBNGhCcXE41cGR3zsPv3qe2USVQe6A=","NEON.BET.D02.002197","PTESTY","Pterostichus stygicus","species",,"Say",,"Bousquet, Y. 2010b. Illustrated Identification Guide to Adults and Larvae of Northeastern North American Ground Beetles (Coleoptera: Carabidae). 1st Ed. Pensoft Publishers, Sofia, Bulgaria.",,"wYCqaZcA+7tKZqVSOMaNBCcRKvQIOBzP","wYCqaZcA+7tKZqVSOMaNBCcRKvQIOBzP",
"87c10d0e-c96e-4c5f-babc-933bab9c9f11","BLAN_012.basePlot.bet","D02","BLAN","BLAN_012","W","2015-08-06","2015-08-20","2016-04-19","2015-09-28","J0lvmfNn/feaRxuGVUQ1EA0cesVsh6IYXrWli4PXx2o=","NEON.BET.D02.002403","DICFUR2","Dicaelus furvus furvus","subspecies",,"Dejean",,"Ciegler, J. C. 2000. Ground beetles and wrinkled bark beetles of South Carolina (Coleoptera: Geadephaga: Carabidae and Rhysodidae). Biota of South Carolina. Vol. 1. Clemson, S. Clemson University.",,"wYCqaZcA+7tKZqVSOMaNBCcRKvQIOBzP","wYCqaZcA+7tKZqVSOMaNBCcRKvQIOBzP",
"6a9c208f-e8f7-47d9-8239-5bd3e1891dcd","BLAN_003.basePlot.bet","D02","BLAN","BLAN_003","W","2015-08-06","2015-08-20","2016-04-21","2015-11-06","qWnRnvyEnOzTkoE7zeEk+KskAIbFZDsJHdXQTf0C2+Y=","NEON.BET.D02.002483","HARPEN","Harpalus pensylvanicus","species",,"DeGeer",,"Ball, G. E., and J. N. Anderson. 1962. The taxonomy and speciation of Pseudophonus (a subgenus of Harpalus: Haralini: Carabidae, known to occur in North America). The Catholic University of America Press, Washington 17, D. C.",,"wYCqaZcA+7tKZqVSOMaNBCcRKvQIOBzP","wYCqaZcA+7tKZqVSOMaNBCcRKvQIOBzP",
"04573310-5512-48b6-815d-f6885d441658","BLAN_009.basePlot.bet","D02","BLAN","BLAN_009","W","2015-08-06","2015-08-20","2016-04-19","2015-09-28","7TKpA4ipJZC3iyN1MAGJU3jHwc2ZK5DYQ0kySSjAn3M=","NEON.BET.D02.002211","CYCSIG","Cyclotrachelus sigillatus","species",,"Say",,"Freitag, R. 1969. A revision of the species of the genus Evarthrus LeConte. Quaestiones Entomologicae 5:89-212.",,"wYCqaZcA+7tKZqVSOMaNBCcRKvQIOBzP","wYCqaZcA+7tKZqVSOMaNBCcRKvQIOBzP",
"5bce3e22-7d4f-4af3-8e3b-1cb12984346a","BLAN_012.basePlot.bet","D02","BLAN","BLAN_012","W","2015-08-06","2015-08-20","2016-04-18","2015-09-28","J0lvmfNn/feaRxuGVUQ1EC4jBtpaIk8KXsf0e1tVPY8=","NEON.BET.D02.002060","POELUC","Poecilus lucublandus","species",,"Say",,"Ciegler, J. C. 2000. Ground beetles and wrinkled bark beetles of South Carolina (Coleoptera: Geadephaga: Carabidae and Rhysodidae). Biota of South Carolina. Vol. 1. Clemson, S. Clemson University.",,"wYCqaZcA+7tKZqVSOMaNBCcRKvQIOBzP","wYCqaZcA+7tKZqVSOMaNBCcRKvQIOBzP",
"80338d15-60b4-4ee1-9224-da932328afb6","BLAN_006.basePlot.bet","D02","BLAN","BLAN_006","E","2015-08-06","2015-08-20","2016-04-21","2015-11-06","YPnoadCppCw/xFNAB855mav79BjWrw/7iz6xb2TdZ+k=","NEON.BET.D02.002490","HARPEN","Harpalus pensylvanicus","species",,"DeGeer",,"Ball, G. E., and J. N. Anderson. 1962. The taxonomy and speciation of Pseudophonus (a subgenus of Harpalus: Haralini: Carabidae, known to occur in North America). The Catholic University of America Press, Washington 17, D. C.",,"wYCqaZcA+7tKZqVSOMaNBCcRKvQIOBzP","wYCqaZcA+7tKZqVSOMaNBCcRKvQIOBzP",
