uid,namedLocation,domainID,siteID,plotID,setDate,collectDate,processingDate,subsampleIDList,archiveVialID,scientificName,recordedBy,remarks
"e72997a3-885c-454d-a0f2-8a007ea02e7d","WOOD_006.basePlot.bet","D09","WOOD","WOOD_006","2014-08-27","2014-09-10","2015-03-01","WY3Zl9EyMifynNEAFRb+YcBAmjPv0jVy828hhwhkqP6MW/z1MMkhgZ4DZMkpl/b1BpS+qQh8Kh4nXiPKzaptmhgdBJiwk2PCpUr78JdtQVthjqCDsNVSwCMhCeAtAV+14IxxauBq4dA=","WY3Zl9EyMifXa9BR02VBCcX/Aw2fxx/B",,,
"75a2f4ea-eff2-446e-ac5a-05502e54be9d","WOOD_024.basePlot.bet","D09","WOOD","WOOD_024","2014-08-27","2014-09-10","2015-03-01","rKE54NR9lxQPVfPE4D7ShpPnxuMQSHXECZnt3D5AFnWNmUEx5YVB8Z8fZbkk6G31gJgdst3OT5k=","rKE54NR9lxQ1fxC4IM8tdlXqc3gy86BV",,,
"c14bebd3-57a3-4175-902b-8060c09ac50c","WOOD_023.basePlot.bet","D09","WOOD","WOOD_023","2014-08-27","2014-09-10","2015-03-01","HkhQBNKo1QBBdlVR94zQ4d6I5NBv68c111h4JuOI+tGF0ck2P9r5zhPCtHX2S7s51o2UnS1rdo/AgwdMO85hTXf3Henss5uMuF/akycHjpU=","HkhQBNKo1QBioxSMb1XA2fyd9W7QTi/q",,,
"82caf411-c975-4556-9b3b-15ff98bcd162","WOOD_002.basePlot.bet","D09","WOOD","WOOD_002","2014-08-27","2014-09-10","2015-03-01","V7nyjIgYGmNgmt8YvrzpaWxVHwfhCfFbtsRdTSN6GLggtiWhpRDCbwTO5xoT0rxWW6AsbzchUrJEW0q0XO8xLAvRFbxU1oQLek9rb7pRyjF4Bb5xt2QLmmfxFW21CV1Ssx3AVmqFjs0=","V7nyjIgYGmMj5j/3iqCa4fe2XOgJRP35",,,
"6450ab6b-7035-4632-b83b-66aa794c5e7f","WOOD_007.basePlot.bet","D09","WOOD","WOOD_007","2014-08-27","2014-09-10","2015-03-01","5mkFtj0S+gj7pO/JrMpZhgbcwKsNaO3JQt4gRsRtXfjmWJi4fPabKS4ld5IluqNvQXTR9cNQy7tfkxx7m4g3hlojTu5hs4/SII1yzd9cTEAV3X7tuKOk/jV8fH8PBWrRuO+CSuKgYB4=","5mkFtj0S+ghGcHuSJNyaDV8EN8nkfko+",,,
"1a5c6f1f-d726-49a0-895c-10f6bdd25d75","WOOD_003.basePlot.bet","D09","WOOD","WOOD_003","2014-08-27","2014-09-10","2015-03-01","gVhx7bcr2vPCjGhM8IKI/aXfKCmk4bWyDkXD7devsyDIj/MNvjBQllfs0u6aMFcG5WsN1AfP5qHNVFWY2tY0ZBtytgjd805f0DJQi8NhdLs=","gVhx7bcr2vOlDauxSl1QOkZEm+0885CX",,,
"f32e7dd2-0e53-462d-a196-73e4177f7a3b","WOOD_004.basePlot.bet","D09","WOOD","WOOD_004","2014-08-27","2014-09-10","2015-03-01","tVkCk1nh7tE28lJL7FyXHVndI7fhwxSOJkL1rYJ9YmdGxZhumwmhEPVpBF4d4ctoKBHLkzOjhA1wSn/eBtdYTC0zN3jGxJKcIRKLeKALod9xKjtIiE8AXi14c5EwXxBJt8ZIiau7j6U=","tVkCk1nh7tFKkT6YsKJxmxLTfsQRlM3t",,,
"459cd6d1-91ba-47a3-9876-1c655c3aa30d","WOOD_005.basePlot.bet","D09","WOOD","WOOD_005","2014-08-27","2014-09-10","2015-03-01","Q/pjwyhQ09w3gbpA5THbKJu1Q3UI8gtqxHjAIwy5NWTZhLOv4wvMhx1ask2ocJGOsdmNP+VvOiYWh7EIXp6Q0WXZEo1DgDG89IM0QJ+1llelB8C955J61XfYVRJ2qp5Lr81Xe3m4Wu0=","Q/pjwyhQ09ztfmZgKrtDdRL59IaWJGjW",,,
"534aa5ee-d34e-4254-9dff-5eafeadf97a4","WOOD_001.basePlot.bet","D09","WOOD","WOOD_001","2014-08-27","2014-09-10","2015-03-01","vZVALStcGzcsjDNtnU4ax1GmVWJA7jbBG7AbhQy/Jv8CMCitVEIqLZV8W7EdrgFWqiAwo7bxu5PcxANUm6fQSlCGHv0kj0eq+RdP63cTRhcBETbMMkpGcCy73cLQgPjI7yeNRtoP5rc=","vZVALStcGzfaF7sujERrVpEQAcItujMm",,,
