uid,namedLocation,domainID,siteID,plotID,setDate,collectDate,processingDate,subsampleIDList,archiveVialID,scientificName,recordedBy,remarks
"0e677d22-9be0-432e-9515-d64b021ced85","ORNL_003.basePlot.bet","D07","ORNL","ORNL_003","2016-06-21","2016-07-05","2016-07-06","952sL8sB3/gDwOwaqyWUuI0o6cN381P/QYPBG54sFEKIedwqqR670P0ri7iGCI56u66LQr6r0yvAm2YhSV6lCXiyUqCCUfgKwZHVmqhhnRh+8ixKt3R+eLq4OSUTXuKrkTCM1COfCyA=","952sL8sB3/hL1CymsV7w0XXZpE+zfn0N",,"B89Z/IeBZxVUVqkZavcPJo3avqhPk8Rn",
"12309d28-f742-42d1-b0ca-d8c59ee89549","ORNL_006.basePlot.bet","D07","ORNL","ORNL_006","2016-06-21","2016-07-05","2016-07-06","XUOG9+A5sIMU6k9TI/vF0IM5wE182bmGbY0pzodyoxuQpSbdZc6l4/cUudyZNMMS7pneDk4sjzY7AG2JhcMPQe5aLfpHp+C7R5IO5eD7q1cWy4np01wjZ0F3EdmgsxoV06TU/XamuB0=","XUOG9+A5sIPpgv7llUlrnwQHro9YE52V",,"B89Z/IeBZxVUVqkZavcPJo3avqhPk8Rn",
"f427283f-c0b2-416b-a83d-89729f0f6807","ORNL_027.basePlot.bet","D07","ORNL","ORNL_027","2016-06-21","2016-07-05","2016-09-16","di/gYcSB3uAv3mQDAiZcrVku/AB5VkEY7+oGasC4q3xnWvVWKgZ6jFDMT6Srelh2TnOjrOlvlV0n5V1CHp5IlQ==","di/gYcSB3uA1A2CC/P60qjp7n8839qrWxLzBzxKZCyQ=","Cyclotrachelus sigillatus","nAKPQvGWPz3w50pS9SF/Wg/TlEjgxRE8",
"7658627c-a7dc-46d8-a1d8-f35a33c64e70","ORNL_031.basePlot.bet","D07","ORNL","ORNL_031","2016-06-21","2016-07-05","2016-07-06","G1V5MttZ4JJO/csRKXZrzr/ybeQDj2ySMFLpVRDS5h4dzsrFi2ykgVnITQVUyeyEdmY9fWMxouZqSRQRv9TvZr/F6Pqup4P8/XO8KQl5TTKPsse9USvqJKS1XjcSs01uc14vVEGlQIA=","G1V5MttZ4JJt6aiOC0NO1x7BAobm1rHc",,"ntMKYxYUttgTR6u/j2bBWe+VSVcHK8QG",
"af37136c-f779-4668-8f69-786f9e406966","ORNL_002.basePlot.bet","D07","ORNL","ORNL_002","2016-06-21","2016-07-05","2016-07-06","FcwZvbWDjdiZOENX8biTkTl3r+FIR+q71gN5ig51a/yI60hTFtukbrDJmjKrDBJBeUTvkr+uhCI6qixBzVX5MrFxdHHNk4GuEF0y5OhIIfxMLiSOs7WWsChjGNJE8Hg/fa13HuOYpBU=","FcwZvbWDjdg4g5CPYjE5gaElVTyKq3eN",,"B89Z/IeBZxVUVqkZavcPJo3avqhPk8Rn",
"3cb075c5-33f6-42bb-aab1-0bfda2ee4a8a","ORNL_027.basePlot.bet","D07","ORNL","ORNL_027","2016-06-21","2016-07-05","2016-07-06","di/gYcSB3uCX/QMG51POLulDU/ImpDy62HYGHLKGG9XYtQt/BoXOqi+jq/2KAKIZdDTAvc2/U5e0xIoh5bWXpWi92zI26nYJsRHR3OCY7znxcysMsBcpfOZmPDQYIqrNAUbaM3QBKJE=","di/gYcSB3uA1A2CC/P60qnorf+4odqcd",,"NckVeUTSUP6LXotw5DdWvfxzK/VJHqS5",
"f3359337-2403-4340-be07-81262fad5c41","ORNL_032.basePlot.bet","D07","ORNL","ORNL_032","2016-06-21","2016-07-05","2016-07-06","DcTblkLRhlcMHYnGBtTNzCiCFMF3QR9bsxs+Gms1MCXpNLSSTWK11b/clZM8pyXcsL2KXSnUSwhnTWz/C0BnTVRRJGup9TcyWArfwv9KDZijaassbX2J71I6eUb06d751JujBjCxBR0=","DcTblkLRhlcEBtlotNP3P8EwoOkHv03K",,"B89Z/IeBZxVUVqkZavcPJo3avqhPk8Rn",
"0897cb79-926d-499b-9543-86c7e636acd8","ORNL_001.basePlot.bet","D07","ORNL","ORNL_001","2016-06-21","2016-07-05","2016-07-06","1iGudFvILglFolq0mlYwNZ57vGUiUWt0lWNqjQRxtcJ3J2EFOLJ2DC/RMaGHTUBCnSwKdpzzHO0BaY+K3pc9h3pqoGSEt2LLo8Qbpx/ugzc9l9wMoSDAi5KfsXlfvm7Z5hcgm/jpK3Y=","1iGudFvILgk6jHfrysj0Qpm6XLMt6DPp",,"hMeIr0r1D+O0r0KddsZuUbKn5xsaChU1",
"996523bd-12ce-4551-9d6a-ca723ac5f035","ORNL_029.basePlot.bet","D07","ORNL","ORNL_029","2016-06-21","2016-07-05","2016-07-06","7LdWMHVTMySQS3tmhusc90nu4dNAJAfTZDT0iC7zx5490KPEtZ6FokdecBV4bEM10icuXtAqIkSyilJ5yg5oDn5n22TYPsuixm6b/aAmdZp/iMB04ErrCBd40uebLds4oofcwFlpp6g=","7LdWMHVTMySYTw4lXUzDrsWlKUk0/iWr",,"NckVeUTSUP6LXotw5DdWvfxzK/VJHqS5",
"1d557648-3043-4f7d-866f-470f9772cfbe","ORNL_004.basePlot.bet","D07","ORNL","ORNL_004","2016-06-21","2016-07-05","2016-07-06","qnVzy9oXbL0qUS2wZooi3XGjqWlsGwVb1cWjn2Y0vIoVYF3bQXfRxvOzrUqZdoYdfmWadkGJasDU1Xwh4fOCAzKAUycfr6nCecng1CqLRivOD4SVxcFzt4UEx/Q88ulTVNMvotNzxI8=","qnVzy9oXbL3JAH/UgGAC37viNccbEri8",,"NckVeUTSUP6LXotw5DdWvfxzK/VJHqS5",
"5c28d269-5f74-442a-b226-9a2ff2bbc9f7","ORNL_021.basePlot.bet","D07","ORNL","ORNL_021","2016-06-21","2016-07-05","2016-07-06","LlqcsvOjN4BjD4VOCJJVGBMdJRjqh95OaBaK9Btz73h/9OXDKiP2ZnJJm7FL0Z55O9smqqdiYhiT2klGMkr8tpRPjxdS5jsE8MYrurRK8Ab/PzMaBCjDyGkRxSQiogaY+4jZq1+G9z8=","LlqcsvOjN4ByEKrx/dlvyEVeBPdVzfjM",,"NckVeUTSUP6LXotw5DdWvfxzK/VJHqS5",
"f76c2fd3-8af9-457d-a23e-f0d89165438f","ORNL_003.basePlot.bet","D07","ORNL","ORNL_003","2016-07-05","2016-07-19","2016-07-20","952sL8sB3/gTFn9DMXctOKZiTl4WHw5BAsCRj4LElCuYlcYmU7ov5FFRvsPRQvKmcafiA/1ZejccPrpcRi32796hBOhEi859KsNmzCp3aBVP74BrJNZqU3njHFHC+5IcXpYXP4Iv+uA=","952sL8sB3/iYRAuksSjTNsRIC9Lc+r0j",,"hMeIr0r1D+O0r0KddsZuUbKn5xsaChU1",
"f0c3443c-e156-4ac2-951d-ef367e4c0967","ORNL_032.basePlot.bet","D07","ORNL","ORNL_032","2016-07-05","2016-07-19","2016-07-20","DcTblkLRhldkfEFR5ElpHHoJUrONEZbU5rJuY6XYSveIJibtuvMKktkCEM8ASI/Sgr7htkatEiV4kYyhWH0y7ZEK0cRarknOJZKw1hG2rp+FNMuzYcfUSZd5wiI3tBdo+QuZ1slXaJI=","DcTblkLRhld/+lD6WOYx2qZyy7oNtsN4",,"hMeIr0r1D+O0r0KddsZuUbKn5xsaChU1",
"87111f1c-743f-45a8-87f6-7347b27d62a7","ORNL_001.basePlot.bet","D07","ORNL","ORNL_001","2016-07-05","2016-07-19","2016-07-20","1iGudFvILgkltEJD0ESwhaIo6QurAuwSW92ETBRm6S7GT3fcAccu9a6TOCHrEmGx5J9z1xFBY406qSAOXEdtTC1cos3ct3X0sq7GXRk2SgxNa4Af8K6J6ZzD1U+i6GSf9+VS9M/99eo=","1iGudFvILglp1fxIDo6RMHdeFIDmpp/G",,"ntMKYxYUttgTR6u/j2bBWe+VSVcHK8QG",
"01d23503-a073-4f25-9632-5098cc4dd006","ORNL_029.basePlot.bet","D07","ORNL","ORNL_029","2016-07-05","2016-07-19","2016-07-20","7LdWMHVTMySbituYSS2qzabFHKiJV3/CBbaFWHP/n7fMqWhPIcnXoFZVgLRsaSbDQ4faoHZL+QEooWBCPH639Q1uVG5wEjP3wpwfSNOkwctrIWKaZLzgMNELsnTBIYM9gYj3Sj3nyhw=","7LdWMHVTMyTpXHGRUDo/k+e48QsEAH75",,"hMeIr0r1D+O0r0KddsZuUbKn5xsaChU1",
"91ed1e4b-38d5-4de6-aab1-817c4e1861a9","ORNL_027.basePlot.bet","D07","ORNL","ORNL_027","2016-07-05","2016-07-19","2016-07-20","di/gYcSB3uB3ooLgTxX6zlw9JF1GepWZg5HrW5lXby1fi+t+WgETDmy9PP0HhI7o9HWDmMDYOb5mm9ahmXo4dawsAdzAJ67bobbnTsRJsw+gIQiHMH/RIu72LpNLRo5yr8rRdSBxo/U=","di/gYcSB3uDPsOEyi9TM7GHqtDC0gvuC",,"ntMKYxYUttgTR6u/j2bBWe+VSVcHK8QG",
"87add1e8-87ec-4411-b947-d5614bd7bf33","ORNL_031.basePlot.bet","D07","ORNL","ORNL_031","2016-07-05","2016-07-19","2016-07-20","G1V5MttZ4JJKwRamf9RFhAxqKvqT74wVbFmA86U82TUkRHqvOitH+7ov0fzSg55ykCv4sErWj/stTZEfabNVImO1DbyHJS9gTihPLTp8w8xM9IPm+NzDonQxFEfqGIf9hGiT2FlVih8=","G1V5MttZ4JL8CyDLwto2QZ8dih881YRi",,"ntMKYxYUttgTR6u/j2bBWe+VSVcHK8QG",
"26cd4261-ff33-41c9-bd62-59c8e4eea25d","ORNL_002.basePlot.bet","D07","ORNL","ORNL_002","2016-07-05","2016-07-19","2016-07-20","FcwZvbWDjdgPnznj/VRiJz+6wApILihIVwnHKewQ1JKoE1ibCxL4a5tV/B1ygHsrDH0YD4WVGTv0g6K7y3vzZkV4rMXp9IKLSwJbCguxCIi7obfJFfRoOi0N1y14wz+aDODZedyY0KI=","FcwZvbWDjdjtOp6CLqEfwgA7BKfZC4c4",,"hMeIr0r1D+O0r0KddsZuUbKn5xsaChU1",
"8bab04cf-4ae0-4489-8d43-f137d3e30333","ORNL_021.basePlot.bet","D07","ORNL","ORNL_021","2016-07-05","2016-07-19","2016-07-20","LlqcsvOjN4CikGAtT+4ywZZHBEkcmqtYuYmdKZLaPMBqJNiHelOqbx+91EE+2r0FSEBuLdWbqF71L/kjrdAAwjFEsWYn62eGGZRvr8wOHfANlOrXQOPO53x1x7BAABiu0kJD90BohIQ=","LlqcsvOjN4D+tc2SDU2glNnLsodIMhfP",,"C/RpfPKb8HTaiQJE7Yod+06R2cjuJOBA",
"fcc38bf7-9751-44c2-a603-586a4dd736e1","ORNL_006.basePlot.bet","D07","ORNL","ORNL_006","2016-07-05","2016-07-19","2016-07-20","XUOG9+A5sINy1SL42hEWvWXVSarAIrPO1gdcjUksw/Cgi7rZ7CnwYx1SititKDyQTqwCJM0KPVBE2VKcv6eSrqrtkn2PYcXe482+HL5w4CFRkQEQOH7nJXpbHXMFgxmj9/3gJ8NtA24=","XUOG9+A5sINLk1MVejNKid29fTJy8jnj",,"hMeIr0r1D+O0r0KddsZuUbKn5xsaChU1",
"c1fe5346-0f8b-49b6-99a0-492e6b7cfb40","ORNL_004.basePlot.bet","D07","ORNL","ORNL_004","2016-07-05","2016-07-19","2016-08-15","qnVzy9oXbL2HRCLLBW6XeKGJJePjQfg2Z/b2K5qjOXAiaXufx+iUP9/SULRYEwItuMGdBdUdWhdzTAXYj0fq/uxLhgr4wUWU0zJx+0jjVkbToissNcW/QT2at0rmM4wMVy8RjTkxFRg=","qnVzy9oXbL0wLsU3ziCLHOFWW42d7T0F",,"hMeIr0r1D+O0r0KddsZuUbKn5xsaChU1",
