uid,namedLocation,domainID,siteID,plotID,trapID,setDate,collectDate,processingDate,etOHChangeDate,identifiedDate,sampleID,subsampleID,sampleType,taxonID,scientificName,taxonRank,identificationQualifier,scientificNameAuthorship,morphospeciesID,individualCount,identificationReferences,identifiedBy,recordedBy,remarks
"2dbb704c-618f-4692-a8fd-1c876f419f9e","ORNL_004.basePlot.bet","D07","ORNL","ORNL_004","E","2016-06-21","2016-07-05","2016-07-06","2016-09-08","2016-09-08","ORNL_004.E.20160705","qnVzy9oXbL0rpOlbS3ysIL1voB47xQdDJN89pxj0nwA=","carabid","DICDIL2","Dicaelus dilatatus sinuatus","subspecies",,"Ball",,1,"Ball, G. E. 1992. The Tribe Licinini (Coleoptera: Carabidae): A Review of the Genus-Groups and of the Species of Selected Genera. Journal of the New York Entomological Society 100:325-380.","nAKPQvGWPz3w50pS9SF/Wg/TlEjgxRE8","B89Z/IeBZxVUVqkZavcPJo3avqhPk8Rn","1 female"
"28dcfd73-04dd-4e55-badc-ef516df90b78","ORNL_004.basePlot.bet","D07","ORNL","ORNL_004","E","2016-06-21","2016-07-05","2016-07-06","2016-07-06","2017-01-20","ORNL_004.E.20160705","qnVzy9oXbL0rpOlbS3ysIL3KB6ZcIIn9cmPXdEonF+c=","vert bycatch herp","EURLUC","Eurycea lucifuga","species",,"Rafinesque",,1,"Other","nAKPQvGWPz3w50pS9SF/Wg/TlEjgxRE8","B89Z/IeBZxVUVqkZavcPJo3avqhPk8Rn","Niemiller et al. 2011. Amphibians of Tennessee"
"a0296645-0495-4bce-91d7-213aa5f5d369","ORNL_004.basePlot.bet","D07","ORNL","ORNL_004","E","2016-06-21","2016-07-05","2016-07-06","2016-07-27",,"ORNL_004.E.20160705","qnVzy9oXbL0rpOlbS3ysICLxiJpCefiTDVE9ufFBBBI=","invert bycatch",,,,,,,,,,"B89Z/IeBZxVUVqkZavcPJo3avqhPk8Rn",
"89327579-4bfd-4f32-a537-ce6741467eff","ORNL_031.basePlot.bet","D07","ORNL","ORNL_031","W","2016-06-21","2016-07-05","2016-07-06","2016-07-27",,"ORNL_031.W.20160705","G1V5MttZ4JKLKv8XF1sjzd5/IKlsFdhfGtXlDAG6JQs=","invert bycatch",,,,,,,,,,"B89Z/IeBZxVUVqkZavcPJo3avqhPk8Rn",
"a6fd8c2b-7eb6-42a0-bc12-26beb42e9d2c","ORNL_031.basePlot.bet","D07","ORNL","ORNL_031","N","2016-06-21","2016-07-05","2016-07-06","2016-07-27",,"ORNL_031.N.20160705","G1V5MttZ4JJKwRamf9RFhCXSJBRqSY1JEympvSVlENc=","invert bycatch",,,,,,,,,,"B89Z/IeBZxVUVqkZavcPJo3avqhPk8Rn",
"cc318b75-f265-432e-a78d-f4e1fb303096","ORNL_031.basePlot.bet","D07","ORNL","ORNL_031","E","2016-06-21","2016-07-05","2016-07-06","2016-07-27",,"ORNL_031.E.20160705","G1V5MttZ4JIU2oox9sYkKA8FM4a2x9+oFd1+2WEW/64=","invert bycatch",,,,,,,,,,"B89Z/IeBZxVUVqkZavcPJo3avqhPk8Rn",
"5c5775f2-e8f7-471d-9f92-13f89d4f02ae","ORNL_031.basePlot.bet","D07","ORNL","ORNL_031","S","2016-06-21","2016-07-05","2016-07-06","2016-07-27",,"ORNL_031.S.20160705","G1V5MttZ4JJO/csRKXZrzr/ybeQDj2yS/vtsLJ6fdO8=","invert bycatch",,,,,,,,,,"B89Z/IeBZxVUVqkZavcPJo3avqhPk8Rn",
"95a87434-6867-445f-bc64-1d680a9fe0e6","ORNL_021.basePlot.bet","D07","ORNL","ORNL_021","S","2016-06-21","2016-07-05","2016-07-06","2016-09-08","2016-09-08","ORNL_021.S.20160705","LlqcsvOjN4BjD4VOCJJVGJ0UQg4s7f0p9RmtLxKAl1E=","carabid","DICPUR1","Dicaelus purpuratus purpuratus","subspecies",,"Bonelli",,1,"Ball, G. E. 1992. The Tribe Licinini (Coleoptera: Carabidae): A Review of the Genus-Groups and of the Species of Selected Genera. Journal of the New York Entomological Society 100:325-380.","nAKPQvGWPz3w50pS9SF/Wg/TlEjgxRE8","NckVeUTSUP6LXotw5DdWvfxzK/VJHqS5","1 male"
"238a96d4-d951-47e7-b5b5-1d3f7e4ffa79","ORNL_021.basePlot.bet","D07","ORNL","ORNL_021","S","2016-06-21","2016-07-05","2016-07-06","2016-09-08","2016-09-08","ORNL_021.S.20160705","LlqcsvOjN4BjD4VOCJJVGEWICcPwdsz2XjljZpR/CoI=","carabid","HARPEN","Harpalus pensylvanicus","species",,"DeGeer",,4,"Ball, G. E., and J. N. Anderson. 1962. The taxonomy and speciation of Pseudophonus (a subgenus of Harpalus: Haralini: Carabidae, known to occur in North America). The Catholic University of America Press, Washington 17, D. C.","nAKPQvGWPz3w50pS9SF/Wg/TlEjgxRE8","NckVeUTSUP6LXotw5DdWvfxzK/VJHqS5","2 female"
"80ba96f5-ab18-4b64-af89-195e9dbb83b0","ORNL_021.basePlot.bet","D07","ORNL","ORNL_021","S","2016-06-21","2016-07-05","2016-07-06","2016-09-08","2016-09-08","ORNL_021.S.20160705","LlqcsvOjN4BjD4VOCJJVGM3Z9UYQPFBnVyoLwg0IveE=","carabid","ANIMER2","Anisodactylus merula","species",,"Germar",,1,"Noonan, G. R. 1973. The Anisodactylines (Insecta: Coleoptera: Carabidae: Harpalini): classification, evolution and zoogeography. Quaestiones Entomologicae 9:266-480.","nAKPQvGWPz3w50pS9SF/Wg/TlEjgxRE8","NckVeUTSUP6LXotw5DdWvfxzK/VJHqS5","1 male confirmed with aedeagus"
"bf29d496-d292-4f28-a71c-6987840ce303","ORNL_021.basePlot.bet","D07","ORNL","ORNL_021","S","2016-06-21","2016-07-05","2016-07-06","2016-07-27",,"ORNL_021.S.20160705","LlqcsvOjN4BjD4VOCJJVGBMdJRjqh95OCMP0wmAsVkI=","invert bycatch",,,,,,,,,,"NckVeUTSUP6LXotw5DdWvfxzK/VJHqS5",
"019a9f63-4b8a-4d9e-8c64-2890984f29b8","ORNL_001.basePlot.bet","D07","ORNL","ORNL_001","N","2016-06-21","2016-07-05","2016-07-06","2016-07-06",,"ORNL_001.N.20160705","1iGudFvILglFolq0mlYwNZ57vGUiUWt0aQjT3JiBWUk=","invert bycatch",,,,,,,,,,"hMeIr0r1D+O0r0KddsZuUbKn5xsaChU1",
"e114b4b1-220e-40c2-be25-b3a2f67cbcea","ORNL_032.basePlot.bet","D07","ORNL","ORNL_032","W","2016-06-21","2016-07-05","2016-07-06","2016-09-16","2016-09-16","ORNL_032.W.20160705","DcTblkLRhlcMHYnGBtTNzGzoj3/b+95G6avWzYZ5yZI=","carabid","CYCFUC","Cyclotrachelus fucatus","species",,"Freitag",,1,"Freitag, R. 1969. A revision of the species of the genus Evarthrus LeConte. Quaestiones Entomologicae 5:89-212.","nAKPQvGWPz3w50pS9SF/Wg/TlEjgxRE8","B89Z/IeBZxVUVqkZavcPJo3avqhPk8Rn","1 female"
"69ff8cf5-5225-48c5-a53a-9ccfd53f4337","ORNL_032.basePlot.bet","D07","ORNL","ORNL_032","W","2016-06-21","2016-07-05","2016-07-06","2016-09-16","2016-09-16","ORNL_032.W.20160705","DcTblkLRhlcMHYnGBtTNzOqcke6CDqAR2wara/sWxPY=","carabid","CYCSIG","Cyclotrachelus sigillatus","species",,"Say",,1,"Freitag, R. 1969. A revision of the species of the genus Evarthrus LeConte. Quaestiones Entomologicae 5:89-212.","nAKPQvGWPz3w50pS9SF/Wg/TlEjgxRE8","B89Z/IeBZxVUVqkZavcPJo3avqhPk8Rn","1 female"
"b105d85f-3cd0-4969-864b-8c65b26f1fb0","ORNL_032.basePlot.bet","D07","ORNL","ORNL_032","W","2016-06-21","2016-07-05","2016-07-06","2016-09-16","2016-09-16","ORNL_032.W.20160705","DcTblkLRhlcMHYnGBtTNzEk+qUzYhQw/PBPWrEmAFm0=","carabid","CHLEMA","Chlaenius emarginatus","species",,"Say",,2,"Bell, R. T. 1960. A Revision of the Genus Chlaenius Bonelli (Coleoptera, Carabidae) in North America. Miscellaneous Publications of the Entomological Society of America 1:98-166.","nAKPQvGWPz3w50pS9SF/Wg/TlEjgxRE8","B89Z/IeBZxVUVqkZavcPJo3avqhPk8Rn","2 male"
"11466a90-055f-4944-a35b-016d93aa09d4","ORNL_032.basePlot.bet","D07","ORNL","ORNL_032","S","2016-06-21","2016-07-05","2016-07-06","2016-09-16","2016-09-16","ORNL_032.S.20160705","DcTblkLRhleXh9yrX2N7YKoPCJHvAy7voGDpKXuCOOM=","carabid","CYCSIG","Cyclotrachelus sigillatus","species",,"Say",,1,"Freitag, R. 1969. A revision of the species of the genus Evarthrus LeConte. Quaestiones Entomologicae 5:89-212.","nAKPQvGWPz3w50pS9SF/Wg/TlEjgxRE8","B89Z/IeBZxVUVqkZavcPJo3avqhPk8Rn","1 female"
"be7f1a4d-7ee8-43dc-be83-73b225320bc5","ORNL_032.basePlot.bet","D07","ORNL","ORNL_032","W","2016-06-21","2016-07-05","2016-07-06","2016-07-27",,"ORNL_032.W.20160705","DcTblkLRhlcMHYnGBtTNzCiCFMF3QR9bl8TuWAE+kbg=","invert bycatch",,,,,,,,,,"B89Z/IeBZxVUVqkZavcPJo3avqhPk8Rn",
"17554161-0357-4ea4-971c-9234bad908a2","ORNL_006.basePlot.bet","D07","ORNL","ORNL_006","E","2016-06-21","2016-07-05","2016-07-06","2016-07-27",,"ORNL_006.E.20160705","XUOG9+A5sIM3c8KMfvLyxDtY6RSSVrZ/ZdfhKb/sjTY=","invert bycatch",,,,,,,,,,"B89Z/IeBZxVUVqkZavcPJo3avqhPk8Rn",
"1e74ec56-b407-40ed-9792-ecb05c7bb076","ORNL_006.basePlot.bet","D07","ORNL","ORNL_006","E","2016-06-21","2016-07-05","2016-07-06","2016-09-08","2016-09-08","ORNL_006.E.20160705","XUOG9+A5sIM3c8KMfvLyxOYRY55Tl/pBXxKwUhflVn4=","carabid","CYCFUC","Cyclotrachelus fucatus","species",,"Freitag",,2,"Freitag, R. 1969. A revision of the species of the genus Evarthrus LeConte. Quaestiones Entomologicae 5:89-212.","nAKPQvGWPz3w50pS9SF/Wg/TlEjgxRE8","B89Z/IeBZxVUVqkZavcPJo3avqhPk8Rn","2 female"
"963466ee-63ba-4411-b9c5-b9c5d515f2de","ORNL_027.basePlot.bet","D07","ORNL","ORNL_027","N","2016-06-21","2016-07-05","2016-07-06","2016-09-16","2016-09-16","ORNL_027.N.20160705","di/gYcSB3uA5TgFl4hm8P6TCtxlMOSzTUAg5oZzx7jA=","carabid","PTESTY","Pterostichus stygicus","species",,"Say",,2,"Ciegler, J. C. 2000. Ground beetles and wrinkled bark beetles of South Carolina (Coleoptera: Geadephaga: Carabidae and Rhysodidae). Biota of South Carolina. Vol. 1. Clemson, S. Clemson University.","nAKPQvGWPz3w50pS9SF/Wg/TlEjgxRE8","NckVeUTSUP6LXotw5DdWvfxzK/VJHqS5","1 female 1 male"
"1bcfa260-333f-463a-a89f-287694867f79","ORNL_027.basePlot.bet","D07","ORNL","ORNL_027","E","2016-06-21","2016-07-05","2016-07-06","2016-07-27",,"ORNL_027.E.20160705","di/gYcSB3uAv3mQDAiZcrf1G5etl/D8521C/abT49ro=","invert bycatch",,,,,,,,,,"NckVeUTSUP6LXotw5DdWvfxzK/VJHqS5",
"91413127-ca1d-48e2-8041-29894f7bf41c","ORNL_027.basePlot.bet","D07","ORNL","ORNL_027","S","2016-06-21","2016-07-05","2016-07-06","2016-09-08","2016-09-08","ORNL_027.S.20160705","di/gYcSB3uCX/QMG51POLiKMQVNjRuDYIdkKKw8XuNs=","carabid","BRAALT","Brachinus alternans","species",,"Dejean",,1,"Erwin, T. L. 1970a. A Reclassification of Bombardier Beetles and a Taxonomic Revision of the North and Middle American Species (Carabidae: Brachinida). Quaestiones Entomologicae 6:4-215.","zAuTdQ8TLTOCAVE+XhtWnklq56XAz8bt","NckVeUTSUP6LXotw5DdWvfxzK/VJHqS5","1 female"
"313e401c-00ad-4c72-85fd-feab9b620997","ORNL_027.basePlot.bet","D07","ORNL","ORNL_027","N","2016-06-21","2016-07-05","2016-07-06","2016-09-08","2016-09-08","ORNL_027.N.20160705","di/gYcSB3uA5TgFl4hm8P+FPvYPvQgfXO9a8Y5ze1zs=","carabid","CYCSIG","Cyclotrachelus sigillatus","species",,"Say",,4,"Freitag, R. 1969. A revision of the species of the genus Evarthrus LeConte. Quaestiones Entomologicae 5:89-212.","nAKPQvGWPz3w50pS9SF/Wg/TlEjgxRE8","NckVeUTSUP6LXotw5DdWvfxzK/VJHqS5","3 female 1 male"
"43d4a3c8-b573-43cf-8e3b-4ae2a73b3c6d","ORNL_027.basePlot.bet","D07","ORNL","ORNL_027","W","2016-06-21","2016-07-05","2016-07-06","2016-07-27",,"ORNL_027.W.20160705","di/gYcSB3uB3ooLgTxX6zodLruE/Phl5lTYkIEujUCA=","invert bycatch",,,,,,,,,,"NckVeUTSUP6LXotw5DdWvfxzK/VJHqS5",
"b28947f7-35b3-4084-a696-1318c5586f24","ORNL_027.basePlot.bet","D07","ORNL","ORNL_027","S","2016-06-21","2016-07-05","2016-07-06","2016-09-16","2016-09-16","ORNL_027.S.20160705","di/gYcSB3uCX/QMG51POLjGyRfhy0a3iiC10rd+fVyw=","carabid","CYCSIG","Cyclotrachelus sigillatus","species",,"Say",,1,"Freitag, R. 1969. A revision of the species of the genus Evarthrus LeConte. Quaestiones Entomologicae 5:89-212.","nAKPQvGWPz3w50pS9SF/Wg/TlEjgxRE8","NckVeUTSUP6LXotw5DdWvfxzK/VJHqS5","1 male missing elytra and 4 legs"
"d3980ff4-a007-4e2e-8717-214df6a3eea5","ORNL_027.basePlot.bet","D07","ORNL","ORNL_027","N","2016-06-21","2016-07-05","2016-07-06","2016-07-27",,"ORNL_027.N.20160705","di/gYcSB3uA5TgFl4hm8P3wFxqisqRhVeCS6x5OkMeI=","invert bycatch",,,,,,,,,,"NckVeUTSUP6LXotw5DdWvfxzK/VJHqS5",
"97c6e83b-3155-4de2-aa75-950441cd3b5e","ORNL_027.basePlot.bet","D07","ORNL","ORNL_027","S","2016-06-21","2016-07-05","2016-07-06","2016-09-16","2016-09-16","ORNL_027.S.20160705","di/gYcSB3uCX/QMG51POLr3xGt4NO3wSXDUUiHOi/1c=","carabid","CHLEMA","Chlaenius emarginatus","species",,"Say",,1,"Bell, R. T. 1960. A Revision of the Genus Chlaenius Bonelli (Coleoptera, Carabidae) in North America. Miscellaneous Publications of the Entomological Society of America 1:98-166.","nAKPQvGWPz3w50pS9SF/Wg/TlEjgxRE8","NckVeUTSUP6LXotw5DdWvfxzK/VJHqS5","1 male"
"af53f404-dd24-45b7-98a5-19000e04a442","ORNL_027.basePlot.bet","D07","ORNL","ORNL_027","E","2016-06-21","2016-07-05","2016-07-06","2016-09-08","2016-09-08","ORNL_027.E.20160705","di/gYcSB3uAv3mQDAiZcrVku/AB5VkEYM+yVnYL0T6E=","carabid","CYCSIG","Cyclotrachelus sigillatus","species",,"Say",,1,"Freitag, R. 1969. A revision of the species of the genus Evarthrus LeConte. Quaestiones Entomologicae 5:89-212.","nAKPQvGWPz3w50pS9SF/Wg/TlEjgxRE8","NckVeUTSUP6LXotw5DdWvfxzK/VJHqS5","1 male broken at pronotum/elytra"
"528d98e0-e6bf-4ae3-9dea-f950b2b353db","ORNL_027.basePlot.bet","D07","ORNL","ORNL_027","S","2016-06-21","2016-07-05","2016-07-06","2016-09-16","2016-09-16","ORNL_027.S.20160705","di/gYcSB3uCX/QMG51POLo4z6776al4nzq3o/hOu634=","carabid","DICDIL2","Dicaelus dilatatus sinuatus","subspecies",,"Ball",,1,"Ciegler, J. C. 2000. Ground beetles and wrinkled bark beetles of South Carolina (Coleoptera: Geadephaga: Carabidae and Rhysodidae). Biota of South Carolina. Vol. 1. Clemson, S. Clemson University.","nAKPQvGWPz3w50pS9SF/Wg/TlEjgxRE8","NckVeUTSUP6LXotw5DdWvfxzK/VJHqS5","1 male"
"3b68afbb-b47a-410f-ad0a-49659083d372","ORNL_027.basePlot.bet","D07","ORNL","ORNL_027","W","2016-06-21","2016-07-05","2016-07-06","2016-09-08","2016-09-08","ORNL_027.W.20160705","di/gYcSB3uB3ooLgTxX6zsbKL55v3o2/pr1UCu7uhl4=","carabid","CHLEMA","Chlaenius emarginatus","species",,"Say",,1,"Bell, R. T. 1960. A Revision of the Genus Chlaenius Bonelli (Coleoptera, Carabidae) in North America. Miscellaneous Publications of the Entomological Society of America 1:98-166.","nAKPQvGWPz3w50pS9SF/Wg/TlEjgxRE8","NckVeUTSUP6LXotw5DdWvfxzK/VJHqS5","1 female"
"49ad86cc-8112-43e3-9e5e-6613b91119bb","ORNL_027.basePlot.bet","D07","ORNL","ORNL_027","N","2016-06-21","2016-07-05","2016-07-06","2016-09-16","2016-09-16","ORNL_027.N.20160705","di/gYcSB3uA5TgFl4hm8P/DwjSrhP17LyfcPgkHLE2M=","carabid","CHLEMA","Chlaenius emarginatus","species",,"Say",,7,"Bell, R. T. 1960. A Revision of the Genus Chlaenius Bonelli (Coleoptera, Carabidae) in North America. Miscellaneous Publications of the Entomological Society of America 1:98-166.","nAKPQvGWPz3w50pS9SF/Wg/TlEjgxRE8","NckVeUTSUP6LXotw5DdWvfxzK/VJHqS5","2 female 5 male"
"19cebd04-f1f3-40de-8701-2e7379dae9e8","ORNL_027.basePlot.bet","D07","ORNL","ORNL_027","N","2016-06-21","2016-07-05","2016-07-06","2016-09-08","2016-09-08","ORNL_027.N.20160705","di/gYcSB3uA5TgFl4hm8P5cfNKoEbTipEjIW+Kw3YbQ=","carabid","DICDIL2","Dicaelus dilatatus sinuatus","subspecies",,"Ball",,1,"Ball, G. E. 1992. The Tribe Licinini (Coleoptera: Carabidae): A Review of the Genus-Groups and of the Species of Selected Genera. Journal of the New York Entomological Society 100:325-380.","nAKPQvGWPz3w50pS9SF/Wg/TlEjgxRE8","NckVeUTSUP6LXotw5DdWvfxzK/VJHqS5","1 male"
"4baf5a94-b863-443e-a73c-d1261396d859","ORNL_027.basePlot.bet","D07","ORNL","ORNL_027","S","2016-06-21","2016-07-05","2016-07-06","2016-07-27",,"ORNL_027.S.20160705","di/gYcSB3uCX/QMG51POLulDU/ImpDy69fwducvKVz0=","invert bycatch",,,,,,,,,,"NckVeUTSUP6LXotw5DdWvfxzK/VJHqS5",
"a0ab4429-cdba-4ae0-8a69-8a9fd4d527bf","ORNL_027.basePlot.bet","D07","ORNL","ORNL_027","N","2016-06-21","2016-07-05","2016-07-06","2016-09-08","2016-11-04","ORNL_027.N.20160705","di/gYcSB3uA5TgFl4hm8PwuHRcHsDDhJZzYHNfmAlLI=","carabid","HARPEN","Harpalus pensylvanicus","species",,"DeGeer",,1,"Ball, G. E., and J. N. Anderson. 1962. The taxonomy and speciation of Pseudophonus (a subgenus of Harpalus: Haralini: Carabidae, known to occur in North America). The Catholic University of America Press, Washington 17, D. C.","zAuTdQ8TLTOCAVE+XhtWnklq56XAz8bt","NckVeUTSUP6LXotw5DdWvfxzK/VJHqS5","1 female"
"2c710dcf-a139-4dd0-bdf0-f0bace49687c","ORNL_021.basePlot.bet","D07","ORNL","ORNL_021","E","2016-06-21","2016-07-05","2016-07-06","2016-07-27",,"ORNL_021.E.20160705","LlqcsvOjN4DzLTipACF9/zIgEW7MnMyGFn0xC9Rv+Ng=","invert bycatch",,,,,,,,,,"NckVeUTSUP6LXotw5DdWvfxzK/VJHqS5",
"652938b3-78d5-420d-ae79-643e1147fa67","ORNL_021.basePlot.bet","D07","ORNL","ORNL_021","W","2016-06-21","2016-07-05","2016-07-06","2016-09-08","2016-11-04","ORNL_021.W.20160705","LlqcsvOjN4CikGAtT+4ywSyf+ai5K//lwd0MxlkAz6o=","carabid","HARPEN","Harpalus pensylvanicus","species",,"DeGeer",,2,"Ball, G. E., and J. N. Anderson. 1962. The taxonomy and speciation of Pseudophonus (a subgenus of Harpalus: Haralini: Carabidae, known to occur in North America). The Catholic University of America Press, Washington 17, D. C.","zAuTdQ8TLTOCAVE+XhtWnklq56XAz8bt","NckVeUTSUP6LXotw5DdWvfxzK/VJHqS5","2 female"
"94c65071-9cd4-4e0e-98d0-1364004dc718","ORNL_027.basePlot.bet","D07","ORNL","ORNL_027","S","2016-06-21","2016-07-05","2016-07-06","2016-09-08","2016-09-08","ORNL_027.S.20160705","di/gYcSB3uCX/QMG51POLhc/3Z/cQ6mgADPoFsREvTo=","carabid","PTEATR","Pterostichus atratus","species","cf. species","Newman",,2,"Ciegler, J. C. 2000. Ground beetles and wrinkled bark beetles of South Carolina (Coleoptera: Geadephaga: Carabidae and Rhysodidae). Biota of South Carolina. Vol. 1. Clemson, S. Clemson University.","zAuTdQ8TLTOCAVE+XhtWnklq56XAz8bt","NckVeUTSUP6LXotw5DdWvfxzK/VJHqS5","1 male 1 female"
"d758d591-c18c-466c-92dd-8ab4955d90e7","ORNL_021.basePlot.bet","D07","ORNL","ORNL_021","W","2016-06-21","2016-07-05","2016-07-06","2016-09-08","2016-09-08","ORNL_021.W.20160705","LlqcsvOjN4CikGAtT+4ywd59NCfghDQPukfjgKjxfpM=","carabid","CHLEMA","Chlaenius emarginatus","species",,"Say",,1,"Bell, R. T. 1960. A Revision of the Genus Chlaenius Bonelli (Coleoptera, Carabidae) in North America. Miscellaneous Publications of the Entomological Society of America 1:98-166.","nAKPQvGWPz3w50pS9SF/Wg/TlEjgxRE8","NckVeUTSUP6LXotw5DdWvfxzK/VJHqS5","1 female"
"53e46c00-db29-482e-a287-811868e9fa89","ORNL_021.basePlot.bet","D07","ORNL","ORNL_021","N","2016-06-21","2016-07-05","2016-07-06","2016-07-27",,"ORNL_021.N.20160705","LlqcsvOjN4B87mQnyD0NvDxKg75z5/b4AMfL7QZPUjk=","invert bycatch",,,,,,,,,,"NckVeUTSUP6LXotw5DdWvfxzK/VJHqS5",
"862785ab-4b33-4f5b-884d-e99d7ba6cda7","ORNL_021.basePlot.bet","D07","ORNL","ORNL_021","N","2016-06-21","2016-07-05","2016-07-06","2016-09-08","2016-09-08","ORNL_021.N.20160705","LlqcsvOjN4B87mQnyD0NvNwbjkj2rLjI/S/H81deaeM=","carabid","ANIMER2","Anisodactylus merula","species",,"Germar",,2,"Noonan, G. R. 1973. The Anisodactylines (Insecta: Coleoptera: Carabidae: Harpalini): classification, evolution and zoogeography. Quaestiones Entomologicae 9:266-480.","nAKPQvGWPz3w50pS9SF/Wg/TlEjgxRE8","NckVeUTSUP6LXotw5DdWvfxzK/VJHqS5","2 female"
"5387da8c-592b-440d-b3db-7c985a0b9713","ORNL_021.basePlot.bet","D07","ORNL","ORNL_021","E","2016-06-21","2016-07-05","2016-07-06","2016-09-08","2016-09-08","ORNL_021.E.20160705","LlqcsvOjN4DzLTipACF9/3ra3SxmqnADVyPbJ0DWfUU=","carabid","CHLEMA","Chlaenius emarginatus","species",,"Say",,1,"Bell, R. T. 1960. A Revision of the Genus Chlaenius Bonelli (Coleoptera, Carabidae) in North America. Miscellaneous Publications of the Entomological Society of America 1:98-166.","nAKPQvGWPz3w50pS9SF/Wg/TlEjgxRE8","NckVeUTSUP6LXotw5DdWvfxzK/VJHqS5","1 female"
"953506ea-1510-4208-9199-40f616ad102d","ORNL_021.basePlot.bet","D07","ORNL","ORNL_021","W","2016-06-21","2016-07-05","2016-07-06","2016-07-27",,"ORNL_021.W.20160705","LlqcsvOjN4CikGAtT+4ywc8QNViXDsBudIzEAsJ2xCI=","invert bycatch",,,,,,,,,,"NckVeUTSUP6LXotw5DdWvfxzK/VJHqS5",
"3030f3ed-94c9-46b7-94df-88e88c552e44","ORNL_002.basePlot.bet","D07","ORNL","ORNL_002","E","2016-06-21","2016-07-05","2016-07-06","2016-09-08","2016-09-08","ORNL_002.E.20160705","FcwZvbWDjdjrf4UNa2zrT43aPiP6fmLbrosXq5GGmlU=","carabid","DICDIL2","Dicaelus dilatatus sinuatus","subspecies",,"Ball",,1,"Ball, G. E. 1992. The Tribe Licinini (Coleoptera: Carabidae): A Review of the Genus-Groups and of the Species of Selected Genera. Journal of the New York Entomological Society 100:325-380.","nAKPQvGWPz3w50pS9SF/Wg/TlEjgxRE8","B89Z/IeBZxVUVqkZavcPJo3avqhPk8Rn","1 female"
"fbf59aa3-1a96-4642-8d69-a5dbefc526b3","ORNL_002.basePlot.bet","D07","ORNL","ORNL_002","E","2016-06-21","2016-07-05","2016-07-06","2016-09-08","2016-09-08","ORNL_002.E.20160705","FcwZvbWDjdjrf4UNa2zrT3gEX6+fRYVAQYn3mumNFJg=","carabid","TRIAUT","Trichotichnus autumnalis","species",,"Say",,1,"Ciegler, J. C. 2000. Ground beetles and wrinkled bark beetles of South Carolina (Coleoptera: Geadephaga: Carabidae and Rhysodidae). Biota of South Carolina. Vol. 1. Clemson, S. Clemson University.","nAKPQvGWPz3w50pS9SF/Wg/TlEjgxRE8","B89Z/IeBZxVUVqkZavcPJo3avqhPk8Rn","1 female"
"d9ee44aa-2d34-4dc3-9212-70999ea38c50","ORNL_002.basePlot.bet","D07","ORNL","ORNL_002","E","2016-06-21","2016-07-05","2016-07-06","2016-07-27",,"ORNL_002.E.20160705","FcwZvbWDjdjrf4UNa2zrT0KuLz8f8Drrrc2PRPBb8fk=","invert bycatch",,,,,,,,,,"B89Z/IeBZxVUVqkZavcPJo3avqhPk8Rn",
"152a3eab-fe4d-4125-8442-77814b695198","ORNL_004.basePlot.bet","D07","ORNL","ORNL_004","N","2016-06-21","2016-07-05","2016-07-06","2016-09-08","2016-09-08","ORNL_004.N.20160705","qnVzy9oXbL16fqio1xoDpGVbpTTkn3xK+aR+/Ot3XTQ=","carabid","CARGOR","Carabus goryi","species",,"Dejean",,1,"Ciegler, J. C. 2000. Ground beetles and wrinkled bark beetles of South Carolina (Coleoptera: Geadephaga: Carabidae and Rhysodidae). Biota of South Carolina. Vol. 1. Clemson, S. Clemson University.","nAKPQvGWPz3w50pS9SF/Wg/TlEjgxRE8","NckVeUTSUP6LXotw5DdWvfxzK/VJHqS5","1 female"
"9c35b34e-f635-4ebd-92e4-15cceba648ed","ORNL_004.basePlot.bet","D07","ORNL","ORNL_004","W","2016-06-21","2016-07-05","2016-07-06","2016-09-08","2016-09-08","ORNL_004.W.20160705","qnVzy9oXbL0qUS2wZooi3SBNh698k+FPEnik7dv8mCQ=","carabid","CHLEMA","Chlaenius emarginatus","species",,"Say",,1,"Bell, R. T. 1960. A Revision of the Genus Chlaenius Bonelli (Coleoptera, Carabidae) in North America. Miscellaneous Publications of the Entomological Society of America 1:98-166.","nAKPQvGWPz3w50pS9SF/Wg/TlEjgxRE8","NckVeUTSUP6LXotw5DdWvfxzK/VJHqS5","1 male"
"68b98ab9-3afe-4254-b6c2-924e1b2fcdd8","ORNL_004.basePlot.bet","D07","ORNL","ORNL_004","N","2016-06-21","2016-07-05","2016-07-06","2016-07-27",,"ORNL_004.N.20160705","qnVzy9oXbL16fqio1xoDpKf+EIl30Gr4ADUnnRfEs+c=","invert bycatch",,,,,,,,,,"NckVeUTSUP6LXotw5DdWvfxzK/VJHqS5",
"e70da1de-fa25-4bfc-b3ec-e3beea6aa376","ORNL_004.basePlot.bet","D07","ORNL","ORNL_004","W","2016-06-21","2016-07-05","2016-07-06","2016-07-27",,"ORNL_004.W.20160705","qnVzy9oXbL0qUS2wZooi3XGjqWlsGwVb3kro3Ia2gbg=","invert bycatch",,,,,,,,,,"NckVeUTSUP6LXotw5DdWvfxzK/VJHqS5",
"00e463f7-db32-498e-9f79-0e9667ce0682","ORNL_029.basePlot.bet","D07","ORNL","ORNL_029","S","2016-06-21","2016-07-05","2016-07-06","2016-09-16","2016-09-16","ORNL_029.S.20160705","7LdWMHVTMySQS3tmhusc99TjmS/cnCV/nIVlXpUyvsE=","carabid","PASPUN","Pasimachus punctulatus","species",,"Haldeman",,1,"Purrington, F., and C. J. Drake. 2005. A key to adult Nearctic Pasimachus (Pasimachus) Bonelli (Coleoptera: Carabidae: Scaritini), with comments on their functional mouthpart morphology. Entomological News 116:253-262.","nAKPQvGWPz3w50pS9SF/Wg/TlEjgxRE8","NckVeUTSUP6LXotw5DdWvfxzK/VJHqS5","1 male"
"a3afeae2-db28-4f6f-9986-8784f1b6984b","ORNL_029.basePlot.bet","D07","ORNL","ORNL_029","S","2016-06-21","2016-07-05","2016-07-06","2016-07-27",,"ORNL_029.S.20160705","7LdWMHVTMySQS3tmhusc90nu4dNAJAfTk1/uQH45BTE=","invert bycatch",,,,,,,,,,"NckVeUTSUP6LXotw5DdWvfxzK/VJHqS5",
"17821454-6953-46f6-b0a1-4a210c26fbda","ORNL_029.basePlot.bet","D07","ORNL","ORNL_029","S","2016-06-21","2016-07-05","2016-07-06","2016-09-16","2016-09-16","ORNL_029.S.20160705","7LdWMHVTMySQS3tmhusc92I5ty8GFDnKX1HAIj0k3+E=","carabid","CYCFUC","Cyclotrachelus fucatus","species",,"Freitag",,1,"Freitag, R. 1969. A revision of the species of the genus Evarthrus LeConte. Quaestiones Entomologicae 5:89-212.","nAKPQvGWPz3w50pS9SF/Wg/TlEjgxRE8","NckVeUTSUP6LXotw5DdWvfxzK/VJHqS5","1 female"
"78c44367-a8f0-4b21-a133-bb33048e300a","ORNL_029.basePlot.bet","D07","ORNL","ORNL_029","S","2016-06-21","2016-07-05","2016-07-06","2016-09-16","2016-09-16","ORNL_029.S.20160705","7LdWMHVTMySQS3tmhusc93i2RQpZusrHF9GIpLqJb2k=","carabid","CYCSOD2","Cyclotrachelus sodalis sodalis","subspecies",,"LeConte",,2,"Freitag, R. 1969. A revision of the species of the genus Evarthrus LeConte. Quaestiones Entomologicae 5:89-212.","nAKPQvGWPz3w50pS9SF/Wg/TlEjgxRE8","NckVeUTSUP6LXotw5DdWvfxzK/VJHqS5","2 female"
"eeab186b-cf09-4e35-975c-b654194f85c0","ORNL_003.basePlot.bet","D07","ORNL","ORNL_003","S","2016-06-21","2016-07-05","2016-07-06","2016-07-27",,"ORNL_003.S.20160705","952sL8sB3/i/BuvpX5+pAXZyf650Jvm/gOmOSLZeRao=","invert bycatch",,,,,,,,,,"B89Z/IeBZxVUVqkZavcPJo3avqhPk8Rn",
"aeb697fe-fbfb-482f-9d63-ff34e29f2733","ORNL_003.basePlot.bet","D07","ORNL","ORNL_003","N","2016-06-21","2016-07-05","2016-07-06","2016-07-27",,"ORNL_003.N.20160705","952sL8sB3/gDwOwaqyWUuI0o6cN381P/6vmL7C6ktpM=","invert bycatch",,,,,,,,,,"B89Z/IeBZxVUVqkZavcPJo3avqhPk8Rn",
"f1d59a4b-c7ea-41f3-bfd7-967689b0be43","ORNL_003.basePlot.bet","D07","ORNL","ORNL_003","W","2016-06-21","2016-07-05","2016-07-06","2016-07-27",,"ORNL_003.W.20160705","952sL8sB3/gTFn9DMXctOCufYSBc/szwDKf9kuBlZGI=","invert bycatch",,,,,,,,,,"B89Z/IeBZxVUVqkZavcPJo3avqhPk8Rn",
"7cc8cf3e-d924-42b9-b666-d6c5ef5cb149","ORNL_003.basePlot.bet","D07","ORNL","ORNL_003","E","2016-06-21","2016-07-05","2016-07-06","2016-07-27",,"ORNL_003.E.20160705","952sL8sB3/gL8NoxjyEpjIG6Nmuplv87iGegfg7uEy4=","invert bycatch",,,,,,,,,,"B89Z/IeBZxVUVqkZavcPJo3avqhPk8Rn",
"f3a1e946-58ab-42b2-a9d7-1474a9b7a6fb","ORNL_032.basePlot.bet","D07","ORNL","ORNL_032","N","2016-06-21","2016-07-05","2016-07-06","2016-07-27",,"ORNL_032.N.20160705","DcTblkLRhldkfEFR5ElpHPn7j03dEIUF4w8a2a3pZ7E=","invert bycatch",,,,,,,,,,"B89Z/IeBZxVUVqkZavcPJo3avqhPk8Rn",
"08c0e9fe-0718-479a-aa27-742f75b0bf1a","ORNL_032.basePlot.bet","D07","ORNL","ORNL_032","S","2016-06-21","2016-07-05","2016-07-06","2016-07-27",,"ORNL_032.S.20160705","DcTblkLRhleXh9yrX2N7YPJEnD4DNfRb484GU3J1F2c=","invert bycatch",,,,,,,,,,"B89Z/IeBZxVUVqkZavcPJo3avqhPk8Rn",
"8d26294a-e547-42eb-a20b-14dbd3e83e6a","ORNL_032.basePlot.bet","D07","ORNL","ORNL_032","E","2016-06-21","2016-07-05","2016-07-06","2016-09-16","2016-09-16","ORNL_032.E.20160705","DcTblkLRhld365l7uBXeablaIbxLS/0OHLczm2wmKsQ=","carabid","CYCFUC","Cyclotrachelus fucatus","species",,"Freitag",,4,"Freitag, R. 1969. A revision of the species of the genus Evarthrus LeConte. Quaestiones Entomologicae 5:89-212.","nAKPQvGWPz3w50pS9SF/Wg/TlEjgxRE8","B89Z/IeBZxVUVqkZavcPJo3avqhPk8Rn","4 female"
"0fc57a52-0f50-4017-b4af-9a04df71ae94","ORNL_032.basePlot.bet","D07","ORNL","ORNL_032","E","2016-06-21","2016-07-05","2016-07-06","2016-07-27",,"ORNL_032.E.20160705","DcTblkLRhld365l7uBXeaSwO2XUHvicydA7SRc85vVc=","invert bycatch",,,,,,,,,,"B89Z/IeBZxVUVqkZavcPJo3avqhPk8Rn",
"723cd488-adb7-4076-9c43-6dce321e4d8a","ORNL_001.basePlot.bet","D07","ORNL","ORNL_001","E","2016-06-21","2016-07-05","2016-07-06","2016-07-27",,"ORNL_001.E.20160705","1iGudFvILgl0uo8jjPg8Xn3MFVVsgu4KP1MnbF6rF6M=","invert bycatch",,,,,,,,,,"hMeIr0r1D+O0r0KddsZuUbKn5xsaChU1",
"c4e78fa1-0ecf-465b-a10d-62d24ee95a31","ORNL_001.basePlot.bet","D07","ORNL","ORNL_001","S","2016-06-21","2016-07-05","2016-07-06","2016-07-27",,"ORNL_001.S.20160705","1iGudFvILgkltEJD0ESwhUIFLR2//IUqTgMqbbzD8Wk=","invert bycatch",,,,,,,,,,"hMeIr0r1D+O0r0KddsZuUbKn5xsaChU1",
"5a7aaafc-75c7-4e42-aeea-d62ba3a17ee4","ORNL_001.basePlot.bet","D07","ORNL","ORNL_001","W","2016-06-21","2016-07-05","2016-07-06","2016-07-27",,"ORNL_001.W.20160705","1iGudFvILglesTwChAua4JkwkdtK+tfAf7UWqp5b0pA=","invert bycatch",,,,,,,,,,"hMeIr0r1D+O0r0KddsZuUbKn5xsaChU1",
"e374bd85-5faf-461e-bc9e-50d619a4739f","ORNL_006.basePlot.bet","D07","ORNL","ORNL_006","W","2016-06-21","2016-07-05","2016-07-06","2016-07-27",,"ORNL_006.W.20160705","XUOG9+A5sIMU6k9TI/vF0IM5wE182bmGjwfKT7htxQQ=","invert bycatch",,,,,,,,,,"B89Z/IeBZxVUVqkZavcPJo3avqhPk8Rn",
"aef7b821-eed5-43be-b5f4-2e4799d40784","ORNL_006.basePlot.bet","D07","ORNL","ORNL_006","N","2016-06-21","2016-07-05","2016-07-06","2016-07-27",,"ORNL_006.N.20160705","XUOG9+A5sIMZLZu3KzmtUlxYT8a3jd3v3ibZVkkIz1w=","invert bycatch",,,,,,,,,,"B89Z/IeBZxVUVqkZavcPJo3avqhPk8Rn",
"16b63eda-0c2f-4ac9-bcdf-0abaf46690cc","ORNL_006.basePlot.bet","D07","ORNL","ORNL_006","S","2016-06-21","2016-07-05","2016-07-06","2016-07-27",,"ORNL_006.S.20160705","XUOG9+A5sINy1SL42hEWvf1bUBkGuHKTGCFbvdkW1Tw=","invert bycatch",,,,,,,,,,"B89Z/IeBZxVUVqkZavcPJo3avqhPk8Rn",
"85ae0500-711b-4432-a1c9-d7f81a7df4f9","ORNL_029.basePlot.bet","D07","ORNL","ORNL_029","W","2016-06-21","2016-07-05","2016-07-06","2016-07-27",,"ORNL_029.W.20160705","7LdWMHVTMyTqHlRVBlQDX478wSM4YP1riVy0Cp3qW28=","invert bycatch",,,,,,,,,,"NckVeUTSUP6LXotw5DdWvfxzK/VJHqS5",
"52a595c8-bef7-4fec-ba84-39d492073169","ORNL_004.basePlot.bet","D07","ORNL","ORNL_004","S","2016-06-21","2016-07-05","2016-07-06","2016-07-27",,"ORNL_004.S.20160705","qnVzy9oXbL2HRCLLBW6XeAfULfnjH4cqSp5JbcwAyTI=","invert bycatch",,,,,,,,,,"B89Z/IeBZxVUVqkZavcPJo3avqhPk8Rn",
"77e7bde3-f96e-4692-867d-32c8948c620b","ORNL_029.basePlot.bet","D07","ORNL","ORNL_029","E","2016-06-21","2016-07-05","2016-07-06","2016-07-27",,"ORNL_029.E.20160705","7LdWMHVTMySbituYSS2qzYVcdN1wr/24i6jIduBmDOQ=","invert bycatch",,,,,,,,,,"NckVeUTSUP6LXotw5DdWvfxzK/VJHqS5",
"1d20d0c5-2992-4867-9141-228494d5eca6","ORNL_029.basePlot.bet","D07","ORNL","ORNL_029","N","2016-06-21","2016-07-05","2016-07-06","2016-07-27",,"ORNL_029.N.20160705","7LdWMHVTMyQRYRk3VzlIA8kFdXOsCeuhT/k3Ry7kzyY=","invert bycatch",,,,,,,,,,"NckVeUTSUP6LXotw5DdWvfxzK/VJHqS5",
"b11c0f4d-d13b-4c20-833c-8f129c40789a","ORNL_002.basePlot.bet","D07","ORNL","ORNL_002","W","2016-06-21","2016-07-05","2016-07-06","2016-07-27",,"ORNL_002.W.20160705","FcwZvbWDjdgPnznj/VRiJyu0RsB9BvijYQawW0pPm6k=","invert bycatch",,,,,,,,,,"B89Z/IeBZxVUVqkZavcPJo3avqhPk8Rn",
"26b40aab-d5b4-42d9-b7e7-909aac48064a","ORNL_002.basePlot.bet","D07","ORNL","ORNL_002","S","2016-06-21","2016-07-05","2016-07-06","2016-07-27",,"ORNL_002.S.20160705","FcwZvbWDjdiZOENX8biTkTl3r+FIR+q74pZ0bFO02TU=","invert bycatch",,,,,,,,,,"B89Z/IeBZxVUVqkZavcPJo3avqhPk8Rn",
"1701a07a-398f-45d7-a43b-6f8fe1cbd71f","ORNL_002.basePlot.bet","D07","ORNL","ORNL_002","N","2016-06-21","2016-07-05","2016-07-06","2016-07-27",,"ORNL_002.N.20160705","FcwZvbWDjdh4gaIydInsZv+L4C6wKgun/0IDzN+80ks=","invert bycatch",,,,,,,,,,"B89Z/IeBZxVUVqkZavcPJo3avqhPk8Rn",
"7ea19552-1e78-46c9-9ab5-76a4b9b813f8","ORNL_006.basePlot.bet","D07","ORNL","ORNL_006","N","2016-07-05","2016-07-19","2016-07-20","2016-09-16","2016-09-16","ORNL_006.N.20160719","XUOG9+A5sIMZLZu3KzmtUlLCjDPcYSfRC4IIKqIcWt4=","carabid","PASPUN","Pasimachus punctulatus","species",,"Haldeman",,1,"Purrington, F., and C. J. Drake. 2005. A key to adult Nearctic Pasimachus (Pasimachus) Bonelli (Coleoptera: Carabidae: Scaritini), with comments on their functional mouthpart morphology. Entomological News 116:253-262.","C/RpfPKb8HTaiQJE7Yod+06R2cjuJOBA","hMeIr0r1D+O0r0KddsZuUbKn5xsaChU1","1 female"
"d31fad0d-7786-48ca-b2ca-75c587331a0d","ORNL_006.basePlot.bet","D07","ORNL","ORNL_006","S","2016-07-05","2016-07-19","2016-07-20","2016-07-20",,"ORNL_006.S.20160719","XUOG9+A5sINy1SL42hEWvWXVSarAIrPO9fKd4HUaae0=","invert bycatch",,,,,,,,,,"hMeIr0r1D+O0r0KddsZuUbKn5xsaChU1",
"4ccdeda7-3bde-4fae-a9f2-e23d387ddd01","ORNL_006.basePlot.bet","D07","ORNL","ORNL_006","W","2016-07-05","2016-07-19","2016-07-20","2016-09-16","2016-09-16","ORNL_006.W.20160719","XUOG9+A5sIMU6k9TI/vF0NRFnKOwtao+MtTiR3odgts=","carabid","CYCFUC","Cyclotrachelus fucatus","species",,"Freitag",,2,"Freitag, R. 1969. A revision of the species of the genus Evarthrus LeConte. Quaestiones Entomologicae 5:89-212.","C/RpfPKb8HTaiQJE7Yod+06R2cjuJOBA","hMeIr0r1D+O0r0KddsZuUbKn5xsaChU1","2 female"
"0c235b16-176d-4620-a902-2dde9b6f02c0","ORNL_006.basePlot.bet","D07","ORNL","ORNL_006","W","2016-07-05","2016-07-19","2016-07-20","2016-07-20",,"ORNL_006.W.20160719","XUOG9+A5sIMU6k9TI/vF0FCNufGb3cGlTh/V7xg3FmQ=","invert bycatch",,,,,,,,,,"hMeIr0r1D+O0r0KddsZuUbKn5xsaChU1",
"403015d3-b69f-44ce-bd17-9c0ab5dbd6ab","ORNL_006.basePlot.bet","D07","ORNL","ORNL_006","E","2016-07-05","2016-07-19","2016-07-20","2016-09-16","2016-09-16","ORNL_006.E.20160719","XUOG9+A5sIM3c8KMfvLyxDBH7NuX8TCCfznk74B8ZQg=","carabid","CYCFUC","Cyclotrachelus fucatus","species",,"Freitag",,2,"Freitag, R. 1969. A revision of the species of the genus Evarthrus LeConte. Quaestiones Entomologicae 5:89-212.","C/RpfPKb8HTaiQJE7Yod+06R2cjuJOBA","hMeIr0r1D+O0r0KddsZuUbKn5xsaChU1","1 male 1 female"
"4b20b6bf-b21b-432c-912c-8848dca2091d","ORNL_027.basePlot.bet","D07","ORNL","ORNL_027","N","2016-07-05","2016-07-19","2016-07-20","2016-09-16","2016-09-16","ORNL_027.N.20160719","di/gYcSB3uA5TgFl4hm8PysvJ5Wfbq5zjV0oMCZG7d0=","carabid","CYCSIG","Cyclotrachelus sigillatus","species",,"Say",,1,"Freitag, R. 1969. A revision of the species of the genus Evarthrus LeConte. Quaestiones Entomologicae 5:89-212.","C/RpfPKb8HTaiQJE7Yod+06R2cjuJOBA","hMeIr0r1D+O0r0KddsZuUbKn5xsaChU1","1 male"
"72d9ea83-5252-4c8a-8ef2-a04ec0cc6e29","ORNL_027.basePlot.bet","D07","ORNL","ORNL_027","S","2016-07-05","2016-07-19","2016-07-20","2016-09-16","2016-09-16","ORNL_027.S.20160719","di/gYcSB3uCX/QMG51POLtNWS5XwlECRlr82SWFkPe4=","carabid","CYCSIG","Cyclotrachelus sigillatus","species",,"Say",,1,"Freitag, R. 1969. A revision of the species of the genus Evarthrus LeConte. Quaestiones Entomologicae 5:89-212.","C/RpfPKb8HTaiQJE7Yod+06R2cjuJOBA","hMeIr0r1D+O0r0KddsZuUbKn5xsaChU1","1 male"
"5b28ebc7-c7ad-4535-9b21-7c0e4e95694d","ORNL_006.basePlot.bet","D07","ORNL","ORNL_006","N","2016-07-05","2016-07-19","2016-07-20","2016-07-20",,"ORNL_006.N.20160719","XUOG9+A5sIMZLZu3KzmtUhWMSwBEZUVx1t0bB2JMW/E=","invert bycatch",,,,,,,,,,"hMeIr0r1D+O0r0KddsZuUbKn5xsaChU1",
"29aef7d1-82d9-4ad3-a1bb-c25969477dc9","ORNL_027.basePlot.bet","D07","ORNL","ORNL_027","W","2016-07-05","2016-07-19","2016-07-20","2016-09-16","2016-09-16","ORNL_027.W.20160719","di/gYcSB3uB3ooLgTxX6zqBjmXN1rQi2GuPp2wN0Nzo=","carabid","PTESTY","Pterostichus stygicus","species",,"Say",,1,"Ciegler, J. C. 2000. Ground beetles and wrinkled bark beetles of South Carolina (Coleoptera: Geadephaga: Carabidae and Rhysodidae). Biota of South Carolina. Vol. 1. Clemson, S. Clemson University.","C/RpfPKb8HTaiQJE7Yod+06R2cjuJOBA","hMeIr0r1D+O0r0KddsZuUbKn5xsaChU1","1 male"
"17ff70a6-a520-41dd-a731-4532df960309","ORNL_027.basePlot.bet","D07","ORNL","ORNL_027","N","2016-07-05","2016-07-19","2016-07-20","2016-07-20",,"ORNL_027.N.20160719","di/gYcSB3uA5TgFl4hm8P3MbAtDz4darE08+zfr/h6M=","invert bycatch",,,,,,,,,,"hMeIr0r1D+O0r0KddsZuUbKn5xsaChU1",
"1a62965a-1ce4-4751-bea3-4bafa13687be","ORNL_027.basePlot.bet","D07","ORNL","ORNL_027","W","2016-07-05","2016-07-19","2016-07-20","2016-07-20",,"ORNL_027.W.20160719","di/gYcSB3uB3ooLgTxX6zlw9JF1GepWZIDx1t7XtmYg=","invert bycatch",,,,,,,,,,"hMeIr0r1D+O0r0KddsZuUbKn5xsaChU1",
"687c31a9-5d02-43ed-8cf6-57121cbf0807","ORNL_027.basePlot.bet","D07","ORNL","ORNL_027","N","2016-07-05","2016-07-19","2016-07-20","2016-09-16","2016-09-16","ORNL_027.N.20160719","di/gYcSB3uA5TgFl4hm8PxTSmhBKqGMs4eM4N4WOvOo=","carabid","CHLEMA","Chlaenius emarginatus","species",,"Say",,1,"Bell, R. T. 1960. A Revision of the Genus Chlaenius Bonelli (Coleoptera, Carabidae) in North America. Miscellaneous Publications of the Entomological Society of America 1:98-166.","C/RpfPKb8HTaiQJE7Yod+06R2cjuJOBA","hMeIr0r1D+O0r0KddsZuUbKn5xsaChU1","1 female"
"8e45e404-42ad-48a7-bd03-39d57b691039","ORNL_027.basePlot.bet","D07","ORNL","ORNL_027","S","2016-07-05","2016-07-19","2016-07-20","2016-07-20",,"ORNL_027.S.20160719","di/gYcSB3uCX/QMG51POLqpv1DBvmlG8zlqDGSzIEMw=","invert bycatch",,,,,,,,,,"hMeIr0r1D+O0r0KddsZuUbKn5xsaChU1",
"2704b7f5-e4a8-448c-bfe8-c6198157d2c9","ORNL_021.basePlot.bet","D07","ORNL","ORNL_021","E","2016-07-05","2016-07-19","2016-07-20","2016-07-20",,"ORNL_021.E.20160719","LlqcsvOjN4DzLTipACF9/3K6DL8taI6QmM1c4SwHI8k=","invert bycatch",,,,,,,,,,"hMeIr0r1D+O0r0KddsZuUbKn5xsaChU1",
"5e6c2ac8-ae1b-469e-9f74-b1af6bddba8b","ORNL_027.basePlot.bet","D07","ORNL","ORNL_027","W","2016-07-05","2016-07-19","2016-07-20","2016-09-16","2016-09-16","ORNL_027.W.20160719","di/gYcSB3uB3ooLgTxX6zprj6e4LE1lOUcGrT6uCQ6E=","carabid","PTEATR","Pterostichus atratus","species","cf. species","Newman",,1,"Ciegler, J. C. 2000. Ground beetles and wrinkled bark beetles of South Carolina (Coleoptera: Geadephaga: Carabidae and Rhysodidae). Biota of South Carolina. Vol. 1. Clemson, S. Clemson University.","C/RpfPKb8HTaiQJE7Yod+06R2cjuJOBA","hMeIr0r1D+O0r0KddsZuUbKn5xsaChU1","1 male"
"3abc90bd-8aae-4119-b67b-09c6d55979a3","ORNL_027.basePlot.bet","D07","ORNL","ORNL_027","N","2016-07-05","2016-07-19","2016-07-20","2016-09-16","2016-09-16","ORNL_027.N.20160719","di/gYcSB3uA5TgFl4hm8P/eJYR7mi6XX0A6McIrRShQ=","carabid","DICDIL2","Dicaelus dilatatus sinuatus","subspecies",,"Ball",,1,"Ciegler, J. C. 2000. Ground beetles and wrinkled bark beetles of South Carolina (Coleoptera: Geadephaga: Carabidae and Rhysodidae). Biota of South Carolina. Vol. 1. Clemson, S. Clemson University.","C/RpfPKb8HTaiQJE7Yod+06R2cjuJOBA","hMeIr0r1D+O0r0KddsZuUbKn5xsaChU1","1 female"
"51a5246a-1305-4e58-86fe-93ed9a4bfd7b","ORNL_021.basePlot.bet","D07","ORNL","ORNL_021","W","2016-07-05","2016-07-19","2016-07-20","2016-07-20",,"ORNL_021.W.20160719","LlqcsvOjN4CikGAtT+4ywZZHBEkcmqtYt4ciwBJBGxo=","invert bycatch",,,,,,,,,,"hMeIr0r1D+O0r0KddsZuUbKn5xsaChU1",
"15ae8e36-3645-4ab1-9d6c-16438db737c3","ORNL_021.basePlot.bet","D07","ORNL","ORNL_021","S","2016-07-05","2016-07-19","2016-07-20","2016-07-20",,"ORNL_021.S.20160719","LlqcsvOjN4BjD4VOCJJVGMf2uECBKeKz3cSSyKujWSQ=","invert bycatch",,,,,,,,,,"hMeIr0r1D+O0r0KddsZuUbKn5xsaChU1",
"453b52f3-4f33-4629-8dcf-52bcb5ce254a","ORNL_021.basePlot.bet","D07","ORNL","ORNL_021","N","2016-07-05","2016-07-19","2016-07-20","2016-07-20",,"ORNL_021.N.20160719","LlqcsvOjN4B87mQnyD0NvOfPNVIXZqnB2pEiPswXwow=","invert bycatch",,,,,,,,,,"hMeIr0r1D+O0r0KddsZuUbKn5xsaChU1",
"27337f3f-6bdb-4e6a-be62-80cd954da06f","ORNL_002.basePlot.bet","D07","ORNL","ORNL_002","E","2016-07-05","2016-07-19","2016-07-20","2016-09-16","2016-09-16","ORNL_002.E.20160719","FcwZvbWDjdjrf4UNa2zrT6Neka/+tuoBy6ZpoXgBuG0=","carabid","TRIAUT","Trichotichnus autumnalis","species",,"Say",,1,"Ciegler, J. C. 2000. Ground beetles and wrinkled bark beetles of South Carolina (Coleoptera: Geadephaga: Carabidae and Rhysodidae). Biota of South Carolina. Vol. 1. Clemson, S. Clemson University.","C/RpfPKb8HTaiQJE7Yod+06R2cjuJOBA","hMeIr0r1D+O0r0KddsZuUbKn5xsaChU1","1 male"
"f842dd79-d87d-48eb-b0fe-802627b2b0f3","ORNL_031.basePlot.bet","D07","ORNL","ORNL_031","E","2016-07-05","2016-07-19","2016-07-20","2016-07-20",,"ORNL_031.E.20160719","G1V5MttZ4JIU2oox9sYkKAiqPYse4V7jshqFr7s+nV8=","invert bycatch",,,,,,,,,,"hMeIr0r1D+O0r0KddsZuUbKn5xsaChU1",
"2443dae9-3842-4617-a655-b087879d701d","ORNL_031.basePlot.bet","D07","ORNL","ORNL_031","E","2016-07-05","2016-07-19","2016-07-20","2016-09-16","2016-09-16","ORNL_031.E.20160719","G1V5MttZ4JIU2oox9sYkKNRz+28Qj51kSanjgyGNwG4=","carabid","TETVIR","Tetracha virginica","species",,"Linnaeus",,1,"Ciegler, J. C. 2000. Ground beetles and wrinkled bark beetles of South Carolina (Coleoptera: Geadephaga: Carabidae and Rhysodidae). Biota of South Carolina. Vol. 1. Clemson, S. Clemson University.","C/RpfPKb8HTaiQJE7Yod+06R2cjuJOBA","hMeIr0r1D+O0r0KddsZuUbKn5xsaChU1","1 female"
"d591a57d-afa7-4bfe-a5f8-94dd7dcbcb99","ORNL_004.basePlot.bet","D07","ORNL","ORNL_004","E","2016-07-05","2016-07-19","2016-07-20","2016-07-20",,"ORNL_004.E.20160719","qnVzy9oXbL0rpOlbS3ysIBPHm3lLISpGAkPewPdZJQU=","invert bycatch",,,,,,,,,,"hMeIr0r1D+O0r0KddsZuUbKn5xsaChU1",
"685b0df0-0aea-4489-b029-df0c58362c55","ORNL_004.basePlot.bet","D07","ORNL","ORNL_004","N","2016-07-05","2016-07-19","2016-07-20","2016-07-20",,"ORNL_004.N.20160719","qnVzy9oXbL16fqio1xoDpJcsLuUady04fvK/gEeuc6A=","invert bycatch",,,,,,,,,,"hMeIr0r1D+O0r0KddsZuUbKn5xsaChU1",
"d48d25d0-b196-448b-9ca0-18a666f0d9d0","ORNL_002.basePlot.bet","D07","ORNL","ORNL_002","E","2016-07-05","2016-07-19","2016-07-20","2016-07-20",,"ORNL_002.E.20160719","FcwZvbWDjdjrf4UNa2zrT9f+lXaIPcH2GgiRBXBeHws=","invert bycatch",,,,,,,,,,"hMeIr0r1D+O0r0KddsZuUbKn5xsaChU1",
"a0bfeb14-f640-4309-bae7-d3922e4bf85f","ORNL_004.basePlot.bet","D07","ORNL","ORNL_004","S","2016-07-05","2016-07-19","2016-07-20","2016-07-20",,"ORNL_004.S.20160719","qnVzy9oXbL2HRCLLBW6XeKGJJePjQfg29GmCRS+epbs=","invert bycatch",,,,,,,,,,"hMeIr0r1D+O0r0KddsZuUbKn5xsaChU1",
"e293f5ef-6009-4e81-9123-886aea923595","ORNL_004.basePlot.bet","D07","ORNL","ORNL_004","E","2016-07-05","2016-07-19","2016-07-20","2016-09-16","2016-09-16","ORNL_004.E.20160719","qnVzy9oXbL0rpOlbS3ysIKNKZ+55e5xXm8dTSBz0vLQ=","carabid","PASPUN","Pasimachus punctulatus","species",,"Haldeman",,1,"Purrington, F., and C. J. Drake. 2005. A key to adult Nearctic Pasimachus (Pasimachus) Bonelli (Coleoptera: Carabidae: Scaritini), with comments on their functional mouthpart morphology. Entomological News 116:253-262.","C/RpfPKb8HTaiQJE7Yod+06R2cjuJOBA","hMeIr0r1D+O0r0KddsZuUbKn5xsaChU1","1 male"
"719182fb-3ecd-46ed-9ca4-2c98027773b7","ORNL_004.basePlot.bet","D07","ORNL","ORNL_004","W","2016-07-05","2016-07-19","2016-07-20","2016-07-20",,"ORNL_004.W.20160719","qnVzy9oXbL0qUS2wZooi3atL1DgMmG74gznzVfrrdw4=","invert bycatch",,,,,,,,,,"hMeIr0r1D+O0r0KddsZuUbKn5xsaChU1",
"81b606ff-75bb-4e3f-aa86-8c5395ced49d","ORNL_032.basePlot.bet","D07","ORNL","ORNL_032","E","2016-07-05","2016-07-19","2016-07-20","2016-09-16","2016-09-16","ORNL_032.E.20160719","DcTblkLRhld365l7uBXeaV3UTOsRLH6OQ/LKBIfxdMs=","carabid","CYCSIG","Cyclotrachelus sigillatus","species",,"Say",,1,"Freitag, R. 1969. A revision of the species of the genus Evarthrus LeConte. Quaestiones Entomologicae 5:89-212.","C/RpfPKb8HTaiQJE7Yod+06R2cjuJOBA","hMeIr0r1D+O0r0KddsZuUbKn5xsaChU1","1 female"
"ed039a3a-7e7c-4166-859e-9b136275372d","ORNL_032.basePlot.bet","D07","ORNL","ORNL_032","E","2016-07-05","2016-07-19","2016-07-20","2016-09-16","2016-09-16","ORNL_032.E.20160719","DcTblkLRhld365l7uBXeadV69l1DsZRSMXgUNSNFGqA=","carabid","CYCFUC","Cyclotrachelus fucatus","species",,"Freitag",,2,"Freitag, R. 1969. A revision of the species of the genus Evarthrus LeConte. Quaestiones Entomologicae 5:89-212.","C/RpfPKb8HTaiQJE7Yod+06R2cjuJOBA","hMeIr0r1D+O0r0KddsZuUbKn5xsaChU1","2 female"
"d1acf80d-f172-467e-bdeb-92711b6e1e73","ORNL_001.basePlot.bet","D07","ORNL","ORNL_001","W","2016-07-05","2016-07-19","2016-07-20","2016-07-20",,"ORNL_001.W.20160719","1iGudFvILglesTwChAua4H4PLHhYY5ZPMrqD+qC00jI=","invert bycatch",,,,,,,,,,"hMeIr0r1D+O0r0KddsZuUbKn5xsaChU1",
"00544061-80d2-4bbc-8a81-a662432d757d","ORNL_032.basePlot.bet","D07","ORNL","ORNL_032","S","2016-07-05","2016-07-19","2016-07-20","2016-07-20",,"ORNL_032.S.20160719","DcTblkLRhleXh9yrX2N7YKyOIGYW84lEBY/465rEvD8=","invert bycatch",,,,,,,,,,"hMeIr0r1D+O0r0KddsZuUbKn5xsaChU1",
"4d3a0dc9-3fe1-4308-8444-8a4e57fdd1c2","ORNL_032.basePlot.bet","D07","ORNL","ORNL_032","E","2016-07-05","2016-07-19","2016-07-20","2016-07-20",,"ORNL_032.E.20160719","DcTblkLRhld365l7uBXeaUUh6RVFYW4oLBOy+RnxNMU=","invert bycatch",,,,,,,,,,"hMeIr0r1D+O0r0KddsZuUbKn5xsaChU1",
"37dcd758-7cfe-482e-8484-a9916a51f693","ORNL_032.basePlot.bet","D07","ORNL","ORNL_032","W","2016-07-05","2016-07-19","2016-07-20","2016-07-20",,"ORNL_032.W.20160719","DcTblkLRhlcMHYnGBtTNzEER3JIkEmoD9iRtK8w/B4A=","invert bycatch",,,,,,,,,,"hMeIr0r1D+O0r0KddsZuUbKn5xsaChU1",
"ba4e31c0-066a-4eaa-a239-4b55bf41f772","ORNL_032.basePlot.bet","D07","ORNL","ORNL_032","N","2016-07-05","2016-07-19","2016-07-20","2016-07-20",,"ORNL_032.N.20160719","DcTblkLRhldkfEFR5ElpHHoJUrONEZbUhFfEofoTrfE=","invert bycatch",,,,,,,,,,"hMeIr0r1D+O0r0KddsZuUbKn5xsaChU1",
"fb78300d-0e69-4910-b272-2840583e5030","ORNL_003.basePlot.bet","D07","ORNL","ORNL_003","N","2016-07-05","2016-07-19","2016-07-20","2016-07-20",,"ORNL_003.N.20160719","952sL8sB3/gDwOwaqyWUuHHwXBlRuCgTcPUmM1p1u24=","invert bycatch",,,,,,,,,,"hMeIr0r1D+O0r0KddsZuUbKn5xsaChU1",
"b2f5ad0d-de0c-4df5-9da6-e144390e5edd","ORNL_003.basePlot.bet","D07","ORNL","ORNL_003","S","2016-07-05","2016-07-19","2016-07-20","2016-07-20",,"ORNL_003.S.20160719","952sL8sB3/i/BuvpX5+pARMEXJMjPiHPC0pUlXqaZWY=","invert bycatch",,,,,,,,,,"hMeIr0r1D+O0r0KddsZuUbKn5xsaChU1",
"267aa2a4-0653-4f3b-8ebc-7b9bf9d8974d","ORNL_003.basePlot.bet","D07","ORNL","ORNL_003","E","2016-07-05","2016-07-19","2016-07-20","2016-07-20",,"ORNL_003.E.20160719","952sL8sB3/gL8NoxjyEpjCGvrjebsJ2HOf3QWBHE8dI=","invert bycatch",,,,,,,,,,"hMeIr0r1D+O0r0KddsZuUbKn5xsaChU1",
"d2236486-3d3f-4c19-934a-410843c3a166","ORNL_003.basePlot.bet","D07","ORNL","ORNL_003","W","2016-07-05","2016-07-19","2016-07-20","2016-07-20",,"ORNL_003.W.20160719","952sL8sB3/gTFn9DMXctOKZiTl4WHw5B+mdqwIfEg9o=","invert bycatch",,,,,,,,,,"hMeIr0r1D+O0r0KddsZuUbKn5xsaChU1",
"afbc81d3-7a05-4bc9-b055-ddcd8053a6ad","ORNL_029.basePlot.bet","D07","ORNL","ORNL_029","S","2016-07-05","2016-07-19","2016-07-20","2016-07-20",,"ORNL_029.S.20160719","7LdWMHVTMySQS3tmhusc92QfZZmvNbzmNenE56xQDu8=","invert bycatch",,,,,,,,,,"hMeIr0r1D+O0r0KddsZuUbKn5xsaChU1",
"3cad05f7-4dd8-4495-bfb7-e23913692a29","ORNL_029.basePlot.bet","D07","ORNL","ORNL_029","E","2016-07-05","2016-07-19","2016-07-20","2016-07-20",,"ORNL_029.E.20160719","7LdWMHVTMySbituYSS2qzabFHKiJV3/C/SD66SlU8ZA=","invert bycatch",,,,,,,,,,"hMeIr0r1D+O0r0KddsZuUbKn5xsaChU1",
"1504a9ed-e1c4-4031-8124-0c5627e1c63f","ORNL_029.basePlot.bet","D07","ORNL","ORNL_029","N","2016-07-05","2016-07-19","2016-07-20","2016-07-20",,"ORNL_029.N.20160719","7LdWMHVTMyQRYRk3VzlIAwZzCiGgfL7wHWoh0Mk3gaI=","invert bycatch",,,,,,,,,,"hMeIr0r1D+O0r0KddsZuUbKn5xsaChU1",
"99db4c26-4200-450a-90ed-2451910902cd","ORNL_029.basePlot.bet","D07","ORNL","ORNL_029","W","2016-07-05","2016-07-19","2016-07-20","2016-07-20",,"ORNL_029.W.20160719","7LdWMHVTMyTqHlRVBlQDX9zjgwLzQFJ2R10qGiXLsZ8=","invert bycatch",,,,,,,,,,"hMeIr0r1D+O0r0KddsZuUbKn5xsaChU1",
"1d84e0f2-c1e4-4f1b-8f24-eabf3797ebeb","ORNL_001.basePlot.bet","D07","ORNL","ORNL_001","S","2016-07-05","2016-07-19","2016-07-20","2016-07-20",,"ORNL_001.S.20160719","1iGudFvILgkltEJD0ESwhaIo6QurAuwSHRJwov+NieM=","invert bycatch",,,,,,,,,,"hMeIr0r1D+O0r0KddsZuUbKn5xsaChU1",
"5a0991e3-8e8c-492c-83d7-77761ef9173a","ORNL_001.basePlot.bet","D07","ORNL","ORNL_001","E","2016-07-05","2016-07-19","2016-07-20","2016-07-20",,"ORNL_001.E.20160719","1iGudFvILgl0uo8jjPg8XucD2R87znXK/HtQQTrYmSY=","invert bycatch",,,,,,,,,,"hMeIr0r1D+O0r0KddsZuUbKn5xsaChU1",
"9e30d729-4f99-401f-aa3e-5f198e641cb1","ORNL_001.basePlot.bet","D07","ORNL","ORNL_001","N","2016-07-05","2016-07-19","2016-07-20","2016-07-20",,"ORNL_001.N.20160719","1iGudFvILglFolq0mlYwNZfbo6lDWMuWvCpxw1pcWtA=","invert bycatch",,,,,,,,,,"hMeIr0r1D+O0r0KddsZuUbKn5xsaChU1",
"ac5952a2-a6cd-489f-ac80-c02e92fba4c9","ORNL_002.basePlot.bet","D07","ORNL","ORNL_002","W","2016-07-05","2016-07-19","2016-07-20","2016-07-20",,"ORNL_002.W.20160719","FcwZvbWDjdgPnznj/VRiJz+6wApILihIViZeL5XvL1g=","invert bycatch",,,,,,,,,,"hMeIr0r1D+O0r0KddsZuUbKn5xsaChU1",
"01630ef4-775a-437a-a57f-c2ae8e86d3a8","ORNL_002.basePlot.bet","D07","ORNL","ORNL_002","N","2016-07-05","2016-07-19","2016-07-20","2016-07-20",,"ORNL_002.N.20160719","FcwZvbWDjdh4gaIydInsZiz0QLf2f2JME5hOeD+LT7o=","invert bycatch",,,,,,,,,,"hMeIr0r1D+O0r0KddsZuUbKn5xsaChU1",
"e8dfe8f8-7fdc-42fb-98f9-8157da8cfd36","ORNL_002.basePlot.bet","D07","ORNL","ORNL_002","S","2016-07-05","2016-07-19","2016-07-20","2016-07-20",,"ORNL_002.S.20160719","FcwZvbWDjdiZOENX8biTkRKKFLiaKUA94zoBoHPEq1c=","invert bycatch",,,,,,,,,,"hMeIr0r1D+O0r0KddsZuUbKn5xsaChU1",
"43f6712e-02b3-4ad8-ac09-700ec2fd21f6","ORNL_031.basePlot.bet","D07","ORNL","ORNL_031","N","2016-07-05","2016-07-19","2016-07-20","2016-07-20",,"ORNL_031.N.20160719","G1V5MttZ4JJKwRamf9RFhAxqKvqT74wV76WllYMdIro=","invert bycatch",,,,,,,,,,"hMeIr0r1D+O0r0KddsZuUbKn5xsaChU1",
"8ad11a80-7446-41b2-8b90-4767a6e39228","ORNL_031.basePlot.bet","D07","ORNL","ORNL_031","W","2016-07-05","2016-07-19","2016-07-20","2016-07-20",,"ORNL_031.W.20160719","G1V5MttZ4JKLKv8XF1sjzXnwKh1vOmuqXxfYohdAwOQ=","invert bycatch",,,,,,,,,,"hMeIr0r1D+O0r0KddsZuUbKn5xsaChU1",
"c7ce8ba5-d32d-4fd2-ac76-8d9a7bd26a9c","ORNL_031.basePlot.bet","D07","ORNL","ORNL_031","S","2016-07-05","2016-07-19","2016-07-20","2016-07-20",,"ORNL_031.S.20160719","G1V5MttZ4JJO/csRKXZrzqew0b5DuEay9tUL+BIfqV0=","invert bycatch",,,,,,,,,,"hMeIr0r1D+O0r0KddsZuUbKn5xsaChU1",
"03001d13-ef9e-40f4-ba17-4598d92531c9","ORNL_027.basePlot.bet","D07","ORNL","ORNL_027","E","2016-07-05","2016-07-19","2016-07-20","2016-07-20",,"ORNL_027.E.20160719","di/gYcSB3uAv3mQDAiZcrVvO/L3u8MxAkPvLVqRM97E=","invert bycatch",,,,,,,,,,"hMeIr0r1D+O0r0KddsZuUbKn5xsaChU1",
"0f831f8d-9d5e-4fd1-8d4e-560b43492784","ORNL_006.basePlot.bet","D07","ORNL","ORNL_006","E","2016-07-05","2016-07-19","2016-07-20","2016-07-20",,"ORNL_006.E.20160719","XUOG9+A5sIM3c8KMfvLyxIEX/UwAmah3ChwBTjUom2I=","invert bycatch",,,,,,,,,,"hMeIr0r1D+O0r0KddsZuUbKn5xsaChU1",
