uid,namedLocation,domainID,siteID,plotID,setDate,collectDate,processingDate,subsampleIDList,archiveVialID,scientificName,recordedBy,remarks
"c7b72c5f-0c41-46a1-8dde-7a52d68ed195","OSBS_001.basePlot.bet","D03","OSBS","OSBS_001","2015-04-30","2015-05-14","2015-06-01","tAZPllg5btSZ98NmxEE3IKRIBa6+pQpHl78QuhiI8/Go+s6Ybl8GHA7VNel8sSBPpTq85jNg2JWxFNHiFYqZFn87l58rPhQFvrxbVTlgO1g=","tAZPllg5btQsbAx8QOC6X75/IHVYdmmu",,,
"75246ed5-1f80-43b0-9a3c-f0a777b2ab71","OSBS_002.basePlot.bet","D03","OSBS","OSBS_002","2015-04-30","2015-05-14","2015-05-29","eBaJt3JMmON2Wv5M5EvFnD57pipA44TPsXv/dhMKhziKwahVj33fa1ouvZi8xfOVmPcHS3KsCDYlMuL9WxDC3kDWVQh/5ogWTrmfEkcnm+BGcaFBcCYyu/XJdLXxKBBIXEQVgKhUB+Q=","eBaJt3JMmONhmt5VImC8my4DNuSPBD7u",,,
"086fec89-506c-4b28-bb14-d88368dd96b3","OSBS_005.basePlot.bet","D03","OSBS","OSBS_005","2015-04-30","2015-05-14","2015-05-26","Ic3+d2cIO5MVELK0zbPENjT75yffO5r/HlaXfG9iY6AFAV4k/N5+aUzjXogL8yOU350vC86fw6LuJVij0vAUufCNsgTQ/nxCFyYf4XC3TiT2GChDDmfx/Sm2Z6JaU9a4tF9TI8mlRSI=","Ic3+d2cIO5OyRp1xpTrb+v6GJv1HEcsq",,,
"1c1d0f2c-8f5a-4fd9-bd4c-e0548147fd0c","OSBS_006.basePlot.bet","D03","OSBS","OSBS_006","2015-04-30","2015-05-14","2015-05-26","s+mA6/5XhU6KA8LOGUe3FiVb5N/VDF0VHbb0zMW8jH8JwDAtPKbAaGSTrtxdUOXXYGQlBqzy6ly814Bdw4IqMeDrviVlLcS7jxQ1VQXfycpc0nlRumtonOUUbg2XedewzlbZ3uyta6s=","s+mA6/5XhU5iFCCeABTUA86tYu2Dzur4",,,
"65736dff-0b22-4217-a233-eece3196cfaa","OSBS_003.basePlot.bet","D03","OSBS","OSBS_003","2015-04-30","2015-05-14","2015-05-26","6IhldZNozXMgT4rAre84MV3f75e8pbKWC0mfDvCcdFwolC3klEQ6liZ641AFYzbJI2/hmLluSK+aW0DcRUti7t1rmA709RjKl5ee2Ha2ltJk9nNX9tw31B8hP2w7E2Qwm+Tm8n/GCaE=","6IhldZNozXO/n52UlpCJHcyPmC7iVmDQ",,,
"e75b8359-502c-4460-9a0d-797a5e6d57ee","OSBS_004.basePlot.bet","D03","OSBS","OSBS_004","2015-04-30","2015-05-14","2015-05-26","X148jY8ioti3U7g7drZeHaxjoMebrRvdHGNPZddn8X3cPUThLaD+rRz4u8J8/2FSPb1L91tDR2mt5k+ZBTnjrrtMswrF8ITk9MWRieYeBWvQ5KFwC8Vd9a3OZTGPE5bdF8c7mGp5nRc=","X148jY8iotiiY+d63HAJtnUfHfpGqI6r",,,
"f5405e62-c25a-4d3a-ba56-8d7e7e22dd18","OSBS_007.basePlot.bet","D03","OSBS","OSBS_007","2015-04-30","2015-05-14","2015-06-01","GG9Q6Sepi5kdGkQ9815vsD7KfEXgG3QKEmSVmAuJSSoE6zohtV6SbZ25UtfWp/AnomWvTroXRIJrQGELMJjUD5Sy3ubM2kHVLiiHG6dTp+mrYtXrcLwX2PwaU3EGdodbttcEvZEKOJg=","GG9Q6Sepi5ljP8t8P7Fm6hdK/OGXpzDG",,,
"28944be7-409e-4459-a880-a925cf39fc84","OSBS_022.basePlot.bet","D03","OSBS","OSBS_022","2015-04-30","2015-05-14","2015-05-27","M5jd5p7S+pjNEg+uBu5mtkzD5vXnoahPQFJ3hb7C1exeMRceJbKDSM+VrwxWAZTFT7ep6JQ+Xkw0DilT0s4QEFo2/Nu0iP0FNOE3EYzxEMPXaSBjLmsS1YR7lxeqIE7hmNB1ZVbhz8Q=","M5jd5p7S+pg6cViL507wojGKx3dgyLpB",,,
"60337de3-5d66-402c-840b-3bf5a4466bd6","OSBS_023.basePlot.bet","D03","OSBS","OSBS_023","2015-04-30","2015-05-14","2015-06-02","9ahRxcnzux7bpb2Ec3x3i16c/e1UM77EgN+dBeLSx+vk7owXnGx3U023W8+N9/UT7jqd1xc7qICVXyx0JlfvAltyKqMpWdyavW9ilsJYdg3As9UIH+fF5zvGl9v16CUZuev12eSSTHk=","9ahRxcnzux4L39zZlmbCiA11C8rWdpLj",,,
"5b707d05-0f40-4a56-8b40-57624398436c","OSBS_008.basePlot.bet","D03","OSBS","OSBS_008","2015-04-30","2015-05-14","2015-06-01","kDyjQwK8kfoPn9+e2nv/riNfiIeGZRtRcbC/rjYsCfdkmhZxGTdGjZLczsWOGr5NpEZvBRZ/yKEh6WAQyb+awSoFbyxdimaArQ7wAm7+g9axtKIqjkGAhxBh/GOwHsObgwsh/KkprCU=","kDyjQwK8kfpXZzVeyX9zedVPvsHXis8o",,,
"59c7e0de-5202-4c99-90d8-5601426c5746","OSBS_001.basePlot.bet","D03","OSBS","OSBS_001","2015-05-14","2015-05-28","2015-06-01","tAZPllg5btS8VemDAC7x99VLRiJnrUUKoDPEVhwt3M4O0/JIjoVkjI7z1fV8rpLooX91eogTfPqk3R+pwx3X+ZKI5INatbB0Jb8W2XsrzD0=","tAZPllg5btT/727Ff79CiPEQ4KSkFthK",,,
"436b2f37-e4f9-494c-b1cf-0c5f7191f277","OSBS_003.basePlot.bet","D03","OSBS","OSBS_003","2015-05-14","2015-05-28","2015-06-02","6IhldZNozXMMyCpJPVWo8f/a9+QEgKSYyLAFSwztMk0kN4oqap3vj8hh2rCkasmBqBCWeebzIK0E9T3t+/QOEwFQUDKysc11TUmTrbL9ud6cGR4pi0PVFxuMStVAWNYjTECVzt505zo=","6IhldZNozXOjMg9oBm1yXy89UNRULouR",,,
"0c9b0a65-04fd-40dd-9617-e7c4d8a393b7","OSBS_002.basePlot.bet","D03","OSBS","OSBS_002","2015-05-14","2015-05-28","2015-06-01","eBaJt3JMmOMmGSk/WUZCu9zjrP9TSMlsJb+N8kKtaXys1uyjywrwVtx9LEJ2K2Uk3u5A5KAhrkV7lCoB+cKRchPzRFwT4jQBczyCotWwhMLjrCxVbEH9Q5ZDgD0C6J60cK92rYLKv/U=","eBaJt3JMmOMqy4bPd1Dv9dAJm+4cPmvP",,,
"aadb4c1d-5eab-412d-be56-53e3e7e3bf85","OSBS_004.basePlot.bet","D03","OSBS","OSBS_004","2015-05-14","2015-05-28","2015-06-01","X148jY8iotjjiIlzJUxheJCLx+ACj4plR3kcCXUV2Tz50r2miShkJopc8L6IwkW0aCE6kmAZ/hUmvEjUPBR9YFlL3MCqMG0zRAKy4lCKQO1nf3t2SZRuv1pGvH6thIefD7nRz0WNZYs=","X148jY8iotiJo/Ukd9Pcl6Z9uioBQzFC",,,
"e16f46e8-6dcd-4868-b6b3-532ddc1023a1","OSBS_007.basePlot.bet","D03","OSBS","OSBS_007","2015-05-14","2015-05-28","2015-06-03","GG9Q6Sepi5k939QK3L8AMhir6/dnhbXTN1X1M6qsGNY1LyFprKjHCg0wKQSdOKfzzBZ2hNw8r9/5BB12QEXOLLK4qQsyT4PXz0zih9Lzq0f5DZcWFv0QcRm28TeAH6FJORU5N5OaJ5M=","GG9Q6Sepi5m2qpHS8rNg++iywaE7wa+L",,,
"3108d421-fdba-47b0-a23d-e840b763f714","OSBS_005.basePlot.bet","D03","OSBS","OSBS_005","2015-05-14","2015-05-28","2015-06-02","Ic3+d2cIO5MVELK0zbPENvogRPF4wxrzVBBHQ2mLoiPTF8xHrxBXQq1wxPQ5I8Im60LKoUfFx/9NGkMgJSfLE5VSeU4EGDaBSSUspRpngFzPj1RsUBqwQxjPOjdJU8n5eWX6fa7P1eg=","Ic3+d2cIO5PxP0uwha70HQ8ePqWyHqzP",,,
"96a3a724-253d-4dff-adf7-e751834f7cbd","OSBS_006.basePlot.bet","D03","OSBS","OSBS_006","2015-05-14","2015-05-28","2015-06-02","s+mA6/5XhU42j25wHKqLdCpcHU0BNLh0jccBuyiLHeyPKhsX3X/YhF+RddssKc3ElF4rhqjDhI9hrCfMl9E/UgwbNcjemUKK06k8WEqsi00=","s+mA6/5XhU4BVFqaoZCjNooRFEBALYn3",,,
"13dba697-27f8-4102-9f67-bcd17c98a352","OSBS_008.basePlot.bet","D03","OSBS","OSBS_008","2015-05-14","2015-05-28","2015-06-03","kDyjQwK8kfqBywhJEF8Y5+9yXm2D2E3UA2lsagFkKTncUltvaO+nKciLtbSFV+zQlPjLOTIJbvA8ChlQ2P24HUbIXj4HY7PEc/B7heMIco01A3f3LI3LAI6nfHQ4d/P1y21TkVk5+7A=","kDyjQwK8kfpBp2hTXrPIxsY2mVcR3k1x",,,
"67e557db-2589-42d9-84c8-292c657b0fac","OSBS_023.basePlot.bet","D03","OSBS","OSBS_023","2015-05-14","2015-05-28","2015-05-29","9ahRxcnzux7bpb2Ec3x3i94/cbc7r+ns/9dMOVR24BgtHMzjqN46yUEcTj+yUIcgw4/dWCLjPkBaDIZdNwW6cRqlUMqJBf0TSup1TX+/2mHZrxVGUwhbXobN4wa3En/op1JZoF+LTcc=","9ahRxcnzux5c0mdHaq1cT+cwylBtroPX",,,
"02779171-2dae-417d-a1a9-8dcfabbe6c9a","OSBS_022.basePlot.bet","D03","OSBS","OSBS_022","2015-05-14","2015-05-28","2015-06-03","M5jd5p7S+phy1bqWA/7StmY0c10pfwCUTtgws/kFP6mBodOo3psuAAPK15+ZwDpjvmfvSQRk3rBcK5WDhN4YEre0vmgiPsBw46iaXiB9FYM=","M5jd5p7S+pjOsv6HLz3msuTdYacqxatL",,,
