uid,namedLocation,domainID,siteID,plotID,setDate,collectDate,identifiedDate,individualID,taxonID,kingdom,phylum,class,order,family,subfamily,tribe,genus,subgenus,specificEpithet,infraspecificEpithet,scientificName,scientificNameAuthorship,taxonRank,identificationQualifier,sex,morphospeciesID,identificationReferences,identifiedBy,laboratoryName,identificationRemarks,sampleCondition,dnaBarcoded,geneticSampleID,remarks
"97458eb3-e81e-48bc-9a96-962b6981abc8","DELA_008.basePlot.bet","D08","DELA","DELA_008","2015-07-22","2015-08-05","2017-01-15","NEON.BET.D08.000406","LOXCIN","Animalia","Arthropoda","Insecta","Coleoptera","Carabidae","Harpalinae","Abacetini","Loxandrus",,"cincinnati",,"Loxandrus cincinnati","Casey","species",,"F",,"Allen, R. T. 1972. A revision of the genus Loxandrus Leconte (Coleoptera: Carabidae) in North America. Entomologica Americana 46:1-184.","Kipling Will","Essig Museum of Entomology",,"No known compromise","N",,
"990764e4-e84a-4de8-a349-26e32070ab12","DELA_008.basePlot.bet","D08","DELA","DELA_008","2015-07-22","2015-08-05","2017-01-15","NEON.BET.D08.000405","BRAALT","Animalia","Arthropoda","Insecta","Coleoptera","Carabidae","Brachininae","Brachinini","Brachinus","Neobrachinus","alternans",,"Brachinus alternans","Dejean","species",,"M",,"Erwin, T. L. 1970a. A Reclassification of Bombardier Beetles and a Taxonomic Revision of the North and Middle American Species (Carabidae: Brachinida). Quaestiones Entomologicae 6:4-215.","Kipling Will","Essig Museum of Entomology",,"No known compromise","N",,
"d261f859-f9b0-47a1-a166-a82a81dc53f4","DELA_008.basePlot.bet","D08","DELA","DELA_008","2015-07-22","2015-08-05","2017-01-15","NEON.BET.D08.000409","BRAALT","Animalia","Arthropoda","Insecta","Coleoptera","Carabidae","Brachininae","Brachinini","Brachinus","Neobrachinus","alternans",,"Brachinus alternans","Dejean","species",,"M",,"Erwin, T. L. 1970a. A Reclassification of Bombardier Beetles and a Taxonomic Revision of the North and Middle American Species (Carabidae: Brachinida). Quaestiones Entomologicae 6:4-215.","Kipling Will","Essig Museum of Entomology",,"No known compromise","N",,
"66d96524-7857-49c1-9cb5-6e6fa2015c94","DELA_008.basePlot.bet","D08","DELA","DELA_008","2015-07-22","2015-08-05","2017-01-15","NEON.BET.D08.000408","BRAALT","Animalia","Arthropoda","Insecta","Coleoptera","Carabidae","Brachininae","Brachinini","Brachinus","Neobrachinus","alternans",,"Brachinus alternans","Dejean","species",,"F",,"Erwin, T. L. 1970a. A Reclassification of Bombardier Beetles and a Taxonomic Revision of the North and Middle American Species (Carabidae: Brachinida). Quaestiones Entomologicae 6:4-215.","Kipling Will","Essig Museum of Entomology",,"No known compromise","N",,
"327b7f32-b766-4966-9f25-b9144d468b7f","DELA_008.basePlot.bet","D08","DELA","DELA_008","2015-07-22","2015-08-05","2017-01-15","NEON.BET.D08.000404","BRAALT","Animalia","Arthropoda","Insecta","Coleoptera","Carabidae","Brachininae","Brachinini","Brachinus","Neobrachinus","alternans",,"Brachinus alternans","Dejean","species",,"F",,"Erwin, T. L. 1970a. A Reclassification of Bombardier Beetles and a Taxonomic Revision of the North and Middle American Species (Carabidae: Brachinida). Quaestiones Entomologicae 6:4-215.","Kipling Will","Essig Museum of Entomology",,"No known compromise","N",,
"efe120c6-96ed-41c2-8f8e-88e95ca10fbd","DELA_008.basePlot.bet","D08","DELA","DELA_008","2015-07-22","2015-08-05","2017-01-15","NEON.BET.D08.000411","BRAALT","Animalia","Arthropoda","Insecta","Coleoptera","Carabidae","Brachininae","Brachinini","Brachinus","Neobrachinus","alternans",,"Brachinus alternans","Dejean","species",,"F",,"Erwin, T. L. 1970a. A Reclassification of Bombardier Beetles and a Taxonomic Revision of the North and Middle American Species (Carabidae: Brachinida). Quaestiones Entomologicae 6:4-215.","Kipling Will","Essig Museum of Entomology",,"No known compromise","N",,
"99b8920e-cd18-4468-a5f6-19ff646999e0","DELA_008.basePlot.bet","D08","DELA","DELA_008","2015-07-22","2015-08-05","2017-01-15","NEON.BET.D08.000410","BRAALT","Animalia","Arthropoda","Insecta","Coleoptera","Carabidae","Brachininae","Brachinini","Brachinus","Neobrachinus","alternans",,"Brachinus alternans","Dejean","species",,"F",,"Erwin, T. L. 1970a. A Reclassification of Bombardier Beetles and a Taxonomic Revision of the North and Middle American Species (Carabidae: Brachinida). Quaestiones Entomologicae 6:4-215.","Kipling Will","Essig Museum of Entomology",,"No known compromise","N",,
"167b7b4c-4559-4e72-b739-cc9e1081d4a4","DELA_007.basePlot.bet","D08","DELA","DELA_007","2015-07-22","2015-08-05","2017-01-15","NEON.BET.D08.000395","CHLERY","Animalia","Arthropoda","Insecta","Coleoptera","Carabidae","Harpalinae","Chlaeniini","Chlaenius","Chlaenius","erythropus",,"Chlaenius erythropus","Germar","species",,"F",,"Bell, R. T. 1960. A Revision of the Genus Chlaenius Bonelli (Coleoptera, Carabidae) in North America. Miscellaneous Publications of the Entomological Society of America 1:98-166.","Kipling Will","Essig Museum of Entomology",,"No known compromise","N",,
"305c0a32-d7ea-4144-a2b0-a1c9ddf8888e","DELA_008.basePlot.bet","D08","DELA","DELA_008","2015-07-22","2015-08-05","2017-01-15","NEON.BET.D08.000407","BRAALT","Animalia","Arthropoda","Insecta","Coleoptera","Carabidae","Brachininae","Brachinini","Brachinus","Neobrachinus","alternans",,"Brachinus alternans","Dejean","species",,"F",,"Erwin, T. L. 1970a. A Reclassification of Bombardier Beetles and a Taxonomic Revision of the North and Middle American Species (Carabidae: Brachinida). Quaestiones Entomologicae 6:4-215.","Kipling Will","Essig Museum of Entomology",,"No known compromise","N",,
"24342580-93f3-4307-ae3d-1aa65b699297","DELA_009.basePlot.bet","D08","DELA","DELA_009","2015-07-22","2015-08-05","2017-01-15","NEON.BET.D08.000412","SCAVIC","Animalia","Arthropoda","Insecta","Coleoptera","Carabidae","Scaritinae","Scaritini","Scarites","Scarites","vicinus",,"Scarites vicinus","Chaudoir","species",,"U",,"Bousquet, Y. and P. E. Skelley. 2010. Description of a New Species of Scarites Fabricius (Coleoptera: Carabidae) from Florida. The Coleopterists Bulletin 64(1): 45-49.","Kipling Will","Essig Museum of Entomology",,"No known compromise","N",,
"b729c585-26a4-47f3-b418-bbfbdab5b22d","DELA_003.basePlot.bet","D08","DELA","DELA_003","2015-07-22","2015-08-05","2017-01-15","NEON.BET.D08.000390","BRAALT","Animalia","Arthropoda","Insecta","Coleoptera","Carabidae","Brachininae","Brachinini","Brachinus","Neobrachinus","alternans",,"Brachinus alternans","Dejean","species",,"M",,"Erwin, T. L. 1970a. A Reclassification of Bombardier Beetles and a Taxonomic Revision of the North and Middle American Species (Carabidae: Brachinida). Quaestiones Entomologicae 6:4-215.","Kipling Will","Essig Museum of Entomology",,"No known compromise","N",,
"fc4f3504-63df-4933-8084-6593f2759b41","DELA_009.basePlot.bet","D08","DELA","DELA_009","2015-07-22","2015-08-05","2017-01-15","NEON.BET.D08.000413","CHLAES","Animalia","Arthropoda","Insecta","Coleoptera","Carabidae","Harpalinae","Chlaeniini","Chlaenius","Chlaenius","aestivus",,"Chlaenius aestivus","Say","species",,"M",,"Bell, R. T. 1960. A Revision of the Genus Chlaenius Bonelli (Coleoptera, Carabidae) in North America. Miscellaneous Publications of the Entomological Society of America 1:98-166.","Kipling Will","Essig Museum of Entomology",,"No known compromise","N",,
"0dbdf9d1-9891-45b1-a37e-ffdfd9ce02b2","DELA_003.basePlot.bet","D08","DELA","DELA_003","2015-07-22","2015-08-05","2017-01-15","NEON.BET.D08.000389","BRAALT","Animalia","Arthropoda","Insecta","Coleoptera","Carabidae","Brachininae","Brachinini","Brachinus","Neobrachinus","alternans",,"Brachinus alternans","Dejean","species",,"F",,"Erwin, T. L. 1970a. A Reclassification of Bombardier Beetles and a Taxonomic Revision of the North and Middle American Species (Carabidae: Brachinida). Quaestiones Entomologicae 6:4-215.","Kipling Will","Essig Museum of Entomology",,"No known compromise","N",,
"a16e7928-ea8d-4664-bdd5-b131ebea708f","DELA_006.basePlot.bet","D08","DELA","DELA_006","2015-07-22","2015-08-05","2017-01-15","NEON.BET.D08.000394","DICFUR2","Animalia","Arthropoda","Insecta","Coleoptera","Carabidae","Harpalinae","Licinini","Dicaelus","Paradicaelus","furvus","furvus","Dicaelus furvus furvus","Dejean","subspecies",,"M",,"Ball, G. E. 1992. The Tribe Licinini (Coleoptera: Carabidae): A Review of the Genus-Groups and of the Species of Selected Genera. Journal of the New York Entomological Society 100:325-380.","Kipling Will","Essig Museum of Entomology",,"No known compromise","N",,
"33b85f29-bef3-4b33-a8f3-92816a874971","DELA_004.basePlot.bet","D08","DELA","DELA_004","2015-07-22","2015-08-05","2017-01-15","NEON.BET.D08.000392","SCASUB2","Animalia","Arthropoda","Insecta","Coleoptera","Carabidae","Scaritinae","Scaritini","Scarites","Scarites","subterraneus",,"Scarites subterraneus","Fabricius","species",,"U",,"Bousquet, Y. and P. E. Skelley. 2010. Description of a New Species of Scarites Fabricius (Coleoptera: Carabidae) from Florida. The Coleopterists Bulletin 64(1): 45-49.","Kipling Will","Essig Museum of Entomology",,"No known compromise","N",,
"c3fdc8a3-eb17-4cf4-9f29-cdd677a6ecce","DELA_004.basePlot.bet","D08","DELA","DELA_004","2015-07-22","2015-08-05","2017-01-15","NEON.BET.D08.000391","CHLERY","Animalia","Arthropoda","Insecta","Coleoptera","Carabidae","Harpalinae","Chlaeniini","Chlaenius","Chlaenius","erythropus",,"Chlaenius erythropus","Germar","species",,"F",,"Bell, R. T. 1960. A Revision of the Genus Chlaenius Bonelli (Coleoptera, Carabidae) in North America. Miscellaneous Publications of the Entomological Society of America 1:98-166.","Kipling Will","Essig Museum of Entomology",,"No known compromise","N",,
"bbec9304-8232-445d-9ef2-493c8042bd6e","DELA_005.basePlot.bet","D08","DELA","DELA_005","2015-07-22","2015-08-05","2017-01-15","NEON.BET.D08.000393","DICFUR2","Animalia","Arthropoda","Insecta","Coleoptera","Carabidae","Harpalinae","Licinini","Dicaelus","Paradicaelus","furvus","furvus","Dicaelus furvus furvus","Dejean","subspecies",,"M",,"Ball, G. E. 1992. The Tribe Licinini (Coleoptera: Carabidae): A Review of the Genus-Groups and of the Species of Selected Genera. Journal of the New York Entomological Society 100:325-380.","Kipling Will","Essig Museum of Entomology",,"No known compromise","N",,
"fe94861f-bbf3-483b-9452-6d741f24f231","DELA_014.basePlot.bet","D08","DELA","DELA_014","2015-07-22","2015-08-05","2017-01-15","NEON.BET.D08.000414","BRAALT","Animalia","Arthropoda","Insecta","Coleoptera","Carabidae","Brachininae","Brachinini","Brachinus","Neobrachinus","alternans",,"Brachinus alternans","Dejean","species",,"F",,"Erwin, T. L. 1970a. A Reclassification of Bombardier Beetles and a Taxonomic Revision of the North and Middle American Species (Carabidae: Brachinida). Quaestiones Entomologicae 6:4-215.","Kipling Will","Essig Museum of Entomology",,"No known compromise","N",,
"d32fa6c5-ddb6-4c90-bde2-d6a9e2fe1888","DELA_008.basePlot.bet","D08","DELA","DELA_008","2015-07-22","2015-08-05","2017-01-15","NEON.BET.D08.000403","CHLERY","Animalia","Arthropoda","Insecta","Coleoptera","Carabidae","Harpalinae","Chlaeniini","Chlaenius","Chlaenius","erythropus",,"Chlaenius erythropus","Germar","species",,"F",,"Bell, R. T. 1960. A Revision of the Genus Chlaenius Bonelli (Coleoptera, Carabidae) in North America. Miscellaneous Publications of the Entomological Society of America 1:98-166.","Kipling Will","Essig Museum of Entomology",,"No known compromise","N",,
"beb532db-5f2d-41aa-81c0-5d2c4721187f","DELA_002.basePlot.bet","D08","DELA","DELA_002","2015-08-05","2015-08-19","2017-01-15","NEON.BET.D08.000426","CHLERY","Animalia","Arthropoda","Insecta","Coleoptera","Carabidae","Harpalinae","Chlaeniini","Chlaenius","Chlaenius","erythropus",,"Chlaenius erythropus","Germar","species",,"M",,"Bell, R. T. 1960. A Revision of the Genus Chlaenius Bonelli (Coleoptera, Carabidae) in North America. Miscellaneous Publications of the Entomological Society of America 1:98-166.","Kipling Will","Essig Museum of Entomology",,"No known compromise","N",,
"9a81220e-ce9c-4df4-b42d-5f859beffff8","DELA_003.basePlot.bet","D08","DELA","DELA_003","2015-08-05","2015-08-19","2017-01-15","NEON.BET.D08.000443","BRAALT","Animalia","Arthropoda","Insecta","Coleoptera","Carabidae","Brachininae","Brachinini","Brachinus","Neobrachinus","alternans",,"Brachinus alternans","Dejean","species",,"F",,"Erwin, T. L. 1970a. A Reclassification of Bombardier Beetles and a Taxonomic Revision of the North and Middle American Species (Carabidae: Brachinida). Quaestiones Entomologicae 6:4-215.","Kipling Will","Essig Museum of Entomology",,"No known compromise","N",,
"6675cf70-e0c2-4931-af57-d2c0020dc2ac","DELA_006.basePlot.bet","D08","DELA","DELA_006","2015-08-05","2015-08-19","2017-01-15","NEON.BET.D08.000429","DICFUR2","Animalia","Arthropoda","Insecta","Coleoptera","Carabidae","Harpalinae","Licinini","Dicaelus","Paradicaelus","furvus","furvus","Dicaelus furvus furvus","Dejean","subspecies",,"F",,"Ball, G. E. 1992. The Tribe Licinini (Coleoptera: Carabidae): A Review of the Genus-Groups and of the Species of Selected Genera. Journal of the New York Entomological Society 100:325-380.","Kipling Will","Essig Museum of Entomology",,"No known compromise","N",,
"353ff07c-ef1d-4f12-9628-a77d97bbbd8f","DELA_006.basePlot.bet","D08","DELA","DELA_006","2015-08-05","2015-08-19","2017-01-15","NEON.BET.D08.000427","DICFUR2","Animalia","Arthropoda","Insecta","Coleoptera","Carabidae","Harpalinae","Licinini","Dicaelus","Paradicaelus","furvus","furvus","Dicaelus furvus furvus","Dejean","subspecies",,"M",,"Ball, G. E. 1992. The Tribe Licinini (Coleoptera: Carabidae): A Review of the Genus-Groups and of the Species of Selected Genera. Journal of the New York Entomological Society 100:325-380.","Kipling Will","Essig Museum of Entomology",,"No known compromise","N",,
"db9e7c8b-f03b-4aab-a8b7-368aea23ceda","DELA_014.basePlot.bet","D08","DELA","DELA_014","2015-08-05","2015-08-19","2017-01-15","NEON.BET.D08.000428","DICFUR2","Animalia","Arthropoda","Insecta","Coleoptera","Carabidae","Harpalinae","Licinini","Dicaelus","Paradicaelus","furvus","furvus","Dicaelus furvus furvus","Dejean","subspecies",,"M",,"Ball, G. E. 1992. The Tribe Licinini (Coleoptera: Carabidae): A Review of the Genus-Groups and of the Species of Selected Genera. Journal of the New York Entomological Society 100:325-380.","Kipling Will","Essig Museum of Entomology",,"No known compromise","N",,
"ee92ab3e-3b14-4bb8-be19-9c4a350c8953","DELA_005.basePlot.bet","D08","DELA","DELA_005","2015-08-05","2015-08-19","2017-01-15","NEON.BET.D08.000432","CHLAES","Animalia","Arthropoda","Insecta","Coleoptera","Carabidae","Harpalinae","Chlaeniini","Chlaenius","Chlaenius","aestivus",,"Chlaenius aestivus","Say","species",,"F",,"Bell, R. T. 1960. A Revision of the Genus Chlaenius Bonelli (Coleoptera, Carabidae) in North America. Miscellaneous Publications of the Entomological Society of America 1:98-166.","Kipling Will","Essig Museum of Entomology",,"No known compromise","N",,
"b4f11830-fa6a-4e37-bc42-4993d3c26284","DELA_014.basePlot.bet","D08","DELA","DELA_014","2015-08-05","2015-08-19","2017-01-15","NEON.BET.D08.000435","SCASUB2","Animalia","Arthropoda","Insecta","Coleoptera","Carabidae","Scaritinae","Scaritini","Scarites","Scarites","subterraneus",,"Scarites subterraneus","Fabricius","species",,"U",,"Bousquet, Y. and P. E. Skelley. 2010. Description of a New Species of Scarites Fabricius (Coleoptera: Carabidae) from Florida. The Coleopterists Bulletin 64(1): 45-49.","Kipling Will","Essig Museum of Entomology",,"No known compromise","N",,
"5166cb7a-4050-4c6e-ac86-4aeaef685bb0","DELA_003.basePlot.bet","D08","DELA","DELA_003","2015-08-05","2015-08-19","2017-01-15","NEON.BET.D08.000444","BRAALT","Animalia","Arthropoda","Insecta","Coleoptera","Carabidae","Brachininae","Brachinini","Brachinus","Neobrachinus","alternans",,"Brachinus alternans","Dejean","species",,"M",,"Erwin, T. L. 1970a. A Reclassification of Bombardier Beetles and a Taxonomic Revision of the North and Middle American Species (Carabidae: Brachinida). Quaestiones Entomologicae 6:4-215.","Kipling Will","Essig Museum of Entomology",,"No known compromise","N",,
"024a1f45-a5be-405a-b2d1-b31ea91fc1be","DELA_003.basePlot.bet","D08","DELA","DELA_003","2015-08-05","2015-08-19","2017-01-15","NEON.BET.D08.000445","BRAALT","Animalia","Arthropoda","Insecta","Coleoptera","Carabidae","Brachininae","Brachinini","Brachinus","Neobrachinus","alternans",,"Brachinus alternans","Dejean","species",,"F",,"Erwin, T. L. 1970a. A Reclassification of Bombardier Beetles and a Taxonomic Revision of the North and Middle American Species (Carabidae: Brachinida). Quaestiones Entomologicae 6:4-215.","Kipling Will","Essig Museum of Entomology",,"No known compromise","N",,
"efc0cfaf-92d0-4cd0-b749-31345e4a6610","DELA_002.basePlot.bet","D08","DELA","DELA_002","2015-08-05","2015-08-19","2017-01-15","NEON.BET.D08.000440","BRAALT","Animalia","Arthropoda","Insecta","Coleoptera","Carabidae","Brachininae","Brachinini","Brachinus","Neobrachinus","alternans",,"Brachinus alternans","Dejean","species",,"F",,"Erwin, T. L. 1970a. A Reclassification of Bombardier Beetles and a Taxonomic Revision of the North and Middle American Species (Carabidae: Brachinida). Quaestiones Entomologicae 6:4-215.","Kipling Will","Essig Museum of Entomology",,"No known compromise","N",,
"7930fbc1-4b8b-4582-99e4-7df43ecaba53","DELA_002.basePlot.bet","D08","DELA","DELA_002","2015-08-05","2015-08-19","2017-01-15","NEON.BET.D08.000442","BRAALT","Animalia","Arthropoda","Insecta","Coleoptera","Carabidae","Brachininae","Brachinini","Brachinus","Neobrachinus","alternans",,"Brachinus alternans","Dejean","species",,"M",,"Erwin, T. L. 1970a. A Reclassification of Bombardier Beetles and a Taxonomic Revision of the North and Middle American Species (Carabidae: Brachinida). Quaestiones Entomologicae 6:4-215.","Kipling Will","Essig Museum of Entomology",,"No known compromise","N",,
"51ee0e16-9046-4e00-a4a0-f96e40d7191e","DELA_007.basePlot.bet","D08","DELA","DELA_007","2015-08-05","2015-08-19","2017-01-15","NEON.BET.D08.000431","CHLAES","Animalia","Arthropoda","Insecta","Coleoptera","Carabidae","Harpalinae","Chlaeniini","Chlaenius","Chlaenius","aestivus",,"Chlaenius aestivus","Say","species",,"M",,"Bell, R. T. 1960. A Revision of the Genus Chlaenius Bonelli (Coleoptera, Carabidae) in North America. Miscellaneous Publications of the Entomological Society of America 1:98-166.","Kipling Will","Essig Museum of Entomology",,"No known compromise","N",,
"77028b3f-697a-40d2-bed2-4311fcb4c1c8","DELA_002.basePlot.bet","D08","DELA","DELA_002","2015-08-05","2015-08-19","2017-01-15","NEON.BET.D08.000441","BRAALT","Animalia","Arthropoda","Insecta","Coleoptera","Carabidae","Brachininae","Brachinini","Brachinus","Neobrachinus","alternans",,"Brachinus alternans","Dejean","species",,"F",,"Erwin, T. L. 1970a. A Reclassification of Bombardier Beetles and a Taxonomic Revision of the North and Middle American Species (Carabidae: Brachinida). Quaestiones Entomologicae 6:4-215.","Kipling Will","Essig Museum of Entomology",,"No known compromise","N",,
"5bf98d18-64c8-4f63-933f-f76a9797ca1b","DELA_007.basePlot.bet","D08","DELA","DELA_007","2015-08-05","2015-08-19","2017-01-15","NEON.BET.D08.000437","BRAALT","Animalia","Arthropoda","Insecta","Coleoptera","Carabidae","Brachininae","Brachinini","Brachinus","Neobrachinus","alternans",,"Brachinus alternans","Dejean","species",,"F",,"Erwin, T. L. 1970a. A Reclassification of Bombardier Beetles and a Taxonomic Revision of the North and Middle American Species (Carabidae: Brachinida). Quaestiones Entomologicae 6:4-215.","Kipling Will","Essig Museum of Entomology",,"No known compromise","N",,
"54601654-c8a4-4c10-8a40-582225670d5d","DELA_007.basePlot.bet","D08","DELA","DELA_007","2015-08-05","2015-08-19","2017-01-15","NEON.BET.D08.000436","BRAALT","Animalia","Arthropoda","Insecta","Coleoptera","Carabidae","Brachininae","Brachinini","Brachinus","Neobrachinus","alternans",,"Brachinus alternans","Dejean","species",,"F",,"Erwin, T. L. 1970a. A Reclassification of Bombardier Beetles and a Taxonomic Revision of the North and Middle American Species (Carabidae: Brachinida). Quaestiones Entomologicae 6:4-215.","Kipling Will","Essig Museum of Entomology",,"No known compromise","N",,
"788e43e3-081a-4cda-a3f6-a5954c40d529","DELA_008.basePlot.bet","D08","DELA","DELA_008","2015-08-05","2015-08-19","2017-01-15","NEON.BET.D08.000420","BRAALT","Animalia","Arthropoda","Insecta","Coleoptera","Carabidae","Brachininae","Brachinini","Brachinus","Neobrachinus","alternans",,"Brachinus alternans","Dejean","species",,"F",,"Erwin, T. L. 1970a. A Reclassification of Bombardier Beetles and a Taxonomic Revision of the North and Middle American Species (Carabidae: Brachinida). Quaestiones Entomologicae 6:4-215.","Kipling Will","Essig Museum of Entomology",,"No known compromise","N",,
"08e332e8-c595-46d0-85ae-4e148f438f8d","DELA_007.basePlot.bet","D08","DELA","DELA_007","2015-08-05","2015-08-19","2017-01-15","NEON.BET.D08.000434","LOPHAL","Animalia","Arthropoda","Insecta","Coleoptera","Carabidae","Harpalinae","Pterostichini","Lophoglossus",,"haldemanni",,"Lophoglossus haldemanni","LeConte","species",,"M",,"Will, K. W. 1999. Systematics and zoogeography of the genus Lophoglossus Leconte (Coleoptera Carabidae Pterostichini). Pages 259-276 in A. Zamotajlov and R. Sciaky, editors. Advances in Carabidology. MUISO Publishers.","Kipling Will","Essig Museum of Entomology",,"No known compromise","N",,
"d048fd2a-ec47-4ded-9a23-d9528e93eb03","DELA_007.basePlot.bet","D08","DELA","DELA_007","2015-08-05","2015-08-19","2017-01-15","NEON.BET.D08.000438","BRAALT","Animalia","Arthropoda","Insecta","Coleoptera","Carabidae","Brachininae","Brachinini","Brachinus","Neobrachinus","alternans",,"Brachinus alternans","Dejean","species",,"F",,"Erwin, T. L. 1970a. A Reclassification of Bombardier Beetles and a Taxonomic Revision of the North and Middle American Species (Carabidae: Brachinida). Quaestiones Entomologicae 6:4-215.","Kipling Will","Essig Museum of Entomology",,"No known compromise","N",,
"a8e2a7fb-0409-47ba-ad24-4570111af23e","DELA_008.basePlot.bet","D08","DELA","DELA_008","2015-08-05","2015-08-19","2017-01-15","NEON.BET.D08.000417","BRAALT","Animalia","Arthropoda","Insecta","Coleoptera","Carabidae","Brachininae","Brachinini","Brachinus","Neobrachinus","alternans",,"Brachinus alternans","Dejean","species",,"F",,"Erwin, T. L. 1970a. A Reclassification of Bombardier Beetles and a Taxonomic Revision of the North and Middle American Species (Carabidae: Brachinida). Quaestiones Entomologicae 6:4-215.","Kipling Will","Essig Museum of Entomology",,"No known compromise","N",,
"15cb9b60-6ca7-4347-8769-66ab3cb14ebc","DELA_008.basePlot.bet","D08","DELA","DELA_008","2015-08-05","2015-08-19","2017-01-15","NEON.BET.D08.000416","BRAALT","Animalia","Arthropoda","Insecta","Coleoptera","Carabidae","Brachininae","Brachinini","Brachinus","Neobrachinus","alternans",,"Brachinus alternans","Dejean","species",,"F",,"Erwin, T. L. 1970a. A Reclassification of Bombardier Beetles and a Taxonomic Revision of the North and Middle American Species (Carabidae: Brachinida). Quaestiones Entomologicae 6:4-215.","Kipling Will","Essig Museum of Entomology",,"No known compromise","N",,
"e9b9eedd-d8dc-41eb-a187-ad82273a559b","DELA_008.basePlot.bet","D08","DELA","DELA_008","2015-08-05","2015-08-19","2017-01-15","NEON.BET.D08.000415","BRAALT","Animalia","Arthropoda","Insecta","Coleoptera","Carabidae","Brachininae","Brachinini","Brachinus","Neobrachinus","alternans",,"Brachinus alternans","Dejean","species",,"F",,"Erwin, T. L. 1970a. A Reclassification of Bombardier Beetles and a Taxonomic Revision of the North and Middle American Species (Carabidae: Brachinida). Quaestiones Entomologicae 6:4-215.","Kipling Will","Essig Museum of Entomology",,"No known compromise","N",,
"3ff677ad-b0b2-4431-9dd9-fc9545e550c5","DELA_008.basePlot.bet","D08","DELA","DELA_008","2015-08-05","2015-08-19","2017-01-15","NEON.BET.D08.000418","BRAALT","Animalia","Arthropoda","Insecta","Coleoptera","Carabidae","Brachininae","Brachinini","Brachinus","Neobrachinus","alternans",,"Brachinus alternans","Dejean","species",,"F",,"Erwin, T. L. 1970a. A Reclassification of Bombardier Beetles and a Taxonomic Revision of the North and Middle American Species (Carabidae: Brachinida). Quaestiones Entomologicae 6:4-215.","Kipling Will","Essig Museum of Entomology",,"No known compromise","N",,
"034936b2-a944-4ef1-96b3-890edfd8989e","DELA_008.basePlot.bet","D08","DELA","DELA_008","2015-08-05","2015-08-19","2017-01-15","NEON.BET.D08.000419","BRAALT","Animalia","Arthropoda","Insecta","Coleoptera","Carabidae","Brachininae","Brachinini","Brachinus","Neobrachinus","alternans",,"Brachinus alternans","Dejean","species",,"F",,"Erwin, T. L. 1970a. A Reclassification of Bombardier Beetles and a Taxonomic Revision of the North and Middle American Species (Carabidae: Brachinida). Quaestiones Entomologicae 6:4-215.","Kipling Will","Essig Museum of Entomology",,"No known compromise","N",,
"a8fa4d67-da08-4a0e-b4df-809828c7609d","DELA_008.basePlot.bet","D08","DELA","DELA_008","2015-08-05","2015-08-19","2017-01-15","NEON.BET.D08.000424","BRAALT","Animalia","Arthropoda","Insecta","Coleoptera","Carabidae","Brachininae","Brachinini","Brachinus","Neobrachinus","alternans",,"Brachinus alternans","Dejean","species",,"F",,"Erwin, T. L. 1970a. A Reclassification of Bombardier Beetles and a Taxonomic Revision of the North and Middle American Species (Carabidae: Brachinida). Quaestiones Entomologicae 6:4-215.","Kipling Will","Essig Museum of Entomology",,"No known compromise","N",,
"a9a2feef-298c-44d9-bd2b-267387affe6d","DELA_008.basePlot.bet","D08","DELA","DELA_008","2015-08-05","2015-08-19","2017-01-15","NEON.BET.D08.000423","BRAALT","Animalia","Arthropoda","Insecta","Coleoptera","Carabidae","Brachininae","Brachinini","Brachinus","Neobrachinus","alternans",,"Brachinus alternans","Dejean","species",,"F",,"Erwin, T. L. 1970a. A Reclassification of Bombardier Beetles and a Taxonomic Revision of the North and Middle American Species (Carabidae: Brachinida). Quaestiones Entomologicae 6:4-215.","Kipling Will","Essig Museum of Entomology",,"No known compromise","N",,
"f41e86e9-c367-4a90-b480-1cd0d400d3c7","DELA_008.basePlot.bet","D08","DELA","DELA_008","2015-08-05","2015-08-19","2017-01-15","NEON.BET.D08.000421","BRAALT","Animalia","Arthropoda","Insecta","Coleoptera","Carabidae","Brachininae","Brachinini","Brachinus","Neobrachinus","alternans",,"Brachinus alternans","Dejean","species",,"F",,"Erwin, T. L. 1970a. A Reclassification of Bombardier Beetles and a Taxonomic Revision of the North and Middle American Species (Carabidae: Brachinida). Quaestiones Entomologicae 6:4-215.","Kipling Will","Essig Museum of Entomology",,"No known compromise","N",,
"deceaeee-65d7-4416-b746-0280ff941eaf","DELA_008.basePlot.bet","D08","DELA","DELA_008","2015-08-05","2015-08-19","2017-01-15","NEON.BET.D08.000425","CHLERY","Animalia","Arthropoda","Insecta","Coleoptera","Carabidae","Harpalinae","Chlaeniini","Chlaenius","Chlaenius","erythropus",,"Chlaenius erythropus","Germar","species",,"M",,"Bell, R. T. 1960. A Revision of the Genus Chlaenius Bonelli (Coleoptera, Carabidae) in North America. Miscellaneous Publications of the Entomological Society of America 1:98-166.","Kipling Will","Essig Museum of Entomology",,"No known compromise","N",,
"e22d314d-41d3-4f07-b0ff-4bb70700b821","DELA_008.basePlot.bet","D08","DELA","DELA_008","2015-08-05","2015-08-19","2017-01-15","NEON.BET.D08.000430","LOXVUL","Animalia","Arthropoda","Insecta","Coleoptera","Carabidae","Harpalinae","Abacetini","Loxandrus",,"vulneratus",,"Loxandrus vulneratus","Casey","species",,"M",,"Allen, R. T. 1972. A revision of the genus Loxandrus Leconte (Coleoptera: Carabidae) in North America. Entomologica Americana 46:1-184.","Kipling Will","Essig Museum of Entomology",,"No known compromise","N",,
"3a27c28c-c45a-4fd1-ada2-7ea50d4340bf","DELA_008.basePlot.bet","D08","DELA","DELA_008","2015-08-05","2015-08-19","2017-01-15","NEON.BET.D08.000422","BRAALT","Animalia","Arthropoda","Insecta","Coleoptera","Carabidae","Brachininae","Brachinini","Brachinus","Neobrachinus","alternans",,"Brachinus alternans","Dejean","species",,"M",,"Erwin, T. L. 1970a. A Reclassification of Bombardier Beetles and a Taxonomic Revision of the North and Middle American Species (Carabidae: Brachinida). Quaestiones Entomologicae 6:4-215.","Kipling Will","Essig Museum of Entomology",,"No known compromise","N",,
