uid,namedLocation,domainID,siteID,plotID,setDate,collectDate,processingDate,subsampleIDList,archiveVialID,scientificName,recordedBy,remarks
"cefee1ff-5643-4071-afdf-66412912b78c","OAES_002.basePlot.bet","D11","OAES","OAES_002","2016-03-23","2016-04-06","2016-04-13","DJFzCWJFd2iSevO/meRohGeL4GLLbb8J9b9Msv/U86rhSkxx4VFQO40oLbnol25c2N2kvDLYnooSOOWICfS4EOQ0HnbDolRjOvs93Ns2wbA33+w5SGVynCOKrJGaTyOsrdgbTwgzLIM=","DJFzCWJFd2gFw2oZe/EVS32YBfpfU02p",,,
"15ee0f47-5539-412b-9a1f-6bac82ba4ea1","OAES_008.basePlot.bet","D11","OAES","OAES_008","2016-03-23","2016-04-06","2016-04-18","BL2EGNvUCCNTbs9VJ5aPYDPKo26iCGSHY7FZ82dRRnVa9gR6hZIRnrCFvHHV3XtuZpPHH91rwX1i9wc56z/YiN9ohXkpRevdpu7hgvA44RCzXwHy9X7JdYHQV8tSrHHgPY5MoOwbh6k=","BL2EGNvUCCNkMRCv/Qzq9pLV4jNeS0/A",,,
"b398f7ac-14bf-4f65-83bc-885d76a01d7f","OAES_009.basePlot.bet","D11","OAES","OAES_009","2016-03-23","2016-04-06","2016-04-19","e+s5q3w8y7PN+qbvtN42e7b7e+YtZW0nGIwKvtfYXSlNgORh7FDICsf43NtTzmmyZpYm1IK0p13YtfG4dsvRhPnp/HKndD521wcoy8iEtRrlGTeJ9Plj37Z5e3zyKjy+GQ1mBKLLoR8=","e+s5q3w8y7OFALE0PhyxEr9JabNNEsS9",,,
"95811efd-6153-4377-a240-e110fb25a9de","OAES_021.basePlot.bet","D11","OAES","OAES_021","2016-03-23","2016-04-06","2016-04-15","aFCS5Rk0SdYuubcqgs+e3T+/ScU5N23kUGp5idFqW4Ai+28X7SLU9D6IJCCHP58h7skCDX6Ic1pi11B9hzVaotcsLj4gZ96DoGqrkBgcIHA7ydalHlDeqMIS8lfxiwBjEFFPeU7hLmg=","aFCS5Rk0SdbWxcPodgNSseZ9iEIvofaU",,,
"e13aa381-4511-42e3-8f46-9b61385cf324","OAES_007.basePlot.bet","D11","OAES","OAES_007","2016-03-23","2016-04-06","2016-04-26","rDfCr2OaAq2BMhkpO4K1gsUiTXSOuTAQBOH6siPtK6jsOmjkE90LE6T7yNdGZSsFemMZX5y2D25BgBr9r3gq4q7vGwNyEK1Qp4rI0YE7aR7AlkpJX6544S8klvVdKzxl1IBiDgR/R1Y=","rDfCr2OaAq2DB0oofcboY3/gpzLjolQn",,,
"b3a1bcb0-2a57-4433-a3e6-53dbd53d086e","OAES_005.basePlot.bet","D11","OAES","OAES_005","2016-03-23","2016-04-06","2016-04-20","oszmWJzaoIt396d4IVDzWtnA1tPcCH2bn78KeAdHZT4a3a8T7A491q4meLZDSQRgxq2gY03jIrZjiAzM33Otf0iAKiZiV1JrYiv6itYRU97mvin1JEx8j8/MqbXmqN3O86NQAQgf7Qc=","oszmWJzaoItM3waenonFZDuOLrSmv8JJ",,,
"275f18c8-a777-48fc-9dc2-2d651de97d68","OAES_006.basePlot.bet","D11","OAES","OAES_006","2016-03-23","2016-04-06","2016-04-15","mt2fHmHLlFn5mehSrvvLXxf5zraHxRGMrz8GDRIiB03ewwUg4Lnuz7rutwpgaU21d4t2vfDWPjAXEIzkZlM0icmAoS9Rdvoc+BpTm2udf826O2Ka2qOCDmlFuEvVc896X8SYiBhseZk=","mt2fHmHLlFl+JUqcSBC45Bi1CLfDExUi",,,
"223fa973-ea05-4075-a7d4-e6809004d30c","OAES_003.basePlot.bet","D11","OAES","OAES_003","2016-03-23","2016-04-06","2016-04-12","JY1K16SHr/wwzXI4Kc9m9ocaepkYu4chjSgAS3o/mX0lG5VPlypshGqsCuYi0Mz2XeHcyy5kQFhS68bIT3ahzw5WU/fXjdSnobSDT00fmcU9BvxwObGW/BMRLewlt3ceRi4g1jE17Xo=","JY1K16SHr/wOi+8tpvOjyM46ntFSbwgE",,,
"29906343-3055-4573-ac44-db4b3d8230c9","OAES_004.basePlot.bet","D11","OAES","OAES_004","2016-03-23","2016-04-06","2016-04-07","FpFkKsaMuABBRBI9i6UpIplw6HDMfsVM5jK8M/SZQS3JxVvAC8jxOHzLDdcHp7ki2uw1JYu2acgUYMKDN/b5IRNU3LFt3jty5PabM+iZJUu8Hr8+LQDxmWzLXARXNOYKm24PU6VkZDw=","FpFkKsaMuACenhpB8PJB1KD4zNLC8/1U",,,
"9aa595d3-bd82-44d3-8aaa-9dd6b4e1cf77","OAES_001.basePlot.bet","D11","OAES","OAES_001","2016-03-23","2016-04-06","2016-04-13","Yz+fJngcyZ8dsxE7am8L8O39iqVzgySWn8DrUjhO446SiBWs3yZeka0lTsiC7SSBzoMi8b6hXnFJ4gEJUNI5QWCYwSgtA1KghsUbL3+bArgHJZTTZ2/jv8Rv/Ro1gxAr8YfLebHoTHM=","Yz+fJngcyZ+jlqcz4KVqkBZcvnFBPtQS",,,
"be300c3d-45ed-4a42-9500-00e6a0a8e06e","OAES_009.basePlot.bet","D11","OAES","OAES_009","2016-04-06","2016-04-20","2016-05-25","e+s5q3w8y7PN+qbvtN42e2otKUxNHeXWqIWQD5HDS99/xQKEvxaE1nGypC8q0+cIu4rHDeC2Ba08PMfc1b2vUMXzJAneO5TeTMFOMJYasfOCLd6UNK4s+AG78J/b97URbQO2S069a5A=","e+s5q3w8y7MVQoZeMxzbsHHDU2l0FCz8",,,
"471759a2-bcd7-40dd-804e-0c2dd6036e82","OAES_008.basePlot.bet","D11","OAES","OAES_008","2016-04-06","2016-04-20","2016-05-03","BL2EGNvUCCOGbkIBeO4QqtOGkFgihz1GXBM6AogtthrNqIgF3WRQXvOUhdGfBwYwy/l4x0FDvhX3SyrNpQilXK2GYvCV11Y1gXi/MejYEGQtAq+zwbYa2TxkNrgO96n064e5f9bfoPw=","BL2EGNvUCCP9ObAwKGj78vRppyq2AlyC",,,
"e7ad642d-3b07-4612-b4c0-8983ae72360d","OAES_007.basePlot.bet","D11","OAES","OAES_007","2016-04-06","2016-04-20","2016-05-25","rDfCr2OaAq3qSFD69Ii1BvR7cc7mYENfQs12MP0mXU19SxdyuvFImiM3TOIAoJCBTuWIJ1KvclGfrFi2RB7opGqXGNYOKvJ1ZhFv8gu4JLH1gxeD9hvKdLbJUYZTtxQ3MvpFK/X/TOA=","rDfCr2OaAq2wfKdH5LWZvG5ZmsAltsxe",,,
"8f5ec4a0-b7bd-49e6-a6d6-d2a215c7349e","OAES_005.basePlot.bet","D11","OAES","OAES_005","2016-04-06","2016-04-20","2016-04-28","oszmWJzaoIt396d4IVDzWlC8xVvWk6Q2VNLk3LB3tKUQ7SRirouRknt4RQw8JZVqn6/JDdEk/WjDYlgZcCSoquFfdeOq0X5sM8uN/RNKV/labO0324Dsn/v9sVcIMDHOxUVbr99ju3w=","oszmWJzaoIsXWKSAEP6HC+zGUQlxQPSZ",,,
"3698bf4c-fd8d-4443-b89b-30b88410ff8e","OAES_021.basePlot.bet","D11","OAES","OAES_021","2016-04-06","2016-04-20","2016-05-04","aFCS5Rk0SdbvOfIknN7N7QmVPnEbd4HehODTEbv8tcqr1mL6HkUTLOQwFqBgG5tuMAsrNXVvNN29eyWS9iYWdcniWfNQ3/p/1+NNH9x4nfplmoURUrWfjA5HN11Q37iM2H1N281bqoE=","aFCS5Rk0Sdb2V1JmoLo+LfQfAWM0havu",,,
"b4175563-7a75-4296-897f-9bfa27cf7f5c","OAES_003.basePlot.bet","D11","OAES","OAES_003","2016-04-06","2016-04-20","2016-05-02","JY1K16SHr/zFCROvTgQFDJwMeZ92hJQqwK3V7SxrLi8XcZOb97SDDaQgIePRSeql5xPTaFk7ctecYULx36X93bJXiFBbwqw/D8DZKzcBAdQ=","JY1K16SHr/wE328l13krJGCfc5VNVbAn",,,
"e17de856-550e-41dc-8a74-de7adcd22cce","OAES_004.basePlot.bet","D11","OAES","OAES_004","2016-04-06","2016-04-20","2016-04-26","FpFkKsaMuACrKLsCOLXUWvyft+J3Qh6TXrf+B9u8Dn4bXKhCnzfxdQMEHONmDCHOhW+INjEqWoE8BewlWmQaJA2FVqbosfgO/CBaGQvG6lG1eOk/MaZ/6IS/Gcy1xEqQKYAewci7Mak=","FpFkKsaMuACA4QeYIhz+MUfwMgLOZT8p",,,
"a2080549-8e66-4e44-a35b-c5d69c560152","OAES_002.basePlot.bet","D11","OAES","OAES_002","2016-04-06","2016-04-20","2016-05-02","DJFzCWJFd2g5viT0ZWidngHFObSkMhkQIRd+Hsttpzu2DyeaLxTVJ4JB/LYkudgkPCK+NZvMOcxhqIxtd7HZFFXofNJFic9GFAX4hK2Xs76bE8Jl2mPt5Li0p+gZSYf33lwGNfNQEno=","DJFzCWJFd2h70B6498eLq7TkvBNpI06I",,,
"b97085a2-5f24-4ea5-acfb-ead3853b37a3","OAES_001.basePlot.bet","D11","OAES","OAES_001","2016-04-06","2016-04-20","2016-04-26","Yz+fJngcyZ8dsxE7am8L8OzNjKFjtQ68it0GmV2Hlm2xjoNjIRCXhHCAmYPEO5XUPIHcOdFu8M9MRoUvBOXm/4jyyXgO34T6polKffT8JVh1obcs5YBue2IXMTmEywvOKOZSYLp5veA=","Yz+fJngcyZ+96dw/RI8Ra2yME6Oc3XwX",,,
"48f9dea2-6c62-490b-ac5e-56542446ffa4","OAES_006.basePlot.bet","D11","OAES","OAES_006","2016-04-06","2016-04-20","2016-05-24","mt2fHmHLlFkPrVrIXy3OcrjJS7UHYx/DyWwFXe32ZpOuXDzw+BKMqerCxbSO1G3IY7AAD9NLTOEusPNDRE0hZjxLUjCCp5+KNKfvXnPC2s4WxVzkgpYoPhpgAerQbKA1l304VwlBzK0=","mt2fHmHLlFmeIpvgalTZi4YnuESvN045",,,
