uid,namedLocation,domainID,siteID,plotID,trapID,plotType,nlcdClass,decimalLatitude,decimalLongitude,geodeticDatum,coordinateUncertainty,elevation,elevationUncertainty,setDate,collectDate,eventID,daysOfTrapping,sampleCollected,sampleID,cupStatus,lidStatus,fluidLevel,samplingProtocolVersion,recordedBy,remarks
"48b850db-171f-4b80-b467-c4259825a754","OAES_004.basePlot.bet","D11","OAES","OAES_004","S","distributed","grasslandHerbaceous",35.412130,-99.085338,"WGS84",20.1,507.5,0.1,"2016-03-23","2016-04-06","OAES.2016.14",14,"Y","OAES_004.S.20160406","Ok","Ok","Low","NEON.DOC.014050vH","won/tyUsFjCjTGqHBmGD3e54PFu+l8CW","South reset at 250ml"
"3d4ce189-dafd-41ba-a4d0-f70ff1271f79","OAES_007.basePlot.bet","D11","OAES","OAES_007","S","distributed","shrubScrub",35.419991,-99.057264,"WGS84",20.2,519.4,0.5,"2016-03-23","2016-04-06","OAES.2016.14",14,"Y","OAES_007.S.20160406","Ok","Ok","Low","NEON.DOC.014050vH","K015xPfLfah4eO1uZLmE3FLLe6b3pcen",
"11530763-ed9e-44cd-b16a-41947baf149a","OAES_006.basePlot.bet","D11","OAES","OAES_006","S","distributed","grasslandHerbaceous",35.420259,-99.048669,"WGS84",20.1,516.4,0.2,"2016-03-23","2016-04-06","OAES.2016.14",14,"Y","OAES_006.S.20160406","Ok","Ok","Ok","NEON.DOC.014050vH","K015xPfLfah4eO1uZLmE3FLLe6b3pcen",
"3c91a7fb-6aa7-4173-81a6-7179993cc53d","OAES_009.basePlot.bet","D11","OAES","OAES_009","S","distributed","shrubScrub",35.420795,-99.050317,"WGS84",20.1,515.5,0.1,"2016-03-23","2016-04-06","OAES.2016.14",14,"Y","OAES_009.S.20160406","Ok","Ok","Low","NEON.DOC.014050vH","K015xPfLfah4eO1uZLmE3FLLe6b3pcen",
"bf5924b1-b4e7-409b-aa2e-0d5c1813c126","OAES_001.basePlot.bet","D11","OAES","OAES_001","S","distributed","grasslandHerbaceous",35.412699,-99.058259,"WGS84",20.1,515.1,0.1,"2016-03-23","2016-04-06","OAES.2016.14",14,"Y","OAES_001.S.20160406","Ok","Ok","Low","NEON.DOC.014050vH","K015xPfLfah4eO1uZLmE3FLLe6b3pcen",
"2b0ac5cd-c85a-46f8-92b5-e51da7c51b50","OAES_002.basePlot.bet","D11","OAES","OAES_002","S","distributed","grasslandHerbaceous",35.419716,-99.052304,"WGS84",20.1,521.6,0.1,"2016-03-23","2016-04-06","OAES.2016.14",14,"Y","OAES_002.S.20160406","Ok","Ok","Low","NEON.DOC.014050vH","K015xPfLfah4eO1uZLmE3FLLe6b3pcen",
"e9b9fe7e-c385-48ed-a0e7-7c6ddac44e2a","OAES_006.basePlot.bet","D11","OAES","OAES_006","W","distributed","grasslandHerbaceous",35.420259,-99.048669,"WGS84",20.1,516.4,0.2,"2016-03-23","2016-04-06","OAES.2016.14",14,"Y","OAES_006.W.20160406","Ok","Ok","Low","NEON.DOC.014050vH","K015xPfLfah4eO1uZLmE3FLLe6b3pcen",
"c814e596-2228-4ec3-81b0-9afceacd4926","OAES_008.basePlot.bet","D11","OAES","OAES_008","W","distributed","grasslandHerbaceous",35.395379,-99.063188,"WGS84",20.1,493.6,0.1,"2016-03-23","2016-04-06","OAES.2016.14",14,"Y","OAES_008.W.20160406","Ok","Ok","Low","NEON.DOC.014050vH","won/tyUsFjCjTGqHBmGD3e54PFu+l8CW","W reset to 250ml"
"39660eb2-f5af-45bb-9e67-e639fbf05e5c","OAES_002.basePlot.bet","D11","OAES","OAES_002","W","distributed","grasslandHerbaceous",35.419716,-99.052304,"WGS84",20.1,521.6,0.1,"2016-03-23","2016-04-06","OAES.2016.14",14,"Y","OAES_002.W.20160406","Ok","Ok","Low","NEON.DOC.014050vH","K015xPfLfah4eO1uZLmE3FLLe6b3pcen",
"19bf7712-ef49-41f7-8174-39f1cd09b02f","OAES_003.basePlot.bet","D11","OAES","OAES_003","W","distributed","grasslandHerbaceous",35.412139,-99.069792,"WGS84",20.1,510.5,0.1,"2016-03-23","2016-04-06","OAES.2016.14",14,"Y","OAES_003.W.20160406","Ok","Ok","Low","NEON.DOC.014050vH","won/tyUsFjCjTGqHBmGD3e54PFu+l8CW","W reset at 250ml"
"4d65259c-7a27-4dc9-aa3f-ab028c52d187","OAES_004.basePlot.bet","D11","OAES","OAES_004","W","distributed","grasslandHerbaceous",35.412130,-99.085338,"WGS84",20.1,507.5,0.1,"2016-03-23","2016-04-06","OAES.2016.14",14,"Y","OAES_004.W.20160406","Ok","Ok","Ok","NEON.DOC.014050vH","won/tyUsFjCjTGqHBmGD3e54PFu+l8CW",
"c2ff0d3b-6897-4c32-800d-a68c02f5b31f","OAES_007.basePlot.bet","D11","OAES","OAES_007","W","distributed","shrubScrub",35.419991,-99.057264,"WGS84",20.2,519.4,0.5,"2016-03-23","2016-04-06","OAES.2016.14",14,"Y","OAES_007.W.20160406","Ok","Ok","Ok","NEON.DOC.014050vH","K015xPfLfah4eO1uZLmE3FLLe6b3pcen",
"9b08ebab-8d2b-4ec0-9056-9e4131f76d29","OAES_009.basePlot.bet","D11","OAES","OAES_009","W","distributed","shrubScrub",35.420795,-99.050317,"WGS84",20.1,515.5,0.1,"2016-03-23","2016-04-06","OAES.2016.14",14,"Y","OAES_009.W.20160406","Ok","Ok","Low","NEON.DOC.014050vH","K015xPfLfah4eO1uZLmE3FLLe6b3pcen",
"f85f4da7-3cc4-4a8f-b15e-48be45c90e8f","OAES_001.basePlot.bet","D11","OAES","OAES_001","W","distributed","grasslandHerbaceous",35.412699,-99.058259,"WGS84",20.1,515.1,0.1,"2016-03-23","2016-04-06","OAES.2016.14",14,"Y","OAES_001.W.20160406","Ok","Ok","Low","NEON.DOC.014050vH","K015xPfLfah4eO1uZLmE3FLLe6b3pcen",
"11488870-07db-4112-bcc7-8a1241be79b1","OAES_021.basePlot.bet","D11","OAES","OAES_021","W","distributed","shrubScrub",35.411869,-99.074095,"WGS84",20.1,503.7,0.1,"2016-03-23","2016-04-06","OAES.2016.14",14,"Y","OAES_021.W.20160406","Ok","Ok","Ok","NEON.DOC.014050vH","won/tyUsFjCjTGqHBmGD3e54PFu+l8CW",
"bfe6d109-e857-488c-acfd-3a471dfae3e6","OAES_005.basePlot.bet","D11","OAES","OAES_005","W","distributed","grasslandHerbaceous",35.404299,-99.080041,"WGS84",20.1,511.9,0.1,"2016-03-23","2016-04-06","OAES.2016.14",14,"Y","OAES_005.W.20160406","Ok","Ok","Ok","NEON.DOC.014050vH","won/tyUsFjCjTGqHBmGD3e54PFu+l8CW",
"af363315-e157-47cc-970c-e1b0655fe642","OAES_007.basePlot.bet","D11","OAES","OAES_007","E","distributed","shrubScrub",35.419991,-99.057264,"WGS84",20.2,519.4,0.5,"2016-03-23","2016-04-06","OAES.2016.14",14,"Y","OAES_007.E.20160406","Ok","Ok","Low","NEON.DOC.014050vH","K015xPfLfah4eO1uZLmE3FLLe6b3pcen",
"a558e2a3-4c50-4aa9-9b23-51e49318a7fb","OAES_003.basePlot.bet","D11","OAES","OAES_003","E","distributed","grasslandHerbaceous",35.412139,-99.069792,"WGS84",20.1,510.5,0.1,"2016-03-23","2016-04-06","OAES.2016.14",14,"Y","OAES_003.E.20160406","Ok","Ok","Low","NEON.DOC.014050vH","won/tyUsFjCjTGqHBmGD3e54PFu+l8CW","E reset at 250ml"
"a4a8555f-9883-4186-9b97-73b2a859eff1","OAES_006.basePlot.bet","D11","OAES","OAES_006","E","distributed","grasslandHerbaceous",35.420259,-99.048669,"WGS84",20.1,516.4,0.2,"2016-03-23","2016-04-06","OAES.2016.14",14,"Y","OAES_006.E.20160406","Ok","Ok","Ok","NEON.DOC.014050vH","K015xPfLfah4eO1uZLmE3FLLe6b3pcen",
"85677383-a687-446b-a944-51ed2907c283","OAES_001.basePlot.bet","D11","OAES","OAES_001","E","distributed","grasslandHerbaceous",35.412699,-99.058259,"WGS84",20.1,515.1,0.1,"2016-03-23","2016-04-06","OAES.2016.14",14,"Y","OAES_001.E.20160406","Ok","Ok","Low","NEON.DOC.014050vH","K015xPfLfah4eO1uZLmE3FLLe6b3pcen",
"67bf0b92-79b2-4b92-bae3-4ddf9290d50a","OAES_008.basePlot.bet","D11","OAES","OAES_008","E","distributed","grasslandHerbaceous",35.395379,-99.063188,"WGS84",20.1,493.6,0.1,"2016-03-23","2016-04-06","OAES.2016.14",14,"Y","OAES_008.E.20160406","Ok","Ok","Low","NEON.DOC.014050vH","won/tyUsFjCjTGqHBmGD3e54PFu+l8CW","E reset to 250"
"4adf0359-81f5-4eb7-bd37-4a5b775148f5","OAES_009.basePlot.bet","D11","OAES","OAES_009","E","distributed","shrubScrub",35.420795,-99.050317,"WGS84",20.1,515.5,0.1,"2016-03-23","2016-04-06","OAES.2016.14",14,"Y","OAES_009.E.20160406","Ok","Ok","Low","NEON.DOC.014050vH","K015xPfLfah4eO1uZLmE3FLLe6b3pcen",
"6f78f946-3b96-4f10-bbe5-5d6cf4ebf471","OAES_021.basePlot.bet","D11","OAES","OAES_021","E","distributed","shrubScrub",35.411869,-99.074095,"WGS84",20.1,503.7,0.1,"2016-03-23","2016-04-06","OAES.2016.14",14,"Y","OAES_021.E.20160406","Ok","Ok","Low","NEON.DOC.014050vH","won/tyUsFjCjTGqHBmGD3e54PFu+l8CW","E cup reset at 250ml"
"049e117c-3a81-4789-8eed-58d6c17d30ae","OAES_005.basePlot.bet","D11","OAES","OAES_005","E","distributed","grasslandHerbaceous",35.404299,-99.080041,"WGS84",20.1,511.9,0.1,"2016-03-23","2016-04-06","OAES.2016.14",14,"Y","OAES_005.E.20160406","Ok","Ok","Ok","NEON.DOC.014050vH","won/tyUsFjCjTGqHBmGD3e54PFu+l8CW",
"e5339b2c-8307-4cfa-bfb2-9396d88a26d7","OAES_002.basePlot.bet","D11","OAES","OAES_002","E","distributed","grasslandHerbaceous",35.419716,-99.052304,"WGS84",20.1,521.6,0.1,"2016-03-23","2016-04-06","OAES.2016.14",14,"Y","OAES_002.E.20160406","Ok","Ok","Low","NEON.DOC.014050vH","K015xPfLfah4eO1uZLmE3FLLe6b3pcen",
"92db5dbc-6711-4f65-827e-7aac91aa7219","OAES_004.basePlot.bet","D11","OAES","OAES_004","E","distributed","grasslandHerbaceous",35.412130,-99.085338,"WGS84",20.1,507.5,0.1,"2016-03-23","2016-04-06","OAES.2016.14",14,"Y","OAES_004.E.20160406","Ok","Ok","Ok","NEON.DOC.014050vH","won/tyUsFjCjTGqHBmGD3e54PFu+l8CW",
"86cd3873-26b3-4ecb-b6a0-e8c5266c6d48","OAES_002.basePlot.bet","D11","OAES","OAES_002","N","distributed","grasslandHerbaceous",35.419716,-99.052304,"WGS84",20.1,521.6,0.1,"2016-03-23","2016-04-06","OAES.2016.14",14,"Y","OAES_002.N.20160406","Ok","Ok","Low","NEON.DOC.014050vH","K015xPfLfah4eO1uZLmE3FLLe6b3pcen",
"30f1cc71-6451-4ea0-b85b-227f4ad02581","OAES_003.basePlot.bet","D11","OAES","OAES_003","N","distributed","grasslandHerbaceous",35.412139,-99.069792,"WGS84",20.1,510.5,0.1,"2016-03-23","2016-04-06","OAES.2016.14",14,"Y","OAES_003.N.20160406","Ok","Ok","Low","NEON.DOC.014050vH","won/tyUsFjCjTGqHBmGD3e54PFu+l8CW","N reset at 250ml| N stakes not all the way flush due to rocks"
"7c24c69c-985a-4bdd-ad20-3712e846d86e","OAES_005.basePlot.bet","D11","OAES","OAES_005","N","distributed","grasslandHerbaceous",35.404299,-99.080041,"WGS84",20.1,511.9,0.1,"2016-03-23","2016-04-06","OAES.2016.14",14,"Y","OAES_005.N.20160406","Ok","Ok","Low","NEON.DOC.014050vH","won/tyUsFjCjTGqHBmGD3e54PFu+l8CW","N trap reset at 250ml"
"0bb24d6e-040a-4d5a-869d-741b1a25eeed","OAES_008.basePlot.bet","D11","OAES","OAES_008","N","distributed","grasslandHerbaceous",35.395379,-99.063188,"WGS84",20.1,493.6,0.1,"2016-03-23","2016-04-06","OAES.2016.14",14,"Y","OAES_008.N.20160406","Ok","Ok","Low","NEON.DOC.014050vH","won/tyUsFjCjTGqHBmGD3e54PFu+l8CW","N reset at 250"
"56ed9f31-096e-4e16-a8e1-af80cf7164d1","OAES_004.basePlot.bet","D11","OAES","OAES_004","N","distributed","grasslandHerbaceous",35.412130,-99.085338,"WGS84",20.1,507.5,0.1,"2016-03-23","2016-04-06","OAES.2016.14",14,"Y","OAES_004.N.20160406","Ok","Ok","Ok","NEON.DOC.014050vH","won/tyUsFjCjTGqHBmGD3e54PFu+l8CW",
"8acab90f-1fd4-4f02-965d-24fe0178919e","OAES_007.basePlot.bet","D11","OAES","OAES_007","N","distributed","shrubScrub",35.419991,-99.057264,"WGS84",20.2,519.4,0.5,"2016-03-23","2016-04-06","OAES.2016.14",14,"Y","OAES_007.N.20160406","Ok","Ok","Low","NEON.DOC.014050vH","K015xPfLfah4eO1uZLmE3FLLe6b3pcen",
"1ddc9b68-1757-4cee-85e0-ee714aacd12d","OAES_006.basePlot.bet","D11","OAES","OAES_006","N","distributed","grasslandHerbaceous",35.420259,-99.048669,"WGS84",20.1,516.4,0.2,"2016-03-23","2016-04-06","OAES.2016.14",14,"Y","OAES_006.N.20160406","Ok","Ok","Low","NEON.DOC.014050vH","K015xPfLfah4eO1uZLmE3FLLe6b3pcen",
"afb652f0-c8cd-4aa7-893f-ea6da5632113","OAES_009.basePlot.bet","D11","OAES","OAES_009","N","distributed","shrubScrub",35.420795,-99.050317,"WGS84",20.1,515.5,0.1,"2016-03-23","2016-04-06","OAES.2016.14",14,"Y","OAES_009.N.20160406","Ok","Ok","Low","NEON.DOC.014050vH","K015xPfLfah4eO1uZLmE3FLLe6b3pcen",
"b149569e-96d5-43f5-9621-b23aa787707a","OAES_021.basePlot.bet","D11","OAES","OAES_021","N","distributed","shrubScrub",35.411869,-99.074095,"WGS84",20.1,503.7,0.1,"2016-03-23","2016-04-06","OAES.2016.14",14,"Y","OAES_021.N.20160406","Ok","Ok","Low","NEON.DOC.014050vH","won/tyUsFjCjTGqHBmGD3e54PFu+l8CW","North reset at 250ml"
"2eb544d7-046c-48e0-9303-c959d6f1b6cb","OAES_001.basePlot.bet","D11","OAES","OAES_001","N","distributed","grasslandHerbaceous",35.412699,-99.058259,"WGS84",20.1,515.1,0.1,"2016-03-23","2016-04-06","OAES.2016.14",14,"Y","OAES_001.N.20160406","Ok","Ok","Low","NEON.DOC.014050vH","K015xPfLfah4eO1uZLmE3FLLe6b3pcen",
"531bf399-beae-48b0-babf-9efcf7dc662b","OAES_021.basePlot.bet","D11","OAES","OAES_021","S","distributed","shrubScrub",35.411869,-99.074095,"WGS84",20.1,503.7,0.1,"2016-03-23","2016-04-06","OAES.2016.14",14,"Y","OAES_021.S.20160406","Ok","Ok","Low","NEON.DOC.014050vH","won/tyUsFjCjTGqHBmGD3e54PFu+l8CW","South reset at 250ml| stakes unable to be flush down due to rocky soil"
"30b540b2-6395-48f7-9bad-fc30721c3e07","OAES_005.basePlot.bet","D11","OAES","OAES_005","S","distributed","grasslandHerbaceous",35.404299,-99.080041,"WGS84",20.1,511.9,0.1,"2016-03-23","2016-04-06","OAES.2016.14",14,"Y","OAES_005.S.20160406","Ok","Ok","Ok","NEON.DOC.014050vH","won/tyUsFjCjTGqHBmGD3e54PFu+l8CW",
"938d4ef5-df75-4a3e-839c-606260a92902","OAES_003.basePlot.bet","D11","OAES","OAES_003","S","distributed","grasslandHerbaceous",35.412139,-99.069792,"WGS84",20.1,510.5,0.1,"2016-03-23","2016-04-06","OAES.2016.14",14,"Y","OAES_003.S.20160406","Ok","Ok","Low","NEON.DOC.014050vH","won/tyUsFjCjTGqHBmGD3e54PFu+l8CW","South reset at 250ml"
"fe5eafbf-509d-4642-8019-397a3d7fa3c8","OAES_008.basePlot.bet","D11","OAES","OAES_008","S","distributed","grasslandHerbaceous",35.395379,-99.063188,"WGS84",20.1,493.6,0.1,"2016-03-23","2016-04-06","OAES.2016.14",14,"Y","OAES_008.S.20160406","Ok","Ok","Low","NEON.DOC.014050vH","won/tyUsFjCjTGqHBmGD3e54PFu+l8CW","S reset to 250ml"
"f1510162-de0a-4fda-b06c-a2eb080485de","OAES_001.basePlot.bet","D11","OAES","OAES_001","E","distributed","grasslandHerbaceous",35.412699,-99.058259,"WGS84",20.1,515.1,0.1,"2016-04-06","2016-04-20","OAES.2016.16",14,"Y","OAES_001.E.20160420","Ok","Ok","Ok","NEON.DOC.014050vH","won/tyUsFjCjTGqHBmGD3e54PFu+l8CW",
"683efac2-1d1e-4bcf-91d9-7038b66f5253","OAES_007.basePlot.bet","D11","OAES","OAES_007","W","distributed","shrubScrub",35.419991,-99.057264,"WGS84",20.2,519.4,0.5,"2016-04-06","2016-04-20","OAES.2016.16",14,"Y","OAES_007.W.20160420","Ok","Ok","Ok","NEON.DOC.014050vH","nLY7eam4tn5KvmhUGKXYjL1ERBP4294P",
"20182aca-3087-42d7-aa15-2422848eb26f","OAES_009.basePlot.bet","D11","OAES","OAES_009","E","distributed","shrubScrub",35.420795,-99.050317,"WGS84",20.1,515.5,0.1,"2016-04-06","2016-04-20","OAES.2016.16",14,"Y","OAES_009.E.20160420","Ok","Ok","Ok","NEON.DOC.014050vH","nLY7eam4tn5KvmhUGKXYjL1ERBP4294P",
"912e6613-753c-4701-8eb3-6bdb71744049","OAES_006.basePlot.bet","D11","OAES","OAES_006","E","distributed","grasslandHerbaceous",35.420259,-99.048669,"WGS84",20.1,516.4,0.2,"2016-04-06","2016-04-20","OAES.2016.16",14,"Y","OAES_006.E.20160420","Ok","Ok","Ok","NEON.DOC.014050vH","nLY7eam4tn5KvmhUGKXYjL1ERBP4294P",
"0386e81c-8d19-465f-bf5c-a29372ea8b79","OAES_007.basePlot.bet","D11","OAES","OAES_007","E","distributed","shrubScrub",35.419991,-99.057264,"WGS84",20.2,519.4,0.5,"2016-04-06","2016-04-20","OAES.2016.16",14,"Y","OAES_007.E.20160420","Ok","Ok","Ok","NEON.DOC.014050vH","nLY7eam4tn5KvmhUGKXYjL1ERBP4294P",
"624d9229-2035-4089-bb03-c303e46c086c","OAES_008.basePlot.bet","D11","OAES","OAES_008","E","distributed","grasslandHerbaceous",35.395379,-99.063188,"WGS84",20.1,493.6,0.1,"2016-04-06","2016-04-20","OAES.2016.16",14,"Y","OAES_008.E.20160420","Ok","Ok","High","NEON.DOC.014050vH","nLY7eam4tn5KvmhUGKXYjL1ERBP4294P","Trap fluid at 250 ml"
"c8d706c2-1094-44b6-9ec6-b68873aa64cd","OAES_003.basePlot.bet","D11","OAES","OAES_003","E","distributed","grasslandHerbaceous",35.412139,-99.069792,"WGS84",20.1,510.5,0.1,"2016-04-06","2016-04-20","OAES.2016.16",14,"Y","OAES_003.E.20160420","Ok","Ok","Ok","NEON.DOC.014050vH","won/tyUsFjCjTGqHBmGD3e54PFu+l8CW",
"96dca87b-8a62-448f-82d1-e1a266a54f0c","OAES_004.basePlot.bet","D11","OAES","OAES_004","E","distributed","grasslandHerbaceous",35.412130,-99.085338,"WGS84",20.1,507.5,0.1,"2016-04-06","2016-04-20","OAES.2016.16",14,"Y","OAES_004.E.20160420","Ok","Ok","Ok","NEON.DOC.014050vH","won/tyUsFjCjTGqHBmGD3e54PFu+l8CW",
"bac6d755-8871-440d-aba9-f374979ea99f","OAES_005.basePlot.bet","D11","OAES","OAES_005","E","distributed","grasslandHerbaceous",35.404299,-99.080041,"WGS84",20.1,511.9,0.1,"2016-04-06","2016-04-20","OAES.2016.16",14,"Y","OAES_005.E.20160420","Ok","Ok","Ok","NEON.DOC.014050vH","won/tyUsFjCjTGqHBmGD3e54PFu+l8CW",
"6a5c6030-6a43-49b4-b5ea-347e4797ea09","OAES_002.basePlot.bet","D11","OAES","OAES_002","E","distributed","grasslandHerbaceous",35.419716,-99.052304,"WGS84",20.1,521.6,0.1,"2016-04-06","2016-04-20","OAES.2016.16",14,"Y","OAES_002.E.20160420","Ok","Ok","Ok","NEON.DOC.014050vH","nLY7eam4tn5KvmhUGKXYjL1ERBP4294P",
"345f5182-2f40-4517-9b9a-36916b20a16a","OAES_021.basePlot.bet","D11","OAES","OAES_021","N","distributed","shrubScrub",35.411869,-99.074095,"WGS84",20.1,503.7,0.1,"2016-04-06","2016-04-20","OAES.2016.16",14,"Y","OAES_021.N.20160420","Ok","Ok","Ok","NEON.DOC.014050vH","won/tyUsFjCjTGqHBmGD3e54PFu+l8CW",
"3fbfae6d-169d-4c07-81ce-d8caa182317f","OAES_009.basePlot.bet","D11","OAES","OAES_009","N","distributed","shrubScrub",35.420795,-99.050317,"WGS84",20.1,515.5,0.1,"2016-04-06","2016-04-20","OAES.2016.16",14,"Y","OAES_009.N.20160420","Ok","Ok","Ok","NEON.DOC.014050vH","nLY7eam4tn5KvmhUGKXYjL1ERBP4294P",
"4ba57c74-bc17-4e14-af9d-29a7bb5c2c94","OAES_007.basePlot.bet","D11","OAES","OAES_007","N","distributed","shrubScrub",35.419991,-99.057264,"WGS84",20.2,519.4,0.5,"2016-04-06","2016-04-20","OAES.2016.16",14,"Y","OAES_007.N.20160420","Ok","Ok","Ok","NEON.DOC.014050vH","nLY7eam4tn5KvmhUGKXYjL1ERBP4294P",
"9cc3326b-e38b-4c5b-941a-bb6ec5e94498","OAES_008.basePlot.bet","D11","OAES","OAES_008","N","distributed","grasslandHerbaceous",35.395379,-99.063188,"WGS84",20.1,493.6,0.1,"2016-04-06","2016-04-20","OAES.2016.16",14,"Y","OAES_008.N.20160420","Ok","Ok","High","NEON.DOC.014050vH","nLY7eam4tn5KvmhUGKXYjL1ERBP4294P","Trap fluid at 250 ml"
"9805a617-f222-4e37-a097-14f94df699eb","OAES_004.basePlot.bet","D11","OAES","OAES_004","N","distributed","grasslandHerbaceous",35.412130,-99.085338,"WGS84",20.1,507.5,0.1,"2016-04-06","2016-04-20","OAES.2016.16",14,"Y","OAES_004.N.20160420","Ok","Ok","Ok","NEON.DOC.014050vH","won/tyUsFjCjTGqHBmGD3e54PFu+l8CW",
"ff1b1652-14c9-4fc5-9ecd-36087597ec4e","OAES_005.basePlot.bet","D11","OAES","OAES_005","N","distributed","grasslandHerbaceous",35.404299,-99.080041,"WGS84",20.1,511.9,0.1,"2016-04-06","2016-04-20","OAES.2016.16",14,"Y","OAES_005.N.20160420","Ok","Ok","High","NEON.DOC.014050vH","won/tyUsFjCjTGqHBmGD3e54PFu+l8CW",
"957bca20-bafc-4562-981c-72e6cb7ee769","OAES_002.basePlot.bet","D11","OAES","OAES_002","N","distributed","grasslandHerbaceous",35.419716,-99.052304,"WGS84",20.1,521.6,0.1,"2016-04-06","2016-04-20","OAES.2016.16",14,"Y","OAES_002.N.20160420","Ok","Ok","Ok","NEON.DOC.014050vH","nLY7eam4tn5KvmhUGKXYjL1ERBP4294P",
"c17e96d4-2db3-41e5-98f5-d91368500340","OAES_001.basePlot.bet","D11","OAES","OAES_001","N","distributed","grasslandHerbaceous",35.412699,-99.058259,"WGS84",20.1,515.1,0.1,"2016-04-06","2016-04-20","OAES.2016.16",14,"Y","OAES_001.N.20160420","Ok","Ok","Ok","NEON.DOC.014050vH","won/tyUsFjCjTGqHBmGD3e54PFu+l8CW",
"2fba974c-126a-45ac-92b4-eb6385570781","OAES_003.basePlot.bet","D11","OAES","OAES_003","N","distributed","grasslandHerbaceous",35.412139,-99.069792,"WGS84",20.1,510.5,0.1,"2016-04-06","2016-04-20","OAES.2016.16",14,"Y","OAES_003.N.20160420","Disturbed","Disturbed","Low","NEON.DOC.014050vH","won/tyUsFjCjTGqHBmGD3e54PFu+l8CW",
"d3966805-35eb-473b-9db3-3556741105d6","OAES_006.basePlot.bet","D11","OAES","OAES_006","N","distributed","grasslandHerbaceous",35.420259,-99.048669,"WGS84",20.1,516.4,0.2,"2016-04-06","2016-04-20","OAES.2016.16",14,"Y","OAES_006.N.20160420","Ok","Ok","Ok","NEON.DOC.014050vH","nLY7eam4tn5KvmhUGKXYjL1ERBP4294P",
"177c9312-1de1-4717-8b15-c7456e4b6db3","OAES_007.basePlot.bet","D11","OAES","OAES_007","S","distributed","shrubScrub",35.419991,-99.057264,"WGS84",20.2,519.4,0.5,"2016-04-06","2016-04-20","OAES.2016.16",14,"Y","OAES_007.S.20160420","Ok","Ok","Ok","NEON.DOC.014050vH","nLY7eam4tn5KvmhUGKXYjL1ERBP4294P",
"934fbc3f-0b62-4ed6-8eb2-ba0e82bca568","OAES_006.basePlot.bet","D11","OAES","OAES_006","S","distributed","grasslandHerbaceous",35.420259,-99.048669,"WGS84",20.1,516.4,0.2,"2016-04-06","2016-04-20","OAES.2016.16",14,"Y","OAES_006.S.20160420","Ok","Ok","Ok","NEON.DOC.014050vH","nLY7eam4tn5KvmhUGKXYjL1ERBP4294P",
"79e58b41-8e2b-440e-8ed8-531a93e889fd","OAES_008.basePlot.bet","D11","OAES","OAES_008","S","distributed","grasslandHerbaceous",35.395379,-99.063188,"WGS84",20.1,493.6,0.1,"2016-04-06","2016-04-20","OAES.2016.16",14,"Y","OAES_008.S.20160420","Ok","Ok","High","NEON.DOC.014050vH","nLY7eam4tn5KvmhUGKXYjL1ERBP4294P","Trap fluid at 250 ml"
"9ced6b5b-20dc-47f5-bce0-bb230ff2bec6","OAES_004.basePlot.bet","D11","OAES","OAES_004","S","distributed","grasslandHerbaceous",35.412130,-99.085338,"WGS84",20.1,507.5,0.1,"2016-04-06","2016-04-20","OAES.2016.16",14,"Y","OAES_004.S.20160420","Ok","Ok","Ok","NEON.DOC.014050vH","won/tyUsFjCjTGqHBmGD3e54PFu+l8CW",
"327c91b0-96c3-49bd-9184-f0ce79e0516e","OAES_003.basePlot.bet","D11","OAES","OAES_003","S","distributed","grasslandHerbaceous",35.412139,-99.069792,"WGS84",20.1,510.5,0.1,"2016-04-06","2016-04-20","OAES.2016.16",14,"Y","OAES_003.S.20160420","Ok","Ok","Ok","NEON.DOC.014050vH","won/tyUsFjCjTGqHBmGD3e54PFu+l8CW",
"dfa00034-bace-4dd7-9e93-a1ba16d1016b","OAES_005.basePlot.bet","D11","OAES","OAES_005","S","distributed","grasslandHerbaceous",35.404299,-99.080041,"WGS84",20.1,511.9,0.1,"2016-04-06","2016-04-20","OAES.2016.16",14,"Y","OAES_005.S.20160420","Ok","Ok","Ok","NEON.DOC.014050vH","won/tyUsFjCjTGqHBmGD3e54PFu+l8CW",
"d4182d69-ba5d-4ade-9916-a434bafe6a37","OAES_001.basePlot.bet","D11","OAES","OAES_001","S","distributed","grasslandHerbaceous",35.412699,-99.058259,"WGS84",20.1,515.1,0.1,"2016-04-06","2016-04-20","OAES.2016.16",14,"Y","OAES_001.S.20160420","Ok","Ok","Ok","NEON.DOC.014050vH","won/tyUsFjCjTGqHBmGD3e54PFu+l8CW",
"019f7347-c3d3-4629-ac77-650e77196662","OAES_002.basePlot.bet","D11","OAES","OAES_002","S","distributed","grasslandHerbaceous",35.419716,-99.052304,"WGS84",20.1,521.6,0.1,"2016-04-06","2016-04-20","OAES.2016.16",14,"Y","OAES_002.S.20160420","Ok","Ok","Ok","NEON.DOC.014050vH","nLY7eam4tn5KvmhUGKXYjL1ERBP4294P",
"0e3fd401-816b-4772-8136-b240246a9671","OAES_009.basePlot.bet","D11","OAES","OAES_009","S","distributed","shrubScrub",35.420795,-99.050317,"WGS84",20.1,515.5,0.1,"2016-04-06","2016-04-20","OAES.2016.16",14,"Y","OAES_009.S.20160420","Ok","Ok","Ok","NEON.DOC.014050vH","nLY7eam4tn5KvmhUGKXYjL1ERBP4294P",
"0ed4f3c2-9600-41bc-89de-884298225089","OAES_021.basePlot.bet","D11","OAES","OAES_021","S","distributed","shrubScrub",35.411869,-99.074095,"WGS84",20.1,503.7,0.1,"2016-04-06","2016-04-20","OAES.2016.16",14,"Y","OAES_021.S.20160420","Ok","Ok","Ok","NEON.DOC.014050vH","won/tyUsFjCjTGqHBmGD3e54PFu+l8CW",
"3426dd7e-96ef-4157-b230-4275ecee4199","OAES_004.basePlot.bet","D11","OAES","OAES_004","W","distributed","grasslandHerbaceous",35.412130,-99.085338,"WGS84",20.1,507.5,0.1,"2016-04-06","2016-04-20","OAES.2016.16",14,"Y","OAES_004.W.20160420","Ok","Ok","Ok","NEON.DOC.014050vH","won/tyUsFjCjTGqHBmGD3e54PFu+l8CW",
"17a70ad5-594b-4aa6-8a4d-4c0056175c68","OAES_008.basePlot.bet","D11","OAES","OAES_008","W","distributed","grasslandHerbaceous",35.395379,-99.063188,"WGS84",20.1,493.6,0.1,"2016-04-06","2016-04-20","OAES.2016.16",14,"Y","OAES_008.W.20160420","Ok","Ok","High","NEON.DOC.014050vH","nLY7eam4tn5KvmhUGKXYjL1ERBP4294P","Trap fluid at 250 ml"
"037f34a9-03cd-4b81-b078-1e2f171b1568","OAES_003.basePlot.bet","D11","OAES","OAES_003","W","distributed","grasslandHerbaceous",35.412139,-99.069792,"WGS84",20.1,510.5,0.1,"2016-04-06","2016-04-20","OAES.2016.16",14,"Y","OAES_003.W.20160420","Ok","Ok","Ok","NEON.DOC.014050vH","won/tyUsFjCjTGqHBmGD3e54PFu+l8CW",
"547603f4-f872-41c9-be9d-7407f95b6db8","OAES_005.basePlot.bet","D11","OAES","OAES_005","W","distributed","grasslandHerbaceous",35.404299,-99.080041,"WGS84",20.1,511.9,0.1,"2016-04-06","2016-04-20","OAES.2016.16",14,"Y","OAES_005.W.20160420","Ok","Ok","High","NEON.DOC.014050vH","won/tyUsFjCjTGqHBmGD3e54PFu+l8CW",
"008150c9-cc35-478b-a704-1b920cee01e8","OAES_002.basePlot.bet","D11","OAES","OAES_002","W","distributed","grasslandHerbaceous",35.419716,-99.052304,"WGS84",20.1,521.6,0.1,"2016-04-06","2016-04-20","OAES.2016.16",14,"Y","OAES_002.W.20160420","Ok","Ok","Ok","NEON.DOC.014050vH","nLY7eam4tn5KvmhUGKXYjL1ERBP4294P",
"46a238ff-b09b-4138-bd64-9b712ae62d60","OAES_001.basePlot.bet","D11","OAES","OAES_001","W","distributed","grasslandHerbaceous",35.412699,-99.058259,"WGS84",20.1,515.1,0.1,"2016-04-06","2016-04-20","OAES.2016.16",14,"Y","OAES_001.W.20160420","Ok","Ok","Ok","NEON.DOC.014050vH","won/tyUsFjCjTGqHBmGD3e54PFu+l8CW",
"2974bfd8-432c-4e96-967e-522f7993f0de","OAES_021.basePlot.bet","D11","OAES","OAES_021","W","distributed","shrubScrub",35.411869,-99.074095,"WGS84",20.1,503.7,0.1,"2016-04-06","2016-04-20","OAES.2016.16",14,"Y","OAES_021.W.20160420","Ok","Ok","Ok","NEON.DOC.014050vH","won/tyUsFjCjTGqHBmGD3e54PFu+l8CW",
"ebc3da70-8c11-4a7d-b034-ffe087e33a56","OAES_009.basePlot.bet","D11","OAES","OAES_009","W","distributed","shrubScrub",35.420795,-99.050317,"WGS84",20.1,515.5,0.1,"2016-04-06","2016-04-20","OAES.2016.16",14,"Y","OAES_009.W.20160420","Ok","Ok","Ok","NEON.DOC.014050vH","nLY7eam4tn5KvmhUGKXYjL1ERBP4294P",
"95ae3778-b6a7-4b00-8fab-a18ac4006da4","OAES_006.basePlot.bet","D11","OAES","OAES_006","W","distributed","grasslandHerbaceous",35.420259,-99.048669,"WGS84",20.1,516.4,0.2,"2016-04-06","2016-04-20","OAES.2016.16",14,"Y","OAES_006.W.20160420","Ok","Ok","Ok","NEON.DOC.014050vH","nLY7eam4tn5KvmhUGKXYjL1ERBP4294P",
"553e47f1-2e65-4d74-879c-e47460d3566a","OAES_021.basePlot.bet","D11","OAES","OAES_021","E","distributed","shrubScrub",35.411869,-99.074095,"WGS84",20.1,503.7,0.1,"2016-04-06","2016-04-20","OAES.2016.16",14,"Y","OAES_021.E.20160420","Ok","Ok","Ok","NEON.DOC.014050vH","won/tyUsFjCjTGqHBmGD3e54PFu+l8CW",
