uid,namedLocation,domainID,siteID,plotID,setDate,collectDate,identifiedDate,individualID,taxonID,kingdom,phylum,class,order,family,subfamily,tribe,genus,subgenus,specificEpithet,infraspecificEpithet,scientificName,scientificNameAuthorship,taxonRank,identificationQualifier,sex,morphospeciesID,identificationReferences,identifiedBy,laboratoryName,identificationRemarks,sampleCondition,dnaBarcoded,geneticSampleID,remarks
"6db2093e-7194-4141-9533-14666cc43491","CPER_002.basePlot.bet","D10","CPER","CPER_002","2014-06-19","2014-07-03","2017-01-15","NEON.BET.D10.001308","SELPLA","Animalia","Arthropoda","Insecta","Coleoptera","Carabidae","Harpalinae","Harpalini","Selenophorus","Selenophorus","planipennis",,"Selenophorus planipennis","LeConte","species",,"M",,"Lindroth, C. H. 1969. The ground-beetles (Carabidae, excl. Cicindelinae) of Canada and Alaska, parts 1-6. Opuscula E. Entomoligiska Sallskapet.","Kipling Will","Essig Museum of Entomology",,"No known compromise","N",,
"bb3ba898-d562-432d-8df1-bab065278758","CPER_002.basePlot.bet","D10","CPER","CPER_002","2014-06-19","2014-07-03","2017-01-15","NEON.BET.D10.001307","SELPLA","Animalia","Arthropoda","Insecta","Coleoptera","Carabidae","Harpalinae","Harpalini","Selenophorus","Selenophorus","planipennis",,"Selenophorus planipennis","LeConte","species",,"M",,"Lindroth, C. H. 1969. The ground-beetles (Carabidae, excl. Cicindelinae) of Canada and Alaska, parts 1-6. Opuscula E. Entomoligiska Sallskapet.","Kipling Will","Essig Museum of Entomology",,"No known compromise","N",,
"ba6fef12-8f66-405a-a9d1-574ac2ab64ce","CPER_002.basePlot.bet","D10","CPER","CPER_002","2014-06-19","2014-07-03","2017-01-15","NEON.BET.D10.001306","SELPLA","Animalia","Arthropoda","Insecta","Coleoptera","Carabidae","Harpalinae","Harpalini","Selenophorus","Selenophorus","planipennis",,"Selenophorus planipennis","LeConte","species",,"F",,"Lindroth, C. H. 1969. The ground-beetles (Carabidae, excl. Cicindelinae) of Canada and Alaska, parts 1-6. Opuscula E. Entomoligiska Sallskapet.","Kipling Will","Essig Museum of Entomology",,"No known compromise","N",,
"20a69e0d-49ba-457b-8756-3a4d0e039363","CPER_002.basePlot.bet","D10","CPER","CPER_002","2014-06-19","2014-07-03","2017-01-15","NEON.BET.D10.001305","SELPLA","Animalia","Arthropoda","Insecta","Coleoptera","Carabidae","Harpalinae","Harpalini","Selenophorus","Selenophorus","planipennis",,"Selenophorus planipennis","LeConte","species",,"M",,"Lindroth, C. H. 1969. The ground-beetles (Carabidae, excl. Cicindelinae) of Canada and Alaska, parts 1-6. Opuscula E. Entomoligiska Sallskapet.","Kipling Will","Essig Museum of Entomology",,"No known compromise","N",,
"8e186dd3-ccdc-4832-bcf6-38e43b79b79d","CPER_002.basePlot.bet","D10","CPER","CPER_002","2014-06-19","2014-07-03","2017-01-15","NEON.BET.D10.001304","SELPLA","Animalia","Arthropoda","Insecta","Coleoptera","Carabidae","Harpalinae","Harpalini","Selenophorus","Selenophorus","planipennis",,"Selenophorus planipennis","LeConte","species",,"F",,"Lindroth, C. H. 1969. The ground-beetles (Carabidae, excl. Cicindelinae) of Canada and Alaska, parts 1-6. Opuscula E. Entomoligiska Sallskapet.","Kipling Will","Essig Museum of Entomology",,"No known compromise","N",,
"e534e5ca-0c9a-4d30-9a25-cc06eeb05e38","CPER_002.basePlot.bet","D10","CPER","CPER_002","2014-06-19","2014-07-03","2017-01-15","NEON.BET.D10.001309","SELPLA","Animalia","Arthropoda","Insecta","Coleoptera","Carabidae","Harpalinae","Harpalini","Selenophorus","Selenophorus","planipennis",,"Selenophorus planipennis","LeConte","species",,"M",,"Lindroth, C. H. 1969. The ground-beetles (Carabidae, excl. Cicindelinae) of Canada and Alaska, parts 1-6. Opuscula E. Entomoligiska Sallskapet.","Kipling Will","Essig Museum of Entomology",,"No known compromise","N",,
"54374838-de0f-448a-ae14-bde03fb82a15","CPER_002.basePlot.bet","D10","CPER","CPER_002","2014-06-19","2014-07-03","2017-01-15","NEON.BET.D10.001303","SELPLA","Animalia","Arthropoda","Insecta","Coleoptera","Carabidae","Harpalinae","Harpalini","Selenophorus","Selenophorus","planipennis",,"Selenophorus planipennis","LeConte","species",,"F",,"Lindroth, C. H. 1969. The ground-beetles (Carabidae, excl. Cicindelinae) of Canada and Alaska, parts 1-6. Opuscula E. Entomoligiska Sallskapet.","Kipling Will","Essig Museum of Entomology",,"No known compromise","N",,
"204e26ae-c30e-4000-9ba9-979f79876c33","CPER_002.basePlot.bet","D10","CPER","CPER_002","2014-06-19","2014-07-03","2017-01-15","NEON.BET.D10.001302","DISPAR1","Animalia","Arthropoda","Insecta","Coleoptera","Carabidae","Harpalinae","Harpalini","Discoderus",,"parallelus",,"Discoderus parallelus","Haldeman","species",,"M",,"Lindroth, C. H. 1969. The ground-beetles (Carabidae, excl. Cicindelinae) of Canada and Alaska, parts 1-6. Opuscula E. Entomoligiska Sallskapet.","Kipling Will","Essig Museum of Entomology",,"No known compromise","N",,
"3b0450a5-4e0d-48ae-9542-3d14558731c0","CPER_002.basePlot.bet","D10","CPER","CPER_002","2014-06-19","2014-07-03","2017-01-15","NEON.BET.D10.001310","SELPLA","Animalia","Arthropoda","Insecta","Coleoptera","Carabidae","Harpalinae","Harpalini","Selenophorus","Selenophorus","planipennis",,"Selenophorus planipennis","LeConte","species",,"M",,"Lindroth, C. H. 1969. The ground-beetles (Carabidae, excl. Cicindelinae) of Canada and Alaska, parts 1-6. Opuscula E. Entomoligiska Sallskapet.","Kipling Will","Essig Museum of Entomology",,"No known compromise","N",,
"060c8f1c-a2d0-4bb4-beef-eef75fc5d9d6","CPER_004.basePlot.bet","D10","CPER","CPER_004","2014-06-19","2014-07-03","2017-01-15","NEON.BET.D10.001321","DISPAR1","Animalia","Arthropoda","Insecta","Coleoptera","Carabidae","Harpalinae","Harpalini","Discoderus",,"parallelus",,"Discoderus parallelus","Haldeman","species",,"F",,"Lindroth, C. H. 1969. The ground-beetles (Carabidae, excl. Cicindelinae) of Canada and Alaska, parts 1-6. Opuscula E. Entomoligiska Sallskapet.","Kipling Will","Essig Museum of Entomology",,"No known compromise","N",,
"45df3cec-c5ef-410f-a3e8-154a984cf50f","CPER_004.basePlot.bet","D10","CPER","CPER_004","2014-06-19","2014-07-03","2017-01-15","NEON.BET.D10.001323","DISPAR1","Animalia","Arthropoda","Insecta","Coleoptera","Carabidae","Harpalinae","Harpalini","Discoderus",,"parallelus",,"Discoderus parallelus","Haldeman","species",,"F",,"Lindroth, C. H. 1969. The ground-beetles (Carabidae, excl. Cicindelinae) of Canada and Alaska, parts 1-6. Opuscula E. Entomoligiska Sallskapet.","Kipling Will","Essig Museum of Entomology",,"No known compromise","N",,
"c5faa344-755b-4e9a-aa70-223544984bbf","CPER_004.basePlot.bet","D10","CPER","CPER_004","2014-06-19","2014-07-03","2017-01-15","NEON.BET.D10.001319","DISPAR1","Animalia","Arthropoda","Insecta","Coleoptera","Carabidae","Harpalinae","Harpalini","Discoderus",,"parallelus",,"Discoderus parallelus","Haldeman","species",,"M",,"Lindroth, C. H. 1969. The ground-beetles (Carabidae, excl. Cicindelinae) of Canada and Alaska, parts 1-6. Opuscula E. Entomoligiska Sallskapet.","Kipling Will","Essig Museum of Entomology",,"No known compromise","N",,
"4c315d53-b3c9-44d4-a505-32fcd3c7aa27","CPER_004.basePlot.bet","D10","CPER","CPER_004","2014-06-19","2014-07-03","2017-01-15","NEON.BET.D10.001324","DISPAR1","Animalia","Arthropoda","Insecta","Coleoptera","Carabidae","Harpalinae","Harpalini","Discoderus",,"parallelus",,"Discoderus parallelus","Haldeman","species",,"F",,"Lindroth, C. H. 1969. The ground-beetles (Carabidae, excl. Cicindelinae) of Canada and Alaska, parts 1-6. Opuscula E. Entomoligiska Sallskapet.","Kipling Will","Essig Museum of Entomology",,"No known compromise","N",,
"ad6afc70-6184-459e-96f0-7d5ed2d21925","CPER_004.basePlot.bet","D10","CPER","CPER_004","2014-06-19","2014-07-03","2017-01-15","NEON.BET.D10.001318","PASELO","Animalia","Arthropoda","Insecta","Coleoptera","Carabidae","Scaritinae","Pasimachini","Pasimachus","Pasimachus","elongatus",,"Pasimachus elongatus","LeConte","species",,"M",,"Banninger, M. 1950. The subtribe Pasimachina (Coleoptera, Carabidae, Scaritini). Revista de Entomologica 21:481-511.","Kipling Will","Essig Museum of Entomology",,"No known compromise","N",,
"ad4ff3c9-d352-46fb-8b70-59f8286cdeb0","CPER_004.basePlot.bet","D10","CPER","CPER_004","2014-06-19","2014-07-03","2017-01-15","NEON.BET.D10.001322","DISPAR1","Animalia","Arthropoda","Insecta","Coleoptera","Carabidae","Harpalinae","Harpalini","Discoderus",,"parallelus",,"Discoderus parallelus","Haldeman","species",,"M",,"Lindroth, C. H. 1969. The ground-beetles (Carabidae, excl. Cicindelinae) of Canada and Alaska, parts 1-6. Opuscula E. Entomoligiska Sallskapet.","Kipling Will","Essig Museum of Entomology",,"No known compromise","N",,
"086bbc72-99ce-4984-a979-bac32dc149b4","CPER_004.basePlot.bet","D10","CPER","CPER_004","2014-06-19","2014-07-03","2017-01-15","NEON.BET.D10.001320","DISPAR1","Animalia","Arthropoda","Insecta","Coleoptera","Carabidae","Harpalinae","Harpalini","Discoderus",,"parallelus",,"Discoderus parallelus","Haldeman","species",,"F",,"Lindroth, C. H. 1969. The ground-beetles (Carabidae, excl. Cicindelinae) of Canada and Alaska, parts 1-6. Opuscula E. Entomoligiska Sallskapet.","Kipling Will","Essig Museum of Entomology",,"No known compromise","N",,
"c220df81-1faa-4b1a-9802-c8e26629107e","CPER_003.basePlot.bet","D10","CPER","CPER_003","2014-06-19","2014-07-03","2017-01-15","NEON.BET.D10.001313","DISPAR1","Animalia","Arthropoda","Insecta","Coleoptera","Carabidae","Harpalinae","Harpalini","Discoderus",,"parallelus",,"Discoderus parallelus","Haldeman","species",,"M",,"Lindroth, C. H. 1969. The ground-beetles (Carabidae, excl. Cicindelinae) of Canada and Alaska, parts 1-6. Opuscula E. Entomoligiska Sallskapet.","Kipling Will","Essig Museum of Entomology",,"No known compromise","N",,
"2ce85d6c-e02d-4ffe-892a-7ed8d5402f18","CPER_003.basePlot.bet","D10","CPER","CPER_003","2014-06-19","2014-07-03","2017-01-15","NEON.BET.D10.001316","DISPAR1","Animalia","Arthropoda","Insecta","Coleoptera","Carabidae","Harpalinae","Harpalini","Discoderus",,"parallelus",,"Discoderus parallelus","Haldeman","species",,"F",,"Lindroth, C. H. 1969. The ground-beetles (Carabidae, excl. Cicindelinae) of Canada and Alaska, parts 1-6. Opuscula E. Entomoligiska Sallskapet.","Kipling Will","Essig Museum of Entomology",,"No known compromise","N",,
"76f2e5c0-ec76-43d7-ac1c-867333d84160","CPER_003.basePlot.bet","D10","CPER","CPER_003","2014-06-19","2014-07-03","2017-01-15","NEON.BET.D10.001315","HARCAL","Animalia","Arthropoda","Insecta","Coleoptera","Carabidae","Harpalinae","Harpalini","Harpalus","Megapangus","caliginosus",,"Harpalus caliginosus","Fabricius","species",,"M",,"Will, K. W. 1997. Review of the species of the subgenus Megapangus Casey (Coeloptera: Carabidae, Harpalini, Harpalus Latreille). The Coleopterists Bulletin 51:43-51.","Kipling Will","Essig Museum of Entomology",,"No known compromise","N",,
"3e0c3384-a51b-452f-a7d6-457da9ae37dd","CPER_003.basePlot.bet","D10","CPER","CPER_003","2014-06-19","2014-07-03","2017-01-15","NEON.BET.D10.001314","HARDES","Animalia","Arthropoda","Insecta","Coleoptera","Carabidae","Harpalinae","Harpalini","Harpalus","Opadius","desertus",,"Harpalus desertus","LeConte","species",,"M",,"Noonan, G. R. 1991. Classification, Cladistics, and Natural History of Native North American Harpalus Latreille (Insecta: Coleoptera: Carabidae: Harpalini), excluding subgenera Glanodes and Pseudophonus.","Kipling Will","Essig Museum of Entomology",,"No known compromise","N",,
"86de2db4-ea24-4b67-b691-5e8a2ec45f8d","CPER_003.basePlot.bet","D10","CPER","CPER_003","2014-06-19","2014-07-03","2017-01-15","NEON.BET.D10.001317","DISPAR1","Animalia","Arthropoda","Insecta","Coleoptera","Carabidae","Harpalinae","Harpalini","Discoderus",,"parallelus",,"Discoderus parallelus","Haldeman","species",,"F",,"Lindroth, C. H. 1969. The ground-beetles (Carabidae, excl. Cicindelinae) of Canada and Alaska, parts 1-6. Opuscula E. Entomoligiska Sallskapet.","Kipling Will","Essig Museum of Entomology",,"No known compromise","N",,
"e5d10cf1-4175-4cb1-93fd-8fac6a47e149","CPER_001.basePlot.bet","D10","CPER","CPER_001","2014-06-19","2014-07-03","2017-01-15","NEON.BET.D10.001311","AMAFAR","Animalia","Arthropoda","Insecta","Coleoptera","Carabidae","Harpalinae","Zabrini","Amara","Amarocelia","farcta",,"Amara farcta","LeConte","species",,"M",,"Lindroth, C. H. 1969. The ground-beetles (Carabidae, excl. Cicindelinae) of Canada and Alaska, parts 1-6. Opuscula E. Entomoligiska Sallskapet.","Kipling Will","Essig Museum of Entomology",,"No known compromise","N",,
"e4ab3a0f-6f24-4207-b1a1-e0beadd548fc","CPER_001.basePlot.bet","D10","CPER","CPER_001","2014-06-19","2014-07-03","2017-01-15","NEON.BET.D10.001312","HARDES","Animalia","Arthropoda","Insecta","Coleoptera","Carabidae","Harpalinae","Harpalini","Harpalus","Opadius","desertus",,"Harpalus desertus","LeConte","species",,"F",,"Noonan, G. R. 1991. Classification, Cladistics, and Natural History of Native North American Harpalus Latreille (Insecta: Coleoptera: Carabidae: Harpalini), excluding subgenera Glanodes and Pseudophonus.","Kipling Will","Essig Museum of Entomology",,"No known compromise","N",,
"7b690b9c-ca39-415b-96fc-9e0f24be8ff7","CPER_005.basePlot.bet","D10","CPER","CPER_005","2014-06-19","2014-07-03","2017-01-15","NEON.BET.D10.001295","AMACON3","Animalia","Arthropoda","Insecta","Coleoptera","Carabidae","Harpalinae","Zabrini","Amara","Amara","convexa",,"Amara convexa","LeConte","species",,"F",,"Lindroth, C. H. 1969. The ground-beetles (Carabidae, excl. Cicindelinae) of Canada and Alaska, parts 1-6. Opuscula E. Entomoligiska Sallskapet.","Kipling Will","Essig Museum of Entomology",,"No known compromise","N",,
"061bb278-a8fd-4f91-8d42-54fa4752fa00","CPER_005.basePlot.bet","D10","CPER","CPER_005","2014-06-19","2014-07-03","2017-01-15","NEON.BET.D10.001268","EURGRO","Animalia","Arthropoda","Insecta","Coleoptera","Carabidae","Harpalinae","Harpalini","Euryderus",,"grossus",,"Euryderus grossus","Say","species",,"U",,"Lindroth, C. H. 1969. The ground-beetles (Carabidae, excl. Cicindelinae) of Canada and Alaska, parts 1-6. Opuscula E. Entomoligiska Sallskapet.","Kipling Will","Essig Museum of Entomology",,"No known compromise","N",,
"4dc0a7b3-a875-4541-9747-da18e50e95d0","CPER_005.basePlot.bet","D10","CPER","CPER_005","2014-06-19","2014-07-03","2017-01-15","NEON.BET.D10.001297","AMACON3","Animalia","Arthropoda","Insecta","Coleoptera","Carabidae","Harpalinae","Zabrini","Amara","Amara","convexa",,"Amara convexa","LeConte","species",,"F",,"Lindroth, C. H. 1969. The ground-beetles (Carabidae, excl. Cicindelinae) of Canada and Alaska, parts 1-6. Opuscula E. Entomoligiska Sallskapet.","Kipling Will","Essig Museum of Entomology",,"No known compromise","N",,
"56ba14ea-91d3-4ba6-a2be-380244247aa5","CPER_005.basePlot.bet","D10","CPER","CPER_005","2014-06-19","2014-07-03","2017-01-15","NEON.BET.D10.001298","AMACON3","Animalia","Arthropoda","Insecta","Coleoptera","Carabidae","Harpalinae","Zabrini","Amara","Amara","convexa",,"Amara convexa","LeConte","species",,"F",,"Lindroth, C. H. 1969. The ground-beetles (Carabidae, excl. Cicindelinae) of Canada and Alaska, parts 1-6. Opuscula E. Entomoligiska Sallskapet.","Kipling Will","Essig Museum of Entomology",,"No known compromise","N",,
"7abf785a-a023-452a-ba73-9c82a605e8c2","CPER_005.basePlot.bet","D10","CPER","CPER_005","2014-06-19","2014-07-03","2017-01-15","NEON.BET.D10.001269","AMACON3","Animalia","Arthropoda","Insecta","Coleoptera","Carabidae","Harpalinae","Zabrini","Amara","Amara","convexa",,"Amara convexa","LeConte","species",,"M",,"Lindroth, C. H. 1969. The ground-beetles (Carabidae, excl. Cicindelinae) of Canada and Alaska, parts 1-6. Opuscula E. Entomoligiska Sallskapet.","Kipling Will","Essig Museum of Entomology",,"No known compromise","N",,
"384b0a1f-b0c2-45ae-9fc7-3c563c5887b3","CPER_007.basePlot.bet","D10","CPER","CPER_007","2014-06-19","2014-07-03","2017-01-15","NEON.BET.D10.001256","EURGRO","Animalia","Arthropoda","Insecta","Coleoptera","Carabidae","Harpalinae","Harpalini","Euryderus",,"grossus",,"Euryderus grossus","Say","species",,"U",,"Lindroth, C. H. 1969. The ground-beetles (Carabidae, excl. Cicindelinae) of Canada and Alaska, parts 1-6. Opuscula E. Entomoligiska Sallskapet.","Kipling Will","Essig Museum of Entomology",,"No known compromise","N",,
"c9615126-501e-43a4-b522-0528d20ba50d","CPER_005.basePlot.bet","D10","CPER","CPER_005","2014-06-19","2014-07-03","2017-01-15","NEON.BET.D10.001296","AMACON3","Animalia","Arthropoda","Insecta","Coleoptera","Carabidae","Harpalinae","Zabrini","Amara","Amara","convexa",,"Amara convexa","LeConte","species",,"F",,"Lindroth, C. H. 1969. The ground-beetles (Carabidae, excl. Cicindelinae) of Canada and Alaska, parts 1-6. Opuscula E. Entomoligiska Sallskapet.","Kipling Will","Essig Museum of Entomology",,"No known compromise","N",,
"b35cb529-6f5a-4731-9c8d-522d27623f28","CPER_007.basePlot.bet","D10","CPER","CPER_007","2014-06-19","2014-07-03","2017-01-15","NEON.BET.D10.001258","DISPAR1","Animalia","Arthropoda","Insecta","Coleoptera","Carabidae","Harpalinae","Harpalini","Discoderus",,"parallelus",,"Discoderus parallelus","Haldeman","species",,"F",,"Lindroth, C. H. 1969. The ground-beetles (Carabidae, excl. Cicindelinae) of Canada and Alaska, parts 1-6. Opuscula E. Entomoligiska Sallskapet.","Kipling Will","Essig Museum of Entomology",,"No known compromise","N",,
"4d9168f2-188e-45e6-ac85-3a13a32470ab","CPER_007.basePlot.bet","D10","CPER","CPER_007","2014-06-19","2014-07-03","2017-01-15","NEON.BET.D10.001257","HARELL","Animalia","Arthropoda","Insecta","Coleoptera","Carabidae","Harpalinae","Harpalini","Harpalus","Harpalus","ellipsis",,"Harpalus ellipsis","LeConte","species",,"F",,"Noonan, G. R. 1991. Classification, Cladistics, and Natural History of Native North American Harpalus Latreille (Insecta: Coleoptera: Carabidae: Harpalini), excluding subgenera Glanodes and Pseudophonus.","Kipling Will","Essig Museum of Entomology",,"No known compromise","N",,
"3188c9d6-e5ba-43c0-84e8-83e1b2a00c7b","CPER_006.basePlot.bet","D10","CPER","CPER_006","2014-06-19","2014-07-03","2017-01-15","NEON.BET.D10.001262","SELPLA","Animalia","Arthropoda","Insecta","Coleoptera","Carabidae","Harpalinae","Harpalini","Selenophorus","Selenophorus","planipennis",,"Selenophorus planipennis","LeConte","species",,"F",,"Lindroth, C. H. 1969. The ground-beetles (Carabidae, excl. Cicindelinae) of Canada and Alaska, parts 1-6. Opuscula E. Entomoligiska Sallskapet.","Kipling Will","Essig Museum of Entomology",,"No known compromise","N",,
"7cebc83a-f725-4173-aec0-f171706bd05e","CPER_006.basePlot.bet","D10","CPER","CPER_006","2014-06-19","2014-07-03","2017-01-15","NEON.BET.D10.001261","DISPAR1","Animalia","Arthropoda","Insecta","Coleoptera","Carabidae","Harpalinae","Harpalini","Discoderus",,"parallelus",,"Discoderus parallelus","Haldeman","species",,"F",,"Lindroth, C. H. 1969. The ground-beetles (Carabidae, excl. Cicindelinae) of Canada and Alaska, parts 1-6. Opuscula E. Entomoligiska Sallskapet.","Kipling Will","Essig Museum of Entomology",,"No known compromise","N",,
"0d049eb5-6ed8-49b2-8e31-73780d7a2b1f","CPER_007.basePlot.bet","D10","CPER","CPER_007","2014-06-19","2014-07-03","2017-01-15","NEON.BET.D10.001255","EURGRO","Animalia","Arthropoda","Insecta","Coleoptera","Carabidae","Harpalinae","Harpalini","Euryderus",,"grossus",,"Euryderus grossus","Say","species",,"U",,"Lindroth, C. H. 1969. The ground-beetles (Carabidae, excl. Cicindelinae) of Canada and Alaska, parts 1-6. Opuscula E. Entomoligiska Sallskapet.","Kipling Will","Essig Museum of Entomology",,"No known compromise","N",,
"e7bbca2d-97ad-4705-94fd-1fb6c6700a7a","CPER_006.basePlot.bet","D10","CPER","CPER_006","2014-06-19","2014-07-03","2017-01-15","NEON.BET.D10.001260","DISPAR1","Animalia","Arthropoda","Insecta","Coleoptera","Carabidae","Harpalinae","Harpalini","Discoderus",,"parallelus",,"Discoderus parallelus","Haldeman","species",,"M",,"Lindroth, C. H. 1969. The ground-beetles (Carabidae, excl. Cicindelinae) of Canada and Alaska, parts 1-6. Opuscula E. Entomoligiska Sallskapet.","Kipling Will","Essig Museum of Entomology",,"No known compromise","N",,
"1d3bd270-4dcc-4a3d-9607-372a949f7d44","CPER_006.basePlot.bet","D10","CPER","CPER_006","2014-06-19","2014-07-03","2017-01-15","NEON.BET.D10.001259","SELPLA","Animalia","Arthropoda","Insecta","Coleoptera","Carabidae","Harpalinae","Harpalini","Selenophorus","Selenophorus","planipennis",,"Selenophorus planipennis","LeConte","species",,"M",,"Lindroth, C. H. 1969. The ground-beetles (Carabidae, excl. Cicindelinae) of Canada and Alaska, parts 1-6. Opuscula E. Entomoligiska Sallskapet.","Kipling Will","Essig Museum of Entomology",,"No known compromise","N",,
"be255cae-a94b-47c2-82ca-699aec1b2106","CPER_009.basePlot.bet","D10","CPER","CPER_009","2014-06-19","2014-07-03","2017-01-15","NEON.BET.D10.001263","PASELO","Animalia","Arthropoda","Insecta","Coleoptera","Carabidae","Scaritinae","Pasimachini","Pasimachus","Pasimachus","elongatus",,"Pasimachus elongatus","LeConte","species",,"M",,"Banninger, M. 1950. The subtribe Pasimachina (Coleoptera, Carabidae, Scaritini). Revista de Entomologica 21:481-511.","Kipling Will","Essig Museum of Entomology",,"No known compromise","N",,
"33becae0-06a4-452a-82af-f8617eecbc11","CPER_009.basePlot.bet","D10","CPER","CPER_009","2014-06-19","2014-07-03","2017-01-15","NEON.BET.D10.001264","AMACON3","Animalia","Arthropoda","Insecta","Coleoptera","Carabidae","Harpalinae","Zabrini","Amara","Amara","convexa",,"Amara convexa","LeConte","species",,"F",,"Lindroth, C. H. 1969. The ground-beetles (Carabidae, excl. Cicindelinae) of Canada and Alaska, parts 1-6. Opuscula E. Entomoligiska Sallskapet.","Kipling Will","Essig Museum of Entomology",,"No known compromise","N",,
"c41bfbcd-588f-44b7-8c29-e93281110c61","CPER_009.basePlot.bet","D10","CPER","CPER_009","2014-06-19","2014-07-03","2017-01-15","NEON.BET.D10.001266","SELPLA","Animalia","Arthropoda","Insecta","Coleoptera","Carabidae","Harpalinae","Harpalini","Selenophorus","Selenophorus","planipennis",,"Selenophorus planipennis","LeConte","species",,"F",,"Lindroth, C. H. 1969. The ground-beetles (Carabidae, excl. Cicindelinae) of Canada and Alaska, parts 1-6. Opuscula E. Entomoligiska Sallskapet.","Kipling Will","Essig Museum of Entomology",,"No known compromise","N",,
"1da5bd85-1714-4e91-9a4e-ed38d2e02d29","CPER_009.basePlot.bet","D10","CPER","CPER_009","2014-06-19","2014-07-03","2017-01-15","NEON.BET.D10.001265","SELPLA","Animalia","Arthropoda","Insecta","Coleoptera","Carabidae","Harpalinae","Harpalini","Selenophorus","Selenophorus","planipennis",,"Selenophorus planipennis","LeConte","species",,"F",,"Lindroth, C. H. 1969. The ground-beetles (Carabidae, excl. Cicindelinae) of Canada and Alaska, parts 1-6. Opuscula E. Entomoligiska Sallskapet.","Kipling Will","Essig Museum of Entomology",,"No known compromise","N",,
"2256cba5-ab01-4498-b72c-4d27136eba0a","CPER_009.basePlot.bet","D10","CPER","CPER_009","2014-06-19","2014-07-03","2017-01-15","NEON.BET.D10.001267","SELPLA","Animalia","Arthropoda","Insecta","Coleoptera","Carabidae","Harpalinae","Harpalini","Selenophorus","Selenophorus","planipennis",,"Selenophorus planipennis","LeConte","species",,"M",,"Lindroth, C. H. 1969. The ground-beetles (Carabidae, excl. Cicindelinae) of Canada and Alaska, parts 1-6. Opuscula E. Entomoligiska Sallskapet.","Kipling Will","Essig Museum of Entomology",,"No known compromise","N",,
"37a3a03d-c2ee-4c21-bdf5-e3f5b2db2d8d","CPER_002.basePlot.bet","D10","CPER","CPER_002","2014-06-19","2014-07-03","2017-01-15","NEON.BET.D10.001299","SELPLA","Animalia","Arthropoda","Insecta","Coleoptera","Carabidae","Harpalinae","Harpalini","Selenophorus","Selenophorus","planipennis",,"Selenophorus planipennis","LeConte","species",,"F",,"Lindroth, C. H. 1969. The ground-beetles (Carabidae, excl. Cicindelinae) of Canada and Alaska, parts 1-6. Opuscula E. Entomoligiska Sallskapet.","Kipling Will","Essig Museum of Entomology",,"No known compromise","N",,
"618e80af-87cf-4f2b-8a07-caa6621f6c4e","CPER_002.basePlot.bet","D10","CPER","CPER_002","2014-06-19","2014-07-03","2017-01-15","NEON.BET.D10.001300","SELPLA","Animalia","Arthropoda","Insecta","Coleoptera","Carabidae","Harpalinae","Harpalini","Selenophorus","Selenophorus","planipennis",,"Selenophorus planipennis","LeConte","species",,"F",,"Lindroth, C. H. 1969. The ground-beetles (Carabidae, excl. Cicindelinae) of Canada and Alaska, parts 1-6. Opuscula E. Entomoligiska Sallskapet.","Kipling Will","Essig Museum of Entomology",,"No known compromise","N",,
"794888d9-8386-4e21-a5eb-f879d98034a2","CPER_002.basePlot.bet","D10","CPER","CPER_002","2014-06-19","2014-07-03","2017-01-15","NEON.BET.D10.001301","DISPAR1","Animalia","Arthropoda","Insecta","Coleoptera","Carabidae","Harpalinae","Harpalini","Discoderus",,"parallelus",,"Discoderus parallelus","Haldeman","species",,"F",,"Lindroth, C. H. 1969. The ground-beetles (Carabidae, excl. Cicindelinae) of Canada and Alaska, parts 1-6. Opuscula E. Entomoligiska Sallskapet.","Kipling Will","Essig Museum of Entomology",,"No known compromise","N",,
"2eee6ec0-8c21-49fd-aa73-a7084310fd6b","CPER_009.basePlot.bet","D10","CPER","CPER_009","2014-07-03","2014-07-17","2017-01-15","NEON.BET.D10.001341","PASELO","Animalia","Arthropoda","Insecta","Coleoptera","Carabidae","Scaritinae","Pasimachini","Pasimachus","Pasimachus","elongatus",,"Pasimachus elongatus","LeConte","species",,"F",,"Banninger, M. 1950. The subtribe Pasimachina (Coleoptera, Carabidae, Scaritini). Revista de Entomologica 21:481-511.","Kipling Will","Essig Museum of Entomology",,"No known compromise","N",,
"9d9fb46b-5ddb-4a4e-8706-d0241f63b8e1","CPER_008.basePlot.bet","D10","CPER","CPER_008","2014-07-03","2014-07-17","2017-01-15","NEON.BET.D10.001344","DISPAR1","Animalia","Arthropoda","Insecta","Coleoptera","Carabidae","Harpalinae","Harpalini","Discoderus",,"parallelus",,"Discoderus parallelus","Haldeman","species",,"F",,"Lindroth, C. H. 1969. The ground-beetles (Carabidae, excl. Cicindelinae) of Canada and Alaska, parts 1-6. Opuscula E. Entomoligiska Sallskapet.","Kipling Will","Essig Museum of Entomology",,"No known compromise","N",,
"e35f90d2-b1cc-4766-94a3-806b401c5421","CPER_009.basePlot.bet","D10","CPER","CPER_009","2014-07-03","2014-07-17","2017-01-15","NEON.BET.D10.001339","CRADUB","Animalia","Arthropoda","Insecta","Coleoptera","Carabidae","Harpalinae","Harpalini","Cratacanthus",,"dubius",,"Cratacanthus dubius","Palisot de Beauvois","species",,"M",,"Lindroth, C. H. 1969. The ground-beetles (Carabidae, excl. Cicindelinae) of Canada and Alaska, parts 1-6. Opuscula E. Entomoligiska Sallskapet.","Kipling Will","Essig Museum of Entomology",,"No known compromise","N",,
"c3d7f488-4a7d-485b-a7f5-7d981b7eab10","CPER_009.basePlot.bet","D10","CPER","CPER_009","2014-07-03","2014-07-17","2017-01-15","NEON.BET.D10.001340","DISPAR1","Animalia","Arthropoda","Insecta","Coleoptera","Carabidae","Harpalinae","Harpalini","Discoderus",,"parallelus",,"Discoderus parallelus","Haldeman","species",,"M",,"Lindroth, C. H. 1969. The ground-beetles (Carabidae, excl. Cicindelinae) of Canada and Alaska, parts 1-6. Opuscula E. Entomoligiska Sallskapet.","Kipling Will","Essig Museum of Entomology",,"No known compromise","N",,
"c453412e-9a70-49b2-900a-7c329c6ae326","CPER_006.basePlot.bet","D10","CPER","CPER_006","2014-07-03","2014-07-17","2017-01-15","NEON.BET.D10.001329","DISPAR1","Animalia","Arthropoda","Insecta","Coleoptera","Carabidae","Harpalinae","Harpalini","Discoderus",,"parallelus",,"Discoderus parallelus","Haldeman","species",,"F",,"Lindroth, C. H. 1969. The ground-beetles (Carabidae, excl. Cicindelinae) of Canada and Alaska, parts 1-6. Opuscula E. Entomoligiska Sallskapet.","Kipling Will","Essig Museum of Entomology",,"No known compromise","N",,
"625fd359-787d-4fc0-a7be-bee170018efb","CPER_009.basePlot.bet","D10","CPER","CPER_009","2014-07-03","2014-07-17","2017-01-15","NEON.BET.D10.001338","DISPAR1","Animalia","Arthropoda","Insecta","Coleoptera","Carabidae","Harpalinae","Harpalini","Discoderus",,"parallelus",,"Discoderus parallelus","Haldeman","species",,"F",,"Lindroth, C. H. 1969. The ground-beetles (Carabidae, excl. Cicindelinae) of Canada and Alaska, parts 1-6. Opuscula E. Entomoligiska Sallskapet.","Kipling Will","Essig Museum of Entomology",,"No known compromise","N",,
"acda2c95-20d6-440a-a3c6-2029aa2c35d2","CPER_006.basePlot.bet","D10","CPER","CPER_006","2014-07-03","2014-07-17","2017-01-15","NEON.BET.D10.001328","AGOCON","Animalia","Arthropoda","Insecta","Coleoptera","Carabidae","Harpalinae","Harpalini","Agonoleptus",,"conjunctus",,"Agonoleptus conjunctus","Say","species",,"F",,"Lindroth, C. H. 1969. The ground-beetles (Carabidae, excl. Cicindelinae) of Canada and Alaska, parts 1-6. Opuscula E. Entomoligiska Sallskapet.","Kipling Will","Essig Museum of Entomology",,"No known compromise","N",,
"3c26e447-816d-4a33-9b66-cb756d25efad","CPER_006.basePlot.bet","D10","CPER","CPER_006","2014-07-03","2014-07-17","2017-01-15","NEON.BET.D10.001327","HARCAL","Animalia","Arthropoda","Insecta","Coleoptera","Carabidae","Harpalinae","Harpalini","Harpalus","Megapangus","caliginosus",,"Harpalus caliginosus","Fabricius","species",,"F",,"Will, K. W. 1997. Review of the species of the subgenus Megapangus Casey (Coeloptera: Carabidae, Harpalini, Harpalus Latreille). The Coleopterists Bulletin 51:43-51.","Kipling Will","Essig Museum of Entomology",,"No known compromise","N",,
"ea958ddd-7012-4a4e-a690-f0d696e19488","CPER_007.basePlot.bet","D10","CPER","CPER_007","2014-07-03","2014-07-17","2017-01-15","NEON.BET.D10.001333","AMAOBE","Animalia","Arthropoda","Insecta","Coleoptera","Carabidae","Harpalinae","Zabrini","Amara","Percosia","obesa",,"Amara obesa","Say","species",,"M",,"Lindroth, C. H. 1969. The ground-beetles (Carabidae, excl. Cicindelinae) of Canada and Alaska, parts 1-6. Opuscula E. Entomoligiska Sallskapet.","Kipling Will","Essig Museum of Entomology",,"No known compromise","N",,
"50aabbd0-df11-4f8c-9da9-001bc0d18044","CPER_007.basePlot.bet","D10","CPER","CPER_007","2014-07-03","2014-07-17","2017-01-15","NEON.BET.D10.001332","AMAFAR","Animalia","Arthropoda","Insecta","Coleoptera","Carabidae","Harpalinae","Zabrini","Amara","Amarocelia","farcta",,"Amara farcta","LeConte","species",,"M",,"Lindroth, C. H. 1969. The ground-beetles (Carabidae, excl. Cicindelinae) of Canada and Alaska, parts 1-6. Opuscula E. Entomoligiska Sallskapet.","Kipling Will","Essig Museum of Entomology",,"No known compromise","N",,
"e12af685-f27b-47c2-bd8a-843d0547a940","CPER_006.basePlot.bet","D10","CPER","CPER_006","2014-07-03","2014-07-17","2017-01-15","NEON.BET.D10.001330","SELPLA","Animalia","Arthropoda","Insecta","Coleoptera","Carabidae","Harpalinae","Harpalini","Selenophorus","Selenophorus","planipennis",,"Selenophorus planipennis","LeConte","species",,"F",,"Lindroth, C. H. 1969. The ground-beetles (Carabidae, excl. Cicindelinae) of Canada and Alaska, parts 1-6. Opuscula E. Entomoligiska Sallskapet.","Kipling Will","Essig Museum of Entomology",,"No known compromise","N",,
"6b5c53d7-25ef-4fa5-8bfd-28844b6249b5","CPER_006.basePlot.bet","D10","CPER","CPER_006","2014-07-03","2014-07-17","2017-01-15","NEON.BET.D10.001331","HARDES","Animalia","Arthropoda","Insecta","Coleoptera","Carabidae","Harpalinae","Harpalini","Harpalus","Opadius","desertus",,"Harpalus desertus","LeConte","species",,"M",,"Noonan, G. R. 1991. Classification, Cladistics, and Natural History of Native North American Harpalus Latreille (Insecta: Coleoptera: Carabidae: Harpalini), excluding subgenera Glanodes and Pseudophonus.","Kipling Will","Essig Museum of Entomology",,"No known compromise","N",,
"a7f9dc5d-2515-4cd8-89c1-72d2d171c80b","CPER_004.basePlot.bet","D10","CPER","CPER_004","2014-07-03","2014-07-17","2017-01-15","NEON.BET.D10.001326","DISPAR1","Animalia","Arthropoda","Insecta","Coleoptera","Carabidae","Harpalinae","Harpalini","Discoderus",,"parallelus",,"Discoderus parallelus","Haldeman","species",,"M",,"Lindroth, C. H. 1969. The ground-beetles (Carabidae, excl. Cicindelinae) of Canada and Alaska, parts 1-6. Opuscula E. Entomoligiska Sallskapet.","Kipling Will","Essig Museum of Entomology",,"No known compromise","N",,
"e561935f-ab64-4e48-a469-ee046b0b2b7c","CPER_004.basePlot.bet","D10","CPER","CPER_004","2014-07-03","2014-07-17","2017-01-15","NEON.BET.D10.001325","AMACON3","Animalia","Arthropoda","Insecta","Coleoptera","Carabidae","Harpalinae","Zabrini","Amara","Amara","convexa",,"Amara convexa","LeConte","species",,"F",,"Lindroth, C. H. 1969. The ground-beetles (Carabidae, excl. Cicindelinae) of Canada and Alaska, parts 1-6. Opuscula E. Entomoligiska Sallskapet.","Kipling Will","Essig Museum of Entomology",,"No known compromise","N",,
"c45f6d19-805e-44f1-b439-3f1e0d26f86f","CPER_007.basePlot.bet","D10","CPER","CPER_007","2014-07-03","2014-07-17","2017-01-15","NEON.BET.D10.001334","AMACON3","Animalia","Arthropoda","Insecta","Coleoptera","Carabidae","Harpalinae","Zabrini","Amara","Amara","convexa",,"Amara convexa","LeConte","species",,"F",,"Lindroth, C. H. 1969. The ground-beetles (Carabidae, excl. Cicindelinae) of Canada and Alaska, parts 1-6. Opuscula E. Entomoligiska Sallskapet.","Kipling Will","Essig Museum of Entomology",,"No known compromise","N",,
"7ab5804b-4d04-4d70-9c84-0098b9636862","CPER_005.basePlot.bet","D10","CPER","CPER_005","2014-07-03","2014-07-17","2017-01-15","NEON.BET.D10.001335","HARELL","Animalia","Arthropoda","Insecta","Coleoptera","Carabidae","Harpalinae","Harpalini","Harpalus","Harpalus","ellipsis",,"Harpalus ellipsis","LeConte","species",,"F",,"Noonan, G. R. 1991. Classification, Cladistics, and Natural History of Native North American Harpalus Latreille (Insecta: Coleoptera: Carabidae: Harpalini), excluding subgenera Glanodes and Pseudophonus.","Kipling Will","Essig Museum of Entomology",,"No known compromise","N",,
"f93f0108-d0c2-4f1d-ba75-ca44c92380ff","CPER_005.basePlot.bet","D10","CPER","CPER_005","2014-07-03","2014-07-17","2017-01-15","NEON.BET.D10.001337","AMACON3","Animalia","Arthropoda","Insecta","Coleoptera","Carabidae","Harpalinae","Zabrini","Amara","Amara","convexa",,"Amara convexa","LeConte","species",,"F",,"Lindroth, C. H. 1969. The ground-beetles (Carabidae, excl. Cicindelinae) of Canada and Alaska, parts 1-6. Opuscula E. Entomoligiska Sallskapet.","Kipling Will","Essig Museum of Entomology",,"No known compromise","N",,
"3703a3df-0920-41b2-a420-c898b506d8b9","CPER_005.basePlot.bet","D10","CPER","CPER_005","2014-07-03","2014-07-17","2017-01-15","NEON.BET.D10.001336","AMACON3","Animalia","Arthropoda","Insecta","Coleoptera","Carabidae","Harpalinae","Zabrini","Amara","Amara","convexa",,"Amara convexa","LeConte","species",,"F",,"Lindroth, C. H. 1969. The ground-beetles (Carabidae, excl. Cicindelinae) of Canada and Alaska, parts 1-6. Opuscula E. Entomoligiska Sallskapet.","Kipling Will","Essig Museum of Entomology",,"No known compromise","N",,
"03d0a7b3-d75b-4774-9139-67f4fcd19dc8","CPER_008.basePlot.bet","D10","CPER","CPER_008","2014-07-03","2014-07-17","2017-01-15","NEON.BET.D10.001346","DISPAR1","Animalia","Arthropoda","Insecta","Coleoptera","Carabidae","Harpalinae","Harpalini","Discoderus",,"parallelus",,"Discoderus parallelus","Haldeman","species",,"F",,"Lindroth, C. H. 1969. The ground-beetles (Carabidae, excl. Cicindelinae) of Canada and Alaska, parts 1-6. Opuscula E. Entomoligiska Sallskapet.","Kipling Will","Essig Museum of Entomology",,"No known compromise","N",,
"52c3c797-f21b-4589-ab4f-79b43c7f6a60","CPER_008.basePlot.bet","D10","CPER","CPER_008","2014-07-03","2014-07-17","2017-01-15","NEON.BET.D10.001347","HARDES","Animalia","Arthropoda","Insecta","Coleoptera","Carabidae","Harpalinae","Harpalini","Harpalus","Opadius","desertus",,"Harpalus desertus","LeConte","species",,"F",,"Noonan, G. R. 1991. Classification, Cladistics, and Natural History of Native North American Harpalus Latreille (Insecta: Coleoptera: Carabidae: Harpalini), excluding subgenera Glanodes and Pseudophonus.","Kipling Will","Essig Museum of Entomology",,"No known compromise","N",,
"5cacf6b1-f72a-4029-a7b4-298069df4ec7","CPER_008.basePlot.bet","D10","CPER","CPER_008","2014-07-03","2014-07-17","2017-01-15","NEON.BET.D10.001350","DISPAR1","Animalia","Arthropoda","Insecta","Coleoptera","Carabidae","Harpalinae","Harpalini","Discoderus",,"parallelus",,"Discoderus parallelus","Haldeman","species",,"F",,"Lindroth, C. H. 1969. The ground-beetles (Carabidae, excl. Cicindelinae) of Canada and Alaska, parts 1-6. Opuscula E. Entomoligiska Sallskapet.","Kipling Will","Essig Museum of Entomology",,"No known compromise","N",,
"69c64607-0736-48e0-a9ef-4ab8ca3057a9","CPER_008.basePlot.bet","D10","CPER","CPER_008","2014-07-03","2014-07-17","2017-01-15","NEON.BET.D10.001345","DISPAR1","Animalia","Arthropoda","Insecta","Coleoptera","Carabidae","Harpalinae","Harpalini","Discoderus",,"parallelus",,"Discoderus parallelus","Haldeman","species",,"M",,"Lindroth, C. H. 1969. The ground-beetles (Carabidae, excl. Cicindelinae) of Canada and Alaska, parts 1-6. Opuscula E. Entomoligiska Sallskapet.","Kipling Will","Essig Museum of Entomology",,"No known compromise","N",,
"18a2b64a-e4e8-4985-a62a-8d4159ef2103","CPER_008.basePlot.bet","D10","CPER","CPER_008","2014-07-03","2014-07-17","2017-01-15","NEON.BET.D10.001349","DISPAR1","Animalia","Arthropoda","Insecta","Coleoptera","Carabidae","Harpalinae","Harpalini","Discoderus",,"parallelus",,"Discoderus parallelus","Haldeman","species",,"F",,"Lindroth, C. H. 1969. The ground-beetles (Carabidae, excl. Cicindelinae) of Canada and Alaska, parts 1-6. Opuscula E. Entomoligiska Sallskapet.","Kipling Will","Essig Museum of Entomology",,"No known compromise","N",,
"f8619bc4-9681-4096-8e0b-9ef896a56441","CPER_008.basePlot.bet","D10","CPER","CPER_008","2014-07-03","2014-07-17","2017-01-15","NEON.BET.D10.001348","DISPAR1","Animalia","Arthropoda","Insecta","Coleoptera","Carabidae","Harpalinae","Harpalini","Discoderus",,"parallelus",,"Discoderus parallelus","Haldeman","species",,"F",,"Lindroth, C. H. 1969. The ground-beetles (Carabidae, excl. Cicindelinae) of Canada and Alaska, parts 1-6. Opuscula E. Entomoligiska Sallskapet.","Kipling Will","Essig Museum of Entomology",,"No known compromise","N",,
"80e767db-f926-49f4-9f37-ef52bc185b11","CPER_002.basePlot.bet","D10","CPER","CPER_002","2014-07-03","2014-07-17","2017-01-15","NEON.BET.D10.001355","RHASP","Animalia","Arthropoda","Insecta","Coleoptera","Carabidae","Harpalinae","Platynini","Rhadine",,"sp.",,"Rhadine sp.","LeConte","genus",,"M","TKW.2017.MorphA","Arnett Jr., R. H., and M. C. Thomas. 2001. American Beetles Archosemata, Myxophaga, Adephaga, Polyphaga: Staphyliniformia. 1st Vol. (C. Press, Ed.). 1st Ed. Boca Raton, FL.","Kipling Will","Essig Museum of Entomology",,"No known compromise","N",,
"1e3f69f0-41ad-4dcd-bd62-ca90f022f63d","CPER_002.basePlot.bet","D10","CPER","CPER_002","2014-07-03","2014-07-17","2017-01-15","NEON.BET.D10.001354","SELPLA","Animalia","Arthropoda","Insecta","Coleoptera","Carabidae","Harpalinae","Harpalini","Selenophorus","Selenophorus","planipennis",,"Selenophorus planipennis","LeConte","species",,"M",,"Lindroth, C. H. 1969. The ground-beetles (Carabidae, excl. Cicindelinae) of Canada and Alaska, parts 1-6. Opuscula E. Entomoligiska Sallskapet.","Kipling Will","Essig Museum of Entomology",,"No known compromise","N",,
"0c975d87-1cb1-4f63-9859-33601d3799d7","CPER_002.basePlot.bet","D10","CPER","CPER_002","2014-07-03","2014-07-17","2017-01-15","NEON.BET.D10.001352","DISPAR1","Animalia","Arthropoda","Insecta","Coleoptera","Carabidae","Harpalinae","Harpalini","Discoderus",,"parallelus",,"Discoderus parallelus","Haldeman","species",,"F",,"Lindroth, C. H. 1969. The ground-beetles (Carabidae, excl. Cicindelinae) of Canada and Alaska, parts 1-6. Opuscula E. Entomoligiska Sallskapet.","Kipling Will","Essig Museum of Entomology",,"No known compromise","N",,
"0c317f29-1e0a-4b03-9246-c747da5850dc","CPER_002.basePlot.bet","D10","CPER","CPER_002","2014-07-03","2014-07-17","2017-01-15","NEON.BET.D10.001353","SELPLA","Animalia","Arthropoda","Insecta","Coleoptera","Carabidae","Harpalinae","Harpalini","Selenophorus","Selenophorus","planipennis",,"Selenophorus planipennis","LeConte","species",,"M",,"Lindroth, C. H. 1969. The ground-beetles (Carabidae, excl. Cicindelinae) of Canada and Alaska, parts 1-6. Opuscula E. Entomoligiska Sallskapet.","Kipling Will","Essig Museum of Entomology",,"No known compromise","N",,
"8cb345b8-8285-4961-9d02-d58b6df86e9c","CPER_008.basePlot.bet","D10","CPER","CPER_008","2014-07-03","2014-07-17","2017-01-15","NEON.BET.D10.001351","DISPAR1","Animalia","Arthropoda","Insecta","Coleoptera","Carabidae","Harpalinae","Harpalini","Discoderus",,"parallelus",,"Discoderus parallelus","Haldeman","species",,"M",,"Lindroth, C. H. 1969. The ground-beetles (Carabidae, excl. Cicindelinae) of Canada and Alaska, parts 1-6. Opuscula E. Entomoligiska Sallskapet.","Kipling Will","Essig Museum of Entomology",,"No known compromise","N",,
"c337b5e4-1cd1-410a-bd06-f596eff110a3","CPER_006.basePlot.bet","D10","CPER","CPER_006","2014-07-03","2014-07-17","2017-01-15","NEON.BET.D10.001362","DISPAR1","Animalia","Arthropoda","Insecta","Coleoptera","Carabidae","Harpalinae","Harpalini","Discoderus",,"parallelus",,"Discoderus parallelus","Haldeman","species",,"F",,"Lindroth, C. H. 1969. The ground-beetles (Carabidae, excl. Cicindelinae) of Canada and Alaska, parts 1-6. Opuscula E. Entomoligiska Sallskapet.","Kipling Will","Essig Museum of Entomology",,"No known compromise","N",,
"2af7e43e-e4e2-4ec9-8f10-b9eddf304828","CPER_006.basePlot.bet","D10","CPER","CPER_006","2014-07-03","2014-07-17","2017-01-15","NEON.BET.D10.001360","DISPAR1","Animalia","Arthropoda","Insecta","Coleoptera","Carabidae","Harpalinae","Harpalini","Discoderus",,"parallelus",,"Discoderus parallelus","Haldeman","species",,"F",,"Lindroth, C. H. 1969. The ground-beetles (Carabidae, excl. Cicindelinae) of Canada and Alaska, parts 1-6. Opuscula E. Entomoligiska Sallskapet.","Kipling Will","Essig Museum of Entomology",,"No known compromise","N",,
"8ad42471-8bd2-4ff5-8e79-0a6430ddd8ec","CPER_006.basePlot.bet","D10","CPER","CPER_006","2014-07-03","2014-07-17","2017-01-15","NEON.BET.D10.001359","AMACON3","Animalia","Arthropoda","Insecta","Coleoptera","Carabidae","Harpalinae","Zabrini","Amara","Amara","convexa",,"Amara convexa","LeConte","species",,"F",,"Lindroth, C. H. 1969. The ground-beetles (Carabidae, excl. Cicindelinae) of Canada and Alaska, parts 1-6. Opuscula E. Entomoligiska Sallskapet.","Kipling Will","Essig Museum of Entomology",,"No known compromise","N",,
"f1d304ee-4f85-418c-82ad-8d8a332f32bc","CPER_006.basePlot.bet","D10","CPER","CPER_006","2014-07-03","2014-07-17","2017-01-15","NEON.BET.D10.001361","DISPAR1","Animalia","Arthropoda","Insecta","Coleoptera","Carabidae","Harpalinae","Harpalini","Discoderus",,"parallelus",,"Discoderus parallelus","Haldeman","species",,"F",,"Lindroth, C. H. 1969. The ground-beetles (Carabidae, excl. Cicindelinae) of Canada and Alaska, parts 1-6. Opuscula E. Entomoligiska Sallskapet.","Kipling Will","Essig Museum of Entomology",,"No known compromise","N",,
"b116afcf-d026-421d-8e04-b394a0ff1200","CPER_006.basePlot.bet","D10","CPER","CPER_006","2014-07-03","2014-07-17","2017-01-15","NEON.BET.D10.001364","DISPAR1","Animalia","Arthropoda","Insecta","Coleoptera","Carabidae","Harpalinae","Harpalini","Discoderus",,"parallelus",,"Discoderus parallelus","Haldeman","species",,"F",,"Lindroth, C. H. 1969. The ground-beetles (Carabidae, excl. Cicindelinae) of Canada and Alaska, parts 1-6. Opuscula E. Entomoligiska Sallskapet.","Kipling Will","Essig Museum of Entomology",,"No known compromise","N",,
"3175eb7e-fc52-4efa-bf51-b2a6ddd03d10","CPER_006.basePlot.bet","D10","CPER","CPER_006","2014-07-03","2014-07-17","2017-01-15","NEON.BET.D10.001363","DISPAR1","Animalia","Arthropoda","Insecta","Coleoptera","Carabidae","Harpalinae","Harpalini","Discoderus",,"parallelus",,"Discoderus parallelus","Haldeman","species",,"F",,"Lindroth, C. H. 1969. The ground-beetles (Carabidae, excl. Cicindelinae) of Canada and Alaska, parts 1-6. Opuscula E. Entomoligiska Sallskapet.","Kipling Will","Essig Museum of Entomology",,"No known compromise","N",,
"df93b2d3-4193-4e0c-bae3-95360fe6bef2","CPER_006.basePlot.bet","D10","CPER","CPER_006","2014-07-03","2014-07-17","2017-01-15","NEON.BET.D10.001367","DISPAR1","Animalia","Arthropoda","Insecta","Coleoptera","Carabidae","Harpalinae","Harpalini","Discoderus",,"parallelus",,"Discoderus parallelus","Haldeman","species",,"F",,"Lindroth, C. H. 1969. The ground-beetles (Carabidae, excl. Cicindelinae) of Canada and Alaska, parts 1-6. Opuscula E. Entomoligiska Sallskapet.","Kipling Will","Essig Museum of Entomology",,"No known compromise","N",,
"352acac7-272e-4f5e-9d27-e3f8c94df2f6","CPER_006.basePlot.bet","D10","CPER","CPER_006","2014-07-03","2014-07-17","2017-01-15","NEON.BET.D10.001366","DISPAR1","Animalia","Arthropoda","Insecta","Coleoptera","Carabidae","Harpalinae","Harpalini","Discoderus",,"parallelus",,"Discoderus parallelus","Haldeman","species",,"F",,"Lindroth, C. H. 1969. The ground-beetles (Carabidae, excl. Cicindelinae) of Canada and Alaska, parts 1-6. Opuscula E. Entomoligiska Sallskapet.","Kipling Will","Essig Museum of Entomology",,"No known compromise","N",,
"686bac9e-17fb-44c6-8275-ce3da45666f6","CPER_006.basePlot.bet","D10","CPER","CPER_006","2014-07-03","2014-07-17","2017-01-15","NEON.BET.D10.001365","DISPAR1","Animalia","Arthropoda","Insecta","Coleoptera","Carabidae","Harpalinae","Harpalini","Discoderus",,"parallelus",,"Discoderus parallelus","Haldeman","species",,"F",,"Lindroth, C. H. 1969. The ground-beetles (Carabidae, excl. Cicindelinae) of Canada and Alaska, parts 1-6. Opuscula E. Entomoligiska Sallskapet.","Kipling Will","Essig Museum of Entomology",,"No known compromise","N",,
"ebd76c1d-7c5c-4a19-bad2-2f77c09b649c","CPER_003.basePlot.bet","D10","CPER","CPER_003","2014-07-03","2014-07-17","2017-01-15","NEON.BET.D10.001357","EURGRO","Animalia","Arthropoda","Insecta","Coleoptera","Carabidae","Harpalinae","Harpalini","Euryderus",,"grossus",,"Euryderus grossus","Say","species",,"U",,"Lindroth, C. H. 1969. The ground-beetles (Carabidae, excl. Cicindelinae) of Canada and Alaska, parts 1-6. Opuscula E. Entomoligiska Sallskapet.","Kipling Will","Essig Museum of Entomology",,"No known compromise","N",,
"bddf8239-e7c6-4a16-899e-e726616ab85c","CPER_003.basePlot.bet","D10","CPER","CPER_003","2014-07-03","2014-07-17","2017-01-15","NEON.BET.D10.001356","EURGRO","Animalia","Arthropoda","Insecta","Coleoptera","Carabidae","Harpalinae","Harpalini","Euryderus",,"grossus",,"Euryderus grossus","Say","species",,"U",,"Lindroth, C. H. 1969. The ground-beetles (Carabidae, excl. Cicindelinae) of Canada and Alaska, parts 1-6. Opuscula E. Entomoligiska Sallskapet.","Kipling Will","Essig Museum of Entomology",,"No known compromise","N",,
"d9791d83-3d0f-4097-a7a4-2814ca669ce5","CPER_003.basePlot.bet","D10","CPER","CPER_003","2014-07-03","2014-07-17","2017-01-15","NEON.BET.D10.001358","HARDES","Animalia","Arthropoda","Insecta","Coleoptera","Carabidae","Harpalinae","Harpalini","Harpalus","Opadius","desertus",,"Harpalus desertus","LeConte","species",,"M",,"Noonan, G. R. 1991. Classification, Cladistics, and Natural History of Native North American Harpalus Latreille (Insecta: Coleoptera: Carabidae: Harpalini), excluding subgenera Glanodes and Pseudophonus.","Kipling Will","Essig Museum of Entomology",,"No known compromise","N",,
"38c8330d-3851-4b12-a919-08fc29b4ad01","CPER_003.basePlot.bet","D10","CPER","CPER_003","2014-07-03","2014-07-17","2017-01-15","NEON.BET.D10.001708","PASELO","Animalia","Arthropoda","Insecta","Coleoptera","Carabidae","Scaritinae","Pasimachini","Pasimachus","Pasimachus","elongatus",,"Pasimachus elongatus","LeConte","species",,"F",,"Banninger, M. 1950. The subtribe Pasimachina (Coleoptera, Carabidae, Scaritini). Revista de Entomologica 21:481-511.","Kipling Will","Essig Museum of Entomology",,"No known compromise","N",,
"525476f4-3970-476a-948d-cebc039ad7be","CPER_010.basePlot.bet","D10","CPER","CPER_010","2014-07-03","2014-07-17","2017-01-15","NEON.BET.D10.001342","PASELO","Animalia","Arthropoda","Insecta","Coleoptera","Carabidae","Scaritinae","Pasimachini","Pasimachus","Pasimachus","elongatus",,"Pasimachus elongatus","LeConte","species",,"M",,"Banninger, M. 1950. The subtribe Pasimachina (Coleoptera, Carabidae, Scaritini). Revista de Entomologica 21:481-511.","Kipling Will","Essig Museum of Entomology",,"No known compromise","N",,
"f94df92a-4a1f-451c-88c9-1c7fc3b5865e","CPER_010.basePlot.bet","D10","CPER","CPER_010","2014-07-03","2014-07-17","2017-01-15","NEON.BET.D10.001343","HARDES","Animalia","Arthropoda","Insecta","Coleoptera","Carabidae","Harpalinae","Harpalini","Harpalus","Opadius","desertus",,"Harpalus desertus","LeConte","species",,"F",,"Noonan, G. R. 1991. Classification, Cladistics, and Natural History of Native North American Harpalus Latreille (Insecta: Coleoptera: Carabidae: Harpalini), excluding subgenera Glanodes and Pseudophonus.","Kipling Will","Essig Museum of Entomology",,"No known compromise","N",,
"5c78a20d-75ed-4aec-a276-b89c75a824ec","CPER_005.basePlot.bet","D10","CPER","CPER_005","2014-07-17","2014-07-31","2017-01-15","NEON.BET.D10.001392","AMACON3","Animalia","Arthropoda","Insecta","Coleoptera","Carabidae","Harpalinae","Zabrini","Amara","Amara","convexa",,"Amara convexa","LeConte","species",,"F",,"Lindroth, C. H. 1969. The ground-beetles (Carabidae, excl. Cicindelinae) of Canada and Alaska, parts 1-6. Opuscula E. Entomoligiska Sallskapet.","Kipling Will","Essig Museum of Entomology",,"No known compromise","N",,
"af296bdf-35c9-4251-8994-997c60580158","CPER_010.basePlot.bet","D10","CPER","CPER_010","2014-07-17","2014-07-31","2017-01-15","NEON.BET.D10.001740","AMACON3","Animalia","Arthropoda","Insecta","Coleoptera","Carabidae","Harpalinae","Zabrini","Amara","Amara","convexa",,"Amara convexa","LeConte","species",,"F",,"Lindroth, C. H. 1969. The ground-beetles (Carabidae, excl. Cicindelinae) of Canada and Alaska, parts 1-6. Opuscula E. Entomoligiska Sallskapet.","Kipling Will","Essig Museum of Entomology",,"No known compromise","N",,
"39c472b6-6e6e-4f23-9377-a239712c9fd7","CPER_005.basePlot.bet","D10","CPER","CPER_005","2014-07-17","2014-07-31","2017-01-15","NEON.BET.D10.001395","AMACON3","Animalia","Arthropoda","Insecta","Coleoptera","Carabidae","Harpalinae","Zabrini","Amara","Amara","convexa",,"Amara convexa","LeConte","species",,"M",,"Lindroth, C. H. 1969. The ground-beetles (Carabidae, excl. Cicindelinae) of Canada and Alaska, parts 1-6. Opuscula E. Entomoligiska Sallskapet.","Kipling Will","Essig Museum of Entomology",,"No known compromise","N",,
"f3066a91-6a25-429e-82a5-727400ae5129","CPER_005.basePlot.bet","D10","CPER","CPER_005","2014-07-17","2014-07-31","2017-01-15","NEON.BET.D10.001396","AMACON3","Animalia","Arthropoda","Insecta","Coleoptera","Carabidae","Harpalinae","Zabrini","Amara","Amara","convexa",,"Amara convexa","LeConte","species",,"F",,"Lindroth, C. H. 1969. The ground-beetles (Carabidae, excl. Cicindelinae) of Canada and Alaska, parts 1-6. Opuscula E. Entomoligiska Sallskapet.","Kipling Will","Essig Museum of Entomology",,"No known compromise","N",,
"c64f853a-5b2c-4acd-996c-a49f8d31de71","CPER_005.basePlot.bet","D10","CPER","CPER_005","2014-07-17","2014-07-31","2017-01-15","NEON.BET.D10.001397","AMACON3","Animalia","Arthropoda","Insecta","Coleoptera","Carabidae","Harpalinae","Zabrini","Amara","Amara","convexa",,"Amara convexa","LeConte","species",,"M",,"Lindroth, C. H. 1969. The ground-beetles (Carabidae, excl. Cicindelinae) of Canada and Alaska, parts 1-6. Opuscula E. Entomoligiska Sallskapet.","Kipling Will","Essig Museum of Entomology",,"No known compromise","N",,
"72faa107-e249-419e-bba2-a29d9d204490","CPER_005.basePlot.bet","D10","CPER","CPER_005","2014-07-17","2014-07-31","2017-01-15","NEON.BET.D10.001387","EURGRO","Animalia","Arthropoda","Insecta","Coleoptera","Carabidae","Harpalinae","Harpalini","Euryderus",,"grossus",,"Euryderus grossus","Say","species",,"U",,"Lindroth, C. H. 1969. The ground-beetles (Carabidae, excl. Cicindelinae) of Canada and Alaska, parts 1-6. Opuscula E. Entomoligiska Sallskapet.","Kipling Will","Essig Museum of Entomology",,"No known compromise","N",,
"782fbfe2-d3e9-4e30-a9cc-8fcb85f438fd","CPER_005.basePlot.bet","D10","CPER","CPER_005","2014-07-17","2014-07-31","2017-01-15","NEON.BET.D10.001391","AMACON3","Animalia","Arthropoda","Insecta","Coleoptera","Carabidae","Harpalinae","Zabrini","Amara","Amara","convexa",,"Amara convexa","LeConte","species",,"F",,"Lindroth, C. H. 1969. The ground-beetles (Carabidae, excl. Cicindelinae) of Canada and Alaska, parts 1-6. Opuscula E. Entomoligiska Sallskapet.","Kipling Will","Essig Museum of Entomology",,"No known compromise","N",,
"5adf0ea6-18ba-4ff4-80af-12766f3c88f5","CPER_005.basePlot.bet","D10","CPER","CPER_005","2014-07-17","2014-07-31","2017-01-15","NEON.BET.D10.001399","AMACON3","Animalia","Arthropoda","Insecta","Coleoptera","Carabidae","Harpalinae","Zabrini","Amara","Amara","convexa",,"Amara convexa","LeConte","species",,"F",,"Lindroth, C. H. 1969. The ground-beetles (Carabidae, excl. Cicindelinae) of Canada and Alaska, parts 1-6. Opuscula E. Entomoligiska Sallskapet.","Kipling Will","Essig Museum of Entomology",,"No known compromise","N",,
"deff1588-885c-4710-a386-f80576eb02ec","CPER_005.basePlot.bet","D10","CPER","CPER_005","2014-07-17","2014-07-31","2017-01-15","NEON.BET.D10.001398","AMACON3","Animalia","Arthropoda","Insecta","Coleoptera","Carabidae","Harpalinae","Zabrini","Amara","Amara","convexa",,"Amara convexa","LeConte","species",,"F",,"Lindroth, C. H. 1969. The ground-beetles (Carabidae, excl. Cicindelinae) of Canada and Alaska, parts 1-6. Opuscula E. Entomoligiska Sallskapet.","Kipling Will","Essig Museum of Entomology",,"No known compromise","N",,
"815d6ee7-c9b1-421b-93fc-851d9caeb384","CPER_005.basePlot.bet","D10","CPER","CPER_005","2014-07-17","2014-07-31","2017-01-15","NEON.BET.D10.001390","AMACON3","Animalia","Arthropoda","Insecta","Coleoptera","Carabidae","Harpalinae","Zabrini","Amara","Amara","convexa",,"Amara convexa","LeConte","species",,"F",,"Lindroth, C. H. 1969. The ground-beetles (Carabidae, excl. Cicindelinae) of Canada and Alaska, parts 1-6. Opuscula E. Entomoligiska Sallskapet.","Kipling Will","Essig Museum of Entomology",,"No known compromise","N",,
"f700d1c9-9ccc-4f42-812d-5b96a9ea6a03","CPER_005.basePlot.bet","D10","CPER","CPER_005","2014-07-17","2014-07-31","2017-01-15","NEON.BET.D10.001388","EURGRO","Animalia","Arthropoda","Insecta","Coleoptera","Carabidae","Harpalinae","Harpalini","Euryderus",,"grossus",,"Euryderus grossus","Say","species",,"U",,"Lindroth, C. H. 1969. The ground-beetles (Carabidae, excl. Cicindelinae) of Canada and Alaska, parts 1-6. Opuscula E. Entomoligiska Sallskapet.","Kipling Will","Essig Museum of Entomology",,"No known compromise","N",,
"91994eea-7b38-4121-9334-0f3661dbc2a7","CPER_004.basePlot.bet","D10","CPER","CPER_004","2014-07-17","2014-07-31","2017-01-15","NEON.BET.D10.001401","CYCCON1","Animalia","Arthropoda","Insecta","Coleoptera","Carabidae","Harpalinae","Pterostichini","Cyclotrachelus","Evarthrus","constrictus",,"Cyclotrachelus constrictus","Say","species",,"F",,"Freitag, R. 1969. A revision of the species of the genus Evarthrus LeConte. Quaestiones Entomologicae 5:89-212.","Kipling Will","Essig Museum of Entomology",,"No known compromise","N",,
"b47f9840-26be-48c6-b26c-c5c36582a473","CPER_004.basePlot.bet","D10","CPER","CPER_004","2014-07-17","2014-07-31","2017-01-15","NEON.BET.D10.001400","HARDES","Animalia","Arthropoda","Insecta","Coleoptera","Carabidae","Harpalinae","Harpalini","Harpalus","Opadius","desertus",,"Harpalus desertus","LeConte","species",,"M",,"Noonan, G. R. 1991. Classification, Cladistics, and Natural History of Native North American Harpalus Latreille (Insecta: Coleoptera: Carabidae: Harpalini), excluding subgenera Glanodes and Pseudophonus.","Kipling Will","Essig Museum of Entomology",,"No known compromise","N",,
"9c691994-bf06-4580-9d32-93a48bb6a870","CPER_004.basePlot.bet","D10","CPER","CPER_004","2014-07-17","2014-07-31","2017-01-15","NEON.BET.D10.001389","CRADUB","Animalia","Arthropoda","Insecta","Coleoptera","Carabidae","Harpalinae","Harpalini","Cratacanthus",,"dubius",,"Cratacanthus dubius","Palisot de Beauvois","species",,"M",,"Lindroth, C. H. 1969. The ground-beetles (Carabidae, excl. Cicindelinae) of Canada and Alaska, parts 1-6. Opuscula E. Entomoligiska Sallskapet.","Kipling Will","Essig Museum of Entomology",,"No known compromise","N",,
"e0326cbf-b8bd-4b23-aba6-5fe997c3a85a","CPER_006.basePlot.bet","D10","CPER","CPER_006","2014-07-17","2014-07-31","2017-01-15","NEON.BET.D10.001381","HARCAL","Animalia","Arthropoda","Insecta","Coleoptera","Carabidae","Harpalinae","Harpalini","Harpalus","Megapangus","caliginosus",,"Harpalus caliginosus","Fabricius","species",,"F",,"Will, K. W. 1997. Review of the species of the subgenus Megapangus Casey (Coeloptera: Carabidae, Harpalini, Harpalus Latreille). The Coleopterists Bulletin 51:43-51.","Kipling Will","Essig Museum of Entomology",,"No known compromise","N",,
"f16af825-30f8-4734-a566-69532b053a38","CPER_006.basePlot.bet","D10","CPER","CPER_006","2014-07-17","2014-07-31","2017-01-15","NEON.BET.D10.001385","PIOSET","Animalia","Arthropoda","Insecta","Coleoptera","Carabidae","Harpalinae","Harpalini","Piosoma",,"setosum",,"Piosoma setosum","LeConte","species",,"M",,"Lindroth, C. H. 1969. The ground-beetles (Carabidae, excl. Cicindelinae) of Canada and Alaska, parts 1-6. Opuscula E. Entomoligiska Sallskapet.","Kipling Will","Essig Museum of Entomology",,"No known compromise","N",,
"97e3cc00-20f8-40d1-9344-25dde4d30ef4","CPER_006.basePlot.bet","D10","CPER","CPER_006","2014-07-17","2014-07-31","2017-01-15","NEON.BET.D10.001384","EURGRO","Animalia","Arthropoda","Insecta","Coleoptera","Carabidae","Harpalinae","Harpalini","Euryderus",,"grossus",,"Euryderus grossus","Say","species",,"U",,"Lindroth, C. H. 1969. The ground-beetles (Carabidae, excl. Cicindelinae) of Canada and Alaska, parts 1-6. Opuscula E. Entomoligiska Sallskapet.","Kipling Will","Essig Museum of Entomology",,"No known compromise","N",,
"6429d9c5-3e27-4578-9bfc-d97d00bf90de","CPER_006.basePlot.bet","D10","CPER","CPER_006","2014-07-17","2014-07-31","2017-01-15","NEON.BET.D10.001383","PIOSET","Animalia","Arthropoda","Insecta","Coleoptera","Carabidae","Harpalinae","Harpalini","Piosoma",,"setosum",,"Piosoma setosum","LeConte","species",,"M",,"Lindroth, C. H. 1969. The ground-beetles (Carabidae, excl. Cicindelinae) of Canada and Alaska, parts 1-6. Opuscula E. Entomoligiska Sallskapet.","Kipling Will","Essig Museum of Entomology",,"No known compromise","N",,
"4687744d-bf72-4b94-bfe0-24947065f00e","CPER_006.basePlot.bet","D10","CPER","CPER_006","2014-07-17","2014-07-31","2017-01-15","NEON.BET.D10.001382","CRADUB","Animalia","Arthropoda","Insecta","Coleoptera","Carabidae","Harpalinae","Harpalini","Cratacanthus",,"dubius",,"Cratacanthus dubius","Palisot de Beauvois","species",,"F",,"Lindroth, C. H. 1969. The ground-beetles (Carabidae, excl. Cicindelinae) of Canada and Alaska, parts 1-6. Opuscula E. Entomoligiska Sallskapet.","Kipling Will","Essig Museum of Entomology",,"No known compromise","N",,
"3aaaa0f7-16ef-4442-ab22-a29f1aaf3a3c","CPER_006.basePlot.bet","D10","CPER","CPER_006","2014-07-17","2014-07-31","2017-01-15","NEON.BET.D10.001386","PIOSET","Animalia","Arthropoda","Insecta","Coleoptera","Carabidae","Harpalinae","Harpalini","Piosoma",,"setosum",,"Piosoma setosum","LeConte","species",,"F",,"Lindroth, C. H. 1969. The ground-beetles (Carabidae, excl. Cicindelinae) of Canada and Alaska, parts 1-6. Opuscula E. Entomoligiska Sallskapet.","Kipling Will","Essig Museum of Entomology",,"No known compromise","N",,
"de9c61ec-8fff-4e42-8592-8c41627614f0","CPER_002.basePlot.bet","D10","CPER","CPER_002","2014-07-17","2014-07-31","2017-01-15","NEON.BET.D10.001371","CRADUB","Animalia","Arthropoda","Insecta","Coleoptera","Carabidae","Harpalinae","Harpalini","Cratacanthus",,"dubius",,"Cratacanthus dubius","Palisot de Beauvois","species",,"M",,"Lindroth, C. H. 1969. The ground-beetles (Carabidae, excl. Cicindelinae) of Canada and Alaska, parts 1-6. Opuscula E. Entomoligiska Sallskapet.","Kipling Will","Essig Museum of Entomology",,"No known compromise","N",,
"65fb2cdc-168f-43d7-b9d0-a65174081eb3","CPER_002.basePlot.bet","D10","CPER","CPER_002","2014-07-17","2014-07-31","2017-01-15","NEON.BET.D10.001375","SELPLA","Animalia","Arthropoda","Insecta","Coleoptera","Carabidae","Harpalinae","Harpalini","Selenophorus","Selenophorus","planipennis",,"Selenophorus planipennis","LeConte","species",,"M",,"Lindroth, C. H. 1969. The ground-beetles (Carabidae, excl. Cicindelinae) of Canada and Alaska, parts 1-6. Opuscula E. Entomoligiska Sallskapet.","Kipling Will","Essig Museum of Entomology",,"No known compromise","N",,
"a4c017be-4f4e-4a12-a537-4b255bd6a447","CPER_002.basePlot.bet","D10","CPER","CPER_002","2014-07-17","2014-07-31","2017-01-15","NEON.BET.D10.001368","HARPEN","Animalia","Arthropoda","Insecta","Coleoptera","Carabidae","Harpalinae","Harpalini","Harpalus","Pseudoophonus","pensylvanicus",,"Harpalus pensylvanicus","DeGeer","species",,"F",,"Ball, G. E., and J. N. Anderson. 1962. The taxonomy and speciation of Pseudophonus (a subgenus of Harpalus: Haralini: Carabidae, known to occur in North America). The Catholic University of America Press, Washington 17, D. C.","Kipling Will","Essig Museum of Entomology",,"No known compromise","N",,
"170b6360-4a3b-48d0-9664-dbf5c254507b","CPER_002.basePlot.bet","D10","CPER","CPER_002","2014-07-17","2014-07-31","2017-01-15","NEON.BET.D10.001376","SELPLA","Animalia","Arthropoda","Insecta","Coleoptera","Carabidae","Harpalinae","Harpalini","Selenophorus","Selenophorus","planipennis",,"Selenophorus planipennis","LeConte","species",,"M",,"Lindroth, C. H. 1969. The ground-beetles (Carabidae, excl. Cicindelinae) of Canada and Alaska, parts 1-6. Opuscula E. Entomoligiska Sallskapet.","Kipling Will","Essig Museum of Entomology",,"No known compromise","N",,
"f363ddb7-62b3-40a5-866c-769e4d5fb03f","CPER_002.basePlot.bet","D10","CPER","CPER_002","2014-07-17","2014-07-31","2017-01-15","NEON.BET.D10.001370","SELPLA","Animalia","Arthropoda","Insecta","Coleoptera","Carabidae","Harpalinae","Harpalini","Selenophorus","Selenophorus","planipennis",,"Selenophorus planipennis","LeConte","species",,"M",,"Lindroth, C. H. 1969. The ground-beetles (Carabidae, excl. Cicindelinae) of Canada and Alaska, parts 1-6. Opuscula E. Entomoligiska Sallskapet.","Kipling Will","Essig Museum of Entomology",,"No known compromise","N",,
"f8d87eb7-9536-412b-94d2-51efd3d411aa","CPER_002.basePlot.bet","D10","CPER","CPER_002","2014-07-17","2014-07-31","2017-01-15","NEON.BET.D10.001377","SELPLA","Animalia","Arthropoda","Insecta","Coleoptera","Carabidae","Harpalinae","Harpalini","Selenophorus","Selenophorus","planipennis",,"Selenophorus planipennis","LeConte","species",,"F",,"Lindroth, C. H. 1969. The ground-beetles (Carabidae, excl. Cicindelinae) of Canada and Alaska, parts 1-6. Opuscula E. Entomoligiska Sallskapet.","Kipling Will","Essig Museum of Entomology",,"No known compromise","N",,
"4f055160-b1b3-4a4c-988a-9cc04c8fea00","CPER_002.basePlot.bet","D10","CPER","CPER_002","2014-07-17","2014-07-31","2017-01-15","NEON.BET.D10.001378","SELPLA","Animalia","Arthropoda","Insecta","Coleoptera","Carabidae","Harpalinae","Harpalini","Selenophorus","Selenophorus","planipennis",,"Selenophorus planipennis","LeConte","species",,"M",,"Lindroth, C. H. 1969. The ground-beetles (Carabidae, excl. Cicindelinae) of Canada and Alaska, parts 1-6. Opuscula E. Entomoligiska Sallskapet.","Kipling Will","Essig Museum of Entomology",,"No known compromise","N",,
"44d57a2e-8357-41a4-b7c5-131a511ca138","CPER_002.basePlot.bet","D10","CPER","CPER_002","2014-07-17","2014-07-31","2017-01-15","NEON.BET.D10.001369","DISPAR1","Animalia","Arthropoda","Insecta","Coleoptera","Carabidae","Harpalinae","Harpalini","Discoderus",,"parallelus",,"Discoderus parallelus","Haldeman","species",,"M",,"Lindroth, C. H. 1969. The ground-beetles (Carabidae, excl. Cicindelinae) of Canada and Alaska, parts 1-6. Opuscula E. Entomoligiska Sallskapet.","Kipling Will","Essig Museum of Entomology",,"No known compromise","N",,
"8b02b2bf-055b-4939-81da-e643eb563d83","CPER_002.basePlot.bet","D10","CPER","CPER_002","2014-07-17","2014-07-31","2017-01-15","NEON.BET.D10.001380","CRADUB","Animalia","Arthropoda","Insecta","Coleoptera","Carabidae","Harpalinae","Harpalini","Cratacanthus",,"dubius",,"Cratacanthus dubius","Palisot de Beauvois","species",,"M",,"Lindroth, C. H. 1969. The ground-beetles (Carabidae, excl. Cicindelinae) of Canada and Alaska, parts 1-6. Opuscula E. Entomoligiska Sallskapet.","Kipling Will","Essig Museum of Entomology",,"No known compromise","N",,
"4a8f8328-c8c4-4b90-93e0-4aeae35de79e","CPER_002.basePlot.bet","D10","CPER","CPER_002","2014-07-17","2014-07-31","2017-01-15","NEON.BET.D10.001374","SELPLA","Animalia","Arthropoda","Insecta","Coleoptera","Carabidae","Harpalinae","Harpalini","Selenophorus","Selenophorus","planipennis",,"Selenophorus planipennis","LeConte","species",,"M",,"Lindroth, C. H. 1969. The ground-beetles (Carabidae, excl. Cicindelinae) of Canada and Alaska, parts 1-6. Opuscula E. Entomoligiska Sallskapet.","Kipling Will","Essig Museum of Entomology",,"No known compromise","N",,
"baca5bf8-74a9-405a-8451-b70f20303102","CPER_002.basePlot.bet","D10","CPER","CPER_002","2014-07-17","2014-07-31","2017-01-15","NEON.BET.D10.001379","CRADUB","Animalia","Arthropoda","Insecta","Coleoptera","Carabidae","Harpalinae","Harpalini","Cratacanthus",,"dubius",,"Cratacanthus dubius","Palisot de Beauvois","species",,"M",,"Lindroth, C. H. 1969. The ground-beetles (Carabidae, excl. Cicindelinae) of Canada and Alaska, parts 1-6. Opuscula E. Entomoligiska Sallskapet.","Kipling Will","Essig Museum of Entomology",,"No known compromise","N",,
"4c8222a0-561b-4ef2-984c-4f7d2af4253b","CPER_002.basePlot.bet","D10","CPER","CPER_002","2014-07-17","2014-07-31","2017-01-15","NEON.BET.D10.001373","EURGRO","Animalia","Arthropoda","Insecta","Coleoptera","Carabidae","Harpalinae","Harpalini","Euryderus",,"grossus",,"Euryderus grossus","Say","species",,"U",,"Lindroth, C. H. 1969. The ground-beetles (Carabidae, excl. Cicindelinae) of Canada and Alaska, parts 1-6. Opuscula E. Entomoligiska Sallskapet.","Kipling Will","Essig Museum of Entomology",,"No known compromise","N",,
"cfac10e5-10f4-4dc0-a2d8-6d75ab9e8d4a","CPER_002.basePlot.bet","D10","CPER","CPER_002","2014-07-17","2014-07-31","2017-01-15","NEON.BET.D10.001372","CRADUB","Animalia","Arthropoda","Insecta","Coleoptera","Carabidae","Harpalinae","Harpalini","Cratacanthus",,"dubius",,"Cratacanthus dubius","Palisot de Beauvois","species",,"M",,"Lindroth, C. H. 1969. The ground-beetles (Carabidae, excl. Cicindelinae) of Canada and Alaska, parts 1-6. Opuscula E. Entomoligiska Sallskapet.","Kipling Will","Essig Museum of Entomology",,"No known compromise","N",,
"35981ab5-130f-4947-805c-0c94b24e26c4","CPER_004.basePlot.bet","D10","CPER","CPER_004","2014-07-17","2014-07-31","2017-01-15","NEON.BET.D10.001413","PASELO","Animalia","Arthropoda","Insecta","Coleoptera","Carabidae","Scaritinae","Pasimachini","Pasimachus","Pasimachus","elongatus",,"Pasimachus elongatus","LeConte","species",,"M",,"Banninger, M. 1950. The subtribe Pasimachina (Coleoptera, Carabidae, Scaritini). Revista de Entomologica 21:481-511.","Kipling Will","Essig Museum of Entomology",,"No known compromise","N",,
"1937ac13-6a52-4ef3-9483-b34494648689","CPER_007.basePlot.bet","D10","CPER","CPER_007","2014-07-17","2014-07-31","2017-01-15","NEON.BET.D10.001415","CRADUB","Animalia","Arthropoda","Insecta","Coleoptera","Carabidae","Harpalinae","Harpalini","Cratacanthus",,"dubius",,"Cratacanthus dubius","Palisot de Beauvois","species",,"M",,"Lindroth, C. H. 1969. The ground-beetles (Carabidae, excl. Cicindelinae) of Canada and Alaska, parts 1-6. Opuscula E. Entomoligiska Sallskapet.","Kipling Will","Essig Museum of Entomology",,"No known compromise","N",,
"1296e9c9-633a-4684-b3cb-04da9ec1f1e1","CPER_007.basePlot.bet","D10","CPER","CPER_007","2014-07-17","2014-07-31","2017-01-15","NEON.BET.D10.001414","PASELO","Animalia","Arthropoda","Insecta","Coleoptera","Carabidae","Scaritinae","Pasimachini","Pasimachus","Pasimachus","elongatus",,"Pasimachus elongatus","LeConte","species",,"M",,"Banninger, M. 1950. The subtribe Pasimachina (Coleoptera, Carabidae, Scaritini). Revista de Entomologica 21:481-511.","Kipling Will","Essig Museum of Entomology",,"No known compromise","N",,
"56fafc4f-7af5-4288-8bf0-6528592dfb30","CPER_004.basePlot.bet","D10","CPER","CPER_004","2014-07-17","2014-07-31","2017-01-15","NEON.BET.D10.001412","PASELO","Animalia","Arthropoda","Insecta","Coleoptera","Carabidae","Scaritinae","Pasimachini","Pasimachus","Pasimachus","elongatus",,"Pasimachus elongatus","LeConte","species",,"M",,"Banninger, M. 1950. The subtribe Pasimachina (Coleoptera, Carabidae, Scaritini). Revista de Entomologica 21:481-511.","Kipling Will","Essig Museum of Entomology",,"No known compromise","N",,
"bb34f974-4017-4957-9267-637ee0958905","CPER_008.basePlot.bet","D10","CPER","CPER_008","2014-07-17","2014-07-31","2017-01-15","NEON.BET.D10.001484","SELPLA","Animalia","Arthropoda","Insecta","Coleoptera","Carabidae","Harpalinae","Harpalini","Selenophorus","Selenophorus","planipennis",,"Selenophorus planipennis","LeConte","species",,"M",,"Lindroth, C. H. 1969. The ground-beetles (Carabidae, excl. Cicindelinae) of Canada and Alaska, parts 1-6. Opuscula E. Entomoligiska Sallskapet.","Kipling Will","Essig Museum of Entomology",,"No known compromise","N",,
"de917bea-2c3e-48c9-8f80-319c615b0dff","CPER_007.basePlot.bet","D10","CPER","CPER_007","2014-07-17","2014-07-31","2017-01-15","NEON.BET.D10.001485","PIOSET","Animalia","Arthropoda","Insecta","Coleoptera","Carabidae","Harpalinae","Harpalini","Piosoma",,"setosum",,"Piosoma setosum","LeConte","species",,"M",,"Lindroth, C. H. 1969. The ground-beetles (Carabidae, excl. Cicindelinae) of Canada and Alaska, parts 1-6. Opuscula E. Entomoligiska Sallskapet.","Kipling Will","Essig Museum of Entomology",,"No known compromise","N",,
"197dee7d-536d-4a6b-8311-ff05f5e102c8","CPER_006.basePlot.bet","D10","CPER","CPER_006","2014-07-17","2014-07-31","2017-01-15","NEON.BET.D10.001486","CICPUN1","Animalia","Arthropoda","Insecta","Coleoptera","Carabidae","Cicindelinae","Cicindelini","Cicindela","Cicindelidia","punctulata","punctulata","Cicindela punctulata punctulata","Olivier","subspecies",,"M",,"Pearson, D., C. B. Knisley, and C. J. Kazilek. 2006. A Field Guide to the Tiger Beetles of the United States and Canada: Identification, Natural History, and Distribution of the Cicindelidae. Oxford University Press, New York.","Kipling Will","Essig Museum of Entomology",,"No known compromise","N",,
"04a7b439-659d-41de-a454-c82f634358d0","CPER_001.basePlot.bet","D10","CPER","CPER_001","2014-07-17","2014-07-31","2017-01-15","NEON.BET.D10.001754","HARELL","Animalia","Arthropoda","Insecta","Coleoptera","Carabidae","Harpalinae","Harpalini","Harpalus","Harpalus","ellipsis",,"Harpalus ellipsis","LeConte","species",,"F",,"Noonan, G. R. 1991. Classification, Cladistics, and Natural History of Native North American Harpalus Latreille (Insecta: Coleoptera: Carabidae: Harpalini), excluding subgenera Glanodes and Pseudophonus.","Kipling Will","Essig Museum of Entomology",,"No known compromise","N",,
"cb64b66c-de46-487b-9591-22624207da83","CPER_003.basePlot.bet","D10","CPER","CPER_003","2014-07-17","2014-07-31","2017-01-15","NEON.BET.D10.001760","AMACON3","Animalia","Arthropoda","Insecta","Coleoptera","Carabidae","Harpalinae","Zabrini","Amara","Amara","convexa",,"Amara convexa","LeConte","species",,"F",,"Lindroth, C. H. 1969. The ground-beetles (Carabidae, excl. Cicindelinae) of Canada and Alaska, parts 1-6. Opuscula E. Entomoligiska Sallskapet.","Kipling Will","Essig Museum of Entomology",,"No known compromise","N",,
"83a403ea-99f9-4b21-a81f-0256f694cde1","CPER_003.basePlot.bet","D10","CPER","CPER_003","2014-07-17","2014-07-31","2017-01-15","NEON.BET.D10.001761","HARELL","Animalia","Arthropoda","Insecta","Coleoptera","Carabidae","Harpalinae","Harpalini","Harpalus","Harpalus","ellipsis",,"Harpalus ellipsis","LeConte","species",,"F",,"Noonan, G. R. 1991. Classification, Cladistics, and Natural History of Native North American Harpalus Latreille (Insecta: Coleoptera: Carabidae: Harpalini), excluding subgenera Glanodes and Pseudophonus.","Kipling Will","Essig Museum of Entomology",,"No known compromise","N",,
"ab3df59e-df04-4c15-ab20-b0edfe163ab4","CPER_003.basePlot.bet","D10","CPER","CPER_003","2014-07-17","2014-07-31","2017-01-15","NEON.BET.D10.001759","HARDES","Animalia","Arthropoda","Insecta","Coleoptera","Carabidae","Harpalinae","Harpalini","Harpalus","Opadius","desertus",,"Harpalus desertus","LeConte","species",,"M",,"Noonan, G. R. 1991. Classification, Cladistics, and Natural History of Native North American Harpalus Latreille (Insecta: Coleoptera: Carabidae: Harpalini), excluding subgenera Glanodes and Pseudophonus.","Kipling Will","Essig Museum of Entomology",,"No known compromise","N",,
"50d1e9d3-ddc8-4701-9ac5-04a893f4956e","CPER_003.basePlot.bet","D10","CPER","CPER_003","2014-07-17","2014-07-31","2017-01-15","NEON.BET.D10.001758","PIOSET","Animalia","Arthropoda","Insecta","Coleoptera","Carabidae","Harpalinae","Harpalini","Piosoma",,"setosum",,"Piosoma setosum","LeConte","species",,"F",,"Lindroth, C. H. 1969. The ground-beetles (Carabidae, excl. Cicindelinae) of Canada and Alaska, parts 1-6. Opuscula E. Entomoligiska Sallskapet.","Kipling Will","Essig Museum of Entomology",,"No known compromise","N",,
"97c6fd6a-c368-403f-9354-7e2d23fb4738","CPER_003.basePlot.bet","D10","CPER","CPER_003","2014-07-17","2014-07-31","2017-01-15","NEON.BET.D10.001757","PIOSET","Animalia","Arthropoda","Insecta","Coleoptera","Carabidae","Harpalinae","Harpalini","Piosoma",,"setosum",,"Piosoma setosum","LeConte","species",,"M",,"Lindroth, C. H. 1969. The ground-beetles (Carabidae, excl. Cicindelinae) of Canada and Alaska, parts 1-6. Opuscula E. Entomoligiska Sallskapet.","Kipling Will","Essig Museum of Entomology",,"No known compromise","N",,
"19d47669-4d1f-47e6-b072-b9f1c6ff2e15","CPER_006.basePlot.bet","D10","CPER","CPER_006","2014-07-17","2014-07-31","2017-01-15","NEON.BET.D10.001744","CICPUN1","Animalia","Arthropoda","Insecta","Coleoptera","Carabidae","Cicindelinae","Cicindelini","Cicindela","Cicindelidia","punctulata","punctulata","Cicindela punctulata punctulata","Olivier","subspecies",,"M",,"Pearson, D., C. B. Knisley, and C. J. Kazilek. 2006. A Field Guide to the Tiger Beetles of the United States and Canada: Identification, Natural History, and Distribution of the Cicindelidae. Oxford University Press, New York.","Kipling Will","Essig Museum of Entomology",,"No known compromise","N",,
"286773cf-1534-4b2d-8c8d-b0e92cf77f2e","CPER_006.basePlot.bet","D10","CPER","CPER_006","2014-07-17","2014-07-31","2017-01-15","NEON.BET.D10.001746","HARCAL","Animalia","Arthropoda","Insecta","Coleoptera","Carabidae","Harpalinae","Harpalini","Harpalus","Megapangus","caliginosus",,"Harpalus caliginosus","Fabricius","species",,"M",,"Will, K. W. 1997. Review of the species of the subgenus Megapangus Casey (Coeloptera: Carabidae, Harpalini, Harpalus Latreille). The Coleopterists Bulletin 51:43-51.","Kipling Will","Essig Museum of Entomology",,"No known compromise","N",,
"ffff93e3-9925-498b-935a-1fdaec713343","CPER_006.basePlot.bet","D10","CPER","CPER_006","2014-07-17","2014-07-31","2017-01-15","NEON.BET.D10.001748","PIOSET","Animalia","Arthropoda","Insecta","Coleoptera","Carabidae","Harpalinae","Harpalini","Piosoma",,"setosum",,"Piosoma setosum","LeConte","species",,"M",,"Lindroth, C. H. 1969. The ground-beetles (Carabidae, excl. Cicindelinae) of Canada and Alaska, parts 1-6. Opuscula E. Entomoligiska Sallskapet.","Kipling Will","Essig Museum of Entomology",,"No known compromise","N",,
"0d85dd73-6d38-4525-a936-36aa68b9baff","CPER_006.basePlot.bet","D10","CPER","CPER_006","2014-07-17","2014-07-31","2017-01-15","NEON.BET.D10.001745","HARCAL","Animalia","Arthropoda","Insecta","Coleoptera","Carabidae","Harpalinae","Harpalini","Harpalus","Megapangus","caliginosus",,"Harpalus caliginosus","Fabricius","species",,"F",,"Will, K. W. 1997. Review of the species of the subgenus Megapangus Casey (Coeloptera: Carabidae, Harpalini, Harpalus Latreille). The Coleopterists Bulletin 51:43-51.","Kipling Will","Essig Museum of Entomology",,"No known compromise","N",,
"c860d932-e81f-45ce-a184-35081d29a326","CPER_006.basePlot.bet","D10","CPER","CPER_006","2014-07-17","2014-07-31","2017-01-15","NEON.BET.D10.001742","CICPUN1","Animalia","Arthropoda","Insecta","Coleoptera","Carabidae","Cicindelinae","Cicindelini","Cicindela","Cicindelidia","punctulata","punctulata","Cicindela punctulata punctulata","Olivier","subspecies",,"M",,"Pearson, D., C. B. Knisley, and C. J. Kazilek. 2006. A Field Guide to the Tiger Beetles of the United States and Canada: Identification, Natural History, and Distribution of the Cicindelidae. Oxford University Press, New York.","Kipling Will","Essig Museum of Entomology",,"No known compromise","N",,
"1d49a673-9e4e-4ec0-b5cf-5d8a3a23cefd","CPER_006.basePlot.bet","D10","CPER","CPER_006","2014-07-17","2014-07-31","2017-01-15","NEON.BET.D10.001752","DISPAR1","Animalia","Arthropoda","Insecta","Coleoptera","Carabidae","Harpalinae","Harpalini","Discoderus",,"parallelus",,"Discoderus parallelus","Haldeman","species",,"F",,"Lindroth, C. H. 1969. The ground-beetles (Carabidae, excl. Cicindelinae) of Canada and Alaska, parts 1-6. Opuscula E. Entomoligiska Sallskapet.","Kipling Will","Essig Museum of Entomology",,"No known compromise","N",,
"561d92c1-a98a-4018-8893-81974807c4de","CPER_006.basePlot.bet","D10","CPER","CPER_006","2014-07-17","2014-07-31","2017-01-15","NEON.BET.D10.001753","DISPAR1","Animalia","Arthropoda","Insecta","Coleoptera","Carabidae","Harpalinae","Harpalini","Discoderus",,"parallelus",,"Discoderus parallelus","Haldeman","species",,"M",,"Lindroth, C. H. 1969. The ground-beetles (Carabidae, excl. Cicindelinae) of Canada and Alaska, parts 1-6. Opuscula E. Entomoligiska Sallskapet.","Kipling Will","Essig Museum of Entomology",,"No known compromise","N",,
"d458d139-3862-4723-a794-ea129be6930c","CPER_006.basePlot.bet","D10","CPER","CPER_006","2014-07-17","2014-07-31","2017-01-15","NEON.BET.D10.001747","HARCAL","Animalia","Arthropoda","Insecta","Coleoptera","Carabidae","Harpalinae","Harpalini","Harpalus","Megapangus","caliginosus",,"Harpalus caliginosus","Fabricius","species",,"F",,"Will, K. W. 1997. Review of the species of the subgenus Megapangus Casey (Coeloptera: Carabidae, Harpalini, Harpalus Latreille). The Coleopterists Bulletin 51:43-51.","Kipling Will","Essig Museum of Entomology",,"No known compromise","N",,
"a2d5b941-816b-48d7-8aea-7b6818a5da65","CPER_006.basePlot.bet","D10","CPER","CPER_006","2014-07-17","2014-07-31","2017-01-15","NEON.BET.D10.001750","SELPLA","Animalia","Arthropoda","Insecta","Coleoptera","Carabidae","Harpalinae","Harpalini","Selenophorus","Selenophorus","planipennis",,"Selenophorus planipennis","LeConte","species",,"M",,"Lindroth, C. H. 1969. The ground-beetles (Carabidae, excl. Cicindelinae) of Canada and Alaska, parts 1-6. Opuscula E. Entomoligiska Sallskapet.","Kipling Will","Essig Museum of Entomology",,"No known compromise","N",,
"6b806d46-2ab3-4887-a6c7-a7badf360415","CPER_006.basePlot.bet","D10","CPER","CPER_006","2014-07-17","2014-07-31","2017-01-15","NEON.BET.D10.001749","PIOSET","Animalia","Arthropoda","Insecta","Coleoptera","Carabidae","Harpalinae","Harpalini","Piosoma",,"setosum",,"Piosoma setosum","LeConte","species",,"F",,"Lindroth, C. H. 1969. The ground-beetles (Carabidae, excl. Cicindelinae) of Canada and Alaska, parts 1-6. Opuscula E. Entomoligiska Sallskapet.","Kipling Will","Essig Museum of Entomology",,"No known compromise","N",,
"2e7016cc-34f1-4fd9-9eae-f35bb5954947","CPER_006.basePlot.bet","D10","CPER","CPER_006","2014-07-17","2014-07-31","2017-01-15","NEON.BET.D10.001751","DISPAR1","Animalia","Arthropoda","Insecta","Coleoptera","Carabidae","Harpalinae","Harpalini","Discoderus",,"parallelus",,"Discoderus parallelus","Haldeman","species",,"M",,"Lindroth, C. H. 1969. The ground-beetles (Carabidae, excl. Cicindelinae) of Canada and Alaska, parts 1-6. Opuscula E. Entomoligiska Sallskapet.","Kipling Will","Essig Museum of Entomology",,"No known compromise","N",,
"eb65bb67-dc69-4314-833e-04f2175cf51f","CPER_009.basePlot.bet","D10","CPER","CPER_009","2014-07-17","2014-07-31","2017-01-15","NEON.BET.D10.001756","AMACON3","Animalia","Arthropoda","Insecta","Coleoptera","Carabidae","Harpalinae","Zabrini","Amara","Amara","convexa",,"Amara convexa","LeConte","species",,"M",,"Lindroth, C. H. 1969. The ground-beetles (Carabidae, excl. Cicindelinae) of Canada and Alaska, parts 1-6. Opuscula E. Entomoligiska Sallskapet.","Kipling Will","Essig Museum of Entomology",,"No known compromise","N",,
"a3d525a8-55af-4b34-9179-0fa66402ce8e","CPER_006.basePlot.bet","D10","CPER","CPER_006","2014-07-17","2014-07-31","2017-01-15","NEON.BET.D10.001743","CICPUN1","Animalia","Arthropoda","Insecta","Coleoptera","Carabidae","Cicindelinae","Cicindelini","Cicindela","Cicindelidia","punctulata","punctulata","Cicindela punctulata punctulata","Olivier","subspecies",,"M",,"Pearson, D., C. B. Knisley, and C. J. Kazilek. 2006. A Field Guide to the Tiger Beetles of the United States and Canada: Identification, Natural History, and Distribution of the Cicindelidae. Oxford University Press, New York.","Kipling Will","Essig Museum of Entomology",,"No known compromise","N",,
"dc1de0e5-40bc-4d61-8b0a-712ac5fc8348","CPER_009.basePlot.bet","D10","CPER","CPER_009","2014-07-17","2014-07-31","2017-01-15","NEON.BET.D10.001755","DISPAR1","Animalia","Arthropoda","Insecta","Coleoptera","Carabidae","Harpalinae","Harpalini","Discoderus",,"parallelus",,"Discoderus parallelus","Haldeman","species",,"F",,"Lindroth, C. H. 1969. The ground-beetles (Carabidae, excl. Cicindelinae) of Canada and Alaska, parts 1-6. Opuscula E. Entomoligiska Sallskapet.","Kipling Will","Essig Museum of Entomology",,"No known compromise","N",,
"faa79634-b0a3-46bf-8d09-b69babec8554","CPER_010.basePlot.bet","D10","CPER","CPER_010","2014-07-17","2014-07-31","2017-01-15","NEON.BET.D10.001741","HARDES","Animalia","Arthropoda","Insecta","Coleoptera","Carabidae","Harpalinae","Harpalini","Harpalus","Opadius","desertus",,"Harpalus desertus","LeConte","species",,"F",,"Noonan, G. R. 1991. Classification, Cladistics, and Natural History of Native North American Harpalus Latreille (Insecta: Coleoptera: Carabidae: Harpalini), excluding subgenera Glanodes and Pseudophonus.","Kipling Will","Essig Museum of Entomology",,"No known compromise","N",,
"393ba18a-0696-476d-b7df-dd912afccfcd","CPER_005.basePlot.bet","D10","CPER","CPER_005","2014-07-17","2014-07-31","2017-01-15","NEON.BET.D10.001393","AMACON3","Animalia","Arthropoda","Insecta","Coleoptera","Carabidae","Harpalinae","Zabrini","Amara","Amara","convexa",,"Amara convexa","LeConte","species",,"F",,"Lindroth, C. H. 1969. The ground-beetles (Carabidae, excl. Cicindelinae) of Canada and Alaska, parts 1-6. Opuscula E. Entomoligiska Sallskapet.","Kipling Will","Essig Museum of Entomology",,"No known compromise","N",,
