uid,namedLocation,domainID,siteID,plotID,trapID,setDate,collectDate,processingDate,identifiedDate,subsampleID,individualID,taxonID,scientificName,taxonRank,identificationQualifier,scientificNameAuthorship,morphospeciesID,identificationReferences,totalLength,identifiedBy,recordedBy,remarks
"5d651ffe-c8fe-4c7a-98f8-08845f9a8b5f","CPER_002.basePlot.bet","D10","CPER","CPER_002","E","2014-06-19","2014-07-03","2015-01-13","2015-01-13","OMNGlFKVPvT/Qv6kdTf/Eb6a8ymj53qmVzy0M6rMNOo=","NEON.BET.D10.001309","SELSP2","Selenophorus sp.","genus",,"Dejean",,"Other",,"XXW8BqPXtz8Ncjf8bOi7gc6Hj7+NVXsl","XXW8BqPXtz8Ncjf8bOi7gc6Hj7+NVXsl",
"1349ffe0-a95f-4de1-a7f0-95f85188b0ef","CPER_002.basePlot.bet","D10","CPER","CPER_002","E","2014-06-19","2014-07-03","2015-01-13","2015-01-13","OMNGlFKVPvT/Qv6kdTf/Eb6a8ymj53qmVzy0M6rMNOo=","NEON.BET.D10.001304","SELSP2","Selenophorus sp.","genus",,"Dejean",,"Other",,"XXW8BqPXtz8Ncjf8bOi7gc6Hj7+NVXsl","XXW8BqPXtz8Ncjf8bOi7gc6Hj7+NVXsl",
"abf7fbdb-617b-40b8-9fcd-05a7472de009","CPER_002.basePlot.bet","D10","CPER","CPER_002","E","2014-06-19","2014-07-03","2015-01-13","2015-01-13","OMNGlFKVPvT/Qv6kdTf/Eb6a8ymj53qmVzy0M6rMNOo=","NEON.BET.D10.001308","SELSP2","Selenophorus sp.","genus",,"Dejean",,"Other",,"XXW8BqPXtz8Ncjf8bOi7gc6Hj7+NVXsl","XXW8BqPXtz8Ncjf8bOi7gc6Hj7+NVXsl",
"26f8aab2-0c87-4cdc-9f82-732b7a54fbf6","CPER_002.basePlot.bet","D10","CPER","CPER_002","E","2014-06-19","2014-07-03","2015-01-13","2015-01-13","OMNGlFKVPvT/Qv6kdTf/Eb6a8ymj53qmVzy0M6rMNOo=","NEON.BET.D10.001306","SELSP2","Selenophorus sp.","genus",,"Dejean",,"Other",,"XXW8BqPXtz8Ncjf8bOi7gc6Hj7+NVXsl","XXW8BqPXtz8Ncjf8bOi7gc6Hj7+NVXsl",
"bd8afe6f-1f0b-4430-a312-76d16ca13503","CPER_009.basePlot.bet","D10","CPER","CPER_009","E","2014-06-19","2014-07-03","2015-01-07","2015-01-12","KY+Aed9dLRv1CQurw/uxZGgxWWLOkhusmrdBfaYOl1Q=","NEON.BET.D10.001265","SELSP2","Selenophorus sp.","genus",,"Dejean",,"Other",,"XXW8BqPXtz8Ncjf8bOi7gc6Hj7+NVXsl","XXW8BqPXtz8Ncjf8bOi7gc6Hj7+NVXsl",
"f934fae6-0bf1-4482-b692-d1546ae45e5b","CPER_002.basePlot.bet","D10","CPER","CPER_002","E","2014-06-19","2014-07-03","2015-01-13","2015-01-13","OMNGlFKVPvT/Qv6kdTf/Eb6a8ymj53qmVzy0M6rMNOo=","NEON.BET.D10.001307","SELSP2","Selenophorus sp.","genus",,"Dejean",,"Other",,"XXW8BqPXtz8Ncjf8bOi7gc6Hj7+NVXsl","XXW8BqPXtz8Ncjf8bOi7gc6Hj7+NVXsl",
"9aa5ee39-0df4-477e-8031-a9a6507e1a6e","CPER_002.basePlot.bet","D10","CPER","CPER_002","E","2014-06-19","2014-07-03","2015-01-13","2015-01-13","OMNGlFKVPvT/Qv6kdTf/Eb6a8ymj53qmVzy0M6rMNOo=","NEON.BET.D10.001305","SELSP2","Selenophorus sp.","genus",,"Dejean",,"Other",,"XXW8BqPXtz8Ncjf8bOi7gc6Hj7+NVXsl","XXW8BqPXtz8Ncjf8bOi7gc6Hj7+NVXsl",
"6835679c-808a-4e57-ae01-8cb6f35201ff","CPER_002.basePlot.bet","D10","CPER","CPER_002","E","2014-06-19","2014-07-03","2015-01-13","2015-01-13","OMNGlFKVPvT/Qv6kdTf/Eb6a8ymj53qmVzy0M6rMNOo=","NEON.BET.D10.001303","SELSP2","Selenophorus sp.","genus",,"Dejean",,"Other",,"XXW8BqPXtz8Ncjf8bOi7gc6Hj7+NVXsl","XXW8BqPXtz8Ncjf8bOi7gc6Hj7+NVXsl",
"0d53aca5-297f-4260-83f2-0cbf17827cf5","CPER_003.basePlot.bet","D10","CPER","CPER_003","E","2014-06-19","2014-07-03","2015-01-13","2015-01-13","omCPNZnkoGTaKCLsNHgAu1rpkIW0ZKtrX/N5g/lRNhA=","NEON.BET.D10.001315","HARCAL","Harpalus caliginosus","species",,"Fabricius",,"Other",,"XXW8BqPXtz8Ncjf8bOi7gc6Hj7+NVXsl","XXW8BqPXtz8Ncjf8bOi7gc6Hj7+NVXsl",
"b869c3bb-7cda-49c3-972c-a78728886d90","CPER_003.basePlot.bet","D10","CPER","CPER_003","E","2014-06-19","2014-07-03","2015-01-13","2015-01-13","omCPNZnkoGTaKCLsNHgAu1rpkIW0ZKtrX/N5g/lRNhA=","NEON.BET.D10.001316","DISPAR1","Discoderus parallelus","species",,"Haldeman",,"Other",,"XXW8BqPXtz8Ncjf8bOi7gc6Hj7+NVXsl","XXW8BqPXtz8Ncjf8bOi7gc6Hj7+NVXsl",
"462a0293-1af4-43a2-83e6-b6da747038ef","CPER_004.basePlot.bet","D10","CPER","CPER_004","E","2014-06-19","2014-07-03","2015-01-14","2015-01-14","eSCyThC0ZO62uGgw7h9Lj1+2JqrAOQ1lzyxbz7sGxK0=","NEON.BET.D10.001324","DISPAR1","Discoderus parallelus","species",,"Haldeman",,"Other",,"XXW8BqPXtz8Ncjf8bOi7gc6Hj7+NVXsl","XXW8BqPXtz8Ncjf8bOi7gc6Hj7+NVXsl",
"fc0c9048-4fb1-4b97-ac5c-aca1c5a425f9","CPER_009.basePlot.bet","D10","CPER","CPER_009","E","2014-06-19","2014-07-03","2015-01-07","2015-01-12","KY+Aed9dLRv1CQurw/uxZGgxWWLOkhusmrdBfaYOl1Q=","NEON.BET.D10.001266","SELSP2","Selenophorus sp.","genus",,"Dejean",,"Other",,"XXW8BqPXtz8Ncjf8bOi7gc6Hj7+NVXsl","XXW8BqPXtz8Ncjf8bOi7gc6Hj7+NVXsl",
"78165ed7-4d8b-4cbc-ba89-ffd1506054e7","CPER_009.basePlot.bet","D10","CPER","CPER_009","E","2014-06-19","2014-07-03","2015-01-07","2015-01-12","KY+Aed9dLRv1CQurw/uxZGgxWWLOkhusmrdBfaYOl1Q=","NEON.BET.D10.001267","SELSP2","Selenophorus sp.","genus",,"Dejean",,"Other",,"XXW8BqPXtz8Ncjf8bOi7gc6Hj7+NVXsl","XXW8BqPXtz8Ncjf8bOi7gc6Hj7+NVXsl",
"4b362869-8551-43ce-b5b2-dadfe5f8794c","CPER_002.basePlot.bet","D10","CPER","CPER_002","E","2014-06-19","2014-07-03","2015-01-13","2015-01-13","OMNGlFKVPvT/Qv6kdTf/Eb6a8ymj53qmVzy0M6rMNOo=","NEON.BET.D10.001310","SELSP2","Selenophorus sp.","genus",,"Dejean",,"Other",,"XXW8BqPXtz8Ncjf8bOi7gc6Hj7+NVXsl","XXW8BqPXtz8Ncjf8bOi7gc6Hj7+NVXsl",
"dcacf3d7-104d-42fe-8b5a-ecac5e80f5a8","CPER_005.basePlot.bet","D10","CPER","CPER_005","E","2014-06-19","2014-07-03","2015-01-13","2015-01-13","e1AKewEwvnEdOmnM/0EiBFLgZmkjBAWdWas9gyrlNKQ=","NEON.BET.D10.001298","CARSP14","Carabidae sp.","family",,"Latreille","D10.2014.MorphB","Other",,"XXW8BqPXtz8Ncjf8bOi7gc6Hj7+NVXsl","XXW8BqPXtz8Ncjf8bOi7gc6Hj7+NVXsl","~5 mm in length. Amara sp? 2 orbital setae, pronotum with somewhat parallel sides, brassy iridescence overall. Amara cupreolata or A. convexa?"
"ef39be5b-fb49-4bff-bfc1-a8c999de7c7e","CPER_001.basePlot.bet","D10","CPER","CPER_001","E","2014-06-19","2014-07-03","2015-01-13","2015-01-13","BEtTVHT1LvFkg1c1Z4/4qjSMGdYo/aR/SZo6t0BlAaI=","NEON.BET.D10.001311","CARSP14","Carabidae sp.","family",,"Latreille","D10.2014.MorphB","Other",,"XXW8BqPXtz8Ncjf8bOi7gc6Hj7+NVXsl","XXW8BqPXtz8Ncjf8bOi7gc6Hj7+NVXsl","Amara sp? 2 orbital setae, less sinuous pronotum than morph A, metallic elytra"
"c7abd46b-1a36-4425-a6a2-082dc15f750c","CPER_004.basePlot.bet","D10","CPER","CPER_004","E","2014-06-19","2014-07-03","2015-01-14","2015-01-14","eSCyThC0ZO62uGgw7h9Lj1+2JqrAOQ1lzyxbz7sGxK0=","NEON.BET.D10.001322","DISPAR1","Discoderus parallelus","species",,"Haldeman",,"Other",,"XXW8BqPXtz8Ncjf8bOi7gc6Hj7+NVXsl","XXW8BqPXtz8Ncjf8bOi7gc6Hj7+NVXsl",
"501928d7-b072-4125-a17b-aa0a56e52506","CPER_004.basePlot.bet","D10","CPER","CPER_004","E","2014-06-19","2014-07-03","2015-01-14","2015-01-14","eSCyThC0ZO62uGgw7h9Lj1+2JqrAOQ1lzyxbz7sGxK0=","NEON.BET.D10.001323","DISPAR1","Discoderus parallelus","species",,"Haldeman",,"Other",,"XXW8BqPXtz8Ncjf8bOi7gc6Hj7+NVXsl","XXW8BqPXtz8Ncjf8bOi7gc6Hj7+NVXsl",
"722d4715-d35a-4a4b-8c96-866416e535ba","CPER_009.basePlot.bet","D10","CPER","CPER_009","N","2014-06-19","2014-07-03","2015-01-12","2015-01-12","KY+Aed9dLRtCtcuOrBDKdDM5XDIh3d9Rt+iHqr09FiE=","NEON.BET.D10.001263","PASELO","Pasimachus elongatus","species",,"LeConte",,"Other",,"XXW8BqPXtz8Ncjf8bOi7gc6Hj7+NVXsl","XXW8BqPXtz8Ncjf8bOi7gc6Hj7+NVXsl",
"4864d55c-08ca-4a63-b76c-50a5ec1e5183","CPER_004.basePlot.bet","D10","CPER","CPER_004","N","2014-06-19","2014-07-03","2015-01-14","2015-01-14","eSCyThC0ZO6/gL3oeh/jdZ4lmdjd4VoaFa2049X4Hl8=","NEON.BET.D10.001320","DISPAR1","Discoderus parallelus","species",,"Haldeman",,"Other",,"XXW8BqPXtz8Ncjf8bOi7gc6Hj7+NVXsl","XXW8BqPXtz8Ncjf8bOi7gc6Hj7+NVXsl",
"5d8dec3e-6e7c-4e25-8bc4-b90f39141e32","CPER_002.basePlot.bet","D10","CPER","CPER_002","N","2014-06-19","2014-07-03","2015-01-13","2015-01-13","OMNGlFKVPvR1+h5T+crsoMBPksG9GZhu5OKS+fVxPXk=","NEON.BET.D10.001301","DISPAR1","Discoderus parallelus","species",,"Haldeman",,"Other",,"XXW8BqPXtz8Ncjf8bOi7gc6Hj7+NVXsl","XXW8BqPXtz8Ncjf8bOi7gc6Hj7+NVXsl",
"3002a317-f75b-48c3-a931-7a2578f7aeed","CPER_002.basePlot.bet","D10","CPER","CPER_002","N","2014-06-19","2014-07-03","2015-01-13","2015-01-13","OMNGlFKVPvR1+h5T+crsoMBPksG9GZhu5OKS+fVxPXk=","NEON.BET.D10.001299","SELSP2","Selenophorus sp.","genus",,"Dejean",,"Other",,"XXW8BqPXtz8Ncjf8bOi7gc6Hj7+NVXsl","XXW8BqPXtz8Ncjf8bOi7gc6Hj7+NVXsl",
"59af59b0-6435-4ca5-aa2f-f954bd1d7ade","CPER_003.basePlot.bet","D10","CPER","CPER_003","N","2014-06-19","2014-07-03","2015-01-13","2015-01-14","omCPNZnkoGTjQ8CJytgwHOK+OT9mHOJELyXL5Ta8BeE=","NEON.BET.D10.001317","CARSP14","Carabidae sp.","family",,"Latreille","D10.2014.MorphE","Other",,"XXW8BqPXtz8Ncjf8bOi7gc6Hj7+NVXsl","XXW8BqPXtz8Ncjf8bOi7gc6Hj7+NVXsl","~8 mm in lenth. Very rounded pronotal posterior angles with more severe curvature near head, narrow head. Legs rufous."
"802855ab-6593-4091-b0d9-0bd9ac53124b","CPER_004.basePlot.bet","D10","CPER","CPER_004","N","2014-06-19","2014-07-03","2015-01-14","2015-01-14","eSCyThC0ZO6/gL3oeh/jdZ4lmdjd4VoaFa2049X4Hl8=","NEON.BET.D10.001319","DISPAR1","Discoderus parallelus","species",,"Haldeman",,"Other",,"XXW8BqPXtz8Ncjf8bOi7gc6Hj7+NVXsl","XXW8BqPXtz8Ncjf8bOi7gc6Hj7+NVXsl",
"21db105c-3fc1-4f58-90e6-942a6815ebb3","CPER_002.basePlot.bet","D10","CPER","CPER_002","N","2014-06-19","2014-07-03","2015-01-13","2015-01-13","OMNGlFKVPvR1+h5T+crsoMBPksG9GZhu5OKS+fVxPXk=","NEON.BET.D10.001300","SELSP2","Selenophorus sp.","genus",,"Dejean",,"Other",,"XXW8BqPXtz8Ncjf8bOi7gc6Hj7+NVXsl","XXW8BqPXtz8Ncjf8bOi7gc6Hj7+NVXsl",
"2f121fe3-6330-4de2-b059-fd4dfbdf4ba9","CPER_006.basePlot.bet","D10","CPER","CPER_006","N","2014-06-19","2014-07-03","2015-01-12","2015-01-12","NHMCrMp+/ZWP5DIVL5LEXh0KW94WvIeeKpxg9veIZuE=","NEON.BET.D10.001262","SELSP2","Selenophorus sp.","genus",,"Dejean",,"Other",,"XXW8BqPXtz8Ncjf8bOi7gc6Hj7+NVXsl","XXW8BqPXtz8Ncjf8bOi7gc6Hj7+NVXsl",
"1bb13eb8-b4af-4a48-830f-0c18d50bdd03","CPER_007.basePlot.bet","D10","CPER","CPER_007","N","2014-06-19","2014-07-03","2015-01-12","2015-01-12","SOIi55Lib0Lgf8+qL4KYgcJ+Lf4X3mcTPklGvPoXxvc=","NEON.BET.D10.001258","DISPAR1","Discoderus parallelus","species",,"Haldeman",,"Other",,"XXW8BqPXtz8Ncjf8bOi7gc6Hj7+NVXsl","XXW8BqPXtz8Ncjf8bOi7gc6Hj7+NVXsl",
"6a7c9b76-723a-4dfa-b7a1-b05b3715d6f0","CPER_002.basePlot.bet","D10","CPER","CPER_002","N","2014-06-19","2014-07-03","2015-01-13","2015-01-13","OMNGlFKVPvR1+h5T+crsoMBPksG9GZhu5OKS+fVxPXk=","NEON.BET.D10.001302","DISPAR1","Discoderus parallelus","species",,"Haldeman",,"Other",,"XXW8BqPXtz8Ncjf8bOi7gc6Hj7+NVXsl","XXW8BqPXtz8Ncjf8bOi7gc6Hj7+NVXsl",
"b7cf321e-252f-41be-857f-99005a0a54ca","CPER_004.basePlot.bet","D10","CPER","CPER_004","N","2014-06-19","2014-07-03","2015-01-14","2015-01-14","eSCyThC0ZO6/gL3oeh/jdZ4lmdjd4VoaFa2049X4Hl8=","NEON.BET.D10.001321","DISPAR1","Discoderus parallelus","species",,"Haldeman",,"Other",,"XXW8BqPXtz8Ncjf8bOi7gc6Hj7+NVXsl","XXW8BqPXtz8Ncjf8bOi7gc6Hj7+NVXsl",
"21025fee-7698-40e2-9d11-9785137cb1b5","CPER_003.basePlot.bet","D10","CPER","CPER_003","S","2014-06-19","2014-07-03","2015-01-13","2015-01-13","omCPNZnkoGQ6KONHArvbUeeOhVuhMAxi8z4TPZ2pbDM=","NEON.BET.D10.001314","HARDES","Harpalus desertus","species",,"LeConte",,"Other",,"XXW8BqPXtz8Ncjf8bOi7gc6Hj7+NVXsl","XXW8BqPXtz8Ncjf8bOi7gc6Hj7+NVXsl",
"d0aec5a3-e407-4a43-9a92-39891976c3e4","CPER_005.basePlot.bet","D10","CPER","CPER_005","S","2014-06-19","2014-07-03","2015-01-13","2015-01-13","e1AKewEwvnFmp1+7PS16/TwxUc+tNlq8wBSkq+O6Vek=","NEON.BET.D10.001295","CARSP14","Carabidae sp.","family",,"Latreille","D10.2014.MorphB","Other",,"XXW8BqPXtz8Ncjf8bOi7gc6Hj7+NVXsl","XXW8BqPXtz8Ncjf8bOi7gc6Hj7+NVXsl","~5 mm in length. Amara sp? 2 orbital setae, pronotum with somewhat parallel sides, brassy iridescence overall. Amara cupreolata or A. convexa?"
"5b9330d6-8842-4660-af17-3d9e52dc4364","CPER_001.basePlot.bet","D10","CPER","CPER_001","S","2014-06-19","2014-07-03","2015-01-13","2015-01-13","BEtTVHT1LvExjDBDBgkgjGm7sBBUmxANuiddY3XpeQQ=","NEON.BET.D10.001312","HARDES","Harpalus desertus","species",,"LeConte",,"Other",,"XXW8BqPXtz8Ncjf8bOi7gc6Hj7+NVXsl","XXW8BqPXtz8Ncjf8bOi7gc6Hj7+NVXsl",
"15949d29-1be6-4187-bf32-0be184d603e2","CPER_005.basePlot.bet","D10","CPER","CPER_005","S","2014-06-19","2014-07-03","2015-01-13","2015-01-13","e1AKewEwvnFmp1+7PS16/TwxUc+tNlq8wBSkq+O6Vek=","NEON.BET.D10.001269","CARSP14","Carabidae sp.","family",,"Latreille","D10.2014.MorphB","Other",,"XXW8BqPXtz8Ncjf8bOi7gc6Hj7+NVXsl","XXW8BqPXtz8Ncjf8bOi7gc6Hj7+NVXsl","~5 mm in length. Amara sp? 2 orbital setae, pronotum with somewhat parallel sides, brassy iridescence overall. Amara cupreolata or A. convexa?"
"ba8407b6-2e2e-494d-95da-2e1f2bdfc859","CPER_005.basePlot.bet","D10","CPER","CPER_005","S","2014-06-19","2014-07-03","2015-01-13","2015-01-13","e1AKewEwvnFmp1+7PS16/TwxUc+tNlq8wBSkq+O6Vek=","NEON.BET.D10.001297","CARSP14","Carabidae sp.","family",,"Latreille","D10.2014.MorphB","Other",,"XXW8BqPXtz8Ncjf8bOi7gc6Hj7+NVXsl","XXW8BqPXtz8Ncjf8bOi7gc6Hj7+NVXsl","~5 mm in length. Amara sp? 2 orbital setae, pronotum with somewhat parallel sides, brassy iridescence overall. Amara cupreolata or A. convexa?"
"76f18cb0-3198-4ad9-a92c-00a22b5d7c5e","CPER_007.basePlot.bet","D10","CPER","CPER_007","S","2014-06-19","2014-07-03","2015-01-12","2015-01-12","SOIi55Lib0JQfeXkLiWVqYbbHsFl6W0zUZmMX2oDKVY=","NEON.BET.D10.001256","EURGRO","Euryderus grossus","species",,"Say",,"Other",,"XXW8BqPXtz8Ncjf8bOi7gc6Hj7+NVXsl","XXW8BqPXtz8Ncjf8bOi7gc6Hj7+NVXsl",
"9f2f5ff3-61e2-43c0-862f-e072c77847cc","CPER_005.basePlot.bet","D10","CPER","CPER_005","S","2014-06-19","2014-07-03","2015-01-13","2015-01-13","e1AKewEwvnFmp1+7PS16/TwxUc+tNlq8wBSkq+O6Vek=","NEON.BET.D10.001296","CARSP14","Carabidae sp.","family",,"Latreille","D10.2014.MorphB","Other",,"XXW8BqPXtz8Ncjf8bOi7gc6Hj7+NVXsl","XXW8BqPXtz8Ncjf8bOi7gc6Hj7+NVXsl","~5 mm in length. Amara sp? 2 orbital setae, pronotum with somewhat parallel sides, brassy iridescence overall. Amara cupreolata or A. convexa?"
"fb21194f-9ae7-491a-8daf-71693c4a2aca","CPER_003.basePlot.bet","D10","CPER","CPER_003","S","2014-06-19","2014-07-03","2015-01-13","2015-01-13","omCPNZnkoGQ6KONHArvbUeeOhVuhMAxi8z4TPZ2pbDM=","NEON.BET.D10.001313","DISPAR1","Discoderus parallelus","species",,"Haldeman",,"Other",,"XXW8BqPXtz8Ncjf8bOi7gc6Hj7+NVXsl","XXW8BqPXtz8Ncjf8bOi7gc6Hj7+NVXsl",
"6132c369-dadf-4e7e-b60e-96eb47d1ca5f","CPER_007.basePlot.bet","D10","CPER","CPER_007","S","2014-06-19","2014-07-03","2015-01-12","2015-01-12","SOIi55Lib0JQfeXkLiWVqfpZurQI7pUSiNMFYfJnuZI=","NEON.BET.D10.001257","CARSP14","Carabidae sp.","family",,"Latreille","D10.2014.MorphAB","Other",,"XXW8BqPXtz8Ncjf8bOi7gc6Hj7+NVXsl","XXW8BqPXtz8Ncjf8bOi7gc6Hj7+NVXsl","similar to, or is, either Harpalus fuscipalpus or Harpalus carbonatus. ~10 mm long. Basal fovea more convex. Sparsely punctate. Posterior pronotal corners rounded but defined with small overlap onto elytra."
"b9f78505-145a-41e9-aa61-2361c10a71be","CPER_005.basePlot.bet","D10","CPER","CPER_005","S","2014-06-19","2014-07-03","2015-01-13","2015-01-13","e1AKewEwvnFmp1+7PS16/Z8vbyL8+N8s8uZgC6eXciI=","NEON.BET.D10.001268","EURGRO","Euryderus grossus","species",,"Say",,"Other",,"XXW8BqPXtz8Ncjf8bOi7gc6Hj7+NVXsl","XXW8BqPXtz8Ncjf8bOi7gc6Hj7+NVXsl",
"7b647071-9e17-4604-bb26-e7a0c1015f1f","CPER_007.basePlot.bet","D10","CPER","CPER_007","W","2014-06-19","2014-07-03","2015-01-12","2015-01-12","SOIi55Lib0LYzsUGlzN+UeCDc80i0eKJqQOpaPNiTyU=","NEON.BET.D10.001255","EURGRO","Euryderus grossus","species",,"Say",,"Other",,"XXW8BqPXtz8Ncjf8bOi7gc6Hj7+NVXsl","XXW8BqPXtz8Ncjf8bOi7gc6Hj7+NVXsl",
"6e1f4a41-8caa-4fb7-9291-be3028e50dd4","CPER_004.basePlot.bet","D10","CPER","CPER_004","W","2014-06-19","2014-07-03","2015-01-13","2015-01-14","eSCyThC0ZO4z7OMcZYLqLU8qAGZpeJmAymypasjj1iI=","NEON.BET.D10.001318","PASELO","Pasimachus elongatus","species",,"LeConte",,"Other",,"XXW8BqPXtz8Ncjf8bOi7gc6Hj7+NVXsl","XXW8BqPXtz8Ncjf8bOi7gc6Hj7+NVXsl",
"68f4a963-6403-46e0-94fa-21515dcb6b9d","CPER_006.basePlot.bet","D10","CPER","CPER_006","W","2014-06-19","2014-07-03","2015-01-12","2015-01-12","NHMCrMp+/ZX1oof0ym+3ilwUrTZGPnwd3ygJk9iPuno=","NEON.BET.D10.001260","DISPAR1","Discoderus parallelus","species",,"Haldeman",,"Other",,"XXW8BqPXtz8Ncjf8bOi7gc6Hj7+NVXsl","XXW8BqPXtz8Ncjf8bOi7gc6Hj7+NVXsl",
"08f0a3f2-0afc-4638-b2c9-6ae97c41cc39","CPER_006.basePlot.bet","D10","CPER","CPER_006","W","2014-06-19","2014-07-03","2015-01-12","2015-01-12","NHMCrMp+/ZX1oof0ym+3ilwUrTZGPnwd3ygJk9iPuno=","NEON.BET.D10.001261","DISPAR1","Discoderus parallelus","species",,"Haldeman",,"Other",,"XXW8BqPXtz8Ncjf8bOi7gc6Hj7+NVXsl","XXW8BqPXtz8Ncjf8bOi7gc6Hj7+NVXsl",
"3f5f4b1f-c55e-445b-8db9-f39319374b64","CPER_009.basePlot.bet","D10","CPER","CPER_009","W","2014-06-19","2014-07-03","2015-01-12","2015-01-12","KY+Aed9dLRuUZrZebwM5HFrewbwBpipdjQPSA090ofY=","NEON.BET.D10.001264","CARSP14","Carabidae sp.","family",,"Latreille","D10.2014.MorphB","Other",,"XXW8BqPXtz8Ncjf8bOi7gc6Hj7+NVXsl","XXW8BqPXtz8Ncjf8bOi7gc6Hj7+NVXsl","Amara sp? 2 orbital setae, less sinuous pronotum than morph A, metallic elytra"
"935e2d40-74b7-4881-8537-9c79343112ef","CPER_006.basePlot.bet","D10","CPER","CPER_006","W","2014-06-19","2014-07-03","2015-01-12","2015-01-12","NHMCrMp+/ZX1oof0ym+3ilwUrTZGPnwd3ygJk9iPuno=","NEON.BET.D10.001259","SELSP2","Selenophorus sp.","genus",,"Dejean",,"Other",,"XXW8BqPXtz8Ncjf8bOi7gc6Hj7+NVXsl","XXW8BqPXtz8Ncjf8bOi7gc6Hj7+NVXsl",
"8a88d2f4-a5d7-4d29-bb3a-125292e09a5c","CPER_009.basePlot.bet","D10","CPER","CPER_009","E","2014-07-03","2014-07-17","2015-01-15","2015-01-15","KY+Aed9dLRv1CQurw/uxZD8w2H4CBpixl6XhPAdVwgU=","NEON.BET.D10.001340","DISPAR1","Discoderus parallelus","species",,"Haldeman",,"Other",,"XXW8BqPXtz8Ncjf8bOi7gc6Hj7+NVXsl","XXW8BqPXtz8Ncjf8bOi7gc6Hj7+NVXsl",
"89895544-3d48-4b04-adff-60813e3406c3","CPER_008.basePlot.bet","D10","CPER","CPER_008","E","2014-07-03","2014-07-17","2015-01-16","2015-01-16","kqngcYlCVJ7SIjW2pt1Hwqe6fupM3zZ0ssXVWjVou4s=","NEON.BET.D10.001350","DISPAR1","Discoderus parallelus","species",,"Haldeman",,"Other",,"XXW8BqPXtz8Ncjf8bOi7gc6Hj7+NVXsl","XXW8BqPXtz8Ncjf8bOi7gc6Hj7+NVXsl",
"bdd8868e-4896-44f4-b26c-a5867c46197f","CPER_002.basePlot.bet","D10","CPER","CPER_002","E","2014-07-03","2014-07-17","2015-01-20","2015-01-20","OMNGlFKVPvT/Qv6kdTf/EXZ8rEfAjeG1sGUyvvlW+rg=","NEON.BET.D10.001353","SELSP2","Selenophorus sp.","genus",,"Dejean",,"Other",,"XXW8BqPXtz8Ncjf8bOi7gc6Hj7+NVXsl","XXW8BqPXtz8Ncjf8bOi7gc6Hj7+NVXsl",
"61f39fca-3064-40ad-bd0a-9568780748a0","CPER_006.basePlot.bet","D10","CPER","CPER_006","E","2014-07-03","2014-07-17","2015-01-20","2015-01-20","NHMCrMp+/ZXgClmQYSH5qbKX3wu7LH5jgxQGVlCAqO0=","NEON.BET.D10.001360","DISPAR1","Discoderus parallelus","species",,"Haldeman",,"Other",,"XXW8BqPXtz8Ncjf8bOi7gc6Hj7+NVXsl","XXW8BqPXtz8Ncjf8bOi7gc6Hj7+NVXsl",
"ad871b4f-309f-4ac0-87d0-a1e0b6cc6848","CPER_004.basePlot.bet","D10","CPER","CPER_004","E","2014-07-03","2014-07-17","2015-01-14","2015-01-14","eSCyThC0ZO62uGgw7h9Lj0lZ+8/G44bHK/eb1VjH3n8=","NEON.BET.D10.001326","DISPAR1","Discoderus parallelus","species",,"Haldeman",,"Other",,"XXW8BqPXtz8Ncjf8bOi7gc6Hj7+NVXsl","XXW8BqPXtz8Ncjf8bOi7gc6Hj7+NVXsl",
"ecf6a708-d8c4-4401-9d5f-d78cb558098b","CPER_003.basePlot.bet","D10","CPER","CPER_003","E","2014-07-03","2014-07-17","2015-01-20","2015-01-20","omCPNZnkoGTaKCLsNHgAu1i78dXKJgYtVNZKcyVP+pM=","NEON.BET.D10.001358","HARDES","Harpalus desertus","species",,"LeConte",,"Other",,"XXW8BqPXtz8Ncjf8bOi7gc6Hj7+NVXsl","XXW8BqPXtz8Ncjf8bOi7gc6Hj7+NVXsl",
"868d3849-5660-4ea8-a409-d7037d6e56ab","CPER_008.basePlot.bet","D10","CPER","CPER_008","E","2014-07-03","2014-07-17","2015-01-16","2015-01-16","kqngcYlCVJ7SIjW2pt1Hwqe6fupM3zZ0ssXVWjVou4s=","NEON.BET.D10.001351","DISPAR1","Discoderus parallelus","species",,"Haldeman",,"Other",,"XXW8BqPXtz8Ncjf8bOi7gc6Hj7+NVXsl","XXW8BqPXtz8Ncjf8bOi7gc6Hj7+NVXsl",
"4580424b-0e48-4350-a9a8-df4407ede470","CPER_006.basePlot.bet","D10","CPER","CPER_006","E","2014-07-03","2014-07-17","2015-01-20","2015-01-20","NHMCrMp+/ZXgClmQYSH5qbKX3wu7LH5jgxQGVlCAqO0=","NEON.BET.D10.001359","CARSP14","Carabidae sp.","family",,"Latreille","D10.2014.MorphB","Other",,"XXW8BqPXtz8Ncjf8bOi7gc6Hj7+NVXsl","XXW8BqPXtz8Ncjf8bOi7gc6Hj7+NVXsl","~5 mm in length. Amara sp? 2 orbital setae, pronotum with somewhat parallel sides, brassy iridescence overall. Amara cupreolata or A. convexa?"
"061a3874-517a-4ef3-b618-9ba2ce7332cd","CPER_009.basePlot.bet","D10","CPER","CPER_009","E","2014-07-03","2014-07-17","2015-01-15","2015-01-15","KY+Aed9dLRv1CQurw/uxZNOJ1ZlZDqcqRW/3FiC1GQs=","NEON.BET.D10.001339","CRADUB","Cratacanthus dubius","species",,"Palisot de Beauvois",,"Other",,"XXW8BqPXtz8Ncjf8bOi7gc6Hj7+NVXsl","XXW8BqPXtz8Ncjf8bOi7gc6Hj7+NVXsl",
"3216a144-9016-4304-a7dd-9978daa86174","CPER_002.basePlot.bet","D10","CPER","CPER_002","E","2014-07-03","2014-07-17","2015-01-20","2015-01-20","OMNGlFKVPvT/Qv6kdTf/EXZ8rEfAjeG1sGUyvvlW+rg=","NEON.BET.D10.001354","SELSP2","Selenophorus sp.","genus",,"Dejean",,"Other",,"XXW8BqPXtz8Ncjf8bOi7gc6Hj7+NVXsl","XXW8BqPXtz8Ncjf8bOi7gc6Hj7+NVXsl",
"38ad851b-fd1e-4208-a3df-f2a317f23129","CPER_008.basePlot.bet","D10","CPER","CPER_008","E","2014-07-03","2014-07-17","2015-01-16","2015-01-16","kqngcYlCVJ7SIjW2pt1Hwqe6fupM3zZ0ssXVWjVou4s=","NEON.BET.D10.001348","DISPAR1","Discoderus parallelus","species",,"Haldeman",,"Other",,"XXW8BqPXtz8Ncjf8bOi7gc6Hj7+NVXsl","XXW8BqPXtz8Ncjf8bOi7gc6Hj7+NVXsl",
"19744901-c28a-422b-8f35-1e5de7b1ea99","CPER_009.basePlot.bet","D10","CPER","CPER_009","N","2014-07-03","2014-07-17","2015-01-15","2015-01-15","KY+Aed9dLRtCtcuOrBDKdDB4FxgElRLRYqs76zMpdEs=","NEON.BET.D10.001341","PASELO","Pasimachus elongatus","species",,"LeConte",,"Other",,"XXW8BqPXtz8Ncjf8bOi7gc6Hj7+NVXsl","XXW8BqPXtz8Ncjf8bOi7gc6Hj7+NVXsl",
"d9dd8bb8-e1f7-4eb4-94ae-fa2a8326abea","CPER_002.basePlot.bet","D10","CPER","CPER_002","N","2014-07-03","2014-07-17","2015-01-20","2015-01-20","OMNGlFKVPvR1+h5T+crsoP9WKmRFIgtLx2XYyMF9I9M=","NEON.BET.D10.001352","DISPAR1","Discoderus parallelus","species",,"Haldeman",,"Other",,"XXW8BqPXtz8Ncjf8bOi7gc6Hj7+NVXsl","XXW8BqPXtz8Ncjf8bOi7gc6Hj7+NVXsl",
"cda0bb6c-e798-45e2-a0fc-e6c193e665ee","CPER_008.basePlot.bet","D10","CPER","CPER_008","N","2014-07-03","2014-07-17","2015-01-16","2015-01-16","kqngcYlCVJ7UQJ0eZpRfA/nYWeaXqvJag7wYQjDO5mM=","NEON.BET.D10.001346","DISPAR1","Discoderus parallelus","species",,"Haldeman",,"Other",,"XXW8BqPXtz8Ncjf8bOi7gc6Hj7+NVXsl","XXW8BqPXtz8Ncjf8bOi7gc6Hj7+NVXsl",
"8c683215-0b3b-479a-b1f6-e13d3679e00d","CPER_010.basePlot.bet","D10","CPER","CPER_010","N","2014-07-03","2014-07-17","2015-01-15","2015-01-15","DW9ihRbrMtmvPobIO2M1gT72qV+bdO+mfbQZxiKZdY0=","NEON.BET.D10.001343","HARDES","Harpalus desertus","species",,"LeConte",,"Other",,"XXW8BqPXtz8Ncjf8bOi7gc6Hj7+NVXsl","XXW8BqPXtz8Ncjf8bOi7gc6Hj7+NVXsl",
"e690ea48-6ab4-4800-8879-e7b8db07611b","CPER_008.basePlot.bet","D10","CPER","CPER_008","N","2014-07-03","2014-07-17","2015-01-16","2015-01-16","kqngcYlCVJ7UQJ0eZpRfA/nYWeaXqvJag7wYQjDO5mM=","NEON.BET.D10.001347","HARDES","Harpalus desertus","species",,"LeConte",,"Other",,"XXW8BqPXtz8Ncjf8bOi7gc6Hj7+NVXsl","XXW8BqPXtz8Ncjf8bOi7gc6Hj7+NVXsl",
"bf89f976-8bca-4173-873c-9c0b794070db","CPER_009.basePlot.bet","D10","CPER","CPER_009","N","2014-07-03","2014-07-17","2015-01-15","2015-01-15","KY+Aed9dLRtCtcuOrBDKdDB4FxgElRLRYqs76zMpdEs=","NEON.BET.D10.001338","DISPAR1","Discoderus parallelus","species",,"Haldeman",,"Other",,"XXW8BqPXtz8Ncjf8bOi7gc6Hj7+NVXsl","XXW8BqPXtz8Ncjf8bOi7gc6Hj7+NVXsl",
"c0436b97-c911-47ce-86ef-85e337521121","CPER_006.basePlot.bet","D10","CPER","CPER_006","N","2014-07-03","2014-07-17","2015-01-14","2015-01-14","NHMCrMp+/ZWP5DIVL5LEXj4wCYJdKXnuNRMcWa97OIY=","NEON.BET.D10.001327","HARCAL","Harpalus caliginosus","species",,"Fabricius",,"Other",,"XXW8BqPXtz8Ncjf8bOi7gc6Hj7+NVXsl","XXW8BqPXtz8Ncjf8bOi7gc6Hj7+NVXsl",
"9dc829e5-a7fb-4920-acee-763fa11bc941","CPER_006.basePlot.bet","D10","CPER","CPER_006","N","2014-07-03","2014-07-17","2015-01-14","2015-01-14","NHMCrMp+/ZWP5DIVL5LEXl7xvjHtSaTwXDPNADDTTsQ=","NEON.BET.D10.001331","HARDES","Harpalus desertus","species",,"LeConte",,"Other",,"XXW8BqPXtz8Ncjf8bOi7gc6Hj7+NVXsl","XXW8BqPXtz8Ncjf8bOi7gc6Hj7+NVXsl",
"b452c9b5-d026-4e40-a594-574ff545d7b5","CPER_006.basePlot.bet","D10","CPER","CPER_006","N","2014-07-03","2014-07-17","2015-01-14","2015-01-14","NHMCrMp+/ZWP5DIVL5LEXl7xvjHtSaTwXDPNADDTTsQ=","NEON.BET.D10.001330","SELSP2","Selenophorus sp.","genus",,"Dejean",,"Other",,"XXW8BqPXtz8Ncjf8bOi7gc6Hj7+NVXsl","XXW8BqPXtz8Ncjf8bOi7gc6Hj7+NVXsl",
"2ef3f96f-0b8c-4df0-8ba0-a40b233d9f88","CPER_006.basePlot.bet","D10","CPER","CPER_006","N","2014-07-03","2014-07-17","2015-01-14","2015-01-14","NHMCrMp+/ZWP5DIVL5LEXl7xvjHtSaTwXDPNADDTTsQ=","NEON.BET.D10.001328","AGOCON","Agonoleptus conjunctus","species",,"Say",,"Other",,"XXW8BqPXtz8Ncjf8bOi7gc6Hj7+NVXsl","XXW8BqPXtz8Ncjf8bOi7gc6Hj7+NVXsl",
"eb408403-bbf3-4be8-86ce-7f7a903f80f2","CPER_006.basePlot.bet","D10","CPER","CPER_006","N","2014-07-03","2014-07-17","2015-01-14","2015-01-14","NHMCrMp+/ZWP5DIVL5LEXl7xvjHtSaTwXDPNADDTTsQ=","NEON.BET.D10.001329","DISPAR1","Discoderus parallelus","species",,"Haldeman",,"Other",,"XXW8BqPXtz8Ncjf8bOi7gc6Hj7+NVXsl","XXW8BqPXtz8Ncjf8bOi7gc6Hj7+NVXsl",
"11c92b49-bdbd-4067-a49e-b78a9c141ffb","CPER_007.basePlot.bet","D10","CPER","CPER_007","N","2014-07-03","2014-07-17","2015-01-15","2015-01-15","SOIi55Lib0Lgf8+qL4KYgeRUlm5dC7H68z2MtCrr0Ps=","NEON.BET.D10.001332","CARSP14","Carabidae sp.","family",,"Latreille","D10.2014.MorphB","Other",,"XXW8BqPXtz8Ncjf8bOi7gc6Hj7+NVXsl","XXW8BqPXtz8Ncjf8bOi7gc6Hj7+NVXsl","~5 mm in length. Amara sp? 2 orbital setae, pronotum with somewhat parallel sides, brassy iridescence overall. Amara cupreolata or A. convexa?"
"21d18615-af41-43f3-9cfa-b443cbe05f04","CPER_005.basePlot.bet","D10","CPER","CPER_005","N","2014-07-03","2014-07-17","2015-01-15","2015-01-15","e1AKewEwvnF4Ya5Ai7V+ym0nc9oi6nICYrw05hnxjL0=","NEON.BET.D10.001335","CARSP14","Carabidae sp.","family",,"Latreille","D10.2014.MorphAB","Other",,"XXW8BqPXtz8Ncjf8bOi7gc6Hj7+NVXsl","XXW8BqPXtz8Ncjf8bOi7gc6Hj7+NVXsl","similar to, or is, either Harpalus fuscipalpus or Harpalus carbonatus. ~10 mm long. Basal fovea more convex. Sparsely punctate. Posterior pronotal corners rounded but defined with small overlap onto elytra."
"1d7b088f-e91c-47bb-8ac0-3c34bf25ae6e","CPER_003.basePlot.bet","D10","CPER","CPER_003","S","2014-07-03","2014-07-17","2015-01-20","2015-01-28","omCPNZnkoGQ6KONHArvbUVoU6GDjYqkJfxLJr4gVVTg=","NEON.BET.D10.001708","PASELO","Pasimachus elongatus","species",,"LeConte",,"Other",,"Rjv/PyMx3k4oygLKYkCbuIDsccqDw9So","XXW8BqPXtz8Ncjf8bOi7gc6Hj7+NVXsl",
"68e823fc-07f6-40e6-b91f-324e98d012a1","CPER_007.basePlot.bet","D10","CPER","CPER_007","S","2014-07-03","2014-07-17","2015-01-15","2015-01-15","SOIi55Lib0JQfeXkLiWVqTwUXCi7mtF9Udbh3R5iTXc=","NEON.BET.D10.001333","AMAOBE","Amara obesa","species","cf. species","Say",,"Other",,"XXW8BqPXtz8Ncjf8bOi7gc6Hj7+NVXsl","XXW8BqPXtz8Ncjf8bOi7gc6Hj7+NVXsl",
"1be750a7-65f4-49ae-9e28-641e8b22126d","CPER_005.basePlot.bet","D10","CPER","CPER_005","S","2014-07-03","2014-07-17","2015-01-15","2015-01-15","e1AKewEwvnFmp1+7PS16/RfZi4iuH/Nw0KjIdlr37Z0=","NEON.BET.D10.001337","CARSP14","Carabidae sp.","family",,"Latreille","D10.2014.MorphB","Other",,"XXW8BqPXtz8Ncjf8bOi7gc6Hj7+NVXsl","XXW8BqPXtz8Ncjf8bOi7gc6Hj7+NVXsl","~5 mm in length. Amara sp? 2 orbital setae, pronotum with somewhat parallel sides, brassy iridescence overall. Amara cupreolata or A. convexa?"
"43820af5-2fc8-419d-ad65-21a151466d95","CPER_005.basePlot.bet","D10","CPER","CPER_005","S","2014-07-03","2014-07-17","2015-01-15","2015-01-15","e1AKewEwvnFmp1+7PS16/RfZi4iuH/Nw0KjIdlr37Z0=","NEON.BET.D10.001336","CARSP14","Carabidae sp.","family",,"Latreille","D10.2014.MorphB","Other",,"XXW8BqPXtz8Ncjf8bOi7gc6Hj7+NVXsl","XXW8BqPXtz8Ncjf8bOi7gc6Hj7+NVXsl","~5 mm in length. Amara sp? 2 orbital setae, pronotum with somewhat parallel sides, brassy iridescence overall. Amara cupreolata or A. convexa?"
"57fac231-3484-44aa-a9d1-b725521498bf","CPER_010.basePlot.bet","D10","CPER","CPER_010","S","2014-07-03","2014-07-17","2015-01-15","2015-01-15","DW9ihRbrMtkqOzfzZ9WBZHqXpimVb7aShfcI+DxddWs=","NEON.BET.D10.001342","PASELO","Pasimachus elongatus","species",,"LeConte",,"Other",,"XXW8BqPXtz8Ncjf8bOi7gc6Hj7+NVXsl","XXW8BqPXtz8Ncjf8bOi7gc6Hj7+NVXsl",
"f41eb6a7-9ae9-435b-97d4-01cdd9c58877","CPER_006.basePlot.bet","D10","CPER","CPER_006","S","2014-07-03","2014-07-17","2015-01-20","2015-01-20","NHMCrMp+/ZUObB+6kNurxosMrU0ID2l2sUmfqaLj6sc=","NEON.BET.D10.001364","DISPAR1","Discoderus parallelus","species",,"Haldeman",,"Other",,"XXW8BqPXtz8Ncjf8bOi7gc6Hj7+NVXsl","XXW8BqPXtz8Ncjf8bOi7gc6Hj7+NVXsl",
"518c3e14-031c-479d-8666-8a416d9c8bf2","CPER_006.basePlot.bet","D10","CPER","CPER_006","S","2014-07-03","2014-07-17","2015-01-20","2015-01-20","NHMCrMp+/ZUObB+6kNurxosMrU0ID2l2sUmfqaLj6sc=","NEON.BET.D10.001366","DISPAR1","Discoderus parallelus","species",,"Haldeman",,"Other",,"XXW8BqPXtz8Ncjf8bOi7gc6Hj7+NVXsl","XXW8BqPXtz8Ncjf8bOi7gc6Hj7+NVXsl",
"8656964f-b89c-4c74-8199-032cd2553cbd","CPER_006.basePlot.bet","D10","CPER","CPER_006","S","2014-07-03","2014-07-17","2015-01-20","2015-01-20","NHMCrMp+/ZUObB+6kNurxosMrU0ID2l2sUmfqaLj6sc=","NEON.BET.D10.001365","DISPAR1","Discoderus parallelus","species",,"Haldeman",,"Other",,"XXW8BqPXtz8Ncjf8bOi7gc6Hj7+NVXsl","XXW8BqPXtz8Ncjf8bOi7gc6Hj7+NVXsl",
"c07e6244-22fa-4043-8959-ba04769f097b","CPER_006.basePlot.bet","D10","CPER","CPER_006","S","2014-07-03","2014-07-17","2015-01-20","2015-01-20","NHMCrMp+/ZUObB+6kNurxosMrU0ID2l2sUmfqaLj6sc=","NEON.BET.D10.001367","DISPAR1","Discoderus parallelus","species",,"Haldeman",,"Other",,"XXW8BqPXtz8Ncjf8bOi7gc6Hj7+NVXsl","XXW8BqPXtz8Ncjf8bOi7gc6Hj7+NVXsl",
"7d6362ad-ccdd-4c8d-a72c-5dcd9e033484","CPER_002.basePlot.bet","D10","CPER","CPER_002","W","2014-07-03","2014-07-17","2015-01-20","2015-01-20","OMNGlFKVPvR4ZspAolMvMb1TinGcBi1jnTXsS5GF2T8=","NEON.BET.D10.001355","RHASP","Rhadine sp.","genus",,"LeConte",,"Other",,"XXW8BqPXtz8Ncjf8bOi7gc6Hj7+NVXsl","XXW8BqPXtz8Ncjf8bOi7gc6Hj7+NVXsl",
"ff4524a1-aa33-4302-a60f-e3e3bb0c19d4","CPER_008.basePlot.bet","D10","CPER","CPER_008","W","2014-07-03","2014-07-17","2015-01-15","2015-01-15","kqngcYlCVJ54kxGYrXE00iJBqwhpVyFwSuY13neThlM=","NEON.BET.D10.001345","DISPAR1","Discoderus parallelus","species",,"Haldeman",,"Other",,"XXW8BqPXtz8Ncjf8bOi7gc6Hj7+NVXsl","XXW8BqPXtz8Ncjf8bOi7gc6Hj7+NVXsl",
"0a700339-302d-4ca9-ba98-d5a7055ef0bb","CPER_008.basePlot.bet","D10","CPER","CPER_008","W","2014-07-03","2014-07-17","2015-01-15","2015-01-15","kqngcYlCVJ54kxGYrXE00iJBqwhpVyFwSuY13neThlM=","NEON.BET.D10.001344","DISPAR1","Discoderus parallelus","species",,"Haldeman",,"Other",,"XXW8BqPXtz8Ncjf8bOi7gc6Hj7+NVXsl","XXW8BqPXtz8Ncjf8bOi7gc6Hj7+NVXsl",
"448ad217-c552-4bd0-9b85-4049c2f1700c","CPER_006.basePlot.bet","D10","CPER","CPER_006","W","2014-07-03","2014-07-17","2015-01-25","2015-01-25","NHMCrMp+/ZX1oof0ym+3ioyjFC8mT9bc0IOEdDp1qoA=","NEON.BET.D10.001361","DISPAR1","Discoderus parallelus","species",,"Haldeman",,"Other",,"XXW8BqPXtz8Ncjf8bOi7gc6Hj7+NVXsl","XXW8BqPXtz8Ncjf8bOi7gc6Hj7+NVXsl",
"cfed6068-efb4-4da4-9abe-54eb10ef0ce1","CPER_006.basePlot.bet","D10","CPER","CPER_006","W","2014-07-03","2014-07-17","2015-01-20","2015-01-20","NHMCrMp+/ZX1oof0ym+3ioyjFC8mT9bc0IOEdDp1qoA=","NEON.BET.D10.001363","DISPAR1","Discoderus parallelus","species",,"Haldeman",,"Other",6,"XXW8BqPXtz8Ncjf8bOi7gc6Hj7+NVXsl","XXW8BqPXtz8Ncjf8bOi7gc6Hj7+NVXsl",
"fb8605f6-7a4e-4f15-b59c-70250cd17a48","CPER_006.basePlot.bet","D10","CPER","CPER_006","W","2014-07-03","2014-07-17","2015-01-20","2015-01-20","NHMCrMp+/ZX1oof0ym+3ioyjFC8mT9bc0IOEdDp1qoA=","NEON.BET.D10.001362","DISPAR1","Discoderus parallelus","species",,"Haldeman",,"Other",,"XXW8BqPXtz8Ncjf8bOi7gc6Hj7+NVXsl","XXW8BqPXtz8Ncjf8bOi7gc6Hj7+NVXsl",
"f90e80ac-5fe4-49cd-8975-b5d43950cfb5","CPER_007.basePlot.bet","D10","CPER","CPER_007","W","2014-07-03","2014-07-17","2015-01-15","2015-01-15","SOIi55Lib0LYzsUGlzN+UWMhDgCojDcdvo1jYg6lIkc=","NEON.BET.D10.001334","CARSP14","Carabidae sp.","family",,"Latreille","D10.2014.MorphB","Other",,"XXW8BqPXtz8Ncjf8bOi7gc6Hj7+NVXsl","XXW8BqPXtz8Ncjf8bOi7gc6Hj7+NVXsl","~5 mm in length. Amara sp? 2 orbital setae, pronotum with somewhat parallel sides, brassy iridescence overall. Amara cupreolata or A. convexa?"
"527ee7b8-7260-4efb-a14e-1844cb68a58a","CPER_003.basePlot.bet","D10","CPER","CPER_003","W","2014-07-03","2014-07-17","2015-01-20","2015-01-20","omCPNZnkoGRjIRHnk2PzRwoxZgJOQdUpzdQJYtoybTo=","NEON.BET.D10.001357","EURGRO","Euryderus grossus","species",,"Say",,"Other",,"XXW8BqPXtz8Ncjf8bOi7gc6Hj7+NVXsl","XXW8BqPXtz8Ncjf8bOi7gc6Hj7+NVXsl",
"8da32f99-63c6-450d-848a-c087f85b2a32","CPER_003.basePlot.bet","D10","CPER","CPER_003","W","2014-07-03","2014-07-17","2015-01-20","2015-01-20","omCPNZnkoGRjIRHnk2PzRwoxZgJOQdUpzdQJYtoybTo=","NEON.BET.D10.001356","EURGRO","Euryderus grossus","species",,"Say",,"Other",,"XXW8BqPXtz8Ncjf8bOi7gc6Hj7+NVXsl","XXW8BqPXtz8Ncjf8bOi7gc6Hj7+NVXsl",
"408105c0-bf28-4c6b-854b-bd1c354a5167","CPER_008.basePlot.bet","D10","CPER","CPER_008","E","2014-07-03","2014-07-17","2015-01-16","2015-01-16","kqngcYlCVJ7SIjW2pt1Hwqe6fupM3zZ0ssXVWjVou4s=","NEON.BET.D10.001349","DISPAR1","Discoderus parallelus","species",,"Haldeman",,"Other",,"XXW8BqPXtz8Ncjf8bOi7gc6Hj7+NVXsl","XXW8BqPXtz8Ncjf8bOi7gc6Hj7+NVXsl",
"3290f20e-34af-4206-9243-61ecf7118a1d","CPER_004.basePlot.bet","D10","CPER","CPER_004","E","2014-07-03","2014-07-17","2015-01-14","2015-01-14","eSCyThC0ZO62uGgw7h9Lj0lZ+8/G44bHK/eb1VjH3n8=","NEON.BET.D10.001325","CARSP14","Carabidae sp.","family",,"Latreille","D10.2014.MorphB","Other",,"XXW8BqPXtz8Ncjf8bOi7gc6Hj7+NVXsl","XXW8BqPXtz8Ncjf8bOi7gc6Hj7+NVXsl","~5 mm in length. Amara sp? 2 orbital setae, pronotum with somewhat parallel sides, brassy iridescence overall. Amara cupreolata or A. convexa?"
"a469c650-52ee-4994-9609-c08ca0ce44e7","CPER_006.basePlot.bet","D10","CPER","CPER_006","E","2014-07-17","2014-07-31","2015-01-22","2015-01-26","NHMCrMp+/ZXgClmQYSH5qQaTt5PoxW9sE98FHEVxvJc=","NEON.BET.D10.001486","CICPUN","Cicindela punctulata","species",,"Olivier",,"Other",,"P+EeY8owwbjzXaiaPoIJpc6mcpR6iWBh","P+EeY8owwbjzXaiaPoIJpc6mcpR6iWBh",
"3f2b78fb-2de9-4a0c-a0ff-4ba3238fd0e3","CPER_006.basePlot.bet","D10","CPER","CPER_006","W","2014-07-17","2014-07-31","2015-02-02","2015-02-02","NHMCrMp+/ZX1oof0ym+3iqoOnaU4sLPorS+Xlbi/0cU=","NEON.BET.D10.001753","DISPAR1","Discoderus parallelus","species",,"Haldeman",,"Other",,"XXW8BqPXtz8Ncjf8bOi7gc6Hj7+NVXsl","XXW8BqPXtz8Ncjf8bOi7gc6Hj7+NVXsl",
"8578ebd5-91df-4e60-bd69-c3713022ca8b","CPER_002.basePlot.bet","D10","CPER","CPER_002","E","2014-07-17","2014-07-31","2015-01-21","2015-01-21","OMNGlFKVPvT/Qv6kdTf/EXQCL+Jh6N9729hXNFLXS1I=","NEON.BET.D10.001374","SELSP2","Selenophorus sp.","genus",,"Dejean",,"Other",,"XXW8BqPXtz8Ncjf8bOi7gc6Hj7+NVXsl","XXW8BqPXtz8Ncjf8bOi7gc6Hj7+NVXsl",
"0f629527-2249-4ff4-af2c-83e7b0c6c7f6","CPER_002.basePlot.bet","D10","CPER","CPER_002","E","2014-07-17","2014-07-31","2015-01-21","2015-01-21","OMNGlFKVPvT/Qv6kdTf/EXQCL+Jh6N9729hXNFLXS1I=","NEON.BET.D10.001376","SELSP2","Selenophorus sp.","genus",,"Dejean",,"Other",,"XXW8BqPXtz8Ncjf8bOi7gc6Hj7+NVXsl","XXW8BqPXtz8Ncjf8bOi7gc6Hj7+NVXsl",
"9208a2b4-959d-4264-a82b-1ac800b23df3","CPER_002.basePlot.bet","D10","CPER","CPER_002","E","2014-07-17","2014-07-31","2015-01-21","2015-01-21","OMNGlFKVPvT/Qv6kdTf/EXQCL+Jh6N9729hXNFLXS1I=","NEON.BET.D10.001375","SELSP2","Selenophorus sp.","genus",,"Dejean",,"Other",,"XXW8BqPXtz8Ncjf8bOi7gc6Hj7+NVXsl","XXW8BqPXtz8Ncjf8bOi7gc6Hj7+NVXsl",
"448f5515-57b5-403b-8d35-8192fac73a7c","CPER_002.basePlot.bet","D10","CPER","CPER_002","E","2014-07-17","2014-07-31","2015-01-21","2015-01-21","OMNGlFKVPvT/Qv6kdTf/EXQCL+Jh6N9729hXNFLXS1I=","NEON.BET.D10.001377","SELSP2","Selenophorus sp.","genus",,"Dejean",,"Other",,"XXW8BqPXtz8Ncjf8bOi7gc6Hj7+NVXsl","XXW8BqPXtz8Ncjf8bOi7gc6Hj7+NVXsl",
"517d513a-40e5-472a-8614-8a47988ebdba","CPER_006.basePlot.bet","D10","CPER","CPER_006","E","2014-07-17","2014-07-31","2015-02-02","2015-02-02","NHMCrMp+/ZXgClmQYSH5qQaTt5PoxW9sE98FHEVxvJc=","NEON.BET.D10.001744","CICPUN","Cicindela punctulata","species",,"Olivier",,"Other",,"XXW8BqPXtz8Ncjf8bOi7gc6Hj7+NVXsl","XXW8BqPXtz8Ncjf8bOi7gc6Hj7+NVXsl",
"11185535-a3ad-434b-aae8-33ce0a121e08","CPER_009.basePlot.bet","D10","CPER","CPER_009","E","2014-07-17","2014-07-31","2015-02-02","2015-02-02","KY+Aed9dLRv1CQurw/uxZCVzxCU/CkWfAOgDkvyZd/Q=","NEON.BET.D10.001756","CARSP14","Carabidae sp.","family",,"Latreille","D10.2014.MorphB","Other",,"XXW8BqPXtz8Ncjf8bOi7gc6Hj7+NVXsl","XXW8BqPXtz8Ncjf8bOi7gc6Hj7+NVXsl","~5 mm in length. Amara sp? 2 orbital setae, pronotum with somewhat parallel sides, brassy iridescence overall. Amara cupreolata or A. convexa?"
"a6da029d-3f39-4ab5-8a16-6020db42908a","CPER_002.basePlot.bet","D10","CPER","CPER_002","E","2014-07-17","2014-07-31","2015-01-21","2015-01-21","OMNGlFKVPvT/Qv6kdTf/EayIPIqFtoW/anYHwG6Drmw=","NEON.BET.D10.001373","EURGRO","Euryderus grossus","species",,"Say",,"Other",,"XXW8BqPXtz8Ncjf8bOi7gc6Hj7+NVXsl","XXW8BqPXtz8Ncjf8bOi7gc6Hj7+NVXsl",
"8384c651-86ff-4e9a-a3cb-b6a8bc6e4935","CPER_006.basePlot.bet","D10","CPER","CPER_006","E","2014-07-17","2014-07-31","2015-02-02","2015-02-02","NHMCrMp+/ZXgClmQYSH5qY+qA3ipjXV12rwG6z/bV/8=","NEON.BET.D10.001745","HARCAL","Harpalus caliginosus","species",,"Fabricius",,"Other",,"XXW8BqPXtz8Ncjf8bOi7gc6Hj7+NVXsl","XXW8BqPXtz8Ncjf8bOi7gc6Hj7+NVXsl",
"348e6cee-1281-4de7-bff0-bf48225f51b5","CPER_006.basePlot.bet","D10","CPER","CPER_006","E","2014-07-17","2014-07-31","2015-02-02","2015-02-02","NHMCrMp+/ZXgClmQYSH5qY+qA3ipjXV12rwG6z/bV/8=","NEON.BET.D10.001747","HARCAL","Harpalus caliginosus","species",,"Fabricius",,"Other",,"XXW8BqPXtz8Ncjf8bOi7gc6Hj7+NVXsl","XXW8BqPXtz8Ncjf8bOi7gc6Hj7+NVXsl",
"d1f36151-f664-4be7-bfda-423e6b2a5e9a","CPER_006.basePlot.bet","D10","CPER","CPER_006","E","2014-07-17","2014-07-31","2015-02-02","2015-02-02","NHMCrMp+/ZXgClmQYSH5qQaTt5PoxW9sE98FHEVxvJc=","NEON.BET.D10.001743","CICPUN","Cicindela punctulata","species",,"Olivier",,"Other",,"XXW8BqPXtz8Ncjf8bOi7gc6Hj7+NVXsl","XXW8BqPXtz8Ncjf8bOi7gc6Hj7+NVXsl",
"a6d06872-0f82-4f27-b563-311771fb40b9","CPER_006.basePlot.bet","D10","CPER","CPER_006","E","2014-07-17","2014-07-31","2015-02-02","2015-02-02","NHMCrMp+/ZXgClmQYSH5qQaTt5PoxW9sE98FHEVxvJc=","NEON.BET.D10.001742","CICPUN","Cicindela punctulata","species",,"Olivier",,"Other",,"XXW8BqPXtz8Ncjf8bOi7gc6Hj7+NVXsl","XXW8BqPXtz8Ncjf8bOi7gc6Hj7+NVXsl",
"ebb5a57c-9289-438f-b05b-a37715aa78ca","CPER_006.basePlot.bet","D10","CPER","CPER_006","E","2014-07-17","2014-07-31","2015-02-02","2015-02-02","NHMCrMp+/ZXgClmQYSH5qY+qA3ipjXV12rwG6z/bV/8=","NEON.BET.D10.001746","HARCAL","Harpalus caliginosus","species",,"Fabricius",,"Other",,"XXW8BqPXtz8Ncjf8bOi7gc6Hj7+NVXsl","XXW8BqPXtz8Ncjf8bOi7gc6Hj7+NVXsl",
"927f2fc3-a249-4894-996a-5a19786524ff","CPER_004.basePlot.bet","D10","CPER","CPER_004","E","2014-07-17","2014-07-31","2015-01-22","2015-01-22","eSCyThC0ZO62uGgw7h9Lj8pa08tWyDkmVK2oYcbGSS0=","NEON.BET.D10.001401","CYCCON1","Cyclotrachelus constrictus","species","cf. species","Say",,"Other",12,"XXW8BqPXtz8Ncjf8bOi7gc6Hj7+NVXsl","XXW8BqPXtz8Ncjf8bOi7gc6Hj7+NVXsl",
"6852d478-64bc-47ef-a26c-d26daaf08bc8","CPER_004.basePlot.bet","D10","CPER","CPER_004","E","2014-07-17","2014-07-31","2014-12-11","2014-12-11","eSCyThC0ZO62uGgw7h9Lj1vjQVAHXCVvWzW1GvvpLsg=","NEON.BET.D10.001389","CRADUB","Cratacanthus dubius","species",,"Palisot de Beauvois",,"Other",,"XXW8BqPXtz8Ncjf8bOi7gc6Hj7+NVXsl","XXW8BqPXtz8Ncjf8bOi7gc6Hj7+NVXsl",
"711a4d69-79a4-4fbc-bab3-73d279477ae5","CPER_003.basePlot.bet","D10","CPER","CPER_003","E","2014-07-17","2014-07-31","2015-02-02","2015-02-02","omCPNZnkoGTaKCLsNHgAuzjJBhG/b5/FexIF+bWq1Qk=","NEON.BET.D10.001761","CARSP14","Carabidae sp.","family",,"Latreille","D10.2014.MorphAB","Other",,"XXW8BqPXtz8Ncjf8bOi7gc6Hj7+NVXsl","XXW8BqPXtz8Ncjf8bOi7gc6Hj7+NVXsl","similar to, or is, either Harpalus fuscipalpus or Harpalus carbonatus. ~10 mm long. Basal fovea more convex. Sparsely punctate. Posterior pronotal corners rounded but defined with small overlap onto elytra."
"62190f56-c0a3-432b-b41e-748343e723f5","CPER_003.basePlot.bet","D10","CPER","CPER_003","E","2014-07-17","2014-07-31","2015-02-02","2015-02-02","omCPNZnkoGTaKCLsNHgAuzjJBhG/b5/FexIF+bWq1Qk=","NEON.BET.D10.001758","PIOSET","Piosoma setosum","species",,"LeConte",,"Other",,"XXW8BqPXtz8Ncjf8bOi7gc6Hj7+NVXsl","XXW8BqPXtz8Ncjf8bOi7gc6Hj7+NVXsl",
"d5ad2c23-6689-4c12-a855-115a83671b77","CPER_001.basePlot.bet","D10","CPER","CPER_001","E","2014-07-17","2014-07-31","2015-02-02","2015-02-02","BEtTVHT1LvFkg1c1Z4/4qlGfUklRQU5PtT6XM6+WwbI=","NEON.BET.D10.001754","CARSP14","Carabidae sp.","family",,"Latreille","D10.2014.MorphAB","Other",,"XXW8BqPXtz8Ncjf8bOi7gc6Hj7+NVXsl","XXW8BqPXtz8Ncjf8bOi7gc6Hj7+NVXsl","similar to, or is, either Harpalus fuscipalpus or Harpalus carbonatus. ~10 mm long. Basal fovea more convex. Sparsely punctate. Posterior pronotal corners rounded but defined with small overlap onto elytra."
"489b8176-1162-47e8-a96b-bec789fb9972","CPER_003.basePlot.bet","D10","CPER","CPER_003","E","2014-07-17","2014-07-31","2015-02-02","2015-02-02","omCPNZnkoGTaKCLsNHgAuzjJBhG/b5/FexIF+bWq1Qk=","NEON.BET.D10.001759","HARDES","Harpalus desertus","species",,"LeConte",,"Other",,"XXW8BqPXtz8Ncjf8bOi7gc6Hj7+NVXsl","XXW8BqPXtz8Ncjf8bOi7gc6Hj7+NVXsl",
"f549162b-9480-45b4-8224-418426ff46ce","CPER_003.basePlot.bet","D10","CPER","CPER_003","E","2014-07-17","2014-07-31","2015-02-02","2015-02-02","omCPNZnkoGTaKCLsNHgAuzjJBhG/b5/FexIF+bWq1Qk=","NEON.BET.D10.001760","CARSP14","Carabidae sp.","family",,"Latreille","D10.2014.MorphB","Other",,"XXW8BqPXtz8Ncjf8bOi7gc6Hj7+NVXsl","XXW8BqPXtz8Ncjf8bOi7gc6Hj7+NVXsl","~5 mm in length. Amara sp? 2 orbital setae, pronotum with somewhat parallel sides, brassy iridescence overall. Amara cupreolata or A. convexa?"
"29597ab2-65ff-46ea-9063-889dcfc0f8d7","CPER_005.basePlot.bet","D10","CPER","CPER_005","E","2014-07-17","2014-07-31","2015-01-22","2015-01-22","e1AKewEwvnEdOmnM/0EiBN4SOuD6Ua+GQPwR39F/Ugk=","NEON.BET.D10.001398","CARSP14","Carabidae sp.","family",,"Latreille","D10.2014.MorphB","Other",,"XXW8BqPXtz8Ncjf8bOi7gc6Hj7+NVXsl","XXW8BqPXtz8Ncjf8bOi7gc6Hj7+NVXsl","~5 mm in length. Amara sp? 2 orbital setae, pronotum with somewhat parallel sides, brassy iridescence overall. Amara cupreolata or A. convexa?"
"f2f4e8b0-f034-4d6b-ab0c-1666f8e93944","CPER_005.basePlot.bet","D10","CPER","CPER_005","E","2014-07-17","2014-07-31","2015-01-22","2015-01-22","e1AKewEwvnEdOmnM/0EiBN4SOuD6Ua+GQPwR39F/Ugk=","NEON.BET.D10.001399","CARSP14","Carabidae sp.","family",,"Latreille","D10.2014.MorphB","Other",,"XXW8BqPXtz8Ncjf8bOi7gc6Hj7+NVXsl","XXW8BqPXtz8Ncjf8bOi7gc6Hj7+NVXsl","~5 mm in length. Amara sp? 2 orbital setae, pronotum with somewhat parallel sides, brassy iridescence overall. Amara cupreolata or A. convexa?"
"b47414c6-b2b8-4f6c-9b36-85d58b134e66","CPER_005.basePlot.bet","D10","CPER","CPER_005","E","2014-07-17","2014-07-31","2015-01-22","2015-01-22","e1AKewEwvnEdOmnM/0EiBN4SOuD6Ua+GQPwR39F/Ugk=","NEON.BET.D10.001395","CARSP14","Carabidae sp.","family",,"Latreille","D10.2014.MorphB","Other",,"XXW8BqPXtz8Ncjf8bOi7gc6Hj7+NVXsl","XXW8BqPXtz8Ncjf8bOi7gc6Hj7+NVXsl","~5 mm in length. Amara sp? 2 orbital setae, pronotum with somewhat parallel sides, brassy iridescence overall. Amara cupreolata or A. convexa?"
"020bd9d8-76f0-4e73-8107-fb7b31167387","CPER_005.basePlot.bet","D10","CPER","CPER_005","E","2014-07-17","2014-07-31","2015-01-22","2015-01-22","e1AKewEwvnEdOmnM/0EiBN4SOuD6Ua+GQPwR39F/Ugk=","NEON.BET.D10.001396","CARSP14","Carabidae sp.","family",,"Latreille","D10.2014.MorphB","Other",,"XXW8BqPXtz8Ncjf8bOi7gc6Hj7+NVXsl","XXW8BqPXtz8Ncjf8bOi7gc6Hj7+NVXsl","~5 mm in length. Amara sp? 2 orbital setae, pronotum with somewhat parallel sides, brassy iridescence overall. Amara cupreolata or A. convexa?"
"4b372cf9-5b26-4f7f-b126-0262f0ecd07b","CPER_005.basePlot.bet","D10","CPER","CPER_005","E","2014-07-17","2014-07-31","2015-01-22","2015-01-22","e1AKewEwvnEdOmnM/0EiBN4SOuD6Ua+GQPwR39F/Ugk=","NEON.BET.D10.001393","CARSP14","Carabidae sp.","family",,"Latreille","D10.2014.MorphB","Other",,"XXW8BqPXtz8Ncjf8bOi7gc6Hj7+NVXsl","XXW8BqPXtz8Ncjf8bOi7gc6Hj7+NVXsl","~5 mm in length. Amara sp? 2 orbital setae, pronotum with somewhat parallel sides, brassy iridescence overall. Amara cupreolata or A. convexa?"
"4cca8116-8d60-49f6-b851-7c1fe11c69da","CPER_005.basePlot.bet","D10","CPER","CPER_005","E","2014-07-17","2014-07-31","2015-01-22","2015-01-22","e1AKewEwvnEdOmnM/0EiBN4SOuD6Ua+GQPwR39F/Ugk=","NEON.BET.D10.001397","CARSP14","Carabidae sp.","family",,"Latreille","D10.2014.MorphB","Other",,"XXW8BqPXtz8Ncjf8bOi7gc6Hj7+NVXsl","XXW8BqPXtz8Ncjf8bOi7gc6Hj7+NVXsl","~5 mm in length. Amara sp? 2 orbital setae, pronotum with somewhat parallel sides, brassy iridescence overall. Amara cupreolata or A. convexa?"
"0bf29d94-aa1c-4f49-900c-cc39748c55ec","CPER_005.basePlot.bet","D10","CPER","CPER_005","E","2014-07-17","2014-07-31","2015-01-22","2015-01-22","e1AKewEwvnEdOmnM/0EiBN4SOuD6Ua+GQPwR39F/Ugk=","NEON.BET.D10.001392","CARSP14","Carabidae sp.","family",,"Latreille","D10.2014.MorphB","Other",,"XXW8BqPXtz8Ncjf8bOi7gc6Hj7+NVXsl","XXW8BqPXtz8Ncjf8bOi7gc6Hj7+NVXsl","~5 mm in length. Amara sp? 2 orbital setae, pronotum with somewhat parallel sides, brassy iridescence overall. Amara cupreolata or A. convexa?"
"2962161e-1a49-47b2-9856-0af1f2ee64d2","CPER_006.basePlot.bet","D10","CPER","CPER_006","N","2014-07-17","2014-07-31","2015-01-22","2015-01-22","NHMCrMp+/ZWP5DIVL5LEXtEPzKWqeEM7tBcGG39mvx8=","NEON.BET.D10.001384","EURGRO","Euryderus grossus","species",,"Say",,"Other",,"XXW8BqPXtz8Ncjf8bOi7gc6Hj7+NVXsl","XXW8BqPXtz8Ncjf8bOi7gc6Hj7+NVXsl",
"a3328c98-7b97-4870-be56-8d31edab4c3e","CPER_004.basePlot.bet","D10","CPER","CPER_004","N","2014-07-17","2014-07-31","2015-01-22","2015-01-22","eSCyThC0ZO6/gL3oeh/jdYLiHPGBM1gG94ZQs6ZEkmo=","NEON.BET.D10.001400","HARDES","Harpalus desertus","species",,"LeConte",,"Other",,"XXW8BqPXtz8Ncjf8bOi7gc6Hj7+NVXsl","XXW8BqPXtz8Ncjf8bOi7gc6Hj7+NVXsl",
"dc019349-0147-4102-afda-f98672b67c2f","CPER_007.basePlot.bet","D10","CPER","CPER_007","N","2014-07-17","2014-07-31","2015-02-02","2015-02-02","SOIi55Lib0Lgf8+qL4KYgYiaX1ZV+pmWH6AsEwu0UK4=","NEON.BET.D10.001485","PIOSET","Piosoma setosum","species",,"LeConte",,"Other",,"XXW8BqPXtz8Ncjf8bOi7gc6Hj7+NVXsl","XXW8BqPXtz8Ncjf8bOi7gc6Hj7+NVXsl",
"47a4a64e-6961-43b5-bb37-52183093ac35","CPER_007.basePlot.bet","D10","CPER","CPER_007","N","2014-07-17","2014-07-31","2015-01-22","2015-02-02","SOIi55Lib0Lgf8+qL4KYgYBAXcz5RKccenCb2eUgsrA=","NEON.BET.D10.001415","CRADUB","Cratacanthus dubius","species",,"Palisot de Beauvois",,"Other",,"XXW8BqPXtz8Ncjf8bOi7gc6Hj7+NVXsl","XXW8BqPXtz8Ncjf8bOi7gc6Hj7+NVXsl",
"13b8d4ea-2b8f-41c2-bae6-ce7d822419f2","CPER_003.basePlot.bet","D10","CPER","CPER_003","N","2014-07-17","2014-07-31","2015-02-02","2015-02-02","omCPNZnkoGTjQ8CJytgwHDBonbB/66yOqVi3aWrfBgI=","NEON.BET.D10.001757","PIOSET","Piosoma setosum","species",,"LeConte",,"Other",,"XXW8BqPXtz8Ncjf8bOi7gc6Hj7+NVXsl","XXW8BqPXtz8Ncjf8bOi7gc6Hj7+NVXsl",
"eeabaff1-926c-4319-9aee-e90fb27e4aa9","CPER_002.basePlot.bet","D10","CPER","CPER_002","N","2014-07-17","2014-07-31","2015-01-21","2015-01-21","OMNGlFKVPvR1+h5T+crsoL2ihaAg3QpmqcPVhyUWGeM=","NEON.BET.D10.001369","DISPAR1","Discoderus parallelus","species",,"Haldeman",,"Other",,"XXW8BqPXtz8Ncjf8bOi7gc6Hj7+NVXsl","XXW8BqPXtz8Ncjf8bOi7gc6Hj7+NVXsl",
"f29d9e94-60c4-4192-842d-f8ac5d05c928","CPER_002.basePlot.bet","D10","CPER","CPER_002","N","2014-07-17","2014-07-31","2015-01-21","2015-01-21","OMNGlFKVPvR1+h5T+crsoL2ihaAg3QpmqcPVhyUWGeM=","NEON.BET.D10.001370","SELSP2","Selenophorus sp.","genus",,"Dejean",,"Other",,"XXW8BqPXtz8Ncjf8bOi7gc6Hj7+NVXsl","XXW8BqPXtz8Ncjf8bOi7gc6Hj7+NVXsl",
"da108a08-bf1f-4435-bee9-5867f04f525d","CPER_006.basePlot.bet","D10","CPER","CPER_006","N","2014-07-17","2014-07-31","2015-01-21","2015-01-21","NHMCrMp+/ZWP5DIVL5LEXu0uq8SLGE3fsNqJ7FOPtYw=","NEON.BET.D10.001381","HARCAL","Harpalus caliginosus","species",,"Fabricius",,"Other",,"XXW8BqPXtz8Ncjf8bOi7gc6Hj7+NVXsl","XXW8BqPXtz8Ncjf8bOi7gc6Hj7+NVXsl",
"47804652-b83f-4746-9267-928fe2b88aa5","CPER_006.basePlot.bet","D10","CPER","CPER_006","N","2014-07-17","2014-07-31","2015-01-21","2015-01-21","NHMCrMp+/ZWP5DIVL5LEXitwJI4f2rDZB+rsuk6rwU8=","NEON.BET.D10.001382","CRADUB","Cratacanthus dubius","species",,"Palisot de Beauvois",,"Other",,"XXW8BqPXtz8Ncjf8bOi7gc6Hj7+NVXsl","XXW8BqPXtz8Ncjf8bOi7gc6Hj7+NVXsl",
"3bb65b63-e789-423b-b587-6e43f868ea56","CPER_006.basePlot.bet","D10","CPER","CPER_006","N","2014-07-17","2014-07-31","2015-01-22","2015-01-22","NHMCrMp+/ZWP5DIVL5LEXtEPzKWqeEM7tBcGG39mvx8=","NEON.BET.D10.001383","PIOSET","Piosoma setosum","species",,"LeConte",,"Other",,"XXW8BqPXtz8Ncjf8bOi7gc6Hj7+NVXsl","XXW8BqPXtz8Ncjf8bOi7gc6Hj7+NVXsl",
"5b528392-85a7-42cc-aa92-86142b5d94b2","CPER_002.basePlot.bet","D10","CPER","CPER_002","N","2014-07-17","2014-07-31","2015-01-21","2015-01-21","OMNGlFKVPvR1+h5T+crsoLBdgY/VbSbSWzQ/9HBoLU4=","NEON.BET.D10.001372","CRADUB","Cratacanthus dubius","species",,"Palisot de Beauvois",,"Other",,"XXW8BqPXtz8Ncjf8bOi7gc6Hj7+NVXsl","XXW8BqPXtz8Ncjf8bOi7gc6Hj7+NVXsl",
"7b7dfe0b-8f30-415f-a54a-5aafda1a94a9","CPER_002.basePlot.bet","D10","CPER","CPER_002","N","2014-07-17","2014-07-31","2015-01-21","2015-01-21","OMNGlFKVPvR1+h5T+crsoLBdgY/VbSbSWzQ/9HBoLU4=","NEON.BET.D10.001371","CRADUB","Cratacanthus dubius","species",,"Palisot de Beauvois",,"Other",,"XXW8BqPXtz8Ncjf8bOi7gc6Hj7+NVXsl","XXW8BqPXtz8Ncjf8bOi7gc6Hj7+NVXsl",
"4783fedb-e640-47da-8532-544bf6233a04","CPER_002.basePlot.bet","D10","CPER","CPER_002","N","2014-07-17","2014-07-31","2015-01-21","2015-01-21","OMNGlFKVPvR1+h5T+crsoD8cU+1ocReHJSgl1OmGbKc=","NEON.BET.D10.001368","HARPEN","Harpalus pensylvanicus","species",,"DeGeer",,"Other",,"XXW8BqPXtz8Ncjf8bOi7gc6Hj7+NVXsl","XXW8BqPXtz8Ncjf8bOi7gc6Hj7+NVXsl",
"4b3d24e0-bd8c-460c-8a69-ccb070d27c97","CPER_008.basePlot.bet","D10","CPER","CPER_008","N","2014-07-17","2014-07-31","2015-02-02","2015-02-02","kqngcYlCVJ7UQJ0eZpRfAx4wtJQBXuAIMiJVeEJ1cEA=","NEON.BET.D10.001484","SELSP2","Selenophorus sp.","genus",,"Dejean",,"Other",,"XXW8BqPXtz8Ncjf8bOi7gc6Hj7+NVXsl","XXW8BqPXtz8Ncjf8bOi7gc6Hj7+NVXsl",
"725d4e07-9aa4-4fd4-a0b4-dcb224b79689","CPER_005.basePlot.bet","D10","CPER","CPER_005","S","2014-07-17","2014-07-31","2014-12-11","2014-12-11","e1AKewEwvnFmp1+7PS16/c17rImkEGKltSy7H+zL8cc=","NEON.BET.D10.001390","CARSP14","Carabidae sp.","family",,"Latreille","D10.2014.MorphB","Other",,"XXW8BqPXtz8Ncjf8bOi7gc6Hj7+NVXsl","XXW8BqPXtz8Ncjf8bOi7gc6Hj7+NVXsl","~5 mm in length. Amara sp? 2 orbital setae, pronotum with somewhat parallel sides, brassy iridescence overall. Amara cupreolata or A. convexa?"
"0e2c236a-cc82-4c4a-be71-6f3ac8815e85","CPER_005.basePlot.bet","D10","CPER","CPER_005","S","2014-07-17","2014-07-31","2015-01-22","2015-01-22","e1AKewEwvnFmp1+7PS16/UkWYpu3LiwL1pZcbSSvEjA=","NEON.BET.D10.001388","EURGRO","Euryderus grossus","species",,"Say",,"Other",,"XXW8BqPXtz8Ncjf8bOi7gc6Hj7+NVXsl","XXW8BqPXtz8Ncjf8bOi7gc6Hj7+NVXsl",
"9fad8315-ae7d-49cc-9751-e7b3d5e0daac","CPER_005.basePlot.bet","D10","CPER","CPER_005","S","2014-07-17","2014-07-31","2015-01-22","2015-01-22","e1AKewEwvnFmp1+7PS16/c17rImkEGKltSy7H+zL8cc=","NEON.BET.D10.001387","EURGRO","Euryderus grossus","species",,"Say",,"Other",,"XXW8BqPXtz8Ncjf8bOi7gc6Hj7+NVXsl","XXW8BqPXtz8Ncjf8bOi7gc6Hj7+NVXsl",
"523e87ee-9a9a-4553-bb45-00856654ef5f","CPER_005.basePlot.bet","D10","CPER","CPER_005","S","2014-07-17","2014-07-31","2015-01-22","2015-01-22","e1AKewEwvnFmp1+7PS16/c17rImkEGKltSy7H+zL8cc=","NEON.BET.D10.001391","CARSP14","Carabidae sp.","family",,"Latreille","D10.2014.MorphB","Other",,"XXW8BqPXtz8Ncjf8bOi7gc6Hj7+NVXsl","XXW8BqPXtz8Ncjf8bOi7gc6Hj7+NVXsl","~5 mm in length. Amara sp? 2 orbital setae, pronotum with somewhat parallel sides, brassy iridescence overall. Amara cupreolata or A. convexa?"
"17d6dc64-fdfa-4f3f-a5c8-9646c3420ae1","CPER_004.basePlot.bet","D10","CPER","CPER_004","S","2014-07-17","2014-07-31","2015-01-22","2015-02-02","eSCyThC0ZO6AdnvmPVs84LNJJRaeC62Pfu2+0zs8bjs=","NEON.BET.D10.001413","PASELO","Pasimachus elongatus","species",,"LeConte",,"Other",,"XXW8BqPXtz8Ncjf8bOi7gc6Hj7+NVXsl","XXW8BqPXtz8Ncjf8bOi7gc6Hj7+NVXsl",
"aee4bf8e-88af-4c3b-8676-7372c0ef2e7f","CPER_004.basePlot.bet","D10","CPER","CPER_004","S","2014-07-17","2014-07-31","2015-01-22","2015-02-02","eSCyThC0ZO6AdnvmPVs84LNJJRaeC62Pfu2+0zs8bjs=","NEON.BET.D10.001412","PASELO","Pasimachus elongatus","species",,"LeConte",,"Other",,"XXW8BqPXtz8Ncjf8bOi7gc6Hj7+NVXsl","XXW8BqPXtz8Ncjf8bOi7gc6Hj7+NVXsl",
"7753271b-5464-4998-a99e-0d868cab67ba","CPER_007.basePlot.bet","D10","CPER","CPER_007","S","2014-07-17","2014-07-31","2015-01-22","2015-02-02","SOIi55Lib0JQfeXkLiWVqUMoWSQICNhsI73cOOoksdg=","NEON.BET.D10.001414","PASELO","Pasimachus elongatus","species",,"LeConte",,"Other",,"XXW8BqPXtz8Ncjf8bOi7gc6Hj7+NVXsl","XXW8BqPXtz8Ncjf8bOi7gc6Hj7+NVXsl",
"e5582b71-75f6-4895-8768-2131d0b6d40f","CPER_006.basePlot.bet","D10","CPER","CPER_006","S","2014-07-17","2014-07-31","2015-01-22","2015-01-22","NHMCrMp+/ZUObB+6kNurxjYfQCGpWjXsqJsUEseHA4c=","NEON.BET.D10.001386","PIOSET","Piosoma setosum","species",,"LeConte",,"Other",,"XXW8BqPXtz8Ncjf8bOi7gc6Hj7+NVXsl","XXW8BqPXtz8Ncjf8bOi7gc6Hj7+NVXsl",
"abb63bab-d7bb-4bfb-806f-133fd9c0ce4c","CPER_006.basePlot.bet","D10","CPER","CPER_006","S","2014-07-17","2014-07-31","2015-01-22","2015-01-22","NHMCrMp+/ZUObB+6kNurxjYfQCGpWjXsqJsUEseHA4c=","NEON.BET.D10.001385","PIOSET","Piosoma setosum","species",,"LeConte",,"Other",,"XXW8BqPXtz8Ncjf8bOi7gc6Hj7+NVXsl","XXW8BqPXtz8Ncjf8bOi7gc6Hj7+NVXsl",
"7d303c38-8508-4846-81ca-051faad7184c","CPER_002.basePlot.bet","D10","CPER","CPER_002","S","2014-07-17","2014-07-31","2015-01-21","2015-01-21","OMNGlFKVPvQd5cuG1wLFDr+Jb9cSYJ0m9CMMmiUsTdI=","NEON.BET.D10.001380","CRADUB","Cratacanthus dubius","species",,"Palisot de Beauvois",,"Other",,"XXW8BqPXtz8Ncjf8bOi7gc6Hj7+NVXsl","XXW8BqPXtz8Ncjf8bOi7gc6Hj7+NVXsl",
"e07e9c0b-6d16-4a73-bb07-025d88632457","CPER_002.basePlot.bet","D10","CPER","CPER_002","S","2014-07-17","2014-07-31","2015-01-21","2015-01-21","OMNGlFKVPvQd5cuG1wLFDr+Jb9cSYJ0m9CMMmiUsTdI=","NEON.BET.D10.001379","CRADUB","Cratacanthus dubius","species",,"Palisot de Beauvois",,"Other",,"XXW8BqPXtz8Ncjf8bOi7gc6Hj7+NVXsl","XXW8BqPXtz8Ncjf8bOi7gc6Hj7+NVXsl",
"c67c0b18-c6d5-41b0-884e-4aedda983ec1","CPER_006.basePlot.bet","D10","CPER","CPER_006","W","2014-07-17","2014-07-31","2015-02-02","2015-02-02","NHMCrMp+/ZX1oof0ym+3iqoOnaU4sLPorS+Xlbi/0cU=","NEON.BET.D10.001751","DISPAR1","Discoderus parallelus","species",,"Haldeman",,"Other",,"XXW8BqPXtz8Ncjf8bOi7gc6Hj7+NVXsl","XXW8BqPXtz8Ncjf8bOi7gc6Hj7+NVXsl",
"457ae880-c702-4c5e-8ebf-adbf7dd027c6","CPER_006.basePlot.bet","D10","CPER","CPER_006","W","2014-07-17","2014-07-31","2015-02-02","2015-02-02","NHMCrMp+/ZX1oof0ym+3iqoOnaU4sLPorS+Xlbi/0cU=","NEON.BET.D10.001752","DISPAR1","Discoderus parallelus","species",,"Haldeman",,"Other",,"XXW8BqPXtz8Ncjf8bOi7gc6Hj7+NVXsl","XXW8BqPXtz8Ncjf8bOi7gc6Hj7+NVXsl",
"6337a4b2-1f20-4c46-ab5f-eb022e6b2820","CPER_010.basePlot.bet","D10","CPER","CPER_010","W","2014-07-17","2014-07-31","2015-02-02","2015-02-02","DW9ihRbrMtnDmYbewGTSlFPDMcCIAGdF2/M3qdsn+sA=","NEON.BET.D10.001741","HARDES","Harpalus desertus","species",,"LeConte",,"Other",,"XXW8BqPXtz8Ncjf8bOi7gc6Hj7+NVXsl","XXW8BqPXtz8Ncjf8bOi7gc6Hj7+NVXsl",
"63cadb70-58d4-415d-be49-9cb20c814e89","CPER_006.basePlot.bet","D10","CPER","CPER_006","W","2014-07-17","2014-07-31","2015-02-02","2015-02-02","NHMCrMp+/ZX1oof0ym+3iqoOnaU4sLPorS+Xlbi/0cU=","NEON.BET.D10.001750","SELSP2","Selenophorus sp.","genus",,"Dejean",,"Other",,"XXW8BqPXtz8Ncjf8bOi7gc6Hj7+NVXsl","XXW8BqPXtz8Ncjf8bOi7gc6Hj7+NVXsl",
"d031edb8-77e5-44f2-86cd-da3892115b46","CPER_009.basePlot.bet","D10","CPER","CPER_009","W","2014-07-17","2014-07-31","2015-02-02","2015-02-02","KY+Aed9dLRuUZrZebwM5HBoMp9J/707KiYIFv6AifVs=","NEON.BET.D10.001755","DISPAR1","Discoderus parallelus","species",,"Haldeman",,"Other",,"XXW8BqPXtz8Ncjf8bOi7gc6Hj7+NVXsl","XXW8BqPXtz8Ncjf8bOi7gc6Hj7+NVXsl",
"2c084cae-31fc-427d-87eb-5d881de6850d","CPER_010.basePlot.bet","D10","CPER","CPER_010","W","2014-07-17","2014-07-31","2015-01-22","2015-02-02","DW9ihRbrMtnDmYbewGTSlFPDMcCIAGdF2/M3qdsn+sA=","NEON.BET.D10.001740","CARSP14","Carabidae sp.","family",,"Latreille","D10.2014.MorphB","Other",,"XXW8BqPXtz8Ncjf8bOi7gc6Hj7+NVXsl","XXW8BqPXtz8Ncjf8bOi7gc6Hj7+NVXsl","~5 mm in length. Amara sp? 2 orbital setae, pronotum with somewhat parallel sides, brassy iridescence overall. Amara cupreolata or A. convexa?"
"3390461c-0dbd-415a-b35f-de21d144a8d6","CPER_006.basePlot.bet","D10","CPER","CPER_006","W","2014-07-17","2014-07-31","2015-02-02","2015-02-02","NHMCrMp+/ZX1oof0ym+3iqoOnaU4sLPorS+Xlbi/0cU=","NEON.BET.D10.001749","PIOSET","Piosoma setosum","species",,"LeConte",,"Other",,"XXW8BqPXtz8Ncjf8bOi7gc6Hj7+NVXsl","XXW8BqPXtz8Ncjf8bOi7gc6Hj7+NVXsl",
"dd5092fa-8c86-4ef7-87cb-915ba975753e","CPER_006.basePlot.bet","D10","CPER","CPER_006","W","2014-07-17","2014-07-31","2015-02-02","2015-02-02","NHMCrMp+/ZX1oof0ym+3iqoOnaU4sLPorS+Xlbi/0cU=","NEON.BET.D10.001748","PIOSET","Piosoma setosum","species",,"LeConte",,"Other",,"XXW8BqPXtz8Ncjf8bOi7gc6Hj7+NVXsl","XXW8BqPXtz8Ncjf8bOi7gc6Hj7+NVXsl",
"af0ffdb7-c586-4bba-9521-65036eb237df","CPER_002.basePlot.bet","D10","CPER","CPER_002","E","2014-07-17","2014-07-31","2015-01-21","2015-01-21","OMNGlFKVPvT/Qv6kdTf/EXQCL+Jh6N9729hXNFLXS1I=","NEON.BET.D10.001378","SELSP2","Selenophorus sp.","genus",,"Dejean",,"Other",,"XXW8BqPXtz8Ncjf8bOi7gc6Hj7+NVXsl","XXW8BqPXtz8Ncjf8bOi7gc6Hj7+NVXsl",
