uid,namedLocation,domainID,siteID,plotID,trapID,setDate,collectDate,processingDate,etOHChangeDate,identifiedDate,sampleID,subsampleID,sampleType,taxonID,scientificName,taxonRank,identificationQualifier,scientificNameAuthorship,morphospeciesID,individualCount,identificationReferences,identifiedBy,recordedBy,remarks
"7123b870-b98e-420b-827b-934b4be9ee46","CPER_007.basePlot.bet","D10","CPER","CPER_007","E","2014-06-19","2014-07-03","2014-07-03","2014-10-13","2015-01-12","CPER_007.E.20140703","SOIi55Lib0JQ2YET7dhBOc8scbjSK+w0o5QMTr0B3Hk=","carabid","PASELO","Pasimachus elongatus","species",,"LeConte",,1,"Other","XXW8BqPXtz8Ncjf8bOi7gc6Hj7+NVXsl","XXW8BqPXtz8Ncjf8bOi7gc6Hj7+NVXsl",
"8ed05d52-e190-4ec7-920f-3b60bc9da91f","CPER_001.basePlot.bet","D10","CPER","CPER_001","E","2014-06-19","2014-07-03","2014-07-03","2014-10-13",,"CPER_001.E.20140703","BEtTVHT1LvFkg1c1Z4/4qjjEJN+RlrVXB5PjvEP0mZQ=","invert bycatch",,,,,,,,,,"XXW8BqPXtz8Ncjf8bOi7gc6Hj7+NVXsl",
"206e550d-8a6d-44c5-af8e-0e36aa287335","CPER_005.basePlot.bet","D10","CPER","CPER_005","E","2014-06-19","2014-07-03","2014-07-03","2014-10-13",,"CPER_005.E.20140703","e1AKewEwvnEdOmnM/0EiBFLgZmkjBAWdWas9gyrlNKQ=","other carabid","CARSP14","Carabidae sp.","family",,"Latreille",,1,"Other",,"XXW8BqPXtz8Ncjf8bOi7gc6Hj7+NVXsl","individualCount estimated based on number of pinning records|"
"629e02df-f300-43b7-b589-5bb47cf38461","CPER_009.basePlot.bet","D10","CPER","CPER_009","E","2014-06-19","2014-07-03","2014-07-03","2014-10-13",,"CPER_009.E.20140703","KY+Aed9dLRv1CQurw/uxZGgxWWLOkhusmrdBfaYOl1Q=","other carabid","CARSP14","Carabidae sp.","family",,"Latreille",,3,"Other",,"XXW8BqPXtz8Ncjf8bOi7gc6Hj7+NVXsl","individualCount estimated based on number of pinning records|"
"9cd2925d-7df4-4581-953b-18ece1673cf9","CPER_002.basePlot.bet","D10","CPER","CPER_002","E","2014-06-19","2014-07-03","2014-07-03","2014-10-13",,"CPER_002.E.20140703","OMNGlFKVPvT/Qv6kdTf/Eb6a8ymj53qmVzy0M6rMNOo=","other carabid","CARSP14","Carabidae sp.","family",,"Latreille",,8,"Other",,"XXW8BqPXtz8Ncjf8bOi7gc6Hj7+NVXsl","individualCount estimated based on number of pinning records|"
"7c790ea5-f044-4fb3-a9f8-2653a98475d0","CPER_010.basePlot.bet","D10","CPER","CPER_010","E","2014-06-19","2014-07-03","2014-07-03","2014-10-13",,"CPER_010.E.20140703","DW9ihRbrMtnjbEuSnx1MLldDZsISvU8YcNsR63Vw4b8=","invert bycatch",,,,,,,,,,"XXW8BqPXtz8Ncjf8bOi7gc6Hj7+NVXsl",
"65a3ae7d-8e82-4d1c-a645-9335beb0a08b","CPER_009.basePlot.bet","D10","CPER","CPER_009","E","2014-06-19","2014-07-03","2014-07-03","2014-10-13",,"CPER_009.E.20140703","KY+Aed9dLRv1CQurw/uxZOA55uC9lnuPl+gaVuBAhBM=","invert bycatch",,,,,,,,,,"XXW8BqPXtz8Ncjf8bOi7gc6Hj7+NVXsl",
"df40bc0a-34bd-449b-aea7-81ffd2c5b80d","CPER_005.basePlot.bet","D10","CPER","CPER_005","E","2014-06-19","2014-07-03","2014-07-03","2014-10-13",,"CPER_005.E.20140703","e1AKewEwvnEdOmnM/0EiBPbL7EfYC1ohV/StddWO+BU=","invert bycatch",,,,,,,,,,"XXW8BqPXtz8Ncjf8bOi7gc6Hj7+NVXsl",
"0b8b7e69-2268-434a-a659-66daeb4e9997","CPER_003.basePlot.bet","D10","CPER","CPER_003","E","2014-06-19","2014-07-03","2014-07-03","2014-10-13","2014-10-13","CPER_003.E.20140703","omCPNZnkoGTaKCLsNHgAu/k504+YRkgj/nKX5ijJePM=","carabid","HARCAL","Harpalus caliginosus","species",,"Fabricius",,1,"Other","XXW8BqPXtz8Ncjf8bOi7gc6Hj7+NVXsl","XXW8BqPXtz8Ncjf8bOi7gc6Hj7+NVXsl",
"148974eb-6126-4a57-83a6-4b3d11540944","CPER_003.basePlot.bet","D10","CPER","CPER_003","E","2014-06-19","2014-07-03","2014-07-03","2014-10-13","2015-01-14","CPER_003.E.20140703","omCPNZnkoGTaKCLsNHgAu1tkQe5IMR1k2aqDT6Z/mIE=","carabid","EURGRO","Euryderus grossus","species",,"Say",,2,"Other","XXW8BqPXtz8Ncjf8bOi7gc6Hj7+NVXsl","XXW8BqPXtz8Ncjf8bOi7gc6Hj7+NVXsl",
"534e2b3b-3e44-4a39-9665-2a0466350806","CPER_002.basePlot.bet","D10","CPER","CPER_002","N","2014-06-19","2014-07-03","2014-07-03","2014-10-13",,"CPER_002.N.20140703","OMNGlFKVPvR1+h5T+crsoPaPVmHZPuA4D5YhhhXD2GA=","invert bycatch",,,,,,,,,,"XXW8BqPXtz8Ncjf8bOi7gc6Hj7+NVXsl",
"87dc5580-3963-4fd0-97d2-81c6b39ca5ff","CPER_002.basePlot.bet","D10","CPER","CPER_002","N","2014-06-19","2014-07-03","2014-07-03","2014-10-13",,"CPER_002.N.20140703","OMNGlFKVPvR1+h5T+crsoMBPksG9GZhu5OKS+fVxPXk=","other carabid","CARSP14","Carabidae sp.","family",,"Latreille",,4,"Other",,"XXW8BqPXtz8Ncjf8bOi7gc6Hj7+NVXsl","individualCount estimated based on number of pinning records|"
"2ce327f6-6f23-405e-9706-314f71d3241e","CPER_008.basePlot.bet","D10","CPER","CPER_008","N","2014-06-19","2014-07-03","2014-07-03","2014-10-13",,"CPER_008.N.20140703","kqngcYlCVJ7UQJ0eZpRfAw8IPKs7gDdfO+gZgKBjGH4=","invert bycatch",,,,,,,,,,"XXW8BqPXtz8Ncjf8bOi7gc6Hj7+NVXsl",
"66c40e23-7977-45de-9368-7e4f5bf12da2","CPER_009.basePlot.bet","D10","CPER","CPER_009","N","2014-06-19","2014-07-03","2014-07-03","2014-10-13",,"CPER_009.N.20140703","KY+Aed9dLRtCtcuOrBDKdDPV4FKzKGmhlU0XCue9QMM=","invert bycatch",,,,,,,,,,"XXW8BqPXtz8Ncjf8bOi7gc6Hj7+NVXsl",
"7a1341a0-58d4-44c4-b491-894c5a7e6af8","CPER_009.basePlot.bet","D10","CPER","CPER_009","N","2014-06-19","2014-07-03","2014-07-03","2014-10-13",,"CPER_009.N.20140703","KY+Aed9dLRtCtcuOrBDKdDM5XDIh3d9Rt+iHqr09FiE=","other carabid","CARSP14","Carabidae sp.","family",,"Latreille",,1,"Other",,"XXW8BqPXtz8Ncjf8bOi7gc6Hj7+NVXsl","individualCount estimated based on number of pinning records|"
"91b4dad3-8688-4431-b7f3-3525f828e171","CPER_006.basePlot.bet","D10","CPER","CPER_006","N","2014-06-19","2014-07-03","2014-07-03","2014-10-13",,"CPER_006.N.20140703","NHMCrMp+/ZWP5DIVL5LEXh0KW94WvIeeKpxg9veIZuE=","other carabid","CARSP14","Carabidae sp.","family",,"Latreille",,1,"Other",,"XXW8BqPXtz8Ncjf8bOi7gc6Hj7+NVXsl","individualCount estimated based on number of pinning records|"
"8e3ee262-3da3-4174-becc-97cf09fadaa7","CPER_006.basePlot.bet","D10","CPER","CPER_006","N","2014-06-19","2014-07-03","2014-07-03","2014-10-13",,"CPER_006.N.20140703","NHMCrMp+/ZWP5DIVL5LEXpOhIn8gArpvCfNu0cwR3Qg=","invert bycatch",,,,,,,,,,"XXW8BqPXtz8Ncjf8bOi7gc6Hj7+NVXsl",
"cbd36c17-7451-4b32-bde9-92e0c052a23f","CPER_004.basePlot.bet","D10","CPER","CPER_004","N","2014-06-19","2014-07-03","2014-07-03","2014-10-13","2015-01-14","CPER_004.N.20140703","eSCyThC0ZO6/gL3oeh/jdd/kgy8SKbL+i9XW5mEkg9s=","carabid","PASELO","Pasimachus elongatus","species",,"LeConte",,2,"Other","XXW8BqPXtz8Ncjf8bOi7gc6Hj7+NVXsl","XXW8BqPXtz8Ncjf8bOi7gc6Hj7+NVXsl",
"c3d024e9-1560-460b-a66a-51527933bacf","CPER_003.basePlot.bet","D10","CPER","CPER_003","N","2014-06-19","2014-07-03","2014-07-03","2014-10-13",,"CPER_003.N.20140703","omCPNZnkoGTjQ8CJytgwHARrxMLfUBkcJqpRqlLxoaQ=","invert bycatch",,,,,,,,,,"XXW8BqPXtz8Ncjf8bOi7gc6Hj7+NVXsl",
"adfdd2e0-0001-4464-9390-651540227f0d","CPER_004.basePlot.bet","D10","CPER","CPER_004","N","2014-06-19","2014-07-03","2014-07-03","2014-10-13",,"CPER_004.N.20140703","eSCyThC0ZO6/gL3oeh/jdZ4lmdjd4VoaFa2049X4Hl8=","other carabid","CARSP14","Carabidae sp.","family",,"Latreille",,3,"Other",,"XXW8BqPXtz8Ncjf8bOi7gc6Hj7+NVXsl","individualCount estimated based on number of pinning records|"
"dc0da0d8-99b4-4595-9527-08c4f6981153","CPER_003.basePlot.bet","D10","CPER","CPER_003","N","2014-06-19","2014-07-03","2014-07-03","2014-10-13","2015-01-13","CPER_003.N.20140703","omCPNZnkoGTjQ8CJytgwHJou0UHUi38X31bVHjQjS/4=","carabid","PASELO","Pasimachus elongatus","species",,"LeConte",,2,"Other","XXW8BqPXtz8Ncjf8bOi7gc6Hj7+NVXsl","XXW8BqPXtz8Ncjf8bOi7gc6Hj7+NVXsl",
"a65439f7-f68e-430d-ab1a-e2ee7a3d0e19","CPER_001.basePlot.bet","D10","CPER","CPER_001","N","2014-06-19","2014-07-03","2014-07-03","2014-10-13",,"CPER_001.N.20140703","BEtTVHT1LvHnFWMS2udrh6+s2+t5MXC36KXUXePADL4=","invert bycatch",,,,,,,,,,"XXW8BqPXtz8Ncjf8bOi7gc6Hj7+NVXsl",
"eddd03b6-f3f4-4883-bb31-2332e4e5c656","CPER_005.basePlot.bet","D10","CPER","CPER_005","N","2014-06-19","2014-07-03","2014-07-03","2014-10-13",,"CPER_005.N.20140703","e1AKewEwvnF4Ya5Ai7V+yrm6jmNCO9lC0j4kLH8Kr5Q=","invert bycatch",,,,,,,,,,"XXW8BqPXtz8Ncjf8bOi7gc6Hj7+NVXsl",
"78da88bf-8899-4577-9d0c-ff6797e78edc","CPER_003.basePlot.bet","D10","CPER","CPER_003","N","2014-06-19","2014-07-03","2014-07-03","2014-10-13",,"CPER_003.N.20140703","omCPNZnkoGTjQ8CJytgwHARrxMLfUBkcWd07rL8on8g=","invert bycatch",,,,,,,,,,"XXW8BqPXtz8Ncjf8bOi7gc6Hj7+NVXsl",
"f827e891-263e-4b09-a87f-0f8dfa989ccb","CPER_003.basePlot.bet","D10","CPER","CPER_003","N","2014-06-19","2014-07-03","2014-07-03","2014-10-13",,"CPER_003.N.20140703","omCPNZnkoGTjQ8CJytgwHOK+OT9mHOJELyXL5Ta8BeE=","other carabid","CARSP14","Carabidae sp.","family",,"Latreille",,1,"Other",,"XXW8BqPXtz8Ncjf8bOi7gc6Hj7+NVXsl","individualCount estimated based on number of pinning records|"
"33889829-bc7f-4813-9ed8-b4b7e4556602","CPER_002.basePlot.bet","D10","CPER","CPER_002","N","2014-06-19","2014-07-03","2014-07-03","2014-10-13","2015-01-12","CPER_002.N.20140703","OMNGlFKVPvR1+h5T+crsoOjEJrMCr68fzQc7/A00Ro4=","carabid","PASELO","Pasimachus elongatus","species",,"LeConte",,2,"Other","XXW8BqPXtz8Ncjf8bOi7gc6Hj7+NVXsl","XXW8BqPXtz8Ncjf8bOi7gc6Hj7+NVXsl",
"c84ab096-48fe-4188-921c-e83a37c1a45e","CPER_010.basePlot.bet","D10","CPER","CPER_010","N","2014-06-19","2014-07-03","2014-07-03","2014-10-13",,"CPER_010.N.20140703","DW9ihRbrMtmvPobIO2M1gWmcU5yc/d4rV81oaq/ajMM=","invert bycatch",,,,,,,,,,"XXW8BqPXtz8Ncjf8bOi7gc6Hj7+NVXsl",
"d072d7ef-42ed-459a-ab67-3a6ec9edace0","CPER_007.basePlot.bet","D10","CPER","CPER_007","N","2014-06-19","2014-07-03","2014-07-03","2014-10-13",,"CPER_007.N.20140703","SOIi55Lib0Lgf8+qL4KYgcJ+Lf4X3mcTPklGvPoXxvc=","other carabid","CARSP14","Carabidae sp.","family",,"Latreille",,1,"Other",,"XXW8BqPXtz8Ncjf8bOi7gc6Hj7+NVXsl","individualCount estimated based on number of pinning records|"
"832a8eba-ff27-4ecc-b763-f76baea3e280","CPER_004.basePlot.bet","D10","CPER","CPER_004","N","2014-06-19","2014-07-03","2014-07-03","2014-10-13",,"CPER_004.N.20140703","eSCyThC0ZO6/gL3oeh/jdVCU2XAU9uPk8S9Hyr9yYxg=","invert bycatch",,,,,,,,,,"XXW8BqPXtz8Ncjf8bOi7gc6Hj7+NVXsl",
"04d0b5a1-d25a-4408-ae77-693af6cbab81","CPER_003.basePlot.bet","D10","CPER","CPER_003","S","2014-06-19","2014-07-03","2014-07-03","2014-10-13","2015-01-13","CPER_003.S.20140703","omCPNZnkoGQ6KONHArvbUcvc56/5KeX7wGU24N4P7Ds=","carabid","PASELO","Pasimachus elongatus","species",,"LeConte",,3,"Other","XXW8BqPXtz8Ncjf8bOi7gc6Hj7+NVXsl","XXW8BqPXtz8Ncjf8bOi7gc6Hj7+NVXsl",
"7d89a31d-79a6-4317-be25-dc259c964dca","CPER_001.basePlot.bet","D10","CPER","CPER_001","S","2014-06-19","2014-07-03","2014-07-03","2014-10-13",,"CPER_001.S.20140703","BEtTVHT1LvExjDBDBgkgjE+hXy/uf1DA2rRiuG+QSWI=","invert bycatch",,,,,,,,,,"XXW8BqPXtz8Ncjf8bOi7gc6Hj7+NVXsl",
"5d459e2e-f30d-49ef-aa82-61f083350e3c","CPER_007.basePlot.bet","D10","CPER","CPER_007","S","2014-06-19","2014-07-03","2014-07-03","2014-10-13",,"CPER_007.S.20140703","SOIi55Lib0JQfeXkLiWVqezWtr8VuU2WnnwD1p9xlEU=","invert bycatch",,,,,,,,,,"XXW8BqPXtz8Ncjf8bOi7gc6Hj7+NVXsl",
"b8f7efa3-3bf1-4d7d-baa1-9ca4726b9cab","CPER_007.basePlot.bet","D10","CPER","CPER_007","S","2014-06-19","2014-07-03","2014-07-03","2014-10-13","2014-10-13","CPER_007.S.20140703","SOIi55Lib0JQfeXkLiWVqYbbHsFl6W0zUZmMX2oDKVY=","carabid","EURGRO","Euryderus grossus","species",,"Say",,1,"Other","XXW8BqPXtz8Ncjf8bOi7gc6Hj7+NVXsl","XXW8BqPXtz8Ncjf8bOi7gc6Hj7+NVXsl",
"a47d1b0f-71f0-4ece-9814-99ca587a5564","CPER_002.basePlot.bet","D10","CPER","CPER_002","S","2014-06-19","2014-07-03","2014-07-03","2014-10-13",,"CPER_002.S.20140703","OMNGlFKVPvQd5cuG1wLFDkHQoEw1Cms8h7qR1fnBEuE=","invert bycatch",,,,,,,,,,"XXW8BqPXtz8Ncjf8bOi7gc6Hj7+NVXsl",
"2c489226-92d4-42a8-8b5d-97a597676d05","CPER_010.basePlot.bet","D10","CPER","CPER_010","S","2014-06-19","2014-07-03","2014-07-03","2014-10-13",,"CPER_010.S.20140703","DW9ihRbrMtkqOzfzZ9WBZLj6Ioc74tJT9RNPFMlk+sY=","invert bycatch",,,,,,,,,,"XXW8BqPXtz8Ncjf8bOi7gc6Hj7+NVXsl",
"338aa877-be1d-449d-a225-b77a28dd4b37","CPER_005.basePlot.bet","D10","CPER","CPER_005","S","2014-06-19","2014-07-03","2014-07-03","2014-10-13",,"CPER_005.S.20140703","e1AKewEwvnFmp1+7PS16/YHh4kVmo0myizv2Ewfu1XA=","invert bycatch",,,,,,,,,,"XXW8BqPXtz8Ncjf8bOi7gc6Hj7+NVXsl",
"6bb4550e-dfe6-461d-ba95-0649878ef5e9","CPER_005.basePlot.bet","D10","CPER","CPER_005","S","2014-06-19","2014-07-03","2014-07-03","2014-10-13",,"CPER_005.S.20140703","e1AKewEwvnFmp1+7PS16/TwxUc+tNlq8wBSkq+O6Vek=","other carabid","CARSP14","Carabidae sp.","family",,"Latreille",,4,"Other",,"XXW8BqPXtz8Ncjf8bOi7gc6Hj7+NVXsl","individualCount estimated based on number of pinning records|"
"23d59f35-ae1c-4a81-a11b-4927f70d7781","CPER_003.basePlot.bet","D10","CPER","CPER_003","S","2014-06-19","2014-07-03","2014-07-03","2014-10-13",,"CPER_003.S.20140703","omCPNZnkoGQ6KONHArvbUeeOhVuhMAxi8z4TPZ2pbDM=","other carabid","CARSP14","Carabidae sp.","family",,"Latreille",,2,"Other",,"XXW8BqPXtz8Ncjf8bOi7gc6Hj7+NVXsl","individualCount estimated based on number of pinning records|"
"2e33847d-a9a9-48af-94b1-145f4d995d60","CPER_001.basePlot.bet","D10","CPER","CPER_001","S","2014-06-19","2014-07-03","2014-07-03","2014-10-13",,"CPER_001.S.20140703","BEtTVHT1LvExjDBDBgkgjGm7sBBUmxANuiddY3XpeQQ=","other carabid","CARSP14","Carabidae sp.","family",,"Latreille",,1,"Other",,"XXW8BqPXtz8Ncjf8bOi7gc6Hj7+NVXsl","individualCount estimated based on number of pinning records|"
"105db82a-0073-4463-9b78-7cf4b29fddfc","CPER_005.basePlot.bet","D10","CPER","CPER_005","S","2014-06-19","2014-07-03","2014-07-03","2014-10-13","2014-10-13","CPER_005.S.20140703","e1AKewEwvnFmp1+7PS16/Z8vbyL8+N8s8uZgC6eXciI=","carabid","EURGRO","Euryderus grossus","species",,"Say",,1,"Other","XXW8BqPXtz8Ncjf8bOi7gc6Hj7+NVXsl","XXW8BqPXtz8Ncjf8bOi7gc6Hj7+NVXsl",
"8ec2c750-38ae-46c0-b6df-6e5d5a810370","CPER_004.basePlot.bet","D10","CPER","CPER_004","S","2014-06-19","2014-07-03","2014-07-03","2014-10-13","2015-01-13","CPER_004.S.20140703","eSCyThC0ZO6AdnvmPVs84Nck02logs7AFhYHobPLhtA=","carabid","EURGRO","Euryderus grossus","species",,"Say",,2,"Other","XXW8BqPXtz8Ncjf8bOi7gc6Hj7+NVXsl","XXW8BqPXtz8Ncjf8bOi7gc6Hj7+NVXsl",
"de22f752-1670-4290-961a-281a2208c528","CPER_004.basePlot.bet","D10","CPER","CPER_004","S","2014-06-19","2014-07-03","2014-07-03","2014-10-13","2015-01-14","CPER_004.S.20140703","eSCyThC0ZO6AdnvmPVs84FrsGNW3HtT6Yjj0bNm3ois=","carabid","PASELO","Pasimachus elongatus","species",,"LeConte",,1,"Other","XXW8BqPXtz8Ncjf8bOi7gc6Hj7+NVXsl","XXW8BqPXtz8Ncjf8bOi7gc6Hj7+NVXsl",
"ce56dff0-1414-4b5a-b053-a18ff00561e4","CPER_007.basePlot.bet","D10","CPER","CPER_007","S","2014-06-19","2014-07-03","2014-07-03","2014-10-13",,"CPER_007.S.20140703","SOIi55Lib0JQfeXkLiWVqfpZurQI7pUSiNMFYfJnuZI=","other carabid","CARSP14","Carabidae sp.","family",,"Latreille",,1,"Other",,"XXW8BqPXtz8Ncjf8bOi7gc6Hj7+NVXsl","individualCount estimated based on number of pinning records|"
"a696abaa-1463-4897-831f-7ba540ab757c","CPER_008.basePlot.bet","D10","CPER","CPER_008","S","2014-06-19","2014-07-03","2014-07-03","2014-10-13",,"CPER_008.S.20140703","kqngcYlCVJ5/yy0K5RwrlnE7BWHzQbZ97W8aqmwWroo=","invert bycatch",,,,,,,,,,"XXW8BqPXtz8Ncjf8bOi7gc6Hj7+NVXsl",
"ed94cc4c-2ff0-468a-9251-bdfe4372c98f","CPER_009.basePlot.bet","D10","CPER","CPER_009","S","2014-06-19","2014-07-03","2014-07-03","2014-10-13",,"CPER_009.S.20140703","KY+Aed9dLRtbt1LqtEPM3DotQ4EGYPmu/eTG2asRHBA=","invert bycatch",,,,,,,,,,"XXW8BqPXtz8Ncjf8bOi7gc6Hj7+NVXsl",
"82874959-6f37-4a12-adf6-7731c2e5dd73","CPER_006.basePlot.bet","D10","CPER","CPER_006","S","2014-06-19","2014-07-03","2014-07-03","2014-10-13",,"CPER_006.S.20140703","NHMCrMp+/ZUObB+6kNurxqywurxDvDPJD0VuGVVx8oI=","invert bycatch",,,,,,,,,,"XXW8BqPXtz8Ncjf8bOi7gc6Hj7+NVXsl",
"39bace7f-25f9-4523-8216-ef5847227a38","CPER_004.basePlot.bet","D10","CPER","CPER_004","W","2014-06-19","2014-07-03","2014-07-03","2014-10-13","2014-10-13","CPER_004.W.20140703","eSCyThC0ZO4z7OMcZYLqLU8qAGZpeJmAymypasjj1iI=","carabid","PASELO","Pasimachus elongatus","species",,"LeConte",,1,"Other","XXW8BqPXtz8Ncjf8bOi7gc6Hj7+NVXsl","XXW8BqPXtz8Ncjf8bOi7gc6Hj7+NVXsl",
"57d1bb1c-1ed8-4fcf-92ca-29a3ec23fe59","CPER_008.basePlot.bet","D10","CPER","CPER_008","W","2014-06-19","2014-07-03","2014-07-03","2014-10-13","2015-01-12","CPER_008.W.20140703","kqngcYlCVJ54kxGYrXE00quDKkHfCvbKGVTXVwfLWGg=","carabid","CRADUB","Cratacanthus dubius","species",,"Palisot de Beauvois",,1,"Other","XXW8BqPXtz8Ncjf8bOi7gc6Hj7+NVXsl","XXW8BqPXtz8Ncjf8bOi7gc6Hj7+NVXsl",
"4bfcad91-4694-4631-a06f-ad85a254832d","CPER_003.basePlot.bet","D10","CPER","CPER_003","W","2014-06-19","2014-07-03","2014-07-03","2014-10-13","2015-01-14","CPER_003.W.20140703","omCPNZnkoGRjIRHnk2PzR4acf7FMdgSs9dcqbVxSZq8=","carabid","EURGRO","Euryderus grossus","species",,"Say",,1,"Other","XXW8BqPXtz8Ncjf8bOi7gc6Hj7+NVXsl","XXW8BqPXtz8Ncjf8bOi7gc6Hj7+NVXsl",
"65a69ad6-c4b0-4fd8-b087-ac77c0542b3b","CPER_005.basePlot.bet","D10","CPER","CPER_005","W","2014-06-19","2014-07-03","2014-07-03","2014-10-13",,"CPER_005.W.20140703","e1AKewEwvnF4ip37ZdEwWtvZ1j8yP7srbyrVj8MqnVY=","invert bycatch",,,,,,,,,,"XXW8BqPXtz8Ncjf8bOi7gc6Hj7+NVXsl",
"c83c747c-6cee-4a3c-870c-2afd89ca488c","CPER_006.basePlot.bet","D10","CPER","CPER_006","W","2014-06-19","2014-07-03","2014-07-03","2014-10-13",,"CPER_006.W.20140703","NHMCrMp+/ZX1oof0ym+3ilwUrTZGPnwd3ygJk9iPuno=","other carabid","CARSP14","Carabidae sp.","family",,"Latreille",,3,"Other",,"XXW8BqPXtz8Ncjf8bOi7gc6Hj7+NVXsl","individualCount estimated based on number of pinning records|"
"849bbfe0-374b-4aeb-90ca-fba0a82a8c23","CPER_007.basePlot.bet","D10","CPER","CPER_007","W","2014-06-19","2014-07-03","2014-07-03","2014-10-13","2014-10-13","CPER_007.W.20140703","SOIi55Lib0LYzsUGlzN+UeCDc80i0eKJqQOpaPNiTyU=","carabid","EURGRO","Euryderus grossus","species",,"Say",,1,"Other","XXW8BqPXtz8Ncjf8bOi7gc6Hj7+NVXsl","XXW8BqPXtz8Ncjf8bOi7gc6Hj7+NVXsl",
"79aeae8e-f9b2-4c27-889f-90e5df1a79fb","CPER_009.basePlot.bet","D10","CPER","CPER_009","W","2014-06-19","2014-07-03","2014-07-03","2014-10-13",,"CPER_009.W.20140703","KY+Aed9dLRuUZrZebwM5HFrewbwBpipdjQPSA090ofY=","other carabid","CARSP14","Carabidae sp.","family",,"Latreille",,1,"Other",,"XXW8BqPXtz8Ncjf8bOi7gc6Hj7+NVXsl","individualCount estimated based on number of pinning records|"
"6b8d607c-698d-4e4b-ab68-9e5b9ed935f1","CPER_009.basePlot.bet","D10","CPER","CPER_009","W","2014-06-19","2014-07-03","2014-07-03","2014-10-13","2015-01-12","CPER_009.W.20140703","KY+Aed9dLRuUZrZebwM5HD+SKnozL4eFLrN0xnhZpNg=","carabid","PASELO","Pasimachus elongatus","species",,"LeConte",,3,"Other","XXW8BqPXtz8Ncjf8bOi7gc6Hj7+NVXsl","XXW8BqPXtz8Ncjf8bOi7gc6Hj7+NVXsl",
"5824d917-8258-4d02-9267-ad4bf75183b6","CPER_010.basePlot.bet","D10","CPER","CPER_010","W","2014-06-19","2014-07-03","2014-07-03","2014-10-13","2015-01-12","CPER_010.W.20140703","DW9ihRbrMtnDmYbewGTSlGev5PUn3Da+ORbjybg8+S8=","carabid","CRADUB","Cratacanthus dubius","species",,"Palisot de Beauvois",,1,"Other","XXW8BqPXtz8Ncjf8bOi7gc6Hj7+NVXsl","XXW8BqPXtz8Ncjf8bOi7gc6Hj7+NVXsl",
"f7d9e5cc-bad3-46eb-a439-e465ef4fa793","CPER_002.basePlot.bet","D10","CPER","CPER_002","W","2014-06-19","2014-07-03","2014-07-03","2014-10-13",,"CPER_002.W.20140703","OMNGlFKVPvR4ZspAolMvMULmNYOM3alzQ95S5wvxheE=","invert bycatch",,,,,,,,,,"XXW8BqPXtz8Ncjf8bOi7gc6Hj7+NVXsl",
"8973e0de-dae1-4066-a2fc-ad5fe37f7b16","CPER_010.basePlot.bet","D10","CPER","CPER_010","W","2014-06-19","2014-07-03","2014-07-03","2014-10-13",,"CPER_010.W.20140703","DW9ihRbrMtnDmYbewGTSlEuc99o4VMkFVlDWa17MyCA=","invert bycatch",,,,,,,,,,"XXW8BqPXtz8Ncjf8bOi7gc6Hj7+NVXsl",
"3676ff87-f10b-4faf-ba12-e90c61046aaf","CPER_001.basePlot.bet","D10","CPER","CPER_001","W","2014-06-19","2014-07-03","2014-07-03","2014-10-13",,"CPER_001.W.20140703","BEtTVHT1LvHYbBt/99b0t8ZjTyPwcXEWNW6dOkkL7bI=","invert bycatch",,,,,,,,,,"XXW8BqPXtz8Ncjf8bOi7gc6Hj7+NVXsl",
"1488e1d2-7730-4a29-bc6e-6c5508280646","CPER_008.basePlot.bet","D10","CPER","CPER_008","W","2014-06-19","2014-07-03","2014-07-03","2014-10-13",,"CPER_008.W.20140703","kqngcYlCVJ54kxGYrXE00uUUEzsRfJzHirODkwTirgA=","invert bycatch",,,,,,,,,,"XXW8BqPXtz8Ncjf8bOi7gc6Hj7+NVXsl",
"82846864-997e-4911-a357-e6079cb28335","CPER_006.basePlot.bet","D10","CPER","CPER_006","W","2014-06-19","2014-07-03","2014-07-03","2014-10-13",,"CPER_006.W.20140703","NHMCrMp+/ZX1oof0ym+3ihLlEFm4IbHdltXzGsp+pMU=","invert bycatch",,,,,,,,,,"XXW8BqPXtz8Ncjf8bOi7gc6Hj7+NVXsl",
"bf198a81-7049-460c-9aed-462389594ef1","CPER_007.basePlot.bet","D10","CPER","CPER_007","W","2014-06-19","2014-07-03","2014-07-03","2014-10-13",,"CPER_007.W.20140703","SOIi55Lib0LYzsUGlzN+UTNOeEYihNuWrXMmuHkBSus=","invert bycatch",,,,,,,,,,"XXW8BqPXtz8Ncjf8bOi7gc6Hj7+NVXsl",
"79a41579-4511-4c44-8ac3-91c1c43203d1","CPER_009.basePlot.bet","D10","CPER","CPER_009","W","2014-06-19","2014-07-03","2014-07-03","2014-10-13",,"CPER_009.W.20140703","KY+Aed9dLRuUZrZebwM5HNL6ymDYYcs6WJ6o7F7nRko=","invert bycatch",,,,,,,,,,"XXW8BqPXtz8Ncjf8bOi7gc6Hj7+NVXsl",
"c3b2bfc6-47e9-4c41-ad50-14ce1d797667","CPER_004.basePlot.bet","D10","CPER","CPER_004","E","2014-06-19","2014-07-03","2014-07-03","2014-10-13","2015-01-13","CPER_004.E.20140703","eSCyThC0ZO62uGgw7h9LjxDk+4iTjcBGauIpJi1eWVY=","carabid","PASELO","Pasimachus elongatus","species",,"LeConte",,8,"Other","XXW8BqPXtz8Ncjf8bOi7gc6Hj7+NVXsl","XXW8BqPXtz8Ncjf8bOi7gc6Hj7+NVXsl",
"f9cd06fa-e4ba-49c2-b36d-ba47e6106dac","CPER_004.basePlot.bet","D10","CPER","CPER_004","E","2014-06-19","2014-07-03","2014-07-03","2014-10-13",,"CPER_004.E.20140703","eSCyThC0ZO62uGgw7h9Lj1+2JqrAOQ1lzyxbz7sGxK0=","other carabid","CARSP14","Carabidae sp.","family",,"Latreille",,3,"Other",,"XXW8BqPXtz8Ncjf8bOi7gc6Hj7+NVXsl","individualCount estimated based on number of pinning records|"
"fc70fdd0-e282-4855-93bd-67bdb9117c98","CPER_002.basePlot.bet","D10","CPER","CPER_002","E","2014-06-19","2014-07-03","2014-07-03","2014-10-13",,"CPER_002.E.20140703","OMNGlFKVPvT/Qv6kdTf/ER/7DB+z6fK3TtxpIiY4s/k=","invert bycatch",,,,,,,,,,"XXW8BqPXtz8Ncjf8bOi7gc6Hj7+NVXsl",
"d9622f2b-0ae9-44e4-8b74-908fb51f27cb","CPER_008.basePlot.bet","D10","CPER","CPER_008","E","2014-06-19","2014-07-03","2014-07-03","2014-10-13",,"CPER_008.E.20140703","kqngcYlCVJ7SIjW2pt1HwrTRRArm4e+pm3wE+II3Cnw=","invert bycatch",,,,,,,,,,"XXW8BqPXtz8Ncjf8bOi7gc6Hj7+NVXsl",
"30d0615e-4b7b-49db-9188-c1ed2b191cb4","CPER_003.basePlot.bet","D10","CPER","CPER_003","E","2014-06-19","2014-07-03","2014-07-03","2014-10-13",,"CPER_003.E.20140703","omCPNZnkoGTaKCLsNHgAu1rpkIW0ZKtrX/N5g/lRNhA=","other carabid","CARSP14","Carabidae sp.","family",,"Latreille",,2,"Other",,"XXW8BqPXtz8Ncjf8bOi7gc6Hj7+NVXsl","individualCount estimated based on number of pinning records|"
"4161797f-1feb-4500-8424-bd313ff316a3","CPER_001.basePlot.bet","D10","CPER","CPER_001","E","2014-06-19","2014-07-03","2014-07-03","2014-10-13",,"CPER_001.E.20140703","BEtTVHT1LvFkg1c1Z4/4qjSMGdYo/aR/SZo6t0BlAaI=","other carabid","CARSP14","Carabidae sp.","family",,"Latreille",,1,"Other",,"XXW8BqPXtz8Ncjf8bOi7gc6Hj7+NVXsl","individualCount estimated based on number of pinning records|"
"1db80e19-09ed-4d29-b3ae-41e0c0210d48","CPER_006.basePlot.bet","D10","CPER","CPER_006","E","2014-06-19","2014-07-03","2014-07-03","2014-10-13",,"CPER_006.E.20140703","NHMCrMp+/ZXgClmQYSH5qcT0MU/UJf3lCsXKCuUpQIY=","invert bycatch",,,,,,,,,,"XXW8BqPXtz8Ncjf8bOi7gc6Hj7+NVXsl",
"fadcabe6-106c-43a9-bbe8-be023096fed8","CPER_007.basePlot.bet","D10","CPER","CPER_007","E","2014-06-19","2014-07-03","2014-07-03","2014-10-13",,"CPER_007.E.20140703","SOIi55Lib0JQ2YET7dhBORxMHpxIh+Az4dlqqKSzg4g=","invert bycatch",,,,,,,,,,"XXW8BqPXtz8Ncjf8bOi7gc6Hj7+NVXsl",
"fb8bd066-a46d-443a-bb7c-28958d182871","CPER_010.basePlot.bet","D10","CPER","CPER_010","E","2014-07-03","2014-07-17","2014-07-17","2015-01-20",,"CPER_010.E.20140717","DW9ihRbrMtnjbEuSnx1MLhAKj25kSKtFPGpm4oHTfq0=","invert bycatch",,,,,,,,,,"XXW8BqPXtz8Ncjf8bOi7gc6Hj7+NVXsl",
"3946e25d-c2fe-4e06-960c-c26c72fe6eea","CPER_008.basePlot.bet","D10","CPER","CPER_008","E","2014-07-03","2014-07-17","2014-07-17","2015-01-20",,"CPER_008.E.20140717","kqngcYlCVJ7SIjW2pt1HwpoEcjrduEQhIriTFWkjkFU=","invert bycatch",,,,,,,,,,"XXW8BqPXtz8Ncjf8bOi7gc6Hj7+NVXsl",
"751ac208-a0ef-4121-8b40-aa130f6e68ca","CPER_009.basePlot.bet","D10","CPER","CPER_009","E","2014-07-03","2014-07-17","2014-07-17","2015-01-20","2015-01-20","CPER_009.E.20140717","KY+Aed9dLRv1CQurw/uxZNOJ1ZlZDqcqRW/3FiC1GQs=","carabid","CRADUB","Cratacanthus dubius","species",,"Palisot de Beauvois",,1,"Other","XXW8BqPXtz8Ncjf8bOi7gc6Hj7+NVXsl","XXW8BqPXtz8Ncjf8bOi7gc6Hj7+NVXsl",
"2dc34dae-6ad6-4201-a26e-d0d259c60274","CPER_009.basePlot.bet","D10","CPER","CPER_009","E","2014-07-03","2014-07-17","2014-07-17","2015-01-20",,"CPER_009.E.20140717","KY+Aed9dLRv1CQurw/uxZD8w2H4CBpixl6XhPAdVwgU=","other carabid","CARSP14","Carabidae sp.","family",,"Latreille",,1,"Other",,"XXW8BqPXtz8Ncjf8bOi7gc6Hj7+NVXsl","individualCount estimated based on number of pinning records|"
"4d2aebba-8233-48ba-b00d-17348759d6a3","CPER_002.basePlot.bet","D10","CPER","CPER_002","E","2014-07-03","2014-07-17","2014-07-17","2015-01-14","2015-01-20","CPER_002.E.20140717","OMNGlFKVPvT/Qv6kdTf/EaUoqQDbG52laKoRjfyZICE=","carabid","PASELO","Pasimachus elongatus","species",,"LeConte",,1,"Other","XXW8BqPXtz8Ncjf8bOi7gc6Hj7+NVXsl","XXW8BqPXtz8Ncjf8bOi7gc6Hj7+NVXsl",
"6cbac1cc-7dbf-4836-975d-132cdc648883","CPER_002.basePlot.bet","D10","CPER","CPER_002","E","2014-07-03","2014-07-17","2014-07-17","2015-01-20",,"CPER_002.E.20140717","OMNGlFKVPvT/Qv6kdTf/EXZ8rEfAjeG1sGUyvvlW+rg=","other carabid","CARSP14","Carabidae sp.","family",,"Latreille",,2,"Other",,"XXW8BqPXtz8Ncjf8bOi7gc6Hj7+NVXsl","individualCount estimated based on number of pinning records|"
"8a68d83a-2339-477d-8aaa-6aa5d068de7b","CPER_002.basePlot.bet","D10","CPER","CPER_002","E","2014-07-03","2014-07-17","2014-07-17","2015-01-20",,"CPER_002.E.20140717","OMNGlFKVPvT/Qv6kdTf/EUfsHtnF/fnNpFQ7iunx4/M=","invert bycatch",,,,,,,,,,"XXW8BqPXtz8Ncjf8bOi7gc6Hj7+NVXsl",
"8faa6c89-a898-4e72-85af-27896c74d4d4","CPER_008.basePlot.bet","D10","CPER","CPER_008","E","2014-07-03","2014-07-17","2014-07-17","2015-01-20",,"CPER_008.E.20140717","kqngcYlCVJ7SIjW2pt1Hwqe6fupM3zZ0ssXVWjVou4s=","other carabid","CARSP14","Carabidae sp.","family",,"Latreille",,4,"Other",,"XXW8BqPXtz8Ncjf8bOi7gc6Hj7+NVXsl","individualCount estimated based on number of pinning records|"
"663a5ef0-a10f-4a48-89b4-7759f44d534a","CPER_002.basePlot.bet","D10","CPER","CPER_002","N","2014-07-03","2014-07-17","2014-07-17","2015-01-20",,"CPER_002.N.20140717","OMNGlFKVPvR1+h5T+crsoP9WKmRFIgtLx2XYyMF9I9M=","other carabid","CARSP14","Carabidae sp.","family",,"Latreille",,1,"Other",,"XXW8BqPXtz8Ncjf8bOi7gc6Hj7+NVXsl","individualCount estimated based on number of pinning records|"
"36f22da9-2545-47c9-90a9-1837531e08e0","CPER_002.basePlot.bet","D10","CPER","CPER_002","N","2014-07-03","2014-07-17","2014-07-17","2015-01-20",,"CPER_002.N.20140717","OMNGlFKVPvR1+h5T+crsoFXhh23htZ4NJbXTh833AVM=","invert bycatch",,,,,,,,,,"XXW8BqPXtz8Ncjf8bOi7gc6Hj7+NVXsl",
"d2eec40a-58b3-4aff-9cfb-3e27c5395470","CPER_010.basePlot.bet","D10","CPER","CPER_010","N","2014-07-03","2014-07-17","2014-07-17","2015-01-20",,"CPER_010.N.20140717","DW9ihRbrMtmvPobIO2M1gT72qV+bdO+mfbQZxiKZdY0=","other carabid","CARSP14","Carabidae sp.","family",,"Latreille",,1,"Other",,"XXW8BqPXtz8Ncjf8bOi7gc6Hj7+NVXsl","individualCount estimated based on number of pinning records|"
"8a5f1c54-6d36-4bc9-aaa3-051c9354672c","CPER_010.basePlot.bet","D10","CPER","CPER_010","N","2014-07-03","2014-07-17","2014-07-17","2015-01-20",,"CPER_010.N.20140717","DW9ihRbrMtmvPobIO2M1gYKdTg4s1tbpc+o/P0sTvFo=","invert bycatch",,,,,,,,,,"XXW8BqPXtz8Ncjf8bOi7gc6Hj7+NVXsl",
"ed03f509-c785-4305-b507-4e5937e78789","CPER_002.basePlot.bet","D10","CPER","CPER_002","N","2014-07-03","2014-07-17","2014-07-17","2015-01-20","2015-01-20","CPER_002.N.20140717","OMNGlFKVPvR1+h5T+crsoIAEQzllI/B5h0gDObQuQQ8=","carabid","PASELO","Pasimachus elongatus","species",,"LeConte",,1,"Other","XXW8BqPXtz8Ncjf8bOi7gc6Hj7+NVXsl","XXW8BqPXtz8Ncjf8bOi7gc6Hj7+NVXsl",
"d97882fe-812e-4840-b8aa-f663d45097d4","CPER_008.basePlot.bet","D10","CPER","CPER_008","N","2014-07-03","2014-07-17","2014-07-17","2015-01-20",,"CPER_008.N.20140717","kqngcYlCVJ7UQJ0eZpRfA/nYWeaXqvJag7wYQjDO5mM=","other carabid","CARSP14","Carabidae sp.","family",,"Latreille",,2,"Other",,"XXW8BqPXtz8Ncjf8bOi7gc6Hj7+NVXsl","individualCount estimated based on number of pinning records|"
"91be3527-8b8f-4331-b9ba-75a30d6f8c4b","CPER_008.basePlot.bet","D10","CPER","CPER_008","N","2014-07-03","2014-07-17","2014-07-17","2015-01-20",,"CPER_008.N.20140717","kqngcYlCVJ7UQJ0eZpRfA5fBmW3GMQg/OEO5I6Pa39g=","invert bycatch",,,,,,,,,,"XXW8BqPXtz8Ncjf8bOi7gc6Hj7+NVXsl",
"eb2bd00f-34e6-44ec-bb86-07f40af46637","CPER_009.basePlot.bet","D10","CPER","CPER_009","N","2014-07-03","2014-07-17","2014-07-17","2015-01-20",,"CPER_009.N.20140717","KY+Aed9dLRtCtcuOrBDKdDB4FxgElRLRYqs76zMpdEs=","other carabid","CARSP14","Carabidae sp.","family",,"Latreille",,2,"Other",,"XXW8BqPXtz8Ncjf8bOi7gc6Hj7+NVXsl","individualCount estimated based on number of pinning records|"
"c3f2e5ab-7554-4065-81cd-07494d668e8e","CPER_009.basePlot.bet","D10","CPER","CPER_009","N","2014-07-03","2014-07-17","2014-07-17","2015-01-20",,"CPER_009.N.20140717","KY+Aed9dLRtCtcuOrBDKdDtO5LBUtUjwImWnQHGn4B8=","invert bycatch",,,,,,,,,,"XXW8BqPXtz8Ncjf8bOi7gc6Hj7+NVXsl",
"4f11cc66-d34b-4589-8740-193c83bd8342","CPER_006.basePlot.bet","D10","CPER","CPER_006","N","2014-07-03","2014-07-17","2014-07-17","2015-01-20","2015-01-20","CPER_006.N.20140717","NHMCrMp+/ZWP5DIVL5LEXj4wCYJdKXnuNRMcWa97OIY=","carabid","HARCAL","Harpalus caliginosus","species",,"Fabricius",,1,"Other","XXW8BqPXtz8Ncjf8bOi7gc6Hj7+NVXsl","XXW8BqPXtz8Ncjf8bOi7gc6Hj7+NVXsl",
"19eaa970-10c3-44f5-b1de-3aec018403a4","CPER_006.basePlot.bet","D10","CPER","CPER_006","N","2014-07-03","2014-07-17","2014-07-17","2015-01-20",,"CPER_006.N.20140717","NHMCrMp+/ZWP5DIVL5LEXuCdKoQYhmi/0p4Ji/C9Wkk=","invert bycatch",,,,,,,,,,"XXW8BqPXtz8Ncjf8bOi7gc6Hj7+NVXsl",
"c1e0931a-4840-4adc-a0d1-1bc036de5af6","CPER_006.basePlot.bet","D10","CPER","CPER_006","N","2014-07-03","2014-07-17","2014-07-17","2015-01-20",,"CPER_006.N.20140717","NHMCrMp+/ZWP5DIVL5LEXl7xvjHtSaTwXDPNADDTTsQ=","other carabid","CARSP14","Carabidae sp.","family",,"Latreille",,4,"Other",,"XXW8BqPXtz8Ncjf8bOi7gc6Hj7+NVXsl","individualCount estimated based on number of pinning records|"
"c50f575c-1691-4246-8918-7b32be2dcaf0","CPER_007.basePlot.bet","D10","CPER","CPER_007","N","2014-07-03","2014-07-17","2014-07-17","2015-01-20",,"CPER_007.N.20140717","SOIi55Lib0Lgf8+qL4KYgfYwz81FkXES0leHxUHXTJU=","invert bycatch",,,,,,,,,,"XXW8BqPXtz8Ncjf8bOi7gc6Hj7+NVXsl",
"49e52791-52c0-4e32-9a71-da51cf3709ec","CPER_007.basePlot.bet","D10","CPER","CPER_007","N","2014-07-03","2014-07-17","2014-07-17","2015-01-20",,"CPER_007.N.20140717","SOIi55Lib0Lgf8+qL4KYgeRUlm5dC7H68z2MtCrr0Ps=","other carabid","CARSP14","Carabidae sp.","family",,"Latreille",,1,"Other",,"XXW8BqPXtz8Ncjf8bOi7gc6Hj7+NVXsl","individualCount estimated based on number of pinning records|"
"71197e40-243a-489b-8f40-b3c19149f319","CPER_004.basePlot.bet","D10","CPER","CPER_004","N","2014-07-03","2014-07-17","2014-07-17","2015-01-20",,"CPER_004.N.20140717","eSCyThC0ZO6/gL3oeh/jdXUMGVtLv92SCHeAdR13q08=","invert bycatch",,,,,,,,,,"XXW8BqPXtz8Ncjf8bOi7gc6Hj7+NVXsl",
"426fbeb2-870b-4cca-ae58-252c3ac43845","CPER_004.basePlot.bet","D10","CPER","CPER_004","N","2014-07-03","2014-07-17","2014-07-17","2015-01-14","2015-01-14","CPER_004.N.20140717","eSCyThC0ZO6/gL3oeh/jdWOpkFr33049X8Jiqanl9Kw=","carabid","EURGRO","Euryderus grossus","species",,"Say",,4,"Other","XXW8BqPXtz8Ncjf8bOi7gc6Hj7+NVXsl","XXW8BqPXtz8Ncjf8bOi7gc6Hj7+NVXsl",
"b4e36d26-db41-4894-b9aa-cad79d4896d2","CPER_003.basePlot.bet","D10","CPER","CPER_003","N","2014-07-03","2014-07-17","2014-07-17","2015-01-20",,"CPER_003.N.20140717","omCPNZnkoGTjQ8CJytgwHODCes77qkVh2BluCOGkr/4=","invert bycatch",,,,,,,,,,"XXW8BqPXtz8Ncjf8bOi7gc6Hj7+NVXsl",
"c0aae0d8-493b-410f-a061-643effb84af5","CPER_001.basePlot.bet","D10","CPER","CPER_001","N","2014-07-03","2014-07-17","2014-07-17","2015-01-20",,"CPER_001.N.20140717","BEtTVHT1LvHnFWMS2udrh4CXSGH/w859bjUWInJj/8U=","invert bycatch",,,,,,,,,,"XXW8BqPXtz8Ncjf8bOi7gc6Hj7+NVXsl",
"90c4dcbc-fe3b-42db-b5fe-c79dd03704e3","CPER_001.basePlot.bet","D10","CPER","CPER_001","N","2014-07-03","2014-07-17","2014-07-17","2015-01-20","2015-01-20","CPER_001.N.20140717","BEtTVHT1LvHnFWMS2udrhy5GwS620qUaCDOwkUHcEYA=","carabid","PASELO","Pasimachus elongatus","species",,"LeConte",,1,"Other","XXW8BqPXtz8Ncjf8bOi7gc6Hj7+NVXsl","XXW8BqPXtz8Ncjf8bOi7gc6Hj7+NVXsl",
"abf07480-29a8-4404-b9f8-586997e6c7e9","CPER_005.basePlot.bet","D10","CPER","CPER_005","N","2014-07-03","2014-07-17","2014-07-17","2015-01-20",,"CPER_005.N.20140717","e1AKewEwvnF4Ya5Ai7V+ym0nc9oi6nICYrw05hnxjL0=","other carabid","CARSP14","Carabidae sp.","family",,"Latreille",,1,"Other",,"XXW8BqPXtz8Ncjf8bOi7gc6Hj7+NVXsl","individualCount estimated based on number of pinning records|"
"50f7471d-e51f-4023-9bd9-bda4145031c5","CPER_005.basePlot.bet","D10","CPER","CPER_005","N","2014-07-03","2014-07-17","2014-07-17","2015-01-20",,"CPER_005.N.20140717","e1AKewEwvnF4Ya5Ai7V+ykOiEwv0TmyJZCWNg7CsaSU=","invert bycatch",,,,,,,,,,"XXW8BqPXtz8Ncjf8bOi7gc6Hj7+NVXsl",
"6ef65fc3-59ae-408d-b5d5-8233f94dac30","CPER_007.basePlot.bet","D10","CPER","CPER_007","S","2014-07-03","2014-07-17","2014-07-17","2015-01-14","2015-01-14","CPER_007.S.20140717","SOIi55Lib0JQfeXkLiWVqQf2rpjtbNpWPmEX6Xwt/zA=","carabid","EURGRO","Euryderus grossus","species",,"Say",,5,"Other","XXW8BqPXtz8Ncjf8bOi7gc6Hj7+NVXsl","XXW8BqPXtz8Ncjf8bOi7gc6Hj7+NVXsl",
"7587023e-2a30-4277-b044-cd17c0ae9582","CPER_010.basePlot.bet","D10","CPER","CPER_010","S","2014-07-03","2014-07-17","2014-07-17","2015-01-20",,"CPER_010.S.20140717","DW9ihRbrMtkqOzfzZ9WBZIdgfCos9klF+N3uLQTd2kg=","invert bycatch",,,,,,,,,,"XXW8BqPXtz8Ncjf8bOi7gc6Hj7+NVXsl",
"2be13049-d0d9-41a1-b9c3-3b5d200ec4c2","CPER_005.basePlot.bet","D10","CPER","CPER_005","S","2014-07-03","2014-07-17","2014-07-17","2015-01-14","2015-01-15","CPER_005.S.20140717","e1AKewEwvnFmp1+7PS16/es9b639Oi71bMtYhYZIQ54=","carabid","EURGRO","Euryderus grossus","species",,"Say",,3,"Other","XXW8BqPXtz8Ncjf8bOi7gc6Hj7+NVXsl","XXW8BqPXtz8Ncjf8bOi7gc6Hj7+NVXsl",
"2173bf9f-27e7-4a33-99e8-650078d44087","CPER_003.basePlot.bet","D10","CPER","CPER_003","S","2014-07-03","2014-07-17","2014-07-17","2015-01-20","2015-01-20","CPER_003.S.20140717","omCPNZnkoGQ6KONHArvbUcTBxlV7T2HpBhL7j+rLLfE=","carabid","EURGRO","Euryderus grossus","species",,"Say",,1,"Other","XXW8BqPXtz8Ncjf8bOi7gc6Hj7+NVXsl","XXW8BqPXtz8Ncjf8bOi7gc6Hj7+NVXsl",
"e0242339-e2af-4925-b413-07b696d8bd11","CPER_003.basePlot.bet","D10","CPER","CPER_003","S","2014-07-03","2014-07-17","2014-07-17","2015-01-20",,"CPER_003.S.20140717","omCPNZnkoGQ6KONHArvbUaJ3+6zMoEpl1YfQ0e10tIc=","invert bycatch",,,,,,,,,,"XXW8BqPXtz8Ncjf8bOi7gc6Hj7+NVXsl",
"7077a66c-15ff-4aae-9aff-25a3cf62d1fd","CPER_005.basePlot.bet","D10","CPER","CPER_005","S","2014-07-03","2014-07-17","2014-07-17","2015-01-20",,"CPER_005.S.20140717","e1AKewEwvnFmp1+7PS16/RfZi4iuH/Nw0KjIdlr37Z0=","other carabid","CARSP14","Carabidae sp.","family",,"Latreille",,2,"Other",,"XXW8BqPXtz8Ncjf8bOi7gc6Hj7+NVXsl","individualCount estimated based on number of pinning records|"
"b958d69d-2651-41dc-a7a8-b2ed5d7f6fda","CPER_005.basePlot.bet","D10","CPER","CPER_005","S","2014-07-03","2014-07-17","2014-07-17","2015-01-20",,"CPER_005.S.20140717","e1AKewEwvnFmp1+7PS16/ZHVze5gwZW1XfDiTvWuUWk=","invert bycatch",,,,,,,,,,"XXW8BqPXtz8Ncjf8bOi7gc6Hj7+NVXsl",
"6814c664-21e9-418e-a941-d5e5b296c82a","CPER_001.basePlot.bet","D10","CPER","CPER_001","S","2014-07-03","2014-07-17","2014-07-17","2015-01-20",,"CPER_001.S.20140717","BEtTVHT1LvExjDBDBgkgjEw8eXwMDt023UIPckTYM9w=","invert bycatch",,,,,,,,,,"XXW8BqPXtz8Ncjf8bOi7gc6Hj7+NVXsl",
"3ecfb0c9-0f0f-406d-9045-bb9496b4e36d","CPER_007.basePlot.bet","D10","CPER","CPER_007","S","2014-07-03","2014-07-17","2014-07-17","2015-01-20",,"CPER_007.S.20140717","SOIi55Lib0JQfeXkLiWVqTwUXCi7mtF9Udbh3R5iTXc=","other carabid","CARSP14","Carabidae sp.","family",,"Latreille",,1,"Other",,"XXW8BqPXtz8Ncjf8bOi7gc6Hj7+NVXsl","individualCount estimated based on number of pinning records|"
"b01383dd-a2cd-40ea-8706-eb836b0e3868","CPER_004.basePlot.bet","D10","CPER","CPER_004","S","2014-07-03","2014-07-17","2014-07-17","2015-01-20",,"CPER_004.S.20140717","eSCyThC0ZO6AdnvmPVs84LTUOjXuqPobkiO7JJACJjA=","invert bycatch",,,,,,,,,,"XXW8BqPXtz8Ncjf8bOi7gc6Hj7+NVXsl",
"ec8917f7-8d70-426c-8e29-fc9085c4f3da","CPER_003.basePlot.bet","D10","CPER","CPER_003","S","2014-07-03","2014-07-17","2014-07-17","2015-01-20","2015-01-20","CPER_003.S.20140717","omCPNZnkoGQ6KONHArvbUVoU6GDjYqkJfxLJr4gVVTg=","carabid","PASELO","Pasimachus elongatus","species",,"LeConte",,2,"Other","XXW8BqPXtz8Ncjf8bOi7gc6Hj7+NVXsl","XXW8BqPXtz8Ncjf8bOi7gc6Hj7+NVXsl",
"ef378828-6834-46de-959b-e980442366b4","CPER_008.basePlot.bet","D10","CPER","CPER_008","S","2014-07-03","2014-07-17","2014-07-17","2015-01-20",,"CPER_008.S.20140717","kqngcYlCVJ5/yy0K5RwrlgydU9TkGfzkESQ4wkXCWKo=","invert bycatch",,,,,,,,,,"XXW8BqPXtz8Ncjf8bOi7gc6Hj7+NVXsl",
"04feed23-068d-4e28-9d85-39b41993704e","CPER_009.basePlot.bet","D10","CPER","CPER_009","S","2014-07-03","2014-07-17","2014-07-17","2015-01-20",,"CPER_009.S.20140717","KY+Aed9dLRtbt1LqtEPM3LOexkYwF/nbXbgrFPSuyPI=","invert bycatch",,,,,,,,,,"XXW8BqPXtz8Ncjf8bOi7gc6Hj7+NVXsl",
"126502fd-fe7f-4a44-89b5-6bf175347c48","CPER_006.basePlot.bet","D10","CPER","CPER_006","S","2014-07-03","2014-07-17","2014-07-17","2015-01-20",,"CPER_006.S.20140717","NHMCrMp+/ZUObB+6kNurxhNMlSS9Ji3Nmf6YZ1SyRPg=","invert bycatch",,,,,,,,,,"XXW8BqPXtz8Ncjf8bOi7gc6Hj7+NVXsl",
"deb3cd9c-c090-40be-920a-54b186fef81b","CPER_006.basePlot.bet","D10","CPER","CPER_006","S","2014-07-03","2014-07-17","2014-07-17","2015-01-20",,"CPER_006.S.20140717","NHMCrMp+/ZUObB+6kNurxosMrU0ID2l2sUmfqaLj6sc=","other carabid","CARSP14","Carabidae sp.","family",,"Latreille",,4,"Other",,"XXW8BqPXtz8Ncjf8bOi7gc6Hj7+NVXsl","individualCount estimated based on number of pinning records|"
"7b219d9e-9fbb-47af-87a3-c419fe6ae22e","CPER_007.basePlot.bet","D10","CPER","CPER_007","S","2014-07-03","2014-07-17","2014-07-17","2015-01-20",,"CPER_007.S.20140717","SOIi55Lib0JQfeXkLiWVqcpXpq0yk5Pp37JE+D89jcE=","invert bycatch",,,,,,,,,,"XXW8BqPXtz8Ncjf8bOi7gc6Hj7+NVXsl",
"c53f4504-e5a2-4919-a358-4a726c9f251d","CPER_002.basePlot.bet","D10","CPER","CPER_002","S","2014-07-03","2014-07-17","2014-07-17","2015-01-20",,"CPER_002.S.20140717","OMNGlFKVPvQd5cuG1wLFDlbM5pfDnGBhLoIAMRo5sag=","invert bycatch",,,,,,,,,,"XXW8BqPXtz8Ncjf8bOi7gc6Hj7+NVXsl",
"8517d7fd-f840-4d8c-8b60-de4230585c28","CPER_010.basePlot.bet","D10","CPER","CPER_010","S","2014-07-03","2014-07-17","2014-07-17","2015-01-20","2015-01-20","CPER_010.S.20140717","DW9ihRbrMtkqOzfzZ9WBZHqXpimVb7aShfcI+DxddWs=","carabid","PASELO","Pasimachus elongatus","species",,"LeConte",,1,"Other","XXW8BqPXtz8Ncjf8bOi7gc6Hj7+NVXsl","XXW8BqPXtz8Ncjf8bOi7gc6Hj7+NVXsl",
"cbd89867-e72e-4d22-9cbe-ce2408a1f8f5","CPER_008.basePlot.bet","D10","CPER","CPER_008","W","2014-07-03","2014-07-17","2014-07-17","2015-01-20",,"CPER_008.W.20140717","kqngcYlCVJ54kxGYrXE00gI51WX4oIOKTjEGoaLHxA4=","invert bycatch",,,,,,,,,,"XXW8BqPXtz8Ncjf8bOi7gc6Hj7+NVXsl",
"494c0f7c-0dfd-4c19-a657-7f841e23a64e","CPER_003.basePlot.bet","D10","CPER","CPER_003","W","2014-07-03","2014-07-17","2014-07-17","2015-01-20","2015-01-20","CPER_003.W.20140717","omCPNZnkoGRjIRHnk2PzRwoxZgJOQdUpzdQJYtoybTo=","carabid","EURGRO","Euryderus grossus","species",,"Say",,5,"Other","XXW8BqPXtz8Ncjf8bOi7gc6Hj7+NVXsl","XXW8BqPXtz8Ncjf8bOi7gc6Hj7+NVXsl",
"4533ed6a-5214-4292-8ebe-da60016fc05b","CPER_001.basePlot.bet","D10","CPER","CPER_001","W","2014-07-03","2014-07-17","2014-07-17","2015-01-20",,"CPER_001.W.20140717","BEtTVHT1LvHYbBt/99b0tx0KZZ38T7CElAIHWd7cBFw=","invert bycatch",,,,,,,,,,"XXW8BqPXtz8Ncjf8bOi7gc6Hj7+NVXsl",
"77c083da-e670-492f-8aa5-1624ecd94349","CPER_007.basePlot.bet","D10","CPER","CPER_007","W","2014-07-03","2014-07-17","2014-07-17","2015-01-20",,"CPER_007.W.20140717","SOIi55Lib0LYzsUGlzN+UWMhDgCojDcdvo1jYg6lIkc=","other carabid","CARSP14","Carabidae sp.","family",,"Latreille",,1,"Other",,"XXW8BqPXtz8Ncjf8bOi7gc6Hj7+NVXsl","individualCount estimated based on number of pinning records|"
"17636a74-0ca8-4859-9c7a-ecd5c8009030","CPER_007.basePlot.bet","D10","CPER","CPER_007","W","2014-07-03","2014-07-17","2014-07-17","2015-01-14","2015-01-15","CPER_007.W.20140717","SOIi55Lib0LYzsUGlzN+UZSPuHfkwFRncnpcdPy6avw=","carabid","EURGRO","Euryderus grossus","species",,"Say",,3,"Other","XXW8BqPXtz8Ncjf8bOi7gc6Hj7+NVXsl","XXW8BqPXtz8Ncjf8bOi7gc6Hj7+NVXsl",
"37fda2c7-0185-4a82-8cf8-af657dcbecb6","CPER_007.basePlot.bet","D10","CPER","CPER_007","W","2014-07-03","2014-07-17","2014-07-17","2015-01-20",,"CPER_007.W.20140717","SOIi55Lib0LYzsUGlzN+UVLwuqc+a132ZektxPWN3og=","invert bycatch",,,,,,,,,,"XXW8BqPXtz8Ncjf8bOi7gc6Hj7+NVXsl",
"58977716-b2bf-49ce-b32b-621105fe77d0","CPER_003.basePlot.bet","D10","CPER","CPER_003","W","2014-07-03","2014-07-17","2014-07-17","2015-01-20",,"CPER_003.W.20140717","omCPNZnkoGRjIRHnk2PzR0iF4bpIjZkdlI9aQdnpf+Y=","invert bycatch",,,,,,,,,,"XXW8BqPXtz8Ncjf8bOi7gc6Hj7+NVXsl",
"97850a7f-c506-4e93-9f17-81cffe36d604","CPER_008.basePlot.bet","D10","CPER","CPER_008","W","2014-07-03","2014-07-17","2014-07-17","2015-01-20",,"CPER_008.W.20140717","kqngcYlCVJ54kxGYrXE00iJBqwhpVyFwSuY13neThlM=","other carabid","CARSP14","Carabidae sp.","family",,"Latreille",,2,"Other",,"XXW8BqPXtz8Ncjf8bOi7gc6Hj7+NVXsl","individualCount estimated based on number of pinning records|"
"840da707-b630-49df-a31d-3167570cf973","CPER_006.basePlot.bet","D10","CPER","CPER_006","W","2014-07-03","2014-07-17","2014-07-17","2015-01-20",,"CPER_006.W.20140717","NHMCrMp+/ZX1oof0ym+3ioyjFC8mT9bc0IOEdDp1qoA=","other carabid","CARSP14","Carabidae sp.","family",,"Latreille",,3,"Other",,"XXW8BqPXtz8Ncjf8bOi7gc6Hj7+NVXsl","individualCount estimated based on number of pinning records|"
"a1859156-0916-42f9-991b-151e9a351b1a","CPER_007.basePlot.bet","D10","CPER","CPER_007","W","2014-07-03","2014-07-17","2014-07-17","2015-01-14","2015-01-15","CPER_007.W.20140717","SOIi55Lib0LYzsUGlzN+UcfeoO5PRVKT1Qeup6wwZiE=","carabid","PASELO","Pasimachus elongatus","species",,"LeConte",,1,"Other","XXW8BqPXtz8Ncjf8bOi7gc6Hj7+NVXsl","XXW8BqPXtz8Ncjf8bOi7gc6Hj7+NVXsl",
"0b0919b1-d914-40e4-8f9c-109e471d3b12","CPER_002.basePlot.bet","D10","CPER","CPER_002","W","2014-07-03","2014-07-17","2014-07-17","2015-01-20",,"CPER_002.W.20140717","OMNGlFKVPvR4ZspAolMvMb1TinGcBi1jnTXsS5GF2T8=","other carabid","CARSP14","Carabidae sp.","family",,"Latreille",,1,"Other",,"XXW8BqPXtz8Ncjf8bOi7gc6Hj7+NVXsl","individualCount estimated based on number of pinning records|"
"29598bca-5966-471f-90f1-bfb21f047d1b","CPER_004.basePlot.bet","D10","CPER","CPER_004","W","2014-07-03","2014-07-17","2014-07-17","2015-01-20",,"CPER_004.W.20140717","eSCyThC0ZO4z7OMcZYLqLQVvrLBJPe7dgc181PaSSD4=","invert bycatch",,,,,,,,,,"XXW8BqPXtz8Ncjf8bOi7gc6Hj7+NVXsl",
"df2beed4-e1a0-420d-9498-df3a3b3006c8","CPER_010.basePlot.bet","D10","CPER","CPER_010","W","2014-07-03","2014-07-17","2014-07-17","2015-01-20",,"CPER_010.W.20140717","DW9ihRbrMtnDmYbewGTSlGSyEHOSD6bpRkmgGu6txfU=","invert bycatch",,,,,,,,,,"XXW8BqPXtz8Ncjf8bOi7gc6Hj7+NVXsl",
"8e7c6005-d22e-496a-b2b5-3d4820257d07","CPER_009.basePlot.bet","D10","CPER","CPER_009","W","2014-07-03","2014-07-17","2014-07-17","2015-01-20",,"CPER_009.W.20140717","KY+Aed9dLRuUZrZebwM5HLK8qWocwmnbxlVdFNi+h+Q=","invert bycatch",,,,,,,,,,"XXW8BqPXtz8Ncjf8bOi7gc6Hj7+NVXsl",
"21713974-07ac-4e60-aa52-0bda1f31b05b","CPER_005.basePlot.bet","D10","CPER","CPER_005","W","2014-07-03","2014-07-17","2014-07-17","2015-01-14","2015-01-15","CPER_005.W.20140717","e1AKewEwvnF4ip37ZdEwWn+dVymWFNt4sTW620/I6rw=","carabid","EURGRO","Euryderus grossus","species",,"Say",,1,"Other","XXW8BqPXtz8Ncjf8bOi7gc6Hj7+NVXsl","XXW8BqPXtz8Ncjf8bOi7gc6Hj7+NVXsl",
"cddbe34d-7d4e-4b8a-8af6-da8ccd371625","CPER_005.basePlot.bet","D10","CPER","CPER_005","W","2014-07-03","2014-07-17","2014-07-17","2015-01-20",,"CPER_005.W.20140717","e1AKewEwvnF4ip37ZdEwWucjMUxJPKQeyVcdxIfWD+I=","invert bycatch",,,,,,,,,,"XXW8BqPXtz8Ncjf8bOi7gc6Hj7+NVXsl",
"a7af9dbd-71d7-476e-8623-3473f2565652","CPER_006.basePlot.bet","D10","CPER","CPER_006","W","2014-07-03","2014-07-17","2014-07-17","2015-01-20",,"CPER_006.W.20140717","NHMCrMp+/ZX1oof0ym+3iqcinBaW0qMfsjB56SAN3Xk=","invert bycatch",,,,,,,,,,"XXW8BqPXtz8Ncjf8bOi7gc6Hj7+NVXsl",
"924a0ba1-26ed-4fbb-a128-f42cb9d218f0","CPER_002.basePlot.bet","D10","CPER","CPER_002","W","2014-07-03","2014-07-17","2014-07-17","2015-01-20",,"CPER_002.W.20140717","OMNGlFKVPvR4ZspAolMvMXn8I9I8pbwl5EWz1pMyr0E=","invert bycatch",,,,,,,,,,"XXW8BqPXtz8Ncjf8bOi7gc6Hj7+NVXsl",
"c1522af9-8f66-4ca7-8673-493f685ac135","CPER_003.basePlot.bet","D10","CPER","CPER_003","E","2014-07-03","2014-07-17","2014-07-17","2015-01-20",,"CPER_003.E.20140717","omCPNZnkoGTaKCLsNHgAu1i78dXKJgYtVNZKcyVP+pM=","other carabid","CARSP14","Carabidae sp.","family",,"Latreille",,1,"Other",,"XXW8BqPXtz8Ncjf8bOi7gc6Hj7+NVXsl","individualCount estimated based on number of pinning records|"
"0e51456f-b9a3-4aff-8467-75dfd1f6a1b2","CPER_003.basePlot.bet","D10","CPER","CPER_003","E","2014-07-03","2014-07-17","2014-07-17","2015-01-20","2015-01-20","CPER_003.E.20140717","omCPNZnkoGTaKCLsNHgAu/dbycE4giT8ciruI7j3rVw=","carabid","EURGRO","Euryderus grossus","species",,"Say",,3,"Other","XXW8BqPXtz8Ncjf8bOi7gc6Hj7+NVXsl","XXW8BqPXtz8Ncjf8bOi7gc6Hj7+NVXsl",
"49c81a88-cc1f-4bb2-a565-1c306ad4f08c","CPER_001.basePlot.bet","D10","CPER","CPER_001","E","2014-07-03","2014-07-17","2014-07-17","2015-01-20",,"CPER_001.E.20140717","BEtTVHT1LvFkg1c1Z4/4qq7KQNz7ysf+bmlOsjiy3Bw=","invert bycatch",,,,,,,,,,"XXW8BqPXtz8Ncjf8bOi7gc6Hj7+NVXsl",
"2d8d7ff3-3bc8-4b9e-bd86-a1fba10390f6","CPER_001.basePlot.bet","D10","CPER","CPER_001","E","2014-07-03","2014-07-17","2014-07-17","2015-01-14","2015-01-15","CPER_001.E.20140717","BEtTVHT1LvFkg1c1Z4/4qunFVjUKtTEEmxDrKVQ4J2A=","carabid","PASELO","Pasimachus elongatus","species",,"LeConte",,1,"Other","XXW8BqPXtz8Ncjf8bOi7gc6Hj7+NVXsl","XXW8BqPXtz8Ncjf8bOi7gc6Hj7+NVXsl",
"2e9f5b4f-fdb1-496e-9e95-9a86b356432c","CPER_005.basePlot.bet","D10","CPER","CPER_005","E","2014-07-03","2014-07-17","2014-07-17","2015-01-20",,"CPER_005.E.20140717","e1AKewEwvnEdOmnM/0EiBBga1UnwCgJ+orWwcfPp4iE=","invert bycatch",,,,,,,,,,"XXW8BqPXtz8Ncjf8bOi7gc6Hj7+NVXsl",
"835d12d2-a388-4991-b9e1-a0f450eb2e08","CPER_004.basePlot.bet","D10","CPER","CPER_004","E","2014-07-03","2014-07-17","2014-07-17","2015-01-20",,"CPER_004.E.20140717","eSCyThC0ZO62uGgw7h9Lj0lZ+8/G44bHK/eb1VjH3n8=","other carabid","CARSP14","Carabidae sp.","family",,"Latreille",,2,"Other",,"XXW8BqPXtz8Ncjf8bOi7gc6Hj7+NVXsl","individualCount estimated based on number of pinning records|"
"5771529c-8c46-4fa0-aefc-ee2ee6ea5710","CPER_004.basePlot.bet","D10","CPER","CPER_004","E","2014-07-03","2014-07-17","2014-07-17","2015-01-14","2015-01-14","CPER_004.E.20140717","eSCyThC0ZO62uGgw7h9Lj0obyTQFsGy9YYZM15bR76k=","carabid","PASELO","Pasimachus elongatus","species",,"LeConte",,2,"Other","XXW8BqPXtz8Ncjf8bOi7gc6Hj7+NVXsl","XXW8BqPXtz8Ncjf8bOi7gc6Hj7+NVXsl",
"a6a28f60-cd79-41cb-a0eb-a6e8883d7eee","CPER_004.basePlot.bet","D10","CPER","CPER_004","E","2014-07-03","2014-07-17","2014-07-17","2015-01-20",,"CPER_004.E.20140717","eSCyThC0ZO62uGgw7h9Lj/+R9cU/VRHiU7lRaZ3rBVA=","invert bycatch",,,,,,,,,,"XXW8BqPXtz8Ncjf8bOi7gc6Hj7+NVXsl",
"ee4568f7-4281-468e-aa09-4989db6612c9","CPER_004.basePlot.bet","D10","CPER","CPER_004","E","2014-07-03","2014-07-17","2014-07-17","2015-01-14","2015-01-14","CPER_004.E.20140717","eSCyThC0ZO62uGgw7h9Lj0x2qvQSfgPZyyqH/J2fbWU=","carabid","EURGRO","Euryderus grossus","species",,"Say",,3,"Other","XXW8BqPXtz8Ncjf8bOi7gc6Hj7+NVXsl","XXW8BqPXtz8Ncjf8bOi7gc6Hj7+NVXsl",
"fcd80789-f4b5-4fe0-ad16-3d559855b2ea","CPER_003.basePlot.bet","D10","CPER","CPER_003","E","2014-07-03","2014-07-17","2014-07-17","2015-01-20",,"CPER_003.E.20140717","omCPNZnkoGTaKCLsNHgAu82l/0VJX5WoJlnO5IEAHdA=","invert bycatch",,,,,,,,,,"XXW8BqPXtz8Ncjf8bOi7gc6Hj7+NVXsl",
"09f30fde-fe7c-423d-beae-ea48fe98d386","CPER_009.basePlot.bet","D10","CPER","CPER_009","E","2014-07-03","2014-07-17","2014-07-17","2015-01-20",,"CPER_009.E.20140717","KY+Aed9dLRv1CQurw/uxZLrWHaMwEHb+X7FFNMaz3uY=","invert bycatch",,,,,,,,,,"XXW8BqPXtz8Ncjf8bOi7gc6Hj7+NVXsl",
"77db64b4-8631-411e-9623-c81ee1cbbf05","CPER_006.basePlot.bet","D10","CPER","CPER_006","E","2014-07-03","2014-07-17","2014-07-17","2015-01-20",,"CPER_006.E.20140717","NHMCrMp+/ZXgClmQYSH5qSQQsOib4V0W2iOYTzjQ+zY=","invert bycatch",,,,,,,,,,"XXW8BqPXtz8Ncjf8bOi7gc6Hj7+NVXsl",
"f03802b0-cacc-4eca-93d8-8f7cb263794f","CPER_006.basePlot.bet","D10","CPER","CPER_006","E","2014-07-03","2014-07-17","2014-07-17","2015-01-20",,"CPER_006.E.20140717","NHMCrMp+/ZXgClmQYSH5qbKX3wu7LH5jgxQGVlCAqO0=","other carabid","CARSP14","Carabidae sp.","family",,"Latreille",,2,"Other",,"XXW8BqPXtz8Ncjf8bOi7gc6Hj7+NVXsl","individualCount estimated based on number of pinning records|"
"79ec0568-4225-4586-8c16-73d51fefb77f","CPER_007.basePlot.bet","D10","CPER","CPER_007","E","2014-07-03","2014-07-17","2014-07-17","2015-01-20",,"CPER_007.E.20140717","SOIi55Lib0JQ2YET7dhBOVfaaHhye0lfmdTJWVaEboo=","invert bycatch",,,,,,,,,,"XXW8BqPXtz8Ncjf8bOi7gc6Hj7+NVXsl",
"4073d64a-1a73-494d-8eda-22acb73e4db7","CPER_010.basePlot.bet","D10","CPER","CPER_010","S","2014-07-17","2014-07-31","2014-08-01","2015-02-02","2015-02-02","CPER_010.S.20140731","DW9ihRbrMtkqOzfzZ9WBZJyFWxRH8+Uqdp2S0dkYQs8=","carabid","PASELO","Pasimachus elongatus","species",,"LeConte",,1,"Other","XXW8BqPXtz8Ncjf8bOi7gc6Hj7+NVXsl","XXW8BqPXtz8Ncjf8bOi7gc6Hj7+NVXsl",
"cdfe3aa9-9c38-4b63-b5e8-6e5b23e1d39d","CPER_007.basePlot.bet","D10","CPER","CPER_007","S","2014-07-17","2014-07-31","2014-08-01","2014-12-11","2014-12-11","CPER_007.S.20140731","SOIi55Lib0JQfeXkLiWVqUMoWSQICNhsI73cOOoksdg=","carabid","PASELO","Pasimachus elongatus","species",,"LeConte",,1,"Other","XXW8BqPXtz8Ncjf8bOi7gc6Hj7+NVXsl","XXW8BqPXtz8Ncjf8bOi7gc6Hj7+NVXsl",
"ae8ee4c7-e9d8-43b6-beb9-da9e3c5d8163","CPER_006.basePlot.bet","D10","CPER","CPER_006","S","2014-07-17","2014-07-31","2014-08-01","2015-01-21","2015-01-21","CPER_006.S.20140731","NHMCrMp+/ZUObB+6kNurxu8Z39I7dp/+2urauhUC2r4=","carabid","PASELO","Pasimachus elongatus","species",,"LeConte",,1,"Other","XXW8BqPXtz8Ncjf8bOi7gc6Hj7+NVXsl","XXW8BqPXtz8Ncjf8bOi7gc6Hj7+NVXsl",
"1a458431-5b56-4b09-bdab-2bdf716639b0","CPER_006.basePlot.bet","D10","CPER","CPER_006","S","2014-07-17","2014-07-31","2014-08-01","2014-12-04",,"CPER_006.S.20140731","NHMCrMp+/ZUObB+6kNurxiHvdoLN7OZnGqj6jHHZPqU=","invert bycatch",,,,,,,,,,"XXW8BqPXtz8Ncjf8bOi7gc6Hj7+NVXsl",
"c2469c71-8e3a-418f-893e-ce64ce616b2b","CPER_004.basePlot.bet","D10","CPER","CPER_004","S","2014-07-17","2014-07-31","2014-08-01","2015-01-22","2015-01-22","CPER_004.S.20140731","eSCyThC0ZO6AdnvmPVs84ARvdQ46AlEmutzROsuC8eQ=","carabid","EURGRO","Euryderus grossus","species",,"Say",,1,"Other","XXW8BqPXtz8Ncjf8bOi7gc6Hj7+NVXsl","XXW8BqPXtz8Ncjf8bOi7gc6Hj7+NVXsl",
"80502ed2-cf33-4dc4-a670-8d0265ab0378","CPER_004.basePlot.bet","D10","CPER","CPER_004","S","2014-07-17","2014-07-31","2014-08-01","2014-12-11","2014-12-11","CPER_004.S.20140731","eSCyThC0ZO6AdnvmPVs84LNJJRaeC62Pfu2+0zs8bjs=","carabid","PASELO","Pasimachus elongatus","species",,"LeConte",,2,"Other","XXW8BqPXtz8Ncjf8bOi7gc6Hj7+NVXsl","XXW8BqPXtz8Ncjf8bOi7gc6Hj7+NVXsl",
"f79aafd0-5caa-471c-84a5-b6a7212aab40","CPER_004.basePlot.bet","D10","CPER","CPER_004","S","2014-07-17","2014-07-31","2014-08-01","2014-12-11",,"CPER_004.S.20140731","eSCyThC0ZO6AdnvmPVs84IytYNHbRepXr8m4wdDYnLo=","invert bycatch",,,,,,,,,,"XXW8BqPXtz8Ncjf8bOi7gc6Hj7+NVXsl",
"44d3bd34-5ea2-4ced-b962-5ac805977557","CPER_007.basePlot.bet","D10","CPER","CPER_007","S","2014-07-17","2014-07-31","2014-08-01","2014-12-11",,"CPER_007.S.20140731","SOIi55Lib0JQfeXkLiWVqXOmKHWAbhsdYVknVwj+ORo=","invert bycatch",,,,,,,,,,"XXW8BqPXtz8Ncjf8bOi7gc6Hj7+NVXsl",
"86ac6411-12b0-4563-9bdc-c204777e2f9f","CPER_003.basePlot.bet","D10","CPER","CPER_003","S","2014-07-17","2014-07-31","2014-08-01","2015-01-22","2015-01-22","CPER_003.S.20140731","omCPNZnkoGQ6KONHArvbUSf5YYSjPvfWwiadr0L6B6o=","carabid","CRADUB","Cratacanthus dubius","species",,"Palisot de Beauvois",,2,"Other","XXW8BqPXtz8Ncjf8bOi7gc6Hj7+NVXsl","XXW8BqPXtz8Ncjf8bOi7gc6Hj7+NVXsl",
"bdbfb0ed-1cff-4953-ad9d-46f5b2f70051","CPER_003.basePlot.bet","D10","CPER","CPER_003","S","2014-07-17","2014-07-31","2014-08-01","2015-01-22","2015-01-22","CPER_003.S.20140731","omCPNZnkoGQ6KONHArvbUbRGwM6ob4E8AT+q8Mogr/4=","carabid","EURGRO","Euryderus grossus","species",,"Say",,15,"Other","XXW8BqPXtz8Ncjf8bOi7gc6Hj7+NVXsl","XXW8BqPXtz8Ncjf8bOi7gc6Hj7+NVXsl",
"07c25df4-b66a-43f0-acda-e8dfd771d015","CPER_003.basePlot.bet","D10","CPER","CPER_003","S","2014-07-17","2014-07-31","2014-08-01","2014-12-11",,"CPER_003.S.20140731","omCPNZnkoGQ6KONHArvbUTA+yL2gAeL1uMUrknteQYk=","invert bycatch",,,,,,,,,,"XXW8BqPXtz8Ncjf8bOi7gc6Hj7+NVXsl",
"7eb02357-35ed-4de6-8832-a29833aa94ca","CPER_005.basePlot.bet","D10","CPER","CPER_005","S","2014-07-17","2014-07-31","2014-08-01","2014-12-04",,"CPER_005.S.20140731","e1AKewEwvnFmp1+7PS16/c17rImkEGKltSy7H+zL8cc=","other carabid","CARSP14","Carabidae sp.","family",,"Latreille",,3,"Other",,"P+EeY8owwbjzXaiaPoIJpc6mcpR6iWBh","individualCount estimated based on number of pinning records|"
"1ba94152-0c9f-4485-991c-186e1aed5704","CPER_001.basePlot.bet","D10","CPER","CPER_001","S","2014-07-17","2014-07-31","2014-08-01","2014-12-05",,"CPER_001.S.20140731","BEtTVHT1LvExjDBDBgkgjFTc6nPXYw3Bh92BLA9CHLk=","invert bycatch",,,,,,,,,,"XXW8BqPXtz8Ncjf8bOi7gc6Hj7+NVXsl",
"46f980bd-7999-4f67-bfdb-06e48fd35463","CPER_006.basePlot.bet","D10","CPER","CPER_006","S","2014-07-17","2014-07-31","2014-08-01","2014-12-04",,"CPER_006.S.20140731","NHMCrMp+/ZUObB+6kNurxjYfQCGpWjXsqJsUEseHA4c=","other carabid","CARSP14","Carabidae sp.","family",,"Latreille",,2,"Other",,"XXW8BqPXtz8Ncjf8bOi7gc6Hj7+NVXsl","individualCount estimated based on number of pinning records|"
"27bc4a3e-9373-4cd0-b5ff-84d414f138aa","CPER_005.basePlot.bet","D10","CPER","CPER_005","S","2014-07-17","2014-07-31","2014-08-01","2014-12-11","2014-12-14","CPER_005.S.20140731","e1AKewEwvnFmp1+7PS16/UkWYpu3LiwL1pZcbSSvEjA=","carabid","EURGRO","Euryderus grossus","species",,"Say",,2,"Other","P+EeY8owwbjzXaiaPoIJpc6mcpR6iWBh","XXW8BqPXtz8Ncjf8bOi7gc6Hj7+NVXsl",
"d775b57b-49d9-4bfb-8d39-84ce1c579465","CPER_003.basePlot.bet","D10","CPER","CPER_003","S","2014-07-17","2014-07-31","2014-08-01","2015-01-22","2015-01-22","CPER_003.S.20140731","omCPNZnkoGQ6KONHArvbUbBw6Ztw7+ltfwAhJAWh+aw=","carabid","PASELO","Pasimachus elongatus","species",,"LeConte",,1,"Other","XXW8BqPXtz8Ncjf8bOi7gc6Hj7+NVXsl","XXW8BqPXtz8Ncjf8bOi7gc6Hj7+NVXsl",
"eca50b22-e518-4503-8706-afc3b1b19ed0","CPER_005.basePlot.bet","D10","CPER","CPER_005","S","2014-07-17","2014-07-31","2014-08-01","2014-12-04",,"CPER_005.S.20140731","e1AKewEwvnFmp1+7PS16/S/VEamo9Mmsw6EeqCPJD18=","invert bycatch",,,,,,,,,,"P+EeY8owwbjzXaiaPoIJpc6mcpR6iWBh",
"79d3626d-9378-43eb-b712-918c4584bc84","CPER_005.basePlot.bet","D10","CPER","CPER_005","W","2014-07-17","2014-07-31","2014-08-01","2014-12-04",,"CPER_005.W.20140731","e1AKewEwvnF4ip37ZdEwWtiXUjCPNGIlNUC+BIYSE8A=","invert bycatch",,,,,,,,,,"P+EeY8owwbjzXaiaPoIJpc6mcpR6iWBh",
"85766ea2-3aa4-47a1-8beb-104b662e688f","CPER_001.basePlot.bet","D10","CPER","CPER_001","W","2014-07-17","2014-07-31","2014-08-01","2014-12-05",,"CPER_001.W.20140731","BEtTVHT1LvHYbBt/99b0t8NHUO2pdYIdXhHdm9b3fRI=","invert bycatch",,,,,,,,,,"XXW8BqPXtz8Ncjf8bOi7gc6Hj7+NVXsl",
"576d42e2-3bbc-4f64-a396-8f1c12760f82","CPER_003.basePlot.bet","D10","CPER","CPER_003","W","2014-07-17","2014-07-31","2014-08-01","2015-01-22","2015-01-22","CPER_003.W.20140731","omCPNZnkoGRjIRHnk2PzR6o7H4c4DVeUa211MW9SPVA=","carabid","PASELO","Pasimachus elongatus","species",,"LeConte",,2,"Other","XXW8BqPXtz8Ncjf8bOi7gc6Hj7+NVXsl","XXW8BqPXtz8Ncjf8bOi7gc6Hj7+NVXsl",
"84b9e166-a365-415c-8f1a-d0bb11ec8d90","CPER_003.basePlot.bet","D10","CPER","CPER_003","W","2014-07-17","2014-07-31","2014-08-01","2015-01-22","2015-01-22","CPER_003.W.20140731","omCPNZnkoGRjIRHnk2PzR5xHVL8t3pKx8y16OMwRlds=","carabid","EURGRO","Euryderus grossus","species",,"Say",,5,"Other","XXW8BqPXtz8Ncjf8bOi7gc6Hj7+NVXsl","XXW8BqPXtz8Ncjf8bOi7gc6Hj7+NVXsl",
"522e4592-935c-4934-9b81-7becdc668e3c","CPER_003.basePlot.bet","D10","CPER","CPER_003","W","2014-07-17","2014-07-31","2014-08-01","2014-12-11",,"CPER_003.W.20140731","omCPNZnkoGRjIRHnk2PzRwV0gIQc2AXqsA1CH/iG6t0=","invert bycatch",,,,,,,,,,"XXW8BqPXtz8Ncjf8bOi7gc6Hj7+NVXsl",
"4495c8b7-a566-4b83-8d5d-722b7ac843ea","CPER_004.basePlot.bet","D10","CPER","CPER_004","W","2014-07-17","2014-07-31","2014-08-01","2014-12-11",,"CPER_004.W.20140731","eSCyThC0ZO4z7OMcZYLqLSrVr+pv2OMygKhWk30EwuA=","invert bycatch",,,,,,,,,,"XXW8BqPXtz8Ncjf8bOi7gc6Hj7+NVXsl",
"cdac9f1f-408e-46de-b242-6362b126bf50","CPER_007.basePlot.bet","D10","CPER","CPER_007","W","2014-07-17","2014-07-31","2014-08-01","2015-01-22","2015-01-22","CPER_007.W.20140731","SOIi55Lib0LYzsUGlzN+UY3TW93ZfAftnYgPcClS2d0=","carabid","EURGRO","Euryderus grossus","species",,"Say",,4,"Other","XXW8BqPXtz8Ncjf8bOi7gc6Hj7+NVXsl","XXW8BqPXtz8Ncjf8bOi7gc6Hj7+NVXsl",
"9bcae42a-0659-4e65-919e-22723a5174e8","CPER_007.basePlot.bet","D10","CPER","CPER_007","W","2014-07-17","2014-07-31","2014-08-01","2014-12-11",,"CPER_007.W.20140731","SOIi55Lib0LYzsUGlzN+USGMuM4w8LRB9Mi8OmitsQc=","invert bycatch",,,,,,,,,,"XXW8BqPXtz8Ncjf8bOi7gc6Hj7+NVXsl",
"c921362f-09a2-452b-a14d-63f71baaf412","CPER_006.basePlot.bet","D10","CPER","CPER_006","W","2014-07-17","2014-07-31","2014-08-01","2014-12-05",,"CPER_006.W.20140731","NHMCrMp+/ZX1oof0ym+3iqoOnaU4sLPorS+Xlbi/0cU=","other carabid","CARSP14","Carabidae sp.","family",,"Latreille",,6,"Other",,"XXW8BqPXtz8Ncjf8bOi7gc6Hj7+NVXsl","individualCount estimated based on number of pinning records|"
"16a5b5db-eb32-489d-b918-2995419171f2","CPER_006.basePlot.bet","D10","CPER","CPER_006","W","2014-07-17","2014-07-31","2014-08-01","2014-12-05",,"CPER_006.W.20140731","NHMCrMp+/ZX1oof0ym+3itReJFqUpeWILi2XsgOd19s=","invert bycatch",,,,,,,,,,"XXW8BqPXtz8Ncjf8bOi7gc6Hj7+NVXsl",
"25ada8e3-55d9-4872-9f9f-eeea1dae5bf3","CPER_009.basePlot.bet","D10","CPER","CPER_009","W","2014-07-17","2014-07-31","2014-08-01","2015-02-02","2015-02-02","CPER_009.W.20140731","KY+Aed9dLRuUZrZebwM5HHRxZqFgyudJcuBzM/rpi7o=","carabid","PASELO","Pasimachus elongatus","species",,"LeConte",,2,"Other","XXW8BqPXtz8Ncjf8bOi7gc6Hj7+NVXsl","XXW8BqPXtz8Ncjf8bOi7gc6Hj7+NVXsl",
"71f132c0-d7ce-44a2-972c-dcbeaa4b4a0c","CPER_009.basePlot.bet","D10","CPER","CPER_009","W","2014-07-17","2014-07-31","2014-08-01","2014-12-05",,"CPER_009.W.20140731","KY+Aed9dLRuUZrZebwM5HBvjNvTBg3v+Mbo8bbVCaco=","invert bycatch",,,,,,,,,,"Rjv/PyMx3k4oygLKYkCbuIDsccqDw9So",
"5478aa0b-9b87-480f-b0c2-54ccf1aaa5a1","CPER_009.basePlot.bet","D10","CPER","CPER_009","W","2014-07-17","2014-07-31","2014-08-01","2014-12-05",,"CPER_009.W.20140731","KY+Aed9dLRuUZrZebwM5HBoMp9J/707KiYIFv6AifVs=","other carabid","CARSP14","Carabidae sp.","family",,"Latreille",,1,"Other",,"Rjv/PyMx3k4oygLKYkCbuIDsccqDw9So","individualCount estimated based on number of pinning records|"
"caaa8714-fc65-46f7-af40-c076ba23ad57","CPER_008.basePlot.bet","D10","CPER","CPER_008","W","2014-07-17","2014-07-31","2014-08-01","2014-12-04",,"CPER_008.W.20140731","kqngcYlCVJ54kxGYrXE00vQJ9PrQIz9gZjlGQY4SIaM=","invert bycatch",,,,,,,,,,"P+EeY8owwbjzXaiaPoIJpc6mcpR6iWBh",
"778cdccf-31bb-4fb4-b2e2-bd100c4988bc","CPER_010.basePlot.bet","D10","CPER","CPER_010","W","2014-07-17","2014-07-31","2014-08-01","2015-02-02","2015-02-02","CPER_010.W.20140731","DW9ihRbrMtnDmYbewGTSlI/FUrDRB6SgUGLl2UORYio=","carabid","CRADUB","Cratacanthus dubius","species",,"Palisot de Beauvois",,4,"Other","XXW8BqPXtz8Ncjf8bOi7gc6Hj7+NVXsl","XXW8BqPXtz8Ncjf8bOi7gc6Hj7+NVXsl",
"74aa0377-c503-4d04-94cf-f67ae94b89dd","CPER_010.basePlot.bet","D10","CPER","CPER_010","W","2014-07-17","2014-07-31","2014-08-01","2014-12-05",,"CPER_010.W.20140731","DW9ihRbrMtnDmYbewGTSlIaV2mQDvB2mAnCBDezgHZg=","invert bycatch",,,,,,,,,,"P+EeY8owwbjzXaiaPoIJpc6mcpR6iWBh",
"e6803624-634e-4696-b147-10f4e4634c2c","CPER_010.basePlot.bet","D10","CPER","CPER_010","W","2014-07-17","2014-07-31","2014-08-01","2014-12-05",,"CPER_010.W.20140731","DW9ihRbrMtnDmYbewGTSlFPDMcCIAGdF2/M3qdsn+sA=","other carabid","CARSP14","Carabidae sp.","family",,"Latreille",,2,"Other",,"P+EeY8owwbjzXaiaPoIJpc6mcpR6iWBh","individualCount estimated based on number of pinning records|"
"44af6d5c-b046-414b-8ad8-397cb4e10800","CPER_002.basePlot.bet","D10","CPER","CPER_002","W","2014-07-17","2014-07-31","2014-08-01","2014-12-04",,"CPER_002.W.20140731","OMNGlFKVPvR4ZspAolMvMeje9GVm9racEbb5KaP/mjE=","invert bycatch",,,,,,,,,,"XXW8BqPXtz8Ncjf8bOi7gc6Hj7+NVXsl",
"11d28321-8a67-42b0-86bc-59cd6e89d252","CPER_004.basePlot.bet","D10","CPER","CPER_004","E","2014-07-17","2014-07-31","2014-08-01","2015-01-22","2015-01-22","CPER_004.E.20140731","eSCyThC0ZO62uGgw7h9LjwEDbxNTeMAAEoBu11/up6M=","carabid","EURGRO","Euryderus grossus","species",,"Say",,10,"Other","XXW8BqPXtz8Ncjf8bOi7gc6Hj7+NVXsl","XXW8BqPXtz8Ncjf8bOi7gc6Hj7+NVXsl",
"1ecc0418-510a-4048-a3d7-23a0b5091aad","CPER_007.basePlot.bet","D10","CPER","CPER_007","E","2014-07-17","2014-07-31","2014-08-01","2014-12-11",,"CPER_007.E.20140731","SOIi55Lib0JQ2YET7dhBOU0uX0HDkpd0WJLzxEIopLI=","invert bycatch",,,,,,,,,,"XXW8BqPXtz8Ncjf8bOi7gc6Hj7+NVXsl",
"8f9d4341-54f8-408c-91ec-4607689dd367","CPER_006.basePlot.bet","D10","CPER","CPER_006","E","2014-07-17","2014-07-31","2014-08-01","2014-12-05",,"CPER_006.E.20140731","NHMCrMp+/ZXgClmQYSH5qd9B5ctIe2D/dEC6BkysuzA=","invert bycatch",,,,,,,,,,"XXW8BqPXtz8Ncjf8bOi7gc6Hj7+NVXsl",
"dc0d91aa-4fb3-4710-a334-9df37a981ce6","CPER_003.basePlot.bet","D10","CPER","CPER_003","E","2014-07-17","2014-07-31","2014-08-01","2015-02-02","2015-02-02","CPER_003.E.20140731","omCPNZnkoGTaKCLsNHgAu8briXT584hmsBtNnaHq9Wo=","carabid","CRADUB","Cratacanthus dubius","species",,"Palisot de Beauvois",,1,"Other","XXW8BqPXtz8Ncjf8bOi7gc6Hj7+NVXsl","XXW8BqPXtz8Ncjf8bOi7gc6Hj7+NVXsl",
"c188de64-65fb-4fbe-ac39-3f59e67f20db","CPER_001.basePlot.bet","D10","CPER","CPER_001","E","2014-07-17","2014-07-31","2014-08-01","2014-12-05",,"CPER_001.E.20140731","BEtTVHT1LvFkg1c1Z4/4qlGfUklRQU5PtT6XM6+WwbI=","other carabid","CARSP14","Carabidae sp.","family",,"Latreille",,1,"Other",,"XXW8BqPXtz8Ncjf8bOi7gc6Hj7+NVXsl","individualCount estimated based on number of pinning records|"
"5f2d7e36-6bb9-40b4-badf-696157caa035","CPER_002.basePlot.bet","D10","CPER","CPER_002","E","2014-07-17","2014-07-31","2014-08-01","2014-12-04","2014-12-04","CPER_002.E.20140731","OMNGlFKVPvT/Qv6kdTf/EayIPIqFtoW/anYHwG6Drmw=","carabid","EURGRO","Euryderus grossus","species",,"Say",,1,"Other","XXW8BqPXtz8Ncjf8bOi7gc6Hj7+NVXsl","XXW8BqPXtz8Ncjf8bOi7gc6Hj7+NVXsl",
"881faed5-9ef2-4ba5-80f5-06499efe53d2","CPER_009.basePlot.bet","D10","CPER","CPER_009","E","2014-07-17","2014-07-31","2014-08-01","2014-12-05",,"CPER_009.E.20140731","KY+Aed9dLRv1CQurw/uxZCVzxCU/CkWfAOgDkvyZd/Q=","other carabid","CARSP14","Carabidae sp.","family",,"Latreille",,1,"Other",,"Rjv/PyMx3k4oygLKYkCbuIDsccqDw9So","individualCount estimated based on number of pinning records|"
"ed4311b4-6eb2-4369-a17b-8662e48f523d","CPER_006.basePlot.bet","D10","CPER","CPER_006","E","2014-07-17","2014-07-31","2014-08-01","2014-12-05","2014-12-05","CPER_006.E.20140731","NHMCrMp+/ZXgClmQYSH5qY+qA3ipjXV12rwG6z/bV/8=","carabid","HARCAL","Harpalus caliginosus","species",,"Fabricius",,3,"Other","XXW8BqPXtz8Ncjf8bOi7gc6Hj7+NVXsl","XXW8BqPXtz8Ncjf8bOi7gc6Hj7+NVXsl",
"c75a634b-665e-409e-bf76-7373ffedc3ee","CPER_002.basePlot.bet","D10","CPER","CPER_002","E","2014-07-17","2014-07-31","2014-08-01","2014-12-04",,"CPER_002.E.20140731","OMNGlFKVPvT/Qv6kdTf/EXQCL+Jh6N9729hXNFLXS1I=","other carabid","CARSP14","Carabidae sp.","family",,"Latreille",,5,"Other",,"XXW8BqPXtz8Ncjf8bOi7gc6Hj7+NVXsl","individualCount estimated based on number of pinning records|"
"eaa6a1c9-f383-453e-b7de-28ce5f7ed406","CPER_002.basePlot.bet","D10","CPER","CPER_002","E","2014-07-17","2014-07-31","2014-08-01","2014-12-04",,"CPER_002.E.20140731","OMNGlFKVPvT/Qv6kdTf/EZ/EgsxHpVHwKHOO+Sr7xzo=","invert bycatch",,,,,,,,,,"XXW8BqPXtz8Ncjf8bOi7gc6Hj7+NVXsl",
"f28e9c54-3e44-4901-904f-f0b530781e1c","CPER_002.basePlot.bet","D10","CPER","CPER_002","E","2014-07-17","2014-07-31","2014-08-01","2015-01-21","2015-01-21","CPER_002.E.20140731","OMNGlFKVPvT/Qv6kdTf/ETFlDF6xf0rizwMSN8NZK6U=","carabid","CRADUB","Cratacanthus dubius","species",,"Palisot de Beauvois",,2,"Other","XXW8BqPXtz8Ncjf8bOi7gc6Hj7+NVXsl","XXW8BqPXtz8Ncjf8bOi7gc6Hj7+NVXsl",
"88d4c5cd-bc9c-4931-89a6-8436e9059e78","CPER_008.basePlot.bet","D10","CPER","CPER_008","E","2014-07-17","2014-07-31","2014-08-01","2014-12-04",,"CPER_008.E.20140731","kqngcYlCVJ7SIjW2pt1HwrTqtBgItuMTTFvgHnupFr0=","invert bycatch",,,,,,,,,,"P+EeY8owwbjzXaiaPoIJpc6mcpR6iWBh",
"b70fd78c-e613-4693-9afb-0482869734ce","CPER_008.basePlot.bet","D10","CPER","CPER_008","E","2014-07-17","2014-07-31","2014-08-01","2015-01-22","2015-01-22","CPER_008.E.20140731","kqngcYlCVJ7SIjW2pt1Hwuw7zgo7cR/w+oWVuNhDJzc=","carabid","CRADUB","Cratacanthus dubius","species",,"Palisot de Beauvois",,4,"Other","XXW8BqPXtz8Ncjf8bOi7gc6Hj7+NVXsl","XXW8BqPXtz8Ncjf8bOi7gc6Hj7+NVXsl",
"b30cfe61-8778-4a9c-8ec2-d3b0551b606f","CPER_010.basePlot.bet","D10","CPER","CPER_010","E","2014-07-17","2014-07-31","2014-08-01","2014-12-05",,"CPER_010.E.20140731","DW9ihRbrMtnjbEuSnx1MLnvt6ftwTKDknKlIlAJSpB0=","invert bycatch",,,,,,,,,,"P+EeY8owwbjzXaiaPoIJpc6mcpR6iWBh",
"423971d7-c486-4d16-b7dd-361ebbd44fba","CPER_006.basePlot.bet","D10","CPER","CPER_006","E","2014-07-17","2014-07-31","2014-08-01","2014-12-05","2014-12-05","CPER_006.E.20140731","NHMCrMp+/ZXgClmQYSH5qQaTt5PoxW9sE98FHEVxvJc=","carabid","CICPUN","Cicindela punctulata","species",,"Olivier",,3,"Other","XXW8BqPXtz8Ncjf8bOi7gc6Hj7+NVXsl","XXW8BqPXtz8Ncjf8bOi7gc6Hj7+NVXsl",
"41167d0f-9124-40d8-84b0-839534ddfeda","CPER_009.basePlot.bet","D10","CPER","CPER_009","E","2014-07-17","2014-07-31","2014-08-01","2014-12-05",,"CPER_009.E.20140731","KY+Aed9dLRv1CQurw/uxZBGjHcgBRobKPwhhq5lFR0c=","invert bycatch",,,,,,,,,,"Rjv/PyMx3k4oygLKYkCbuIDsccqDw9So",
"33115c82-0af7-4e48-a19b-98481a20d3d2","CPER_009.basePlot.bet","D10","CPER","CPER_009","E","2014-07-17","2014-07-31","2014-08-01","2015-02-02","2015-02-02","CPER_009.E.20140731","KY+Aed9dLRv1CQurw/uxZMscSRjVMJhgOJqPcVdzB5U=","carabid","CRADUB","Cratacanthus dubius","species",,"Palisot de Beauvois",,8,"Other","XXW8BqPXtz8Ncjf8bOi7gc6Hj7+NVXsl","XXW8BqPXtz8Ncjf8bOi7gc6Hj7+NVXsl",
"59dbe885-5c8c-4f64-b705-ead1f4248b54","CPER_004.basePlot.bet","D10","CPER","CPER_004","E","2014-07-17","2014-07-31","2014-08-01","2014-12-11","2014-12-11","CPER_004.E.20140731","eSCyThC0ZO62uGgw7h9Lj1vjQVAHXCVvWzW1GvvpLsg=","carabid","CRADUB","Cratacanthus dubius","species",,"Palisot de Beauvois",,1,"Other","XXW8BqPXtz8Ncjf8bOi7gc6Hj7+NVXsl","XXW8BqPXtz8Ncjf8bOi7gc6Hj7+NVXsl",
"c4068251-54a5-4cfb-8abe-a618cf750795","CPER_004.basePlot.bet","D10","CPER","CPER_004","E","2014-07-17","2014-07-31","2014-08-01","2014-12-11",,"CPER_004.E.20140731","eSCyThC0ZO62uGgw7h9Lj8pa08tWyDkmVK2oYcbGSS0=","other carabid","CARSP14","Carabidae sp.","family",,"Latreille",,1,"Other",,"XXW8BqPXtz8Ncjf8bOi7gc6Hj7+NVXsl","individualCount estimated based on number of pinning records|"
"b5793d2f-d1e5-464d-a736-8e0a7405b9b2","CPER_003.basePlot.bet","D10","CPER","CPER_003","E","2014-07-17","2014-07-31","2014-08-01","2015-02-02","2015-02-02","CPER_003.E.20140731","omCPNZnkoGTaKCLsNHgAu4zIVP7VpqphUqXpWJeFQvw=","carabid","EURGRO","Euryderus grossus","species",,"Say",,7,"Other","XXW8BqPXtz8Ncjf8bOi7gc6Hj7+NVXsl","XXW8BqPXtz8Ncjf8bOi7gc6Hj7+NVXsl",
"861fdba5-8bb6-48ce-b2e9-25dd93d55c9a","CPER_004.basePlot.bet","D10","CPER","CPER_004","E","2014-07-17","2014-07-31","2014-08-01","2015-01-22","2015-01-22","CPER_004.E.20140731","eSCyThC0ZO62uGgw7h9Lj5LL2dgMsq+ZhlzE50in5Vw=","carabid","PASELO","Pasimachus elongatus","species",,"LeConte",,1,"Other","XXW8BqPXtz8Ncjf8bOi7gc6Hj7+NVXsl","XXW8BqPXtz8Ncjf8bOi7gc6Hj7+NVXsl",
"11b3306f-069c-4ecd-b762-071511423156","CPER_004.basePlot.bet","D10","CPER","CPER_004","E","2014-07-17","2014-07-31","2014-08-01","2014-12-11",,"CPER_004.E.20140731","eSCyThC0ZO62uGgw7h9Lj9q4tkqKon3aeP5b0jP2Cdk=","invert bycatch",,,,,,,,,,"XXW8BqPXtz8Ncjf8bOi7gc6Hj7+NVXsl",
"67f05c0d-c048-4157-b7b7-d42fd417f579","CPER_001.basePlot.bet","D10","CPER","CPER_001","E","2014-07-17","2014-07-31","2014-08-01","2014-12-05",,"CPER_001.E.20140731","BEtTVHT1LvFkg1c1Z4/4qvx0C5X+bcFMCFCNrIa7Czk=","invert bycatch",,,,,,,,,,"XXW8BqPXtz8Ncjf8bOi7gc6Hj7+NVXsl",
"73d7c66f-060b-484f-a88a-f8b3d4f69c36","CPER_003.basePlot.bet","D10","CPER","CPER_003","E","2014-07-17","2014-07-31","2014-08-01","2015-02-02","2015-02-02","CPER_003.E.20140731","omCPNZnkoGTaKCLsNHgAuzYgkD080j/mh5+X5Ta2iFQ=","carabid","PASELO","Pasimachus elongatus","species",,"LeConte",,1,"Other","XXW8BqPXtz8Ncjf8bOi7gc6Hj7+NVXsl","XXW8BqPXtz8Ncjf8bOi7gc6Hj7+NVXsl",
"3751b57f-27a2-4714-8069-134610eee5a5","CPER_003.basePlot.bet","D10","CPER","CPER_003","E","2014-07-17","2014-07-31","2014-08-01","2014-12-11",,"CPER_003.E.20140731","omCPNZnkoGTaKCLsNHgAuzjJBhG/b5/FexIF+bWq1Qk=","other carabid","CARSP14","Carabidae sp.","family",,"Latreille",,4,"Other",,"XXW8BqPXtz8Ncjf8bOi7gc6Hj7+NVXsl","individualCount estimated based on number of pinning records|"
"3b4c6f1b-a5d4-4241-8b72-0295d6eafdd7","CPER_003.basePlot.bet","D10","CPER","CPER_003","E","2014-07-17","2014-07-31","2014-08-01","2014-12-11",,"CPER_003.E.20140731","omCPNZnkoGTaKCLsNHgAu8e+1Evib/p09TcYMG/CS4s=","invert bycatch",,,,,,,,,,"XXW8BqPXtz8Ncjf8bOi7gc6Hj7+NVXsl",
"35c691ba-a799-496b-9067-612565406242","CPER_005.basePlot.bet","D10","CPER","CPER_005","E","2014-07-17","2014-07-31","2014-08-01","2015-01-21","2015-01-21","CPER_005.E.20140731","e1AKewEwvnEdOmnM/0EiBK5+bP7tPqVaQHCXSz/+8tI=","carabid","CRADUB","Cratacanthus dubius","species",,"Palisot de Beauvois",,3,"Other","XXW8BqPXtz8Ncjf8bOi7gc6Hj7+NVXsl","XXW8BqPXtz8Ncjf8bOi7gc6Hj7+NVXsl",
"fbf23bdd-c25d-4af3-b155-414faa1f8dc2","CPER_005.basePlot.bet","D10","CPER","CPER_005","E","2014-07-17","2014-07-31","2014-08-01","2014-12-04",,"CPER_005.E.20140731","e1AKewEwvnEdOmnM/0EiBN4SOuD6Ua+GQPwR39F/Ugk=","other carabid","CARSP14","Carabidae sp.","family",,"Latreille",,7,"Other",,"P+EeY8owwbjzXaiaPoIJpc6mcpR6iWBh","individualCount estimated based on number of pinning records|"
"1d74ba8b-bcd7-41ba-a39f-b34359d6020d","CPER_005.basePlot.bet","D10","CPER","CPER_005","E","2014-07-17","2014-07-31","2014-08-01","2014-12-04",,"CPER_005.E.20140731","e1AKewEwvnEdOmnM/0EiBM2G+DfISlGZSPMBlahbDPg=","invert bycatch",,,,,,,,,,"XXW8BqPXtz8Ncjf8bOi7gc6Hj7+NVXsl",
"ef9bce71-ec24-4155-a962-d87e1298462e","CPER_008.basePlot.bet","D10","CPER","CPER_008","N","2014-07-17","2014-07-31","2014-08-01","2015-01-21","2015-01-21","CPER_008.N.20140731","kqngcYlCVJ7UQJ0eZpRfA9WkL4g59sHzBs/yL1gHG80=","carabid","CRADUB","Cratacanthus dubius","species",,"Palisot de Beauvois",,3,"Other","XXW8BqPXtz8Ncjf8bOi7gc6Hj7+NVXsl","XXW8BqPXtz8Ncjf8bOi7gc6Hj7+NVXsl",
"75f4484b-b063-40d9-9d04-005ab501da2c","CPER_008.basePlot.bet","D10","CPER","CPER_008","N","2014-07-17","2014-07-31","2014-08-01","2014-12-04",,"CPER_008.N.20140731","kqngcYlCVJ7UQJ0eZpRfA08YTBViIYucVucS/QUf7Bw=","invert bycatch",,,,,,,,,,"P+EeY8owwbjzXaiaPoIJpc6mcpR6iWBh",
"b46da87f-d76f-49f8-a63f-86f995a73d53","CPER_002.basePlot.bet","D10","CPER","CPER_002","N","2014-07-17","2014-07-31","2014-08-01","2014-12-04",,"CPER_002.N.20140731","OMNGlFKVPvR1+h5T+crsoJFgmGpu0o2MmFkCUbjYNTA=","invert bycatch",,,,,,,,,,"XXW8BqPXtz8Ncjf8bOi7gc6Hj7+NVXsl",
"299ec61f-ef96-40b1-9112-690cdd43bc18","CPER_002.basePlot.bet","D10","CPER","CPER_002","N","2014-07-17","2014-07-31","2014-08-01","2014-12-04","2014-12-04","CPER_002.N.20140731","OMNGlFKVPvR1+h5T+crsoD8cU+1ocReHJSgl1OmGbKc=","carabid","HARPEN","Harpalus pensylvanicus","species",,"DeGeer",,1,"Other","XXW8BqPXtz8Ncjf8bOi7gc6Hj7+NVXsl","XXW8BqPXtz8Ncjf8bOi7gc6Hj7+NVXsl",
"66cd9c27-af94-4626-9545-3c1eee9948cd","CPER_002.basePlot.bet","D10","CPER","CPER_002","N","2014-07-17","2014-07-31","2014-08-01","2014-12-04",,"CPER_002.N.20140731","OMNGlFKVPvR1+h5T+crsoL2ihaAg3QpmqcPVhyUWGeM=","other carabid","CARSP14","Carabidae sp.","family",,"Latreille",,2,"Other",,"XXW8BqPXtz8Ncjf8bOi7gc6Hj7+NVXsl","individualCount estimated based on number of pinning records|"
"dec2805c-24e0-4b97-8f1f-b877d6492db0","CPER_008.basePlot.bet","D10","CPER","CPER_008","N","2014-07-17","2014-07-31","2014-08-01","2014-12-04",,"CPER_008.N.20140731","kqngcYlCVJ7UQJ0eZpRfAx4wtJQBXuAIMiJVeEJ1cEA=","other carabid","CARSP14","Carabidae sp.","family",,"Latreille",,1,"Other",,"P+EeY8owwbjzXaiaPoIJpc6mcpR6iWBh","individualCount estimated based on number of pinning records|"
"f257947a-3b1c-4dd0-81a2-528365a67909","CPER_010.basePlot.bet","D10","CPER","CPER_010","N","2014-07-17","2014-07-31","2014-08-01","2014-12-05",,"CPER_010.N.20140731","DW9ihRbrMtmvPobIO2M1gSPxGhGguat4ZL2Un1adHNM=","invert bycatch",,,,,,,,,,"XXW8BqPXtz8Ncjf8bOi7gc6Hj7+NVXsl",
"cb92a068-0ce3-486c-b8e5-e7118c008d1c","CPER_002.basePlot.bet","D10","CPER","CPER_002","N","2014-07-17","2014-07-31","2014-08-01","2014-12-04","2014-12-04","CPER_002.N.20140731","OMNGlFKVPvR1+h5T+crsoLBdgY/VbSbSWzQ/9HBoLU4=","carabid","CRADUB","Cratacanthus dubius","species",,"Palisot de Beauvois",,2,"Other","XXW8BqPXtz8Ncjf8bOi7gc6Hj7+NVXsl","XXW8BqPXtz8Ncjf8bOi7gc6Hj7+NVXsl",
"bf974d1e-3f30-4c51-b8e8-4fe4b26b653b","CPER_006.basePlot.bet","D10","CPER","CPER_006","N","2014-07-17","2014-07-31","2014-08-01","2014-12-04","2014-12-04","CPER_006.N.20140731","NHMCrMp+/ZWP5DIVL5LEXu0uq8SLGE3fsNqJ7FOPtYw=","carabid","HARCAL","Harpalus caliginosus","species",,"Fabricius",,1,"Other","XXW8BqPXtz8Ncjf8bOi7gc6Hj7+NVXsl","XXW8BqPXtz8Ncjf8bOi7gc6Hj7+NVXsl",
"4a58cb05-e7f7-4ec3-a8fa-c42ef7a12bec","CPER_006.basePlot.bet","D10","CPER","CPER_006","N","2014-07-17","2014-07-31","2014-08-01","2014-12-05",,"CPER_006.N.20140731","NHMCrMp+/ZWP5DIVL5LEXtEPzKWqeEM7tBcGG39mvx8=","other carabid","CARSP14","Carabidae sp.","family",,"Latreille",,2,"Other",,"XXW8BqPXtz8Ncjf8bOi7gc6Hj7+NVXsl","individualCount estimated based on number of pinning records|"
"9c277c2c-92d6-4098-b868-1413cb61575c","CPER_006.basePlot.bet","D10","CPER","CPER_006","N","2014-07-17","2014-07-31","2014-08-01","2014-12-04",,"CPER_006.N.20140731","NHMCrMp+/ZWP5DIVL5LEXq16lTusmv1K5Z8A0MTY360=","invert bycatch",,,,,,,,,,"XXW8BqPXtz8Ncjf8bOi7gc6Hj7+NVXsl",
"e90a8622-6543-4ffe-a5c8-2dfc179632a5","CPER_009.basePlot.bet","D10","CPER","CPER_009","N","2014-07-17","2014-07-31","2014-08-01","2014-12-05",,"CPER_009.N.20140731","KY+Aed9dLRtCtcuOrBDKdLTp3KN8jczdNlK8vvhtcGU=","invert bycatch",,,,,,,,,,"Rjv/PyMx3k4oygLKYkCbuIDsccqDw9So",
"c940ace7-e31e-41fb-ba49-74b24955a3a4","CPER_007.basePlot.bet","D10","CPER","CPER_007","N","2014-07-17","2014-07-31","2014-08-01","2014-12-11",,"CPER_007.N.20140731","SOIi55Lib0Lgf8+qL4KYgYiaX1ZV+pmWH6AsEwu0UK4=","other carabid","CARSP14","Carabidae sp.","family",,"Latreille",,1,"Other",,"XXW8BqPXtz8Ncjf8bOi7gc6Hj7+NVXsl","individualCount estimated based on number of pinning records|"
"379d3cec-a897-4678-926f-637b4fe4c12f","CPER_007.basePlot.bet","D10","CPER","CPER_007","N","2014-07-17","2014-07-31","2014-08-01","2014-12-11",,"CPER_007.N.20140731","SOIi55Lib0Lgf8+qL4KYgbzHhi9Vs1lNYe2dDjmCPWI=","invert bycatch",,,,,,,,,,"XXW8BqPXtz8Ncjf8bOi7gc6Hj7+NVXsl",
"023eaf07-9430-40b6-b41f-aa3123fc18ad","CPER_006.basePlot.bet","D10","CPER","CPER_006","N","2014-07-17","2014-07-31","2014-08-01","2015-01-21","2015-01-21","CPER_006.N.20140731","NHMCrMp+/ZWP5DIVL5LEXitwJI4f2rDZB+rsuk6rwU8=","carabid","CRADUB","Cratacanthus dubius","species",,"Palisot de Beauvois",,3,"Other","XXW8BqPXtz8Ncjf8bOi7gc6Hj7+NVXsl","XXW8BqPXtz8Ncjf8bOi7gc6Hj7+NVXsl",
"db727032-8c8c-4587-8e9e-dae739677d75","CPER_007.basePlot.bet","D10","CPER","CPER_007","N","2014-07-17","2014-07-31","2014-08-01","2015-01-22","2015-01-22","CPER_007.N.20140731","SOIi55Lib0Lgf8+qL4KYgWtaGPgpryTYOhAbWCKtZck=","carabid","EURGRO","Euryderus grossus","species",,"Say",,2,"Other","XXW8BqPXtz8Ncjf8bOi7gc6Hj7+NVXsl","XXW8BqPXtz8Ncjf8bOi7gc6Hj7+NVXsl",
"fdaeb305-2df3-4a1b-aba8-4337ae3378d9","CPER_004.basePlot.bet","D10","CPER","CPER_004","N","2014-07-17","2014-07-31","2014-08-01","2015-01-22","2015-01-22","CPER_004.N.20140731","eSCyThC0ZO6/gL3oeh/jddrsuBETmM16HXZhk1nw1JQ=","carabid","EURGRO","Euryderus grossus","species",,"Say",,7,"Other","XXW8BqPXtz8Ncjf8bOi7gc6Hj7+NVXsl","XXW8BqPXtz8Ncjf8bOi7gc6Hj7+NVXsl",
"e6b15e2e-a98d-4587-9531-3f268c709849","CPER_004.basePlot.bet","D10","CPER","CPER_004","N","2014-07-17","2014-07-31","2014-08-01","2014-12-11",,"CPER_004.N.20140731","eSCyThC0ZO6/gL3oeh/jdYLiHPGBM1gG94ZQs6ZEkmo=","other carabid","CARSP14","Carabidae sp.","family",,"Latreille",,1,"Other",,"XXW8BqPXtz8Ncjf8bOi7gc6Hj7+NVXsl","individualCount estimated based on number of pinning records|"
"ebde3fc3-1750-4fb4-898e-37f905b80983","CPER_007.basePlot.bet","D10","CPER","CPER_007","N","2014-07-17","2014-07-31","2014-08-01","2014-12-11","2014-12-11","CPER_007.N.20140731","SOIi55Lib0Lgf8+qL4KYgYBAXcz5RKccenCb2eUgsrA=","carabid","CRADUB","Cratacanthus dubius","species",,"Palisot de Beauvois",,1,"Other","XXW8BqPXtz8Ncjf8bOi7gc6Hj7+NVXsl","XXW8BqPXtz8Ncjf8bOi7gc6Hj7+NVXsl",
"220a7665-0f96-4f4d-8a01-ad3cd2164754","CPER_007.basePlot.bet","D10","CPER","CPER_007","N","2014-07-17","2014-07-31","2014-08-01","2015-01-22","2015-01-22","CPER_007.N.20140731","SOIi55Lib0Lgf8+qL4KYgRRcmvxxCV/boA6xvLqupcU=","carabid","PASELO","Pasimachus elongatus","species",,"LeConte",,1,"Other","XXW8BqPXtz8Ncjf8bOi7gc6Hj7+NVXsl","XXW8BqPXtz8Ncjf8bOi7gc6Hj7+NVXsl",
"528130a7-dc91-4a80-844c-fa2d99edacbc","CPER_003.basePlot.bet","D10","CPER","CPER_003","N","2014-07-17","2014-07-31","2014-08-01","2015-02-02","2015-02-02","CPER_003.N.20140731","omCPNZnkoGTjQ8CJytgwHLqUDNhH+1UyOmOlFTZ6n+I=","carabid","CRADUB","Cratacanthus dubius","species",,"Palisot de Beauvois",,1,"Other","XXW8BqPXtz8Ncjf8bOi7gc6Hj7+NVXsl","XXW8BqPXtz8Ncjf8bOi7gc6Hj7+NVXsl",
"e6926055-5dd9-4043-9baa-25897a31ae18","CPER_003.basePlot.bet","D10","CPER","CPER_003","N","2014-07-17","2014-07-31","2014-08-01","2015-02-02","2015-02-02","CPER_003.N.20140731","omCPNZnkoGTjQ8CJytgwHOITxK9MFDwoFxmWp7Kk+48=","carabid","EURGRO","Euryderus grossus","species",,"Say",,3,"Other","XXW8BqPXtz8Ncjf8bOi7gc6Hj7+NVXsl","XXW8BqPXtz8Ncjf8bOi7gc6Hj7+NVXsl",
"b64c84b3-4e36-4451-a561-9b3e762fdb02","CPER_004.basePlot.bet","D10","CPER","CPER_004","N","2014-07-17","2014-07-31","2014-08-01","2014-12-11",,"CPER_004.N.20140731","eSCyThC0ZO6/gL3oeh/jdX8cIVUvphRx6kgK04Y2gXA=","invert bycatch",,,,,,,,,,"XXW8BqPXtz8Ncjf8bOi7gc6Hj7+NVXsl",
"77a8baa2-e6f7-47d6-98c6-72fe03b494f1","CPER_004.basePlot.bet","D10","CPER","CPER_004","N","2014-07-17","2014-07-31","2014-08-01","2015-01-22","2015-01-22","CPER_004.N.20140731","eSCyThC0ZO6/gL3oeh/jdR0Guw5B6dLlHe6KwS+2ugw=","carabid","PASELO","Pasimachus elongatus","species",,"LeConte",,2,"Other","XXW8BqPXtz8Ncjf8bOi7gc6Hj7+NVXsl","XXW8BqPXtz8Ncjf8bOi7gc6Hj7+NVXsl",
"a416000c-5ee8-4d55-a72a-1bd9f46dc5d2","CPER_005.basePlot.bet","D10","CPER","CPER_005","N","2014-07-17","2014-07-31","2014-08-01","2014-12-04",,"CPER_005.N.20140731","e1AKewEwvnF4Ya5Ai7V+ym4gQe+dNrYA2UhKouT7iwI=","invert bycatch",,,,,,,,,,"P+EeY8owwbjzXaiaPoIJpc6mcpR6iWBh",
"8be0b74d-c54e-4577-ab2c-0ff8b3545ce6","CPER_001.basePlot.bet","D10","CPER","CPER_001","N","2014-07-17","2014-07-31","2014-08-01","2014-12-05",,"CPER_001.N.20140731","BEtTVHT1LvHnFWMS2udrh50lh/VtIrcOavxtbLKqXL0=","invert bycatch",,,,,,,,,,"XXW8BqPXtz8Ncjf8bOi7gc6Hj7+NVXsl",
"db8d0f35-1aa8-45a1-b5c7-17e808c05800","CPER_003.basePlot.bet","D10","CPER","CPER_003","N","2014-07-17","2014-07-31","2014-08-01","2014-12-05",,"CPER_003.N.20140731","omCPNZnkoGTjQ8CJytgwHKcCVUXC+Gme0PSrSN0r1zc=","invert bycatch",,,,,,,,,,"XXW8BqPXtz8Ncjf8bOi7gc6Hj7+NVXsl",
"84f329c2-a248-4da0-999b-2975d4b1c05d","CPER_003.basePlot.bet","D10","CPER","CPER_003","N","2014-07-17","2014-07-31","2014-08-01","2014-12-05",,"CPER_003.N.20140731","omCPNZnkoGTjQ8CJytgwHDBonbB/66yOqVi3aWrfBgI=","other carabid","CARSP14","Carabidae sp.","family",,"Latreille",,1,"Other",,"XXW8BqPXtz8Ncjf8bOi7gc6Hj7+NVXsl","individualCount estimated based on number of pinning records|"
"24068e83-fe4b-4995-86ee-4cc3c74154de","CPER_010.basePlot.bet","D10","CPER","CPER_010","S","2014-07-17","2014-07-31","2014-08-01","2014-12-05",,"CPER_010.S.20140731","DW9ihRbrMtkqOzfzZ9WBZORXp+6Em5PJIaB49RoGurU=","invert bycatch",,,,,,,,,,"XXW8BqPXtz8Ncjf8bOi7gc6Hj7+NVXsl",
"19488f11-487e-4d73-9483-9c199fbc174b","CPER_002.basePlot.bet","D10","CPER","CPER_002","S","2014-07-17","2014-07-31","2014-08-01","2014-12-04","2014-12-04","CPER_002.S.20140731","OMNGlFKVPvQd5cuG1wLFDr+Jb9cSYJ0m9CMMmiUsTdI=","carabid","CRADUB","Cratacanthus dubius","species",,"Palisot de Beauvois",,2,"Other","XXW8BqPXtz8Ncjf8bOi7gc6Hj7+NVXsl","XXW8BqPXtz8Ncjf8bOi7gc6Hj7+NVXsl",
"9ff2b043-728f-4272-bbd9-fee507e3c757","CPER_002.basePlot.bet","D10","CPER","CPER_002","S","2014-07-17","2014-07-31","2014-08-01","2014-12-04",,"CPER_002.S.20140731","OMNGlFKVPvQd5cuG1wLFDp5HY4q8NBnnkCEzK+rz0tI=","invert bycatch",,,,,,,,,,"XXW8BqPXtz8Ncjf8bOi7gc6Hj7+NVXsl",
"da933642-9a13-4d22-b371-2a59fa67c5b1","CPER_006.basePlot.bet","D10","CPER","CPER_006","S","2014-07-17","2014-07-31","2014-08-01","2015-01-21","2015-01-21","CPER_006.S.20140731","NHMCrMp+/ZUObB+6kNurxgKHwrQws2r4k8zsvSsCtXs=","carabid","CRADUB","Cratacanthus dubius","species",,"Palisot de Beauvois",,2,"Other","XXW8BqPXtz8Ncjf8bOi7gc6Hj7+NVXsl","XXW8BqPXtz8Ncjf8bOi7gc6Hj7+NVXsl",
"9b9d0adf-a2ce-4ad5-a98a-0e020a8a1bea","CPER_009.basePlot.bet","D10","CPER","CPER_009","S","2014-07-17","2014-07-31","2014-08-01","2014-12-05",,"CPER_009.S.20140731","KY+Aed9dLRtbt1LqtEPM3IODtucvYW2JYwqwXwCYynw=","invert bycatch",,,,,,,,,,"Rjv/PyMx3k4oygLKYkCbuIDsccqDw9So",
"cebc9496-b00f-4d53-8f7f-718b6d072bc3","CPER_008.basePlot.bet","D10","CPER","CPER_008","S","2014-07-17","2014-07-31","2014-08-01","2014-12-04",,"CPER_008.S.20140731","kqngcYlCVJ5/yy0K5Rwrln6VFTodOXMsNDqXGNJZnfs=","invert bycatch",,,,,,,,,,"P+EeY8owwbjzXaiaPoIJpc6mcpR6iWBh",
"f77c1d0c-89fe-498d-9cfa-15fc41eb62ac","CPER_008.basePlot.bet","D10","CPER","CPER_008","S","2014-07-17","2014-07-31","2014-08-01","2015-01-22","2015-01-22","CPER_008.S.20140731","kqngcYlCVJ5/yy0K5RwrlggPOAVua8NzE83TsYju8Nw=","carabid","CRADUB","Cratacanthus dubius","species",,"Palisot de Beauvois",,1,"Other","XXW8BqPXtz8Ncjf8bOi7gc6Hj7+NVXsl","XXW8BqPXtz8Ncjf8bOi7gc6Hj7+NVXsl",
