uid,namedLocation,domainID,siteID,plotID,setDate,collectDate,identifiedDate,individualID,taxonID,kingdom,phylum,class,order,family,subfamily,tribe,genus,subgenus,specificEpithet,infraspecificEpithet,scientificName,scientificNameAuthorship,taxonRank,identificationQualifier,sex,morphospeciesID,identificationReferences,identifiedBy,laboratoryName,identificationRemarks,sampleCondition,dnaBarcoded,geneticSampleID,remarks
"d9abe22c-7ba7-4dc3-a527-0760db5ac065","ONAQ_010.basePlot.bet","D15","ONAQ","ONAQ_010","2014-08-14","2014-09-03","2017-01-15","NEON.BET.D15.000112","CYMARI","Animalia","Arthropoda","Insecta","Coleoptera","Carabidae","Harpalinae","Lebiini","Cymindis","Cymindis","arizonensis",,"Cymindis arizonensis","Schaeffer","species",,"F",,"Lindroth, C. H. 1969. The ground-beetles (Carabidae, excl. Cicindelinae) of Canada and Alaska, parts 1-6. Opuscula E. Entomoligiska Sallskapet.","Kipling Will","Essig Museum of Entomology",,"No known compromise","N",,
"84e6d884-a826-49b5-9fb4-68fc3cf6a0e3","ONAQ_012.basePlot.bet","D15","ONAQ","ONAQ_012","2014-08-14","2014-09-03","2017-01-15","NEON.BET.D15.000218","CYMARI","Animalia","Arthropoda","Insecta","Coleoptera","Carabidae","Harpalinae","Lebiini","Cymindis","Cymindis","arizonensis",,"Cymindis arizonensis","Schaeffer","species",,"M",,"Lindroth, C. H. 1969. The ground-beetles (Carabidae, excl. Cicindelinae) of Canada and Alaska, parts 1-6. Opuscula E. Entomoligiska Sallskapet.","Kipling Will","Essig Museum of Entomology",,"No known compromise","N",,
"7632d1f3-1d61-479a-ba76-4402a1382940","ONAQ_010.basePlot.bet","D15","ONAQ","ONAQ_010","2014-08-14","2014-09-03","2017-01-15","NEON.BET.D15.000109","CYMARI","Animalia","Arthropoda","Insecta","Coleoptera","Carabidae","Harpalinae","Lebiini","Cymindis","Cymindis","arizonensis",,"Cymindis arizonensis","Schaeffer","species",,"M",,"Lindroth, C. H. 1969. The ground-beetles (Carabidae, excl. Cicindelinae) of Canada and Alaska, parts 1-6. Opuscula E. Entomoligiska Sallskapet.","Kipling Will","Essig Museum of Entomology",,"No known compromise","N",,
"7ca69a76-4cf7-48d6-aa85-9001427c61bb","ONAQ_010.basePlot.bet","D15","ONAQ","ONAQ_010","2014-08-14","2014-09-03","2017-01-15","NEON.BET.D15.000111","CYMARI","Animalia","Arthropoda","Insecta","Coleoptera","Carabidae","Harpalinae","Lebiini","Cymindis","Cymindis","arizonensis",,"Cymindis arizonensis","Schaeffer","species",,"F",,"Lindroth, C. H. 1969. The ground-beetles (Carabidae, excl. Cicindelinae) of Canada and Alaska, parts 1-6. Opuscula E. Entomoligiska Sallskapet.","Kipling Will","Essig Museum of Entomology",,"No known compromise","N",,
"32c1216c-86bc-4781-88a7-fc2865a18b7b","ONAQ_010.basePlot.bet","D15","ONAQ","ONAQ_010","2014-08-14","2014-09-03","2017-01-15","NEON.BET.D15.000110","CYMARI","Animalia","Arthropoda","Insecta","Coleoptera","Carabidae","Harpalinae","Lebiini","Cymindis","Cymindis","arizonensis",,"Cymindis arizonensis","Schaeffer","species",,"F",,"Lindroth, C. H. 1969. The ground-beetles (Carabidae, excl. Cicindelinae) of Canada and Alaska, parts 1-6. Opuscula E. Entomoligiska Sallskapet.","Kipling Will","Essig Museum of Entomology",,"No known compromise","N",,
"3bc1b46d-57d8-4878-8776-703b7af198c5","ONAQ_010.basePlot.bet","D15","ONAQ","ONAQ_010","2014-08-14","2014-09-03","2017-01-15","NEON.BET.D15.000114","CYMARI","Animalia","Arthropoda","Insecta","Coleoptera","Carabidae","Harpalinae","Lebiini","Cymindis","Cymindis","arizonensis",,"Cymindis arizonensis","Schaeffer","species",,"M",,"Lindroth, C. H. 1969. The ground-beetles (Carabidae, excl. Cicindelinae) of Canada and Alaska, parts 1-6. Opuscula E. Entomoligiska Sallskapet.","Kipling Will","Essig Museum of Entomology",,"No known compromise","N",,
"be4c22a6-c456-438f-9bc0-a5b19e77d5dd","ONAQ_010.basePlot.bet","D15","ONAQ","ONAQ_010","2014-08-14","2014-09-03","2017-01-15","NEON.BET.D15.000103","AMAQUE","Animalia","Arthropoda","Insecta","Coleoptera","Carabidae","Harpalinae","Zabrini","Amara","Paracelia","quenseli","quenseli","Amara quenseli quenseli","Schonherr","subspecies",,"M",,"Lindroth, C. H. 1969. The ground-beetles (Carabidae, excl. Cicindelinae) of Canada and Alaska, parts 1-6. Opuscula E. Entomoligiska Sallskapet.","Kipling Will","Essig Museum of Entomology",,"No known compromise","N",,
"23f13601-1326-42af-9c0c-5a30b2b2a3c6","ONAQ_010.basePlot.bet","D15","ONAQ","ONAQ_010","2014-08-14","2014-09-03","2017-01-15","NEON.BET.D15.000115","CYMARI","Animalia","Arthropoda","Insecta","Coleoptera","Carabidae","Harpalinae","Lebiini","Cymindis","Cymindis","arizonensis",,"Cymindis arizonensis","Schaeffer","species",,"M",,"Lindroth, C. H. 1969. The ground-beetles (Carabidae, excl. Cicindelinae) of Canada and Alaska, parts 1-6. Opuscula E. Entomoligiska Sallskapet.","Kipling Will","Essig Museum of Entomology",,"No known compromise","N",,
"1cf56b26-3353-4c09-b0b6-e9bbf19d4579","ONAQ_010.basePlot.bet","D15","ONAQ","ONAQ_010","2014-08-14","2014-09-03","2017-01-15","NEON.BET.D15.000116","CYMARI","Animalia","Arthropoda","Insecta","Coleoptera","Carabidae","Harpalinae","Lebiini","Cymindis","Cymindis","arizonensis",,"Cymindis arizonensis","Schaeffer","species",,"M",,"Lindroth, C. H. 1969. The ground-beetles (Carabidae, excl. Cicindelinae) of Canada and Alaska, parts 1-6. Opuscula E. Entomoligiska Sallskapet.","Kipling Will","Essig Museum of Entomology",,"No known compromise","N",,
"45e03010-01eb-4f62-9d8e-263ac6afaaab","ONAQ_006.basePlot.bet","D15","ONAQ","ONAQ_006","2014-08-14","2014-09-03","2017-01-15","NEON.BET.D15.000200","CYMARI","Animalia","Arthropoda","Insecta","Coleoptera","Carabidae","Harpalinae","Lebiini","Cymindis","Cymindis","arizonensis",,"Cymindis arizonensis","Schaeffer","species",,"F",,"Lindroth, C. H. 1969. The ground-beetles (Carabidae, excl. Cicindelinae) of Canada and Alaska, parts 1-6. Opuscula E. Entomoligiska Sallskapet.","Kipling Will","Essig Museum of Entomology",,"No known compromise","N",,
"9605aea3-5b80-4856-996a-6a353904d2b4","ONAQ_006.basePlot.bet","D15","ONAQ","ONAQ_006","2014-08-14","2014-09-03","2017-01-15","NEON.BET.D15.000194","CYMARI","Animalia","Arthropoda","Insecta","Coleoptera","Carabidae","Harpalinae","Lebiini","Cymindis","Cymindis","arizonensis",,"Cymindis arizonensis","Schaeffer","species",,"M",,"Lindroth, C. H. 1969. The ground-beetles (Carabidae, excl. Cicindelinae) of Canada and Alaska, parts 1-6. Opuscula E. Entomoligiska Sallskapet.","Kipling Will","Essig Museum of Entomology",,"No known compromise","N",,
"5a8491b9-f416-430b-b76d-9be80bb75dc0","ONAQ_006.basePlot.bet","D15","ONAQ","ONAQ_006","2014-08-14","2014-09-03","2017-01-15","NEON.BET.D15.000197","CYMARI","Animalia","Arthropoda","Insecta","Coleoptera","Carabidae","Harpalinae","Lebiini","Cymindis","Cymindis","arizonensis",,"Cymindis arizonensis","Schaeffer","species",,"F",,"Lindroth, C. H. 1969. The ground-beetles (Carabidae, excl. Cicindelinae) of Canada and Alaska, parts 1-6. Opuscula E. Entomoligiska Sallskapet.","Kipling Will","Essig Museum of Entomology",,"No known compromise","N",,
"e19bb2b1-f68d-4544-8ece-27c999e35643","ONAQ_006.basePlot.bet","D15","ONAQ","ONAQ_006","2014-08-14","2014-09-03","2017-01-15","NEON.BET.D15.000196","CYMARI","Animalia","Arthropoda","Insecta","Coleoptera","Carabidae","Harpalinae","Lebiini","Cymindis","Cymindis","arizonensis",,"Cymindis arizonensis","Schaeffer","species",,"F",,"Lindroth, C. H. 1969. The ground-beetles (Carabidae, excl. Cicindelinae) of Canada and Alaska, parts 1-6. Opuscula E. Entomoligiska Sallskapet.","Kipling Will","Essig Museum of Entomology",,"No known compromise","N",,
"be62a973-4156-49ba-addc-ef43a5c2fcb0","ONAQ_009.basePlot.bet","D15","ONAQ","ONAQ_009","2014-08-14","2014-09-03","2017-01-15","NEON.BET.D15.000198","CYMARI","Animalia","Arthropoda","Insecta","Coleoptera","Carabidae","Harpalinae","Lebiini","Cymindis","Cymindis","arizonensis",,"Cymindis arizonensis","Schaeffer","species",,"F",,"Lindroth, C. H. 1969. The ground-beetles (Carabidae, excl. Cicindelinae) of Canada and Alaska, parts 1-6. Opuscula E. Entomoligiska Sallskapet.","Kipling Will","Essig Museum of Entomology",,"No known compromise","N",,
"0f87c84a-a05e-4f58-b926-ee2ff3593492","ONAQ_009.basePlot.bet","D15","ONAQ","ONAQ_009","2014-08-14","2014-09-03","2017-01-15","NEON.BET.D15.000204","AMAQUE","Animalia","Arthropoda","Insecta","Coleoptera","Carabidae","Harpalinae","Zabrini","Amara","Paracelia","quenseli","quenseli","Amara quenseli quenseli","Schonherr","subspecies",,"F",,"Lindroth, C. H. 1969. The ground-beetles (Carabidae, excl. Cicindelinae) of Canada and Alaska, parts 1-6. Opuscula E. Entomoligiska Sallskapet.","Kipling Will","Essig Museum of Entomology",,"No known compromise","N",,
"132b405c-2983-48eb-afc7-a40de57e7c37","ONAQ_009.basePlot.bet","D15","ONAQ","ONAQ_009","2014-08-14","2014-09-03","2017-01-15","NEON.BET.D15.000203","CYMARI","Animalia","Arthropoda","Insecta","Coleoptera","Carabidae","Harpalinae","Lebiini","Cymindis","Cymindis","arizonensis",,"Cymindis arizonensis","Schaeffer","species",,"M",,"Lindroth, C. H. 1969. The ground-beetles (Carabidae, excl. Cicindelinae) of Canada and Alaska, parts 1-6. Opuscula E. Entomoligiska Sallskapet.","Kipling Will","Essig Museum of Entomology",,"No known compromise","N",,
"3c14cbc0-4755-4bfc-ab22-b7ceb533bce7","ONAQ_009.basePlot.bet","D15","ONAQ","ONAQ_009","2014-08-14","2014-09-03","2017-01-15","NEON.BET.D15.000208","AMAQUE","Animalia","Arthropoda","Insecta","Coleoptera","Carabidae","Harpalinae","Zabrini","Amara","Paracelia","quenseli","quenseli","Amara quenseli quenseli","Schonherr","subspecies",,"M",,"Lindroth, C. H. 1969. The ground-beetles (Carabidae, excl. Cicindelinae) of Canada and Alaska, parts 1-6. Opuscula E. Entomoligiska Sallskapet.","Kipling Will","Essig Museum of Entomology",,"No known compromise","N",,
"1be723d3-413c-4e79-b371-df3a64f750b4","ONAQ_009.basePlot.bet","D15","ONAQ","ONAQ_009","2014-08-14","2014-09-03","2017-01-15","NEON.BET.D15.000209","CYMARI","Animalia","Arthropoda","Insecta","Coleoptera","Carabidae","Harpalinae","Lebiini","Cymindis","Cymindis","arizonensis",,"Cymindis arizonensis","Schaeffer","species",,"F",,"Lindroth, C. H. 1969. The ground-beetles (Carabidae, excl. Cicindelinae) of Canada and Alaska, parts 1-6. Opuscula E. Entomoligiska Sallskapet.","Kipling Will","Essig Museum of Entomology",,"No known compromise","N",,
"5beb8827-4778-4e89-9870-8bc0445959c2","ONAQ_009.basePlot.bet","D15","ONAQ","ONAQ_009","2014-08-14","2014-09-03","2017-01-15","NEON.BET.D15.000206","CYMARI","Animalia","Arthropoda","Insecta","Coleoptera","Carabidae","Harpalinae","Lebiini","Cymindis","Cymindis","arizonensis",,"Cymindis arizonensis","Schaeffer","species",,"F",,"Lindroth, C. H. 1969. The ground-beetles (Carabidae, excl. Cicindelinae) of Canada and Alaska, parts 1-6. Opuscula E. Entomoligiska Sallskapet.","Kipling Will","Essig Museum of Entomology",,"No known compromise","N",,
"bce02ad7-5bde-41a1-b2d3-1959538808b3","ONAQ_009.basePlot.bet","D15","ONAQ","ONAQ_009","2014-08-14","2014-09-03","2017-01-15","NEON.BET.D15.000205","AMAQUE","Animalia","Arthropoda","Insecta","Coleoptera","Carabidae","Harpalinae","Zabrini","Amara","Paracelia","quenseli","quenseli","Amara quenseli quenseli","Schonherr","subspecies",,"F",,"Lindroth, C. H. 1969. The ground-beetles (Carabidae, excl. Cicindelinae) of Canada and Alaska, parts 1-6. Opuscula E. Entomoligiska Sallskapet.","Kipling Will","Essig Museum of Entomology",,"No known compromise","N",,
"33736540-e270-4892-85dc-f4e120cd77fa","ONAQ_009.basePlot.bet","D15","ONAQ","ONAQ_009","2014-08-14","2014-09-03","2017-01-15","NEON.BET.D15.000199","AMAQUE","Animalia","Arthropoda","Insecta","Coleoptera","Carabidae","Harpalinae","Zabrini","Amara","Paracelia","quenseli","quenseli","Amara quenseli quenseli","Schonherr","subspecies",,"F",,"Lindroth, C. H. 1969. The ground-beetles (Carabidae, excl. Cicindelinae) of Canada and Alaska, parts 1-6. Opuscula E. Entomoligiska Sallskapet.","Kipling Will","Essig Museum of Entomology",,"No known compromise","N",,
"c1e3398f-79f1-475e-bd76-83ce7ad96b31","ONAQ_004.basePlot.bet","D15","ONAQ","ONAQ_004","2014-08-14","2014-09-03","2017-01-15","NEON.BET.D15.000192","AMAQUE","Animalia","Arthropoda","Insecta","Coleoptera","Carabidae","Harpalinae","Zabrini","Amara","Paracelia","quenseli","quenseli","Amara quenseli quenseli","Schonherr","subspecies",,"M",,"Lindroth, C. H. 1969. The ground-beetles (Carabidae, excl. Cicindelinae) of Canada and Alaska, parts 1-6. Opuscula E. Entomoligiska Sallskapet.","Kipling Will","Essig Museum of Entomology",,"No known compromise","N",,
"af684c59-bae5-459f-933e-4a9fbf277d8e","ONAQ_004.basePlot.bet","D15","ONAQ","ONAQ_004","2014-08-14","2014-09-03","2017-01-15","NEON.BET.D15.000191","CYMARI","Animalia","Arthropoda","Insecta","Coleoptera","Carabidae","Harpalinae","Lebiini","Cymindis","Cymindis","arizonensis",,"Cymindis arizonensis","Schaeffer","species",,"M",,"Lindroth, C. H. 1969. The ground-beetles (Carabidae, excl. Cicindelinae) of Canada and Alaska, parts 1-6. Opuscula E. Entomoligiska Sallskapet.","Kipling Will","Essig Museum of Entomology",,"No known compromise","N",,
"a202e372-8005-4292-a87a-f419f399268b","ONAQ_004.basePlot.bet","D15","ONAQ","ONAQ_004","2014-08-14","2014-09-03","2017-01-15","NEON.BET.D15.000184","CYMARI","Animalia","Arthropoda","Insecta","Coleoptera","Carabidae","Harpalinae","Lebiini","Cymindis","Cymindis","arizonensis",,"Cymindis arizonensis","Schaeffer","species",,"F",,"Lindroth, C. H. 1969. The ground-beetles (Carabidae, excl. Cicindelinae) of Canada and Alaska, parts 1-6. Opuscula E. Entomoligiska Sallskapet.","Kipling Will","Essig Museum of Entomology",,"No known compromise","N",,
"243beca2-c7c1-433e-b652-01edf5b27321","ONAQ_004.basePlot.bet","D15","ONAQ","ONAQ_004","2014-08-14","2014-09-03","2017-01-15","NEON.BET.D15.000188","AMAQUE","Animalia","Arthropoda","Insecta","Coleoptera","Carabidae","Harpalinae","Zabrini","Amara","Paracelia","quenseli","quenseli","Amara quenseli quenseli","Schonherr","subspecies",,"M",,"Lindroth, C. H. 1969. The ground-beetles (Carabidae, excl. Cicindelinae) of Canada and Alaska, parts 1-6. Opuscula E. Entomoligiska Sallskapet.","Kipling Will","Essig Museum of Entomology",,"No known compromise","N",,
"729118d2-61ca-470e-8da3-44649b81abd8","ONAQ_004.basePlot.bet","D15","ONAQ","ONAQ_004","2014-08-14","2014-09-03","2017-01-15","NEON.BET.D15.000190","AMAQUE","Animalia","Arthropoda","Insecta","Coleoptera","Carabidae","Harpalinae","Zabrini","Amara","Paracelia","quenseli","quenseli","Amara quenseli quenseli","Schonherr","subspecies",,"F",,"Lindroth, C. H. 1969. The ground-beetles (Carabidae, excl. Cicindelinae) of Canada and Alaska, parts 1-6. Opuscula E. Entomoligiska Sallskapet.","Kipling Will","Essig Museum of Entomology",,"No known compromise","N",,
"f2c0c14c-aebb-4f10-9984-ba1d9bdd8cb2","ONAQ_004.basePlot.bet","D15","ONAQ","ONAQ_004","2014-08-14","2014-09-03","2017-01-15","NEON.BET.D15.000185","AMAQUE","Animalia","Arthropoda","Insecta","Coleoptera","Carabidae","Harpalinae","Zabrini","Amara","Paracelia","quenseli","quenseli","Amara quenseli quenseli","Schonherr","subspecies",,"F",,"Lindroth, C. H. 1969. The ground-beetles (Carabidae, excl. Cicindelinae) of Canada and Alaska, parts 1-6. Opuscula E. Entomoligiska Sallskapet.","Kipling Will","Essig Museum of Entomology",,"No known compromise","N",,
"2a7eb3dd-38db-4ccc-9d6d-4199c5fb4aa6","ONAQ_004.basePlot.bet","D15","ONAQ","ONAQ_004","2014-08-14","2014-09-03","2017-01-15","NEON.BET.D15.000187","CYMARI","Animalia","Arthropoda","Insecta","Coleoptera","Carabidae","Harpalinae","Lebiini","Cymindis","Cymindis","arizonensis",,"Cymindis arizonensis","Schaeffer","species",,"M",,"Lindroth, C. H. 1969. The ground-beetles (Carabidae, excl. Cicindelinae) of Canada and Alaska, parts 1-6. Opuscula E. Entomoligiska Sallskapet.","Kipling Will","Essig Museum of Entomology",,"No known compromise","N",,
"a3d644c9-ae1c-4123-99ec-1c8d5856888e","ONAQ_004.basePlot.bet","D15","ONAQ","ONAQ_004","2014-08-14","2014-09-03","2017-01-15","NEON.BET.D15.000189","CYMARI","Animalia","Arthropoda","Insecta","Coleoptera","Carabidae","Harpalinae","Lebiini","Cymindis","Cymindis","arizonensis",,"Cymindis arizonensis","Schaeffer","species",,"F",,"Lindroth, C. H. 1969. The ground-beetles (Carabidae, excl. Cicindelinae) of Canada and Alaska, parts 1-6. Opuscula E. Entomoligiska Sallskapet.","Kipling Will","Essig Museum of Entomology",,"No known compromise","N",,
"93da3583-5eef-48d7-91c3-b87a1164598c","ONAQ_010.basePlot.bet","D15","ONAQ","ONAQ_010","2014-08-14","2014-09-03","2017-01-15","NEON.BET.D15.000213","CYMARI","Animalia","Arthropoda","Insecta","Coleoptera","Carabidae","Harpalinae","Lebiini","Cymindis","Cymindis","arizonensis",,"Cymindis arizonensis","Schaeffer","species",,"F",,"Lindroth, C. H. 1969. The ground-beetles (Carabidae, excl. Cicindelinae) of Canada and Alaska, parts 1-6. Opuscula E. Entomoligiska Sallskapet.","Kipling Will","Essig Museum of Entomology",,"No known compromise","N",,
"00de77d6-7d63-4042-a5fc-fa06fea6b65b","ONAQ_010.basePlot.bet","D15","ONAQ","ONAQ_010","2014-08-14","2014-09-03","2017-01-15","NEON.BET.D15.000212","CYMARI","Animalia","Arthropoda","Insecta","Coleoptera","Carabidae","Harpalinae","Lebiini","Cymindis","Cymindis","arizonensis",,"Cymindis arizonensis","Schaeffer","species",,"F",,"Lindroth, C. H. 1969. The ground-beetles (Carabidae, excl. Cicindelinae) of Canada and Alaska, parts 1-6. Opuscula E. Entomoligiska Sallskapet.","Kipling Will","Essig Museum of Entomology",,"No known compromise","N",,
"bf9d25ed-7340-4484-be15-93b85bfb2b87","ONAQ_010.basePlot.bet","D15","ONAQ","ONAQ_010","2014-08-14","2014-09-03","2017-01-15","NEON.BET.D15.000211","CYMARI","Animalia","Arthropoda","Insecta","Coleoptera","Carabidae","Harpalinae","Lebiini","Cymindis","Cymindis","arizonensis",,"Cymindis arizonensis","Schaeffer","species",,"F",,"Lindroth, C. H. 1969. The ground-beetles (Carabidae, excl. Cicindelinae) of Canada and Alaska, parts 1-6. Opuscula E. Entomoligiska Sallskapet.","Kipling Will","Essig Museum of Entomology",,"No known compromise","N",,
"64e7b5b3-3097-46a6-a332-0bce2b224c76","ONAQ_010.basePlot.bet","D15","ONAQ","ONAQ_010","2014-08-14","2014-09-03","2017-01-15","NEON.BET.D15.000214","CYMARI","Animalia","Arthropoda","Insecta","Coleoptera","Carabidae","Harpalinae","Lebiini","Cymindis","Cymindis","arizonensis",,"Cymindis arizonensis","Schaeffer","species",,"F",,"Lindroth, C. H. 1969. The ground-beetles (Carabidae, excl. Cicindelinae) of Canada and Alaska, parts 1-6. Opuscula E. Entomoligiska Sallskapet.","Kipling Will","Essig Museum of Entomology",,"No known compromise","N",,
"e8e44234-def6-4d7b-951f-c2ab95bb8cae","ONAQ_012.basePlot.bet","D15","ONAQ","ONAQ_012","2014-08-14","2014-09-03","2017-01-15","NEON.BET.D15.000216","AMAQUE","Animalia","Arthropoda","Insecta","Coleoptera","Carabidae","Harpalinae","Zabrini","Amara","Paracelia","quenseli","quenseli","Amara quenseli quenseli","Schonherr","subspecies",,"M",,"Lindroth, C. H. 1969. The ground-beetles (Carabidae, excl. Cicindelinae) of Canada and Alaska, parts 1-6. Opuscula E. Entomoligiska Sallskapet.","Kipling Will","Essig Museum of Entomology",,"No known compromise","N",,
"c12a47bd-520a-4a16-afc1-cdf9d083ebd3","ONAQ_012.basePlot.bet","D15","ONAQ","ONAQ_012","2014-08-14","2014-09-03","2017-01-15","NEON.BET.D15.000215","CYMARI","Animalia","Arthropoda","Insecta","Coleoptera","Carabidae","Harpalinae","Lebiini","Cymindis","Cymindis","arizonensis",,"Cymindis arizonensis","Schaeffer","species",,"M",,"Lindroth, C. H. 1969. The ground-beetles (Carabidae, excl. Cicindelinae) of Canada and Alaska, parts 1-6. Opuscula E. Entomoligiska Sallskapet.","Kipling Will","Essig Museum of Entomology",,"No known compromise","N",,
"14867830-445b-41a0-97b3-8915088a4bd5","ONAQ_012.basePlot.bet","D15","ONAQ","ONAQ_012","2014-08-14","2014-09-03","2017-01-15","NEON.BET.D15.000217","CYMARI","Animalia","Arthropoda","Insecta","Coleoptera","Carabidae","Harpalinae","Lebiini","Cymindis","Cymindis","arizonensis",,"Cymindis arizonensis","Schaeffer","species",,"M",,"Lindroth, C. H. 1969. The ground-beetles (Carabidae, excl. Cicindelinae) of Canada and Alaska, parts 1-6. Opuscula E. Entomoligiska Sallskapet.","Kipling Will","Essig Museum of Entomology",,"No known compromise","N",,
"92cd4dce-4960-45fb-8d33-a6c069a8ca9d","ONAQ_010.basePlot.bet","D15","ONAQ","ONAQ_010","2014-08-14","2014-09-03","2017-01-15","NEON.BET.D15.000113","CYMARI","Animalia","Arthropoda","Insecta","Coleoptera","Carabidae","Harpalinae","Lebiini","Cymindis","Cymindis","arizonensis",,"Cymindis arizonensis","Schaeffer","species",,"F",,"Lindroth, C. H. 1969. The ground-beetles (Carabidae, excl. Cicindelinae) of Canada and Alaska, parts 1-6. Opuscula E. Entomoligiska Sallskapet.","Kipling Will","Essig Museum of Entomology",,"No known compromise","N",,
"c4db5e4c-414f-4df2-b97c-cb504b1adad9","ONAQ_002.basePlot.bet","D15","ONAQ","ONAQ_002","2014-09-03","2014-09-11","2017-01-15","NEON.BET.D15.000048","AMAQUE","Animalia","Arthropoda","Insecta","Coleoptera","Carabidae","Harpalinae","Zabrini","Amara","Paracelia","quenseli","quenseli","Amara quenseli quenseli","Schonherr","subspecies",,"F",,"Lindroth, C. H. 1969. The ground-beetles (Carabidae, excl. Cicindelinae) of Canada and Alaska, parts 1-6. Opuscula E. Entomoligiska Sallskapet.","Kipling Will","Essig Museum of Entomology",,"No known compromise","N",,
"59f25010-6317-4f32-93aa-aa47d842bd76","ONAQ_002.basePlot.bet","D15","ONAQ","ONAQ_002","2014-09-03","2014-09-11","2017-01-15","NEON.BET.D15.000045","AMAQUE","Animalia","Arthropoda","Insecta","Coleoptera","Carabidae","Harpalinae","Zabrini","Amara","Paracelia","quenseli","quenseli","Amara quenseli quenseli","Schonherr","subspecies",,"F",,"Lindroth, C. H. 1969. The ground-beetles (Carabidae, excl. Cicindelinae) of Canada and Alaska, parts 1-6. Opuscula E. Entomoligiska Sallskapet.","Kipling Will","Essig Museum of Entomology",,"No known compromise","N",,
"8e562c17-d343-4af0-847c-ddbbc7833373","ONAQ_002.basePlot.bet","D15","ONAQ","ONAQ_002","2014-09-03","2014-09-11","2017-01-15","NEON.BET.D15.000053","AMAQUE","Animalia","Arthropoda","Insecta","Coleoptera","Carabidae","Harpalinae","Zabrini","Amara","Paracelia","quenseli","quenseli","Amara quenseli quenseli","Schonherr","subspecies",,"F",,"Lindroth, C. H. 1969. The ground-beetles (Carabidae, excl. Cicindelinae) of Canada and Alaska, parts 1-6. Opuscula E. Entomoligiska Sallskapet.","Kipling Will","Essig Museum of Entomology",,"No known compromise","N",,
"279e665a-c55a-483b-8a8c-4a23772dc95b","ONAQ_002.basePlot.bet","D15","ONAQ","ONAQ_002","2014-09-03","2014-09-11","2017-01-15","NEON.BET.D15.000054","AMAQUE","Animalia","Arthropoda","Insecta","Coleoptera","Carabidae","Harpalinae","Zabrini","Amara","Paracelia","quenseli","quenseli","Amara quenseli quenseli","Schonherr","subspecies",,"F",,"Lindroth, C. H. 1969. The ground-beetles (Carabidae, excl. Cicindelinae) of Canada and Alaska, parts 1-6. Opuscula E. Entomoligiska Sallskapet.","Kipling Will","Essig Museum of Entomology",,"No known compromise","N",,
"bbd4bf50-cfbf-4400-8bbb-41e9d69bdebe","ONAQ_002.basePlot.bet","D15","ONAQ","ONAQ_002","2014-09-03","2014-09-11","2017-01-15","NEON.BET.D15.000049","AMAQUE","Animalia","Arthropoda","Insecta","Coleoptera","Carabidae","Harpalinae","Zabrini","Amara","Paracelia","quenseli","quenseli","Amara quenseli quenseli","Schonherr","subspecies",,"F",,"Lindroth, C. H. 1969. The ground-beetles (Carabidae, excl. Cicindelinae) of Canada and Alaska, parts 1-6. Opuscula E. Entomoligiska Sallskapet.","Kipling Will","Essig Museum of Entomology",,"No known compromise","N",,
"94dfd22c-4a48-4a6b-ac5c-f636a8bd9cb4","ONAQ_002.basePlot.bet","D15","ONAQ","ONAQ_002","2014-09-03","2014-09-11","2017-01-15","NEON.BET.D15.000026","CYMARI","Animalia","Arthropoda","Insecta","Coleoptera","Carabidae","Harpalinae","Lebiini","Cymindis","Cymindis","arizonensis",,"Cymindis arizonensis","Schaeffer","species",,"F",,"Lindroth, C. H. 1969. The ground-beetles (Carabidae, excl. Cicindelinae) of Canada and Alaska, parts 1-6. Opuscula E. Entomoligiska Sallskapet.","Kipling Will","Essig Museum of Entomology",,"No known compromise","N",,
"3dd7e94e-7b05-495e-bfe3-342e595a5b71","ONAQ_002.basePlot.bet","D15","ONAQ","ONAQ_002","2014-09-03","2014-09-11","2017-01-15","NEON.BET.D15.000044","AMAQUE","Animalia","Arthropoda","Insecta","Coleoptera","Carabidae","Harpalinae","Zabrini","Amara","Paracelia","quenseli","quenseli","Amara quenseli quenseli","Schonherr","subspecies",,"F",,"Lindroth, C. H. 1969. The ground-beetles (Carabidae, excl. Cicindelinae) of Canada and Alaska, parts 1-6. Opuscula E. Entomoligiska Sallskapet.","Kipling Will","Essig Museum of Entomology",,"No known compromise","N",,
"368ac2de-5288-4823-a2bf-a129e953900e","ONAQ_002.basePlot.bet","D15","ONAQ","ONAQ_002","2014-09-03","2014-09-11","2017-01-15","NEON.BET.D15.000050","AMAQUE","Animalia","Arthropoda","Insecta","Coleoptera","Carabidae","Harpalinae","Zabrini","Amara","Paracelia","quenseli","quenseli","Amara quenseli quenseli","Schonherr","subspecies",,"F",,"Lindroth, C. H. 1969. The ground-beetles (Carabidae, excl. Cicindelinae) of Canada and Alaska, parts 1-6. Opuscula E. Entomoligiska Sallskapet.","Kipling Will","Essig Museum of Entomology",,"No known compromise","N",,
"449ed075-4834-4393-a83f-d5ff697857ec","ONAQ_002.basePlot.bet","D15","ONAQ","ONAQ_002","2014-09-03","2014-09-11","2017-01-15","NEON.BET.D15.000027","CYMARI","Animalia","Arthropoda","Insecta","Coleoptera","Carabidae","Harpalinae","Lebiini","Cymindis","Cymindis","arizonensis",,"Cymindis arizonensis","Schaeffer","species",,"F",,"Lindroth, C. H. 1969. The ground-beetles (Carabidae, excl. Cicindelinae) of Canada and Alaska, parts 1-6. Opuscula E. Entomoligiska Sallskapet.","Kipling Will","Essig Museum of Entomology",,"No known compromise","N",,
"3b3dfc1d-ba85-4682-a532-150453e4fe41","ONAQ_002.basePlot.bet","D15","ONAQ","ONAQ_002","2014-09-03","2014-09-11","2017-01-15","NEON.BET.D15.000025","CYMARI","Animalia","Arthropoda","Insecta","Coleoptera","Carabidae","Harpalinae","Lebiini","Cymindis","Cymindis","arizonensis",,"Cymindis arizonensis","Schaeffer","species",,"F",,"Lindroth, C. H. 1969. The ground-beetles (Carabidae, excl. Cicindelinae) of Canada and Alaska, parts 1-6. Opuscula E. Entomoligiska Sallskapet.","Kipling Will","Essig Museum of Entomology",,"No known compromise","N",,
"b8065e13-f79e-4a5a-a261-3b5417bad238","ONAQ_002.basePlot.bet","D15","ONAQ","ONAQ_002","2014-09-03","2014-09-11","2017-01-15","NEON.BET.D15.000023","CYMARI","Animalia","Arthropoda","Insecta","Coleoptera","Carabidae","Harpalinae","Lebiini","Cymindis","Cymindis","arizonensis",,"Cymindis arizonensis","Schaeffer","species",,"F",,"Lindroth, C. H. 1969. The ground-beetles (Carabidae, excl. Cicindelinae) of Canada and Alaska, parts 1-6. Opuscula E. Entomoligiska Sallskapet.","Kipling Will","Essig Museum of Entomology",,"No known compromise","N",,
"03bb5735-b8d8-49f3-82d3-cb460d10f361","ONAQ_002.basePlot.bet","D15","ONAQ","ONAQ_002","2014-09-03","2014-09-11","2017-01-15","NEON.BET.D15.000046","AMAQUE","Animalia","Arthropoda","Insecta","Coleoptera","Carabidae","Harpalinae","Zabrini","Amara","Paracelia","quenseli","quenseli","Amara quenseli quenseli","Schonherr","subspecies",,"F",,"Lindroth, C. H. 1969. The ground-beetles (Carabidae, excl. Cicindelinae) of Canada and Alaska, parts 1-6. Opuscula E. Entomoligiska Sallskapet.","Kipling Will","Essig Museum of Entomology",,"No known compromise","N",,
"7efa78bb-1b61-4157-b7c8-2c446565e778","ONAQ_010.basePlot.bet","D15","ONAQ","ONAQ_010","2014-09-03","2014-09-11","2017-01-15","NEON.BET.D15.000100","AMAQUE","Animalia","Arthropoda","Insecta","Coleoptera","Carabidae","Harpalinae","Zabrini","Amara","Paracelia","quenseli","quenseli","Amara quenseli quenseli","Schonherr","subspecies",,"F",,"Lindroth, C. H. 1969. The ground-beetles (Carabidae, excl. Cicindelinae) of Canada and Alaska, parts 1-6. Opuscula E. Entomoligiska Sallskapet.","Kipling Will","Essig Museum of Entomology",,"No known compromise","N",,
"0e3d13ef-cec1-4b26-b8bd-75a231a0547e","ONAQ_010.basePlot.bet","D15","ONAQ","ONAQ_010","2014-09-03","2014-09-11","2017-01-15","NEON.BET.D15.000101","AMAQUE","Animalia","Arthropoda","Insecta","Coleoptera","Carabidae","Harpalinae","Zabrini","Amara","Paracelia","quenseli","quenseli","Amara quenseli quenseli","Schonherr","subspecies",,"M",,"Lindroth, C. H. 1969. The ground-beetles (Carabidae, excl. Cicindelinae) of Canada and Alaska, parts 1-6. Opuscula E. Entomoligiska Sallskapet.","Kipling Will","Essig Museum of Entomology",,"No known compromise","N",,
"e3019214-7482-4909-badd-dffff95c24af","ONAQ_012.basePlot.bet","D15","ONAQ","ONAQ_012","2014-09-03","2014-09-11","2017-01-15","NEON.BET.D15.000151","CYMARI","Animalia","Arthropoda","Insecta","Coleoptera","Carabidae","Harpalinae","Lebiini","Cymindis","Cymindis","arizonensis",,"Cymindis arizonensis","Schaeffer","species",,"M",,"Lindroth, C. H. 1969. The ground-beetles (Carabidae, excl. Cicindelinae) of Canada and Alaska, parts 1-6. Opuscula E. Entomoligiska Sallskapet.","Kipling Will","Essig Museum of Entomology",,"No known compromise","N",,
"843ba4e6-f06b-4f73-8102-22c864d7f85d","ONAQ_012.basePlot.bet","D15","ONAQ","ONAQ_012","2014-09-03","2014-09-11","2017-01-15","NEON.BET.D15.000148","CYMARI","Animalia","Arthropoda","Insecta","Coleoptera","Carabidae","Harpalinae","Lebiini","Cymindis","Cymindis","arizonensis",,"Cymindis arizonensis","Schaeffer","species",,"F",,"Lindroth, C. H. 1969. The ground-beetles (Carabidae, excl. Cicindelinae) of Canada and Alaska, parts 1-6. Opuscula E. Entomoligiska Sallskapet.","Kipling Will","Essig Museum of Entomology",,"No known compromise","N",,
"b566db9b-d2af-4210-b44e-754597906511","ONAQ_012.basePlot.bet","D15","ONAQ","ONAQ_012","2014-09-03","2014-09-11","2017-01-15","NEON.BET.D15.000161","AMAQUE","Animalia","Arthropoda","Insecta","Coleoptera","Carabidae","Harpalinae","Zabrini","Amara","Paracelia","quenseli","quenseli","Amara quenseli quenseli","Schonherr","subspecies",,"F",,"Lindroth, C. H. 1969. The ground-beetles (Carabidae, excl. Cicindelinae) of Canada and Alaska, parts 1-6. Opuscula E. Entomoligiska Sallskapet.","Kipling Will","Essig Museum of Entomology",,"No known compromise","N",,
"894bf33b-7d78-4a19-b36b-0ca6dc00268e","ONAQ_012.basePlot.bet","D15","ONAQ","ONAQ_012","2014-09-03","2014-09-11","2017-01-15","NEON.BET.D15.000150","CYMARI","Animalia","Arthropoda","Insecta","Coleoptera","Carabidae","Harpalinae","Lebiini","Cymindis","Cymindis","arizonensis",,"Cymindis arizonensis","Schaeffer","species",,"F",,"Lindroth, C. H. 1969. The ground-beetles (Carabidae, excl. Cicindelinae) of Canada and Alaska, parts 1-6. Opuscula E. Entomoligiska Sallskapet.","Kipling Will","Essig Museum of Entomology",,"No known compromise","N",,
"ce3485b4-1d7a-4cd5-8bff-091e43a93a32","ONAQ_012.basePlot.bet","D15","ONAQ","ONAQ_012","2014-09-03","2014-09-11","2017-01-15","NEON.BET.D15.000137","CYMARI","Animalia","Arthropoda","Insecta","Coleoptera","Carabidae","Harpalinae","Lebiini","Cymindis","Cymindis","arizonensis",,"Cymindis arizonensis","Schaeffer","species",,"M",,"Lindroth, C. H. 1969. The ground-beetles (Carabidae, excl. Cicindelinae) of Canada and Alaska, parts 1-6. Opuscula E. Entomoligiska Sallskapet.","Kipling Will","Essig Museum of Entomology",,"No known compromise","N",,
"452ba3f0-6cf0-4b01-a71e-0b07416af30e","ONAQ_012.basePlot.bet","D15","ONAQ","ONAQ_012","2014-09-03","2014-09-11","2017-01-15","NEON.BET.D15.000149","CYMARI","Animalia","Arthropoda","Insecta","Coleoptera","Carabidae","Harpalinae","Lebiini","Cymindis","Cymindis","arizonensis",,"Cymindis arizonensis","Schaeffer","species",,"F",,"Lindroth, C. H. 1969. The ground-beetles (Carabidae, excl. Cicindelinae) of Canada and Alaska, parts 1-6. Opuscula E. Entomoligiska Sallskapet.","Kipling Will","Essig Museum of Entomology",,"No known compromise","N",,
"9f451b45-f93c-49b4-b0e7-1d9085486c9e","ONAQ_008.basePlot.bet","D15","ONAQ","ONAQ_008","2014-09-03","2014-09-11","2017-01-15","NEON.BET.D15.000240","CYMARI","Animalia","Arthropoda","Insecta","Coleoptera","Carabidae","Harpalinae","Lebiini","Cymindis","Cymindis","arizonensis",,"Cymindis arizonensis","Schaeffer","species",,"F",,"Lindroth, C. H. 1969. The ground-beetles (Carabidae, excl. Cicindelinae) of Canada and Alaska, parts 1-6. Opuscula E. Entomoligiska Sallskapet.","Kipling Will","Essig Museum of Entomology",,"No known compromise","N",,
"9d575204-8120-450c-8fc8-da3135c4943a","ONAQ_008.basePlot.bet","D15","ONAQ","ONAQ_008","2014-09-03","2014-09-11","2017-01-15","NEON.BET.D15.000239","CYMARI","Animalia","Arthropoda","Insecta","Coleoptera","Carabidae","Harpalinae","Lebiini","Cymindis","Cymindis","arizonensis",,"Cymindis arizonensis","Schaeffer","species",,"M",,"Lindroth, C. H. 1969. The ground-beetles (Carabidae, excl. Cicindelinae) of Canada and Alaska, parts 1-6. Opuscula E. Entomoligiska Sallskapet.","Kipling Will","Essig Museum of Entomology",,"No known compromise","N",,
"796bb9e0-d615-4448-8f10-e6c890f866c0","ONAQ_010.basePlot.bet","D15","ONAQ","ONAQ_010","2014-09-03","2014-09-11","2017-01-15","NEON.BET.D15.000244","CYMARI","Animalia","Arthropoda","Insecta","Coleoptera","Carabidae","Harpalinae","Lebiini","Cymindis","Cymindis","arizonensis",,"Cymindis arizonensis","Schaeffer","species",,"M",,"Lindroth, C. H. 1969. The ground-beetles (Carabidae, excl. Cicindelinae) of Canada and Alaska, parts 1-6. Opuscula E. Entomoligiska Sallskapet.","Kipling Will","Essig Museum of Entomology",,"No known compromise","N",,
"7b9f45f4-439a-4204-a1b1-8c84c4724c59","ONAQ_010.basePlot.bet","D15","ONAQ","ONAQ_010","2014-09-03","2014-09-11","2017-01-15","NEON.BET.D15.000243","CYMARI","Animalia","Arthropoda","Insecta","Coleoptera","Carabidae","Harpalinae","Lebiini","Cymindis","Cymindis","arizonensis",,"Cymindis arizonensis","Schaeffer","species",,"F",,"Lindroth, C. H. 1969. The ground-beetles (Carabidae, excl. Cicindelinae) of Canada and Alaska, parts 1-6. Opuscula E. Entomoligiska Sallskapet.","Kipling Will","Essig Museum of Entomology",,"No known compromise","N",,
"2cb2d8aa-58cb-42d4-a368-1cfbdec587bb","ONAQ_004.basePlot.bet","D15","ONAQ","ONAQ_004","2014-09-03","2014-09-11","2017-01-15","NEON.BET.D15.000227","CYMARI","Animalia","Arthropoda","Insecta","Coleoptera","Carabidae","Harpalinae","Lebiini","Cymindis","Cymindis","arizonensis",,"Cymindis arizonensis","Schaeffer","species",,"F",,"Lindroth, C. H. 1969. The ground-beetles (Carabidae, excl. Cicindelinae) of Canada and Alaska, parts 1-6. Opuscula E. Entomoligiska Sallskapet.","Kipling Will","Essig Museum of Entomology",,"No known compromise","N",,
"d345949f-45b5-483f-9390-d572bf4fc9e7","ONAQ_004.basePlot.bet","D15","ONAQ","ONAQ_004","2014-09-03","2014-09-11","2017-01-15","NEON.BET.D15.000224","CYMARI","Animalia","Arthropoda","Insecta","Coleoptera","Carabidae","Harpalinae","Lebiini","Cymindis","Cymindis","arizonensis",,"Cymindis arizonensis","Schaeffer","species",,"F",,"Lindroth, C. H. 1969. The ground-beetles (Carabidae, excl. Cicindelinae) of Canada and Alaska, parts 1-6. Opuscula E. Entomoligiska Sallskapet.","Kipling Will","Essig Museum of Entomology",,"No known compromise","N",,
"ea381502-7362-401f-8f59-e55fff286029","ONAQ_004.basePlot.bet","D15","ONAQ","ONAQ_004","2014-09-03","2014-09-11","2017-01-15","NEON.BET.D15.000225","AMAQUE","Animalia","Arthropoda","Insecta","Coleoptera","Carabidae","Harpalinae","Zabrini","Amara","Paracelia","quenseli","quenseli","Amara quenseli quenseli","Schonherr","subspecies",,"F",,"Lindroth, C. H. 1969. The ground-beetles (Carabidae, excl. Cicindelinae) of Canada and Alaska, parts 1-6. Opuscula E. Entomoligiska Sallskapet.","Kipling Will","Essig Museum of Entomology",,"No known compromise","N",,
"6e87f61e-a519-4563-ab3e-980142eac981","ONAQ_004.basePlot.bet","D15","ONAQ","ONAQ_004","2014-09-03","2014-09-11","2017-01-15","NEON.BET.D15.000229","AMAQUE","Animalia","Arthropoda","Insecta","Coleoptera","Carabidae","Harpalinae","Zabrini","Amara","Paracelia","quenseli","quenseli","Amara quenseli quenseli","Schonherr","subspecies",,"F",,"Lindroth, C. H. 1969. The ground-beetles (Carabidae, excl. Cicindelinae) of Canada and Alaska, parts 1-6. Opuscula E. Entomoligiska Sallskapet.","Kipling Will","Essig Museum of Entomology",,"No known compromise","N",,
"a4907681-a16c-4b72-af3f-3c2fc59329a2","ONAQ_004.basePlot.bet","D15","ONAQ","ONAQ_004","2014-09-03","2014-09-11","2017-01-15","NEON.BET.D15.000226","AMAQUE","Animalia","Arthropoda","Insecta","Coleoptera","Carabidae","Harpalinae","Zabrini","Amara","Paracelia","quenseli","quenseli","Amara quenseli quenseli","Schonherr","subspecies",,"F",,"Lindroth, C. H. 1969. The ground-beetles (Carabidae, excl. Cicindelinae) of Canada and Alaska, parts 1-6. Opuscula E. Entomoligiska Sallskapet.","Kipling Will","Essig Museum of Entomology",,"No known compromise","N",,
"1b4e0473-26a0-4ebf-adc4-c92945218d90","ONAQ_004.basePlot.bet","D15","ONAQ","ONAQ_004","2014-09-03","2014-09-11","2017-01-15","NEON.BET.D15.000231","CYMARI","Animalia","Arthropoda","Insecta","Coleoptera","Carabidae","Harpalinae","Lebiini","Cymindis","Cymindis","arizonensis",,"Cymindis arizonensis","Schaeffer","species",,"F",,"Lindroth, C. H. 1969. The ground-beetles (Carabidae, excl. Cicindelinae) of Canada and Alaska, parts 1-6. Opuscula E. Entomoligiska Sallskapet.","Kipling Will","Essig Museum of Entomology",,"No known compromise","N",,
"ce63ddd9-804c-478f-bc90-05854c7d803d","ONAQ_006.basePlot.bet","D15","ONAQ","ONAQ_006","2014-09-03","2014-09-11","2017-01-15","NEON.BET.D15.000236","CYMARI","Animalia","Arthropoda","Insecta","Coleoptera","Carabidae","Harpalinae","Lebiini","Cymindis","Cymindis","arizonensis",,"Cymindis arizonensis","Schaeffer","species",,"M",,"Lindroth, C. H. 1969. The ground-beetles (Carabidae, excl. Cicindelinae) of Canada and Alaska, parts 1-6. Opuscula E. Entomoligiska Sallskapet.","Kipling Will","Essig Museum of Entomology",,"No known compromise","N",,
"8b2a797c-fb9b-4c57-8d09-ac5debe35ea0","ONAQ_004.basePlot.bet","D15","ONAQ","ONAQ_004","2014-09-03","2014-09-11","2017-01-15","NEON.BET.D15.000230","AMAQUE","Animalia","Arthropoda","Insecta","Coleoptera","Carabidae","Harpalinae","Zabrini","Amara","Paracelia","quenseli","quenseli","Amara quenseli quenseli","Schonherr","subspecies",,"F",,"Lindroth, C. H. 1969. The ground-beetles (Carabidae, excl. Cicindelinae) of Canada and Alaska, parts 1-6. Opuscula E. Entomoligiska Sallskapet.","Kipling Will","Essig Museum of Entomology",,"No known compromise","N",,
"9210133c-241f-4ad1-8e46-b66499c0f756","ONAQ_010.basePlot.bet","D15","ONAQ","ONAQ_010","2014-09-03","2014-09-11","2017-01-15","NEON.BET.D15.000246","CYMARI","Animalia","Arthropoda","Insecta","Coleoptera","Carabidae","Harpalinae","Lebiini","Cymindis","Cymindis","arizonensis",,"Cymindis arizonensis","Schaeffer","species",,"M",,"Lindroth, C. H. 1969. The ground-beetles (Carabidae, excl. Cicindelinae) of Canada and Alaska, parts 1-6. Opuscula E. Entomoligiska Sallskapet.","Kipling Will","Essig Museum of Entomology",,"No known compromise","N",,
"5df4c507-b637-4f85-9c30-bb7d4bd014be","ONAQ_010.basePlot.bet","D15","ONAQ","ONAQ_010","2014-09-03","2014-09-11","2017-01-15","NEON.BET.D15.000245","CYMARI","Animalia","Arthropoda","Insecta","Coleoptera","Carabidae","Harpalinae","Lebiini","Cymindis","Cymindis","arizonensis",,"Cymindis arizonensis","Schaeffer","species",,"F",,"Lindroth, C. H. 1969. The ground-beetles (Carabidae, excl. Cicindelinae) of Canada and Alaska, parts 1-6. Opuscula E. Entomoligiska Sallskapet.","Kipling Will","Essig Museum of Entomology",,"No known compromise","N",,
"b7d0763a-4cd8-495a-a35b-cb483601e130","ONAQ_012.basePlot.bet","D15","ONAQ","ONAQ_012","2014-09-03","2014-09-11","2017-01-15","NEON.BET.D15.000124","CYMARI","Animalia","Arthropoda","Insecta","Coleoptera","Carabidae","Harpalinae","Lebiini","Cymindis","Cymindis","arizonensis",,"Cymindis arizonensis","Schaeffer","species",,"F",,"Lindroth, C. H. 1969. The ground-beetles (Carabidae, excl. Cicindelinae) of Canada and Alaska, parts 1-6. Opuscula E. Entomoligiska Sallskapet.","Kipling Will","Essig Museum of Entomology",,"No known compromise","N",,
"4fb6bd9a-fbf6-4387-915b-8eca9d3a9597","ONAQ_012.basePlot.bet","D15","ONAQ","ONAQ_012","2014-09-03","2014-09-11","2017-01-15","NEON.BET.D15.000135","CYMARI","Animalia","Arthropoda","Insecta","Coleoptera","Carabidae","Harpalinae","Lebiini","Cymindis","Cymindis","arizonensis",,"Cymindis arizonensis","Schaeffer","species",,"F",,"Lindroth, C. H. 1969. The ground-beetles (Carabidae, excl. Cicindelinae) of Canada and Alaska, parts 1-6. Opuscula E. Entomoligiska Sallskapet.","Kipling Will","Essig Museum of Entomology",,"No known compromise","N",,
"df4ecaac-1295-4d9c-8c32-86e4ebf1298e","ONAQ_012.basePlot.bet","D15","ONAQ","ONAQ_012","2014-09-03","2014-09-11","2017-01-15","NEON.BET.D15.000134","CYMARI","Animalia","Arthropoda","Insecta","Coleoptera","Carabidae","Harpalinae","Lebiini","Cymindis","Cymindis","arizonensis",,"Cymindis arizonensis","Schaeffer","species",,"F",,"Lindroth, C. H. 1969. The ground-beetles (Carabidae, excl. Cicindelinae) of Canada and Alaska, parts 1-6. Opuscula E. Entomoligiska Sallskapet.","Kipling Will","Essig Museum of Entomology",,"No known compromise","N",,
"6c619d79-b4a0-444a-b145-25e6e347e467","ONAQ_012.basePlot.bet","D15","ONAQ","ONAQ_012","2014-09-03","2014-09-11","2017-01-15","NEON.BET.D15.000126","CYMARI","Animalia","Arthropoda","Insecta","Coleoptera","Carabidae","Harpalinae","Lebiini","Cymindis","Cymindis","arizonensis",,"Cymindis arizonensis","Schaeffer","species",,"F",,"Lindroth, C. H. 1969. The ground-beetles (Carabidae, excl. Cicindelinae) of Canada and Alaska, parts 1-6. Opuscula E. Entomoligiska Sallskapet.","Kipling Will","Essig Museum of Entomology",,"No known compromise","N",,
"3c646a16-e247-4f96-81a2-2e34a217f472","ONAQ_012.basePlot.bet","D15","ONAQ","ONAQ_012","2014-09-03","2014-09-11","2017-01-15","NEON.BET.D15.000132","CYMARI","Animalia","Arthropoda","Insecta","Coleoptera","Carabidae","Harpalinae","Lebiini","Cymindis","Cymindis","arizonensis",,"Cymindis arizonensis","Schaeffer","species",,"M",,"Lindroth, C. H. 1969. The ground-beetles (Carabidae, excl. Cicindelinae) of Canada and Alaska, parts 1-6. Opuscula E. Entomoligiska Sallskapet.","Kipling Will","Essig Museum of Entomology",,"No known compromise","N",,
"bbc08584-ac73-4201-af1c-83c64553fe43","ONAQ_012.basePlot.bet","D15","ONAQ","ONAQ_012","2014-09-03","2014-09-11","2017-01-15","NEON.BET.D15.000131","CYMARI","Animalia","Arthropoda","Insecta","Coleoptera","Carabidae","Harpalinae","Lebiini","Cymindis","Cymindis","arizonensis",,"Cymindis arizonensis","Schaeffer","species",,"F",,"Lindroth, C. H. 1969. The ground-beetles (Carabidae, excl. Cicindelinae) of Canada and Alaska, parts 1-6. Opuscula E. Entomoligiska Sallskapet.","Kipling Will","Essig Museum of Entomology",,"No known compromise","N",,
"20b54990-ff24-42dd-97b5-d0f84773693f","ONAQ_012.basePlot.bet","D15","ONAQ","ONAQ_012","2014-09-03","2014-09-11","2017-01-15","NEON.BET.D15.000128","CYMARI","Animalia","Arthropoda","Insecta","Coleoptera","Carabidae","Harpalinae","Lebiini","Cymindis","Cymindis","arizonensis",,"Cymindis arizonensis","Schaeffer","species",,"F",,"Lindroth, C. H. 1969. The ground-beetles (Carabidae, excl. Cicindelinae) of Canada and Alaska, parts 1-6. Opuscula E. Entomoligiska Sallskapet.","Kipling Will","Essig Museum of Entomology",,"No known compromise","N",,
"53167d70-ee72-4bf8-936b-ec442d847464","ONAQ_012.basePlot.bet","D15","ONAQ","ONAQ_012","2014-09-03","2014-09-11","2017-01-15","NEON.BET.D15.000125","CYMARI","Animalia","Arthropoda","Insecta","Coleoptera","Carabidae","Harpalinae","Lebiini","Cymindis","Cymindis","arizonensis",,"Cymindis arizonensis","Schaeffer","species",,"M",,"Lindroth, C. H. 1969. The ground-beetles (Carabidae, excl. Cicindelinae) of Canada and Alaska, parts 1-6. Opuscula E. Entomoligiska Sallskapet.","Kipling Will","Essig Museum of Entomology",,"No known compromise","N",,
"f5999bc9-555d-43d6-bd0d-88fc0c04af9e","ONAQ_012.basePlot.bet","D15","ONAQ","ONAQ_012","2014-09-03","2014-09-11","2017-01-15","NEON.BET.D15.000136","CYMARI","Animalia","Arthropoda","Insecta","Coleoptera","Carabidae","Harpalinae","Lebiini","Cymindis","Cymindis","arizonensis",,"Cymindis arizonensis","Schaeffer","species",,"M",,"Lindroth, C. H. 1969. The ground-beetles (Carabidae, excl. Cicindelinae) of Canada and Alaska, parts 1-6. Opuscula E. Entomoligiska Sallskapet.","Kipling Will","Essig Museum of Entomology",,"No known compromise","N",,
"1d489ec9-5b64-4cef-afd1-166562a22061","ONAQ_012.basePlot.bet","D15","ONAQ","ONAQ_012","2014-09-03","2014-09-11","2017-01-15","NEON.BET.D15.000130","CYMARI","Animalia","Arthropoda","Insecta","Coleoptera","Carabidae","Harpalinae","Lebiini","Cymindis","Cymindis","arizonensis",,"Cymindis arizonensis","Schaeffer","species",,"F",,"Lindroth, C. H. 1969. The ground-beetles (Carabidae, excl. Cicindelinae) of Canada and Alaska, parts 1-6. Opuscula E. Entomoligiska Sallskapet.","Kipling Will","Essig Museum of Entomology",,"No known compromise","N",,
"0a3b7713-ef4b-46f0-9902-833eb058cf21","ONAQ_012.basePlot.bet","D15","ONAQ","ONAQ_012","2014-09-03","2014-09-11","2017-01-15","NEON.BET.D15.000133","CYMARI","Animalia","Arthropoda","Insecta","Coleoptera","Carabidae","Harpalinae","Lebiini","Cymindis","Cymindis","arizonensis",,"Cymindis arizonensis","Schaeffer","species",,"M",,"Lindroth, C. H. 1969. The ground-beetles (Carabidae, excl. Cicindelinae) of Canada and Alaska, parts 1-6. Opuscula E. Entomoligiska Sallskapet.","Kipling Will","Essig Museum of Entomology",,"No known compromise","N",,
"61eea119-4e18-4aca-b2df-332fcdca935d","ONAQ_012.basePlot.bet","D15","ONAQ","ONAQ_012","2014-09-03","2014-09-11","2017-01-15","NEON.BET.D15.000127","CYMARI","Animalia","Arthropoda","Insecta","Coleoptera","Carabidae","Harpalinae","Lebiini","Cymindis","Cymindis","arizonensis",,"Cymindis arizonensis","Schaeffer","species",,"M",,"Lindroth, C. H. 1969. The ground-beetles (Carabidae, excl. Cicindelinae) of Canada and Alaska, parts 1-6. Opuscula E. Entomoligiska Sallskapet.","Kipling Will","Essig Museum of Entomology",,"No known compromise","N",,
"ce6edfcb-21ff-4ab2-b025-ce64775b8c3b","ONAQ_012.basePlot.bet","D15","ONAQ","ONAQ_012","2014-09-03","2014-09-11","2017-01-15","NEON.BET.D15.000129","CYMARI","Animalia","Arthropoda","Insecta","Coleoptera","Carabidae","Harpalinae","Lebiini","Cymindis","Cymindis","arizonensis",,"Cymindis arizonensis","Schaeffer","species",,"F",,"Lindroth, C. H. 1969. The ground-beetles (Carabidae, excl. Cicindelinae) of Canada and Alaska, parts 1-6. Opuscula E. Entomoligiska Sallskapet.","Kipling Will","Essig Museum of Entomology",,"No known compromise","N",,
"6b179836-2057-495a-8aea-7f64151dad97","ONAQ_002.basePlot.bet","D15","ONAQ","ONAQ_002","2014-09-03","2014-09-11","2017-01-15","NEON.BET.D15.000024","CYMARI","Animalia","Arthropoda","Insecta","Coleoptera","Carabidae","Harpalinae","Lebiini","Cymindis","Cymindis","arizonensis",,"Cymindis arizonensis","Schaeffer","species",,"F",,"Lindroth, C. H. 1969. The ground-beetles (Carabidae, excl. Cicindelinae) of Canada and Alaska, parts 1-6. Opuscula E. Entomoligiska Sallskapet.","Kipling Will","Essig Museum of Entomology",,"No known compromise","N",,
"cbc98fee-3ebb-42a4-82ce-aa1a7c7a4566","ONAQ_002.basePlot.bet","D15","ONAQ","ONAQ_002","2014-09-03","2014-09-11","2017-01-15","NEON.BET.D15.000047","AMAQUE","Animalia","Arthropoda","Insecta","Coleoptera","Carabidae","Harpalinae","Zabrini","Amara","Paracelia","quenseli","quenseli","Amara quenseli quenseli","Schonherr","subspecies",,"F",,"Lindroth, C. H. 1969. The ground-beetles (Carabidae, excl. Cicindelinae) of Canada and Alaska, parts 1-6. Opuscula E. Entomoligiska Sallskapet.","Kipling Will","Essig Museum of Entomology",,"No known compromise","N",,
"74ae0623-b761-4fde-9708-94787d2fb30e","ONAQ_002.basePlot.bet","D15","ONAQ","ONAQ_002","2014-09-03","2014-09-11","2017-01-15","NEON.BET.D15.000052","AMAQUE","Animalia","Arthropoda","Insecta","Coleoptera","Carabidae","Harpalinae","Zabrini","Amara","Paracelia","quenseli","quenseli","Amara quenseli quenseli","Schonherr","subspecies",,"F",,"Lindroth, C. H. 1969. The ground-beetles (Carabidae, excl. Cicindelinae) of Canada and Alaska, parts 1-6. Opuscula E. Entomoligiska Sallskapet.","Kipling Will","Essig Museum of Entomology",,"No known compromise","N",,
"6d541bd6-b5b7-4a07-8a58-af124b472a61","ONAQ_002.basePlot.bet","D15","ONAQ","ONAQ_002","2014-09-03","2014-09-11","2017-01-15","NEON.BET.D15.000022","CYMARI","Animalia","Arthropoda","Insecta","Coleoptera","Carabidae","Harpalinae","Lebiini","Cymindis","Cymindis","arizonensis",,"Cymindis arizonensis","Schaeffer","species",,"F",,"Lindroth, C. H. 1969. The ground-beetles (Carabidae, excl. Cicindelinae) of Canada and Alaska, parts 1-6. Opuscula E. Entomoligiska Sallskapet.","Kipling Will","Essig Museum of Entomology",,"No known compromise","N",,
"d3d7eff6-5c91-4342-8309-d3145477dd0f","ONAQ_002.basePlot.bet","D15","ONAQ","ONAQ_002","2014-09-03","2014-09-11","2017-01-15","NEON.BET.D15.000055","AMAQUE","Animalia","Arthropoda","Insecta","Coleoptera","Carabidae","Harpalinae","Zabrini","Amara","Paracelia","quenseli","quenseli","Amara quenseli quenseli","Schonherr","subspecies",,"F",,"Lindroth, C. H. 1969. The ground-beetles (Carabidae, excl. Cicindelinae) of Canada and Alaska, parts 1-6. Opuscula E. Entomoligiska Sallskapet.","Kipling Will","Essig Museum of Entomology",,"No known compromise","N",,
"a8dfb11d-d010-4a7d-ba51-6e269d64ca3c","ONAQ_002.basePlot.bet","D15","ONAQ","ONAQ_002","2014-09-03","2014-09-11","2017-01-15","NEON.BET.D15.000051","AMAQUE","Animalia","Arthropoda","Insecta","Coleoptera","Carabidae","Harpalinae","Zabrini","Amara","Paracelia","quenseli","quenseli","Amara quenseli quenseli","Schonherr","subspecies",,"F",,"Lindroth, C. H. 1969. The ground-beetles (Carabidae, excl. Cicindelinae) of Canada and Alaska, parts 1-6. Opuscula E. Entomoligiska Sallskapet.","Kipling Will","Essig Museum of Entomology",,"No known compromise","N",,
