uid,namedLocation,domainID,siteID,plotID,trapID,setDate,collectDate,processingDate,identifiedDate,subsampleID,individualID,taxonID,scientificName,taxonRank,identificationQualifier,scientificNameAuthorship,morphospeciesID,identificationReferences,totalLength,identifiedBy,recordedBy,remarks
"a5be91af-1dc6-41e5-a600-5fa10584d214","ONAQ_009.basePlot.bet","D15","ONAQ","ONAQ_009","E","2014-08-14","2014-09-03","2015-04-17","2015-04-17","HS20H6sTX3E8pON50cfnANdeDoz9FKhcSchCUkkplYw=","NEON.BET.D15.000206","CARSP14","Carabidae sp.","family",,"Latreille","D15.2014.MorphB","Arnett Jr., R. H., and M. C. Thomas. 2001. American Beetles Archosemata, Myxophaga, Adephaga, Polyphaga: Staphyliniformia. 1st Vol. (C. Press, Ed.). 1st Ed. Boca Raton, FL.",,"z9Nb0fxJczdmi0utaYua6PSPTHDIrAD9","/h2P7iNCFob6MrtXvZ/0KV0VExqkPzVY","Tribe:Lebini"
"61451d52-b854-4606-af63-8d7d9341c2c4","ONAQ_010.basePlot.bet","D15","ONAQ","ONAQ_010","W","2014-08-14","2014-09-03","2015-04-14","2015-04-14","M9mpm55gKLXC9OEK69+NEyqNrISiSvyDry7oncAYarc=","NEON.BET.D15.000110","CARSP14","Carabidae sp.","family",,"Latreille","D15.2014.MorphB","Arnett Jr., R. H., and M. C. Thomas. 2001. American Beetles Archosemata, Myxophaga, Adephaga, Polyphaga: Staphyliniformia. 1st Vol. (C. Press, Ed.). 1st Ed. Boca Raton, FL.",,"z9Nb0fxJczdmi0utaYua6PSPTHDIrAD9","/h2P7iNCFob6MrtXvZ/0KV0VExqkPzVY","Tribe Lebiini"
"da4f7cfd-1a56-47c1-a3f0-b605da19685e","ONAQ_006.basePlot.bet","D15","ONAQ","ONAQ_006","E","2014-08-14","2014-09-03","2015-04-16","2015-04-16","yp/8bbRjrLKuTwucbzy0hVWfbLnWnhAEx1LCiD0m/0s=","NEON.BET.D15.000196","CARSP14","Carabidae sp.","family",,"Latreille","D15.2014.MorphB","Arnett Jr., R. H., and M. C. Thomas. 2001. American Beetles Archosemata, Myxophaga, Adephaga, Polyphaga: Staphyliniformia. 1st Vol. (C. Press, Ed.). 1st Ed. Boca Raton, FL.",,"z9Nb0fxJczdmi0utaYua6PSPTHDIrAD9","/h2P7iNCFob6MrtXvZ/0KV0VExqkPzVY","Tribe: Lebiini"
"de91535d-57a8-4ac8-8b20-689620093ffd","ONAQ_009.basePlot.bet","D15","ONAQ","ONAQ_009","E","2014-08-14","2014-09-03","2015-04-17","2015-04-17","HS20H6sTX3E8pON50cfnANdeDoz9FKhcSchCUkkplYw=","NEON.BET.D15.000205","CARSP14","Carabidae sp.","family",,"Latreille","D15.2014.MorphC","Arnett Jr., R. H., and M. C. Thomas. 2001. American Beetles Archosemata, Myxophaga, Adephaga, Polyphaga: Staphyliniformia. 1st Vol. (C. Press, Ed.). 1st Ed. Boca Raton, FL.",,"z9Nb0fxJczdmi0utaYua6PSPTHDIrAD9","/h2P7iNCFob6MrtXvZ/0KV0VExqkPzVY","Tribe: Zabrini"
"03a8e6e9-d0c9-4c48-9976-8930399766ea","ONAQ_009.basePlot.bet","D15","ONAQ","ONAQ_009","N","2014-08-14","2014-09-03","2015-04-17","2015-04-17","HS20H6sTX3GK28P31bY/A4BlZr/GSMnNfeq+a+wTmHQ=","NEON.BET.D15.000209","CARSP14","Carabidae sp.","family",,"Latreille","D15.2014.MorphB","Arnett Jr., R. H., and M. C. Thomas. 2001. American Beetles Archosemata, Myxophaga, Adephaga, Polyphaga: Staphyliniformia. 1st Vol. (C. Press, Ed.). 1st Ed. Boca Raton, FL.",,"z9Nb0fxJczdmi0utaYua6PSPTHDIrAD9","/h2P7iNCFob6MrtXvZ/0KV0VExqkPzVY","Tribe: Lebiini"
"50c73e35-3fba-4051-9400-9584971c250b","ONAQ_004.basePlot.bet","D15","ONAQ","ONAQ_004","E","2014-08-14","2014-09-03","2015-04-16","2015-04-16","oF4AZF7DP5kd7dHOdxiTA82kgCb91WHdPE1ulvDP6JE=","NEON.BET.D15.000192","CARSP14","Carabidae sp.","family",,"Latreille","D15.2014.MorphC","Arnett Jr., R. H., and M. C. Thomas. 2001. American Beetles Archosemata, Myxophaga, Adephaga, Polyphaga: Staphyliniformia. 1st Vol. (C. Press, Ed.). 1st Ed. Boca Raton, FL.",,"z9Nb0fxJczdmi0utaYua6PSPTHDIrAD9","/h2P7iNCFob6MrtXvZ/0KV0VExqkPzVY","Tribe: Zabrini"
"4a9bbd9d-f471-45c3-8b18-6547a7db212e","ONAQ_010.basePlot.bet","D15","ONAQ","ONAQ_010","E","2014-08-14","2014-09-03","2015-04-17","2015-04-17","M9mpm55gKLWbvNmHV1xFsMdY5RjPLIk1e8KtbqVepNw=","NEON.BET.D15.000212","CARSP14","Carabidae sp.","family",,"Latreille","D15.2014.MorphB","Arnett Jr., R. H., and M. C. Thomas. 2001. American Beetles Archosemata, Myxophaga, Adephaga, Polyphaga: Staphyliniformia. 1st Vol. (C. Press, Ed.). 1st Ed. Boca Raton, FL.",,"z9Nb0fxJczdmi0utaYua6PSPTHDIrAD9","/h2P7iNCFob6MrtXvZ/0KV0VExqkPzVY","Tribe: Lebiini"
"d41ce2a8-f06c-4f9e-bf54-6863d9a359e0","ONAQ_012.basePlot.bet","D15","ONAQ","ONAQ_012","E","2014-08-14","2014-09-03","2015-04-17","2015-04-17","f9VgFEDSFE4LzrWR9oFmGwoo9vs7oHXVR+bSM2i+ox8=","NEON.BET.D15.000217","CARSP14","Carabidae sp.","family",,"Latreille","D15.2014.MorphB","Arnett Jr., R. H., and M. C. Thomas. 2001. American Beetles Archosemata, Myxophaga, Adephaga, Polyphaga: Staphyliniformia. 1st Vol. (C. Press, Ed.). 1st Ed. Boca Raton, FL.",,"z9Nb0fxJczdmi0utaYua6PSPTHDIrAD9","/h2P7iNCFob6MrtXvZ/0KV0VExqkPzVY","Tribe: Lebiini"
"197dd9eb-d98c-47df-a42d-b712143da4a7","ONAQ_012.basePlot.bet","D15","ONAQ","ONAQ_012","N","2014-08-14","2014-09-03","2015-04-17","2015-04-17","f9VgFEDSFE7sqbkimK3bkzvz9LD+4REOVbi12nT/eTs=","NEON.BET.D15.000216","CARSP14","Carabidae sp.","family",,"Latreille","D15.2014.MorphC","Arnett Jr., R. H., and M. C. Thomas. 2001. American Beetles Archosemata, Myxophaga, Adephaga, Polyphaga: Staphyliniformia. 1st Vol. (C. Press, Ed.). 1st Ed. Boca Raton, FL.",,"z9Nb0fxJczdmi0utaYua6PSPTHDIrAD9","/h2P7iNCFob6MrtXvZ/0KV0VExqkPzVY","Tribe: Zabrini"
"c8415c86-9ddb-4939-828f-f86d398039b2","ONAQ_012.basePlot.bet","D15","ONAQ","ONAQ_012","N","2014-08-14","2014-09-03","2015-04-17","2015-04-17","f9VgFEDSFE7sqbkimK3bkzvz9LD+4REO5k8cTCXVBYA=","NEON.BET.D15.000215","CARSP14","Carabidae sp.","family",,"Latreille","D15.2014.MorphB","Arnett Jr., R. H., and M. C. Thomas. 2001. American Beetles Archosemata, Myxophaga, Adephaga, Polyphaga: Staphyliniformia. 1st Vol. (C. Press, Ed.). 1st Ed. Boca Raton, FL.",,"z9Nb0fxJczdmi0utaYua6PSPTHDIrAD9","/h2P7iNCFob6MrtXvZ/0KV0VExqkPzVY","Tribe: Lebiini"
"aa0166df-2e54-4f61-84e9-3bb961ff1ca2","ONAQ_004.basePlot.bet","D15","ONAQ","ONAQ_004","S","2014-08-14","2014-09-03","2015-04-16","2015-04-16","oF4AZF7DP5kpxOVfzLPZSEnURN7CMUOEqfp/THIJj7s=","NEON.BET.D15.000190","CARSP14","Carabidae sp.","family",,"Latreille","D15.2014.MorphC","Arnett Jr., R. H., and M. C. Thomas. 2001. American Beetles Archosemata, Myxophaga, Adephaga, Polyphaga: Staphyliniformia. 1st Vol. (C. Press, Ed.). 1st Ed. Boca Raton, FL.",,"z9Nb0fxJczdmi0utaYua6PSPTHDIrAD9","/h2P7iNCFob6MrtXvZ/0KV0VExqkPzVY","Tribe: Zabrini"
"98d28229-eb43-4cb4-9853-6a2468a1f35a","ONAQ_010.basePlot.bet","D15","ONAQ","ONAQ_010","S","2014-08-14","2014-09-03","2015-04-14","2015-04-14","M9mpm55gKLXTZ5p5TNLvDcTPyilvFb14syhL4HcsOTM=","NEON.BET.D15.000103","CARSP14","Carabidae sp.","family",,"Latreille","D15.2014.MorphC","Arnett Jr., R. H., and M. C. Thomas. 2001. American Beetles Archosemata, Myxophaga, Adephaga, Polyphaga: Staphyliniformia. 1st Vol. (C. Press, Ed.). 1st Ed. Boca Raton, FL.",,"z9Nb0fxJczdmi0utaYua6PSPTHDIrAD9","/h2P7iNCFob6MrtXvZ/0KV0VExqkPzVY","Tribe: Zabrini"
"0078b84c-0ff1-4910-8058-6b245f6c64b1","ONAQ_010.basePlot.bet","D15","ONAQ","ONAQ_010","N","2014-08-14","2014-09-03","2015-04-17","2015-04-17","M9mpm55gKLWhGshJYKadhVULZ2YnQyTRlmMsMmnUydI=","NEON.BET.D15.000214","CARSP14","Carabidae sp.","family",,"Latreille","D15.2014.MorphB","Arnett Jr., R. H., and M. C. Thomas. 2001. American Beetles Archosemata, Myxophaga, Adephaga, Polyphaga: Staphyliniformia. 1st Vol. (C. Press, Ed.). 1st Ed. Boca Raton, FL.",,"z9Nb0fxJczdmi0utaYua6PSPTHDIrAD9","/h2P7iNCFob6MrtXvZ/0KV0VExqkPzVY","Tribe: Lebiini"
"9cfda894-8f79-44a4-9b29-371881a9a2e6","ONAQ_004.basePlot.bet","D15","ONAQ","ONAQ_004","N","2014-08-14","2014-09-03","2015-04-16","2015-04-16","oF4AZF7DP5m19UVkH1LyhcH3SGW/wXkM3AhqWeg3P+U=","NEON.BET.D15.000184","CARSP14","Carabidae sp.","family",,"Latreille","D15.2014.MorphB","Arnett Jr., R. H., and M. C. Thomas. 2001. American Beetles Archosemata, Myxophaga, Adephaga, Polyphaga: Staphyliniformia. 1st Vol. (C. Press, Ed.). 1st Ed. Boca Raton, FL.",,"z9Nb0fxJczdmi0utaYua6PSPTHDIrAD9","/h2P7iNCFob6MrtXvZ/0KV0VExqkPzVY","Tribe:Lebiini"
"432570c8-8501-4e6e-8580-3924f360e6b5","ONAQ_010.basePlot.bet","D15","ONAQ","ONAQ_010","S","2014-08-14","2014-09-03","2015-04-17","2015-04-17","M9mpm55gKLXTZ5p5TNLvDcTPyilvFb14syhL4HcsOTM=","NEON.BET.D15.000213","CARSP14","Carabidae sp.","family",,"Latreille","D15.2014.MorphB","Arnett Jr., R. H., and M. C. Thomas. 2001. American Beetles Archosemata, Myxophaga, Adephaga, Polyphaga: Staphyliniformia. 1st Vol. (C. Press, Ed.). 1st Ed. Boca Raton, FL.",,"z9Nb0fxJczdmi0utaYua6PSPTHDIrAD9","/h2P7iNCFob6MrtXvZ/0KV0VExqkPzVY","Tribe: Lebiini"
"3f35aab9-546f-4418-a496-0e6620afcd5e","ONAQ_009.basePlot.bet","D15","ONAQ","ONAQ_009","N","2014-08-14","2014-09-03","2015-04-17","2015-04-17","HS20H6sTX3GK28P31bY/A4BlZr/GSMnNfeq+a+wTmHQ=","NEON.BET.D15.000208","CARSP14","Carabidae sp.","family",,"Latreille","D15.2014.MorphC","Arnett Jr., R. H., and M. C. Thomas. 2001. American Beetles Archosemata, Myxophaga, Adephaga, Polyphaga: Staphyliniformia. 1st Vol. (C. Press, Ed.). 1st Ed. Boca Raton, FL.",,"z9Nb0fxJczdmi0utaYua6PSPTHDIrAD9","/h2P7iNCFob6MrtXvZ/0KV0VExqkPzVY","Tribe: Zabrini"
"c01a7d1b-22e4-48ef-9fad-55fb6b31ccce","ONAQ_004.basePlot.bet","D15","ONAQ","ONAQ_004","N","2014-08-14","2014-09-03","2015-04-16","2015-04-16","oF4AZF7DP5m19UVkH1LyhcH3SGW/wXkM3rZ9rP2V+g4=","NEON.BET.D15.000185","CARSP14","Carabidae sp.","family",,"Latreille","D15.2014.MorphC","Arnett Jr., R. H., and M. C. Thomas. 2001. American Beetles Archosemata, Myxophaga, Adephaga, Polyphaga: Staphyliniformia. 1st Vol. (C. Press, Ed.). 1st Ed. Boca Raton, FL.",,"z9Nb0fxJczdmi0utaYua6PSPTHDIrAD9","/h2P7iNCFob6MrtXvZ/0KV0VExqkPzVY","Tribe: Zabrini"
"3e5183b3-c9d1-4774-84c9-ee0322af8813","ONAQ_004.basePlot.bet","D15","ONAQ","ONAQ_004","S","2014-08-14","2014-09-03","2015-04-16","2015-04-16","oF4AZF7DP5kpxOVfzLPZSEnURN7CMUOEqfp/THIJj7s=","NEON.BET.D15.000189","CARSP14","Carabidae sp.","family",,"Latreille","D15.2014.MorphB","Arnett Jr., R. H., and M. C. Thomas. 2001. American Beetles Archosemata, Myxophaga, Adephaga, Polyphaga: Staphyliniformia. 1st Vol. (C. Press, Ed.). 1st Ed. Boca Raton, FL.",,"z9Nb0fxJczdmi0utaYua6PSPTHDIrAD9","/h2P7iNCFob6MrtXvZ/0KV0VExqkPzVY","Tribe: Lebiini"
"c006ce6e-6b33-4a5d-88ef-e1787be4cb04","ONAQ_006.basePlot.bet","D15","ONAQ","ONAQ_006","S","2014-08-14","2014-09-03","2015-04-16","2015-04-16","yp/8bbRjrLLRUJb42Jw/zPoAQqNzrFnDceFgKh78Da4=","NEON.BET.D15.000200","CARSP14","Carabidae sp.","family",,"Latreille","D15.2014.MorphB","Arnett Jr., R. H., and M. C. Thomas. 2001. American Beetles Archosemata, Myxophaga, Adephaga, Polyphaga: Staphyliniformia. 1st Vol. (C. Press, Ed.). 1st Ed. Boca Raton, FL.",,"z9Nb0fxJczdmi0utaYua6PSPTHDIrAD9","/h2P7iNCFob6MrtXvZ/0KV0VExqkPzVY","Tribe: Lebiini"
"095d59e5-f69e-46a8-8c42-bbafe8406a3a","ONAQ_006.basePlot.bet","D15","ONAQ","ONAQ_006","N","2014-08-14","2014-09-03","2015-04-16","2015-04-16","yp/8bbRjrLKNyMWeX4gL7WMXICHoHAfdJa4XG8QFayU=","NEON.BET.D15.000197","CARSP14","Carabidae sp.","family",,"Latreille","D15.2014.MorphB","Arnett Jr., R. H., and M. C. Thomas. 2001. American Beetles Archosemata, Myxophaga, Adephaga, Polyphaga: Staphyliniformia. 1st Vol. (C. Press, Ed.). 1st Ed. Boca Raton, FL.",,"z9Nb0fxJczdmi0utaYua6PSPTHDIrAD9","/h2P7iNCFob6MrtXvZ/0KV0VExqkPzVY","Tribe: Lebiini"
"0fa23b86-fd4a-4c42-b264-82b9a96341ea","ONAQ_009.basePlot.bet","D15","ONAQ","ONAQ_009","S","2014-08-14","2014-09-03","2015-04-17","2015-04-17","HS20H6sTX3Gzxj1TKeqZbFpkfGXUkSHCEWkAWk0oshA=","NEON.BET.D15.000204","CARSP14","Carabidae sp.","family",,"Latreille","D15.2014.MorphC","Arnett Jr., R. H., and M. C. Thomas. 2001. American Beetles Archosemata, Myxophaga, Adephaga, Polyphaga: Staphyliniformia. 1st Vol. (C. Press, Ed.). 1st Ed. Boca Raton, FL.",,"z9Nb0fxJczdmi0utaYua6PSPTHDIrAD9","/h2P7iNCFob6MrtXvZ/0KV0VExqkPzVY","Tribe: Zabrini"
"7994bd4b-a195-404d-9e97-fb8a38128c21","ONAQ_009.basePlot.bet","D15","ONAQ","ONAQ_009","S","2014-08-14","2014-09-03","2015-04-17","2015-04-17","HS20H6sTX3Gzxj1TKeqZbFpkfGXUkSHCEWkAWk0oshA=","NEON.BET.D15.000203","CARSP14","Carabidae sp.","family",,"Latreille","D15.2014.MorphB","Arnett Jr., R. H., and M. C. Thomas. 2001. American Beetles Archosemata, Myxophaga, Adephaga, Polyphaga: Staphyliniformia. 1st Vol. (C. Press, Ed.). 1st Ed. Boca Raton, FL.",,"z9Nb0fxJczdmi0utaYua6PSPTHDIrAD9","/h2P7iNCFob6MrtXvZ/0KV0VExqkPzVY","Tribe: Lebiini"
"f962a038-255f-4138-8969-a1b97c91f443","ONAQ_009.basePlot.bet","D15","ONAQ","ONAQ_009","W","2014-08-14","2014-09-03","2015-04-16","2015-04-16","HS20H6sTX3F1GdkHPvuF0F6lWT+0ID9KSgvAndycQrM=","NEON.BET.D15.000198","CARSP14","Carabidae sp.","family",,"Latreille","D15.2014.MorphB","Arnett Jr., R. H., and M. C. Thomas. 2001. American Beetles Archosemata, Myxophaga, Adephaga, Polyphaga: Staphyliniformia. 1st Vol. (C. Press, Ed.). 1st Ed. Boca Raton, FL.",,"z9Nb0fxJczdmi0utaYua6PSPTHDIrAD9","/h2P7iNCFob6MrtXvZ/0KV0VExqkPzVY","Tribe: Lebiini"
"6fd7a171-dd96-4336-94cc-e2a60c59ae36","ONAQ_010.basePlot.bet","D15","ONAQ","ONAQ_010","W","2014-08-14","2014-09-03","2015-04-14","2015-04-14","M9mpm55gKLXC9OEK69+NEyqNrISiSvyDry7oncAYarc=","NEON.BET.D15.000114","CARSP14","Carabidae sp.","family",,"Latreille","D15.2014.MorphB","Arnett Jr., R. H., and M. C. Thomas. 2001. American Beetles Archosemata, Myxophaga, Adephaga, Polyphaga: Staphyliniformia. 1st Vol. (C. Press, Ed.). 1st Ed. Boca Raton, FL.",,"z9Nb0fxJczdmi0utaYua6PSPTHDIrAD9","/h2P7iNCFob6MrtXvZ/0KV0VExqkPzVY","Tribe: Lebiini"
"059e3136-9bcf-45ff-a167-0db391e8c56b","ONAQ_012.basePlot.bet","D15","ONAQ","ONAQ_012","W","2014-08-14","2014-09-03","2015-04-17","2015-04-17","f9VgFEDSFE7Hy9zrTdEDM1Enxj6WAXzx5vTdUlCdzGQ=","NEON.BET.D15.000218","CARSP14","Carabidae sp.","family",,"Latreille","D15.2014.MorphB","Arnett Jr., R. H., and M. C. Thomas. 2001. American Beetles Archosemata, Myxophaga, Adephaga, Polyphaga: Staphyliniformia. 1st Vol. (C. Press, Ed.). 1st Ed. Boca Raton, FL.",,"z9Nb0fxJczdmi0utaYua6PSPTHDIrAD9","/h2P7iNCFob6MrtXvZ/0KV0VExqkPzVY","Tribe: Lebiini"
"b33f726b-84e6-4594-9a12-3e2f0085d66e","ONAQ_010.basePlot.bet","D15","ONAQ","ONAQ_010","W","2014-08-14","2014-09-03","2015-04-14","2015-04-14","M9mpm55gKLXC9OEK69+NEyqNrISiSvyDry7oncAYarc=","NEON.BET.D15.000109","CARSP14","Carabidae sp.","family",,"Latreille","D15.2014.MorphB","Arnett Jr., R. H., and M. C. Thomas. 2001. American Beetles Archosemata, Myxophaga, Adephaga, Polyphaga: Staphyliniformia. 1st Vol. (C. Press, Ed.). 1st Ed. Boca Raton, FL.",,"z9Nb0fxJczdmi0utaYua6PSPTHDIrAD9","/h2P7iNCFob6MrtXvZ/0KV0VExqkPzVY","Tribe: Lebiini"
"b30d587a-bc6b-4015-9f48-66c3dea20524","ONAQ_010.basePlot.bet","D15","ONAQ","ONAQ_010","W","2014-08-14","2014-09-03","2015-04-14","2015-04-14","M9mpm55gKLXC9OEK69+NEyqNrISiSvyDry7oncAYarc=","NEON.BET.D15.000113","CARSP14","Carabidae sp.","family",,"Latreille","D15.2014.MorphB","Arnett Jr., R. H., and M. C. Thomas. 2001. American Beetles Archosemata, Myxophaga, Adephaga, Polyphaga: Staphyliniformia. 1st Vol. (C. Press, Ed.). 1st Ed. Boca Raton, FL.",,"z9Nb0fxJczdmi0utaYua6PSPTHDIrAD9","/h2P7iNCFob6MrtXvZ/0KV0VExqkPzVY","Tribe: Lebiini"
"b438cabb-9c23-4f6b-aa9d-40523767bc3a","ONAQ_010.basePlot.bet","D15","ONAQ","ONAQ_010","W","2014-08-14","2014-09-03","2015-04-14","2015-04-14","M9mpm55gKLXC9OEK69+NEyqNrISiSvyDry7oncAYarc=","NEON.BET.D15.000116","CARSP14","Carabidae sp.","family",,"Latreille","D15.2014.MorphB","Arnett Jr., R. H., and M. C. Thomas. 2001. American Beetles Archosemata, Myxophaga, Adephaga, Polyphaga: Staphyliniformia. 1st Vol. (C. Press, Ed.). 1st Ed. Boca Raton, FL.",,"z9Nb0fxJczdmi0utaYua6PSPTHDIrAD9","/h2P7iNCFob6MrtXvZ/0KV0VExqkPzVY","Tribe: Lebiini"
"45a2f91c-9a83-4aa7-a3cc-b049fc918b61","ONAQ_010.basePlot.bet","D15","ONAQ","ONAQ_010","W","2014-08-14","2014-09-03","2015-04-14","2015-04-14","M9mpm55gKLXC9OEK69+NEyqNrISiSvyDry7oncAYarc=","NEON.BET.D15.000115","CARSP14","Carabidae sp.","family",,"Latreille","D15.2014.MorphB","Arnett Jr., R. H., and M. C. Thomas. 2001. American Beetles Archosemata, Myxophaga, Adephaga, Polyphaga: Staphyliniformia. 1st Vol. (C. Press, Ed.). 1st Ed. Boca Raton, FL.",,"z9Nb0fxJczdmi0utaYua6PSPTHDIrAD9","/h2P7iNCFob6MrtXvZ/0KV0VExqkPzVY","Tribe: Lebiini"
"7f640d27-0ccf-4c27-8ce2-3b6423856185","ONAQ_004.basePlot.bet","D15","ONAQ","ONAQ_004","W","2014-08-14","2014-09-03","2015-04-16","2015-04-16","oF4AZF7DP5k+SGllHZ5qcM/My35Rt6TnKrOrR4Vj1iA=","NEON.BET.D15.000188","CARSP14","Carabidae sp.","family",,"Latreille","D15.2014.MorphC","Arnett Jr., R. H., and M. C. Thomas. 2001. American Beetles Archosemata, Myxophaga, Adephaga, Polyphaga: Staphyliniformia. 1st Vol. (C. Press, Ed.). 1st Ed. Boca Raton, FL.",,"z9Nb0fxJczdmi0utaYua6PSPTHDIrAD9","/h2P7iNCFob6MrtXvZ/0KV0VExqkPzVY","Tribe: Lebiini"
"2e8e5d32-bb3e-4d29-90dd-705653bb9325","ONAQ_010.basePlot.bet","D15","ONAQ","ONAQ_010","W","2014-08-14","2014-09-03","2015-04-14","2015-04-14","M9mpm55gKLXC9OEK69+NEyqNrISiSvyDry7oncAYarc=","NEON.BET.D15.000112","CARSP14","Carabidae sp.","family",,"Latreille","D15.2014.MorphB","Arnett Jr., R. H., and M. C. Thomas. 2001. American Beetles Archosemata, Myxophaga, Adephaga, Polyphaga: Staphyliniformia. 1st Vol. (C. Press, Ed.). 1st Ed. Boca Raton, FL.",,"z9Nb0fxJczdmi0utaYua6PSPTHDIrAD9","/h2P7iNCFob6MrtXvZ/0KV0VExqkPzVY","Tribe: Lebiini"
"29bc63ae-f3fe-42ae-9cbf-6712c3780da5","ONAQ_010.basePlot.bet","D15","ONAQ","ONAQ_010","W","2014-08-14","2014-09-03","2015-04-17","2015-04-17","M9mpm55gKLXC9OEK69+NEyqNrISiSvyDry7oncAYarc=","NEON.BET.D15.000211","CARSP14","Carabidae sp.","family",,"Latreille","D15.2014.MorphB","Arnett Jr., R. H., and M. C. Thomas. 2001. American Beetles Archosemata, Myxophaga, Adephaga, Polyphaga: Staphyliniformia. 1st Vol. (C. Press, Ed.). 1st Ed. Boca Raton, FL.",,"z9Nb0fxJczdmi0utaYua6PSPTHDIrAD9","/h2P7iNCFob6MrtXvZ/0KV0VExqkPzVY","Tribe: Lebiini"
"61b9734d-1167-4fe0-814a-5c65b15404d6","ONAQ_010.basePlot.bet","D15","ONAQ","ONAQ_010","W","2014-08-14","2014-09-03","2015-04-14","2015-04-14","M9mpm55gKLXC9OEK69+NEyqNrISiSvyDry7oncAYarc=","NEON.BET.D15.000111","CARSP14","Carabidae sp.","family",,"Latreille","D15.2014.MorphB","Arnett Jr., R. H., and M. C. Thomas. 2001. American Beetles Archosemata, Myxophaga, Adephaga, Polyphaga: Staphyliniformia. 1st Vol. (C. Press, Ed.). 1st Ed. Boca Raton, FL.",,"z9Nb0fxJczdmi0utaYua6PSPTHDIrAD9","/h2P7iNCFob6MrtXvZ/0KV0VExqkPzVY","Tribe: Lebiini"
"9cbbe665-8178-4c98-b1d4-db2b4f629dd9","ONAQ_006.basePlot.bet","D15","ONAQ","ONAQ_006","W","2014-08-14","2014-09-03","2015-04-16","2015-04-16","yp/8bbRjrLLsXF69IFDn5YCLKAFYd275BWw6glhGpXM=","NEON.BET.D15.000194","CARSP14","Carabidae sp.","family",,"Latreille","D15.2014.MorphB","Arnett Jr., R. H., and M. C. Thomas. 2001. American Beetles Archosemata, Myxophaga, Adephaga, Polyphaga: Staphyliniformia. 1st Vol. (C. Press, Ed.). 1st Ed. Boca Raton, FL.",,"z9Nb0fxJczdmi0utaYua6PSPTHDIrAD9","/h2P7iNCFob6MrtXvZ/0KV0VExqkPzVY","Tribe: Lebiini"
"d617471e-4f4c-402a-9d4f-8d0d16dbcf50","ONAQ_009.basePlot.bet","D15","ONAQ","ONAQ_009","W","2014-08-14","2014-09-03","2015-04-16","2015-04-16","HS20H6sTX3F1GdkHPvuF0F6lWT+0ID9KSgvAndycQrM=","NEON.BET.D15.000199","CARSP14","Carabidae sp.","family",,"Latreille","D15.2014.MorphC","Arnett Jr., R. H., and M. C. Thomas. 2001. American Beetles Archosemata, Myxophaga, Adephaga, Polyphaga: Staphyliniformia. 1st Vol. (C. Press, Ed.). 1st Ed. Boca Raton, FL.",,"z9Nb0fxJczdmi0utaYua6PSPTHDIrAD9","/h2P7iNCFob6MrtXvZ/0KV0VExqkPzVY","Tribe: Zabrini"
"8e3fa15b-ecac-4a52-a627-af6aca0f1252","ONAQ_004.basePlot.bet","D15","ONAQ","ONAQ_004","W","2014-08-14","2014-09-03","2015-04-16","2015-04-16","oF4AZF7DP5k+SGllHZ5qcM/My35Rt6Tn0zwVdxZYekw=","NEON.BET.D15.000187","CARSP14","Carabidae sp.","family",,"Latreille","D15.2014.MorphB","Arnett Jr., R. H., and M. C. Thomas. 2001. American Beetles Archosemata, Myxophaga, Adephaga, Polyphaga: Staphyliniformia. 1st Vol. (C. Press, Ed.). 1st Ed. Boca Raton, FL.",,"z9Nb0fxJczdmi0utaYua6PSPTHDIrAD9","/h2P7iNCFob6MrtXvZ/0KV0VExqkPzVY","Tribe: Lebiini"
"5af6ff63-e31d-4a02-b78d-a6d8547fa30e","ONAQ_004.basePlot.bet","D15","ONAQ","ONAQ_004","E","2014-08-14","2014-09-03","2015-04-16","2015-04-16","oF4AZF7DP5kd7dHOdxiTA82kgCb91WHdMEQRZi/wn9Y=","NEON.BET.D15.000191","CARSP14","Carabidae sp.","family",,"Latreille","D15.2014.MorphB","Arnett Jr., R. H., and M. C. Thomas. 2001. American Beetles Archosemata, Myxophaga, Adephaga, Polyphaga: Staphyliniformia. 1st Vol. (C. Press, Ed.). 1st Ed. Boca Raton, FL.",,"z9Nb0fxJczdmi0utaYua6PSPTHDIrAD9","/h2P7iNCFob6MrtXvZ/0KV0VExqkPzVY","Tribe:Lebiini"
"66767c43-bfec-445f-880e-cd7422a189cf","ONAQ_004.basePlot.bet","D15","ONAQ","ONAQ_004","E","2014-09-03","2014-09-11","2015-04-20","2015-04-20","oF4AZF7DP5kd7dHOdxiTA+W/9x8Isti/5T8LY/fTBUU=","NEON.BET.D15.000229","CARSP14","Carabidae sp.","family",,"Latreille","D15.2014.MorphC","Arnett Jr., R. H., and M. C. Thomas. 2001. American Beetles Archosemata, Myxophaga, Adephaga, Polyphaga: Staphyliniformia. 1st Vol. (C. Press, Ed.). 1st Ed. Boca Raton, FL.",,"z9Nb0fxJczdmi0utaYua6PSPTHDIrAD9","/h2P7iNCFob6MrtXvZ/0KV0VExqkPzVY","Tribe: Zabrini"
"fef30caa-9e99-440a-a3bf-3e8343f62f93","ONAQ_004.basePlot.bet","D15","ONAQ","ONAQ_004","E","2014-09-03","2014-09-11","2015-04-20","2015-04-20","oF4AZF7DP5kd7dHOdxiTA+W/9x8Isti/8x7U8UStf2Y=","NEON.BET.D15.000227","CARSP14","Carabidae sp.","family",,"Latreille","D15.2014.MorphB","Arnett Jr., R. H., and M. C. Thomas. 2001. American Beetles Archosemata, Myxophaga, Adephaga, Polyphaga: Staphyliniformia. 1st Vol. (C. Press, Ed.). 1st Ed. Boca Raton, FL.",,"z9Nb0fxJczdmi0utaYua6PSPTHDIrAD9","/h2P7iNCFob6MrtXvZ/0KV0VExqkPzVY","Tribe: Lebiini"
"e0ba0954-0a0a-4c2d-a69e-5fbaa91a2923","ONAQ_006.basePlot.bet","D15","ONAQ","ONAQ_006","E","2014-09-03","2014-09-11","2015-04-20","2015-04-20","yp/8bbRjrLKuTwucbzy0hYbtlaw+e3b30Za2t0ZHDno=","NEON.BET.D15.000236","CARSP14","Carabidae sp.","family",,"Latreille","D15.2014.MorphB","Arnett Jr., R. H., and M. C. Thomas. 2001. American Beetles Archosemata, Myxophaga, Adephaga, Polyphaga: Staphyliniformia. 1st Vol. (C. Press, Ed.). 1st Ed. Boca Raton, FL.",,"z9Nb0fxJczdmi0utaYua6PSPTHDIrAD9","/h2P7iNCFob6MrtXvZ/0KV0VExqkPzVY","Tribe: Lebiini"
"42808371-1bb6-4b05-bf1e-49f762ad0125","ONAQ_012.basePlot.bet","D15","ONAQ","ONAQ_012","N","2014-09-03","2014-09-11","2015-04-14","2015-04-14","f9VgFEDSFE7sqbkimK3bkwXli1Kt9J4JkX2gVuEKwoo=","NEON.BET.D15.000125","CARSP14","Carabidae sp.","family",,"Latreille","D15.2014.MorphB","Arnett Jr., R. H., and M. C. Thomas. 2001. American Beetles Archosemata, Myxophaga, Adephaga, Polyphaga: Staphyliniformia. 1st Vol. (C. Press, Ed.). 1st Ed. Boca Raton, FL.",,"z9Nb0fxJczdmi0utaYua6PSPTHDIrAD9","/h2P7iNCFob6MrtXvZ/0KV0VExqkPzVY","Tribe: Lebiini"
"73911b3a-2bad-4185-b783-711f373117f1","ONAQ_008.basePlot.bet","D15","ONAQ","ONAQ_008","E","2014-09-03","2014-09-11","2015-04-21","2015-04-20","+TPYXpQPuKzLKyz9zkyLEn04oBW9z6W9zrxtK406vN0=","NEON.BET.D15.000240","CARSP14","Carabidae sp.","family",,"Latreille","D15.2014.MorphB","Arnett Jr., R. H., and M. C. Thomas. 2001. American Beetles Archosemata, Myxophaga, Adephaga, Polyphaga: Staphyliniformia. 1st Vol. (C. Press, Ed.). 1st Ed. Boca Raton, FL.",,"z9Nb0fxJczdmi0utaYua6PSPTHDIrAD9","/h2P7iNCFob6MrtXvZ/0KV0VExqkPzVY","Tribe: Lebiini"
"cf5b633a-2e3d-4eea-a5f2-2dd5a9619baf","ONAQ_010.basePlot.bet","D15","ONAQ","ONAQ_010","E","2014-09-03","2014-09-11","2015-04-21","2015-04-20","M9mpm55gKLWbvNmHV1xFsJS9AGeSeZ1B20m4gdgRvzk=","NEON.BET.D15.000245","CARSP14","Carabidae sp.","family",,"Latreille","D15.2014.MorphB","Arnett Jr., R. H., and M. C. Thomas. 2001. American Beetles Archosemata, Myxophaga, Adephaga, Polyphaga: Staphyliniformia. 1st Vol. (C. Press, Ed.). 1st Ed. Boca Raton, FL.",,"z9Nb0fxJczdmi0utaYua6PSPTHDIrAD9","/h2P7iNCFob6MrtXvZ/0KV0VExqkPzVY","Tribe: Lebiini"
"8aef279e-c3af-483a-9f37-f678fd0edf66","ONAQ_010.basePlot.bet","D15","ONAQ","ONAQ_010","E","2014-09-03","2014-09-11","2015-04-14","2015-04-14","M9mpm55gKLWbvNmHV1xFsJS9AGeSeZ1B20m4gdgRvzk=","NEON.BET.D15.000101","CARSP14","Carabidae sp.","family",,"Latreille","D15.2014.MorphC","Arnett Jr., R. H., and M. C. Thomas. 2001. American Beetles Archosemata, Myxophaga, Adephaga, Polyphaga: Staphyliniformia. 1st Vol. (C. Press, Ed.). 1st Ed. Boca Raton, FL.",,"z9Nb0fxJczdmi0utaYua6PSPTHDIrAD9","/h2P7iNCFob6MrtXvZ/0KV0VExqkPzVY","Tribe: Zabrini"
"faded183-c29c-4aef-b0fd-c73e4b3f80ef","ONAQ_012.basePlot.bet","D15","ONAQ","ONAQ_012","N","2014-09-03","2014-09-11","2015-04-14","2015-04-14","f9VgFEDSFE7sqbkimK3bkwXli1Kt9J4JkX2gVuEKwoo=","NEON.BET.D15.000130","CARSP14","Carabidae sp.","family",,"Latreille","D15.2014.MorphB","Arnett Jr., R. H., and M. C. Thomas. 2001. American Beetles Archosemata, Myxophaga, Adephaga, Polyphaga: Staphyliniformia. 1st Vol. (C. Press, Ed.). 1st Ed. Boca Raton, FL.",,"z9Nb0fxJczdmi0utaYua6PSPTHDIrAD9","/h2P7iNCFob6MrtXvZ/0KV0VExqkPzVY","Tribe: Lebiini"
"d119cecc-8a1a-4fd5-a426-1f42f31ff8e8","ONAQ_012.basePlot.bet","D15","ONAQ","ONAQ_012","N","2014-09-03","2014-09-11","2015-04-14","2015-04-14","f9VgFEDSFE7sqbkimK3bkwXli1Kt9J4JkX2gVuEKwoo=","NEON.BET.D15.000135","CARSP14","Carabidae sp.","family",,"Latreille","D15.2014.MorphB","Arnett Jr., R. H., and M. C. Thomas. 2001. American Beetles Archosemata, Myxophaga, Adephaga, Polyphaga: Staphyliniformia. 1st Vol. (C. Press, Ed.). 1st Ed. Boca Raton, FL.",,"z9Nb0fxJczdmi0utaYua6PSPTHDIrAD9","/h2P7iNCFob6MrtXvZ/0KV0VExqkPzVY","Tribe: Lebiini"
"9298e53d-fe4b-4106-a15d-b6d05edb7898","ONAQ_012.basePlot.bet","D15","ONAQ","ONAQ_012","N","2014-09-03","2014-09-11","2015-04-14","2015-04-14","f9VgFEDSFE7sqbkimK3bkwXli1Kt9J4JkX2gVuEKwoo=","NEON.BET.D15.000136","CARSP14","Carabidae sp.","family",,"Latreille","D15.2014.MorphB","Arnett Jr., R. H., and M. C. Thomas. 2001. American Beetles Archosemata, Myxophaga, Adephaga, Polyphaga: Staphyliniformia. 1st Vol. (C. Press, Ed.). 1st Ed. Boca Raton, FL.",,"z9Nb0fxJczdmi0utaYua6PSPTHDIrAD9","/h2P7iNCFob6MrtXvZ/0KV0VExqkPzVY","Tribe: Lebiini"
"fd1a35a8-8233-472f-ad78-6bf51ce55bca","ONAQ_012.basePlot.bet","D15","ONAQ","ONAQ_012","N","2014-09-03","2014-09-11","2015-04-14","2015-04-14","f9VgFEDSFE7sqbkimK3bkwXli1Kt9J4JkX2gVuEKwoo=","NEON.BET.D15.000134","CARSP14","Carabidae sp.","family",,"Latreille","D15.2014.MorphB","Arnett Jr., R. H., and M. C. Thomas. 2001. American Beetles Archosemata, Myxophaga, Adephaga, Polyphaga: Staphyliniformia. 1st Vol. (C. Press, Ed.). 1st Ed. Boca Raton, FL.",,"z9Nb0fxJczdmi0utaYua6PSPTHDIrAD9","/h2P7iNCFob6MrtXvZ/0KV0VExqkPzVY","Tribe: Lebiini"
"e5a8f610-1449-4987-8d59-97ba55079c00","ONAQ_012.basePlot.bet","D15","ONAQ","ONAQ_012","N","2014-09-03","2014-09-11","2015-04-14","2015-04-14","f9VgFEDSFE7sqbkimK3bkwXli1Kt9J4JkX2gVuEKwoo=","NEON.BET.D15.000133","CARSP14","Carabidae sp.","family",,"Latreille","D15.2014.MorphB","Arnett Jr., R. H., and M. C. Thomas. 2001. American Beetles Archosemata, Myxophaga, Adephaga, Polyphaga: Staphyliniformia. 1st Vol. (C. Press, Ed.). 1st Ed. Boca Raton, FL.",,"z9Nb0fxJczdmi0utaYua6PSPTHDIrAD9","/h2P7iNCFob6MrtXvZ/0KV0VExqkPzVY","Tribe: Lebiini"
"991d2a2b-952f-4322-8b0b-dc41473cdeaf","ONAQ_012.basePlot.bet","D15","ONAQ","ONAQ_012","N","2014-09-03","2014-09-11","2015-04-14","2015-04-14","f9VgFEDSFE7sqbkimK3bkwXli1Kt9J4JkX2gVuEKwoo=","NEON.BET.D15.000137","CARSP14","Carabidae sp.","family",,"Latreille","D15.2014.MorphB","Arnett Jr., R. H., and M. C. Thomas. 2001. American Beetles Archosemata, Myxophaga, Adephaga, Polyphaga: Staphyliniformia. 1st Vol. (C. Press, Ed.). 1st Ed. Boca Raton, FL.",,"z9Nb0fxJczdmi0utaYua6PSPTHDIrAD9","/h2P7iNCFob6MrtXvZ/0KV0VExqkPzVY","Tribe: Lebiini"
"9a4d1f3b-e7e4-470b-a5d9-d6fe45391308","ONAQ_012.basePlot.bet","D15","ONAQ","ONAQ_012","N","2014-09-03","2014-09-11","2015-04-14","2015-04-14","f9VgFEDSFE7sqbkimK3bkwXli1Kt9J4JkX2gVuEKwoo=","NEON.BET.D15.000132","CARSP14","Carabidae sp.","family",,"Latreille","D15.2014.MorphB","Arnett Jr., R. H., and M. C. Thomas. 2001. American Beetles Archosemata, Myxophaga, Adephaga, Polyphaga: Staphyliniformia. 1st Vol. (C. Press, Ed.). 1st Ed. Boca Raton, FL.",,"z9Nb0fxJczdmi0utaYua6PSPTHDIrAD9","/h2P7iNCFob6MrtXvZ/0KV0VExqkPzVY","Tribe: Lebiini"
"1e385907-08ab-4411-8b74-496d17f59961","ONAQ_012.basePlot.bet","D15","ONAQ","ONAQ_012","N","2014-09-03","2014-09-11","2015-04-14","2015-04-14","f9VgFEDSFE7sqbkimK3bkwXli1Kt9J4JkX2gVuEKwoo=","NEON.BET.D15.000131","CARSP14","Carabidae sp.","family",,"Latreille","D15.2014.MorphB","Arnett Jr., R. H., and M. C. Thomas. 2001. American Beetles Archosemata, Myxophaga, Adephaga, Polyphaga: Staphyliniformia. 1st Vol. (C. Press, Ed.). 1st Ed. Boca Raton, FL.",,"z9Nb0fxJczdmi0utaYua6PSPTHDIrAD9","/h2P7iNCFob6MrtXvZ/0KV0VExqkPzVY","Tribe: Lebiini"
"bdfecf99-a4e5-4518-9b16-0a597708a8ae","ONAQ_012.basePlot.bet","D15","ONAQ","ONAQ_012","N","2014-09-03","2014-09-11","2015-04-14","2015-04-14","f9VgFEDSFE7sqbkimK3bkwXli1Kt9J4JkX2gVuEKwoo=","NEON.BET.D15.000127","CARSP14","Carabidae sp.","family",,"Latreille","D15.2014.MorphB","Arnett Jr., R. H., and M. C. Thomas. 2001. American Beetles Archosemata, Myxophaga, Adephaga, Polyphaga: Staphyliniformia. 1st Vol. (C. Press, Ed.). 1st Ed. Boca Raton, FL.",,"z9Nb0fxJczdmi0utaYua6PSPTHDIrAD9","/h2P7iNCFob6MrtXvZ/0KV0VExqkPzVY","Tribe: Lebiini"
"74beeed4-e93f-4964-8de9-f88dcbac1ccf","ONAQ_012.basePlot.bet","D15","ONAQ","ONAQ_012","N","2014-09-03","2014-09-11","2015-04-14","2015-04-14","f9VgFEDSFE7sqbkimK3bkwXli1Kt9J4JkX2gVuEKwoo=","NEON.BET.D15.000129","CARSP14","Carabidae sp.","family",,"Latreille","D15.2014.MorphB","Arnett Jr., R. H., and M. C. Thomas. 2001. American Beetles Archosemata, Myxophaga, Adephaga, Polyphaga: Staphyliniformia. 1st Vol. (C. Press, Ed.). 1st Ed. Boca Raton, FL.",,"z9Nb0fxJczdmi0utaYua6PSPTHDIrAD9","/h2P7iNCFob6MrtXvZ/0KV0VExqkPzVY","Tribe: Lebiini"
"cc0e76ea-6f2a-4992-b33a-e288a18042de","ONAQ_012.basePlot.bet","D15","ONAQ","ONAQ_012","N","2014-09-03","2014-09-11","2015-04-14","2015-04-14","f9VgFEDSFE7sqbkimK3bkwXli1Kt9J4JkX2gVuEKwoo=","NEON.BET.D15.000124","CARSP14","Carabidae sp.","family",,"Latreille","D15.2014.MorphB","Arnett Jr., R. H., and M. C. Thomas. 2001. American Beetles Archosemata, Myxophaga, Adephaga, Polyphaga: Staphyliniformia. 1st Vol. (C. Press, Ed.). 1st Ed. Boca Raton, FL.",,"z9Nb0fxJczdmi0utaYua6PSPTHDIrAD9","/h2P7iNCFob6MrtXvZ/0KV0VExqkPzVY","Tribe: Lebiini"
"90a5a90c-156b-4074-bf20-506a6b192bfa","ONAQ_012.basePlot.bet","D15","ONAQ","ONAQ_012","N","2014-09-03","2014-09-11","2015-04-14","2015-04-14","f9VgFEDSFE7sqbkimK3bkwXli1Kt9J4JkX2gVuEKwoo=","NEON.BET.D15.000128","CARSP14","Carabidae sp.","family",,"Latreille","D15.2014.MorphB","Arnett Jr., R. H., and M. C. Thomas. 2001. American Beetles Archosemata, Myxophaga, Adephaga, Polyphaga: Staphyliniformia. 1st Vol. (C. Press, Ed.). 1st Ed. Boca Raton, FL.",,"z9Nb0fxJczdmi0utaYua6PSPTHDIrAD9","/h2P7iNCFob6MrtXvZ/0KV0VExqkPzVY","Tribe: Lebiini"
"56b22b4c-c947-4b52-8bf2-0d8a8927c51d","ONAQ_012.basePlot.bet","D15","ONAQ","ONAQ_012","N","2014-09-03","2014-09-11","2015-04-14","2015-04-14","f9VgFEDSFE7sqbkimK3bkwXli1Kt9J4JkX2gVuEKwoo=","NEON.BET.D15.000126","CARSP14","Carabidae sp.","family",,"Latreille","D15.2014.MorphB","Arnett Jr., R. H., and M. C. Thomas. 2001. American Beetles Archosemata, Myxophaga, Adephaga, Polyphaga: Staphyliniformia. 1st Vol. (C. Press, Ed.). 1st Ed. Boca Raton, FL.",,"z9Nb0fxJczdmi0utaYua6PSPTHDIrAD9","/h2P7iNCFob6MrtXvZ/0KV0VExqkPzVY","Tribe: Lebiini"
"64b57b3e-743a-44fa-b961-62f0035f9586","ONAQ_002.basePlot.bet","D15","ONAQ","ONAQ_002","S","2014-09-03","2014-09-11","2015-04-13","2015-04-13","sFUsB1SyHExPuO7u3i2Zk+dybMlc9pG/gNxOZEp4CNw=","NEON.BET.D15.000045","CARSP14","Carabidae sp.","family",,"Latreille","D15.2014.MorphC","Arnett Jr., R. H., and M. C. Thomas. 2001. American Beetles Archosemata, Myxophaga, Adephaga, Polyphaga: Staphyliniformia. 1st Vol. (C. Press, Ed.). 1st Ed. Boca Raton, FL.",,"z9Nb0fxJczdmi0utaYua6PSPTHDIrAD9","/h2P7iNCFob6MrtXvZ/0KV0VExqkPzVY","Tribe: Zabrini"
"1bfd5ae0-90be-4ff6-b17f-da4a336deba1","ONAQ_002.basePlot.bet","D15","ONAQ","ONAQ_002","S","2014-09-03","2014-09-11","2015-04-13","2015-04-13","sFUsB1SyHExPuO7u3i2Zk+dybMlc9pG/gNxOZEp4CNw=","NEON.BET.D15.000052","CARSP14","Carabidae sp.","family",,"Latreille","D15.2014.MorphC","Arnett Jr., R. H., and M. C. Thomas. 2001. American Beetles Archosemata, Myxophaga, Adephaga, Polyphaga: Staphyliniformia. 1st Vol. (C. Press, Ed.). 1st Ed. Boca Raton, FL.",,"z9Nb0fxJczdmi0utaYua6PSPTHDIrAD9","/h2P7iNCFob6MrtXvZ/0KV0VExqkPzVY","Tribe: Zabrini"
"7b9cef42-74b4-43b6-ab94-d1969dbed5e2","ONAQ_002.basePlot.bet","D15","ONAQ","ONAQ_002","S","2014-09-03","2014-09-11","2015-04-13","2015-04-13","sFUsB1SyHExPuO7u3i2Zk+dybMlc9pG/gNxOZEp4CNw=","NEON.BET.D15.000050","CARSP14","Carabidae sp.","family",,"Latreille","D15.2014.MorphC","Arnett Jr., R. H., and M. C. Thomas. 2001. American Beetles Archosemata, Myxophaga, Adephaga, Polyphaga: Staphyliniformia. 1st Vol. (C. Press, Ed.). 1st Ed. Boca Raton, FL.",,"z9Nb0fxJczdmi0utaYua6PSPTHDIrAD9","/h2P7iNCFob6MrtXvZ/0KV0VExqkPzVY","Tribe: Zabrini"
"eb52c7db-ae82-46a0-a95a-ff566f988dc4","ONAQ_002.basePlot.bet","D15","ONAQ","ONAQ_002","S","2014-09-03","2014-09-11","2015-04-13","2015-04-13","sFUsB1SyHExPuO7u3i2Zk+dybMlc9pG/gNxOZEp4CNw=","NEON.BET.D15.000026","CARSP14","Carabidae sp.","family",,"Latreille","D15.2014.MorphB","Arnett Jr., R. H., and M. C. Thomas. 2001. American Beetles Archosemata, Myxophaga, Adephaga, Polyphaga: Staphyliniformia. 1st Vol. (C. Press, Ed.). 1st Ed. Boca Raton, FL.",,"z9Nb0fxJczdmi0utaYua6PSPTHDIrAD9","/h2P7iNCFob6MrtXvZ/0KV0VExqkPzVY","Tribe: Lebiini"
"fb7b1f16-acb5-4191-a643-421da7dd7a8f","ONAQ_008.basePlot.bet","D15","ONAQ","ONAQ_008","S","2014-09-03","2014-09-11","2015-04-20","2015-04-20","+TPYXpQPuKynuAltgUpFLqtyHInyJ6JCvg+EEk7J0NM=","NEON.BET.D15.000239","CARSP14","Carabidae sp.","family",,"Latreille","D15.2014.MorphB","Arnett Jr., R. H., and M. C. Thomas. 2001. American Beetles Archosemata, Myxophaga, Adephaga, Polyphaga: Staphyliniformia. 1st Vol. (C. Press, Ed.). 1st Ed. Boca Raton, FL.",,"z9Nb0fxJczdmi0utaYua6PSPTHDIrAD9","/h2P7iNCFob6MrtXvZ/0KV0VExqkPzVY","Tribe: Lebiini"
"d6d9d1f8-1579-483d-9e31-bc4ae2a62f7d","ONAQ_010.basePlot.bet","D15","ONAQ","ONAQ_010","S","2014-09-03","2014-09-11","2015-04-21","2015-04-20","M9mpm55gKLXTZ5p5TNLvDWHzcArmyenBVOBOHlJriRY=","NEON.BET.D15.000244","CARSP14","Carabidae sp.","family",,"Latreille","D15.2014.MorphB","Arnett Jr., R. H., and M. C. Thomas. 2001. American Beetles Archosemata, Myxophaga, Adephaga, Polyphaga: Staphyliniformia. 1st Vol. (C. Press, Ed.). 1st Ed. Boca Raton, FL.",,"z9Nb0fxJczdmi0utaYua6PSPTHDIrAD9","/h2P7iNCFob6MrtXvZ/0KV0VExqkPzVY","Tribe: Lebiini"
"4a3d742f-54a1-4771-b554-b888cfa048f9","ONAQ_010.basePlot.bet","D15","ONAQ","ONAQ_010","S","2014-09-03","2014-09-11","2015-04-14","2015-04-14","M9mpm55gKLXTZ5p5TNLvDWHzcArmyenBVOBOHlJriRY=","NEON.BET.D15.000100","CARSP14","Carabidae sp.","family",,"Latreille","D15.2014.MorphC","Arnett Jr., R. H., and M. C. Thomas. 2001. American Beetles Archosemata, Myxophaga, Adephaga, Polyphaga: Staphyliniformia. 1st Vol. (C. Press, Ed.). 1st Ed. Boca Raton, FL.",,"z9Nb0fxJczdmi0utaYua6PSPTHDIrAD9","/h2P7iNCFob6MrtXvZ/0KV0VExqkPzVY","Tribe: Zabrini"
"a493ace7-0216-487c-a423-8559dc15b0f3","ONAQ_010.basePlot.bet","D15","ONAQ","ONAQ_010","N","2014-09-03","2014-09-11","2015-04-21","2014-04-20","M9mpm55gKLWhGshJYKadhTR4YdHYGWL7pZdV+NHZVnE=","NEON.BET.D15.000243","CARSP14","Carabidae sp.","family",,"Latreille","D15.2014.MorphB","Arnett Jr., R. H., and M. C. Thomas. 2001. American Beetles Archosemata, Myxophaga, Adephaga, Polyphaga: Staphyliniformia. 1st Vol. (C. Press, Ed.). 1st Ed. Boca Raton, FL.",,"z9Nb0fxJczdmi0utaYua6PSPTHDIrAD9","/h2P7iNCFob6MrtXvZ/0KV0VExqkPzVY","Tribe: Lebiini"
"6f8f0d2b-8017-4672-9883-e6cf898eb5fd","ONAQ_004.basePlot.bet","D15","ONAQ","ONAQ_004","N","2014-09-03","2014-09-11","2015-04-20","2015-04-20","oF4AZF7DP5m19UVkH1LyhR+z642u9reqVTlPPot9bz4=","NEON.BET.D15.000224","CARSP14","Carabidae sp.","family",,"Latreille","D15.2014.MorphB","Arnett Jr., R. H., and M. C. Thomas. 2001. American Beetles Archosemata, Myxophaga, Adephaga, Polyphaga: Staphyliniformia. 1st Vol. (C. Press, Ed.). 1st Ed. Boca Raton, FL.",,"z9Nb0fxJczdmi0utaYua6PSPTHDIrAD9","/h2P7iNCFob6MrtXvZ/0KV0VExqkPzVY","Tribe: Lebiini"
"a7461d02-b3a7-448e-ba7f-826c4ed5d562","ONAQ_004.basePlot.bet","D15","ONAQ","ONAQ_004","S","2014-09-03","2014-09-11","2015-04-20","2015-04-20","oF4AZF7DP5kpxOVfzLPZSANnH8kJt64DR3i40kYisug=","NEON.BET.D15.000226","CARSP14","Carabidae sp.","family",,"Latreille","D15.2014.MorphC","Arnett Jr., R. H., and M. C. Thomas. 2001. American Beetles Archosemata, Myxophaga, Adephaga, Polyphaga: Staphyliniformia. 1st Vol. (C. Press, Ed.). 1st Ed. Boca Raton, FL.",,"z9Nb0fxJczdmi0utaYua6PSPTHDIrAD9","/h2P7iNCFob6MrtXvZ/0KV0VExqkPzVY","Tribe: Zabrini"
"a6cbbb5a-84b1-49ca-aa0c-f24eab4389fb","ONAQ_004.basePlot.bet","D15","ONAQ","ONAQ_004","N","2014-09-03","2014-09-11","2015-04-20","2015-04-20","oF4AZF7DP5m19UVkH1LyhR+z642u9reqBVqa1e7IrEQ=","NEON.BET.D15.000225","CARSP14","Carabidae sp.","family",,"Latreille","D15.2014.MorphC","Arnett Jr., R. H., and M. C. Thomas. 2001. American Beetles Archosemata, Myxophaga, Adephaga, Polyphaga: Staphyliniformia. 1st Vol. (C. Press, Ed.). 1st Ed. Boca Raton, FL.",,"z9Nb0fxJczdmi0utaYua6PSPTHDIrAD9","/h2P7iNCFob6MrtXvZ/0KV0VExqkPzVY","Tribe: Zabrini"
"a700d758-d695-4d46-a6e1-d67ccb59c1ed","ONAQ_012.basePlot.bet","D15","ONAQ","ONAQ_012","W","2014-09-03","2014-09-11","2015-04-14","2015-04-14","f9VgFEDSFE7Hy9zrTdEDMxN6m+5iBaLxhjbolTkoHiU=","NEON.BET.D15.000149","CARSP14","Carabidae sp.","family",,"Latreille","D15.2014.MorphB","Arnett Jr., R. H., and M. C. Thomas. 2001. American Beetles Archosemata, Myxophaga, Adephaga, Polyphaga: Staphyliniformia. 1st Vol. (C. Press, Ed.). 1st Ed. Boca Raton, FL.",,"z9Nb0fxJczdmi0utaYua6PSPTHDIrAD9","/h2P7iNCFob6MrtXvZ/0KV0VExqkPzVY","Tribe: Lebiini"
"c23599e5-a554-4d6a-8485-ae433ca2bf41","ONAQ_012.basePlot.bet","D15","ONAQ","ONAQ_012","W","2014-09-03","2014-09-11","2015-04-14","2015-04-14","f9VgFEDSFE7Hy9zrTdEDMxN6m+5iBaLxhjbolTkoHiU=","NEON.BET.D15.000151","CARSP14","Carabidae sp.","family",,"Latreille","D15.2014.MorphB","Arnett Jr., R. H., and M. C. Thomas. 2001. American Beetles Archosemata, Myxophaga, Adephaga, Polyphaga: Staphyliniformia. 1st Vol. (C. Press, Ed.). 1st Ed. Boca Raton, FL.",,"z9Nb0fxJczdmi0utaYua6PSPTHDIrAD9","/h2P7iNCFob6MrtXvZ/0KV0VExqkPzVY","Tribe: Lebiini"
"227afd51-b8bf-45e3-a8da-ac17c87ea5c7","ONAQ_012.basePlot.bet","D15","ONAQ","ONAQ_012","W","2014-09-03","2014-09-11","2015-04-14","2015-04-14","f9VgFEDSFE7Hy9zrTdEDMxN6m+5iBaLxhjbolTkoHiU=","NEON.BET.D15.000148","CARSP14","Carabidae sp.","family",,"Latreille","D15.2014.MorphB","Arnett Jr., R. H., and M. C. Thomas. 2001. American Beetles Archosemata, Myxophaga, Adephaga, Polyphaga: Staphyliniformia. 1st Vol. (C. Press, Ed.). 1st Ed. Boca Raton, FL.",,"z9Nb0fxJczdmi0utaYua6PSPTHDIrAD9","/h2P7iNCFob6MrtXvZ/0KV0VExqkPzVY","Tribe: Lebiini"
"937beba4-4d12-4eef-a6b6-5395fb9c02ee","ONAQ_012.basePlot.bet","D15","ONAQ","ONAQ_012","W","2014-09-03","2014-09-11","2015-04-14","2015-04-14","f9VgFEDSFE7Hy9zrTdEDMxN6m+5iBaLxhjbolTkoHiU=","NEON.BET.D15.000150","CARSP14","Carabidae sp.","family",,"Latreille","D15.2014.MorphB","Arnett Jr., R. H., and M. C. Thomas. 2001. American Beetles Archosemata, Myxophaga, Adephaga, Polyphaga: Staphyliniformia. 1st Vol. (C. Press, Ed.). 1st Ed. Boca Raton, FL.",,"z9Nb0fxJczdmi0utaYua6PSPTHDIrAD9","/h2P7iNCFob6MrtXvZ/0KV0VExqkPzVY","Tribe: Lebiini"
"10316845-76ad-4c7c-8947-0f9abaa6ab04","ONAQ_012.basePlot.bet","D15","ONAQ","ONAQ_012","W","2014-09-03","2014-09-11","2015-04-15","2015-04-15","f9VgFEDSFE7Hy9zrTdEDMxN6m+5iBaLxhjbolTkoHiU=","NEON.BET.D15.000161","CARSP14","Carabidae sp.","family",,"Latreille","D15.2014.MorphC","Arnett Jr., R. H., and M. C. Thomas. 2001. American Beetles Archosemata, Myxophaga, Adephaga, Polyphaga: Staphyliniformia. 1st Vol. (C. Press, Ed.). 1st Ed. Boca Raton, FL.",,"z9Nb0fxJczdmi0utaYua6PSPTHDIrAD9","/h2P7iNCFob6MrtXvZ/0KV0VExqkPzVY","Tribe: Zabvini"
"bf154aef-2157-4f1f-9380-03812bc5e6ad","ONAQ_002.basePlot.bet","D15","ONAQ","ONAQ_002","S","2014-09-03","2014-09-11","2015-04-13","2015-04-13","sFUsB1SyHExPuO7u3i2Zk+dybMlc9pG/gNxOZEp4CNw=","NEON.BET.D15.000044","CARSP14","Carabidae sp.","family",,"Latreille","D15.2014.MorphC","Arnett Jr., R. H., and M. C. Thomas. 2001. American Beetles Archosemata, Myxophaga, Adephaga, Polyphaga: Staphyliniformia. 1st Vol. (C. Press, Ed.). 1st Ed. Boca Raton, FL.",,"z9Nb0fxJczdmi0utaYua6PSPTHDIrAD9","/h2P7iNCFob6MrtXvZ/0KV0VExqkPzVY","Tribe: Zabrini"
"86754a7c-30e6-4e11-92ef-7d26ae3df9c8","ONAQ_002.basePlot.bet","D15","ONAQ","ONAQ_002","S","2014-09-03","2014-09-11","2015-04-13","2015-04-13","sFUsB1SyHExPuO7u3i2Zk+dybMlc9pG/gNxOZEp4CNw=","NEON.BET.D15.000051","CARSP14","Carabidae sp.","family",,"Latreille","D15.2014.MorphC","Arnett Jr., R. H., and M. C. Thomas. 2001. American Beetles Archosemata, Myxophaga, Adephaga, Polyphaga: Staphyliniformia. 1st Vol. (C. Press, Ed.). 1st Ed. Boca Raton, FL.",,"z9Nb0fxJczdmi0utaYua6PSPTHDIrAD9","/h2P7iNCFob6MrtXvZ/0KV0VExqkPzVY","Tribe: Zabrini"
"26ccc179-91d3-43a8-a802-7373eb978c00","ONAQ_002.basePlot.bet","D15","ONAQ","ONAQ_002","S","2014-09-03","2014-09-11","2015-04-13","2015-04-13","sFUsB1SyHExPuO7u3i2Zk+dybMlc9pG/gNxOZEp4CNw=","NEON.BET.D15.000024","CARSP14","Carabidae sp.","family",,"Latreille","D15.2014.MorphB","Arnett Jr., R. H., and M. C. Thomas. 2001. American Beetles Archosemata, Myxophaga, Adephaga, Polyphaga: Staphyliniformia. 1st Vol. (C. Press, Ed.). 1st Ed. Boca Raton, FL.",,"z9Nb0fxJczdmi0utaYua6PSPTHDIrAD9","/h2P7iNCFob6MrtXvZ/0KV0VExqkPzVY","Tribe: Lebiini"
"4046f6d6-ce5d-4ade-afb4-8e358547a595","ONAQ_002.basePlot.bet","D15","ONAQ","ONAQ_002","S","2014-09-03","2014-09-11","2015-04-13","2015-04-13","sFUsB1SyHExPuO7u3i2Zk+dybMlc9pG/gNxOZEp4CNw=","NEON.BET.D15.000046","CARSP14","Carabidae sp.","family",,"Latreille","D15.2014.MorphC","Arnett Jr., R. H., and M. C. Thomas. 2001. American Beetles Archosemata, Myxophaga, Adephaga, Polyphaga: Staphyliniformia. 1st Vol. (C. Press, Ed.). 1st Ed. Boca Raton, FL.",,"z9Nb0fxJczdmi0utaYua6PSPTHDIrAD9","/h2P7iNCFob6MrtXvZ/0KV0VExqkPzVY","Tribe: Zabrini"
"bdb43efd-5394-4715-aa97-4771634529b8","ONAQ_002.basePlot.bet","D15","ONAQ","ONAQ_002","S","2014-09-03","2014-09-11","2015-04-13","2015-04-13","sFUsB1SyHExPuO7u3i2Zk+dybMlc9pG/gNxOZEp4CNw=","NEON.BET.D15.000049","CARSP14","Carabidae sp.","family",,"Latreille","D15.2014.MorphC","Arnett Jr., R. H., and M. C. Thomas. 2001. American Beetles Archosemata, Myxophaga, Adephaga, Polyphaga: Staphyliniformia. 1st Vol. (C. Press, Ed.). 1st Ed. Boca Raton, FL.",,"z9Nb0fxJczdmi0utaYua6PSPTHDIrAD9","/h2P7iNCFob6MrtXvZ/0KV0VExqkPzVY","Tribe: Zabrini"
"5aaf2014-95ab-4d4d-85cd-6fbe0a18d64c","ONAQ_002.basePlot.bet","D15","ONAQ","ONAQ_002","S","2014-09-03","2014-09-11","2015-04-13","2015-04-13","sFUsB1SyHExPuO7u3i2Zk+dybMlc9pG/gNxOZEp4CNw=","NEON.BET.D15.000048","CARSP14","Carabidae sp.","family",,"Latreille","D15.2014.MorphC","Arnett Jr., R. H., and M. C. Thomas. 2001. American Beetles Archosemata, Myxophaga, Adephaga, Polyphaga: Staphyliniformia. 1st Vol. (C. Press, Ed.). 1st Ed. Boca Raton, FL.",,"z9Nb0fxJczdmi0utaYua6PSPTHDIrAD9","/h2P7iNCFob6MrtXvZ/0KV0VExqkPzVY","Tribe: Zabrini"
"0f9f0dca-59b8-47ae-84bf-9527b00cece7","ONAQ_002.basePlot.bet","D15","ONAQ","ONAQ_002","S","2014-09-03","2014-09-11","2015-04-13","2015-04-13","sFUsB1SyHExPuO7u3i2Zk+dybMlc9pG/gNxOZEp4CNw=","NEON.BET.D15.000027","CARSP14","Carabidae sp.","family",,"Latreille","D15.2014.MorphB","Arnett Jr., R. H., and M. C. Thomas. 2001. American Beetles Archosemata, Myxophaga, Adephaga, Polyphaga: Staphyliniformia. 1st Vol. (C. Press, Ed.). 1st Ed. Boca Raton, FL.",,"z9Nb0fxJczdmi0utaYua6PSPTHDIrAD9","/h2P7iNCFob6MrtXvZ/0KV0VExqkPzVY","Tribe: Lebiini"
"d5d46b00-7b3e-40ef-896e-bb027b67d0e8","ONAQ_002.basePlot.bet","D15","ONAQ","ONAQ_002","S","2014-09-03","2014-09-11","2015-04-13","2015-04-13","sFUsB1SyHExPuO7u3i2Zk+dybMlc9pG/gNxOZEp4CNw=","NEON.BET.D15.000055","CARSP14","Carabidae sp.","family",,"Latreille","D15.2014.MorphC","Arnett Jr., R. H., and M. C. Thomas. 2001. American Beetles Archosemata, Myxophaga, Adephaga, Polyphaga: Staphyliniformia. 1st Vol. (C. Press, Ed.). 1st Ed. Boca Raton, FL.",,"z9Nb0fxJczdmi0utaYua6PSPTHDIrAD9","/h2P7iNCFob6MrtXvZ/0KV0VExqkPzVY","Tribe: Zabrini"
"24f9a551-5663-4f9a-9ae6-104d728dfd83","ONAQ_002.basePlot.bet","D15","ONAQ","ONAQ_002","S","2014-09-03","2014-09-11","2015-04-13","2015-04-13","sFUsB1SyHExPuO7u3i2Zk+dybMlc9pG/gNxOZEp4CNw=","NEON.BET.D15.000053","CARSP14","Carabidae sp.","family",,"Latreille","D15.2014.MorphC","Arnett Jr., R. H., and M. C. Thomas. 2001. American Beetles Archosemata, Myxophaga, Adephaga, Polyphaga: Staphyliniformia. 1st Vol. (C. Press, Ed.). 1st Ed. Boca Raton, FL.",,"z9Nb0fxJczdmi0utaYua6PSPTHDIrAD9","/h2P7iNCFob6MrtXvZ/0KV0VExqkPzVY","Tribe: Zabrini"
"87a0a99f-a2eb-49da-aaae-31ec0a3cfbc8","ONAQ_002.basePlot.bet","D15","ONAQ","ONAQ_002","S","2014-09-03","2014-09-11","2015-04-13","2015-04-13","sFUsB1SyHExPuO7u3i2Zk+dybMlc9pG/gNxOZEp4CNw=","NEON.BET.D15.000022","CARSP14","Carabidae sp.","family",,"Latreille","D15.2014.MorphB","Arnett Jr., R. H., and M. C. Thomas. 2001. American Beetles Archosemata, Myxophaga, Adephaga, Polyphaga: Staphyliniformia. 1st Vol. (C. Press, Ed.). 1st Ed. Boca Raton, FL.",,"z9Nb0fxJczdmi0utaYua6PSPTHDIrAD9","/h2P7iNCFob6MrtXvZ/0KV0VExqkPzVY","Tribe: Lebiini"
"cba916fe-b68b-408a-b2a6-d716505df214","ONAQ_002.basePlot.bet","D15","ONAQ","ONAQ_002","S","2014-09-03","2014-09-11","2015-04-13","2015-04-13","sFUsB1SyHExPuO7u3i2Zk+dybMlc9pG/gNxOZEp4CNw=","NEON.BET.D15.000025","CARSP14","Carabidae sp.","family",,"Latreille","D15.2014.MorphB","Arnett Jr., R. H., and M. C. Thomas. 2001. American Beetles Archosemata, Myxophaga, Adephaga, Polyphaga: Staphyliniformia. 1st Vol. (C. Press, Ed.). 1st Ed. Boca Raton, FL.",,"z9Nb0fxJczdmi0utaYua6PSPTHDIrAD9","/h2P7iNCFob6MrtXvZ/0KV0VExqkPzVY","Tribe: Lebiini"
"de0ee273-0876-4ef1-9eea-8912addbc214","ONAQ_002.basePlot.bet","D15","ONAQ","ONAQ_002","S","2014-09-03","2014-09-11","2015-04-13","2015-04-13","sFUsB1SyHExPuO7u3i2Zk+dybMlc9pG/gNxOZEp4CNw=","NEON.BET.D15.000047","CARSP14","Carabidae sp.","family",,"Latreille","D15.2014.MorphC","Arnett Jr., R. H., and M. C. Thomas. 2001. American Beetles Archosemata, Myxophaga, Adephaga, Polyphaga: Staphyliniformia. 1st Vol. (C. Press, Ed.). 1st Ed. Boca Raton, FL.",,"z9Nb0fxJczdmi0utaYua6PSPTHDIrAD9","/h2P7iNCFob6MrtXvZ/0KV0VExqkPzVY","Tribe: Zabrini"
"0659dc80-653c-43e7-ae70-8a411e88498e","ONAQ_002.basePlot.bet","D15","ONAQ","ONAQ_002","S","2014-09-03","2014-09-11","2015-04-13","2015-04-13","sFUsB1SyHExPuO7u3i2Zk+dybMlc9pG/gNxOZEp4CNw=","NEON.BET.D15.000054","CARSP14","Carabidae sp.","family",,"Latreille","D15.2014.MorphC","Arnett Jr., R. H., and M. C. Thomas. 2001. American Beetles Archosemata, Myxophaga, Adephaga, Polyphaga: Staphyliniformia. 1st Vol. (C. Press, Ed.). 1st Ed. Boca Raton, FL.",,"z9Nb0fxJczdmi0utaYua6PSPTHDIrAD9","/h2P7iNCFob6MrtXvZ/0KV0VExqkPzVY","Tribe: Zabrini"
"e230f0ea-03f8-46ca-a96c-5fa05b3733d4","ONAQ_002.basePlot.bet","D15","ONAQ","ONAQ_002","S","2014-09-03","2014-09-11","2015-04-13","2015-04-13","sFUsB1SyHExPuO7u3i2Zk+dybMlc9pG/gNxOZEp4CNw=","NEON.BET.D15.000023","CARSP14","Carabidae sp.","family",,"Latreille","D15.2014.MorphB","Arnett Jr., R. H., and M. C. Thomas. 2001. American Beetles Archosemata, Myxophaga, Adephaga, Polyphaga: Staphyliniformia. 1st Vol. (C. Press, Ed.). 1st Ed. Boca Raton, FL.",,"z9Nb0fxJczdmi0utaYua6PSPTHDIrAD9","/h2P7iNCFob6MrtXvZ/0KV0VExqkPzVY","Tribe: Lebiini"
"a0b119dc-bfab-43ee-a1bd-bc5449080991","ONAQ_010.basePlot.bet","D15","ONAQ","ONAQ_010","W","2014-09-03","2014-09-11","2015-04-21","2015-04-20","M9mpm55gKLXC9OEK69+NE9JlttvqON/lXBAPZpxfadY=","NEON.BET.D15.000246","CARSP14","Carabidae sp.","family",,"Latreille","D15.2014.MorphB","Arnett Jr., R. H., and M. C. Thomas. 2001. American Beetles Archosemata, Myxophaga, Adephaga, Polyphaga: Staphyliniformia. 1st Vol. (C. Press, Ed.). 1st Ed. Boca Raton, FL.",,"z9Nb0fxJczdmi0utaYua6PSPTHDIrAD9","/h2P7iNCFob6MrtXvZ/0KV0VExqkPzVY","Tribe: Lebiini"
"d8f888d0-a231-4c69-b21f-a2176b62e63b","ONAQ_004.basePlot.bet","D15","ONAQ","ONAQ_004","W","2014-09-03","2014-09-11","2015-04-20","2015-04-20","oF4AZF7DP5k+SGllHZ5qcL/mNq04O3dMfGUutoV7UCo=","NEON.BET.D15.000230","CARSP14","Carabidae sp.","family",,"Latreille","D15.2014.MorphC","Arnett Jr., R. H., and M. C. Thomas. 2001. American Beetles Archosemata, Myxophaga, Adephaga, Polyphaga: Staphyliniformia. 1st Vol. (C. Press, Ed.). 1st Ed. Boca Raton, FL.",,"z9Nb0fxJczdmi0utaYua6PSPTHDIrAD9","/h2P7iNCFob6MrtXvZ/0KV0VExqkPzVY","Tribe: Zabrini"
"707ed2b1-ecc1-4e9d-9206-feb3bb30d9fa","ONAQ_004.basePlot.bet","D15","ONAQ","ONAQ_004","W","2014-09-03","2014-09-11","2015-04-20","2015-04-20","oF4AZF7DP5k+SGllHZ5qcL/mNq04O3dMIj6ljB315Pg=","NEON.BET.D15.000231","CARSP14","Carabidae sp.","family",,"Latreille","D15.2014.MorphB","Arnett Jr., R. H., and M. C. Thomas. 2001. American Beetles Archosemata, Myxophaga, Adephaga, Polyphaga: Staphyliniformia. 1st Vol. (C. Press, Ed.). 1st Ed. Boca Raton, FL.",,"z9Nb0fxJczdmi0utaYua6PSPTHDIrAD9","/h2P7iNCFob6MrtXvZ/0KV0VExqkPzVY","Tribe: Lebiini"
