uid,namedLocation,domainID,siteID,plotID,trapID,setDate,collectDate,processingDate,etOHChangeDate,identifiedDate,sampleID,subsampleID,sampleType,taxonID,scientificName,taxonRank,identificationQualifier,scientificNameAuthorship,morphospeciesID,individualCount,identificationReferences,identifiedBy,recordedBy,remarks
"371428e7-7fc1-400b-9886-8dc3b98fac37","ONAQ_004.basePlot.bet","D15","ONAQ","ONAQ_004","S","2014-08-14","2014-09-03","2014-09-04","2015-04-17","2015-04-17","ONAQ_004.S.20140903","oF4AZF7DP5kpxOVfzLPZSEnURN7CMUOEqfp/THIJj7s=","carabid","CARSP14","Carabidae sp.","family",,"Latreille","D15.2014.MorphB",14,"Arnett Jr., R. H., and M. C. Thomas. 2001. American Beetles Archosemata, Myxophaga, Adephaga, Polyphaga: Staphyliniformia. 1st Vol. (C. Press, Ed.). 1st Ed. Boca Raton, FL.","z9Nb0fxJczdmi0utaYua6PSPTHDIrAD9","/h2P7iNCFob6MrtXvZ/0KV0VExqkPzVY","No remarks"
"4b7d0a86-3b3d-4fa8-ba62-70b19406b47c","ONAQ_004.basePlot.bet","D15","ONAQ","ONAQ_004","S","2014-08-14","2014-09-03","2014-09-04","2015-04-17","2015-04-17","ONAQ_004.S.20140903","oF4AZF7DP5kpxOVfzLPZSEnURN7CMUOEtc9dN3JXAgk=","carabid","CARSP14","Carabidae sp.","family",,"Latreille","D15.2014.MorphC",8,"Arnett Jr., R. H., and M. C. Thomas. 2001. American Beetles Archosemata, Myxophaga, Adephaga, Polyphaga: Staphyliniformia. 1st Vol. (C. Press, Ed.). 1st Ed. Boca Raton, FL.","z9Nb0fxJczdmi0utaYua6PSPTHDIrAD9","/h2P7iNCFob6MrtXvZ/0KV0VExqkPzVY",
"bf1b6e69-7cb8-42f2-9a79-e708235271dc","ONAQ_006.basePlot.bet","D15","ONAQ","ONAQ_006","S","2014-08-14","2014-09-03","2014-09-04","2015-04-17","2015-04-17","ONAQ_006.S.20140903","yp/8bbRjrLLRUJb42Jw/zPoAQqNzrFnDceFgKh78Da4=","carabid","CARSP14","Carabidae sp.","family",,"Latreille","D15.2014.MorphB",2,"Arnett Jr., R. H., and M. C. Thomas. 2001. American Beetles Archosemata, Myxophaga, Adephaga, Polyphaga: Staphyliniformia. 1st Vol. (C. Press, Ed.). 1st Ed. Boca Raton, FL.","z9Nb0fxJczdmi0utaYua6PSPTHDIrAD9","/h2P7iNCFob6MrtXvZ/0KV0VExqkPzVY",
"9745c661-9661-462c-aa11-4d301f0748cf","ONAQ_009.basePlot.bet","D15","ONAQ","ONAQ_009","S","2014-08-14","2014-09-03","2014-09-04","2014-09-08","2014-09-04","ONAQ_009.S.20140903","HS20H6sTX3Gzxj1TKeqZbMxVU+8UCvvFp1/I6D+KGvM=","vert bycatch herp","SCELSP","Sceloporus sp.","genus","cf. species",,,1,"Stebbins, R. C. and R. T. Peterson. 2003. A Peterson Field Guide to Western Reptiles and Amphibians. 3rd Ed. Houghton Mifflin Company, New York, NY.","z9Nb0fxJczdmi0utaYua6PSPTHDIrAD9","B5YzZg28369xWGye0Wf9qxMwC1Zdm1gM","Taken to Jack Sites lab at BYU according to state collection permit."
"bf8066ba-7fc4-4a9a-a298-116badef8546","ONAQ_007.basePlot.bet","D15","ONAQ","ONAQ_007","S","2014-08-14","2014-09-03","2014-09-04","2014-09-04",,"ONAQ_007.S.20140903","ucKi/aIj19nBknrJ9wEF3BsJzdQWkI0CgcOVWU/EZjM=","invert bycatch",,,,,,,,,,"MsOTQ1geTJhrCbvL1TRCXJuSny+2Sy71Zy8Sr48fw6g=",
"f4197ae1-0c23-4301-86b1-c15f93f22779","ONAQ_005.basePlot.bet","D15","ONAQ","ONAQ_005","W","2014-08-14","2014-09-03","2014-09-04","2014-09-05",,"ONAQ_005.W.20140903","zbCBMrXz8WmRwA6CAidS/uQXMwl7BqA7xcdGbiAWBGY=","invert bycatch",,,,,,,,,,"B5YzZg28369xWGye0Wf9qxMwC1Zdm1gM",
"8b4fc6d1-ff02-4c15-a0b2-91f949b499f1","ONAQ_012.basePlot.bet","D15","ONAQ","ONAQ_012","W","2014-08-14","2014-09-03","2014-09-04","2015-04-17","2015-04-17","ONAQ_012.W.20140903","f9VgFEDSFE7Hy9zrTdEDM1Enxj6WAXzx5vTdUlCdzGQ=","carabid","CARSP14","Carabidae sp.","family",,"Latreille","D15.2014.MorphB",1,"Arnett Jr., R. H., and M. C. Thomas. 2001. American Beetles Archosemata, Myxophaga, Adephaga, Polyphaga: Staphyliniformia. 1st Vol. (C. Press, Ed.). 1st Ed. Boca Raton, FL.","z9Nb0fxJczdmi0utaYua6PSPTHDIrAD9","/h2P7iNCFob6MrtXvZ/0KV0VExqkPzVY",
"a1334728-8f91-46be-88a1-554ca1674e7e","ONAQ_007.basePlot.bet","D15","ONAQ","ONAQ_007","W","2014-08-14","2014-09-03","2014-09-04","2014-09-04",,"ONAQ_007.W.20140903","ucKi/aIj19m5sFLwO3Nt901cqWwGHMnXhdNDwmYmgX0=","invert bycatch",,,,,,,,,,"MsOTQ1geTJhrCbvL1TRCXJuSny+2Sy71Zy8Sr48fw6g=",
"1a996e25-fd42-4c54-b9b2-f9ac173f9586","ONAQ_010.basePlot.bet","D15","ONAQ","ONAQ_010","W","2014-08-14","2014-09-03","2014-09-04","2015-04-17","2015-04-17","ONAQ_010.W.20140903","M9mpm55gKLXC9OEK69+NEyqNrISiSvyDry7oncAYarc=","carabid","CARSP14","Carabidae sp.","family",,"Latreille","D15.2014.MorphB",18,"Arnett Jr., R. H., and M. C. Thomas. 2001. American Beetles Archosemata, Myxophaga, Adephaga, Polyphaga: Staphyliniformia. 1st Vol. (C. Press, Ed.). 1st Ed. Boca Raton, FL.","z9Nb0fxJczdmi0utaYua6PSPTHDIrAD9","/h2P7iNCFob6MrtXvZ/0KV0VExqkPzVY",
"3c96e53a-c56a-4871-aafc-33e1a33f2c2f","ONAQ_008.basePlot.bet","D15","ONAQ","ONAQ_008","W","2014-08-14","2014-09-03","2014-09-04","2014-09-08",,"ONAQ_008.W.20140903","+TPYXpQPuKzJ9UBUupkxJjX49K6TpwylM5pnfYDfrHQ=","invert bycatch",,,,,,,,,,"MsOTQ1geTJhrCbvL1TRCXJuSny+2Sy71Zy8Sr48fw6g=",
"69124804-fefb-4bbd-9a47-a06f5caba2ff","ONAQ_003.basePlot.bet","D15","ONAQ","ONAQ_003","S","2014-08-14","2014-09-03","2014-09-04","2014-09-04",,"ONAQ_003.S.20140903","nIFIFPhA1d3Fn3fsF3Nl8EqdCCvaE+eNGYwGYJWsEOg=","invert bycatch",,,,,,,,,,"MsOTQ1geTJhrCbvL1TRCXJuSny+2Sy71Zy8Sr48fw6g=",
"3bb20847-0efc-44d5-b5cb-33ab65197604","ONAQ_004.basePlot.bet","D15","ONAQ","ONAQ_004","W","2014-08-14","2014-09-03","2014-09-04","2015-04-17","2015-04-17","ONAQ_004.W.20140903","oF4AZF7DP5k+SGllHZ5qcM/My35Rt6Tn0zwVdxZYekw=","carabid","CARSP14","Carabidae sp.","family",,"Latreille","D15.2014.MorphB",7,"Arnett Jr., R. H., and M. C. Thomas. 2001. American Beetles Archosemata, Myxophaga, Adephaga, Polyphaga: Staphyliniformia. 1st Vol. (C. Press, Ed.). 1st Ed. Boca Raton, FL.","z9Nb0fxJczdmi0utaYua6PSPTHDIrAD9","/h2P7iNCFob6MrtXvZ/0KV0VExqkPzVY",
"56499016-6729-4eac-8014-5f6e1c9d91f1","ONAQ_003.basePlot.bet","D15","ONAQ","ONAQ_003","W","2014-08-14","2014-09-03","2014-09-04","2014-09-04",,"ONAQ_003.W.20140903","nIFIFPhA1d3e5xFpjZcD6wAqT/sYyVZpe5yRWMqp0PE=","invert bycatch",,,,,,,,,,"MsOTQ1geTJhrCbvL1TRCXJuSny+2Sy71Zy8Sr48fw6g=",
"910cd499-039e-4db1-aa36-dabc4d59f3ac","ONAQ_006.basePlot.bet","D15","ONAQ","ONAQ_006","W","2014-08-14","2014-09-03","2014-09-04","2015-04-17","2015-04-17","ONAQ_006.W.20140903","yp/8bbRjrLLsXF69IFDn5YCLKAFYd275BWw6glhGpXM=","carabid","CARSP14","Carabidae sp.","family",,"Latreille","D15.2014.MorphB",2,"Arnett Jr., R. H., and M. C. Thomas. 2001. American Beetles Archosemata, Myxophaga, Adephaga, Polyphaga: Staphyliniformia. 1st Vol. (C. Press, Ed.). 1st Ed. Boca Raton, FL.","z9Nb0fxJczdmi0utaYua6PSPTHDIrAD9","/h2P7iNCFob6MrtXvZ/0KV0VExqkPzVY",
"3d51e17f-f283-43cf-a587-0efac8138325","ONAQ_004.basePlot.bet","D15","ONAQ","ONAQ_004","W","2014-08-14","2014-09-03","2014-09-04","2015-04-17","2015-04-17","ONAQ_004.W.20140903","oF4AZF7DP5k+SGllHZ5qcM/My35Rt6TnKrOrR4Vj1iA=","carabid","CARSP14","Carabidae sp.","family",,"Latreille","D15.2014.MorphC",3,"Arnett Jr., R. H., and M. C. Thomas. 2001. American Beetles Archosemata, Myxophaga, Adephaga, Polyphaga: Staphyliniformia. 1st Vol. (C. Press, Ed.). 1st Ed. Boca Raton, FL.","z9Nb0fxJczdmi0utaYua6PSPTHDIrAD9","/h2P7iNCFob6MrtXvZ/0KV0VExqkPzVY",
"51112746-cb34-49d3-9bc8-7b6c560c0ffe","ONAQ_009.basePlot.bet","D15","ONAQ","ONAQ_009","W","2014-08-14","2014-09-03","2014-09-04","2015-04-17","2015-04-17","ONAQ_009.W.20140903","HS20H6sTX3F1GdkHPvuF0F6lWT+0ID9KSgvAndycQrM=","carabid","CARSP14","Carabidae sp.","family",,"Latreille","D15.2014.MorphC",2,"Arnett Jr., R. H., and M. C. Thomas. 2001. American Beetles Archosemata, Myxophaga, Adephaga, Polyphaga: Staphyliniformia. 1st Vol. (C. Press, Ed.). 1st Ed. Boca Raton, FL.","z9Nb0fxJczdmi0utaYua6PSPTHDIrAD9","/h2P7iNCFob6MrtXvZ/0KV0VExqkPzVY",
"97c082ab-4d9e-4974-9e63-453e05277dea","ONAQ_005.basePlot.bet","D15","ONAQ","ONAQ_005","E","2014-08-14","2014-09-03","2014-09-04","2014-09-05",,"ONAQ_005.E.20140903","zbCBMrXz8WkhV+pudhrEGsL4kjGD3QEWfT8jdvCOKLk=","invert bycatch",,,,,,,,,,"B5YzZg28369xWGye0Wf9qxMwC1Zdm1gM",
"2bbb99ba-4cb2-4d63-8bff-23712e8affbc","ONAQ_012.basePlot.bet","D15","ONAQ","ONAQ_012","E","2014-08-14","2014-09-03","2014-09-04","2015-04-17","2015-04-17","ONAQ_012.E.20140903","f9VgFEDSFE4LzrWR9oFmGwoo9vs7oHXVR+bSM2i+ox8=","carabid","CARSP14","Carabidae sp.","family",,"Latreille","D15.2014.MorphB",18,"Arnett Jr., R. H., and M. C. Thomas. 2001. American Beetles Archosemata, Myxophaga, Adephaga, Polyphaga: Staphyliniformia. 1st Vol. (C. Press, Ed.). 1st Ed. Boca Raton, FL.","z9Nb0fxJczdmi0utaYua6PSPTHDIrAD9","/h2P7iNCFob6MrtXvZ/0KV0VExqkPzVY","No remarks"
"c9289b59-a987-4985-81bc-ab50f65e57af","ONAQ_004.basePlot.bet","D15","ONAQ","ONAQ_004","E","2014-08-14","2014-09-03","2014-09-04","2015-04-17","2015-04-17","ONAQ_004.E.20140903","oF4AZF7DP5kd7dHOdxiTA82kgCb91WHdPE1ulvDP6JE=","carabid","CARSP14","Carabidae sp.","family",,"Latreille","D15.2014.MorphC",32,"Arnett Jr., R. H., and M. C. Thomas. 2001. American Beetles Archosemata, Myxophaga, Adephaga, Polyphaga: Staphyliniformia. 1st Vol. (C. Press, Ed.). 1st Ed. Boca Raton, FL.","z9Nb0fxJczdmi0utaYua6PSPTHDIrAD9","/h2P7iNCFob6MrtXvZ/0KV0VExqkPzVY",
"0b1802f8-93c3-404d-b646-04cba117f9a4","ONAQ_004.basePlot.bet","D15","ONAQ","ONAQ_004","E","2014-08-14","2014-09-03","2014-09-04","2015-04-17","2015-04-17","ONAQ_004.E.20140903","oF4AZF7DP5kd7dHOdxiTA82kgCb91WHdMEQRZi/wn9Y=","carabid","CARSP14","Carabidae sp.","family",,"Latreille","D15.2014.MorphB",21,"Arnett Jr., R. H., and M. C. Thomas. 2001. American Beetles Archosemata, Myxophaga, Adephaga, Polyphaga: Staphyliniformia. 1st Vol. (C. Press, Ed.). 1st Ed. Boca Raton, FL.","z9Nb0fxJczdmi0utaYua6PSPTHDIrAD9","/h2P7iNCFob6MrtXvZ/0KV0VExqkPzVY",
"449af986-2e51-4fb6-b3d1-784869119847","ONAQ_010.basePlot.bet","D15","ONAQ","ONAQ_010","E","2014-08-14","2014-09-03","2014-09-04","2015-04-17","2015-04-17","ONAQ_010.E.20140903","M9mpm55gKLWbvNmHV1xFsMdY5RjPLIk1e8KtbqVepNw=","carabid","CARSP14","Carabidae sp.","family",,"Latreille","D15.2014.MorphB",62,"Arnett Jr., R. H., and M. C. Thomas. 2001. American Beetles Archosemata, Myxophaga, Adephaga, Polyphaga: Staphyliniformia. 1st Vol. (C. Press, Ed.). 1st Ed. Boca Raton, FL.","z9Nb0fxJczdmi0utaYua6PSPTHDIrAD9","/h2P7iNCFob6MrtXvZ/0KV0VExqkPzVY",
"37a1635d-692c-492f-a00e-0341d676776a","ONAQ_008.basePlot.bet","D15","ONAQ","ONAQ_008","E","2014-08-14","2014-09-03","2014-09-04","2014-09-08",,"ONAQ_008.E.20140903","+TPYXpQPuKzLKyz9zkyLEhBB9oQO04+MPVxfo42ooMQ=","invert bycatch",,,,,,,,,,"MsOTQ1geTJhrCbvL1TRCXJuSny+2Sy71Zy8Sr48fw6g=",
"ea006dfa-8353-44d1-8bd8-3db0c6fb784b","ONAQ_006.basePlot.bet","D15","ONAQ","ONAQ_006","E","2014-08-14","2014-09-03","2014-09-04","2015-04-17","2015-04-17","ONAQ_006.E.20140903","yp/8bbRjrLKuTwucbzy0hVWfbLnWnhAEx1LCiD0m/0s=","carabid","CARSP14","Carabidae sp.","family",,"Latreille","D15.2014.MorphB",24,"Arnett Jr., R. H., and M. C. Thomas. 2001. American Beetles Archosemata, Myxophaga, Adephaga, Polyphaga: Staphyliniformia. 1st Vol. (C. Press, Ed.). 1st Ed. Boca Raton, FL.","z9Nb0fxJczdmi0utaYua6PSPTHDIrAD9","/h2P7iNCFob6MrtXvZ/0KV0VExqkPzVY",
"2c1b6629-7d9a-4f80-8008-5e527207502b","ONAQ_007.basePlot.bet","D15","ONAQ","ONAQ_007","E","2014-08-14","2014-09-03","2014-09-04","2014-09-04",,"ONAQ_007.E.20140903","ucKi/aIj19nhmb8BYEVlUewGKHvVA5bd2Efzn3N0wXA=","invert bycatch",,,,,,,,,,"MsOTQ1geTJhrCbvL1TRCXJuSny+2Sy71Zy8Sr48fw6g=",
"26c6642e-2277-452f-99a5-6cbaf32d3d69","ONAQ_009.basePlot.bet","D15","ONAQ","ONAQ_009","E","2014-08-14","2014-09-03","2014-09-04","2015-04-17","2015-04-17","ONAQ_009.E.20140903","HS20H6sTX3E8pON50cfnANdeDoz9FKhcSchCUkkplYw=","carabid","CARSP14","Carabidae sp.","family",,"Latreille","D15.2014.MorphC",2,"Arnett Jr., R. H., and M. C. Thomas. 2001. American Beetles Archosemata, Myxophaga, Adephaga, Polyphaga: Staphyliniformia. 1st Vol. (C. Press, Ed.). 1st Ed. Boca Raton, FL.","z9Nb0fxJczdmi0utaYua6PSPTHDIrAD9","/h2P7iNCFob6MrtXvZ/0KV0VExqkPzVY",
"07473e6c-6c84-4719-90ae-a1de5c77d185","ONAQ_003.basePlot.bet","D15","ONAQ","ONAQ_003","E","2014-08-14","2014-09-03","2014-09-04","2014-09-04",,"ONAQ_003.E.20140903","nIFIFPhA1d2a2Ffej1W6nvhdJUM3xp9oD7lCEYk4ZSM=","invert bycatch",,,,,,,,,,"MsOTQ1geTJhrCbvL1TRCXJuSny+2Sy71Zy8Sr48fw6g=",
"4e16a54b-e783-4035-babb-1eadfbec78c4","ONAQ_006.basePlot.bet","D15","ONAQ","ONAQ_006","N","2014-08-14","2014-09-03","2014-09-04","2014-09-04",,"ONAQ_006.N.20140903","yp/8bbRjrLKNyMWeX4gL7dOsh7P3St7wiyewqxaVaow=","invert bycatch",,,,,,,,,,"MsOTQ1geTJhrCbvL1TRCXJuSny+2Sy71Zy8Sr48fw6g=",
"fe1e80bf-2e8f-4e42-a200-f02116a60c27","ONAQ_006.basePlot.bet","D15","ONAQ","ONAQ_006","N","2014-08-14","2014-09-03","2014-09-04","2015-04-17","2015-04-17","ONAQ_006.N.20140903","yp/8bbRjrLKNyMWeX4gL7WMXICHoHAfdJa4XG8QFayU=","carabid","CARSP14","Carabidae sp.","family",,"Latreille","D15.2014.MorphB",13,"Arnett Jr., R. H., and M. C. Thomas. 2001. American Beetles Archosemata, Myxophaga, Adephaga, Polyphaga: Staphyliniformia. 1st Vol. (C. Press, Ed.). 1st Ed. Boca Raton, FL.","z9Nb0fxJczdmi0utaYua6PSPTHDIrAD9","/h2P7iNCFob6MrtXvZ/0KV0VExqkPzVY",
"fc82ae9d-f819-434e-add6-4ba2616a6f20","ONAQ_007.basePlot.bet","D15","ONAQ","ONAQ_007","N","2014-08-14","2014-09-03","2014-09-04","2014-09-04",,"ONAQ_007.N.20140903","ucKi/aIj19lxyMhPHIf28GFA1eQlTSU6lKHujUBeASg=","invert bycatch",,,,,,,,,,"MsOTQ1geTJhrCbvL1TRCXJuSny+2Sy71Zy8Sr48fw6g=",
"f9fc9442-7a91-44f7-a2a4-a3514da2472c","ONAQ_009.basePlot.bet","D15","ONAQ","ONAQ_009","N","2014-08-14","2014-09-03","2014-09-04","2014-09-08",,"ONAQ_009.N.20140903","HS20H6sTX3GK28P31bY/A7n4iaFswWbesfVw+UIxl1o=","invert bycatch",,,,,,,,,,"B5YzZg28369xWGye0Wf9qxMwC1Zdm1gM",
"137e6bee-0588-4f72-96a3-de83d4e3fdb2","ONAQ_009.basePlot.bet","D15","ONAQ","ONAQ_009","N","2014-08-14","2014-09-03","2014-09-04","2015-04-17","2015-04-17","ONAQ_009.N.20140903","HS20H6sTX3GK28P31bY/A4BlZr/GSMnNfeq+a+wTmHQ=","carabid","CARSP14","Carabidae sp.","family",,"Latreille","D15.2014.MorphC",3,"Arnett Jr., R. H., and M. C. Thomas. 2001. American Beetles Archosemata, Myxophaga, Adephaga, Polyphaga: Staphyliniformia. 1st Vol. (C. Press, Ed.). 1st Ed. Boca Raton, FL.","z9Nb0fxJczdmi0utaYua6PSPTHDIrAD9","/h2P7iNCFob6MrtXvZ/0KV0VExqkPzVY",
"f7d62506-94ec-4a62-b2a0-8bfb9b06ef67","ONAQ_004.basePlot.bet","D15","ONAQ","ONAQ_004","N","2014-08-14","2014-09-03","2014-09-04","2015-04-17","2015-04-17","ONAQ_004.N.20140903","oF4AZF7DP5m19UVkH1LyhcH3SGW/wXkM3AhqWeg3P+U=","carabid","CARSP14","Carabidae sp.","family",,"Latreille","D15.2014.MorphB",14,"Arnett Jr., R. H., and M. C. Thomas. 2001. American Beetles Archosemata, Myxophaga, Adephaga, Polyphaga: Staphyliniformia. 1st Vol. (C. Press, Ed.). 1st Ed. Boca Raton, FL.","z9Nb0fxJczdmi0utaYua6PSPTHDIrAD9","/h2P7iNCFob6MrtXvZ/0KV0VExqkPzVY",
"405b6f6a-1665-4729-b5d8-059a617cd6f2","ONAQ_004.basePlot.bet","D15","ONAQ","ONAQ_004","N","2014-08-14","2014-09-03","2014-09-04","2015-04-17","2015-04-17","ONAQ_004.N.20140903","oF4AZF7DP5m19UVkH1LyhcH3SGW/wXkM3rZ9rP2V+g4=","carabid","CARSP14","Carabidae sp.","family",,"Latreille","D15.2014.MorphC",35,"Arnett Jr., R. H., and M. C. Thomas. 2001. American Beetles Archosemata, Myxophaga, Adephaga, Polyphaga: Staphyliniformia. 1st Vol. (C. Press, Ed.). 1st Ed. Boca Raton, FL.","z9Nb0fxJczdmi0utaYua6PSPTHDIrAD9","/h2P7iNCFob6MrtXvZ/0KV0VExqkPzVY",
"a0bd6307-6523-4224-ac00-1eb15fb98865","ONAQ_010.basePlot.bet","D15","ONAQ","ONAQ_010","N","2014-08-14","2014-09-03","2014-09-04","2014-09-08",,"ONAQ_010.N.20140903","M9mpm55gKLWhGshJYKadhRjOjBnntw/e4DuiFXS9il0=","invert bycatch",,,,,,,,,,"B5YzZg28369xWGye0Wf9qxMwC1Zdm1gM",
"1387ebaf-6d67-4b41-acb6-e0cdb909a5d6","ONAQ_010.basePlot.bet","D15","ONAQ","ONAQ_010","N","2014-08-14","2014-09-03","2014-09-04","2015-04-17","2015-04-17","ONAQ_010.N.20140903","M9mpm55gKLWhGshJYKadhVULZ2YnQyTRlmMsMmnUydI=","carabid","CARSP14","Carabidae sp.","family",,"Latreille","D15.2014.MorphB",39,"Arnett Jr., R. H., and M. C. Thomas. 2001. American Beetles Archosemata, Myxophaga, Adephaga, Polyphaga: Staphyliniformia. 1st Vol. (C. Press, Ed.). 1st Ed. Boca Raton, FL.","z9Nb0fxJczdmi0utaYua6PSPTHDIrAD9","/h2P7iNCFob6MrtXvZ/0KV0VExqkPzVY",
"5bea212a-ca9a-4c46-b098-ed8e2a964924","ONAQ_008.basePlot.bet","D15","ONAQ","ONAQ_008","N","2014-08-14","2014-09-03","2014-09-04","2014-09-08",,"ONAQ_008.N.20140903","+TPYXpQPuKxgzYS44IWxsJTWrBjO3d4l/j2B6yzizfU=","invert bycatch",,,,,,,,,,"MsOTQ1geTJhrCbvL1TRCXJuSny+2Sy71Zy8Sr48fw6g=",
"bcd288f4-c61c-42ff-b7a0-61f05fe57583","ONAQ_005.basePlot.bet","D15","ONAQ","ONAQ_005","N","2014-08-14","2014-09-03","2014-09-04","2014-09-05",,"ONAQ_005.N.20140903","zbCBMrXz8WmkFsTMvzx0k6QKXauYwC9X6AMzTx/1v5s=","invert bycatch",,,,,,,,,,"B5YzZg28369xWGye0Wf9qxMwC1Zdm1gM",
"d3dccb82-acf6-4d45-aabd-16ac7ad05d35","ONAQ_012.basePlot.bet","D15","ONAQ","ONAQ_012","N","2014-08-14","2014-09-03","2014-09-04","2015-04-17","2015-04-17","ONAQ_012.N.20140903","f9VgFEDSFE7sqbkimK3bkzvz9LD+4REOVbi12nT/eTs=","carabid","CARSP14","Carabidae sp.","family",,"Latreille","D15.2014.MorphC",2,"Arnett Jr., R. H., and M. C. Thomas. 2001. American Beetles Archosemata, Myxophaga, Adephaga, Polyphaga: Staphyliniformia. 1st Vol. (C. Press, Ed.). 1st Ed. Boca Raton, FL.","z9Nb0fxJczdmi0utaYua6PSPTHDIrAD9","/h2P7iNCFob6MrtXvZ/0KV0VExqkPzVY",
"1aa3b444-34fc-47e9-b906-a2600b976941","ONAQ_012.basePlot.bet","D15","ONAQ","ONAQ_012","N","2014-08-14","2014-09-03","2014-09-04","2014-09-08",,"ONAQ_012.N.20140903","f9VgFEDSFE7sqbkimK3bkycaypV1gucBqC3Elqpr964=","invert bycatch",,,,,,,,,,"MsOTQ1geTJhrCbvL1TRCXJuSny+2Sy71Zy8Sr48fw6g=",
"2bf9ab9d-b5d1-455b-8c7f-bae5b65bd3a3","ONAQ_012.basePlot.bet","D15","ONAQ","ONAQ_012","N","2014-08-14","2014-09-03","2014-09-04","2015-04-17","2015-04-17","ONAQ_012.N.20140903","f9VgFEDSFE7sqbkimK3bkzvz9LD+4REO5k8cTCXVBYA=","carabid","CARSP14","Carabidae sp.","family",,"Latreille","D15.2014.MorphB",11,"Arnett Jr., R. H., and M. C. Thomas. 2001. American Beetles Archosemata, Myxophaga, Adephaga, Polyphaga: Staphyliniformia. 1st Vol. (C. Press, Ed.). 1st Ed. Boca Raton, FL.","z9Nb0fxJczdmi0utaYua6PSPTHDIrAD9","/h2P7iNCFob6MrtXvZ/0KV0VExqkPzVY",
"c35f661d-5856-46e2-8212-babfbcd2f77e","ONAQ_003.basePlot.bet","D15","ONAQ","ONAQ_003","N","2014-08-14","2014-09-03","2014-09-04","2014-09-04",,"ONAQ_003.N.20140903","nIFIFPhA1d2USRM0czEiwXydUfl0saiEodyy3kAvMOI=","invert bycatch",,,,,,,,,,"MsOTQ1geTJhrCbvL1TRCXJuSny+2Sy71Zy8Sr48fw6g=",
"d7017629-3060-471e-a1da-794558bb9732","ONAQ_004.basePlot.bet","D15","ONAQ","ONAQ_004","N","2014-08-14","2014-09-03","2014-09-04","2014-09-04",,"ONAQ_004.N.20140903","oF4AZF7DP5m19UVkH1LyhU5L7MitHatP4g2GqbUf7LU=","invert bycatch",,,,,,,,,,"MsOTQ1geTJhrCbvL1TRCXJuSny+2Sy71Zy8Sr48fw6g=",
"1d74a348-b481-4950-bec3-c55ff8306d81","ONAQ_010.basePlot.bet","D15","ONAQ","ONAQ_010","S","2014-08-14","2014-09-03","2014-09-04","2015-04-17","2015-04-17","ONAQ_010.S.20140903","M9mpm55gKLXTZ5p5TNLvDcTPyilvFb14syhL4HcsOTM=","carabid","CARSP14","Carabidae sp.","family",,"Latreille","D15.2014.MorphB",46,"Arnett Jr., R. H., and M. C. Thomas. 2001. American Beetles Archosemata, Myxophaga, Adephaga, Polyphaga: Staphyliniformia. 1st Vol. (C. Press, Ed.). 1st Ed. Boca Raton, FL.","z9Nb0fxJczdmi0utaYua6PSPTHDIrAD9","/h2P7iNCFob6MrtXvZ/0KV0VExqkPzVY",
"5178ca2a-2c57-4ebb-ab67-cfa1a94748ec","ONAQ_008.basePlot.bet","D15","ONAQ","ONAQ_008","S","2014-08-14","2014-09-03","2014-09-04","2014-09-08",,"ONAQ_008.S.20140903","+TPYXpQPuKynuAltgUpFLiTYH4+gJpCtLK0xILE5XYc=","invert bycatch",,,,,,,,,,"MsOTQ1geTJhrCbvL1TRCXJuSny+2Sy71Zy8Sr48fw6g=",
"356b5628-b35e-4949-952a-64ed71fbb8a7","ONAQ_005.basePlot.bet","D15","ONAQ","ONAQ_005","S","2014-08-14","2014-09-03","2014-09-04","2014-09-05",,"ONAQ_005.S.20140903","zbCBMrXz8WnH+WKWqijoaU5vyPzAlD36jG6Bt8tDy24=","invert bycatch",,,,,,,,,,"B5YzZg28369xWGye0Wf9qxMwC1Zdm1gM",
"7b95bf95-dfc7-4ea5-9271-fb90e9ba5648","ONAQ_009.basePlot.bet","D15","ONAQ","ONAQ_009","S","2014-08-14","2014-09-03","2014-09-04","2015-04-17","2015-04-17","ONAQ_009.S.20140903","HS20H6sTX3Gzxj1TKeqZbFpkfGXUkSHCEWkAWk0oshA=","carabid","CARSP14","Carabidae sp.","family",,"Latreille","D15.2014.MorphC",2,"Arnett Jr., R. H., and M. C. Thomas. 2001. American Beetles Archosemata, Myxophaga, Adephaga, Polyphaga: Staphyliniformia. 1st Vol. (C. Press, Ed.). 1st Ed. Boca Raton, FL.","z9Nb0fxJczdmi0utaYua6PSPTHDIrAD9","/h2P7iNCFob6MrtXvZ/0KV0VExqkPzVY",
"1b35ba9c-8da4-466e-bf6a-bde72793b62c","ONAQ_004.basePlot.bet","D15","ONAQ","ONAQ_004","E","2014-09-03","2014-09-11","2014-09-12","2015-04-20","2015-04-20","ONAQ_004.E.20140911","oF4AZF7DP5kd7dHOdxiTA+W/9x8Isti/8x7U8UStf2Y=","carabid","CARSP14","Carabidae sp.","family",,"Latreille","D15.2014.MorphB",1,"Arnett Jr., R. H., and M. C. Thomas. 2001. American Beetles Archosemata, Myxophaga, Adephaga, Polyphaga: Staphyliniformia. 1st Vol. (C. Press, Ed.). 1st Ed. Boca Raton, FL.","z9Nb0fxJczdmi0utaYua6PSPTHDIrAD9","/h2P7iNCFob6MrtXvZ/0KV0VExqkPzVY",
"92f4bf2f-b3eb-4e6b-806b-4a76f2795401","ONAQ_004.basePlot.bet","D15","ONAQ","ONAQ_004","W","2014-09-03","2014-09-11","2014-09-12","2015-04-20","2015-04-20","ONAQ_004.W.20140911","oF4AZF7DP5k+SGllHZ5qcL/mNq04O3dMfGUutoV7UCo=","carabid","CARSP14","Carabidae sp.","family",,"Latreille","D15.2014.MorphC",15,"Arnett Jr., R. H., and M. C. Thomas. 2001. American Beetles Archosemata, Myxophaga, Adephaga, Polyphaga: Staphyliniformia. 1st Vol. (C. Press, Ed.). 1st Ed. Boca Raton, FL.","z9Nb0fxJczdmi0utaYua6PSPTHDIrAD9","/h2P7iNCFob6MrtXvZ/0KV0VExqkPzVY",
"283c7b9b-65e9-4488-957f-d6ae55808415","ONAQ_009.basePlot.bet","D15","ONAQ","ONAQ_009","E","2014-09-03","2014-09-11","2014-09-12","2014-09-15",,"ONAQ_009.E.20140911","HS20H6sTX3E8pON50cfnANQ7urwNeAyYIUTqkYWsrOA=","invert bycatch",,,,,,,,,,"B5YzZg28369xWGye0Wf9qxMwC1Zdm1gM",
"25f312d1-72b9-4f3a-bef4-0a03aa7b4a24","ONAQ_006.basePlot.bet","D15","ONAQ","ONAQ_006","E","2014-09-03","2014-09-11","2014-09-12","2015-04-20","2015-04-20","ONAQ_006.E.20140911","yp/8bbRjrLKuTwucbzy0hYbtlaw+e3b30Za2t0ZHDno=","carabid","CARSP14","Carabidae sp.","family",,"Latreille","D15.2014.MorphB",13,"Arnett Jr., R. H., and M. C. Thomas. 2001. American Beetles Archosemata, Myxophaga, Adephaga, Polyphaga: Staphyliniformia. 1st Vol. (C. Press, Ed.). 1st Ed. Boca Raton, FL.","z9Nb0fxJczdmi0utaYua6PSPTHDIrAD9","/h2P7iNCFob6MrtXvZ/0KV0VExqkPzVY","There is only one common carabid beetle from this plot (that hasn't been pinned) and date for this tube, kept sample ID as ONAQ.006.E.20140911.cc.01 as final sample ID, as was not actually pooled with any other common carabids from other traps."
"122cf70c-ded4-4fe1-bb9e-f9e62c4f5288","ONAQ_005.basePlot.bet","D15","ONAQ","ONAQ_005","E","2014-09-03","2014-09-11","2014-09-12","2014-09-15",,"ONAQ_005.E.20140911","zbCBMrXz8WkhV+pudhrEGiGQ4mmxXgAgjwfC3bip7PA=","invert bycatch",,,,,,,,,,"B5YzZg28369xWGye0Wf9qxMwC1Zdm1gM",
"c958e289-a9e3-4d05-86bd-69615193ab61","ONAQ_002.basePlot.bet","D15","ONAQ","ONAQ_002","E","2014-09-03","2014-09-11","2014-09-12","2014-09-16",,"ONAQ_002.E.20140911","sFUsB1SyHExDzbExYURGN/Q1/s9+aqdQ/5FER+gSOf8=","invert bycatch",,,,,,,,,,"B5YzZg28369xWGye0Wf9qxMwC1Zdm1gM",
"90d3e8ac-fae3-4a21-a64e-2f3785d4b5bf","ONAQ_008.basePlot.bet","D15","ONAQ","ONAQ_008","E","2014-09-03","2014-09-11","2014-09-12","2015-04-20","2015-04-20","ONAQ_008.E.20140911","+TPYXpQPuKzLKyz9zkyLEn04oBW9z6W9zrxtK406vN0=","carabid","CARSP14","Carabidae sp.","family",,"Latreille","D15.2014.MorphB",1,"Arnett Jr., R. H., and M. C. Thomas. 2001. American Beetles Archosemata, Myxophaga, Adephaga, Polyphaga: Staphyliniformia. 1st Vol. (C. Press, Ed.). 1st Ed. Boca Raton, FL.","z9Nb0fxJczdmi0utaYua6PSPTHDIrAD9","/h2P7iNCFob6MrtXvZ/0KV0VExqkPzVY",
"4dcdb26d-ace9-4314-beda-c8761eb1c1c8","ONAQ_010.basePlot.bet","D15","ONAQ","ONAQ_010","E","2014-09-03","2014-09-11","2014-09-12","2015-04-20","2015-04-20","ONAQ_010.E.20140911","M9mpm55gKLWbvNmHV1xFsJS9AGeSeZ1B20m4gdgRvzk=","carabid","CARSP14","Carabidae sp.","family",,"Latreille","D15.2014.MorphB",8,"Arnett Jr., R. H., and M. C. Thomas. 2001. American Beetles Archosemata, Myxophaga, Adephaga, Polyphaga: Staphyliniformia. 1st Vol. (C. Press, Ed.). 1st Ed. Boca Raton, FL.","z9Nb0fxJczdmi0utaYua6PSPTHDIrAD9","/h2P7iNCFob6MrtXvZ/0KV0VExqkPzVY","No Remark"
"a9b9a2b3-6385-4e04-b7da-48bc88e99b32","ONAQ_012.basePlot.bet","D15","ONAQ","ONAQ_012","N","2014-09-03","2014-09-11","2014-09-12","2014-09-15",,"ONAQ_012.N.20140911","f9VgFEDSFE7sqbkimK3bkzAyZaKiXHnWC6uhQxZ5JEg=","invert bycatch",,,,,,,,,,"B5YzZg28369xWGye0Wf9qxMwC1Zdm1gM",
"c1fd0ac6-f5fb-48bd-a7ad-73e26ef75f2c","ONAQ_012.basePlot.bet","D15","ONAQ","ONAQ_012","N","2014-09-03","2014-09-11","2014-09-12","2015-04-20","2015-04-20","ONAQ_012.N.20140911","f9VgFEDSFE7sqbkimK3bkwXli1Kt9J4JkX2gVuEKwoo=","carabid","CARSP14","Carabidae sp.","family",,"Latreille","D15.2014.MorphB",1,"Arnett Jr., R. H., and M. C. Thomas. 2001. American Beetles Archosemata, Myxophaga, Adephaga, Polyphaga: Staphyliniformia. 1st Vol. (C. Press, Ed.). 1st Ed. Boca Raton, FL.","z9Nb0fxJczdmi0utaYua6PSPTHDIrAD9","/h2P7iNCFob6MrtXvZ/0KV0VExqkPzVY",
"e957c2e5-731f-4eca-86f9-b3593994662c","ONAQ_005.basePlot.bet","D15","ONAQ","ONAQ_005","N","2014-09-03","2014-09-11","2014-09-12","2014-09-15",,"ONAQ_005.N.20140911","zbCBMrXz8WmkFsTMvzx0kwYPoSidlG/P2qTjjTwIu3Y=","invert bycatch",,,,,,,,,,"B5YzZg28369xWGye0Wf9qxMwC1Zdm1gM",
"a418565a-e3a7-4ee6-86d9-3616794b2395","ONAQ_002.basePlot.bet","D15","ONAQ","ONAQ_002","N","2014-09-03","2014-09-11","2014-09-12","2014-09-16",,"ONAQ_002.N.20140911","sFUsB1SyHExDvLoOwXYZL2OC3qdyXsNywrMZXCbQbHU=","invert bycatch",,,,,,,,,,"B5YzZg28369xWGye0Wf9qxMwC1Zdm1gM","North trap had very high liquid and may have had part of sample wash out due to flooding."
"33853001-42ae-4c70-b1d4-024d197318f3","ONAQ_008.basePlot.bet","D15","ONAQ","ONAQ_008","N","2014-09-03","2014-09-11","2014-09-12","2014-09-16",,"ONAQ_008.N.20140911","+TPYXpQPuKxgzYS44IWxsOG34h1au44yyhDRW4Y1q/g=","invert bycatch",,,,,,,,,,"MsOTQ1geTJhrCbvL1TRCXJuSny+2Sy71Zy8Sr48fw6g=",
"12949812-5a4e-4227-84d5-0165a39dc044","ONAQ_010.basePlot.bet","D15","ONAQ","ONAQ_010","N","2014-09-03","2014-09-11","2014-09-12","2014-09-16",,"ONAQ_010.N.20140911","M9mpm55gKLWhGshJYKadhUHXBxgL7Y5Aw726pKj3WxA=","invert bycatch",,,,,,,,,,"MsOTQ1geTJhrCbvL1TRCXJuSny+2Sy71Zy8Sr48fw6g=",
"284efd59-4746-4c3d-9817-5d4ad4ab5305","ONAQ_010.basePlot.bet","D15","ONAQ","ONAQ_010","N","2014-09-03","2014-09-11","2014-09-12","2015-04-20","2015-04-20","ONAQ_010.N.20140911","M9mpm55gKLWhGshJYKadhTR4YdHYGWL7pZdV+NHZVnE=","carabid","CARSP14","Carabidae sp.","family",,"Latreille","D15.2014.MorphB",10,"Arnett Jr., R. H., and M. C. Thomas. 2001. American Beetles Archosemata, Myxophaga, Adephaga, Polyphaga: Staphyliniformia. 1st Vol. (C. Press, Ed.). 1st Ed. Boca Raton, FL.","z9Nb0fxJczdmi0utaYua6PSPTHDIrAD9","/h2P7iNCFob6MrtXvZ/0KV0VExqkPzVY",
"19cc3654-90bc-4786-8241-403bb8caa977","ONAQ_004.basePlot.bet","D15","ONAQ","ONAQ_004","N","2014-09-03","2014-09-11","2014-09-12","2014-09-16",,"ONAQ_004.N.20140911","oF4AZF7DP5m19UVkH1LyhSbMq+H+QtjwGnrwF3dQZII=","invert bycatch",,,,,,,,,,"B5YzZg28369xWGye0Wf9qxMwC1Zdm1gM",
"b3043cf5-02bc-43d8-b8c0-79544925ea90","ONAQ_004.basePlot.bet","D15","ONAQ","ONAQ_004","N","2014-09-03","2014-09-11","2014-09-12","2015-04-20","2015-04-20","ONAQ_004.N.20140911","oF4AZF7DP5m19UVkH1LyhR+z642u9reqVTlPPot9bz4=","carabid","CARSP14","Carabidae sp.","family",,"Latreille","D15.2014.MorphB",12,"Arnett Jr., R. H., and M. C. Thomas. 2001. American Beetles Archosemata, Myxophaga, Adephaga, Polyphaga: Staphyliniformia. 1st Vol. (C. Press, Ed.). 1st Ed. Boca Raton, FL.","z9Nb0fxJczdmi0utaYua6PSPTHDIrAD9","/h2P7iNCFob6MrtXvZ/0KV0VExqkPzVY",
"8c87552e-ee7a-4770-a1b9-8a638e8179ac","ONAQ_004.basePlot.bet","D15","ONAQ","ONAQ_004","N","2014-09-03","2014-09-11","2014-09-12","2015-04-20","2015-04-20","ONAQ_004.N.20140911","oF4AZF7DP5m19UVkH1LyhR+z642u9reqBVqa1e7IrEQ=","carabid","CARSP14","Carabidae sp.","family",,"Latreille","D15.2014.MorphC",18,"Arnett Jr., R. H., and M. C. Thomas. 2001. American Beetles Archosemata, Myxophaga, Adephaga, Polyphaga: Staphyliniformia. 1st Vol. (C. Press, Ed.). 1st Ed. Boca Raton, FL.","z9Nb0fxJczdmi0utaYua6PSPTHDIrAD9","/h2P7iNCFob6MrtXvZ/0KV0VExqkPzVY",
"3869ee00-08d8-4fc6-9ef3-543297054ff6","ONAQ_009.basePlot.bet","D15","ONAQ","ONAQ_009","N","2014-09-03","2014-09-11","2014-09-12","2014-09-15",,"ONAQ_009.N.20140911","HS20H6sTX3GK28P31bY/A9nlw2GX1g0g46jf5cKYdMA=","invert bycatch",,,,,,,,,,"B5YzZg28369xWGye0Wf9qxMwC1Zdm1gM",
"f475d81d-3dc6-43d8-9799-5953657b8a22","ONAQ_006.basePlot.bet","D15","ONAQ","ONAQ_006","N","2014-09-03","2014-09-11","2014-09-11","2014-09-15",,"ONAQ_006.N.20140911","yp/8bbRjrLKNyMWeX4gL7Tooz7nJDyQ01DG+x3osEGU=","invert bycatch",,,,,,,,,,"B5YzZg28369xWGye0Wf9qxMwC1Zdm1gM",
"f05dceca-5c23-48fd-8bdd-b0dc35328f28","ONAQ_010.basePlot.bet","D15","ONAQ","ONAQ_010","S","2014-09-03","2014-09-11","2014-09-12","2015-04-20","2015-04-20","ONAQ_010.S.20140911","M9mpm55gKLXTZ5p5TNLvDWHzcArmyenBVOBOHlJriRY=","carabid","CARSP14","Carabidae sp.","family",,"Latreille","D15.2014.MorphB",24,"Arnett Jr., R. H., and M. C. Thomas. 2001. American Beetles Archosemata, Myxophaga, Adephaga, Polyphaga: Staphyliniformia. 1st Vol. (C. Press, Ed.). 1st Ed. Boca Raton, FL.","z9Nb0fxJczdmi0utaYua6PSPTHDIrAD9","/h2P7iNCFob6MrtXvZ/0KV0VExqkPzVY",
"79a77c6c-5c87-4c14-8a6b-f60cac5674e9","ONAQ_008.basePlot.bet","D15","ONAQ","ONAQ_008","S","2014-09-03","2014-09-11","2014-09-12","2015-04-20","2015-04-20","ONAQ_008.S.20140911","+TPYXpQPuKynuAltgUpFLqtyHInyJ6JCvg+EEk7J0NM=","carabid","CARSP14","Carabidae sp.","family",,"Latreille","D15.2014.MorphB",2,"Arnett Jr., R. H., and M. C. Thomas. 2001. American Beetles Archosemata, Myxophaga, Adephaga, Polyphaga: Staphyliniformia. 1st Vol. (C. Press, Ed.). 1st Ed. Boca Raton, FL.","z9Nb0fxJczdmi0utaYua6PSPTHDIrAD9","/h2P7iNCFob6MrtXvZ/0KV0VExqkPzVY",
"49f537fe-8825-41d8-b886-3fdc0fe2b597","ONAQ_009.basePlot.bet","D15","ONAQ","ONAQ_009","S","2014-09-03","2014-09-11","2014-09-12","2014-09-15",,"ONAQ_009.S.20140911","HS20H6sTX3Gzxj1TKeqZbNHlWAh6U176++Yfry4MrA0=","invert bycatch",,,,,,,,,,"B5YzZg28369xWGye0Wf9qxMwC1Zdm1gM",
"f2aa332e-f684-4588-855f-4a9dbf61a741","ONAQ_004.basePlot.bet","D15","ONAQ","ONAQ_004","S","2014-09-03","2014-09-11","2014-09-12","2015-04-20","2015-04-20","ONAQ_004.S.20140911","oF4AZF7DP5kpxOVfzLPZSANnH8kJt64DR3i40kYisug=","carabid","CARSP14","Carabidae sp.","family",,"Latreille","D15.2014.MorphC",3,"Arnett Jr., R. H., and M. C. Thomas. 2001. American Beetles Archosemata, Myxophaga, Adephaga, Polyphaga: Staphyliniformia. 1st Vol. (C. Press, Ed.). 1st Ed. Boca Raton, FL.","z9Nb0fxJczdmi0utaYua6PSPTHDIrAD9","/h2P7iNCFob6MrtXvZ/0KV0VExqkPzVY",
"94853475-5574-4f6f-a190-7c51e0f7f699","ONAQ_005.basePlot.bet","D15","ONAQ","ONAQ_005","S","2014-09-03","2014-09-11","2014-09-12","2014-09-15",,"ONAQ_005.S.20140911","zbCBMrXz8WnH+WKWqijoaVnt262oEI4Z3hjhM8JgJG0=","invert bycatch",,,,,,,,,,"B5YzZg28369xWGye0Wf9qxMwC1Zdm1gM",
"c9ac1036-a096-42ba-bcca-c273659a1c91","ONAQ_002.basePlot.bet","D15","ONAQ","ONAQ_002","S","2014-09-03","2014-09-11","2014-09-12","2015-04-20","2015-04-20","ONAQ_002.S.20140911","sFUsB1SyHExPuO7u3i2Zk+dybMlc9pG/gNxOZEp4CNw=","carabid","CARSP14","Carabidae sp.","family",,"Latreille","D15.2014.MorphB",1,"Arnett Jr., R. H., and M. C. Thomas. 2001. American Beetles Archosemata, Myxophaga, Adephaga, Polyphaga: Staphyliniformia. 1st Vol. (C. Press, Ed.). 1st Ed. Boca Raton, FL.","z9Nb0fxJczdmi0utaYua6PSPTHDIrAD9","/h2P7iNCFob6MrtXvZ/0KV0VExqkPzVY","There is only one common carabid beetle from this plot (that hasn't been pinned) and date for this tube, kept sample ID as ONAQ.002.S.20140911.cc.01 as final sample ID, as was not actually pooled with any other common carabids from other traps."
"3e90b1b9-1d96-4a3e-bbd7-29f5cd455d34","ONAQ_002.basePlot.bet","D15","ONAQ","ONAQ_002","S","2014-09-03","2014-09-11","2014-09-12","2014-09-16",,"ONAQ_002.S.20140911","sFUsB1SyHExPuO7u3i2Zk76cq+1Z1G5p2Id+vd6S+RE=","invert bycatch",,,,,,,,,,"B5YzZg28369xWGye0Wf9qxMwC1Zdm1gM",
"c5230eab-ddac-4679-b788-7a4ce15e15ec","ONAQ_012.basePlot.bet","D15","ONAQ","ONAQ_012","W","2014-09-03","2014-09-11","2014-09-12","2015-04-20","2015-04-20","ONAQ_012.W.20140911","f9VgFEDSFE7Hy9zrTdEDMxN6m+5iBaLxhjbolTkoHiU=","carabid","CARSP14","Carabidae sp.","family",,"Latreille","D15.2014.MorphB",1,"Arnett Jr., R. H., and M. C. Thomas. 2001. American Beetles Archosemata, Myxophaga, Adephaga, Polyphaga: Staphyliniformia. 1st Vol. (C. Press, Ed.). 1st Ed. Boca Raton, FL.","z9Nb0fxJczdmi0utaYua6PSPTHDIrAD9","/h2P7iNCFob6MrtXvZ/0KV0VExqkPzVY",
"0e4f4e96-6886-4a76-9990-c7901245c12a","ONAQ_002.basePlot.bet","D15","ONAQ","ONAQ_002","W","2014-09-03","2014-09-11","2014-09-12","2014-09-16",,"ONAQ_002.W.20140911","sFUsB1SyHEzC+y8vUlY+7To9nvTtWXVNXBYwoN1gWUA=","invert bycatch",,,,,,,,,,"B5YzZg28369xWGye0Wf9qxMwC1Zdm1gM",
"3041fecf-ab78-4b11-94b6-e6ed196b4d0c","ONAQ_005.basePlot.bet","D15","ONAQ","ONAQ_005","W","2014-09-03","2014-09-11","2014-09-12","2014-09-15",,"ONAQ_005.W.20140911","zbCBMrXz8WmRwA6CAidS/nvR4wgUhMTjK8UkqkfUHdA=","invert bycatch",,,,,,,,,,"B5YzZg28369xWGye0Wf9qxMwC1Zdm1gM",
"022b5f8f-76a2-4b03-b984-10f6e3d7f831","ONAQ_010.basePlot.bet","D15","ONAQ","ONAQ_010","W","2014-09-03","2014-09-11","2014-09-12","2015-04-20","2015-04-20","ONAQ_010.W.20140911","M9mpm55gKLXC9OEK69+NE9JlttvqON/lXBAPZpxfadY=","carabid","CARSP14","Carabidae sp.","family",,"Latreille","D15.2014.MorphB",44,"Arnett Jr., R. H., and M. C. Thomas. 2001. American Beetles Archosemata, Myxophaga, Adephaga, Polyphaga: Staphyliniformia. 1st Vol. (C. Press, Ed.). 1st Ed. Boca Raton, FL.","z9Nb0fxJczdmi0utaYua6PSPTHDIrAD9","/h2P7iNCFob6MrtXvZ/0KV0VExqkPzVY",
"5dcbfaa5-9394-47b6-a219-56b5f4013595","ONAQ_009.basePlot.bet","D15","ONAQ","ONAQ_009","W","2014-09-03","2014-09-11","2014-09-12","2014-09-15",,"ONAQ_009.W.20140911","HS20H6sTX3F1GdkHPvuF0Nhi+LeULgNMKH/6W5LWsyk=","invert bycatch",,,,,,,,,,"B5YzZg28369xWGye0Wf9qxMwC1Zdm1gM",
"fd403f62-a49d-495b-b083-f4f8e30f10ff","ONAQ_004.basePlot.bet","D15","ONAQ","ONAQ_004","W","2014-09-03","2014-09-11","2014-09-12","2015-04-20","2015-04-20","ONAQ_004.W.20140911","oF4AZF7DP5k+SGllHZ5qcL/mNq04O3dMIj6ljB315Pg=","carabid","CARSP14","Carabidae sp.","family",,"Latreille","D15.2014.MorphB",15,"Arnett Jr., R. H., and M. C. Thomas. 2001. American Beetles Archosemata, Myxophaga, Adephaga, Polyphaga: Staphyliniformia. 1st Vol. (C. Press, Ed.). 1st Ed. Boca Raton, FL.","z9Nb0fxJczdmi0utaYua6PSPTHDIrAD9","/h2P7iNCFob6MrtXvZ/0KV0VExqkPzVY",
"28e56fe7-ab86-456a-b7ab-615b39d14c0f","ONAQ_004.basePlot.bet","D15","ONAQ","ONAQ_004","E","2014-09-03","2014-09-11","2014-09-12","2015-04-20","2015-04-20","ONAQ_004.E.20140911","oF4AZF7DP5kd7dHOdxiTA+W/9x8Isti/5T8LY/fTBUU=","carabid","CARSP14","Carabidae sp.","family",,"Latreille","D15.2014.MorphC",13,"Arnett Jr., R. H., and M. C. Thomas. 2001. American Beetles Archosemata, Myxophaga, Adephaga, Polyphaga: Staphyliniformia. 1st Vol. (C. Press, Ed.). 1st Ed. Boca Raton, FL.","z9Nb0fxJczdmi0utaYua6PSPTHDIrAD9","/h2P7iNCFob6MrtXvZ/0KV0VExqkPzVY",
