uid,namedLocation,domainID,siteID,plotID,trapID,setDate,collectDate,processingDate,etOHChangeDate,identifiedDate,sampleID,subsampleID,sampleType,taxonID,scientificName,taxonRank,identificationQualifier,scientificNameAuthorship,morphospeciesID,individualCount,identificationReferences,identifiedBy,recordedBy,remarks
"92aaca23-544d-46c1-a9f2-c00059a888ea","SCBI_002.basePlot.bet","D02","SCBI","SCBI_002","E","2016-08-30","2016-09-13","2016-09-14","2016-10-17","2016-10-17","SCBI_002.E.20160913","NTl2q/XFbjyoJCSKKyH8tYO4sWRkc3KUSwmk3TkTbsk=","carabid","PTECOR1","Pterostichus coracinus","species",,"Newman",,3,"Bousquet, Y. 2010b. Illustrated Identification Guide to Adults and Larvae of Northeastern North American Ground Beetles (Coleoptera: Carabidae). 1st Ed. Pensoft Publishers, Sofia, Bulgaria.","wYCqaZcA+7tKZqVSOMaNBCcRKvQIOBzP","wYCqaZcA+7tKZqVSOMaNBCcRKvQIOBzP",
"b58038d6-0be5-4bb8-b66b-b7eec4da2f72","SCBI_002.basePlot.bet","D02","SCBI","SCBI_002","S","2016-08-30","2016-09-13","2016-09-14","2016-10-17","2016-10-17","SCBI_002.S.20160913","NTl2q/XFbjzihdY0SXzIULoF95te3KT3zXAI5CzYXP0=","carabid","PTECOR1","Pterostichus coracinus","species",,"Newman",,2,"Bousquet, Y. 2010b. Illustrated Identification Guide to Adults and Larvae of Northeastern North American Ground Beetles (Coleoptera: Carabidae). 1st Ed. Pensoft Publishers, Sofia, Bulgaria.","wYCqaZcA+7tKZqVSOMaNBCcRKvQIOBzP","wYCqaZcA+7tKZqVSOMaNBCcRKvQIOBzP",
"cdd481c3-009c-4425-9bcd-16885425b334","SCBI_008.basePlot.bet","D02","SCBI","SCBI_008","N","2016-08-30","2016-09-13","2016-09-14","2016-10-18","2016-10-18","SCBI_008.N.20160913","BDl2KAs5Zr0fn/nHolfnFpsNfq6CqnMXhkyXUKwQQHU=","carabid","PTEADO","Pterostichus adoxus","species",,"Say",,1,"Bousquet, Y. 2010b. Illustrated Identification Guide to Adults and Larvae of Northeastern North American Ground Beetles (Coleoptera: Carabidae). 1st Ed. Pensoft Publishers, Sofia, Bulgaria.","wYCqaZcA+7tKZqVSOMaNBCcRKvQIOBzP","wYCqaZcA+7tKZqVSOMaNBCcRKvQIOBzP",
"7b8399ce-43ff-425c-94b0-d9206f55746a","SCBI_002.basePlot.bet","D02","SCBI","SCBI_002","E","2016-08-30","2016-09-13","2016-09-14","2016-10-17","2016-10-17","SCBI_002.E.20160913","NTl2q/XFbjyoJCSKKyH8tXNWFKHk+HfMxtUPYyzfxKA=","carabid","CHLAMO","Chlaenius amoenus","species",,"Dejean",,1,"Ciegler, J. C. 2000. Ground beetles and wrinkled bark beetles of South Carolina (Coleoptera: Geadephaga: Carabidae and Rhysodidae). Biota of South Carolina. Vol. 1. Clemson, S. Clemson University.","wYCqaZcA+7tKZqVSOMaNBCcRKvQIOBzP","wYCqaZcA+7tKZqVSOMaNBCcRKvQIOBzP",
"dc25541e-9aa7-49b2-84ae-5b8fba1e3b89","SCBI_008.basePlot.bet","D02","SCBI","SCBI_008","N","2016-08-30","2016-09-13","2016-09-14","2016-10-18","2016-10-18","SCBI_008.N.20160913","BDl2KAs5Zr0fn/nHolfnFv9HO8p8smol1605kTIDTt8=","carabid","GALBIC","Galerita bicolor","species",,"Drury",,2,"Ciegler, J. C. 2000. Ground beetles and wrinkled bark beetles of South Carolina (Coleoptera: Geadephaga: Carabidae and Rhysodidae). Biota of South Carolina. Vol. 1. Clemson, S. Clemson University.","wYCqaZcA+7tKZqVSOMaNBCcRKvQIOBzP","wYCqaZcA+7tKZqVSOMaNBCcRKvQIOBzP",
"99309822-0b6e-4102-ace4-6ccc2f8bce9f","SCBI_008.basePlot.bet","D02","SCBI","SCBI_008","N","2016-08-30","2016-09-13","2016-09-14","2016-10-18","2016-10-18","SCBI_008.N.20160913","BDl2KAs5Zr0fn/nHolfnFsamlsOVeyEcm9MuYNCsxHw=","carabid","CHLAES","Chlaenius aestivus","species",,"Say",,14,"Ciegler, J. C. 2000. Ground beetles and wrinkled bark beetles of South Carolina (Coleoptera: Geadephaga: Carabidae and Rhysodidae). Biota of South Carolina. Vol. 1. Clemson, S. Clemson University.","wYCqaZcA+7tKZqVSOMaNBCcRKvQIOBzP","wYCqaZcA+7tKZqVSOMaNBCcRKvQIOBzP",
"853c5bbb-9b05-4f71-b88c-2c1d18773596","SCBI_008.basePlot.bet","D02","SCBI","SCBI_008","N","2016-08-30","2016-09-13","2016-09-14","2016-10-18","2016-10-18","SCBI_008.N.20160913","BDl2KAs5Zr0fn/nHolfnFkhrQbmOhxBs/1x8IOXGrlU=","carabid","TREQUA","Trechus quadristriatus","species",,"Schrank",,1,"Bousquet, Y. 2010b. Illustrated Identification Guide to Adults and Larvae of Northeastern North American Ground Beetles (Coleoptera: Carabidae). 1st Ed. Pensoft Publishers, Sofia, Bulgaria.","wYCqaZcA+7tKZqVSOMaNBCcRKvQIOBzP","wYCqaZcA+7tKZqVSOMaNBCcRKvQIOBzP",
"e7e16771-5c3c-46dc-9a15-8f4b9bbed67b","SCBI_010.basePlot.bet","D02","SCBI","SCBI_010","S","2016-08-30","2016-09-13","2016-09-14","2016-10-17","2016-10-17","SCBI_010.S.20160913","6yi0mRc5GEKydkv1GjxiJ9HzxE0iOfAJvP60uzANSd8=","carabid","AMAEXA","Amara exarata","species",,"Dejean",,1,"Bousquet, Y. 2010b. Illustrated Identification Guide to Adults and Larvae of Northeastern North American Ground Beetles (Coleoptera: Carabidae). 1st Ed. Pensoft Publishers, Sofia, Bulgaria.","wYCqaZcA+7tKZqVSOMaNBCcRKvQIOBzP","wYCqaZcA+7tKZqVSOMaNBCcRKvQIOBzP",
"d23d0013-30d9-48ac-8c6d-f71f56b9f27f","SCBI_010.basePlot.bet","D02","SCBI","SCBI_010","N","2016-08-30","2016-09-13","2016-09-14","2016-10-17","2016-10-17","SCBI_010.N.20160913","6yi0mRc5GEKsxUrIqxAtkNMjDkMUPkvrhp1uxGD0HMw=","carabid","CALGRE","Calathus gregarius","species",,"Say",,4,"Bousquet, Y. 2010b. Illustrated Identification Guide to Adults and Larvae of Northeastern North American Ground Beetles (Coleoptera: Carabidae). 1st Ed. Pensoft Publishers, Sofia, Bulgaria.","wYCqaZcA+7tKZqVSOMaNBCcRKvQIOBzP","wYCqaZcA+7tKZqVSOMaNBCcRKvQIOBzP",
"362b543e-f840-46e0-aab9-d34d3840a5bb","SCBI_010.basePlot.bet","D02","SCBI","SCBI_010","E","2016-08-30","2016-09-13","2016-09-14","2016-10-17","2016-10-17","SCBI_010.E.20160913","6yi0mRc5GEIbmeLa5b+Qe+HIKZ3OxL1ScOKI1UDsgb0=","carabid","CALGRE","Calathus gregarius","species",,"Say",,1,"Bousquet, Y. 2010b. Illustrated Identification Guide to Adults and Larvae of Northeastern North American Ground Beetles (Coleoptera: Carabidae). 1st Ed. Pensoft Publishers, Sofia, Bulgaria.","wYCqaZcA+7tKZqVSOMaNBCcRKvQIOBzP","wYCqaZcA+7tKZqVSOMaNBCcRKvQIOBzP",
"bd4dbe88-5bdd-47b8-b28b-2ee3f3c055ea","SCBI_033.basePlot.bet","D02","SCBI","SCBI_033","N","2016-08-30","2016-09-13","2016-09-14","2016-10-18","2016-10-18","SCBI_033.N.20160913","4ZBK4Rjlf9mNaDg4fctN5d6nosNGc8vLOxyal8WkkUM=","carabid","HARPEN","Harpalus pensylvanicus","species",,"DeGeer",,1,"Bousquet, Y. 2010b. Illustrated Identification Guide to Adults and Larvae of Northeastern North American Ground Beetles (Coleoptera: Carabidae). 1st Ed. Pensoft Publishers, Sofia, Bulgaria.","wYCqaZcA+7tKZqVSOMaNBCcRKvQIOBzP","wYCqaZcA+7tKZqVSOMaNBCcRKvQIOBzP",
"2eeb01d8-597a-4609-93f4-3c7ab05c36fd","SCBI_010.basePlot.bet","D02","SCBI","SCBI_010","W","2016-08-30","2016-09-13","2016-09-14","2016-10-17","2016-10-17","SCBI_010.W.20160913","6yi0mRc5GEIQZjDsi570xD5l29rSLAGO+iP7zIFKe+M=","carabid","PTECOR1","Pterostichus coracinus","species",,"Newman",,1,"Bousquet, Y. 2010b. Illustrated Identification Guide to Adults and Larvae of Northeastern North American Ground Beetles (Coleoptera: Carabidae). 1st Ed. Pensoft Publishers, Sofia, Bulgaria.","wYCqaZcA+7tKZqVSOMaNBCcRKvQIOBzP","wYCqaZcA+7tKZqVSOMaNBCcRKvQIOBzP",
"c019c1f2-794e-4a6c-9d14-252df5e44b60","SCBI_007.basePlot.bet","D02","SCBI","SCBI_007","N","2016-08-30","2016-09-13","2016-09-14","2016-10-18","2016-10-18","SCBI_007.N.20160913","tckDqTjQv3hxvOyIoVTTTvC3LS0s/LU/h40a+WZFzNU=","carabid","PTECOR1","Pterostichus coracinus","species",,"Newman",,1,"Bousquet, Y. 2010b. Illustrated Identification Guide to Adults and Larvae of Northeastern North American Ground Beetles (Coleoptera: Carabidae). 1st Ed. Pensoft Publishers, Sofia, Bulgaria.","wYCqaZcA+7tKZqVSOMaNBCcRKvQIOBzP","wYCqaZcA+7tKZqVSOMaNBCcRKvQIOBzP",
"9bc2eccf-6f4f-40ac-bc8a-d2ded58986d6","SCBI_007.basePlot.bet","D02","SCBI","SCBI_007","W","2016-08-30","2016-09-13","2016-09-14","2016-10-18","2016-10-18","SCBI_007.W.20160913","tckDqTjQv3i53K+EPwOjp0Sj9XNBmw7YJKrfE+Vkr+U=","carabid","PTECOR1","Pterostichus coracinus","species",,"Newman",,2,"Bousquet, Y. 2010b. Illustrated Identification Guide to Adults and Larvae of Northeastern North American Ground Beetles (Coleoptera: Carabidae). 1st Ed. Pensoft Publishers, Sofia, Bulgaria.","wYCqaZcA+7tKZqVSOMaNBCcRKvQIOBzP","wYCqaZcA+7tKZqVSOMaNBCcRKvQIOBzP",
"bccfddfc-de75-44f8-9a34-3b495bc0ea44","SCBI_003.basePlot.bet","D02","SCBI","SCBI_003","S","2016-08-30","2016-09-13","2016-09-14","2016-10-17","2016-10-17","SCBI_003.S.20160913","YQnsugPXdU20stMS6UWXwwooys11MOFJIgTIfCuLYs8=","carabid","SYNIMP","Synuchus impunctatus","species",,"Say",,1,"Bousquet, Y. 2010b. Illustrated Identification Guide to Adults and Larvae of Northeastern North American Ground Beetles (Coleoptera: Carabidae). 1st Ed. Pensoft Publishers, Sofia, Bulgaria.","wYCqaZcA+7tKZqVSOMaNBCcRKvQIOBzP","wYCqaZcA+7tKZqVSOMaNBCcRKvQIOBzP",
"2818b57d-2d32-4020-bb1a-36b77f2d9cbe","SCBI_010.basePlot.bet","D02","SCBI","SCBI_010","N","2016-08-30","2016-09-13","2016-09-14","2016-10-17","2016-10-17","SCBI_010.N.20160913","6yi0mRc5GEKsxUrIqxAtkA6w7P4guG4AryJqmSQ3FWQ=","carabid","CHLAMO","Chlaenius amoenus","species",,"Dejean",,1,"Ciegler, J. C. 2000. Ground beetles and wrinkled bark beetles of South Carolina (Coleoptera: Geadephaga: Carabidae and Rhysodidae). Biota of South Carolina. Vol. 1. Clemson, S. Clemson University.","wYCqaZcA+7tKZqVSOMaNBCcRKvQIOBzP","wYCqaZcA+7tKZqVSOMaNBCcRKvQIOBzP",
"caadc003-2c46-4b04-8303-1c23fd291a43","SCBI_004.basePlot.bet","D02","SCBI","SCBI_004","S","2016-08-30","2016-09-13","2016-09-14","2016-10-17","2016-10-17","SCBI_004.S.20160913","ZCodyo9yj63dNi9ZfegIK+nIrzG/pvY+U1tjbMOZcTU=","carabid","HARCOM","Harpalus compar","species",,"LeConte",,1,"Bousquet, Y. 2010b. Illustrated Identification Guide to Adults and Larvae of Northeastern North American Ground Beetles (Coleoptera: Carabidae). 1st Ed. Pensoft Publishers, Sofia, Bulgaria.","wYCqaZcA+7tKZqVSOMaNBCcRKvQIOBzP","wYCqaZcA+7tKZqVSOMaNBCcRKvQIOBzP",
"56c87dd8-cd7e-436b-a3c9-a9ea30da46a6","SCBI_005.basePlot.bet","D02","SCBI","SCBI_005","W","2016-08-30","2016-09-13","2016-09-14","2016-10-18","2016-10-18","SCBI_005.W.20160913","2MbaqPQFAm4C5b3PAN3oYfeDyKrv+I58puK21bp0i5g=","carabid","TRIFUL","Trichotichnus fulgens","species",,"Csiki",,1,"Ciegler, J. C. 2000. Ground beetles and wrinkled bark beetles of South Carolina (Coleoptera: Geadephaga: Carabidae and Rhysodidae). Biota of South Carolina. Vol. 1. Clemson, S. Clemson University.","wYCqaZcA+7tKZqVSOMaNBCcRKvQIOBzP","wYCqaZcA+7tKZqVSOMaNBCcRKvQIOBzP",
"d22ab51f-4973-4c53-b3dc-ef0c4bf9adc8","SCBI_005.basePlot.bet","D02","SCBI","SCBI_005","S","2016-08-30","2016-09-13","2016-09-14","2016-10-18","2016-10-18","SCBI_005.S.20160913","2MbaqPQFAm6kR+I9Li+HcXyQfp28Q5yp/8d56YutWC0=","carabid","TRIFUL","Trichotichnus fulgens","species",,"Csiki",,1,"Ciegler, J. C. 2000. Ground beetles and wrinkled bark beetles of South Carolina (Coleoptera: Geadephaga: Carabidae and Rhysodidae). Biota of South Carolina. Vol. 1. Clemson, S. Clemson University.","wYCqaZcA+7tKZqVSOMaNBCcRKvQIOBzP","wYCqaZcA+7tKZqVSOMaNBCcRKvQIOBzP",
"1afd4e2f-8dc5-45c3-a50b-818df5f083ee","SCBI_002.basePlot.bet","D02","SCBI","SCBI_002","N","2016-08-30","2016-09-13","2016-09-14","2016-10-17","2016-10-17","SCBI_002.N.20160913","NTl2q/XFbjyx0InoN+HVoqU07s391XV6TA+7cpkLZDU=","carabid","AMPINT","Amphasia interstitialis","species",,"Say",,1,"Ciegler, J. C. 2000. Ground beetles and wrinkled bark beetles of South Carolina (Coleoptera: Geadephaga: Carabidae and Rhysodidae). Biota of South Carolina. Vol. 1. Clemson, S. Clemson University.","wYCqaZcA+7tKZqVSOMaNBCcRKvQIOBzP","wYCqaZcA+7tKZqVSOMaNBCcRKvQIOBzP",
"12636e03-0a7a-4db3-80d8-5cd025bc8c9a","SCBI_002.basePlot.bet","D02","SCBI","SCBI_002","E","2016-08-30","2016-09-13","2016-09-14","2016-10-17","2016-10-17","SCBI_002.E.20160913","NTl2q/XFbjyoJCSKKyH8tSnf/ZuvQ6fXMRNru+QZLlM=","carabid","GALBIC","Galerita bicolor","species",,"Drury",,17,"Ciegler, J. C. 2000. Ground beetles and wrinkled bark beetles of South Carolina (Coleoptera: Geadephaga: Carabidae and Rhysodidae). Biota of South Carolina. Vol. 1. Clemson, S. Clemson University.","wYCqaZcA+7tKZqVSOMaNBCcRKvQIOBzP","wYCqaZcA+7tKZqVSOMaNBCcRKvQIOBzP",
"c9a0c2ae-7c9a-453f-a929-9bbad6954036","SCBI_002.basePlot.bet","D02","SCBI","SCBI_002","N","2016-08-30","2016-09-13","2016-09-14","2016-10-17","2016-10-17","SCBI_002.N.20160913","NTl2q/XFbjyx0InoN+HVoieiz/xhGG3I5NLSetWQ/04=","carabid","PTECOR1","Pterostichus coracinus","species",,"Newman",,2,"Bousquet, Y. 2010b. Illustrated Identification Guide to Adults and Larvae of Northeastern North American Ground Beetles (Coleoptera: Carabidae). 1st Ed. Pensoft Publishers, Sofia, Bulgaria.","wYCqaZcA+7tKZqVSOMaNBCcRKvQIOBzP","wYCqaZcA+7tKZqVSOMaNBCcRKvQIOBzP",
"5de42d56-403f-4990-a6b7-e3785967ce6a","SCBI_002.basePlot.bet","D02","SCBI","SCBI_002","E","2016-08-30","2016-09-13","2016-09-14","2016-10-17","2016-10-17","SCBI_002.E.20160913","NTl2q/XFbjyoJCSKKyH8tYjIQtO2e9YxiNFZCWqAVns=","carabid","CHLEMA","Chlaenius emarginatus","species",,"Say",,1,"Ciegler, J. C. 2000. Ground beetles and wrinkled bark beetles of South Carolina (Coleoptera: Geadephaga: Carabidae and Rhysodidae). Biota of South Carolina. Vol. 1. Clemson, S. Clemson University.","wYCqaZcA+7tKZqVSOMaNBCcRKvQIOBzP","wYCqaZcA+7tKZqVSOMaNBCcRKvQIOBzP",
"b4bbb04f-41a8-40d5-82c9-84f6158c74d6","SCBI_002.basePlot.bet","D02","SCBI","SCBI_002","N","2016-08-30","2016-09-13","2016-09-14","2016-10-17","2016-10-17","SCBI_002.N.20160913","NTl2q/XFbjyx0InoN+HVouCTOmOKwYgda/cBMqXRG+E=","carabid","CHLEMA","Chlaenius emarginatus","species",,"Say",,1,"Ciegler, J. C. 2000. Ground beetles and wrinkled bark beetles of South Carolina (Coleoptera: Geadephaga: Carabidae and Rhysodidae). Biota of South Carolina. Vol. 1. Clemson, S. Clemson University.","wYCqaZcA+7tKZqVSOMaNBCcRKvQIOBzP","wYCqaZcA+7tKZqVSOMaNBCcRKvQIOBzP",
"212ead7b-ce44-4771-b7c0-17543d2039b7","SCBI_002.basePlot.bet","D02","SCBI","SCBI_002","E","2016-08-30","2016-09-13","2016-09-14","2016-10-17","2016-10-17","SCBI_002.E.20160913","NTl2q/XFbjyoJCSKKyH8taDQRW3e4QdcngURGQIN28s=","carabid","SYNIMP","Synuchus impunctatus","species",,"Say",,1,"Bousquet, Y. 2010b. Illustrated Identification Guide to Adults and Larvae of Northeastern North American Ground Beetles (Coleoptera: Carabidae). 1st Ed. Pensoft Publishers, Sofia, Bulgaria.","wYCqaZcA+7tKZqVSOMaNBCcRKvQIOBzP","wYCqaZcA+7tKZqVSOMaNBCcRKvQIOBzP",
"1435881c-bfde-4cd8-8d9a-2e5d9420d8ad","SCBI_002.basePlot.bet","D02","SCBI","SCBI_002","N","2016-08-30","2016-09-13","2016-09-14","2016-10-17","2016-10-17","SCBI_002.N.20160913","NTl2q/XFbjyx0InoN+HVorZJHeuziTfDWv2jcKJtf1U=","carabid","PTESTY","Pterostichus stygicus","species",,"Say",,2,"Bousquet, Y. 2010b. Illustrated Identification Guide to Adults and Larvae of Northeastern North American Ground Beetles (Coleoptera: Carabidae). 1st Ed. Pensoft Publishers, Sofia, Bulgaria.","wYCqaZcA+7tKZqVSOMaNBCcRKvQIOBzP","wYCqaZcA+7tKZqVSOMaNBCcRKvQIOBzP",
"38c77a9f-4480-4814-bdaf-398ba5833108","SCBI_002.basePlot.bet","D02","SCBI","SCBI_002","N","2016-08-30","2016-09-13","2016-09-14","2016-10-17","2016-10-17","SCBI_002.N.20160913","NTl2q/XFbjyx0InoN+HVojibQSpoPfAGwyOiS0tvzEg=","carabid","CHLAES","Chlaenius aestivus","species",,"Say",,1,"Ciegler, J. C. 2000. Ground beetles and wrinkled bark beetles of South Carolina (Coleoptera: Geadephaga: Carabidae and Rhysodidae). Biota of South Carolina. Vol. 1. Clemson, S. Clemson University.","wYCqaZcA+7tKZqVSOMaNBCcRKvQIOBzP","wYCqaZcA+7tKZqVSOMaNBCcRKvQIOBzP",
"a7f0779e-f577-4883-beea-d535d59fcc25","SCBI_003.basePlot.bet","D02","SCBI","SCBI_003","E","2016-08-30","2016-09-13","2016-09-14","2016-09-21",,"SCBI_003.E.20160913","YQnsugPXdU20RMpGdFBgbuh39i8r7or2md7BgJwYhx8=","invert bycatch",,,,,,,,,,"65MrXCKZ6BZHMIpBwLFSzI3B2iyqckQKC2QVdjxfI44=","Unsure of whether they were carabids"
"f531996e-7155-4c24-a29d-ee0f146dff62","SCBI_033.basePlot.bet","D02","SCBI","SCBI_033","E","2016-08-30","2016-09-13","2016-09-14","2016-09-20",,"SCBI_033.E.20160913","4ZBK4Rjlf9k8yulsGmd7kNZfcImS9qatqhiHZwZD7ZI=","invert bycatch",,,,,,,,,,"/AhbGCCF27wHz9TggrmS1nLN8zUO+zcB",
"072a263d-5449-447c-8889-5ce702822c7a","SCBI_004.basePlot.bet","D02","SCBI","SCBI_004","E","2016-08-30","2016-09-13","2016-09-14","2016-09-21",,"SCBI_004.E.20160913","ZCodyo9yj62BL7y83B4YIAew4u17GucJHFc+c8esZb8=","invert bycatch",,,,,,,,,,"vEBCcEQSSh8r9pJtyJMpi8WPWOrf6mR2",
"6f31ad8b-ad1f-40b3-8505-1b9e4671dbe1","SCBI_005.basePlot.bet","D02","SCBI","SCBI_005","E","2016-08-30","2016-09-13","2016-09-14","2016-09-20",,"SCBI_005.E.20160913","2MbaqPQFAm5A70or/ZPbOK2psqQzhvMy0pVOym/7Rck=","invert bycatch",,,,,,,,,,"ena7GLJui5s1h8moQAQPw3Qj2+mVdivS",
"bbdad8a2-af16-4e33-9a33-8105c84f4a01","SCBI_006.basePlot.bet","D02","SCBI","SCBI_006","E","2016-08-30","2016-09-13","2016-09-14","2016-09-20",,"SCBI_006.E.20160913","2wNT0Wyw284cn5ygCsfFq372UhCUjsWfyyDGJVqn7EA=","invert bycatch",,,,,,,,,,"YJ2A+OwoGUUtJLNxPkxhEPyEeY8sOiMA",
"60f7a9c5-0cbb-4eac-b11d-fad88cc3fc1b","SCBI_002.basePlot.bet","D02","SCBI","SCBI_002","E","2016-08-30","2016-09-13","2016-09-14","2016-09-21",,"SCBI_002.E.20160913","NTl2q/XFbjyoJCSKKyH8tb+WmqTS4CtKcdAHtI3wg5g=","invert bycatch",,,,,,,,,,"p8WKbOBZs5/CRPjq/1HrITk8Sf0GvCtj",
"419613b7-6ec6-4cc4-88c8-97e48a8d6f07","SCBI_008.basePlot.bet","D02","SCBI","SCBI_008","E","2016-08-30","2016-09-13","2016-09-14","2016-09-21",,"SCBI_008.E.20160913","BDl2KAs5Zr1j9VvDjbLcqQJ+SfqCdYoxsgLOOvdTGtU=","invert bycatch",,,,,,,,,,"/AhbGCCF27wHz9TggrmS1nLN8zUO+zcB",
"eb0e5741-06c5-4a72-a064-36664a2500a5","SCBI_012.basePlot.bet","D02","SCBI","SCBI_012","E","2016-08-30","2016-09-13","2016-09-14","2016-09-20",,"SCBI_012.E.20160913","XK58HfsRWve1EdV8jdFU94bxQ3qRiaPmbTHIx4B9pnU=","invert bycatch",,,,,,,,,,"YJ2A+OwoGUUtJLNxPkxhEPyEeY8sOiMA",
"70928fcf-096f-4f83-9cd7-18db2718a64b","SCBI_010.basePlot.bet","D02","SCBI","SCBI_010","E","2016-08-30","2016-09-13","2016-09-14","2016-09-20",,"SCBI_010.E.20160913","6yi0mRc5GEIbmeLa5b+Qe0IsIAYw9nHZ8vJhGjMutW8=","invert bycatch",,,,,,,,,,"65MrXCKZ6BZHMIpBwLFSzI3B2iyqckQKC2QVdjxfI44=",
"6f544ff6-d4ca-4ed1-b47a-af89331e43f7","SCBI_007.basePlot.bet","D02","SCBI","SCBI_007","N","2016-08-30","2016-09-13","2016-09-14","2016-09-21",,"SCBI_007.N.20160913","tckDqTjQv3hxvOyIoVTTTqRvJzIHg6aGUavyxu3xAZI=","invert bycatch",,,,,,,,,,"p8WKbOBZs5/CRPjq/1HrITk8Sf0GvCtj",
"872682b5-b445-481d-9bde-eefede178e34","SCBI_002.basePlot.bet","D02","SCBI","SCBI_002","N","2016-08-30","2016-09-13","2016-09-14","2016-09-21",,"SCBI_002.N.20160913","NTl2q/XFbjyx0InoN+HVohuLvKT68A1p8tYnNR+KM0A=","invert bycatch",,,,,,,,,,"p8WKbOBZs5/CRPjq/1HrITk8Sf0GvCtj",
"64795204-4ad8-4ef9-9159-be1677b324d2","SCBI_033.basePlot.bet","D02","SCBI","SCBI_033","N","2016-08-30","2016-09-13","2016-09-14","2016-09-20",,"SCBI_033.N.20160913","4ZBK4Rjlf9mNaDg4fctN5dkssvHQ3CzXtqy5CDYos2U=","invert bycatch",,,,,,,,,,"/AhbGCCF27wHz9TggrmS1nLN8zUO+zcB",
"9713f856-cb1a-475e-88e6-145e74cf6f02","SCBI_005.basePlot.bet","D02","SCBI","SCBI_005","N","2016-08-30","2016-09-13","2016-09-14","2016-09-20",,"SCBI_005.N.20160913","2MbaqPQFAm6RE6ad9TwzJ8VyJXlWJRlPdAte5pXqSi8=","invert bycatch",,,,,,,,,,"ena7GLJui5s1h8moQAQPw3Qj2+mVdivS",
"fdc81d17-7e89-4428-9b62-4a52cd87af9d","SCBI_004.basePlot.bet","D02","SCBI","SCBI_004","N","2016-08-30","2016-09-13","2016-09-14","2016-09-21",,"SCBI_004.N.20160913","ZCodyo9yj632kmEhNYEwCjkvphqWwUHYGHIzfK0noPg=","invert bycatch",,,,,,,,,,"vEBCcEQSSh8r9pJtyJMpi8WPWOrf6mR2",
"85bfffa3-5158-49cb-a049-3b73379cd352","SCBI_006.basePlot.bet","D02","SCBI","SCBI_006","N","2016-08-30","2016-09-13","2016-09-14","2016-09-20",,"SCBI_006.N.20160913","2wNT0Wyw2875TyQhETP35MmCnLyqgJA7eq723YbcdzM=","invert bycatch",,,,,,,,,,"YJ2A+OwoGUUtJLNxPkxhEPyEeY8sOiMA",
"5ebdcecd-7c0d-4d68-a063-6b35e1d47a97","SCBI_008.basePlot.bet","D02","SCBI","SCBI_008","N","2016-08-30","2016-09-13","2016-09-14","2016-09-21",,"SCBI_008.N.20160913","BDl2KAs5Zr0fn/nHolfnFlwuyZ4sPYxyw88OlRkkUXM=","invert bycatch",,,,,,,,,,"/AhbGCCF27wHz9TggrmS1nLN8zUO+zcB",
"4ebf054d-ba97-49a9-bb61-3432758625d9","SCBI_012.basePlot.bet","D02","SCBI","SCBI_012","N","2016-08-30","2016-09-13","2016-09-14","2016-09-20",,"SCBI_012.N.20160913","XK58HfsRWveG+LxxqSJmkBytNnxQHAzJcXFkEmNb+Jc=","invert bycatch",,,,,,,,,,"YJ2A+OwoGUUtJLNxPkxhEPyEeY8sOiMA",
"f1f942b3-804e-4696-a7c4-51a2c883d2fe","SCBI_010.basePlot.bet","D02","SCBI","SCBI_010","N","2016-08-30","2016-09-13","2016-09-14","2016-09-20",,"SCBI_010.N.20160913","6yi0mRc5GEKsxUrIqxAtkGnU3K/e5hb9iHzkW9MLRGE=","invert bycatch",,,,,,,,,,"65MrXCKZ6BZHMIpBwLFSzI3B2iyqckQKC2QVdjxfI44=",
"a7b437d6-ebaa-49c8-9fb5-3abe151867cd","SCBI_003.basePlot.bet","D02","SCBI","SCBI_003","S","2016-08-30","2016-09-13","2016-09-14","2016-09-21",,"SCBI_003.S.20160913","YQnsugPXdU20stMS6UWXwwFjPXuJlIaQxnZ11ZcsnMo=","invert bycatch",,,,,,,,,,"65MrXCKZ6BZHMIpBwLFSzI3B2iyqckQKC2QVdjxfI44=","Carabid broken prior to sorting"
"08bf46db-ba0e-44c8-b14e-7e4ae0ea4edb","SCBI_005.basePlot.bet","D02","SCBI","SCBI_005","S","2016-08-30","2016-09-13","2016-09-14","2016-09-20",,"SCBI_005.S.20160913","2MbaqPQFAm6kR+I9Li+HcS0ROgzTEeBHZmu/N4gEG4Y=","invert bycatch",,,,,,,,,,"ena7GLJui5s1h8moQAQPw3Qj2+mVdivS",
"164754b6-c856-4846-bd5b-56265c0c79f6","SCBI_002.basePlot.bet","D02","SCBI","SCBI_002","S","2016-08-30","2016-09-13","2016-09-14","2016-09-21",,"SCBI_002.S.20160913","NTl2q/XFbjzihdY0SXzIUNfX8ohQCkg60sPFaOjWzDA=","invert bycatch",,,,,,,,,,"p8WKbOBZs5/CRPjq/1HrITk8Sf0GvCtj",
"5b5c24d1-66bc-4971-be19-f240f4b078c5","SCBI_008.basePlot.bet","D02","SCBI","SCBI_008","S","2016-08-30","2016-09-13","2016-09-14","2016-09-21",,"SCBI_008.S.20160913","BDl2KAs5Zr3ZSpxXmmJRzoIv8fwnc+ZvBwp91YhLGsU=","invert bycatch",,,,,,,,,,"/AhbGCCF27wHz9TggrmS1nLN8zUO+zcB",
"7d365bc5-5370-45a0-80e9-38aabadb3484","SCBI_006.basePlot.bet","D02","SCBI","SCBI_006","S","2016-08-30","2016-09-13","2016-09-14","2016-09-20",,"SCBI_006.S.20160913","2wNT0Wyw286/826Xi7eVPegZEwAmd3rts6gkICCan9c=","invert bycatch",,,,,,,,,,"YJ2A+OwoGUUtJLNxPkxhEPyEeY8sOiMA",
"bc35184d-c15a-4b84-a6cc-e7324e62b66d","SCBI_012.basePlot.bet","D02","SCBI","SCBI_012","S","2016-08-30","2016-09-13","2016-09-14","2016-09-20",,"SCBI_012.S.20160913","XK58HfsRWvdTGJ2w3r2S5tn7U+JhHUwm77SA1cw9Tlw=","invert bycatch",,,,,,,,,,"YJ2A+OwoGUUtJLNxPkxhEPyEeY8sOiMA",
"111dd14c-fdac-42df-a17a-38a894495d02","SCBI_010.basePlot.bet","D02","SCBI","SCBI_010","S","2016-08-30","2016-09-13","2016-09-14","2016-09-21",,"SCBI_010.S.20160913","6yi0mRc5GEKydkv1GjxiJxMXpBC/RD5ARk7aQBOT6yo=","invert bycatch",,,,,,,,,,"65MrXCKZ6BZHMIpBwLFSzI3B2iyqckQKC2QVdjxfI44=",
"f2ab1d36-19a3-4d8d-b7c6-e0c150083838","SCBI_033.basePlot.bet","D02","SCBI","SCBI_033","S","2016-08-30","2016-09-13","2016-09-14","2016-09-20",,"SCBI_033.S.20160913","4ZBK4Rjlf9nC8bRn4VSanTw2yJjS0EbnA+iUjR5cwck=","invert bycatch",,,,,,,,,,"/AhbGCCF27wHz9TggrmS1nLN8zUO+zcB",
"13fa27a8-bf28-4726-85e4-b3888958b9e9","SCBI_004.basePlot.bet","D02","SCBI","SCBI_004","S","2016-08-30","2016-09-13","2016-09-14","2016-09-21",,"SCBI_004.S.20160913","ZCodyo9yj63dNi9ZfegIK78uzT0dLlVxnroM4PyCJ+I=","invert bycatch",,,,,,,,,,"vEBCcEQSSh8r9pJtyJMpi8WPWOrf6mR2",
"1a9b2adf-0293-4415-8681-bdbb87a92086","SCBI_004.basePlot.bet","D02","SCBI","SCBI_004","W","2016-08-30","2016-09-13","2016-09-14","2016-09-21",,"SCBI_004.W.20160913","ZCodyo9yj609HtfWqVX+BbFhfJGFcheLTuLJ1YG33ho=","invert bycatch",,,,,,,,,,"vEBCcEQSSh8r9pJtyJMpi8WPWOrf6mR2",
"9bdbae1e-1296-469c-939d-f6719a3b8682","SCBI_007.basePlot.bet","D02","SCBI","SCBI_007","W","2016-08-30","2016-09-13","2016-09-14","2016-09-21",,"SCBI_007.W.20160913","tckDqTjQv3i53K+EPwOjp9tBQ70om4xiu5LJJECq/E4=","invert bycatch",,,,,,,,,,"p8WKbOBZs5/CRPjq/1HrITk8Sf0GvCtj",
"48e66d53-fe28-4f0c-b6ea-9d28d293edf9","SCBI_005.basePlot.bet","D02","SCBI","SCBI_005","W","2016-08-30","2016-09-13","2016-09-14","2016-09-20",,"SCBI_005.W.20160913","2MbaqPQFAm4C5b3PAN3oYRIdpCMgyKeCMSJZAUjjxmQ=","invert bycatch",,,,,,,,,,"ena7GLJui5s1h8moQAQPw3Qj2+mVdivS",
"3c5abdc3-af48-4bad-9ad1-84d755afd251","SCBI_006.basePlot.bet","D02","SCBI","SCBI_006","W","2016-08-30","2016-09-13","2016-09-14","2016-09-20",,"SCBI_006.W.20160913","2wNT0Wyw287NPoGaw2V4AMHRhHPAyRARe1Bv6nPpFoQ=","invert bycatch",,,,,,,,,,"YJ2A+OwoGUUtJLNxPkxhEPyEeY8sOiMA",
"36ee53d8-a683-47af-8cb4-e04235ca1bda","SCBI_012.basePlot.bet","D02","SCBI","SCBI_012","W","2016-08-30","2016-09-13","2016-09-14","2016-09-20",,"SCBI_012.W.20160913","XK58HfsRWvfV3LAbZQuLgkQO82kwVl9pU2cvyJ80MXA=","invert bycatch",,,,,,,,,,"YJ2A+OwoGUUtJLNxPkxhEPyEeY8sOiMA",
"b4bc7298-d101-4732-a5bc-a8be414211a6","SCBI_008.basePlot.bet","D02","SCBI","SCBI_008","W","2016-08-30","2016-09-13","2016-09-14","2016-09-21",,"SCBI_008.W.20160913","BDl2KAs5Zr37qk81DaI3uBJuQDwjh3Xn5waCULbXsrI=","invert bycatch",,,,,,,,,,"/AhbGCCF27wHz9TggrmS1nLN8zUO+zcB",
"7d9c5657-9d7c-4faa-88d6-bda161f511e0","SCBI_010.basePlot.bet","D02","SCBI","SCBI_010","W","2016-08-30","2016-09-13","2016-09-14","2016-09-20",,"SCBI_010.W.20160913","6yi0mRc5GEIQZjDsi570xI9HXyjiDUWjnAmHbLu7PKY=","invert bycatch",,,,,,,,,,"65MrXCKZ6BZHMIpBwLFSzI3B2iyqckQKC2QVdjxfI44=","beetles broken prior to sorting| could not find all of the parts"
"01157f40-de07-4fac-845c-db03bb870b0a","SCBI_033.basePlot.bet","D02","SCBI","SCBI_033","W","2016-08-30","2016-09-13","2016-09-14","2016-09-20",,"SCBI_033.W.20160913","4ZBK4Rjlf9lnlC3/aPVV106L8Cfxgwx1QX55d+SIAqo=","invert bycatch",,,,,,,,,,"/AhbGCCF27wHz9TggrmS1nLN8zUO+zcB",
"6929a4bf-3e59-47b4-960a-14d8e33994e5","SCBI_007.basePlot.bet","D02","SCBI","SCBI_007","N","2016-09-13","2016-09-27","2016-09-28","2016-10-19","2016-10-19","SCBI_007.N.20160927","tckDqTjQv3hxvOyIoVTTTrIszpqZgSRD6CBVFkgzCSM=","carabid","PTECOR1","Pterostichus coracinus","species",,"Newman",,1,"Bousquet, Y. 2010b. Illustrated Identification Guide to Adults and Larvae of Northeastern North American Ground Beetles (Coleoptera: Carabidae). 1st Ed. Pensoft Publishers, Sofia, Bulgaria.","wYCqaZcA+7tKZqVSOMaNBCcRKvQIOBzP","wYCqaZcA+7tKZqVSOMaNBCcRKvQIOBzP",
"12fd9bc8-b64f-430f-9ec4-5ee02497e093","SCBI_005.basePlot.bet","D02","SCBI","SCBI_005","W","2016-09-13","2016-09-27","2016-09-28","2016-09-29",,"SCBI_005.W.20160927","2MbaqPQFAm4C5b3PAN3oYZfu0sONON+wlo2uqK4CxLU=","invert bycatch",,,,,,,,,,"vEBCcEQSSh8r9pJtyJMpi8WPWOrf6mR2",
"2b273b65-d260-48d6-8e4a-68348b7bdc2a","SCBI_033.basePlot.bet","D02","SCBI","SCBI_033","W","2016-09-13","2016-09-27","2016-09-28","2016-10-19","2016-10-19","SCBI_033.W.20160927","4ZBK4Rjlf9lnlC3/aPVV18vw6bvA3Mynwj4RJkdEgMw=","carabid","DICFUR2","Dicaelus furvus furvus","subspecies",,"Dejean",,1,"Ciegler, J. C. 2000. Ground beetles and wrinkled bark beetles of South Carolina (Coleoptera: Geadephaga: Carabidae and Rhysodidae). Biota of South Carolina. Vol. 1. Clemson, S. Clemson University.","wYCqaZcA+7tKZqVSOMaNBCcRKvQIOBzP","wYCqaZcA+7tKZqVSOMaNBCcRKvQIOBzP",
"4d750fab-2c73-409f-8463-c574859b107e","SCBI_010.basePlot.bet","D02","SCBI","SCBI_010","N","2016-09-13","2016-09-27","2016-09-28","2016-10-19","2016-10-19","SCBI_010.N.20160927","6yi0mRc5GEKsxUrIqxAtkCLUmhN2Ogg/2Q3ZvbaUj3w=","carabid","AMAEXA","Amara exarata","species",,"Dejean",,1,"Bousquet, Y. 2010b. Illustrated Identification Guide to Adults and Larvae of Northeastern North American Ground Beetles (Coleoptera: Carabidae). 1st Ed. Pensoft Publishers, Sofia, Bulgaria.","wYCqaZcA+7tKZqVSOMaNBCcRKvQIOBzP","wYCqaZcA+7tKZqVSOMaNBCcRKvQIOBzP",
"423e1657-a91a-4dd6-b50b-3f0734b42f83","SCBI_033.basePlot.bet","D02","SCBI","SCBI_033","N","2016-09-13","2016-09-27","2016-09-28","2016-10-19","2016-10-19","SCBI_033.N.20160927","4ZBK4Rjlf9mNaDg4fctN5UvcBpWN1BFgbmsroC35X2U=","carabid","HARCOM","Harpalus compar","species",,"LeConte",,1,"Bousquet, Y. 2010b. Illustrated Identification Guide to Adults and Larvae of Northeastern North American Ground Beetles (Coleoptera: Carabidae). 1st Ed. Pensoft Publishers, Sofia, Bulgaria.","wYCqaZcA+7tKZqVSOMaNBCcRKvQIOBzP","wYCqaZcA+7tKZqVSOMaNBCcRKvQIOBzP",
"3720f6d6-c155-4942-826e-0a7e277d5c9c","SCBI_010.basePlot.bet","D02","SCBI","SCBI_010","N","2016-09-13","2016-09-27","2016-09-28","2016-10-19","2016-10-19","SCBI_010.N.20160927","6yi0mRc5GEKsxUrIqxAtkE36o5/Z9wu8JrBHO4DqeOI=","carabid","PTECOR1","Pterostichus coracinus","species",,"Newman",,1,"Bousquet, Y. 2010b. Illustrated Identification Guide to Adults and Larvae of Northeastern North American Ground Beetles (Coleoptera: Carabidae). 1st Ed. Pensoft Publishers, Sofia, Bulgaria.","wYCqaZcA+7tKZqVSOMaNBCcRKvQIOBzP","wYCqaZcA+7tKZqVSOMaNBCcRKvQIOBzP",
"a1d8772f-a2e4-4b4f-8f69-f1725348bfb9","SCBI_010.basePlot.bet","D02","SCBI","SCBI_010","W","2016-09-13","2016-09-27","2016-09-28","2016-10-19","2016-10-19","SCBI_010.W.20160927","6yi0mRc5GEIQZjDsi570xHXqo/ndLmAp5NxJvr1HMas=","carabid","MYACOR","Myas coracinus","species",,"Say",,1,"Bousquet, Y. 2010b. Illustrated Identification Guide to Adults and Larvae of Northeastern North American Ground Beetles (Coleoptera: Carabidae). 1st Ed. Pensoft Publishers, Sofia, Bulgaria.","wYCqaZcA+7tKZqVSOMaNBCcRKvQIOBzP","wYCqaZcA+7tKZqVSOMaNBCcRKvQIOBzP",
"36e256df-f6a9-4b3b-8623-db9fa3f00b17","SCBI_010.basePlot.bet","D02","SCBI","SCBI_010","W","2016-09-13","2016-09-27","2016-09-28","2016-10-19","2016-10-19","SCBI_010.W.20160927","6yi0mRc5GEIQZjDsi570xJPDimZTLGUyzxo4B/mqEiM=","carabid","CALGRE","Calathus gregarius","species",,"Say",,1,"Bousquet, Y. 2010b. Illustrated Identification Guide to Adults and Larvae of Northeastern North American Ground Beetles (Coleoptera: Carabidae). 1st Ed. Pensoft Publishers, Sofia, Bulgaria.","wYCqaZcA+7tKZqVSOMaNBCcRKvQIOBzP","wYCqaZcA+7tKZqVSOMaNBCcRKvQIOBzP",
"42d5c521-74c7-4b2e-b2ea-bd157c035d84","SCBI_008.basePlot.bet","D02","SCBI","SCBI_008","N","2016-09-13","2016-09-27","2016-09-28","2016-10-19","2016-10-19","SCBI_008.N.20160927","BDl2KAs5Zr0fn/nHolfnFnkdtfG1cVyQHezqGSdf8EE=","carabid","CHLAES","Chlaenius aestivus","species",,"Say",,1,"Ciegler, J. C. 2000. Ground beetles and wrinkled bark beetles of South Carolina (Coleoptera: Geadephaga: Carabidae and Rhysodidae). Biota of South Carolina. Vol. 1. Clemson, S. Clemson University.","wYCqaZcA+7tKZqVSOMaNBCcRKvQIOBzP","wYCqaZcA+7tKZqVSOMaNBCcRKvQIOBzP",
"b57198e9-a377-48e5-9d5a-6582d1029044","SCBI_012.basePlot.bet","D02","SCBI","SCBI_012","S","2016-09-13","2016-09-27","2016-09-28","2016-10-19","2016-10-19","SCBI_012.S.20160927","XK58HfsRWvdTGJ2w3r2S5nNzzb0ycQOjVl21B1suOEk=","carabid","CALGRE","Calathus gregarius","species",,"Say",,1,"Bousquet, Y. 2010b. Illustrated Identification Guide to Adults and Larvae of Northeastern North American Ground Beetles (Coleoptera: Carabidae). 1st Ed. Pensoft Publishers, Sofia, Bulgaria.","wYCqaZcA+7tKZqVSOMaNBCcRKvQIOBzP","wYCqaZcA+7tKZqVSOMaNBCcRKvQIOBzP",
"91294f2c-c2f1-4626-ac4c-4a93de4b2901","SCBI_008.basePlot.bet","D02","SCBI","SCBI_008","W","2016-09-13","2016-09-27","2016-09-28","2016-10-19","2016-10-19","SCBI_008.W.20160927","BDl2KAs5Zr37qk81DaI3uIx/rTf9BJQBXw/+ZjkA/oQ=","carabid","SYNIMP","Synuchus impunctatus","species",,"Say",,1,"Bousquet, Y. 2010b. Illustrated Identification Guide to Adults and Larvae of Northeastern North American Ground Beetles (Coleoptera: Carabidae). 1st Ed. Pensoft Publishers, Sofia, Bulgaria.","wYCqaZcA+7tKZqVSOMaNBCcRKvQIOBzP","wYCqaZcA+7tKZqVSOMaNBCcRKvQIOBzP",
"622b36ae-4d9f-4a20-a311-b32ec112a958","SCBI_008.basePlot.bet","D02","SCBI","SCBI_008","S","2016-09-13","2016-09-27","2016-09-28","2016-10-19","2016-10-19","SCBI_008.S.20160927","BDl2KAs5Zr3ZSpxXmmJRzoIQnUbFVGvVERe5KF04KFc=","carabid","BRAFUM","Brachinus fumans","species",,"Fabricius",,1,"Ciegler, J. C. 2000. Ground beetles and wrinkled bark beetles of South Carolina (Coleoptera: Geadephaga: Carabidae and Rhysodidae). Biota of South Carolina. Vol. 1. Clemson, S. Clemson University.","wYCqaZcA+7tKZqVSOMaNBCcRKvQIOBzP","wYCqaZcA+7tKZqVSOMaNBCcRKvQIOBzP",
"0e2b98b2-72ab-4928-b4fb-c08b3652866f","SCBI_012.basePlot.bet","D02","SCBI","SCBI_012","N","2016-09-13","2016-09-27","2016-09-28","2016-10-19","2016-10-19","SCBI_012.N.20160927","XK58HfsRWveG+LxxqSJmkDNHuR1KP5p+MArhqp0OuIU=","carabid","ANIRUS","Anisodactylus rusticus","species",,"Say",,1,"Noonan, G. R. 1973. The Anisodactylines (Insecta: Coleoptera: Carabidae: Harpalini): classification, evolution and zoogeography. Quaestiones Entomologicae 9:266-480.","wYCqaZcA+7tKZqVSOMaNBCcRKvQIOBzP","wYCqaZcA+7tKZqVSOMaNBCcRKvQIOBzP",
"cbbc7dda-046f-4a3b-9141-89ff26735309","SCBI_008.basePlot.bet","D02","SCBI","SCBI_008","N","2016-09-13","2016-09-27","2016-09-28","2016-10-19","2016-10-19","SCBI_008.N.20160927","BDl2KAs5Zr0fn/nHolfnFn+KhQIhuW9I2oIjz3TjG4s=","carabid","GALBIC","Galerita bicolor","species",,"Drury",,3,"Ciegler, J. C. 2000. Ground beetles and wrinkled bark beetles of South Carolina (Coleoptera: Geadephaga: Carabidae and Rhysodidae). Biota of South Carolina. Vol. 1. Clemson, S. Clemson University.","wYCqaZcA+7tKZqVSOMaNBCcRKvQIOBzP","wYCqaZcA+7tKZqVSOMaNBCcRKvQIOBzP",
"c2a0117d-85a7-432f-bced-a042b7b99c13","SCBI_008.basePlot.bet","D02","SCBI","SCBI_008","W","2016-09-13","2016-09-27","2016-09-28","2016-10-19","2016-10-19","SCBI_008.W.20160927","BDl2KAs5Zr37qk81DaI3uEQbYZ8ik8pe8p1Y8RXiaP0=","carabid","TRIVUL","Trichotichnus vulpeculus","species",,"Say",,2,"Ciegler, J. C. 2000. Ground beetles and wrinkled bark beetles of South Carolina (Coleoptera: Geadephaga: Carabidae and Rhysodidae). Biota of South Carolina. Vol. 1. Clemson, S. Clemson University.","wYCqaZcA+7tKZqVSOMaNBCcRKvQIOBzP","wYCqaZcA+7tKZqVSOMaNBCcRKvQIOBzP",
"73050e0b-2e28-45ed-b43f-ff92e254a6fc","SCBI_006.basePlot.bet","D02","SCBI","SCBI_006","W","2016-09-13","2016-09-27","2016-09-28","2016-10-19","2016-10-19","SCBI_006.W.20160927","2wNT0Wyw287NPoGaw2V4AGykO8shgS//Yb9uZqbr2pQ=","carabid","CYCFUR","Cyclotrachelus furtivus","species",,"LeConte",,1,"Freitag, R. 1969. A revision of the species of the genus Evarthrus LeConte. Quaestiones Entomologicae 5:89-212.","wYCqaZcA+7tKZqVSOMaNBCcRKvQIOBzP","wYCqaZcA+7tKZqVSOMaNBCcRKvQIOBzP",
"ba915de7-ed64-4983-b846-bea20bf6dd3f","SCBI_008.basePlot.bet","D02","SCBI","SCBI_008","W","2016-09-13","2016-09-27","2016-09-28","2016-10-19","2016-10-19","SCBI_008.W.20160927","BDl2KAs5Zr37qk81DaI3uJ14AKRUzvKzZAQSo2oxzVE=","carabid","CHLAMO","Chlaenius amoenus","species",,"Dejean",,1,"Ciegler, J. C. 2000. Ground beetles and wrinkled bark beetles of South Carolina (Coleoptera: Geadephaga: Carabidae and Rhysodidae). Biota of South Carolina. Vol. 1. Clemson, S. Clemson University.","wYCqaZcA+7tKZqVSOMaNBCcRKvQIOBzP","wYCqaZcA+7tKZqVSOMaNBCcRKvQIOBzP",
"e2f95e31-3708-4025-9582-b91a98564d9a","SCBI_002.basePlot.bet","D02","SCBI","SCBI_002","N","2016-09-13","2016-09-27","2016-09-28","2016-10-19","2016-10-19","SCBI_002.N.20160927","NTl2q/XFbjyx0InoN+HVovW798fcrFAi7DTm2aptC1M=","carabid","PTESTY","Pterostichus stygicus","species",,"Say",,3,"Bousquet, Y. 2010b. Illustrated Identification Guide to Adults and Larvae of Northeastern North American Ground Beetles (Coleoptera: Carabidae). 1st Ed. Pensoft Publishers, Sofia, Bulgaria.","wYCqaZcA+7tKZqVSOMaNBCcRKvQIOBzP","wYCqaZcA+7tKZqVSOMaNBCcRKvQIOBzP",
"2da4e76c-7b3b-4243-8883-0b086de52210","SCBI_002.basePlot.bet","D02","SCBI","SCBI_002","S","2016-09-13","2016-09-27","2016-09-28","2016-10-19","2016-10-19","SCBI_002.S.20160927","NTl2q/XFbjzihdY0SXzIUD8CnNEoEUfK+1jLBcuFivg=","carabid","PTECOR1","Pterostichus coracinus","species",,"Newman",,2,"Bousquet, Y. 2010b. Illustrated Identification Guide to Adults and Larvae of Northeastern North American Ground Beetles (Coleoptera: Carabidae). 1st Ed. Pensoft Publishers, Sofia, Bulgaria.","wYCqaZcA+7tKZqVSOMaNBCcRKvQIOBzP","wYCqaZcA+7tKZqVSOMaNBCcRKvQIOBzP",
"63964780-186e-406f-b478-e15ea43e1dbf","SCBI_002.basePlot.bet","D02","SCBI","SCBI_002","E","2016-09-13","2016-09-27","2016-09-28","2016-10-19","2016-10-19","SCBI_002.E.20160927","NTl2q/XFbjyoJCSKKyH8tVzpdboBqY1qzhJF9FQqCAY=","carabid","MYACOR","Myas coracinus","species",,"Say",,1,"Bousquet, Y. 2010b. Illustrated Identification Guide to Adults and Larvae of Northeastern North American Ground Beetles (Coleoptera: Carabidae). 1st Ed. Pensoft Publishers, Sofia, Bulgaria.","wYCqaZcA+7tKZqVSOMaNBCcRKvQIOBzP","wYCqaZcA+7tKZqVSOMaNBCcRKvQIOBzP",
"b34f5598-0b0b-4cfb-988d-bcd443148d94","SCBI_002.basePlot.bet","D02","SCBI","SCBI_002","N","2016-09-13","2016-09-27","2016-09-28","2016-10-19","2016-10-19","SCBI_002.N.20160927","NTl2q/XFbjyx0InoN+HVotObp9kjSIXtnfObWUqnxVQ=","carabid","PTECOR1","Pterostichus coracinus","species",,"Newman",,3,"Bousquet, Y. 2010b. Illustrated Identification Guide to Adults and Larvae of Northeastern North American Ground Beetles (Coleoptera: Carabidae). 1st Ed. Pensoft Publishers, Sofia, Bulgaria.","wYCqaZcA+7tKZqVSOMaNBCcRKvQIOBzP","wYCqaZcA+7tKZqVSOMaNBCcRKvQIOBzP",
"32846829-abc3-4557-8bd7-0678887911f2","SCBI_002.basePlot.bet","D02","SCBI","SCBI_002","N","2016-09-13","2016-09-27","2016-09-28","2016-10-19","2016-10-19","SCBI_002.N.20160927","NTl2q/XFbjyx0InoN+HVouWAwVDdobN3gsiFMyL8KUg=","carabid","CHLEMA","Chlaenius emarginatus","species",,"Say",,3,"Ciegler, J. C. 2000. Ground beetles and wrinkled bark beetles of South Carolina (Coleoptera: Geadephaga: Carabidae and Rhysodidae). Biota of South Carolina. Vol. 1. Clemson, S. Clemson University.","wYCqaZcA+7tKZqVSOMaNBCcRKvQIOBzP","wYCqaZcA+7tKZqVSOMaNBCcRKvQIOBzP",
"023cabf0-56ae-4d6f-a632-b47e5d2585f8","SCBI_033.basePlot.bet","D02","SCBI","SCBI_033","E","2016-09-13","2016-09-27","2016-09-28","2016-09-28",,"SCBI_033.E.20160927","4ZBK4Rjlf9k8yulsGmd7kLdh64UPG46S1fVQb/pt4XE=","invert bycatch",,,,,,,,,,"65MrXCKZ6BZHMIpBwLFSzI3B2iyqckQKC2QVdjxfI44=",
"8be6ca14-8171-4e5c-9990-40e6fb125d9b","SCBI_008.basePlot.bet","D02","SCBI","SCBI_008","E","2016-09-13","2016-09-27","2016-09-28","2016-09-29",,"SCBI_008.E.20160927","BDl2KAs5Zr1j9VvDjbLcqYQ2s49wsQrsm2haAyoVLcE=","invert bycatch",,,,,,,,,,"YJ2A+OwoGUUtJLNxPkxhEPyEeY8sOiMA",
"afee50a7-d6cb-42e6-b3a1-3e95f22df415","SCBI_012.basePlot.bet","D02","SCBI","SCBI_012","E","2016-09-13","2016-09-27","2016-09-28","2016-09-28",,"SCBI_012.E.20160927","XK58HfsRWve1EdV8jdFU9xIhD/UhWtk7tozfzGd7XvA=","invert bycatch",,,,,,,,,,"65MrXCKZ6BZHMIpBwLFSzI3B2iyqckQKC2QVdjxfI44=",
"47c3c627-e9d2-472b-b60c-e88a1d003b02","SCBI_002.basePlot.bet","D02","SCBI","SCBI_002","E","2016-09-13","2016-09-27","2016-09-28","2016-10-04",,"SCBI_002.E.20160927","NTl2q/XFbjyoJCSKKyH8tcs5wsS4Pz7bkBQ4nHiPvIg=","invert bycatch",,,,,,,,,,"ena7GLJui5s1h8moQAQPw3Qj2+mVdivS",
"e27112a7-b22b-40b0-b9db-7215e56e4dd4","SCBI_006.basePlot.bet","D02","SCBI","SCBI_006","E","2016-09-13","2016-09-27","2016-09-28","2016-09-29",,"SCBI_006.E.20160927","2wNT0Wyw284cn5ygCsfFqzIVV244PcbGLjJeKteP59E=","invert bycatch",,,,,,,,,,"65MrXCKZ6BZHMIpBwLFSzI3B2iyqckQKC2QVdjxfI44=",
"7093121c-d755-4c90-8b89-f0f5f343ef2d","SCBI_005.basePlot.bet","D02","SCBI","SCBI_005","E","2016-09-13","2016-09-27","2016-09-28","2016-09-29",,"SCBI_005.E.20160927","2MbaqPQFAm5A70or/ZPbOBnoMF3D/QpR321SuC9V3Z8=","invert bycatch",,,,,,,,,,"vEBCcEQSSh8r9pJtyJMpi8WPWOrf6mR2",
"f3abb514-2fdd-404c-bd06-f84e85ffbdda","SCBI_004.basePlot.bet","D02","SCBI","SCBI_004","E","2016-09-13","2016-09-27","2016-09-28","2016-09-29",,"SCBI_004.E.20160927","ZCodyo9yj62BL7y83B4YIIxmWsn1kUlkHUQ/crk97cs=","invert bycatch",,,,,,,,,,"65MrXCKZ6BZHMIpBwLFSzI3B2iyqckQKC2QVdjxfI44=",
"27c19062-9d40-456d-8a0f-647492e1cf6d","SCBI_003.basePlot.bet","D02","SCBI","SCBI_003","E","2016-09-13","2016-09-27","2016-09-28","2016-09-28",,"SCBI_003.E.20160927","YQnsugPXdU20RMpGdFBgbpIijzSyaDj8Lo546Dtw2ew=","invert bycatch",,,,,,,,,,"ena7GLJui5s1h8moQAQPw3Qj2+mVdivS",
"e05d0335-02a7-4182-803f-c5ebac255dd2","SCBI_007.basePlot.bet","D02","SCBI","SCBI_007","E","2016-09-13","2016-09-27","2016-09-28","2016-09-29",,"SCBI_007.E.20160927","tckDqTjQv3hguZ8DpJGLjL6xupGi4KyTxWZ2SDISyLs=","invert bycatch",,,,,,,,,,"p8WKbOBZs5/CRPjq/1HrITk8Sf0GvCtj",
"5b085c8e-93a4-484d-9b73-b4500b9b865b","SCBI_005.basePlot.bet","D02","SCBI","SCBI_005","N","2016-09-13","2016-09-27","2016-09-28","2016-09-29",,"SCBI_005.N.20160927","2MbaqPQFAm6RE6ad9TwzJ5Q2Ca5S2+enoM1AxZZwb1k=","invert bycatch",,,,,,,,,,"vEBCcEQSSh8r9pJtyJMpi8WPWOrf6mR2",
"03751a92-2726-4b0a-ae2f-e53705669b5c","SCBI_007.basePlot.bet","D02","SCBI","SCBI_007","N","2016-09-13","2016-09-27","2016-09-28","2016-09-29",,"SCBI_007.N.20160927","tckDqTjQv3hxvOyIoVTTTiqNGEr2Tc+v51qmPX3zjUI=","invert bycatch",,,,,,,,,,"p8WKbOBZs5/CRPjq/1HrITk8Sf0GvCtj",
"aca3b447-1ab4-494b-9537-d152c694bdc8","SCBI_004.basePlot.bet","D02","SCBI","SCBI_004","N","2016-09-13","2016-09-27","2016-09-28","2016-09-29",,"SCBI_004.N.20160927","ZCodyo9yj632kmEhNYEwCoPB7dudicSUafZhE8CUG6Y=","invert bycatch",,,,,,,,,,"65MrXCKZ6BZHMIpBwLFSzI3B2iyqckQKC2QVdjxfI44=",
"af24c499-ce46-4a25-ad55-645fe54e0f21","SCBI_033.basePlot.bet","D02","SCBI","SCBI_033","N","2016-09-13","2016-09-27","2016-09-28","2016-09-28",,"SCBI_033.N.20160927","4ZBK4Rjlf9mNaDg4fctN5b5w9dar0UFy1vG7WDjZwo8=","invert bycatch",,,,,,,,,,"65MrXCKZ6BZHMIpBwLFSzI3B2iyqckQKC2QVdjxfI44=",
"beab9482-4f19-4f67-bc1f-98980a1d9cf3","SCBI_003.basePlot.bet","D02","SCBI","SCBI_003","N","2016-09-13","2016-09-27","2016-09-28","2016-09-28",,"SCBI_003.N.20160927","YQnsugPXdU1zKegFIYZ+iEhyv8yj9WhWwbZuYrN6I58=","invert bycatch",,,,,,,,,,"ena7GLJui5s1h8moQAQPw3Qj2+mVdivS",
"2cde7ae1-c442-42df-8ac1-c5b626fb9737","SCBI_012.basePlot.bet","D02","SCBI","SCBI_012","N","2016-09-13","2016-09-27","2016-09-28","2016-09-28",,"SCBI_012.N.20160927","XK58HfsRWveG+LxxqSJmkJiHp1KRwrmPYIIXHjPymp0=","invert bycatch",,,,,,,,,,"65MrXCKZ6BZHMIpBwLFSzI3B2iyqckQKC2QVdjxfI44=",
"d2d081f4-0a4d-44ba-9b05-f96d0b7ecf66","SCBI_010.basePlot.bet","D02","SCBI","SCBI_010","N","2016-09-13","2016-09-27","2016-09-28","2016-09-29",,"SCBI_010.N.20160927","6yi0mRc5GEKsxUrIqxAtkPfxMklqzkkSqoWj8Oue7wA=","invert bycatch",,,,,,,,,,"vEBCcEQSSh8r9pJtyJMpi8WPWOrf6mR2",
"239e4f35-25f9-4f2d-bc8f-82de3c09c230","SCBI_006.basePlot.bet","D02","SCBI","SCBI_006","N","2016-09-13","2016-09-27","2016-09-28","2016-09-29",,"SCBI_006.N.20160927","2wNT0Wyw2875TyQhETP35MRMYu/gkvmtv/B/fOo6L/c=","invert bycatch",,,,,,,,,,"65MrXCKZ6BZHMIpBwLFSzI3B2iyqckQKC2QVdjxfI44=",
"2282bd37-1b13-4b87-a802-8e108fa933a4","SCBI_008.basePlot.bet","D02","SCBI","SCBI_008","N","2016-09-13","2016-09-27","2016-09-28","2016-09-29",,"SCBI_008.N.20160927","BDl2KAs5Zr0fn/nHolfnFmI6he8buAOqivk/5CYqK4o=","invert bycatch",,,,,,,,,,"YJ2A+OwoGUUtJLNxPkxhEPyEeY8sOiMA",
"ba666720-3ab0-407f-8585-7a71d6183e3c","SCBI_002.basePlot.bet","D02","SCBI","SCBI_002","N","2016-09-13","2016-09-27","2016-09-28","2016-10-04",,"SCBI_002.N.20160927","NTl2q/XFbjyx0InoN+HVooS0Ss4wCx2yw9TXpnWpS2s=","invert bycatch",,,,,,,,,,"ena7GLJui5s1h8moQAQPw3Qj2+mVdivS",
"e17870a1-f7ba-4a57-bd37-8deba2fd1006","SCBI_033.basePlot.bet","D02","SCBI","SCBI_033","S","2016-09-13","2016-09-27","2016-09-28","2016-09-28",,"SCBI_033.S.20160927","4ZBK4Rjlf9nC8bRn4VSana6dR4MrVCr0tsl8oFdb5Qo=","invert bycatch",,,,,,,,,,"65MrXCKZ6BZHMIpBwLFSzI3B2iyqckQKC2QVdjxfI44=",
"a497dac2-3810-4d6a-be41-22236684375a","SCBI_006.basePlot.bet","D02","SCBI","SCBI_006","S","2016-09-13","2016-09-27","2016-09-28","2016-09-29",,"SCBI_006.S.20160927","2wNT0Wyw286/826Xi7eVPXhhHa2hCRdotdA+meE/UzA=","invert bycatch",,,,,,,,,,"65MrXCKZ6BZHMIpBwLFSzI3B2iyqckQKC2QVdjxfI44=",
"b016886d-f7a3-4f62-9a56-74808e335295","SCBI_008.basePlot.bet","D02","SCBI","SCBI_008","S","2016-09-13","2016-09-27","2016-09-28","2016-09-29",,"SCBI_008.S.20160927","BDl2KAs5Zr3ZSpxXmmJRzjxTF8zV2dDfZO+NF3McJ2E=","invert bycatch",,,,,,,,,,"YJ2A+OwoGUUtJLNxPkxhEPyEeY8sOiMA",
"84b1626a-4ec4-4a8d-a6cd-d4b8311e134c","SCBI_012.basePlot.bet","D02","SCBI","SCBI_012","S","2016-09-13","2016-09-27","2016-09-28","2016-09-28",,"SCBI_012.S.20160927","XK58HfsRWvdTGJ2w3r2S5v6swPyB0MXrFhok1vi3rdY=","invert bycatch",,,,,,,,,,"65MrXCKZ6BZHMIpBwLFSzI3B2iyqckQKC2QVdjxfI44=",
"0dfb41b2-794a-4d4b-a939-01fab0bd1ffe","SCBI_002.basePlot.bet","D02","SCBI","SCBI_002","S","2016-09-13","2016-09-27","2016-09-28","2016-10-04",,"SCBI_002.S.20160927","NTl2q/XFbjzihdY0SXzIUJSLmfdeShOQ8dmsdGbCvNs=","invert bycatch",,,,,,,,,,"ena7GLJui5s1h8moQAQPw3Qj2+mVdivS",
"6226e554-8e9e-4b5b-b8c6-1f77f8968ed6","SCBI_005.basePlot.bet","D02","SCBI","SCBI_005","S","2016-09-13","2016-09-27","2016-09-28","2016-09-29",,"SCBI_005.S.20160927","2MbaqPQFAm6kR+I9Li+HcbJzEMppVbVzqZIxej0vzNY=","invert bycatch",,,,,,,,,,"vEBCcEQSSh8r9pJtyJMpi8WPWOrf6mR2",
"09ab0bc5-45a1-4ae9-888a-1f7c0c779686","SCBI_007.basePlot.bet","D02","SCBI","SCBI_007","S","2016-09-13","2016-09-27","2016-09-28","2016-09-29",,"SCBI_007.S.20160927","tckDqTjQv3jlbAbJp9J4/Y9GczdKr/3go4j2R0sa+GY=","invert bycatch",,,,,,,,,,"p8WKbOBZs5/CRPjq/1HrITk8Sf0GvCtj",
"e5af9d5b-331d-48ff-b763-27a0c15fa373","SCBI_004.basePlot.bet","D02","SCBI","SCBI_004","S","2016-09-13","2016-09-27","2016-09-28","2016-09-29",,"SCBI_004.S.20160927","ZCodyo9yj63dNi9ZfegIKwKS30P5k6IDBtOgXFbS/bI=","invert bycatch",,,,,,,,,,"65MrXCKZ6BZHMIpBwLFSzI3B2iyqckQKC2QVdjxfI44=",
"24350a9c-83f2-458c-9d6e-22c5db98ca2c","SCBI_003.basePlot.bet","D02","SCBI","SCBI_003","S","2016-09-13","2016-09-27","2016-09-28","2016-09-28",,"SCBI_003.S.20160927","YQnsugPXdU20stMS6UWXwwMI3vY5AOrrFd0+2PVwHF4=","invert bycatch",,,,,,,,,,"ena7GLJui5s1h8moQAQPw3Qj2+mVdivS",
"f466cfff-4162-4274-8a8f-ab7768793c48","SCBI_010.basePlot.bet","D02","SCBI","SCBI_010","S","2016-09-13","2016-09-27","2016-09-28","2016-09-29",,"SCBI_010.S.20160927","6yi0mRc5GEKydkv1GjxiJ6hLBQPTaa66Otf2i2Nu3LU=","invert bycatch",,,,,,,,,,"vEBCcEQSSh8r9pJtyJMpi8WPWOrf6mR2",
"29888d28-4e6a-4605-9d08-fdefa334f117","SCBI_002.basePlot.bet","D02","SCBI","SCBI_002","W","2016-09-13","2016-09-27","2016-09-28","2016-10-04",,"SCBI_002.W.20160927","NTl2q/XFbjxtmPpRF5JbEXwp4ieU18eHcGgKlmji9FY=","invert bycatch",,,,,,,,,,"ena7GLJui5s1h8moQAQPw3Qj2+mVdivS",
"6278fa08-e66e-438c-8c22-31e55d7db92f","SCBI_006.basePlot.bet","D02","SCBI","SCBI_006","W","2016-09-13","2016-09-27","2016-09-28","2016-09-29",,"SCBI_006.W.20160927","2wNT0Wyw287NPoGaw2V4ABy/pMRoF8x6b1qQBvmoD7M=","invert bycatch",,,,,,,,,,"65MrXCKZ6BZHMIpBwLFSzI3B2iyqckQKC2QVdjxfI44=",
"45f6a554-dce7-4616-a71f-2dc077b88f6d","SCBI_008.basePlot.bet","D02","SCBI","SCBI_008","W","2016-09-13","2016-09-27","2016-09-28","2016-09-29",,"SCBI_008.W.20160927","BDl2KAs5Zr37qk81DaI3uFZhV2obl9eD4+onOm3h6NM=","invert bycatch",,,,,,,,,,"YJ2A+OwoGUUtJLNxPkxhEPyEeY8sOiMA",
"5b984f2d-4aa0-4db0-a250-886883721aac","SCBI_012.basePlot.bet","D02","SCBI","SCBI_012","W","2016-09-13","2016-09-27","2016-09-28","2016-09-28",,"SCBI_012.W.20160927","XK58HfsRWvfV3LAbZQuLgsycfEEGHwZIXw7kvx3b9RA=","invert bycatch",,,,,,,,,,"65MrXCKZ6BZHMIpBwLFSzI3B2iyqckQKC2QVdjxfI44=",
"2a31a6ef-29ca-4b2e-b863-cf04186ac695","SCBI_010.basePlot.bet","D02","SCBI","SCBI_010","W","2016-09-13","2016-09-27","2016-09-28","2016-09-29",,"SCBI_010.W.20160927","6yi0mRc5GEIQZjDsi570xC3mPDY0gxhjzuYf6to/Y+0=","invert bycatch",,,,,,,,,,"vEBCcEQSSh8r9pJtyJMpi8WPWOrf6mR2",
"a77502a7-eebf-47cc-a928-a405d3cc1c17","SCBI_033.basePlot.bet","D02","SCBI","SCBI_033","W","2016-09-13","2016-09-27","2016-09-28","2016-09-28",,"SCBI_033.W.20160927","4ZBK4Rjlf9lnlC3/aPVV13AoglqkID5+3X+9N/nOmgE=","invert bycatch",,,,,,,,,,"65MrXCKZ6BZHMIpBwLFSzI3B2iyqckQKC2QVdjxfI44=",
"6a2050b8-05c6-4c7c-b3a4-614edd4f1916","SCBI_007.basePlot.bet","D02","SCBI","SCBI_007","W","2016-09-13","2016-09-27","2016-09-28","2016-09-29",,"SCBI_007.W.20160927","tckDqTjQv3i53K+EPwOjpxznJSHKp54YBjCS778txwc=","invert bycatch",,,,,,,,,,"p8WKbOBZs5/CRPjq/1HrITk8Sf0GvCtj",
"ae0a5924-80f6-4998-996c-14c95c4909a1","SCBI_004.basePlot.bet","D02","SCBI","SCBI_004","W","2016-09-13","2016-09-27","2016-09-28","2016-09-29",,"SCBI_004.W.20160927","ZCodyo9yj609HtfWqVX+BVDdF9oDh+WVtKQjZAwAqU0=","invert bycatch",,,,,,,,,,"65MrXCKZ6BZHMIpBwLFSzI3B2iyqckQKC2QVdjxfI44=",
"a474b46f-aec9-45b4-ab30-8fa5784c65e7","SCBI_005.basePlot.bet","D02","SCBI","SCBI_005","W","2016-09-13","2016-09-27","2016-09-28","2016-10-19","2016-10-19","SCBI_005.W.20160927","2MbaqPQFAm4C5b3PAN3oYU1Zm/D0QD4t506twymXIQQ=","carabid","PTECOR1","Pterostichus coracinus","species",,"Newman",,1,"Bousquet, Y. 2010b. Illustrated Identification Guide to Adults and Larvae of Northeastern North American Ground Beetles (Coleoptera: Carabidae). 1st Ed. Pensoft Publishers, Sofia, Bulgaria.","wYCqaZcA+7tKZqVSOMaNBCcRKvQIOBzP","wYCqaZcA+7tKZqVSOMaNBCcRKvQIOBzP",
