uid,namedLocation,domainID,siteID,plotID,trapID,plotType,nlcdClass,decimalLatitude,decimalLongitude,geodeticDatum,coordinateUncertainty,elevation,elevationUncertainty,setDate,collectDate,eventID,daysOfTrapping,sampleCollected,sampleID,cupStatus,lidStatus,fluidLevel,samplingProtocolVersion,recordedBy,remarks
"6a4e163e-1c80-43b7-9439-45be3d426d7c","SCBI_007.basePlot.bet","D02","SCBI","SCBI_007","S","distributed","deciduousForest",38.884907,-78.130320,"WGS84",20.3,412.1,0.4,"2016-08-30","2016-09-13","SCBI.2016.37",14,"N",,"Disturbed","Disturbed",,"NEON.DOC.014050vH","/AhbGCCF27wHz9TggrmS1nLN8zUO+zcB","trap disturbed. no sample collected."
"4910882f-65a4-4309-8e61-ca602661f117","SCBI_005.basePlot.bet","D02","SCBI","SCBI_005","S","distributed","deciduousForest",38.900539,-78.161859,"WGS84",20.1,269.8,0.2,"2016-08-30","2016-09-13","SCBI.2016.37",14,"Y","SCBI_005.S.20160913","Ok","Ok","Ok","NEON.DOC.014050vH","YJ2A+OwoGUUtJLNxPkxhEPyEeY8sOiMA",
"71362f4d-6075-4ed9-98c2-0a8467223cfb","SCBI_002.basePlot.bet","D02","SCBI","SCBI_002","S","distributed","deciduousForest",38.895212,-78.142701,"WGS84",20.1,316.8,0.4,"2016-08-30","2016-09-13","SCBI.2016.37",14,"Y","SCBI_002.S.20160913","Ok","Ok","Ok","NEON.DOC.014050vH","/AhbGCCF27wHz9TggrmS1nLN8zUO+zcB",
"effc67e5-8948-49fc-84ab-6be385dee292","SCBI_006.basePlot.bet","D02","SCBI","SCBI_006","S","distributed","pastureHay",38.897609,-78.152007,"WGS84",20.1,298.0,0.1,"2016-08-30","2016-09-13","SCBI.2016.37",14,"Y","SCBI_006.S.20160913","Ok","Ok","Ok","NEON.DOC.014050vH","YJ2A+OwoGUUtJLNxPkxhEPyEeY8sOiMA",
"707c590a-22af-4832-8d1e-acadf2f685e0","SCBI_008.basePlot.bet","D02","SCBI","SCBI_008","S","distributed","deciduousForest",38.887763,-78.147164,"WGS84",20.3,336.7,0.4,"2016-08-30","2016-09-13","SCBI.2016.37",14,"Y","SCBI_008.S.20160913","Ok","Ok","Ok","NEON.DOC.014050vH","/AhbGCCF27wHz9TggrmS1nLN8zUO+zcB",
"53f4662f-130e-4b29-aae5-f20090c859ab","SCBI_012.basePlot.bet","D02","SCBI","SCBI_012","S","distributed","pastureHay",38.889095,-78.168896,"WGS84",20.1,264.6,0.1,"2016-08-30","2016-09-13","SCBI.2016.37",14,"Y","SCBI_012.S.20160913","Ok","Ok","Ok","NEON.DOC.014050vH","YJ2A+OwoGUUtJLNxPkxhEPyEeY8sOiMA",
"b1871bcd-d91b-422b-9431-53854b60fa2f","SCBI_033.basePlot.bet","D02","SCBI","SCBI_033","W","distributed","pastureHay",38.888917,-78.161302,"WGS84",20.1,299.3,0.1,"2016-08-30","2016-09-13","SCBI.2016.37",14,"Y","SCBI_033.W.20160913","Ok","Ok","Low","NEON.DOC.014050vH","YJ2A+OwoGUUtJLNxPkxhEPyEeY8sOiMA",
"85aefdb4-d220-4944-93f4-fabc58eb4932","SCBI_003.basePlot.bet","D02","SCBI","SCBI_003","W","distributed","deciduousForest",38.883305,-78.120382,"WGS84",20.3,567.7,0.5,"2016-08-30","2016-09-13","SCBI.2016.37",14,"N",,"Disturbed","Ok",,"NEON.DOC.014050vH","/AhbGCCF27wHz9TggrmS1nLN8zUO+zcB","trap disturbed. no sample collected."
"2df7902b-7c3a-4dda-802f-aa8401be3758","SCBI_007.basePlot.bet","D02","SCBI","SCBI_007","W","distributed","deciduousForest",38.884907,-78.130320,"WGS84",20.3,412.1,0.4,"2016-08-30","2016-09-13","SCBI.2016.37",14,"Y","SCBI_007.W.20160913","Ok","Ok","Ok","NEON.DOC.014050vH","/AhbGCCF27wHz9TggrmS1nLN8zUO+zcB",
"b1ca7f9e-50e4-479a-922d-ae45d3457ef8","SCBI_004.basePlot.bet","D02","SCBI","SCBI_004","W","distributed","deciduousForest",38.896935,-78.146456,"WGS84",20.3,312.6,0.5,"2016-08-30","2016-09-13","SCBI.2016.37",14,"Y","SCBI_004.W.20160913","Ok","Ok","Ok","NEON.DOC.014050vH","YJ2A+OwoGUUtJLNxPkxhEPyEeY8sOiMA",
"db08469c-61d7-4638-bd21-5f6c05bbf89a","SCBI_005.basePlot.bet","D02","SCBI","SCBI_005","W","distributed","deciduousForest",38.900539,-78.161859,"WGS84",20.1,269.8,0.2,"2016-08-30","2016-09-13","SCBI.2016.37",14,"Y","SCBI_005.W.20160913","Ok","Ok","Ok","NEON.DOC.014050vH","YJ2A+OwoGUUtJLNxPkxhEPyEeY8sOiMA",
"c15f50f2-9f8e-42e1-b074-8e10d12107f3","SCBI_002.basePlot.bet","D02","SCBI","SCBI_002","W","distributed","deciduousForest",38.895212,-78.142701,"WGS84",20.1,316.8,0.4,"2016-08-30","2016-09-13","SCBI.2016.37",14,"N",,"Disturbed","Ok","Low","NEON.DOC.014050vH","/AhbGCCF27wHz9TggrmS1nLN8zUO+zcB","no PG in cup. no sample collected."
"bf70f0a1-a7df-4c85-870b-3c437d8399cc","SCBI_008.basePlot.bet","D02","SCBI","SCBI_008","W","distributed","deciduousForest",38.887763,-78.147164,"WGS84",20.3,336.7,0.4,"2016-08-30","2016-09-13","SCBI.2016.37",14,"Y","SCBI_008.W.20160913","Ok","Ok","Ok","NEON.DOC.014050vH","/AhbGCCF27wHz9TggrmS1nLN8zUO+zcB",
"498ec6a7-8d5b-4c7f-a483-2adc913bec74","SCBI_006.basePlot.bet","D02","SCBI","SCBI_006","W","distributed","pastureHay",38.897609,-78.152007,"WGS84",20.1,298.0,0.1,"2016-08-30","2016-09-13","SCBI.2016.37",14,"Y","SCBI_006.W.20160913","Ok","Ok","Ok","NEON.DOC.014050vH","YJ2A+OwoGUUtJLNxPkxhEPyEeY8sOiMA",
"e4388ad9-27b3-4400-ab1e-385992a714f5","SCBI_012.basePlot.bet","D02","SCBI","SCBI_012","W","distributed","pastureHay",38.889095,-78.168896,"WGS84",20.1,264.6,0.1,"2016-08-30","2016-09-13","SCBI.2016.37",14,"Y","SCBI_012.W.20160913","Ok","Ok","Ok","NEON.DOC.014050vH","YJ2A+OwoGUUtJLNxPkxhEPyEeY8sOiMA",
"254b55d8-2dae-4791-803d-7ede70c42568","SCBI_010.basePlot.bet","D02","SCBI","SCBI_010","W","distributed","deciduousForest",38.884770,-78.125160,"WGS84",20.2,493.3,0.3,"2016-08-30","2016-09-13","SCBI.2016.37",14,"Y","SCBI_010.W.20160913","Ok","Ok","Ok","NEON.DOC.014050vH","/AhbGCCF27wHz9TggrmS1nLN8zUO+zcB",
"9d9425f9-ca75-4873-9ab3-ee359da71bab","SCBI_002.basePlot.bet","D02","SCBI","SCBI_002","E","distributed","deciduousForest",38.895212,-78.142701,"WGS84",20.1,316.8,0.4,"2016-08-30","2016-09-13","SCBI.2016.37",14,"Y","SCBI_002.E.20160913","Ok","Ok","Ok","NEON.DOC.014050vH","/AhbGCCF27wHz9TggrmS1nLN8zUO+zcB",
"e7708817-12f7-4168-b824-babfc21119ea","SCBI_006.basePlot.bet","D02","SCBI","SCBI_006","E","distributed","pastureHay",38.897609,-78.152007,"WGS84",20.1,298.0,0.1,"2016-08-30","2016-09-13","SCBI.2016.37",14,"Y","SCBI_006.E.20160913","Ok","Ok","Ok","NEON.DOC.014050vH","YJ2A+OwoGUUtJLNxPkxhEPyEeY8sOiMA",
"70f32fd9-bf5e-46a7-8cfa-147cd9f782fc","SCBI_008.basePlot.bet","D02","SCBI","SCBI_008","E","distributed","deciduousForest",38.887763,-78.147164,"WGS84",20.3,336.7,0.4,"2016-08-30","2016-09-13","SCBI.2016.37",14,"Y","SCBI_008.E.20160913","Ok","Ok","Ok","NEON.DOC.014050vH","/AhbGCCF27wHz9TggrmS1nLN8zUO+zcB",
"9d325e3b-1496-4a9f-ac92-e2eef2688d82","SCBI_012.basePlot.bet","D02","SCBI","SCBI_012","E","distributed","pastureHay",38.889095,-78.168896,"WGS84",20.1,264.6,0.1,"2016-08-30","2016-09-13","SCBI.2016.37",14,"Y","SCBI_012.E.20160913","Ok","Ok","Ok","NEON.DOC.014050vH","YJ2A+OwoGUUtJLNxPkxhEPyEeY8sOiMA",
"03f263c8-c64e-4a4c-937f-e2a399d18b09","SCBI_010.basePlot.bet","D02","SCBI","SCBI_010","E","distributed","deciduousForest",38.884770,-78.125160,"WGS84",20.2,493.3,0.3,"2016-08-30","2016-09-13","SCBI.2016.37",14,"Y","SCBI_010.E.20160913","Ok","Disturbed","Ok","NEON.DOC.014050vH","/AhbGCCF27wHz9TggrmS1nLN8zUO+zcB",
"b2fb4178-5cc2-49da-bbc4-3d59e013b7e4","SCBI_033.basePlot.bet","D02","SCBI","SCBI_033","E","distributed","pastureHay",38.888917,-78.161302,"WGS84",20.1,299.3,0.1,"2016-08-30","2016-09-13","SCBI.2016.37",14,"Y","SCBI_033.E.20160913","Ok","Ok","Ok","NEON.DOC.014050vH","YJ2A+OwoGUUtJLNxPkxhEPyEeY8sOiMA",
"51a182ff-9329-4043-adc6-c669b899fb22","SCBI_003.basePlot.bet","D02","SCBI","SCBI_003","E","distributed","deciduousForest",38.883305,-78.120382,"WGS84",20.3,567.7,0.5,"2016-08-30","2016-09-13","SCBI.2016.37",14,"Y","SCBI_003.E.20160913","Ok","Ok","Ok","NEON.DOC.014050vH","/AhbGCCF27wHz9TggrmS1nLN8zUO+zcB",
"d33aeefe-71b5-4056-be42-aca2e628e319","SCBI_007.basePlot.bet","D02","SCBI","SCBI_007","E","distributed","deciduousForest",38.884907,-78.130320,"WGS84",20.3,412.1,0.4,"2016-08-30","2016-09-13","SCBI.2016.37",14,"N",,"Missing","Disturbed",,"NEON.DOC.014050vH","/AhbGCCF27wHz9TggrmS1nLN8zUO+zcB","no sample. trap disturbed."
"10b82660-a8cb-49b8-be07-24c0ee9b8cf1","SCBI_004.basePlot.bet","D02","SCBI","SCBI_004","E","distributed","deciduousForest",38.896935,-78.146456,"WGS84",20.3,312.6,0.5,"2016-08-30","2016-09-13","SCBI.2016.37",14,"Y","SCBI_004.E.20160913","Ok","Ok","Ok","NEON.DOC.014050vH","YJ2A+OwoGUUtJLNxPkxhEPyEeY8sOiMA",
"beecdf6c-0b26-4cc6-b943-da82ac8b4f88","SCBI_005.basePlot.bet","D02","SCBI","SCBI_005","E","distributed","deciduousForest",38.900539,-78.161859,"WGS84",20.1,269.8,0.2,"2016-08-30","2016-09-13","SCBI.2016.37",14,"Y","SCBI_005.E.20160913","Ok","Disturbed","Ok","NEON.DOC.014050vH","YJ2A+OwoGUUtJLNxPkxhEPyEeY8sOiMA",
"69fa6b8a-ca3a-4fd5-8535-99ccf2a17386","SCBI_033.basePlot.bet","D02","SCBI","SCBI_033","N","distributed","pastureHay",38.888917,-78.161302,"WGS84",20.1,299.3,0.1,"2016-08-30","2016-09-13","SCBI.2016.37",14,"Y","SCBI_033.N.20160913","Ok","Ok","Ok","NEON.DOC.014050vH","YJ2A+OwoGUUtJLNxPkxhEPyEeY8sOiMA",
"411938bc-e360-4c68-97bc-6ec9b4193277","SCBI_003.basePlot.bet","D02","SCBI","SCBI_003","N","distributed","deciduousForest",38.883305,-78.120382,"WGS84",20.3,567.7,0.5,"2016-08-30","2016-09-13","SCBI.2016.37",14,"N",,"Disturbed","Disturbed",,"NEON.DOC.014050vH","/AhbGCCF27wHz9TggrmS1nLN8zUO+zcB","trap disturbed by animal. No sample collected."
"8341b600-cd54-4cb8-9f2f-efe00397e20d","SCBI_007.basePlot.bet","D02","SCBI","SCBI_007","N","distributed","deciduousForest",38.884907,-78.130320,"WGS84",20.3,412.1,0.4,"2016-08-30","2016-09-13","SCBI.2016.37",14,"Y","SCBI_007.N.20160913","Ok","Ok","Ok","NEON.DOC.014050vH","/AhbGCCF27wHz9TggrmS1nLN8zUO+zcB",
"b1e4edb5-f1ae-4b11-a221-2aa48fb2aa30","SCBI_004.basePlot.bet","D02","SCBI","SCBI_004","N","distributed","deciduousForest",38.896935,-78.146456,"WGS84",20.3,312.6,0.5,"2016-08-30","2016-09-13","SCBI.2016.37",14,"Y","SCBI_004.N.20160913","Ok","Ok","Ok","NEON.DOC.014050vH","YJ2A+OwoGUUtJLNxPkxhEPyEeY8sOiMA",
"9ba3c248-9c6f-4719-b241-fa8f5a6af744","SCBI_005.basePlot.bet","D02","SCBI","SCBI_005","N","distributed","deciduousForest",38.900539,-78.161859,"WGS84",20.1,269.8,0.2,"2016-08-30","2016-09-13","SCBI.2016.37",14,"Y","SCBI_005.N.20160913","Ok","Ok","Ok","NEON.DOC.014050vH","YJ2A+OwoGUUtJLNxPkxhEPyEeY8sOiMA",
"78511c3f-d9a7-4828-b9eb-5acbbc69e488","SCBI_006.basePlot.bet","D02","SCBI","SCBI_006","N","distributed","pastureHay",38.897609,-78.152007,"WGS84",20.1,298.0,0.1,"2016-08-30","2016-09-13","SCBI.2016.37",14,"Y","SCBI_006.N.20160913","Ok","Ok","Ok","NEON.DOC.014050vH","YJ2A+OwoGUUtJLNxPkxhEPyEeY8sOiMA",
"1e52b6ee-45e8-4ec7-bcfe-8a2b78c5b85e","SCBI_002.basePlot.bet","D02","SCBI","SCBI_002","N","distributed","deciduousForest",38.895212,-78.142701,"WGS84",20.1,316.8,0.4,"2016-08-30","2016-09-13","SCBI.2016.37",14,"Y","SCBI_002.N.20160913","Ok","Ok","Ok","NEON.DOC.014050vH","/AhbGCCF27wHz9TggrmS1nLN8zUO+zcB",
"035d48fa-4fa9-4ac2-83a0-e6c8cdb8d014","SCBI_008.basePlot.bet","D02","SCBI","SCBI_008","N","distributed","deciduousForest",38.887763,-78.147164,"WGS84",20.3,336.7,0.4,"2016-08-30","2016-09-13","SCBI.2016.37",14,"Y","SCBI_008.N.20160913","Ok","Ok","Ok","NEON.DOC.014050vH","/AhbGCCF27wHz9TggrmS1nLN8zUO+zcB",
"0725dd3f-38c0-407c-98f9-ab05c1aa72ee","SCBI_012.basePlot.bet","D02","SCBI","SCBI_012","N","distributed","pastureHay",38.889095,-78.168896,"WGS84",20.1,264.6,0.1,"2016-08-30","2016-09-13","SCBI.2016.37",14,"Y","SCBI_012.N.20160913","Ok","Ok","Ok","NEON.DOC.014050vH","YJ2A+OwoGUUtJLNxPkxhEPyEeY8sOiMA",
"410c10f2-d3b3-40d7-892d-1c0732fdd738","SCBI_010.basePlot.bet","D02","SCBI","SCBI_010","N","distributed","deciduousForest",38.884770,-78.125160,"WGS84",20.2,493.3,0.3,"2016-08-30","2016-09-13","SCBI.2016.37",14,"Y","SCBI_010.N.20160913","Ok","Ok","Ok","NEON.DOC.014050vH","/AhbGCCF27wHz9TggrmS1nLN8zUO+zcB",
"97c417a5-c4fa-410a-b412-e06cb67cb90b","SCBI_033.basePlot.bet","D02","SCBI","SCBI_033","S","distributed","pastureHay",38.888917,-78.161302,"WGS84",20.1,299.3,0.1,"2016-08-30","2016-09-13","SCBI.2016.37",14,"Y","SCBI_033.S.20160913","Ok","Ok","Ok","NEON.DOC.014050vH","YJ2A+OwoGUUtJLNxPkxhEPyEeY8sOiMA",
"eb62e51b-ed07-463d-8cc1-afa51dc1ac10","SCBI_010.basePlot.bet","D02","SCBI","SCBI_010","S","distributed","deciduousForest",38.884770,-78.125160,"WGS84",20.2,493.3,0.3,"2016-08-30","2016-09-13","SCBI.2016.37",14,"Y","SCBI_010.S.20160913","Ok","Ok","Ok","NEON.DOC.014050vH","/AhbGCCF27wHz9TggrmS1nLN8zUO+zcB",
"02b268a6-7e56-47f2-a7b0-202928c652af","SCBI_003.basePlot.bet","D02","SCBI","SCBI_003","S","distributed","deciduousForest",38.883305,-78.120382,"WGS84",20.3,567.7,0.5,"2016-08-30","2016-09-13","SCBI.2016.37",14,"Y","SCBI_003.S.20160913","Ok","Ok","Ok","NEON.DOC.014050vH","/AhbGCCF27wHz9TggrmS1nLN8zUO+zcB",
"4199d2c5-ea21-43be-85fe-e0cc4da7c307","SCBI_004.basePlot.bet","D02","SCBI","SCBI_004","S","distributed","deciduousForest",38.896935,-78.146456,"WGS84",20.3,312.6,0.5,"2016-08-30","2016-09-13","SCBI.2016.37",14,"Y","SCBI_004.S.20160913","Ok","Ok","Ok","NEON.DOC.014050vH","YJ2A+OwoGUUtJLNxPkxhEPyEeY8sOiMA",
"58f223b8-ccf4-41e8-8d99-d86931c7bd34","SCBI_004.basePlot.bet","D02","SCBI","SCBI_004","E","distributed","deciduousForest",38.896935,-78.146456,"WGS84",20.3,312.6,0.5,"2016-09-13","2016-09-27","SCBI.2016.39",14,"Y","SCBI_004.E.20160927","Disturbed","Ok","Ok","NEON.DOC.014050vH","wYCqaZcA+7tKZqVSOMaNBCcRKvQIOBzP","cup was high above level of soil so very little was captured."
"7d45f7c7-9cc9-4162-927e-43188379bd2d","SCBI_003.basePlot.bet","D02","SCBI","SCBI_003","W","distributed","deciduousForest",38.883305,-78.120382,"WGS84",20.3,567.7,0.5,"2016-09-13","2016-09-27","SCBI.2016.39",14,"N",,"Ok","Ok","Low","NEON.DOC.014050vH","wYCqaZcA+7tKZqVSOMaNBCcRKvQIOBzP","trap had been set without PG. no sample collected."
"0e0e4075-38f7-4e19-b860-4cfb76f28c61","SCBI_010.basePlot.bet","D02","SCBI","SCBI_010","E","distributed","deciduousForest",38.884770,-78.125160,"WGS84",20.2,493.3,0.3,"2016-09-13","2016-09-27","SCBI.2016.39",14,"N",,"Disturbed","Disturbed",,"NEON.DOC.014050vH","wYCqaZcA+7tKZqVSOMaNBCcRKvQIOBzP","trap ripped out by animal. no sample collected."
"9e67b950-1688-4f6f-af77-6b64c2207bb0","SCBI_012.basePlot.bet","D02","SCBI","SCBI_012","E","distributed","pastureHay",38.889095,-78.168896,"WGS84",20.1,264.6,0.1,"2016-09-13","2016-09-27","SCBI.2016.39",14,"Y","SCBI_012.E.20160927","Ok","Ok","Ok","NEON.DOC.014050vH","ena7GLJui5s1h8moQAQPw3Qj2+mVdivS",
"76c01313-b598-47c4-915f-f24f7ae78b5f","SCBI_002.basePlot.bet","D02","SCBI","SCBI_002","E","distributed","deciduousForest",38.895212,-78.142701,"WGS84",20.1,316.8,0.4,"2016-09-13","2016-09-27","SCBI.2016.39",14,"Y","SCBI_002.E.20160927","Ok","Ok","Ok","NEON.DOC.014050vH","wYCqaZcA+7tKZqVSOMaNBCcRKvQIOBzP",
"1134189a-2031-4276-8154-41f606402816","SCBI_006.basePlot.bet","D02","SCBI","SCBI_006","E","distributed","pastureHay",38.897609,-78.152007,"WGS84",20.1,298.0,0.1,"2016-09-13","2016-09-27","SCBI.2016.39",14,"Y","SCBI_006.E.20160927","Disturbed","Ok","Ok","NEON.DOC.014050vH","wYCqaZcA+7tKZqVSOMaNBCcRKvQIOBzP","cup level high above soil."
"b58c3453-84f5-4bd2-90e3-b5e361770214","SCBI_007.basePlot.bet","D02","SCBI","SCBI_007","E","distributed","deciduousForest",38.884907,-78.130320,"WGS84",20.3,412.1,0.4,"2016-09-13","2016-09-27","SCBI.2016.39",14,"Y","SCBI_007.E.20160927","Disturbed","Disturbed","Ok","NEON.DOC.014050vH","wYCqaZcA+7tKZqVSOMaNBCcRKvQIOBzP","Lid sunk low. dirt around cup washed away so lip of cup was above level of soil."
"a148b500-41e3-428f-aa54-7a45f3bb0664","SCBI_005.basePlot.bet","D02","SCBI","SCBI_005","E","distributed","deciduousForest",38.900539,-78.161859,"WGS84",20.1,269.8,0.2,"2016-09-13","2016-09-27","SCBI.2016.39",14,"Y","SCBI_005.E.20160927","Ok","Ok","Ok","NEON.DOC.014050vH","wYCqaZcA+7tKZqVSOMaNBCcRKvQIOBzP",
"b725abae-d6ad-42fd-b532-3fdf8cd88003","SCBI_003.basePlot.bet","D02","SCBI","SCBI_003","E","distributed","deciduousForest",38.883305,-78.120382,"WGS84",20.3,567.7,0.5,"2016-09-13","2016-09-27","SCBI.2016.39",14,"Y","SCBI_003.E.20160927","Disturbed","Disturbed","Ok","NEON.DOC.014050vH","wYCqaZcA+7tKZqVSOMaNBCcRKvQIOBzP","Lid sunk low. dirt around cup washed away so lip of cup was above level of soil."
"ec5ea0c4-c548-4152-a184-1347b71746de","SCBI_033.basePlot.bet","D02","SCBI","SCBI_033","E","distributed","pastureHay",38.888917,-78.161302,"WGS84",20.1,299.3,0.1,"2016-09-13","2016-09-27","SCBI.2016.39",14,"Y","SCBI_033.E.20160927","Ok","Ok","Ok","NEON.DOC.014050vH","ena7GLJui5s1h8moQAQPw3Qj2+mVdivS",
"af36be6a-63d2-4047-908d-5a217478f319","SCBI_012.basePlot.bet","D02","SCBI","SCBI_012","N","distributed","pastureHay",38.889095,-78.168896,"WGS84",20.1,264.6,0.1,"2016-09-13","2016-09-27","SCBI.2016.39",14,"Y","SCBI_012.N.20160927","Ok","Ok","Ok","NEON.DOC.014050vH","ena7GLJui5s1h8moQAQPw3Qj2+mVdivS",
"8e717516-fe62-4c25-9462-635706831e5a","SCBI_033.basePlot.bet","D02","SCBI","SCBI_033","N","distributed","pastureHay",38.888917,-78.161302,"WGS84",20.1,299.3,0.1,"2016-09-13","2016-09-27","SCBI.2016.39",14,"Y","SCBI_033.N.20160927","Ok","Ok","Ok","NEON.DOC.014050vH","ena7GLJui5s1h8moQAQPw3Qj2+mVdivS",
"69e8a1d2-f059-48bc-bbd8-cb844a3498d2","SCBI_008.basePlot.bet","D02","SCBI","SCBI_008","N","distributed","deciduousForest",38.887763,-78.147164,"WGS84",20.3,336.7,0.4,"2016-09-13","2016-09-27","SCBI.2016.39",14,"Y","SCBI_008.N.20160927","Ok","Ok","High","NEON.DOC.014050vH","wYCqaZcA+7tKZqVSOMaNBCcRKvQIOBzP",
"3ea9b27e-ba54-410f-8a40-b35079fcbd20","SCBI_006.basePlot.bet","D02","SCBI","SCBI_006","N","distributed","pastureHay",38.897609,-78.152007,"WGS84",20.1,298.0,0.1,"2016-09-13","2016-09-27","SCBI.2016.39",14,"Y","SCBI_006.N.20160927","Ok","Ok","Ok","NEON.DOC.014050vH","wYCqaZcA+7tKZqVSOMaNBCcRKvQIOBzP",
"5c83a3a1-47fd-4993-b226-e1f6ae23fce0","SCBI_002.basePlot.bet","D02","SCBI","SCBI_002","N","distributed","deciduousForest",38.895212,-78.142701,"WGS84",20.1,316.8,0.4,"2016-09-13","2016-09-27","SCBI.2016.39",14,"Y","SCBI_002.N.20160927","Ok","Ok","Ok","NEON.DOC.014050vH","wYCqaZcA+7tKZqVSOMaNBCcRKvQIOBzP",
"7d84778b-7f8a-4379-88cf-fce0f781095b","SCBI_004.basePlot.bet","D02","SCBI","SCBI_004","N","distributed","deciduousForest",38.896935,-78.146456,"WGS84",20.3,312.6,0.5,"2016-09-13","2016-09-27","SCBI.2016.39",14,"Y","SCBI_004.N.20160927","Disturbed","Disturbed","Ok","NEON.DOC.014050vH","wYCqaZcA+7tKZqVSOMaNBCcRKvQIOBzP","Lid sunk low. dirt around cup washed away so lip of cup was above level of soil."
"a995267c-8ebd-4ca4-bd8e-50618b862435","SCBI_007.basePlot.bet","D02","SCBI","SCBI_007","N","distributed","deciduousForest",38.884907,-78.130320,"WGS84",20.3,412.1,0.4,"2016-09-13","2016-09-27","SCBI.2016.39",14,"Y","SCBI_007.N.20160927","Ok","Ok","Ok","NEON.DOC.014050vH","wYCqaZcA+7tKZqVSOMaNBCcRKvQIOBzP",
"9fa63c02-1d60-4068-b86d-b5785afaf16e","SCBI_005.basePlot.bet","D02","SCBI","SCBI_005","N","distributed","deciduousForest",38.900539,-78.161859,"WGS84",20.1,269.8,0.2,"2016-09-13","2016-09-27","SCBI.2016.39",14,"Y","SCBI_005.N.20160927","Ok","Disturbed","Ok","NEON.DOC.014050vH","wYCqaZcA+7tKZqVSOMaNBCcRKvQIOBzP","soil washed away from around cup so level of cup was above soil level."
"2914c6ea-082c-44cf-856c-86854715346c","SCBI_003.basePlot.bet","D02","SCBI","SCBI_003","N","distributed","deciduousForest",38.883305,-78.120382,"WGS84",20.3,567.7,0.5,"2016-09-13","2016-09-27","SCBI.2016.39",14,"Y","SCBI_003.N.20160927","Ok","Ok","Ok","NEON.DOC.014050vH","wYCqaZcA+7tKZqVSOMaNBCcRKvQIOBzP",
"5fb2880c-037b-42e2-895c-cc15116cbc04","SCBI_010.basePlot.bet","D02","SCBI","SCBI_010","N","distributed","deciduousForest",38.884770,-78.125160,"WGS84",20.2,493.3,0.3,"2016-09-13","2016-09-27","SCBI.2016.39",14,"Y","SCBI_010.N.20160927","Ok","Ok","Ok","NEON.DOC.014050vH","wYCqaZcA+7tKZqVSOMaNBCcRKvQIOBzP",
"55cb040a-f961-41ec-9bee-4a5aa066b7d3","SCBI_005.basePlot.bet","D02","SCBI","SCBI_005","S","distributed","deciduousForest",38.900539,-78.161859,"WGS84",20.1,269.8,0.2,"2016-09-13","2016-09-27","SCBI.2016.39",14,"Y","SCBI_005.S.20160927","Ok","Ok","High","NEON.DOC.014050vH","wYCqaZcA+7tKZqVSOMaNBCcRKvQIOBzP","soil washed away from around cup so level of cup was above level of soil ."
"5ffab9d1-5abd-4d76-9293-6ea959bb96f7","SCBI_006.basePlot.bet","D02","SCBI","SCBI_006","S","distributed","pastureHay",38.897609,-78.152007,"WGS84",20.1,298.0,0.1,"2016-09-13","2016-09-27","SCBI.2016.39",14,"Y","SCBI_006.S.20160927","Disturbed","Ok","Ok","NEON.DOC.014050vH","wYCqaZcA+7tKZqVSOMaNBCcRKvQIOBzP","cup high above level of soil."
"1f248906-e544-4a12-90e3-dd8bf1595fc8","SCBI_007.basePlot.bet","D02","SCBI","SCBI_007","S","distributed","deciduousForest",38.884907,-78.130320,"WGS84",20.3,412.1,0.4,"2016-09-13","2016-09-27","SCBI.2016.39",14,"Y","SCBI_007.S.20160927","Disturbed","Disturbed","Ok","NEON.DOC.014050vH","wYCqaZcA+7tKZqVSOMaNBCcRKvQIOBzP","Lid sunk low. dirt around cup washed away so lip of cup was above level of soil."
"3cbb5a79-243a-48cf-82d3-af9cccb03b6f","SCBI_004.basePlot.bet","D02","SCBI","SCBI_004","S","distributed","deciduousForest",38.896935,-78.146456,"WGS84",20.3,312.6,0.5,"2016-09-13","2016-09-27","SCBI.2016.39",14,"Y","SCBI_004.S.20160927","Ok","Disturbed","Ok","NEON.DOC.014050vH","wYCqaZcA+7tKZqVSOMaNBCcRKvQIOBzP","lid sunk low onto top of trap cup."
"422e593d-1cd4-4e4d-af35-d8b69f23a6b9","SCBI_003.basePlot.bet","D02","SCBI","SCBI_003","S","distributed","deciduousForest",38.883305,-78.120382,"WGS84",20.3,567.7,0.5,"2016-09-13","2016-09-27","SCBI.2016.39",14,"Y","SCBI_003.S.20160927","Ok","Ok","Ok","NEON.DOC.014050vH","wYCqaZcA+7tKZqVSOMaNBCcRKvQIOBzP",
"4cdee6b4-ac5e-460c-8871-7182a8da8c62","SCBI_010.basePlot.bet","D02","SCBI","SCBI_010","S","distributed","deciduousForest",38.884770,-78.125160,"WGS84",20.2,493.3,0.3,"2016-09-13","2016-09-27","SCBI.2016.39",14,"Y","SCBI_010.S.20160927","Disturbed","Disturbed","Ok","NEON.DOC.014050vH","wYCqaZcA+7tKZqVSOMaNBCcRKvQIOBzP","Lid sunk low. dirt around cup washed away so lip of cup was above level of soil."
"58a96590-6137-4beb-9c89-36044b226108","SCBI_033.basePlot.bet","D02","SCBI","SCBI_033","S","distributed","pastureHay",38.888917,-78.161302,"WGS84",20.1,299.3,0.1,"2016-09-13","2016-09-27","SCBI.2016.39",14,"Y","SCBI_033.S.20160927","Ok","Ok","Ok","NEON.DOC.014050vH","ena7GLJui5s1h8moQAQPw3Qj2+mVdivS",
"ee90d992-1abe-4e98-b053-613082277475","SCBI_012.basePlot.bet","D02","SCBI","SCBI_012","S","distributed","pastureHay",38.889095,-78.168896,"WGS84",20.1,264.6,0.1,"2016-09-13","2016-09-27","SCBI.2016.39",14,"Y","SCBI_012.S.20160927","Ok","Ok","Ok","NEON.DOC.014050vH","ena7GLJui5s1h8moQAQPw3Qj2+mVdivS",
"3ea5e93e-4c48-47af-ae6a-d6e04f220cea","SCBI_002.basePlot.bet","D02","SCBI","SCBI_002","S","distributed","deciduousForest",38.895212,-78.142701,"WGS84",20.1,316.8,0.4,"2016-09-13","2016-09-27","SCBI.2016.39",14,"Y","SCBI_002.S.20160927","Ok","Ok","High","NEON.DOC.014050vH","wYCqaZcA+7tKZqVSOMaNBCcRKvQIOBzP",
"8a6b1d58-7bc8-4db0-b01f-bb9589f9fb3a","SCBI_008.basePlot.bet","D02","SCBI","SCBI_008","S","distributed","deciduousForest",38.887763,-78.147164,"WGS84",20.3,336.7,0.4,"2016-09-13","2016-09-27","SCBI.2016.39",14,"Y","SCBI_008.S.20160927","Disturbed","Disturbed","Ok","NEON.DOC.014050vH","wYCqaZcA+7tKZqVSOMaNBCcRKvQIOBzP","Lid sunk low. dirt around cup washed away so lip of cup was above level of soil."
"3ba10231-9e0b-4fc1-9282-19bab6edd1f5","SCBI_010.basePlot.bet","D02","SCBI","SCBI_010","W","distributed","deciduousForest",38.884770,-78.125160,"WGS84",20.2,493.3,0.3,"2016-09-13","2016-09-27","SCBI.2016.39",14,"Y","SCBI_010.W.20160927","Ok","Ok","Ok","NEON.DOC.014050vH","wYCqaZcA+7tKZqVSOMaNBCcRKvQIOBzP",
"401ad4da-deba-4df5-a0a2-4f6436c2b50a","SCBI_033.basePlot.bet","D02","SCBI","SCBI_033","W","distributed","pastureHay",38.888917,-78.161302,"WGS84",20.1,299.3,0.1,"2016-09-13","2016-09-27","SCBI.2016.39",14,"Y","SCBI_033.W.20160927","Ok","Ok","Ok","NEON.DOC.014050vH","ena7GLJui5s1h8moQAQPw3Qj2+mVdivS",
"701c1540-2aad-4977-b4f2-6434b17fd4d4","SCBI_012.basePlot.bet","D02","SCBI","SCBI_012","W","distributed","pastureHay",38.889095,-78.168896,"WGS84",20.1,264.6,0.1,"2016-09-13","2016-09-27","SCBI.2016.39",14,"Y","SCBI_012.W.20160927","Ok","Ok","Ok","NEON.DOC.014050vH","ena7GLJui5s1h8moQAQPw3Qj2+mVdivS",
"3ddf5970-805a-40a6-be07-3006f71b15fc","SCBI_008.basePlot.bet","D02","SCBI","SCBI_008","W","distributed","deciduousForest",38.887763,-78.147164,"WGS84",20.3,336.7,0.4,"2016-09-13","2016-09-27","SCBI.2016.39",14,"Y","SCBI_008.W.20160927","Ok","Ok","Ok","NEON.DOC.014050vH","wYCqaZcA+7tKZqVSOMaNBCcRKvQIOBzP",
"ff953bf2-eb0f-45cf-9871-be69dfe53fa2","SCBI_002.basePlot.bet","D02","SCBI","SCBI_002","W","distributed","deciduousForest",38.895212,-78.142701,"WGS84",20.1,316.8,0.4,"2016-09-13","2016-09-27","SCBI.2016.39",14,"Y","SCBI_002.W.20160927","Disturbed","Ok","High","NEON.DOC.014050vH","wYCqaZcA+7tKZqVSOMaNBCcRKvQIOBzP",
"508e8e26-e8c0-4c85-8844-2ad90df95b4f","SCBI_006.basePlot.bet","D02","SCBI","SCBI_006","W","distributed","pastureHay",38.897609,-78.152007,"WGS84",20.1,298.0,0.1,"2016-09-13","2016-09-27","SCBI.2016.39",14,"Y","SCBI_006.W.20160927","Ok","Ok","Ok","NEON.DOC.014050vH","wYCqaZcA+7tKZqVSOMaNBCcRKvQIOBzP",
"416cc983-c04d-4b3f-8d74-11c3cbb6d8aa","SCBI_005.basePlot.bet","D02","SCBI","SCBI_005","W","distributed","deciduousForest",38.900539,-78.161859,"WGS84",20.1,269.8,0.2,"2016-09-13","2016-09-27","SCBI.2016.39",14,"Y","SCBI_005.W.20160927","Disturbed","Ok","High","NEON.DOC.014050vH","wYCqaZcA+7tKZqVSOMaNBCcRKvQIOBzP","soil washed away from around cup."
"f2f10153-b5bb-438b-93c2-14cf3f1cd378","SCBI_004.basePlot.bet","D02","SCBI","SCBI_004","W","distributed","deciduousForest",38.896935,-78.146456,"WGS84",20.3,312.6,0.5,"2016-09-13","2016-09-27","SCBI.2016.39",14,"Y","SCBI_004.W.20160927","Ok","Disturbed","High","NEON.DOC.014050vH","wYCqaZcA+7tKZqVSOMaNBCcRKvQIOBzP","lid sunk low onto top of cup."
"6913c67b-f113-40b7-9259-bdb7adecb51b","SCBI_007.basePlot.bet","D02","SCBI","SCBI_007","W","distributed","deciduousForest",38.884907,-78.130320,"WGS84",20.3,412.1,0.4,"2016-09-13","2016-09-27","SCBI.2016.39",14,"Y","SCBI_007.W.20160927","Disturbed","Ok","Ok","NEON.DOC.014050vH","wYCqaZcA+7tKZqVSOMaNBCcRKvQIOBzP","soil washed away from around trap cup so that level of cup was above soil."
"3433ff41-f702-4866-a645-9628cf4d33bc","SCBI_008.basePlot.bet","D02","SCBI","SCBI_008","E","distributed","deciduousForest",38.887763,-78.147164,"WGS84",20.3,336.7,0.4,"2016-09-13","2016-09-27","SCBI.2016.39",14,"Y","SCBI_008.E.20160927","Ok","Ok","Ok","NEON.DOC.014050vH","wYCqaZcA+7tKZqVSOMaNBCcRKvQIOBzP",
