uid,namedLocation,domainID,siteID,plotID,trapID,setDate,collectDate,processingDate,etOHChangeDate,identifiedDate,sampleID,subsampleID,sampleType,taxonID,scientificName,taxonRank,identificationQualifier,scientificNameAuthorship,morphospeciesID,individualCount,identificationReferences,identifiedBy,recordedBy,remarks
"bc15fb33-ff42-40e9-ad59-9e18a4846539","STEI_007.basePlot.bet","D05","STEI","STEI_007","E","2016-04-27","2016-05-11","2016-05-12","2016-12-28","2016-12-28","STEI_007.E.20160511","uTVelW27vZTi3ilPGeGJk854m+fhubUIDFsii297Y8g=","carabid","PLADEC","Platynus decentis","species",,"Say",,1,"Lindroth, C. H. 1969. The ground-beetles (Carabidae, excl. Cicindelinae) of Canada and Alaska, parts 1-6. Opuscula E. Entomoligiska Sallskapet.","Syw2LXB/pj+fmGCuwdgBGVryVUmYhw3g","Syw2LXB/pj+fmGCuwdgBGVryVUmYhw3g",
"574b66ac-2bbd-49cd-9795-227e2538829d","STEI_007.basePlot.bet","D05","STEI","STEI_007","E","2016-04-27","2016-05-11","2016-05-12","2016-12-28","2016-12-28","STEI_007.E.20160511","uTVelW27vZTi3ilPGeGJk5LfFyyu11xmZwwa2Q6ruOQ=","carabid","BEMMUS","Bembidion muscicola","species","cf. species","Hayward",,1,"Lindroth, C. H. 1969. The ground-beetles (Carabidae, excl. Cicindelinae) of Canada and Alaska, parts 1-6. Opuscula E. Entomoligiska Sallskapet.","Syw2LXB/pj+fmGCuwdgBGVryVUmYhw3g","Syw2LXB/pj+fmGCuwdgBGVryVUmYhw3g",
"f0b8eeed-6bec-4a0d-9090-34998946e279","STEI_007.basePlot.bet","D05","STEI","STEI_007","E","2016-04-27","2016-05-11","2016-05-12","2016-12-28","2016-12-28","STEI_007.E.20160511","uTVelW27vZTi3ilPGeGJk5rjliWg5odoef3LVtwmTPw=","carabid","PTEPEN","Pterostichus pensylvanicus","species",,"LeConte",,2,"Bousquet, Y. 2010b. Illustrated Identification Guide to Adults and Larvae of Northeastern North American Ground Beetles (Coleoptera: Carabidae). 1st Ed. Pensoft Publishers, Sofia, Bulgaria.","Syw2LXB/pj+fmGCuwdgBGVryVUmYhw3g","Syw2LXB/pj+fmGCuwdgBGVryVUmYhw3g",
"54634539-e3fa-401b-b101-45177f589a84","STEI_007.basePlot.bet","D05","STEI","STEI_007","E","2016-04-27","2016-05-11","2016-05-12","2016-12-28","2016-12-28","STEI_007.E.20160511","uTVelW27vZTi3ilPGeGJk9z+MBqiNPVp1F77VZSSy2w=","carabid","SPHSTE1","Sphaeroderus stenostomus lecontei","subspecies",,"Dejean",,1,"Lindroth, C. H. 1969. The ground-beetles (Carabidae, excl. Cicindelinae) of Canada and Alaska, parts 1-6. Opuscula E. Entomoligiska Sallskapet.","Syw2LXB/pj+fmGCuwdgBGVryVUmYhw3g","Syw2LXB/pj+fmGCuwdgBGVryVUmYhw3g",
"0c470d45-ee6c-402e-933c-1864e3911637","STEI_008.basePlot.bet","D05","STEI","STEI_008","E","2016-04-27","2016-05-11","2016-05-12","2016-12-28","2016-12-28","STEI_008.E.20160511","RJLsXNaoVcup43GUByjvT0SzhJ3VlCHTTatH4FeDIxU=","carabid","PLADEC","Platynus decentis","species",,"Say",,1,"Lindroth, C. H. 1969. The ground-beetles (Carabidae, excl. Cicindelinae) of Canada and Alaska, parts 1-6. Opuscula E. Entomoligiska Sallskapet.","Syw2LXB/pj+fmGCuwdgBGVryVUmYhw3g","Syw2LXB/pj+fmGCuwdgBGVryVUmYhw3g",
"8d817c2c-b9aa-4933-91b0-afc639d92c3e","STEI_008.basePlot.bet","D05","STEI","STEI_008","E","2016-04-27","2016-05-11","2016-05-12","2016-12-28","2016-12-28","STEI_008.E.20160511","RJLsXNaoVcup43GUByjvT68hfUO5tkclGMXlA6vousU=","carabid","SPHSTE1","Sphaeroderus stenostomus lecontei","subspecies",,"Dejean",,1,"Lindroth, C. H. 1969. The ground-beetles (Carabidae, excl. Cicindelinae) of Canada and Alaska, parts 1-6. Opuscula E. Entomoligiska Sallskapet.","Syw2LXB/pj+fmGCuwdgBGVryVUmYhw3g","Syw2LXB/pj+fmGCuwdgBGVryVUmYhw3g",
"a4298774-8088-4f62-a1d7-46dafdc8c107","STEI_008.basePlot.bet","D05","STEI","STEI_008","S","2016-04-27","2016-05-11","2016-05-12","2016-12-28","2016-12-28","STEI_008.S.20160511","RJLsXNaoVcsrVfPfPw4agOLMhyFHJPzdGcY2Dg3nZI0=","carabid","PTEPEN","Pterostichus pensylvanicus","species",,"LeConte",,2,"Bousquet, Y. 2010b. Illustrated Identification Guide to Adults and Larvae of Northeastern North American Ground Beetles (Coleoptera: Carabidae). 1st Ed. Pensoft Publishers, Sofia, Bulgaria.","Syw2LXB/pj+fmGCuwdgBGVryVUmYhw3g","Syw2LXB/pj+fmGCuwdgBGVryVUmYhw3g",
"a19b8787-f10f-4fcf-a2c0-b364a9ef7e42","STEI_006.basePlot.bet","D05","STEI","STEI_006","S","2016-04-27","2016-05-11","2016-05-12","2016-12-27","2016-12-27","STEI_006.S.20160511","FSczGbn18rQqSGNc1WPNbZ4wpTPxuruhvxPTRazwRPw=","carabid","AGORET","Agonum retractum","species","cf. species","LeConte",,1,"Bousquet, Y. 2010b. Illustrated Identification Guide to Adults and Larvae of Northeastern North American Ground Beetles (Coleoptera: Carabidae). 1st Ed. Pensoft Publishers, Sofia, Bulgaria.","Syw2LXB/pj+fmGCuwdgBGVryVUmYhw3g","Syw2LXB/pj+fmGCuwdgBGVryVUmYhw3g",
"18dab0c0-acfa-4360-ade7-db0cfecb1d3a","STEI_005.basePlot.bet","D05","STEI","STEI_005","W","2016-04-27","2016-05-11","2016-05-12","2016-12-27","2016-12-27","STEI_005.W.20160511","qriLSsXGHEz9xtCJXQs1g6zPW5lR9guBF6FO/mHmhEY=","carabid","PLADEC","Platynus decentis","species",,"Say",,1,"Lindroth, C. H. 1969. The ground-beetles (Carabidae, excl. Cicindelinae) of Canada and Alaska, parts 1-6. Opuscula E. Entomoligiska Sallskapet.","Syw2LXB/pj+fmGCuwdgBGVryVUmYhw3g","Syw2LXB/pj+fmGCuwdgBGVryVUmYhw3g",
"a6b1fd72-ccff-44a8-b8e3-e7ec940860e8","STEI_009.basePlot.bet","D05","STEI","STEI_009","S","2016-04-27","2016-05-11","2016-05-12","2016-12-28","2016-12-28","STEI_009.S.20160511","IGPPmzEoPodBaaX865MVN9js+V4Xf6/dv6mCI2gWIrw=","carabid","PTEPEN","Pterostichus pensylvanicus","species",,"LeConte",,1,"Bousquet, Y. 2010b. Illustrated Identification Guide to Adults and Larvae of Northeastern North American Ground Beetles (Coleoptera: Carabidae). 1st Ed. Pensoft Publishers, Sofia, Bulgaria.","Syw2LXB/pj+fmGCuwdgBGVryVUmYhw3g","Syw2LXB/pj+fmGCuwdgBGVryVUmYhw3g",
"e0f4d3a8-a536-4c87-9dd3-f52cebc06ed3","STEI_006.basePlot.bet","D05","STEI","STEI_006","N","2016-04-27","2016-05-11","2016-05-12","2016-12-27","2016-12-27","STEI_006.N.20160511","FSczGbn18rTm32UHUBE++FAzlxn/Kboix7tzuy68oTQ=","carabid","PTECOR1","Pterostichus coracinus","species","cf. species","Newman",,1,"Bousquet, Y. 2010b. Illustrated Identification Guide to Adults and Larvae of Northeastern North American Ground Beetles (Coleoptera: Carabidae). 1st Ed. Pensoft Publishers, Sofia, Bulgaria.","Syw2LXB/pj+fmGCuwdgBGVryVUmYhw3g","Syw2LXB/pj+fmGCuwdgBGVryVUmYhw3g",
"dc50d8c4-c24f-47b8-be1f-07991dab425e","STEI_009.basePlot.bet","D05","STEI","STEI_009","E","2016-04-27","2016-05-11","2016-05-12","2016-12-28","2016-12-28","STEI_009.E.20160511","IGPPmzEoPod7z9dNRjRz4FR4Cb2cCLVlPDbJZVrc9+E=","carabid","PLADEC","Platynus decentis","species",,"Say",,1,"Lindroth, C. H. 1969. The ground-beetles (Carabidae, excl. Cicindelinae) of Canada and Alaska, parts 1-6. Opuscula E. Entomoligiska Sallskapet.","Syw2LXB/pj+fmGCuwdgBGVryVUmYhw3g","Syw2LXB/pj+fmGCuwdgBGVryVUmYhw3g",
"119e168b-4dec-45ee-a140-0752793ae555","STEI_006.basePlot.bet","D05","STEI","STEI_006","W","2016-04-27","2016-05-11","2016-05-12","2016-12-27","2016-12-27","STEI_006.W.20160511","FSczGbn18rRAkaT8EQXi6F2p/zJ52JKCpVNTLJOMpac=","carabid","PLADEC","Platynus decentis","species",,"Say",,3,"Lindroth, C. H. 1969. The ground-beetles (Carabidae, excl. Cicindelinae) of Canada and Alaska, parts 1-6. Opuscula E. Entomoligiska Sallskapet.","Syw2LXB/pj+fmGCuwdgBGVryVUmYhw3g","Syw2LXB/pj+fmGCuwdgBGVryVUmYhw3g",
"497a8fc8-77a9-4dc1-9714-f08d83665e2f","STEI_022.basePlot.bet","D05","STEI","STEI_022","S","2016-04-27","2016-05-11","2016-05-12","2016-12-28","2016-12-28","STEI_022.S.20160511","HE/LDGsDHdpGDKGB3p3KLLJ4jhwUtyBKHqaQ89N5mEc=","carabid","AGOTRI","Agonum trigeminum","species",,"Lindroth",,1,"Lindroth, C. H. 1969. The ground-beetles (Carabidae, excl. Cicindelinae) of Canada and Alaska, parts 1-6. Opuscula E. Entomoligiska Sallskapet.","Syw2LXB/pj+fmGCuwdgBGVryVUmYhw3g","Syw2LXB/pj+fmGCuwdgBGVryVUmYhw3g",
"19285dc2-0e8d-4e93-b359-e6dec6780a87","STEI_007.basePlot.bet","D05","STEI","STEI_007","W","2016-04-27","2016-05-11","2016-05-12","2016-12-28","2016-12-28","STEI_007.W.20160511","uTVelW27vZQBtKBC6fiX8FQLgAuZdpMPmSNEvQeaH+o=","carabid","CARNEM","Carabus nemoralis nemoralis","subspecies",,"Mueller",,1,"Lindroth, C. H. 1969. The ground-beetles (Carabidae, excl. Cicindelinae) of Canada and Alaska, parts 1-6. Opuscula E. Entomoligiska Sallskapet.","Syw2LXB/pj+fmGCuwdgBGVryVUmYhw3g","Syw2LXB/pj+fmGCuwdgBGVryVUmYhw3g",
"4fea2d01-ae27-4678-a893-be04661a20b9","STEI_007.basePlot.bet","D05","STEI","STEI_007","N","2016-04-27","2016-05-11","2016-05-12","2016-12-28","2016-12-28","STEI_007.N.20160511","uTVelW27vZTKV6isdmEr2LoL/YoUYI34DYbnvfPKAJo=","carabid","PTEPEN","Pterostichus pensylvanicus","species",,"LeConte",,1,"Bousquet, Y. 2010b. Illustrated Identification Guide to Adults and Larvae of Northeastern North American Ground Beetles (Coleoptera: Carabidae). 1st Ed. Pensoft Publishers, Sofia, Bulgaria.","Syw2LXB/pj+fmGCuwdgBGVryVUmYhw3g","Syw2LXB/pj+fmGCuwdgBGVryVUmYhw3g",
"35334559-610a-4c5a-8cb8-3a3c60dbb846","STEI_007.basePlot.bet","D05","STEI","STEI_007","N","2016-04-27","2016-05-11","2016-05-12","2016-12-28","2016-12-28","STEI_007.N.20160511","uTVelW27vZTKV6isdmEr2ADL56iG7rfrPrOiNN2D+04=","carabid","PLADEC","Platynus decentis","species",,"Say",,1,"Lindroth, C. H. 1969. The ground-beetles (Carabidae, excl. Cicindelinae) of Canada and Alaska, parts 1-6. Opuscula E. Entomoligiska Sallskapet.","Syw2LXB/pj+fmGCuwdgBGVryVUmYhw3g","Syw2LXB/pj+fmGCuwdgBGVryVUmYhw3g",
"70c8e2dc-525d-42f1-9e6c-8367319a20c6","STEI_007.basePlot.bet","D05","STEI","STEI_007","S","2016-04-27","2016-05-11","2016-05-12","2016-12-28","2016-12-28","STEI_007.S.20160511","uTVelW27vZSsIThVD13DQrTEjFjapI8s/GB/dl+9yN8=","carabid","SPHSTE1","Sphaeroderus stenostomus lecontei","subspecies",,"Dejean",,1,"Lindroth, C. H. 1969. The ground-beetles (Carabidae, excl. Cicindelinae) of Canada and Alaska, parts 1-6. Opuscula E. Entomoligiska Sallskapet.","Syw2LXB/pj+fmGCuwdgBGVryVUmYhw3g","Syw2LXB/pj+fmGCuwdgBGVryVUmYhw3g",
"78c2e410-31b0-404b-a34e-8cec722c3348","STEI_002.basePlot.bet","D05","STEI","STEI_002","S","2016-04-27","2016-05-11","2016-05-12","2016-12-27","2016-12-27","STEI_002.S.20160511","aZO6SdKsrBzq/4FlLz71yw7WRtyCT7EldWZF4f65spE=","carabid","PTENOV","Pterostichus novus","species","cf. species","Straneo",,1,"Bousquet, Y. 2010b. Illustrated Identification Guide to Adults and Larvae of Northeastern North American Ground Beetles (Coleoptera: Carabidae). 1st Ed. Pensoft Publishers, Sofia, Bulgaria.","Syw2LXB/pj+fmGCuwdgBGVryVUmYhw3g","Syw2LXB/pj+fmGCuwdgBGVryVUmYhw3g","elytral microsculpture appeared to be transverse"
"9bd254dc-13b6-44d0-b940-43edb59daba2","STEI_002.basePlot.bet","D05","STEI","STEI_002","W","2016-04-27","2016-05-11","2016-05-12","2016-12-27","2016-12-27","STEI_002.W.20160511","aZO6SdKsrByEH1pUhL0qFF6lf0pElkm5LgUf6jwDVrE=","carabid","SPHSTE1","Sphaeroderus stenostomus lecontei","subspecies",,"Dejean",,2,"Lindroth, C. H. 1969. The ground-beetles (Carabidae, excl. Cicindelinae) of Canada and Alaska, parts 1-6. Opuscula E. Entomoligiska Sallskapet.","Syw2LXB/pj+fmGCuwdgBGVryVUmYhw3g","Syw2LXB/pj+fmGCuwdgBGVryVUmYhw3g",
"cd9c35b3-0851-4da3-802d-a623fc19df32","STEI_002.basePlot.bet","D05","STEI","STEI_002","E","2016-04-27","2016-05-11","2016-05-12","2016-12-27","2016-12-27","STEI_002.E.20160511","aZO6SdKsrBwGnXn9oNbJToQck+OqyO9s7GC0/GWgRtE=","carabid","PLADEC","Platynus decentis","species",,"Say",,1,"Lindroth, C. H. 1969. The ground-beetles (Carabidae, excl. Cicindelinae) of Canada and Alaska, parts 1-6. Opuscula E. Entomoligiska Sallskapet.","Syw2LXB/pj+fmGCuwdgBGVryVUmYhw3g","Syw2LXB/pj+fmGCuwdgBGVryVUmYhw3g",
"80c67aef-e926-453c-8f8e-414a84defc4c","STEI_002.basePlot.bet","D05","STEI","STEI_002","W","2016-04-27","2016-05-11","2016-05-12","2016-12-27","2016-12-27","STEI_002.W.20160511","aZO6SdKsrByEH1pUhL0qFDgHgE8TW67GMEdjFXLVImU=","carabid","PTECOR1","Pterostichus coracinus","species","cf. species","Newman",,1,"Bousquet, Y. 2010b. Illustrated Identification Guide to Adults and Larvae of Northeastern North American Ground Beetles (Coleoptera: Carabidae). 1st Ed. Pensoft Publishers, Sofia, Bulgaria.","Syw2LXB/pj+fmGCuwdgBGVryVUmYhw3g","Syw2LXB/pj+fmGCuwdgBGVryVUmYhw3g","Could be PTENOV"
"ea30f8ae-0f41-44af-a79c-3c72a64cbc60","STEI_003.basePlot.bet","D05","STEI","STEI_003","S","2016-04-27","2016-05-11","2016-05-12","2016-12-27","2016-12-27","STEI_003.S.20160511","DWUoTzNcbNlSZ/QF+O+JssOy83qIbYF0sydZ9fEhHoA=","carabid","SPHSTE1","Sphaeroderus stenostomus lecontei","subspecies",,"Dejean",,1,"Lindroth, C. H. 1969. The ground-beetles (Carabidae, excl. Cicindelinae) of Canada and Alaska, parts 1-6. Opuscula E. Entomoligiska Sallskapet.","Syw2LXB/pj+fmGCuwdgBGVryVUmYhw3g","Syw2LXB/pj+fmGCuwdgBGVryVUmYhw3g",
"a5a379d8-760e-42c5-b22f-225404afed87","STEI_003.basePlot.bet","D05","STEI","STEI_003","S","2016-04-27","2016-05-11","2016-05-12","2016-12-27","2016-12-27","STEI_003.S.20160511","DWUoTzNcbNlSZ/QF+O+JstDYBlz2E4Ws/EV4aJHr0WI=","carabid","CARSER","Carabus serratus","species",,"Say",,1,"Bousquet, Y. 2010b. Illustrated Identification Guide to Adults and Larvae of Northeastern North American Ground Beetles (Coleoptera: Carabidae). 1st Ed. Pensoft Publishers, Sofia, Bulgaria.","Syw2LXB/pj+fmGCuwdgBGVryVUmYhw3g","Syw2LXB/pj+fmGCuwdgBGVryVUmYhw3g",
"869369c9-fd9a-40e3-9cdc-12609039572d","STEI_003.basePlot.bet","D05","STEI","STEI_003","W","2016-04-27","2016-05-11","2016-05-12","2016-12-27","2016-12-27","STEI_003.W.20160511","DWUoTzNcbNklfhFVWpf4kimM38otj7id7t29LlbRz/E=","carabid","PTEPEN","Pterostichus pensylvanicus","species",,"LeConte",,4,"Bousquet, Y. 2010b. Illustrated Identification Guide to Adults and Larvae of Northeastern North American Ground Beetles (Coleoptera: Carabidae). 1st Ed. Pensoft Publishers, Sofia, Bulgaria.","Syw2LXB/pj+fmGCuwdgBGVryVUmYhw3g","Syw2LXB/pj+fmGCuwdgBGVryVUmYhw3g",
"b2496772-8615-4013-bf85-247ea7a0428a","STEI_003.basePlot.bet","D05","STEI","STEI_003","S","2016-04-27","2016-05-11","2016-05-12","2016-12-27","2016-12-27","STEI_003.S.20160511","DWUoTzNcbNlSZ/QF+O+Jsg5pkxEuPIC2NRwpp5Tv//A=","carabid","PTEMUT2","Pterostichus mutus","species",,"Say",,1,"Bousquet, Y. 2010b. Illustrated Identification Guide to Adults and Larvae of Northeastern North American Ground Beetles (Coleoptera: Carabidae). 1st Ed. Pensoft Publishers, Sofia, Bulgaria.","Syw2LXB/pj+fmGCuwdgBGVryVUmYhw3g","Syw2LXB/pj+fmGCuwdgBGVryVUmYhw3g",
"b128253d-4128-4ab6-9ee5-4367f97c094b","STEI_003.basePlot.bet","D05","STEI","STEI_003","W","2016-04-27","2016-05-11","2016-05-12","2016-12-27","2016-12-27","STEI_003.W.20160511","DWUoTzNcbNklfhFVWpf4ksKi/CX4TAcfthq5vQCqOXw=","carabid","PTEMUT2","Pterostichus mutus","species","cf. species","Say",,1,"Bousquet, Y. 2010b. Illustrated Identification Guide to Adults and Larvae of Northeastern North American Ground Beetles (Coleoptera: Carabidae). 1st Ed. Pensoft Publishers, Sofia, Bulgaria.","Syw2LXB/pj+fmGCuwdgBGVryVUmYhw3g","Syw2LXB/pj+fmGCuwdgBGVryVUmYhw3g",
"3a4fbf14-f32a-41b5-a362-b504d934a238","STEI_003.basePlot.bet","D05","STEI","STEI_003","E","2016-04-27","2016-05-11","2016-05-12","2016-12-27","2016-12-27","STEI_003.E.20160511","DWUoTzNcbNnq1bYeJIny3w8CNLUIbyVLH16sl2KYjAs=","carabid","PTEPEN","Pterostichus pensylvanicus","species",,"LeConte",,1,"Bousquet, Y. 2010b. Illustrated Identification Guide to Adults and Larvae of Northeastern North American Ground Beetles (Coleoptera: Carabidae). 1st Ed. Pensoft Publishers, Sofia, Bulgaria.","Syw2LXB/pj+fmGCuwdgBGVryVUmYhw3g","Syw2LXB/pj+fmGCuwdgBGVryVUmYhw3g",
"d1e1f4f2-998c-450b-a98f-305751e6117e","STEI_003.basePlot.bet","D05","STEI","STEI_003","S","2016-04-27","2016-05-11","2016-05-12","2016-12-27","2016-12-27","STEI_003.S.20160511","DWUoTzNcbNlSZ/QF+O+JsizzZzUT6QCjdfrsntUYtmY=","carabid","PTEPEN","Pterostichus pensylvanicus","species",,"LeConte",,2,"Bousquet, Y. 2010b. Illustrated Identification Guide to Adults and Larvae of Northeastern North American Ground Beetles (Coleoptera: Carabidae). 1st Ed. Pensoft Publishers, Sofia, Bulgaria.","Syw2LXB/pj+fmGCuwdgBGVryVUmYhw3g","Syw2LXB/pj+fmGCuwdgBGVryVUmYhw3g",
"25dd622a-b03f-4e50-9a5b-ab9280040f84","STEI_005.basePlot.bet","D05","STEI","STEI_005","E","2016-04-27","2016-05-11","2016-05-12","2017-01-31","2016-12-27","STEI_005.E.20160511","qriLSsXGHEw5q2vR9+MXL79zHmMnnhuTXN7NETLziKA=","carabid","PLADEC","Platynus decentis","species",,"Say",,4,"Lindroth, C. H. 1969. The ground-beetles (Carabidae, excl. Cicindelinae) of Canada and Alaska, parts 1-6. Opuscula E. Entomoligiska Sallskapet.","Syw2LXB/pj+fmGCuwdgBGVryVUmYhw3g","Syw2LXB/pj+fmGCuwdgBGVryVUmYhw3g",
"a01cdcf0-1a0e-46e0-8c51-b5192c9ddccf","STEI_002.basePlot.bet","D05","STEI","STEI_002","N","2016-04-27","2016-05-11","2016-05-12","2016-12-27","2016-12-27","STEI_002.N.20160511","aZO6SdKsrBzL8uwoU6wq3loJWFCpd3qDLSzxdpNtN0w=","carabid","SPHSTE1","Sphaeroderus stenostomus lecontei","subspecies",,"Dejean",,1,"Lindroth, C. H. 1969. The ground-beetles (Carabidae, excl. Cicindelinae) of Canada and Alaska, parts 1-6. Opuscula E. Entomoligiska Sallskapet.","Syw2LXB/pj+fmGCuwdgBGVryVUmYhw3g","Syw2LXB/pj+fmGCuwdgBGVryVUmYhw3g",
"9224058a-415f-4dcc-8cbf-c9b4814b122f","STEI_004.basePlot.bet","D05","STEI","STEI_004","W","2016-04-27","2016-05-11","2016-05-12","2016-12-27","2016-12-27","STEI_004.W.20160511","kIMktcbzaDcWTLi6dvbUL2p3WUuJSjP7BUjhjJ3ZKI0=","carabid","SPHSTE1","Sphaeroderus stenostomus lecontei","subspecies",,"Dejean",,1,"Lindroth, C. H. 1969. The ground-beetles (Carabidae, excl. Cicindelinae) of Canada and Alaska, parts 1-6. Opuscula E. Entomoligiska Sallskapet.","Syw2LXB/pj+fmGCuwdgBGVryVUmYhw3g","Syw2LXB/pj+fmGCuwdgBGVryVUmYhw3g",
"137fafe3-1fb5-4ebd-b2ea-642c339815ca","STEI_002.basePlot.bet","D05","STEI","STEI_002","N","2016-04-27","2016-05-11","2016-05-12","2016-12-27","2016-12-27","STEI_002.N.20160511","aZO6SdKsrBzL8uwoU6wq3rVPBmP5rSEy69RTSdoC58Y=","carabid","HARERY","Harpalus erythropus","species","cf. species","Dejean",,1,"Lindroth, C. H. 1969. The ground-beetles (Carabidae, excl. Cicindelinae) of Canada and Alaska, parts 1-6. Opuscula E. Entomoligiska Sallskapet.","Syw2LXB/pj+fmGCuwdgBGVryVUmYhw3g","Syw2LXB/pj+fmGCuwdgBGVryVUmYhw3g",
"ace22ecc-5bd6-49e7-afa4-de1c95dad387","STEI_001.basePlot.bet","D05","STEI","STEI_001","S","2016-04-27","2016-05-11","2016-05-12","2016-12-27","2016-12-27","STEI_001.S.20160511","7JlQSbZIlXgQ/UyZ2eRQ304SJjNyNayPvSwC5Rbir9o=","carabid","PTEMEL","Pterostichus melanarius melanarius","subspecies",,"Illiger",,1,"Lindroth, C. H. 1969. The ground-beetles (Carabidae, excl. Cicindelinae) of Canada and Alaska, parts 1-6. Opuscula E. Entomoligiska Sallskapet.","Syw2LXB/pj+fmGCuwdgBGVryVUmYhw3g","Syw2LXB/pj+fmGCuwdgBGVryVUmYhw3g",
"b0ac3138-e27c-47bb-861b-6a6bdd36fedc","STEI_001.basePlot.bet","D05","STEI","STEI_001","E","2016-04-27","2016-05-11","2016-05-12","2016-12-27","2016-12-27","STEI_001.E.20160511","7JlQSbZIlXh1BVK8EiU7Db9s+sfDUl4K7nayI2sXImg=","carabid","PLADEC","Platynus decentis","species",,"Say",,2,"Lindroth, C. H. 1969. The ground-beetles (Carabidae, excl. Cicindelinae) of Canada and Alaska, parts 1-6. Opuscula E. Entomoligiska Sallskapet.","Syw2LXB/pj+fmGCuwdgBGVryVUmYhw3g","Syw2LXB/pj+fmGCuwdgBGVryVUmYhw3g",
"ef5ef0e2-e598-4b72-ac61-1c3a71274544","STEI_001.basePlot.bet","D05","STEI","STEI_001","E","2016-04-27","2016-05-11","2016-05-12","2016-12-27","2016-12-27","STEI_001.E.20160511","7JlQSbZIlXh1BVK8EiU7DTQX8C8Svw2GYv+/tSPTPlQ=","carabid","PTEMEL","Pterostichus melanarius melanarius","subspecies",,"Illiger",,4,"Lindroth, C. H. 1969. The ground-beetles (Carabidae, excl. Cicindelinae) of Canada and Alaska, parts 1-6. Opuscula E. Entomoligiska Sallskapet.","Syw2LXB/pj+fmGCuwdgBGVryVUmYhw3g","Syw2LXB/pj+fmGCuwdgBGVryVUmYhw3g",
"19091f7d-075e-42f9-9092-5aec0921e9a5","STEI_001.basePlot.bet","D05","STEI","STEI_001","N","2016-04-27","2016-05-11","2016-05-12","2016-12-27","2016-12-27","STEI_001.N.20160511","7JlQSbZIlXgM1rTZEZxYthNTVyWNgbr3BbO0U/8dVHM=","carabid","PLADEC","Platynus decentis","species",,"Say",,1,"Lindroth, C. H. 1969. The ground-beetles (Carabidae, excl. Cicindelinae) of Canada and Alaska, parts 1-6. Opuscula E. Entomoligiska Sallskapet.","Syw2LXB/pj+fmGCuwdgBGVryVUmYhw3g","Syw2LXB/pj+fmGCuwdgBGVryVUmYhw3g",
"7c5a1425-14c8-4082-9a0c-c3ec5824d36b","STEI_009.basePlot.bet","D05","STEI","STEI_009","E","2016-04-27","2016-05-11","2016-05-12","2016-06-21",,"STEI_009.E.20160511","IGPPmzEoPod7z9dNRjRz4EnN8hIgIpq5wkNmMNuZuD4=","invert bycatch",,,,,,,,,,"WXmC7HijdM2NsP75v+4sQyVqwIMmMBb8",
"7a781e1f-ce85-45de-82f2-84da96f250b5","STEI_007.basePlot.bet","D05","STEI","STEI_007","E","2016-04-27","2016-05-11","2016-05-12","2016-06-21",,"STEI_007.E.20160511","uTVelW27vZTi3ilPGeGJk8wun0VAmGP+9T0C0gUMQFM=","invert bycatch",,,,,,,,,,"WXmC7HijdM2NsP75v+4sQyVqwIMmMBb8",
"c5b63063-87e5-4704-b84f-d32846cbe405","STEI_022.basePlot.bet","D05","STEI","STEI_022","E","2016-04-27","2016-05-11","2016-05-12","2016-06-21",,"STEI_022.E.20160511","HE/LDGsDHdpNgBxZGwTPUnPxtIF/+c9TYnQLJpyUJuE=","invert bycatch",,,,,,,,,,"WXmC7HijdM2NsP75v+4sQyVqwIMmMBb8",
"d4d263f3-8f38-45fb-a8aa-3ea4a3fddbc1","STEI_002.basePlot.bet","D05","STEI","STEI_002","E","2016-04-27","2016-05-11","2016-05-12","2016-06-15",,"STEI_002.E.20160511","aZO6SdKsrBwGnXn9oNbJTpAvr5eQ3doyKXXXljXlwBg=","invert bycatch",,,,,,,,,,"ZLiBrmvqlLBFOFHAJeJ5SGepn/fS4c88",
"5f56d08c-fa5b-42fd-87c5-4be070f3c6a7","STEI_001.basePlot.bet","D05","STEI","STEI_001","E","2016-04-27","2016-05-11","2016-05-12","2016-06-15",,"STEI_001.E.20160511","7JlQSbZIlXh1BVK8EiU7DZahIUdU4aEYoboi21KNTVw=","invert bycatch",,,,,,,,,,"Syw2LXB/pj+fmGCuwdgBGVryVUmYhw3g",
"cfca58d0-5d8a-4812-8463-734963dd0976","STEI_008.basePlot.bet","D05","STEI","STEI_008","E","2016-04-27","2016-05-11","2016-05-12","2016-06-15",,"STEI_008.E.20160511","RJLsXNaoVcup43GUByjvTxycCSQYQlyn+XNfhkAVbIk=","invert bycatch",,,,,,,,,,"WXmC7HijdM2NsP75v+4sQyVqwIMmMBb8",
"5a6552d2-7230-416d-adc0-de0b83d0edfc","STEI_005.basePlot.bet","D05","STEI","STEI_005","E","2016-04-27","2016-05-11","2016-05-12","2016-06-15",,"STEI_005.E.20160511","qriLSsXGHEw5q2vR9+MXL05/qg9A3+Eb8aWxEd+rDl4=","invert bycatch",,,,,,,,,,"WXmC7HijdM2NsP75v+4sQyVqwIMmMBb8",
"051dd117-3932-4896-8953-c8916ad309af","STEI_006.basePlot.bet","D05","STEI","STEI_006","E","2016-04-27","2016-05-11","2016-05-12","2016-06-15",,"STEI_006.E.20160511","FSczGbn18rQcL8FcUivsPZPm7Zo1it6xzIywuYhOMx0=","invert bycatch",,,,,,,,,,"Syw2LXB/pj+fmGCuwdgBGVryVUmYhw3g",
"c4a79d32-5980-4d4f-9a77-916d3e4162fd","STEI_003.basePlot.bet","D05","STEI","STEI_003","E","2016-04-27","2016-05-11","2016-05-12","2016-06-15",,"STEI_003.E.20160511","DWUoTzNcbNnq1bYeJIny39Vy04dYpb18S/aynWiVES8=","invert bycatch",,,,,,,,,,"WXmC7HijdM2NsP75v+4sQyVqwIMmMBb8",
"90060dbf-c31d-48fe-9790-b6282bf66da7","STEI_004.basePlot.bet","D05","STEI","STEI_004","E","2016-04-27","2016-05-11","2016-05-12","2016-06-15",,"STEI_004.E.20160511","kIMktcbzaDcaGGf/+BKTiufIh/1OFLdyre1Mut/+bas=","invert bycatch",,,,,,,,,,"WXmC7HijdM2NsP75v+4sQyVqwIMmMBb8",
"623978fa-819f-452d-9f60-1c78eb2490f2","STEI_009.basePlot.bet","D05","STEI","STEI_009","N","2016-04-27","2016-05-11","2016-05-12","2016-06-21",,"STEI_009.N.20160511","IGPPmzEoPofheTAdCJuKArvzA3Qe7cJnZU6oyBdTuu0=","invert bycatch",,,,,,,,,,"WXmC7HijdM2NsP75v+4sQyVqwIMmMBb8",
"8a0dd1a1-5107-4419-9a06-213b949e4adf","STEI_007.basePlot.bet","D05","STEI","STEI_007","N","2016-04-27","2016-05-11","2016-05-12","2016-06-21",,"STEI_007.N.20160511","uTVelW27vZTKV6isdmEr2GDUQDiap3FWeKQvtcCvzKg=","invert bycatch",,,,,,,,,,"WXmC7HijdM2NsP75v+4sQyVqwIMmMBb8",
"1d17b8cd-d663-426a-87b8-4eea2bca7b6e","STEI_022.basePlot.bet","D05","STEI","STEI_022","N","2016-04-27","2016-05-11","2016-05-12","2016-06-21",,"STEI_022.N.20160511","HE/LDGsDHdpuk3an/9fNUsubJaNTEIey7QmaVUcB6MY=","invert bycatch",,,,,,,,,,"WXmC7HijdM2NsP75v+4sQyVqwIMmMBb8",
"f5384197-3010-408c-9773-08b0cfe29c68","STEI_003.basePlot.bet","D05","STEI","STEI_003","N","2016-04-27","2016-05-11","2016-05-12","2016-06-15",,"STEI_003.N.20160511","DWUoTzNcbNm732Py3QBe55Rew2bzngdRbsw6FGUjWQM=","invert bycatch",,,,,,,,,,"WXmC7HijdM2NsP75v+4sQyVqwIMmMBb8",
"5f881468-e713-479d-9bac-513d390c3354","STEI_004.basePlot.bet","D05","STEI","STEI_004","N","2016-04-27","2016-05-11","2016-05-12","2016-06-15",,"STEI_004.N.20160511","kIMktcbzaDc3IGgVHfc16Tff+nAzBnrnAG0PBZF8rYc=","invert bycatch",,,,,,,,,,"WXmC7HijdM2NsP75v+4sQyVqwIMmMBb8",
"d64cde0c-848a-4ef3-9466-07c840aab9d9","STEI_002.basePlot.bet","D05","STEI","STEI_002","N","2016-04-27","2016-05-11","2016-05-12","2016-06-15",,"STEI_002.N.20160511","aZO6SdKsrBzL8uwoU6wq3iVNCpCVMis5CMt6hPxsixw=","invert bycatch",,,,,,,,,,"ZLiBrmvqlLBFOFHAJeJ5SGepn/fS4c88",
"ab0d3f21-1ffa-42bb-b162-c2f04ac2e540","STEI_001.basePlot.bet","D05","STEI","STEI_001","N","2016-04-27","2016-05-11","2016-05-12","2016-06-15",,"STEI_001.N.20160511","7JlQSbZIlXgM1rTZEZxYtvFTP2WSY3eokNLPeZTAaa4=","invert bycatch",,,,,,,,,,"Syw2LXB/pj+fmGCuwdgBGVryVUmYhw3g",
"92347358-9a84-457d-b07f-ff66287896f8","STEI_008.basePlot.bet","D05","STEI","STEI_008","N","2016-04-27","2016-05-11","2016-05-12","2016-06-15",,"STEI_008.N.20160511","RJLsXNaoVcvXZPjWmQh+Xg1fNeEMcyXYnYhLGPCgaXE=","invert bycatch",,,,,,,,,,"WXmC7HijdM2NsP75v+4sQyVqwIMmMBb8",
"0cfdb82e-0ab5-4d86-b579-0e44c3b8c868","STEI_006.basePlot.bet","D05","STEI","STEI_006","N","2016-04-27","2016-05-11","2016-05-12","2016-06-15",,"STEI_006.N.20160511","FSczGbn18rTm32UHUBE++JwnvrsijqjFrgnVgzd/uvk=","invert bycatch",,,,,,,,,,"Syw2LXB/pj+fmGCuwdgBGVryVUmYhw3g",
"f3883ad3-66a5-4967-a2ff-91d54befc47e","STEI_005.basePlot.bet","D05","STEI","STEI_005","N","2016-04-27","2016-05-11","2016-05-12","2016-06-15",,"STEI_005.N.20160511","qriLSsXGHEyNX4DJwSWS/oV4/upg/ti8zOKhLFyomkQ=","invert bycatch",,,,,,,,,,"WXmC7HijdM2NsP75v+4sQyVqwIMmMBb8",
"271ef1f2-1910-4de4-94d8-ae124c42703a","STEI_007.basePlot.bet","D05","STEI","STEI_007","S","2016-04-27","2016-05-11","2016-05-12","2016-06-21",,"STEI_007.S.20160511","uTVelW27vZSsIThVD13DQsh2xplxyPy0VUaUk/WVzL0=","invert bycatch",,,,,,,,,,"WXmC7HijdM2NsP75v+4sQyVqwIMmMBb8",
"6cc8d948-7eb3-4bc4-a98d-be90b1432383","STEI_009.basePlot.bet","D05","STEI","STEI_009","S","2016-04-27","2016-05-11","2016-05-12","2016-06-21",,"STEI_009.S.20160511","IGPPmzEoPodBaaX865MVNwIXrcT5VX4/GDRZMLfg4qQ=","invert bycatch",,,,,,,,,,"WXmC7HijdM2NsP75v+4sQyVqwIMmMBb8",
"35927728-bcd6-4e3a-a074-d03ed245d00c","STEI_022.basePlot.bet","D05","STEI","STEI_022","S","2016-04-27","2016-05-11","2016-05-12","2016-06-21",,"STEI_022.S.20160511","HE/LDGsDHdpGDKGB3p3KLIzVLEtIbV5P7T1Q17tbSS4=","invert bycatch",,,,,,,,,,"WXmC7HijdM2NsP75v+4sQyVqwIMmMBb8",
"21bc1f15-13ae-4562-8f56-c3ecf9d6dec4","STEI_002.basePlot.bet","D05","STEI","STEI_002","S","2016-04-27","2016-05-11","2016-05-12","2016-06-15",,"STEI_002.S.20160511","aZO6SdKsrBzq/4FlLz71y1AhKJd7oiaTNFsZyqq5Dxs=","invert bycatch",,,,,,,,,,"ZLiBrmvqlLBFOFHAJeJ5SGepn/fS4c88",
"16a92800-67f4-47f3-9371-3a81f64f6cdc","STEI_001.basePlot.bet","D05","STEI","STEI_001","S","2016-04-27","2016-05-11","2016-05-12","2016-06-15",,"STEI_001.S.20160511","7JlQSbZIlXgQ/UyZ2eRQ38kENNbOAWRy4xFfX9AvOXQ=","invert bycatch",,,,,,,,,,"Syw2LXB/pj+fmGCuwdgBGVryVUmYhw3g",
"697b84be-5912-47ee-a4e8-91e2aa096f22","STEI_004.basePlot.bet","D05","STEI","STEI_004","S","2016-04-27","2016-05-11","2016-05-12","2016-06-15",,"STEI_004.S.20160511","kIMktcbzaDc/kh9AKnY4E+QMNpHNqr0zFGRIv2faaiQ=","invert bycatch",,,,,,,,,,"WXmC7HijdM2NsP75v+4sQyVqwIMmMBb8",
"2fa418b1-9bb0-4382-a8b5-a8c99eac4aec","STEI_006.basePlot.bet","D05","STEI","STEI_006","S","2016-04-27","2016-05-11","2016-05-12","2016-06-15",,"STEI_006.S.20160511","FSczGbn18rQqSGNc1WPNbURIsHlQ/lZqMh5wkW4gxEQ=","invert bycatch",,,,,,,,,,"Syw2LXB/pj+fmGCuwdgBGVryVUmYhw3g",
"2b7971a1-77f8-4bf8-8df9-c0f3a1bd9d25","STEI_003.basePlot.bet","D05","STEI","STEI_003","S","2016-04-27","2016-05-11","2016-05-12","2016-06-15",,"STEI_003.S.20160511","DWUoTzNcbNlSZ/QF+O+JskGQnocBHhI6S+Na3AH7/ng=","invert bycatch",,,,,,,,,,"WXmC7HijdM2NsP75v+4sQyVqwIMmMBb8",
"32490ae9-dc73-44ac-9ae7-c7cc3dfa2735","STEI_008.basePlot.bet","D05","STEI","STEI_008","S","2016-04-27","2016-05-11","2016-05-12","2016-06-15",,"STEI_008.S.20160511","RJLsXNaoVcsrVfPfPw4agCrsWTp15M/aWuA90tKk9jM=","invert bycatch",,,,,,,,,,"WXmC7HijdM2NsP75v+4sQyVqwIMmMBb8",
"fb991b74-96e0-4771-864c-be66bc641bf2","STEI_005.basePlot.bet","D05","STEI","STEI_005","S","2016-04-27","2016-05-11","2016-05-12","2016-06-15",,"STEI_005.S.20160511","qriLSsXGHEw/jBt4bUbOo40EfFzT3E8vhM753FKkKFU=","invert bycatch",,,,,,,,,,"WXmC7HijdM2NsP75v+4sQyVqwIMmMBb8",
"ef637ef9-9e4a-42f6-b395-2b6f5b05a99d","STEI_007.basePlot.bet","D05","STEI","STEI_007","W","2016-04-27","2016-05-11","2016-05-12","2016-06-21",,"STEI_007.W.20160511","uTVelW27vZQBtKBC6fiX8Fk/hWKoW/hgkwFV+E2g3Cg=","invert bycatch",,,,,,,,,,"WXmC7HijdM2NsP75v+4sQyVqwIMmMBb8",
"a2533a3c-b7b1-4c68-b7ec-3ef7873416e0","STEI_009.basePlot.bet","D05","STEI","STEI_009","W","2016-04-27","2016-05-11","2016-05-12","2016-06-21",,"STEI_009.W.20160511","IGPPmzEoPoe7qps3doIRpJbYwuJTVD5a5H9z1PhXL2E=","invert bycatch",,,,,,,,,,"WXmC7HijdM2NsP75v+4sQyVqwIMmMBb8",
"dbba973f-bdd9-4485-85bd-e4374be19c07","STEI_022.basePlot.bet","D05","STEI","STEI_022","W","2016-04-27","2016-05-11","2016-05-12","2016-06-21",,"STEI_022.W.20160511","HE/LDGsDHdomC6tqEr4f/rX5xzxNYZSwun5vaTezj9k=","invert bycatch",,,,,,,,,,"WXmC7HijdM2NsP75v+4sQyVqwIMmMBb8",
"6748c59a-26b1-49e4-9ab6-f87e46060103","STEI_022.basePlot.bet","D05","STEI","STEI_022","W","2016-04-27","2016-05-11","2016-05-12","2016-06-21","2016-05-11","STEI_022.W.20160511","HE/LDGsDHdomC6tqEr4f/iNYMr2xgNqJyoJRK/xx3WQ=","vert bycatch herp","AMBLAT","Ambystoma laterale","species",,"Hallowell",,1,"Other","ZLiBrmvqlLBFOFHAJeJ5SGepn/fS4c88","WXmC7HijdM2NsP75v+4sQyVqwIMmMBb8",
"a39d6130-5f29-48b8-aa1a-9b10ccc73b32","STEI_008.basePlot.bet","D05","STEI","STEI_008","W","2016-04-27","2016-05-11","2016-05-12","2016-06-15",,"STEI_008.W.20160511","RJLsXNaoVcs6LJPrDVuEgWYwNDofTpeacm8OmyE8nGc=","invert bycatch",,,,,,,,,,"WXmC7HijdM2NsP75v+4sQyVqwIMmMBb8",
"1e38e389-3986-47ab-86f6-193885c02eb7","STEI_005.basePlot.bet","D05","STEI","STEI_005","W","2016-04-27","2016-05-11","2016-05-12","2016-06-15",,"STEI_005.W.20160511","qriLSsXGHEz9xtCJXQs1g3g2zD/olo+rqfARfLP1MGs=","invert bycatch",,,,,,,,,,"WXmC7HijdM2NsP75v+4sQyVqwIMmMBb8",
"92ca7471-61ad-4560-ba32-dd86fba3ec88","STEI_006.basePlot.bet","D05","STEI","STEI_006","W","2016-04-27","2016-05-11","2016-05-12","2016-06-15",,"STEI_006.W.20160511","FSczGbn18rRAkaT8EQXi6HFaKmU415E8kieRxmb22Y4=","invert bycatch",,,,,,,,,,"Syw2LXB/pj+fmGCuwdgBGVryVUmYhw3g",
"7743a85a-48d2-430d-b8f1-e19e6186887b","STEI_002.basePlot.bet","D05","STEI","STEI_002","W","2016-04-27","2016-05-11","2016-05-12","2016-06-15",,"STEI_002.W.20160511","aZO6SdKsrByEH1pUhL0qFNqKL9CeILK12ILfUXj+hmI=","invert bycatch",,,,,,,,,,"ZLiBrmvqlLBFOFHAJeJ5SGepn/fS4c88",
"781df896-d10d-4ffd-b1ea-41a9a3ed2017","STEI_001.basePlot.bet","D05","STEI","STEI_001","W","2016-04-27","2016-05-11","2016-05-12","2016-06-15",,"STEI_001.W.20160511","7JlQSbZIlXjd5ie4u5mfQumBu7alXrLQhVwbo+tqjHI=","invert bycatch",,,,,,,,,,"Syw2LXB/pj+fmGCuwdgBGVryVUmYhw3g",
"8700cc70-089b-49ef-ab24-89f32d394a19","STEI_004.basePlot.bet","D05","STEI","STEI_004","W","2016-04-27","2016-05-11","2016-05-12","2016-06-15",,"STEI_004.W.20160511","kIMktcbzaDcWTLi6dvbUL1coIYxnAcoGgiNUzy8WE0c=","invert bycatch",,,,,,,,,,"WXmC7HijdM2NsP75v+4sQyVqwIMmMBb8",
"7634148c-5a0d-452b-b44a-8f4d1ff9d461","STEI_003.basePlot.bet","D05","STEI","STEI_003","W","2016-04-27","2016-05-11","2016-05-12","2016-06-15",,"STEI_003.W.20160511","DWUoTzNcbNklfhFVWpf4kqr2plQ/qDnYZhXVqucRfF0=","invert bycatch",,,,,,,,,,"WXmC7HijdM2NsP75v+4sQyVqwIMmMBb8",
"82cb3c72-320a-4cc2-ab56-150acf3e9129","STEI_006.basePlot.bet","D05","STEI","STEI_006","W","2016-05-11","2016-05-25","2016-05-26","2016-08-16",,"STEI_006.W.20160525","FSczGbn18rRAkaT8EQXi6Jua2cSpWd9xmVJisiN0ORM=","invert bycatch",,,,,,,,,,"sLXn7wTHXoRJL4fX6U0RGoB8I5uaqWlh",
"b076b07d-1a43-4a40-b461-2ed5f2a930ea","STEI_008.basePlot.bet","D05","STEI","STEI_008","W","2016-05-11","2016-05-25","2016-05-26","2016-08-16",,"STEI_008.W.20160525","RJLsXNaoVcs6LJPrDVuEgdN+HABBLE6XU+i0MnsbdvA=","invert bycatch",,,,,,,,,,"sLXn7wTHXoRJL4fX6U0RGoB8I5uaqWlh",
"cd832cce-5e2a-43f9-8068-dc072318db82","STEI_005.basePlot.bet","D05","STEI","STEI_005","W","2016-05-11","2016-05-25","2016-05-26","2016-07-18",,"STEI_005.W.20160525","qriLSsXGHEz9xtCJXQs1g+I5Z921xzfiCCpLroHAi1A=","invert bycatch",,,,,,,,,,"sLXn7wTHXoRJL4fX6U0RGoB8I5uaqWlh",
"d96a9d88-ee9e-4e44-887a-2010a4aab4a0","STEI_003.basePlot.bet","D05","STEI","STEI_003","W","2016-05-11","2016-05-25","2016-05-26","2016-07-14",,"STEI_003.W.20160525","DWUoTzNcbNklfhFVWpf4kuTCkigXq7rFheZigRmKG0w=","invert bycatch",,,,,,,,,,"sLXn7wTHXoRJL4fX6U0RGoB8I5uaqWlh",
"e9388323-1d1d-4844-89a3-aa41b901fde4","STEI_004.basePlot.bet","D05","STEI","STEI_004","W","2016-05-11","2016-05-25","2016-05-26","2016-07-11",,"STEI_004.W.20160525","kIMktcbzaDcWTLi6dvbULwjUzKPAEea46yr+5khfz4Q=","invert bycatch",,,,,,,,,,"sLXn7wTHXoRJL4fX6U0RGoB8I5uaqWlh",
"a51c59d2-d18c-462c-a5bb-0c2d11c2c5d4","STEI_009.basePlot.bet","D05","STEI","STEI_009","W","2016-05-11","2016-05-25","2016-05-26","2016-07-14",,"STEI_009.W.20160525","IGPPmzEoPoe7qps3doIRpE/HezDPAg6WFgtsKp8OwkY=","invert bycatch",,,,,,,,,,"sLXn7wTHXoRJL4fX6U0RGoB8I5uaqWlh",
"716cffab-978e-4d1e-80de-0282d9ea0d83","STEI_002.basePlot.bet","D05","STEI","STEI_002","W","2016-05-11","2016-05-25","2016-05-26","2016-08-16",,"STEI_002.W.20160525","aZO6SdKsrByEH1pUhL0qFGxx/XzI1nMNMEBQIv+U5u0=","invert bycatch",,,,,,,,,,"sLXn7wTHXoRJL4fX6U0RGoB8I5uaqWlh",
"cbd02590-aca3-44de-a0b5-00ab902c49e9","STEI_022.basePlot.bet","D05","STEI","STEI_022","W","2016-05-11","2016-05-25","2016-05-26","2016-07-11",,"STEI_022.W.20160525","HE/LDGsDHdomC6tqEr4f/hPsXwBIZuHSuxFs+WljBFw=","invert bycatch",,,,,,,,,,"sLXn7wTHXoRJL4fX6U0RGoB8I5uaqWlh",
"a823ee3e-2b18-4e09-a11a-cecc919f67af","STEI_001.basePlot.bet","D05","STEI","STEI_001","W","2016-05-11","2016-05-25","2016-05-26","2016-07-14",,"STEI_001.W.20160525","7JlQSbZIlXjd5ie4u5mfQvOcTQHAK0VGLBbUbqU/EvA=","invert bycatch",,,,,,,,,,"sLXn7wTHXoRJL4fX6U0RGoB8I5uaqWlh",
"f7695c55-3b91-429e-8c1b-eddaa314715d","STEI_007.basePlot.bet","D05","STEI","STEI_007","W","2016-05-11","2016-05-25","2016-05-26","2016-06-15",,"STEI_007.W.20160525","uTVelW27vZQBtKBC6fiX8D/KANWVV0aD14gT8finrrE=","invert bycatch",,,,,,,,,,"ZLiBrmvqlLBFOFHAJeJ5SGepn/fS4c88",
"c18286f4-3200-42bc-be45-9bcd4fc9525f","STEI_006.basePlot.bet","D05","STEI","STEI_006","S","2016-05-11","2016-05-25","2016-05-26","2017-03-02","2017-03-02","STEI_006.S.20160525","FSczGbn18rQqSGNc1WPNbXiTtV8sCGG78qTZa1wfSw8=","carabid","AGORET","Agonum retractum","species","cf. species","LeConte",,1,"Bousquet, Y. 2010b. Illustrated Identification Guide to Adults and Larvae of Northeastern North American Ground Beetles (Coleoptera: Carabidae). 1st Ed. Pensoft Publishers, Sofia, Bulgaria.","Syw2LXB/pj+fmGCuwdgBGVryVUmYhw3g","Syw2LXB/pj+fmGCuwdgBGVryVUmYhw3g","could be agopal2; difficult to tell how close the basal puncture is to the lateral margin of the pronotum"
"26d8ec38-5047-4058-878c-d14bfd64c679","STEI_006.basePlot.bet","D05","STEI","STEI_006","S","2016-05-11","2016-05-25","2016-05-26","2016-12-28","2016-12-28","STEI_006.S.20160525","FSczGbn18rQqSGNc1WPNbcmIXO0FY4sexJJ/OmGDAZM=","carabid","PTEPEN","Pterostichus pensylvanicus","species",,"LeConte",,1,"Bousquet, Y. 2010b. Illustrated Identification Guide to Adults and Larvae of Northeastern North American Ground Beetles (Coleoptera: Carabidae). 1st Ed. Pensoft Publishers, Sofia, Bulgaria.","Syw2LXB/pj+fmGCuwdgBGVryVUmYhw3g","Syw2LXB/pj+fmGCuwdgBGVryVUmYhw3g",
"104b4b85-9a03-42c1-b4e7-8f2795a3f4ae","STEI_007.basePlot.bet","D05","STEI","STEI_007","N","2016-05-11","2016-05-25","2016-05-26","2016-12-28","2016-12-28","STEI_007.N.20160525","uTVelW27vZTKV6isdmEr2PHNsKUF1f46TrCZxfRCCts=","carabid","PTEPEN","Pterostichus pensylvanicus","species",,"LeConte",,3,"Bousquet, Y. 2010b. Illustrated Identification Guide to Adults and Larvae of Northeastern North American Ground Beetles (Coleoptera: Carabidae). 1st Ed. Pensoft Publishers, Sofia, Bulgaria.","Syw2LXB/pj+fmGCuwdgBGVryVUmYhw3g","Syw2LXB/pj+fmGCuwdgBGVryVUmYhw3g",
"05eaf40a-c924-4605-9f9e-1efd527405bd","STEI_009.basePlot.bet","D05","STEI","STEI_009","W","2016-05-11","2016-05-25","2016-05-26","2016-12-29","2016-12-29","STEI_009.W.20160525","IGPPmzEoPoe7qps3doIRpHP8ghbfQ/tU3Yv9Mw0qyFM=","carabid","PTEMUT2","Pterostichus mutus","species",,"Say",,2,"Bousquet, Y. 2010b. Illustrated Identification Guide to Adults and Larvae of Northeastern North American Ground Beetles (Coleoptera: Carabidae). 1st Ed. Pensoft Publishers, Sofia, Bulgaria.","Syw2LXB/pj+fmGCuwdgBGVryVUmYhw3g","Syw2LXB/pj+fmGCuwdgBGVryVUmYhw3g",
"c6caeeff-fcf0-470e-b24e-f347958d3765","STEI_009.basePlot.bet","D05","STEI","STEI_009","N","2016-05-11","2016-05-25","2016-05-26","2016-12-29","2016-12-29","STEI_009.N.20160525","IGPPmzEoPofheTAdCJuKAhVYUKAnWNHkFbU1GA2XpG8=","carabid","PTEPEN","Pterostichus pensylvanicus","species",,"LeConte",,1,"Bousquet, Y. 2010b. Illustrated Identification Guide to Adults and Larvae of Northeastern North American Ground Beetles (Coleoptera: Carabidae). 1st Ed. Pensoft Publishers, Sofia, Bulgaria.","Syw2LXB/pj+fmGCuwdgBGVryVUmYhw3g","Syw2LXB/pj+fmGCuwdgBGVryVUmYhw3g",
"2c3b594e-7b70-4a1c-a708-dc4ad74750e2","STEI_006.basePlot.bet","D05","STEI","STEI_006","E","2016-05-11","2016-05-25","2016-05-26","2016-12-28","2016-12-28","STEI_006.E.20160525","FSczGbn18rQcL8FcUivsPT28gafuHnUsKoVe00GKe9A=","carabid","AGOPAL2","Agonum palustre","species","cf. species","Goulet",,1,"Bousquet, Y. 2010b. Illustrated Identification Guide to Adults and Larvae of Northeastern North American Ground Beetles (Coleoptera: Carabidae). 1st Ed. Pensoft Publishers, Sofia, Bulgaria.","Syw2LXB/pj+fmGCuwdgBGVryVUmYhw3g","Syw2LXB/pj+fmGCuwdgBGVryVUmYhw3g",
"f995f20d-6fb2-4aa3-942d-b41cfd8ebd97","STEI_006.basePlot.bet","D05","STEI","STEI_006","E","2016-05-11","2016-05-25","2016-05-26","2016-12-28","2016-12-28","STEI_006.E.20160525","FSczGbn18rQcL8FcUivsPRgxGYq6zpJ6s1PplzvyFJc=","carabid","CALFRI","Calosoma frigidum","species",,"Kirby",,1,"Bousquet, Y. 2010b. Illustrated Identification Guide to Adults and Larvae of Northeastern North American Ground Beetles (Coleoptera: Carabidae). 1st Ed. Pensoft Publishers, Sofia, Bulgaria.","Syw2LXB/pj+fmGCuwdgBGVryVUmYhw3g","Syw2LXB/pj+fmGCuwdgBGVryVUmYhw3g",
"5b9b8658-21fb-4c1b-9be4-cfded56cdaae","STEI_006.basePlot.bet","D05","STEI","STEI_006","N","2016-05-11","2016-05-25","2016-05-26","2016-12-28","2016-12-28","STEI_006.N.20160525","FSczGbn18rTm32UHUBE++LKNP4eFhU1mwOiTb7dJnmc=","carabid","PLADEC","Platynus decentis","species",,"Say",,1,"Lindroth, C. H. 1969. The ground-beetles (Carabidae, excl. Cicindelinae) of Canada and Alaska, parts 1-6. Opuscula E. Entomoligiska Sallskapet.","Syw2LXB/pj+fmGCuwdgBGVryVUmYhw3g","Syw2LXB/pj+fmGCuwdgBGVryVUmYhw3g",
"a3c703b6-2828-48dd-8d48-383051ff16a5","STEI_006.basePlot.bet","D05","STEI","STEI_006","W","2016-05-11","2016-05-25","2016-05-26","2016-12-28","2016-12-28","STEI_006.W.20160525","FSczGbn18rRAkaT8EQXi6M/XgWXu155hwTVJJQ/tuW8=","carabid","PLADEC","Platynus decentis","species",,"Say",,1,"Lindroth, C. H. 1969. The ground-beetles (Carabidae, excl. Cicindelinae) of Canada and Alaska, parts 1-6. Opuscula E. Entomoligiska Sallskapet.","Syw2LXB/pj+fmGCuwdgBGVryVUmYhw3g","Syw2LXB/pj+fmGCuwdgBGVryVUmYhw3g",
"8b0e9992-29bc-48ee-a33e-d7d1e173a902","STEI_006.basePlot.bet","D05","STEI","STEI_006","E","2016-05-11","2016-05-25","2016-05-26","2016-12-28","2016-12-28","STEI_006.E.20160525","FSczGbn18rQcL8FcUivsPQLXgOhEqSdxe1rYDpnaOvw=","carabid","PTEPEN","Pterostichus pensylvanicus","species","cf. species","LeConte",,2,"Bousquet, Y. 2010b. Illustrated Identification Guide to Adults and Larvae of Northeastern North American Ground Beetles (Coleoptera: Carabidae). 1st Ed. Pensoft Publishers, Sofia, Bulgaria.","Syw2LXB/pj+fmGCuwdgBGVryVUmYhw3g","Syw2LXB/pj+fmGCuwdgBGVryVUmYhw3g","Could be PTEADS"
"fe6ba462-d5f9-4e29-b8df-c86bde6ae4b0","STEI_008.basePlot.bet","D05","STEI","STEI_008","E","2016-05-11","2016-05-25","2016-05-26","2016-12-28","2016-12-28","STEI_008.E.20160525","RJLsXNaoVcup43GUByjvT9QC+Gb6cb8CYDbuF4dWxOM=","carabid","PTEPEN","Pterostichus pensylvanicus","species",,"LeConte",,3,"Bousquet, Y. 2010b. Illustrated Identification Guide to Adults and Larvae of Northeastern North American Ground Beetles (Coleoptera: Carabidae). 1st Ed. Pensoft Publishers, Sofia, Bulgaria.","Syw2LXB/pj+fmGCuwdgBGVryVUmYhw3g","Syw2LXB/pj+fmGCuwdgBGVryVUmYhw3g","One is in poor condition"
"a4a27d84-7c7a-4fe3-a970-435b95f1ad8b","STEI_008.basePlot.bet","D05","STEI","STEI_008","S","2016-05-11","2016-05-25","2016-05-26","2016-12-28","2016-12-28","STEI_008.S.20160525","RJLsXNaoVcsrVfPfPw4agIkW49pibYB7zKAu2bBXU70=","carabid","PTEPEN","Pterostichus pensylvanicus","species",,"LeConte",,2,"Bousquet, Y. 2010b. Illustrated Identification Guide to Adults and Larvae of Northeastern North American Ground Beetles (Coleoptera: Carabidae). 1st Ed. Pensoft Publishers, Sofia, Bulgaria.","Syw2LXB/pj+fmGCuwdgBGVryVUmYhw3g","Syw2LXB/pj+fmGCuwdgBGVryVUmYhw3g",
"d0e0f175-6b8b-4a12-9401-f660d918b415","STEI_008.basePlot.bet","D05","STEI","STEI_008","N","2016-05-11","2016-05-25","2016-05-26","2016-12-28","2016-12-28","STEI_008.N.20160525","RJLsXNaoVcvXZPjWmQh+Xq6oJ8C8ipYD1baSKUFRWKU=","carabid","HARSOM","Harpalus somnulentus","species","cf. species","Dejean",,1,"Bousquet, Y. 2010b. Illustrated Identification Guide to Adults and Larvae of Northeastern North American Ground Beetles (Coleoptera: Carabidae). 1st Ed. Pensoft Publishers, Sofia, Bulgaria.","Syw2LXB/pj+fmGCuwdgBGVryVUmYhw3g","Syw2LXB/pj+fmGCuwdgBGVryVUmYhw3g",
"fc3129ea-042a-405b-842b-f69665526eb2","STEI_008.basePlot.bet","D05","STEI","STEI_008","N","2016-05-11","2016-05-25","2016-05-26","2016-12-28","2016-12-28","STEI_008.N.20160525","RJLsXNaoVcvXZPjWmQh+Xq7zMFEbqN+u6meyyRXTf+g=","carabid","PTEPEN","Pterostichus pensylvanicus","species",,"LeConte",,1,"Bousquet, Y. 2010b. Illustrated Identification Guide to Adults and Larvae of Northeastern North American Ground Beetles (Coleoptera: Carabidae). 1st Ed. Pensoft Publishers, Sofia, Bulgaria.","Syw2LXB/pj+fmGCuwdgBGVryVUmYhw3g","Syw2LXB/pj+fmGCuwdgBGVryVUmYhw3g",
"4e8596b8-9afd-4ecc-b314-6155fc47c9a4","STEI_008.basePlot.bet","D05","STEI","STEI_008","E","2016-05-11","2016-05-25","2016-05-26","2016-12-28","2016-12-28","STEI_008.E.20160525","RJLsXNaoVcup43GUByjvT7bDxASBnh9PbQKSgBIjSkE=","carabid","SPHSTE1","Sphaeroderus stenostomus lecontei","subspecies",,"Dejean",,1,"Lindroth, C. H. 1969. The ground-beetles (Carabidae, excl. Cicindelinae) of Canada and Alaska, parts 1-6. Opuscula E. Entomoligiska Sallskapet.","Syw2LXB/pj+fmGCuwdgBGVryVUmYhw3g","Syw2LXB/pj+fmGCuwdgBGVryVUmYhw3g",
"526a8e19-a00f-4dc3-918b-3dfde2ba395b","STEI_005.basePlot.bet","D05","STEI","STEI_005","S","2016-05-11","2016-05-25","2016-05-26","2016-12-28","2016-12-28","STEI_005.S.20160525","qriLSsXGHEw/jBt4bUbOo6U8JPoTKf/BYAuDaiWz4wY=","carabid","PLADEC","Platynus decentis","species",,"Say",,1,"Lindroth, C. H. 1969. The ground-beetles (Carabidae, excl. Cicindelinae) of Canada and Alaska, parts 1-6. Opuscula E. Entomoligiska Sallskapet.","Syw2LXB/pj+fmGCuwdgBGVryVUmYhw3g","Syw2LXB/pj+fmGCuwdgBGVryVUmYhw3g",
"54e0bec9-d31b-411e-9a48-1c7f98e23c8e","STEI_005.basePlot.bet","D05","STEI","STEI_005","S","2016-05-11","2016-05-25","2016-05-26","2016-12-28","2016-12-28","STEI_005.S.20160525","qriLSsXGHEw/jBt4bUbOo7BRGwF1l1D5q+lIL0/L93Q=","carabid","PTECOR1","Pterostichus coracinus","species","cf. species","Newman",,1,"Bousquet, Y. 2010b. Illustrated Identification Guide to Adults and Larvae of Northeastern North American Ground Beetles (Coleoptera: Carabidae). 1st Ed. Pensoft Publishers, Sofia, Bulgaria.","Syw2LXB/pj+fmGCuwdgBGVryVUmYhw3g","Syw2LXB/pj+fmGCuwdgBGVryVUmYhw3g","Could be PTENOV"
"8f5edc6f-98c6-4adc-a697-77468122421b","STEI_003.basePlot.bet","D05","STEI","STEI_003","S","2016-05-11","2016-05-25","2016-05-26","2016-12-28","2016-12-28","STEI_003.S.20160525","DWUoTzNcbNlSZ/QF+O+Jsiu8hw3KDIwXLQDezg5/PCY=","carabid","PTEPEN","Pterostichus pensylvanicus","species",,"LeConte",,2,"Bousquet, Y. 2010b. Illustrated Identification Guide to Adults and Larvae of Northeastern North American Ground Beetles (Coleoptera: Carabidae). 1st Ed. Pensoft Publishers, Sofia, Bulgaria.","Syw2LXB/pj+fmGCuwdgBGVryVUmYhw3g","Syw2LXB/pj+fmGCuwdgBGVryVUmYhw3g",
"3f3e3b73-17ef-41be-810f-f124bdc81688","STEI_003.basePlot.bet","D05","STEI","STEI_003","N","2016-05-11","2016-05-25","2016-05-26","2016-12-28","2016-12-28","STEI_003.N.20160525","DWUoTzNcbNm732Py3QBe5/hh4ekSKYghqW2Chy3/B/o=","carabid","PTEPEN","Pterostichus pensylvanicus","species",,"LeConte",,1,"Bousquet, Y. 2010b. Illustrated Identification Guide to Adults and Larvae of Northeastern North American Ground Beetles (Coleoptera: Carabidae). 1st Ed. Pensoft Publishers, Sofia, Bulgaria.","Syw2LXB/pj+fmGCuwdgBGVryVUmYhw3g","Syw2LXB/pj+fmGCuwdgBGVryVUmYhw3g",
"b8d03b56-0fc1-46f3-bf88-0dcf34d226f8","STEI_004.basePlot.bet","D05","STEI","STEI_004","N","2016-05-11","2016-05-25","2016-05-26","2016-12-28","2016-12-28","STEI_004.N.20160525","kIMktcbzaDc3IGgVHfc16WvZNxsSQN2FQE+BGN/c2Dw=","carabid","PTECOR1","Pterostichus coracinus","species",,"Newman",,1,"Bousquet, Y. 2010b. Illustrated Identification Guide to Adults and Larvae of Northeastern North American Ground Beetles (Coleoptera: Carabidae). 1st Ed. Pensoft Publishers, Sofia, Bulgaria.","Syw2LXB/pj+fmGCuwdgBGVryVUmYhw3g","Syw2LXB/pj+fmGCuwdgBGVryVUmYhw3g",
"62aeff66-5742-4fde-b445-3b1f251b123f","STEI_002.basePlot.bet","D05","STEI","STEI_002","N","2016-05-11","2016-05-25","2016-05-26","2016-12-28","2016-12-28","STEI_002.N.20160525","aZO6SdKsrBzL8uwoU6wq3uVf/v9ovhNmUTC1JlsQ++Y=","carabid","PTECOR1","Pterostichus coracinus","species","cf. species","Newman",,2,"Bousquet, Y. 2010b. Illustrated Identification Guide to Adults and Larvae of Northeastern North American Ground Beetles (Coleoptera: Carabidae). 1st Ed. Pensoft Publishers, Sofia, Bulgaria.","Syw2LXB/pj+fmGCuwdgBGVryVUmYhw3g","Syw2LXB/pj+fmGCuwdgBGVryVUmYhw3g","Could be PTENOV"
"b4655940-443c-4091-bf89-414c32502346","STEI_002.basePlot.bet","D05","STEI","STEI_002","S","2016-05-11","2016-05-25","2016-05-26","2016-12-28","2016-12-28","STEI_002.S.20160525","aZO6SdKsrBzq/4FlLz71yzCyTqKD2r4/acGwwNavlro=","carabid","SPHSTE1","Sphaeroderus stenostomus lecontei","subspecies",,"Dejean",,1,"Lindroth, C. H. 1969. The ground-beetles (Carabidae, excl. Cicindelinae) of Canada and Alaska, parts 1-6. Opuscula E. Entomoligiska Sallskapet.","Syw2LXB/pj+fmGCuwdgBGVryVUmYhw3g","Syw2LXB/pj+fmGCuwdgBGVryVUmYhw3g",
"1384750d-a497-4540-9ed4-22445c624543","STEI_002.basePlot.bet","D05","STEI","STEI_002","S","2016-05-11","2016-05-25","2016-05-26","2016-12-28","2016-12-28","STEI_002.S.20160525","aZO6SdKsrBzq/4FlLz71y/NXwnxWR5TBquTY2GwrSVw=","carabid","PTEPEN","Pterostichus pensylvanicus","species",,"LeConte",,1,"Bousquet, Y. 2010b. Illustrated Identification Guide to Adults and Larvae of Northeastern North American Ground Beetles (Coleoptera: Carabidae). 1st Ed. Pensoft Publishers, Sofia, Bulgaria.","Syw2LXB/pj+fmGCuwdgBGVryVUmYhw3g","Syw2LXB/pj+fmGCuwdgBGVryVUmYhw3g",
"e321fdfd-84a1-439a-abb5-cde420343828","STEI_002.basePlot.bet","D05","STEI","STEI_002","S","2016-05-11","2016-05-25","2016-05-26","2016-12-28","2016-12-28","STEI_002.S.20160525","aZO6SdKsrBzq/4FlLz71y5LnJksYI35uqjigl9BUeYo=","carabid","PTEMEL","Pterostichus melanarius melanarius","subspecies",,"Illiger",,1,"Lindroth, C. H. 1969. The ground-beetles (Carabidae, excl. Cicindelinae) of Canada and Alaska, parts 1-6. Opuscula E. Entomoligiska Sallskapet.","Syw2LXB/pj+fmGCuwdgBGVryVUmYhw3g","Syw2LXB/pj+fmGCuwdgBGVryVUmYhw3g",
"96e855f4-7bfe-464c-9db8-e3fe3bab3f12","STEI_002.basePlot.bet","D05","STEI","STEI_002","N","2016-05-11","2016-05-25","2016-05-26","2016-12-28","2016-12-28","STEI_002.N.20160525","aZO6SdKsrBzL8uwoU6wq3vkdYtkmN6j1NAuE/3FnZ6o=","carabid","PTEPEN","Pterostichus pensylvanicus","species","cf. species","LeConte",,1,"Bousquet, Y. 2010b. Illustrated Identification Guide to Adults and Larvae of Northeastern North American Ground Beetles (Coleoptera: Carabidae). 1st Ed. Pensoft Publishers, Sofia, Bulgaria.","Syw2LXB/pj+fmGCuwdgBGVryVUmYhw3g","Syw2LXB/pj+fmGCuwdgBGVryVUmYhw3g","could be PTEADS"
"50573768-9f55-4d02-bae0-8d1bc3b9bc0e","STEI_007.basePlot.bet","D05","STEI","STEI_007","E","2016-05-11","2016-05-25","2016-05-26","2016-12-28","2016-12-28","STEI_007.E.20160525","uTVelW27vZTi3ilPGeGJk9LXW4jGomnbQ4idiIV457k=","carabid","SPHSTE1","Sphaeroderus stenostomus lecontei","subspecies",,"Dejean",,1,"Lindroth, C. H. 1969. The ground-beetles (Carabidae, excl. Cicindelinae) of Canada and Alaska, parts 1-6. Opuscula E. Entomoligiska Sallskapet.","Syw2LXB/pj+fmGCuwdgBGVryVUmYhw3g","Syw2LXB/pj+fmGCuwdgBGVryVUmYhw3g",
"9e8b335f-f9f9-4e0b-96cf-76713632058e","STEI_007.basePlot.bet","D05","STEI","STEI_007","S","2016-05-11","2016-05-25","2016-05-26","2016-12-28","2016-12-28","STEI_007.S.20160525","uTVelW27vZSsIThVD13DQtDlezHkRrSrkPHsqQxNuSM=","carabid","PTECOR1","Pterostichus coracinus","species","cf. species","Newman",,1,"Bousquet, Y. 2010b. Illustrated Identification Guide to Adults and Larvae of Northeastern North American Ground Beetles (Coleoptera: Carabidae). 1st Ed. Pensoft Publishers, Sofia, Bulgaria.","Syw2LXB/pj+fmGCuwdgBGVryVUmYhw3g","Syw2LXB/pj+fmGCuwdgBGVryVUmYhw3g","Could be PTENOV"
"d1096cd4-e90f-4db2-8e7f-13a586adddbc","STEI_007.basePlot.bet","D05","STEI","STEI_007","E","2016-05-11","2016-05-25","2016-05-26","2016-12-28","2016-12-28","STEI_007.E.20160525","uTVelW27vZTi3ilPGeGJkwuGqrYms/M2JOjRRjYgxwY=","carabid","PTEPEN","Pterostichus pensylvanicus","species",,"LeConte",,4,"Bousquet, Y. 2010b. Illustrated Identification Guide to Adults and Larvae of Northeastern North American Ground Beetles (Coleoptera: Carabidae). 1st Ed. Pensoft Publishers, Sofia, Bulgaria.","Syw2LXB/pj+fmGCuwdgBGVryVUmYhw3g","Syw2LXB/pj+fmGCuwdgBGVryVUmYhw3g",
"6442c53b-852e-43dd-bd92-880cabff5794","STEI_007.basePlot.bet","D05","STEI","STEI_007","E","2016-05-11","2016-05-25","2016-05-26","2016-12-28","2016-12-28","STEI_007.E.20160525","uTVelW27vZTi3ilPGeGJk7F1N4RMIoDIpbVljdUA5u4=","carabid","CARNEM","Carabus nemoralis nemoralis","subspecies",,"Mueller",,1,"Lindroth, C. H. 1969. The ground-beetles (Carabidae, excl. Cicindelinae) of Canada and Alaska, parts 1-6. Opuscula E. Entomoligiska Sallskapet.","Syw2LXB/pj+fmGCuwdgBGVryVUmYhw3g","Syw2LXB/pj+fmGCuwdgBGVryVUmYhw3g",
"bd5d5b11-f704-4cf9-ac16-e9187030c6c2","STEI_007.basePlot.bet","D05","STEI","STEI_007","E","2016-05-11","2016-05-25","2016-05-26","2016-12-28","2016-12-28","STEI_007.E.20160525","uTVelW27vZTi3ilPGeGJk0bHoxfp28TKIxhGruG/2Cw=","carabid","PTECOR1","Pterostichus coracinus","species","cf. species","Newman",,3,"Bousquet, Y. 2010b. Illustrated Identification Guide to Adults and Larvae of Northeastern North American Ground Beetles (Coleoptera: Carabidae). 1st Ed. Pensoft Publishers, Sofia, Bulgaria.","Syw2LXB/pj+fmGCuwdgBGVryVUmYhw3g","Syw2LXB/pj+fmGCuwdgBGVryVUmYhw3g","could be PTENOV"
"6fd6a22a-479a-4438-8549-7c60b010c4d0","STEI_007.basePlot.bet","D05","STEI","STEI_007","S","2016-05-11","2016-05-25","2016-05-26","2016-12-28","2016-12-28","STEI_007.S.20160525","uTVelW27vZSsIThVD13DQkc0DX+x2Z6UEPtDRuBCGOA=","carabid","SPHSTE1","Sphaeroderus stenostomus lecontei","subspecies",,"Dejean",,1,"Lindroth, C. H. 1969. The ground-beetles (Carabidae, excl. Cicindelinae) of Canada and Alaska, parts 1-6. Opuscula E. Entomoligiska Sallskapet.","Syw2LXB/pj+fmGCuwdgBGVryVUmYhw3g","Syw2LXB/pj+fmGCuwdgBGVryVUmYhw3g",
"fbaea519-ef80-4c74-8503-38b1b5a78da4","STEI_007.basePlot.bet","D05","STEI","STEI_007","E","2016-05-11","2016-05-25","2016-05-26","2016-12-28","2016-12-28","STEI_007.E.20160525","uTVelW27vZTi3ilPGeGJk0VYBXe/9IU0p14/EzhZcsY=","carabid","PLADEC","Platynus decentis","species",,"Say",,1,"Lindroth, C. H. 1969. The ground-beetles (Carabidae, excl. Cicindelinae) of Canada and Alaska, parts 1-6. Opuscula E. Entomoligiska Sallskapet.","Syw2LXB/pj+fmGCuwdgBGVryVUmYhw3g","Syw2LXB/pj+fmGCuwdgBGVryVUmYhw3g",
"10fb8295-30e3-4bdf-9857-2bd1f4c56472","STEI_007.basePlot.bet","D05","STEI","STEI_007","E","2016-05-11","2016-05-25","2016-05-26","2016-12-28","2016-12-28","STEI_007.E.20160525","uTVelW27vZTi3ilPGeGJk8caT34C/7ikMp58cYY05ms=","carabid","CALFRI","Calosoma frigidum","species",,"Kirby",,3,"Bousquet, Y. 2010b. Illustrated Identification Guide to Adults and Larvae of Northeastern North American Ground Beetles (Coleoptera: Carabidae). 1st Ed. Pensoft Publishers, Sofia, Bulgaria.","Syw2LXB/pj+fmGCuwdgBGVryVUmYhw3g","Syw2LXB/pj+fmGCuwdgBGVryVUmYhw3g",
"6256d8d9-e239-422d-9d85-600c5295dd7f","STEI_001.basePlot.bet","D05","STEI","STEI_001","N","2016-05-11","2016-05-25","2016-05-26","2016-12-28","2016-12-28","STEI_001.N.20160525","7JlQSbZIlXgM1rTZEZxYtgRqfkFnUW7PfbLaWcGscOQ=","carabid","PTEMEL","Pterostichus melanarius melanarius","subspecies",,"Illiger",,2,"Lindroth, C. H. 1969. The ground-beetles (Carabidae, excl. Cicindelinae) of Canada and Alaska, parts 1-6. Opuscula E. Entomoligiska Sallskapet.","Syw2LXB/pj+fmGCuwdgBGVryVUmYhw3g","Syw2LXB/pj+fmGCuwdgBGVryVUmYhw3g",
"e5956f8c-9df4-4212-8221-ccb61c78e031","STEI_001.basePlot.bet","D05","STEI","STEI_001","E","2016-05-11","2016-05-25","2016-05-26","2016-07-14",,"STEI_001.E.20160525","7JlQSbZIlXh1BVK8EiU7De+VJVuwDwxVGZu9GmCEnjo=","invert bycatch",,,,,,,,,,"sLXn7wTHXoRJL4fX6U0RGoB8I5uaqWlh",
"7b99570b-8aa5-49b9-823b-31d1e8f0e0f6","STEI_004.basePlot.bet","D05","STEI","STEI_004","E","2016-05-11","2016-05-25","2016-05-26","2016-07-11",,"STEI_004.E.20160525","kIMktcbzaDcaGGf/+BKTiryP2eTfawNzSU/kJJdg+EI=","invert bycatch",,,,,,,,,,"sLXn7wTHXoRJL4fX6U0RGoB8I5uaqWlh",
"0d09c829-b870-4c87-8742-16be6e0e37a0","STEI_002.basePlot.bet","D05","STEI","STEI_002","E","2016-05-11","2016-05-25","2016-05-26","2016-08-16",,"STEI_002.E.20160525","aZO6SdKsrBwGnXn9oNbJTsWai7lT6cqYVgdmzzKn5cc=","invert bycatch",,,,,,,,,,"sLXn7wTHXoRJL4fX6U0RGoB8I5uaqWlh",
"4b68d834-b6f4-42bf-8bb2-565cbad89400","STEI_007.basePlot.bet","D05","STEI","STEI_007","E","2016-05-11","2016-05-25","2016-05-26","2016-06-15",,"STEI_007.E.20160525","uTVelW27vZTi3ilPGeGJk5OvbZK387hqT8Psr436lHM=","invert bycatch",,,,,,,,,,"ZLiBrmvqlLBFOFHAJeJ5SGepn/fS4c88",
"7ec98545-03c6-45bb-b2df-2883c7b00d85","STEI_022.basePlot.bet","D05","STEI","STEI_022","E","2016-05-11","2016-05-25","2016-05-26","2016-07-14",,"STEI_022.E.20160525","HE/LDGsDHdpNgBxZGwTPUrW1MX6llYeaI3IURBT1f3s=","invert bycatch",,,,,,,,,,"sLXn7wTHXoRJL4fX6U0RGoB8I5uaqWlh",
"dc74650e-0ceb-4655-af37-48c212b70bc0","STEI_003.basePlot.bet","D05","STEI","STEI_003","E","2016-05-11","2016-05-25","2016-05-26","2016-07-14",,"STEI_003.E.20160525","DWUoTzNcbNnq1bYeJIny31AwNP9S3bMRkGFxi5uxUv4=","invert bycatch",,,,,,,,,,"sLXn7wTHXoRJL4fX6U0RGoB8I5uaqWlh",
"2c6af031-7ca1-4f2e-a390-e7709a415a2d","STEI_006.basePlot.bet","D05","STEI","STEI_006","E","2016-05-11","2016-05-25","2016-05-26","2016-08-16",,"STEI_006.E.20160525","FSczGbn18rQcL8FcUivsPf/55z2eO1Bhanz5q9yT8/o=","invert bycatch",,,,,,,,,,"sLXn7wTHXoRJL4fX6U0RGoB8I5uaqWlh",
"1ffb1629-2d2a-48c4-876b-5447000fe9d2","STEI_009.basePlot.bet","D05","STEI","STEI_009","E","2016-05-11","2016-05-25","2016-05-26","2016-07-14",,"STEI_009.E.20160525","IGPPmzEoPod7z9dNRjRz4E53SqGm/99RQJCxc9R0ats=","invert bycatch",,,,,,,,,,"sLXn7wTHXoRJL4fX6U0RGoB8I5uaqWlh",
"df3ce2fd-8061-46a3-ab3a-faf503b2fa45","STEI_008.basePlot.bet","D05","STEI","STEI_008","E","2016-05-11","2016-05-25","2016-05-26","2016-08-16",,"STEI_008.E.20160525","RJLsXNaoVcup43GUByjvTxZn3Yr2wokXhlWXeEfmrv0=","invert bycatch",,,,,,,,,,"sLXn7wTHXoRJL4fX6U0RGoB8I5uaqWlh",
"480862d9-5551-409d-97e0-7af2d148a61d","STEI_005.basePlot.bet","D05","STEI","STEI_005","E","2016-05-11","2016-05-25","2016-05-26","2016-07-18",,"STEI_005.E.20160525","qriLSsXGHEw5q2vR9+MXL8L49msBmH5deuy0AzfgtMU=","invert bycatch",,,,,,,,,,"sLXn7wTHXoRJL4fX6U0RGoB8I5uaqWlh",
"651f2a81-bea9-4c04-b2b5-8c9928ed02d7","STEI_009.basePlot.bet","D05","STEI","STEI_009","N","2016-05-11","2016-05-25","2016-05-26","2016-07-14",,"STEI_009.N.20160525","IGPPmzEoPofheTAdCJuKApAL6gLL1+a875GGf3vM1Hg=","invert bycatch",,,,,,,,,,"sLXn7wTHXoRJL4fX6U0RGoB8I5uaqWlh",
"c13a0a0b-ad06-43ca-94ca-6a6d061420a7","STEI_022.basePlot.bet","D05","STEI","STEI_022","N","2016-05-11","2016-05-25","2016-05-26","2016-07-11",,"STEI_022.N.20160525","HE/LDGsDHdpuk3an/9fNUmCx47qIrsrP2vw1dICz8zo=","invert bycatch",,,,,,,,,,"sLXn7wTHXoRJL4fX6U0RGoB8I5uaqWlh",
"834218e1-bbf0-48fb-8679-1e8f311385d8","STEI_008.basePlot.bet","D05","STEI","STEI_008","N","2016-05-11","2016-05-25","2016-05-26","2016-08-16",,"STEI_008.N.20160525","RJLsXNaoVcvXZPjWmQh+XqEkYEJ1G2iIPPwEtot0SbE=","invert bycatch",,,,,,,,,,"sLXn7wTHXoRJL4fX6U0RGoB8I5uaqWlh",
"51663e52-8201-472b-b5db-ca8efb8b4772","STEI_003.basePlot.bet","D05","STEI","STEI_003","N","2016-05-11","2016-05-25","2016-05-26","2016-07-14",,"STEI_003.N.20160525","DWUoTzNcbNm732Py3QBe5wYL3iwaUlZdVeuZk/5B6sw=","invert bycatch",,,,,,,,,,"sLXn7wTHXoRJL4fX6U0RGoB8I5uaqWlh",
"5e7f3ff7-9d87-42c2-98ad-937658aefd68","STEI_004.basePlot.bet","D05","STEI","STEI_004","N","2016-05-11","2016-05-25","2016-05-26","2016-07-11",,"STEI_004.N.20160525","kIMktcbzaDc3IGgVHfc16fzt7c1HnFnZ1ci8FhUEeq8=","invert bycatch",,,,,,,,,,"sLXn7wTHXoRJL4fX6U0RGoB8I5uaqWlh",
"a48209e0-29a5-4d29-9efb-b2ee8789b4be","STEI_006.basePlot.bet","D05","STEI","STEI_006","N","2016-05-11","2016-05-25","2016-05-26","2016-08-16",,"STEI_006.N.20160525","FSczGbn18rTm32UHUBE++NIDsYqJmWjFZkU3tsM1/IE=","invert bycatch",,,,,,,,,,"sLXn7wTHXoRJL4fX6U0RGoB8I5uaqWlh",
"206bbfd1-20d3-48c3-8e8a-4385f5191a34","STEI_005.basePlot.bet","D05","STEI","STEI_005","N","2016-05-11","2016-05-25","2016-05-26","2016-07-18",,"STEI_005.N.20160525","qriLSsXGHEyNX4DJwSWS/skfF9dgrjjuT/gQkC6s1oU=","invert bycatch",,,,,,,,,,"sLXn7wTHXoRJL4fX6U0RGoB8I5uaqWlh",
"460c4a71-9b4f-4223-b9d3-250821580b89","STEI_001.basePlot.bet","D05","STEI","STEI_001","N","2016-05-11","2016-05-25","2016-05-26","2016-07-14",,"STEI_001.N.20160525","7JlQSbZIlXgM1rTZEZxYtsXg3gsbbfvO4VKX5HKrosE=","invert bycatch",,,,,,,,,,"sLXn7wTHXoRJL4fX6U0RGoB8I5uaqWlh",
"d3b903c6-0a7d-4a9d-9bcf-07f021803969","STEI_007.basePlot.bet","D05","STEI","STEI_007","N","2016-05-11","2016-05-25","2016-05-26","2016-06-15",,"STEI_007.N.20160525","uTVelW27vZTKV6isdmEr2Pheiiu5w2Vt6O6Mx+1YLzg=","invert bycatch",,,,,,,,,,"ZLiBrmvqlLBFOFHAJeJ5SGepn/fS4c88",
"ec92bab6-87c6-4e09-97f0-2bc9b9694164","STEI_002.basePlot.bet","D05","STEI","STEI_002","N","2016-05-11","2016-05-25","2016-05-26","2016-08-16",,"STEI_002.N.20160525","aZO6SdKsrBzL8uwoU6wq3qn9HHUE1zaradUTN95N5ak=","invert bycatch",,,,,,,,,,"sLXn7wTHXoRJL4fX6U0RGoB8I5uaqWlh",
"861b0c96-a279-4803-8579-ba2c2f818857","STEI_009.basePlot.bet","D05","STEI","STEI_009","S","2016-05-11","2016-05-25","2016-05-26","2016-07-14",,"STEI_009.S.20160525","IGPPmzEoPodBaaX865MVN2DJmlGsjUJ3I2MaQb7cLcU=","invert bycatch",,,,,,,,,,"sLXn7wTHXoRJL4fX6U0RGoB8I5uaqWlh",
"3fb3cf4e-63fe-47c1-9bc0-8d6a4b34cf6d","STEI_007.basePlot.bet","D05","STEI","STEI_007","S","2016-05-11","2016-05-25","2016-05-26","2016-06-15",,"STEI_007.S.20160525","uTVelW27vZSsIThVD13DQqVPzw6RbQKz81LWHiupsa0=","invert bycatch",,,,,,,,,,"ZLiBrmvqlLBFOFHAJeJ5SGepn/fS4c88",
"8feb5ff0-ed84-4730-99ff-3e74d9788e1c","STEI_006.basePlot.bet","D05","STEI","STEI_006","S","2016-05-11","2016-05-25","2016-05-26","2016-08-16",,"STEI_006.S.20160525","FSczGbn18rQqSGNc1WPNbXCpXiZfDpE6qe9eL0rzUhY=","invert bycatch",,,,,,,,,,"sLXn7wTHXoRJL4fX6U0RGoB8I5uaqWlh",
"0e1ebf85-4416-448f-bf39-d0b019a835c6","STEI_001.basePlot.bet","D05","STEI","STEI_001","S","2016-05-11","2016-05-25","2016-05-26","2016-07-14",,"STEI_001.S.20160525","7JlQSbZIlXgQ/UyZ2eRQ37wi8SeRGlPtCnIgjxbucgM=","invert bycatch",,,,,,,,,,"sLXn7wTHXoRJL4fX6U0RGoB8I5uaqWlh",
"caa79e96-563b-4258-ba8e-239f9d662c2c","STEI_003.basePlot.bet","D05","STEI","STEI_003","S","2016-05-11","2016-05-25","2016-05-26","2016-07-14",,"STEI_003.S.20160525","DWUoTzNcbNlSZ/QF+O+JsujkDpooGqlCR4fXHPX2Vcs=","invert bycatch",,,,,,,,,,"sLXn7wTHXoRJL4fX6U0RGoB8I5uaqWlh",
"5678f2f9-4785-4852-aa76-0df6e20d1a37","STEI_004.basePlot.bet","D05","STEI","STEI_004","S","2016-05-11","2016-05-25","2016-05-26","2016-07-11",,"STEI_004.S.20160525","kIMktcbzaDc/kh9AKnY4E37SpWp3kas49UnBu9aSyCs=","invert bycatch",,,,,,,,,,"sLXn7wTHXoRJL4fX6U0RGoB8I5uaqWlh",
"cae726ba-603c-4a01-b36d-a136a07bbf96","STEI_008.basePlot.bet","D05","STEI","STEI_008","S","2016-05-11","2016-05-25","2016-05-26","2016-08-16",,"STEI_008.S.20160525","RJLsXNaoVcsrVfPfPw4agN1/JNquPhJFOC7HP36r3wg=","invert bycatch",,,,,,,,,,"sLXn7wTHXoRJL4fX6U0RGoB8I5uaqWlh",
"1b8e49c0-80f2-4cfa-a319-1ba700b12ae7","STEI_005.basePlot.bet","D05","STEI","STEI_005","S","2016-05-11","2016-05-25","2016-05-26","2016-07-18",,"STEI_005.S.20160525","qriLSsXGHEw/jBt4bUbOo5kBTFiBQg7nWlJz59RxGsI=","invert bycatch",,,,,,,,,,"sLXn7wTHXoRJL4fX6U0RGoB8I5uaqWlh",
"f9fb42b9-dd41-414f-a5f2-cdcd385f6d84","STEI_002.basePlot.bet","D05","STEI","STEI_002","S","2016-05-11","2016-05-25","2016-05-26","2016-08-16",,"STEI_002.S.20160525","aZO6SdKsrBzq/4FlLz71y5xbVOxtRV3n24SMAcXjv+0=","invert bycatch",,,,,,,,,,"sLXn7wTHXoRJL4fX6U0RGoB8I5uaqWlh",
"fc2a755e-7b78-44a6-8d64-648b02b33eed","STEI_022.basePlot.bet","D05","STEI","STEI_022","S","2016-05-11","2016-05-25","2016-05-26","2016-07-14",,"STEI_022.S.20160525","HE/LDGsDHdpGDKGB3p3KLPPr0p0EyBkrmvwQoRdza/A=","invert bycatch",,,,,,,,,,"sLXn7wTHXoRJL4fX6U0RGoB8I5uaqWlh",
