uid,namedLocation,domainID,siteID,plotID,trapID,setDate,collectDate,processingDate,identifiedDate,subsampleID,individualID,taxonID,scientificName,taxonRank,identificationQualifier,scientificNameAuthorship,morphospeciesID,identificationReferences,totalLength,identifiedBy,recordedBy,remarks
"eb6e6207-16ae-4639-b812-40f6a96d4a9c","CPER_004.basePlot.bet","D10","CPER","CPER_004","E","2013-08-28","2013-09-11","2013-12-10","2014-06-25","eSCyThC0ZO6dQAg554CeHDKxgOfAYewwR6RmuJ1H86w=","NEON.BET.D10.000756","PASELO","Pasimachus elongatus","species",,"LeConte",,"Other",,"GdYBANHaHq+vZZwZPIC7lz81CR/a5qEOH58hbYvjOfw=","P+EeY8owwbjzXaiaPoIJpc6mcpR6iWBh","processing date was added later and may not be accurate| email address for identifier is incorrect"
"803ba538-5c95-4537-a42d-a26ed5f672c1","CPER_003.basePlot.bet","D10","CPER","CPER_003","W","2013-08-28","2013-09-11","2013-12-10","2013-12-10","omCPNZnkoGSvU6Yf0Adio6FcsYLalV7eT4gVSBKIEGM=","NEON.BET.D10.000714","PASELO","Pasimachus elongatus","species",,"LeConte",,"Other",,"P+EeY8owwbjzXaiaPoIJpc6mcpR6iWBh","P+EeY8owwbjzXaiaPoIJpc6mcpR6iWBh","processing date was added later and may not be accurate| identified date was added later and may not be accurate"
"5166ede9-9331-48ca-8ab7-07607e84dc2a","CPER_006.basePlot.bet","D10","CPER","CPER_006","E","2013-08-28","2013-09-11","2013-12-10","2014-06-26","NHMCrMp+/ZUdT5TuJYNLZkp56xtUN1kjpNvRQzySnN0=","NEON.BET.D10.000725","CRADUB","Cratacanthus dubius","species",,"Palisot de Beauvois",,"Other",,"GdYBANHaHq+vZZwZPIC7lz81CR/a5qEOH58hbYvjOfw=","P+EeY8owwbjzXaiaPoIJpc6mcpR6iWBh","processing date was added later and may not be accurate| email address for identifier is incorrect"
"c14bf415-638e-4b3e-8790-e9f87f004b17","CPER_001.basePlot.bet","D10","CPER","CPER_001","E","2013-08-28","2013-09-11","2013-12-10","2014-07-02","BEtTVHT1LvHKUPzaGolitI5RUDL8/665umOhEFakf1s=","NEON.BET.D10.000719","HARELL","Harpalus ellipsis","species",,"LeConte",,"Other",,"GdYBANHaHq+vZZwZPIC7lz81CR/a5qEOH58hbYvjOfw=","P+EeY8owwbjzXaiaPoIJpc6mcpR6iWBh","processing date was added later and may not be accurate| email address for identifier is incorrect"
"037e5b5b-b7a8-4685-9d1d-68925ec0d223","CPER_007.basePlot.bet","D10","CPER","CPER_007","N","2013-08-28","2013-09-11","2013-12-10","2014-07-02","SOIi55Lib0Jwd1VUE3MypuekvxPQ8KJIulZDS7qeX0w=","NEON.BET.D10.000755","AMACON3","Amara convexa","species",,"LeConte",,"Other",,"GdYBANHaHq+vZZwZPIC7lz81CR/a5qEOH58hbYvjOfw=","P+EeY8owwbjzXaiaPoIJpc6mcpR6iWBh","processing date was added later and may not be accurate| email address for identifier is incorrect"
"1e5de847-6ded-41e9-abf7-bc32a6033c46","CPER_004.basePlot.bet","D10","CPER","CPER_004","N","2013-08-28","2013-09-11","2013-12-10","2014-06-25","eSCyThC0ZO7XqPQq4Q+UQ3oBaplLeyLHkHLBGu4wsiE=","NEON.BET.D10.000758","EURGRO","Euryderus grossus","species",,"Say",,"Other",,"GdYBANHaHq+vZZwZPIC7lz81CR/a5qEOH58hbYvjOfw=","P+EeY8owwbjzXaiaPoIJpc6mcpR6iWBh","processing date was added later and may not be accurate| email address for identifier is incorrect"
"8022c0ff-11e4-4a08-ada3-09b6a0a109f3","CPER_006.basePlot.bet","D10","CPER","CPER_006","N","2013-08-28","2013-09-11","2013-12-10","2014-07-07","NHMCrMp+/ZXnfAUgtD6kjWIlShruCvoreLCJ3M0mc0Q=","NEON.BET.D10.000726","DISPAR1","Discoderus parallelus","species",,"Haldeman",,"Other",,"GdYBANHaHq+vZZwZPIC7lz81CR/a5qEOH58hbYvjOfw=","P+EeY8owwbjzXaiaPoIJpc6mcpR6iWBh","processing date was added later and may not be accurate| email address for identifier is incorrect"
"755592d1-2fc3-49a3-96f4-59b82cacf357","CPER_008.basePlot.bet","D10","CPER","CPER_008","N","2013-08-28","2013-09-11","2013-12-10","2013-12-10","kqngcYlCVJ5BmxRweU8DqT6UMSx23gUjXJlczs11FGY=","NEON.BET.D10.000653","PASELO","Pasimachus elongatus","species",,"LeConte",,"Other",,"P+EeY8owwbjzXaiaPoIJpc6mcpR6iWBh","P+EeY8owwbjzXaiaPoIJpc6mcpR6iWBh","processing date was added later and may not be accurate| identified date was added later and may not be accurate"
"42065281-058a-45c5-9d2f-c526d53d3257","CPER_005.basePlot.bet","D10","CPER","CPER_005","N","2013-08-28","2013-09-11","2013-12-10","2014-07-02","e1AKewEwvnEJ27JYgSozYur4SD0moDYdFbQeH38Zw5I=","NEON.BET.D10.000710","HARREV","Harpalus reversus","species",,"Casey",,"Other",,"GdYBANHaHq+vZZwZPIC7lz81CR/a5qEOH58hbYvjOfw=","P+EeY8owwbjzXaiaPoIJpc6mcpR6iWBh","processing date was added later and may not be accurate| email address for identifier is incorrect"
"a928d681-6559-4928-9ad9-78ccfd14f584","CPER_005.basePlot.bet","D10","CPER","CPER_005","S","2013-08-28","2013-09-11","2013-12-10","2014-07-02","e1AKewEwvnHh+/JXa9VbTp4uPh+N1jtI9ZaYf5Me2gw=","NEON.BET.D10.000709","HARREV","Harpalus reversus","species",,"Casey",,"Other",,"GdYBANHaHq+vZZwZPIC7lz81CR/a5qEOH58hbYvjOfw=","P+EeY8owwbjzXaiaPoIJpc6mcpR6iWBh","processing date was added later and may not be accurate| email address for identifier is incorrect"
"f9c29a44-474a-4d75-bd1e-df8c7bba6a4d","CPER_005.basePlot.bet","D10","CPER","CPER_005","S","2013-08-28","2013-09-11","2013-12-10","2014-07-02","e1AKewEwvnHh+/JXa9VbTp4uPh+N1jtI9ZaYf5Me2gw=","NEON.BET.D10.000706","HARREV","Harpalus reversus","species",,"Casey",,"Other",,"GdYBANHaHq+vZZwZPIC7lz81CR/a5qEOH58hbYvjOfw=","P+EeY8owwbjzXaiaPoIJpc6mcpR6iWBh","processing date was added later and may not be accurate| email address for identifier is incorrect"
"c1351321-d731-4c53-8b89-bddef451bf8d","CPER_005.basePlot.bet","D10","CPER","CPER_005","S","2013-08-28","2013-09-11","2013-12-10","2014-07-02","e1AKewEwvnHh+/JXa9VbTp4uPh+N1jtI9ZaYf5Me2gw=","NEON.BET.D10.000657","HARREV","Harpalus reversus","species",,"Casey",,"Other",,"GdYBANHaHq+vZZwZPIC7lz81CR/a5qEOH58hbYvjOfw=","P+EeY8owwbjzXaiaPoIJpc6mcpR6iWBh","processing date was added later and may not be accurate| email address for identifier is incorrect"
"18efeaa8-e9ca-41fa-8a69-e025d66fc3e9","CPER_005.basePlot.bet","D10","CPER","CPER_005","S","2013-08-28","2013-09-11","2013-12-10","2014-07-02","e1AKewEwvnHh+/JXa9VbTp4uPh+N1jtI9ZaYf5Me2gw=","NEON.BET.D10.000708","HARREV","Harpalus reversus","species",,"Casey",,"Other",,"GdYBANHaHq+vZZwZPIC7lz81CR/a5qEOH58hbYvjOfw=","P+EeY8owwbjzXaiaPoIJpc6mcpR6iWBh","processing date was added later and may not be accurate| email address for identifier is incorrect"
"b4a114a3-4716-44b1-b995-f410a6cc5d31","CPER_005.basePlot.bet","D10","CPER","CPER_005","S","2013-08-28","2013-09-11","2013-12-10","2014-07-02","e1AKewEwvnHh+/JXa9VbTp4uPh+N1jtI9ZaYf5Me2gw=","NEON.BET.D10.000707","HARREV","Harpalus reversus","species",,"Casey",,"Other",,"GdYBANHaHq+vZZwZPIC7lz81CR/a5qEOH58hbYvjOfw=","P+EeY8owwbjzXaiaPoIJpc6mcpR6iWBh","processing date was added later and may not be accurate| email address for identifier is incorrect"
"fd9f7005-79e5-4bd9-ab73-59a5e0890026","CPER_005.basePlot.bet","D10","CPER","CPER_005","S","2013-08-28","2013-09-11","2013-12-10","2014-07-02","e1AKewEwvnHh+/JXa9VbTp4uPh+N1jtI9ZaYf5Me2gw=","NEON.BET.D10.000656","HARREV","Harpalus reversus","species",,"Casey",,"Other",,"GdYBANHaHq+vZZwZPIC7lz81CR/a5qEOH58hbYvjOfw=","P+EeY8owwbjzXaiaPoIJpc6mcpR6iWBh","processing date was added later and may not be accurate| email address for identifier is incorrect"
"d9554912-c760-4e50-bdc3-d6bb7e7a1f1f","CPER_005.basePlot.bet","D10","CPER","CPER_005","S","2013-08-28","2013-09-11","2013-12-10","2014-07-07","e1AKewEwvnHh+/JXa9VbTp4uPh+N1jtI9ZaYf5Me2gw=","NEON.BET.D10.000654","HARELL","Harpalus ellipsis","species","cf. species","LeConte",,"Other",,"GdYBANHaHq+vZZwZPIC7lz81CR/a5qEOH58hbYvjOfw=","P+EeY8owwbjzXaiaPoIJpc6mcpR6iWBh","processing date was added later and may not be accurate| email address for identifier is incorrect"
"bfb75fab-8ff5-4dd5-8ec5-2ed8bcd40f27","CPER_005.basePlot.bet","D10","CPER","CPER_005","S","2013-08-28","2013-09-11","2013-12-10","2014-07-02","e1AKewEwvnHh+/JXa9VbTp4uPh+N1jtI9ZaYf5Me2gw=","NEON.BET.D10.000658","HARREV","Harpalus reversus","species",,"Casey",,"Other",,"GdYBANHaHq+vZZwZPIC7lz81CR/a5qEOH58hbYvjOfw=","P+EeY8owwbjzXaiaPoIJpc6mcpR6iWBh","processing date was added later and may not be accurate| email address for identifier is incorrect"
"9ad21e9a-8cc3-4372-bc90-1dd81eff30d3","CPER_005.basePlot.bet","D10","CPER","CPER_005","S","2013-08-28","2013-09-11","2013-12-10","2014-07-02","e1AKewEwvnHh+/JXa9VbTp4uPh+N1jtI9ZaYf5Me2gw=","NEON.BET.D10.000655","HARREV","Harpalus reversus","species",,"Casey",,"Other",,"GdYBANHaHq+vZZwZPIC7lz81CR/a5qEOH58hbYvjOfw=","P+EeY8owwbjzXaiaPoIJpc6mcpR6iWBh","processing date was added later and may not be accurate| email address for identifier is incorrect"
"408b0aca-6791-47ab-89f2-2d93f56cf03f","CPER_003.basePlot.bet","D10","CPER","CPER_003","S","2013-08-28","2013-09-11","2013-12-10","2013-12-10","omCPNZnkoGSbDcRwnvB5fB95ef1KL7UO7LLGzSNK83E=","NEON.BET.D10.000712","CRADUB","Cratacanthus dubius","species",,"Palisot de Beauvois",,"Other",,"P+EeY8owwbjzXaiaPoIJpc6mcpR6iWBh","P+EeY8owwbjzXaiaPoIJpc6mcpR6iWBh","processing date was added later and may not be accurate| identified date was added later and may not be accurate"
"17e75dcf-39c1-4be4-8374-c3cfe6c851a0","CPER_003.basePlot.bet","D10","CPER","CPER_003","S","2013-08-28","2013-09-11","2013-12-10","2013-12-10","omCPNZnkoGSbDcRwnvB5fB95ef1KL7UO7LLGzSNK83E=","NEON.BET.D10.000713","CRADUB","Cratacanthus dubius","species",,"Palisot de Beauvois",,"Other",,"P+EeY8owwbjzXaiaPoIJpc6mcpR6iWBh","P+EeY8owwbjzXaiaPoIJpc6mcpR6iWBh","processing date was added later and may not be accurate| identified date was added later and may not be accurate"
"5495d6d0-64ce-4588-aa85-84eeaf238621","CPER_003.basePlot.bet","D10","CPER","CPER_003","S","2013-08-28","2013-09-11","2013-12-10","2013-12-10","omCPNZnkoGSbDcRwnvB5fB95ef1KL7UO7LLGzSNK83E=","NEON.BET.D10.000711","CRADUB","Cratacanthus dubius","species",,"Palisot de Beauvois",,"Other",,"P+EeY8owwbjzXaiaPoIJpc6mcpR6iWBh","P+EeY8owwbjzXaiaPoIJpc6mcpR6iWBh","processing date was added later and may not be accurate| identified date was added later and may not be accurate"
"b15842e2-54ab-4367-8ec9-2300cba7fb7c","CPER_006.basePlot.bet","D10","CPER","CPER_006","S","2013-08-28","2013-09-11","2013-12-10","2013-12-10","NHMCrMp+/ZU4TGGfhEMBGoM4ORFZHqrsdFNmaQLe38k=","NEON.BET.D10.000728","CRADUB","Cratacanthus dubius","species",,"Palisot de Beauvois",,"Other",,"P+EeY8owwbjzXaiaPoIJpc6mcpR6iWBh","P+EeY8owwbjzXaiaPoIJpc6mcpR6iWBh","processing date was added later and may not be accurate| identified date was added later and may not be accurate"
"3e6029fd-d149-48b2-8462-7f25a3671b21","CPER_006.basePlot.bet","D10","CPER","CPER_006","S","2013-08-28","2013-09-11","2013-12-10","2014-06-25","NHMCrMp+/ZU4TGGfhEMBGoM4ORFZHqrsdFNmaQLe38k=","NEON.BET.D10.000729","CRADUB","Cratacanthus dubius","species",,"Palisot de Beauvois",,"Other",,"GdYBANHaHq+vZZwZPIC7lz81CR/a5qEOH58hbYvjOfw=","P+EeY8owwbjzXaiaPoIJpc6mcpR6iWBh","processing date was added later and may not be accurate| email address for identifier is incorrect"
"cb4e3756-8c0c-41d0-86d6-b19475fd828c","CPER_009.basePlot.bet","D10","CPER","CPER_009","S","2013-08-28","2013-09-11","2013-12-10","2013-12-10","KY+Aed9dLRu4RTJyxyx1fRD7zxqiEDVf2pthhOzp4uo=","NEON.BET.D10.000724","PASELO","Pasimachus elongatus","species",,"LeConte",,"Other",,"P+EeY8owwbjzXaiaPoIJpc6mcpR6iWBh","P+EeY8owwbjzXaiaPoIJpc6mcpR6iWBh","processing date was added later and may not be accurate| identified date was added later and may not be accurate"
"2201260a-92fe-4b43-ac62-4408d876ef74","CPER_006.basePlot.bet","D10","CPER","CPER_006","S","2013-08-28","2013-09-11","2013-12-10","2014-07-07","NHMCrMp+/ZU4TGGfhEMBGoM4ORFZHqrsdFNmaQLe38k=","NEON.BET.D10.000730","DISPAR1","Discoderus parallelus","species",,"Haldeman",,"Other",,"GdYBANHaHq+vZZwZPIC7lz81CR/a5qEOH58hbYvjOfw=","P+EeY8owwbjzXaiaPoIJpc6mcpR6iWBh","processing date was added later and may not be accurate| email address for identifier is incorrect"
"074fcaf1-9513-4201-b00e-a6d5162db216","CPER_002.basePlot.bet","D10","CPER","CPER_002","S","2013-08-28","2013-09-11","2013-12-10","2014-06-25","OMNGlFKVPvQpN2B+CBcvydA9wvfdZ6iL40Kij9eFl14=","NEON.BET.D10.000722","CRADUB","Cratacanthus dubius","species",,"Palisot de Beauvois",,"Other",,"GdYBANHaHq+vZZwZPIC7lz81CR/a5qEOH58hbYvjOfw=","P+EeY8owwbjzXaiaPoIJpc6mcpR6iWBh","processing date was added later and may not be accurate| email address for identifier is incorrect"
"fec75678-c532-4716-8af2-1cc0f03a0b98","CPER_002.basePlot.bet","D10","CPER","CPER_002","S","2013-08-28","2013-09-11","2013-12-10","2013-12-10","OMNGlFKVPvQpN2B+CBcvydA9wvfdZ6iL40Kij9eFl14=","NEON.BET.D10.000723","CRADUB","Cratacanthus dubius","species",,"Palisot de Beauvois",,"Other",,"P+EeY8owwbjzXaiaPoIJpc6mcpR6iWBh","P+EeY8owwbjzXaiaPoIJpc6mcpR6iWBh","processing date was added later and may not be accurate| identified date was added later and may not be accurate"
"d14f7b70-e25c-4d0e-ab40-801bd6098206","CPER_006.basePlot.bet","D10","CPER","CPER_006","W","2013-08-28","2013-09-11","2013-12-10","2014-07-02","NHMCrMp+/ZUBBeTWpa1tqqwRcMPSPPaV/xb+fT12Gmg=","NEON.BET.D10.000727","AMAQUE","Amara quenseli quenseli","subspecies",,"Schonherr",,"Other",,"GdYBANHaHq+vZZwZPIC7lz81CR/a5qEOH58hbYvjOfw=","P+EeY8owwbjzXaiaPoIJpc6mcpR6iWBh","processing date was added later and may not be accurate| email address for identifier is incorrect"
"a543a890-f8d8-4f5a-a047-e970636666fc","CPER_010.basePlot.bet","D10","CPER","CPER_010","W","2013-08-28","2013-09-11","2013-12-10","2014-07-02","DW9ihRbrMtkh7yy8NOhpZkwSFdY1c5b07l7I6d+z4pc=","NEON.BET.D10.000718","PIOSET","Piosoma setosum","species",,"LeConte",,"Other",,"GdYBANHaHq+vZZwZPIC7lz81CR/a5qEOH58hbYvjOfw=","P+EeY8owwbjzXaiaPoIJpc6mcpR6iWBh","processing date was added later and may not be accurate| email address for identifier is incorrect"
"7b2a6fc6-217c-4880-ba6f-5499f27a868c","CPER_002.basePlot.bet","D10","CPER","CPER_002","W","2013-08-28","2013-09-11","2013-12-10","2014-07-02","OMNGlFKVPvSI2YG2K4Sx7pVHdxs2Nk8KltlBh27DWAw=","NEON.BET.D10.000720","PIOSET","Piosoma setosum","species",,"LeConte",,"Other",,"GdYBANHaHq+vZZwZPIC7lz81CR/a5qEOH58hbYvjOfw=","P+EeY8owwbjzXaiaPoIJpc6mcpR6iWBh","processing date was added later and may not be accurate| email address for identifier is incorrect"
"d1c8d7cc-c972-46a4-99c3-fbc6f85d0be4","CPER_002.basePlot.bet","D10","CPER","CPER_002","W","2013-08-28","2013-09-11","2013-12-10","2014-07-02","OMNGlFKVPvSI2YG2K4Sx7pVHdxs2Nk8KltlBh27DWAw=","NEON.BET.D10.000721","HARELL","Harpalus ellipsis","species","cf. species","LeConte",,"Other",,"GdYBANHaHq+vZZwZPIC7lz81CR/a5qEOH58hbYvjOfw=","P+EeY8owwbjzXaiaPoIJpc6mcpR6iWBh","processing date was added later and may not be accurate| email address for identifier is incorrect"
"e8de30fb-b7f8-40e6-873e-5ec3bd4b80c0","CPER_003.basePlot.bet","D10","CPER","CPER_003","W","2013-08-28","2013-09-11","2013-12-10","2014-07-02","omCPNZnkoGSvU6Yf0Adio6FcsYLalV7eT4gVSBKIEGM=","NEON.BET.D10.000716","HARDES","Harpalus desertus","species",,"LeConte",,"Other",,"GdYBANHaHq+vZZwZPIC7lz81CR/a5qEOH58hbYvjOfw=","P+EeY8owwbjzXaiaPoIJpc6mcpR6iWBh","processing date was added later and may not be accurate| email address for identifier is incorrect"
"eb9d851a-08ec-4650-8396-be37043d13fd","CPER_003.basePlot.bet","D10","CPER","CPER_003","W","2013-08-28","2013-09-11","2013-12-10","2014-07-02","omCPNZnkoGSvU6Yf0Adio6FcsYLalV7eT4gVSBKIEGM=","NEON.BET.D10.000717","HARELL","Harpalus ellipsis","species","cf. species","LeConte",,"Other",,"GdYBANHaHq+vZZwZPIC7lz81CR/a5qEOH58hbYvjOfw=","P+EeY8owwbjzXaiaPoIJpc6mcpR6iWBh","processing date was added later and may not be accurate| email address for identifier is incorrect"
"b477dba0-7b3a-4872-aea0-2737b347f387","CPER_003.basePlot.bet","D10","CPER","CPER_003","W","2013-08-28","2013-09-11","2013-12-10","2014-06-26","omCPNZnkoGSvU6Yf0Adio6FcsYLalV7eT4gVSBKIEGM=","NEON.BET.D10.000715","CRADUB","Cratacanthus dubius","species",,"Palisot de Beauvois",,"Other",,"GdYBANHaHq+vZZwZPIC7lz81CR/a5qEOH58hbYvjOfw=","P+EeY8owwbjzXaiaPoIJpc6mcpR6iWBh","processing date was added later and may not be accurate| email address for identifier is incorrect"
"27fbd69a-9efc-4f57-ac34-ea1c549195f3","CPER_004.basePlot.bet","D10","CPER","CPER_004","E","2013-08-28","2013-09-11","2013-12-10","2013-12-10","eSCyThC0ZO6dQAg554CeHDKxgOfAYewwR6RmuJ1H86w=","NEON.BET.D10.000757","CRADUB","Cratacanthus dubius","species",,"Palisot de Beauvois",,"Other",,"P+EeY8owwbjzXaiaPoIJpc6mcpR6iWBh","P+EeY8owwbjzXaiaPoIJpc6mcpR6iWBh","processing date was added later and may not be accurate| identified date was added later and may not be accurate"
"053b1b49-8cf1-45e5-8071-bfd3f41becd6","CPER_009.basePlot.bet","D10","CPER","CPER_009","N","2013-09-11","2013-09-25","2013-12-24","2014-06-25","KY+Aed9dLRvaREKoXkaV2iast7wvoFFtLP2zc9bbia4=","NEON.BET.D10.000762","HARDES","Harpalus desertus","species",,"LeConte",,"Other",,"GdYBANHaHq+vZZwZPIC7lz81CR/a5qEOH58hbYvjOfw=","FMzDezsKKx2Vop4FQCz60pj9cxbsEccH","processingDate was added later and may not be accurate| email address of identifier is incorrect"
"abb058e1-7137-4ded-a32c-c98a42236290","CPER_003.basePlot.bet","D10","CPER","CPER_003","N","2013-09-11","2013-09-25","2013-12-24","2014-06-25","omCPNZnkoGSI1Fs6iZsYkSySFgLHa+AZKKSrvGT9SAs=","NEON.BET.D10.000761","HARDES","Harpalus desertus","species",,"LeConte",,"Other",,"GdYBANHaHq+vZZwZPIC7lz81CR/a5qEOH58hbYvjOfw=","FMzDezsKKx2Vop4FQCz60pj9cxbsEccH","processingDate was added later and may not be accurate| email address of identifier is incorrect"
"7193f83d-d132-4b0e-9773-dcb846f8a119","CPER_005.basePlot.bet","D10","CPER","CPER_005","S","2013-09-11","2013-09-25","2013-12-24","2014-06-25","e1AKewEwvnHh+/JXa9VbTqNhwfu9HbM4QAMzL91QZhU=","NEON.BET.D10.000759","AMAQUE","Amara quenseli quenseli","subspecies",,"Schonherr",,"Other",,"GdYBANHaHq+vZZwZPIC7lz81CR/a5qEOH58hbYvjOfw=","FMzDezsKKx2Vop4FQCz60pj9cxbsEccH","processingDate was added later and may not be accurate| email address of identifier is incorrect"
"f9dc87c6-1e2e-4bf7-959f-9790d8748946","CPER_007.basePlot.bet","D10","CPER","CPER_007","S","2013-09-11","2013-09-25","2013-12-24","2014-06-25","SOIi55Lib0JtmuV/AsU1NnMrtLlaa2P5Cky55uuEnNU=","NEON.BET.D10.000763","HARDES","Harpalus desertus","species",,"LeConte",,"Other",,"GdYBANHaHq+vZZwZPIC7lz81CR/a5qEOH58hbYvjOfw=","FMzDezsKKx2Vop4FQCz60pj9cxbsEccH","processingDate was added later and may not be accurate| email address of identifier is incorrect"
"a5eae32b-4f9b-4a38-8602-2e52b6f696c5","CPER_005.basePlot.bet","D10","CPER","CPER_005","W","2013-09-11","2013-09-25","2013-12-24","2014-06-25","e1AKewEwvnHOb0RQ2hlYLRjr6XJ+hdsbpwSpnj/kOT0=","NEON.BET.D10.000760","HARDES","Harpalus desertus","species",,"LeConte",,"Other",,"GdYBANHaHq+vZZwZPIC7lz81CR/a5qEOH58hbYvjOfw=","FMzDezsKKx2Vop4FQCz60pj9cxbsEccH","processingDate was added later and may not be accurate| email address of identifier is incorrect"
