uid,namedLocation,domainID,siteID,plotID,trapID,plotType,nlcdClass,decimalLatitude,decimalLongitude,geodeticDatum,coordinateUncertainty,elevation,elevationUncertainty,setDate,collectDate,eventID,daysOfTrapping,sampleCollected,sampleID,cupStatus,lidStatus,fluidLevel,samplingProtocolVersion,recordedBy,remarks
"cf912972-3f50-42b1-bc42-ddc7832eb350","MOAB_011.basePlot.bet","D13","MOAB","MOAB_011","N","distributed","shrubScrub",38.265111,-109.411809,"WGS84",20.1,1816.4,0.1,"2017-04-18","2017-05-02","MOAB.2017.19",14,"Y","MOAB_011.N.20170502","Ok","Ok","Ok","NEON.DOC.014050vK","DDNDpGyuy0rKFCYL/Fhff/iP2cvRYuokCctzc6bexHQ=",
"c50d99bc-4477-4773-9c38-61c50861ddbb","MOAB_004.basePlot.bet","D13","MOAB","MOAB_004","W","distributed","shrubScrub",38.233270,-109.397418,"WGS84",20.1,1762.7,0.1,"2017-04-18","2017-05-02","MOAB.2017.19",14,"Y","MOAB_004.W.20170502","Ok","Ok","Ok","NEON.DOC.014050vK","DDNDpGyuy0rKFCYL/Fhff/iP2cvRYuokCctzc6bexHQ=",
"ea028fd8-28a9-482b-b1ea-b6d9cc55e4e0","MOAB_011.basePlot.bet","D13","MOAB","MOAB_011","S","distributed","shrubScrub",38.265111,-109.411809,"WGS84",20.1,1816.4,0.1,"2017-04-18","2017-05-02","MOAB.2017.19",14,"Y","MOAB_011.S.20170502","Ok","Ok","Ok","NEON.DOC.014050vK","DDNDpGyuy0rKFCYL/Fhff/iP2cvRYuokCctzc6bexHQ=",
"804700a8-c1a1-4100-a4d7-e90cdbea2eed","MOAB_011.basePlot.bet","D13","MOAB","MOAB_011","E","distributed","shrubScrub",38.265111,-109.411809,"WGS84",20.1,1816.4,0.1,"2017-04-18","2017-05-02","MOAB.2017.19",14,"Y","MOAB_011.E.20170502","Ok","Ok","Ok","NEON.DOC.014050vK","DDNDpGyuy0rKFCYL/Fhff/iP2cvRYuokCctzc6bexHQ=",
"613c7b4c-631b-44d7-8f3c-b58f0eac5a07","MOAB_002.basePlot.bet","D13","MOAB","MOAB_002","E","distributed","shrubScrub",38.210793,-109.414698,"WGS84",20.1,1773.5,0.1,"2017-04-18","2017-05-02","MOAB.2017.19",14,"Y","MOAB_002.E.20170502","Ok","Ok","Ok","NEON.DOC.014050vK","DDNDpGyuy0rKFCYL/Fhff/iP2cvRYuokCctzc6bexHQ=",
"bfde249d-e2a9-4b90-9a9b-32235ce33873","MOAB_002.basePlot.bet","D13","MOAB","MOAB_002","N","distributed","shrubScrub",38.210793,-109.414698,"WGS84",20.1,1773.5,0.1,"2017-04-18","2017-05-02","MOAB.2017.19",14,"Y","MOAB_002.N.20170502","Ok","Ok","Ok","NEON.DOC.014050vK","DDNDpGyuy0rKFCYL/Fhff/iP2cvRYuokCctzc6bexHQ=",
"5268d191-9cf8-487a-8fdd-27cb1cc3d559","MOAB_002.basePlot.bet","D13","MOAB","MOAB_002","S","distributed","shrubScrub",38.210793,-109.414698,"WGS84",20.1,1773.5,0.1,"2017-04-18","2017-05-02","MOAB.2017.19",14,"Y","MOAB_002.S.20170502","Ok","Ok","Ok","NEON.DOC.014050vK","DDNDpGyuy0rKFCYL/Fhff/iP2cvRYuokCctzc6bexHQ=",
"b17d0c88-be41-473a-b50c-2a031f19e8fc","MOAB_002.basePlot.bet","D13","MOAB","MOAB_002","W","distributed","shrubScrub",38.210793,-109.414698,"WGS84",20.1,1773.5,0.1,"2017-04-18","2017-05-02","MOAB.2017.19",14,"Y","MOAB_002.W.20170502","Ok","Ok","Ok","NEON.DOC.014050vK","DDNDpGyuy0rKFCYL/Fhff/iP2cvRYuokCctzc6bexHQ=",
"5dfa408b-7545-4558-9005-d1d005a3f346","MOAB_001.basePlot.bet","D13","MOAB","MOAB_001","N","distributed","shrubScrub",38.257569,-109.413674,"WGS84",20.1,1799.4,0.1,"2017-04-18","2017-05-02","MOAB.2017.19",14,"Y","MOAB_001.N.20170502","Ok","Ok","Ok","NEON.DOC.014050vK","DDNDpGyuy0rKFCYL/Fhff/iP2cvRYuokCctzc6bexHQ=",
"a0bd91ce-f3b1-4cc5-8233-d1435fd7e23e","MOAB_001.basePlot.bet","D13","MOAB","MOAB_001","S","distributed","shrubScrub",38.257569,-109.413674,"WGS84",20.1,1799.4,0.1,"2017-04-18","2017-05-02","MOAB.2017.19",14,"Y","MOAB_001.S.20170502","Ok","Ok","Ok","NEON.DOC.014050vK","DDNDpGyuy0rKFCYL/Fhff/iP2cvRYuokCctzc6bexHQ=",
"26a32e7b-3704-48c1-9355-2f40b95a682b","MOAB_001.basePlot.bet","D13","MOAB","MOAB_001","W","distributed","shrubScrub",38.257569,-109.413674,"WGS84",20.1,1799.4,0.1,"2017-04-18","2017-05-02","MOAB.2017.19",14,"Y","MOAB_001.W.20170502","Ok","Ok","Ok","NEON.DOC.014050vK","DDNDpGyuy0rKFCYL/Fhff/iP2cvRYuokCctzc6bexHQ=",
"715d2743-6b0b-42c7-abb0-a0af01258df6","MOAB_001.basePlot.bet","D13","MOAB","MOAB_001","E","distributed","shrubScrub",38.257569,-109.413674,"WGS84",20.1,1799.4,0.1,"2017-04-18","2017-05-02","MOAB.2017.19",14,"Y","MOAB_001.E.20170502","Ok","Ok","Ok","NEON.DOC.014050vK","DDNDpGyuy0rKFCYL/Fhff/iP2cvRYuokCctzc6bexHQ=",
"2211e1d0-b99a-48fb-9dbb-af734f71b3e1","MOAB_010.basePlot.bet","D13","MOAB","MOAB_010","N","distributed","shrubScrub",38.255191,-109.378090,"WGS84",20.1,1815.7,0.1,"2017-04-18","2017-05-02","MOAB.2017.19",14,"Y","MOAB_010.N.20170502","Ok","Ok","Ok","NEON.DOC.014050vK","DDNDpGyuy0rKFCYL/Fhff/iP2cvRYuokCctzc6bexHQ=",
"0fe248f7-6a4a-48ef-ac31-d74d77927b23","MOAB_010.basePlot.bet","D13","MOAB","MOAB_010","W","distributed","shrubScrub",38.255191,-109.378090,"WGS84",20.1,1815.7,0.1,"2017-04-18","2017-05-02","MOAB.2017.19",14,"Y","MOAB_010.W.20170502","Ok","Ok","Ok","NEON.DOC.014050vK","DDNDpGyuy0rKFCYL/Fhff/iP2cvRYuokCctzc6bexHQ=",
"eb964481-c018-42f9-bbd3-617df545ae05","MOAB_010.basePlot.bet","D13","MOAB","MOAB_010","S","distributed","shrubScrub",38.255191,-109.378090,"WGS84",20.1,1815.7,0.1,"2017-04-18","2017-05-02","MOAB.2017.19",14,"Y","MOAB_010.S.20170502","Ok","Ok","Ok","NEON.DOC.014050vK","DDNDpGyuy0rKFCYL/Fhff/iP2cvRYuokCctzc6bexHQ=",
"fe6df442-be70-43f8-88cf-3fe26ccbc7ab","MOAB_010.basePlot.bet","D13","MOAB","MOAB_010","E","distributed","shrubScrub",38.255191,-109.378090,"WGS84",20.1,1815.7,0.1,"2017-04-18","2017-05-02","MOAB.2017.19",14,"Y","MOAB_010.E.20170502","Ok","Ok","Ok","NEON.DOC.014050vK","DDNDpGyuy0rKFCYL/Fhff/iP2cvRYuokCctzc6bexHQ=",
"0668b407-0cc1-4389-a59c-77aa78927d06","MOAB_007.basePlot.bet","D13","MOAB","MOAB_007","E","distributed","shrubScrub",38.265495,-109.341840,"WGS84",20.1,1996.4,0.1,"2017-04-18","2017-05-02","MOAB.2017.19",14,"Y","MOAB_007.E.20170502","Ok","Ok","Ok","NEON.DOC.014050vK","DDNDpGyuy0rKFCYL/Fhff/iP2cvRYuokCctzc6bexHQ=",
"f2afe0cc-2b99-46ad-baa3-16a2757a7b02","MOAB_007.basePlot.bet","D13","MOAB","MOAB_007","N","distributed","shrubScrub",38.265495,-109.341840,"WGS84",20.1,1996.4,0.1,"2017-04-18","2017-05-02","MOAB.2017.19",14,"Y","MOAB_007.N.20170502","Ok","Ok","Ok","NEON.DOC.014050vK","DDNDpGyuy0rKFCYL/Fhff/iP2cvRYuokCctzc6bexHQ=",
"fa2acb8f-cc8f-4cce-b1d4-02cea23e0e71","MOAB_007.basePlot.bet","D13","MOAB","MOAB_007","W","distributed","shrubScrub",38.265495,-109.341840,"WGS84",20.1,1996.4,0.1,"2017-04-18","2017-05-02","MOAB.2017.19",14,"Y","MOAB_007.W.20170502","Ok","Ok","Ok","NEON.DOC.014050vK","DDNDpGyuy0rKFCYL/Fhff/iP2cvRYuokCctzc6bexHQ=",
"78595bce-6345-433f-9bb7-ebebcf4869fa","MOAB_007.basePlot.bet","D13","MOAB","MOAB_007","S","distributed","shrubScrub",38.265495,-109.341840,"WGS84",20.1,1996.4,0.1,"2017-04-18","2017-05-02","MOAB.2017.19",14,"Y","MOAB_007.S.20170502","Ok","Ok","Ok","NEON.DOC.014050vK","DDNDpGyuy0rKFCYL/Fhff/iP2cvRYuokCctzc6bexHQ=",
"472675d1-c48d-49d2-a131-a2e7f69693f4","MOAB_009.basePlot.bet","D13","MOAB","MOAB_009","S","distributed","shrubScrub",38.258224,-109.423273,"WGS84",20.1,1793.4,0.1,"2017-04-18","2017-05-02","MOAB.2017.19",14,"Y","MOAB_009.S.20170502","Ok","Ok","Ok","NEON.DOC.014050vK","DDNDpGyuy0rKFCYL/Fhff/iP2cvRYuokCctzc6bexHQ=",
"ed2f520a-c5f8-4e1e-aa08-360ba11ae4dd","MOAB_009.basePlot.bet","D13","MOAB","MOAB_009","E","distributed","shrubScrub",38.258224,-109.423273,"WGS84",20.1,1793.4,0.1,"2017-04-18","2017-05-02","MOAB.2017.19",14,"Y","MOAB_009.E.20170502","Ok","Ok","Ok","NEON.DOC.014050vK","DDNDpGyuy0rKFCYL/Fhff/iP2cvRYuokCctzc6bexHQ=",
"3625ae9e-bf29-4199-94ed-db11d3c737ec","MOAB_009.basePlot.bet","D13","MOAB","MOAB_009","W","distributed","shrubScrub",38.258224,-109.423273,"WGS84",20.1,1793.4,0.1,"2017-04-18","2017-05-02","MOAB.2017.19",14,"Y","MOAB_009.W.20170502","Ok","Ok","Ok","NEON.DOC.014050vK","DDNDpGyuy0rKFCYL/Fhff/iP2cvRYuokCctzc6bexHQ=",
"682efc7e-aa3e-4da2-ab6a-fa8e5aa2f235","MOAB_009.basePlot.bet","D13","MOAB","MOAB_009","N","distributed","shrubScrub",38.258224,-109.423273,"WGS84",20.1,1793.4,0.1,"2017-04-18","2017-05-02","MOAB.2017.19",14,"Y","MOAB_009.N.20170502","Ok","Ok","Ok","NEON.DOC.014050vK","DDNDpGyuy0rKFCYL/Fhff/iP2cvRYuokCctzc6bexHQ=",
"e31e0eae-0f20-41f9-8393-544fe479e0b6","MOAB_005.basePlot.bet","D13","MOAB","MOAB_005","N","distributed","shrubScrub",38.210931,-109.403724,"WGS84",20.1,1768.1,0.1,"2017-04-18","2017-05-02","MOAB.2017.19",14,"Y","MOAB_005.N.20170502","Ok","Ok","Ok","NEON.DOC.014050vK","DDNDpGyuy0rKFCYL/Fhff/iP2cvRYuokCctzc6bexHQ=",
"4e03c373-c490-42e4-93d4-12b0fef737ec","MOAB_005.basePlot.bet","D13","MOAB","MOAB_005","W","distributed","shrubScrub",38.210931,-109.403724,"WGS84",20.1,1768.1,0.1,"2017-04-18","2017-05-02","MOAB.2017.19",14,"Y","MOAB_005.W.20170502","Ok","Ok","Ok","NEON.DOC.014050vK","DDNDpGyuy0rKFCYL/Fhff/iP2cvRYuokCctzc6bexHQ=",
"369ed38a-0ab0-4a72-95d6-4b95c54f511f","MOAB_005.basePlot.bet","D13","MOAB","MOAB_005","E","distributed","shrubScrub",38.210931,-109.403724,"WGS84",20.1,1768.1,0.1,"2017-04-18","2017-05-02","MOAB.2017.19",14,"Y","MOAB_005.E.20170502","Ok","Ok","Ok","NEON.DOC.014050vK","DDNDpGyuy0rKFCYL/Fhff/iP2cvRYuokCctzc6bexHQ=",
"46a981ca-57dc-4f12-a160-d87fef0d9f63","MOAB_005.basePlot.bet","D13","MOAB","MOAB_005","S","distributed","shrubScrub",38.210931,-109.403724,"WGS84",20.1,1768.1,0.1,"2017-04-18","2017-05-02","MOAB.2017.19",14,"Y","MOAB_005.S.20170502","Ok","Ok","Ok","NEON.DOC.014050vK","DDNDpGyuy0rKFCYL/Fhff/iP2cvRYuokCctzc6bexHQ=",
"c1e1bcaf-89c0-4b1e-8a24-75fbedf339fa","MOAB_006.basePlot.bet","D13","MOAB","MOAB_006","W","distributed","shrubScrub",38.236381,-109.406596,"WGS84",20.1,1760.7,0.1,"2017-04-18","2017-05-02","MOAB.2017.19",14,"Y","MOAB_006.W.20170502","Ok","Ok","Ok","NEON.DOC.014050vK","DDNDpGyuy0rKFCYL/Fhff/iP2cvRYuokCctzc6bexHQ=",
"59631411-103c-4b3b-a1a6-b34620b5926e","MOAB_006.basePlot.bet","D13","MOAB","MOAB_006","E","distributed","shrubScrub",38.236381,-109.406596,"WGS84",20.1,1760.7,0.1,"2017-04-18","2017-05-02","MOAB.2017.19",14,"Y","MOAB_006.E.20170502","Ok","Ok","Ok","NEON.DOC.014050vK","DDNDpGyuy0rKFCYL/Fhff/iP2cvRYuokCctzc6bexHQ=",
"34701fde-943c-4df1-bc6b-25319ca041f2","MOAB_006.basePlot.bet","D13","MOAB","MOAB_006","S","distributed","shrubScrub",38.236381,-109.406596,"WGS84",20.1,1760.7,0.1,"2017-04-18","2017-05-02","MOAB.2017.19",14,"Y","MOAB_006.S.20170502","Ok","Ok","Ok","NEON.DOC.014050vK","DDNDpGyuy0rKFCYL/Fhff/iP2cvRYuokCctzc6bexHQ=",
"63f4af9b-0285-4de3-87e6-30e8da514064","MOAB_006.basePlot.bet","D13","MOAB","MOAB_006","N","distributed","shrubScrub",38.236381,-109.406596,"WGS84",20.1,1760.7,0.1,"2017-04-18","2017-05-02","MOAB.2017.19",14,"Y","MOAB_006.N.20170502","Ok","Ok","Ok","NEON.DOC.014050vK","DDNDpGyuy0rKFCYL/Fhff/iP2cvRYuokCctzc6bexHQ=",
"e80a1fd7-a955-4f6e-976e-92939e0c4fa4","MOAB_003.basePlot.bet","D13","MOAB","MOAB_003","W","distributed","evergreenForest",38.261287,-109.349483,"WGS84",20.1,2006.8,0.1,"2017-04-18","2017-05-02","MOAB.2017.19",14,"Y","MOAB_003.W.20170502","Ok","Ok","Ok","NEON.DOC.014050vK","DDNDpGyuy0rKFCYL/Fhff/iP2cvRYuokCctzc6bexHQ=",
"5e693895-6fc2-47a3-a30d-d4df45ae4d4e","MOAB_003.basePlot.bet","D13","MOAB","MOAB_003","E","distributed","evergreenForest",38.261287,-109.349483,"WGS84",20.1,2006.8,0.1,"2017-04-18","2017-05-02","MOAB.2017.19",14,"Y","MOAB_003.E.20170502","Ok","Ok","Ok","NEON.DOC.014050vK","DDNDpGyuy0rKFCYL/Fhff/iP2cvRYuokCctzc6bexHQ=",
"865f2afa-14b5-4171-9cd2-bf237bb03e4d","MOAB_003.basePlot.bet","D13","MOAB","MOAB_003","N","distributed","evergreenForest",38.261287,-109.349483,"WGS84",20.1,2006.8,0.1,"2017-04-18","2017-05-02","MOAB.2017.19",14,"Y","MOAB_003.N.20170502","Ok","Ok","Ok","NEON.DOC.014050vK","DDNDpGyuy0rKFCYL/Fhff/iP2cvRYuokCctzc6bexHQ=",
"f1ee9c4b-1900-4d0c-b36f-113f3fc2ed78","MOAB_003.basePlot.bet","D13","MOAB","MOAB_003","S","distributed","evergreenForest",38.261287,-109.349483,"WGS84",20.1,2006.8,0.1,"2017-04-18","2017-05-02","MOAB.2017.19",14,"Y","MOAB_003.S.20170502","Ok","Ok","Ok","NEON.DOC.014050vK","DDNDpGyuy0rKFCYL/Fhff/iP2cvRYuokCctzc6bexHQ=",
"4b18f2fa-23b2-4ffc-9023-d0260dd3f4c7","MOAB_004.basePlot.bet","D13","MOAB","MOAB_004","E","distributed","shrubScrub",38.233270,-109.397418,"WGS84",20.1,1762.7,0.1,"2017-04-18","2017-05-02","MOAB.2017.19",14,"Y","MOAB_004.E.20170502","Ok","Ok","Ok","NEON.DOC.014050vK","DDNDpGyuy0rKFCYL/Fhff/iP2cvRYuokCctzc6bexHQ=",
"958b3837-42f8-413d-8d93-f35eb0c82553","MOAB_004.basePlot.bet","D13","MOAB","MOAB_004","S","distributed","shrubScrub",38.233270,-109.397418,"WGS84",20.1,1762.7,0.1,"2017-04-18","2017-05-02","MOAB.2017.19",14,"Y","MOAB_004.S.20170502","Ok","Ok","Ok","NEON.DOC.014050vK","DDNDpGyuy0rKFCYL/Fhff/iP2cvRYuokCctzc6bexHQ=",
"9b97267a-63bf-4247-9ba5-072798b8809f","MOAB_004.basePlot.bet","D13","MOAB","MOAB_004","N","distributed","shrubScrub",38.233270,-109.397418,"WGS84",20.1,1762.7,0.1,"2017-04-18","2017-05-02","MOAB.2017.19",14,"Y","MOAB_004.N.20170502","Ok","Ok","Ok","NEON.DOC.014050vK","DDNDpGyuy0rKFCYL/Fhff/iP2cvRYuokCctzc6bexHQ=",
"0538ae94-3612-4475-832b-3245acbd44d2","MOAB_011.basePlot.bet","D13","MOAB","MOAB_011","W","distributed","shrubScrub",38.265111,-109.411809,"WGS84",20.1,1816.4,0.1,"2017-04-18","2017-05-02","MOAB.2017.19",14,"Y","MOAB_011.W.20170502","Ok","Ok","Ok","NEON.DOC.014050vK","DDNDpGyuy0rKFCYL/Fhff/iP2cvRYuokCctzc6bexHQ=",
"7f5d80b4-954b-4987-9983-f018f73fcdb5","MOAB_007.basePlot.bet","D13","MOAB","MOAB_007","W","distributed","shrubScrub",38.265495,-109.341840,"WGS84",20.1,1996.4,0.1,"2017-05-02","2017-05-16","MOAB.2017.21",14,"Y","MOAB_007.W.20170516","Ok","Ok","Ok","NEON.DOC.014050vK","nA0eDeTb2GamOB0hPxAC4MYFeE/k2ZzqoPCJ0RDgdZc=",
"50e4ad13-bae8-414d-8077-e87f70ab2930","MOAB_007.basePlot.bet","D13","MOAB","MOAB_007","N","distributed","shrubScrub",38.265495,-109.341840,"WGS84",20.1,1996.4,0.1,"2017-05-02","2017-05-16","MOAB.2017.21",14,"Y","MOAB_007.N.20170516","Ok","Ok","Ok","NEON.DOC.014050vK","nA0eDeTb2GamOB0hPxAC4MYFeE/k2ZzqoPCJ0RDgdZc=",
"9d553abf-4b91-4f58-b901-1497e2766361","MOAB_007.basePlot.bet","D13","MOAB","MOAB_007","S","distributed","shrubScrub",38.265495,-109.341840,"WGS84",20.1,1996.4,0.1,"2017-05-02","2017-05-16","MOAB.2017.21",14,"Y","MOAB_007.S.20170516","Ok","Ok","Ok","NEON.DOC.014050vK","nA0eDeTb2GamOB0hPxAC4MYFeE/k2ZzqoPCJ0RDgdZc=",
"ad9df23a-79bc-47b6-af45-2268261fb400","MOAB_007.basePlot.bet","D13","MOAB","MOAB_007","E","distributed","shrubScrub",38.265495,-109.341840,"WGS84",20.1,1996.4,0.1,"2017-05-02","2017-05-16","MOAB.2017.21",14,"Y","MOAB_007.E.20170516","Ok","Ok","Ok","NEON.DOC.014050vK","nA0eDeTb2GamOB0hPxAC4MYFeE/k2ZzqoPCJ0RDgdZc=",
"e98ee7a1-9cfb-44b6-bc02-3eefbc823694","MOAB_002.basePlot.bet","D13","MOAB","MOAB_002","W","distributed","shrubScrub",38.210793,-109.414698,"WGS84",20.1,1773.5,0.1,"2017-05-02","2017-05-16","MOAB.2017.21",14,"Y","MOAB_002.W.20170516","Ok","Ok","Ok","NEON.DOC.014050vK","DDNDpGyuy0rKFCYL/Fhff/iP2cvRYuokCctzc6bexHQ=",
"2b996937-214e-487b-9e5e-f9d4199436d5","MOAB_005.basePlot.bet","D13","MOAB","MOAB_005","E","distributed","shrubScrub",38.210931,-109.403724,"WGS84",20.1,1768.1,0.1,"2017-05-02","2017-05-16","MOAB.2017.21",14,"Y","MOAB_005.E.20170516","Ok","Ok","Ok","NEON.DOC.014050vK","DDNDpGyuy0rKFCYL/Fhff/iP2cvRYuokCctzc6bexHQ=",
"e4993501-a1bf-47ca-9d8d-71ff8eb6a775","MOAB_005.basePlot.bet","D13","MOAB","MOAB_005","N","distributed","shrubScrub",38.210931,-109.403724,"WGS84",20.1,1768.1,0.1,"2017-05-02","2017-05-16","MOAB.2017.21",14,"Y","MOAB_005.N.20170516","Ok","Ok","Ok","NEON.DOC.014050vK","DDNDpGyuy0rKFCYL/Fhff/iP2cvRYuokCctzc6bexHQ=",
"0eb75bfb-225f-427e-944f-f1f73a303f1c","MOAB_005.basePlot.bet","D13","MOAB","MOAB_005","S","distributed","shrubScrub",38.210931,-109.403724,"WGS84",20.1,1768.1,0.1,"2017-05-02","2017-05-16","MOAB.2017.21",14,"Y","MOAB_005.S.20170516","Ok","Ok","Ok","NEON.DOC.014050vK","DDNDpGyuy0rKFCYL/Fhff/iP2cvRYuokCctzc6bexHQ=",
"05264b8f-b06c-431b-9d3c-678d288ebe61","MOAB_005.basePlot.bet","D13","MOAB","MOAB_005","W","distributed","shrubScrub",38.210931,-109.403724,"WGS84",20.1,1768.1,0.1,"2017-05-02","2017-05-16","MOAB.2017.21",14,"Y","MOAB_005.W.20170516","Ok","Ok","Ok","NEON.DOC.014050vK","DDNDpGyuy0rKFCYL/Fhff/iP2cvRYuokCctzc6bexHQ=",
"b6ca1d3a-8310-458b-8dcf-56ffc90656e2","MOAB_006.basePlot.bet","D13","MOAB","MOAB_006","W","distributed","shrubScrub",38.236381,-109.406596,"WGS84",20.1,1760.7,0.1,"2017-05-02","2017-05-16","MOAB.2017.21",14,"Y","MOAB_006.W.20170516","Ok","Ok","Ok","NEON.DOC.014050vK","DDNDpGyuy0rKFCYL/Fhff/iP2cvRYuokCctzc6bexHQ=",
"03071c38-26ff-43e5-b3fa-ddfd66610038","MOAB_006.basePlot.bet","D13","MOAB","MOAB_006","N","distributed","shrubScrub",38.236381,-109.406596,"WGS84",20.1,1760.7,0.1,"2017-05-02","2017-05-16","MOAB.2017.21",14,"Y","MOAB_006.N.20170516","Ok","Ok","Low","NEON.DOC.014050vK","DDNDpGyuy0rKFCYL/Fhff/iP2cvRYuokCctzc6bexHQ=",
"e6ddca5f-eb55-4b60-ae0c-c68b9be81787","MOAB_006.basePlot.bet","D13","MOAB","MOAB_006","E","distributed","shrubScrub",38.236381,-109.406596,"WGS84",20.1,1760.7,0.1,"2017-05-02","2017-05-16","MOAB.2017.21",14,"Y","MOAB_006.E.20170516","Ok","Ok","Ok","NEON.DOC.014050vK","DDNDpGyuy0rKFCYL/Fhff/iP2cvRYuokCctzc6bexHQ=",
"dfb2f570-b12c-4dfa-b7f3-18cad8998f16","MOAB_006.basePlot.bet","D13","MOAB","MOAB_006","S","distributed","shrubScrub",38.236381,-109.406596,"WGS84",20.1,1760.7,0.1,"2017-05-02","2017-05-16","MOAB.2017.21",14,"Y","MOAB_006.S.20170516","Ok","Ok","Ok","NEON.DOC.014050vK","DDNDpGyuy0rKFCYL/Fhff/iP2cvRYuokCctzc6bexHQ=",
"4a2e0490-f8a2-49c6-8523-c10f0cf9a8d2","MOAB_004.basePlot.bet","D13","MOAB","MOAB_004","S","distributed","shrubScrub",38.233270,-109.397418,"WGS84",20.1,1762.7,0.1,"2017-05-02","2017-05-16","MOAB.2017.21",14,"Y","MOAB_004.S.20170516","Ok","Ok","Ok","NEON.DOC.014050vK","DDNDpGyuy0rKFCYL/Fhff/iP2cvRYuokCctzc6bexHQ=",
"0cd6ee57-1704-4a22-8d6e-0e488076a810","MOAB_004.basePlot.bet","D13","MOAB","MOAB_004","W","distributed","shrubScrub",38.233270,-109.397418,"WGS84",20.1,1762.7,0.1,"2017-05-02","2017-05-16","MOAB.2017.21",14,"Y","MOAB_004.W.20170516","Ok","Ok","Ok","NEON.DOC.014050vK","DDNDpGyuy0rKFCYL/Fhff/iP2cvRYuokCctzc6bexHQ=",
"ab7700ee-bf01-4497-afcf-662aa4d95749","MOAB_004.basePlot.bet","D13","MOAB","MOAB_004","N","distributed","shrubScrub",38.233270,-109.397418,"WGS84",20.1,1762.7,0.1,"2017-05-02","2017-05-16","MOAB.2017.21",14,"Y","MOAB_004.N.20170516","Ok","Ok","Ok","NEON.DOC.014050vK","DDNDpGyuy0rKFCYL/Fhff/iP2cvRYuokCctzc6bexHQ=","Vertebrate Bycatch"
"396b7766-de81-4fcc-9f74-fcb7826df7c4","MOAB_004.basePlot.bet","D13","MOAB","MOAB_004","E","distributed","shrubScrub",38.233270,-109.397418,"WGS84",20.1,1762.7,0.1,"2017-05-02","2017-05-16","MOAB.2017.21",14,"Y","MOAB_004.E.20170516","Ok","Ok","Ok","NEON.DOC.014050vK","DDNDpGyuy0rKFCYL/Fhff/iP2cvRYuokCctzc6bexHQ=","Vertebrate Bycatch"
"473a9bb1-1621-4bb9-bc95-82ee9373cb1f","MOAB_010.basePlot.bet","D13","MOAB","MOAB_010","N","distributed","shrubScrub",38.255191,-109.378090,"WGS84",20.1,1815.7,0.1,"2017-05-02","2017-05-16","MOAB.2017.21",14,"Y","MOAB_010.N.20170516","Ok","Ok","Ok","NEON.DOC.014050vK","DDNDpGyuy0rKFCYL/Fhff/iP2cvRYuokCctzc6bexHQ=",
"66c31786-e05f-4354-a05a-0aa365358088","MOAB_010.basePlot.bet","D13","MOAB","MOAB_010","E","distributed","shrubScrub",38.255191,-109.378090,"WGS84",20.1,1815.7,0.1,"2017-05-02","2017-05-16","MOAB.2017.21",14,"Y","MOAB_010.E.20170516","Ok","Ok","Ok","NEON.DOC.014050vK","DDNDpGyuy0rKFCYL/Fhff/iP2cvRYuokCctzc6bexHQ=",
"dacaa336-8ddb-4700-ad2a-6a6f2a5a389e","MOAB_010.basePlot.bet","D13","MOAB","MOAB_010","S","distributed","shrubScrub",38.255191,-109.378090,"WGS84",20.1,1815.7,0.1,"2017-05-02","2017-05-16","MOAB.2017.21",14,"Y","MOAB_010.S.20170516","Ok","Ok","Ok","NEON.DOC.014050vK","DDNDpGyuy0rKFCYL/Fhff/iP2cvRYuokCctzc6bexHQ=",
"30ca1ace-9000-42f9-bd09-48e1551e8a90","MOAB_010.basePlot.bet","D13","MOAB","MOAB_010","W","distributed","shrubScrub",38.255191,-109.378090,"WGS84",20.1,1815.7,0.1,"2017-05-02","2017-05-16","MOAB.2017.21",14,"Y","MOAB_010.W.20170516","Ok","Ok","Ok","NEON.DOC.014050vK","DDNDpGyuy0rKFCYL/Fhff/iP2cvRYuokCctzc6bexHQ=",
"a3181e52-6527-4a3c-b675-78216de7706c","MOAB_001.basePlot.bet","D13","MOAB","MOAB_001","W","distributed","shrubScrub",38.257569,-109.413674,"WGS84",20.1,1799.4,0.1,"2017-05-02","2017-05-16","MOAB.2017.21",14,"Y","MOAB_001.W.20170516","Ok","Ok","Ok","NEON.DOC.014050vK","DDNDpGyuy0rKFCYL/Fhff/iP2cvRYuokCctzc6bexHQ=",
"8a252dbd-20dc-4e98-96c2-92606412917c","MOAB_001.basePlot.bet","D13","MOAB","MOAB_001","S","distributed","shrubScrub",38.257569,-109.413674,"WGS84",20.1,1799.4,0.1,"2017-05-02","2017-05-16","MOAB.2017.21",14,"Y","MOAB_001.S.20170516","Ok","Ok","Ok","NEON.DOC.014050vK","DDNDpGyuy0rKFCYL/Fhff/iP2cvRYuokCctzc6bexHQ=",
"b549984b-872e-4bde-a2d5-099cade986de","MOAB_001.basePlot.bet","D13","MOAB","MOAB_001","N","distributed","shrubScrub",38.257569,-109.413674,"WGS84",20.1,1799.4,0.1,"2017-05-02","2017-05-16","MOAB.2017.21",14,"Y","MOAB_001.N.20170516","Ok","Ok","Ok","NEON.DOC.014050vK","DDNDpGyuy0rKFCYL/Fhff/iP2cvRYuokCctzc6bexHQ=",
"fd971b18-7347-45b4-a5a4-b62563298758","MOAB_002.basePlot.bet","D13","MOAB","MOAB_002","N","distributed","shrubScrub",38.210793,-109.414698,"WGS84",20.1,1773.5,0.1,"2017-05-02","2017-05-16","MOAB.2017.21",14,"Y","MOAB_002.N.20170516","Ok","Ok","Low","NEON.DOC.014050vK","DDNDpGyuy0rKFCYL/Fhff/iP2cvRYuokCctzc6bexHQ=",
"9d3e596a-9001-46d9-9465-8ab3be8f4580","MOAB_002.basePlot.bet","D13","MOAB","MOAB_002","E","distributed","shrubScrub",38.210793,-109.414698,"WGS84",20.1,1773.5,0.1,"2017-05-02","2017-05-16","MOAB.2017.21",14,"Y","MOAB_002.E.20170516","Ok","Ok","Low","NEON.DOC.014050vK","DDNDpGyuy0rKFCYL/Fhff/iP2cvRYuokCctzc6bexHQ=",
"26cc53f5-9856-4dc0-9508-32318ecc927b","MOAB_001.basePlot.bet","D13","MOAB","MOAB_001","E","distributed","shrubScrub",38.257569,-109.413674,"WGS84",20.1,1799.4,0.1,"2017-05-02","2017-05-16","MOAB.2017.21",14,"Y","MOAB_001.E.20170516","Ok","Ok","Ok","NEON.DOC.014050vK","DDNDpGyuy0rKFCYL/Fhff/iP2cvRYuokCctzc6bexHQ=",
"133e924e-5848-4289-8b9c-c3314a505914","MOAB_011.basePlot.bet","D13","MOAB","MOAB_011","S","distributed","shrubScrub",38.265111,-109.411809,"WGS84",20.1,1816.4,0.1,"2017-05-02","2017-05-16","MOAB.2017.21",14,"Y","MOAB_011.S.20170516","Ok","Ok","Ok","NEON.DOC.014050vK","DDNDpGyuy0rKFCYL/Fhff/iP2cvRYuokCctzc6bexHQ=",
"f069f084-89b7-4d51-8fc8-9ccae3783958","MOAB_002.basePlot.bet","D13","MOAB","MOAB_002","S","distributed","shrubScrub",38.210793,-109.414698,"WGS84",20.1,1773.5,0.1,"2017-05-02","2017-05-16","MOAB.2017.21",14,"Y","MOAB_002.S.20170516","Ok","Ok","Ok","NEON.DOC.014050vK","DDNDpGyuy0rKFCYL/Fhff/iP2cvRYuokCctzc6bexHQ=",
"8fe774b8-17fd-4396-ba5a-b58d9c4a8ce2","MOAB_011.basePlot.bet","D13","MOAB","MOAB_011","E","distributed","shrubScrub",38.265111,-109.411809,"WGS84",20.1,1816.4,0.1,"2017-05-02","2017-05-16","MOAB.2017.21",14,"Y","MOAB_011.E.20170516","Ok","Ok","Ok","NEON.DOC.014050vK","DDNDpGyuy0rKFCYL/Fhff/iP2cvRYuokCctzc6bexHQ=",
"54674644-3ada-4273-a9a5-f1e07545fc49","MOAB_011.basePlot.bet","D13","MOAB","MOAB_011","W","distributed","shrubScrub",38.265111,-109.411809,"WGS84",20.1,1816.4,0.1,"2017-05-02","2017-05-16","MOAB.2017.21",14,"Y","MOAB_011.W.20170516","Ok","Ok","Ok","NEON.DOC.014050vK","DDNDpGyuy0rKFCYL/Fhff/iP2cvRYuokCctzc6bexHQ=",
"28c968ba-e141-472a-b62e-b068c92c2268","MOAB_011.basePlot.bet","D13","MOAB","MOAB_011","N","distributed","shrubScrub",38.265111,-109.411809,"WGS84",20.1,1816.4,0.1,"2017-05-02","2017-05-16","MOAB.2017.21",14,"Y","MOAB_011.N.20170516","Ok","Ok","Ok","NEON.DOC.014050vK","DDNDpGyuy0rKFCYL/Fhff/iP2cvRYuokCctzc6bexHQ=",
"5355d2c5-0621-488d-9d5e-452b414b8338","MOAB_009.basePlot.bet","D13","MOAB","MOAB_009","N","distributed","shrubScrub",38.258224,-109.423273,"WGS84",20.1,1793.4,0.1,"2017-05-02","2017-05-16","MOAB.2017.21",14,"Y","MOAB_009.N.20170516","Ok","Ok","Ok","NEON.DOC.014050vK","nA0eDeTb2GamOB0hPxAC4MYFeE/k2ZzqoPCJ0RDgdZc=",
"a6b6bed6-b199-4993-9329-45abdbc5e558","MOAB_009.basePlot.bet","D13","MOAB","MOAB_009","W","distributed","shrubScrub",38.258224,-109.423273,"WGS84",20.1,1793.4,0.1,"2017-05-02","2017-05-16","MOAB.2017.21",14,"Y","MOAB_009.W.20170516","Ok","Ok","Ok","NEON.DOC.014050vK","nA0eDeTb2GamOB0hPxAC4MYFeE/k2ZzqoPCJ0RDgdZc=",
"d7fe0b0d-bc77-47aa-a99d-4b4a16954a0e","MOAB_009.basePlot.bet","D13","MOAB","MOAB_009","S","distributed","shrubScrub",38.258224,-109.423273,"WGS84",20.1,1793.4,0.1,"2017-05-02","2017-05-16","MOAB.2017.21",14,"Y","MOAB_009.S.20170516","Ok","Ok","Ok","NEON.DOC.014050vK","nA0eDeTb2GamOB0hPxAC4MYFeE/k2ZzqoPCJ0RDgdZc=",
"7ce91796-3971-4215-b49e-5740f2587413","MOAB_003.basePlot.bet","D13","MOAB","MOAB_003","N","distributed","evergreenForest",38.261287,-109.349483,"WGS84",20.1,2006.8,0.1,"2017-05-02","2017-05-16","MOAB.2017.21",14,"Y","MOAB_003.N.20170516","Ok","Ok","Ok","NEON.DOC.014050vK","nA0eDeTb2GamOB0hPxAC4MYFeE/k2ZzqoPCJ0RDgdZc=",
"c988f915-f08b-4309-b356-b7afb8f383a3","MOAB_003.basePlot.bet","D13","MOAB","MOAB_003","E","distributed","evergreenForest",38.261287,-109.349483,"WGS84",20.1,2006.8,0.1,"2017-05-02","2017-05-16","MOAB.2017.21",14,"Y","MOAB_003.E.20170516","Ok","Ok","Ok","NEON.DOC.014050vK","nA0eDeTb2GamOB0hPxAC4MYFeE/k2ZzqoPCJ0RDgdZc=",
"b1ab0ee1-0632-4e74-8726-891eb5ee61a8","MOAB_009.basePlot.bet","D13","MOAB","MOAB_009","E","distributed","shrubScrub",38.258224,-109.423273,"WGS84",20.1,1793.4,0.1,"2017-05-02","2017-05-16","MOAB.2017.21",14,"Y","MOAB_009.E.20170516","Ok","Ok","Ok","NEON.DOC.014050vK","nA0eDeTb2GamOB0hPxAC4MYFeE/k2ZzqoPCJ0RDgdZc=",
"03c70a17-0077-4a5f-b67d-6d9f10c731ef","MOAB_003.basePlot.bet","D13","MOAB","MOAB_003","W","distributed","evergreenForest",38.261287,-109.349483,"WGS84",20.1,2006.8,0.1,"2017-05-02","2017-05-16","MOAB.2017.21",14,"Y","MOAB_003.W.20170516","Disturbed","Disturbed","Ok","NEON.DOC.014050vK","nA0eDeTb2GamOB0hPxAC4MYFeE/k2ZzqoPCJ0RDgdZc=","Lid raised and cup outside of hole but PG and catch still present. Likely human disturbance"
"20e469d2-ba3f-4b2b-a49a-2d2fc6a3eea2","MOAB_003.basePlot.bet","D13","MOAB","MOAB_003","S","distributed","evergreenForest",38.261287,-109.349483,"WGS84",20.1,2006.8,0.1,"2017-05-02","2017-05-16","MOAB.2017.21",14,"Y","MOAB_003.S.20170516","Ok","Ok","Ok","NEON.DOC.014050vK","nA0eDeTb2GamOB0hPxAC4MYFeE/k2ZzqoPCJ0RDgdZc=",
"4521d8c0-4048-44b1-80dd-2074595f137b","MOAB_004.basePlot.bet","D13","MOAB","MOAB_004","E","distributed","shrubScrub",38.233270,-109.397418,"WGS84",20.1,1762.7,0.1,"2017-05-16","2017-05-30","MOAB.2017.23",14,"Y","MOAB_004.E.20170530","Ok","Ok","Ok","NEON.DOC.014050vK","nA0eDeTb2GamOB0hPxAC4MYFeE/k2ZzqoPCJ0RDgdZc=",
"515f9ec5-386e-4272-8163-2e748c72ddd9","MOAB_003.basePlot.bet","D13","MOAB","MOAB_003","N","distributed","evergreenForest",38.261287,-109.349483,"WGS84",20.1,2006.8,0.1,"2017-05-16","2017-05-30","MOAB.2017.23",14,"Y","MOAB_003.N.20170530","Ok","Ok","Ok","NEON.DOC.014050vK","nA0eDeTb2GamOB0hPxAC4MYFeE/k2ZzqoPCJ0RDgdZc=",
"7b531a9b-d0ed-4333-b17c-fac2de919b59","MOAB_004.basePlot.bet","D13","MOAB","MOAB_004","N","distributed","shrubScrub",38.233270,-109.397418,"WGS84",20.1,1762.7,0.1,"2017-05-16","2017-05-30","MOAB.2017.23",14,"Y","MOAB_004.N.20170530","Ok","Ok","Ok","NEON.DOC.014050vK","nA0eDeTb2GamOB0hPxAC4MYFeE/k2ZzqoPCJ0RDgdZc=",
"72cff115-796a-4bdc-949b-e4d7b22cb2a6","MOAB_004.basePlot.bet","D13","MOAB","MOAB_004","S","distributed","shrubScrub",38.233270,-109.397418,"WGS84",20.1,1762.7,0.1,"2017-05-16","2017-05-30","MOAB.2017.23",14,"Y","MOAB_004.S.20170530","Ok","Ok","Ok","NEON.DOC.014050vK","nA0eDeTb2GamOB0hPxAC4MYFeE/k2ZzqoPCJ0RDgdZc=",
"ed9939ba-5d0d-49da-aeb0-8e7d7562e3b4","MOAB_003.basePlot.bet","D13","MOAB","MOAB_003","S","distributed","evergreenForest",38.261287,-109.349483,"WGS84",20.1,2006.8,0.1,"2017-05-16","2017-05-30","MOAB.2017.23",14,"Y","MOAB_003.S.20170530","Ok","Ok","Ok","NEON.DOC.014050vK","nA0eDeTb2GamOB0hPxAC4MYFeE/k2ZzqoPCJ0RDgdZc=",
"d612386b-9494-4d1c-b085-c03d117eb846","MOAB_006.basePlot.bet","D13","MOAB","MOAB_006","W","distributed","shrubScrub",38.236381,-109.406596,"WGS84",20.1,1760.7,0.1,"2017-05-16","2017-05-30","MOAB.2017.23",14,"Y","MOAB_006.W.20170530","Ok","Ok","Ok","NEON.DOC.014050vK","nA0eDeTb2GamOB0hPxAC4MYFeE/k2ZzqoPCJ0RDgdZc=",
"392b4b44-3f46-484c-b510-a50627bf11be","MOAB_006.basePlot.bet","D13","MOAB","MOAB_006","E","distributed","shrubScrub",38.236381,-109.406596,"WGS84",20.1,1760.7,0.1,"2017-05-16","2017-05-30","MOAB.2017.23",14,"Y","MOAB_006.E.20170530","Ok","Ok","Ok","NEON.DOC.014050vK","nA0eDeTb2GamOB0hPxAC4MYFeE/k2ZzqoPCJ0RDgdZc=",
"4927fe9a-0d38-4e1d-a7ae-7646f397d1fa","MOAB_003.basePlot.bet","D13","MOAB","MOAB_003","W","distributed","evergreenForest",38.261287,-109.349483,"WGS84",20.1,2006.8,0.1,"2017-05-16","2017-05-30","MOAB.2017.23",14,"Y","MOAB_003.W.20170530","Ok","Ok","Ok","NEON.DOC.014050vK","nA0eDeTb2GamOB0hPxAC4MYFeE/k2ZzqoPCJ0RDgdZc=",
"f4d8a6f3-b824-48b9-b9dd-66887c55e458","MOAB_005.basePlot.bet","D13","MOAB","MOAB_005","N","distributed","shrubScrub",38.210931,-109.403724,"WGS84",20.1,1768.1,0.1,"2017-05-16","2017-05-30","MOAB.2017.23",14,"Y","MOAB_005.N.20170530","Ok","Ok","Ok","NEON.DOC.014050vK","DDNDpGyuy0rKFCYL/Fhff/iP2cvRYuokCctzc6bexHQ=",
"9599c041-9e2c-496d-827c-473ce4825d2b","MOAB_006.basePlot.bet","D13","MOAB","MOAB_006","S","distributed","shrubScrub",38.236381,-109.406596,"WGS84",20.1,1760.7,0.1,"2017-05-16","2017-05-30","MOAB.2017.23",14,"Y","MOAB_006.S.20170530","Ok","Ok","Ok","NEON.DOC.014050vK","nA0eDeTb2GamOB0hPxAC4MYFeE/k2ZzqoPCJ0RDgdZc=",
"ec28dec5-5d7e-4700-84c9-adb21f3d12bb","MOAB_006.basePlot.bet","D13","MOAB","MOAB_006","N","distributed","shrubScrub",38.236381,-109.406596,"WGS84",20.1,1760.7,0.1,"2017-05-16","2017-05-30","MOAB.2017.23",14,"Y","MOAB_006.N.20170530","Ok","Ok","Ok","NEON.DOC.014050vK","nA0eDeTb2GamOB0hPxAC4MYFeE/k2ZzqoPCJ0RDgdZc=",
"64b1e0bc-699a-4b46-803f-0472d85ebad5","MOAB_005.basePlot.bet","D13","MOAB","MOAB_005","S","distributed","shrubScrub",38.210931,-109.403724,"WGS84",20.1,1768.1,0.1,"2017-05-16","2017-05-30","MOAB.2017.23",14,"Y","MOAB_005.S.20170530","Ok","Ok","Ok","NEON.DOC.014050vK","DDNDpGyuy0rKFCYL/Fhff/iP2cvRYuokCctzc6bexHQ=",
"d401d84f-d942-4160-97c0-7291ecfb33e9","MOAB_005.basePlot.bet","D13","MOAB","MOAB_005","E","distributed","shrubScrub",38.210931,-109.403724,"WGS84",20.1,1768.1,0.1,"2017-05-16","2017-05-30","MOAB.2017.23",14,"Y","MOAB_005.E.20170530","Ok","Ok","Ok","NEON.DOC.014050vK","DDNDpGyuy0rKFCYL/Fhff/iP2cvRYuokCctzc6bexHQ=",
"077c51ac-d475-410b-85a7-e7c29eecccf2","MOAB_005.basePlot.bet","D13","MOAB","MOAB_005","W","distributed","shrubScrub",38.210931,-109.403724,"WGS84",20.1,1768.1,0.1,"2017-05-16","2017-05-30","MOAB.2017.23",14,"Y","MOAB_005.W.20170530","Ok","Ok","Ok","NEON.DOC.014050vK","DDNDpGyuy0rKFCYL/Fhff/iP2cvRYuokCctzc6bexHQ=",
"57ca83c0-b1fd-460a-8995-6b7b90e26a5c","MOAB_009.basePlot.bet","D13","MOAB","MOAB_009","W","distributed","shrubScrub",38.258224,-109.423273,"WGS84",20.1,1793.4,0.1,"2017-05-16","2017-05-30","MOAB.2017.23",14,"Y","MOAB_009.W.20170530","Ok","Ok","Low","NEON.DOC.014050vK","nA0eDeTb2GamOB0hPxAC4MYFeE/k2ZzqoPCJ0RDgdZc=",
"e27492de-5653-4dfd-803d-db35ba7dae27","MOAB_009.basePlot.bet","D13","MOAB","MOAB_009","N","distributed","shrubScrub",38.258224,-109.423273,"WGS84",20.1,1793.4,0.1,"2017-05-16","2017-05-30","MOAB.2017.23",14,"Y","MOAB_009.N.20170530","Ok","Ok","Low","NEON.DOC.014050vK","nA0eDeTb2GamOB0hPxAC4MYFeE/k2ZzqoPCJ0RDgdZc=",
"30e999c5-e26e-4c85-9eb8-cea3e34b8bc2","MOAB_009.basePlot.bet","D13","MOAB","MOAB_009","E","distributed","shrubScrub",38.258224,-109.423273,"WGS84",20.1,1793.4,0.1,"2017-05-16","2017-05-30","MOAB.2017.23",14,"Y","MOAB_009.E.20170530","Ok","Ok","Low","NEON.DOC.014050vK","nA0eDeTb2GamOB0hPxAC4MYFeE/k2ZzqoPCJ0RDgdZc=",
"a72533df-9ffb-4590-8988-f7119ae47804","MOAB_007.basePlot.bet","D13","MOAB","MOAB_007","N","distributed","shrubScrub",38.265495,-109.341840,"WGS84",20.1,1996.4,0.1,"2017-05-16","2017-05-30","MOAB.2017.23",14,"Y","MOAB_007.N.20170530","Ok","Ok","Low","NEON.DOC.014050vK","nA0eDeTb2GamOB0hPxAC4MYFeE/k2ZzqoPCJ0RDgdZc=",
"87e5b8b4-ed90-4504-8770-f84deec5a641","MOAB_007.basePlot.bet","D13","MOAB","MOAB_007","S","distributed","shrubScrub",38.265495,-109.341840,"WGS84",20.1,1996.4,0.1,"2017-05-16","2017-05-30","MOAB.2017.23",14,"Y","MOAB_007.S.20170530","Ok","Ok","Ok","NEON.DOC.014050vK","nA0eDeTb2GamOB0hPxAC4MYFeE/k2ZzqoPCJ0RDgdZc=",
"51476d75-3f5a-482d-8bdc-e39544946331","MOAB_009.basePlot.bet","D13","MOAB","MOAB_009","S","distributed","shrubScrub",38.258224,-109.423273,"WGS84",20.1,1793.4,0.1,"2017-05-16","2017-05-30","MOAB.2017.23",14,"Y","MOAB_009.S.20170530","Ok","Ok","Ok","NEON.DOC.014050vK","nA0eDeTb2GamOB0hPxAC4MYFeE/k2ZzqoPCJ0RDgdZc=",
"b356c9f1-061d-4efe-ae0b-f4d14bb6a1f3","MOAB_010.basePlot.bet","D13","MOAB","MOAB_010","E","distributed","shrubScrub",38.255191,-109.378090,"WGS84",20.1,1815.7,0.1,"2017-05-16","2017-05-30","MOAB.2017.23",14,"Y","MOAB_010.E.20170530","Ok","Ok","Ok","NEON.DOC.014050vK","DDNDpGyuy0rKFCYL/Fhff/iP2cvRYuokCctzc6bexHQ=",
"524355e5-b758-4805-b604-7f2ea52a89b8","MOAB_007.basePlot.bet","D13","MOAB","MOAB_007","E","distributed","shrubScrub",38.265495,-109.341840,"WGS84",20.1,1996.4,0.1,"2017-05-16","2017-05-30","MOAB.2017.23",14,"Y","MOAB_007.E.20170530","Ok","Ok","Ok","NEON.DOC.014050vK","nA0eDeTb2GamOB0hPxAC4MYFeE/k2ZzqoPCJ0RDgdZc=",
"9bd7e326-1271-4f0f-8309-912e87f670fc","MOAB_007.basePlot.bet","D13","MOAB","MOAB_007","W","distributed","shrubScrub",38.265495,-109.341840,"WGS84",20.1,1996.4,0.1,"2017-05-16","2017-05-30","MOAB.2017.23",14,"Y","MOAB_007.W.20170530","Ok","Ok","Low","NEON.DOC.014050vK","nA0eDeTb2GamOB0hPxAC4MYFeE/k2ZzqoPCJ0RDgdZc=",
"ec43e3a2-e2cc-45ea-bcb7-2552e674e459","MOAB_010.basePlot.bet","D13","MOAB","MOAB_010","N","distributed","shrubScrub",38.255191,-109.378090,"WGS84",20.1,1815.7,0.1,"2017-05-16","2017-05-30","MOAB.2017.23",14,"Y","MOAB_010.N.20170530","Ok","Ok","Ok","NEON.DOC.014050vK","DDNDpGyuy0rKFCYL/Fhff/iP2cvRYuokCctzc6bexHQ=",
"b96ebea6-2b4c-4027-b4fb-9aa5cc9fa392","MOAB_010.basePlot.bet","D13","MOAB","MOAB_010","W","distributed","shrubScrub",38.255191,-109.378090,"WGS84",20.1,1815.7,0.1,"2017-05-16","2017-05-30","MOAB.2017.23",14,"Y","MOAB_010.W.20170530","Ok","Ok","Ok","NEON.DOC.014050vK","DDNDpGyuy0rKFCYL/Fhff/iP2cvRYuokCctzc6bexHQ=",
"ef496c8a-2aea-4f1e-84f5-1b84eb74cd27","MOAB_010.basePlot.bet","D13","MOAB","MOAB_010","S","distributed","shrubScrub",38.255191,-109.378090,"WGS84",20.1,1815.7,0.1,"2017-05-16","2017-05-30","MOAB.2017.23",14,"Y","MOAB_010.S.20170530","Ok","Ok","Ok","NEON.DOC.014050vK","DDNDpGyuy0rKFCYL/Fhff/iP2cvRYuokCctzc6bexHQ=",
"020a28c8-8062-4d1e-9167-2cd48675f204","MOAB_001.basePlot.bet","D13","MOAB","MOAB_001","S","distributed","shrubScrub",38.257569,-109.413674,"WGS84",20.1,1799.4,0.1,"2017-05-16","2017-05-30","MOAB.2017.23",14,"Y","MOAB_001.S.20170530","Ok","Ok","Ok","NEON.DOC.014050vK","nA0eDeTb2GamOB0hPxAC4MYFeE/k2ZzqoPCJ0RDgdZc=",
"5d7df827-84e2-463d-9628-71862f075dc7","MOAB_001.basePlot.bet","D13","MOAB","MOAB_001","E","distributed","shrubScrub",38.257569,-109.413674,"WGS84",20.1,1799.4,0.1,"2017-05-16","2017-05-30","MOAB.2017.23",14,"Y","MOAB_001.E.20170530","Ok","Ok","Ok","NEON.DOC.014050vK","nA0eDeTb2GamOB0hPxAC4MYFeE/k2ZzqoPCJ0RDgdZc=",
"3f40919f-b1c4-4fa1-a021-a70b7df1fb5f","MOAB_001.basePlot.bet","D13","MOAB","MOAB_001","W","distributed","shrubScrub",38.257569,-109.413674,"WGS84",20.1,1799.4,0.1,"2017-05-16","2017-05-30","MOAB.2017.23",14,"Y","MOAB_001.W.20170530","Ok","Ok","Ok","NEON.DOC.014050vK","nA0eDeTb2GamOB0hPxAC4MYFeE/k2ZzqoPCJ0RDgdZc=",
"b85c402d-2850-4c48-9f68-978cfc391e53","MOAB_002.basePlot.bet","D13","MOAB","MOAB_002","W","distributed","shrubScrub",38.210793,-109.414698,"WGS84",20.1,1773.5,0.1,"2017-05-16","2017-05-30","MOAB.2017.23",14,"Y","MOAB_002.W.20170530","Ok","Ok","Ok","NEON.DOC.014050vK","DDNDpGyuy0rKFCYL/Fhff/iP2cvRYuokCctzc6bexHQ=",
"73af2360-8c50-4ae8-9c45-b56218a8e723","MOAB_001.basePlot.bet","D13","MOAB","MOAB_001","N","distributed","shrubScrub",38.257569,-109.413674,"WGS84",20.1,1799.4,0.1,"2017-05-16","2017-05-30","MOAB.2017.23",14,"Y","MOAB_001.N.20170530","Ok","Ok","Ok","NEON.DOC.014050vK","nA0eDeTb2GamOB0hPxAC4MYFeE/k2ZzqoPCJ0RDgdZc=",
"ed070444-1e6f-40d8-81d7-19664383cdab","MOAB_002.basePlot.bet","D13","MOAB","MOAB_002","S","distributed","shrubScrub",38.210793,-109.414698,"WGS84",20.1,1773.5,0.1,"2017-05-16","2017-05-30","MOAB.2017.23",14,"Y","MOAB_002.S.20170530","Ok","Ok","Ok","NEON.DOC.014050vK","DDNDpGyuy0rKFCYL/Fhff/iP2cvRYuokCctzc6bexHQ=",
"1e2a257d-8228-41fd-b81f-5d577c114b99","MOAB_011.basePlot.bet","D13","MOAB","MOAB_011","N","distributed","shrubScrub",38.265111,-109.411809,"WGS84",20.1,1816.4,0.1,"2017-05-16","2017-05-30","MOAB.2017.23",14,"Y","MOAB_011.N.20170530","Ok","Ok","Ok","NEON.DOC.014050vK","DDNDpGyuy0rKFCYL/Fhff/iP2cvRYuokCctzc6bexHQ=",
"994bd278-8940-4ae1-a169-2f13982ebddd","MOAB_002.basePlot.bet","D13","MOAB","MOAB_002","N","distributed","shrubScrub",38.210793,-109.414698,"WGS84",20.1,1773.5,0.1,"2017-05-16","2017-05-30","MOAB.2017.23",14,"Y","MOAB_002.N.20170530","Ok","Ok","Ok","NEON.DOC.014050vK","DDNDpGyuy0rKFCYL/Fhff/iP2cvRYuokCctzc6bexHQ=",
"31d7074b-331f-4d7a-b6d0-e1addcffa824","MOAB_002.basePlot.bet","D13","MOAB","MOAB_002","E","distributed","shrubScrub",38.210793,-109.414698,"WGS84",20.1,1773.5,0.1,"2017-05-16","2017-05-30","MOAB.2017.23",14,"Y","MOAB_002.E.20170530","Ok","Ok","Ok","NEON.DOC.014050vK","DDNDpGyuy0rKFCYL/Fhff/iP2cvRYuokCctzc6bexHQ=",
"98f31ac3-f389-4e66-9c10-244d0a45bcf2","MOAB_011.basePlot.bet","D13","MOAB","MOAB_011","W","distributed","shrubScrub",38.265111,-109.411809,"WGS84",20.1,1816.4,0.1,"2017-05-16","2017-05-30","MOAB.2017.23",14,"Y","MOAB_011.W.20170530","Ok","Ok","Ok","NEON.DOC.014050vK","DDNDpGyuy0rKFCYL/Fhff/iP2cvRYuokCctzc6bexHQ=",
"024f59d6-e3ca-43db-88af-d1d37deaa3d6","MOAB_011.basePlot.bet","D13","MOAB","MOAB_011","E","distributed","shrubScrub",38.265111,-109.411809,"WGS84",20.1,1816.4,0.1,"2017-05-16","2017-05-30","MOAB.2017.23",14,"Y","MOAB_011.E.20170530","Ok","Ok","Ok","NEON.DOC.014050vK","DDNDpGyuy0rKFCYL/Fhff/iP2cvRYuokCctzc6bexHQ=",
"87d21121-b07a-4da3-a678-788e590ef3fd","MOAB_011.basePlot.bet","D13","MOAB","MOAB_011","S","distributed","shrubScrub",38.265111,-109.411809,"WGS84",20.1,1816.4,0.1,"2017-05-16","2017-05-30","MOAB.2017.23",14,"Y","MOAB_011.S.20170530","Ok","Ok","Ok","NEON.DOC.014050vK","DDNDpGyuy0rKFCYL/Fhff/iP2cvRYuokCctzc6bexHQ=",
"23a94cd2-368d-4c79-a48f-ae302c38379e","MOAB_003.basePlot.bet","D13","MOAB","MOAB_003","E","distributed","evergreenForest",38.261287,-109.349483,"WGS84",20.1,2006.8,0.1,"2017-05-16","2017-05-30","MOAB.2017.23",14,"Y","MOAB_003.E.20170530","Ok","Ok","Ok","NEON.DOC.014050vK","nA0eDeTb2GamOB0hPxAC4MYFeE/k2ZzqoPCJ0RDgdZc=",
"93c76f01-491d-4865-aa49-9ef30e9b4d56","MOAB_004.basePlot.bet","D13","MOAB","MOAB_004","W","distributed","shrubScrub",38.233270,-109.397418,"WGS84",20.1,1762.7,0.1,"2017-05-16","2017-05-30","MOAB.2017.23",14,"Y","MOAB_004.W.20170530","Ok","Ok","Ok","NEON.DOC.014050vK","nA0eDeTb2GamOB0hPxAC4MYFeE/k2ZzqoPCJ0RDgdZc=",
