uid,namedLocation,domainID,siteID,plotID,setDate,collectDate,processingDate,subsampleIDList,archiveVialID,scientificName,recordedBy,remarks
"fca506d7-3c3a-4c03-bd00-ee83a8b83b22","UKFS_010.basePlot.bet","D06","UKFS","UKFS_010","2016-08-30","2016-09-13","2016-09-20","26ylXNgyPLz0CvYim5G+LkMbSmClTy6A5O3IkqZedgMVZd+nyJrSebh5PHl0lyCwjliMHmoJy1VtRGX3umntbRauBoRGvMGKHFV9KNW2PZdNWUvjyXgLOKsFoJyf2JjR9jUdrqT4hDY=","26ylXNgyPLy6RlMSn0Y8JybpWD6Xmc9y",,,
"0a00bd80-7505-4e53-9802-7e0fe5c9dffd","UKFS_009.basePlot.bet","D06","UKFS","UKFS_009","2016-08-30","2016-09-13","2016-09-20","MMz820nXMkkWV5oqkwC1acNl/nJ7O1unWSBYjIQEy36YKK0jGpd09V7p+xrYwb3g/bDx9rsqfN856l7wBGyiYSEnvMfeNDfyz/4psSV+fYDdcbSHFX/XiLpCPb6hVYznlz7z3reQFgQ=","MMz820nXMknx1InakvjmKc1Ayc9OYRSx",,,
"0846afcd-d33c-4d71-9940-ce417134dd68","UKFS_008.basePlot.bet","D06","UKFS","UKFS_008","2016-08-30","2016-09-13","2016-09-15","5GU/wTV57IUxd+bKSYXi6yPi32DZc7CC8jGgO6tn1AB0+gsPCciyw2J4N9wnSx6aYXZQMXBATMandxDm143qcenIx5EE3s6xZM3lRMQcGOQ6V9SZH0Mzu2yonpixGDaiXR8UuiOxUlg=","5GU/wTV57IXY70PHdy5o/QpB4X29HutZ",,,
"29e0fdaa-0e37-45ea-87d3-9d14c29f044c","UKFS_007.basePlot.bet","D06","UKFS","UKFS_007","2016-08-30","2016-09-13","2016-09-21","PlyNduRc44RhCqvxPKrHNNRR5Pc/ShWcSO/a577R1vux/r6KZrDVInU81aQaN9trp5ValgQnr+qWIYo7TcdY2A+QY4V50krukyMRQBwpRi8pSbYdN0muuz2iBI9vXOBbimc2rLZwsv8=","PlyNduRc44QUdeEw4OEhulvfVcY91QpW",,,
"5cefecf9-aa05-41cc-936c-63f88d5f4457","UKFS_001.basePlot.bet","D06","UKFS","UKFS_001","2016-08-30","2016-09-13","2016-09-20","W8lw52JMhqB4HUEJroKhhLfxFBUxv9Lxf9PhPEPu5sPt2zNb6XqzyMD0xGPR3Hc9v//Yyek+rCxuwH8M8ZUhJGIlbbx9fhxJidKJZqNj3acrvjkzwyoXPTDe1uUr6fhbUPLkd2kJ73Y=","W8lw52JMhqDjyh8cz6rHZxcmTXGYGIgl",,,
"647b68e6-a42d-41bf-8820-394cef03cef2","UKFS_005.basePlot.bet","D06","UKFS","UKFS_005","2016-08-30","2016-09-13","2016-09-20","U/hiAoS2t8w7GjBVfR1oz5KRXHXt+ehtUguwIb46tAtRL3bhY3uiaFCABhJYCtEbfOqTADDBX5OWwShVcC6UDhh/BRYwNzYFzhjlkbyjL6dD3wqMrGpKbj8YPnZ5/9LbKaVjQPtPLpU=","U/hiAoS2t8w1ysjg1GF+45ZgyVXW+00v",,,
"efacfe2a-696d-4512-be81-725bcd08944e","UKFS_004.basePlot.bet","D06","UKFS","UKFS_004","2016-08-30","2016-09-13","2016-09-15","luQoN84IPtGFO9tIqEXTWio7vfK7Pi376GxzmFpkfGC+0zbrDvxE/bN08VRcBnEMqEe73nzh5xybGBsTU2DQR/2Rtd7i91oCWMN6eVtlGm9lumnc0nFIbiOFktpkRf2AlYFvXpVZsjE=","luQoN84IPtEUt8i+fLRh4Y5Zs05Cx83U",,,
"414c09a2-88e9-4e30-abe8-550d0dc11fce","UKFS_002.basePlot.bet","D06","UKFS","UKFS_002","2016-08-30","2016-09-13","2016-09-20","ThLXd3W736+1jPVN8EFd7y8KZvbPq1Zdz5CL0fh3+O7hw+4ynBdS/idvY5e3kFtZlC+j9f2RiYjyc9aftxbaH3ZfY9mrpA6HIlwkZVffYowDcGxOhwVmljF0s15NtvzxJTruzeyHYUU=","ThLXd3W7368836eJp7gthvnH2yrp4Ins",,,
"2f6ca958-87b2-462e-aaad-e7e01b2efbbe","UKFS_003.basePlot.bet","D06","UKFS","UKFS_003","2016-08-30","2016-09-13","2016-09-20","Vl3mTlloYQS3K93B3hhrTIX+AYOngxdjfMM8c9HfbjCxvA6ht5xqSLsnnlhTuLfckXB+Rw8Mq8Y74+Z9TWoA5YZQOS60aZ/Xuq4a6unVozHjyTPOHuWfLEiLDMJmw2IFQMMqXQeg0GE=","Vl3mTlloYQTNyDiYvEnx7M9SXOeO9In2",,,
"0fddef8e-8669-4ee6-95ff-09473731e54f","UKFS_006.basePlot.bet","D06","UKFS","UKFS_006","2016-08-30","2016-09-13","2016-09-21","B2YMmw2rf0ft18Rz4BjeO/REYeB2h/7NgmU1cYy6LciCSWjEAHE58E9KpjrJQW08AzGxeNfaQpoTERskkaOH7/bwj+bYJRdw/B7dqF5NQRDJEVQ9yzoDCWj5BgvbB+QZuOlUo6y0TWY=","B2YMmw2rf0eLprRchSY3QWyev8kF6MlE",,,
"7471f3bf-fed0-44d8-ae4f-902db599cbaa","UKFS_009.basePlot.bet","D06","UKFS","UKFS_009","2016-09-13","2016-09-27","2016-09-29","MMz820nXMkkWV5oqkwC1adtRn+9bGJYTqbA5e1pwtH5JFDJfkvlEW6WzEwKAI/64C7U/4j0N/rvaZaTY3cMzGHkrX7DTUCLKyrMqSNS8dKv5oS4wS92iyK+OJZUIqoZ8y/SB4sSkJCE=","MMz820nXMkkFTuxpcu+LhnNF3AVIKoIm",,,
"7d9b2d4b-8848-485b-aa2e-794fdd185d9d","UKFS_010.basePlot.bet","D06","UKFS","UKFS_010","2016-09-13","2016-09-27","2016-09-29","26ylXNgyPLzjh7kwqLICB10ImIo1cRVNjeQsrg+JZnmdY1v24aqLBCcDGyjp1u1WClUtBvcKWkNHl7eWiejVwrX7yJY6z4YhhGrl1Rv+GrsJ4DZIRysPlz2krSkour0trdfIC8mHCuY=","26ylXNgyPLwd7Cx3kmweF6uQbr9cu+mj",,,
"ba7ba7aa-3371-4f7c-8fc4-1ba5e128c880","UKFS_008.basePlot.bet","D06","UKFS","UKFS_008","2016-09-13","2016-09-27","2016-09-29","5GU/wTV57IUxd+bKSYXi6xu3TBAaQ+LSDdCQAVhbK1JnlJPJOI8T48IEe5Ct0SlwseV1K3r7uWKDZMHnHbTXnJWeQWpLbQycoSr1OEmgvJazvdQG7OUh66yzZulcQMrT36a+xDbM72w=","5GU/wTV57IURmhFglInIDUnW7MeFL7jc",,,
"8e374745-0235-4cba-b893-5635b6e49eb3","UKFS_007.basePlot.bet","D06","UKFS","UKFS_007","2016-09-13","2016-09-27","2016-09-29","PlyNduRc44TS3mVCjpZFWCmu44LRl4jfMivVKfGwQDvYri/5WqkQ3FaQi2/s9tXjqyUMYTrdVACCHslzu++SIgr48IHDViNwWLz2rurIofBQGtVG59ltCRuH2Y9o/Sdt45lTXnwxrKE=","PlyNduRc44TFN8f9cYubgvcE32fB1CRd",,,
"e4ffa14f-5d1b-4114-95c4-1ac248396a28","UKFS_006.basePlot.bet","D06","UKFS","UKFS_006","2016-09-13","2016-09-27","2016-09-28","B2YMmw2rf0fKqJoR5iLVqbQnxAcEWpNye9IOIM5jdoX65NJEwTz2oNA6QLewOcwTjnS3UoBId0dDtsbwB1dLG/0CAmxQGId68q375MmwqvPzDMk3H7Bg00+r6bW2ntVxg0a6VS5kSEc=","B2YMmw2rf0fZL4X127nxofnQ9q+hbDdL",,,
"9f1669a2-def4-4f92-bdd0-1e134b925ffa","UKFS_004.basePlot.bet","D06","UKFS","UKFS_004","2016-09-13","2016-09-27","2016-09-28","luQoN84IPtGmkZYbvppGGdpafme2UJS2gEXxKs3zlP3Hyy+MZMQxiT/agTfGoPJ7eqCt1ArQe62U+Dxem7t6nG+LpnCvnySiin5VYTmtk46OF1NTjhYisx0CIkxKb2I8Ok5lXwKW7oQ=","luQoN84IPtFehMM1pfpF1/oBQNy9dCGT",,,
"785a637c-15d0-4347-8b5e-2f34e7a9044e","UKFS_005.basePlot.bet","D06","UKFS","UKFS_005","2016-09-13","2016-09-27","2016-09-27","U/hiAoS2t8y5Q6XdpcVFU+uuS+VUfDNtlHTAWThzV64BTtxX8KwLNtqNyxZWq8sPPUdcFNgKwx03crmhPqRrSZDG1ujfqBzwoMus8X1tz1hmOoMUyWtkLLdOSqABMO2/UagqHCh3RQg=","U/hiAoS2t8ykUIRIM6tIjiD5//5Cv6g3",,,
"51371909-5555-45d4-98fe-c6066f240185","UKFS_002.basePlot.bet","D06","UKFS","UKFS_002","2016-09-13","2016-09-27","2016-09-28","ThLXd3W736+K++ythxWlc8mLmWUGoOvSw8cQTIxifzRRv21s/fTk5owecGuD/naUbEYyeAm8Kw0EgAeaRV6bqbGXHCWGHaYLvsvH7MUTsPepZIknOx5RlgEfZcDlv1LjktxeIYb2z9g=","ThLXd3W736/22AjPlId+dM/yzJZPXsYL",,,
"b013d1c0-5825-4fd5-94e2-9cb663cae6de","UKFS_003.basePlot.bet","D06","UKFS","UKFS_003","2016-09-13","2016-09-27","2016-09-28","Vl3mTlloYQQrcZX/TXXt9Bgj8juia/ajv1is6gxXxeAJqVrnyhA87br03dsrma67EtemNNHc9zh1/iKlQhUUiaB4KLKbGLr1nLJrZu9HSJTs8wBBAs7UECUK93lfbKX0FLX8dla1neY=","Vl3mTlloYQTr29x+NWL/3SsJRfN5URFL",,,
"a02dda57-615f-478d-bf8b-96c8b432fad8","UKFS_001.basePlot.bet","D06","UKFS","UKFS_001","2016-09-13","2016-09-27","2016-09-28","W8lw52JMhqA76wP7DD9mLqHWuA1A3dOlRKKHbCdEAGYPjedS1RQfxNidlG85pXPdohoOFxnnXGLeVOFQVmeOZTfymDvHHPY+oMvdIflnUj7QAFXqN31tTJrLBI3Whx5+CPl2YIwYUZM=","W8lw52JMhqA+VTnJhpT2l6uYxHuZq3uH",,,
