uid,namedLocation,domainID,siteID,plotID,setDate,collectDate,identifiedDate,individualID,taxonID,kingdom,phylum,class,order,family,subfamily,tribe,genus,subgenus,specificEpithet,infraspecificEpithet,scientificName,scientificNameAuthorship,taxonRank,identificationQualifier,sex,morphospeciesID,identificationReferences,identifiedBy,laboratoryName,identificationRemarks,sampleCondition,dnaBarcoded,geneticSampleID,remarks
"140565c5-8682-4075-9fca-6b925bbd8c02","GRSM_006.basePlot.bet","D07","GRSM","GRSM_006","2015-06-29","2015-07-13","2017-01-15","NEON.BET.D07.000738","DICTET","Animalia","Arthropoda","Insecta","Coleoptera","Carabidae","Harpalinae","Licinini","Dicaelus","Paradicaelus","teter",,"Dicaelus teter","Bonelli","species",,"F",,"Ball, G. E. 1992. The Tribe Licinini (Coleoptera: Carabidae): A Review of the Genus-Groups and of the Species of Selected Genera. Journal of the New York Entomological Society 100:325-380.","Kipling Will","Essig Museum of Entomology",,"No known compromise","N",,
"9f45f6f5-6f94-4742-b379-a5df0f2c7f25","GRSM_014.basePlot.bet","D07","GRSM","GRSM_014","2015-06-29","2015-07-13","2017-01-15","NEON.BET.D07.000812","CYCSIG","Animalia","Arthropoda","Insecta","Coleoptera","Carabidae","Harpalinae","Pterostichini","Cyclotrachelus","Evarthrus","sigillatus",,"Cyclotrachelus sigillatus","Say","species",,"M",,"Freitag, R. 1969. A revision of the species of the genus Evarthrus LeConte. Quaestiones Entomologicae 5:89-212.","Kipling Will","Essig Museum of Entomology",,"No known compromise","N",,
"e3a57b5f-7fe1-4d69-92fc-aaa7d79de666","GRSM_014.basePlot.bet","D07","GRSM","GRSM_014","2015-06-29","2015-07-13","2017-01-15","NEON.BET.D07.000750","CYCFRE","Animalia","Arthropoda","Insecta","Coleoptera","Carabidae","Harpalinae","Pterostichini","Cyclotrachelus","Cyclotrachelus","freitagi",,"Cyclotrachelus freitagi","Bousquet","species",,"F",,"Freitag, R. 1969. A revision of the species of the genus Evarthrus LeConte. Quaestiones Entomologicae 5:89-212.","Kipling Will","Essig Museum of Entomology",,"No known compromise","N",,
"c2fef328-baa2-4729-9799-b966d0dd2878","GRSM_014.basePlot.bet","D07","GRSM","GRSM_014","2015-06-29","2015-07-13","2017-01-15","NEON.BET.D07.000776","PTEACU","Animalia","Arthropoda","Insecta","Coleoptera","Carabidae","Harpalinae","Pterostichini","Pterostichus","Cylindrocharis","acutipes",,"Pterostichus acutipes","Barr","species",,"M",,"Barr Jr., T. C. 1971c. The North American Pterostichus of the Subgenus Cylindrocharis Casey (Coleoptera, Carabidae). American Museum Novitates:1-14.","Kipling Will","Essig Museum of Entomology",,"No known compromise","N",,
"2ca7f8dc-e190-47b6-b88a-d1e0e3b55f4f","GRSM_014.basePlot.bet","D07","GRSM","GRSM_014","2015-06-29","2015-07-13","2017-01-15","NEON.BET.D07.000747","DICDIL1","Animalia","Arthropoda","Insecta","Coleoptera","Carabidae","Harpalinae","Licinini","Dicaelus","Paradicaelus","dilatatus","dilatatus","Dicaelus dilatatus dilatatus","Say","subspecies",,"M",,"Ball, G. E. 1992. The Tribe Licinini (Coleoptera: Carabidae): A Review of the Genus-Groups and of the Species of Selected Genera. Journal of the New York Entomological Society 100:325-380.","Kipling Will","Essig Museum of Entomology",,"No known compromise","N",,
"ff813f06-c9cb-4ef5-bc3a-b477ceb36b0b","GRSM_013.basePlot.bet","D07","GRSM","GRSM_013","2015-06-29","2015-07-13","2017-01-15","NEON.BET.D07.000767","PTEMOE","Animalia","Arthropoda","Insecta","Coleoptera","Carabidae","Harpalinae","Pterostichini","Pterostichus","Eosteropus","moestus",,"Pterostichus moestus","Say","species",,"F",,"Lindroth, C. H. 1969. The ground-beetles (Carabidae, excl. Cicindelinae) of Canada and Alaska, parts 1-6. Opuscula E. Entomoligiska Sallskapet.","Kipling Will","Essig Museum of Entomology",,"No known compromise","N",,
"32ca5f8f-dac0-4dc8-a8cd-3ffffe4a5cbe","GRSM_006.basePlot.bet","D07","GRSM","GRSM_006","2015-06-29","2015-07-13","2017-01-15","NEON.BET.D07.000748","CYCFRE","Animalia","Arthropoda","Insecta","Coleoptera","Carabidae","Harpalinae","Pterostichini","Cyclotrachelus","Cyclotrachelus","freitagi",,"Cyclotrachelus freitagi","Bousquet","species",,"F",,"Freitag, R. 1969. A revision of the species of the genus Evarthrus LeConte. Quaestiones Entomologicae 5:89-212.","Kipling Will","Essig Museum of Entomology",,"No known compromise","N",,
"f0773249-f5ca-4bf8-a90f-9c49a3667026","GRSM_013.basePlot.bet","D07","GRSM","GRSM_013","2015-06-29","2015-07-13","2017-01-15","NEON.BET.D07.000757","CYCFRE","Animalia","Arthropoda","Insecta","Coleoptera","Carabidae","Harpalinae","Pterostichini","Cyclotrachelus","Cyclotrachelus","freitagi",,"Cyclotrachelus freitagi","Bousquet","species",,"F",,"Freitag, R. 1969. A revision of the species of the genus Evarthrus LeConte. Quaestiones Entomologicae 5:89-212.","Kipling Will","Essig Museum of Entomology",,"No known compromise","N",,
"8b3b0c4e-2d11-459a-8a12-a840dfa81d3c","GRSM_006.basePlot.bet","D07","GRSM","GRSM_006","2015-06-29","2015-07-13","2017-01-15","NEON.BET.D07.000765","PTEMOE","Animalia","Arthropoda","Insecta","Coleoptera","Carabidae","Harpalinae","Pterostichini","Pterostichus","Eosteropus","moestus",,"Pterostichus moestus","Say","species",,"F",,"Lindroth, C. H. 1969. The ground-beetles (Carabidae, excl. Cicindelinae) of Canada and Alaska, parts 1-6. Opuscula E. Entomoligiska Sallskapet.","Kipling Will","Essig Museum of Entomology",,"No known compromise","N",,
"3ccc578d-ed9f-4bbb-a70b-e5ac8b97751f","GRSM_006.basePlot.bet","D07","GRSM","GRSM_006","2015-06-29","2015-07-13","2017-01-15","NEON.BET.D07.000756","CYCFRE","Animalia","Arthropoda","Insecta","Coleoptera","Carabidae","Harpalinae","Pterostichini","Cyclotrachelus","Cyclotrachelus","freitagi",,"Cyclotrachelus freitagi","Bousquet","species",,"M",,"Freitag, R. 1969. A revision of the species of the genus Evarthrus LeConte. Quaestiones Entomologicae 5:89-212.","Kipling Will","Essig Museum of Entomology",,"No known compromise","N",,
"e9249d29-2297-4de9-b0bf-b9bd041e88fa","GRSM_006.basePlot.bet","D07","GRSM","GRSM_006","2015-06-29","2015-07-13","2017-01-15","NEON.BET.D07.000752","CYCFRE","Animalia","Arthropoda","Insecta","Coleoptera","Carabidae","Harpalinae","Pterostichini","Cyclotrachelus","Cyclotrachelus","freitagi",,"Cyclotrachelus freitagi","Bousquet","species",,"M",,"Freitag, R. 1969. A revision of the species of the genus Evarthrus LeConte. Quaestiones Entomologicae 5:89-212.","Kipling Will","Essig Museum of Entomology",,"No known compromise","N",,
"acb1cad7-80e8-43f0-af0a-856f924bd966","GRSM_002.basePlot.bet","D07","GRSM","GRSM_002","2015-06-29","2015-07-13","2017-01-15","NEON.BET.D07.000851","SPHSTE1","Animalia","Arthropoda","Insecta","Coleoptera","Carabidae","Carabinae","Cychrini","Sphaeroderus",,"stenostomus","lecontei","Sphaeroderus stenostomus lecontei","Dejean","subspecies",,"F",,"Lindroth, C. H. 1969. The ground-beetles (Carabidae, excl. Cicindelinae) of Canada and Alaska, parts 1-6. Opuscula E. Entomoligiska Sallskapet.","Kipling Will","Essig Museum of Entomology",,"No known compromise","N",,
"7dd3a754-8d55-4ba7-b20f-fb618f0afda9","GRSM_002.basePlot.bet","D07","GRSM","GRSM_002","2015-06-29","2015-07-13","2017-01-15","NEON.BET.D07.000855","SPHBIC","Animalia","Arthropoda","Insecta","Coleoptera","Carabidae","Carabinae","Cychrini","Sphaeroderus",,"bicarinatus",,"Sphaeroderus bicarinatus","LeConte","species",,"F",,"Lindroth, C. H. 1969. The ground-beetles (Carabidae, excl. Cicindelinae) of Canada and Alaska, parts 1-6. Opuscula E. Entomoligiska Sallskapet.","Kipling Will","Essig Museum of Entomology",,"No known compromise","N",,
"42d20879-d32f-4bd5-965e-174ec9fe15df","GRSM_014.basePlot.bet","D07","GRSM","GRSM_014","2015-06-29","2015-07-13","2017-01-15","NEON.BET.D07.000831","CARGOR","Animalia","Arthropoda","Insecta","Coleoptera","Carabidae","Carabinae","Carabini","Carabus","Carabus","goryi",,"Carabus goryi","Dejean","species",,"M",,"Lindroth, C. H. 1969. The ground-beetles (Carabidae, excl. Cicindelinae) of Canada and Alaska, parts 1-6. Opuscula E. Entomoligiska Sallskapet.","Kipling Will","Essig Museum of Entomology",,"No known compromise","N",,
"ada1ff9a-7fa8-40e5-89a4-c1e785dc8723","GRSM_014.basePlot.bet","D07","GRSM","GRSM_014","2015-06-29","2015-07-13","2017-01-15","NEON.BET.D07.000847","SPHSTE1","Animalia","Arthropoda","Insecta","Coleoptera","Carabidae","Carabinae","Cychrini","Sphaeroderus",,"stenostomus","lecontei","Sphaeroderus stenostomus lecontei","Dejean","subspecies",,"M",,"Lindroth, C. H. 1969. The ground-beetles (Carabidae, excl. Cicindelinae) of Canada and Alaska, parts 1-6. Opuscula E. Entomoligiska Sallskapet.","Kipling Will","Essig Museum of Entomology",,"No known compromise","N",,
"0f32fd89-996b-4e2f-ac88-39bc47ead9a8","GRSM_014.basePlot.bet","D07","GRSM","GRSM_014","2015-06-29","2015-07-13","2017-01-15","NEON.BET.D07.000809","CYCSIG","Animalia","Arthropoda","Insecta","Coleoptera","Carabidae","Harpalinae","Pterostichini","Cyclotrachelus","Evarthrus","sigillatus",,"Cyclotrachelus sigillatus","Say","species",,"F",,"Freitag, R. 1969. A revision of the species of the genus Evarthrus LeConte. Quaestiones Entomologicae 5:89-212.","Kipling Will","Essig Museum of Entomology",,"No known compromise","N",,
"3e89b563-9992-4ce3-89ed-78b7330f2c5c","GRSM_014.basePlot.bet","D07","GRSM","GRSM_014","2015-06-29","2015-07-13","2017-01-15","NEON.BET.D07.000810","CYCSIG","Animalia","Arthropoda","Insecta","Coleoptera","Carabidae","Harpalinae","Pterostichini","Cyclotrachelus","Evarthrus","sigillatus",,"Cyclotrachelus sigillatus","Say","species",,"F",,"Freitag, R. 1969. A revision of the species of the genus Evarthrus LeConte. Quaestiones Entomologicae 5:89-212.","Kipling Will","Essig Museum of Entomology",,"No known compromise","N",,
"96330dd0-2e8b-402d-9012-a7fdf03b7414","GRSM_014.basePlot.bet","D07","GRSM","GRSM_014","2015-06-29","2015-07-13","2017-01-15","NEON.BET.D07.000854","SPHBIC","Animalia","Arthropoda","Insecta","Coleoptera","Carabidae","Carabinae","Cychrini","Sphaeroderus",,"bicarinatus",,"Sphaeroderus bicarinatus","LeConte","species",,"F",,"Lindroth, C. H. 1969. The ground-beetles (Carabidae, excl. Cicindelinae) of Canada and Alaska, parts 1-6. Opuscula E. Entomoligiska Sallskapet.","Kipling Will","Essig Museum of Entomology",,"No known compromise","N",,
"0cd1ed45-eb8e-47f3-b379-f1d57f746639","GRSM_014.basePlot.bet","D07","GRSM","GRSM_014","2015-06-29","2015-07-13","2017-01-15","NEON.BET.D07.000803","CYCSIG","Animalia","Arthropoda","Insecta","Coleoptera","Carabidae","Harpalinae","Pterostichini","Cyclotrachelus","Evarthrus","sigillatus",,"Cyclotrachelus sigillatus","Say","species",,"F",,"Freitag, R. 1969. A revision of the species of the genus Evarthrus LeConte. Quaestiones Entomologicae 5:89-212.","Kipling Will","Essig Museum of Entomology",,"No known compromise","N",,
"d2e74e69-e1f2-4889-aa82-b594eceb5f9f","GRSM_008.basePlot.bet","D07","GRSM","GRSM_008","2015-06-30","2015-07-14","2017-01-15","NEON.BET.D07.000846","SPHSTE1","Animalia","Arthropoda","Insecta","Coleoptera","Carabidae","Carabinae","Cychrini","Sphaeroderus",,"stenostomus","lecontei","Sphaeroderus stenostomus lecontei","Dejean","subspecies",,"F",,"Lindroth, C. H. 1969. The ground-beetles (Carabidae, excl. Cicindelinae) of Canada and Alaska, parts 1-6. Opuscula E. Entomoligiska Sallskapet.","Kipling Will","Essig Museum of Entomology",,"No known compromise","N",,
"478918e0-5aef-4b14-8aba-b83e15583c95","GRSM_008.basePlot.bet","D07","GRSM","GRSM_008","2015-06-30","2015-07-14","2017-01-15","NEON.BET.D07.000835","CARGOR","Animalia","Arthropoda","Insecta","Coleoptera","Carabidae","Carabinae","Carabini","Carabus","Carabus","goryi",,"Carabus goryi","Dejean","species",,"F",,"Lindroth, C. H. 1969. The ground-beetles (Carabidae, excl. Cicindelinae) of Canada and Alaska, parts 1-6. Opuscula E. Entomoligiska Sallskapet.","Kipling Will","Essig Museum of Entomology",,"No known compromise","N",,
"bedbe9eb-2548-4374-9b1d-687899ceb383","GRSM_008.basePlot.bet","D07","GRSM","GRSM_008","2015-06-30","2015-07-14","2017-01-15","NEON.BET.D07.000824","CARGOR","Animalia","Arthropoda","Insecta","Coleoptera","Carabidae","Carabinae","Carabini","Carabus","Carabus","goryi",,"Carabus goryi","Dejean","species",,"F",,"Lindroth, C. H. 1969. The ground-beetles (Carabidae, excl. Cicindelinae) of Canada and Alaska, parts 1-6. Opuscula E. Entomoligiska Sallskapet.","Kipling Will","Essig Museum of Entomology",,"No known compromise","N",,
"ce3af8b0-bbd1-479e-88dd-0635d0160f70","GRSM_008.basePlot.bet","D07","GRSM","GRSM_008","2015-06-30","2015-07-14","2017-01-15","NEON.BET.D07.000822","CARGOR","Animalia","Arthropoda","Insecta","Coleoptera","Carabidae","Carabinae","Carabini","Carabus","Carabus","goryi",,"Carabus goryi","Dejean","species",,"M",,"Lindroth, C. H. 1969. The ground-beetles (Carabidae, excl. Cicindelinae) of Canada and Alaska, parts 1-6. Opuscula E. Entomoligiska Sallskapet.","Kipling Will","Essig Museum of Entomology",,"No known compromise","N",,
"a932d16b-4de2-48e2-a448-157fcd13dd26","GRSM_012.basePlot.bet","D07","GRSM","GRSM_012","2015-06-30","2015-07-14","2017-01-15","NEON.BET.D07.000818","CARGOR","Animalia","Arthropoda","Insecta","Coleoptera","Carabidae","Carabinae","Carabini","Carabus","Carabus","goryi",,"Carabus goryi","Dejean","species",,"M",,"Lindroth, C. H. 1969. The ground-beetles (Carabidae, excl. Cicindelinae) of Canada and Alaska, parts 1-6. Opuscula E. Entomoligiska Sallskapet.","Kipling Will","Essig Museum of Entomology",,"No known compromise","N",,
"b268acf1-fbab-4cdf-b23c-4007455798c4","GRSM_012.basePlot.bet","D07","GRSM","GRSM_012","2015-06-30","2015-07-14","2017-01-15","NEON.BET.D07.000828","CARGOR","Animalia","Arthropoda","Insecta","Coleoptera","Carabidae","Carabinae","Carabini","Carabus","Carabus","goryi",,"Carabus goryi","Dejean","species",,"F",,"Lindroth, C. H. 1969. The ground-beetles (Carabidae, excl. Cicindelinae) of Canada and Alaska, parts 1-6. Opuscula E. Entomoligiska Sallskapet.","Kipling Will","Essig Museum of Entomology",,"No known compromise","N",,
"90f76a8a-f7be-4aa0-9ea6-9c4b2294d70e","GRSM_012.basePlot.bet","D07","GRSM","GRSM_012","2015-06-30","2015-07-14","2017-01-15","NEON.BET.D07.000837","CARGOR","Animalia","Arthropoda","Insecta","Coleoptera","Carabidae","Carabinae","Carabini","Carabus","Carabus","goryi",,"Carabus goryi","Dejean","species",,"M",,"Lindroth, C. H. 1969. The ground-beetles (Carabidae, excl. Cicindelinae) of Canada and Alaska, parts 1-6. Opuscula E. Entomoligiska Sallskapet.","Kipling Will","Essig Museum of Entomology",,"No known compromise","N",,
"fc9452c3-5361-4f3c-87a7-763bb984640e","GRSM_012.basePlot.bet","D07","GRSM","GRSM_012","2015-06-30","2015-07-14","2017-01-15","NEON.BET.D07.000832","CARGOR","Animalia","Arthropoda","Insecta","Coleoptera","Carabidae","Carabinae","Carabini","Carabus","Carabus","goryi",,"Carabus goryi","Dejean","species",,"M",,"Lindroth, C. H. 1969. The ground-beetles (Carabidae, excl. Cicindelinae) of Canada and Alaska, parts 1-6. Opuscula E. Entomoligiska Sallskapet.","Kipling Will","Essig Museum of Entomology",,"No known compromise","N",,
"c08dc7b1-27a5-4939-908d-5b81bd2e5ac4","GRSM_012.basePlot.bet","D07","GRSM","GRSM_012","2015-06-30","2015-07-14","2017-01-15","NEON.BET.D07.000839","CARGOR","Animalia","Arthropoda","Insecta","Coleoptera","Carabidae","Carabinae","Carabini","Carabus","Carabus","goryi",,"Carabus goryi","Dejean","species",,"F",,"Lindroth, C. H. 1969. The ground-beetles (Carabidae, excl. Cicindelinae) of Canada and Alaska, parts 1-6. Opuscula E. Entomoligiska Sallskapet.","Kipling Will","Essig Museum of Entomology",,"No known compromise","N",,
"fb5dc605-bfd5-4bdf-8aad-c0be67678ff6","GRSM_012.basePlot.bet","D07","GRSM","GRSM_012","2015-06-30","2015-07-14","2017-01-15","NEON.BET.D07.000819","CARGOR","Animalia","Arthropoda","Insecta","Coleoptera","Carabidae","Carabinae","Carabini","Carabus","Carabus","goryi",,"Carabus goryi","Dejean","species",,"F",,"Lindroth, C. H. 1969. The ground-beetles (Carabidae, excl. Cicindelinae) of Canada and Alaska, parts 1-6. Opuscula E. Entomoligiska Sallskapet.","Kipling Will","Essig Museum of Entomology",,"No known compromise","N",,
"a0db5776-9f53-4bca-96bb-d13ba14f60f8","GRSM_012.basePlot.bet","D07","GRSM","GRSM_012","2015-06-30","2015-07-14","2017-01-15","NEON.BET.D07.000820","CARGOR","Animalia","Arthropoda","Insecta","Coleoptera","Carabidae","Carabinae","Carabini","Carabus","Carabus","goryi",,"Carabus goryi","Dejean","species",,"F",,"Lindroth, C. H. 1969. The ground-beetles (Carabidae, excl. Cicindelinae) of Canada and Alaska, parts 1-6. Opuscula E. Entomoligiska Sallskapet.","Kipling Will","Essig Museum of Entomology",,"No known compromise","N",,
"2f1d83a8-1de3-4bec-b628-bd09e9a8c42c","GRSM_012.basePlot.bet","D07","GRSM","GRSM_012","2015-06-30","2015-07-14","2017-01-15","NEON.BET.D07.000858","SPHBIC","Animalia","Arthropoda","Insecta","Coleoptera","Carabidae","Carabinae","Cychrini","Sphaeroderus",,"bicarinatus",,"Sphaeroderus bicarinatus","LeConte","species",,"F",,"Lindroth, C. H. 1969. The ground-beetles (Carabidae, excl. Cicindelinae) of Canada and Alaska, parts 1-6. Opuscula E. Entomoligiska Sallskapet.","Kipling Will","Essig Museum of Entomology",,"No known compromise","N",,
"5c714766-c2e5-47f4-8af8-1f2b06625169","GRSM_012.basePlot.bet","D07","GRSM","GRSM_012","2015-06-30","2015-07-14","2017-01-15","NEON.BET.D07.000821","CARGOR","Animalia","Arthropoda","Insecta","Coleoptera","Carabidae","Carabinae","Carabini","Carabus","Carabus","goryi",,"Carabus goryi","Dejean","species",,"F",,"Lindroth, C. H. 1969. The ground-beetles (Carabidae, excl. Cicindelinae) of Canada and Alaska, parts 1-6. Opuscula E. Entomoligiska Sallskapet.","Kipling Will","Essig Museum of Entomology",,"No known compromise","N",,
"35d7b01a-b3ba-48f0-8cfb-eb4816388e9e","GRSM_012.basePlot.bet","D07","GRSM","GRSM_012","2015-06-30","2015-07-14","2017-01-15","NEON.BET.D07.000827","CARGOR","Animalia","Arthropoda","Insecta","Coleoptera","Carabidae","Carabinae","Carabini","Carabus","Carabus","goryi",,"Carabus goryi","Dejean","species",,"M",,"Lindroth, C. H. 1969. The ground-beetles (Carabidae, excl. Cicindelinae) of Canada and Alaska, parts 1-6. Opuscula E. Entomoligiska Sallskapet.","Kipling Will","Essig Museum of Entomology",,"No known compromise","N",,
"a385c790-e43b-4a72-8c12-e0686466a41c","GRSM_012.basePlot.bet","D07","GRSM","GRSM_012","2015-06-30","2015-07-14","2017-01-15","NEON.BET.D07.000838","CARGOR","Animalia","Arthropoda","Insecta","Coleoptera","Carabidae","Carabinae","Carabini","Carabus","Carabus","goryi",,"Carabus goryi","Dejean","species",,"F",,"Lindroth, C. H. 1969. The ground-beetles (Carabidae, excl. Cicindelinae) of Canada and Alaska, parts 1-6. Opuscula E. Entomoligiska Sallskapet.","Kipling Will","Essig Museum of Entomology",,"No known compromise","N",,
"e49d75c0-0d4c-4c90-af75-ab82eb611c2d","GRSM_012.basePlot.bet","D07","GRSM","GRSM_012","2015-06-30","2015-07-14","2017-01-15","NEON.BET.D07.000857","SPHBIC","Animalia","Arthropoda","Insecta","Coleoptera","Carabidae","Carabinae","Cychrini","Sphaeroderus",,"bicarinatus",,"Sphaeroderus bicarinatus","LeConte","species",,"M",,"Lindroth, C. H. 1969. The ground-beetles (Carabidae, excl. Cicindelinae) of Canada and Alaska, parts 1-6. Opuscula E. Entomoligiska Sallskapet.","Kipling Will","Essig Museum of Entomology",,"No known compromise","N",,
"79ea0947-ae79-4996-b76c-42846bf70a8c","GRSM_012.basePlot.bet","D07","GRSM","GRSM_012","2015-06-30","2015-07-14","2017-01-15","NEON.BET.D07.000836","CARGOR","Animalia","Arthropoda","Insecta","Coleoptera","Carabidae","Carabinae","Carabini","Carabus","Carabus","goryi",,"Carabus goryi","Dejean","species",,"F",,"Lindroth, C. H. 1969. The ground-beetles (Carabidae, excl. Cicindelinae) of Canada and Alaska, parts 1-6. Opuscula E. Entomoligiska Sallskapet.","Kipling Will","Essig Museum of Entomology",,"No known compromise","N",,
"1587fabe-c0b8-4c51-b3e4-a16e6b27b3a8","GRSM_012.basePlot.bet","D07","GRSM","GRSM_012","2015-06-30","2015-07-14","2017-01-15","NEON.BET.D07.000740","DICTET","Animalia","Arthropoda","Insecta","Coleoptera","Carabidae","Harpalinae","Licinini","Dicaelus","Paradicaelus","teter",,"Dicaelus teter","Bonelli","species",,"M",,"Ball, G. E. 1992. The Tribe Licinini (Coleoptera: Carabidae): A Review of the Genus-Groups and of the Species of Selected Genera. Journal of the New York Entomological Society 100:325-380.","Kipling Will","Essig Museum of Entomology",,"No known compromise","N",,
"335867b7-a3db-4754-8a7a-eefab6ee790e","GRSM_012.basePlot.bet","D07","GRSM","GRSM_012","2015-06-30","2015-07-14","2017-01-15","NEON.BET.D07.000735","DICTET","Animalia","Arthropoda","Insecta","Coleoptera","Carabidae","Harpalinae","Licinini","Dicaelus","Paradicaelus","teter",,"Dicaelus teter","Bonelli","species",,"M",,"Ball, G. E. 1992. The Tribe Licinini (Coleoptera: Carabidae): A Review of the Genus-Groups and of the Species of Selected Genera. Journal of the New York Entomological Society 100:325-380.","Kipling Will","Essig Museum of Entomology",,"No known compromise","N",,
"fbe70390-1c23-4fca-9b86-bbf67ffe377c","GRSM_009.basePlot.bet","D07","GRSM","GRSM_009","2015-06-30","2015-07-14","2017-01-15","NEON.BET.D07.000739","DICTET","Animalia","Arthropoda","Insecta","Coleoptera","Carabidae","Harpalinae","Licinini","Dicaelus","Paradicaelus","teter",,"Dicaelus teter","Bonelli","species",,"F",,"Ball, G. E. 1992. The Tribe Licinini (Coleoptera: Carabidae): A Review of the Genus-Groups and of the Species of Selected Genera. Journal of the New York Entomological Society 100:325-380.","Kipling Will","Essig Museum of Entomology",,"No known compromise","N",,
"659e6d4b-dc2e-452e-b52e-9c664d26db10","GRSM_009.basePlot.bet","D07","GRSM","GRSM_009","2015-06-30","2015-07-14","2017-01-15","NEON.BET.D07.000769","PTEMOE","Animalia","Arthropoda","Insecta","Coleoptera","Carabidae","Harpalinae","Pterostichini","Pterostichus","Eosteropus","moestus",,"Pterostichus moestus","Say","species",,"F",,"Lindroth, C. H. 1969. The ground-beetles (Carabidae, excl. Cicindelinae) of Canada and Alaska, parts 1-6. Opuscula E. Entomoligiska Sallskapet.","Kipling Will","Essig Museum of Entomology",,"No known compromise","N",,
"2119eb14-31a7-48db-9846-864716df5ca2","GRSM_009.basePlot.bet","D07","GRSM","GRSM_009","2015-06-30","2015-07-14","2017-01-15","NEON.BET.D07.000742","DICTET","Animalia","Arthropoda","Insecta","Coleoptera","Carabidae","Harpalinae","Licinini","Dicaelus","Paradicaelus","teter",,"Dicaelus teter","Bonelli","species",,"M",,"Ball, G. E. 1992. The Tribe Licinini (Coleoptera: Carabidae): A Review of the Genus-Groups and of the Species of Selected Genera. Journal of the New York Entomological Society 100:325-380.","Kipling Will","Essig Museum of Entomology",,"No known compromise","N",,
"bf77e589-21b5-4e76-9b33-36415fb4e7cd","GRSM_012.basePlot.bet","D07","GRSM","GRSM_012","2015-06-30","2015-07-14","2017-01-15","NEON.BET.D07.000763","HARSPA","Animalia","Arthropoda","Insecta","Coleoptera","Carabidae","Harpalinae","Harpalini","Harpalus","Opadius","spadiceus",,"Harpalus spadiceus","Dejean","species",,"M",,"Noonan, G. R. 1991. Classification, Cladistics, and Natural History of Native North American Harpalus Latreille (Insecta: Coleoptera: Carabidae: Harpalini), excluding subgenera Glanodes and Pseudophonus.","Kipling Will","Essig Museum of Entomology",,"No known compromise","N",,
"44089475-1fa0-4507-bc47-892fbf2ee042","GRSM_012.basePlot.bet","D07","GRSM","GRSM_012","2015-06-30","2015-07-14","2017-01-15","NEON.BET.D07.000760","CYCFRE","Animalia","Arthropoda","Insecta","Coleoptera","Carabidae","Harpalinae","Pterostichini","Cyclotrachelus","Cyclotrachelus","freitagi",,"Cyclotrachelus freitagi","Bousquet","species",,"M",,"Freitag, R. 1969. A revision of the species of the genus Evarthrus LeConte. Quaestiones Entomologicae 5:89-212.","Kipling Will","Essig Museum of Entomology",,"No known compromise","N",,
"3c269408-ba10-4d4a-8acb-4bf427600ab2","GRSM_012.basePlot.bet","D07","GRSM","GRSM_012","2015-06-30","2015-07-14","2017-01-15","NEON.BET.D07.000796","CYCSIG","Animalia","Arthropoda","Insecta","Coleoptera","Carabidae","Harpalinae","Pterostichini","Cyclotrachelus","Evarthrus","sigillatus",,"Cyclotrachelus sigillatus","Say","species",,"F",,"Freitag, R. 1969. A revision of the species of the genus Evarthrus LeConte. Quaestiones Entomologicae 5:89-212.","Kipling Will","Essig Museum of Entomology",,"No known compromise","N",,
"96c09306-c27e-444b-9271-e5a5b4d94916","GRSM_008.basePlot.bet","D07","GRSM","GRSM_008","2015-06-30","2015-07-14","2017-01-15","NEON.BET.D07.000768","PTEMOE","Animalia","Arthropoda","Insecta","Coleoptera","Carabidae","Harpalinae","Pterostichini","Pterostichus","Eosteropus","moestus",,"Pterostichus moestus","Say","species",,"M",,"Lindroth, C. H. 1969. The ground-beetles (Carabidae, excl. Cicindelinae) of Canada and Alaska, parts 1-6. Opuscula E. Entomoligiska Sallskapet.","Kipling Will","Essig Museum of Entomology",,"No known compromise","N",,
"1cdd0a74-929f-4f8f-b74c-e01421fe6474","GRSM_012.basePlot.bet","D07","GRSM","GRSM_012","2015-06-30","2015-07-14","2017-01-15","NEON.BET.D07.000777","PTEACU","Animalia","Arthropoda","Insecta","Coleoptera","Carabidae","Harpalinae","Pterostichini","Pterostichus","Cylindrocharis","acutipes",,"Pterostichus acutipes","Barr","species",,"M",,"Barr Jr., T. C. 1971c. The North American Pterostichus of the Subgenus Cylindrocharis Casey (Coleoptera, Carabidae). American Museum Novitates:1-14.","Kipling Will","Essig Museum of Entomology",,"No known compromise","N",,
"09e5f288-efa1-4c26-986a-a2c7d6d03376","GRSM_012.basePlot.bet","D07","GRSM","GRSM_012","2015-06-30","2015-07-14","2017-01-15","NEON.BET.D07.000780","PTEACU","Animalia","Arthropoda","Insecta","Coleoptera","Carabidae","Harpalinae","Pterostichini","Pterostichus","Cylindrocharis","acutipes",,"Pterostichus acutipes","Barr","species",,"F",,"Barr Jr., T. C. 1971c. The North American Pterostichus of the Subgenus Cylindrocharis Casey (Coleoptera, Carabidae). American Museum Novitates:1-14.","Kipling Will","Essig Museum of Entomology",,"No known compromise","N",,
"086bf74c-e2a1-4860-b4dd-58e241b92f0f","GRSM_012.basePlot.bet","D07","GRSM","GRSM_012","2015-06-30","2015-07-14","2017-01-15","NEON.BET.D07.000759","CYCFRE","Animalia","Arthropoda","Insecta","Coleoptera","Carabidae","Harpalinae","Pterostichini","Cyclotrachelus","Cyclotrachelus","freitagi",,"Cyclotrachelus freitagi","Bousquet","species",,"F",,"Freitag, R. 1969. A revision of the species of the genus Evarthrus LeConte. Quaestiones Entomologicae 5:89-212.","Kipling Will","Essig Museum of Entomology",,"No known compromise","N",,
"5533bdb3-b816-43fa-ad45-894be756ee90","GRSM_012.basePlot.bet","D07","GRSM","GRSM_012","2015-06-30","2015-07-14","2017-01-15","NEON.BET.D07.000778","PTEACU","Animalia","Arthropoda","Insecta","Coleoptera","Carabidae","Harpalinae","Pterostichini","Pterostichus","Cylindrocharis","acutipes",,"Pterostichus acutipes","Barr","species",,"M",,"Barr Jr., T. C. 1971c. The North American Pterostichus of the Subgenus Cylindrocharis Casey (Coleoptera, Carabidae). American Museum Novitates:1-14.","Kipling Will","Essig Museum of Entomology",,"No known compromise","N",,
"7f1822bd-eba7-435b-b7bc-e457ee83c06b","GRSM_012.basePlot.bet","D07","GRSM","GRSM_012","2015-06-30","2015-07-14","2017-01-15","NEON.BET.D07.000761","HARSPA","Animalia","Arthropoda","Insecta","Coleoptera","Carabidae","Harpalinae","Harpalini","Harpalus","Opadius","spadiceus",,"Harpalus spadiceus","Dejean","species",,"M",,"Noonan, G. R. 1991. Classification, Cladistics, and Natural History of Native North American Harpalus Latreille (Insecta: Coleoptera: Carabidae: Harpalini), excluding subgenera Glanodes and Pseudophonus.","Kipling Will","Essig Museum of Entomology",,"No known compromise","N",,
"913e5bf6-b4c9-4893-83df-500b93005cea","GRSM_012.basePlot.bet","D07","GRSM","GRSM_012","2015-06-30","2015-07-14","2017-01-15","NEON.BET.D07.000762","HARSPA","Animalia","Arthropoda","Insecta","Coleoptera","Carabidae","Harpalinae","Harpalini","Harpalus","Opadius","spadiceus",,"Harpalus spadiceus","Dejean","species",,"F",,"Noonan, G. R. 1991. Classification, Cladistics, and Natural History of Native North American Harpalus Latreille (Insecta: Coleoptera: Carabidae: Harpalini), excluding subgenera Glanodes and Pseudophonus.","Kipling Will","Essig Museum of Entomology",,"No known compromise","N",,
"c914ba25-0b9f-40e6-ad24-52b2bddbc61a","GRSM_012.basePlot.bet","D07","GRSM","GRSM_012","2015-06-30","2015-07-14","2017-01-15","NEON.BET.D07.000743","DICTET","Animalia","Arthropoda","Insecta","Coleoptera","Carabidae","Harpalinae","Licinini","Dicaelus","Paradicaelus","teter",,"Dicaelus teter","Bonelli","species",,"M",,"Ball, G. E. 1992. The Tribe Licinini (Coleoptera: Carabidae): A Review of the Genus-Groups and of the Species of Selected Genera. Journal of the New York Entomological Society 100:325-380.","Kipling Will","Essig Museum of Entomology",,"No known compromise","N",,
"fca5bc7d-3d45-48d3-8d19-b5e22c5b06da","GRSM_012.basePlot.bet","D07","GRSM","GRSM_012","2015-06-30","2015-07-14","2017-01-15","NEON.BET.D07.000786","PTEACU","Animalia","Arthropoda","Insecta","Coleoptera","Carabidae","Harpalinae","Pterostichini","Pterostichus","Cylindrocharis","acutipes",,"Pterostichus acutipes","Barr","species",,"M",,"Barr Jr., T. C. 1971c. The North American Pterostichus of the Subgenus Cylindrocharis Casey (Coleoptera, Carabidae). American Museum Novitates:1-14.","Kipling Will","Essig Museum of Entomology",,"No known compromise","N",,
"e3b4de26-185c-4540-846f-fd9295335a54","GRSM_012.basePlot.bet","D07","GRSM","GRSM_012","2015-06-30","2015-07-14","2017-01-15","NEON.BET.D07.000797","CYCSIG","Animalia","Arthropoda","Insecta","Coleoptera","Carabidae","Harpalinae","Pterostichini","Cyclotrachelus","Evarthrus","sigillatus",,"Cyclotrachelus sigillatus","Say","species",,"F",,"Freitag, R. 1969. A revision of the species of the genus Evarthrus LeConte. Quaestiones Entomologicae 5:89-212.","Kipling Will","Essig Museum of Entomology",,"No known compromise","N",,
"1dd5d9c7-8bbf-45f7-b0db-a7d325090daf","GRSM_012.basePlot.bet","D07","GRSM","GRSM_012","2015-06-30","2015-07-14","2017-01-15","NEON.BET.D07.000782","PTEACU","Animalia","Arthropoda","Insecta","Coleoptera","Carabidae","Harpalinae","Pterostichini","Pterostichus","Cylindrocharis","acutipes",,"Pterostichus acutipes","Barr","species",,"M",,"Barr Jr., T. C. 1971c. The North American Pterostichus of the Subgenus Cylindrocharis Casey (Coleoptera, Carabidae). American Museum Novitates:1-14.","Kipling Will","Essig Museum of Entomology",,"No known compromise","N",,
"06f2145e-d7ba-474c-abd0-b3c5c7af67d4","GRSM_009.basePlot.bet","D07","GRSM","GRSM_009","2015-06-30","2015-07-14","2017-01-15","NEON.BET.D07.000829","CARGOR","Animalia","Arthropoda","Insecta","Coleoptera","Carabidae","Carabinae","Carabini","Carabus","Carabus","goryi",,"Carabus goryi","Dejean","species",,"F",,"Lindroth, C. H. 1969. The ground-beetles (Carabidae, excl. Cicindelinae) of Canada and Alaska, parts 1-6. Opuscula E. Entomoligiska Sallskapet.","Kipling Will","Essig Museum of Entomology",,"No known compromise","N",,
"bad5aa05-db5f-4ac1-b2fc-45b7756389e0","GRSM_009.basePlot.bet","D07","GRSM","GRSM_009","2015-06-30","2015-07-14","2017-01-15","NEON.BET.D07.000859","SPHBIC","Animalia","Arthropoda","Insecta","Coleoptera","Carabidae","Carabinae","Cychrini","Sphaeroderus",,"bicarinatus",,"Sphaeroderus bicarinatus","LeConte","species",,"F",,"Lindroth, C. H. 1969. The ground-beetles (Carabidae, excl. Cicindelinae) of Canada and Alaska, parts 1-6. Opuscula E. Entomoligiska Sallskapet.","Kipling Will","Essig Museum of Entomology",,"No known compromise","N",,
"b3b89441-43a6-4303-b5ad-5f93c5da6546","GRSM_009.basePlot.bet","D07","GRSM","GRSM_009","2015-06-30","2015-07-14","2017-01-15","NEON.BET.D07.000823","CARGOR","Animalia","Arthropoda","Insecta","Coleoptera","Carabidae","Carabinae","Carabini","Carabus","Carabus","goryi",,"Carabus goryi","Dejean","species",,"F",,"Lindroth, C. H. 1969. The ground-beetles (Carabidae, excl. Cicindelinae) of Canada and Alaska, parts 1-6. Opuscula E. Entomoligiska Sallskapet.","Kipling Will","Essig Museum of Entomology",,"No known compromise","N",,
"93ee3a9e-1a89-458b-8ee6-fa60145c0ac6","GRSM_009.basePlot.bet","D07","GRSM","GRSM_009","2015-06-30","2015-07-14","2017-01-15","NEON.BET.D07.000861","SPHBIC","Animalia","Arthropoda","Insecta","Coleoptera","Carabidae","Carabinae","Cychrini","Sphaeroderus",,"bicarinatus",,"Sphaeroderus bicarinatus","LeConte","species",,"F",,"Lindroth, C. H. 1969. The ground-beetles (Carabidae, excl. Cicindelinae) of Canada and Alaska, parts 1-6. Opuscula E. Entomoligiska Sallskapet.","Kipling Will","Essig Museum of Entomology",,"No known compromise","N",,
"66159921-fcd0-4f97-acf5-7b10f937fcdb","GRSM_009.basePlot.bet","D07","GRSM","GRSM_009","2015-06-30","2015-07-14","2017-01-15","NEON.BET.D07.000834","CARGOR","Animalia","Arthropoda","Insecta","Coleoptera","Carabidae","Carabinae","Carabini","Carabus","Carabus","goryi",,"Carabus goryi","Dejean","species",,"F",,"Lindroth, C. H. 1969. The ground-beetles (Carabidae, excl. Cicindelinae) of Canada and Alaska, parts 1-6. Opuscula E. Entomoligiska Sallskapet.","Kipling Will","Essig Museum of Entomology",,"No known compromise","N",,
"30d94b53-324b-4a70-9b14-d2443fe10ca0","GRSM_009.basePlot.bet","D07","GRSM","GRSM_009","2015-06-30","2015-07-14","2017-01-15","NEON.BET.D07.000863","SPHBIC","Animalia","Arthropoda","Insecta","Coleoptera","Carabidae","Carabinae","Cychrini","Sphaeroderus",,"bicarinatus",,"Sphaeroderus bicarinatus","LeConte","species",,"M",,"Lindroth, C. H. 1969. The ground-beetles (Carabidae, excl. Cicindelinae) of Canada and Alaska, parts 1-6. Opuscula E. Entomoligiska Sallskapet.","Kipling Will","Essig Museum of Entomology",,"No known compromise","N",,
"0eda1d3e-2621-4db3-9421-9b4ca7d267a2","GRSM_009.basePlot.bet","D07","GRSM","GRSM_009","2015-06-30","2015-07-14","2017-01-15","NEON.BET.D07.000840","CARGOR","Animalia","Arthropoda","Insecta","Coleoptera","Carabidae","Carabinae","Carabini","Carabus","Carabus","goryi",,"Carabus goryi","Dejean","species",,"M",,"Lindroth, C. H. 1969. The ground-beetles (Carabidae, excl. Cicindelinae) of Canada and Alaska, parts 1-6. Opuscula E. Entomoligiska Sallskapet.","Kipling Will","Essig Museum of Entomology",,"No known compromise","N",,
"da10757e-0a02-46ec-add0-739773672bb0","GRSM_014.basePlot.bet","D07","GRSM","GRSM_014","2015-07-13","2015-07-27","2017-01-15","NEON.BET.D07.000758","CYCFRE","Animalia","Arthropoda","Insecta","Coleoptera","Carabidae","Harpalinae","Pterostichini","Cyclotrachelus","Cyclotrachelus","freitagi",,"Cyclotrachelus freitagi","Bousquet","species",,"F",,"Freitag, R. 1969. A revision of the species of the genus Evarthrus LeConte. Quaestiones Entomologicae 5:89-212.","Kipling Will","Essig Museum of Entomology",,"No known compromise","N",,
"6f9a19b3-1cb1-4dd9-a2c9-46dab75c723c","GRSM_014.basePlot.bet","D07","GRSM","GRSM_014","2015-07-13","2015-07-27","2017-01-15","NEON.BET.D07.000805","CYCSIG","Animalia","Arthropoda","Insecta","Coleoptera","Carabidae","Harpalinae","Pterostichini","Cyclotrachelus","Evarthrus","sigillatus",,"Cyclotrachelus sigillatus","Say","species",,"M",,"Freitag, R. 1969. A revision of the species of the genus Evarthrus LeConte. Quaestiones Entomologicae 5:89-212.","Kipling Will","Essig Museum of Entomology",,"No known compromise","N",,
"2d854547-c266-4917-a850-ff0b6f3d0938","GRSM_014.basePlot.bet","D07","GRSM","GRSM_014","2015-07-13","2015-07-27","2017-01-15","NEON.BET.D07.000850","SPHSTE1","Animalia","Arthropoda","Insecta","Coleoptera","Carabidae","Carabinae","Cychrini","Sphaeroderus",,"stenostomus","lecontei","Sphaeroderus stenostomus lecontei","Dejean","subspecies",,"M",,"Lindroth, C. H. 1969. The ground-beetles (Carabidae, excl. Cicindelinae) of Canada and Alaska, parts 1-6. Opuscula E. Entomoligiska Sallskapet.","Kipling Will","Essig Museum of Entomology",,"No known compromise","N",,
"c56f5037-79bf-409f-ab81-77f1facaa915","GRSM_014.basePlot.bet","D07","GRSM","GRSM_014","2015-07-13","2015-07-27","2017-01-15","NEON.BET.D07.000806","CYCSIG","Animalia","Arthropoda","Insecta","Coleoptera","Carabidae","Harpalinae","Pterostichini","Cyclotrachelus","Evarthrus","sigillatus",,"Cyclotrachelus sigillatus","Say","species",,"F",,"Freitag, R. 1969. A revision of the species of the genus Evarthrus LeConte. Quaestiones Entomologicae 5:89-212.","Kipling Will","Essig Museum of Entomology",,"No known compromise","N",,
"d8690f55-9ee5-4466-9e5a-f9775a3df605","GRSM_014.basePlot.bet","D07","GRSM","GRSM_014","2015-07-13","2015-07-27","2017-01-15","NEON.BET.D07.000852","SPHSTE1","Animalia","Arthropoda","Insecta","Coleoptera","Carabidae","Carabinae","Cychrini","Sphaeroderus",,"stenostomus","lecontei","Sphaeroderus stenostomus lecontei","Dejean","subspecies",,"M",,"Lindroth, C. H. 1969. The ground-beetles (Carabidae, excl. Cicindelinae) of Canada and Alaska, parts 1-6. Opuscula E. Entomoligiska Sallskapet.","Kipling Will","Essig Museum of Entomology",,"No known compromise","N",,
"1b76e7fc-2816-4dbc-b6b3-2c14979f9b35","GRSM_014.basePlot.bet","D07","GRSM","GRSM_014","2015-07-13","2015-07-27","2017-01-15","NEON.BET.D07.000856","SPHBIC","Animalia","Arthropoda","Insecta","Coleoptera","Carabidae","Carabinae","Cychrini","Sphaeroderus",,"bicarinatus",,"Sphaeroderus bicarinatus","LeConte","species",,"M",,"Lindroth, C. H. 1969. The ground-beetles (Carabidae, excl. Cicindelinae) of Canada and Alaska, parts 1-6. Opuscula E. Entomoligiska Sallskapet.","Kipling Will","Essig Museum of Entomology",,"No known compromise","N",,
"af93544b-cb39-4fd4-ad7a-1d8ebd764e32","GRSM_006.basePlot.bet","D07","GRSM","GRSM_006","2015-07-13","2015-07-27","2017-01-15","NEON.BET.D07.000865","SPHBIC","Animalia","Arthropoda","Insecta","Coleoptera","Carabidae","Carabinae","Cychrini","Sphaeroderus",,"bicarinatus",,"Sphaeroderus bicarinatus","LeConte","species",,"M",,"Lindroth, C. H. 1969. The ground-beetles (Carabidae, excl. Cicindelinae) of Canada and Alaska, parts 1-6. Opuscula E. Entomoligiska Sallskapet.","Kipling Will","Essig Museum of Entomology",,"No known compromise","N",,
"c905a1a7-424d-452b-9c81-b2e668669099","GRSM_013.basePlot.bet","D07","GRSM","GRSM_013","2015-07-13","2015-07-27","2017-01-15","NEON.BET.D07.000864","SPHBIC","Animalia","Arthropoda","Insecta","Coleoptera","Carabidae","Carabinae","Cychrini","Sphaeroderus",,"bicarinatus",,"Sphaeroderus bicarinatus","LeConte","species",,"M",,"Lindroth, C. H. 1969. The ground-beetles (Carabidae, excl. Cicindelinae) of Canada and Alaska, parts 1-6. Opuscula E. Entomoligiska Sallskapet.","Kipling Will","Essig Museum of Entomology",,"No known compromise","N",,
"872ccbde-cc87-4216-830c-e45523a187e0","GRSM_006.basePlot.bet","D07","GRSM","GRSM_006","2015-07-13","2015-07-27","2017-01-15","NEON.BET.D07.000764","PTEMOE","Animalia","Arthropoda","Insecta","Coleoptera","Carabidae","Harpalinae","Pterostichini","Pterostichus","Eosteropus","moestus",,"Pterostichus moestus","Say","species",,"M",,"Lindroth, C. H. 1969. The ground-beetles (Carabidae, excl. Cicindelinae) of Canada and Alaska, parts 1-6. Opuscula E. Entomoligiska Sallskapet.","Kipling Will","Essig Museum of Entomology",,"No known compromise","N",,
"501206bc-7f92-411e-80ca-cb8dc3b8edc5","GRSM_006.basePlot.bet","D07","GRSM","GRSM_006","2015-07-13","2015-07-27","2017-01-15","NEON.BET.D07.000753","CYCFRE","Animalia","Arthropoda","Insecta","Coleoptera","Carabidae","Harpalinae","Pterostichini","Cyclotrachelus","Cyclotrachelus","freitagi",,"Cyclotrachelus freitagi","Bousquet","species",,"F",,"Freitag, R. 1969. A revision of the species of the genus Evarthrus LeConte. Quaestiones Entomologicae 5:89-212.","Kipling Will","Essig Museum of Entomology",,"No known compromise","N",,
"b1c453a4-fef6-4fcd-9e3f-aec3c4dca837","GRSM_006.basePlot.bet","D07","GRSM","GRSM_006","2015-07-13","2015-07-27","2017-01-15","NEON.BET.D07.000741","DICTET","Animalia","Arthropoda","Insecta","Coleoptera","Carabidae","Harpalinae","Licinini","Dicaelus","Paradicaelus","teter",,"Dicaelus teter","Bonelli","species",,"M",,"Ball, G. E. 1992. The Tribe Licinini (Coleoptera: Carabidae): A Review of the Genus-Groups and of the Species of Selected Genera. Journal of the New York Entomological Society 100:325-380.","Kipling Will","Essig Museum of Entomology",,"No known compromise","N",,
"9409ecc2-50c6-40c5-bcfc-269fc0862dfb","GRSM_014.basePlot.bet","D07","GRSM","GRSM_014","2015-07-13","2015-07-27","2017-01-15","NEON.BET.D07.000733","DICTET","Animalia","Arthropoda","Insecta","Coleoptera","Carabidae","Harpalinae","Licinini","Dicaelus","Paradicaelus","teter",,"Dicaelus teter","Bonelli","species",,"F",,"Ball, G. E. 1992. The Tribe Licinini (Coleoptera: Carabidae): A Review of the Genus-Groups and of the Species of Selected Genera. Journal of the New York Entomological Society 100:325-380.","Kipling Will","Essig Museum of Entomology",,"No known compromise","N",,
"18480cc2-74ed-446a-b235-05a8ca27f845","GRSM_014.basePlot.bet","D07","GRSM","GRSM_014","2015-07-13","2015-07-27","2017-01-15","NEON.BET.D07.000734","DICTET","Animalia","Arthropoda","Insecta","Coleoptera","Carabidae","Harpalinae","Licinini","Dicaelus","Paradicaelus","teter",,"Dicaelus teter","Bonelli","species",,"F",,"Ball, G. E. 1992. The Tribe Licinini (Coleoptera: Carabidae): A Review of the Genus-Groups and of the Species of Selected Genera. Journal of the New York Entomological Society 100:325-380.","Kipling Will","Essig Museum of Entomology",,"No known compromise","N",,
"fe268173-b050-4e91-b767-4b64ee940fbb","GRSM_014.basePlot.bet","D07","GRSM","GRSM_014","2015-07-13","2015-07-27","2017-01-15","NEON.BET.D07.000804","CYCSIG","Animalia","Arthropoda","Insecta","Coleoptera","Carabidae","Harpalinae","Pterostichini","Cyclotrachelus","Evarthrus","sigillatus",,"Cyclotrachelus sigillatus","Say","species",,"F",,"Freitag, R. 1969. A revision of the species of the genus Evarthrus LeConte. Quaestiones Entomologicae 5:89-212.","Kipling Will","Essig Museum of Entomology",,"No known compromise","N",,
"4ba5abf1-4ccc-41b0-a4f1-c8a50e08f735","GRSM_014.basePlot.bet","D07","GRSM","GRSM_014","2015-07-13","2015-07-27","2017-01-15","NEON.BET.D07.000788","PTEACU","Animalia","Arthropoda","Insecta","Coleoptera","Carabidae","Harpalinae","Pterostichini","Pterostichus","Cylindrocharis","acutipes",,"Pterostichus acutipes","Barr","species",,"F",,"Barr Jr., T. C. 1971c. The North American Pterostichus of the Subgenus Cylindrocharis Casey (Coleoptera, Carabidae). American Museum Novitates:1-14.","Kipling Will","Essig Museum of Entomology",,"No known compromise","N",,
"4bc5ea8d-1dd7-43d9-97da-2aebd320ffe7","GRSM_014.basePlot.bet","D07","GRSM","GRSM_014","2015-07-13","2015-07-27","2017-01-15","NEON.BET.D07.000802","CYCSIG","Animalia","Arthropoda","Insecta","Coleoptera","Carabidae","Harpalinae","Pterostichini","Cyclotrachelus","Evarthrus","sigillatus",,"Cyclotrachelus sigillatus","Say","species",,"F",,"Freitag, R. 1969. A revision of the species of the genus Evarthrus LeConte. Quaestiones Entomologicae 5:89-212.","Kipling Will","Essig Museum of Entomology",,"No known compromise","N",,
"6772889a-7c9d-4a1d-989c-026a24f2cd91","GRSM_014.basePlot.bet","D07","GRSM","GRSM_014","2015-07-13","2015-07-27","2017-01-15","NEON.BET.D07.000795","CYCSIG","Animalia","Arthropoda","Insecta","Coleoptera","Carabidae","Harpalinae","Pterostichini","Cyclotrachelus","Evarthrus","sigillatus",,"Cyclotrachelus sigillatus","Say","species",,"F",,"Freitag, R. 1969. A revision of the species of the genus Evarthrus LeConte. Quaestiones Entomologicae 5:89-212.","Kipling Will","Essig Museum of Entomology",,"No known compromise","N",,
"a7c83fa1-7189-4391-8cd1-9fe04f3134c0","GRSM_014.basePlot.bet","D07","GRSM","GRSM_014","2015-07-13","2015-07-27","2017-01-15","NEON.BET.D07.000785","PTEACU","Animalia","Arthropoda","Insecta","Coleoptera","Carabidae","Harpalinae","Pterostichini","Pterostichus","Cylindrocharis","acutipes",,"Pterostichus acutipes","Barr","species",,"F",,"Barr Jr., T. C. 1971c. The North American Pterostichus of the Subgenus Cylindrocharis Casey (Coleoptera, Carabidae). American Museum Novitates:1-14.","Kipling Will","Essig Museum of Entomology",,"No known compromise","N",,
"5b5d9aad-45c6-4c8e-a367-a421f5181c95","GRSM_014.basePlot.bet","D07","GRSM","GRSM_014","2015-07-13","2015-07-27","2017-01-15","NEON.BET.D07.000816","CARGOR","Animalia","Arthropoda","Insecta","Coleoptera","Carabidae","Carabinae","Carabini","Carabus","Carabus","goryi",,"Carabus goryi","Dejean","species",,"F",,"Lindroth, C. H. 1969. The ground-beetles (Carabidae, excl. Cicindelinae) of Canada and Alaska, parts 1-6. Opuscula E. Entomoligiska Sallskapet.","Kipling Will","Essig Museum of Entomology",,"No known compromise","N",,
"96bab0ff-a02f-47de-9607-32a240c6d1ae","GRSM_013.basePlot.bet","D07","GRSM","GRSM_013","2015-07-13","2015-07-27","2017-01-15","NEON.BET.D07.000784","PTEACU","Animalia","Arthropoda","Insecta","Coleoptera","Carabidae","Harpalinae","Pterostichini","Pterostichus","Cylindrocharis","acutipes",,"Pterostichus acutipes","Barr","species",,"F",,"Barr Jr., T. C. 1971c. The North American Pterostichus of the Subgenus Cylindrocharis Casey (Coleoptera, Carabidae). American Museum Novitates:1-14.","Kipling Will","Essig Museum of Entomology",,"No known compromise","N",,
"edd5021f-6f64-4ed7-88f5-5d0e01ca1842","GRSM_013.basePlot.bet","D07","GRSM","GRSM_013","2015-07-13","2015-07-27","2017-01-15","NEON.BET.D07.000766","PTEMOE","Animalia","Arthropoda","Insecta","Coleoptera","Carabidae","Harpalinae","Pterostichini","Pterostichus","Eosteropus","moestus",,"Pterostichus moestus","Say","species",,"F",,"Lindroth, C. H. 1969. The ground-beetles (Carabidae, excl. Cicindelinae) of Canada and Alaska, parts 1-6. Opuscula E. Entomoligiska Sallskapet.","Kipling Will","Essig Museum of Entomology",,"No known compromise","N",,
"28b9c2cb-2c7a-4c43-9174-e5202e2d795c","GRSM_013.basePlot.bet","D07","GRSM","GRSM_013","2015-07-13","2015-07-27","2017-01-15","NEON.BET.D07.000774","PTETRI3","Animalia","Arthropoda","Insecta","Coleoptera","Carabidae","Harpalinae","Pterostichini","Pterostichus","Hypherpes","tristis",,"Pterostichus tristis","Dejean","species",,"F",,"Lindroth, C. H. 1969. The ground-beetles (Carabidae, excl. Cicindelinae) of Canada and Alaska, parts 1-6. Opuscula E. Entomoligiska Sallskapet.","Kipling Will","Essig Museum of Entomology",,"No known compromise","N",,
"fc084e85-44a4-405b-9ce8-d38f1defca79","GRSM_006.basePlot.bet","D07","GRSM","GRSM_006","2015-07-13","2015-07-27","2017-01-15","NEON.BET.D07.000751","CYCFRE","Animalia","Arthropoda","Insecta","Coleoptera","Carabidae","Harpalinae","Pterostichini","Cyclotrachelus","Cyclotrachelus","freitagi",,"Cyclotrachelus freitagi","Bousquet","species",,"F",,"Freitag, R. 1969. A revision of the species of the genus Evarthrus LeConte. Quaestiones Entomologicae 5:89-212.","Kipling Will","Essig Museum of Entomology",,"No known compromise","N",,
"911674f0-1ab9-4b90-8115-ee82d273b8ee","GRSM_006.basePlot.bet","D07","GRSM","GRSM_006","2015-07-13","2015-07-27","2017-01-15","NEON.BET.D07.000746","DICDIL1","Animalia","Arthropoda","Insecta","Coleoptera","Carabidae","Harpalinae","Licinini","Dicaelus","Paradicaelus","dilatatus","dilatatus","Dicaelus dilatatus dilatatus","Say","subspecies",,"F",,"Ball, G. E. 1992. The Tribe Licinini (Coleoptera: Carabidae): A Review of the Genus-Groups and of the Species of Selected Genera. Journal of the New York Entomological Society 100:325-380.","Kipling Will","Essig Museum of Entomology",,"No known compromise","N",,
"4381adfd-122b-454e-a1ae-8b6a74965577","GRSM_006.basePlot.bet","D07","GRSM","GRSM_006","2015-07-13","2015-07-27","2017-01-15","NEON.BET.D07.000801","CYCSIG","Animalia","Arthropoda","Insecta","Coleoptera","Carabidae","Harpalinae","Pterostichini","Cyclotrachelus","Evarthrus","sigillatus",,"Cyclotrachelus sigillatus","Say","species",,"F",,"Freitag, R. 1969. A revision of the species of the genus Evarthrus LeConte. Quaestiones Entomologicae 5:89-212.","Kipling Will","Essig Museum of Entomology",,"No known compromise","N",,
"f2a74027-41fe-4cd4-b76f-a09cbd7595f1","GRSM_006.basePlot.bet","D07","GRSM","GRSM_006","2015-07-13","2015-07-27","2017-01-15","NEON.BET.D07.000772","PTEMOE","Animalia","Arthropoda","Insecta","Coleoptera","Carabidae","Harpalinae","Pterostichini","Pterostichus","Eosteropus","moestus",,"Pterostichus moestus","Say","species",,"F",,"Lindroth, C. H. 1969. The ground-beetles (Carabidae, excl. Cicindelinae) of Canada and Alaska, parts 1-6. Opuscula E. Entomoligiska Sallskapet.","Kipling Will","Essig Museum of Entomology",,"No known compromise","N",,
"40353270-0517-4f85-9fc4-dd8cb6567573","GRSM_006.basePlot.bet","D07","GRSM","GRSM_006","2015-07-13","2015-07-27","2017-01-15","NEON.BET.D07.000771","PTEMOE","Animalia","Arthropoda","Insecta","Coleoptera","Carabidae","Harpalinae","Pterostichini","Pterostichus","Eosteropus","moestus",,"Pterostichus moestus","Say","species",,"M",,"Lindroth, C. H. 1969. The ground-beetles (Carabidae, excl. Cicindelinae) of Canada and Alaska, parts 1-6. Opuscula E. Entomoligiska Sallskapet.","Kipling Will","Essig Museum of Entomology",,"No known compromise","N",,
"bada2dd1-edd3-4909-bd3f-4a5768b511ad","GRSM_006.basePlot.bet","D07","GRSM","GRSM_006","2015-07-13","2015-07-27","2017-01-15","NEON.BET.D07.000745","DICDIL1","Animalia","Arthropoda","Insecta","Coleoptera","Carabidae","Harpalinae","Licinini","Dicaelus","Paradicaelus","dilatatus","dilatatus","Dicaelus dilatatus dilatatus","Say","subspecies",,"M",,"Ball, G. E. 1992. The Tribe Licinini (Coleoptera: Carabidae): A Review of the Genus-Groups and of the Species of Selected Genera. Journal of the New York Entomological Society 100:325-380.","Kipling Will","Essig Museum of Entomology",,"No known compromise","N",,
"4be557e4-9462-4657-8938-4a90bbbe0cc9","GRSM_018.basePlot.bet","D07","GRSM","GRSM_018","2015-07-14","2015-07-28","2017-01-15","NEON.BET.D07.000848","SPHSTE1","Animalia","Arthropoda","Insecta","Coleoptera","Carabidae","Carabinae","Cychrini","Sphaeroderus",,"stenostomus","lecontei","Sphaeroderus stenostomus lecontei","Dejean","subspecies",,"F",,"Lindroth, C. H. 1969. The ground-beetles (Carabidae, excl. Cicindelinae) of Canada and Alaska, parts 1-6. Opuscula E. Entomoligiska Sallskapet.","Kipling Will","Essig Museum of Entomology",,"No known compromise","N",,
"04c1d5ed-94ff-4b1d-809c-ce7e400daacc","GRSM_018.basePlot.bet","D07","GRSM","GRSM_018","2015-07-14","2015-07-28","2017-01-15","NEON.BET.D07.000815","CYCSIG","Animalia","Arthropoda","Insecta","Coleoptera","Carabidae","Harpalinae","Pterostichini","Cyclotrachelus","Evarthrus","sigillatus",,"Cyclotrachelus sigillatus","Say","species",,"M",,"Freitag, R. 1969. A revision of the species of the genus Evarthrus LeConte. Quaestiones Entomologicae 5:89-212.","Kipling Will","Essig Museum of Entomology",,"No known compromise","N",,
"f249a432-f47a-42f3-82dc-3fa7e4423602","GRSM_018.basePlot.bet","D07","GRSM","GRSM_018","2015-07-14","2015-07-28","2017-01-15","NEON.BET.D07.000825","CARGOR","Animalia","Arthropoda","Insecta","Coleoptera","Carabidae","Carabinae","Carabini","Carabus","Carabus","goryi",,"Carabus goryi","Dejean","species",,"F",,"Lindroth, C. H. 1969. The ground-beetles (Carabidae, excl. Cicindelinae) of Canada and Alaska, parts 1-6. Opuscula E. Entomoligiska Sallskapet.","Kipling Will","Essig Museum of Entomology",,"No known compromise","N",,
"faa18c8c-aa22-40cd-a11b-39b8788cb2bf","GRSM_018.basePlot.bet","D07","GRSM","GRSM_018","2015-07-14","2015-07-28","2017-01-15","NEON.BET.D07.000849","SPHSTE1","Animalia","Arthropoda","Insecta","Coleoptera","Carabidae","Carabinae","Cychrini","Sphaeroderus",,"stenostomus","lecontei","Sphaeroderus stenostomus lecontei","Dejean","subspecies",,"M",,"Lindroth, C. H. 1969. The ground-beetles (Carabidae, excl. Cicindelinae) of Canada and Alaska, parts 1-6. Opuscula E. Entomoligiska Sallskapet.","Kipling Will","Essig Museum of Entomology",,"No known compromise","N",,
"21afedfc-511b-4a2f-bb96-9af94b303f7f","GRSM_018.basePlot.bet","D07","GRSM","GRSM_018","2015-07-14","2015-07-28","2017-01-15","NEON.BET.D07.000737","DICTET","Animalia","Arthropoda","Insecta","Coleoptera","Carabidae","Harpalinae","Licinini","Dicaelus","Paradicaelus","teter",,"Dicaelus teter","Bonelli","species",,"M",,"Ball, G. E. 1992. The Tribe Licinini (Coleoptera: Carabidae): A Review of the Genus-Groups and of the Species of Selected Genera. Journal of the New York Entomological Society 100:325-380.","Kipling Will","Essig Museum of Entomology",,"No known compromise","N",,
"08aa1680-2211-4123-8da4-cd3e3d72abdb","GRSM_018.basePlot.bet","D07","GRSM","GRSM_018","2015-07-14","2015-07-28","2017-01-15","NEON.BET.D07.000798","CYCSIG","Animalia","Arthropoda","Insecta","Coleoptera","Carabidae","Harpalinae","Pterostichini","Cyclotrachelus","Evarthrus","sigillatus",,"Cyclotrachelus sigillatus","Say","species",,"M",,"Freitag, R. 1969. A revision of the species of the genus Evarthrus LeConte. Quaestiones Entomologicae 5:89-212.","Kipling Will","Essig Museum of Entomology",,"No known compromise","N",,
"380c551a-e17e-4105-a049-068db1f29604","GRSM_018.basePlot.bet","D07","GRSM","GRSM_018","2015-07-14","2015-07-28","2017-01-15","NEON.BET.D07.000773","PTETRI3","Animalia","Arthropoda","Insecta","Coleoptera","Carabidae","Harpalinae","Pterostichini","Pterostichus","Hypherpes","tristis",,"Pterostichus tristis","Dejean","species",,"M",,"Lindroth, C. H. 1969. The ground-beetles (Carabidae, excl. Cicindelinae) of Canada and Alaska, parts 1-6. Opuscula E. Entomoligiska Sallskapet.","Kipling Will","Essig Museum of Entomology",,"No known compromise","N",,
"c3a404a3-9c90-42fd-9ea3-3b0b7f7f65d7","GRSM_018.basePlot.bet","D07","GRSM","GRSM_018","2015-07-14","2015-07-28","2017-01-15","NEON.BET.D07.000799","CYCSIG","Animalia","Arthropoda","Insecta","Coleoptera","Carabidae","Harpalinae","Pterostichini","Cyclotrachelus","Evarthrus","sigillatus",,"Cyclotrachelus sigillatus","Say","species",,"F",,"Freitag, R. 1969. A revision of the species of the genus Evarthrus LeConte. Quaestiones Entomologicae 5:89-212.","Kipling Will","Essig Museum of Entomology",,"No known compromise","N",,
"571df042-9513-4024-9357-1acf62b06477","GRSM_018.basePlot.bet","D07","GRSM","GRSM_018","2015-07-14","2015-07-28","2017-01-15","NEON.BET.D07.000770","PTEMOE","Animalia","Arthropoda","Insecta","Coleoptera","Carabidae","Harpalinae","Pterostichini","Pterostichus","Eosteropus","moestus",,"Pterostichus moestus","Say","species",,"M",,"Lindroth, C. H. 1969. The ground-beetles (Carabidae, excl. Cicindelinae) of Canada and Alaska, parts 1-6. Opuscula E. Entomoligiska Sallskapet.","Kipling Will","Essig Museum of Entomology",,"No known compromise","N",,
"3d72773c-186d-421e-ad77-cb996261283e","GRSM_018.basePlot.bet","D07","GRSM","GRSM_018","2015-07-14","2015-07-28","2017-01-15","NEON.BET.D07.000781","PTEACU","Animalia","Arthropoda","Insecta","Coleoptera","Carabidae","Harpalinae","Pterostichini","Pterostichus","Cylindrocharis","acutipes",,"Pterostichus acutipes","Barr","species",,"M",,"Barr Jr., T. C. 1971c. The North American Pterostichus of the Subgenus Cylindrocharis Casey (Coleoptera, Carabidae). American Museum Novitates:1-14.","Kipling Will","Essig Museum of Entomology",,"No known compromise","N",,
