uid,namedLocation,domainID,siteID,plotID,trapID,setDate,collectDate,processingDate,identifiedDate,subsampleID,individualID,taxonID,scientificName,taxonRank,identificationQualifier,scientificNameAuthorship,morphospeciesID,identificationReferences,totalLength,identifiedBy,recordedBy,remarks
"1224d7d7-d780-4432-b2b7-d47943361a0e","GRSM_014.basePlot.bet","D07","GRSM","GRSM_014","E","2015-06-29","2015-07-13","2015-12-03","2015-12-03","oYrZWOmGwleiXjRuq/6PN2I5FBImoK/cNosJ3qVTWKc=","NEON.BET.D07.000810","CYCSIG","Cyclotrachelus sigillatus","species","cf. species","Say",,"Freitag, R. 1969. A revision of the species of the genus Evarthrus LeConte. Quaestiones Entomologicae 5:89-212.",,"nAKPQvGWPz3w50pS9SF/Wg/TlEjgxRE8","nAKPQvGWPz3w50pS9SF/Wg/TlEjgxRE8","used NEON.DOC.014050vJ"
"74eefca4-2b24-4e29-a1df-fc647d0e69ca","GRSM_014.basePlot.bet","D07","GRSM","GRSM_014","W","2015-06-29","2015-07-13","2015-12-03","2015-12-03","oYrZWOmGwlfydFlBa45kMO1Cd0lNrj85RrqqAtkCMms=","NEON.BET.D07.000803","CYCSIG","Cyclotrachelus sigillatus","species",,"Say",,"Freitag, R. 1969. A revision of the species of the genus Evarthrus LeConte. Quaestiones Entomologicae 5:89-212.",,"nAKPQvGWPz3w50pS9SF/Wg/TlEjgxRE8","nAKPQvGWPz3w50pS9SF/Wg/TlEjgxRE8","used NEON.DOC.014050vJ"
"56066348-de88-401f-b219-c95c144cfa77","GRSM_006.basePlot.bet","D07","GRSM","GRSM_006","E","2015-06-29","2015-07-13","2015-12-02","2015-12-02","lkd2xjHtfy4TEGG0hcsj4IORpbd8bQbB+NBgP7DkW00=","NEON.BET.D07.000752","CYCFRE","Cyclotrachelus freitagi","species",,"Bousquet",,"Freitag, R. 1969. A revision of the species of the genus Evarthrus LeConte. Quaestiones Entomologicae 5:89-212.",,"nAKPQvGWPz3w50pS9SF/Wg/TlEjgxRE8","nAKPQvGWPz3w50pS9SF/Wg/TlEjgxRE8","used NEON.DOC.014050vJ"
"de638841-945e-4ce1-8aad-da35a590d726","GRSM_006.basePlot.bet","D07","GRSM","GRSM_006","E","2015-06-29","2015-07-13","2015-12-02","2015-12-02","lkd2xjHtfy4TEGG0hcsj4IORpbd8bQbB+NBgP7DkW00=","NEON.BET.D07.000748","CYCFRE","Cyclotrachelus freitagi","species",,"Bousquet",,"Freitag, R. 1969. A revision of the species of the genus Evarthrus LeConte. Quaestiones Entomologicae 5:89-212.",,"nAKPQvGWPz3w50pS9SF/Wg/TlEjgxRE8","nAKPQvGWPz3w50pS9SF/Wg/TlEjgxRE8","used NEON.DOC.014050vJ"
"923c2d72-1aa6-4130-b2ad-28beb84f5d12","GRSM_013.basePlot.bet","D07","GRSM","GRSM_013","E","2015-06-29","2015-07-13","2015-12-02","2015-12-02","OHmA+Hh/KK5wc8KGH7jD3ez3kzJddcp3QHO0D+DsDHM=","NEON.BET.D07.000757","CYCFRE","Cyclotrachelus freitagi","species",,"Bousquet",,"Freitag, R. 1969. A revision of the species of the genus Evarthrus LeConte. Quaestiones Entomologicae 5:89-212.",,"nAKPQvGWPz3w50pS9SF/Wg/TlEjgxRE8","nAKPQvGWPz3w50pS9SF/Wg/TlEjgxRE8","used NEON.DOC.014050vJ"
"71513dc8-5e1c-4ecd-bc90-cebca6b51228","GRSM_014.basePlot.bet","D07","GRSM","GRSM_014","N","2015-06-29","2015-07-13","2015-12-01","2015-12-01","oYrZWOmGwlf6oYmqYM+wgwbXW0O3S8XfMsy22MCVmT4=","NEON.BET.D07.000747","DICDIL5","Dicaelus dilatatus","species",,"Say",,"Lindroth, C. H. 1969. The ground-beetles (Carabidae, excl. Cicindelinae) of Canada and Alaska, parts 1-6. Opuscula E. Entomoligiska Sallskapet.",,"nAKPQvGWPz3w50pS9SF/Wg/TlEjgxRE8","nAKPQvGWPz3w50pS9SF/Wg/TlEjgxRE8","used NEON.DOC.014050vJ"
"f9acaaf1-8f8e-4b74-9162-dcc794c43488","GRSM_014.basePlot.bet","D07","GRSM","GRSM_014","N","2015-06-29","2015-07-13","2015-12-03","2015-12-03","oYrZWOmGwlf6oYmqYM+wg3fg6rCyu6r+rQwqPeFeJps=","NEON.BET.D07.000812","CYCSIG","Cyclotrachelus sigillatus","species","cf. species","Say",,"Freitag, R. 1969. A revision of the species of the genus Evarthrus LeConte. Quaestiones Entomologicae 5:89-212.",,"nAKPQvGWPz3w50pS9SF/Wg/TlEjgxRE8","nAKPQvGWPz3w50pS9SF/Wg/TlEjgxRE8","used NEON.DOC.014050vJ"
"7e08097d-9ff8-4466-99ce-4807365bf987","GRSM_014.basePlot.bet","D07","GRSM","GRSM_014","N","2015-06-29","2015-07-13","2015-12-03","2015-12-03","oYrZWOmGwlf6oYmqYM+wgwyiNeEmoEJUVcY+RzNjsz0=","NEON.BET.D07.000776","PTEACU","Pterostichus acutipes","species",,"Barr",,"Ciegler, J. C. 2000. Ground beetles and wrinkled bark beetles of South Carolina (Coleoptera: Geadephaga: Carabidae and Rhysodidae). Biota of South Carolina. Vol. 1. Clemson, S. Clemson University.",,"nAKPQvGWPz3w50pS9SF/Wg/TlEjgxRE8","nAKPQvGWPz3w50pS9SF/Wg/TlEjgxRE8","used NEON.DOC.014050vJ"
"1bd3300b-4af5-4468-bc48-00af6759c1ba","GRSM_006.basePlot.bet","D07","GRSM","GRSM_006","N","2015-06-29","2015-07-13","2015-12-01","2015-12-01","lkd2xjHtfy4qoGbbCXCUyiVRD4LzvWetwXNLsVl39fg=","NEON.BET.D07.000738","DICAMB","Dicaelus ambiguus","species",,"LaFerte-Senectere",,"Lindroth, C. H. 1969. The ground-beetles (Carabidae, excl. Cicindelinae) of Canada and Alaska, parts 1-6. Opuscula E. Entomoligiska Sallskapet.",,"nAKPQvGWPz3w50pS9SF/Wg/TlEjgxRE8","nAKPQvGWPz3w50pS9SF/Wg/TlEjgxRE8","used NEON.DOC.014050vJ"
"07dda7da-23c4-4628-998c-e4a55992c7e2","GRSM_006.basePlot.bet","D07","GRSM","GRSM_006","N","2015-06-29","2015-07-13","2015-12-02","2015-12-02","lkd2xjHtfy4qoGbbCXCUyi7ZHN9l6FUBd8g3J2Ip4I8=","NEON.BET.D07.000765","PTEMOE","Pterostichus moestus","species",,"Say",,"Ciegler, J. C. 2000. Ground beetles and wrinkled bark beetles of South Carolina (Coleoptera: Geadephaga: Carabidae and Rhysodidae). Biota of South Carolina. Vol. 1. Clemson, S. Clemson University.",,"nAKPQvGWPz3w50pS9SF/Wg/TlEjgxRE8","nAKPQvGWPz3w50pS9SF/Wg/TlEjgxRE8","used NEON.DOC.014050vJ"
"11225d84-9429-4516-a121-43f4e34d739b","GRSM_002.basePlot.bet","D07","GRSM","GRSM_002","N","2015-06-29","2015-07-13","2015-12-03","2015-12-03","PXHhN5Qnn1lzIDA4ySahUEs1fwEFsugMWCa7eshiid8=","NEON.BET.D07.000855","SPHBIC","Sphaeroderus bicarinatus","species",,"LeConte",,"Barr Jr., T. C. 1974a. Key to species and subspecies of Sphaeroderus Dejean.",,"nAKPQvGWPz3w50pS9SF/Wg/TlEjgxRE8","nAKPQvGWPz3w50pS9SF/Wg/TlEjgxRE8","used NEON.DOC.014050vJ"
"fe2a1e87-288d-4905-a95f-25980b5d1822","GRSM_013.basePlot.bet","D07","GRSM","GRSM_013","N","2015-06-29","2015-07-13","2015-12-02","2015-12-02","OHmA+Hh/KK6H155InU9WcxuNEvMoKuaSsKbXu/MauDk=","NEON.BET.D07.000767","PTEMOE","Pterostichus moestus","species",,"Say",,"Ciegler, J. C. 2000. Ground beetles and wrinkled bark beetles of South Carolina (Coleoptera: Geadephaga: Carabidae and Rhysodidae). Biota of South Carolina. Vol. 1. Clemson, S. Clemson University.",,"nAKPQvGWPz3w50pS9SF/Wg/TlEjgxRE8","nAKPQvGWPz3w50pS9SF/Wg/TlEjgxRE8","used NEON.DOC.014050vJ"
"6d9339d5-65d0-4dc4-b073-2591f32da489","GRSM_014.basePlot.bet","D07","GRSM","GRSM_014","S","2015-06-29","2015-07-13","2015-12-03","2015-12-03","oYrZWOmGwlecKaQqGXU7tcW1UXBNUPnkOBk/Q7r0ffY=","NEON.BET.D07.000854","SPHBIC","Sphaeroderus bicarinatus","species",,"LeConte",,"Barr Jr., T. C. 1974a. Key to species and subspecies of Sphaeroderus Dejean.",,"nAKPQvGWPz3w50pS9SF/Wg/TlEjgxRE8","nAKPQvGWPz3w50pS9SF/Wg/TlEjgxRE8","used NEON.DOC.014050vJ"
"5f3d61ce-8be5-46b3-ba61-0f6067a54030","GRSM_014.basePlot.bet","D07","GRSM","GRSM_014","S","2015-06-29","2015-07-13","2015-12-03","2015-12-03","oYrZWOmGwlecKaQqGXU7tdCL9BDtQ4S4w+YDPltDpRQ=","NEON.BET.D07.000847","SPHSTE1","Sphaeroderus stenostomus lecontei","subspecies",,"Dejean",,"Barr Jr., T. C. 1974a. Key to species and subspecies of Sphaeroderus Dejean.",,"nAKPQvGWPz3w50pS9SF/Wg/TlEjgxRE8","nAKPQvGWPz3w50pS9SF/Wg/TlEjgxRE8","used NEON.DOC.014050vJ"
"f783ed57-ad9c-4b3d-af1b-931c87075335","GRSM_014.basePlot.bet","D07","GRSM","GRSM_014","S","2015-06-29","2015-07-13","2015-12-03","2015-12-03","oYrZWOmGwlecKaQqGXU7tcu8MjlZpLyCI5f1OXemZJk=","NEON.BET.D07.000809","CYCSIG","Cyclotrachelus sigillatus","species","cf. species","Say",,"Freitag, R. 1969. A revision of the species of the genus Evarthrus LeConte. Quaestiones Entomologicae 5:89-212.",,"nAKPQvGWPz3w50pS9SF/Wg/TlEjgxRE8","nAKPQvGWPz3w50pS9SF/Wg/TlEjgxRE8","used NEON.DOC.014050vJ"
"ccb60287-e59d-4aa3-aa8f-9d65cfeceab9","GRSM_014.basePlot.bet","D07","GRSM","GRSM_014","S","2015-06-29","2015-07-13","2015-12-02","2015-12-02","oYrZWOmGwlecKaQqGXU7tXqCC03Uf564SfeGCkrJD4E=","NEON.BET.D07.000750","CYCFRE","Cyclotrachelus freitagi","species",,"Bousquet",,"Freitag, R. 1969. A revision of the species of the genus Evarthrus LeConte. Quaestiones Entomologicae 5:89-212.",,"nAKPQvGWPz3w50pS9SF/Wg/TlEjgxRE8","nAKPQvGWPz3w50pS9SF/Wg/TlEjgxRE8","used NEON.DOC.014050vJ"
"4389228c-70ec-41ee-ab9b-223c78913f7e","GRSM_006.basePlot.bet","D07","GRSM","GRSM_006","W","2015-06-29","2015-07-13","2015-12-02","2015-12-02","lkd2xjHtfy4YKQaZjscCP2/vVmyPffgzCmty7FxQcN0=","NEON.BET.D07.000756","CYCFRE","Cyclotrachelus freitagi","species",,"Bousquet",,"Freitag, R. 1969. A revision of the species of the genus Evarthrus LeConte. Quaestiones Entomologicae 5:89-212.",,"nAKPQvGWPz3w50pS9SF/Wg/TlEjgxRE8","nAKPQvGWPz3w50pS9SF/Wg/TlEjgxRE8","used NEON.DOC.014050vJ"
"575faf8d-c1ad-4edd-bf2a-084606ac205b","GRSM_014.basePlot.bet","D07","GRSM","GRSM_014","W","2015-06-29","2015-07-13","2015-12-03","2015-12-03","oYrZWOmGwlfydFlBa45kMLCcg9a//KpuILVy2brI3HQ=","NEON.BET.D07.000831","CARGOR","Carabus goryi","species",,"Dejean",,"Ciegler, J. C. 2000. Ground beetles and wrinkled bark beetles of South Carolina (Coleoptera: Geadephaga: Carabidae and Rhysodidae). Biota of South Carolina. Vol. 1. Clemson, S. Clemson University.",,"nAKPQvGWPz3w50pS9SF/Wg/TlEjgxRE8","nAKPQvGWPz3w50pS9SF/Wg/TlEjgxRE8","used NEON.DOC.014050vJ"
"e5891e99-657b-433d-a2a0-a64373fb23d7","GRSM_002.basePlot.bet","D07","GRSM","GRSM_002","E","2015-06-29","2015-07-13","2015-12-03","2015-12-03","PXHhN5Qnn1kbtcigrJsgIhE/2FisVRUKPjJy67qN6eo=","NEON.BET.D07.000851","SPHSTE1","Sphaeroderus stenostomus lecontei","subspecies",,"Dejean",,"Barr Jr., T. C. 1974a. Key to species and subspecies of Sphaeroderus Dejean.",,"nAKPQvGWPz3w50pS9SF/Wg/TlEjgxRE8","nAKPQvGWPz3w50pS9SF/Wg/TlEjgxRE8","used NEON.DOC.014050vJ"
"2cc3d745-ad9f-4bbc-9ba6-17581887e9a2","GRSM_009.basePlot.bet","D07","GRSM","GRSM_009","W","2015-06-30","2015-07-14","2015-12-03","2015-12-03","tvtrj6Hle5HtX84Hmn9+VeIWJs/85OY6RdsKkEmzP9Q=","NEON.BET.D07.000834","CARGOR","Carabus goryi","species",,"Dejean",,"Ciegler, J. C. 2000. Ground beetles and wrinkled bark beetles of South Carolina (Coleoptera: Geadephaga: Carabidae and Rhysodidae). Biota of South Carolina. Vol. 1. Clemson, S. Clemson University.",,"nAKPQvGWPz3w50pS9SF/Wg/TlEjgxRE8","nAKPQvGWPz3w50pS9SF/Wg/TlEjgxRE8","used NEON.DOC.014050vJ"
"5c1baacf-b187-4816-89ea-6bc93da55036","GRSM_012.basePlot.bet","D07","GRSM","GRSM_012","W","2015-06-30","2015-07-14","2015-12-02","2015-12-02","JDiKFzN43ro1fJDP+5Z89sJ0xwsgWFdupa9vX9TWnCg=","NEON.BET.D07.000761","HARSPA","Harpalus spadiceus","species",,"Dejean",,"Ciegler, J. C. 2000. Ground beetles and wrinkled bark beetles of South Carolina (Coleoptera: Geadephaga: Carabidae and Rhysodidae). Biota of South Carolina. Vol. 1. Clemson, S. Clemson University.",,"nAKPQvGWPz3w50pS9SF/Wg/TlEjgxRE8","nAKPQvGWPz3w50pS9SF/Wg/TlEjgxRE8","used NEON.DOC.014050vJ"
"67d90f48-2504-4d8e-a149-229bbc254419","GRSM_012.basePlot.bet","D07","GRSM","GRSM_012","W","2015-06-30","2015-07-14","2015-12-03","2015-12-03","JDiKFzN43ro1fJDP+5Z89pTwl3RPXRA2/WHqXcGBobw=","NEON.BET.D07.000828","CARGOR","Carabus goryi","species",,"Dejean",,"Ciegler, J. C. 2000. Ground beetles and wrinkled bark beetles of South Carolina (Coleoptera: Geadephaga: Carabidae and Rhysodidae). Biota of South Carolina. Vol. 1. Clemson, S. Clemson University.",,"nAKPQvGWPz3w50pS9SF/Wg/TlEjgxRE8","nAKPQvGWPz3w50pS9SF/Wg/TlEjgxRE8","used NEON.DOC.014050vJ"
"ef46829b-cce5-4bea-a96b-dcf01a5ff1f6","GRSM_012.basePlot.bet","D07","GRSM","GRSM_012","W","2015-06-30","2015-07-14","2015-12-02","2015-12-02","JDiKFzN43ro1fJDP+5Z89vNPv7V0vce5TVA3ajBXYjQ=","NEON.BET.D07.000759","CYCFRE","Cyclotrachelus freitagi","species",,"Bousquet",,"Freitag, R. 1969. A revision of the species of the genus Evarthrus LeConte. Quaestiones Entomologicae 5:89-212.",,"nAKPQvGWPz3w50pS9SF/Wg/TlEjgxRE8","nAKPQvGWPz3w50pS9SF/Wg/TlEjgxRE8","used NEON.DOC.014050vJ"
"85cb15a0-a54f-4262-a851-23bb7b4c4874","GRSM_008.basePlot.bet","D07","GRSM","GRSM_008","W","2015-06-30","2015-07-14","2015-12-02","2015-12-02","yuRwaxqH2GtRtTWW5FSlIEmIV4ij/4bF9mOuLyYlSsk=","NEON.BET.D07.000768","PTEMOE","Pterostichus moestus","species",,"Say",,"Ciegler, J. C. 2000. Ground beetles and wrinkled bark beetles of South Carolina (Coleoptera: Geadephaga: Carabidae and Rhysodidae). Biota of South Carolina. Vol. 1. Clemson, S. Clemson University.",,"nAKPQvGWPz3w50pS9SF/Wg/TlEjgxRE8","nAKPQvGWPz3w50pS9SF/Wg/TlEjgxRE8","used NEON.DOC.014050vJ"
"3459a5fd-df30-4ba8-bfa5-85b21005a4c7","GRSM_008.basePlot.bet","D07","GRSM","GRSM_008","W","2015-06-30","2015-07-14","2015-12-03","2015-12-03","yuRwaxqH2GtRtTWW5FSlICahR3Un+es1GmJMaDO9JTc=","NEON.BET.D07.000824","CARGOR","Carabus goryi","species",,"Dejean",,"Ciegler, J. C. 2000. Ground beetles and wrinkled bark beetles of South Carolina (Coleoptera: Geadephaga: Carabidae and Rhysodidae). Biota of South Carolina. Vol. 1. Clemson, S. Clemson University.",,"nAKPQvGWPz3w50pS9SF/Wg/TlEjgxRE8","nAKPQvGWPz3w50pS9SF/Wg/TlEjgxRE8","used NEON.DOC.014050vJ"
"7d7bbd5f-fb70-41d3-89f4-e297841e8981","GRSM_012.basePlot.bet","D07","GRSM","GRSM_012","W","2015-06-30","2015-07-14","2015-12-01","2015-12-01","JDiKFzN43ro1fJDP+5Z89kbjUUr9uDuUltRlDgUBHPA=","NEON.BET.D07.000740","DICAMB","Dicaelus ambiguus","species",,"LaFerte-Senectere",,"Lindroth, C. H. 1969. The ground-beetles (Carabidae, excl. Cicindelinae) of Canada and Alaska, parts 1-6. Opuscula E. Entomoligiska Sallskapet.",,"nAKPQvGWPz3w50pS9SF/Wg/TlEjgxRE8","nAKPQvGWPz3w50pS9SF/Wg/TlEjgxRE8","used NEON.DOC.014050vJ"
"18e60de3-0c30-497d-a0cc-9594ec292515","GRSM_012.basePlot.bet","D07","GRSM","GRSM_012","W","2015-06-30","2015-07-14","2015-12-02","2015-12-02","JDiKFzN43ro1fJDP+5Z89vNPv7V0vce5TVA3ajBXYjQ=","NEON.BET.D07.000760","CYCFRE","Cyclotrachelus freitagi","species",,"Bousquet",,"Freitag, R. 1969. A revision of the species of the genus Evarthrus LeConte. Quaestiones Entomologicae 5:89-212.",,"nAKPQvGWPz3w50pS9SF/Wg/TlEjgxRE8","nAKPQvGWPz3w50pS9SF/Wg/TlEjgxRE8","used NEON.DOC.014050vJ"
"c8e1cd32-419b-4049-bee4-3ba6b6080585","GRSM_012.basePlot.bet","D07","GRSM","GRSM_012","W","2015-06-30","2015-07-14","2015-12-03","2015-12-03","JDiKFzN43ro1fJDP+5Z89pTwl3RPXRA2/WHqXcGBobw=","NEON.BET.D07.000819","CARGOR","Carabus goryi","species",,"Dejean",,"Ciegler, J. C. 2000. Ground beetles and wrinkled bark beetles of South Carolina (Coleoptera: Geadephaga: Carabidae and Rhysodidae). Biota of South Carolina. Vol. 1. Clemson, S. Clemson University.",,"nAKPQvGWPz3w50pS9SF/Wg/TlEjgxRE8","nAKPQvGWPz3w50pS9SF/Wg/TlEjgxRE8","used NEON.DOC.014050vJ"
"1268a417-214e-4f70-a52c-92c5cfe23408","GRSM_012.basePlot.bet","D07","GRSM","GRSM_012","E","2015-06-30","2015-07-14","2015-12-01","2015-12-01","JDiKFzN43ro5smeBwxNvVQlywI9P2kxsLqpPEUhFX2k=","NEON.BET.D07.000743","DICAMB","Dicaelus ambiguus","species",,"LaFerte-Senectere",,"Lindroth, C. H. 1969. The ground-beetles (Carabidae, excl. Cicindelinae) of Canada and Alaska, parts 1-6. Opuscula E. Entomoligiska Sallskapet.",,"nAKPQvGWPz3w50pS9SF/Wg/TlEjgxRE8","nAKPQvGWPz3w50pS9SF/Wg/TlEjgxRE8","used NEON.DOC.014050vJ"
"0a1c3219-cd12-4751-afbf-a90a225b65f0","GRSM_012.basePlot.bet","D07","GRSM","GRSM_012","E","2015-06-30","2015-07-14","2015-12-03","2015-12-03","JDiKFzN43ro5smeBwxNvVW5WKKfTBrt3TPwEqctvfGw=","NEON.BET.D07.000818","CARGOR","Carabus goryi","species",,"Dejean",,"Ciegler, J. C. 2000. Ground beetles and wrinkled bark beetles of South Carolina (Coleoptera: Geadephaga: Carabidae and Rhysodidae). Biota of South Carolina. Vol. 1. Clemson, S. Clemson University.",,"nAKPQvGWPz3w50pS9SF/Wg/TlEjgxRE8","nAKPQvGWPz3w50pS9SF/Wg/TlEjgxRE8","used NEON.DOC.014050vJ"
"0206ad41-8fab-4533-8b18-82e46f85c3f5","GRSM_012.basePlot.bet","D07","GRSM","GRSM_012","E","2015-06-30","2015-07-14","2015-12-03","2015-12-03","JDiKFzN43ro5smeBwxNvVW5WKKfTBrt3TPwEqctvfGw=","NEON.BET.D07.000838","CARGOR","Carabus goryi","species",,"Dejean",,"Ciegler, J. C. 2000. Ground beetles and wrinkled bark beetles of South Carolina (Coleoptera: Geadephaga: Carabidae and Rhysodidae). Biota of South Carolina. Vol. 1. Clemson, S. Clemson University.",,"nAKPQvGWPz3w50pS9SF/Wg/TlEjgxRE8","nAKPQvGWPz3w50pS9SF/Wg/TlEjgxRE8","used NEON.DOC.014050vJ"
"29d872d8-420b-43f4-8e03-56597760a179","GRSM_012.basePlot.bet","D07","GRSM","GRSM_012","E","2015-06-30","2015-07-14","2015-12-03","2015-12-03","JDiKFzN43ro5smeBwxNvVW5WKKfTBrt3TPwEqctvfGw=","NEON.BET.D07.000821","CARGOR","Carabus goryi","species",,"Dejean",,"Ciegler, J. C. 2000. Ground beetles and wrinkled bark beetles of South Carolina (Coleoptera: Geadephaga: Carabidae and Rhysodidae). Biota of South Carolina. Vol. 1. Clemson, S. Clemson University.",,"nAKPQvGWPz3w50pS9SF/Wg/TlEjgxRE8","nAKPQvGWPz3w50pS9SF/Wg/TlEjgxRE8","used NEON.DOC.014050vJ"
"520c2ff8-75f5-41f9-a877-e24293b53fb4","GRSM_012.basePlot.bet","D07","GRSM","GRSM_012","E","2015-06-30","2015-07-14","2015-12-03","2015-12-03","JDiKFzN43ro5smeBwxNvVW5WKKfTBrt3TPwEqctvfGw=","NEON.BET.D07.000837","CARGOR","Carabus goryi","species",,"Dejean",,"Ciegler, J. C. 2000. Ground beetles and wrinkled bark beetles of South Carolina (Coleoptera: Geadephaga: Carabidae and Rhysodidae). Biota of South Carolina. Vol. 1. Clemson, S. Clemson University.",,"nAKPQvGWPz3w50pS9SF/Wg/TlEjgxRE8","nAKPQvGWPz3w50pS9SF/Wg/TlEjgxRE8","used NEON.DOC.014050vJ"
"3d5167fe-d12a-4b21-a36a-054c7d08d340","GRSM_012.basePlot.bet","D07","GRSM","GRSM_012","E","2015-06-30","2015-07-14","2015-12-03","2015-12-03","JDiKFzN43ro5smeBwxNvVW5WKKfTBrt3TPwEqctvfGw=","NEON.BET.D07.000820","CARGOR","Carabus goryi","species",,"Dejean",,"Ciegler, J. C. 2000. Ground beetles and wrinkled bark beetles of South Carolina (Coleoptera: Geadephaga: Carabidae and Rhysodidae). Biota of South Carolina. Vol. 1. Clemson, S. Clemson University.",,"nAKPQvGWPz3w50pS9SF/Wg/TlEjgxRE8","nAKPQvGWPz3w50pS9SF/Wg/TlEjgxRE8","used NEON.DOC.014050vJ"
"010ffa66-faa6-4ce6-93d0-99013b8e7db4","GRSM_012.basePlot.bet","D07","GRSM","GRSM_012","E","2015-06-30","2015-07-14","2015-12-03","2015-12-03","JDiKFzN43ro5smeBwxNvVYIIdA1OBd0jboX05tewI8E=","NEON.BET.D07.000780","PTEACU","Pterostichus acutipes","species",,"Barr",,"Ciegler, J. C. 2000. Ground beetles and wrinkled bark beetles of South Carolina (Coleoptera: Geadephaga: Carabidae and Rhysodidae). Biota of South Carolina. Vol. 1. Clemson, S. Clemson University.",,"nAKPQvGWPz3w50pS9SF/Wg/TlEjgxRE8","nAKPQvGWPz3w50pS9SF/Wg/TlEjgxRE8","used NEON.DOC.014050vJ"
"ee6a7821-6db6-4a97-90e6-dfe6f820260f","GRSM_012.basePlot.bet","D07","GRSM","GRSM_012","E","2015-06-30","2015-07-14","2015-12-03","2015-12-03","JDiKFzN43ro5smeBwxNvVW5WKKfTBrt3TPwEqctvfGw=","NEON.BET.D07.000832","CARGOR","Carabus goryi","species",,"Dejean",,"Ciegler, J. C. 2000. Ground beetles and wrinkled bark beetles of South Carolina (Coleoptera: Geadephaga: Carabidae and Rhysodidae). Biota of South Carolina. Vol. 1. Clemson, S. Clemson University.",,"nAKPQvGWPz3w50pS9SF/Wg/TlEjgxRE8","nAKPQvGWPz3w50pS9SF/Wg/TlEjgxRE8","used NEON.DOC.014050vJ"
"ef20c704-fa9b-403d-9c13-2cfa5028fea8","GRSM_012.basePlot.bet","D07","GRSM","GRSM_012","E","2015-06-30","2015-07-14","2015-12-03","2015-12-03","JDiKFzN43ro5smeBwxNvVYIIdA1OBd0jboX05tewI8E=","NEON.BET.D07.000777","PTEACU","Pterostichus acutipes","species",,"Barr",,"Ciegler, J. C. 2000. Ground beetles and wrinkled bark beetles of South Carolina (Coleoptera: Geadephaga: Carabidae and Rhysodidae). Biota of South Carolina. Vol. 1. Clemson, S. Clemson University.",,"nAKPQvGWPz3w50pS9SF/Wg/TlEjgxRE8","nAKPQvGWPz3w50pS9SF/Wg/TlEjgxRE8","used NEON.DOC.014050vJ"
"871c01f8-8745-419f-8c88-6ae82c6ff7a1","GRSM_012.basePlot.bet","D07","GRSM","GRSM_012","E","2015-06-30","2015-07-14","2015-12-03","2015-12-03","JDiKFzN43ro5smeBwxNvVabA6fZDAYkxcgoukmcwI54=","NEON.BET.D07.000857","SPHBIC","Sphaeroderus bicarinatus","species",,"LeConte",,"Barr Jr., T. C. 1974a. Key to species and subspecies of Sphaeroderus Dejean.",,"nAKPQvGWPz3w50pS9SF/Wg/TlEjgxRE8","nAKPQvGWPz3w50pS9SF/Wg/TlEjgxRE8","used NEON.DOC.014050vJ"
"8e6a112e-c7e0-473b-8028-3c8e12dfd568","GRSM_009.basePlot.bet","D07","GRSM","GRSM_009","E","2015-06-30","2015-07-14","2015-12-03","2015-12-03","tvtrj6Hle5HnQJo2NYugyl1Cx1gKNX+tp2XOtQYE+wc=","NEON.BET.D07.000861","SPHBIC","Sphaeroderus bicarinatus","species",,"LeConte",,"Barr Jr., T. C. 1974a. Key to species and subspecies of Sphaeroderus Dejean.",,"nAKPQvGWPz3w50pS9SF/Wg/TlEjgxRE8","nAKPQvGWPz3w50pS9SF/Wg/TlEjgxRE8","used NEON.DOC.014050vJ"
"d9413998-e6c0-4f36-83a7-45efb6bfca48","GRSM_009.basePlot.bet","D07","GRSM","GRSM_009","E","2015-06-30","2015-07-14","2015-12-03","2015-12-03","tvtrj6Hle5HnQJo2NYugyl1Cx1gKNX+tp2XOtQYE+wc=","NEON.BET.D07.000863","SPHBIC","Sphaeroderus bicarinatus","species",,"LeConte",,"Barr Jr., T. C. 1974a. Key to species and subspecies of Sphaeroderus Dejean.",,"nAKPQvGWPz3w50pS9SF/Wg/TlEjgxRE8","nAKPQvGWPz3w50pS9SF/Wg/TlEjgxRE8","used NEON.DOC.014050vJ"
"dab1e070-3993-42c1-9714-1b6e5ae3522f","GRSM_012.basePlot.bet","D07","GRSM","GRSM_012","E","2015-06-30","2015-07-14","2015-12-03","2015-12-03","JDiKFzN43ro5smeBwxNvVYIIdA1OBd0jboX05tewI8E=","NEON.BET.D07.000778","PTEACU","Pterostichus acutipes","species",,"Barr",,"Ciegler, J. C. 2000. Ground beetles and wrinkled bark beetles of South Carolina (Coleoptera: Geadephaga: Carabidae and Rhysodidae). Biota of South Carolina. Vol. 1. Clemson, S. Clemson University.",,"nAKPQvGWPz3w50pS9SF/Wg/TlEjgxRE8","nAKPQvGWPz3w50pS9SF/Wg/TlEjgxRE8","used NEON.DOC.014050vJ"
"255f494f-a63c-4b68-8e4e-4b1f07a2c10e","GRSM_012.basePlot.bet","D07","GRSM","GRSM_012","E","2015-06-30","2015-07-14","2015-12-03","2015-12-03","JDiKFzN43ro5smeBwxNvVW5WKKfTBrt3TPwEqctvfGw=","NEON.BET.D07.000827","CARGOR","Carabus goryi","species",,"Dejean",,"Ciegler, J. C. 2000. Ground beetles and wrinkled bark beetles of South Carolina (Coleoptera: Geadephaga: Carabidae and Rhysodidae). Biota of South Carolina. Vol. 1. Clemson, S. Clemson University.",,"nAKPQvGWPz3w50pS9SF/Wg/TlEjgxRE8","nAKPQvGWPz3w50pS9SF/Wg/TlEjgxRE8","used NEON.DOC.014050vJ"
"2e970fa6-840b-4486-9334-447fe88e72b0","GRSM_009.basePlot.bet","D07","GRSM","GRSM_009","E","2015-06-30","2015-07-14","2015-12-03","2015-12-03","tvtrj6Hle5HnQJo2NYugyl1Cx1gKNX+tp2XOtQYE+wc=","NEON.BET.D07.000859","SPHBIC","Sphaeroderus bicarinatus","species",,"LeConte",,"Barr Jr., T. C. 1974a. Key to species and subspecies of Sphaeroderus Dejean.",,"nAKPQvGWPz3w50pS9SF/Wg/TlEjgxRE8","nAKPQvGWPz3w50pS9SF/Wg/TlEjgxRE8","used NEON.DOC.014050vJ"
"4a3f51fe-19d4-4168-801c-fe121e664383","GRSM_009.basePlot.bet","D07","GRSM","GRSM_009","E","2015-06-30","2015-07-14","2015-12-01","2015-12-01","tvtrj6Hle5HnQJo2NYugyhmc720vKpBuhqfcx2giLY8=","NEON.BET.D07.000742","DICAMB","Dicaelus ambiguus","species",,"LaFerte-Senectere",,"Lindroth, C. H. 1969. The ground-beetles (Carabidae, excl. Cicindelinae) of Canada and Alaska, parts 1-6. Opuscula E. Entomoligiska Sallskapet.",,"nAKPQvGWPz3w50pS9SF/Wg/TlEjgxRE8","nAKPQvGWPz3w50pS9SF/Wg/TlEjgxRE8","used NEON.DOC.014050vJ"
"d819327d-d4ae-47ca-a7d0-9e39fafd57b6","GRSM_009.basePlot.bet","D07","GRSM","GRSM_009","E","2015-06-30","2015-07-14","2015-12-02","2015-12-02","tvtrj6Hle5HnQJo2NYugys6nuLw1rnkn6F3q/4kGrAw=","NEON.BET.D07.000769","PTEMOE","Pterostichus moestus","species",,"Say",,"Ciegler, J. C. 2000. Ground beetles and wrinkled bark beetles of South Carolina (Coleoptera: Geadephaga: Carabidae and Rhysodidae). Biota of South Carolina. Vol. 1. Clemson, S. Clemson University.",,"nAKPQvGWPz3w50pS9SF/Wg/TlEjgxRE8","nAKPQvGWPz3w50pS9SF/Wg/TlEjgxRE8","used NEON.DOC.014050vJ"
"eac56631-aa8c-4e84-8448-223345931d82","GRSM_012.basePlot.bet","D07","GRSM","GRSM_012","N","2015-06-30","2015-07-14","2015-12-03","2015-12-03","JDiKFzN43rodhWz6mB9jd/6Qlwdgg3115GVhFA8D1As=","NEON.BET.D07.000786","PTEACU","Pterostichus acutipes","species",,"Barr",,"Ciegler, J. C. 2000. Ground beetles and wrinkled bark beetles of South Carolina (Coleoptera: Geadephaga: Carabidae and Rhysodidae). Biota of South Carolina. Vol. 1. Clemson, S. Clemson University.",,"nAKPQvGWPz3w50pS9SF/Wg/TlEjgxRE8","nAKPQvGWPz3w50pS9SF/Wg/TlEjgxRE8","used NEON.DOC.014050vJ"
"735897f4-749d-4edb-8198-a95a7b63c604","GRSM_012.basePlot.bet","D07","GRSM","GRSM_012","N","2015-06-30","2015-07-14","2015-12-03","2015-12-03","JDiKFzN43rodhWz6mB9jd4TWVQjOkZW9q1T5V/5g1Uk=","NEON.BET.D07.000797","CYCSIG","Cyclotrachelus sigillatus","species",,"Say",,"Freitag, R. 1969. A revision of the species of the genus Evarthrus LeConte. Quaestiones Entomologicae 5:89-212.",,"nAKPQvGWPz3w50pS9SF/Wg/TlEjgxRE8","nAKPQvGWPz3w50pS9SF/Wg/TlEjgxRE8","used NEON.DOC.014050vJ"
"806fc6d0-c17e-4e8b-b1cc-e51ddd682e7a","GRSM_012.basePlot.bet","D07","GRSM","GRSM_012","N","2015-06-30","2015-07-14","2015-12-02","2015-12-02","JDiKFzN43rodhWz6mB9jd6JIYJhWa6q3c7O4bRvCEOY=","NEON.BET.D07.000763","HARSPA","Harpalus spadiceus","species",,"Dejean",,"Ciegler, J. C. 2000. Ground beetles and wrinkled bark beetles of South Carolina (Coleoptera: Geadephaga: Carabidae and Rhysodidae). Biota of South Carolina. Vol. 1. Clemson, S. Clemson University.",,"nAKPQvGWPz3w50pS9SF/Wg/TlEjgxRE8","nAKPQvGWPz3w50pS9SF/Wg/TlEjgxRE8","used NEON.DOC.014050vJ"
"1bcea1fb-0ef1-46d3-855a-5c21bd6bc0d4","GRSM_012.basePlot.bet","D07","GRSM","GRSM_012","N","2015-06-30","2015-07-14","2015-12-02","2015-12-02","JDiKFzN43rodhWz6mB9jd6JIYJhWa6q3c7O4bRvCEOY=","NEON.BET.D07.000762","HARSPA","Harpalus spadiceus","species",,"Dejean",,"Ciegler, J. C. 2000. Ground beetles and wrinkled bark beetles of South Carolina (Coleoptera: Geadephaga: Carabidae and Rhysodidae). Biota of South Carolina. Vol. 1. Clemson, S. Clemson University.",,"nAKPQvGWPz3w50pS9SF/Wg/TlEjgxRE8","nAKPQvGWPz3w50pS9SF/Wg/TlEjgxRE8","used NEON.DOC.014050vJ"
"78aa60d1-68f3-46ae-a54a-7b918af2aba0","GRSM_012.basePlot.bet","D07","GRSM","GRSM_012","N","2015-06-30","2015-07-14","2015-12-03","2015-12-03","JDiKFzN43rodhWz6mB9jd4TWVQjOkZW9q1T5V/5g1Uk=","NEON.BET.D07.000796","CYCSIG","Cyclotrachelus sigillatus","species",,"Say",,"Freitag, R. 1969. A revision of the species of the genus Evarthrus LeConte. Quaestiones Entomologicae 5:89-212.",,"nAKPQvGWPz3w50pS9SF/Wg/TlEjgxRE8","nAKPQvGWPz3w50pS9SF/Wg/TlEjgxRE8","used NEON.DOC.014050vJ"
"d819c058-e736-4887-b5fa-e09b96e597e3","GRSM_012.basePlot.bet","D07","GRSM","GRSM_012","N","2015-06-30","2015-07-14","2015-12-03","2015-12-03","JDiKFzN43rodhWz6mB9jd/6Qlwdgg3115GVhFA8D1As=","NEON.BET.D07.000782","PTEACU","Pterostichus acutipes","species",,"Barr",,"Ciegler, J. C. 2000. Ground beetles and wrinkled bark beetles of South Carolina (Coleoptera: Geadephaga: Carabidae and Rhysodidae). Biota of South Carolina. Vol. 1. Clemson, S. Clemson University.",,"nAKPQvGWPz3w50pS9SF/Wg/TlEjgxRE8","nAKPQvGWPz3w50pS9SF/Wg/TlEjgxRE8","used NEON.DOC.014050vJ"
"e46f7225-5f32-45c1-b656-2adb0b2c9d67","GRSM_012.basePlot.bet","D07","GRSM","GRSM_012","S","2015-06-30","2015-07-14","2015-12-03","2015-12-03","JDiKFzN43rqaF5vqWxrbhVY8CveufuBhGHBNh5mFXQU=","NEON.BET.D07.000836","CARGOR","Carabus goryi","species",,"Dejean",,"Ciegler, J. C. 2000. Ground beetles and wrinkled bark beetles of South Carolina (Coleoptera: Geadephaga: Carabidae and Rhysodidae). Biota of South Carolina. Vol. 1. Clemson, S. Clemson University.",,"nAKPQvGWPz3w50pS9SF/Wg/TlEjgxRE8","nAKPQvGWPz3w50pS9SF/Wg/TlEjgxRE8","used NEON.DOC.014050vJ"
"f21c6300-9efd-4b8b-b75f-aabf12559b7c","GRSM_012.basePlot.bet","D07","GRSM","GRSM_012","S","2015-06-30","2015-07-14","2015-12-03","2015-12-03","JDiKFzN43rqaF5vqWxrbhVY8CveufuBhGHBNh5mFXQU=","NEON.BET.D07.000839","CARGOR","Carabus goryi","species",,"Dejean",,"Ciegler, J. C. 2000. Ground beetles and wrinkled bark beetles of South Carolina (Coleoptera: Geadephaga: Carabidae and Rhysodidae). Biota of South Carolina. Vol. 1. Clemson, S. Clemson University.",,"nAKPQvGWPz3w50pS9SF/Wg/TlEjgxRE8","nAKPQvGWPz3w50pS9SF/Wg/TlEjgxRE8","used NEON.DOC.014050vJ"
"c0d6270a-b20f-44a8-8d8c-05fa5dd9fd30","GRSM_012.basePlot.bet","D07","GRSM","GRSM_012","S","2015-06-30","2015-07-14","2015-12-03","2015-12-03","JDiKFzN43rqaF5vqWxrbhVY8CveufuBhGHBNh5mFXQU=","NEON.BET.D07.000842","CARGOR","Carabus goryi","species",,"Dejean",,"Ciegler, J. C. 2000. Ground beetles and wrinkled bark beetles of South Carolina (Coleoptera: Geadephaga: Carabidae and Rhysodidae). Biota of South Carolina. Vol. 1. Clemson, S. Clemson University.",,"nAKPQvGWPz3w50pS9SF/Wg/TlEjgxRE8","nAKPQvGWPz3w50pS9SF/Wg/TlEjgxRE8","used NEON.DOC.014050vJ"
"8569bf7f-5da9-473f-b11f-b71340f413a9","GRSM_012.basePlot.bet","D07","GRSM","GRSM_012","S","2015-06-30","2015-07-14","2015-12-01","2015-12-01","JDiKFzN43rqaF5vqWxrbhf2PKBWlhtOvp18pqFfMeVc=","NEON.BET.D07.000735","DICTET","Dicaelus teter","species",,"Bonelli",,"Lindroth, C. H. 1969. The ground-beetles (Carabidae, excl. Cicindelinae) of Canada and Alaska, parts 1-6. Opuscula E. Entomoligiska Sallskapet.",,"nAKPQvGWPz3w50pS9SF/Wg/TlEjgxRE8","nAKPQvGWPz3w50pS9SF/Wg/TlEjgxRE8","used NEON.DOC.014050vJ"
"1c5703a5-cf20-4bd8-a8cd-31220f1d6ba5","GRSM_008.basePlot.bet","D07","GRSM","GRSM_008","S","2015-06-30","2015-07-14","2015-12-03","2015-12-03","yuRwaxqH2GtqXO/QEoemTBDfupH3mlZvPocmofxNktg=","NEON.BET.D07.000841","CARGOR","Carabus goryi","species",,"Dejean",,"Ciegler, J. C. 2000. Ground beetles and wrinkled bark beetles of South Carolina (Coleoptera: Geadephaga: Carabidae and Rhysodidae). Biota of South Carolina. Vol. 1. Clemson, S. Clemson University.",,"nAKPQvGWPz3w50pS9SF/Wg/TlEjgxRE8","nAKPQvGWPz3w50pS9SF/Wg/TlEjgxRE8","used NEON.DOC.014050vJ"
"a72419aa-abb7-497b-84fd-58d3e6dada49","GRSM_008.basePlot.bet","D07","GRSM","GRSM_008","S","2015-06-30","2015-07-14","2015-12-03","2015-12-03","yuRwaxqH2GtqXO/QEoemTBDfupH3mlZvPocmofxNktg=","NEON.BET.D07.000835","CARGOR","Carabus goryi","species",,"Dejean",,"Ciegler, J. C. 2000. Ground beetles and wrinkled bark beetles of South Carolina (Coleoptera: Geadephaga: Carabidae and Rhysodidae). Biota of South Carolina. Vol. 1. Clemson, S. Clemson University.",,"nAKPQvGWPz3w50pS9SF/Wg/TlEjgxRE8","nAKPQvGWPz3w50pS9SF/Wg/TlEjgxRE8","used NEON.DOC.014050vJ"
"e2a1a195-85f9-4bcd-8de5-0d6f1c6aba5e","GRSM_008.basePlot.bet","D07","GRSM","GRSM_008","S","2015-06-30","2015-07-14","2015-12-03","2015-12-03","yuRwaxqH2GtqXO/QEoemTBDfupH3mlZvPocmofxNktg=","NEON.BET.D07.000822","CARGOR","Carabus goryi","species",,"Dejean",,"Ciegler, J. C. 2000. Ground beetles and wrinkled bark beetles of South Carolina (Coleoptera: Geadephaga: Carabidae and Rhysodidae). Biota of South Carolina. Vol. 1. Clemson, S. Clemson University.",,"nAKPQvGWPz3w50pS9SF/Wg/TlEjgxRE8","nAKPQvGWPz3w50pS9SF/Wg/TlEjgxRE8","used NEON.DOC.014050vJ"
"b9629171-dabd-4693-9ec9-635a929c9f67","GRSM_008.basePlot.bet","D07","GRSM","GRSM_008","S","2015-06-30","2015-07-14","2015-12-03","2015-12-03","yuRwaxqH2GtqXO/QEoemTINphqt9VXBt3zUnT29QNsQ=","NEON.BET.D07.000846","SPHSTE1","Sphaeroderus stenostomus lecontei","subspecies",,"Dejean",,"Barr Jr., T. C. 1974a. Key to species and subspecies of Sphaeroderus Dejean.",,"nAKPQvGWPz3w50pS9SF/Wg/TlEjgxRE8","nAKPQvGWPz3w50pS9SF/Wg/TlEjgxRE8","used NEON.DOC.014050vJ"
"433bbf0a-5e1e-40a1-9126-63964df635b9","GRSM_009.basePlot.bet","D07","GRSM","GRSM_009","S","2015-06-30","2015-07-14","2015-12-03","2015-12-03","tvtrj6Hle5FqVi/+IK+FF3lbiPgdByOGco3/7m9AVnY=","NEON.BET.D07.000840","CARGOR","Carabus goryi","species",,"Dejean",,"Ciegler, J. C. 2000. Ground beetles and wrinkled bark beetles of South Carolina (Coleoptera: Geadephaga: Carabidae and Rhysodidae). Biota of South Carolina. Vol. 1. Clemson, S. Clemson University.",,"nAKPQvGWPz3w50pS9SF/Wg/TlEjgxRE8","nAKPQvGWPz3w50pS9SF/Wg/TlEjgxRE8","used NEON.DOC.014050vJ"
"671de287-9ed7-490f-a030-8062185e3c70","GRSM_012.basePlot.bet","D07","GRSM","GRSM_012","W","2015-06-30","2015-07-14","2015-12-03","2015-12-03","JDiKFzN43ro1fJDP+5Z89ukS4uS8a8eqf/VybAB6hfM=","NEON.BET.D07.000858","SPHBIC","Sphaeroderus bicarinatus","species",,"LeConte",,"Barr Jr., T. C. 1974a. Key to species and subspecies of Sphaeroderus Dejean.",,"nAKPQvGWPz3w50pS9SF/Wg/TlEjgxRE8","nAKPQvGWPz3w50pS9SF/Wg/TlEjgxRE8","used NEON.DOC.014050vJ"
"d6f5c719-3970-44b0-a2f9-23e5a18db7a1","GRSM_009.basePlot.bet","D07","GRSM","GRSM_009","W","2015-06-30","2015-07-14","2015-12-03","2015-12-03","tvtrj6Hle5HtX84Hmn9+VeIWJs/85OY6RdsKkEmzP9Q=","NEON.BET.D07.000823","CARGOR","Carabus goryi","species",,"Dejean",,"Ciegler, J. C. 2000. Ground beetles and wrinkled bark beetles of South Carolina (Coleoptera: Geadephaga: Carabidae and Rhysodidae). Biota of South Carolina. Vol. 1. Clemson, S. Clemson University.",,"nAKPQvGWPz3w50pS9SF/Wg/TlEjgxRE8","nAKPQvGWPz3w50pS9SF/Wg/TlEjgxRE8","used NEON.DOC.014050vJ"
"70ba466f-469b-4a73-9875-4222829eeeea","GRSM_009.basePlot.bet","D07","GRSM","GRSM_009","W","2015-06-30","2015-07-14","2015-12-03","2015-12-03","tvtrj6Hle5HtX84Hmn9+VeIWJs/85OY6RdsKkEmzP9Q=","NEON.BET.D07.000829","CARGOR","Carabus goryi","species",,"Dejean",,"Ciegler, J. C. 2000. Ground beetles and wrinkled bark beetles of South Carolina (Coleoptera: Geadephaga: Carabidae and Rhysodidae). Biota of South Carolina. Vol. 1. Clemson, S. Clemson University.",,"nAKPQvGWPz3w50pS9SF/Wg/TlEjgxRE8","nAKPQvGWPz3w50pS9SF/Wg/TlEjgxRE8","used NEON.DOC.014050vJ"
"03a0ac0e-7a02-4af0-88e9-629082af4bf5","GRSM_009.basePlot.bet","D07","GRSM","GRSM_009","W","2015-06-30","2015-07-14","2015-12-01","2015-12-01","tvtrj6Hle5HtX84Hmn9+VSBcdEhVw8CWGHRYtlacxnk=","NEON.BET.D07.000739","DICAMB","Dicaelus ambiguus","species",,"LaFerte-Senectere",,"Lindroth, C. H. 1969. The ground-beetles (Carabidae, excl. Cicindelinae) of Canada and Alaska, parts 1-6. Opuscula E. Entomoligiska Sallskapet.",,"nAKPQvGWPz3w50pS9SF/Wg/TlEjgxRE8","nAKPQvGWPz3w50pS9SF/Wg/TlEjgxRE8","used NEON.DOC.014050vJ"
"f9f96320-ad7f-4fa8-9a5e-761946645b15","GRSM_013.basePlot.bet","D07","GRSM","GRSM_013","E","2015-07-13","2015-07-27","2015-12-03","2015-12-03","OHmA+Hh/KK5wc8KGH7jD3ftYpnlKeAKs442VuVSWmdQ=","NEON.BET.D07.000864","SPHBIC","Sphaeroderus bicarinatus","species",,"LeConte",,"Barr Jr., T. C. 1974a. Key to species and subspecies of Sphaeroderus Dejean.",,"nAKPQvGWPz3w50pS9SF/Wg/TlEjgxRE8","nAKPQvGWPz3w50pS9SF/Wg/TlEjgxRE8","used NEON.DOC.014050vJ"
"daa0d695-b2de-4f41-b45f-dd5a0500946b","GRSM_014.basePlot.bet","D07","GRSM","GRSM_014","W","2015-07-13","2015-07-27","2015-12-01","2015-12-01","oYrZWOmGwlfydFlBa45kMFQlZT4528NRplXyPXJ4k4A=","NEON.BET.D07.000734","DICTET","Dicaelus teter","species",,"Bonelli",,"Lindroth, C. H. 1969. The ground-beetles (Carabidae, excl. Cicindelinae) of Canada and Alaska, parts 1-6. Opuscula E. Entomoligiska Sallskapet.",,"nAKPQvGWPz3w50pS9SF/Wg/TlEjgxRE8","nAKPQvGWPz3w50pS9SF/Wg/TlEjgxRE8","used NEON.DOC.014050vJ"
"8aed2f40-6bd5-45ea-bafc-1432905cc2ca","GRSM_013.basePlot.bet","D07","GRSM","GRSM_013","E","2015-07-13","2015-07-27","2015-12-03","2015-12-03","OHmA+Hh/KK5wc8KGH7jD3dh0QnTW8PMBKg/cq5PrqJA=","NEON.BET.D07.000784","PTEACU","Pterostichus acutipes","species",,"Barr",,"Ciegler, J. C. 2000. Ground beetles and wrinkled bark beetles of South Carolina (Coleoptera: Geadephaga: Carabidae and Rhysodidae). Biota of South Carolina. Vol. 1. Clemson, S. Clemson University.",,"nAKPQvGWPz3w50pS9SF/Wg/TlEjgxRE8","nAKPQvGWPz3w50pS9SF/Wg/TlEjgxRE8","used NEON.DOC.014050vJ"
"a124435c-41f6-41bb-86d5-8c847742e2d5","GRSM_014.basePlot.bet","D07","GRSM","GRSM_014","E","2015-07-13","2015-07-27","2015-12-03","2015-12-03","oYrZWOmGwleiXjRuq/6PNwtWRnSOgC9xXgWuOeW7Dtw=","NEON.BET.D07.000795","CYCSIG","Cyclotrachelus sigillatus","species",,"Say",,"Freitag, R. 1969. A revision of the species of the genus Evarthrus LeConte. Quaestiones Entomologicae 5:89-212.",,"nAKPQvGWPz3w50pS9SF/Wg/TlEjgxRE8","nAKPQvGWPz3w50pS9SF/Wg/TlEjgxRE8","used NEON.DOC.014050vJ"
"235af6fa-75fa-44aa-8f5c-2f52d5319cf9","GRSM_013.basePlot.bet","D07","GRSM","GRSM_013","E","2015-07-13","2015-07-27","2015-12-02","2015-12-02","OHmA+Hh/KK5wc8KGH7jD3dOC5WzqKb+VdIa72QTi7UI=","NEON.BET.D07.000774","PTETRI3","Pterostichus tristis","species","cf. species","Dejean",,"Ciegler, J. C. 2000. Ground beetles and wrinkled bark beetles of South Carolina (Coleoptera: Geadephaga: Carabidae and Rhysodidae). Biota of South Carolina. Vol. 1. Clemson, S. Clemson University.",,"nAKPQvGWPz3w50pS9SF/Wg/TlEjgxRE8","nAKPQvGWPz3w50pS9SF/Wg/TlEjgxRE8","used NEON.DOC.014050vJ. OR Pterostichus adoxus. Need to observe aedeagus to confirm"
"39101595-bcae-4175-973d-de3d2590aa9e","GRSM_014.basePlot.bet","D07","GRSM","GRSM_014","E","2015-07-13","2015-07-27","2015-12-01","2015-12-01","oYrZWOmGwleiXjRuq/6PN9CEBUiAdYYpVHIqJswMtLQ=","NEON.BET.D07.000733","DICTET","Dicaelus teter","species",,"Bonelli",,"Lindroth, C. H. 1969. The ground-beetles (Carabidae, excl. Cicindelinae) of Canada and Alaska, parts 1-6. Opuscula E. Entomoligiska Sallskapet.",,"nAKPQvGWPz3w50pS9SF/Wg/TlEjgxRE8","nAKPQvGWPz3w50pS9SF/Wg/TlEjgxRE8","used NEON.DOC.014050vJ"
"2a79b060-cece-4731-89fa-1223caef2475","GRSM_014.basePlot.bet","D07","GRSM","GRSM_014","N","2015-07-13","2015-07-27","2015-12-02","2015-12-02","oYrZWOmGwlf6oYmqYM+wg8A6WKsUU3aoXiIPi6EM/U8=","NEON.BET.D07.000758","CYCFRE","Cyclotrachelus freitagi","species",,"Bousquet",,"Freitag, R. 1969. A revision of the species of the genus Evarthrus LeConte. Quaestiones Entomologicae 5:89-212.",,"nAKPQvGWPz3w50pS9SF/Wg/TlEjgxRE8","nAKPQvGWPz3w50pS9SF/Wg/TlEjgxRE8","used NEON.DOC.014050vJ"
"963e52f2-7944-4345-b33f-46690ec0c543","GRSM_014.basePlot.bet","D07","GRSM","GRSM_014","N","2015-07-13","2015-07-27","2015-12-03","2015-12-03","oYrZWOmGwlf6oYmqYM+wgx2RfhcZLor6tDOBt7h1TuU=","NEON.BET.D07.000856","SPHBIC","Sphaeroderus bicarinatus","species",,"LeConte",,"Barr Jr., T. C. 1974a. Key to species and subspecies of Sphaeroderus Dejean.",,"nAKPQvGWPz3w50pS9SF/Wg/TlEjgxRE8","nAKPQvGWPz3w50pS9SF/Wg/TlEjgxRE8","used NEON.DOC.014050vJ"
"b5019a12-bdae-4281-8458-a06f09534e8d","GRSM_006.basePlot.bet","D07","GRSM","GRSM_006","N","2015-07-13","2015-07-27","2015-12-02","2015-12-02","lkd2xjHtfy4qoGbbCXCUyqnycuBQm5jYScFmgId1GAQ=","NEON.BET.D07.000753","CYCFRE","Cyclotrachelus freitagi","species",,"Bousquet",,"Freitag, R. 1969. A revision of the species of the genus Evarthrus LeConte. Quaestiones Entomologicae 5:89-212.",,"nAKPQvGWPz3w50pS9SF/Wg/TlEjgxRE8","nAKPQvGWPz3w50pS9SF/Wg/TlEjgxRE8","used NEON.DOC.014050vJ"
"a0bbe897-7521-4e58-adf3-ea3d2992f156","GRSM_006.basePlot.bet","D07","GRSM","GRSM_006","N","2015-07-13","2015-07-27","2015-12-02","2015-12-02","lkd2xjHtfy4qoGbbCXCUyp6M8PecGlgXm5lFdXTyTho=","NEON.BET.D07.000764","PTEMOE","Pterostichus moestus","species",,"Say",,"Ciegler, J. C. 2000. Ground beetles and wrinkled bark beetles of South Carolina (Coleoptera: Geadephaga: Carabidae and Rhysodidae). Biota of South Carolina. Vol. 1. Clemson, S. Clemson University.",,"nAKPQvGWPz3w50pS9SF/Wg/TlEjgxRE8","nAKPQvGWPz3w50pS9SF/Wg/TlEjgxRE8","used NEON.DOC.014050vJ"
"9e3ed04d-f076-4032-a591-95add58a3847","GRSM_014.basePlot.bet","D07","GRSM","GRSM_014","N","2015-07-13","2015-07-27","2015-12-03","2015-12-03","oYrZWOmGwlf6oYmqYM+wgwgH0Dc+/BH4Sr1BfclmRO8=","NEON.BET.D07.000802","CYCSIG","Cyclotrachelus sigillatus","species",,"Say",,"Freitag, R. 1969. A revision of the species of the genus Evarthrus LeConte. Quaestiones Entomologicae 5:89-212.",,"nAKPQvGWPz3w50pS9SF/Wg/TlEjgxRE8","nAKPQvGWPz3w50pS9SF/Wg/TlEjgxRE8","used NEON.DOC.014050vJ"
"696d2eb9-9381-4593-ada1-d3cdf7ca3575","GRSM_014.basePlot.bet","D07","GRSM","GRSM_014","N","2015-07-13","2015-07-27","2015-12-03","2015-12-03","oYrZWOmGwlf6oYmqYM+wgwgH0Dc+/BH4Sr1BfclmRO8=","NEON.BET.D07.000804","CYCSIG","Cyclotrachelus sigillatus","species",,"Say",,"Freitag, R. 1969. A revision of the species of the genus Evarthrus LeConte. Quaestiones Entomologicae 5:89-212.",,"nAKPQvGWPz3w50pS9SF/Wg/TlEjgxRE8","nAKPQvGWPz3w50pS9SF/Wg/TlEjgxRE8","used NEON.DOC.014050vJ"
"a2dc00e8-4fdd-460e-a796-072f92418b28","GRSM_014.basePlot.bet","D07","GRSM","GRSM_014","N","2015-07-13","2015-07-27","2015-12-03","2015-12-03","oYrZWOmGwlf6oYmqYM+wgwgH0Dc+/BH4Sr1BfclmRO8=","NEON.BET.D07.000806","CYCSIG","Cyclotrachelus sigillatus","species",,"Say",,"Freitag, R. 1969. A revision of the species of the genus Evarthrus LeConte. Quaestiones Entomologicae 5:89-212.",,"nAKPQvGWPz3w50pS9SF/Wg/TlEjgxRE8","nAKPQvGWPz3w50pS9SF/Wg/TlEjgxRE8","used NEON.DOC.014050vJ"
"03d68259-f2da-4f6f-a373-cbd2b1c77275","GRSM_014.basePlot.bet","D07","GRSM","GRSM_014","N","2015-07-13","2015-07-27","2015-12-03","2015-12-03","oYrZWOmGwlf6oYmqYM+wgwgH0Dc+/BH4Sr1BfclmRO8=","NEON.BET.D07.000805","CYCSIG","Cyclotrachelus sigillatus","species",,"Say",,"Freitag, R. 1969. A revision of the species of the genus Evarthrus LeConte. Quaestiones Entomologicae 5:89-212.",,"nAKPQvGWPz3w50pS9SF/Wg/TlEjgxRE8","nAKPQvGWPz3w50pS9SF/Wg/TlEjgxRE8","used NEON.DOC.014050vJ"
"91c4ae6f-439c-4b98-8130-1a80f6de10aa","GRSM_014.basePlot.bet","D07","GRSM","GRSM_014","S","2015-07-13","2015-07-27","2015-12-03","2015-12-03","oYrZWOmGwlecKaQqGXU7tSJbezsOkAQwoiHeoewLSMU=","NEON.BET.D07.000852","SPHSTE1","Sphaeroderus stenostomus lecontei","subspecies",,"Dejean",,"Barr Jr., T. C. 1974a. Key to species and subspecies of Sphaeroderus Dejean.",,"nAKPQvGWPz3w50pS9SF/Wg/TlEjgxRE8","nAKPQvGWPz3w50pS9SF/Wg/TlEjgxRE8","used NEON.DOC.014050vJ"
"5f2b9155-0bd3-44b0-bb08-465a0b924bc6","GRSM_014.basePlot.bet","D07","GRSM","GRSM_014","S","2015-07-13","2015-07-27","2015-12-03","2015-12-03","oYrZWOmGwlecKaQqGXU7tSJbezsOkAQwoiHeoewLSMU=","NEON.BET.D07.000850","SPHSTE1","Sphaeroderus stenostomus lecontei","subspecies",,"Dejean",,"Barr Jr., T. C. 1974a. Key to species and subspecies of Sphaeroderus Dejean.",,"nAKPQvGWPz3w50pS9SF/Wg/TlEjgxRE8","nAKPQvGWPz3w50pS9SF/Wg/TlEjgxRE8","used NEON.DOC.014050vJ"
"facc423f-a9fe-4deb-930e-a5198f62e45f","GRSM_014.basePlot.bet","D07","GRSM","GRSM_014","S","2015-07-13","2015-07-27","2015-12-03","2015-12-03","oYrZWOmGwlecKaQqGXU7ta3+fIvmQ6lrl4zRXkRalD0=","NEON.BET.D07.000785","PTEACU","Pterostichus acutipes","species",,"Barr",,"Ciegler, J. C. 2000. Ground beetles and wrinkled bark beetles of South Carolina (Coleoptera: Geadephaga: Carabidae and Rhysodidae). Biota of South Carolina. Vol. 1. Clemson, S. Clemson University.",,"nAKPQvGWPz3w50pS9SF/Wg/TlEjgxRE8","nAKPQvGWPz3w50pS9SF/Wg/TlEjgxRE8","used NEON.DOC.014050vJ"
"b83211da-b001-4efd-9ac8-f8d0572ab37a","GRSM_014.basePlot.bet","D07","GRSM","GRSM_014","S","2015-07-13","2015-07-27","2015-12-03","2015-12-03","oYrZWOmGwlecKaQqGXU7ta3+fIvmQ6lrl4zRXkRalD0=","NEON.BET.D07.000788","PTEACU","Pterostichus acutipes","species",,"Barr",,"Ciegler, J. C. 2000. Ground beetles and wrinkled bark beetles of South Carolina (Coleoptera: Geadephaga: Carabidae and Rhysodidae). Biota of South Carolina. Vol. 1. Clemson, S. Clemson University.",,"nAKPQvGWPz3w50pS9SF/Wg/TlEjgxRE8","nAKPQvGWPz3w50pS9SF/Wg/TlEjgxRE8","used NEON.DOC.014050vJ"
"164c8351-b285-4736-aa7a-92148bd781d3","GRSM_006.basePlot.bet","D07","GRSM","GRSM_006","S","2015-07-13","2015-07-27","2015-12-02","2015-12-02","lkd2xjHtfy7S+uTtJy9EDyOn4uBEefSJYoVE7CiaM/Y=","NEON.BET.D07.000772","PTEMOE","Pterostichus moestus","species",,"Say",,"Ciegler, J. C. 2000. Ground beetles and wrinkled bark beetles of South Carolina (Coleoptera: Geadephaga: Carabidae and Rhysodidae). Biota of South Carolina. Vol. 1. Clemson, S. Clemson University.",,"nAKPQvGWPz3w50pS9SF/Wg/TlEjgxRE8","nAKPQvGWPz3w50pS9SF/Wg/TlEjgxRE8","used NEON.DOC.014050vJ"
"4af9c582-c3af-4f66-94a3-c61d9d4d2f11","GRSM_006.basePlot.bet","D07","GRSM","GRSM_006","S","2015-07-13","2015-07-27","2015-12-01","2015-12-01","lkd2xjHtfy7S+uTtJy9ED0RZ33pCbc2iTz5KgfjYgj8=","NEON.BET.D07.000741","DICAMB","Dicaelus ambiguus","species",,"LaFerte-Senectere",,"Lindroth, C. H. 1969. The ground-beetles (Carabidae, excl. Cicindelinae) of Canada and Alaska, parts 1-6. Opuscula E. Entomoligiska Sallskapet.",,"nAKPQvGWPz3w50pS9SF/Wg/TlEjgxRE8","nAKPQvGWPz3w50pS9SF/Wg/TlEjgxRE8","used NEON.DOC.014050vJ"
"3eeb987a-4d0d-404b-9aff-0be3057bc327","GRSM_006.basePlot.bet","D07","GRSM","GRSM_006","S","2015-07-13","2015-07-27","2015-12-01","2015-12-01","lkd2xjHtfy7S+uTtJy9ED2P5S78691etJpKkhi7NEkE=","NEON.BET.D07.000745","DICDIL5","Dicaelus dilatatus","species",,"Say",,"Lindroth, C. H. 1969. The ground-beetles (Carabidae, excl. Cicindelinae) of Canada and Alaska, parts 1-6. Opuscula E. Entomoligiska Sallskapet.",,"nAKPQvGWPz3w50pS9SF/Wg/TlEjgxRE8","nAKPQvGWPz3w50pS9SF/Wg/TlEjgxRE8","used NEON.DOC.014050vJ"
"45c4281b-0131-4a00-9389-162a1f0c5040","GRSM_006.basePlot.bet","D07","GRSM","GRSM_006","S","2015-07-13","2015-07-27","2015-12-01","2015-12-01","lkd2xjHtfy7S+uTtJy9ED2P5S78691etJpKkhi7NEkE=","NEON.BET.D07.000746","DICDIL5","Dicaelus dilatatus","species",,"Say",,"Lindroth, C. H. 1969. The ground-beetles (Carabidae, excl. Cicindelinae) of Canada and Alaska, parts 1-6. Opuscula E. Entomoligiska Sallskapet.",,"nAKPQvGWPz3w50pS9SF/Wg/TlEjgxRE8","nAKPQvGWPz3w50pS9SF/Wg/TlEjgxRE8","used NEON.DOC.014050vJ"
"949c6540-eb8b-41fb-a5cb-94bd377e65b6","GRSM_006.basePlot.bet","D07","GRSM","GRSM_006","S","2015-07-13","2015-07-27","2015-12-02","2015-12-02","lkd2xjHtfy7S+uTtJy9ED+H9mvIbAbbG+F83aEX5zTM=","NEON.BET.D07.000751","CYCFRE","Cyclotrachelus freitagi","species",,"Bousquet",,"Freitag, R. 1969. A revision of the species of the genus Evarthrus LeConte. Quaestiones Entomologicae 5:89-212.",,"nAKPQvGWPz3w50pS9SF/Wg/TlEjgxRE8","nAKPQvGWPz3w50pS9SF/Wg/TlEjgxRE8","used NEON.DOC.014050vJ"
"52bc80d1-8580-4d2a-b600-75a4ec8fa36a","GRSM_006.basePlot.bet","D07","GRSM","GRSM_006","W","2015-07-13","2015-07-27","2015-12-03","2015-12-03","lkd2xjHtfy4YKQaZjscCP49fb3PIQA+MMRStErGDPgw=","NEON.BET.D07.000801","CYCSIG","Cyclotrachelus sigillatus","species",,"Say",,"Freitag, R. 1969. A revision of the species of the genus Evarthrus LeConte. Quaestiones Entomologicae 5:89-212.",,"nAKPQvGWPz3w50pS9SF/Wg/TlEjgxRE8","nAKPQvGWPz3w50pS9SF/Wg/TlEjgxRE8","used NEON.DOC.014050vJ"
"48a3de5c-5baa-437c-a03e-f9e1581af710","GRSM_006.basePlot.bet","D07","GRSM","GRSM_006","W","2015-07-13","2015-07-27","2015-12-03","2015-12-03","lkd2xjHtfy4YKQaZjscCP2BfeikkuwHATOgn4wZIHJ0=","NEON.BET.D07.000865","SPHBIC","Sphaeroderus bicarinatus","species",,"LeConte",,"Barr Jr., T. C. 1974a. Key to species and subspecies of Sphaeroderus Dejean.",,"nAKPQvGWPz3w50pS9SF/Wg/TlEjgxRE8","nAKPQvGWPz3w50pS9SF/Wg/TlEjgxRE8","used NEON.DOC.014050vJ"
"acd607e4-3d88-409c-bf0e-7f91664ec8bc","GRSM_006.basePlot.bet","D07","GRSM","GRSM_006","W","2015-07-13","2015-07-27","2015-12-02","2015-12-02","lkd2xjHtfy4YKQaZjscCPw3F3ewGPkukoCIAjaMOBpY=","NEON.BET.D07.000771","PTEMOE","Pterostichus moestus","species",,"Say",,"Ciegler, J. C. 2000. Ground beetles and wrinkled bark beetles of South Carolina (Coleoptera: Geadephaga: Carabidae and Rhysodidae). Biota of South Carolina. Vol. 1. Clemson, S. Clemson University.",,"nAKPQvGWPz3w50pS9SF/Wg/TlEjgxRE8","nAKPQvGWPz3w50pS9SF/Wg/TlEjgxRE8","used NEON.DOC.014050vJ"
"be36acfd-f4b0-4ee0-b8c8-1186ad1a30cb","GRSM_014.basePlot.bet","D07","GRSM","GRSM_014","W","2015-07-13","2015-07-27","2015-12-03","2015-12-03","oYrZWOmGwlfydFlBa45kMEsZUA4wZgKeXU4J7p+24n4=","NEON.BET.D07.000816","CARGOR","Carabus goryi","species",,"Dejean",,"Ciegler, J. C. 2000. Ground beetles and wrinkled bark beetles of South Carolina (Coleoptera: Geadephaga: Carabidae and Rhysodidae). Biota of South Carolina. Vol. 1. Clemson, S. Clemson University.",,"nAKPQvGWPz3w50pS9SF/Wg/TlEjgxRE8","nAKPQvGWPz3w50pS9SF/Wg/TlEjgxRE8","used NEON.DOC.014050vJ"
"3e21bdb5-ba88-430b-bdfd-9bdb20dfb52f","GRSM_013.basePlot.bet","D07","GRSM","GRSM_013","E","2015-07-13","2015-07-27","2015-12-02","2015-12-02","OHmA+Hh/KK5wc8KGH7jD3cRKF0Ju+2SmsRbrxPaOw4g=","NEON.BET.D07.000766","PTEMOE","Pterostichus moestus","species",,"Say",,"Ciegler, J. C. 2000. Ground beetles and wrinkled bark beetles of South Carolina (Coleoptera: Geadephaga: Carabidae and Rhysodidae). Biota of South Carolina. Vol. 1. Clemson, S. Clemson University.",,"nAKPQvGWPz3w50pS9SF/Wg/TlEjgxRE8","nAKPQvGWPz3w50pS9SF/Wg/TlEjgxRE8","used NEON.DOC.014050vJ"
"cbe22961-61b7-4e6d-95ef-aae989a465a8","GRSM_018.basePlot.bet","D07","GRSM","GRSM_018","E","2015-07-14","2015-07-28","2015-12-03","2015-12-03","kA22WEkDNLkxiCREAxlPX2uAlt9fwBjqA+iJjmoo7gQ=","NEON.BET.D07.000781","PTEACU","Pterostichus acutipes","species",,"Barr",,"Ciegler, J. C. 2000. Ground beetles and wrinkled bark beetles of South Carolina (Coleoptera: Geadephaga: Carabidae and Rhysodidae). Biota of South Carolina. Vol. 1. Clemson, S. Clemson University.",,"nAKPQvGWPz3w50pS9SF/Wg/TlEjgxRE8","nAKPQvGWPz3w50pS9SF/Wg/TlEjgxRE8","used NEON.DOC.014050vJ"
"56dd2988-8624-40bd-b7c9-a3b9c4a01db5","GRSM_018.basePlot.bet","D07","GRSM","GRSM_018","E","2015-07-14","2015-07-28","2015-12-01","2015-12-01","kA22WEkDNLkxiCREAxlPXxRmDxjAYvdHOTViSJnjbAE=","NEON.BET.D07.000737","DICTET","Dicaelus teter","species",,"Bonelli",,"Lindroth, C. H. 1969. The ground-beetles (Carabidae, excl. Cicindelinae) of Canada and Alaska, parts 1-6. Opuscula E. Entomoligiska Sallskapet.",,"nAKPQvGWPz3w50pS9SF/Wg/TlEjgxRE8","nAKPQvGWPz3w50pS9SF/Wg/TlEjgxRE8","used NEON.DOC.014050vJ"
"505b2791-3955-4063-862b-24180212396c","GRSM_018.basePlot.bet","D07","GRSM","GRSM_018","E","2015-07-14","2015-07-28","2015-12-03","2015-12-03","kA22WEkDNLkxiCREAxlPX82Cqtyxg/I5BEmvbnnzARM=","NEON.BET.D07.000849","SPHSTE1","Sphaeroderus stenostomus lecontei","subspecies",,"Dejean",,"Barr Jr., T. C. 1974a. Key to species and subspecies of Sphaeroderus Dejean.",,"nAKPQvGWPz3w50pS9SF/Wg/TlEjgxRE8","nAKPQvGWPz3w50pS9SF/Wg/TlEjgxRE8","used NEON.DOC.014050vJ"
"6a6a4119-9081-44f4-a6da-933556eed968","GRSM_018.basePlot.bet","D07","GRSM","GRSM_018","N","2015-07-14","2015-07-28","2015-12-02","2015-12-02","kA22WEkDNLmqGhe3fJ2RS7K8JFdV3BDWKA7eP7ySEd0=","NEON.BET.D07.000770","PTEMOE","Pterostichus moestus","species",,"Say",,"Ciegler, J. C. 2000. Ground beetles and wrinkled bark beetles of South Carolina (Coleoptera: Geadephaga: Carabidae and Rhysodidae). Biota of South Carolina. Vol. 1. Clemson, S. Clemson University.",,"nAKPQvGWPz3w50pS9SF/Wg/TlEjgxRE8","nAKPQvGWPz3w50pS9SF/Wg/TlEjgxRE8","used NEON.DOC.014050vJ"
"fadf5a9a-5b9d-493d-bb03-a8272b832a33","GRSM_018.basePlot.bet","D07","GRSM","GRSM_018","N","2015-07-14","2015-07-28","2015-12-02","2015-12-02","kA22WEkDNLmqGhe3fJ2RSwC/CZzW1ZRbMBT0fSRZS08=","NEON.BET.D07.000773","PTETRI3","Pterostichus tristis","species","cf. species","Dejean",,"Ciegler, J. C. 2000. Ground beetles and wrinkled bark beetles of South Carolina (Coleoptera: Geadephaga: Carabidae and Rhysodidae). Biota of South Carolina. Vol. 1. Clemson, S. Clemson University.",,"nAKPQvGWPz3w50pS9SF/Wg/TlEjgxRE8","nAKPQvGWPz3w50pS9SF/Wg/TlEjgxRE8","used NEON.DOC.014050vJ. OR Pterostichus adoxus. Need to observe aedeagus to confirm"
"1939a095-9b55-457d-8de4-3957bfb3c7ec","GRSM_018.basePlot.bet","D07","GRSM","GRSM_018","W","2015-07-14","2015-07-28","2015-12-03","2015-12-03","kA22WEkDNLlsuCblQufEXQoPwKUK+fMBr8xmQIALbNQ=","NEON.BET.D07.000815","CYCSIG","Cyclotrachelus sigillatus","species","cf. species","Say",,"Freitag, R. 1969. A revision of the species of the genus Evarthrus LeConte. Quaestiones Entomologicae 5:89-212.",,"nAKPQvGWPz3w50pS9SF/Wg/TlEjgxRE8","nAKPQvGWPz3w50pS9SF/Wg/TlEjgxRE8","used NEON.DOC.014050vJ"
"2d587b01-912e-4689-8ee9-d229a0b448a0","GRSM_018.basePlot.bet","D07","GRSM","GRSM_018","W","2015-07-14","2015-07-28","2015-12-03","2015-12-03","kA22WEkDNLlsuCblQufEXQoPwKUK+fMBr8xmQIALbNQ=","NEON.BET.D07.000798","CYCSIG","Cyclotrachelus sigillatus","species",,"Say",,"Freitag, R. 1969. A revision of the species of the genus Evarthrus LeConte. Quaestiones Entomologicae 5:89-212.",,"nAKPQvGWPz3w50pS9SF/Wg/TlEjgxRE8","nAKPQvGWPz3w50pS9SF/Wg/TlEjgxRE8","used NEON.DOC.014050vJ"
"edb17019-7d4e-4632-90b0-a56c52a51375","GRSM_018.basePlot.bet","D07","GRSM","GRSM_018","W","2015-07-14","2015-07-28","2015-12-03","2015-12-03","kA22WEkDNLlsuCblQufEXQoPwKUK+fMBr8xmQIALbNQ=","NEON.BET.D07.000799","CYCSIG","Cyclotrachelus sigillatus","species",,"Say",,"Freitag, R. 1969. A revision of the species of the genus Evarthrus LeConte. Quaestiones Entomologicae 5:89-212.",,"nAKPQvGWPz3w50pS9SF/Wg/TlEjgxRE8","nAKPQvGWPz3w50pS9SF/Wg/TlEjgxRE8","used NEON.DOC.014050vJ"
"d72b2505-ddb0-4316-bd50-78bf71a36bff","GRSM_018.basePlot.bet","D07","GRSM","GRSM_018","W","2015-07-14","2015-07-28","2015-12-03","2015-12-03","kA22WEkDNLlsuCblQufEXVfK9oo0Ita8RLmt1JuP0LI=","NEON.BET.D07.000848","SPHSTE1","Sphaeroderus stenostomus lecontei","subspecies",,"Dejean",,"Barr Jr., T. C. 1974a. Key to species and subspecies of Sphaeroderus Dejean.",,"nAKPQvGWPz3w50pS9SF/Wg/TlEjgxRE8","nAKPQvGWPz3w50pS9SF/Wg/TlEjgxRE8","used NEON.DOC.014050vJ"
"b0c5c812-1d55-4852-91c2-5ae355d5e826","GRSM_018.basePlot.bet","D07","GRSM","GRSM_018","W","2015-07-14","2015-07-28","2015-12-03","2015-12-03","kA22WEkDNLlsuCblQufEXbLSkWBVQ5xfFRzzIh7tAmI=","NEON.BET.D07.000825","CARGOR","Carabus goryi","species",,"Dejean",,"Ciegler, J. C. 2000. Ground beetles and wrinkled bark beetles of South Carolina (Coleoptera: Geadephaga: Carabidae and Rhysodidae). Biota of South Carolina. Vol. 1. Clemson, S. Clemson University.",,"nAKPQvGWPz3w50pS9SF/Wg/TlEjgxRE8","nAKPQvGWPz3w50pS9SF/Wg/TlEjgxRE8","used NEON.DOC.014050vJ"
