uid,namedLocation,domainID,siteID,plotID,trapID,setDate,collectDate,processingDate,etOHChangeDate,identifiedDate,sampleID,subsampleID,sampleType,taxonID,scientificName,taxonRank,identificationQualifier,scientificNameAuthorship,morphospeciesID,individualCount,identificationReferences,identifiedBy,recordedBy,remarks
"e23c520e-5948-4d2f-8b4d-7a253865cce6","GRSM_014.basePlot.bet","D07","GRSM","GRSM_014","E","2015-06-29","2015-07-13","2015-07-15","2015-07-27",,"GRSM_014.E.20150713","oYrZWOmGwleiXjRuq/6PN1oeRyykithc1Zx48watZWs=","invert bycatch",,,,,,,,,,"nAKPQvGWPz3w50pS9SF/Wg/TlEjgxRE8","Used NEON.DOC.014050vJ"
"de3fccfa-3f2f-46d2-b69b-efb462e16bb7","GRSM_014.basePlot.bet","D07","GRSM","GRSM_014","W","2015-06-29","2015-07-13","2015-07-15","2015-10-23","2015-12-03","GRSM_014.W.20150713","oYrZWOmGwlfydFlBa45kMLCcg9a//KpuILVy2brI3HQ=","carabid","CARGOR","Carabus goryi","species",,"Dejean",,1,"Ciegler, J. C. 2000. Ground beetles and wrinkled bark beetles of South Carolina (Coleoptera: Geadephaga: Carabidae and Rhysodidae). Biota of South Carolina. Vol. 1. Clemson, S. Clemson University.","nAKPQvGWPz3w50pS9SF/Wg/TlEjgxRE8","nAKPQvGWPz3w50pS9SF/Wg/TlEjgxRE8","NEON.DOC.014050vJ"
"634a042c-88b6-4cbd-b05e-313532b9e4c9","GRSM_006.basePlot.bet","D07","GRSM","GRSM_006","E","2015-06-29","2015-07-13","2015-07-15","2015-07-30",,"GRSM_006.E.20150713","lkd2xjHtfy4TEGG0hcsj4N+BS2Vl7wAihOibiU16Vus=","invert bycatch",,,,,,,,,,"nAKPQvGWPz3w50pS9SF/Wg/TlEjgxRE8","Used NEON.DOC.014050vJ"
"120c5077-e4ac-48a0-b1e0-401d2e418f6c","GRSM_013.basePlot.bet","D07","GRSM","GRSM_013","E","2015-06-29","2015-07-13","2015-07-15","2015-10-19","2015-12-02","GRSM_013.E.20150713","OHmA+Hh/KK5wc8KGH7jD3ez3kzJddcp3QHO0D+DsDHM=","carabid","CYCFRE","Cyclotrachelus freitagi","species",,"Bousquet",,1,"Freitag, R. 1969. A revision of the species of the genus Evarthrus LeConte. Quaestiones Entomologicae 5:89-212.","nAKPQvGWPz3w50pS9SF/Wg/TlEjgxRE8","nAKPQvGWPz3w50pS9SF/Wg/TlEjgxRE8","NEON.DOC.014050vJ"
"5a96a377-9de1-4b53-82f7-5267ced01fe5","GRSM_013.basePlot.bet","D07","GRSM","GRSM_013","E","2015-06-29","2015-07-13","2015-07-14","2015-10-23","2015-12-03","GRSM_013.E.20150713","OHmA+Hh/KK5wc8KGH7jD3TBsJ5PlAo31XW5kvWsL0Lc=","carabid","CARGOR","Carabus goryi","species",,"Dejean",,2,"Ciegler, J. C. 2000. Ground beetles and wrinkled bark beetles of South Carolina (Coleoptera: Geadephaga: Carabidae and Rhysodidae). Biota of South Carolina. Vol. 1. Clemson, S. Clemson University.","nAKPQvGWPz3w50pS9SF/Wg/TlEjgxRE8","nAKPQvGWPz3w50pS9SF/Wg/TlEjgxRE8","NEON.DOC.014050vJ"
"012614bb-6cb9-4220-9e32-c01bf28467a5","GRSM_013.basePlot.bet","D07","GRSM","GRSM_013","E","2015-06-29","2015-07-13","2015-07-15","2015-07-30",,"GRSM_013.E.20150713","OHmA+Hh/KK5wc8KGH7jD3fcKr3y4ilUFFkolv+3XgDU=","invert bycatch",,,,,,,,,,"nAKPQvGWPz3w50pS9SF/Wg/TlEjgxRE8","Used NEON.DOC.014050vJ"
"984ce39b-be79-4b13-8699-24e75c95aad2","GRSM_002.basePlot.bet","D07","GRSM","GRSM_002","E","2015-06-29","2015-07-13","2015-07-15","2015-07-27",,"GRSM_002.E.20150713","PXHhN5Qnn1kbtcigrJsgIhBIPYliqJ4yNXDuBcoRQ1Q=","invert bycatch",,,,,,,,,,"nAKPQvGWPz3w50pS9SF/Wg/TlEjgxRE8","Used NEON.DOC.014050vJ"
"4e4d64e5-bacc-4a5a-bccd-3e328c381dd4","GRSM_002.basePlot.bet","D07","GRSM","GRSM_002","E","2015-06-29","2015-07-13","2015-07-15","2015-10-23","2015-12-03","GRSM_002.E.20150713","PXHhN5Qnn1kbtcigrJsgIhE/2FisVRUKPjJy67qN6eo=","carabid","SPHSTE1","Sphaeroderus stenostomus lecontei","subspecies",,"Dejean",,1,"Barr Jr., T. C. 1974a. Key to species and subspecies of Sphaeroderus Dejean.","nAKPQvGWPz3w50pS9SF/Wg/TlEjgxRE8","nAKPQvGWPz3w50pS9SF/Wg/TlEjgxRE8","NEON.DOC.014050vJ"
"fe0d812a-1efc-4193-86c8-0397ad919f11","GRSM_014.basePlot.bet","D07","GRSM","GRSM_014","E","2015-06-29","2015-07-13","2015-07-15","2015-10-23","2015-12-03","GRSM_014.E.20150713","oYrZWOmGwleiXjRuq/6PNzhELlZBOuP3YKCNd6+Ukjo=","carabid","CARGOR","Carabus goryi","species",,"Dejean",,2,"Ciegler, J. C. 2000. Ground beetles and wrinkled bark beetles of South Carolina (Coleoptera: Geadephaga: Carabidae and Rhysodidae). Biota of South Carolina. Vol. 1. Clemson, S. Clemson University.","nAKPQvGWPz3w50pS9SF/Wg/TlEjgxRE8","nAKPQvGWPz3w50pS9SF/Wg/TlEjgxRE8","NEON.DOC.014050vJ"
"32871b73-db0d-4532-add8-9becdc640c1e","GRSM_014.basePlot.bet","D07","GRSM","GRSM_014","E","2015-06-29","2015-07-13","2015-07-15","2015-10-23","2015-12-03","GRSM_014.E.20150713","oYrZWOmGwleiXjRuq/6PN2I5FBImoK/cNosJ3qVTWKc=","carabid","CYCSIG","Cyclotrachelus sigillatus","species","cf. species","Say",,1,"Freitag, R. 1969. A revision of the species of the genus Evarthrus LeConte. Quaestiones Entomologicae 5:89-212.","nAKPQvGWPz3w50pS9SF/Wg/TlEjgxRE8","nAKPQvGWPz3w50pS9SF/Wg/TlEjgxRE8","NEON.DOC.014050vJ"
"c3387ff9-b385-4cb6-ad32-f772de29db82","GRSM_014.basePlot.bet","D07","GRSM","GRSM_014","N","2015-06-29","2015-07-13","2015-07-15","2015-10-23","2015-12-03","GRSM_014.N.20150713","oYrZWOmGwlf6oYmqYM+wg3fg6rCyu6r+rQwqPeFeJps=","carabid","CYCSIG","Cyclotrachelus sigillatus","species","cf. species","Say",,1,"Freitag, R. 1969. A revision of the species of the genus Evarthrus LeConte. Quaestiones Entomologicae 5:89-212.","nAKPQvGWPz3w50pS9SF/Wg/TlEjgxRE8","nAKPQvGWPz3w50pS9SF/Wg/TlEjgxRE8","NEON.DOC.014050vJ"
"8f8c8e41-f907-4f1e-86a8-df3f0ae80aac","GRSM_014.basePlot.bet","D07","GRSM","GRSM_014","N","2015-06-29","2015-07-13","2015-07-15","2015-10-19","2015-12-03","GRSM_014.N.20150713","oYrZWOmGwlf6oYmqYM+wgwyiNeEmoEJUVcY+RzNjsz0=","carabid","PTEACU","Pterostichus acutipes","species",,"Barr",,1,"Ciegler, J. C. 2000. Ground beetles and wrinkled bark beetles of South Carolina (Coleoptera: Geadephaga: Carabidae and Rhysodidae). Biota of South Carolina. Vol. 1. Clemson, S. Clemson University.","nAKPQvGWPz3w50pS9SF/Wg/TlEjgxRE8","nAKPQvGWPz3w50pS9SF/Wg/TlEjgxRE8","NEON.DOC.014050vJ"
"d0855c1d-f39c-4bd7-a21f-e5fefaf25df8","GRSM_014.basePlot.bet","D07","GRSM","GRSM_014","N","2015-06-29","2015-07-13","2015-07-14","2015-10-19","2015-12-01","GRSM_014.N.20150713","oYrZWOmGwlf6oYmqYM+wgwbXW0O3S8XfMsy22MCVmT4=","carabid","DICDIL5","Dicaelus dilatatus","species",,"Say",,1,"Lindroth, C. H. 1969. The ground-beetles (Carabidae, excl. Cicindelinae) of Canada and Alaska, parts 1-6. Opuscula E. Entomoligiska Sallskapet.","nAKPQvGWPz3w50pS9SF/Wg/TlEjgxRE8","nAKPQvGWPz3w50pS9SF/Wg/TlEjgxRE8","NEON.DOC.014050vJ"
"d9a406f6-4a7e-4794-a33e-c0696c80d703","GRSM_014.basePlot.bet","D07","GRSM","GRSM_014","N","2015-06-29","2015-07-13","2015-07-15","2015-10-23","2015-12-03","GRSM_014.N.20150713","oYrZWOmGwlf6oYmqYM+wg0K54wlt/8GQb6xVy2B0y5M=","carabid","CARGOR","Carabus goryi","species",,"Dejean",,3,"Ciegler, J. C. 2000. Ground beetles and wrinkled bark beetles of South Carolina (Coleoptera: Geadephaga: Carabidae and Rhysodidae). Biota of South Carolina. Vol. 1. Clemson, S. Clemson University.","nAKPQvGWPz3w50pS9SF/Wg/TlEjgxRE8","nAKPQvGWPz3w50pS9SF/Wg/TlEjgxRE8","NEON.DOC.014050vJ"
"55ddb3f0-bee4-4ad3-ba12-888baab04ec3","GRSM_014.basePlot.bet","D07","GRSM","GRSM_014","N","2015-06-29","2015-07-13","2015-07-15","2015-07-27",,"GRSM_014.N.20150713","oYrZWOmGwlf6oYmqYM+wg/1aXI/4KXNR27uVQArH8nI=","invert bycatch",,,,,,,,,,"nAKPQvGWPz3w50pS9SF/Wg/TlEjgxRE8","Used NEON.DOC.014050vJ"
"ecaa50ad-a4d3-44ac-899e-0011e7ca3d29","GRSM_006.basePlot.bet","D07","GRSM","GRSM_006","N","2015-06-29","2015-07-13","2015-07-15","2015-10-19","2015-12-01","GRSM_006.N.20150713","lkd2xjHtfy4qoGbbCXCUyiVRD4LzvWetwXNLsVl39fg=","carabid","DICAMB","Dicaelus ambiguus","species",,"LaFerte-Senectere",,1,"Lindroth, C. H. 1969. The ground-beetles (Carabidae, excl. Cicindelinae) of Canada and Alaska, parts 1-6. Opuscula E. Entomoligiska Sallskapet.","nAKPQvGWPz3w50pS9SF/Wg/TlEjgxRE8","nAKPQvGWPz3w50pS9SF/Wg/TlEjgxRE8","NEON.DOC.014050vJ"
"2154646a-f3d6-4339-9989-f5130441130d","GRSM_006.basePlot.bet","D07","GRSM","GRSM_006","N","2015-06-29","2015-07-13","2015-07-15","2015-07-30",,"GRSM_006.N.20150713","lkd2xjHtfy4qoGbbCXCUyv4TMN9Lo5+YcXWXasxUK9U=","invert bycatch",,,,,,,,,,"nAKPQvGWPz3w50pS9SF/Wg/TlEjgxRE8","Used NEON.DOC.014050vJ"
"c134a919-1d65-44f2-aaae-9216d34a376a","GRSM_013.basePlot.bet","D07","GRSM","GRSM_013","N","2015-06-29","2015-07-13","2015-07-15","2015-07-30",,"GRSM_013.N.20150713","OHmA+Hh/KK6H155InU9Wc3GGHZ6zHYh+fB39ybrCtCM=","invert bycatch",,,,,,,,,,"nAKPQvGWPz3w50pS9SF/Wg/TlEjgxRE8","Used NEON.DOC.014050vJ"
"6330eea8-3260-47c7-9ea5-b5debd51c22a","GRSM_013.basePlot.bet","D07","GRSM","GRSM_013","N","2015-06-29","2015-07-13","2015-07-15","2015-10-19","2015-12-02","GRSM_013.N.20150713","OHmA+Hh/KK6H155InU9WcxuNEvMoKuaSsKbXu/MauDk=","carabid","PTEMOE","Pterostichus moestus","species",,"Say",,1,"Ciegler, J. C. 2000. Ground beetles and wrinkled bark beetles of South Carolina (Coleoptera: Geadephaga: Carabidae and Rhysodidae). Biota of South Carolina. Vol. 1. Clemson, S. Clemson University.","nAKPQvGWPz3w50pS9SF/Wg/TlEjgxRE8","nAKPQvGWPz3w50pS9SF/Wg/TlEjgxRE8","NEON.DOC.014050vJ"
"9d8228f2-9dee-4283-bc5a-2ee275fd701b","GRSM_002.basePlot.bet","D07","GRSM","GRSM_002","N","2015-06-29","2015-07-13","2015-07-15","2015-10-23","2015-12-03","GRSM_002.N.20150713","PXHhN5Qnn1lzIDA4ySahUEs1fwEFsugMWCa7eshiid8=","carabid","SPHBIC","Sphaeroderus bicarinatus","species",,"LeConte",,1,"Barr Jr., T. C. 1974a. Key to species and subspecies of Sphaeroderus Dejean.","nAKPQvGWPz3w50pS9SF/Wg/TlEjgxRE8","nAKPQvGWPz3w50pS9SF/Wg/TlEjgxRE8","NEON.DOC.014050vJ"
"f83fe4ba-e038-46b5-a2d0-ef2e3fcfe332","GRSM_006.basePlot.bet","D07","GRSM","GRSM_006","N","2015-06-29","2015-07-13","2015-07-15","2015-10-19","2015-12-02","GRSM_006.N.20150713","lkd2xjHtfy4qoGbbCXCUyi7ZHN9l6FUBd8g3J2Ip4I8=","carabid","PTEMOE","Pterostichus moestus","species",,"Say",,1,"Ciegler, J. C. 2000. Ground beetles and wrinkled bark beetles of South Carolina (Coleoptera: Geadephaga: Carabidae and Rhysodidae). Biota of South Carolina. Vol. 1. Clemson, S. Clemson University.","nAKPQvGWPz3w50pS9SF/Wg/TlEjgxRE8","nAKPQvGWPz3w50pS9SF/Wg/TlEjgxRE8","NEON.DOC.014050vJ"
"aed61e10-7c91-4aa8-9071-72a16e972d52","GRSM_002.basePlot.bet","D07","GRSM","GRSM_002","N","2015-06-29","2015-07-13","2015-07-15","2015-07-27",,"GRSM_002.N.20150713","PXHhN5Qnn1lzIDA4ySahUKTeKTEXnpSWTGWeT1fgmJY=","invert bycatch",,,,,,,,,,"nAKPQvGWPz3w50pS9SF/Wg/TlEjgxRE8","Used NEON.DOC.014050vJ"
"53c5f5ed-2534-4f8c-adef-ec71caaeca1f","GRSM_002.basePlot.bet","D07","GRSM","GRSM_002","S","2015-06-29","2015-07-13","2015-07-15","2015-07-27",,"GRSM_002.S.20150713","PXHhN5Qnn1n3TMHZpmMInxacqHEGnPmn3ikpBaDzJlY=","invert bycatch",,,,,,,,,,"nAKPQvGWPz3w50pS9SF/Wg/TlEjgxRE8","Used NEON.DOC.014050vJ"
"52cfb359-3ebc-4d26-9a3d-13f26eb2a4b1","GRSM_006.basePlot.bet","D07","GRSM","GRSM_006","S","2015-06-29","2015-07-13","2015-07-15","2015-07-30",,"GRSM_006.S.20150713","lkd2xjHtfy7S+uTtJy9ED45J+s8GOQq1KfhMilcodZA=","invert bycatch",,,,,,,,,,"nAKPQvGWPz3w50pS9SF/Wg/TlEjgxRE8","Used NEON.DOC.014050vJ"
"c98da4bc-ac4d-4a20-b9a9-c22e56a10e96","GRSM_014.basePlot.bet","D07","GRSM","GRSM_014","S","2015-06-29","2015-07-13","2015-07-15","2015-10-19","2015-12-02","GRSM_014.S.20150713","oYrZWOmGwlecKaQqGXU7tXqCC03Uf564SfeGCkrJD4E=","carabid","CYCFRE","Cyclotrachelus freitagi","species",,"Bousquet",,1,"Freitag, R. 1969. A revision of the species of the genus Evarthrus LeConte. Quaestiones Entomologicae 5:89-212.","nAKPQvGWPz3w50pS9SF/Wg/TlEjgxRE8","nAKPQvGWPz3w50pS9SF/Wg/TlEjgxRE8","NEON.DOC.014050vJ"
"a6ee3ce1-5ee0-44c7-9f70-2510c2f599c7","GRSM_013.basePlot.bet","D07","GRSM","GRSM_013","S","2015-06-29","2015-07-13","2015-07-15","2015-07-30",,"GRSM_013.S.20150713","OHmA+Hh/KK5RgBJvwUSrRhIOP6gS7by49tv6jh9NyVo=","invert bycatch",,,,,,,,,,"nAKPQvGWPz3w50pS9SF/Wg/TlEjgxRE8","Used NEON.DOC.014050vJ"
"f028d817-a819-42fa-adbf-f947088e93b1","GRSM_014.basePlot.bet","D07","GRSM","GRSM_014","S","2015-06-29","2015-07-13","2015-07-15","2015-07-27",,"GRSM_014.S.20150713","oYrZWOmGwlecKaQqGXU7tUNx0Q3oiMS5j6xQBci4Ajw=","invert bycatch",,,,,,,,,,"nAKPQvGWPz3w50pS9SF/Wg/TlEjgxRE8","Used NEON.DOC.014050vJ"
"ad605f81-8daa-4b32-9954-a27870787d47","GRSM_014.basePlot.bet","D07","GRSM","GRSM_014","S","2015-06-29","2015-07-13","2015-07-15","2015-10-23","2015-12-03","GRSM_014.S.20150713","oYrZWOmGwlecKaQqGXU7tcu8MjlZpLyCI5f1OXemZJk=","carabid","CYCSIG","Cyclotrachelus sigillatus","species",,"Say",,1,"Freitag, R. 1969. A revision of the species of the genus Evarthrus LeConte. Quaestiones Entomologicae 5:89-212.","nAKPQvGWPz3w50pS9SF/Wg/TlEjgxRE8","nAKPQvGWPz3w50pS9SF/Wg/TlEjgxRE8","NEON.DOC.014050vJ"
"084c1eea-e82e-4404-96e0-508ac6f27c5f","GRSM_014.basePlot.bet","D07","GRSM","GRSM_014","S","2015-06-29","2015-07-13","2015-07-15","2015-10-23","2015-12-03","GRSM_014.S.20150713","oYrZWOmGwlecKaQqGXU7tcW1UXBNUPnkOBk/Q7r0ffY=","carabid","SPHBIC","Sphaeroderus bicarinatus","species",,"LeConte",,1,"Barr Jr., T. C. 1974a. Key to species and subspecies of Sphaeroderus Dejean.","nAKPQvGWPz3w50pS9SF/Wg/TlEjgxRE8","nAKPQvGWPz3w50pS9SF/Wg/TlEjgxRE8","NEON.DOC.014050vJ"
"b0e03796-b3f9-48cd-aecd-7c38d53e324a","GRSM_014.basePlot.bet","D07","GRSM","GRSM_014","S","2015-06-29","2015-07-13","2015-07-15","2015-10-23","2015-12-03","GRSM_014.S.20150713","oYrZWOmGwlecKaQqGXU7tdCL9BDtQ4S4w+YDPltDpRQ=","carabid","SPHSTE1","Sphaeroderus stenostomus lecontei","subspecies",,"Dejean",,1,"Barr Jr., T. C. 1974a. Key to species and subspecies of Sphaeroderus Dejean.","nAKPQvGWPz3w50pS9SF/Wg/TlEjgxRE8","nAKPQvGWPz3w50pS9SF/Wg/TlEjgxRE8","NEON.DOC.014050vJ"
"49fd3810-ac58-4642-ac60-92c996782326","GRSM_014.basePlot.bet","D07","GRSM","GRSM_014","W","2015-06-29","2015-07-13","2015-07-15","2015-10-23","2015-12-03","GRSM_014.W.20150713","oYrZWOmGwlfydFlBa45kMO1Cd0lNrj85RrqqAtkCMms=","carabid","CYCSIG","Cyclotrachelus sigillatus","species",,"Say",,1,"Freitag, R. 1969. A revision of the species of the genus Evarthrus LeConte. Quaestiones Entomologicae 5:89-212.","nAKPQvGWPz3w50pS9SF/Wg/TlEjgxRE8","nAKPQvGWPz3w50pS9SF/Wg/TlEjgxRE8","NEON.DOC.014050vJ"
"75c39f81-ed42-4838-b3fa-4fb8dfb33775","GRSM_014.basePlot.bet","D07","GRSM","GRSM_014","W","2015-06-29","2015-07-13","2015-07-15","2015-07-27",,"GRSM_014.W.20150713","oYrZWOmGwlfydFlBa45kMMuONW0+6kxuNNnIa4RcucA=","invert bycatch",,,,,,,,,,"nAKPQvGWPz3w50pS9SF/Wg/TlEjgxRE8","Used NEON.DOC.014050vJ"
"0e28bca7-fbc4-4640-85c5-faf481f54724","GRSM_002.basePlot.bet","D07","GRSM","GRSM_002","W","2015-06-29","2015-07-13","2015-07-15","2015-07-27",,"GRSM_002.W.20150713","PXHhN5Qnn1kvP4UnYxs6hwT4jIpyFOFDIE8CPtgPRu8=","invert bycatch",,,,,,,,,,"nAKPQvGWPz3w50pS9SF/Wg/TlEjgxRE8","Used NEON.DOC.014050vJ"
"b9fabbe3-9fff-42a9-abae-ac602c1e7b78","GRSM_006.basePlot.bet","D07","GRSM","GRSM_006","W","2015-06-29","2015-07-13","2015-07-15","2015-07-30",,"GRSM_006.W.20150713","lkd2xjHtfy4YKQaZjscCP0TQ67IlFKmSRoImPXgXkoM=","invert bycatch",,,,,,,,,,"nAKPQvGWPz3w50pS9SF/Wg/TlEjgxRE8","Used NEON.DOC.014050vJ"
"c7ddb440-7b63-4094-a13f-f30c105ec154","GRSM_013.basePlot.bet","D07","GRSM","GRSM_013","W","2015-06-29","2015-07-13","2015-07-15","2015-07-30",,"GRSM_013.W.20150713","OHmA+Hh/KK5ILbwHoai9POoIuLEerzJX/V0BTaTqk7M=","invert bycatch",,,,,,,,,,"nAKPQvGWPz3w50pS9SF/Wg/TlEjgxRE8","Used NEON.DOC.014050vJ"
"9b0142d6-4ca4-4cb3-a1c5-471be5d4607a","GRSM_006.basePlot.bet","D07","GRSM","GRSM_006","W","2015-06-29","2015-07-13","2015-07-15","2015-10-19","2015-12-02","GRSM_006.W.20150713","lkd2xjHtfy4YKQaZjscCP2/vVmyPffgzCmty7FxQcN0=","carabid","CYCFRE","Cyclotrachelus freitagi","species",,"Bousquet",,1,"Freitag, R. 1969. A revision of the species of the genus Evarthrus LeConte. Quaestiones Entomologicae 5:89-212.","nAKPQvGWPz3w50pS9SF/Wg/TlEjgxRE8","nAKPQvGWPz3w50pS9SF/Wg/TlEjgxRE8","NEON.DOC.014050vJ"
"fb16be6a-9bc8-4b2d-8086-8cbf9c6aa626","GRSM_006.basePlot.bet","D07","GRSM","GRSM_006","E","2015-06-29","2015-07-13","2015-07-15","2015-10-19","2015-12-02","GRSM_006.E.20150713","lkd2xjHtfy4TEGG0hcsj4IORpbd8bQbB+NBgP7DkW00=","carabid","CYCFRE","Cyclotrachelus freitagi","species",,"Bousquet",,2,"Freitag, R. 1969. A revision of the species of the genus Evarthrus LeConte. Quaestiones Entomologicae 5:89-212.","nAKPQvGWPz3w50pS9SF/Wg/TlEjgxRE8","nAKPQvGWPz3w50pS9SF/Wg/TlEjgxRE8","NEON.DOC.014050vJ"
"4c0325f2-e225-4541-be2c-59f29e1caf13","GRSM_012.basePlot.bet","D07","GRSM","GRSM_012","N","2015-06-30","2015-07-14","2015-07-15","2015-10-23","2015-12-03","GRSM_012.N.20150714","JDiKFzN43rodhWz6mB9jd4TWVQjOkZW9q1T5V/5g1Uk=","carabid","CYCSIG","Cyclotrachelus sigillatus","species",,"Say",,2,"Freitag, R. 1969. A revision of the species of the genus Evarthrus LeConte. Quaestiones Entomologicae 5:89-212.","nAKPQvGWPz3w50pS9SF/Wg/TlEjgxRE8","nAKPQvGWPz3w50pS9SF/Wg/TlEjgxRE8","NEON.DOC.014050vJ"
"039b1193-32e6-4059-926f-b42a37769e9c","GRSM_012.basePlot.bet","D07","GRSM","GRSM_012","N","2015-06-30","2015-07-14","2015-07-15","2015-07-27",,"GRSM_012.N.20150714","JDiKFzN43rodhWz6mB9jd1tzVYo0i8savmyOcYKKYMk=","invert bycatch",,,,,,,,,,"nAKPQvGWPz3w50pS9SF/Wg/TlEjgxRE8","Used NEON.DOC.014050vJ"
"1d4fbe88-1b11-4a72-8827-0d1e92116d23","GRSM_012.basePlot.bet","D07","GRSM","GRSM_012","S","2015-06-30","2015-07-14","2015-07-15","2015-10-19","2015-12-01","GRSM_012.S.20150714","JDiKFzN43rqaF5vqWxrbhf2PKBWlhtOvp18pqFfMeVc=","carabid","DICTET","Dicaelus teter","species",,"Bonelli",,1,"Lindroth, C. H. 1969. The ground-beetles (Carabidae, excl. Cicindelinae) of Canada and Alaska, parts 1-6. Opuscula E. Entomoligiska Sallskapet.","nAKPQvGWPz3w50pS9SF/Wg/TlEjgxRE8","nAKPQvGWPz3w50pS9SF/Wg/TlEjgxRE8","Used NEON.DOC.014050vJ"
"77917afc-1a47-4254-a09c-5e5a28db833e","GRSM_012.basePlot.bet","D07","GRSM","GRSM_012","S","2015-06-30","2015-07-14","2015-07-15","2015-10-23","2015-12-03","GRSM_012.S.20150714","JDiKFzN43rqaF5vqWxrbhVY8CveufuBhGHBNh5mFXQU=","carabid","CARGOR","Carabus goryi","species",,"Dejean",,3,"Ciegler, J. C. 2000. Ground beetles and wrinkled bark beetles of South Carolina (Coleoptera: Geadephaga: Carabidae and Rhysodidae). Biota of South Carolina. Vol. 1. Clemson, S. Clemson University.","nAKPQvGWPz3w50pS9SF/Wg/TlEjgxRE8","nAKPQvGWPz3w50pS9SF/Wg/TlEjgxRE8","NEON.DOC.014050vJ"
"bee19bc3-0412-4d87-bcd6-8e3003757b86","GRSM_012.basePlot.bet","D07","GRSM","GRSM_012","S","2015-06-30","2015-07-14","2015-07-15","2015-07-27",,"GRSM_012.S.20150714","JDiKFzN43rqaF5vqWxrbhQ01pE3uedjz+OZYv/eNwac=","invert bycatch",,,,,,,,,,"nAKPQvGWPz3w50pS9SF/Wg/TlEjgxRE8","Used NEON.DOC.014050vJ"
"0bba5663-50d2-4a52-881c-774341e55dea","GRSM_008.basePlot.bet","D07","GRSM","GRSM_008","S","2015-06-30","2015-07-14","2015-07-15","2015-07-27",,"GRSM_008.S.20150714","yuRwaxqH2GtqXO/QEoemTOJYhgT6ZZBZxFumR86nmCM=","invert bycatch",,,,,,,,,,"nAKPQvGWPz3w50pS9SF/Wg/TlEjgxRE8","Used NEON.DOC.014050vJ"
"6ff85998-8036-49a1-97e6-3a7e38a7e594","GRSM_008.basePlot.bet","D07","GRSM","GRSM_008","S","2015-06-30","2015-07-14","2015-07-15","2015-10-23","2015-12-03","GRSM_008.S.20150714","yuRwaxqH2GtqXO/QEoemTINphqt9VXBt3zUnT29QNsQ=","carabid","SPHSTE1","Sphaeroderus stenostomus lecontei","subspecies",,"Dejean",,1,"Barr Jr., T. C. 1974a. Key to species and subspecies of Sphaeroderus Dejean.","nAKPQvGWPz3w50pS9SF/Wg/TlEjgxRE8","nAKPQvGWPz3w50pS9SF/Wg/TlEjgxRE8","NEON.DOC.014050vJ"
"86843e55-5690-4393-bf31-37d48b80411b","GRSM_008.basePlot.bet","D07","GRSM","GRSM_008","S","2015-06-30","2015-07-14","2015-07-15","2015-10-23","2015-12-03","GRSM_008.S.20150714","yuRwaxqH2GtqXO/QEoemTBDfupH3mlZvPocmofxNktg=","carabid","CARGOR","Carabus goryi","species",,"Dejean",,6,"Ciegler, J. C. 2000. Ground beetles and wrinkled bark beetles of South Carolina (Coleoptera: Geadephaga: Carabidae and Rhysodidae). Biota of South Carolina. Vol. 1. Clemson, S. Clemson University.","nAKPQvGWPz3w50pS9SF/Wg/TlEjgxRE8","nAKPQvGWPz3w50pS9SF/Wg/TlEjgxRE8","NEON.DOC.014050vJ"
"aa0be9ac-069e-4445-a39d-aef3d12dedfb","GRSM_009.basePlot.bet","D07","GRSM","GRSM_009","S","2015-06-30","2015-07-14","2015-07-15","2015-07-27",,"GRSM_009.S.20150714","tvtrj6Hle5FqVi/+IK+FF+9SrsStw8qTbr+Gg5TsOrI=","invert bycatch",,,,,,,,,,"nAKPQvGWPz3w50pS9SF/Wg/TlEjgxRE8","Used NEON.DOC.014050vJ"
"50674c4e-a6cd-4365-b71d-e801502856b9","GRSM_009.basePlot.bet","D07","GRSM","GRSM_009","S","2015-06-30","2015-07-14","2015-07-15","2015-10-23","2015-12-03","GRSM_009.S.20150714","tvtrj6Hle5FqVi/+IK+FF3lbiPgdByOGco3/7m9AVnY=","carabid","CARGOR","Carabus goryi","species",,"Dejean",,1,"Ciegler, J. C. 2000. Ground beetles and wrinkled bark beetles of South Carolina (Coleoptera: Geadephaga: Carabidae and Rhysodidae). Biota of South Carolina. Vol. 1. Clemson, S. Clemson University.","nAKPQvGWPz3w50pS9SF/Wg/TlEjgxRE8","nAKPQvGWPz3w50pS9SF/Wg/TlEjgxRE8","NEON.DOC.014050vJ"
"652cdce0-79ff-4068-b25a-75b10877cb57","GRSM_009.basePlot.bet","D07","GRSM","GRSM_009","W","2015-06-30","2015-07-14","2015-07-15","2015-10-19","2015-12-01","GRSM_009.W.20150714","tvtrj6Hle5HtX84Hmn9+VSBcdEhVw8CWGHRYtlacxnk=","carabid","DICAMB","Dicaelus ambiguus","species",,"LaFerte-Senectere",,1,"Lindroth, C. H. 1969. The ground-beetles (Carabidae, excl. Cicindelinae) of Canada and Alaska, parts 1-6. Opuscula E. Entomoligiska Sallskapet.","nAKPQvGWPz3w50pS9SF/Wg/TlEjgxRE8","nAKPQvGWPz3w50pS9SF/Wg/TlEjgxRE8","used NEON.DOC.014050vJ"
"8bdb9b63-26fe-4cf4-bf4c-04a39a667541","GRSM_008.basePlot.bet","D07","GRSM","GRSM_008","W","2015-06-30","2015-07-14","2015-07-15","2015-07-27",,"GRSM_008.W.20150714","yuRwaxqH2GtRtTWW5FSlICeybuqHmutvy8qmhToFNu8=","invert bycatch",,,,,,,,,,"nAKPQvGWPz3w50pS9SF/Wg/TlEjgxRE8","Used NEON.DOC.014050vJ"
"3622ba18-f7ca-4c4c-9890-67eae0c6dd2d","GRSM_008.basePlot.bet","D07","GRSM","GRSM_008","W","2015-06-30","2015-07-14","2015-07-15","2015-10-23","2015-12-03","GRSM_008.W.20150714","yuRwaxqH2GtRtTWW5FSlICahR3Un+es1GmJMaDO9JTc=","carabid","CARGOR","Carabus goryi","species",,"Dejean",,1,"Ciegler, J. C. 2000. Ground beetles and wrinkled bark beetles of South Carolina (Coleoptera: Geadephaga: Carabidae and Rhysodidae). Biota of South Carolina. Vol. 1. Clemson, S. Clemson University.","nAKPQvGWPz3w50pS9SF/Wg/TlEjgxRE8","nAKPQvGWPz3w50pS9SF/Wg/TlEjgxRE8","NEON.DOC.014050vJ"
"c8ebf517-9cb2-4336-8b02-29861d41630d","GRSM_008.basePlot.bet","D07","GRSM","GRSM_008","W","2015-06-30","2015-07-14","2015-07-15","2015-10-19","2015-12-02","GRSM_008.W.20150714","yuRwaxqH2GtRtTWW5FSlIEmIV4ij/4bF9mOuLyYlSsk=","carabid","PTEMOE","Pterostichus moestus","species",,"Say",,1,"Ciegler, J. C. 2000. Ground beetles and wrinkled bark beetles of South Carolina (Coleoptera: Geadephaga: Carabidae and Rhysodidae). Biota of South Carolina. Vol. 1. Clemson, S. Clemson University.","nAKPQvGWPz3w50pS9SF/Wg/TlEjgxRE8","nAKPQvGWPz3w50pS9SF/Wg/TlEjgxRE8","NEON.DOC.014050vJ"
"078c2aa0-d356-40d2-8653-4ce55865975a","GRSM_009.basePlot.bet","D07","GRSM","GRSM_009","W","2015-06-30","2015-07-14","2015-07-15","2015-07-27",,"GRSM_009.W.20150714","tvtrj6Hle5HtX84Hmn9+VVY7pcP6EN0MNefUYwdUumA=","invert bycatch",,,,,,,,,,"nAKPQvGWPz3w50pS9SF/Wg/TlEjgxRE8","Used NEON.DOC.014050vJ"
"42f3160f-45b5-46f5-b4a4-6396021a3a71","GRSM_009.basePlot.bet","D07","GRSM","GRSM_009","W","2015-06-30","2015-07-14","2015-07-15","2015-10-23","2015-12-03","GRSM_009.W.20150714","tvtrj6Hle5HtX84Hmn9+VeIWJs/85OY6RdsKkEmzP9Q=","carabid","CARGOR","Carabus goryi","species",,"Dejean",,3,"Ciegler, J. C. 2000. Ground beetles and wrinkled bark beetles of South Carolina (Coleoptera: Geadephaga: Carabidae and Rhysodidae). Biota of South Carolina. Vol. 1. Clemson, S. Clemson University.","nAKPQvGWPz3w50pS9SF/Wg/TlEjgxRE8","nAKPQvGWPz3w50pS9SF/Wg/TlEjgxRE8","NEON.DOC.014050vJ"
"40725f68-3599-41eb-b935-863c4cf4188b","GRSM_012.basePlot.bet","D07","GRSM","GRSM_012","W","2015-06-30","2015-07-14","2015-07-15","2015-07-27",,"GRSM_012.W.20150714","JDiKFzN43ro1fJDP+5Z89pgDk9MAKcq88ERkEigVNfY=","invert bycatch",,,,,,,,,,"nAKPQvGWPz3w50pS9SF/Wg/TlEjgxRE8","Used NEON.DOC.014050vJ"
"4edd798d-48ba-4f54-95f6-ddc33e3f2e2b","GRSM_012.basePlot.bet","D07","GRSM","GRSM_012","W","2015-06-30","2015-07-14","2015-07-15","2015-10-19","2015-12-02","GRSM_012.W.20150714","JDiKFzN43ro1fJDP+5Z89vNPv7V0vce5TVA3ajBXYjQ=","carabid","CYCFRE","Cyclotrachelus freitagi","species",,"Bousquet",,2,"Freitag, R. 1969. A revision of the species of the genus Evarthrus LeConte. Quaestiones Entomologicae 5:89-212.","nAKPQvGWPz3w50pS9SF/Wg/TlEjgxRE8","nAKPQvGWPz3w50pS9SF/Wg/TlEjgxRE8","NEON.DOC.014050vJ"
"68dcaf87-1449-4c84-aa34-f0287b6b9fa9","GRSM_012.basePlot.bet","D07","GRSM","GRSM_012","W","2015-06-30","2015-07-14","2015-07-15","2015-10-23","2015-12-03","GRSM_012.W.20150714","JDiKFzN43ro1fJDP+5Z89pTwl3RPXRA2/WHqXcGBobw=","carabid","CARGOR","Carabus goryi","species",,"Dejean",,2,"Ciegler, J. C. 2000. Ground beetles and wrinkled bark beetles of South Carolina (Coleoptera: Geadephaga: Carabidae and Rhysodidae). Biota of South Carolina. Vol. 1. Clemson, S. Clemson University.","nAKPQvGWPz3w50pS9SF/Wg/TlEjgxRE8","nAKPQvGWPz3w50pS9SF/Wg/TlEjgxRE8","NEON.DOC.014050vJ"
"1c13a072-cdb2-47d4-9e00-9f609ffc699d","GRSM_012.basePlot.bet","D07","GRSM","GRSM_012","W","2015-06-30","2015-07-14","2015-07-15","2015-10-19","2015-12-01","GRSM_012.W.20150714","JDiKFzN43ro1fJDP+5Z89kbjUUr9uDuUltRlDgUBHPA=","carabid","DICAMB","Dicaelus ambiguus","species",,"LaFerte-Senectere",,1,"Lindroth, C. H. 1969. The ground-beetles (Carabidae, excl. Cicindelinae) of Canada and Alaska, parts 1-6. Opuscula E. Entomoligiska Sallskapet.","nAKPQvGWPz3w50pS9SF/Wg/TlEjgxRE8","nAKPQvGWPz3w50pS9SF/Wg/TlEjgxRE8","used NEON.DOC.014050vJ"
"18642e89-7370-47d3-9110-52eee2d9a87a","GRSM_012.basePlot.bet","D07","GRSM","GRSM_012","W","2015-06-30","2015-07-14","2015-07-15","2015-10-19","2015-12-02","GRSM_012.W.20150714","JDiKFzN43ro1fJDP+5Z89sJ0xwsgWFdupa9vX9TWnCg=","carabid","HARSPA","Harpalus spadiceus","species",,"Dejean",,1,"Ciegler, J. C. 2000. Ground beetles and wrinkled bark beetles of South Carolina (Coleoptera: Geadephaga: Carabidae and Rhysodidae). Biota of South Carolina. Vol. 1. Clemson, S. Clemson University.","nAKPQvGWPz3w50pS9SF/Wg/TlEjgxRE8","nAKPQvGWPz3w50pS9SF/Wg/TlEjgxRE8","NEON.DOC.014050vJ"
"ca02f869-1312-4ec2-9768-1c49643a1ac4","GRSM_012.basePlot.bet","D07","GRSM","GRSM_012","W","2015-06-30","2015-07-14","2015-07-15","2015-10-23","2015-12-03","GRSM_012.W.20150714","JDiKFzN43ro1fJDP+5Z89ukS4uS8a8eqf/VybAB6hfM=","carabid","SPHBIC","Sphaeroderus bicarinatus","species",,"LeConte",,1,"Barr Jr., T. C. 1974a. Key to species and subspecies of Sphaeroderus Dejean.","nAKPQvGWPz3w50pS9SF/Wg/TlEjgxRE8","nAKPQvGWPz3w50pS9SF/Wg/TlEjgxRE8","NEON.DOC.014050vJ"
"c92baa23-ecf3-4dc6-83b3-561def0f3fb6","GRSM_012.basePlot.bet","D07","GRSM","GRSM_012","E","2015-06-30","2015-07-14","2015-07-15","2015-10-19","2015-12-03","GRSM_012.E.20150714","JDiKFzN43ro5smeBwxNvVYIIdA1OBd0jboX05tewI8E=","carabid","PTEACU","Pterostichus acutipes","species",,"Barr",,2,"Ciegler, J. C. 2000. Ground beetles and wrinkled bark beetles of South Carolina (Coleoptera: Geadephaga: Carabidae and Rhysodidae). Biota of South Carolina. Vol. 1. Clemson, S. Clemson University.","nAKPQvGWPz3w50pS9SF/Wg/TlEjgxRE8","nAKPQvGWPz3w50pS9SF/Wg/TlEjgxRE8","NEON.DOC.014050vJ|NEON.DOC.014050vJ"
"262a89df-597e-4a08-9e47-116ff5c1ad5d","GRSM_012.basePlot.bet","D07","GRSM","GRSM_012","E","2015-06-30","2015-07-14","2015-07-15","2015-10-19","2015-12-01","GRSM_012.E.20150714","JDiKFzN43ro5smeBwxNvVQlywI9P2kxsLqpPEUhFX2k=","carabid","DICAMB","Dicaelus ambiguus","species",,"LaFerte-Senectere",,1,"Lindroth, C. H. 1969. The ground-beetles (Carabidae, excl. Cicindelinae) of Canada and Alaska, parts 1-6. Opuscula E. Entomoligiska Sallskapet.","nAKPQvGWPz3w50pS9SF/Wg/TlEjgxRE8","nAKPQvGWPz3w50pS9SF/Wg/TlEjgxRE8","NEON.DOC.014050vJ"
"72d950a2-7d2b-4d15-895c-4026acf5ab95","GRSM_012.basePlot.bet","D07","GRSM","GRSM_012","E","2015-06-30","2015-07-14","2015-07-15","2015-10-23","2015-12-03","GRSM_012.E.20150714","JDiKFzN43ro5smeBwxNvVabA6fZDAYkxcgoukmcwI54=","carabid","SPHBIC","Sphaeroderus bicarinatus","species",,"LeConte",,1,"Barr Jr., T. C. 1974a. Key to species and subspecies of Sphaeroderus Dejean.","nAKPQvGWPz3w50pS9SF/Wg/TlEjgxRE8","nAKPQvGWPz3w50pS9SF/Wg/TlEjgxRE8","NEON.DOC.014050vJ"
"a573f785-5e49-4379-83a4-77c677848a67","GRSM_012.basePlot.bet","D07","GRSM","GRSM_012","E","2015-06-30","2015-07-14","2015-07-15","2015-10-23","2015-12-03","GRSM_012.E.20150714","JDiKFzN43ro5smeBwxNvVW5WKKfTBrt3TPwEqctvfGw=","carabid","CARGOR","Carabus goryi","species",,"Dejean",,7,"Ciegler, J. C. 2000. Ground beetles and wrinkled bark beetles of South Carolina (Coleoptera: Geadephaga: Carabidae and Rhysodidae). Biota of South Carolina. Vol. 1. Clemson, S. Clemson University.","nAKPQvGWPz3w50pS9SF/Wg/TlEjgxRE8","nAKPQvGWPz3w50pS9SF/Wg/TlEjgxRE8","NEON.DOC.014050vJ"
"2f901992-003b-467e-8e30-3c4bb8803112","GRSM_012.basePlot.bet","D07","GRSM","GRSM_012","E","2015-06-30","2015-07-14","2015-07-15","2015-07-30",,"GRSM_012.E.20150714","JDiKFzN43ro5smeBwxNvVfhg53S4Q7vhnmiqukGPHx8=","invert bycatch",,,,,,,,,,"nAKPQvGWPz3w50pS9SF/Wg/TlEjgxRE8","Used NEON.DOC.014050vJ"
"e1c1f2fa-7b41-4ec4-aa01-63e43e3bbd50","GRSM_008.basePlot.bet","D07","GRSM","GRSM_008","E","2015-06-30","2015-07-14","2015-07-15","2015-07-27",,"GRSM_008.E.20150714","yuRwaxqH2GuBGXxtPVvmmLsLmAXl5BRX0K24svebaIo=","invert bycatch",,,,,,,,,,"nAKPQvGWPz3w50pS9SF/Wg/TlEjgxRE8","Used NEON.DOC.014050vJ"
"63f66d82-d50a-4492-9009-3e75ed7c4836","GRSM_008.basePlot.bet","D07","GRSM","GRSM_008","E","2015-06-30","2015-07-14","2015-07-15","2015-10-23","2015-12-03","GRSM_008.E.20150714","yuRwaxqH2GuBGXxtPVvmmIcU6BKGc+UeyTgKuPXlt+Q=","carabid","CARGOR","Carabus goryi","species",,"Dejean",,9,"Ciegler, J. C. 2000. Ground beetles and wrinkled bark beetles of South Carolina (Coleoptera: Geadephaga: Carabidae and Rhysodidae). Biota of South Carolina. Vol. 1. Clemson, S. Clemson University.","nAKPQvGWPz3w50pS9SF/Wg/TlEjgxRE8","nAKPQvGWPz3w50pS9SF/Wg/TlEjgxRE8","NEON.DOC.014050vJ"
"320011ef-5ed9-42ac-b7aa-698da25fcee9","GRSM_009.basePlot.bet","D07","GRSM","GRSM_009","E","2015-06-30","2015-07-14","2015-07-15","2015-10-23","2015-12-03","GRSM_009.E.20150714","tvtrj6Hle5HnQJo2NYugyvogacYZbs0fy4lZcltwh5w=","carabid","CARGOR","Carabus goryi","species",,"Dejean",,10,"Ciegler, J. C. 2000. Ground beetles and wrinkled bark beetles of South Carolina (Coleoptera: Geadephaga: Carabidae and Rhysodidae). Biota of South Carolina. Vol. 1. Clemson, S. Clemson University.","nAKPQvGWPz3w50pS9SF/Wg/TlEjgxRE8","nAKPQvGWPz3w50pS9SF/Wg/TlEjgxRE8","NEON.DOC.014050vJ"
"4030e76c-716c-4f72-b2b6-34d5b9ee97a6","GRSM_009.basePlot.bet","D07","GRSM","GRSM_009","E","2015-06-30","2015-07-14","2015-07-15","2015-10-23","2015-12-03","GRSM_009.E.20150714","tvtrj6Hle5HnQJo2NYugyl1Cx1gKNX+tp2XOtQYE+wc=","carabid","SPHBIC","Sphaeroderus bicarinatus","species",,"LeConte",,3,"Barr Jr., T. C. 1974a. Key to species and subspecies of Sphaeroderus Dejean.","nAKPQvGWPz3w50pS9SF/Wg/TlEjgxRE8","nAKPQvGWPz3w50pS9SF/Wg/TlEjgxRE8","NEON.DOC.014050vJ"
"0f11d420-d728-4f0e-9067-3304818d6f09","GRSM_009.basePlot.bet","D07","GRSM","GRSM_009","E","2015-06-30","2015-07-14","2015-07-15","2015-10-19","2015-12-01","GRSM_009.E.20150714","tvtrj6Hle5HnQJo2NYugyhmc720vKpBuhqfcx2giLY8=","carabid","DICAMB","Dicaelus ambiguus","species",,"LaFerte-Senectere",,1,"Lindroth, C. H. 1969. The ground-beetles (Carabidae, excl. Cicindelinae) of Canada and Alaska, parts 1-6. Opuscula E. Entomoligiska Sallskapet.","nAKPQvGWPz3w50pS9SF/Wg/TlEjgxRE8","nAKPQvGWPz3w50pS9SF/Wg/TlEjgxRE8","NEON.DOC.014050vJ"
"ba65a3d3-7aa5-4156-b784-87850afd076a","GRSM_009.basePlot.bet","D07","GRSM","GRSM_009","E","2015-06-30","2015-07-14","2015-07-15","2015-07-27",,"GRSM_009.E.20150714","tvtrj6Hle5HnQJo2NYugymuimBNCWI7Lm87p9pZ172Q=","invert bycatch",,,,,,,,,,"nAKPQvGWPz3w50pS9SF/Wg/TlEjgxRE8","Used NEON.DOC.014050vJ"
"0e8606da-4857-4f95-8fa3-b3525d27f177","GRSM_009.basePlot.bet","D07","GRSM","GRSM_009","E","2015-06-30","2015-07-14","2015-07-15","2015-07-27","2015-07-29","GRSM_009.E.20150714","tvtrj6Hle5HnQJo2NYugyk6m1heaIM0p6c6BdFg1fiM=","vert bycatch herp","PLECYL","Plethodon cylindraceus","species",,"Harlan",,2,"Tennessee Watchable Wildlife http://www.tnwatchablewildlife.org/Amphibians.cfm","nAKPQvGWPz3w50pS9SF/Wg/TlEjgxRE8","nAKPQvGWPz3w50pS9SF/Wg/TlEjgxRE8","Used NEON.DOC.014050vJ"
"b3a2af23-36bf-4c90-9e69-81fa301ecc66","GRSM_009.basePlot.bet","D07","GRSM","GRSM_009","E","2015-06-30","2015-07-14","2015-07-15","2015-10-19","2015-12-02","GRSM_009.E.20150714","tvtrj6Hle5HnQJo2NYugys6nuLw1rnkn6F3q/4kGrAw=","carabid","PTEMOE","Pterostichus moestus","species",,"Say",,1,"Ciegler, J. C. 2000. Ground beetles and wrinkled bark beetles of South Carolina (Coleoptera: Geadephaga: Carabidae and Rhysodidae). Biota of South Carolina. Vol. 1. Clemson, S. Clemson University.","nAKPQvGWPz3w50pS9SF/Wg/TlEjgxRE8","nAKPQvGWPz3w50pS9SF/Wg/TlEjgxRE8","NEON.DOC.014050vJ"
"263e3fdf-eb5f-4b95-83f0-b6e8b535ef91","GRSM_012.basePlot.bet","D07","GRSM","GRSM_012","E","2015-06-30","2015-07-14","2015-07-15","2015-07-30",,"GRSM_012.E.20150714","JDiKFzN43ro5smeBwxNvVfhg53S4Q7vh12BTVlQwVG8=","invert bycatch",,,,,,,,,,"nAKPQvGWPz3w50pS9SF/Wg/TlEjgxRE8","Used NEON.DOC.014050vJ"
"af5378fc-e93b-43bd-9665-6a7d463abdcc","GRSM_008.basePlot.bet","D07","GRSM","GRSM_008","N","2015-06-30","2015-07-14","2015-07-15","2015-10-23","2015-12-03","GRSM_008.N.20150714","yuRwaxqH2GsGncKT59DdoddTifgSVg/LdVPxTlgWqPE=","carabid","CARGOR","Carabus goryi","species",,"Dejean",,1,"Ciegler, J. C. 2000. Ground beetles and wrinkled bark beetles of South Carolina (Coleoptera: Geadephaga: Carabidae and Rhysodidae). Biota of South Carolina. Vol. 1. Clemson, S. Clemson University.","nAKPQvGWPz3w50pS9SF/Wg/TlEjgxRE8","nAKPQvGWPz3w50pS9SF/Wg/TlEjgxRE8","NEON.DOC.014050vJ"
"dbf98d52-18ac-4f6a-affc-6c81b93a7ae7","GRSM_012.basePlot.bet","D07","GRSM","GRSM_012","N","2015-06-30","2015-07-14","2015-07-15","2015-10-19","2015-12-02","GRSM_012.N.20150714","JDiKFzN43rodhWz6mB9jd6JIYJhWa6q3c7O4bRvCEOY=","carabid","HARSPA","Harpalus spadiceus","species",,"Dejean",,2,"Ciegler, J. C. 2000. Ground beetles and wrinkled bark beetles of South Carolina (Coleoptera: Geadephaga: Carabidae and Rhysodidae). Biota of South Carolina. Vol. 1. Clemson, S. Clemson University.","nAKPQvGWPz3w50pS9SF/Wg/TlEjgxRE8","nAKPQvGWPz3w50pS9SF/Wg/TlEjgxRE8","NEON.DOC.014050vJ"
"1bc40977-488a-4872-9678-91eddfc60d99","GRSM_012.basePlot.bet","D07","GRSM","GRSM_012","N","2015-06-30","2015-07-14","2015-07-15","2015-10-19","2015-12-03","GRSM_012.N.20150714","JDiKFzN43rodhWz6mB9jd/6Qlwdgg3115GVhFA8D1As=","carabid","PTEACU","Pterostichus acutipes","species",,"Barr",,2,"Ciegler, J. C. 2000. Ground beetles and wrinkled bark beetles of South Carolina (Coleoptera: Geadephaga: Carabidae and Rhysodidae). Biota of South Carolina. Vol. 1. Clemson, S. Clemson University.","nAKPQvGWPz3w50pS9SF/Wg/TlEjgxRE8","nAKPQvGWPz3w50pS9SF/Wg/TlEjgxRE8","NEON.DOC.014050vJ"
"8d6105a7-c866-47f6-8039-7ef1cbad9e0d","GRSM_008.basePlot.bet","D07","GRSM","GRSM_008","N","2015-06-30","2015-07-14","2015-07-15","2015-07-27",,"GRSM_008.N.20150714","yuRwaxqH2GsGncKT59DdoaNGLK5tk1adDr7bv2O6RXg=","invert bycatch",,,,,,,,,,"nAKPQvGWPz3w50pS9SF/Wg/TlEjgxRE8","Used NEON.DOC.014050vJ"
"526e6d64-275b-4662-a42a-2daeb6578b59","GRSM_014.basePlot.bet","D07","GRSM","GRSM_014","N","2015-07-13","2015-07-27","2015-07-28","2015-10-23","2015-12-03","GRSM_014.N.20150727","oYrZWOmGwlf6oYmqYM+wgwWX5M22beZKW2unmILcbUg=","carabid","CARGOR","Carabus goryi","species",,"Dejean",,2,"Ciegler, J. C. 2000. Ground beetles and wrinkled bark beetles of South Carolina (Coleoptera: Geadephaga: Carabidae and Rhysodidae). Biota of South Carolina. Vol. 1. Clemson, S. Clemson University.","nAKPQvGWPz3w50pS9SF/Wg/TlEjgxRE8","nAKPQvGWPz3w50pS9SF/Wg/TlEjgxRE8","NEON.DOC.014050vJ"
"21a162d2-d170-4e02-95f8-7230877f92c8","GRSM_014.basePlot.bet","D07","GRSM","GRSM_014","W","2015-07-13","2015-07-27","2015-07-28","2015-08-05",,"GRSM_014.W.20150727","oYrZWOmGwlfydFlBa45kMIStLwFbxhCxP436Brs4htg=","invert bycatch",,,,,,,,,,"nAKPQvGWPz3w50pS9SF/Wg/TlEjgxRE8","Used NEON.DOC.014050vJ"
"b2b3a89d-fcbc-4b4b-a93d-5188c9ce210e","GRSM_014.basePlot.bet","D07","GRSM","GRSM_014","W","2015-07-13","2015-07-27","2015-07-28","2015-10-23","2015-12-03","GRSM_014.W.20150727","oYrZWOmGwlfydFlBa45kMEsZUA4wZgKeXU4J7p+24n4=","carabid","CARGOR","Carabus goryi","species",,"Dejean",,1,"Ciegler, J. C. 2000. Ground beetles and wrinkled bark beetles of South Carolina (Coleoptera: Geadephaga: Carabidae and Rhysodidae). Biota of South Carolina. Vol. 1. Clemson, S. Clemson University.","nAKPQvGWPz3w50pS9SF/Wg/TlEjgxRE8","nAKPQvGWPz3w50pS9SF/Wg/TlEjgxRE8","NEON.DOC.014050vJ"
"32ec7082-fe1b-4df7-a527-f1c83e0bcbda","GRSM_006.basePlot.bet","D07","GRSM","GRSM_006","W","2015-07-13","2015-07-27","2015-07-28","2015-10-23","2015-12-03","GRSM_006.W.20150727","lkd2xjHtfy4YKQaZjscCP49fb3PIQA+MMRStErGDPgw=","carabid","CYCSIG","Cyclotrachelus sigillatus","species",,"Say",,1,"Freitag, R. 1969. A revision of the species of the genus Evarthrus LeConte. Quaestiones Entomologicae 5:89-212.","nAKPQvGWPz3w50pS9SF/Wg/TlEjgxRE8","nAKPQvGWPz3w50pS9SF/Wg/TlEjgxRE8","NEON.DOC.014050vJ"
"84492cf8-80c8-439d-b7f4-2e88dfccf657","GRSM_006.basePlot.bet","D07","GRSM","GRSM_006","W","2015-07-13","2015-07-27","2015-07-28","2015-08-05",,"GRSM_006.W.20150727","lkd2xjHtfy4YKQaZjscCP1K4RI61piIOsNb5q+lcvgw=","invert bycatch",,,,,,,,,,"nAKPQvGWPz3w50pS9SF/Wg/TlEjgxRE8","Used NEON.DOC.014050vJ"
"b159d690-a928-4651-b71c-8e60baa81236","GRSM_006.basePlot.bet","D07","GRSM","GRSM_006","W","2015-07-13","2015-07-27","2015-07-28","2015-10-23","2015-12-03","GRSM_006.W.20150727","lkd2xjHtfy4YKQaZjscCP2BfeikkuwHATOgn4wZIHJ0=","carabid","SPHBIC","Sphaeroderus bicarinatus","species",,"LeConte",,1,"Barr Jr., T. C. 1974a. Key to species and subspecies of Sphaeroderus Dejean.","nAKPQvGWPz3w50pS9SF/Wg/TlEjgxRE8","nAKPQvGWPz3w50pS9SF/Wg/TlEjgxRE8","NEON.DOC.014050vJ"
"35758e8a-36d0-453b-b6fb-808faa0f5aa1","GRSM_006.basePlot.bet","D07","GRSM","GRSM_006","W","2015-07-13","2015-07-27","2015-07-28","2015-10-19","2015-12-02","GRSM_006.W.20150727","lkd2xjHtfy4YKQaZjscCPw3F3ewGPkukoCIAjaMOBpY=","carabid","PTEMOE","Pterostichus moestus","species",,"Say",,1,"Ciegler, J. C. 2000. Ground beetles and wrinkled bark beetles of South Carolina (Coleoptera: Geadephaga: Carabidae and Rhysodidae). Biota of South Carolina. Vol. 1. Clemson, S. Clemson University.","nAKPQvGWPz3w50pS9SF/Wg/TlEjgxRE8","nAKPQvGWPz3w50pS9SF/Wg/TlEjgxRE8","NEON.DOC.014050vJ"
"311efc1c-3cc8-4828-815d-4263ce451289","GRSM_014.basePlot.bet","D07","GRSM","GRSM_014","S","2015-07-13","2015-07-27","2015-07-28","2015-10-23","2015-12-03","GRSM_014.S.20150727","oYrZWOmGwlecKaQqGXU7tX3VR9n0U+B5r/s0j22EJQo=","carabid","CARGOR","Carabus goryi","species",,"Dejean",,3,"Ciegler, J. C. 2000. Ground beetles and wrinkled bark beetles of South Carolina (Coleoptera: Geadephaga: Carabidae and Rhysodidae). Biota of South Carolina. Vol. 1. Clemson, S. Clemson University.","nAKPQvGWPz3w50pS9SF/Wg/TlEjgxRE8","nAKPQvGWPz3w50pS9SF/Wg/TlEjgxRE8","NEON.DOC.014050vJ"
"a7dcda7e-7d3d-4501-9c70-7676140d77e1","GRSM_014.basePlot.bet","D07","GRSM","GRSM_014","S","2015-07-13","2015-07-27","2015-07-28","2015-08-05",,"GRSM_014.S.20150727","oYrZWOmGwlecKaQqGXU7tf9ZUELHphtdQm96P5MK8b4=","invert bycatch",,,,,,,,,,"nAKPQvGWPz3w50pS9SF/Wg/TlEjgxRE8","Used NEON.DOC.014050vJ"
"a9af9d94-514b-4e73-a8bc-d91344f4f86b","GRSM_014.basePlot.bet","D07","GRSM","GRSM_014","S","2015-07-13","2015-07-27","2015-07-28","2015-10-23","2015-12-03","GRSM_014.S.20150727","oYrZWOmGwlecKaQqGXU7tSJbezsOkAQwoiHeoewLSMU=","carabid","SPHSTE1","Sphaeroderus stenostomus lecontei","subspecies",,"Dejean",,2,"Barr Jr., T. C. 1974a. Key to species and subspecies of Sphaeroderus Dejean.","nAKPQvGWPz3w50pS9SF/Wg/TlEjgxRE8","nAKPQvGWPz3w50pS9SF/Wg/TlEjgxRE8","NEON.DOC.014050vJ"
"642622f6-5335-4ddc-aad9-726df082b786","GRSM_006.basePlot.bet","D07","GRSM","GRSM_006","S","2015-07-13","2015-07-27","2015-07-28","2015-10-19","2015-12-02","GRSM_006.S.20150727","lkd2xjHtfy7S+uTtJy9ED+H9mvIbAbbG+F83aEX5zTM=","carabid","CYCFRE","Cyclotrachelus freitagi","species",,"Bousquet",,1,"Freitag, R. 1969. A revision of the species of the genus Evarthrus LeConte. Quaestiones Entomologicae 5:89-212.","nAKPQvGWPz3w50pS9SF/Wg/TlEjgxRE8","nAKPQvGWPz3w50pS9SF/Wg/TlEjgxRE8","NEON.DOC.014050vJ"
"52023f28-4fed-4cf8-b714-ce3bb7996a42","GRSM_006.basePlot.bet","D07","GRSM","GRSM_006","S","2015-07-13","2015-07-27","2015-07-28","2015-10-19","2015-12-01","GRSM_006.S.20150727","lkd2xjHtfy7S+uTtJy9ED0RZ33pCbc2iTz5KgfjYgj8=","carabid","DICAMB","Dicaelus ambiguus","species",,"LaFerte-Senectere",,1,"Lindroth, C. H. 1969. The ground-beetles (Carabidae, excl. Cicindelinae) of Canada and Alaska, parts 1-6. Opuscula E. Entomoligiska Sallskapet.","nAKPQvGWPz3w50pS9SF/Wg/TlEjgxRE8","nAKPQvGWPz3w50pS9SF/Wg/TlEjgxRE8","used NEON.DOC.014050vJ"
"3bb42d19-f192-4bdb-bebd-350c98434c6f","GRSM_014.basePlot.bet","D07","GRSM","GRSM_014","S","2015-07-13","2015-07-27","2015-07-28","2015-10-19","2015-12-03","GRSM_014.S.20150727","oYrZWOmGwlecKaQqGXU7ta3+fIvmQ6lrl4zRXkRalD0=","carabid","PTEACU","Pterostichus acutipes","species",,"Barr",,2,"Ciegler, J. C. 2000. Ground beetles and wrinkled bark beetles of South Carolina (Coleoptera: Geadephaga: Carabidae and Rhysodidae). Biota of South Carolina. Vol. 1. Clemson, S. Clemson University.","nAKPQvGWPz3w50pS9SF/Wg/TlEjgxRE8","nAKPQvGWPz3w50pS9SF/Wg/TlEjgxRE8","NEON.DOC.014050vJ"
"ebc12a93-316c-4e2e-985b-1e9bb3099f70","GRSM_013.basePlot.bet","D07","GRSM","GRSM_013","E","2015-07-13","2015-07-27","2015-07-28","2015-10-19","2015-12-02","GRSM_013.E.20150727","OHmA+Hh/KK5wc8KGH7jD3dOC5WzqKb+VdIa72QTi7UI=","carabid","PTETRI3","Pterostichus tristis","species","cf. species","Dejean",,1,"Ciegler, J. C. 2000. Ground beetles and wrinkled bark beetles of South Carolina (Coleoptera: Geadephaga: Carabidae and Rhysodidae). Biota of South Carolina. Vol. 1. Clemson, S. Clemson University.","nAKPQvGWPz3w50pS9SF/Wg/TlEjgxRE8","nAKPQvGWPz3w50pS9SF/Wg/TlEjgxRE8","NEON.DOC.014050vJ"
"33e96988-b51e-4c35-8295-bc620e875030","GRSM_013.basePlot.bet","D07","GRSM","GRSM_013","E","2015-07-13","2015-07-27","2015-07-28","2015-10-23","2015-12-03","GRSM_013.E.20150727","OHmA+Hh/KK5wc8KGH7jD3ftYpnlKeAKs442VuVSWmdQ=","carabid","SPHBIC","Sphaeroderus bicarinatus","species",,"LeConte",,1,"Barr Jr., T. C. 1974a. Key to species and subspecies of Sphaeroderus Dejean.","nAKPQvGWPz3w50pS9SF/Wg/TlEjgxRE8","nAKPQvGWPz3w50pS9SF/Wg/TlEjgxRE8","NEON.DOC.014050vJ"
"31afbf6d-0c12-4b56-a8d9-83fd700ae19a","GRSM_014.basePlot.bet","D07","GRSM","GRSM_014","E","2015-07-13","2015-07-27","2015-07-28","2015-10-19","2015-12-01","GRSM_014.E.20150727","oYrZWOmGwleiXjRuq/6PN9CEBUiAdYYpVHIqJswMtLQ=","carabid","DICTET","Dicaelus teter","species",,"Bonelli",,1,"Lindroth, C. H. 1969. The ground-beetles (Carabidae, excl. Cicindelinae) of Canada and Alaska, parts 1-6. Opuscula E. Entomoligiska Sallskapet.","nAKPQvGWPz3w50pS9SF/Wg/TlEjgxRE8","nAKPQvGWPz3w50pS9SF/Wg/TlEjgxRE8","NEON.DOC.014050vJ"
"26ab4cab-4ab2-4fb7-8974-8e3dd81d66ce","GRSM_014.basePlot.bet","D07","GRSM","GRSM_014","E","2015-07-13","2015-07-27","2015-07-28","2015-07-30",,"GRSM_014.E.20150727","oYrZWOmGwleiXjRuq/6PN4wlLtw5x1hbu++Vhn5Aztw=","invert bycatch",,,,,,,,,,"nAKPQvGWPz3w50pS9SF/Wg/TlEjgxRE8","Used NEON.DOC.014050vJ"
"1566eb74-9a55-4b64-a278-d04326a455dc","GRSM_014.basePlot.bet","D07","GRSM","GRSM_014","E","2015-07-13","2015-07-27","2015-07-28","2015-10-23","2015-12-03","GRSM_014.E.20150727","oYrZWOmGwleiXjRuq/6PNwtWRnSOgC9xXgWuOeW7Dtw=","carabid","CYCSIG","Cyclotrachelus sigillatus","species",,"Say",,1,"Freitag, R. 1969. A revision of the species of the genus Evarthrus LeConte. Quaestiones Entomologicae 5:89-212.","nAKPQvGWPz3w50pS9SF/Wg/TlEjgxRE8","nAKPQvGWPz3w50pS9SF/Wg/TlEjgxRE8","NEON.DOC.014050vJ"
"44c99c95-4205-4791-91a9-4b68538179b2","GRSM_013.basePlot.bet","D07","GRSM","GRSM_013","E","2015-07-13","2015-07-27","2015-07-28","2015-07-30",,"GRSM_013.E.20150727","OHmA+Hh/KK5wc8KGH7jD3UDOXPkKVgDioiMzb9DDDs0=","invert bycatch",,,,,,,,,,"nAKPQvGWPz3w50pS9SF/Wg/TlEjgxRE8","Used NEON.DOC.014050vJ"
"1138aebd-db03-4b72-85a2-16659cccfeb4","GRSM_013.basePlot.bet","D07","GRSM","GRSM_013","E","2015-07-13","2015-07-27","2015-07-28","2015-10-19","2015-12-02","GRSM_013.E.20150727","OHmA+Hh/KK5wc8KGH7jD3cRKF0Ju+2SmsRbrxPaOw4g=","carabid","PTEMOE","Pterostichus moestus","species",,"Say",,1,"Ciegler, J. C. 2000. Ground beetles and wrinkled bark beetles of South Carolina (Coleoptera: Geadephaga: Carabidae and Rhysodidae). Biota of South Carolina. Vol. 1. Clemson, S. Clemson University.","nAKPQvGWPz3w50pS9SF/Wg/TlEjgxRE8","nAKPQvGWPz3w50pS9SF/Wg/TlEjgxRE8","NEON.DOC.014050vJ"
"251d371d-c4ad-4182-a65c-d8b54e846d0c","GRSM_013.basePlot.bet","D07","GRSM","GRSM_013","E","2015-07-13","2015-07-27","2015-07-28","2015-10-19","2015-12-03","GRSM_013.E.20150727","OHmA+Hh/KK5wc8KGH7jD3dh0QnTW8PMBKg/cq5PrqJA=","carabid","PTEACU","Pterostichus acutipes","species",,"Barr",,1,"Ciegler, J. C. 2000. Ground beetles and wrinkled bark beetles of South Carolina (Coleoptera: Geadephaga: Carabidae and Rhysodidae). Biota of South Carolina. Vol. 1. Clemson, S. Clemson University.","nAKPQvGWPz3w50pS9SF/Wg/TlEjgxRE8","nAKPQvGWPz3w50pS9SF/Wg/TlEjgxRE8","NEON.DOC.014050vJ"
"8868b14c-61ad-4907-ae9e-05c8116730d2","GRSM_006.basePlot.bet","D07","GRSM","GRSM_006","E","2015-07-13","2015-07-27","2015-07-28","2015-08-05",,"GRSM_006.E.20150727","lkd2xjHtfy4TEGG0hcsj4I2qM4V1DImeyyDKl7xTwT4=","invert bycatch",,,,,,,,,,"nAKPQvGWPz3w50pS9SF/Wg/TlEjgxRE8","Used NEON.DOC.014050vJ"
"744ee61c-60eb-47d6-a883-fc3532347b29","GRSM_014.basePlot.bet","D07","GRSM","GRSM_014","W","2015-07-13","2015-07-27","2015-07-28","2015-10-19","2015-12-01","GRSM_014.W.20150727","oYrZWOmGwlfydFlBa45kMFQlZT4528NRplXyPXJ4k4A=","carabid","DICTET","Dicaelus teter","species",,"Bonelli",,1,"Lindroth, C. H. 1969. The ground-beetles (Carabidae, excl. Cicindelinae) of Canada and Alaska, parts 1-6. Opuscula E. Entomoligiska Sallskapet.","nAKPQvGWPz3w50pS9SF/Wg/TlEjgxRE8","nAKPQvGWPz3w50pS9SF/Wg/TlEjgxRE8","NEON.DOC.014050vJ"
"efd24417-281b-4853-995d-6612ff5dfcf4","GRSM_014.basePlot.bet","D07","GRSM","GRSM_014","N","2015-07-13","2015-07-27","2015-07-28","2015-10-23","2015-12-03","GRSM_014.N.20150727","oYrZWOmGwlf6oYmqYM+wgwgH0Dc+/BH4Sr1BfclmRO8=","carabid","CYCSIG","Cyclotrachelus sigillatus","species",,"Say",,4,"Freitag, R. 1969. A revision of the species of the genus Evarthrus LeConte. Quaestiones Entomologicae 5:89-212.","nAKPQvGWPz3w50pS9SF/Wg/TlEjgxRE8","nAKPQvGWPz3w50pS9SF/Wg/TlEjgxRE8","NEON.DOC.014050vJ"
"a9fc2f18-115d-4daa-9e7c-fb00107dc50f","GRSM_014.basePlot.bet","D07","GRSM","GRSM_014","N","2015-07-13","2015-07-27","2015-07-28","2015-10-19","2015-12-02","GRSM_014.N.20150727","oYrZWOmGwlf6oYmqYM+wg8A6WKsUU3aoXiIPi6EM/U8=","carabid","CYCFRE","Cyclotrachelus freitagi","species",,"Bousquet",,1,"Freitag, R. 1969. A revision of the species of the genus Evarthrus LeConte. Quaestiones Entomologicae 5:89-212.","nAKPQvGWPz3w50pS9SF/Wg/TlEjgxRE8","nAKPQvGWPz3w50pS9SF/Wg/TlEjgxRE8","NEON.DOC.014050vJ"
"57ad9a8c-1015-425b-8e16-cbc9edc27d24","GRSM_014.basePlot.bet","D07","GRSM","GRSM_014","N","2015-07-13","2015-07-27","2015-07-28","2015-07-30",,"GRSM_014.N.20150727","oYrZWOmGwlf6oYmqYM+wg8OwJlgC2wUWiANNVk1g1WY=","invert bycatch",,,,,,,,,,"nAKPQvGWPz3w50pS9SF/Wg/TlEjgxRE8","Used NEON.DOC.014050vJ"
"ba14515a-a699-4421-a7ea-c98f3292bb68","GRSM_014.basePlot.bet","D07","GRSM","GRSM_014","N","2015-07-13","2015-07-27","2015-07-28","2015-10-23","2015-12-03","GRSM_014.N.20150727","oYrZWOmGwlf6oYmqYM+wgx2RfhcZLor6tDOBt7h1TuU=","carabid","SPHBIC","Sphaeroderus bicarinatus","species",,"LeConte",,1,"Barr Jr., T. C. 1974a. Key to species and subspecies of Sphaeroderus Dejean.","nAKPQvGWPz3w50pS9SF/Wg/TlEjgxRE8","nAKPQvGWPz3w50pS9SF/Wg/TlEjgxRE8","NEON.DOC.014050vJ"
"c8fa9aa8-ab3f-4e48-a48f-6011054ce979","GRSM_006.basePlot.bet","D07","GRSM","GRSM_006","N","2015-07-13","2015-07-27","2015-07-28","2015-10-19","2015-12-02","GRSM_006.N.20150727","lkd2xjHtfy4qoGbbCXCUyp6M8PecGlgXm5lFdXTyTho=","carabid","PTEMOE","Pterostichus moestus","species",,"Say",,1,"Ciegler, J. C. 2000. Ground beetles and wrinkled bark beetles of South Carolina (Coleoptera: Geadephaga: Carabidae and Rhysodidae). Biota of South Carolina. Vol. 1. Clemson, S. Clemson University.","nAKPQvGWPz3w50pS9SF/Wg/TlEjgxRE8","nAKPQvGWPz3w50pS9SF/Wg/TlEjgxRE8","NEON.DOC.014050vJ"
"fa521432-c2d5-429a-9b5e-191c93a6dcdc","GRSM_006.basePlot.bet","D07","GRSM","GRSM_006","N","2015-07-13","2015-07-27","2015-07-28","2015-10-19","2015-12-02","GRSM_006.N.20150727","lkd2xjHtfy4qoGbbCXCUyqnycuBQm5jYScFmgId1GAQ=","carabid","CYCFRE","Cyclotrachelus freitagi","species",,"Bousquet",,1,"Freitag, R. 1969. A revision of the species of the genus Evarthrus LeConte. Quaestiones Entomologicae 5:89-212.","nAKPQvGWPz3w50pS9SF/Wg/TlEjgxRE8","nAKPQvGWPz3w50pS9SF/Wg/TlEjgxRE8","NEON.DOC.014050vJ"
"a95f80a3-fb27-4f0a-a43e-1000711e0e04","GRSM_006.basePlot.bet","D07","GRSM","GRSM_006","N","2015-07-13","2015-07-27","2015-07-28","2015-08-05",,"GRSM_006.N.20150727","lkd2xjHtfy4qoGbbCXCUyps08NFOw9z7oOI9kwr4+PI=","invert bycatch",,,,,,,,,,"nAKPQvGWPz3w50pS9SF/Wg/TlEjgxRE8","Used NEON.DOC.014050vJ"
"104f3325-9499-4a17-a9e2-8ddbde17e3c4","GRSM_006.basePlot.bet","D07","GRSM","GRSM_006","S","2015-07-13","2015-07-27","2015-07-28","2015-10-19","2015-12-01","GRSM_006.S.20150727","lkd2xjHtfy7S+uTtJy9ED2P5S78691etJpKkhi7NEkE=","carabid","DICDIL5","Dicaelus dilatatus","species",,"Say",,2,"Other","nAKPQvGWPz3w50pS9SF/Wg/TlEjgxRE8","nAKPQvGWPz3w50pS9SF/Wg/TlEjgxRE8","NEON.DOC.014050vJ"
"948d2648-413a-4c62-bb33-f1b0ebf44f58","GRSM_006.basePlot.bet","D07","GRSM","GRSM_006","S","2015-07-13","2015-07-27","2015-07-28","2015-10-19","2015-12-02","GRSM_006.S.20150727","lkd2xjHtfy7S+uTtJy9EDyOn4uBEefSJYoVE7CiaM/Y=","carabid","PTEMOE","Pterostichus moestus","species",,"Say",,1,"Ciegler, J. C. 2000. Ground beetles and wrinkled bark beetles of South Carolina (Coleoptera: Geadephaga: Carabidae and Rhysodidae). Biota of South Carolina. Vol. 1. Clemson, S. Clemson University.","nAKPQvGWPz3w50pS9SF/Wg/TlEjgxRE8","nAKPQvGWPz3w50pS9SF/Wg/TlEjgxRE8","NEON.DOC.014050vJ"
"b08cd690-803b-461c-8df6-001fd401ee60","GRSM_006.basePlot.bet","D07","GRSM","GRSM_006","S","2015-07-13","2015-07-27","2015-07-28","2015-08-05",,"GRSM_006.S.20150727","lkd2xjHtfy7S+uTtJy9EDx7UlT3wTWthYLkbXZe+J5U=","invert bycatch",,,,,,,,,,"nAKPQvGWPz3w50pS9SF/Wg/TlEjgxRE8","Used NEON.DOC.014050vJ"
"6f20679f-59dd-4ec8-9f19-24aca3216eac","GRSM_018.basePlot.bet","D07","GRSM","GRSM_018","W","2015-07-14","2015-07-28","2015-07-28","2015-08-05",,"GRSM_018.W.20150728","kA22WEkDNLlsuCblQufEXVIrVIee9LnSBpR0ZWfUvjg=","invert bycatch",,,,,,,,,,"nAKPQvGWPz3w50pS9SF/Wg/TlEjgxRE8","Used NEON.DOC.014050vJ"
"07ce4e15-3155-4bfd-b805-a62c58c7f246","GRSM_018.basePlot.bet","D07","GRSM","GRSM_018","W","2015-07-14","2015-07-28","2015-07-28","2015-10-23","2015-12-03","GRSM_018.W.20150728","kA22WEkDNLlsuCblQufEXbLSkWBVQ5xfFRzzIh7tAmI=","carabid","CARGOR","Carabus goryi","species",,"Dejean",,1,"Ciegler, J. C. 2000. Ground beetles and wrinkled bark beetles of South Carolina (Coleoptera: Geadephaga: Carabidae and Rhysodidae). Biota of South Carolina. Vol. 1. Clemson, S. Clemson University.","nAKPQvGWPz3w50pS9SF/Wg/TlEjgxRE8","nAKPQvGWPz3w50pS9SF/Wg/TlEjgxRE8","NEON.DOC.014050vJ"
"58084b7e-4510-4285-b738-3227ed603e4e","GRSM_018.basePlot.bet","D07","GRSM","GRSM_018","W","2015-07-14","2015-07-28","2015-07-29","2015-10-23","2015-12-03","GRSM_018.W.20150728","kA22WEkDNLlsuCblQufEXVfK9oo0Ita8RLmt1JuP0LI=","carabid","SPHSTE1","Sphaeroderus stenostomus lecontei","subspecies",,"Dejean",,1,"Barr Jr., T. C. 1974a. Key to species and subspecies of Sphaeroderus Dejean.","nAKPQvGWPz3w50pS9SF/Wg/TlEjgxRE8","nAKPQvGWPz3w50pS9SF/Wg/TlEjgxRE8","NEON.DOC.014050vJ"
"67802db5-86c8-4134-9f25-f1e0b6981872","GRSM_018.basePlot.bet","D07","GRSM","GRSM_018","W","2015-07-14","2015-07-28","2015-07-28","2015-10-23","2015-12-03","GRSM_018.W.20150728","kA22WEkDNLlsuCblQufEXQoPwKUK+fMBr8xmQIALbNQ=","carabid","CYCSIG","Cyclotrachelus sigillatus","species",,"Say",,3,"Freitag, R. 1969. A revision of the species of the genus Evarthrus LeConte. Quaestiones Entomologicae 5:89-212.","nAKPQvGWPz3w50pS9SF/Wg/TlEjgxRE8","nAKPQvGWPz3w50pS9SF/Wg/TlEjgxRE8","NEON.DOC.014050vJ"
"0b8af111-27f7-4841-a7fc-b8c363109f26","GRSM_018.basePlot.bet","D07","GRSM","GRSM_018","N","2015-07-14","2015-07-28","2015-07-28","2015-10-19","2015-12-02","GRSM_018.N.20150728","kA22WEkDNLmqGhe3fJ2RSwC/CZzW1ZRbMBT0fSRZS08=","carabid","PTETRI3","Pterostichus tristis","species","cf. species","Dejean",,1,"Ciegler, J. C. 2000. Ground beetles and wrinkled bark beetles of South Carolina (Coleoptera: Geadephaga: Carabidae and Rhysodidae). Biota of South Carolina. Vol. 1. Clemson, S. Clemson University.","nAKPQvGWPz3w50pS9SF/Wg/TlEjgxRE8","nAKPQvGWPz3w50pS9SF/Wg/TlEjgxRE8","NEON.DOC.014050vJ"
"4001d76a-193f-406d-a47f-e32f699fcf85","GRSM_018.basePlot.bet","D07","GRSM","GRSM_018","N","2015-07-14","2015-07-28","2015-07-28","2015-10-23","2015-12-03","GRSM_018.N.20150728","kA22WEkDNLmqGhe3fJ2RSwuY97azjco2XyG5I3xKUF0=","carabid","CARGOR","Carabus goryi","species",,"Dejean",,7,"Ciegler, J. C. 2000. Ground beetles and wrinkled bark beetles of South Carolina (Coleoptera: Geadephaga: Carabidae and Rhysodidae). Biota of South Carolina. Vol. 1. Clemson, S. Clemson University.","nAKPQvGWPz3w50pS9SF/Wg/TlEjgxRE8","nAKPQvGWPz3w50pS9SF/Wg/TlEjgxRE8","NEON.DOC.014050vJ"
"c08698fd-b6c7-41cd-873f-202b1ddd0778","GRSM_018.basePlot.bet","D07","GRSM","GRSM_018","E","2015-07-14","2015-07-28","2015-07-28","2015-08-05",,"GRSM_018.E.20150728","kA22WEkDNLkxiCREAxlPX7Wnudm4BYF4i8PamX7M2yg=","invert bycatch",,,,,,,,,,"nAKPQvGWPz3w50pS9SF/Wg/TlEjgxRE8","Used NEON.DOC.014050vJ"
"f057ef66-2b99-493d-86fc-cd3cec638e44","GRSM_018.basePlot.bet","D07","GRSM","GRSM_018","N","2015-07-14","2015-07-28","2015-07-28","2015-10-19","2015-12-02","GRSM_018.N.20150728","kA22WEkDNLmqGhe3fJ2RS7K8JFdV3BDWKA7eP7ySEd0=","carabid","PTEMOE","Pterostichus moestus","species",,"Say",,1,"Ciegler, J. C. 2000. Ground beetles and wrinkled bark beetles of South Carolina (Coleoptera: Geadephaga: Carabidae and Rhysodidae). Biota of South Carolina. Vol. 1. Clemson, S. Clemson University.","nAKPQvGWPz3w50pS9SF/Wg/TlEjgxRE8","nAKPQvGWPz3w50pS9SF/Wg/TlEjgxRE8","NEON.DOC.014050vJ"
"43d62771-76b6-49ee-bdef-905a5146c65a","GRSM_018.basePlot.bet","D07","GRSM","GRSM_018","E","2015-07-14","2015-07-28","2015-07-28","2015-10-19","2015-12-01","GRSM_018.E.20150728","kA22WEkDNLkxiCREAxlPXxRmDxjAYvdHOTViSJnjbAE=","carabid","DICTET","Dicaelus teter","species",,"Bonelli",,1,"Lindroth, C. H. 1969. The ground-beetles (Carabidae, excl. Cicindelinae) of Canada and Alaska, parts 1-6. Opuscula E. Entomoligiska Sallskapet.","nAKPQvGWPz3w50pS9SF/Wg/TlEjgxRE8","nAKPQvGWPz3w50pS9SF/Wg/TlEjgxRE8","NEON.DOC.014050vJ"
"2dd8be9a-30a0-4648-8555-2654f734b4e3","GRSM_018.basePlot.bet","D07","GRSM","GRSM_018","E","2015-07-14","2015-07-28","2015-07-28","2015-10-19","2015-12-03","GRSM_018.E.20150728","kA22WEkDNLkxiCREAxlPX2uAlt9fwBjqA+iJjmoo7gQ=","carabid","PTEACU","Pterostichus acutipes","species",,"Barr",,1,"Ciegler, J. C. 2000. Ground beetles and wrinkled bark beetles of South Carolina (Coleoptera: Geadephaga: Carabidae and Rhysodidae). Biota of South Carolina. Vol. 1. Clemson, S. Clemson University.","nAKPQvGWPz3w50pS9SF/Wg/TlEjgxRE8","nAKPQvGWPz3w50pS9SF/Wg/TlEjgxRE8","NEON.DOC.014050vJ"
"0cea086a-dcbc-4380-8bb1-6a053911c02e","GRSM_018.basePlot.bet","D07","GRSM","GRSM_018","E","2015-07-14","2015-07-28","2015-07-29","2015-10-23","2015-12-03","GRSM_018.E.20150728","kA22WEkDNLkxiCREAxlPX82Cqtyxg/I5BEmvbnnzARM=","carabid","SPHSTE1","Sphaeroderus stenostomus lecontei","subspecies",,"Dejean",,2,"Barr Jr., T. C. 1974a. Key to species and subspecies of Sphaeroderus Dejean.","nAKPQvGWPz3w50pS9SF/Wg/TlEjgxRE8","nAKPQvGWPz3w50pS9SF/Wg/TlEjgxRE8","NEON.DOC.014050vJ"
"6de12971-4942-416f-8d81-44a0e8144e23","GRSM_018.basePlot.bet","D07","GRSM","GRSM_018","E","2015-07-14","2015-07-28","2015-07-28","2015-10-23","2015-12-03","GRSM_018.E.20150728","kA22WEkDNLkxiCREAxlPX+yyIjkZhAQOlUD70JmmRm4=","carabid","CARGOR","Carabus goryi","species",,"Dejean",,6,"Ciegler, J. C. 2000. Ground beetles and wrinkled bark beetles of South Carolina (Coleoptera: Geadephaga: Carabidae and Rhysodidae). Biota of South Carolina. Vol. 1. Clemson, S. Clemson University.","nAKPQvGWPz3w50pS9SF/Wg/TlEjgxRE8","nAKPQvGWPz3w50pS9SF/Wg/TlEjgxRE8","NEON.DOC.014050vJ"
"1fdc74c1-71b9-4b92-b072-f5472ae6bd50","GRSM_018.basePlot.bet","D07","GRSM","GRSM_018","N","2015-07-14","2015-07-28","2015-07-28","2015-08-05",,"GRSM_018.N.20150728","kA22WEkDNLmqGhe3fJ2RS8fKYJCfFH+y5rMpnjSKndg=","invert bycatch",,,,,,,,,,"nAKPQvGWPz3w50pS9SF/Wg/TlEjgxRE8","Used NEON.DOC.014050vJ"
