uid,namedLocation,domainID,siteID,plotID,trapID,setDate,collectDate,processingDate,identifiedDate,subsampleID,individualID,taxonID,scientificName,taxonRank,identificationQualifier,scientificNameAuthorship,morphospeciesID,identificationReferences,totalLength,identifiedBy,recordedBy,remarks
"520e87d6-ccf1-41f9-aa83-606d825a6783","HEAL_025.basePlot.bet","D19","HEAL","HEAL_025","N","2015-07-30","2015-08-12","2016-07-30","2016-07-24","6AON5yGDw0VH+83V/ohFAv/cNgUufbvxAa+z7r7V9hM=","NEON.BET.D19.000001","PTESP22","Pterostichus (Criobius) sp.","subgenus",,"Chaudoir",,"Other",,"9hOSS3gpVvHUvdbHcI4XlVp94UoAF+Qh","9hOSS3gpVvHUvdbHcI4XlVp94UoAF+Qh",
"4d929e6d-cbab-458e-9c3a-0e4476a24a18","HEAL_025.basePlot.bet","D19","HEAL","HEAL_025","S","2015-07-30","2015-08-12","2016-07-30","2016-07-24","6AON5yGDw0ULja60d7/u0FG8sYEAdWbX4ASnXwe3kmI=","NEON.BET.D19.000002","CARTRU","Carabus truncaticollis truncaticollis","subspecies",,"Eschscholtz",,"Other",,"9hOSS3gpVvHUvdbHcI4XlVp94UoAF+Qh","9hOSS3gpVvHUvdbHcI4XlVp94UoAF+Qh",
"4e7cffb0-0b59-4f4e-94cf-25b2cc9ebc34","HEAL_015.basePlot.bet","D19","HEAL","HEAL_015","N","2015-07-31","2015-08-13","2016-07-30","2016-07-24","9tqlBo9Lir/Juan/V8KOmYz4d9K6c5OhE3qke0/sOK4=","NEON.BET.D19.000003","PTESP22","Pterostichus (Criobius) sp.","subgenus",,"Chaudoir",,"Other",,"9hOSS3gpVvHUvdbHcI4XlVp94UoAF+Qh","9hOSS3gpVvHUvdbHcI4XlVp94UoAF+Qh",
"0c8907c1-f97f-4c9f-ad1e-e73c264db6f5","HEAL_011.basePlot.bet","D19","HEAL","HEAL_011","N","2015-08-12","2015-08-26","2016-07-30","2016-07-24","TD7prynvIXZecatlzZ2iD84ce59z0tQysshTRCeyjNY=","NEON.BET.D19.000007","CYMVAP","Cymindis vaporariorum","species",,"Linnaeus",,"Other",,"9hOSS3gpVvHUvdbHcI4XlVp94UoAF+Qh","9hOSS3gpVvHUvdbHcI4XlVp94UoAF+Qh",
"079f44c4-a20b-483f-9a30-3d90405703d4","HEAL_014.basePlot.bet","D19","HEAL","HEAL_014","N","2015-08-12","2015-08-26","2016-07-30","2016-07-24","Xri+5raSJVspwGnade4Aw4OG7qBXMCsk+LSw+Pp14uo=","NEON.BET.D19.000008","PTESP22","Pterostichus (Criobius) sp.","subgenus",,"Chaudoir",,"Other",,"9hOSS3gpVvHUvdbHcI4XlVp94UoAF+Qh","9hOSS3gpVvHUvdbHcI4XlVp94UoAF+Qh",
"5b887d00-5894-45f9-8030-4924df9e3d78","HEAL_014.basePlot.bet","D19","HEAL","HEAL_014","S","2015-08-12","2015-08-26","2016-07-30","2016-07-24","Xri+5raSJVuLI25u8Vk2wOgf3C/LoLa+0b/GFjK0GWc=","NEON.BET.D19.000009","PTESP22","Pterostichus (Criobius) sp.","subgenus",,"Chaudoir",,"Other",,"9hOSS3gpVvHUvdbHcI4XlVp94UoAF+Qh","9hOSS3gpVvHUvdbHcI4XlVp94UoAF+Qh",
"527fcb1b-436c-45f4-a38f-37b3e6f9b0ca","HEAL_016.basePlot.bet","D19","HEAL","HEAL_016","E","2015-08-12","2015-08-27","2016-07-30","2016-07-24","D2/8d5OmvDHhwObv86qu2c1B3460qrZtSbz69Y40Los=","NEON.BET.D19.000004","AGOQUI","Agonum quinquepunctatum","species",,"Motschulsky",,"Other",,"9hOSS3gpVvHUvdbHcI4XlVp94UoAF+Qh","9hOSS3gpVvHUvdbHcI4XlVp94UoAF+Qh",
"644db50b-2ac0-4589-bfe3-24fb2857a8c9","HEAL_001.basePlot.bet","D19","HEAL","HEAL_001","E","2015-08-13","2015-08-28","2016-07-30","2016-07-24","Cc4z6rgSF0Lf2sY8mctqlBpuGXdmqfvaytzbLbrcpyE=","NEON.BET.D19.000006","AGOQUI","Agonum quinquepunctatum","species",,"Motschulsky",,"Other",,"9hOSS3gpVvHUvdbHcI4XlVp94UoAF+Qh","9hOSS3gpVvHUvdbHcI4XlVp94UoAF+Qh",
"29571ac5-6087-4604-a347-750fead1843b","HEAL_015.basePlot.bet","D19","HEAL","HEAL_015","W","2015-08-13","2015-08-28","2016-07-30","2016-07-24","9tqlBo9Lir+OOh8l4Z5Md/lDa4/BycV/39gt+6fQbT8=","NEON.BET.D19.000005","PTESP22","Pterostichus (Criobius) sp.","subgenus",,"Chaudoir",,"Other",,"9hOSS3gpVvHUvdbHcI4XlVp94UoAF+Qh","9hOSS3gpVvHUvdbHcI4XlVp94UoAF+Qh",
