uid,namedLocation,domainID,siteID,plotID,setDate,collectDate,processingDate,subsampleIDList,archiveVialID,scientificName,recordedBy,remarks
"c512d06f-086f-4df6-801b-21311500b255","HEAL_011.basePlot.bet","D19","HEAL","HEAL_011","2015-07-30","2015-08-12","2015-08-14","TD7prynvIXZecatlzZ2iD5kU55suQQnvKGhSfckeD8Sy0zjjlwnt8L9bLZVj5F0UbnQtnZLCTnxW6HFkrwhbEVtQeKSL4icOWFg+8bQFiN5z2rF3ambq6VgmADZUw72BzDxLJdA72bk=","TD7prynvIXZ2RtUkFI3OsSs8Hi7WtAzZ",,,
"4c3d3a18-e110-4aea-baa8-df314edfdea4","HEAL_004.basePlot.bet","D19","HEAL","HEAL_004","2015-07-30","2015-08-12","2015-08-14","PXaXP/WW46rOG4saXoPu6lxSYPKRcOy99mmEZaHMsLGNHxN0iQp5jsMnoNdUFDVnjWO5m14rQKPfmjjVT7dfU4gWoH43ebzrvN1Qxpo3SbKQzaytJF88fohqBTSeyGLFqsEMEOTtP9E=","PXaXP/WW46o+yIx9YWqPS9li8uEMQ4Ff",,,
"288d5e2e-a5da-495b-90e0-7490f839af9d","HEAL_014.basePlot.bet","D19","HEAL","HEAL_014","2015-07-30","2015-08-12","2015-08-14","Xri+5raSJVtRDdOQed7B9sfeRqTRmQAJsiyIkz33533p4H5db2Scpump6OL1yoTvfxpweKvTnvanOM2Gk2ONVYOovTngecK5CqGU4+HugWehxjeG19fzYP3TcTn790vrY3IHcDG206M=","Xri+5raSJVuA4R5n6s/rzw/kDETUgqZZ",,,
"957262f2-21e9-4290-8f12-1ce1bb55f25e","HEAL_025.basePlot.bet","D19","HEAL","HEAL_025","2015-07-30","2015-08-12","2015-08-14","6AON5yGDw0XC7U4TUyooAQHvSPk9Kich6qbnYV17FrpNxjn6cr/H9XSwrxuj0E7FM//bWoSuJ18R1evJRvEc8F/K9eIS/n0mrKs3cuxHMIvkM8nUnPMrNORoX5JjUdNmoxGqiHHWBto=","6AON5yGDw0XSLcn76ai2bV0U8lcfbYEF",,,
"2cbea12b-d409-4199-bb01-674cd4d8e96b","HEAL_010.basePlot.bet","D19","HEAL","HEAL_010","2015-07-30","2015-08-12","2015-08-14","Dkg/xkB0Z2pXA+ZZ6TUNr629oKd2vqbJ2t0URysz2N9UUR4e4AXG7gSp13LAAW9dQH462KDrix7qm0aDs2iUtNVOY/cTOtKueNfHBzWmfe9PqrntiYlleozLt8jknu7uaHe45iF2WY0=","Dkg/xkB0Z2ooaDDSLyiGpbxFSOFtgDJG",,,
"b4028296-3fc3-4b74-8835-0ce95be56a8c","HEAL_016.basePlot.bet","D19","HEAL","HEAL_016","2015-07-31","2015-08-12","2015-08-14","D2/8d5OmvDHhwObv86qu2X1PM53mc+i+gvapnTTbzif7BUbXBnq8a2C8fztpay+o6H1UurkJUaK3yPJVpBpr5pg8IjPK+xb2FxgLkZzbO2BZC4RJr9plJIwYjbs1Kz3W0Gw1ki7uvbw=","D2/8d5OmvDFCZ6nVzHcpruV+AKGn7kcp",,,
"76b6158c-bf52-4c5c-8ed8-558ed7992a10","HEAL_002.basePlot.bet","D19","HEAL","HEAL_002","2015-07-31","2015-08-12","2015-08-14","QW2dmvDFDQOyijjbMYxW5yz0T4gtEpg0zgZiyPCRCmy6MxtCdarLliMOeUxSblHq6BIR4Zx2w6XW5tQl9B/ikya/HdCIXbJ0sQoGKDNIOSmPkrsP/xH4vHbOLGty7bQc2ZS6P2xSPfw=","QW2dmvDFDQP9mlZa4uBAC+nqYv6miagR",,,
"c3b6de03-a7df-4668-b923-638c3e0b2cbe","HEAL_005.basePlot.bet","D19","HEAL","HEAL_005","2015-07-31","2015-08-13","2015-08-14","fu0zcYHenSyCJN1Z7KvnKhRI6HapEmTn9Z1FNcuruNq4HxPD/l33olMaSjNMlsKJGwuiMnZfGvUv6phZ+oBvDYa5L0BfbwzwslEiiwIZ4FO5RGQpPfPYrOBPpD14E36Ply3g0mwxpV4=","fu0zcYHenSxsR8dfEeccwcjogMFcwRxd",,,
"773cd6ba-d012-4b34-8ef4-2086fbfde1c6","HEAL_001.basePlot.bet","D19","HEAL","HEAL_001","2015-07-31","2015-08-13","2015-08-14","Cc4z6rgSF0JXjxZCXHnCww9KrbdqVbLH9kih1Q4jlSDqMAFb0jgUl4ZAD7bkXtSeswCgMjxCe5omlbqGi76LyHoydOdWkCMQoesfgJ/IF604o8c+tqeuMEhNFCZgWLsEpMAkj02MbtU=","Cc4z6rgSF0KTgZSCbPIq39nha00HfyS8",,,
"9de34ec8-9dca-483f-99fd-bb481bd6bc87","HEAL_015.basePlot.bet","D19","HEAL","HEAL_015","2015-07-31","2015-08-13","2015-08-14","9tqlBo9Lir9LG5JRqmVCTva4Mxu0k+VpqMZeHm7V8564J4mdoYG0u73fEuOCLV2cLkeRId2pqUgI3x5dSACNuS03o02mZqKPlUiVTEhPUMGUsORbo/9AHMHaZYc9RPtI0n+XKmoXr5E=","9tqlBo9Lir9CqOHX+V7AeOVurMRmfQ5A",,,
"8702ab79-a449-4a67-ba48-324a13a10c47","HEAL_014.basePlot.bet","D19","HEAL","HEAL_014","2015-08-12","2015-08-26","2015-08-31","Xri+5raSJVuh7po+Cy8Jzw6LQ3frvrNGCzlcm4LnRt8WsZ3gaw2zmHKmfcg1HbTdZ3UBCkUZm82PUoORk3NMxLBDEWXx+BfPu+pfya1iklMbFdSvfWX1GziCxp0kLvj0DOoXNarpPn8=","Xri+5raSJVt9VcwH5MU3pxqFm+ulblJB",,,
"6bea4652-fc0b-40f7-9dc8-fa17b56cbcfd","HEAL_011.basePlot.bet","D19","HEAL","HEAL_011","2015-08-12","2015-08-26","2015-08-31","TD7prynvIXYNYQ1dw4rn4r73GcLSq3HJK6nXqmw8u++ospRtLvyGO0FkwWlWEotYXTxfStslzshqmTINkLhWvgWz9qb7+FsoUWIcu62a6LWuzk+c8GsRdmj6Fu6dt/GYUF5oRqO35lQ=","TD7prynvIXaYcPCZ73zdq7zO5KAzMGWv",,,
"4424bc7c-e8da-4110-9d42-a8b7189c9c18","HEAL_002.basePlot.bet","D19","HEAL","HEAL_002","2015-08-12","2015-08-26","2015-08-31","QW2dmvDFDQPpASNLUdriG6LMVQye1n88j0hmpm04XpXUnUU4AqLCSAES+TXNJxsjw1+BZ58NmXe4ruIQpKJs/epqwVQw3oTNQ7ZiJO5kqmB88meL4AqvlwT8nUk0Ewtt9fYoUO4+ZOo=","QW2dmvDFDQOTdiJr7L2jTKYimjy4uiYr",,,
"d45b689d-a626-4df8-8193-ab8f6d49b7c0","HEAL_004.basePlot.bet","D19","HEAL","HEAL_004","2015-08-12","2015-08-27","2015-08-31","PXaXP/WW46rOG4saXoPu6lsdDn/GNiCKh6EGlHRr16ruC3v/w+/kfejlUSjbLogDqzIbXNwk5etSrAkKI+dBBRQYlXSa7elBOVk+knsyECceYjjBe3ksrPPU+dzEB8iTJsP+vFOZz2g=","PXaXP/WW46rkfeRleAqLh37z8Q/HS/vx",,,
"35407663-9f35-48ef-8270-5b0a2bda0a3a","HEAL_010.basePlot.bet","D19","HEAL","HEAL_010","2015-08-12","2015-08-27","2015-08-31","Dkg/xkB0Z2rcjawJNzr5K8vbeAFdXlK6Y7aB4THBLfB1+2FCNPAqWwoIUkTRLRbQ+jVhvRSck2TcMmeELvkofrlxt7ieVLA6SaZMFZARDBdWrpTJqilzhZQGKvpxDBjnI3JXuGi1gsU=","Dkg/xkB0Z2qUKIFNSL56dbE4Cknhw6WK",,,
"ca612453-c267-462f-8704-e881d95c9cd5","HEAL_016.basePlot.bet","D19","HEAL","HEAL_016","2015-08-12","2015-08-27","2015-08-31","D2/8d5OmvDEW9UjAhOW/XRXNtgD07tIA7wcuslrz7joxo1PImZzyOv/ZzDLM2RtOZnbZv78hpYL3ltD540n1xhaZAbgDEXh9dnUeIdGCa+kaJKd/FAGFCCzblwMBOERUt+4Plcc0qYc=","D2/8d5OmvDEIDGdHCLS3CDr+o2njJUPQ",,,
"abf5e564-afd2-4849-9ca5-5434499eed00","HEAL_025.basePlot.bet","D19","HEAL","HEAL_025","2015-08-12","2015-08-27","2015-08-31","6AON5yGDw0ULja60d7/u0LF4i+vjhyG3o+KGpUHupwDYLqERN0WfpUiEUNvsUy9txGXGbAmcoIwc5u//5regbbkxlAlr+jeMl2gXxvIfO3uGnDVKefrd5ehSMr1sEA9sr1eQ7YNuWjg=","6AON5yGDw0X8X33PCNJgQ6mOYuPgg5mF",,,
"ccfec2b0-b752-4dd2-a132-5968d1e711fb","HEAL_015.basePlot.bet","D19","HEAL","HEAL_015","2015-08-13","2015-08-28","2015-08-31","9tqlBo9Lir9LG5JRqmVCTmXQEiSYt+eW3jpZ++rzlfsaJDRTNaU7HsMd3K9nEVIDn/o5hoyD76CKSsSaPaVsEyvzWWGLeqGbuvTBzUKhTFrHLIzeQeS2bBvaQMHFvRMFrbx9wna+0Ic=","9tqlBo9Lir/KM8UwNQiPQhqPsHqTensQ",,,
"68b0690f-7adb-4d34-82f3-67596219f5a4","HEAL_001.basePlot.bet","D19","HEAL","HEAL_001","2015-08-13","2015-08-28","2015-08-31","Cc4z6rgSF0IblPQdtzn3HcPQtmhIFf2n/M9lo4WMDQbPoeNZ9kr+E4R7EwB1E/z4mYOS478fmZPAQ6bLLNkPfOgKFj5vYu+1Zh6Pp8Ee8/gUWWHXyIRX3C3SYzTZS9/V4k4jfkGXCbI=","Cc4z6rgSF0JV0rSKBdpZvwQV0hl4q7hb",,,
"79e3c9da-9eec-4a88-bfa1-f514f43e0c61","HEAL_005.basePlot.bet","D19","HEAL","HEAL_005","2015-08-13","2015-08-28","2015-08-31","fu0zcYHenSzr2l3UIwduH7VqS4BV1u8XKsK+tb4euZfQR/7gYhUPKsDJHDNlps8Yu81xWdhDimv/wFo1LI9BCNXkSvPMqUjjmX+HwuwPpAz/XYH6COeZWvsEAzd9iL60z4F5XFTjzd4=","fu0zcYHenSwb6hx0wWZykVtnPcTEdWG1",,,
