uid,namedLocation,domainID,siteID,plotID,trapID,setDate,collectDate,processingDate,etOHChangeDate,identifiedDate,sampleID,subsampleID,sampleType,taxonID,scientificName,taxonRank,identificationQualifier,scientificNameAuthorship,morphospeciesID,individualCount,identificationReferences,identifiedBy,recordedBy,remarks
"5322de42-a9b9-4a23-8c18-26d168a30fc5","SCBI_006.basePlot.bet","D02","SCBI","SCBI_006","S","2016-07-19","2016-08-02","2016-08-03","2016-10-11","2016-10-11","SCBI_006.S.20160802","2wNT0Wyw286/826Xi7eVPXBTn3iII/+KezXjcdXB4gA=","carabid","HARRUB","Harpalus rubripes","species",,"Duftschmid",,1,"Bousquet, Y. 2010b. Illustrated Identification Guide to Adults and Larvae of Northeastern North American Ground Beetles (Coleoptera: Carabidae). 1st Ed. Pensoft Publishers, Sofia, Bulgaria.","wYCqaZcA+7tKZqVSOMaNBCcRKvQIOBzP","wYCqaZcA+7tKZqVSOMaNBCcRKvQIOBzP",
"3774ffa7-b536-4757-9827-caa9d20451a9","SCBI_006.basePlot.bet","D02","SCBI","SCBI_006","W","2016-07-19","2016-08-02","2016-08-03","2016-08-24",,"SCBI_006.W.20160802","2wNT0Wyw287NPoGaw2V4AP8X5hBwExzweBmAf0OSu1s=","invert bycatch",,,,,,,,,,"vEBCcEQSSh8r9pJtyJMpi8WPWOrf6mR2",
"211b235c-153c-4a49-9bef-b24e2ad5173c","SCBI_006.basePlot.bet","D02","SCBI","SCBI_006","W","2016-07-19","2016-08-02","2016-08-03","2016-10-11","2016-10-11","SCBI_006.W.20160802","2wNT0Wyw287NPoGaw2V4AAy7ebxAbsPf/g131cwsA+s=","carabid","CYCFUR","Cyclotrachelus furtivus","species",,"LeConte",,2,"Freitag, R. 1969. A revision of the species of the genus Evarthrus LeConte. Quaestiones Entomologicae 5:89-212.","wYCqaZcA+7tKZqVSOMaNBCcRKvQIOBzP","wYCqaZcA+7tKZqVSOMaNBCcRKvQIOBzP",
"4f4661e8-26e7-4a41-a757-7aaa5b1c98d4","SCBI_006.basePlot.bet","D02","SCBI","SCBI_006","W","2016-07-19","2016-08-02","2016-08-03","2016-10-11","2016-10-11","SCBI_006.W.20160802","2wNT0Wyw287NPoGaw2V4AM5DCk89RQ8agVBg3ecAG2k=","carabid","ANIOVU","Anisodactylus ovularis","species",,"Casey",,1,"Noonan, G. R. 1973. The Anisodactylines (Insecta: Coleoptera: Carabidae: Harpalini): classification, evolution and zoogeography. Quaestiones Entomologicae 9:266-480.","wYCqaZcA+7tKZqVSOMaNBCcRKvQIOBzP","wYCqaZcA+7tKZqVSOMaNBCcRKvQIOBzP",
"50f61822-8797-4ee1-9b8c-1adfb5a3e2fb","SCBI_004.basePlot.bet","D02","SCBI","SCBI_004","S","2016-07-19","2016-08-02","2016-08-03","2016-10-11","2016-10-11","SCBI_004.S.20160802","ZCodyo9yj63dNi9ZfegIK8vZOl6FO42C9RSK19xCCvw=","carabid","TRIAUT","Trichotichnus autumnalis","species",,"Say",,1,"Ciegler, J. C. 2000. Ground beetles and wrinkled bark beetles of South Carolina (Coleoptera: Geadephaga: Carabidae and Rhysodidae). Biota of South Carolina. Vol. 1. Clemson, S. Clemson University.","wYCqaZcA+7tKZqVSOMaNBCcRKvQIOBzP","wYCqaZcA+7tKZqVSOMaNBCcRKvQIOBzP",
"81d7e05c-c65b-4b07-947b-80a92a350859","SCBI_004.basePlot.bet","D02","SCBI","SCBI_004","N","2016-07-19","2016-08-02","2016-08-03","2016-10-11","2016-10-11","SCBI_004.N.20160802","ZCodyo9yj632kmEhNYEwCuuX0a1pjOjEfs5Jva2fHUI=","carabid","DICDIL","Dicheirus dilatatus","species",,"Dejean",,1,"Ciegler, J. C. 2000. Ground beetles and wrinkled bark beetles of South Carolina (Coleoptera: Geadephaga: Carabidae and Rhysodidae). Biota of South Carolina. Vol. 1. Clemson, S. Clemson University.","wYCqaZcA+7tKZqVSOMaNBCcRKvQIOBzP","wYCqaZcA+7tKZqVSOMaNBCcRKvQIOBzP",
"5c3e8cdb-655e-453e-bcce-6de50dcf1850","SCBI_004.basePlot.bet","D02","SCBI","SCBI_004","S","2016-07-19","2016-08-02","2016-08-03","2016-10-11","2016-10-11","SCBI_004.S.20160802","ZCodyo9yj63dNi9ZfegIK+2Zhxycn9XeLBOEvJsj7SU=","carabid","GALBIC","Galerita bicolor","species",,"Drury",,4,"Ciegler, J. C. 2000. Ground beetles and wrinkled bark beetles of South Carolina (Coleoptera: Geadephaga: Carabidae and Rhysodidae). Biota of South Carolina. Vol. 1. Clemson, S. Clemson University.","wYCqaZcA+7tKZqVSOMaNBCcRKvQIOBzP","wYCqaZcA+7tKZqVSOMaNBCcRKvQIOBzP",
"184505d3-68f8-4f40-a5dc-31fb19bc8c2f","SCBI_033.basePlot.bet","D02","SCBI","SCBI_033","S","2016-07-19","2016-08-02","2016-08-03","2016-10-11","2016-10-11","SCBI_033.S.20160802","4ZBK4Rjlf9nC8bRn4VSaneXnzl6JIwyo+RaX7WzfEsg=","carabid","SCASUB2","Scarites subterraneus","species",,"Fabricius",,1,"Genus Scarites - Bug Guide. http://bugguide.net/node/view/2990.","wYCqaZcA+7tKZqVSOMaNBCcRKvQIOBzP","wYCqaZcA+7tKZqVSOMaNBCcRKvQIOBzP",
"c7b21b4f-d591-4af9-82f8-2224168da507","SCBI_010.basePlot.bet","D02","SCBI","SCBI_010","S","2016-07-19","2016-08-02","2016-08-03","2016-10-11","2016-10-11","SCBI_010.S.20160802","6yi0mRc5GEKydkv1GjxiJ5IS8/lov264p12e2DC3vFA=","carabid","CYCSIG","Cyclotrachelus sigillatus","species",,"Say",,1,"Freitag, R. 1969. A revision of the species of the genus Evarthrus LeConte. Quaestiones Entomologicae 5:89-212.","wYCqaZcA+7tKZqVSOMaNBCcRKvQIOBzP","wYCqaZcA+7tKZqVSOMaNBCcRKvQIOBzP",
"d6cac1fc-b527-4a0b-9b31-d72fa9e18cfa","SCBI_008.basePlot.bet","D02","SCBI","SCBI_008","N","2016-07-19","2016-08-02","2016-08-03","2016-10-11","2016-10-11","SCBI_008.N.20160802","BDl2KAs5Zr0fn/nHolfnFqSNwn28FYekIw1ooyww0u8=","carabid","GALBIC","Galerita bicolor","species",,"Drury",,1,"Ciegler, J. C. 2000. Ground beetles and wrinkled bark beetles of South Carolina (Coleoptera: Geadephaga: Carabidae and Rhysodidae). Biota of South Carolina. Vol. 1. Clemson, S. Clemson University.","wYCqaZcA+7tKZqVSOMaNBCcRKvQIOBzP","wYCqaZcA+7tKZqVSOMaNBCcRKvQIOBzP",
"fb8f8353-76ab-4492-b935-74be50bca7f0","SCBI_008.basePlot.bet","D02","SCBI","SCBI_008","W","2016-07-19","2016-08-02","2016-08-03","2016-10-11","2016-10-11","SCBI_008.W.20160802","BDl2KAs5Zr37qk81DaI3uP6wko/n3sY+CFqfGRmyq7s=","carabid","CHLAES","Chlaenius aestivus","species",,"Say",,1,"Bousquet, Y. 2010b. Illustrated Identification Guide to Adults and Larvae of Northeastern North American Ground Beetles (Coleoptera: Carabidae). 1st Ed. Pensoft Publishers, Sofia, Bulgaria.","wYCqaZcA+7tKZqVSOMaNBCcRKvQIOBzP","wYCqaZcA+7tKZqVSOMaNBCcRKvQIOBzP",
"04cac8d5-7424-443d-84af-a289e8ee7a78","SCBI_008.basePlot.bet","D02","SCBI","SCBI_008","E","2016-07-19","2016-08-02","2016-08-03","2016-10-11","2016-10-11","SCBI_008.E.20160802","BDl2KAs5Zr1j9VvDjbLcqXxqWQMdJ7coFV52lvopEGo=","carabid","CYCSIG","Cyclotrachelus sigillatus","species",,"Say",,1,"Freitag, R. 1969. A revision of the species of the genus Evarthrus LeConte. Quaestiones Entomologicae 5:89-212.","wYCqaZcA+7tKZqVSOMaNBCcRKvQIOBzP","wYCqaZcA+7tKZqVSOMaNBCcRKvQIOBzP",
"8adcadb7-6351-4be8-a33c-4ea2220e2ad1","SCBI_008.basePlot.bet","D02","SCBI","SCBI_008","N","2016-07-19","2016-08-02","2016-08-03","2016-10-11","2016-10-11","SCBI_008.N.20160802","BDl2KAs5Zr0fn/nHolfnFmC8LN9V6XYJ890dkdp7zVA=","carabid","CHLAES","Chlaenius aestivus","species",,"Say",,1,"Ciegler, J. C. 2000. Ground beetles and wrinkled bark beetles of South Carolina (Coleoptera: Geadephaga: Carabidae and Rhysodidae). Biota of South Carolina. Vol. 1. Clemson, S. Clemson University.","wYCqaZcA+7tKZqVSOMaNBCcRKvQIOBzP","wYCqaZcA+7tKZqVSOMaNBCcRKvQIOBzP",
"370b9b88-3658-4006-81d1-2cdf3b119e7d","SCBI_006.basePlot.bet","D02","SCBI","SCBI_006","N","2016-07-19","2016-08-02","2016-08-03","2016-10-11","2016-10-11","SCBI_006.N.20160802","2wNT0Wyw2875TyQhETP35D9URRKev/2DxIngn7Rm4jo=","carabid","AMAFLE","Amara flebilis","species","cf. species","Casey",,1,"Bousquet, Y. 2010b. Illustrated Identification Guide to Adults and Larvae of Northeastern North American Ground Beetles (Coleoptera: Carabidae). 1st Ed. Pensoft Publishers, Sofia, Bulgaria.","wYCqaZcA+7tKZqVSOMaNBCcRKvQIOBzP","wYCqaZcA+7tKZqVSOMaNBCcRKvQIOBzP",
"129e4c71-1ac3-4a6b-adaf-72c0516ae264","SCBI_006.basePlot.bet","D02","SCBI","SCBI_006","N","2016-07-19","2016-08-02","2016-08-03","2016-10-11","2016-10-11","SCBI_006.N.20160802","2wNT0Wyw2875TyQhETP35Nw1gQ2/meAA6nmAyCFX9t4=","carabid","CYCSIG","Cyclotrachelus sigillatus","species",,"Say",,1,"Freitag, R. 1969. A revision of the species of the genus Evarthrus LeConte. Quaestiones Entomologicae 5:89-212.","wYCqaZcA+7tKZqVSOMaNBCcRKvQIOBzP","wYCqaZcA+7tKZqVSOMaNBCcRKvQIOBzP",
"95a89f4b-6296-4674-8896-5d1a854361f1","SCBI_006.basePlot.bet","D02","SCBI","SCBI_006","N","2016-07-19","2016-08-02","2016-08-03","2016-10-11","2016-10-11","SCBI_006.N.20160802","2wNT0Wyw2875TyQhETP35D9URRKev/2D5nFHp8IwO7o=","carabid","AMAFAM","Amara familiaris","species","cf. species","Duftschmid",,1,"Bousquet, Y. 2010b. Illustrated Identification Guide to Adults and Larvae of Northeastern North American Ground Beetles (Coleoptera: Carabidae). 1st Ed. Pensoft Publishers, Sofia, Bulgaria.","wYCqaZcA+7tKZqVSOMaNBCcRKvQIOBzP","wYCqaZcA+7tKZqVSOMaNBCcRKvQIOBzP",
"e76e667e-1de9-49bf-96f1-5c61f781aa99","SCBI_006.basePlot.bet","D02","SCBI","SCBI_006","N","2016-07-19","2016-08-02","2016-08-03","2016-10-11","2016-10-11","SCBI_006.N.20160802","2wNT0Wyw2875TyQhETP35NcZYel13DR0UEDc9Rqt1Xg=","carabid","CYCFUR","Cyclotrachelus furtivus","species",,"LeConte",,1,"Freitag, R. 1969. A revision of the species of the genus Evarthrus LeConte. Quaestiones Entomologicae 5:89-212.","wYCqaZcA+7tKZqVSOMaNBCcRKvQIOBzP","wYCqaZcA+7tKZqVSOMaNBCcRKvQIOBzP",
"b12c48fc-117d-4a41-9d04-98fe0c4c2e68","SCBI_002.basePlot.bet","D02","SCBI","SCBI_002","W","2016-07-19","2016-08-02","2016-08-03","2016-10-11","2016-10-11","SCBI_002.W.20160802","NTl2q/XFbjxtmPpRF5JbEbifXV9YxDNrcnI/pnQmNJo=","carabid","CHLAES","Chlaenius aestivus","species",,"Say",,1,"Ciegler, J. C. 2000. Ground beetles and wrinkled bark beetles of South Carolina (Coleoptera: Geadephaga: Carabidae and Rhysodidae). Biota of South Carolina. Vol. 1. Clemson, S. Clemson University.","wYCqaZcA+7tKZqVSOMaNBCcRKvQIOBzP","wYCqaZcA+7tKZqVSOMaNBCcRKvQIOBzP",
"c2c98536-3495-4d49-8e63-3946e41a77a7","SCBI_002.basePlot.bet","D02","SCBI","SCBI_002","N","2016-07-19","2016-08-02","2016-08-03","2016-10-11","2016-10-11","SCBI_002.N.20160802","NTl2q/XFbjyx0InoN+HVolFYoCrHB97gHVsZSULoh5w=","carabid","GALBIC","Galerita bicolor","species",,"Drury",,1,"Ciegler, J. C. 2000. Ground beetles and wrinkled bark beetles of South Carolina (Coleoptera: Geadephaga: Carabidae and Rhysodidae). Biota of South Carolina. Vol. 1. Clemson, S. Clemson University.","wYCqaZcA+7tKZqVSOMaNBCcRKvQIOBzP","wYCqaZcA+7tKZqVSOMaNBCcRKvQIOBzP",
"7b7154a8-f7f1-460e-b32c-14e1b34bd0eb","SCBI_002.basePlot.bet","D02","SCBI","SCBI_002","S","2016-07-19","2016-08-02","2016-08-03","2016-10-11","2016-10-11","SCBI_002.S.20160802","NTl2q/XFbjzihdY0SXzIUCFtHcCKgDkI6OLw6l9VKlg=","carabid","CYCSIG","Cyclotrachelus sigillatus","species",,"Say",,1,"Freitag, R. 1969. A revision of the species of the genus Evarthrus LeConte. Quaestiones Entomologicae 5:89-212.","wYCqaZcA+7tKZqVSOMaNBCcRKvQIOBzP","wYCqaZcA+7tKZqVSOMaNBCcRKvQIOBzP",
"a5a242b9-f2a5-47f8-a7f9-9151c8c374ee","SCBI_002.basePlot.bet","D02","SCBI","SCBI_002","N","2016-07-19","2016-08-02","2016-08-03","2016-10-11","2016-10-11","SCBI_002.N.20160802","NTl2q/XFbjyx0InoN+HVovzBLrHFvSrV4S/Os/OCiyM=","carabid","CHLEMA","Chlaenius emarginatus","species",,"Say",,5,"Ciegler, J. C. 2000. Ground beetles and wrinkled bark beetles of South Carolina (Coleoptera: Geadephaga: Carabidae and Rhysodidae). Biota of South Carolina. Vol. 1. Clemson, S. Clemson University.","wYCqaZcA+7tKZqVSOMaNBCcRKvQIOBzP","wYCqaZcA+7tKZqVSOMaNBCcRKvQIOBzP",
"2bdd375c-fd3d-48be-878c-5413a9dd12c6","SCBI_002.basePlot.bet","D02","SCBI","SCBI_002","E","2016-07-19","2016-08-02","2016-08-03","2016-10-11","2016-10-11","SCBI_002.E.20160802","NTl2q/XFbjyoJCSKKyH8tWeXezgv4/FprnMdh8K+TeE=","carabid","GALBIC","Galerita bicolor","species",,"Drury",,1,"Ciegler, J. C. 2000. Ground beetles and wrinkled bark beetles of South Carolina (Coleoptera: Geadephaga: Carabidae and Rhysodidae). Biota of South Carolina. Vol. 1. Clemson, S. Clemson University.","wYCqaZcA+7tKZqVSOMaNBCcRKvQIOBzP","wYCqaZcA+7tKZqVSOMaNBCcRKvQIOBzP",
"b7064f17-a37c-491c-8331-2ae14c50ab2a","SCBI_002.basePlot.bet","D02","SCBI","SCBI_002","S","2016-07-19","2016-08-02","2016-08-03","2016-10-11","2016-10-11","SCBI_002.S.20160802","NTl2q/XFbjzihdY0SXzIUDJL7aYLX385TkPOC0HGBEA=","carabid","GALBIC","Galerita bicolor","species",,"Drury",,2,"Ciegler, J. C. 2000. Ground beetles and wrinkled bark beetles of South Carolina (Coleoptera: Geadephaga: Carabidae and Rhysodidae). Biota of South Carolina. Vol. 1. Clemson, S. Clemson University.","wYCqaZcA+7tKZqVSOMaNBCcRKvQIOBzP","wYCqaZcA+7tKZqVSOMaNBCcRKvQIOBzP",
"b817a570-067d-4ad9-9e9f-f2d15775fd0c","SCBI_002.basePlot.bet","D02","SCBI","SCBI_002","E","2016-07-19","2016-08-02","2016-08-03","2016-10-11","2016-10-11","SCBI_002.E.20160802","NTl2q/XFbjyoJCSKKyH8tbJKHTMm1vApf9XJLK/46P4=","carabid","CHLEMA","Chlaenius emarginatus","species",,"Say",,1,"Ciegler, J. C. 2000. Ground beetles and wrinkled bark beetles of South Carolina (Coleoptera: Geadephaga: Carabidae and Rhysodidae). Biota of South Carolina. Vol. 1. Clemson, S. Clemson University.","wYCqaZcA+7tKZqVSOMaNBCcRKvQIOBzP","wYCqaZcA+7tKZqVSOMaNBCcRKvQIOBzP",
"03c0e01b-e1f8-4d82-b8e0-ea4080f5509a","SCBI_002.basePlot.bet","D02","SCBI","SCBI_002","W","2016-07-19","2016-08-02","2016-08-03","2016-10-11","2016-10-11","SCBI_002.W.20160802","NTl2q/XFbjxtmPpRF5JbEZdFYfpGPYVkVQokQ2p31Os=","carabid","AMPINT","Amphasia interstitialis","species",,"Say",,1,"Ciegler, J. C. 2000. Ground beetles and wrinkled bark beetles of South Carolina (Coleoptera: Geadephaga: Carabidae and Rhysodidae). Biota of South Carolina. Vol. 1. Clemson, S. Clemson University.","wYCqaZcA+7tKZqVSOMaNBCcRKvQIOBzP","wYCqaZcA+7tKZqVSOMaNBCcRKvQIOBzP",
"c094fb60-a76a-49fb-9683-7e5745c31364","SCBI_002.basePlot.bet","D02","SCBI","SCBI_002","W","2016-07-19","2016-08-02","2016-08-03","2016-10-11","2016-10-11","SCBI_002.W.20160802","NTl2q/XFbjxtmPpRF5JbEYcg5/HZ8l/c26XgsTIMG4A=","carabid","CHLEMA","Chlaenius emarginatus","species",,"Say",,2,"Ciegler, J. C. 2000. Ground beetles and wrinkled bark beetles of South Carolina (Coleoptera: Geadephaga: Carabidae and Rhysodidae). Biota of South Carolina. Vol. 1. Clemson, S. Clemson University.","wYCqaZcA+7tKZqVSOMaNBCcRKvQIOBzP","wYCqaZcA+7tKZqVSOMaNBCcRKvQIOBzP",
"c9c49017-1690-4962-af4e-c69f5d9e1058","SCBI_002.basePlot.bet","D02","SCBI","SCBI_002","S","2016-07-19","2016-08-02","2016-08-03","2016-10-11","2016-10-11","SCBI_002.S.20160802","NTl2q/XFbjzihdY0SXzIUNZNYRG/APTnWTZBFSK8ho8=","carabid","DICDIL1","Dicaelus dilatatus dilatatus","subspecies",,"Say",,1,"Ciegler, J. C. 2000. Ground beetles and wrinkled bark beetles of South Carolina (Coleoptera: Geadephaga: Carabidae and Rhysodidae). Biota of South Carolina. Vol. 1. Clemson, S. Clemson University.","wYCqaZcA+7tKZqVSOMaNBCcRKvQIOBzP","wYCqaZcA+7tKZqVSOMaNBCcRKvQIOBzP",
"437aef19-f1d4-4052-8e1f-353b8134e8d8","SCBI_033.basePlot.bet","D02","SCBI","SCBI_033","E","2016-07-19","2016-08-02","2016-08-03","2016-08-25",,"SCBI_033.E.20160802","4ZBK4Rjlf9k8yulsGmd7kPTQFzhsHZ/w6pJEreompQk=","invert bycatch",,,,,,,,,,"WKwujoF6P3YAOkhzyJ/xP0/1URP18h18",
"1287d35c-9275-43b1-b383-f46e534a12b9","SCBI_007.basePlot.bet","D02","SCBI","SCBI_007","E","2016-07-19","2016-08-02","2016-08-03","2016-08-29",,"SCBI_007.E.20160802","tckDqTjQv3hguZ8DpJGLjHR4WNU+Gafuza8opYeVFrM=","invert bycatch",,,,,,,,,,"p8WKbOBZs5/CRPjq/1HrITk8Sf0GvCtj",
"10497bfa-b544-4296-abb7-027bc086a559","SCBI_005.basePlot.bet","D02","SCBI","SCBI_005","E","2016-07-19","2016-08-02","2016-08-03","2016-08-25",,"SCBI_005.E.20160802","2MbaqPQFAm5A70or/ZPbOIsOdSp4QoBVhtbuP99KDXA=","invert bycatch",,,,,,,,,,"YJ2A+OwoGUUtJLNxPkxhEPyEeY8sOiMA",
"c0ec64b7-761f-4579-95eb-1e8a51007c76","SCBI_004.basePlot.bet","D02","SCBI","SCBI_004","E","2016-07-19","2016-08-02","2016-08-03","2016-08-24",,"SCBI_004.E.20160802","ZCodyo9yj62BL7y83B4YIJk5a/ZsoQdHiyaBqognFz0=","invert bycatch",,,,,,,,,,"ena7GLJui5s1h8moQAQPw3Qj2+mVdivS",
"eea01b7d-00ab-43ea-875c-000944e47e14","SCBI_002.basePlot.bet","D02","SCBI","SCBI_002","E","2016-07-19","2016-08-02","2016-08-03","2016-08-25",,"SCBI_002.E.20160802","NTl2q/XFbjyoJCSKKyH8tcTbyjEmZ48FPjgtyOqd5bM=","invert bycatch",,,,,,,,,,"65MrXCKZ6BZHMIpBwLFSzI3B2iyqckQKC2QVdjxfI44=",
"9857140d-5a3c-4753-b3a0-374b25f455db","SCBI_006.basePlot.bet","D02","SCBI","SCBI_006","E","2016-07-19","2016-08-02","2016-08-03","2016-08-24",,"SCBI_006.E.20160802","2wNT0Wyw284cn5ygCsfFq0AIVWLWBkbe4BLKjkPRJhQ=","invert bycatch",,,,,,,,,,"vEBCcEQSSh8r9pJtyJMpi8WPWOrf6mR2",
"8fcf089f-3e67-4751-95f5-c00b15e05a22","SCBI_008.basePlot.bet","D02","SCBI","SCBI_008","E","2016-07-19","2016-08-02","2016-08-03","2016-08-25",,"SCBI_008.E.20160802","BDl2KAs5Zr1j9VvDjbLcqWMfoiEYBwbWtLOY85bHsSU=","invert bycatch",,,,,,,,,,"p8WKbOBZs5/CRPjq/1HrITk8Sf0GvCtj",
"c177de96-ab93-4b7e-85da-5c3be99fd064","SCBI_012.basePlot.bet","D02","SCBI","SCBI_012","E","2016-07-19","2016-08-02","2016-08-03","2016-08-25",,"SCBI_012.E.20160802","XK58HfsRWve1EdV8jdFU939A4Ic26AlkDwl/aWN34fI=","invert bycatch",,,,,,,,,,"p8WKbOBZs5/CRPjq/1HrITk8Sf0GvCtj",
"24e00357-8af3-4ec8-9fb1-33917015533c","SCBI_007.basePlot.bet","D02","SCBI","SCBI_007","N","2016-07-19","2016-08-02","2016-08-03","2016-08-29",,"SCBI_007.N.20160802","tckDqTjQv3hxvOyIoVTTTqpMbHADZZX+gOoQPrhcYvc=","invert bycatch",,,,,,,,,,"p8WKbOBZs5/CRPjq/1HrITk8Sf0GvCtj",
"de5fbeed-74d7-4089-8a62-1e45f570211a","SCBI_004.basePlot.bet","D02","SCBI","SCBI_004","N","2016-07-19","2016-08-02","2016-08-03","2016-08-29",,"SCBI_004.N.20160802","ZCodyo9yj632kmEhNYEwCgJZTd+P/B3++098qdgLTFY=","invert bycatch",,,,,,,,,,"p8WKbOBZs5/CRPjq/1HrITk8Sf0GvCtj",
"17a3b595-cbe4-49fb-85ac-11b77befba73","SCBI_033.basePlot.bet","D02","SCBI","SCBI_033","N","2016-07-19","2016-08-02","2016-08-03","2016-08-25",,"SCBI_033.N.20160802","4ZBK4Rjlf9mNaDg4fctN5cLVCh+NQSwwUsN55wOYF5Q=","invert bycatch",,,,,,,,,,"WKwujoF6P3YAOkhzyJ/xP0/1URP18h18",
"72a69311-415f-4f36-bcbb-36385748dfb3","SCBI_005.basePlot.bet","D02","SCBI","SCBI_005","N","2016-07-19","2016-08-02","2016-08-03","2016-08-25",,"SCBI_005.N.20160802","2MbaqPQFAm6RE6ad9TwzJ+2WdgBYP4fBp0aBfjskxp0=","invert bycatch",,,,,,,,,,"YJ2A+OwoGUUtJLNxPkxhEPyEeY8sOiMA",
"6ccf81b2-c54f-4f04-baf7-d3257cd1315c","SCBI_008.basePlot.bet","D02","SCBI","SCBI_008","N","2016-07-19","2016-08-02","2016-08-03","2016-08-25",,"SCBI_008.N.20160802","BDl2KAs5Zr0fn/nHolfnFicjTziSyfa8T2KPlBxJwIY=","invert bycatch",,,,,,,,,,"p8WKbOBZs5/CRPjq/1HrITk8Sf0GvCtj",
"035f4818-f06f-4bf5-92db-9557610ea0c7","SCBI_002.basePlot.bet","D02","SCBI","SCBI_002","N","2016-07-19","2016-08-02","2016-08-03","2016-08-25",,"SCBI_002.N.20160802","NTl2q/XFbjyx0InoN+HVogcxqQAcA93jIywUOa5uCWA=","invert bycatch",,,,,,,,,,"65MrXCKZ6BZHMIpBwLFSzI3B2iyqckQKC2QVdjxfI44=",
"714605be-99db-45fa-a9c5-6400fdd0d170","SCBI_006.basePlot.bet","D02","SCBI","SCBI_006","N","2016-07-19","2016-08-02","2016-08-03","2016-08-24",,"SCBI_006.N.20160802","2wNT0Wyw2875TyQhETP35FOElksK0DD1rAoQfJt/3cI=","invert bycatch",,,,,,,,,,"vEBCcEQSSh8r9pJtyJMpi8WPWOrf6mR2",
"19d277dc-1609-46ea-87f3-fbc0943eb4aa","SCBI_012.basePlot.bet","D02","SCBI","SCBI_012","N","2016-07-19","2016-08-02","2016-08-03","2016-08-25",,"SCBI_012.N.20160802","XK58HfsRWveG+LxxqSJmkLxdPsGiI0ooaGnNC9zEZbA=","invert bycatch",,,,,,,,,,"p8WKbOBZs5/CRPjq/1HrITk8Sf0GvCtj",
"ed7f475f-9486-41de-a105-480e62745145","SCBI_002.basePlot.bet","D02","SCBI","SCBI_002","S","2016-07-19","2016-08-02","2016-08-03","2016-08-25",,"SCBI_002.S.20160802","NTl2q/XFbjzihdY0SXzIUD8P2uwgZ6LMk9l27Xv1iVo=","invert bycatch",,,,,,,,,,"65MrXCKZ6BZHMIpBwLFSzI3B2iyqckQKC2QVdjxfI44=",
"dd95add1-a8e3-43a9-a0f8-c495792ff6fd","SCBI_008.basePlot.bet","D02","SCBI","SCBI_008","S","2016-07-19","2016-08-02","2016-08-03","2016-08-25",,"SCBI_008.S.20160802","BDl2KAs5Zr3ZSpxXmmJRzvNn96eluKnI9z3Cd3nqZ5w=","invert bycatch",,,,,,,,,,"p8WKbOBZs5/CRPjq/1HrITk8Sf0GvCtj",
"9c003432-c1a7-4f52-a248-a5f9ff9f56c9","SCBI_012.basePlot.bet","D02","SCBI","SCBI_012","S","2016-07-19","2016-08-02","2016-08-03","2016-08-25",,"SCBI_012.S.20160802","XK58HfsRWvdTGJ2w3r2S5j3WzvpiShMkcVKPzG6lIA0=","invert bycatch",,,,,,,,,,"p8WKbOBZs5/CRPjq/1HrITk8Sf0GvCtj",
"439182ba-d99c-4dd5-a842-246dacd59759","SCBI_006.basePlot.bet","D02","SCBI","SCBI_006","S","2016-07-19","2016-08-02","2016-08-03","2016-08-24",,"SCBI_006.S.20160802","2wNT0Wyw286/826Xi7eVPd4BpocOoiATReyR+8V5pB8=","invert bycatch",,,,,,,,,,"vEBCcEQSSh8r9pJtyJMpi8WPWOrf6mR2",
"c13016ed-9350-40bf-b8b2-dd3eff56594e","SCBI_033.basePlot.bet","D02","SCBI","SCBI_033","S","2016-07-19","2016-08-02","2016-08-03","2016-08-25",,"SCBI_033.S.20160802","4ZBK4Rjlf9nC8bRn4VSanSieBi11mLs3ep+Qee1LAYk=","invert bycatch",,,,,,,,,,"WKwujoF6P3YAOkhzyJ/xP0/1URP18h18",
"72389a43-604d-4738-a3f4-4377facca924","SCBI_007.basePlot.bet","D02","SCBI","SCBI_007","S","2016-07-19","2016-08-02","2016-08-03","2016-08-29",,"SCBI_007.S.20160802","tckDqTjQv3jlbAbJp9J4/SpqLNt/AUjtCFOT2n/3I4U=","invert bycatch",,,,,,,,,,"p8WKbOBZs5/CRPjq/1HrITk8Sf0GvCtj",
"57f80822-4ccf-4525-8a31-359f4bcc8f45","SCBI_010.basePlot.bet","D02","SCBI","SCBI_010","S","2016-07-19","2016-08-02","2016-08-03","2016-08-24",,"SCBI_010.S.20160802","6yi0mRc5GEKydkv1GjxiJ3fcPK8+1AKEqWygUazKHoI=","invert bycatch",,,,,,,,,,"vEBCcEQSSh8r9pJtyJMpi8WPWOrf6mR2",
"e23309e5-d55e-455a-95f5-0e6c7796ac3e","SCBI_004.basePlot.bet","D02","SCBI","SCBI_004","S","2016-07-19","2016-08-02","2016-08-03","2016-08-29",,"SCBI_004.S.20160802","ZCodyo9yj63dNi9ZfegIK7bNBXw7yBO8caVxuL6siTc=","invert bycatch",,,,,,,,,,"p8WKbOBZs5/CRPjq/1HrITk8Sf0GvCtj",
"5f233d63-eb37-438d-8656-ac72c0d29b22","SCBI_005.basePlot.bet","D02","SCBI","SCBI_005","S","2016-07-19","2016-08-02","2016-08-03","2016-08-25",,"SCBI_005.S.20160802","2MbaqPQFAm6kR+I9Li+HcQTDqisFGSXhCjW9F7Hk8Wo=","invert bycatch",,,,,,,,,,"YJ2A+OwoGUUtJLNxPkxhEPyEeY8sOiMA",
"466105b4-8572-4127-a2d4-81728339692f","SCBI_007.basePlot.bet","D02","SCBI","SCBI_007","W","2016-07-19","2016-08-02","2016-08-03","2016-08-29",,"SCBI_007.W.20160802","tckDqTjQv3i53K+EPwOjp6HyabYv0hzWOfUrD1iHz+c=","invert bycatch",,,,,,,,,,"p8WKbOBZs5/CRPjq/1HrITk8Sf0GvCtj",
"6e6132e0-f6f2-425a-b76d-176d9002a527","SCBI_033.basePlot.bet","D02","SCBI","SCBI_033","W","2016-07-19","2016-08-02","2016-08-03","2016-08-25",,"SCBI_033.W.20160802","4ZBK4Rjlf9lnlC3/aPVV10h1cisio+WTem6cTG9J6HQ=","invert bycatch",,,,,,,,,,"WKwujoF6P3YAOkhzyJ/xP0/1URP18h18",
"c0f723f1-84fa-4614-9819-c34a60144c0c","SCBI_004.basePlot.bet","D02","SCBI","SCBI_004","W","2016-07-19","2016-08-02","2016-08-03","2016-08-24",,"SCBI_004.W.20160802","ZCodyo9yj609HtfWqVX+BTNfMWPx8FF/W+DJ20utJk4=","invert bycatch",,,,,,,,,,"ena7GLJui5s1h8moQAQPw3Qj2+mVdivS",
"0f8b2f8b-e63a-488a-bd82-5becc4dbe3b4","SCBI_005.basePlot.bet","D02","SCBI","SCBI_005","W","2016-07-19","2016-08-02","2016-08-03","2016-08-25",,"SCBI_005.W.20160802","2MbaqPQFAm4C5b3PAN3oYSNT1QihZvsWIsHHGaUrF40=","invert bycatch",,,,,,,,,,"YJ2A+OwoGUUtJLNxPkxhEPyEeY8sOiMA",
"94e17100-5b24-43d1-a811-24b8e8575242","SCBI_002.basePlot.bet","D02","SCBI","SCBI_002","W","2016-07-19","2016-08-02","2016-08-03","2016-08-25",,"SCBI_002.W.20160802","NTl2q/XFbjxtmPpRF5JbEV2Iq7Bl/TEhj7FG0QdgnRU=","invert bycatch",,,,,,,,,,"65MrXCKZ6BZHMIpBwLFSzI3B2iyqckQKC2QVdjxfI44=",
"198d5922-2da9-4b29-a591-1177343ad5da","SCBI_008.basePlot.bet","D02","SCBI","SCBI_008","W","2016-07-19","2016-08-02","2016-08-03","2016-08-25",,"SCBI_008.W.20160802","BDl2KAs5Zr37qk81DaI3uFl4laKiE01o5JIP0qwcZl0=","invert bycatch",,,,,,,,,,"p8WKbOBZs5/CRPjq/1HrITk8Sf0GvCtj",
"170513b4-13dc-47b8-87d6-396594d93a2f","SCBI_012.basePlot.bet","D02","SCBI","SCBI_012","W","2016-07-19","2016-08-02","2016-08-03","2016-08-25",,"SCBI_012.W.20160802","XK58HfsRWvfV3LAbZQuLgggsiVsTSwnHI6Ql5ryGWgw=","invert bycatch",,,,,,,,,,"p8WKbOBZs5/CRPjq/1HrITk8Sf0GvCtj",
"5a0d25cb-a82d-4c16-84e7-693cb2c76bd8","SCBI_010.basePlot.bet","D02","SCBI","SCBI_010","W","2016-07-19","2016-08-02","2016-08-03","2016-08-24",,"SCBI_010.W.20160802","6yi0mRc5GEIQZjDsi570xGhILSgZogrfw26zwAr1sPU=","invert bycatch",,,,,,,,,,"vEBCcEQSSh8r9pJtyJMpi8WPWOrf6mR2",
"9aab68bf-76bb-4255-9e98-3afefccb8438","SCBI_006.basePlot.bet","D02","SCBI","SCBI_006","W","2016-07-19","2016-08-02","2016-08-03","2016-10-11","2016-10-11","SCBI_006.W.20160802","2wNT0Wyw287NPoGaw2V4AN6NEWpapT/2KKkRWfzoey4=","carabid","ANIRUS","Anisodactylus rusticus","species",,"Say",,1,"Noonan, G. R. 1973. The Anisodactylines (Insecta: Coleoptera: Carabidae: Harpalini): classification, evolution and zoogeography. Quaestiones Entomologicae 9:266-480.","wYCqaZcA+7tKZqVSOMaNBCcRKvQIOBzP","wYCqaZcA+7tKZqVSOMaNBCcRKvQIOBzP",
"ded825f3-56a6-4fed-8603-e0559b46d7f1","SCBI_002.basePlot.bet","D02","SCBI","SCBI_002","N","2016-08-02","2016-08-16","2016-08-17","2016-10-13","2016-10-13","SCBI_002.N.20160816","NTl2q/XFbjyx0InoN+HVor50y/uezvvp/yfhZ0ktiBE=","carabid","GALBIC","Galerita bicolor","species",,"Drury",,2,"Ciegler, J. C. 2000. Ground beetles and wrinkled bark beetles of South Carolina (Coleoptera: Geadephaga: Carabidae and Rhysodidae). Biota of South Carolina. Vol. 1. Clemson, S. Clemson University.","wYCqaZcA+7tKZqVSOMaNBCcRKvQIOBzP","wYCqaZcA+7tKZqVSOMaNBCcRKvQIOBzP",
"eadcfc19-a0dc-4c84-8445-f9ad5880e77f","SCBI_002.basePlot.bet","D02","SCBI","SCBI_002","N","2016-08-02","2016-08-16","2016-08-17","2016-10-13","2016-10-13","SCBI_002.N.20160816","NTl2q/XFbjyx0InoN+HVomZ8AC+1QvA4w4Jxa4igIKo=","carabid","PTECOR1","Pterostichus coracinus","species",,"Newman",,1,"Bousquet, Y. 2010b. Illustrated Identification Guide to Adults and Larvae of Northeastern North American Ground Beetles (Coleoptera: Carabidae). 1st Ed. Pensoft Publishers, Sofia, Bulgaria.","wYCqaZcA+7tKZqVSOMaNBCcRKvQIOBzP","wYCqaZcA+7tKZqVSOMaNBCcRKvQIOBzP",
"56f5701c-74b2-4a86-af84-0458a9d5ffbe","SCBI_006.basePlot.bet","D02","SCBI","SCBI_006","W","2016-08-02","2016-08-16","2016-08-17","2016-10-13","2016-10-13","SCBI_006.W.20160816","2wNT0Wyw287NPoGaw2V4ANt5//wYBh/Ut0jupnLt6JY=","carabid","CHLAES","Chlaenius aestivus","species",,"Say",,1,"Ciegler, J. C. 2000. Ground beetles and wrinkled bark beetles of South Carolina (Coleoptera: Geadephaga: Carabidae and Rhysodidae). Biota of South Carolina. Vol. 1. Clemson, S. Clemson University.","wYCqaZcA+7tKZqVSOMaNBCcRKvQIOBzP","wYCqaZcA+7tKZqVSOMaNBCcRKvQIOBzP",
"13b7929d-ac9f-4544-9af9-d611672bf164","SCBI_006.basePlot.bet","D02","SCBI","SCBI_006","W","2016-08-02","2016-08-16","2016-08-17","2016-10-13","2016-10-13","SCBI_006.W.20160816","2wNT0Wyw287NPoGaw2V4ACv96gmJUtl0NpPwxSxYy10=","carabid","CYCFUR","Cyclotrachelus furtivus","species",,"LeConte",,2,"Freitag, R. 1969. A revision of the species of the genus Evarthrus LeConte. Quaestiones Entomologicae 5:89-212.","wYCqaZcA+7tKZqVSOMaNBCcRKvQIOBzP","wYCqaZcA+7tKZqVSOMaNBCcRKvQIOBzP",
"a3af2638-960a-42d1-bd7d-a1b1e89a1b65","SCBI_008.basePlot.bet","D02","SCBI","SCBI_008","E","2016-08-02","2016-08-16","2016-08-17","2016-10-13","2016-10-13","SCBI_008.E.20160816","BDl2KAs5Zr1j9VvDjbLcqank9Z2JTp9Yqmf9BipUmc4=","carabid","NOTNIT1","Notiobia nitidipennis","species",,"LeConte",,1,"Ciegler, J. C. 2000. Ground beetles and wrinkled bark beetles of South Carolina (Coleoptera: Geadephaga: Carabidae and Rhysodidae). Biota of South Carolina. Vol. 1. Clemson, S. Clemson University.","wYCqaZcA+7tKZqVSOMaNBCcRKvQIOBzP","wYCqaZcA+7tKZqVSOMaNBCcRKvQIOBzP",
"ca7990a9-8d1b-463a-8973-fb4ac5e15f10","SCBI_012.basePlot.bet","D02","SCBI","SCBI_012","S","2016-08-02","2016-08-16","2016-08-17","2016-10-13","2016-10-13","SCBI_012.S.20160816","XK58HfsRWvdTGJ2w3r2S5jE1v7BaocG1lAaDo7muCDs=","carabid","DICELO","Dicaelus elongatus","species",,"Bonelli",,1,"Ciegler, J. C. 2000. Ground beetles and wrinkled bark beetles of South Carolina (Coleoptera: Geadephaga: Carabidae and Rhysodidae). Biota of South Carolina. Vol. 1. Clemson, S. Clemson University.","wYCqaZcA+7tKZqVSOMaNBCcRKvQIOBzP","wYCqaZcA+7tKZqVSOMaNBCcRKvQIOBzP",
"e4523733-a24b-4679-981e-1565f4f4f0a1","SCBI_010.basePlot.bet","D02","SCBI","SCBI_010","S","2016-08-02","2016-08-16","2016-08-17","2016-10-13","2016-10-13","SCBI_010.S.20160816","6yi0mRc5GEKydkv1GjxiJ29xDh6pnx7zNZzYo8D5RTw=","carabid","PTELAC2","Pterostichus lachrymosus","species",,"Newman",,1,"Bousquet, Y. 2010b. Illustrated Identification Guide to Adults and Larvae of Northeastern North American Ground Beetles (Coleoptera: Carabidae). 1st Ed. Pensoft Publishers, Sofia, Bulgaria.","wYCqaZcA+7tKZqVSOMaNBCcRKvQIOBzP","wYCqaZcA+7tKZqVSOMaNBCcRKvQIOBzP",
"90fd3d69-6553-4bb0-b98c-c3bf334c68b5","SCBI_003.basePlot.bet","D02","SCBI","SCBI_003","E","2016-08-02","2016-08-16","2016-08-17","2016-10-13","2016-10-13","SCBI_003.E.20160816","YQnsugPXdU20RMpGdFBgbjM2C6jXqDOWqhYdehOiqRg=","carabid","CYCSIG","Cyclotrachelus sigillatus","species",,"Say",,2,"Freitag, R. 1969. A revision of the species of the genus Evarthrus LeConte. Quaestiones Entomologicae 5:89-212.","wYCqaZcA+7tKZqVSOMaNBCcRKvQIOBzP","wYCqaZcA+7tKZqVSOMaNBCcRKvQIOBzP",
"16eb2a1e-4ac4-4d22-be4e-dd851cb451f3","SCBI_007.basePlot.bet","D02","SCBI","SCBI_007","N","2016-08-02","2016-08-16","2016-08-17","2016-10-13","2016-10-13","SCBI_007.N.20160816","tckDqTjQv3hxvOyIoVTTTqUpjvr/h/he8+FpifqcU40=","carabid","PTECOR1","Pterostichus coracinus","species",,"Newman",,1,"Bousquet, Y. 2010b. Illustrated Identification Guide to Adults and Larvae of Northeastern North American Ground Beetles (Coleoptera: Carabidae). 1st Ed. Pensoft Publishers, Sofia, Bulgaria.","wYCqaZcA+7tKZqVSOMaNBCcRKvQIOBzP","wYCqaZcA+7tKZqVSOMaNBCcRKvQIOBzP",
"381b4a08-6e21-48a8-9be4-c0319684525f","SCBI_007.basePlot.bet","D02","SCBI","SCBI_007","N","2016-08-02","2016-08-16","2016-08-17","2016-10-13","2016-10-13","SCBI_007.N.20160816","tckDqTjQv3hxvOyIoVTTToSWL372iNz6pUJfs8BoBNs=","carabid","CYCSIG","Cyclotrachelus sigillatus","species",,"Say",,1,"Freitag, R. 1969. A revision of the species of the genus Evarthrus LeConte. Quaestiones Entomologicae 5:89-212.","wYCqaZcA+7tKZqVSOMaNBCcRKvQIOBzP","wYCqaZcA+7tKZqVSOMaNBCcRKvQIOBzP",
"39a1c47d-3d18-45be-ae9d-512033f5ffa3","SCBI_004.basePlot.bet","D02","SCBI","SCBI_004","N","2016-08-02","2016-08-16","2016-08-17","2016-10-13","2016-10-13","SCBI_004.N.20160816","ZCodyo9yj632kmEhNYEwCh+uFqwBcf5HCmXcMI2tZh4=","carabid","CHLAES","Chlaenius aestivus","species",,"Say",,1,"Ciegler, J. C. 2000. Ground beetles and wrinkled bark beetles of South Carolina (Coleoptera: Geadephaga: Carabidae and Rhysodidae). Biota of South Carolina. Vol. 1. Clemson, S. Clemson University.","wYCqaZcA+7tKZqVSOMaNBCcRKvQIOBzP","wYCqaZcA+7tKZqVSOMaNBCcRKvQIOBzP",
"f9e12f48-cdae-404b-8b48-83e5d3942fd1","SCBI_004.basePlot.bet","D02","SCBI","SCBI_004","S","2016-08-02","2016-08-16","2016-08-17","2016-10-13","2016-10-13","SCBI_004.S.20160816","ZCodyo9yj63dNi9ZfegIK6u8UqS2IXF51w9IKHCXAK8=","carabid","GALBIC","Galerita bicolor","species",,"Drury",,1,"Ciegler, J. C. 2000. Ground beetles and wrinkled bark beetles of South Carolina (Coleoptera: Geadephaga: Carabidae and Rhysodidae). Biota of South Carolina. Vol. 1. Clemson, S. Clemson University.","wYCqaZcA+7tKZqVSOMaNBCcRKvQIOBzP","wYCqaZcA+7tKZqVSOMaNBCcRKvQIOBzP",
"c1a5307c-6823-4272-b20c-7e4b4ff79760","SCBI_005.basePlot.bet","D02","SCBI","SCBI_005","E","2016-08-02","2016-08-16","2016-08-17","2016-10-13","2016-10-13","SCBI_005.E.20160816","2MbaqPQFAm5A70or/ZPbOEbsyyDChMtRfmZQaJyvTf4=","carabid","CYCSIG","Cyclotrachelus sigillatus","species",,"Say",,1,"Freitag, R. 1969. A revision of the species of the genus Evarthrus LeConte. Quaestiones Entomologicae 5:89-212.","wYCqaZcA+7tKZqVSOMaNBCcRKvQIOBzP","wYCqaZcA+7tKZqVSOMaNBCcRKvQIOBzP",
"215c9c88-5df7-40b7-9aba-9757d6d93bc1","SCBI_005.basePlot.bet","D02","SCBI","SCBI_005","S","2016-08-02","2016-08-16","2016-08-17","2016-10-13","2016-10-13","SCBI_005.S.20160816","2MbaqPQFAm6kR+I9Li+HcR3yiAMe/HXHdN5yBWplVkg=","carabid","CHLAMO","Chlaenius amoenus","species",,"Dejean",,1,"Ciegler, J. C. 2000. Ground beetles and wrinkled bark beetles of South Carolina (Coleoptera: Geadephaga: Carabidae and Rhysodidae). Biota of South Carolina. Vol. 1. Clemson, S. Clemson University.","wYCqaZcA+7tKZqVSOMaNBCcRKvQIOBzP","wYCqaZcA+7tKZqVSOMaNBCcRKvQIOBzP",
"3770aa27-8053-4f73-8495-3a362c1cf201","SCBI_005.basePlot.bet","D02","SCBI","SCBI_005","S","2016-08-02","2016-08-16","2016-08-17","2016-10-13","2016-10-13","SCBI_005.S.20160816","2MbaqPQFAm6kR+I9Li+HcY8NTiXN6T08ybUMECMvxyI=","carabid","CHLEMA","Chlaenius emarginatus","species",,"Say",,1,"Ciegler, J. C. 2000. Ground beetles and wrinkled bark beetles of South Carolina (Coleoptera: Geadephaga: Carabidae and Rhysodidae). Biota of South Carolina. Vol. 1. Clemson, S. Clemson University.","wYCqaZcA+7tKZqVSOMaNBCcRKvQIOBzP","wYCqaZcA+7tKZqVSOMaNBCcRKvQIOBzP",
"4f64889e-8c69-479a-8ec1-b63acb72832d","SCBI_002.basePlot.bet","D02","SCBI","SCBI_002","S","2016-08-02","2016-08-16","2016-08-17","2016-10-13","2016-10-13","SCBI_002.S.20160816","NTl2q/XFbjzihdY0SXzIUISFEEMAhFp7v5f4r4W2ftc=","carabid","PTESTY","Pterostichus stygicus","species",,"Say",,1,"Bousquet, Y. 2010b. Illustrated Identification Guide to Adults and Larvae of Northeastern North American Ground Beetles (Coleoptera: Carabidae). 1st Ed. Pensoft Publishers, Sofia, Bulgaria.","wYCqaZcA+7tKZqVSOMaNBCcRKvQIOBzP","wYCqaZcA+7tKZqVSOMaNBCcRKvQIOBzP",
"66af8c71-5e13-4c16-9e62-ba4bd86d94b0","SCBI_002.basePlot.bet","D02","SCBI","SCBI_002","S","2016-08-02","2016-08-16","2016-08-17","2016-10-13","2016-10-13","SCBI_002.S.20160816","NTl2q/XFbjzihdY0SXzIUMR7N+KnzprKgztStDMAFS4=","carabid","CYCSIG","Cyclotrachelus sigillatus","species",,"Say",,1,"Freitag, R. 1969. A revision of the species of the genus Evarthrus LeConte. Quaestiones Entomologicae 5:89-212.","wYCqaZcA+7tKZqVSOMaNBCcRKvQIOBzP","wYCqaZcA+7tKZqVSOMaNBCcRKvQIOBzP",
"f62d28c6-f80b-4ef3-9cf1-b9242c9c5370","SCBI_002.basePlot.bet","D02","SCBI","SCBI_002","N","2016-08-02","2016-08-16","2016-08-17","2016-10-13","2016-10-13","SCBI_002.N.20160816","NTl2q/XFbjyx0InoN+HVonu4D/5BoqSM/37xpLqcq2E=","carabid","CHLEMA","Chlaenius emarginatus","species",,"Say",,2,"Ciegler, J. C. 2000. Ground beetles and wrinkled bark beetles of South Carolina (Coleoptera: Geadephaga: Carabidae and Rhysodidae). Biota of South Carolina. Vol. 1. Clemson, S. Clemson University.","wYCqaZcA+7tKZqVSOMaNBCcRKvQIOBzP","wYCqaZcA+7tKZqVSOMaNBCcRKvQIOBzP",
"14752c4c-5b6c-4f4d-9865-df9462744a57","SCBI_002.basePlot.bet","D02","SCBI","SCBI_002","N","2016-08-02","2016-08-16","2016-08-17","2016-10-13","2016-10-13","SCBI_002.N.20160816","NTl2q/XFbjyx0InoN+HVovxbYKnVWuEhd7NVfcdzg/g=","carabid","POELUC","Poecilus lucublandus","species",,"Say",,1,"Ciegler, J. C. 2000. Ground beetles and wrinkled bark beetles of South Carolina (Coleoptera: Geadephaga: Carabidae and Rhysodidae). Biota of South Carolina. Vol. 1. Clemson, S. Clemson University.","wYCqaZcA+7tKZqVSOMaNBCcRKvQIOBzP","wYCqaZcA+7tKZqVSOMaNBCcRKvQIOBzP",
"457e22a4-3c8a-4ae1-94d3-94b649a0e0f7","SCBI_002.basePlot.bet","D02","SCBI","SCBI_002","W","2016-08-02","2016-08-16","2016-08-17","2016-10-13","2016-10-13","SCBI_002.W.20160816","NTl2q/XFbjxtmPpRF5JbES+962Eu0ukJ+qXlFc6bVe8=","carabid","CHLEMA","Chlaenius emarginatus","species",,"Say",,7,"Ciegler, J. C. 2000. Ground beetles and wrinkled bark beetles of South Carolina (Coleoptera: Geadephaga: Carabidae and Rhysodidae). Biota of South Carolina. Vol. 1. Clemson, S. Clemson University.","wYCqaZcA+7tKZqVSOMaNBCcRKvQIOBzP","wYCqaZcA+7tKZqVSOMaNBCcRKvQIOBzP",
"7b01d98f-f69f-461c-a694-d4652cd82a7b","SCBI_002.basePlot.bet","D02","SCBI","SCBI_002","E","2016-08-02","2016-08-16","2016-08-17","2016-10-13","2016-10-13","SCBI_002.E.20160816","NTl2q/XFbjyoJCSKKyH8tZ9I52qGL3Q4YIlkS32Oito=","carabid","GALBIC","Galerita bicolor","species",,"Drury",,2,"Ciegler, J. C. 2000. Ground beetles and wrinkled bark beetles of South Carolina (Coleoptera: Geadephaga: Carabidae and Rhysodidae). Biota of South Carolina. Vol. 1. Clemson, S. Clemson University.","wYCqaZcA+7tKZqVSOMaNBCcRKvQIOBzP","wYCqaZcA+7tKZqVSOMaNBCcRKvQIOBzP",
"f90cefd2-c92c-422b-a0c3-c70ebd1085c3","SCBI_002.basePlot.bet","D02","SCBI","SCBI_002","W","2016-08-02","2016-08-16","2016-08-17","2016-10-13","2016-10-13","SCBI_002.W.20160816","NTl2q/XFbjxtmPpRF5JbEZtXCqSTImCENL5yEypxv+k=","carabid","GALBIC","Galerita bicolor","species",,"Drury",,2,"Ciegler, J. C. 2000. Ground beetles and wrinkled bark beetles of South Carolina (Coleoptera: Geadephaga: Carabidae and Rhysodidae). Biota of South Carolina. Vol. 1. Clemson, S. Clemson University.","wYCqaZcA+7tKZqVSOMaNBCcRKvQIOBzP","wYCqaZcA+7tKZqVSOMaNBCcRKvQIOBzP",
"cd4e221f-9512-46a0-80f7-ff3d4cb63efc","SCBI_002.basePlot.bet","D02","SCBI","SCBI_002","N","2016-08-02","2016-08-16","2016-08-17","2016-10-13","2016-10-13","SCBI_002.N.20160816","NTl2q/XFbjyx0InoN+HVos4DaKQSsOYpyWNxqAEJf/0=","carabid","CHLAMO","Chlaenius amoenus","species",,"Dejean",,1,"Ciegler, J. C. 2000. Ground beetles and wrinkled bark beetles of South Carolina (Coleoptera: Geadephaga: Carabidae and Rhysodidae). Biota of South Carolina. Vol. 1. Clemson, S. Clemson University.","wYCqaZcA+7tKZqVSOMaNBCcRKvQIOBzP","wYCqaZcA+7tKZqVSOMaNBCcRKvQIOBzP",
"b1414964-5246-4c42-8fbc-0631c2436f64","SCBI_002.basePlot.bet","D02","SCBI","SCBI_002","W","2016-08-02","2016-08-16","2016-08-17","2016-10-13","2016-10-13","SCBI_002.W.20160816","NTl2q/XFbjxtmPpRF5JbEXGieJcmnSu/qdvgXit5NF0=","carabid","PTECOR1","Pterostichus coracinus","species",,"Newman",,2,"Bousquet, Y. 2010b. Illustrated Identification Guide to Adults and Larvae of Northeastern North American Ground Beetles (Coleoptera: Carabidae). 1st Ed. Pensoft Publishers, Sofia, Bulgaria.","wYCqaZcA+7tKZqVSOMaNBCcRKvQIOBzP","wYCqaZcA+7tKZqVSOMaNBCcRKvQIOBzP",
"d36ca6bd-115d-4465-9fcb-3bbaf430a023","SCBI_002.basePlot.bet","D02","SCBI","SCBI_002","E","2016-08-02","2016-08-16","2016-08-17","2016-10-13","2016-10-13","SCBI_002.E.20160816","NTl2q/XFbjyoJCSKKyH8tRJ+tmFyoL2ukTNeNXT4Ra4=","carabid","PTECOR1","Pterostichus coracinus","species",,"Newman",,5,"Bousquet, Y. 2010b. Illustrated Identification Guide to Adults and Larvae of Northeastern North American Ground Beetles (Coleoptera: Carabidae). 1st Ed. Pensoft Publishers, Sofia, Bulgaria.","wYCqaZcA+7tKZqVSOMaNBCcRKvQIOBzP","wYCqaZcA+7tKZqVSOMaNBCcRKvQIOBzP",
"cd6e6f1b-a307-43bf-a65d-85b503c5206e","SCBI_002.basePlot.bet","D02","SCBI","SCBI_002","W","2016-08-02","2016-08-16","2016-08-17","2016-10-13","2016-10-13","SCBI_002.W.20160816","NTl2q/XFbjxtmPpRF5JbEa6wo8fsy63xt0v0tDqT6PU=","carabid","BRAFUM","Brachinus fumans","species",,"Fabricius",,1,"Ciegler, J. C. 2000. Ground beetles and wrinkled bark beetles of South Carolina (Coleoptera: Geadephaga: Carabidae and Rhysodidae). Biota of South Carolina. Vol. 1. Clemson, S. Clemson University.","wYCqaZcA+7tKZqVSOMaNBCcRKvQIOBzP","wYCqaZcA+7tKZqVSOMaNBCcRKvQIOBzP",
"453574e8-ae02-4b7d-9292-9a666b7f9a47","SCBI_002.basePlot.bet","D02","SCBI","SCBI_002","S","2016-08-02","2016-08-16","2016-08-17","2016-10-13","2016-10-13","SCBI_002.S.20160816","NTl2q/XFbjzihdY0SXzIUP+jYMQof6ReKa7b9To8d9Q=","carabid","GALBIC","Galerita bicolor","species",,"Drury",,2,"Ciegler, J. C. 2000. Ground beetles and wrinkled bark beetles of South Carolina (Coleoptera: Geadephaga: Carabidae and Rhysodidae). Biota of South Carolina. Vol. 1. Clemson, S. Clemson University.","wYCqaZcA+7tKZqVSOMaNBCcRKvQIOBzP","wYCqaZcA+7tKZqVSOMaNBCcRKvQIOBzP",
"4ac04fb4-c07b-4d0d-9968-b8096017e932","SCBI_002.basePlot.bet","D02","SCBI","SCBI_002","S","2016-08-02","2016-08-16","2016-08-17","2016-10-13","2016-10-13","SCBI_002.S.20160816","NTl2q/XFbjzihdY0SXzIUBcfYYHM5QucVIi6HnJBFYA=","carabid","PTECOR1","Pterostichus coracinus","species",,"Newman",,1,"Bousquet, Y. 2010b. Illustrated Identification Guide to Adults and Larvae of Northeastern North American Ground Beetles (Coleoptera: Carabidae). 1st Ed. Pensoft Publishers, Sofia, Bulgaria.","wYCqaZcA+7tKZqVSOMaNBCcRKvQIOBzP","wYCqaZcA+7tKZqVSOMaNBCcRKvQIOBzP",
"aa189272-60f3-4c11-bc50-819daafbe88d","SCBI_005.basePlot.bet","D02","SCBI","SCBI_005","E","2016-08-02","2016-08-16","2016-08-17","2016-09-02",,"SCBI_005.E.20160816","2MbaqPQFAm5A70or/ZPbOLaVWmseaAJ85BAulRhtt9o=","invert bycatch",,,,,,,,,,"vEBCcEQSSh8r9pJtyJMpi8WPWOrf6mR2",
"d55f972a-1b62-4fbc-849f-9e646682379b","SCBI_004.basePlot.bet","D02","SCBI","SCBI_004","E","2016-08-02","2016-08-16","2016-08-17","2016-09-02",,"SCBI_004.E.20160816","ZCodyo9yj62BL7y83B4YIOb33oP2vC0T/y2kVtEFG20=","invert bycatch",,,,,,,,,,"p8WKbOBZs5/CRPjq/1HrITk8Sf0GvCtj",
"6bed4311-5085-4ebc-8c2f-0d29ef773747","SCBI_033.basePlot.bet","D02","SCBI","SCBI_033","E","2016-08-02","2016-08-16","2016-08-17","2016-09-02",,"SCBI_033.E.20160816","4ZBK4Rjlf9k8yulsGmd7kAFe9aqHP3Sx0Kp12vXtjW0=","invert bycatch",,,,,,,,,,"vEBCcEQSSh8r9pJtyJMpi8WPWOrf6mR2",
"080af24a-6762-4b23-ac22-bc023e60875c","SCBI_003.basePlot.bet","D02","SCBI","SCBI_003","E","2016-08-02","2016-08-16","2016-08-17","2016-09-06",,"SCBI_003.E.20160816","YQnsugPXdU20RMpGdFBgbq39O1nxu6fxN0Rxxg2XvoE=","invert bycatch",,,,,,,,,,"p8WKbOBZs5/CRPjq/1HrITk8Sf0GvCtj",
"8a970c3e-c45b-495b-8fef-74d3a240b478","SCBI_010.basePlot.bet","D02","SCBI","SCBI_010","E","2016-08-02","2016-08-16","2016-08-17","2016-09-06",,"SCBI_010.E.20160816","6yi0mRc5GEIbmeLa5b+Qe21rE7jxxpd95NQ2WL4ZP5w=","invert bycatch",,,,,,,,,,"WKwujoF6P3YAOkhzyJ/xP0/1URP18h18",
"a3302bf8-5540-42f9-a002-fc6d994a2f29","SCBI_008.basePlot.bet","D02","SCBI","SCBI_008","E","2016-08-02","2016-08-16","2016-08-17","2016-09-06",,"SCBI_008.E.20160816","BDl2KAs5Zr1j9VvDjbLcqQGDtnTBEKqOCXki105unZ0=","invert bycatch",,,,,,,,,,"ena7GLJui5s1h8moQAQPw3Qj2+mVdivS","2 filters but no change label"
"73a3526b-3089-419c-9169-5ee7f7ff244d","SCBI_012.basePlot.bet","D02","SCBI","SCBI_012","E","2016-08-02","2016-08-16","2016-08-17","2016-09-01",,"SCBI_012.E.20160816","XK58HfsRWve1EdV8jdFU9yF2GQnKLkCY68XEkck/Kro=","invert bycatch",,,,,,,,,,"p8WKbOBZs5/CRPjq/1HrITk8Sf0GvCtj",
"4f4d1f45-a38c-4003-8b6c-fcb377f61846","SCBI_006.basePlot.bet","D02","SCBI","SCBI_006","E","2016-08-02","2016-08-16","2016-08-17","2016-09-02",,"SCBI_006.E.20160816","2wNT0Wyw284cn5ygCsfFq4obzr5+r9XN6vuMfkvBy44=","invert bycatch",,,,,,,,,,"p8WKbOBZs5/CRPjq/1HrITk8Sf0GvCtj",
"85249658-356c-4841-9aa1-8f9b7736656f","SCBI_002.basePlot.bet","D02","SCBI","SCBI_002","E","2016-08-02","2016-08-16","2016-08-17","2016-09-02",,"SCBI_002.E.20160816","NTl2q/XFbjyoJCSKKyH8tS/usElz6amSaahbiIndybo=","invert bycatch",,,,,,,,,,"p8WKbOBZs5/CRPjq/1HrITk8Sf0GvCtj",
"c191c6bb-101d-44bc-bb62-0cc0b1b82f00","SCBI_002.basePlot.bet","D02","SCBI","SCBI_002","N","2016-08-02","2016-08-16","2016-08-17","2016-09-01",,"SCBI_002.N.20160816","NTl2q/XFbjyx0InoN+HVonnCNP9YRAVxWnUai8/Z9Eg=","invert bycatch",,,,,,,,,,"p8WKbOBZs5/CRPjq/1HrITk8Sf0GvCtj",
"c924dc4c-43ac-424a-87b9-b22b045e3f4c","SCBI_010.basePlot.bet","D02","SCBI","SCBI_010","N","2016-08-02","2016-08-16","2016-08-17","2016-09-06",,"SCBI_010.N.20160816","6yi0mRc5GEKsxUrIqxAtkPHb4sY13uKFdSrhl9WBUj0=","invert bycatch",,,,,,,,,,"WKwujoF6P3YAOkhzyJ/xP0/1URP18h18",
"26cc7f1a-dedb-4541-9d20-6f866f3058b0","SCBI_012.basePlot.bet","D02","SCBI","SCBI_012","N","2016-08-02","2016-08-16","2016-08-17","2016-09-01",,"SCBI_012.N.20160816","XK58HfsRWveG+LxxqSJmkFRjAUqDqVSn1/kw3qR7Y5M=","invert bycatch",,,,,,,,,,"p8WKbOBZs5/CRPjq/1HrITk8Sf0GvCtj",
"bd600383-e97f-44d7-80e8-b6c1a0398c94","SCBI_006.basePlot.bet","D02","SCBI","SCBI_006","N","2016-08-02","2016-08-16","2016-08-17","2016-09-02",,"SCBI_006.N.20160816","2wNT0Wyw2875TyQhETP35IdSSCXYCux4g4uibE6f6lU=","invert bycatch",,,,,,,,,,"p8WKbOBZs5/CRPjq/1HrITk8Sf0GvCtj",
"49f1ca3b-fb13-49c9-9719-1c3f799433b5","SCBI_008.basePlot.bet","D02","SCBI","SCBI_008","N","2016-08-02","2016-08-16","2016-08-17","2016-09-06",,"SCBI_008.N.20160816","BDl2KAs5Zr0fn/nHolfnFkEvNfPL/MjHG6K3TCcPhcQ=","invert bycatch",,,,,,,,,,"ena7GLJui5s1h8moQAQPw3Qj2+mVdivS",
"a16f0bcd-a005-4427-b9fe-5510e08e5eed","SCBI_033.basePlot.bet","D02","SCBI","SCBI_033","N","2016-08-02","2016-08-16","2016-08-17","2016-09-02",,"SCBI_033.N.20160816","4ZBK4Rjlf9mNaDg4fctN5eyBRnKcdHN4+yRjW+5wXaw=","invert bycatch",,,,,,,,,,"vEBCcEQSSh8r9pJtyJMpi8WPWOrf6mR2",
"2743c9c2-e90d-4ba1-83fb-17a9f4dc2f90","SCBI_003.basePlot.bet","D02","SCBI","SCBI_003","N","2016-08-02","2016-08-16","2016-08-17","2016-09-06",,"SCBI_003.N.20160816","YQnsugPXdU1zKegFIYZ+iMm+Eib1Dl0N+7NpuARbhCo=","invert bycatch",,,,,,,,,,"p8WKbOBZs5/CRPjq/1HrITk8Sf0GvCtj",
"a1146851-301e-4fa3-a715-db245672cc30","SCBI_005.basePlot.bet","D02","SCBI","SCBI_005","N","2016-08-02","2016-08-16","2016-08-17","2016-09-02",,"SCBI_005.N.20160816","2MbaqPQFAm6RE6ad9TwzJwKLeDqNB7/gbBfArKdK9Dk=","invert bycatch",,,,,,,,,,"vEBCcEQSSh8r9pJtyJMpi8WPWOrf6mR2",
"32b55aae-c720-41dc-84d6-2358c53e18b8","SCBI_007.basePlot.bet","D02","SCBI","SCBI_007","N","2016-08-02","2016-08-16","2016-08-17","2016-09-06",,"SCBI_007.N.20160816","tckDqTjQv3hxvOyIoVTTTpPNtCdPapYi6kRd3ujSpng=","invert bycatch",,,,,,,,,,"ena7GLJui5s1h8moQAQPw3Qj2+mVdivS",
"062ed999-c5f8-46d7-a6f6-2b2cd485c504","SCBI_004.basePlot.bet","D02","SCBI","SCBI_004","N","2016-08-02","2016-08-16","2016-08-17","2016-09-01",,"SCBI_004.N.20160816","ZCodyo9yj632kmEhNYEwCud6f3I0DZ8zKhoKCNF0CVA=","invert bycatch",,,,,,,,,,"p8WKbOBZs5/CRPjq/1HrITk8Sf0GvCtj",
"ca5dd9a5-8770-4856-977d-360b5b26becb","SCBI_033.basePlot.bet","D02","SCBI","SCBI_033","S","2016-08-02","2016-08-16","2016-08-17","2016-09-02",,"SCBI_033.S.20160816","4ZBK4Rjlf9nC8bRn4VSanSTjnW9uoDlYtRdx1E50i5U=","invert bycatch",,,,,,,,,,"vEBCcEQSSh8r9pJtyJMpi8WPWOrf6mR2",
"09e6b9ac-3255-4c2f-9a13-e2e0c5893838","SCBI_003.basePlot.bet","D02","SCBI","SCBI_003","S","2016-08-02","2016-08-16","2016-08-17","2016-09-06",,"SCBI_003.S.20160816","YQnsugPXdU20stMS6UWXw8sJcXXLLP43IdoI+OLOWoE=","invert bycatch",,,,,,,,,,"p8WKbOBZs5/CRPjq/1HrITk8Sf0GvCtj",
"032515a3-6773-4db4-b5ec-585d97b43d27","SCBI_012.basePlot.bet","D02","SCBI","SCBI_012","S","2016-08-02","2016-08-16","2016-08-17","2016-09-01",,"SCBI_012.S.20160816","XK58HfsRWvdTGJ2w3r2S5ubt3aGGqfJa0K3zespZXPI=","invert bycatch",,,,,,,,,,"p8WKbOBZs5/CRPjq/1HrITk8Sf0GvCtj",
"d22289b8-50c0-493b-8659-c71dde7447a9","SCBI_004.basePlot.bet","D02","SCBI","SCBI_004","S","2016-08-02","2016-08-16","2016-08-17","2016-09-02",,"SCBI_004.S.20160816","ZCodyo9yj63dNi9ZfegIK192uE11pNo69z/P103Ziqw=","invert bycatch",,,,,,,,,,"p8WKbOBZs5/CRPjq/1HrITk8Sf0GvCtj",
"392f102d-5b7c-4107-a14c-69e5a4331a38","SCBI_005.basePlot.bet","D02","SCBI","SCBI_005","S","2016-08-02","2016-08-16","2016-08-17","2016-09-02",,"SCBI_005.S.20160816","2MbaqPQFAm6kR+I9Li+HcYz9gAOTzSLG0SUByvy8zCU=","invert bycatch",,,,,,,,,,"vEBCcEQSSh8r9pJtyJMpi8WPWOrf6mR2",
"099a41f6-b97a-47a4-b863-121c3be6637c","SCBI_006.basePlot.bet","D02","SCBI","SCBI_006","S","2016-08-02","2016-08-16","2016-08-17","2016-09-02",,"SCBI_006.S.20160816","2wNT0Wyw286/826Xi7eVPepFDGsJb4YOsRxVlUScXdk=","invert bycatch",,,,,,,,,,"p8WKbOBZs5/CRPjq/1HrITk8Sf0GvCtj",
"2ffaa5ee-a33f-4a36-b12b-c1279a7afaed","SCBI_008.basePlot.bet","D02","SCBI","SCBI_008","S","2016-08-02","2016-08-16","2016-08-17","2016-09-06",,"SCBI_008.S.20160816","BDl2KAs5Zr3ZSpxXmmJRzoRQBMHRT5enf3VAHy/MhxI=","invert bycatch",,,,,,,,,,"ena7GLJui5s1h8moQAQPw3Qj2+mVdivS","2 filters but no change labels."
"3271259d-082f-4d7b-91a3-00031e9c1a36","SCBI_002.basePlot.bet","D02","SCBI","SCBI_002","S","2016-08-02","2016-08-16","2016-08-17","2016-09-02",,"SCBI_002.S.20160816","NTl2q/XFbjzihdY0SXzIULVAWYJB6Xi0AMBjP2WdRro=","invert bycatch",,,,,,,,,,"p8WKbOBZs5/CRPjq/1HrITk8Sf0GvCtj",
"8f154df9-8275-43ca-9686-2bacd2cfbdb0","SCBI_010.basePlot.bet","D02","SCBI","SCBI_010","S","2016-08-02","2016-08-16","2016-08-17","2016-09-06",,"SCBI_010.S.20160816","6yi0mRc5GEKydkv1GjxiJ1w5g4LefOVFR8BCrDN9zs4=","invert bycatch",,,,,,,,,,"WKwujoF6P3YAOkhzyJ/xP0/1URP18h18",
"c21c8384-a2d0-4977-bb76-d45d898f6d28","SCBI_012.basePlot.bet","D02","SCBI","SCBI_012","W","2016-08-02","2016-08-16","2016-08-17","2016-09-01",,"SCBI_012.W.20160816","XK58HfsRWvfV3LAbZQuLgvKIkS3AjHAsLYK/fCbSbzQ=","invert bycatch",,,,,,,,,,"p8WKbOBZs5/CRPjq/1HrITk8Sf0GvCtj",
"5c710829-0d17-401c-82a9-3787bed14b66","SCBI_006.basePlot.bet","D02","SCBI","SCBI_006","W","2016-08-02","2016-08-16","2016-08-17","2016-09-02",,"SCBI_006.W.20160816","2wNT0Wyw287NPoGaw2V4AB2H6UKRc2bAlAXRmL1LnBc=","invert bycatch",,,,,,,,,,"p8WKbOBZs5/CRPjq/1HrITk8Sf0GvCtj",
"ff242b71-8bc4-44e7-a700-1b611b7c2819","SCBI_008.basePlot.bet","D02","SCBI","SCBI_008","W","2016-08-02","2016-08-16","2016-08-17","2016-09-06",,"SCBI_008.W.20160816","BDl2KAs5Zr37qk81DaI3uEmjt9IVceHGL+TuXrLhmR0=","invert bycatch",,,,,,,,,,"ena7GLJui5s1h8moQAQPw3Qj2+mVdivS",
"dbd9e274-4f40-44d3-90be-575d3a6017ba","SCBI_002.basePlot.bet","D02","SCBI","SCBI_002","W","2016-08-02","2016-08-16","2016-08-17","2016-09-02",,"SCBI_002.W.20160816","NTl2q/XFbjxtmPpRF5JbEW/Hx1Rs8CDvz16i9nU4RZQ=","invert bycatch",,,,,,,,,,"p8WKbOBZs5/CRPjq/1HrITk8Sf0GvCtj",
"6ece52b3-6b93-4797-91cb-a685841fb28b","SCBI_004.basePlot.bet","D02","SCBI","SCBI_004","W","2016-08-02","2016-08-16","2016-08-17","2016-09-01",,"SCBI_004.W.20160816","ZCodyo9yj609HtfWqVX+BQ1Q45poxt/ShuAJXGBZqGk=","invert bycatch",,,,,,,,,,"p8WKbOBZs5/CRPjq/1HrITk8Sf0GvCtj",
"889fe41f-58a5-4db2-bed3-0ae934e5bded","SCBI_005.basePlot.bet","D02","SCBI","SCBI_005","W","2016-08-02","2016-08-16","2016-08-17","2016-09-02",,"SCBI_005.W.20160816","2MbaqPQFAm4C5b3PAN3oYSRUb5+INME5a8r+bY2436o=","invert bycatch",,,,,,,,,,"vEBCcEQSSh8r9pJtyJMpi8WPWOrf6mR2",
"e91fe791-ae0d-4abd-be07-f8fe32af7995","SCBI_007.basePlot.bet","D02","SCBI","SCBI_007","W","2016-08-02","2016-08-16","2016-08-17","2016-09-06",,"SCBI_007.W.20160816","tckDqTjQv3i53K+EPwOjp6sSBaklugm/i7/cVuC3TzE=","invert bycatch",,,,,,,,,,"/AhbGCCF27wHz9TggrmS1nLN8zUO+zcB",
"1df174ec-ded2-4ca2-8e98-43bc73d33a15","SCBI_033.basePlot.bet","D02","SCBI","SCBI_033","W","2016-08-02","2016-08-16","2016-08-17","2016-09-02",,"SCBI_033.W.20160816","4ZBK4Rjlf9lnlC3/aPVV18u3h5BF6IbgYR7koxWgNYA=","invert bycatch",,,,,,,,,,"vEBCcEQSSh8r9pJtyJMpi8WPWOrf6mR2",
"3bd45cdf-fb8e-4a44-96e8-21bd71b05840","SCBI_010.basePlot.bet","D02","SCBI","SCBI_010","W","2016-08-02","2016-08-16","2016-08-17","2016-09-06",,"SCBI_010.W.20160816","6yi0mRc5GEIQZjDsi570xBr87MNUI2MBOTgRl6GfH4U=","invert bycatch",,,,,,,,,,"WKwujoF6P3YAOkhzyJ/xP0/1URP18h18",
"a00c2eae-6bf1-48d0-ac2a-4c6b6260f790","SCBI_006.basePlot.bet","D02","SCBI","SCBI_006","W","2016-08-16","2016-08-30","2016-08-31","2016-10-17","2016-10-17","SCBI_006.W.20160830","2wNT0Wyw287NPoGaw2V4AJCfEzQkJSYiJ/J5Srj1fOg=","carabid","HARRUB","Harpalus rubripes","species",,"Duftschmid","D02.2016.MorphB",1,"Bousquet, Y. 2010b. Illustrated Identification Guide to Adults and Larvae of Northeastern North American Ground Beetles (Coleoptera: Carabidae). 1st Ed. Pensoft Publishers, Sofia, Bulgaria.","wYCqaZcA+7tKZqVSOMaNBCcRKvQIOBzP","wYCqaZcA+7tKZqVSOMaNBCcRKvQIOBzP",
"8e4502ad-2637-4d22-b71b-98705511c53d","SCBI_008.basePlot.bet","D02","SCBI","SCBI_008","W","2016-08-16","2016-08-30","2016-08-31","2016-09-15",,"SCBI_008.W.20160830","BDl2KAs5Zr37qk81DaI3uF1MEbMMIFvcdAyupztc8/g=","invert bycatch",,,,,,,,,,"ena7GLJui5s1h8moQAQPw3Qj2+mVdivS",
"8d797f66-a759-4cae-9ee8-4ae901a00345","SCBI_002.basePlot.bet","D02","SCBI","SCBI_002","E","2016-08-16","2016-08-30","2016-08-31","2016-10-17","2016-10-17","SCBI_002.E.20160830","NTl2q/XFbjyoJCSKKyH8tXkQZPVwJM8LwC1/KuoZAQk=","carabid","PTECOR1","Pterostichus coracinus","species",,"Newman",,21,"Bousquet, Y. 2010b. Illustrated Identification Guide to Adults and Larvae of Northeastern North American Ground Beetles (Coleoptera: Carabidae). 1st Ed. Pensoft Publishers, Sofia, Bulgaria.","wYCqaZcA+7tKZqVSOMaNBCcRKvQIOBzP","wYCqaZcA+7tKZqVSOMaNBCcRKvQIOBzP",
"49273490-bd4c-4422-b2ba-05d40d9c56e0","SCBI_002.basePlot.bet","D02","SCBI","SCBI_002","N","2016-08-16","2016-08-30","2016-08-31","2016-10-17","2016-10-17","SCBI_002.N.20160830","NTl2q/XFbjyx0InoN+HVolpNa6Xe+JipO6yoAr6C5bg=","carabid","PTECOR1","Pterostichus coracinus","species",,"Newman",,1,"Bousquet, Y. 2010b. Illustrated Identification Guide to Adults and Larvae of Northeastern North American Ground Beetles (Coleoptera: Carabidae). 1st Ed. Pensoft Publishers, Sofia, Bulgaria.","wYCqaZcA+7tKZqVSOMaNBCcRKvQIOBzP","wYCqaZcA+7tKZqVSOMaNBCcRKvQIOBzP",
"364956c9-235a-4c76-a490-194de3edd5e2","SCBI_002.basePlot.bet","D02","SCBI","SCBI_002","E","2016-08-16","2016-08-30","2016-08-31","2016-10-17","2016-10-17","SCBI_002.E.20160830","NTl2q/XFbjyoJCSKKyH8tcMWnVrAS4doV35twjBGzE4=","carabid","GALBIC","Galerita bicolor","species",,"Drury",,8,"Ciegler, J. C. 2000. Ground beetles and wrinkled bark beetles of South Carolina (Coleoptera: Geadephaga: Carabidae and Rhysodidae). Biota of South Carolina. Vol. 1. Clemson, S. Clemson University.","wYCqaZcA+7tKZqVSOMaNBCcRKvQIOBzP","wYCqaZcA+7tKZqVSOMaNBCcRKvQIOBzP",
"5a734697-3cd2-4b0f-9053-2cccc238297f","SCBI_002.basePlot.bet","D02","SCBI","SCBI_002","E","2016-08-16","2016-08-30","2016-08-31","2016-10-17","2016-10-17","SCBI_002.E.20160830","NTl2q/XFbjyoJCSKKyH8tcYgLFKNIZPGa+bO8LpoWG8=","carabid","PTELAC2","Pterostichus lachrymosus","species",,"Newman",,1,"Ciegler, J. C. 2000. Ground beetles and wrinkled bark beetles of South Carolina (Coleoptera: Geadephaga: Carabidae and Rhysodidae). Biota of South Carolina. Vol. 1. Clemson, S. Clemson University.","wYCqaZcA+7tKZqVSOMaNBCcRKvQIOBzP","wYCqaZcA+7tKZqVSOMaNBCcRKvQIOBzP",
"2e4566fc-6f28-4b5a-8914-70daece7f138","SCBI_002.basePlot.bet","D02","SCBI","SCBI_002","N","2016-08-16","2016-08-30","2016-08-31","2016-10-17","2016-10-17","SCBI_002.N.20160830","NTl2q/XFbjyx0InoN+HVoqQlKO/hk3x7EEhn2kXPTLk=","carabid","GALBIC","Galerita bicolor","species",,"Drury",,3,"Ciegler, J. C. 2000. Ground beetles and wrinkled bark beetles of South Carolina (Coleoptera: Geadephaga: Carabidae and Rhysodidae). Biota of South Carolina. Vol. 1. Clemson, S. Clemson University.","wYCqaZcA+7tKZqVSOMaNBCcRKvQIOBzP","wYCqaZcA+7tKZqVSOMaNBCcRKvQIOBzP",
"2b21a06a-88ae-4f72-91d6-630718a70da3","SCBI_002.basePlot.bet","D02","SCBI","SCBI_002","S","2016-08-16","2016-08-30","2016-08-31","2016-10-17","2016-10-17","SCBI_002.S.20160830","NTl2q/XFbjzihdY0SXzIUMSMSTpkXeNwFOTQ4RlAIYo=","carabid","CYCSIG","Cyclotrachelus sigillatus","species",,"Say",,1,"Freitag, R. 1969. A revision of the species of the genus Evarthrus LeConte. Quaestiones Entomologicae 5:89-212.","wYCqaZcA+7tKZqVSOMaNBCcRKvQIOBzP","wYCqaZcA+7tKZqVSOMaNBCcRKvQIOBzP",
"55ad4a96-9447-43f8-9b08-9d07458a7448","SCBI_002.basePlot.bet","D02","SCBI","SCBI_002","S","2016-08-16","2016-08-30","2016-08-31","2016-10-17","2016-10-17","SCBI_002.S.20160830","NTl2q/XFbjzihdY0SXzIUGsjTEA764FWX2ScnU1l0GU=","carabid","CHLAES","Chlaenius aestivus","species",,"Say",,1,"Ciegler, J. C. 2000. Ground beetles and wrinkled bark beetles of South Carolina (Coleoptera: Geadephaga: Carabidae and Rhysodidae). Biota of South Carolina. Vol. 1. Clemson, S. Clemson University.","wYCqaZcA+7tKZqVSOMaNBCcRKvQIOBzP","wYCqaZcA+7tKZqVSOMaNBCcRKvQIOBzP",
"eca7cafe-ef07-4f3d-9bda-842183de9081","SCBI_002.basePlot.bet","D02","SCBI","SCBI_002","E","2016-08-16","2016-08-30","2016-08-31","2016-10-17","2016-10-17","SCBI_002.E.20160830","NTl2q/XFbjyoJCSKKyH8tfe5NDZml4xTjuOKmpGstjI=","carabid","CYCSIG","Cyclotrachelus sigillatus","species",,"Say",,1,"Freitag, R. 1969. A revision of the species of the genus Evarthrus LeConte. Quaestiones Entomologicae 5:89-212.","wYCqaZcA+7tKZqVSOMaNBCcRKvQIOBzP","wYCqaZcA+7tKZqVSOMaNBCcRKvQIOBzP",
"032de757-157f-4fc1-a5d6-74afa41aad52","SCBI_002.basePlot.bet","D02","SCBI","SCBI_002","S","2016-08-16","2016-08-30","2016-08-31","2016-10-17","2016-10-17","SCBI_002.S.20160830","NTl2q/XFbjzihdY0SXzIUEr6zEto3HE8o2n/7g9HeiA=","carabid","PTECOR1","Pterostichus coracinus","species",,"Newman",,6,"Bousquet, Y. 2010b. Illustrated Identification Guide to Adults and Larvae of Northeastern North American Ground Beetles (Coleoptera: Carabidae). 1st Ed. Pensoft Publishers, Sofia, Bulgaria.","wYCqaZcA+7tKZqVSOMaNBCcRKvQIOBzP","wYCqaZcA+7tKZqVSOMaNBCcRKvQIOBzP",
"cbd11146-5fb1-40cb-ac1d-d80d81c439d1","SCBI_002.basePlot.bet","D02","SCBI","SCBI_002","N","2016-08-16","2016-08-30","2016-08-31","2016-10-17","2016-10-17","SCBI_002.N.20160830","NTl2q/XFbjyx0InoN+HVotPgDgCDyNQwydM2/F8L8ZE=","carabid","DICDIL1","Dicaelus dilatatus dilatatus","subspecies",,"Say",,1,"Ciegler, J. C. 2000. Ground beetles and wrinkled bark beetles of South Carolina (Coleoptera: Geadephaga: Carabidae and Rhysodidae). Biota of South Carolina. Vol. 1. Clemson, S. Clemson University.","wYCqaZcA+7tKZqVSOMaNBCcRKvQIOBzP","wYCqaZcA+7tKZqVSOMaNBCcRKvQIOBzP",
"855fb44b-650e-43f7-84af-fab0f9233fdb","SCBI_002.basePlot.bet","D02","SCBI","SCBI_002","N","2016-08-16","2016-08-30","2016-08-31","2016-10-17","2016-10-17","SCBI_002.N.20160830","NTl2q/XFbjyx0InoN+HVorO2WcIm+55ILrI9VhjMw7k=","carabid","PTESTY","Pterostichus stygicus","species",,"Say",,1,"Bousquet, Y. 2010b. Illustrated Identification Guide to Adults and Larvae of Northeastern North American Ground Beetles (Coleoptera: Carabidae). 1st Ed. Pensoft Publishers, Sofia, Bulgaria.","wYCqaZcA+7tKZqVSOMaNBCcRKvQIOBzP","wYCqaZcA+7tKZqVSOMaNBCcRKvQIOBzP",
"b85557c9-988f-4960-be82-a5208ca7fded","SCBI_002.basePlot.bet","D02","SCBI","SCBI_002","W","2016-08-16","2016-08-30","2016-08-31","2016-10-17","2016-10-17","SCBI_002.W.20160830","NTl2q/XFbjxtmPpRF5JbEWT7fwz2gvZNoZyTrg6K8z0=","carabid","PTECOR1","Pterostichus coracinus","species",,"Newman",,5,"Bousquet, Y. 2010b. Illustrated Identification Guide to Adults and Larvae of Northeastern North American Ground Beetles (Coleoptera: Carabidae). 1st Ed. Pensoft Publishers, Sofia, Bulgaria.","wYCqaZcA+7tKZqVSOMaNBCcRKvQIOBzP","wYCqaZcA+7tKZqVSOMaNBCcRKvQIOBzP",
"3661816e-7c66-471f-9890-b4199102f4a7","SCBI_002.basePlot.bet","D02","SCBI","SCBI_002","W","2016-08-16","2016-08-30","2016-08-31","2016-10-17","2016-10-17","SCBI_002.W.20160830","NTl2q/XFbjxtmPpRF5JbEVOwGEA0pkWiQr3TvtHGLQk=","carabid","CYCSIG","Cyclotrachelus sigillatus","species",,"Say",,1,"Freitag, R. 1969. A revision of the species of the genus Evarthrus LeConte. Quaestiones Entomologicae 5:89-212.","wYCqaZcA+7tKZqVSOMaNBCcRKvQIOBzP","wYCqaZcA+7tKZqVSOMaNBCcRKvQIOBzP",
"fcf32a77-011a-4919-ad4b-bfb0acd48c7c","SCBI_008.basePlot.bet","D02","SCBI","SCBI_008","N","2016-08-16","2016-08-30","2016-08-31","2016-10-17","2016-10-17","SCBI_008.N.20160830","BDl2KAs5Zr0fn/nHolfnFvT4gCYP5x5PH7gv0gLDq0M=","carabid","CHLAES","Chlaenius aestivus","species",,"Say",,2,"Ciegler, J. C. 2000. Ground beetles and wrinkled bark beetles of South Carolina (Coleoptera: Geadephaga: Carabidae and Rhysodidae). Biota of South Carolina. Vol. 1. Clemson, S. Clemson University.","wYCqaZcA+7tKZqVSOMaNBCcRKvQIOBzP","wYCqaZcA+7tKZqVSOMaNBCcRKvQIOBzP",
"73bc434a-11d0-4679-b822-d4e66b1b58d9","SCBI_010.basePlot.bet","D02","SCBI","SCBI_010","N","2016-08-16","2016-08-30","2016-08-31","2016-10-17","2016-10-17","SCBI_010.N.20160830","6yi0mRc5GEKsxUrIqxAtkF2bHIvmjxqLF2rjVDZ4eE8=","carabid","PTELAC2","Pterostichus lachrymosus","species",,"Newman",,1,"Bousquet, Y. 2010b. Illustrated Identification Guide to Adults and Larvae of Northeastern North American Ground Beetles (Coleoptera: Carabidae). 1st Ed. Pensoft Publishers, Sofia, Bulgaria.","wYCqaZcA+7tKZqVSOMaNBCcRKvQIOBzP","wYCqaZcA+7tKZqVSOMaNBCcRKvQIOBzP",
"639f2244-4e57-4180-b3cd-d09d0d550d69","SCBI_012.basePlot.bet","D02","SCBI","SCBI_012","N","2016-08-16","2016-08-30","2016-08-31","2016-10-17","2016-10-17","SCBI_012.N.20160830","XK58HfsRWveG+LxxqSJmkLG9xmCNNBpsemOGIdK8Q90=","carabid","HARCOM","Harpalus compar","species",,"LeConte",,1,"Bousquet, Y. 2010b. Illustrated Identification Guide to Adults and Larvae of Northeastern North American Ground Beetles (Coleoptera: Carabidae). 1st Ed. Pensoft Publishers, Sofia, Bulgaria.","wYCqaZcA+7tKZqVSOMaNBCcRKvQIOBzP","wYCqaZcA+7tKZqVSOMaNBCcRKvQIOBzP",
"0a08e0c8-c598-4e5a-bf03-2f81d9f6dbc6","SCBI_010.basePlot.bet","D02","SCBI","SCBI_010","E","2016-08-16","2016-08-30","2016-08-31","2016-10-17","2016-10-17","SCBI_010.E.20160830","6yi0mRc5GEIbmeLa5b+Qe7WiTY5ILbEVqekdlfSXZ+0=","carabid","CALGRE","Calathus gregarius","species",,"Say",,1,"Bousquet, Y. 2010b. Illustrated Identification Guide to Adults and Larvae of Northeastern North American Ground Beetles (Coleoptera: Carabidae). 1st Ed. Pensoft Publishers, Sofia, Bulgaria.","wYCqaZcA+7tKZqVSOMaNBCcRKvQIOBzP","wYCqaZcA+7tKZqVSOMaNBCcRKvQIOBzP",
"e8e02b23-8406-4352-b4da-649e3732663b","SCBI_010.basePlot.bet","D02","SCBI","SCBI_010","W","2016-08-16","2016-08-30","2016-08-31","2016-10-17","2016-10-17","SCBI_010.W.20160830","6yi0mRc5GEIQZjDsi570xBrYisnscGUG+0hyfwFo+VU=","carabid","CALGRE","Calathus gregarius","species",,"Say",,1,"Bousquet, Y. 2010b. Illustrated Identification Guide to Adults and Larvae of Northeastern North American Ground Beetles (Coleoptera: Carabidae). 1st Ed. Pensoft Publishers, Sofia, Bulgaria.","wYCqaZcA+7tKZqVSOMaNBCcRKvQIOBzP","wYCqaZcA+7tKZqVSOMaNBCcRKvQIOBzP",
"9aeb1ae7-97b9-49d7-a059-f2e5122657ca","SCBI_033.basePlot.bet","D02","SCBI","SCBI_033","N","2016-08-16","2016-08-30","2016-08-31","2016-10-17","2016-10-17","SCBI_033.N.20160830","4ZBK4Rjlf9mNaDg4fctN5Z7FQd2HgF0F3OMkAGep4Rw=","carabid","PTESTY","Pterostichus stygicus","species",,"Say",,1,"Ciegler, J. C. 2000. Ground beetles and wrinkled bark beetles of South Carolina (Coleoptera: Geadephaga: Carabidae and Rhysodidae). Biota of South Carolina. Vol. 1. Clemson, S. Clemson University.","wYCqaZcA+7tKZqVSOMaNBCcRKvQIOBzP","wYCqaZcA+7tKZqVSOMaNBCcRKvQIOBzP",
"925a0e99-26ee-4ab9-9964-aec1eb899d7a","SCBI_033.basePlot.bet","D02","SCBI","SCBI_033","W","2016-08-16","2016-08-30","2016-08-31","2016-10-17","2016-10-17","SCBI_033.W.20160830","4ZBK4Rjlf9lnlC3/aPVV1y1HmFhi5OXwlCiFgYxHqIk=","carabid","AMAANG1","Amara angustata","species",,"Say",,1,"Bousquet, Y. 2010b. Illustrated Identification Guide to Adults and Larvae of Northeastern North American Ground Beetles (Coleoptera: Carabidae). 1st Ed. Pensoft Publishers, Sofia, Bulgaria.","wYCqaZcA+7tKZqVSOMaNBCcRKvQIOBzP","wYCqaZcA+7tKZqVSOMaNBCcRKvQIOBzP",
"78fb2f6c-0b28-4b55-bd41-66490946839e","SCBI_003.basePlot.bet","D02","SCBI","SCBI_003","E","2016-08-16","2016-08-30","2016-08-31","2016-10-17","2016-10-17","SCBI_003.E.20160830","YQnsugPXdU20RMpGdFBgblXefOwmavuUIrAQWn8O3Y8=","carabid","PTECOR1","Pterostichus coracinus","species",,"Newman",,1,"Bousquet, Y. 2010b. Illustrated Identification Guide to Adults and Larvae of Northeastern North American Ground Beetles (Coleoptera: Carabidae). 1st Ed. Pensoft Publishers, Sofia, Bulgaria.","wYCqaZcA+7tKZqVSOMaNBCcRKvQIOBzP","wYCqaZcA+7tKZqVSOMaNBCcRKvQIOBzP",
"4622581b-2551-4e4d-8c8f-bd1fcc7201b8","SCBI_004.basePlot.bet","D02","SCBI","SCBI_004","E","2016-08-16","2016-08-30","2016-08-31","2016-10-17","2016-10-17","SCBI_004.E.20160830","ZCodyo9yj62BL7y83B4YID9l+PElm45f4RSsmAueQxc=","carabid","CYCSIG","Cyclotrachelus sigillatus","species",,"Say",,1,"Freitag, R. 1969. A revision of the species of the genus Evarthrus LeConte. Quaestiones Entomologicae 5:89-212.","wYCqaZcA+7tKZqVSOMaNBCcRKvQIOBzP","wYCqaZcA+7tKZqVSOMaNBCcRKvQIOBzP",
"a060d288-7fc5-4fa5-b989-b967adf6dc78","SCBI_004.basePlot.bet","D02","SCBI","SCBI_004","N","2016-08-16","2016-08-30","2016-08-31","2016-10-17","2016-10-17","SCBI_004.N.20160830","ZCodyo9yj632kmEhNYEwCjx0ALOlzmep+vGX+1JN4tU=","carabid","CHLEMA","Chlaenius emarginatus","species",,"Say",,1,"Ciegler, J. C. 2000. Ground beetles and wrinkled bark beetles of South Carolina (Coleoptera: Geadephaga: Carabidae and Rhysodidae). Biota of South Carolina. Vol. 1. Clemson, S. Clemson University.","wYCqaZcA+7tKZqVSOMaNBCcRKvQIOBzP","wYCqaZcA+7tKZqVSOMaNBCcRKvQIOBzP",
"1f0030c1-0608-48a0-a062-95865bb980a4","SCBI_004.basePlot.bet","D02","SCBI","SCBI_004","N","2016-08-16","2016-08-30","2016-08-31","2016-10-17","2016-10-17","SCBI_004.N.20160830","ZCodyo9yj632kmEhNYEwChpNujqBUv/QXkQ0aDxLeWk=","carabid","GALBIC","Galerita bicolor","species",,"Drury",,1,"Ciegler, J. C. 2000. Ground beetles and wrinkled bark beetles of South Carolina (Coleoptera: Geadephaga: Carabidae and Rhysodidae). Biota of South Carolina. Vol. 1. Clemson, S. Clemson University.","wYCqaZcA+7tKZqVSOMaNBCcRKvQIOBzP","wYCqaZcA+7tKZqVSOMaNBCcRKvQIOBzP",
"0c40c2b7-1545-48ff-84ea-2e1df3cc0f26","SCBI_007.basePlot.bet","D02","SCBI","SCBI_007","N","2016-08-16","2016-08-30","2016-08-31","2016-10-17","2016-10-17","SCBI_007.N.20160830","tckDqTjQv3hxvOyIoVTTTr6Svj/UPmc8vDupvp0GTe4=","carabid","PTECOR1","Pterostichus coracinus","species",,"Newman",,1,"Bousquet, Y. 2010b. Illustrated Identification Guide to Adults and Larvae of Northeastern North American Ground Beetles (Coleoptera: Carabidae). 1st Ed. Pensoft Publishers, Sofia, Bulgaria.","wYCqaZcA+7tKZqVSOMaNBCcRKvQIOBzP","wYCqaZcA+7tKZqVSOMaNBCcRKvQIOBzP",
"6c10805f-5c63-41ea-af81-b62ffbcd0b52","SCBI_005.basePlot.bet","D02","SCBI","SCBI_005","S","2016-08-16","2016-08-30","2016-08-31","2016-10-17","2016-10-17","SCBI_005.S.20160830","2MbaqPQFAm6kR+I9Li+HcXnpNO/EuEOaw2Yzpm8t8UM=","carabid","POELUC","Poecilus lucublandus","species",,"Say",,1,"Ciegler, J. C. 2000. Ground beetles and wrinkled bark beetles of South Carolina (Coleoptera: Geadephaga: Carabidae and Rhysodidae). Biota of South Carolina. Vol. 1. Clemson, S. Clemson University.","wYCqaZcA+7tKZqVSOMaNBCcRKvQIOBzP","wYCqaZcA+7tKZqVSOMaNBCcRKvQIOBzP",
"df6fce8f-27fc-451d-ad55-c5ee1f8f5586","SCBI_007.basePlot.bet","D02","SCBI","SCBI_007","E","2016-08-16","2016-08-30","2016-08-31","2016-09-14",,"SCBI_007.E.20160830","tckDqTjQv3hguZ8DpJGLjHuZkzAf2aDJOKv31Tdqo5g=","invert bycatch",,,,,,,,,,"p8WKbOBZs5/CRPjq/1HrITk8Sf0GvCtj",
"5cffb1e5-2778-4ee8-a1fd-7564f991da85","SCBI_010.basePlot.bet","D02","SCBI","SCBI_010","E","2016-08-16","2016-08-30","2016-08-31","2016-09-14",,"SCBI_010.E.20160830","6yi0mRc5GEIbmeLa5b+Qe9Wkqj+AgAd9wB/CCqY7Sqc=","invert bycatch",,,,,,,,,,"65MrXCKZ6BZHMIpBwLFSzI3B2iyqckQKC2QVdjxfI44=",
"e6f5dd5f-44ae-4295-83ad-4f8f62960ab2","SCBI_008.basePlot.bet","D02","SCBI","SCBI_008","E","2016-08-16","2016-08-30","2016-08-31","2016-09-14",,"SCBI_008.E.20160830","BDl2KAs5Zr1j9VvDjbLcqQjBFQTBXhP59qVb530YHcM=","invert bycatch",,,,,,,,,,"YJ2A+OwoGUUtJLNxPkxhEPyEeY8sOiMA",
"2f8d8349-55f9-4b52-b93e-cc999c57dcd5","SCBI_006.basePlot.bet","D02","SCBI","SCBI_006","E","2016-08-16","2016-08-30","2016-08-31","2016-09-12",,"SCBI_006.E.20160830","2wNT0Wyw284cn5ygCsfFq7oMEgdXvoS1urHn4FCRzn8=","invert bycatch",,,,,,,,,,"/AhbGCCF27wHz9TggrmS1nLN8zUO+zcB",
"2c99dccf-4690-42a7-a514-0ebb7d252f16","SCBI_005.basePlot.bet","D02","SCBI","SCBI_005","E","2016-08-16","2016-08-30","2016-08-31","2016-09-12",,"SCBI_005.E.20160830","2MbaqPQFAm5A70or/ZPbOLrTGSpVVAdPMoHWnrzONXw=","invert bycatch",,,,,,,,,,"vEBCcEQSSh8r9pJtyJMpi8WPWOrf6mR2",
"ee098287-32ee-47a6-9d0c-ed8d54c4353d","SCBI_002.basePlot.bet","D02","SCBI","SCBI_002","E","2016-08-16","2016-08-30","2016-08-31","2016-09-14",,"SCBI_002.E.20160830","NTl2q/XFbjyoJCSKKyH8tTk+n3AwcDC+zWsfXPJbNqU=","invert bycatch",,,,,,,,,,"65MrXCKZ6BZHMIpBwLFSzI3B2iyqckQKC2QVdjxfI44=",
"0f67c65f-90ae-48b2-b794-4b347570cf96","SCBI_003.basePlot.bet","D02","SCBI","SCBI_003","E","2016-08-16","2016-08-30","2016-08-31","2016-09-13",,"SCBI_003.E.20160830","YQnsugPXdU20RMpGdFBgbuk13fnWIIdlINjHHlUa25c=","invert bycatch",,,,,,,,,,"WKwujoF6P3YAOkhzyJ/xP0/1URP18h18",
"338d02c8-2171-4423-b2eb-cd07fdd59058","SCBI_033.basePlot.bet","D02","SCBI","SCBI_033","E","2016-08-16","2016-08-30","2016-08-31","2016-09-14",,"SCBI_033.E.20160830","4ZBK4Rjlf9k8yulsGmd7kLspRW/BJ6a3SkI6lhKjWys=","invert bycatch",,,,,,,,,,"vEBCcEQSSh8r9pJtyJMpi8WPWOrf6mR2",
"a5d2d2c3-cb3f-4038-bcda-30868c72723c","SCBI_012.basePlot.bet","D02","SCBI","SCBI_012","E","2016-08-16","2016-08-30","2016-08-31","2016-09-12",,"SCBI_012.E.20160830","XK58HfsRWve1EdV8jdFU958e7HzlmjU7NJzPpF1SNKA=","invert bycatch",,,,,,,,,,"vEBCcEQSSh8r9pJtyJMpi8WPWOrf6mR2",
"495ba3f8-1fe3-4747-b6f8-0bfecea5f1bd","SCBI_012.basePlot.bet","D02","SCBI","SCBI_012","N","2016-08-16","2016-08-30","2016-08-31","2016-09-12",,"SCBI_012.N.20160830","XK58HfsRWveG+LxxqSJmkLXLbIJGdWOUOHYQ+8ZXTQ0=","invert bycatch",,,,,,,,,,"vEBCcEQSSh8r9pJtyJMpi8WPWOrf6mR2",
"881b9a40-5b06-468a-9165-976ec3adb40a","SCBI_010.basePlot.bet","D02","SCBI","SCBI_010","N","2016-08-16","2016-08-30","2016-08-31","2016-09-14",,"SCBI_010.N.20160830","6yi0mRc5GEKsxUrIqxAtkB84evhyAthhEFQZKyc+A+A=","invert bycatch",,,,,,,,,,"65MrXCKZ6BZHMIpBwLFSzI3B2iyqckQKC2QVdjxfI44=",
"e6929d64-2cd8-439f-ba5f-f4d4c4e4919b","SCBI_006.basePlot.bet","D02","SCBI","SCBI_006","N","2016-08-16","2016-08-30","2016-08-31","2016-09-14",,"SCBI_006.N.20160830","2wNT0Wyw2875TyQhETP35PdW9hVbm4w0f8P3qUGy9B8=","invert bycatch",,,,,,,,,,"YJ2A+OwoGUUtJLNxPkxhEPyEeY8sOiMA",
"694c6693-c5bf-4cdb-a6ce-45805ea6ee10","SCBI_008.basePlot.bet","D02","SCBI","SCBI_008","N","2016-08-16","2016-08-30","2016-08-31","2016-09-14",,"SCBI_008.N.20160830","BDl2KAs5Zr0fn/nHolfnFpH98VDOfGZHugGrKvZ6uLE=","invert bycatch",,,,,,,,,,"YJ2A+OwoGUUtJLNxPkxhEPyEeY8sOiMA",
"06ac8314-680a-4bad-9c7c-e55dfa3c5c94","SCBI_002.basePlot.bet","D02","SCBI","SCBI_002","N","2016-08-16","2016-08-30","2016-08-31","2016-09-14",,"SCBI_002.N.20160830","NTl2q/XFbjyx0InoN+HVomAl/x1YF3RAnM+fc2yy51M=","invert bycatch",,,,,,,,,,"65MrXCKZ6BZHMIpBwLFSzI3B2iyqckQKC2QVdjxfI44=",
"ca247d43-1496-4273-a1f6-80135004faf6","SCBI_004.basePlot.bet","D02","SCBI","SCBI_004","N","2016-08-16","2016-08-30","2016-08-31","2016-09-13",,"SCBI_004.N.20160830","ZCodyo9yj632kmEhNYEwCoYjHa/MYiFnI/rrSXdg48g=","invert bycatch",,,,,,,,,,"WKwujoF6P3YAOkhzyJ/xP0/1URP18h18",
"d765ca76-3a66-46ef-afab-845594ebf62d","SCBI_005.basePlot.bet","D02","SCBI","SCBI_005","N","2016-08-16","2016-08-30","2016-08-31","2016-09-14",,"SCBI_005.N.20160830","2MbaqPQFAm6RE6ad9TwzJwz2GxssR2ftKyKzCLr5X/A=","invert bycatch",,,,,,,,,,"vEBCcEQSSh8r9pJtyJMpi8WPWOrf6mR2",
"c8228938-1962-46ab-be8a-07f601df6e30","SCBI_007.basePlot.bet","D02","SCBI","SCBI_007","N","2016-08-16","2016-08-30","2016-08-31","2016-09-14",,"SCBI_007.N.20160830","tckDqTjQv3hxvOyIoVTTTtSVmOIEvWFldAqevYeTlEo=","invert bycatch",,,,,,,,,,"p8WKbOBZs5/CRPjq/1HrITk8Sf0GvCtj",
"e334ef54-f53b-4395-ad8f-ad9e7a971f86","SCBI_003.basePlot.bet","D02","SCBI","SCBI_003","N","2016-08-16","2016-08-30","2016-08-31","2016-09-13",,"SCBI_003.N.20160830","YQnsugPXdU1zKegFIYZ+iBNHfo4fn8clcDuVuP+Bmu8=","invert bycatch",,,,,,,,,,"WKwujoF6P3YAOkhzyJ/xP0/1URP18h18",
"c23fa92d-abcc-49fb-bd33-e52beb5559da","SCBI_033.basePlot.bet","D02","SCBI","SCBI_033","N","2016-08-16","2016-08-30","2016-08-31","2016-09-14",,"SCBI_033.N.20160830","4ZBK4Rjlf9mNaDg4fctN5dZgXhAW6XDFYeW7ETR+6ck=","invert bycatch",,,,,,,,,,"vEBCcEQSSh8r9pJtyJMpi8WPWOrf6mR2",
"a82a80a0-e1ad-4043-8b3a-196babdda9c4","SCBI_008.basePlot.bet","D02","SCBI","SCBI_008","S","2016-08-16","2016-08-30","2016-08-31","2016-09-15",,"SCBI_008.S.20160830","BDl2KAs5Zr3ZSpxXmmJRziyf//uvDDTK8muoUniOtHI=","invert bycatch",,,,,,,,,,"ena7GLJui5s1h8moQAQPw3Qj2+mVdivS",
"039ddf04-5a3c-4bac-84ff-df8d7bd848e4","SCBI_012.basePlot.bet","D02","SCBI","SCBI_012","S","2016-08-16","2016-08-30","2016-08-31","2016-09-12",,"SCBI_012.S.20160830","XK58HfsRWvdTGJ2w3r2S5qL1I8NN7P9S/v1JVQXFF90=","invert bycatch",,,,,,,,,,"vEBCcEQSSh8r9pJtyJMpi8WPWOrf6mR2",
"812ac011-d48a-45e8-af6d-43c2c34e3a8c","SCBI_006.basePlot.bet","D02","SCBI","SCBI_006","S","2016-08-16","2016-08-30","2016-08-31","2016-09-14",,"SCBI_006.S.20160830","2wNT0Wyw286/826Xi7eVPc7q/KeX/eKnAe4BCZYsXFM=","invert bycatch",,,,,,,,,,"YJ2A+OwoGUUtJLNxPkxhEPyEeY8sOiMA",
"c211a5ba-aa88-4172-aa92-2728ac82dceb","SCBI_002.basePlot.bet","D02","SCBI","SCBI_002","S","2016-08-16","2016-08-30","2016-08-31","2016-09-14",,"SCBI_002.S.20160830","NTl2q/XFbjzihdY0SXzIUCdvMN5UWNXcxdBw4jUTzjo=","invert bycatch",,,,,,,,,,"65MrXCKZ6BZHMIpBwLFSzI3B2iyqckQKC2QVdjxfI44=",
"ec79a487-e5ae-4596-9ebc-925511ea141a","SCBI_005.basePlot.bet","D02","SCBI","SCBI_005","S","2016-08-16","2016-08-30","2016-08-31","2016-09-12",,"SCBI_005.S.20160830","2MbaqPQFAm6kR+I9Li+HcTXEvy/3Ztsht+HnhTa4Vto=","invert bycatch",,,,,,,,,,"vEBCcEQSSh8r9pJtyJMpi8WPWOrf6mR2",
"45858760-4481-43f9-b3b3-338731f41ced","SCBI_004.basePlot.bet","D02","SCBI","SCBI_004","S","2016-08-16","2016-08-30","2016-08-31","2016-09-13",,"SCBI_004.S.20160830","ZCodyo9yj63dNi9ZfegIK8PI21o2dPAdoUo8gc5Fbsc=","invert bycatch",,,,,,,,,,"WKwujoF6P3YAOkhzyJ/xP0/1URP18h18",
"43f39ac8-3fd8-4194-b20f-68cb463f9f9c","SCBI_033.basePlot.bet","D02","SCBI","SCBI_033","S","2016-08-16","2016-08-30","2016-08-31","2016-09-14",,"SCBI_033.S.20160830","4ZBK4Rjlf9nC8bRn4VSanUKQO2m8RRne5CBZLPKDyoo=","invert bycatch",,,,,,,,,,"vEBCcEQSSh8r9pJtyJMpi8WPWOrf6mR2",
"479c8bf4-83fe-408e-9c8d-99c40f33074e","SCBI_010.basePlot.bet","D02","SCBI","SCBI_010","S","2016-08-16","2016-08-30","2016-08-31","2016-09-14",,"SCBI_010.S.20160830","6yi0mRc5GEKydkv1GjxiJwZVCS+ybEEjAeWFld/ocbU=","invert bycatch",,,,,,,,,,"65MrXCKZ6BZHMIpBwLFSzI3B2iyqckQKC2QVdjxfI44=",
"5802a06c-a346-46c9-9428-286af69a59bb","SCBI_012.basePlot.bet","D02","SCBI","SCBI_012","W","2016-08-16","2016-08-30","2016-08-31","2016-09-12",,"SCBI_012.W.20160830","XK58HfsRWvfV3LAbZQuLgpDXBqhgQBGFE0BHnrBnY4I=","invert bycatch",,,,,,,,,,"vEBCcEQSSh8r9pJtyJMpi8WPWOrf6mR2",
"21fb8be0-7fec-4871-b181-b3b15fa25606","SCBI_006.basePlot.bet","D02","SCBI","SCBI_006","W","2016-08-16","2016-08-30","2016-08-31","2016-09-12",,"SCBI_006.W.20160830","2wNT0Wyw287NPoGaw2V4AJPryngfFTJ8HjC1ATHEAQM=","invert bycatch",,,,,,,,,,"/AhbGCCF27wHz9TggrmS1nLN8zUO+zcB",
"4eedbc90-41ef-4ba5-9d76-c41de69dc5d9","SCBI_002.basePlot.bet","D02","SCBI","SCBI_002","W","2016-08-16","2016-08-30","2016-08-31","2016-09-14",,"SCBI_002.W.20160830","NTl2q/XFbjxtmPpRF5JbEd86DZU+yHAuM78bpTx0usY=","invert bycatch",,,,,,,,,,"65MrXCKZ6BZHMIpBwLFSzI3B2iyqckQKC2QVdjxfI44=",
"508e32b6-80a1-4d25-aa46-b04cc80ee32a","SCBI_004.basePlot.bet","D02","SCBI","SCBI_004","W","2016-08-16","2016-08-30","2016-08-31","2016-09-13",,"SCBI_004.W.20160830","ZCodyo9yj609HtfWqVX+BYgtMNrx6gG/ZN5aZLXb2BI=","invert bycatch",,,,,,,,,,"WKwujoF6P3YAOkhzyJ/xP0/1URP18h18",
"3a6669c3-414b-47ce-82b9-f6770bf2d175","SCBI_005.basePlot.bet","D02","SCBI","SCBI_005","W","2016-08-16","2016-08-30","2016-08-31","2016-09-14",,"SCBI_005.W.20160830","2MbaqPQFAm4C5b3PAN3oYRb4WUKlsCh7PQAlM0rCBKU=","invert bycatch",,,,,,,,,,"vEBCcEQSSh8r9pJtyJMpi8WPWOrf6mR2",
"89c88c55-3d10-475c-bc99-a09130399325","SCBI_033.basePlot.bet","D02","SCBI","SCBI_033","W","2016-08-16","2016-08-30","2016-08-31","2016-09-14",,"SCBI_033.W.20160830","4ZBK4Rjlf9lnlC3/aPVV18v8jVxoWvLWUJs17ZxcVpE=","invert bycatch",,,,,,,,,,"vEBCcEQSSh8r9pJtyJMpi8WPWOrf6mR2",
"1f69620d-9253-4882-90fb-66dfc2517949","SCBI_007.basePlot.bet","D02","SCBI","SCBI_007","W","2016-08-16","2016-08-30","2016-08-31","2016-09-14",,"SCBI_007.W.20160830","tckDqTjQv3i53K+EPwOjp2aLwSx21cmVcfheDNlckZE=","invert bycatch",,,,,,,,,,"p8WKbOBZs5/CRPjq/1HrITk8Sf0GvCtj",
"ccb00fdd-6050-4460-b64c-2569df493809","SCBI_010.basePlot.bet","D02","SCBI","SCBI_010","W","2016-08-16","2016-08-30","2016-08-31","2016-09-14",,"SCBI_010.W.20160830","6yi0mRc5GEIQZjDsi570xGEIFcD5hKwk7wiDO3l7fuY=","invert bycatch",,,,,,,,,,"65MrXCKZ6BZHMIpBwLFSzI3B2iyqckQKC2QVdjxfI44=",
"35ea3cb0-d193-4d15-a878-67fc6a1c9329","SCBI_002.basePlot.bet","D02","SCBI","SCBI_002","S","2016-08-16","2016-08-30","2016-08-31","2016-10-17","2016-10-17","SCBI_002.S.20160830","NTl2q/XFbjzihdY0SXzIUNTqDZzmXaiSETil97LW2vg=","carabid","PTELAC2","Pterostichus lachrymosus","species",,"Newman",,1,"Bousquet, Y. 2010b. Illustrated Identification Guide to Adults and Larvae of Northeastern North American Ground Beetles (Coleoptera: Carabidae). 1st Ed. Pensoft Publishers, Sofia, Bulgaria.","wYCqaZcA+7tKZqVSOMaNBCcRKvQIOBzP","wYCqaZcA+7tKZqVSOMaNBCcRKvQIOBzP",
