uid,namedLocation,domainID,siteID,plotID,trapID,setDate,collectDate,processingDate,identifiedDate,subsampleID,individualID,taxonID,scientificName,taxonRank,identificationQualifier,scientificNameAuthorship,morphospeciesID,identificationReferences,totalLength,identifiedBy,recordedBy,remarks
"578352ac-4871-4a00-a2ed-10691ba970c8","SCBI_006.basePlot.bet","D02","SCBI","SCBI_006","W","2016-07-19","2016-08-02","2016-11-03","2016-10-11","2wNT0Wyw287NPoGaw2V4AN6NEWpapT/2KKkRWfzoey4=","NEON.BET.D02.003010","ANIRUS","Anisodactylus rusticus","species",,"Say",,,,"wYCqaZcA+7tKZqVSOMaNBCcRKvQIOBzP","wYCqaZcA+7tKZqVSOMaNBCcRKvQIOBzP",
"306deaea-9219-41f9-929c-fca7670e9347","SCBI_002.basePlot.bet","D02","SCBI","SCBI_002","W","2016-07-19","2016-08-02","2016-11-03","2016-10-11","NTl2q/XFbjxtmPpRF5JbEbifXV9YxDNrcnI/pnQmNJo=","NEON.BET.D02.003046","CHLAES","Chlaenius aestivus","species",,"Say",,,,"wYCqaZcA+7tKZqVSOMaNBCcRKvQIOBzP","wYCqaZcA+7tKZqVSOMaNBCcRKvQIOBzP",
"5dbca5f4-90fb-4fc0-a108-119ee0f82944","SCBI_008.basePlot.bet","D02","SCBI","SCBI_008","N","2016-07-19","2016-08-02","2016-11-03","2016-10-11","BDl2KAs5Zr0fn/nHolfnFqSNwn28FYekIw1ooyww0u8=","NEON.BET.D02.003152","GALBIC","Galerita bicolor","species",,"Drury",,,,"wYCqaZcA+7tKZqVSOMaNBCcRKvQIOBzP","wYCqaZcA+7tKZqVSOMaNBCcRKvQIOBzP",
"de364b45-2f5e-4e5a-987c-9f742aaad231","SCBI_006.basePlot.bet","D02","SCBI","SCBI_006","N","2016-07-19","2016-08-02","2016-11-03","2016-10-11","2wNT0Wyw2875TyQhETP35Nw1gQ2/meAA6nmAyCFX9t4=","NEON.BET.D02.003110","CYCSIG","Cyclotrachelus sigillatus","species",,"Say",,,,"wYCqaZcA+7tKZqVSOMaNBCcRKvQIOBzP","wYCqaZcA+7tKZqVSOMaNBCcRKvQIOBzP",
"19ff0877-4e00-4dd6-b95a-963847ccf3ee","SCBI_004.basePlot.bet","D02","SCBI","SCBI_004","S","2016-07-19","2016-08-02","2016-11-03","2016-10-11","ZCodyo9yj63dNi9ZfegIK+2Zhxycn9XeLBOEvJsj7SU=","NEON.BET.D02.003150","GALBIC","Galerita bicolor","species",,"Drury",,,,"wYCqaZcA+7tKZqVSOMaNBCcRKvQIOBzP","wYCqaZcA+7tKZqVSOMaNBCcRKvQIOBzP",
"d0eb236d-1c3e-4db2-9360-265bbc0c0865","SCBI_002.basePlot.bet","D02","SCBI","SCBI_002","W","2016-07-19","2016-08-02","2016-11-03","2016-10-11","NTl2q/XFbjxtmPpRF5JbEYcg5/HZ8l/c26XgsTIMG4A=","NEON.BET.D02.003069","CHLEMA","Chlaenius emarginatus","species",,"Say",,,,"wYCqaZcA+7tKZqVSOMaNBCcRKvQIOBzP","wYCqaZcA+7tKZqVSOMaNBCcRKvQIOBzP",
"fd2bbbcc-2f52-415d-a5df-17989d6fc5f2","SCBI_006.basePlot.bet","D02","SCBI","SCBI_006","W","2016-07-19","2016-08-02","2016-11-03","2016-10-11","2wNT0Wyw287NPoGaw2V4AM5DCk89RQ8agVBg3ecAG2k=","NEON.BET.D02.003003","ANIOVU","Anisodactylus ovularis","species",,"Casey",,,,"wYCqaZcA+7tKZqVSOMaNBCcRKvQIOBzP","wYCqaZcA+7tKZqVSOMaNBCcRKvQIOBzP",
"a1ea1e99-92bc-4c5e-8d0f-1f370778298b","SCBI_002.basePlot.bet","D02","SCBI","SCBI_002","S","2016-07-19","2016-08-02","2016-11-03","2016-10-11","NTl2q/XFbjzihdY0SXzIUCFtHcCKgDkI6OLw6l9VKlg=","NEON.BET.D02.003109","CYCSIG","Cyclotrachelus sigillatus","species",,"Say",,,,"wYCqaZcA+7tKZqVSOMaNBCcRKvQIOBzP","wYCqaZcA+7tKZqVSOMaNBCcRKvQIOBzP",
"fb43facb-8463-494e-bdac-01c5570e3a9b","SCBI_006.basePlot.bet","D02","SCBI","SCBI_006","W","2016-07-19","2016-08-02","2016-11-03","2016-10-11","2wNT0Wyw287NPoGaw2V4AAy7ebxAbsPf/g131cwsA+s=","NEON.BET.D02.003101","CYCFUR","Cyclotrachelus furtivus","species",,"LeConte",,,,"wYCqaZcA+7tKZqVSOMaNBCcRKvQIOBzP","wYCqaZcA+7tKZqVSOMaNBCcRKvQIOBzP",
"1f0e2d97-0813-4815-8b51-fad3a63724a3","SCBI_002.basePlot.bet","D02","SCBI","SCBI_002","W","2016-07-19","2016-08-02","2016-11-01","2016-10-11","NTl2q/XFbjxtmPpRF5JbEZdFYfpGPYVkVQokQ2p31Os=","NEON.BET.D02.002982","AMPINT","Amphasia interstitialis","species",,"Say",,,,"wYCqaZcA+7tKZqVSOMaNBCcRKvQIOBzP","wYCqaZcA+7tKZqVSOMaNBCcRKvQIOBzP",
"70a2e364-eada-4b78-a276-49eda5ae1d54","SCBI_006.basePlot.bet","D02","SCBI","SCBI_006","N","2016-07-19","2016-08-02","2016-11-01","2016-10-11","2wNT0Wyw2875TyQhETP35D9URRKev/2DxIngn7Rm4jo=","NEON.BET.D02.002977","AMAFLE","Amara flebilis","species",,"Casey",,,,"wYCqaZcA+7tKZqVSOMaNBCcRKvQIOBzP","wYCqaZcA+7tKZqVSOMaNBCcRKvQIOBzP",
"72c0aacb-196a-401a-afef-b2b94990bdea","SCBI_010.basePlot.bet","D02","SCBI","SCBI_010","S","2016-07-19","2016-08-02","2016-11-03","2016-10-11","6yi0mRc5GEKydkv1GjxiJ5IS8/lov264p12e2DC3vFA=","NEON.BET.D02.003108","CYCSIG","Cyclotrachelus sigillatus","species",,"Say",,,,"wYCqaZcA+7tKZqVSOMaNBCcRKvQIOBzP","wYCqaZcA+7tKZqVSOMaNBCcRKvQIOBzP",
"d7705a2a-732d-4b7c-b7b8-b296bc04feb9","SCBI_006.basePlot.bet","D02","SCBI","SCBI_006","N","2016-07-19","2016-08-02","2016-11-03","2016-10-11","2wNT0Wyw2875TyQhETP35NcZYel13DR0UEDc9Rqt1Xg=","NEON.BET.D02.003099","CYCFUR","Cyclotrachelus furtivus","species",,"LeConte",,,,"wYCqaZcA+7tKZqVSOMaNBCcRKvQIOBzP","wYCqaZcA+7tKZqVSOMaNBCcRKvQIOBzP",
"d28362b1-a6c1-4c47-b677-8424f13ea203","SCBI_008.basePlot.bet","D02","SCBI","SCBI_008","E","2016-07-19","2016-08-02","2016-11-03","2016-10-11","BDl2KAs5Zr1j9VvDjbLcqXxqWQMdJ7coFV52lvopEGo=","NEON.BET.D02.003107","CYCSIG","Cyclotrachelus sigillatus","species",,"Say",,,,"wYCqaZcA+7tKZqVSOMaNBCcRKvQIOBzP","wYCqaZcA+7tKZqVSOMaNBCcRKvQIOBzP",
"0f14d25c-0c5b-4c1f-af9b-859b72d31eeb","SCBI_002.basePlot.bet","D02","SCBI","SCBI_002","S","2016-07-19","2016-08-02","2016-11-03","2016-10-11","NTl2q/XFbjzihdY0SXzIUNZNYRG/APTnWTZBFSK8ho8=","NEON.BET.D02.003125","DICDIL1","Dicaelus dilatatus dilatatus","subspecies",,"Say",,,,"wYCqaZcA+7tKZqVSOMaNBCcRKvQIOBzP","wYCqaZcA+7tKZqVSOMaNBCcRKvQIOBzP",
"020a423f-313a-47df-ad62-6eaae3b2a7ac","SCBI_002.basePlot.bet","D02","SCBI","SCBI_002","N","2016-07-19","2016-08-02","2016-11-03","2016-10-11","NTl2q/XFbjyx0InoN+HVolFYoCrHB97gHVsZSULoh5w=","NEON.BET.D02.003151","GALBIC","Galerita bicolor","species",,"Drury",,,,"wYCqaZcA+7tKZqVSOMaNBCcRKvQIOBzP","wYCqaZcA+7tKZqVSOMaNBCcRKvQIOBzP",
"66be1847-06bf-4569-af4d-94271f2c33fa","SCBI_006.basePlot.bet","D02","SCBI","SCBI_006","S","2016-07-19","2016-08-02","2016-11-03","2016-10-11","2wNT0Wyw286/826Xi7eVPXBTn3iII/+KezXjcdXB4gA=","NEON.BET.D02.003171","HARRUB","Harpalus rubripes","species",,"Duftschmid",,,,"wYCqaZcA+7tKZqVSOMaNBCcRKvQIOBzP","wYCqaZcA+7tKZqVSOMaNBCcRKvQIOBzP",
"e8c1c321-c957-439b-80f2-1d4c79f6c9c7","SCBI_004.basePlot.bet","D02","SCBI","SCBI_004","N","2016-07-19","2016-08-02","2016-11-03","2016-10-11","ZCodyo9yj632kmEhNYEwCuuX0a1pjOjEfs5Jva2fHUI=","NEON.BET.D02.003124","DICDIL","Dicheirus dilatatus","species",,"Dejean",,,,"wYCqaZcA+7tKZqVSOMaNBCcRKvQIOBzP","wYCqaZcA+7tKZqVSOMaNBCcRKvQIOBzP",
"f56f69cb-fd35-4ee2-aa9f-7d8bf622e5fa","SCBI_002.basePlot.bet","D02","SCBI","SCBI_002","E","2016-07-19","2016-08-02","2016-11-03","2016-10-11","NTl2q/XFbjyoJCSKKyH8tbJKHTMm1vApf9XJLK/46P4=","NEON.BET.D02.003068","CHLEMA","Chlaenius emarginatus","species",,"Say",,,,"wYCqaZcA+7tKZqVSOMaNBCcRKvQIOBzP","wYCqaZcA+7tKZqVSOMaNBCcRKvQIOBzP",
"52452be0-cfa3-4d99-a89e-64085c7d816a","SCBI_006.basePlot.bet","D02","SCBI","SCBI_006","W","2016-07-19","2016-08-02","2016-11-03","2016-10-11","2wNT0Wyw287NPoGaw2V4AAy7ebxAbsPf/g131cwsA+s=","NEON.BET.D02.003100","CYCFUR","Cyclotrachelus furtivus","species",,"LeConte",,,,"wYCqaZcA+7tKZqVSOMaNBCcRKvQIOBzP","wYCqaZcA+7tKZqVSOMaNBCcRKvQIOBzP",
"6a2c081b-5142-4a8a-a62c-9191f0d45680","SCBI_006.basePlot.bet","D02","SCBI","SCBI_006","N","2016-07-19","2016-08-02","2016-11-01","2016-10-11","2wNT0Wyw2875TyQhETP35D9URRKev/2D5nFHp8IwO7o=","NEON.BET.D02.002976","AMAFAM","Amara familiaris","species",,"Duftschmid",,,,"wYCqaZcA+7tKZqVSOMaNBCcRKvQIOBzP","wYCqaZcA+7tKZqVSOMaNBCcRKvQIOBzP",
"cf6a6574-6708-4e5c-a182-9be7579dcadc","SCBI_002.basePlot.bet","D02","SCBI","SCBI_002","N","2016-07-19","2016-08-02","2016-11-03","2016-10-11","NTl2q/XFbjyx0InoN+HVovzBLrHFvSrV4S/Os/OCiyM=","NEON.BET.D02.003070","CHLEMA","Chlaenius emarginatus","species",,"Say",,,,"wYCqaZcA+7tKZqVSOMaNBCcRKvQIOBzP","wYCqaZcA+7tKZqVSOMaNBCcRKvQIOBzP",
"a2c2b77e-40f8-4198-be8c-b5d57da2620c","SCBI_002.basePlot.bet","D02","SCBI","SCBI_002","W","2016-08-02","2016-08-16","2016-11-03","2016-10-13","NTl2q/XFbjxtmPpRF5JbEa6wo8fsy63xt0v0tDqT6PU=","NEON.BET.D02.003017","BRAFUM","Brachinus fumans","species",,"Fabricius",,,,"wYCqaZcA+7tKZqVSOMaNBCcRKvQIOBzP","wYCqaZcA+7tKZqVSOMaNBCcRKvQIOBzP",
"0b794b05-401d-4c77-b441-edb14334b20e","SCBI_002.basePlot.bet","D02","SCBI","SCBI_002","N","2016-08-02","2016-08-16","2016-11-03","2016-10-13","NTl2q/XFbjyx0InoN+HVos4DaKQSsOYpyWNxqAEJf/0=","NEON.BET.D02.003059","CHLAMO","Chlaenius amoenus","species",,"Dejean",,,,"wYCqaZcA+7tKZqVSOMaNBCcRKvQIOBzP","wYCqaZcA+7tKZqVSOMaNBCcRKvQIOBzP",
"bdc24956-2c30-44ff-bf08-295d115bc19d","SCBI_002.basePlot.bet","D02","SCBI","SCBI_002","N","2016-08-02","2016-08-16","2016-11-03","2016-10-13","NTl2q/XFbjyx0InoN+HVonu4D/5BoqSM/37xpLqcq2E=","NEON.BET.D02.003072","CHLEMA","Chlaenius emarginatus","species",,"Say",,,,"wYCqaZcA+7tKZqVSOMaNBCcRKvQIOBzP","wYCqaZcA+7tKZqVSOMaNBCcRKvQIOBzP",
"6f2735b5-c2a4-4c47-918f-b9319bed4870","SCBI_007.basePlot.bet","D02","SCBI","SCBI_007","N","2016-08-02","2016-08-16","2016-11-03","2016-10-13","tckDqTjQv3hxvOyIoVTTToSWL372iNz6pUJfs8BoBNs=","NEON.BET.D02.003112","CYCSIG","Cyclotrachelus sigillatus","species",,"Say",,,,"wYCqaZcA+7tKZqVSOMaNBCcRKvQIOBzP","wYCqaZcA+7tKZqVSOMaNBCcRKvQIOBzP",
"9c859fdd-0b33-47e4-94fc-b9e7fb23e382","SCBI_004.basePlot.bet","D02","SCBI","SCBI_004","S","2016-08-02","2016-08-16","2016-11-03","2016-10-13","ZCodyo9yj63dNi9ZfegIK6u8UqS2IXF51w9IKHCXAK8=","NEON.BET.D02.003154","GALBIC","Galerita bicolor","species",,"Drury",,,,"wYCqaZcA+7tKZqVSOMaNBCcRKvQIOBzP","wYCqaZcA+7tKZqVSOMaNBCcRKvQIOBzP",
"786d4fe4-0af5-40ca-a54a-4ab811ef89fd","SCBI_006.basePlot.bet","D02","SCBI","SCBI_006","W","2016-08-02","2016-08-16","2016-11-03","2016-10-13","2wNT0Wyw287NPoGaw2V4ANt5//wYBh/Ut0jupnLt6JY=","NEON.BET.D02.003044","CHLAES","Chlaenius aestivus","species",,"Say",,,,"wYCqaZcA+7tKZqVSOMaNBCcRKvQIOBzP","wYCqaZcA+7tKZqVSOMaNBCcRKvQIOBzP",
"04e89781-31a4-48ab-8ae4-157da9cf86d7","SCBI_002.basePlot.bet","D02","SCBI","SCBI_002","W","2016-08-02","2016-08-16","2016-11-03","2016-10-13","NTl2q/XFbjxtmPpRF5JbES+962Eu0ukJ+qXlFc6bVe8=","NEON.BET.D02.003073","CHLEMA","Chlaenius emarginatus","species",,"Say",,,,"wYCqaZcA+7tKZqVSOMaNBCcRKvQIOBzP","wYCqaZcA+7tKZqVSOMaNBCcRKvQIOBzP",
"4c334ec8-934d-4fd6-a825-40e530968990","SCBI_002.basePlot.bet","D02","SCBI","SCBI_002","W","2016-08-02","2016-08-16","2016-11-03","2016-10-13","NTl2q/XFbjxtmPpRF5JbEZtXCqSTImCENL5yEypxv+k=","NEON.BET.D02.003153","GALBIC","Galerita bicolor","species",,"Drury",,,,"wYCqaZcA+7tKZqVSOMaNBCcRKvQIOBzP","wYCqaZcA+7tKZqVSOMaNBCcRKvQIOBzP",
"91dfec89-f3ed-427a-bf9d-8c93a5ad14ab","SCBI_002.basePlot.bet","D02","SCBI","SCBI_002","W","2016-08-02","2016-08-16","2016-11-03","2016-10-13","NTl2q/XFbjxtmPpRF5JbES+962Eu0ukJ+qXlFc6bVe8=","NEON.BET.D02.003074","CHLEMA","Chlaenius emarginatus","species",,"Say",,,,"wYCqaZcA+7tKZqVSOMaNBCcRKvQIOBzP","wYCqaZcA+7tKZqVSOMaNBCcRKvQIOBzP",
"2d442193-c76e-42d1-b1d8-5fc07c255a94","SCBI_002.basePlot.bet","D02","SCBI","SCBI_002","S","2016-08-02","2016-08-16","2016-11-03","2016-10-13","NTl2q/XFbjzihdY0SXzIUMR7N+KnzprKgztStDMAFS4=","NEON.BET.D02.003111","CYCSIG","Cyclotrachelus sigillatus","species",,"Say",,,,"wYCqaZcA+7tKZqVSOMaNBCcRKvQIOBzP","wYCqaZcA+7tKZqVSOMaNBCcRKvQIOBzP",
"75709357-8a3b-4f1f-b327-3e04adc6a608","SCBI_003.basePlot.bet","D02","SCBI","SCBI_003","E","2016-08-02","2016-08-16","2016-11-03","2016-10-13","YQnsugPXdU20RMpGdFBgbjM2C6jXqDOWqhYdehOiqRg=","NEON.BET.D02.003114","CYCSIG","Cyclotrachelus sigillatus","species",,"Say",,,,"wYCqaZcA+7tKZqVSOMaNBCcRKvQIOBzP","wYCqaZcA+7tKZqVSOMaNBCcRKvQIOBzP",
"b22e9e00-c1d6-4dfd-95da-574c0afb120b","SCBI_008.basePlot.bet","D02","SCBI","SCBI_008","E","2016-08-02","2016-08-16","2016-11-01","2016-10-13","BDl2KAs5Zr1j9VvDjbLcqank9Z2JTp9Yqmf9BipUmc4=","NEON.BET.D02.002997","NOTNIT1","Notiobia nitidipennis","species",,"LeConte",,,,"wYCqaZcA+7tKZqVSOMaNBCcRKvQIOBzP","wYCqaZcA+7tKZqVSOMaNBCcRKvQIOBzP",
"a9df2eeb-0f66-4e6d-b46b-3e724d3eb30b","SCBI_012.basePlot.bet","D02","SCBI","SCBI_012","S","2016-08-02","2016-08-16","2016-11-03","2016-10-13","XK58HfsRWvdTGJ2w3r2S5jE1v7BaocG1lAaDo7muCDs=","NEON.BET.D02.003130","DICELO","Dicaelus elongatus","species",,"Bonelli",,,,"wYCqaZcA+7tKZqVSOMaNBCcRKvQIOBzP","wYCqaZcA+7tKZqVSOMaNBCcRKvQIOBzP",
"3d65f440-5942-4904-b027-3e8d8eadc07c","SCBI_005.basePlot.bet","D02","SCBI","SCBI_005","E","2016-08-02","2016-08-16","2016-11-03","2016-10-13","2MbaqPQFAm5A70or/ZPbOEbsyyDChMtRfmZQaJyvTf4=","NEON.BET.D02.003113","CYCSIG","Cyclotrachelus sigillatus","species",,"Say",,,,"wYCqaZcA+7tKZqVSOMaNBCcRKvQIOBzP","wYCqaZcA+7tKZqVSOMaNBCcRKvQIOBzP",
"735eec8d-99dd-4eaa-bc12-8fc763787023","SCBI_004.basePlot.bet","D02","SCBI","SCBI_004","N","2016-08-02","2016-08-16","2016-11-03","2016-10-13","ZCodyo9yj632kmEhNYEwCh+uFqwBcf5HCmXcMI2tZh4=","NEON.BET.D02.003045","CHLAES","Chlaenius aestivus","species",,"Say",,,,"wYCqaZcA+7tKZqVSOMaNBCcRKvQIOBzP","wYCqaZcA+7tKZqVSOMaNBCcRKvQIOBzP",
"ea065c31-f01f-49a5-8558-75970e4001c1","SCBI_003.basePlot.bet","D02","SCBI","SCBI_003","E","2016-08-02","2016-08-16","2016-11-03","2016-10-13","YQnsugPXdU20RMpGdFBgbjM2C6jXqDOWqhYdehOiqRg=","NEON.BET.D02.003115","CYCSIG","Cyclotrachelus sigillatus","species",,"Say",,,,"wYCqaZcA+7tKZqVSOMaNBCcRKvQIOBzP","wYCqaZcA+7tKZqVSOMaNBCcRKvQIOBzP",
"3befbc01-1d3c-43a7-b772-ca4ea3b3b8bb","SCBI_005.basePlot.bet","D02","SCBI","SCBI_005","S","2016-08-02","2016-08-16","2016-11-03","2016-10-13","2MbaqPQFAm6kR+I9Li+HcY8NTiXN6T08ybUMECMvxyI=","NEON.BET.D02.003071","CHLEMA","Chlaenius emarginatus","species",,"Say",,,,"wYCqaZcA+7tKZqVSOMaNBCcRKvQIOBzP","wYCqaZcA+7tKZqVSOMaNBCcRKvQIOBzP",
"c3e613c2-edaf-43cb-bb30-22a34a8ae165","SCBI_005.basePlot.bet","D02","SCBI","SCBI_005","S","2016-08-02","2016-08-16","2016-11-03","2016-10-13","2MbaqPQFAm6kR+I9Li+HcR3yiAMe/HXHdN5yBWplVkg=","NEON.BET.D02.003060","CHLAMO","Chlaenius amoenus","species",,"Dejean",,,,"wYCqaZcA+7tKZqVSOMaNBCcRKvQIOBzP","wYCqaZcA+7tKZqVSOMaNBCcRKvQIOBzP",
"538506ab-2749-4e3f-92e0-5246527ca130","SCBI_010.basePlot.bet","D02","SCBI","SCBI_010","W","2016-08-16","2016-08-30","2016-11-03","2016-10-17","6yi0mRc5GEIQZjDsi570xBrYisnscGUG+0hyfwFo+VU=","NEON.BET.D02.003021","CALGRE","Calathus gregarius","species",,"Say",,,,"wYCqaZcA+7tKZqVSOMaNBCcRKvQIOBzP","wYCqaZcA+7tKZqVSOMaNBCcRKvQIOBzP",
"7905741f-7985-4b26-8995-9f1b1eafc8f2","SCBI_004.basePlot.bet","D02","SCBI","SCBI_004","N","2016-08-16","2016-08-30","2016-11-03","2016-10-17","ZCodyo9yj632kmEhNYEwCjx0ALOlzmep+vGX+1JN4tU=","NEON.BET.D02.003067","CHLEMA","Chlaenius emarginatus","species",,"Say",,,,"wYCqaZcA+7tKZqVSOMaNBCcRKvQIOBzP","wYCqaZcA+7tKZqVSOMaNBCcRKvQIOBzP",
"1e21ba85-ff28-42db-bfe5-ad7ac9bc270b","SCBI_002.basePlot.bet","D02","SCBI","SCBI_002","E","2016-08-16","2016-08-30","2016-11-03","2016-10-17","NTl2q/XFbjyoJCSKKyH8tfe5NDZml4xTjuOKmpGstjI=","NEON.BET.D02.003116","CYCSIG","Cyclotrachelus sigillatus","species",,"Say",,,,"wYCqaZcA+7tKZqVSOMaNBCcRKvQIOBzP","wYCqaZcA+7tKZqVSOMaNBCcRKvQIOBzP",
"592af84f-d895-48c2-8e73-3a462bd17cf9","SCBI_008.basePlot.bet","D02","SCBI","SCBI_008","N","2016-08-16","2016-08-30","2016-11-03","2016-10-17","BDl2KAs5Zr0fn/nHolfnFvT4gCYP5x5PH7gv0gLDq0M=","NEON.BET.D02.003043","CHLAES","Chlaenius aestivus","species",,"Say",,,,"wYCqaZcA+7tKZqVSOMaNBCcRKvQIOBzP","wYCqaZcA+7tKZqVSOMaNBCcRKvQIOBzP",
"fa999895-8f21-440c-bc3f-3948af7eb206","SCBI_002.basePlot.bet","D02","SCBI","SCBI_002","W","2016-08-16","2016-08-30","2016-11-03","2016-10-17","NTl2q/XFbjxtmPpRF5JbEVOwGEA0pkWiQr3TvtHGLQk=","NEON.BET.D02.003117","CYCSIG","Cyclotrachelus sigillatus","species",,"Say",,,,"wYCqaZcA+7tKZqVSOMaNBCcRKvQIOBzP","wYCqaZcA+7tKZqVSOMaNBCcRKvQIOBzP",
"638b33a8-f0a6-47d9-bffc-78c3091f330d","SCBI_004.basePlot.bet","D02","SCBI","SCBI_004","E","2016-08-16","2016-08-30","2016-11-03","2016-10-17","ZCodyo9yj62BL7y83B4YID9l+PElm45f4RSsmAueQxc=","NEON.BET.D02.003119","CYCSIG","Cyclotrachelus sigillatus","species",,"Say",,,,"wYCqaZcA+7tKZqVSOMaNBCcRKvQIOBzP","wYCqaZcA+7tKZqVSOMaNBCcRKvQIOBzP",
"19a2318e-b549-440b-8b30-853584bb2423","SCBI_006.basePlot.bet","D02","SCBI","SCBI_006","W","2016-08-16","2016-08-30","2016-11-03","2016-10-17","2wNT0Wyw287NPoGaw2V4AJCfEzQkJSYiJ/J5Srj1fOg=","NEON.BET.D02.003172","HARRUB","Harpalus rubripes","species",,"Duftschmid",,,,"wYCqaZcA+7tKZqVSOMaNBCcRKvQIOBzP","wYCqaZcA+7tKZqVSOMaNBCcRKvQIOBzP",
"01767788-06dc-474e-afcb-b1597815ff0f","SCBI_010.basePlot.bet","D02","SCBI","SCBI_010","E","2016-08-16","2016-08-30","2016-11-03","2016-10-17","6yi0mRc5GEIbmeLa5b+Qe7WiTY5ILbEVqekdlfSXZ+0=","NEON.BET.D02.003020","CALGRE","Calathus gregarius","species",,"Say",,,,"wYCqaZcA+7tKZqVSOMaNBCcRKvQIOBzP","wYCqaZcA+7tKZqVSOMaNBCcRKvQIOBzP",
"caf181e2-c96a-4a58-b50e-b8ef7a5dc165","SCBI_004.basePlot.bet","D02","SCBI","SCBI_004","N","2016-08-16","2016-08-30","2016-11-03","2016-10-17","ZCodyo9yj632kmEhNYEwChpNujqBUv/QXkQ0aDxLeWk=","NEON.BET.D02.003155","GALBIC","Galerita bicolor","species",,"Drury",,,,"wYCqaZcA+7tKZqVSOMaNBCcRKvQIOBzP","wYCqaZcA+7tKZqVSOMaNBCcRKvQIOBzP",
"72cc46f8-dbe0-4246-bad9-61d937b65fb2","SCBI_002.basePlot.bet","D02","SCBI","SCBI_002","S","2016-08-16","2016-08-30","2016-11-03","2016-10-17","NTl2q/XFbjzihdY0SXzIUMSMSTpkXeNwFOTQ4RlAIYo=","NEON.BET.D02.003118","CYCSIG","Cyclotrachelus sigillatus","species",,"Say",,,,"wYCqaZcA+7tKZqVSOMaNBCcRKvQIOBzP","wYCqaZcA+7tKZqVSOMaNBCcRKvQIOBzP",
"0b259f19-59d8-4beb-9975-835e3cc5378b","SCBI_002.basePlot.bet","D02","SCBI","SCBI_002","N","2016-08-16","2016-08-30","2016-11-03","2016-10-17","NTl2q/XFbjyx0InoN+HVotPgDgCDyNQwydM2/F8L8ZE=","NEON.BET.D02.003126","DICDIL1","Dicaelus dilatatus dilatatus","subspecies",,"Say",,,,"wYCqaZcA+7tKZqVSOMaNBCcRKvQIOBzP","wYCqaZcA+7tKZqVSOMaNBCcRKvQIOBzP",
"f99e3ed7-eca6-4398-be23-a0d9fe780bfe","SCBI_033.basePlot.bet","D02","SCBI","SCBI_033","W","2016-08-16","2016-08-30","2016-11-01","2016-10-17","4ZBK4Rjlf9lnlC3/aPVV1y1HmFhi5OXwlCiFgYxHqIk=","NEON.BET.D02.002969","AMAANG1","Amara angustata","species",,"Say",,,,"wYCqaZcA+7tKZqVSOMaNBCcRKvQIOBzP","wYCqaZcA+7tKZqVSOMaNBCcRKvQIOBzP",
"9f35b88f-519e-4c6a-aea9-535e76cf354d","SCBI_012.basePlot.bet","D02","SCBI","SCBI_012","N","2016-08-16","2016-08-30","2016-11-03","2016-10-17","XK58HfsRWveG+LxxqSJmkLG9xmCNNBpsemOGIdK8Q90=","NEON.BET.D02.003160","HARCOM","Harpalus compar","species",,"LeConte",,,,"wYCqaZcA+7tKZqVSOMaNBCcRKvQIOBzP","wYCqaZcA+7tKZqVSOMaNBCcRKvQIOBzP",
