uid,namedLocation,domainID,siteID,plotID,setDate,collectDate,identifiedDate,individualID,taxonID,kingdom,phylum,class,order,family,subfamily,tribe,genus,subgenus,specificEpithet,infraspecificEpithet,scientificName,scientificNameAuthorship,taxonRank,identificationQualifier,sex,morphospeciesID,identificationReferences,identifiedBy,laboratoryName,identificationRemarks,sampleCondition,dnaBarcoded,geneticSampleID,remarks
"2d8cb37e-8cbc-42fd-a3fe-53e7a116c54b","TALL_009.basePlot.bet","D08","TALL","TALL_009","2014-08-27","2014-09-10","2017-01-15","NEON.BET.D08.000241","CYCFRE","Animalia","Arthropoda","Insecta","Coleoptera","Carabidae","Harpalinae","Pterostichini","Cyclotrachelus","Cyclotrachelus","freitagi",,"Cyclotrachelus freitagi","Bousquet","species",,"F",,"Freitag, R. 1969. A revision of the species of the genus Evarthrus LeConte. Quaestiones Entomologicae 5:89-212.","Kipling Will","Essig Museum of Entomology",,"No known compromise","N",,
"31dd0eb2-f692-4ec4-9b26-1cefdeadd102","TALL_009.basePlot.bet","D08","TALL","TALL_009","2014-08-27","2014-09-10","2017-01-15","NEON.BET.D08.000244","DICDIL1","Animalia","Arthropoda","Insecta","Coleoptera","Carabidae","Harpalinae","Licinini","Dicaelus","Paradicaelus","dilatatus","dilatatus","Dicaelus dilatatus dilatatus","Say","subspecies",,"F",,"Ball, G. E. 1992. The Tribe Licinini (Coleoptera: Carabidae): A Review of the Genus-Groups and of the Species of Selected Genera. Journal of the New York Entomological Society 100:325-380.","Kipling Will","Essig Museum of Entomology",,"No known compromise","N",,
"dcd23f1a-5ed0-41a2-8ae3-c280cec4085e","TALL_009.basePlot.bet","D08","TALL","TALL_009","2014-08-27","2014-09-10","2017-01-15","NEON.BET.D08.000242","PASPUN","Animalia","Arthropoda","Insecta","Coleoptera","Carabidae","Scaritinae","Pasimachini","Pasimachus","Pasimachus","punctulatus",,"Pasimachus punctulatus","Haldeman","species",,"F",,"Banninger, M. 1950. The subtribe Pasimachina (Coleoptera, Carabidae, Scaritini). Revista de Entomologica 21:481-511.","Kipling Will","Essig Museum of Entomology",,"No known compromise","N",,
"5177e3c8-0b41-4bcf-a2d2-e314f3d4ebf8","TALL_009.basePlot.bet","D08","TALL","TALL_009","2014-08-27","2014-09-10","2017-01-15","NEON.BET.D08.000243","CYCCON2","Animalia","Arthropoda","Insecta","Coleoptera","Carabidae","Harpalinae","Pterostichini","Cyclotrachelus","Evarthrus","convivus",,"Cyclotrachelus convivus","LeConte","species",,"M",,"Freitag, R. 1969. A revision of the species of the genus Evarthrus LeConte. Quaestiones Entomologicae 5:89-212.","Kipling Will","Essig Museum of Entomology",,"No known compromise","N",,
"fb409732-0d11-401b-b107-d9a44ab8aa65","TALL_003.basePlot.bet","D08","TALL","TALL_003","2014-08-27","2014-09-10","2017-01-15","NEON.BET.D08.000234","CYCCON2","Animalia","Arthropoda","Insecta","Coleoptera","Carabidae","Harpalinae","Pterostichini","Cyclotrachelus","Evarthrus","convivus",,"Cyclotrachelus convivus","LeConte","species",,"F",,"Freitag, R. 1969. A revision of the species of the genus Evarthrus LeConte. Quaestiones Entomologicae 5:89-212.","Kipling Will","Essig Museum of Entomology",,"No known compromise","N",,
"0e54076e-4bba-48a9-8389-c6b5dbcc2241","TALL_003.basePlot.bet","D08","TALL","TALL_003","2014-08-27","2014-09-10","2017-01-15","NEON.BET.D08.000233","CYCCON2","Animalia","Arthropoda","Insecta","Coleoptera","Carabidae","Harpalinae","Pterostichini","Cyclotrachelus","Evarthrus","convivus",,"Cyclotrachelus convivus","LeConte","species",,"M",,"Freitag, R. 1969. A revision of the species of the genus Evarthrus LeConte. Quaestiones Entomologicae 5:89-212.","Kipling Will","Essig Museum of Entomology",,"No known compromise","N",,
"b59a6a72-9387-45f9-b3df-c09979d05bdd","TALL_002.basePlot.bet","D08","TALL","TALL_002","2014-08-27","2014-09-10","2017-01-15","NEON.BET.D08.000232","CYCCON2","Animalia","Arthropoda","Insecta","Coleoptera","Carabidae","Harpalinae","Pterostichini","Cyclotrachelus","Evarthrus","convivus",,"Cyclotrachelus convivus","LeConte","species",,"F",,"Freitag, R. 1969. A revision of the species of the genus Evarthrus LeConte. Quaestiones Entomologicae 5:89-212.","Kipling Will","Essig Museum of Entomology",,"No known compromise","N",,
"6a5c5cb7-9ca2-4ace-8302-af86c84be2b0","TALL_008.basePlot.bet","D08","TALL","TALL_008","2014-08-27","2014-09-10","2017-01-15","NEON.BET.D08.000240","DICDIL1","Animalia","Arthropoda","Insecta","Coleoptera","Carabidae","Harpalinae","Licinini","Dicaelus","Paradicaelus","dilatatus","dilatatus","Dicaelus dilatatus dilatatus","Say","subspecies",,"F",,"Ball, G. E. 1992. The Tribe Licinini (Coleoptera: Carabidae): A Review of the Genus-Groups and of the Species of Selected Genera. Journal of the New York Entomological Society 100:325-380.","Kipling Will","Essig Museum of Entomology",,"No known compromise","N",,
"15cec9ee-c9c1-4dd3-b354-409901112ab7","TALL_004.basePlot.bet","D08","TALL","TALL_004","2014-08-27","2014-09-10","2017-01-15","NEON.BET.D08.000235","CYCFRE","Animalia","Arthropoda","Insecta","Coleoptera","Carabidae","Harpalinae","Pterostichini","Cyclotrachelus","Cyclotrachelus","freitagi",,"Cyclotrachelus freitagi","Bousquet","species",,"F",,"Freitag, R. 1969. A revision of the species of the genus Evarthrus LeConte. Quaestiones Entomologicae 5:89-212.","Kipling Will","Essig Museum of Entomology",,"No known compromise","N",,
"517769c8-3cf1-441f-9f27-850e131b988d","TALL_008.basePlot.bet","D08","TALL","TALL_008","2014-08-27","2014-09-10","2017-01-15","NEON.BET.D08.000239","CYMAME","Animalia","Arthropoda","Insecta","Coleoptera","Carabidae","Harpalinae","Lebiini","Cymindis","Tarulus","americana",,"Cymindis americana","Dejean","species",,"M",,"Lindroth, C. H. 1969. The ground-beetles (Carabidae, excl. Cicindelinae) of Canada and Alaska, parts 1-6. Opuscula E. Entomoligiska Sallskapet.","Kipling Will","Essig Museum of Entomology",,"No known compromise","N",,
"6fe98431-3868-49f9-a332-bffbd6b24dc3","TALL_007.basePlot.bet","D08","TALL","TALL_007","2014-08-27","2014-09-10","2017-01-15","NEON.BET.D08.000238","CYCCON2","Animalia","Arthropoda","Insecta","Coleoptera","Carabidae","Harpalinae","Pterostichini","Cyclotrachelus","Evarthrus","convivus",,"Cyclotrachelus convivus","LeConte","species",,"F",,"Freitag, R. 1969. A revision of the species of the genus Evarthrus LeConte. Quaestiones Entomologicae 5:89-212.","Kipling Will","Essig Museum of Entomology",,"No known compromise","N",,
"29f01640-05b6-4838-b1c0-178ec12fe181","TALL_006.basePlot.bet","D08","TALL","TALL_006","2014-08-27","2014-09-10","2017-01-15","NEON.BET.D08.000237","CYCCON2","Animalia","Arthropoda","Insecta","Coleoptera","Carabidae","Harpalinae","Pterostichini","Cyclotrachelus","Evarthrus","convivus",,"Cyclotrachelus convivus","LeConte","species",,"M",,"Freitag, R. 1969. A revision of the species of the genus Evarthrus LeConte. Quaestiones Entomologicae 5:89-212.","Kipling Will","Essig Museum of Entomology",,"No known compromise","N",,
"606da914-3742-4ec2-bd9a-675351fa43d4","TALL_005.basePlot.bet","D08","TALL","TALL_005","2014-08-27","2014-09-10","2017-01-15","NEON.BET.D08.000236","DICFUR2","Animalia","Arthropoda","Insecta","Coleoptera","Carabidae","Harpalinae","Licinini","Dicaelus","Paradicaelus","furvus","furvus","Dicaelus furvus furvus","Dejean","subspecies",,"F",,"Ball, G. E. 1992. The Tribe Licinini (Coleoptera: Carabidae): A Review of the Genus-Groups and of the Species of Selected Genera. Journal of the New York Entomological Society 100:325-380.","Kipling Will","Essig Museum of Entomology",,"No known compromise","N",,
"9c268c28-bb09-48d1-baef-7fd7a0573da6","TALL_013.basePlot.bet","D08","TALL","TALL_013","2014-08-27","2014-09-10","2017-01-15","NEON.BET.D08.000245","CYCFRE","Animalia","Arthropoda","Insecta","Coleoptera","Carabidae","Harpalinae","Pterostichini","Cyclotrachelus","Cyclotrachelus","freitagi",,"Cyclotrachelus freitagi","Bousquet","species",,"M",,"Freitag, R. 1969. A revision of the species of the genus Evarthrus LeConte. Quaestiones Entomologicae 5:89-212.","Kipling Will","Essig Museum of Entomology",,"No known compromise","N",,
