uid,namedLocation,domainID,siteID,plotID,trapID,plotType,nlcdClass,decimalLatitude,decimalLongitude,geodeticDatum,coordinateUncertainty,elevation,elevationUncertainty,setDate,collectDate,eventID,daysOfTrapping,sampleCollected,sampleID,cupStatus,lidStatus,fluidLevel,samplingProtocolVersion,recordedBy,remarks
"325f069d-1861-4e2d-aac2-88e4b3378ffa","ORNL_004.basePlot.bet","D07","ORNL","ORNL_004","E","distributed","deciduousForest",35.907947,-84.275213,"WGS84",20.2,296.1,0.2,"2014-06-16","2014-07-01","ORNL.2014.27",15,"Y","ORNL_004.E.20140701","Ok","Ok","High","NEON.DOC.014050vE","WmAojBj4q9lPhur9nwi+LcYtlz/DsGor","late sampling due to downed tree blocking road"
"0c8b43e0-befe-4a41-87be-cb40b28427b6","ORNL_004.basePlot.bet","D07","ORNL","ORNL_004","W","distributed","deciduousForest",35.907947,-84.275213,"WGS84",20.2,296.1,0.2,"2014-06-16","2014-07-01","ORNL.2014.27",15,"Y","ORNL_004.W.20140701","Ok","Ok","Ok","NEON.DOC.014050vE","WmAojBj4q9lPhur9nwi+LcYtlz/DsGor","late sampling due to downed tree blocking road"
"4102b9d9-f0d5-477c-af55-b6ae407045af","ORNL_004.basePlot.bet","D07","ORNL","ORNL_004","S","distributed","deciduousForest",35.907947,-84.275213,"WGS84",20.2,296.1,0.2,"2014-06-16","2014-07-01","ORNL.2014.27",15,"Y","ORNL_004.S.20140701","Ok","Ok","Ok","NEON.DOC.014050vE","WmAojBj4q9lPhur9nwi+LcYtlz/DsGor","late sampling due to downed tree blocking road"
"edabb54d-0dd6-4267-90c8-32e7e6cc4f89","ORNL_004.basePlot.bet","D07","ORNL","ORNL_004","N","distributed","deciduousForest",35.907947,-84.275213,"WGS84",20.2,296.1,0.2,"2014-06-16","2014-07-01","ORNL.2014.27",15,"Y","ORNL_004.N.20140701","Ok","Ok","High","NEON.DOC.014050vE","WmAojBj4q9lPhur9nwi+LcYtlz/DsGor","late sampling due to downed tree blocking road"
"bcd87919-95db-4d9f-af16-451e9c42a88a","ORNL_027.basePlot.bet","D07","ORNL","ORNL_027","S","distributed","evergreenForest",35.916311,-84.263280,"WGS84",20.3,245.6,0.3,"2014-06-30","2014-07-14","ORNL.2014.29",14,"Y","ORNL_027.S.20140714","Ok","Ok","Ok","NEON.DOC.014050vE","nAKPQvGWPz3w50pS9SF/Wg/TlEjgxRE8",
"13f8ff90-6963-4db2-9f84-99f55d9f1926","ORNL_003.basePlot.bet","D07","ORNL","ORNL_003","S","distributed","deciduousForest",35.965869,-84.230640,"WGS84",20.2,262.0,0.3,"2014-06-30","2014-07-14","ORNL.2014.29",14,"Y","ORNL_003.S.20140714","Ok","Ok","Ok","NEON.DOC.014050vE","nAKPQvGWPz3w50pS9SF/Wg/TlEjgxRE8",
"a36e6beb-54ab-4699-82f0-4ffb9b62cf1c","ORNL_032.basePlot.bet","D07","ORNL","ORNL_032","S","distributed","evergreenForest",35.944516,-84.326492,"WGS84",20.2,263.1,0.2,"2014-06-30","2014-07-14","ORNL.2014.29",14,"Y","ORNL_032.S.20140714","Ok","Ok","Ok","NEON.DOC.014050vE","nAKPQvGWPz3w50pS9SF/Wg/TlEjgxRE8",
"7dfc6a48-ab86-40e8-9d5e-bd3711d81cb4","ORNL_001.basePlot.bet","D07","ORNL","ORNL_001","S","distributed","deciduousForest",35.930250,-84.270110,"WGS84",20.2,244.6,0.3,"2014-06-30","2014-07-14","ORNL.2014.29",14,"Y","ORNL_001.S.20140714","Ok","Ok","Ok","NEON.DOC.014050vE","nAKPQvGWPz3w50pS9SF/Wg/TlEjgxRE8",
"72a2268e-6160-4714-8a4a-a49fc5670686","ORNL_029.basePlot.bet","D07","ORNL","ORNL_029","S","distributed","evergreenForest",35.957646,-84.261838,"WGS84",20.1,272.5,0.2,"2014-06-30","2014-07-14","ORNL.2014.29",14,"Y","ORNL_029.S.20140714","Ok","Ok","Ok","NEON.DOC.014050vE","nAKPQvGWPz3w50pS9SF/Wg/TlEjgxRE8",
"b3936304-0bc8-46b9-9f80-effab4ec8623","ORNL_004.basePlot.bet","D07","ORNL","ORNL_004","S","distributed","deciduousForest",35.907947,-84.275213,"WGS84",20.2,296.1,0.2,"2014-06-30","2014-07-14","ORNL.2014.29",14,"Y","ORNL_004.S.20140714","Ok","Ok","Ok","NEON.DOC.014050vE","nAKPQvGWPz3w50pS9SF/Wg/TlEjgxRE8",
"9dcf2f5f-9727-41a7-b5a7-460e010a520a","ORNL_032.basePlot.bet","D07","ORNL","ORNL_032","W","distributed","evergreenForest",35.944516,-84.326492,"WGS84",20.2,263.1,0.2,"2014-06-30","2014-07-14","ORNL.2014.29",14,"Y","ORNL_032.W.20140714","Ok","Ok","Ok","NEON.DOC.014050vE","nAKPQvGWPz3w50pS9SF/Wg/TlEjgxRE8",
"e3da11ec-a9ae-43bc-b7c2-f1ca2e4463c1","ORNL_001.basePlot.bet","D07","ORNL","ORNL_001","W","distributed","deciduousForest",35.930250,-84.270110,"WGS84",20.2,244.6,0.3,"2014-06-30","2014-07-14","ORNL.2014.29",14,"Y","ORNL_001.W.20140714","Ok","Ok","High","NEON.DOC.014050vE","nAKPQvGWPz3w50pS9SF/Wg/TlEjgxRE8",
"720db7b2-e4dc-4016-86b7-3b3a0c36f062","ORNL_029.basePlot.bet","D07","ORNL","ORNL_029","W","distributed","evergreenForest",35.957646,-84.261838,"WGS84",20.1,272.5,0.2,"2014-06-30","2014-07-14","ORNL.2014.29",14,"Y","ORNL_029.W.20140714","Ok","Ok","Ok","NEON.DOC.014050vE","nAKPQvGWPz3w50pS9SF/Wg/TlEjgxRE8",
"63589e8f-6058-434f-8200-cbb14e667869","ORNL_003.basePlot.bet","D07","ORNL","ORNL_003","W","distributed","deciduousForest",35.965869,-84.230640,"WGS84",20.2,262.0,0.3,"2014-06-30","2014-07-14","ORNL.2014.29",14,"Y","ORNL_003.W.20140714","Ok","Ok","Ok","NEON.DOC.014050vE","nAKPQvGWPz3w50pS9SF/Wg/TlEjgxRE8",
"a0ba31bd-a160-4bb3-9980-4a18e4a0c1c1","ORNL_004.basePlot.bet","D07","ORNL","ORNL_004","W","distributed","deciduousForest",35.907947,-84.275213,"WGS84",20.2,296.1,0.2,"2014-06-30","2014-07-14","ORNL.2014.29",14,"Y","ORNL_004.W.20140714","Ok","Ok","Ok","NEON.DOC.014050vE","nAKPQvGWPz3w50pS9SF/Wg/TlEjgxRE8",
"f81b611b-e8f1-4d41-8467-65479e251953","ORNL_002.basePlot.bet","D07","ORNL","ORNL_002","W","distributed","deciduousForest",35.982205,-84.212754,"WGS84",20.2,306.9,0.4,"2014-06-30","2014-07-14","ORNL.2014.29",14,"Y","ORNL_002.W.20140714","Ok","Ok","Ok","NEON.DOC.014050vE","nAKPQvGWPz3w50pS9SF/Wg/TlEjgxRE8",
"ff0e4a52-168b-4e35-a6db-ef81be0747e8","ORNL_006.basePlot.bet","D07","ORNL","ORNL_006","W","distributed","deciduousForest",35.938232,-84.323686,"WGS84",20.2,283.6,0.2,"2014-06-30","2014-07-14","ORNL.2014.29",14,"Y","ORNL_006.W.20140714","Ok","Ok","Ok","NEON.DOC.014050vE","nAKPQvGWPz3w50pS9SF/Wg/TlEjgxRE8",
"e344444d-dc3b-434c-b4fe-378063e01adb","ORNL_027.basePlot.bet","D07","ORNL","ORNL_027","W","distributed","evergreenForest",35.916311,-84.263280,"WGS84",20.3,245.6,0.3,"2014-06-30","2014-07-14","ORNL.2014.29",14,"Y","ORNL_027.W.20140714","Ok","Ok","Ok","NEON.DOC.014050vE","nAKPQvGWPz3w50pS9SF/Wg/TlEjgxRE8",
"9faa18fe-2c3d-4775-be10-e1e88cdc657e","ORNL_021.basePlot.bet","D07","ORNL","ORNL_021","W","distributed","pastureHay",35.955641,-84.221347,"WGS84",20.1,277.6,0.1,"2014-06-30","2014-07-14","ORNL.2014.29",14,"Y","ORNL_021.W.20140714","Ok","Ok","Ok","NEON.DOC.014050vE","nAKPQvGWPz3w50pS9SF/Wg/TlEjgxRE8",
"a53933c3-7c92-4dbe-9150-d4f7c686d9ee","ORNL_031.basePlot.bet","D07","ORNL","ORNL_031","W","distributed","pastureHay",35.948607,-84.221913,"WGS84",20.1,266.7,0.1,"2014-06-30","2014-07-14","ORNL.2014.29",14,"Y","ORNL_031.W.20140714","Ok","Ok","Ok","NEON.DOC.014050vE","nAKPQvGWPz3w50pS9SF/Wg/TlEjgxRE8",
"f16a60a7-638b-4594-b36a-e0801847a876","ORNL_002.basePlot.bet","D07","ORNL","ORNL_002","E","distributed","deciduousForest",35.982205,-84.212754,"WGS84",20.2,306.9,0.4,"2014-06-30","2014-07-14","ORNL.2014.29",14,"Y","ORNL_002.E.20140714","Ok","Ok","Ok","NEON.DOC.014050vE","nAKPQvGWPz3w50pS9SF/Wg/TlEjgxRE8",
"63fc1fb8-96ff-4ad7-b2f2-4dad937988be","ORNL_031.basePlot.bet","D07","ORNL","ORNL_031","E","distributed","pastureHay",35.948607,-84.221913,"WGS84",20.1,266.7,0.1,"2014-06-30","2014-07-14","ORNL.2014.29",14,"Y","ORNL_031.E.20140714","Ok","Ok","Ok","NEON.DOC.014050vE","nAKPQvGWPz3w50pS9SF/Wg/TlEjgxRE8",
"be168f5a-fa71-4ac9-80c3-a0e068217097","ORNL_021.basePlot.bet","D07","ORNL","ORNL_021","E","distributed","pastureHay",35.955641,-84.221347,"WGS84",20.1,277.6,0.1,"2014-06-30","2014-07-14","ORNL.2014.29",14,"Y","ORNL_021.E.20140714","Ok","Ok","Ok","NEON.DOC.014050vE","nAKPQvGWPz3w50pS9SF/Wg/TlEjgxRE8","full of mud"
"b5e10168-cc99-4bfd-9f31-bf5ec2d513ff","ORNL_006.basePlot.bet","D07","ORNL","ORNL_006","E","distributed","deciduousForest",35.938232,-84.323686,"WGS84",20.2,283.6,0.2,"2014-06-30","2014-07-14","ORNL.2014.29",14,"Y","ORNL_006.E.20140714","Ok","Ok","Ok","NEON.DOC.014050vE","nAKPQvGWPz3w50pS9SF/Wg/TlEjgxRE8",
"e6af56b5-8712-474d-b526-483a17fde90c","ORNL_027.basePlot.bet","D07","ORNL","ORNL_027","E","distributed","evergreenForest",35.916311,-84.263280,"WGS84",20.3,245.6,0.3,"2014-06-30","2014-07-14","ORNL.2014.29",14,"Y","ORNL_027.E.20140714","Ok","Ok","High","NEON.DOC.014050vE","nAKPQvGWPz3w50pS9SF/Wg/TlEjgxRE8",
"dbcb81e6-252a-457f-af70-69d6ac68110a","ORNL_032.basePlot.bet","D07","ORNL","ORNL_032","E","distributed","evergreenForest",35.944516,-84.326492,"WGS84",20.2,263.1,0.2,"2014-06-30","2014-07-14","ORNL.2014.29",14,"Y","ORNL_032.E.20140714","Ok","Ok","Ok","NEON.DOC.014050vE","nAKPQvGWPz3w50pS9SF/Wg/TlEjgxRE8",
"da2b499e-ae72-4f7f-8a21-d2d219391bbe","ORNL_029.basePlot.bet","D07","ORNL","ORNL_029","E","distributed","evergreenForest",35.957646,-84.261838,"WGS84",20.1,272.5,0.2,"2014-06-30","2014-07-14","ORNL.2014.29",14,"Y","ORNL_029.E.20140714","Ok","Ok","Ok","NEON.DOC.014050vE","nAKPQvGWPz3w50pS9SF/Wg/TlEjgxRE8","filled to 250ml level"
"1c63ba81-5563-437a-9ed5-94c1a2f31076","ORNL_003.basePlot.bet","D07","ORNL","ORNL_003","E","distributed","deciduousForest",35.965869,-84.230640,"WGS84",20.2,262.0,0.3,"2014-06-30","2014-07-14","ORNL.2014.29",14,"Y","ORNL_003.E.20140714","Ok","Ok","Ok","NEON.DOC.014050vE","nAKPQvGWPz3w50pS9SF/Wg/TlEjgxRE8",
"0d3445c4-6dd0-4ec0-ac11-5f0e423930b6","ORNL_001.basePlot.bet","D07","ORNL","ORNL_001","E","distributed","deciduousForest",35.930250,-84.270110,"WGS84",20.2,244.6,0.3,"2014-06-30","2014-07-14","ORNL.2014.29",14,"Y","ORNL_001.E.20140714","Ok","Ok","Ok","NEON.DOC.014050vE","nAKPQvGWPz3w50pS9SF/Wg/TlEjgxRE8",
"07311759-97a7-4d7c-bd62-3be65361ac97","ORNL_004.basePlot.bet","D07","ORNL","ORNL_004","E","distributed","deciduousForest",35.907947,-84.275213,"WGS84",20.2,296.1,0.2,"2014-06-30","2014-07-14","ORNL.2014.29",14,"Y","ORNL_004.E.20140714","Ok","Ok","Ok","NEON.DOC.014050vE","nAKPQvGWPz3w50pS9SF/Wg/TlEjgxRE8","rocks preventing lid nails from being hammered all the way"
"52d78379-4ca8-4ffb-be4a-ce1519854cf1","ORNL_006.basePlot.bet","D07","ORNL","ORNL_006","N","distributed","deciduousForest",35.938232,-84.323686,"WGS84",20.2,283.6,0.2,"2014-06-30","2014-07-14","ORNL.2014.29",14,"Y","ORNL_006.N.20140714","Ok","Ok","Ok","NEON.DOC.014050vE","nAKPQvGWPz3w50pS9SF/Wg/TlEjgxRE8",
"7ffc4d2e-a745-4fd6-a310-1a4b51e2d616","ORNL_027.basePlot.bet","D07","ORNL","ORNL_027","N","distributed","evergreenForest",35.916311,-84.263280,"WGS84",20.3,245.6,0.3,"2014-06-30","2014-07-14","ORNL.2014.29",14,"Y","ORNL_027.N.20140714","Ok","Ok","Ok","NEON.DOC.014050vE","nAKPQvGWPz3w50pS9SF/Wg/TlEjgxRE8",
"e5b21773-743d-41a5-8f50-012099d0f286","ORNL_021.basePlot.bet","D07","ORNL","ORNL_021","N","distributed","pastureHay",35.955641,-84.221347,"WGS84",20.1,277.6,0.1,"2014-06-30","2014-07-14","ORNL.2014.29",14,"Y","ORNL_021.N.20140714","Ok","Ok","Low","NEON.DOC.014050vE","nAKPQvGWPz3w50pS9SF/Wg/TlEjgxRE8","almost empty"
"1df0a35b-4d3b-4a8a-8dbd-6bca5ad4fe59","ORNL_031.basePlot.bet","D07","ORNL","ORNL_031","N","distributed","pastureHay",35.948607,-84.221913,"WGS84",20.1,266.7,0.1,"2014-06-30","2014-07-14","ORNL.2014.29",14,"Y","ORNL_031.N.20140714","Ok","Ok","Ok","NEON.DOC.014050vE","nAKPQvGWPz3w50pS9SF/Wg/TlEjgxRE8",
"34d7e691-5abc-4968-b1dd-bf6c51701326","ORNL_002.basePlot.bet","D07","ORNL","ORNL_002","N","distributed","deciduousForest",35.982205,-84.212754,"WGS84",20.2,306.9,0.4,"2014-06-30","2014-07-14","ORNL.2014.29",14,"Y","ORNL_002.N.20140714","Ok","Ok","Ok","NEON.DOC.014050vE","nAKPQvGWPz3w50pS9SF/Wg/TlEjgxRE8",
"31b5def5-1a3a-4371-9c64-9c887881b524","ORNL_004.basePlot.bet","D07","ORNL","ORNL_004","N","distributed","deciduousForest",35.907947,-84.275213,"WGS84",20.2,296.1,0.2,"2014-06-30","2014-07-14","ORNL.2014.29",14,"Y","ORNL_004.N.20140714","Ok","Ok","High","NEON.DOC.014050vE","nAKPQvGWPz3w50pS9SF/Wg/TlEjgxRE8","rocks preventing lid nails from being hammered all the way"
"1823b140-ac2b-4a7c-a557-e4f826f3b21b","ORNL_001.basePlot.bet","D07","ORNL","ORNL_001","N","distributed","deciduousForest",35.930250,-84.270110,"WGS84",20.2,244.6,0.3,"2014-06-30","2014-07-14","ORNL.2014.29",14,"Y","ORNL_001.N.20140714","Ok","Ok","Ok","NEON.DOC.014050vE","nAKPQvGWPz3w50pS9SF/Wg/TlEjgxRE8",
"da2c7a8e-33c7-4d05-837c-107a079ce49a","ORNL_029.basePlot.bet","D07","ORNL","ORNL_029","N","distributed","evergreenForest",35.957646,-84.261838,"WGS84",20.1,272.5,0.2,"2014-06-30","2014-07-14","ORNL.2014.29",14,"Y","ORNL_029.N.20140714","Ok","Ok","Ok","NEON.DOC.014050vE","nAKPQvGWPz3w50pS9SF/Wg/TlEjgxRE8","filled to 250ml level"
"b4d8f9c8-2988-4c1e-8be5-84f241fdab45","ORNL_003.basePlot.bet","D07","ORNL","ORNL_003","N","distributed","deciduousForest",35.965869,-84.230640,"WGS84",20.2,262.0,0.3,"2014-06-30","2014-07-14","ORNL.2014.29",14,"Y","ORNL_003.N.20140714","Ok","Ok","Ok","NEON.DOC.014050vE","nAKPQvGWPz3w50pS9SF/Wg/TlEjgxRE8",
"2ed81096-d4a3-4308-b735-ad3f8d9b029f","ORNL_032.basePlot.bet","D07","ORNL","ORNL_032","N","distributed","evergreenForest",35.944516,-84.326492,"WGS84",20.2,263.1,0.2,"2014-06-30","2014-07-14","ORNL.2014.29",14,"Y","ORNL_032.N.20140714","Ok","Ok","Ok","NEON.DOC.014050vE","nAKPQvGWPz3w50pS9SF/Wg/TlEjgxRE8",
"3f901f3b-f8ca-4deb-a497-0447b646a7cd","ORNL_021.basePlot.bet","D07","ORNL","ORNL_021","S","distributed","pastureHay",35.955641,-84.221347,"WGS84",20.1,277.6,0.1,"2014-06-30","2014-07-14","ORNL.2014.29",14,"Y","ORNL_021.S.20140714","Ok","Ok","Ok","NEON.DOC.014050vE","nAKPQvGWPz3w50pS9SF/Wg/TlEjgxRE8",
"cead3dc6-5448-4e4f-9ba2-7689851f9fdb","ORNL_031.basePlot.bet","D07","ORNL","ORNL_031","S","distributed","pastureHay",35.948607,-84.221913,"WGS84",20.1,266.7,0.1,"2014-06-30","2014-07-14","ORNL.2014.29",14,"Y","ORNL_031.S.20140714","Ok","Ok","Ok","NEON.DOC.014050vE","nAKPQvGWPz3w50pS9SF/Wg/TlEjgxRE8",
"08fc6fb5-c130-4493-b70b-8f96c4cace0c","ORNL_002.basePlot.bet","D07","ORNL","ORNL_002","S","distributed","deciduousForest",35.982205,-84.212754,"WGS84",20.2,306.9,0.4,"2014-06-30","2014-07-14","ORNL.2014.29",14,"Y","ORNL_002.S.20140714","Ok","Ok","Ok","NEON.DOC.014050vE","nAKPQvGWPz3w50pS9SF/Wg/TlEjgxRE8",
"bfcdcfd0-3635-4cff-8d20-19d31a15ef3b","ORNL_006.basePlot.bet","D07","ORNL","ORNL_006","S","distributed","deciduousForest",35.938232,-84.323686,"WGS84",20.2,283.6,0.2,"2014-06-30","2014-07-14","ORNL.2014.29",14,"Y","ORNL_006.S.20140714","Ok","Ok","Ok","NEON.DOC.014050vE","nAKPQvGWPz3w50pS9SF/Wg/TlEjgxRE8",
"11e941fb-2712-478e-b749-69f539962d53","ORNL_004.basePlot.bet","D07","ORNL","ORNL_004","E","distributed","deciduousForest",35.907947,-84.275213,"WGS84",20.2,296.1,0.2,"2014-07-14","2014-07-28","ORNL.2014.31",14,"Y","ORNL_004.E.20140728","Ok","Ok","Ok","NEON.DOC.014050vE","nAKPQvGWPz3w50pS9SF/Wg/TlEjgxRE8",
"4ddbdcc8-4824-4d3c-9226-13f5df0aedd5","ORNL_021.basePlot.bet","D07","ORNL","ORNL_021","W","distributed","pastureHay",35.955641,-84.221347,"WGS84",20.1,277.6,0.1,"2014-07-14","2014-07-28","ORNL.2014.31",14,"Y","ORNL_021.W.20140728","Ok","Ok","Ok","NEON.DOC.014050vE","nAKPQvGWPz3w50pS9SF/Wg/TlEjgxRE8",
"8b4f7b1e-4964-45ac-9296-14813c12e178","ORNL_021.basePlot.bet","D07","ORNL","ORNL_021","E","distributed","pastureHay",35.955641,-84.221347,"WGS84",20.1,277.6,0.1,"2014-07-14","2014-07-28","ORNL.2014.31",14,"Y","ORNL_021.E.20140728","Ok","Ok","Ok","NEON.DOC.014050vE","nAKPQvGWPz3w50pS9SF/Wg/TlEjgxRE8",
"1111d7a3-1799-465b-8ef4-a5e0d1828275","ORNL_027.basePlot.bet","D07","ORNL","ORNL_027","E","distributed","evergreenForest",35.916311,-84.263280,"WGS84",20.3,245.6,0.3,"2014-07-14","2014-07-28","ORNL.2014.31",14,"Y","ORNL_027.E.20140728","Ok","Ok","Ok","NEON.DOC.014050vE","nAKPQvGWPz3w50pS9SF/Wg/TlEjgxRE8",
"9f1b6a9b-8e90-4df3-b2af-0c5738729fe6","ORNL_006.basePlot.bet","D07","ORNL","ORNL_006","E","distributed","deciduousForest",35.938232,-84.323686,"WGS84",20.2,283.6,0.2,"2014-07-14","2014-07-28","ORNL.2014.31",14,"Y","ORNL_006.E.20140728","Ok","Ok","Ok","NEON.DOC.014050vE","nAKPQvGWPz3w50pS9SF/Wg/TlEjgxRE8",
"e5e6bfff-ea48-4458-90a7-f9085481d145","ORNL_003.basePlot.bet","D07","ORNL","ORNL_003","E","distributed","deciduousForest",35.965869,-84.230640,"WGS84",20.2,262.0,0.3,"2014-07-14","2014-07-28","ORNL.2014.31",14,"Y","ORNL_003.E.20140728","Ok","Ok","Ok","NEON.DOC.014050vE","nAKPQvGWPz3w50pS9SF/Wg/TlEjgxRE8",
"0a118f4b-ab39-4973-86fe-4409e8b3e260","ORNL_032.basePlot.bet","D07","ORNL","ORNL_032","E","distributed","evergreenForest",35.944516,-84.326492,"WGS84",20.2,263.1,0.2,"2014-07-14","2014-07-28","ORNL.2014.31",14,"Y","ORNL_032.E.20140728","Ok","Ok","Ok","NEON.DOC.014050vE","nAKPQvGWPz3w50pS9SF/Wg/TlEjgxRE8",
"63910002-2f13-4c29-89bf-68bb3e1d80e0","ORNL_029.basePlot.bet","D07","ORNL","ORNL_029","E","distributed","evergreenForest",35.957646,-84.261838,"WGS84",20.1,272.5,0.2,"2014-07-14","2014-07-28","ORNL.2014.31",14,"Y","ORNL_029.E.20140728","Ok","Ok","High","NEON.DOC.014050vE","nAKPQvGWPz3w50pS9SF/Wg/TlEjgxRE8",
"9e6aeae3-ab23-42c4-ad5e-3e648f98fe7c","ORNL_001.basePlot.bet","D07","ORNL","ORNL_001","E","distributed","deciduousForest",35.930250,-84.270110,"WGS84",20.2,244.6,0.3,"2014-07-14","2014-07-28","ORNL.2014.31",14,"Y","ORNL_001.E.20140728","Ok","Ok","Ok","NEON.DOC.014050vE","nAKPQvGWPz3w50pS9SF/Wg/TlEjgxRE8",
"f4003505-00f2-4489-af1e-609f7d8b1a68","ORNL_002.basePlot.bet","D07","ORNL","ORNL_002","E","distributed","deciduousForest",35.982205,-84.212754,"WGS84",20.2,306.9,0.4,"2014-07-14","2014-07-28","ORNL.2014.31",14,"Y","ORNL_002.E.20140728","Ok","Ok","Ok","NEON.DOC.014050vE","nAKPQvGWPz3w50pS9SF/Wg/TlEjgxRE8",
"3abcc84c-ec21-4aa1-bae9-ab8244c75800","ORNL_032.basePlot.bet","D07","ORNL","ORNL_032","N","distributed","evergreenForest",35.944516,-84.326492,"WGS84",20.2,263.1,0.2,"2014-07-14","2014-07-28","ORNL.2014.31",14,"Y","ORNL_032.N.20140728","Ok","Ok","Ok","NEON.DOC.014050vE","nAKPQvGWPz3w50pS9SF/Wg/TlEjgxRE8",
"09638997-c795-46f6-9242-e4a8fa22ede1","ORNL_029.basePlot.bet","D07","ORNL","ORNL_029","N","distributed","evergreenForest",35.957646,-84.261838,"WGS84",20.1,272.5,0.2,"2014-07-14","2014-07-28","ORNL.2014.31",14,"Y","ORNL_029.N.20140728","Ok","Ok","High","NEON.DOC.014050vE","nAKPQvGWPz3w50pS9SF/Wg/TlEjgxRE8",
"cd769656-0ac2-432e-9b8b-d489be10cbc8","ORNL_003.basePlot.bet","D07","ORNL","ORNL_003","N","distributed","deciduousForest",35.965869,-84.230640,"WGS84",20.2,262.0,0.3,"2014-07-14","2014-07-28","ORNL.2014.31",14,"Y","ORNL_003.N.20140728","Ok","Ok","Ok","NEON.DOC.014050vE","nAKPQvGWPz3w50pS9SF/Wg/TlEjgxRE8",
"d58f3c31-9dec-4bec-a496-81e85ae7c20c","ORNL_001.basePlot.bet","D07","ORNL","ORNL_001","N","distributed","deciduousForest",35.930250,-84.270110,"WGS84",20.2,244.6,0.3,"2014-07-14","2014-07-28","ORNL.2014.31",14,"Y","ORNL_001.N.20140728","Ok","Ok","Ok","NEON.DOC.014050vE","nAKPQvGWPz3w50pS9SF/Wg/TlEjgxRE8",
"5f7209be-28a9-4209-96d0-9e9ec2b50aa1","ORNL_004.basePlot.bet","D07","ORNL","ORNL_004","N","distributed","deciduousForest",35.907947,-84.275213,"WGS84",20.2,296.1,0.2,"2014-07-14","2014-07-28","ORNL.2014.31",14,"Y","ORNL_004.N.20140728","Ok","Ok","High","NEON.DOC.014050vE","nAKPQvGWPz3w50pS9SF/Wg/TlEjgxRE8",
"460f0116-d1c7-4d03-9ece-b932c4c4c357","ORNL_002.basePlot.bet","D07","ORNL","ORNL_002","N","distributed","deciduousForest",35.982205,-84.212754,"WGS84",20.2,306.9,0.4,"2014-07-14","2014-07-28","ORNL.2014.31",14,"Y","ORNL_002.N.20140728","Ok","Ok","Ok","NEON.DOC.014050vE","nAKPQvGWPz3w50pS9SF/Wg/TlEjgxRE8",
"1ea2dd03-4b4a-4f87-8c78-2b605deea2b6","ORNL_031.basePlot.bet","D07","ORNL","ORNL_031","N","distributed","pastureHay",35.948607,-84.221913,"WGS84",20.1,266.7,0.1,"2014-07-14","2014-07-28","ORNL.2014.31",14,"Y","ORNL_031.N.20140728","Ok","Ok","Ok","NEON.DOC.014050vE","nAKPQvGWPz3w50pS9SF/Wg/TlEjgxRE8",
"91ad5132-c96b-4210-b63c-421ab46d96df","ORNL_021.basePlot.bet","D07","ORNL","ORNL_021","N","distributed","pastureHay",35.955641,-84.221347,"WGS84",20.1,277.6,0.1,"2014-07-14","2014-07-28","ORNL.2014.31",14,"Y","ORNL_021.N.20140728","Ok","Ok","Ok","NEON.DOC.014050vE","nAKPQvGWPz3w50pS9SF/Wg/TlEjgxRE8",
"d70ca439-5175-4c07-b5ce-ef520bfa91e6","ORNL_027.basePlot.bet","D07","ORNL","ORNL_027","N","distributed","evergreenForest",35.916311,-84.263280,"WGS84",20.3,245.6,0.3,"2014-07-14","2014-07-28","ORNL.2014.31",14,"Y","ORNL_027.N.20140728","Ok","Ok","Ok","NEON.DOC.014050vE","nAKPQvGWPz3w50pS9SF/Wg/TlEjgxRE8",
"b85d47f3-f241-4fbc-98cc-e69bb18ebb69","ORNL_006.basePlot.bet","D07","ORNL","ORNL_006","N","distributed","deciduousForest",35.938232,-84.323686,"WGS84",20.2,283.6,0.2,"2014-07-14","2014-07-28","ORNL.2014.31",14,"Y","ORNL_006.N.20140728","Ok","Ok","Ok","NEON.DOC.014050vE","nAKPQvGWPz3w50pS9SF/Wg/TlEjgxRE8",
"31fe8925-47e4-4eb5-9568-d1f0faacb5a4","ORNL_027.basePlot.bet","D07","ORNL","ORNL_027","S","distributed","evergreenForest",35.916311,-84.263280,"WGS84",20.3,245.6,0.3,"2014-07-14","2014-07-28","ORNL.2014.31",14,"Y","ORNL_027.S.20140728","Ok","Ok","Ok","NEON.DOC.014050vE","nAKPQvGWPz3w50pS9SF/Wg/TlEjgxRE8",
"483be681-4cae-47bb-9835-b9f861a1b04a","ORNL_021.basePlot.bet","D07","ORNL","ORNL_021","S","distributed","pastureHay",35.955641,-84.221347,"WGS84",20.1,277.6,0.1,"2014-07-14","2014-07-28","ORNL.2014.31",14,"Y","ORNL_021.S.20140728","Ok","Ok","Ok","NEON.DOC.014050vE","nAKPQvGWPz3w50pS9SF/Wg/TlEjgxRE8",
"a204458d-1f53-4e23-b20e-2d05c5aa2737","ORNL_006.basePlot.bet","D07","ORNL","ORNL_006","S","distributed","deciduousForest",35.938232,-84.323686,"WGS84",20.2,283.6,0.2,"2014-07-14","2014-07-28","ORNL.2014.31",14,"Y","ORNL_006.S.20140728","Ok","Ok","Ok","NEON.DOC.014050vE","nAKPQvGWPz3w50pS9SF/Wg/TlEjgxRE8",
"94a3a2b2-b1a6-40e2-8bec-30a078fd99b3","ORNL_004.basePlot.bet","D07","ORNL","ORNL_004","S","distributed","deciduousForest",35.907947,-84.275213,"WGS84",20.2,296.1,0.2,"2014-07-14","2014-07-28","ORNL.2014.31",14,"Y","ORNL_004.S.20140728","Ok","Ok","Ok","NEON.DOC.014050vE","nAKPQvGWPz3w50pS9SF/Wg/TlEjgxRE8",
"258f7ec5-a438-4c55-bd34-d82742dc692f","ORNL_031.basePlot.bet","D07","ORNL","ORNL_031","S","distributed","pastureHay",35.948607,-84.221913,"WGS84",20.1,266.7,0.1,"2014-07-14","2014-07-28","ORNL.2014.31",14,"Y","ORNL_031.S.20140728","Ok","Ok","Ok","NEON.DOC.014050vE","nAKPQvGWPz3w50pS9SF/Wg/TlEjgxRE8",
"fc98a8d0-7fca-4e8e-9c14-d81307d64621","ORNL_002.basePlot.bet","D07","ORNL","ORNL_002","S","distributed","deciduousForest",35.982205,-84.212754,"WGS84",20.2,306.9,0.4,"2014-07-14","2014-07-28","ORNL.2014.31",14,"Y","ORNL_002.S.20140728","Ok","Ok","High","NEON.DOC.014050vE","nAKPQvGWPz3w50pS9SF/Wg/TlEjgxRE8",
"49c4c518-b186-4ad9-9699-24c66a62a7b6","ORNL_029.basePlot.bet","D07","ORNL","ORNL_029","S","distributed","evergreenForest",35.957646,-84.261838,"WGS84",20.1,272.5,0.2,"2014-07-14","2014-07-28","ORNL.2014.31",14,"Y","ORNL_029.S.20140728","Ok","Ok","High","NEON.DOC.014050vE","nAKPQvGWPz3w50pS9SF/Wg/TlEjgxRE8",
"188e1b79-8bea-4784-83f4-6acf22d41430","ORNL_001.basePlot.bet","D07","ORNL","ORNL_001","S","distributed","deciduousForest",35.930250,-84.270110,"WGS84",20.2,244.6,0.3,"2014-07-14","2014-07-28","ORNL.2014.31",14,"Y","ORNL_001.S.20140728","Ok","Ok","Ok","NEON.DOC.014050vE","nAKPQvGWPz3w50pS9SF/Wg/TlEjgxRE8",
"fe69b6b2-f4f1-40bb-82b1-43cd9a649b0d","ORNL_032.basePlot.bet","D07","ORNL","ORNL_032","S","distributed","evergreenForest",35.944516,-84.326492,"WGS84",20.2,263.1,0.2,"2014-07-14","2014-07-28","ORNL.2014.31",14,"Y","ORNL_032.S.20140728","Ok","Ok","Ok","NEON.DOC.014050vE","nAKPQvGWPz3w50pS9SF/Wg/TlEjgxRE8",
"e0c85d61-9a4b-4dbc-a232-eea53347da2a","ORNL_003.basePlot.bet","D07","ORNL","ORNL_003","S","distributed","deciduousForest",35.965869,-84.230640,"WGS84",20.2,262.0,0.3,"2014-07-14","2014-07-28","ORNL.2014.31",14,"Y","ORNL_003.S.20140728","Ok","Ok","Ok","NEON.DOC.014050vE","nAKPQvGWPz3w50pS9SF/Wg/TlEjgxRE8",
"e3ffc842-04aa-4886-897a-65d0b62ba2bc","ORNL_004.basePlot.bet","D07","ORNL","ORNL_004","W","distributed","deciduousForest",35.907947,-84.275213,"WGS84",20.2,296.1,0.2,"2014-07-14","2014-07-28","ORNL.2014.31",14,"Y","ORNL_004.W.20140728","Ok","Ok","Ok","NEON.DOC.014050vE","nAKPQvGWPz3w50pS9SF/Wg/TlEjgxRE8",
"79b86c07-1833-4a57-93da-379f84c6d00f","ORNL_001.basePlot.bet","D07","ORNL","ORNL_001","W","distributed","deciduousForest",35.930250,-84.270110,"WGS84",20.2,244.6,0.3,"2014-07-14","2014-07-28","ORNL.2014.31",14,"Y","ORNL_001.W.20140728","Ok","Ok","Ok","NEON.DOC.014050vE","nAKPQvGWPz3w50pS9SF/Wg/TlEjgxRE8",
"8f236d60-d4ee-4f33-8763-4d770f95c4c0","ORNL_032.basePlot.bet","D07","ORNL","ORNL_032","W","distributed","evergreenForest",35.944516,-84.326492,"WGS84",20.2,263.1,0.2,"2014-07-14","2014-07-28","ORNL.2014.31",14,"Y","ORNL_032.W.20140728","Ok","Ok","Ok","NEON.DOC.014050vE","nAKPQvGWPz3w50pS9SF/Wg/TlEjgxRE8",
"9a54cc5f-918c-442d-9b6d-b2fca3c31f6d","ORNL_003.basePlot.bet","D07","ORNL","ORNL_003","W","distributed","deciduousForest",35.965869,-84.230640,"WGS84",20.2,262.0,0.3,"2014-07-14","2014-07-28","ORNL.2014.31",14,"Y","ORNL_003.W.20140728","Ok","Ok","Ok","NEON.DOC.014050vE","nAKPQvGWPz3w50pS9SF/Wg/TlEjgxRE8",
"ad44d6a8-5b39-4b74-8649-e1d010bfde5b","ORNL_029.basePlot.bet","D07","ORNL","ORNL_029","W","distributed","evergreenForest",35.957646,-84.261838,"WGS84",20.1,272.5,0.2,"2014-07-14","2014-07-28","ORNL.2014.31",14,"Y","ORNL_029.W.20140728","Ok","Ok","High","NEON.DOC.014050vE","nAKPQvGWPz3w50pS9SF/Wg/TlEjgxRE8",
"81bf85e2-822d-4ea7-bd9d-37802d0dd553","ORNL_027.basePlot.bet","D07","ORNL","ORNL_027","W","distributed","evergreenForest",35.916311,-84.263280,"WGS84",20.3,245.6,0.3,"2014-07-14","2014-07-28","ORNL.2014.31",14,"Y","ORNL_027.W.20140728","Ok","Ok","Ok","NEON.DOC.014050vE","nAKPQvGWPz3w50pS9SF/Wg/TlEjgxRE8",
"5fa1d825-2e18-4deb-a6b5-e4dcc53e83ff","ORNL_006.basePlot.bet","D07","ORNL","ORNL_006","W","distributed","deciduousForest",35.938232,-84.323686,"WGS84",20.2,283.6,0.2,"2014-07-14","2014-07-28","ORNL.2014.31",14,"Y","ORNL_006.W.20140728","Ok","Ok","Ok","NEON.DOC.014050vE","nAKPQvGWPz3w50pS9SF/Wg/TlEjgxRE8",
"c405a695-8b4d-49b8-a146-a247eda5d42b","ORNL_031.basePlot.bet","D07","ORNL","ORNL_031","W","distributed","pastureHay",35.948607,-84.221913,"WGS84",20.1,266.7,0.1,"2014-07-14","2014-07-28","ORNL.2014.31",14,"Y","ORNL_031.W.20140728","Ok","Ok","Ok","NEON.DOC.014050vE","nAKPQvGWPz3w50pS9SF/Wg/TlEjgxRE8",
"2795dbb8-61f9-4e65-9f2a-5510e16d326e","ORNL_002.basePlot.bet","D07","ORNL","ORNL_002","W","distributed","deciduousForest",35.982205,-84.212754,"WGS84",20.2,306.9,0.4,"2014-07-14","2014-07-28","ORNL.2014.31",14,"Y","ORNL_002.W.20140728","Ok","Ok","Ok","NEON.DOC.014050vE","nAKPQvGWPz3w50pS9SF/Wg/TlEjgxRE8",
"c1d2353b-29e5-4fa0-b85f-74cf46ca1b77","ORNL_031.basePlot.bet","D07","ORNL","ORNL_031","E","distributed","pastureHay",35.948607,-84.221913,"WGS84",20.1,266.7,0.1,"2014-07-14","2014-07-28","ORNL.2014.31",14,"Y","ORNL_031.E.20140728","Ok","Ok","Ok","NEON.DOC.014050vE","nAKPQvGWPz3w50pS9SF/Wg/TlEjgxRE8",
