uid,namedLocation,domainID,siteID,plotID,trapID,setDate,collectDate,processingDate,etOHChangeDate,identifiedDate,sampleID,subsampleID,sampleType,taxonID,scientificName,taxonRank,identificationQualifier,scientificNameAuthorship,morphospeciesID,individualCount,identificationReferences,identifiedBy,recordedBy,remarks
"c5db0005-c722-479a-8fdf-c2a185680ef5","ORNL_029.basePlot.bet","D07","ORNL","ORNL_029","E","2014-06-30","2014-07-14","2014-07-15","2014-07-15","2015-01-08","ORNL_029.E.20140714","7LdWMHVTMyTGnpRE8+acbq8hCqllbPzQt4S6XJm9raQ=","carabid","CYCSOD2","Cyclotrachelus sodalis sodalis","subspecies","cf. species","LeConte",,1,"Kaufman, K., R. Bowers, and N. Bowers. 2007. Kaufman Field Guide to Mammals of North America. 12th Ed. Houghton Mifflin Company, New York, NY.","nAKPQvGWPz3w50pS9SF/Wg/TlEjgxRE8","nAKPQvGWPz3w50pS9SF/Wg/TlEjgxRE8","all pinned"
"e638ca65-4114-4d22-a552-a3e19ce758f0","ORNL_032.basePlot.bet","D07","ORNL","ORNL_032","N","2014-06-30","2014-07-14","2014-07-15","2014-07-15","2015-01-08","ORNL_032.N.20140714","DcTblkLRhlctKT64h1wczu3oH9CLAp2TrPizqHbMeXE=","carabid","CYCFUC","Cyclotrachelus fucatus","species","cf. species","Freitag",,1,"Kaufman, K., R. Bowers, and N. Bowers. 2007. Kaufman Field Guide to Mammals of North America. 12th Ed. Houghton Mifflin Company, New York, NY.","nAKPQvGWPz3w50pS9SF/Wg/TlEjgxRE8","nAKPQvGWPz3w50pS9SF/Wg/TlEjgxRE8","all pinned"
"a2173bd5-dac5-48fb-b489-d77a738d7b83","ORNL_032.basePlot.bet","D07","ORNL","ORNL_032","N","2014-06-30","2014-07-14","2014-07-15","2014-07-15",,"ORNL_032.N.20140714","DcTblkLRhlctKT64h1wczuNje2kaOVo/G0n297dBg7s=","invert bycatch",,,,,,,,,,"nAKPQvGWPz3w50pS9SF/Wg/TlEjgxRE8",
"c67f8398-94b8-45df-9682-9c6c2d086b6b","ORNL_032.basePlot.bet","D07","ORNL","ORNL_032","N","2014-06-30","2014-07-14","2014-07-15","2014-07-15","2015-01-08","ORNL_032.N.20140714","DcTblkLRhlctKT64h1wczjUGu8E0hdJMH+nYvPR27M8=","carabid","CHLSP10","Chlaenius sp.","genus",,"Bonelli",,1,"Kaufman, K., R. Bowers, and N. Bowers. 2007. Kaufman Field Guide to Mammals of North America. 12th Ed. Houghton Mifflin Company, New York, NY.","SwQFnZuakvNlojbzbwi0Q7Lk54l+Hztc0cig3HNKUGA=","nAKPQvGWPz3w50pS9SF/Wg/TlEjgxRE8","all pinned"
"41f97009-8505-4481-91cf-715598b9ea4f","ORNL_003.basePlot.bet","D07","ORNL","ORNL_003","N","2014-06-30","2014-07-14","2014-07-15","2014-07-15","2015-01-08","ORNL_003.N.20140714","952sL8sB3/hPgCSVW0iY/l4xFXFtO/jeS0l9INdFevk=","carabid","CYCFUC","Cyclotrachelus fucatus","species","cf. species","Freitag",,1,"Kaufman, K., R. Bowers, and N. Bowers. 2007. Kaufman Field Guide to Mammals of North America. 12th Ed. Houghton Mifflin Company, New York, NY.","nAKPQvGWPz3w50pS9SF/Wg/TlEjgxRE8","nAKPQvGWPz3w50pS9SF/Wg/TlEjgxRE8","all pinned"
"0add1ccb-1f89-45ef-88ad-61aed36635c4","ORNL_003.basePlot.bet","D07","ORNL","ORNL_003","N","2014-06-30","2014-07-14","2014-07-15","2014-07-15","2015-01-08","ORNL_003.N.20140714","952sL8sB3/hPgCSVW0iY/rwzZK8tSFvDFNaRrXHXAI4=","carabid","DICSP5","Dicaelus sp.","genus",,"Bonelli",,1,"Kaufman, K., R. Bowers, and N. Bowers. 2007. Kaufman Field Guide to Mammals of North America. 12th Ed. Houghton Mifflin Company, New York, NY.","SwQFnZuakvNlojbzbwi0Q7Lk54l+Hztc0cig3HNKUGA=","nAKPQvGWPz3w50pS9SF/Wg/TlEjgxRE8","all pinned"
"591fb897-fae7-443c-ab95-3b8676e31b52","ORNL_003.basePlot.bet","D07","ORNL","ORNL_003","N","2014-06-30","2014-07-14","2014-07-15","2014-07-15",,"ORNL_003.N.20140714","952sL8sB3/hPgCSVW0iY/tdSODlgDiggD4woFTiChkE=","invert bycatch",,,,,,,,,,"nAKPQvGWPz3w50pS9SF/Wg/TlEjgxRE8",
"688b0609-cbe5-41f4-97e8-2270dbcd554f","ORNL_029.basePlot.bet","D07","ORNL","ORNL_029","N","2014-06-30","2014-07-14","2014-07-15","2014-07-15","2015-01-08","ORNL_029.N.20140714","7LdWMHVTMySjcVKubN7bJPyt2q9DZyryl5MQxYuF8sg=","carabid","CYCSOD2","Cyclotrachelus sodalis sodalis","subspecies","cf. species","LeConte",,1,"Kaufman, K., R. Bowers, and N. Bowers. 2007. Kaufman Field Guide to Mammals of North America. 12th Ed. Houghton Mifflin Company, New York, NY.","nAKPQvGWPz3w50pS9SF/Wg/TlEjgxRE8","nAKPQvGWPz3w50pS9SF/Wg/TlEjgxRE8","all pinned"
"9f7a67ad-6ed7-47c8-8856-cc7af2ef2811","ORNL_029.basePlot.bet","D07","ORNL","ORNL_029","N","2014-06-30","2014-07-14","2014-07-15","2014-07-15",,"ORNL_029.N.20140714","7LdWMHVTMySjcVKubN7bJDTr415pPaRk7qNiCqJioXk=","invert bycatch",,,,,,,,,,"nAKPQvGWPz3w50pS9SF/Wg/TlEjgxRE8",
"137052ad-b502-4087-a134-b8c7d32e13d2","ORNL_001.basePlot.bet","D07","ORNL","ORNL_001","N","2014-06-30","2014-07-14","2014-07-15","2014-07-15","2015-01-08","ORNL_001.N.20140714","1iGudFvILgktiAfxi1KZS68SVBM3J8hshiB1VbIaMVg=","carabid","PTESP23","Pterostichus sp.","genus",,"Bonelli",,1,"Kaufman, K., R. Bowers, and N. Bowers. 2007. Kaufman Field Guide to Mammals of North America. 12th Ed. Houghton Mifflin Company, New York, NY.","SwQFnZuakvNlojbzbwi0Q7Lk54l+Hztc0cig3HNKUGA=","nAKPQvGWPz3w50pS9SF/Wg/TlEjgxRE8","all pinned"
"8f73889c-1e42-4b4d-a50d-39972a3688b8","ORNL_001.basePlot.bet","D07","ORNL","ORNL_001","N","2014-06-30","2014-07-14","2014-07-15","2014-07-15",,"ORNL_001.N.20140714","1iGudFvILgktiAfxi1KZS++2WfTDQ0CWL9CeIWi6cNk=","invert bycatch",,,,,,,,,,"nAKPQvGWPz3w50pS9SF/Wg/TlEjgxRE8",
"35137642-f439-44c1-a563-46f43ea080bb","ORNL_002.basePlot.bet","D07","ORNL","ORNL_002","N","2014-06-30","2014-07-14","2014-07-15","2014-07-15","2015-01-08","ORNL_002.N.20140714","FcwZvbWDjdjoj7fDp6bZ6U4R6A3nuqdsMypA8xzhdV4=","carabid","HARSP7","Harpalus sp.","genus",,"Latreille",,1,"Kaufman, K., R. Bowers, and N. Bowers. 2007. Kaufman Field Guide to Mammals of North America. 12th Ed. Houghton Mifflin Company, New York, NY.","nAKPQvGWPz3w50pS9SF/Wg/TlEjgxRE8","nAKPQvGWPz3w50pS9SF/Wg/TlEjgxRE8","all pinned"
"cdeb7771-1a61-483e-92c8-1798819114cb","ORNL_002.basePlot.bet","D07","ORNL","ORNL_002","N","2014-06-30","2014-07-14","2014-07-15","2014-07-15",,"ORNL_002.N.20140714","FcwZvbWDjdjoj7fDp6bZ6dtxedOdqldbmt4E+1B/uFs=","invert bycatch",,,,,,,,,,"nAKPQvGWPz3w50pS9SF/Wg/TlEjgxRE8",
"aa201e8e-fadb-4e21-b059-8d8c51ea4891","ORNL_004.basePlot.bet","D07","ORNL","ORNL_004","N","2014-06-30","2014-07-14","2014-07-15","2014-07-15",,"ORNL_004.N.20140714","qnVzy9oXbL2WfYqna9ibggDj6VJja3yfEkIRyKn5QNc=","invert bycatch",,,,,,,,,,"nAKPQvGWPz3w50pS9SF/Wg/TlEjgxRE8",
"0f6831bd-4f87-49b2-b4ca-829db1cd619f","ORNL_002.basePlot.bet","D07","ORNL","ORNL_002","N","2014-06-30","2014-07-14","2014-07-15","2014-07-15","2015-01-08","ORNL_002.N.20140714","FcwZvbWDjdjoj7fDp6bZ6UhAff/fo79eA6RPqT0tAW8=","carabid","GALJAN","Galerita janus","species","cf. species","Fabricius",,2,"Kaufman, K., R. Bowers, and N. Bowers. 2007. Kaufman Field Guide to Mammals of North America. 12th Ed. Houghton Mifflin Company, New York, NY.","nAKPQvGWPz3w50pS9SF/Wg/TlEjgxRE8","nAKPQvGWPz3w50pS9SF/Wg/TlEjgxRE8","all pinned"
"459e25ce-12de-4fee-9fb7-043513bc9aa8","ORNL_031.basePlot.bet","D07","ORNL","ORNL_031","N","2014-06-30","2014-07-14","2014-07-15","2014-07-15",,"ORNL_031.N.20140714","G1V5MttZ4JLyxCEPmthBvFIg5XXsCe/h9V4JoGVwQn4=","invert bycatch",,,,,,,,,,"nAKPQvGWPz3w50pS9SF/Wg/TlEjgxRE8",
"966e4ed8-5da5-4452-aa58-2cfd8642202d","ORNL_031.basePlot.bet","D07","ORNL","ORNL_031","N","2014-06-30","2014-07-14","2014-07-15","2014-07-15","2015-01-08","ORNL_031.N.20140714","G1V5MttZ4JLyxCEPmthBvCvszG292zGDC9fPo6xMLo0=","carabid","ANISP9","Anisodactylus sp.","genus",,"Dejean",,2,"Kaufman, K., R. Bowers, and N. Bowers. 2007. Kaufman Field Guide to Mammals of North America. 12th Ed. Houghton Mifflin Company, New York, NY.","SwQFnZuakvNlojbzbwi0Q7Lk54l+Hztc0cig3HNKUGA=","nAKPQvGWPz3w50pS9SF/Wg/TlEjgxRE8","all pinned"
"28b4062b-98b8-497d-b942-da0bd28d9884","ORNL_021.basePlot.bet","D07","ORNL","ORNL_021","N","2014-06-30","2014-07-14","2014-07-15","2014-07-15",,"ORNL_021.N.20140714","LlqcsvOjN4BiVKEwjni1bzX/QefraxB7hDXxj0djosQ=","invert bycatch",,,,,,,,,,"nAKPQvGWPz3w50pS9SF/Wg/TlEjgxRE8",
"2d6c7c23-8cf6-4913-914e-4583e725fab7","ORNL_021.basePlot.bet","D07","ORNL","ORNL_021","N","2014-06-30","2014-07-14","2014-07-15","2014-07-15","2015-01-08","ORNL_021.N.20140714","LlqcsvOjN4BiVKEwjni1b7bE6fHKkKkpi5KJGysXd8w=","carabid","ANISP9","Anisodactylus sp.","genus",,"Dejean",,3,"Kaufman, K., R. Bowers, and N. Bowers. 2007. Kaufman Field Guide to Mammals of North America. 12th Ed. Houghton Mifflin Company, New York, NY.","SwQFnZuakvNlojbzbwi0Q7Lk54l+Hztc0cig3HNKUGA=","nAKPQvGWPz3w50pS9SF/Wg/TlEjgxRE8","all pinned"
"ac2d6783-5d13-48d6-b833-86f56ed6b962","ORNL_027.basePlot.bet","D07","ORNL","ORNL_027","N","2014-06-30","2014-07-14","2014-07-15","2014-07-15",,"ORNL_027.N.20140714","di/gYcSB3uASifuksiMwvljcmKU+m5CGuua4IFMQbZs=","invert bycatch",,,,,,,,,,"nAKPQvGWPz3w50pS9SF/Wg/TlEjgxRE8",
"df497c7a-ce3c-4c16-880b-b714fdd9bea9","ORNL_027.basePlot.bet","D07","ORNL","ORNL_027","N","2014-06-30","2014-07-14","2014-07-15","2014-07-15","2015-01-08","ORNL_027.N.20140714","di/gYcSB3uASifuksiMwvhlOLRk2n73lP3f7kPVvelk=","carabid","DICSP5","Dicaelus sp.","genus",,"Bonelli",,2,"Kaufman, K., R. Bowers, and N. Bowers. 2007. Kaufman Field Guide to Mammals of North America. 12th Ed. Houghton Mifflin Company, New York, NY.","SwQFnZuakvNlojbzbwi0Q7Lk54l+Hztc0cig3HNKUGA=","nAKPQvGWPz3w50pS9SF/Wg/TlEjgxRE8","all pinned"
"aaee04f6-edad-4514-8022-dfb67fa62f13","ORNL_027.basePlot.bet","D07","ORNL","ORNL_027","N","2014-06-30","2014-07-14","2014-07-15","2014-07-15","2015-01-08","ORNL_027.N.20140714","di/gYcSB3uASifuksiMwvqGh2LQa4uMDVGdx+RJE6jk=","carabid","PTESP23","Pterostichus sp.","genus",,"Bonelli",,2,"Kaufman, K., R. Bowers, and N. Bowers. 2007. Kaufman Field Guide to Mammals of North America. 12th Ed. Houghton Mifflin Company, New York, NY.","SwQFnZuakvNlojbzbwi0Q7Lk54l+Hztc0cig3HNKUGA=","nAKPQvGWPz3w50pS9SF/Wg/TlEjgxRE8","all pinned"
"ea68aa82-4cf2-4262-81aa-6f58d0e9ce6a","ORNL_006.basePlot.bet","D07","ORNL","ORNL_006","N","2014-06-30","2014-07-14","2014-07-15","2014-07-15",,"ORNL_006.N.20140714","XUOG9+A5sIM2AutjsFun4yTcdNTyBGJvPmtbt8LBy/U=","invert bycatch",,,,,,,,,,"nAKPQvGWPz3w50pS9SF/Wg/TlEjgxRE8",
"6ecc9dc0-2df7-4a85-97cd-36e5c48f29d4","ORNL_006.basePlot.bet","D07","ORNL","ORNL_006","N","2014-06-30","2014-07-14","2014-07-15","2014-07-15","2015-01-08","ORNL_006.N.20140714","XUOG9+A5sIM2AutjsFun47JFZybLyja4c5ZwWKjJ9o8=","carabid","CYCFUC","Cyclotrachelus fucatus","species","cf. species","Freitag",,6,"Kaufman, K., R. Bowers, and N. Bowers. 2007. Kaufman Field Guide to Mammals of North America. 12th Ed. Houghton Mifflin Company, New York, NY.","nAKPQvGWPz3w50pS9SF/Wg/TlEjgxRE8","nAKPQvGWPz3w50pS9SF/Wg/TlEjgxRE8","all pinned"
"d62e5f10-ea5a-4645-9b2c-6a1cc6ec69d1","ORNL_006.basePlot.bet","D07","ORNL","ORNL_006","N","2014-06-30","2014-07-14","2014-07-15","2014-07-15",,"ORNL_006.N.20140714","XUOG9+A5sIM2AutjsFun4yTcdNTyBGJvPDNTqfdHWbY=","invert bycatch",,,,,,,,,,"nAKPQvGWPz3w50pS9SF/Wg/TlEjgxRE8",
"05285854-4e61-4843-bf84-f569001f14bd","ORNL_027.basePlot.bet","D07","ORNL","ORNL_027","S","2014-06-30","2014-07-14","2014-07-15","2014-07-15","2015-01-08","ORNL_027.S.20140714","di/gYcSB3uDc5MxHkX1EfDZMVNGmoYoYHXxWEYEgsMM=","carabid","PTESP23","Pterostichus sp.","genus",,"Bonelli",,2,"Kaufman, K., R. Bowers, and N. Bowers. 2007. Kaufman Field Guide to Mammals of North America. 12th Ed. Houghton Mifflin Company, New York, NY.","SwQFnZuakvNlojbzbwi0Q7Lk54l+Hztc0cig3HNKUGA=","nAKPQvGWPz3w50pS9SF/Wg/TlEjgxRE8","all pinned"
"b727fb5e-e97f-4abe-a18e-b422eb8c3dda","ORNL_006.basePlot.bet","D07","ORNL","ORNL_006","S","2014-06-30","2014-07-14","2014-07-15","2014-07-15","2015-01-08","ORNL_006.S.20140714","XUOG9+A5sIO+WCCWVG2uYVbRCK8gyZV8Hk9k+2+fxlA=","carabid","CYCFUC","Cyclotrachelus fucatus","species","cf. species","Freitag",,1,"Kaufman, K., R. Bowers, and N. Bowers. 2007. Kaufman Field Guide to Mammals of North America. 12th Ed. Houghton Mifflin Company, New York, NY.","nAKPQvGWPz3w50pS9SF/Wg/TlEjgxRE8","nAKPQvGWPz3w50pS9SF/Wg/TlEjgxRE8","all pinned"
"d9dfc865-603a-4883-9f4e-e18148d507cd","ORNL_021.basePlot.bet","D07","ORNL","ORNL_021","S","2014-06-30","2014-07-14","2014-07-15","2014-07-15","2015-01-08","ORNL_021.S.20140714","LlqcsvOjN4Dthg3qJyr9APZU8Nh1EoIWm2dVqvUQQp8=","carabid","TETVIR","Tetracha virginica","species",,"Linnaeus",,1,"Kaufman, K., R. Bowers, and N. Bowers. 2007. Kaufman Field Guide to Mammals of North America. 12th Ed. Houghton Mifflin Company, New York, NY.","SwQFnZuakvNlojbzbwi0Q7Lk54l+Hztc0cig3HNKUGA=","nAKPQvGWPz3w50pS9SF/Wg/TlEjgxRE8",
"8b8b4282-e981-42cb-a836-a7d7394f9fb6","ORNL_027.basePlot.bet","D07","ORNL","ORNL_027","S","2014-06-30","2014-07-14","2014-07-15","2014-07-15","2015-01-08","ORNL_027.S.20140714","di/gYcSB3uDc5MxHkX1EfPoCJM3GATZgxaTetqiZ3W4=","carabid","CHLSP10","Chlaenius sp.","genus",,"Bonelli",,4,"Kaufman, K., R. Bowers, and N. Bowers. 2007. Kaufman Field Guide to Mammals of North America. 12th Ed. Houghton Mifflin Company, New York, NY.","SwQFnZuakvNlojbzbwi0Q7Lk54l+Hztc0cig3HNKUGA=","nAKPQvGWPz3w50pS9SF/Wg/TlEjgxRE8","all pinned"
"e4992a00-c8b3-44ad-83fb-74ebc0f9b19c","ORNL_027.basePlot.bet","D07","ORNL","ORNL_027","S","2014-06-30","2014-07-14","2014-07-15","2014-07-15","2015-01-08","ORNL_027.S.20140714","di/gYcSB3uDc5MxHkX1EfNvQCaZgtDhB2xfMCA6wQKs=","carabid","GALJAN","Galerita janus","species","cf. species","Fabricius",,1,"Kaufman, K., R. Bowers, and N. Bowers. 2007. Kaufman Field Guide to Mammals of North America. 12th Ed. Houghton Mifflin Company, New York, NY.","nAKPQvGWPz3w50pS9SF/Wg/TlEjgxRE8","nAKPQvGWPz3w50pS9SF/Wg/TlEjgxRE8","all pinned"
"69041343-469c-42f5-9ad0-be1f0519c955","ORNL_027.basePlot.bet","D07","ORNL","ORNL_027","S","2014-06-30","2014-07-14","2014-07-15","2014-07-15","2015-01-08","ORNL_027.S.20140714","di/gYcSB3uDc5MxHkX1EfKigjwGCAx/CRFPSPqn84Os=","carabid","DICSP5","Dicaelus sp.","genus",,"Bonelli",,1,"Kaufman, K., R. Bowers, and N. Bowers. 2007. Kaufman Field Guide to Mammals of North America. 12th Ed. Houghton Mifflin Company, New York, NY.","SwQFnZuakvNlojbzbwi0Q7Lk54l+Hztc0cig3HNKUGA=","nAKPQvGWPz3w50pS9SF/Wg/TlEjgxRE8","all pinned"
"a0577dee-8440-4eb3-a561-f3a09502288a","ORNL_029.basePlot.bet","D07","ORNL","ORNL_029","S","2014-06-30","2014-07-14","2014-07-15","2014-07-15","2015-01-08","ORNL_029.S.20140714","7LdWMHVTMySEsnC6pdN9Gu4DigUrW8avkTZ5+02u46M=","carabid","HARSP7","Harpalus sp.","genus",,"Latreille",,1,"Kaufman, K., R. Bowers, and N. Bowers. 2007. Kaufman Field Guide to Mammals of North America. 12th Ed. Houghton Mifflin Company, New York, NY.","nAKPQvGWPz3w50pS9SF/Wg/TlEjgxRE8","nAKPQvGWPz3w50pS9SF/Wg/TlEjgxRE8","all pinned"
"1d26fd90-1402-497f-adba-7862c1535b16","ORNL_031.basePlot.bet","D07","ORNL","ORNL_031","S","2014-06-30","2014-07-14","2014-07-15","2014-07-15","2015-01-08","ORNL_031.S.20140714","G1V5MttZ4JI0Q5tVqK+OMLb/5jiToJHGQRnQ4UE3axE=","carabid","ANISP9","Anisodactylus sp.","genus",,"Dejean",,5,"Kaufman, K., R. Bowers, and N. Bowers. 2007. Kaufman Field Guide to Mammals of North America. 12th Ed. Houghton Mifflin Company, New York, NY.","SwQFnZuakvNlojbzbwi0Q7Lk54l+Hztc0cig3HNKUGA=","nAKPQvGWPz3w50pS9SF/Wg/TlEjgxRE8","all pinned"
"bcab56d6-a021-4a19-a86b-3abd5b33489c","ORNL_031.basePlot.bet","D07","ORNL","ORNL_031","S","2014-06-30","2014-07-14","2014-07-15","2014-07-15","2015-01-08","ORNL_031.S.20140714","G1V5MttZ4JI0Q5tVqK+OMCcsYEN/znPu0xCHYtoqu/E=","carabid","HARSP7","Harpalus sp.","genus",,"Latreille",,1,"Kaufman, K., R. Bowers, and N. Bowers. 2007. Kaufman Field Guide to Mammals of North America. 12th Ed. Houghton Mifflin Company, New York, NY.","nAKPQvGWPz3w50pS9SF/Wg/TlEjgxRE8","nAKPQvGWPz3w50pS9SF/Wg/TlEjgxRE8","all pinned"
"cca157cc-893d-4b0c-935e-457b3879aecb","ORNL_021.basePlot.bet","D07","ORNL","ORNL_021","S","2014-06-30","2014-07-14","2014-07-15","2014-07-15","2015-01-08","ORNL_021.S.20140714","LlqcsvOjN4Dthg3qJyr9AEdVDMrpT5NgdycM5i6+aSE=","carabid","ANISP9","Anisodactylus sp.","genus",,"Dejean",,6,"Kaufman, K., R. Bowers, and N. Bowers. 2007. Kaufman Field Guide to Mammals of North America. 12th Ed. Houghton Mifflin Company, New York, NY.","SwQFnZuakvNlojbzbwi0Q7Lk54l+Hztc0cig3HNKUGA=","nAKPQvGWPz3w50pS9SF/Wg/TlEjgxRE8","all pinned"
"9cfa976e-698f-43eb-a3c1-ada87cd8a311","ORNL_029.basePlot.bet","D07","ORNL","ORNL_029","S","2014-06-30","2014-07-14","2014-07-15","2014-07-15","2015-01-08","ORNL_029.S.20140714","7LdWMHVTMySEsnC6pdN9GqLwhTdMW1OFe0+Vv1ajaZs=","carabid","CYLUNI","Cylindera unipunctata","species",,"Fabricius",,1,"Kaufman, K., R. Bowers, and N. Bowers. 2007. Kaufman Field Guide to Mammals of North America. 12th Ed. Houghton Mifflin Company, New York, NY.","SwQFnZuakvNlojbzbwi0Q7Lk54l+Hztc0cig3HNKUGA=","nAKPQvGWPz3w50pS9SF/Wg/TlEjgxRE8","all pinned"
"91339a8e-e7e2-451b-a2de-c161e0ea0d9c","ORNL_003.basePlot.bet","D07","ORNL","ORNL_003","S","2014-06-30","2014-07-14","2014-07-15","2014-07-15","2015-01-08","ORNL_003.S.20140714","952sL8sB3/gmKngPwKih2SpWgDIGDE+n7eQVd9SrwHI=","carabid","GALJAN","Galerita janus","species","cf. species","Fabricius",,1,"Kaufman, K., R. Bowers, and N. Bowers. 2007. Kaufman Field Guide to Mammals of North America. 12th Ed. Houghton Mifflin Company, New York, NY.","nAKPQvGWPz3w50pS9SF/Wg/TlEjgxRE8","nAKPQvGWPz3w50pS9SF/Wg/TlEjgxRE8","all pinned"
"6ef962c3-a5b9-45b5-b122-1fe3638d980f","ORNL_029.basePlot.bet","D07","ORNL","ORNL_029","S","2014-06-30","2014-07-14","2014-07-15","2014-07-15","2015-01-08","ORNL_029.S.20140714","7LdWMHVTMySEsnC6pdN9GpIRxTLglv3L+VgQ2uCYGOA=","carabid","CYCSOD2","Cyclotrachelus sodalis sodalis","subspecies","cf. species","LeConte",,2,"Kaufman, K., R. Bowers, and N. Bowers. 2007. Kaufman Field Guide to Mammals of North America. 12th Ed. Houghton Mifflin Company, New York, NY.","nAKPQvGWPz3w50pS9SF/Wg/TlEjgxRE8","nAKPQvGWPz3w50pS9SF/Wg/TlEjgxRE8","all pinned"
"2619c351-2cb0-4856-829d-ddd4446c75ee","ORNL_032.basePlot.bet","D07","ORNL","ORNL_032","S","2014-06-30","2014-07-14","2014-07-15","2014-07-15","2015-01-08","ORNL_032.S.20140714","DcTblkLRhle9w0wrJuiIxCd7qC00WGtxMKJ93Rtyy5c=","carabid","CYCFUC","Cyclotrachelus fucatus","species","cf. species","Freitag",,1,"Kaufman, K., R. Bowers, and N. Bowers. 2007. Kaufman Field Guide to Mammals of North America. 12th Ed. Houghton Mifflin Company, New York, NY.","nAKPQvGWPz3w50pS9SF/Wg/TlEjgxRE8","nAKPQvGWPz3w50pS9SF/Wg/TlEjgxRE8","all pinned"
"b44ec2e1-501c-49c8-a69a-fb59f1693d1a","ORNL_003.basePlot.bet","D07","ORNL","ORNL_003","S","2014-06-30","2014-07-14","2014-07-15","2014-07-15","2015-01-08","ORNL_003.S.20140714","952sL8sB3/gmKngPwKih2V6SSck5KG1TkCAY4ueXuoE=","carabid","DICSP5","Dicaelus sp.","genus",,"Bonelli",,1,"Kaufman, K., R. Bowers, and N. Bowers. 2007. Kaufman Field Guide to Mammals of North America. 12th Ed. Houghton Mifflin Company, New York, NY.","SwQFnZuakvNlojbzbwi0Q7Lk54l+Hztc0cig3HNKUGA=","nAKPQvGWPz3w50pS9SF/Wg/TlEjgxRE8","all pinned"
"c2970784-a208-4f6e-8c68-3f86ab45b97b","ORNL_003.basePlot.bet","D07","ORNL","ORNL_003","S","2014-06-30","2014-07-14","2014-07-15","2014-07-15","2015-01-08","ORNL_003.S.20140714","952sL8sB3/gmKngPwKih2W4+geFzD86IFdtyeWFvjR8=","carabid","CYCFUC","Cyclotrachelus fucatus","species","cf. species","Freitag",,1,"Kaufman, K., R. Bowers, and N. Bowers. 2007. Kaufman Field Guide to Mammals of North America. 12th Ed. Houghton Mifflin Company, New York, NY.","nAKPQvGWPz3w50pS9SF/Wg/TlEjgxRE8","nAKPQvGWPz3w50pS9SF/Wg/TlEjgxRE8","all pinned"
"21bb7895-b9ba-4821-aa49-d6f55fbab2e6","ORNL_002.basePlot.bet","D07","ORNL","ORNL_002","W","2014-06-30","2014-07-14","2014-07-15","2014-07-15","2015-01-08","ORNL_002.W.20140714","FcwZvbWDjdiZxgA+A+PADwivjy+kssVP7vuMGG6aRXY=","carabid","SPHSTE1","Sphaeroderus stenostomus lecontei","subspecies",,"Dejean",,1,"Kaufman, K., R. Bowers, and N. Bowers. 2007. Kaufman Field Guide to Mammals of North America. 12th Ed. Houghton Mifflin Company, New York, NY.","nAKPQvGWPz3w50pS9SF/Wg/TlEjgxRE8","nAKPQvGWPz3w50pS9SF/Wg/TlEjgxRE8","all pinned"
"59ac7396-f75c-48e4-a944-e1944a7fee1f","ORNL_027.basePlot.bet","D07","ORNL","ORNL_027","W","2014-06-30","2014-07-14","2014-07-15","2014-07-15","2015-01-08","ORNL_027.W.20140714","di/gYcSB3uBQaKXEjHeU8DZfe0E19IRzjUr3N0jQePU=","carabid","CARSP14","Carabidae sp.","family",,"Latreille","D07.2014.MorphA",1,"Other","nAKPQvGWPz3w50pS9SF/Wg/TlEjgxRE8","nAKPQvGWPz3w50pS9SF/Wg/TlEjgxRE8","all pinned"
"7bdb5068-0581-445d-b37c-683d01ed6478","ORNL_027.basePlot.bet","D07","ORNL","ORNL_027","W","2014-06-30","2014-07-14","2014-07-15","2014-07-15",,"ORNL_027.W.20140714","di/gYcSB3uBQaKXEjHeU8O6EO8d1zyAUlEzUSCa2D1A=","other carabid","CARSP14","Carabidae sp.","family",,"Latreille",,1,"Other",,"nAKPQvGWPz3w50pS9SF/Wg/TlEjgxRE8","individualCount estimated based on number of pinning records|1 individual pinned (D07.2014.MorphB)"
"f070905f-128b-4968-b5a4-3220c4a5f07c","ORNL_021.basePlot.bet","D07","ORNL","ORNL_021","W","2014-06-30","2014-07-14","2014-07-15","2014-07-15","2015-01-08","ORNL_021.W.20140714","LlqcsvOjN4Ahhe348f8bytuAxbQQ4NdXCI8ODQKj7Sc=","carabid","ANISP9","Anisodactylus sp.","genus",,"Dejean",,4,"Kaufman, K., R. Bowers, and N. Bowers. 2007. Kaufman Field Guide to Mammals of North America. 12th Ed. Houghton Mifflin Company, New York, NY.","SwQFnZuakvNlojbzbwi0Q7Lk54l+Hztc0cig3HNKUGA=","nAKPQvGWPz3w50pS9SF/Wg/TlEjgxRE8","all pinned"
"66aa42db-eaa9-410a-b546-189b7688106c","ORNL_027.basePlot.bet","D07","ORNL","ORNL_027","W","2014-06-30","2014-07-14","2014-07-15","2014-07-15","2015-01-08","ORNL_027.W.20140714","di/gYcSB3uBQaKXEjHeU8GORbkzHVm7fY73s4OFYV0Q=","carabid","PTESP23","Pterostichus sp.","genus",,"Bonelli",,1,"Kaufman, K., R. Bowers, and N. Bowers. 2007. Kaufman Field Guide to Mammals of North America. 12th Ed. Houghton Mifflin Company, New York, NY.","SwQFnZuakvNlojbzbwi0Q7Lk54l+Hztc0cig3HNKUGA=","nAKPQvGWPz3w50pS9SF/Wg/TlEjgxRE8","all pinned"
"66be3f70-728e-402c-9544-60cd5b725b8c","ORNL_027.basePlot.bet","D07","ORNL","ORNL_027","W","2014-06-30","2014-07-14","2014-07-15","2014-07-15","2015-01-08","ORNL_027.W.20140714","di/gYcSB3uBQaKXEjHeU8CkPtcDKin9suawVr+oU6Z8=","carabid","DICSP5","Dicaelus sp.","genus",,"Bonelli",,1,"Kaufman, K., R. Bowers, and N. Bowers. 2007. Kaufman Field Guide to Mammals of North America. 12th Ed. Houghton Mifflin Company, New York, NY.","SwQFnZuakvNlojbzbwi0Q7Lk54l+Hztc0cig3HNKUGA=","nAKPQvGWPz3w50pS9SF/Wg/TlEjgxRE8","all pinned"
"0ecdeca9-780a-4034-b6ca-b7fd2ab68a97","ORNL_004.basePlot.bet","D07","ORNL","ORNL_004","W","2014-06-30","2014-07-14","2014-07-15","2014-07-15","2015-01-08","ORNL_004.W.20140714","qnVzy9oXbL11H11uXxBr/Ksh9G+89yoJPpXpXbrLG4o=","carabid","PASELO","Pasimachus elongatus","species",,"LeConte",,2,"Kaufman, K., R. Bowers, and N. Bowers. 2007. Kaufman Field Guide to Mammals of North America. 12th Ed. Houghton Mifflin Company, New York, NY.","SwQFnZuakvNlojbzbwi0Q7Lk54l+Hztc0cig3HNKUGA=","nAKPQvGWPz3w50pS9SF/Wg/TlEjgxRE8","all pinned"
"9b0f065a-5820-42a8-a2a7-6d92ed93d78f","ORNL_002.basePlot.bet","D07","ORNL","ORNL_002","W","2014-06-30","2014-07-14","2014-07-15","2014-07-15","2015-01-08","ORNL_002.W.20140714","FcwZvbWDjdiZxgA+A+PADzXTZcPN7/BIJU2VZGkTqxI=","carabid","DICSP5","Dicaelus sp.","genus",,"Bonelli",,1,"Kaufman, K., R. Bowers, and N. Bowers. 2007. Kaufman Field Guide to Mammals of North America. 12th Ed. Houghton Mifflin Company, New York, NY.","SwQFnZuakvNlojbzbwi0Q7Lk54l+Hztc0cig3HNKUGA=","nAKPQvGWPz3w50pS9SF/Wg/TlEjgxRE8","all pinned"
"97e4b7e3-7a25-4463-8983-ac396f2e14c6","ORNL_021.basePlot.bet","D07","ORNL","ORNL_021","W","2014-06-30","2014-07-14","2014-07-15","2014-07-15","2015-01-08","ORNL_021.W.20140714","LlqcsvOjN4Ahhe348f8byvtfI2YBOeptzQGZ8Pmy6+U=","carabid","HARSP7","Harpalus sp.","genus",,"Latreille",,3,"Kaufman, K., R. Bowers, and N. Bowers. 2007. Kaufman Field Guide to Mammals of North America. 12th Ed. Houghton Mifflin Company, New York, NY.","nAKPQvGWPz3w50pS9SF/Wg/TlEjgxRE8","nAKPQvGWPz3w50pS9SF/Wg/TlEjgxRE8","all pinned"
"191ae916-2f40-47e9-ac5b-e3542b6161cc","ORNL_032.basePlot.bet","D07","ORNL","ORNL_032","W","2014-06-30","2014-07-14","2014-07-15","2014-07-15","2015-01-08","ORNL_032.W.20140714","DcTblkLRhlewiKLiNsBV9VU2BCiy1kzBQcvaBg56Ei4=","carabid","CYCFUC","Cyclotrachelus fucatus","species","cf. species","Freitag",,1,"Kaufman, K., R. Bowers, and N. Bowers. 2007. Kaufman Field Guide to Mammals of North America. 12th Ed. Houghton Mifflin Company, New York, NY.","nAKPQvGWPz3w50pS9SF/Wg/TlEjgxRE8","nAKPQvGWPz3w50pS9SF/Wg/TlEjgxRE8","all pinned"
"d5118ea1-a41c-41ee-88a0-b37a95eeecb1","ORNL_003.basePlot.bet","D07","ORNL","ORNL_003","W","2014-06-30","2014-07-14","2014-07-15","2014-07-15","2015-01-08","ORNL_003.W.20140714","952sL8sB3/h61xzhTCEUTpt9QjxDzCWD5pyx9uIa7KI=","carabid","DICSP5","Dicaelus sp.","genus",,"Bonelli",,1,"Kaufman, K., R. Bowers, and N. Bowers. 2007. Kaufman Field Guide to Mammals of North America. 12th Ed. Houghton Mifflin Company, New York, NY.","SwQFnZuakvNlojbzbwi0Q7Lk54l+Hztc0cig3HNKUGA=","nAKPQvGWPz3w50pS9SF/Wg/TlEjgxRE8","all pinned"
"34dd941e-1dd4-4ac5-94d6-a6ba6a4d71f2","ORNL_029.basePlot.bet","D07","ORNL","ORNL_029","W","2014-06-30","2014-07-14","2014-07-15","2014-07-15","2015-01-08","ORNL_029.W.20140714","7LdWMHVTMySQyNV+4IwMetNVjC4kv+Tx+Yh8A8VhqIs=","carabid","CYCSOD2","Cyclotrachelus sodalis sodalis","subspecies","cf. species","LeConte",,2,"Kaufman, K., R. Bowers, and N. Bowers. 2007. Kaufman Field Guide to Mammals of North America. 12th Ed. Houghton Mifflin Company, New York, NY.","nAKPQvGWPz3w50pS9SF/Wg/TlEjgxRE8","nAKPQvGWPz3w50pS9SF/Wg/TlEjgxRE8","all pinned"
"2535a9f3-57a6-4b7f-995e-de699732349a","ORNL_027.basePlot.bet","D07","ORNL","ORNL_027","E","2014-06-30","2014-07-14","2014-07-15","2014-07-15","2015-01-08","ORNL_027.E.20140714","di/gYcSB3uBrVsec72T1U7ohRZsUgjGwphGDBZ6yqZ8=","carabid","CYCSOD2","Cyclotrachelus sodalis sodalis","subspecies","cf. species","LeConte",,1,"Kaufman, K., R. Bowers, and N. Bowers. 2007. Kaufman Field Guide to Mammals of North America. 12th Ed. Houghton Mifflin Company, New York, NY.","nAKPQvGWPz3w50pS9SF/Wg/TlEjgxRE8","nAKPQvGWPz3w50pS9SF/Wg/TlEjgxRE8","all pinned"
"821d3275-28c6-4a3b-afa0-86789f112001","ORNL_032.basePlot.bet","D07","ORNL","ORNL_032","E","2014-06-30","2014-07-14","2014-07-15","2014-07-15","2015-01-08","ORNL_032.E.20140714","DcTblkLRhlec+GvS3BxY53j3xbI8w14pvJIUHqOm9vs=","carabid","CYCFUC","Cyclotrachelus fucatus","species","cf. species","Freitag",,1,"Kaufman, K., R. Bowers, and N. Bowers. 2007. Kaufman Field Guide to Mammals of North America. 12th Ed. Houghton Mifflin Company, New York, NY.","nAKPQvGWPz3w50pS9SF/Wg/TlEjgxRE8","nAKPQvGWPz3w50pS9SF/Wg/TlEjgxRE8","all pinned"
"7ac14eac-262c-46e8-92be-a3f22ddbeff0","ORNL_006.basePlot.bet","D07","ORNL","ORNL_006","E","2014-06-30","2014-07-14","2014-07-15","2014-07-15","2015-01-08","ORNL_006.E.20140714","XUOG9+A5sIMPEXumsx9710b7NKKP3UuZIuo9r3aqZpQ=","carabid","CYCFUC","Cyclotrachelus fucatus","species","cf. species","Freitag",,1,"Kaufman, K., R. Bowers, and N. Bowers. 2007. Kaufman Field Guide to Mammals of North America. 12th Ed. Houghton Mifflin Company, New York, NY.","nAKPQvGWPz3w50pS9SF/Wg/TlEjgxRE8","nAKPQvGWPz3w50pS9SF/Wg/TlEjgxRE8","all pinned"
"c19594c1-549d-4beb-b1b6-0f0548bf5edb","ORNL_027.basePlot.bet","D07","ORNL","ORNL_027","E","2014-06-30","2014-07-14","2014-07-15","2014-07-15",,"ORNL_027.E.20140714","di/gYcSB3uBrVsec72T1U4hmvWaSTl0nPi6QgTb8AW8=","other carabid","CARSP14","Carabidae sp.","family",,"Latreille",,2,"Other",,"nAKPQvGWPz3w50pS9SF/Wg/TlEjgxRE8","individualCount estimated based on number of pinning records|2 individuals pinned (D07.2014.MorphB)"
"c50e6b5b-8d38-4491-94f3-8b552534b77f","ORNL_027.basePlot.bet","D07","ORNL","ORNL_027","E","2014-06-30","2014-07-14","2014-07-15","2014-07-15","2015-01-08","ORNL_027.E.20140714","di/gYcSB3uBrVsec72T1UyLQkXnDuiR8ujL/EmOtK7A=","carabid","CARSP14","Carabidae sp.","family",,"Latreille","D07.2014.MorphA",1,"Other","nAKPQvGWPz3w50pS9SF/Wg/TlEjgxRE8","nAKPQvGWPz3w50pS9SF/Wg/TlEjgxRE8","all pinned"
"59ac72e2-5968-4c6a-9cac-14c6d924a270","ORNL_027.basePlot.bet","D07","ORNL","ORNL_027","E","2014-06-30","2014-07-14","2014-07-15","2014-07-15","2015-01-08","ORNL_027.E.20140714","di/gYcSB3uBrVsec72T1U11Rngemk8JzLpg0t0St+OE=","carabid","CHLSP10","Chlaenius sp.","genus",,"Bonelli",,6,"Kaufman, K., R. Bowers, and N. Bowers. 2007. Kaufman Field Guide to Mammals of North America. 12th Ed. Houghton Mifflin Company, New York, NY.","SwQFnZuakvNlojbzbwi0Q7Lk54l+Hztc0cig3HNKUGA=","nAKPQvGWPz3w50pS9SF/Wg/TlEjgxRE8","all pinned"
"5a7846f3-8bde-4fc9-a7ee-ac51fcd6ba1a","ORNL_031.basePlot.bet","D07","ORNL","ORNL_031","E","2014-06-30","2014-07-14","2014-07-15","2014-07-15","2015-01-08","ORNL_031.E.20140714","G1V5MttZ4JL8onh0fiaMxJj6zMtvZxbFtxm9O6RF6K8=","carabid","HARSP7","Harpalus sp.","genus",,"Latreille",,1,"Kaufman, K., R. Bowers, and N. Bowers. 2007. Kaufman Field Guide to Mammals of North America. 12th Ed. Houghton Mifflin Company, New York, NY.","nAKPQvGWPz3w50pS9SF/Wg/TlEjgxRE8","nAKPQvGWPz3w50pS9SF/Wg/TlEjgxRE8","all pinned"
"cccc119d-97d9-4c9c-967a-052956a55a0d","ORNL_021.basePlot.bet","D07","ORNL","ORNL_021","E","2014-06-30","2014-07-14","2014-07-15","2014-07-15","2015-01-08","ORNL_021.E.20140714","LlqcsvOjN4Dt83E2LbwgnmMif+MNJ5UGknZqG2Hu6mo=","carabid","ANISP9","Anisodactylus sp.","genus",,"Dejean",,1,"Kaufman, K., R. Bowers, and N. Bowers. 2007. Kaufman Field Guide to Mammals of North America. 12th Ed. Houghton Mifflin Company, New York, NY.","SwQFnZuakvNlojbzbwi0Q7Lk54l+Hztc0cig3HNKUGA=","nAKPQvGWPz3w50pS9SF/Wg/TlEjgxRE8","all pinned"
"5cfbfcb0-0a8a-4323-b483-3a94d902409c","ORNL_027.basePlot.bet","D07","ORNL","ORNL_027","E","2014-06-30","2014-07-14","2014-07-15","2014-07-15","2015-01-08","ORNL_027.E.20140714","di/gYcSB3uBrVsec72T1U9w8xgwk3tMDB2jYejAMJm8=","carabid","PTESP23","Pterostichus sp.","genus",,"Bonelli",,1,"Kaufman, K., R. Bowers, and N. Bowers. 2007. Kaufman Field Guide to Mammals of North America. 12th Ed. Houghton Mifflin Company, New York, NY.","SwQFnZuakvNlojbzbwi0Q7Lk54l+Hztc0cig3HNKUGA=","nAKPQvGWPz3w50pS9SF/Wg/TlEjgxRE8","all pinned"
"298fad3a-f756-420e-bbdd-d0df06cc4b2e","ORNL_027.basePlot.bet","D07","ORNL","ORNL_027","E","2014-06-30","2014-07-14","2014-07-15","2014-07-15","2015-01-08","ORNL_027.E.20140714","di/gYcSB3uBrVsec72T1U3kPaxfbfYiFFIGrYY4Nk9I=","carabid","HARSP7","Harpalus sp.","genus",,"Latreille",,1,"Kaufman, K., R. Bowers, and N. Bowers. 2007. Kaufman Field Guide to Mammals of North America. 12th Ed. Houghton Mifflin Company, New York, NY.","nAKPQvGWPz3w50pS9SF/Wg/TlEjgxRE8","nAKPQvGWPz3w50pS9SF/Wg/TlEjgxRE8","all pinned"
"4781bef5-c8af-4f4b-a127-4ce38798b940","ORNL_029.basePlot.bet","D07","ORNL","ORNL_029","E","2014-06-30","2014-07-14","2014-07-15","2014-07-15","2015-01-08","ORNL_029.E.20140714","7LdWMHVTMyTGnpRE8+acbj8lG8u6iaxP+dpuvYxtpuE=","carabid","DICSP5","Dicaelus sp.","genus",,"Bonelli",,1,"Kaufman, K., R. Bowers, and N. Bowers. 2007. Kaufman Field Guide to Mammals of North America. 12th Ed. Houghton Mifflin Company, New York, NY.","SwQFnZuakvNlojbzbwi0Q7Lk54l+Hztc0cig3HNKUGA=","nAKPQvGWPz3w50pS9SF/Wg/TlEjgxRE8","all pinned"
"65d0b38e-481b-487e-b952-50896220ab27","ORNL_006.basePlot.bet","D07","ORNL","ORNL_006","E","2014-07-14","2014-07-28","2014-07-29","2014-07-29","2015-01-08","ORNL_006.E.20140728","XUOG9+A5sIMPEXumsx971wE8uL9BkJHIbMiXAJGC0fI=","carabid","PTESP23","Pterostichus sp.","genus",,"Bonelli",,1,"Kaufman, K., R. Bowers, and N. Bowers. 2007. Kaufman Field Guide to Mammals of North America. 12th Ed. Houghton Mifflin Company, New York, NY.","SwQFnZuakvNlojbzbwi0Q7Lk54l+Hztc0cig3HNKUGA=","nAKPQvGWPz3w50pS9SF/Wg/TlEjgxRE8","all pinned"
"9e8a25e9-339e-4bfa-b0d3-567e26d2460b","ORNL_027.basePlot.bet","D07","ORNL","ORNL_027","W","2014-07-14","2014-07-28","2014-07-29","2014-07-29",,"ORNL_027.W.20140728","di/gYcSB3uBQaKXEjHeU8JEXa8uPJODneSW9ICKSrO4=","other carabid","CARSP14","Carabidae sp.","family",,"Latreille",,2,"Other",,"nAKPQvGWPz3w50pS9SF/Wg/TlEjgxRE8","individualCount estimated based on number of pinning records|2 individuals pinned (D07.2014.MorphB)"
"e13ea29d-4fc9-47ea-8cc0-ea887c1cf0eb","ORNL_027.basePlot.bet","D07","ORNL","ORNL_027","E","2014-07-14","2014-07-28","2014-07-29","2014-07-29","2015-01-08","ORNL_027.E.20140728","di/gYcSB3uBrVsec72T1U0pjHxt8YFe1hvzeWh2HkO4=","carabid","PTESP23","Pterostichus sp.","genus",,"Bonelli",,1,"Kaufman, K., R. Bowers, and N. Bowers. 2007. Kaufman Field Guide to Mammals of North America. 12th Ed. Houghton Mifflin Company, New York, NY.","SwQFnZuakvNlojbzbwi0Q7Lk54l+Hztc0cig3HNKUGA=","nAKPQvGWPz3w50pS9SF/Wg/TlEjgxRE8","all pinned"
"805c382a-eb23-4c4e-8357-06e7411510da","ORNL_027.basePlot.bet","D07","ORNL","ORNL_027","E","2014-07-14","2014-07-28","2014-07-29","2014-07-29","2015-01-08","ORNL_027.E.20140728","di/gYcSB3uBrVsec72T1U1BSjXw/gP4tQr6sM99Ra3o=","carabid","DICSP5","Dicaelus sp.","genus",,"Bonelli",,1,"Kaufman, K., R. Bowers, and N. Bowers. 2007. Kaufman Field Guide to Mammals of North America. 12th Ed. Houghton Mifflin Company, New York, NY.","SwQFnZuakvNlojbzbwi0Q7Lk54l+Hztc0cig3HNKUGA=","nAKPQvGWPz3w50pS9SF/Wg/TlEjgxRE8","all pinned"
"da9183dc-5ad5-4144-941e-80f3d7dfcb92","ORNL_027.basePlot.bet","D07","ORNL","ORNL_027","E","2014-07-14","2014-07-28","2014-07-29","2014-07-29",,"ORNL_027.E.20140728","di/gYcSB3uBrVsec72T1U/sl+N6WYuNpca7MryLvamw=","other carabid","CARSP14","Carabidae sp.","family",,"Latreille",,1,"Other",,"nAKPQvGWPz3w50pS9SF/Wg/TlEjgxRE8","individualCount estimated based on number of pinning records|1 individual pinned (D07.2014.MorphB)"
"927d08e2-c777-4411-bdec-b48a2f6358fb","ORNL_027.basePlot.bet","D07","ORNL","ORNL_027","E","2014-07-14","2014-07-28","2014-07-29","2014-07-29","2015-01-08","ORNL_027.E.20140728","di/gYcSB3uBrVsec72T1U+S5LNOJm/vpgzJIUVHziWw=","carabid","CARSP14","Carabidae sp.","family",,"Latreille","D07.2014.MorphA",2,"Other","nAKPQvGWPz3w50pS9SF/Wg/TlEjgxRE8","nAKPQvGWPz3w50pS9SF/Wg/TlEjgxRE8","all pinned"
"dd117e5e-10d4-408e-b323-e080383231e1","ORNL_004.basePlot.bet","D07","ORNL","ORNL_004","E","2014-07-14","2014-07-28","2014-07-29","2014-07-29","2015-01-08","ORNL_004.E.20140728","qnVzy9oXbL3exx2vQFNmY1RkCWHHIDmp4ddFOMEthN4=","carabid","DICSP5","Dicaelus sp.","genus",,"Bonelli",,1,"Kaufman, K., R. Bowers, and N. Bowers. 2007. Kaufman Field Guide to Mammals of North America. 12th Ed. Houghton Mifflin Company, New York, NY.","SwQFnZuakvNlojbzbwi0Q7Lk54l+Hztc0cig3HNKUGA=","nAKPQvGWPz3w50pS9SF/Wg/TlEjgxRE8","all pinned"
"e2af64d5-d860-46e1-ad95-96f0e157e35f","ORNL_031.basePlot.bet","D07","ORNL","ORNL_031","E","2014-07-14","2014-07-28","2014-07-29","2014-07-29","2015-01-08","ORNL_031.E.20140728","G1V5MttZ4JL8onh0fiaMxBF2ujpkHO/Ih12egTFm7+A=","carabid","ANISP9","Anisodactylus sp.","genus",,"Dejean",,1,"Kaufman, K., R. Bowers, and N. Bowers. 2007. Kaufman Field Guide to Mammals of North America. 12th Ed. Houghton Mifflin Company, New York, NY.","SwQFnZuakvNlojbzbwi0Q7Lk54l+Hztc0cig3HNKUGA=","nAKPQvGWPz3w50pS9SF/Wg/TlEjgxRE8","all pinned"
"33729fc8-c63a-4da5-a700-710aa78fa03e","ORNL_031.basePlot.bet","D07","ORNL","ORNL_031","E","2014-07-14","2014-07-28","2014-07-29","2014-07-29","2015-01-08","ORNL_031.E.20140728","G1V5MttZ4JL8onh0fiaMxIgrQ+7J1pyxj/p7STIXsY8=","carabid","CYCFUC","Cyclotrachelus fucatus","species","cf. species","Freitag",,1,"Kaufman, K., R. Bowers, and N. Bowers. 2007. Kaufman Field Guide to Mammals of North America. 12th Ed. Houghton Mifflin Company, New York, NY.","nAKPQvGWPz3w50pS9SF/Wg/TlEjgxRE8","nAKPQvGWPz3w50pS9SF/Wg/TlEjgxRE8","all pinned"
"43e8d1bd-b514-4782-9762-a0ab4de41eb0","ORNL_032.basePlot.bet","D07","ORNL","ORNL_032","E","2014-07-14","2014-07-28","2014-07-29","2014-07-29","2015-01-08","ORNL_032.E.20140728","DcTblkLRhlec+GvS3BxY5w45jCZDa5wfmOtqWV4z6NM=","carabid","PTESP23","Pterostichus sp.","genus",,"Bonelli",,2,"Kaufman, K., R. Bowers, and N. Bowers. 2007. Kaufman Field Guide to Mammals of North America. 12th Ed. Houghton Mifflin Company, New York, NY.","SwQFnZuakvNlojbzbwi0Q7Lk54l+Hztc0cig3HNKUGA=","nAKPQvGWPz3w50pS9SF/Wg/TlEjgxRE8","all pinned"
"bb361666-c189-4ed2-91f1-642a919518f3","ORNL_003.basePlot.bet","D07","ORNL","ORNL_003","E","2014-07-14","2014-07-28","2014-07-29","2014-07-29","2015-01-08","ORNL_003.E.20140728","952sL8sB3/g8VYohkq8sF8LUdrAf5IxWEIgyYvnDFoE=","carabid","CYCFUC","Cyclotrachelus fucatus","species","cf. species","Freitag",,2,"Kaufman, K., R. Bowers, and N. Bowers. 2007. Kaufman Field Guide to Mammals of North America. 12th Ed. Houghton Mifflin Company, New York, NY.","nAKPQvGWPz3w50pS9SF/Wg/TlEjgxRE8","nAKPQvGWPz3w50pS9SF/Wg/TlEjgxRE8","all pinned"
"fbde76fc-0ac2-428a-bcaa-05ee1a2ea2b8","ORNL_003.basePlot.bet","D07","ORNL","ORNL_003","E","2014-07-14","2014-07-28","2014-07-29","2014-07-29","2015-01-08","ORNL_003.E.20140728","952sL8sB3/g8VYohkq8sF11oAoRa4oD3R67KslhapHs=","carabid","PTESP23","Pterostichus sp.","genus",,"Bonelli",,1,"Kaufman, K., R. Bowers, and N. Bowers. 2007. Kaufman Field Guide to Mammals of North America. 12th Ed. Houghton Mifflin Company, New York, NY.","SwQFnZuakvNlojbzbwi0Q7Lk54l+Hztc0cig3HNKUGA=","nAKPQvGWPz3w50pS9SF/Wg/TlEjgxRE8","all pinned"
"a6cc8640-cc82-41c3-b1ac-92a636b4e2ae","ORNL_032.basePlot.bet","D07","ORNL","ORNL_032","N","2014-07-14","2014-07-28","2014-07-29","2014-07-29",,"ORNL_032.N.20140728","DcTblkLRhlctKT64h1wczjuRlCzRZF8E/McZQJIQLQk=","invert bycatch",,,,,,,,,,"nAKPQvGWPz3w50pS9SF/Wg/TlEjgxRE8",
"008dcc84-567f-4f95-ae15-7c5b323864be","ORNL_021.basePlot.bet","D07","ORNL","ORNL_021","N","2014-07-14","2014-07-28","2014-07-29","2014-07-29","2015-01-08","ORNL_021.N.20140728","LlqcsvOjN4BiVKEwjni1b+lybi4ovu+tchHle1g5rQI=","carabid","ANISP9","Anisodactylus sp.","genus",,"Dejean",,1,"Kaufman, K., R. Bowers, and N. Bowers. 2007. Kaufman Field Guide to Mammals of North America. 12th Ed. Houghton Mifflin Company, New York, NY.","SwQFnZuakvNlojbzbwi0Q7Lk54l+Hztc0cig3HNKUGA=","nAKPQvGWPz3w50pS9SF/Wg/TlEjgxRE8","all pinned"
"c56957aa-5d26-4be3-81c6-20f042503494","ORNL_032.basePlot.bet","D07","ORNL","ORNL_032","N","2014-07-14","2014-07-28","2014-07-29","2014-07-29","2015-01-08","ORNL_032.N.20140728","DcTblkLRhlctKT64h1wczjNALoVnpcQaKnurEr5Jtv8=","carabid","PTESP23","Pterostichus sp.","genus",,"Bonelli",,1,"Kaufman, K., R. Bowers, and N. Bowers. 2007. Kaufman Field Guide to Mammals of North America. 12th Ed. Houghton Mifflin Company, New York, NY.","SwQFnZuakvNlojbzbwi0Q7Lk54l+Hztc0cig3HNKUGA=","nAKPQvGWPz3w50pS9SF/Wg/TlEjgxRE8","all pinned"
"ab43c9ed-045c-4f4f-8d3b-451312b60965","ORNL_029.basePlot.bet","D07","ORNL","ORNL_029","N","2014-07-14","2014-07-28","2014-07-29","2014-07-29",,"ORNL_029.N.20140728","7LdWMHVTMySjcVKubN7bJOWXDcIeMZP5V6ALTvqGmb8=","invert bycatch",,,,,,,,,,"nAKPQvGWPz3w50pS9SF/Wg/TlEjgxRE8",
"1dd8b466-7ad1-4dbf-ae80-bb5332954732","ORNL_004.basePlot.bet","D07","ORNL","ORNL_004","N","2014-07-14","2014-07-28","2014-07-29","2014-07-29",,"ORNL_004.N.20140728","qnVzy9oXbL2WfYqna9ibglNogr/0EMhmzYpXvagXSKs=","invert bycatch",,,,,,,,,,"nAKPQvGWPz3w50pS9SF/Wg/TlEjgxRE8",
"a32791da-7813-4dab-824c-eeccef2d8d5a","ORNL_001.basePlot.bet","D07","ORNL","ORNL_001","N","2014-07-14","2014-07-28","2014-07-29","2014-07-29",,"ORNL_001.N.20140728","1iGudFvILgktiAfxi1KZS8oFw7ANtB77JrjiYhHgaPg=","invert bycatch",,,,,,,,,,"nAKPQvGWPz3w50pS9SF/Wg/TlEjgxRE8",
"ca2926cd-8d67-4093-a354-628510f95cca","ORNL_031.basePlot.bet","D07","ORNL","ORNL_031","N","2014-07-14","2014-07-28","2014-07-29","2014-07-29","2015-01-08","ORNL_031.N.20140728","G1V5MttZ4JLyxCEPmthBvMeCMbEd5TPljXzgFEm2waI=","carabid","ANISP9","Anisodactylus sp.","genus",,"Dejean",,1,"Kaufman, K., R. Bowers, and N. Bowers. 2007. Kaufman Field Guide to Mammals of North America. 12th Ed. Houghton Mifflin Company, New York, NY.","SwQFnZuakvNlojbzbwi0Q7Lk54l+Hztc0cig3HNKUGA=","nAKPQvGWPz3w50pS9SF/Wg/TlEjgxRE8","all pinned"
"b2d1124f-bae8-403b-9330-5ee41362e0a7","ORNL_021.basePlot.bet","D07","ORNL","ORNL_021","N","2014-07-14","2014-07-28","2014-07-29","2014-07-29",,"ORNL_021.N.20140728","LlqcsvOjN4BiVKEwjni1b8KZCcet1gm/UFU91L75Xtw=","invert bycatch",,,,,,,,,,"nAKPQvGWPz3w50pS9SF/Wg/TlEjgxRE8",
"6654f91e-2f8d-4f8d-adb7-447e0462a74b","ORNL_021.basePlot.bet","D07","ORNL","ORNL_021","N","2014-07-14","2014-07-28","2014-07-29","2014-07-29","2015-01-08","ORNL_021.N.20140728","LlqcsvOjN4BiVKEwjni1b1x43Ftnii3tdl/1T2gpKTA=","carabid","DICSP5","Dicaelus sp.","genus",,"Bonelli",,1,"Kaufman, K., R. Bowers, and N. Bowers. 2007. Kaufman Field Guide to Mammals of North America. 12th Ed. Houghton Mifflin Company, New York, NY.","SwQFnZuakvNlojbzbwi0Q7Lk54l+Hztc0cig3HNKUGA=","nAKPQvGWPz3w50pS9SF/Wg/TlEjgxRE8","all pinned"
"5b378128-628f-4077-8726-217b8456738e","ORNL_027.basePlot.bet","D07","ORNL","ORNL_027","N","2014-07-14","2014-07-28","2014-07-29","2014-07-29","2015-01-08","ORNL_027.N.20140728","di/gYcSB3uASifuksiMwvhRinD0QqD8kolXr9pyn/ps=","carabid","PTESP23","Pterostichus sp.","genus",,"Bonelli",,2,"Kaufman, K., R. Bowers, and N. Bowers. 2007. Kaufman Field Guide to Mammals of North America. 12th Ed. Houghton Mifflin Company, New York, NY.","SwQFnZuakvNlojbzbwi0Q7Lk54l+Hztc0cig3HNKUGA=","nAKPQvGWPz3w50pS9SF/Wg/TlEjgxRE8","all pinned"
"e5c3f405-282e-49fb-927e-aa579acc4afc","ORNL_027.basePlot.bet","D07","ORNL","ORNL_027","N","2014-07-14","2014-07-28","2014-07-29","2014-07-29","2015-01-08","ORNL_027.N.20140728","di/gYcSB3uASifuksiMwvolkIMQ9BUNM8aWCZBFSudQ=","carabid","CHLSP10","Chlaenius sp.","genus",,"Bonelli",,1,"Kaufman, K., R. Bowers, and N. Bowers. 2007. Kaufman Field Guide to Mammals of North America. 12th Ed. Houghton Mifflin Company, New York, NY.","SwQFnZuakvNlojbzbwi0Q7Lk54l+Hztc0cig3HNKUGA=","nAKPQvGWPz3w50pS9SF/Wg/TlEjgxRE8","all pinned"
"414e30c8-b47e-47c2-acf7-56e5e99e8274","ORNL_027.basePlot.bet","D07","ORNL","ORNL_027","N","2014-07-14","2014-07-28","2014-07-29","2014-07-29",,"ORNL_027.N.20140728","di/gYcSB3uASifuksiMwvmQsIuMlpFMUZ94K7C6zA8A=","invert bycatch",,,,,,,,,,"nAKPQvGWPz3w50pS9SF/Wg/TlEjgxRE8",
"3727e4a6-aa1b-40b2-88c6-b81a7081d7a0","ORNL_006.basePlot.bet","D07","ORNL","ORNL_006","N","2014-07-14","2014-07-28","2014-07-29","2014-07-29","2015-01-08","ORNL_006.N.20140728","XUOG9+A5sIM2AutjsFun4y3B70IvfbBBQN0sQFUyMOs=","carabid","CYCFUC","Cyclotrachelus fucatus","species","cf. species","Freitag",,2,"Kaufman, K., R. Bowers, and N. Bowers. 2007. Kaufman Field Guide to Mammals of North America. 12th Ed. Houghton Mifflin Company, New York, NY.","nAKPQvGWPz3w50pS9SF/Wg/TlEjgxRE8","nAKPQvGWPz3w50pS9SF/Wg/TlEjgxRE8","all pinned"
"7b544fd0-13c9-4230-b3ad-9c347620e340","ORNL_006.basePlot.bet","D07","ORNL","ORNL_006","N","2014-07-14","2014-07-28","2014-07-29","2014-07-29",,"ORNL_006.N.20140728","XUOG9+A5sIM2AutjsFun4xfsVUNUCMfSrzX91JfVA1E=","invert bycatch",,,,,,,,,,"nAKPQvGWPz3w50pS9SF/Wg/TlEjgxRE8",
"d187c906-eae9-4449-b61a-dd769836d55a","ORNL_006.basePlot.bet","D07","ORNL","ORNL_006","N","2014-07-14","2014-07-28","2014-07-29","2014-07-29",,"ORNL_006.N.20140728","XUOG9+A5sIM2AutjsFun4xfsVUNUCMfSUzKZXrpaKJI=","invert bycatch",,,,,,,,,,"nAKPQvGWPz3w50pS9SF/Wg/TlEjgxRE8",
"6915c9d7-f585-4e8b-a8c9-4656a5a35182","ORNL_006.basePlot.bet","D07","ORNL","ORNL_006","N","2014-07-14","2014-07-28","2014-07-29","2014-07-29","2015-01-08","ORNL_006.N.20140728","XUOG9+A5sIM2AutjsFun4wul+7J1unDuBZRRWqoPma8=","carabid","DICSP5","Dicaelus sp.","genus",,"Bonelli",,2,"Kaufman, K., R. Bowers, and N. Bowers. 2007. Kaufman Field Guide to Mammals of North America. 12th Ed. Houghton Mifflin Company, New York, NY.","SwQFnZuakvNlojbzbwi0Q7Lk54l+Hztc0cig3HNKUGA=","nAKPQvGWPz3w50pS9SF/Wg/TlEjgxRE8","all pinned"
"ada03f23-27c9-4c4b-8475-4506192dafae","ORNL_027.basePlot.bet","D07","ORNL","ORNL_027","N","2014-07-14","2014-07-28","2014-07-29","2014-07-29","2015-01-08","ORNL_027.N.20140728","di/gYcSB3uASifuksiMwvnPccc2qlBus+vvk4pPepSI=","carabid","CARSP14","Carabidae sp.","family",,"Latreille","D07.2014.MorphA",1,"Other","nAKPQvGWPz3w50pS9SF/Wg/TlEjgxRE8","nAKPQvGWPz3w50pS9SF/Wg/TlEjgxRE8","all pinned"
"c3a3a3cf-c0e0-4e54-97d5-1955d87bd2f4","ORNL_006.basePlot.bet","D07","ORNL","ORNL_006","N","2014-07-14","2014-07-28","2014-07-29","2014-07-29","2015-01-08","ORNL_006.N.20140728","XUOG9+A5sIM2AutjsFun49209KqH85fl39H7bWRvTHk=","carabid","PASELO","Pasimachus elongatus","species",,"LeConte",,1,"Kaufman, K., R. Bowers, and N. Bowers. 2007. Kaufman Field Guide to Mammals of North America. 12th Ed. Houghton Mifflin Company, New York, NY.","SwQFnZuakvNlojbzbwi0Q7Lk54l+Hztc0cig3HNKUGA=","nAKPQvGWPz3w50pS9SF/Wg/TlEjgxRE8","all pinned"
"c5173c88-f9c6-47c5-bf09-fe684df647b1","ORNL_006.basePlot.bet","D07","ORNL","ORNL_006","N","2014-07-14","2014-07-28","2014-07-29","2014-07-29","2015-01-08","ORNL_006.N.20140728","XUOG9+A5sIM2AutjsFun40gSZzNO9YnvE6/bzXv3T3k=","carabid","GALJAN","Galerita janus","species","cf. species","Fabricius",,1,"Kaufman, K., R. Bowers, and N. Bowers. 2007. Kaufman Field Guide to Mammals of North America. 12th Ed. Houghton Mifflin Company, New York, NY.","nAKPQvGWPz3w50pS9SF/Wg/TlEjgxRE8","nAKPQvGWPz3w50pS9SF/Wg/TlEjgxRE8","all pinned"
"e1b85e31-3075-4dde-a408-77178bac3ab9","ORNL_003.basePlot.bet","D07","ORNL","ORNL_003","N","2014-07-14","2014-07-28","2014-07-29","2014-07-29",,"ORNL_003.N.20140728","952sL8sB3/hPgCSVW0iY/rEIhKJcWGcuy3EsJdO0I9E=","invert bycatch",,,,,,,,,,"nAKPQvGWPz3w50pS9SF/Wg/TlEjgxRE8",
"0a6bfe8f-dc40-4585-af4f-217b9c5ed3d4","ORNL_002.basePlot.bet","D07","ORNL","ORNL_002","N","2014-07-14","2014-07-28","2014-07-29","2014-07-29",,"ORNL_002.N.20140728","FcwZvbWDjdjoj7fDp6bZ6a32ODjmm/2ogeUOtAhArLc=","invert bycatch",,,,,,,,,,"nAKPQvGWPz3w50pS9SF/Wg/TlEjgxRE8",
"847a8292-1794-4c56-ae28-727f194474da","ORNL_031.basePlot.bet","D07","ORNL","ORNL_031","N","2014-07-14","2014-07-28","2014-07-29","2014-07-29",,"ORNL_031.N.20140728","G1V5MttZ4JLyxCEPmthBvFOqFhqtz1itOMHC/StdCBs=","invert bycatch",,,,,,,,,,"nAKPQvGWPz3w50pS9SF/Wg/TlEjgxRE8",
"120ccc09-6e61-4f17-b062-9249481db734","ORNL_027.basePlot.bet","D07","ORNL","ORNL_027","N","2014-07-14","2014-07-28","2014-07-29","2014-07-29",,"ORNL_027.N.20140728","di/gYcSB3uASifuksiMwvmQsIuMlpFMUxytpDyoMj+A=","invert bycatch",,,,,,,,,,"nAKPQvGWPz3w50pS9SF/Wg/TlEjgxRE8",
"f261da01-3d0c-4adc-a688-32ec7c7f8858","ORNL_029.basePlot.bet","D07","ORNL","ORNL_029","S","2014-07-14","2014-07-28","2014-07-29","2014-07-29","2015-01-08","ORNL_029.S.20140728","7LdWMHVTMySEsnC6pdN9GkfOsKwA4ZVQjRC9+2qBcz4=","carabid","CYCFUC","Cyclotrachelus fucatus","species","cf. species","Freitag",,1,"Kaufman, K., R. Bowers, and N. Bowers. 2007. Kaufman Field Guide to Mammals of North America. 12th Ed. Houghton Mifflin Company, New York, NY.","nAKPQvGWPz3w50pS9SF/Wg/TlEjgxRE8","nAKPQvGWPz3w50pS9SF/Wg/TlEjgxRE8","all pinned"
"2dde4d92-4a17-405b-86af-267d752942c9","ORNL_021.basePlot.bet","D07","ORNL","ORNL_021","S","2014-07-14","2014-07-28","2014-07-29","2014-07-29","2015-01-08","ORNL_021.S.20140728","LlqcsvOjN4Dthg3qJyr9AIPFYPTb/So1hBMUIGB7x7s=","carabid","HARSP7","Harpalus sp.","genus",,"Latreille",,1,"Kaufman, K., R. Bowers, and N. Bowers. 2007. Kaufman Field Guide to Mammals of North America. 12th Ed. Houghton Mifflin Company, New York, NY.","nAKPQvGWPz3w50pS9SF/Wg/TlEjgxRE8","nAKPQvGWPz3w50pS9SF/Wg/TlEjgxRE8","all pinned"
"928e371c-d850-4b46-b318-424e7d380e8b","ORNL_031.basePlot.bet","D07","ORNL","ORNL_031","S","2014-07-14","2014-07-28","2014-07-29","2014-07-29","2015-01-08","ORNL_031.S.20140728","G1V5MttZ4JI0Q5tVqK+OMEjFKi8Df9/UjbWJeF520qU=","carabid","DICSP5","Dicaelus sp.","genus",,"Bonelli",,1,"Kaufman, K., R. Bowers, and N. Bowers. 2007. Kaufman Field Guide to Mammals of North America. 12th Ed. Houghton Mifflin Company, New York, NY.","SwQFnZuakvNlojbzbwi0Q7Lk54l+Hztc0cig3HNKUGA=","nAKPQvGWPz3w50pS9SF/Wg/TlEjgxRE8","all pinned"
"a8c2f710-36a1-420a-bb77-e891df296c78","ORNL_006.basePlot.bet","D07","ORNL","ORNL_006","S","2014-07-14","2014-07-28","2014-07-29","2014-07-29","2015-01-08","ORNL_006.S.20140728","XUOG9+A5sIO+WCCWVG2uYb9wR84YeBwtSVnq9h1KN/c=","carabid","CYCFUC","Cyclotrachelus fucatus","species","cf. species","Freitag",,1,"Kaufman, K., R. Bowers, and N. Bowers. 2007. Kaufman Field Guide to Mammals of North America. 12th Ed. Houghton Mifflin Company, New York, NY.","nAKPQvGWPz3w50pS9SF/Wg/TlEjgxRE8","nAKPQvGWPz3w50pS9SF/Wg/TlEjgxRE8","all pinned"
"28c50dd5-f786-4bbb-9c40-07a103c91976","ORNL_027.basePlot.bet","D07","ORNL","ORNL_027","S","2014-07-14","2014-07-28","2014-07-29","2014-07-29","2015-01-08","ORNL_027.S.20140728","di/gYcSB3uDc5MxHkX1EfNKsltTliH74Zv54Yy5o9LU=","carabid","DICSP5","Dicaelus sp.","genus",,"Bonelli",,1,"Kaufman, K., R. Bowers, and N. Bowers. 2007. Kaufman Field Guide to Mammals of North America. 12th Ed. Houghton Mifflin Company, New York, NY.","SwQFnZuakvNlojbzbwi0Q7Lk54l+Hztc0cig3HNKUGA=","nAKPQvGWPz3w50pS9SF/Wg/TlEjgxRE8","all pinned"
"1416b4e7-bc89-44b6-866d-56e7e4c2e356","ORNL_027.basePlot.bet","D07","ORNL","ORNL_027","S","2014-07-14","2014-07-28","2014-07-29","2014-07-29",,"ORNL_027.S.20140728","di/gYcSB3uDc5MxHkX1EfIEFfkLJUm1N9M9oxISOgbM=","other carabid","CARSP14","Carabidae sp.","family",,"Latreille",,1,"Other",,"nAKPQvGWPz3w50pS9SF/Wg/TlEjgxRE8","individualCount estimated based on number of pinning records|1 individual pinned (D07.2014.MorphB)"
"5d9c760b-9fa4-4523-82a4-fc21eaf18282","ORNL_027.basePlot.bet","D07","ORNL","ORNL_027","S","2014-07-14","2014-07-28","2014-07-29","2014-07-29","2015-01-08","ORNL_027.S.20140728","di/gYcSB3uDc5MxHkX1EfM6S+x1sZ34HsBchGuRZabs=","carabid","CYLUNI","Cylindera unipunctata","species",,"Fabricius",,1,"Kaufman, K., R. Bowers, and N. Bowers. 2007. Kaufman Field Guide to Mammals of North America. 12th Ed. Houghton Mifflin Company, New York, NY.","SwQFnZuakvNlojbzbwi0Q7Lk54l+Hztc0cig3HNKUGA=","nAKPQvGWPz3w50pS9SF/Wg/TlEjgxRE8","all pinned"
"c771bd83-cb19-4b2f-bc3e-721ee07c61f4","ORNL_002.basePlot.bet","D07","ORNL","ORNL_002","S","2014-07-14","2014-07-28","2014-07-29","2014-07-29","2015-01-08","ORNL_002.S.20140728","FcwZvbWDjdgugsHpabABtimsdQDlsAQdreosaAZnxPc=","carabid","DICSP5","Dicaelus sp.","genus",,"Bonelli",,1,"Kaufman, K., R. Bowers, and N. Bowers. 2007. Kaufman Field Guide to Mammals of North America. 12th Ed. Houghton Mifflin Company, New York, NY.","SwQFnZuakvNlojbzbwi0Q7Lk54l+Hztc0cig3HNKUGA=","nAKPQvGWPz3w50pS9SF/Wg/TlEjgxRE8","all pinned"
"2ad5f866-9b23-4e7e-bd83-4e7945a7a054","ORNL_029.basePlot.bet","D07","ORNL","ORNL_029","S","2014-07-14","2014-07-28","2014-07-29","2014-07-29","2015-01-08","ORNL_029.S.20140728","7LdWMHVTMySEsnC6pdN9GhdFpt1iAfogVOnvIdqjENs=","carabid","CYCSOD2","Cyclotrachelus sodalis sodalis","subspecies","cf. species","LeConte",,3,"Kaufman, K., R. Bowers, and N. Bowers. 2007. Kaufman Field Guide to Mammals of North America. 12th Ed. Houghton Mifflin Company, New York, NY.","nAKPQvGWPz3w50pS9SF/Wg/TlEjgxRE8","nAKPQvGWPz3w50pS9SF/Wg/TlEjgxRE8","all pinned"
"5b0918c6-cfbb-4387-80da-38ecd43338a7","ORNL_029.basePlot.bet","D07","ORNL","ORNL_029","S","2014-07-14","2014-07-28","2014-07-29","2014-07-29","2015-01-08","ORNL_029.S.20140728","7LdWMHVTMySEsnC6pdN9Gg0gwGJ/vevUtPmSYSNgahQ=","carabid","DICSP5","Dicaelus sp.","genus",,"Bonelli",,2,"Kaufman, K., R. Bowers, and N. Bowers. 2007. Kaufman Field Guide to Mammals of North America. 12th Ed. Houghton Mifflin Company, New York, NY.","SwQFnZuakvNlojbzbwi0Q7Lk54l+Hztc0cig3HNKUGA=","nAKPQvGWPz3w50pS9SF/Wg/TlEjgxRE8","all pinned"
"768295a8-ed12-4b07-8c83-341724259005","ORNL_032.basePlot.bet","D07","ORNL","ORNL_032","S","2014-07-14","2014-07-28","2014-07-29","2014-07-29","2015-01-08","ORNL_032.S.20140728","DcTblkLRhle9w0wrJuiIxIpircE8oRlTytHeOVlOrQ4=","carabid","CHLSP10","Chlaenius sp.","genus",,"Bonelli",,1,"Kaufman, K., R. Bowers, and N. Bowers. 2007. Kaufman Field Guide to Mammals of North America. 12th Ed. Houghton Mifflin Company, New York, NY.","SwQFnZuakvNlojbzbwi0Q7Lk54l+Hztc0cig3HNKUGA=","nAKPQvGWPz3w50pS9SF/Wg/TlEjgxRE8","all pinned"
"f21c5875-8e98-433d-9d14-29a05d578fd5","ORNL_032.basePlot.bet","D07","ORNL","ORNL_032","S","2014-07-14","2014-07-28","2014-07-29","2014-07-29","2015-01-08","ORNL_032.S.20140728","DcTblkLRhle9w0wrJuiIxIJcDfeWITiHFIZpVDmBzGE=","carabid","PTESP23","Pterostichus sp.","genus",,"Bonelli",,1,"Kaufman, K., R. Bowers, and N. Bowers. 2007. Kaufman Field Guide to Mammals of North America. 12th Ed. Houghton Mifflin Company, New York, NY.","SwQFnZuakvNlojbzbwi0Q7Lk54l+Hztc0cig3HNKUGA=","nAKPQvGWPz3w50pS9SF/Wg/TlEjgxRE8","all pinned"
"14b42e28-b676-47a5-8508-0e8e8673fc9b","ORNL_027.basePlot.bet","D07","ORNL","ORNL_027","W","2014-07-14","2014-07-28","2014-07-29","2014-07-29","2015-01-08","ORNL_027.W.20140728","di/gYcSB3uBQaKXEjHeU8KpBKIhfAGlyQYasSOe6Kgc=","carabid","DICSP5","Dicaelus sp.","genus",,"Bonelli",,1,"Kaufman, K., R. Bowers, and N. Bowers. 2007. Kaufman Field Guide to Mammals of North America. 12th Ed. Houghton Mifflin Company, New York, NY.","SwQFnZuakvNlojbzbwi0Q7Lk54l+Hztc0cig3HNKUGA=","nAKPQvGWPz3w50pS9SF/Wg/TlEjgxRE8","all pinned"
"8c55dd28-b5a8-4e14-92a4-8dfd436d1aaf","ORNL_027.basePlot.bet","D07","ORNL","ORNL_027","W","2014-07-14","2014-07-28","2014-07-29","2014-07-29","2015-01-08","ORNL_027.W.20140728","di/gYcSB3uBQaKXEjHeU8KHk20SoONkzDweM3ZGAr+0=","carabid","CARSP14","Carabidae sp.","family",,"Latreille","D07.2014.MorphA",1,"Other","nAKPQvGWPz3w50pS9SF/Wg/TlEjgxRE8","nAKPQvGWPz3w50pS9SF/Wg/TlEjgxRE8","all pinned"
"2c1677e6-c36b-4f4b-8e0c-f9b18d41f5a8","ORNL_027.basePlot.bet","D07","ORNL","ORNL_027","W","2014-07-14","2014-07-28","2014-07-29","2014-07-29","2015-01-08","ORNL_027.W.20140728","di/gYcSB3uBQaKXEjHeU8C0SLzd/FuvLwdDvqPsouqc=","carabid","PTESP23","Pterostichus sp.","genus",,"Bonelli",,6,"Kaufman, K., R. Bowers, and N. Bowers. 2007. Kaufman Field Guide to Mammals of North America. 12th Ed. Houghton Mifflin Company, New York, NY.","SwQFnZuakvNlojbzbwi0Q7Lk54l+Hztc0cig3HNKUGA=","nAKPQvGWPz3w50pS9SF/Wg/TlEjgxRE8","all pinned"
"0df9a009-1d27-4ef7-88b0-4b12735f6d02","ORNL_032.basePlot.bet","D07","ORNL","ORNL_032","W","2014-07-14","2014-07-28","2014-07-29","2014-07-29","2015-01-08","ORNL_032.W.20140728","DcTblkLRhlewiKLiNsBV9UJrg0ZUmhmfwot/IcDuSmg=","carabid","PTESP23","Pterostichus sp.","genus",,"Bonelli",,2,"Kaufman, K., R. Bowers, and N. Bowers. 2007. Kaufman Field Guide to Mammals of North America. 12th Ed. Houghton Mifflin Company, New York, NY.","SwQFnZuakvNlojbzbwi0Q7Lk54l+Hztc0cig3HNKUGA=","nAKPQvGWPz3w50pS9SF/Wg/TlEjgxRE8","all pinned"
"bb909731-838c-4be8-a58e-04c1d7db8459","ORNL_003.basePlot.bet","D07","ORNL","ORNL_003","W","2014-07-14","2014-07-28","2014-07-29","2014-07-29","2015-01-08","ORNL_003.W.20140728","952sL8sB3/h61xzhTCEUTnYZqut6LE05cYt/1rEruAc=","carabid","PTESP23","Pterostichus sp.","genus",,"Bonelli",,2,"Kaufman, K., R. Bowers, and N. Bowers. 2007. Kaufman Field Guide to Mammals of North America. 12th Ed. Houghton Mifflin Company, New York, NY.","SwQFnZuakvNlojbzbwi0Q7Lk54l+Hztc0cig3HNKUGA=","nAKPQvGWPz3w50pS9SF/Wg/TlEjgxRE8","all pinned"
"8421dc22-f025-4f74-9935-c11d94b67505","ORNL_027.basePlot.bet","D07","ORNL","ORNL_027","E","2014-07-14","2014-07-28","2014-07-29","2014-07-29","2015-01-08","ORNL_027.E.20140728","di/gYcSB3uBrVsec72T1U4L54tGhYqpBOSnUYNoLdBk=","carabid","CHLSP10","Chlaenius sp.","genus",,"Bonelli",,1,"Kaufman, K., R. Bowers, and N. Bowers. 2007. Kaufman Field Guide to Mammals of North America. 12th Ed. Houghton Mifflin Company, New York, NY.","SwQFnZuakvNlojbzbwi0Q7Lk54l+Hztc0cig3HNKUGA=","nAKPQvGWPz3w50pS9SF/Wg/TlEjgxRE8","all pinned"
