uid,namedLocation,domainID,siteID,plotID,trapID,setDate,collectDate,processingDate,etOHChangeDate,identifiedDate,sampleID,subsampleID,sampleType,taxonID,scientificName,taxonRank,identificationQualifier,scientificNameAuthorship,morphospeciesID,individualCount,identificationReferences,identifiedBy,recordedBy,remarks
"970a7bbb-4bdf-4290-819a-5bd7ee21c818","NIWO_008.basePlot.bet","D13","NIWO","NIWO_008","S","2015-08-25","2015-09-08","2015-09-08","2016-08-18",,"NIWO_008.S.20150908","5+aRVO2c2a4fZXmRIIT3KcnRTG3nt7Q/Qyr8IfyyF9w=","invert bycatch",,,,,,,,,,"9LLQP2zAGBxvuMR8VfqNBDkoxuflTlB1mTYNJb/lQSw=",
"56007905-fea7-4df5-b5dc-6d62667d9d2f","NIWO_008.basePlot.bet","D13","NIWO","NIWO_008","S","2015-08-25","2015-09-08","2015-09-08","2016-11-23","2016-11-23","NIWO_008.S.20150908","5+aRVO2c2a4fZXmRIIT3KRQtKQBERw80zgV6ZcEYGqw=","carabid","CARTAE","Carabus taedatus","species",,"Fabricius",,8,"Lindroth, C. H. 1969. The ground-beetles (Carabidae, excl. Cicindelinae) of Canada and Alaska, parts 1-6. Opuscula E. Entomoligiska Sallskapet.","XZoPj1u9UmznO7Lakic/e+h3MMLMvbQt","9LLQP2zAGBxvuMR8VfqNBDkoxuflTlB1mTYNJb/lQSw=",
"dae4da92-4531-48b3-a8fa-12281e2e6820","NIWO_008.basePlot.bet","D13","NIWO","NIWO_008","W","2015-08-25","2015-09-08","2015-09-08","2016-08-18",,"NIWO_008.W.20150908","5+aRVO2c2a7tyUr5BvACjBuwQIQhlfGLaEeuQRuOhNM=","invert bycatch",,,,,,,,,,"9LLQP2zAGBxvuMR8VfqNBDkoxuflTlB1mTYNJb/lQSw=",
"f5255122-8904-419c-bcd4-36bad9e57206","NIWO_008.basePlot.bet","D13","NIWO","NIWO_008","E","2015-08-25","2015-09-08","2015-09-08","2016-08-18",,"NIWO_008.E.20150908","5+aRVO2c2a7Ju/6v8LE/pJ1NUl7JZGOO5GrtBVzRQt4=","invert bycatch",,,,,,,,,,"9LLQP2zAGBxvuMR8VfqNBDkoxuflTlB1mTYNJb/lQSw=",
"2dcfcd4d-7401-4f45-ae60-d09d82606ffd","NIWO_008.basePlot.bet","D13","NIWO","NIWO_008","E","2015-08-25","2015-09-08","2015-09-08","2016-11-23","2016-11-23","NIWO_008.E.20150908","5+aRVO2c2a7Ju/6v8LE/pP5MYg4Rula2GQCV0jdl6OA=","carabid","CARTAE","Carabus taedatus","species",,"Fabricius",,6,"Lindroth, C. H. 1969. The ground-beetles (Carabidae, excl. Cicindelinae) of Canada and Alaska, parts 1-6. Opuscula E. Entomoligiska Sallskapet.","XZoPj1u9UmznO7Lakic/e+h3MMLMvbQt","9LLQP2zAGBxvuMR8VfqNBDkoxuflTlB1mTYNJb/lQSw=",
"b77aca80-be79-4628-b960-80d6423ad771","NIWO_004.basePlot.bet","D13","NIWO","NIWO_004","N","2015-08-25","2015-09-08","2015-09-08","2016-08-17",,"NIWO_004.N.20150908","aRw+8bWvW/xB0g5tp1LHGdHxl3vDIshFaaCt/yLc95M=","invert bycatch",,,,,,,,,,"XZoPj1u9UmznO7Lakic/e+h3MMLMvbQt",
"844fe16b-a62a-4f42-bfb5-ef821df2c524","NIWO_004.basePlot.bet","D13","NIWO","NIWO_004","N","2015-08-25","2015-09-08","2015-09-08","2017-01-23","2017-01-23","NIWO_004.N.20150908","aRw+8bWvW/xB0g5tp1LHGRk+ifbWSpencizZGRf7nA8=","carabid","CYMUNI1","Cymindis unicolor","species","cf. species","Kirby",,1,"Lindroth, C. H. 1969. The ground-beetles (Carabidae, excl. Cicindelinae) of Canada and Alaska, parts 1-6. Opuscula E. Entomoligiska Sallskapet.","s/lmw0PcTzR4Bmy/yhclYeu7XYLZW004","XZoPj1u9UmznO7Lakic/e+h3MMLMvbQt","This Cymindis specimen has the pronotum of C. unicolor but the elytral shoulders are maculated (with no break) and the elytral margin doesn't look obviously complete."
"76869a51-b492-44df-be2f-0118f50d5c82","NIWO_004.basePlot.bet","D13","NIWO","NIWO_004","N","2015-08-25","2015-09-08","2015-09-08","2016-11-21","2016-11-21","NIWO_004.N.20150908","aRw+8bWvW/xB0g5tp1LHGVz6ig+rcyMu7uN7wE0LMWg=","carabid","AMASP11","Amara sp.","genus",,"Bonelli","D13.2015.MorphL",1,"Lindroth, C. H. 1969. The ground-beetles (Carabidae, excl. Cicindelinae) of Canada and Alaska, parts 1-6. Opuscula E. Entomoligiska Sallskapet.","s/lmw0PcTzR4Bmy/yhclYeu7XYLZW004","XZoPj1u9UmznO7Lakic/e+h3MMLMvbQt",
"2e4ef816-d539-4edf-b37d-e91686bde709","NIWO_004.basePlot.bet","D13","NIWO","NIWO_004","E","2015-08-25","2015-09-08","2015-09-08","2016-11-21","2016-11-21","NIWO_004.E.20150908","aRw+8bWvW/wOIENap0etmaEoxHwBotQsHwysqUFXAZs=","carabid","AMASP11","Amara sp.","genus",,"Bonelli","D13.2015.MorphM",1,"Lindroth, C. H. 1969. The ground-beetles (Carabidae, excl. Cicindelinae) of Canada and Alaska, parts 1-6. Opuscula E. Entomoligiska Sallskapet.","s/lmw0PcTzR4Bmy/yhclYeu7XYLZW004","XZoPj1u9UmznO7Lakic/e+h3MMLMvbQt",
"b1745d1a-3209-41e6-a22d-b4e007478916","NIWO_004.basePlot.bet","D13","NIWO","NIWO_004","N","2015-08-25","2015-09-08","2015-09-08","2016-11-18","2016-11-18","NIWO_004.N.20150908","aRw+8bWvW/xB0g5tp1LHGQpSP8mWXPZTaaHEC8cAyeg=","carabid","CHLTOM","Chlaenius tomentosus","species",,"Say",,1,"Lindroth, C. H. 1969. The ground-beetles (Carabidae, excl. Cicindelinae) of Canada and Alaska, parts 1-6. Opuscula E. Entomoligiska Sallskapet.","s/lmw0PcTzR4Bmy/yhclYeu7XYLZW004","XZoPj1u9UmznO7Lakic/e+h3MMLMvbQt",
"fd37c367-271d-44ba-ad73-4af579fbf948","NIWO_004.basePlot.bet","D13","NIWO","NIWO_004","E","2015-08-25","2015-09-08","2015-09-08","2016-08-17",,"NIWO_004.E.20150908","aRw+8bWvW/wOIENap0etmQXH9TsGRiB77nP1nMRl6bk=","invert bycatch",,,,,,,,,,"XZoPj1u9UmznO7Lakic/e+h3MMLMvbQt",
"e19898e6-1e80-46ff-810a-90cebc0a98eb","NIWO_003.basePlot.bet","D13","NIWO","NIWO_003","N","2015-08-25","2015-09-08","2015-09-08","2016-11-18","2016-11-18","NIWO_003.N.20150908","ZRQ9gNwmgymIPtZS12an+xAWyM2y4/xCtjRaMPwcjYw=","carabid","CARTAE","Carabus taedatus","species",,"Fabricius",,2,"Lindroth, C. H. 1969. The ground-beetles (Carabidae, excl. Cicindelinae) of Canada and Alaska, parts 1-6. Opuscula E. Entomoligiska Sallskapet.","XZoPj1u9UmznO7Lakic/e+h3MMLMvbQt","a/0SlN26fEuP6UaIdvPv8XTR4wP1QaRoaGwryJzzg3M=",
"61b77f34-fe52-427f-ba14-677883711ff3","NIWO_003.basePlot.bet","D13","NIWO","NIWO_003","N","2015-08-25","2015-09-08","2015-09-08","2016-11-23","2016-11-23","NIWO_003.N.20150908","ZRQ9gNwmgymIPtZS12an+3n4vqb9iAFZuB1XaO3p0KU=","carabid","AGOCON","Agonoleptus conjunctus","species","cf. species","Say",,1,"Lindroth, C. H. 1969. The ground-beetles (Carabidae, excl. Cicindelinae) of Canada and Alaska, parts 1-6. Opuscula E. Entomoligiska Sallskapet.","XZoPj1u9UmznO7Lakic/e+h3MMLMvbQt","a/0SlN26fEuP6UaIdvPv8XTR4wP1QaRoaGwryJzzg3M=","cs with Agonoleptus rotundatus. Two features do not match with Lindroths description of A. conjunctus: 1) clypeo-optical line appears complete and touches eye. 2) Sub-apical ainuation not apparent."
"35c6024e-d03e-4217-81b4-b1b90a5f14d0","NIWO_003.basePlot.bet","D13","NIWO","NIWO_003","W","2015-08-25","2015-09-08","2015-09-08","2016-11-18","2016-11-18","NIWO_003.W.20150908","ZRQ9gNwmgylLFtb2kQGvQ8MsW7QRbUJHL1SGD1RyWtc=","carabid","AMAQUE","Amara quenseli quenseli","subspecies",,"Schonherr",,1,"Lindroth, C. H. 1969. The ground-beetles (Carabidae, excl. Cicindelinae) of Canada and Alaska, parts 1-6. Opuscula E. Entomoligiska Sallskapet.","s/lmw0PcTzR4Bmy/yhclYeu7XYLZW004","a/0SlN26fEuP6UaIdvPv8XTR4wP1QaRoaGwryJzzg3M=",
"2c94a69d-2082-4025-bc6e-3a013a0a0e8f","NIWO_003.basePlot.bet","D13","NIWO","NIWO_003","N","2015-08-25","2015-09-08","2015-09-08","2016-08-17",,"NIWO_003.N.20150908","ZRQ9gNwmgymIPtZS12an+xzeOqt1DYRZQEr906FneCM=","invert bycatch",,,,,,,,,,"a/0SlN26fEuP6UaIdvPv8XTR4wP1QaRoaGwryJzzg3M=",
"f6ee6ad1-32a9-45cf-9ea2-4a1950f05ad0","NIWO_003.basePlot.bet","D13","NIWO","NIWO_003","W","2015-08-25","2015-09-08","2015-09-08","2016-11-18","2016-11-18","NIWO_003.W.20150908","ZRQ9gNwmgylLFtb2kQGvQ5ER0vrp8IwTqc00CQ1g6dE=","carabid","DISPAR1","Discoderus parallelus","species","cf. species","Haldeman",,1,"Lindroth, C. H. 1969. The ground-beetles (Carabidae, excl. Cicindelinae) of Canada and Alaska, parts 1-6. Opuscula E. Entomoligiska Sallskapet.","s/lmw0PcTzR4Bmy/yhclYeu7XYLZW004","a/0SlN26fEuP6UaIdvPv8XTR4wP1QaRoaGwryJzzg3M=","Peter Messer 2015 unpublished key on Bugguide was used to key this species out.This Discoderus parallelus has a pronotal index w:l of 1.4 making it on the cusp of the difference between D. parallelus and D. impotens."
"8ad78eaa-436f-402c-9045-f85ae0d9e1db","NIWO_003.basePlot.bet","D13","NIWO","NIWO_003","W","2015-08-25","2015-09-08","2015-09-08","2016-11-18","2016-11-18","NIWO_003.W.20150908","ZRQ9gNwmgylLFtb2kQGvQyAWpUHay+BfZ2t942AAkaw=","carabid","CARTAE","Carabus taedatus","species",,"Fabricius",,2,"Lindroth, C. H. 1969. The ground-beetles (Carabidae, excl. Cicindelinae) of Canada and Alaska, parts 1-6. Opuscula E. Entomoligiska Sallskapet.","s/lmw0PcTzR4Bmy/yhclYeu7XYLZW004","a/0SlN26fEuP6UaIdvPv8XTR4wP1QaRoaGwryJzzg3M=",
"6fee74cc-1a3e-40b3-99bb-e325266d0e76","NIWO_006.basePlot.bet","D13","NIWO","NIWO_006","W","2015-08-25","2015-09-08","2015-09-08","2016-11-23","2016-11-23","NIWO_006.W.20150908","/HCA//l5a79/ynE56xJylAMJDc61r0WLiL1gkZ83V4U=","carabid","AMAALP","Amara alpina","species",,"Paykull",,2,"Lindroth, C. H. 1969. The ground-beetles (Carabidae, excl. Cicindelinae) of Canada and Alaska, parts 1-6. Opuscula E. Entomoligiska Sallskapet.","s/lmw0PcTzR4Bmy/yhclYeu7XYLZW004","XZoPj1u9UmznO7Lakic/e+h3MMLMvbQt",
"3ccb83e2-d1be-4d74-878b-6796aa22913e","NIWO_006.basePlot.bet","D13","NIWO","NIWO_006","S","2015-08-25","2015-09-08","2015-09-08","2016-08-17",,"NIWO_006.S.20150908","/HCA//l5a79xspR2rESkgC8REzXOZCI2BXceHm0qn+U=","invert bycatch",,,,,,,,,,"XZoPj1u9UmznO7Lakic/e+h3MMLMvbQt",
"8524e90f-6693-45ad-9502-7d493e513d74","NIWO_006.basePlot.bet","D13","NIWO","NIWO_006","W","2015-08-25","2015-09-08","2015-09-08","2016-08-17",,"NIWO_006.W.20150908","/HCA//l5a79/ynE56xJylEoYScPBwI7eAByeE+j2Mqs=","invert bycatch",,,,,,,,,,"XZoPj1u9UmznO7Lakic/e+h3MMLMvbQt",
"eec135b3-50fd-49c7-bf33-0091580d2696","NIWO_006.basePlot.bet","D13","NIWO","NIWO_006","E","2015-08-25","2015-09-08","2015-09-08","2016-11-21","2016-11-21","NIWO_006.E.20150908","/HCA//l5a7/R8eac+Xr29gyhl1/vhFW2a1xfq0Cxq7w=","carabid","CARTAE","Carabus taedatus","species",,"Fabricius",,3,"Lindroth, C. H. 1969. The ground-beetles (Carabidae, excl. Cicindelinae) of Canada and Alaska, parts 1-6. Opuscula E. Entomoligiska Sallskapet.","s/lmw0PcTzR4Bmy/yhclYeu7XYLZW004","XZoPj1u9UmznO7Lakic/e+h3MMLMvbQt",
"9c214a17-f76d-4720-821a-b554139b4e96","NIWO_006.basePlot.bet","D13","NIWO","NIWO_006","E","2015-08-25","2015-09-08","2015-09-08","2017-01-20",,"NIWO_006.E.20150908","/HCA//l5a7/R8eac+Xr29o1KQ1PnG/TmCJTwmMkRsbc=","invert bycatch",,,,,,,,,,"XZoPj1u9UmznO7Lakic/e+h3MMLMvbQt",
"e3bd0013-6b58-45fe-8e87-b953dda9e946","NIWO_006.basePlot.bet","D13","NIWO","NIWO_006","S","2015-08-25","2015-09-08","2015-09-08","2016-11-22","2016-11-22","NIWO_006.S.20150908","/HCA//l5a79xspR2rESkgHOAnjALH1wwenlmUPcdIng=","carabid","CARTAE","Carabus taedatus","species",,"Fabricius",,4,"Lindroth, C. H. 1969. The ground-beetles (Carabidae, excl. Cicindelinae) of Canada and Alaska, parts 1-6. Opuscula E. Entomoligiska Sallskapet.","s/lmw0PcTzR4Bmy/yhclYeu7XYLZW004","XZoPj1u9UmznO7Lakic/e+h3MMLMvbQt",
"a8e735e1-c753-4dc2-bb85-732299fa9aa9","NIWO_006.basePlot.bet","D13","NIWO","NIWO_006","W","2015-08-25","2015-09-08","2015-09-08","2016-11-23","2016-11-23","NIWO_006.W.20150908","/HCA//l5a79/ynE56xJylFwI9u/Rsph8qinwC778ERs=","carabid","CARTAE","Carabus taedatus","species",,"Fabricius",,1,"Lindroth, C. H. 1969. The ground-beetles (Carabidae, excl. Cicindelinae) of Canada and Alaska, parts 1-6. Opuscula E. Entomoligiska Sallskapet.","s/lmw0PcTzR4Bmy/yhclYeu7XYLZW004","XZoPj1u9UmznO7Lakic/e+h3MMLMvbQt",
"4050a62e-41ec-4a4d-b412-6813b97b9349","NIWO_006.basePlot.bet","D13","NIWO","NIWO_006","S","2015-08-25","2015-09-08","2015-09-08","2016-11-22","2016-11-22","NIWO_006.S.20150908","/HCA//l5a79xspR2rESkgEZPKwYKI9BR6fQC2axH1oE=","carabid","AMAALP","Amara alpina","species",,"Paykull",,1,"Lindroth, C. H. 1969. The ground-beetles (Carabidae, excl. Cicindelinae) of Canada and Alaska, parts 1-6. Opuscula E. Entomoligiska Sallskapet.","s/lmw0PcTzR4Bmy/yhclYeu7XYLZW004","XZoPj1u9UmznO7Lakic/e+h3MMLMvbQt",
"3c0c6b6e-d6d9-4596-ba3b-a8fe3dab367e","NIWO_006.basePlot.bet","D13","NIWO","NIWO_006","N","2015-08-25","2015-09-08","2015-09-08","2016-08-17",,"NIWO_006.N.20150908","/HCA//l5a79y9FQni434g+p1W+fljpZeksbuY654qD0=","invert bycatch",,,,,,,,,,"XZoPj1u9UmznO7Lakic/e+h3MMLMvbQt",
"572cca90-316d-486e-96df-b5bf530e701e","NIWO_006.basePlot.bet","D13","NIWO","NIWO_006","E","2015-08-25","2015-09-08","2015-09-08","2016-11-21","2016-11-21","NIWO_006.E.20150908","/HCA//l5a7/R8eac+Xr29nZ291HgKWyD2n+JRE3ZhjE=","carabid","AMAALP","Amara alpina","species",,"Paykull",,4,"Lindroth, C. H. 1969. The ground-beetles (Carabidae, excl. Cicindelinae) of Canada and Alaska, parts 1-6. Opuscula E. Entomoligiska Sallskapet.","s/lmw0PcTzR4Bmy/yhclYeu7XYLZW004","XZoPj1u9UmznO7Lakic/e+h3MMLMvbQt",
"9291a895-c8a9-4d34-b489-ed07198869cd","NIWO_006.basePlot.bet","D13","NIWO","NIWO_006","N","2015-08-25","2015-09-08","2015-09-08","2016-11-22","2016-11-22","NIWO_006.N.20150908","/HCA//l5a79y9FQni434g2dPqAIz4YbiKZsVOaS7TSI=","carabid","CARTAE","Carabus taedatus","species",,"Fabricius",,6,"Lindroth, C. H. 1969. The ground-beetles (Carabidae, excl. Cicindelinae) of Canada and Alaska, parts 1-6. Opuscula E. Entomoligiska Sallskapet.","s/lmw0PcTzR4Bmy/yhclYeu7XYLZW004","XZoPj1u9UmznO7Lakic/e+h3MMLMvbQt",
"a916cec1-70c1-4f7e-96ae-ada98105fb29","NIWO_007.basePlot.bet","D13","NIWO","NIWO_007","S","2015-08-25","2015-09-08","2015-09-08","2016-08-18",,"NIWO_007.S.20150908","S04lt30Ahx9lCmMDYRy7y9DI6Rq/kir8aLfr4aJS1EM=","invert bycatch",,,,,,,,,,"9LLQP2zAGBxvuMR8VfqNBDkoxuflTlB1mTYNJb/lQSw=",
"522e5fa1-98cb-4ab3-8c54-27b8e809197f","NIWO_007.basePlot.bet","D13","NIWO","NIWO_007","S","2015-08-25","2015-09-08","2015-09-08","2016-11-23","2016-11-23","NIWO_007.S.20150908","S04lt30Ahx9lCmMDYRy7y9KsFCLWvA4DoQqZNwJ7+nY=","carabid","CALADV","Calathus advena","species",,"LeConte",,8,"Lindroth, C. H. 1969. The ground-beetles (Carabidae, excl. Cicindelinae) of Canada and Alaska, parts 1-6. Opuscula E. Entomoligiska Sallskapet.","s/lmw0PcTzR4Bmy/yhclYeu7XYLZW004","9LLQP2zAGBxvuMR8VfqNBDkoxuflTlB1mTYNJb/lQSw=",
"05f0b0e2-9a0d-451c-8924-e935f8f75cd1","NIWO_007.basePlot.bet","D13","NIWO","NIWO_007","S","2015-08-25","2015-09-08","2015-09-08","2016-11-23","2016-11-23","NIWO_007.S.20150908","S04lt30Ahx9lCmMDYRy7y2QymeoQkA0sawsArh7Fzhg=","carabid","AMAAPR","Amara apricaria","species","cf. species","Paykull",,1,"Lindroth, C. H. 1969. The ground-beetles (Carabidae, excl. Cicindelinae) of Canada and Alaska, parts 1-6. Opuscula E. Entomoligiska Sallskapet.","s/lmw0PcTzR4Bmy/yhclYeu7XYLZW004","9LLQP2zAGBxvuMR8VfqNBDkoxuflTlB1mTYNJb/lQSw=","This Amara apricaria has similar characterisics to A. schwarzi A latior."
"569817e2-eb1e-4409-b520-491f4c7f8801","NIWO_003.basePlot.bet","D13","NIWO","NIWO_003","E","2015-08-25","2015-09-08","2015-09-08","2016-11-18","2016-11-18","NIWO_003.E.20150908","ZRQ9gNwmgynu1ZgrUyHHatmvPTH/87rhr+ILSR0rsk8=","carabid","CARTAE","Carabus taedatus","species",,"Fabricius",,3,"Lindroth, C. H. 1969. The ground-beetles (Carabidae, excl. Cicindelinae) of Canada and Alaska, parts 1-6. Opuscula E. Entomoligiska Sallskapet.","s/lmw0PcTzR4Bmy/yhclYeu7XYLZW004","a/0SlN26fEuP6UaIdvPv8XTR4wP1QaRoaGwryJzzg3M=",
"734ccae5-9083-4a8e-94ab-133fba573f2e","NIWO_009.basePlot.bet","D13","NIWO","NIWO_009","W","2015-08-25","2015-09-08","2015-09-08","2016-08-22",,"NIWO_009.W.20150908","ta53RQUlpj50LdnQTRdA6M610uo8TWMVY4oVex+7FaM=","invert bycatch",,,,,,,,,,"9LLQP2zAGBxvuMR8VfqNBDkoxuflTlB1mTYNJb/lQSw=",
"9a7e5fc5-5710-42e7-a402-a49ef1fd7fcc","NIWO_001.basePlot.bet","D13","NIWO","NIWO_001","S","2015-08-25","2015-09-08","2015-09-08","2016-08-17",,"NIWO_001.S.20150908","fp9n17d9YyHDV4GhMX9L5LpvQYetrSB7CxnnYJ/EJ34=","invert bycatch",,,,,,,,,,"XZoPj1u9UmznO7Lakic/e+h3MMLMvbQt",
"9793e6f4-6f74-47a8-89c3-d4ff452ee815","NIWO_003.basePlot.bet","D13","NIWO","NIWO_003","W","2015-08-25","2015-09-08","2015-09-08","2016-08-17",,"NIWO_003.W.20150908","ZRQ9gNwmgylLFtb2kQGvQ+pHNVT0nN9jYlYHYjeJUJk=","invert bycatch",,,,,,,,,,"a/0SlN26fEuP6UaIdvPv8XTR4wP1QaRoaGwryJzzg3M=",
"67c8cbec-5995-40bc-a6a6-fb9a79e1386e","NIWO_003.basePlot.bet","D13","NIWO","NIWO_003","E","2015-08-25","2015-09-08","2015-09-08","2016-11-18","2016-11-18","NIWO_003.E.20150908","ZRQ9gNwmgynu1ZgrUyHHaqv417nwv/X8MwMsTNhObgA=","carabid","AMAQUE","Amara quenseli quenseli","subspecies",,"Schonherr",,1,"Lindroth, C. H. 1969. The ground-beetles (Carabidae, excl. Cicindelinae) of Canada and Alaska, parts 1-6. Opuscula E. Entomoligiska Sallskapet.","s/lmw0PcTzR4Bmy/yhclYeu7XYLZW004","a/0SlN26fEuP6UaIdvPv8XTR4wP1QaRoaGwryJzzg3M=",
"2a880bc4-c4b8-45d5-8a2a-af388bc607d4","NIWO_003.basePlot.bet","D13","NIWO","NIWO_003","E","2015-08-25","2015-09-08","2015-09-08","2016-08-17",,"NIWO_003.E.20150908","ZRQ9gNwmgynu1ZgrUyHHahn9rnSHlC1/YXvaA9RccVs=","invert bycatch",,,,,,,,,,"a/0SlN26fEuP6UaIdvPv8XTR4wP1QaRoaGwryJzzg3M=",
"7272ba9f-27fc-426f-90b2-bdc119650116","NIWO_003.basePlot.bet","D13","NIWO","NIWO_003","S","2015-08-25","2015-09-08","2015-09-08","2016-08-17",,"NIWO_003.S.20150908","ZRQ9gNwmgykmJ0A4JTWHpE6dbKAIlU+EbQnAC2JTH7A=","invert bycatch",,,,,,,,,,"a/0SlN26fEuP6UaIdvPv8XTR4wP1QaRoaGwryJzzg3M=",
"31fc7031-2892-4e30-ae0b-a04b66ec7445","NIWO_004.basePlot.bet","D13","NIWO","NIWO_004","W","2015-08-25","2015-09-08","2015-09-08","2016-08-17",,"NIWO_004.W.20150908","aRw+8bWvW/yBjQW8FRnBY5HNjQEsEoIkwA9iDJv8NAo=","invert bycatch",,,,,,,,,,"XZoPj1u9UmznO7Lakic/e+h3MMLMvbQt",
"65dde10b-0ace-44b1-a41f-2419b2ae1ddd","NIWO_004.basePlot.bet","D13","NIWO","NIWO_004","S","2015-08-25","2015-09-08","2015-09-08","2016-08-17",,"NIWO_004.S.20150908","aRw+8bWvW/xPJ1WUnvg8Oi+7HVrBsrPjpX+9ysfxsIE=","invert bycatch",,,,,,,,,,"XZoPj1u9UmznO7Lakic/e+h3MMLMvbQt",
"bf4710a8-63ee-49b9-ba30-ba7c00bf991f","NIWO_007.basePlot.bet","D13","NIWO","NIWO_007","N","2015-08-25","2015-09-08","2015-09-08","2016-11-22","2016-11-22","NIWO_007.N.20150908","S04lt30Ahx+hs4bQv521KFs+1cOGojf5fPhlsMWRrCk=","carabid","OTHE","Carabidae sp.","family",,"Latreille","D13.2015.MorphO",3,"Lindroth, C. H. 1969. The ground-beetles (Carabidae, excl. Cicindelinae) of Canada and Alaska, parts 1-6. Opuscula E. Entomoligiska Sallskapet.","XZoPj1u9UmznO7Lakic/e+h3MMLMvbQt","9LLQP2zAGBxvuMR8VfqNBDkoxuflTlB1mTYNJb/lQSw=",
"c6d59b7f-367e-4ecc-8e15-067dc92fb85c","NIWO_007.basePlot.bet","D13","NIWO","NIWO_007","N","2015-08-25","2015-09-08","2015-09-08","2016-11-22","2016-11-22","NIWO_007.N.20150908","S04lt30Ahx+hs4bQv521KJM/le4fR7mjEGu9x9cZDGo=","carabid","CYMBOR","Cymindis borealis","species","cf. species","LeConte",,3,"Lindroth, C. H. 1969. The ground-beetles (Carabidae, excl. Cicindelinae) of Canada and Alaska, parts 1-6. Opuscula E. Entomoligiska Sallskapet.","XZoPj1u9UmznO7Lakic/e+h3MMLMvbQt","9LLQP2zAGBxvuMR8VfqNBDkoxuflTlB1mTYNJb/lQSw=","cs with C. unicolor"
"e179b43b-1c9f-41a0-9dfd-578d00e8ba89","NIWO_007.basePlot.bet","D13","NIWO","NIWO_007","N","2015-08-25","2015-09-08","2015-09-08","2016-08-18",,"NIWO_007.N.20150908","S04lt30Ahx+hs4bQv521KPGZJItu0NmbasnaMvlp88Y=","invert bycatch",,,,,,,,,,"9LLQP2zAGBxvuMR8VfqNBDkoxuflTlB1mTYNJb/lQSw=",
"eef32723-e384-4c0e-8ca2-b2df2aa80815","NIWO_008.basePlot.bet","D13","NIWO","NIWO_008","E","2015-08-25","2015-09-08","2015-09-09","2015-09-09","2016-09-28","NIWO_008.E.20150908","5+aRVO2c2a7Ju/6v8LE/pEJZYE1Unq3mJHeYtGyBI8s=","vert bycatch mam","SOMO","Sorex monticolus","species",,"Merriam",,1,"Other","Ji4OKY0Opajnq0SAWKqACItMAkkkfnH7","Ji4OKY0Opajnq0SAWKqACItMAkkkfnH7",
"93d9b745-0fb3-4bd0-8512-94fcb6a67c7e","NIWO_008.basePlot.bet","D13","NIWO","NIWO_008","N","2015-08-25","2015-09-08","2015-09-08","2016-11-23","2016-11-23","NIWO_008.N.20150908","5+aRVO2c2a6I5g93LOKgRnqRDJElb3NyrBHI5JcKrtk=","carabid","CARTAE","Carabus taedatus","species",,"Fabricius",,6,"Lindroth, C. H. 1969. The ground-beetles (Carabidae, excl. Cicindelinae) of Canada and Alaska, parts 1-6. Opuscula E. Entomoligiska Sallskapet.","s/lmw0PcTzR4Bmy/yhclYeu7XYLZW004","9LLQP2zAGBxvuMR8VfqNBDkoxuflTlB1mTYNJb/lQSw=",
"cd1a8cf3-5c07-475f-85dc-de5bc9e01e32","NIWO_008.basePlot.bet","D13","NIWO","NIWO_008","N","2015-08-25","2015-09-08","2015-09-08","2016-11-23","2016-11-23","NIWO_008.N.20150908","5+aRVO2c2a6I5g93LOKgRnqRDJElb3Nyu5OtCPgxIm8=","carabid","CARTAE","Carabus taedatus","species",,"Fabricius",,6,"Lindroth, C. H. 1969. The ground-beetles (Carabidae, excl. Cicindelinae) of Canada and Alaska, parts 1-6. Opuscula E. Entomoligiska Sallskapet.","s/lmw0PcTzR4Bmy/yhclYeu7XYLZW004","9LLQP2zAGBxvuMR8VfqNBDkoxuflTlB1mTYNJb/lQSw=",
"5cc71189-2b90-40bb-b7f6-5d5562c612c3","NIWO_008.basePlot.bet","D13","NIWO","NIWO_008","N","2015-08-25","2015-09-08","2015-09-08","2016-11-23","2016-11-23","NIWO_008.N.20150908","5+aRVO2c2a6I5g93LOKgRnqRDJElb3Ny0K1EFyIfUUU=","carabid","CARTAE","Carabus taedatus","species",,"Fabricius",,7,"Lindroth, C. H. 1969. The ground-beetles (Carabidae, excl. Cicindelinae) of Canada and Alaska, parts 1-6. Opuscula E. Entomoligiska Sallskapet.","s/lmw0PcTzR4Bmy/yhclYeu7XYLZW004","9LLQP2zAGBxvuMR8VfqNBDkoxuflTlB1mTYNJb/lQSw=",
"4fa08db8-2376-4377-9c39-314cf83182ec","NIWO_008.basePlot.bet","D13","NIWO","NIWO_008","N","2015-08-25","2015-09-08","2015-09-08","2016-11-23","2016-11-23","NIWO_008.N.20150908","5+aRVO2c2a6I5g93LOKgRi5m49rCzTx150dUZTwjH8c=","carabid","CYMUNI1","Cymindis unicolor","species",,"Kirby",,1,"Lindroth, C. H. 1969. The ground-beetles (Carabidae, excl. Cicindelinae) of Canada and Alaska, parts 1-6. Opuscula E. Entomoligiska Sallskapet.","s/lmw0PcTzR4Bmy/yhclYeu7XYLZW004","9LLQP2zAGBxvuMR8VfqNBDkoxuflTlB1mTYNJb/lQSw=",
"ea404475-0cf6-4e94-a294-21cbe48d9ec4","NIWO_008.basePlot.bet","D13","NIWO","NIWO_008","N","2015-08-25","2015-09-08","2015-09-08","2016-11-23","2016-11-23","NIWO_008.N.20150908","5+aRVO2c2a6I5g93LOKgRt21mjVkhvDQtYyTH8QOSfA=","carabid","AMAALP","Amara alpina","species",,"Paykull",,1,"Lindroth, C. H. 1969. The ground-beetles (Carabidae, excl. Cicindelinae) of Canada and Alaska, parts 1-6. Opuscula E. Entomoligiska Sallskapet.","s/lmw0PcTzR4Bmy/yhclYeu7XYLZW004","9LLQP2zAGBxvuMR8VfqNBDkoxuflTlB1mTYNJb/lQSw=",
"d5a0b2d3-7ad4-42b4-964c-24fb5412b444","NIWO_008.basePlot.bet","D13","NIWO","NIWO_008","N","2015-08-25","2015-09-08","2015-09-08","2016-08-18",,"NIWO_008.N.20150908","5+aRVO2c2a6I5g93LOKgRn5NfC673W3SPag9DU5bLvU=","invert bycatch",,,,,,,,,,"9LLQP2zAGBxvuMR8VfqNBDkoxuflTlB1mTYNJb/lQSw=",
"77f05ec1-7e8a-410c-8a09-88fb9b403bad","NIWO_010.basePlot.bet","D13","NIWO","NIWO_010","S","2015-08-25","2015-09-08","2015-09-08","2016-11-25","2016-11-25","NIWO_010.S.20150908","SpCPEqaS8lSDVwpWIb8p3gm+J6h1vBe6tzlcOQF4ZWU=","carabid","CYMUNI1","Cymindis unicolor","species","cf. species","Kirby",,1,"Lindroth, C. H. 1969. The ground-beetles (Carabidae, excl. Cicindelinae) of Canada and Alaska, parts 1-6. Opuscula E. Entomoligiska Sallskapet.","XZoPj1u9UmznO7Lakic/e+h3MMLMvbQt","9LLQP2zAGBxvuMR8VfqNBDkoxuflTlB1mTYNJb/lQSw=","cs with C. borealis"
"61915841-d613-448d-95f5-fa997ccde315","NIWO_010.basePlot.bet","D13","NIWO","NIWO_010","S","2015-08-25","2015-09-08","2015-09-08","2016-09-16",,"NIWO_010.S.20150908","SpCPEqaS8lSDVwpWIb8p3g+HmnTGsKGf4iOv4U5p2xs=","invert bycatch",,,,,,,,,,"9LLQP2zAGBxvuMR8VfqNBDkoxuflTlB1mTYNJb/lQSw=",
"1c6bc185-34a0-4858-acff-3da432cc150a","NIWO_010.basePlot.bet","D13","NIWO","NIWO_010","S","2015-08-25","2015-09-08","2015-09-08","2016-11-25","2016-11-25","NIWO_010.S.20150908","SpCPEqaS8lSDVwpWIb8p3uzWmg7rezxhk7LgVSYQra0=","carabid","OTHE","Carabidae sp.","family",,"Latreille","D13.2015.MorphO",5,"Lindroth, C. H. 1969. The ground-beetles (Carabidae, excl. Cicindelinae) of Canada and Alaska, parts 1-6. Opuscula E. Entomoligiska Sallskapet.","XZoPj1u9UmznO7Lakic/e+h3MMLMvbQt","9LLQP2zAGBxvuMR8VfqNBDkoxuflTlB1mTYNJb/lQSw=",
"e1e0099d-995a-4930-a48b-e4ffdc3bbe23","NIWO_010.basePlot.bet","D13","NIWO","NIWO_010","S","2015-08-25","2015-09-08","2015-09-08","2016-11-25","2016-11-25","NIWO_010.S.20150908","SpCPEqaS8lSDVwpWIb8p3tkh9SSfItDo5Ga/Bq6xpFk=","carabid","CALADV","Calathus advena","species",,"LeConte",,7,"Lindroth, C. H. 1969. The ground-beetles (Carabidae, excl. Cicindelinae) of Canada and Alaska, parts 1-6. Opuscula E. Entomoligiska Sallskapet.","XZoPj1u9UmznO7Lakic/e+h3MMLMvbQt","9LLQP2zAGBxvuMR8VfqNBDkoxuflTlB1mTYNJb/lQSw=",
"581ec72f-1010-48d1-b8da-e51034232602","NIWO_007.basePlot.bet","D13","NIWO","NIWO_007","W","2015-08-25","2015-09-08","2015-09-08","2016-11-22","2016-11-22","NIWO_007.W.20150908","S04lt30Ahx8VQr1krxvtUDb/bC+vet2tQVyUE5RdPsQ=","carabid","OTHE","Carabidae sp.","family",,"Latreille","D13.2015.MorphO",3,"Lindroth, C. H. 1969. The ground-beetles (Carabidae, excl. Cicindelinae) of Canada and Alaska, parts 1-6. Opuscula E. Entomoligiska Sallskapet.","XZoPj1u9UmznO7Lakic/e+h3MMLMvbQt","9LLQP2zAGBxvuMR8VfqNBDkoxuflTlB1mTYNJb/lQSw=",
"cad6e18c-9d14-4da9-be2c-f13c76f25d16","NIWO_007.basePlot.bet","D13","NIWO","NIWO_007","E","2015-08-25","2015-09-08","2015-09-08","2016-08-18",,"NIWO_007.E.20150908","S04lt30Ahx8lo/Eol1ieZR3cLg1LdZUZiSDUzycEeLE=","invert bycatch",,,,,,,,,,"9LLQP2zAGBxvuMR8VfqNBDkoxuflTlB1mTYNJb/lQSw=",
"5aa38454-9773-458d-aeb4-efe5c7712350","NIWO_007.basePlot.bet","D13","NIWO","NIWO_007","W","2015-08-25","2015-09-08","2015-09-08","2016-11-22","2016-11-22","NIWO_007.W.20150908","S04lt30Ahx8VQr1krxvtUIjmRwJTFR1t6SsmEdrews4=","carabid","CALADV","Calathus advena","species",,"LeConte",,1,"Lindroth, C. H. 1969. The ground-beetles (Carabidae, excl. Cicindelinae) of Canada and Alaska, parts 1-6. Opuscula E. Entomoligiska Sallskapet.","XZoPj1u9UmznO7Lakic/e+h3MMLMvbQt","9LLQP2zAGBxvuMR8VfqNBDkoxuflTlB1mTYNJb/lQSw=",
"df0bf79d-5ed3-46dd-93d7-81153be2563d","NIWO_007.basePlot.bet","D13","NIWO","NIWO_007","E","2015-08-25","2015-09-08","2015-09-08","2016-11-22","2016-11-22","NIWO_007.E.20150908","S04lt30Ahx8lo/Eol1ieZaZpRHWhdZ32gTCqEYmLWNY=","carabid","OTHE","Carabidae sp.","family",,"Latreille","D13.2015.MorphO",6,"Lindroth, C. H. 1969. The ground-beetles (Carabidae, excl. Cicindelinae) of Canada and Alaska, parts 1-6. Opuscula E. Entomoligiska Sallskapet.","XZoPj1u9UmznO7Lakic/e+h3MMLMvbQt","9LLQP2zAGBxvuMR8VfqNBDkoxuflTlB1mTYNJb/lQSw=",
"520e847d-9789-47fd-a9c8-a3a5d61d9c0a","NIWO_007.basePlot.bet","D13","NIWO","NIWO_007","W","2015-08-25","2015-09-08","2015-09-08","2016-11-22","2016-11-22","NIWO_007.W.20150908","S04lt30Ahx8VQr1krxvtUGy6bT6kKJJMipzVjg1YWbU=","carabid","CYMBOR","Cymindis borealis","species","cf. species","LeConte",,1,"Lindroth, C. H. 1969. The ground-beetles (Carabidae, excl. Cicindelinae) of Canada and Alaska, parts 1-6. Opuscula E. Entomoligiska Sallskapet.","s/lmw0PcTzR4Bmy/yhclYeu7XYLZW004","9LLQP2zAGBxvuMR8VfqNBDkoxuflTlB1mTYNJb/lQSw=","cs with C. unicolor"
"323847c0-8a7e-4180-95b5-68b622dddff8","NIWO_007.basePlot.bet","D13","NIWO","NIWO_007","W","2015-08-25","2015-09-08","2015-09-08","2016-08-18",,"NIWO_007.W.20150908","S04lt30Ahx8VQr1krxvtUFdhmwhKtq7fbgw8p8m9yKE=","invert bycatch",,,,,,,,,,"9LLQP2zAGBxvuMR8VfqNBDkoxuflTlB1mTYNJb/lQSw=",
"eb534d53-49b6-42a1-95cd-0ce5e3574f36","NIWO_001.basePlot.bet","D13","NIWO","NIWO_001","E","2015-08-25","2015-09-08","2015-09-08","2016-11-18","2016-11-18","NIWO_001.E.20150908","fp9n17d9YyFql4/PPIwcak/EpyyylfhYRBEeVd4zdIk=","carabid","OTHE","Carabidae sp.","family",,"Latreille","D13.2015.MorphO",14,"Lindroth, C. H. 1969. The ground-beetles (Carabidae, excl. Cicindelinae) of Canada and Alaska, parts 1-6. Opuscula E. Entomoligiska Sallskapet.","s/lmw0PcTzR4Bmy/yhclYeu7XYLZW004","9LLQP2zAGBxvuMR8VfqNBDkoxuflTlB1mTYNJb/lQSw=",
"c8106e34-6df9-4f57-b63b-fc7956129606","NIWO_001.basePlot.bet","D13","NIWO","NIWO_001","E","2015-08-25","2015-09-08","2015-09-08","2016-08-16",,"NIWO_001.E.20150908","fp9n17d9YyFql4/PPIwcalQyDo0mzJUOb84vMd3MuAk=","invert bycatch",,,,,,,,,,"9LLQP2zAGBxvuMR8VfqNBDkoxuflTlB1mTYNJb/lQSw=",
"7429c38c-a443-497b-9125-45eb07624c35","NIWO_001.basePlot.bet","D13","NIWO","NIWO_001","W","2015-08-25","2015-09-08","2015-09-08","2016-08-17",,"NIWO_001.W.20150908","fp9n17d9YyEhoHxM9Q6c8rii216PIh8xrV9TcFrfs6I=","invert bycatch",,,,,,,,,,"9LLQP2zAGBxvuMR8VfqNBDkoxuflTlB1mTYNJb/lQSw=",
"60cb66b9-d560-44b4-8c12-79b54cc38506","NIWO_001.basePlot.bet","D13","NIWO","NIWO_001","W","2015-08-25","2015-09-08","2015-09-08","2016-11-17","2016-11-17","NIWO_001.W.20150908","fp9n17d9YyEhoHxM9Q6c8r1xPgJR65yMCZKdtGTtdj8=","carabid","OTHE","Carabidae sp.","family",,"Latreille","D13.2015.MorphO",2,"Lindroth, C. H. 1969. The ground-beetles (Carabidae, excl. Cicindelinae) of Canada and Alaska, parts 1-6. Opuscula E. Entomoligiska Sallskapet.","XZoPj1u9UmznO7Lakic/e+h3MMLMvbQt","9LLQP2zAGBxvuMR8VfqNBDkoxuflTlB1mTYNJb/lQSw=",
"b467e338-04c1-48f3-ab06-e2fd3693694c","NIWO_001.basePlot.bet","D13","NIWO","NIWO_001","E","2015-08-25","2015-09-08","2015-09-08","2016-11-23","2016-11-23","NIWO_001.E.20150908","fp9n17d9YyFql4/PPIwcaoi+C5pOwbRQhdIbgd4M3ww=","carabid","SELPLA","Selenophorus planipennis","species","cf. species","LeConte",,1,"Lindroth, C. H. 1969. The ground-beetles (Carabidae, excl. Cicindelinae) of Canada and Alaska, parts 1-6. Opuscula E. Entomoligiska Sallskapet.","s/lmw0PcTzR4Bmy/yhclYeu7XYLZW004","9LLQP2zAGBxvuMR8VfqNBDkoxuflTlB1mTYNJb/lQSw=","This selenophorus planipennis may also be a S. aeneopiceus. Casey 1914 did not describe the differences very well and S. aeneopiceus is not in Lindroth 1968"
"cdd0bd40-4840-4463-a976-2d2747f537e7","NIWO_001.basePlot.bet","D13","NIWO","NIWO_001","N","2015-08-25","2015-09-08","2015-09-08","2016-08-16",,"NIWO_001.N.20150908","fp9n17d9YyG54himxS8ErbwT8dtds5mDB+s0LVfrfqU=","invert bycatch",,,,,,,,,,"9LLQP2zAGBxvuMR8VfqNBDkoxuflTlB1mTYNJb/lQSw=",
"147645d3-e999-4a26-a5e8-ab94666f54c8","NIWO_001.basePlot.bet","D13","NIWO","NIWO_001","N","2015-08-25","2015-09-08","2015-09-08","2016-11-17","2016-11-17","NIWO_001.N.20150908","fp9n17d9YyG54himxS8ErX4V1dhjeb9rL7imgqmF730=","carabid","OTHE","Carabidae sp.","family",,"Latreille","D13.2015.MorphO",3,"Lindroth, C. H. 1969. The ground-beetles (Carabidae, excl. Cicindelinae) of Canada and Alaska, parts 1-6. Opuscula E. Entomoligiska Sallskapet.","s/lmw0PcTzR4Bmy/yhclYeu7XYLZW004","9LLQP2zAGBxvuMR8VfqNBDkoxuflTlB1mTYNJb/lQSw=",
"fb06c811-8492-40c5-ac42-67e65e62b848","NIWO_010.basePlot.bet","D13","NIWO","NIWO_010","W","2015-08-25","2015-09-08","2015-09-08","2016-09-16",,"NIWO_010.W.20150908","SpCPEqaS8lRCWHMNC5CpgC6EkwMRsdGS+AkOETqDhWQ=","invert bycatch",,,,,,,,,,"9LLQP2zAGBxvuMR8VfqNBDkoxuflTlB1mTYNJb/lQSw=",
"fbc35189-54f5-4176-bcb3-1fd0e6dc0941","NIWO_010.basePlot.bet","D13","NIWO","NIWO_010","E","2015-08-25","2015-09-08","2015-09-08","2016-09-16",,"NIWO_010.E.20150908","SpCPEqaS8lQwXJB9DO/O43nFTMAN5n/VUiNFpU44Lo4=","invert bycatch",,,,,,,,,,"9LLQP2zAGBxvuMR8VfqNBDkoxuflTlB1mTYNJb/lQSw=",
"6b3effd1-f701-400f-8f1a-f4e7ede5cbfe","NIWO_010.basePlot.bet","D13","NIWO","NIWO_010","W","2015-08-25","2015-09-08","2015-09-08","2016-11-25","2016-11-25","NIWO_010.W.20150908","SpCPEqaS8lRCWHMNC5CpgEJkDiiWEf3KePj2R/cNg+s=","carabid","CALADV","Calathus advena","species",,"LeConte",,1,"Lindroth, C. H. 1969. The ground-beetles (Carabidae, excl. Cicindelinae) of Canada and Alaska, parts 1-6. Opuscula E. Entomoligiska Sallskapet.","XZoPj1u9UmznO7Lakic/e+h3MMLMvbQt","9LLQP2zAGBxvuMR8VfqNBDkoxuflTlB1mTYNJb/lQSw=",
"81fbe26f-8e2b-4359-9f98-d75a6f33e70c","NIWO_010.basePlot.bet","D13","NIWO","NIWO_010","E","2015-08-25","2015-09-08","2015-09-08","2016-11-23","2016-11-23","NIWO_010.E.20150908","SpCPEqaS8lQwXJB9DO/O42yeZsMWktUcgNZASQevmlI=","carabid","OTHE","Carabidae sp.","family",,"Latreille","D13.2015.MorphO",5,"Lindroth, C. H. 1969. The ground-beetles (Carabidae, excl. Cicindelinae) of Canada and Alaska, parts 1-6. Opuscula E. Entomoligiska Sallskapet.","s/lmw0PcTzR4Bmy/yhclYeu7XYLZW004","9LLQP2zAGBxvuMR8VfqNBDkoxuflTlB1mTYNJb/lQSw=",
"3fa773bf-00af-4623-babd-6cdaeffe95bd","NIWO_010.basePlot.bet","D13","NIWO","NIWO_010","W","2015-08-25","2015-09-08","2015-09-08","2016-11-25","2016-11-25","NIWO_010.W.20150908","SpCPEqaS8lRCWHMNC5CpgL4XsiPMnWLGbmzuEqF76xA=","carabid","CYMUNI1","Cymindis unicolor","species","cf. species","Kirby",,5,"Lindroth, C. H. 1969. The ground-beetles (Carabidae, excl. Cicindelinae) of Canada and Alaska, parts 1-6. Opuscula E. Entomoligiska Sallskapet.","XZoPj1u9UmznO7Lakic/e+h3MMLMvbQt","9LLQP2zAGBxvuMR8VfqNBDkoxuflTlB1mTYNJb/lQSw=","cs with Cymindis borealis"
"ffde25b9-4567-4ef6-aa44-8a32e252f7f3","NIWO_009.basePlot.bet","D13","NIWO","NIWO_009","E","2015-08-25","2015-09-08","2015-09-08","2016-11-25","2016-11-25","NIWO_009.E.20150908","ta53RQUlpj4ghU5Z94I+HUfIsskUKdR5nKWKbH6i/KU=","carabid","CALADV","Calathus advena","species",,"LeConte",,7,"Lindroth, C. H. 1969. The ground-beetles (Carabidae, excl. Cicindelinae) of Canada and Alaska, parts 1-6. Opuscula E. Entomoligiska Sallskapet.","XZoPj1u9UmznO7Lakic/e+h3MMLMvbQt","9LLQP2zAGBxvuMR8VfqNBDkoxuflTlB1mTYNJb/lQSw=",
"df03b11a-e837-4f3a-824f-1ec5c1cc71da","NIWO_009.basePlot.bet","D13","NIWO","NIWO_009","N","2015-08-25","2015-09-08","2015-09-08","2016-11-23","2016-11-23","NIWO_009.N.20150908","ta53RQUlpj4uM1+qziUhajovtkDygQt64mKkMHFiiSA=","carabid","OTHE","Carabidae sp.","family",,"Latreille","D13.2015.MorphO",2,"Lindroth, C. H. 1969. The ground-beetles (Carabidae, excl. Cicindelinae) of Canada and Alaska, parts 1-6. Opuscula E. Entomoligiska Sallskapet.","s/lmw0PcTzR4Bmy/yhclYeu7XYLZW004","9LLQP2zAGBxvuMR8VfqNBDkoxuflTlB1mTYNJb/lQSw=",
"4a30d48f-8e3c-4068-b93c-e6afa62fa2e6","NIWO_010.basePlot.bet","D13","NIWO","NIWO_010","W","2015-08-25","2015-09-08","2015-09-08","2016-11-25","2016-11-25","NIWO_010.W.20150908","SpCPEqaS8lRCWHMNC5CpgL3wm5gpMFnwtYRwCyrlmgM=","carabid","OTHE","Carabidae sp.","family",,"Latreille","D13.2015.MorphO",3,"Lindroth, C. H. 1969. The ground-beetles (Carabidae, excl. Cicindelinae) of Canada and Alaska, parts 1-6. Opuscula E. Entomoligiska Sallskapet.","s/lmw0PcTzR4Bmy/yhclYeu7XYLZW004","9LLQP2zAGBxvuMR8VfqNBDkoxuflTlB1mTYNJb/lQSw=",
"83f33a35-69aa-464b-b836-b83b8452d5b8","NIWO_009.basePlot.bet","D13","NIWO","NIWO_009","S","2015-08-25","2015-09-08","2015-09-08","2016-11-25","2016-11-25","NIWO_009.S.20150908","ta53RQUlpj5UBMvJyahkRUorqEqNd1PKB5P2w9JVmD0=","carabid","OTHE","Carabidae sp.","family",,"Latreille","D13.2015.MorphO",3,"Lindroth, C. H. 1969. The ground-beetles (Carabidae, excl. Cicindelinae) of Canada and Alaska, parts 1-6. Opuscula E. Entomoligiska Sallskapet.","XZoPj1u9UmznO7Lakic/e+h3MMLMvbQt","9LLQP2zAGBxvuMR8VfqNBDkoxuflTlB1mTYNJb/lQSw=",
"7a7cce14-f0e0-4f79-9b02-0062b7931574","NIWO_009.basePlot.bet","D13","NIWO","NIWO_009","E","2015-08-25","2015-09-08","2015-09-08","2016-08-22",,"NIWO_009.E.20150908","ta53RQUlpj4ghU5Z94I+HR5FFtDGb0UWTDlC3yM5H7E=","invert bycatch",,,,,,,,,,"9LLQP2zAGBxvuMR8VfqNBDkoxuflTlB1mTYNJb/lQSw=",
"51feb438-519b-4611-a357-72152d0b2f46","NIWO_009.basePlot.bet","D13","NIWO","NIWO_009","N","2015-08-25","2015-09-08","2015-09-08","2016-08-22",,"NIWO_009.N.20150908","ta53RQUlpj4uM1+qziUhak1ZyouP/eAMU1jJh6JVPD8=","invert bycatch",,,,,,,,,,"9LLQP2zAGBxvuMR8VfqNBDkoxuflTlB1mTYNJb/lQSw=",
"9a2d740d-bba2-4a62-8eb6-8c2b8e6002dd","NIWO_009.basePlot.bet","D13","NIWO","NIWO_009","S","2015-08-25","2015-09-08","2015-09-08","2016-08-22",,"NIWO_009.S.20150908","ta53RQUlpj5UBMvJyahkRce7SupHkbJid5ArlF5r8hE=","invert bycatch",,,,,,,,,,"9LLQP2zAGBxvuMR8VfqNBDkoxuflTlB1mTYNJb/lQSw=",
"8a66c079-07a1-4d05-a80f-d6a91946b871","NIWO_009.basePlot.bet","D13","NIWO","NIWO_009","S","2015-08-25","2015-09-08","2015-09-08","2016-11-25","2016-11-25","NIWO_009.S.20150908","ta53RQUlpj5UBMvJyahkRcf9qxrtxuQp12K+xRddjck=","carabid","CALADV","Calathus advena","species",,"LeConte",,10,"Lindroth, C. H. 1969. The ground-beetles (Carabidae, excl. Cicindelinae) of Canada and Alaska, parts 1-6. Opuscula E. Entomoligiska Sallskapet.","XZoPj1u9UmznO7Lakic/e+h3MMLMvbQt","9LLQP2zAGBxvuMR8VfqNBDkoxuflTlB1mTYNJb/lQSw=",
"42968464-dbe2-4ddc-9655-d79caba65343","NIWO_009.basePlot.bet","D13","NIWO","NIWO_009","N","2015-08-25","2015-09-08","2015-09-08","2016-11-23","2016-11-23","NIWO_009.N.20150908","ta53RQUlpj4uM1+qziUhauSQIINpo70lDCCOHj916vc=","carabid","CALADV","Calathus advena","species",,"LeConte",,1,"Lindroth, C. H. 1969. The ground-beetles (Carabidae, excl. Cicindelinae) of Canada and Alaska, parts 1-6. Opuscula E. Entomoligiska Sallskapet.","s/lmw0PcTzR4Bmy/yhclYeu7XYLZW004","9LLQP2zAGBxvuMR8VfqNBDkoxuflTlB1mTYNJb/lQSw=",
"c3a21be0-9ffa-458e-943b-28d3c18eadc7","NIWO_009.basePlot.bet","D13","NIWO","NIWO_009","E","2015-08-25","2015-09-08","2015-09-08","2016-11-23","2016-11-23","NIWO_009.E.20150908","ta53RQUlpj4ghU5Z94I+HdF7avYfeaFWrCbHVmcMPMk=","carabid","OTHE","Carabidae sp.","family",,"Latreille","D13.2015.MorphO",4,"Lindroth, C. H. 1969. The ground-beetles (Carabidae, excl. Cicindelinae) of Canada and Alaska, parts 1-6. Opuscula E. Entomoligiska Sallskapet.","s/lmw0PcTzR4Bmy/yhclYeu7XYLZW004","9LLQP2zAGBxvuMR8VfqNBDkoxuflTlB1mTYNJb/lQSw=",
"ba5cf49b-1fda-4c57-bad3-7d060811fc97","NIWO_005.basePlot.bet","D13","NIWO","NIWO_005","W","2015-08-25","2015-09-08","2015-09-08","2016-11-21","2016-11-21","NIWO_005.W.20150908","06Y8b7qnWrtXKYveLFBULJVteYDatmyQGu6j8XD/LK0=","carabid","OTHE","Carabidae sp.","family",,"Latreille","D13.2015.MorphO",2,"Lindroth, C. H. 1969. The ground-beetles (Carabidae, excl. Cicindelinae) of Canada and Alaska, parts 1-6. Opuscula E. Entomoligiska Sallskapet.","s/lmw0PcTzR4Bmy/yhclYeu7XYLZW004","XZoPj1u9UmznO7Lakic/e+h3MMLMvbQt",
"382b36e3-2afc-4d66-9ef7-c90d2b098752","NIWO_005.basePlot.bet","D13","NIWO","NIWO_005","W","2015-08-25","2015-09-08","2015-09-08","2016-11-21","2016-11-21","NIWO_005.W.20150908","06Y8b7qnWrtXKYveLFBULC7sZYQqNooW+OZMdUIMVGs=","carabid","AMAAPR","Amara apricaria","species","cf. species","Paykull",,1,"Lindroth, C. H. 1969. The ground-beetles (Carabidae, excl. Cicindelinae) of Canada and Alaska, parts 1-6. Opuscula E. Entomoligiska Sallskapet.","s/lmw0PcTzR4Bmy/yhclYeu7XYLZW004","XZoPj1u9UmznO7Lakic/e+h3MMLMvbQt","This Amara has the pronotum more akin to Lindroths's description of A. latior or even A. schwarzi but the mentum tooth is not emarginate and the prosternal sulcus is punctate."
"3c159fb5-d358-4d05-81ca-2d4aa5e48efe","NIWO_005.basePlot.bet","D13","NIWO","NIWO_005","W","2015-08-25","2015-09-08","2015-09-08","2016-08-17",,"NIWO_005.W.20150908","06Y8b7qnWrtXKYveLFBULK7kGyXYvSQTlkTvYpV8zzY=","invert bycatch",,,,,,,,,,"XZoPj1u9UmznO7Lakic/e+h3MMLMvbQt",
"44587c0f-e18a-4340-932d-155a979374cb","NIWO_005.basePlot.bet","D13","NIWO","NIWO_005","W","2015-08-25","2015-09-08","2015-09-08","2016-11-23","2016-11-23","NIWO_005.W.20150908","06Y8b7qnWrtXKYveLFBULAleuxW49notu/wQmJnRFxE=","carabid","CYMUNI1","Cymindis unicolor","species",,"Kirby",,2,"Lindroth, C. H. 1969. The ground-beetles (Carabidae, excl. Cicindelinae) of Canada and Alaska, parts 1-6. Opuscula E. Entomoligiska Sallskapet.","s/lmw0PcTzR4Bmy/yhclYeu7XYLZW004","XZoPj1u9UmznO7Lakic/e+h3MMLMvbQt",
"d42f1875-c2c7-4825-a6a9-40e9b4e634d9","NIWO_002.basePlot.bet","D13","NIWO","NIWO_002","S","2015-08-25","2015-09-08","2015-09-08","2016-11-18","2016-11-18","NIWO_002.S.20150908","Yxxla30BRinFv45w6Vr3F45clcRrej592SjEgbi35G8=","carabid","OTHE","Carabidae sp.","family",,"Latreille","D13.2015.MorphO",5,"Lindroth, C. H. 1969. The ground-beetles (Carabidae, excl. Cicindelinae) of Canada and Alaska, parts 1-6. Opuscula E. Entomoligiska Sallskapet.","XZoPj1u9UmznO7Lakic/e+h3MMLMvbQt","XZoPj1u9UmznO7Lakic/e+h3MMLMvbQt",
"0076cd8f-c47e-4604-9596-e1065392c964","NIWO_002.basePlot.bet","D13","NIWO","NIWO_002","E","2015-08-25","2015-09-08","2015-09-08","2016-11-18","2016-11-18","NIWO_002.E.20150908","Yxxla30BRilqBoOx9xPoX5RMsR98nYA2aRqQbcg0apE=","carabid","OTHE","Carabidae sp.","family",,"Latreille","D13.2015.MorphO",3,"Lindroth, C. H. 1969. The ground-beetles (Carabidae, excl. Cicindelinae) of Canada and Alaska, parts 1-6. Opuscula E. Entomoligiska Sallskapet.","XZoPj1u9UmznO7Lakic/e+h3MMLMvbQt","XZoPj1u9UmznO7Lakic/e+h3MMLMvbQt",
"9f850a13-0ca8-42a9-9459-68dbedb1eba1","NIWO_002.basePlot.bet","D13","NIWO","NIWO_002","W","2015-08-25","2015-09-08","2015-09-08","2016-08-17",,"NIWO_002.W.20150908","Yxxla30BRinMShdElcd2EzZX8a4JB/929xZ33iC0m1c=","invert bycatch",,,,,,,,,,"XZoPj1u9UmznO7Lakic/e+h3MMLMvbQt",
"353023b8-be01-4deb-9a74-f9d81416d911","NIWO_002.basePlot.bet","D13","NIWO","NIWO_002","W","2015-08-25","2015-09-08","2015-09-08","2016-11-18","2016-11-18","NIWO_002.W.20150908","Yxxla30BRinMShdElcd2E34M9ShjS7g+4S7DO5pAibw=","carabid","OTHE","Carabidae sp.","family",,"Latreille","D13.2015.MorphO",2,"Lindroth, C. H. 1969. The ground-beetles (Carabidae, excl. Cicindelinae) of Canada and Alaska, parts 1-6. Opuscula E. Entomoligiska Sallskapet.","s/lmw0PcTzR4Bmy/yhclYeu7XYLZW004","XZoPj1u9UmznO7Lakic/e+h3MMLMvbQt",
"198c4e38-b282-4c52-ae45-f9ff7b3155a2","NIWO_002.basePlot.bet","D13","NIWO","NIWO_002","N","2015-08-25","2015-09-08","2015-09-08","2016-11-17","2016-11-17","NIWO_002.N.20150908","Yxxla30BRilk/hATSF9YplRVr/pU3T2Ir2RrpemjTho=","carabid","NOTDIR","Notiophilus directus","species","cf. species","Casey",,1,"Lindroth, C. H. 1969. The ground-beetles (Carabidae, excl. Cicindelinae) of Canada and Alaska, parts 1-6. Opuscula E. Entomoligiska Sallskapet.","XZoPj1u9UmznO7Lakic/e+h3MMLMvbQt","XZoPj1u9UmznO7Lakic/e+h3MMLMvbQt","cs with Notiophilus simulator. I was unable to see if the beetles had microsculpture on elyral intervals. Therefor cannot determine with certainty that it is N. directus."
"2dc17bf0-8432-4a6e-8359-87338f7d050c","NIWO_002.basePlot.bet","D13","NIWO","NIWO_002","E","2015-08-25","2015-09-08","2015-09-08","2016-08-17",,"NIWO_002.E.20150908","Yxxla30BRilqBoOx9xPoX6FAzXGSl8kRl50w4juRiZ8=","invert bycatch",,,,,,,,,,"XZoPj1u9UmznO7Lakic/e+h3MMLMvbQt",
"007ebba3-f0fc-405c-a16f-08fac66f0e9f","NIWO_002.basePlot.bet","D13","NIWO","NIWO_002","S","2015-08-25","2015-09-08","2015-09-08","2016-08-17",,"NIWO_002.S.20150908","Yxxla30BRinFv45w6Vr3F3QAPB1dg8+2du5Rpwjsp6M=","invert bycatch",,,,,,,,,,"XZoPj1u9UmznO7Lakic/e+h3MMLMvbQt",
"47a4c082-adb4-404d-b4fb-926aab08dde8","NIWO_002.basePlot.bet","D13","NIWO","NIWO_002","N","2015-08-25","2015-09-08","2015-09-08","2016-08-17",,"NIWO_002.N.20150908","Yxxla30BRilk/hATSF9Ypg34MuB4sbMcBiRSZWno1Fs=","invert bycatch",,,,,,,,,,"XZoPj1u9UmznO7Lakic/e+h3MMLMvbQt",
"59913b23-5c49-49ef-90db-b9dd2bd96cc4","NIWO_002.basePlot.bet","D13","NIWO","NIWO_002","N","2015-08-25","2015-09-08","2015-09-08","2016-11-17","2016-11-17","NIWO_002.N.20150908","Yxxla30BRilk/hATSF9Yprh8GrZcAVkGhct6417W2PQ=","carabid","CALADV","Calathus advena","species",,"LeConte",,4,"Lindroth, C. H. 1969. The ground-beetles (Carabidae, excl. Cicindelinae) of Canada and Alaska, parts 1-6. Opuscula E. Entomoligiska Sallskapet.","XZoPj1u9UmznO7Lakic/e+h3MMLMvbQt","XZoPj1u9UmznO7Lakic/e+h3MMLMvbQt",
"5da19d6d-8917-45e3-8cdc-7ab071432848","NIWO_002.basePlot.bet","D13","NIWO","NIWO_002","N","2015-08-25","2015-09-08","2015-09-08","2016-11-17","2016-11-17","NIWO_002.N.20150908","Yxxla30BRilk/hATSF9Ypti5ohFIYiFlRRNk+/0+PYo=","carabid","OTHE","Carabidae sp.","family",,"Latreille","D13.2015.MorphO",8,"Lindroth, C. H. 1969. The ground-beetles (Carabidae, excl. Cicindelinae) of Canada and Alaska, parts 1-6. Opuscula E. Entomoligiska Sallskapet.","XZoPj1u9UmznO7Lakic/e+h3MMLMvbQt","XZoPj1u9UmznO7Lakic/e+h3MMLMvbQt",
"3797fb15-629b-4769-8137-a9a8870cd525","NIWO_002.basePlot.bet","D13","NIWO","NIWO_002","S","2015-08-25","2015-09-08","2015-09-08","2016-11-18","2016-11-18","NIWO_002.S.20150908","Yxxla30BRinFv45w6Vr3Fyk1FEQMd3b1r2wDs81ODMo=","carabid","CALADV","Calathus advena","species",,"LeConte",,1,"Lindroth, C. H. 1969. The ground-beetles (Carabidae, excl. Cicindelinae) of Canada and Alaska, parts 1-6. Opuscula E. Entomoligiska Sallskapet.","XZoPj1u9UmznO7Lakic/e+h3MMLMvbQt","XZoPj1u9UmznO7Lakic/e+h3MMLMvbQt",
"c0444926-844c-4b75-a0e7-19083d8b151f","NIWO_005.basePlot.bet","D13","NIWO","NIWO_005","N","2015-08-25","2015-09-08","2015-09-08","2016-11-18","2016-11-18","NIWO_005.N.20150908","06Y8b7qnWrtKMYVGHYy4+vI1KIiGpnwwJ8vZby4RPss=","carabid","CALADV","Calathus advena","species",,"LeConte",,1,"Lindroth, C. H. 1969. The ground-beetles (Carabidae, excl. Cicindelinae) of Canada and Alaska, parts 1-6. Opuscula E. Entomoligiska Sallskapet.","XZoPj1u9UmznO7Lakic/e+h3MMLMvbQt","a/0SlN26fEuP6UaIdvPv8XTR4wP1QaRoaGwryJzzg3M=",
"218e9502-1eb1-417a-9dee-226992d106d6","NIWO_005.basePlot.bet","D13","NIWO","NIWO_005","S","2015-08-25","2015-09-08","2015-09-08","2016-11-21","2016-11-21","NIWO_005.S.20150908","06Y8b7qnWrvNpkaT/gWkNqqs03u7qZ67KS0p0Fqger8=","carabid","CYMUNI1","Cymindis unicolor","species",,"Kirby",,7,"Lindroth, C. H. 1969. The ground-beetles (Carabidae, excl. Cicindelinae) of Canada and Alaska, parts 1-6. Opuscula E. Entomoligiska Sallskapet.","s/lmw0PcTzR4Bmy/yhclYeu7XYLZW004","a/0SlN26fEuP6UaIdvPv8XTR4wP1QaRoaGwryJzzg3M=",
"f6da0446-4a64-4554-8c0f-cd56d04ce38f","NIWO_005.basePlot.bet","D13","NIWO","NIWO_005","S","2015-08-25","2015-09-08","2015-09-08","2016-08-17",,"NIWO_005.S.20150908","06Y8b7qnWrvNpkaT/gWkNhrgA8q/cv2afVoVRyP4q6A=","invert bycatch",,,,,,,,,,"a/0SlN26fEuP6UaIdvPv8XTR4wP1QaRoaGwryJzzg3M=",
"8ff5c1a2-ca03-4123-aa8b-96cbcc88518f","NIWO_005.basePlot.bet","D13","NIWO","NIWO_005","N","2015-08-25","2015-09-08","2015-09-08","2016-11-23","2016-11-23","NIWO_005.N.20150908","06Y8b7qnWrtKMYVGHYy4+jI1laH0cOLRugkbhqioYac=","carabid","CALING","Calathus ingratus","species",,"Dejean",,1,"Lindroth, C. H. 1969. The ground-beetles (Carabidae, excl. Cicindelinae) of Canada and Alaska, parts 1-6. Opuscula E. Entomoligiska Sallskapet.","XZoPj1u9UmznO7Lakic/e+h3MMLMvbQt","a/0SlN26fEuP6UaIdvPv8XTR4wP1QaRoaGwryJzzg3M=",
"5fc360b0-5ceb-47a4-8ea9-c391557e3e91","NIWO_005.basePlot.bet","D13","NIWO","NIWO_005","E","2015-08-25","2015-09-08","2015-09-08","2016-11-21","2016-11-21","NIWO_005.E.20150908","06Y8b7qnWrtrUXq6Cek0DEoaJXuilPyZX3yDCzEaUkA=","carabid","CYMUNI1","Cymindis unicolor","species","cf. species","Kirby",,3,"Lindroth, C. H. 1969. The ground-beetles (Carabidae, excl. Cicindelinae) of Canada and Alaska, parts 1-6. Opuscula E. Entomoligiska Sallskapet.","s/lmw0PcTzR4Bmy/yhclYeu7XYLZW004","XZoPj1u9UmznO7Lakic/e+h3MMLMvbQt","This Cymindis has the pronotum of C. unicolor but elytral shoulders are maculated with no break. The elytral margin doesnt look complete."
"155b1db5-0f6f-47cf-8687-728dc2887f0f","NIWO_005.basePlot.bet","D13","NIWO","NIWO_005","N","2015-08-25","2015-09-08","2015-09-08","2016-11-17","2016-11-17","NIWO_005.N.20150908","06Y8b7qnWrtKMYVGHYy4+gLvRnzjtRAtgg1Rj6HIdv8=","carabid","CYMBOR","Cymindis borealis","species","cf. species","LeConte",,5,"Lindroth, C. H. 1969. The ground-beetles (Carabidae, excl. Cicindelinae) of Canada and Alaska, parts 1-6. Opuscula E. Entomoligiska Sallskapet.","XZoPj1u9UmznO7Lakic/e+h3MMLMvbQt","a/0SlN26fEuP6UaIdvPv8XTR4wP1QaRoaGwryJzzg3M=","cs with Cymindis unicolor"
"73127e68-02c5-41ce-b135-f9a583a19c49","NIWO_005.basePlot.bet","D13","NIWO","NIWO_005","S","2015-08-25","2015-09-08","2015-09-08","2016-11-21","2016-11-21","NIWO_005.S.20150908","06Y8b7qnWrvNpkaT/gWkNm+VGi4w2iXlNerOSMCvkgQ=","carabid","AMASP11","Amara sp.","genus",,"Bonelli","D13.2015.MorphN",1,"Lindroth, C. H. 1969. The ground-beetles (Carabidae, excl. Cicindelinae) of Canada and Alaska, parts 1-6. Opuscula E. Entomoligiska Sallskapet.","s/lmw0PcTzR4Bmy/yhclYeu7XYLZW004","a/0SlN26fEuP6UaIdvPv8XTR4wP1QaRoaGwryJzzg3M=",
"5226f818-b968-49bf-8c0e-f3c7e65f20bf","NIWO_005.basePlot.bet","D13","NIWO","NIWO_005","N","2015-08-25","2015-09-08","2015-09-08","2016-08-17",,"NIWO_005.N.20150908","06Y8b7qnWrtKMYVGHYy4+tFZshtI2iGQxKB4OoriXGA=","invert bycatch",,,,,,,,,,"a/0SlN26fEuP6UaIdvPv8XTR4wP1QaRoaGwryJzzg3M=",
"9f0907ca-de9b-4118-9f9b-7b95bd8ef60a","NIWO_005.basePlot.bet","D13","NIWO","NIWO_005","E","2015-08-25","2015-09-08","2015-09-08","2016-08-17",,"NIWO_005.E.20150908","06Y8b7qnWrtrUXq6Cek0DPmgUCckCqTCNxK47ANAKEU=","invert bycatch",,,,,,,,,,"XZoPj1u9UmznO7Lakic/e+h3MMLMvbQt",
"9935ff15-a5b4-42ff-9949-239af03fd211","NIWO_005.basePlot.bet","D13","NIWO","NIWO_005","N","2015-08-25","2015-09-08","2015-09-08","2016-11-23","2016-11-23","NIWO_005.N.20150908","06Y8b7qnWrtKMYVGHYy4+iW+Yi5PXCF5+mZ1uDh20Gg=","carabid","AMAIDA","Amara idahoana","species","cf. species","Casey",,1,"Lindroth, C. H. 1969. The ground-beetles (Carabidae, excl. Cicindelinae) of Canada and Alaska, parts 1-6. Opuscula E. Entomoligiska Sallskapet.","XZoPj1u9UmznO7Lakic/e+h3MMLMvbQt","a/0SlN26fEuP6UaIdvPv8XTR4wP1QaRoaGwryJzzg3M=","Difficult to determine if elytral microsculpture consists of transverse meshes or not. Either Amara idahoana or A. sinuosa or A. brunnea"
"697bdcb3-6719-4b9b-ba34-2e1094834877","NIWO_008.basePlot.bet","D13","NIWO","NIWO_008","W","2015-08-25","2015-09-08","2015-09-08","2016-11-23","2016-11-23","NIWO_008.W.20150908","5+aRVO2c2a7tyUr5BvACjAZ9mADUbJ4Dt2MoGrzT40Q=","carabid","CARTAE","Carabus taedatus","species",,"Fabricius",,1,"Lindroth, C. H. 1969. The ground-beetles (Carabidae, excl. Cicindelinae) of Canada and Alaska, parts 1-6. Opuscula E. Entomoligiska Sallskapet.","s/lmw0PcTzR4Bmy/yhclYeu7XYLZW004","9LLQP2zAGBxvuMR8VfqNBDkoxuflTlB1mTYNJb/lQSw=",
