uid,namedLocation,domainID,siteID,plotID,setDate,collectDate,identifiedDate,individualID,taxonID,kingdom,phylum,class,order,family,subfamily,tribe,genus,subgenus,specificEpithet,infraspecificEpithet,scientificName,scientificNameAuthorship,taxonRank,identificationQualifier,sex,morphospeciesID,identificationReferences,identifiedBy,laboratoryName,identificationRemarks,sampleCondition,dnaBarcoded,geneticSampleID,remarks
"c98e7840-69fb-47a5-ae4d-534212d0cc3c","NIWO_007.basePlot.bet","D13","NIWO","NIWO_007","2015-08-25","2015-09-08","2017-01-15","NEON.BET.D13.000341","PTERES","Animalia","Arthropoda","Insecta","Coleoptera","Carabidae","Harpalinae","Pterostichini","Pterostichus","Hypherpes","restrictus",,"Pterostichus restrictus","Casey","species",,"M",,"Casey, T.L. 1918. Memoirs on the Coleoptera. VIII. The New Era Printing Company, Lancaster, PA. 427 pp.","Kipling Will","Essig Museum of Entomology",,"No known compromise","N",,
"ab8465c4-10e4-42e9-a1c3-41ebf17151fd","NIWO_002.basePlot.bet","D13","NIWO","NIWO_002","2015-08-25","2015-09-08","2017-01-15","NEON.BET.D13.000403","NOTDIR","Animalia","Arthropoda","Insecta","Coleoptera","Carabidae","Nebriinae","Notiophilini","Notiophilus",,"directus",,"Notiophilus directus","Casey","species",,"M",,"Lindroth, C. H. 1969. The ground-beetles (Carabidae, excl. Cicindelinae) of Canada and Alaska, parts 1-6. Opuscula E. Entomoligiska Sallskapet.","Kipling Will","Essig Museum of Entomology",,"No known compromise","N",,
"be281978-8f7f-4ec0-9f57-f9d3ad33a239","NIWO_003.basePlot.bet","D13","NIWO","NIWO_003","2015-08-25","2015-09-08","2017-01-15","NEON.BET.D13.000374","AGOCON","Animalia","Arthropoda","Insecta","Coleoptera","Carabidae","Harpalinae","Harpalini","Agonoleptus",,"conjunctus",,"Agonoleptus conjunctus","Say","species",,"F",,"Lindroth, C. H. 1969. The ground-beetles (Carabidae, excl. Cicindelinae) of Canada and Alaska, parts 1-6. Opuscula E. Entomoligiska Sallskapet.","Kipling Will","Essig Museum of Entomology",,"No known compromise","N",,
"e2266aae-0b18-48a5-9c9a-b71363918a79","NIWO_005.basePlot.bet","D13","NIWO","NIWO_005","2015-08-25","2015-09-08","2017-01-15","NEON.BET.D13.000457","AMASP11","Animalia","Arthropoda","Insecta","Coleoptera","Carabidae","Harpalinae","Zabrini","Amara",,"sp.",,"Amara sp.","Bonelli","genus",,"F","TKW.2017.MorphE",,"Kipling Will","Essig Museum of Entomology",,"No known compromise","N",,
"7f6a5be7-fff9-4509-a49f-7cad120996a2","NIWO_005.basePlot.bet","D13","NIWO","NIWO_005","2015-08-25","2015-09-08","2017-01-15","NEON.BET.D13.000461","AMALIN","Animalia","Arthropoda","Insecta","Coleoptera","Carabidae","Harpalinae","Zabrini","Amara","Bradytus","lindrothi",,"Amara lindrothi","Hieke","species",,"M",,"Hieke, F. 1990. New and Little Known Species of Amara from America and Asia (Coleoptera, Carabidae). Mitteilungen aus dem Zoologischen Museum in Berlin. 66:195-292.","Kipling Will","Essig Museum of Entomology",,"No known compromise","N",,
"ea9cd211-8067-42a4-bc4a-7714660048ac","NIWO_004.basePlot.bet","D13","NIWO","NIWO_004","2015-08-25","2015-09-08","2017-01-15","NEON.BET.D13.000456","AMAQUE","Animalia","Arthropoda","Insecta","Coleoptera","Carabidae","Harpalinae","Zabrini","Amara","Paracelia","quenseli","quenseli","Amara quenseli quenseli","Schonherr","subspecies",,"F",,"Lindroth, C. H. 1969. The ground-beetles (Carabidae, excl. Cicindelinae) of Canada and Alaska, parts 1-6. Opuscula E. Entomoligiska Sallskapet.","Kipling Will","Essig Museum of Entomology",,"No known compromise","N",,
"da506a3c-8efb-4d54-9f36-22b55eca25b6","NIWO_003.basePlot.bet","D13","NIWO","NIWO_003","2015-08-25","2015-09-08","2017-01-15","NEON.BET.D13.000442","AMAQUE","Animalia","Arthropoda","Insecta","Coleoptera","Carabidae","Harpalinae","Zabrini","Amara","Paracelia","quenseli","quenseli","Amara quenseli quenseli","Schonherr","subspecies",,"F",,"Lindroth, C. H. 1969. The ground-beetles (Carabidae, excl. Cicindelinae) of Canada and Alaska, parts 1-6. Opuscula E. Entomoligiska Sallskapet.","Kipling Will","Essig Museum of Entomology",,"No known compromise","N",,
"cca8783d-6b05-4f0c-9cb1-d9dfe4af5b34","NIWO_004.basePlot.bet","D13","NIWO","NIWO_004","2015-08-25","2015-09-08","2017-01-15","NEON.BET.D13.000458","AMADIS","Animalia","Arthropoda","Insecta","Coleoptera","Carabidae","Harpalinae","Zabrini","Amara","Xenocelia","discors",,"Amara discors","Kirby","species",,"F",,"Lindroth, C. H. 1969. The ground-beetles (Carabidae, excl. Cicindelinae) of Canada and Alaska, parts 1-6. Opuscula E. Entomoligiska Sallskapet.","Kipling Will","Essig Museum of Entomology",,"No known compromise","N",,
"16150700-c756-41d2-8204-20257294d0f2","NIWO_003.basePlot.bet","D13","NIWO","NIWO_003","2015-08-25","2015-09-08","2017-01-15","NEON.BET.D13.000441","AMAQUE","Animalia","Arthropoda","Insecta","Coleoptera","Carabidae","Harpalinae","Zabrini","Amara","Paracelia","quenseli","quenseli","Amara quenseli quenseli","Schonherr","subspecies",,"F",,"Lindroth, C. H. 1969. The ground-beetles (Carabidae, excl. Cicindelinae) of Canada and Alaska, parts 1-6. Opuscula E. Entomoligiska Sallskapet.","Kipling Will","Essig Museum of Entomology",,"No known compromise","N",,
"1416f804-7ff8-4c5f-9230-fdebcd89f895","NIWO_003.basePlot.bet","D13","NIWO","NIWO_003","2015-08-25","2015-09-08","2017-01-15","NEON.BET.D13.000463","DISPAR1","Animalia","Arthropoda","Insecta","Coleoptera","Carabidae","Harpalinae","Harpalini","Discoderus",,"parallelus",,"Discoderus parallelus","Haldeman","species",,"F",,"Lindroth, C. H. 1969. The ground-beetles (Carabidae, excl. Cicindelinae) of Canada and Alaska, parts 1-6. Opuscula E. Entomoligiska Sallskapet.","Kipling Will","Essig Museum of Entomology",,"No known compromise","N",,
"950e9ac5-77ef-4959-8d99-b554a0364e2e","NIWO_007.basePlot.bet","D13","NIWO","NIWO_007","2015-08-25","2015-09-08","2017-01-15","NEON.BET.D13.000462","AMALIN","Animalia","Arthropoda","Insecta","Coleoptera","Carabidae","Harpalinae","Zabrini","Amara","Bradytus","lindrothi",,"Amara lindrothi","Hieke","species",,"M",,"Hieke, F. 1990. New and Little Known Species of Amara from America and Asia (Coleoptera, Carabidae). Mitteilungen aus dem Zoologischen Museum in Berlin. 66:195-292.","Kipling Will","Essig Museum of Entomology",,"No known compromise","N",,
"9c131614-9908-4099-b672-ae495e400abe","NIWO_001.basePlot.bet","D13","NIWO","NIWO_001","2015-08-25","2015-09-08","2017-01-15","NEON.BET.D13.000459","SELPLA","Animalia","Arthropoda","Insecta","Coleoptera","Carabidae","Harpalinae","Harpalini","Selenophorus","Selenophorus","planipennis",,"Selenophorus planipennis","LeConte","species",,"M",,"Lindroth, C. H. 1969. The ground-beetles (Carabidae, excl. Cicindelinae) of Canada and Alaska, parts 1-6. Opuscula E. Entomoligiska Sallskapet.","Kipling Will","Essig Museum of Entomology",,"No known compromise","N",,
"577ef798-2fd5-425e-a31c-f72fb9c9099c","NIWO_002.basePlot.bet","D13","NIWO","NIWO_002","2015-08-25","2015-09-08","2017-01-15","NEON.BET.D13.000159","CALADV","Animalia","Arthropoda","Insecta","Coleoptera","Carabidae","Harpalinae","Sphodrini","Calathus","Acalathus","advena",,"Calathus advena","LeConte","species",,"M",,"Lindroth, C. H. 1969. The ground-beetles (Carabidae, excl. Cicindelinae) of Canada and Alaska, parts 1-6. Opuscula E. Entomoligiska Sallskapet.","Kipling Will","Essig Museum of Entomology",,"No known compromise","N",,
"ead4af24-f9df-4e31-b285-804fca255596","NIWO_002.basePlot.bet","D13","NIWO","NIWO_002","2015-08-25","2015-09-08","2017-01-15","NEON.BET.D13.000157","CALADV","Animalia","Arthropoda","Insecta","Coleoptera","Carabidae","Harpalinae","Sphodrini","Calathus","Acalathus","advena",,"Calathus advena","LeConte","species",,"M",,"Lindroth, C. H. 1969. The ground-beetles (Carabidae, excl. Cicindelinae) of Canada and Alaska, parts 1-6. Opuscula E. Entomoligiska Sallskapet.","Kipling Will","Essig Museum of Entomology",,"No known compromise","N",,
"07c170e3-409a-4bde-a8e4-8ad7b997d3fd","NIWO_008.basePlot.bet","D13","NIWO","NIWO_008","2015-08-25","2015-09-08","2017-01-15","NEON.BET.D13.000169","CARTAE2","Animalia","Arthropoda","Insecta","Coleoptera","Carabidae","Carabinae","Carabini","Carabus","Tanaocarabus","taedatus","taedatus","Carabus taedatus taedatus","Fabricius","subspecies",,"F",,"Lindroth, C. H. 1969. The ground-beetles (Carabidae, excl. Cicindelinae) of Canada and Alaska, parts 1-6. Opuscula E. Entomoligiska Sallskapet.","Kipling Will","Essig Museum of Entomology",,"No known compromise","N",,
"f202cfa5-9159-4c5a-b7e0-e7d3dae564af","NIWO_008.basePlot.bet","D13","NIWO","NIWO_008","2015-08-25","2015-09-08","2017-01-15","NEON.BET.D13.000168","CARTAE2","Animalia","Arthropoda","Insecta","Coleoptera","Carabidae","Carabinae","Carabini","Carabus","Tanaocarabus","taedatus","taedatus","Carabus taedatus taedatus","Fabricius","subspecies",,"M",,"Lindroth, C. H. 1969. The ground-beetles (Carabidae, excl. Cicindelinae) of Canada and Alaska, parts 1-6. Opuscula E. Entomoligiska Sallskapet.","Kipling Will","Essig Museum of Entomology",,"No known compromise","N",,
"d4867fe4-6513-4e24-9334-c550c58ad2d8","NIWO_005.basePlot.bet","D13","NIWO","NIWO_005","2015-08-25","2015-09-08","2017-01-15","NEON.BET.D13.000160","CALADV","Animalia","Arthropoda","Insecta","Coleoptera","Carabidae","Harpalinae","Sphodrini","Calathus","Acalathus","advena",,"Calathus advena","LeConte","species",,"M",,"Lindroth, C. H. 1969. The ground-beetles (Carabidae, excl. Cicindelinae) of Canada and Alaska, parts 1-6. Opuscula E. Entomoligiska Sallskapet.","Kipling Will","Essig Museum of Entomology",,"No known compromise","N",,
"5b49e98e-92e0-4c0f-9af0-0bc72edca86e","NIWO_003.basePlot.bet","D13","NIWO","NIWO_003","2015-08-25","2015-09-08","2017-01-15","NEON.BET.D13.000171","CARTAE2","Animalia","Arthropoda","Insecta","Coleoptera","Carabidae","Carabinae","Carabini","Carabus","Tanaocarabus","taedatus","taedatus","Carabus taedatus taedatus","Fabricius","subspecies",,"F",,"Lindroth, C. H. 1969. The ground-beetles (Carabidae, excl. Cicindelinae) of Canada and Alaska, parts 1-6. Opuscula E. Entomoligiska Sallskapet.","Kipling Will","Essig Museum of Entomology",,"No known compromise","N",,
"0d17f669-6bb9-4fea-ae17-4e6228f699f6","NIWO_003.basePlot.bet","D13","NIWO","NIWO_003","2015-08-25","2015-09-08","2017-01-15","NEON.BET.D13.000170","CARTAE2","Animalia","Arthropoda","Insecta","Coleoptera","Carabidae","Carabinae","Carabini","Carabus","Tanaocarabus","taedatus","taedatus","Carabus taedatus taedatus","Fabricius","subspecies",,"F",,"Lindroth, C. H. 1969. The ground-beetles (Carabidae, excl. Cicindelinae) of Canada and Alaska, parts 1-6. Opuscula E. Entomoligiska Sallskapet.","Kipling Will","Essig Museum of Entomology",,"No known compromise","N",,
"1f561710-c565-4ce2-bfcb-e53b297d81b8","NIWO_009.basePlot.bet","D13","NIWO","NIWO_009","2015-08-25","2015-09-08","2017-01-15","NEON.BET.D13.000165","CALADV","Animalia","Arthropoda","Insecta","Coleoptera","Carabidae","Harpalinae","Sphodrini","Calathus","Acalathus","advena",,"Calathus advena","LeConte","species",,"M",,"Lindroth, C. H. 1969. The ground-beetles (Carabidae, excl. Cicindelinae) of Canada and Alaska, parts 1-6. Opuscula E. Entomoligiska Sallskapet.","Kipling Will","Essig Museum of Entomology",,"No known compromise","N",,
"161cc45d-f1ca-4b04-9937-3b32aa27780c","NIWO_009.basePlot.bet","D13","NIWO","NIWO_009","2015-08-25","2015-09-08","2017-01-15","NEON.BET.D13.000166","CALADV","Animalia","Arthropoda","Insecta","Coleoptera","Carabidae","Harpalinae","Sphodrini","Calathus","Acalathus","advena",,"Calathus advena","LeConte","species",,"F",,"Lindroth, C. H. 1969. The ground-beetles (Carabidae, excl. Cicindelinae) of Canada and Alaska, parts 1-6. Opuscula E. Entomoligiska Sallskapet.","Kipling Will","Essig Museum of Entomology",,"No known compromise","N",,
"a63ff6ce-4bdc-49a8-bbfc-a6a5145c9c40","NIWO_009.basePlot.bet","D13","NIWO","NIWO_009","2015-08-25","2015-09-08","2017-01-15","NEON.BET.D13.000164","CALADV","Animalia","Arthropoda","Insecta","Coleoptera","Carabidae","Harpalinae","Sphodrini","Calathus","Acalathus","advena",,"Calathus advena","LeConte","species",,"F",,"Lindroth, C. H. 1969. The ground-beetles (Carabidae, excl. Cicindelinae) of Canada and Alaska, parts 1-6. Opuscula E. Entomoligiska Sallskapet.","Kipling Will","Essig Museum of Entomology",,"No known compromise","N",,
"c3a930f9-fa3d-4af0-8a55-ca628c8df6f4","NIWO_007.basePlot.bet","D13","NIWO","NIWO_007","2015-08-25","2015-09-08","2017-01-15","NEON.BET.D13.000161","CALADV","Animalia","Arthropoda","Insecta","Coleoptera","Carabidae","Harpalinae","Sphodrini","Calathus","Acalathus","advena",,"Calathus advena","LeConte","species",,"F",,"Lindroth, C. H. 1969. The ground-beetles (Carabidae, excl. Cicindelinae) of Canada and Alaska, parts 1-6. Opuscula E. Entomoligiska Sallskapet.","Kipling Will","Essig Museum of Entomology",,"No known compromise","N",,
"54fbad03-3d14-40e0-a1f8-274c8ffde5be","NIWO_010.basePlot.bet","D13","NIWO","NIWO_010","2015-08-25","2015-09-08","2017-01-15","NEON.BET.D13.000167","CALADV","Animalia","Arthropoda","Insecta","Coleoptera","Carabidae","Harpalinae","Sphodrini","Calathus","Acalathus","advena",,"Calathus advena","LeConte","species",,"F",,"Lindroth, C. H. 1969. The ground-beetles (Carabidae, excl. Cicindelinae) of Canada and Alaska, parts 1-6. Opuscula E. Entomoligiska Sallskapet.","Kipling Will","Essig Museum of Entomology",,"No known compromise","N",,
"e3a868de-cd5d-4a93-bf89-9565ac88992f","NIWO_007.basePlot.bet","D13","NIWO","NIWO_007","2015-08-25","2015-09-08","2017-01-15","NEON.BET.D13.000162","CALADV","Animalia","Arthropoda","Insecta","Coleoptera","Carabidae","Harpalinae","Sphodrini","Calathus","Acalathus","advena",,"Calathus advena","LeConte","species",,"F",,"Lindroth, C. H. 1969. The ground-beetles (Carabidae, excl. Cicindelinae) of Canada and Alaska, parts 1-6. Opuscula E. Entomoligiska Sallskapet.","Kipling Will","Essig Museum of Entomology",,"No known compromise","N",,
"d3a66bb9-1f9e-483b-8c0a-e847d28fea80","NIWO_007.basePlot.bet","D13","NIWO","NIWO_007","2015-08-25","2015-09-08","2017-01-15","NEON.BET.D13.000163","CALADV","Animalia","Arthropoda","Insecta","Coleoptera","Carabidae","Harpalinae","Sphodrini","Calathus","Acalathus","advena",,"Calathus advena","LeConte","species",,"F",,"Lindroth, C. H. 1969. The ground-beetles (Carabidae, excl. Cicindelinae) of Canada and Alaska, parts 1-6. Opuscula E. Entomoligiska Sallskapet.","Kipling Will","Essig Museum of Entomology",,"No known compromise","N",,
"e9d1110f-b206-4b61-bf66-95534934513a","NIWO_003.basePlot.bet","D13","NIWO","NIWO_003","2015-08-25","2015-09-08","2017-01-15","NEON.BET.D13.000172","CARTAE2","Animalia","Arthropoda","Insecta","Coleoptera","Carabidae","Carabinae","Carabini","Carabus","Tanaocarabus","taedatus","taedatus","Carabus taedatus taedatus","Fabricius","subspecies",,"F",,"Lindroth, C. H. 1969. The ground-beetles (Carabidae, excl. Cicindelinae) of Canada and Alaska, parts 1-6. Opuscula E. Entomoligiska Sallskapet.","Kipling Will","Essig Museum of Entomology",,"No known compromise","N",,
"dfada093-789f-4272-9753-6a52cfbe28a6","NIWO_008.basePlot.bet","D13","NIWO","NIWO_008","2015-08-25","2015-09-08","2017-01-15","NEON.BET.D13.000176","CARTAE2","Animalia","Arthropoda","Insecta","Coleoptera","Carabidae","Carabinae","Carabini","Carabus","Tanaocarabus","taedatus","taedatus","Carabus taedatus taedatus","Fabricius","subspecies",,"F",,"Lindroth, C. H. 1969. The ground-beetles (Carabidae, excl. Cicindelinae) of Canada and Alaska, parts 1-6. Opuscula E. Entomoligiska Sallskapet.","Kipling Will","Essig Museum of Entomology",,"No known compromise","N",,
"6ade4249-c53e-40c8-a3ba-32addaa38480","NIWO_006.basePlot.bet","D13","NIWO","NIWO_006","2015-08-25","2015-09-08","2017-01-15","NEON.BET.D13.000173","CARTAE2","Animalia","Arthropoda","Insecta","Coleoptera","Carabidae","Carabinae","Carabini","Carabus","Tanaocarabus","taedatus","taedatus","Carabus taedatus taedatus","Fabricius","subspecies",,"M",,"Lindroth, C. H. 1969. The ground-beetles (Carabidae, excl. Cicindelinae) of Canada and Alaska, parts 1-6. Opuscula E. Entomoligiska Sallskapet.","Kipling Will","Essig Museum of Entomology",,"No known compromise","N",,
"74d80ca5-300e-4b1e-8638-7f18a56b82df","NIWO_006.basePlot.bet","D13","NIWO","NIWO_006","2015-08-25","2015-09-08","2017-01-15","NEON.BET.D13.000175","CARTAE2","Animalia","Arthropoda","Insecta","Coleoptera","Carabidae","Carabinae","Carabini","Carabus","Tanaocarabus","taedatus","taedatus","Carabus taedatus taedatus","Fabricius","subspecies",,"F",,"Lindroth, C. H. 1969. The ground-beetles (Carabidae, excl. Cicindelinae) of Canada and Alaska, parts 1-6. Opuscula E. Entomoligiska Sallskapet.","Kipling Will","Essig Museum of Entomology",,"No known compromise","N",,
"90790a9a-c1ad-4b74-b2b8-a0f5a1eb1809","NIWO_006.basePlot.bet","D13","NIWO","NIWO_006","2015-08-25","2015-09-08","2017-01-15","NEON.BET.D13.000174","CARTAE2","Animalia","Arthropoda","Insecta","Coleoptera","Carabidae","Carabinae","Carabini","Carabus","Tanaocarabus","taedatus","taedatus","Carabus taedatus taedatus","Fabricius","subspecies",,"M",,"Lindroth, C. H. 1969. The ground-beetles (Carabidae, excl. Cicindelinae) of Canada and Alaska, parts 1-6. Opuscula E. Entomoligiska Sallskapet.","Kipling Will","Essig Museum of Entomology",,"No known compromise","N",,
"dd1a37c0-8f14-4be2-8d1a-4e9a1e06edf8","NIWO_007.basePlot.bet","D13","NIWO","NIWO_007","2015-08-25","2015-09-08","2017-01-15","NEON.BET.D13.000272","CYMUNI1","Animalia","Arthropoda","Insecta","Coleoptera","Carabidae","Harpalinae","Lebiini","Cymindis","Tarulus","unicolor",,"Cymindis unicolor","Kirby","species",,"F",,"Lindroth, C. H. 1969. The ground-beetles (Carabidae, excl. Cicindelinae) of Canada and Alaska, parts 1-6. Opuscula E. Entomoligiska Sallskapet.","Kipling Will","Essig Museum of Entomology",,"No known compromise","N",,
"dc10b6a5-00c4-40ae-b4d5-0db341d06a5a","NIWO_010.basePlot.bet","D13","NIWO","NIWO_010","2015-08-25","2015-09-08","2017-01-15","NEON.BET.D13.000260","CYMUNI1","Animalia","Arthropoda","Insecta","Coleoptera","Carabidae","Harpalinae","Lebiini","Cymindis","Tarulus","unicolor",,"Cymindis unicolor","Kirby","species",,"F",,"Lindroth, C. H. 1969. The ground-beetles (Carabidae, excl. Cicindelinae) of Canada and Alaska, parts 1-6. Opuscula E. Entomoligiska Sallskapet.","Kipling Will","Essig Museum of Entomology",,"No known compromise","N",,
"35cf919d-0b54-4f65-9bc5-1ebce7a6b173","NIWO_010.basePlot.bet","D13","NIWO","NIWO_010","2015-08-25","2015-09-08","2017-01-15","NEON.BET.D13.000259","CYMUNI1","Animalia","Arthropoda","Insecta","Coleoptera","Carabidae","Harpalinae","Lebiini","Cymindis","Tarulus","unicolor",,"Cymindis unicolor","Kirby","species",,"F",,"Lindroth, C. H. 1969. The ground-beetles (Carabidae, excl. Cicindelinae) of Canada and Alaska, parts 1-6. Opuscula E. Entomoligiska Sallskapet.","Kipling Will","Essig Museum of Entomology",,"No known compromise","N",,
"6b1e7165-4ef4-45ee-9e00-672fc1be8f43","NIWO_010.basePlot.bet","D13","NIWO","NIWO_010","2015-08-25","2015-09-08","2017-01-15","NEON.BET.D13.000256","CYMUNI1","Animalia","Arthropoda","Insecta","Coleoptera","Carabidae","Harpalinae","Lebiini","Cymindis","Tarulus","unicolor",,"Cymindis unicolor","Kirby","species",,"M",,"Lindroth, C. H. 1969. The ground-beetles (Carabidae, excl. Cicindelinae) of Canada and Alaska, parts 1-6. Opuscula E. Entomoligiska Sallskapet.","Kipling Will","Essig Museum of Entomology",,"No known compromise","N",,
"db27a955-9443-4328-82ab-ab9f3d6682d7","NIWO_010.basePlot.bet","D13","NIWO","NIWO_010","2015-08-25","2015-09-08","2017-01-15","NEON.BET.D13.000257","CYMUNI1","Animalia","Arthropoda","Insecta","Coleoptera","Carabidae","Harpalinae","Lebiini","Cymindis","Tarulus","unicolor",,"Cymindis unicolor","Kirby","species",,"F",,"Lindroth, C. H. 1969. The ground-beetles (Carabidae, excl. Cicindelinae) of Canada and Alaska, parts 1-6. Opuscula E. Entomoligiska Sallskapet.","Kipling Will","Essig Museum of Entomology",,"No known compromise","N",,
"04a22d7e-9d45-4453-82ea-88ffda4e43a0","NIWO_010.basePlot.bet","D13","NIWO","NIWO_010","2015-08-25","2015-09-08","2017-01-15","NEON.BET.D13.000258","CYMUNI1","Animalia","Arthropoda","Insecta","Coleoptera","Carabidae","Harpalinae","Lebiini","Cymindis","Tarulus","unicolor",,"Cymindis unicolor","Kirby","species",,"F",,"Lindroth, C. H. 1969. The ground-beetles (Carabidae, excl. Cicindelinae) of Canada and Alaska, parts 1-6. Opuscula E. Entomoligiska Sallskapet.","Kipling Will","Essig Museum of Entomology",,"No known compromise","N",,
"a005685e-9fd4-49a8-8609-7f45d824cec8","NIWO_004.basePlot.bet","D13","NIWO","NIWO_004","2015-08-25","2015-09-08","2017-01-15","NEON.BET.D13.000249","CYMUNI1","Animalia","Arthropoda","Insecta","Coleoptera","Carabidae","Harpalinae","Lebiini","Cymindis","Tarulus","unicolor",,"Cymindis unicolor","Kirby","species",,"F",,"Lindroth, C. H. 1969. The ground-beetles (Carabidae, excl. Cicindelinae) of Canada and Alaska, parts 1-6. Opuscula E. Entomoligiska Sallskapet.","Kipling Will","Essig Museum of Entomology",,"No known compromise","N",,
"e5d56ccd-229e-4d9d-99e7-4b220346adf6","NIWO_008.basePlot.bet","D13","NIWO","NIWO_008","2015-08-25","2015-09-08","2017-01-15","NEON.BET.D13.000255","CYMUNI1","Animalia","Arthropoda","Insecta","Coleoptera","Carabidae","Harpalinae","Lebiini","Cymindis","Tarulus","unicolor",,"Cymindis unicolor","Kirby","species",,"F",,"Lindroth, C. H. 1969. The ground-beetles (Carabidae, excl. Cicindelinae) of Canada and Alaska, parts 1-6. Opuscula E. Entomoligiska Sallskapet.","Kipling Will","Essig Museum of Entomology",,"No known compromise","N",,
"67ca007c-bb34-422c-9581-8eb4486d9eb8","NIWO_005.basePlot.bet","D13","NIWO","NIWO_005","2015-08-25","2015-09-08","2017-01-15","NEON.BET.D13.000270","CYMUNI1","Animalia","Arthropoda","Insecta","Coleoptera","Carabidae","Harpalinae","Lebiini","Cymindis","Tarulus","unicolor",,"Cymindis unicolor","Kirby","species",,"F",,"Lindroth, C. H. 1969. The ground-beetles (Carabidae, excl. Cicindelinae) of Canada and Alaska, parts 1-6. Opuscula E. Entomoligiska Sallskapet.","Kipling Will","Essig Museum of Entomology",,"No known compromise","N",,
"34e8ea8e-e0c7-4d59-809b-897634b89dea","NIWO_005.basePlot.bet","D13","NIWO","NIWO_005","2015-08-25","2015-09-08","2017-01-15","NEON.BET.D13.000269","CYMUNI1","Animalia","Arthropoda","Insecta","Coleoptera","Carabidae","Harpalinae","Lebiini","Cymindis","Tarulus","unicolor",,"Cymindis unicolor","Kirby","species",,"M",,"Lindroth, C. H. 1969. The ground-beetles (Carabidae, excl. Cicindelinae) of Canada and Alaska, parts 1-6. Opuscula E. Entomoligiska Sallskapet.","Kipling Will","Essig Museum of Entomology",,"No known compromise","N",,
"27ffbfcf-80ce-457a-9cfe-51931ae96500","NIWO_005.basePlot.bet","D13","NIWO","NIWO_005","2015-08-25","2015-09-08","2017-01-15","NEON.BET.D13.000253","CYMUNI1","Animalia","Arthropoda","Insecta","Coleoptera","Carabidae","Harpalinae","Lebiini","Cymindis","Tarulus","unicolor",,"Cymindis unicolor","Kirby","species",,"F",,"Lindroth, C. H. 1969. The ground-beetles (Carabidae, excl. Cicindelinae) of Canada and Alaska, parts 1-6. Opuscula E. Entomoligiska Sallskapet.","Kipling Will","Essig Museum of Entomology",,"No known compromise","N",,
"1ebe480d-207d-4c2d-ab0d-d6bb01818727","NIWO_005.basePlot.bet","D13","NIWO","NIWO_005","2015-08-25","2015-09-08","2017-01-15","NEON.BET.D13.000271","CYMUNI1","Animalia","Arthropoda","Insecta","Coleoptera","Carabidae","Harpalinae","Lebiini","Cymindis","Tarulus","unicolor",,"Cymindis unicolor","Kirby","species",,"F",,"Lindroth, C. H. 1969. The ground-beetles (Carabidae, excl. Cicindelinae) of Canada and Alaska, parts 1-6. Opuscula E. Entomoligiska Sallskapet.","Kipling Will","Essig Museum of Entomology",,"No known compromise","N",,
"6f46980a-fde9-4e4f-a48b-115078f1a902","NIWO_005.basePlot.bet","D13","NIWO","NIWO_005","2015-08-25","2015-09-08","2017-01-15","NEON.BET.D13.000254","CYMUNI1","Animalia","Arthropoda","Insecta","Coleoptera","Carabidae","Harpalinae","Lebiini","Cymindis","Tarulus","unicolor",,"Cymindis unicolor","Kirby","species",,"F",,"Lindroth, C. H. 1969. The ground-beetles (Carabidae, excl. Cicindelinae) of Canada and Alaska, parts 1-6. Opuscula E. Entomoligiska Sallskapet.","Kipling Will","Essig Museum of Entomology",,"No known compromise","N",,
"94f8db44-6ce8-4b14-8c57-a86988108268","NIWO_005.basePlot.bet","D13","NIWO","NIWO_005","2015-08-25","2015-09-08","2017-01-15","NEON.BET.D13.000251","CYMUNI1","Animalia","Arthropoda","Insecta","Coleoptera","Carabidae","Harpalinae","Lebiini","Cymindis","Tarulus","unicolor",,"Cymindis unicolor","Kirby","species",,"F",,"Lindroth, C. H. 1969. The ground-beetles (Carabidae, excl. Cicindelinae) of Canada and Alaska, parts 1-6. Opuscula E. Entomoligiska Sallskapet.","Kipling Will","Essig Museum of Entomology",,"No known compromise","N",,
"42da8470-ce39-41ab-a962-2e14e71b282f","NIWO_005.basePlot.bet","D13","NIWO","NIWO_005","2015-08-25","2015-09-08","2017-01-15","NEON.BET.D13.000252","CYMUNI1","Animalia","Arthropoda","Insecta","Coleoptera","Carabidae","Harpalinae","Lebiini","Cymindis","Tarulus","unicolor",,"Cymindis unicolor","Kirby","species",,"F",,"Lindroth, C. H. 1969. The ground-beetles (Carabidae, excl. Cicindelinae) of Canada and Alaska, parts 1-6. Opuscula E. Entomoligiska Sallskapet.","Kipling Will","Essig Museum of Entomology",,"No known compromise","N",,
"4c3700e4-8eae-4707-ad63-4b463e8c38f7","NIWO_005.basePlot.bet","D13","NIWO","NIWO_005","2015-08-25","2015-09-08","2017-01-15","NEON.BET.D13.000250","CYMUNI1","Animalia","Arthropoda","Insecta","Coleoptera","Carabidae","Harpalinae","Lebiini","Cymindis","Tarulus","unicolor",,"Cymindis unicolor","Kirby","species",,"F",,"Lindroth, C. H. 1969. The ground-beetles (Carabidae, excl. Cicindelinae) of Canada and Alaska, parts 1-6. Opuscula E. Entomoligiska Sallskapet.","Kipling Will","Essig Museum of Entomology",,"No known compromise","N",,
"16dde726-008e-42d8-a514-331a23e42269","NIWO_005.basePlot.bet","D13","NIWO","NIWO_005","2015-08-25","2015-09-08","2017-01-15","NEON.BET.D13.000268","CYMUNI1","Animalia","Arthropoda","Insecta","Coleoptera","Carabidae","Harpalinae","Lebiini","Cymindis","Tarulus","unicolor",,"Cymindis unicolor","Kirby","species",,"F",,"Lindroth, C. H. 1969. The ground-beetles (Carabidae, excl. Cicindelinae) of Canada and Alaska, parts 1-6. Opuscula E. Entomoligiska Sallskapet.","Kipling Will","Essig Museum of Entomology",,"No known compromise","N",,
"1e9cbef2-3639-4fed-ac03-e54183be535b","NIWO_005.basePlot.bet","D13","NIWO","NIWO_005","2015-08-25","2015-09-08","2017-01-15","NEON.BET.D13.000267","CYMUNI1","Animalia","Arthropoda","Insecta","Coleoptera","Carabidae","Harpalinae","Lebiini","Cymindis","Tarulus","unicolor",,"Cymindis unicolor","Kirby","species",,"F",,"Lindroth, C. H. 1969. The ground-beetles (Carabidae, excl. Cicindelinae) of Canada and Alaska, parts 1-6. Opuscula E. Entomoligiska Sallskapet.","Kipling Will","Essig Museum of Entomology",,"No known compromise","N",,
"ad6de2f7-7a8e-40aa-b034-8beb38a962d9","NIWO_007.basePlot.bet","D13","NIWO","NIWO_007","2015-08-25","2015-09-08","2017-01-15","NEON.BET.D13.000273","CYMUNI1","Animalia","Arthropoda","Insecta","Coleoptera","Carabidae","Harpalinae","Lebiini","Cymindis","Tarulus","unicolor",,"Cymindis unicolor","Kirby","species",,"F",,"Lindroth, C. H. 1969. The ground-beetles (Carabidae, excl. Cicindelinae) of Canada and Alaska, parts 1-6. Opuscula E. Entomoligiska Sallskapet.","Kipling Will","Essig Museum of Entomology",,"No known compromise","N",,
"c526e3fc-69db-4c50-9617-d8947a085b1f","NIWO_007.basePlot.bet","D13","NIWO","NIWO_007","2015-08-25","2015-09-08","2017-01-15","NEON.BET.D13.000275","CYMUNI1","Animalia","Arthropoda","Insecta","Coleoptera","Carabidae","Harpalinae","Lebiini","Cymindis","Tarulus","unicolor",,"Cymindis unicolor","Kirby","species",,"F",,"Lindroth, C. H. 1969. The ground-beetles (Carabidae, excl. Cicindelinae) of Canada and Alaska, parts 1-6. Opuscula E. Entomoligiska Sallskapet.","Kipling Will","Essig Museum of Entomology",,"No known compromise","N",,
"a2a271ed-c350-40e2-ab6f-cd218c06be57","NIWO_007.basePlot.bet","D13","NIWO","NIWO_007","2015-08-25","2015-09-08","2017-01-15","NEON.BET.D13.000274","CYMUNI1","Animalia","Arthropoda","Insecta","Coleoptera","Carabidae","Harpalinae","Lebiini","Cymindis","Tarulus","unicolor",,"Cymindis unicolor","Kirby","species",,"F",,"Lindroth, C. H. 1969. The ground-beetles (Carabidae, excl. Cicindelinae) of Canada and Alaska, parts 1-6. Opuscula E. Entomoligiska Sallskapet.","Kipling Will","Essig Museum of Entomology",,"No known compromise","N",,
"2fcb1f76-a1ba-49e8-b3d6-bed605e7728c","NIWO_010.basePlot.bet","D13","NIWO","NIWO_010","2015-08-25","2015-09-08","2017-01-15","NEON.BET.D13.000303","PTERES","Animalia","Arthropoda","Insecta","Coleoptera","Carabidae","Harpalinae","Pterostichini","Pterostichus","Hypherpes","restrictus",,"Pterostichus restrictus","Casey","species",,"M",,"Casey, T.L. 1918. Memoirs on the Coleoptera. VIII. The New Era Printing Company, Lancaster, PA. 427 pp.","Kipling Will","Essig Museum of Entomology",,"No known compromise","N",,
"42076688-8f5a-45d1-8f97-a9cbd1d7f7a8","NIWO_010.basePlot.bet","D13","NIWO","NIWO_010","2015-08-25","2015-09-08","2017-01-15","NEON.BET.D13.000302","PTERES","Animalia","Arthropoda","Insecta","Coleoptera","Carabidae","Harpalinae","Pterostichini","Pterostichus","Hypherpes","restrictus",,"Pterostichus restrictus","Casey","species",,"M",,"Casey, T.L. 1918. Memoirs on the Coleoptera. VIII. The New Era Printing Company, Lancaster, PA. 427 pp.","Kipling Will","Essig Museum of Entomology",,"No known compromise","N",,
"cc669357-2f0c-4d63-8eab-7653134828cc","NIWO_010.basePlot.bet","D13","NIWO","NIWO_010","2015-08-25","2015-09-08","2017-01-15","NEON.BET.D13.000300","PTERES","Animalia","Arthropoda","Insecta","Coleoptera","Carabidae","Harpalinae","Pterostichini","Pterostichus","Hypherpes","restrictus",,"Pterostichus restrictus","Casey","species",,"M",,"Casey, T.L. 1918. Memoirs on the Coleoptera. VIII. The New Era Printing Company, Lancaster, PA. 427 pp.","Kipling Will","Essig Museum of Entomology",,"No known compromise","N",,
"b39bfbf3-9e6b-4c90-82ac-0bbbe4115fe4","NIWO_010.basePlot.bet","D13","NIWO","NIWO_010","2015-08-25","2015-09-08","2017-01-15","NEON.BET.D13.000296","CYMUNI1","Animalia","Arthropoda","Insecta","Coleoptera","Carabidae","Harpalinae","Lebiini","Cymindis","Tarulus","unicolor",,"Cymindis unicolor","Kirby","species",,"F",,"Lindroth, C. H. 1969. The ground-beetles (Carabidae, excl. Cicindelinae) of Canada and Alaska, parts 1-6. Opuscula E. Entomoligiska Sallskapet.","Kipling Will","Essig Museum of Entomology",,"No known compromise","N",,
"eba98d43-7848-4812-962d-3edcba1acfb6","NIWO_001.basePlot.bet","D13","NIWO","NIWO_001","2015-08-25","2015-09-08","2017-01-15","NEON.BET.D13.000304","PTERES","Animalia","Arthropoda","Insecta","Coleoptera","Carabidae","Harpalinae","Pterostichini","Pterostichus","Hypherpes","restrictus",,"Pterostichus restrictus","Casey","species",,"M",,"Casey, T.L. 1918. Memoirs on the Coleoptera. VIII. The New Era Printing Company, Lancaster, PA. 427 pp.","Kipling Will","Essig Museum of Entomology",,"No known compromise","N",,
"f909dff6-35ce-42aa-8eb8-86b38eb4fda3","NIWO_009.basePlot.bet","D13","NIWO","NIWO_009","2015-08-25","2015-09-08","2017-01-15","NEON.BET.D13.000301","PTERES","Animalia","Arthropoda","Insecta","Coleoptera","Carabidae","Harpalinae","Pterostichini","Pterostichus","Hypherpes","restrictus",,"Pterostichus restrictus","Casey","species",,"F",,"Casey, T.L. 1918. Memoirs on the Coleoptera. VIII. The New Era Printing Company, Lancaster, PA. 427 pp.","Kipling Will","Essig Museum of Entomology",,"No known compromise","N",,
"22ab3825-ec3b-4e67-af88-e2e3b028d3f9","NIWO_009.basePlot.bet","D13","NIWO","NIWO_009","2015-08-25","2015-09-08","2017-01-15","NEON.BET.D13.000298","PTERES","Animalia","Arthropoda","Insecta","Coleoptera","Carabidae","Harpalinae","Pterostichini","Pterostichus","Hypherpes","restrictus",,"Pterostichus restrictus","Casey","species",,"M",,"Casey, T.L. 1918. Memoirs on the Coleoptera. VIII. The New Era Printing Company, Lancaster, PA. 427 pp.","Kipling Will","Essig Museum of Entomology",,"No known compromise","N",,
"0857f357-f89e-47d1-ac22-8642718a2ba7","NIWO_009.basePlot.bet","D13","NIWO","NIWO_009","2015-08-25","2015-09-08","2017-01-15","NEON.BET.D13.000299","PTERES","Animalia","Arthropoda","Insecta","Coleoptera","Carabidae","Harpalinae","Pterostichini","Pterostichus","Hypherpes","restrictus",,"Pterostichus restrictus","Casey","species",,"F",,"Casey, T.L. 1918. Memoirs on the Coleoptera. VIII. The New Era Printing Company, Lancaster, PA. 427 pp.","Kipling Will","Essig Museum of Entomology",,"No known compromise","N",,
"d87807ad-0dc2-4660-bf90-c6676920b797","NIWO_002.basePlot.bet","D13","NIWO","NIWO_002","2015-08-25","2015-09-08","2017-01-15","NEON.BET.D13.000337","PTERES","Animalia","Arthropoda","Insecta","Coleoptera","Carabidae","Harpalinae","Pterostichini","Pterostichus","Hypherpes","restrictus",,"Pterostichus restrictus","Casey","species",,"F",,"Casey, T.L. 1918. Memoirs on the Coleoptera. VIII. The New Era Printing Company, Lancaster, PA. 427 pp.","Kipling Will","Essig Museum of Entomology",,"No known compromise","N",,
"cc19f25e-229f-4535-90ef-5fa0d85fa6b8","NIWO_002.basePlot.bet","D13","NIWO","NIWO_002","2015-08-25","2015-09-08","2017-01-15","NEON.BET.D13.000339","PTERES","Animalia","Arthropoda","Insecta","Coleoptera","Carabidae","Harpalinae","Pterostichini","Pterostichus","Hypherpes","restrictus",,"Pterostichus restrictus","Casey","species",,"F",,"Casey, T.L. 1918. Memoirs on the Coleoptera. VIII. The New Era Printing Company, Lancaster, PA. 427 pp.","Kipling Will","Essig Museum of Entomology",,"No known compromise","N",,
"01d90dee-d749-4781-9d3e-5996eca852a4","NIWO_002.basePlot.bet","D13","NIWO","NIWO_002","2015-08-25","2015-09-08","2017-01-15","NEON.BET.D13.000338","PTERES","Animalia","Arthropoda","Insecta","Coleoptera","Carabidae","Harpalinae","Pterostichini","Pterostichus","Hypherpes","restrictus",,"Pterostichus restrictus","Casey","species",,"F",,"Casey, T.L. 1918. Memoirs on the Coleoptera. VIII. The New Era Printing Company, Lancaster, PA. 427 pp.","Kipling Will","Essig Museum of Entomology",,"No known compromise","N",,
"5e8335e8-b8b4-43b5-9759-5bf3a4a9fb7a","NIWO_002.basePlot.bet","D13","NIWO","NIWO_002","2015-08-25","2015-09-08","2017-01-15","NEON.BET.D13.000335","PTERES","Animalia","Arthropoda","Insecta","Coleoptera","Carabidae","Harpalinae","Pterostichini","Pterostichus","Hypherpes","restrictus",,"Pterostichus restrictus","Casey","species",,"M",,"Casey, T.L. 1918. Memoirs on the Coleoptera. VIII. The New Era Printing Company, Lancaster, PA. 427 pp.","Kipling Will","Essig Museum of Entomology",,"No known compromise","N",,
"d31c792e-0310-486c-84cf-37d3cabea893","NIWO_005.basePlot.bet","D13","NIWO","NIWO_005","2015-08-25","2015-09-08","2017-01-15","NEON.BET.D13.000346","CALING","Animalia","Arthropoda","Insecta","Coleoptera","Carabidae","Harpalinae","Sphodrini","Calathus","Neocalathus","ingratus",,"Calathus ingratus","Dejean","species",,"M",,"Lindroth, C. H. 1969. The ground-beetles (Carabidae, excl. Cicindelinae) of Canada and Alaska, parts 1-6. Opuscula E. Entomoligiska Sallskapet.","Kipling Will","Essig Museum of Entomology",,"No known compromise","N",,
"d4c1d296-1f39-4873-bcdd-fb949c5d0a4f","NIWO_005.basePlot.bet","D13","NIWO","NIWO_005","2015-08-25","2015-09-08","2017-01-15","NEON.BET.D13.000340","PTERES","Animalia","Arthropoda","Insecta","Coleoptera","Carabidae","Harpalinae","Pterostichini","Pterostichus","Hypherpes","restrictus",,"Pterostichus restrictus","Casey","species",,"F",,"Casey, T.L. 1918. Memoirs on the Coleoptera. VIII. The New Era Printing Company, Lancaster, PA. 427 pp.","Kipling Will","Essig Museum of Entomology",,"No known compromise","N",,
"fa815085-faa3-4129-bc4d-7f9a6c7fc926","NIWO_008.basePlot.bet","D13","NIWO","NIWO_008","2015-08-25","2015-09-08","2017-01-15","NEON.BET.D13.000356","AMAALP","Animalia","Arthropoda","Insecta","Coleoptera","Carabidae","Harpalinae","Zabrini","Amara","Curtonotus","alpina",,"Amara alpina","Paykull","species",,"F",,"Lindroth, C. H. 1969. The ground-beetles (Carabidae, excl. Cicindelinae) of Canada and Alaska, parts 1-6. Opuscula E. Entomoligiska Sallskapet.","Kipling Will","Essig Museum of Entomology",,"No known compromise","N",,
"ca16a7a6-4932-4a6f-9191-6036aad52dd2","NIWO_005.basePlot.bet","D13","NIWO","NIWO_005","2015-08-25","2015-09-08","2017-01-15","NEON.BET.D13.000370","AMALIN","Animalia","Arthropoda","Insecta","Coleoptera","Carabidae","Harpalinae","Zabrini","Amara","Bradytus","lindrothi",,"Amara lindrothi","Hieke","species",,"M",,"Hieke, F. 1990. New and Little Known Species of Amara from America and Asia (Coleoptera, Carabidae). Mitteilungen aus dem Zoologischen Museum in Berlin. 66:195-292.","Kipling Will","Essig Museum of Entomology",,"No known compromise","N",,
"7e493d62-2623-4c71-b564-3f37481e6028","NIWO_004.basePlot.bet","D13","NIWO","NIWO_004","2015-08-25","2015-09-08","2017-01-15","NEON.BET.D13.000347","CHLTOM","Animalia","Arthropoda","Insecta","Coleoptera","Carabidae","Harpalinae","Chlaeniini","Chlaenius","Eurydactylus","tomentosus",,"Chlaenius tomentosus","Say","species",,"F",,"Bell, R. T. 1960. A Revision of the Genus Chlaenius Bonelli (Coleoptera, Carabidae) in North America. Miscellaneous Publications of the Entomological Society of America 1:98-166.","Kipling Will","Essig Museum of Entomology",,"No known compromise","N",,
"7d8ae83f-117b-47cb-b107-c8e793719308","NIWO_006.basePlot.bet","D13","NIWO","NIWO_006","2015-08-25","2015-09-08","2017-01-15","NEON.BET.D13.000359","AMAALP","Animalia","Arthropoda","Insecta","Coleoptera","Carabidae","Harpalinae","Zabrini","Amara","Curtonotus","alpina",,"Amara alpina","Paykull","species",,"F",,"Lindroth, C. H. 1969. The ground-beetles (Carabidae, excl. Cicindelinae) of Canada and Alaska, parts 1-6. Opuscula E. Entomoligiska Sallskapet.","Kipling Will","Essig Museum of Entomology",,"No known compromise","N",,
"21cff37a-c74a-4c41-9462-77c9e07c181f","NIWO_006.basePlot.bet","D13","NIWO","NIWO_006","2015-08-25","2015-09-08","2017-01-15","NEON.BET.D13.000358","AMAALP","Animalia","Arthropoda","Insecta","Coleoptera","Carabidae","Harpalinae","Zabrini","Amara","Curtonotus","alpina",,"Amara alpina","Paykull","species",,"F",,"Lindroth, C. H. 1969. The ground-beetles (Carabidae, excl. Cicindelinae) of Canada and Alaska, parts 1-6. Opuscula E. Entomoligiska Sallskapet.","Kipling Will","Essig Museum of Entomology",,"No known compromise","N",,
"4449a071-18a3-4dda-8dc6-75b5c825eaef","NIWO_001.basePlot.bet","D13","NIWO","NIWO_001","2015-08-25","2015-09-08","2017-01-15","NEON.BET.D13.000333","PTERES","Animalia","Arthropoda","Insecta","Coleoptera","Carabidae","Harpalinae","Pterostichini","Pterostichus","Hypherpes","restrictus",,"Pterostichus restrictus","Casey","species",,"F",,"Casey, T.L. 1918. Memoirs on the Coleoptera. VIII. The New Era Printing Company, Lancaster, PA. 427 pp.","Kipling Will","Essig Museum of Entomology",,"No known compromise","N",,
"6b65efb6-7e9e-4628-bb5a-3071d1831eef","NIWO_006.basePlot.bet","D13","NIWO","NIWO_006","2015-08-25","2015-09-08","2017-01-15","NEON.BET.D13.000357","AMAALP","Animalia","Arthropoda","Insecta","Coleoptera","Carabidae","Harpalinae","Zabrini","Amara","Curtonotus","alpina",,"Amara alpina","Paykull","species",,"F",,"Lindroth, C. H. 1969. The ground-beetles (Carabidae, excl. Cicindelinae) of Canada and Alaska, parts 1-6. Opuscula E. Entomoligiska Sallskapet.","Kipling Will","Essig Museum of Entomology",,"No known compromise","N",,
"d73f76b3-8ad7-40ca-b95d-7fa29ca22e7e","NIWO_001.basePlot.bet","D13","NIWO","NIWO_001","2015-08-25","2015-09-08","2017-01-15","NEON.BET.D13.000336","PTERES","Animalia","Arthropoda","Insecta","Coleoptera","Carabidae","Harpalinae","Pterostichini","Pterostichus","Hypherpes","restrictus",,"Pterostichus restrictus","Casey","species",,"M",,"Casey, T.L. 1918. Memoirs on the Coleoptera. VIII. The New Era Printing Company, Lancaster, PA. 427 pp.","Kipling Will","Essig Museum of Entomology",,"No known compromise","N",,
"81379285-4296-43d8-8ca0-d0e50429f1f9","NIWO_001.basePlot.bet","D13","NIWO","NIWO_001","2015-08-25","2015-09-08","2017-01-15","NEON.BET.D13.000334","PTERES","Animalia","Arthropoda","Insecta","Coleoptera","Carabidae","Harpalinae","Pterostichini","Pterostichus","Hypherpes","restrictus",,"Pterostichus restrictus","Casey","species",,"F",,"Casey, T.L. 1918. Memoirs on the Coleoptera. VIII. The New Era Printing Company, Lancaster, PA. 427 pp.","Kipling Will","Essig Museum of Entomology",,"No known compromise","N",,
"8896dc0e-b0f2-4bae-8f92-798720fcbc5f","NIWO_006.basePlot.bet","D13","NIWO","NIWO_006","2015-08-25","2015-09-08","2017-01-15","NEON.BET.D13.000360","AMAALP","Animalia","Arthropoda","Insecta","Coleoptera","Carabidae","Harpalinae","Zabrini","Amara","Curtonotus","alpina",,"Amara alpina","Paykull","species",,"M",,"Lindroth, C. H. 1969. The ground-beetles (Carabidae, excl. Cicindelinae) of Canada and Alaska, parts 1-6. Opuscula E. Entomoligiska Sallskapet.","Kipling Will","Essig Museum of Entomology",,"No known compromise","N",,
