uid,namedLocation,domainID,siteID,plotID,trapID,setDate,collectDate,processingDate,identifiedDate,subsampleID,individualID,taxonID,scientificName,taxonRank,identificationQualifier,scientificNameAuthorship,morphospeciesID,identificationReferences,totalLength,identifiedBy,recordedBy,remarks
"f2273db9-ed0c-4fd4-8f7f-d3f60bda5e8c","BLAN_001.basePlot.bet","D02","BLAN","BLAN_001","E","2015-05-28","2015-06-11","2016-04-19","2015-07-02","snBNH0r8Ie27sIQ3i0ssVjOH8zPBM7PgLIxJvpRQH/k=","NEON.BET.D02.002377","CHLNEM","Chlaenius nemoralis","species",,"Say",,"Ciegler, J. C. 2000. Ground beetles and wrinkled bark beetles of South Carolina (Coleoptera: Geadephaga: Carabidae and Rhysodidae). Biota of South Carolina. Vol. 1. Clemson, S. Clemson University.",,"wYCqaZcA+7tKZqVSOMaNBCcRKvQIOBzP","wYCqaZcA+7tKZqVSOMaNBCcRKvQIOBzP",
"71abdb7d-5037-43cf-ae23-58e6b471dffc","BLAN_009.basePlot.bet","D02","BLAN","BLAN_009","E","2015-05-28","2015-06-11","2016-04-21","2015-07-02","7TKpA4ipJZDyHyTXy7ZdZzD43wQ82mRbcOuER+imuWM=","NEON.BET.D02.002457","AGOTHO1","Agonoleptus thoracicus","species",,"Casey",,"Bousquet, Y., and P. W. Messer. 2010. Redescription of Stenolophus thoracicus Casey (Coleoptera, Carabidae, Harpalini), a valid species. ZooKeys 53:25-31.",,"wYCqaZcA+7tKZqVSOMaNBCcRKvQIOBzP","wYCqaZcA+7tKZqVSOMaNBCcRKvQIOBzP",
"bd9ac165-77e9-4929-b537-4b05bf81513b","BLAN_011.basePlot.bet","D02","BLAN","BLAN_011","E","2015-05-28","2015-06-11","2016-04-18","2015-07-02","N4JQ3RFWht1UiEJPpKgW20RYO+n+UXGvfjCidp0H5u8=","NEON.BET.D02.002110","PTETRI1","Pterostichus trinarius","species",,"Casey",,"Lindroth, C. H. 1969. The ground-beetles (Carabidae, excl. Cicindelinae) of Canada and Alaska, parts 1-6. Opuscula E. Entomoligiska Sallskapet.",,"wYCqaZcA+7tKZqVSOMaNBCcRKvQIOBzP","wYCqaZcA+7tKZqVSOMaNBCcRKvQIOBzP",
"94b5475e-5fbe-49f1-bf38-5041460f2da7","BLAN_011.basePlot.bet","D02","BLAN","BLAN_011","E","2015-05-28","2015-06-11","2016-04-18","2015-07-02","N4JQ3RFWht1UiEJPpKgW20RYO+n+UXGvfjCidp0H5u8=","NEON.BET.D02.002112","PTETRI1","Pterostichus trinarius","species",,"Casey",,"Lindroth, C. H. 1969. The ground-beetles (Carabidae, excl. Cicindelinae) of Canada and Alaska, parts 1-6. Opuscula E. Entomoligiska Sallskapet.",,"wYCqaZcA+7tKZqVSOMaNBCcRKvQIOBzP","wYCqaZcA+7tKZqVSOMaNBCcRKvQIOBzP",
"1258460a-66d7-4b15-a312-bc51ab766080","BLAN_011.basePlot.bet","D02","BLAN","BLAN_011","E","2015-05-28","2015-06-11","2016-04-18","2015-07-02","N4JQ3RFWht1UiEJPpKgW20RYO+n+UXGvfjCidp0H5u8=","NEON.BET.D02.002108","PTETRI1","Pterostichus trinarius","species",,"Casey",,"Lindroth, C. H. 1969. The ground-beetles (Carabidae, excl. Cicindelinae) of Canada and Alaska, parts 1-6. Opuscula E. Entomoligiska Sallskapet.",,"wYCqaZcA+7tKZqVSOMaNBCcRKvQIOBzP","wYCqaZcA+7tKZqVSOMaNBCcRKvQIOBzP",
"4677a3b6-aca9-4a86-9b59-19be7256008e","BLAN_005.basePlot.bet","D02","BLAN","BLAN_005","E","2015-05-28","2015-06-11","2016-04-18","2015-07-02","z8g4o9caFRNBjyTGQyR3EVn+FMnyjeKUFJdouKNEDX4=","NEON.BET.D02.002043","POELUC","Poecilus lucublandus","species",,"Say",,"Ciegler, J. C. 2000. Ground beetles and wrinkled bark beetles of South Carolina (Coleoptera: Geadephaga: Carabidae and Rhysodidae). Biota of South Carolina. Vol. 1. Clemson, S. Clemson University.",,"wYCqaZcA+7tKZqVSOMaNBCcRKvQIOBzP","wYCqaZcA+7tKZqVSOMaNBCcRKvQIOBzP",
"dbd897b3-6b1f-4cfe-b568-ef7fd1e77c88","BLAN_011.basePlot.bet","D02","BLAN","BLAN_011","E","2015-05-28","2015-06-11","2016-04-18","2015-07-02","N4JQ3RFWht1UiEJPpKgW20RYO+n+UXGvfjCidp0H5u8=","NEON.BET.D02.002109","PTETRI1","Pterostichus trinarius","species",,"Casey",,"Lindroth, C. H. 1969. The ground-beetles (Carabidae, excl. Cicindelinae) of Canada and Alaska, parts 1-6. Opuscula E. Entomoligiska Sallskapet.",,"wYCqaZcA+7tKZqVSOMaNBCcRKvQIOBzP","wYCqaZcA+7tKZqVSOMaNBCcRKvQIOBzP",
"57752897-1e29-4125-8cad-c6da931ed78b","BLAN_011.basePlot.bet","D02","BLAN","BLAN_011","E","2015-05-28","2015-06-11","2016-04-11","2014-07-02","N4JQ3RFWht1UiEJPpKgW21y1NXsZwt7w2rimI2rrbOw=","NEON.BET.D02.001978","NOTAEN","Notiophilus aeneus","species",,"Herbst",,"Bousquet, Y. 2010b. Illustrated Identification Guide to Adults and Larvae of Northeastern North American Ground Beetles (Coleoptera: Carabidae). 1st Ed. Pensoft Publishers, Sofia, Bulgaria.",,"wYCqaZcA+7tKZqVSOMaNBCcRKvQIOBzP","ena7GLJui5s1h8moQAQPw3Qj2+mVdivS",
"dc550020-df1d-4c52-85ca-e9b914ad2254","BLAN_011.basePlot.bet","D02","BLAN","BLAN_011","E","2015-05-28","2015-06-11","2016-04-21","2015-07-02","N4JQ3RFWht1UiEJPpKgW28G+RqBFeQw2TI8z2Y8kJ+c=","NEON.BET.D02.002527","AGOFER1","Agonum ferreum","species",,"Haldeman",,"Ciegler, J. C. 2000. Ground beetles and wrinkled bark beetles of South Carolina (Coleoptera: Geadephaga: Carabidae and Rhysodidae). Biota of South Carolina. Vol. 1. Clemson, S. Clemson University.",,"wYCqaZcA+7tKZqVSOMaNBCcRKvQIOBzP","wYCqaZcA+7tKZqVSOMaNBCcRKvQIOBzP",
"297c2fb5-2174-4de2-9c04-980ae5f65884","BLAN_001.basePlot.bet","D02","BLAN","BLAN_001","E","2015-05-28","2015-06-11","2016-04-19","2015-07-02","snBNH0r8Ie27sIQ3i0ssVspcpAya6JmkDOfZv1SvYRA=","NEON.BET.D02.002239","CYCFUR","Cyclotrachelus furtivus","species",,"LeConte",,"Freitag, R. 1969. A revision of the species of the genus Evarthrus LeConte. Quaestiones Entomologicae 5:89-212.",,"wYCqaZcA+7tKZqVSOMaNBCcRKvQIOBzP","wYCqaZcA+7tKZqVSOMaNBCcRKvQIOBzP",
"67a4506a-e7ef-4390-a3a0-474546583c37","BLAN_011.basePlot.bet","D02","BLAN","BLAN_011","E","2015-05-28","2015-06-11","2016-04-18","2015-07-02","N4JQ3RFWht1UiEJPpKgW20RYO+n+UXGvfjCidp0H5u8=","NEON.BET.D02.002111","PTETRI1","Pterostichus trinarius","species",,"Casey",,"Lindroth, C. H. 1969. The ground-beetles (Carabidae, excl. Cicindelinae) of Canada and Alaska, parts 1-6. Opuscula E. Entomoligiska Sallskapet.",,"wYCqaZcA+7tKZqVSOMaNBCcRKvQIOBzP","wYCqaZcA+7tKZqVSOMaNBCcRKvQIOBzP",
"a105c669-464b-4c45-bc8b-45523af97997","BLAN_001.basePlot.bet","D02","BLAN","BLAN_001","N","2015-05-28","2015-06-11","2016-04-21","2015-07-02","snBNH0r8Ie2dc6Bc7EcuBw+t4uUBHlg46jmiTGlE128=","NEON.BET.D02.002510","CALGRE","Calathus gregarius","species",,"Say",,"Ciegler, J. C. 2000. Ground beetles and wrinkled bark beetles of South Carolina (Coleoptera: Geadephaga: Carabidae and Rhysodidae). Biota of South Carolina. Vol. 1. Clemson, S. Clemson University.",,"wYCqaZcA+7tKZqVSOMaNBCcRKvQIOBzP","wYCqaZcA+7tKZqVSOMaNBCcRKvQIOBzP",
"78c8fd63-b4c9-4c83-a3f7-52a8b22ba155","BLAN_009.basePlot.bet","D02","BLAN","BLAN_009","N","2015-05-28","2015-06-11","2016-04-19","2015-07-02","7TKpA4ipJZDLqKPO2y3Gpnd+Q0paHV1hJlJeBv5K0ac=","NEON.BET.D02.002378","DICDIL1","Dicaelus dilatatus dilatatus","subspecies",,"Say",,"Ciegler, J. C. 2000. Ground beetles and wrinkled bark beetles of South Carolina (Coleoptera: Geadephaga: Carabidae and Rhysodidae). Biota of South Carolina. Vol. 1. Clemson, S. Clemson University.",,"wYCqaZcA+7tKZqVSOMaNBCcRKvQIOBzP","wYCqaZcA+7tKZqVSOMaNBCcRKvQIOBzP",
"27078c87-3963-432a-b0c6-466ac9a498c8","BLAN_001.basePlot.bet","D02","BLAN","BLAN_001","N","2015-05-28","2015-06-11","2016-04-21","2015-10-26","snBNH0r8Ie2dc6Bc7EcuB0kPKBmnjCszIfnIm9nNKqQ=","NEON.BET.D02.002410","ANIAGR","Anisodactylus agricola","species",,"Say",,"Lindroth, C. H. 1969. The ground-beetles (Carabidae, excl. Cicindelinae) of Canada and Alaska, parts 1-6. Opuscula E. Entomoligiska Sallskapet.",,"wYCqaZcA+7tKZqVSOMaNBCcRKvQIOBzP","wYCqaZcA+7tKZqVSOMaNBCcRKvQIOBzP",
"b03fdcd0-a1e2-4cec-a7a0-041b09733293","BLAN_001.basePlot.bet","D02","BLAN","BLAN_001","N","2015-05-28","2015-06-11","2016-04-19","2015-07-02","snBNH0r8Ie2dc6Bc7EcuB7LWIhuZthQvQz5EQbmAlWY=","NEON.BET.D02.002241","CYCFUR","Cyclotrachelus furtivus","species",,"LeConte",,"Freitag, R. 1969. A revision of the species of the genus Evarthrus LeConte. Quaestiones Entomologicae 5:89-212.",,"wYCqaZcA+7tKZqVSOMaNBCcRKvQIOBzP","wYCqaZcA+7tKZqVSOMaNBCcRKvQIOBzP",
"68cac2da-f1bf-46b3-8edb-1a3a904161f0","BLAN_001.basePlot.bet","D02","BLAN","BLAN_001","N","2015-05-28","2015-06-11","2016-04-18","2015-07-02","snBNH0r8Ie2dc6Bc7EcuBwHOjU4cS2SSq2r2Tvh7y94=","NEON.BET.D02.002103","PTETRI1","Pterostichus trinarius","species",,"Casey",,"Lindroth, C. H. 1969. The ground-beetles (Carabidae, excl. Cicindelinae) of Canada and Alaska, parts 1-6. Opuscula E. Entomoligiska Sallskapet.",,"wYCqaZcA+7tKZqVSOMaNBCcRKvQIOBzP","wYCqaZcA+7tKZqVSOMaNBCcRKvQIOBzP",
"606c6ffe-e212-426c-bda4-59c568bb85b1","BLAN_009.basePlot.bet","D02","BLAN","BLAN_009","N","2015-05-28","2015-06-11","2016-04-18","2015-07-02","7TKpA4ipJZDLqKPO2y3GpsDs8V8xatkuARXDs5wSQQI=","NEON.BET.D02.002104","PTETRI1","Pterostichus trinarius","species",,"Casey",,"Lindroth, C. H. 1969. The ground-beetles (Carabidae, excl. Cicindelinae) of Canada and Alaska, parts 1-6. Opuscula E. Entomoligiska Sallskapet.",,"wYCqaZcA+7tKZqVSOMaNBCcRKvQIOBzP","wYCqaZcA+7tKZqVSOMaNBCcRKvQIOBzP",
"d46a061c-6a03-48a7-841f-e0cb4fb69970","BLAN_009.basePlot.bet","D02","BLAN","BLAN_009","N","2015-05-28","2015-06-11","2016-04-18","2015-07-02","7TKpA4ipJZDLqKPO2y3GpsDs8V8xatkuARXDs5wSQQI=","NEON.BET.D02.002105","PTETRI1","Pterostichus trinarius","species",,"Casey",,"Lindroth, C. H. 1969. The ground-beetles (Carabidae, excl. Cicindelinae) of Canada and Alaska, parts 1-6. Opuscula E. Entomoligiska Sallskapet.",,"wYCqaZcA+7tKZqVSOMaNBCcRKvQIOBzP","wYCqaZcA+7tKZqVSOMaNBCcRKvQIOBzP",
"9da2853c-d863-496a-a063-2578d042eb8e","BLAN_005.basePlot.bet","D02","BLAN","BLAN_005","N","2015-05-28","2015-06-11","2016-04-18","2015-07-02","z8g4o9caFRMjyse/PCVBHKgrvfTT0MwuRSJSwC4iv08=","NEON.BET.D02.002047","POELUC","Poecilus lucublandus","species",,"Say",,"Ciegler, J. C. 2000. Ground beetles and wrinkled bark beetles of South Carolina (Coleoptera: Geadephaga: Carabidae and Rhysodidae). Biota of South Carolina. Vol. 1. Clemson, S. Clemson University.",,"wYCqaZcA+7tKZqVSOMaNBCcRKvQIOBzP","wYCqaZcA+7tKZqVSOMaNBCcRKvQIOBzP",
"0ce2da21-57b7-4fec-8e72-d4b3b6850b30","BLAN_011.basePlot.bet","D02","BLAN","BLAN_011","N","2015-05-28","2015-06-11","2016-04-18","2015-07-02","N4JQ3RFWht3sbbIawXLCq1oJMAO51Q2HZbb2d3oE+KM=","NEON.BET.D02.002048","POELUC","Poecilus lucublandus","species",,"Say",,"Ciegler, J. C. 2000. Ground beetles and wrinkled bark beetles of South Carolina (Coleoptera: Geadephaga: Carabidae and Rhysodidae). Biota of South Carolina. Vol. 1. Clemson, S. Clemson University.",,"wYCqaZcA+7tKZqVSOMaNBCcRKvQIOBzP","wYCqaZcA+7tKZqVSOMaNBCcRKvQIOBzP",
"1e82e4c1-59d5-4f6a-b4b7-fa98ef1bda84","BLAN_005.basePlot.bet","D02","BLAN","BLAN_005","N","2015-05-28","2015-06-11","2016-04-19","2015-07-02","z8g4o9caFRMjyse/PCVBHBwk7IMQgxPQh1rI1dlsUSg=","NEON.BET.D02.002182","PTESTY","Pterostichus stygicus","species",,"Say",,"Bousquet, Y. 2010b. Illustrated Identification Guide to Adults and Larvae of Northeastern North American Ground Beetles (Coleoptera: Carabidae). 1st Ed. Pensoft Publishers, Sofia, Bulgaria.",,"wYCqaZcA+7tKZqVSOMaNBCcRKvQIOBzP","wYCqaZcA+7tKZqVSOMaNBCcRKvQIOBzP",
"2f098380-3cb1-4fbc-a41c-3f08e40387a8","BLAN_001.basePlot.bet","D02","BLAN","BLAN_001","N","2015-05-28","2015-06-11","2016-04-19","2015-07-02","snBNH0r8Ie2dc6Bc7EcuBxUMzkqAfSpBHDWbzoEybkg=","NEON.BET.D02.002181","PTESTY","Pterostichus stygicus","species",,"Say",,"Bousquet, Y. 2010b. Illustrated Identification Guide to Adults and Larvae of Northeastern North American Ground Beetles (Coleoptera: Carabidae). 1st Ed. Pensoft Publishers, Sofia, Bulgaria.",,"wYCqaZcA+7tKZqVSOMaNBCcRKvQIOBzP","wYCqaZcA+7tKZqVSOMaNBCcRKvQIOBzP",
"f4c862d4-5e75-4bce-b202-1aaceae11877","BLAN_012.basePlot.bet","D02","BLAN","BLAN_012","S","2015-05-28","2015-06-11","2016-04-21","2015-07-02","J0lvmfNn/fcMLVBNGhCcXC3hTfud83SFo3f0vvtgJ4Q=","NEON.BET.D02.002511","CALGRE","Calathus gregarius","species",,"Say",,"Bousquet, Y. 2010b. Illustrated Identification Guide to Adults and Larvae of Northeastern North American Ground Beetles (Coleoptera: Carabidae). 1st Ed. Pensoft Publishers, Sofia, Bulgaria.",,"wYCqaZcA+7tKZqVSOMaNBCcRKvQIOBzP","wYCqaZcA+7tKZqVSOMaNBCcRKvQIOBzP",
"c1ee8ca9-3e54-48f5-82fd-0f1ab81b4eac","BLAN_003.basePlot.bet","D02","BLAN","BLAN_003","S","2015-05-28","2015-06-11","2016-04-19","2015-06-18","qWnRnvyEnOw8ZG3glPjrxlE529ezhr0kdmnrhFF29Yk=","NEON.BET.D02.002357","CHLAES","Chlaenius aestivus","species",,"Say",,"Ciegler, J. C. 2000. Ground beetles and wrinkled bark beetles of South Carolina (Coleoptera: Geadephaga: Carabidae and Rhysodidae). Biota of South Carolina. Vol. 1. Clemson, S. Clemson University.",,"fhqXNoOkfxgxeumX3nh8hiKzTnt5lZ8Br3PaGAyV7lk=","wYCqaZcA+7tKZqVSOMaNBCcRKvQIOBzP",
"3dfd14f1-b1b4-4b4b-a9c2-13310ef6f849","BLAN_007.basePlot.bet","D02","BLAN","BLAN_007","S","2015-05-28","2015-06-11","2016-04-19","2015-07-02","bSFRDFDJGfxVcvZJvv+ISrZWD6eg2G6p4DC/EgokRiA=","NEON.BET.D02.002396","DICAMB","Dicaelus ambiguus","species",,"LaFerte-Senectere",,"Ciegler, J. C. 2000. Ground beetles and wrinkled bark beetles of South Carolina (Coleoptera: Geadephaga: Carabidae and Rhysodidae). Biota of South Carolina. Vol. 1. Clemson, S. Clemson University.",,"wYCqaZcA+7tKZqVSOMaNBCcRKvQIOBzP","wYCqaZcA+7tKZqVSOMaNBCcRKvQIOBzP",
"af349c1c-0e03-497f-a15a-3e5a25044c4e","BLAN_011.basePlot.bet","D02","BLAN","BLAN_011","S","2015-05-28","2015-06-11","2016-04-19","2015-06-19","N4JQ3RFWht13HHHMMMID0awDpdTQpt0CRNkrIX2qVUg=","NEON.BET.D02.002358","CHLAES","Chlaenius aestivus","species",,"Say",,"Ciegler, J. C. 2000. Ground beetles and wrinkled bark beetles of South Carolina (Coleoptera: Geadephaga: Carabidae and Rhysodidae). Biota of South Carolina. Vol. 1. Clemson, S. Clemson University.",,"fhqXNoOkfxgxeumX3nh8hiKzTnt5lZ8Br3PaGAyV7lk=","wYCqaZcA+7tKZqVSOMaNBCcRKvQIOBzP",
"6ffc5252-ca15-449b-b199-f693a65c5bc8","BLAN_004.basePlot.bet","D02","BLAN","BLAN_004","S","2015-05-28","2015-06-11","2016-04-21","2015-10-01","zD/pbYGBt/CNI35fc9ji9OISG/rq4RIZO8Wphc3LsKo=","NEON.BET.D02.002460","HARSOM","Harpalus somnulentus","species",,"Dejean",,"Bousquet, Y. 2010b. Illustrated Identification Guide to Adults and Larvae of Northeastern North American Ground Beetles (Coleoptera: Carabidae). 1st Ed. Pensoft Publishers, Sofia, Bulgaria.",,"wYCqaZcA+7tKZqVSOMaNBCcRKvQIOBzP","wYCqaZcA+7tKZqVSOMaNBCcRKvQIOBzP",
"c77f2d54-acf4-4f38-9ca8-c33034c8c6c3","BLAN_005.basePlot.bet","D02","BLAN","BLAN_005","S","2015-05-28","2015-06-11","2016-04-11","2015-09-08","z8g4o9caFROyny+EfIixsO7Et9Ro7Fhj2fyqK2IRHjk=","NEON.BET.D02.002035","TACPOT","Tachys potomaca","species",,"Erwin",,"Erwin, T.L. 1981 Natural History of Plummers Island, Maryland. XXVI. The Ground Beetles of a Temperate Forest Site: An Analysis of Fauna in Relation to Size, Habitat Selection, Vagility, Seasonality, and Extinction. Bull Biol Soc Washington, 5, 105-224.",,"wYCqaZcA+7tKZqVSOMaNBCcRKvQIOBzP","ena7GLJui5s1h8moQAQPw3Qj2+mVdivS",
"c785242a-8fd8-4482-85e9-f17a1eb39600","BLAN_012.basePlot.bet","D02","BLAN","BLAN_012","S","2015-05-28","2015-06-11","2016-04-19","2015-07-02","J0lvmfNn/fcMLVBNGhCcXNXIfVAqPcbsHSme/tAVAtU=","NEON.BET.D02.002243","CYCFUR","Cyclotrachelus furtivus","species",,"LeConte",,"Freitag, R. 1969. A revision of the species of the genus Evarthrus LeConte. Quaestiones Entomologicae 5:89-212.",,"wYCqaZcA+7tKZqVSOMaNBCcRKvQIOBzP","wYCqaZcA+7tKZqVSOMaNBCcRKvQIOBzP",
"77956c6e-1556-4cd6-b181-7e8916aa5970","BLAN_011.basePlot.bet","D02","BLAN","BLAN_011","S","2015-05-28","2015-06-11","2016-04-21","2015-07-02","N4JQ3RFWht13HHHMMMID0Vi/QPSsjVJ1SHf5eS/7bCw=","NEON.BET.D02.002532","GALBIC","Galerita bicolor","species",,"Drury",,"Ciegler, J. C. 2000. Ground beetles and wrinkled bark beetles of South Carolina (Coleoptera: Geadephaga: Carabidae and Rhysodidae). Biota of South Carolina. Vol. 1. Clemson, S. Clemson University.",,"wYCqaZcA+7tKZqVSOMaNBCcRKvQIOBzP","wYCqaZcA+7tKZqVSOMaNBCcRKvQIOBzP",
"5e2d1701-254d-47ec-8770-69ad9c404bad","BLAN_004.basePlot.bet","D02","BLAN","BLAN_004","S","2015-05-28","2015-06-11","2016-04-18","2015-07-02","zD/pbYGBt/CNI35fc9ji9PEFZ1TgCNYkDuojGl3BHPg=","NEON.BET.D02.002041","POELUC","Poecilus lucublandus","species",,"Say",,"Ciegler, J. C. 2000. Ground beetles and wrinkled bark beetles of South Carolina (Coleoptera: Geadephaga: Carabidae and Rhysodidae). Biota of South Carolina. Vol. 1. Clemson, S. Clemson University.",,"wYCqaZcA+7tKZqVSOMaNBCcRKvQIOBzP","wYCqaZcA+7tKZqVSOMaNBCcRKvQIOBzP",
"9ff1017e-38a4-4649-86b9-307e53bf1e7e","BLAN_001.basePlot.bet","D02","BLAN","BLAN_001","S","2015-05-28","2015-06-11","2016-04-19","2015-07-02","snBNH0r8Ie3oU3fy7Hbdkf7mCkGbvrQiGA6sp+KKBwE=","NEON.BET.D02.002236","CYCFUR","Cyclotrachelus furtivus","species",,"LeConte",,"Freitag, R. 1969. A revision of the species of the genus Evarthrus LeConte. Quaestiones Entomologicae 5:89-212.",,"wYCqaZcA+7tKZqVSOMaNBCcRKvQIOBzP","wYCqaZcA+7tKZqVSOMaNBCcRKvQIOBzP",
"cfebb507-d757-43e8-afe6-05ab74b8ed5c","BLAN_001.basePlot.bet","D02","BLAN","BLAN_001","S","2015-05-28","2015-06-11","2016-04-19","2015-07-02","snBNH0r8Ie3oU3fy7Hbdkf7mCkGbvrQiGA6sp+KKBwE=","NEON.BET.D02.002238","CYCFUR","Cyclotrachelus furtivus","species",,"LeConte",,"Freitag, R. 1969. A revision of the species of the genus Evarthrus LeConte. Quaestiones Entomologicae 5:89-212.",,"wYCqaZcA+7tKZqVSOMaNBCcRKvQIOBzP","wYCqaZcA+7tKZqVSOMaNBCcRKvQIOBzP",
"740faaa3-dc4b-4a54-a711-c933fec5ac30","BLAN_005.basePlot.bet","D02","BLAN","BLAN_005","S","2015-05-28","2015-06-11","2016-04-18","2015-07-02","z8g4o9caFROyny+EfIixsMuLL4hv+fbn87uD2aSj1PU=","NEON.BET.D02.002046","POELUC","Poecilus lucublandus","species",,"Say",,"Ciegler, J. C. 2000. Ground beetles and wrinkled bark beetles of South Carolina (Coleoptera: Geadephaga: Carabidae and Rhysodidae). Biota of South Carolina. Vol. 1. Clemson, S. Clemson University.",,"wYCqaZcA+7tKZqVSOMaNBCcRKvQIOBzP","wYCqaZcA+7tKZqVSOMaNBCcRKvQIOBzP",
"bdae0f72-8fa3-4f52-832d-2463d5ff52e0","BLAN_005.basePlot.bet","D02","BLAN","BLAN_005","S","2015-05-28","2015-06-11","2016-04-18","2015-07-02","z8g4o9caFROyny+EfIixsMuLL4hv+fbn87uD2aSj1PU=","NEON.BET.D02.002045","POELUC","Poecilus lucublandus","species",,"Say",,"Ciegler, J. C. 2000. Ground beetles and wrinkled bark beetles of South Carolina (Coleoptera: Geadephaga: Carabidae and Rhysodidae). Biota of South Carolina. Vol. 1. Clemson, S. Clemson University.",,"wYCqaZcA+7tKZqVSOMaNBCcRKvQIOBzP","wYCqaZcA+7tKZqVSOMaNBCcRKvQIOBzP",
"fa5fe527-cd62-4c9a-91c4-cb639fc102a2","BLAN_005.basePlot.bet","D02","BLAN","BLAN_005","S","2015-05-28","2015-06-11","2016-04-19","2015-07-02","z8g4o9caFROyny+EfIixsBRfL/AzwdBXZa8mJoGHXpc=","NEON.BET.D02.002183","PTESTY","Pterostichus stygicus","species",,"Say",,"Bousquet, Y. 2010b. Illustrated Identification Guide to Adults and Larvae of Northeastern North American Ground Beetles (Coleoptera: Carabidae). 1st Ed. Pensoft Publishers, Sofia, Bulgaria.",,"wYCqaZcA+7tKZqVSOMaNBCcRKvQIOBzP","wYCqaZcA+7tKZqVSOMaNBCcRKvQIOBzP",
"c0efde58-c26a-4375-8380-83c75375429a","BLAN_009.basePlot.bet","D02","BLAN","BLAN_009","S","2015-05-28","2015-06-11","2016-04-18","2015-07-02","7TKpA4ipJZD/eLeUcyr09flr3xMbCl9eHT3WNbIQPM4=","NEON.BET.D02.002107","PTETRI1","Pterostichus trinarius","species",,"Casey",,"Lindroth, C. H. 1969. The ground-beetles (Carabidae, excl. Cicindelinae) of Canada and Alaska, parts 1-6. Opuscula E. Entomoligiska Sallskapet.",,"wYCqaZcA+7tKZqVSOMaNBCcRKvQIOBzP","wYCqaZcA+7tKZqVSOMaNBCcRKvQIOBzP",
"31f207af-5001-4f8a-b726-ee2455150276","BLAN_012.basePlot.bet","D02","BLAN","BLAN_012","S","2015-05-28","2015-06-11","2016-04-19","2015-07-02","J0lvmfNn/fcMLVBNGhCcXNXIfVAqPcbsHSme/tAVAtU=","NEON.BET.D02.002245","CYCFUR","Cyclotrachelus furtivus","species",,"LeConte",,"Freitag, R. 1969. A revision of the species of the genus Evarthrus LeConte. Quaestiones Entomologicae 5:89-212.",,"wYCqaZcA+7tKZqVSOMaNBCcRKvQIOBzP","wYCqaZcA+7tKZqVSOMaNBCcRKvQIOBzP",
"48849f17-1f1c-4678-87f3-e1add375f911","BLAN_012.basePlot.bet","D02","BLAN","BLAN_012","S","2015-05-28","2015-06-11","2016-04-19","2015-07-02","J0lvmfNn/fcMLVBNGhCcXNXIfVAqPcbsHSme/tAVAtU=","NEON.BET.D02.002244","CYCFUR","Cyclotrachelus furtivus","species",,"LeConte",,"Freitag, R. 1969. A revision of the species of the genus Evarthrus LeConte. Quaestiones Entomologicae 5:89-212.",,"wYCqaZcA+7tKZqVSOMaNBCcRKvQIOBzP","wYCqaZcA+7tKZqVSOMaNBCcRKvQIOBzP",
"b33de55c-4184-42d1-8b33-8c6b5723d979","BLAN_011.basePlot.bet","D02","BLAN","BLAN_011","S","2015-05-28","2015-06-11","2016-04-18","2015-07-02","N4JQ3RFWht13HHHMMMID0YFDlHEof8blvQz77VvqnrI=","NEON.BET.D02.002113","PTETRI1","Pterostichus trinarius","species",,"Casey",,"Lindroth, C. H. 1969. The ground-beetles (Carabidae, excl. Cicindelinae) of Canada and Alaska, parts 1-6. Opuscula E. Entomoligiska Sallskapet.",,"wYCqaZcA+7tKZqVSOMaNBCcRKvQIOBzP","wYCqaZcA+7tKZqVSOMaNBCcRKvQIOBzP",
"f425ece3-bff8-4b1f-a096-477b8aaa084b","BLAN_009.basePlot.bet","D02","BLAN","BLAN_009","S","2015-05-28","2015-06-11","2016-04-18","2015-07-02","7TKpA4ipJZD/eLeUcyr09flr3xMbCl9eHT3WNbIQPM4=","NEON.BET.D02.002106","PTETRI1","Pterostichus trinarius","species",,"Casey",,"Lindroth, C. H. 1969. The ground-beetles (Carabidae, excl. Cicindelinae) of Canada and Alaska, parts 1-6. Opuscula E. Entomoligiska Sallskapet.",,"wYCqaZcA+7tKZqVSOMaNBCcRKvQIOBzP","wYCqaZcA+7tKZqVSOMaNBCcRKvQIOBzP",
"2277cfc6-1333-4550-bf86-071fce0ae314","BLAN_001.basePlot.bet","D02","BLAN","BLAN_001","S","2015-05-28","2015-06-11","2016-04-19","2015-07-02","snBNH0r8Ie3oU3fy7Hbdkf7mCkGbvrQiGA6sp+KKBwE=","NEON.BET.D02.002237","CYCFUR","Cyclotrachelus furtivus","species",,"LeConte",,"Freitag, R. 1969. A revision of the species of the genus Evarthrus LeConte. Quaestiones Entomologicae 5:89-212.",,"wYCqaZcA+7tKZqVSOMaNBCcRKvQIOBzP","wYCqaZcA+7tKZqVSOMaNBCcRKvQIOBzP",
"79be1ea0-e658-4070-b567-4440941a3a9d","BLAN_003.basePlot.bet","D02","BLAN","BLAN_003","S","2015-05-28","2015-06-11","2016-04-11","2015-07-02","qWnRnvyEnOw8ZG3glPjrxourP3KKwy0dy+uv+LL25AE=","NEON.BET.D02.001990","PARBIP","Paraclivina bipustulata","species",,"Fabricius",,"Ciegler, J. C. 2000. Ground beetles and wrinkled bark beetles of South Carolina (Coleoptera: Geadephaga: Carabidae and Rhysodidae). Biota of South Carolina. Vol. 1. Clemson, S. Clemson University.",,"wYCqaZcA+7tKZqVSOMaNBCcRKvQIOBzP","ena7GLJui5s1h8moQAQPw3Qj2+mVdivS",
"3de22453-a098-4e63-af78-538914714e54","BLAN_005.basePlot.bet","D02","BLAN","BLAN_005","S","2015-05-28","2015-06-11","2016-04-18","2015-07-02","z8g4o9caFROyny+EfIixsMuLL4hv+fbn87uD2aSj1PU=","NEON.BET.D02.002044","POELUC","Poecilus lucublandus","species",,"Say",,"Ciegler, J. C. 2000. Ground beetles and wrinkled bark beetles of South Carolina (Coleoptera: Geadephaga: Carabidae and Rhysodidae). Biota of South Carolina. Vol. 1. Clemson, S. Clemson University.",,"wYCqaZcA+7tKZqVSOMaNBCcRKvQIOBzP","wYCqaZcA+7tKZqVSOMaNBCcRKvQIOBzP",
"ab5e8ed0-b587-43f6-8b79-1f399956b4c5","BLAN_005.basePlot.bet","D02","BLAN","BLAN_005","S","2015-05-28","2015-06-11","2016-04-19","2015-07-02","z8g4o9caFROyny+EfIixsFKmA8TAf2v0L8rUdwQklt8=","NEON.BET.D02.002242","CYCFUR","Cyclotrachelus furtivus","species",,"LeConte",,"Freitag, R. 1969. A revision of the species of the genus Evarthrus LeConte. Quaestiones Entomologicae 5:89-212.",,"wYCqaZcA+7tKZqVSOMaNBCcRKvQIOBzP","wYCqaZcA+7tKZqVSOMaNBCcRKvQIOBzP",
"12e77f0c-7b9b-4769-b9a6-1a956cf04181","BLAN_003.basePlot.bet","D02","BLAN","BLAN_003","W","2015-05-28","2015-06-11","2016-04-21","2015-07-02","qWnRnvyEnOzTkoE7zeEk+DtGGOPLEI3fnSCn4fmCveI=","NEON.BET.D02.002459","AGOROT1","Agonoleptus rotundatus","species",,"LeConte",,"Bousquet, Y., and P. W. Messer. 2010. Redescription of Stenolophus thoracicus Casey (Coleoptera, Carabidae, Harpalini), a valid species. ZooKeys 53:25-31.",,"wYCqaZcA+7tKZqVSOMaNBCcRKvQIOBzP","wYCqaZcA+7tKZqVSOMaNBCcRKvQIOBzP",
"2393078a-984e-4fd8-91c7-17d44b19a4b6","BLAN_011.basePlot.bet","D02","BLAN","BLAN_011","W","2015-05-28","2015-06-11","2016-04-19","2015-07-02","N4JQ3RFWht2mzs2iSx2VGgFHiQsViZF71genRj93BdE=","NEON.BET.D02.002397","DICAMB","Dicaelus ambiguus","species",,"LaFerte-Senectere",,"Ciegler, J. C. 2000. Ground beetles and wrinkled bark beetles of South Carolina (Coleoptera: Geadephaga: Carabidae and Rhysodidae). Biota of South Carolina. Vol. 1. Clemson, S. Clemson University.",,"wYCqaZcA+7tKZqVSOMaNBCcRKvQIOBzP","wYCqaZcA+7tKZqVSOMaNBCcRKvQIOBzP",
"3e85ab94-c81d-423e-ad92-0197310bee55","BLAN_009.basePlot.bet","D02","BLAN","BLAN_009","W","2015-05-28","2015-06-11","2016-04-21","2015-10-26","7TKpA4ipJZC3iyN1MAGJU1PR8gccAoNKNU/BWzL+Bsc=","NEON.BET.D02.002411","ANIAGR","Anisodactylus agricola","species",,"Say",,"Lindroth, C. H. 1969. The ground-beetles (Carabidae, excl. Cicindelinae) of Canada and Alaska, parts 1-6. Opuscula E. Entomoligiska Sallskapet.",,"wYCqaZcA+7tKZqVSOMaNBCcRKvQIOBzP","wYCqaZcA+7tKZqVSOMaNBCcRKvQIOBzP",
"68c392d6-054b-4d71-bd51-0d0d3cc5bbcf","BLAN_005.basePlot.bet","D02","BLAN","BLAN_005","W","2015-05-28","2015-06-11","2016-04-18","2015-07-02","z8g4o9caFRP037RQd/7+6IWVG6HWmpeebOoEW14yVuE=","NEON.BET.D02.002042","POELUC","Poecilus lucublandus","species",,"Say",,"Ciegler, J. C. 2000. Ground beetles and wrinkled bark beetles of South Carolina (Coleoptera: Geadephaga: Carabidae and Rhysodidae). Biota of South Carolina. Vol. 1. Clemson, S. Clemson University.",,"wYCqaZcA+7tKZqVSOMaNBCcRKvQIOBzP","wYCqaZcA+7tKZqVSOMaNBCcRKvQIOBzP",
"cdfc5745-1a66-4564-a972-2780681681ed","BLAN_006.basePlot.bet","D02","BLAN","BLAN_006","W","2015-05-28","2015-06-11","2016-04-11","2015-07-02","YPnoadCppCzyoRVJSIz+2J+24Ss16/D/qdq8iLeW5OI=","NEON.BET.D02.001979","NOTSEM2","Notiophilus semistriatus","species",,"Say",,"Bousquet, Y. 2010b. Illustrated Identification Guide to Adults and Larvae of Northeastern North American Ground Beetles (Coleoptera: Carabidae). 1st Ed. Pensoft Publishers, Sofia, Bulgaria.",,"wYCqaZcA+7tKZqVSOMaNBCcRKvQIOBzP","ena7GLJui5s1h8moQAQPw3Qj2+mVdivS",
"9d64371c-72d1-415b-a63a-9f873c16b137","BLAN_001.basePlot.bet","D02","BLAN","BLAN_001","W","2015-05-28","2015-06-11","2016-04-19","2015-07-02","snBNH0r8Ie2U/GXK/PObvzropjYZnIfJUcVKEbjgVL0=","NEON.BET.D02.002240","CYCFUR","Cyclotrachelus furtivus","species",,"LeConte",,"Freitag, R. 1969. A revision of the species of the genus Evarthrus LeConte. Quaestiones Entomologicae 5:89-212.",,"wYCqaZcA+7tKZqVSOMaNBCcRKvQIOBzP","wYCqaZcA+7tKZqVSOMaNBCcRKvQIOBzP",
"6e56b14d-1fc5-4e02-86cc-c1e7b8c259d3","BLAN_005.basePlot.bet","D02","BLAN","BLAN_005","W","2015-05-28","2015-06-11","2016-04-19","2015-07-02","z8g4o9caFRP037RQd/7+6HLJZOyieYDL2rBBIVQvOwU=","NEON.BET.D02.002184","PTESTY","Pterostichus stygicus","species",,"Say",,"Bousquet, Y. 2010b. Illustrated Identification Guide to Adults and Larvae of Northeastern North American Ground Beetles (Coleoptera: Carabidae). 1st Ed. Pensoft Publishers, Sofia, Bulgaria.",,"wYCqaZcA+7tKZqVSOMaNBCcRKvQIOBzP","wYCqaZcA+7tKZqVSOMaNBCcRKvQIOBzP",
"11952bd7-40cd-4c14-8fbf-80385146bc80","BLAN_009.basePlot.bet","D02","BLAN","BLAN_009","W","2015-06-11","2015-06-25","2016-04-21","2015-10-01","7TKpA4ipJZC3iyN1MAGJU0BbKfXevppltoWAWsBTYAg=","NEON.BET.D02.002412","ANIAGR","Anisodactylus agricola","species",,"Say",,"Lindroth, C. H. 1969. The ground-beetles (Carabidae, excl. Cicindelinae) of Canada and Alaska, parts 1-6. Opuscula E. Entomoligiska Sallskapet.",,"wYCqaZcA+7tKZqVSOMaNBCcRKvQIOBzP","wYCqaZcA+7tKZqVSOMaNBCcRKvQIOBzP",
"316f3050-9301-4712-8032-bd4939875227","BLAN_009.basePlot.bet","D02","BLAN","BLAN_009","W","2015-06-11","2015-06-25","2016-04-19","2015-08-13","7TKpA4ipJZC3iyN1MAGJU5G3+BYV5rnrAEcr30W4CZc=","NEON.BET.D02.002260","CYCFUR","Cyclotrachelus furtivus","species",,"LeConte",,"Freitag, R. 1969. A revision of the species of the genus Evarthrus LeConte. Quaestiones Entomologicae 5:89-212.",,"wYCqaZcA+7tKZqVSOMaNBCcRKvQIOBzP","wYCqaZcA+7tKZqVSOMaNBCcRKvQIOBzP",
"953cb2ad-4eea-42c7-b40c-d939d77710e1","BLAN_012.basePlot.bet","D02","BLAN","BLAN_012","W","2015-06-11","2015-06-25","2016-04-19","2015-08-13","J0lvmfNn/feaRxuGVUQ1ELb1KZNNo4W37ZKnxWJfp1Q=","NEON.BET.D02.002270","CYCFUR","Cyclotrachelus furtivus","species",,"LeConte",,"Freitag, R. 1969. A revision of the species of the genus Evarthrus LeConte. Quaestiones Entomologicae 5:89-212.",,"wYCqaZcA+7tKZqVSOMaNBCcRKvQIOBzP","wYCqaZcA+7tKZqVSOMaNBCcRKvQIOBzP",
"4234a3cf-7314-44a3-9d2b-e6021d32aa10","BLAN_006.basePlot.bet","D02","BLAN","BLAN_006","W","2015-06-11","2015-06-25","2016-04-19","2015-08-11","YPnoadCppCzyoRVJSIz+2NDYtCoertTAsaUH9nSk3mQ=","NEON.BET.D02.002342","CHLTOM","Chlaenius tomentosus","species",,"Say",,"Ciegler, J. C. 2000. Ground beetles and wrinkled bark beetles of South Carolina (Coleoptera: Geadephaga: Carabidae and Rhysodidae). Biota of South Carolina. Vol. 1. Clemson, S. Clemson University.",,"wYCqaZcA+7tKZqVSOMaNBCcRKvQIOBzP","wYCqaZcA+7tKZqVSOMaNBCcRKvQIOBzP",
"f28f1528-9e83-4157-bdcd-b0ae4409f84d","BLAN_005.basePlot.bet","D02","BLAN","BLAN_005","W","2015-06-11","2015-06-25","2016-04-19","2015-08-12","z8g4o9caFRP037RQd/7+6EPNh0zSjKeZ9VvSUkjwTH4=","NEON.BET.D02.002217","CYCSIG","Cyclotrachelus sigillatus","species",,"Say",,"Freitag, R. 1969. A revision of the species of the genus Evarthrus LeConte. Quaestiones Entomologicae 5:89-212.",,"wYCqaZcA+7tKZqVSOMaNBCcRKvQIOBzP","wYCqaZcA+7tKZqVSOMaNBCcRKvQIOBzP",
"d2f9b691-8aa7-4950-81bb-403a6c1a700c","BLAN_005.basePlot.bet","D02","BLAN","BLAN_005","W","2015-06-11","2015-06-25","2016-04-18","2015-08-12","z8g4o9caFRP037RQd/7+6CoSveoHwUU8Dch80P/dcmE=","NEON.BET.D02.002052","POELUC","Poecilus lucublandus","species",,"Say",,"Ciegler, J. C. 2000. Ground beetles and wrinkled bark beetles of South Carolina (Coleoptera: Geadephaga: Carabidae and Rhysodidae). Biota of South Carolina. Vol. 1. Clemson, S. Clemson University.",,"wYCqaZcA+7tKZqVSOMaNBCcRKvQIOBzP","wYCqaZcA+7tKZqVSOMaNBCcRKvQIOBzP",
"bac07ec4-13fe-4eae-a2b6-72209dad749b","BLAN_011.basePlot.bet","D02","BLAN","BLAN_011","W","2015-06-11","2015-06-25","2016-04-19","2015-08-07","N4JQ3RFWht2mzs2iSx2VGluzpzDnwL9aSS9db6PfBvU=","NEON.BET.D02.002168","PTEPER2","Pterostichus permundus","species",,"Say",,"Ciegler, J. C. 2000. Ground beetles and wrinkled bark beetles of South Carolina (Coleoptera: Geadephaga: Carabidae and Rhysodidae). Biota of South Carolina. Vol. 1. Clemson, S. Clemson University.",,"wYCqaZcA+7tKZqVSOMaNBCcRKvQIOBzP","wYCqaZcA+7tKZqVSOMaNBCcRKvQIOBzP",
"44b7b8a9-862a-4a4e-8313-c70ec4eab3b7","BLAN_005.basePlot.bet","D02","BLAN","BLAN_005","W","2015-06-11","2015-06-25","2016-04-19","2015-08-12","z8g4o9caFRP037RQd/7+6EPNh0zSjKeZ9VvSUkjwTH4=","NEON.BET.D02.002218","CYCSIG","Cyclotrachelus sigillatus","species",,"Say",,"Freitag, R. 1969. A revision of the species of the genus Evarthrus LeConte. Quaestiones Entomologicae 5:89-212.",,"wYCqaZcA+7tKZqVSOMaNBCcRKvQIOBzP","wYCqaZcA+7tKZqVSOMaNBCcRKvQIOBzP",
"bcf286f1-5ff0-4fa9-a079-4624a6b44c02","BLAN_005.basePlot.bet","D02","BLAN","BLAN_005","W","2015-06-11","2015-06-25","2016-04-19","2015-08-12","z8g4o9caFRP037RQd/7+6FqcLJByB1WyUkQRBiPR454=","NEON.BET.D02.002187","PTESTY","Pterostichus stygicus","species",,"Say",,"Bousquet, Y. 2010b. Illustrated Identification Guide to Adults and Larvae of Northeastern North American Ground Beetles (Coleoptera: Carabidae). 1st Ed. Pensoft Publishers, Sofia, Bulgaria.",,"wYCqaZcA+7tKZqVSOMaNBCcRKvQIOBzP","wYCqaZcA+7tKZqVSOMaNBCcRKvQIOBzP",
"35d3a20a-9ae1-423e-b5aa-7229105467d1","BLAN_005.basePlot.bet","D02","BLAN","BLAN_005","W","2015-06-11","2015-06-25","2016-04-19","2015-08-12","z8g4o9caFRP037RQd/7+6HOEebOopfP3CsYkTLJG6O4=","NEON.BET.D02.002167","PTEPER2","Pterostichus permundus","species",,"Say",,"Ciegler, J. C. 2000. Ground beetles and wrinkled bark beetles of South Carolina (Coleoptera: Geadephaga: Carabidae and Rhysodidae). Biota of South Carolina. Vol. 1. Clemson, S. Clemson University.",,"wYCqaZcA+7tKZqVSOMaNBCcRKvQIOBzP","wYCqaZcA+7tKZqVSOMaNBCcRKvQIOBzP",
"710d7147-333b-4eec-bc0c-91f7b282a5c5","BLAN_005.basePlot.bet","D02","BLAN","BLAN_005","W","2015-06-11","2015-06-25","2016-04-18","2015-08-12","z8g4o9caFRP037RQd/7+6CoSveoHwUU8Dch80P/dcmE=","NEON.BET.D02.002051","POELUC","Poecilus lucublandus","species",,"Say",,"Ciegler, J. C. 2000. Ground beetles and wrinkled bark beetles of South Carolina (Coleoptera: Geadephaga: Carabidae and Rhysodidae). Biota of South Carolina. Vol. 1. Clemson, S. Clemson University.",,"wYCqaZcA+7tKZqVSOMaNBCcRKvQIOBzP","wYCqaZcA+7tKZqVSOMaNBCcRKvQIOBzP",
"1b11e73e-7da7-4b91-a966-3a39f1e2b745","BLAN_005.basePlot.bet","D02","BLAN","BLAN_005","W","2015-06-11","2015-06-25","2016-04-19","2015-08-12","z8g4o9caFRP037RQd/7+6HOEebOopfP3CsYkTLJG6O4=","NEON.BET.D02.002166","PTEPER2","Pterostichus permundus","species",,"Say",,"Ciegler, J. C. 2000. Ground beetles and wrinkled bark beetles of South Carolina (Coleoptera: Geadephaga: Carabidae and Rhysodidae). Biota of South Carolina. Vol. 1. Clemson, S. Clemson University.",,"wYCqaZcA+7tKZqVSOMaNBCcRKvQIOBzP","wYCqaZcA+7tKZqVSOMaNBCcRKvQIOBzP",
"81d0becd-ac81-46c5-93e3-198b5a2cd97f","BLAN_006.basePlot.bet","D02","BLAN","BLAN_006","E","2015-06-11","2015-06-25","2016-04-19","2015-08-11","YPnoadCppCw/xFNAB855mZo3IpdrzN1BHCW97DP1PaQ=","NEON.BET.D02.002256","CYCFUR","Cyclotrachelus furtivus","species",,"LeConte",,"Freitag, R. 1969. A revision of the species of the genus Evarthrus LeConte. Quaestiones Entomologicae 5:89-212.",,"wYCqaZcA+7tKZqVSOMaNBCcRKvQIOBzP","wYCqaZcA+7tKZqVSOMaNBCcRKvQIOBzP",
"83d7f35b-0e0f-4036-8cb0-f5b1d91fd669","BLAN_005.basePlot.bet","D02","BLAN","BLAN_005","E","2015-06-11","2015-06-25","2016-04-19","2015-08-13","z8g4o9caFRNBjyTGQyR3EU0JZtGSA498kuLgbTC9cm4=","NEON.BET.D02.002250","CYCFUR","Cyclotrachelus furtivus","species",,"LeConte",,"Freitag, R. 1969. A revision of the species of the genus Evarthrus LeConte. Quaestiones Entomologicae 5:89-212.",,"wYCqaZcA+7tKZqVSOMaNBCcRKvQIOBzP","wYCqaZcA+7tKZqVSOMaNBCcRKvQIOBzP",
"b748cf48-6539-4083-b5ec-733889f9c949","BLAN_005.basePlot.bet","D02","BLAN","BLAN_005","E","2015-06-11","2015-06-25","2016-04-21","2015-08-13","z8g4o9caFRNBjyTGQyR3EREb6baOUYXOTh4sax3gGJc=","NEON.BET.D02.002458","AGOTHO1","Agonoleptus thoracicus","species",,"Casey",,"Bousquet, Y., and P. W. Messer. 2010. Redescription of Stenolophus thoracicus Casey (Coleoptera, Carabidae, Harpalini), a valid species. ZooKeys 53:25-31.",,"wYCqaZcA+7tKZqVSOMaNBCcRKvQIOBzP","wYCqaZcA+7tKZqVSOMaNBCcRKvQIOBzP",
"6c618b9a-ff40-4de3-9616-0f7f4d7b1638","BLAN_005.basePlot.bet","D02","BLAN","BLAN_005","E","2015-06-11","2015-06-25","2016-04-19","2015-08-13","z8g4o9caFRNBjyTGQyR3EdFhBnsWBq3pKnaUvviOJsc=","NEON.BET.D02.002360","CHLAES","Chlaenius aestivus","species",,"Say",,"Ciegler, J. C. 2000. Ground beetles and wrinkled bark beetles of South Carolina (Coleoptera: Geadephaga: Carabidae and Rhysodidae). Biota of South Carolina. Vol. 1. Clemson, S. Clemson University.",,"wYCqaZcA+7tKZqVSOMaNBCcRKvQIOBzP","wYCqaZcA+7tKZqVSOMaNBCcRKvQIOBzP",
"d317377f-5f26-4212-bacb-c45b4fc7e263","BLAN_007.basePlot.bet","D02","BLAN","BLAN_007","E","2015-06-11","2015-06-25","2016-04-19","2015-08-10","bSFRDFDJGfyH7CX1vhlSl6bBQWdJKuou0GRN1w2ink8=","NEON.BET.D02.002398","DICAMB","Dicaelus ambiguus","species",,"LaFerte-Senectere",,"Ciegler, J. C. 2000. Ground beetles and wrinkled bark beetles of South Carolina (Coleoptera: Geadephaga: Carabidae and Rhysodidae). Biota of South Carolina. Vol. 1. Clemson, S. Clemson University.",,"wYCqaZcA+7tKZqVSOMaNBCcRKvQIOBzP","wYCqaZcA+7tKZqVSOMaNBCcRKvQIOBzP",
"27eb38a2-04a7-4f96-90a5-6e1bd88c8806","BLAN_006.basePlot.bet","D02","BLAN","BLAN_006","E","2015-06-11","2015-06-25","2016-04-21","2015-10-01","YPnoadCppCw/xFNAB855mZ2srzny5ReYTSgk7RX+lW0=","NEON.BET.D02.002424","ANIRUS","Anisodactylus rusticus","species",,"Say",,"Noonan, G. R. 1973. The Anisodactylines (Insecta: Coleoptera: Carabidae: Harpalini): classification, evolution and zoogeography. Quaestiones Entomologicae 9:266-480.",,"wYCqaZcA+7tKZqVSOMaNBCcRKvQIOBzP","wYCqaZcA+7tKZqVSOMaNBCcRKvQIOBzP",
"f4465712-fe5d-4357-a3d0-d38dcb2bd62f","BLAN_012.basePlot.bet","D02","BLAN","BLAN_012","E","2015-06-11","2015-06-25","2016-04-19","2015-08-13","J0lvmfNn/fev68GQtXYsHjQD2eGp+ZZoGh2Ztq0nLwQ=","NEON.BET.D02.002269","CYCFUR","Cyclotrachelus furtivus","species",,"LeConte",,"Freitag, R. 1969. A revision of the species of the genus Evarthrus LeConte. Quaestiones Entomologicae 5:89-212.",,"wYCqaZcA+7tKZqVSOMaNBCcRKvQIOBzP","wYCqaZcA+7tKZqVSOMaNBCcRKvQIOBzP",
"00798dd2-7de3-46d8-9e27-31615b4aee63","BLAN_012.basePlot.bet","D02","BLAN","BLAN_012","E","2015-06-11","2015-06-25","2016-04-19","2015-08-13","J0lvmfNn/fev68GQtXYsHjQD2eGp+ZZoGh2Ztq0nLwQ=","NEON.BET.D02.002268","CYCFUR","Cyclotrachelus furtivus","species",,"LeConte",,"Freitag, R. 1969. A revision of the species of the genus Evarthrus LeConte. Quaestiones Entomologicae 5:89-212.",,"wYCqaZcA+7tKZqVSOMaNBCcRKvQIOBzP","wYCqaZcA+7tKZqVSOMaNBCcRKvQIOBzP",
"899ceb9a-e9ed-4489-99de-55518307e661","BLAN_005.basePlot.bet","D02","BLAN","BLAN_005","E","2015-06-11","2015-06-25","2016-04-19","2015-08-13","z8g4o9caFRNBjyTGQyR3EU0JZtGSA498kuLgbTC9cm4=","NEON.BET.D02.002251","CYCFUR","Cyclotrachelus furtivus","species",,"LeConte",,"Freitag, R. 1969. A revision of the species of the genus Evarthrus LeConte. Quaestiones Entomologicae 5:89-212.",,"wYCqaZcA+7tKZqVSOMaNBCcRKvQIOBzP","wYCqaZcA+7tKZqVSOMaNBCcRKvQIOBzP",
"5392d24c-4b92-4a5a-a26e-ac778b43a013","BLAN_005.basePlot.bet","D02","BLAN","BLAN_005","E","2015-06-11","2015-06-25","2016-04-18","2015-08-13","z8g4o9caFRNBjyTGQyR3ET49cZvxttc5VjTbSYCyl2g=","NEON.BET.D02.002049","POELUC","Poecilus lucublandus","species",,"Say",,"Ciegler, J. C. 2000. Ground beetles and wrinkled bark beetles of South Carolina (Coleoptera: Geadephaga: Carabidae and Rhysodidae). Biota of South Carolina. Vol. 1. Clemson, S. Clemson University.",,"wYCqaZcA+7tKZqVSOMaNBCcRKvQIOBzP","wYCqaZcA+7tKZqVSOMaNBCcRKvQIOBzP",
"a9a8050c-cf4f-4b4e-8453-61f3e30fb1d8","BLAN_003.basePlot.bet","D02","BLAN","BLAN_003","E","2015-06-11","2015-06-25","2016-04-21","2015-08-12","qWnRnvyEnOyTg93fo0GlNN8Rty5mBLO6CVhlINaEzI4=","NEON.BET.D02.002507","TRIFUL","Trichotichnus fulgens","species",,"Csiki",,"Bousquet, Y. 2010b. Illustrated Identification Guide to Adults and Larvae of Northeastern North American Ground Beetles (Coleoptera: Carabidae). 1st Ed. Pensoft Publishers, Sofia, Bulgaria.",,"wYCqaZcA+7tKZqVSOMaNBCcRKvQIOBzP","wYCqaZcA+7tKZqVSOMaNBCcRKvQIOBzP",
"f966d162-224d-4111-a12f-c31d31126d87","BLAN_005.basePlot.bet","D02","BLAN","BLAN_005","N","2015-06-11","2015-06-25","2016-04-19","2015-08-13","z8g4o9caFRMjyse/PCVBHD3xjSpKXqFrRvUX5Cbyolw=","NEON.BET.D02.002376","CHLEMA","Chlaenius emarginatus","species",,"Say",,"Ciegler, J. C. 2000. Ground beetles and wrinkled bark beetles of South Carolina (Coleoptera: Geadephaga: Carabidae and Rhysodidae). Biota of South Carolina. Vol. 1. Clemson, S. Clemson University.",,"wYCqaZcA+7tKZqVSOMaNBCcRKvQIOBzP","wYCqaZcA+7tKZqVSOMaNBCcRKvQIOBzP",
"25d2801b-a41d-4f33-a246-fd7a1f989bdc","BLAN_004.basePlot.bet","D02","BLAN","BLAN_004","N","2015-06-11","2015-06-25","2016-04-19","2015-08-12","zD/pbYGBt/C/aB+ZJY3XZy7E0O9odXnFgWrxtcqesm0=","NEON.BET.D02.002333","CHLTOM","Chlaenius tomentosus","species",,"Say",,"Ciegler, J. C. 2000. Ground beetles and wrinkled bark beetles of South Carolina (Coleoptera: Geadephaga: Carabidae and Rhysodidae). Biota of South Carolina. Vol. 1. Clemson, S. Clemson University.",,"wYCqaZcA+7tKZqVSOMaNBCcRKvQIOBzP","wYCqaZcA+7tKZqVSOMaNBCcRKvQIOBzP",
"28a05280-6e81-4efe-b4e4-6455768fead3","BLAN_011.basePlot.bet","D02","BLAN","BLAN_011","N","2015-06-11","2015-06-25","2016-04-21","2015-08-07","N4JQ3RFWht3sbbIawXLCq9WwjBu7ZkmvIcUstHKTebI=","NEON.BET.D02.002450","AMPINT","Amphasia interstitialis","species",,"Say",,"Bousquet, Y. 2010b. Illustrated Identification Guide to Adults and Larvae of Northeastern North American Ground Beetles (Coleoptera: Carabidae). 1st Ed. Pensoft Publishers, Sofia, Bulgaria.",,"wYCqaZcA+7tKZqVSOMaNBCcRKvQIOBzP","wYCqaZcA+7tKZqVSOMaNBCcRKvQIOBzP",
"f5609adb-777e-46fd-9551-a39d043d77f1","BLAN_002.basePlot.bet","D02","BLAN","BLAN_002","N","2015-06-11","2015-06-25","2016-04-21","2015-10-01","pAIsJl1bu+HXiZP2divGM1h6Yl9AqiFoQyd5aFGyYy0=","NEON.BET.D02.002423","ANIRUS","Anisodactylus rusticus","species",,"Say",,"Noonan, G. R. 1973. The Anisodactylines (Insecta: Coleoptera: Carabidae: Harpalini): classification, evolution and zoogeography. Quaestiones Entomologicae 9:266-480.",,"wYCqaZcA+7tKZqVSOMaNBCcRKvQIOBzP","wYCqaZcA+7tKZqVSOMaNBCcRKvQIOBzP",
"35a5014d-3e0d-4db2-bcba-0b711e425688","BLAN_012.basePlot.bet","D02","BLAN","BLAN_012","N","2015-06-11","2015-06-25","2016-04-19","2015-08-13","J0lvmfNn/ffePszKztR5ZAkeaKRgHZL7j2+5mbV9Kng=","NEON.BET.D02.002267","CYCFUR","Cyclotrachelus furtivus","species",,"LeConte",,"Freitag, R. 1969. A revision of the species of the genus Evarthrus LeConte. Quaestiones Entomologicae 5:89-212.",,"wYCqaZcA+7tKZqVSOMaNBCcRKvQIOBzP","wYCqaZcA+7tKZqVSOMaNBCcRKvQIOBzP",
"ca9f0113-bdda-4409-959e-9337223c0e66","BLAN_012.basePlot.bet","D02","BLAN","BLAN_012","N","2015-06-11","2015-06-25","2016-04-21","2015-08-13","J0lvmfNn/ffePszKztR5ZBRyAiW/TCdeMG36aqmHza8=","NEON.BET.D02.002415","ANINIG1","Anisodactylus nigerrimus","species",,"Dejean",,"Bousquet, Y. 2010b. Illustrated Identification Guide to Adults and Larvae of Northeastern North American Ground Beetles (Coleoptera: Carabidae). 1st Ed. Pensoft Publishers, Sofia, Bulgaria.",,"wYCqaZcA+7tKZqVSOMaNBCcRKvQIOBzP","wYCqaZcA+7tKZqVSOMaNBCcRKvQIOBzP",
"0ebc3534-7825-4695-a5d9-06b2878322af","BLAN_011.basePlot.bet","D02","BLAN","BLAN_011","N","2015-06-11","2015-06-25","2016-04-19","2015-08-07","N4JQ3RFWht3sbbIawXLCq6UdfAwb/H1Gx4iHZ5CTL1g=","NEON.BET.D02.002221","CYCSIG","Cyclotrachelus sigillatus","species",,"Say",,"Freitag, R. 1969. A revision of the species of the genus Evarthrus LeConte. Quaestiones Entomologicae 5:89-212.",,"wYCqaZcA+7tKZqVSOMaNBCcRKvQIOBzP","wYCqaZcA+7tKZqVSOMaNBCcRKvQIOBzP",
"5fda5b8f-a40c-40ba-92d6-1cdb98539cb9","BLAN_005.basePlot.bet","D02","BLAN","BLAN_005","N","2015-06-11","2015-06-25","2016-04-18","2015-08-13","z8g4o9caFRMjyse/PCVBHLqq7N9AhXN3JwadvhMZu/k=","NEON.BET.D02.002050","POELUC","Poecilus lucublandus","species",,"Say",,"Ciegler, J. C. 2000. Ground beetles and wrinkled bark beetles of South Carolina (Coleoptera: Geadephaga: Carabidae and Rhysodidae). Biota of South Carolina. Vol. 1. Clemson, S. Clemson University.",,"wYCqaZcA+7tKZqVSOMaNBCcRKvQIOBzP","wYCqaZcA+7tKZqVSOMaNBCcRKvQIOBzP",
"cc27c242-38bc-4687-8438-1a7d0faadd07","BLAN_005.basePlot.bet","D02","BLAN","BLAN_005","N","2015-06-11","2015-06-25","2016-04-19","2015-08-13","z8g4o9caFRMjyse/PCVBHBdAKuZqu/CTdQpcLSb56nA=","NEON.BET.D02.002185","PTESTY","Pterostichus stygicus","species",,"Say",,"Bousquet, Y. 2010b. Illustrated Identification Guide to Adults and Larvae of Northeastern North American Ground Beetles (Coleoptera: Carabidae). 1st Ed. Pensoft Publishers, Sofia, Bulgaria.",,"wYCqaZcA+7tKZqVSOMaNBCcRKvQIOBzP","wYCqaZcA+7tKZqVSOMaNBCcRKvQIOBzP",
"97139400-65b4-405b-a666-328f8e86438b","BLAN_003.basePlot.bet","D02","BLAN","BLAN_003","N","2015-06-11","2015-06-25","2016-04-19","2015-08-12","qWnRnvyEnOx1fxKxt0MOlaObbzB77WfPEFQLbFdvSv0=","NEON.BET.D02.002246","CYCFUR","Cyclotrachelus furtivus","species",,"LeConte",,"Freitag, R. 1969. A revision of the species of the genus Evarthrus LeConte. Quaestiones Entomologicae 5:89-212.",,"wYCqaZcA+7tKZqVSOMaNBCcRKvQIOBzP","wYCqaZcA+7tKZqVSOMaNBCcRKvQIOBzP",
"cc99f1f1-7915-4cb1-a5f8-c2f6233a34d6","BLAN_011.basePlot.bet","D02","BLAN","BLAN_011","N","2015-06-11","2015-06-25","2016-04-18","2015-08-07","N4JQ3RFWht3sbbIawXLCq/D+8EmQm1dOyKyfrBMkTjU=","NEON.BET.D02.002117","PTETRI1","Pterostichus trinarius","species",,"Casey",,"Lindroth, C. H. 1969. The ground-beetles (Carabidae, excl. Cicindelinae) of Canada and Alaska, parts 1-6. Opuscula E. Entomoligiska Sallskapet.",,"wYCqaZcA+7tKZqVSOMaNBCcRKvQIOBzP","wYCqaZcA+7tKZqVSOMaNBCcRKvQIOBzP",
"3056ae83-0bb0-4050-9e2b-cf979b76f4b8","BLAN_011.basePlot.bet","D02","BLAN","BLAN_011","N","2015-06-11","2015-06-25","2016-04-18","2015-08-07","N4JQ3RFWht3sbbIawXLCq/D+8EmQm1dOyKyfrBMkTjU=","NEON.BET.D02.002118","PTETRI1","Pterostichus trinarius","species",,"Casey",,"Lindroth, C. H. 1969. The ground-beetles (Carabidae, excl. Cicindelinae) of Canada and Alaska, parts 1-6. Opuscula E. Entomoligiska Sallskapet.",,"wYCqaZcA+7tKZqVSOMaNBCcRKvQIOBzP","wYCqaZcA+7tKZqVSOMaNBCcRKvQIOBzP",
"145e0c52-15a7-48ae-8da9-421a8230e3dd","BLAN_002.basePlot.bet","D02","BLAN","BLAN_002","N","2015-06-11","2015-06-25","2016-04-11","2015-08-12","pAIsJl1bu+HXiZP2divGM5wwrk9d6YYUyuUGmPBFqW8=","NEON.BET.D02.001989","SCASUB2","Scarites subterraneus","species",,"Fabricius",,"Other",,"wYCqaZcA+7tKZqVSOMaNBCcRKvQIOBzP","ena7GLJui5s1h8moQAQPw3Qj2+mVdivS",
"9c0dcc43-21bf-4b79-bd68-d0fb568dbf49","BLAN_005.basePlot.bet","D02","BLAN","BLAN_005","N","2015-06-11","2015-06-25","2016-04-19","2015-08-13","z8g4o9caFRMjyse/PCVBHBdAKuZqu/CTdQpcLSb56nA=","NEON.BET.D02.002186","PTESTY","Pterostichus stygicus","species",,"Say",,"Bousquet, Y. 2010b. Illustrated Identification Guide to Adults and Larvae of Northeastern North American Ground Beetles (Coleoptera: Carabidae). 1st Ed. Pensoft Publishers, Sofia, Bulgaria.",,"wYCqaZcA+7tKZqVSOMaNBCcRKvQIOBzP","wYCqaZcA+7tKZqVSOMaNBCcRKvQIOBzP",
"cd454780-93f4-4c36-be5f-5d85337f9b3d","BLAN_006.basePlot.bet","D02","BLAN","BLAN_006","S","2015-06-11","2015-06-25","2016-04-19","2015-08-11","YPnoadCppCzewqzz7FEYfw2LvLdYTFFR1RrlEEUX3rY=","NEON.BET.D02.002255","CYCFUR","Cyclotrachelus furtivus","species",,"LeConte",,"Freitag, R. 1969. A revision of the species of the genus Evarthrus LeConte. Quaestiones Entomologicae 5:89-212.",,"wYCqaZcA+7tKZqVSOMaNBCcRKvQIOBzP","wYCqaZcA+7tKZqVSOMaNBCcRKvQIOBzP",
"9828e116-ff78-47aa-9304-9a112e764c78","BLAN_006.basePlot.bet","D02","BLAN","BLAN_006","S","2015-06-11","2015-06-25","2016-04-19","2015-08-11","YPnoadCppCzewqzz7FEYf+3DR2GBFsjwZ4eVObq6yR8=","NEON.BET.D02.002335","CHLTOM","Chlaenius tomentosus","species",,"Say",,"Ciegler, J. C. 2000. Ground beetles and wrinkled bark beetles of South Carolina (Coleoptera: Geadephaga: Carabidae and Rhysodidae). Biota of South Carolina. Vol. 1. Clemson, S. Clemson University.",,"wYCqaZcA+7tKZqVSOMaNBCcRKvQIOBzP","wYCqaZcA+7tKZqVSOMaNBCcRKvQIOBzP",
"794f74ad-0c78-4e5f-a6cc-efeda5a06570","BLAN_006.basePlot.bet","D02","BLAN","BLAN_006","S","2015-06-11","2015-06-25","2016-04-19","2015-08-11","YPnoadCppCzewqzz7FEYf+3DR2GBFsjwZ4eVObq6yR8=","NEON.BET.D02.002334","CHLTOM","Chlaenius tomentosus","species",,"Say",,"Ciegler, J. C. 2000. Ground beetles and wrinkled bark beetles of South Carolina (Coleoptera: Geadephaga: Carabidae and Rhysodidae). Biota of South Carolina. Vol. 1. Clemson, S. Clemson University.",,"wYCqaZcA+7tKZqVSOMaNBCcRKvQIOBzP","wYCqaZcA+7tKZqVSOMaNBCcRKvQIOBzP",
"9c7b890a-fa88-42a9-8c13-cb17dc62eb42","BLAN_006.basePlot.bet","D02","BLAN","BLAN_006","S","2015-06-11","2015-06-25","2016-04-19","2015-08-11","YPnoadCppCzewqzz7FEYf+3DR2GBFsjwZ4eVObq6yR8=","NEON.BET.D02.002337","CHLTOM","Chlaenius tomentosus","species",,"Say",,"Ciegler, J. C. 2000. Ground beetles and wrinkled bark beetles of South Carolina (Coleoptera: Geadephaga: Carabidae and Rhysodidae). Biota of South Carolina. Vol. 1. Clemson, S. Clemson University.",,"wYCqaZcA+7tKZqVSOMaNBCcRKvQIOBzP","wYCqaZcA+7tKZqVSOMaNBCcRKvQIOBzP",
"0931b1cb-8235-4da6-b871-1eb945850f58","BLAN_006.basePlot.bet","D02","BLAN","BLAN_006","S","2015-06-11","2015-06-25","2016-04-19","2015-08-11","YPnoadCppCzewqzz7FEYf+3DR2GBFsjwZ4eVObq6yR8=","NEON.BET.D02.002339","CHLTOM","Chlaenius tomentosus","species",,"Say",,"Ciegler, J. C. 2000. Ground beetles and wrinkled bark beetles of South Carolina (Coleoptera: Geadephaga: Carabidae and Rhysodidae). Biota of South Carolina. Vol. 1. Clemson, S. Clemson University.",,"wYCqaZcA+7tKZqVSOMaNBCcRKvQIOBzP","wYCqaZcA+7tKZqVSOMaNBCcRKvQIOBzP",
"22db1078-26e6-48a5-a969-c911c58d4e6b","BLAN_009.basePlot.bet","D02","BLAN","BLAN_009","S","2015-06-11","2015-06-25","2016-04-19","2015-08-13","7TKpA4ipJZD/eLeUcyr09XWMhmhgdfGLan6e5cD368U=","NEON.BET.D02.002262","CYCFUR","Cyclotrachelus furtivus","species",,"LeConte",,"Freitag, R. 1969. A revision of the species of the genus Evarthrus LeConte. Quaestiones Entomologicae 5:89-212.",,"wYCqaZcA+7tKZqVSOMaNBCcRKvQIOBzP","wYCqaZcA+7tKZqVSOMaNBCcRKvQIOBzP",
"089cd9cf-24b3-4d2a-adfd-58ac1ab2bc30","BLAN_006.basePlot.bet","D02","BLAN","BLAN_006","S","2015-06-11","2015-06-25","2016-04-19","2015-08-11","YPnoadCppCzewqzz7FEYf+3DR2GBFsjwZ4eVObq6yR8=","NEON.BET.D02.002336","CHLTOM","Chlaenius tomentosus","species",,"Say",,"Ciegler, J. C. 2000. Ground beetles and wrinkled bark beetles of South Carolina (Coleoptera: Geadephaga: Carabidae and Rhysodidae). Biota of South Carolina. Vol. 1. Clemson, S. Clemson University.",,"wYCqaZcA+7tKZqVSOMaNBCcRKvQIOBzP","wYCqaZcA+7tKZqVSOMaNBCcRKvQIOBzP",
"ed05c3c6-8616-4b0f-90c0-daaaedcbeae7","BLAN_009.basePlot.bet","D02","BLAN","BLAN_009","S","2015-06-11","2015-06-25","2016-04-19","2015-08-13","7TKpA4ipJZD/eLeUcyr09QfzEVHjjD10y38ylHiVLuA=","NEON.BET.D02.002379","DICDIL1","Dicaelus dilatatus dilatatus","subspecies",,"Say",,"Ciegler, J. C. 2000. Ground beetles and wrinkled bark beetles of South Carolina (Coleoptera: Geadephaga: Carabidae and Rhysodidae). Biota of South Carolina. Vol. 1. Clemson, S. Clemson University.",,"wYCqaZcA+7tKZqVSOMaNBCcRKvQIOBzP","wYCqaZcA+7tKZqVSOMaNBCcRKvQIOBzP",
"4f63edd3-fac8-42cd-aa34-629c06543af4","BLAN_009.basePlot.bet","D02","BLAN","BLAN_009","S","2015-06-11","2015-06-25","2016-04-19","2015-08-13","7TKpA4ipJZD/eLeUcyr09XWMhmhgdfGLan6e5cD368U=","NEON.BET.D02.002263","CYCFUR","Cyclotrachelus furtivus","species",,"LeConte",,"Freitag, R. 1969. A revision of the species of the genus Evarthrus LeConte. Quaestiones Entomologicae 5:89-212.",,"wYCqaZcA+7tKZqVSOMaNBCcRKvQIOBzP","wYCqaZcA+7tKZqVSOMaNBCcRKvQIOBzP",
"cab865b8-92bc-4a9c-aee5-b7f3d8bf1451","BLAN_012.basePlot.bet","D02","BLAN","BLAN_012","S","2015-06-11","2015-06-25","2016-04-19","2015-08-13","J0lvmfNn/fcMLVBNGhCcXF3ZzGMW0yxS2ZkVh9o5TwI=","NEON.BET.D02.002264","CYCFUR","Cyclotrachelus furtivus","species",,"LeConte",,"Freitag, R. 1969. A revision of the species of the genus Evarthrus LeConte. Quaestiones Entomologicae 5:89-212.",,"wYCqaZcA+7tKZqVSOMaNBCcRKvQIOBzP","wYCqaZcA+7tKZqVSOMaNBCcRKvQIOBzP",
"f6a7670b-69a3-460a-a85a-596bf93d7417","BLAN_012.basePlot.bet","D02","BLAN","BLAN_012","S","2015-06-11","2015-06-25","2016-04-19","2015-08-13","J0lvmfNn/fcMLVBNGhCcXF3ZzGMW0yxS2ZkVh9o5TwI=","NEON.BET.D02.002266","CYCFUR","Cyclotrachelus furtivus","species",,"LeConte",,"Freitag, R. 1969. A revision of the species of the genus Evarthrus LeConte. Quaestiones Entomologicae 5:89-212.",,"wYCqaZcA+7tKZqVSOMaNBCcRKvQIOBzP","wYCqaZcA+7tKZqVSOMaNBCcRKvQIOBzP",
"a0ccd2cd-5715-4b15-9a45-3f4950cc6737","BLAN_002.basePlot.bet","D02","BLAN","BLAN_002","S","2015-06-11","2015-06-25","2016-04-21","2015-10-01","pAIsJl1bu+E8Xbm7/DkTAod/wyPmZK17HEhQoOGJyV0=","NEON.BET.D02.002418","ANIOVU","Anisodactylus ovularis","species",,"Casey",,"Noonan, G. R. 1973. The Anisodactylines (Insecta: Coleoptera: Carabidae: Harpalini): classification, evolution and zoogeography. Quaestiones Entomologicae 9:266-480.",,"wYCqaZcA+7tKZqVSOMaNBCcRKvQIOBzP","wYCqaZcA+7tKZqVSOMaNBCcRKvQIOBzP",
"5be6e9b5-1ae8-42f4-b0e6-7495ce2935c6","BLAN_004.basePlot.bet","D02","BLAN","BLAN_004","S","2015-06-11","2015-06-25","2016-04-19","2015-08-12","zD/pbYGBt/CNI35fc9ji9K9/7ksHlI2+jNhNtsOBZBs=","NEON.BET.D02.002248","CYCFUR","Cyclotrachelus furtivus","species",,"LeConte",,"Freitag, R. 1969. A revision of the species of the genus Evarthrus LeConte. Quaestiones Entomologicae 5:89-212.",,"wYCqaZcA+7tKZqVSOMaNBCcRKvQIOBzP","wYCqaZcA+7tKZqVSOMaNBCcRKvQIOBzP",
"f0cb6de7-1ad5-4d15-97c8-56069a0feae9","BLAN_004.basePlot.bet","D02","BLAN","BLAN_004","S","2015-06-11","2015-06-25","2016-04-19","2015-08-12","zD/pbYGBt/CNI35fc9ji9K9/7ksHlI2+jNhNtsOBZBs=","NEON.BET.D02.002247","CYCFUR","Cyclotrachelus furtivus","species",,"LeConte",,"Freitag, R. 1969. A revision of the species of the genus Evarthrus LeConte. Quaestiones Entomologicae 5:89-212.",,"wYCqaZcA+7tKZqVSOMaNBCcRKvQIOBzP","wYCqaZcA+7tKZqVSOMaNBCcRKvQIOBzP",
"02b4559b-e746-400b-a7a4-d3f3bb250e8e","BLAN_004.basePlot.bet","D02","BLAN","BLAN_004","S","2015-06-11","2015-06-25","2016-04-19","2015-08-12","zD/pbYGBt/CNI35fc9ji9K9/7ksHlI2+jNhNtsOBZBs=","NEON.BET.D02.002249","CYCFUR","Cyclotrachelus furtivus","species",,"LeConte",,"Freitag, R. 1969. A revision of the species of the genus Evarthrus LeConte. Quaestiones Entomologicae 5:89-212.",,"wYCqaZcA+7tKZqVSOMaNBCcRKvQIOBzP","wYCqaZcA+7tKZqVSOMaNBCcRKvQIOBzP",
"081eda71-426c-40fc-9698-d445d75a06a5","BLAN_007.basePlot.bet","D02","BLAN","BLAN_007","S","2015-06-11","2015-06-25","2016-04-19","2015-08-10","bSFRDFDJGfxVcvZJvv+ISspm1PGyY+M7c0GSH87vy3c=","NEON.BET.D02.002257","CYCFUR","Cyclotrachelus furtivus","species",,"LeConte",,"Freitag, R. 1969. A revision of the species of the genus Evarthrus LeConte. Quaestiones Entomologicae 5:89-212.",,"wYCqaZcA+7tKZqVSOMaNBCcRKvQIOBzP","wYCqaZcA+7tKZqVSOMaNBCcRKvQIOBzP",
"885cdb8e-4f92-4542-9a34-f20592992203","BLAN_007.basePlot.bet","D02","BLAN","BLAN_007","S","2015-06-11","2015-06-25","2016-04-19","2015-08-10","bSFRDFDJGfxVcvZJvv+ISspm1PGyY+M7c0GSH87vy3c=","NEON.BET.D02.002258","CYCFUR","Cyclotrachelus furtivus","species",,"LeConte",,"Freitag, R. 1969. A revision of the species of the genus Evarthrus LeConte. Quaestiones Entomologicae 5:89-212.",,"wYCqaZcA+7tKZqVSOMaNBCcRKvQIOBzP","wYCqaZcA+7tKZqVSOMaNBCcRKvQIOBzP",
"9d17252a-0373-4516-a1c5-af04224c26a5","BLAN_006.basePlot.bet","D02","BLAN","BLAN_006","S","2015-06-11","2015-06-25","2016-04-19","2015-08-11","YPnoadCppCzewqzz7FEYf+3DR2GBFsjwZ4eVObq6yR8=","NEON.BET.D02.002340","CHLTOM","Chlaenius tomentosus","species",,"Say",,"Ciegler, J. C. 2000. Ground beetles and wrinkled bark beetles of South Carolina (Coleoptera: Geadephaga: Carabidae and Rhysodidae). Biota of South Carolina. Vol. 1. Clemson, S. Clemson University.",,"wYCqaZcA+7tKZqVSOMaNBCcRKvQIOBzP","wYCqaZcA+7tKZqVSOMaNBCcRKvQIOBzP",
"500521d7-5be9-4707-a746-258f56c23471","BLAN_009.basePlot.bet","D02","BLAN","BLAN_009","S","2015-06-11","2015-06-25","2016-04-19","2015-08-13","7TKpA4ipJZD/eLeUcyr09XWMhmhgdfGLan6e5cD368U=","NEON.BET.D02.002261","CYCFUR","Cyclotrachelus furtivus","species",,"LeConte",,"Freitag, R. 1969. A revision of the species of the genus Evarthrus LeConte. Quaestiones Entomologicae 5:89-212.",,"wYCqaZcA+7tKZqVSOMaNBCcRKvQIOBzP","wYCqaZcA+7tKZqVSOMaNBCcRKvQIOBzP",
"d957d557-3594-416d-b750-992d45306dab","BLAN_012.basePlot.bet","D02","BLAN","BLAN_012","S","2015-06-11","2015-06-25","2016-04-19","2015-08-13","J0lvmfNn/fcMLVBNGhCcXF3ZzGMW0yxS2ZkVh9o5TwI=","NEON.BET.D02.002265","CYCFUR","Cyclotrachelus furtivus","species",,"LeConte",,"Freitag, R. 1969. A revision of the species of the genus Evarthrus LeConte. Quaestiones Entomologicae 5:89-212.",,"wYCqaZcA+7tKZqVSOMaNBCcRKvQIOBzP","wYCqaZcA+7tKZqVSOMaNBCcRKvQIOBzP",
"7714a5bc-1833-4abd-a45c-76d71acd9ad6","BLAN_005.basePlot.bet","D02","BLAN","BLAN_005","S","2015-06-11","2015-06-25","2016-04-19","2015-08-12","z8g4o9caFROyny+EfIixsEeNABxeKlVembVDkh7Id9k=","NEON.BET.D02.002254","CYCFUR","Cyclotrachelus furtivus","species",,"LeConte",,"Freitag, R. 1969. A revision of the species of the genus Evarthrus LeConte. Quaestiones Entomologicae 5:89-212.",,"wYCqaZcA+7tKZqVSOMaNBCcRKvQIOBzP","wYCqaZcA+7tKZqVSOMaNBCcRKvQIOBzP",
"27108fb0-1960-4b37-889c-a43b7ac964da","BLAN_004.basePlot.bet","D02","BLAN","BLAN_004","S","2015-06-11","2015-06-25","2016-04-19","2015-08-12","zD/pbYGBt/CNI35fc9ji9Jpekk3Zpf09+8I2NsrOnp4=","NEON.BET.D02.002359","CHLAES","Chlaenius aestivus","species",,"Say",,"Ciegler, J. C. 2000. Ground beetles and wrinkled bark beetles of South Carolina (Coleoptera: Geadephaga: Carabidae and Rhysodidae). Biota of South Carolina. Vol. 1. Clemson, S. Clemson University.",,"wYCqaZcA+7tKZqVSOMaNBCcRKvQIOBzP","wYCqaZcA+7tKZqVSOMaNBCcRKvQIOBzP",
"d370e09a-a2cf-449a-8cd5-728b1c92ee6e","BLAN_011.basePlot.bet","D02","BLAN","BLAN_011","S","2015-06-11","2015-06-25","2016-04-19","2015-08-07","N4JQ3RFWht13HHHMMMID0UbBqM4O4dJuBLGiEM0Rp7Q=","NEON.BET.D02.002374","CHLAMO","Chlaenius amoenus","species",,"Dejean",,"Ciegler, J. C. 2000. Ground beetles and wrinkled bark beetles of South Carolina (Coleoptera: Geadephaga: Carabidae and Rhysodidae). Biota of South Carolina. Vol. 1. Clemson, S. Clemson University.",,"wYCqaZcA+7tKZqVSOMaNBCcRKvQIOBzP","wYCqaZcA+7tKZqVSOMaNBCcRKvQIOBzP",
"4384b076-2e49-47a1-8638-10fdc7885d5e","BLAN_011.basePlot.bet","D02","BLAN","BLAN_011","S","2015-06-11","2015-06-25","2016-04-21","2015-08-07","N4JQ3RFWht13HHHMMMID0di40JRgozcKJDSwhgBSiWM=","NEON.BET.D02.002451","AMPINT","Amphasia interstitialis","species",,"Say",,"Bousquet, Y. 2010b. Illustrated Identification Guide to Adults and Larvae of Northeastern North American Ground Beetles (Coleoptera: Carabidae). 1st Ed. Pensoft Publishers, Sofia, Bulgaria.",,"wYCqaZcA+7tKZqVSOMaNBCcRKvQIOBzP","wYCqaZcA+7tKZqVSOMaNBCcRKvQIOBzP",
"e8bcfd58-5f82-426d-a9d3-011f873bb79f","BLAN_006.basePlot.bet","D02","BLAN","BLAN_006","S","2015-06-11","2015-06-25","2016-04-19","2015-08-11","YPnoadCppCzewqzz7FEYf+3DR2GBFsjwZ4eVObq6yR8=","NEON.BET.D02.002338","CHLTOM","Chlaenius tomentosus","species",,"Say",,"Ciegler, J. C. 2000. Ground beetles and wrinkled bark beetles of South Carolina (Coleoptera: Geadephaga: Carabidae and Rhysodidae). Biota of South Carolina. Vol. 1. Clemson, S. Clemson University.",,"wYCqaZcA+7tKZqVSOMaNBCcRKvQIOBzP","wYCqaZcA+7tKZqVSOMaNBCcRKvQIOBzP",
"992061fb-c1ad-43fa-88f5-e053ec1aaa6a","BLAN_006.basePlot.bet","D02","BLAN","BLAN_006","S","2015-06-11","2015-06-25","2016-04-19","2015-08-11","YPnoadCppCzewqzz7FEYf+3DR2GBFsjwZ4eVObq6yR8=","NEON.BET.D02.002341","CHLTOM","Chlaenius tomentosus","species",,"Say",,"Ciegler, J. C. 2000. Ground beetles and wrinkled bark beetles of South Carolina (Coleoptera: Geadephaga: Carabidae and Rhysodidae). Biota of South Carolina. Vol. 1. Clemson, S. Clemson University.",,"wYCqaZcA+7tKZqVSOMaNBCcRKvQIOBzP","wYCqaZcA+7tKZqVSOMaNBCcRKvQIOBzP",
"2213c22e-8e5e-4880-b358-c52eac102d78","BLAN_005.basePlot.bet","D02","BLAN","BLAN_005","S","2015-06-11","2015-06-25","2016-04-18","2015-08-12","z8g4o9caFROyny+EfIixsNwc89omDOwFOrkJTIZUw5I=","NEON.BET.D02.002114","PTETRI1","Pterostichus trinarius","species",,"Casey",,"Lindroth, C. H. 1969. The ground-beetles (Carabidae, excl. Cicindelinae) of Canada and Alaska, parts 1-6. Opuscula E. Entomoligiska Sallskapet.",,"wYCqaZcA+7tKZqVSOMaNBCcRKvQIOBzP","wYCqaZcA+7tKZqVSOMaNBCcRKvQIOBzP",
"f69fd9f8-ae74-43db-a57a-cc86ac1c552d","BLAN_009.basePlot.bet","D02","BLAN","BLAN_009","S","2015-06-11","2015-06-25","2016-04-19","2015-08-13","7TKpA4ipJZD/eLeUcyr09VKHM9/s8R8RKg9HDTFAoGQ=","NEON.BET.D02.002219","CYCSIG","Cyclotrachelus sigillatus","species",,"Say",,"Freitag, R. 1969. A revision of the species of the genus Evarthrus LeConte. Quaestiones Entomologicae 5:89-212.",,"wYCqaZcA+7tKZqVSOMaNBCcRKvQIOBzP","wYCqaZcA+7tKZqVSOMaNBCcRKvQIOBzP",
"87b77de5-fed0-4fad-b900-85e967e3a48a","BLAN_009.basePlot.bet","D02","BLAN","BLAN_009","S","2015-06-11","2015-06-25","2016-04-19","2015-08-13","7TKpA4ipJZD/eLeUcyr09VKHM9/s8R8RKg9HDTFAoGQ=","NEON.BET.D02.002220","CYCSIG","Cyclotrachelus sigillatus","species",,"Say",,"Freitag, R. 1969. A revision of the species of the genus Evarthrus LeConte. Quaestiones Entomologicae 5:89-212.",,"wYCqaZcA+7tKZqVSOMaNBCcRKvQIOBzP","wYCqaZcA+7tKZqVSOMaNBCcRKvQIOBzP",
"2d3bbd2c-727e-4909-b37d-b03cd0065aae","BLAN_009.basePlot.bet","D02","BLAN","BLAN_009","S","2015-06-11","2015-06-25","2016-04-18","2015-08-13","7TKpA4ipJZD/eLeUcyr09X6OvhFBrWVGr3XT2T53rqw=","NEON.BET.D02.002115","PTETRI1","Pterostichus trinarius","species",,"Casey",,"Lindroth, C. H. 1969. The ground-beetles (Carabidae, excl. Cicindelinae) of Canada and Alaska, parts 1-6. Opuscula E. Entomoligiska Sallskapet.",,"wYCqaZcA+7tKZqVSOMaNBCcRKvQIOBzP","wYCqaZcA+7tKZqVSOMaNBCcRKvQIOBzP",
"5a39bce1-dcf4-4013-af78-32dd34cbc292","BLAN_012.basePlot.bet","D02","BLAN","BLAN_012","S","2015-06-11","2015-06-25","2016-04-19","2015-08-13","J0lvmfNn/fcMLVBNGhCcXDjW3XvZ+ukbxd66X/l/O0U=","NEON.BET.D02.002188","PTESTY","Pterostichus stygicus","species",,"Say",,"Bousquet, Y. 2010b. Illustrated Identification Guide to Adults and Larvae of Northeastern North American Ground Beetles (Coleoptera: Carabidae). 1st Ed. Pensoft Publishers, Sofia, Bulgaria.",,"wYCqaZcA+7tKZqVSOMaNBCcRKvQIOBzP","wYCqaZcA+7tKZqVSOMaNBCcRKvQIOBzP",
"d19516b5-07f4-46a2-abe7-3e7928832c55","BLAN_011.basePlot.bet","D02","BLAN","BLAN_011","S","2015-06-11","2015-06-25","2016-04-18","2015-08-07","N4JQ3RFWht13HHHMMMID0S/1ZAKxV34DDJBZe0jRczM=","NEON.BET.D02.002116","PTETRI1","Pterostichus trinarius","species",,"Casey",,"Lindroth, C. H. 1969. The ground-beetles (Carabidae, excl. Cicindelinae) of Canada and Alaska, parts 1-6. Opuscula E. Entomoligiska Sallskapet.",,"wYCqaZcA+7tKZqVSOMaNBCcRKvQIOBzP","wYCqaZcA+7tKZqVSOMaNBCcRKvQIOBzP",
"c797a5ad-efd1-488a-96fd-b71b2e791a9f","BLAN_007.basePlot.bet","D02","BLAN","BLAN_007","S","2015-06-11","2015-06-25","2016-04-18","2015-08-10","bSFRDFDJGfxVcvZJvv+ISgnBZq+mbB2KlXotkaX+Axw=","NEON.BET.D02.002053","POELUC","Poecilus lucublandus","species",,"Say",,"Ciegler, J. C. 2000. Ground beetles and wrinkled bark beetles of South Carolina (Coleoptera: Geadephaga: Carabidae and Rhysodidae). Biota of South Carolina. Vol. 1. Clemson, S. Clemson University.",,"wYCqaZcA+7tKZqVSOMaNBCcRKvQIOBzP","wYCqaZcA+7tKZqVSOMaNBCcRKvQIOBzP",
"0021289a-adab-44a5-b1de-493fb75ca680","BLAN_004.basePlot.bet","D02","BLAN","BLAN_004","S","2015-06-11","2015-06-25","2016-04-19","2015-08-12","zD/pbYGBt/CNI35fc9ji9CCLMy2VmGvDcixbjiMW+U0=","NEON.BET.D02.002165","PTEPER2","Pterostichus permundus","species",,"Say",,"Ciegler, J. C. 2000. Ground beetles and wrinkled bark beetles of South Carolina (Coleoptera: Geadephaga: Carabidae and Rhysodidae). Biota of South Carolina. Vol. 1. Clemson, S. Clemson University.",,"wYCqaZcA+7tKZqVSOMaNBCcRKvQIOBzP","wYCqaZcA+7tKZqVSOMaNBCcRKvQIOBzP",
"13e05bed-7908-4008-80a0-c9c02dcc2279","BLAN_005.basePlot.bet","D02","BLAN","BLAN_005","W","2015-06-11","2015-06-25","2016-04-19","2015-08-12","z8g4o9caFRP037RQd/7+6Hmlbe94GYUigveUcxgj6Bc=","NEON.BET.D02.002252","CYCFUR","Cyclotrachelus furtivus","species",,"LeConte",,"Freitag, R. 1969. A revision of the species of the genus Evarthrus LeConte. Quaestiones Entomologicae 5:89-212.",,"wYCqaZcA+7tKZqVSOMaNBCcRKvQIOBzP","wYCqaZcA+7tKZqVSOMaNBCcRKvQIOBzP",
"c0aabcf8-b68b-45a9-9027-6e80f1735444","BLAN_005.basePlot.bet","D02","BLAN","BLAN_005","W","2015-06-11","2015-06-25","2016-04-19","2015-08-12","z8g4o9caFRP037RQd/7+6Hmlbe94GYUigveUcxgj6Bc=","NEON.BET.D02.002253","CYCFUR","Cyclotrachelus furtivus","species",,"LeConte",,"Freitag, R. 1969. A revision of the species of the genus Evarthrus LeConte. Quaestiones Entomologicae 5:89-212.",,"wYCqaZcA+7tKZqVSOMaNBCcRKvQIOBzP","wYCqaZcA+7tKZqVSOMaNBCcRKvQIOBzP",
"3c5716ac-a011-445e-8f40-469cfc013814","BLAN_009.basePlot.bet","D02","BLAN","BLAN_009","W","2015-06-11","2015-06-25","2016-04-21","2015-10-01","7TKpA4ipJZC3iyN1MAGJU0BbKfXevppltoWAWsBTYAg=","NEON.BET.D02.002413","ANIAGR","Anisodactylus agricola","species",,"Say",,"Lindroth, C. H. 1969. The ground-beetles (Carabidae, excl. Cicindelinae) of Canada and Alaska, parts 1-6. Opuscula E. Entomoligiska Sallskapet.",,"wYCqaZcA+7tKZqVSOMaNBCcRKvQIOBzP","wYCqaZcA+7tKZqVSOMaNBCcRKvQIOBzP",
"b034e6d0-53f0-49d3-b6dc-be6d0ceb2c2e","BLAN_009.basePlot.bet","D02","BLAN","BLAN_009","W","2015-06-11","2015-06-25","2016-04-21","2015-10-01","7TKpA4ipJZC3iyN1MAGJU0BbKfXevppltoWAWsBTYAg=","NEON.BET.D02.002414","ANIAGR","Anisodactylus agricola","species",,"Say",,"Lindroth, C. H. 1969. The ground-beetles (Carabidae, excl. Cicindelinae) of Canada and Alaska, parts 1-6. Opuscula E. Entomoligiska Sallskapet.",,"wYCqaZcA+7tKZqVSOMaNBCcRKvQIOBzP","wYCqaZcA+7tKZqVSOMaNBCcRKvQIOBzP",
"43097a97-b870-413b-8537-bdcf23f865e1","BLAN_009.basePlot.bet","D02","BLAN","BLAN_009","W","2015-06-11","2015-06-25","2016-04-19","2015-08-13","7TKpA4ipJZC3iyN1MAGJU5G3+BYV5rnrAEcr30W4CZc=","NEON.BET.D02.002259","CYCFUR","Cyclotrachelus furtivus","species",,"LeConte",,"Freitag, R. 1969. A revision of the species of the genus Evarthrus LeConte. Quaestiones Entomologicae 5:89-212.",,"wYCqaZcA+7tKZqVSOMaNBCcRKvQIOBzP","wYCqaZcA+7tKZqVSOMaNBCcRKvQIOBzP",
