uid,namedLocation,domainID,siteID,plotID,trapID,setDate,collectDate,processingDate,etOHChangeDate,identifiedDate,sampleID,subsampleID,sampleType,taxonID,scientificName,taxonRank,identificationQualifier,scientificNameAuthorship,morphospeciesID,individualCount,identificationReferences,identifiedBy,recordedBy,remarks
"6498dd2e-a770-45ed-86df-040a6e5c1c65","STER_026.basePlot.bet","D10","STER","STER_026","E","2016-05-26","2016-06-09","2016-06-10","2016-06-13",,"STER_026.E.20160609","B74IC5C471rjhSH6661BkxSQCrUlU940NsllpeekWvQ=","invert bycatch",,,,,,,,,,"1dFEKNySUBNuq4xEVAo4quQhHklgSxBG",
"beff1294-a6ff-4cd5-be5e-b37f9baac2d8","STER_032.basePlot.bet","D10","STER","STER_032","E","2016-05-26","2016-06-09","2016-06-10","2016-06-10",,"STER_032.E.20160609","fEa5yf30aQzicgq9P0mTtgajt53hkYUzAjzJEntj5n4=","invert bycatch",,,,,,,,,,"b5Bt2/WAcobZn6HG5BJ0XugSCqR8u1Uj4+iyEzptoVg=",
"6889d871-9aca-4907-945f-129e3e13cbe6","STER_029.basePlot.bet","D10","STER","STER_029","E","2016-05-26","2016-06-09","2016-06-10","2016-06-16",,"STER_029.E.20160609","KK2q9nxeS92e3IMlBRZxExGnNKEjhQ4qOWFqB0OgExo=","invert bycatch",,,,,,,,,,"b5Bt2/WAcobZn6HG5BJ0XugSCqR8u1Uj4+iyEzptoVg=",
"a58f9525-b8d8-4a7d-93b0-5e922f2fccc1","STER_029.basePlot.bet","D10","STER","STER_029","E","2016-05-26","2016-06-09","2016-06-10","2016-06-16",,"STER_029.E.20160609","KK2q9nxeS92e3IMlBRZxExGnNKEjhQ4qDn01qMQgxds=","invert bycatch",,,,,,,,,,"b5Bt2/WAcobZn6HG5BJ0XugSCqR8u1Uj4+iyEzptoVg=",
"256de991-fc74-4e68-b4b1-f8337bd57c86","STER_033.basePlot.bet","D10","STER","STER_033","E","2016-05-26","2016-06-09","2016-06-10","2016-06-10",,"STER_033.E.20160609","Yx5jJOWNohKdpe2cMom7TgSww2gfV6qcxka6rnFD0xA=","invert bycatch",,,,,,,,,,"1dFEKNySUBNuq4xEVAo4quQhHklgSxBG",
"053fb9c9-c1d1-478e-93d7-7fd38e981d8a","STER_031.basePlot.bet","D10","STER","STER_031","E","2016-05-26","2016-06-09","2016-06-10","2016-06-15",,"STER_031.E.20160609","1mQK2LOpYfvrwO7dlxcIOitEXhcxOCUqi75u0JmunRA=","invert bycatch",,,,,,,,,,"2lRMQQ1w1tjxtWhGz93Yd/OOt4CTCGT1",
"4675fe8f-2eca-42e3-bfce-86d801b6983f","STER_034.basePlot.bet","D10","STER","STER_034","E","2016-05-26","2016-06-09","2016-06-10","2016-06-10",,"STER_034.E.20160609","v+COazD1kvzKZOS2FQGo8/2YJZcnB5qjitsY90gPPyo=","invert bycatch",,,,,,,,,,"1dFEKNySUBNuq4xEVAo4quQhHklgSxBG",
"47754701-6cf0-4278-b8cb-ba6d6e0055b8","STER_029.basePlot.bet","D10","STER","STER_029","E","2016-05-26","2016-06-09","2016-06-10","2016-06-16",,"STER_029.E.20160609","KK2q9nxeS92e3IMlBRZxExGnNKEjhQ4qxzu+2aOa9S4=","invert bycatch",,,,,,,,,,"b5Bt2/WAcobZn6HG5BJ0XugSCqR8u1Uj4+iyEzptoVg=",
"683bd285-fff2-4df5-b838-dab82e676f49","STER_027.basePlot.bet","D10","STER","STER_027","E","2016-05-26","2016-06-09","2016-06-10","2016-06-13",,"STER_027.E.20160609","FuEDHNSxWAmc/15Wxuckn3FvEX9Fmtwjwko8WbCJMSI=","invert bycatch",,,,,,,,,,"b5Bt2/WAcobZn6HG5BJ0XugSCqR8u1Uj4+iyEzptoVg=",
"d11d88cd-9bea-4c03-bc03-a7953219b85d","STER_006.basePlot.bet","D10","STER","STER_006","E","2016-05-26","2016-06-09","2016-06-10","2016-06-10",,"STER_006.E.20160609","LZ9IDatJ8HFDXTtW0gMi2d4A9SAWI1rgWd9WaDlLIJk=","invert bycatch",,,,,,,,,,"b5Bt2/WAcobZn6HG5BJ0XugSCqR8u1Uj4+iyEzptoVg=",
"a07a208f-1ac9-4d58-aca7-5174b805e7d6","STER_035.basePlot.bet","D10","STER","STER_035","E","2016-05-26","2016-06-09","2016-06-10","2016-06-13",,"STER_035.E.20160609","xZ4ZeMJQZ4LlGOmP5AeAQgk9g0+veRITjob2JWJ88kM=","invert bycatch",,,,,,,,,,"1dFEKNySUBNuq4xEVAo4quQhHklgSxBG",
"43e3eace-8f0c-4d6c-99bb-5d4f83962db3","STER_028.basePlot.bet","D10","STER","STER_028","E","2016-05-26","2016-06-09","2016-06-10","2016-06-13",,"STER_028.E.20160609","bW2EsnYmokWwFDmr+GEyy0DnPf14Vr823wB1a6u19AI=","invert bycatch",,,,,,,,,,"b5Bt2/WAcobZn6HG5BJ0XugSCqR8u1Uj4+iyEzptoVg=",
"0c6a9957-6717-4853-808b-83a8cb1fb0b7","STER_028.basePlot.bet","D10","STER","STER_028","N","2016-05-26","2016-06-09","2016-06-10","2016-06-13",,"STER_028.N.20160609","bW2EsnYmokUCrOeXNIU31JFnC+0UE7f/+DpoQLaBGc4=","invert bycatch",,,,,,,,,,"b5Bt2/WAcobZn6HG5BJ0XugSCqR8u1Uj4+iyEzptoVg=",
"39cc225c-49dd-4e2d-9b07-ddcfd84f0b1a","STER_029.basePlot.bet","D10","STER","STER_029","N","2016-05-26","2016-06-09","2016-06-10","2016-06-16",,"STER_029.N.20160609","KK2q9nxeS93hsGU0VErqtCZ8XLYzFBdngj0tlKycCCQ=","invert bycatch",,,,,,,,,,"b5Bt2/WAcobZn6HG5BJ0XugSCqR8u1Uj4+iyEzptoVg=",
"500ec5e8-088c-44f4-b41b-7414baaff081","STER_029.basePlot.bet","D10","STER","STER_029","N","2016-05-26","2016-06-09","2016-06-10","2016-06-16",,"STER_029.N.20160609","KK2q9nxeS93hsGU0VErqtCZ8XLYzFBdnvTpsJs3jhJc=","invert bycatch",,,,,,,,,,"b5Bt2/WAcobZn6HG5BJ0XugSCqR8u1Uj4+iyEzptoVg=",
"322cf044-d608-4be4-a48c-74c447a1bf4b","STER_033.basePlot.bet","D10","STER","STER_033","N","2016-05-26","2016-06-09","2016-06-10","2016-06-13",,"STER_033.N.20160609","Yx5jJOWNohJtX59K9dCdIrCUZMsuOTwocAPHGiGu668=","invert bycatch",,,,,,,,,,"1dFEKNySUBNuq4xEVAo4quQhHklgSxBG",
"045e7e1c-78e1-4dec-a97b-2e4bdd006675","STER_031.basePlot.bet","D10","STER","STER_031","N","2016-05-26","2016-06-09","2016-06-10","2016-06-15",,"STER_031.N.20160609","1mQK2LOpYfus2AIqMc4Zib3ha/Hdqt4HIG4OtRoaEtY=","invert bycatch",,,,,,,,,,"2lRMQQ1w1tjxtWhGz93Yd/OOt4CTCGT1",
"368c7a07-3189-4ba1-b6f5-56762558e71f","STER_026.basePlot.bet","D10","STER","STER_026","N","2016-05-26","2016-06-09","2016-06-10","2016-06-15",,"STER_026.N.20160609","B74IC5C471oNUtCg9DiZtNbM17UFqclI5FhllgRXwE0=","invert bycatch",,,,,,,,,,"1dFEKNySUBNuq4xEVAo4quQhHklgSxBG",
"5d6d6014-97b4-48a8-92c4-aeb5378bc92a","STER_034.basePlot.bet","D10","STER","STER_034","N","2016-05-26","2016-06-09","2016-06-10","2016-06-10",,"STER_034.N.20160609","v+COazD1kvygjsD0TKh98YuAkaCaMEbd81E/ogP+k0o=","invert bycatch",,,,,,,,,,"1dFEKNySUBNuq4xEVAo4quQhHklgSxBG",
"01e3555c-4a1d-4495-b638-d9282cedf54b","STER_006.basePlot.bet","D10","STER","STER_006","N","2016-05-26","2016-06-09","2016-06-10","2016-06-10",,"STER_006.N.20160609","LZ9IDatJ8HEyQ+pEV9Sognd85cnxuhMu34cbg8+FSiw=","invert bycatch",,,,,,,,,,"b5Bt2/WAcobZn6HG5BJ0XugSCqR8u1Uj4+iyEzptoVg=",
"2e116022-a468-4a6b-bbce-f07e44e4433a","STER_032.basePlot.bet","D10","STER","STER_032","N","2016-05-26","2016-06-09","2016-06-10","2016-06-10",,"STER_032.N.20160609","fEa5yf30aQwfaJSgBuEOpWvOb+Ws8WWrUCBhNw2dGrU=","invert bycatch",,,,,,,,,,"b5Bt2/WAcobZn6HG5BJ0XugSCqR8u1Uj4+iyEzptoVg=",
"2e9d1cb0-1f32-4a20-bdb3-5e99836ab819","STER_026.basePlot.bet","D10","STER","STER_026","N","2016-05-26","2016-06-09","2016-06-10","2016-06-15",,"STER_026.N.20160609","B74IC5C471oNUtCg9DiZtNbM17UFqclImG388ZKFg0k=","invert bycatch",,,,,,,,,,"1dFEKNySUBNuq4xEVAo4quQhHklgSxBG",
"d74fb3ba-f058-4b84-aa84-d281792deead","STER_029.basePlot.bet","D10","STER","STER_029","N","2016-05-26","2016-06-09","2016-06-10","2016-06-16",,"STER_029.N.20160609","KK2q9nxeS93hsGU0VErqtCZ8XLYzFBdnFHyhFaY35nc=","invert bycatch",,,,,,,,,,"b5Bt2/WAcobZn6HG5BJ0XugSCqR8u1Uj4+iyEzptoVg=",
"cbd40904-3517-466b-b72f-4be663769135","STER_027.basePlot.bet","D10","STER","STER_027","N","2016-05-26","2016-06-09","2016-06-10","2016-06-15",,"STER_027.N.20160609","FuEDHNSxWAnZxfZwvcCyGYXftKAAI34/+iN0vx0yTU4=","invert bycatch",,,,,,,,,,"b5Bt2/WAcobZn6HG5BJ0XugSCqR8u1Uj4+iyEzptoVg=",
"500d5fef-ba90-4bc0-b053-813aae069939","STER_026.basePlot.bet","D10","STER","STER_026","N","2016-05-26","2016-06-09","2016-06-10","2016-06-15",,"STER_026.N.20160609","B74IC5C471oNUtCg9DiZtNbM17UFqclISoYf1vHFth8=","invert bycatch",,,,,,,,,,"1dFEKNySUBNuq4xEVAo4quQhHklgSxBG",
"0076997e-f6d9-4d0a-994c-11c25b7da8f1","STER_035.basePlot.bet","D10","STER","STER_035","N","2016-05-26","2016-06-09","2016-06-10","2016-06-13",,"STER_035.N.20160609","xZ4ZeMJQZ4JChvGm8LhPyrDrIciqHqqu5G8mw6SaNyE=","invert bycatch",,,,,,,,,,"1dFEKNySUBNuq4xEVAo4quQhHklgSxBG",
"43eb6eba-1ebb-4160-9712-48b8571916ed","STER_026.basePlot.bet","D10","STER","STER_026","N","2016-05-26","2016-06-09","2016-06-10","2016-06-15",,"STER_026.N.20160609","B74IC5C471oNUtCg9DiZtNbM17UFqclIP0qmh9AeC5k=","invert bycatch",,,,,,,,,,"1dFEKNySUBNuq4xEVAo4quQhHklgSxBG",
"72dabe13-5bd9-4822-889a-0008cfc533d3","STER_026.basePlot.bet","D10","STER","STER_026","N","2016-05-26","2016-06-09","2016-06-10","2016-06-15",,"STER_026.N.20160609","B74IC5C471oNUtCg9DiZtNbM17UFqclISYcVwzBAJ5E=","invert bycatch",,,,,,,,,,"1dFEKNySUBNuq4xEVAo4quQhHklgSxBG",
"960341a5-95ed-407c-865b-b395492619b2","STER_031.basePlot.bet","D10","STER","STER_031","S","2016-05-26","2016-06-09","2016-06-10","2016-07-12",,"STER_031.S.20160609","1mQK2LOpYfs1Nqgpf2Xv9rDMrTpd9caSI4tCWLgmCEw=","invert bycatch",,,,,,,,,,"HSlvaVWuylYImjCC4uvHBYNPBVD1Q8JF",
"c10f0775-b5bb-4055-b6f4-05587db8b237","STER_031.basePlot.bet","D10","STER","STER_031","S","2016-05-26","2016-06-09","2016-06-10","2016-06-15",,"STER_031.S.20160609","1mQK2LOpYfs1Nqgpf2Xv9rDMrTpd9caSmNsNMzZ+dgY=","invert bycatch",,,,,,,,,,"2lRMQQ1w1tjxtWhGz93Yd/OOt4CTCGT1",
"5ce38037-4224-4e53-a8f9-a9a87820622f","STER_027.basePlot.bet","D10","STER","STER_027","S","2016-05-26","2016-06-09","2016-06-10","2016-06-15",,"STER_027.S.20160609","FuEDHNSxWAkrfjiouW3tS3zHzqoaMAjEgHiuesXcUss=","invert bycatch",,,,,,,,,,"1dFEKNySUBNuq4xEVAo4quQhHklgSxBG",
"162b895f-27dc-4fd1-8fa4-8a1f088e782d","STER_027.basePlot.bet","D10","STER","STER_027","S","2016-05-26","2016-06-09","2016-06-10","2016-06-13",,"STER_027.S.20160609","FuEDHNSxWAkrfjiouW3tS3zHzqoaMAjErxAaJNjptdw=","invert bycatch",,,,,,,,,,"1dFEKNySUBNuq4xEVAo4quQhHklgSxBG",
"aaa94251-b5d0-4898-afbb-b28264049e7c","STER_027.basePlot.bet","D10","STER","STER_027","S","2016-05-26","2016-06-09","2016-06-10","2016-06-15",,"STER_027.S.20160609","FuEDHNSxWAkrfjiouW3tS3zHzqoaMAjEkb+1JjZJ+78=","invert bycatch",,,,,,,,,,"1dFEKNySUBNuq4xEVAo4quQhHklgSxBG",
"bd5e3eb8-5978-4fae-8997-0d805f4a6ce4","STER_032.basePlot.bet","D10","STER","STER_032","S","2016-05-26","2016-06-09","2016-06-10","2016-06-10",,"STER_032.S.20160609","fEa5yf30aQwp75wy0Y3JkgUbqgF+Q/9bLorHcj2ju+4=","invert bycatch",,,,,,,,,,"b5Bt2/WAcobZn6HG5BJ0XugSCqR8u1Uj4+iyEzptoVg=",
"07c7517f-43de-4973-98d8-49781a6b908a","STER_034.basePlot.bet","D10","STER","STER_034","S","2016-05-26","2016-06-09","2016-06-10","2016-06-10",,"STER_034.S.20160609","v+COazD1kvySfUAC/AyAKAt7kOkr1AF/+pwdpTAdHFM=","invert bycatch",,,,,,,,,,"1dFEKNySUBNuq4xEVAo4quQhHklgSxBG",
"5193b204-6e5e-46fd-abf1-afca21db116c","STER_026.basePlot.bet","D10","STER","STER_026","S","2016-05-26","2016-06-09","2016-06-10","2016-06-15",,"STER_026.S.20160609","B74IC5C471qouuisQhx+oRUdPGURdGIvGEhkmFFjDb8=","invert bycatch",,,,,,,,,,"1dFEKNySUBNuq4xEVAo4quQhHklgSxBG",
"e7a09ffb-6b9a-4ebb-bcc8-3484d08cca24","STER_028.basePlot.bet","D10","STER","STER_028","S","2016-05-26","2016-06-09","2016-06-10","2016-06-13",,"STER_028.S.20160609","bW2EsnYmokXAs97IE28AqGIiT/6ZLSmOKNKhrZ5w3TU=","invert bycatch",,,,,,,,,,"b5Bt2/WAcobZn6HG5BJ0XugSCqR8u1Uj4+iyEzptoVg=",
"368e95ea-ba5f-441c-9df7-dcceb83dc392","STER_029.basePlot.bet","D10","STER","STER_029","S","2016-05-26","2016-06-09","2016-06-10","2016-06-16",,"STER_029.S.20160609","KK2q9nxeS92VV6d169jvE1piyMHUzb9Jp475PX1umtk=","invert bycatch",,,,,,,,,,"b5Bt2/WAcobZn6HG5BJ0XugSCqR8u1Uj4+iyEzptoVg=",
"fefcc7f7-ed50-4552-9d96-d7334af7591e","STER_029.basePlot.bet","D10","STER","STER_029","S","2016-05-26","2016-06-09","2016-06-10","2016-06-16",,"STER_029.S.20160609","KK2q9nxeS92VV6d169jvE1piyMHUzb9JQMx/fVkr2lo=","invert bycatch",,,,,,,,,,"b5Bt2/WAcobZn6HG5BJ0XugSCqR8u1Uj4+iyEzptoVg=",
"c5a8e47d-cb36-49d1-9743-322d355e34bb","STER_006.basePlot.bet","D10","STER","STER_006","S","2016-05-26","2016-06-09","2016-06-10","2016-06-10",,"STER_006.S.20160609","LZ9IDatJ8HHV/UlNjrlwNjbVuIYI7gJAMTKTnm0+ijM=","invert bycatch",,,,,,,,,,"b5Bt2/WAcobZn6HG5BJ0XugSCqR8u1Uj4+iyEzptoVg=",
"0ec6f775-77fe-41a7-9826-6f13d3ea7d59","STER_033.basePlot.bet","D10","STER","STER_033","S","2016-05-26","2016-06-09","2016-06-10","2016-06-13",,"STER_033.S.20160609","Yx5jJOWNohKpjpeDPmSMc5cHC6b5Ntqv9Xrjv3kMXAQ=","invert bycatch",,,,,,,,,,"1dFEKNySUBNuq4xEVAo4quQhHklgSxBG",
"e212daf2-2e48-4a4b-9d28-9617c6bffc3f","STER_031.basePlot.bet","D10","STER","STER_031","S","2016-05-26","2016-06-09","2016-06-10","2016-06-15",,"STER_031.S.20160609","1mQK2LOpYfs1Nqgpf2Xv9rDMrTpd9caSL4VfWXhOOkA=","invert bycatch",,,,,,,,,,"2lRMQQ1w1tjxtWhGz93Yd/OOt4CTCGT1",
"f9b5b087-a89d-4a37-adbc-a93d87308c80","STER_035.basePlot.bet","D10","STER","STER_035","S","2016-05-26","2016-06-09","2016-06-10","2016-06-13",,"STER_035.S.20160609","xZ4ZeMJQZ4LmjIIB8RTGVLw7/OsaYydDWrG0R5CumGc=","invert bycatch",,,,,,,,,,"1dFEKNySUBNuq4xEVAo4quQhHklgSxBG",
"842ac088-e339-40b6-a2d9-8b4bd17709e9","STER_031.basePlot.bet","D10","STER","STER_031","S","2016-05-26","2016-06-09","2016-06-10","2016-06-15",,"STER_031.S.20160609","1mQK2LOpYfs1Nqgpf2Xv9rDMrTpd9caSLSx9ab6XrUM=","invert bycatch",,,,,,,,,,"2lRMQQ1w1tjxtWhGz93Yd/OOt4CTCGT1",
"61cdd058-cd74-407f-ba71-7e076e802df8","STER_031.basePlot.bet","D10","STER","STER_031","S","2016-05-26","2016-06-09","2016-06-10","2016-06-15",,"STER_031.S.20160609","1mQK2LOpYfs1Nqgpf2Xv9rDMrTpd9caSyU2EjQPvfWs=","invert bycatch",,,,,,,,,,"2lRMQQ1w1tjxtWhGz93Yd/OOt4CTCGT1",
"f9eba8b2-c6f8-4fc1-bac9-0ca016a2bdf6","STER_032.basePlot.bet","D10","STER","STER_032","W","2016-05-26","2016-06-09","2016-06-10","2016-06-10",,"STER_032.W.20160609","fEa5yf30aQzdwJHHVXQK6A0Kov6uHG5zGc+9YAzfh00=","invert bycatch",,,,,,,,,,"b5Bt2/WAcobZn6HG5BJ0XugSCqR8u1Uj4+iyEzptoVg=",
"5ec3369e-f364-458e-be71-f61d5b8cfbed","STER_006.basePlot.bet","D10","STER","STER_006","W","2016-05-26","2016-06-09","2016-06-10","2016-06-10",,"STER_006.W.20160609","LZ9IDatJ8HHIh9JIuMGohmobh5sx4P5RIiAWixfe/VE=","invert bycatch",,,,,,,,,,"b5Bt2/WAcobZn6HG5BJ0XugSCqR8u1Uj4+iyEzptoVg=",
"aee206db-052f-4142-9d56-c3643969bff4","STER_034.basePlot.bet","D10","STER","STER_034","W","2016-05-26","2016-06-09","2016-06-10","2016-06-10",,"STER_034.W.20160609","v+COazD1kvxlwXJ9OvWsF0NtAOb5RP547tGT9fbnlhA=","invert bycatch",,,,,,,,,,"1dFEKNySUBNuq4xEVAo4quQhHklgSxBG",
"dcd4b578-c345-4b37-b0e3-4f0be757592a","STER_032.basePlot.bet","D10","STER","STER_032","W","2016-05-26","2016-06-09","2016-06-10","2016-06-10",,"STER_032.W.20160609","fEa5yf30aQzdwJHHVXQK6A0Kov6uHG5zTiEHCl/fs5w=","invert bycatch",,,,,,,,,,"b5Bt2/WAcobZn6HG5BJ0XugSCqR8u1Uj4+iyEzptoVg=",
"fa6c5b19-4029-4b5d-bc85-63ab6f0a5ccc","STER_029.basePlot.bet","D10","STER","STER_029","W","2016-05-26","2016-06-09","2016-06-10","2016-06-16",,"STER_029.W.20160609","KK2q9nxeS90u+2a0lnn9RN1LA5ksAaS8y/Cz4IvfTXk=","invert bycatch",,,,,,,,,,"b5Bt2/WAcobZn6HG5BJ0XugSCqR8u1Uj4+iyEzptoVg=",
"978772d2-2a34-42c1-b9ba-0c57912aa48d","STER_029.basePlot.bet","D10","STER","STER_029","W","2016-05-26","2016-06-09","2016-06-10","2016-06-16",,"STER_029.W.20160609","KK2q9nxeS90u+2a0lnn9RN1LA5ksAaS8m9j487YBfGE=","invert bycatch",,,,,,,,,,"b5Bt2/WAcobZn6HG5BJ0XugSCqR8u1Uj4+iyEzptoVg=",
"d0dc3114-95ba-452a-8b7b-ee33907bdf85","STER_027.basePlot.bet","D10","STER","STER_027","W","2016-05-26","2016-06-09","2016-06-10","2016-06-13",,"STER_027.W.20160609","FuEDHNSxWAmZWHt1hbABrh8LNd8r9Q8Epj8cK7q8o9o=","invert bycatch",,,,,,,,,,"b5Bt2/WAcobZn6HG5BJ0XugSCqR8u1Uj4+iyEzptoVg=",
"01ffe332-7121-4c02-a5e7-41d6bdf9bc99","STER_029.basePlot.bet","D10","STER","STER_029","W","2016-05-26","2016-06-09","2016-06-10","2016-06-16",,"STER_029.W.20160609","KK2q9nxeS90u+2a0lnn9RN1LA5ksAaS86jdoTiVWHj4=","invert bycatch",,,,,,,,,,"b5Bt2/WAcobZn6HG5BJ0XugSCqR8u1Uj4+iyEzptoVg=",
"c5ef4bba-c077-42c5-b23d-d2f8779dcfad","STER_029.basePlot.bet","D10","STER","STER_029","W","2016-05-26","2016-06-09","2016-06-10","2016-06-16",,"STER_029.W.20160609","KK2q9nxeS90u+2a0lnn9RN1LA5ksAaS8BClqJMdEONE=","invert bycatch",,,,,,,,,,"b5Bt2/WAcobZn6HG5BJ0XugSCqR8u1Uj4+iyEzptoVg=",
"8444ac49-b63e-40a2-b45e-65e13b7b4a2a","STER_031.basePlot.bet","D10","STER","STER_031","W","2016-05-26","2016-06-09","2016-06-10","2016-06-15",,"STER_031.W.20160609","1mQK2LOpYfvJLO0VXC+dL+08Sds087xFv0PKaKHaOK4=","invert bycatch",,,,,,,,,,"2lRMQQ1w1tjxtWhGz93Yd/OOt4CTCGT1",
"75db4010-6efa-4089-ada7-6e129708543a","STER_035.basePlot.bet","D10","STER","STER_035","W","2016-05-26","2016-06-09","2016-06-10","2016-06-13",,"STER_035.W.20160609","xZ4ZeMJQZ4IoX9FxJzUo/13BKlTpHQFR13q6ybUFcJI=","invert bycatch",,,,,,,,,,"1dFEKNySUBNuq4xEVAo4quQhHklgSxBG",
"c165d15e-61f3-467f-8915-da93e9393975","STER_026.basePlot.bet","D10","STER","STER_026","W","2016-05-26","2016-06-09","2016-06-10","2016-06-15",,"STER_026.W.20160609","B74IC5C471q3YfeP5RkV4/jsrqnJW7YWhP8ibhGoJPw=","invert bycatch",,,,,,,,,,"1dFEKNySUBNuq4xEVAo4quQhHklgSxBG",
"3b8f9f0b-3962-4f9c-a9f1-40047b020cd2","STER_032.basePlot.bet","D10","STER","STER_032","W","2016-05-26","2016-06-09","2016-06-10","2016-06-10",,"STER_032.W.20160609","fEa5yf30aQzdwJHHVXQK6A0Kov6uHG5zGaIsBMkUzLE=","invert bycatch",,,,,,,,,,"b5Bt2/WAcobZn6HG5BJ0XugSCqR8u1Uj4+iyEzptoVg=",
"39e42331-795a-4408-886f-9852c7f1d6d9","STER_028.basePlot.bet","D10","STER","STER_028","W","2016-05-26","2016-06-09","2016-06-10","2016-06-13",,"STER_028.W.20160609","bW2EsnYmokV36rmDJhanIIDw5RGsLFGNgeLbjrtkqlw=","invert bycatch",,,,,,,,,,"b5Bt2/WAcobZn6HG5BJ0XugSCqR8u1Uj4+iyEzptoVg=",
"8214c6f3-4842-42e9-9990-ce69a52c7164","STER_033.basePlot.bet","D10","STER","STER_033","W","2016-05-26","2016-06-09","2016-06-10","2016-06-13",,"STER_033.W.20160609","Yx5jJOWNohI74SaT9wKoqgzvo82mNNU0SQX1Rp1Vv+8=","invert bycatch",,,,,,,,,,"1dFEKNySUBNuq4xEVAo4quQhHklgSxBG",
"cb2477f4-aa9f-4805-a369-1f3885b1e92b","STER_026.basePlot.bet","D10","STER","STER_026","E","2016-06-09","2016-06-23","2016-06-24","2016-07-06",,"STER_026.E.20160623","B74IC5C471rjhSH6661Bk43H1wCW63f6ruPC915QoCI=","invert bycatch",,,,,,,,,,"fWHghMULgzyLQT5uSQt1ttIq3KHhEA0M",
"dc7588c7-c231-4b56-8e58-3ee9d1c552bd","STER_032.basePlot.bet","D10","STER","STER_032","W","2016-06-09","2016-06-23","2016-06-24","2016-07-07",,"STER_032.W.20160623","fEa5yf30aQzdwJHHVXQK6Ld55Fp2/18vnSR5moM2oAw=","invert bycatch",,,,,,,,,,"EWrRKg8wzIMaNrWK6a7MhpXyyIIOA6PNDE6EHntJeoM=",
"ec61053d-d7a0-435e-9b62-5959ab65d103","STER_035.basePlot.bet","D10","STER","STER_035","E","2016-06-09","2016-06-23","2016-06-24","2016-06-24",,"STER_035.E.20160623","xZ4ZeMJQZ4LlGOmP5AeAQvfeEX4oNuixsEDo1LyfyPI=","invert bycatch",,,,,,,,,,"/H9GLxVsm6WFraZjcy6LCqsNDzKzoqIN9mmXI2mgQR4=",
"19617490-22f4-466f-adf2-be2d8cf07108","STER_033.basePlot.bet","D10","STER","STER_033","E","2016-06-09","2016-06-23","2016-06-24","2016-06-27",,"STER_033.E.20160623","Yx5jJOWNohKdpe2cMom7TlV4nz/gbI7fzEKjsnb+DB4=","invert bycatch",,,,,,,,,,"/H9GLxVsm6WFraZjcy6LCqsNDzKzoqIN9mmXI2mgQR4=",
"80b4fb30-92ec-443d-8e51-24acc56fde21","STER_006.basePlot.bet","D10","STER","STER_006","E","2016-06-09","2016-06-23","2016-06-24","2016-07-01",,"STER_006.E.20160623","LZ9IDatJ8HFDXTtW0gMi2ahNCKJ0HKBthG9gI0AG75A=","invert bycatch",,,,,,,,,,"b5Bt2/WAcobZn6HG5BJ0XugSCqR8u1Uj4+iyEzptoVg=",
"5be66403-89f8-49f9-bf40-fe5153442b42","STER_027.basePlot.bet","D10","STER","STER_027","E","2016-06-09","2016-06-23","2016-06-24","2016-07-06",,"STER_027.E.20160623","FuEDHNSxWAmc/15Wxuckn+AahU0rx53TtBhULOJKNoI=","invert bycatch",,,,,,,,,,"EWrRKg8wzIMaNrWK6a7MhpXyyIIOA6PNDE6EHntJeoM=",
"119827a3-59cb-46ee-a86d-7cbcfef3e89e","STER_029.basePlot.bet","D10","STER","STER_029","E","2016-06-09","2016-06-23","2016-06-24","2016-06-27",,"STER_029.E.20160623","KK2q9nxeS92e3IMlBRZxE+qTo2hydk4mrRHCXQ5LL+E=","invert bycatch",,,,,,,,,,"48hv/AdwGIWrgDvcddzRzIUnxx28rW9g",
"679e5b96-50d7-499e-a6f6-dd01e1ce1636","STER_032.basePlot.bet","D10","STER","STER_032","E","2016-06-09","2016-06-23","2016-06-24","2016-07-12",,"STER_032.E.20160623","fEa5yf30aQzicgq9P0mTtidUpXy2HZGnhcXWHUC0wOM=","invert bycatch",,,,,,,,,,"HSlvaVWuylYImjCC4uvHBYNPBVD1Q8JF",
"67dac4ca-115b-4f04-85ec-c919c2bc1b15","STER_032.basePlot.bet","D10","STER","STER_032","E","2016-06-09","2016-06-23","2016-06-24","2016-07-12",,"STER_032.E.20160623","fEa5yf30aQzicgq9P0mTtidUpXy2HZGnoX6K3l4Yrvs=","invert bycatch",,,,,,,,,,"HSlvaVWuylYImjCC4uvHBYNPBVD1Q8JF",
"2cf23ded-ab96-497d-bdea-4e9224653bfa","STER_032.basePlot.bet","D10","STER","STER_032","E","2016-06-09","2016-06-23","2016-06-24","2016-07-07",,"STER_032.E.20160623","fEa5yf30aQzicgq9P0mTtidUpXy2HZGnB4QeW7XzGvs=","invert bycatch",,,,,,,,,,"EWrRKg8wzIMaNrWK6a7MhpXyyIIOA6PNDE6EHntJeoM=",
"38f71e32-170e-436e-bdf3-a45b4a7d6ef3","STER_032.basePlot.bet","D10","STER","STER_032","E","2016-06-09","2016-06-23","2016-06-24","2016-07-12",,"STER_032.E.20160623","fEa5yf30aQzicgq9P0mTtidUpXy2HZGnV+fBpEvxHx4=","invert bycatch",,,,,,,,,,"HSlvaVWuylYImjCC4uvHBYNPBVD1Q8JF",
"fa4e75e5-c063-432c-8a1c-2b8ceec5c61e","STER_034.basePlot.bet","D10","STER","STER_034","E","2016-06-09","2016-06-23","2016-06-24","2016-07-01",,"STER_034.E.20160623","v+COazD1kvzKZOS2FQGo83OQHPIVYea5cuoYAT/2L1E=","invert bycatch",,,,,,,,,,"5QrtPqHRz/viPX3R9a9oEhFVlvD2THHDpAVt6CMND/M=",
"7281e5cb-9d74-48ff-8d05-12f246504572","STER_029.basePlot.bet","D10","STER","STER_029","E","2016-06-09","2016-06-23","2016-06-24","2016-06-27",,"STER_029.E.20160623","KK2q9nxeS92e3IMlBRZxE+qTo2hydk4mVKMlJ+7oTDk=","invert bycatch",,,,,,,,,,"48hv/AdwGIWrgDvcddzRzIUnxx28rW9g",
"073d1378-25aa-499c-9468-018a49501fdc","STER_028.basePlot.bet","D10","STER","STER_028","E","2016-06-09","2016-06-23","2016-06-24","2016-07-07",,"STER_028.E.20160623","bW2EsnYmokWwFDmr+GEyy7+EqY531SuflrEdeL2rToE=","invert bycatch",,,,,,,,,,"fWHghMULgzyLQT5uSQt1ttIq3KHhEA0M",
"2b39f97d-ba9f-46ff-a003-dc0d6c61380e","STER_028.basePlot.bet","D10","STER","STER_028","N","2016-06-09","2016-06-23","2016-06-24","2016-07-05",,"STER_028.N.20160623","bW2EsnYmokUCrOeXNIU31JoELgS+86Tc238Sf7cWwAk=","invert bycatch",,,,,,,,,,"/H9GLxVsm6WFraZjcy6LCqsNDzKzoqIN9mmXI2mgQR4=",
"413ec86a-ae0a-443c-8192-7a008b69058d","STER_031.basePlot.bet","D10","STER","STER_031","N","2016-06-09","2016-06-23","2016-06-24","2016-07-01",,"STER_031.N.20160623","1mQK2LOpYfus2AIqMc4ZiSHN91BsFwfvxpOSHFz0lzM=","invert bycatch",,,,,,,,,,"/H9GLxVsm6WFraZjcy6LCqsNDzKzoqIN9mmXI2mgQR4=",
"1567a4a5-2c78-4ff7-9aca-24715842d1a0","STER_033.basePlot.bet","D10","STER","STER_033","N","2016-06-09","2016-06-23","2016-06-24","2016-06-29",,"STER_033.N.20160623","Yx5jJOWNohJtX59K9dCdIt5Uq+WaTxLoPMkmcFCTCjc=","invert bycatch",,,,,,,,,,"/H9GLxVsm6WFraZjcy6LCqsNDzKzoqIN9mmXI2mgQR4=",
"e1e5806b-9738-4f16-8c4b-36e3c4f25db5","STER_006.basePlot.bet","D10","STER","STER_006","N","2016-06-09","2016-06-23","2016-06-24","2016-07-01",,"STER_006.N.20160623","LZ9IDatJ8HEyQ+pEV9Sogovq0feXXz9SG8UfkNjwKvU=","invert bycatch",,,,,,,,,,"b5Bt2/WAcobZn6HG5BJ0XugSCqR8u1Uj4+iyEzptoVg=",
"695fe0f6-3932-4edb-a52e-13b51b60fa15","STER_029.basePlot.bet","D10","STER","STER_029","N","2016-06-09","2016-06-23","2016-06-24","2016-07-08",,"STER_029.N.20160623","KK2q9nxeS93hsGU0VErqtNDJfIJbIxTOWvY0L74EgPc=","invert bycatch",,,,,,,,,,"48hv/AdwGIWrgDvcddzRzIUnxx28rW9g",
"d442825b-0c71-4a2b-b1e7-5bfa063658fa","STER_029.basePlot.bet","D10","STER","STER_029","N","2016-06-09","2016-06-23","2016-06-24","2016-07-08",,"STER_029.N.20160623","KK2q9nxeS93hsGU0VErqtNDJfIJbIxTOyl3kQ4YODX0=","invert bycatch",,,,,,,,,,"48hv/AdwGIWrgDvcddzRzIUnxx28rW9g",
"be4f2a74-5063-4c09-9fc4-c82b70bf9004","STER_032.basePlot.bet","D10","STER","STER_032","N","2016-06-09","2016-06-23","2016-06-24","2016-07-07",,"STER_032.N.20160623","fEa5yf30aQwfaJSgBuEOpVP74NGKxOrdU9D8B+66PlA=","invert bycatch",,,,,,,,,,"EWrRKg8wzIMaNrWK6a7MhpXyyIIOA6PNDE6EHntJeoM=",
"1fc8fea7-d777-4653-b24e-77a57e58913f","STER_034.basePlot.bet","D10","STER","STER_034","N","2016-06-09","2016-06-23","2016-06-24","2016-07-01",,"STER_034.N.20160623","v+COazD1kvygjsD0TKh98fl5irlBzO7v+KeR1rvZcuw=","invert bycatch",,,,,,,,,,"5QrtPqHRz/viPX3R9a9oEhFVlvD2THHDpAVt6CMND/M=",
"b05a9b93-7acf-4e9a-943f-ce3f2637dc1c","STER_034.basePlot.bet","D10","STER","STER_034","N","2016-06-09","2016-06-23","2016-06-24","2016-07-01",,"STER_034.N.20160623","v+COazD1kvygjsD0TKh98fl5irlBzO7vMPXV3exN9R4=","invert bycatch",,,,,,,,,,"5QrtPqHRz/viPX3R9a9oEhFVlvD2THHDpAVt6CMND/M=",
"0882bb8f-a7b5-4f96-b241-a7ece6b5c1fd","STER_026.basePlot.bet","D10","STER","STER_026","N","2016-06-09","2016-06-23","2016-06-24","2016-07-06",,"STER_026.N.20160623","B74IC5C471oNUtCg9DiZtPoC/16b3YvJ/Sv0qh4S7P0=","invert bycatch",,,,,,,,,,"fWHghMULgzyLQT5uSQt1ttIq3KHhEA0M",
"5952ad28-b2b1-4ef4-a811-730b28466231","STER_034.basePlot.bet","D10","STER","STER_034","N","2016-06-09","2016-06-23","2016-06-24","2016-07-01",,"STER_034.N.20160623","v+COazD1kvygjsD0TKh98fl5irlBzO7vMZzhQeaDbhs=","invert bycatch",,,,,,,,,,"5QrtPqHRz/viPX3R9a9oEhFVlvD2THHDpAVt6CMND/M=",
"66b92353-3279-44c7-8149-4462d7006797","STER_035.basePlot.bet","D10","STER","STER_035","N","2016-06-09","2016-06-23","2016-06-24","2016-06-24",,"STER_035.N.20160623","xZ4ZeMJQZ4JChvGm8LhPyiCgGLl0PMRIA5Mk45g1Lg8=","invert bycatch",,,,,,,,,,"/H9GLxVsm6WFraZjcy6LCqsNDzKzoqIN9mmXI2mgQR4=",
"50399f50-cded-4028-a4cf-b4af01c97b09","STER_027.basePlot.bet","D10","STER","STER_027","N","2016-06-09","2016-06-23","2016-06-24","2016-07-06",,"STER_027.N.20160623","FuEDHNSxWAnZxfZwvcCyGVN7Z7JqP575/thLlQe1S74=","invert bycatch",,,,,,,,,,"EWrRKg8wzIMaNrWK6a7MhpXyyIIOA6PNDE6EHntJeoM=",
"ef4aa438-746f-4fae-8e1b-a4d4336cde05","STER_029.basePlot.bet","D10","STER","STER_029","N","2016-06-09","2016-06-23","2016-06-24","2016-07-08",,"STER_029.N.20160623","KK2q9nxeS93hsGU0VErqtNDJfIJbIxTOmHqrURT0A8s=","invert bycatch",,,,,,,,,,"48hv/AdwGIWrgDvcddzRzIUnxx28rW9g",
"0e2323a7-bb38-4b4c-9a4e-de6c103a1967","STER_034.basePlot.bet","D10","STER","STER_034","S","2016-06-09","2016-06-23","2016-06-24","2016-07-08",,"STER_034.S.20160623","v+COazD1kvySfUAC/AyAKOYjsU2RgXXjtY8sce1F5MI=","invert bycatch",,,,,,,,,,"fad3GbP1kauT6szusIfAI4fCy4PuXCvr",
"75be9bf8-81e0-4c76-a746-996ed14b680e","STER_032.basePlot.bet","D10","STER","STER_032","S","2016-06-09","2016-06-23","2016-06-24","2016-07-07",,"STER_032.S.20160623","fEa5yf30aQwp75wy0Y3JkrSl+/wLcojpzdM/vP5Zyh0=","invert bycatch",,,,,,,,,,"EWrRKg8wzIMaNrWK6a7MhpXyyIIOA6PNDE6EHntJeoM=",
"0fa2fa26-e914-4f67-9c01-0b68813556b5","STER_032.basePlot.bet","D10","STER","STER_032","S","2016-06-09","2016-06-23","2016-06-24","2016-07-07",,"STER_032.S.20160623","fEa5yf30aQwp75wy0Y3JkrSl+/wLcojpWVBpgDujMn4=","invert bycatch",,,,,,,,,,"EWrRKg8wzIMaNrWK6a7MhpXyyIIOA6PNDE6EHntJeoM=",
"26a342ef-62cc-471c-abfa-5f062664342a","STER_032.basePlot.bet","D10","STER","STER_032","S","2016-06-09","2016-06-23","2016-06-24","2016-07-06",,"STER_032.S.20160623","fEa5yf30aQwp75wy0Y3JkrSl+/wLcojpA9eRIt2oR5c=","invert bycatch",,,,,,,,,,"EWrRKg8wzIMaNrWK6a7MhpXyyIIOA6PNDE6EHntJeoM=",
"6a470e4f-0035-4939-a807-cb2d2cecbe7d","STER_034.basePlot.bet","D10","STER","STER_034","S","2016-06-09","2016-06-23","2016-06-24","2016-07-06",,"STER_034.S.20160623","v+COazD1kvySfUAC/AyAKOYjsU2RgXXjR97GHpYewMo=","invert bycatch",,,,,,,,,,"fad3GbP1kauT6szusIfAI4fCy4PuXCvr",
"a6a85987-50c4-4437-86d3-cbef9b72a6a7","STER_027.basePlot.bet","D10","STER","STER_027","S","2016-06-09","2016-06-23","2016-06-24","2016-07-06",,"STER_027.S.20160623","FuEDHNSxWAkrfjiouW3tS6gOk5zeJfM5mid59wLAK4Q=","invert bycatch",,,,,,,,,,"EWrRKg8wzIMaNrWK6a7MhpXyyIIOA6PNDE6EHntJeoM=",
"0a66b66a-1857-4120-961f-511dfeabaaa7","STER_027.basePlot.bet","D10","STER","STER_027","S","2016-06-09","2016-06-23","2016-06-24","2016-07-06",,"STER_027.S.20160623","FuEDHNSxWAkrfjiouW3tS6gOk5zeJfM5jdwEGmHSPuQ=","invert bycatch",,,,,,,,,,"EWrRKg8wzIMaNrWK6a7MhpXyyIIOA6PNDE6EHntJeoM=",
"47a81f6b-f1e2-4503-baed-c63c52541890","STER_027.basePlot.bet","D10","STER","STER_027","S","2016-06-09","2016-06-23","2016-06-24","2016-07-06",,"STER_027.S.20160623","FuEDHNSxWAkrfjiouW3tS6gOk5zeJfM5iWUcYn9C/+4=","invert bycatch",,,,,,,,,,"EWrRKg8wzIMaNrWK6a7MhpXyyIIOA6PNDE6EHntJeoM=",
"55d296b9-dc4c-41d8-a01c-171e77dff452","STER_029.basePlot.bet","D10","STER","STER_029","S","2016-06-09","2016-06-23","2016-06-24","2016-06-28",,"STER_029.S.20160623","KK2q9nxeS92VV6d169jvEwRIGMyO79UfPQPYrcDHumU=","invert bycatch",,,,,,,,,,"48hv/AdwGIWrgDvcddzRzIUnxx28rW9g",
"6a00b0c0-39d5-4465-ad07-ce8149a3a2c4","STER_028.basePlot.bet","D10","STER","STER_028","S","2016-06-09","2016-06-23","2016-06-24","2016-07-08",,"STER_028.S.20160623","bW2EsnYmokXAs97IE28AqEWRLcEzLemBDOZpCNcmJlA=","invert bycatch",,,,,,,,,,"fWHghMULgzyLQT5uSQt1ttIq3KHhEA0M",
"4a41805f-0e45-4f5e-9104-6c3186baf74c","STER_031.basePlot.bet","D10","STER","STER_031","S","2016-06-09","2016-06-23","2016-06-24","2016-07-05",,"STER_031.S.20160623","1mQK2LOpYfs1Nqgpf2Xv9r9r2oPGNyaGLTnwIvtgyQ8=","invert bycatch",,,,,,,,,,"/H9GLxVsm6WFraZjcy6LCqsNDzKzoqIN9mmXI2mgQR4=",
"e1eab7c0-b71e-4de4-a0bc-d3947bb82be6","STER_031.basePlot.bet","D10","STER","STER_031","S","2016-06-09","2016-06-23","2016-06-24","2016-07-05",,"STER_031.S.20160623","1mQK2LOpYfs1Nqgpf2Xv9r9r2oPGNyaGDuFlvU9rdz8=","invert bycatch",,,,,,,,,,"/H9GLxVsm6WFraZjcy6LCqsNDzKzoqIN9mmXI2mgQR4=",
"8dd557da-4c97-4788-afa6-621ee2658190","STER_031.basePlot.bet","D10","STER","STER_031","S","2016-06-09","2016-06-23","2016-06-24","2016-07-05",,"STER_031.S.20160623","1mQK2LOpYfs1Nqgpf2Xv9r9r2oPGNyaGEC+AnJ2j0P8=","invert bycatch",,,,,,,,,,"/H9GLxVsm6WFraZjcy6LCqsNDzKzoqIN9mmXI2mgQR4=",
"c732f8a0-e125-4ba3-9a3d-1406728598f3","STER_035.basePlot.bet","D10","STER","STER_035","S","2016-06-09","2016-06-23","2016-06-24","2016-06-24",,"STER_035.S.20160623","xZ4ZeMJQZ4LmjIIB8RTGVO07xFW+DS282+CVS/q+n9c=","invert bycatch",,,,,,,,,,"/H9GLxVsm6WFraZjcy6LCqsNDzKzoqIN9mmXI2mgQR4=",
"96d8f9b3-36ae-483f-a4e5-87781120ada2","STER_033.basePlot.bet","D10","STER","STER_033","S","2016-06-09","2016-06-23","2016-06-24","2016-06-27",,"STER_033.S.20160623","Yx5jJOWNohKpjpeDPmSMc9RuiiAKQyUev7HBK0JqzMo=","invert bycatch",,,,,,,,,,"/H9GLxVsm6WFraZjcy6LCqsNDzKzoqIN9mmXI2mgQR4=",
"dc63487e-b204-4ef6-8130-70aa84e089df","STER_006.basePlot.bet","D10","STER","STER_006","S","2016-06-09","2016-06-23","2016-06-24","2016-06-27",,"STER_006.S.20160623","LZ9IDatJ8HHV/UlNjrlwNv9mniG55YK3/I7eOPG6ER0=","invert bycatch",,,,,,,,,,"5QrtPqHRz/viPX3R9a9oEhFVlvD2THHDpAVt6CMND/M=",
"9585e766-92b1-4bfe-850d-f0b618acac4c","STER_031.basePlot.bet","D10","STER","STER_031","S","2016-06-09","2016-06-23","2016-06-24","2016-07-05",,"STER_031.S.20160623","1mQK2LOpYfs1Nqgpf2Xv9r9r2oPGNyaG+jWahgtL9tM=","invert bycatch",,,,,,,,,,"/H9GLxVsm6WFraZjcy6LCqsNDzKzoqIN9mmXI2mgQR4=",
"f320f5b5-5f1f-4b5c-b15b-ada18c65b807","STER_031.basePlot.bet","D10","STER","STER_031","S","2016-06-09","2016-06-23","2016-06-24","2016-07-05",,"STER_031.S.20160623","1mQK2LOpYfs1Nqgpf2Xv9r9r2oPGNyaG4XyaTkiCs+Q=","invert bycatch",,,,,,,,,,"/H9GLxVsm6WFraZjcy6LCqsNDzKzoqIN9mmXI2mgQR4=",
"46528f88-81ad-4849-9afd-ce29124d6c04","STER_027.basePlot.bet","D10","STER","STER_027","S","2016-06-09","2016-06-23","2016-06-24","2016-07-06",,"STER_027.S.20160623","FuEDHNSxWAkrfjiouW3tS6gOk5zeJfM54I7XlnC+WoI=","invert bycatch",,,,,,,,,,"EWrRKg8wzIMaNrWK6a7MhpXyyIIOA6PNDE6EHntJeoM=",
"0dcd5173-afc4-4aa1-9747-a06738e73e9d","STER_031.basePlot.bet","D10","STER","STER_031","S","2016-06-09","2016-06-23","2016-06-24","2016-07-05",,"STER_031.S.20160623","1mQK2LOpYfs1Nqgpf2Xv9r9r2oPGNyaG20v22CC0AZM=","invert bycatch",,,,,,,,,,"/H9GLxVsm6WFraZjcy6LCqsNDzKzoqIN9mmXI2mgQR4=",
"e84d17a0-a33c-45d9-94bd-126eb9a92ced","STER_027.basePlot.bet","D10","STER","STER_027","S","2016-06-09","2016-06-23","2016-06-24","2016-07-06",,"STER_027.S.20160623","FuEDHNSxWAkrfjiouW3tS6gOk5zeJfM5eIAgzCOJkbc=","invert bycatch",,,,,,,,,,"EWrRKg8wzIMaNrWK6a7MhpXyyIIOA6PNDE6EHntJeoM=",
"d39ffd52-de4f-4901-9d8d-a687c57077f4","STER_029.basePlot.bet","D10","STER","STER_029","W","2016-06-09","2016-06-23","2016-06-24","2016-07-08",,"STER_029.W.20160623","KK2q9nxeS90u+2a0lnn9RASc+5l8zLRWpp9MfANKyHI=","invert bycatch",,,,,,,,,,"48hv/AdwGIWrgDvcddzRzIUnxx28rW9g",
"a4ffa3be-7046-40b6-833f-d4ad665dcc00","STER_028.basePlot.bet","D10","STER","STER_028","W","2016-06-09","2016-06-23","2016-06-24","2016-07-05",,"STER_028.W.20160623","bW2EsnYmokV36rmDJhanIJx1anCPVLmHQUAkaPTliXo=","invert bycatch",,,,,,,,,,"/H9GLxVsm6WFraZjcy6LCqsNDzKzoqIN9mmXI2mgQR4=",
"88717431-f4ba-4b18-a487-a8c45a437edd","STER_026.basePlot.bet","D10","STER","STER_026","W","2016-06-09","2016-06-23","2016-06-24","2016-07-07",,"STER_026.W.20160623","B74IC5C471q3YfeP5RkV442r/sDxgLe/7trX1wFjzbQ=","invert bycatch",,,,,,,,,,"fWHghMULgzyLQT5uSQt1ttIq3KHhEA0M",
"93bbbb62-72c2-4795-9c3f-6441264eb2a9","STER_006.basePlot.bet","D10","STER","STER_006","W","2016-06-09","2016-06-23","2016-06-24","2016-07-01",,"STER_006.W.20160623","LZ9IDatJ8HHIh9JIuMGohp7zrHT+3oxuuSnYpChqF0g=","invert bycatch",,,,,,,,,,"b5Bt2/WAcobZn6HG5BJ0XugSCqR8u1Uj4+iyEzptoVg=",
"719c2be3-620d-4401-874e-9f80bc1e7596","STER_006.basePlot.bet","D10","STER","STER_006","W","2016-06-09","2016-06-23","2016-06-24","2016-07-01",,"STER_006.W.20160623","LZ9IDatJ8HHIh9JIuMGohp7zrHT+3oxumHxMCjv1uUw=","invert bycatch",,,,,,,,,,"b5Bt2/WAcobZn6HG5BJ0XugSCqR8u1Uj4+iyEzptoVg=",
"7fd2b6be-11bd-493f-a915-ca02bcf866e0","STER_006.basePlot.bet","D10","STER","STER_006","W","2016-06-09","2016-06-23","2016-06-24","2016-07-01",,"STER_006.W.20160623","LZ9IDatJ8HHIh9JIuMGohp7zrHT+3oxuIbfhDKunpMc=","invert bycatch",,,,,,,,,,"b5Bt2/WAcobZn6HG5BJ0XugSCqR8u1Uj4+iyEzptoVg=",
"ea4b252c-0cac-480b-98c1-fdc327619f88","STER_006.basePlot.bet","D10","STER","STER_006","W","2016-06-09","2016-06-23","2016-06-24","2016-07-01",,"STER_006.W.20160623","LZ9IDatJ8HHIh9JIuMGohp7zrHT+3oxueh5Omwlckto=","invert bycatch",,,,,,,,,,"b5Bt2/WAcobZn6HG5BJ0XugSCqR8u1Uj4+iyEzptoVg=",
"1052e9ea-8baf-42b8-86b1-9186d94b51f9","STER_027.basePlot.bet","D10","STER","STER_027","W","2016-06-09","2016-06-23","2016-06-24","2016-07-06",,"STER_027.W.20160623","FuEDHNSxWAmZWHt1hbABrklFlzk05ZwablSb/QjNoUM=","invert bycatch",,,,,,,,,,"EWrRKg8wzIMaNrWK6a7MhpXyyIIOA6PNDE6EHntJeoM=",
"5091a8f9-5244-4572-a23a-6ce5f8ffaceb","STER_006.basePlot.bet","D10","STER","STER_006","W","2016-06-09","2016-06-23","2016-06-24","2016-07-01",,"STER_006.W.20160623","LZ9IDatJ8HHIh9JIuMGohp7zrHT+3oxuSVOha6M8xP4=","invert bycatch",,,,,,,,,,"b5Bt2/WAcobZn6HG5BJ0XugSCqR8u1Uj4+iyEzptoVg=",
"f64c7c92-1851-4a5a-adbd-3c2e91daa401","STER_035.basePlot.bet","D10","STER","STER_035","W","2016-06-09","2016-06-23","2016-06-24","2016-06-24",,"STER_035.W.20160623","xZ4ZeMJQZ4IoX9FxJzUo/+c/SwWr+0VArzYrfP3boqY=","invert bycatch",,,,,,,,,,"/H9GLxVsm6WFraZjcy6LCqsNDzKzoqIN9mmXI2mgQR4=",
"954fff85-eae7-4ff6-82f1-ca165b1aff4d","STER_031.basePlot.bet","D10","STER","STER_031","W","2016-06-09","2016-06-23","2016-06-24","2016-07-01",,"STER_031.W.20160623","1mQK2LOpYfvJLO0VXC+dLy/o0IGKZ+rTZ8lrbNSTmdM=","invert bycatch",,,,,,,,,,"/H9GLxVsm6WFraZjcy6LCqsNDzKzoqIN9mmXI2mgQR4=",
"d16b854f-5fa0-4443-801e-bf5b4a60923e","STER_034.basePlot.bet","D10","STER","STER_034","W","2016-06-09","2016-06-23","2016-06-24","2016-07-08",,"STER_034.W.20160623","v+COazD1kvxlwXJ9OvWsF4fZ2m7ZomIiG3ELg9KNl5g=","invert bycatch",,,,,,,,,,"fWHghMULgzyLQT5uSQt1ttIq3KHhEA0M",
"a553551c-83cd-4369-b361-8798d0be35a7","STER_033.basePlot.bet","D10","STER","STER_033","W","2016-06-09","2016-06-23","2016-06-24","2016-06-27",,"STER_033.W.20160623","Yx5jJOWNohI74SaT9wKoqkxr2fJ/Fk4dgzO0TCZ1qfU=","invert bycatch",,,,,,,,,,"/H9GLxVsm6WFraZjcy6LCqsNDzKzoqIN9mmXI2mgQR4=",
"ef8b60b7-eedc-4e73-a88a-b0240d9f133b","STER_029.basePlot.bet","D10","STER","STER_029","W","2016-06-09","2016-06-23","2016-06-24","2016-07-08",,"STER_029.W.20160623","KK2q9nxeS90u+2a0lnn9RASc+5l8zLRWw95dH4SOIuM=","invert bycatch",,,,,,,,,,"48hv/AdwGIWrgDvcddzRzIUnxx28rW9g",
"39bc8546-fc5f-440c-b029-60bf83a0e82e","STER_031.basePlot.bet","D10","STER","STER_031","E","2016-06-09","2016-06-23","2016-06-24","2016-07-01",,"STER_031.E.20160623","1mQK2LOpYfvrwO7dlxcIOsetguo55ahO01tqxuiDDFs=","invert bycatch",,,,,,,,,,"/H9GLxVsm6WFraZjcy6LCqsNDzKzoqIN9mmXI2mgQR4=",
