uid,namedLocation,domainID,siteID,plotID,setDate,collectDate,identifiedDate,individualID,taxonID,kingdom,phylum,class,order,family,subfamily,tribe,genus,subgenus,specificEpithet,infraspecificEpithet,scientificName,scientificNameAuthorship,taxonRank,identificationQualifier,sex,morphospeciesID,identificationReferences,identifiedBy,laboratoryName,identificationRemarks,sampleCondition,dnaBarcoded,geneticSampleID,remarks
"c7cf3d9f-faab-4bf2-bacf-6edbba35dad9","OAES_003.basePlot.bet","D11","OAES","OAES_003","2015-05-26","2015-06-09","2017-01-15","NEON.BET.D11.000150","SELPED","Animalia","Arthropoda","Insecta","Coleoptera","Carabidae","Harpalinae","Harpalini","Selenophorus","Selenophorus","pedicularius",,"Selenophorus pedicularius","Dejean","species",,"M",,"Lindroth, C. H. 1969. The ground-beetles (Carabidae, excl. Cicindelinae) of Canada and Alaska, parts 1-6. Opuscula E. Entomoligiska Sallskapet.","Kipling Will","Essig Museum of Entomology",,"No known compromise","N",,
"e83ff066-4d17-44a7-9e27-5d0430265546","OAES_003.basePlot.bet","D11","OAES","OAES_003","2015-05-26","2015-06-09","2017-01-15","NEON.BET.D11.000143","SELPED","Animalia","Arthropoda","Insecta","Coleoptera","Carabidae","Harpalinae","Harpalini","Selenophorus","Selenophorus","pedicularius",,"Selenophorus pedicularius","Dejean","species",,"M",,"Lindroth, C. H. 1969. The ground-beetles (Carabidae, excl. Cicindelinae) of Canada and Alaska, parts 1-6. Opuscula E. Entomoligiska Sallskapet.","Kipling Will","Essig Museum of Entomology",,"No known compromise","N",,
"5ed65d07-09df-4720-a1be-a869ba386172","OAES_003.basePlot.bet","D11","OAES","OAES_003","2015-05-26","2015-06-09","2017-01-15","NEON.BET.D11.000154","SELPED","Animalia","Arthropoda","Insecta","Coleoptera","Carabidae","Harpalinae","Harpalini","Selenophorus","Selenophorus","pedicularius",,"Selenophorus pedicularius","Dejean","species",,"M",,"Lindroth, C. H. 1969. The ground-beetles (Carabidae, excl. Cicindelinae) of Canada and Alaska, parts 1-6. Opuscula E. Entomoligiska Sallskapet.","Kipling Will","Essig Museum of Entomology",,"No known compromise","N",,
"a139189b-cef0-456e-90c1-75dca5497303","OAES_003.basePlot.bet","D11","OAES","OAES_003","2015-05-26","2015-06-09","2017-01-15","NEON.BET.D11.000159","SELPED","Animalia","Arthropoda","Insecta","Coleoptera","Carabidae","Harpalinae","Harpalini","Selenophorus","Selenophorus","pedicularius",,"Selenophorus pedicularius","Dejean","species",,"M",,"Lindroth, C. H. 1969. The ground-beetles (Carabidae, excl. Cicindelinae) of Canada and Alaska, parts 1-6. Opuscula E. Entomoligiska Sallskapet.","Kipling Will","Essig Museum of Entomology",,"No known compromise","N",,
"d976156d-20e9-44e0-aea3-ee141b93d772","OAES_003.basePlot.bet","D11","OAES","OAES_003","2015-05-26","2015-06-09","2017-01-15","NEON.BET.D11.000148","SELPED","Animalia","Arthropoda","Insecta","Coleoptera","Carabidae","Harpalinae","Harpalini","Selenophorus","Selenophorus","pedicularius",,"Selenophorus pedicularius","Dejean","species",,"F",,"Lindroth, C. H. 1969. The ground-beetles (Carabidae, excl. Cicindelinae) of Canada and Alaska, parts 1-6. Opuscula E. Entomoligiska Sallskapet.","Kipling Will","Essig Museum of Entomology",,"No known compromise","N",,
"24ce6633-a372-4c5b-8d90-f16326db39ea","OAES_003.basePlot.bet","D11","OAES","OAES_003","2015-05-26","2015-06-09","2017-01-15","NEON.BET.D11.000145","SELPED","Animalia","Arthropoda","Insecta","Coleoptera","Carabidae","Harpalinae","Harpalini","Selenophorus","Selenophorus","pedicularius",,"Selenophorus pedicularius","Dejean","species",,"F",,"Lindroth, C. H. 1969. The ground-beetles (Carabidae, excl. Cicindelinae) of Canada and Alaska, parts 1-6. Opuscula E. Entomoligiska Sallskapet.","Kipling Will","Essig Museum of Entomology",,"No known compromise","N",,
"824dee46-ca8b-48ea-9c71-491cca2a9edc","OAES_004.basePlot.bet","D11","OAES","OAES_004","2015-05-26","2015-06-09","2017-01-15","NEON.BET.D11.000116","CYCSUB","Animalia","Arthropoda","Insecta","Coleoptera","Carabidae","Harpalinae","Pterostichini","Cyclotrachelus","Evarthrus","substriatus",,"Cyclotrachelus substriatus","LeConte","species",,"F",,"Freitag, R. 1969. A revision of the species of the genus Evarthrus LeConte. Quaestiones Entomologicae 5:89-212.","Kipling Will","Essig Museum of Entomology",,"No known compromise","N",,
"94fea6e0-367d-49d6-a685-71998a08c2d8","OAES_003.basePlot.bet","D11","OAES","OAES_003","2015-05-26","2015-06-09","2017-01-15","NEON.BET.D11.000161","SELPED","Animalia","Arthropoda","Insecta","Coleoptera","Carabidae","Harpalinae","Harpalini","Selenophorus","Selenophorus","pedicularius",,"Selenophorus pedicularius","Dejean","species",,"M",,"Lindroth, C. H. 1969. The ground-beetles (Carabidae, excl. Cicindelinae) of Canada and Alaska, parts 1-6. Opuscula E. Entomoligiska Sallskapet.","Kipling Will","Essig Museum of Entomology",,"No known compromise","N",,
"a86bc201-63d4-4788-a776-d37320585ca8","OAES_008.basePlot.bet","D11","OAES","OAES_008","2015-05-26","2015-06-09","2017-01-15","NEON.BET.D11.000140","CYCSUB","Animalia","Arthropoda","Insecta","Coleoptera","Carabidae","Harpalinae","Pterostichini","Cyclotrachelus","Evarthrus","substriatus",,"Cyclotrachelus substriatus","LeConte","species",,"F",,"Freitag, R. 1969. A revision of the species of the genus Evarthrus LeConte. Quaestiones Entomologicae 5:89-212.","Kipling Will","Essig Museum of Entomology",,"No known compromise","N",,
"0258f0b5-4414-4d18-b185-d392141e1078","OAES_004.basePlot.bet","D11","OAES","OAES_004","2015-05-26","2015-06-09","2017-01-15","NEON.BET.D11.000115","PASCAL","Animalia","Arthropoda","Insecta","Coleoptera","Carabidae","Scaritinae","Pasimachini","Pasimachus","Pasimachus","californicus",,"Pasimachus californicus","Chaudoir","species",,"M",,"Banninger, M. 1950. The subtribe Pasimachina (Coleoptera, Carabidae, Scaritini). Revista de Entomologica 21:481-511.","Kipling Will","Essig Museum of Entomology",,"No known compromise","N",,
"861897b6-e9c5-4952-a9c0-69acb5f8b394","OAES_008.basePlot.bet","D11","OAES","OAES_008","2015-05-26","2015-06-09","2017-01-15","NEON.BET.D11.000106","CYCSUB","Animalia","Arthropoda","Insecta","Coleoptera","Carabidae","Harpalinae","Pterostichini","Cyclotrachelus","Evarthrus","substriatus",,"Cyclotrachelus substriatus","LeConte","species",,"F",,"Freitag, R. 1969. A revision of the species of the genus Evarthrus LeConte. Quaestiones Entomologicae 5:89-212.","Kipling Will","Essig Museum of Entomology",,"No known compromise","N",,
"c0935e62-fc41-4828-9edf-40fc26be3c80","OAES_008.basePlot.bet","D11","OAES","OAES_008","2015-05-26","2015-06-09","2017-01-15","NEON.BET.D11.000107","CYCSUB","Animalia","Arthropoda","Insecta","Coleoptera","Carabidae","Harpalinae","Pterostichini","Cyclotrachelus","Evarthrus","substriatus",,"Cyclotrachelus substriatus","LeConte","species",,"F",,"Freitag, R. 1969. A revision of the species of the genus Evarthrus LeConte. Quaestiones Entomologicae 5:89-212.","Kipling Will","Essig Museum of Entomology",,"No known compromise","N",,
"66910a7f-f109-4d1a-b93f-95a1ac5f1a36","OAES_008.basePlot.bet","D11","OAES","OAES_008","2015-05-26","2015-06-09","2017-01-15","NEON.BET.D11.000136","CYCSUB","Animalia","Arthropoda","Insecta","Coleoptera","Carabidae","Harpalinae","Pterostichini","Cyclotrachelus","Evarthrus","substriatus",,"Cyclotrachelus substriatus","LeConte","species",,"F",,"Freitag, R. 1969. A revision of the species of the genus Evarthrus LeConte. Quaestiones Entomologicae 5:89-212.","Kipling Will","Essig Museum of Entomology",,"No known compromise","N",,
"89c48847-2e5b-41bd-a8ad-02d2e6a7dc11","OAES_008.basePlot.bet","D11","OAES","OAES_008","2015-05-26","2015-06-09","2017-01-15","NEON.BET.D11.000139","CYCSUB","Animalia","Arthropoda","Insecta","Coleoptera","Carabidae","Harpalinae","Pterostichini","Cyclotrachelus","Evarthrus","substriatus",,"Cyclotrachelus substriatus","LeConte","species",,"M",,"Freitag, R. 1969. A revision of the species of the genus Evarthrus LeConte. Quaestiones Entomologicae 5:89-212.","Kipling Will","Essig Museum of Entomology",,"No known compromise","N",,
"1b019622-746e-4c2b-92f2-dd12db0a2617","OAES_008.basePlot.bet","D11","OAES","OAES_008","2015-05-26","2015-06-09","2017-01-15","NEON.BET.D11.000110","CYCSUB","Animalia","Arthropoda","Insecta","Coleoptera","Carabidae","Harpalinae","Pterostichini","Cyclotrachelus","Evarthrus","substriatus",,"Cyclotrachelus substriatus","LeConte","species",,"F",,"Freitag, R. 1969. A revision of the species of the genus Evarthrus LeConte. Quaestiones Entomologicae 5:89-212.","Kipling Will","Essig Museum of Entomology",,"No known compromise","N",,
"b3242025-7a2a-4472-aeb1-e51489192537","OAES_008.basePlot.bet","D11","OAES","OAES_008","2015-05-26","2015-06-09","2017-01-15","NEON.BET.D11.000112","CYCSUB","Animalia","Arthropoda","Insecta","Coleoptera","Carabidae","Harpalinae","Pterostichini","Cyclotrachelus","Evarthrus","substriatus",,"Cyclotrachelus substriatus","LeConte","species",,"F",,"Freitag, R. 1969. A revision of the species of the genus Evarthrus LeConte. Quaestiones Entomologicae 5:89-212.","Kipling Will","Essig Museum of Entomology",,"No known compromise","N",,
"833510c4-c699-4879-98c1-fd784fdd4e62","OAES_008.basePlot.bet","D11","OAES","OAES_008","2015-05-26","2015-06-09","2017-01-15","NEON.BET.D11.000141","CYCSUB","Animalia","Arthropoda","Insecta","Coleoptera","Carabidae","Harpalinae","Pterostichini","Cyclotrachelus","Evarthrus","substriatus",,"Cyclotrachelus substriatus","LeConte","species",,"M",,"Freitag, R. 1969. A revision of the species of the genus Evarthrus LeConte. Quaestiones Entomologicae 5:89-212.","Kipling Will","Essig Museum of Entomology",,"No known compromise","N",,
"43dbda32-9a69-4808-a0f7-32feffa55f87","OAES_008.basePlot.bet","D11","OAES","OAES_008","2015-05-26","2015-06-09","2017-01-15","NEON.BET.D11.000133","MICDIS","Animalia","Arthropoda","Insecta","Coleoptera","Carabidae","Harpalinae","Panagaeini","Micrixys",,"distincta",,"Micrixys distincta","Haldeman","species",,"F",,"Van Dyke, E. C. 1927. A new species of Micrixys (from Mexico). The Pan-Pacific Entomologist 4:93.","Kipling Will","Essig Museum of Entomology",,"No known compromise","N",,
"ae07b654-5bb7-4767-bf7a-c6e1b11b6e03","OAES_008.basePlot.bet","D11","OAES","OAES_008","2015-05-26","2015-06-09","2017-01-15","NEON.BET.D11.000111","CYCSUB","Animalia","Arthropoda","Insecta","Coleoptera","Carabidae","Harpalinae","Pterostichini","Cyclotrachelus","Evarthrus","substriatus",,"Cyclotrachelus substriatus","LeConte","species",,"F",,"Freitag, R. 1969. A revision of the species of the genus Evarthrus LeConte. Quaestiones Entomologicae 5:89-212.","Kipling Will","Essig Museum of Entomology",,"No known compromise","N",,
"cd2006f4-52cd-46d4-a26e-c22e2a846005","OAES_008.basePlot.bet","D11","OAES","OAES_008","2015-05-26","2015-06-09","2017-01-15","NEON.BET.D11.000135","CYCSUB","Animalia","Arthropoda","Insecta","Coleoptera","Carabidae","Harpalinae","Pterostichini","Cyclotrachelus","Evarthrus","substriatus",,"Cyclotrachelus substriatus","LeConte","species",,"F",,"Freitag, R. 1969. A revision of the species of the genus Evarthrus LeConte. Quaestiones Entomologicae 5:89-212.","Kipling Will","Essig Museum of Entomology",,"No known compromise","N",,
"c2ecb1e0-3100-41ee-8136-47b66b62e0aa","OAES_008.basePlot.bet","D11","OAES","OAES_008","2015-05-26","2015-06-09","2017-01-15","NEON.BET.D11.000108","CYCSUB","Animalia","Arthropoda","Insecta","Coleoptera","Carabidae","Harpalinae","Pterostichini","Cyclotrachelus","Evarthrus","substriatus",,"Cyclotrachelus substriatus","LeConte","species",,"F",,"Freitag, R. 1969. A revision of the species of the genus Evarthrus LeConte. Quaestiones Entomologicae 5:89-212.","Kipling Will","Essig Museum of Entomology",,"No known compromise","N",,
"05d1c170-9c5b-4681-898c-c683361fdfe6","OAES_008.basePlot.bet","D11","OAES","OAES_008","2015-05-26","2015-06-09","2017-01-15","NEON.BET.D11.000109","CYCSUB","Animalia","Arthropoda","Insecta","Coleoptera","Carabidae","Harpalinae","Pterostichini","Cyclotrachelus","Evarthrus","substriatus",,"Cyclotrachelus substriatus","LeConte","species",,"F",,"Freitag, R. 1969. A revision of the species of the genus Evarthrus LeConte. Quaestiones Entomologicae 5:89-212.","Kipling Will","Essig Museum of Entomology",,"No known compromise","N",,
"5101aea6-8aad-4f54-80ed-072e4481766f","OAES_003.basePlot.bet","D11","OAES","OAES_003","2015-05-26","2015-06-09","2017-01-15","NEON.BET.D11.000168","SELPED","Animalia","Arthropoda","Insecta","Coleoptera","Carabidae","Harpalinae","Harpalini","Selenophorus","Selenophorus","pedicularius",,"Selenophorus pedicularius","Dejean","species",,"M",,"Lindroth, C. H. 1969. The ground-beetles (Carabidae, excl. Cicindelinae) of Canada and Alaska, parts 1-6. Opuscula E. Entomoligiska Sallskapet.","Kipling Will","Essig Museum of Entomology",,"No known compromise","N",,
"75283803-45a9-4b6c-9422-6733db0d136a","OAES_003.basePlot.bet","D11","OAES","OAES_003","2015-05-26","2015-06-09","2017-01-15","NEON.BET.D11.000166","SELPED","Animalia","Arthropoda","Insecta","Coleoptera","Carabidae","Harpalinae","Harpalini","Selenophorus","Selenophorus","pedicularius",,"Selenophorus pedicularius","Dejean","species",,"M",,"Lindroth, C. H. 1969. The ground-beetles (Carabidae, excl. Cicindelinae) of Canada and Alaska, parts 1-6. Opuscula E. Entomoligiska Sallskapet.","Kipling Will","Essig Museum of Entomology",,"No known compromise","N",,
"77a2eb4e-2f12-4ea2-bb92-e440af26b720","OAES_003.basePlot.bet","D11","OAES","OAES_003","2015-05-26","2015-06-09","2017-01-15","NEON.BET.D11.000165","SELPED","Animalia","Arthropoda","Insecta","Coleoptera","Carabidae","Harpalinae","Harpalini","Selenophorus","Selenophorus","pedicularius",,"Selenophorus pedicularius","Dejean","species",,"F",,"Lindroth, C. H. 1969. The ground-beetles (Carabidae, excl. Cicindelinae) of Canada and Alaska, parts 1-6. Opuscula E. Entomoligiska Sallskapet.","Kipling Will","Essig Museum of Entomology",,"No known compromise","N",,
"3c2cfadb-7135-415c-9129-56c7f626f8fa","OAES_003.basePlot.bet","D11","OAES","OAES_003","2015-05-26","2015-06-09","2017-01-15","NEON.BET.D11.000171","SELPED","Animalia","Arthropoda","Insecta","Coleoptera","Carabidae","Harpalinae","Harpalini","Selenophorus","Selenophorus","pedicularius",,"Selenophorus pedicularius","Dejean","species",,"F",,"Lindroth, C. H. 1969. The ground-beetles (Carabidae, excl. Cicindelinae) of Canada and Alaska, parts 1-6. Opuscula E. Entomoligiska Sallskapet.","Kipling Will","Essig Museum of Entomology",,"No known compromise","N",,
"f626dfc8-64ff-4770-8c89-3e5de9aca520","OAES_003.basePlot.bet","D11","OAES","OAES_003","2015-05-26","2015-06-09","2017-01-15","NEON.BET.D11.000169","SELPED","Animalia","Arthropoda","Insecta","Coleoptera","Carabidae","Harpalinae","Harpalini","Selenophorus","Selenophorus","pedicularius",,"Selenophorus pedicularius","Dejean","species",,"F",,"Lindroth, C. H. 1969. The ground-beetles (Carabidae, excl. Cicindelinae) of Canada and Alaska, parts 1-6. Opuscula E. Entomoligiska Sallskapet.","Kipling Will","Essig Museum of Entomology",,"No known compromise","N",,
"3f0dab6d-545d-41d0-b180-02ca7fa39d03","OAES_003.basePlot.bet","D11","OAES","OAES_003","2015-05-26","2015-06-09","2017-01-15","NEON.BET.D11.000164","SELPED","Animalia","Arthropoda","Insecta","Coleoptera","Carabidae","Harpalinae","Harpalini","Selenophorus","Selenophorus","pedicularius",,"Selenophorus pedicularius","Dejean","species",,"M",,"Lindroth, C. H. 1969. The ground-beetles (Carabidae, excl. Cicindelinae) of Canada and Alaska, parts 1-6. Opuscula E. Entomoligiska Sallskapet.","Kipling Will","Essig Museum of Entomology",,"No known compromise","N",,
"2c6bcbf0-8ab6-4999-873c-cae2d768f7e0","OAES_003.basePlot.bet","D11","OAES","OAES_003","2015-05-26","2015-06-09","2017-01-15","NEON.BET.D11.000170","SELPED","Animalia","Arthropoda","Insecta","Coleoptera","Carabidae","Harpalinae","Harpalini","Selenophorus","Selenophorus","pedicularius",,"Selenophorus pedicularius","Dejean","species",,"F",,"Lindroth, C. H. 1969. The ground-beetles (Carabidae, excl. Cicindelinae) of Canada and Alaska, parts 1-6. Opuscula E. Entomoligiska Sallskapet.","Kipling Will","Essig Museum of Entomology",,"No known compromise","N",,
"a2d951e7-ca53-4bc2-8e27-2b6b45424473","OAES_003.basePlot.bet","D11","OAES","OAES_003","2015-05-26","2015-06-09","2017-01-15","NEON.BET.D11.000172","SELPED","Animalia","Arthropoda","Insecta","Coleoptera","Carabidae","Harpalinae","Harpalini","Selenophorus","Selenophorus","pedicularius",,"Selenophorus pedicularius","Dejean","species",,"M",,"Lindroth, C. H. 1969. The ground-beetles (Carabidae, excl. Cicindelinae) of Canada and Alaska, parts 1-6. Opuscula E. Entomoligiska Sallskapet.","Kipling Will","Essig Museum of Entomology",,"No known compromise","N",,
"0218c928-9979-4191-a386-e335763db592","OAES_003.basePlot.bet","D11","OAES","OAES_003","2015-05-26","2015-06-09","2017-01-15","NEON.BET.D11.000162","SELPED","Animalia","Arthropoda","Insecta","Coleoptera","Carabidae","Harpalinae","Harpalini","Selenophorus","Selenophorus","pedicularius",,"Selenophorus pedicularius","Dejean","species",,"F",,"Lindroth, C. H. 1969. The ground-beetles (Carabidae, excl. Cicindelinae) of Canada and Alaska, parts 1-6. Opuscula E. Entomoligiska Sallskapet.","Kipling Will","Essig Museum of Entomology",,"No known compromise","N",,
"31854ab3-1223-40a4-92ba-34c15df3e3d8","OAES_003.basePlot.bet","D11","OAES","OAES_003","2015-05-26","2015-06-09","2017-01-15","NEON.BET.D11.000163","SELPED","Animalia","Arthropoda","Insecta","Coleoptera","Carabidae","Harpalinae","Harpalini","Selenophorus","Selenophorus","pedicularius",,"Selenophorus pedicularius","Dejean","species",,"F",,"Lindroth, C. H. 1969. The ground-beetles (Carabidae, excl. Cicindelinae) of Canada and Alaska, parts 1-6. Opuscula E. Entomoligiska Sallskapet.","Kipling Will","Essig Museum of Entomology",,"No known compromise","N",,
"51520fa3-64e6-495c-b8f6-37d166f95ff7","OAES_003.basePlot.bet","D11","OAES","OAES_003","2015-05-26","2015-06-09","2017-01-15","NEON.BET.D11.000167","SELPED","Animalia","Arthropoda","Insecta","Coleoptera","Carabidae","Harpalinae","Harpalini","Selenophorus","Selenophorus","pedicularius",,"Selenophorus pedicularius","Dejean","species",,"M",,"Lindroth, C. H. 1969. The ground-beetles (Carabidae, excl. Cicindelinae) of Canada and Alaska, parts 1-6. Opuscula E. Entomoligiska Sallskapet.","Kipling Will","Essig Museum of Entomology",,"No known compromise","N",,
"945afbe6-3aec-4076-8ee3-b84f883786b3","OAES_002.basePlot.bet","D11","OAES","OAES_002","2015-05-26","2015-06-09","2017-01-15","NEON.BET.D11.000103","PASCAL","Animalia","Arthropoda","Insecta","Coleoptera","Carabidae","Scaritinae","Pasimachini","Pasimachus","Pasimachus","californicus",,"Pasimachus californicus","Chaudoir","species",,"M",,"Banninger, M. 1950. The subtribe Pasimachina (Coleoptera, Carabidae, Scaritini). Revista de Entomologica 21:481-511.","Kipling Will","Essig Museum of Entomology",,"No known compromise","N",,
"26c310ba-937d-448f-b0d5-13e2c975f065","OAES_007.basePlot.bet","D11","OAES","OAES_007","2015-05-26","2015-06-09","2017-01-15","NEON.BET.D11.000126","HARKAT","Animalia","Arthropoda","Insecta","Coleoptera","Carabidae","Harpalinae","Harpalini","Harpalus","Megapangus","katiae",,"Harpalus katiae","Battoni","species",,"F",,"Noonan, G. R. 1991. Classification, Cladistics, and Natural History of Native North American Harpalus Latreille (Insecta: Coleoptera: Carabidae: Harpalini), excluding subgenera Glanodes and Pseudophonus.","Kipling Will","Essig Museum of Entomology",,"No known compromise","N",,
"aee72c0c-7a60-4b90-aa24-1e8b8c543076","OAES_006.basePlot.bet","D11","OAES","OAES_006","2015-05-26","2015-06-09","2017-01-15","NEON.BET.D11.000114","CYCSUB","Animalia","Arthropoda","Insecta","Coleoptera","Carabidae","Harpalinae","Pterostichini","Cyclotrachelus","Evarthrus","substriatus",,"Cyclotrachelus substriatus","LeConte","species",,"M",,"Freitag, R. 1969. A revision of the species of the genus Evarthrus LeConte. Quaestiones Entomologicae 5:89-212.","Kipling Will","Essig Museum of Entomology",,"No known compromise","N",,
"97777fea-c987-47a7-b038-f0c34b216cf5","OAES_007.basePlot.bet","D11","OAES","OAES_007","2015-05-26","2015-06-09","2017-01-15","NEON.BET.D11.000127","SCAVIC","Animalia","Arthropoda","Insecta","Coleoptera","Carabidae","Scaritinae","Scaritini","Scarites","Scarites","vicinus",,"Scarites vicinus","Chaudoir","species",,"U",,"Bousquet, Y. and P. E. Skelley. 2010. Description of a New Species of Scarites Fabricius (Coleoptera: Carabidae) from Florida. The Coleopterists Bulletin 64(1): 45-49.","Kipling Will","Essig Museum of Entomology",,"No known compromise","N",,
"ce320b0d-7a4c-41c4-b0c4-b24e82bd7199","OAES_001.basePlot.bet","D11","OAES","OAES_001","2015-05-26","2015-06-09","2017-01-15","NEON.BET.D11.000123","HARPAR","Animalia","Arthropoda","Insecta","Coleoptera","Carabidae","Harpalinae","Harpalini","Harpalus","Pseudoophonus","paratus",,"Harpalus paratus","Casey","species",,"M",,"Ball, G. E., and J. N. Anderson. 1962. The taxonomy and speciation of Pseudophonus (a subgenus of Harpalus: Haralini: Carabidae, known to occur in North America). The Catholic University of America Press, Washington 17, D. C.","Kipling Will","Essig Museum of Entomology",,"No known compromise","N",,
"e938fc80-167e-4013-9c7f-440117eff287","OAES_001.basePlot.bet","D11","OAES","OAES_001","2015-05-26","2015-06-09","2017-01-15","NEON.BET.D11.000125","CYCSUB","Animalia","Arthropoda","Insecta","Coleoptera","Carabidae","Harpalinae","Pterostichini","Cyclotrachelus","Evarthrus","substriatus",,"Cyclotrachelus substriatus","LeConte","species",,"M",,"Freitag, R. 1969. A revision of the species of the genus Evarthrus LeConte. Quaestiones Entomologicae 5:89-212.","Kipling Will","Essig Museum of Entomology",,"No known compromise","N",,
"4e9b39b5-f59a-4e04-9cd3-ef3f66671653","OAES_001.basePlot.bet","D11","OAES","OAES_001","2015-05-26","2015-06-09","2017-01-15","NEON.BET.D11.000121","HARCAL","Animalia","Arthropoda","Insecta","Coleoptera","Carabidae","Harpalinae","Harpalini","Harpalus","Megapangus","caliginosus",,"Harpalus caliginosus","Fabricius","species",,"F",,"Will, K. W. 1997. Review of the species of the subgenus Megapangus Casey (Coeloptera: Carabidae, Harpalini, Harpalus Latreille). The Coleopterists Bulletin 51:43-51.","Kipling Will","Essig Museum of Entomology",,"No known compromise","N",,
"089ebb3e-4542-4c69-8636-210219a50ad5","OAES_001.basePlot.bet","D11","OAES","OAES_001","2015-05-26","2015-06-09","2017-01-15","NEON.BET.D11.000124","CYCSUB","Animalia","Arthropoda","Insecta","Coleoptera","Carabidae","Harpalinae","Pterostichini","Cyclotrachelus","Evarthrus","substriatus",,"Cyclotrachelus substriatus","LeConte","species",,"F",,"Freitag, R. 1969. A revision of the species of the genus Evarthrus LeConte. Quaestiones Entomologicae 5:89-212.","Kipling Will","Essig Museum of Entomology",,"No known compromise","N",,
"4f20832e-3e4e-4e23-905d-49317ef39992","OAES_002.basePlot.bet","D11","OAES","OAES_002","2015-05-26","2015-06-09","2017-01-15","NEON.BET.D11.000105","CYCSUB","Animalia","Arthropoda","Insecta","Coleoptera","Carabidae","Harpalinae","Pterostichini","Cyclotrachelus","Evarthrus","substriatus",,"Cyclotrachelus substriatus","LeConte","species",,"F",,"Freitag, R. 1969. A revision of the species of the genus Evarthrus LeConte. Quaestiones Entomologicae 5:89-212.","Kipling Will","Essig Museum of Entomology",,"No known compromise","N",,
"687a368b-a829-43ea-bb41-daef6bdd16e0","OAES_002.basePlot.bet","D11","OAES","OAES_002","2015-05-26","2015-06-09","2017-01-15","NEON.BET.D11.000104","HARPAR","Animalia","Arthropoda","Insecta","Coleoptera","Carabidae","Harpalinae","Harpalini","Harpalus","Pseudoophonus","paratus",,"Harpalus paratus","Casey","species",,"M",,"Ball, G. E., and J. N. Anderson. 1962. The taxonomy and speciation of Pseudophonus (a subgenus of Harpalus: Haralini: Carabidae, known to occur in North America). The Catholic University of America Press, Washington 17, D. C.","Kipling Will","Essig Museum of Entomology",,"No known compromise","N",,
"5a79b37a-2d3b-4073-9644-2b9fbf8a3756","OAES_002.basePlot.bet","D11","OAES","OAES_002","2015-05-26","2015-06-09","2017-01-15","NEON.BET.D11.000113","CALOPA","Animalia","Arthropoda","Insecta","Coleoptera","Carabidae","Harpalinae","Sphodrini","Calathus","Neocalathus","opaculus",,"Calathus opaculus","LeConte","species",,"M",,"Lindroth, C. H. 1969. The ground-beetles (Carabidae, excl. Cicindelinae) of Canada and Alaska, parts 1-6. Opuscula E. Entomoligiska Sallskapet.","Kipling Will","Essig Museum of Entomology",,"No known compromise","N",,
"13a0580e-cbc0-426c-a48f-8950686d3344","OAES_005.basePlot.bet","D11","OAES","OAES_005","2015-05-26","2015-06-09","2017-01-15","NEON.BET.D11.000130","CHLTOM","Animalia","Arthropoda","Insecta","Coleoptera","Carabidae","Harpalinae","Chlaeniini","Chlaenius","Eurydactylus","tomentosus",,"Chlaenius tomentosus","Say","species",,"M",,"Bell, R. T. 1960. A Revision of the Genus Chlaenius Bonelli (Coleoptera, Carabidae) in North America. Miscellaneous Publications of the Entomological Society of America 1:98-166.","Kipling Will","Essig Museum of Entomology",,"No known compromise","N",,
"982e7f5f-1e56-4bea-b72a-e28d5883246a","OAES_005.basePlot.bet","D11","OAES","OAES_005","2015-05-26","2015-06-09","2017-01-15","NEON.BET.D11.000129","SCAVIC","Animalia","Arthropoda","Insecta","Coleoptera","Carabidae","Scaritinae","Scaritini","Scarites","Scarites","vicinus",,"Scarites vicinus","Chaudoir","species",,"U",,"Bousquet, Y. and P. E. Skelley. 2010. Description of a New Species of Scarites Fabricius (Coleoptera: Carabidae) from Florida. The Coleopterists Bulletin 64(1): 45-49.","Kipling Will","Essig Museum of Entomology",,"No known compromise","N",,
"fedd6ad4-fd73-4d63-9ab7-99b55ee683a2","OAES_005.basePlot.bet","D11","OAES","OAES_005","2015-05-26","2015-06-09","2017-01-15","NEON.BET.D11.000132","CYCSUB","Animalia","Arthropoda","Insecta","Coleoptera","Carabidae","Harpalinae","Pterostichini","Cyclotrachelus","Evarthrus","substriatus",,"Cyclotrachelus substriatus","LeConte","species",,"F",,"Freitag, R. 1969. A revision of the species of the genus Evarthrus LeConte. Quaestiones Entomologicae 5:89-212.","Kipling Will","Essig Museum of Entomology",,"No known compromise","N",,
"d930577d-8dd4-433b-848f-3ad62e17e3f4","OAES_005.basePlot.bet","D11","OAES","OAES_005","2015-05-26","2015-06-09","2017-01-15","NEON.BET.D11.000131","CYCSUB","Animalia","Arthropoda","Insecta","Coleoptera","Carabidae","Harpalinae","Pterostichini","Cyclotrachelus","Evarthrus","substriatus",,"Cyclotrachelus substriatus","LeConte","species",,"F",,"Freitag, R. 1969. A revision of the species of the genus Evarthrus LeConte. Quaestiones Entomologicae 5:89-212.","Kipling Will","Essig Museum of Entomology",,"No known compromise","N",,
"2d634ed2-cd0d-478f-b914-b4957f82f502","OAES_005.basePlot.bet","D11","OAES","OAES_005","2015-05-26","2015-06-09","2017-01-15","NEON.BET.D11.000128","SELPED","Animalia","Arthropoda","Insecta","Coleoptera","Carabidae","Harpalinae","Harpalini","Selenophorus","Selenophorus","pedicularius",,"Selenophorus pedicularius","Dejean","species",,"F",,"Lindroth, C. H. 1969. The ground-beetles (Carabidae, excl. Cicindelinae) of Canada and Alaska, parts 1-6. Opuscula E. Entomoligiska Sallskapet.","Kipling Will","Essig Museum of Entomology",,"No known compromise","N",,
"1d8fb3e6-099c-4328-a3fb-0683306c7820","OAES_003.basePlot.bet","D11","OAES","OAES_003","2015-05-26","2015-06-09","2017-01-15","NEON.BET.D11.000157","SELPED","Animalia","Arthropoda","Insecta","Coleoptera","Carabidae","Harpalinae","Harpalini","Selenophorus","Selenophorus","pedicularius",,"Selenophorus pedicularius","Dejean","species",,"M",,"Lindroth, C. H. 1969. The ground-beetles (Carabidae, excl. Cicindelinae) of Canada and Alaska, parts 1-6. Opuscula E. Entomoligiska Sallskapet.","Kipling Will","Essig Museum of Entomology",,"No known compromise","N",,
"bd77271c-fd6c-4a99-9aa1-2595e9865862","OAES_003.basePlot.bet","D11","OAES","OAES_003","2015-05-26","2015-06-09","2017-01-15","NEON.BET.D11.000156","SELPED","Animalia","Arthropoda","Insecta","Coleoptera","Carabidae","Harpalinae","Harpalini","Selenophorus","Selenophorus","pedicularius",,"Selenophorus pedicularius","Dejean","species",,"M",,"Lindroth, C. H. 1969. The ground-beetles (Carabidae, excl. Cicindelinae) of Canada and Alaska, parts 1-6. Opuscula E. Entomoligiska Sallskapet.","Kipling Will","Essig Museum of Entomology",,"No known compromise","N",,
"bc5fab56-61ba-48d1-b645-eaba2a1a5b1f","OAES_003.basePlot.bet","D11","OAES","OAES_003","2015-05-26","2015-06-09","2017-01-15","NEON.BET.D11.000152","SELPED","Animalia","Arthropoda","Insecta","Coleoptera","Carabidae","Harpalinae","Harpalini","Selenophorus","Selenophorus","pedicularius",,"Selenophorus pedicularius","Dejean","species",,"F",,"Lindroth, C. H. 1969. The ground-beetles (Carabidae, excl. Cicindelinae) of Canada and Alaska, parts 1-6. Opuscula E. Entomoligiska Sallskapet.","Kipling Will","Essig Museum of Entomology",,"No known compromise","N",,
"6efc197e-d636-443b-b522-225610a9bcb6","OAES_003.basePlot.bet","D11","OAES","OAES_003","2015-05-26","2015-06-09","2017-01-15","NEON.BET.D11.000151","SELPED","Animalia","Arthropoda","Insecta","Coleoptera","Carabidae","Harpalinae","Harpalini","Selenophorus","Selenophorus","pedicularius",,"Selenophorus pedicularius","Dejean","species",,"M",,"Lindroth, C. H. 1969. The ground-beetles (Carabidae, excl. Cicindelinae) of Canada and Alaska, parts 1-6. Opuscula E. Entomoligiska Sallskapet.","Kipling Will","Essig Museum of Entomology",,"No known compromise","N",,
"993a172d-8ac7-400f-bd77-dec9da99dd32","OAES_003.basePlot.bet","D11","OAES","OAES_003","2015-05-26","2015-06-09","2017-01-15","NEON.BET.D11.000149","SELPED","Animalia","Arthropoda","Insecta","Coleoptera","Carabidae","Harpalinae","Harpalini","Selenophorus","Selenophorus","pedicularius",,"Selenophorus pedicularius","Dejean","species",,"F",,"Lindroth, C. H. 1969. The ground-beetles (Carabidae, excl. Cicindelinae) of Canada and Alaska, parts 1-6. Opuscula E. Entomoligiska Sallskapet.","Kipling Will","Essig Museum of Entomology",,"No known compromise","N",,
"8920081e-1ec1-4766-95ca-c13de8e7881a","OAES_003.basePlot.bet","D11","OAES","OAES_003","2015-05-26","2015-06-09","2017-01-15","NEON.BET.D11.000153","SELPED","Animalia","Arthropoda","Insecta","Coleoptera","Carabidae","Harpalinae","Harpalini","Selenophorus","Selenophorus","pedicularius",,"Selenophorus pedicularius","Dejean","species",,"M",,"Lindroth, C. H. 1969. The ground-beetles (Carabidae, excl. Cicindelinae) of Canada and Alaska, parts 1-6. Opuscula E. Entomoligiska Sallskapet.","Kipling Will","Essig Museum of Entomology",,"No known compromise","N",,
"bdc9a633-3850-41c1-847e-3eab370bea72","OAES_003.basePlot.bet","D11","OAES","OAES_003","2015-05-26","2015-06-09","2017-01-15","NEON.BET.D11.000144","SELPED","Animalia","Arthropoda","Insecta","Coleoptera","Carabidae","Harpalinae","Harpalini","Selenophorus","Selenophorus","pedicularius",,"Selenophorus pedicularius","Dejean","species",,"M",,"Lindroth, C. H. 1969. The ground-beetles (Carabidae, excl. Cicindelinae) of Canada and Alaska, parts 1-6. Opuscula E. Entomoligiska Sallskapet.","Kipling Will","Essig Museum of Entomology",,"No known compromise","N",,
"78af8e8e-a8e0-435d-82a6-99be50043840","OAES_003.basePlot.bet","D11","OAES","OAES_003","2015-05-26","2015-06-09","2017-01-15","NEON.BET.D11.000155","CYLCEL","Animalia","Arthropoda","Insecta","Coleoptera","Carabidae","Cicindelinae","Cicindelini","Cylindera","Cylindera","celeripes",,"Cylindera celeripes","LeConte","species",,"F",,"Pearson, D., C. B. Knisley, and C. J. Kazilek. 2006. A Field Guide to the Tiger Beetles of the United States and Canada: Identification, Natural History, and Distribution of the Cicindelidae. Oxford University Press, New York.","Kipling Will","Essig Museum of Entomology",,"No known compromise","N",,
"d8f3df61-b985-48aa-b35b-d9aa2cbcac78","OAES_003.basePlot.bet","D11","OAES","OAES_003","2015-05-26","2015-06-09","2017-01-15","NEON.BET.D11.000146","SELPED","Animalia","Arthropoda","Insecta","Coleoptera","Carabidae","Harpalinae","Harpalini","Selenophorus","Selenophorus","pedicularius",,"Selenophorus pedicularius","Dejean","species",,"F",,"Lindroth, C. H. 1969. The ground-beetles (Carabidae, excl. Cicindelinae) of Canada and Alaska, parts 1-6. Opuscula E. Entomoligiska Sallskapet.","Kipling Will","Essig Museum of Entomology",,"No known compromise","N",,
"d13b4b57-da30-46dd-b370-17ee93487f22","OAES_003.basePlot.bet","D11","OAES","OAES_003","2015-05-26","2015-06-09","2017-01-15","NEON.BET.D11.000160","SELPED","Animalia","Arthropoda","Insecta","Coleoptera","Carabidae","Harpalinae","Harpalini","Selenophorus","Selenophorus","pedicularius",,"Selenophorus pedicularius","Dejean","species",,"M",,"Lindroth, C. H. 1969. The ground-beetles (Carabidae, excl. Cicindelinae) of Canada and Alaska, parts 1-6. Opuscula E. Entomoligiska Sallskapet.","Kipling Will","Essig Museum of Entomology",,"No known compromise","N",,
"c1d4606d-ace0-4682-b1b1-a0c16476f13f","OAES_003.basePlot.bet","D11","OAES","OAES_003","2015-05-26","2015-06-09","2017-01-15","NEON.BET.D11.000142","SELPED","Animalia","Arthropoda","Insecta","Coleoptera","Carabidae","Harpalinae","Harpalini","Selenophorus","Selenophorus","pedicularius",,"Selenophorus pedicularius","Dejean","species",,"M",,"Lindroth, C. H. 1969. The ground-beetles (Carabidae, excl. Cicindelinae) of Canada and Alaska, parts 1-6. Opuscula E. Entomoligiska Sallskapet.","Kipling Will","Essig Museum of Entomology",,"No known compromise","N",,
"85c03e3b-bc88-4fa2-94bb-726b892f0e42","OAES_003.basePlot.bet","D11","OAES","OAES_003","2015-05-26","2015-06-09","2017-01-15","NEON.BET.D11.000158","SELPED","Animalia","Arthropoda","Insecta","Coleoptera","Carabidae","Harpalinae","Harpalini","Selenophorus","Selenophorus","pedicularius",,"Selenophorus pedicularius","Dejean","species",,"F",,"Lindroth, C. H. 1969. The ground-beetles (Carabidae, excl. Cicindelinae) of Canada and Alaska, parts 1-6. Opuscula E. Entomoligiska Sallskapet.","Kipling Will","Essig Museum of Entomology",,"No known compromise","N",,
"24313aac-16a3-4b29-ac73-f31b0dbf158b","OAES_003.basePlot.bet","D11","OAES","OAES_003","2015-05-26","2015-06-09","2017-01-15","NEON.BET.D11.000147","SELPED","Animalia","Arthropoda","Insecta","Coleoptera","Carabidae","Harpalinae","Harpalini","Selenophorus","Selenophorus","pedicularius",,"Selenophorus pedicularius","Dejean","species",,"M",,"Lindroth, C. H. 1969. The ground-beetles (Carabidae, excl. Cicindelinae) of Canada and Alaska, parts 1-6. Opuscula E. Entomoligiska Sallskapet.","Kipling Will","Essig Museum of Entomology",,"No known compromise","N",,
"717fc7fe-363a-4302-8e13-4cfb8714eb98","OAES_008.basePlot.bet","D11","OAES","OAES_008","2015-06-09","2015-06-23","2017-01-15","NEON.BET.D11.000211","DROBEL","Animalia","Arthropoda","Insecta","Coleoptera","Carabidae","Cicindelinae","Cicindelini","Dromochorus",,"belfragei",,"Dromochorus belfragei","Salle","species",,"F",,"Pearson, D., C. B. Knisley, and C. J. Kazilek. 2006. A Field Guide to the Tiger Beetles of the United States and Canada: Identification, Natural History, and Distribution of the Cicindelidae. Oxford University Press, New York.","Kipling Will","Essig Museum of Entomology",,"No known compromise","N",,
"b2ef69b3-4db4-4286-9504-69c0022d004d","OAES_006.basePlot.bet","D11","OAES","OAES_006","2015-06-09","2015-06-23","2017-01-15","NEON.BET.D11.000206","CYCSUB","Animalia","Arthropoda","Insecta","Coleoptera","Carabidae","Harpalinae","Pterostichini","Cyclotrachelus","Evarthrus","substriatus",,"Cyclotrachelus substriatus","LeConte","species",,"M",,"Freitag, R. 1969. A revision of the species of the genus Evarthrus LeConte. Quaestiones Entomologicae 5:89-212.","Kipling Will","Essig Museum of Entomology",,"No known compromise","N",,
"2ad0ac62-b3cd-480f-8952-c6e3025562eb","OAES_008.basePlot.bet","D11","OAES","OAES_008","2015-06-09","2015-06-23","2017-01-15","NEON.BET.D11.000210","DROBEL","Animalia","Arthropoda","Insecta","Coleoptera","Carabidae","Cicindelinae","Cicindelini","Dromochorus",,"belfragei",,"Dromochorus belfragei","Salle","species",,"F",,"Pearson, D., C. B. Knisley, and C. J. Kazilek. 2006. A Field Guide to the Tiger Beetles of the United States and Canada: Identification, Natural History, and Distribution of the Cicindelidae. Oxford University Press, New York.","Kipling Will","Essig Museum of Entomology",,"No known compromise","N",,
"af115cd4-ffd0-4d2a-bedd-cf7e52ed5a27","OAES_008.basePlot.bet","D11","OAES","OAES_008","2015-06-09","2015-06-23","2017-01-15","NEON.BET.D11.000212","DROBEL","Animalia","Arthropoda","Insecta","Coleoptera","Carabidae","Cicindelinae","Cicindelini","Dromochorus",,"belfragei",,"Dromochorus belfragei","Salle","species",,"F",,"Pearson, D., C. B. Knisley, and C. J. Kazilek. 2006. A Field Guide to the Tiger Beetles of the United States and Canada: Identification, Natural History, and Distribution of the Cicindelidae. Oxford University Press, New York.","Kipling Will","Essig Museum of Entomology",,"No known compromise","N",,
"92f0ecae-69d7-49b0-a6b3-82be6a61b717","OAES_004.basePlot.bet","D11","OAES","OAES_004","2015-06-09","2015-06-23","2017-01-15","NEON.BET.D11.000199","SCASUB2","Animalia","Arthropoda","Insecta","Coleoptera","Carabidae","Scaritinae","Scaritini","Scarites","Scarites","subterraneus",,"Scarites subterraneus","Fabricius","species",,"U",,"Bousquet, Y. and P. E. Skelley. 2010. Description of a New Species of Scarites Fabricius (Coleoptera: Carabidae) from Florida. The Coleopterists Bulletin 64(1): 45-49.","Kipling Will","Essig Museum of Entomology",,"No known compromise","N",,
"16eba80d-4e92-4b88-9116-a51342e76de1","OAES_004.basePlot.bet","D11","OAES","OAES_004","2015-06-09","2015-06-23","2017-01-15","NEON.BET.D11.000177","PASCAL","Animalia","Arthropoda","Insecta","Coleoptera","Carabidae","Scaritinae","Pasimachini","Pasimachus","Pasimachus","californicus",,"Pasimachus californicus","Chaudoir","species",,"M",,"Banninger, M. 1950. The subtribe Pasimachina (Coleoptera, Carabidae, Scaritini). Revista de Entomologica 21:481-511.","Kipling Will","Essig Museum of Entomology",,"No known compromise","N",,
"3105bbe1-08c2-461a-b90b-2d3bf6036bb0","OAES_004.basePlot.bet","D11","OAES","OAES_004","2015-06-09","2015-06-23","2017-01-15","NEON.BET.D11.000178","DROBEL","Animalia","Arthropoda","Insecta","Coleoptera","Carabidae","Cicindelinae","Cicindelini","Dromochorus",,"belfragei",,"Dromochorus belfragei","Salle","species",,"M",,"Pearson, D., C. B. Knisley, and C. J. Kazilek. 2006. A Field Guide to the Tiger Beetles of the United States and Canada: Identification, Natural History, and Distribution of the Cicindelidae. Oxford University Press, New York.","Kipling Will","Essig Museum of Entomology",,"No known compromise","N",,
"fa70fab7-8f26-47de-9599-b633720ec656","OAES_004.basePlot.bet","D11","OAES","OAES_004","2015-06-09","2015-06-23","2017-01-15","NEON.BET.D11.000179","DROBEL","Animalia","Arthropoda","Insecta","Coleoptera","Carabidae","Cicindelinae","Cicindelini","Dromochorus",,"belfragei",,"Dromochorus belfragei","Salle","species",,"F",,"Pearson, D., C. B. Knisley, and C. J. Kazilek. 2006. A Field Guide to the Tiger Beetles of the United States and Canada: Identification, Natural History, and Distribution of the Cicindelidae. Oxford University Press, New York.","Kipling Will","Essig Museum of Entomology",,"No known compromise","N",,
"9e9f4ffa-5435-4666-8327-9ee1c3cf80ef","OAES_003.basePlot.bet","D11","OAES","OAES_003","2015-06-09","2015-06-23","2017-01-15","NEON.BET.D11.000205","BEMRAP","Animalia","Arthropoda","Insecta","Coleoptera","Carabidae","Trechinae","Bembidiini","Bembidion","Notaphus","rapidum",,"Bembidion rapidum","LeConte","species",,"M",,"Lindroth, C. H. 1969. The ground-beetles (Carabidae, excl. Cicindelinae) of Canada and Alaska, parts 1-6. Opuscula E. Entomoligiska Sallskapet.","Kipling Will","Essig Museum of Entomology",,"No known compromise","N",,
"89f257fd-b78f-4cba-aa96-28281d31eeee","OAES_003.basePlot.bet","D11","OAES","OAES_003","2015-06-09","2015-06-23","2017-01-15","NEON.BET.D11.000198","ANIRUS","Animalia","Arthropoda","Insecta","Coleoptera","Carabidae","Harpalinae","Harpalini","Anisodactylus","Gynandrotarsus","rusticus",,"Anisodactylus rusticus","Say","species",,"M",,"Lindroth, C. H. 1969. The ground-beetles (Carabidae, excl. Cicindelinae) of Canada and Alaska, parts 1-6. Opuscula E. Entomoligiska Sallskapet.","Kipling Will","Essig Museum of Entomology",,"No known compromise","N",,
"c6a2aa86-79ea-40d1-9f9f-d302e5d178e0","OAES_003.basePlot.bet","D11","OAES","OAES_003","2015-06-09","2015-06-23","2017-01-15","NEON.BET.D11.000204","ANIRUS","Animalia","Arthropoda","Insecta","Coleoptera","Carabidae","Harpalinae","Harpalini","Anisodactylus","Gynandrotarsus","rusticus",,"Anisodactylus rusticus","Say","species",,"F",,"Lindroth, C. H. 1969. The ground-beetles (Carabidae, excl. Cicindelinae) of Canada and Alaska, parts 1-6. Opuscula E. Entomoligiska Sallskapet.","Kipling Will","Essig Museum of Entomology",,"No known compromise","N",,
"9202666c-15bc-4133-98d4-b3cfc8f224e9","OAES_005.basePlot.bet","D11","OAES","OAES_005","2015-06-09","2015-06-23","2017-01-15","NEON.BET.D11.000189","DROBEL","Animalia","Arthropoda","Insecta","Coleoptera","Carabidae","Cicindelinae","Cicindelini","Dromochorus",,"belfragei",,"Dromochorus belfragei","Salle","species",,"M",,"Pearson, D., C. B. Knisley, and C. J. Kazilek. 2006. A Field Guide to the Tiger Beetles of the United States and Canada: Identification, Natural History, and Distribution of the Cicindelidae. Oxford University Press, New York.","Kipling Will","Essig Museum of Entomology",,"No known compromise","N",,
"aac97ba7-88ef-43a3-97a7-9b13f3a490e1","OAES_005.basePlot.bet","D11","OAES","OAES_005","2015-06-09","2015-06-23","2017-01-15","NEON.BET.D11.000195","SELPED","Animalia","Arthropoda","Insecta","Coleoptera","Carabidae","Harpalinae","Harpalini","Selenophorus","Selenophorus","pedicularius",,"Selenophorus pedicularius","Dejean","species",,"M",,"Lindroth, C. H. 1969. The ground-beetles (Carabidae, excl. Cicindelinae) of Canada and Alaska, parts 1-6. Opuscula E. Entomoligiska Sallskapet.","Kipling Will","Essig Museum of Entomology",,"No known compromise","N",,
"3b7aa27a-3130-427c-b489-53e3eeca1d32","OAES_005.basePlot.bet","D11","OAES","OAES_005","2015-06-09","2015-06-23","2017-01-15","NEON.BET.D11.000186","DROBEL","Animalia","Arthropoda","Insecta","Coleoptera","Carabidae","Cicindelinae","Cicindelini","Dromochorus",,"belfragei",,"Dromochorus belfragei","Salle","species",,"F",,"Pearson, D., C. B. Knisley, and C. J. Kazilek. 2006. A Field Guide to the Tiger Beetles of the United States and Canada: Identification, Natural History, and Distribution of the Cicindelidae. Oxford University Press, New York.","Kipling Will","Essig Museum of Entomology",,"No known compromise","N",,
"45212dc5-aab9-408a-af39-e04483def710","OAES_005.basePlot.bet","D11","OAES","OAES_005","2015-06-09","2015-06-23","2017-01-15","NEON.BET.D11.000187","DROBEL","Animalia","Arthropoda","Insecta","Coleoptera","Carabidae","Cicindelinae","Cicindelini","Dromochorus",,"belfragei",,"Dromochorus belfragei","Salle","species",,"M",,"Pearson, D., C. B. Knisley, and C. J. Kazilek. 2006. A Field Guide to the Tiger Beetles of the United States and Canada: Identification, Natural History, and Distribution of the Cicindelidae. Oxford University Press, New York.","Kipling Will","Essig Museum of Entomology",,"No known compromise","N",,
"a40b2d20-5495-4569-a315-61d3d647d238","OAES_005.basePlot.bet","D11","OAES","OAES_005","2015-06-09","2015-06-23","2017-01-15","NEON.BET.D11.000191","CHLTOM","Animalia","Arthropoda","Insecta","Coleoptera","Carabidae","Harpalinae","Chlaeniini","Chlaenius","Eurydactylus","tomentosus",,"Chlaenius tomentosus","Say","species",,"M",,"Bell, R. T. 1960. A Revision of the Genus Chlaenius Bonelli (Coleoptera, Carabidae) in North America. Miscellaneous Publications of the Entomological Society of America 1:98-166.","Kipling Will","Essig Museum of Entomology",,"No known compromise","N",,
"7e3e35bf-6496-44bb-b958-abf2fe5ec57d","OAES_005.basePlot.bet","D11","OAES","OAES_005","2015-06-09","2015-06-23","2017-01-15","NEON.BET.D11.000192","CYCSUB","Animalia","Arthropoda","Insecta","Coleoptera","Carabidae","Harpalinae","Pterostichini","Cyclotrachelus","Evarthrus","substriatus",,"Cyclotrachelus substriatus","LeConte","species",,"F",,"Freitag, R. 1969. A revision of the species of the genus Evarthrus LeConte. Quaestiones Entomologicae 5:89-212.","Kipling Will","Essig Museum of Entomology",,"No known compromise","N",,
"429ab9aa-cda5-4f0c-bf35-ddad228f1b35","OAES_005.basePlot.bet","D11","OAES","OAES_005","2015-06-09","2015-06-23","2017-01-15","NEON.BET.D11.000190","CHLTOM","Animalia","Arthropoda","Insecta","Coleoptera","Carabidae","Harpalinae","Chlaeniini","Chlaenius","Eurydactylus","tomentosus",,"Chlaenius tomentosus","Say","species",,"F",,"Bell, R. T. 1960. A Revision of the Genus Chlaenius Bonelli (Coleoptera, Carabidae) in North America. Miscellaneous Publications of the Entomological Society of America 1:98-166.","Kipling Will","Essig Museum of Entomology",,"No known compromise","N",,
"7cf3956d-4878-44be-ba2e-3451aae9b306","OAES_005.basePlot.bet","D11","OAES","OAES_005","2015-06-09","2015-06-23","2017-01-15","NEON.BET.D11.000194","ANITEX","Animalia","Arthropoda","Insecta","Coleoptera","Carabidae","Harpalinae","Harpalini","Anisodactylus","Gynandrotarsus","texanus",,"Anisodactylus texanus","Schaeffer","species",,"M",,"Lindroth, C. H. 1969. The ground-beetles (Carabidae, excl. Cicindelinae) of Canada and Alaska, parts 1-6. Opuscula E. Entomoligiska Sallskapet.","Kipling Will","Essig Museum of Entomology",,"No known compromise","N",,
"d0240bd2-8128-4073-94fc-599138ee61e8","OAES_005.basePlot.bet","D11","OAES","OAES_005","2015-06-09","2015-06-23","2017-01-15","NEON.BET.D11.000193","CYCSUB","Animalia","Arthropoda","Insecta","Coleoptera","Carabidae","Harpalinae","Pterostichini","Cyclotrachelus","Evarthrus","substriatus",,"Cyclotrachelus substriatus","LeConte","species",,"F",,"Freitag, R. 1969. A revision of the species of the genus Evarthrus LeConte. Quaestiones Entomologicae 5:89-212.","Kipling Will","Essig Museum of Entomology",,"No known compromise","N",,
"7c6e5573-1248-4a10-baf3-388cec8d36bf","OAES_005.basePlot.bet","D11","OAES","OAES_005","2015-06-09","2015-06-23","2017-01-15","NEON.BET.D11.000188","DROBEL","Animalia","Arthropoda","Insecta","Coleoptera","Carabidae","Cicindelinae","Cicindelini","Dromochorus",,"belfragei",,"Dromochorus belfragei","Salle","species",,"F",,"Pearson, D., C. B. Knisley, and C. J. Kazilek. 2006. A Field Guide to the Tiger Beetles of the United States and Canada: Identification, Natural History, and Distribution of the Cicindelidae. Oxford University Press, New York.","Kipling Will","Essig Museum of Entomology",,"No known compromise","N",,
"1159eec4-0cff-4e21-a019-61ccfa1b109d","OAES_005.basePlot.bet","D11","OAES","OAES_005","2015-06-09","2015-06-23","2017-01-15","NEON.BET.D11.000201","SCAVIC","Animalia","Arthropoda","Insecta","Coleoptera","Carabidae","Scaritinae","Scaritini","Scarites","Scarites","vicinus",,"Scarites vicinus","Chaudoir","species",,"U",,"Bousquet, Y. and P. E. Skelley. 2010. Description of a New Species of Scarites Fabricius (Coleoptera: Carabidae) from Florida. The Coleopterists Bulletin 64(1): 45-49.","Kipling Will","Essig Museum of Entomology",,"No known compromise","N",,
"7d6c30cc-1279-4dee-94e4-fd48966b9486","OAES_002.basePlot.bet","D11","OAES","OAES_002","2015-06-09","2015-06-23","2017-01-15","NEON.BET.D11.000200","HARPAR","Animalia","Arthropoda","Insecta","Coleoptera","Carabidae","Harpalinae","Harpalini","Harpalus","Pseudoophonus","paratus",,"Harpalus paratus","Casey","species",,"F",,"Ball, G. E., and J. N. Anderson. 1962. The taxonomy and speciation of Pseudophonus (a subgenus of Harpalus: Haralini: Carabidae, known to occur in North America). The Catholic University of America Press, Washington 17, D. C.","Kipling Will","Essig Museum of Entomology",,"No known compromise","N",,
"10111f3b-de49-4455-98a6-16eb099a94dc","OAES_001.basePlot.bet","D11","OAES","OAES_001","2015-06-09","2015-06-23","2017-01-15","NEON.BET.D11.000215","ANIOPA","Animalia","Arthropoda","Insecta","Coleoptera","Carabidae","Harpalinae","Harpalini","Anisodactylus","Gynandrotarsus","opaculus",,"Anisodactylus opaculus","LeConte","species",,"M",,"Lindroth, C. H. 1969. The ground-beetles (Carabidae, excl. Cicindelinae) of Canada and Alaska, parts 1-6. Opuscula E. Entomoligiska Sallskapet.","Kipling Will","Essig Museum of Entomology",,"No known compromise","N",,
"e7ac3077-820f-4daa-95a4-6b51df90fc22","OAES_001.basePlot.bet","D11","OAES","OAES_001","2015-06-09","2015-06-23","2017-01-15","NEON.BET.D11.000213","PASELO","Animalia","Arthropoda","Insecta","Coleoptera","Carabidae","Scaritinae","Pasimachini","Pasimachus","Pasimachus","elongatus",,"Pasimachus elongatus","LeConte","species",,"F",,"Banninger, M. 1950. The subtribe Pasimachina (Coleoptera, Carabidae, Scaritini). Revista de Entomologica 21:481-511.","Kipling Will","Essig Museum of Entomology",,"No known compromise","N",,
"f11a240a-c0ac-4462-9a5f-3a2de32dc6a4","OAES_001.basePlot.bet","D11","OAES","OAES_001","2015-06-09","2015-06-23","2017-01-15","NEON.BET.D11.000214","PASCAL","Animalia","Arthropoda","Insecta","Coleoptera","Carabidae","Scaritinae","Pasimachini","Pasimachus","Pasimachus","californicus",,"Pasimachus californicus","Chaudoir","species",,"M",,"Banninger, M. 1950. The subtribe Pasimachina (Coleoptera, Carabidae, Scaritini). Revista de Entomologica 21:481-511.","Kipling Will","Essig Museum of Entomology",,"No known compromise","N",,
"b4651815-582a-431a-8b2b-c1d80a08c1ec","OAES_001.basePlot.bet","D11","OAES","OAES_001","2015-06-09","2015-06-23","2017-01-15","NEON.BET.D11.000197","HARPAR","Animalia","Arthropoda","Insecta","Coleoptera","Carabidae","Harpalinae","Harpalini","Harpalus","Pseudoophonus","paratus",,"Harpalus paratus","Casey","species",,"M",,"Ball, G. E., and J. N. Anderson. 1962. The taxonomy and speciation of Pseudophonus (a subgenus of Harpalus: Haralini: Carabidae, known to occur in North America). The Catholic University of America Press, Washington 17, D. C.","Kipling Will","Essig Museum of Entomology",,"No known compromise","N",,
"3f5d974b-400e-426f-8bfa-55afaed4c55c","OAES_021.basePlot.bet","D11","OAES","OAES_021","2015-06-09","2015-06-23","2017-01-15","NEON.BET.D11.000180","CYCSUB","Animalia","Arthropoda","Insecta","Coleoptera","Carabidae","Harpalinae","Pterostichini","Cyclotrachelus","Evarthrus","substriatus",,"Cyclotrachelus substriatus","LeConte","species",,"M",,"Freitag, R. 1969. A revision of the species of the genus Evarthrus LeConte. Quaestiones Entomologicae 5:89-212.","Kipling Will","Essig Museum of Entomology",,"No known compromise","N",,
"2a0c196c-f8f5-4510-8452-9d8f742237c3","OAES_021.basePlot.bet","D11","OAES","OAES_021","2015-06-09","2015-06-23","2017-01-15","NEON.BET.D11.000181","PASCAL","Animalia","Arthropoda","Insecta","Coleoptera","Carabidae","Scaritinae","Pasimachini","Pasimachus","Pasimachus","californicus",,"Pasimachus californicus","Chaudoir","species",,"F",,"Banninger, M. 1950. The subtribe Pasimachina (Coleoptera, Carabidae, Scaritini). Revista de Entomologica 21:481-511.","Kipling Will","Essig Museum of Entomology",,"No known compromise","N",,
"0d35b11c-eddf-4ca1-91c3-962bb0428158","OAES_021.basePlot.bet","D11","OAES","OAES_021","2015-06-09","2015-06-23","2017-01-15","NEON.BET.D11.000176","CYCSUB","Animalia","Arthropoda","Insecta","Coleoptera","Carabidae","Harpalinae","Pterostichini","Cyclotrachelus","Evarthrus","substriatus",,"Cyclotrachelus substriatus","LeConte","species",,"F",,"Freitag, R. 1969. A revision of the species of the genus Evarthrus LeConte. Quaestiones Entomologicae 5:89-212.","Kipling Will","Essig Museum of Entomology",,"No known compromise","N",,
"e16cb4ed-d584-4cbf-8c8c-a84904577f54","OAES_009.basePlot.bet","D11","OAES","OAES_009","2015-06-09","2015-06-23","2017-01-15","NEON.BET.D11.000175","SELPED","Animalia","Arthropoda","Insecta","Coleoptera","Carabidae","Harpalinae","Harpalini","Selenophorus","Selenophorus","pedicularius",,"Selenophorus pedicularius","Dejean","species",,"F",,"Lindroth, C. H. 1969. The ground-beetles (Carabidae, excl. Cicindelinae) of Canada and Alaska, parts 1-6. Opuscula E. Entomoligiska Sallskapet.","Kipling Will","Essig Museum of Entomology",,"No known compromise","N",,
"67e6e320-b11f-459b-9056-cc40e025493d","OAES_009.basePlot.bet","D11","OAES","OAES_009","2015-06-09","2015-06-23","2017-01-15","NEON.BET.D11.000174","ANIOPA","Animalia","Arthropoda","Insecta","Coleoptera","Carabidae","Harpalinae","Harpalini","Anisodactylus","Gynandrotarsus","opaculus",,"Anisodactylus opaculus","LeConte","species",,"M",,"Lindroth, C. H. 1969. The ground-beetles (Carabidae, excl. Cicindelinae) of Canada and Alaska, parts 1-6. Opuscula E. Entomoligiska Sallskapet.","Kipling Will","Essig Museum of Entomology",,"No known compromise","N",,
"4fc05cf3-2b8e-4311-9034-ef60f397ef8c","OAES_009.basePlot.bet","D11","OAES","OAES_009","2015-06-09","2015-06-23","2017-01-15","NEON.BET.D11.000196","HARPAR","Animalia","Arthropoda","Insecta","Coleoptera","Carabidae","Harpalinae","Harpalini","Harpalus","Pseudoophonus","paratus",,"Harpalus paratus","Casey","species",,"F",,"Ball, G. E., and J. N. Anderson. 1962. The taxonomy and speciation of Pseudophonus (a subgenus of Harpalus: Haralini: Carabidae, known to occur in North America). The Catholic University of America Press, Washington 17, D. C.","Kipling Will","Essig Museum of Entomology",,"No known compromise","N",,
"93f5adcf-019d-4cf8-8517-f887dea3cd75","OAES_006.basePlot.bet","D11","OAES","OAES_006","2015-06-09","2015-06-23","2017-01-15","NEON.BET.D11.000208","DROBEL","Animalia","Arthropoda","Insecta","Coleoptera","Carabidae","Cicindelinae","Cicindelini","Dromochorus",,"belfragei",,"Dromochorus belfragei","Salle","species",,"F",,"Pearson, D., C. B. Knisley, and C. J. Kazilek. 2006. A Field Guide to the Tiger Beetles of the United States and Canada: Identification, Natural History, and Distribution of the Cicindelidae. Oxford University Press, New York.","Kipling Will","Essig Museum of Entomology",,"No known compromise","N",,
"e720e216-454f-4d8b-967c-2711fd95ce9a","OAES_008.basePlot.bet","D11","OAES","OAES_008","2015-06-09","2015-06-23","2017-01-15","NEON.BET.D11.000209","CYCSUB","Animalia","Arthropoda","Insecta","Coleoptera","Carabidae","Harpalinae","Pterostichini","Cyclotrachelus","Evarthrus","substriatus",,"Cyclotrachelus substriatus","LeConte","species",,"F",,"Freitag, R. 1969. A revision of the species of the genus Evarthrus LeConte. Quaestiones Entomologicae 5:89-212.","Kipling Will","Essig Museum of Entomology",,"No known compromise","N",,
