uid,namedLocation,domainID,siteID,plotID,trapID,setDate,collectDate,processingDate,etOHChangeDate,identifiedDate,sampleID,subsampleID,sampleType,taxonID,scientificName,taxonRank,identificationQualifier,scientificNameAuthorship,morphospeciesID,individualCount,identificationReferences,identifiedBy,recordedBy,remarks
"9d0cdebe-022d-413a-b564-ebe7981c81eb","OAES_008.basePlot.bet","D11","OAES","OAES_008","W","2015-05-26","2015-06-09","2015-06-10","2015-07-10","2015-12-21","OAES_008.W.20150609","BL2EGNvUCCOoGi8/jC6gEh/zUE9nhMxdncf8v6e+GF0=","carabid","CYCSUB","Cyclotrachelus substriatus","species","cf. species","LeConte",,7,"Freitag, R. 1969. A revision of the species of the genus Evarthrus LeConte. Quaestiones Entomologicae 5:89-212.","K015xPfLfah4eO1uZLmE3FLLe6b3pcen","n/e5H9DzKQmiwvmUmG2RGqatOQzXK2Fo1rbM7EummvE=",
"4ac806dc-085a-452e-80b5-74d547ab5efe","OAES_005.basePlot.bet","D11","OAES","OAES_005","W","2015-05-26","2015-06-09","2015-06-10","2015-07-22","2015-12-10","OAES_005.W.20150609","oszmWJzaoIuTfVhUnsbFeKxy3ojW5alFO/s5wmkIcLI=","carabid","CHLTOM","Chlaenius tomentosus","species",,"Say",,1,"Bell, R. T. 1960. A Revision of the Genus Chlaenius Bonelli (Coleoptera, Carabidae) in North America. Miscellaneous Publications of the Entomological Society of America 1:98-166.","K015xPfLfah4eO1uZLmE3FLLe6b3pcen","nLY7eam4tn5KvmhUGKXYjL1ERBP4294P",
"9cb0d652-4613-4ce5-a0b0-2ebc2b549cba","OAES_005.basePlot.bet","D11","OAES","OAES_005","W","2015-05-26","2015-06-09","2015-06-10","2015-07-22","2015-12-21","OAES_005.W.20150609","oszmWJzaoIuTfVhUnsbFeJ+0Iht/wogQMUI1BSgvkco=","carabid","CYCSUB","Cyclotrachelus substriatus","species","cf. species","LeConte",,2,"Freitag, R. 1969. A revision of the species of the genus Evarthrus LeConte. Quaestiones Entomologicae 5:89-212.","K015xPfLfah4eO1uZLmE3FLLe6b3pcen","nLY7eam4tn5KvmhUGKXYjL1ERBP4294P",
"5bf6e08c-d0da-4d99-a094-1a2a689230b0","OAES_003.basePlot.bet","D11","OAES","OAES_003","W","2015-05-26","2015-06-09","2015-06-10","2015-07-10","2015-12-11","OAES_003.W.20150609","JY1K16SHr/yRA0r9LqcgMB3VuWZVJPBBnvjfR56jMes=","carabid","CYLCEL","Cylindera celeripes","species",,"LeConte",,1,"Pearson, D., C. B. Knisley, and C. J. Kazilek. 2006. A Field Guide to the Tiger Beetles of the United States and Canada: Identification, Natural History, and Distribution of the Cicindelidae. Oxford University Press, New York.","K015xPfLfah4eO1uZLmE3FLLe6b3pcen","K015xPfLfah4eO1uZLmE3FLLe6b3pcen",
"09ad6da2-615e-43e1-a199-231c9bb42962","OAES_003.basePlot.bet","D11","OAES","OAES_003","W","2015-05-26","2015-06-09","2015-06-10","2015-07-10","2015-12-31","OAES_003.W.20150609","JY1K16SHr/yRA0r9LqcgMMKB+w2tasXKc6mEKTdSYVc=","carabid","SELPED","Selenophorus pedicularius","species","cf. species","Dejean",,18,"Horn, G. H. 1883. Synopsis of the species of the tribe Lebiini. Transactions of the American Entomological Society and Proceedings of the Entomological Section of the Academy of Natural Sciences 10:126-164.","K015xPfLfah4eO1uZLmE3FLLe6b3pcen","K015xPfLfah4eO1uZLmE3FLLe6b3pcen",
"b8d10f8d-2aac-4d32-846f-9f422a2e384a","OAES_007.basePlot.bet","D11","OAES","OAES_007","W","2015-05-26","2015-06-09","2015-06-10","2015-07-10","2015-12-11","OAES_007.W.20150609","rDfCr2OaAq1gVUCivMSWPM46qd3Y1m2VWe/a+Q8UOho=","carabid","SCAVIC","Scarites vicinus","species",,"Chaudoir",,1,"Other","K015xPfLfah4eO1uZLmE3FLLe6b3pcen","n/e5H9DzKQmiwvmUmG2RGqatOQzXK2Fo1rbM7EummvE=",
"5ecb04b3-b894-42f6-9e26-decbe3ca2ac3","OAES_007.basePlot.bet","D11","OAES","OAES_007","W","2015-05-26","2015-06-09","2015-06-10","2015-07-10","2015-12-09","OAES_007.W.20150609","rDfCr2OaAq1gVUCivMSWPMug+vYFvnf0+D4qqnXop0c=","carabid","HARKAT","Harpalus katiae","species",,"Battoni",,1,"Lindroth, C. H. 1969. The ground-beetles (Carabidae, excl. Cicindelinae) of Canada and Alaska, parts 1-6. Opuscula E. Entomoligiska Sallskapet.","K015xPfLfah4eO1uZLmE3FLLe6b3pcen","n/e5H9DzKQmiwvmUmG2RGqatOQzXK2Fo1rbM7EummvE=",
"b11bfc54-9000-4bcd-b356-174528ddd0e0","OAES_002.basePlot.bet","D11","OAES","OAES_002","W","2015-05-26","2015-06-09","2015-06-10","2015-07-27","2015-12-16","OAES_002.W.20150609","DJFzCWJFd2jQMiI2jgMhZ3UaPFOWwZzGkOlGYYqMqBU=","carabid","CALOPA","Calathus opaculus","species","cf. species","LeConte",,1,"Ball, G. E., and J. Negre. 1972. The taxonomy of the Nearctic species of the genus Calathus Bonelli (Coleoptera: Carabidae: Agonini). Transactions of the American Entomological Society 98:413-533.","K015xPfLfah4eO1uZLmE3FLLe6b3pcen","cJ8Mt89MTxlqOnAc6pDp/DoDhz6eIepx",
"5de4194f-5456-422a-abc5-e1ea28c2f12f","OAES_002.basePlot.bet","D11","OAES","OAES_002","W","2015-05-26","2015-06-09","2015-06-10","2015-07-27",,"OAES_002.W.20150609","DJFzCWJFd2jQMiI2jgMhZx1MSWj7NuhDsdbdOIi4wgg=","invert bycatch",,,,,,,,,,"cJ8Mt89MTxlqOnAc6pDp/DoDhz6eIepx",
"d35122a0-d2e4-437a-bd2e-b433874e2418","OAES_005.basePlot.bet","D11","OAES","OAES_005","W","2015-05-26","2015-06-09","2015-06-10","2015-07-22",,"OAES_005.W.20150609","oszmWJzaoIuTfVhUnsbFeBl+6FzmMwYxsF2AVVUf7Kw=","invert bycatch",,,,,,,,,,"nLY7eam4tn5KvmhUGKXYjL1ERBP4294P",
"ece111c7-424c-45b1-9dda-10af69bed698","OAES_003.basePlot.bet","D11","OAES","OAES_003","W","2015-05-26","2015-06-09","2015-06-10","2015-07-10",,"OAES_003.W.20150609","JY1K16SHr/yRA0r9LqcgMIyHlwYiGPaX2qWhCjJLN68=","invert bycatch",,,,,,,,,,"K015xPfLfah4eO1uZLmE3FLLe6b3pcen",
"a4d3a404-967a-4b81-8c59-c73a1fc75e62","OAES_004.basePlot.bet","D11","OAES","OAES_004","W","2015-05-26","2015-06-09","2015-06-10","2015-07-24",,"OAES_004.W.20150609","FpFkKsaMuAC8VTTG3YF/6S4QXELL7Jz4yH7oCbS3WAU=","invert bycatch",,,,,,,,,,"nLY7eam4tn5KvmhUGKXYjL1ERBP4294P",
"24d35ac8-4e7a-4c28-bcec-fb7fe78d9d68","OAES_008.basePlot.bet","D11","OAES","OAES_008","W","2015-05-26","2015-06-09","2015-06-10","2015-07-10",,"OAES_008.W.20150609","BL2EGNvUCCOoGi8/jC6gEpE8Q2S/BuRApgloxpouAnA=","invert bycatch",,,,,,,,,,"n/e5H9DzKQmiwvmUmG2RGqatOQzXK2Fo1rbM7EummvE=",
"151615df-59c4-4f95-b316-a18fb52ad427","OAES_007.basePlot.bet","D11","OAES","OAES_007","W","2015-05-26","2015-06-09","2015-06-10","2015-07-10",,"OAES_007.W.20150609","rDfCr2OaAq1gVUCivMSWPI5e90Vg0zb/YFhQBSNe6XA=","invert bycatch",,,,,,,,,,"n/e5H9DzKQmiwvmUmG2RGqatOQzXK2Fo1rbM7EummvE=",
"16fc9cf9-0729-4077-884c-a8d7981b974a","OAES_006.basePlot.bet","D11","OAES","OAES_006","W","2015-05-26","2015-06-09","2015-06-10","2015-07-24",,"OAES_006.W.20150609","mt2fHmHLlFkdPSsTPYYYauNohNZbIRV4AkfzST38YYI=","invert bycatch",,,,,,,,,,"nLY7eam4tn5KvmhUGKXYjL1ERBP4294P",
"685cfa59-7824-487b-90ee-fc048354b21f","OAES_009.basePlot.bet","D11","OAES","OAES_009","W","2015-05-26","2015-06-09","2015-06-10","2015-07-27",,"OAES_009.W.20150609","e+s5q3w8y7MgRFXJxBlWsFejtr21MEwXLw3qk6zZz0g=","invert bycatch",,,,,,,,,,"+iQvVZ4QDC/6AZ19AJv4/Z5pPlRFlUUb",
"7cafae1b-ca26-4c6e-983d-d8b029f449b8","OAES_021.basePlot.bet","D11","OAES","OAES_021","W","2015-05-26","2015-06-09","2015-06-10","2015-07-02",,"OAES_021.W.20150609","aFCS5Rk0Sda5ErK1x3DbH4DqSEBqFxVZhwiXIUMtuHE=","invert bycatch",,,,,,,,,,"n/e5H9DzKQmiwvmUmG2RGqatOQzXK2Fo1rbM7EummvE=",
"f9664447-b603-430b-bd0b-6c3370a83809","OAES_001.basePlot.bet","D11","OAES","OAES_001","W","2015-05-26","2015-06-09","2015-06-10","2015-07-23",,"OAES_001.W.20150609","Yz+fJngcyZ8fd2lSWvlreLJTsD3NiSp/sgKxaBSZ/Qo=","invert bycatch",,,,,,,,,,"nLY7eam4tn5KvmhUGKXYjL1ERBP4294P",
"7524c3cc-6ac4-4dff-99b4-597b87006848","OAES_001.basePlot.bet","D11","OAES","OAES_001","E","2015-05-26","2015-06-09","2015-06-10","2015-07-23","2015-12-21","OAES_001.E.20150609","Yz+fJngcyZ9Pq0SDV7Llkj3itG2L8OPlP8bdC4PLGEY=","carabid","CYCSUB","Cyclotrachelus substriatus","species","cf. species","LeConte",,2,"Freitag, R. 1969. A revision of the species of the genus Evarthrus LeConte. Quaestiones Entomologicae 5:89-212.","K015xPfLfah4eO1uZLmE3FLLe6b3pcen","nLY7eam4tn5KvmhUGKXYjL1ERBP4294P",
"741faf59-7737-4f3a-bbf6-c1185fbc9b81","OAES_001.basePlot.bet","D11","OAES","OAES_001","E","2015-05-26","2015-06-09","2015-06-10","2015-07-23","2015-12-09","OAES_001.E.20150609","Yz+fJngcyZ9Pq0SDV7Llkgi+Hxlozknq42+o815FTqw=","carabid","HARFAU","Harpalus faunus","species","cf. species","Say",,1,"Ball, G. E., and J. N. Anderson. 1962. The taxonomy and speciation of Pseudophonus (a subgenus of Harpalus: Haralini: Carabidae, known to occur in North America). The Catholic University of America Press, Washington 17, D. C.","K015xPfLfah4eO1uZLmE3FLLe6b3pcen","nLY7eam4tn5KvmhUGKXYjL1ERBP4294P",
"4e196bdc-8d3c-4363-bec6-14da680bf859","OAES_001.basePlot.bet","D11","OAES","OAES_001","E","2015-05-26","2015-06-09","2015-06-10","2015-07-23","2015-12-04","OAES_001.E.20150609","Yz+fJngcyZ9Pq0SDV7LlkpljQQoCtf+ZloxWIIQRLDY=","carabid","PASCAL","Pasimachus californicus","species",,"Chaudoir",,1,"Purrington, F., and C. J. Drake. 2005. A key to adult Nearctic Pasimachus (Pasimachus) Bonelli (Coleoptera: Carabidae: Scaritini), with comments on their functional mouthpart morphology. Entomological News 116:253-262.","K015xPfLfah4eO1uZLmE3FLLe6b3pcen","nLY7eam4tn5KvmhUGKXYjL1ERBP4294P",
"7495d476-7d15-4da6-b994-4002deb1dc1f","OAES_006.basePlot.bet","D11","OAES","OAES_006","E","2015-05-26","2015-06-09","2015-06-10","2015-07-24","2015-12-21","OAES_006.E.20150609","mt2fHmHLlFmpuzgZy7qFxTbmHKXEp2pHUL8NRT9S7T4=","carabid","CYCSUB","Cyclotrachelus substriatus","species","cf. species","LeConte",,1,"Freitag, R. 1969. A revision of the species of the genus Evarthrus LeConte. Quaestiones Entomologicae 5:89-212.","K015xPfLfah4eO1uZLmE3FLLe6b3pcen","nLY7eam4tn5KvmhUGKXYjL1ERBP4294P",
"edff7e69-0d48-451b-ad73-3c1f73528b09","OAES_008.basePlot.bet","D11","OAES","OAES_008","E","2015-05-26","2015-06-09","2015-06-10","2015-07-10","2015-12-21","OAES_008.E.20150609","BL2EGNvUCCOXVHT5+Dpxdn2zVIf8TbEbGDKZkmDN3Pw=","carabid","CYCSUB","Cyclotrachelus substriatus","species","cf. species","LeConte",,2,"Freitag, R. 1969. A revision of the species of the genus Evarthrus LeConte. Quaestiones Entomologicae 5:89-212.","K015xPfLfah4eO1uZLmE3FLLe6b3pcen","n/e5H9DzKQmiwvmUmG2RGqatOQzXK2Fo1rbM7EummvE=",
"571cb91a-64ba-4fbf-b662-d7db4cff824f","OAES_003.basePlot.bet","D11","OAES","OAES_003","E","2015-05-26","2015-06-09","2015-06-10","2015-07-10","2015-12-31","OAES_003.E.20150609","JY1K16SHr/zEfsjUb84kZuHuGG5xu1AKwHSiLVPTFwI=","carabid","SELPED","Selenophorus pedicularius","species","cf. species","Dejean",,13,"Horn, G. H. 1883. Synopsis of the species of the tribe Lebiini. Transactions of the American Entomological Society and Proceedings of the Entomological Section of the Academy of Natural Sciences 10:126-164.","K015xPfLfah4eO1uZLmE3FLLe6b3pcen","K015xPfLfah4eO1uZLmE3FLLe6b3pcen",
"137b3ea8-1e50-4ee4-bcea-fb699e4e4f93","OAES_004.basePlot.bet","D11","OAES","OAES_004","E","2015-05-26","2015-06-09","2015-06-10","2015-07-24",,"OAES_004.E.20150609","FpFkKsaMuAAmR2voWj6A2K1iX8+9s82b1QL3XPTGskc=","invert bycatch",,,,,,,,,,"nLY7eam4tn5KvmhUGKXYjL1ERBP4294P",
"d3bb7802-d1a9-487f-99a3-da3ac6d1b21d","OAES_008.basePlot.bet","D11","OAES","OAES_008","E","2015-05-26","2015-06-09","2015-06-10","2015-07-10",,"OAES_008.E.20150609","BL2EGNvUCCOXVHT5+Dpxdpk5cbRcUfTPKcx6iY93cZI=","invert bycatch",,,,,,,,,,"n/e5H9DzKQmiwvmUmG2RGqatOQzXK2Fo1rbM7EummvE=",
"aa0ebd64-62bf-4549-bbd3-cbeb960861b3","OAES_002.basePlot.bet","D11","OAES","OAES_002","E","2015-05-26","2015-06-09","2015-06-10","2015-07-27",,"OAES_002.E.20150609","DJFzCWJFd2iZPfG0eEimXVjl+hDtHLrt0yZWgeo9Olo=","invert bycatch",,,,,,,,,,"cJ8Mt89MTxlqOnAc6pDp/DoDhz6eIepx",
"91350f2c-32ec-4e17-bac0-b8ce45d7d37c","OAES_005.basePlot.bet","D11","OAES","OAES_005","E","2015-05-26","2015-06-09","2015-06-10","2015-07-22",,"OAES_005.E.20150609","oszmWJzaoIuEWFCUlU907ECyIE4YhUR+wYr3U+iyFRo=","invert bycatch",,,,,,,,,,"nLY7eam4tn5KvmhUGKXYjL1ERBP4294P",
"85f57e5a-15d4-46fe-90ff-40648f5bdb60","OAES_003.basePlot.bet","D11","OAES","OAES_003","E","2015-05-26","2015-06-09","2015-06-10","2015-07-10",,"OAES_003.E.20150609","JY1K16SHr/zEfsjUb84kZhwx6x2dN7JoL5kUgXZ6YFo=","invert bycatch",,,,,,,,,,"K015xPfLfah4eO1uZLmE3FLLe6b3pcen",
"5b8af936-a644-40d1-bcf2-d8d078ffee99","OAES_021.basePlot.bet","D11","OAES","OAES_021","E","2015-05-26","2015-06-09","2015-06-10","2015-07-02",,"OAES_021.E.20150609","aFCS5Rk0Sdb4+ZGq3OneQvzzd1to218JykGJaIrvkxw=","invert bycatch",,,,,,,,,,"n/e5H9DzKQmiwvmUmG2RGqatOQzXK2Fo1rbM7EummvE=",
"5068fa15-4268-493a-949d-bf78f8459311","OAES_001.basePlot.bet","D11","OAES","OAES_001","E","2015-05-26","2015-06-09","2015-06-10","2015-07-23",,"OAES_001.E.20150609","Yz+fJngcyZ9Pq0SDV7LlkiaYNvN2CkcfnHg4wiuBxbI=","invert bycatch",,,,,,,,,,"nLY7eam4tn5KvmhUGKXYjL1ERBP4294P",
"61dd1cd3-2ff6-4d61-ac8b-ba732300033e","OAES_007.basePlot.bet","D11","OAES","OAES_007","E","2015-05-26","2015-06-09","2015-06-10","2015-07-10",,"OAES_007.E.20150609","rDfCr2OaAq0RzbHN0QwD5helfggXRMXmYtHWZtpkz8w=","invert bycatch",,,,,,,,,,"n/e5H9DzKQmiwvmUmG2RGqatOQzXK2Fo1rbM7EummvE=",
"82759d6c-7ae7-4cc9-a099-743d847b38c0","OAES_006.basePlot.bet","D11","OAES","OAES_006","E","2015-05-26","2015-06-09","2015-06-10","2015-07-24",,"OAES_006.E.20150609","mt2fHmHLlFmpuzgZy7qFxYj/MHdo6H4EsREUI/OCp2o=","invert bycatch",,,,,,,,,,"nLY7eam4tn5KvmhUGKXYjL1ERBP4294P",
"cba0f224-b3df-4ba2-a5ee-6dc15d00aabc","OAES_009.basePlot.bet","D11","OAES","OAES_009","E","2015-05-26","2015-06-09","2015-06-10","2015-07-27",,"OAES_009.E.20150609","e+s5q3w8y7PBAYoNMaPuBvlX3kEZr5cTl4i7q36vhY0=","invert bycatch",,,,,,,,,,"+iQvVZ4QDC/6AZ19AJv4/Z5pPlRFlUUb",
"7742dada-2fbe-4ecd-a947-62b1983e3122","OAES_021.basePlot.bet","D11","OAES","OAES_021","N","2015-05-26","2015-06-09","2015-06-10","2015-07-10","2015-12-04","OAES_021.N.20150609","aFCS5Rk0Sda1Rkk6HlQMZXktw4B/Hy55YEinZvUOYfk=","carabid","PASCAL","Pasimachus californicus","species",,"Chaudoir",,1,"Purrington, F., and C. J. Drake. 2005. A key to adult Nearctic Pasimachus (Pasimachus) Bonelli (Coleoptera: Carabidae: Scaritini), with comments on their functional mouthpart morphology. Entomological News 116:253-262.","K015xPfLfah4eO1uZLmE3FLLe6b3pcen","n/e5H9DzKQmiwvmUmG2RGqatOQzXK2Fo1rbM7EummvE=",
"b92c4416-d225-4466-bbd6-48f27ae6670e","OAES_002.basePlot.bet","D11","OAES","OAES_002","N","2015-05-26","2015-06-09","2015-06-10","2015-07-27","2015-12-11","OAES_002.N.20150609","DJFzCWJFd2gZux6f6ih4UZWbGxEss4HSaOrIVs8KxIo=","carabid","HARFAU","Harpalus faunus","species","cf. species","Say",,1,"Ball, G. E., and J. N. Anderson. 1962. The taxonomy and speciation of Pseudophonus (a subgenus of Harpalus: Haralini: Carabidae, known to occur in North America). The Catholic University of America Press, Washington 17, D. C.","K015xPfLfah4eO1uZLmE3FLLe6b3pcen","cJ8Mt89MTxlqOnAc6pDp/DoDhz6eIepx",
"af9250cb-cdf7-4c5d-93c9-feb07aa86569","OAES_002.basePlot.bet","D11","OAES","OAES_002","N","2015-05-26","2015-06-09","2015-06-10","2015-07-27","2015-12-04","OAES_002.N.20150609","DJFzCWJFd2gZux6f6ih4Ub668sxr3E2HVto1Ihh/aqc=","carabid","PASCAL","Pasimachus californicus","species",,"Chaudoir",,1,"Purrington, F., and C. J. Drake. 2005. A key to adult Nearctic Pasimachus (Pasimachus) Bonelli (Coleoptera: Carabidae: Scaritini), with comments on their functional mouthpart morphology. Entomological News 116:253-262.","K015xPfLfah4eO1uZLmE3FLLe6b3pcen","cJ8Mt89MTxlqOnAc6pDp/DoDhz6eIepx",
"7166e4e6-df62-438a-8c1a-ff1fd59978bc","OAES_002.basePlot.bet","D11","OAES","OAES_002","N","2015-05-26","2015-06-09","2015-06-10","2015-07-27","2015-12-21","OAES_002.N.20150609","DJFzCWJFd2gZux6f6ih4Ue+M/U3t6f94yaAEdtV94cc=","carabid","CYCSUB","Cyclotrachelus substriatus","species","cf. species","LeConte",,1,"Freitag, R. 1969. A revision of the species of the genus Evarthrus LeConte. Quaestiones Entomologicae 5:89-212.","K015xPfLfah4eO1uZLmE3FLLe6b3pcen","cJ8Mt89MTxlqOnAc6pDp/DoDhz6eIepx",
"4f8642ce-810f-47b2-a34c-147583e84eb9","OAES_005.basePlot.bet","D11","OAES","OAES_005","N","2015-05-26","2015-06-09","2015-06-10","2015-07-22","2015-12-31","OAES_005.N.20150609","oszmWJzaoIuaqeEDME44yiHGuGI8qqJDh5ZheUsA4y4=","carabid","SELPED","Selenophorus pedicularius","species","cf. species","Dejean",,1,"Horn, G. H. 1883. Synopsis of the species of the tribe Lebiini. Transactions of the American Entomological Society and Proceedings of the Entomological Section of the Academy of Natural Sciences 10:126-164.","K015xPfLfah4eO1uZLmE3FLLe6b3pcen","nLY7eam4tn5KvmhUGKXYjL1ERBP4294P",
"37abfb3b-ea3c-4204-83a9-a3ba69550de0","OAES_004.basePlot.bet","D11","OAES","OAES_004","N","2015-05-26","2015-06-09","2015-06-10","2015-07-24","2015-12-04","OAES_004.N.20150609","FpFkKsaMuACuzNci4Z68xOpcB/R2+vdmy8n9qLWh5eI=","carabid","PASCAL","Pasimachus californicus","species",,"Chaudoir",,4,"Purrington, F., and C. J. Drake. 2005. A key to adult Nearctic Pasimachus (Pasimachus) Bonelli (Coleoptera: Carabidae: Scaritini), with comments on their functional mouthpart morphology. Entomological News 116:253-262.","K015xPfLfah4eO1uZLmE3FLLe6b3pcen","nLY7eam4tn5KvmhUGKXYjL1ERBP4294P",
"d204a292-a0d9-43a6-8943-730a25153d4c","OAES_008.basePlot.bet","D11","OAES","OAES_008","N","2015-05-26","2015-06-09","2015-06-10","2015-07-10","2015-12-04","OAES_008.N.20150609","BL2EGNvUCCPG8hZ4BJwuwbC+d0Oeggm4EmafW47O3U8=","carabid","PASCAL","Pasimachus californicus","species",,"Chaudoir",,1,"Purrington, F., and C. J. Drake. 2005. A key to adult Nearctic Pasimachus (Pasimachus) Bonelli (Coleoptera: Carabidae: Scaritini), with comments on their functional mouthpart morphology. Entomological News 116:253-262.","K015xPfLfah4eO1uZLmE3FLLe6b3pcen","n/e5H9DzKQmiwvmUmG2RGqatOQzXK2Fo1rbM7EummvE=",
"bc23559f-6e98-4acc-bbf1-1919c8202492","OAES_008.basePlot.bet","D11","OAES","OAES_008","N","2015-05-26","2015-06-09","2015-06-10","2015-07-10","2015-12-21","OAES_008.N.20150609","BL2EGNvUCCPG8hZ4BJwuwRJTCSAGAEUDYBOR8mWQIjI=","carabid","CYCSUB","Cyclotrachelus substriatus","species","cf. species","LeConte",,3,"Freitag, R. 1969. A revision of the species of the genus Evarthrus LeConte. Quaestiones Entomologicae 5:89-212.","K015xPfLfah4eO1uZLmE3FLLe6b3pcen","n/e5H9DzKQmiwvmUmG2RGqatOQzXK2Fo1rbM7EummvE=",
"a2b73ded-fbe4-416b-aac9-563d9dc2df4c","OAES_005.basePlot.bet","D11","OAES","OAES_005","N","2015-05-26","2015-06-09","2015-06-10","2015-07-22",,"OAES_005.N.20150609","oszmWJzaoIuaqeEDME44yszEWnqF6BJ3s95fBbnhBsA=","invert bycatch",,,,,,,,,,"nLY7eam4tn5KvmhUGKXYjL1ERBP4294P",
"ffcfed22-988a-4704-aa13-18133b9b55c6","OAES_021.basePlot.bet","D11","OAES","OAES_021","N","2015-05-26","2015-06-09","2015-06-10","2015-07-02",,"OAES_021.N.20150609","aFCS5Rk0Sda1Rkk6HlQMZZLC79r76+bNL1TO7c5w3Nw=","invert bycatch",,,,,,,,,,"n/e5H9DzKQmiwvmUmG2RGqatOQzXK2Fo1rbM7EummvE=",
"0a498091-1d4a-4131-9c46-e52a3877493c","OAES_006.basePlot.bet","D11","OAES","OAES_006","N","2015-05-26","2015-06-09","2015-06-10","2015-07-24",,"OAES_006.N.20150609","mt2fHmHLlFlxUsxh9/qN7imdARCo1oZPQfAu9Dxdmsg=","invert bycatch",,,,,,,,,,"nLY7eam4tn5KvmhUGKXYjL1ERBP4294P",
"e0bd42be-2faa-46a8-9ea9-dc8bff9b75b1","OAES_001.basePlot.bet","D11","OAES","OAES_001","N","2015-05-26","2015-06-09","2015-06-10","2015-07-23",,"OAES_001.N.20150609","Yz+fJngcyZ/SwCCmRbtKNNdxkPC3ICBExpl9aGdgzME=","invert bycatch",,,,,,,,,,"nLY7eam4tn5KvmhUGKXYjL1ERBP4294P",
"84cb9054-c689-41ac-a98f-4bb85ab91ca8","OAES_002.basePlot.bet","D11","OAES","OAES_002","N","2015-05-26","2015-06-09","2015-06-10","2015-07-27",,"OAES_002.N.20150609","DJFzCWJFd2gZux6f6ih4Ue/yBUgky9PP+Xh3R+jUdcA=","invert bycatch",,,,,,,,,,"cJ8Mt89MTxlqOnAc6pDp/DoDhz6eIepx",
"92433bfc-3589-4bd3-8088-9ba0f21d469a","OAES_003.basePlot.bet","D11","OAES","OAES_003","N","2015-05-26","2015-06-09","2015-06-10","2015-07-10",,"OAES_003.N.20150609","JY1K16SHr/xhw8WkdEBnVAPWacUMxS+pEoct6xzIPhk=","invert bycatch",,,,,,,,,,"K015xPfLfah4eO1uZLmE3FLLe6b3pcen",
"6a411acc-5202-4700-9f9c-1b462b33e281","OAES_004.basePlot.bet","D11","OAES","OAES_004","N","2015-05-26","2015-06-09","2015-06-10","2015-07-24",,"OAES_004.N.20150609","FpFkKsaMuACuzNci4Z68xJ+ql0cyVVNgXs+RLTC3MFM=","invert bycatch",,,,,,,,,,"nLY7eam4tn5KvmhUGKXYjL1ERBP4294P",
"81149a80-649b-4eda-ae42-e3b544d5496a","OAES_007.basePlot.bet","D11","OAES","OAES_007","N","2015-05-26","2015-06-09","2015-06-10","2015-07-10",,"OAES_007.N.20150609","rDfCr2OaAq2IUtMwbKF/1+EmjWE/hfxiF9w8F0qj+mM=","invert bycatch",,,,,,,,,,"n/e5H9DzKQmiwvmUmG2RGqatOQzXK2Fo1rbM7EummvE=",
"52ae44ef-7c66-4717-9d73-c3964ac2f253","OAES_009.basePlot.bet","D11","OAES","OAES_009","N","2015-05-26","2015-06-09","2015-06-10","2015-07-27",,"OAES_009.N.20150609","e+s5q3w8y7N0DA6Xh0DAy5ZSpCHA31DI5f1xvgUjZCQ=","invert bycatch",,,,,,,,,,"+iQvVZ4QDC/6AZ19AJv4/Z5pPlRFlUUb",
"4565b2af-ebab-4d67-8e79-1916de038fe0","OAES_021.basePlot.bet","D11","OAES","OAES_021","N","2015-05-26","2015-06-09","2015-06-10","2015-07-02",,"OAES_021.N.20150609","aFCS5Rk0Sda1Rkk6HlQMZZLC79r76+bN3GAAAbB4R/s=","invert bycatch",,,,,,,,,,"n/e5H9DzKQmiwvmUmG2RGqatOQzXK2Fo1rbM7EummvE=",
"32e56fa7-fb95-4a42-89d1-bc9b78528d2e","OAES_008.basePlot.bet","D11","OAES","OAES_008","N","2015-05-26","2015-06-09","2015-06-10","2015-07-10",,"OAES_008.N.20150609","BL2EGNvUCCPG8hZ4BJwuwddGhGviyabz6vozq7qz96U=","invert bycatch",,,,,,,,,,"n/e5H9DzKQmiwvmUmG2RGqatOQzXK2Fo1rbM7EummvE=",
"0582c5e4-d0cd-4228-8417-ea0e1ea54f26","OAES_008.basePlot.bet","D11","OAES","OAES_008","S","2015-05-26","2015-06-09","2015-06-10","2015-07-10","2015-12-07","OAES_008.S.20150609","BL2EGNvUCCOZTdGiF4k1ZOdFMjpBlc3n6ahIWGWwEEg=","carabid","MICDIS","Micrixys distincta","species",,"Haldeman",,1,"Arnett Jr., R. H., and M. C. Thomas. 2001. American Beetles Archosemata, Myxophaga, Adephaga, Polyphaga: Staphyliniformia. 1st Vol. (C. Press, Ed.). 1st Ed. Boca Raton, FL.","K015xPfLfah4eO1uZLmE3FLLe6b3pcen","n/e5H9DzKQmiwvmUmG2RGqatOQzXK2Fo1rbM7EummvE=",
"043ef510-9a6c-4c2e-8a4e-8ce4187c9c6c","OAES_001.basePlot.bet","D11","OAES","OAES_001","S","2015-05-26","2015-06-09","2015-06-10","2015-07-23","2015-12-09","OAES_001.S.20150609","Yz+fJngcyZ/xMN7MCKMftKvAmH0lnyt7ddh5XVEN8uE=","carabid","HARKAT","Harpalus katiae","species",,"Battoni",,1,"Lindroth, C. H. 1969. The ground-beetles (Carabidae, excl. Cicindelinae) of Canada and Alaska, parts 1-6. Opuscula E. Entomoligiska Sallskapet.","K015xPfLfah4eO1uZLmE3FLLe6b3pcen","nLY7eam4tn5KvmhUGKXYjL1ERBP4294P",
"f3b58fac-c517-4bef-8b3a-50b051ac1ee9","OAES_005.basePlot.bet","D11","OAES","OAES_005","S","2015-05-26","2015-06-09","2015-06-10","2015-07-22","2015-12-11","OAES_005.S.20150609","oszmWJzaoIseWbVwOj8CVHFJMnm2kkV3kDzuzrjupbI=","carabid","SCAVIC","Scarites vicinus","species",,"Chaudoir",,1,"Other","K015xPfLfah4eO1uZLmE3FLLe6b3pcen","nLY7eam4tn5KvmhUGKXYjL1ERBP4294P",
"dc8bd106-762c-4dba-972f-0cb650b411a2","OAES_004.basePlot.bet","D11","OAES","OAES_004","S","2015-05-26","2015-06-09","2015-06-10","2015-07-24","2015-12-21","OAES_004.S.20150609","FpFkKsaMuACjwxK0I0WiYBwLAaJkwLJ/iGVUoaD8A64=","carabid","CYCSUB","Cyclotrachelus substriatus","species","cf. species","LeConte",,1,"Freitag, R. 1969. A revision of the species of the genus Evarthrus LeConte. Quaestiones Entomologicae 5:89-212.","K015xPfLfah4eO1uZLmE3FLLe6b3pcen","nLY7eam4tn5KvmhUGKXYjL1ERBP4294P",
"a4667521-4c95-410e-8763-2d0c1e6f4af0","OAES_005.basePlot.bet","D11","OAES","OAES_005","S","2015-05-26","2015-06-09","2015-06-10","2015-07-22",,"OAES_005.S.20150609","oszmWJzaoIseWbVwOj8CVEKXnAsXQSzim16MyAu82sw=","invert bycatch",,,,,,,,,,"nLY7eam4tn5KvmhUGKXYjL1ERBP4294P",
"c8d2d84f-a835-4cc8-8d03-04d7b77a4dc4","OAES_003.basePlot.bet","D11","OAES","OAES_003","S","2015-05-26","2015-06-09","2015-06-10","2015-07-10",,"OAES_003.S.20150609","JY1K16SHr/yHQvgUlPKb8c8c5f1Z7mKwFXwS3uNplI8=","invert bycatch",,,,,,,,,,"K015xPfLfah4eO1uZLmE3FLLe6b3pcen",
"436c13b9-4e64-4497-8f04-12e69ac274e0","OAES_004.basePlot.bet","D11","OAES","OAES_004","S","2015-05-26","2015-06-09","2015-06-10","2015-07-24",,"OAES_004.S.20150609","FpFkKsaMuACjwxK0I0WiYOu6g1iIRn0ZDj3FYx/m9RA=","invert bycatch",,,,,,,,,,"nLY7eam4tn5KvmhUGKXYjL1ERBP4294P",
"57660aa3-2b93-4f6a-8de0-52d139519166","OAES_008.basePlot.bet","D11","OAES","OAES_008","S","2015-05-26","2015-06-09","2015-06-10","2015-07-10",,"OAES_008.S.20150609","BL2EGNvUCCOZTdGiF4k1ZFinisii4WVZbIeyd8rT6jg=","invert bycatch",,,,,,,,,,"n/e5H9DzKQmiwvmUmG2RGqatOQzXK2Fo1rbM7EummvE=",
"8f19bf01-7953-4f72-bce9-2f2cbc569c18","OAES_007.basePlot.bet","D11","OAES","OAES_007","S","2015-05-26","2015-06-09","2015-06-10","2015-07-10",,"OAES_007.S.20150609","rDfCr2OaAq1La1tmFadDxLG/SUY9wfJvf2SbUbAuuxU=","invert bycatch",,,,,,,,,,"n/e5H9DzKQmiwvmUmG2RGqatOQzXK2Fo1rbM7EummvE=",
"4929eab8-561c-4911-8d43-e59fb0fd3a75","OAES_006.basePlot.bet","D11","OAES","OAES_006","S","2015-05-26","2015-06-09","2015-06-10","2015-07-24",,"OAES_006.S.20150609","mt2fHmHLlFky+gM/KaEO+O7275rKDv8FN/caWY8TTCc=","invert bycatch",,,,,,,,,,"nLY7eam4tn5KvmhUGKXYjL1ERBP4294P",
"2970603c-7149-4eae-b989-fc54b11d5041","OAES_009.basePlot.bet","D11","OAES","OAES_009","S","2015-05-26","2015-06-09","2015-06-10","2015-07-27",,"OAES_009.S.20150609","e+s5q3w8y7OQPGowzuk5eU+T24hgUINWz06q/lCM4Ow=","invert bycatch",,,,,,,,,,"+iQvVZ4QDC/6AZ19AJv4/Z5pPlRFlUUb",
"d595d220-cff5-430c-a1d7-cd7fa0994a5e","OAES_001.basePlot.bet","D11","OAES","OAES_001","S","2015-05-26","2015-06-09","2015-06-10","2015-07-23",,"OAES_001.S.20150609","Yz+fJngcyZ/xMN7MCKMftFp8B0gzMzmIsx+EblFGkQA=","invert bycatch",,,,,,,,,,"nLY7eam4tn5KvmhUGKXYjL1ERBP4294P",
"fc73f624-8eab-4359-9cab-cae651755eb4","OAES_002.basePlot.bet","D11","OAES","OAES_002","S","2015-05-26","2015-06-09","2015-06-10","2015-07-27",,"OAES_002.S.20150609","DJFzCWJFd2h0hWWcZRnW05vi59iAyBy5hCh0ZvMHBG8=","invert bycatch",,,,,,,,,,"cJ8Mt89MTxlqOnAc6pDp/DoDhz6eIepx",
"379bb386-c15c-4fed-b143-ca21b191c972","OAES_004.basePlot.bet","D11","OAES","OAES_004","W","2015-05-26","2015-06-09","2015-06-10","2015-07-24","2015-12-04","OAES_004.W.20150609","FpFkKsaMuAC8VTTG3YF/6T6mH6Bk/oI46E1hqkcLb8w=","carabid","PASCAL","Pasimachus californicus","species",,"Chaudoir",,1,"Purrington, F., and C. J. Drake. 2005. A key to adult Nearctic Pasimachus (Pasimachus) Bonelli (Coleoptera: Carabidae: Scaritini), with comments on their functional mouthpart morphology. Entomological News 116:253-262.","K015xPfLfah4eO1uZLmE3FLLe6b3pcen","nLY7eam4tn5KvmhUGKXYjL1ERBP4294P",
"18c9bb6a-ca65-4ce1-9c70-0f9b001211aa","OAES_001.basePlot.bet","D11","OAES","OAES_001","S","2015-06-09","2015-06-23","2015-06-24","2015-07-02","2015-10-20","OAES_001.S.20150623","Yz+fJngcyZ/xMN7MCKMftFo5yoElbHK/i+nvN4dubT0=","vert bycatch herp","ANAWOO","Anaxyrus woodhousii","species",,"Girard",,1,"Sievert, G. and L. Sievert. 2011. A Field Guide to Oklahoma's Amphibians and Reptiles (3rd Edition). Oklahoma Dept. of Wildlife Conservation. OKC., OK. 211 p.","cJ8Mt89MTxlqOnAc6pDp/DoDhz6eIepx","zqzI6VPGJkqKrnUdkEIpiHhaRLZfA7fK",
"7a4b01d2-4090-42fd-87fe-19b1f6162644","OAES_021.basePlot.bet","D11","OAES","OAES_021","S","2015-06-09","2015-06-23","2015-06-24","2015-07-10","2015-12-04","OAES_021.S.20150623","aFCS5Rk0Sdby3yiqp9igym+4YsISM80Uq13hbDS6bh8=","carabid","PASCAL","Pasimachus californicus","species",,"Chaudoir",,1,"Purrington, F., and C. J. Drake. 2005. A key to adult Nearctic Pasimachus (Pasimachus) Bonelli (Coleoptera: Carabidae: Scaritini), with comments on their functional mouthpart morphology. Entomological News 116:253-262.","K015xPfLfah4eO1uZLmE3FLLe6b3pcen","zqzI6VPGJkqKrnUdkEIpiHhaRLZfA7fK",
"b9e501b6-c7d6-48b4-a73d-f57c13ae9620","OAES_009.basePlot.bet","D11","OAES","OAES_009","S","2015-06-09","2015-06-23","2015-06-24","2015-07-07","2015-12-31","OAES_009.S.20150623","e+s5q3w8y7OQPGowzuk5eXNo4dYs8UTqkCD3vo995+g=","carabid","HARFAU","Harpalus faunus","species","cf. species","Say",,1,"Ball, G. E., and J. N. Anderson. 1962. The taxonomy and speciation of Pseudophonus (a subgenus of Harpalus: Haralini: Carabidae, known to occur in North America). The Catholic University of America Press, Washington 17, D. C.","K015xPfLfah4eO1uZLmE3FLLe6b3pcen","n/e5H9DzKQmiwvmUmG2RGqatOQzXK2Fo1rbM7EummvE=",
"61b45934-d34b-464b-8432-414b07b3f82e","OAES_006.basePlot.bet","D11","OAES","OAES_006","S","2015-06-09","2015-06-23","2015-06-24","2015-07-09","2015-12-04","OAES_006.S.20150623","mt2fHmHLlFky+gM/KaEO+LWRvSdHs4WBcD6wz5U/2s8=","carabid","PASCAL","Pasimachus californicus","species",,"Chaudoir",,1,"Purrington, F., and C. J. Drake. 2005. A key to adult Nearctic Pasimachus (Pasimachus) Bonelli (Coleoptera: Carabidae: Scaritini), with comments on their functional mouthpart morphology. Entomological News 116:253-262.","K015xPfLfah4eO1uZLmE3FLLe6b3pcen","nLY7eam4tn5KvmhUGKXYjL1ERBP4294P",
"9a3e2afd-2766-41d2-a89f-3ac7e62c3728","OAES_006.basePlot.bet","D11","OAES","OAES_006","S","2015-06-09","2015-06-23","2015-06-24","2015-07-09","2015-12-14","OAES_006.S.20150623","mt2fHmHLlFky+gM/KaEO+LXaWvMKND2qBmv6DpSMmsg=","carabid","DROBEL","Dromochorus belfragei","species",,"Salle",,1,"Pearson, D., C. B. Knisley, and C. J. Kazilek. 2006. A Field Guide to the Tiger Beetles of the United States and Canada: Identification, Natural History, and Distribution of the Cicindelidae. Oxford University Press, New York.","K015xPfLfah4eO1uZLmE3FLLe6b3pcen","nLY7eam4tn5KvmhUGKXYjL1ERBP4294P",
"c9291ebb-9341-499a-b5aa-a6b88e0de9e4","OAES_001.basePlot.bet","D11","OAES","OAES_001","S","2015-06-09","2015-06-23","2015-06-24","2015-07-02",,"OAES_001.S.20150623","Yz+fJngcyZ/xMN7MCKMftAufocRuFMm0snlhW127y2A=","invert bycatch",,,,,,,,,,"zqzI6VPGJkqKrnUdkEIpiHhaRLZfA7fK",
"659f70c2-dae6-415c-abdd-32714a73e58d","OAES_002.basePlot.bet","D11","OAES","OAES_002","S","2015-06-09","2015-06-23","2015-06-24","2015-07-09",,"OAES_002.S.20150623","DJFzCWJFd2h0hWWcZRnW09g3PPcnOBa6ur1Paxxq3Us=","invert bycatch",,,,,,,,,,"zqzI6VPGJkqKrnUdkEIpiHhaRLZfA7fK",
"6b6a41f7-12b1-4f24-842e-371a18c530ad","OAES_021.basePlot.bet","D11","OAES","OAES_021","S","2015-06-09","2015-06-23","2015-06-24","2015-07-07",,"OAES_021.S.20150623","aFCS5Rk0Sdby3yiqp9igyg/kkzfEzyjUA+kwaRLfCMU=","invert bycatch",,,,,,,,,,"zqzI6VPGJkqKrnUdkEIpiHhaRLZfA7fK",
"0f9567e3-99a3-485c-8f80-83c97c2ce442","OAES_009.basePlot.bet","D11","OAES","OAES_009","S","2015-06-09","2015-06-23","2015-06-24","2015-07-07",,"OAES_009.S.20150623","e+s5q3w8y7OQPGowzuk5eeL//jfqfobB/M2lAfBJaYM=","invert bycatch",,,,,,,,,,"n/e5H9DzKQmiwvmUmG2RGqatOQzXK2Fo1rbM7EummvE=",
"8e4664c1-4f4f-44fb-b9d9-d5eb002e1f09","OAES_007.basePlot.bet","D11","OAES","OAES_007","S","2015-06-09","2015-06-23","2015-06-24","2015-07-02",,"OAES_007.S.20150623","rDfCr2OaAq1La1tmFadDxOTj+oV+ubr9fPd/gegQdtw=","invert bycatch",,,,,,,,,,"nLY7eam4tn5KvmhUGKXYjL1ERBP4294P",
"5a6a4263-b425-4c58-9799-950ca9ec2475","OAES_006.basePlot.bet","D11","OAES","OAES_006","S","2015-06-09","2015-06-23","2015-06-24","2015-07-09",,"OAES_006.S.20150623","mt2fHmHLlFky+gM/KaEO+Hv5Xq6WbZNUT0Gj062T99Y=","invert bycatch",,,,,,,,,,"nLY7eam4tn5KvmhUGKXYjL1ERBP4294P",
"f041ada5-bbbf-4fae-871b-26728419e08b","OAES_008.basePlot.bet","D11","OAES","OAES_008","S","2015-06-09","2015-06-23","2015-06-24","2015-07-02",,"OAES_008.S.20150623","BL2EGNvUCCOZTdGiF4k1ZBvfbScNKR+HCZQgpcUMD8U=","invert bycatch",,,,,,,,,,"+iQvVZ4QDC/6AZ19AJv4/Z5pPlRFlUUb",
"8e738326-3c1f-48b0-8eb1-23c449341897","OAES_004.basePlot.bet","D11","OAES","OAES_004","S","2015-06-09","2015-06-23","2015-06-24","2015-07-09",,"OAES_004.S.20150623","FpFkKsaMuACjwxK0I0WiYPpth7kpa1T2KQfA2D61CdI=","invert bycatch",,,,,,,,,,"zqzI6VPGJkqKrnUdkEIpiHhaRLZfA7fK",
"4fcae8bf-c7d4-4320-a07b-e095ba57deaf","OAES_003.basePlot.bet","D11","OAES","OAES_003","S","2015-06-09","2015-06-23","2015-06-24","2015-07-07",,"OAES_003.S.20150623","JY1K16SHr/yHQvgUlPKb8WuW3Ol6CafXMaUoeJHy/mQ=","invert bycatch",,,,,,,,,,"n/e5H9DzKQmiwvmUmG2RGqatOQzXK2Fo1rbM7EummvE=",
"4f7cdb13-ff7c-4611-a385-6ec38b2471fb","OAES_005.basePlot.bet","D11","OAES","OAES_005","S","2015-06-09","2015-06-23","2015-06-24","2015-07-09",,"OAES_005.S.20150623","oszmWJzaoIseWbVwOj8CVJGXOuLQmojvegJQlzHl6P0=","invert bycatch",,,,,,,,,,"nLY7eam4tn5KvmhUGKXYjL1ERBP4294P",
"05e8eb33-2834-46a7-a9f1-0e75cd8ade65","OAES_021.basePlot.bet","D11","OAES","OAES_021","W","2015-06-09","2015-06-23","2015-06-24","2015-07-10","2015-12-21","OAES_021.W.20150623","aFCS5Rk0Sda5ErK1x3DbH9fV3zfZFE9pz0Y88BWxsaQ=","carabid","CYCSUB","Cyclotrachelus substriatus","species","cf. species","LeConte",,1,"Freitag, R. 1969. A revision of the species of the genus Evarthrus LeConte. Quaestiones Entomologicae 5:89-212.","K015xPfLfah4eO1uZLmE3FLLe6b3pcen","zqzI6VPGJkqKrnUdkEIpiHhaRLZfA7fK",
"1bb2230a-9c23-4d63-9ec8-e9db2996df4d","OAES_001.basePlot.bet","D11","OAES","OAES_001","W","2015-06-09","2015-06-23","2015-06-24","2015-07-02","2015-12-04","OAES_001.W.20150623","Yz+fJngcyZ8fd2lSWvlreFglmzWwSM1hHzcTgiSYk7s=","carabid","PASCAL","Pasimachus californicus","species",,"Chaudoir",,1,"Purrington, F., and C. J. Drake. 2005. A key to adult Nearctic Pasimachus (Pasimachus) Bonelli (Coleoptera: Carabidae: Scaritini), with comments on their functional mouthpart morphology. Entomological News 116:253-262.","K015xPfLfah4eO1uZLmE3FLLe6b3pcen","zqzI6VPGJkqKrnUdkEIpiHhaRLZfA7fK",
"e33eb041-0890-43c3-9d9e-fa505935f2f9","OAES_004.basePlot.bet","D11","OAES","OAES_004","W","2015-06-09","2015-06-23","2015-06-24","2015-07-09","2015-12-21","OAES_004.W.20150623","FpFkKsaMuAC8VTTG3YF/6TdzLv6ykKAmGBm9x7u2eFQ=","carabid","CYCSUB","Cyclotrachelus substriatus","species","cf. species","LeConte",,1,"Freitag, R. 1969. A revision of the species of the genus Evarthrus LeConte. Quaestiones Entomologicae 5:89-212.","K015xPfLfah4eO1uZLmE3FLLe6b3pcen","zqzI6VPGJkqKrnUdkEIpiHhaRLZfA7fK",
"6a269451-9f35-4b0c-b23a-b35861bfdf17","OAES_001.basePlot.bet","D11","OAES","OAES_001","W","2015-06-09","2015-06-23","2015-06-24","2015-07-02","2015-12-23","OAES_001.W.20150623","Yz+fJngcyZ8fd2lSWvlreACWisG/7TcCVYCsNFDBMZk=","carabid","ANIOVU","Anisodactylus ovularis","species","cf. species","Casey",,1,"Noonan, G. R. 1973. The Anisodactylines (Insecta: Coleoptera: Carabidae: Harpalini): classification, evolution and zoogeography. Quaestiones Entomologicae 9:266-480.","K015xPfLfah4eO1uZLmE3FLLe6b3pcen","zqzI6VPGJkqKrnUdkEIpiHhaRLZfA7fK",
"7287bf3b-bff0-49e9-a787-7548ddfd771a","OAES_001.basePlot.bet","D11","OAES","OAES_001","W","2015-06-09","2015-06-23","2015-06-24","2015-07-02","2015-12-04","OAES_001.W.20150623","Yz+fJngcyZ8fd2lSWvlreISmnJL0t+pXap6RgB6cOoU=","carabid","PASELO","Pasimachus elongatus","species",,"LeConte",,1,"Purrington, F., and C. J. Drake. 2005. A key to adult Nearctic Pasimachus (Pasimachus) Bonelli (Coleoptera: Carabidae: Scaritini), with comments on their functional mouthpart morphology. Entomological News 116:253-262.","K015xPfLfah4eO1uZLmE3FLLe6b3pcen","zqzI6VPGJkqKrnUdkEIpiHhaRLZfA7fK",
"703d2cf2-75f8-45ab-963c-47a24437bc0a","OAES_008.basePlot.bet","D11","OAES","OAES_008","W","2015-06-09","2015-06-23","2015-06-24","2015-07-02",,"OAES_008.W.20150623","BL2EGNvUCCOoGi8/jC6gEnjA4lS2BCcd+NpaB34b4cw=","invert bycatch",,,,,,,,,,"+iQvVZ4QDC/6AZ19AJv4/Z5pPlRFlUUb",
"4d583bd5-0f39-415e-b795-9779232e82ee","OAES_021.basePlot.bet","D11","OAES","OAES_021","W","2015-06-09","2015-06-23","2015-06-24","2015-07-07",,"OAES_021.W.20150623","aFCS5Rk0Sda5ErK1x3DbH8HiGt7RZsN/JDwWJAn2cOI=","invert bycatch",,,,,,,,,,"zqzI6VPGJkqKrnUdkEIpiHhaRLZfA7fK",
"eeda00b9-63bc-490f-b4f9-85048dbef618","OAES_006.basePlot.bet","D11","OAES","OAES_006","W","2015-06-09","2015-06-23","2015-06-24","2015-07-09",,"OAES_006.W.20150623","mt2fHmHLlFkdPSsTPYYYaj4u/hNMRF8xZobHNngL2ng=","invert bycatch",,,,,,,,,,"nLY7eam4tn5KvmhUGKXYjL1ERBP4294P",
"36e3d276-e199-42d0-b81d-77e9debbff01","OAES_009.basePlot.bet","D11","OAES","OAES_009","W","2015-06-09","2015-06-23","2015-06-24","2015-07-07",,"OAES_009.W.20150623","e+s5q3w8y7MgRFXJxBlWsP9EIvqVDpd81HFEcBRZnrQ=","invert bycatch",,,,,,,,,,"n/e5H9DzKQmiwvmUmG2RGqatOQzXK2Fo1rbM7EummvE=",
"d837aaf8-9dbd-42bc-9b9e-d70817b2e23a","OAES_007.basePlot.bet","D11","OAES","OAES_007","W","2015-06-09","2015-06-23","2015-06-24","2015-07-02",,"OAES_007.W.20150623","rDfCr2OaAq1gVUCivMSWPGoSI+pj958Tb3IFk0U+6Ds=","invert bycatch",,,,,,,,,,"nLY7eam4tn5KvmhUGKXYjL1ERBP4294P",
"fa6065d6-ee75-4daf-95a0-aafd7042210f","OAES_004.basePlot.bet","D11","OAES","OAES_004","W","2015-06-09","2015-06-23","2015-06-24","2015-07-09",,"OAES_004.W.20150623","FpFkKsaMuAC8VTTG3YF/6aFz47R4+Kg1LKzqhje+0pk=","invert bycatch",,,,,,,,,,"zqzI6VPGJkqKrnUdkEIpiHhaRLZfA7fK",
"63a9ad8e-77fe-4c8b-9eac-c712fa69c534","OAES_003.basePlot.bet","D11","OAES","OAES_003","W","2015-06-09","2015-06-23","2015-06-24","2015-07-07",,"OAES_003.W.20150623","JY1K16SHr/yRA0r9LqcgMH2ZoHbOapLNxGhgNl5QTeY=","invert bycatch",,,,,,,,,,"n/e5H9DzKQmiwvmUmG2RGqatOQzXK2Fo1rbM7EummvE=",
"9b3cfac0-c432-40a5-9cc2-0b14147251cd","OAES_005.basePlot.bet","D11","OAES","OAES_005","W","2015-06-09","2015-06-23","2015-06-24","2015-07-09",,"OAES_005.W.20150623","oszmWJzaoIuTfVhUnsbFePdIUAz1pam4Ngm7Nsd51b4=","invert bycatch",,,,,,,,,,"nLY7eam4tn5KvmhUGKXYjL1ERBP4294P",
"5b5be5a6-effd-47e7-9e5b-c1aef95e4c04","OAES_002.basePlot.bet","D11","OAES","OAES_002","W","2015-06-09","2015-06-23","2015-06-24","2015-07-09",,"OAES_002.W.20150623","DJFzCWJFd2jQMiI2jgMhZ6ovlTHNj3nmJY/59L21Nlk=","invert bycatch",,,,,,,,,,"zqzI6VPGJkqKrnUdkEIpiHhaRLZfA7fK",
"21e8b818-7ad0-4ab2-a1b8-46677abd2836","OAES_001.basePlot.bet","D11","OAES","OAES_001","W","2015-06-09","2015-06-23","2015-06-24","2015-07-02",,"OAES_001.W.20150623","Yz+fJngcyZ8fd2lSWvlreBDSsNIF52GGxElqOvZBJSM=","invert bycatch",,,,,,,,,,"zqzI6VPGJkqKrnUdkEIpiHhaRLZfA7fK",
"1be3c80b-0df6-476d-90bd-0550afd88d34","OAES_002.basePlot.bet","D11","OAES","OAES_002","E","2015-06-09","2015-06-23","2015-06-24","2015-07-02","2015-12-31","OAES_002.E.20150623","DJFzCWJFd2iZPfG0eEimXZ61rdFuYAVbq/E3xru3ixw=","carabid","HARFAU","Harpalus faunus","species","cf. species","Say",,2,"Ball, G. E., and J. N. Anderson. 1962. The taxonomy and speciation of Pseudophonus (a subgenus of Harpalus: Haralini: Carabidae, known to occur in North America). The Catholic University of America Press, Washington 17, D. C.","K015xPfLfah4eO1uZLmE3FLLe6b3pcen","zqzI6VPGJkqKrnUdkEIpiHhaRLZfA7fK",
"13fff9a5-8abf-442a-b350-6b2e5ae28891","OAES_021.basePlot.bet","D11","OAES","OAES_021","E","2015-06-09","2015-06-23","2015-06-24","2015-07-10","2015-12-21","OAES_021.E.20150623","aFCS5Rk0Sdb4+ZGq3OneQl89EshW/gC58XsBkl8t1Uw=","carabid","CYCSUB","Cyclotrachelus substriatus","species","cf. species","LeConte",,1,"Freitag, R. 1969. A revision of the species of the genus Evarthrus LeConte. Quaestiones Entomologicae 5:89-212.","K015xPfLfah4eO1uZLmE3FLLe6b3pcen","zqzI6VPGJkqKrnUdkEIpiHhaRLZfA7fK",
"74d77358-f5a1-4339-98bb-994b880dee73","OAES_005.basePlot.bet","D11","OAES","OAES_005","E","2015-06-09","2015-06-23","2015-06-24","2015-07-09","2015-10-20","OAES_005.E.20150623","oszmWJzaoIuEWFCUlU907BcuJRhngVOEu9K57A8raDU=","vert bycatch herp","ANAWOO","Anaxyrus woodhousii","species",,"Girard",,1,"Sievert, G. and L. Sievert. 2011. A Field Guide to Oklahoma's Amphibians and Reptiles (3rd Edition). Oklahoma Dept. of Wildlife Conservation. OKC., OK. 211 p.","cJ8Mt89MTxlqOnAc6pDp/DoDhz6eIepx","nLY7eam4tn5KvmhUGKXYjL1ERBP4294P",
"a44903a1-29d2-4bfc-a3c6-f0156625678f","OAES_005.basePlot.bet","D11","OAES","OAES_005","E","2015-06-09","2015-06-23","2015-06-24","2015-07-09","2015-12-23","OAES_005.E.20150623","oszmWJzaoIuEWFCUlU907ONF/mTVh+fpUjAe6yZv38k=","carabid","ANIDUL","Anisodactylus dulcicollis","species","cf. species","LaFerte-Senectere",,1,"Noonan, G. R. 1973. The Anisodactylines (Insecta: Coleoptera: Carabidae: Harpalini): classification, evolution and zoogeography. Quaestiones Entomologicae 9:266-480.","K015xPfLfah4eO1uZLmE3FLLe6b3pcen","nLY7eam4tn5KvmhUGKXYjL1ERBP4294P",
"d09d93fd-1979-4a10-9db3-51294292eae9","OAES_005.basePlot.bet","D11","OAES","OAES_005","E","2015-06-09","2015-06-23","2015-06-24","2015-07-09","2015-12-14","OAES_005.E.20150623","oszmWJzaoIuEWFCUlU907EzCWfDUF/C+AEmf/DAlnKc=","carabid","DROBEL","Dromochorus belfragei","species",,"Salle",,2,"Pearson, D., C. B. Knisley, and C. J. Kazilek. 2006. A Field Guide to the Tiger Beetles of the United States and Canada: Identification, Natural History, and Distribution of the Cicindelidae. Oxford University Press, New York.","K015xPfLfah4eO1uZLmE3FLLe6b3pcen","nLY7eam4tn5KvmhUGKXYjL1ERBP4294P",
"4d6637d4-d9c6-4950-bcdf-c882f04e9040","OAES_005.basePlot.bet","D11","OAES","OAES_005","E","2015-06-09","2015-06-23","2015-06-24","2015-07-09","2015-12-21","OAES_005.E.20150623","oszmWJzaoIuEWFCUlU907NHI1UrWP3tWtsLuZXV2kG8=","carabid","CYCSUB","Cyclotrachelus substriatus","species","cf. species","LeConte",,2,"Freitag, R. 1969. A revision of the species of the genus Evarthrus LeConte. Quaestiones Entomologicae 5:89-212.","K015xPfLfah4eO1uZLmE3FLLe6b3pcen","nLY7eam4tn5KvmhUGKXYjL1ERBP4294P",
"55378321-f7c3-4e39-942f-10a4536f28e6","OAES_003.basePlot.bet","D11","OAES","OAES_003","E","2015-06-09","2015-06-23","2015-06-24","2015-07-07","2015-12-23","OAES_003.E.20150623","JY1K16SHr/zEfsjUb84kZkgU2gkaxzP2jxkO9AMxTco=","carabid","ANIRUS","Anisodactylus rusticus","species","cf. species","Say",,1,"Noonan, G. R. 1973. The Anisodactylines (Insecta: Coleoptera: Carabidae: Harpalini): classification, evolution and zoogeography. Quaestiones Entomologicae 9:266-480.","K015xPfLfah4eO1uZLmE3FLLe6b3pcen","zqzI6VPGJkqKrnUdkEIpiHhaRLZfA7fK",
"3be821cb-def7-4caf-b3b1-20c1a2a2e46a","OAES_005.basePlot.bet","D11","OAES","OAES_005","E","2015-06-09","2015-06-23","2015-06-24","2015-07-09","2015-12-31","OAES_005.E.20150623","oszmWJzaoIuEWFCUlU907G2cbT64WN+LeA7W2nQz8To=","carabid","SELPED","Selenophorus pedicularius","species","cf. species","Dejean",,1,"Horn, G. H. 1883. Synopsis of the species of the tribe Lebiini. Transactions of the American Entomological Society and Proceedings of the Entomological Section of the Academy of Natural Sciences 10:126-164.","K015xPfLfah4eO1uZLmE3FLLe6b3pcen","nLY7eam4tn5KvmhUGKXYjL1ERBP4294P",
"0aeda4cf-83c1-4a56-96f3-cd2a6aa14d57","OAES_003.basePlot.bet","D11","OAES","OAES_003","E","2015-06-09","2015-06-23","2015-06-24","2015-07-07","2015-12-31","OAES_003.E.20150623","JY1K16SHr/zEfsjUb84kZhDl4NOvfICL66l+vKfrZAM=","carabid","BEMRAP","Bembidion rapidum","species","cf. species","LeConte",,1,"Lindroth, C. H. 1969. The ground-beetles (Carabidae, excl. Cicindelinae) of Canada and Alaska, parts 1-6. Opuscula E. Entomoligiska Sallskapet.","K015xPfLfah4eO1uZLmE3FLLe6b3pcen","zqzI6VPGJkqKrnUdkEIpiHhaRLZfA7fK",
"4d6297d8-ee0f-454b-94a8-3bd9ae846497","OAES_005.basePlot.bet","D11","OAES","OAES_005","E","2015-06-09","2015-06-23","2015-06-24","2015-07-09","2015-12-14","OAES_005.E.20150623","oszmWJzaoIuEWFCUlU907K/b+VrTqM3hFuE2KrjGero=","carabid","CHLTOM","Chlaenius tomentosus","species",,"Say",,2,"Bell, R. T. 1960. A Revision of the Genus Chlaenius Bonelli (Coleoptera, Carabidae) in North America. Miscellaneous Publications of the Entomological Society of America 1:98-166.","K015xPfLfah4eO1uZLmE3FLLe6b3pcen","nLY7eam4tn5KvmhUGKXYjL1ERBP4294P",
"34fc793f-9741-4c4e-8181-96984b6f0d32","OAES_008.basePlot.bet","D11","OAES","OAES_008","E","2015-06-09","2015-06-23","2015-06-24","2015-07-02","2015-12-14","OAES_008.E.20150623","BL2EGNvUCCOXVHT5+DpxdjooFnzRTDhoT6Z9ikP0jbg=","carabid","DROBEL","Dromochorus belfragei","species",,"Salle",,3,"Pearson, D., C. B. Knisley, and C. J. Kazilek. 2006. A Field Guide to the Tiger Beetles of the United States and Canada: Identification, Natural History, and Distribution of the Cicindelidae. Oxford University Press, New York.","K015xPfLfah4eO1uZLmE3FLLe6b3pcen","+iQvVZ4QDC/6AZ19AJv4/Z5pPlRFlUUb",
"f207b189-c16f-47c1-802c-c45c32eba40e","OAES_004.basePlot.bet","D11","OAES","OAES_004","E","2015-06-09","2015-06-23","2015-06-24","2015-07-09","2015-12-11","OAES_004.E.20150623","FpFkKsaMuAAmR2voWj6A2Lbhg69eKK4TfbVaLVjVYs0=","carabid","DROBEL","Dromochorus belfragei","species",,"Salle",,2,"Pearson, D., C. B. Knisley, and C. J. Kazilek. 2006. A Field Guide to the Tiger Beetles of the United States and Canada: Identification, Natural History, and Distribution of the Cicindelidae. Oxford University Press, New York.","K015xPfLfah4eO1uZLmE3FLLe6b3pcen","zqzI6VPGJkqKrnUdkEIpiHhaRLZfA7fK",
"4fb30c49-bbed-4bde-ae53-04d66fb2581d","OAES_004.basePlot.bet","D11","OAES","OAES_004","E","2015-06-09","2015-06-23","2015-06-24","2015-07-09","2015-12-04","OAES_004.E.20150623","FpFkKsaMuAAmR2voWj6A2OnEOsAmlb2MXulIIeFerRw=","carabid","PASCAL","Pasimachus californicus","species",,"Chaudoir",,1,"Purrington, F., and C. J. Drake. 2005. A key to adult Nearctic Pasimachus (Pasimachus) Bonelli (Coleoptera: Carabidae: Scaritini), with comments on their functional mouthpart morphology. Entomological News 116:253-262.","K015xPfLfah4eO1uZLmE3FLLe6b3pcen","zqzI6VPGJkqKrnUdkEIpiHhaRLZfA7fK",
"d7e8d62c-f78d-43e4-b52a-233cc6410a30","OAES_001.basePlot.bet","D11","OAES","OAES_001","E","2015-06-09","2015-06-23","2015-06-24","2015-07-02",,"OAES_001.E.20150623","Yz+fJngcyZ9Pq0SDV7LlkgvV4Wmx5Q7mZgIMhsrgxX4=","invert bycatch",,,,,,,,,,"zqzI6VPGJkqKrnUdkEIpiHhaRLZfA7fK",
"6e2521ea-5674-4b42-b4d5-ab8e3f5f9a0e","OAES_021.basePlot.bet","D11","OAES","OAES_021","E","2015-06-09","2015-06-23","2015-06-24","2015-07-07",,"OAES_021.E.20150623","aFCS5Rk0Sdb4+ZGq3OneQnmWb88YkhrODlp6JIzV418=","invert bycatch",,,,,,,,,,"zqzI6VPGJkqKrnUdkEIpiHhaRLZfA7fK",
"4b3c9e78-2585-413f-a5f4-f9b7925998ef","OAES_009.basePlot.bet","D11","OAES","OAES_009","E","2015-06-09","2015-06-23","2015-06-24","2015-07-07",,"OAES_009.E.20150623","e+s5q3w8y7PBAYoNMaPuBvT6ENTJ5Yd6LxN0MqInNnI=","invert bycatch",,,,,,,,,,"n/e5H9DzKQmiwvmUmG2RGqatOQzXK2Fo1rbM7EummvE=",
"7fac6705-0861-401f-ae5b-87ee4a9cebc0","OAES_006.basePlot.bet","D11","OAES","OAES_006","E","2015-06-09","2015-06-23","2015-06-24","2015-07-09",,"OAES_006.E.20150623","mt2fHmHLlFmpuzgZy7qFxe6vVr7+dEU2gA2+h2m9Uh8=","invert bycatch",,,,,,,,,,"nLY7eam4tn5KvmhUGKXYjL1ERBP4294P",
"c12082bb-c8a0-4b30-a7a5-a6eff194c023","OAES_007.basePlot.bet","D11","OAES","OAES_007","E","2015-06-09","2015-06-23","2015-06-24","2015-07-02",,"OAES_007.E.20150623","rDfCr2OaAq0RzbHN0QwD5vqZ9RLFen993xdPreorieo=","invert bycatch",,,,,,,,,,"nLY7eam4tn5KvmhUGKXYjL1ERBP4294P",
"ebc4e6af-f1eb-407a-82d3-5b7ec438c69b","OAES_008.basePlot.bet","D11","OAES","OAES_008","E","2015-06-09","2015-06-23","2015-06-24","2015-07-02",,"OAES_008.E.20150623","BL2EGNvUCCOXVHT5+DpxdkE5gCgwq58a3OroUEawEnk=","invert bycatch",,,,,,,,,,"+iQvVZ4QDC/6AZ19AJv4/Z5pPlRFlUUb",
"20e596ee-9cd3-40bf-9dc3-ebbcf67e773d","OAES_004.basePlot.bet","D11","OAES","OAES_004","E","2015-06-09","2015-06-23","2015-06-24","2015-07-09",,"OAES_004.E.20150623","FpFkKsaMuAAmR2voWj6A2Ac4yxd1sLsVfE5og2pbnsM=","invert bycatch",,,,,,,,,,"zqzI6VPGJkqKrnUdkEIpiHhaRLZfA7fK",
"98db0f4e-f77d-4f25-a66a-ee74d6062b2a","OAES_003.basePlot.bet","D11","OAES","OAES_003","E","2015-06-09","2015-06-23","2015-06-24","2015-07-07",,"OAES_003.E.20150623","JY1K16SHr/zEfsjUb84kZm95IIm1c/0ljiECb3pEGiY=","invert bycatch",,,,,,,,,,"n/e5H9DzKQmiwvmUmG2RGqatOQzXK2Fo1rbM7EummvE=",
"3046b742-fda2-43a1-bcec-1a8d88e25daf","OAES_005.basePlot.bet","D11","OAES","OAES_005","E","2015-06-09","2015-06-23","2015-06-24","2015-07-09",,"OAES_005.E.20150623","oszmWJzaoIuEWFCUlU907NVA0uASAgtX8OWEl2LvzH0=","invert bycatch",,,,,,,,,,"nLY7eam4tn5KvmhUGKXYjL1ERBP4294P",
"6873bc8e-450e-4665-a65e-7271d82d3b76","OAES_002.basePlot.bet","D11","OAES","OAES_002","E","2015-06-09","2015-06-23","2015-06-24","2015-07-09",,"OAES_002.E.20150623","DJFzCWJFd2iZPfG0eEimXeiwlMsu56oKShq3fEwIZSE=","invert bycatch",,,,,,,,,,"zqzI6VPGJkqKrnUdkEIpiHhaRLZfA7fK",
"2e48a5d0-f580-403a-bfd2-8a0c473b7f61","OAES_002.basePlot.bet","D11","OAES","OAES_002","N","2015-06-09","2015-06-23","2015-06-24","2015-07-02","2015-12-30","OAES_002.N.20150623","DJFzCWJFd2gZux6f6ih4UToCDcp6ykV4u1QrI05R7i8=","carabid","CRADUB","Cratacanthus dubius","species","cf. species","Palisot de Beauvois",,1,"Arnett Jr., R. H., and M. C. Thomas. 2001. American Beetles Archosemata, Myxophaga, Adephaga, Polyphaga: Staphyliniformia. 1st Vol. (C. Press, Ed.). 1st Ed. Boca Raton, FL.","K015xPfLfah4eO1uZLmE3FLLe6b3pcen","zqzI6VPGJkqKrnUdkEIpiHhaRLZfA7fK",
"15e3c665-3673-404c-abb0-7386a00d55df","OAES_009.basePlot.bet","D11","OAES","OAES_009","N","2015-06-09","2015-06-23","2015-06-24","2015-07-07","2015-12-31","OAES_009.N.20150623","e+s5q3w8y7N0DA6Xh0DAyxz/0801pgcgbu+9A0mU1YQ=","carabid","SELPED","Selenophorus pedicularius","species","cf. species","Dejean",,1,"Horn, G. H. 1883. Synopsis of the species of the tribe Lebiini. Transactions of the American Entomological Society and Proceedings of the Entomological Section of the Academy of Natural Sciences 10:126-164.","K015xPfLfah4eO1uZLmE3FLLe6b3pcen","n/e5H9DzKQmiwvmUmG2RGqatOQzXK2Fo1rbM7EummvE=",
"0f9d0c7b-5e73-4cdd-882d-1b656f949a20","OAES_009.basePlot.bet","D11","OAES","OAES_009","N","2015-06-09","2015-06-23","2015-06-24","2015-07-07","2015-12-23","OAES_009.N.20150623","e+s5q3w8y7N0DA6Xh0DAy5/4qTD5JoxKYOpkjpeAUck=","carabid","ANIOPA","Anisodactylus opaculus","species","cf. species","LeConte",,1,"Noonan, G. R. 1973. The Anisodactylines (Insecta: Coleoptera: Carabidae: Harpalini): classification, evolution and zoogeography. Quaestiones Entomologicae 9:266-480.","K015xPfLfah4eO1uZLmE3FLLe6b3pcen","n/e5H9DzKQmiwvmUmG2RGqatOQzXK2Fo1rbM7EummvE=",
"78f61ea8-cb72-4ff7-8a4f-6a3ee86eb7ae","OAES_006.basePlot.bet","D11","OAES","OAES_006","N","2015-06-09","2015-06-23","2015-06-24","2015-07-09","2015-12-21","OAES_006.N.20150623","mt2fHmHLlFlxUsxh9/qN7qPnjZMpRAy2vnQH0sdpb6g=","carabid","CYCSUB","Cyclotrachelus substriatus","species","cf. species","LeConte",,1,"Freitag, R. 1969. A revision of the species of the genus Evarthrus LeConte. Quaestiones Entomologicae 5:89-212.","K015xPfLfah4eO1uZLmE3FLLe6b3pcen","nLY7eam4tn5KvmhUGKXYjL1ERBP4294P",
"678fa45d-df14-4025-aed8-0881c22f872e","OAES_008.basePlot.bet","D11","OAES","OAES_008","N","2015-06-09","2015-06-23","2015-06-24","2015-07-02","2015-12-21","OAES_008.N.20150623","BL2EGNvUCCPG8hZ4BJwuwQpX3zvXWTfbKxuIZ3OnXr8=","carabid","CYCSUB","Cyclotrachelus substriatus","species","cf. species","LeConte",,1,"Freitag, R. 1969. A revision of the species of the genus Evarthrus LeConte. Quaestiones Entomologicae 5:89-212.","K015xPfLfah4eO1uZLmE3FLLe6b3pcen","+iQvVZ4QDC/6AZ19AJv4/Z5pPlRFlUUb",
"62923f61-3c7b-4fe3-b2fb-474fdd01918a","OAES_004.basePlot.bet","D11","OAES","OAES_004","N","2015-06-09","2015-06-23","2015-06-24","2015-07-09","2015-12-04","OAES_004.N.20150623","FpFkKsaMuACuzNci4Z68xKlfoEeO6ybFiOZGFcUi53U=","carabid","PASCAL","Pasimachus californicus","species",,"Chaudoir",,1,"Purrington, F., and C. J. Drake. 2005. A key to adult Nearctic Pasimachus (Pasimachus) Bonelli (Coleoptera: Carabidae: Scaritini), with comments on their functional mouthpart morphology. Entomological News 116:253-262.","K015xPfLfah4eO1uZLmE3FLLe6b3pcen","zqzI6VPGJkqKrnUdkEIpiHhaRLZfA7fK",
"054fb0d0-6bb4-4abd-b955-10921680f2e3","OAES_005.basePlot.bet","D11","OAES","OAES_005","N","2015-06-09","2015-06-23","2015-06-24","2015-07-09","2015-10-20","OAES_005.N.20150623","oszmWJzaoIuaqeEDME44ytjjUKHPocdO3mrdSoKxcS8=","vert bycatch herp","ANACOG","Anaxyrus cognatus","species",,"Say",,1,"Sievert, G. and L. Sievert. 2011. A Field Guide to Oklahoma's Amphibians and Reptiles (3rd Edition). Oklahoma Dept. of Wildlife Conservation. OKC., OK. 211 p.","cJ8Mt89MTxlqOnAc6pDp/DoDhz6eIepx","nLY7eam4tn5KvmhUGKXYjL1ERBP4294P",
"83fa04a6-cea7-4f2b-85dd-ec2380f2637e","OAES_021.basePlot.bet","D11","OAES","OAES_021","N","2015-06-09","2015-06-23","2015-06-24","2015-07-07",,"OAES_021.N.20150623","aFCS5Rk0Sda1Rkk6HlQMZbC1TIz7Jo05slCwtg+825U=","invert bycatch",,,,,,,,,,"zqzI6VPGJkqKrnUdkEIpiHhaRLZfA7fK",
"d72c6566-ce06-463f-9ce3-ce11bcc654d3","OAES_003.basePlot.bet","D11","OAES","OAES_003","N","2015-06-09","2015-06-23","2015-06-24","2015-07-07",,"OAES_003.N.20150623","JY1K16SHr/xhw8WkdEBnVO0eaO1qmP/dHWk2j+De3DE=","invert bycatch",,,,,,,,,,"n/e5H9DzKQmiwvmUmG2RGqatOQzXK2Fo1rbM7EummvE=",
"2becd1f1-d123-4c00-b466-c240ec0c1b74","OAES_009.basePlot.bet","D11","OAES","OAES_009","N","2015-06-09","2015-06-23","2015-06-24","2015-07-07",,"OAES_009.N.20150623","e+s5q3w8y7N0DA6Xh0DAyzlImwm4eAJi/3efcDFJEhc=","invert bycatch",,,,,,,,,,"n/e5H9DzKQmiwvmUmG2RGqatOQzXK2Fo1rbM7EummvE=",
"60dfe695-2441-4b3f-b769-3ed65a44fd3a","OAES_008.basePlot.bet","D11","OAES","OAES_008","N","2015-06-09","2015-06-23","2015-06-24","2015-07-02",,"OAES_008.N.20150623","BL2EGNvUCCPG8hZ4BJwuwXrQMKlWsCGqti5XXvsxaV4=","invert bycatch",,,,,,,,,,"+iQvVZ4QDC/6AZ19AJv4/Z5pPlRFlUUb",
"2d37e1c3-32ea-422a-a69e-66341d8518d9","OAES_004.basePlot.bet","D11","OAES","OAES_004","N","2015-06-09","2015-06-23","2015-06-24","2015-07-09",,"OAES_004.N.20150623","FpFkKsaMuACuzNci4Z68xDBDDz2dTZkQVqDLpqQzl6I=","invert bycatch",,,,,,,,,,"zqzI6VPGJkqKrnUdkEIpiHhaRLZfA7fK",
"1c91615b-9b9d-4d1d-ae6b-5ca2e0ec77bd","OAES_001.basePlot.bet","D11","OAES","OAES_001","N","2015-06-09","2015-06-23","2015-06-24","2015-07-02",,"OAES_001.N.20150623","Yz+fJngcyZ/SwCCmRbtKNEw3E9YYCZ49Xxl+MpZrXkM=","invert bycatch",,,,,,,,,,"zqzI6VPGJkqKrnUdkEIpiHhaRLZfA7fK",
"c21c619f-f0a6-4649-8a83-3e0b3562b36f","OAES_006.basePlot.bet","D11","OAES","OAES_006","N","2015-06-09","2015-06-23","2015-06-24","2015-07-09",,"OAES_006.N.20150623","mt2fHmHLlFlxUsxh9/qN7hly0LudEcQr20WRfT6acl0=","invert bycatch",,,,,,,,,,"nLY7eam4tn5KvmhUGKXYjL1ERBP4294P",
"c8b446da-16fd-437d-b6b5-0e43c4dc6cd7","OAES_007.basePlot.bet","D11","OAES","OAES_007","N","2015-06-09","2015-06-23","2015-06-24","2015-07-02",,"OAES_007.N.20150623","rDfCr2OaAq2IUtMwbKF/1xIUQHtQZHZENwblsee9+C4=","invert bycatch",,,,,,,,,,"nLY7eam4tn5KvmhUGKXYjL1ERBP4294P",
"e8bf5dff-d3b9-4052-a27e-02e85eacc893","OAES_005.basePlot.bet","D11","OAES","OAES_005","N","2015-06-09","2015-06-23","2015-06-24","2015-07-09",,"OAES_005.N.20150623","oszmWJzaoIuaqeEDME44yiHPr6N6nE6TyIYViDMVdkc=","invert bycatch",,,,,,,,,,"nLY7eam4tn5KvmhUGKXYjL1ERBP4294P",
"935b86e5-4f5f-4bb4-bfbe-746b2edd0ec2","OAES_002.basePlot.bet","D11","OAES","OAES_002","N","2015-06-09","2015-06-23","2015-06-24","2015-07-09",,"OAES_002.N.20150623","DJFzCWJFd2gZux6f6ih4UW38g2hWcsBuKDSfofHCRN4=","invert bycatch",,,,,,,,,,"zqzI6VPGJkqKrnUdkEIpiHhaRLZfA7fK",
"79b0485f-034b-48b4-91d9-b8f95aa352bf","OAES_004.basePlot.bet","D11","OAES","OAES_004","S","2015-06-09","2015-06-23","2015-06-24","2015-07-09","2015-12-14","OAES_004.S.20150623","FpFkKsaMuACjwxK0I0WiYFlDHlDiLaUtO9A2OjpqF8E=","carabid","SCASUB2","Scarites subterraneus","species",,"Fabricius",,1,"Other","K015xPfLfah4eO1uZLmE3FLLe6b3pcen","zqzI6VPGJkqKrnUdkEIpiHhaRLZfA7fK",
"a961a002-98cb-4b1d-a4d0-765c01f59ccf","OAES_004.basePlot.bet","D11","OAES","OAES_004","S","2015-06-09","2015-06-23","2015-06-24","2015-07-09","2015-07-09","OAES_004.S.20150623","FpFkKsaMuACjwxK0I0WiYDZxvJ4aB6VqafvW5FCXnr4=","vert bycatch herp","GASOLI","Gastrophryne olivacea","species",,"Hallowell",,1,"Sievert, G. and L. Sievert. 2011. A Field Guide to Oklahoma's Amphibians and Reptiles (3rd Edition). Oklahoma Dept. of Wildlife Conservation. OKC., OK. 211 p.","cJ8Mt89MTxlqOnAc6pDp/DoDhz6eIepx","cJ8Mt89MTxlqOnAc6pDp/DoDhz6eIepx",
"00836eb1-a372-46e7-acca-cf5ff2a71a11","OAES_003.basePlot.bet","D11","OAES","OAES_003","S","2015-06-09","2015-06-23","2015-06-24","2015-07-07","2015-12-23","OAES_003.S.20150623","JY1K16SHr/yHQvgUlPKb8R4ljLrkU4EUKObXlHyM33w=","carabid","ANIRUS","Anisodactylus rusticus","species","cf. species","Say",,1,"Noonan, G. R. 1973. The Anisodactylines (Insecta: Coleoptera: Carabidae: Harpalini): classification, evolution and zoogeography. Quaestiones Entomologicae 9:266-480.","K015xPfLfah4eO1uZLmE3FLLe6b3pcen","zqzI6VPGJkqKrnUdkEIpiHhaRLZfA7fK",
"b2be20f7-6d53-4990-b2de-797b60e3387d","OAES_003.basePlot.bet","D11","OAES","OAES_003","S","2015-06-09","2015-06-23","2015-06-24","2015-07-07","2015-10-20","OAES_003.S.20150623","JY1K16SHr/yHQvgUlPKb8XJMlfvxO1cMax6bRjffP5A=","vert bycatch herp","ANACOG","Anaxyrus cognatus","species",,"Say",,1,"Sievert, G. and L. Sievert. 2011. A Field Guide to Oklahoma's Amphibians and Reptiles (3rd Edition). Oklahoma Dept. of Wildlife Conservation. OKC., OK. 211 p.","cJ8Mt89MTxlqOnAc6pDp/DoDhz6eIepx","zqzI6VPGJkqKrnUdkEIpiHhaRLZfA7fK",
"0a954710-798f-43e9-9020-f7342cba0cd1","OAES_005.basePlot.bet","D11","OAES","OAES_005","S","2015-06-09","2015-06-23","2015-06-24","2015-07-09","2015-12-14","OAES_005.S.20150623","oszmWJzaoIseWbVwOj8CVM06sKn7JlvkSGDrrV1wpzs=","carabid","DROBEL","Dromochorus belfragei","species",,"Salle",,2,"Pearson, D., C. B. Knisley, and C. J. Kazilek. 2006. A Field Guide to the Tiger Beetles of the United States and Canada: Identification, Natural History, and Distribution of the Cicindelidae. Oxford University Press, New York.","K015xPfLfah4eO1uZLmE3FLLe6b3pcen","nLY7eam4tn5KvmhUGKXYjL1ERBP4294P",
"31f7b04f-ced7-4b4e-997d-4559b79efb0a","OAES_005.basePlot.bet","D11","OAES","OAES_005","S","2015-06-09","2015-06-23","2015-06-24","2015-07-09","2015-12-14","OAES_005.S.20150623","oszmWJzaoIseWbVwOj8CVF4QejUWv4a2ZdXFIRQPBiU=","carabid","SCAVIC","Scarites vicinus","species",,"Chaudoir",,1,"Other","K015xPfLfah4eO1uZLmE3FLLe6b3pcen","nLY7eam4tn5KvmhUGKXYjL1ERBP4294P",
"17de7e21-3884-400d-bc7f-d51c6a19c9e5","OAES_002.basePlot.bet","D11","OAES","OAES_002","S","2015-06-09","2015-06-23","2015-06-24","2015-07-02","2015-12-04","OAES_002.S.20150623","DJFzCWJFd2h0hWWcZRnW04uafV2Stb0nw3a3CrDkcYA=","carabid","PASCAL","Pasimachus californicus","species",,"Chaudoir",,1,"Purrington, F., and C. J. Drake. 2005. A key to adult Nearctic Pasimachus (Pasimachus) Bonelli (Coleoptera: Carabidae: Scaritini), with comments on their functional mouthpart morphology. Entomological News 116:253-262.","K015xPfLfah4eO1uZLmE3FLLe6b3pcen","zqzI6VPGJkqKrnUdkEIpiHhaRLZfA7fK",
"05a0d6a9-7975-40a6-8b2a-dc50c8549907","OAES_002.basePlot.bet","D11","OAES","OAES_002","S","2015-06-09","2015-06-23","2015-06-24","2015-07-02","2015-12-14","OAES_002.S.20150623","DJFzCWJFd2h0hWWcZRnW0wuqIZ+WxNO7lOqei4NUdHA=","carabid","SCAVIC","Scarites vicinus","species",,"Chaudoir",,1,"Other","K015xPfLfah4eO1uZLmE3FLLe6b3pcen","zqzI6VPGJkqKrnUdkEIpiHhaRLZfA7fK",
"13ed4f96-7400-49e8-a8c7-415901e7fd19","OAES_001.basePlot.bet","D11","OAES","OAES_001","S","2015-06-09","2015-06-23","2015-06-24","2015-07-02","2015-12-31","OAES_001.S.20150623","Yz+fJngcyZ/xMN7MCKMftGDqsQbjhsES9ffJ42kN7ig=","carabid","HARFAU","Harpalus faunus","species","cf. species","Say",,1,"Ball, G. E., and J. N. Anderson. 1962. The taxonomy and speciation of Pseudophonus (a subgenus of Harpalus: Haralini: Carabidae, known to occur in North America). The Catholic University of America Press, Washington 17, D. C.","K015xPfLfah4eO1uZLmE3FLLe6b3pcen","zqzI6VPGJkqKrnUdkEIpiHhaRLZfA7fK",
