uid,namedLocation,domainID,siteID,plotID,setDate,collectDate,processingDate,subsampleIDList,archiveVialID,scientificName,recordedBy,remarks
"456304b0-37d6-412d-bd68-52f0780689b1","BLAN_004.basePlot.bet","D02","BLAN","BLAN_004","2016-06-23","2016-07-07","2016-08-11","zD/pbYGBt/AXOPo10t8ycgOXwipZ++R+wUgfRYQA8nQezKE2vRH4erP/52itUIGIsHHlI6GeM/4=","zD/pbYGBt/C73bRMkru+cnUR1ruB6roT",,,
"ac507e37-d88e-4cbd-8c1b-d188bf397618","BLAN_004.basePlot.bet","D02","BLAN","BLAN_004","2016-06-23","2016-07-07","2016-08-11","zD/pbYGBt/ANIhimybzuVI8c9FVGYmmZ00MqFFhVjliWedGeAaqkkF6ZrGc7AhteAqkOKSYJah4=","zD/pbYGBt/C73bRMkru+chTNE8apVKBg",,,
"a62acd23-d26c-4fe6-b75d-10606be1ec87","BLAN_002.basePlot.bet","D02","BLAN","BLAN_002","2016-06-23","2016-07-07","2016-08-11","pAIsJl1bu+GcqHkav4nxkbODP4cbggOwI8DrJmyzBtScUbFA+TkIFe39/fJsrCoh/NTt8K2+4qnsfLkxt09NU95z6QDvXGI3FZ04vQJTnZoC4C02bTAJWR4mf5XrBUcPLL+fx6iMJR8=","pAIsJl1bu+HVAapjKS619x9sWfxjac9C",,,
"200eb7ff-9089-4c0b-8bf4-15d294bc0244","BLAN_003.basePlot.bet","D02","BLAN","BLAN_003","2016-06-23","2016-07-07","2016-08-10","qWnRnvyEnOzvkqBLEPxufVFqCuspdPl61ToHUvL8tkBTXR33jZW6Rru3u7VgBaTWREy54P1nazOxhnhQDh1qD4xM83oPmnM0UtTVbJZNVnqm6uZXvVenxMGZpEYk+UxnQRiTXeZwH4o=","qWnRnvyEnOzjviaYRmFyi5soZ7wdKgy2",,,
"f48dce0f-36e1-42fd-8483-f3b29357064f","BLAN_001.basePlot.bet","D02","BLAN","BLAN_001","2016-06-23","2016-07-07","2016-08-10","snBNH0r8Ie3SaQ3QzfzC8JLLf0jPchTuFxOqtrV4vxPfMs8e0FLalBnJu9rtMRAGSNmouObHDCSZf2NqbSPq5bPWbEPbMBn+FDThRGQ8pi0QqRzfx3QVj8YouW/Alns0jNZLxiVVkAs=","snBNH0r8Ie3VY+DOdMzuIcP2QBZX2gOG",,,
"36d33934-c3ff-4c3d-aaa1-58c4126a29db","BLAN_006.basePlot.bet","D02","BLAN","BLAN_006","2016-06-23","2016-07-07","2016-08-10","YPnoadCppCxLlYIcy172hZ3eq7KpDu5cwLeRtWIbTeqedfyK9QV0RgLK+XIc5h+BovbLLQUKfUw=","YPnoadCppCyJ3DMnDMbUE53G6xSoPBW3",,,
"8edcd898-9906-4592-8633-fcf4c02f161f","BLAN_009.basePlot.bet","D02","BLAN","BLAN_009","2016-06-23","2016-07-07","2016-08-10","7TKpA4ipJZD0wZ2O79XEBh/XAiCfwhtS/RHyVaastMnumEgxO7hjdDzhryf7US7/y5COfUTYyNHBEKWs4JzYjuoUO/lNusYd7ZNn+icMTHN939L+rJQbqcjcUlqwNojb7rbPDqLqwXk=","7TKpA4ipJZDG9GUclSPQHBq/FJ5qkAOq",,,
"97962a5c-c46f-4b63-945d-4ba7ff591b5b","BLAN_011.basePlot.bet","D02","BLAN","BLAN_011","2016-06-23","2016-07-07","2016-08-11","N4JQ3RFWht3iCjhQxs86FbI5q2fQxb0dqMGSy3Oi1wtqC14SbcFeNRuaBBk/m2dFsnJzvsXALWRzVGZJkV21jhZ8/lje7Q1AugP78OdnuK3ks4/SUnmHGYsZgV/rhhXYWwTvakie1nY=","N4JQ3RFWht1fdPvHiYN1rBaK8iRq5MLv",,,
"e76003ee-99d9-4ada-a1ff-ccb5d03f2ce7","BLAN_006.basePlot.bet","D02","BLAN","BLAN_006","2016-06-23","2016-07-07","2016-08-10","YPnoadCppCzlCM5gyquFBWxwI+HjnyQvuWh8ORMPGLh9JytE/P+eqzGn015k2c6IMWO22nqPfM4=","YPnoadCppCyJ3DMnDMbUEzorj/DF2jy/",,,
"2e7b5c05-6311-4eb0-a237-ef360384557e","BLAN_007.basePlot.bet","D02","BLAN","BLAN_007","2016-06-23","2016-07-07","2016-08-11","bSFRDFDJGfwmsJlDgxZmVef2S67mNG4suovlhHsF8j33NIFqI/39RTX17+/bzlFbN3m5mHz4gOZ1w55KM4Fo8wjE3R4vs+CLIrp4jwu4qfO4VCfSJUerTolBvCXqMx6lSs9FvqESb7Q=","bSFRDFDJGfzcJTiZTapbkh358HVGsoM3",,,
"64f1a1f8-7046-4311-8d2c-e2faaf07a3c6","BLAN_005.basePlot.bet","D02","BLAN","BLAN_005","2016-06-23","2016-07-07","2016-08-11","z8g4o9caFROb0qmxmK9e67wfsI6/GxQlEblqYmr4mr9PeKpL1VvFF0MDmxiUK65+okv12Mh0KWD9pszsA3ukCD48AcK9DDzh8yk3ZFl7QF7bN3l4XCVgOpOlHaZvsfeCEYQIij2i0ZA=","z8g4o9caFROMxTHtn46GECElFpVX/1C9",,,
"918273f1-187d-4616-b477-1432d00f3885","BLAN_012.basePlot.bet","D02","BLAN","BLAN_012","2016-06-23","2016-07-07","2016-08-11","J0lvmfNn/feBZJX/r9rbG4sS86rRzt0/z8/7Pjr6HctXN+FRvziRuuecLXs+fdmQ0yR8wrpM+AK9czjPPmFsHjhP4nsl6rEmA4UE3QzOUpc=","J0lvmfNn/feGnsyFoosD+yUMWOwSTlky",,,
"36757004-b042-4334-b83a-30feaea8fa39","BLAN_005.basePlot.bet","D02","BLAN","BLAN_005","2016-07-07","2016-07-21","2016-08-22","z8g4o9caFRNLIEXNqWf94/nKrv2O2IRSPpe1TB4DAuhZ5jE/rZ+XYaMEFLSYJ07PtM7oV1zeNGqk0cugeNBblChX4v5ySMgdR2DEycEonpR5efAnTDxnn6nZIWVlFsQQx6blx8fIssQ=","z8g4o9caFROSEzC0e8/i/8KzWA7OgZ34",,,
"e97bd6be-a55e-4a10-8b6b-246144e118f3","BLAN_004.basePlot.bet","D02","BLAN","BLAN_004","2016-07-07","2016-07-21","2016-08-23","zD/pbYGBt/DLXtWYhWKnUMHyRkwB9tOCyXDVXmR+9rARTE9QghSto98MxKSxDEfhVsakEz5XoJfSKrNDJwldx2Mv+CJo4hoFPjNh1MFp+STKfAL22gdUSJIvaOG6j2l+FyPTM3tooyQ=","zD/pbYGBt/Bv9n5L58xnVcwWkOJIUNdN",,,
"54bbcd10-b0b6-45b1-b9db-9af362acfb2f","BLAN_002.basePlot.bet","D02","BLAN","BLAN_002","2016-07-07","2016-07-21","2016-08-22","pAIsJl1bu+Efcu1FGcBWE85wSbjS4dilDQ9MCeQNHHmkYH4IsY+7yixkAcUxajPwZ6+l4gRdQDqmfPN3luqiH5b7u+aYRhlm2n2Vw8ukNOhBnkXiWAqigiQun4yGNYgbgER2rdQZMCA=","pAIsJl1bu+H2jBhNZuHR1FhmX1+EEYjB",,,
"9a31c49b-f646-48d1-86f1-75904c628848","BLAN_003.basePlot.bet","D02","BLAN","BLAN_003","2016-07-07","2016-07-21","2016-08-19","qWnRnvyEnOzFYwRcK1FO1GH1WMLly644LU8PW/v7YcJEa1TRoSjmnTZJ5djuyLTbp/CwDyU+K6aFWvdDuv8IPPECJXWqNiiN9uPDth7nTlaS716dwZXNPLKaKxspV++wEXnBCqdxaG4=","qWnRnvyEnOygPUkmSe2CVkJGMsMjpaP6",,,
"e4ab5947-5f3a-4703-a3fe-d8da866e3eab","BLAN_001.basePlot.bet","D02","BLAN","BLAN_001","2016-07-07","2016-07-21","2016-08-22","snBNH0r8Ie1zRwaFy8PrZFIClFdVe22uxkkDJer52uMmbwKzXeJvGTDcOOqAjlBkVNC1ECc+fzAq3eysjTpO5G6v3/F3S/Xq5FobbPF+BdSmc8Ya9FYTov+RnGDsUV1qGyj/Ig26z0Y=","snBNH0r8Ie1QgOYKCUMYcgkOKYSkpHS+",,,
"bcaf9acf-c981-466c-9a22-317e34d98a20","BLAN_012.basePlot.bet","D02","BLAN","BLAN_012","2016-07-07","2016-07-21","2016-08-18","J0lvmfNn/fcB1Z2HArIN31IKsOVMH+lkEzOXlaMvM4s8CHzbmcuoSeY8x9bhr5FITMKHdS7ITJE=","J0lvmfNn/fczIgOl8RcEXGKLHlLPl2dg",,,
"d2ee24fe-6da2-45dd-ab36-a74ccfbfef1b","BLAN_012.basePlot.bet","D02","BLAN","BLAN_012","2016-07-07","2016-07-21","2016-08-18","J0lvmfNn/fftBWgPGS5Q6Zl4rshvjFoA2AvENUyzVBtByxlOlWy52Zq+c+qeba9txRD++IWvZL8=","J0lvmfNn/fczIgOl8RcEXEFG+sC/dHAG",,,
"c9cd3754-2a38-4809-9ac6-360329e35d25","BLAN_009.basePlot.bet","D02","BLAN","BLAN_009","2016-07-07","2016-07-21","2016-08-23","7TKpA4ipJZD0wZ2O79XEBp/oFyMOf/Kz04coKswsd1Hyet6UIlujw3JVzelgcNFdFkUjFOWKXcAVabwz0jwchcYV5MVB+4hP5totf5FgXmLnDTPdeDsusDWgsE9PcPeRZqlDA8iQFW0=","7TKpA4ipJZBy1dsEqgARsm7iZSt6xWEV",,,
"cf83dce0-a18c-4f8d-8a25-c6f7d6292155","BLAN_011.basePlot.bet","D02","BLAN","BLAN_011","2016-07-07","2016-07-21","2016-08-23","N4JQ3RFWht38MMWGq6fPr2rgJEd/Pwm+CicQ2yZEhEUbLbeT+fFr/pzO+aBBWWw3GP3GaIaUawX+HwCx0+YLmJFwWvTKBcjDyXPrLv92oROHSZ6SInv2XG/Je1m0cd/Ejy5S432aCUA=","N4JQ3RFWht1GmOquFBIygWaWpXsm5ros",,,
"53943e6f-e0cb-4fce-8bab-51468d93fcfa","BLAN_007.basePlot.bet","D02","BLAN","BLAN_007","2016-07-07","2016-07-21","2016-08-22","bSFRDFDJGfwmsJlDgxZmVRhZEjcNbFekgxyy7ljz8ILfJwbFUNwKPb1z0rqBauGssCSpmm502GRRMZlJ8DbpssiofRzIPuJ6xTXqiGlPiJQ9tNMCeo9w1UVo1eCqLumHAaORc1IIcnM=","bSFRDFDJGfzw3WQDaV1zzqYR4yd06BHy",,,
"cac36a37-605c-44ee-b092-9b7f9aedd492","BLAN_006.basePlot.bet","D02","BLAN","BLAN_006","2016-07-07","2016-07-21","2016-08-22","YPnoadCppCxLlYIcy172hYjdCXD3ifQN1vdZpyNOTDFYV4s7WikQgEQiSJhtzDIGbuPTZhCLvS3lUF0QxwlmmqLJuaNXRL2htk5wnQtgFUJP6+3iKd4zrctBd0LMou+ADqR0evFnz18=","YPnoadCppCyIUd2cdfYe9sE2zPq651GE",,,
