uid,namedLocation,domainID,siteID,plotID,trapID,setDate,collectDate,processingDate,etOHChangeDate,identifiedDate,sampleID,subsampleID,sampleType,taxonID,scientificName,taxonRank,identificationQualifier,scientificNameAuthorship,morphospeciesID,individualCount,identificationReferences,identifiedBy,recordedBy,remarks
"b1e91c59-7bea-42e6-9d73-8f4b7305dafa","JERC_001.basePlot.bet","D03","JERC","JERC_001","E","2015-06-18","2015-07-02","2015-07-02","2015-07-21",,"JERC_001.E.20150702","ArvEgVyhbJclGce9BJeiSMkiXek++PdBOtCoQDHk39w=","invert bycatch",,,,,,,,,,"IaXfrbXr6GQAKfG/Thmkj2xXG2gxDgR+",
"a1b916f5-0998-42cc-acc7-ae27b110f75d","JERC_008.basePlot.bet","D03","JERC","JERC_008","W","2015-06-18","2015-07-02","2015-07-02","2015-07-30",,"JERC_008.W.20150702","S3j2Rzo+HUmE19qpryw5jx/X2iqBZP3gV9w5fGIkjJ4=","invert bycatch",,,,,,,,,,"IaXfrbXr6GQAKfG/Thmkj2xXG2gxDgR+",
"0b54b7a9-a349-4940-ac1a-09c59928264c","JERC_003.basePlot.bet","D03","JERC","JERC_003","E","2015-06-18","2015-07-02","2015-07-02","2015-07-20",,"JERC_003.E.20150702","9IO0159G1yjG5d6KA3En5A/kL6frmERhpO4txrb9JEc=","invert bycatch",,,,,,,,,,"7ZsG8s1cQijU1p7CX6b9FNrZuRO+/rX6",
"d11d2820-894d-441a-9a71-73a56bd41b99","JERC_006.basePlot.bet","D03","JERC","JERC_006","E","2015-06-18","2015-07-02","2015-07-02","2015-07-16","2015-10-15","JERC_006.E.20150702","zWSiOx/FgAW+lIgXcTXBhbjumzyXvs5uKWLa35miinc=","vert bycatch mam","BLCA","Blarina carolinensis","species",,"Bachman",,1,"Kaufman, K., R. Bowers, and N. Bowers. 2007. Kaufman Field Guide to Mammals of North America. 12th Ed. Houghton Mifflin Company, New York, NY.","SZd6jJU+PWukgvziuyetpzviWNuM2FzT","wotzsmcGfDFGz7NWBrAUn7dLZE1v2DNq",
"80660bf3-885a-4ed3-a033-be0b99359a16","JERC_006.basePlot.bet","D03","JERC","JERC_006","E","2015-06-18","2015-07-02","2015-07-02","2015-07-16",,"JERC_006.E.20150702","zWSiOx/FgAW+lIgXcTXBhf68zCTwXwk675qQoK+wxAw=","invert bycatch",,,,,,,,,,"wotzsmcGfDFGz7NWBrAUn7dLZE1v2DNq",
"570f25ae-0a91-4617-8f60-b0e74e1a25fc","JERC_030.basePlot.bet","D03","JERC","JERC_030","E","2015-06-18","2015-07-02","2015-07-02","2015-07-23",,"JERC_030.E.20150702","AuAZEkdfggIM8aarx7D71gAEUBxDossGpfSixgjjKTc=","invert bycatch",,,,,,,,,,"cfnhyGSqXKc3516bF+Ud/jaLDXEcTOrF",
"485053e7-9245-423f-9a6b-feb5eb0f0dd9","JERC_002.basePlot.bet","D03","JERC","JERC_002","E","2015-06-18","2015-07-02","2015-07-02","2015-07-17","2015-07-20","JERC_002.E.20150702","CV0ws5Gtbhk3C+SN8PKRtoEHDjksq+kIXgoq59i1xr0=","carabid","ANIHAR1","Anisodactylus harpaloides","species",,"LaFerte-Senectere",,1,"Teaching collection","7ZsG8s1cQijU1p7CX6b9FNrZuRO+/rX6","IaXfrbXr6GQAKfG/Thmkj2xXG2gxDgR+",
"d5dcb75c-98fa-4c0e-82be-4333d9c8684a","JERC_002.basePlot.bet","D03","JERC","JERC_002","E","2015-06-18","2015-07-02","2015-07-02","2015-07-17",,"JERC_002.E.20150702","CV0ws5Gtbhk3C+SN8PKRtoVLiCF0ut0hSRxmScVO/wY=","invert bycatch",,,,,,,,,,"IaXfrbXr6GQAKfG/Thmkj2xXG2gxDgR+",
"892ddb95-dd5e-4c94-9038-4a00a5494ca8","JERC_010.basePlot.bet","D03","JERC","JERC_010","E","2015-06-18","2015-07-02","2015-07-02","2015-07-23",,"JERC_010.E.20150702","qRTVq00V1UlAJMKGTyUxAtBHbJD8oHFwglLiDCRkU3s=","invert bycatch",,,,,,,,,,"cfnhyGSqXKc3516bF+Ud/jaLDXEcTOrF",
"9a992d7b-d3b0-4cf5-bfc4-53d8ff1a8c43","JERC_009.basePlot.bet","D03","JERC","JERC_009","E","2015-06-18","2015-07-02","2015-07-02","2015-07-30",,"JERC_009.E.20150702","21ilO4RJ2p8k46J5BfLk8ijHuGT6Zm6HbXeggcJMzik=","invert bycatch",,,,,,,,,,"IaXfrbXr6GQAKfG/Thmkj2xXG2gxDgR+",
"a21b5ad4-b9cd-436d-a4fa-0eb59e535708","JERC_008.basePlot.bet","D03","JERC","JERC_008","E","2015-06-18","2015-07-02","2015-07-02","2015-07-30",,"JERC_008.E.20150702","S3j2Rzo+HUkvHR+V6bBjS4eBkmcn96eP1bu0Z7xwfdE=","invert bycatch",,,,,,,,,,"IaXfrbXr6GQAKfG/Thmkj2xXG2gxDgR+",
"471c5cad-c860-43e1-8c6b-c948f9619400","JERC_005.basePlot.bet","D03","JERC","JERC_005","E","2015-06-18","2015-07-02","2015-07-02","2015-07-23",,"JERC_005.E.20150702","Va9a3mr00GudoPkQBeYkdZv6kNQJOknPISEFAg5BDpc=","invert bycatch",,,,,,,,,,"JdN6ZmAx7oWFIyzymv+BnRh9VwthDgp6K22EnIME4dI=",
"db85f458-331f-4dd7-b78d-3ff72c62e90e","JERC_010.basePlot.bet","D03","JERC","JERC_010","N","2015-06-18","2015-07-02","2015-07-02","2015-07-23",,"JERC_010.N.20150702","qRTVq00V1UnS5M6xgnKncImq9UJiURMAKjdMzUYTLDI=","invert bycatch",,,,,,,,,,"cfnhyGSqXKc3516bF+Ud/jaLDXEcTOrF",
"fbb5e2e8-f9a8-433c-8cf9-43c0dcc1940b","JERC_007.basePlot.bet","D03","JERC","JERC_007","N","2015-06-18","2015-07-02","2015-07-02","2015-07-27",,"JERC_007.N.20150702","a/HTBHkllcNat4Nm3Eg/3O8XxHwVFyi+SWxlg2L+uEE=","invert bycatch",,,,,,,,,,"PbNu4t/t/O1BAZriMiaA3VbsZD9KatgX",
"e899dff8-89d2-4689-a226-a7ee983c212b","JERC_003.basePlot.bet","D03","JERC","JERC_003","N","2015-06-18","2015-07-02","2015-07-02","2015-07-20",,"JERC_003.N.20150702","9IO0159G1yhJSXKQdALFrV0Erp9tEX7F308K4grk47o=","invert bycatch",,,,,,,,,,"7ZsG8s1cQijU1p7CX6b9FNrZuRO+/rX6",
"c8daf8f5-112b-4809-ac09-6ca6adc0b146","JERC_006.basePlot.bet","D03","JERC","JERC_006","N","2015-06-18","2015-07-02","2015-07-02","2015-07-16",,"JERC_006.N.20150702","zWSiOx/FgAVL9xJt6L6qZ5Pxs7jnwQvzaUFiUNUGTyw=","invert bycatch",,,,,,,,,,"wotzsmcGfDFGz7NWBrAUn7dLZE1v2DNq",
"0cf38a61-a422-4a37-9b1c-6440d5af6b0d","JERC_030.basePlot.bet","D03","JERC","JERC_030","N","2015-06-18","2015-07-02","2015-07-02","2015-07-23",,"JERC_030.N.20150702","AuAZEkdfggL7JggkmwIjPOowQPysA2StjvHyruGMeeM=","invert bycatch",,,,,,,,,,"cfnhyGSqXKc3516bF+Ud/jaLDXEcTOrF",
"7992c90e-a437-40d2-a48e-fe93301e4448","JERC_002.basePlot.bet","D03","JERC","JERC_002","N","2015-06-18","2015-07-02","2015-07-02","2015-07-17",,"JERC_002.N.20150702","CV0ws5Gtbhm0QNZcWk0fWJQY5nXXca8EE6XjLNcPbkI=","invert bycatch",,,,,,,,,,"IaXfrbXr6GQAKfG/Thmkj2xXG2gxDgR+",
"faf695d7-f00e-4d34-a81d-e8bf0fc798c3","JERC_001.basePlot.bet","D03","JERC","JERC_001","N","2015-06-18","2015-07-02","2015-07-02","2015-07-21","2015-07-21","JERC_001.N.20150702","ArvEgVyhbJdjFIFRDoBpvny+g4ASN2F+HPZZOa+ntcw=","carabid","PASSUB2","Pasimachus subsulcatus","species",,"Say",,6,"Weed, Aaron. Preliminary key to the Pasimachus (Coleoptera: Carabidae: Scaritini) of Florida. http://www.entnemdept.ufl.edu/choate/pasimachus_florida.pdf","7ZsG8s1cQijU1p7CX6b9FNrZuRO+/rX6","IaXfrbXr6GQAKfG/Thmkj2xXG2gxDgR+",
"d4fafed7-f859-4e6b-8f31-27eb5a914476","JERC_001.basePlot.bet","D03","JERC","JERC_001","N","2015-06-18","2015-07-02","2015-07-02","2015-07-21",,"JERC_001.N.20150702","ArvEgVyhbJdjFIFRDoBpvpPLIYxKLsrkiQd/pzKYbaI=","invert bycatch",,,,,,,,,,"IaXfrbXr6GQAKfG/Thmkj2xXG2gxDgR+",
"d228669a-179c-46a2-a09c-8bb9cfb0b6a2","JERC_008.basePlot.bet","D03","JERC","JERC_008","N","2015-06-18","2015-07-02","2015-07-02","2015-07-30",,"JERC_008.N.20150702","S3j2Rzo+HUm4qiMG//HAliemS/ld9wz9KmHiE2CgPwQ=","invert bycatch",,,,,,,,,,"IaXfrbXr6GQAKfG/Thmkj2xXG2gxDgR+",
"0653fbe6-dddc-43f9-b67f-b32e01a769bc","JERC_009.basePlot.bet","D03","JERC","JERC_009","N","2015-06-18","2015-07-02","2015-07-02","2015-07-30",,"JERC_009.N.20150702","21ilO4RJ2p8rX0gZc073gDSBuM9D8BticCwWsKc6mL0=","invert bycatch",,,,,,,,,,"IaXfrbXr6GQAKfG/Thmkj2xXG2gxDgR+",
"10006a9e-f2a3-4c80-b8a3-fcd65d7c12c4","JERC_005.basePlot.bet","D03","JERC","JERC_005","N","2015-06-18","2015-07-02","2015-07-02","2015-07-23",,"JERC_005.N.20150702","Va9a3mr00GuK0vUFkbkpyTgZdPECxQKW4bUjTL+IlbU=","invert bycatch",,,,,,,,,,"JdN6ZmAx7oWFIyzymv+BnRh9VwthDgp6K22EnIME4dI=",
"fe4133ed-2158-4d0d-9367-b8168285a765","JERC_006.basePlot.bet","D03","JERC","JERC_006","N","2015-06-18","2015-07-02","2015-07-02","2015-07-16","2015-10-15","JERC_006.N.20150702","zWSiOx/FgAVL9xJt6L6qZwmfga3x1ySoxsicEKGF8Pg=","vert bycatch herp","GASCAR","Gastrophryne carolinensis","species",,"Holbrook",,1,"Conant, R., and J. T. Collins. 1998. A Field Guide to Reptiles and Amphibians: Eastern and Central North America. 3rd Ed. Houghton Mifflin Company, New York, NY.","SZd6jJU+PWukgvziuyetpzviWNuM2FzT","wotzsmcGfDFGz7NWBrAUn7dLZE1v2DNq",
"1701f324-1e7e-4742-ac22-181e4b63c8ac","JERC_005.basePlot.bet","D03","JERC","JERC_005","S","2015-06-18","2015-07-02","2015-07-02","2015-07-23",,"JERC_005.S.20150702","Va9a3mr00Gtp+0VLuJ6hsQtcDHkj0+h43UtSyiRr0PU=","invert bycatch",,,,,,,,,,"JdN6ZmAx7oWFIyzymv+BnRh9VwthDgp6K22EnIME4dI=",
"65b93cd5-4305-4e0c-a88f-826e4fcb8382","JERC_008.basePlot.bet","D03","JERC","JERC_008","S","2015-06-18","2015-07-02","2015-07-02","2015-07-30",,"JERC_008.S.20150702","S3j2Rzo+HUk+/Pd7koutRrNV/AWG7A0VsLdvc4VEjXQ=","invert bycatch",,,,,,,,,,"IaXfrbXr6GQAKfG/Thmkj2xXG2gxDgR+",
"947cac22-14fb-4cb7-8a74-e5d33647dd77","JERC_006.basePlot.bet","D03","JERC","JERC_006","S","2015-06-18","2015-07-02","2015-07-02","2015-07-16",,"JERC_006.S.20150702","zWSiOx/FgAWegXr8RI0bX7x9lreZd5QObzhDQcwEkLA=","invert bycatch",,,,,,,,,,"wotzsmcGfDFGz7NWBrAUn7dLZE1v2DNq",
"bf783100-769a-4d5f-aecc-f68bfcbd9f2b","JERC_010.basePlot.bet","D03","JERC","JERC_010","S","2015-06-18","2015-07-02","2015-07-02","2015-07-23",,"JERC_010.S.20150702","qRTVq00V1UnEhMYuD1YPF6ZPSfi7lMxz5eZoEg8p8wI=","invert bycatch",,,,,,,,,,"cfnhyGSqXKc3516bF+Ud/jaLDXEcTOrF",
"33c53613-f5c5-444d-9450-3f1b5e40b99c","JERC_007.basePlot.bet","D03","JERC","JERC_007","S","2015-06-18","2015-07-02","2015-07-02","2015-07-27",,"JERC_007.S.20150702","a/HTBHkllcNjXMPdsfZ3H2rsj9vvcda4FaNAAbLNkm4=","invert bycatch",,,,,,,,,,"PbNu4t/t/O1BAZriMiaA3VbsZD9KatgX",
"76815045-c7e5-46a8-923e-bbcf196a14bb","JERC_007.basePlot.bet","D03","JERC","JERC_007","S","2015-06-18","2015-07-02","2015-07-02","2015-07-27","2015-07-27","JERC_007.S.20150702","a/HTBHkllcNjXMPdsfZ3H3octHO4MQI352BWKt80UEA=","carabid","CYCLAE","Cyclotrachelus laevipennis","species",,"LeConte",,1,"Teaching collection","PbNu4t/t/O1BAZriMiaA3VbsZD9KatgX","PbNu4t/t/O1BAZriMiaA3VbsZD9KatgX",
"fd8df787-c520-40dd-9817-19120e0a5ded","JERC_003.basePlot.bet","D03","JERC","JERC_003","S","2015-06-18","2015-07-02","2015-07-02","2015-07-20",,"JERC_003.S.20150702","9IO0159G1yiRONniI3ZqanKWW1F/pTpIJva6BRGJsMs=","invert bycatch",,,,,,,,,,"7ZsG8s1cQijU1p7CX6b9FNrZuRO+/rX6",
"4ec9ef06-45bc-4433-bdae-4c0242234be2","JERC_009.basePlot.bet","D03","JERC","JERC_009","S","2015-06-18","2015-07-02","2015-07-02","2015-07-30",,"JERC_009.S.20150702","21ilO4RJ2p/At7QPyQQslMWDdhstuyDoUzbVcc8Xgws=","invert bycatch",,,,,,,,,,"IaXfrbXr6GQAKfG/Thmkj2xXG2gxDgR+",
"45b49533-6af7-4534-91cc-f35ad9b0c7ef","JERC_001.basePlot.bet","D03","JERC","JERC_001","S","2015-06-18","2015-07-02","2015-07-02","2015-07-21",,"JERC_001.S.20150702","ArvEgVyhbJcqAVL2xX/XhcnH4q/q1d4j8bIFIPP0raQ=","invert bycatch",,,,,,,,,,"IaXfrbXr6GQAKfG/Thmkj2xXG2gxDgR+",
"195c6ef4-34de-4991-82e8-7eecde99e2f3","JERC_002.basePlot.bet","D03","JERC","JERC_002","S","2015-06-18","2015-07-02","2015-07-02","2015-07-17",,"JERC_002.S.20150702","CV0ws5Gtbhmhpg2d5MQcyMYCWMYcGks2PJ+Wj0mHEis=","invert bycatch",,,,,,,,,,"IaXfrbXr6GQAKfG/Thmkj2xXG2gxDgR+",
"d62225db-528d-49e2-90b6-b55098b9d7ca","JERC_030.basePlot.bet","D03","JERC","JERC_030","S","2015-06-18","2015-07-02","2015-07-02","2015-07-23",,"JERC_030.S.20150702","AuAZEkdfggLCA6G7KksGAKyd0+2NOpCY0ew467K7n5s=","invert bycatch",,,,,,,,,,"cfnhyGSqXKc3516bF+Ud/jaLDXEcTOrF",
"3bfb954c-1190-420f-bdcc-c49bf796c51d","JERC_003.basePlot.bet","D03","JERC","JERC_003","W","2015-06-18","2015-07-02","2015-07-02","2015-07-20","2015-07-20","JERC_003.W.20150702","9IO0159G1yjQuBZLIFcKLL1elro3gqzbr7q7VxSLIx4=","carabid","LEBPUL","Lebia pulchella","species",,"Dejean",,1,"Teaching collection","7ZsG8s1cQijU1p7CX6b9FNrZuRO+/rX6","7ZsG8s1cQijU1p7CX6b9FNrZuRO+/rX6",
"a063fa45-e37f-42df-b085-8a89bc181160","JERC_006.basePlot.bet","D03","JERC","JERC_006","W","2015-06-18","2015-07-02","2015-07-02","2015-07-16",,"JERC_006.W.20150702","zWSiOx/FgAUethwDNDBiHRrzgnE+XLy6Vp/Dzeft1rQ=","invert bycatch",,,,,,,,,,"wotzsmcGfDFGz7NWBrAUn7dLZE1v2DNq",
"fd3b9cb3-49d6-402e-b771-2d88bf89508f","JERC_030.basePlot.bet","D03","JERC","JERC_030","W","2015-06-18","2015-07-02","2015-07-02","2015-07-23",,"JERC_030.W.20150702","AuAZEkdfggJMM7XIzsfnteHG34doi+422ZX6a0uEVec=","invert bycatch",,,,,,,,,,"cfnhyGSqXKc3516bF+Ud/jaLDXEcTOrF",
"b531454e-ade0-4af7-b41b-a196ce528c27","JERC_002.basePlot.bet","D03","JERC","JERC_002","W","2015-06-18","2015-07-02","2015-07-02","2015-07-17",,"JERC_002.W.20150702","CV0ws5Gtbhmnmc7sX6YvZDVJmAfeKLdBELovtJ5xorY=","invert bycatch",,,,,,,,,,"IaXfrbXr6GQAKfG/Thmkj2xXG2gxDgR+",
"22c70b10-73ea-4484-a1ca-fac64e236850","JERC_001.basePlot.bet","D03","JERC","JERC_001","W","2015-06-18","2015-07-02","2015-07-02","2015-07-21",,"JERC_001.W.20150702","ArvEgVyhbJe/enzg66XkhHUNPJyNTkUrN8P7iMwdxaA=","invert bycatch",,,,,,,,,,"IaXfrbXr6GQAKfG/Thmkj2xXG2gxDgR+",
"d0fa0e38-24fe-4b93-a114-17d225adfa7d","JERC_007.basePlot.bet","D03","JERC","JERC_007","W","2015-06-18","2015-07-02","2015-07-02","2015-07-27",,"JERC_007.W.20150702","a/HTBHkllcOQVC1IljayT3yXCvpXyZg4Acq2gty6kNs=","invert bycatch",,,,,,,,,,"PbNu4t/t/O1BAZriMiaA3VbsZD9KatgX",
"b46b82ad-d976-41c5-ba19-f7502862c16b","JERC_010.basePlot.bet","D03","JERC","JERC_010","W","2015-06-18","2015-07-02","2015-07-02","2015-07-23",,"JERC_010.W.20150702","qRTVq00V1Unnvsp+PdFfqqlzv1IzMSvBbbjd+fUyLPk=","invert bycatch",,,,,,,,,,"cfnhyGSqXKc3516bF+Ud/jaLDXEcTOrF",
"f87bcf25-c2c4-491a-9f8d-aff2d2a59df1","JERC_003.basePlot.bet","D03","JERC","JERC_003","W","2015-06-18","2015-07-02","2015-07-02","2015-07-20",,"JERC_003.W.20150702","9IO0159G1yjQuBZLIFcKLC4VdMNIYrVJGPea+EkUvPU=","invert bycatch",,,,,,,,,,"7ZsG8s1cQijU1p7CX6b9FNrZuRO+/rX6",
"c0cdb2e2-697f-415c-b836-deee2f435706","JERC_009.basePlot.bet","D03","JERC","JERC_009","W","2015-06-18","2015-07-02","2015-07-02","2015-07-30",,"JERC_009.W.20150702","21ilO4RJ2p/pbypftbv5gj+j9ucG6y0gCC/rnSuDU/g=","invert bycatch",,,,,,,,,,"IaXfrbXr6GQAKfG/Thmkj2xXG2gxDgR+",
"f2e292f1-d45b-4a25-9dd7-ebba48a6b9ee","JERC_005.basePlot.bet","D03","JERC","JERC_005","W","2015-06-18","2015-07-02","2015-07-02","2015-07-23",,"JERC_005.W.20150702","Va9a3mr00GtaBEtEeXeWdekYgBUj6eL5f+ErEBlecFk=","invert bycatch",,,,,,,,,,"JdN6ZmAx7oWFIyzymv+BnRh9VwthDgp6K22EnIME4dI=",
"ffb6171b-2014-4ee4-a86e-8b3311c6f8a6","JERC_007.basePlot.bet","D03","JERC","JERC_007","E","2015-06-18","2015-07-02","2015-07-02","2015-07-27",,"JERC_007.E.20150702","a/HTBHkllcPf4Sb5h9vAJOziFg4mqj/ArcGktJl0K6o=","invert bycatch",,,,,,,,,,"PbNu4t/t/O1BAZriMiaA3VbsZD9KatgX",
"2021ca93-59aa-444f-997c-844e02fea491","JERC_005.basePlot.bet","D03","JERC","JERC_005","E","2015-07-02","2015-07-16","2015-07-16","2015-07-21",,"JERC_005.E.20150716","Va9a3mr00GudoPkQBeYkdY3P7HcH9bilYzfYd2ccajw=","invert bycatch",,,,,,,,,,"wotzsmcGfDFGz7NWBrAUn7dLZE1v2DNq",
"a2cf1958-8226-4b1c-8a35-c5d0738fbafc","JERC_010.basePlot.bet","D03","JERC","JERC_010","E","2015-07-02","2015-07-16","2015-07-16","2015-07-17",,"JERC_010.E.20150716","qRTVq00V1UlAJMKGTyUxAmrkOlah5tOMNuVf3qN08A4=","invert bycatch",,,,,,,,,,"cfnhyGSqXKc3516bF+Ud/jaLDXEcTOrF",
"af5a23cb-ceb9-45f8-a64d-db8811417f0c","JERC_030.basePlot.bet","D03","JERC","JERC_030","E","2015-07-02","2015-07-16","2015-07-16","2015-07-20",,"JERC_030.E.20150716","AuAZEkdfggIM8aarx7D71nmUiWjjGRNjh08RQLwcXJY=","invert bycatch",,,,,,,,,,"wotzsmcGfDFGz7NWBrAUn7dLZE1v2DNq",
"ba59241a-3226-4cb1-a3b1-dde155f85a55","JERC_006.basePlot.bet","D03","JERC","JERC_006","E","2015-07-02","2015-07-16","2015-07-16","2015-07-17",,"JERC_006.E.20150716","zWSiOx/FgAW+lIgXcTXBhXLsrDLQjnVfFgDGiZx4owo=","invert bycatch",,,,,,,,,,"l6untNyrjVoOWz13zZo4M6NA5VYfbMkh",
"505f9d0d-53eb-4ca3-9884-9435118e955e","JERC_008.basePlot.bet","D03","JERC","JERC_008","E","2015-07-02","2015-07-16","2015-07-16","2015-07-22",,"JERC_008.E.20150716","S3j2Rzo+HUkvHR+V6bBjS/jfkVq3miMW5khYIz1soWo=","invert bycatch",,,,,,,,,,"7ZsG8s1cQijU1p7CX6b9FNrZuRO+/rX6",
"254fc8e8-b5ff-4936-ac23-f5241ce0c9ee","JERC_009.basePlot.bet","D03","JERC","JERC_009","E","2015-07-02","2015-07-16","2015-07-16","2015-07-20",,"JERC_009.E.20150716","21ilO4RJ2p8k46J5BfLk8lUk8TwLajkU6xS3+/zhgKM=","invert bycatch",,,,,,,,,,"w/KL6MXJXvQQsLRcmywlukzOyoInucvI",
"e1a7fba8-0d76-47dd-ad4d-ee05a2a25c42","JERC_001.basePlot.bet","D03","JERC","JERC_001","E","2015-07-02","2015-07-16","2015-07-16","2015-07-17","2015-08-27","JERC_001.E.20150716","ArvEgVyhbJclGce9BJeiSPFL9QxGAIpkk43cZVl9P/Y=","carabid","SELELL","Selenophorus ellipticus","species",,"Dejean",,1,"Teaching collection","7ZsG8s1cQijU1p7CX6b9FNrZuRO+/rX6","cfnhyGSqXKc3516bF+Ud/jaLDXEcTOrF",
"4024d149-0749-48c1-a7f3-ed26b5fec492","JERC_001.basePlot.bet","D03","JERC","JERC_001","E","2015-07-02","2015-07-16","2015-07-16","2015-07-17",,"JERC_001.E.20150716","ArvEgVyhbJclGce9BJeiSDH5aJjQDY8brgWVrb42CII=","invert bycatch",,,,,,,,,,"cfnhyGSqXKc3516bF+Ud/jaLDXEcTOrF",
"d9545a53-ac7e-47a9-baa9-e4430bd171fa","JERC_002.basePlot.bet","D03","JERC","JERC_002","E","2015-07-02","2015-07-16","2015-07-16","2015-07-22",,"JERC_002.E.20150716","CV0ws5Gtbhk3C+SN8PKRtoTdZA9VaQleLpARlWA/YV4=","invert bycatch",,,,,,,,,,"cfnhyGSqXKc3516bF+Ud/jaLDXEcTOrF",
"a5d7dc18-5f9e-4725-b5e8-d6a287b3f6bb","JERC_003.basePlot.bet","D03","JERC","JERC_003","E","2015-07-02","2015-07-16","2015-07-16","2015-07-20","2015-08-27","JERC_003.E.20150716","9IO0159G1yjG5d6KA3En5C5VnNKUGiYIYSqPuUMmkoI=","carabid","CHLEMA","Chlaenius emarginatus","species",,"Say",,1,"Other","7ZsG8s1cQijU1p7CX6b9FNrZuRO+/rX6","IaXfrbXr6GQAKfG/Thmkj2xXG2gxDgR+",
"c1f27da3-f6cf-4420-8045-9ca02fa1cd9b","JERC_003.basePlot.bet","D03","JERC","JERC_003","E","2015-07-02","2015-07-16","2015-07-16","2015-07-20",,"JERC_003.E.20150716","9IO0159G1yjG5d6KA3En5ECFKwGT4ewTN/wkDrVvlxk=","invert bycatch",,,,,,,,,,"IaXfrbXr6GQAKfG/Thmkj2xXG2gxDgR+",
"5eb91112-226a-49b7-9890-7d23fe036e52","JERC_007.basePlot.bet","D03","JERC","JERC_007","E","2015-07-02","2015-07-16","2015-07-16","2015-07-22",,"JERC_007.E.20150716","a/HTBHkllcPf4Sb5h9vAJHId4QUcSV+OI/mOWAXZz+s=","invert bycatch",,,,,,,,,,"cfnhyGSqXKc3516bF+Ud/jaLDXEcTOrF",
"4709c193-a915-4766-ab91-72c2e7fb9f2b","JERC_003.basePlot.bet","D03","JERC","JERC_003","N","2015-07-02","2015-07-16","2015-07-16","2015-07-20",,"JERC_003.N.20150716","9IO0159G1yhJSXKQdALFrWJAMgxl9laSsI5AcwfV3Gw=","invert bycatch",,,,,,,,,,"IaXfrbXr6GQAKfG/Thmkj2xXG2gxDgR+",
"5738e73d-77cf-4fb0-a282-492486ba2a85","JERC_007.basePlot.bet","D03","JERC","JERC_007","N","2015-07-02","2015-07-16","2015-07-16","2015-07-22",,"JERC_007.N.20150716","a/HTBHkllcNat4Nm3Eg/3OxyNWpPknSN3vo4RMpAP3Y=","invert bycatch",,,,,,,,,,"cfnhyGSqXKc3516bF+Ud/jaLDXEcTOrF",
"3aaea75c-e232-4cd0-83b7-fba03b679d88","JERC_007.basePlot.bet","D03","JERC","JERC_007","N","2015-07-02","2015-07-16","2015-07-16","2015-07-22","2015-09-23","JERC_007.N.20150716","a/HTBHkllcNat4Nm3Eg/3EZTM2bMdDV7KqFonMF7i4c=","carabid","ANIHAP","Anisodactylus haplomus","species",,"Chaudoir",,1,"Teaching collection","7ZsG8s1cQijU1p7CX6b9FNrZuRO+/rX6","cfnhyGSqXKc3516bF+Ud/jaLDXEcTOrF",
"ca79b3f4-d61f-4ad2-9892-72cb3cf1bd70","JERC_010.basePlot.bet","D03","JERC","JERC_010","N","2015-07-02","2015-07-16","2015-07-16","2015-07-17",,"JERC_010.N.20150716","qRTVq00V1UnS5M6xgnKncGUnYNiU8fevDT2owF9uRP8=","invert bycatch",,,,,,,,,,"cfnhyGSqXKc3516bF+Ud/jaLDXEcTOrF",
"94a518a0-5de2-4463-8a4b-faba1ceddc0c","JERC_001.basePlot.bet","D03","JERC","JERC_001","N","2015-07-02","2015-07-16","2015-07-16","2015-07-17","2015-08-27","JERC_001.N.20150716","ArvEgVyhbJdjFIFRDoBpvlwjX8Ukaf8sBK34d7gXbSY=","carabid","PASSUB2","Pasimachus subsulcatus","species",,"Say",,4,"Weed, Aaron. Preliminary key to the Pasimachus (Coleoptera: Carabidae: Scaritini) of Florida. http://www.entnemdept.ufl.edu/choate/pasimachus_florida.pdf","7ZsG8s1cQijU1p7CX6b9FNrZuRO+/rX6","cfnhyGSqXKc3516bF+Ud/jaLDXEcTOrF",
"49bf091c-d134-4dd5-b0df-9ffb16e3e04f","JERC_001.basePlot.bet","D03","JERC","JERC_001","N","2015-07-02","2015-07-16","2015-07-16","2015-07-17",,"JERC_001.N.20150716","ArvEgVyhbJdjFIFRDoBpvswrwT6uXA8oUvn9KbQDpWE=","invert bycatch",,,,,,,,,,"cfnhyGSqXKc3516bF+Ud/jaLDXEcTOrF",
"76b4254e-8288-4731-afd5-586955608b7b","JERC_030.basePlot.bet","D03","JERC","JERC_030","N","2015-07-02","2015-07-16","2015-07-16","2015-07-20","2015-08-27","JERC_030.N.20150716","AuAZEkdfggL7JggkmwIjPGYUjpvm9IeXhrCqqrxvtC0=","carabid","HELNIG","Helluomorphoides nigripennis","species",,"Dejean",,1,"Teaching collection","7ZsG8s1cQijU1p7CX6b9FNrZuRO+/rX6","wotzsmcGfDFGz7NWBrAUn7dLZE1v2DNq",
"e10beece-9f3a-4413-89b9-0fbaf252d05f","JERC_030.basePlot.bet","D03","JERC","JERC_030","N","2015-07-02","2015-07-16","2015-07-16","2015-07-20","2015-08-27","JERC_030.N.20150716","AuAZEkdfggL7JggkmwIjPPhzLKMDhBeDzz2VoskbNUI=","carabid","CYCLAE","Cyclotrachelus laevipennis","species","cf. species","LeConte",,1,"Other","7ZsG8s1cQijU1p7CX6b9FNrZuRO+/rX6","wotzsmcGfDFGz7NWBrAUn7dLZE1v2DNq",
"ee304187-27d1-4a1a-9c4f-47e29774efb9","JERC_030.basePlot.bet","D03","JERC","JERC_030","N","2015-07-02","2015-07-16","2015-07-16","2015-07-20",,"JERC_030.N.20150716","AuAZEkdfggL7JggkmwIjPF6IHd/sI7h/oOASZyI3UN4=","invert bycatch",,,,,,,,,,"wotzsmcGfDFGz7NWBrAUn7dLZE1v2DNq",
"627ec6da-30e0-412a-b38b-bc757f88945f","JERC_002.basePlot.bet","D03","JERC","JERC_002","N","2015-07-02","2015-07-16","2015-07-16","2015-07-22",,"JERC_002.N.20150716","CV0ws5Gtbhm0QNZcWk0fWCYg6pnG2sxDGedPsCQKtbs=","invert bycatch",,,,,,,,,,"cfnhyGSqXKc3516bF+Ud/jaLDXEcTOrF",
"2964568e-72e0-4c8a-a739-070f3623f767","JERC_006.basePlot.bet","D03","JERC","JERC_006","N","2015-07-02","2015-07-16","2015-07-16","2015-07-17",,"JERC_006.N.20150716","zWSiOx/FgAVL9xJt6L6qZ8oA65M6dKvK7CIW9zHYqpk=","invert bycatch",,,,,,,,,,"l6untNyrjVoOWz13zZo4M6NA5VYfbMkh",
"8978de0e-fcbc-42c1-97ab-15e086d21c71","JERC_005.basePlot.bet","D03","JERC","JERC_005","N","2015-07-02","2015-07-16","2015-07-16","2015-07-21",,"JERC_005.N.20150716","Va9a3mr00GuK0vUFkbkpyT+TGNczYviLlQypzSaaQ1U=","invert bycatch",,,,,,,,,,"wotzsmcGfDFGz7NWBrAUn7dLZE1v2DNq",
"4eb38963-7e38-44aa-83ea-15e24eb209e3","JERC_008.basePlot.bet","D03","JERC","JERC_008","N","2015-07-02","2015-07-16","2015-07-16","2015-07-22",,"JERC_008.N.20150716","S3j2Rzo+HUm4qiMG//HAlrjbU6Gi5lyJAJRbIXva6h8=","invert bycatch",,,,,,,,,,"7ZsG8s1cQijU1p7CX6b9FNrZuRO+/rX6",
"cdc2a889-e7be-429c-9580-cb9ad6bbed66","JERC_009.basePlot.bet","D03","JERC","JERC_009","N","2015-07-02","2015-07-16","2015-07-16","2015-07-20",,"JERC_009.N.20150716","21ilO4RJ2p8rX0gZc073gESzpVKtklkGaSyh8MsN34Y=","invert bycatch",,,,,,,,,,"w/KL6MXJXvQQsLRcmywlukzOyoInucvI",
"2308a640-f3a4-44c5-b264-5522d54842dd","JERC_009.basePlot.bet","D03","JERC","JERC_009","S","2015-07-02","2015-07-16","2015-07-16","2015-07-20",,"JERC_009.S.20150716","21ilO4RJ2p/At7QPyQQslFI6Kz+/eAnrU3MLGlAW7Rw=","invert bycatch",,,,,,,,,,"w/KL6MXJXvQQsLRcmywlukzOyoInucvI",
"6fcd8bda-fc60-45ff-a7f7-72d784b2abb3","JERC_006.basePlot.bet","D03","JERC","JERC_006","S","2015-07-02","2015-07-16","2015-07-16","2015-07-17",,"JERC_006.S.20150716","zWSiOx/FgAWegXr8RI0bXy5IZtRwecHWdybSyENUFcw=","invert bycatch",,,,,,,,,,"l6untNyrjVoOWz13zZo4M6NA5VYfbMkh",
"d84f971a-a81b-4d6c-9344-e29c2451c8b7","JERC_005.basePlot.bet","D03","JERC","JERC_005","S","2015-07-02","2015-07-16","2015-07-16","2015-07-21",,"JERC_005.S.20150716","Va9a3mr00Gtp+0VLuJ6hsTlFFbCPAw99SG0pV2Kn12w=","invert bycatch",,,,,,,,,,"wotzsmcGfDFGz7NWBrAUn7dLZE1v2DNq",
"95eacf35-3f31-4bfe-90c1-04fb63062d78","JERC_008.basePlot.bet","D03","JERC","JERC_008","S","2015-07-02","2015-07-16","2015-07-16","2015-07-22",,"JERC_008.S.20150716","S3j2Rzo+HUk+/Pd7koutRu2YodWKmwzfhV1bg4qNwXs=","invert bycatch",,,,,,,,,,"7ZsG8s1cQijU1p7CX6b9FNrZuRO+/rX6",
"4a30c766-f83c-486a-bfbc-78c68dd27e87","JERC_030.basePlot.bet","D03","JERC","JERC_030","S","2015-07-02","2015-07-16","2015-07-16","2015-07-20",,"JERC_030.S.20150716","AuAZEkdfggLCA6G7KksGAK0B0UJOGnol6X3E/5zPQYM=","invert bycatch",,,,,,,,,,"wotzsmcGfDFGz7NWBrAUn7dLZE1v2DNq",
"4112f48f-decc-4f12-a19a-8f8a3a168647","JERC_002.basePlot.bet","D03","JERC","JERC_002","S","2015-07-02","2015-07-16","2015-07-16","2015-07-22",,"JERC_002.S.20150716","CV0ws5Gtbhmhpg2d5MQcyH0Gsx2Eia8f62Ebr1o6tmc=","invert bycatch",,,,,,,,,,"cfnhyGSqXKc3516bF+Ud/jaLDXEcTOrF",
"0614e919-538c-4300-bf10-d10962c33dfc","JERC_010.basePlot.bet","D03","JERC","JERC_010","S","2015-07-02","2015-07-16","2015-07-16","2015-07-17",,"JERC_010.S.20150716","qRTVq00V1UnEhMYuD1YPF1sx/+ulvnk4qwanGQVSt4s=","invert bycatch",,,,,,,,,,"cfnhyGSqXKc3516bF+Ud/jaLDXEcTOrF",
"55ddc532-a712-49d9-aeb3-b0295449fc66","JERC_001.basePlot.bet","D03","JERC","JERC_001","S","2015-07-02","2015-07-16","2015-07-16","2015-07-17",,"JERC_001.S.20150716","ArvEgVyhbJcqAVL2xX/XhUKI0NprQ5GHWTSQDzXQAVM=","invert bycatch",,,,,,,,,,"cfnhyGSqXKc3516bF+Ud/jaLDXEcTOrF",
"6d65006f-6106-41c8-9a03-8527fd94cfca","JERC_001.basePlot.bet","D03","JERC","JERC_001","S","2015-07-02","2015-07-16","2015-07-16","2015-07-17","2015-08-27","JERC_001.S.20150716","ArvEgVyhbJcqAVL2xX/XhXj0Z5Vug5UeiCx2ToOhd+g=","carabid","PASSUB1","Pasimachus sublaevis","species",,"Palisot de Beauvois",,1,"Weed, Aaron. Preliminary key to the Pasimachus (Coleoptera: Carabidae: Scaritini) of Florida. http://www.entnemdept.ufl.edu/choate/pasimachus_florida.pdf","7ZsG8s1cQijU1p7CX6b9FNrZuRO+/rX6","cfnhyGSqXKc3516bF+Ud/jaLDXEcTOrF",
"ad8ec82d-9d83-4e01-a0ba-e5cca05330b7","JERC_003.basePlot.bet","D03","JERC","JERC_003","S","2015-07-02","2015-07-16","2015-07-16","2015-07-20",,"JERC_003.S.20150716","9IO0159G1yiRONniI3ZqagBDxahke4N9WQcznqBffns=","invert bycatch",,,,,,,,,,"IaXfrbXr6GQAKfG/Thmkj2xXG2gxDgR+",
"705d96a2-a6d7-4de7-bf08-aa92dd55fa3c","JERC_007.basePlot.bet","D03","JERC","JERC_007","S","2015-07-02","2015-07-16","2015-07-16","2015-07-22",,"JERC_007.S.20150716","a/HTBHkllcNjXMPdsfZ3H/UlEzN0itZUsE3Ve8Katso=","invert bycatch",,,,,,,,,,"cfnhyGSqXKc3516bF+Ud/jaLDXEcTOrF",
"fadcee4b-fa68-4f9a-a9a6-8996af2f0f23","JERC_007.basePlot.bet","D03","JERC","JERC_007","W","2015-07-02","2015-07-16","2015-07-16","2015-07-22","2015-09-23","JERC_007.W.20150716","a/HTBHkllcOQVC1IljayTym1FHsTRAokMxeflE2v/90=","carabid","PASSUB1","Pasimachus sublaevis","species",,"Palisot de Beauvois",,1,"Weed, Aaron. Preliminary key to the Pasimachus (Coleoptera: Carabidae: Scaritini) of Florida. http://www.entnemdept.ufl.edu/choate/pasimachus_florida.pdf","7ZsG8s1cQijU1p7CX6b9FNrZuRO+/rX6","cfnhyGSqXKc3516bF+Ud/jaLDXEcTOrF",
"ede0dc36-896c-49c0-86ac-6e1c1bdfc6dc","JERC_009.basePlot.bet","D03","JERC","JERC_009","W","2015-07-02","2015-07-16","2015-07-16","2015-07-20",,"JERC_009.W.20150716","21ilO4RJ2p/pbypftbv5gljF7xN6Lkt70Nn8tHTtcMg=","invert bycatch",,,,,,,,,,"w/KL6MXJXvQQsLRcmywlukzOyoInucvI",
"d1accdd4-14f8-4898-829d-d2acb1c68198","JERC_007.basePlot.bet","D03","JERC","JERC_007","W","2015-07-02","2015-07-16","2015-07-16","2015-07-22",,"JERC_007.W.20150716","a/HTBHkllcOQVC1IljayT/racQgTjjtkFQwV7ZcmZPA=","invert bycatch",,,,,,,,,,"cfnhyGSqXKc3516bF+Ud/jaLDXEcTOrF",
"8b004184-c705-4cf4-b703-8512791d7808","JERC_001.basePlot.bet","D03","JERC","JERC_001","W","2015-07-02","2015-07-16","2015-07-16","2015-07-17",,"JERC_001.W.20150716","ArvEgVyhbJe/enzg66XkhI66RjLIFC+NcoZ1irRZgIU=","invert bycatch",,,,,,,,,,"cfnhyGSqXKc3516bF+Ud/jaLDXEcTOrF",
"c73dd876-9589-47f9-ab3f-34150dcae53e","JERC_030.basePlot.bet","D03","JERC","JERC_030","W","2015-07-02","2015-07-16","2015-07-16","2015-07-20",,"JERC_030.W.20150716","AuAZEkdfggJMM7XIzsfntYGw3AkcTFHUYx61jbfGlC0=","invert bycatch",,,,,,,,,,"wotzsmcGfDFGz7NWBrAUn7dLZE1v2DNq",
"9fbc2c5d-9009-4a6b-8598-12aeba10f8df","JERC_002.basePlot.bet","D03","JERC","JERC_002","W","2015-07-02","2015-07-16","2015-07-16","2015-07-22",,"JERC_002.W.20150716","CV0ws5Gtbhmnmc7sX6YvZMhSvaIL22n9v6q7GALk/Ck=","invert bycatch",,,,,,,,,,"cfnhyGSqXKc3516bF+Ud/jaLDXEcTOrF",
"17e24ed2-0020-4f43-8eb4-37236f7c5c51","JERC_006.basePlot.bet","D03","JERC","JERC_006","W","2015-07-02","2015-07-16","2015-07-16","2015-07-17",,"JERC_006.W.20150716","zWSiOx/FgAUethwDNDBiHXg1xMJ4I4LJQdtk1o7w+rc=","invert bycatch",,,,,,,,,,"l6untNyrjVoOWz13zZo4M6NA5VYfbMkh",
"0fead276-6c4d-4dc5-a05d-f718d85af740","JERC_010.basePlot.bet","D03","JERC","JERC_010","W","2015-07-02","2015-07-16","2015-07-16","2015-07-17",,"JERC_010.W.20150716","qRTVq00V1Unnvsp+PdFfqhXrl3jt2NSP8nN/pbF5MP4=","invert bycatch",,,,,,,,,,"cfnhyGSqXKc3516bF+Ud/jaLDXEcTOrF",
"619ad8df-33cb-4aba-8319-98980b56838f","JERC_003.basePlot.bet","D03","JERC","JERC_003","W","2015-07-02","2015-07-16","2015-07-16","2015-07-20",,"JERC_003.W.20150716","9IO0159G1yjQuBZLIFcKLGMz3MrqOEuIkkL4ZJJVrug=","invert bycatch",,,,,,,,,,"IaXfrbXr6GQAKfG/Thmkj2xXG2gxDgR+",
"f0ed54aa-c8b1-4656-b552-b455b96b7f3a","JERC_009.basePlot.bet","D03","JERC","JERC_009","W","2015-07-02","2015-07-16","2015-07-16","2015-07-20","2015-07-20","JERC_009.W.20150716","21ilO4RJ2p/pbypftbv5go5THNcHZWvAy2dU3iP3cxg=","vert bycatch herp","GASCAR","Gastrophryne carolinensis","species",,"Holbrook",,1,"Conant, R., and J. T. Collins. 1998. A Field Guide to Reptiles and Amphibians: Eastern and Central North America. 3rd Ed. Houghton Mifflin Company, New York, NY.","SZd6jJU+PWukgvziuyetpzviWNuM2FzT","w/KL6MXJXvQQsLRcmywlukzOyoInucvI",
"71e48d6e-0a5d-4f20-9438-93b5b0d7502d","JERC_005.basePlot.bet","D03","JERC","JERC_005","W","2015-07-02","2015-07-16","2015-07-16","2015-07-21",,"JERC_005.W.20150716","Va9a3mr00GtaBEtEeXeWdfBhmjouSJizzisYsezDFM4=","invert bycatch",,,,,,,,,,"wotzsmcGfDFGz7NWBrAUn7dLZE1v2DNq",
"362a397d-51c3-4ad4-899c-a007701f184c","JERC_008.basePlot.bet","D03","JERC","JERC_008","W","2015-07-02","2015-07-16","2015-07-16","2015-07-22",,"JERC_008.W.20150716","S3j2Rzo+HUmE19qpryw5jxF49ccQZTrBIDkBk1z3qUI=","invert bycatch",,,,,,,,,,"7ZsG8s1cQijU1p7CX6b9FNrZuRO+/rX6",
"711e0f70-7963-49f5-b51d-337fbcdf8313","JERC_005.basePlot.bet","D03","JERC","JERC_005","E","2015-07-16","2015-07-30","2015-07-30","2015-08-06",,"JERC_005.E.20150730","Va9a3mr00GudoPkQBeYkdc5SQHu9XLuha+C2sakgZQw=","invert bycatch",,,,,,,,,,"PbNu4t/t/O1BAZriMiaA3VbsZD9KatgX",
"d2dfe2e5-d634-4597-bf61-f97517b972cd","JERC_006.basePlot.bet","D03","JERC","JERC_006","W","2015-07-16","2015-07-30","2015-07-30","2015-08-28",,"JERC_006.W.20150730","zWSiOx/FgAUethwDNDBiHaVOKybCNX9LVvGB1CHVn+I=","invert bycatch",,,,,,,,,,"JdN6ZmAx7oWFIyzymv+BnRh9VwthDgp6K22EnIME4dI=",
"7b884166-8b57-464e-ab7e-8a695f6d4383","JERC_001.basePlot.bet","D03","JERC","JERC_001","E","2015-07-16","2015-07-30","2015-07-30","2015-08-03",,"JERC_001.E.20150730","ArvEgVyhbJclGce9BJeiSDbQmdLQa+ZaVDeNvlGmyzE=","invert bycatch",,,,,,,,,,"CPmp9t5mZhA/Jlt3T5fTH30MkasxefuVXaoVNojxPQo=",
"8711a5ef-ba2a-4f36-8685-88e9839cd861","JERC_007.basePlot.bet","D03","JERC","JERC_007","E","2015-07-16","2015-07-30","2015-07-30","2015-08-04",,"JERC_007.E.20150730","a/HTBHkllcPf4Sb5h9vAJEM7W1z06alUZZChbR0zj84=","invert bycatch",,,,,,,,,,"CPmp9t5mZhA/Jlt3T5fTH30MkasxefuVXaoVNojxPQo=",
"17c448c8-b5d6-4338-80ca-888909408b11","JERC_001.basePlot.bet","D03","JERC","JERC_001","E","2015-07-16","2015-07-30","2015-07-30","2015-08-03","2015-10-26","JERC_001.E.20150730","ArvEgVyhbJclGce9BJeiSNTB932EcOg5WLFP4Rf2NIA=","carabid","ANIHAP","Anisodactylus haplomus","species",,"Chaudoir",,1,"Teaching collection","7ZsG8s1cQijU1p7CX6b9FNrZuRO+/rX6","CPmp9t5mZhA/Jlt3T5fTH30MkasxefuVXaoVNojxPQo=",
"54ac968e-899e-42c7-aab6-a701d284d776","JERC_001.basePlot.bet","D03","JERC","JERC_001","E","2015-07-16","2015-07-30","2015-07-30","2015-08-03","2015-10-26","JERC_001.E.20150730","ArvEgVyhbJclGce9BJeiSDkl+/D7SGdg8fXG2ubXBJs=","carabid","SELELL","Selenophorus ellipticus","species",,"Dejean",,1,"Teaching collection","7ZsG8s1cQijU1p7CX6b9FNrZuRO+/rX6","CPmp9t5mZhA/Jlt3T5fTH30MkasxefuVXaoVNojxPQo=",
"232d276b-0cdf-4653-8abb-975a8b4a9054","JERC_010.basePlot.bet","D03","JERC","JERC_010","E","2015-07-16","2015-07-30","2015-07-30","2015-08-27",,"JERC_010.E.20150730","qRTVq00V1UlAJMKGTyUxAjc3lZxQe++PyTvSyWuNahk=","invert bycatch",,,,,,,,,,"JdN6ZmAx7oWFIyzymv+BnRh9VwthDgp6K22EnIME4dI=",
"79e4c7fb-e73f-4e0b-9704-7da57767d017","JERC_003.basePlot.bet","D03","JERC","JERC_003","E","2015-07-16","2015-07-30","2015-07-30","2015-08-20",,"JERC_003.E.20150730","9IO0159G1yjG5d6KA3En5IJBanMUSfiwhl0vRf21wMk=","invert bycatch",,,,,,,,,,"7ZsG8s1cQijU1p7CX6b9FNrZuRO+/rX6",
"e2ec4ff1-4de9-4e16-bb06-39f9853c4858","JERC_009.basePlot.bet","D03","JERC","JERC_009","E","2015-07-16","2015-07-30","2015-07-30","2015-08-04",,"JERC_009.E.20150730","21ilO4RJ2p8k46J5BfLk8rwpr5l1PB8upwQ8M1nReB4=","invert bycatch",,,,,,,,,,"PbNu4t/t/O1BAZriMiaA3VbsZD9KatgX",
"8964a376-be79-4dac-b3aa-ac28fd572582","JERC_008.basePlot.bet","D03","JERC","JERC_008","E","2015-07-16","2015-07-30","2015-07-30","2015-08-27",,"JERC_008.E.20150730","S3j2Rzo+HUkvHR+V6bBjS8n7g0HdjMLYhttfc13OC1A=","invert bycatch",,,,,,,,,,"JdN6ZmAx7oWFIyzymv+BnRh9VwthDgp6K22EnIME4dI=",
"bb69a2ae-a1ab-4b2a-8865-d34465465efd","JERC_006.basePlot.bet","D03","JERC","JERC_006","E","2015-07-16","2015-07-30","2015-07-30","2015-08-28",,"JERC_006.E.20150730","zWSiOx/FgAW+lIgXcTXBhZo5B/aPween2uaVTG4wuoU=","invert bycatch",,,,,,,,,,"JdN6ZmAx7oWFIyzymv+BnRh9VwthDgp6K22EnIME4dI=",
"d1200425-5ee0-4865-8934-0bcb585b503e","JERC_002.basePlot.bet","D03","JERC","JERC_002","E","2015-07-16","2015-07-30","2015-07-30","2015-08-04",,"JERC_002.E.20150730","CV0ws5Gtbhk3C+SN8PKRti/RtcY7q881aX8m62Y66Ig=","invert bycatch",,,,,,,,,,"PbNu4t/t/O1BAZriMiaA3VbsZD9KatgX",
"27f94227-95a5-4d66-91b4-05ae2a36e6c0","JERC_030.basePlot.bet","D03","JERC","JERC_030","E","2015-07-16","2015-07-30","2015-07-30","2015-08-04",,"JERC_030.E.20150730","AuAZEkdfggIM8aarx7D71u3yvi16hXnc4yOXBuTr66A=","invert bycatch",,,,,,,,,,"PbNu4t/t/O1BAZriMiaA3VbsZD9KatgX",
"497e1c73-3d18-45c8-9620-7ae91f6392fb","JERC_007.basePlot.bet","D03","JERC","JERC_007","N","2015-07-16","2015-07-30","2015-07-30","2015-08-04",,"JERC_007.N.20150730","a/HTBHkllcNat4Nm3Eg/3BtUv+hlSJ2BjuSETfjJUZc=","invert bycatch",,,,,,,,,,"CPmp9t5mZhA/Jlt3T5fTH30MkasxefuVXaoVNojxPQo=",
"0e8fd3b0-f155-4d4d-b22e-5af0cdd6d701","JERC_010.basePlot.bet","D03","JERC","JERC_010","N","2015-07-16","2015-07-30","2015-07-30","2015-08-27",,"JERC_010.N.20150730","qRTVq00V1UnS5M6xgnKncPRyA/NnsdIN2BbSLxshawk=","invert bycatch",,,,,,,,,,"JdN6ZmAx7oWFIyzymv+BnRh9VwthDgp6K22EnIME4dI=",
"39577dc0-9840-482b-8afd-1d41cccbf63a","JERC_003.basePlot.bet","D03","JERC","JERC_003","N","2015-07-16","2015-07-30","2015-07-30","2015-08-20",,"JERC_003.N.20150730","9IO0159G1yhJSXKQdALFrUP6HQGoTvOjoD/c8dJPcxY=","invert bycatch",,,,,,,,,,"7ZsG8s1cQijU1p7CX6b9FNrZuRO+/rX6",
"1a23648e-5b52-4e4b-8664-c9316b3011f1","JERC_030.basePlot.bet","D03","JERC","JERC_030","N","2015-07-16","2015-07-30","2015-07-30","2015-08-04",,"JERC_030.N.20150730","AuAZEkdfggL7JggkmwIjPJHr0s8o3BddnlON9Cmkwew=","invert bycatch",,,,,,,,,,"PbNu4t/t/O1BAZriMiaA3VbsZD9KatgX",
"870e21b0-a1d9-4941-9605-4f7aa7be2d8d","JERC_030.basePlot.bet","D03","JERC","JERC_030","N","2015-07-16","2015-07-30","2015-07-30","2015-08-04","2015-08-04","JERC_030.N.20150730","AuAZEkdfggL7JggkmwIjPI6h0nPhp49xm2yP4hfj9Po=","carabid","DICDIL5","Dicaelus dilatatus","species",,"Say",,1,"Teaching collection","PbNu4t/t/O1BAZriMiaA3VbsZD9KatgX","PbNu4t/t/O1BAZriMiaA3VbsZD9KatgX",
"b3d73f22-2375-42a0-9d89-1da642e73f2b","JERC_001.basePlot.bet","D03","JERC","JERC_001","N","2015-07-16","2015-07-30","2015-07-30","2015-08-03",,"JERC_001.N.20150730","ArvEgVyhbJdjFIFRDoBpvgCaQ/yvcjPmflOsiGQUivA=","invert bycatch",,,,,,,,,,"CPmp9t5mZhA/Jlt3T5fTH30MkasxefuVXaoVNojxPQo=",
"2705a17f-6e0f-4887-94e5-53ced0b0f941","JERC_001.basePlot.bet","D03","JERC","JERC_001","N","2015-07-16","2015-07-30","2015-07-30","2015-08-03","2015-10-26","JERC_001.N.20150730","ArvEgVyhbJdjFIFRDoBpvvzlbNcZMg+qOGlyo1atmjI=","carabid","PASSUB2","Pasimachus subsulcatus","species",,"Say",,4,"Teaching collection","SZd6jJU+PWukgvziuyetpzviWNuM2FzT","CPmp9t5mZhA/Jlt3T5fTH30MkasxefuVXaoVNojxPQo=",
"2c05583e-bee0-4afd-9d66-4ae0eb6b7fde","JERC_009.basePlot.bet","D03","JERC","JERC_009","N","2015-07-16","2015-07-30","2015-07-30","2015-08-04",,"JERC_009.N.20150730","21ilO4RJ2p8rX0gZc073gOcfQuVucRVG18sG4EkGTDg=","invert bycatch",,,,,,,,,,"PbNu4t/t/O1BAZriMiaA3VbsZD9KatgX",
"469419b4-ac67-425a-a5aa-d976402808e1","JERC_008.basePlot.bet","D03","JERC","JERC_008","N","2015-07-16","2015-07-30","2015-07-30","2015-08-27",,"JERC_008.N.20150730","S3j2Rzo+HUm4qiMG//HAlhrAOcgmqcXqKGBsdZm4G5A=","invert bycatch",,,,,,,,,,"JdN6ZmAx7oWFIyzymv+BnRh9VwthDgp6K22EnIME4dI=",
"869de7ed-26cb-4176-9539-80572b5df146","JERC_005.basePlot.bet","D03","JERC","JERC_005","N","2015-07-16","2015-07-30","2015-07-30","2015-08-06",,"JERC_005.N.20150730","Va9a3mr00GuK0vUFkbkpyUIeC4klUZkqje0QzzeCvsc=","invert bycatch",,,,,,,,,,"PbNu4t/t/O1BAZriMiaA3VbsZD9KatgX",
"4e0e2467-27b4-4a61-80fa-bf8ecbbb3d7d","JERC_006.basePlot.bet","D03","JERC","JERC_006","N","2015-07-16","2015-07-30","2015-07-30","2015-08-28",,"JERC_006.N.20150730","zWSiOx/FgAVL9xJt6L6qZ2vp8RvISI9/BLkC6n2oihM=","invert bycatch",,,,,,,,,,"JdN6ZmAx7oWFIyzymv+BnRh9VwthDgp6K22EnIME4dI=",
"602607aa-6775-40a5-b1bd-3254872f2aa8","JERC_002.basePlot.bet","D03","JERC","JERC_002","N","2015-07-16","2015-07-30","2015-07-30","2015-08-04",,"JERC_002.N.20150730","CV0ws5Gtbhm0QNZcWk0fWCthkIu4ULAVv9g5wzdPI6Q=","invert bycatch",,,,,,,,,,"PbNu4t/t/O1BAZriMiaA3VbsZD9KatgX",
"e8ddb2c9-48bc-47f9-be48-592fbef1c35d","JERC_005.basePlot.bet","D03","JERC","JERC_005","S","2015-07-16","2015-07-30","2015-07-30","2015-08-06",,"JERC_005.S.20150730","Va9a3mr00Gtp+0VLuJ6hsf8hCW90/6u4cYgaI6PKTWY=","invert bycatch",,,,,,,,,,"PbNu4t/t/O1BAZriMiaA3VbsZD9KatgX",
"5e557a20-cd0b-4d64-8bfc-1afd43571dd4","JERC_009.basePlot.bet","D03","JERC","JERC_009","S","2015-07-16","2015-07-30","2015-07-30","2015-08-04",,"JERC_009.S.20150730","21ilO4RJ2p/At7QPyQQslIOih/DTIfEnGTHfy6qrBfM=","invert bycatch",,,,,,,,,,"PbNu4t/t/O1BAZriMiaA3VbsZD9KatgX",
"8946cf38-03c1-427a-ad83-c83dbc255145","JERC_008.basePlot.bet","D03","JERC","JERC_008","S","2015-07-16","2015-07-30","2015-07-30","2015-08-27",,"JERC_008.S.20150730","S3j2Rzo+HUk+/Pd7koutRk1JkFwn1DuYrCssKKaCAsk=","invert bycatch",,,,,,,,,,"JdN6ZmAx7oWFIyzymv+BnRh9VwthDgp6K22EnIME4dI=",
"3279d1dd-bf40-4d4c-90a4-cda806f52444","JERC_006.basePlot.bet","D03","JERC","JERC_006","S","2015-07-16","2015-07-30","2015-07-30","2015-08-28",,"JERC_006.S.20150730","zWSiOx/FgAWegXr8RI0bXzibsEjNHm6zfiZbBxTGAJQ=","invert bycatch",,,,,,,,,,"JdN6ZmAx7oWFIyzymv+BnRh9VwthDgp6K22EnIME4dI=",
"cbbedee7-c1f3-4d6c-8b43-556fb7d4722e","JERC_030.basePlot.bet","D03","JERC","JERC_030","S","2015-07-16","2015-07-30","2015-07-30","2015-08-04",,"JERC_030.S.20150730","AuAZEkdfggLCA6G7KksGAMBP1Tr2oSrRxyPOy7XT12A=","invert bycatch",,,,,,,,,,"PbNu4t/t/O1BAZriMiaA3VbsZD9KatgX",
"c9804735-4a27-4ea7-95fe-53555c40331b","JERC_002.basePlot.bet","D03","JERC","JERC_002","S","2015-07-16","2015-07-30","2015-07-30","2015-08-04",,"JERC_002.S.20150730","CV0ws5Gtbhmhpg2d5MQcyCxY9hoxRRC92i4U/Bf/aLg=","invert bycatch",,,,,,,,,,"PbNu4t/t/O1BAZriMiaA3VbsZD9KatgX",
"11ce6b4f-80a2-46ee-b3af-322bc334f056","JERC_001.basePlot.bet","D03","JERC","JERC_001","S","2015-07-16","2015-07-30","2015-07-30","2015-08-03",,"JERC_001.S.20150730","ArvEgVyhbJcqAVL2xX/Xhe4/i2dpU7l2MVxoLmEPHls=","invert bycatch",,,,,,,,,,"CPmp9t5mZhA/Jlt3T5fTH30MkasxefuVXaoVNojxPQo=",
"6c2a007b-a8e8-41f5-8497-d4c3107077a0","JERC_007.basePlot.bet","D03","JERC","JERC_007","S","2015-07-16","2015-07-30","2015-07-30","2015-08-04",,"JERC_007.S.20150730","a/HTBHkllcNjXMPdsfZ3HzVR2RylAE9CNCuR/bOZYQw=","invert bycatch",,,,,,,,,,"CPmp9t5mZhA/Jlt3T5fTH30MkasxefuVXaoVNojxPQo=",
"eae3821e-8bc8-4b0c-bb75-d024fc875c5d","JERC_010.basePlot.bet","D03","JERC","JERC_010","S","2015-07-16","2015-07-30","2015-07-30","2015-08-27",,"JERC_010.S.20150730","qRTVq00V1UnEhMYuD1YPF/ZSBYVFrOTF7qRI50TH1uk=","invert bycatch",,,,,,,,,,"JdN6ZmAx7oWFIyzymv+BnRh9VwthDgp6K22EnIME4dI=",
"4bc87c97-4fa8-481b-904f-2383b309c313","JERC_003.basePlot.bet","D03","JERC","JERC_003","S","2015-07-16","2015-07-30","2015-07-30","2015-08-20",,"JERC_003.S.20150730","9IO0159G1yiRONniI3ZqauhP37cMQl8gtELWrExkutQ=","invert bycatch",,,,,,,,,,"7ZsG8s1cQijU1p7CX6b9FNrZuRO+/rX6",
"8fb60b8e-8558-46a1-a57f-554d1de957fc","JERC_009.basePlot.bet","D03","JERC","JERC_009","W","2015-07-16","2015-07-30","2015-07-30","2015-08-04",,"JERC_009.W.20150730","21ilO4RJ2p/pbypftbv5gqDdI1F8PCzSUIu+enNzjMI=","invert bycatch",,,,,,,,,,"PbNu4t/t/O1BAZriMiaA3VbsZD9KatgX",
"f7d0ab76-bb92-4c60-ac11-fadbec23087a","JERC_002.basePlot.bet","D03","JERC","JERC_002","W","2015-07-16","2015-07-30","2015-07-30","2015-08-04",,"JERC_002.W.20150730","CV0ws5Gtbhmnmc7sX6YvZN8MXLrtEQrdqROYop05jjo=","invert bycatch",,,,,,,,,,"PbNu4t/t/O1BAZriMiaA3VbsZD9KatgX",
"b38e095b-ae76-4be6-831f-7583f8ccf1b9","JERC_030.basePlot.bet","D03","JERC","JERC_030","W","2015-07-16","2015-07-30","2015-07-30","2015-08-04",,"JERC_030.W.20150730","AuAZEkdfggJMM7XIzsfntU0AfL13bKlJxhFAC/8tYNM=","invert bycatch",,,,,,,,,,"PbNu4t/t/O1BAZriMiaA3VbsZD9KatgX",
"1d197bb0-e986-4a9b-961e-dbaafb6f9208","JERC_001.basePlot.bet","D03","JERC","JERC_001","W","2015-07-16","2015-07-30","2015-07-30","2015-08-03",,"JERC_001.W.20150730","ArvEgVyhbJe/enzg66XkhDMjmue8nLJq6Zv0WqHijKA=","invert bycatch",,,,,,,,,,"CPmp9t5mZhA/Jlt3T5fTH30MkasxefuVXaoVNojxPQo=",
"287ece25-2d6a-4d3f-8be4-ae0066c376d3","JERC_007.basePlot.bet","D03","JERC","JERC_007","W","2015-07-16","2015-07-30","2015-07-30","2015-08-04",,"JERC_007.W.20150730","a/HTBHkllcOQVC1IljayT1oadWyCi0ZrNDLzEjELCJ8=","invert bycatch",,,,,,,,,,"CPmp9t5mZhA/Jlt3T5fTH30MkasxefuVXaoVNojxPQo=",
"8a76a951-6250-4703-8477-b2958750d9b4","JERC_010.basePlot.bet","D03","JERC","JERC_010","W","2015-07-16","2015-07-30","2015-07-30","2015-08-27",,"JERC_010.W.20150730","qRTVq00V1Unnvsp+PdFfqhKal13kIlLlJ3xbcFN+TTc=","invert bycatch",,,,,,,,,,"JdN6ZmAx7oWFIyzymv+BnRh9VwthDgp6K22EnIME4dI=",
"356cec46-19cb-4484-9b0f-ac47465e7a42","JERC_003.basePlot.bet","D03","JERC","JERC_003","W","2015-07-16","2015-07-30","2015-07-30","2015-08-20",,"JERC_003.W.20150730","9IO0159G1yjQuBZLIFcKLJuQM27t6SqSZSlpAsqmTfo=","invert bycatch",,,,,,,,,,"7ZsG8s1cQijU1p7CX6b9FNrZuRO+/rX6",
"3ef850be-41b2-4daa-8dcf-e3d823ecdad4","JERC_008.basePlot.bet","D03","JERC","JERC_008","W","2015-07-16","2015-07-30","2015-07-30","2015-08-27",,"JERC_008.W.20150730","S3j2Rzo+HUmE19qpryw5j3T+wueEQUh6qGoqHpCM2as=","invert bycatch",,,,,,,,,,"JdN6ZmAx7oWFIyzymv+BnRh9VwthDgp6K22EnIME4dI=",
"5bccea7e-c2e8-463e-8f71-a6c2810f6cf8","JERC_005.basePlot.bet","D03","JERC","JERC_005","W","2015-07-16","2015-07-30","2015-07-30","2015-08-06",,"JERC_005.W.20150730","Va9a3mr00GtaBEtEeXeWdZx3LzRS4km8oJcAsviC2wE=","invert bycatch",,,,,,,,,,"PbNu4t/t/O1BAZriMiaA3VbsZD9KatgX",
"f6ffaa74-0908-40ad-97fe-fa65a67ee7e6","JERC_001.basePlot.bet","D03","JERC","JERC_001","E","2015-07-16","2015-07-30","2015-07-30","2015-08-03","2015-10-26","JERC_001.E.20150730","ArvEgVyhbJclGce9BJeiSMRJUozOHoNUyk25susZDzQ=","carabid","ANIMER2","Anisodactylus merula","species",,"Germar",,1,"Teaching collection","7ZsG8s1cQijU1p7CX6b9FNrZuRO+/rX6","CPmp9t5mZhA/Jlt3T5fTH30MkasxefuVXaoVNojxPQo=",
