uid,namedLocation,domainID,siteID,plotID,trapID,plotType,nlcdClass,decimalLatitude,decimalLongitude,geodeticDatum,coordinateUncertainty,elevation,elevationUncertainty,setDate,collectDate,eventID,daysOfTrapping,sampleCollected,sampleID,cupStatus,lidStatus,fluidLevel,samplingProtocolVersion,recordedBy,remarks
"41ea3740-1346-4b73-a65f-f33a19871924","JERC_007.basePlot.bet","D03","JERC","JERC_007","E","distributed","evergreenForest",31.198631,-84.476311,"WGS84",20.1,36.8,0.2,"2015-06-18","2015-07-02","JERC.2015.27",14,"Y","JERC_007.E.20150702","Ok","Ok","Ok","NEON.DOC.014050vG","w/KL6MXJXvQ9p4XzhV28GG2D83wW5unkeKKvBIBIGMI=",
"98c32a75-ea57-44b1-aa2b-02c50a5832ed","JERC_030.basePlot.bet","D03","JERC","JERC_030","W","distributed","mixedForest",31.185096,-84.476067,"WGS84",20.1,36.3,0.2,"2015-06-18","2015-07-02","JERC.2015.27",14,"Y","JERC_030.W.20150702","Ok","Ok","Ok","NEON.DOC.014050vG","w/KL6MXJXvQ9p4XzhV28GG2D83wW5unkeKKvBIBIGMI=",
"8c2d68be-076c-4174-b530-1037255ce8f6","JERC_003.basePlot.bet","D03","JERC","JERC_003","E","distributed","deciduousForest",31.196150,-84.473242,"WGS84",20.1,34.2,0.3,"2015-06-18","2015-07-02","JERC.2015.27",14,"Y","JERC_003.E.20150702","Ok","Ok","Ok","NEON.DOC.014050vG","w/KL6MXJXvQ9p4XzhV28GG2D83wW5unkeKKvBIBIGMI=",
"5f95a614-fa92-49ac-a381-5c071aef747d","JERC_001.basePlot.bet","D03","JERC","JERC_001","E","distributed","deciduousForest",31.194318,-84.477078,"WGS84",20.3,37.9,0.3,"2015-06-18","2015-07-02","JERC.2015.27",14,"Y","JERC_001.E.20150702","Ok","Ok","Ok","NEON.DOC.014050vG","w/KL6MXJXvQ9p4XzhV28GG2D83wW5unkeKKvBIBIGMI=",
"822e2cc9-e36d-44f3-827e-4236c8850d2d","JERC_030.basePlot.bet","D03","JERC","JERC_030","E","distributed","mixedForest",31.185096,-84.476067,"WGS84",20.1,36.3,0.2,"2015-06-18","2015-07-02","JERC.2015.27",14,"Y","JERC_030.E.20150702","Ok","Ok","Ok","NEON.DOC.014050vG","w/KL6MXJXvQ9p4XzhV28GG2D83wW5unkeKKvBIBIGMI=",
"68ea8377-e3f2-45dd-9bbb-d94d01422b07","JERC_006.basePlot.bet","D03","JERC","JERC_006","E","distributed","mixedForest",31.187672,-84.455851,"WGS84",20.1,41.9,0.3,"2015-06-18","2015-07-02","JERC.2015.27",14,"Y","JERC_006.E.20150702","Ok","Ok","Ok","NEON.DOC.014050vG","w/KL6MXJXvQ9p4XzhV28GG2D83wW5unkeKKvBIBIGMI=",
"53f300d1-dd4f-4d6f-b78e-ba2cde72ba4b","JERC_002.basePlot.bet","D03","JERC","JERC_002","E","distributed","evergreenForest",31.194506,-84.460063,"WGS84",20.3,48.3,0.3,"2015-06-18","2015-07-02","JERC.2015.27",14,"Y","JERC_002.E.20150702","Ok","Ok","Ok","NEON.DOC.014050vG","w/KL6MXJXvQ9p4XzhV28GG2D83wW5unkeKKvBIBIGMI=",
"6924528f-0545-4a26-8aa6-4489b6ed58a6","JERC_009.basePlot.bet","D03","JERC","JERC_009","E","distributed","evergreenForest",31.194989,-84.456904,"WGS84",20.2,48.6,0.3,"2015-06-18","2015-07-02","JERC.2015.27",14,"Y","JERC_009.E.20150702","Ok","Ok","Ok","NEON.DOC.014050vG","w/KL6MXJXvQ9p4XzhV28GG2D83wW5unkeKKvBIBIGMI=",
"f3352717-4667-48d8-96ed-3e56860dda57","JERC_008.basePlot.bet","D03","JERC","JERC_008","E","distributed","mixedForest",31.195153,-84.450927,"WGS84",20.2,46.1,0.3,"2015-06-18","2015-07-02","JERC.2015.27",14,"Y","JERC_008.E.20150702","Ok","Ok","Ok","NEON.DOC.014050vG","w/KL6MXJXvQ9p4XzhV28GG2D83wW5unkeKKvBIBIGMI=",
"eadf2cd7-81dd-4da6-b789-6a828582f996","JERC_005.basePlot.bet","D03","JERC","JERC_005","E","distributed","evergreenForest",31.195967,-84.451227,"WGS84",20.2,45.6,0.4,"2015-06-18","2015-07-02","JERC.2015.27",14,"Y","JERC_005.E.20150702","Ok","Ok","Ok","NEON.DOC.014050vG","w/KL6MXJXvQ9p4XzhV28GG2D83wW5unkeKKvBIBIGMI=",
"3c9078b3-6f4c-4a9f-b279-dc66f657ac93","JERC_005.basePlot.bet","D03","JERC","JERC_005","N","distributed","evergreenForest",31.195967,-84.451227,"WGS84",20.2,45.6,0.4,"2015-06-18","2015-07-02","JERC.2015.27",14,"Y","JERC_005.N.20150702","Ok","Ok","High","NEON.DOC.014050vG","w/KL6MXJXvQ9p4XzhV28GG2D83wW5unkeKKvBIBIGMI=",
"9ff82fc3-2e87-459e-b2a3-27033f9280a6","JERC_030.basePlot.bet","D03","JERC","JERC_030","N","distributed","mixedForest",31.185096,-84.476067,"WGS84",20.1,36.3,0.2,"2015-06-18","2015-07-02","JERC.2015.27",14,"Y","JERC_030.N.20150702","Ok","Ok","Ok","NEON.DOC.014050vG","w/KL6MXJXvQ9p4XzhV28GG2D83wW5unkeKKvBIBIGMI=",
"131a94e6-0fb6-4a65-b775-830421f189db","JERC_002.basePlot.bet","D03","JERC","JERC_002","N","distributed","evergreenForest",31.194506,-84.460063,"WGS84",20.3,48.3,0.3,"2015-06-18","2015-07-02","JERC.2015.27",14,"Y","JERC_002.N.20150702","Ok","Ok","Ok","NEON.DOC.014050vG","w/KL6MXJXvQ9p4XzhV28GG2D83wW5unkeKKvBIBIGMI=",
"78fac950-55d3-42c1-8ceb-58b8cce172a8","JERC_006.basePlot.bet","D03","JERC","JERC_006","N","distributed","mixedForest",31.187672,-84.455851,"WGS84",20.1,41.9,0.3,"2015-06-18","2015-07-02","JERC.2015.27",14,"Y","JERC_006.N.20150702","Ok","Ok","Ok","NEON.DOC.014050vG","w/KL6MXJXvQ9p4XzhV28GG2D83wW5unkeKKvBIBIGMI=",
"ff934e32-fb3c-4155-85d9-07a288b2a773","JERC_008.basePlot.bet","D03","JERC","JERC_008","N","distributed","mixedForest",31.195153,-84.450927,"WGS84",20.2,46.1,0.3,"2015-06-18","2015-07-02","JERC.2015.27",14,"Y","JERC_008.N.20150702","Ok","Ok","Ok","NEON.DOC.014050vG","w/KL6MXJXvQ9p4XzhV28GG2D83wW5unkeKKvBIBIGMI=",
"020c2fa4-563b-4de0-a1c9-d634c248c3a6","JERC_009.basePlot.bet","D03","JERC","JERC_009","N","distributed","evergreenForest",31.194989,-84.456904,"WGS84",20.2,48.6,0.3,"2015-06-18","2015-07-02","JERC.2015.27",14,"Y","JERC_009.N.20150702","Ok","Ok","Ok","NEON.DOC.014050vG","w/KL6MXJXvQ9p4XzhV28GG2D83wW5unkeKKvBIBIGMI=",
"c9c8b987-e56a-4a45-849e-2ad210a70043","JERC_010.basePlot.bet","D03","JERC","JERC_010","N","distributed","deciduousForest",31.208222,-84.469495,"WGS84",20.3,42.9,0.4,"2015-06-18","2015-07-02","JERC.2015.27",14,"Y","JERC_010.N.20150702","Ok","Ok","Ok","NEON.DOC.014050vG","w/KL6MXJXvQ9p4XzhV28GG2D83wW5unkeKKvBIBIGMI=",
"1a227f53-3105-436e-9da1-6210a29568c6","JERC_003.basePlot.bet","D03","JERC","JERC_003","N","distributed","deciduousForest",31.196150,-84.473242,"WGS84",20.1,34.2,0.3,"2015-06-18","2015-07-02","JERC.2015.27",14,"Y","JERC_003.N.20150702","Ok","Ok","Ok","NEON.DOC.014050vG","w/KL6MXJXvQ9p4XzhV28GG2D83wW5unkeKKvBIBIGMI=",
"c8a34cf1-c6f5-468b-924e-912ffafdaa47","JERC_001.basePlot.bet","D03","JERC","JERC_001","N","distributed","deciduousForest",31.194318,-84.477078,"WGS84",20.3,37.9,0.3,"2015-06-18","2015-07-02","JERC.2015.27",14,"Y","JERC_001.N.20150702","Ok","Ok","Ok","NEON.DOC.014050vG","w/KL6MXJXvQ9p4XzhV28GG2D83wW5unkeKKvBIBIGMI=",
"fa6fe0ea-d057-4a09-8e28-94efb98e0bc8","JERC_007.basePlot.bet","D03","JERC","JERC_007","N","distributed","evergreenForest",31.198631,-84.476311,"WGS84",20.1,36.8,0.2,"2015-06-18","2015-07-02","JERC.2015.27",14,"Y","JERC_007.N.20150702","Ok","Ok","Ok","NEON.DOC.014050vG","w/KL6MXJXvQ9p4XzhV28GG2D83wW5unkeKKvBIBIGMI=",
"e5ca5026-2764-452f-a61b-ee9928875d1d","JERC_009.basePlot.bet","D03","JERC","JERC_009","S","distributed","evergreenForest",31.194989,-84.456904,"WGS84",20.2,48.6,0.3,"2015-06-18","2015-07-02","JERC.2015.27",14,"Y","JERC_009.S.20150702","Ok","Ok","Ok","NEON.DOC.014050vG","w/KL6MXJXvQ9p4XzhV28GG2D83wW5unkeKKvBIBIGMI=",
"e8bdcf78-56da-43d2-b3eb-ea0966f13266","JERC_008.basePlot.bet","D03","JERC","JERC_008","S","distributed","mixedForest",31.195153,-84.450927,"WGS84",20.2,46.1,0.3,"2015-06-18","2015-07-02","JERC.2015.27",14,"Y","JERC_008.S.20150702","Ok","Ok","Ok","NEON.DOC.014050vG","w/KL6MXJXvQ9p4XzhV28GG2D83wW5unkeKKvBIBIGMI=",
"e521a3fe-aabc-49e4-b8a4-3edbda8b9506","JERC_005.basePlot.bet","D03","JERC","JERC_005","S","distributed","evergreenForest",31.195967,-84.451227,"WGS84",20.2,45.6,0.4,"2015-06-18","2015-07-02","JERC.2015.27",14,"Y","JERC_005.S.20150702","Ok","Ok","High","NEON.DOC.014050vG","w/KL6MXJXvQ9p4XzhV28GG2D83wW5unkeKKvBIBIGMI=",
"4fc05129-8ebd-4b8b-82cc-964ee3af1ee2","JERC_006.basePlot.bet","D03","JERC","JERC_006","S","distributed","mixedForest",31.187672,-84.455851,"WGS84",20.1,41.9,0.3,"2015-06-18","2015-07-02","JERC.2015.27",14,"Y","JERC_006.S.20150702","Ok","Ok","Ok","NEON.DOC.014050vG","w/KL6MXJXvQ9p4XzhV28GG2D83wW5unkeKKvBIBIGMI=",
"589ebd24-586d-4855-9cf6-d7251eb97bee","JERC_002.basePlot.bet","D03","JERC","JERC_002","S","distributed","evergreenForest",31.194506,-84.460063,"WGS84",20.3,48.3,0.3,"2015-06-18","2015-07-02","JERC.2015.27",14,"Y","JERC_002.S.20150702","Ok","Ok","Ok","NEON.DOC.014050vG","w/KL6MXJXvQ9p4XzhV28GG2D83wW5unkeKKvBIBIGMI=",
"f7a2939c-82f2-49e9-9463-24b599edb4ea","JERC_030.basePlot.bet","D03","JERC","JERC_030","S","distributed","mixedForest",31.185096,-84.476067,"WGS84",20.1,36.3,0.2,"2015-06-18","2015-07-02","JERC.2015.27",14,"Y","JERC_030.S.20150702","Ok","Ok","Ok","NEON.DOC.014050vG","w/KL6MXJXvQ9p4XzhV28GG2D83wW5unkeKKvBIBIGMI=",
"4256648e-1b55-4652-819c-2e60f939d99d","JERC_010.basePlot.bet","D03","JERC","JERC_010","S","distributed","deciduousForest",31.208222,-84.469495,"WGS84",20.3,42.9,0.4,"2015-06-18","2015-07-02","JERC.2015.27",14,"Y","JERC_010.S.20150702","Ok","Ok","Ok","NEON.DOC.014050vG","w/KL6MXJXvQ9p4XzhV28GG2D83wW5unkeKKvBIBIGMI=",
"d91a52f0-2f08-40d1-8d28-0e0fb11c3479","JERC_001.basePlot.bet","D03","JERC","JERC_001","S","distributed","deciduousForest",31.194318,-84.477078,"WGS84",20.3,37.9,0.3,"2015-06-18","2015-07-02","JERC.2015.27",14,"Y","JERC_001.S.20150702","Ok","Ok","Ok","NEON.DOC.014050vG","w/KL6MXJXvQ9p4XzhV28GG2D83wW5unkeKKvBIBIGMI=",
"21a9219b-cf5b-4976-b130-9806ca3aa63f","JERC_007.basePlot.bet","D03","JERC","JERC_007","S","distributed","evergreenForest",31.198631,-84.476311,"WGS84",20.1,36.8,0.2,"2015-06-18","2015-07-02","JERC.2015.27",14,"Y","JERC_007.S.20150702","Ok","Ok","Ok","NEON.DOC.014050vG","w/KL6MXJXvQ9p4XzhV28GG2D83wW5unkeKKvBIBIGMI=",
"b7882da9-35db-4c7a-80cd-2800832188d3","JERC_003.basePlot.bet","D03","JERC","JERC_003","S","distributed","deciduousForest",31.196150,-84.473242,"WGS84",20.1,34.2,0.3,"2015-06-18","2015-07-02","JERC.2015.27",14,"Y","JERC_003.S.20150702","Ok","Ok","Ok","NEON.DOC.014050vG","w/KL6MXJXvQ9p4XzhV28GG2D83wW5unkeKKvBIBIGMI=",
"520d45b5-30d9-482c-a797-e9d311676125","JERC_002.basePlot.bet","D03","JERC","JERC_002","W","distributed","evergreenForest",31.194506,-84.460063,"WGS84",20.3,48.3,0.3,"2015-06-18","2015-07-02","JERC.2015.27",14,"Y","JERC_002.W.20150702","Ok","Ok","Ok","NEON.DOC.014050vG","w/KL6MXJXvQ9p4XzhV28GG2D83wW5unkeKKvBIBIGMI=",
"4b591e30-f0b2-4bcf-9641-738e11d8284c","JERC_010.basePlot.bet","D03","JERC","JERC_010","W","distributed","deciduousForest",31.208222,-84.469495,"WGS84",20.3,42.9,0.4,"2015-06-18","2015-07-02","JERC.2015.27",14,"Y","JERC_010.W.20150702","Ok","Ok","Ok","NEON.DOC.014050vG","w/KL6MXJXvQ9p4XzhV28GG2D83wW5unkeKKvBIBIGMI=",
"c520c89e-ff14-40e4-b8fd-c574bc29fed4","JERC_001.basePlot.bet","D03","JERC","JERC_001","W","distributed","deciduousForest",31.194318,-84.477078,"WGS84",20.3,37.9,0.3,"2015-06-18","2015-07-02","JERC.2015.27",14,"Y","JERC_001.W.20150702","Ok","Ok","Ok","NEON.DOC.014050vG","w/KL6MXJXvQ9p4XzhV28GG2D83wW5unkeKKvBIBIGMI=",
"cc4de960-6df5-438a-8c42-f55b9eb32a13","JERC_003.basePlot.bet","D03","JERC","JERC_003","W","distributed","deciduousForest",31.196150,-84.473242,"WGS84",20.1,34.2,0.3,"2015-06-18","2015-07-02","JERC.2015.27",14,"Y","JERC_003.W.20150702","Ok","Ok","Ok","NEON.DOC.014050vG","w/KL6MXJXvQ9p4XzhV28GG2D83wW5unkeKKvBIBIGMI=",
"7c888990-4d51-41ce-92c1-ba4d3e3f9a4f","JERC_007.basePlot.bet","D03","JERC","JERC_007","W","distributed","evergreenForest",31.198631,-84.476311,"WGS84",20.1,36.8,0.2,"2015-06-18","2015-07-02","JERC.2015.27",14,"Y","JERC_007.W.20150702","Ok","Ok","Ok","NEON.DOC.014050vG","w/KL6MXJXvQ9p4XzhV28GG2D83wW5unkeKKvBIBIGMI=",
"eeabb6da-5228-4128-aa5b-0e3c1d2230c2","JERC_009.basePlot.bet","D03","JERC","JERC_009","W","distributed","evergreenForest",31.194989,-84.456904,"WGS84",20.2,48.6,0.3,"2015-06-18","2015-07-02","JERC.2015.27",14,"Y","JERC_009.W.20150702","Ok","Ok","Ok","NEON.DOC.014050vG","w/KL6MXJXvQ9p4XzhV28GG2D83wW5unkeKKvBIBIGMI=",
"03766676-0dd5-4e19-a0a2-6f1997f8207d","JERC_008.basePlot.bet","D03","JERC","JERC_008","W","distributed","mixedForest",31.195153,-84.450927,"WGS84",20.2,46.1,0.3,"2015-06-18","2015-07-02","JERC.2015.27",14,"Y","JERC_008.W.20150702","Ok","Ok","Ok","NEON.DOC.014050vG","w/KL6MXJXvQ9p4XzhV28GG2D83wW5unkeKKvBIBIGMI=",
"5c7f83d0-682f-4cb4-a386-e2fcfee5314c","JERC_005.basePlot.bet","D03","JERC","JERC_005","W","distributed","evergreenForest",31.195967,-84.451227,"WGS84",20.2,45.6,0.4,"2015-06-18","2015-07-02","JERC.2015.27",14,"Y","JERC_005.W.20150702","Ok","Ok","Ok","NEON.DOC.014050vG","w/KL6MXJXvQ9p4XzhV28GG2D83wW5unkeKKvBIBIGMI=",
"7e446335-c8d3-4f14-aa0a-566b139757e1","JERC_006.basePlot.bet","D03","JERC","JERC_006","W","distributed","mixedForest",31.187672,-84.455851,"WGS84",20.1,41.9,0.3,"2015-06-18","2015-07-02","JERC.2015.27",14,"Y","JERC_006.W.20150702","Ok","Ok","Ok","NEON.DOC.014050vG","w/KL6MXJXvQ9p4XzhV28GG2D83wW5unkeKKvBIBIGMI=",
"4401fb81-6761-4daf-b1d0-f7c207edb46d","JERC_010.basePlot.bet","D03","JERC","JERC_010","E","distributed","deciduousForest",31.208222,-84.469495,"WGS84",20.3,42.9,0.4,"2015-06-18","2015-07-02","JERC.2015.27",14,"Y","JERC_010.E.20150702","Ok","Ok","Ok","NEON.DOC.014050vG","w/KL6MXJXvQ9p4XzhV28GG2D83wW5unkeKKvBIBIGMI=",
"291415c5-5962-4da9-8b4e-84ab190b4b3f","JERC_002.basePlot.bet","D03","JERC","JERC_002","S","distributed","evergreenForest",31.194506,-84.460063,"WGS84",20.3,48.3,0.3,"2015-07-02","2015-07-16","JERC.2015.29",14,"Y","JERC_002.S.20150716","Ok","Ok","Ok","NEON.DOC.014050vG","7ZsG8s1cQijU1p7CX6b9FNrZuRO+/rX6",
"923e8a78-67cf-484e-a970-89fa2369561f","JERC_030.basePlot.bet","D03","JERC","JERC_030","S","distributed","mixedForest",31.185096,-84.476067,"WGS84",20.1,36.3,0.2,"2015-07-02","2015-07-16","JERC.2015.29",14,"Y","JERC_030.S.20150716","Ok","Ok","Ok","NEON.DOC.014050vG","7ZsG8s1cQijU1p7CX6b9FNrZuRO+/rX6",
"fe995040-436a-401a-8343-53f6c5861667","JERC_006.basePlot.bet","D03","JERC","JERC_006","S","distributed","mixedForest",31.187672,-84.455851,"WGS84",20.1,41.9,0.3,"2015-07-02","2015-07-16","JERC.2015.29",14,"Y","JERC_006.S.20150716","Ok","Ok","Ok","NEON.DOC.014050vG","7ZsG8s1cQijU1p7CX6b9FNrZuRO+/rX6",
"c57ae231-c8e5-4b0c-aa8b-d7763f971801","JERC_003.basePlot.bet","D03","JERC","JERC_003","S","distributed","deciduousForest",31.196150,-84.473242,"WGS84",20.1,34.2,0.3,"2015-07-02","2015-07-16","JERC.2015.29",14,"Y","JERC_003.S.20150716","Ok","Ok","Ok","NEON.DOC.014050vG","7ZsG8s1cQijU1p7CX6b9FNrZuRO+/rX6",
"49489022-ad81-47f1-825a-59562a0ad0b8","JERC_007.basePlot.bet","D03","JERC","JERC_007","S","distributed","evergreenForest",31.198631,-84.476311,"WGS84",20.1,36.8,0.2,"2015-07-02","2015-07-16","JERC.2015.29",14,"Y","JERC_007.S.20150716","Ok","Ok","High","NEON.DOC.014050vG","7ZsG8s1cQijU1p7CX6b9FNrZuRO+/rX6",
"cae98834-176c-49ee-bba7-51f6f1aa190b","JERC_010.basePlot.bet","D03","JERC","JERC_010","S","distributed","deciduousForest",31.208222,-84.469495,"WGS84",20.3,42.9,0.4,"2015-07-02","2015-07-16","JERC.2015.29",14,"Y","JERC_010.S.20150716","Ok","Ok","Ok","NEON.DOC.014050vG","7ZsG8s1cQijU1p7CX6b9FNrZuRO+/rX6",
"f707f740-8776-45b1-9bd3-932b06a0b837","JERC_010.basePlot.bet","D03","JERC","JERC_010","W","distributed","deciduousForest",31.208222,-84.469495,"WGS84",20.3,42.9,0.4,"2015-07-02","2015-07-16","JERC.2015.29",14,"Y","JERC_010.W.20150716","Ok","Ok","Ok","NEON.DOC.014050vG","7ZsG8s1cQijU1p7CX6b9FNrZuRO+/rX6",
"d3ac06ab-3392-4196-96f5-0be5c9a59ed5","JERC_001.basePlot.bet","D03","JERC","JERC_001","W","distributed","deciduousForest",31.194318,-84.477078,"WGS84",20.3,37.9,0.3,"2015-07-02","2015-07-16","JERC.2015.29",14,"Y","JERC_001.W.20150716","Ok","Ok","High","NEON.DOC.014050vG","7ZsG8s1cQijU1p7CX6b9FNrZuRO+/rX6",
"a91f6795-7fb1-49b7-aba6-42a4311cc0a4","JERC_009.basePlot.bet","D03","JERC","JERC_009","W","distributed","evergreenForest",31.194989,-84.456904,"WGS84",20.2,48.6,0.3,"2015-07-02","2015-07-16","JERC.2015.29",14,"Y","JERC_009.W.20150716","Ok","Ok","Ok","NEON.DOC.014050vG","7ZsG8s1cQijU1p7CX6b9FNrZuRO+/rX6",
"fee4f140-bbab-42ba-a2fc-08fd16b18d8e","JERC_002.basePlot.bet","D03","JERC","JERC_002","W","distributed","evergreenForest",31.194506,-84.460063,"WGS84",20.3,48.3,0.3,"2015-07-02","2015-07-16","JERC.2015.29",14,"Y","JERC_002.W.20150716","Ok","Ok","Ok","NEON.DOC.014050vG","7ZsG8s1cQijU1p7CX6b9FNrZuRO+/rX6",
"49c26e5a-8bab-449b-87d8-da29d8f4d440","JERC_005.basePlot.bet","D03","JERC","JERC_005","W","distributed","evergreenForest",31.195967,-84.451227,"WGS84",20.2,45.6,0.4,"2015-07-02","2015-07-16","JERC.2015.29",14,"Y","JERC_005.W.20150716","Ok","Ok","High","NEON.DOC.014050vG","7ZsG8s1cQijU1p7CX6b9FNrZuRO+/rX6",
"fccb1762-6e97-4450-9b36-54ddf45df4c6","JERC_008.basePlot.bet","D03","JERC","JERC_008","W","distributed","mixedForest",31.195153,-84.450927,"WGS84",20.2,46.1,0.3,"2015-07-02","2015-07-16","JERC.2015.29",14,"Y","JERC_008.W.20150716","Ok","Ok","Ok","NEON.DOC.014050vG","7ZsG8s1cQijU1p7CX6b9FNrZuRO+/rX6",
"e8bc966f-1dd5-41d3-b01a-2a98ee8dd610","JERC_030.basePlot.bet","D03","JERC","JERC_030","W","distributed","mixedForest",31.185096,-84.476067,"WGS84",20.1,36.3,0.2,"2015-07-02","2015-07-16","JERC.2015.29",14,"Y","JERC_030.W.20150716","Ok","Ok","High","NEON.DOC.014050vG","7ZsG8s1cQijU1p7CX6b9FNrZuRO+/rX6",
"fcb8b90c-aa34-4b12-9b64-89938c7ad863","JERC_003.basePlot.bet","D03","JERC","JERC_003","W","distributed","deciduousForest",31.196150,-84.473242,"WGS84",20.1,34.2,0.3,"2015-07-02","2015-07-16","JERC.2015.29",14,"Y","JERC_003.W.20150716","Ok","Ok","Ok","NEON.DOC.014050vG","7ZsG8s1cQijU1p7CX6b9FNrZuRO+/rX6",
"e37f0dce-e1c4-4200-a7cf-6f867f9eebed","JERC_007.basePlot.bet","D03","JERC","JERC_007","W","distributed","evergreenForest",31.198631,-84.476311,"WGS84",20.1,36.8,0.2,"2015-07-02","2015-07-16","JERC.2015.29",14,"Y","JERC_007.W.20150716","Ok","Ok","Ok","NEON.DOC.014050vG","7ZsG8s1cQijU1p7CX6b9FNrZuRO+/rX6",
"4f6ff368-b70d-4ef5-a28e-a9d107cbcc72","JERC_006.basePlot.bet","D03","JERC","JERC_006","W","distributed","mixedForest",31.187672,-84.455851,"WGS84",20.1,41.9,0.3,"2015-07-02","2015-07-16","JERC.2015.29",14,"Y","JERC_006.W.20150716","Ok","Ok","Ok","NEON.DOC.014050vG","7ZsG8s1cQijU1p7CX6b9FNrZuRO+/rX6",
"31badec5-3ea5-4ce9-a4df-6bf93f70f09f","JERC_005.basePlot.bet","D03","JERC","JERC_005","E","distributed","evergreenForest",31.195967,-84.451227,"WGS84",20.2,45.6,0.4,"2015-07-02","2015-07-16","JERC.2015.29",14,"Y","JERC_005.E.20150716","Ok","Ok","Ok","NEON.DOC.014050vG","7ZsG8s1cQijU1p7CX6b9FNrZuRO+/rX6",
"8efbcea2-ba6c-40ee-9ba9-74a7335c96bb","JERC_008.basePlot.bet","D03","JERC","JERC_008","E","distributed","mixedForest",31.195153,-84.450927,"WGS84",20.2,46.1,0.3,"2015-07-02","2015-07-16","JERC.2015.29",14,"Y","JERC_008.E.20150716","Ok","Ok","Ok","NEON.DOC.014050vG","7ZsG8s1cQijU1p7CX6b9FNrZuRO+/rX6",
"8eee5866-8a4c-41c4-a04f-29133122d5bd","JERC_009.basePlot.bet","D03","JERC","JERC_009","E","distributed","evergreenForest",31.194989,-84.456904,"WGS84",20.2,48.6,0.3,"2015-07-02","2015-07-16","JERC.2015.29",14,"Y","JERC_009.E.20150716","Ok","Ok","Ok","NEON.DOC.014050vG","7ZsG8s1cQijU1p7CX6b9FNrZuRO+/rX6",
"def6d05e-c475-4a67-a338-e932036af281","JERC_002.basePlot.bet","D03","JERC","JERC_002","E","distributed","evergreenForest",31.194506,-84.460063,"WGS84",20.3,48.3,0.3,"2015-07-02","2015-07-16","JERC.2015.29",14,"Y","JERC_002.E.20150716","Ok","Ok","High","NEON.DOC.014050vG","7ZsG8s1cQijU1p7CX6b9FNrZuRO+/rX6",
"9befc401-a94d-41a7-9e6d-4218ad89a3de","JERC_006.basePlot.bet","D03","JERC","JERC_006","E","distributed","mixedForest",31.187672,-84.455851,"WGS84",20.1,41.9,0.3,"2015-07-02","2015-07-16","JERC.2015.29",14,"Y","JERC_006.E.20150716","Ok","Ok","Ok","NEON.DOC.014050vG","7ZsG8s1cQijU1p7CX6b9FNrZuRO+/rX6",
"12baf97a-d844-4ba8-ab56-d12356eb543c","JERC_001.basePlot.bet","D03","JERC","JERC_001","E","distributed","deciduousForest",31.194318,-84.477078,"WGS84",20.3,37.9,0.3,"2015-07-02","2015-07-16","JERC.2015.29",14,"Y","JERC_001.E.20150716","Ok","Ok","High","NEON.DOC.014050vG","7ZsG8s1cQijU1p7CX6b9FNrZuRO+/rX6",
"455c7f8d-8197-44d6-8c56-9575977fe12f","JERC_010.basePlot.bet","D03","JERC","JERC_010","E","distributed","deciduousForest",31.208222,-84.469495,"WGS84",20.3,42.9,0.4,"2015-07-02","2015-07-16","JERC.2015.29",14,"Y","JERC_010.E.20150716","Ok","Ok","Ok","NEON.DOC.014050vG","7ZsG8s1cQijU1p7CX6b9FNrZuRO+/rX6",
"8fbdc73e-ff22-427c-905f-87eaadcaa3f3","JERC_030.basePlot.bet","D03","JERC","JERC_030","E","distributed","mixedForest",31.185096,-84.476067,"WGS84",20.1,36.3,0.2,"2015-07-02","2015-07-16","JERC.2015.29",14,"Y","JERC_030.E.20150716","Disturbed","Disturbed","Low","NEON.DOC.014050vG","7ZsG8s1cQijU1p7CX6b9FNrZuRO+/rX6","The east trap was pulled out of the ground. It needs to be re-dug."
"4623597b-3bae-488a-b40d-09177e0ff7fa","JERC_007.basePlot.bet","D03","JERC","JERC_007","E","distributed","evergreenForest",31.198631,-84.476311,"WGS84",20.1,36.8,0.2,"2015-07-02","2015-07-16","JERC.2015.29",14,"Y","JERC_007.E.20150716","Ok","Ok","High","NEON.DOC.014050vG","7ZsG8s1cQijU1p7CX6b9FNrZuRO+/rX6",
"271beff7-2f80-4bda-8851-2608a5accdad","JERC_003.basePlot.bet","D03","JERC","JERC_003","E","distributed","deciduousForest",31.196150,-84.473242,"WGS84",20.1,34.2,0.3,"2015-07-02","2015-07-16","JERC.2015.29",14,"Y","JERC_003.E.20150716","Ok","Ok","High","NEON.DOC.014050vG","7ZsG8s1cQijU1p7CX6b9FNrZuRO+/rX6",
"c663121a-7e89-45f8-874b-01768110035d","JERC_001.basePlot.bet","D03","JERC","JERC_001","N","distributed","deciduousForest",31.194318,-84.477078,"WGS84",20.3,37.9,0.3,"2015-07-02","2015-07-16","JERC.2015.29",14,"Y","JERC_001.N.20150716","Ok","Ok","High","NEON.DOC.014050vG","7ZsG8s1cQijU1p7CX6b9FNrZuRO+/rX6",
"25faeafc-3bf3-4196-b78f-f4ab4d363713","JERC_030.basePlot.bet","D03","JERC","JERC_030","N","distributed","mixedForest",31.185096,-84.476067,"WGS84",20.1,36.3,0.2,"2015-07-02","2015-07-16","JERC.2015.29",14,"Y","JERC_030.N.20150716","Ok","Ok","Ok","NEON.DOC.014050vG","7ZsG8s1cQijU1p7CX6b9FNrZuRO+/rX6",
"13d6b8fb-935b-4c89-a878-1978fdb43c3a","JERC_003.basePlot.bet","D03","JERC","JERC_003","N","distributed","deciduousForest",31.196150,-84.473242,"WGS84",20.1,34.2,0.3,"2015-07-02","2015-07-16","JERC.2015.29",14,"Y","JERC_003.N.20150716","Ok","Ok","Ok","NEON.DOC.014050vG","7ZsG8s1cQijU1p7CX6b9FNrZuRO+/rX6",
"1a11658d-ba70-4ffa-b2bc-1a301f66a2c4","JERC_007.basePlot.bet","D03","JERC","JERC_007","N","distributed","evergreenForest",31.198631,-84.476311,"WGS84",20.1,36.8,0.2,"2015-07-02","2015-07-16","JERC.2015.29",14,"Y","JERC_007.N.20150716","Ok","Ok","Ok","NEON.DOC.014050vG","7ZsG8s1cQijU1p7CX6b9FNrZuRO+/rX6",
"19f22fbc-519a-475e-be02-9c03dafc03cb","JERC_010.basePlot.bet","D03","JERC","JERC_010","N","distributed","deciduousForest",31.208222,-84.469495,"WGS84",20.3,42.9,0.4,"2015-07-02","2015-07-16","JERC.2015.29",14,"Y","JERC_010.N.20150716","Ok","Ok","Ok","NEON.DOC.014050vG","7ZsG8s1cQijU1p7CX6b9FNrZuRO+/rX6",
"bbb6709d-1665-4757-8004-95bdac722de9","JERC_008.basePlot.bet","D03","JERC","JERC_008","N","distributed","mixedForest",31.195153,-84.450927,"WGS84",20.2,46.1,0.3,"2015-07-02","2015-07-16","JERC.2015.29",14,"Y","JERC_008.N.20150716","Ok","Ok","Ok","NEON.DOC.014050vG","7ZsG8s1cQijU1p7CX6b9FNrZuRO+/rX6",
"583b45a3-49ad-4f61-a3b7-ab89f8005318","JERC_009.basePlot.bet","D03","JERC","JERC_009","N","distributed","evergreenForest",31.194989,-84.456904,"WGS84",20.2,48.6,0.3,"2015-07-02","2015-07-16","JERC.2015.29",14,"Y","JERC_009.N.20150716","Ok","Ok","Ok","NEON.DOC.014050vG","7ZsG8s1cQijU1p7CX6b9FNrZuRO+/rX6",
"8bd0d681-4908-49cd-90f9-7a27e3e85606","JERC_002.basePlot.bet","D03","JERC","JERC_002","N","distributed","evergreenForest",31.194506,-84.460063,"WGS84",20.3,48.3,0.3,"2015-07-02","2015-07-16","JERC.2015.29",14,"Y","JERC_002.N.20150716","Ok","Ok","High","NEON.DOC.014050vG","7ZsG8s1cQijU1p7CX6b9FNrZuRO+/rX6",
"05885d38-3589-430c-8280-cd6f271decfe","JERC_006.basePlot.bet","D03","JERC","JERC_006","N","distributed","mixedForest",31.187672,-84.455851,"WGS84",20.1,41.9,0.3,"2015-07-02","2015-07-16","JERC.2015.29",14,"Y","JERC_006.N.20150716","Ok","Ok","Ok","NEON.DOC.014050vG","7ZsG8s1cQijU1p7CX6b9FNrZuRO+/rX6",
"3492361f-be61-445b-b312-99275cea0da9","JERC_005.basePlot.bet","D03","JERC","JERC_005","N","distributed","evergreenForest",31.195967,-84.451227,"WGS84",20.2,45.6,0.4,"2015-07-02","2015-07-16","JERC.2015.29",14,"Y","JERC_005.N.20150716","Ok","Ok","High","NEON.DOC.014050vG","7ZsG8s1cQijU1p7CX6b9FNrZuRO+/rX6",
"cf50b227-7a13-45cd-9f54-54c7ed264602","JERC_005.basePlot.bet","D03","JERC","JERC_005","S","distributed","evergreenForest",31.195967,-84.451227,"WGS84",20.2,45.6,0.4,"2015-07-02","2015-07-16","JERC.2015.29",14,"Y","JERC_005.S.20150716","Ok","Ok","High","NEON.DOC.014050vG","7ZsG8s1cQijU1p7CX6b9FNrZuRO+/rX6",
"bddc6972-e6cc-4cf9-a199-a4424065d209","JERC_009.basePlot.bet","D03","JERC","JERC_009","S","distributed","evergreenForest",31.194989,-84.456904,"WGS84",20.2,48.6,0.3,"2015-07-02","2015-07-16","JERC.2015.29",14,"Y","JERC_009.S.20150716","Ok","Ok","Ok","NEON.DOC.014050vG","7ZsG8s1cQijU1p7CX6b9FNrZuRO+/rX6",
"0a1f2cb5-d964-49db-97ea-2ec8fdfb4cb9","JERC_008.basePlot.bet","D03","JERC","JERC_008","S","distributed","mixedForest",31.195153,-84.450927,"WGS84",20.2,46.1,0.3,"2015-07-02","2015-07-16","JERC.2015.29",14,"Y","JERC_008.S.20150716","Ok","Ok","Ok","NEON.DOC.014050vG","7ZsG8s1cQijU1p7CX6b9FNrZuRO+/rX6",
"9649191c-b3e4-4fec-aa12-9b57abf05869","JERC_001.basePlot.bet","D03","JERC","JERC_001","S","distributed","deciduousForest",31.194318,-84.477078,"WGS84",20.3,37.9,0.3,"2015-07-02","2015-07-16","JERC.2015.29",14,"Y","JERC_001.S.20150716","Ok","Ok","Ok","NEON.DOC.014050vG","7ZsG8s1cQijU1p7CX6b9FNrZuRO+/rX6",
"e515d13d-aefc-4ec7-9018-ce4cf2d90463","JERC_002.basePlot.bet","D03","JERC","JERC_002","E","distributed","evergreenForest",31.194506,-84.460063,"WGS84",20.3,48.3,0.3,"2015-07-16","2015-07-30","JERC.2015.31",14,"Y","JERC_002.E.20150730","Ok","Ok","Ok","NEON.DOC.014050vG","7ZsG8s1cQijU1p7CX6b9FNrZuRO+/rX6",
"99390d3b-1f15-4937-be0e-254da84be2d2","JERC_003.basePlot.bet","D03","JERC","JERC_003","W","distributed","deciduousForest",31.196150,-84.473242,"WGS84",20.1,34.2,0.3,"2015-07-16","2015-07-30","JERC.2015.31",14,"Y","JERC_003.W.20150730","Ok","Ok","Ok","NEON.DOC.014050vG","7ZsG8s1cQijU1p7CX6b9FNrZuRO+/rX6",
"bb535e63-08af-4995-b2d4-1ad77bcb0ea2","JERC_006.basePlot.bet","D03","JERC","JERC_006","E","distributed","mixedForest",31.187672,-84.455851,"WGS84",20.1,41.9,0.3,"2015-07-16","2015-07-30","JERC.2015.31",14,"Y","JERC_006.E.20150730","Ok","Ok","Ok","NEON.DOC.014050vG","7ZsG8s1cQijU1p7CX6b9FNrZuRO+/rX6",
"64fe37b1-0692-47e9-801c-8e8c9d242168","JERC_009.basePlot.bet","D03","JERC","JERC_009","E","distributed","evergreenForest",31.194989,-84.456904,"WGS84",20.2,48.6,0.3,"2015-07-16","2015-07-30","JERC.2015.31",14,"Y","JERC_009.E.20150730","Ok","Ok","Ok","NEON.DOC.014050vG","7ZsG8s1cQijU1p7CX6b9FNrZuRO+/rX6",
"0c8fb1d5-8409-4b4c-b3cd-15648462c302","JERC_008.basePlot.bet","D03","JERC","JERC_008","E","distributed","mixedForest",31.195153,-84.450927,"WGS84",20.2,46.1,0.3,"2015-07-16","2015-07-30","JERC.2015.31",14,"Y","JERC_008.E.20150730","Ok","Ok","Ok","NEON.DOC.014050vG","7ZsG8s1cQijU1p7CX6b9FNrZuRO+/rX6",
"39540dfb-126c-4684-866c-3463984cb9b1","JERC_003.basePlot.bet","D03","JERC","JERC_003","E","distributed","deciduousForest",31.196150,-84.473242,"WGS84",20.1,34.2,0.3,"2015-07-16","2015-07-30","JERC.2015.31",14,"Y","JERC_003.E.20150730","Ok","Ok","Ok","NEON.DOC.014050vG","7ZsG8s1cQijU1p7CX6b9FNrZuRO+/rX6",
"8c36039a-a60f-4967-8b73-4961403db332","JERC_010.basePlot.bet","D03","JERC","JERC_010","E","distributed","deciduousForest",31.208222,-84.469495,"WGS84",20.3,42.9,0.4,"2015-07-16","2015-07-30","JERC.2015.31",14,"Y","JERC_010.E.20150730","Ok","Ok","Ok","NEON.DOC.014050vG","7ZsG8s1cQijU1p7CX6b9FNrZuRO+/rX6",
"bae5363f-7122-4978-bfa3-338eb2b64f52","JERC_007.basePlot.bet","D03","JERC","JERC_007","E","distributed","evergreenForest",31.198631,-84.476311,"WGS84",20.1,36.8,0.2,"2015-07-16","2015-07-30","JERC.2015.31",14,"Y","JERC_007.E.20150730","Ok","Ok","Ok","NEON.DOC.014050vG","7ZsG8s1cQijU1p7CX6b9FNrZuRO+/rX6",
"4a9decb5-be2e-443a-ae04-3e71dac2ed38","JERC_030.basePlot.bet","D03","JERC","JERC_030","E","distributed","mixedForest",31.185096,-84.476067,"WGS84",20.1,36.3,0.2,"2015-07-16","2015-07-30","JERC.2015.31",14,"Y","JERC_030.E.20150730","Ok","Ok","Ok","NEON.DOC.014050vG","7ZsG8s1cQijU1p7CX6b9FNrZuRO+/rX6","Trap redug and placed correctly"
"36f1ed66-b87d-4472-90e6-27d98dacb0db","JERC_001.basePlot.bet","D03","JERC","JERC_001","E","distributed","deciduousForest",31.194318,-84.477078,"WGS84",20.3,37.9,0.3,"2015-07-16","2015-07-30","JERC.2015.31",14,"Y","JERC_001.E.20150730","Ok","Ok","Ok","NEON.DOC.014050vG","7ZsG8s1cQijU1p7CX6b9FNrZuRO+/rX6",
"88d2efcb-5039-40b3-89f8-0e8fe682570f","JERC_003.basePlot.bet","D03","JERC","JERC_003","N","distributed","deciduousForest",31.196150,-84.473242,"WGS84",20.1,34.2,0.3,"2015-07-16","2015-07-30","JERC.2015.31",14,"Y","JERC_003.N.20150730","Ok","Ok","Ok","NEON.DOC.014050vG","7ZsG8s1cQijU1p7CX6b9FNrZuRO+/rX6",
"ae6c463a-28ec-4731-a2b9-01fd286ce5e7","JERC_010.basePlot.bet","D03","JERC","JERC_010","N","distributed","deciduousForest",31.208222,-84.469495,"WGS84",20.3,42.9,0.4,"2015-07-16","2015-07-30","JERC.2015.31",14,"Y","JERC_010.N.20150730","Ok","Ok","Ok","NEON.DOC.014050vG","7ZsG8s1cQijU1p7CX6b9FNrZuRO+/rX6",
"1bb71266-38cb-4aa1-9209-3146269f3c50","JERC_007.basePlot.bet","D03","JERC","JERC_007","N","distributed","evergreenForest",31.198631,-84.476311,"WGS84",20.1,36.8,0.2,"2015-07-16","2015-07-30","JERC.2015.31",14,"Y","JERC_007.N.20150730","Ok","Ok","Ok","NEON.DOC.014050vG","7ZsG8s1cQijU1p7CX6b9FNrZuRO+/rX6",
"ca1c5783-a92b-4ef8-9044-c31848d86719","JERC_001.basePlot.bet","D03","JERC","JERC_001","N","distributed","deciduousForest",31.194318,-84.477078,"WGS84",20.3,37.9,0.3,"2015-07-16","2015-07-30","JERC.2015.31",14,"Y","JERC_001.N.20150730","Ok","Ok","Ok","NEON.DOC.014050vG","7ZsG8s1cQijU1p7CX6b9FNrZuRO+/rX6",
"008362a6-567d-4906-8b54-9c7c4b598905","JERC_006.basePlot.bet","D03","JERC","JERC_006","N","distributed","mixedForest",31.187672,-84.455851,"WGS84",20.1,41.9,0.3,"2015-07-16","2015-07-30","JERC.2015.31",14,"Y","JERC_006.N.20150730","Ok","Ok","Ok","NEON.DOC.014050vG","7ZsG8s1cQijU1p7CX6b9FNrZuRO+/rX6",
"4f4472b1-3550-40fe-a1cc-9671c72c8b92","JERC_002.basePlot.bet","D03","JERC","JERC_002","N","distributed","evergreenForest",31.194506,-84.460063,"WGS84",20.3,48.3,0.3,"2015-07-16","2015-07-30","JERC.2015.31",14,"Y","JERC_002.N.20150730","Ok","Ok","Ok","NEON.DOC.014050vG","7ZsG8s1cQijU1p7CX6b9FNrZuRO+/rX6",
"62c0e563-ac86-41e9-8e7d-924120279ee5","JERC_030.basePlot.bet","D03","JERC","JERC_030","N","distributed","mixedForest",31.185096,-84.476067,"WGS84",20.1,36.3,0.2,"2015-07-16","2015-07-30","JERC.2015.31",14,"Y","JERC_030.N.20150730","Ok","Ok","Ok","NEON.DOC.014050vG","7ZsG8s1cQijU1p7CX6b9FNrZuRO+/rX6",
"355a5305-2897-4434-8764-77d10e6ed202","JERC_008.basePlot.bet","D03","JERC","JERC_008","N","distributed","mixedForest",31.195153,-84.450927,"WGS84",20.2,46.1,0.3,"2015-07-16","2015-07-30","JERC.2015.31",14,"Y","JERC_008.N.20150730","Ok","Ok","Ok","NEON.DOC.014050vG","7ZsG8s1cQijU1p7CX6b9FNrZuRO+/rX6",
"b0a583ff-45b8-4f6f-871c-fd0d7d8c102d","JERC_005.basePlot.bet","D03","JERC","JERC_005","N","distributed","evergreenForest",31.195967,-84.451227,"WGS84",20.2,45.6,0.4,"2015-07-16","2015-07-30","JERC.2015.31",14,"Y","JERC_005.N.20150730","Ok","Ok","Ok","NEON.DOC.014050vG","7ZsG8s1cQijU1p7CX6b9FNrZuRO+/rX6",
"6a8e0116-f1e8-454b-9b09-66ce2d42e11f","JERC_009.basePlot.bet","D03","JERC","JERC_009","N","distributed","evergreenForest",31.194989,-84.456904,"WGS84",20.2,48.6,0.3,"2015-07-16","2015-07-30","JERC.2015.31",14,"Y","JERC_009.N.20150730","Ok","Ok","Ok","NEON.DOC.014050vG","7ZsG8s1cQijU1p7CX6b9FNrZuRO+/rX6",
"75a6562a-756c-460f-84f9-a93b920568f7","JERC_002.basePlot.bet","D03","JERC","JERC_002","S","distributed","evergreenForest",31.194506,-84.460063,"WGS84",20.3,48.3,0.3,"2015-07-16","2015-07-30","JERC.2015.31",14,"Y","JERC_002.S.20150730","Ok","Ok","Ok","NEON.DOC.014050vG","7ZsG8s1cQijU1p7CX6b9FNrZuRO+/rX6",
"09877c06-3cc8-4c86-911d-09e3d1fad73a","JERC_005.basePlot.bet","D03","JERC","JERC_005","S","distributed","evergreenForest",31.195967,-84.451227,"WGS84",20.2,45.6,0.4,"2015-07-16","2015-07-30","JERC.2015.31",14,"Y","JERC_005.S.20150730","Ok","Ok","High","NEON.DOC.014050vG","7ZsG8s1cQijU1p7CX6b9FNrZuRO+/rX6",
"74ee0de8-a899-4a4f-980c-7d2370403055","JERC_006.basePlot.bet","D03","JERC","JERC_006","S","distributed","mixedForest",31.187672,-84.455851,"WGS84",20.1,41.9,0.3,"2015-07-16","2015-07-30","JERC.2015.31",14,"Y","JERC_006.S.20150730","Ok","Ok","Ok","NEON.DOC.014050vG","7ZsG8s1cQijU1p7CX6b9FNrZuRO+/rX6",
"68aecd50-5775-44ff-af46-9741adccbfdb","JERC_009.basePlot.bet","D03","JERC","JERC_009","S","distributed","evergreenForest",31.194989,-84.456904,"WGS84",20.2,48.6,0.3,"2015-07-16","2015-07-30","JERC.2015.31",14,"Y","JERC_009.S.20150730","Ok","Ok","Ok","NEON.DOC.014050vG","7ZsG8s1cQijU1p7CX6b9FNrZuRO+/rX6",
"fcc76236-50fd-4608-95d0-b701775028f9","JERC_008.basePlot.bet","D03","JERC","JERC_008","S","distributed","mixedForest",31.195153,-84.450927,"WGS84",20.2,46.1,0.3,"2015-07-16","2015-07-30","JERC.2015.31",14,"Y","JERC_008.S.20150730","Ok","Ok","Ok","NEON.DOC.014050vG","7ZsG8s1cQijU1p7CX6b9FNrZuRO+/rX6",
"c61ea64c-8c74-4b64-9639-29d5f6bf2677","JERC_007.basePlot.bet","D03","JERC","JERC_007","S","distributed","evergreenForest",31.198631,-84.476311,"WGS84",20.1,36.8,0.2,"2015-07-16","2015-07-30","JERC.2015.31",14,"Y","JERC_007.S.20150730","Ok","Ok","Ok","NEON.DOC.014050vG","7ZsG8s1cQijU1p7CX6b9FNrZuRO+/rX6",
"ddb19150-be61-4322-b790-e19e2d1a1283","JERC_003.basePlot.bet","D03","JERC","JERC_003","S","distributed","deciduousForest",31.196150,-84.473242,"WGS84",20.1,34.2,0.3,"2015-07-16","2015-07-30","JERC.2015.31",14,"Y","JERC_003.S.20150730","Ok","Ok","Ok","NEON.DOC.014050vG","7ZsG8s1cQijU1p7CX6b9FNrZuRO+/rX6",
"a28d5f4f-d875-49a7-a919-a3c63e03d57c","JERC_010.basePlot.bet","D03","JERC","JERC_010","S","distributed","deciduousForest",31.208222,-84.469495,"WGS84",20.3,42.9,0.4,"2015-07-16","2015-07-30","JERC.2015.31",14,"Y","JERC_010.S.20150730","Ok","Ok","Ok","NEON.DOC.014050vG","7ZsG8s1cQijU1p7CX6b9FNrZuRO+/rX6",
"5cd44404-68e7-4058-b2c3-fde54372d6cd","JERC_030.basePlot.bet","D03","JERC","JERC_030","S","distributed","mixedForest",31.185096,-84.476067,"WGS84",20.1,36.3,0.2,"2015-07-16","2015-07-30","JERC.2015.31",14,"Y","JERC_030.S.20150730","Ok","Ok","Ok","NEON.DOC.014050vG","7ZsG8s1cQijU1p7CX6b9FNrZuRO+/rX6",
"416595c3-dfad-4420-8b42-589308d1c918","JERC_001.basePlot.bet","D03","JERC","JERC_001","S","distributed","deciduousForest",31.194318,-84.477078,"WGS84",20.3,37.9,0.3,"2015-07-16","2015-07-30","JERC.2015.31",14,"Y","JERC_001.S.20150730","Ok","Ok","High","NEON.DOC.014050vG","7ZsG8s1cQijU1p7CX6b9FNrZuRO+/rX6",
"d431e984-0b89-45db-ab28-c5eea763287f","JERC_009.basePlot.bet","D03","JERC","JERC_009","W","distributed","evergreenForest",31.194989,-84.456904,"WGS84",20.2,48.6,0.3,"2015-07-16","2015-07-30","JERC.2015.31",14,"Y","JERC_009.W.20150730","Ok","Ok","Ok","NEON.DOC.014050vG","7ZsG8s1cQijU1p7CX6b9FNrZuRO+/rX6",
"461923db-321a-44af-9c6d-1f94a7753df0","JERC_008.basePlot.bet","D03","JERC","JERC_008","W","distributed","mixedForest",31.195153,-84.450927,"WGS84",20.2,46.1,0.3,"2015-07-16","2015-07-30","JERC.2015.31",14,"Y","JERC_008.W.20150730","Ok","Ok","Ok","NEON.DOC.014050vG","7ZsG8s1cQijU1p7CX6b9FNrZuRO+/rX6",
"38fbaf53-7517-4c7b-a363-2932a62ddf7a","JERC_005.basePlot.bet","D03","JERC","JERC_005","W","distributed","evergreenForest",31.195967,-84.451227,"WGS84",20.2,45.6,0.4,"2015-07-16","2015-07-30","JERC.2015.31",14,"Y","JERC_005.W.20150730","Ok","Ok","Ok","NEON.DOC.014050vG","7ZsG8s1cQijU1p7CX6b9FNrZuRO+/rX6",
"05e76f53-b709-455c-aa30-bcdc34fa03cf","JERC_006.basePlot.bet","D03","JERC","JERC_006","W","distributed","mixedForest",31.187672,-84.455851,"WGS84",20.1,41.9,0.3,"2015-07-16","2015-07-30","JERC.2015.31",14,"Y","JERC_006.W.20150730","Ok","Ok","Ok","NEON.DOC.014050vG","7ZsG8s1cQijU1p7CX6b9FNrZuRO+/rX6",
"2e0e49a3-f772-48cd-b915-1ba7ed9d0e8b","JERC_002.basePlot.bet","D03","JERC","JERC_002","W","distributed","evergreenForest",31.194506,-84.460063,"WGS84",20.3,48.3,0.3,"2015-07-16","2015-07-30","JERC.2015.31",14,"Y","JERC_002.W.20150730","Ok","Ok","Ok","NEON.DOC.014050vG","7ZsG8s1cQijU1p7CX6b9FNrZuRO+/rX6",
"cd80079c-9ece-40e8-93db-b89b182350aa","JERC_030.basePlot.bet","D03","JERC","JERC_030","W","distributed","mixedForest",31.185096,-84.476067,"WGS84",20.1,36.3,0.2,"2015-07-16","2015-07-30","JERC.2015.31",14,"Y","JERC_030.W.20150730","Ok","Ok","Ok","NEON.DOC.014050vG","7ZsG8s1cQijU1p7CX6b9FNrZuRO+/rX6",
"1d813a6b-afba-440d-83dc-a6ee69c53b60","JERC_001.basePlot.bet","D03","JERC","JERC_001","W","distributed","deciduousForest",31.194318,-84.477078,"WGS84",20.3,37.9,0.3,"2015-07-16","2015-07-30","JERC.2015.31",14,"Y","JERC_001.W.20150730","Ok","Ok","Ok","NEON.DOC.014050vG","7ZsG8s1cQijU1p7CX6b9FNrZuRO+/rX6",
"e755391f-eb36-47b1-88d5-c9ef04564931","JERC_010.basePlot.bet","D03","JERC","JERC_010","W","distributed","deciduousForest",31.208222,-84.469495,"WGS84",20.3,42.9,0.4,"2015-07-16","2015-07-30","JERC.2015.31",14,"Y","JERC_010.W.20150730","Ok","Ok","Ok","NEON.DOC.014050vG","7ZsG8s1cQijU1p7CX6b9FNrZuRO+/rX6",
"764b0ca0-e67d-479f-a291-b6ff2571647f","JERC_007.basePlot.bet","D03","JERC","JERC_007","W","distributed","evergreenForest",31.198631,-84.476311,"WGS84",20.1,36.8,0.2,"2015-07-16","2015-07-30","JERC.2015.31",14,"Y","JERC_007.W.20150730","Ok","Ok","Ok","NEON.DOC.014050vG","7ZsG8s1cQijU1p7CX6b9FNrZuRO+/rX6",
"451ede81-0aa6-4997-b5ab-3c82a3e8b859","JERC_005.basePlot.bet","D03","JERC","JERC_005","E","distributed","evergreenForest",31.195967,-84.451227,"WGS84",20.2,45.6,0.4,"2015-07-16","2015-07-30","JERC.2015.31",14,"Y","JERC_005.E.20150730","Ok","Ok","Ok","NEON.DOC.014050vG","7ZsG8s1cQijU1p7CX6b9FNrZuRO+/rX6",
