uid,namedLocation,domainID,siteID,plotID,setDate,collectDate,identifiedDate,individualID,taxonID,kingdom,phylum,class,order,family,subfamily,tribe,genus,subgenus,specificEpithet,infraspecificEpithet,scientificName,scientificNameAuthorship,taxonRank,identificationQualifier,sex,morphospeciesID,identificationReferences,identifiedBy,laboratoryName,identificationRemarks,sampleCondition,dnaBarcoded,geneticSampleID,remarks
"174e2647-21c2-45d4-878d-2cb04e13e149","CPER_005.basePlot.bet","D10","CPER","CPER_005","2013-06-19","2013-07-03","2014-07-02","NEON.BET.D10.000509","AMAQUE","Animalia","Arthropoda","Insecta","Coleoptera","Carabidae","Harpalinae","Zabrini","Amara","Paracelia","quenseli","quenseli","Amara quenseli quenseli","Schonherr","subspecies",,"M",,"Other","Robert L. Davidson","Carnegie Museum of Invertebrate Zoology",,"No known compromise","N",,
"0a62a5db-9332-4c8f-8cd4-095ab9ea09a3","CPER_005.basePlot.bet","D10","CPER","CPER_005","2013-06-19","2013-07-03","2014-07-02","NEON.BET.D10.000507","AMAQUE","Animalia","Arthropoda","Insecta","Coleoptera","Carabidae","Harpalinae","Zabrini","Amara","Paracelia","quenseli","quenseli","Amara quenseli quenseli","Schonherr","subspecies",,"F",,"Other","Robert L. Davidson","Carnegie Museum of Invertebrate Zoology",,"No known compromise","N",,"Returned"
"871628ec-eb58-4113-b288-3bc78c18e596","CPER_005.basePlot.bet","D10","CPER","CPER_005","2013-06-19","2013-07-03","2014-07-02","NEON.BET.D10.000457","SELPLA","Animalia","Arthropoda","Insecta","Coleoptera","Carabidae","Harpalinae","Harpalini","Selenophorus","Selenophorus","planipennis",,"Selenophorus planipennis","LeConte","species",,"M",,"Other","Robert L. Davidson","Carnegie Museum of Invertebrate Zoology",,"No known compromise","N",,
"525f2f3f-a9d3-4bf6-93b6-3473055cbbff","CPER_002.basePlot.bet","D10","CPER","CPER_002","2013-06-19","2013-07-03","2014-06-26","NEON.BET.D10.000513","HARDES","Animalia","Arthropoda","Insecta","Coleoptera","Carabidae","Harpalinae","Harpalini","Harpalus","Opadius","desertus",,"Harpalus desertus","LeConte","species",,"M",,"Other","Robert L. Davidson","Carnegie Museum of Invertebrate Zoology",,"No known compromise","N",,
"81d2062f-357f-43c8-bb52-daee0aeb0e9f","CPER_002.basePlot.bet","D10","CPER","CPER_002","2013-06-19","2013-07-03","2014-06-26","NEON.BET.D10.000516","HARDES","Animalia","Arthropoda","Insecta","Coleoptera","Carabidae","Harpalinae","Harpalini","Harpalus","Opadius","desertus",,"Harpalus desertus","LeConte","species",,"F",,"Other","Robert L. Davidson","Carnegie Museum of Invertebrate Zoology",,"No known compromise","N",,
"87ae45bf-9750-427d-92d3-3198eb11ec8c","CPER_002.basePlot.bet","D10","CPER","CPER_002","2013-06-19","2013-07-03","2014-06-26","NEON.BET.D10.000517","HARDES","Animalia","Arthropoda","Insecta","Coleoptera","Carabidae","Harpalinae","Harpalini","Harpalus","Opadius","desertus",,"Harpalus desertus","LeConte","species",,"M",,"Other","Robert L. Davidson","Carnegie Museum of Invertebrate Zoology",,"No known compromise","N",,
"fd18da4c-b013-4399-af1d-c89487f321ab","CPER_002.basePlot.bet","D10","CPER","CPER_002","2013-06-19","2013-07-03","2014-06-25","NEON.BET.D10.000518","HARDES","Animalia","Arthropoda","Insecta","Coleoptera","Carabidae","Harpalinae","Harpalini","Harpalus","Opadius","desertus",,"Harpalus desertus","LeConte","species",,"M",,"Other","Robert L. Davidson","Carnegie Museum of Invertebrate Zoology",,"No known compromise","N",,
"cf396320-33a1-41db-b290-60c40378cea9","CPER_002.basePlot.bet","D10","CPER","CPER_002","2013-06-19","2013-07-03","2014-06-25","NEON.BET.D10.000524","HARDES","Animalia","Arthropoda","Insecta","Coleoptera","Carabidae","Harpalinae","Harpalini","Harpalus","Opadius","desertus",,"Harpalus desertus","LeConte","species",,"M",,"Other","Robert L. Davidson","Carnegie Museum of Invertebrate Zoology",,"other (described in remarks)","N",,"MISSING HALF ELYTRON (lost)"
"7067e8f1-b2c7-4288-9bc9-770079eb615e","CPER_002.basePlot.bet","D10","CPER","CPER_002","2013-06-19","2013-07-03","2014-06-26","NEON.BET.D10.000512","HARDES","Animalia","Arthropoda","Insecta","Coleoptera","Carabidae","Harpalinae","Harpalini","Harpalus","Opadius","desertus",,"Harpalus desertus","LeConte","species",,"M",,"Other","Robert L. Davidson","Carnegie Museum of Invertebrate Zoology",,"No known compromise","N",,
"ce6dcfdf-61da-4687-9b7f-d6efacb7c84a","CPER_002.basePlot.bet","D10","CPER","CPER_002","2013-06-19","2013-07-03","2014-06-26","NEON.BET.D10.000515","HARDES","Animalia","Arthropoda","Insecta","Coleoptera","Carabidae","Harpalinae","Harpalini","Harpalus","Opadius","desertus",,"Harpalus desertus","LeConte","species",,"F",,"Other","Robert L. Davidson","Carnegie Museum of Invertebrate Zoology",,"No known compromise","N",,
"bc0123e7-ae20-4dad-9450-c9b32ea6e7be","CPER_002.basePlot.bet","D10","CPER","CPER_002","2013-06-19","2013-07-03","2014-06-25","NEON.BET.D10.000514","HARDES","Animalia","Arthropoda","Insecta","Coleoptera","Carabidae","Harpalinae","Harpalini","Harpalus","Opadius","desertus",,"Harpalus desertus","LeConte","species",,"F",,"Other","Robert L. Davidson","Carnegie Museum of Invertebrate Zoology",,"No known compromise","N",,
"fc7a152a-902d-4d88-847d-84eac63a61ef","CPER_002.basePlot.bet","D10","CPER","CPER_002","2013-06-19","2013-07-03","2014-07-02","NEON.BET.D10.000525","HARDES","Animalia","Arthropoda","Insecta","Coleoptera","Carabidae","Harpalinae","Harpalini","Harpalus","Opadius","desertus",,"Harpalus desertus","LeConte","species",,"F",,"Other","Robert L. Davidson","Carnegie Museum of Invertebrate Zoology",,"No known compromise","N",,
"6840268a-3e6b-413f-8488-b7a77d2055ba","CPER_002.basePlot.bet","D10","CPER","CPER_002","2013-06-19","2013-07-03","2014-06-26","NEON.BET.D10.000511","HARDES","Animalia","Arthropoda","Insecta","Coleoptera","Carabidae","Harpalinae","Harpalini","Harpalus","Opadius","desertus",,"Harpalus desertus","LeConte","species",,"F",,"Other","Robert L. Davidson","Carnegie Museum of Invertebrate Zoology",,"No known compromise","N",,
"f983143a-b5b3-41ed-bd70-6f278d6d9ec6","CPER_007.basePlot.bet","D10","CPER","CPER_007","2013-06-19","2013-07-03","2014-06-26","NEON.BET.D10.000519","HARDES","Animalia","Arthropoda","Insecta","Coleoptera","Carabidae","Harpalinae","Harpalini","Harpalus","Opadius","desertus",,"Harpalus desertus","LeConte","species",,"F",,"Other","Robert L. Davidson","Carnegie Museum of Invertebrate Zoology",,"No known compromise","N",,
"0cc56520-2503-4bff-8cb0-be8a66ec2378","CPER_007.basePlot.bet","D10","CPER","CPER_007","2013-06-19","2013-07-03","2014-06-26","NEON.BET.D10.000520","HARDES","Animalia","Arthropoda","Insecta","Coleoptera","Carabidae","Harpalinae","Harpalini","Harpalus","Opadius","desertus",,"Harpalus desertus","LeConte","species",,"F",,"Other","Robert L. Davidson","Carnegie Museum of Invertebrate Zoology",,"No known compromise","N",,
"9407bc2f-051d-45c3-970a-f3fc288f93e1","CPER_009.basePlot.bet","D10","CPER","CPER_009","2013-06-19","2013-07-03","2014-06-26","NEON.BET.D10.000521","HARDES","Animalia","Arthropoda","Insecta","Coleoptera","Carabidae","Harpalinae","Harpalini","Harpalus","Opadius","desertus",,"Harpalus desertus","LeConte","species",,"M",,"Other","Robert L. Davidson","Carnegie Museum of Invertebrate Zoology",,"No known compromise","N",,
"f1b12369-4df9-4ade-8285-d65535f78862","CPER_004.basePlot.bet","D10","CPER","CPER_004","2013-06-19","2013-07-03","2014-07-02","NEON.BET.D10.000528","AGOCON","Animalia","Arthropoda","Insecta","Coleoptera","Carabidae","Harpalinae","Harpalini","Agonoleptus",,"conjunctus",,"Agonoleptus conjunctus","Say","species",,"M",,"Other","Robert L. Davidson","Carnegie Museum of Invertebrate Zoology",,"No known compromise","N",,"Returned"
"082f6290-2707-40b5-9a50-72b7d7355b9b","CPER_002.basePlot.bet","D10","CPER","CPER_002","2013-06-19","2013-07-03","2014-07-02","NEON.BET.D10.000075","AMACON3","Animalia","Arthropoda","Insecta","Coleoptera","Carabidae","Harpalinae","Zabrini","Amara","Amara","convexa",,"Amara convexa","LeConte","species",,"F",,"Other","Robert L. Davidson","Carnegie Museum of Invertebrate Zoology",,"No known compromise","N",,"Returned"
"90c18bc9-81f7-497f-a86e-2bc8bedae6db","CPER_002.basePlot.bet","D10","CPER","CPER_002","2013-06-19","2013-07-03","2014-06-26","NEON.BET.D10.000072","AMACON3","Animalia","Arthropoda","Insecta","Coleoptera","Carabidae","Harpalinae","Zabrini","Amara","Amara","convexa",,"Amara convexa","LeConte","species",,"F",,"Other","Robert L. Davidson","Carnegie Museum of Invertebrate Zoology",,"other (described in remarks)","N",,"MISSING ELYTRON (lost)"
"bb56b59d-92f7-4dcb-8282-285f40673085","CPER_002.basePlot.bet","D10","CPER","CPER_002","2013-06-19","2013-07-03","2014-07-02","NEON.BET.D10.000073","AMACON3","Animalia","Arthropoda","Insecta","Coleoptera","Carabidae","Harpalinae","Zabrini","Amara","Amara","convexa",,"Amara convexa","LeConte","species",,"F",,"Other","Robert L. Davidson","Carnegie Museum of Invertebrate Zoology",,"No known compromise","N",,
"f3f0d900-0ff7-477a-a850-645b8f1cd4ac","CPER_009.basePlot.bet","D10","CPER","CPER_009","2013-06-19","2013-07-03","2014-06-26","NEON.BET.D10.000084","AMACON3","Animalia","Arthropoda","Insecta","Coleoptera","Carabidae","Harpalinae","Zabrini","Amara","Amara","convexa",,"Amara convexa","LeConte","species",,"F",,"Other","Robert L. Davidson","Carnegie Museum of Invertebrate Zoology",,"No known compromise","N",,
"705d9fb3-9c7a-4428-9ca4-7c22ffb9e816","CPER_009.basePlot.bet","D10","CPER","CPER_009","2013-06-19","2013-07-03","2014-07-02","NEON.BET.D10.000085","AMACON3","Animalia","Arthropoda","Insecta","Coleoptera","Carabidae","Harpalinae","Zabrini","Amara","Amara","convexa",,"Amara convexa","LeConte","species",,"F",,"Other","Robert L. Davidson","Carnegie Museum of Invertebrate Zoology",,"No known compromise","N",,
"cfc6d395-a5b6-4664-8917-31fabfa3dc83","CPER_009.basePlot.bet","D10","CPER","CPER_009","2013-06-19","2013-07-03","2014-07-02","NEON.BET.D10.000086","AMACON3","Animalia","Arthropoda","Insecta","Coleoptera","Carabidae","Harpalinae","Zabrini","Amara","Amara","convexa",,"Amara convexa","LeConte","species",,"F",,"Other","Robert L. Davidson","Carnegie Museum of Invertebrate Zoology",,"No known compromise","N",,
"60f48c05-6025-4859-81ed-4a7d03fe8b8b","CPER_009.basePlot.bet","D10","CPER","CPER_009","2013-06-19","2013-07-03","2014-06-26","NEON.BET.D10.000083","AMACON3","Animalia","Arthropoda","Insecta","Coleoptera","Carabidae","Harpalinae","Zabrini","Amara","Amara","convexa",,"Amara convexa","LeConte","species",,"F",,"Other","Robert L. Davidson","Carnegie Museum of Invertebrate Zoology",,"No known compromise","N",,
"97bb6471-d4cc-409e-b859-36011c1e1dd5","CPER_006.basePlot.bet","D10","CPER","CPER_006","2013-06-19","2013-07-03","2014-06-26","NEON.BET.D10.000080","AMACON3","Animalia","Arthropoda","Insecta","Coleoptera","Carabidae","Harpalinae","Zabrini","Amara","Amara","convexa",,"Amara convexa","LeConte","species",,"F",,"Other","Robert L. Davidson","Carnegie Museum of Invertebrate Zoology",,"No known compromise","N",,
"74079b62-0188-42e7-b686-2c4d53266b6e","CPER_006.basePlot.bet","D10","CPER","CPER_006","2013-06-19","2013-07-03","2014-06-26","NEON.BET.D10.000078","AMACON3","Animalia","Arthropoda","Insecta","Coleoptera","Carabidae","Harpalinae","Zabrini","Amara","Amara","convexa",,"Amara convexa","LeConte","species",,"M",,"Other","Robert L. Davidson","Carnegie Museum of Invertebrate Zoology",,"No known compromise","N",,
"d5365813-afb4-4967-9899-53718ffe4931","CPER_006.basePlot.bet","D10","CPER","CPER_006","2013-06-19","2013-07-03","2014-07-02","NEON.BET.D10.000077","AMACON3","Animalia","Arthropoda","Insecta","Coleoptera","Carabidae","Harpalinae","Zabrini","Amara","Amara","convexa",,"Amara convexa","LeConte","species",,"M",,"Other","Robert L. Davidson","Carnegie Museum of Invertebrate Zoology",,"No known compromise","N",,
"5dfe337d-1885-46dd-91d1-62bcfefca378","CPER_006.basePlot.bet","D10","CPER","CPER_006","2013-06-19","2013-07-03","2014-06-26","NEON.BET.D10.000076","AMACON3","Animalia","Arthropoda","Insecta","Coleoptera","Carabidae","Harpalinae","Zabrini","Amara","Amara","convexa",,"Amara convexa","LeConte","species",,"M",,"Other","Robert L. Davidson","Carnegie Museum of Invertebrate Zoology",,"No known compromise","N",,
"930df9e6-1d3b-423a-8818-4b62b3b81ed0","CPER_006.basePlot.bet","D10","CPER","CPER_006","2013-06-19","2013-07-03","2014-06-26","NEON.BET.D10.000079","AMACON3","Animalia","Arthropoda","Insecta","Coleoptera","Carabidae","Harpalinae","Zabrini","Amara","Amara","convexa",,"Amara convexa","LeConte","species",,"F",,"Other","Robert L. Davidson","Carnegie Museum of Invertebrate Zoology",,"No known compromise","N",,"Returned"
"4199e26c-e3b9-44b2-9678-758ad9524b92","CPER_004.basePlot.bet","D10","CPER","CPER_004","2013-06-19","2013-07-03","2014-07-02","NEON.BET.D10.000082","AMACON3","Animalia","Arthropoda","Insecta","Coleoptera","Carabidae","Harpalinae","Zabrini","Amara","Amara","convexa",,"Amara convexa","LeConte","species",,"F",,"Other","Robert L. Davidson","Carnegie Museum of Invertebrate Zoology",,"No known compromise","N",,
"33117ec3-2841-48c5-8f15-dbf30b73c7cd","CPER_006.basePlot.bet","D10","CPER","CPER_006","2013-06-19","2013-07-03","2014-07-02","NEON.BET.D10.000081","AMACON3","Animalia","Arthropoda","Insecta","Coleoptera","Carabidae","Harpalinae","Zabrini","Amara","Amara","convexa",,"Amara convexa","LeConte","species",,"M",,"Other","Robert L. Davidson","Carnegie Museum of Invertebrate Zoology",,"No known compromise","N",,
"20d56a18-905e-46ef-943b-a6d7f74f071c","CPER_003.basePlot.bet","D10","CPER","CPER_003","2013-06-19","2013-07-03","2014-07-02","NEON.BET.D10.000074","AMACON3","Animalia","Arthropoda","Insecta","Coleoptera","Carabidae","Harpalinae","Zabrini","Amara","Amara","convexa",,"Amara convexa","LeConte","species",,"F",,"Other","Robert L. Davidson","Carnegie Museum of Invertebrate Zoology",,"No known compromise","N",,
"45ce5e37-e830-4c38-b5eb-7694ef66aa9d","CPER_003.basePlot.bet","D10","CPER","CPER_003","2013-06-19","2013-07-03","2014-06-25","NEON.BET.D10.000098","EURGRO","Animalia","Arthropoda","Insecta","Coleoptera","Carabidae","Harpalinae","Harpalini","Euryderus",,"grossus",,"Euryderus grossus","Say","species",,"M",,"Other","Robert L. Davidson","Carnegie Museum of Invertebrate Zoology",,"No known compromise","N",,
"27b6c54d-d3a8-42f4-a1f7-f58cb95d4ac5","CPER_003.basePlot.bet","D10","CPER","CPER_003","2013-06-19","2013-07-03","2014-06-26","NEON.BET.D10.000029","EURGRO","Animalia","Arthropoda","Insecta","Coleoptera","Carabidae","Harpalinae","Harpalini","Euryderus",,"grossus",,"Euryderus grossus","Say","species",,"F",,"Other","Robert L. Davidson","Carnegie Museum of Invertebrate Zoology",,"No known compromise","N",,
"b75efdac-b838-4426-aec2-8cfc75a71345","CPER_003.basePlot.bet","D10","CPER","CPER_003","2013-06-19","2013-07-03","2014-06-26","NEON.BET.D10.000128","EURGRO","Animalia","Arthropoda","Insecta","Coleoptera","Carabidae","Harpalinae","Harpalini","Euryderus",,"grossus",,"Euryderus grossus","Say","species",,"F",,"Other","Robert L. Davidson","Carnegie Museum of Invertebrate Zoology",,"No known compromise","N",,
"5e4e83e7-a693-4c4d-8473-c27bed51a90d","CPER_003.basePlot.bet","D10","CPER","CPER_003","2013-06-19","2013-07-03","2014-06-26","NEON.BET.D10.000099","EURGRO","Animalia","Arthropoda","Insecta","Coleoptera","Carabidae","Harpalinae","Harpalini","Euryderus",,"grossus",,"Euryderus grossus","Say","species",,"F",,"Other","Robert L. Davidson","Carnegie Museum of Invertebrate Zoology",,"No known compromise","N",,
"a535b617-2035-40f3-bef3-26760b604aae","CPER_003.basePlot.bet","D10","CPER","CPER_003","2013-06-19","2013-07-03","2014-06-25","NEON.BET.D10.000038","EURGRO","Animalia","Arthropoda","Insecta","Coleoptera","Carabidae","Harpalinae","Harpalini","Euryderus",,"grossus",,"Euryderus grossus","Say","species",,"M",,"Other","Robert L. Davidson","Carnegie Museum of Invertebrate Zoology",,"No known compromise","N",,
"3a70b14a-fa15-4310-91b8-1cad2d696c36","CPER_003.basePlot.bet","D10","CPER","CPER_003","2013-06-19","2013-07-03","2014-06-26","NEON.BET.D10.000114","EURGRO","Animalia","Arthropoda","Insecta","Coleoptera","Carabidae","Harpalinae","Harpalini","Euryderus",,"grossus",,"Euryderus grossus","Say","species",,"M",,"Other","Robert L. Davidson","Carnegie Museum of Invertebrate Zoology",,"No known compromise","N",,
"0bba8e23-889b-40cf-996a-7c83bf8fae64","CPER_003.basePlot.bet","D10","CPER","CPER_003","2013-06-19","2013-07-03","2014-06-26","NEON.BET.D10.000020","EURGRO","Animalia","Arthropoda","Insecta","Coleoptera","Carabidae","Harpalinae","Harpalini","Euryderus",,"grossus",,"Euryderus grossus","Say","species",,"M",,"Other","Robert L. Davidson","Carnegie Museum of Invertebrate Zoology",,"No known compromise","N",,
"112354a1-db6a-4a87-8c4b-5ba6823dc23f","CPER_003.basePlot.bet","D10","CPER","CPER_003","2013-06-19","2013-07-03","2014-06-26","NEON.BET.D10.000024","EURGRO","Animalia","Arthropoda","Insecta","Coleoptera","Carabidae","Harpalinae","Harpalini","Euryderus",,"grossus",,"Euryderus grossus","Say","species",,"M",,"Other","Robert L. Davidson","Carnegie Museum of Invertebrate Zoology",,"No known compromise","N",,
"be126e53-c677-48e3-b102-055c1ae47d5f","CPER_003.basePlot.bet","D10","CPER","CPER_003","2013-06-19","2013-07-03","2014-06-25","NEON.BET.D10.000032","EURGRO","Animalia","Arthropoda","Insecta","Coleoptera","Carabidae","Harpalinae","Harpalini","Euryderus",,"grossus",,"Euryderus grossus","Say","species",,"F",,"Other","Robert L. Davidson","Carnegie Museum of Invertebrate Zoology",,"No known compromise","N",,"Returned"
"10de75e2-a223-448c-bc90-65398a02dec8","CPER_003.basePlot.bet","D10","CPER","CPER_003","2013-06-19","2013-07-03","2014-06-26","NEON.BET.D10.000095","EURGRO","Animalia","Arthropoda","Insecta","Coleoptera","Carabidae","Harpalinae","Harpalini","Euryderus",,"grossus",,"Euryderus grossus","Say","species",,"M",,"Other","Robert L. Davidson","Carnegie Museum of Invertebrate Zoology",,"No known compromise","N",,
"f1f6181b-1323-4c94-9b53-ec0920e01f42","CPER_003.basePlot.bet","D10","CPER","CPER_003","2013-06-19","2013-07-03","2014-06-25","NEON.BET.D10.000027","EURGRO","Animalia","Arthropoda","Insecta","Coleoptera","Carabidae","Harpalinae","Harpalini","Euryderus",,"grossus",,"Euryderus grossus","Say","species",,"F",,"Other","Robert L. Davidson","Carnegie Museum of Invertebrate Zoology",,"No known compromise","N",,
"9b2bf149-ee96-499f-9287-4942ebe6a1f7","CPER_003.basePlot.bet","D10","CPER","CPER_003","2013-06-19","2013-07-03","2014-06-25","NEON.BET.D10.000104","EURGRO","Animalia","Arthropoda","Insecta","Coleoptera","Carabidae","Harpalinae","Harpalini","Euryderus",,"grossus",,"Euryderus grossus","Say","species",,"M",,"Other","Robert L. Davidson","Carnegie Museum of Invertebrate Zoology",,"No known compromise","N",,"Returned"
"5aca7aee-2ed9-441b-a241-2243c0469201","CPER_005.basePlot.bet","D10","CPER","CPER_005","2013-06-19","2013-07-03","2014-06-25","NEON.BET.D10.000058","PASELO","Animalia","Arthropoda","Insecta","Coleoptera","Carabidae","Scaritinae","Pasimachini","Pasimachus","Pasimachus","elongatus",,"Pasimachus elongatus","LeConte","species",,"F",,"Other","Robert L. Davidson","Carnegie Museum of Invertebrate Zoology",,"No known compromise","N",,
"6afe17ee-67c7-4278-bf2a-ccb9d945641f","CPER_003.basePlot.bet","D10","CPER","CPER_003","2013-06-19","2013-07-03","2014-06-25","NEON.BET.D10.000171","EURGRO","Animalia","Arthropoda","Insecta","Coleoptera","Carabidae","Harpalinae","Harpalini","Euryderus",,"grossus",,"Euryderus grossus","Say","species",,"F",,"Other","Robert L. Davidson","Carnegie Museum of Invertebrate Zoology",,"No known compromise","N",,
"ac8898d1-cc63-4438-a4e2-1dce35cf2613","CPER_003.basePlot.bet","D10","CPER","CPER_003","2013-06-19","2013-07-03","2014-06-25","NEON.BET.D10.000173","EURGRO","Animalia","Arthropoda","Insecta","Coleoptera","Carabidae","Harpalinae","Harpalini","Euryderus",,"grossus",,"Euryderus grossus","Say","species",,"F",,"Other","Robert L. Davidson","Carnegie Museum of Invertebrate Zoology",,"No known compromise","N",,
"29624586-c7e9-4357-8820-44c91a1ba6b3","CPER_003.basePlot.bet","D10","CPER","CPER_003","2013-06-19","2013-07-03","2014-06-25","NEON.BET.D10.000182","EURGRO","Animalia","Arthropoda","Insecta","Coleoptera","Carabidae","Harpalinae","Harpalini","Euryderus",,"grossus",,"Euryderus grossus","Say","species",,"M",,"Other","Robert L. Davidson","Carnegie Museum of Invertebrate Zoology",,"No known compromise","N",,
"5d4edfee-797e-44d0-ad09-46c9ae1d5d74","CPER_003.basePlot.bet","D10","CPER","CPER_003","2013-06-19","2013-07-03","2014-06-26","NEON.BET.D10.000175","EURGRO","Animalia","Arthropoda","Insecta","Coleoptera","Carabidae","Harpalinae","Harpalini","Euryderus",,"grossus",,"Euryderus grossus","Say","species",,"F",,"Other","Robert L. Davidson","Carnegie Museum of Invertebrate Zoology",,"No known compromise","N",,
"163f02b6-c1bc-46bf-8b49-70b4b92fd78c","CPER_003.basePlot.bet","D10","CPER","CPER_003","2013-06-19","2013-07-03","2014-06-26","NEON.BET.D10.000188","EURGRO","Animalia","Arthropoda","Insecta","Coleoptera","Carabidae","Harpalinae","Harpalini","Euryderus",,"grossus",,"Euryderus grossus","Say","species",,"F",,"Other","Robert L. Davidson","Carnegie Museum of Invertebrate Zoology",,"No known compromise","N",,
"f98564a0-9edc-407f-93b9-034366bb9333","CPER_004.basePlot.bet","D10","CPER","CPER_004","2013-06-19","2013-07-03","2014-06-25","NEON.BET.D10.000346","EURGRO","Animalia","Arthropoda","Insecta","Coleoptera","Carabidae","Harpalinae","Harpalini","Euryderus",,"grossus",,"Euryderus grossus","Say","species",,"F",,"Other","Robert L. Davidson","Carnegie Museum of Invertebrate Zoology",,"No known compromise","N",,"Returned"
"8c4740e3-4407-4e69-ac90-32f43f022a3c","CPER_004.basePlot.bet","D10","CPER","CPER_004","2013-06-19","2013-07-03","2014-06-26","NEON.BET.D10.000337","EURGRO","Animalia","Arthropoda","Insecta","Coleoptera","Carabidae","Harpalinae","Harpalini","Euryderus",,"grossus",,"Euryderus grossus","Say","species",,"M",,"Other","Robert L. Davidson","Carnegie Museum of Invertebrate Zoology",,"No known compromise","N",,
"6fa1d831-3f86-4ad4-942a-7ce0292669df","CPER_004.basePlot.bet","D10","CPER","CPER_004","2013-06-19","2013-07-03","2014-06-26","NEON.BET.D10.000340","EURGRO","Animalia","Arthropoda","Insecta","Coleoptera","Carabidae","Harpalinae","Harpalini","Euryderus",,"grossus",,"Euryderus grossus","Say","species",,"M",,"Other","Robert L. Davidson","Carnegie Museum of Invertebrate Zoology",,"No known compromise","N",,
"cafbf088-6908-4b4a-8636-2fb4f2a67d83","CPER_006.basePlot.bet","D10","CPER","CPER_006","2013-06-19","2013-07-03","2014-07-02","NEON.BET.D10.000355","PIOSET","Animalia","Arthropoda","Insecta","Coleoptera","Carabidae","Harpalinae","Harpalini","Piosoma",,"setosum",,"Piosoma setosum","LeConte","species",,"F",,"Other","Robert L. Davidson","Carnegie Museum of Invertebrate Zoology",,"No known compromise","N",,
"c6a1e5f7-4cbe-42be-ad3b-a2d56afb0223","CPER_006.basePlot.bet","D10","CPER","CPER_006","2013-06-19","2013-07-03","2014-07-02","NEON.BET.D10.000358","PIOSET","Animalia","Arthropoda","Insecta","Coleoptera","Carabidae","Harpalinae","Harpalini","Piosoma",,"setosum",,"Piosoma setosum","LeConte","species",,"F",,"Other","Robert L. Davidson","Carnegie Museum of Invertebrate Zoology",,"No known compromise","N",,"Returned"
"e8a95977-0e2d-4eb1-bd3d-d1a9880798f0","CPER_006.basePlot.bet","D10","CPER","CPER_006","2013-06-19","2013-07-03","2014-07-02","NEON.BET.D10.000356","PIOSET","Animalia","Arthropoda","Insecta","Coleoptera","Carabidae","Harpalinae","Harpalini","Piosoma",,"setosum",,"Piosoma setosum","LeConte","species",,"M",,"Other","Robert L. Davidson","Carnegie Museum of Invertebrate Zoology",,"No known compromise","N",,
"8aaf0da3-160b-4b37-bfe0-835a59d2a471","CPER_006.basePlot.bet","D10","CPER","CPER_006","2013-06-19","2013-07-03","2014-06-26","NEON.BET.D10.000354","PIOSET","Animalia","Arthropoda","Insecta","Coleoptera","Carabidae","Harpalinae","Harpalini","Piosoma",,"setosum",,"Piosoma setosum","LeConte","species",,"M",,"Other","Robert L. Davidson","Carnegie Museum of Invertebrate Zoology",,"No known compromise","N",,"Returned"
"9e68a06c-4c32-4e48-85b1-87d987b1eb76","CPER_006.basePlot.bet","D10","CPER","CPER_006","2013-06-19","2013-07-03","2014-07-02","NEON.BET.D10.000357","PIOSET","Animalia","Arthropoda","Insecta","Coleoptera","Carabidae","Harpalinae","Harpalini","Piosoma",,"setosum",,"Piosoma setosum","LeConte","species",,"M",,"Other","Robert L. Davidson","Carnegie Museum of Invertebrate Zoology",,"No known compromise","N",,"Returned"
"bfc70ac1-e9d8-433a-9b4a-1e784fc94fbf","CPER_002.basePlot.bet","D10","CPER","CPER_002","2013-06-19","2013-07-03","2014-07-02","NEON.BET.D10.000359","PIOSET","Animalia","Arthropoda","Insecta","Coleoptera","Carabidae","Harpalinae","Harpalini","Piosoma",,"setosum",,"Piosoma setosum","LeConte","species",,"F",,"Other","Robert L. Davidson","Carnegie Museum of Invertebrate Zoology",,"No known compromise","N",,
"341792aa-0dd6-45fc-8ebf-d6aa5e138deb","CPER_009.basePlot.bet","D10","CPER","CPER_009","2013-06-19","2013-07-03","2014-06-25","NEON.BET.D10.000413","CRADUB","Animalia","Arthropoda","Insecta","Coleoptera","Carabidae","Harpalinae","Harpalini","Cratacanthus",,"dubius",,"Cratacanthus dubius","Palisot de Beauvois","species",,"F",,"Other","Robert L. Davidson","Carnegie Museum of Invertebrate Zoology",,"No known compromise","N",,
"14f8738e-8509-42b5-a3cb-cae4e56706b8","CPER_002.basePlot.bet","D10","CPER","CPER_002","2013-06-19","2013-07-03","2014-06-25","NEON.BET.D10.000510","HARDES","Animalia","Arthropoda","Insecta","Coleoptera","Carabidae","Harpalinae","Harpalini","Harpalus","Opadius","desertus",,"Harpalus desertus","LeConte","species",,"F",,"Other","Robert L. Davidson","Carnegie Museum of Invertebrate Zoology",,"No known compromise","N",,
"6b8b854a-a732-47fa-86a9-7d0a81363a28","CPER_006.basePlot.bet","D10","CPER","CPER_006","2013-06-19","2013-07-03","2014-07-02","NEON.BET.D10.000455","HARDES","Animalia","Arthropoda","Insecta","Coleoptera","Carabidae","Harpalinae","Harpalini","Harpalus","Opadius","desertus",,"Harpalus desertus","LeConte","species",,"M",,"Other","Robert L. Davidson","Carnegie Museum of Invertebrate Zoology",,"No known compromise","N",,
"9d7d3bbf-6497-49ac-934c-97b35a901aa4","CPER_009.basePlot.bet","D10","CPER","CPER_009","2013-06-19","2013-07-03","2014-07-02","NEON.BET.D10.000456","HARSP7","Animalia","Arthropoda","Insecta","Coleoptera","Carabidae","Harpalinae","Harpalini","Harpalus",,"sp.",,"Harpalus sp.","Latreille","genus","cf. species","F",,"Other","Robert L. Davidson","Carnegie Museum of Invertebrate Zoology","associated with confirmed males","No known compromise","N",,
"1523b8f6-a02e-4fec-9114-03189144b9ed","CPER_007.basePlot.bet","D10","CPER","CPER_007","2013-06-19","2013-07-03","2014-07-07","NEON.BET.D10.000449","HARELL","Animalia","Arthropoda","Insecta","Coleoptera","Carabidae","Harpalinae","Harpalini","Harpalus","Harpalus","ellipsis",,"Harpalus ellipsis","LeConte","species",,"M",,"Other","Robert L. Davidson","Carnegie Museum of Invertebrate Zoology","male genitalia examined","No known compromise","N",,
"91375186-2f92-45fc-9da9-02f251edc93f","CPER_006.basePlot.bet","D10","CPER","CPER_006","2013-06-19","2013-07-03","2014-07-02","NEON.BET.D10.000454","HARELL","Animalia","Arthropoda","Insecta","Coleoptera","Carabidae","Harpalinae","Harpalini","Harpalus","Harpalus","ellipsis",,"Harpalus ellipsis","LeConte","species",,"M",,"Other","Robert L. Davidson","Carnegie Museum of Invertebrate Zoology","male genitalia examined","No known compromise","N",,"Returned"
"a722001c-0ff8-4b80-9839-dc4a3baafc0c","CPER_004.basePlot.bet","D10","CPER","CPER_004","2013-06-19","2013-07-03","2014-07-07","NEON.BET.D10.000450","DISPAR1","Animalia","Arthropoda","Insecta","Coleoptera","Carabidae","Harpalinae","Harpalini","Discoderus",,"parallelus",,"Discoderus parallelus","Haldeman","species",,"M",,"Other","Robert L. Davidson","Carnegie Museum of Invertebrate Zoology",,"No known compromise","N",,
"430584e4-5b31-43e3-85c4-c25f1985b7c6","CPER_007.basePlot.bet","D10","CPER","CPER_007","2013-06-19","2013-07-03","2014-07-02","NEON.BET.D10.000433","PIOSET","Animalia","Arthropoda","Insecta","Coleoptera","Carabidae","Harpalinae","Harpalini","Piosoma",,"setosum",,"Piosoma setosum","LeConte","species",,"F",,"Other","Robert L. Davidson","Carnegie Museum of Invertebrate Zoology",,"No known compromise","N",,
"660c3841-b202-42e3-ae1e-2b841fdb7790","CPER_005.basePlot.bet","D10","CPER","CPER_005","2013-06-19","2013-07-03","2014-07-02","NEON.BET.D10.000508","AMAQUE","Animalia","Arthropoda","Insecta","Coleoptera","Carabidae","Harpalinae","Zabrini","Amara","Paracelia","quenseli","quenseli","Amara quenseli quenseli","Schonherr","subspecies",,"M",,"Other","Robert L. Davidson","Carnegie Museum of Invertebrate Zoology",,"No known compromise","N",,
"b39efc3d-b716-430d-bc6c-b316e0bd5679","CPER_007.basePlot.bet","D10","CPER","CPER_007","2013-06-19","2013-07-03","2014-07-02","NEON.BET.D10.000453","HARSP7","Animalia","Arthropoda","Insecta","Coleoptera","Carabidae","Harpalinae","Harpalini","Harpalus",,"sp.",,"Harpalus sp.","Latreille","genus","cf. species","F",,"Other","Robert L. Davidson","Carnegie Museum of Invertebrate Zoology","associated with confirmed males","No known compromise","N",,"Returned"
"780e73df-84d2-4c13-b296-fc09ab1cb6f2","CPER_010.basePlot.bet","D10","CPER","CPER_010","2013-07-03","2013-07-17","2014-07-02","NEON.BET.D10.000567","PIOSET","Animalia","Arthropoda","Insecta","Coleoptera","Carabidae","Harpalinae","Harpalini","Piosoma",,"setosum",,"Piosoma setosum","LeConte","species",,"M",,"Other","Robert L. Davidson","Carnegie Museum of Invertebrate Zoology",,"No known compromise","N",,
"97cb1941-3f7b-43ff-b0a9-9257396b8481","CPER_006.basePlot.bet","D10","CPER","CPER_006","2013-07-03","2013-07-17","2014-07-02","NEON.BET.D10.000597","SELPLA","Animalia","Arthropoda","Insecta","Coleoptera","Carabidae","Harpalinae","Harpalini","Selenophorus","Selenophorus","planipennis",,"Selenophorus planipennis","LeConte","species",,"F",,"Other","Robert L. Davidson","Carnegie Museum of Invertebrate Zoology",,"No known compromise","N",,
"0961f6a6-4a69-40e4-a75f-5d310b2bfeda","CPER_006.basePlot.bet","D10","CPER","CPER_006","2013-07-03","2013-07-17","2014-06-26","NEON.BET.D10.000600","HARDES","Animalia","Arthropoda","Insecta","Coleoptera","Carabidae","Harpalinae","Harpalini","Harpalus","Opadius","desertus",,"Harpalus desertus","LeConte","species",,"M",,"Other","Robert L. Davidson","Carnegie Museum of Invertebrate Zoology",,"No known compromise","N",,
"755f8f29-7dd2-4506-8266-f9350a1f77e6","CPER_006.basePlot.bet","D10","CPER","CPER_006","2013-07-03","2013-07-17","2014-07-02","NEON.BET.D10.000599","AMACON3","Animalia","Arthropoda","Insecta","Coleoptera","Carabidae","Harpalinae","Zabrini","Amara","Amara","convexa",,"Amara convexa","LeConte","species",,"M",,"Other","Robert L. Davidson","Carnegie Museum of Invertebrate Zoology",,"No known compromise","N",,
"cf260e6d-84f9-4929-b2a4-4382bdc7cd19","CPER_006.basePlot.bet","D10","CPER","CPER_006","2013-07-03","2013-07-17","2014-06-26","NEON.BET.D10.000602","HARDES","Animalia","Arthropoda","Insecta","Coleoptera","Carabidae","Harpalinae","Harpalini","Harpalus","Opadius","desertus",,"Harpalus desertus","LeConte","species",,"M",,"Other","Robert L. Davidson","Carnegie Museum of Invertebrate Zoology",,"No known compromise","N",,
"7571ba27-78b0-405c-b1fe-3525cad89f06","CPER_006.basePlot.bet","D10","CPER","CPER_006","2013-07-03","2013-07-17","2014-06-25","NEON.BET.D10.000598","CRADUB","Animalia","Arthropoda","Insecta","Coleoptera","Carabidae","Harpalinae","Harpalini","Cratacanthus",,"dubius",,"Cratacanthus dubius","Palisot de Beauvois","species",,"M",,"Other","Robert L. Davidson","Carnegie Museum of Invertebrate Zoology",,"No known compromise","N",,
"35fe89c0-f809-4934-a314-a88cf1e34817","CPER_006.basePlot.bet","D10","CPER","CPER_006","2013-07-03","2013-07-17","2014-06-26","NEON.BET.D10.000601","HARDES","Animalia","Arthropoda","Insecta","Coleoptera","Carabidae","Harpalinae","Harpalini","Harpalus","Opadius","desertus",,"Harpalus desertus","LeConte","species",,"F",,"Other","Robert L. Davidson","Carnegie Museum of Invertebrate Zoology",,"No known compromise","N",,
"3a5125ab-f50f-4939-a5f3-86fd2167900e","CPER_004.basePlot.bet","D10","CPER","CPER_004","2013-07-03","2013-07-17","2014-06-26","NEON.BET.D10.000311","EURGRO","Animalia","Arthropoda","Insecta","Coleoptera","Carabidae","Harpalinae","Harpalini","Euryderus",,"grossus",,"Euryderus grossus","Say","species",,"M",,"Other","Robert L. Davidson","Carnegie Museum of Invertebrate Zoology",,"No known compromise","N",,
"04576372-78ef-417b-9300-d85b1eb22dd7","CPER_004.basePlot.bet","D10","CPER","CPER_004","2013-07-03","2013-07-17","2014-06-26","NEON.BET.D10.000239","EURGRO","Animalia","Arthropoda","Insecta","Coleoptera","Carabidae","Harpalinae","Harpalini","Euryderus",,"grossus",,"Euryderus grossus","Say","species",,"M",,"Other","Robert L. Davidson","Carnegie Museum of Invertebrate Zoology",,"No known compromise","N",,
"18b1ed66-196e-401d-aade-683a3b0ec0f3","CPER_004.basePlot.bet","D10","CPER","CPER_004","2013-07-03","2013-07-17","2014-06-26","NEON.BET.D10.000292","EURGRO","Animalia","Arthropoda","Insecta","Coleoptera","Carabidae","Harpalinae","Harpalini","Euryderus",,"grossus",,"Euryderus grossus","Say","species",,"F",,"Other","Robert L. Davidson","Carnegie Museum of Invertebrate Zoology",,"No known compromise","N",,
"c3d95214-7885-4fd7-8481-9b98267e045c","CPER_004.basePlot.bet","D10","CPER","CPER_004","2013-07-03","2013-07-17","2014-06-26","NEON.BET.D10.000304","EURGRO","Animalia","Arthropoda","Insecta","Coleoptera","Carabidae","Harpalinae","Harpalini","Euryderus",,"grossus",,"Euryderus grossus","Say","species",,"M",,"Other","Robert L. Davidson","Carnegie Museum of Invertebrate Zoology",,"No known compromise","N",,
"9e50c539-d34e-4d65-a437-b4f40c34b14b","CPER_004.basePlot.bet","D10","CPER","CPER_004","2013-07-03","2013-07-17","2014-06-25","NEON.BET.D10.000325","EURGRO","Animalia","Arthropoda","Insecta","Coleoptera","Carabidae","Harpalinae","Harpalini","Euryderus",,"grossus",,"Euryderus grossus","Say","species",,"F",,"Other","Robert L. Davidson","Carnegie Museum of Invertebrate Zoology",,"No known compromise","N",,
"ec179bee-3d07-413c-9979-2d0813fab438","CPER_004.basePlot.bet","D10","CPER","CPER_004","2013-07-03","2013-07-17","2014-06-26","NEON.BET.D10.000240","EURGRO","Animalia","Arthropoda","Insecta","Coleoptera","Carabidae","Harpalinae","Harpalini","Euryderus",,"grossus",,"Euryderus grossus","Say","species",,"M",,"Other","Robert L. Davidson","Carnegie Museum of Invertebrate Zoology",,"No known compromise","N",,
"3ad20b27-dc0c-4a51-856f-3888cd94d004","CPER_004.basePlot.bet","D10","CPER","CPER_004","2013-07-03","2013-07-17","2014-06-26","NEON.BET.D10.000247","EURGRO","Animalia","Arthropoda","Insecta","Coleoptera","Carabidae","Harpalinae","Harpalini","Euryderus",,"grossus",,"Euryderus grossus","Say","species",,"F",,"Other","Robert L. Davidson","Carnegie Museum of Invertebrate Zoology",,"No known compromise","N",,
"8aab102f-9e94-4146-8563-9a9ee2d8b9f4","CPER_004.basePlot.bet","D10","CPER","CPER_004","2013-07-03","2013-07-17","2014-06-26","NEON.BET.D10.000308","EURGRO","Animalia","Arthropoda","Insecta","Coleoptera","Carabidae","Harpalinae","Harpalini","Euryderus",,"grossus",,"Euryderus grossus","Say","species",,"F",,"Other","Robert L. Davidson","Carnegie Museum of Invertebrate Zoology",,"No known compromise","N",,
"99969700-9e16-4aaa-9e03-875849970622","CPER_004.basePlot.bet","D10","CPER","CPER_004","2013-07-03","2013-07-17","2014-06-26","NEON.BET.D10.000226","EURGRO","Animalia","Arthropoda","Insecta","Coleoptera","Carabidae","Harpalinae","Harpalini","Euryderus",,"grossus",,"Euryderus grossus","Say","species",,"F",,"Other","Robert L. Davidson","Carnegie Museum of Invertebrate Zoology",,"No known compromise","N",,
"c1088a41-f692-4622-ba72-4b697c6f75db","CPER_004.basePlot.bet","D10","CPER","CPER_004","2013-07-03","2013-07-17","2014-06-25","NEON.BET.D10.000233","EURGRO","Animalia","Arthropoda","Insecta","Coleoptera","Carabidae","Harpalinae","Harpalini","Euryderus",,"grossus",,"Euryderus grossus","Say","species",,"F",,"Other","Robert L. Davidson","Carnegie Museum of Invertebrate Zoology",,"No known compromise","N",,
"bfb64798-b199-4eb6-ace5-4cc82565b1b5","CPER_004.basePlot.bet","D10","CPER","CPER_004","2013-07-03","2013-07-17","2014-06-25","NEON.BET.D10.000263","EURGRO","Animalia","Arthropoda","Insecta","Coleoptera","Carabidae","Harpalinae","Harpalini","Euryderus",,"grossus",,"Euryderus grossus","Say","species",,"M",,"Other","Robert L. Davidson","Carnegie Museum of Invertebrate Zoology",,"No known compromise","N",,
"5098ebae-a869-4223-9caf-354f76d94ea0","CPER_004.basePlot.bet","D10","CPER","CPER_004","2013-07-03","2013-07-17","2014-06-25","NEON.BET.D10.000324","EURGRO","Animalia","Arthropoda","Insecta","Coleoptera","Carabidae","Harpalinae","Harpalini","Euryderus",,"grossus",,"Euryderus grossus","Say","species",,"M",,"Other","Robert L. Davidson","Carnegie Museum of Invertebrate Zoology",,"No known compromise","N",,"Returned"
"94838db7-0dae-44e5-9735-984ab52d6e9b","CPER_004.basePlot.bet","D10","CPER","CPER_004","2013-07-03","2013-07-17","2014-06-25","NEON.BET.D10.000281","EURGRO","Animalia","Arthropoda","Insecta","Coleoptera","Carabidae","Harpalinae","Harpalini","Euryderus",,"grossus",,"Euryderus grossus","Say","species",,"M",,"Other","Robert L. Davidson","Carnegie Museum of Invertebrate Zoology",,"No known compromise","N",,
"ae15fdea-99e2-4035-9fe0-62ec140d035a","CPER_004.basePlot.bet","D10","CPER","CPER_004","2013-07-03","2013-07-17","2014-06-26","NEON.BET.D10.000196","EURGRO","Animalia","Arthropoda","Insecta","Coleoptera","Carabidae","Harpalinae","Harpalini","Euryderus",,"grossus",,"Euryderus grossus","Say","species",,"F",,"Other","Robert L. Davidson","Carnegie Museum of Invertebrate Zoology",,"No known compromise","N",,
"3f627bb3-7401-458b-afa4-5b01b5fe1066","CPER_004.basePlot.bet","D10","CPER","CPER_004","2013-07-03","2013-07-17","2014-06-26","NEON.BET.D10.000225","EURGRO","Animalia","Arthropoda","Insecta","Coleoptera","Carabidae","Harpalinae","Harpalini","Euryderus",,"grossus",,"Euryderus grossus","Say","species",,"F",,"Other","Robert L. Davidson","Carnegie Museum of Invertebrate Zoology",,"No known compromise","N",,
"d607eec2-8f89-4eba-9cf7-1e77168d023c","CPER_004.basePlot.bet","D10","CPER","CPER_004","2013-07-03","2013-07-17","2014-06-25","NEON.BET.D10.000228","EURGRO","Animalia","Arthropoda","Insecta","Coleoptera","Carabidae","Harpalinae","Harpalini","Euryderus",,"grossus",,"Euryderus grossus","Say","species",,"M",,"Other","Robert L. Davidson","Carnegie Museum of Invertebrate Zoology",,"No known compromise","N",,
"e3299bb8-1b4c-476f-b303-70aaf1a5c0d3","CPER_003.basePlot.bet","D10","CPER","CPER_003","2013-07-03","2013-07-17","2014-06-26","NEON.BET.D10.000149","EURGRO","Animalia","Arthropoda","Insecta","Coleoptera","Carabidae","Harpalinae","Harpalini","Euryderus",,"grossus",,"Euryderus grossus","Say","species",,"F",,"Other","Robert L. Davidson","Carnegie Museum of Invertebrate Zoology",,"No known compromise","N",,
"81c17cfb-dff8-4b08-bde7-8cb1ebe99df7","CPER_003.basePlot.bet","D10","CPER","CPER_003","2013-07-03","2013-07-17","2014-06-26","NEON.BET.D10.000148","EURGRO","Animalia","Arthropoda","Insecta","Coleoptera","Carabidae","Harpalinae","Harpalini","Euryderus",,"grossus",,"Euryderus grossus","Say","species",,"M",,"Other","Robert L. Davidson","Carnegie Museum of Invertebrate Zoology",,"No known compromise","N",,
"af44047a-ec13-45db-8642-9a5f3f993a7d","CPER_003.basePlot.bet","D10","CPER","CPER_003","2013-07-03","2013-07-17","2014-06-25","NEON.BET.D10.000151","CRADUB","Animalia","Arthropoda","Insecta","Coleoptera","Carabidae","Harpalinae","Harpalini","Cratacanthus",,"dubius",,"Cratacanthus dubius","Palisot de Beauvois","species",,"M",,"Other","Robert L. Davidson","Carnegie Museum of Invertebrate Zoology",,"No known compromise","N",,
"3ce37f67-10a8-41ed-bbee-1cc0cb093a73","CPER_003.basePlot.bet","D10","CPER","CPER_003","2013-07-03","2013-07-17","2014-07-02","NEON.BET.D10.000154","PIOSET","Animalia","Arthropoda","Insecta","Coleoptera","Carabidae","Harpalinae","Harpalini","Piosoma",,"setosum",,"Piosoma setosum","LeConte","species",,"M",,"Other","Robert L. Davidson","Carnegie Museum of Invertebrate Zoology",,"No known compromise","N",,
"4e5d4d01-724f-4449-8c47-cbdb9ba7c754","CPER_003.basePlot.bet","D10","CPER","CPER_003","2013-07-03","2013-07-17","2014-07-02","NEON.BET.D10.000152","PIOSET","Animalia","Arthropoda","Insecta","Coleoptera","Carabidae","Harpalinae","Harpalini","Piosoma",,"setosum",,"Piosoma setosum","LeConte","species",,"M",,"Other","Robert L. Davidson","Carnegie Museum of Invertebrate Zoology",,"No known compromise","N",,
"a46630c6-b4f2-485b-b5df-6c437b2c6ad0","CPER_003.basePlot.bet","D10","CPER","CPER_003","2013-07-03","2013-07-17","2014-06-26","NEON.BET.D10.000150","EURGRO","Animalia","Arthropoda","Insecta","Coleoptera","Carabidae","Harpalinae","Harpalini","Euryderus",,"grossus",,"Euryderus grossus","Say","species",,"M",,"Other","Robert L. Davidson","Carnegie Museum of Invertebrate Zoology",,"No known compromise","N",,
"49a270a7-aa2a-4035-beae-f2b477b7d543","CPER_002.basePlot.bet","D10","CPER","CPER_002","2013-07-03","2013-07-17","2014-06-26","NEON.BET.D10.000470","HARDES","Animalia","Arthropoda","Insecta","Coleoptera","Carabidae","Harpalinae","Harpalini","Harpalus","Opadius","desertus",,"Harpalus desertus","LeConte","species",,"M",,"Other","Robert L. Davidson","Carnegie Museum of Invertebrate Zoology",,"No known compromise","N",,
"2bfaffa6-8af0-470d-a104-e18724c6be4a","CPER_002.basePlot.bet","D10","CPER","CPER_002","2013-07-03","2013-07-17","2014-06-26","NEON.BET.D10.000463","HARDES","Animalia","Arthropoda","Insecta","Coleoptera","Carabidae","Harpalinae","Harpalini","Harpalus","Opadius","desertus",,"Harpalus desertus","LeConte","species",,"F",,"Other","Robert L. Davidson","Carnegie Museum of Invertebrate Zoology",,"No known compromise","N",,
"ab6fe7c5-ce3d-477e-9cce-2ab95dfbbe6e","CPER_002.basePlot.bet","D10","CPER","CPER_002","2013-07-03","2013-07-17","2014-07-02","NEON.BET.D10.000468","SELPLA","Animalia","Arthropoda","Insecta","Coleoptera","Carabidae","Harpalinae","Harpalini","Selenophorus","Selenophorus","planipennis",,"Selenophorus planipennis","LeConte","species",,"M",,"Other","Robert L. Davidson","Carnegie Museum of Invertebrate Zoology",,"No known compromise","N",,
"d3cb5aec-3abc-40f3-bdc2-694ffc86b9ab","CPER_002.basePlot.bet","D10","CPER","CPER_002","2013-07-03","2013-07-17","2014-07-02","NEON.BET.D10.000464","AMACON3","Animalia","Arthropoda","Insecta","Coleoptera","Carabidae","Harpalinae","Zabrini","Amara","Amara","convexa",,"Amara convexa","LeConte","species",,"F",,"Other","Robert L. Davidson","Carnegie Museum of Invertebrate Zoology",,"No known compromise","N",,
"4ad9dd27-6968-4a67-8803-7a88a01098e2","CPER_002.basePlot.bet","D10","CPER","CPER_002","2013-07-03","2013-07-17","2014-06-26","NEON.BET.D10.000462","CRADUB","Animalia","Arthropoda","Insecta","Coleoptera","Carabidae","Harpalinae","Harpalini","Cratacanthus",,"dubius",,"Cratacanthus dubius","Palisot de Beauvois","species",,"M",,"Other","Robert L. Davidson","Carnegie Museum of Invertebrate Zoology",,"No known compromise","N",,
"de7b342c-eeff-45bf-b5d0-ae2d56027b0a","CPER_002.basePlot.bet","D10","CPER","CPER_002","2013-07-03","2013-07-17","2014-06-26","NEON.BET.D10.000460","HARDES","Animalia","Arthropoda","Insecta","Coleoptera","Carabidae","Harpalinae","Harpalini","Harpalus","Opadius","desertus",,"Harpalus desertus","LeConte","species",,"M",,"Other","Robert L. Davidson","Carnegie Museum of Invertebrate Zoology",,"No known compromise","N",,
"9840aaa8-c52e-4d19-959a-3542b833633c","CPER_002.basePlot.bet","D10","CPER","CPER_002","2013-07-03","2013-07-17","2014-06-26","NEON.BET.D10.000466","HARDES","Animalia","Arthropoda","Insecta","Coleoptera","Carabidae","Harpalinae","Harpalini","Harpalus","Opadius","desertus",,"Harpalus desertus","LeConte","species",,"M",,"Other","Robert L. Davidson","Carnegie Museum of Invertebrate Zoology",,"No known compromise","N",,
"8007d210-a513-4194-afda-5c4fc034bd63","CPER_002.basePlot.bet","D10","CPER","CPER_002","2013-07-03","2013-07-17","2014-06-25","NEON.BET.D10.000469","HARDES","Animalia","Arthropoda","Insecta","Coleoptera","Carabidae","Harpalinae","Harpalini","Harpalus","Opadius","desertus",,"Harpalus desertus","LeConte","species",,"M",,"Other","Robert L. Davidson","Carnegie Museum of Invertebrate Zoology",,"No known compromise","N",,"Returned"
"a2d6e295-385b-488b-9eb7-1e7d3931847b","CPER_002.basePlot.bet","D10","CPER","CPER_002","2013-07-03","2013-07-17","2014-06-25","NEON.BET.D10.000459","HARDES","Animalia","Arthropoda","Insecta","Coleoptera","Carabidae","Harpalinae","Harpalini","Harpalus","Opadius","desertus",,"Harpalus desertus","LeConte","species",,"F",,"Other","Robert L. Davidson","Carnegie Museum of Invertebrate Zoology",,"No known compromise","N",,
"9096ecd4-3ca8-4038-85d1-70e458211ac2","CPER_005.basePlot.bet","D10","CPER","CPER_005","2013-07-03","2013-07-17","2014-06-25","NEON.BET.D10.000428","CRADUB","Animalia","Arthropoda","Insecta","Coleoptera","Carabidae","Harpalinae","Harpalini","Cratacanthus",,"dubius",,"Cratacanthus dubius","Palisot de Beauvois","species",,"M",,"Other","Robert L. Davidson","Carnegie Museum of Invertebrate Zoology",,"No known compromise","N",,"Returned"
"4cb3dc64-b32f-4a1a-85bf-f4fad02d18cd","CPER_005.basePlot.bet","D10","CPER","CPER_005","2013-07-03","2013-07-17","2014-06-26","NEON.BET.D10.000425","CRADUB","Animalia","Arthropoda","Insecta","Coleoptera","Carabidae","Harpalinae","Harpalini","Cratacanthus",,"dubius",,"Cratacanthus dubius","Palisot de Beauvois","species",,"M",,"Other","Robert L. Davidson","Carnegie Museum of Invertebrate Zoology",,"No known compromise","N",,
"8c6ebb7d-3db2-4e71-a079-0536e302d409","CPER_007.basePlot.bet","D10","CPER","CPER_007","2013-07-03","2013-07-17","2014-07-02","NEON.BET.D10.000535","AMAQUE","Animalia","Arthropoda","Insecta","Coleoptera","Carabidae","Harpalinae","Zabrini","Amara","Paracelia","quenseli","quenseli","Amara quenseli quenseli","Schonherr","subspecies",,"M",,"Other","Robert L. Davidson","Carnegie Museum of Invertebrate Zoology",,"No known compromise","N",,
"24223e88-a794-4018-9140-ee2834a3d9d6","CPER_007.basePlot.bet","D10","CPER","CPER_007","2013-07-03","2013-07-17","2014-07-02","NEON.BET.D10.000536","PIOSET","Animalia","Arthropoda","Insecta","Coleoptera","Carabidae","Harpalinae","Harpalini","Piosoma",,"setosum",,"Piosoma setosum","LeConte","species",,"F",,"Other","Robert L. Davidson","Carnegie Museum of Invertebrate Zoology",,"No known compromise","N",,
"250da9b7-ee76-4086-92df-0ad76821a75c","CPER_006.basePlot.bet","D10","CPER","CPER_006","2013-07-03","2013-07-17","2014-07-07","NEON.BET.D10.000580","DISPAR1","Animalia","Arthropoda","Insecta","Coleoptera","Carabidae","Harpalinae","Harpalini","Discoderus",,"parallelus",,"Discoderus parallelus","Haldeman","species",,"F",,"Other","Robert L. Davidson","Carnegie Museum of Invertebrate Zoology","largely destroyed","other (described in remarks)","N",,"MISSING SPECIMEN (re-associated)"
"7738f929-905f-4349-98fb-40211a941ef6","CPER_006.basePlot.bet","D10","CPER","CPER_006","2013-07-03","2013-07-17","2014-07-07","NEON.BET.D10.000596","DISPAR1","Animalia","Arthropoda","Insecta","Coleoptera","Carabidae","Harpalinae","Harpalini","Discoderus",,"parallelus",,"Discoderus parallelus","Haldeman","species",,"F",,"Other","Robert L. Davidson","Carnegie Museum of Invertebrate Zoology",,"No known compromise","N",,"Returned"
"4a7037f4-2f43-455f-b798-f5368988c0b2","CPER_006.basePlot.bet","D10","CPER","CPER_006","2013-07-03","2013-07-17","2014-06-25","NEON.BET.D10.000584","EURGRO","Animalia","Arthropoda","Insecta","Coleoptera","Carabidae","Harpalinae","Harpalini","Euryderus",,"grossus",,"Euryderus grossus","Say","species",,"M",,"Other","Robert L. Davidson","Carnegie Museum of Invertebrate Zoology",,"No known compromise","N",,
"30d52be9-e581-4ba4-93e0-00bdc67d1af1","CPER_006.basePlot.bet","D10","CPER","CPER_006","2013-07-03","2013-07-17","2014-06-26","NEON.BET.D10.000570","PIOSET","Animalia","Arthropoda","Insecta","Coleoptera","Carabidae","Harpalinae","Harpalini","Piosoma",,"setosum",,"Piosoma setosum","LeConte","species",,"F",,"Other","Robert L. Davidson","Carnegie Museum of Invertebrate Zoology",,"No known compromise","N",,
"d5044b1f-2b96-4eb7-8ebc-6c13247ea9df","CPER_006.basePlot.bet","D10","CPER","CPER_006","2013-07-03","2013-07-17","2014-06-26","NEON.BET.D10.000591","CRADUB","Animalia","Arthropoda","Insecta","Coleoptera","Carabidae","Harpalinae","Harpalini","Cratacanthus",,"dubius",,"Cratacanthus dubius","Palisot de Beauvois","species",,"M",,"Other","Robert L. Davidson","Carnegie Museum of Invertebrate Zoology",,"No known compromise","N",,
"59c5f332-4226-45d2-853d-14cfb7e5a789","CPER_006.basePlot.bet","D10","CPER","CPER_006","2013-07-03","2013-07-17","2014-06-25","NEON.BET.D10.000592","CRADUB","Animalia","Arthropoda","Insecta","Coleoptera","Carabidae","Harpalinae","Harpalini","Cratacanthus",,"dubius",,"Cratacanthus dubius","Palisot de Beauvois","species",,"M",,"Other","Robert L. Davidson","Carnegie Museum of Invertebrate Zoology",,"No known compromise","N",,
"856c9907-2d71-464d-9234-fcb5c37e44cf","CPER_006.basePlot.bet","D10","CPER","CPER_006","2013-07-03","2013-07-17","2014-06-26","NEON.BET.D10.000569","PIOSET","Animalia","Arthropoda","Insecta","Coleoptera","Carabidae","Harpalinae","Harpalini","Piosoma",,"setosum",,"Piosoma setosum","LeConte","species",,"M",,"Other","Robert L. Davidson","Carnegie Museum of Invertebrate Zoology",,"No known compromise","N",,
"9947a177-4e83-4835-a575-c625fc3978ca","CPER_006.basePlot.bet","D10","CPER","CPER_006","2013-07-03","2013-07-17","2014-06-25","NEON.BET.D10.000586","CICPUN1","Animalia","Arthropoda","Insecta","Coleoptera","Carabidae","Cicindelinae","Cicindelini","Cicindela","Cicindelidia","punctulata","punctulata","Cicindela punctulata punctulata","Olivier","subspecies",,"F",,"Other","Robert L. Davidson","Carnegie Museum of Invertebrate Zoology",,"No known compromise","N",,
"f2f2954c-3972-4746-9065-1a2ea4468bee","CPER_006.basePlot.bet","D10","CPER","CPER_006","2013-07-03","2013-07-17","2014-06-26","NEON.BET.D10.000578","CRADUB","Animalia","Arthropoda","Insecta","Coleoptera","Carabidae","Harpalinae","Harpalini","Cratacanthus",,"dubius",,"Cratacanthus dubius","Palisot de Beauvois","species",,"M",,"Other","Robert L. Davidson","Carnegie Museum of Invertebrate Zoology",,"No known compromise","N",,
"b485ba3b-8a45-4897-8115-59a6e4f1af48","CPER_006.basePlot.bet","D10","CPER","CPER_006","2013-07-03","2013-07-17","2014-06-26","NEON.BET.D10.000571","PIOSET","Animalia","Arthropoda","Insecta","Coleoptera","Carabidae","Harpalinae","Harpalini","Piosoma",,"setosum",,"Piosoma setosum","LeConte","species",,"M",,"Other","Robert L. Davidson","Carnegie Museum of Invertebrate Zoology",,"No known compromise","N",,
"1c4f513a-2152-410f-ad5f-112f2f197e03","CPER_006.basePlot.bet","D10","CPER","CPER_006","2013-07-03","2013-07-17","2014-07-02","NEON.BET.D10.000583","SELPLA","Animalia","Arthropoda","Insecta","Coleoptera","Carabidae","Harpalinae","Harpalini","Selenophorus","Selenophorus","planipennis",,"Selenophorus planipennis","LeConte","species",,"F",,"Other","Robert L. Davidson","Carnegie Museum of Invertebrate Zoology",,"No known compromise","N",,
"a51a0341-3c52-4c9c-992a-663475093c44","CPER_006.basePlot.bet","D10","CPER","CPER_006","2013-07-03","2013-07-17","2014-06-26","NEON.BET.D10.000585","EURGRO","Animalia","Arthropoda","Insecta","Coleoptera","Carabidae","Harpalinae","Harpalini","Euryderus",,"grossus",,"Euryderus grossus","Say","species",,"M",,"Other","Robert L. Davidson","Carnegie Museum of Invertebrate Zoology",,"No known compromise","N",,
"c61d0cdc-4dd7-43e9-8feb-7ceb36bb1e2e","CPER_006.basePlot.bet","D10","CPER","CPER_006","2013-07-03","2013-07-17","2014-06-26","NEON.BET.D10.000595","HARDES","Animalia","Arthropoda","Insecta","Coleoptera","Carabidae","Harpalinae","Harpalini","Harpalus","Opadius","desertus",,"Harpalus desertus","LeConte","species",,"F",,"Other","Robert L. Davidson","Carnegie Museum of Invertebrate Zoology",,"No known compromise","N",,
"5f23e369-5591-4c0c-acff-6bcc7137c23e","CPER_006.basePlot.bet","D10","CPER","CPER_006","2013-07-03","2013-07-17","2014-07-02","NEON.BET.D10.000582","SELPLA","Animalia","Arthropoda","Insecta","Coleoptera","Carabidae","Harpalinae","Harpalini","Selenophorus","Selenophorus","planipennis",,"Selenophorus planipennis","LeConte","species",,"F",,"Other","Robert L. Davidson","Carnegie Museum of Invertebrate Zoology",,"No known compromise","N",,
"f3c71965-0d48-44c1-9f9e-476ff129d4f5","CPER_006.basePlot.bet","D10","CPER","CPER_006","2013-07-03","2013-07-17","2014-07-02","NEON.BET.D10.000581","SELPLA","Animalia","Arthropoda","Insecta","Coleoptera","Carabidae","Harpalinae","Harpalini","Selenophorus","Selenophorus","planipennis",,"Selenophorus planipennis","LeConte","species",,"F",,"Other","Robert L. Davidson","Carnegie Museum of Invertebrate Zoology",,"No known compromise","N",,
"a11f842a-7007-4ba6-aa1f-4a5a6843e703","CPER_006.basePlot.bet","D10","CPER","CPER_006","2013-07-03","2013-07-17","2014-06-25","NEON.BET.D10.000594","HARDES","Animalia","Arthropoda","Insecta","Coleoptera","Carabidae","Harpalinae","Harpalini","Harpalus","Opadius","desertus",,"Harpalus desertus","LeConte","species",,"M",,"Other","Robert L. Davidson","Carnegie Museum of Invertebrate Zoology",,"No known compromise","N",,"Returned"
"b8ec5109-0134-47fc-8dc0-4cee9b25824f","CPER_006.basePlot.bet","D10","CPER","CPER_006","2013-07-03","2013-07-17","2014-06-26","NEON.BET.D10.000579","HARDES","Animalia","Arthropoda","Insecta","Coleoptera","Carabidae","Harpalinae","Harpalini","Harpalus","Opadius","desertus",,"Harpalus desertus","LeConte","species",,"M",,"Other","Robert L. Davidson","Carnegie Museum of Invertebrate Zoology",,"No known compromise","N",,
"ba354b2b-e29b-405a-a10f-2a0664b0a135","CPER_009.basePlot.bet","D10","CPER","CPER_009","2013-07-03","2013-07-17","2014-07-02","NEON.BET.D10.000557","HARDES","Animalia","Arthropoda","Insecta","Coleoptera","Carabidae","Harpalinae","Harpalini","Harpalus","Opadius","desertus",,"Harpalus desertus","LeConte","species",,"M",,"Other","Robert L. Davidson","Carnegie Museum of Invertebrate Zoology",,"No known compromise","N",,
"2a4ca3f5-79fe-4d99-94bd-cccb61dcf8f1","CPER_009.basePlot.bet","D10","CPER","CPER_009","2013-07-03","2013-07-17","2014-07-02","NEON.BET.D10.000553","AMACON3","Animalia","Arthropoda","Insecta","Coleoptera","Carabidae","Harpalinae","Zabrini","Amara","Amara","convexa",,"Amara convexa","LeConte","species",,"M",,"Other","Robert L. Davidson","Carnegie Museum of Invertebrate Zoology",,"other (described in remarks)","N",,"MISSING HEAD T1 (re-associated)"
"1a49ac31-b9ed-43bc-8794-c81ec31f1042","CPER_009.basePlot.bet","D10","CPER","CPER_009","2013-07-03","2013-07-17","2014-06-26","NEON.BET.D10.000560","CRADUB","Animalia","Arthropoda","Insecta","Coleoptera","Carabidae","Harpalinae","Harpalini","Cratacanthus",,"dubius",,"Cratacanthus dubius","Palisot de Beauvois","species",,"M",,"Other","Robert L. Davidson","Carnegie Museum of Invertebrate Zoology",,"No known compromise","N",,
"e268c07b-5981-4d20-8579-baf9170bd56a","CPER_009.basePlot.bet","D10","CPER","CPER_009","2013-07-03","2013-07-17","2014-07-02","NEON.BET.D10.000556","SELPLA","Animalia","Arthropoda","Insecta","Coleoptera","Carabidae","Harpalinae","Harpalini","Selenophorus","Selenophorus","planipennis",,"Selenophorus planipennis","LeConte","species",,"F",,"Other","Robert L. Davidson","Carnegie Museum of Invertebrate Zoology",,"No known compromise","N",,
"3672b758-6c4f-48e4-8f05-2167b177bdef","CPER_009.basePlot.bet","D10","CPER","CPER_009","2013-07-03","2013-07-17","2014-07-02","NEON.BET.D10.000558","HARDES","Animalia","Arthropoda","Insecta","Coleoptera","Carabidae","Harpalinae","Harpalini","Harpalus","Opadius","desertus",,"Harpalus desertus","LeConte","species",,"M",,"Other","Robert L. Davidson","Carnegie Museum of Invertebrate Zoology",,"No known compromise","N",,
"612535b1-5e80-484f-81af-2ffd02812701","CPER_009.basePlot.bet","D10","CPER","CPER_009","2013-07-03","2013-07-17","2014-07-07","NEON.BET.D10.000554","HARELL","Animalia","Arthropoda","Insecta","Coleoptera","Carabidae","Harpalinae","Harpalini","Harpalus","Harpalus","ellipsis",,"Harpalus ellipsis","LeConte","species",,"M",,"Other","Robert L. Davidson","Carnegie Museum of Invertebrate Zoology","male genitalia examined","No known compromise","N",,
"d2744bd6-50c1-435a-8567-8dcbabe0e171","CPER_008.basePlot.bet","D10","CPER","CPER_008","2013-07-03","2013-07-17","2014-06-26","NEON.BET.D10.000546","CRADUB","Animalia","Arthropoda","Insecta","Coleoptera","Carabidae","Harpalinae","Harpalini","Cratacanthus",,"dubius",,"Cratacanthus dubius","Palisot de Beauvois","species",,"M",,"Other","Robert L. Davidson","Carnegie Museum of Invertebrate Zoology",,"No known compromise","N",,
"9b3f10eb-d795-4302-bc32-76fc5b3a9742","CPER_008.basePlot.bet","D10","CPER","CPER_008","2013-07-03","2013-07-17","2014-06-26","NEON.BET.D10.000540","CRADUB","Animalia","Arthropoda","Insecta","Coleoptera","Carabidae","Harpalinae","Harpalini","Cratacanthus",,"dubius",,"Cratacanthus dubius","Palisot de Beauvois","species",,"M",,"Other","Robert L. Davidson","Carnegie Museum of Invertebrate Zoology",,"No known compromise","N",,
"007653cb-75bf-49b8-841c-06a72118810f","CPER_008.basePlot.bet","D10","CPER","CPER_008","2013-07-03","2013-07-17","2014-07-07","NEON.BET.D10.000538","DISPAR1","Animalia","Arthropoda","Insecta","Coleoptera","Carabidae","Harpalinae","Harpalini","Discoderus",,"parallelus",,"Discoderus parallelus","Haldeman","species",,"M",,"Other","Robert L. Davidson","Carnegie Museum of Invertebrate Zoology","male genitalia examined","No known compromise","N",,
"101a9938-162f-43c3-b42c-37c5ac1c0d4c","CPER_008.basePlot.bet","D10","CPER","CPER_008","2013-07-03","2013-07-17","2014-06-26","NEON.BET.D10.000543","CRADUB","Animalia","Arthropoda","Insecta","Coleoptera","Carabidae","Harpalinae","Harpalini","Cratacanthus",,"dubius",,"Cratacanthus dubius","Palisot de Beauvois","species",,"M",,"Other","Robert L. Davidson","Carnegie Museum of Invertebrate Zoology",,"No known compromise","N",,
"78c8011e-25b1-48d3-b05a-e09a8e5627b1","CPER_010.basePlot.bet","D10","CPER","CPER_010","2013-07-03","2013-07-17","2014-07-07","NEON.BET.D10.000568","HARNIG","Animalia","Arthropoda","Insecta","Coleoptera","Carabidae","Harpalinae","Harpalini","Harpalus","Opadius","nigritarsis",,"Harpalus nigritarsis","Sahlberg","species",,"M",,"Other","Robert L. Davidson","Carnegie Museum of Invertebrate Zoology","male genitalia examined","No known compromise","N",,"Returned"
"eb41a222-4975-4b37-ab16-17e583d49576","CPER_010.basePlot.bet","D10","CPER","CPER_010","2013-07-03","2013-07-17","2014-07-02","NEON.BET.D10.000566","PIOSET","Animalia","Arthropoda","Insecta","Coleoptera","Carabidae","Harpalinae","Harpalini","Piosoma",,"setosum",,"Piosoma setosum","LeConte","species",,"F",,"Other","Robert L. Davidson","Carnegie Museum of Invertebrate Zoology",,"No known compromise","N",,
"c961f230-0d65-46c1-86e6-58dc8ecf3db7","CPER_004.basePlot.bet","D10","CPER","CPER_004","2013-07-03","2013-07-17","2014-06-26","NEON.BET.D10.000094","EURGRO","Animalia","Arthropoda","Insecta","Coleoptera","Carabidae","Harpalinae","Harpalini","Euryderus",,"grossus",,"Euryderus grossus","Say","species",,"M",,"Other","Robert L. Davidson","Carnegie Museum of Invertebrate Zoology",,"No known compromise","N",,
"c1c50a7e-7a8a-4250-9a0d-349dbb4fa6d6","CPER_003.basePlot.bet","D10","CPER","CPER_003","2013-07-03","2013-07-17","2014-06-25","NEON.BET.D10.000143","EURGRO","Animalia","Arthropoda","Insecta","Coleoptera","Carabidae","Harpalinae","Harpalini","Euryderus",,"grossus",,"Euryderus grossus","Say","species",,"M",,"Other","Robert L. Davidson","Carnegie Museum of Invertebrate Zoology",,"No known compromise","N",,
"ea921599-4867-492f-aaca-e3b356dbe299","CPER_003.basePlot.bet","D10","CPER","CPER_003","2013-07-03","2013-07-17","2014-07-02","NEON.BET.D10.000145","AMACON3","Animalia","Arthropoda","Insecta","Coleoptera","Carabidae","Harpalinae","Zabrini","Amara","Amara","convexa",,"Amara convexa","LeConte","species",,"M",,"Other","Robert L. Davidson","Carnegie Museum of Invertebrate Zoology",,"No known compromise","N",,
"643efaf4-5bae-4ace-be2b-07fafc6b8e8b","CPER_004.basePlot.bet","D10","CPER","CPER_004","2013-07-03","2013-07-17","2014-06-26","NEON.BET.D10.000319","EURGRO","Animalia","Arthropoda","Insecta","Coleoptera","Carabidae","Harpalinae","Harpalini","Euryderus",,"grossus",,"Euryderus grossus","Say","species",,"M",,"Other","Robert L. Davidson","Carnegie Museum of Invertebrate Zoology",,"No known compromise","N",,"Returned"
"40ad41d5-19f7-4142-9b4e-a64e5c83c50e","CPER_004.basePlot.bet","D10","CPER","CPER_004","2013-07-03","2013-07-17","2014-07-07","NEON.BET.D10.000251","DISPAR1","Animalia","Arthropoda","Insecta","Coleoptera","Carabidae","Harpalinae","Harpalini","Discoderus",,"parallelus",,"Discoderus parallelus","Haldeman","species",,"F",,"Other","Robert L. Davidson","Carnegie Museum of Invertebrate Zoology",,"No known compromise","N",,
"7c5fc181-e371-49f1-8ea7-1c168cae77fa","CPER_004.basePlot.bet","D10","CPER","CPER_004","2013-07-03","2013-07-17","2014-06-26","NEON.BET.D10.000277","EURGRO","Animalia","Arthropoda","Insecta","Coleoptera","Carabidae","Harpalinae","Harpalini","Euryderus",,"grossus",,"Euryderus grossus","Say","species",,"M",,"Other","Robert L. Davidson","Carnegie Museum of Invertebrate Zoology",,"No known compromise","N",,
"721cf515-761f-4134-87ab-0073e75acec3","CPER_009.basePlot.bet","D10","CPER","CPER_009","2013-07-17","2013-07-31","2014-06-25","NEON.BET.D10.000063","PASELO","Animalia","Arthropoda","Insecta","Coleoptera","Carabidae","Scaritinae","Pasimachini","Pasimachus","Pasimachus","elongatus",,"Pasimachus elongatus","LeConte","species",,"F",,"Other","Robert L. Davidson","Carnegie Museum of Invertebrate Zoology",,"No known compromise","N",,
"b979cda0-9bfb-4c5e-8756-6baddd84cefd","CPER_002.basePlot.bet","D10","CPER","CPER_002","2013-07-17","2013-07-31","2014-07-02","NEON.BET.D10.000753","SELPLA","Animalia","Arthropoda","Insecta","Coleoptera","Carabidae","Harpalinae","Harpalini","Selenophorus","Selenophorus","planipennis",,"Selenophorus planipennis","LeConte","species",,"M",,"Other","Robert L. Davidson","Carnegie Museum of Invertebrate Zoology",,"No known compromise","N",,"Returned"
"bf8301c6-f041-4352-843b-045b35732cc1","CPER_008.basePlot.bet","D10","CPER","CPER_008","2013-07-17","2013-07-31","2014-07-07","NEON.BET.D10.000255","DISPAR1","Animalia","Arthropoda","Insecta","Coleoptera","Carabidae","Harpalinae","Harpalini","Discoderus",,"parallelus",,"Discoderus parallelus","Haldeman","species",,"M",,"Other","Robert L. Davidson","Carnegie Museum of Invertebrate Zoology",,"No known compromise","N",,
"97ff48c9-a478-45dd-8945-d25d69f4944b","CPER_008.basePlot.bet","D10","CPER","CPER_008","2013-07-17","2013-07-31","2014-07-07","NEON.BET.D10.000254","DISPAR1","Animalia","Arthropoda","Insecta","Coleoptera","Carabidae","Harpalinae","Harpalini","Discoderus",,"parallelus",,"Discoderus parallelus","Haldeman","species",,"M",,"Other","Robert L. Davidson","Carnegie Museum of Invertebrate Zoology",,"No known compromise","N",,
"07ee3b20-627f-4fd8-b614-2f6b06de897f","CPER_008.basePlot.bet","D10","CPER","CPER_008","2013-07-17","2013-07-31","2014-07-07","NEON.BET.D10.000252","DISPAR1","Animalia","Arthropoda","Insecta","Coleoptera","Carabidae","Harpalinae","Harpalini","Discoderus",,"parallelus",,"Discoderus parallelus","Haldeman","species",,"F",,"Other","Robert L. Davidson","Carnegie Museum of Invertebrate Zoology",,"No known compromise","N",,
"620c5186-017f-4ad7-a190-cde25406f7e4","CPER_002.basePlot.bet","D10","CPER","CPER_002","2013-07-17","2013-07-31","2014-06-25","NEON.BET.D10.000467","HARDES","Animalia","Arthropoda","Insecta","Coleoptera","Carabidae","Harpalinae","Harpalini","Harpalus","Opadius","desertus",,"Harpalus desertus","LeConte","species",,"F",,"Other","Robert L. Davidson","Carnegie Museum of Invertebrate Zoology",,"No known compromise","N",,
"585148f6-b7e2-4f15-8204-3e5dfb1366a4","CPER_008.basePlot.bet","D10","CPER","CPER_008","2013-07-17","2013-07-31","2014-06-26","NEON.BET.D10.000483","CRADUB","Animalia","Arthropoda","Insecta","Coleoptera","Carabidae","Harpalinae","Harpalini","Cratacanthus",,"dubius",,"Cratacanthus dubius","Palisot de Beauvois","species",,"M",,"Other","Robert L. Davidson","Carnegie Museum of Invertebrate Zoology",,"No known compromise","N",,
"5b82ebd1-cebd-4311-ae92-fa189e708654","CPER_008.basePlot.bet","D10","CPER","CPER_008","2013-07-17","2013-07-31","2014-06-26","NEON.BET.D10.000419","CRADUB","Animalia","Arthropoda","Insecta","Coleoptera","Carabidae","Harpalinae","Harpalini","Cratacanthus",,"dubius",,"Cratacanthus dubius","Palisot de Beauvois","species",,"F",,"Other","Robert L. Davidson","Carnegie Museum of Invertebrate Zoology",,"other (described in remarks)","N",,"MISSING HEAD T1 (re-associated)"
"3cbdc827-775f-4b24-8105-eb2f3e5402d4","CPER_010.basePlot.bet","D10","CPER","CPER_010","2013-07-17","2013-07-31","2014-07-02","NEON.BET.D10.000440","RHALIN","Animalia","Arthropoda","Insecta","Coleoptera","Carabidae","Harpalinae","Platynini","Rhadine",,"lindrothi",,"Rhadine lindrothi","Barr","species",,"M",,"Other","Robert L. Davidson","Carnegie Museum of Invertebrate Zoology",,"No known compromise","N",,
"523e868f-1623-4ef1-a748-098586d8bce5","CPER_008.basePlot.bet","D10","CPER","CPER_008","2013-07-17","2013-07-31","2014-06-26","NEON.BET.D10.000500","CRADUB","Animalia","Arthropoda","Insecta","Coleoptera","Carabidae","Harpalinae","Harpalini","Cratacanthus",,"dubius",,"Cratacanthus dubius","Palisot de Beauvois","species",,"M",,"Other","Robert L. Davidson","Carnegie Museum of Invertebrate Zoology",,"No known compromise","N",,
"51573f3e-1b75-4ec9-8110-f3cb455497f9","CPER_008.basePlot.bet","D10","CPER","CPER_008","2013-07-17","2013-07-31","2014-06-26","NEON.BET.D10.000479","CRADUB","Animalia","Arthropoda","Insecta","Coleoptera","Carabidae","Harpalinae","Harpalini","Cratacanthus",,"dubius",,"Cratacanthus dubius","Palisot de Beauvois","species",,"M",,"Other","Robert L. Davidson","Carnegie Museum of Invertebrate Zoology",,"No known compromise","N",,"Returned"
"39bbc29d-e107-4d07-9cf6-e9e9359e95d1","CPER_008.basePlot.bet","D10","CPER","CPER_008","2013-07-17","2013-07-31","2014-06-25","NEON.BET.D10.000481","CRADUB","Animalia","Arthropoda","Insecta","Coleoptera","Carabidae","Harpalinae","Harpalini","Cratacanthus",,"dubius",,"Cratacanthus dubius","Palisot de Beauvois","species",,"M",,"Other","Robert L. Davidson","Carnegie Museum of Invertebrate Zoology",,"other (described in remarks)","N",,"MISSING HEAD T1 (re-associated)"
"9c3840b4-d8c5-4e45-8c3d-8cc2c5006098","CPER_008.basePlot.bet","D10","CPER","CPER_008","2013-07-17","2013-07-31","2014-06-25","NEON.BET.D10.000499","CRADUB","Animalia","Arthropoda","Insecta","Coleoptera","Carabidae","Harpalinae","Harpalini","Cratacanthus",,"dubius",,"Cratacanthus dubius","Palisot de Beauvois","species",,"M",,"Other","Robert L. Davidson","Carnegie Museum of Invertebrate Zoology",,"No known compromise","N",,
"cfbdb078-55c8-44f8-acbf-bd0858adb11c","CPER_008.basePlot.bet","D10","CPER","CPER_008","2013-07-17","2013-07-31","2014-06-26","NEON.BET.D10.000488","CRADUB","Animalia","Arthropoda","Insecta","Coleoptera","Carabidae","Harpalinae","Harpalini","Cratacanthus",,"dubius",,"Cratacanthus dubius","Palisot de Beauvois","species",,"M",,"Other","Robert L. Davidson","Carnegie Museum of Invertebrate Zoology",,"No known compromise","N",,
"55053078-cace-40b9-9444-7b6e7d3bdd04","CPER_008.basePlot.bet","D10","CPER","CPER_008","2013-07-17","2013-07-31","2014-06-25","NEON.BET.D10.000439","HARPEN","Animalia","Arthropoda","Insecta","Coleoptera","Carabidae","Harpalinae","Harpalini","Harpalus","Pseudoophonus","pensylvanicus",,"Harpalus pensylvanicus","DeGeer","species",,"M",,"Other","Robert L. Davidson","Carnegie Museum of Invertebrate Zoology",,"No known compromise","N",,"Returned"
"932c72d9-1d2d-4660-aa85-b9e53c6866d9","CPER_008.basePlot.bet","D10","CPER","CPER_008","2013-07-17","2013-07-31","2014-07-07","NEON.BET.D10.000451","DISPAR1","Animalia","Arthropoda","Insecta","Coleoptera","Carabidae","Harpalinae","Harpalini","Discoderus",,"parallelus",,"Discoderus parallelus","Haldeman","species",,"F",,"Other","Robert L. Davidson","Carnegie Museum of Invertebrate Zoology",,"No known compromise","N",,
"f5fa5569-4859-430a-8b5f-5857805dcc69","CPER_008.basePlot.bet","D10","CPER","CPER_008","2013-07-17","2013-07-31","2014-07-07","NEON.BET.D10.000443","DISPAR1","Animalia","Arthropoda","Insecta","Coleoptera","Carabidae","Harpalinae","Harpalini","Discoderus",,"parallelus",,"Discoderus parallelus","Haldeman","species",,"F",,"Other","Robert L. Davidson","Carnegie Museum of Invertebrate Zoology",,"No known compromise","N",,"Returned"
"180cad7d-5074-4f33-bb09-a2a7d55dca85","CPER_008.basePlot.bet","D10","CPER","CPER_008","2013-07-17","2013-07-31","2014-06-26","NEON.BET.D10.000485","CRADUB","Animalia","Arthropoda","Insecta","Coleoptera","Carabidae","Harpalinae","Harpalini","Cratacanthus",,"dubius",,"Cratacanthus dubius","Palisot de Beauvois","species",,"M",,"Other","Robert L. Davidson","Carnegie Museum of Invertebrate Zoology",,"No known compromise","N",,
"53b26fa9-06ff-4174-9b9b-74ba030f19fc","CPER_008.basePlot.bet","D10","CPER","CPER_008","2013-07-17","2013-07-31","2014-07-07","NEON.BET.D10.000452","DISPAR1","Animalia","Arthropoda","Insecta","Coleoptera","Carabidae","Harpalinae","Harpalini","Discoderus",,"parallelus",,"Discoderus parallelus","Haldeman","species",,"M",,"Other","Robert L. Davidson","Carnegie Museum of Invertebrate Zoology","male genitalia examined","No known compromise","N",,
"afcc16da-27a5-4c1c-a7ca-ab4688148f71","CPER_008.basePlot.bet","D10","CPER","CPER_008","2013-07-17","2013-07-31","2014-06-26","NEON.BET.D10.000501","CRADUB","Animalia","Arthropoda","Insecta","Coleoptera","Carabidae","Harpalinae","Harpalini","Cratacanthus",,"dubius",,"Cratacanthus dubius","Palisot de Beauvois","species",,"M",,"Other","Robert L. Davidson","Carnegie Museum of Invertebrate Zoology",,"No known compromise","N",,
"d3cd6199-0805-4576-a3d3-aea47d5c2d47","CPER_008.basePlot.bet","D10","CPER","CPER_008","2013-07-17","2013-07-31","2014-07-07","NEON.BET.D10.000442","DISPAR1","Animalia","Arthropoda","Insecta","Coleoptera","Carabidae","Harpalinae","Harpalini","Discoderus",,"parallelus",,"Discoderus parallelus","Haldeman","species",,"M",,"Other","Robert L. Davidson","Carnegie Museum of Invertebrate Zoology",,"No known compromise","N",,
"790150a8-f838-47ef-857c-45e32bb9a5e3","CPER_008.basePlot.bet","D10","CPER","CPER_008","2013-07-17","2013-07-31","2014-07-07","NEON.BET.D10.000441","DISPAR1","Animalia","Arthropoda","Insecta","Coleoptera","Carabidae","Harpalinae","Harpalini","Discoderus",,"parallelus",,"Discoderus parallelus","Haldeman","species",,"M",,"Other","Robert L. Davidson","Carnegie Museum of Invertebrate Zoology",,"No known compromise","N",,
"ddad1736-f269-47ce-803d-2d83da49ce83","CPER_009.basePlot.bet","D10","CPER","CPER_009","2013-07-17","2013-07-31","2014-06-25","NEON.BET.D10.000504","CRADUB","Animalia","Arthropoda","Insecta","Coleoptera","Carabidae","Harpalinae","Harpalini","Cratacanthus",,"dubius",,"Cratacanthus dubius","Palisot de Beauvois","species",,"M",,"Other","Robert L. Davidson","Carnegie Museum of Invertebrate Zoology",,"No known compromise","N",,
"dff4df3c-33d8-47ba-bd02-333ff123f992","CPER_006.basePlot.bet","D10","CPER","CPER_006","2013-07-17","2013-07-31","2014-07-07","NEON.BET.D10.000649","DISPAR1","Animalia","Arthropoda","Insecta","Coleoptera","Carabidae","Harpalinae","Harpalini","Discoderus",,"parallelus",,"Discoderus parallelus","Haldeman","species",,"F",,"Other","Robert L. Davidson","Carnegie Museum of Invertebrate Zoology",,"No known compromise","N",,
"1535661b-e9c7-4e28-b0d4-3e6eddabf121","CPER_006.basePlot.bet","D10","CPER","CPER_006","2013-07-17","2013-07-31","2014-07-02","NEON.BET.D10.000650","SELPLA","Animalia","Arthropoda","Insecta","Coleoptera","Carabidae","Harpalinae","Harpalini","Selenophorus","Selenophorus","planipennis",,"Selenophorus planipennis","LeConte","species",,"F",,"Other","Robert L. Davidson","Carnegie Museum of Invertebrate Zoology",,"No known compromise","N",,
"060c8255-2aca-4fa3-a413-3d0ebbbe0735","CPER_006.basePlot.bet","D10","CPER","CPER_006","2013-07-17","2013-07-31","2014-07-07","NEON.BET.D10.000648","DISPAR1","Animalia","Arthropoda","Insecta","Coleoptera","Carabidae","Harpalinae","Harpalini","Discoderus",,"parallelus",,"Discoderus parallelus","Haldeman","species",,"M",,"Other","Robert L. Davidson","Carnegie Museum of Invertebrate Zoology",,"No known compromise","N",,"Returned"
"5bc3795e-f10a-46e4-98e5-26eaa47c146e","CPER_006.basePlot.bet","D10","CPER","CPER_006","2013-07-17","2013-07-31","2014-07-02","NEON.BET.D10.000651","PIOSET","Animalia","Arthropoda","Insecta","Coleoptera","Carabidae","Harpalinae","Harpalini","Piosoma",,"setosum",,"Piosoma setosum","LeConte","species",,"F",,"Other","Robert L. Davidson","Carnegie Museum of Invertebrate Zoology",,"No known compromise","N",,
"06b6a25f-3cb0-4b5f-8bde-97b28dfcd16c","CPER_006.basePlot.bet","D10","CPER","CPER_006","2013-07-17","2013-07-31","2014-07-02","NEON.BET.D10.000645","PIOSET","Animalia","Arthropoda","Insecta","Coleoptera","Carabidae","Harpalinae","Harpalini","Piosoma",,"setosum",,"Piosoma setosum","LeConte","species",,"F",,"Other","Robert L. Davidson","Carnegie Museum of Invertebrate Zoology",,"No known compromise","N",,
"007db31f-1933-43d4-9e20-ab6d960423de","CPER_006.basePlot.bet","D10","CPER","CPER_006","2013-07-17","2013-07-31","2014-07-02","NEON.BET.D10.000652","AMACON3","Animalia","Arthropoda","Insecta","Coleoptera","Carabidae","Harpalinae","Zabrini","Amara","Amara","convexa",,"Amara convexa","LeConte","species",,"M",,"Other","Robert L. Davidson","Carnegie Museum of Invertebrate Zoology",,"No known compromise","N",,"Returned"
"40abde39-20d5-4fda-b3ed-4509a27e0401","CPER_005.basePlot.bet","D10","CPER","CPER_005","2013-07-17","2013-07-31","2014-06-25","NEON.BET.D10.000674","HARFRA","Animalia","Arthropoda","Insecta","Coleoptera","Carabidae","Harpalinae","Harpalini","Harpalus","Opadius","fraternus",,"Harpalus fraternus","LeConte","species",,"F",,"Other","Robert L. Davidson","Carnegie Museum of Invertebrate Zoology",,"No known compromise","N",,"Returned"
"e649e733-e3ea-4e7e-a8f0-6fca538e5c88","CPER_003.basePlot.bet","D10","CPER","CPER_003","2013-07-17","2013-07-31","2014-07-07","NEON.BET.D10.000685","HARSP7","Animalia","Arthropoda","Insecta","Coleoptera","Carabidae","Harpalinae","Harpalini","Harpalus",,"sp.",,"Harpalus sp.","Latreille","genus","cf. species","F",,"Other","Robert L. Davidson","Carnegie Museum of Invertebrate Zoology","associated with confirmed males","No known compromise","N",,
"ecba428f-2203-4608-8cc4-4b092e8d26da","CPER_005.basePlot.bet","D10","CPER","CPER_005","2013-07-17","2013-07-31","2014-06-25","NEON.BET.D10.000676","CRADUB","Animalia","Arthropoda","Insecta","Coleoptera","Carabidae","Harpalinae","Harpalini","Cratacanthus",,"dubius",,"Cratacanthus dubius","Palisot de Beauvois","species",,"F",,"Other","Robert L. Davidson","Carnegie Museum of Invertebrate Zoology",,"No known compromise","N",,
"d7f729d8-bc4a-4bc5-a129-5f820431276c","CPER_003.basePlot.bet","D10","CPER","CPER_003","2013-07-17","2013-07-31","2014-06-25","NEON.BET.D10.000686","EURGRO","Animalia","Arthropoda","Insecta","Coleoptera","Carabidae","Harpalinae","Harpalini","Euryderus",,"grossus",,"Euryderus grossus","Say","species",,"M",,"Other","Robert L. Davidson","Carnegie Museum of Invertebrate Zoology",,"No known compromise","N",,
"9c0b10ce-bd34-4449-9675-1fede35b9ba8","CPER_003.basePlot.bet","D10","CPER","CPER_003","2013-07-17","2013-07-31","2014-06-25","NEON.BET.D10.000679","HARDES","Animalia","Arthropoda","Insecta","Coleoptera","Carabidae","Harpalinae","Harpalini","Harpalus","Opadius","desertus",,"Harpalus desertus","LeConte","species",,"M",,"Other","Robert L. Davidson","Carnegie Museum of Invertebrate Zoology",,"No known compromise","N",,"Returned"
"89439550-7a9b-4d02-8b68-cf8147b6fb75","CPER_003.basePlot.bet","D10","CPER","CPER_003","2013-07-17","2013-07-31","2014-06-25","NEON.BET.D10.000683","EURGRO","Animalia","Arthropoda","Insecta","Coleoptera","Carabidae","Harpalinae","Harpalini","Euryderus",,"grossus",,"Euryderus grossus","Say","species",,"M",,"Other","Robert L. Davidson","Carnegie Museum of Invertebrate Zoology",,"No known compromise","N",,
"afc0fc6f-9b25-4ac9-84b7-43ce5806db50","CPER_003.basePlot.bet","D10","CPER","CPER_003","2013-07-17","2013-07-31","2014-07-02","NEON.BET.D10.000684","PIOSET","Animalia","Arthropoda","Insecta","Coleoptera","Carabidae","Harpalinae","Harpalini","Piosoma",,"setosum",,"Piosoma setosum","LeConte","species",,"F",,"Other","Robert L. Davidson","Carnegie Museum of Invertebrate Zoology",,"No known compromise","N",,
"c1f33762-9ffa-4484-9f6a-3fe4118146fc","CPER_003.basePlot.bet","D10","CPER","CPER_003","2013-07-17","2013-07-31","2014-06-26","NEON.BET.D10.000681","EURGRO","Animalia","Arthropoda","Insecta","Coleoptera","Carabidae","Harpalinae","Harpalini","Euryderus",,"grossus",,"Euryderus grossus","Say","species",,"F",,"Other","Robert L. Davidson","Carnegie Museum of Invertebrate Zoology",,"No known compromise","N",,
"c14826cd-6c3b-4bdb-9a35-e870029ffd17","CPER_003.basePlot.bet","D10","CPER","CPER_003","2013-07-17","2013-07-31","2014-07-02","NEON.BET.D10.000680","HARSP7","Animalia","Arthropoda","Insecta","Coleoptera","Carabidae","Harpalinae","Harpalini","Harpalus",,"sp.",,"Harpalus sp.","Latreille","genus","cf. species","F",,"Other","Robert L. Davidson","Carnegie Museum of Invertebrate Zoology","associated with confirmed males","No known compromise","N",,"Returned"
"781554f5-ce89-4c73-9448-714c7ea194fe","CPER_004.basePlot.bet","D10","CPER","CPER_004","2013-07-17","2013-07-31","2014-07-07","NEON.BET.D10.000670","DISPAR1","Animalia","Arthropoda","Insecta","Coleoptera","Carabidae","Harpalinae","Harpalini","Discoderus",,"parallelus",,"Discoderus parallelus","Haldeman","species",,"F",,"Other","Robert L. Davidson","Carnegie Museum of Invertebrate Zoology",,"No known compromise","N",,
"9c107333-ddcd-4373-9d66-9c7a54c0f457","CPER_002.basePlot.bet","D10","CPER","CPER_002","2013-07-17","2013-07-31","2014-07-02","NEON.BET.D10.000697","SELPLA","Animalia","Arthropoda","Insecta","Coleoptera","Carabidae","Harpalinae","Harpalini","Selenophorus","Selenophorus","planipennis",,"Selenophorus planipennis","LeConte","species",,"F",,"Other","Robert L. Davidson","Carnegie Museum of Invertebrate Zoology",,"No known compromise","N",,"Returned"
"5d9abb02-02e1-42c1-9050-0315cdbd78c6","CPER_002.basePlot.bet","D10","CPER","CPER_002","2013-07-17","2013-07-31","2014-07-02","NEON.BET.D10.000687","PIOSET","Animalia","Arthropoda","Insecta","Coleoptera","Carabidae","Harpalinae","Harpalini","Piosoma",,"setosum",,"Piosoma setosum","LeConte","species",,"F",,"Other","Robert L. Davidson","Carnegie Museum of Invertebrate Zoology",,"No known compromise","N",,
"cec7efaa-205e-4055-8eab-b48c0a27f298","CPER_002.basePlot.bet","D10","CPER","CPER_002","2013-07-17","2013-07-31","2014-07-02","NEON.BET.D10.000692","SELPLA","Animalia","Arthropoda","Insecta","Coleoptera","Carabidae","Harpalinae","Harpalini","Selenophorus","Selenophorus","planipennis",,"Selenophorus planipennis","LeConte","species",,"M",,"Other","Robert L. Davidson","Carnegie Museum of Invertebrate Zoology",,"No known compromise","N",,
"15a80a3c-0a12-41b7-8b34-f8a4959483f2","CPER_002.basePlot.bet","D10","CPER","CPER_002","2013-07-17","2013-07-31","2014-07-02","NEON.BET.D10.000698","SELPLA","Animalia","Arthropoda","Insecta","Coleoptera","Carabidae","Harpalinae","Harpalini","Selenophorus","Selenophorus","planipennis",,"Selenophorus planipennis","LeConte","species",,"F",,"Other","Robert L. Davidson","Carnegie Museum of Invertebrate Zoology",,"No known compromise","N",,"Returned"
"e25073dd-8dc7-4034-95b6-b2273d8bcafc","CPER_002.basePlot.bet","D10","CPER","CPER_002","2013-07-17","2013-07-31","2014-07-02","NEON.BET.D10.000695","SELPLA","Animalia","Arthropoda","Insecta","Coleoptera","Carabidae","Harpalinae","Harpalini","Selenophorus","Selenophorus","planipennis",,"Selenophorus planipennis","LeConte","species",,"F",,"Other","Robert L. Davidson","Carnegie Museum of Invertebrate Zoology",,"No known compromise","N",,
"353818b0-7aee-425a-abdb-bc8c52e2673d","CPER_002.basePlot.bet","D10","CPER","CPER_002","2013-07-17","2013-07-31","2014-06-26","NEON.BET.D10.000689","SELPLA","Animalia","Arthropoda","Insecta","Coleoptera","Carabidae","Harpalinae","Harpalini","Selenophorus","Selenophorus","planipennis",,"Selenophorus planipennis","LeConte","species",,"F",,"Other","Robert L. Davidson","Carnegie Museum of Invertebrate Zoology",,"other (described in remarks)","N",,"MISSING SPECIMEN (re-associated)"
"20310a0f-0f57-47ab-90b9-f94ea1003324","CPER_002.basePlot.bet","D10","CPER","CPER_002","2013-07-17","2013-07-31","2014-06-26","NEON.BET.D10.000688","CRADUB","Animalia","Arthropoda","Insecta","Coleoptera","Carabidae","Harpalinae","Harpalini","Cratacanthus",,"dubius",,"Cratacanthus dubius","Palisot de Beauvois","species",,"M",,"Other","Robert L. Davidson","Carnegie Museum of Invertebrate Zoology",,"No known compromise","N",,
"7cb08794-d023-4d32-8ce7-511a4b9a3222","CPER_002.basePlot.bet","D10","CPER","CPER_002","2013-07-17","2013-07-31","2014-07-02","NEON.BET.D10.000700","SELPLA","Animalia","Arthropoda","Insecta","Coleoptera","Carabidae","Harpalinae","Harpalini","Selenophorus","Selenophorus","planipennis",,"Selenophorus planipennis","LeConte","species",,"F",,"Other","Robert L. Davidson","Carnegie Museum of Invertebrate Zoology",,"No known compromise","N",,
"27ef3037-54f8-41ee-9874-5754e7cb0e7e","CPER_002.basePlot.bet","D10","CPER","CPER_002","2013-07-17","2013-07-31","2014-06-25","NEON.BET.D10.000703","CRADUB","Animalia","Arthropoda","Insecta","Coleoptera","Carabidae","Harpalinae","Harpalini","Cratacanthus",,"dubius",,"Cratacanthus dubius","Palisot de Beauvois","species",,"M",,"Other","Robert L. Davidson","Carnegie Museum of Invertebrate Zoology",,"No known compromise","N",,
"c977c8c4-4b7a-4332-8c20-9d8fe5d9bc93","CPER_002.basePlot.bet","D10","CPER","CPER_002","2013-07-17","2013-07-31","2014-07-02","NEON.BET.D10.000704","SELPLA","Animalia","Arthropoda","Insecta","Coleoptera","Carabidae","Harpalinae","Harpalini","Selenophorus","Selenophorus","planipennis",,"Selenophorus planipennis","LeConte","species",,"F",,"Other","Robert L. Davidson","Carnegie Museum of Invertebrate Zoology",,"No known compromise","N",,
"2e48632b-1751-4b61-b2d3-7a890405c16b","CPER_002.basePlot.bet","D10","CPER","CPER_002","2013-07-17","2013-07-31","2014-07-02","NEON.BET.D10.000696","SELPLA","Animalia","Arthropoda","Insecta","Coleoptera","Carabidae","Harpalinae","Harpalini","Selenophorus","Selenophorus","planipennis",,"Selenophorus planipennis","LeConte","species",,"M",,"Other","Robert L. Davidson","Carnegie Museum of Invertebrate Zoology",,"No known compromise","N",,
"aecdad34-12ee-4dc2-a279-f871842f0903","CPER_002.basePlot.bet","D10","CPER","CPER_002","2013-07-17","2013-07-31","2014-06-26","NEON.BET.D10.000690","SELPLA","Animalia","Arthropoda","Insecta","Coleoptera","Carabidae","Harpalinae","Harpalini","Selenophorus","Selenophorus","planipennis",,"Selenophorus planipennis","LeConte","species",,"M",,"Other","Robert L. Davidson","Carnegie Museum of Invertebrate Zoology",,"No known compromise","N",,"Returned"
"4c39e182-16bd-4b15-af8c-660c882fe436","CPER_002.basePlot.bet","D10","CPER","CPER_002","2013-07-17","2013-07-31","2014-07-02","NEON.BET.D10.000705","SELPLA","Animalia","Arthropoda","Insecta","Coleoptera","Carabidae","Harpalinae","Harpalini","Selenophorus","Selenophorus","planipennis",,"Selenophorus planipennis","LeConte","species",,"F",,"Other","Robert L. Davidson","Carnegie Museum of Invertebrate Zoology",,"No known compromise","N",,
"430aa872-bb08-412f-bc5a-a493b21dbbe9","CPER_002.basePlot.bet","D10","CPER","CPER_002","2013-07-17","2013-07-31","2014-07-02","NEON.BET.D10.000694","SELPLA","Animalia","Arthropoda","Insecta","Coleoptera","Carabidae","Harpalinae","Harpalini","Selenophorus","Selenophorus","planipennis",,"Selenophorus planipennis","LeConte","species",,"F",,"Other","Robert L. Davidson","Carnegie Museum of Invertebrate Zoology",,"No known compromise","N",,
"099e4085-a5d7-4306-a2c9-25339c81aa21","CPER_002.basePlot.bet","D10","CPER","CPER_002","2013-07-17","2013-07-31","2014-07-02","NEON.BET.D10.000693","SELPLA","Animalia","Arthropoda","Insecta","Coleoptera","Carabidae","Harpalinae","Harpalini","Selenophorus","Selenophorus","planipennis",,"Selenophorus planipennis","LeConte","species",,"M",,"Other","Robert L. Davidson","Carnegie Museum of Invertebrate Zoology",,"No known compromise","N",,
"8872eeac-b10c-4638-a6b2-282b67dc6960","CPER_002.basePlot.bet","D10","CPER","CPER_002","2013-07-17","2013-07-31","2014-07-02","NEON.BET.D10.000699","SELPLA","Animalia","Arthropoda","Insecta","Coleoptera","Carabidae","Harpalinae","Harpalini","Selenophorus","Selenophorus","planipennis",,"Selenophorus planipennis","LeConte","species",,"F",,"Other","Robert L. Davidson","Carnegie Museum of Invertebrate Zoology",,"No known compromise","N",,
"353cfa45-ddf6-4237-9899-c810a1afd6fe","CPER_002.basePlot.bet","D10","CPER","CPER_002","2013-07-17","2013-07-31","2014-07-02","NEON.BET.D10.000691","SELPLA","Animalia","Arthropoda","Insecta","Coleoptera","Carabidae","Harpalinae","Harpalini","Selenophorus","Selenophorus","planipennis",,"Selenophorus planipennis","LeConte","species",,"M",,"Other","Robert L. Davidson","Carnegie Museum of Invertebrate Zoology",,"No known compromise","N",,
"2ee184f9-aefd-4c5a-994b-7a8b7b7ea4cc","CPER_002.basePlot.bet","D10","CPER","CPER_002","2013-07-17","2013-07-31","2014-07-02","NEON.BET.D10.000754","SELPLA","Animalia","Arthropoda","Insecta","Coleoptera","Carabidae","Harpalinae","Harpalini","Selenophorus","Selenophorus","planipennis",,"Selenophorus planipennis","LeConte","species",,"F",,"Other","Robert L. Davidson","Carnegie Museum of Invertebrate Zoology",,"No known compromise","N",,
"f71d43e2-e595-4b24-ae81-848663faeaed","CPER_009.basePlot.bet","D10","CPER","CPER_009","2013-07-17","2013-07-31","2014-06-25","NEON.BET.D10.000052","CICPUN1","Animalia","Arthropoda","Insecta","Coleoptera","Carabidae","Cicindelinae","Cicindelini","Cicindela","Cicindelidia","punctulata","punctulata","Cicindela punctulata punctulata","Olivier","subspecies",,"F",,"Other","Robert L. Davidson","Carnegie Museum of Invertebrate Zoology",,"No known compromise","N",,
