uid,namedLocation,domainID,siteID,plotID,trapID,setDate,collectDate,processingDate,etOHChangeDate,identifiedDate,sampleID,subsampleID,sampleType,taxonID,scientificName,taxonRank,identificationQualifier,scientificNameAuthorship,morphospeciesID,individualCount,identificationReferences,identifiedBy,recordedBy,remarks
"ce2794d6-c219-4d63-835c-db481a494788","CPER_006.basePlot.bet","D10","CPER","CPER_006","E","2013-06-19","2013-07-03","2013-07-03","2013-10-01",,"CPER_006.E.20130703","NHMCrMp+/ZUdT5TuJYNLZkP8xFCZCxU6OeIr0vwWDZY=","other carabid","CARSP14","Carabidae sp.","family",,"Latreille",,3,"Other",,"939nyUFS/FeVvAlqBKRbRN9L0LzI1IQ4","individualCount estimated based on number of pinning records|processing date was added later and may not be accurate"
"3ec7a820-eac9-4c4c-84a4-277617bc7283","CPER_009.basePlot.bet","D10","CPER","CPER_009","W","2013-06-19","2013-07-03","2013-07-03","2013-10-01",,"CPER_009.W.20130703","KY+Aed9dLRs24qfiWptCon/UMvXA477RSbYcx0PxDuk=","other carabid","CARSP14","Carabidae sp.","family",,"Latreille",,1,"Other",,"939nyUFS/FeVvAlqBKRbRN9L0LzI1IQ4","individualCount estimated based on number of pinning records|processing date was added later and may not be accurate"
"9ada2244-1e8c-425e-af2e-10c23b980e7e","CPER_002.basePlot.bet","D10","CPER","CPER_002","E","2013-06-19","2013-07-03","2013-07-03","2013-10-01",,"CPER_002.E.20130703","OMNGlFKVPvTHX3AIFb6Z544f4dpZEnSMQHd00WN5rAM=","other carabid","CARSP14","Carabidae sp.","family",,"Latreille",,1,"Other",,"939nyUFS/FeVvAlqBKRbRN9L0LzI1IQ4","individualCount estimated based on number of pinning records|processing date was added later and may not be accurate"
"5bc0dbd0-23b4-4006-bbf6-c2351a439c00","CPER_003.basePlot.bet","D10","CPER","CPER_003","E","2013-06-19","2013-07-03","2013-07-03","2013-10-01",,"CPER_003.E.20130703","omCPNZnkoGT/UgsFQdt0Xx2zs/ztbzQHAPaRbZ7hmRo=","other carabid","CARSP14","Carabidae sp.","family",,"Latreille",,26,"Other",,"939nyUFS/FeVvAlqBKRbRN9L0LzI1IQ4","individualCount estimated based on number of pinning records|processing date was added later and may not be accurate| identified date was added later and may not be accurate"
"4aa25199-d435-4003-ab62-1ba6e85fbef1","CPER_004.basePlot.bet","D10","CPER","CPER_004","E","2013-06-19","2013-07-03","2013-07-03","2013-10-01",,"CPER_004.E.20130703","eSCyThC0ZO6dQAg554CeHNBvbMkAwA5aDgvaysGQFzY=","other carabid","CARSP14","Carabidae sp.","family",,"Latreille",,14,"Other",,"939nyUFS/FeVvAlqBKRbRN9L0LzI1IQ4","individualCount estimated based on number of pinning records|processing date was added later and may not be accurate"
"7ad65dc0-71c7-4a33-bbc6-a9e2d6219005","CPER_007.basePlot.bet","D10","CPER","CPER_007","E","2013-06-19","2013-07-03","2013-07-03","2013-10-01",,"CPER_007.E.20130703","SOIi55Lib0JEZ5u728sw4gY93DvBs+nHHBqffWTyWNk=","other carabid","CARSP14","Carabidae sp.","family",,"Latreille",,2,"Other",,"939nyUFS/FeVvAlqBKRbRN9L0LzI1IQ4","individualCount estimated based on number of pinning records|processing date was added later and may not be accurate"
"aa3f7b1a-f2af-4e9d-b0cd-1a54a037e0e7","CPER_008.basePlot.bet","D10","CPER","CPER_008","N","2013-06-19","2013-07-03","2013-07-03","2013-10-01",,"CPER_008.N.20130703","kqngcYlCVJ5BmxRweU8Dqf+/bgKJ6W8T1thZkbIBodU=","other carabid","CARSP14","Carabidae sp.","family",,"Latreille",,1,"Other",,"939nyUFS/FeVvAlqBKRbRN9L0LzI1IQ4","individualCount estimated based on number of pinning records|processing date was added later and may not be accurate| identified date was added later and may not be accurate"
"ea7ae025-b056-450f-bba6-fa3e2b790010","CPER_009.basePlot.bet","D10","CPER","CPER_009","N","2013-06-19","2013-07-03","2013-07-03","2013-10-01",,"CPER_009.N.20130703","KY+Aed9dLRvaREKoXkaV2pzrXBuVFLhiaYcUKztu+ZY=","other carabid","CARSP14","Carabidae sp.","family",,"Latreille",,4,"Other",,"939nyUFS/FeVvAlqBKRbRN9L0LzI1IQ4","individualCount estimated based on number of pinning records|processing date was added later and may not be accurate"
"217eb1f2-9ec6-42fd-800f-a57697459857","CPER_002.basePlot.bet","D10","CPER","CPER_002","N","2013-06-19","2013-07-03","2013-07-03","2013-10-01",,"CPER_002.N.20130703","OMNGlFKVPvSEdh2jYsyIV2+0tqCEfQ0AibCQ1P3lgQU=","other carabid","CARSP14","Carabidae sp.","family",,"Latreille",,1,"Other",,"939nyUFS/FeVvAlqBKRbRN9L0LzI1IQ4","individualCount estimated based on number of pinning records|processing date was added later and may not be accurate"
"016fff9e-8ecf-403f-abf9-f4dbd0bf65be","CPER_006.basePlot.bet","D10","CPER","CPER_006","N","2013-06-19","2013-07-03","2013-07-03","2013-10-01",,"CPER_006.N.20130703","NHMCrMp+/ZXnfAUgtD6kjcxzPQudUi/sA6kpTcD6Rh4=","other carabid","CARSP14","Carabidae sp.","family",,"Latreille",,4,"Other",,"939nyUFS/FeVvAlqBKRbRN9L0LzI1IQ4","individualCount estimated based on number of pinning records|processing date was added later and may not be accurate"
"4d798842-b1b0-4e9b-8125-23bff8b54292","CPER_007.basePlot.bet","D10","CPER","CPER_007","N","2013-06-19","2013-07-03","2013-07-03","2013-10-01",,"CPER_007.N.20130703","SOIi55Lib0Jwd1VUE3MypuBTxSBfDk7eJhuUf54gMC8=","other carabid","CARSP14","Carabidae sp.","family",,"Latreille",,2,"Other",,"939nyUFS/FeVvAlqBKRbRN9L0LzI1IQ4","individualCount estimated based on number of pinning records|processing date was added later and may not be accurate| identified date was added later and may not be accurate"
"4a243896-cdaf-444a-8c73-34053b0bf4b8","CPER_010.basePlot.bet","D10","CPER","CPER_010","N","2013-06-19","2013-07-03","2013-07-03","2013-10-01",,"CPER_010.N.20130703","DW9ihRbrMtmS4GLxbngvwYvp3DNT+Bvw0Zm6bWARRYo=","other carabid","CARSP14","Carabidae sp.","family",,"Latreille",,1,"Other",,"939nyUFS/FeVvAlqBKRbRN9L0LzI1IQ4","individualCount estimated based on number of pinning records|processing date was added later and may not be accurate"
"8c3b2d48-8e23-4ba7-9ce4-d7040c30401f","CPER_005.basePlot.bet","D10","CPER","CPER_005","N","2013-06-19","2013-07-03","2013-07-03","2013-10-01",,"CPER_005.N.20130703","e1AKewEwvnEJ27JYgSozYmyZ4uw1ACxEv59PUNc8dcA=","other carabid","CARSP14","Carabidae sp.","family",,"Latreille",,1,"Other",,"939nyUFS/FeVvAlqBKRbRN9L0LzI1IQ4","individualCount estimated based on number of pinning records|processing date was added later and may not be accurate"
"2cc08f2d-adaf-4ca5-994a-021e5029de79","CPER_003.basePlot.bet","D10","CPER","CPER_003","N","2013-06-19","2013-07-03","2013-07-03","2013-10-01",,"CPER_003.N.20130703","omCPNZnkoGSI1Fs6iZsYkQl+VO6EvWrIuiYZVYsRPbw=","other carabid","CARSP14","Carabidae sp.","family",,"Latreille",,16,"Other",,"939nyUFS/FeVvAlqBKRbRN9L0LzI1IQ4","individualCount estimated based on number of pinning records|processing date was added later and may not be accurate"
"f9c72850-9d65-42d8-bce2-ed076887e902","CPER_001.basePlot.bet","D10","CPER","CPER_001","N","2013-06-19","2013-07-03","2013-07-03","2013-10-01",,"CPER_001.N.20130703","BEtTVHT1LvHsfSIU5sUVotuYRkaQ/jg427u1JUswbU8=","other carabid","CARSP14","Carabidae sp.","family",,"Latreille",,1,"Other",,"939nyUFS/FeVvAlqBKRbRN9L0LzI1IQ4","individualCount estimated based on number of pinning records|processing date was added later and may not be accurate | Identified date was added later and may not be accurate"
"db599250-45c9-40ec-bcd7-1de2dcdb67d2","CPER_004.basePlot.bet","D10","CPER","CPER_004","N","2013-06-19","2013-07-03","2013-07-03","2013-10-01",,"CPER_004.N.20130703","eSCyThC0ZO7XqPQq4Q+UQ/DcNwGO+ghAMGU/htKQ2SU=","other carabid","CARSP14","Carabidae sp.","family",,"Latreille",,12,"Other",,"939nyUFS/FeVvAlqBKRbRN9L0LzI1IQ4","individualCount estimated based on number of pinning records|processing date was added later and may not be accurate| identified date was added later and may not be accurate"
"8c1097ec-1a13-4cdf-99b3-63a8df523c6e","CPER_003.basePlot.bet","D10","CPER","CPER_003","S","2013-06-19","2013-07-03","2013-07-03","2013-10-01",,"CPER_003.S.20130703","omCPNZnkoGSbDcRwnvB5fC/SR6SFgYCLNo1IFluBpho=","other carabid","CARSP14","Carabidae sp.","family",,"Latreille",,22,"Other",,"939nyUFS/FeVvAlqBKRbRN9L0LzI1IQ4","individualCount estimated based on number of pinning records|processing date was added later and may not be accurate| identified date was added later and may not be accurate"
"3f372e04-171d-430e-87ac-d0e92d417d32","CPER_005.basePlot.bet","D10","CPER","CPER_005","S","2013-06-19","2013-07-03","2013-07-03","2013-10-01",,"CPER_005.S.20130703","e1AKewEwvnHh+/JXa9VbTjFExvsve3jz4bfu8rfpuNo=","other carabid","CARSP14","Carabidae sp.","family",,"Latreille",,6,"Other",,"939nyUFS/FeVvAlqBKRbRN9L0LzI1IQ4","individualCount estimated based on number of pinning records|processing date was added later and may not be accurate"
"cd07dfbe-26c5-4cea-8276-b5619d23c846","CPER_004.basePlot.bet","D10","CPER","CPER_004","S","2013-06-19","2013-07-03","2013-07-03","2013-10-01",,"CPER_004.S.20130703","eSCyThC0ZO5qRqdcSYYlcInZhsAZSmHKW9djXLxS2nQ=","other carabid","CARSP14","Carabidae sp.","family",,"Latreille",,8,"Other",,"939nyUFS/FeVvAlqBKRbRN9L0LzI1IQ4","individualCount estimated based on number of pinning records|processing date was added later and may not be accurate| identified date was added later and may not be accurate"
"79849ff7-c645-43a6-8837-dea3c89a9a3b","CPER_007.basePlot.bet","D10","CPER","CPER_007","S","2013-06-19","2013-07-03","2013-07-03","2013-10-01",,"CPER_007.S.20130703","SOIi55Lib0JtmuV/AsU1NhJn8xyZsvRA7pbiuQK7EKw=","other carabid","CARSP14","Carabidae sp.","family",,"Latreille",,1,"Other",,"939nyUFS/FeVvAlqBKRbRN9L0LzI1IQ4","individualCount estimated based on number of pinning records|processing date was added later and may not be accurate"
"393b46d0-f920-4a00-a85b-b0f244826224","CPER_006.basePlot.bet","D10","CPER","CPER_006","S","2013-06-19","2013-07-03","2013-07-03","2013-10-01",,"CPER_006.S.20130703","NHMCrMp+/ZU4TGGfhEMBGhhMkw0OAg+v3/1Px++beTM=","other carabid","CARSP14","Carabidae sp.","family",,"Latreille",,4,"Other",,"939nyUFS/FeVvAlqBKRbRN9L0LzI1IQ4","individualCount estimated based on number of pinning records|processing date was added later and may not be accurate"
"9b866087-9276-407b-8213-f638002db55c","CPER_009.basePlot.bet","D10","CPER","CPER_009","S","2013-06-19","2013-07-03","2013-07-03","2013-10-01",,"CPER_009.S.20130703","KY+Aed9dLRu4RTJyxyx1fSuOth7C88LmF1HHgyScB6w=","other carabid","CARSP14","Carabidae sp.","family",,"Latreille",,2,"Other",,"939nyUFS/FeVvAlqBKRbRN9L0LzI1IQ4","individualCount estimated based on number of pinning records|processing date was added later and may not be accurate"
"c53ed094-4318-4817-a93c-18f5132a43ff","CPER_002.basePlot.bet","D10","CPER","CPER_002","S","2013-06-19","2013-07-03","2013-07-03","2013-10-01",,"CPER_002.S.20130703","OMNGlFKVPvQpN2B+CBcvyaSH5sts1B8S07n5MBvFIf4=","other carabid","CARSP14","Carabidae sp.","family",,"Latreille",,6,"Other",,"939nyUFS/FeVvAlqBKRbRN9L0LzI1IQ4","individualCount estimated based on number of pinning records|processing date was added later and may not be accurate"
"7568f1bc-9651-45bd-b874-7853151db209","CPER_006.basePlot.bet","D10","CPER","CPER_006","W","2013-06-19","2013-07-03","2013-07-03","2013-10-01",,"CPER_006.W.20130703","NHMCrMp+/ZUBBeTWpa1tql1tYOMrgU+4Ia83xA7HVKc=","other carabid","CARSP14","Carabidae sp.","family",,"Latreille",,2,"Other",,"939nyUFS/FeVvAlqBKRbRN9L0LzI1IQ4","individualCount estimated based on number of pinning records|processing date was added later and may not be accurate"
"5c00a549-7fed-473c-adad-0c5ce22762ca","CPER_002.basePlot.bet","D10","CPER","CPER_002","W","2013-06-19","2013-07-03","2013-07-03","2013-10-01",,"CPER_002.W.20130703","OMNGlFKVPvSI2YG2K4Sx7oY85hpbX+zkP2Ppz+eVVC4=","other carabid","CARSP14","Carabidae sp.","family",,"Latreille",,8,"Other",,"939nyUFS/FeVvAlqBKRbRN9L0LzI1IQ4","individualCount estimated based on number of pinning records|processing date was added later and may not be accurate"
"9da9a14a-b298-4bed-ba06-a91326e72ba2","CPER_005.basePlot.bet","D10","CPER","CPER_005","W","2013-06-19","2013-07-03","2013-07-03","2013-10-01",,"CPER_005.W.20130703","e1AKewEwvnHOb0RQ2hlYLbTp3gP1+JHc/TBr1A+T7Hc=","other carabid","CARSP14","Carabidae sp.","family",,"Latreille",,1,"Other",,"939nyUFS/FeVvAlqBKRbRN9L0LzI1IQ4","individualCount estimated based on number of pinning records|processing date was added later and may not be accurate| Identified date was added later and may not be accurate"
"32a5ef9d-689d-4e06-8a48-1ca0e1b3ce00","CPER_003.basePlot.bet","D10","CPER","CPER_003","W","2013-06-19","2013-07-03","2013-07-03","2013-10-01",,"CPER_003.W.20130703","omCPNZnkoGSvU6Yf0Adiox/G71sZVmulknj/Vr1PQBo=","other carabid","CARSP14","Carabidae sp.","family",,"Latreille",,18,"Other",,"939nyUFS/FeVvAlqBKRbRN9L0LzI1IQ4","individualCount estimated based on number of pinning records|processing date was added later and may not be accurate| Identified date was added later and may not be accurate"
"d4628b8c-c7c0-4043-b8bd-2bcbddacbcff","CPER_007.basePlot.bet","D10","CPER","CPER_007","W","2013-06-19","2013-07-03","2013-07-03","2013-10-01",,"CPER_007.W.20130703","SOIi55Lib0J49iM5F0hdXDBmhyfhV8X3TOSefvdesmk=","other carabid","CARSP14","Carabidae sp.","family",,"Latreille",,3,"Other",,"939nyUFS/FeVvAlqBKRbRN9L0LzI1IQ4","individualCount estimated based on number of pinning records|processing date was added later and may not be accurate"
"386f88da-3342-42b3-87a4-3aa0171e4a45","CPER_009.basePlot.bet","D10","CPER","CPER_009","E","2013-06-19","2013-07-03","2013-07-03","2013-10-01",,"CPER_009.E.20130703","KY+Aed9dLRuavgTAU2HCf0Rbb2oOJoTepLqMFQI+pm4=","other carabid","CARSP14","Carabidae sp.","family",,"Latreille",,2,"Other",,"939nyUFS/FeVvAlqBKRbRN9L0LzI1IQ4","individualCount estimated based on number of pinning records|processing date was added later and may not be accurate| identified date was added later and may not be accurate"
"294390c3-82a3-4828-8d16-e8e335c478ec","CPER_002.basePlot.bet","D10","CPER","CPER_002","E","2013-07-03","2013-07-17","2013-07-18","2013-10-15",,"CPER_002.E.20130717","OMNGlFKVPvTHX3AIFb6Z5wza0KbxVQICF1HFQR0/m2E=","other carabid","CARSP14","Carabidae sp.","family",,"Latreille",,3,"Other",,"XXW8BqPXtz8Ncjf8bOi7gc6Hj7+NVXsl","individualCount estimated based on number of pinning records|processingDate was added later and may not be accurate"
"d7f722f4-64d1-4a3a-82bb-cf86c35dd9f0","CPER_010.basePlot.bet","D10","CPER","CPER_010","E","2013-07-03","2013-07-17","2013-07-18","2013-10-15","2013-10-15","CPER_010.E.20130717","DW9ihRbrMtmS3R0jbcX62Ts23IxF5A4WMoj8X+YO6iU=","carabid","PASELO","Pasimachus elongatus","species",,"LeConte",,4,"Other","P+EeY8owwbjzXaiaPoIJpc6mcpR6iWBh","XXW8BqPXtz8Ncjf8bOi7gc6Hj7+NVXsl","processingDate was added later and may not be accurate| identifiedDate was added later and may not be accurate"
"9a200d0b-1451-4be3-9d82-f5ccaddeacd9","CPER_008.basePlot.bet","D10","CPER","CPER_008","E","2013-07-03","2013-07-17","2013-07-18","2013-10-15",,"CPER_008.E.20130717","kqngcYlCVJ763qd8lIlCUPA+I3YMLzVt0O6DlCTTV7U=","other carabid","CARSP14","Carabidae sp.","family",,"Latreille",,14,"Other",,"XXW8BqPXtz8Ncjf8bOi7gc6Hj7+NVXsl","individualCount estimated based on number of pinning records|processingDate was added later and may not be accurate| identifiedDate was added later and may not be accurate"
"b06c85bc-ef80-4e37-8d26-edba0fc127a0","CPER_009.basePlot.bet","D10","CPER","CPER_009","E","2013-07-03","2013-07-17","2013-07-18","2013-10-15",,"CPER_009.E.20130717","KY+Aed9dLRuavgTAU2HCf8o1BamDxlu72vyz+fC7xQ4=","other carabid","CARSP14","Carabidae sp.","family",,"Latreille",,1,"Other",,"XXW8BqPXtz8Ncjf8bOi7gc6Hj7+NVXsl","individualCount estimated based on number of pinning records|processingDate was added later and may not be accurate| identifiedDate was added later and may not be accurate"
"faff3d82-acd1-4086-955b-6f5ac3d1869e","CPER_006.basePlot.bet","D10","CPER","CPER_006","E","2013-07-03","2013-07-17","2013-07-18","2013-10-15",,"CPER_006.E.20130717","NHMCrMp+/ZUdT5TuJYNLZhqEbZbhh90l2yGzgBRIx1k=","other carabid","CARSP14","Carabidae sp.","family",,"Latreille",,3,"Other",,"XXW8BqPXtz8Ncjf8bOi7gc6Hj7+NVXsl","individualCount estimated based on number of pinning records|processingDate was added later and may not be accurate"
"1c7351eb-d610-4fff-ae37-d7ce3e9c47f4","CPER_004.basePlot.bet","D10","CPER","CPER_004","E","2013-07-03","2013-07-17","2013-07-18","2013-10-15",,"CPER_004.E.20130717","eSCyThC0ZO6dQAg554CeHK3MRXh7ADDE1pqC/thLKgU=","other carabid","CARSP14","Carabidae sp.","family",,"Latreille",,27,"Other",,"XXW8BqPXtz8Ncjf8bOi7gc6Hj7+NVXsl","individualCount estimated based on number of pinning records|processingDate was added later and may not be accurate"
"046f7a9e-1f16-49e2-b5b3-faf12e8451af","CPER_005.basePlot.bet","D10","CPER","CPER_005","E","2013-07-03","2013-07-17","2013-07-18","2013-10-15",,"CPER_005.E.20130717","e1AKewEwvnE3fwuuaKA9aPn1c7TEVMXedpNEvxhBzN0=","other carabid","CARSP14","Carabidae sp.","family",,"Latreille",,2,"Other",,"XXW8BqPXtz8Ncjf8bOi7gc6Hj7+NVXsl","individualCount estimated based on number of pinning records|processingDate was added later and may not be accurate| identifiedDate was added later and may not be accurate"
"d6ecfb45-f1aa-4614-addc-2aabd76b2317","CPER_003.basePlot.bet","D10","CPER","CPER_003","E","2013-07-03","2013-07-17","2013-07-18","2013-10-15",,"CPER_003.E.20130717","omCPNZnkoGT/UgsFQdt0XzEQpSljeSzk6gno0bYjwWg=","other carabid","CARSP14","Carabidae sp.","family",,"Latreille",,16,"Other",,"XXW8BqPXtz8Ncjf8bOi7gc6Hj7+NVXsl","individualCount estimated based on number of pinning records|processingDate was added later and may not be accurate| identifiedDate was added later and may not be accurate"
"c5f43f9a-51c2-4c08-b40c-5eb617ccc736","CPER_010.basePlot.bet","D10","CPER","CPER_010","E","2013-07-03","2013-07-17","2013-07-18","2013-10-15",,"CPER_010.E.20130717","DW9ihRbrMtmS3R0jbcX62fak045+m3SOf70OlwHn9U8=","other carabid","CARSP14","Carabidae sp.","family",,"Latreille",,2,"Other",,"XXW8BqPXtz8Ncjf8bOi7gc6Hj7+NVXsl","individualCount estimated based on number of pinning records|processingDate was added later and may not be accurate"
"9dbdd579-6946-40f6-8961-c2b736f984d4","CPER_008.basePlot.bet","D10","CPER","CPER_008","N","2013-07-03","2013-07-17","2013-07-18","2013-10-15","2013-10-15","CPER_008.N.20130717","kqngcYlCVJ5BmxRweU8DqSp9FuQVz25WEjzCoMs7M8I=","carabid","PASELO","Pasimachus elongatus","species",,"LeConte",,1,"Other","P+EeY8owwbjzXaiaPoIJpc6mcpR6iWBh","XXW8BqPXtz8Ncjf8bOi7gc6Hj7+NVXsl","processingDate was added later and may not be accurate| identifiedDate was added later and may not be accurate"
"e89d0ff0-556e-425f-b01b-609918e16d22","CPER_009.basePlot.bet","D10","CPER","CPER_009","N","2013-07-03","2013-07-17","2013-07-18","2013-10-15",,"CPER_009.N.20130717","KY+Aed9dLRvaREKoXkaV2siIwqkxjbtJWRzRheFl8ZQ=","other carabid","CARSP14","Carabidae sp.","family",,"Latreille",,6,"Other",,"XXW8BqPXtz8Ncjf8bOi7gc6Hj7+NVXsl","individualCount estimated based on number of pinning records|processingDate was added later and may not be accurate| identifiedDate was added later and may not be accurate"
"b658cadf-8e68-45a4-a81f-54ed66363a8e","CPER_007.basePlot.bet","D10","CPER","CPER_007","N","2013-07-03","2013-07-17","2013-07-18","2013-10-15","2013-10-15","CPER_007.N.20130717","SOIi55Lib0Jwd1VUE3MyppZfnM8aIH/LLsMQFheMdrc=","carabid","PASELO","Pasimachus elongatus","species",,"LeConte",,5,"Other","P+EeY8owwbjzXaiaPoIJpc6mcpR6iWBh","XXW8BqPXtz8Ncjf8bOi7gc6Hj7+NVXsl","processingDate was added later and may not be accurate| identifiedDate was added later and may not be accurate"
"d4cdcf76-ef09-4c3f-84bc-089becf91057","CPER_004.basePlot.bet","D10","CPER","CPER_004","N","2013-07-03","2013-07-17","2013-07-18","2013-10-15",,"CPER_004.N.20130717","eSCyThC0ZO7XqPQq4Q+UQ1l95G1c4fjk1k+xcX0PtWM=","other carabid","CARSP14","Carabidae sp.","family",,"Latreille",,33,"Other",,"XXW8BqPXtz8Ncjf8bOi7gc6Hj7+NVXsl","individualCount estimated based on number of pinning records|processingDate was added later and may not be accurate| identifiedDate was added later and may not be accurate"
"8e15c7a7-f627-4aa9-9de7-b5cecdaa3560","CPER_003.basePlot.bet","D10","CPER","CPER_003","N","2013-07-03","2013-07-17","2013-07-18","2013-10-15",,"CPER_003.N.20130717","omCPNZnkoGSI1Fs6iZsYkUP/Jk+3H8UD+TzDspIiTCk=","other carabid","CARSP14","Carabidae sp.","family",,"Latreille",,6,"Other",,"XXW8BqPXtz8Ncjf8bOi7gc6Hj7+NVXsl","individualCount estimated based on number of pinning records|processingDate was added later and may not be accurate"
"c65961bb-c190-4d49-9041-03783382df80","CPER_001.basePlot.bet","D10","CPER","CPER_001","N","2013-07-03","2013-07-17","2013-07-18","2013-10-15","2013-10-15","CPER_001.N.20130717","BEtTVHT1LvHsfSIU5sUVoiSjyGltL/xuxN8m/9BV4qE=","carabid","PASELO","Pasimachus elongatus","species",,"LeConte",,6,"Other","P+EeY8owwbjzXaiaPoIJpc6mcpR6iWBh","XXW8BqPXtz8Ncjf8bOi7gc6Hj7+NVXsl","processingDate was added later and may not be accurate| identifiedDate was added later and may not be accurate"
"05b9c744-e25f-4a0e-ab41-889edfcec8b6","CPER_005.basePlot.bet","D10","CPER","CPER_005","N","2013-07-03","2013-07-17","2013-07-18","2013-10-15",,"CPER_005.N.20130717","e1AKewEwvnEJ27JYgSozYlxEZ5quXVo12DzaD/yGBZM=","other carabid","CARSP14","Carabidae sp.","family",,"Latreille",,1,"Other",,"XXW8BqPXtz8Ncjf8bOi7gc6Hj7+NVXsl","individualCount estimated based on number of pinning records|processingDate was added later and may not be accurate"
"a83839cd-6bf0-42fd-b153-0ee91bb364ef","CPER_005.basePlot.bet","D10","CPER","CPER_005","N","2013-07-03","2013-07-17","2013-07-18","2013-10-15","2013-10-15","CPER_005.N.20130717","e1AKewEwvnEJ27JYgSozYgqlwigmhmhh6GQm+UQQixs=","carabid","PASELO","Pasimachus elongatus","species",,"LeConte",,3,"Other","P+EeY8owwbjzXaiaPoIJpc6mcpR6iWBh","XXW8BqPXtz8Ncjf8bOi7gc6Hj7+NVXsl","processingDate was added later and may not be accurate| identifiedDate was added later and may not be accurate"
"2665354f-1a29-48d3-b70d-c1943204d58f","CPER_006.basePlot.bet","D10","CPER","CPER_006","N","2013-07-03","2013-07-17","2013-07-18","2013-10-15",,"CPER_006.N.20130717","NHMCrMp+/ZXnfAUgtD6kjSojJSbOwrfqatHzvAwlcOQ=","other carabid","CARSP14","Carabidae sp.","family",,"Latreille",,15,"Other",,"XXW8BqPXtz8Ncjf8bOi7gc6Hj7+NVXsl","individualCount estimated based on number of pinning records|processingDate was added later and may not be accurate"
"1d0b042d-7d65-451e-a5aa-20c7186953db","CPER_004.basePlot.bet","D10","CPER","CPER_004","N","2013-07-03","2013-07-17","2013-07-18","2013-10-15","2013-10-15","CPER_004.N.20130717","eSCyThC0ZO7XqPQq4Q+UQyO2q3JYw5cD56Byno/C9j8=","carabid","PASELO","Pasimachus elongatus","species",,"LeConte",,5,"Other","P+EeY8owwbjzXaiaPoIJpc6mcpR6iWBh","XXW8BqPXtz8Ncjf8bOi7gc6Hj7+NVXsl","processingDate was added later and may not be accurate| identifiedDate was added later and may not be accurate"
"d56c39cd-8f49-4814-8096-57391c5a9003","CPER_003.basePlot.bet","D10","CPER","CPER_003","N","2013-07-03","2013-07-17","2013-07-18","2013-10-15","2013-10-15","CPER_003.N.20130717","omCPNZnkoGSI1Fs6iZsYkbkJ8LGAvjrdxMPwJFfe+pk=","carabid","PASELO","Pasimachus elongatus","species",,"LeConte",,6,"Other","P+EeY8owwbjzXaiaPoIJpc6mcpR6iWBh","XXW8BqPXtz8Ncjf8bOi7gc6Hj7+NVXsl","processingDate was added later and may not be accurate| identifiedDate was added later and may not be accurate"
"180c7578-3b0e-4c81-a9c5-bd9e6fe25a31","CPER_007.basePlot.bet","D10","CPER","CPER_007","N","2013-07-03","2013-07-17","2013-07-18","2013-10-15",,"CPER_007.N.20130717","SOIi55Lib0Jwd1VUE3MypvYTLOFX101tdeiIcXYVLCo=","other carabid","CARSP14","Carabidae sp.","family",,"Latreille",,3,"Other",,"XXW8BqPXtz8Ncjf8bOi7gc6Hj7+NVXsl","individualCount estimated based on number of pinning records|processingDate was added later and may not be accurate"
"649e54b8-8e8f-493b-bc1e-beb6c95bad3c","CPER_009.basePlot.bet","D10","CPER","CPER_009","N","2013-07-03","2013-07-17","2013-07-18","2013-10-15","2013-10-15","CPER_009.N.20130717","KY+Aed9dLRvaREKoXkaV2v5Z2cYXENEIn9mLq7hLWdw=","carabid","PASELO","Pasimachus elongatus","species",,"LeConte",,3,"Other","P+EeY8owwbjzXaiaPoIJpc6mcpR6iWBh","XXW8BqPXtz8Ncjf8bOi7gc6Hj7+NVXsl","processingDate was added later and may not be accurate| identifiedDate was added later and may not be accurate"
"0aa13899-6208-49ea-be28-42313cef097c","CPER_002.basePlot.bet","D10","CPER","CPER_002","N","2013-07-03","2013-07-17","2013-07-18","2013-10-15",,"CPER_002.N.20130717","OMNGlFKVPvSEdh2jYsyIVwFzqIBzt3Im5A1y5/n5X4w=","other carabid","CARSP14","Carabidae sp.","family",,"Latreille",,3,"Other",,"XXW8BqPXtz8Ncjf8bOi7gc6Hj7+NVXsl","individualCount estimated based on number of pinning records|processingDate was added later and may not be accurate| identifiedDate was added later and may not be accurate"
"00bf8ff9-af2d-4086-8cc2-f338a7465d92","CPER_005.basePlot.bet","D10","CPER","CPER_005","S","2013-07-03","2013-07-17","2013-07-18","2013-10-15",,"CPER_005.S.20130717","e1AKewEwvnHh+/JXa9VbTuV+FqYtjbwmcUaaCtPMJW0=","other carabid","CARSP14","Carabidae sp.","family",,"Latreille",,8,"Other",,"XXW8BqPXtz8Ncjf8bOi7gc6Hj7+NVXsl","individualCount estimated based on number of pinning records|processingDate was added later and may not be accurate| identifiedDate was added later and may not be accurate"
"799721f9-3773-4557-a548-5c2bf8f811ec","CPER_003.basePlot.bet","D10","CPER","CPER_003","S","2013-07-03","2013-07-17","2013-07-18","2013-10-15",,"CPER_003.S.20130717","omCPNZnkoGSbDcRwnvB5fGfU6cG9AD+BzML2EhDL2SE=","other carabid","CARSP14","Carabidae sp.","family",,"Latreille",,3,"Other",,"XXW8BqPXtz8Ncjf8bOi7gc6Hj7+NVXsl","individualCount estimated based on number of pinning records|processingDate was added later and may not be accurate"
"1354b69f-9894-4533-a8dd-276f024cc007","CPER_004.basePlot.bet","D10","CPER","CPER_004","S","2013-07-03","2013-07-17","2013-07-18","2013-10-15",,"CPER_004.S.20130717","eSCyThC0ZO5qRqdcSYYlcEcEQ4L776WQzFyupXgvJ38=","other carabid","CARSP14","Carabidae sp.","family",,"Latreille",,36,"Other",,"XXW8BqPXtz8Ncjf8bOi7gc6Hj7+NVXsl","individualCount estimated based on number of pinning records|processingDate was added later and may not be accurate"
"e128455f-89b8-4b08-8e7a-166007fd7edf","CPER_006.basePlot.bet","D10","CPER","CPER_006","S","2013-07-03","2013-07-17","2013-07-18","2013-10-15",,"CPER_006.S.20130717","NHMCrMp+/ZU4TGGfhEMBGjH+ejxlAmHxEKx3xyBXEGs=","other carabid","CARSP14","Carabidae sp.","family",,"Latreille",,11,"Other",,"XXW8BqPXtz8Ncjf8bOi7gc6Hj7+NVXsl","individualCount estimated based on number of pinning records|processingDate was added later and may not be accurate"
"3477c8b9-a194-48a2-abe9-7068a937961e","CPER_002.basePlot.bet","D10","CPER","CPER_002","S","2013-07-03","2013-07-17","2013-07-18","2013-10-15",,"CPER_002.S.20130717","OMNGlFKVPvQpN2B+CBcvyc0xn3Dju3+U3M3i0PdGFfU=","other carabid","CARSP14","Carabidae sp.","family",,"Latreille",,4,"Other",,"XXW8BqPXtz8Ncjf8bOi7gc6Hj7+NVXsl","individualCount estimated based on number of pinning records|processingDate was added later and may not be accurate"
"bc545c21-e9c3-4f33-a07f-04e88c491a59","CPER_007.basePlot.bet","D10","CPER","CPER_007","S","2013-07-03","2013-07-17","2013-07-18","2013-10-15",,"CPER_007.S.20130717","SOIi55Lib0JtmuV/AsU1NvddZS7ml6lRfL/Jo4QMg9c=","other carabid","CARSP14","Carabidae sp.","family",,"Latreille",,1,"Other",,"XXW8BqPXtz8Ncjf8bOi7gc6Hj7+NVXsl","individualCount estimated based on number of pinning records|processingDate was added later and may not be accurate| identifiedDate was added later and may not be accurate"
"1fa62bf5-306a-4e85-bd45-dc67cf9417d4","CPER_006.basePlot.bet","D10","CPER","CPER_006","W","2013-07-03","2013-07-17","2013-07-18","2013-10-15",,"CPER_006.W.20130717","NHMCrMp+/ZUBBeTWpa1tqiP5MOcqyTE3EbjyBMSgmAo=","other carabid","CARSP14","Carabidae sp.","family",,"Latreille",,5,"Other",,"XXW8BqPXtz8Ncjf8bOi7gc6Hj7+NVXsl","individualCount estimated based on number of pinning records|processingDate was added later and may not be accurate"
"5a2fa7e1-e077-42b2-bd44-706caec65bfb","CPER_002.basePlot.bet","D10","CPER","CPER_002","W","2013-07-03","2013-07-17","2013-07-18","2013-10-15",,"CPER_002.W.20130717","OMNGlFKVPvSI2YG2K4Sx7pe9fxRUWv75g4Abv5+jiao=","other carabid","CARSP14","Carabidae sp.","family",,"Latreille",,3,"Other",,"XXW8BqPXtz8Ncjf8bOi7gc6Hj7+NVXsl","individualCount estimated based on number of pinning records|processingDate was added later and may not be accurate| identifiedDate was added later and may not be accurate"
"c2ce9fa5-73e4-452e-a75d-cb55257d8046","CPER_009.basePlot.bet","D10","CPER","CPER_009","W","2013-07-03","2013-07-17","2013-07-18","2013-10-15",,"CPER_009.W.20130717","KY+Aed9dLRs24qfiWptConziBOPq6x/R5f/apRVozXc=","other carabid","CARSP14","Carabidae sp.","family",,"Latreille",,2,"Other",,"XXW8BqPXtz8Ncjf8bOi7gc6Hj7+NVXsl","individualCount estimated based on number of pinning records|processingDate was added later and may not be accurate"
"46dd3d17-8a1d-48a6-bdcc-ab2522ef9533","CPER_010.basePlot.bet","D10","CPER","CPER_010","W","2013-07-03","2013-07-17","2013-07-18","2013-10-15",,"CPER_010.W.20130717","DW9ihRbrMtkh7yy8NOhpZsh2E7eUVsu/rargshFmcYk=","other carabid","CARSP14","Carabidae sp.","family",,"Latreille",,1,"Other",,"XXW8BqPXtz8Ncjf8bOi7gc6Hj7+NVXsl","individualCount estimated based on number of pinning records|processingDate was added later and may not be accurate"
"7af51ba5-0b16-4325-8a1b-c49ecb3afc35","CPER_005.basePlot.bet","D10","CPER","CPER_005","W","2013-07-03","2013-07-17","2013-07-18","2013-10-15",,"CPER_005.W.20130717","e1AKewEwvnHOb0RQ2hlYLdLVPAqzx/QtQO3VxC/9xyU=","other carabid","CARSP14","Carabidae sp.","family",,"Latreille",,2,"Other",,"XXW8BqPXtz8Ncjf8bOi7gc6Hj7+NVXsl","individualCount estimated based on number of pinning records|processingDate was added later and may not be accurate| identifiedDate was added later and may not be accurate"
"86d2d46e-6dbb-47a2-9101-d0708f78ffda","CPER_003.basePlot.bet","D10","CPER","CPER_003","W","2013-07-03","2013-07-17","2013-07-18","2013-10-15",,"CPER_003.W.20130717","omCPNZnkoGSvU6Yf0Adio5V3hwAC5u9MvbiN+ur2D3I=","other carabid","CARSP14","Carabidae sp.","family",,"Latreille",,4,"Other",,"XXW8BqPXtz8Ncjf8bOi7gc6Hj7+NVXsl","individualCount estimated based on number of pinning records|processingDate was added later and may not be accurate"
"647dbbe5-fa1e-4d2b-bc2d-0dd04ab373e9","CPER_004.basePlot.bet","D10","CPER","CPER_004","W","2013-07-03","2013-07-17","2013-07-18","2013-10-15",,"CPER_004.W.20130717","eSCyThC0ZO5Bpscg+MD0YEyKxri16VsrUCzb93VinsI=","other carabid","CARSP14","Carabidae sp.","family",,"Latreille",,28,"Other",,"XXW8BqPXtz8Ncjf8bOi7gc6Hj7+NVXsl","individualCount estimated based on number of pinning records|processingDate was added later and may not be accurate| identifiedDate was added later and may not be accurate"
"71b9fda3-e7da-4c4b-bc78-9878a598047e","CPER_002.basePlot.bet","D10","CPER","CPER_002","E","2013-07-17","2013-07-31","2013-08-01","2013-10-29",,"CPER_002.E.20130731","OMNGlFKVPvTHX3AIFb6Z58FkLm4YXQfavSvcnb6WSfc=","other carabid","CARSP14","Carabidae sp.","family",,"Latreille",,12,"Other",,"P+EeY8owwbjzXaiaPoIJpc6mcpR6iWBh","individualCount estimated based on number of pinning records|processing date was added later and may not be accurate| identified date was added later and may not be accurate"
"65a64e10-45d4-44d9-9899-abcd1adfcbb2","CPER_004.basePlot.bet","D10","CPER","CPER_004","W","2013-07-17","2013-07-31","2013-08-01","2013-10-29",,"CPER_004.W.20130731","eSCyThC0ZO5Bpscg+MD0YE6fCGhHaI1E9413w9xKtXk=","other carabid","CARSP14","Carabidae sp.","family",,"Latreille",,1,"Other",,"P+EeY8owwbjzXaiaPoIJpc6mcpR6iWBh","individualCount estimated based on number of pinning records|processing date was added later and may not be accurate| identified date was added later and may not be accurate"
"a37923b2-5d3f-41d2-bc3d-c441591f28e7","CPER_003.basePlot.bet","D10","CPER","CPER_003","E","2013-07-17","2013-07-31","2013-08-01","2013-10-29",,"CPER_003.E.20130731","omCPNZnkoGT/UgsFQdt0X7xrSReRZWX0LrBNIXLjW0I=","other carabid","CARSP14","Carabidae sp.","family",,"Latreille",,5,"Other",,"P+EeY8owwbjzXaiaPoIJpc6mcpR6iWBh","individualCount estimated based on number of pinning records|processing date was added later and may not be accurate| identified date was added later and may not be accurate"
"c81a0d60-f353-499d-9d86-c84181917f16","CPER_004.basePlot.bet","D10","CPER","CPER_004","E","2013-07-17","2013-07-31","2013-08-01","2013-10-29",,"CPER_004.E.20130731","eSCyThC0ZO6dQAg554CeHIwMuvyRgIj0n/DAeEsEDfg=","other carabid","CARSP14","Carabidae sp.","family",,"Latreille",,1,"Other",,"P+EeY8owwbjzXaiaPoIJpc6mcpR6iWBh","individualCount estimated based on number of pinning records|processing date was added later and may not be accurate| identified date was added later and may not be accurate"
"07334d76-4b7f-49c3-8fbe-9c5375b79c92","CPER_008.basePlot.bet","D10","CPER","CPER_008","E","2013-07-17","2013-07-31","2013-08-01","2013-10-29",,"CPER_008.E.20130731","kqngcYlCVJ763qd8lIlCUHRdBtJ97YE8ZBH9TNPtQ+E=","other carabid","CARSP14","Carabidae sp.","family",,"Latreille",,46,"Other",,"P+EeY8owwbjzXaiaPoIJpc6mcpR6iWBh","individualCount estimated based on number of pinning records|processing date was added later and may not be accurate| identified date was added later and may not be accurate"
"ff6a2841-8a32-45f4-8c23-b9a1ac8168b2","CPER_006.basePlot.bet","D10","CPER","CPER_006","N","2013-07-17","2013-07-31","2013-08-01","2013-10-29",,"CPER_006.N.20130731","NHMCrMp+/ZXnfAUgtD6kjcJGPQE6CSUFRUmYOswOFzE=","other carabid","CARSP14","Carabidae sp.","family",,"Latreille",,4,"Other",,"P+EeY8owwbjzXaiaPoIJpc6mcpR6iWBh","individualCount estimated based on number of pinning records|processing date was added later and may not be accurate| identified date was added later and may not be accurate"
"f9c30d44-0a10-47fd-b6d7-fbde60771be5","CPER_006.basePlot.bet","D10","CPER","CPER_006","N","2013-07-17","2013-07-31","2013-08-01","2013-10-29","2013-10-29","CPER_006.N.20130731","NHMCrMp+/ZXnfAUgtD6kjRJgmWBeAJpZODHz2REdz44=","carabid","PASELO","Pasimachus elongatus","species",,"LeConte",,1,"Other","P+EeY8owwbjzXaiaPoIJpc6mcpR6iWBh","P+EeY8owwbjzXaiaPoIJpc6mcpR6iWBh","processing date was added later and may not be accurate| identified date was added later and may not be accurate"
"be291849-bb50-4728-bffa-6bd26c0b46f7","CPER_008.basePlot.bet","D10","CPER","CPER_008","N","2013-07-17","2013-07-31","2013-08-01","2013-10-29",,"CPER_008.N.20130731","kqngcYlCVJ5BmxRweU8DqQQmaqwMKgCP6pyl74bfkoI=","other carabid","CARSP14","Carabidae sp.","family",,"Latreille",,4,"Other",,"P+EeY8owwbjzXaiaPoIJpc6mcpR6iWBh","individualCount estimated based on number of pinning records|processing date was added later and may not be accurate| identified date was added later and may not be accurate"
"53b50a39-7395-4d5e-842c-b99adf9eee4a","CPER_009.basePlot.bet","D10","CPER","CPER_009","N","2013-07-17","2013-07-31","2013-08-01","2013-10-29",,"CPER_009.N.20130731","KY+Aed9dLRvaREKoXkaV2jgl8Fsqnx4raafjm+MY/+w=","other carabid","CARSP14","Carabidae sp.","family",,"Latreille",,2,"Other",,"P+EeY8owwbjzXaiaPoIJpc6mcpR6iWBh","individualCount estimated based on number of pinning records|processing date was added later and may not be accurate| identified date was added later and may not be accurate"
"73fb9958-503c-48d1-91fa-7780360c222e","CPER_001.basePlot.bet","D10","CPER","CPER_001","N","2013-07-17","2013-07-31","2013-08-01","2013-10-29","2013-10-29","CPER_001.N.20130731","BEtTVHT1LvHsfSIU5sUVotpduDIN52FbWmQk3S+urvQ=","carabid","PASELO","Pasimachus elongatus","species",,"LeConte",,3,"Other","P+EeY8owwbjzXaiaPoIJpc6mcpR6iWBh","P+EeY8owwbjzXaiaPoIJpc6mcpR6iWBh","processing date was added later and may not be accurate| identified Date was added later and may not be accurate"
"a2f04deb-0429-49bb-9d2e-13cf8e9b06ee","CPER_004.basePlot.bet","D10","CPER","CPER_004","N","2013-07-17","2013-07-31","2013-08-01","2013-10-29","2013-10-29","CPER_004.N.20130731","eSCyThC0ZO7XqPQq4Q+UQ1seh8saPwP/jKsz7oMoaVY=","carabid","PASELO","Pasimachus elongatus","species",,"LeConte",,5,"Other","P+EeY8owwbjzXaiaPoIJpc6mcpR6iWBh","P+EeY8owwbjzXaiaPoIJpc6mcpR6iWBh","processing date was added later and may not be accurate| identified date was added later and may not be accurate"
"f5657e55-fac9-4b4a-b0b6-08b7231afc3d","CPER_003.basePlot.bet","D10","CPER","CPER_003","N","2013-07-17","2013-07-31","2013-08-01","2013-10-29","2013-10-29","CPER_003.N.20130731","omCPNZnkoGSI1Fs6iZsYkSJijGGqs18Rix6ko2LM2SA=","carabid","PASELO","Pasimachus elongatus","species",,"LeConte",,6,"Other","pBDDpvnGPykTjl7jUUtZfYFXI5WLDneV","P+EeY8owwbjzXaiaPoIJpc6mcpR6iWBh","processing date was added later and may not be accurate| identified date was added later and may not be accurate| incorrect email for identified by"
"2425425f-e9cc-4dc2-abb1-41f864dbeb24","CPER_007.basePlot.bet","D10","CPER","CPER_007","N","2013-07-17","2013-07-31","2013-08-01","2013-10-29","2013-10-29","CPER_007.N.20130731","SOIi55Lib0Jwd1VUE3Mypp000dIDE7yFpiqwvBpR+L8=","carabid","PASELO","Pasimachus elongatus","species",,"LeConte",,2,"Other","P+EeY8owwbjzXaiaPoIJpc6mcpR6iWBh","P+EeY8owwbjzXaiaPoIJpc6mcpR6iWBh","processing date was added later and may not be accurate| identified date was added later and may not be accurate"
"10b2aee9-978a-402b-8a87-5d084b3a60b6","CPER_005.basePlot.bet","D10","CPER","CPER_005","N","2013-07-17","2013-07-31","2013-08-01","2013-10-29","2013-10-29","CPER_005.N.20130731","e1AKewEwvnEJ27JYgSozYsb7mXaWxrIOTqNW6h99g5o=","carabid","PASELO","Pasimachus elongatus","species",,"LeConte",,2,"Other","P+EeY8owwbjzXaiaPoIJpc6mcpR6iWBh","P+EeY8owwbjzXaiaPoIJpc6mcpR6iWBh","processing date was added later and may not be accurate| identified date was added later and may not be accurate"
"f1d7d049-50c7-491a-b1ef-62cf337294ec","CPER_005.basePlot.bet","D10","CPER","CPER_005","N","2013-07-17","2013-07-31","2013-08-01","2013-10-29",,"CPER_005.N.20130731","e1AKewEwvnEJ27JYgSozYnoac9QLQZgMYq4xX1VlPIE=","other carabid","CARSP14","Carabidae sp.","family",,"Latreille",,2,"Other",,"P+EeY8owwbjzXaiaPoIJpc6mcpR6iWBh","individualCount estimated based on number of pinning records|processing date was added later and may not be accurate| identified date was added later and may not be accurate"
"e8d703e5-437f-418f-bfea-f2569c2b8065","CPER_003.basePlot.bet","D10","CPER","CPER_003","N","2013-07-17","2013-07-31","2013-08-01","2013-10-29",,"CPER_003.N.20130731","omCPNZnkoGSI1Fs6iZsYkYzc9PwC8kT2jgmcXsvQnQM=","other carabid","CARSP14","Carabidae sp.","family",,"Latreille",,3,"Other",,"P+EeY8owwbjzXaiaPoIJpc6mcpR6iWBh","individualCount estimated based on number of pinning records|processing date was added later and may not be accurate| identified date was added later and may not be accurate"
"9497d730-505c-4348-a88f-2324348056a0","CPER_005.basePlot.bet","D10","CPER","CPER_005","S","2013-07-17","2013-07-31","2013-08-01","2013-10-29",,"CPER_005.S.20130731","e1AKewEwvnHh+/JXa9VbTk1BpyjiDZKIvslMtAtdzFA=","other carabid","CARSP14","Carabidae sp.","family",,"Latreille",,1,"Other",,"P+EeY8owwbjzXaiaPoIJpc6mcpR6iWBh","individualCount estimated based on number of pinning records|processing date was added later and may not be accurate| identified date was added later and may not be accurate"
"fa5fb2a8-646c-427e-8487-1412007abfdb","CPER_006.basePlot.bet","D10","CPER","CPER_006","S","2013-07-17","2013-07-31","2013-08-01","2013-10-29",,"CPER_006.S.20130731","NHMCrMp+/ZU4TGGfhEMBGtLPa3G4XQJLh17zNTYVcmQ=","other carabid","CARSP14","Carabidae sp.","family",,"Latreille",,3,"Other",,"P+EeY8owwbjzXaiaPoIJpc6mcpR6iWBh","individualCount estimated based on number of pinning records|processing date was added later and may not be accurate| identified date was added later and may not be accurate"
"6f1ee04c-fc40-4e7b-80b2-9ec9676a23c8","CPER_008.basePlot.bet","D10","CPER","CPER_008","S","2013-07-17","2013-07-31","2013-08-01","2013-10-29",,"CPER_008.S.20130731","kqngcYlCVJ4hRmqWXkIEY+pPEVcJtzgkwP2CjpPUx3E=","other carabid","CARSP14","Carabidae sp.","family",,"Latreille",,1,"Other",,"P+EeY8owwbjzXaiaPoIJpc6mcpR6iWBh","individualCount estimated based on number of pinning records|processing date was added later and may not be accurate| identified date was added later and may not be accurate"
"703193b8-044d-4183-908e-b8adffbfbf50","CPER_002.basePlot.bet","D10","CPER","CPER_002","S","2013-07-17","2013-07-31","2013-08-01","2013-10-29",,"CPER_002.S.20130731","OMNGlFKVPvQpN2B+CBcvyZhHJbq6lrr7JJ4ywbs5XPI=","other carabid","CARSP14","Carabidae sp.","family",,"Latreille",,8,"Other",,"P+EeY8owwbjzXaiaPoIJpc6mcpR6iWBh","individualCount estimated based on number of pinning records|processing date was added later and may not be accurate| identified date was added later and may not be accurate"
"c0616666-703d-40bd-8fc3-cfe793b3dba9","CPER_007.basePlot.bet","D10","CPER","CPER_007","W","2013-07-17","2013-07-31","2013-08-01","2013-10-29",,"CPER_007.W.20130731","SOIi55Lib0J49iM5F0hdXCt9CSScjaxN7TCjT59l0ZA=","other carabid","CARSP14","Carabidae sp.","family",,"Latreille",,1,"Other",,"P+EeY8owwbjzXaiaPoIJpc6mcpR6iWBh","individualCount estimated based on number of pinning records|"
"a4e9d7c3-4441-437a-8e5f-c96ac877468e","CPER_009.basePlot.bet","D10","CPER","CPER_009","W","2013-07-17","2013-07-31","2013-08-01","2013-10-29",,"CPER_009.W.20130731","KY+Aed9dLRs24qfiWptCotsZcztOLpB1GVBzXREBmK8=","other carabid","CARSP14","Carabidae sp.","family",,"Latreille",,1,"Other",,"P+EeY8owwbjzXaiaPoIJpc6mcpR6iWBh","individualCount estimated based on number of pinning records|processing date was added later and may not be accurate| identified date was added later and may not be accurate"
"440c9689-d246-48ad-93fd-722b2b989989","CPER_006.basePlot.bet","D10","CPER","CPER_006","W","2013-07-17","2013-07-31","2013-08-01","2013-10-29",,"CPER_006.W.20130731","NHMCrMp+/ZUBBeTWpa1tqvmMeOJ2otr8itr5oKlYyUU=","other carabid","CARSP14","Carabidae sp.","family",,"Latreille",,1,"Other",,"P+EeY8owwbjzXaiaPoIJpc6mcpR6iWBh","individualCount estimated based on number of pinning records|processing date was added later and may not be accurate| identified date was added later and may not be accurate"
"392d4d7a-5107-4013-ac99-7c6193ef344c","CPER_002.basePlot.bet","D10","CPER","CPER_002","W","2013-07-17","2013-07-31","2013-08-01","2013-10-29",,"CPER_002.W.20130731","OMNGlFKVPvSI2YG2K4Sx7hWvNE5go8V9Uf1Q93MDYQk=","other carabid","CARSP14","Carabidae sp.","family",,"Latreille",,2,"Other",,"P+EeY8owwbjzXaiaPoIJpc6mcpR6iWBh","individualCount estimated based on number of pinning records|processing date was added later and may not be accurate| identified date was added later and may not be accurate"
"d40b0f2e-7a75-4746-b45a-3c964a6cc0bd","CPER_010.basePlot.bet","D10","CPER","CPER_010","W","2013-07-17","2013-07-31","2013-08-01","2013-10-29",,"CPER_010.W.20130731","DW9ihRbrMtkh7yy8NOhpZg2qn9e8mgTi0XzZNg2J/NY=","other carabid","CARSP14","Carabidae sp.","family",,"Latreille",,1,"Other",,"P+EeY8owwbjzXaiaPoIJpc6mcpR6iWBh","individualCount estimated based on number of pinning records|processing date was added later and may not be accurate| identified date was added later and may not be accurate"
"eaa06398-247b-4f72-a892-dd25af4d2475","CPER_005.basePlot.bet","D10","CPER","CPER_005","W","2013-07-17","2013-07-31","2013-08-01","2013-10-29",,"CPER_005.W.20130731","e1AKewEwvnHOb0RQ2hlYLSEthacYrWXa2hYjviDqiTw=","other carabid","CARSP14","Carabidae sp.","family",,"Latreille",,2,"Other",,"P+EeY8owwbjzXaiaPoIJpc6mcpR6iWBh","individualCount estimated based on number of pinning records|processing date was added later and may not be accurate| identified date was added later and may not be accurate"
"b1aec2c7-cbbf-481a-9758-24f9350de57b","CPER_003.basePlot.bet","D10","CPER","CPER_003","W","2013-07-17","2013-07-31","2013-08-01","2013-10-29",,"CPER_003.W.20130731","omCPNZnkoGSvU6Yf0AdiozytggQzR1GidIdDvYvEYHQ=","other carabid","CARSP14","Carabidae sp.","family",,"Latreille",,1,"Other",,"P+EeY8owwbjzXaiaPoIJpc6mcpR6iWBh","individualCount estimated based on number of pinning records|processing date was added later and may not be accurate| identified date was added later and may not be accurate"
"84c6f7be-e8b1-47df-9d4c-60cd006196b5","CPER_005.basePlot.bet","D10","CPER","CPER_005","E","2013-07-17","2013-07-31","2013-08-01","2013-10-29",,"CPER_005.E.20130731","e1AKewEwvnE3fwuuaKA9aNM6BxTS/nTTXclQQG0CqpI=","other carabid","CARSP14","Carabidae sp.","family",,"Latreille",,1,"Other",,"P+EeY8owwbjzXaiaPoIJpc6mcpR6iWBh","individualCount estimated based on number of pinning records|processing date was added later and may not be accurate| identified date was added later and may not be accurate"
