uid,namedLocation,domainID,siteID,plotID,trapID,setDate,collectDate,processingDate,etOHChangeDate,identifiedDate,sampleID,subsampleID,sampleType,taxonID,scientificName,taxonRank,identificationQualifier,scientificNameAuthorship,morphospeciesID,individualCount,identificationReferences,identifiedBy,recordedBy,remarks
"943a9a9e-a730-48ef-8253-51083017f850","GUAN_004.basePlot.bet","D04","GUAN","GUAN_004","W","2016-04-18","2016-05-02","2016-05-03","2016-07-22",,"GUAN_004.W.20160502","xuyNSCGTGMDFWm9UTcLtj2n0l4zu5cz4JZ5vksWhEYk=","invert bycatch",,,,,,,,,,"XeHqv51r26YPZRP83jHd/mL5WIALVSyUfb6aXI5a0u0=",
"162979b9-cc22-4f5e-8478-2677b3192223","GUAN_002.basePlot.bet","D04","GUAN","GUAN_002","N","2016-04-18","2016-05-02","2016-05-03","2016-05-03","2016-08-01","GUAN_002.N.20160502","QT65deYvOZBU5Cxi3uJ4UR+eYypaKm4AllY5Vmxmdyg=","vert bycatch herp","SPHASP1","Sphaerodactylus sp.","genus","cf. species",,,1,"Rivero, J. A. 1998. Los anfibios y reptiles de Puerto Rico (The amphibians and reptiles of Puerto Rico, rev. 2nd ed). San Juan, Puerto Rico: Editorial de la Universidad de Puerto Rico","JYpGqoh1QQ3eP5RIJnpEN1WEYfJadbWZ","XeHqv51r26YPZRP83jHd/mL5WIALVSyUfb6aXI5a0u0=",
"2312f01d-ee31-4553-ad7a-6bfd3ddf37e7","GUAN_004.basePlot.bet","D04","GUAN","GUAN_004","E","2016-04-18","2016-05-02","2016-05-03","2016-07-22",,"GUAN_004.E.20160502","xuyNSCGTGMADGXJ3E86pBHd00HUhvU9jecvh3kEqTZw=","invert bycatch",,,,,,,,,,"GpwpAYpsrfUvg3+I3K3jEJjzqQmzqOEvAG0zyeYqDlc=",
"cc7cd64b-2f19-47b5-bb2b-1d37e98f36e5","GUAN_002.basePlot.bet","D04","GUAN","GUAN_002","N","2016-05-02","2016-05-16","2016-05-18","2016-05-18",,"GUAN_002.N.20160516","QT65deYvOZBU5Cxi3uJ4Ub7LKSdZ6STxskvN5VJmq6A=","vert bycatch herp","SPHASP1","Sphaerodactylus sp.","genus","cf. species",,,1,"Rivero, J. A. 2006. Guia para la identificacion de Lagartos y Culebras de Puerto Rico. San Juan, Puerto Rico: Editorial de la Universidad de Puerto Rico","JbCt3ZVS0Z+JTvkxNP0bfo8iI2dYxsDX","JbCt3ZVS0Z+JTvkxNP0bfo8iI2dYxsDX","Correct taxon ID SPHROO but is not listed in the taxon id list"
