uid,namedLocation,domainID,siteID,plotID,trapID,plotType,nlcdClass,decimalLatitude,decimalLongitude,geodeticDatum,coordinateUncertainty,elevation,elevationUncertainty,setDate,collectDate,eventID,daysOfTrapping,sampleCollected,sampleID,cupStatus,lidStatus,fluidLevel,samplingProtocolVersion,recordedBy,remarks
"5f1f18fc-3ccf-4226-9b87-a020a029d648","GUAN_004.basePlot.bet","D04","GUAN","GUAN_004","E","distributed","evergreenForest",17.969254,-66.852670,"WGS84",20.1,133.5,0.1,"2016-04-18","2016-05-02","GUAN.2016.18",14,"Y","GUAN_004.E.20160502","Ok","Ok","Ok","NEON.DOC.014050vH","XeHqv51r26YPZRP83jHd/mL5WIALVSyUfb6aXI5a0u0=",
"f01c1f49-a3a1-4d49-b27c-f10045a99b3d","GUAN_006.basePlot.bet","D04","GUAN","GUAN_006","W","distributed","evergreenForest",17.963818,-66.875668,"WGS84",20.2,101.3,0.3,"2016-04-18","2016-05-02","GUAN.2016.18",14,"Y","GUAN_006.W.20160502","Ok","Ok","Ok","NEON.DOC.014050vH","dkUVz+Ep9mjwe8AKJjPrCYTGVeHZyOun",
"de8d7c25-91a9-481c-abba-1ae57961bbd1","GUAN_008.basePlot.bet","D04","GUAN","GUAN_008","E","distributed","evergreenForest",17.965762,-66.832036,"WGS84",20.1,65.8,0.1,"2016-04-18","2016-05-02","GUAN.2016.18",14,"Y","GUAN_008.E.20160502","Ok","Ok","High","NEON.DOC.014050vH","XeHqv51r26YPZRP83jHd/mL5WIALVSyUfb6aXI5a0u0=",
"c3582b7f-950b-4a22-9508-71749109a4cb","GUAN_009.basePlot.bet","D04","GUAN","GUAN_009","E","distributed","evergreenForest",17.979430,-66.867833,"WGS84",20.1,116.5,0.1,"2016-04-18","2016-05-02","GUAN.2016.18",14,"Y","GUAN_009.E.20160502","Ok","Ok","Ok","NEON.DOC.014050vH","JYpGqoh1QQ3eP5RIJnpEN1WEYfJadbWZ",
"16b2465e-1ae2-4461-aa73-8d38da651e54","GUAN_002.basePlot.bet","D04","GUAN","GUAN_002","E","distributed","evergreenForest",17.970294,-66.824633,"WGS84",20.1,89.1,0.1,"2016-04-18","2016-05-02","GUAN.2016.18",14,"Y","GUAN_002.E.20160502","Ok","Ok","Ok","NEON.DOC.014050vH","XeHqv51r26YPZRP83jHd/mL5WIALVSyUfb6aXI5a0u0=",
"d1f2104e-0dd6-49e5-8613-db42f467dff2","GUAN_001.basePlot.bet","D04","GUAN","GUAN_001","E","distributed","evergreenForest",17.972770,-66.851235,"WGS84",20.2,152.1,0.2,"2016-04-18","2016-05-02","GUAN.2016.18",14,"Y","GUAN_001.E.20160502","Ok","Ok","Ok","NEON.DOC.014050vH","JYpGqoh1QQ3eP5RIJnpEN1WEYfJadbWZ",
"e734e642-7480-4c98-ab40-5b31291b15da","GUAN_003.basePlot.bet","D04","GUAN","GUAN_003","E","distributed","evergreenForest",17.973133,-66.861701,"WGS84",20.3,182.9,0.3,"2016-04-18","2016-05-02","GUAN.2016.18",14,"Y","GUAN_003.E.20160502","Ok","Ok","Ok","NEON.DOC.014050vH","JYpGqoh1QQ3eP5RIJnpEN1WEYfJadbWZ",
"83c2b7b1-2dbd-404b-a804-865a591c2473","GUAN_010.basePlot.bet","D04","GUAN","GUAN_010","E","distributed","evergreenForest",17.972441,-66.871318,"WGS84",20.1,177.6,0.1,"2016-04-18","2016-05-02","GUAN.2016.18",14,"Y","GUAN_010.E.20160502","Ok","Ok","Ok","NEON.DOC.014050vH","dkUVz+Ep9mjwe8AKJjPrCYTGVeHZyOun",
"eb7fdb63-80b0-4a69-b285-ec3c8c2054fe","GUAN_005.basePlot.bet","D04","GUAN","GUAN_005","E","distributed","evergreenForest",17.968744,-66.880447,"WGS84",20.2,164.3,0.2,"2016-04-18","2016-05-02","GUAN.2016.18",14,"Y","GUAN_005.E.20160502","Ok","Ok","Ok","NEON.DOC.014050vH","dkUVz+Ep9mjwe8AKJjPrCYTGVeHZyOun",
"adb0aa63-9ad9-4e64-b5b9-fbae7e9e1089","GUAN_006.basePlot.bet","D04","GUAN","GUAN_006","E","distributed","evergreenForest",17.963818,-66.875668,"WGS84",20.2,101.3,0.3,"2016-04-18","2016-05-02","GUAN.2016.18",14,"Y","GUAN_006.E.20160502","Ok","Ok","Ok","NEON.DOC.014050vH","dkUVz+Ep9mjwe8AKJjPrCYTGVeHZyOun",
"6a0a264a-be51-49ce-8352-1af00966ae81","GUAN_003.basePlot.bet","D04","GUAN","GUAN_003","N","distributed","evergreenForest",17.973133,-66.861701,"WGS84",20.3,182.9,0.3,"2016-04-18","2016-05-02","GUAN.2016.18",14,"Y","GUAN_003.N.20160502","Ok","Ok","Ok","NEON.DOC.014050vH","JYpGqoh1QQ3eP5RIJnpEN1WEYfJadbWZ",
"8a5199bc-9e0c-489e-aa5e-9329b301bb73","GUAN_010.basePlot.bet","D04","GUAN","GUAN_010","N","distributed","evergreenForest",17.972441,-66.871318,"WGS84",20.1,177.6,0.1,"2016-04-18","2016-05-02","GUAN.2016.18",14,"Y","GUAN_010.N.20160502","Ok","Ok","Ok","NEON.DOC.014050vH","dkUVz+Ep9mjwe8AKJjPrCYTGVeHZyOun",
"4b5fd94e-d8b9-4451-8acc-f5e9e10fd81c","GUAN_005.basePlot.bet","D04","GUAN","GUAN_005","N","distributed","evergreenForest",17.968744,-66.880447,"WGS84",20.2,164.3,0.2,"2016-04-18","2016-05-02","GUAN.2016.18",14,"Y","GUAN_005.N.20160502","Ok","Ok","Ok","NEON.DOC.014050vH","dkUVz+Ep9mjwe8AKJjPrCYTGVeHZyOun",
"705fb1de-d95e-42ac-962a-ef9c64bf9cc3","GUAN_006.basePlot.bet","D04","GUAN","GUAN_006","N","distributed","evergreenForest",17.963818,-66.875668,"WGS84",20.2,101.3,0.3,"2016-04-18","2016-05-02","GUAN.2016.18",14,"Y","GUAN_006.N.20160502","Ok","Ok","Ok","NEON.DOC.014050vH","dkUVz+Ep9mjwe8AKJjPrCYTGVeHZyOun",
"c81dbc53-6e2a-4fb3-b92d-d20fe37e83ad","GUAN_007.basePlot.bet","D04","GUAN","GUAN_007","N","distributed","evergreenForest",17.972832,-66.857711,"WGS84",20.1,174.7,0.2,"2016-04-18","2016-05-02","GUAN.2016.18",14,"Y","GUAN_007.N.20160502","Ok","Ok","Ok","NEON.DOC.014050vH","JYpGqoh1QQ3eP5RIJnpEN1WEYfJadbWZ",
"ef5ae0c6-cafb-4e28-9989-6c4f1f301ab5","GUAN_004.basePlot.bet","D04","GUAN","GUAN_004","N","distributed","evergreenForest",17.969254,-66.852670,"WGS84",20.1,133.5,0.1,"2016-04-18","2016-05-02","GUAN.2016.18",14,"Y","GUAN_004.N.20160502","Ok","Ok","Ok","NEON.DOC.014050vH","XeHqv51r26YPZRP83jHd/mL5WIALVSyUfb6aXI5a0u0=",
"a4ec1443-a78c-40b6-a2d1-48dcdcb27db9","GUAN_009.basePlot.bet","D04","GUAN","GUAN_009","N","distributed","evergreenForest",17.979430,-66.867833,"WGS84",20.1,116.5,0.1,"2016-04-18","2016-05-02","GUAN.2016.18",14,"Y","GUAN_009.N.20160502","Ok","Ok","Ok","NEON.DOC.014050vH","JYpGqoh1QQ3eP5RIJnpEN1WEYfJadbWZ",
"b0fa3411-f3c1-4f7d-a60d-6557edb3cf2b","GUAN_008.basePlot.bet","D04","GUAN","GUAN_008","N","distributed","evergreenForest",17.965762,-66.832036,"WGS84",20.1,65.8,0.1,"2016-04-18","2016-05-02","GUAN.2016.18",14,"Y","GUAN_008.N.20160502","Ok","Ok","High","NEON.DOC.014050vH","XeHqv51r26YPZRP83jHd/mL5WIALVSyUfb6aXI5a0u0=",
"f0b8dc34-98e8-44bf-9335-6bfeebf534a1","GUAN_002.basePlot.bet","D04","GUAN","GUAN_002","N","distributed","evergreenForest",17.970294,-66.824633,"WGS84",20.1,89.1,0.1,"2016-04-18","2016-05-02","GUAN.2016.18",14,"Y","GUAN_002.N.20160502","Ok","Ok","Ok","NEON.DOC.014050vH","XeHqv51r26YPZRP83jHd/mL5WIALVSyUfb6aXI5a0u0=",
"a16e8eee-9169-4fdc-b67e-f9df4a5cae4f","GUAN_001.basePlot.bet","D04","GUAN","GUAN_001","N","distributed","evergreenForest",17.972770,-66.851235,"WGS84",20.2,152.1,0.2,"2016-04-18","2016-05-02","GUAN.2016.18",14,"Y","GUAN_001.N.20160502","Ok","Ok","Ok","NEON.DOC.014050vH","JYpGqoh1QQ3eP5RIJnpEN1WEYfJadbWZ",
"f4b5c93d-6ae8-4bd3-9d5f-f4d499e5bbef","GUAN_004.basePlot.bet","D04","GUAN","GUAN_004","S","distributed","evergreenForest",17.969254,-66.852670,"WGS84",20.1,133.5,0.1,"2016-04-18","2016-05-02","GUAN.2016.18",14,"Y","GUAN_004.S.20160502","Ok","Ok","Ok","NEON.DOC.014050vH","XeHqv51r26YPZRP83jHd/mL5WIALVSyUfb6aXI5a0u0=",
"38e349dc-84a9-4441-a2ae-5f0597ea00f1","GUAN_008.basePlot.bet","D04","GUAN","GUAN_008","S","distributed","evergreenForest",17.965762,-66.832036,"WGS84",20.1,65.8,0.1,"2016-04-18","2016-05-02","GUAN.2016.18",14,"Y","GUAN_008.S.20160502","Ok","Ok","Ok","NEON.DOC.014050vH","XeHqv51r26YPZRP83jHd/mL5WIALVSyUfb6aXI5a0u0=",
"362d6ae7-27fd-4e47-8aae-012f46e6dc0f","GUAN_002.basePlot.bet","D04","GUAN","GUAN_002","S","distributed","evergreenForest",17.970294,-66.824633,"WGS84",20.1,89.1,0.1,"2016-04-18","2016-05-02","GUAN.2016.18",14,"Y","GUAN_002.S.20160502","Ok","Ok","Ok","NEON.DOC.014050vH","XeHqv51r26YPZRP83jHd/mL5WIALVSyUfb6aXI5a0u0=",
"4d6220cf-b5fc-4162-a6f8-cbe05e7c07e1","GUAN_009.basePlot.bet","D04","GUAN","GUAN_009","S","distributed","evergreenForest",17.979430,-66.867833,"WGS84",20.1,116.5,0.1,"2016-04-18","2016-05-02","GUAN.2016.18",14,"Y","GUAN_009.S.20160502","Ok","Ok","Ok","NEON.DOC.014050vH","JYpGqoh1QQ3eP5RIJnpEN1WEYfJadbWZ",
"fbcea035-b97a-45f2-9c5b-e43e180de3e3","GUAN_001.basePlot.bet","D04","GUAN","GUAN_001","S","distributed","evergreenForest",17.972770,-66.851235,"WGS84",20.2,152.1,0.2,"2016-04-18","2016-05-02","GUAN.2016.18",14,"Y","GUAN_001.S.20160502","Ok","Ok","Ok","NEON.DOC.014050vH","JYpGqoh1QQ3eP5RIJnpEN1WEYfJadbWZ",
"10e770d6-fab5-4372-89c7-f3922edc3c2e","GUAN_005.basePlot.bet","D04","GUAN","GUAN_005","S","distributed","evergreenForest",17.968744,-66.880447,"WGS84",20.2,164.3,0.2,"2016-04-18","2016-05-02","GUAN.2016.18",14,"Y","GUAN_005.S.20160502","Ok","Ok","Low","NEON.DOC.014050vH","dkUVz+Ep9mjwe8AKJjPrCYTGVeHZyOun",
"6208bad5-e7c2-4b0a-815c-20ba2036c0a9","GUAN_010.basePlot.bet","D04","GUAN","GUAN_010","S","distributed","evergreenForest",17.972441,-66.871318,"WGS84",20.1,177.6,0.1,"2016-04-18","2016-05-02","GUAN.2016.18",14,"Y","GUAN_010.S.20160502","Ok","Ok","Ok","NEON.DOC.014050vH","dkUVz+Ep9mjwe8AKJjPrCYTGVeHZyOun",
"dff90e93-c64b-4b5b-9387-a53366a6ec6f","GUAN_003.basePlot.bet","D04","GUAN","GUAN_003","S","distributed","evergreenForest",17.973133,-66.861701,"WGS84",20.3,182.9,0.3,"2016-04-18","2016-05-02","GUAN.2016.18",14,"Y","GUAN_003.S.20160502","Ok","Ok","Ok","NEON.DOC.014050vH","JYpGqoh1QQ3eP5RIJnpEN1WEYfJadbWZ",
"b943240e-cd85-4462-8067-6d5749eb9328","GUAN_006.basePlot.bet","D04","GUAN","GUAN_006","S","distributed","evergreenForest",17.963818,-66.875668,"WGS84",20.2,101.3,0.3,"2016-04-18","2016-05-02","GUAN.2016.18",14,"Y","GUAN_006.S.20160502","Ok","Ok","Ok","NEON.DOC.014050vH","dkUVz+Ep9mjwe8AKJjPrCYTGVeHZyOun",
"feb536df-01ed-47ec-b2b4-c607e422060f","GUAN_007.basePlot.bet","D04","GUAN","GUAN_007","S","distributed","evergreenForest",17.972832,-66.857711,"WGS84",20.1,174.7,0.2,"2016-04-18","2016-05-02","GUAN.2016.18",14,"Y","GUAN_007.S.20160502","Ok","Ok","Ok","NEON.DOC.014050vH","JYpGqoh1QQ3eP5RIJnpEN1WEYfJadbWZ",
"1b1ba792-8e89-47bd-8f7e-d94f2bc6b1d7","GUAN_009.basePlot.bet","D04","GUAN","GUAN_009","W","distributed","evergreenForest",17.979430,-66.867833,"WGS84",20.1,116.5,0.1,"2016-04-18","2016-05-02","GUAN.2016.18",14,"Y","GUAN_009.W.20160502","Ok","Ok","Ok","NEON.DOC.014050vH","JYpGqoh1QQ3eP5RIJnpEN1WEYfJadbWZ",
"11290fa6-5577-432e-9674-ef0571b97976","GUAN_001.basePlot.bet","D04","GUAN","GUAN_001","W","distributed","evergreenForest",17.972770,-66.851235,"WGS84",20.2,152.1,0.2,"2016-04-18","2016-05-02","GUAN.2016.18",14,"Y","GUAN_001.W.20160502","Ok","Ok","Ok","NEON.DOC.014050vH","JYpGqoh1QQ3eP5RIJnpEN1WEYfJadbWZ",
"89ee72c1-5a0c-4c1e-bfe2-9c86d5ef9ee7","GUAN_003.basePlot.bet","D04","GUAN","GUAN_003","W","distributed","evergreenForest",17.973133,-66.861701,"WGS84",20.3,182.9,0.3,"2016-04-18","2016-05-02","GUAN.2016.18",14,"Y","GUAN_003.W.20160502","Ok","Ok","Ok","NEON.DOC.014050vH","JYpGqoh1QQ3eP5RIJnpEN1WEYfJadbWZ",
"953ca941-ebed-4985-b532-91f05cb48bdf","GUAN_010.basePlot.bet","D04","GUAN","GUAN_010","W","distributed","evergreenForest",17.972441,-66.871318,"WGS84",20.1,177.6,0.1,"2016-04-18","2016-05-02","GUAN.2016.18",14,"Y","GUAN_010.W.20160502","Ok","Ok","Ok","NEON.DOC.014050vH","dkUVz+Ep9mjwe8AKJjPrCYTGVeHZyOun",
"35e8403a-173c-48f5-819f-ce3cf243ad81","GUAN_007.basePlot.bet","D04","GUAN","GUAN_007","W","distributed","evergreenForest",17.972832,-66.857711,"WGS84",20.1,174.7,0.2,"2016-04-18","2016-05-02","GUAN.2016.18",14,"Y","GUAN_007.W.20160502","Ok","Ok","Ok","NEON.DOC.014050vH","JYpGqoh1QQ3eP5RIJnpEN1WEYfJadbWZ",
"a9f694da-2bb2-4b9b-8b1a-9aa9bd4ef0eb","GUAN_008.basePlot.bet","D04","GUAN","GUAN_008","W","distributed","evergreenForest",17.965762,-66.832036,"WGS84",20.1,65.8,0.1,"2016-04-18","2016-05-02","GUAN.2016.18",14,"Y","GUAN_008.W.20160502","Ok","Ok","Ok","NEON.DOC.014050vH","XeHqv51r26YPZRP83jHd/mL5WIALVSyUfb6aXI5a0u0=",
"c2c4bc14-ade7-4824-91d0-b574884f4239","GUAN_002.basePlot.bet","D04","GUAN","GUAN_002","W","distributed","evergreenForest",17.970294,-66.824633,"WGS84",20.1,89.1,0.1,"2016-04-18","2016-05-02","GUAN.2016.18",14,"Y","GUAN_002.W.20160502","Ok","Ok","Ok","NEON.DOC.014050vH","XeHqv51r26YPZRP83jHd/mL5WIALVSyUfb6aXI5a0u0=",
"5be438e5-4da6-41e4-8b7d-07234e2d8f99","GUAN_005.basePlot.bet","D04","GUAN","GUAN_005","W","distributed","evergreenForest",17.968744,-66.880447,"WGS84",20.2,164.3,0.2,"2016-04-18","2016-05-02","GUAN.2016.18",14,"Y","GUAN_005.W.20160502","Ok","Ok","Ok","NEON.DOC.014050vH","dkUVz+Ep9mjwe8AKJjPrCYTGVeHZyOun",
"297b0638-c5e8-466a-9a60-dca80498e6b8","GUAN_004.basePlot.bet","D04","GUAN","GUAN_004","W","distributed","evergreenForest",17.969254,-66.852670,"WGS84",20.1,133.5,0.1,"2016-04-18","2016-05-02","GUAN.2016.18",14,"Y","GUAN_004.W.20160502","Ok","Ok","Ok","NEON.DOC.014050vH","XeHqv51r26YPZRP83jHd/mL5WIALVSyUfb6aXI5a0u0=",
"33901810-8072-401e-a9ed-f477dc1b3d55","GUAN_007.basePlot.bet","D04","GUAN","GUAN_007","E","distributed","evergreenForest",17.972832,-66.857711,"WGS84",20.1,174.7,0.2,"2016-04-18","2016-05-02","GUAN.2016.18",14,"Y","GUAN_007.E.20160502","Ok","Ok","Ok","NEON.DOC.014050vH","JYpGqoh1QQ3eP5RIJnpEN1WEYfJadbWZ",
"89e21704-0071-44cc-96a0-6da45c5c8af9","GUAN_004.basePlot.bet","D04","GUAN","GUAN_004","E","distributed","evergreenForest",17.969254,-66.852670,"WGS84",20.1,133.5,0.1,"2016-05-02","2016-05-16","GUAN.2016.20",14,"Y","GUAN_004.E.20160516","Ok","Ok","Ok","NEON.DOC.014050vH","dkUVz+Ep9mjwe8AKJjPrCYTGVeHZyOun",
"d633b551-fa94-4f62-a399-eaf6817c8d74","GUAN_008.basePlot.bet","D04","GUAN","GUAN_008","W","distributed","evergreenForest",17.965762,-66.832036,"WGS84",20.1,65.8,0.1,"2016-05-02","2016-05-16","GUAN.2016.20",14,"Y","GUAN_008.W.20160516","Ok","Ok","Ok","NEON.DOC.014050vH","dkUVz+Ep9mjwe8AKJjPrCYTGVeHZyOun",
"51aa0761-5b96-44c5-967c-c654ea9b22e0","GUAN_001.basePlot.bet","D04","GUAN","GUAN_001","E","distributed","evergreenForest",17.972770,-66.851235,"WGS84",20.2,152.1,0.2,"2016-05-02","2016-05-16","GUAN.2016.20",14,"Y","GUAN_001.E.20160516","Ok","Ok","Ok","NEON.DOC.014050vH","JYpGqoh1QQ3eP5RIJnpEN1WEYfJadbWZ",
"f91d26be-715f-469f-a18d-3156f9f3894f","GUAN_002.basePlot.bet","D04","GUAN","GUAN_002","E","distributed","evergreenForest",17.970294,-66.824633,"WGS84",20.1,89.1,0.1,"2016-05-02","2016-05-16","GUAN.2016.20",14,"Y","GUAN_002.E.20160516","Ok","Ok","Ok","NEON.DOC.014050vH","dkUVz+Ep9mjwe8AKJjPrCYTGVeHZyOun",
"b8fa117b-c5d4-4d3d-bcf4-f0d8b044cb18","GUAN_009.basePlot.bet","D04","GUAN","GUAN_009","E","distributed","evergreenForest",17.979430,-66.867833,"WGS84",20.1,116.5,0.1,"2016-05-02","2016-05-16","GUAN.2016.20",14,"Y","GUAN_009.E.20160516","Ok","Ok","Ok","NEON.DOC.014050vH","JYpGqoh1QQ3eP5RIJnpEN1WEYfJadbWZ",
"115d27a0-7f9e-40b9-98d9-49d335bb3cd3","GUAN_010.basePlot.bet","D04","GUAN","GUAN_010","E","distributed","evergreenForest",17.972441,-66.871318,"WGS84",20.1,177.6,0.1,"2016-05-02","2016-05-16","GUAN.2016.20",14,"Y","GUAN_010.E.20160516","Ok","Ok","Ok","NEON.DOC.014050vH","2G6jL1xU09kc++3fEPpQLkA2cHzpx8zXwl+Jr/s/QvQ=",
"525b2600-0232-43b8-a9f9-e851e958acdb","GUAN_003.basePlot.bet","D04","GUAN","GUAN_003","E","distributed","evergreenForest",17.973133,-66.861701,"WGS84",20.3,182.9,0.3,"2016-05-02","2016-05-16","GUAN.2016.20",14,"Y","GUAN_003.E.20160516","Ok","Ok","Ok","NEON.DOC.014050vH","JYpGqoh1QQ3eP5RIJnpEN1WEYfJadbWZ",
"9b19349d-8f24-4cd2-903e-4dd80d0b6241","GUAN_006.basePlot.bet","D04","GUAN","GUAN_006","E","distributed","evergreenForest",17.963818,-66.875668,"WGS84",20.2,101.3,0.3,"2016-05-02","2016-05-16","GUAN.2016.20",14,"Y","GUAN_006.E.20160516","Ok","Ok","Ok","NEON.DOC.014050vH","2G6jL1xU09kc++3fEPpQLkA2cHzpx8zXwl+Jr/s/QvQ=",
"21ea2d82-5707-4445-9b4d-83f0610b1052","GUAN_005.basePlot.bet","D04","GUAN","GUAN_005","E","distributed","evergreenForest",17.968744,-66.880447,"WGS84",20.2,164.3,0.2,"2016-05-02","2016-05-16","GUAN.2016.20",14,"Y","GUAN_005.E.20160516","Ok","Ok","Ok","NEON.DOC.014050vH","2G6jL1xU09kc++3fEPpQLkA2cHzpx8zXwl+Jr/s/QvQ=",
"79db001e-8991-40ef-8605-11f9194e9f0f","GUAN_008.basePlot.bet","D04","GUAN","GUAN_008","E","distributed","evergreenForest",17.965762,-66.832036,"WGS84",20.1,65.8,0.1,"2016-05-02","2016-05-16","GUAN.2016.20",14,"Y","GUAN_008.E.20160516","Ok","Ok","Ok","NEON.DOC.014050vH","dkUVz+Ep9mjwe8AKJjPrCYTGVeHZyOun",
"dd333259-a1bb-4458-8f10-d14d34a46dae","GUAN_007.basePlot.bet","D04","GUAN","GUAN_007","N","distributed","evergreenForest",17.972832,-66.857711,"WGS84",20.1,174.7,0.2,"2016-05-02","2016-05-16","GUAN.2016.20",14,"Y","GUAN_007.N.20160516","Ok","Ok","Ok","NEON.DOC.014050vH","JYpGqoh1QQ3eP5RIJnpEN1WEYfJadbWZ",
"26bcc990-156b-4ba0-a45f-e212e2abbe70","GUAN_009.basePlot.bet","D04","GUAN","GUAN_009","N","distributed","evergreenForest",17.979430,-66.867833,"WGS84",20.1,116.5,0.1,"2016-05-02","2016-05-16","GUAN.2016.20",14,"Y","GUAN_009.N.20160516","Ok","Ok","Ok","NEON.DOC.014050vH","JYpGqoh1QQ3eP5RIJnpEN1WEYfJadbWZ",
"508562d5-0a3d-49c6-acee-44ced5af06d7","GUAN_001.basePlot.bet","D04","GUAN","GUAN_001","N","distributed","evergreenForest",17.972770,-66.851235,"WGS84",20.2,152.1,0.2,"2016-05-02","2016-05-16","GUAN.2016.20",14,"Y","GUAN_001.N.20160516","Ok","Ok","Ok","NEON.DOC.014050vH","JYpGqoh1QQ3eP5RIJnpEN1WEYfJadbWZ",
"90548da5-9bfe-4107-96de-3849dd6a1b39","GUAN_004.basePlot.bet","D04","GUAN","GUAN_004","N","distributed","evergreenForest",17.969254,-66.852670,"WGS84",20.1,133.5,0.1,"2016-05-02","2016-05-16","GUAN.2016.20",14,"Y","GUAN_004.N.20160516","Ok","Ok","Low","NEON.DOC.014050vH","dkUVz+Ep9mjwe8AKJjPrCYTGVeHZyOun",
"b9c08c19-b3d1-45ab-907e-01d31be5c548","GUAN_002.basePlot.bet","D04","GUAN","GUAN_002","N","distributed","evergreenForest",17.970294,-66.824633,"WGS84",20.1,89.1,0.1,"2016-05-02","2016-05-16","GUAN.2016.20",14,"Y","GUAN_002.N.20160516","Ok","Ok","Ok","NEON.DOC.014050vH","dkUVz+Ep9mjwe8AKJjPrCYTGVeHZyOun",
"704b9307-6a5d-498a-a0ad-38bbb267b38c","GUAN_010.basePlot.bet","D04","GUAN","GUAN_010","N","distributed","evergreenForest",17.972441,-66.871318,"WGS84",20.1,177.6,0.1,"2016-05-02","2016-05-16","GUAN.2016.20",14,"Y","GUAN_010.N.20160516","Ok","Ok","Ok","NEON.DOC.014050vH","2G6jL1xU09kc++3fEPpQLkA2cHzpx8zXwl+Jr/s/QvQ=",
"002e1589-9c43-40af-9b77-650325fbb770","GUAN_003.basePlot.bet","D04","GUAN","GUAN_003","N","distributed","evergreenForest",17.973133,-66.861701,"WGS84",20.3,182.9,0.3,"2016-05-02","2016-05-16","GUAN.2016.20",14,"Y","GUAN_003.N.20160516","Ok","Ok","Ok","NEON.DOC.014050vH","JYpGqoh1QQ3eP5RIJnpEN1WEYfJadbWZ",
"f41e0741-27af-4390-9780-40e496201e8a","GUAN_006.basePlot.bet","D04","GUAN","GUAN_006","N","distributed","evergreenForest",17.963818,-66.875668,"WGS84",20.2,101.3,0.3,"2016-05-02","2016-05-16","GUAN.2016.20",14,"Y","GUAN_006.N.20160516","Ok","Ok","Ok","NEON.DOC.014050vH","2G6jL1xU09kc++3fEPpQLkA2cHzpx8zXwl+Jr/s/QvQ=",
"2e35847b-b512-4f54-a240-1cdc30ef17a9","GUAN_005.basePlot.bet","D04","GUAN","GUAN_005","N","distributed","evergreenForest",17.968744,-66.880447,"WGS84",20.2,164.3,0.2,"2016-05-02","2016-05-16","GUAN.2016.20",14,"Y","GUAN_005.N.20160516","Ok","Ok","Ok","NEON.DOC.014050vH","2G6jL1xU09kc++3fEPpQLkA2cHzpx8zXwl+Jr/s/QvQ=",
"63bde66f-e277-4dad-9ec4-b027ca80435e","GUAN_008.basePlot.bet","D04","GUAN","GUAN_008","N","distributed","evergreenForest",17.965762,-66.832036,"WGS84",20.1,65.8,0.1,"2016-05-02","2016-05-16","GUAN.2016.20",14,"Y","GUAN_008.N.20160516","Ok","Ok","Ok","NEON.DOC.014050vH","dkUVz+Ep9mjwe8AKJjPrCYTGVeHZyOun",
"f19c9e7d-8c8d-4b54-8851-c68aa4d7f4fd","GUAN_001.basePlot.bet","D04","GUAN","GUAN_001","S","distributed","evergreenForest",17.972770,-66.851235,"WGS84",20.2,152.1,0.2,"2016-05-02","2016-05-16","GUAN.2016.20",14,"Y","GUAN_001.S.20160516","Ok","Ok","Ok","NEON.DOC.014050vH","JYpGqoh1QQ3eP5RIJnpEN1WEYfJadbWZ",
"beef9d13-27ac-4e7b-b8dc-40137d4fb279","GUAN_002.basePlot.bet","D04","GUAN","GUAN_002","S","distributed","evergreenForest",17.970294,-66.824633,"WGS84",20.1,89.1,0.1,"2016-05-02","2016-05-16","GUAN.2016.20",14,"Y","GUAN_002.S.20160516","Ok","Ok","Ok","NEON.DOC.014050vH","dkUVz+Ep9mjwe8AKJjPrCYTGVeHZyOun",
"902172a4-8264-45a3-9a89-b945c99ea02b","GUAN_009.basePlot.bet","D04","GUAN","GUAN_009","S","distributed","evergreenForest",17.979430,-66.867833,"WGS84",20.1,116.5,0.1,"2016-05-02","2016-05-16","GUAN.2016.20",14,"Y","GUAN_009.S.20160516","Ok","Ok","Ok","NEON.DOC.014050vH","JYpGqoh1QQ3eP5RIJnpEN1WEYfJadbWZ",
"89fad805-ad47-424f-bbd8-737094121065","GUAN_008.basePlot.bet","D04","GUAN","GUAN_008","S","distributed","evergreenForest",17.965762,-66.832036,"WGS84",20.1,65.8,0.1,"2016-05-02","2016-05-16","GUAN.2016.20",14,"Y","GUAN_008.S.20160516","Ok","Ok","Ok","NEON.DOC.014050vH","dkUVz+Ep9mjwe8AKJjPrCYTGVeHZyOun",
"46c8aac8-e61a-42b0-a131-8a5610c31759","GUAN_004.basePlot.bet","D04","GUAN","GUAN_004","S","distributed","evergreenForest",17.969254,-66.852670,"WGS84",20.1,133.5,0.1,"2016-05-02","2016-05-16","GUAN.2016.20",14,"Y","GUAN_004.S.20160516","Ok","Ok","Ok","NEON.DOC.014050vH","dkUVz+Ep9mjwe8AKJjPrCYTGVeHZyOun",
"feca2e11-362d-4144-ae89-382d3b8813a6","GUAN_007.basePlot.bet","D04","GUAN","GUAN_007","S","distributed","evergreenForest",17.972832,-66.857711,"WGS84",20.1,174.7,0.2,"2016-05-02","2016-05-16","GUAN.2016.20",14,"Y","GUAN_007.S.20160516","Ok","Ok","Ok","NEON.DOC.014050vH","JYpGqoh1QQ3eP5RIJnpEN1WEYfJadbWZ",
"73f560a3-11a9-4edd-858d-957f7f2c4048","GUAN_006.basePlot.bet","D04","GUAN","GUAN_006","S","distributed","evergreenForest",17.963818,-66.875668,"WGS84",20.2,101.3,0.3,"2016-05-02","2016-05-16","GUAN.2016.20",14,"Y","GUAN_006.S.20160516","Ok","Ok","Ok","NEON.DOC.014050vH","2G6jL1xU09kc++3fEPpQLkA2cHzpx8zXwl+Jr/s/QvQ=",
"c131b06e-5368-4472-84b0-61a20128a737","GUAN_005.basePlot.bet","D04","GUAN","GUAN_005","S","distributed","evergreenForest",17.968744,-66.880447,"WGS84",20.2,164.3,0.2,"2016-05-02","2016-05-16","GUAN.2016.20",14,"Y","GUAN_005.S.20160516","Ok","Ok","Ok","NEON.DOC.014050vH","2G6jL1xU09kc++3fEPpQLkA2cHzpx8zXwl+Jr/s/QvQ=",
"b4c615d8-50c6-46f9-8b7a-2558c3baed94","GUAN_010.basePlot.bet","D04","GUAN","GUAN_010","S","distributed","evergreenForest",17.972441,-66.871318,"WGS84",20.1,177.6,0.1,"2016-05-02","2016-05-16","GUAN.2016.20",14,"Y","GUAN_010.S.20160516","Ok","Ok","Ok","NEON.DOC.014050vH","2G6jL1xU09kc++3fEPpQLkA2cHzpx8zXwl+Jr/s/QvQ=",
"2bb71bb8-1d18-45d5-9ec3-4f7a1e515b78","GUAN_003.basePlot.bet","D04","GUAN","GUAN_003","S","distributed","evergreenForest",17.973133,-66.861701,"WGS84",20.3,182.9,0.3,"2016-05-02","2016-05-16","GUAN.2016.20",14,"Y","GUAN_003.S.20160516","Ok","Ok","Ok","NEON.DOC.014050vH","JYpGqoh1QQ3eP5RIJnpEN1WEYfJadbWZ",
"82faadd4-890b-4e8d-8b55-215012a2995d","GUAN_007.basePlot.bet","D04","GUAN","GUAN_007","W","distributed","evergreenForest",17.972832,-66.857711,"WGS84",20.1,174.7,0.2,"2016-05-02","2016-05-16","GUAN.2016.20",14,"Y","GUAN_007.W.20160516","Ok","Ok","Ok","NEON.DOC.014050vH","JYpGqoh1QQ3eP5RIJnpEN1WEYfJadbWZ",
"fd5eec55-6e46-4d0d-be62-dd7858be6361","GUAN_006.basePlot.bet","D04","GUAN","GUAN_006","W","distributed","evergreenForest",17.963818,-66.875668,"WGS84",20.2,101.3,0.3,"2016-05-02","2016-05-16","GUAN.2016.20",14,"Y","GUAN_006.W.20160516","Ok","Ok","Ok","NEON.DOC.014050vH","2G6jL1xU09kc++3fEPpQLkA2cHzpx8zXwl+Jr/s/QvQ=",
"2ef93f19-5a8f-4e8b-8568-901dab3abe83","GUAN_010.basePlot.bet","D04","GUAN","GUAN_010","W","distributed","evergreenForest",17.972441,-66.871318,"WGS84",20.1,177.6,0.1,"2016-05-02","2016-05-16","GUAN.2016.20",14,"Y","GUAN_010.W.20160516","Ok","Ok","Ok","NEON.DOC.014050vH","2G6jL1xU09kc++3fEPpQLkA2cHzpx8zXwl+Jr/s/QvQ=",
"ac4d42b8-b762-42da-a34e-6bd113040274","GUAN_005.basePlot.bet","D04","GUAN","GUAN_005","W","distributed","evergreenForest",17.968744,-66.880447,"WGS84",20.2,164.3,0.2,"2016-05-02","2016-05-16","GUAN.2016.20",14,"Y","GUAN_005.W.20160516","Ok","Ok","Ok","NEON.DOC.014050vH","2G6jL1xU09kc++3fEPpQLkA2cHzpx8zXwl+Jr/s/QvQ=",
"773ce3e0-b97b-41ed-ad9d-501e101ca000","GUAN_003.basePlot.bet","D04","GUAN","GUAN_003","W","distributed","evergreenForest",17.973133,-66.861701,"WGS84",20.3,182.9,0.3,"2016-05-02","2016-05-16","GUAN.2016.20",14,"Y","GUAN_003.W.20160516","Ok","Ok","Ok","NEON.DOC.014050vH","JYpGqoh1QQ3eP5RIJnpEN1WEYfJadbWZ",
"f3879cb5-79c7-4b86-b3df-b3f9afeb7480","GUAN_001.basePlot.bet","D04","GUAN","GUAN_001","W","distributed","evergreenForest",17.972770,-66.851235,"WGS84",20.2,152.1,0.2,"2016-05-02","2016-05-16","GUAN.2016.20",14,"Y","GUAN_001.W.20160516","Ok","Ok","Ok","NEON.DOC.014050vH","JYpGqoh1QQ3eP5RIJnpEN1WEYfJadbWZ",
"a758f6cc-5c7c-4e6b-90b0-1c26335bd80e","GUAN_002.basePlot.bet","D04","GUAN","GUAN_002","W","distributed","evergreenForest",17.970294,-66.824633,"WGS84",20.1,89.1,0.1,"2016-05-02","2016-05-16","GUAN.2016.20",14,"Y","GUAN_002.W.20160516","Ok","Ok","Ok","NEON.DOC.014050vH","dkUVz+Ep9mjwe8AKJjPrCYTGVeHZyOun",
"9655c6e5-0119-43a7-8137-f879f67d0af2","GUAN_009.basePlot.bet","D04","GUAN","GUAN_009","W","distributed","evergreenForest",17.979430,-66.867833,"WGS84",20.1,116.5,0.1,"2016-05-02","2016-05-16","GUAN.2016.20",14,"Y","GUAN_009.W.20160516","Ok","Ok","Ok","NEON.DOC.014050vH","JYpGqoh1QQ3eP5RIJnpEN1WEYfJadbWZ",
"7bdb3cc4-a0c2-4aad-8990-29eafcb1da46","GUAN_004.basePlot.bet","D04","GUAN","GUAN_004","W","distributed","evergreenForest",17.969254,-66.852670,"WGS84",20.1,133.5,0.1,"2016-05-02","2016-05-16","GUAN.2016.20",14,"Y","GUAN_004.W.20160516","Ok","Ok","Ok","NEON.DOC.014050vH","dkUVz+Ep9mjwe8AKJjPrCYTGVeHZyOun",
"713f67f5-d65d-44fb-831a-6da3c6e493cc","GUAN_007.basePlot.bet","D04","GUAN","GUAN_007","E","distributed","evergreenForest",17.972832,-66.857711,"WGS84",20.1,174.7,0.2,"2016-05-02","2016-05-16","GUAN.2016.20",14,"Y","GUAN_007.E.20160516","Ok","Ok","Ok","NEON.DOC.014050vH","JYpGqoh1QQ3eP5RIJnpEN1WEYfJadbWZ",
"922c01c8-78b0-461c-8a97-20bec7d11eeb","GUAN_004.basePlot.bet","D04","GUAN","GUAN_004","E","distributed","evergreenForest",17.969254,-66.852670,"WGS84",20.1,133.5,0.1,"2016-05-16","2016-05-30","GUAN.2016.22",14,"Y","GUAN_004.E.20160530","Ok","Ok","Ok","NEON.DOC.014050vH","dkUVz+Ep9mjwe8AKJjPrCYTGVeHZyOun",
"5c45cb21-c71e-4e16-9836-aa537a7d6ac1","GUAN_008.basePlot.bet","D04","GUAN","GUAN_008","E","distributed","evergreenForest",17.965762,-66.832036,"WGS84",20.1,65.8,0.1,"2016-05-16","2016-05-30","GUAN.2016.22",14,"Y","GUAN_008.E.20160530","Ok","Ok","Ok","NEON.DOC.014050vH","dkUVz+Ep9mjwe8AKJjPrCYTGVeHZyOun",
"20d16eba-a1ff-404c-b084-f3bb09db29eb","GUAN_002.basePlot.bet","D04","GUAN","GUAN_002","E","distributed","evergreenForest",17.970294,-66.824633,"WGS84",20.1,89.1,0.1,"2016-05-16","2016-05-30","GUAN.2016.22",14,"Y","GUAN_002.E.20160530","Ok","Ok","Ok","NEON.DOC.014050vH","dkUVz+Ep9mjwe8AKJjPrCYTGVeHZyOun",
"78425180-a7fb-4104-aa4e-528991d4c5cc","GUAN_009.basePlot.bet","D04","GUAN","GUAN_009","E","distributed","evergreenForest",17.979430,-66.867833,"WGS84",20.1,116.5,0.1,"2016-05-16","2016-05-30","GUAN.2016.22",14,"Y","GUAN_009.E.20160530","Ok","Ok","Ok","NEON.DOC.014050vH","JYpGqoh1QQ3eP5RIJnpEN1WEYfJadbWZ",
"0b7cc27d-24b3-400e-bce6-1cc8dfdc6edc","GUAN_001.basePlot.bet","D04","GUAN","GUAN_001","E","distributed","evergreenForest",17.972770,-66.851235,"WGS84",20.2,152.1,0.2,"2016-05-16","2016-05-30","GUAN.2016.22",14,"Y","GUAN_001.E.20160530","Ok","Ok","Ok","NEON.DOC.014050vH","JYpGqoh1QQ3eP5RIJnpEN1WEYfJadbWZ",
"8dbae60f-b014-4210-8fc0-838b61fd247b","GUAN_003.basePlot.bet","D04","GUAN","GUAN_003","E","distributed","evergreenForest",17.973133,-66.861701,"WGS84",20.3,182.9,0.3,"2016-05-16","2016-05-30","GUAN.2016.22",14,"Y","GUAN_003.E.20160530","Ok","Ok","Ok","NEON.DOC.014050vH","JYpGqoh1QQ3eP5RIJnpEN1WEYfJadbWZ",
"9846bc48-13c3-434b-9580-295744838735","GUAN_010.basePlot.bet","D04","GUAN","GUAN_010","E","distributed","evergreenForest",17.972441,-66.871318,"WGS84",20.1,177.6,0.1,"2016-05-16","2016-05-30","GUAN.2016.22",14,"Y","GUAN_010.E.20160530","Ok","Ok","Ok","NEON.DOC.014050vH","bLuA32XSwhQ1UEFOt6rO3xlOtBx7Ppbg",
"58e0bd1d-8c47-4ef0-8a50-2c666121a9fd","GUAN_005.basePlot.bet","D04","GUAN","GUAN_005","E","distributed","evergreenForest",17.968744,-66.880447,"WGS84",20.2,164.3,0.2,"2016-05-16","2016-05-30","GUAN.2016.22",14,"Y","GUAN_005.E.20160530","Ok","Ok","Ok","NEON.DOC.014050vH","bLuA32XSwhQ1UEFOt6rO3xlOtBx7Ppbg",
"ba38dfdf-aff3-402a-b0c6-ce4be71358db","GUAN_007.basePlot.bet","D04","GUAN","GUAN_007","E","distributed","evergreenForest",17.972832,-66.857711,"WGS84",20.1,174.7,0.2,"2016-05-16","2016-05-30","GUAN.2016.22",14,"Y","GUAN_007.E.20160530","Ok","Ok","Ok","NEON.DOC.014050vH","JYpGqoh1QQ3eP5RIJnpEN1WEYfJadbWZ",
"1e1955fa-9a18-4746-8d44-6f46fd002ca6","GUAN_006.basePlot.bet","D04","GUAN","GUAN_006","E","distributed","evergreenForest",17.963818,-66.875668,"WGS84",20.2,101.3,0.3,"2016-05-16","2016-05-30","GUAN.2016.22",14,"Y","GUAN_006.E.20160530","Ok","Ok","Ok","NEON.DOC.014050vH","bLuA32XSwhQ1UEFOt6rO3xlOtBx7Ppbg",
"45664d9a-f3cf-4701-82da-5aae7640dd6e","GUAN_007.basePlot.bet","D04","GUAN","GUAN_007","N","distributed","evergreenForest",17.972832,-66.857711,"WGS84",20.1,174.7,0.2,"2016-05-16","2016-05-30","GUAN.2016.22",14,"Y","GUAN_007.N.20160530","Ok","Ok","Ok","NEON.DOC.014050vH","JYpGqoh1QQ3eP5RIJnpEN1WEYfJadbWZ",
"90114f6f-def6-4e37-b39c-dc17e1efecbf","GUAN_009.basePlot.bet","D04","GUAN","GUAN_009","N","distributed","evergreenForest",17.979430,-66.867833,"WGS84",20.1,116.5,0.1,"2016-05-16","2016-05-30","GUAN.2016.22",14,"Y","GUAN_009.N.20160530","Ok","Ok","Ok","NEON.DOC.014050vH","JYpGqoh1QQ3eP5RIJnpEN1WEYfJadbWZ",
"6d6a957a-1fc6-429d-a22d-385b1244aeb2","GUAN_001.basePlot.bet","D04","GUAN","GUAN_001","N","distributed","evergreenForest",17.972770,-66.851235,"WGS84",20.2,152.1,0.2,"2016-05-16","2016-05-30","GUAN.2016.22",14,"Y","GUAN_001.N.20160530","Ok","Ok","Ok","NEON.DOC.014050vH","JYpGqoh1QQ3eP5RIJnpEN1WEYfJadbWZ",
"7e0b94ce-3999-425d-8e5b-ff2d4c2d545e","GUAN_002.basePlot.bet","D04","GUAN","GUAN_002","N","distributed","evergreenForest",17.970294,-66.824633,"WGS84",20.1,89.1,0.1,"2016-05-16","2016-05-30","GUAN.2016.22",14,"Y","GUAN_002.N.20160530","Ok","Ok","Ok","NEON.DOC.014050vH","dkUVz+Ep9mjwe8AKJjPrCYTGVeHZyOun",
"ee5d8a99-23ff-474c-bcd4-2af28a29930e","GUAN_003.basePlot.bet","D04","GUAN","GUAN_003","N","distributed","evergreenForest",17.973133,-66.861701,"WGS84",20.3,182.9,0.3,"2016-05-16","2016-05-30","GUAN.2016.22",14,"Y","GUAN_003.N.20160530","Ok","Ok","Ok","NEON.DOC.014050vH","JYpGqoh1QQ3eP5RIJnpEN1WEYfJadbWZ",
"232b0d32-9e6b-4b11-acf4-bac85c2972dc","GUAN_010.basePlot.bet","D04","GUAN","GUAN_010","N","distributed","evergreenForest",17.972441,-66.871318,"WGS84",20.1,177.6,0.1,"2016-05-16","2016-05-30","GUAN.2016.22",14,"Y","GUAN_010.N.20160530","Ok","Ok","Ok","NEON.DOC.014050vH","bLuA32XSwhQ1UEFOt6rO3xlOtBx7Ppbg",
"336d25ca-262f-4ecd-ab92-43cb6c84aa77","GUAN_006.basePlot.bet","D04","GUAN","GUAN_006","N","distributed","evergreenForest",17.963818,-66.875668,"WGS84",20.2,101.3,0.3,"2016-05-16","2016-05-30","GUAN.2016.22",14,"Y","GUAN_006.N.20160530","Ok","Ok","Ok","NEON.DOC.014050vH","bLuA32XSwhQ1UEFOt6rO3xlOtBx7Ppbg",
"af6e7af4-a13e-4bcb-8ad6-1cc55dd95b80","GUAN_005.basePlot.bet","D04","GUAN","GUAN_005","N","distributed","evergreenForest",17.968744,-66.880447,"WGS84",20.2,164.3,0.2,"2016-05-16","2016-05-30","GUAN.2016.22",14,"Y","GUAN_005.N.20160530","Ok","Ok","Ok","NEON.DOC.014050vH","bLuA32XSwhQ1UEFOt6rO3xlOtBx7Ppbg",
"85a640b9-4f25-479a-8abb-6fa00120a52b","GUAN_008.basePlot.bet","D04","GUAN","GUAN_008","N","distributed","evergreenForest",17.965762,-66.832036,"WGS84",20.1,65.8,0.1,"2016-05-16","2016-05-30","GUAN.2016.22",14,"Y","GUAN_008.N.20160530","Ok","Ok","Ok","NEON.DOC.014050vH","dkUVz+Ep9mjwe8AKJjPrCYTGVeHZyOun",
"cfac2537-47b4-4145-9260-ff0e876d3730","GUAN_004.basePlot.bet","D04","GUAN","GUAN_004","N","distributed","evergreenForest",17.969254,-66.852670,"WGS84",20.1,133.5,0.1,"2016-05-16","2016-05-30","GUAN.2016.22",14,"Y","GUAN_004.N.20160530","Ok","Ok","Ok","NEON.DOC.014050vH","dkUVz+Ep9mjwe8AKJjPrCYTGVeHZyOun",
"77569556-0ebf-4310-b9bf-4a94522ca77f","GUAN_003.basePlot.bet","D04","GUAN","GUAN_003","S","distributed","evergreenForest",17.973133,-66.861701,"WGS84",20.3,182.9,0.3,"2016-05-16","2016-05-30","GUAN.2016.22",14,"Y","GUAN_003.S.20160530","Ok","Ok","Ok","NEON.DOC.014050vH","JYpGqoh1QQ3eP5RIJnpEN1WEYfJadbWZ",
"36ed3d1b-eef3-483a-a414-b1d8b9e4e964","GUAN_010.basePlot.bet","D04","GUAN","GUAN_010","S","distributed","evergreenForest",17.972441,-66.871318,"WGS84",20.1,177.6,0.1,"2016-05-16","2016-05-30","GUAN.2016.22",14,"Y","GUAN_010.S.20160530","Ok","Ok","Ok","NEON.DOC.014050vH","bLuA32XSwhQ1UEFOt6rO3xlOtBx7Ppbg",
"0f34d03a-28a2-4edc-8956-4c52f10bd763","GUAN_005.basePlot.bet","D04","GUAN","GUAN_005","S","distributed","evergreenForest",17.968744,-66.880447,"WGS84",20.2,164.3,0.2,"2016-05-16","2016-05-30","GUAN.2016.22",14,"Y","GUAN_005.S.20160530","Ok","Ok","Ok","NEON.DOC.014050vH","bLuA32XSwhQ1UEFOt6rO3xlOtBx7Ppbg",
"5ea1ea88-2d78-4d8e-9ab9-de13586467dc","GUAN_007.basePlot.bet","D04","GUAN","GUAN_007","S","distributed","evergreenForest",17.972832,-66.857711,"WGS84",20.1,174.7,0.2,"2016-05-16","2016-05-30","GUAN.2016.22",14,"Y","GUAN_007.S.20160530","Ok","Ok","Ok","NEON.DOC.014050vH","JYpGqoh1QQ3eP5RIJnpEN1WEYfJadbWZ",
"23fc07f9-4b49-48bc-bdbb-e2d475acb3cc","GUAN_006.basePlot.bet","D04","GUAN","GUAN_006","S","distributed","evergreenForest",17.963818,-66.875668,"WGS84",20.2,101.3,0.3,"2016-05-16","2016-05-30","GUAN.2016.22",14,"Y","GUAN_006.S.20160530","Ok","Ok","Ok","NEON.DOC.014050vH","bLuA32XSwhQ1UEFOt6rO3xlOtBx7Ppbg",
"5aa10979-99ae-4048-b3f9-a6269f37df42","GUAN_004.basePlot.bet","D04","GUAN","GUAN_004","S","distributed","evergreenForest",17.969254,-66.852670,"WGS84",20.1,133.5,0.1,"2016-05-16","2016-05-30","GUAN.2016.22",14,"Y","GUAN_004.S.20160530","Ok","Ok","Ok","NEON.DOC.014050vH","dkUVz+Ep9mjwe8AKJjPrCYTGVeHZyOun",
"14cf46d5-4fb3-4801-bb08-d9006feef6fe","GUAN_009.basePlot.bet","D04","GUAN","GUAN_009","S","distributed","evergreenForest",17.979430,-66.867833,"WGS84",20.1,116.5,0.1,"2016-05-16","2016-05-30","GUAN.2016.22",14,"Y","GUAN_009.S.20160530","Ok","Ok","Ok","NEON.DOC.014050vH","JYpGqoh1QQ3eP5RIJnpEN1WEYfJadbWZ",
"2926ce7e-5a27-40c1-831f-faf4923a3f4f","GUAN_008.basePlot.bet","D04","GUAN","GUAN_008","S","distributed","evergreenForest",17.965762,-66.832036,"WGS84",20.1,65.8,0.1,"2016-05-16","2016-05-30","GUAN.2016.22",14,"Y","GUAN_008.S.20160530","Ok","Ok","Ok","NEON.DOC.014050vH","dkUVz+Ep9mjwe8AKJjPrCYTGVeHZyOun",
"1aa6f59d-5e4f-4cd7-a50b-fa37b162361f","GUAN_002.basePlot.bet","D04","GUAN","GUAN_002","S","distributed","evergreenForest",17.970294,-66.824633,"WGS84",20.1,89.1,0.1,"2016-05-16","2016-05-30","GUAN.2016.22",14,"Y","GUAN_002.S.20160530","Ok","Ok","Ok","NEON.DOC.014050vH","dkUVz+Ep9mjwe8AKJjPrCYTGVeHZyOun",
"b32a6837-2a56-43db-a451-260ee654c971","GUAN_001.basePlot.bet","D04","GUAN","GUAN_001","S","distributed","evergreenForest",17.972770,-66.851235,"WGS84",20.2,152.1,0.2,"2016-05-16","2016-05-30","GUAN.2016.22",14,"Y","GUAN_001.S.20160530","Ok","Ok","Ok","NEON.DOC.014050vH","JYpGqoh1QQ3eP5RIJnpEN1WEYfJadbWZ",
"706a14be-23b8-45f7-ac98-85453502866f","GUAN_009.basePlot.bet","D04","GUAN","GUAN_009","W","distributed","evergreenForest",17.979430,-66.867833,"WGS84",20.1,116.5,0.1,"2016-05-16","2016-05-30","GUAN.2016.22",14,"Y","GUAN_009.W.20160530","Ok","Ok","Ok","NEON.DOC.014050vH","JYpGqoh1QQ3eP5RIJnpEN1WEYfJadbWZ",
"a3002193-1316-44a2-a4d4-46ccf730a0e8","GUAN_001.basePlot.bet","D04","GUAN","GUAN_001","W","distributed","evergreenForest",17.972770,-66.851235,"WGS84",20.2,152.1,0.2,"2016-05-16","2016-05-30","GUAN.2016.22",14,"Y","GUAN_001.W.20160530","Ok","Ok","Ok","NEON.DOC.014050vH","JYpGqoh1QQ3eP5RIJnpEN1WEYfJadbWZ",
"bb099cb0-46d4-4bdc-90a7-90049e3b1486","GUAN_010.basePlot.bet","D04","GUAN","GUAN_010","W","distributed","evergreenForest",17.972441,-66.871318,"WGS84",20.1,177.6,0.1,"2016-05-16","2016-05-30","GUAN.2016.22",14,"Y","GUAN_010.W.20160530","Ok","Ok","Ok","NEON.DOC.014050vH","bLuA32XSwhQ1UEFOt6rO3xlOtBx7Ppbg",
"d6e8663b-bc43-456c-bc97-170b84ab2769","GUAN_005.basePlot.bet","D04","GUAN","GUAN_005","W","distributed","evergreenForest",17.968744,-66.880447,"WGS84",20.2,164.3,0.2,"2016-05-16","2016-05-30","GUAN.2016.22",14,"Y","GUAN_005.W.20160530","Ok","Ok","Ok","NEON.DOC.014050vH","bLuA32XSwhQ1UEFOt6rO3xlOtBx7Ppbg",
"f36c93c2-3c96-480f-a942-ca83f6832e13","GUAN_007.basePlot.bet","D04","GUAN","GUAN_007","W","distributed","evergreenForest",17.972832,-66.857711,"WGS84",20.1,174.7,0.2,"2016-05-16","2016-05-30","GUAN.2016.22",14,"Y","GUAN_007.W.20160530","Ok","Ok","Ok","NEON.DOC.014050vH","JYpGqoh1QQ3eP5RIJnpEN1WEYfJadbWZ",
"56101fe8-21e2-4786-b6c1-8400b24f6b60","GUAN_004.basePlot.bet","D04","GUAN","GUAN_004","W","distributed","evergreenForest",17.969254,-66.852670,"WGS84",20.1,133.5,0.1,"2016-05-16","2016-05-30","GUAN.2016.22",14,"Y","GUAN_004.W.20160530","Ok","Ok","Ok","NEON.DOC.014050vH","dkUVz+Ep9mjwe8AKJjPrCYTGVeHZyOun",
"25cb3c5a-36e8-44cb-a11a-baf065aa61d1","GUAN_002.basePlot.bet","D04","GUAN","GUAN_002","W","distributed","evergreenForest",17.970294,-66.824633,"WGS84",20.1,89.1,0.1,"2016-05-16","2016-05-30","GUAN.2016.22",14,"Y","GUAN_002.W.20160530","Ok","Ok","Ok","NEON.DOC.014050vH","dkUVz+Ep9mjwe8AKJjPrCYTGVeHZyOun",
"6b54be0e-8670-4661-a16c-4862faec5e71","GUAN_003.basePlot.bet","D04","GUAN","GUAN_003","W","distributed","evergreenForest",17.973133,-66.861701,"WGS84",20.3,182.9,0.3,"2016-05-16","2016-05-30","GUAN.2016.22",14,"Y","GUAN_003.W.20160530","Ok","Ok","Ok","NEON.DOC.014050vH","JYpGqoh1QQ3eP5RIJnpEN1WEYfJadbWZ",
"0cc138c2-3d38-43ad-8c3b-bbf5c587970a","GUAN_008.basePlot.bet","D04","GUAN","GUAN_008","W","distributed","evergreenForest",17.965762,-66.832036,"WGS84",20.1,65.8,0.1,"2016-05-16","2016-05-30","GUAN.2016.22",14,"Y","GUAN_008.W.20160530","Ok","Ok","Ok","NEON.DOC.014050vH","dkUVz+Ep9mjwe8AKJjPrCYTGVeHZyOun",
"a31a786e-abb6-4a71-af6d-d8be6acb4fc4","GUAN_006.basePlot.bet","D04","GUAN","GUAN_006","W","distributed","evergreenForest",17.963818,-66.875668,"WGS84",20.2,101.3,0.3,"2016-05-16","2016-05-30","GUAN.2016.22",14,"Y","GUAN_006.W.20160530","Ok","Ok","Ok","NEON.DOC.014050vH","bLuA32XSwhQ1UEFOt6rO3xlOtBx7Ppbg",
