uid,namedLocation,domainID,siteID,plotID,trapID,setDate,collectDate,processingDate,etOHChangeDate,identifiedDate,sampleID,subsampleID,sampleType,taxonID,scientificName,taxonRank,identificationQualifier,scientificNameAuthorship,morphospeciesID,individualCount,identificationReferences,identifiedBy,recordedBy,remarks
"23039fe5-9253-4a11-8dff-e0d4fac4e485","SCBI_010.basePlot.bet","D02","SCBI","SCBI_010","S","2015-07-21","2015-08-04","2015-08-05","2015-09-17",,"SCBI_010.S.20150804","6yi0mRc5GELPUkyfBbk+sHvxKv2GSnsGdg4kQfHkVmA=","invert bycatch",,,,,,,,,,"wYCqaZcA+7slXlj5N/mM6vobrh4QDptp",
"0df1799b-7a3f-4bff-be5e-6b13bf2ddfa3","SCBI_007.basePlot.bet","D02","SCBI","SCBI_007","S","2015-07-21","2015-08-04","2015-08-05","2015-09-17",,"SCBI_007.S.20150804","tckDqTjQv3gI17OVDNAsDmr+DHT0QMqRquQMd0MgdpE=","invert bycatch",,,,,,,,,,"wYCqaZcA+7slXlj5N/mM6vobrh4QDptp",
"71c16d8b-7a88-49f7-bcb1-d0554df95096","SCBI_003.basePlot.bet","D02","SCBI","SCBI_003","S","2015-07-21","2015-08-04","2015-08-05","2015-09-01",,"SCBI_003.S.20150804","YQnsugPXdU3C6y/600l7ZoJnJ2cwZVo9YKROmlr9IJU=","invert bycatch",,,,,,,,,,"wYCqaZcA+7slXlj5N/mM6vobrh4QDptp",
"aaf14388-1240-485d-8788-aadabb062755","SCBI_012.basePlot.bet","D02","SCBI","SCBI_012","S","2015-07-21","2015-08-04","2015-08-05","2015-09-21","2015-09-21","SCBI_012.S.20150804","XK58HfsRWvedDZEDg+fyn+W5Fas4/2px+Ix2+lS4QBc=","carabid","CHLAES","Chlaenius aestivus","species",,"Say",,1,"Ciegler, J. C. 2000. Ground beetles and wrinkled bark beetles of South Carolina (Coleoptera: Geadephaga: Carabidae and Rhysodidae). Biota of South Carolina. Vol. 1. Clemson, S. Clemson University.","fhqXNoOkfxgxeumX3nh8hiKzTnt5lZ8Br3PaGAyV7lk=","wYCqaZcA+7slXlj5N/mM6vobrh4QDptp",
"d3e41291-ee4d-4a87-a126-744af17c95e4","SCBI_033.basePlot.bet","D02","SCBI","SCBI_033","S","2015-07-21","2015-08-04","2015-08-05","2015-09-21",,"SCBI_033.S.20150804","4ZBK4Rjlf9k4xybhcO8HB4xij9l5yNTRJw2RXlfPxeQ=","invert bycatch",,,,,,,,,,"wYCqaZcA+7slXlj5N/mM6vobrh4QDptp",
"cf394b72-2484-4733-9e17-126ffc6afdb6","SCBI_012.basePlot.bet","D02","SCBI","SCBI_012","S","2015-07-21","2015-08-04","2015-08-05","2015-09-21",,"SCBI_012.S.20150804","XK58HfsRWvedDZEDg+fyn0kDOXUr5F8rpsNCPGpPEt4=","invert bycatch",,,,,,,,,,"wYCqaZcA+7slXlj5N/mM6vobrh4QDptp",
"977e2b71-be89-466b-bc4c-0bce212147c1","SCBI_012.basePlot.bet","D02","SCBI","SCBI_012","S","2015-07-21","2015-08-04","2015-08-05","2015-09-21",,"SCBI_012.S.20150804","XK58HfsRWvedDZEDg+fyn0kDOXUr5F8rOy1HmBkjcWE=","invert bycatch",,,,,,,,,,"wYCqaZcA+7slXlj5N/mM6vobrh4QDptp",
"19c0cf98-b7d7-4195-aa4a-710bb9357271","SCBI_010.basePlot.bet","D02","SCBI","SCBI_010","S","2015-07-21","2015-08-04","2015-08-05","2015-09-17",,"SCBI_010.S.20150804","6yi0mRc5GELPUkyfBbk+sHvxKv2GSnsGSsZ4eepotTc=","invert bycatch",,,,,,,,,,"wYCqaZcA+7slXlj5N/mM6vobrh4QDptp",
"d76f86c4-45a5-4eec-92a9-2939aca87f1c","SCBI_006.basePlot.bet","D02","SCBI","SCBI_006","S","2015-07-21","2015-08-04","2015-08-05","2015-09-17",,"SCBI_006.S.20150804","2wNT0Wyw285o/iZAEWrRkTfYEC286jiuhVLg0xBrEmI=","invert bycatch",,,,,,,,,,"wYCqaZcA+7slXlj5N/mM6vobrh4QDptp",
"ff4386e1-cf43-41eb-a33c-c212160f81c9","SCBI_008.basePlot.bet","D02","SCBI","SCBI_008","S","2015-07-21","2015-08-04","2015-08-05","2015-09-01",,"SCBI_008.S.20150804","BDl2KAs5Zr2uFlAO9rT1Cn87SOHoVecRUIWwRV+do7M=","invert bycatch",,,,,,,,,,"wYCqaZcA+7slXlj5N/mM6vobrh4QDptp",
"21fc96da-f787-4dbb-94fb-ef77b6bc4caf","SCBI_012.basePlot.bet","D02","SCBI","SCBI_012","S","2015-07-21","2015-08-04","2015-08-05","2015-09-21",,"SCBI_012.S.20150804","XK58HfsRWvedDZEDg+fyn0kDOXUr5F8r6oqBs6UXyXE=","invert bycatch",,,,,,,,,,"wYCqaZcA+7slXlj5N/mM6vobrh4QDptp",
"6bf4714e-9719-4781-b6df-a93ec166deea","SCBI_008.basePlot.bet","D02","SCBI","SCBI_008","S","2015-07-21","2015-08-04","2015-08-05","2015-09-01","2015-09-01","SCBI_008.S.20150804","BDl2KAs5Zr2uFlAO9rT1CiVdJApdbwlbOCt3W4pIYJM=","carabid","CHLEMA","Chlaenius emarginatus","species",,"Say",,1,"Ciegler, J. C. 2000. Ground beetles and wrinkled bark beetles of South Carolina (Coleoptera: Geadephaga: Carabidae and Rhysodidae). Biota of South Carolina. Vol. 1. Clemson, S. Clemson University.","wYCqaZcA+7slXlj5N/mM6vobrh4QDptp","wYCqaZcA+7slXlj5N/mM6vobrh4QDptp",
"2e560127-7da4-4c70-aac5-5f7e4f01c743","SCBI_006.basePlot.bet","D02","SCBI","SCBI_006","S","2015-07-21","2015-08-04","2015-08-05","2015-09-17","2015-09-17","SCBI_006.S.20150804","2wNT0Wyw285o/iZAEWrRkaeKMRIF/bqBd2XMlB312J8=","carabid","CYCSIG","Cyclotrachelus sigillatus","species",,"Say",,1,"Freitag, R. 1969. A revision of the species of the genus Evarthrus LeConte. Quaestiones Entomologicae 5:89-212.","wYCqaZcA+7slXlj5N/mM6vobrh4QDptp","wYCqaZcA+7slXlj5N/mM6vobrh4QDptp",
"67cbc4a5-29bf-4ba1-b81f-535cf104999d","SCBI_010.basePlot.bet","D02","SCBI","SCBI_010","W","2015-07-21","2015-08-04","2015-08-05","2015-09-17","2015-09-17","SCBI_010.W.20150804","6yi0mRc5GELmusg3FbtK9iofrQIHshaqqm8v8rPrMCU=","carabid","HARPRO2","Harpalus providens","species",,"Casey",,1,"Bousquet, Y. 2010b. Illustrated Identification Guide to Adults and Larvae of Northeastern North American Ground Beetles (Coleoptera: Carabidae). 1st Ed. Pensoft Publishers, Sofia, Bulgaria.","wYCqaZcA+7slXlj5N/mM6vobrh4QDptp","wYCqaZcA+7slXlj5N/mM6vobrh4QDptp",
"c1128004-5090-4271-88f2-92f5d0572404","SCBI_010.basePlot.bet","D02","SCBI","SCBI_010","W","2015-07-21","2015-08-04","2015-08-05","2015-09-17","2015-09-17","SCBI_010.W.20150804","6yi0mRc5GELmusg3FbtK9sWrJJvZbuR4QogOc/WCB/U=","carabid","NOTAEN","Notiophilus aeneus","species",,"Herbst",,1,"Bousquet, Y. 2010b. Illustrated Identification Guide to Adults and Larvae of Northeastern North American Ground Beetles (Coleoptera: Carabidae). 1st Ed. Pensoft Publishers, Sofia, Bulgaria.","wYCqaZcA+7slXlj5N/mM6vobrh4QDptp","wYCqaZcA+7slXlj5N/mM6vobrh4QDptp",
"5ad4adf4-844b-4141-a371-61cc92cb3b4e","SCBI_006.basePlot.bet","D02","SCBI","SCBI_006","W","2015-07-21","2015-08-04","2015-08-05","2015-09-17","2015-09-17","SCBI_006.W.20150804","2wNT0Wyw284TokAWI5dUph1MRd7VPCJhRicmCRafAVE=","carabid","OTHE","Carabidae sp.","family",,"Latreille",,3,"Bousquet, Y. 2010b. Illustrated Identification Guide to Adults and Larvae of Northeastern North American Ground Beetles (Coleoptera: Carabidae). 1st Ed. Pensoft Publishers, Sofia, Bulgaria.","wYCqaZcA+7slXlj5N/mM6vobrh4QDptp","wYCqaZcA+7slXlj5N/mM6vobrh4QDptp","HARRUB Harpalus rubripes"
"d85730be-872d-4aba-9dc0-d11b9e0f0684","SCBI_006.basePlot.bet","D02","SCBI","SCBI_006","W","2015-07-21","2015-08-04","2015-08-05","2015-09-17","2015-09-17","SCBI_006.W.20150804","2wNT0Wyw284TokAWI5dUphfVF8VWgm8v2ZAu8+KNMfg=","carabid","SCASUB2","Scarites subterraneus","species",,"Fabricius",,4,"Other","wYCqaZcA+7slXlj5N/mM6vobrh4QDptp","wYCqaZcA+7slXlj5N/mM6vobrh4QDptp",
"a9dc8a65-1e6c-46da-8451-1e4705464d5c","SCBI_006.basePlot.bet","D02","SCBI","SCBI_006","W","2015-07-21","2015-08-04","2015-08-05","2015-09-17","2015-09-17","SCBI_006.W.20150804","2wNT0Wyw284TokAWI5dUpn8cpNYtlAW37dKwWKsARVM=","carabid","TRIAUT","Trichotichnus autumnalis","species",,"Say",,1,"Ciegler, J. C. 2000. Ground beetles and wrinkled bark beetles of South Carolina (Coleoptera: Geadephaga: Carabidae and Rhysodidae). Biota of South Carolina. Vol. 1. Clemson, S. Clemson University.","wYCqaZcA+7slXlj5N/mM6vobrh4QDptp","wYCqaZcA+7slXlj5N/mM6vobrh4QDptp",
"7e53092d-6505-4518-81dc-45325e906c82","SCBI_004.basePlot.bet","D02","SCBI","SCBI_004","W","2015-07-21","2015-08-04","2015-08-05","2015-09-21","2015-09-21","SCBI_004.W.20150804","ZCodyo9yj61wzkxAmSeyxsaiaMLP2mJJUGPjIHSUDhY=","carabid","CHLEMA","Chlaenius emarginatus","species",,"Say",,2,"Ciegler, J. C. 2000. Ground beetles and wrinkled bark beetles of South Carolina (Coleoptera: Geadephaga: Carabidae and Rhysodidae). Biota of South Carolina. Vol. 1. Clemson, S. Clemson University.","wYCqaZcA+7slXlj5N/mM6vobrh4QDptp","wYCqaZcA+7slXlj5N/mM6vobrh4QDptp",
"ced4e500-2a8c-4316-ab42-139a268dee3e","SCBI_004.basePlot.bet","D02","SCBI","SCBI_004","W","2015-07-21","2015-08-04","2015-08-05","2015-09-21","2015-09-21","SCBI_004.W.20150804","ZCodyo9yj61wzkxAmSeyxpCk6P0iitmEPR31ctqJgDE=","carabid","POELUC","Poecilus lucublandus","species",,"Say",,1,"Ciegler, J. C. 2000. Ground beetles and wrinkled bark beetles of South Carolina (Coleoptera: Geadephaga: Carabidae and Rhysodidae). Biota of South Carolina. Vol. 1. Clemson, S. Clemson University.","wYCqaZcA+7slXlj5N/mM6vobrh4QDptp","wYCqaZcA+7slXlj5N/mM6vobrh4QDptp",
"b4246736-2731-4819-be79-8bad459caed1","SCBI_002.basePlot.bet","D02","SCBI","SCBI_002","W","2015-07-21","2015-08-04","2015-08-05","2015-09-01","2015-09-01","SCBI_002.W.20150804","NTl2q/XFbjyrgqkI6IqNAtkmbRdERm8SaXTWNy6i/gI=","carabid","CHLEMA","Chlaenius emarginatus","species",,"Say",,2,"Ciegler, J. C. 2000. Ground beetles and wrinkled bark beetles of South Carolina (Coleoptera: Geadephaga: Carabidae and Rhysodidae). Biota of South Carolina. Vol. 1. Clemson, S. Clemson University.","wYCqaZcA+7slXlj5N/mM6vobrh4QDptp","wYCqaZcA+7slXlj5N/mM6vobrh4QDptp",
"2651d213-aaa2-4180-808f-61d7019fd864","SCBI_008.basePlot.bet","D02","SCBI","SCBI_008","W","2015-07-21","2015-08-04","2015-08-05","2015-09-01",,"SCBI_008.W.20150804","BDl2KAs5Zr0HLetRs8EVQUNUX90qIe4rjRuSFc+OHsw=","invert bycatch",,,,,,,,,,"wYCqaZcA+7slXlj5N/mM6vobrh4QDptp",
"794df21f-e99e-4d8b-8843-adaeb7c67f51","SCBI_006.basePlot.bet","D02","SCBI","SCBI_006","W","2015-07-21","2015-08-04","2015-08-05","2015-09-17",,"SCBI_006.W.20150804","2wNT0Wyw284TokAWI5dUpkB+ZPN+Tcmc9Jaai/qbF4k=","invert bycatch",,,,,,,,,,"wYCqaZcA+7slXlj5N/mM6vobrh4QDptp",
"16801a66-6c58-4b5f-ba8f-86dd55135159","SCBI_010.basePlot.bet","D02","SCBI","SCBI_010","W","2015-07-21","2015-08-04","2015-08-05","2015-09-17",,"SCBI_010.W.20150804","6yi0mRc5GELmusg3FbtK9rk7eFrmTvAgEN89QBpfbMo=","invert bycatch",,,,,,,,,,"wYCqaZcA+7slXlj5N/mM6vobrh4QDptp",
"e9ef7f10-b787-40e5-b371-c5ee8d27e985","SCBI_004.basePlot.bet","D02","SCBI","SCBI_004","W","2015-07-21","2015-08-04","2015-08-05","2015-09-21",,"SCBI_004.W.20150804","ZCodyo9yj61wzkxAmSeyxkov26Ev9lcASXDR2gLno6A=","invert bycatch",,,,,,,,,,"wYCqaZcA+7slXlj5N/mM6vobrh4QDptp",
"f6768d6f-95c6-4f1e-bbca-f7d0e843e532","SCBI_004.basePlot.bet","D02","SCBI","SCBI_004","W","2015-07-21","2015-08-04","2015-08-05","2015-09-21","2015-09-21","SCBI_004.W.20150804","ZCodyo9yj61wzkxAmSeyxvPZfyFM50cEcJhZVu4J8Rc=","carabid","GALBIC","Galerita bicolor","species",,"Drury",,2,"Ciegler, J. C. 2000. Ground beetles and wrinkled bark beetles of South Carolina (Coleoptera: Geadephaga: Carabidae and Rhysodidae). Biota of South Carolina. Vol. 1. Clemson, S. Clemson University.","wYCqaZcA+7slXlj5N/mM6vobrh4QDptp","wYCqaZcA+7slXlj5N/mM6vobrh4QDptp",
"0675bbee-bae7-41af-aa44-4e605d01b389","SCBI_033.basePlot.bet","D02","SCBI","SCBI_033","W","2015-07-21","2015-08-04","2015-08-05","2015-09-21",,"SCBI_033.W.20150804","4ZBK4Rjlf9mfQQkSbewYYCbCnFsiZ3ybJ9i6mV2m4QU=","invert bycatch",,,,,,,,,,"wYCqaZcA+7slXlj5N/mM6vobrh4QDptp",
"348216de-b3e9-4899-81d5-5b43e62afe12","SCBI_002.basePlot.bet","D02","SCBI","SCBI_002","W","2015-07-21","2015-08-04","2015-08-05","2015-09-01","2015-09-01","SCBI_002.W.20150804","NTl2q/XFbjyrgqkI6IqNAi649yefuf5lC40OCSgefmY=","carabid","DICDIL1","Dicaelus dilatatus dilatatus","subspecies",,"Say",,1,"Ciegler, J. C. 2000. Ground beetles and wrinkled bark beetles of South Carolina (Coleoptera: Geadephaga: Carabidae and Rhysodidae). Biota of South Carolina. Vol. 1. Clemson, S. Clemson University.","wYCqaZcA+7slXlj5N/mM6vobrh4QDptp","wYCqaZcA+7slXlj5N/mM6vobrh4QDptp",
"029ea91c-801c-4a57-b1ba-415d9123e568","SCBI_012.basePlot.bet","D02","SCBI","SCBI_012","W","2015-07-21","2015-08-04","2015-08-05","2015-09-21",,"SCBI_012.W.20150804","XK58HfsRWvfaFiRkL4Z83ahVDnTh7lkF7QekEZn6e8Y=","invert bycatch",,,,,,,,,,"wYCqaZcA+7slXlj5N/mM6vobrh4QDptp",
"b58d68ee-c8d5-4112-96c8-c0aeddb3310e","SCBI_012.basePlot.bet","D02","SCBI","SCBI_012","W","2015-07-21","2015-08-04","2015-08-05","2015-09-21",,"SCBI_012.W.20150804","XK58HfsRWvfaFiRkL4Z83ahVDnTh7lkFR+8Zw2WUans=","invert bycatch",,,,,,,,,,"wYCqaZcA+7slXlj5N/mM6vobrh4QDptp",
"75818fb2-becf-4dbc-b9f6-b5baefafb227","SCBI_033.basePlot.bet","D02","SCBI","SCBI_033","W","2015-07-21","2015-08-04","2015-08-05","2015-09-21",,"SCBI_033.W.20150804","4ZBK4Rjlf9mfQQkSbewYYCbCnFsiZ3yb0WCgdRPh3B0=","invert bycatch",,,,,,,,,,"wYCqaZcA+7slXlj5N/mM6vobrh4QDptp",
"8ec8f3a0-820c-4e34-8e7c-7f48c1f23c7d","SCBI_033.basePlot.bet","D02","SCBI","SCBI_033","W","2015-07-21","2015-08-04","2015-08-05","2015-09-21","2015-09-21","SCBI_033.W.20150804","4ZBK4Rjlf9mfQQkSbewYYCq+tDaIvQH5CASqjnchmhY=","carabid","POELUC","Poecilus lucublandus","species",,"Say",,1,"Ciegler, J. C. 2000. Ground beetles and wrinkled bark beetles of South Carolina (Coleoptera: Geadephaga: Carabidae and Rhysodidae). Biota of South Carolina. Vol. 1. Clemson, S. Clemson University.","fhqXNoOkfxgxeumX3nh8hiKzTnt5lZ8Br3PaGAyV7lk=","wYCqaZcA+7slXlj5N/mM6vobrh4QDptp",
"8573c577-70ee-4670-bf81-c5dcdb7436e0","SCBI_005.basePlot.bet","D02","SCBI","SCBI_005","W","2015-07-21","2015-08-04","2015-08-05","2015-09-21",,"SCBI_005.W.20150804","2MbaqPQFAm6XpqAZWGjMGBRoWlTPby21DSbD1sCiQ98=","invert bycatch",,,,,,,,,,"wYCqaZcA+7slXlj5N/mM6vobrh4QDptp",
"184b4c11-6cbd-40ba-9d97-ea2c628b37ab","SCBI_002.basePlot.bet","D02","SCBI","SCBI_002","W","2015-07-21","2015-08-04","2015-08-05","2015-09-01",,"SCBI_002.W.20150804","NTl2q/XFbjyrgqkI6IqNAq8o1mgfhdwvijp/oafHZFI=","invert bycatch",,,,,,,,,,"wYCqaZcA+7slXlj5N/mM6vobrh4QDptp",
"f57f7b61-1222-414e-904e-23dc2d9af417","SCBI_002.basePlot.bet","D02","SCBI","SCBI_002","W","2015-07-21","2015-08-04","2015-08-05","2015-09-01","2015-09-01","SCBI_002.W.20150804","NTl2q/XFbjyrgqkI6IqNAjXJX1ab5gysLQei1zANxnI=","carabid","CYCSIG","Cyclotrachelus sigillatus","species",,"Say",,4,"Freitag, R. 1969. A revision of the species of the genus Evarthrus LeConte. Quaestiones Entomologicae 5:89-212.","wYCqaZcA+7slXlj5N/mM6vobrh4QDptp","wYCqaZcA+7slXlj5N/mM6vobrh4QDptp",
"4ffac3c9-4ef8-4ef7-a50f-20340be2fa85","SCBI_012.basePlot.bet","D02","SCBI","SCBI_012","W","2015-07-21","2015-08-04","2015-08-05","2015-09-21",,"SCBI_012.W.20150804","XK58HfsRWvfaFiRkL4Z83ahVDnTh7lkFFXRgzXWqT6U=","invert bycatch",,,,,,,,,,"wYCqaZcA+7slXlj5N/mM6vobrh4QDptp",
"4c389e69-8e9e-4025-8e36-ae759151971d","SCBI_010.basePlot.bet","D02","SCBI","SCBI_010","W","2015-07-21","2015-08-04","2015-08-05","2015-09-17",,"SCBI_010.W.20150804","6yi0mRc5GELmusg3FbtK9rk7eFrmTvAgX77UGR7P4Wg=","invert bycatch",,,,,,,,,,"wYCqaZcA+7slXlj5N/mM6vobrh4QDptp",
"2d5ca272-2b83-44d0-8118-20aa2347b152","SCBI_006.basePlot.bet","D02","SCBI","SCBI_006","E","2015-07-21","2015-08-04","2015-08-05","2015-09-17","2015-09-17","SCBI_006.E.20150804","2wNT0Wyw285qrh4YWsaSHz57MWX4EmSNxUtd1FQHAiU=","carabid","TRIFUL","Trichotichnus fulgens","species",,"Csiki",,1,"Ciegler, J. C. 2000. Ground beetles and wrinkled bark beetles of South Carolina (Coleoptera: Geadephaga: Carabidae and Rhysodidae). Biota of South Carolina. Vol. 1. Clemson, S. Clemson University.","wYCqaZcA+7slXlj5N/mM6vobrh4QDptp","wYCqaZcA+7slXlj5N/mM6vobrh4QDptp",
"0e98275f-d648-42c9-b852-86546eeb28a3","SCBI_006.basePlot.bet","D02","SCBI","SCBI_006","E","2015-07-21","2015-08-04","2015-08-05","2015-09-17","2015-09-17","SCBI_006.E.20150804","2wNT0Wyw285qrh4YWsaSHw0afyvOaTKA/1ZQ1i3rVSg=","carabid","POELUC","Poecilus lucublandus","species",,"Say",,4,"Ciegler, J. C. 2000. Ground beetles and wrinkled bark beetles of South Carolina (Coleoptera: Geadephaga: Carabidae and Rhysodidae). Biota of South Carolina. Vol. 1. Clemson, S. Clemson University.","wYCqaZcA+7slXlj5N/mM6vobrh4QDptp","wYCqaZcA+7slXlj5N/mM6vobrh4QDptp",
"f4897da5-3862-45f4-a967-190b8fa590c3","SCBI_002.basePlot.bet","D02","SCBI","SCBI_002","E","2015-07-21","2015-08-04","2015-08-05","2015-09-01","2015-09-01","SCBI_002.E.20150804","NTl2q/XFbjxxk0NSrvvJwKABD8LzoylMu8rzDO+5AvQ=","carabid","NOTAEN","Notiophilus aeneus","species",,"Herbst",,1,"Bousquet, Y. 2010b. Illustrated Identification Guide to Adults and Larvae of Northeastern North American Ground Beetles (Coleoptera: Carabidae). 1st Ed. Pensoft Publishers, Sofia, Bulgaria.","wYCqaZcA+7slXlj5N/mM6vobrh4QDptp","wYCqaZcA+7slXlj5N/mM6vobrh4QDptp",
"3a51e2cf-f25b-4705-a00c-312bfbd1cb91","SCBI_002.basePlot.bet","D02","SCBI","SCBI_002","E","2015-07-21","2015-08-04","2015-08-05","2015-09-01","2015-09-01","SCBI_002.E.20150804","NTl2q/XFbjxxk0NSrvvJwJ5Ouqlyyy9mw3AvgwYdkVU=","carabid","TRIAUT","Trichotichnus autumnalis","species",,"Say",,1,"Ciegler, J. C. 2000. Ground beetles and wrinkled bark beetles of South Carolina (Coleoptera: Geadephaga: Carabidae and Rhysodidae). Biota of South Carolina. Vol. 1. Clemson, S. Clemson University.","wYCqaZcA+7slXlj5N/mM6vobrh4QDptp","wYCqaZcA+7slXlj5N/mM6vobrh4QDptp",
"40285960-7140-4054-8ac6-57ea31d25b3f","SCBI_012.basePlot.bet","D02","SCBI","SCBI_012","E","2015-07-21","2015-08-04","2015-08-05","2015-09-21","2015-09-21","SCBI_012.E.20150804","XK58HfsRWvdXPdqnwcZ6TfVkmheQsVKtblcG4yezM9E=","carabid","POELUC","Poecilus lucublandus","species",,"Say",,2,"Ciegler, J. C. 2000. Ground beetles and wrinkled bark beetles of South Carolina (Coleoptera: Geadephaga: Carabidae and Rhysodidae). Biota of South Carolina. Vol. 1. Clemson, S. Clemson University.","fhqXNoOkfxgxeumX3nh8hiKzTnt5lZ8Br3PaGAyV7lk=","wYCqaZcA+7slXlj5N/mM6vobrh4QDptp",
"0fc2977e-85be-4378-ab30-6e5978841078","SCBI_012.basePlot.bet","D02","SCBI","SCBI_012","E","2015-07-21","2015-08-04","2015-08-05","2015-09-21","2015-10-01","SCBI_012.E.20150804","XK58HfsRWvdXPdqnwcZ6TZdVi+ezS1dxb6GsZse1vOc=","carabid","ANIRUS","Anisodactylus rusticus","species",,"Say",,1,"Noonan, G. R. 1973. The Anisodactylines (Insecta: Coleoptera: Carabidae: Harpalini): classification, evolution and zoogeography. Quaestiones Entomologicae 9:266-480.","wYCqaZcA+7slXlj5N/mM6vobrh4QDptp","wYCqaZcA+7slXlj5N/mM6vobrh4QDptp",
"d78da15c-3f13-4795-a9c0-a6b104cdfdbf","SCBI_012.basePlot.bet","D02","SCBI","SCBI_012","E","2015-07-21","2015-08-04","2015-08-05","2015-09-21","2015-09-21","SCBI_012.E.20150804","XK58HfsRWvdXPdqnwcZ6TUk186O/NRyCxXVrF0Kmvhw=","carabid","OTHE","Carabidae sp.","family",,"Latreille",,3,"Bousquet, Y. 2010b. Illustrated Identification Guide to Adults and Larvae of Northeastern North American Ground Beetles (Coleoptera: Carabidae). 1st Ed. Pensoft Publishers, Sofia, Bulgaria.","wYCqaZcA+7slXlj5N/mM6vobrh4QDptp","wYCqaZcA+7slXlj5N/mM6vobrh4QDptp","Harpalus rubripes (harrub)"
"e1e57fd7-0fbe-4d02-b0e5-6f1be945606f","SCBI_012.basePlot.bet","D02","SCBI","SCBI_012","E","2015-07-21","2015-08-04","2015-08-05","2015-09-21","2015-09-21","SCBI_012.E.20150804","XK58HfsRWvdXPdqnwcZ6TYBXaJ8v1VffBOfr0/+AXL0=","carabid","GALBIC","Galerita bicolor","species",,"Drury",,2,"Ciegler, J. C. 2000. Ground beetles and wrinkled bark beetles of South Carolina (Coleoptera: Geadephaga: Carabidae and Rhysodidae). Biota of South Carolina. Vol. 1. Clemson, S. Clemson University.","fhqXNoOkfxgxeumX3nh8hiKzTnt5lZ8Br3PaGAyV7lk=","wYCqaZcA+7slXlj5N/mM6vobrh4QDptp",
"28526dd1-17da-4b82-9040-b2821e7071a9","SCBI_012.basePlot.bet","D02","SCBI","SCBI_012","E","2015-07-21","2015-08-04","2015-08-05","2015-09-21","2015-09-21","SCBI_012.E.20150804","XK58HfsRWvdXPdqnwcZ6TZVx33HNKKi7mDmjAgcSYJw=","carabid","CHLAES","Chlaenius aestivus","species",,"Say",,1,"Ciegler, J. C. 2000. Ground beetles and wrinkled bark beetles of South Carolina (Coleoptera: Geadephaga: Carabidae and Rhysodidae). Biota of South Carolina. Vol. 1. Clemson, S. Clemson University.","fhqXNoOkfxgxeumX3nh8hiKzTnt5lZ8Br3PaGAyV7lk=","wYCqaZcA+7slXlj5N/mM6vobrh4QDptp",
"c9b30c3e-ed68-4e87-bcfb-b0ef6623e511","SCBI_005.basePlot.bet","D02","SCBI","SCBI_005","E","2015-07-21","2015-08-04","2015-08-05","2015-09-21",,"SCBI_005.E.20150804","2MbaqPQFAm4GHc0axYcvHcqrAAFxxJEjm0qqhNDjryE=","invert bycatch",,,,,,,,,,"wYCqaZcA+7slXlj5N/mM6vobrh4QDptp",
"1b5bf4b7-47ef-4d5f-a08e-06085506d0a2","SCBI_004.basePlot.bet","D02","SCBI","SCBI_004","E","2015-07-21","2015-08-04","2015-08-05","2015-09-21",,"SCBI_004.E.20150804","ZCodyo9yj62r3k2fVkXhLpO/Qx0pZvryi/SR42xgupg=","invert bycatch",,,,,,,,,,"wYCqaZcA+7slXlj5N/mM6vobrh4QDptp",
"c24d51b1-f471-4684-a6c1-d318475de4ee","SCBI_033.basePlot.bet","D02","SCBI","SCBI_033","E","2015-07-21","2015-08-04","2015-08-05","2015-09-21",,"SCBI_033.E.20150804","4ZBK4Rjlf9ky2snNQuvzIzM41esJnbYM23fiF9EbwQw=","invert bycatch",,,,,,,,,,"wYCqaZcA+7slXlj5N/mM6vobrh4QDptp",
"38631a10-cba6-432e-a64b-4b14f585bfad","SCBI_002.basePlot.bet","D02","SCBI","SCBI_002","E","2015-07-21","2015-08-04","2015-08-05","2015-09-01","2015-09-01","SCBI_002.E.20150804","NTl2q/XFbjxxk0NSrvvJwHWhzpNV1L0zQxZM7yPNUTU=","carabid","CYCSIG","Cyclotrachelus sigillatus","species",,"Say",,4,"Freitag, R. 1969. A revision of the species of the genus Evarthrus LeConte. Quaestiones Entomologicae 5:89-212.","wYCqaZcA+7slXlj5N/mM6vobrh4QDptp","wYCqaZcA+7slXlj5N/mM6vobrh4QDptp",
"a7e5399f-5f36-4f80-b3be-f1dd7aea4b9d","SCBI_033.basePlot.bet","D02","SCBI","SCBI_033","E","2015-07-21","2015-08-04","2015-08-05","2015-09-21",,"SCBI_033.E.20150804","4ZBK4Rjlf9ky2snNQuvzIzM41esJnbYMfpi45dx7HZY=","invert bycatch",,,,,,,,,,"wYCqaZcA+7slXlj5N/mM6vobrh4QDptp",
"bdd3fc0a-5368-4375-806c-6696a19af102","SCBI_012.basePlot.bet","D02","SCBI","SCBI_012","E","2015-07-21","2015-08-04","2015-08-05","2015-09-21",,"SCBI_012.E.20150804","XK58HfsRWvdXPdqnwcZ6TXJ1QM3ntYrbWNZGyFPkbLw=","invert bycatch",,,,,,,,,,"wYCqaZcA+7slXlj5N/mM6vobrh4QDptp",
"ba5d9e97-fa51-4634-b403-e1df5ac111e8","SCBI_012.basePlot.bet","D02","SCBI","SCBI_012","E","2015-07-21","2015-08-04","2015-08-05","2015-09-21",,"SCBI_012.E.20150804","XK58HfsRWvdXPdqnwcZ6TXJ1QM3ntYrbwvX0WVBxdlM=","invert bycatch",,,,,,,,,,"wYCqaZcA+7slXlj5N/mM6vobrh4QDptp",
"0dcc9aa3-14d7-40d6-ae3c-f680db3c801c","SCBI_002.basePlot.bet","D02","SCBI","SCBI_002","E","2015-07-21","2015-08-04","2015-08-05","2015-09-01","2015-09-01","SCBI_002.E.20150804","NTl2q/XFbjxxk0NSrvvJwCHWLJ6OtzXKtH20rYlOE1o=","carabid","CHLEMA","Chlaenius emarginatus","species",,"Say",,2,"Ciegler, J. C. 2000. Ground beetles and wrinkled bark beetles of South Carolina (Coleoptera: Geadephaga: Carabidae and Rhysodidae). Biota of South Carolina. Vol. 1. Clemson, S. Clemson University.","wYCqaZcA+7slXlj5N/mM6vobrh4QDptp","wYCqaZcA+7slXlj5N/mM6vobrh4QDptp",
"97bdeac3-377d-47c9-a21e-4883eefdb0e6","SCBI_008.basePlot.bet","D02","SCBI","SCBI_008","E","2015-07-21","2015-08-04","2015-08-05","2015-09-01","2015-09-01","SCBI_008.E.20150804","BDl2KAs5Zr2BOIR/P+IEWncEnGAZjK5c6WQsj2Xtn90=","carabid","CHLEMA","Chlaenius emarginatus","species",,"Say",,1,"Ciegler, J. C. 2000. Ground beetles and wrinkled bark beetles of South Carolina (Coleoptera: Geadephaga: Carabidae and Rhysodidae). Biota of South Carolina. Vol. 1. Clemson, S. Clemson University.","wYCqaZcA+7slXlj5N/mM6vobrh4QDptp","wYCqaZcA+7slXlj5N/mM6vobrh4QDptp",
"86a7868d-c242-4d7f-a4d6-f67bc0afc01a","SCBI_008.basePlot.bet","D02","SCBI","SCBI_008","E","2015-07-21","2015-08-04","2015-08-05","2015-09-01",,"SCBI_008.E.20150804","BDl2KAs5Zr2BOIR/P+IEWlW1UKegnzK6KRdl8W36ClU=","invert bycatch",,,,,,,,,,"wYCqaZcA+7slXlj5N/mM6vobrh4QDptp",
"c3e0d2bf-cbe0-490a-a30c-737669c5ed60","SCBI_006.basePlot.bet","D02","SCBI","SCBI_006","E","2015-07-21","2015-08-04","2015-08-05","2015-09-17",,"SCBI_006.E.20150804","2wNT0Wyw285qrh4YWsaSH+XQFLV9DIYWwUI0uiUHQHs=","invert bycatch",,,,,,,,,,"wYCqaZcA+7slXlj5N/mM6vobrh4QDptp",
"eb31501f-2d82-42ad-9877-9eb644c77f77","SCBI_002.basePlot.bet","D02","SCBI","SCBI_002","E","2015-07-21","2015-08-04","2015-08-05","2015-09-01",,"SCBI_002.E.20150804","NTl2q/XFbjxxk0NSrvvJwO5Pwf6wi+SxQyur2G5ntuE=","invert bycatch",,,,,,,,,,"wYCqaZcA+7slXlj5N/mM6vobrh4QDptp",
"e4def82f-b766-46d3-a7c1-28c0ed2c74f5","SCBI_033.basePlot.bet","D02","SCBI","SCBI_033","E","2015-07-21","2015-08-04","2015-08-05","2015-09-21","2015-09-21","SCBI_033.E.20150804","4ZBK4Rjlf9ky2snNQuvzI47vEEfFHbru2sS6GgduTHw=","carabid","CHLAES","Chlaenius aestivus","species",,"Say",,2,"Ciegler, J. C. 2000. Ground beetles and wrinkled bark beetles of South Carolina (Coleoptera: Geadephaga: Carabidae and Rhysodidae). Biota of South Carolina. Vol. 1. Clemson, S. Clemson University.","fhqXNoOkfxgxeumX3nh8hiKzTnt5lZ8Br3PaGAyV7lk=","wYCqaZcA+7slXlj5N/mM6vobrh4QDptp",
"a957eada-e508-472e-acbd-44bf800de395","SCBI_012.basePlot.bet","D02","SCBI","SCBI_012","E","2015-07-21","2015-08-04","2015-08-05","2015-09-21",,"SCBI_012.E.20150804","XK58HfsRWvdXPdqnwcZ6TXJ1QM3ntYrbTKPnm+QpZLY=","invert bycatch",,,,,,,,,,"wYCqaZcA+7slXlj5N/mM6vobrh4QDptp",
"df9f1c1f-b826-44f1-af00-d80e1c428024","SCBI_007.basePlot.bet","D02","SCBI","SCBI_007","E","2015-07-21","2015-08-04","2015-08-05","2015-09-17",,"SCBI_007.E.20150804","tckDqTjQv3hvRmZr1Y/jv/LIQ+sh9sbMvoddzEWHbPI=","invert bycatch",,,,,,,,,,"wYCqaZcA+7slXlj5N/mM6vobrh4QDptp",
"10a937d8-5001-4aec-bb4d-dc0d7dc498e3","SCBI_004.basePlot.bet","D02","SCBI","SCBI_004","E","2015-07-21","2015-08-04","2015-08-05","2015-09-21","2015-09-21","SCBI_004.E.20150804","ZCodyo9yj62r3k2fVkXhLnBol0wZQPikp6xvWvBjwoY=","carabid","GALBIC","Galerita bicolor","species",,"Drury",,1,"Ciegler, J. C. 2000. Ground beetles and wrinkled bark beetles of South Carolina (Coleoptera: Geadephaga: Carabidae and Rhysodidae). Biota of South Carolina. Vol. 1. Clemson, S. Clemson University.","wYCqaZcA+7slXlj5N/mM6vobrh4QDptp","wYCqaZcA+7slXlj5N/mM6vobrh4QDptp",
"7e951856-dcae-4762-9703-18924f25a54a","SCBI_004.basePlot.bet","D02","SCBI","SCBI_004","N","2015-07-21","2015-08-04","2015-08-05","2015-09-21","2015-09-21","SCBI_004.N.20150804","ZCodyo9yj6286/2SN8Mad67OSIyMBP8eZz8lGV1246w=","carabid","SCAVID","Scaphinotus viduus","species",,"Dejean",,1,"Ciegler, J. C. 2000. Ground beetles and wrinkled bark beetles of South Carolina (Coleoptera: Geadephaga: Carabidae and Rhysodidae). Biota of South Carolina. Vol. 1. Clemson, S. Clemson University.","wYCqaZcA+7slXlj5N/mM6vobrh4QDptp","wYCqaZcA+7slXlj5N/mM6vobrh4QDptp",
"f5e6edd3-17e4-43b1-a3ec-3c3d379d2f2e","SCBI_004.basePlot.bet","D02","SCBI","SCBI_004","N","2015-07-21","2015-08-04","2015-08-05","2015-09-21","2015-09-21","SCBI_004.N.20150804","ZCodyo9yj6286/2SN8Mad0IY4h5kdPDEv2Xi+pOBy4A=","carabid","PTEMUT2","Pterostichus mutus","species",,"Say",,1,"Bousquet, Y. 2010b. Illustrated Identification Guide to Adults and Larvae of Northeastern North American Ground Beetles (Coleoptera: Carabidae). 1st Ed. Pensoft Publishers, Sofia, Bulgaria.","wYCqaZcA+7slXlj5N/mM6vobrh4QDptp","wYCqaZcA+7slXlj5N/mM6vobrh4QDptp",
"01705287-a441-4726-a8c3-a37184f029f4","SCBI_003.basePlot.bet","D02","SCBI","SCBI_003","N","2015-07-21","2015-08-04","2015-08-05","2015-09-01","2015-09-01","SCBI_003.N.20150804","YQnsugPXdU2Zq1Hkpx4VStqL+/sWhTn4aIZvlCVECig=","carabid","CYCSIG","Cyclotrachelus sigillatus","species",,"Say",,3,"Freitag, R. 1969. A revision of the species of the genus Evarthrus LeConte. Quaestiones Entomologicae 5:89-212.","wYCqaZcA+7slXlj5N/mM6vobrh4QDptp","wYCqaZcA+7slXlj5N/mM6vobrh4QDptp",
"0aea54f6-4aa0-4c59-bc4e-179469530071","SCBI_003.basePlot.bet","D02","SCBI","SCBI_003","N","2015-07-21","2015-08-04","2015-08-05","2015-09-01","2015-09-01","SCBI_003.N.20150804","YQnsugPXdU2Zq1Hkpx4VSpkqfPF6rcHIl70HgfuhFSU=","carabid","CHLAES","Chlaenius aestivus","species",,"Say",,2,"Ciegler, J. C. 2000. Ground beetles and wrinkled bark beetles of South Carolina (Coleoptera: Geadephaga: Carabidae and Rhysodidae). Biota of South Carolina. Vol. 1. Clemson, S. Clemson University.","wYCqaZcA+7slXlj5N/mM6vobrh4QDptp","wYCqaZcA+7slXlj5N/mM6vobrh4QDptp",
"24df814b-a9ed-461d-a5e5-cc055886540b","SCBI_006.basePlot.bet","D02","SCBI","SCBI_006","N","2015-07-21","2015-08-04","2015-08-05","2015-09-17","2015-09-17","SCBI_006.N.20150804","2wNT0Wyw286PiGGTpklZ+qpX/PXEQnyWSNDQNKavh8k=","carabid","AMPINT","Amphasia interstitialis","species",,"Say",,1,"Ciegler, J. C. 2000. Ground beetles and wrinkled bark beetles of South Carolina (Coleoptera: Geadephaga: Carabidae and Rhysodidae). Biota of South Carolina. Vol. 1. Clemson, S. Clemson University.","wYCqaZcA+7slXlj5N/mM6vobrh4QDptp","wYCqaZcA+7slXlj5N/mM6vobrh4QDptp",
"f9259848-9b34-42f3-a8c7-9986fbe6613b","SCBI_002.basePlot.bet","D02","SCBI","SCBI_002","N","2015-07-21","2015-08-04","2015-08-05","2015-09-01","2015-09-01","SCBI_002.N.20150804","NTl2q/XFbjzyUEn3Qe7D5oEdqgBxFhXYWUiLzfz/n8w=","carabid","CYCSIG","Cyclotrachelus sigillatus","species",,"Say",,2,"Freitag, R. 1969. A revision of the species of the genus Evarthrus LeConte. Quaestiones Entomologicae 5:89-212.","wYCqaZcA+7slXlj5N/mM6vobrh4QDptp","wYCqaZcA+7slXlj5N/mM6vobrh4QDptp",
"8c656595-7e26-4482-bdc1-c4356edd672c","SCBI_006.basePlot.bet","D02","SCBI","SCBI_006","N","2015-07-21","2015-08-04","2015-08-05","2015-09-17","2015-09-17","SCBI_006.N.20150804","2wNT0Wyw286PiGGTpklZ+jokzTaxyahxUz71rex1rMw=","carabid","CYCFUR","Cyclotrachelus furtivus","species",,"LeConte",,1,"Freitag, R. 1969. A revision of the species of the genus Evarthrus LeConte. Quaestiones Entomologicae 5:89-212.","wYCqaZcA+7slXlj5N/mM6vobrh4QDptp","wYCqaZcA+7slXlj5N/mM6vobrh4QDptp",
"026074ed-ed3f-4bc0-b124-9361586cf9bb","SCBI_002.basePlot.bet","D02","SCBI","SCBI_002","N","2015-07-21","2015-08-04","2015-08-05","2015-09-01","2015-09-01","SCBI_002.N.20150804","NTl2q/XFbjzyUEn3Qe7D5vs9wpuIvU74eF07WKW8/aA=","carabid","GALBIC","Galerita bicolor","species",,"Drury",,3,"Ciegler, J. C. 2000. Ground beetles and wrinkled bark beetles of South Carolina (Coleoptera: Geadephaga: Carabidae and Rhysodidae). Biota of South Carolina. Vol. 1. Clemson, S. Clemson University.","wYCqaZcA+7slXlj5N/mM6vobrh4QDptp","wYCqaZcA+7slXlj5N/mM6vobrh4QDptp",
"3bc3ba37-1802-44fe-b0c3-79d0d1b149dc","SCBI_012.basePlot.bet","D02","SCBI","SCBI_012","N","2015-07-21","2015-08-04","2015-08-05","2015-09-21",,"SCBI_012.N.20150804","XK58HfsRWveBChV1DUB57QomQGKztChwZv9UUlaPC9I=","invert bycatch",,,,,,,,,,"wYCqaZcA+7slXlj5N/mM6vobrh4QDptp",
"6ff33eb8-4b37-4792-84f6-7f6038e46b84","SCBI_012.basePlot.bet","D02","SCBI","SCBI_012","N","2015-07-21","2015-08-04","2015-08-05","2015-09-21",,"SCBI_012.N.20150804","XK58HfsRWveBChV1DUB57QomQGKztChwekXn4Ey1xm8=","invert bycatch",,,,,,,,,,"wYCqaZcA+7slXlj5N/mM6vobrh4QDptp",
"ca78dac2-6a57-479d-9093-03cd822904d1","SCBI_012.basePlot.bet","D02","SCBI","SCBI_012","N","2015-07-21","2015-08-04","2015-08-05","2015-09-21","2015-09-21","SCBI_012.N.20150804","XK58HfsRWveBChV1DUB57S5M49FrJ2SXy4O7nb9pmnk=","carabid","CHLAES","Chlaenius aestivus","species",,"Say",,2,"Ciegler, J. C. 2000. Ground beetles and wrinkled bark beetles of South Carolina (Coleoptera: Geadephaga: Carabidae and Rhysodidae). Biota of South Carolina. Vol. 1. Clemson, S. Clemson University.","fhqXNoOkfxgxeumX3nh8hiKzTnt5lZ8Br3PaGAyV7lk=","wYCqaZcA+7slXlj5N/mM6vobrh4QDptp",
"fb5f76ff-8daf-4821-8bf1-715450c44c14","SCBI_012.basePlot.bet","D02","SCBI","SCBI_012","N","2015-07-21","2015-08-04","2015-08-05","2015-09-21",,"SCBI_012.N.20150804","XK58HfsRWveBChV1DUB57QomQGKztChw5yMmI/j6+s0=","invert bycatch",,,,,,,,,,"wYCqaZcA+7slXlj5N/mM6vobrh4QDptp",
"95b026ab-33b3-4c87-a03e-3fe0b0b695f9","SCBI_003.basePlot.bet","D02","SCBI","SCBI_003","N","2015-07-21","2015-08-04","2015-08-05","2015-09-01",,"SCBI_003.N.20150804","YQnsugPXdU2Zq1Hkpx4VSkzBasXPrjrf2p+F8JFqm5Y=","invert bycatch",,,,,,,,,,"wYCqaZcA+7slXlj5N/mM6vobrh4QDptp",
"6aece461-8b83-4964-9a47-eae924a8b3ce","SCBI_010.basePlot.bet","D02","SCBI","SCBI_010","N","2015-07-21","2015-08-04","2015-08-05","2015-09-17",,"SCBI_010.N.20150804","6yi0mRc5GEI9+YU0bqWLXKtsUo3al0rPjbgRlc5iFMk=","invert bycatch",,,,,,,,,,"wYCqaZcA+7slXlj5N/mM6vobrh4QDptp",
"7d4b8603-786b-4fd5-a132-d22b1f6a9c2f","SCBI_010.basePlot.bet","D02","SCBI","SCBI_010","N","2015-07-21","2015-08-04","2015-08-05","2015-09-17","2015-09-17","SCBI_010.N.20150804","6yi0mRc5GEI9+YU0bqWLXFd61DTp3SYuo3lyxAE2+O8=","carabid","SPHSCH","Sphaeroderus schaumii","species",,"Chaudoir",,1,"Lindroth, C. H. 1969. The ground-beetles (Carabidae, excl. Cicindelinae) of Canada and Alaska, parts 1-6. Opuscula E. Entomoligiska Sallskapet.","wYCqaZcA+7slXlj5N/mM6vobrh4QDptp","wYCqaZcA+7slXlj5N/mM6vobrh4QDptp",
"846d14cd-87d5-46a5-b505-879a41f4b205","SCBI_010.basePlot.bet","D02","SCBI","SCBI_010","N","2015-07-21","2015-08-04","2015-08-05","2015-09-17",,"SCBI_010.N.20150804","6yi0mRc5GEI9+YU0bqWLXKtsUo3al0rPMBI9v4QNxFM=","invert bycatch",,,,,,,,,,"wYCqaZcA+7slXlj5N/mM6vobrh4QDptp",
"da822771-387f-4144-bb58-9773b16c0072","SCBI_010.basePlot.bet","D02","SCBI","SCBI_010","N","2015-07-21","2015-08-04","2015-08-05","2015-09-17","2015-09-17","SCBI_010.N.20150804","6yi0mRc5GEI9+YU0bqWLXMQNUJFzmZodOIQuTi1VdR0=","carabid","HARPRO2","Harpalus providens","species",,"Casey",,2,"Bousquet, Y. 2010b. Illustrated Identification Guide to Adults and Larvae of Northeastern North American Ground Beetles (Coleoptera: Carabidae). 1st Ed. Pensoft Publishers, Sofia, Bulgaria.","wYCqaZcA+7slXlj5N/mM6vobrh4QDptp","wYCqaZcA+7slXlj5N/mM6vobrh4QDptp",
"42fae84e-bd74-46fd-b540-79e8d3b87994","SCBI_004.basePlot.bet","D02","SCBI","SCBI_004","N","2015-07-21","2015-08-04","2015-08-05","2015-09-21",,"SCBI_004.N.20150804","ZCodyo9yj6286/2SN8Mad+iN1CNCLtDcTu9KKyLTCEQ=","invert bycatch",,,,,,,,,,"wYCqaZcA+7slXlj5N/mM6vobrh4QDptp",
"b9df65ce-6d59-4d2e-9322-756dcd584f20","SCBI_008.basePlot.bet","D02","SCBI","SCBI_008","N","2015-07-21","2015-08-04","2015-08-05","2015-09-01","2015-09-01","SCBI_008.N.20150804","BDl2KAs5Zr36jXTEeNl244Cj8DE7ErVkGfw/xmEi7CA=","carabid","CHLEMA","Chlaenius emarginatus","species",,"Say",,1,"Ciegler, J. C. 2000. Ground beetles and wrinkled bark beetles of South Carolina (Coleoptera: Geadephaga: Carabidae and Rhysodidae). Biota of South Carolina. Vol. 1. Clemson, S. Clemson University.","wYCqaZcA+7slXlj5N/mM6vobrh4QDptp","wYCqaZcA+7slXlj5N/mM6vobrh4QDptp",
"8ab018fc-a147-42a6-9a21-b54809be1cf7","SCBI_008.basePlot.bet","D02","SCBI","SCBI_008","N","2015-07-21","2015-08-04","2015-08-05","2015-09-01","2015-09-01","SCBI_008.N.20150804","BDl2KAs5Zr36jXTEeNl24yKrwtgDYEGETBjCT/ye8lc=","carabid","CHLAES","Chlaenius aestivus","species",,"Say",,1,"Ciegler, J. C. 2000. Ground beetles and wrinkled bark beetles of South Carolina (Coleoptera: Geadephaga: Carabidae and Rhysodidae). Biota of South Carolina. Vol. 1. Clemson, S. Clemson University.","wYCqaZcA+7slXlj5N/mM6vobrh4QDptp","wYCqaZcA+7slXlj5N/mM6vobrh4QDptp",
"906c62d7-5290-42ef-94fc-73f2f08e16cc","SCBI_006.basePlot.bet","D02","SCBI","SCBI_006","N","2015-07-21","2015-08-04","2015-08-05","2015-09-17",,"SCBI_006.N.20150804","2wNT0Wyw286PiGGTpklZ+iA+wm1utr6hs3nIS08vec0=","invert bycatch",,,,,,,,,,"wYCqaZcA+7slXlj5N/mM6vobrh4QDptp",
"67e85c5f-0056-4cf4-a5a8-1e3e2da01efe","SCBI_002.basePlot.bet","D02","SCBI","SCBI_002","N","2015-07-21","2015-08-04","2015-08-05","2015-09-01",,"SCBI_002.N.20150804","NTl2q/XFbjzyUEn3Qe7D5k9KsNCpJjvfynoRfFqrBL4=","invert bycatch",,,,,,,,,,"wYCqaZcA+7slXlj5N/mM6vobrh4QDptp",
"2d942039-806e-4ca2-b00c-32d05bf652ec","SCBI_002.basePlot.bet","D02","SCBI","SCBI_002","N","2015-07-21","2015-08-04","2015-08-05","2015-09-01","2015-09-01","SCBI_002.N.20150804","NTl2q/XFbjzyUEn3Qe7D5hiUdwrBbzghIz+3zWV0pGs=","carabid","CHLEMA","Chlaenius emarginatus","species",,"Say",,5,"Freitag, R. 1969. A revision of the species of the genus Evarthrus LeConte. Quaestiones Entomologicae 5:89-212.","wYCqaZcA+7slXlj5N/mM6vobrh4QDptp","wYCqaZcA+7slXlj5N/mM6vobrh4QDptp",
"1ea29468-c9db-4adc-8752-8e2283a16ffd","SCBI_008.basePlot.bet","D02","SCBI","SCBI_008","N","2015-07-21","2015-08-04","2015-08-05","2015-09-01",,"SCBI_008.N.20150804","BDl2KAs5Zr36jXTEeNl244Nv0pGNzk+KwrdQ5nYK82U=","invert bycatch",,,,,,,,,,"wYCqaZcA+7slXlj5N/mM6vobrh4QDptp",
"053b2a17-3e04-4a15-9ac3-f59e85fab010","SCBI_033.basePlot.bet","D02","SCBI","SCBI_033","N","2015-07-21","2015-08-04","2015-08-05","2015-09-21",,"SCBI_033.N.20150804","4ZBK4Rjlf9lguawvaR+YgghXPtxJFMrqDwWAWL/ynH8=","invert bycatch",,,,,,,,,,"wYCqaZcA+7slXlj5N/mM6vobrh4QDptp",
"b5704732-73e0-4510-8a86-2f2b593c5724","SCBI_033.basePlot.bet","D02","SCBI","SCBI_033","N","2015-07-21","2015-08-04","2015-08-05","2015-09-21",,"SCBI_033.N.20150804","4ZBK4Rjlf9lguawvaR+YgghXPtxJFMrq7sfLFDUPOIw=","invert bycatch",,,,,,,,,,"wYCqaZcA+7slXlj5N/mM6vobrh4QDptp",
"07e3a3b6-5814-4df9-b59e-cb1967819129","SCBI_003.basePlot.bet","D02","SCBI","SCBI_003","N","2015-07-21","2015-08-04","2015-08-05","2015-09-01",,"SCBI_003.N.20150804","YQnsugPXdU2Zq1Hkpx4VSkzBasXPrjrfw94NFk2VBzE=","invert bycatch",,,,,,,,,,"wYCqaZcA+7slXlj5N/mM6vobrh4QDptp",
"e073872d-c745-41fd-962a-f3a89b3ff5c4","SCBI_010.basePlot.bet","D02","SCBI","SCBI_010","S","2015-07-21","2015-08-04","2015-08-05","2015-09-17","2015-09-17","SCBI_010.S.20150804","6yi0mRc5GELPUkyfBbk+sK72WthDUlFX6dHA16BHjIE=","carabid","SPHSCH","Sphaeroderus schaumii","species",,"Chaudoir",,1,"Lindroth, C. H. 1969. The ground-beetles (Carabidae, excl. Cicindelinae) of Canada and Alaska, parts 1-6. Opuscula E. Entomoligiska Sallskapet.","wYCqaZcA+7slXlj5N/mM6vobrh4QDptp","wYCqaZcA+7slXlj5N/mM6vobrh4QDptp",
"ba7ecaa8-f69a-4dd1-9724-47593a4cc629","SCBI_007.basePlot.bet","D02","SCBI","SCBI_007","S","2015-07-21","2015-08-04","2015-08-05","2015-09-17","2015-09-17","SCBI_007.S.20150804","tckDqTjQv3gI17OVDNAsDte84eXT1a1f3CmJZSy4xXc=","carabid","CYCSIG","Cyclotrachelus sigillatus","species",,"Say",,1,"Freitag, R. 1969. A revision of the species of the genus Evarthrus LeConte. Quaestiones Entomologicae 5:89-212.","wYCqaZcA+7slXlj5N/mM6vobrh4QDptp","wYCqaZcA+7slXlj5N/mM6vobrh4QDptp",
"c377dbfb-261b-47f0-aa05-4dc11ec58b2b","SCBI_007.basePlot.bet","D02","SCBI","SCBI_007","S","2015-07-21","2015-08-04","2015-08-05","2015-09-17","2015-09-17","SCBI_007.S.20150804","tckDqTjQv3gI17OVDNAsDvXTRlUtRKEGlUrnP1+Oa5w=","carabid","CHLEMA","Chlaenius emarginatus","species",,"Say",,1,"Ciegler, J. C. 2000. Ground beetles and wrinkled bark beetles of South Carolina (Coleoptera: Geadephaga: Carabidae and Rhysodidae). Biota of South Carolina. Vol. 1. Clemson, S. Clemson University.","wYCqaZcA+7slXlj5N/mM6vobrh4QDptp","wYCqaZcA+7slXlj5N/mM6vobrh4QDptp",
"c8983453-286d-4857-91f6-d95f40208c72","SCBI_012.basePlot.bet","D02","SCBI","SCBI_012","S","2015-07-21","2015-08-04","2015-08-05","2015-09-21","2015-09-21","SCBI_012.S.20150804","XK58HfsRWvedDZEDg+fynxAtVrWuetS4yEf2/orj6kA=","carabid","SCASUB2","Scarites subterraneus","species",,"Fabricius",,1,"Other","fhqXNoOkfxgxeumX3nh8hiKzTnt5lZ8Br3PaGAyV7lk=","wYCqaZcA+7slXlj5N/mM6vobrh4QDptp",
"3fe36f55-2e23-477f-a690-1dabadc6374d","SCBI_012.basePlot.bet","D02","SCBI","SCBI_012","S","2015-07-21","2015-08-04","2015-08-05","2015-09-21","2015-09-21","SCBI_012.S.20150804","XK58HfsRWvedDZEDg+fyn42EEtGJIUdeeZdswI5b9AY=","carabid","OTHE","Carabidae sp.","family",,"Latreille",,1,"Bousquet, Y. 2010b. Illustrated Identification Guide to Adults and Larvae of Northeastern North American Ground Beetles (Coleoptera: Carabidae). 1st Ed. Pensoft Publishers, Sofia, Bulgaria.","wYCqaZcA+7slXlj5N/mM6vobrh4QDptp","wYCqaZcA+7slXlj5N/mM6vobrh4QDptp","Harpalus rubripes (harrub)"
"a20b6a96-83c5-4f25-9928-7166d1746c89","SCBI_010.basePlot.bet","D02","SCBI","SCBI_010","S","2015-07-21","2015-08-04","2015-08-05","2015-09-17","2015-09-17","SCBI_010.S.20150804","6yi0mRc5GELPUkyfBbk+sK72WthDUlFXucbkKH8mGZg=","carabid","SPHSTE2","Sphaeroderus stenostomus stenostomus","subspecies",,"Weber",,1,"Lindroth, C. H. 1969. The ground-beetles (Carabidae, excl. Cicindelinae) of Canada and Alaska, parts 1-6. Opuscula E. Entomoligiska Sallskapet.","wYCqaZcA+7slXlj5N/mM6vobrh4QDptp","wYCqaZcA+7slXlj5N/mM6vobrh4QDptp",
"a48d9461-b535-4139-a828-0e95d1a99e53","SCBI_002.basePlot.bet","D02","SCBI","SCBI_002","S","2015-07-21","2015-08-04","2015-08-05","2015-09-01",,"SCBI_002.S.20150804","NTl2q/XFbjz8wrlUsng59qXRAN+i1Vk7UGbugnBs40k=","invert bycatch",,,,,,,,,,"wYCqaZcA+7slXlj5N/mM6vobrh4QDptp",
"791c6334-963d-4b54-9ff9-95688f0f9fe1","SCBI_002.basePlot.bet","D02","SCBI","SCBI_002","S","2015-07-21","2015-08-04","2015-08-05","2015-09-01","2015-09-01","SCBI_002.S.20150804","NTl2q/XFbjz8wrlUsng59udc6IHw+msv5Ug5u0Ok5Zo=","carabid","CYCSIG","Cyclotrachelus sigillatus","species",,"Say",,2,"Freitag, R. 1969. A revision of the species of the genus Evarthrus LeConte. Quaestiones Entomologicae 5:89-212.","wYCqaZcA+7slXlj5N/mM6vobrh4QDptp","wYCqaZcA+7slXlj5N/mM6vobrh4QDptp",
"b32701b5-cb0e-44a1-ab13-2bcc063ef4e2","SCBI_003.basePlot.bet","D02","SCBI","SCBI_003","S","2015-07-21","2015-08-04","2015-08-05","2015-09-01",,"SCBI_003.S.20150804","YQnsugPXdU3C6y/600l7ZoJnJ2cwZVo94Rdz99HoY8o=","invert bycatch",,,,,,,,,,"wYCqaZcA+7slXlj5N/mM6vobrh4QDptp",
"d1d09758-caaf-43ab-97f0-ab8f9fd6bd22","SCBI_005.basePlot.bet","D02","SCBI","SCBI_005","S","2015-07-21","2015-08-04","2015-08-05","2015-09-21",,"SCBI_005.S.20150804","2MbaqPQFAm4RqvKqMmR5FWcvbe0Z4C1oy6R5HiekzsA=","invert bycatch",,,,,,,,,,"wYCqaZcA+7slXlj5N/mM6vobrh4QDptp",
"b902d01b-73fd-45a0-a67e-56f640d016e6","SCBI_004.basePlot.bet","D02","SCBI","SCBI_004","S","2015-07-21","2015-08-04","2015-08-05","2015-09-21",,"SCBI_004.S.20150804","ZCodyo9yj614vwZr5YmwzL7OBL9tGlPqgLWVv5jCHKw=","invert bycatch",,,,,,,,,,"wYCqaZcA+7slXlj5N/mM6vobrh4QDptp",
"0e33b48f-e46f-4f14-9ebf-a44e4e3071c3","SCBI_033.basePlot.bet","D02","SCBI","SCBI_033","S","2015-07-21","2015-08-04","2015-08-05","2015-09-21",,"SCBI_033.S.20150804","4ZBK4Rjlf9k4xybhcO8HB4xij9l5yNTRoc7yu8i6/qQ=","invert bycatch",,,,,,,,,,"wYCqaZcA+7slXlj5N/mM6vobrh4QDptp",
"c49175d6-e7cd-4ab1-94c3-b260f99ff1d9","SCBI_002.basePlot.bet","D02","SCBI","SCBI_002","E","2015-08-04","2015-08-18","2015-08-19","2015-09-28","2015-09-28","SCBI_002.E.20150818","NTl2q/XFbjxxk0NSrvvJwD/vToxCJNNfBJ7mV7WZsPQ=","carabid","CHLEMA","Chlaenius emarginatus","species",,"Say",,1,"Ciegler, J. C. 2000. Ground beetles and wrinkled bark beetles of South Carolina (Coleoptera: Geadephaga: Carabidae and Rhysodidae). Biota of South Carolina. Vol. 1. Clemson, S. Clemson University.","fhqXNoOkfxgxeumX3nh8hiKzTnt5lZ8Br3PaGAyV7lk=","wYCqaZcA+7slXlj5N/mM6vobrh4QDptp",
"ced1bf07-8f2b-4d17-8f38-9b199dbe3cb1","SCBI_002.basePlot.bet","D02","SCBI","SCBI_002","E","2015-08-04","2015-08-18","2015-08-19","2015-09-28","2015-09-28","SCBI_002.E.20150818","NTl2q/XFbjxxk0NSrvvJwKPio9W89T4YYm91emhUNiI=","carabid","CYCSIG","Cyclotrachelus sigillatus","species",,"Say",,2,"Freitag, R. 1969. A revision of the species of the genus Evarthrus LeConte. Quaestiones Entomologicae 5:89-212.","fhqXNoOkfxgxeumX3nh8hiKzTnt5lZ8Br3PaGAyV7lk=","wYCqaZcA+7slXlj5N/mM6vobrh4QDptp",
"ce03b097-f799-488e-bfc2-ade07edf29a0","SCBI_002.basePlot.bet","D02","SCBI","SCBI_002","E","2015-08-04","2015-08-18","2015-08-19","2015-09-28","2015-09-28","SCBI_002.E.20150818","NTl2q/XFbjxxk0NSrvvJwN+m23cK2uvvE+szjH1yI6I=","carabid","PTESTY","Pterostichus stygicus","species",,"Say",,1,"Bousquet, Y. 2010b. Illustrated Identification Guide to Adults and Larvae of Northeastern North American Ground Beetles (Coleoptera: Carabidae). 1st Ed. Pensoft Publishers, Sofia, Bulgaria.","fhqXNoOkfxgxeumX3nh8hiKzTnt5lZ8Br3PaGAyV7lk=","wYCqaZcA+7slXlj5N/mM6vobrh4QDptp",
"1ef9a109-dfd7-4e0f-8b77-de53ca2e831d","SCBI_002.basePlot.bet","D02","SCBI","SCBI_002","E","2015-08-04","2015-08-18","2015-08-19","2015-09-28","2015-09-28","SCBI_002.E.20150818","NTl2q/XFbjxxk0NSrvvJwKSeja30hZjpilrZKh4PKr0=","carabid","PTECOR1","Pterostichus coracinus","species",,"Newman",,3,"Bousquet, Y. 2010b. Illustrated Identification Guide to Adults and Larvae of Northeastern North American Ground Beetles (Coleoptera: Carabidae). 1st Ed. Pensoft Publishers, Sofia, Bulgaria.","fhqXNoOkfxgxeumX3nh8hiKzTnt5lZ8Br3PaGAyV7lk=","wYCqaZcA+7slXlj5N/mM6vobrh4QDptp",
"59080748-4aea-4f7e-a9fb-803e0121ef2f","SCBI_003.basePlot.bet","D02","SCBI","SCBI_003","E","2015-08-04","2015-08-18","2015-08-19","2015-09-25",,"SCBI_003.E.20150818","YQnsugPXdU1QrtpIYVG4EDSi9aWb1Y8AcJJF4DWioHI=","invert bycatch",,,,,,,,,,"wYCqaZcA+7slXlj5N/mM6vobrh4QDptp",
"e3476713-36a3-4818-ba1d-f39e1d352d2a","SCBI_003.basePlot.bet","D02","SCBI","SCBI_003","E","2015-08-04","2015-08-18","2015-08-19","2015-09-25",,"SCBI_003.E.20150818","YQnsugPXdU1QrtpIYVG4EDSi9aWb1Y8A4+C4ngbPDR0=","invert bycatch",,,,,,,,,,"wYCqaZcA+7slXlj5N/mM6vobrh4QDptp",
"3a01759a-6eeb-4d80-84ac-ee99aa1a75e2","SCBI_004.basePlot.bet","D02","SCBI","SCBI_004","E","2015-08-04","2015-08-18","2015-08-19","2015-09-25","2015-09-25","SCBI_004.E.20150818","ZCodyo9yj62r3k2fVkXhLm9DtsSAMn0v6ZmAyEMcbCc=","carabid","CHLAES","Chlaenius aestivus","species",,"Say",,1,"Ciegler, J. C. 2000. Ground beetles and wrinkled bark beetles of South Carolina (Coleoptera: Geadephaga: Carabidae and Rhysodidae). Biota of South Carolina. Vol. 1. Clemson, S. Clemson University.","wYCqaZcA+7slXlj5N/mM6vobrh4QDptp","wYCqaZcA+7slXlj5N/mM6vobrh4QDptp",
"9a62a3e6-46bd-4363-b9b6-51ee7cc6c5e3","SCBI_004.basePlot.bet","D02","SCBI","SCBI_004","E","2015-08-04","2015-08-18","2015-08-19","2015-09-25",,"SCBI_004.E.20150818","ZCodyo9yj62r3k2fVkXhLhfFqn5HuCfnqiKwJOtBtZg=","invert bycatch",,,,,,,,,,"wYCqaZcA+7slXlj5N/mM6vobrh4QDptp",
"e486629f-8876-4d81-b804-e26b9d08ee80","SCBI_005.basePlot.bet","D02","SCBI","SCBI_005","E","2015-08-04","2015-08-18","2015-08-19","2015-09-25",,"SCBI_005.E.20150818","2MbaqPQFAm4GHc0axYcvHfujOvvxfyOZCyLu2vbkiuU=","invert bycatch",,,,,,,,,,"wYCqaZcA+7slXlj5N/mM6vobrh4QDptp",
"82a9c8e6-c83a-4773-8b4f-5c1c5e10d9b8","SCBI_010.basePlot.bet","D02","SCBI","SCBI_010","E","2015-08-04","2015-08-18","2015-08-19","2015-09-25",,"SCBI_010.E.20150818","6yi0mRc5GEKiw9QRCygipCsRmstK6rQautAabstOhFo=","invert bycatch",,,,,,,,,,"wYCqaZcA+7slXlj5N/mM6vobrh4QDptp",
"d10db67d-224a-48bd-9dc6-4e318370ac63","SCBI_010.basePlot.bet","D02","SCBI","SCBI_010","E","2015-08-04","2015-08-18","2015-08-19","2015-09-25","2015-09-25","SCBI_010.E.20150818","6yi0mRc5GEKiw9QRCygipIkW2lx23pF/l2whCYhugjc=","carabid","PTEADO","Pterostichus adoxus","species",,"Say",,1,"Bousquet, Y. 2010b. Illustrated Identification Guide to Adults and Larvae of Northeastern North American Ground Beetles (Coleoptera: Carabidae). 1st Ed. Pensoft Publishers, Sofia, Bulgaria.","wYCqaZcA+7slXlj5N/mM6vobrh4QDptp","wYCqaZcA+7slXlj5N/mM6vobrh4QDptp",
"4e8f5e3d-8f66-4d39-bb2f-cbbbae15d1fd","SCBI_010.basePlot.bet","D02","SCBI","SCBI_010","E","2015-08-04","2015-08-18","2015-08-19","2015-09-25",,"SCBI_010.E.20150818","6yi0mRc5GEKiw9QRCygipCsRmstK6rQa8dn+lksCtng=","invert bycatch",,,,,,,,,,"wYCqaZcA+7slXlj5N/mM6vobrh4QDptp",
"46533dc2-f584-4e5f-8b78-485c3755e421","SCBI_012.basePlot.bet","D02","SCBI","SCBI_012","E","2015-08-04","2015-08-18","2015-08-19","2015-09-25","2015-09-25","SCBI_012.E.20150818","XK58HfsRWvdXPdqnwcZ6TX74mY29EjwqgxTL8Q5mZXw=","carabid","OTHE","Carabidae sp.","family",,"Latreille",,1,"Bousquet, Y. 2010b. Illustrated Identification Guide to Adults and Larvae of Northeastern North American Ground Beetles (Coleoptera: Carabidae). 1st Ed. Pensoft Publishers, Sofia, Bulgaria.","wYCqaZcA+7slXlj5N/mM6vobrh4QDptp","wYCqaZcA+7slXlj5N/mM6vobrh4QDptp","Harpalus rubripes (harrub)"
"f1fa2439-a147-411a-8ee9-513fbc4862c4","SCBI_012.basePlot.bet","D02","SCBI","SCBI_012","E","2015-08-04","2015-08-18","2015-08-19","2015-09-25",,"SCBI_012.E.20150818","XK58HfsRWvdXPdqnwcZ6TeiyI64bQabKOBBOhxzSscU=","invert bycatch",,,,,,,,,,"wYCqaZcA+7slXlj5N/mM6vobrh4QDptp",
"d786e47e-cca6-43dc-b858-79808986aabe","SCBI_012.basePlot.bet","D02","SCBI","SCBI_012","E","2015-08-04","2015-08-18","2015-08-19","2015-09-25",,"SCBI_012.E.20150818","XK58HfsRWvdXPdqnwcZ6TeiyI64bQabKKEEjBZi3Yj0=","invert bycatch",,,,,,,,,,"wYCqaZcA+7slXlj5N/mM6vobrh4QDptp",
"4422e083-3323-4278-92d9-dd7e8110ab33","SCBI_006.basePlot.bet","D02","SCBI","SCBI_006","E","2015-08-04","2015-08-18","2015-08-19","2015-09-25",,"SCBI_006.E.20150818","2wNT0Wyw285qrh4YWsaSHxYck2Lkl7/CPyIiPOC00N4=","invert bycatch",,,,,,,,,,"wYCqaZcA+7slXlj5N/mM6vobrh4QDptp",
"4f6676a8-7189-4fe8-894b-5574dec38db7","SCBI_006.basePlot.bet","D02","SCBI","SCBI_006","E","2015-08-04","2015-08-18","2015-08-19","2015-09-25","2015-09-25","SCBI_006.E.20150818","2wNT0Wyw285qrh4YWsaSH/U5qeMZzTMjh8rf3Hv22z8=","carabid","AMPINT","Amphasia interstitialis","species",,"Say",,1,"Bousquet, Y. 2010b. Illustrated Identification Guide to Adults and Larvae of Northeastern North American Ground Beetles (Coleoptera: Carabidae). 1st Ed. Pensoft Publishers, Sofia, Bulgaria.","wYCqaZcA+7slXlj5N/mM6vobrh4QDptp","wYCqaZcA+7slXlj5N/mM6vobrh4QDptp",
"8e18830b-b289-46db-9fd6-6575716681ae","SCBI_008.basePlot.bet","D02","SCBI","SCBI_008","E","2015-08-04","2015-08-18","2015-08-19","2015-09-25",,"SCBI_008.E.20150818","BDl2KAs5Zr2BOIR/P+IEWtRuVewzzAFTAU8XqIzegbc=","invert bycatch",,,,,,,,,,"wYCqaZcA+7slXlj5N/mM6vobrh4QDptp",
"f44b3c77-ec92-44c0-aaa4-b3070499db33","SCBI_002.basePlot.bet","D02","SCBI","SCBI_002","E","2015-08-04","2015-08-18","2015-08-19","2015-09-28",,"SCBI_002.E.20150818","NTl2q/XFbjxxk0NSrvvJwNigHBVqFk5RbVOsv0ukrM8=","invert bycatch",,,,,,,,,,"wYCqaZcA+7slXlj5N/mM6vobrh4QDptp",
"2ff1641f-094d-452c-a4ab-38e380b93a6d","SCBI_012.basePlot.bet","D02","SCBI","SCBI_012","N","2015-08-04","2015-08-18","2015-08-19","2015-09-25","2015-10-26","SCBI_012.N.20150818","XK58HfsRWveBChV1DUB57a7PLtHZ2qx6odrzMtrvkuo=","carabid","HARCOM","Harpalus compar","species",,"LeConte",,3,"Ball, G. E., and J. N. Anderson. 1962. The taxonomy and speciation of Pseudophonus (a subgenus of Harpalus: Haralini: Carabidae, known to occur in North America). The Catholic University of America Press, Washington 17, D. C.","wYCqaZcA+7slXlj5N/mM6vobrh4QDptp","wYCqaZcA+7slXlj5N/mM6vobrh4QDptp",
"839ec2ce-8789-4ed7-b1e5-b5c9c70f600a","SCBI_012.basePlot.bet","D02","SCBI","SCBI_012","N","2015-08-04","2015-08-18","2015-08-19","2015-09-25","2015-09-25","SCBI_012.N.20150818","XK58HfsRWveBChV1DUB57Y/wQ8IQlkBp5V9NFXDlCw8=","carabid","CHLAES","Chlaenius aestivus","species",,"Say",,5,"Ciegler, J. C. 2000. Ground beetles and wrinkled bark beetles of South Carolina (Coleoptera: Geadephaga: Carabidae and Rhysodidae). Biota of South Carolina. Vol. 1. Clemson, S. Clemson University.","fhqXNoOkfxgxeumX3nh8hiKzTnt5lZ8Br3PaGAyV7lk=","wYCqaZcA+7slXlj5N/mM6vobrh4QDptp",
"816639c0-8a2b-470d-aa57-596571bbafb1","SCBI_012.basePlot.bet","D02","SCBI","SCBI_012","N","2015-08-04","2015-08-18","2015-08-19","2015-09-25","2015-09-25","SCBI_012.N.20150818","XK58HfsRWveBChV1DUB57d+g4bWGSg34gmTkygh0oho=","carabid","SCASUB2","Scarites subterraneus","species",,"Fabricius",,1,"Other","wYCqaZcA+7slXlj5N/mM6vobrh4QDptp","wYCqaZcA+7slXlj5N/mM6vobrh4QDptp",
"9f69b73f-35d6-4b3d-b2a9-d3226fd2e79f","SCBI_002.basePlot.bet","D02","SCBI","SCBI_002","N","2015-08-04","2015-08-18","2015-08-19","2015-09-28","2015-09-28","SCBI_002.N.20150818","NTl2q/XFbjzyUEn3Qe7D5mzqop0GC/8y3QIwVgWApDM=","carabid","PTECOR1","Pterostichus coracinus","species",,"Newman",,1,"Bousquet, Y. 2010b. Illustrated Identification Guide to Adults and Larvae of Northeastern North American Ground Beetles (Coleoptera: Carabidae). 1st Ed. Pensoft Publishers, Sofia, Bulgaria.","fhqXNoOkfxgxeumX3nh8hiKzTnt5lZ8Br3PaGAyV7lk=","wYCqaZcA+7slXlj5N/mM6vobrh4QDptp",
"a1998e89-ff23-4437-90e5-4896c52a7d73","SCBI_002.basePlot.bet","D02","SCBI","SCBI_002","N","2015-08-04","2015-08-18","2015-08-19","2015-09-28","2015-09-28","SCBI_002.N.20150818","NTl2q/XFbjzyUEn3Qe7D5kz0+BfxDyy9yvgPiaToo8U=","carabid","CYCSIG","Cyclotrachelus sigillatus","species",,"Say",,1,"Freitag, R. 1969. A revision of the species of the genus Evarthrus LeConte. Quaestiones Entomologicae 5:89-212.","fhqXNoOkfxgxeumX3nh8hiKzTnt5lZ8Br3PaGAyV7lk=","wYCqaZcA+7slXlj5N/mM6vobrh4QDptp",
"521893a3-dd03-42e1-b09e-aafe3c97532d","SCBI_002.basePlot.bet","D02","SCBI","SCBI_002","N","2015-08-04","2015-08-18","2015-08-19","2015-09-28","2015-09-28","SCBI_002.N.20150818","NTl2q/XFbjzyUEn3Qe7D5j+hv5rutqlqhyNSqrdbBEA=","carabid","CHLAES","Chlaenius aestivus","species",,"Say",,1,"Ciegler, J. C. 2000. Ground beetles and wrinkled bark beetles of South Carolina (Coleoptera: Geadephaga: Carabidae and Rhysodidae). Biota of South Carolina. Vol. 1. Clemson, S. Clemson University.","fhqXNoOkfxgxeumX3nh8hiKzTnt5lZ8Br3PaGAyV7lk=","wYCqaZcA+7slXlj5N/mM6vobrh4QDptp",
"94720b5e-b48d-4883-825a-e1530fe3af6f","SCBI_002.basePlot.bet","D02","SCBI","SCBI_002","N","2015-08-04","2015-08-18","2015-08-19","2015-09-28","2015-09-28","SCBI_002.N.20150818","NTl2q/XFbjzyUEn3Qe7D5kL1eCh/SWV3cTxPzaX4b68=","carabid","CHLEMA","Chlaenius emarginatus","species",,"Say",,3,"Ciegler, J. C. 2000. Ground beetles and wrinkled bark beetles of South Carolina (Coleoptera: Geadephaga: Carabidae and Rhysodidae). Biota of South Carolina. Vol. 1. Clemson, S. Clemson University.","fhqXNoOkfxgxeumX3nh8hiKzTnt5lZ8Br3PaGAyV7lk=","wYCqaZcA+7slXlj5N/mM6vobrh4QDptp",
"9e76cd41-3e97-4545-8648-96848e63a7b4","SCBI_004.basePlot.bet","D02","SCBI","SCBI_004","N","2015-08-04","2015-08-18","2015-08-19","2015-09-25","2015-09-25","SCBI_004.N.20150818","ZCodyo9yj6286/2SN8Mad0opplkT/OpUcGKF0BMwlaw=","carabid","POELUC","Poecilus lucublandus","species",,"Say",,1,"Ciegler, J. C. 2000. Ground beetles and wrinkled bark beetles of South Carolina (Coleoptera: Geadephaga: Carabidae and Rhysodidae). Biota of South Carolina. Vol. 1. Clemson, S. Clemson University.","wYCqaZcA+7slXlj5N/mM6vobrh4QDptp","wYCqaZcA+7slXlj5N/mM6vobrh4QDptp",
"6a5316b6-f3d7-41e1-a515-93f0897cc040","SCBI_004.basePlot.bet","D02","SCBI","SCBI_004","N","2015-08-04","2015-08-18","2015-08-19","2015-09-25",,"SCBI_004.N.20150818","ZCodyo9yj6286/2SN8Mad4YHl6DfLyb25L639CwNlBc=","invert bycatch",,,,,,,,,,"wYCqaZcA+7slXlj5N/mM6vobrh4QDptp",
"58524faa-3e7e-434e-a834-271ffdec9acd","SCBI_003.basePlot.bet","D02","SCBI","SCBI_003","N","2015-08-04","2015-08-18","2015-08-19","2015-09-25",,"SCBI_003.N.20150818","YQnsugPXdU2Zq1Hkpx4VSpsg0e9NT2otDxKxZGANJ+s=","invert bycatch",,,,,,,,,,"wYCqaZcA+7slXlj5N/mM6vobrh4QDptp",
"3391ff70-fdb4-40e0-9543-d7a289137579","SCBI_003.basePlot.bet","D02","SCBI","SCBI_003","N","2015-08-04","2015-08-18","2015-08-19","2015-09-25",,"SCBI_003.N.20150818","YQnsugPXdU2Zq1Hkpx4VSpsg0e9NT2otVOAmLr37OQU=","invert bycatch",,,,,,,,,,"wYCqaZcA+7slXlj5N/mM6vobrh4QDptp",
"4b502ced-2845-4fca-9e05-4ce961a092d2","SCBI_003.basePlot.bet","D02","SCBI","SCBI_003","N","2015-08-04","2015-08-18","2015-08-19","2015-09-25","2015-09-25","SCBI_003.N.20150818","YQnsugPXdU2Zq1Hkpx4VSnYk2+bW7gxqb+jiXOZ5sPE=","carabid","PTELAC2","Pterostichus lachrymosus","species",,"Newman",,1,"Bousquet, Y. 2010b. Illustrated Identification Guide to Adults and Larvae of Northeastern North American Ground Beetles (Coleoptera: Carabidae). 1st Ed. Pensoft Publishers, Sofia, Bulgaria.","wYCqaZcA+7slXlj5N/mM6vobrh4QDptp","wYCqaZcA+7slXlj5N/mM6vobrh4QDptp",
"13363ccc-7c38-4f9f-a1bf-8188c32a1429","SCBI_010.basePlot.bet","D02","SCBI","SCBI_010","N","2015-08-04","2015-08-18","2015-08-19","2015-09-25",,"SCBI_010.N.20150818","6yi0mRc5GEI9+YU0bqWLXIw6UIRCx3hgZVk7Fz7bXRA=","invert bycatch",,,,,,,,,,"wYCqaZcA+7slXlj5N/mM6vobrh4QDptp",
"a1c46f0a-ede2-4758-bb2a-28af94055735","SCBI_010.basePlot.bet","D02","SCBI","SCBI_010","N","2015-08-04","2015-08-18","2015-08-19","2015-09-25",,"SCBI_010.N.20150818","6yi0mRc5GEI9+YU0bqWLXIw6UIRCx3hgqrwins6IMRM=","invert bycatch",,,,,,,,,,"wYCqaZcA+7slXlj5N/mM6vobrh4QDptp",
"296bfc5e-1a8b-4095-8bf4-d405d672025c","SCBI_033.basePlot.bet","D02","SCBI","SCBI_033","N","2015-08-04","2015-08-18","2015-08-19","2015-09-28",,"SCBI_033.N.20150818","4ZBK4Rjlf9lguawvaR+YghYGp3yZUr52slwXjBMbj3A=","invert bycatch",,,,,,,,,,"wYCqaZcA+7slXlj5N/mM6vobrh4QDptp",
"fd2cec60-9d83-494d-87cb-1f630a546a21","SCBI_033.basePlot.bet","D02","SCBI","SCBI_033","N","2015-08-04","2015-08-18","2015-08-19","2015-09-28","2015-09-28","SCBI_033.N.20150818","4ZBK4Rjlf9lguawvaR+YgkMFj+qNmOFmVE5E0943yO8=","carabid","POELUC","Poecilus lucublandus","species",,"Say",,2,"Ciegler, J. C. 2000. Ground beetles and wrinkled bark beetles of South Carolina (Coleoptera: Geadephaga: Carabidae and Rhysodidae). Biota of South Carolina. Vol. 1. Clemson, S. Clemson University.","wYCqaZcA+7slXlj5N/mM6vobrh4QDptp","wYCqaZcA+7slXlj5N/mM6vobrh4QDptp",
"308eaf67-5384-45ba-9d37-55be8384a342","SCBI_010.basePlot.bet","D02","SCBI","SCBI_010","N","2015-08-04","2015-08-18","2015-08-19","2015-09-25","2015-09-25","SCBI_010.N.20150818","6yi0mRc5GEI9+YU0bqWLXJVE0gM5VQkR1m/MAqqEAjo=","carabid","PTELAC2","Pterostichus lachrymosus","species",,"Newman",,1,"Bousquet, Y. 2010b. Illustrated Identification Guide to Adults and Larvae of Northeastern North American Ground Beetles (Coleoptera: Carabidae). 1st Ed. Pensoft Publishers, Sofia, Bulgaria.","wYCqaZcA+7slXlj5N/mM6vobrh4QDptp","wYCqaZcA+7slXlj5N/mM6vobrh4QDptp",
"391e7244-9326-42e9-a505-eb3257c2d67a","SCBI_012.basePlot.bet","D02","SCBI","SCBI_012","N","2015-08-04","2015-08-18","2015-08-19","2015-09-25",,"SCBI_012.N.20150818","XK58HfsRWveBChV1DUB57UuKS41X5hhAHLoa2AjzsAc=","invert bycatch",,,,,,,,,,"wYCqaZcA+7slXlj5N/mM6vobrh4QDptp",
"7161292e-fdb8-412b-9e64-7cbc42b7c597","SCBI_006.basePlot.bet","D02","SCBI","SCBI_006","N","2015-08-04","2015-08-18","2015-08-19","2015-09-25",,"SCBI_006.N.20150818","2wNT0Wyw286PiGGTpklZ+jfZYROeeHKw39XVovbIDd0=","invert bycatch",,,,,,,,,,"wYCqaZcA+7slXlj5N/mM6vobrh4QDptp",
"09d9fc1a-7b5f-4fb0-83cb-2f61f223fab6","SCBI_008.basePlot.bet","D02","SCBI","SCBI_008","N","2015-08-04","2015-08-18","2015-08-19","2015-09-25",,"SCBI_008.N.20150818","BDl2KAs5Zr36jXTEeNl24wTyO/jdpiSgfzHyF4gg47U=","invert bycatch",,,,,,,,,,"wYCqaZcA+7slXlj5N/mM6vobrh4QDptp",
"4512bca2-6098-4eb9-836f-8ca774857ef3","SCBI_008.basePlot.bet","D02","SCBI","SCBI_008","N","2015-08-04","2015-08-18","2015-08-19","2015-09-25",,"SCBI_008.N.20150818","BDl2KAs5Zr36jXTEeNl24wTyO/jdpiSgn+R2Pwaeun0=","invert bycatch",,,,,,,,,,"wYCqaZcA+7slXlj5N/mM6vobrh4QDptp",
"9ce9f9fc-a3da-441b-b2cc-df48a382b7b0","SCBI_012.basePlot.bet","D02","SCBI","SCBI_012","N","2015-08-04","2015-08-18","2015-08-19","2015-09-25",,"SCBI_012.N.20150818","XK58HfsRWveBChV1DUB57UuKS41X5hhAHk8IxiRAItQ=","invert bycatch",,,,,,,,,,"wYCqaZcA+7slXlj5N/mM6vobrh4QDptp",
"2440e741-7e3d-4816-b56b-d2e3febdde02","SCBI_002.basePlot.bet","D02","SCBI","SCBI_002","N","2015-08-04","2015-08-18","2015-08-19","2015-09-28",,"SCBI_002.N.20150818","NTl2q/XFbjzyUEn3Qe7D5g4at5bSBkTGlh9Rx0zT6tQ=","invert bycatch",,,,,,,,,,"wYCqaZcA+7slXlj5N/mM6vobrh4QDptp",
"aaa05435-21e5-4375-9d80-fbd3b970c3b4","SCBI_010.basePlot.bet","D02","SCBI","SCBI_010","S","2015-08-04","2015-08-18","2015-08-19","2015-09-25","2015-09-25","SCBI_010.S.20150818","6yi0mRc5GELPUkyfBbk+sGDBTGM04eTpZlFw3hA2qR4=","carabid","CYCSIG","Cyclotrachelus sigillatus","species",,"Say",,2,"Freitag, R. 1969. A revision of the species of the genus Evarthrus LeConte. Quaestiones Entomologicae 5:89-212.","wYCqaZcA+7slXlj5N/mM6vobrh4QDptp","wYCqaZcA+7slXlj5N/mM6vobrh4QDptp",
"13ade1f1-5500-4a7b-9069-b753bc5a397c","SCBI_004.basePlot.bet","D02","SCBI","SCBI_004","S","2015-08-04","2015-08-18","2015-08-19","2015-09-25","2015-09-25","SCBI_004.S.20150818","ZCodyo9yj614vwZr5YmwzIcPAr7/dSV8vH/U4hpNkak=","carabid","CYCSIG","Cyclotrachelus sigillatus","species",,"Say",,1,"Freitag, R. 1969. A revision of the species of the genus Evarthrus LeConte. Quaestiones Entomologicae 5:89-212.","wYCqaZcA+7slXlj5N/mM6vobrh4QDptp","wYCqaZcA+7slXlj5N/mM6vobrh4QDptp",
"c015fcf4-c47a-467a-b19f-7b148a3b62df","SCBI_004.basePlot.bet","D02","SCBI","SCBI_004","S","2015-08-04","2015-08-18","2015-08-19","2015-09-25","2015-09-25","SCBI_004.S.20150818","ZCodyo9yj614vwZr5YmwzPXBRtgWx/CB5CJX87rpH6k=","carabid","SCAVID","Scaphinotus viduus","species",,"Dejean",,1,"Bousquet, Y. 2010b. Illustrated Identification Guide to Adults and Larvae of Northeastern North American Ground Beetles (Coleoptera: Carabidae). 1st Ed. Pensoft Publishers, Sofia, Bulgaria.","wYCqaZcA+7slXlj5N/mM6vobrh4QDptp","wYCqaZcA+7slXlj5N/mM6vobrh4QDptp",
"3322ae76-abfc-4fd0-9c81-cf5c3f87b6cf","SCBI_010.basePlot.bet","D02","SCBI","SCBI_010","S","2015-08-04","2015-08-18","2015-08-19","2015-09-25","2015-09-25","SCBI_010.S.20150818","6yi0mRc5GELPUkyfBbk+sGFPmM06/dxj3mE8h96fdLs=","carabid","HARPRO2","Harpalus providens","species",,"Casey",,1,"Bousquet, Y. 2010b. Illustrated Identification Guide to Adults and Larvae of Northeastern North American Ground Beetles (Coleoptera: Carabidae). 1st Ed. Pensoft Publishers, Sofia, Bulgaria.","wYCqaZcA+7slXlj5N/mM6vobrh4QDptp","wYCqaZcA+7slXlj5N/mM6vobrh4QDptp",
"e64d3789-1df0-4479-beb5-670dee0a08e9","SCBI_002.basePlot.bet","D02","SCBI","SCBI_002","S","2015-08-04","2015-08-18","2015-08-19","2015-09-28","2015-09-28","SCBI_002.S.20150818","NTl2q/XFbjz8wrlUsng59jwUp0aw+mf0OBFJ8LFsQ8w=","carabid","PTECOR1","Pterostichus coracinus","species",,"Newman",,1,"Bousquet, Y. 2010b. Illustrated Identification Guide to Adults and Larvae of Northeastern North American Ground Beetles (Coleoptera: Carabidae). 1st Ed. Pensoft Publishers, Sofia, Bulgaria.","fhqXNoOkfxgxeumX3nh8hiKzTnt5lZ8Br3PaGAyV7lk=","wYCqaZcA+7slXlj5N/mM6vobrh4QDptp",
"785da875-2e6e-493f-8556-c4f6f738e88d","SCBI_007.basePlot.bet","D02","SCBI","SCBI_007","S","2015-08-04","2015-08-18","2015-08-19","2015-09-25",,"SCBI_007.S.20150818","tckDqTjQv3gI17OVDNAsDsu2vRLEzY90ZdaBLPyGBK4=","invert bycatch",,,,,,,,,,"wYCqaZcA+7slXlj5N/mM6vobrh4QDptp",
"84709499-c236-4bad-971d-13d244ad47f2","SCBI_010.basePlot.bet","D02","SCBI","SCBI_010","S","2015-08-04","2015-08-18","2015-08-19","2015-09-25",,"SCBI_010.S.20150818","6yi0mRc5GELPUkyfBbk+sPeb8o9SvPo4TMvJO9HPsAg=","invert bycatch",,,,,,,,,,"wYCqaZcA+7slXlj5N/mM6vobrh4QDptp",
"329fe47c-6d5c-4321-aefb-e4ac7c546754","SCBI_012.basePlot.bet","D02","SCBI","SCBI_012","S","2015-08-04","2015-08-18","2015-08-19","2015-09-25",,"SCBI_012.S.20150818","XK58HfsRWvedDZEDg+fyn0ab6fuotyE1aMFUNQ3zxjQ=","invert bycatch",,,,,,,,,,"wYCqaZcA+7slXlj5N/mM6vobrh4QDptp",
"617b27ec-f1d7-4693-9c48-da44bd45de11","SCBI_010.basePlot.bet","D02","SCBI","SCBI_010","S","2015-08-04","2015-08-18","2015-08-19","2015-09-25",,"SCBI_010.S.20150818","6yi0mRc5GELPUkyfBbk+sPeb8o9SvPo4f8mRafXQDTo=","invert bycatch",,,,,,,,,,"wYCqaZcA+7slXlj5N/mM6vobrh4QDptp",
"9906a8d5-30de-4087-b6f9-0e9a7c068cf1","SCBI_012.basePlot.bet","D02","SCBI","SCBI_012","S","2015-08-04","2015-08-18","2015-08-19","2015-09-25",,"SCBI_012.S.20150818","XK58HfsRWvedDZEDg+fyn0ab6fuotyE1gIntnTYejUk=","invert bycatch",,,,,,,,,,"wYCqaZcA+7slXlj5N/mM6vobrh4QDptp",
"ef60f518-26b0-4dca-9727-3427de29eb9f","SCBI_006.basePlot.bet","D02","SCBI","SCBI_006","S","2015-08-04","2015-08-18","2015-08-19","2015-09-25",,"SCBI_006.S.20150818","2wNT0Wyw285o/iZAEWrRkbGdDEVjwW6E8Oe0fh8kDUE=","invert bycatch",,,,,,,,,,"wYCqaZcA+7slXlj5N/mM6vobrh4QDptp",
"71f7bb40-9030-4380-86bf-ab8d80aaac82","SCBI_012.basePlot.bet","D02","SCBI","SCBI_012","S","2015-08-04","2015-08-18","2015-08-19","2015-09-25","2015-09-25","SCBI_012.S.20150818","XK58HfsRWvedDZEDg+fynxZ4kQsW99X3tt2eagE2j7c=","carabid","SCASUB2","Scarites subterraneus","species",,"Fabricius",,1,"Other","wYCqaZcA+7slXlj5N/mM6vobrh4QDptp","wYCqaZcA+7slXlj5N/mM6vobrh4QDptp",
"78ef6c7f-0f6d-4551-ae02-34dc48b2f5d9","SCBI_002.basePlot.bet","D02","SCBI","SCBI_002","S","2015-08-04","2015-08-18","2015-08-19","2015-09-28","2015-09-28","SCBI_002.S.20150818","NTl2q/XFbjz8wrlUsng59tmMF3o3TdBb4hUPRTfAWPw=","carabid","CHLEMA","Chlaenius emarginatus","species",,"Say",,1,"Ciegler, J. C. 2000. Ground beetles and wrinkled bark beetles of South Carolina (Coleoptera: Geadephaga: Carabidae and Rhysodidae). Biota of South Carolina. Vol. 1. Clemson, S. Clemson University.","fhqXNoOkfxgxeumX3nh8hiKzTnt5lZ8Br3PaGAyV7lk=","wYCqaZcA+7slXlj5N/mM6vobrh4QDptp",
"9498e95e-75c2-4a37-b777-7726d835bf25","SCBI_002.basePlot.bet","D02","SCBI","SCBI_002","S","2015-08-04","2015-08-18","2015-08-19","2015-09-28",,"SCBI_002.S.20150818","NTl2q/XFbjz8wrlUsng59vuIKVfvn/sRwXxOw/n+0e8=","invert bycatch",,,,,,,,,,"wYCqaZcA+7slXlj5N/mM6vobrh4QDptp",
"5be7fdab-cfd6-4935-a2e5-b795e386c838","SCBI_003.basePlot.bet","D02","SCBI","SCBI_003","S","2015-08-04","2015-08-18","2015-08-19","2015-09-25",,"SCBI_003.S.20150818","YQnsugPXdU3C6y/600l7ZlcsH4wcJXqUia5ox3rEsQQ=","invert bycatch",,,,,,,,,,"wYCqaZcA+7slXlj5N/mM6vobrh4QDptp",
"77496e2a-3c32-405f-90c7-61c85b1dbda1","SCBI_033.basePlot.bet","D02","SCBI","SCBI_033","S","2015-08-04","2015-08-18","2015-08-19","2015-09-28","2015-09-28","SCBI_033.S.20150818","4ZBK4Rjlf9k4xybhcO8HB+UtaGw8H+wvMSkBhzem52w=","carabid","CHLAES","Chlaenius aestivus","species",,"Say",,1,"Ciegler, J. C. 2000. Ground beetles and wrinkled bark beetles of South Carolina (Coleoptera: Geadephaga: Carabidae and Rhysodidae). Biota of South Carolina. Vol. 1. Clemson, S. Clemson University.","wYCqaZcA+7slXlj5N/mM6vobrh4QDptp","wYCqaZcA+7slXlj5N/mM6vobrh4QDptp",
"733a0c3a-a433-49c8-95dc-aea66b40e4e9","SCBI_003.basePlot.bet","D02","SCBI","SCBI_003","S","2015-08-04","2015-08-18","2015-08-19","2015-09-25",,"SCBI_003.S.20150818","YQnsugPXdU3C6y/600l7ZlcsH4wcJXqU+S4N4SowZjA=","invert bycatch",,,,,,,,,,"wYCqaZcA+7slXlj5N/mM6vobrh4QDptp",
"ae79f568-c5ad-4a08-b327-3425cc6470fc","SCBI_033.basePlot.bet","D02","SCBI","SCBI_033","S","2015-08-04","2015-08-18","2015-08-19","2015-09-28",,"SCBI_033.S.20150818","4ZBK4Rjlf9k4xybhcO8HB2qbyJY/inHRuCuLT5JzK7o=","invert bycatch",,,,,,,,,,"wYCqaZcA+7slXlj5N/mM6vobrh4QDptp",
"edf251c3-1004-41d2-9613-63e1ac8a1008","SCBI_005.basePlot.bet","D02","SCBI","SCBI_005","S","2015-08-04","2015-08-18","2015-08-19","2015-09-25","2015-09-25","SCBI_005.S.20150818","2MbaqPQFAm4RqvKqMmR5FYwG1F5XtkxAFG/uCyRm2pM=","carabid","CHLEMA","Chlaenius emarginatus","species",,"Say",,1,"Ciegler, J. C. 2000. Ground beetles and wrinkled bark beetles of South Carolina (Coleoptera: Geadephaga: Carabidae and Rhysodidae). Biota of South Carolina. Vol. 1. Clemson, S. Clemson University.","wYCqaZcA+7slXlj5N/mM6vobrh4QDptp","wYCqaZcA+7slXlj5N/mM6vobrh4QDptp",
"06b94f9e-a095-4e1a-9007-3e747dfdf190","SCBI_004.basePlot.bet","D02","SCBI","SCBI_004","S","2015-08-04","2015-08-18","2015-08-19","2015-09-25",,"SCBI_004.S.20150818","ZCodyo9yj614vwZr5YmwzCcUS4VOxCJtGYXoWYWAd+A=","invert bycatch",,,,,,,,,,"wYCqaZcA+7slXlj5N/mM6vobrh4QDptp",
"76ab71a8-9966-4e46-b86f-cc3692da0357","SCBI_005.basePlot.bet","D02","SCBI","SCBI_005","S","2015-08-04","2015-08-18","2015-08-19","2015-09-25",,"SCBI_005.S.20150818","2MbaqPQFAm4RqvKqMmR5FVu73XLRq28DBQM78o3ExRo=","invert bycatch",,,,,,,,,,"wYCqaZcA+7slXlj5N/mM6vobrh4QDptp",
"d8976580-b697-4db8-9397-0e7ca47c6343","SCBI_003.basePlot.bet","D02","SCBI","SCBI_003","S","2015-08-04","2015-08-18","2015-08-19","2015-09-25","2015-09-25","SCBI_003.S.20150818","YQnsugPXdU3C6y/600l7ZvZXEnm7PD6ielzraDfZrs4=","carabid","CYCSIG","Cyclotrachelus sigillatus","species",,"Say",,1,"Freitag, R. 1969. A revision of the species of the genus Evarthrus LeConte. Quaestiones Entomologicae 5:89-212.","wYCqaZcA+7slXlj5N/mM6vobrh4QDptp","wYCqaZcA+7slXlj5N/mM6vobrh4QDptp",
"34cccaad-8dc3-4e8c-8de9-514a2899a97e","SCBI_033.basePlot.bet","D02","SCBI","SCBI_033","W","2015-08-04","2015-08-18","2015-08-19","2015-09-28","2015-09-28","SCBI_033.W.20150818","4ZBK4Rjlf9mfQQkSbewYYAE+mQdlb8XPEF+CEegam90=","carabid","CHLAES","Chlaenius aestivus","species",,"Say",,1,"Ciegler, J. C. 2000. Ground beetles and wrinkled bark beetles of South Carolina (Coleoptera: Geadephaga: Carabidae and Rhysodidae). Biota of South Carolina. Vol. 1. Clemson, S. Clemson University.","wYCqaZcA+7slXlj5N/mM6vobrh4QDptp","wYCqaZcA+7slXlj5N/mM6vobrh4QDptp",
"3a5c3e2f-2066-484f-8145-fddb1a72ea36","SCBI_010.basePlot.bet","D02","SCBI","SCBI_010","W","2015-08-04","2015-08-18","2015-08-19","2015-09-25","2015-09-25","SCBI_010.W.20150818","6yi0mRc5GELmusg3FbtK9hPJVq2nJbdZMbyAgD9fWoA=","carabid","CYCSIG","Cyclotrachelus sigillatus","species",,"Say",,1,"Freitag, R. 1969. A revision of the species of the genus Evarthrus LeConte. Quaestiones Entomologicae 5:89-212.","wYCqaZcA+7slXlj5N/mM6vobrh4QDptp","wYCqaZcA+7slXlj5N/mM6vobrh4QDptp",
"80739898-0b24-48db-bd57-73961882f09c","SCBI_006.basePlot.bet","D02","SCBI","SCBI_006","W","2015-08-04","2015-08-18","2015-08-19","2015-09-25","2015-09-25","SCBI_006.W.20150818","2wNT0Wyw284TokAWI5dUptQWT4Q+8jOV3k3bawyKSc4=","carabid","CHLAES","Chlaenius aestivus","species",,"Say",,1,"Ciegler, J. C. 2000. Ground beetles and wrinkled bark beetles of South Carolina (Coleoptera: Geadephaga: Carabidae and Rhysodidae). Biota of South Carolina. Vol. 1. Clemson, S. Clemson University.","wYCqaZcA+7slXlj5N/mM6vobrh4QDptp","wYCqaZcA+7slXlj5N/mM6vobrh4QDptp",
"13c0dc23-883b-4c84-bcef-23eb0a608078","SCBI_006.basePlot.bet","D02","SCBI","SCBI_006","W","2015-08-04","2015-08-18","2015-08-19","2015-09-25","2015-09-25","SCBI_006.W.20150818","2wNT0Wyw284TokAWI5dUprxZHEFSPAVaS6Agn+GcDYw=","carabid","SCASUB2","Scarites subterraneus","species",,"Fabricius",,2,"Other","wYCqaZcA+7slXlj5N/mM6vobrh4QDptp","wYCqaZcA+7slXlj5N/mM6vobrh4QDptp",
"4454e731-e731-4398-9d64-bbea3f0a323a","SCBI_033.basePlot.bet","D02","SCBI","SCBI_033","W","2015-08-04","2015-08-18","2015-08-19","2015-09-28","2015-09-28","SCBI_033.W.20150818","4ZBK4Rjlf9mfQQkSbewYYO2Ut7AHSS/VdcUgpNOsmTY=","carabid","BEMPED","Bembidion pedicellatum","species",,"LeConte",,1,"Lindroth, C. H. 1969. The ground-beetles (Carabidae, excl. Cicindelinae) of Canada and Alaska, parts 1-6. Opuscula E. Entomoligiska Sallskapet.","wYCqaZcA+7slXlj5N/mM6vobrh4QDptp","wYCqaZcA+7slXlj5N/mM6vobrh4QDptp",
"a1968b57-626a-4098-b455-8207b3aae822","SCBI_010.basePlot.bet","D02","SCBI","SCBI_010","W","2015-08-04","2015-08-18","2015-08-19","2015-09-25","2015-09-25","SCBI_010.W.20150818","6yi0mRc5GELmusg3FbtK9u1nY6iHQAAHJPENqKhcJKY=","carabid","CHLAES","Chlaenius aestivus","species",,"Say",,1,"Ciegler, J. C. 2000. Ground beetles and wrinkled bark beetles of South Carolina (Coleoptera: Geadephaga: Carabidae and Rhysodidae). Biota of South Carolina. Vol. 1. Clemson, S. Clemson University.","wYCqaZcA+7slXlj5N/mM6vobrh4QDptp","wYCqaZcA+7slXlj5N/mM6vobrh4QDptp",
"aaa5363f-605f-4746-a0f7-7d66159296e1","SCBI_010.basePlot.bet","D02","SCBI","SCBI_010","W","2015-08-04","2015-08-18","2015-08-19","2015-09-25","2015-09-25","SCBI_010.W.20150818","6yi0mRc5GELmusg3FbtK9uD/9ZVzQMFHxoH+t0wgh2M=","carabid","HARPRO2","Harpalus providens","species",,"Casey",,1,"Bousquet, Y. 2010b. Illustrated Identification Guide to Adults and Larvae of Northeastern North American Ground Beetles (Coleoptera: Carabidae). 1st Ed. Pensoft Publishers, Sofia, Bulgaria.","wYCqaZcA+7slXlj5N/mM6vobrh4QDptp","wYCqaZcA+7slXlj5N/mM6vobrh4QDptp",
"92401cfd-0467-423d-9589-9dd4106a756d","SCBI_003.basePlot.bet","D02","SCBI","SCBI_003","W","2015-08-04","2015-08-18","2015-08-19","2015-09-25",,"SCBI_003.W.20150818","YQnsugPXdU17PQzFjF+eJxOK7yxxJXmCp2Vhj6Oof5k=","invert bycatch",,,,,,,,,,"wYCqaZcA+7slXlj5N/mM6vobrh4QDptp",
"bea063be-408c-4050-ba7a-ee1e9f490dc1","SCBI_005.basePlot.bet","D02","SCBI","SCBI_005","W","2015-08-04","2015-08-18","2015-08-19","2015-09-25",,"SCBI_005.W.20150818","2MbaqPQFAm6XpqAZWGjMGFqMtkLsMUZWU90a/ReEp04=","invert bycatch",,,,,,,,,,"wYCqaZcA+7slXlj5N/mM6vobrh4QDptp",
"411e5c31-a6a7-4bde-ba31-531ad3ca77f6","SCBI_033.basePlot.bet","D02","SCBI","SCBI_033","W","2015-08-04","2015-08-18","2015-08-19","2015-09-28","2015-09-28","SCBI_033.W.20150818","4ZBK4Rjlf9mfQQkSbewYYOPn9p8fOsxZfDwmVp9eQJQ=","carabid","POELUC","Poecilus lucublandus","species",,"Say",,1,"Ciegler, J. C. 2000. Ground beetles and wrinkled bark beetles of South Carolina (Coleoptera: Geadephaga: Carabidae and Rhysodidae). Biota of South Carolina. Vol. 1. Clemson, S. Clemson University.","wYCqaZcA+7slXlj5N/mM6vobrh4QDptp","wYCqaZcA+7slXlj5N/mM6vobrh4QDptp",
"0008d93e-5370-4984-ac92-41c79b53ec71","SCBI_033.basePlot.bet","D02","SCBI","SCBI_033","W","2015-08-04","2015-08-18","2015-08-19","2015-09-28",,"SCBI_033.W.20150818","4ZBK4Rjlf9mfQQkSbewYYHCLDLYaTMvgyzgT4+fDZ/g=","invert bycatch",,,,,,,,,,"wYCqaZcA+7slXlj5N/mM6vobrh4QDptp",
"cc6fe642-bfe3-4c60-8df8-77164c48c1d2","SCBI_003.basePlot.bet","D02","SCBI","SCBI_003","W","2015-08-04","2015-08-18","2015-08-19","2015-09-25",,"SCBI_003.W.20150818","YQnsugPXdU17PQzFjF+eJxOK7yxxJXmCHoO0UNvauVU=","invert bycatch",,,,,,,,,,"wYCqaZcA+7slXlj5N/mM6vobrh4QDptp",
"42c90c12-0ed8-44e5-8a5c-3574c36ee73c","SCBI_010.basePlot.bet","D02","SCBI","SCBI_010","W","2015-08-04","2015-08-18","2015-08-19","2015-09-25",,"SCBI_010.W.20150818","6yi0mRc5GELmusg3FbtK9jTTbDDFeYNgXiczYUeHYTg=","invert bycatch",,,,,,,,,,"wYCqaZcA+7slXlj5N/mM6vobrh4QDptp",
"9105864b-5ba5-41f6-8617-5ac84db11129","SCBI_006.basePlot.bet","D02","SCBI","SCBI_006","W","2015-08-04","2015-08-18","2015-08-19","2015-09-25",,"SCBI_006.W.20150818","2wNT0Wyw284TokAWI5dUps3zkkDnbPE7XXuXkz7aDWE=","invert bycatch",,,,,,,,,,"wYCqaZcA+7slXlj5N/mM6vobrh4QDptp",
"bbd4a32d-0dd8-444d-a96c-ec63d84f9b22","SCBI_008.basePlot.bet","D02","SCBI","SCBI_008","W","2015-08-04","2015-08-18","2015-08-19","2015-09-25",,"SCBI_008.W.20150818","BDl2KAs5Zr0HLetRs8EVQdAy2E+9JSf6mrDPXG6Zs6A=","invert bycatch",,,,,,,,,,"wYCqaZcA+7slXlj5N/mM6vobrh4QDptp",
"998aa304-d274-44a3-af94-39af4a0db509","SCBI_008.basePlot.bet","D02","SCBI","SCBI_008","W","2015-08-04","2015-08-18","2015-08-19","2015-09-25",,"SCBI_008.W.20150818","BDl2KAs5Zr0HLetRs8EVQdAy2E+9JSf6MGoXsmcwrh8=","invert bycatch",,,,,,,,,,"wYCqaZcA+7slXlj5N/mM6vobrh4QDptp",
"3408d07c-f4b8-4a70-b370-a442ac5e7738","SCBI_012.basePlot.bet","D02","SCBI","SCBI_012","W","2015-08-04","2015-08-18","2015-08-19","2015-09-25",,"SCBI_012.W.20150818","XK58HfsRWvfaFiRkL4Z83dxqTa38qqIaRkXyO/Po/q4=","invert bycatch",,,,,,,,,,"wYCqaZcA+7slXlj5N/mM6vobrh4QDptp",
"e579ed1d-00e7-4017-a64a-e5b980aebbf8","SCBI_002.basePlot.bet","D02","SCBI","SCBI_002","W","2015-08-04","2015-08-18","2015-08-19","2015-09-28",,"SCBI_002.W.20150818","NTl2q/XFbjyrgqkI6IqNApFvvr41yBQvxdqUV/cY9oI=","invert bycatch",,,,,,,,,,"wYCqaZcA+7slXlj5N/mM6vobrh4QDptp",
"291975ac-41a3-4bba-aa14-d340cf5a161b","SCBI_002.basePlot.bet","D02","SCBI","SCBI_002","W","2015-08-04","2015-08-18","2015-08-19","2015-09-28","2015-09-28","SCBI_002.W.20150818","NTl2q/XFbjyrgqkI6IqNAntjWBNwcEivz6/naORzJ8Y=","carabid","PTECOR1","Pterostichus coracinus","species",,"Newman",,1,"Bousquet, Y. 2010b. Illustrated Identification Guide to Adults and Larvae of Northeastern North American Ground Beetles (Coleoptera: Carabidae). 1st Ed. Pensoft Publishers, Sofia, Bulgaria.","fhqXNoOkfxgxeumX3nh8hiKzTnt5lZ8Br3PaGAyV7lk=","wYCqaZcA+7slXlj5N/mM6vobrh4QDptp",
"9da0ccb7-0c53-4f05-bff6-323fce3192c9","SCBI_012.basePlot.bet","D02","SCBI","SCBI_012","W","2015-08-04","2015-08-18","2015-08-19","2015-09-25",,"SCBI_012.W.20150818","XK58HfsRWvfaFiRkL4Z83dxqTa38qqIaOyJceJxlzAU=","invert bycatch",,,,,,,,,,"wYCqaZcA+7slXlj5N/mM6vobrh4QDptp",
"60a86d79-1577-48db-a17e-27e8fd03a72c","SCBI_010.basePlot.bet","D02","SCBI","SCBI_010","W","2015-08-04","2015-08-18","2015-08-19","2015-09-25",,"SCBI_010.W.20150818","6yi0mRc5GELmusg3FbtK9jTTbDDFeYNgBQw3qsjMP6s=","invert bycatch",,,,,,,,,,"wYCqaZcA+7slXlj5N/mM6vobrh4QDptp",
"1c345abc-2913-443e-a279-27b70a318d2a","SCBI_004.basePlot.bet","D02","SCBI","SCBI_004","W","2015-08-04","2015-08-18","2015-08-19","2015-09-25",,"SCBI_004.W.20150818","ZCodyo9yj61wzkxAmSeyxh1EAwTBf7ILkgApyIskpio=","invert bycatch",,,,,,,,,,"wYCqaZcA+7slXlj5N/mM6vobrh4QDptp",
