uid,namedLocation,domainID,siteID,plotID,setDate,collectDate,processingDate,subsampleIDList,archiveVialID,scientificName,recordedBy,remarks
"08a34645-b833-4157-91a7-ca4af0b55fd8","OSBS_003.basePlot.bet","D03","OSBS","OSBS_003","2015-05-28","2015-06-11","2015-08-03","6IhldZNozXNXk42c0SZ1rgI5P6eDfyWXv2UxgG6hh+93APnoilZ9v96lTzRvpipjjgnNK91xtPZpXEt7JitRCSnRLgd8BCGdJtEHX7FIgdoiCgBPeBn3cwOtVgdO7+jCStbFSNY/6I0=","6IhldZNozXM+vDaPCmEE1Kq8vwTBUfS1",,,
"19253457-5d34-424f-ac1e-e14cbc38bf1a","OSBS_002.basePlot.bet","D03","OSBS","OSBS_002","2015-05-28","2015-06-11","2015-08-03","eBaJt3JMmOMVj6jlXmXMIkmJcJfC6pyqNHNGBNnq2tByRk/VASUZE7FkHjZu+1eqm9ManK6+KH4WbXkA3Ah5qc/4Q4tVV2Z2OcSE26RMBFQVLkC6GXj//p7dqn+fSATq4dEJIcigxZ4=","eBaJt3JMmOOynY+WOA9abBJx7OUczI0t",,,
"ad3f7d72-c11d-4a85-a95e-7ba7f2cbef2f","OSBS_005.basePlot.bet","D03","OSBS","OSBS_005","2015-05-28","2015-06-11","2015-08-07","Ic3+d2cIO5NGAosW7q3g3a4qIGNsjeKsRsLkLrELyKPa7C55MNC/nke1cvkJkbJOobZuOEhgu3r+rydbw3cwZxHb2jyGQ5eKQl0vhKjRVzz8qJHLH4P8GPmo1IAmggGE0wDJOp8QARQ=","Ic3+d2cIO5OewYIyyBc6/NZkDBuRuMaR",,,
"c94eb430-9ae7-4561-b629-e5c13a45ce31","OSBS_007.basePlot.bet","D03","OSBS","OSBS_007","2015-05-28","2015-06-11","2015-08-03","GG9Q6Sepi5k939QK3L8AMl8vgSGl7+T1jdg2dFnKgnqflWU3x+hg+WcVUMvdT8NxvMkKqkyYoVilMYJ5EZ/c1211IDGcmSzr2yIySBokpr2w7zLkSghvdEPEsc5dPskgAxLuZ4HSPxw=","GG9Q6Sepi5kUHrGwGx6WH8mRnfPc2mU1",,,
"fbdc47f5-ff03-4a0f-b732-0715c30dd36a","OSBS_001.basePlot.bet","D03","OSBS","OSBS_001","2015-05-28","2015-06-11","2015-06-24","tAZPllg5btSZ98NmxEE3IKwRSvNfhwYfwbisOuvb/l2GKOmVyfX3Td7Nv2ahT8Xa7uZO2/B02aFH/10SJlwCezh+tBDhV41r5JAKnk3fMpiAJB+KxnlOX8a/RkMlV4l0p97GpD4jrm0=","tAZPllg5btTZ9gR4wMt6P/qxOAIvkoes",,,
"58301243-ab70-4e04-a9e4-48ce4b0f1f4b","OSBS_006.basePlot.bet","D03","OSBS","OSBS_006","2015-05-28","2015-06-11","2015-07-02","s+mA6/5XhU6KA8LOGUe3Fvbdk6yvcTDUqd2mRAitAPaP/uJBZLAaieKx98EitFVScXRCYor2LZ928Ra6QrGGibVGaWKSbkES7bu+sHWhoLHnFtFb4yC7A0mCSYepBzWPMQeSwjQRSPs=","s+mA6/5XhU7oNRgM1zP2kNiKFqoIsEQr",,,
"7eff6a5a-7bff-422d-a0ef-39dffe4d6353","OSBS_008.basePlot.bet","D03","OSBS","OSBS_008","2015-05-28","2015-06-11","2015-08-17","kDyjQwK8kfqBywhJEF8Y5825NciejhgF8Evp26Vm0i6B9xU1Y//ocDEoz5w1ZPPwU4+m6RlcRtauI+9KQgyti0JaOMFIBBux6p/7bi2SkeffUpy83Bt60N5XxxizDVf446mt/DTz8fs=","kDyjQwK8kfr0jhqBPlO8m0wOeuyygiA3",,,
"c3fab447-e5c1-4cae-808d-4d941a67c035","OSBS_022.basePlot.bet","D03","OSBS","OSBS_022","2015-05-28","2015-06-11","2015-09-03","M5jd5p7S+phiTmLQ98tsj6jFK91E6GSgHbzHfjP63KX2sEmGdfOW0giQx/9nQfsvB6nLVxZicQPPvtoGlLmklryvoU+443h/zvjJpXHOGDqNR5HPBV8jV9cpdolk4Qyo3FgqsfLh0k8=","M5jd5p7S+pg3PFQ6FSvtRn/BjfZ0jeN4",,,
"bc5f23e8-aad8-4443-9409-af2115ac267e","OSBS_023.basePlot.bet","D03","OSBS","OSBS_023","2015-05-28","2015-06-11","2015-08-07","9ahRxcnzux7s3YdYtrjVkVxXNx9tucI8P7bx7vDxZof9zqqBK4vBZ3dmnb5DuGCxbl9jFKD6tlcNKOafW/6VcxR4TS3wL++K49Amxg9+kTVQDPanYA8Wfpkn0PGJOsVTvtR6Lkb9Bws=","9ahRxcnzux7oRaQRzMPdb0nJPs9+AQtk",,,
"d7cf18bc-8af5-4447-a240-112c3c3fd771","OSBS_004.basePlot.bet","D03","OSBS","OSBS_004","2015-05-28","2015-06-11","2015-06-24","X148jY8iotihHA7OX0Q/n1Gg0a/s4oRbFAWWFJ8G9+ryMxAG8r7TmvkJ0y77+jahDBZo2scv1CCf1zJ+wOrYQ6evugdsvMvVIEgI37ZyqskzHI1/blq5mBIAHS5I+cb4GGvGsAqB9wM=","X148jY8ioth9C7cPyb9dXIV5l8RDum2R",,,
"1b552ebe-ec06-47ed-bcd5-7f78385f887e","OSBS_003.basePlot.bet","D03","OSBS","OSBS_003","2015-06-11","2015-06-25","2015-07-13","6IhldZNozXMgT4rAre84MbIc4N2gIgVv+Nqt00hpwnWXeItsk1+jwi4vd1bRdH0uChhW+z7xSzbWUxbdqkpBKP5AUZSSkpHtljRqzOltzuw=","6IhldZNozXNwQ3HCr5tml3NLVzSAuAnD",,,
"df22a430-9480-4d0b-90e1-64549b3299f8","OSBS_001.basePlot.bet","D03","OSBS","OSBS_001","2015-06-11","2015-06-25","2015-07-13","tAZPllg5btRxTyRXaTfy+KY9mo03+H+ZfIw9bwd3RZUH/sH2VQhv3TIx8BxXB+VsMDAtr+DTFWDxMWqv1xDMgUO9juLtujqqSLMtl/UpHasptQVVNrRtu7Gq7O4Y9vvQXQlfo29zQTo=","tAZPllg5btQyjEiYdsEU15zLmZpgxrfn",,,
"3424fd88-5efe-47f3-8efb-bd29c4e85723","OSBS_002.basePlot.bet","D03","OSBS","OSBS_002","2015-06-11","2015-06-25","2015-07-09","eBaJt3JMmOMmGSk/WUZCu78Z/Y6bmSZPSFCcOoqRrZRJUR8VblDOVyv4mt1IVcWEdV+I51n1WAG9vluAXo15a4UFURs8ANFlKqStCE9dUdBlsx1RDK/Huc6II+/cgkRAcS2zk9968g0=","eBaJt3JMmONiZffab/qO7lwJtl7cky1+",,,
"2fb0f1f1-8f58-43ec-b7c5-6202e6c7e013","OSBS_005.basePlot.bet","D03","OSBS","OSBS_005","2015-06-11","2015-06-25","2015-07-09","Ic3+d2cIO5MJ0dS+NvmKId1K6sQtv2bA/6U8TQ0LmnenXiUiic4KoGtnaWWQy4HMx+v53QDg19vcl4k9yhV0mT8DYnyUCxz6DuKw+K0fUntlRFWPo2gqQj+n38eQLypGKDDsfdG2qbc=","Ic3+d2cIO5PfSyzuflO15AFdaDLl2IgH",,,
"e52dfd21-6da2-48eb-832d-bb455537579e","OSBS_007.basePlot.bet","D03","OSBS","OSBS_007","2015-06-11","2015-06-25","2015-07-17","GG9Q6Sepi5lNg2EeITVxf3cn/JPjhDgbUxP0DIZD7Y3IrCTEMSVqUuKNoAMaCaVThxlK8FFGJq09pBXAfLO6mxktY5Ntqs9P/o36+HTwzfw=","GG9Q6Sepi5lKNLVDFbmzww6+Q9CpXGO2",,,
"5e2ab1e9-f0f3-4b8a-87e5-1e8bc745c9e9","OSBS_004.basePlot.bet","D03","OSBS","OSBS_004","2015-06-11","2015-06-25","2015-07-17","X148jY8iotihHA7OX0Q/n0W5zgnZs99hdgOF5DoLKSKP58BiWsXGrT9j34fXlSb5Eb1qRj69wjzXyFqdNI9j2LsZX3WjSBHg6N/JHarCV/AUu4W0g55BvYP3pV3zkQ7h4ez0h/mWBBA=","X148jY8iotiapyixLe7G8l3v9GTXlmIF",,,
"50506180-c92c-45eb-97bd-061fe3e90056","OSBS_006.basePlot.bet","D03","OSBS","OSBS_006","2015-06-11","2015-06-25","2015-07-21","s+mA6/5XhU5Uogl60OepkW2/WOxBU6FUGIXqfv0e0Cla2kPnBKeRIvj2d3+DOygT6oi0IEXyvDO9A0I57IrL9jQfpXn0e7U8+mHuKG61yQUSs45saJE7VkUmtO5EAzTnDXWhWvunLxE=","s+mA6/5XhU5GqIoMoXZjEunximJJN5jF",,,
"a8c30eb9-c074-4993-a92b-41dd06e52b46","OSBS_023.basePlot.bet","D03","OSBS","OSBS_023","2015-06-11","2015-06-25","2015-07-02","9ahRxcnzux4Hp2MWHIP1FE0J73sSlTibTI/jddNn2kU9aP3dQbzHAtvAqNjdJ8pKRFZTzzo0p2OVAQMJ0ZRtfs2IJDGOVcA7hAcWFdw8YzQ=","9ahRxcnzux4y+cGcRaZEB8bKhDe0wEhr",,,
"5ee041fd-deb7-4631-92b7-5d7eb33e3ea7","OSBS_008.basePlot.bet","D03","OSBS","OSBS_008","2015-06-11","2015-06-25","2015-07-21","kDyjQwK8kfp43Qe2zbIpNnuNPoplz3sqQORX16L2lzHwiEA9EqgJa+v/kS38vTKoyBsU7WbWoKhTNy1hhCTPzNkzZhDNOKsl9RicR+4R4+5fUWYHuqkKv71V9qd2wh/UVn4Eue963QA=","kDyjQwK8kfqEVJ8y98PnbliDDqFziqFC",,,
"937214d6-9c65-443b-9063-f408fd2c3776","OSBS_022.basePlot.bet","D03","OSBS","OSBS_022","2015-06-11","2015-06-25","2015-07-02","M5jd5p7S+pjNEg+uBu5mthHPhMlLHFpLT86rP39azyYHKk4PZ9G0AWg0Z5Td3UzF0+TmU5DJ/diHEt2MlYB2q+LvvzA/Hq1yR9kdvYyx6JbKduLJUht4cQhA0zw4GG0iqXq6kYbJNM8=","M5jd5p7S+pjMdKWEGIcAzgxVT1PBsvw0",,,
