uid,namedLocation,domainID,siteID,plotID,trapID,setDate,collectDate,processingDate,etOHChangeDate,identifiedDate,sampleID,subsampleID,sampleType,taxonID,scientificName,taxonRank,identificationQualifier,scientificNameAuthorship,morphospeciesID,individualCount,identificationReferences,identifiedBy,recordedBy,remarks
"8d512c5f-1e1f-46a5-ba00-5a38c3cabf6b","OSBS_008.basePlot.bet","D03","OSBS","OSBS_008","E","2015-05-28","2015-06-11","2015-06-11","2015-08-17",,"OSBS_008.E.20150611","kDyjQwK8kfqBywhJEF8Y5825NciejhgFkL6cBqC5kRk=","invert bycatch",,,,,,,,,,"7ZsG8s1cQijU1p7CX6b9FNrZuRO+/rX6",
"b6dcbdb7-f649-4937-ace5-15a021cc310b","OSBS_003.basePlot.bet","D03","OSBS","OSBS_003","W","2015-05-28","2015-06-11","2015-06-11","2015-08-03","2015-08-03","OSBS_003.W.20150611","6IhldZNozXMMyCpJPVWo8aDzznWCh7WRNcgk9GFLwjw=","carabid","CYCFAB","Cyclotrachelus faber","species",,"Germar",,1,"Teaching collection","7ZsG8s1cQijU1p7CX6b9FNrZuRO+/rX6","7ZsG8s1cQijU1p7CX6b9FNrZuRO+/rX6",
"29797a09-dac6-41fb-88e6-dbaa5dceeb50","OSBS_002.basePlot.bet","D03","OSBS","OSBS_002","E","2015-05-28","2015-06-11","2015-06-11","2015-08-03",,"OSBS_002.E.20150611","eBaJt3JMmOMmGSk/WUZCu6Jpzk5sT8Mcv5GX6m1Dr2Q=","invert bycatch",,,,,,,,,,"7ZsG8s1cQijU1p7CX6b9FNrZuRO+/rX6",
"7d4b9d46-b440-4d1d-b80c-e8320ec4567e","OSBS_004.basePlot.bet","D03","OSBS","OSBS_004","E","2015-05-28","2015-06-11","2015-06-11","2015-06-24",,"OSBS_004.E.20150611","X148jY8iotjjiIlzJUxheESc8H7CnBGNAenrOmEd4EY=","invert bycatch",,,,,,,,,,"7ZsG8s1cQijU1p7CX6b9FNrZuRO+/rX6",
"62fd05ee-5d3e-4612-b11e-0e55a6c16fa8","OSBS_006.basePlot.bet","D03","OSBS","OSBS_006","E","2015-05-28","2015-06-11","2015-06-11","2015-07-02",,"OSBS_006.E.20150611","s+mA6/5XhU5Uogl60OepkTsH/8d/3jey7XP8gAPDZwQ=","invert bycatch",,,,,,,,,,"SZd6jJU+PWukgvziuyetpzviWNuM2FzT",
"92039bef-bb44-42e4-9e0e-f61b1f96806c","OSBS_006.basePlot.bet","D03","OSBS","OSBS_006","E","2015-05-28","2015-06-11","2015-06-11","2015-07-02","2015-07-02","OSBS_006.E.20150611","s+mA6/5XhU5Uogl60OepkSb01cvVpQEVyiGnSeHEoAE=","carabid","PASSTR","Pasimachus strenuus","species",,"LeConte",,1,"Teaching collection","SZd6jJU+PWukgvziuyetpzviWNuM2FzT","SZd6jJU+PWukgvziuyetpzviWNuM2FzT",
"adec2bac-42b9-44b0-a470-9c78ae6cf364","OSBS_006.basePlot.bet","D03","OSBS","OSBS_006","N","2015-05-28","2015-06-11","2015-06-11","2015-07-02",,"OSBS_006.N.20150611","s+mA6/5XhU6KA8LOGUe3Fvbdk6yvcTDUqk5cSJP66ps=","invert bycatch",,,,,,,,,,"SZd6jJU+PWukgvziuyetpzviWNuM2FzT",
"0b4bee8d-a757-42e1-82cf-f796aae0180d","OSBS_002.basePlot.bet","D03","OSBS","OSBS_002","N","2015-05-28","2015-06-11","2015-06-11","2015-08-03",,"OSBS_002.N.20150611","eBaJt3JMmOMFDUSbtcsX1yz6NWKkHvjQSawakxZ0YSQ=","invert bycatch",,,,,,,,,,"7ZsG8s1cQijU1p7CX6b9FNrZuRO+/rX6",
"39b430c4-c666-43a6-93cb-b0e71fd86317","OSBS_004.basePlot.bet","D03","OSBS","OSBS_004","N","2015-05-28","2015-06-11","2015-06-11","2015-06-24",,"OSBS_004.N.20150611","X148jY8iothI2QES8WIinCymjN4F/cPBeO3RL+MnPnM=","invert bycatch",,,,,,,,,,"7ZsG8s1cQijU1p7CX6b9FNrZuRO+/rX6",
"13e51884-6c1c-4ccb-93e2-ca07cbaf972a","OSBS_022.basePlot.bet","D03","OSBS","OSBS_022","N","2015-05-28","2015-06-11","2015-06-11","2015-09-03",,"OSBS_022.N.20150611","M5jd5p7S+phiTmLQ98tsj6jFK91E6GSgJ/uW/GA3t9I=","invert bycatch",,,,,,,,,,"F0OBrKFXXmZ8aUzIQU1wSVTXyT0KDtd2",
"a4723b93-b32c-4e79-8585-4f7be3fd9e89","OSBS_007.basePlot.bet","D03","OSBS","OSBS_007","N","2015-05-28","2015-06-11","2015-06-11","2015-08-03","2015-08-03","OSBS_007.N.20150611","GG9Q6Sepi5lNg2EeITVxf4qFitgbov0cqMhLH0dArtg=","carabid","PASSTR","Pasimachus strenuus","species",,"LeConte",,1,"Weed, Aaron. Preliminary key to the Pasimachus (Coleoptera: Carabidae: Scaritini) of Florida. http://www.entnemdept.ufl.edu/choate/pasimachus_florida.pdf","7ZsG8s1cQijU1p7CX6b9FNrZuRO+/rX6","7ZsG8s1cQijU1p7CX6b9FNrZuRO+/rX6",
"b273c76a-f1b2-4436-86b7-0f7f81c97ff0","OSBS_007.basePlot.bet","D03","OSBS","OSBS_007","N","2015-05-28","2015-06-11","2015-06-11","2015-08-03","2015-08-03","OSBS_007.N.20150611","GG9Q6Sepi5lNg2EeITVxf4qFitgbov0cyQCqb9aqVAo=","carabid","PASSUB2","Pasimachus subsulcatus","species",,"Say",,1,"Weed, Aaron. Preliminary key to the Pasimachus (Coleoptera: Carabidae: Scaritini) of Florida. http://www.entnemdept.ufl.edu/choate/pasimachus_florida.pdf","7ZsG8s1cQijU1p7CX6b9FNrZuRO+/rX6","7ZsG8s1cQijU1p7CX6b9FNrZuRO+/rX6",
"786734da-0f99-4287-a36b-5457477d6fb7","OSBS_008.basePlot.bet","D03","OSBS","OSBS_008","N","2015-05-28","2015-06-11","2015-06-11","2015-08-17",,"OSBS_008.N.20150611","kDyjQwK8kfpkTid+xVoM4qDxMV1gJWa5qkfHHwsOqwo=","invert bycatch",,,,,,,,,,"7ZsG8s1cQijU1p7CX6b9FNrZuRO+/rX6",
"187c3c31-b4ef-4d54-a4a9-32dc74ea8e11","OSBS_022.basePlot.bet","D03","OSBS","OSBS_022","N","2015-05-28","2015-06-11","2015-06-11","2015-09-03","2015-11-02","OSBS_022.N.20150611","M5jd5p7S+phiTmLQ98tsj8x/gbF3VlYXY7uObkX4h3Y=","carabid","PASMAR","Pasimachus marginatus","species",,"Fabricius",,4,"Teaching collection","JdN6ZmAx7oWFIyzymv+BnRh9VwthDgp6K22EnIME4dI=","F0OBrKFXXmZ8aUzIQU1wSVTXyT0KDtd2",
"2b4f585c-c660-4f7a-ab90-1b5a5340c43e","OSBS_005.basePlot.bet","D03","OSBS","OSBS_005","N","2015-05-28","2015-06-11","2015-06-11","2015-08-07","2015-08-07","OSBS_005.N.20150611","Ic3+d2cIO5MVELK0zbPENq+gtherdPzBb2PuVAhqT9g=","carabid","PASSUB2","Pasimachus subsulcatus","species",,"Say",,1,"Weed, Aaron. Preliminary key to the Pasimachus (Coleoptera: Carabidae: Scaritini) of Florida. http://www.entnemdept.ufl.edu/choate/pasimachus_florida.pdf","7ZsG8s1cQijU1p7CX6b9FNrZuRO+/rX6","7ZsG8s1cQijU1p7CX6b9FNrZuRO+/rX6",
"2bd20aeb-3f59-4241-a02b-b0ab7fa0f58e","OSBS_003.basePlot.bet","D03","OSBS","OSBS_003","N","2015-05-28","2015-06-11","2015-06-11","2015-08-03",,"OSBS_003.N.20150611","6IhldZNozXNXk42c0SZ1rgI5P6eDfyWX3uuhPmBcuMA=","invert bycatch",,,,,,,,,,"7ZsG8s1cQijU1p7CX6b9FNrZuRO+/rX6",
"ae4634dc-e940-4184-b125-5e97c58806f9","OSBS_023.basePlot.bet","D03","OSBS","OSBS_023","N","2015-05-28","2015-06-11","2015-06-11","2015-08-07",,"OSBS_023.N.20150611","9ahRxcnzux46ZHeMo+9Gm4pVSr9JrdP2wkVOFTkP7CA=","invert bycatch",,,,,,,,,,"7ZsG8s1cQijU1p7CX6b9FNrZuRO+/rX6",
"ab52b3e7-72ed-46b5-958d-ab120b12d6cd","OSBS_007.basePlot.bet","D03","OSBS","OSBS_007","N","2015-05-28","2015-06-11","2015-06-11","2015-08-03",,"OSBS_007.N.20150611","GG9Q6Sepi5lNg2EeITVxf8GNUchTVneGmavvEUrDYUc=","invert bycatch",,,,,,,,,,"7ZsG8s1cQijU1p7CX6b9FNrZuRO+/rX6",
"33c6d4e6-ee5a-4e9b-b2a3-224ee68b2ef5","OSBS_007.basePlot.bet","D03","OSBS","OSBS_007","N","2015-05-28","2015-06-11","2015-06-11","2015-08-03","2015-08-03","OSBS_007.N.20150611","GG9Q6Sepi5lNg2EeITVxfxdX/W0QFNnTZV0FOWbKn2E=","carabid","DICALT","Dicaelus alternans","species",,"Dejean",,1,"Teaching collection","7ZsG8s1cQijU1p7CX6b9FNrZuRO+/rX6","7ZsG8s1cQijU1p7CX6b9FNrZuRO+/rX6",
"0235ba4e-7950-482d-9a97-0297dc1d08ae","OSBS_005.basePlot.bet","D03","OSBS","OSBS_005","N","2015-05-28","2015-06-11","2015-06-11","2015-08-07",,"OSBS_005.N.20150611","Ic3+d2cIO5MVELK0zbPENthc1Fln6ANjSZBjhxHaWmc=","invert bycatch",,,,,,,,,,"7ZsG8s1cQijU1p7CX6b9FNrZuRO+/rX6",
"14a69c82-6fa0-451c-83df-fd54379c0fab","OSBS_003.basePlot.bet","D03","OSBS","OSBS_003","N","2015-05-28","2015-06-11","2015-06-11","2015-08-03","2015-08-04","OSBS_003.N.20150611","6IhldZNozXNXk42c0SZ1rl5C3rjMrOSZLaQF15kpSrY=","carabid","PASSTR","Pasimachus strenuus","species",,"LeConte",,2,"Weed, Aaron. Preliminary key to the Pasimachus (Coleoptera: Carabidae: Scaritini) of Florida. http://www.entnemdept.ufl.edu/choate/pasimachus_florida.pdf","7ZsG8s1cQijU1p7CX6b9FNrZuRO+/rX6","7ZsG8s1cQijU1p7CX6b9FNrZuRO+/rX6","north and east trap pooled"
"4aef423a-d96b-4622-8491-5782c5812cf0","OSBS_001.basePlot.bet","D03","OSBS","OSBS_001","N","2015-05-28","2015-06-11","2015-06-11","2015-06-24",,"OSBS_001.N.20150611","tAZPllg5btS8VemDAC7x90acaHKXlJ6i7+vUsgoYJa4=","invert bycatch",,,,,,,,,,"7ZsG8s1cQijU1p7CX6b9FNrZuRO+/rX6",
"32d4873e-4328-484b-99fc-f76fbf87421f","OSBS_003.basePlot.bet","D03","OSBS","OSBS_003","S","2015-05-28","2015-06-11","2015-06-11","2015-08-03",,"OSBS_003.S.20150611","6IhldZNozXMgT4rAre84MVCFdyAwFzSDF40zhVkr6og=","invert bycatch",,,,,,,,,,"7ZsG8s1cQijU1p7CX6b9FNrZuRO+/rX6",
"65505433-0cfe-4df6-a81b-2601022927b3","OSBS_005.basePlot.bet","D03","OSBS","OSBS_005","S","2015-05-28","2015-06-11","2015-06-11","2015-08-07",,"OSBS_005.S.20150611","Ic3+d2cIO5NGAosW7q3g3a4qIGNsjeKssFsitubqXjA=","invert bycatch",,,,,,,,,,"7ZsG8s1cQijU1p7CX6b9FNrZuRO+/rX6",
"f5c0783d-e7b0-4c96-bd0e-0b6cd78d4375","OSBS_001.basePlot.bet","D03","OSBS","OSBS_001","S","2015-05-28","2015-06-11","2015-06-11","2015-06-24",,"OSBS_001.S.20150611","tAZPllg5btSYjqQKos6CWBlqGj9nyBWvsXLRwvQnb2w=","invert bycatch",,,,,,,,,,"7ZsG8s1cQijU1p7CX6b9FNrZuRO+/rX6",
"bc2acf66-5ae6-4c89-95a5-7b719914bdc0","OSBS_023.basePlot.bet","D03","OSBS","OSBS_023","S","2015-05-28","2015-06-11","2015-06-11","2015-08-07",,"OSBS_023.S.20150611","9ahRxcnzux4Hp2MWHIP1FNn3ELwZhd75ca/V20sBiX4=","invert bycatch",,,,,,,,,,"7ZsG8s1cQijU1p7CX6b9FNrZuRO+/rX6",
"f422145f-bff2-4d04-84c3-ee28c2b1c886","OSBS_007.basePlot.bet","D03","OSBS","OSBS_007","S","2015-05-28","2015-06-11","2015-06-11","2015-08-03",,"OSBS_007.S.20150611","GG9Q6Sepi5nKQe66OEp9+iBh3P+NcLhd7rz6Xd78LAk=","invert bycatch",,,,,,,,,,"7ZsG8s1cQijU1p7CX6b9FNrZuRO+/rX6",
"2114d891-2461-4dc7-839c-734059c379e1","OSBS_007.basePlot.bet","D03","OSBS","OSBS_007","S","2015-05-28","2015-06-11","2015-06-11","2015-08-03","2015-08-03","OSBS_007.S.20150611","GG9Q6Sepi5nKQe66OEp9+q0IZQlY92a0lFOcklukSYA=","carabid","PASSUB2","Pasimachus subsulcatus","species",,"Say",,1,"Weed, Aaron. Preliminary key to the Pasimachus (Coleoptera: Carabidae: Scaritini) of Florida. http://www.entnemdept.ufl.edu/choate/pasimachus_florida.pdf","7ZsG8s1cQijU1p7CX6b9FNrZuRO+/rX6","7ZsG8s1cQijU1p7CX6b9FNrZuRO+/rX6",
"38818a86-b3a3-4e81-8f1a-404d3c4c08cb","OSBS_008.basePlot.bet","D03","OSBS","OSBS_008","S","2015-05-28","2015-06-11","2015-06-11","2015-08-17",,"OSBS_008.S.20150611","kDyjQwK8kfp43Qe2zbIpNqebRBJ8VkOazJRPOWueOcs=","invert bycatch",,,,,,,,,,"7ZsG8s1cQijU1p7CX6b9FNrZuRO+/rX6",
"f2d9d651-634f-47fd-81d5-145056e85b42","OSBS_022.basePlot.bet","D03","OSBS","OSBS_022","S","2015-05-28","2015-06-11","2015-06-11","2015-09-03",,"OSBS_022.S.20150611","M5jd5p7S+pjknMSstlCcs/ert6XyLBx6xx8zruZVKJI=","invert bycatch",,,,,,,,,,"F0OBrKFXXmZ8aUzIQU1wSVTXyT0KDtd2",
"713e1632-d352-45d2-8a79-6280a18d0ffe","OSBS_022.basePlot.bet","D03","OSBS","OSBS_022","S","2015-05-28","2015-06-11","2015-06-11","2015-09-03","2015-11-02","OSBS_022.S.20150611","M5jd5p7S+pjknMSstlCcs02qAilduo8c2abNpChA/Yc=","carabid","PASMAR","Pasimachus marginatus","species",,"Fabricius",,2,"Teaching collection","JdN6ZmAx7oWFIyzymv+BnRh9VwthDgp6K22EnIME4dI=","F0OBrKFXXmZ8aUzIQU1wSVTXyT0KDtd2",
"65682156-75c6-4de3-bc76-e65ffb318fbc","OSBS_022.basePlot.bet","D03","OSBS","OSBS_022","S","2015-05-28","2015-06-11","2015-06-11","2015-09-03","2015-11-02","OSBS_022.S.20150611","M5jd5p7S+pjknMSstlCcs8CzV5FKd5VOQs6JIXXE5+o=","carabid","SELOPA","Selenophorus opalinus","species",,"LeConte",,1,"Teaching collection","JdN6ZmAx7oWFIyzymv+BnRh9VwthDgp6K22EnIME4dI=","F0OBrKFXXmZ8aUzIQU1wSVTXyT0KDtd2",
"39b82292-e67e-45ec-8345-ace0a444a178","OSBS_004.basePlot.bet","D03","OSBS","OSBS_004","S","2015-05-28","2015-06-11","2015-06-11","2015-06-24",,"OSBS_004.S.20150611","X148jY8iotihHA7OX0Q/n1Gg0a/s4oRbZldWclkGROA=","invert bycatch",,,,,,,,,,"7ZsG8s1cQijU1p7CX6b9FNrZuRO+/rX6",
"d98135ee-82e1-4f35-a93a-bc0eee0d5233","OSBS_002.basePlot.bet","D03","OSBS","OSBS_002","S","2015-05-28","2015-06-11","2015-06-11","2015-08-03","2015-08-03","OSBS_002.S.20150611","eBaJt3JMmOMVj6jlXmXMImfWZ0WnwjR+VWqZmAes1fQ=","carabid","PASSUB2","Pasimachus subsulcatus","species",,"Say",,1,"Weed, Aaron. Preliminary key to the Pasimachus (Coleoptera: Carabidae: Scaritini) of Florida. http://www.entnemdept.ufl.edu/choate/pasimachus_florida.pdf","7ZsG8s1cQijU1p7CX6b9FNrZuRO+/rX6","7ZsG8s1cQijU1p7CX6b9FNrZuRO+/rX6",
"9e0affe0-f95a-42d3-bfef-3b6773951256","OSBS_002.basePlot.bet","D03","OSBS","OSBS_002","S","2015-05-28","2015-06-11","2015-06-11","2015-08-03",,"OSBS_002.S.20150611","eBaJt3JMmOMVj6jlXmXMIkmJcJfC6pyqNTlneTq4J2Y=","invert bycatch",,,,,,,,,,"7ZsG8s1cQijU1p7CX6b9FNrZuRO+/rX6",
"c67c0ce8-968b-4242-9d09-899f50a0b6e8","OSBS_006.basePlot.bet","D03","OSBS","OSBS_006","S","2015-05-28","2015-06-11","2015-06-11","2015-07-02",,"OSBS_006.S.20150611","s+mA6/5XhU42j25wHKqLdGTWK70f6ygOTa2kTvk5av8=","invert bycatch",,,,,,,,,,"SZd6jJU+PWukgvziuyetpzviWNuM2FzT",
"943cc288-6471-48e9-af89-82a703d873f6","OSBS_022.basePlot.bet","D03","OSBS","OSBS_022","W","2015-05-28","2015-06-11","2015-06-11","2015-09-03","2015-11-02","OSBS_022.W.20150611","M5jd5p7S+phy1bqWA/7StjGBbMYjLE7a9XWtCeDipU0=","carabid","PASMAR","Pasimachus marginatus","species",,"Fabricius",,2,"Teaching collection","JdN6ZmAx7oWFIyzymv+BnRh9VwthDgp6K22EnIME4dI=","F0OBrKFXXmZ8aUzIQU1wSVTXyT0KDtd2",
"14f7408b-de4c-491b-a19c-0656c692894b","OSBS_005.basePlot.bet","D03","OSBS","OSBS_005","W","2015-05-28","2015-06-11","2015-06-11","2015-08-07",,"OSBS_005.W.20150611","Ic3+d2cIO5MJ0dS+NvmKIe33qASAzlppeyr/arC/Nbw=","invert bycatch",,,,,,,,,,"7ZsG8s1cQijU1p7CX6b9FNrZuRO+/rX6",
"0f538ce0-15ce-4809-95e5-e28256ce24fa","OSBS_023.basePlot.bet","D03","OSBS","OSBS_023","W","2015-05-28","2015-06-11","2015-06-11","2015-08-07",,"OSBS_023.W.20150611","9ahRxcnzux7bpb2Ec3x3izDEb8r9ZBSBNPbzfbPYrNQ=","invert bycatch",,,,,,,,,,"7ZsG8s1cQijU1p7CX6b9FNrZuRO+/rX6",
"fea7c2c2-ff31-4789-81f8-56e9201d4bc7","OSBS_005.basePlot.bet","D03","OSBS","OSBS_005","W","2015-05-28","2015-06-11","2015-06-11","2015-08-07","2015-11-01","OSBS_005.W.20150611","Ic3+d2cIO5MJ0dS+NvmKIdrlFHYO3m3HWvaFY/m5NTc=","carabid","HARSP7","Harpalus sp.","genus","cf. species","Latreille",,1,"Teaching collection","7ZsG8s1cQijU1p7CX6b9FNrZuRO+/rX6","7ZsG8s1cQijU1p7CX6b9FNrZuRO+/rX6",
"91f75c24-c708-49b8-af81-06a48e3af839","OSBS_022.basePlot.bet","D03","OSBS","OSBS_022","W","2015-05-28","2015-06-11","2015-06-11","2015-09-03",,"OSBS_022.W.20150611","M5jd5p7S+phy1bqWA/7Stgt75737Ms+d3IIEf3aQ6NQ=","invert bycatch",,,,,,,,,,"F0OBrKFXXmZ8aUzIQU1wSVTXyT0KDtd2",
"12eed24a-9dc2-433e-bbb9-578533a3503d","OSBS_004.basePlot.bet","D03","OSBS","OSBS_004","W","2015-05-28","2015-06-11","2015-06-11","2015-06-24",,"OSBS_004.W.20150611","X148jY8ioti3U7g7drZeHZLFQFPjwUHu+p7paP9GItE=","invert bycatch",,,,,,,,,,"7ZsG8s1cQijU1p7CX6b9FNrZuRO+/rX6",
"a445f284-66dd-4b31-8d6b-b938b09d5e53","OSBS_002.basePlot.bet","D03","OSBS","OSBS_002","W","2015-05-28","2015-06-11","2015-06-11","2015-08-03",,"OSBS_002.W.20150611","eBaJt3JMmON2Wv5M5EvFnAlKX2nTrdhOes/dguAQs3Y=","invert bycatch",,,,,,,,,,"7ZsG8s1cQijU1p7CX6b9FNrZuRO+/rX6",
"89ba8681-21b2-4fc3-b36d-748814600e58","OSBS_006.basePlot.bet","D03","OSBS","OSBS_006","W","2015-05-28","2015-06-11","2015-06-11","2015-07-02",,"OSBS_006.W.20150611","s+mA6/5XhU5dWVKiKmIbAuZnYxfGm7D7YqiO4JPApJk=","invert bycatch",,,,,,,,,,"SZd6jJU+PWukgvziuyetpzviWNuM2FzT",
"d07868f1-ec32-4d86-aba0-11dc1575cb5a","OSBS_001.basePlot.bet","D03","OSBS","OSBS_001","W","2015-05-28","2015-06-11","2015-06-11","2015-06-24",,"OSBS_001.W.20150611","tAZPllg5btSZ98NmxEE3IKwRSvNfhwYfMlmhtKwFEDo=","invert bycatch",,,,,,,,,,"7ZsG8s1cQijU1p7CX6b9FNrZuRO+/rX6",
"4469e458-5b91-4dd6-a9b1-569811c22c9f","OSBS_007.basePlot.bet","D03","OSBS","OSBS_007","W","2015-05-28","2015-06-11","2015-06-11","2015-08-03",,"OSBS_007.W.20150611","GG9Q6Sepi5kdGkQ9815vsIjYpVp28T4wC83vN9InQIA=","invert bycatch",,,,,,,,,,"7ZsG8s1cQijU1p7CX6b9FNrZuRO+/rX6",
"46d8f922-0613-4180-966c-8e6593fce241","OSBS_007.basePlot.bet","D03","OSBS","OSBS_007","W","2015-05-28","2015-06-11","2015-06-11","2015-08-03","2015-08-03","OSBS_007.W.20150611","GG9Q6Sepi5kdGkQ9815vsPRPUwyDe6kKmSr02+GM2VQ=","carabid","CICABD","Cicindela abdominalis","species",,"Fabricius",,8,"Teaching collection","7ZsG8s1cQijU1p7CX6b9FNrZuRO+/rX6","7ZsG8s1cQijU1p7CX6b9FNrZuRO+/rX6",
"8279ee87-96ed-430d-885f-7d7bb791edb6","OSBS_003.basePlot.bet","D03","OSBS","OSBS_003","E","2015-05-28","2015-06-11","2015-06-11","2015-08-03","2015-08-04","OSBS_003.E.20150611","6IhldZNozXOOTou7l0m95KEy5qCtbbf4FMP7yIZwEW4=","carabid","CYCFAB","Cyclotrachelus faber","species",,"Germar",,2,"Teaching collection","7ZsG8s1cQijU1p7CX6b9FNrZuRO+/rX6","7ZsG8s1cQijU1p7CX6b9FNrZuRO+/rX6",
"e9ca5b07-7110-4278-8bdc-5c6164125927","OSBS_003.basePlot.bet","D03","OSBS","OSBS_003","E","2015-05-28","2015-06-11","2015-06-11","2015-08-03","2015-08-04","OSBS_003.E.20150611","6IhldZNozXOOTou7l0m95PHqav7HOstxuUYB7u4DkvM=","carabid","PASSUB2","Pasimachus subsulcatus","species",,"Say",,1,"Weed, Aaron. Preliminary key to the Pasimachus (Coleoptera: Carabidae: Scaritini) of Florida. http://www.entnemdept.ufl.edu/choate/pasimachus_florida.pdf","7ZsG8s1cQijU1p7CX6b9FNrZuRO+/rX6","7ZsG8s1cQijU1p7CX6b9FNrZuRO+/rX6",
"6249d9ef-37c1-4ef2-91c8-c0668b98fd22","OSBS_003.basePlot.bet","D03","OSBS","OSBS_003","E","2015-05-28","2015-06-11","2015-06-11","2015-08-03",,"OSBS_003.E.20150611","6IhldZNozXOOTou7l0m95Iq7gfjh7k/zcWYtyI8gDZg=","invert bycatch",,,,,,,,,,"7ZsG8s1cQijU1p7CX6b9FNrZuRO+/rX6",
"d88f4ec8-ab4a-4f67-bfa6-3ae0d5c3be0f","OSBS_001.basePlot.bet","D03","OSBS","OSBS_001","E","2015-05-28","2015-06-11","2015-06-11","2015-06-24",,"OSBS_001.E.20150611","tAZPllg5btRxTyRXaTfy+OmRZ7A/H0nl+b4aCuG+CO4=","invert bycatch",,,,,,,,,,"7ZsG8s1cQijU1p7CX6b9FNrZuRO+/rX6",
"c68aab55-7e68-4f64-bfe7-b0ef803c8944","OSBS_005.basePlot.bet","D03","OSBS","OSBS_005","E","2015-05-28","2015-06-11","2015-06-11","2015-08-07",,"OSBS_005.E.20150611","Ic3+d2cIO5MztxybLxOhXSzTFhl16KJvwMp+mAAVslo=","invert bycatch",,,,,,,,,,"7ZsG8s1cQijU1p7CX6b9FNrZuRO+/rX6",
"6df4aee9-0418-4ab2-9c8c-23e75ca400c9","OSBS_023.basePlot.bet","D03","OSBS","OSBS_023","E","2015-05-28","2015-06-11","2015-06-11","2015-08-07",,"OSBS_023.E.20150611","9ahRxcnzux7s3YdYtrjVkVxXNx9tucI84n9f2j6+4JI=","invert bycatch",,,,,,,,,,"7ZsG8s1cQijU1p7CX6b9FNrZuRO+/rX6",
"1e25bec3-8196-4aec-8fc1-c5509504de36","OSBS_022.basePlot.bet","D03","OSBS","OSBS_022","E","2015-05-28","2015-06-11","2015-06-11","2015-09-03",,"OSBS_022.E.20150611","M5jd5p7S+pjNEg+uBu5mtrnGrZf62BSjrrM9CSLNx8k=","invert bycatch",,,,,,,,,,"F0OBrKFXXmZ8aUzIQU1wSVTXyT0KDtd2",
"0316208a-96f4-401e-9a07-6feeb5a335a8","OSBS_008.basePlot.bet","D03","OSBS","OSBS_008","W","2015-05-28","2015-06-11","2015-06-11","2015-08-17",,"OSBS_008.W.20150611","kDyjQwK8kfoPn9+e2nv/rg0hFx1Esj0+NKuXz2OukDc=","invert bycatch",,,,,,,,,,"7ZsG8s1cQijU1p7CX6b9FNrZuRO+/rX6",
"4025d4e0-03f8-4983-9364-a6088ef456b6","OSBS_003.basePlot.bet","D03","OSBS","OSBS_003","W","2015-05-28","2015-06-11","2015-06-11","2015-08-03",,"OSBS_003.W.20150611","6IhldZNozXMMyCpJPVWo8RuBbCqk8l7xJdWQ+WQfhFs=","invert bycatch",,,,,,,,,,"7ZsG8s1cQijU1p7CX6b9FNrZuRO+/rX6",
"648409dc-7804-4d22-8715-53bef7e30c06","OSBS_007.basePlot.bet","D03","OSBS","OSBS_007","E","2015-05-28","2015-06-11","2015-06-11","2015-08-03",,"OSBS_007.E.20150611","GG9Q6Sepi5k939QK3L8AMl8vgSGl7+T1gGWOJwGOTok=","invert bycatch",,,,,,,,,,"7ZsG8s1cQijU1p7CX6b9FNrZuRO+/rX6",
"591fdd89-1594-406e-a49a-56658211457c","OSBS_008.basePlot.bet","D03","OSBS","OSBS_008","S","2015-06-11","2015-06-25","2015-06-25","2015-07-21","2015-07-21","OSBS_008.S.20150625","kDyjQwK8kfp43Qe2zbIpNnNh+9rngCt1S19MTLN4bas=","carabid","PASSTR","Pasimachus strenuus","species",,"LeConte",,2,"Weed, Aaron. Preliminary key to the Pasimachus (Coleoptera: Carabidae: Scaritini) of Florida. http://www.entnemdept.ufl.edu/choate/pasimachus_florida.pdf","7ZsG8s1cQijU1p7CX6b9FNrZuRO+/rX6","7ZsG8s1cQijU1p7CX6b9FNrZuRO+/rX6",
"6081a55f-628d-4d6d-b5d7-74ccae1c0355","OSBS_008.basePlot.bet","D03","OSBS","OSBS_008","S","2015-06-11","2015-06-25","2015-06-25","2015-07-21",,"OSBS_008.S.20150625","kDyjQwK8kfp43Qe2zbIpNnuNPoplz3sqNB2mndFA8sI=","invert bycatch",,,,,,,,,,"7ZsG8s1cQijU1p7CX6b9FNrZuRO+/rX6",
"ce6c4075-63a1-440f-a8a8-90276687a8b7","OSBS_006.basePlot.bet","D03","OSBS","OSBS_006","S","2015-06-11","2015-06-25","2015-06-25","2015-07-21",,"OSBS_006.S.20150625","s+mA6/5XhU42j25wHKqLdLztAJVCnL+K2z/tmZb2h7U=","invert bycatch",,,,,,,,,,"JdN6ZmAx7oWFIyzymv+BnRh9VwthDgp6K22EnIME4dI=",
"77f0caf1-a51c-4a6a-ade0-5cf2b3f8332a","OSBS_004.basePlot.bet","D03","OSBS","OSBS_004","W","2015-06-11","2015-06-25","2015-06-25","2015-07-17",,"OSBS_004.W.20150625","X148jY8ioti3U7g7drZeHcND74c0ZKbxq0Q3P/arDsI=","invert bycatch",,,,,,,,,,"CPmp9t5mZhA/Jlt3T5fTH30MkasxefuVXaoVNojxPQo=",
"79544a59-07ab-4f74-819a-53396c0c29b1","OSBS_004.basePlot.bet","D03","OSBS","OSBS_004","W","2015-06-11","2015-06-25","2015-06-25","2015-07-17","2015-08-21","OSBS_004.W.20150625","X148jY8ioti3U7g7drZeHa1351yrGUtUHHZd90peWNE=","carabid","PASSUB2","Pasimachus subsulcatus","species",,"Say",,1,"Weed, Aaron. Preliminary key to the Pasimachus (Coleoptera: Carabidae: Scaritini) of Florida. http://www.entnemdept.ufl.edu/choate/pasimachus_florida.pdf","7ZsG8s1cQijU1p7CX6b9FNrZuRO+/rX6","CPmp9t5mZhA/Jlt3T5fTH30MkasxefuVXaoVNojxPQo=",
"281edf8d-8268-4696-a062-63fb97469a3b","OSBS_008.basePlot.bet","D03","OSBS","OSBS_008","W","2015-06-11","2015-06-25","2015-06-25","2015-07-21",,"OSBS_008.W.20150625","kDyjQwK8kfoPn9+e2nv/rnlIw1LkFRkRMTT1Ri8ogl4=","invert bycatch",,,,,,,,,,"7ZsG8s1cQijU1p7CX6b9FNrZuRO+/rX6",
"4a7e86cf-11d9-4650-bb8a-469f2713be30","OSBS_004.basePlot.bet","D03","OSBS","OSBS_004","W","2015-06-11","2015-06-25","2015-06-25","2015-07-17","2015-08-21","OSBS_004.W.20150625","X148jY8ioti3U7g7drZeHZvVFK1eFZwCLMoV0JqXcpY=","carabid","CYCFAB","Cyclotrachelus faber","species",,"Germar",,1,"Weed, Aaron. Preliminary key to the Pasimachus (Coleoptera: Carabidae: Scaritini) of Florida. http://www.entnemdept.ufl.edu/choate/pasimachus_florida.pdf","7ZsG8s1cQijU1p7CX6b9FNrZuRO+/rX6","CPmp9t5mZhA/Jlt3T5fTH30MkasxefuVXaoVNojxPQo=",
"6052295f-a7b4-48e8-a996-f27159880fdd","OSBS_022.basePlot.bet","D03","OSBS","OSBS_022","W","2015-06-11","2015-06-25","2015-06-25","2015-07-02",,"OSBS_022.W.20150625","M5jd5p7S+phy1bqWA/7StqVJFkcDlkn/egpUNSsqHGA=","invert bycatch",,,,,,,,,,"7ZsG8s1cQijU1p7CX6b9FNrZuRO+/rX6",
"dcb7792a-d497-42c4-aac0-9e30e26c6ada","OSBS_022.basePlot.bet","D03","OSBS","OSBS_022","W","2015-06-11","2015-06-25","2015-06-25","2015-07-02","2015-07-02","OSBS_022.W.20150625","M5jd5p7S+phy1bqWA/7StoVAUQSJHJtZQFvCagrvC8w=","carabid","PASMAR","Pasimachus marginatus","species",,"Fabricius",,2,"Weed, Aaron. Preliminary key to the Pasimachus (Coleoptera: Carabidae: Scaritini) of Florida. http://www.entnemdept.ufl.edu/choate/pasimachus_florida.pdf","7ZsG8s1cQijU1p7CX6b9FNrZuRO+/rX6","7ZsG8s1cQijU1p7CX6b9FNrZuRO+/rX6",
"5ba29a73-4a3b-45ae-b765-c47543d7c335","OSBS_003.basePlot.bet","D03","OSBS","OSBS_003","W","2015-06-11","2015-06-25","2015-06-25","2015-07-13","2015-07-13","OSBS_003.W.20150625","6IhldZNozXMMyCpJPVWo8WrvoaY+GLnhQTpQVrZZCkA=","carabid","CYCFAB","Cyclotrachelus faber","species",,"Germar",,1,"Teaching collection","7ZsG8s1cQijU1p7CX6b9FNrZuRO+/rX6","7ZsG8s1cQijU1p7CX6b9FNrZuRO+/rX6",
"c6bf668c-2ea2-4d9b-9f95-01adb6f7e42e","OSBS_003.basePlot.bet","D03","OSBS","OSBS_003","W","2015-06-11","2015-06-25","2015-06-25","2015-07-13",,"OSBS_003.W.20150625","6IhldZNozXMMyCpJPVWo8WLsOX63JH+wqkzwDCxWPLg=","invert bycatch",,,,,,,,,,"7ZsG8s1cQijU1p7CX6b9FNrZuRO+/rX6",
"fe129f8c-fa74-4f96-ae4a-288a6775f1c0","OSBS_005.basePlot.bet","D03","OSBS","OSBS_005","W","2015-06-11","2015-06-25","2015-06-25","2015-07-09",,"OSBS_005.W.20150625","Ic3+d2cIO5MJ0dS+NvmKId1K6sQtv2bALAc67LkSDfE=","invert bycatch",,,,,,,,,,"7ZsG8s1cQijU1p7CX6b9FNrZuRO+/rX6",
"3837c006-d5aa-4aba-8078-51bfe4669427","OSBS_001.basePlot.bet","D03","OSBS","OSBS_001","W","2015-06-11","2015-06-25","2015-06-25","2015-07-13",,"OSBS_001.W.20150625","tAZPllg5btSZ98NmxEE3IB5Xg+TpYnMFtpiIGuqYRSk=","invert bycatch",,,,,,,,,,"7ZsG8s1cQijU1p7CX6b9FNrZuRO+/rX6",
"035aaaed-3473-458b-8212-43206f97e44c","OSBS_006.basePlot.bet","D03","OSBS","OSBS_006","W","2015-06-11","2015-06-25","2015-06-25","2015-07-21",,"OSBS_006.W.20150625","s+mA6/5XhU5dWVKiKmIbAuUw+sYplSsj9ACyRMwr0hc=","invert bycatch",,,,,,,,,,"JdN6ZmAx7oWFIyzymv+BnRh9VwthDgp6K22EnIME4dI=",
"998bb7a1-3ff0-48ed-98f9-15cea54df636","OSBS_002.basePlot.bet","D03","OSBS","OSBS_002","W","2015-06-11","2015-06-25","2015-06-25","2015-07-09",,"OSBS_002.W.20150625","eBaJt3JMmON2Wv5M5EvFnAfi0Uy8hUTlIHDOlgIKYMg=","invert bycatch",,,,,,,,,,"7ZsG8s1cQijU1p7CX6b9FNrZuRO+/rX6",
"651780c2-3478-44d7-801d-a9d2ab969e18","OSBS_006.basePlot.bet","D03","OSBS","OSBS_006","E","2015-06-11","2015-06-25","2015-06-25","2015-07-21","2015-11-01","OSBS_006.E.20150625","s+mA6/5XhU5Uogl60OepkdL3jKDfHSojxXS0Db+FmkQ=","carabid","DICALT","Dicaelus alternans","species",,"Dejean",,1,"Teaching collection","SZd6jJU+PWukgvziuyetpzviWNuM2FzT","JdN6ZmAx7oWFIyzymv+BnRh9VwthDgp6K22EnIME4dI=",
"47d722cf-6b02-4d2b-ab19-3d9c2d478a9b","OSBS_003.basePlot.bet","D03","OSBS","OSBS_003","E","2015-06-11","2015-06-25","2015-06-25","2015-07-13","2015-07-13","OSBS_003.E.20150625","6IhldZNozXOOTou7l0m95K9FO2jxrAIjP1sj83KDK3E=","carabid","CYCFAB","Cyclotrachelus faber","species",,"Germar",,3,"Teaching collection","7ZsG8s1cQijU1p7CX6b9FNrZuRO+/rX6","7ZsG8s1cQijU1p7CX6b9FNrZuRO+/rX6",
"6d637ef2-72ad-4fae-b767-38af8c6d7dbe","OSBS_004.basePlot.bet","D03","OSBS","OSBS_004","E","2015-06-11","2015-06-25","2015-06-25","2015-07-17",,"OSBS_004.E.20150625","X148jY8iotjjiIlzJUxheJ0hdizmmNNC3QWGSBom/m4=","invert bycatch",,,,,,,,,,"CPmp9t5mZhA/Jlt3T5fTH30MkasxefuVXaoVNojxPQo=",
"301b3a75-f428-4a44-ae38-14bf7d3e4b3f","OSBS_008.basePlot.bet","D03","OSBS","OSBS_008","E","2015-06-11","2015-06-25","2015-06-25","2015-07-21",,"OSBS_008.E.20150625","kDyjQwK8kfqBywhJEF8Y5+ZaQMF9TxmXwH6DrbjHl08=","invert bycatch",,,,,,,,,,"7ZsG8s1cQijU1p7CX6b9FNrZuRO+/rX6",
"6da17df8-2078-469a-ac9c-b018d75a3e88","OSBS_003.basePlot.bet","D03","OSBS","OSBS_003","E","2015-06-11","2015-06-25","2015-06-25","2015-07-13","2015-07-13","OSBS_003.E.20150625","6IhldZNozXOOTou7l0m95P/5i605R9UbSP803Rjm9o8=","carabid","PASSUB2","Pasimachus subsulcatus","species",,"Say",,1,"Weed, Aaron. Preliminary key to the Pasimachus (Coleoptera: Carabidae: Scaritini) of Florida. http://www.entnemdept.ufl.edu/choate/pasimachus_florida.pdf","7ZsG8s1cQijU1p7CX6b9FNrZuRO+/rX6","7ZsG8s1cQijU1p7CX6b9FNrZuRO+/rX6",
"5ac82263-ce08-44eb-97fc-f1f909999021","OSBS_022.basePlot.bet","D03","OSBS","OSBS_022","E","2015-06-11","2015-06-25","2015-06-25","2015-07-02","2015-07-02","OSBS_022.E.20150625","M5jd5p7S+pjNEg+uBu5mtpgQUWAzX8lBZLBSzixa/Sw=","carabid","PASSTR","Pasimachus strenuus","species",,"LeConte",,1,"Weed, Aaron. Preliminary key to the Pasimachus (Coleoptera: Carabidae: Scaritini) of Florida. http://www.entnemdept.ufl.edu/choate/pasimachus_florida.pdf","7ZsG8s1cQijU1p7CX6b9FNrZuRO+/rX6","7ZsG8s1cQijU1p7CX6b9FNrZuRO+/rX6",
"70642ce0-48b7-4016-bcd0-46df226c1f4d","OSBS_007.basePlot.bet","D03","OSBS","OSBS_007","E","2015-06-11","2015-06-25","2015-06-25","2015-07-17",,"OSBS_007.E.20150625","GG9Q6Sepi5k939QK3L8AMi+cF0X5KYv2bLSVgyb1Ybo=","invert bycatch",,,,,,,,,,"CPmp9t5mZhA/Jlt3T5fTH30MkasxefuVXaoVNojxPQo=",
"3b11bdcb-747f-4121-9643-645adf09fdb1","OSBS_023.basePlot.bet","D03","OSBS","OSBS_023","E","2015-06-11","2015-06-25","2015-06-25","2015-07-02",,"OSBS_023.E.20150625","9ahRxcnzux7s3YdYtrjVkUWTCx97MiPUhRq5FNb6R84=","invert bycatch",,,,,,,,,,"7ZsG8s1cQijU1p7CX6b9FNrZuRO+/rX6",
"ba4f9bca-cd90-4b60-8be2-a1c0583fa58b","OSBS_001.basePlot.bet","D03","OSBS","OSBS_001","E","2015-06-11","2015-06-25","2015-06-25","2015-07-13",,"OSBS_001.E.20150625","tAZPllg5btRxTyRXaTfy+KY9mo03+H+ZUL0Izc5jD14=","invert bycatch",,,,,,,,,,"7ZsG8s1cQijU1p7CX6b9FNrZuRO+/rX6",
"14e180a8-1244-4a85-ac29-7f9db464c768","OSBS_005.basePlot.bet","D03","OSBS","OSBS_005","E","2015-06-11","2015-06-25","2015-06-25","2015-07-09",,"OSBS_005.E.20150625","Ic3+d2cIO5MztxybLxOhXQDab+zb3ed+y2oWsqvalyA=","invert bycatch",,,,,,,,,,"7ZsG8s1cQijU1p7CX6b9FNrZuRO+/rX6",
"86a8b158-94ed-444a-9452-4c024129abb6","OSBS_006.basePlot.bet","D03","OSBS","OSBS_006","E","2015-06-11","2015-06-25","2015-06-25","2015-07-21",,"OSBS_006.E.20150625","s+mA6/5XhU5Uogl60OepkW2/WOxBU6FUliukkLee6vc=","invert bycatch",,,,,,,,,,"JdN6ZmAx7oWFIyzymv+BnRh9VwthDgp6K22EnIME4dI=",
"f30d99bf-c7a1-438b-99a2-687f3f123d5d","OSBS_002.basePlot.bet","D03","OSBS","OSBS_002","E","2015-06-11","2015-06-25","2015-06-25","2015-07-09",,"OSBS_002.E.20150625","eBaJt3JMmOMmGSk/WUZCu78Z/Y6bmSZPXYSh32Msz+Q=","invert bycatch",,,,,,,,,,"7ZsG8s1cQijU1p7CX6b9FNrZuRO+/rX6",
"9dc80707-d2b2-4f96-851c-c3bea2abf503","OSBS_006.basePlot.bet","D03","OSBS","OSBS_006","E","2015-06-11","2015-06-25","2015-06-25","2015-07-21","2015-11-01","OSBS_006.E.20150625","s+mA6/5XhU5Uogl60OepkYijb9zfRSgL1UwREcaNbsA=","carabid","HELCLA","Helluomorphoides clairvillei","species",,"Dejean",,1,"Teaching collection","7ZsG8s1cQijU1p7CX6b9FNrZuRO+/rX6","JdN6ZmAx7oWFIyzymv+BnRh9VwthDgp6K22EnIME4dI=",
"1f5a3460-9af3-4904-ae7e-95a319e454f1","OSBS_022.basePlot.bet","D03","OSBS","OSBS_022","E","2015-06-11","2015-06-25","2015-06-25","2015-07-02",,"OSBS_022.E.20150625","M5jd5p7S+pjNEg+uBu5mthHPhMlLHFpLulBsBLQtrJ0=","invert bycatch",,,,,,,,,,"7ZsG8s1cQijU1p7CX6b9FNrZuRO+/rX6",
"28a5bb6d-2300-492c-a113-369465d4761f","OSBS_008.basePlot.bet","D03","OSBS","OSBS_008","N","2015-06-11","2015-06-25","2015-06-25","2015-07-21",,"OSBS_008.N.20150625","kDyjQwK8kfpkTid+xVoM4hGW1U0Nv9brU/7qJ578O4o=","invert bycatch",,,,,,,,,,"7ZsG8s1cQijU1p7CX6b9FNrZuRO+/rX6",
"ed2f4ebd-d8f1-4f49-beac-a7c0fc0b7476","OSBS_001.basePlot.bet","D03","OSBS","OSBS_001","N","2015-06-11","2015-06-25","2015-06-25","2015-07-13",,"OSBS_001.N.20150625","tAZPllg5btS8VemDAC7x97K0d7t92t8P3xc8f3Q/BZM=","invert bycatch",,,,,,,,,,"7ZsG8s1cQijU1p7CX6b9FNrZuRO+/rX6",
"79dfc55e-eb19-4052-a44a-c59d42d4d65c","OSBS_005.basePlot.bet","D03","OSBS","OSBS_005","N","2015-06-11","2015-06-25","2015-06-25","2015-07-09",,"OSBS_005.N.20150625","Ic3+d2cIO5MVELK0zbPENowPB3lW+IchESilXeiFHZg=","invert bycatch",,,,,,,,,,"7ZsG8s1cQijU1p7CX6b9FNrZuRO+/rX6",
"3456af29-1f61-4423-b069-76da4d36ab62","OSBS_005.basePlot.bet","D03","OSBS","OSBS_005","N","2015-06-11","2015-06-25","2015-06-25","2015-07-09","2015-07-09","OSBS_005.N.20150625","Ic3+d2cIO5MVELK0zbPENlAEqQcHGsFlZ9Ss6Ismw+s=","carabid","PASSUB2","Pasimachus subsulcatus","species",,"Say",,1,"Weed, Aaron. Preliminary key to the Pasimachus (Coleoptera: Carabidae: Scaritini) of Florida. http://www.entnemdept.ufl.edu/choate/pasimachus_florida.pdf","7ZsG8s1cQijU1p7CX6b9FNrZuRO+/rX6","7ZsG8s1cQijU1p7CX6b9FNrZuRO+/rX6",
"660d360d-5f8f-4775-8a0a-b125a0eac5a4","OSBS_002.basePlot.bet","D03","OSBS","OSBS_002","N","2015-06-11","2015-06-25","2015-06-25","2015-07-09",,"OSBS_002.N.20150625","eBaJt3JMmOMFDUSbtcsX1+s8NcgjiIhiTohKjC9S6E8=","invert bycatch",,,,,,,,,,"7ZsG8s1cQijU1p7CX6b9FNrZuRO+/rX6",
"1756a27d-f393-4a8f-824f-17782a97a2d7","OSBS_004.basePlot.bet","D03","OSBS","OSBS_004","N","2015-06-11","2015-06-25","2015-06-25","2015-07-17",,"OSBS_004.N.20150625","X148jY8iothI2QES8WIinOfyRmUmOwcq2i3soauAj0Q=","invert bycatch",,,,,,,,,,"CPmp9t5mZhA/Jlt3T5fTH30MkasxefuVXaoVNojxPQo=",
"874583dc-9868-4bec-b97a-e91d1c6b8782","OSBS_022.basePlot.bet","D03","OSBS","OSBS_022","N","2015-06-11","2015-06-25","2015-06-25","2015-07-02",,"OSBS_022.N.20150625","M5jd5p7S+phiTmLQ98tsjxrDDjFac6fexh7ZXovmL5w=","invert bycatch",,,,,,,,,,"7ZsG8s1cQijU1p7CX6b9FNrZuRO+/rX6",
"73d9a9d2-a07c-475a-b161-d1adc0fb89a5","OSBS_022.basePlot.bet","D03","OSBS","OSBS_022","N","2015-06-11","2015-06-25","2015-06-25","2015-07-02","2015-07-09","OSBS_022.N.20150625","M5jd5p7S+phiTmLQ98tsjx1MAjaE4sz5XRuRzwlh/5k=","carabid","PASMAR","Pasimachus marginatus","species",,"Fabricius",,5,"Weed, Aaron. Preliminary key to the Pasimachus (Coleoptera: Carabidae: Scaritini) of Florida. http://www.entnemdept.ufl.edu/choate/pasimachus_florida.pdf","7ZsG8s1cQijU1p7CX6b9FNrZuRO+/rX6","7ZsG8s1cQijU1p7CX6b9FNrZuRO+/rX6",
"7a63e145-1207-4981-8899-fc08d9216db5","OSBS_006.basePlot.bet","D03","OSBS","OSBS_006","N","2015-06-11","2015-06-25","2015-06-25","2015-07-21",,"OSBS_006.N.20150625","s+mA6/5XhU6KA8LOGUe3FtfTTN8geKTsagb17rdSpUA=","invert bycatch",,,,,,,,,,"JdN6ZmAx7oWFIyzymv+BnRh9VwthDgp6K22EnIME4dI=",
"ae055105-1c49-4e69-9c51-4ece4fcd5e08","OSBS_004.basePlot.bet","D03","OSBS","OSBS_004","N","2015-06-11","2015-06-25","2015-06-25","2015-07-17","2015-08-21","OSBS_004.N.20150625","X148jY8iothI2QES8WIinFQd61p2HJSo/buDy7mXXUc=","carabid","PASSTR","Pasimachus strenuus","species",,"LeConte",,1,"Weed, Aaron. Preliminary key to the Pasimachus (Coleoptera: Carabidae: Scaritini) of Florida. http://www.entnemdept.ufl.edu/choate/pasimachus_florida.pdf","7ZsG8s1cQijU1p7CX6b9FNrZuRO+/rX6","CPmp9t5mZhA/Jlt3T5fTH30MkasxefuVXaoVNojxPQo=",
"7063af70-4fe2-4de1-9c0d-97ed864dff54","OSBS_007.basePlot.bet","D03","OSBS","OSBS_007","N","2015-06-11","2015-06-25","2015-06-25","2015-07-17",,"OSBS_007.N.20150625","GG9Q6Sepi5lNg2EeITVxf3cn/JPjhDgbGcgDwBmbvaM=","invert bycatch",,,,,,,,,,"CPmp9t5mZhA/Jlt3T5fTH30MkasxefuVXaoVNojxPQo=",
"236eee2b-2278-45f1-9569-28839ab6235e","OSBS_023.basePlot.bet","D03","OSBS","OSBS_023","N","2015-06-11","2015-06-25","2015-06-25","2015-07-02",,"OSBS_023.N.20150625","9ahRxcnzux46ZHeMo+9GmzUi0cbPmwb/a/3dlhvn/ms=","invert bycatch",,,,,,,,,,"7ZsG8s1cQijU1p7CX6b9FNrZuRO+/rX6",
"1f0183b8-bdfd-41c9-a447-7641a898c241","OSBS_003.basePlot.bet","D03","OSBS","OSBS_003","N","2015-06-11","2015-06-25","2015-06-25","2015-07-13","2015-07-13","OSBS_003.N.20150625","6IhldZNozXNXk42c0SZ1riIirzruUEhVxoFvFOGmEZc=","carabid","CYCFAB","Cyclotrachelus faber","species",,"Germar",,2,"Teaching collection","7ZsG8s1cQijU1p7CX6b9FNrZuRO+/rX6","7ZsG8s1cQijU1p7CX6b9FNrZuRO+/rX6",
"9d3db752-f430-47f7-a6c2-e800f654907a","OSBS_003.basePlot.bet","D03","OSBS","OSBS_003","N","2015-06-11","2015-06-25","2015-06-25","2015-07-13",,"OSBS_003.N.20150625","6IhldZNozXNXk42c0SZ1rt79drv+Ue6gmY+3u+aSZsM=","invert bycatch",,,,,,,,,,"7ZsG8s1cQijU1p7CX6b9FNrZuRO+/rX6",
"62b978c3-9917-4648-a2e9-5c230b07db16","OSBS_004.basePlot.bet","D03","OSBS","OSBS_004","S","2015-06-11","2015-06-25","2015-06-25","2015-07-17",,"OSBS_004.S.20150625","X148jY8iotihHA7OX0Q/n0W5zgnZs99haHSzqmYUhA8=","invert bycatch",,,,,,,,,,"CPmp9t5mZhA/Jlt3T5fTH30MkasxefuVXaoVNojxPQo=",
"465137bb-e926-4242-93ed-988192aa1424","OSBS_002.basePlot.bet","D03","OSBS","OSBS_002","S","2015-06-11","2015-06-25","2015-06-25","2015-07-09",,"OSBS_002.S.20150625","eBaJt3JMmOMVj6jlXmXMIgK/dqQWP8Frg6WerAlcJ5k=","invert bycatch",,,,,,,,,,"7ZsG8s1cQijU1p7CX6b9FNrZuRO+/rX6",
"d7ab7c86-da5b-467e-ab83-ad76ec34add9","OSBS_001.basePlot.bet","D03","OSBS","OSBS_001","S","2015-06-11","2015-06-25","2015-06-25","2015-07-13",,"OSBS_001.S.20150625","tAZPllg5btSYjqQKos6CWBvFfiHinMocEmPZhRaTLqI=","invert bycatch",,,,,,,,,,"7ZsG8s1cQijU1p7CX6b9FNrZuRO+/rX6",
"4b8e82bc-2514-44ae-8e0e-f139a18cb649","OSBS_023.basePlot.bet","D03","OSBS","OSBS_023","S","2015-06-11","2015-06-25","2015-06-25","2015-07-02",,"OSBS_023.S.20150625","9ahRxcnzux4Hp2MWHIP1FE0J73sSlTibYabEMEPQe9M=","invert bycatch",,,,,,,,,,"7ZsG8s1cQijU1p7CX6b9FNrZuRO+/rX6",
"ddb8c8c6-6227-454e-9fde-ae4259a996a3","OSBS_001.basePlot.bet","D03","OSBS","OSBS_001","S","2015-06-11","2015-06-25","2015-06-25","2015-07-13","2015-07-13","OSBS_001.S.20150625","tAZPllg5btSYjqQKos6CWF6eZod8rwJw+L4XhMg4HE4=","carabid","CYCFAB","Cyclotrachelus faber","species",,"Germar",,4,"Teaching collection","7ZsG8s1cQijU1p7CX6b9FNrZuRO+/rX6","7ZsG8s1cQijU1p7CX6b9FNrZuRO+/rX6",
"0695ab9d-1f81-469c-beca-7a312b82508b","OSBS_022.basePlot.bet","D03","OSBS","OSBS_022","S","2015-06-11","2015-06-25","2015-06-25","2015-07-02",,"OSBS_022.S.20150625","M5jd5p7S+pjknMSstlCcszJxSrcQSur77s7LGFf9aPY=","invert bycatch",,,,,,,,,,"7ZsG8s1cQijU1p7CX6b9FNrZuRO+/rX6",
"3bb8f1fb-e86d-4f02-9691-f5579e93deb2","OSBS_003.basePlot.bet","D03","OSBS","OSBS_003","S","2015-06-11","2015-06-25","2015-06-25","2015-07-13",,"OSBS_003.S.20150625","6IhldZNozXMgT4rAre84MbIc4N2gIgVvLICfc2s7l8w=","invert bycatch",,,,,,,,,,"7ZsG8s1cQijU1p7CX6b9FNrZuRO+/rX6",
"04917fc9-8acc-4a35-b451-11cdb4e834f1","OSBS_005.basePlot.bet","D03","OSBS","OSBS_005","S","2015-06-11","2015-06-25","2015-06-25","2015-07-09",,"OSBS_005.S.20150625","Ic3+d2cIO5NGAosW7q3g3Y60Fq0bvEgrthG+//tRlyw=","invert bycatch",,,,,,,,,,"7ZsG8s1cQijU1p7CX6b9FNrZuRO+/rX6",
"1dc2b578-8a7a-410f-8e90-0e9a100e4f74","OSBS_003.basePlot.bet","D03","OSBS","OSBS_003","S","2015-06-11","2015-06-25","2015-06-25","2015-07-13","2015-07-13","OSBS_003.S.20150625","6IhldZNozXMgT4rAre84MeHz3pe7EQwYeR2dzopEvBY=","carabid","CYCFAB","Cyclotrachelus faber","species",,"Germar",,4,"Teaching collection","7ZsG8s1cQijU1p7CX6b9FNrZuRO+/rX6","7ZsG8s1cQijU1p7CX6b9FNrZuRO+/rX6",
"0b40b2a6-1bab-44e2-becd-52a25cc7721f","OSBS_007.basePlot.bet","D03","OSBS","OSBS_007","S","2015-06-11","2015-06-25","2015-06-25","2015-07-17",,"OSBS_007.S.20150625","GG9Q6Sepi5nKQe66OEp9+rlmH/H2cK53lB5W+no9V9k=","invert bycatch",,,,,,,,,,"CPmp9t5mZhA/Jlt3T5fTH30MkasxefuVXaoVNojxPQo=",
