uid,namedLocation,domainID,siteID,plotID,trapID,plotType,nlcdClass,decimalLatitude,decimalLongitude,geodeticDatum,coordinateUncertainty,elevation,elevationUncertainty,setDate,collectDate,eventID,daysOfTrapping,sampleCollected,sampleID,cupStatus,lidStatus,fluidLevel,samplingProtocolVersion,recordedBy,remarks
"11c157d1-9750-45cf-9b41-92be6aa7fa24","LAJA_004.basePlot.bet","D04","LAJA","LAJA_004","E","distributed","pastureHay",18.017803,-67.080880,"WGS84",20.0,14.8,0.0,"2016-04-19","2016-05-03","LAJA.2016.18",14,"Y","LAJA_004.E.20160503","Ok","Ok","Ok","NEON.DOC.014050vH","fiApssCEcSVZh4fTchGlfQK3pYYnYQUQ",
"8596a64c-b6e6-477c-a220-53c40efc3235","LAJA_007.basePlot.bet","D04","LAJA","LAJA_007","W","distributed","pastureHay",18.027800,-67.078506,"WGS84",20.1,23.7,0.1,"2016-04-19","2016-05-03","LAJA.2016.18",14,"Y","LAJA_007.W.20160503","Ok","Ok","Low","NEON.DOC.014050vH","fiApssCEcSVZh4fTchGlfQK3pYYnYQUQ",
"38071033-6603-48f1-afad-fdb0c5d47ffe","LAJA_001.basePlot.bet","D04","LAJA","LAJA_001","E","distributed","grasslandHerbaceous",18.024529,-67.076837,"WGS84",20.1,20.1,0.1,"2016-04-19","2016-05-03","LAJA.2016.18",14,"Y","LAJA_001.E.20160503","Ok","Ok","Ok","NEON.DOC.014050vH","fiApssCEcSVZh4fTchGlfQK3pYYnYQUQ",
"13244acc-d140-4650-914e-4313a470d75f","LAJA_002.basePlot.bet","D04","LAJA","LAJA_002","E","distributed","cultivatedCrops",18.035349,-67.073332,"WGS84",20.0,31.2,0.0,"2016-04-19","2016-05-03","LAJA.2016.18",14,"Y","LAJA_002.E.20160503","Ok","Ok","Ok","NEON.DOC.014050vH","fiApssCEcSVZh4fTchGlfQK3pYYnYQUQ",
"7020d98c-fa86-4619-8863-875617b131fd","LAJA_015.basePlot.bet","D04","LAJA","LAJA_015","E","distributed","evergreenForest",18.034461,-67.066824,"WGS84",20.2,27.0,0.2,"2016-04-19","2016-05-03","LAJA.2016.18",14,"Y","LAJA_015.E.20160503","Ok","Ok","Ok","NEON.DOC.014050vH","JYpGqoh1QQ3eP5RIJnpEN1WEYfJadbWZ",
"73196b2c-12f1-4d9e-a0e0-67c2662fd4c1","LAJA_003.basePlot.bet","D04","LAJA","LAJA_003","E","distributed","pastureHay",18.025922,-67.081365,"WGS84",20.0,21.1,0.0,"2016-04-19","2016-05-03","LAJA.2016.18",14,"Y","LAJA_003.E.20160503","Ok","Ok","Low","NEON.DOC.014050vH","JYpGqoh1QQ3eP5RIJnpEN1WEYfJadbWZ",
"1a44b8a8-27cf-4ad9-8b3c-39920dc55bf1","LAJA_009.basePlot.bet","D04","LAJA","LAJA_009","E","distributed","grasslandHerbaceous",18.032303,-67.069111,"WGS84",20.1,25.1,0.1,"2016-04-19","2016-05-03","LAJA.2016.18",14,"Y","LAJA_009.E.20160503","Ok","Ok","Ok","NEON.DOC.014050vH","fiApssCEcSVZh4fTchGlfQK3pYYnYQUQ",
"c8c3f6f5-93b4-47c4-a84b-5c0b69fcd747","LAJA_017.basePlot.bet","D04","LAJA","LAJA_017","E","distributed","cultivatedCrops",18.017713,-67.074931,"WGS84",20.1,14.8,0.1,"2016-04-19","2016-05-03","LAJA.2016.18",14,"Y","LAJA_017.E.20160503","Ok","Ok","Ok","NEON.DOC.014050vH","JYpGqoh1QQ3eP5RIJnpEN1WEYfJadbWZ",
"768f338c-1ca5-4769-9907-a44213b9d99c","LAJA_005.basePlot.bet","D04","LAJA","LAJA_005","E","distributed","pastureHay",18.025704,-67.084747,"WGS84",20.0,20.8,0.0,"2016-04-19","2016-05-03","LAJA.2016.18",14,"Y","LAJA_005.E.20160503","Ok","Ok","Ok","NEON.DOC.014050vH","fiApssCEcSVZh4fTchGlfQK3pYYnYQUQ",
"3e3e84af-1389-4faf-af6a-01ec004cc431","LAJA_006.basePlot.bet","D04","LAJA","LAJA_006","E","distributed","pastureHay",18.020279,-67.084819,"WGS84",20.0,15.8,0.0,"2016-04-19","2016-05-03","LAJA.2016.18",14,"Y","LAJA_006.E.20160503","Ok","Ok","Ok","NEON.DOC.014050vH","JYpGqoh1QQ3eP5RIJnpEN1WEYfJadbWZ",
"26ad3cb6-df4e-40b7-ab27-4c263eb5ff5e","LAJA_003.basePlot.bet","D04","LAJA","LAJA_003","N","distributed","pastureHay",18.025922,-67.081365,"WGS84",20.0,21.1,0.0,"2016-04-19","2016-05-03","LAJA.2016.18",14,"Y","LAJA_003.N.20160503","Ok","Ok","Low","NEON.DOC.014050vH","JYpGqoh1QQ3eP5RIJnpEN1WEYfJadbWZ",
"af893af6-42a8-4ea5-926b-f531932e08ce","LAJA_009.basePlot.bet","D04","LAJA","LAJA_009","N","distributed","grasslandHerbaceous",18.032303,-67.069111,"WGS84",20.1,25.1,0.1,"2016-04-19","2016-05-03","LAJA.2016.18",14,"Y","LAJA_009.N.20160503","Ok","Ok","Ok","NEON.DOC.014050vH","fiApssCEcSVZh4fTchGlfQK3pYYnYQUQ",
"c53e5e21-00c5-4b5f-ba48-14f3499c2b99","LAJA_006.basePlot.bet","D04","LAJA","LAJA_006","N","distributed","pastureHay",18.020279,-67.084819,"WGS84",20.0,15.8,0.0,"2016-04-19","2016-05-03","LAJA.2016.18",14,"Y","LAJA_006.N.20160503","Ok","Ok","Ok","NEON.DOC.014050vH","JYpGqoh1QQ3eP5RIJnpEN1WEYfJadbWZ",
"c0bc15eb-2d35-4df8-91a4-4a9e5f25a300","LAJA_017.basePlot.bet","D04","LAJA","LAJA_017","N","distributed","cultivatedCrops",18.017713,-67.074931,"WGS84",20.1,14.8,0.1,"2016-04-19","2016-05-03","LAJA.2016.18",14,"Y","LAJA_017.N.20160503","Ok","Ok","Ok","NEON.DOC.014050vH","JYpGqoh1QQ3eP5RIJnpEN1WEYfJadbWZ",
"8f39ccc6-bd2c-4dc6-b96f-28c6db5c9a92","LAJA_005.basePlot.bet","D04","LAJA","LAJA_005","N","distributed","pastureHay",18.025704,-67.084747,"WGS84",20.0,20.8,0.0,"2016-04-19","2016-05-03","LAJA.2016.18",14,"Y","LAJA_005.N.20160503","Ok","Ok","Ok","NEON.DOC.014050vH","fiApssCEcSVZh4fTchGlfQK3pYYnYQUQ",
"111de755-484a-4412-9b1e-b6fd70993018","LAJA_007.basePlot.bet","D04","LAJA","LAJA_007","N","distributed","pastureHay",18.027800,-67.078506,"WGS84",20.1,23.7,0.1,"2016-04-19","2016-05-03","LAJA.2016.18",14,"Y","LAJA_007.N.20160503","Ok","Ok","Low","NEON.DOC.014050vH","fiApssCEcSVZh4fTchGlfQK3pYYnYQUQ",
"91386129-3116-49f6-abec-353bd08b9bc6","LAJA_004.basePlot.bet","D04","LAJA","LAJA_004","N","distributed","pastureHay",18.017803,-67.080880,"WGS84",20.0,14.8,0.0,"2016-04-19","2016-05-03","LAJA.2016.18",14,"Y","LAJA_004.N.20160503","Ok","Ok","Ok","NEON.DOC.014050vH","fiApssCEcSVZh4fTchGlfQK3pYYnYQUQ",
"dbb9299a-8778-4bca-b5ef-55cd5aa459c2","LAJA_002.basePlot.bet","D04","LAJA","LAJA_002","N","distributed","cultivatedCrops",18.035349,-67.073332,"WGS84",20.0,31.2,0.0,"2016-04-19","2016-05-03","LAJA.2016.18",14,"Y","LAJA_002.N.20160503","Ok","Ok","Ok","NEON.DOC.014050vH","fiApssCEcSVZh4fTchGlfQK3pYYnYQUQ",
"019c4811-ee98-469f-a922-f45b5f1d912c","LAJA_001.basePlot.bet","D04","LAJA","LAJA_001","N","distributed","grasslandHerbaceous",18.024529,-67.076837,"WGS84",20.1,20.1,0.1,"2016-04-19","2016-05-03","LAJA.2016.18",14,"Y","LAJA_001.N.20160503","Ok","Ok","Ok","NEON.DOC.014050vH","fiApssCEcSVZh4fTchGlfQK3pYYnYQUQ",
"aa9ddcbf-3c4a-4a0f-8999-09fb8877bfa1","LAJA_015.basePlot.bet","D04","LAJA","LAJA_015","N","distributed","evergreenForest",18.034461,-67.066824,"WGS84",20.2,27.0,0.2,"2016-04-19","2016-05-03","LAJA.2016.18",14,"Y","LAJA_015.N.20160503","Ok","Ok","Ok","NEON.DOC.014050vH","JYpGqoh1QQ3eP5RIJnpEN1WEYfJadbWZ",
"cdbe14b9-a551-42d4-bf5b-d414b821bfa8","LAJA_007.basePlot.bet","D04","LAJA","LAJA_007","S","distributed","pastureHay",18.027800,-67.078506,"WGS84",20.1,23.7,0.1,"2016-04-19","2016-05-03","LAJA.2016.18",14,"Y","LAJA_007.S.20160503","Ok","Ok","Ok","NEON.DOC.014050vH","fiApssCEcSVZh4fTchGlfQK3pYYnYQUQ",
"a1ab9d36-fb28-4400-a32c-3d199bd0756e","LAJA_004.basePlot.bet","D04","LAJA","LAJA_004","S","distributed","pastureHay",18.017803,-67.080880,"WGS84",20.0,14.8,0.0,"2016-04-19","2016-05-03","LAJA.2016.18",14,"Y","LAJA_004.S.20160503","Ok","Ok","Ok","NEON.DOC.014050vH","fiApssCEcSVZh4fTchGlfQK3pYYnYQUQ",
"75d2150c-2173-4d27-9a0d-d382171c2af9","LAJA_002.basePlot.bet","D04","LAJA","LAJA_002","S","distributed","cultivatedCrops",18.035349,-67.073332,"WGS84",20.0,31.2,0.0,"2016-04-19","2016-05-03","LAJA.2016.18",14,"Y","LAJA_002.S.20160503","Ok","Ok","Ok","NEON.DOC.014050vH","fiApssCEcSVZh4fTchGlfQK3pYYnYQUQ",
"5f6cb829-5266-4da3-8e04-91bb9a8f562c","LAJA_001.basePlot.bet","D04","LAJA","LAJA_001","S","distributed","grasslandHerbaceous",18.024529,-67.076837,"WGS84",20.1,20.1,0.1,"2016-04-19","2016-05-03","LAJA.2016.18",14,"Y","LAJA_001.S.20160503","Ok","Ok","Ok","NEON.DOC.014050vH","fiApssCEcSVZh4fTchGlfQK3pYYnYQUQ",
"dc295719-b79a-459a-8d43-7ede945595a4","LAJA_015.basePlot.bet","D04","LAJA","LAJA_015","S","distributed","evergreenForest",18.034461,-67.066824,"WGS84",20.2,27.0,0.2,"2016-04-19","2016-05-03","LAJA.2016.18",14,"Y","LAJA_015.S.20160503","Ok","Ok","Ok","NEON.DOC.014050vH","JYpGqoh1QQ3eP5RIJnpEN1WEYfJadbWZ",
"d90327fa-23a1-4fcc-87af-86f36c6ac8e7","LAJA_003.basePlot.bet","D04","LAJA","LAJA_003","S","distributed","pastureHay",18.025922,-67.081365,"WGS84",20.0,21.1,0.0,"2016-04-19","2016-05-03","LAJA.2016.18",14,"Y","LAJA_003.S.20160503","Ok","Ok","Low","NEON.DOC.014050vH","JYpGqoh1QQ3eP5RIJnpEN1WEYfJadbWZ",
"72bc716f-8083-4f87-b247-fb7cf8f80022","LAJA_009.basePlot.bet","D04","LAJA","LAJA_009","S","distributed","grasslandHerbaceous",18.032303,-67.069111,"WGS84",20.1,25.1,0.1,"2016-04-19","2016-05-03","LAJA.2016.18",14,"Y","LAJA_009.S.20160503","Ok","Ok","Ok","NEON.DOC.014050vH","fiApssCEcSVZh4fTchGlfQK3pYYnYQUQ",
"659abafc-6399-440f-b004-e5fa7b10c1eb","LAJA_006.basePlot.bet","D04","LAJA","LAJA_006","S","distributed","pastureHay",18.020279,-67.084819,"WGS84",20.0,15.8,0.0,"2016-04-19","2016-05-03","LAJA.2016.18",14,"Y","LAJA_006.S.20160503","Ok","Ok","Low","NEON.DOC.014050vH","JYpGqoh1QQ3eP5RIJnpEN1WEYfJadbWZ",
"d7749296-4dd2-4d04-bc3a-486ba86421b3","LAJA_017.basePlot.bet","D04","LAJA","LAJA_017","S","distributed","cultivatedCrops",18.017713,-67.074931,"WGS84",20.1,14.8,0.1,"2016-04-19","2016-05-03","LAJA.2016.18",14,"Y","LAJA_017.S.20160503","Ok","Ok","Ok","NEON.DOC.014050vH","JYpGqoh1QQ3eP5RIJnpEN1WEYfJadbWZ",
"4abbf791-aaba-4bee-9231-ee204165d436","LAJA_005.basePlot.bet","D04","LAJA","LAJA_005","S","distributed","pastureHay",18.025704,-67.084747,"WGS84",20.0,20.8,0.0,"2016-04-19","2016-05-03","LAJA.2016.18",14,"Y","LAJA_005.S.20160503","Ok","Ok","Ok","NEON.DOC.014050vH","fiApssCEcSVZh4fTchGlfQK3pYYnYQUQ",
"adfe20f1-bc01-4338-9768-2209dc163ac8","LAJA_005.basePlot.bet","D04","LAJA","LAJA_005","W","distributed","pastureHay",18.025704,-67.084747,"WGS84",20.0,20.8,0.0,"2016-04-19","2016-05-03","LAJA.2016.18",14,"Y","LAJA_005.W.20160503","Ok","Ok","Ok","NEON.DOC.014050vH","fiApssCEcSVZh4fTchGlfQK3pYYnYQUQ",
"f602e7dd-dc9e-4f91-896d-9710433a2d77","LAJA_001.basePlot.bet","D04","LAJA","LAJA_001","W","distributed","grasslandHerbaceous",18.024529,-67.076837,"WGS84",20.1,20.1,0.1,"2016-04-19","2016-05-03","LAJA.2016.18",14,"Y","LAJA_001.W.20160503","Ok","Ok","Ok","NEON.DOC.014050vH","fiApssCEcSVZh4fTchGlfQK3pYYnYQUQ",
"fed29459-56c0-440b-bd7e-a04eb444ebf8","LAJA_004.basePlot.bet","D04","LAJA","LAJA_004","W","distributed","pastureHay",18.017803,-67.080880,"WGS84",20.0,14.8,0.0,"2016-04-19","2016-05-03","LAJA.2016.18",14,"Y","LAJA_004.W.20160503","Ok","Ok","Ok","NEON.DOC.014050vH","fiApssCEcSVZh4fTchGlfQK3pYYnYQUQ",
"1672f8ab-4fd4-41c9-91ad-b6b074a56ba2","LAJA_015.basePlot.bet","D04","LAJA","LAJA_015","W","distributed","evergreenForest",18.034461,-67.066824,"WGS84",20.2,27.0,0.2,"2016-04-19","2016-05-03","LAJA.2016.18",14,"Y","LAJA_015.W.20160503","Ok","Ok","Ok","NEON.DOC.014050vH","JYpGqoh1QQ3eP5RIJnpEN1WEYfJadbWZ",
"5ca79d9c-bf77-46c5-9407-81d73a536184","LAJA_002.basePlot.bet","D04","LAJA","LAJA_002","W","distributed","cultivatedCrops",18.035349,-67.073332,"WGS84",20.0,31.2,0.0,"2016-04-19","2016-05-03","LAJA.2016.18",14,"Y","LAJA_002.W.20160503","Ok","Ok","Ok","NEON.DOC.014050vH","fiApssCEcSVZh4fTchGlfQK3pYYnYQUQ",
"41e83d3c-f4fb-4a25-8906-dc52a7190350","LAJA_003.basePlot.bet","D04","LAJA","LAJA_003","W","distributed","pastureHay",18.025922,-67.081365,"WGS84",20.0,21.1,0.0,"2016-04-19","2016-05-03","LAJA.2016.18",14,"Y","LAJA_003.W.20160503","Ok","Ok","Low","NEON.DOC.014050vH","JYpGqoh1QQ3eP5RIJnpEN1WEYfJadbWZ",
"051d548a-bd11-450f-9ff5-59597344f36f","LAJA_009.basePlot.bet","D04","LAJA","LAJA_009","W","distributed","grasslandHerbaceous",18.032303,-67.069111,"WGS84",20.1,25.1,0.1,"2016-04-19","2016-05-03","LAJA.2016.18",14,"Y","LAJA_009.W.20160503","Ok","Ok","Ok","NEON.DOC.014050vH","fiApssCEcSVZh4fTchGlfQK3pYYnYQUQ",
"14667f87-f3c6-4f6a-a65c-49ba567d97f9","LAJA_017.basePlot.bet","D04","LAJA","LAJA_017","W","distributed","cultivatedCrops",18.017713,-67.074931,"WGS84",20.1,14.8,0.1,"2016-04-19","2016-05-03","LAJA.2016.18",14,"Y","LAJA_017.W.20160503","Ok","Ok","Ok","NEON.DOC.014050vH","JYpGqoh1QQ3eP5RIJnpEN1WEYfJadbWZ",
"2c32d40a-c80c-4d39-8ac7-13668ec0cb52","LAJA_006.basePlot.bet","D04","LAJA","LAJA_006","W","distributed","pastureHay",18.020279,-67.084819,"WGS84",20.0,15.8,0.0,"2016-04-19","2016-05-03","LAJA.2016.18",14,"Y","LAJA_006.W.20160503","Ok","Ok","Ok","NEON.DOC.014050vH","JYpGqoh1QQ3eP5RIJnpEN1WEYfJadbWZ",
"e9dd1371-6566-422d-bd83-710df3d82922","LAJA_007.basePlot.bet","D04","LAJA","LAJA_007","E","distributed","pastureHay",18.027800,-67.078506,"WGS84",20.1,23.7,0.1,"2016-04-19","2016-05-03","LAJA.2016.18",14,"Y","LAJA_007.E.20160503","Ok","Ok","Ok","NEON.DOC.014050vH","fiApssCEcSVZh4fTchGlfQK3pYYnYQUQ",
"47e1c1c6-51ea-4eb8-be69-106ec406b7d8","LAJA_015.basePlot.bet","D04","LAJA","LAJA_015","E","distributed","evergreenForest",18.034461,-67.066824,"WGS84",20.2,27.0,0.2,"2016-05-03","2016-05-17","LAJA.2016.20",14,"Y","LAJA_015.E.20160517","Ok","Ok","Ok","NEON.DOC.014050vH","dkUVz+Ep9mjwe8AKJjPrCYTGVeHZyOun",
"3899b87e-3b70-403d-bbea-2b5581392436","LAJA_002.basePlot.bet","D04","LAJA","LAJA_002","W","distributed","cultivatedCrops",18.035349,-67.073332,"WGS84",20.0,31.2,0.0,"2016-05-03","2016-05-17","LAJA.2016.20",14,"Y","LAJA_002.W.20160517","Ok","Ok","Ok","NEON.DOC.014050vH","dkUVz+Ep9mjwe8AKJjPrCYTGVeHZyOun",
"8072840a-31e9-4c8d-ba55-822236faa5ed","LAJA_001.basePlot.bet","D04","LAJA","LAJA_001","E","distributed","grasslandHerbaceous",18.024529,-67.076837,"WGS84",20.1,20.1,0.1,"2016-05-03","2016-05-17","LAJA.2016.20",14,"Y","LAJA_001.E.20160517","Ok","Ok","Low","NEON.DOC.014050vH","dkUVz+Ep9mjwe8AKJjPrCYTGVeHZyOun",
"9a84588f-4a6d-441b-9de9-9843141f6677","LAJA_004.basePlot.bet","D04","LAJA","LAJA_004","E","distributed","pastureHay",18.017803,-67.080880,"WGS84",20.0,14.8,0.0,"2016-05-03","2016-05-17","LAJA.2016.20",14,"Y","LAJA_004.E.20160517","Ok","Ok","Ok","NEON.DOC.014050vH","JYpGqoh1QQ3eP5RIJnpEN1WEYfJadbWZ",
"d34464a5-55c3-4b9c-a108-9e50cfaabf06","LAJA_007.basePlot.bet","D04","LAJA","LAJA_007","E","distributed","pastureHay",18.027800,-67.078506,"WGS84",20.1,23.7,0.1,"2016-05-03","2016-05-17","LAJA.2016.20",14,"Y","LAJA_007.E.20160517","Ok","Ok","Ok","NEON.DOC.014050vH","dkUVz+Ep9mjwe8AKJjPrCYTGVeHZyOun","Tractor working on plot area. Trap not reset."
"4f20313c-7766-4e63-b093-580482569193","LAJA_005.basePlot.bet","D04","LAJA","LAJA_005","E","distributed","pastureHay",18.025704,-67.084747,"WGS84",20.0,20.8,0.0,"2016-05-03","2016-05-17","LAJA.2016.20",14,"Y","LAJA_005.E.20160517","Ok","Ok","Ok","NEON.DOC.014050vH","dkUVz+Ep9mjwe8AKJjPrCYTGVeHZyOun",
"68c90b34-f613-4d97-aa65-5eae31844f20","LAJA_006.basePlot.bet","D04","LAJA","LAJA_006","E","distributed","pastureHay",18.020279,-67.084819,"WGS84",20.0,15.8,0.0,"2016-05-03","2016-05-17","LAJA.2016.20",14,"Y","LAJA_006.E.20160517","Ok","Disturbed","Ok","NEON.DOC.014050vH","JYpGqoh1QQ3eP5RIJnpEN1WEYfJadbWZ","Lids were run over by tractor."
"dec0ea55-4bc8-4fa6-9024-3d09188946aa","LAJA_017.basePlot.bet","D04","LAJA","LAJA_017","E","distributed","cultivatedCrops",18.017713,-67.074931,"WGS84",20.1,14.8,0.1,"2016-05-03","2016-05-17","LAJA.2016.20",14,"Y","LAJA_017.E.20160517","Ok","Ok","Low","NEON.DOC.014050vH","dkUVz+Ep9mjwe8AKJjPrCYTGVeHZyOun",
"5b5facfb-a27e-41ce-9831-f0a1d15bcfdb","LAJA_009.basePlot.bet","D04","LAJA","LAJA_009","E","distributed","grasslandHerbaceous",18.032303,-67.069111,"WGS84",20.1,25.1,0.1,"2016-05-03","2016-05-17","LAJA.2016.20",14,"Y","LAJA_009.E.20160517","Ok","Ok","Ok","NEON.DOC.014050vH","dkUVz+Ep9mjwe8AKJjPrCYTGVeHZyOun",
"993621e1-86e3-4363-b1d4-84cab0195fb1","LAJA_003.basePlot.bet","D04","LAJA","LAJA_003","E","distributed","pastureHay",18.025922,-67.081365,"WGS84",20.0,21.1,0.0,"2016-05-03","2016-05-17","LAJA.2016.20",14,"N",,"Missing","Disturbed",,"NEON.DOC.014050vH","JYpGqoh1QQ3eP5RIJnpEN1WEYfJadbWZ","Lids and cups were damaged by plow tractor."
"2ec1b569-a3c7-46b3-92a8-3982ec52e982","LAJA_009.basePlot.bet","D04","LAJA","LAJA_009","N","distributed","grasslandHerbaceous",18.032303,-67.069111,"WGS84",20.1,25.1,0.1,"2016-05-03","2016-05-17","LAJA.2016.20",14,"Y","LAJA_009.N.20160517","Ok","Ok","Ok","NEON.DOC.014050vH","dkUVz+Ep9mjwe8AKJjPrCYTGVeHZyOun",
"69c66556-9ab3-4d42-944c-05f2f69905cd","LAJA_003.basePlot.bet","D04","LAJA","LAJA_003","N","distributed","pastureHay",18.025922,-67.081365,"WGS84",20.0,21.1,0.0,"2016-05-03","2016-05-17","LAJA.2016.20",14,"N",,"Missing","Disturbed",,"NEON.DOC.014050vH","JYpGqoh1QQ3eP5RIJnpEN1WEYfJadbWZ","Lids and cups were damaged by plow tractor."
"c3419686-652c-49b0-b12d-bae379243146","LAJA_017.basePlot.bet","D04","LAJA","LAJA_017","N","distributed","cultivatedCrops",18.017713,-67.074931,"WGS84",20.1,14.8,0.1,"2016-05-03","2016-05-17","LAJA.2016.20",14,"Y","LAJA_017.N.20160517","Ok","Ok","Low","NEON.DOC.014050vH","dkUVz+Ep9mjwe8AKJjPrCYTGVeHZyOun",
"6c58783b-07b6-41ef-ac12-47b9e4e2e459","LAJA_005.basePlot.bet","D04","LAJA","LAJA_005","N","distributed","pastureHay",18.025704,-67.084747,"WGS84",20.0,20.8,0.0,"2016-05-03","2016-05-17","LAJA.2016.20",14,"Y","LAJA_005.N.20160517","Ok","Ok","Ok","NEON.DOC.014050vH","2G6jL1xU09kc++3fEPpQLkA2cHzpx8zXwl+Jr/s/QvQ=",
"77b1dca1-a833-431a-b00a-cf5a5af722c3","LAJA_006.basePlot.bet","D04","LAJA","LAJA_006","N","distributed","pastureHay",18.020279,-67.084819,"WGS84",20.0,15.8,0.0,"2016-05-03","2016-05-17","LAJA.2016.20",14,"Y","LAJA_006.N.20160517","Ok","Disturbed","Ok","NEON.DOC.014050vH","JYpGqoh1QQ3eP5RIJnpEN1WEYfJadbWZ","Lids were run over by tractor."
"92cab5e2-c9d2-4df1-81a2-8b11ce17e5a4","LAJA_004.basePlot.bet","D04","LAJA","LAJA_004","N","distributed","pastureHay",18.017803,-67.080880,"WGS84",20.0,14.8,0.0,"2016-05-03","2016-05-17","LAJA.2016.20",14,"Y","LAJA_004.N.20160517","Ok","Ok","Ok","NEON.DOC.014050vH","JYpGqoh1QQ3eP5RIJnpEN1WEYfJadbWZ",
"04babbad-5286-4f2e-b316-543bede2fbe9","LAJA_007.basePlot.bet","D04","LAJA","LAJA_007","N","distributed","pastureHay",18.027800,-67.078506,"WGS84",20.1,23.7,0.1,"2016-05-03","2016-05-17","LAJA.2016.20",14,"Y","LAJA_007.N.20160517","Ok","Ok","Ok","NEON.DOC.014050vH","dkUVz+Ep9mjwe8AKJjPrCYTGVeHZyOun","Tractor working on plot area. Trap not reset."
"7bfe7372-fd42-4b62-be97-545d9b297dbe","LAJA_002.basePlot.bet","D04","LAJA","LAJA_002","N","distributed","cultivatedCrops",18.035349,-67.073332,"WGS84",20.0,31.2,0.0,"2016-05-03","2016-05-17","LAJA.2016.20",14,"Y","LAJA_002.N.20160517","Ok","Ok","Ok","NEON.DOC.014050vH","dkUVz+Ep9mjwe8AKJjPrCYTGVeHZyOun",
"bff721ae-69ef-401c-884f-5c45bfd5a8cc","LAJA_001.basePlot.bet","D04","LAJA","LAJA_001","N","distributed","grasslandHerbaceous",18.024529,-67.076837,"WGS84",20.1,20.1,0.1,"2016-05-03","2016-05-17","LAJA.2016.20",14,"Y","LAJA_001.N.20160517","Ok","Ok","Ok","NEON.DOC.014050vH","dkUVz+Ep9mjwe8AKJjPrCYTGVeHZyOun",
"f7105aea-47bb-449e-ae52-d76ea2e7f788","LAJA_015.basePlot.bet","D04","LAJA","LAJA_015","N","distributed","evergreenForest",18.034461,-67.066824,"WGS84",20.2,27.0,0.2,"2016-05-03","2016-05-17","LAJA.2016.20",14,"Y","LAJA_015.N.20160517","Ok","Ok","Low","NEON.DOC.014050vH","dkUVz+Ep9mjwe8AKJjPrCYTGVeHZyOun",
"0f218d32-d0d1-430d-88e6-a681efdd5edc","LAJA_005.basePlot.bet","D04","LAJA","LAJA_005","S","distributed","pastureHay",18.025704,-67.084747,"WGS84",20.0,20.8,0.0,"2016-05-03","2016-05-17","LAJA.2016.20",14,"Y","LAJA_005.S.20160517","Ok","Ok","Ok","NEON.DOC.014050vH","2G6jL1xU09kc++3fEPpQLkA2cHzpx8zXwl+Jr/s/QvQ=",
"ee019fcd-2c43-4b62-8cb1-f68e92df8b8c","LAJA_007.basePlot.bet","D04","LAJA","LAJA_007","S","distributed","pastureHay",18.027800,-67.078506,"WGS84",20.1,23.7,0.1,"2016-05-03","2016-05-17","LAJA.2016.20",14,"Y","LAJA_007.S.20160517","Ok","Ok","Ok","NEON.DOC.014050vH","dkUVz+Ep9mjwe8AKJjPrCYTGVeHZyOun","Tractor working on plot area. Trap not reset."
"99dae1e1-21cd-41e8-b616-b6031dab6e21","LAJA_001.basePlot.bet","D04","LAJA","LAJA_001","S","distributed","grasslandHerbaceous",18.024529,-67.076837,"WGS84",20.1,20.1,0.1,"2016-05-03","2016-05-17","LAJA.2016.20",14,"Y","LAJA_001.S.20160517","Ok","Ok","Low","NEON.DOC.014050vH","dkUVz+Ep9mjwe8AKJjPrCYTGVeHZyOun",
"5de4f37d-76ec-4223-b17d-de46106cc5b8","LAJA_004.basePlot.bet","D04","LAJA","LAJA_004","S","distributed","pastureHay",18.017803,-67.080880,"WGS84",20.0,14.8,0.0,"2016-05-03","2016-05-17","LAJA.2016.20",14,"Y","LAJA_004.S.20160517","Ok","Ok","Ok","NEON.DOC.014050vH","JYpGqoh1QQ3eP5RIJnpEN1WEYfJadbWZ",
"ae3e14ed-660a-422d-bc4f-68795786a9ea","LAJA_015.basePlot.bet","D04","LAJA","LAJA_015","S","distributed","evergreenForest",18.034461,-67.066824,"WGS84",20.2,27.0,0.2,"2016-05-03","2016-05-17","LAJA.2016.20",14,"Y","LAJA_015.S.20160517","Ok","Ok","Ok","NEON.DOC.014050vH","dkUVz+Ep9mjwe8AKJjPrCYTGVeHZyOun",
"8baa66dd-ddcf-4e93-ab15-58c25aaad695","LAJA_002.basePlot.bet","D04","LAJA","LAJA_002","S","distributed","cultivatedCrops",18.035349,-67.073332,"WGS84",20.0,31.2,0.0,"2016-05-03","2016-05-17","LAJA.2016.20",14,"Y","LAJA_002.S.20160517","Ok","Ok","Ok","NEON.DOC.014050vH","dkUVz+Ep9mjwe8AKJjPrCYTGVeHZyOun",
"0c21099b-2f87-4606-8828-cfc3a0796118","LAJA_003.basePlot.bet","D04","LAJA","LAJA_003","S","distributed","pastureHay",18.025922,-67.081365,"WGS84",20.0,21.1,0.0,"2016-05-03","2016-05-17","LAJA.2016.20",14,"N",,"Missing","Disturbed",,"NEON.DOC.014050vH","JYpGqoh1QQ3eP5RIJnpEN1WEYfJadbWZ","Lids and cups were damaged by plow tractor."
"8de46064-e94b-40d6-8a2c-397c3fec4817","LAJA_006.basePlot.bet","D04","LAJA","LAJA_006","S","distributed","pastureHay",18.020279,-67.084819,"WGS84",20.0,15.8,0.0,"2016-05-03","2016-05-17","LAJA.2016.20",14,"Y","LAJA_006.S.20160517","Ok","Disturbed","Ok","NEON.DOC.014050vH","JYpGqoh1QQ3eP5RIJnpEN1WEYfJadbWZ","Lids were run over by tractor."
"4ae5cd44-5a20-4aa4-a6b1-393c5665ac23","LAJA_017.basePlot.bet","D04","LAJA","LAJA_017","S","distributed","cultivatedCrops",18.017713,-67.074931,"WGS84",20.1,14.8,0.1,"2016-05-03","2016-05-17","LAJA.2016.20",14,"Y","LAJA_017.S.20160517","Ok","Ok","Low","NEON.DOC.014050vH","dkUVz+Ep9mjwe8AKJjPrCYTGVeHZyOun",
"aad9e2ab-86ec-40b0-a432-7704a189c183","LAJA_009.basePlot.bet","D04","LAJA","LAJA_009","S","distributed","grasslandHerbaceous",18.032303,-67.069111,"WGS84",20.1,25.1,0.1,"2016-05-03","2016-05-17","LAJA.2016.20",14,"Y","LAJA_009.S.20160517","Ok","Ok","Ok","NEON.DOC.014050vH","dkUVz+Ep9mjwe8AKJjPrCYTGVeHZyOun",
"b7668b66-0ff7-4218-b66e-64e818c7886a","LAJA_007.basePlot.bet","D04","LAJA","LAJA_007","W","distributed","pastureHay",18.027800,-67.078506,"WGS84",20.1,23.7,0.1,"2016-05-03","2016-05-17","LAJA.2016.20",14,"Y","LAJA_007.W.20160517","Ok","Ok","Ok","NEON.DOC.014050vH","dkUVz+Ep9mjwe8AKJjPrCYTGVeHZyOun","Tractor working on plot area. Trap not reset."
"f098a684-7be7-4b90-8187-e1fda0909078","LAJA_001.basePlot.bet","D04","LAJA","LAJA_001","W","distributed","grasslandHerbaceous",18.024529,-67.076837,"WGS84",20.1,20.1,0.1,"2016-05-03","2016-05-17","LAJA.2016.20",14,"Y","LAJA_001.W.20160517","Ok","Ok","Low","NEON.DOC.014050vH","dkUVz+Ep9mjwe8AKJjPrCYTGVeHZyOun",
"5e33a12d-fcec-4749-a124-d10a0a22c10d","LAJA_004.basePlot.bet","D04","LAJA","LAJA_004","W","distributed","pastureHay",18.017803,-67.080880,"WGS84",20.0,14.8,0.0,"2016-05-03","2016-05-17","LAJA.2016.20",14,"Y","LAJA_004.W.20160517","Ok","Ok","Ok","NEON.DOC.014050vH","JYpGqoh1QQ3eP5RIJnpEN1WEYfJadbWZ",
"fd395827-3f76-4226-b1d4-d90196ca9964","LAJA_015.basePlot.bet","D04","LAJA","LAJA_015","W","distributed","evergreenForest",18.034461,-67.066824,"WGS84",20.2,27.0,0.2,"2016-05-03","2016-05-17","LAJA.2016.20",14,"Y","LAJA_015.W.20160517","Ok","Ok","Ok","NEON.DOC.014050vH","dkUVz+Ep9mjwe8AKJjPrCYTGVeHZyOun",
"765dfdfa-4d6a-4f15-af8d-7dc141773632","LAJA_003.basePlot.bet","D04","LAJA","LAJA_003","W","distributed","pastureHay",18.025922,-67.081365,"WGS84",20.0,21.1,0.0,"2016-05-03","2016-05-17","LAJA.2016.20",14,"N",,"Missing","Disturbed",,"NEON.DOC.014050vH","JYpGqoh1QQ3eP5RIJnpEN1WEYfJadbWZ","Lids and cups were damaged by plow tractor."
"2657bf1c-5dea-4c77-88d8-0b96a0a80959","LAJA_017.basePlot.bet","D04","LAJA","LAJA_017","W","distributed","cultivatedCrops",18.017713,-67.074931,"WGS84",20.1,14.8,0.1,"2016-05-03","2016-05-17","LAJA.2016.20",14,"Y","LAJA_017.W.20160517","Ok","Ok","Low","NEON.DOC.014050vH","dkUVz+Ep9mjwe8AKJjPrCYTGVeHZyOun",
"86a493de-1fb7-4c71-bd18-fda3c4c8891e","LAJA_009.basePlot.bet","D04","LAJA","LAJA_009","W","distributed","grasslandHerbaceous",18.032303,-67.069111,"WGS84",20.1,25.1,0.1,"2016-05-03","2016-05-17","LAJA.2016.20",14,"Y","LAJA_009.W.20160517","Ok","Ok",,"NEON.DOC.014050vH","dkUVz+Ep9mjwe8AKJjPrCYTGVeHZyOun","No fluid on trap"
"b4d2b936-90ac-4beb-82c5-8adfff9ddfd6","LAJA_005.basePlot.bet","D04","LAJA","LAJA_005","W","distributed","pastureHay",18.025704,-67.084747,"WGS84",20.0,20.8,0.0,"2016-05-03","2016-05-17","LAJA.2016.20",14,"Y","LAJA_005.W.20160517","Ok","Ok","Ok","NEON.DOC.014050vH","2G6jL1xU09kc++3fEPpQLkA2cHzpx8zXwl+Jr/s/QvQ=",
"3ea6b1ae-c901-4743-a7ad-1311216047f0","LAJA_006.basePlot.bet","D04","LAJA","LAJA_006","W","distributed","pastureHay",18.020279,-67.084819,"WGS84",20.0,15.8,0.0,"2016-05-03","2016-05-17","LAJA.2016.20",14,"Y","LAJA_006.W.20160517","Ok","Disturbed","Ok","NEON.DOC.014050vH","JYpGqoh1QQ3eP5RIJnpEN1WEYfJadbWZ","Lids were run over by tractor."
"7888a3ab-3005-40f8-873b-fa7f380fb333","LAJA_002.basePlot.bet","D04","LAJA","LAJA_002","E","distributed","cultivatedCrops",18.035349,-67.073332,"WGS84",20.0,31.2,0.0,"2016-05-03","2016-05-17","LAJA.2016.20",14,"Y","LAJA_002.E.20160517","Ok","Ok","Ok","NEON.DOC.014050vH","dkUVz+Ep9mjwe8AKJjPrCYTGVeHZyOun",
"970b815c-3522-4d58-9f51-b746db8685aa","LAJA_004.basePlot.bet","D04","LAJA","LAJA_004","E","distributed","pastureHay",18.017803,-67.080880,"WGS84",20.0,14.8,0.0,"2016-05-17","2016-05-31","LAJA.2016.22",14,"Y","LAJA_004.E.20160531","Ok","Ok","Ok","NEON.DOC.014050vH","fiApssCEcSVZh4fTchGlfQK3pYYnYQUQ",
"5aba3f66-045e-4c40-83a0-ab80dea0204d","LAJA_015.basePlot.bet","D04","LAJA","LAJA_015","E","distributed","evergreenForest",18.034461,-67.066824,"WGS84",20.2,27.0,0.2,"2016-05-17","2016-05-31","LAJA.2016.22",14,"Y","LAJA_015.E.20160531","Ok","Ok","Ok","NEON.DOC.014050vH","dkUVz+Ep9mjwe8AKJjPrCYTGVeHZyOun",
"e03c6c5c-6ea6-441f-9f84-6c23a83760ae","LAJA_002.basePlot.bet","D04","LAJA","LAJA_002","E","distributed","cultivatedCrops",18.035349,-67.073332,"WGS84",20.0,31.2,0.0,"2016-05-17","2016-05-31","LAJA.2016.22",14,"Y","LAJA_002.E.20160531","Ok","Ok","Ok","NEON.DOC.014050vH","XeHqv51r26YPZRP83jHd/mL5WIALVSyUfb6aXI5a0u0=",
"e29dd31d-c900-4c82-bfcd-6f8c6617a5b7","LAJA_001.basePlot.bet","D04","LAJA","LAJA_001","E","distributed","grasslandHerbaceous",18.024529,-67.076837,"WGS84",20.1,20.1,0.1,"2016-05-17","2016-05-31","LAJA.2016.22",14,"Y","LAJA_001.E.20160531","Ok","Ok","Ok","NEON.DOC.014050vH","XeHqv51r26YPZRP83jHd/mL5WIALVSyUfb6aXI5a0u0=",
"d53e8d58-3477-411e-bacb-37075d5719bb","LAJA_003.basePlot.bet","D04","LAJA","LAJA_003","E","distributed","pastureHay",18.025922,-67.081365,"WGS84",20.0,21.1,0.0,"2016-05-17","2016-05-31","LAJA.2016.22",14,"Y","LAJA_003.E.20160531","Ok","Ok","Ok","NEON.DOC.014050vH","fiApssCEcSVZh4fTchGlfQK3pYYnYQUQ",
"32598dc6-6b8b-46ef-9365-656a021799e2","LAJA_017.basePlot.bet","D04","LAJA","LAJA_017","E","distributed","cultivatedCrops",18.017713,-67.074931,"WGS84",20.1,14.8,0.1,"2016-05-17","2016-05-31","LAJA.2016.22",14,"Y","LAJA_017.E.20160531","Ok","Ok","Ok","NEON.DOC.014050vH","XeHqv51r26YPZRP83jHd/mL5WIALVSyUfb6aXI5a0u0=",
"b27bb58b-8999-4021-9294-542ca543cf5c","LAJA_009.basePlot.bet","D04","LAJA","LAJA_009","E","distributed","grasslandHerbaceous",18.032303,-67.069111,"WGS84",20.1,25.1,0.1,"2016-05-17","2016-05-31","LAJA.2016.22",14,"Y","LAJA_009.E.20160531","Ok","Ok","Ok","NEON.DOC.014050vH","XeHqv51r26YPZRP83jHd/mL5WIALVSyUfb6aXI5a0u0=",
"08feea33-c5d5-4492-a9a5-ced7306e65f0","LAJA_006.basePlot.bet","D04","LAJA","LAJA_006","E","distributed","pastureHay",18.020279,-67.084819,"WGS84",20.0,15.8,0.0,"2016-05-17","2016-05-31","LAJA.2016.22",14,"Y","LAJA_006.E.20160531","Ok","Ok","Ok","NEON.DOC.014050vH","fiApssCEcSVZh4fTchGlfQK3pYYnYQUQ",
"2ff68484-6483-4003-af0c-c9268e57511b","LAJA_005.basePlot.bet","D04","LAJA","LAJA_005","E","distributed","pastureHay",18.025704,-67.084747,"WGS84",20.0,20.8,0.0,"2016-05-17","2016-05-31","LAJA.2016.22",14,"Y","LAJA_005.E.20160531","Ok","Ok","Ok","NEON.DOC.014050vH","fiApssCEcSVZh4fTchGlfQK3pYYnYQUQ",
"ace587f8-5dfd-4882-9f91-1dc1075ac8fa","LAJA_001.basePlot.bet","D04","LAJA","LAJA_001","N","distributed","grasslandHerbaceous",18.024529,-67.076837,"WGS84",20.1,20.1,0.1,"2016-05-17","2016-05-31","LAJA.2016.22",14,"Y","LAJA_001.N.20160531","Ok","Ok","Ok","NEON.DOC.014050vH","XeHqv51r26YPZRP83jHd/mL5WIALVSyUfb6aXI5a0u0=",
"0e3b84d2-9bd2-440e-b7aa-14b9786f994b","LAJA_004.basePlot.bet","D04","LAJA","LAJA_004","N","distributed","pastureHay",18.017803,-67.080880,"WGS84",20.0,14.8,0.0,"2016-05-17","2016-05-31","LAJA.2016.22",14,"Y","LAJA_004.N.20160531","Ok","Ok","Ok","NEON.DOC.014050vH","fiApssCEcSVZh4fTchGlfQK3pYYnYQUQ",
"2e5e2f8f-b6ab-4f42-ae26-97ebd5eb5c46","LAJA_015.basePlot.bet","D04","LAJA","LAJA_015","N","distributed","evergreenForest",18.034461,-67.066824,"WGS84",20.2,27.0,0.2,"2016-05-17","2016-05-31","LAJA.2016.22",14,"Y","LAJA_015.N.20160531","Ok","Ok","Ok","NEON.DOC.014050vH","dkUVz+Ep9mjwe8AKJjPrCYTGVeHZyOun",
"64313269-7f9e-4753-9bd0-ac1e2a0ae207","LAJA_002.basePlot.bet","D04","LAJA","LAJA_002","N","distributed","cultivatedCrops",18.035349,-67.073332,"WGS84",20.0,31.2,0.0,"2016-05-17","2016-05-31","LAJA.2016.22",14,"Y","LAJA_002.N.20160531","Ok","Ok","Ok","NEON.DOC.014050vH","XeHqv51r26YPZRP83jHd/mL5WIALVSyUfb6aXI5a0u0=",
"fd0a5d5a-0fb8-468d-a389-0bf8a29e3c25","LAJA_003.basePlot.bet","D04","LAJA","LAJA_003","N","distributed","pastureHay",18.025922,-67.081365,"WGS84",20.0,21.1,0.0,"2016-05-17","2016-05-31","LAJA.2016.22",14,"Y","LAJA_003.N.20160531","Ok","Ok","Ok","NEON.DOC.014050vH","fiApssCEcSVZh4fTchGlfQK3pYYnYQUQ",
"a6b59600-94fe-4eca-95f3-a9e3b2403ae3","LAJA_009.basePlot.bet","D04","LAJA","LAJA_009","N","distributed","grasslandHerbaceous",18.032303,-67.069111,"WGS84",20.1,25.1,0.1,"2016-05-17","2016-05-31","LAJA.2016.22",14,"Y","LAJA_009.N.20160531","Ok","Ok","Ok","NEON.DOC.014050vH","XeHqv51r26YPZRP83jHd/mL5WIALVSyUfb6aXI5a0u0=",
"8253b4c4-ae46-4602-8263-3d66e3c4727f","LAJA_017.basePlot.bet","D04","LAJA","LAJA_017","N","distributed","cultivatedCrops",18.017713,-67.074931,"WGS84",20.1,14.8,0.1,"2016-05-17","2016-05-31","LAJA.2016.22",14,"Y","LAJA_017.N.20160531","Ok","Ok","Ok","NEON.DOC.014050vH","XeHqv51r26YPZRP83jHd/mL5WIALVSyUfb6aXI5a0u0=",
"7e865726-6bb8-48ea-8ccb-ee28817733fa","LAJA_005.basePlot.bet","D04","LAJA","LAJA_005","N","distributed","pastureHay",18.025704,-67.084747,"WGS84",20.0,20.8,0.0,"2016-05-17","2016-05-31","LAJA.2016.22",14,"Y","LAJA_005.N.20160531","Ok","Ok","Low","NEON.DOC.014050vH","fiApssCEcSVZh4fTchGlfQK3pYYnYQUQ",
"3829a1da-b62e-4dcb-9a1c-3dce177caeef","LAJA_006.basePlot.bet","D04","LAJA","LAJA_006","N","distributed","pastureHay",18.020279,-67.084819,"WGS84",20.0,15.8,0.0,"2016-05-17","2016-05-31","LAJA.2016.22",14,"Y","LAJA_006.N.20160531","Ok","Ok","Ok","NEON.DOC.014050vH","fiApssCEcSVZh4fTchGlfQK3pYYnYQUQ",
"bfcddb58-47b7-4d17-8eec-ecb19049f1a3","LAJA_009.basePlot.bet","D04","LAJA","LAJA_009","S","distributed","grasslandHerbaceous",18.032303,-67.069111,"WGS84",20.1,25.1,0.1,"2016-05-17","2016-05-31","LAJA.2016.22",14,"Y","LAJA_009.S.20160531","Ok","Ok","Ok","NEON.DOC.014050vH","XeHqv51r26YPZRP83jHd/mL5WIALVSyUfb6aXI5a0u0=",
"cedcc2ae-0f18-41bd-9332-a30d0b3fd48d","LAJA_003.basePlot.bet","D04","LAJA","LAJA_003","S","distributed","pastureHay",18.025922,-67.081365,"WGS84",20.0,21.1,0.0,"2016-05-17","2016-05-31","LAJA.2016.22",14,"Y","LAJA_003.S.20160531","Ok","Ok","Ok","NEON.DOC.014050vH","fiApssCEcSVZh4fTchGlfQK3pYYnYQUQ",
"c28f4f54-cf46-454e-ba7c-99666656a773","LAJA_006.basePlot.bet","D04","LAJA","LAJA_006","S","distributed","pastureHay",18.020279,-67.084819,"WGS84",20.0,15.8,0.0,"2016-05-17","2016-05-31","LAJA.2016.22",14,"Y","LAJA_006.S.20160531","Ok","Ok","Ok","NEON.DOC.014050vH","fiApssCEcSVZh4fTchGlfQK3pYYnYQUQ",
"de34c593-0ed9-4abc-8bb5-794557c527fe","LAJA_017.basePlot.bet","D04","LAJA","LAJA_017","S","distributed","cultivatedCrops",18.017713,-67.074931,"WGS84",20.1,14.8,0.1,"2016-05-17","2016-05-31","LAJA.2016.22",14,"Y","LAJA_017.S.20160531","Ok","Ok","Ok","NEON.DOC.014050vH","XeHqv51r26YPZRP83jHd/mL5WIALVSyUfb6aXI5a0u0=",
"29b9ee2e-b246-4609-a099-7864174e24a1","LAJA_005.basePlot.bet","D04","LAJA","LAJA_005","S","distributed","pastureHay",18.025704,-67.084747,"WGS84",20.0,20.8,0.0,"2016-05-17","2016-05-31","LAJA.2016.22",14,"Y","LAJA_005.S.20160531","Ok","Ok","Ok","NEON.DOC.014050vH","fiApssCEcSVZh4fTchGlfQK3pYYnYQUQ",
"34758091-0f6e-41e0-9b74-304cb91388a1","LAJA_004.basePlot.bet","D04","LAJA","LAJA_004","S","distributed","pastureHay",18.017803,-67.080880,"WGS84",20.0,14.8,0.0,"2016-05-17","2016-05-31","LAJA.2016.22",14,"Y","LAJA_004.S.20160531","Ok","Ok","Ok","NEON.DOC.014050vH","fiApssCEcSVZh4fTchGlfQK3pYYnYQUQ",
"38efb0c1-fa9e-40d1-80de-03258b1c550f","LAJA_001.basePlot.bet","D04","LAJA","LAJA_001","S","distributed","grasslandHerbaceous",18.024529,-67.076837,"WGS84",20.1,20.1,0.1,"2016-05-17","2016-05-31","LAJA.2016.22",14,"Y","LAJA_001.S.20160531","Ok","Ok","Ok","NEON.DOC.014050vH","XeHqv51r26YPZRP83jHd/mL5WIALVSyUfb6aXI5a0u0=",
"e5f32abd-6a62-4e25-b027-30c84e7dee1c","LAJA_015.basePlot.bet","D04","LAJA","LAJA_015","S","distributed","evergreenForest",18.034461,-67.066824,"WGS84",20.2,27.0,0.2,"2016-05-17","2016-05-31","LAJA.2016.22",14,"Y","LAJA_015.S.20160531","Ok","Ok","Ok","NEON.DOC.014050vH","dkUVz+Ep9mjwe8AKJjPrCYTGVeHZyOun",
"aa3571d4-57c8-4100-9a27-3825b8582f43","LAJA_002.basePlot.bet","D04","LAJA","LAJA_002","S","distributed","cultivatedCrops",18.035349,-67.073332,"WGS84",20.0,31.2,0.0,"2016-05-17","2016-05-31","LAJA.2016.22",14,"Y","LAJA_002.S.20160531","Ok","Ok","Ok","NEON.DOC.014050vH","XeHqv51r26YPZRP83jHd/mL5WIALVSyUfb6aXI5a0u0=",
"4772f3d8-f351-4d33-92b7-200ab5dfcd83","LAJA_004.basePlot.bet","D04","LAJA","LAJA_004","W","distributed","pastureHay",18.017803,-67.080880,"WGS84",20.0,14.8,0.0,"2016-05-17","2016-05-31","LAJA.2016.22",14,"Y","LAJA_004.W.20160531","Ok","Ok","Ok","NEON.DOC.014050vH","fiApssCEcSVZh4fTchGlfQK3pYYnYQUQ",
"cab59af4-8b9d-473b-94f1-f097dd17860c","LAJA_001.basePlot.bet","D04","LAJA","LAJA_001","W","distributed","grasslandHerbaceous",18.024529,-67.076837,"WGS84",20.1,20.1,0.1,"2016-05-17","2016-05-31","LAJA.2016.22",14,"Y","LAJA_001.W.20160531","Ok","Ok","Ok","NEON.DOC.014050vH","XeHqv51r26YPZRP83jHd/mL5WIALVSyUfb6aXI5a0u0=",
"effa15f4-5bdb-4fbd-b9dc-8983e97eec54","LAJA_002.basePlot.bet","D04","LAJA","LAJA_002","W","distributed","cultivatedCrops",18.035349,-67.073332,"WGS84",20.0,31.2,0.0,"2016-05-17","2016-05-31","LAJA.2016.22",14,"Y","LAJA_002.W.20160531","Ok","Ok","Ok","NEON.DOC.014050vH","XeHqv51r26YPZRP83jHd/mL5WIALVSyUfb6aXI5a0u0=",
"55b7c193-2039-4f72-8896-e4c8701d197d","LAJA_015.basePlot.bet","D04","LAJA","LAJA_015","W","distributed","evergreenForest",18.034461,-67.066824,"WGS84",20.2,27.0,0.2,"2016-05-17","2016-05-31","LAJA.2016.22",14,"Y","LAJA_015.W.20160531","Ok","Ok","Ok","NEON.DOC.014050vH","dkUVz+Ep9mjwe8AKJjPrCYTGVeHZyOun",
"58a2111f-812e-4e9b-a4ba-22de80b90e30","LAJA_009.basePlot.bet","D04","LAJA","LAJA_009","W","distributed","grasslandHerbaceous",18.032303,-67.069111,"WGS84",20.1,25.1,0.1,"2016-05-17","2016-05-31","LAJA.2016.22",14,"Y","LAJA_009.W.20160531","Ok","Ok","Ok","NEON.DOC.014050vH","XeHqv51r26YPZRP83jHd/mL5WIALVSyUfb6aXI5a0u0=",
"d0586349-1163-420f-8a86-713d04c1894b","LAJA_017.basePlot.bet","D04","LAJA","LAJA_017","W","distributed","cultivatedCrops",18.017713,-67.074931,"WGS84",20.1,14.8,0.1,"2016-05-17","2016-05-31","LAJA.2016.22",14,"Y","LAJA_017.W.20160531","Ok","Ok","Ok","NEON.DOC.014050vH","XeHqv51r26YPZRP83jHd/mL5WIALVSyUfb6aXI5a0u0=",
"101a2d4a-f3be-4401-9cf3-ad8cfc1b21f2","LAJA_003.basePlot.bet","D04","LAJA","LAJA_003","W","distributed","pastureHay",18.025922,-67.081365,"WGS84",20.0,21.1,0.0,"2016-05-17","2016-05-31","LAJA.2016.22",14,"Y","LAJA_003.W.20160531","Ok","Ok","Low","NEON.DOC.014050vH","fiApssCEcSVZh4fTchGlfQK3pYYnYQUQ",
"7272bf35-1954-4157-9cfb-d02a58380050","LAJA_006.basePlot.bet","D04","LAJA","LAJA_006","W","distributed","pastureHay",18.020279,-67.084819,"WGS84",20.0,15.8,0.0,"2016-05-17","2016-05-31","LAJA.2016.22",14,"Y","LAJA_006.W.20160531","Ok","Ok","Ok","NEON.DOC.014050vH","fiApssCEcSVZh4fTchGlfQK3pYYnYQUQ",
"4ef8697d-4759-48dd-a246-d6453bab66ed","LAJA_005.basePlot.bet","D04","LAJA","LAJA_005","W","distributed","pastureHay",18.025704,-67.084747,"WGS84",20.0,20.8,0.0,"2016-05-17","2016-05-31","LAJA.2016.22",14,"Y","LAJA_005.W.20160531","Ok","Ok","Low","NEON.DOC.014050vH","fiApssCEcSVZh4fTchGlfQK3pYYnYQUQ",
