uid,namedLocation,domainID,siteID,plotID,trapID,setDate,collectDate,processingDate,identifiedDate,subsampleID,individualID,taxonID,scientificName,taxonRank,identificationQualifier,scientificNameAuthorship,morphospeciesID,identificationReferences,totalLength,identifiedBy,recordedBy,remarks
"b5f1d323-22cb-4be3-870d-f54945c80dd4","CPER_001.basePlot.bet","D10","CPER","CPER_001","E","2015-07-30","2015-08-13","2016-02-22","2016-02-22","BEtTVHT1LvGmeSf6iWM9MK2vt5trrUUtRBFuFd5nDR4=","NEON.BET.D10.002882","CARSP14","Carabidae sp.","family",,"Latreille","D10.2015.MorphK","Other",,"Ji4OKY0Opajnq0SAWKqACItMAkkkfnH7","Ji4OKY0Opajnq0SAWKqACItMAkkkfnH7","probably AGOCON. Small species with rounded prototum. Often with rufous pronotum and darker head and elytra. One setae above eye."
"008d7804-9f6c-4c1a-9430-ea7fda7cc288","CPER_003.basePlot.bet","D10","CPER","CPER_003","E","2015-07-30","2015-08-13","2016-02-23","2016-02-23","omCPNZnkoGT/LO+3sbrEpbcOPswZd/v4N5bbw8vWxss=","NEON.BET.D10.002893","CARSP14","Carabidae sp.","family",,"Latreille","D10.2015.MorphK","Other",,"Ji4OKY0Opajnq0SAWKqACItMAkkkfnH7","Ji4OKY0Opajnq0SAWKqACItMAkkkfnH7","probably AGOCON. Small species with rounded prototum. Often with rufous pronotum and darker head and elytra. One setae above eye."
"3b335074-1701-47d9-a65c-1987b2b14c2a","CPER_003.basePlot.bet","D10","CPER","CPER_003","E","2015-07-30","2015-08-13","2016-03-17","2016-03-17","omCPNZnkoGT/LO+3sbrEpRNcIaGsT1FhOZOnFfv/nTQ=","NEON.BET.D10.003076","AMACON3","Amara convexa","species",,"LeConte",,"Other",,"Ji4OKY0Opajnq0SAWKqACItMAkkkfnH7","Ji4OKY0Opajnq0SAWKqACItMAkkkfnH7",
"7bdc198f-8e6b-467c-b543-fb6d844fad03","CPER_003.basePlot.bet","D10","CPER","CPER_003","E","2015-07-30","2015-08-13","2016-03-17","2016-03-17","omCPNZnkoGT/LO+3sbrEpRNcIaGsT1FhOZOnFfv/nTQ=","NEON.BET.D10.003074","AMACON3","Amara convexa","species",,"LeConte",,"Other",,"Ji4OKY0Opajnq0SAWKqACItMAkkkfnH7","Ji4OKY0Opajnq0SAWKqACItMAkkkfnH7",
"4d3a12ed-a54d-4fe7-b4e3-04138848d234","CPER_003.basePlot.bet","D10","CPER","CPER_003","E","2015-07-30","2015-08-13","2016-02-23","2016-02-23","omCPNZnkoGT/LO+3sbrEpSqp71//BZL5LjyaEC7Y4js=","NEON.BET.D10.002892","HARDES","Harpalus desertus","species",,"LeConte",,"Other",,"Ji4OKY0Opajnq0SAWKqACItMAkkkfnH7","Ji4OKY0Opajnq0SAWKqACItMAkkkfnH7",
"58768b15-d93e-4938-b70e-6e02091c0088","CPER_002.basePlot.bet","D10","CPER","CPER_002","E","2015-07-30","2015-08-13","2016-02-22","2016-02-22","OMNGlFKVPvQ/Rtp3zTxlWlh+CbMDz9Qt0mnXXRnYh64=","NEON.BET.D10.002884","CHLTOM","Chlaenius tomentosus","species",,"Say",,"Other",,"Ji4OKY0Opajnq0SAWKqACItMAkkkfnH7","Ji4OKY0Opajnq0SAWKqACItMAkkkfnH7",
"1f200c95-9b70-4e4c-9d5f-b0c8a51c32b8","CPER_006.basePlot.bet","D10","CPER","CPER_006","E","2015-07-30","2015-08-13","2016-03-08","2016-03-08","NHMCrMp+/ZWnq0ZeLB6Hsod5LhhqjC2N6pZOjyDb0NA=","NEON.BET.D10.002908","HARDES","Harpalus desertus","species",,"LeConte",,"Other",,"Ji4OKY0Opajnq0SAWKqACItMAkkkfnH7","Ji4OKY0Opajnq0SAWKqACItMAkkkfnH7",
"315312ca-8d6f-4610-9ea1-a9e36194896c","CPER_006.basePlot.bet","D10","CPER","CPER_006","E","2015-07-30","2015-08-13","2016-03-08","2016-03-08","NHMCrMp+/ZWnq0ZeLB6HsrJWGPrUqEczziduphoKTyk=","NEON.BET.D10.002906","AMACON3","Amara convexa","species",,"LeConte",,"Other",,"Ji4OKY0Opajnq0SAWKqACItMAkkkfnH7","Ji4OKY0Opajnq0SAWKqACItMAkkkfnH7",
"70acc93e-e2ff-4f7e-9d97-0158c73aa471","CPER_006.basePlot.bet","D10","CPER","CPER_006","E","2015-07-30","2015-08-13","2016-03-08","2016-03-08","NHMCrMp+/ZWnq0ZeLB6HsrJWGPrUqEczziduphoKTyk=","NEON.BET.D10.002907","AMACON3","Amara convexa","species",,"LeConte",,"Other",,"Ji4OKY0Opajnq0SAWKqACItMAkkkfnH7","Ji4OKY0Opajnq0SAWKqACItMAkkkfnH7",
"eead6fa7-de3d-4fe2-a4eb-5cb34026a60b","CPER_002.basePlot.bet","D10","CPER","CPER_002","E","2015-07-30","2015-08-13","2016-02-22","2016-02-22","OMNGlFKVPvQ/Rtp3zTxlWns642x8K/0OXKZDSB06v/E=","NEON.BET.D10.002883","EURGRO","Euryderus grossus","species",,"Say",,"Other",,"Ji4OKY0Opajnq0SAWKqACItMAkkkfnH7","Ji4OKY0Opajnq0SAWKqACItMAkkkfnH7",
"6ae2bb51-a786-4743-b166-9890062a4531","CPER_008.basePlot.bet","D10","CPER","CPER_008","E","2015-07-30","2015-08-13","2016-02-23","2016-02-23","kqngcYlCVJ75Bh29DXtlM7mQ4AO+wZjUBFaweDyaFwM=","NEON.BET.D10.002902","CARSP14","Carabidae sp.","family",,"Latreille","D10.2015.MorphO","Other",,"Ji4OKY0Opajnq0SAWKqACItMAkkkfnH7","Ji4OKY0Opajnq0SAWKqACItMAkkkfnH7","Harpalus sp. most similar to HARDES in pronotum shape but lacking in punctuation."
"e3d76f3b-3738-455d-9328-ab864564eb4e","CPER_010.basePlot.bet","D10","CPER","CPER_010","E","2015-07-30","2015-08-13","2016-03-08","2016-03-08","DW9ihRbrMtn+HN2c8wy+avqtJx0iZGjDQKLUxZ0hahA=","NEON.BET.D10.002914","CARSP14","Carabidae sp.","family",,"Latreille","D10.2015.MorphE","Other",,"Ji4OKY0Opajnq0SAWKqACItMAkkkfnH7","Ji4OKY0Opajnq0SAWKqACItMAkkkfnH7","Rhadine sp. Shapely pronotum. Punctation around edges of elytra. Entirely rufous in color."
"4498c308-589d-44f3-b360-61d9da6dcfc5","CPER_008.basePlot.bet","D10","CPER","CPER_008","E","2015-07-30","2015-08-13","2016-02-23","2016-02-23","kqngcYlCVJ75Bh29DXtlM7mQ4AO+wZjUuN1kGutIf0o=","NEON.BET.D10.002901","CARSP14","Carabidae sp.","family",,"Latreille","D10.2015.MorphC","Other",,"Ji4OKY0Opajnq0SAWKqACItMAkkkfnH7","Ji4OKY0Opajnq0SAWKqACItMAkkkfnH7","slightly larger than AMACON3. Only segments 1 and 2 of antenna rufous. Two slight fovea on pronotum. Pronotum relatively smooth."
"c0ba2753-6436-4cbc-97ae-be47f3e9fa72","CPER_008.basePlot.bet","D10","CPER","CPER_008","E","2015-07-30","2015-08-13","2016-02-23","2016-02-23","kqngcYlCVJ75Bh29DXtlM+ZTrSgnKkbS2gDh7JLngYk=","NEON.BET.D10.002900","HARPEN","Harpalus pensylvanicus","species",,"DeGeer",,"Other",,"Ji4OKY0Opajnq0SAWKqACItMAkkkfnH7","Ji4OKY0Opajnq0SAWKqACItMAkkkfnH7",
"46d59930-a8ba-4a64-901a-3c6a4b344b17","CPER_007.basePlot.bet","D10","CPER","CPER_007","E","2015-07-30","2015-08-13","2016-03-17","2016-03-17","SOIi55Lib0K4XwXDLPGdvyE2AMCV240G3/ETD8dSEFI=","NEON.BET.D10.003079","AMACON3","Amara convexa","species",,"LeConte",,"Other",,"Ji4OKY0Opajnq0SAWKqACItMAkkkfnH7","Ji4OKY0Opajnq0SAWKqACItMAkkkfnH7",
"acdbfcb4-340f-499b-aa62-60f5492aca9e","CPER_006.basePlot.bet","D10","CPER","CPER_006","E","2015-07-30","2015-08-13","2016-03-08","2016-03-08","NHMCrMp+/ZWnq0ZeLB6HslHnszSpcaheC8xKy4nROCc=","NEON.BET.D10.002905","PIOSET","Piosoma setosum","species",,"LeConte",,"Other",,"Ji4OKY0Opajnq0SAWKqACItMAkkkfnH7","Ji4OKY0Opajnq0SAWKqACItMAkkkfnH7",
"00f3249f-6faa-40f9-8fb9-f2d310025504","CPER_003.basePlot.bet","D10","CPER","CPER_003","E","2015-07-30","2015-08-13","2016-03-17","2016-03-17","omCPNZnkoGT/LO+3sbrEpRNcIaGsT1FhOZOnFfv/nTQ=","NEON.BET.D10.003077","AMACON3","Amara convexa","species",,"LeConte",,"Other",,"Ji4OKY0Opajnq0SAWKqACItMAkkkfnH7","Ji4OKY0Opajnq0SAWKqACItMAkkkfnH7",
"abd8d427-1568-4d08-b02a-3ae86c7d5bd9","CPER_003.basePlot.bet","D10","CPER","CPER_003","E","2015-07-30","2015-08-13","2016-03-17","2016-03-17","omCPNZnkoGT/LO+3sbrEpRNcIaGsT1FhOZOnFfv/nTQ=","NEON.BET.D10.003075","AMACON3","Amara convexa","species",,"LeConte",,"Other",,"Ji4OKY0Opajnq0SAWKqACItMAkkkfnH7","Ji4OKY0Opajnq0SAWKqACItMAkkkfnH7",
"278d21a1-0e90-44fd-96b2-873a68cf0e02","CPER_001.basePlot.bet","D10","CPER","CPER_001","E","2015-07-30","2015-08-13","2016-02-22","2016-02-22","BEtTVHT1LvGmeSf6iWM9MJQiQU+Q2M2//yGGgFuQjW4=","NEON.BET.D10.002880","DISPAR1","Discoderus parallelus","species",,"Haldeman",,"Other",,"Ji4OKY0Opajnq0SAWKqACItMAkkkfnH7","Ji4OKY0Opajnq0SAWKqACItMAkkkfnH7",
"b8a22f01-29ae-4671-9147-81713792b200","CPER_001.basePlot.bet","D10","CPER","CPER_001","E","2015-07-30","2015-08-13","2016-02-22","2016-02-22","BEtTVHT1LvGmeSf6iWM9ML+W98iCrFSVNVK4wQy+e2E=","NEON.BET.D10.002879","CHLTOM","Chlaenius tomentosus","species",,"Say",,"Other",,"Ji4OKY0Opajnq0SAWKqACItMAkkkfnH7","Ji4OKY0Opajnq0SAWKqACItMAkkkfnH7",
"a9c83ed8-30e1-4e34-9629-5a06b43d2937","CPER_001.basePlot.bet","D10","CPER","CPER_001","E","2015-07-30","2015-08-13","2016-02-22","2016-02-22","BEtTVHT1LvGmeSf6iWM9MK2vt5trrUUtRBFuFd5nDR4=","NEON.BET.D10.002881","CARSP14","Carabidae sp.","family",,"Latreille","D10.2015.MorphI","Other",,"Ji4OKY0Opajnq0SAWKqACItMAkkkfnH7","Ji4OKY0Opajnq0SAWKqACItMAkkkfnH7","Harpalus sp. 90 degree anterior angle that fans out over the elytra. Probably either HAROPA or HARELL."
"3f79e346-7580-4984-a781-463eaa28c4aa","CPER_003.basePlot.bet","D10","CPER","CPER_003","N","2015-07-30","2015-08-13","2016-03-14","2016-03-14","omCPNZnkoGQ4EY4+lZjleQf1nkYBG+R0UpyIR7Fl7S4=","NEON.BET.D10.003111","EURGRO","Euryderus grossus","species",,"Say",,"Other",,"ogjyrGrm3ZwJtEIV6g3OdQaEOdluA3eH","ogjyrGrm3ZwJtEIV6g3OdQaEOdluA3eH",
"288cab8d-ad05-4f05-a278-dba5423ca5b2","CPER_005.basePlot.bet","D10","CPER","CPER_005","N","2015-07-30","2015-08-13","2016-02-23","2016-02-23","e1AKewEwvnFbnAU6tiiq4djlbhxAdHFBw1nx/amCsK0=","NEON.BET.D10.002898","CICPUN","Cicindela punctulata","species",,"Olivier",,"Other",,"Ji4OKY0Opajnq0SAWKqACItMAkkkfnH7","Ji4OKY0Opajnq0SAWKqACItMAkkkfnH7",
"04dbdab6-0f98-415d-bf8f-bdc79323c11a","CPER_003.basePlot.bet","D10","CPER","CPER_003","N","2015-07-30","2015-08-13","2016-03-14","2016-03-14","omCPNZnkoGQ4EY4+lZjleQf1nkYBG+R0UpyIR7Fl7S4=","NEON.BET.D10.003112","EURGRO","Euryderus grossus","species",,"Say",,"Other",,"ogjyrGrm3ZwJtEIV6g3OdQaEOdluA3eH","ogjyrGrm3ZwJtEIV6g3OdQaEOdluA3eH",
"145cd388-b83e-4a7a-af72-ddf44819cea4","CPER_003.basePlot.bet","D10","CPER","CPER_003","N","2015-07-30","2015-08-13","2016-03-17","2016-03-17","omCPNZnkoGQ4EY4+lZjleX4tCwoHoQBhzJHpAkXcDOI=","NEON.BET.D10.003101","AMACON3","Amara convexa","species",,"LeConte",,"Other",,"Ji4OKY0Opajnq0SAWKqACItMAkkkfnH7","Ji4OKY0Opajnq0SAWKqACItMAkkkfnH7",
"0829b8a5-b7f3-47fc-942a-c04197a8aca7","CPER_003.basePlot.bet","D10","CPER","CPER_003","N","2015-07-30","2015-08-13","2016-03-17","2016-03-17","omCPNZnkoGQ4EY4+lZjleX4tCwoHoQBhzJHpAkXcDOI=","NEON.BET.D10.003100","AMACON3","Amara convexa","species",,"LeConte",,"Other",,"Ji4OKY0Opajnq0SAWKqACItMAkkkfnH7","Ji4OKY0Opajnq0SAWKqACItMAkkkfnH7",
"4b8aa6cb-a90d-4c08-8ea3-2263e8d00469","CPER_005.basePlot.bet","D10","CPER","CPER_005","N","2015-07-30","2015-08-13","2016-02-23","2016-02-23","e1AKewEwvnFbnAU6tiiq4W8lrF6P7BZu+X+CmvosOLY=","NEON.BET.D10.002899","CARSP14","Carabidae sp.","family",,"Latreille","D10.2015.MorphM","Other",,"Ji4OKY0Opajnq0SAWKqACItMAkkkfnH7","Ji4OKY0Opajnq0SAWKqACItMAkkkfnH7","Cymindis sp. Legs and antenna rufous in color. Body piceous. Latter margins of pronotum translucent. Punctuation all over head and pronotum and down stria."
"779625c0-d1e6-478f-b7f5-f76992c2fd89","CPER_002.basePlot.bet","D10","CPER","CPER_002","N","2015-07-30","2015-08-13","2016-02-23","2016-02-23","OMNGlFKVPvSRc1yZQBvTIeHsjp7u4Echf27FqcJG/ZA=","NEON.BET.D10.002886","EURGRO","Euryderus grossus","species",,"Say",,"Other",,"Ji4OKY0Opajnq0SAWKqACItMAkkkfnH7","Ji4OKY0Opajnq0SAWKqACItMAkkkfnH7",
"487005c5-05a2-4d67-a458-894c628836d3","CPER_004.basePlot.bet","D10","CPER","CPER_004","N","2015-07-30","2015-08-13","2016-02-23","2016-02-23","eSCyThC0ZO6mu2ZSEN4o8gzeX/6lwfpTsRHf1sUXRik=","NEON.BET.D10.002895","CYCCON1","Cyclotrachelus constrictus","species",,"Say",,"Other",,"Ji4OKY0Opajnq0SAWKqACItMAkkkfnH7","Ji4OKY0Opajnq0SAWKqACItMAkkkfnH7",
"b9f48d33-b4ef-4efe-9529-a326e4fb260d","CPER_003.basePlot.bet","D10","CPER","CPER_003","N","2015-07-30","2015-08-13","2016-03-17","2016-03-17","omCPNZnkoGQ4EY4+lZjlealsQhAckO3XwR65Hzrfpas=","NEON.BET.D10.003102","CARSP14","Carabidae sp.","family",,"Latreille","D10.2015.MorphU","Other",,"Ji4OKY0Opajnq0SAWKqACItMAkkkfnH7","Ji4OKY0Opajnq0SAWKqACItMAkkkfnH7","Amara sp. very smooth pronotum other than slight fovea. Antennal segments 1-3 rufous. Stria on elytra interrupted and unsymmetrical."
"67609ad3-f4c2-44f5-9051-3e74a4d480b3","CPER_005.basePlot.bet","D10","CPER","CPER_005","S","2015-07-30","2015-08-13","2016-03-14","2016-03-14","e1AKewEwvnFtOKGYXMgmkwYMAc7mTOnnxf8l80OHo5w=","NEON.BET.D10.003114","EURGRO","Euryderus grossus","species",,"Say",,"Other",,"ogjyrGrm3ZwJtEIV6g3OdQaEOdluA3eH","ogjyrGrm3ZwJtEIV6g3OdQaEOdluA3eH",
"0c81ab6f-d2b4-4c09-82d3-1a2e0e7a8b98","CPER_008.basePlot.bet","D10","CPER","CPER_008","S","2015-07-30","2015-08-13","2016-02-23","2016-02-23","kqngcYlCVJ4Lw/Dkxc6jpEi/2fQ2GYqhOHvn4vnl6XM=","NEON.BET.D10.002903","CARSP14","Carabidae sp.","family",,"Latreille","D10.2015.MorphP","Other",,"Ji4OKY0Opajnq0SAWKqACItMAkkkfnH7","Ji4OKY0Opajnq0SAWKqACItMAkkkfnH7","Cymindis sp. similar in look but smaller than Morph M. Head pronotum and legs rufous. Elytra rufo-testaceous."
"90c49cb1-712e-495d-9c9a-d52c8ec47f5f","CPER_003.basePlot.bet","D10","CPER","CPER_003","S","2015-07-30","2015-08-13","2016-02-23","2016-02-23","omCPNZnkoGSR7k6XX2iQSfpPtKhPVCeVxLbiVPc1300=","NEON.BET.D10.002889","CRADUB","Cratacanthus dubius","species",,"Palisot de Beauvois",,"Other",,"Ji4OKY0Opajnq0SAWKqACItMAkkkfnH7","Ji4OKY0Opajnq0SAWKqACItMAkkkfnH7",
"8dcf9049-ab42-405d-8478-31b67bb39781","CPER_002.basePlot.bet","D10","CPER","CPER_002","S","2015-07-30","2015-08-13","2016-02-22","2016-02-22","OMNGlFKVPvQ4Ypsx+quWf3PcPzwMCM6o5U7G2U9nvi4=","NEON.BET.D10.002885","PASELO","Pasimachus elongatus","species",,"LeConte",,"Other",,"Ji4OKY0Opajnq0SAWKqACItMAkkkfnH7","Ji4OKY0Opajnq0SAWKqACItMAkkkfnH7",
"5db49b8d-857f-45ca-ab38-bf36468c2db6","CPER_006.basePlot.bet","D10","CPER","CPER_006","S","2015-07-30","2015-08-13","2016-02-22","2016-03-08","NHMCrMp+/ZU4QJif5H5+ZHVr7Og99+0irc9+qS6npSI=","NEON.BET.D10.002912","CARSP14","Carabidae sp.","family",,"Latreille","D10.2015.MorphC","Other",,"Ji4OKY0Opajnq0SAWKqACItMAkkkfnH7","Ji4OKY0Opajnq0SAWKqACItMAkkkfnH7","slightly larger than AMACON3. Only segments 1 and 2 of antenna rufous. Two slight fovea on pronotum. Pronotum relatively smooth."
"6335ab76-2094-4188-896d-77827df8d125","CPER_006.basePlot.bet","D10","CPER","CPER_006","S","2015-07-30","2015-08-13","2016-03-08","2016-03-08","NHMCrMp+/ZU4QJif5H5+ZK9FeTw+4BANuehmxIBhVJQ=","NEON.BET.D10.002910","CICPUN","Cicindela punctulata","species",,"Olivier",,"Other",,"Ji4OKY0Opajnq0SAWKqACItMAkkkfnH7","Ji4OKY0Opajnq0SAWKqACItMAkkkfnH7",
"1d8c6b66-643b-4a4d-8223-e20bcd87ae9b","CPER_001.basePlot.bet","D10","CPER","CPER_001","S","2015-07-30","2015-08-13","2016-02-22","2016-02-22","BEtTVHT1LvGvZZWlfH/OynJ1QwcWZpmhOCZkxOSJrP0=","NEON.BET.D10.002878","CARSP14","Carabidae sp.","family",,"Latreille","D10.2015.MorphI","Other",,"Ji4OKY0Opajnq0SAWKqACItMAkkkfnH7","Ji4OKY0Opajnq0SAWKqACItMAkkkfnH7","Harpalus sp. 90 degree anterior angle that fans out over the elytra. Probably either HAROPA or HARELL."
"0f1fd0a9-34ed-4401-bb34-177b60646e43","CPER_003.basePlot.bet","D10","CPER","CPER_003","S","2015-07-30","2015-08-13","2016-02-23","2016-02-23","omCPNZnkoGSR7k6XX2iQSahoVt3n/RJbrSaTZuW561c=","NEON.BET.D10.002891","HAROPA","Harpalus opacipennis","species","cf. species","Haldeman",,"Other",,"Ji4OKY0Opajnq0SAWKqACItMAkkkfnH7","Ji4OKY0Opajnq0SAWKqACItMAkkkfnH7",
"b94c7a72-7e5d-4310-aa4b-6bac5a7edf62","CPER_003.basePlot.bet","D10","CPER","CPER_003","S","2015-07-30","2015-08-13","2016-02-23","2016-02-23","omCPNZnkoGSR7k6XX2iQST8IpviLzJ/5A78AB71+MBw=","NEON.BET.D10.002890","HARDES","Harpalus desertus","species",,"LeConte",,"Other",,"Ji4OKY0Opajnq0SAWKqACItMAkkkfnH7","Ji4OKY0Opajnq0SAWKqACItMAkkkfnH7",
"b0e78706-bff0-4ad2-a32c-3619d3b9f4d8","CPER_003.basePlot.bet","D10","CPER","CPER_003","S","2015-07-30","2015-08-13","2016-02-23","2016-02-23","omCPNZnkoGSR7k6XX2iQSenphGdJw7QqOfjvTEImhUM=","NEON.BET.D10.002888","CHLTOM","Chlaenius tomentosus","species",,"Say",,"Other",,"Ji4OKY0Opajnq0SAWKqACItMAkkkfnH7","Ji4OKY0Opajnq0SAWKqACItMAkkkfnH7",
"71da8b04-e82c-431f-b991-8fe92831037a","CPER_006.basePlot.bet","D10","CPER","CPER_006","S","2015-07-30","2015-08-13","2016-03-08","2016-03-08","NHMCrMp+/ZU4QJif5H5+ZBeuS/6EXTlZ1RUZM51CeOg=","NEON.BET.D10.002909","EURGRO","Euryderus grossus","species",,"Say",,"Other",,"Ji4OKY0Opajnq0SAWKqACItMAkkkfnH7","Ji4OKY0Opajnq0SAWKqACItMAkkkfnH7",
"1c5bd5ac-599f-4a7b-ae36-54a19e11a629","CPER_004.basePlot.bet","D10","CPER","CPER_004","S","2015-07-30","2015-08-13","2016-03-14","2016-03-14","eSCyThC0ZO4R4lMRUhD6Dqa3H5CcGISThGynZi/IKUA=","NEON.BET.D10.003113","EURGRO","Euryderus grossus","species",,"Say",,"Other",,"ogjyrGrm3ZwJtEIV6g3OdQaEOdluA3eH","ogjyrGrm3ZwJtEIV6g3OdQaEOdluA3eH",
"86e5214c-a6af-4014-8640-02eca48bff13","CPER_006.basePlot.bet","D10","CPER","CPER_006","S","2015-07-30","2015-08-13","2016-03-08","2016-03-08","NHMCrMp+/ZU4QJif5H5+ZPM8quN/Urz4pGPPrBylobo=","NEON.BET.D10.002911","PIOSET","Piosoma setosum","species",,"LeConte",,"Other",,"Ji4OKY0Opajnq0SAWKqACItMAkkkfnH7","Ji4OKY0Opajnq0SAWKqACItMAkkkfnH7",
"97b24fd3-ac79-44d3-882a-20736f6297fc","CPER_003.basePlot.bet","D10","CPER","CPER_003","W","2015-07-30","2015-08-13","2016-03-17","2016-03-17","omCPNZnkoGQh5yGE1cNhputh+F0nyF4ZyldEgNICZPM=","NEON.BET.D10.003072","AMACON3","Amara convexa","species",,"LeConte",,"Other",,"Ji4OKY0Opajnq0SAWKqACItMAkkkfnH7","Ji4OKY0Opajnq0SAWKqACItMAkkkfnH7",
"ccc00803-933a-4633-b662-4fdf0ed29fc6","CPER_006.basePlot.bet","D10","CPER","CPER_006","W","2015-07-30","2015-08-13","2016-03-08","2016-03-08","NHMCrMp+/ZWvcQ7swpkZ6scuk3OCUeUFF/zVnPhRSZ8=","NEON.BET.D10.002904","CICPUN","Cicindela punctulata","species",,"Olivier",,"Other",,"Ji4OKY0Opajnq0SAWKqACItMAkkkfnH7","Ji4OKY0Opajnq0SAWKqACItMAkkkfnH7",
"d46254d4-3132-4e6a-9d8b-61292dee6cc1","CPER_009.basePlot.bet","D10","CPER","CPER_009","W","2015-07-30","2015-08-13","2016-03-08","2016-03-08","KY+Aed9dLRvk/HsTskDdmxXBCzSFDo2vtT9xz0H6ji4=","NEON.BET.D10.002913","CARSP14","Carabidae sp.","family",,"Latreille","D10.2015.MorphK","Other",,"Ji4OKY0Opajnq0SAWKqACItMAkkkfnH7","Ji4OKY0Opajnq0SAWKqACItMAkkkfnH7","probably AGOCON. Small species with rounded prototum. Often with rufous pronotum and darker head and elytra. One setae above eye."
"bca9b78f-f3cd-4eb4-aac7-6d11eefbe627","CPER_003.basePlot.bet","D10","CPER","CPER_003","W","2015-07-30","2015-08-13","2016-03-17","2016-03-17","omCPNZnkoGQh5yGE1cNhputh+F0nyF4ZyldEgNICZPM=","NEON.BET.D10.003071","AMACON3","Amara convexa","species",,"LeConte",,"Other",,"Ji4OKY0Opajnq0SAWKqACItMAkkkfnH7","Ji4OKY0Opajnq0SAWKqACItMAkkkfnH7",
"6092611e-18e1-40f3-ab53-371d16b4e612","CPER_003.basePlot.bet","D10","CPER","CPER_003","W","2015-07-30","2015-08-13","2016-02-23","2016-02-23","omCPNZnkoGQh5yGE1cNhppm5wfJHhJJJ/HHMIAImnlQ=","NEON.BET.D10.002894","CHLTOM","Chlaenius tomentosus","species",,"Say",,"Other",,"Ji4OKY0Opajnq0SAWKqACItMAkkkfnH7","Ji4OKY0Opajnq0SAWKqACItMAkkkfnH7",
"397d9011-9bd4-4e88-a5ed-f6cd4534715c","CPER_004.basePlot.bet","D10","CPER","CPER_004","W","2015-07-30","2015-08-13","2016-02-23","2016-02-23","eSCyThC0ZO58b8njHd7So1nZPoYNXpBSk/YoqykGZaM=","NEON.BET.D10.002896","PASELO","Pasimachus elongatus","species",,"LeConte",,"Other",,"Ji4OKY0Opajnq0SAWKqACItMAkkkfnH7","Ji4OKY0Opajnq0SAWKqACItMAkkkfnH7",
"2fe62c92-e30b-4ba5-999d-77dd39b468e2","CPER_004.basePlot.bet","D10","CPER","CPER_004","W","2015-07-30","2015-08-13","2016-02-23","2016-02-23","eSCyThC0ZO58b8njHd7So1RM7M7QYmw/XXzhF5KrqYc=","NEON.BET.D10.002897","EURGRO","Euryderus grossus","species",,"Say",,"Other",,"Ji4OKY0Opajnq0SAWKqACItMAkkkfnH7","Ji4OKY0Opajnq0SAWKqACItMAkkkfnH7",
"1af79875-ffe1-4c14-8287-081b0a37de01","CPER_010.basePlot.bet","D10","CPER","CPER_010","W","2015-07-30","2015-08-13","2016-03-08","2016-03-08","DW9ihRbrMtmWU27buLbOiJOtbEhoM6lKy17Wj4jxczs=","NEON.BET.D10.002915","CRADUB","Cratacanthus dubius","species",,"Palisot de Beauvois",,"Other",,"Ji4OKY0Opajnq0SAWKqACItMAkkkfnH7","Ji4OKY0Opajnq0SAWKqACItMAkkkfnH7",
"91bc8e37-8c11-4417-8c79-d88b278c8f8c","CPER_002.basePlot.bet","D10","CPER","CPER_002","W","2015-07-30","2015-08-13","2016-02-23","2016-02-23","OMNGlFKVPvSke4TwWW62gJy7O4paZbySvZo5fTlwxXo=","NEON.BET.D10.002887","AMACON3","Amara convexa","species",,"LeConte",,"Other",,"Ji4OKY0Opajnq0SAWKqACItMAkkkfnH7","Ji4OKY0Opajnq0SAWKqACItMAkkkfnH7",
"63aef29d-fffa-428b-b868-514ac4733fa1","CPER_010.basePlot.bet","D10","CPER","CPER_010","W","2015-07-30","2015-08-13","2016-03-08","2016-03-08","DW9ihRbrMtmWU27buLbOiH6q+6un7I/nud55r/aZ83s=","NEON.BET.D10.002916","PASELO","Pasimachus elongatus","species",,"LeConte",,"Other",,"Ji4OKY0Opajnq0SAWKqACItMAkkkfnH7","Ji4OKY0Opajnq0SAWKqACItMAkkkfnH7",
"3d454651-7f9b-43ce-9a21-eba1f6fa8576","CPER_001.basePlot.bet","D10","CPER","CPER_001","W","2015-07-30","2015-08-13","2016-02-22","2016-02-22","BEtTVHT1LvHVoR0nG+zcLW7uxRLv4Q8xr9oSiXZ8VUE=","NEON.BET.D10.002877","ANICAR2","Anisodactylus carbonarius","species",,"Say",,"Other",,"Ji4OKY0Opajnq0SAWKqACItMAkkkfnH7","Ji4OKY0Opajnq0SAWKqACItMAkkkfnH7",
"0e651f2e-650c-4531-80d6-f101d6158e35","CPER_003.basePlot.bet","D10","CPER","CPER_003","W","2015-07-30","2015-08-13","2016-03-17","2016-03-17","omCPNZnkoGQh5yGE1cNhputh+F0nyF4ZyldEgNICZPM=","NEON.BET.D10.003070","AMACON3","Amara convexa","species",,"LeConte",,"Other",,"Ji4OKY0Opajnq0SAWKqACItMAkkkfnH7","Ji4OKY0Opajnq0SAWKqACItMAkkkfnH7",
"78318a9b-fee7-4a07-a062-50507e383205","CPER_003.basePlot.bet","D10","CPER","CPER_003","W","2015-07-30","2015-08-13","2016-03-17","2016-03-17","omCPNZnkoGQh5yGE1cNhputh+F0nyF4ZyldEgNICZPM=","NEON.BET.D10.003073","AMACON3","Amara convexa","species",,"LeConte",,"Other",,"Ji4OKY0Opajnq0SAWKqACItMAkkkfnH7","Ji4OKY0Opajnq0SAWKqACItMAkkkfnH7",
"2c057ccb-0461-4df6-8a07-24b8077a2101","CPER_005.basePlot.bet","D10","CPER","CPER_005","S","2015-08-13","2015-08-27","2016-03-10","2016-03-10","e1AKewEwvnFtOKGYXMgmkxNUk+jGC8WD7fppKK9pkHE=","NEON.BET.D10.002999","CARSP14","Carabidae sp.","family",,"Latreille","D10.2015.MorphM","Other",,"ogjyrGrm3ZwJtEIV6g3OdQaEOdluA3eH","ogjyrGrm3ZwJtEIV6g3OdQaEOdluA3eH","Cymindis sp. Legs and antenna rufous in color. Body piceous. Latter margins of pronotum translucent. Punctuation all over head and pronotum and down stria."
"d1bc6057-1397-47ac-bd34-aa346cf5fb15","CPER_007.basePlot.bet","D10","CPER","CPER_007","S","2015-08-13","2015-08-27","2016-03-10","2016-03-10","SOIi55Lib0IMfQkIK0RtL0lCoUHgJU0w3weBTrtc6G4=","NEON.BET.D10.003010","PASELO","Pasimachus elongatus","species",,"LeConte",,"Other",,"Ji4OKY0Opajnq0SAWKqACItMAkkkfnH7","Ji4OKY0Opajnq0SAWKqACItMAkkkfnH7",
"819d2e85-0937-4a1a-a2dd-13f3030ac1ee","CPER_007.basePlot.bet","D10","CPER","CPER_007","S","2015-08-13","2015-08-27","2016-03-10","2016-03-10","SOIi55Lib0IMfQkIK0RtL9eDakWKDNh4KFbm8+DSCoA=","NEON.BET.D10.003014","CARSP14","Carabidae sp.","family",,"Latreille","D10.2015.MorphI","Other",,"Ji4OKY0Opajnq0SAWKqACItMAkkkfnH7","Ji4OKY0Opajnq0SAWKqACItMAkkkfnH7","Harpalus sp. 90 degree anterior angle that fans out over the elytra. Probably either HAROPA or HARELL."
"acf1210d-2dce-43be-a4fe-fb62f0d4e18e","CPER_007.basePlot.bet","D10","CPER","CPER_007","S","2015-08-13","2015-08-27","2016-03-10","2016-03-10","SOIi55Lib0IMfQkIK0RtL9eDakWKDNh4RqLprwkzW5s=","NEON.BET.D10.003013","CARSP14","Carabidae sp.","family",,"Latreille","D10.2015.MorphS","Other",,"Ji4OKY0Opajnq0SAWKqACItMAkkkfnH7","Ji4OKY0Opajnq0SAWKqACItMAkkkfnH7","single setae above eye. Piceous body and pronotum. pronotum square shaped. Lacking punctate. Two shallow fovea present. Translucent laterally"
"eec29eec-5714-4d2f-8a33-49f40ba64b73","CPER_003.basePlot.bet","D10","CPER","CPER_003","S","2015-08-13","2015-08-27","2016-03-09","2016-03-09","omCPNZnkoGSR7k6XX2iQSTgPfJO/GAm+dKUmCqeBm9w=","NEON.BET.D10.002961","EURGRO","Euryderus grossus","species",,"Say",,"Other",,"XXW8BqPXtz8O/NjgqA/M055oks+wo6V4","XXW8BqPXtz8O/NjgqA/M055oks+wo6V4",
"0fcb1cf6-7877-4f01-b6b5-9ad61d5fc4bd","CPER_003.basePlot.bet","D10","CPER","CPER_003","S","2015-08-13","2015-08-27","2016-03-09","2016-03-09","omCPNZnkoGSR7k6XX2iQSTgPfJO/GAm+dKUmCqeBm9w=","NEON.BET.D10.002960","EURGRO","Euryderus grossus","species",,"Say",,"Other",,"XXW8BqPXtz8O/NjgqA/M055oks+wo6V4","XXW8BqPXtz8O/NjgqA/M055oks+wo6V4",
"677f3ce9-139a-4f78-8c4d-4f13a799b3c9","CPER_003.basePlot.bet","D10","CPER","CPER_003","S","2015-08-13","2015-08-27","2016-03-09","2016-03-09","omCPNZnkoGSR7k6XX2iQSSwksXq7PkVaXtKhZbe6aBY=","NEON.BET.D10.002962","CHLTOM","Chlaenius tomentosus","species",,"Say",,"Other",,"XXW8BqPXtz8O/NjgqA/M055oks+wo6V4","XXW8BqPXtz8O/NjgqA/M055oks+wo6V4",
"0ee25044-567c-4ee3-ae86-a1c65c7deaf9","CPER_003.basePlot.bet","D10","CPER","CPER_003","S","2015-08-13","2015-08-27","2016-03-10","2016-03-10","omCPNZnkoGSR7k6XX2iQSSwksXq7PkVaXtKhZbe6aBY=","NEON.BET.D10.002963","CHLTOM","Chlaenius tomentosus","species",,"Say",,"Other",,"XXW8BqPXtz8O/NjgqA/M055oks+wo6V4","XXW8BqPXtz8O/NjgqA/M055oks+wo6V4",
"2c729e7d-d4a4-4d21-9079-5e31a1517db3","CPER_005.basePlot.bet","D10","CPER","CPER_005","S","2015-08-13","2015-08-27","2016-03-10","2016-03-10","e1AKewEwvnFtOKGYXMgmk/QkP9cSl2uk2ApNhgx5jAk=","NEON.BET.D10.003000","CYCCON1","Cyclotrachelus constrictus","species",,"Say",,"Other",,"ogjyrGrm3ZwJtEIV6g3OdQaEOdluA3eH","ogjyrGrm3ZwJtEIV6g3OdQaEOdluA3eH",
"7208ae79-0a7c-49a1-8c4b-6da366f50ece","CPER_006.basePlot.bet","D10","CPER","CPER_006","S","2015-08-13","2015-08-27","2016-03-11","2016-03-11","NHMCrMp+/ZU4QJif5H5+ZMq7hQDvICkUgUKnQGw7TQM=","NEON.BET.D10.003037","HARDES","Harpalus desertus","species",,"LeConte",,"Other",,"ogjyrGrm3ZwJtEIV6g3OdQaEOdluA3eH","ogjyrGrm3ZwJtEIV6g3OdQaEOdluA3eH",
"fe59670b-fd8a-4369-ab8a-6c3ca6aa89d5","CPER_006.basePlot.bet","D10","CPER","CPER_006","S","2015-08-13","2015-08-27","2016-03-11","2016-03-11","NHMCrMp+/ZU4QJif5H5+ZP9+PS5boXYp6BTfpYziXWc=","NEON.BET.D10.003035","CARSP14","Carabidae sp.","family",,"Latreille","D10.2015.MorphC","Other",,"ogjyrGrm3ZwJtEIV6g3OdQaEOdluA3eH","ogjyrGrm3ZwJtEIV6g3OdQaEOdluA3eH","slightly larger than AMACON3. Only segments 1 and 2 of antenna rufous. Two slight fovea on pronotum. Pronotum relatively smooth."
"8161f48b-350d-4f20-9428-5454403e2fc7","CPER_007.basePlot.bet","D10","CPER","CPER_007","S","2015-08-13","2015-08-27","2016-03-10","2016-03-10","SOIi55Lib0IMfQkIK0RtLxiUDmCnimwNmJy5w+gsU84=","NEON.BET.D10.003012","CYCCON1","Cyclotrachelus constrictus","species",,"Say",,"Other",,"Ji4OKY0Opajnq0SAWKqACItMAkkkfnH7","Ji4OKY0Opajnq0SAWKqACItMAkkkfnH7",
"d6c82fca-84bf-451e-8f1b-967d4bec52e9","CPER_007.basePlot.bet","D10","CPER","CPER_007","S","2015-08-13","2015-08-27","2016-03-10","2016-03-10","SOIi55Lib0IMfQkIK0RtL4dvnAb1VjTGDpuxyZoQmbw=","NEON.BET.D10.003011","CRADUB","Cratacanthus dubius","species",,"Palisot de Beauvois",,"Other",,"Ji4OKY0Opajnq0SAWKqACItMAkkkfnH7","Ji4OKY0Opajnq0SAWKqACItMAkkkfnH7",
"db883fd8-1cd2-471d-924c-e457b117a470","CPER_006.basePlot.bet","D10","CPER","CPER_006","S","2015-08-13","2015-08-27","2016-03-11","2016-03-11","NHMCrMp+/ZU4QJif5H5+ZCErs3KI8qbSV5lgLdLorZU=","NEON.BET.D10.003036","AMACON3","Amara convexa","species",,"LeConte",,"Other",,"ogjyrGrm3ZwJtEIV6g3OdQaEOdluA3eH","ogjyrGrm3ZwJtEIV6g3OdQaEOdluA3eH",
"90afb2da-c94a-4388-888d-c5f57c636ace","CPER_002.basePlot.bet","D10","CPER","CPER_002","S","2015-08-13","2015-08-27","2016-03-09","2016-03-09","OMNGlFKVPvQ4Ypsx+quWfzMOE3FJ3fqbVmOcmaR8D2g=","NEON.BET.D10.002953","CHLTOM","Chlaenius tomentosus","species",,"Say",,"Other",,"ogjyrGrm3ZwJtEIV6g3OdQaEOdluA3eH","ogjyrGrm3ZwJtEIV6g3OdQaEOdluA3eH",
"0c8e24c0-d587-4223-89e3-eefb94f20a0b","CPER_008.basePlot.bet","D10","CPER","CPER_008","S","2015-08-13","2015-08-27","2016-03-10","2016-03-10","kqngcYlCVJ4Lw/Dkxc6jpEOCcLBawp1DesEJkBqyXaM=","NEON.BET.D10.003006","PIOSET","Piosoma setosum","species",,"LeConte",,"Other",,"Ji4OKY0Opajnq0SAWKqACItMAkkkfnH7","Ji4OKY0Opajnq0SAWKqACItMAkkkfnH7",
"4fc13934-b12b-414f-b60f-e28109ffa127","CPER_009.basePlot.bet","D10","CPER","CPER_009","S","2015-08-13","2015-08-27","2016-03-09","2016-03-09","KY+Aed9dLRssLLAGjpRwFrvlq1YoeKOBYXPG1sGs9Qc=","NEON.BET.D10.002924","ANIMER2","Anisodactylus merula","species",,"Germar",,"Other",11,"Ji4OKY0Opajnq0SAWKqACItMAkkkfnH7","Ji4OKY0Opajnq0SAWKqACItMAkkkfnH7",
"12f5d58b-21de-437f-9bad-51825996a0f3","CPER_006.basePlot.bet","D10","CPER","CPER_006","S","2015-08-13","2015-08-27","2016-03-11","2016-03-11","NHMCrMp+/ZU4QJif5H5+ZGXCvZ0kYlIM+F0Nz/F6i7Q=","NEON.BET.D10.003034","PIOSET","Piosoma setosum","species",,"LeConte",,"Other",,"ogjyrGrm3ZwJtEIV6g3OdQaEOdluA3eH","ogjyrGrm3ZwJtEIV6g3OdQaEOdluA3eH",
"ea534f42-ed5c-44ef-8f3d-edfee68ba203","CPER_002.basePlot.bet","D10","CPER","CPER_002","W","2015-08-13","2015-08-27","2016-03-09","2016-03-09","OMNGlFKVPvSke4TwWW62gFbbT8yN246oFEZCx30L6dI=","NEON.BET.D10.002935","CARSP14","Carabidae sp.","family",,"Latreille","D10.2015.MorphR","Other",,"ogjyrGrm3ZwJtEIV6g3OdQaEOdluA3eH","ogjyrGrm3ZwJtEIV6g3OdQaEOdluA3eH","Two setae above eye. No shoulder tooth present. Body deeply piceous. Two sharp fovea on pronotum. pronotum rounded. Spongy forelimbs."
"adc740f2-adeb-4725-973a-9b5530c7cc5d","CPER_009.basePlot.bet","D10","CPER","CPER_009","W","2015-08-13","2015-08-27","2016-03-09","2016-03-09","KY+Aed9dLRvk/HsTskDdm6CH6CkuFh7qT48i1bUOKt4=","NEON.BET.D10.002921","DISPAR1","Discoderus parallelus","species",,"Haldeman",,"Other",,"Ji4OKY0Opajnq0SAWKqACItMAkkkfnH7","Ji4OKY0Opajnq0SAWKqACItMAkkkfnH7",
"0042317d-ee0c-40a1-af59-b9430f8f1a6b","CPER_006.basePlot.bet","D10","CPER","CPER_006","W","2015-08-13","2015-08-27","2016-03-11","2016-03-11","NHMCrMp+/ZWvcQ7swpkZ6tcnxNBVEYRqBtnYu/OQp1U=","NEON.BET.D10.003045","AMACON3","Amara convexa","species",,"LeConte",,"Other",,"ogjyrGrm3ZwJtEIV6g3OdQaEOdluA3eH","ogjyrGrm3ZwJtEIV6g3OdQaEOdluA3eH",
"fcfeb532-87aa-4d43-a53b-07d3714b496d","CPER_006.basePlot.bet","D10","CPER","CPER_006","W","2015-08-13","2015-08-27","2016-03-11","2016-03-11","NHMCrMp+/ZWvcQ7swpkZ6hQuu5B8666m6u4xN6wuxII=","NEON.BET.D10.003042","CALAFF1","Calosoma affine","species",,"Chaudoir",,"Other",,"ogjyrGrm3ZwJtEIV6g3OdQaEOdluA3eH","ogjyrGrm3ZwJtEIV6g3OdQaEOdluA3eH",
"e4cbc186-c8cf-4137-8178-f95cd6f5a1d9","CPER_006.basePlot.bet","D10","CPER","CPER_006","W","2015-08-13","2015-08-27","2016-03-11","2016-03-11","NHMCrMp+/ZWvcQ7swpkZ6tcnxNBVEYRqBtnYu/OQp1U=","NEON.BET.D10.003046","AMACON3","Amara convexa","species",,"LeConte",,"Other",,"ogjyrGrm3ZwJtEIV6g3OdQaEOdluA3eH","ogjyrGrm3ZwJtEIV6g3OdQaEOdluA3eH",
"fea7043c-d87d-49ad-8487-1afa06407519","CPER_006.basePlot.bet","D10","CPER","CPER_006","W","2015-08-13","2015-08-27","2016-03-11","2016-03-11","NHMCrMp+/ZWvcQ7swpkZ6tcnxNBVEYRqBtnYu/OQp1U=","NEON.BET.D10.003047","AMACON3","Amara convexa","species",,"LeConte",,"Other",,"ogjyrGrm3ZwJtEIV6g3OdQaEOdluA3eH","ogjyrGrm3ZwJtEIV6g3OdQaEOdluA3eH",
"6ca3da2e-cf44-4956-8917-73fce40c3d0e","CPER_004.basePlot.bet","D10","CPER","CPER_004","W","2015-08-13","2015-08-27","2016-03-10","2016-03-10","eSCyThC0ZO58b8njHd7So/OYoCPNXV75MwAvin26rG4=","NEON.BET.D10.002968","CARSP14","Carabidae sp.","family",,"Latreille","D10.2015.MorphP","Other",,"ogjyrGrm3ZwJtEIV6g3OdQaEOdluA3eH","ogjyrGrm3ZwJtEIV6g3OdQaEOdluA3eH","Cymindis sp. similar in look but smaller than Morph M. Head pronotum and legs rufous. Elytra rufo-testaceous."
"c0a7d18f-43b3-43d1-a39f-952efa3526b2","CPER_004.basePlot.bet","D10","CPER","CPER_004","W","2015-08-13","2015-08-27","2016-03-10","2016-03-10","eSCyThC0ZO58b8njHd7So6tu0Cj4nrgfklOwaJQ4gZ0=","NEON.BET.D10.002970","EURGRO","Euryderus grossus","species",,"Say",,"Other",,"ogjyrGrm3ZwJtEIV6g3OdQaEOdluA3eH","ogjyrGrm3ZwJtEIV6g3OdQaEOdluA3eH",
"4e4c4a94-b7e6-4dc9-9431-21c3937e504d","CPER_003.basePlot.bet","D10","CPER","CPER_003","W","2015-08-13","2015-08-27","2016-03-10","2016-03-10","omCPNZnkoGQh5yGE1cNhpqjwR3I9quI+l/N0zQ9iO9I=","NEON.BET.D10.002983","AMACON3","Amara convexa","species",,"LeConte",,"Other",,"XXW8BqPXtz8O/NjgqA/M055oks+wo6V4","XXW8BqPXtz8O/NjgqA/M055oks+wo6V4",
"575dc373-e573-4cb4-bdca-742697a20cff","CPER_003.basePlot.bet","D10","CPER","CPER_003","W","2015-08-13","2015-08-27","2016-03-10","2016-03-10","omCPNZnkoGQh5yGE1cNhplSIdtBsnoDL4kFfwAJin8E=","NEON.BET.D10.002980","CHLTOM","Chlaenius tomentosus","species",,"Say",,"Other",,"XXW8BqPXtz8O/NjgqA/M055oks+wo6V4","XXW8BqPXtz8O/NjgqA/M055oks+wo6V4",
"590ca868-5bea-488b-99d4-73a90976f481","CPER_003.basePlot.bet","D10","CPER","CPER_003","W","2015-08-13","2015-08-27","2016-03-10","2016-03-10","omCPNZnkoGQh5yGE1cNhpiHxuvwdRCdBR8QX6SsHMUw=","NEON.BET.D10.002979","CRADUB","Cratacanthus dubius","species",,"Palisot de Beauvois",,"Other",,"XXW8BqPXtz8O/NjgqA/M055oks+wo6V4","XXW8BqPXtz8O/NjgqA/M055oks+wo6V4",
"8a2009a0-f99c-418e-8c04-d5b272e97930","CPER_003.basePlot.bet","D10","CPER","CPER_003","W","2015-08-13","2015-08-27","2016-03-10","2016-03-10","omCPNZnkoGQh5yGE1cNhpqjwR3I9quI+l/N0zQ9iO9I=","NEON.BET.D10.002981","AMACON3","Amara convexa","species",,"LeConte",,"Other",,"XXW8BqPXtz8O/NjgqA/M055oks+wo6V4","XXW8BqPXtz8O/NjgqA/M055oks+wo6V4",
"0028a8d9-2b7d-4abc-b94d-7d367ce0405d","CPER_001.basePlot.bet","D10","CPER","CPER_001","W","2015-08-13","2015-08-27","2016-03-09","2016-03-09","BEtTVHT1LvHVoR0nG+zcLe3ik1UcmPVGXpPdx3UUP2s=","NEON.BET.D10.002927","CHLTOM","Chlaenius tomentosus","species",,"Say",,"Other",,"ogjyrGrm3ZwJtEIV6g3OdQaEOdluA3eH","ogjyrGrm3ZwJtEIV6g3OdQaEOdluA3eH",
"3020cc3f-4334-4811-9dc7-500c1a8e2721","CPER_003.basePlot.bet","D10","CPER","CPER_003","W","2015-08-13","2015-08-27","2016-03-10","2016-03-10","omCPNZnkoGQh5yGE1cNhpiHxuvwdRCdBR8QX6SsHMUw=","NEON.BET.D10.002978","CRADUB","Cratacanthus dubius","species",,"Palisot de Beauvois",,"Other",,"XXW8BqPXtz8O/NjgqA/M055oks+wo6V4","XXW8BqPXtz8O/NjgqA/M055oks+wo6V4",
"fbef12f6-6ed8-49b6-9b78-08115512f15f","CPER_004.basePlot.bet","D10","CPER","CPER_004","W","2015-08-13","2015-08-27","2016-03-10","2016-03-10","eSCyThC0ZO58b8njHd7So9f1K/x4e4LwPzRz2JkgM5E=","NEON.BET.D10.002957","CHLTOM","Chlaenius tomentosus","species",,"Say",,"Other",,"ogjyrGrm3ZwJtEIV6g3OdQaEOdluA3eH","ogjyrGrm3ZwJtEIV6g3OdQaEOdluA3eH",
"19d8dc03-ff37-45ab-a64f-74f61bcd3137","CPER_004.basePlot.bet","D10","CPER","CPER_004","W","2015-08-13","2015-08-27","2016-03-10","2016-03-10","eSCyThC0ZO58b8njHd7So3s4dj1iu1ostuqGFKY29JM=","NEON.BET.D10.002969","HARDES","Harpalus desertus","species",,"LeConte",,"Other",,"ogjyrGrm3ZwJtEIV6g3OdQaEOdluA3eH","ogjyrGrm3ZwJtEIV6g3OdQaEOdluA3eH",
"19280e20-d32d-41d8-8478-120051900855","CPER_004.basePlot.bet","D10","CPER","CPER_004","W","2015-08-13","2015-08-27","2016-03-10","2016-03-10","eSCyThC0ZO58b8njHd7So9f1K/x4e4LwPzRz2JkgM5E=","NEON.BET.D10.002956","CHLTOM","Chlaenius tomentosus","species",,"Say",,"Other",,"ogjyrGrm3ZwJtEIV6g3OdQaEOdluA3eH","ogjyrGrm3ZwJtEIV6g3OdQaEOdluA3eH",
"b9ba4214-7300-45f6-86fd-8812b68ba4d8","CPER_003.basePlot.bet","D10","CPER","CPER_003","W","2015-08-13","2015-08-27","2016-03-10","2016-03-10","omCPNZnkoGQh5yGE1cNhpqjwR3I9quI+l/N0zQ9iO9I=","NEON.BET.D10.002982","AMACON3","Amara convexa","species",,"LeConte",,"Other",,"XXW8BqPXtz8O/NjgqA/M055oks+wo6V4","XXW8BqPXtz8O/NjgqA/M055oks+wo6V4",
"24982bee-3f74-4954-b099-be1da7ebbc96","CPER_003.basePlot.bet","D10","CPER","CPER_003","W","2015-08-13","2015-08-27","2016-03-10","2016-03-10","omCPNZnkoGQh5yGE1cNhpmNcV5FEQl9x5jnij5+aH/0=","NEON.BET.D10.002984","DISPAR1","Discoderus parallelus","species",,"Haldeman",,"Other",,"XXW8BqPXtz8O/NjgqA/M055oks+wo6V4","XXW8BqPXtz8O/NjgqA/M055oks+wo6V4",
"b43d660a-d37b-479e-aaa5-a50903a79576","CPER_005.basePlot.bet","D10","CPER","CPER_005","W","2015-08-13","2015-08-27","2016-03-10","2016-03-10","e1AKewEwvnG0Zqgtbp7iy8DOxtHmTzC98u1BWrKdv8c=","NEON.BET.D10.002997","CARSP14","Carabidae sp.","family",,"Latreille","D10.2015.MorphM","Other",,"ogjyrGrm3ZwJtEIV6g3OdQaEOdluA3eH","ogjyrGrm3ZwJtEIV6g3OdQaEOdluA3eH","Cymindis sp. Legs and antenna rufous in color. Body piceous. Latter margins of pronotum translucent. Punctuation all over head and pronotum and down stria."
"104e2f0b-2854-4341-bb4e-1fb54c7c3a82","CPER_006.basePlot.bet","D10","CPER","CPER_006","W","2015-08-13","2015-08-27","2016-03-11","2016-03-11","NHMCrMp+/ZWvcQ7swpkZ6sgAjyvqi/goI9xM64kye9Y=","NEON.BET.D10.003039","PIOSET","Piosoma setosum","species",,"LeConte",,"Other",,"ogjyrGrm3ZwJtEIV6g3OdQaEOdluA3eH","ogjyrGrm3ZwJtEIV6g3OdQaEOdluA3eH",
"f708cc76-7dda-4eba-ad4c-ee118304e749","CPER_006.basePlot.bet","D10","CPER","CPER_006","W","2015-08-13","2015-08-27","2016-03-11","2016-03-11","NHMCrMp+/ZWvcQ7swpkZ6hBGLFs67FIjFnlhOBgWln4=","NEON.BET.D10.003041","CRADUB","Cratacanthus dubius","species",,"Palisot de Beauvois",,"Other",,"ogjyrGrm3ZwJtEIV6g3OdQaEOdluA3eH","ogjyrGrm3ZwJtEIV6g3OdQaEOdluA3eH",
"5a63e5f9-5a21-4d71-a62c-c1796e0297f2","CPER_006.basePlot.bet","D10","CPER","CPER_006","W","2015-08-13","2015-08-27","2016-03-11","2016-03-11","NHMCrMp+/ZWvcQ7swpkZ6tcnxNBVEYRqBtnYu/OQp1U=","NEON.BET.D10.003043","AMACON3","Amara convexa","species",,"LeConte",,"Other",,"ogjyrGrm3ZwJtEIV6g3OdQaEOdluA3eH","ogjyrGrm3ZwJtEIV6g3OdQaEOdluA3eH",
"3d33cce4-934e-4ecf-bcdd-cd1c0a4f9b70","CPER_006.basePlot.bet","D10","CPER","CPER_006","W","2015-08-13","2015-08-27","2016-03-11","2016-03-11","NHMCrMp+/ZWvcQ7swpkZ6tcnxNBVEYRqBtnYu/OQp1U=","NEON.BET.D10.003044","AMACON3","Amara convexa","species",,"LeConte",,"Other",,"ogjyrGrm3ZwJtEIV6g3OdQaEOdluA3eH","ogjyrGrm3ZwJtEIV6g3OdQaEOdluA3eH",
"fac7e730-90f2-4cfa-a905-6a87ea78f329","CPER_010.basePlot.bet","D10","CPER","CPER_010","W","2015-08-13","2015-08-27","2016-03-09","2016-03-09","DW9ihRbrMtmWU27buLbOiGxwE0N76X/yd/n2OKIP5yo=","NEON.BET.D10.002917","CARSP14","Carabidae sp.","family",,"Latreille","D10.2015.MorphI","Other",,"Ji4OKY0Opajnq0SAWKqACItMAkkkfnH7","Ji4OKY0Opajnq0SAWKqACItMAkkkfnH7","Harpalus sp. 90 degree anterior angle that fans out over the elytra. Probably either HAROPA or HARELL."
"6ebf0c24-d523-48f7-b91c-ed1e9809d856","CPER_006.basePlot.bet","D10","CPER","CPER_006","W","2015-08-13","2015-08-27","2016-03-11","2016-03-11","NHMCrMp+/ZWvcQ7swpkZ6sgAjyvqi/goI9xM64kye9Y=","NEON.BET.D10.003038","PIOSET","Piosoma setosum","species",,"LeConte",,"Other",,"ogjyrGrm3ZwJtEIV6g3OdQaEOdluA3eH","ogjyrGrm3ZwJtEIV6g3OdQaEOdluA3eH",
"d81f5f94-e352-4eb8-a765-415e5847e53e","CPER_009.basePlot.bet","D10","CPER","CPER_009","W","2015-08-13","2015-08-27","2016-03-09","2016-03-09","KY+Aed9dLRvk/HsTskDdm3+7aR3YeoYcQy6aPXwN3EY=","NEON.BET.D10.002923","CARSP14","Carabidae sp.","family",,"Latreille","D10.2015.MorphD","Other",,"Ji4OKY0Opajnq0SAWKqACItMAkkkfnH7","Ji4OKY0Opajnq0SAWKqACItMAkkkfnH7","Helluomorphoides sp. Heavily punctated all over. Rufous in color. Long slender elytra with squarish apex."
"4f6dd27b-84b4-4c08-959c-1e7bde1947a2","CPER_009.basePlot.bet","D10","CPER","CPER_009","W","2015-08-13","2015-08-27","2016-03-09","2016-03-09","KY+Aed9dLRvk/HsTskDdm5WeRhZCs2EGuCZIQX6u+ug=","NEON.BET.D10.002922","AMACON3","Amara convexa","species",,"LeConte",,"Other",,"Ji4OKY0Opajnq0SAWKqACItMAkkkfnH7","Ji4OKY0Opajnq0SAWKqACItMAkkkfnH7",
"8467e6a5-5927-4fdf-a450-84f2ba840e9a","CPER_006.basePlot.bet","D10","CPER","CPER_006","W","2015-08-13","2015-08-27","2016-03-11","2016-03-11","NHMCrMp+/ZWvcQ7swpkZ6hBGLFs67FIjFnlhOBgWln4=","NEON.BET.D10.003040","CRADUB","Cratacanthus dubius","species",,"Palisot de Beauvois",,"Other",,"ogjyrGrm3ZwJtEIV6g3OdQaEOdluA3eH","ogjyrGrm3ZwJtEIV6g3OdQaEOdluA3eH",
"f1afe3c3-c563-4f40-a20d-13db60ce64dc","CPER_002.basePlot.bet","D10","CPER","CPER_002","W","2015-08-13","2015-08-27","2016-03-09","2016-03-09","OMNGlFKVPvSke4TwWW62gFbbT8yN246o9Ev0oO+JqXs=","NEON.BET.D10.002934","CARSP14","Carabidae sp.","family",,"Latreille","D10.2015.MorphM","Other",,"ogjyrGrm3ZwJtEIV6g3OdQaEOdluA3eH","ogjyrGrm3ZwJtEIV6g3OdQaEOdluA3eH","Cymindis sp. Legs and antenna rufous in color. Body piceous. Latter margins of pronotum translucent. Punctuation all over head and pronotum and down stria."
"3d3190ea-cdf9-4bb4-b43e-67976e68e885","CPER_008.basePlot.bet","D10","CPER","CPER_008","W","2015-08-13","2015-08-27","2016-03-10","2016-03-10","kqngcYlCVJ6rAH0hVTosp9bpB0ZjkjnBkJucTIbBXZU=","NEON.BET.D10.002947","CYCCON1","Cyclotrachelus constrictus","species",,"Say",,"Other",,"Ji4OKY0Opajnq0SAWKqACItMAkkkfnH7","Ji4OKY0Opajnq0SAWKqACItMAkkkfnH7",
"98a775c4-0f5f-4b72-a586-c4377c13de27","CPER_008.basePlot.bet","D10","CPER","CPER_008","W","2015-08-13","2015-08-27","2016-03-10","2016-03-10","kqngcYlCVJ6rAH0hVTosp/6iioNJFxWwl4lLcT+ArmM=","NEON.BET.D10.002946","CHLTOM","Chlaenius tomentosus","species",,"Say",,"Other",,"Ji4OKY0Opajnq0SAWKqACItMAkkkfnH7","Ji4OKY0Opajnq0SAWKqACItMAkkkfnH7",
"2e9756d6-b2a9-4cb4-b5d7-630ed0336d96","CPER_008.basePlot.bet","D10","CPER","CPER_008","W","2015-08-13","2015-08-27","2016-03-10","2016-03-10","kqngcYlCVJ6rAH0hVTosp/6iioNJFxWwl4lLcT+ArmM=","NEON.BET.D10.002945","CHLTOM","Chlaenius tomentosus","species",,"Say",,"Other",,"Ji4OKY0Opajnq0SAWKqACItMAkkkfnH7","Ji4OKY0Opajnq0SAWKqACItMAkkkfnH7",
"41a03f20-e3b3-4d39-a6b3-998f04b02c70","CPER_006.basePlot.bet","D10","CPER","CPER_006","E","2015-08-13","2015-08-27","2016-03-10","2016-03-10","NHMCrMp+/ZWnq0ZeLB6HsvYPPms/FUTKO6JsUk0htiM=","NEON.BET.D10.003023","PIOSET","Piosoma setosum","species",,"LeConte",,"Other",,"ogjyrGrm3ZwJtEIV6g3OdQaEOdluA3eH","ogjyrGrm3ZwJtEIV6g3OdQaEOdluA3eH",
"d5105fe1-b105-4e40-b850-54446ce40043","CPER_004.basePlot.bet","D10","CPER","CPER_004","E","2015-08-13","2015-08-27","2016-03-10","2016-03-10","eSCyThC0ZO4/6XSI6K5eMpuy8FS+c4gz/AYWLyuauSo=","NEON.BET.D10.002955","CARSP14","Carabidae sp.","family",,"Latreille","D10.2015.MorphI","Other",,"ogjyrGrm3ZwJtEIV6g3OdQaEOdluA3eH","ogjyrGrm3ZwJtEIV6g3OdQaEOdluA3eH","Harpalus sp. 90 degree anterior angle that fans out over the elytra. Probably either HAROPA or HARELL."
"8e51e248-f725-4a9b-bc9d-d599a2c3684c","CPER_005.basePlot.bet","D10","CPER","CPER_005","E","2015-08-13","2015-08-27","2016-03-10","2016-03-10","e1AKewEwvnF0peDlcOGz4bpnn1KdYFURjWQzwJb7nxQ=","NEON.BET.D10.002996","CARSP14","Carabidae sp.","family",,"Latreille","D10.2015.MorphM","Other",,"ogjyrGrm3ZwJtEIV6g3OdQaEOdluA3eH","ogjyrGrm3ZwJtEIV6g3OdQaEOdluA3eH","Cymindis sp. Legs and antenna rufous in color. Body piceous. Latter margins of pronotum translucent. Punctuation all over head and pronotum and down stria."
"20dde34d-758c-48d5-ac99-f3ff2efe4768","CPER_005.basePlot.bet","D10","CPER","CPER_005","E","2015-08-13","2015-08-27","2016-03-10","2016-03-10","e1AKewEwvnF0peDlcOGz4cO6RUfx0vz2nFL2xdpDSb4=","NEON.BET.D10.002977","CRADUB","Cratacanthus dubius","species",,"Palisot de Beauvois",,"Other",,"ogjyrGrm3ZwJtEIV6g3OdQaEOdluA3eH","ogjyrGrm3ZwJtEIV6g3OdQaEOdluA3eH",
"687b2783-3463-4654-92f7-af80920f028b","CPER_001.basePlot.bet","D10","CPER","CPER_001","E","2015-08-13","2015-08-27","2016-03-09","2016-03-09","BEtTVHT1LvGmeSf6iWM9MIeOHksKiLiBGAt1JEgnRNc=","NEON.BET.D10.002926","PIOSET","Piosoma setosum","species",,"LeConte",,"Other",,"ogjyrGrm3ZwJtEIV6g3OdQaEOdluA3eH","ogjyrGrm3ZwJtEIV6g3OdQaEOdluA3eH",
"96e28776-91da-409f-89b1-eed5e9521f94","CPER_009.basePlot.bet","D10","CPER","CPER_009","E","2015-08-13","2015-08-27","2016-03-09","2016-03-09","KY+Aed9dLRtPx5j6knVrgBmI+B8sZRm2Vm/YKoCfhHI=","NEON.BET.D10.002942","AMALAT","Amara latior","species",,"Kirby",,"Other",,"Ji4OKY0Opajnq0SAWKqACItMAkkkfnH7","Ji4OKY0Opajnq0SAWKqACItMAkkkfnH7",
"c0da57b3-259c-4b45-b39e-d043865c77c9","CPER_006.basePlot.bet","D10","CPER","CPER_006","E","2015-08-13","2015-08-27","2016-03-10","2016-03-10","NHMCrMp+/ZWnq0ZeLB6HsvYPPms/FUTKO6JsUk0htiM=","NEON.BET.D10.003025","PIOSET","Piosoma setosum","species",,"LeConte",,"Other",,"ogjyrGrm3ZwJtEIV6g3OdQaEOdluA3eH","ogjyrGrm3ZwJtEIV6g3OdQaEOdluA3eH",
"395b73e2-8fe2-46b8-8ad9-11c7915c67ac","CPER_006.basePlot.bet","D10","CPER","CPER_006","E","2015-08-13","2015-08-27","2016-03-10","2016-03-10","NHMCrMp+/ZWnq0ZeLB6HsmnFyEAEFLVmMSLlrS4GmHk=","NEON.BET.D10.003031","AMACON3","Amara convexa","species",,"LeConte",,"Other",,"ogjyrGrm3ZwJtEIV6g3OdQaEOdluA3eH","ogjyrGrm3ZwJtEIV6g3OdQaEOdluA3eH",
"6e8e0a9d-fc26-4c8e-b985-2486aa4ca3be","CPER_006.basePlot.bet","D10","CPER","CPER_006","E","2015-08-13","2015-08-27","2016-03-10","2016-03-10","NHMCrMp+/ZWnq0ZeLB6HsvYPPms/FUTKO6JsUk0htiM=","NEON.BET.D10.003024","PIOSET","Piosoma setosum","species",,"LeConte",,"Other",,"ogjyrGrm3ZwJtEIV6g3OdQaEOdluA3eH","ogjyrGrm3ZwJtEIV6g3OdQaEOdluA3eH",
"74974980-f6cb-49b2-a42b-1409132ee118","CPER_006.basePlot.bet","D10","CPER","CPER_006","E","2015-08-13","2015-08-27","2016-03-10","2016-03-10","NHMCrMp+/ZWnq0ZeLB6HsogdifxaM7vWs2MXQzB1ZiI=","NEON.BET.D10.003003","CRADUB","Cratacanthus dubius","species",,"Palisot de Beauvois",,"Other",,"ogjyrGrm3ZwJtEIV6g3OdQaEOdluA3eH","ogjyrGrm3ZwJtEIV6g3OdQaEOdluA3eH",
"f9a37e70-2d3b-4faa-9a4f-206ae4b5ded6","CPER_006.basePlot.bet","D10","CPER","CPER_006","E","2015-08-13","2015-08-27","2016-03-10","2016-03-10","NHMCrMp+/ZWnq0ZeLB6HsvYPPms/FUTKO6JsUk0htiM=","NEON.BET.D10.003021","PIOSET","Piosoma setosum","species",,"LeConte",,"Other",,"ogjyrGrm3ZwJtEIV6g3OdQaEOdluA3eH","ogjyrGrm3ZwJtEIV6g3OdQaEOdluA3eH",
"3ae634b2-9fdb-4d10-88be-459e729e5baa","CPER_006.basePlot.bet","D10","CPER","CPER_006","E","2015-08-13","2015-08-27","2016-03-10","2016-03-10","NHMCrMp+/ZWnq0ZeLB6HsvYPPms/FUTKO6JsUk0htiM=","NEON.BET.D10.003022","PIOSET","Piosoma setosum","species",,"LeConte",,"Other",,"ogjyrGrm3ZwJtEIV6g3OdQaEOdluA3eH","ogjyrGrm3ZwJtEIV6g3OdQaEOdluA3eH",
"5784b835-7cc9-40c6-8a09-803e36036583","CPER_009.basePlot.bet","D10","CPER","CPER_009","E","2015-08-13","2015-08-27","2016-03-09","2016-03-09","KY+Aed9dLRtPx5j6knVrgHVTQR6Vnc7zyhlHQjYjcIo=","NEON.BET.D10.002940","AMACON3","Amara convexa","species",,"LeConte",,"Other",,"Ji4OKY0Opajnq0SAWKqACItMAkkkfnH7","Ji4OKY0Opajnq0SAWKqACItMAkkkfnH7",
"7e373b4d-bac4-4108-af0c-2c503d3d0788","CPER_009.basePlot.bet","D10","CPER","CPER_009","E","2015-08-13","2015-08-27","2016-03-09","2016-03-09","KY+Aed9dLRtPx5j6knVrgHVTQR6Vnc7zyhlHQjYjcIo=","NEON.BET.D10.002941","AMACON3","Amara convexa","species",,"LeConte",,"Other",,"Ji4OKY0Opajnq0SAWKqACItMAkkkfnH7","Ji4OKY0Opajnq0SAWKqACItMAkkkfnH7",
"49605659-96d7-4575-aa0c-8595a844f791","CPER_009.basePlot.bet","D10","CPER","CPER_009","E","2015-08-13","2015-08-27","2016-03-09","2016-03-09","KY+Aed9dLRtPx5j6knVrgNiEIodEwzNk9v9i6KJICa4=","NEON.BET.D10.002938","HARDES","Harpalus desertus","species",,"LeConte",,"Other",,"Ji4OKY0Opajnq0SAWKqACItMAkkkfnH7","Ji4OKY0Opajnq0SAWKqACItMAkkkfnH7",
"c531379a-6a9c-44af-91a6-2e56ffc68a3c","CPER_006.basePlot.bet","D10","CPER","CPER_006","E","2015-08-13","2015-08-27","2016-03-10","2016-03-10","NHMCrMp+/ZWnq0ZeLB6HshGKCh9EQg6W0fqARj3lNo4=","NEON.BET.D10.003032","CARSP14","Carabidae sp.","family",,"Latreille","D10.2015.MorphC","Other",,"ogjyrGrm3ZwJtEIV6g3OdQaEOdluA3eH","ogjyrGrm3ZwJtEIV6g3OdQaEOdluA3eH","slightly larger than AMACON3. Only segments 1 and 2 of antenna rufous. Two slight fovea on pronotum. Pronotum relatively smooth."
"83ee1b63-a697-4b5a-b644-4f169b832e5d","CPER_009.basePlot.bet","D10","CPER","CPER_009","E","2015-08-13","2015-08-27","2016-03-09","2016-03-09","KY+Aed9dLRtPx5j6knVrgMrkONOK37LYYy3RhDamETA=","NEON.BET.D10.002939","CARSP14","Carabidae sp.","family",,"Latreille","D10.2015.MorphK","Other",,"Ji4OKY0Opajnq0SAWKqACItMAkkkfnH7","Ji4OKY0Opajnq0SAWKqACItMAkkkfnH7","probably AGOCON. Small species with rounded prototum. Often with rufous pronotum and darker head and elytra. One setae above eye."
"4d26d586-b2f8-43da-887d-8eac11b3332a","CPER_008.basePlot.bet","D10","CPER","CPER_008","E","2015-08-13","2015-08-27","2016-03-09","2016-03-10","kqngcYlCVJ75Bh29DXtlM5JE7a4VupJ7HGuw0It6lWo=","NEON.BET.D10.002944","CARSP14","Carabidae sp.","family",,"Latreille","D10.2015.MorphC","Other",,"Ji4OKY0Opajnq0SAWKqACItMAkkkfnH7","Ji4OKY0Opajnq0SAWKqACItMAkkkfnH7","slightly larger than AMACON3. Only segments 1 and 2 of antenna rufous. Two slight fovea on pronotum. Pronotum relatively smooth."
"225e7bff-f159-495e-9f17-7c95e8b9f08b","CPER_009.basePlot.bet","D10","CPER","CPER_009","E","2015-08-13","2015-08-27","2016-03-09","2016-03-09","KY+Aed9dLRtPx5j6knVrgIflCpFDJnzxzAAEOB4Wkeg=","NEON.BET.D10.002937","HARPEN","Harpalus pensylvanicus","species",,"DeGeer",,"Other",,"Ji4OKY0Opajnq0SAWKqACItMAkkkfnH7","Ji4OKY0Opajnq0SAWKqACItMAkkkfnH7",
"8f28e99b-a2ca-4a59-9e5c-9736ddec0c60","CPER_008.basePlot.bet","D10","CPER","CPER_008","E","2015-08-13","2015-08-27","2016-03-09","2016-03-10","kqngcYlCVJ75Bh29DXtlM5JE7a4VupJ7GJdB0yHM8L8=","NEON.BET.D10.002943","CARSP14","Carabidae sp.","family",,"Latreille","D10.2015.MorphD","Other",,"Ji4OKY0Opajnq0SAWKqACItMAkkkfnH7","Ji4OKY0Opajnq0SAWKqACItMAkkkfnH7","Helluomorphoides sp. Heavily punctated all over. Rufous in color. Long slender elytra with squarish apex."
"462883d4-a01f-47de-9d33-97dfed835ef2","CPER_002.basePlot.bet","D10","CPER","CPER_002","E","2015-08-13","2015-08-27","2016-03-09","2016-03-09","OMNGlFKVPvQ/Rtp3zTxlWiiq7loolkhgIs2oNn3QEsQ=","NEON.BET.D10.002949","DISPAR1","Discoderus parallelus","species",,"Haldeman",,"Other",,"ogjyrGrm3ZwJtEIV6g3OdQaEOdluA3eH","ogjyrGrm3ZwJtEIV6g3OdQaEOdluA3eH",
"604ec0a5-3da8-4073-ac10-89b336f09ac0","CPER_010.basePlot.bet","D10","CPER","CPER_010","E","2015-08-13","2015-08-27","2016-03-09","2016-03-09","DW9ihRbrMtn+HN2c8wy+anqhb/hbf3umfb/1c04b2jk=","NEON.BET.D10.002918","CRADUB","Cratacanthus dubius","species",,"Palisot de Beauvois",,"Other",,"Ji4OKY0Opajnq0SAWKqACItMAkkkfnH7","Ji4OKY0Opajnq0SAWKqACItMAkkkfnH7",
"91c6ed06-bef7-43ef-8d79-18fe9808159d","CPER_002.basePlot.bet","D10","CPER","CPER_002","E","2015-08-13","2015-08-27","2016-03-09","2016-03-09","OMNGlFKVPvQ/Rtp3zTxlWt+SqD4i+0xrmCe4jnFfvKw=","NEON.BET.D10.002952","CARSP14","Carabidae sp.","family",,"Latreille","D10.2015.MorphK","Other",,"ogjyrGrm3ZwJtEIV6g3OdQaEOdluA3eH","ogjyrGrm3ZwJtEIV6g3OdQaEOdluA3eH","probably AGOCON. Small species with rounded prototum. Often with rufous pronotum and darker head and elytra. One setae above eye."
"c573ea3d-0f16-48a4-874a-80ce219dd550","CPER_003.basePlot.bet","D10","CPER","CPER_003","E","2015-08-13","2015-08-27","2016-03-09","2016-03-09","omCPNZnkoGT/LO+3sbrEpZX848dSaVT5H8V8e8Qj1lg=","NEON.BET.D10.002958","CARSP14","Carabidae sp.","family",,"Latreille","D10.2015.MorphI","Other",,"XXW8BqPXtz8O/NjgqA/M055oks+wo6V4","XXW8BqPXtz8O/NjgqA/M055oks+wo6V4","Harpalus sp. 90 degree anterior angle that fans out over the elytra. Probably either HAROPA or HARELL."
"bd9b4b69-1951-486a-98ab-1a89afb9e964","CPER_004.basePlot.bet","D10","CPER","CPER_004","E","2015-08-13","2015-08-27","2016-03-10","2016-03-10","eSCyThC0ZO4/6XSI6K5eMpuy8FS+c4gzt4T2s7kBqJ4=","NEON.BET.D10.002954","CARSP14","Carabidae sp.","family",,"Latreille","D10.2015.MorphK","Other",,"ogjyrGrm3ZwJtEIV6g3OdQaEOdluA3eH","ogjyrGrm3ZwJtEIV6g3OdQaEOdluA3eH","probably AGOCON. Small species with rounded prototum. Often with rufous pronotum and darker head and elytra. One setae above eye."
"421f6301-aeb2-409d-b0a3-651fba56f750","CPER_002.basePlot.bet","D10","CPER","CPER_002","E","2015-08-13","2015-08-27","2016-03-09","2016-03-09","OMNGlFKVPvQ/Rtp3zTxlWg7S/NP7hoMzkZUZQn7ddU0=","NEON.BET.D10.002951","SELPLA","Selenophorus planipennis","species",,"LeConte",,"Other",,"ogjyrGrm3ZwJtEIV6g3OdQaEOdluA3eH","ogjyrGrm3ZwJtEIV6g3OdQaEOdluA3eH",
"1cfe61a5-48c4-4bd0-a5d7-ac6b1a73c007","CPER_002.basePlot.bet","D10","CPER","CPER_002","E","2015-08-13","2015-08-27","2016-03-09","2016-03-09","OMNGlFKVPvQ/Rtp3zTxlWg7S/NP7hoMzkZUZQn7ddU0=","NEON.BET.D10.002950","SELPLA","Selenophorus planipennis","species",,"LeConte",,"Other",,"ogjyrGrm3ZwJtEIV6g3OdQaEOdluA3eH","ogjyrGrm3ZwJtEIV6g3OdQaEOdluA3eH",
"d12a1827-38be-487f-aaf3-2dbb502a25af","CPER_002.basePlot.bet","D10","CPER","CPER_002","E","2015-08-13","2015-08-27","2016-03-09","2016-03-09","OMNGlFKVPvQ/Rtp3zTxlWvqca3uM2iJJU57tPnEOC4g=","NEON.BET.D10.002948","CHLTOM","Chlaenius tomentosus","species",,"Say",,"Other",,"ogjyrGrm3ZwJtEIV6g3OdQaEOdluA3eH","ogjyrGrm3ZwJtEIV6g3OdQaEOdluA3eH",
"dd758544-1205-4755-b6b8-ad58f0959f6e","CPER_006.basePlot.bet","D10","CPER","CPER_006","E","2015-08-13","2015-08-27","2016-03-10","2016-03-10","NHMCrMp+/ZWnq0ZeLB6HsogdifxaM7vWs2MXQzB1ZiI=","NEON.BET.D10.003004","CRADUB","Cratacanthus dubius","species",,"Palisot de Beauvois",,"Other",,"ogjyrGrm3ZwJtEIV6g3OdQaEOdluA3eH","ogjyrGrm3ZwJtEIV6g3OdQaEOdluA3eH",
"6666bfb5-e237-4f73-ad56-a49fc27f7542","CPER_009.basePlot.bet","D10","CPER","CPER_009","E","2015-08-13","2015-08-27","2016-03-09","2016-03-09","KY+Aed9dLRtPx5j6knVrgMz+HAM4blNzRC7ziVMFO9U=","NEON.BET.D10.002925","CHLTOM","Chlaenius tomentosus","species",,"Say",,"Other",,"Ji4OKY0Opajnq0SAWKqACItMAkkkfnH7","Ji4OKY0Opajnq0SAWKqACItMAkkkfnH7",
"fc9c0fc7-8ce0-494f-b716-146db39df6e9","CPER_006.basePlot.bet","D10","CPER","CPER_006","E","2015-08-13","2015-08-27","2016-03-10","2016-03-10","NHMCrMp+/ZWnq0ZeLB6HsvYPPms/FUTKO6JsUk0htiM=","NEON.BET.D10.003020","PIOSET","Piosoma setosum","species",,"LeConte",,"Other",,"ogjyrGrm3ZwJtEIV6g3OdQaEOdluA3eH","ogjyrGrm3ZwJtEIV6g3OdQaEOdluA3eH",
"a464488f-5f4c-4b31-bcdc-0240bcc0de6b","CPER_006.basePlot.bet","D10","CPER","CPER_006","E","2015-08-13","2015-08-27","2016-03-10","2016-03-10","NHMCrMp+/ZWnq0ZeLB6HsvYPPms/FUTKO6JsUk0htiM=","NEON.BET.D10.003029","PIOSET","Piosoma setosum","species",,"LeConte",,"Other",10,"ogjyrGrm3ZwJtEIV6g3OdQaEOdluA3eH","ogjyrGrm3ZwJtEIV6g3OdQaEOdluA3eH",
"17907c7b-3d10-419d-96ae-86e5ca710d07","CPER_006.basePlot.bet","D10","CPER","CPER_006","E","2015-08-13","2015-08-27","2016-03-10","2016-03-10","NHMCrMp+/ZWnq0ZeLB6HsogdifxaM7vWs2MXQzB1ZiI=","NEON.BET.D10.003005","CRADUB","Cratacanthus dubius","species",,"Palisot de Beauvois",,"Other",,"ogjyrGrm3ZwJtEIV6g3OdQaEOdluA3eH","ogjyrGrm3ZwJtEIV6g3OdQaEOdluA3eH",
"bc43c476-594a-4231-9d9d-56f6668e2185","CPER_006.basePlot.bet","D10","CPER","CPER_006","E","2015-08-13","2015-08-27","2016-03-10","2016-03-10","NHMCrMp+/ZWnq0ZeLB6HsogdifxaM7vWs2MXQzB1ZiI=","NEON.BET.D10.003002","CRADUB","Cratacanthus dubius","species",,"Palisot de Beauvois",,"Other",,"ogjyrGrm3ZwJtEIV6g3OdQaEOdluA3eH","ogjyrGrm3ZwJtEIV6g3OdQaEOdluA3eH",
"bd8b8782-5ea7-4dce-be43-12c56d4d7480","CPER_006.basePlot.bet","D10","CPER","CPER_006","E","2015-08-13","2015-08-27","2016-03-10","2016-03-10","NHMCrMp+/ZWnq0ZeLB6HsvYPPms/FUTKO6JsUk0htiM=","NEON.BET.D10.003026","PIOSET","Piosoma setosum","species",,"LeConte",,"Other",,"ogjyrGrm3ZwJtEIV6g3OdQaEOdluA3eH","ogjyrGrm3ZwJtEIV6g3OdQaEOdluA3eH",
"5e4c2296-2310-49cd-8c8e-230997737ac6","CPER_006.basePlot.bet","D10","CPER","CPER_006","E","2015-08-13","2015-08-27","2016-03-10","2016-03-11","NHMCrMp+/ZWnq0ZeLB6HsogdifxaM7vWs2MXQzB1ZiI=","NEON.BET.D10.003001","CRADUB","Cratacanthus dubius","species",,"Palisot de Beauvois",,"Other",,"ogjyrGrm3ZwJtEIV6g3OdQaEOdluA3eH","ogjyrGrm3ZwJtEIV6g3OdQaEOdluA3eH",
"ad990291-216a-49d4-9387-408e1b922731","CPER_006.basePlot.bet","D10","CPER","CPER_006","E","2015-08-13","2015-08-27","2016-03-10","2016-03-10","NHMCrMp+/ZWnq0ZeLB6HsvYPPms/FUTKO6JsUk0htiM=","NEON.BET.D10.003028","PIOSET","Piosoma setosum","species",,"LeConte",,"Other",,"ogjyrGrm3ZwJtEIV6g3OdQaEOdluA3eH","ogjyrGrm3ZwJtEIV6g3OdQaEOdluA3eH",
"98d6aabf-be3d-4d62-bc63-fd53767c6628","CPER_006.basePlot.bet","D10","CPER","CPER_006","E","2015-08-13","2015-08-27","2016-03-10","2016-03-10","NHMCrMp+/ZWnq0ZeLB6HsogdifxaM7vWs2MXQzB1ZiI=","NEON.BET.D10.003030","CRADUB","Cratacanthus dubius","species",,"Palisot de Beauvois",,"Other",,"ogjyrGrm3ZwJtEIV6g3OdQaEOdluA3eH","ogjyrGrm3ZwJtEIV6g3OdQaEOdluA3eH",
"adf1dc1c-ac42-45f9-b370-ef850d4e46b4","CPER_006.basePlot.bet","D10","CPER","CPER_006","E","2015-08-13","2015-08-27","2016-03-10","2016-03-10","NHMCrMp+/ZWnq0ZeLB6HsvYPPms/FUTKO6JsUk0htiM=","NEON.BET.D10.003027","PIOSET","Piosoma setosum","species",,"LeConte",,"Other",,"ogjyrGrm3ZwJtEIV6g3OdQaEOdluA3eH","ogjyrGrm3ZwJtEIV6g3OdQaEOdluA3eH",
"95378933-520e-4a59-ad14-b77e31dc4648","CPER_007.basePlot.bet","D10","CPER","CPER_007","E","2015-08-13","2015-08-27","2016-03-10","2016-03-10","SOIi55Lib0K4XwXDLPGdv7tNz2QZojLWxF7gwUQMO1M=","NEON.BET.D10.003007","CARSP14","Carabidae sp.","family",,"Latreille","D10.2015.MorphD","Other",,"Ji4OKY0Opajnq0SAWKqACItMAkkkfnH7","Ji4OKY0Opajnq0SAWKqACItMAkkkfnH7","Helluomorphoides sp. Heavily punctated all over. Rufous in color. Long slender elytra with squarish apex."
"04ffd23b-a4ee-447b-9fe1-7e5e54335c76","CPER_007.basePlot.bet","D10","CPER","CPER_007","E","2015-08-13","2015-08-27","2016-03-10","2016-03-10","SOIi55Lib0K4XwXDLPGdvzBxhUXO29GMj571zY1o+RI=","NEON.BET.D10.003008","PTEADS","Pterostichus adstrictus","species",,"Eschscholtz",,"Other",,"Ji4OKY0Opajnq0SAWKqACItMAkkkfnH7","Ji4OKY0Opajnq0SAWKqACItMAkkkfnH7",
"af74b9fa-e1e5-405a-993c-6dae8ae04b2b","CPER_007.basePlot.bet","D10","CPER","CPER_007","E","2015-08-13","2015-08-27","2016-03-10","2016-03-10","SOIi55Lib0K4XwXDLPGdv/GSROB8Ci0Ao1H5e2JbJkc=","NEON.BET.D10.003009","AMAOBE","Amara obesa","species",,"Say",,"Other",,"Ji4OKY0Opajnq0SAWKqACItMAkkkfnH7","Ji4OKY0Opajnq0SAWKqACItMAkkkfnH7",
"2971eebe-0db7-45e0-bbcf-1c25d05fb705","CPER_003.basePlot.bet","D10","CPER","CPER_003","E","2015-08-13","2015-08-27","2016-03-09","2016-03-09","omCPNZnkoGT/LO+3sbrEpdZgB6vGZsYYdPntOBmov/8=","NEON.BET.D10.002959","SELPLA","Selenophorus planipennis","species",,"LeConte",,"Other",,"XXW8BqPXtz8O/NjgqA/M055oks+wo6V4","XXW8BqPXtz8O/NjgqA/M055oks+wo6V4",
"bff8a141-11fa-4991-9611-47371f8a0931","CPER_003.basePlot.bet","D10","CPER","CPER_003","E","2015-08-13","2015-08-27","2016-03-09","2016-03-09","omCPNZnkoGT/LO+3sbrEpSO/IsU61vp3LuDngrC2RJg=","NEON.BET.D10.002936","PASELO","Pasimachus elongatus","species",,"LeConte",,"Other",,"XXW8BqPXtz8O/NjgqA/M055oks+wo6V4","XXW8BqPXtz8O/NjgqA/M055oks+wo6V4",
"1177f660-8706-4430-8b61-07f14238bf19","CPER_005.basePlot.bet","D10","CPER","CPER_005","E","2015-08-13","2015-08-27","2016-03-10","2016-03-10","e1AKewEwvnF0peDlcOGz4cO6RUfx0vz2nFL2xdpDSb4=","NEON.BET.D10.002976","CRADUB","Cratacanthus dubius","species",,"Palisot de Beauvois",,"Other",,"ogjyrGrm3ZwJtEIV6g3OdQaEOdluA3eH","ogjyrGrm3ZwJtEIV6g3OdQaEOdluA3eH",
"b9bb0979-b323-4ae5-90fa-db8bba4d2e31","CPER_002.basePlot.bet","D10","CPER","CPER_002","N","2015-08-13","2015-08-27","2016-03-09","2016-03-09","OMNGlFKVPvSRc1yZQBvTIV4fIXQNNb9ZYLvhJBOzSdA=","NEON.BET.D10.002930","CHLTOM","Chlaenius tomentosus","species",,"Say",,"Other",,"ogjyrGrm3ZwJtEIV6g3OdQaEOdluA3eH","ogjyrGrm3ZwJtEIV6g3OdQaEOdluA3eH",
"3a85a2fb-f101-4d23-b16f-d494ffa8e062","CPER_002.basePlot.bet","D10","CPER","CPER_002","N","2015-08-13","2015-08-27","2016-03-09","2016-03-09","OMNGlFKVPvSRc1yZQBvTIV4fIXQNNb9ZYLvhJBOzSdA=","NEON.BET.D10.002928","CHLTOM","Chlaenius tomentosus","species",,"Say",,"Other",,"ogjyrGrm3ZwJtEIV6g3OdQaEOdluA3eH","ogjyrGrm3ZwJtEIV6g3OdQaEOdluA3eH",
"1a8cfeee-b40c-41b8-811e-fc90ad7c2f3b","CPER_002.basePlot.bet","D10","CPER","CPER_002","N","2015-08-13","2015-08-27","2016-03-09","2016-03-09","OMNGlFKVPvSRc1yZQBvTIZSQvrUry7uFA32KVJ2aOtQ=","NEON.BET.D10.002933","SELPLA","Selenophorus planipennis","species",,"LeConte",,"Other",,"XXW8BqPXtz8O/NjgqA/M055oks+wo6V4","ogjyrGrm3ZwJtEIV6g3OdQaEOdluA3eH",
"d37648fc-b3eb-4f27-a45f-fc02fa437a09","CPER_006.basePlot.bet","D10","CPER","CPER_006","N","2015-08-13","2015-08-27","2016-03-10","2016-03-10","NHMCrMp+/ZWOow5qJguFEwdwkQmLy6nkSShWstp5crM=","NEON.BET.D10.003033","CARSP14","Carabidae sp.","family",,"Latreille","D10.2015.MorphAD","Other",,"ogjyrGrm3ZwJtEIV6g3OdQaEOdluA3eH","ogjyrGrm3ZwJtEIV6g3OdQaEOdluA3eH","Amara sp. Very similar to AMACON3 but lacking segments 1-3 of antenna, being rufous in color."
"0f9f39fc-c894-49bb-8a18-30b99a949c18","CPER_009.basePlot.bet","D10","CPER","CPER_009","N","2015-08-13","2015-08-27","2016-03-09","2016-03-09","KY+Aed9dLRs9Os5MEMz0IKuWGZMnH1U7rlEBlJLVJUY=","NEON.BET.D10.002920","DISPAR1","Discoderus parallelus","species",,"Haldeman",,"Other",,"Ji4OKY0Opajnq0SAWKqACItMAkkkfnH7","Ji4OKY0Opajnq0SAWKqACItMAkkkfnH7",
"065614e2-25b7-49fb-b615-db3905013e69","CPER_009.basePlot.bet","D10","CPER","CPER_009","N","2015-08-13","2015-08-27","2016-03-09","2016-03-09","KY+Aed9dLRs9Os5MEMz0IHvDr1ZhWPtYDwcjhtEK0N4=","NEON.BET.D10.002919","CARSP14","Carabidae sp.","family",,"Latreille","D10.2015.MorphK","Other",,"Ji4OKY0Opajnq0SAWKqACItMAkkkfnH7","Ji4OKY0Opajnq0SAWKqACItMAkkkfnH7","probably AGOCON. Small species with rounded prototum. Often with rufous pronotum and darker head and elytra. One setae above eye."
"486299fe-1206-4865-ac53-a448ae843d0b","CPER_004.basePlot.bet","D10","CPER","CPER_004","N","2015-08-13","2015-08-27","2016-03-10","2016-03-10","eSCyThC0ZO6mu2ZSEN4o8kHUiv7iHiIR8kvNI/HDQMU=","NEON.BET.D10.002971","EURGRO","Euryderus grossus","species",,"Say",,"Other",,"ogjyrGrm3ZwJtEIV6g3OdQaEOdluA3eH","ogjyrGrm3ZwJtEIV6g3OdQaEOdluA3eH",
"07185f2f-20f7-4650-855f-8d699bd91c4a","CPER_004.basePlot.bet","D10","CPER","CPER_004","N","2015-08-13","2015-08-27","2016-03-10","2016-03-10","eSCyThC0ZO6mu2ZSEN4o8mUauM4RxwiW5rSaHHk7bFg=","NEON.BET.D10.002974","CARSP14","Carabidae sp.","family",,"Latreille","D10.2015.MorphI","Other",,"ogjyrGrm3ZwJtEIV6g3OdQaEOdluA3eH","ogjyrGrm3ZwJtEIV6g3OdQaEOdluA3eH","Harpalus sp. 90 degree anterior angle that fans out over the elytra. Probably either HAROPA or HARELL."
"50fe63f4-2f34-4dc8-aecc-d1d01379d948","CPER_005.basePlot.bet","D10","CPER","CPER_005","N","2015-08-13","2015-08-27","2016-03-10","2016-03-10","e1AKewEwvnFbnAU6tiiq4Z92QbgoZWvihsjQqWlv948=","NEON.BET.D10.002998","PIOSET","Piosoma setosum","species",,"LeConte",,"Other",,"ogjyrGrm3ZwJtEIV6g3OdQaEOdluA3eH","ogjyrGrm3ZwJtEIV6g3OdQaEOdluA3eH",
"d4b37e05-aecd-43ad-a9e4-8eabfdf7b47b","CPER_003.basePlot.bet","D10","CPER","CPER_003","N","2015-08-13","2015-08-27","2016-03-10","2016-03-10","omCPNZnkoGQ4EY4+lZjlec9/GtCuyAUP6qwvWHUOd1s=","NEON.BET.D10.002966","CARSP14","Carabidae sp.","family",,"Latreille","D10.2015.MorphM","Other",,"XXW8BqPXtz8O/NjgqA/M055oks+wo6V4","XXW8BqPXtz8O/NjgqA/M055oks+wo6V4","Cymindis sp. Legs and antenna rufous in color. Body piceous. Latter margins of pronotum translucent. Punctuation all over head and pronotum and down stria."
"84dd9040-2961-4a45-857d-49c5275a30e1","CPER_004.basePlot.bet","D10","CPER","CPER_004","N","2015-08-13","2015-08-27","2016-03-10",,"eSCyThC0ZO6mu2ZSEN4o8mUauM4RxwiW7Fg2yRH3uvY=","NEON.BET.D10.002972","CARSP14","Carabidae sp.","family",,"Latreille","D10.2015.MorphM","Other",,"ogjyrGrm3ZwJtEIV6g3OdQaEOdluA3eH","ogjyrGrm3ZwJtEIV6g3OdQaEOdluA3eH","Cymindis sp. Legs and antenna rufous in color. Body piceous. Latter margins of pronotum translucent. Punctuation all over head and pronotum and down stria."
"34ee1892-59b5-4149-b661-14545dd1e4c4","CPER_004.basePlot.bet","D10","CPER","CPER_004","N","2015-08-13","2015-08-27","2016-03-10","2016-03-10","eSCyThC0ZO6mu2ZSEN4o8mUauM4RxwiW98EcdqvovBc=","NEON.BET.D10.002975","CARSP14","Carabidae sp.","family",,"Latreille","D10.2015.MorphS","Other",,"ogjyrGrm3ZwJtEIV6g3OdQaEOdluA3eH","ogjyrGrm3ZwJtEIV6g3OdQaEOdluA3eH","single setae above eye. Piceous body and pronotum. pronotum square shaped. Lacking punctate. Two shallow fovea present. Translucent laterally."
"8443f758-8a44-4b2d-8ebc-e4e928af1bd8","CPER_004.basePlot.bet","D10","CPER","CPER_004","N","2015-08-13","2015-08-27","2016-03-10","2016-03-10","eSCyThC0ZO6mu2ZSEN4o8gsApEy4NE/4Edd7qEzknUA=","NEON.BET.D10.002973","HARDES","Harpalus desertus","species",,"LeConte",,"Other",,"ogjyrGrm3ZwJtEIV6g3OdQaEOdluA3eH","ogjyrGrm3ZwJtEIV6g3OdQaEOdluA3eH",
"594c1f5f-3d66-4609-ae64-00e8369b2556","CPER_003.basePlot.bet","D10","CPER","CPER_003","N","2015-08-13","2015-08-27","2016-03-10","2016-03-10","omCPNZnkoGQ4EY4+lZjleaarQcvMS8Ir0IursuR4RW0=","NEON.BET.D10.002964","CHLTOM","Chlaenius tomentosus","species",,"Say",,"Other",,"XXW8BqPXtz8O/NjgqA/M055oks+wo6V4","XXW8BqPXtz8O/NjgqA/M055oks+wo6V4",
"4378cbc8-34e4-44fb-9652-0bd0bfdb83ae","CPER_003.basePlot.bet","D10","CPER","CPER_003","N","2015-08-13","2015-08-27","2016-03-10","2016-03-10","omCPNZnkoGQ4EY4+lZjlec9/GtCuyAUPSqpw55jRpKM=","NEON.BET.D10.002967","CARSP14","Carabidae sp.","family",,"Latreille","D10.2015.MorphI","Other",,"XXW8BqPXtz8O/NjgqA/M055oks+wo6V4","XXW8BqPXtz8O/NjgqA/M055oks+wo6V4","Harpalus sp. 90 degree anterior angle that fans out over the elytra. Probably either HAROPA or HARELL."
"99789950-13c1-4c9b-8a76-e5302fee4e2c","CPER_003.basePlot.bet","D10","CPER","CPER_003","N","2015-08-13","2015-08-27","2016-03-10","2016-03-10","omCPNZnkoGQ4EY4+lZjlec9/GtCuyAUP6qwvWHUOd1s=","NEON.BET.D10.002965","CARSP14","Carabidae sp.","family",,"Latreille","D10.2015.MorphM","Other",,"XXW8BqPXtz8O/NjgqA/M055oks+wo6V4","XXW8BqPXtz8O/NjgqA/M055oks+wo6V4","Cymindis sp. Legs and antenna rufous in color. Body piceous. Latter margins of pronotum translucent. Punctuation all over head and pronotum and down stria."
"0fd2a3ad-b94e-47a8-9c2b-3347f340314b","CPER_002.basePlot.bet","D10","CPER","CPER_002","N","2015-08-13","2015-08-27","2016-03-09","2016-03-09","OMNGlFKVPvSRc1yZQBvTIZSQvrUry7uFA32KVJ2aOtQ=","NEON.BET.D10.002931","SELPLA","Selenophorus planipennis","species",,"LeConte",,"Other",,"ogjyrGrm3ZwJtEIV6g3OdQaEOdluA3eH","ogjyrGrm3ZwJtEIV6g3OdQaEOdluA3eH",
"5bc9c32d-bf38-4886-9f7a-d1a92bf8e3ba","CPER_002.basePlot.bet","D10","CPER","CPER_002","N","2015-08-13","2015-08-27","2016-03-09","2016-03-09","OMNGlFKVPvSRc1yZQBvTIV4fIXQNNb9ZYLvhJBOzSdA=","NEON.BET.D10.002929","CHLTOM","Chlaenius tomentosus","species",,"Say",,"Other",,"ogjyrGrm3ZwJtEIV6g3OdQaEOdluA3eH","ogjyrGrm3ZwJtEIV6g3OdQaEOdluA3eH",
"5705d94c-dfde-4c92-b82a-242e143ca681","CPER_002.basePlot.bet","D10","CPER","CPER_002","N","2015-08-13","2015-08-27","2016-03-09","2016-03-09","OMNGlFKVPvSRc1yZQBvTIZSQvrUry7uFA32KVJ2aOtQ=","NEON.BET.D10.002932","SELPLA","Selenophorus planipennis","species",,"LeConte",,"Other",,"ogjyrGrm3ZwJtEIV6g3OdQaEOdluA3eH","ogjyrGrm3ZwJtEIV6g3OdQaEOdluA3eH",
