uid,namedLocation,domainID,siteID,plotID,setDate,collectDate,processingDate,subsampleIDList,archiveVialID,scientificName,recordedBy,remarks
"45c5a40e-e00a-47dd-857f-39d8636db520","UKFS_003.basePlot.bet","D06","UKFS","UKFS_003","2016-03-29","2016-04-12","2016-04-18","Vl3mTlloYQQrcZX/TXXt9CChL72hvXuLg/puHWGiQW6fINsOtbQN1zLtmYsacPolGLl36jWXxP60FSMK0mnMEHG55w3t1esItT4hFcOQ34FIBdizIh5SnwoymZUQK2MI4L+lPDbq38w=","Vl3mTlloYQQoxfYmt++BPN03mxInnl1/",,,
"9f1fc2d2-5ada-4f64-8365-f5f98ec71632","UKFS_009.basePlot.bet","D06","UKFS","UKFS_009","2016-03-29","2016-04-12","2016-04-14","MMz820nXMkmag2rhq9Gb0TGcHq0Lch7lTL55D2MZCZVGKypqm9vobx1nh8IhRrKf7O2ivFRKl5cvqrSlnfrrc66WQRTFdEOVsGtSWHw+yb3n3m95LRh+oGPHGoewi+BOay/hNHNRsIw=","MMz820nXMkktyr2CbDZfaWRe/dqdQ/3F",,,
"26be8f46-d22f-4f68-b146-110e524687c3","UKFS_010.basePlot.bet","D06","UKFS","UKFS_010","2016-03-29","2016-04-12","2016-04-15","26ylXNgyPLz0CvYim5G+LoTekGvE2jWCgTWaOu44Ykr7V7+N4vXG54voeFV4vLXtJ0L5gXJBZKGGkAHHnlVz2dj+7bYYFeK1jOrVCjjYmnlO0kFvPKUyDFhhNkNF0kWtB3LWvZl5kJE=","26ylXNgyPLwiVIeVzuAYCHe24HX5wDT8",,,
"775d237b-6cb4-44ee-b4dc-cc1ba69c318d","UKFS_008.basePlot.bet","D06","UKFS","UKFS_008","2016-03-29","2016-04-12","2016-04-13","5GU/wTV57IVEKLA9Z+xT3tj1Qq74C6DociQyimy2t0QXZPdUOmmXwzl00/e7j9TkvNfyqocLsNkY/2L/4DmPwlOvR+edny22r39XTf9joy6ldrzw9tAZfDDY6Z7vA8CQVlfQXjLpVbo=","5GU/wTV57IXzvROi3uXhD89XVY5OiOyj",,,
"ca49ec47-7853-4c25-88fd-55d8a7e4c6da","UKFS_007.basePlot.bet","D06","UKFS","UKFS_007","2016-03-29","2016-04-12","2016-04-13","PlyNduRc44SIqYb7paWbbhbFHTKhCHCzdJW7O/T23tq2OB2cIxko1JEbnL4a0dNsTjgwySnZUTZ7EbTijgCpD7CiD1pQMYm8BREGTcNn2p/JQC1sBZECYLS1qiJYR0ghEYZhFeJXBMY=","PlyNduRc44RpUtEYulTviZlgobHpcKCP",,,
"c064d87a-df25-492f-9800-33047c736e89","UKFS_006.basePlot.bet","D06","UKFS","UKFS_006","2016-03-29","2016-04-12","2016-04-18","B2YMmw2rf0ft18Rz4BjeO3uE1iM4rJ6dZ4JJ4ST0Vy7DZcAcsw934jarTj68+S/poCPSRak5nfirk9v7TBJB51ZaNQBOlh+jahlH3K7FgK2Wt1jfigDAjjSWEny+Fg4vHnTvO2vOOU8=","B2YMmw2rf0fvlXhKR+wxcpjMWMkXexET",,,
"d3e9c5ef-2ba9-488a-9799-ee14b2685a00","UKFS_005.basePlot.bet","D06","UKFS","UKFS_005","2016-03-29","2016-04-12","2016-04-13","U/hiAoS2t8w7GjBVfR1oz3VnvOLnckDcCloaaB36Q2bTs+rvQMSxnT+pyXOSt4BpeG2LMqDV27auNzIiR607h3d/Eayvr0KKb6pTk5Wd/ITdNBMoOuLAKNhpDLUmjs/ZDFa2eQ74L/4=","U/hiAoS2t8wErDQ4c3NJTMuKvAMNJ+L2",,,
"7e6a4969-8c9c-4d2a-901a-904fd0f046ce","UKFS_004.basePlot.bet","D06","UKFS","UKFS_004","2016-03-29","2016-04-12","2016-04-13","luQoN84IPtGmkZYbvppGGVrPoGAofufk+2rCBgqEAB1miesvOjaQE9sVkf75c8JDx5VinAInZ4iT/Kdf0T92tnv+ddacbcD2MRQYkRBuFcN6e6xEeyRHu0PnwpbM/yyAXa2CnwNG6cg=","luQoN84IPtEcLcXFTI1ohj/wo+qpYm3t",,,
"3afecbfa-98c9-438e-bf9e-cd5fb7df1455","UKFS_002.basePlot.bet","D06","UKFS","UKFS_002","2016-03-29","2016-04-12","2016-04-19","ThLXd3W736+K++ythxWlc0BCjIQcRa63/xJM8D/7jjvURAlDC/FwJqNxhpdk8zbgk/ytJrPCx8EvicTqeBYdJSDjSzd9qC7LTbv+Eaph86mzLrSpqPOUSukmFnHot1jvTAE9AnlI+EU=","ThLXd3W736+kAPcNrIBZqiNfXDXa7jmb",,,
"a88829ea-4d98-45e0-a563-52fc0aabb684","UKFS_001.basePlot.bet","D06","UKFS","UKFS_001","2016-03-29","2016-04-12","2016-04-13","W8lw52JMhqDTe5xDlvI8/dwA2VFqfy/+u1scuDqAvncfhmuOoPHYWSxcJITNtVtZdjNV6Ss8JAU+F4L5mBepCm/oJ2oJ4d7V4RDl7SI+Tgry3jOq9oNhXFpdbYI2s7fiR0+9FDdZTLY=","W8lw52JMhqA6VXxNaGXjBeTYxImjmadI",,,
"70983b57-95d3-46b9-9c04-4cdfdb67984b","UKFS_009.basePlot.bet","D06","UKFS","UKFS_009","2016-04-12","2016-04-26","2016-04-28","MMz820nXMkkWV5oqkwC1aaYkU/1Cgj9D++0W9hP+FxgnqNsXUvXcDnKKKiGe0XqE5+nLtvNLx7KaSdAL/P09Qg0lGqv8zEkzTupAtBSZxnnONq5IuNjkX0NSNTD5JRSBrbq8OWsBjuE=","MMz820nXMkmHDcA7tR7O9ArG9GrHexOv",,,
"2dc3d0cd-3833-420e-ab85-1860903633db","UKFS_008.basePlot.bet","D06","UKFS","UKFS_008","2016-04-12","2016-04-26","2016-04-29","5GU/wTV57IU7Y2sTCsHqwkRRrDphHw6sh6PJBwpg/6nKj73g993ivxHWL/FM7odyx1hOfcADveLtSlwbafxDOyncecX7cf3A2SFAX3zRcJDUoTTQ/iSlHQLWgu9jVTAwoqkpIH+STzE=","5GU/wTV57IUaKgUHJDrxJ/UNgJTDP8uy",,,
"bb0575a2-0ee5-42ac-92f4-2dda5e6580d6","UKFS_007.basePlot.bet","D06","UKFS","UKFS_007","2016-04-12","2016-04-26","2016-05-11","PlyNduRc44TkWJQP3Cd60cYNTNzFoPaMYNOOcu2mjzWGUDUtOua9sfveSo/N7/M2kE6Agj4HWX9r89RRFZHZU3LOHBVJhBrhES/x2+VNEk5+VfVetCBWpR0NnYH4bL6PN8wikfI0/TA=","PlyNduRc44Qj4jjUmVl/lBHyiREh7PZ5",,,
"7dbb6089-20ce-477f-9c8d-4d3458b789cb","UKFS_006.basePlot.bet","D06","UKFS","UKFS_006","2016-04-12","2016-04-26","2016-04-29","B2YMmw2rf0exBedqDiGSpClnWS+rMK8N8KGD9i5UQY/2+vrUEOEGsR02D1RmXmdN4fEscTDCrfcUwt9XEvSfe4c0nT6ho59sY+C1QKKuVN/5/oRoszYU8NoYTPN4ZxmL3ChZGLS5YTs=","B2YMmw2rf0fy6mY/ZfVYD6RfECuYbpAe",,,
"99e54ce8-2f0c-4459-ae3e-9f2b33e5aa3f","UKFS_010.basePlot.bet","D06","UKFS","UKFS_010","2016-04-12","2016-04-26","2016-05-12","26ylXNgyPLz2/v7Yo+EC80UsDCioD5zbW7KDGixU/QTMg84nn+aZaCUFWFdhWsYv3oeeVfDRoLtphlpKtPSFs0qzXS2X3kVPrHC5OBXi9uE=","26ylXNgyPLw7gNwYwAeaLCnk16xsh+Xa",,,
"3258c6cd-5815-4580-aa48-8f7ac88a7307","UKFS_004.basePlot.bet","D06","UKFS","UKFS_004","2016-04-12","2016-04-26","2016-05-11","luQoN84IPtHCaYA6VZMVVBe3tLgUZFV0lipSvxEnffZunle2W9WBPKSaMI237DeGvCV92lx+9sUyLJ9EmrM9KqdYOCDQfIkcC9aoMUlzjdc81V/QMd38CrvhAxE/rQsM67+xix4N/hs=","luQoN84IPtHsgeGSRs1iyRw3nb01mlTd",,,
"875e89fe-bd90-405a-aa9b-505343d04e3f","UKFS_002.basePlot.bet","D06","UKFS","UKFS_002","2016-04-12","2016-04-26","2016-05-09","ThLXd3W736/4nvTlmjD8CqzZTrfIB36Om5BQADKJzcDX6ikrBrKcU2wY7/IiDRNwLV6iIP94PY8=","ThLXd3W7369/Oxk8I1Bsrap5HBaicnp+",,,
"bcea7e39-5823-45f9-8925-0af4e7551112","UKFS_003.basePlot.bet","D06","UKFS","UKFS_003","2016-04-12","2016-04-26","2016-05-12","Vl3mTlloYQQrcZX/TXXt9O52PMyqnc6mw4tdy2BXMam6yn6z7SfI5S4mCqIKfORiB+hR0ZPLmU3qcrS1DG4sD3QGQe91PNeycrcKJlxFYrKxKdXkXy0i2xYOGrowrP5WGuW+NyNkosk=","Vl3mTlloYQSoMfEKidiQmo8Bv4gsJtXf",,,
"49854c74-f4e8-4780-9799-4738a84eb259","UKFS_001.basePlot.bet","D06","UKFS","UKFS_001","2016-04-12","2016-04-26","2016-04-28","W8lw52JMhqB4HUEJroKhhMca64oFbCHulAA19h4ttY8l0Ka7xyVjW/gGeGpSIq2fI6wBpz7oL6EZ7zYjnXG4Z9F0/ygHDeknkCQQNUzlrOUvS6e0bRgDLpxe/y3tjpQhuJBB7jZbokk=","W8lw52JMhqCkC701RNvl4sdnVlcULJYD",,,
"9a250da2-4a6a-44a0-be28-7dbd75c33932","UKFS_005.basePlot.bet","D06","UKFS","UKFS_005","2016-04-12","2016-04-26","2016-05-05","U/hiAoS2t8y5Q6XdpcVFU+tROnQ7NKX8l9/rRO2zG1wfzGnEFOEYSZR04lIU+FFp4ZJrh18BO65uTGqi1Sflcpj3A6hFqirHZ7zu6o4N3fu4+YJXnANpDgiF5WcOYO6ITUH5Hl4sFJw=","U/hiAoS2t8wh/K5lg8ZPyNKn0qGihdR2",,,
