uid,namedLocation,domainID,siteID,plotID,setDate,collectDate,identifiedDate,individualID,taxonID,kingdom,phylum,class,order,family,subfamily,tribe,genus,subgenus,specificEpithet,infraspecificEpithet,scientificName,scientificNameAuthorship,taxonRank,identificationQualifier,sex,morphospeciesID,identificationReferences,identifiedBy,laboratoryName,identificationRemarks,sampleCondition,dnaBarcoded,geneticSampleID,remarks
"a51a618a-f18e-4a57-bf00-a798a9a6d20f","SERC_007.basePlot.bet","D02","SERC","SERC_007","2015-04-21","2015-05-05","2016-12-01","NEON.BET.D02.001467","POECHA","Animalia","Arthropoda","Insecta","Coleoptera","Carabidae","Harpalinae","Pterostichini","Poecilus","Poecilus","chalcites",,"Poecilus chalcites","Say","species",,"M",,"Lindroth, C. H. 1969. The ground-beetles (Carabidae, excl. Cicindelinae) of Canada and Alaska, parts 1-6. Opuscula E. Entomoligiska Sallskapet.","Robert L. Davidson","Carnegie Museum of Invertebrate Zoology",,"No known compromise","N",,
"7a0b0426-786d-4dff-91f2-45dac62d96ef","SERC_007.basePlot.bet","D02","SERC","SERC_007","2015-04-21","2015-05-05","2016-12-01","NEON.BET.D02.001464","POECHA","Animalia","Arthropoda","Insecta","Coleoptera","Carabidae","Harpalinae","Pterostichini","Poecilus","Poecilus","chalcites",,"Poecilus chalcites","Say","species",,"F",,"Lindroth, C. H. 1969. The ground-beetles (Carabidae, excl. Cicindelinae) of Canada and Alaska, parts 1-6. Opuscula E. Entomoligiska Sallskapet.","Robert L. Davidson","Carnegie Museum of Invertebrate Zoology",,"No known compromise","N",,
"becc6a64-75ca-424b-8b24-b7dce08d25cf","SERC_007.basePlot.bet","D02","SERC","SERC_007","2015-04-21","2015-05-05","2016-12-01","NEON.BET.D02.001466","POECHA","Animalia","Arthropoda","Insecta","Coleoptera","Carabidae","Harpalinae","Pterostichini","Poecilus","Poecilus","chalcites",,"Poecilus chalcites","Say","species",,"M",,"Lindroth, C. H. 1969. The ground-beetles (Carabidae, excl. Cicindelinae) of Canada and Alaska, parts 1-6. Opuscula E. Entomoligiska Sallskapet.","Robert L. Davidson","Carnegie Museum of Invertebrate Zoology",,"No known compromise","N",,
"92a3563e-ce09-497a-b4e4-cc897b25492a","SERC_007.basePlot.bet","D02","SERC","SERC_007","2015-04-21","2015-05-05","2016-12-01","NEON.BET.D02.001468","POECHA","Animalia","Arthropoda","Insecta","Coleoptera","Carabidae","Harpalinae","Pterostichini","Poecilus","Poecilus","chalcites",,"Poecilus chalcites","Say","species",,"M",,"Lindroth, C. H. 1969. The ground-beetles (Carabidae, excl. Cicindelinae) of Canada and Alaska, parts 1-6. Opuscula E. Entomoligiska Sallskapet.","Robert L. Davidson","Carnegie Museum of Invertebrate Zoology",,"No known compromise","N",,
"f78b29aa-f637-4648-9c1d-cc5a2536570b","SERC_007.basePlot.bet","D02","SERC","SERC_007","2015-04-21","2015-05-05","2016-12-01","NEON.BET.D02.001463","POECHA","Animalia","Arthropoda","Insecta","Coleoptera","Carabidae","Harpalinae","Pterostichini","Poecilus","Poecilus","chalcites",,"Poecilus chalcites","Say","species",,"M",,"Lindroth, C. H. 1969. The ground-beetles (Carabidae, excl. Cicindelinae) of Canada and Alaska, parts 1-6. Opuscula E. Entomoligiska Sallskapet.","Robert L. Davidson","Carnegie Museum of Invertebrate Zoology",,"No known compromise","N",,
"f3c41244-e0eb-424a-9709-cd83fc5c17e3","SERC_007.basePlot.bet","D02","SERC","SERC_007","2015-04-21","2015-05-05","2016-12-01","NEON.BET.D02.001465","POECHA","Animalia","Arthropoda","Insecta","Coleoptera","Carabidae","Harpalinae","Pterostichini","Poecilus","Poecilus","chalcites",,"Poecilus chalcites","Say","species",,"F",,"Lindroth, C. H. 1969. The ground-beetles (Carabidae, excl. Cicindelinae) of Canada and Alaska, parts 1-6. Opuscula E. Entomoligiska Sallskapet.","Robert L. Davidson","Carnegie Museum of Invertebrate Zoology",,"No known compromise","N",,
"b12dc27c-3510-456f-95ad-ad8ef14393c3","SERC_007.basePlot.bet","D02","SERC","SERC_007","2015-04-21","2015-05-05","2016-12-16","NEON.BET.D02.001689","AMAAEN1","Animalia","Arthropoda","Insecta","Coleoptera","Carabidae","Harpalinae","Zabrini","Amara","Amara","aenea",,"Amara aenea","DeGeer","species",,"F",,"Hieke, F. 2000. Revision einiger Gruppen und neue Arten der Gattung Amara Bonelli, 1810 (Coleoptera: Carabidae). Annales Historico-Naturales Musei Nationalis Hungarici 92:41-143.","Robert L. Davidson","Carnegie Museum of Invertebrate Zoology",,"No known compromise","N",,
"59368fcb-159a-4776-a056-cd513d09bbce","SERC_007.basePlot.bet","D02","SERC","SERC_007","2015-04-21","2015-05-05","2016-12-16","NEON.BET.D02.001693","AMAAEN1","Animalia","Arthropoda","Insecta","Coleoptera","Carabidae","Harpalinae","Zabrini","Amara","Amara","aenea",,"Amara aenea","DeGeer","species",,"M",,"Hieke, F. 2000. Revision einiger Gruppen und neue Arten der Gattung Amara Bonelli, 1810 (Coleoptera: Carabidae). Annales Historico-Naturales Musei Nationalis Hungarici 92:41-143.","Robert L. Davidson","Carnegie Museum of Invertebrate Zoology",,"No known compromise","N",,
"c3319ea0-7c51-4ced-9bf4-ca0ef5de8b0a","SERC_007.basePlot.bet","D02","SERC","SERC_007","2015-04-21","2015-05-05","2016-12-16","NEON.BET.D02.001686","AMAAEN1","Animalia","Arthropoda","Insecta","Coleoptera","Carabidae","Harpalinae","Zabrini","Amara","Amara","aenea",,"Amara aenea","DeGeer","species",,"F",,"Hieke, F. 2000. Revision einiger Gruppen und neue Arten der Gattung Amara Bonelli, 1810 (Coleoptera: Carabidae). Annales Historico-Naturales Musei Nationalis Hungarici 92:41-143.","Robert L. Davidson","Carnegie Museum of Invertebrate Zoology",,"No known compromise","N",,
"f917138c-bb30-43f5-8d37-c09f254930e0","SERC_007.basePlot.bet","D02","SERC","SERC_007","2015-04-21","2015-05-05","2016-12-16","NEON.BET.D02.001688","AMAAEN1","Animalia","Arthropoda","Insecta","Coleoptera","Carabidae","Harpalinae","Zabrini","Amara","Amara","aenea",,"Amara aenea","DeGeer","species",,"F",,"Hieke, F. 2000. Revision einiger Gruppen und neue Arten der Gattung Amara Bonelli, 1810 (Coleoptera: Carabidae). Annales Historico-Naturales Musei Nationalis Hungarici 92:41-143.","Robert L. Davidson","Carnegie Museum of Invertebrate Zoology",,"No known compromise","N",,
"32c85ff7-6305-43e6-a26a-94cd88d9cf62","SERC_007.basePlot.bet","D02","SERC","SERC_007","2015-04-21","2015-05-05","2016-12-16","NEON.BET.D02.001697","AMAAEN1","Animalia","Arthropoda","Insecta","Coleoptera","Carabidae","Harpalinae","Zabrini","Amara","Amara","aenea",,"Amara aenea","DeGeer","species",,"M",,"Hieke, F. 2000. Revision einiger Gruppen und neue Arten der Gattung Amara Bonelli, 1810 (Coleoptera: Carabidae). Annales Historico-Naturales Musei Nationalis Hungarici 92:41-143.","Robert L. Davidson","Carnegie Museum of Invertebrate Zoology",,"No known compromise","N",,
"4714d06f-7027-45ad-b2cc-3f7fb7a3a7a4","SERC_007.basePlot.bet","D02","SERC","SERC_007","2015-04-21","2015-05-05","2016-12-16","NEON.BET.D02.001694","AMAAEN1","Animalia","Arthropoda","Insecta","Coleoptera","Carabidae","Harpalinae","Zabrini","Amara","Amara","aenea",,"Amara aenea","DeGeer","species",,"M",,"Hieke, F. 2000. Revision einiger Gruppen und neue Arten der Gattung Amara Bonelli, 1810 (Coleoptera: Carabidae). Annales Historico-Naturales Musei Nationalis Hungarici 92:41-143.","Robert L. Davidson","Carnegie Museum of Invertebrate Zoology",,"No known compromise","N",,
"3d5d2d33-6a2a-410d-b9de-60fb81512dce","SERC_007.basePlot.bet","D02","SERC","SERC_007","2015-04-21","2015-05-05","2016-12-16","NEON.BET.D02.001698","AMAAEN1","Animalia","Arthropoda","Insecta","Coleoptera","Carabidae","Harpalinae","Zabrini","Amara","Amara","aenea",,"Amara aenea","DeGeer","species",,"M",,"Hieke, F. 2000. Revision einiger Gruppen und neue Arten der Gattung Amara Bonelli, 1810 (Coleoptera: Carabidae). Annales Historico-Naturales Musei Nationalis Hungarici 92:41-143.","Robert L. Davidson","Carnegie Museum of Invertebrate Zoology",,"No known compromise","N",,
"6d34e471-a5d1-42e1-bad7-eeb99a3caacd","SERC_007.basePlot.bet","D02","SERC","SERC_007","2015-04-21","2015-05-05","2016-12-16","NEON.BET.D02.001690","AMAAEN1","Animalia","Arthropoda","Insecta","Coleoptera","Carabidae","Harpalinae","Zabrini","Amara","Amara","aenea",,"Amara aenea","DeGeer","species",,"M",,"Hieke, F. 2000. Revision einiger Gruppen und neue Arten der Gattung Amara Bonelli, 1810 (Coleoptera: Carabidae). Annales Historico-Naturales Musei Nationalis Hungarici 92:41-143.","Robert L. Davidson","Carnegie Museum of Invertebrate Zoology",,"No known compromise","N",,
"5fb83275-952d-4f17-b7b9-0e85889dfdf7","SERC_007.basePlot.bet","D02","SERC","SERC_007","2015-04-21","2015-05-05","2016-12-16","NEON.BET.D02.001687","AMAAEN1","Animalia","Arthropoda","Insecta","Coleoptera","Carabidae","Harpalinae","Zabrini","Amara","Amara","aenea",,"Amara aenea","DeGeer","species",,"M",,"Hieke, F. 2000. Revision einiger Gruppen und neue Arten der Gattung Amara Bonelli, 1810 (Coleoptera: Carabidae). Annales Historico-Naturales Musei Nationalis Hungarici 92:41-143.","Robert L. Davidson","Carnegie Museum of Invertebrate Zoology",,"No known compromise","N",,
"9676a974-876a-4537-a652-57e75329de77","SERC_007.basePlot.bet","D02","SERC","SERC_007","2015-04-21","2015-05-05","2016-12-16","NEON.BET.D02.001683","AMAAEN1","Animalia","Arthropoda","Insecta","Coleoptera","Carabidae","Harpalinae","Zabrini","Amara","Amara","aenea",,"Amara aenea","DeGeer","species",,"M",,"Hieke, F. 2000. Revision einiger Gruppen und neue Arten der Gattung Amara Bonelli, 1810 (Coleoptera: Carabidae). Annales Historico-Naturales Musei Nationalis Hungarici 92:41-143.","Robert L. Davidson","Carnegie Museum of Invertebrate Zoology",,"No known compromise","N",,
"badbb702-293d-4e3e-9754-ff0f5dd2a7fe","SERC_007.basePlot.bet","D02","SERC","SERC_007","2015-04-21","2015-05-05","2016-12-16","NEON.BET.D02.001692","AMAAEN1","Animalia","Arthropoda","Insecta","Coleoptera","Carabidae","Harpalinae","Zabrini","Amara","Amara","aenea",,"Amara aenea","DeGeer","species",,"F",,"Hieke, F. 2000. Revision einiger Gruppen und neue Arten der Gattung Amara Bonelli, 1810 (Coleoptera: Carabidae). Annales Historico-Naturales Musei Nationalis Hungarici 92:41-143.","Robert L. Davidson","Carnegie Museum of Invertebrate Zoology",,"No known compromise","N",,
"0cbb8228-853f-4b1d-b0e6-d95db919e589","SERC_007.basePlot.bet","D02","SERC","SERC_007","2015-04-21","2015-05-05","2016-12-16","NEON.BET.D02.001696","AMAAEN1","Animalia","Arthropoda","Insecta","Coleoptera","Carabidae","Harpalinae","Zabrini","Amara","Amara","aenea",,"Amara aenea","DeGeer","species",,"M",,"Hieke, F. 2000. Revision einiger Gruppen und neue Arten der Gattung Amara Bonelli, 1810 (Coleoptera: Carabidae). Annales Historico-Naturales Musei Nationalis Hungarici 92:41-143.","Robert L. Davidson","Carnegie Museum of Invertebrate Zoology",,"No known compromise","N",,
"450f0534-781d-4569-8d74-3fd8473d7a54","SERC_007.basePlot.bet","D02","SERC","SERC_007","2015-04-21","2015-05-05","2016-12-16","NEON.BET.D02.001695","AMAAEN1","Animalia","Arthropoda","Insecta","Coleoptera","Carabidae","Harpalinae","Zabrini","Amara","Amara","aenea",,"Amara aenea","DeGeer","species",,"F",,"Hieke, F. 2000. Revision einiger Gruppen und neue Arten der Gattung Amara Bonelli, 1810 (Coleoptera: Carabidae). Annales Historico-Naturales Musei Nationalis Hungarici 92:41-143.","Robert L. Davidson","Carnegie Museum of Invertebrate Zoology",,"No known compromise","N",,
"934768c0-a778-4bcc-be77-7703d059d04f","SERC_007.basePlot.bet","D02","SERC","SERC_007","2015-04-21","2015-05-05","2016-12-16","NEON.BET.D02.001684","AMAAEN1","Animalia","Arthropoda","Insecta","Coleoptera","Carabidae","Harpalinae","Zabrini","Amara","Amara","aenea",,"Amara aenea","DeGeer","species",,"F",,"Hieke, F. 2000. Revision einiger Gruppen und neue Arten der Gattung Amara Bonelli, 1810 (Coleoptera: Carabidae). Annales Historico-Naturales Musei Nationalis Hungarici 92:41-143.","Robert L. Davidson","Carnegie Museum of Invertebrate Zoology",,"No known compromise","N",,
"585b1fb9-9073-4683-b93a-84244b9babf0","SERC_007.basePlot.bet","D02","SERC","SERC_007","2015-04-21","2015-05-05","2016-12-16","NEON.BET.D02.001685","AMAAEN1","Animalia","Arthropoda","Insecta","Coleoptera","Carabidae","Harpalinae","Zabrini","Amara","Amara","aenea",,"Amara aenea","DeGeer","species",,"M",,"Hieke, F. 2000. Revision einiger Gruppen und neue Arten der Gattung Amara Bonelli, 1810 (Coleoptera: Carabidae). Annales Historico-Naturales Musei Nationalis Hungarici 92:41-143.","Robert L. Davidson","Carnegie Museum of Invertebrate Zoology",,"No known compromise","N",,
"a5d7bf00-cb54-41a6-86a4-78a91944cf76","SERC_007.basePlot.bet","D02","SERC","SERC_007","2015-04-21","2015-05-05","2016-12-16","NEON.BET.D02.001691","AMAAEN1","Animalia","Arthropoda","Insecta","Coleoptera","Carabidae","Harpalinae","Zabrini","Amara","Amara","aenea",,"Amara aenea","DeGeer","species",,"M",,"Hieke, F. 2000. Revision einiger Gruppen und neue Arten der Gattung Amara Bonelli, 1810 (Coleoptera: Carabidae). Annales Historico-Naturales Musei Nationalis Hungarici 92:41-143.","Robert L. Davidson","Carnegie Museum of Invertebrate Zoology",,"No known compromise","N",,
"2101c7c5-db4e-4e91-a6f9-9684029ada85","SERC_007.basePlot.bet","D02","SERC","SERC_007","2015-04-21","2015-05-05","2016-12-16","NEON.BET.D02.001699","AMAAEN1","Animalia","Arthropoda","Insecta","Coleoptera","Carabidae","Harpalinae","Zabrini","Amara","Amara","aenea",,"Amara aenea","DeGeer","species",,"F",,"Hieke, F. 2000. Revision einiger Gruppen und neue Arten der Gattung Amara Bonelli, 1810 (Coleoptera: Carabidae). Annales Historico-Naturales Musei Nationalis Hungarici 92:41-143.","Robert L. Davidson","Carnegie Museum of Invertebrate Zoology",,"No known compromise","N",,
"a8540ca4-cffe-49a9-9e75-ce16433e54cb","SERC_007.basePlot.bet","D02","SERC","SERC_007","2015-04-21","2015-05-05","2016-12-16","NEON.BET.D02.001700","AMAAEN1","Animalia","Arthropoda","Insecta","Coleoptera","Carabidae","Harpalinae","Zabrini","Amara","Amara","aenea",,"Amara aenea","DeGeer","species",,"M",,"Hieke, F. 2000. Revision einiger Gruppen und neue Arten der Gattung Amara Bonelli, 1810 (Coleoptera: Carabidae). Annales Historico-Naturales Musei Nationalis Hungarici 92:41-143.","Robert L. Davidson","Carnegie Museum of Invertebrate Zoology",,"No known compromise","N",,
"5ade2649-8c49-4119-8084-12fe22801d0b","SERC_010.basePlot.bet","D02","SERC","SERC_010","2015-04-21","2015-05-05","2016-11-16","NEON.BET.D02.001740","CHLTRI1","Animalia","Arthropoda","Insecta","Coleoptera","Carabidae","Harpalinae","Chlaeniini","Chlaenius","Chlaeniellus","tricolor","tricolor","Chlaenius tricolor tricolor","Dejean","subspecies",,"F",,"Bell, R. T. 1960. A Revision of the Genus Chlaenius Bonelli (Coleoptera, Carabidae) in North America. Miscellaneous Publications of the Entomological Society of America 1:98-166.","Robert L. Davidson","Carnegie Museum of Invertebrate Zoology",,"No known compromise","N",,
"7996791a-fef2-43ae-8158-26a1e42ac704","SERC_010.basePlot.bet","D02","SERC","SERC_010","2015-04-21","2015-05-05","2016-11-16","NEON.BET.D02.001739","CHLTRI1","Animalia","Arthropoda","Insecta","Coleoptera","Carabidae","Harpalinae","Chlaeniini","Chlaenius","Chlaeniellus","tricolor","tricolor","Chlaenius tricolor tricolor","Dejean","subspecies",,"M",,"Bell, R. T. 1960. A Revision of the Genus Chlaenius Bonelli (Coleoptera, Carabidae) in North America. Miscellaneous Publications of the Entomological Society of America 1:98-166.","Robert L. Davidson","Carnegie Museum of Invertebrate Zoology",,"No known compromise","N",,
"e3ed7c20-8731-4466-855a-fd63077b63b9","SERC_010.basePlot.bet","D02","SERC","SERC_010","2015-04-21","2015-05-05","2016-11-16","NEON.BET.D02.001712","CHLAES","Animalia","Arthropoda","Insecta","Coleoptera","Carabidae","Harpalinae","Chlaeniini","Chlaenius","Chlaenius","aestivus",,"Chlaenius aestivus","Say","species",,"M",,"Bell, R. T. 1960. A Revision of the Genus Chlaenius Bonelli (Coleoptera, Carabidae) in North America. Miscellaneous Publications of the Entomological Society of America 1:98-166.","Robert L. Davidson","Carnegie Museum of Invertebrate Zoology",,"No known compromise","N",,
"5982ba41-f7b0-4c1b-807b-004016b6dd2b","SERC_021.basePlot.bet","D02","SERC","SERC_021","2015-04-21","2015-05-05","2016-11-17","NEON.BET.D02.001743","DICDIL1","Animalia","Arthropoda","Insecta","Coleoptera","Carabidae","Harpalinae","Licinini","Dicaelus","Paradicaelus","dilatatus","dilatatus","Dicaelus dilatatus dilatatus","Say","subspecies",,"F",,"Ball, G. E. 1959. A taxonomic study of the North American Licinini with notes on the Old World species of the genus Diplocheila BrullÃ© (Coleoptera). Memoirs of the American Entomological Society No. 16.","Robert L. Davidson","Carnegie Museum of Invertebrate Zoology",,"No known compromise","N",,
"e3d23bc1-1aab-4d1a-afae-1861fe5e1fa8","SERC_002.basePlot.bet","D02","SERC","SERC_002","2015-04-21","2015-05-05","2016-11-17","NEON.BET.D02.001744","DICDIL1","Animalia","Arthropoda","Insecta","Coleoptera","Carabidae","Harpalinae","Licinini","Dicaelus","Paradicaelus","dilatatus","dilatatus","Dicaelus dilatatus dilatatus","Say","subspecies",,"F",,"Ball, G. E. 1959. A taxonomic study of the North American Licinini with notes on the Old World species of the genus Diplocheila BrullÃ© (Coleoptera). Memoirs of the American Entomological Society No. 16.","Robert L. Davidson","Carnegie Museum of Invertebrate Zoology",,"No known compromise","N",,
"c3614df7-e292-47ec-89dd-09c9160f65e7","SERC_016.basePlot.bet","D02","SERC","SERC_016","2015-04-21","2015-05-05","2016-11-17","NEON.BET.D02.001754","DICFUR2","Animalia","Arthropoda","Insecta","Coleoptera","Carabidae","Harpalinae","Licinini","Dicaelus","Paradicaelus","furvus","furvus","Dicaelus furvus furvus","Dejean","subspecies",,"F",,"Ball, G. E. 1959. A taxonomic study of the North American Licinini with notes on the Old World species of the genus Diplocheila BrullÃ© (Coleoptera). Memoirs of the American Entomological Society No. 16.","Robert L. Davidson","Carnegie Museum of Invertebrate Zoology",,"No known compromise","N",,
"df77e330-ceb5-4518-91bf-53ad92521675","SERC_007.basePlot.bet","D02","SERC","SERC_007","2015-04-21","2015-05-05","2016-12-14","NEON.BET.D02.001850","AMPSER","Animalia","Arthropoda","Insecta","Coleoptera","Carabidae","Harpalinae","Harpalini","Amphasia","Pseudamphasia","sericea",,"Amphasia sericea","T.Harris","species",,"M",,"Lindroth, C. H. 1969. The ground-beetles (Carabidae, excl. Cicindelinae) of Canada and Alaska, parts 1-6. Opuscula E. Entomoligiska Sallskapet.","Robert L. Davidson","Carnegie Museum of Invertebrate Zoology",,"No known compromise","N",,
"4771ac28-a455-434d-833e-bf7753db26ed","SERC_007.basePlot.bet","D02","SERC","SERC_007","2015-04-21","2015-05-05","2016-12-14","NEON.BET.D02.001849","AMPSER","Animalia","Arthropoda","Insecta","Coleoptera","Carabidae","Harpalinae","Harpalini","Amphasia","Pseudamphasia","sericea",,"Amphasia sericea","T.Harris","species",,"F",,"Lindroth, C. H. 1969. The ground-beetles (Carabidae, excl. Cicindelinae) of Canada and Alaska, parts 1-6. Opuscula E. Entomoligiska Sallskapet.","Robert L. Davidson","Carnegie Museum of Invertebrate Zoology",,"No known compromise","N",,
"707cae68-a69f-4210-b4c4-097ebf4c337c","SERC_007.basePlot.bet","D02","SERC","SERC_007","2015-04-21","2015-05-05","2016-12-13","NEON.BET.D02.001853","BRARUP","Animalia","Arthropoda","Insecta","Coleoptera","Carabidae","Harpalinae","Harpalini","Bradycellus","Stenocellus","rupestris",,"Bradycellus rupestris","Say","species",,"M",,"Lindroth, C. H. 1969. The ground-beetles (Carabidae, excl. Cicindelinae) of Canada and Alaska, parts 1-6. Opuscula E. Entomoligiska Sallskapet.","Robert L. Davidson","Carnegie Museum of Invertebrate Zoology",,"No known compromise","N",,
"4396e050-3c0c-4c80-9344-747c18d1dbe2","SERC_007.basePlot.bet","D02","SERC","SERC_007","2015-04-21","2015-05-05","2016-12-14","NEON.BET.D02.001851","AMPSER","Animalia","Arthropoda","Insecta","Coleoptera","Carabidae","Harpalinae","Harpalini","Amphasia","Pseudamphasia","sericea",,"Amphasia sericea","T.Harris","species",,"F",,"Lindroth, C. H. 1969. The ground-beetles (Carabidae, excl. Cicindelinae) of Canada and Alaska, parts 1-6. Opuscula E. Entomoligiska Sallskapet.","Robert L. Davidson","Carnegie Museum of Invertebrate Zoology",,"No known compromise","N",,
"ef8344e5-51c5-4751-86ba-cb903cb832d5","SERC_010.basePlot.bet","D02","SERC","SERC_010","2015-04-21","2015-05-05","2016-12-12","NEON.BET.D02.001813","ANINIG1","Animalia","Arthropoda","Insecta","Coleoptera","Carabidae","Harpalinae","Harpalini","Anisodactylus","Anisodactylus","nigerrimus",,"Anisodactylus nigerrimus","Dejean","species",,"M",,"Noonan, G. R. 1996. Classification, cladistics and natural history of species of the subgenus Anisodactylus Dejean (Insecta: Coleoptera: Carabidae: Harpalini: Anysoldactylus).","Robert L. Davidson","Carnegie Museum of Invertebrate Zoology",,"No known compromise","N",,
"fbf9a234-8df6-44e8-b0b4-e7b3766da2b2","SERC_002.basePlot.bet","D02","SERC","SERC_002","2015-04-21","2015-05-05","2016-12-12","NEON.BET.D02.001812","ANINIG1","Animalia","Arthropoda","Insecta","Coleoptera","Carabidae","Harpalinae","Harpalini","Anisodactylus","Anisodactylus","nigerrimus",,"Anisodactylus nigerrimus","Dejean","species",,"F",,"Noonan, G. R. 1996. Classification, cladistics and natural history of species of the subgenus Anisodactylus Dejean (Insecta: Coleoptera: Carabidae: Harpalini: Anysoldactylus).","Robert L. Davidson","Carnegie Museum of Invertebrate Zoology",,"No known compromise","N",,
"f5198839-03fc-41ed-90d1-63c7ef6afae8","SERC_003.basePlot.bet","D02","SERC","SERC_003","2015-04-21","2015-05-05","2016-12-13","NEON.BET.D02.001897","AGOTHO1","Animalia","Arthropoda","Insecta","Coleoptera","Carabidae","Harpalinae","Harpalini","Agonoleptus",,"thoracicus",,"Agonoleptus thoracicus","Casey","species",,"F",,"Bousquet, Y., and P. W. Messer. 2010. Redescription of Stenolophus thoracicus Casey (Coleoptera, Carabidae, Harpalini), a valid species. ZooKeys 53:25-31.","Robert L. Davidson","Carnegie Museum of Invertebrate Zoology",,"No known compromise","N",,
"7c3aab55-3c4c-403f-a073-4ef446dbff49","SERC_007.basePlot.bet","D02","SERC","SERC_007","2015-04-21","2015-05-05","2016-12-15","NEON.BET.D02.001961","AGOOCT","Animalia","Arthropoda","Insecta","Coleoptera","Carabidae","Harpalinae","Platynini","Agonum","Olisares","octopunctatum",,"Agonum octopunctatum","Fabricius","species",,"M",,"Liebherr, J. K. 1994. Identification of new world Agonum , review of the mexican fauna , and description of Incagonum , new genus , from South America (Coleoptera: Carabidae: Platynini). Journal of The New York Entomological Society 102:1-55.","Robert L. Davidson","Carnegie Museum of Invertebrate Zoology",,"No known compromise","N",,
"b7096583-4d48-4dc3-b44e-447d450090fc","SERC_007.basePlot.bet","D02","SERC","SERC_007","2015-04-21","2015-05-05","2016-12-15","NEON.BET.D02.001959","AGOOCT","Animalia","Arthropoda","Insecta","Coleoptera","Carabidae","Harpalinae","Platynini","Agonum","Olisares","octopunctatum",,"Agonum octopunctatum","Fabricius","species",,"F",,"Liebherr, J. K. 1994. Identification of new world Agonum , review of the mexican fauna , and description of Incagonum , new genus , from South America (Coleoptera: Carabidae: Platynini). Journal of The New York Entomological Society 102:1-55.","Robert L. Davidson","Carnegie Museum of Invertebrate Zoology",,"No known compromise","N",,
"a74c1f53-4add-44c0-a758-239e7ec92bc3","SERC_007.basePlot.bet","D02","SERC","SERC_007","2015-04-21","2015-05-05","2016-12-15","NEON.BET.D02.001956","AGOPUN","Animalia","Arthropoda","Insecta","Coleoptera","Carabidae","Harpalinae","Platynini","Agonum","Olisares","punctiforme",,"Agonum punctiforme","Say","species",,"F",,"Liebherr, J. K. 1994. Identification of new world Agonum , review of the mexican fauna , and description of Incagonum , new genus , from South America (Coleoptera: Carabidae: Platynini). Journal of The New York Entomological Society 102:1-55.","Robert L. Davidson","Carnegie Museum of Invertebrate Zoology",,"No known compromise","N",,
"652fd359-c7d5-456d-af44-15a77cac3b8d","SERC_007.basePlot.bet","D02","SERC","SERC_007","2015-04-21","2015-05-05","2016-12-15","NEON.BET.D02.001958","AGOOCT","Animalia","Arthropoda","Insecta","Coleoptera","Carabidae","Harpalinae","Platynini","Agonum","Olisares","octopunctatum",,"Agonum octopunctatum","Fabricius","species",,"M",,"Liebherr, J. K. 1994. Identification of new world Agonum , review of the mexican fauna , and description of Incagonum , new genus , from South America (Coleoptera: Carabidae: Platynini). Journal of The New York Entomological Society 102:1-55.","Robert L. Davidson","Carnegie Museum of Invertebrate Zoology",,"No known compromise","N",,
"8b41dd36-ef7b-4815-b675-9c65bf5633a6","SERC_007.basePlot.bet","D02","SERC","SERC_007","2015-04-21","2015-05-05","2016-12-15","NEON.BET.D02.001960","AGOOCT","Animalia","Arthropoda","Insecta","Coleoptera","Carabidae","Harpalinae","Platynini","Agonum","Olisares","octopunctatum",,"Agonum octopunctatum","Fabricius","species",,"F",,"Liebherr, J. K. 1994. Identification of new world Agonum , review of the mexican fauna , and description of Incagonum , new genus , from South America (Coleoptera: Carabidae: Platynini). Journal of The New York Entomological Society 102:1-55.","Robert L. Davidson","Carnegie Museum of Invertebrate Zoology",,"No known compromise","N",,
"8041c1b9-6c00-451f-ac25-4b1cb71d5982","SERC_009.basePlot.bet","D02","SERC","SERC_009","2015-04-21","2015-05-05","2016-12-15","NEON.BET.D02.001957","AGOOCT","Animalia","Arthropoda","Insecta","Coleoptera","Carabidae","Harpalinae","Platynini","Agonum","Olisares","octopunctatum",,"Agonum octopunctatum","Fabricius","species",,"F",,"Liebherr, J. K. 1994. Identification of new world Agonum , review of the mexican fauna , and description of Incagonum , new genus , from South America (Coleoptera: Carabidae: Platynini). Journal of The New York Entomological Society 102:1-55.","Robert L. Davidson","Carnegie Museum of Invertebrate Zoology",,"No known compromise","N",,
"b7646fe4-dde7-492e-a36f-4336618a7ba7","SERC_009.basePlot.bet","D02","SERC","SERC_009","2015-04-21","2015-05-05","2016-11-17","NEON.BET.D02.001173","CARGOR","Animalia","Arthropoda","Insecta","Coleoptera","Carabidae","Carabinae","Carabini","Carabus","Carabus","goryi",,"Carabus goryi","Dejean","species",,"M",,"Lindroth, C. H. 1969. The ground-beetles (Carabidae, excl. Cicindelinae) of Canada and Alaska, parts 1-6. Opuscula E. Entomoligiska Sallskapet.","Robert L. Davidson","Carnegie Museum of Invertebrate Zoology",,"No known compromise","N",,
"ba83df41-30ab-4e4e-a8d6-c97b093a8df5","SERC_009.basePlot.bet","D02","SERC","SERC_009","2015-04-21","2015-05-05","2016-11-17","NEON.BET.D02.001174","CARGOR","Animalia","Arthropoda","Insecta","Coleoptera","Carabidae","Carabinae","Carabini","Carabus","Carabus","goryi",,"Carabus goryi","Dejean","species",,"M",,"Lindroth, C. H. 1969. The ground-beetles (Carabidae, excl. Cicindelinae) of Canada and Alaska, parts 1-6. Opuscula E. Entomoligiska Sallskapet.","Robert L. Davidson","Carnegie Museum of Invertebrate Zoology",,"No known compromise","N",,
"4610fb48-a73c-4aca-bf50-d4f78b838896","SERC_009.basePlot.bet","D02","SERC","SERC_009","2015-04-21","2015-05-05","2016-12-02","NEON.BET.D02.001169","NOTAEN","Animalia","Arthropoda","Insecta","Coleoptera","Carabidae","Nebriinae","Notiophilini","Notiophilus",,"aeneus",,"Notiophilus aeneus","Herbst","species",,"M",,"Lindroth, C. H. 1969. The ground-beetles (Carabidae, excl. Cicindelinae) of Canada and Alaska, parts 1-6. Opuscula E. Entomoligiska Sallskapet.","Robert L. Davidson","Carnegie Museum of Invertebrate Zoology",,"No known compromise","N",,
"7e76a18f-49d3-4f42-b540-0fece8e22600","SERC_021.basePlot.bet","D02","SERC","SERC_021","2015-04-21","2015-05-05","2016-11-17","NEON.BET.D02.001175","CARGOR","Animalia","Arthropoda","Insecta","Coleoptera","Carabidae","Carabinae","Carabini","Carabus","Carabus","goryi",,"Carabus goryi","Dejean","species",,"F",,"Lindroth, C. H. 1969. The ground-beetles (Carabidae, excl. Cicindelinae) of Canada and Alaska, parts 1-6. Opuscula E. Entomoligiska Sallskapet.","Robert L. Davidson","Carnegie Museum of Invertebrate Zoology",,"No known compromise","N",,
"0073ee47-b4ed-4181-91e0-5e72df7d34fc","SERC_003.basePlot.bet","D02","SERC","SERC_003","2015-04-21","2015-05-05","2016-12-02","NEON.BET.D02.001201","SCASUB2","Animalia","Arthropoda","Insecta","Coleoptera","Carabidae","Scaritinae","Scaritini","Scarites","Scarites","subterraneus",,"Scarites subterraneus","Fabricius","species",,"U",,"Nichols, S. W. 1986. Two new flightless species of Scarites s. str. inhabiting Florida and the West Indies (Coleoptera: Carabidae: Scaritini). Proceedings of the Entomological Society of Washington 88:257-264.","Robert L. Davidson","Carnegie Museum of Invertebrate Zoology",,"No known compromise","N",,
"a4ac53f9-3542-42bc-835b-db4878172e03","SERC_007.basePlot.bet","D02","SERC","SERC_007","2015-04-21","2015-05-05","2016-12-02","NEON.BET.D02.001203","SCASUB2","Animalia","Arthropoda","Insecta","Coleoptera","Carabidae","Scaritinae","Scaritini","Scarites","Scarites","subterraneus",,"Scarites subterraneus","Fabricius","species",,"U",,"Nichols, S. W. 1986. Two new flightless species of Scarites s. str. inhabiting Florida and the West Indies (Coleoptera: Carabidae: Scaritini). Proceedings of the Entomological Society of Washington 88:257-264.","Robert L. Davidson","Carnegie Museum of Invertebrate Zoology",,"No known compromise","N",,
"91ecd225-357a-4bd8-8092-fffb7e8de81c","SERC_007.basePlot.bet","D02","SERC","SERC_007","2015-04-21","2015-05-05","2016-12-02","NEON.BET.D02.001202","SCASUB2","Animalia","Arthropoda","Insecta","Coleoptera","Carabidae","Scaritinae","Scaritini","Scarites","Scarites","subterraneus",,"Scarites subterraneus","Fabricius","species",,"U",,"Nichols, S. W. 1986. Two new flightless species of Scarites s. str. inhabiting Florida and the West Indies (Coleoptera: Carabidae: Scaritini). Proceedings of the Entomological Society of Washington 88:257-264.","Robert L. Davidson","Carnegie Museum of Invertebrate Zoology",,"No known compromise","N",,
"2deabe8b-ec1f-4df3-9845-0e82bb877d43","SERC_007.basePlot.bet","D02","SERC","SERC_007","2015-04-21","2015-05-05","2016-12-02","NEON.BET.D02.001205","SCASUB2","Animalia","Arthropoda","Insecta","Coleoptera","Carabidae","Scaritinae","Scaritini","Scarites","Scarites","subterraneus",,"Scarites subterraneus","Fabricius","species",,"U",,"Nichols, S. W. 1986. Two new flightless species of Scarites s. str. inhabiting Florida and the West Indies (Coleoptera: Carabidae: Scaritini). Proceedings of the Entomological Society of Washington 88:257-264.","Robert L. Davidson","Carnegie Museum of Invertebrate Zoology",,"No known compromise","N",,
"b1c4210c-bb97-45e1-ab8d-73c2f51bf70a","SERC_007.basePlot.bet","D02","SERC","SERC_007","2015-04-21","2015-05-05","2016-12-02","NEON.BET.D02.001204","SCASUB2","Animalia","Arthropoda","Insecta","Coleoptera","Carabidae","Scaritinae","Scaritini","Scarites","Scarites","subterraneus",,"Scarites subterraneus","Fabricius","species",,"U",,"Nichols, S. W. 1986. Two new flightless species of Scarites s. str. inhabiting Florida and the West Indies (Coleoptera: Carabidae: Scaritini). Proceedings of the Entomological Society of Washington 88:257-264.","Robert L. Davidson","Carnegie Museum of Invertebrate Zoology",,"No known compromise","N",,
"1c0a23c1-ca80-4fdd-8861-0fb83f242be9","SERC_007.basePlot.bet","D02","SERC","SERC_007","2015-04-21","2015-05-05","2016-12-16","NEON.BET.D02.001271","BEMAFF","Animalia","Arthropoda","Insecta","Coleoptera","Carabidae","Trechinae","Bembidiini","Bembidion","Furcacampa","affine",,"Bembidion affine","Say","species",,"M",,"Lindroth, C. H. 1969. The ground-beetles (Carabidae, excl. Cicindelinae) of Canada and Alaska, parts 1-6. Opuscula E. Entomoligiska Sallskapet.","Robert L. Davidson","Carnegie Museum of Invertebrate Zoology",,"No known compromise","N",,
"2b39429c-f5b3-4c0d-8bc0-e2f9ee38aa73","SERC_007.basePlot.bet","D02","SERC","SERC_007","2015-04-21","2015-05-05","2016-12-17","NEON.BET.D02.001276","ELAXAN","Animalia","Arthropoda","Insecta","Coleoptera","Carabidae","Trechinae","Bembidiini","Elaphropus","Barytachys","xanthopus",,"Elaphropus xanthopus","Dejean","species",,"M",,"Bousquet, Y. 2010b. Illustrated Identification Guide to Adults and Larvae of Northeastern North American Ground Beetles (Coleoptera: Carabidae). 1st Ed. Pensoft Publishers, Sofia, Bulgaria.","Robert L. Davidson","Carnegie Museum of Invertebrate Zoology",,"No known compromise","N",,
"f2c0e0a4-17b3-4b99-bc0b-d2f763225bc2","SERC_007.basePlot.bet","D02","SERC","SERC_007","2015-04-21","2015-05-05","2016-12-17","NEON.BET.D02.001275","ELAXAN","Animalia","Arthropoda","Insecta","Coleoptera","Carabidae","Trechinae","Bembidiini","Elaphropus","Barytachys","xanthopus",,"Elaphropus xanthopus","Dejean","species",,"F",,"Bousquet, Y. 2010b. Illustrated Identification Guide to Adults and Larvae of Northeastern North American Ground Beetles (Coleoptera: Carabidae). 1st Ed. Pensoft Publishers, Sofia, Bulgaria.","Robert L. Davidson","Carnegie Museum of Invertebrate Zoology",,"No known compromise","N",,
"efd0dbb7-baf1-4b34-883e-49b4fd97424a","SERC_007.basePlot.bet","D02","SERC","SERC_007","2015-04-21","2015-05-05","2016-12-16","NEON.BET.D02.001272","BEMAFF","Animalia","Arthropoda","Insecta","Coleoptera","Carabidae","Trechinae","Bembidiini","Bembidion","Furcacampa","affine",,"Bembidion affine","Say","species",,"F",,"Lindroth, C. H. 1969. The ground-beetles (Carabidae, excl. Cicindelinae) of Canada and Alaska, parts 1-6. Opuscula E. Entomoligiska Sallskapet.","Robert L. Davidson","Carnegie Museum of Invertebrate Zoology",,"No known compromise","N",,
"db286456-0b54-4485-a904-a3cbb7e63b89","SERC_007.basePlot.bet","D02","SERC","SERC_007","2015-04-21","2015-05-05","2016-12-17","NEON.BET.D02.001381","ELAINC","Animalia","Arthropoda","Insecta","Coleoptera","Carabidae","Trechinae","Bembidiini","Elaphropus","Barytachys","incurvus",,"Elaphropus incurvus","Say","species",,"M",,"Bousquet, Y. 2010b. Illustrated Identification Guide to Adults and Larvae of Northeastern North American Ground Beetles (Coleoptera: Carabidae). 1st Ed. Pensoft Publishers, Sofia, Bulgaria.","Robert L. Davidson","Carnegie Museum of Invertebrate Zoology",,"No known compromise","N",,
"68f83595-2f46-471f-82b2-39630335ebf2","SERC_003.basePlot.bet","D02","SERC","SERC_003","2015-04-21","2015-05-05","2016-12-17","NEON.BET.D02.001439","TACPOT","Animalia","Arthropoda","Insecta","Coleoptera","Carabidae","Trechinae","Bembidiini","Tachys","Paratachys","potomaca",,"Tachys potomaca","Erwin","species",,"M",,"Erwin, T.L. 1981 Natural History of Plummers Island, Maryland. XXVI. The Ground Beetles of a Temperate Forest Site: An Analysis of Fauna in Relation to Size, Habitat Selection, Vagility, Seasonality, and Extinction. Bull Biol Soc Washington, 5, 105-224.","Robert L. Davidson","Carnegie Museum of Invertebrate Zoology",,"No known compromise","N",,
"6b524a42-7998-4e3a-96fc-a01ef54c44c0","SERC_001.basePlot.bet","D02","SERC","SERC_001","2015-04-21","2015-05-05","2016-12-17","NEON.BET.D02.001404","POLLAE","Animalia","Arthropoda","Insecta","Coleoptera","Carabidae","Trechinae","Bembidiini","Polyderis",,"laeva",,"Polyderis laeva","Say","species",,"U",,"Bousquet, Y. 2010b. Illustrated Identification Guide to Adults and Larvae of Northeastern North American Ground Beetles (Coleoptera: Carabidae). 1st Ed. Pensoft Publishers, Sofia, Bulgaria.","Robert L. Davidson","Carnegie Museum of Invertebrate Zoology",,"No known compromise","N",,
"b4222211-3f50-4446-9413-b0f212d7a7a1","SERC_001.basePlot.bet","D02","SERC","SERC_001","2015-04-21","2015-05-05","2016-12-17","NEON.BET.D02.001438","TACPOT","Animalia","Arthropoda","Insecta","Coleoptera","Carabidae","Trechinae","Bembidiini","Tachys","Paratachys","potomaca",,"Tachys potomaca","Erwin","species",,"M",,"Erwin, T.L. 1981 Natural History of Plummers Island, Maryland. XXVI. The Ground Beetles of a Temperate Forest Site: An Analysis of Fauna in Relation to Size, Habitat Selection, Vagility, Seasonality, and Extinction. Bull Biol Soc Washington, 5, 105-224.","Robert L. Davidson","Carnegie Museum of Invertebrate Zoology",,"No known compromise","N",,
"6e9cab18-b0a1-404a-89c2-636da7a03cd0","SERC_001.basePlot.bet","D02","SERC","SERC_001","2015-04-21","2015-05-05","2016-12-17","NEON.BET.D02.001437","TACPOT","Animalia","Arthropoda","Insecta","Coleoptera","Carabidae","Trechinae","Bembidiini","Tachys","Paratachys","potomaca",,"Tachys potomaca","Erwin","species",,"M",,"Erwin, T.L. 1981 Natural History of Plummers Island, Maryland. XXVI. The Ground Beetles of a Temperate Forest Site: An Analysis of Fauna in Relation to Size, Habitat Selection, Vagility, Seasonality, and Extinction. Bull Biol Soc Washington, 5, 105-224.","Robert L. Davidson","Carnegie Museum of Invertebrate Zoology",,"No known compromise","N",,
"cb3b034a-ca3c-48ea-a97c-538f23eabeb1","SERC_001.basePlot.bet","D02","SERC","SERC_001","2015-04-21","2015-05-05","2016-12-17","NEON.BET.D02.001405","POLLAE","Animalia","Arthropoda","Insecta","Coleoptera","Carabidae","Trechinae","Bembidiini","Polyderis",,"laeva",,"Polyderis laeva","Say","species",,"U",,"Bousquet, Y. 2010b. Illustrated Identification Guide to Adults and Larvae of Northeastern North American Ground Beetles (Coleoptera: Carabidae). 1st Ed. Pensoft Publishers, Sofia, Bulgaria.","Robert L. Davidson","Carnegie Museum of Invertebrate Zoology",,"No known compromise","N",,
"cc9fd05b-c874-48d9-aaad-da8cab668dd8","SERC_001.basePlot.bet","D02","SERC","SERC_001","2015-04-21","2015-05-05","2016-12-17","NEON.BET.D02.001436","TACPOT","Animalia","Arthropoda","Insecta","Coleoptera","Carabidae","Trechinae","Bembidiini","Tachys","Paratachys","potomaca",,"Tachys potomaca","Erwin","species",,"M",,"Erwin, T.L. 1981 Natural History of Plummers Island, Maryland. XXVI. The Ground Beetles of a Temperate Forest Site: An Analysis of Fauna in Relation to Size, Habitat Selection, Vagility, Seasonality, and Extinction. Bull Biol Soc Washington, 5, 105-224.","Robert L. Davidson","Carnegie Museum of Invertebrate Zoology",,"No known compromise","N",,
"72ef13bd-2813-42e2-9621-a32516f39115","SERC_021.basePlot.bet","D02","SERC","SERC_021","2015-04-21","2015-05-05","2016-12-01","NEON.BET.D02.001450","POELUC","Animalia","Arthropoda","Insecta","Coleoptera","Carabidae","Harpalinae","Pterostichini","Poecilus","Poecilus","lucublandus",,"Poecilus lucublandus","Say","species",,"F",,"Lindroth, C. H. 1969. The ground-beetles (Carabidae, excl. Cicindelinae) of Canada and Alaska, parts 1-6. Opuscula E. Entomoligiska Sallskapet.","Robert L. Davidson","Carnegie Museum of Invertebrate Zoology",,"No known compromise","N",,
"ed7fb22a-e670-473f-9faf-2a213bf2c851","SERC_007.basePlot.bet","D02","SERC","SERC_007","2015-04-21","2015-05-05","2016-12-01","NEON.BET.D02.001462","POECHA","Animalia","Arthropoda","Insecta","Coleoptera","Carabidae","Harpalinae","Pterostichini","Poecilus","Poecilus","chalcites",,"Poecilus chalcites","Say","species",,"F",,"Lindroth, C. H. 1969. The ground-beetles (Carabidae, excl. Cicindelinae) of Canada and Alaska, parts 1-6. Opuscula E. Entomoligiska Sallskapet.","Robert L. Davidson","Carnegie Museum of Invertebrate Zoology",,"No known compromise","N",,
"9ca5b403-b391-417c-aa9d-116f6cc6d74d","SERC_007.basePlot.bet","D02","SERC","SERC_007","2015-04-21","2015-05-05","2016-12-01","NEON.BET.D02.001456","POECHA","Animalia","Arthropoda","Insecta","Coleoptera","Carabidae","Harpalinae","Pterostichini","Poecilus","Poecilus","chalcites",,"Poecilus chalcites","Say","species",,"M",,"Lindroth, C. H. 1969. The ground-beetles (Carabidae, excl. Cicindelinae) of Canada and Alaska, parts 1-6. Opuscula E. Entomoligiska Sallskapet.","Robert L. Davidson","Carnegie Museum of Invertebrate Zoology",,"No known compromise","N",,
"4f1473d4-e717-4bb3-919b-1a043ee03f00","SERC_007.basePlot.bet","D02","SERC","SERC_007","2015-04-21","2015-05-05","2016-12-01","NEON.BET.D02.001459","POECHA","Animalia","Arthropoda","Insecta","Coleoptera","Carabidae","Harpalinae","Pterostichini","Poecilus","Poecilus","chalcites",,"Poecilus chalcites","Say","species",,"M",,"Lindroth, C. H. 1969. The ground-beetles (Carabidae, excl. Cicindelinae) of Canada and Alaska, parts 1-6. Opuscula E. Entomoligiska Sallskapet.","Robert L. Davidson","Carnegie Museum of Invertebrate Zoology",,"No known compromise","N",,
"12d42e5b-13b4-4f76-93ec-4608d8f9dc5a","SERC_007.basePlot.bet","D02","SERC","SERC_007","2015-04-21","2015-05-05","2016-12-01","NEON.BET.D02.001455","POECHA","Animalia","Arthropoda","Insecta","Coleoptera","Carabidae","Harpalinae","Pterostichini","Poecilus","Poecilus","chalcites",,"Poecilus chalcites","Say","species",,"M",,"Lindroth, C. H. 1969. The ground-beetles (Carabidae, excl. Cicindelinae) of Canada and Alaska, parts 1-6. Opuscula E. Entomoligiska Sallskapet.","Robert L. Davidson","Carnegie Museum of Invertebrate Zoology",,"No known compromise","N",,
"3fceb7e9-10e2-470b-ab4e-51875b593493","SERC_007.basePlot.bet","D02","SERC","SERC_007","2015-04-21","2015-05-05","2016-12-01","NEON.BET.D02.001457","POECHA","Animalia","Arthropoda","Insecta","Coleoptera","Carabidae","Harpalinae","Pterostichini","Poecilus","Poecilus","chalcites",,"Poecilus chalcites","Say","species",,"M",,"Lindroth, C. H. 1969. The ground-beetles (Carabidae, excl. Cicindelinae) of Canada and Alaska, parts 1-6. Opuscula E. Entomoligiska Sallskapet.","Robert L. Davidson","Carnegie Museum of Invertebrate Zoology",,"No known compromise","N",,
"15ec7aaf-8a41-4d1a-bc06-d6e0f64271c5","SERC_007.basePlot.bet","D02","SERC","SERC_007","2015-04-21","2015-05-05","2016-12-01","NEON.BET.D02.001461","POECHA","Animalia","Arthropoda","Insecta","Coleoptera","Carabidae","Harpalinae","Pterostichini","Poecilus","Poecilus","chalcites",,"Poecilus chalcites","Say","species",,"F",,"Lindroth, C. H. 1969. The ground-beetles (Carabidae, excl. Cicindelinae) of Canada and Alaska, parts 1-6. Opuscula E. Entomoligiska Sallskapet.","Robert L. Davidson","Carnegie Museum of Invertebrate Zoology",,"No known compromise","N",,
"69a23b9b-d88a-4451-a1fd-5e7d2437ab4b","SERC_007.basePlot.bet","D02","SERC","SERC_007","2015-04-21","2015-05-05","2016-12-01","NEON.BET.D02.001458","POECHA","Animalia","Arthropoda","Insecta","Coleoptera","Carabidae","Harpalinae","Pterostichini","Poecilus","Poecilus","chalcites",,"Poecilus chalcites","Say","species",,"F",,"Lindroth, C. H. 1969. The ground-beetles (Carabidae, excl. Cicindelinae) of Canada and Alaska, parts 1-6. Opuscula E. Entomoligiska Sallskapet.","Robert L. Davidson","Carnegie Museum of Invertebrate Zoology",,"No known compromise","N",,
"4fa6276c-2814-44be-b561-fa516f61d093","SERC_007.basePlot.bet","D02","SERC","SERC_007","2015-04-21","2015-05-05","2016-12-01","NEON.BET.D02.001460","POECHA","Animalia","Arthropoda","Insecta","Coleoptera","Carabidae","Harpalinae","Pterostichini","Poecilus","Poecilus","chalcites",,"Poecilus chalcites","Say","species",,"M",,"Lindroth, C. H. 1969. The ground-beetles (Carabidae, excl. Cicindelinae) of Canada and Alaska, parts 1-6. Opuscula E. Entomoligiska Sallskapet.","Robert L. Davidson","Carnegie Museum of Invertebrate Zoology",,"No known compromise","N",,
"b0f2ba53-d609-4134-b06b-7d5d3d1cae34","SERC_010.basePlot.bet","D02","SERC","SERC_010","2015-05-05","2015-05-19","2016-11-17","NEON.BET.D02.001746","DICDIL1","Animalia","Arthropoda","Insecta","Coleoptera","Carabidae","Harpalinae","Licinini","Dicaelus","Paradicaelus","dilatatus","dilatatus","Dicaelus dilatatus dilatatus","Say","subspecies",,"M",,"Ball, G. E. 1959. A taxonomic study of the North American Licinini with notes on the Old World species of the genus Diplocheila BrullÃ© (Coleoptera). Memoirs of the American Entomological Society No. 16.","Robert L. Davidson","Carnegie Museum of Invertebrate Zoology",,"No known compromise","N",,
"425e3d9e-a706-4488-9dc4-41b7abb93f56","SERC_002.basePlot.bet","D02","SERC","SERC_002","2015-05-05","2015-05-19","2016-11-16","NEON.BET.D02.001713","CHLAES","Animalia","Arthropoda","Insecta","Coleoptera","Carabidae","Harpalinae","Chlaeniini","Chlaenius","Chlaenius","aestivus",,"Chlaenius aestivus","Say","species",,"F",,"Bell, R. T. 1960. A Revision of the Genus Chlaenius Bonelli (Coleoptera, Carabidae) in North America. Miscellaneous Publications of the Entomological Society of America 1:98-166.","Robert L. Davidson","Carnegie Museum of Invertebrate Zoology",,"No known compromise","N",,
"b21f536f-e527-4004-8eef-3bf868b39d67","SERC_007.basePlot.bet","D02","SERC","SERC_007","2015-05-05","2015-05-19","2016-12-16","NEON.BET.D02.001709","AMAIMP","Animalia","Arthropoda","Insecta","Coleoptera","Carabidae","Harpalinae","Zabrini","Amara","Amara","impuncticollis",,"Amara impuncticollis","Say","species",,"F",,"Hieke, F. 2000. Revision einiger Gruppen und neue Arten der Gattung Amara Bonelli, 1810 (Coleoptera: Carabidae). Annales Historico-Naturales Musei Nationalis Hungarici 92:41-143.","Robert L. Davidson","Carnegie Museum of Invertebrate Zoology",,"No known compromise","N",,
"0e964e94-8092-4e3e-a175-e21c694ac3b1","SERC_001.basePlot.bet","D02","SERC","SERC_001","2015-05-05","2015-05-19","2016-11-16","NEON.BET.D02.001714","CHLAES","Animalia","Arthropoda","Insecta","Coleoptera","Carabidae","Harpalinae","Chlaeniini","Chlaenius","Chlaenius","aestivus",,"Chlaenius aestivus","Say","species",,"F",,"Bell, R. T. 1960. A Revision of the Genus Chlaenius Bonelli (Coleoptera, Carabidae) in North America. Miscellaneous Publications of the Entomological Society of America 1:98-166.","Robert L. Davidson","Carnegie Museum of Invertebrate Zoology",,"No known compromise","N",,
"7cdde1a4-0018-4aa6-9ae5-ff9a3ddfb9d2","SERC_007.basePlot.bet","D02","SERC","SERC_007","2015-05-05","2015-05-19","2016-12-16","NEON.BET.D02.001703","AMAAEN1","Animalia","Arthropoda","Insecta","Coleoptera","Carabidae","Harpalinae","Zabrini","Amara","Amara","aenea",,"Amara aenea","DeGeer","species",,"M",,"Hieke, F. 2000. Revision einiger Gruppen und neue Arten der Gattung Amara Bonelli, 1810 (Coleoptera: Carabidae). Annales Historico-Naturales Musei Nationalis Hungarici 92:41-143.","Robert L. Davidson","Carnegie Museum of Invertebrate Zoology",,"No known compromise","N",,
"e50cc5cf-0f38-427f-baa6-fef4826e9cd6","SERC_007.basePlot.bet","D02","SERC","SERC_007","2015-05-05","2015-05-19","2016-12-16","NEON.BET.D02.001706","AMAAEN1","Animalia","Arthropoda","Insecta","Coleoptera","Carabidae","Harpalinae","Zabrini","Amara","Amara","aenea",,"Amara aenea","DeGeer","species",,"M",,"Hieke, F. 2000. Revision einiger Gruppen und neue Arten der Gattung Amara Bonelli, 1810 (Coleoptera: Carabidae). Annales Historico-Naturales Musei Nationalis Hungarici 92:41-143.","Robert L. Davidson","Carnegie Museum of Invertebrate Zoology",,"No known compromise","N",,
"7e0f8415-5e4f-47c6-a58d-992bcfdea498","SERC_007.basePlot.bet","D02","SERC","SERC_007","2015-05-05","2015-05-19","2016-12-16","NEON.BET.D02.001702","AMAAEN1","Animalia","Arthropoda","Insecta","Coleoptera","Carabidae","Harpalinae","Zabrini","Amara","Amara","aenea",,"Amara aenea","DeGeer","species",,"M",,"Hieke, F. 2000. Revision einiger Gruppen und neue Arten der Gattung Amara Bonelli, 1810 (Coleoptera: Carabidae). Annales Historico-Naturales Musei Nationalis Hungarici 92:41-143.","Robert L. Davidson","Carnegie Museum of Invertebrate Zoology",,"No known compromise","N",,
"e14f42a2-f8ce-41da-97bc-e69b95fea4c0","SERC_007.basePlot.bet","D02","SERC","SERC_007","2015-05-05","2015-05-19","2016-12-16","NEON.BET.D02.001707","AMAAEN1","Animalia","Arthropoda","Insecta","Coleoptera","Carabidae","Harpalinae","Zabrini","Amara","Amara","aenea",,"Amara aenea","DeGeer","species",,"F",,"Hieke, F. 2000. Revision einiger Gruppen und neue Arten der Gattung Amara Bonelli, 1810 (Coleoptera: Carabidae). Annales Historico-Naturales Musei Nationalis Hungarici 92:41-143.","Robert L. Davidson","Carnegie Museum of Invertebrate Zoology",,"No known compromise","N",,
"912ba399-9fc8-47ca-b8e4-d66fb086c904","SERC_007.basePlot.bet","D02","SERC","SERC_007","2015-05-05","2015-05-19","2016-12-16","NEON.BET.D02.001710","AMAIMP","Animalia","Arthropoda","Insecta","Coleoptera","Carabidae","Harpalinae","Zabrini","Amara","Amara","impuncticollis",,"Amara impuncticollis","Say","species",,"F",,"Hieke, F. 2000. Revision einiger Gruppen und neue Arten der Gattung Amara Bonelli, 1810 (Coleoptera: Carabidae). Annales Historico-Naturales Musei Nationalis Hungarici 92:41-143.","Robert L. Davidson","Carnegie Museum of Invertebrate Zoology",,"No known compromise","N",,
"1d5d133f-9bab-4ae6-8a92-4619bc490cd7","SERC_007.basePlot.bet","D02","SERC","SERC_007","2015-05-05","2015-05-19","2016-12-16","NEON.BET.D02.001705","AMAAEN1","Animalia","Arthropoda","Insecta","Coleoptera","Carabidae","Harpalinae","Zabrini","Amara","Amara","aenea",,"Amara aenea","DeGeer","species",,"F",,"Hieke, F. 2000. Revision einiger Gruppen und neue Arten der Gattung Amara Bonelli, 1810 (Coleoptera: Carabidae). Annales Historico-Naturales Musei Nationalis Hungarici 92:41-143.","Robert L. Davidson","Carnegie Museum of Invertebrate Zoology",,"No known compromise","N",,
"eee0a653-f0a1-4fa4-92d9-060509382d57","SERC_007.basePlot.bet","D02","SERC","SERC_007","2015-05-05","2015-05-19","2016-12-16","NEON.BET.D02.001701","AMAAEN1","Animalia","Arthropoda","Insecta","Coleoptera","Carabidae","Harpalinae","Zabrini","Amara","Amara","aenea",,"Amara aenea","DeGeer","species",,"F",,"Hieke, F. 2000. Revision einiger Gruppen und neue Arten der Gattung Amara Bonelli, 1810 (Coleoptera: Carabidae). Annales Historico-Naturales Musei Nationalis Hungarici 92:41-143.","Robert L. Davidson","Carnegie Museum of Invertebrate Zoology",,"No known compromise","N",,
"a7379e39-89d8-4ece-88e2-3f1edec44ff9","SERC_007.basePlot.bet","D02","SERC","SERC_007","2015-05-05","2015-05-19","2016-12-16","NEON.BET.D02.001704","AMAAEN1","Animalia","Arthropoda","Insecta","Coleoptera","Carabidae","Harpalinae","Zabrini","Amara","Amara","aenea",,"Amara aenea","DeGeer","species",,"F",,"Hieke, F. 2000. Revision einiger Gruppen und neue Arten der Gattung Amara Bonelli, 1810 (Coleoptera: Carabidae). Annales Historico-Naturales Musei Nationalis Hungarici 92:41-143.","Robert L. Davidson","Carnegie Museum of Invertebrate Zoology",,"No known compromise","N",,
"36724909-a62d-4ea3-93ca-362ccd344545","SERC_007.basePlot.bet","D02","SERC","SERC_007","2015-05-05","2015-05-19","2016-12-16","NEON.BET.D02.001708","AMAAEN1","Animalia","Arthropoda","Insecta","Coleoptera","Carabidae","Harpalinae","Zabrini","Amara","Amara","aenea",,"Amara aenea","DeGeer","species",,"F",,"Hieke, F. 2000. Revision einiger Gruppen und neue Arten der Gattung Amara Bonelli, 1810 (Coleoptera: Carabidae). Annales Historico-Naturales Musei Nationalis Hungarici 92:41-143.","Robert L. Davidson","Carnegie Museum of Invertebrate Zoology",,"No known compromise","N",,
"d6431ff8-75bc-4d97-a0d6-26dd6ca76277","SERC_016.basePlot.bet","D02","SERC","SERC_016","2015-05-05","2015-05-19","2016-11-17","NEON.BET.D02.001759","DICFUR2","Animalia","Arthropoda","Insecta","Coleoptera","Carabidae","Harpalinae","Licinini","Dicaelus","Paradicaelus","furvus","furvus","Dicaelus furvus furvus","Dejean","subspecies",,"F",,"Ball, G. E. 1959. A taxonomic study of the North American Licinini with notes on the Old World species of the genus Diplocheila BrullÃ© (Coleoptera). Memoirs of the American Entomological Society No. 16.","Robert L. Davidson","Carnegie Museum of Invertebrate Zoology",,"No known compromise","N",,
"6bf34298-7963-49b9-b5ff-5e678c80913f","SERC_016.basePlot.bet","D02","SERC","SERC_016","2015-05-05","2015-05-19","2016-11-17","NEON.BET.D02.001757","DICFUR2","Animalia","Arthropoda","Insecta","Coleoptera","Carabidae","Harpalinae","Licinini","Dicaelus","Paradicaelus","furvus","furvus","Dicaelus furvus furvus","Dejean","subspecies",,"M",,"Ball, G. E. 1959. A taxonomic study of the North American Licinini with notes on the Old World species of the genus Diplocheila BrullÃ© (Coleoptera). Memoirs of the American Entomological Society No. 16.","Robert L. Davidson","Carnegie Museum of Invertebrate Zoology",,"No known compromise","N",,
"7f42a505-d871-4120-91b7-56c1ce883ec2","SERC_016.basePlot.bet","D02","SERC","SERC_016","2015-05-05","2015-05-19","2016-11-17","NEON.BET.D02.001758","DICFUR2","Animalia","Arthropoda","Insecta","Coleoptera","Carabidae","Harpalinae","Licinini","Dicaelus","Paradicaelus","furvus","furvus","Dicaelus furvus furvus","Dejean","subspecies",,"M",,"Ball, G. E. 1959. A taxonomic study of the North American Licinini with notes on the Old World species of the genus Diplocheila BrullÃ© (Coleoptera). Memoirs of the American Entomological Society No. 16.","Robert L. Davidson","Carnegie Museum of Invertebrate Zoology",,"No known compromise","N",,
"99673d38-7c6b-4476-9186-e848436072cb","SERC_015.basePlot.bet","D02","SERC","SERC_015","2015-05-05","2015-05-19","2016-11-17","NEON.BET.D02.001756","DICFUR2","Animalia","Arthropoda","Insecta","Coleoptera","Carabidae","Harpalinae","Licinini","Dicaelus","Paradicaelus","furvus","furvus","Dicaelus furvus furvus","Dejean","subspecies",,"M",,"Ball, G. E. 1959. A taxonomic study of the North American Licinini with notes on the Old World species of the genus Diplocheila BrullÃ© (Coleoptera). Memoirs of the American Entomological Society No. 16.","Robert L. Davidson","Carnegie Museum of Invertebrate Zoology",,"No known compromise","N",,
"42291b9a-ef61-4742-aead-4f348a57be39","SERC_002.basePlot.bet","D02","SERC","SERC_002","2015-05-05","2015-05-19","2016-11-17","NEON.BET.D02.001811","BADNOT","Animalia","Arthropoda","Insecta","Coleoptera","Carabidae","Harpalinae","Licinini","Badister","Badister","notatus",,"Badister notatus","Haldeman","species",,"F",,"Ball, G. E. 1959. A taxonomic study of the North American Licinini with notes on the Old World species of the genus Diplocheila BrullÃ© (Coleoptera). Memoirs of the American Entomological Society No. 16.","Robert L. Davidson","Carnegie Museum of Invertebrate Zoology",,"No known compromise","N",,
"a1e3dec7-7c1f-4d89-8e6c-d120a7a8f415","SERC_021.basePlot.bet","D02","SERC","SERC_021","2015-05-05","2015-05-19","2016-11-17","NEON.BET.D02.001805","DICAMB","Animalia","Arthropoda","Insecta","Coleoptera","Carabidae","Harpalinae","Licinini","Dicaelus","Paradicaelus","ambiguus",,"Dicaelus ambiguus","LaFerte-Senectere","species",,"F",,"Ball, G. E. 1959. A taxonomic study of the North American Licinini with notes on the Old World species of the genus Diplocheila BrullÃ© (Coleoptera). Memoirs of the American Entomological Society No. 16.","Robert L. Davidson","Carnegie Museum of Invertebrate Zoology",,"No known compromise","N",,
"1ac31cac-3c35-447c-ac02-f390853d27cd","SERC_006.basePlot.bet","D02","SERC","SERC_006","2015-05-05","2015-05-19","2016-11-17","NEON.BET.D02.001806","DICAMB","Animalia","Arthropoda","Insecta","Coleoptera","Carabidae","Harpalinae","Licinini","Dicaelus","Paradicaelus","ambiguus",,"Dicaelus ambiguus","LaFerte-Senectere","species",,"F",,"Ball, G. E. 1959. A taxonomic study of the North American Licinini with notes on the Old World species of the genus Diplocheila BrullÃ© (Coleoptera). Memoirs of the American Entomological Society No. 16.","Robert L. Davidson","Carnegie Museum of Invertebrate Zoology",,"No known compromise","N",,
"5f3b2009-09f5-42dd-b7e8-73ee06924a5c","SERC_007.basePlot.bet","D02","SERC","SERC_007","2015-05-05","2015-05-19","2016-12-12","NEON.BET.D02.001821","ANIRUS","Animalia","Arthropoda","Insecta","Coleoptera","Carabidae","Harpalinae","Harpalini","Anisodactylus","Gynandrotarsus","rusticus",,"Anisodactylus rusticus","Say","species",,"F",,"Noonan, G. R. 1973. The Anisodactylines (Insecta: Coleoptera: Carabidae: Harpalini): classification, evolution and zoogeography. Quaestiones Entomologicae 9:266-480.","Robert L. Davidson","Carnegie Museum of Invertebrate Zoology",,"No known compromise","N",,
"cf6ab0ae-6e52-469f-bbcd-b8ec5312a2f3","SERC_007.basePlot.bet","D02","SERC","SERC_007","2015-05-05","2015-05-19","2016-12-14","NEON.BET.D02.001852","AMPSER","Animalia","Arthropoda","Insecta","Coleoptera","Carabidae","Harpalinae","Harpalini","Amphasia","Pseudamphasia","sericea",,"Amphasia sericea","T.Harris","species",,"F",,"Lindroth, C. H. 1969. The ground-beetles (Carabidae, excl. Cicindelinae) of Canada and Alaska, parts 1-6. Opuscula E. Entomoligiska Sallskapet.","Robert L. Davidson","Carnegie Museum of Invertebrate Zoology",,"No known compromise","N",,
"f814234c-8d47-4361-ae25-c1e0eed54bc8","SERC_007.basePlot.bet","D02","SERC","SERC_007","2015-05-05","2015-05-19","2016-12-14","NEON.BET.D02.001949","TRIFUL","Animalia","Arthropoda","Insecta","Coleoptera","Carabidae","Harpalinae","Harpalini","Trichotichnus","Iridessus","fulgens",,"Trichotichnus fulgens","Csiki","species",,"M",,"Lindroth, C. H. 1969. The ground-beetles (Carabidae, excl. Cicindelinae) of Canada and Alaska, parts 1-6. Opuscula E. Entomoligiska Sallskapet.","Robert L. Davidson","Carnegie Museum of Invertebrate Zoology",,"No known compromise","N",,
"72ff1b6c-6e78-4a52-ad54-a7dce52731f3","SERC_007.basePlot.bet","D02","SERC","SERC_007","2015-05-05","2015-05-19","2016-12-14","NEON.BET.D02.001948","TRIFUL","Animalia","Arthropoda","Insecta","Coleoptera","Carabidae","Harpalinae","Harpalini","Trichotichnus","Iridessus","fulgens",,"Trichotichnus fulgens","Csiki","species",,"M",,"Lindroth, C. H. 1969. The ground-beetles (Carabidae, excl. Cicindelinae) of Canada and Alaska, parts 1-6. Opuscula E. Entomoligiska Sallskapet.","Robert L. Davidson","Carnegie Museum of Invertebrate Zoology",,"No known compromise","N",,
"bc94dd43-06d9-481a-b0e2-77fa23851d88","SERC_009.basePlot.bet","D02","SERC","SERC_009","2015-05-05","2015-05-19","2016-11-17","NEON.BET.D02.001970","GALBIC","Animalia","Arthropoda","Insecta","Coleoptera","Carabidae","Harpalinae","Galeritini","Galerita","Progaleritina","bicolor",,"Galerita bicolor","Drury","species",,"M",,"Ball, G. E., and A. P. Nimmo. 1983. Synopsis of the species of subgenus Progaleritina Jeannel, including reconstructed phylogeny and geographical history (Coleoptera: Carabidae: Galerita Fabricus). Trans American Ent Soc  109:295-356.","Robert L. Davidson","Carnegie Museum of Invertebrate Zoology",,"No known compromise","N",,
"1722463e-2440-4ee1-a846-8e52fb111763","SERC_021.basePlot.bet","D02","SERC","SERC_021","2015-05-05","2015-05-19","2016-11-17","NEON.BET.D02.001969","GALBIC","Animalia","Arthropoda","Insecta","Coleoptera","Carabidae","Harpalinae","Galeritini","Galerita","Progaleritina","bicolor",,"Galerita bicolor","Drury","species",,"F",,"Ball, G. E., and A. P. Nimmo. 1983. Synopsis of the species of subgenus Progaleritina Jeannel, including reconstructed phylogeny and geographical history (Coleoptera: Carabidae: Galerita Fabricus). Trans American Ent Soc  109:295-356.","Robert L. Davidson","Carnegie Museum of Invertebrate Zoology",,"No known compromise","N",,
"821098d0-93b1-4d19-9183-304c0b8543a0","SERC_007.basePlot.bet","D02","SERC","SERC_007","2015-05-05","2015-05-19","2016-12-15","NEON.BET.D02.001962","AGOOCT","Animalia","Arthropoda","Insecta","Coleoptera","Carabidae","Harpalinae","Platynini","Agonum","Olisares","octopunctatum",,"Agonum octopunctatum","Fabricius","species",,"M",,"Liebherr, J. K. 1994. Identification of new world Agonum , review of the mexican fauna , and description of Incagonum , new genus , from South America (Coleoptera: Carabidae: Platynini). Journal of The New York Entomological Society 102:1-55.","Robert L. Davidson","Carnegie Museum of Invertebrate Zoology",,"No known compromise","N",,
"a06450d7-f4c9-4429-961e-26c138f00f23","SERC_021.basePlot.bet","D02","SERC","SERC_021","2015-05-05","2015-05-19","2016-11-17","NEON.BET.D02.001176","CARGOR","Animalia","Arthropoda","Insecta","Coleoptera","Carabidae","Carabinae","Carabini","Carabus","Carabus","goryi",,"Carabus goryi","Dejean","species",,"M",,"Lindroth, C. H. 1969. The ground-beetles (Carabidae, excl. Cicindelinae) of Canada and Alaska, parts 1-6. Opuscula E. Entomoligiska Sallskapet.","Robert L. Davidson","Carnegie Museum of Invertebrate Zoology",,"No known compromise","N",,
"78624d0d-041a-4acb-806f-e9e966b8dc90","SERC_016.basePlot.bet","D02","SERC","SERC_016","2015-05-05","2015-05-19","2016-11-17","NEON.BET.D02.001194","CARVIN","Animalia","Arthropoda","Insecta","Coleoptera","Carabidae","Carabinae","Carabini","Carabus","Carabus","vinctus",,"Carabus vinctus","Weber","species",,"F",,"Lindroth, C. H. 1969. The ground-beetles (Carabidae, excl. Cicindelinae) of Canada and Alaska, parts 1-6. Opuscula E. Entomoligiska Sallskapet.","Robert L. Davidson","Carnegie Museum of Invertebrate Zoology",,"No known compromise","N",,
"2ed3f513-9998-46fa-a6da-8842245eb4b8","SERC_003.basePlot.bet","D02","SERC","SERC_003","2015-05-05","2015-05-19","2016-12-17","NEON.BET.D02.001195","CICSEX","Animalia","Arthropoda","Insecta","Coleoptera","Carabidae","Cicindelinae","Cicindelini","Cicindela","Cicindela","sexguttata",,"Cicindela sexguttata","Fabricius","species",,"F",,"Pearson, D., C. B. Knisley, and C. J. Kazilek. 2006. A Field Guide to the Tiger Beetles of the United States and Canada: Identification, Natural History, and Distribution of the Cicindelidae. Oxford University Press, New York.","Robert L. Davidson","Carnegie Museum of Invertebrate Zoology",,"No known compromise","N",,
"47ca7d88-7877-4028-ba87-8d5b17b41e69","SERC_021.basePlot.bet","D02","SERC","SERC_021","2015-05-05","2015-05-19","2016-11-17","NEON.BET.D02.001177","CARGOR","Animalia","Arthropoda","Insecta","Coleoptera","Carabidae","Carabinae","Carabini","Carabus","Carabus","goryi",,"Carabus goryi","Dejean","species",,"M",,"Lindroth, C. H. 1969. The ground-beetles (Carabidae, excl. Cicindelinae) of Canada and Alaska, parts 1-6. Opuscula E. Entomoligiska Sallskapet.","Robert L. Davidson","Carnegie Museum of Invertebrate Zoology",,"No known compromise","N",,
"20461792-6539-46bf-bc3c-dc8439bc9598","SERC_003.basePlot.bet","D02","SERC","SERC_003","2015-05-05","2015-05-19","2016-11-17","NEON.BET.D02.001184","CARVIN","Animalia","Arthropoda","Insecta","Coleoptera","Carabidae","Carabinae","Carabini","Carabus","Carabus","vinctus",,"Carabus vinctus","Weber","species",,"F",,"Lindroth, C. H. 1969. The ground-beetles (Carabidae, excl. Cicindelinae) of Canada and Alaska, parts 1-6. Opuscula E. Entomoligiska Sallskapet.","Robert L. Davidson","Carnegie Museum of Invertebrate Zoology",,"No known compromise","N",,
"12183894-38e2-46a1-93b9-4106a63a6d6c","SERC_006.basePlot.bet","D02","SERC","SERC_006","2015-05-05","2015-05-19","2016-12-02","NEON.BET.D02.001221","SCASUB2","Animalia","Arthropoda","Insecta","Coleoptera","Carabidae","Scaritinae","Scaritini","Scarites","Scarites","subterraneus",,"Scarites subterraneus","Fabricius","species",,"U",,"Nichols, S. W. 1986. Two new flightless species of Scarites s. str. inhabiting Florida and the West Indies (Coleoptera: Carabidae: Scaritini). Proceedings of the Entomological Society of Washington 88:257-264.","Robert L. Davidson","Carnegie Museum of Invertebrate Zoology",,"No known compromise","N",,
"bdfa9c54-8023-4e8c-883a-e2b4fe393c6b","SERC_002.basePlot.bet","D02","SERC","SERC_002","2015-05-05","2015-05-19","2016-12-02","NEON.BET.D02.001219","SCASUB2","Animalia","Arthropoda","Insecta","Coleoptera","Carabidae","Scaritinae","Scaritini","Scarites","Scarites","subterraneus",,"Scarites subterraneus","Fabricius","species",,"U",,"Nichols, S. W. 1986. Two new flightless species of Scarites s. str. inhabiting Florida and the West Indies (Coleoptera: Carabidae: Scaritini). Proceedings of the Entomological Society of Washington 88:257-264.","Robert L. Davidson","Carnegie Museum of Invertebrate Zoology",,"No known compromise","N",,
"0873565a-bd83-4ade-a551-c72a000a2c7d","SERC_021.basePlot.bet","D02","SERC","SERC_021","2015-05-05","2015-05-19","2016-12-02","NEON.BET.D02.001220","SCASUB2","Animalia","Arthropoda","Insecta","Coleoptera","Carabidae","Scaritinae","Scaritini","Scarites","Scarites","subterraneus",,"Scarites subterraneus","Fabricius","species",,"U",,"Nichols, S. W. 1986. Two new flightless species of Scarites s. str. inhabiting Florida and the West Indies (Coleoptera: Carabidae: Scaritini). Proceedings of the Entomological Society of Washington 88:257-264.","Robert L. Davidson","Carnegie Museum of Invertebrate Zoology",,"No known compromise","N",,
"302269ae-de0f-46a3-b14b-9330a1c682e9","SERC_007.basePlot.bet","D02","SERC","SERC_007","2015-05-05","2015-05-19","2016-12-02","NEON.BET.D02.001206","SCASUB2","Animalia","Arthropoda","Insecta","Coleoptera","Carabidae","Scaritinae","Scaritini","Scarites","Scarites","subterraneus",,"Scarites subterraneus","Fabricius","species",,"M",,"Nichols, S. W. 1986. Two new flightless species of Scarites s. str. inhabiting Florida and the West Indies (Coleoptera: Carabidae: Scaritini). Proceedings of the Entomological Society of Washington 88:257-264.","Robert L. Davidson","Carnegie Museum of Invertebrate Zoology",,"No known compromise","N",,
"88defa75-6c3f-436c-b134-3d0b103fabdc","SERC_007.basePlot.bet","D02","SERC","SERC_007","2015-05-05","2015-05-19","2016-12-02","NEON.BET.D02.001208","SCASUB2","Animalia","Arthropoda","Insecta","Coleoptera","Carabidae","Scaritinae","Scaritini","Scarites","Scarites","subterraneus",,"Scarites subterraneus","Fabricius","species",,"U",,"Nichols, S. W. 1986. Two new flightless species of Scarites s. str. inhabiting Florida and the West Indies (Coleoptera: Carabidae: Scaritini). Proceedings of the Entomological Society of Washington 88:257-264.","Robert L. Davidson","Carnegie Museum of Invertebrate Zoology",,"No known compromise","N",,
"f63cd706-7a83-4274-beee-2f4cd70c285d","SERC_007.basePlot.bet","D02","SERC","SERC_007","2015-05-05","2015-05-19","2016-12-02","NEON.BET.D02.001214","SCASUB2","Animalia","Arthropoda","Insecta","Coleoptera","Carabidae","Scaritinae","Scaritini","Scarites","Scarites","subterraneus",,"Scarites subterraneus","Fabricius","species",,"U",,"Nichols, S. W. 1986. Two new flightless species of Scarites s. str. inhabiting Florida and the West Indies (Coleoptera: Carabidae: Scaritini). Proceedings of the Entomological Society of Washington 88:257-264.","Robert L. Davidson","Carnegie Museum of Invertebrate Zoology",,"No known compromise","N",,
"390ecdd8-dbb9-4d7f-bae0-4b69c190defd","SERC_007.basePlot.bet","D02","SERC","SERC_007","2015-05-05","2015-05-19","2016-12-02","NEON.BET.D02.001211","SCASUB2","Animalia","Arthropoda","Insecta","Coleoptera","Carabidae","Scaritinae","Scaritini","Scarites","Scarites","subterraneus",,"Scarites subterraneus","Fabricius","species",,"U",,"Nichols, S. W. 1986. Two new flightless species of Scarites s. str. inhabiting Florida and the West Indies (Coleoptera: Carabidae: Scaritini). Proceedings of the Entomological Society of Washington 88:257-264.","Robert L. Davidson","Carnegie Museum of Invertebrate Zoology",,"No known compromise","N",,
"3cc79262-a523-435a-903a-880153c86512","SERC_007.basePlot.bet","D02","SERC","SERC_007","2015-05-05","2015-05-19","2016-12-02","NEON.BET.D02.001212","SCASUB2","Animalia","Arthropoda","Insecta","Coleoptera","Carabidae","Scaritinae","Scaritini","Scarites","Scarites","subterraneus",,"Scarites subterraneus","Fabricius","species",,"U",,"Nichols, S. W. 1986. Two new flightless species of Scarites s. str. inhabiting Florida and the West Indies (Coleoptera: Carabidae: Scaritini). Proceedings of the Entomological Society of Washington 88:257-264.","Robert L. Davidson","Carnegie Museum of Invertebrate Zoology",,"No known compromise","N",,
"c3a569a0-d5f9-4b4d-b9be-d74f82a58b97","SERC_007.basePlot.bet","D02","SERC","SERC_007","2015-05-05","2015-05-19","2016-12-02","NEON.BET.D02.001213","SCASUB2","Animalia","Arthropoda","Insecta","Coleoptera","Carabidae","Scaritinae","Scaritini","Scarites","Scarites","subterraneus",,"Scarites subterraneus","Fabricius","species",,"U",,"Nichols, S. W. 1986. Two new flightless species of Scarites s. str. inhabiting Florida and the West Indies (Coleoptera: Carabidae: Scaritini). Proceedings of the Entomological Society of Washington 88:257-264.","Robert L. Davidson","Carnegie Museum of Invertebrate Zoology",,"No known compromise","N",,
"59063092-ab75-4aad-94ea-8d29c25aa829","SERC_007.basePlot.bet","D02","SERC","SERC_007","2015-05-05","2015-05-19","2016-12-02","NEON.BET.D02.001210","SCASUB2","Animalia","Arthropoda","Insecta","Coleoptera","Carabidae","Scaritinae","Scaritini","Scarites","Scarites","subterraneus",,"Scarites subterraneus","Fabricius","species",,"F",,"Nichols, S. W. 1986. Two new flightless species of Scarites s. str. inhabiting Florida and the West Indies (Coleoptera: Carabidae: Scaritini). Proceedings of the Entomological Society of Washington 88:257-264.","Robert L. Davidson","Carnegie Museum of Invertebrate Zoology",,"No known compromise","N",,
"9d6f8e82-e52a-41b4-b74f-eb12f622d3d9","SERC_007.basePlot.bet","D02","SERC","SERC_007","2015-05-05","2015-05-19","2016-12-02","NEON.BET.D02.001217","SCASUB2","Animalia","Arthropoda","Insecta","Coleoptera","Carabidae","Scaritinae","Scaritini","Scarites","Scarites","subterraneus",,"Scarites subterraneus","Fabricius","species",,"U",,"Nichols, S. W. 1986. Two new flightless species of Scarites s. str. inhabiting Florida and the West Indies (Coleoptera: Carabidae: Scaritini). Proceedings of the Entomological Society of Washington 88:257-264.","Robert L. Davidson","Carnegie Museum of Invertebrate Zoology",,"No known compromise","N",,
"335570a7-a85e-47d2-8fd8-83a014bde928","SERC_007.basePlot.bet","D02","SERC","SERC_007","2015-05-05","2015-05-19","2016-12-02","NEON.BET.D02.001209","SCASUB2","Animalia","Arthropoda","Insecta","Coleoptera","Carabidae","Scaritinae","Scaritini","Scarites","Scarites","subterraneus",,"Scarites subterraneus","Fabricius","species",,"U",,"Nichols, S. W. 1986. Two new flightless species of Scarites s. str. inhabiting Florida and the West Indies (Coleoptera: Carabidae: Scaritini). Proceedings of the Entomological Society of Washington 88:257-264.","Robert L. Davidson","Carnegie Museum of Invertebrate Zoology",,"No known compromise","N",,
"9b955154-5ef6-48aa-bedc-5c9ad774dc8e","SERC_007.basePlot.bet","D02","SERC","SERC_007","2015-05-05","2015-05-19","2016-12-02","NEON.BET.D02.001218","SCASUB2","Animalia","Arthropoda","Insecta","Coleoptera","Carabidae","Scaritinae","Scaritini","Scarites","Scarites","subterraneus",,"Scarites subterraneus","Fabricius","species",,"U",,"Nichols, S. W. 1986. Two new flightless species of Scarites s. str. inhabiting Florida and the West Indies (Coleoptera: Carabidae: Scaritini). Proceedings of the Entomological Society of Washington 88:257-264.","Robert L. Davidson","Carnegie Museum of Invertebrate Zoology",,"No known compromise","N",,
"834065b3-57d7-4b93-a9e6-bffd1ce3f855","SERC_007.basePlot.bet","D02","SERC","SERC_007","2015-05-05","2015-05-19","2016-12-02","NEON.BET.D02.001207","SCASUB2","Animalia","Arthropoda","Insecta","Coleoptera","Carabidae","Scaritinae","Scaritini","Scarites","Scarites","subterraneus",,"Scarites subterraneus","Fabricius","species",,"U",,"Nichols, S. W. 1986. Two new flightless species of Scarites s. str. inhabiting Florida and the West Indies (Coleoptera: Carabidae: Scaritini). Proceedings of the Entomological Society of Washington 88:257-264.","Robert L. Davidson","Carnegie Museum of Invertebrate Zoology",,"No known compromise","N",,
"3df3a4b2-19c2-4dd4-ae03-37aba1d4c68f","SERC_007.basePlot.bet","D02","SERC","SERC_007","2015-05-05","2015-05-19","2016-12-02","NEON.BET.D02.001216","SCASUB2","Animalia","Arthropoda","Insecta","Coleoptera","Carabidae","Scaritinae","Scaritini","Scarites","Scarites","subterraneus",,"Scarites subterraneus","Fabricius","species",,"U",,"Nichols, S. W. 1986. Two new flightless species of Scarites s. str. inhabiting Florida and the West Indies (Coleoptera: Carabidae: Scaritini). Proceedings of the Entomological Society of Washington 88:257-264.","Robert L. Davidson","Carnegie Museum of Invertebrate Zoology",,"No known compromise","N",,
"da853758-ad78-492a-89c7-82fe9b9bb541","SERC_007.basePlot.bet","D02","SERC","SERC_007","2015-05-05","2015-05-19","2016-12-02","NEON.BET.D02.001215","SCASUB2","Animalia","Arthropoda","Insecta","Coleoptera","Carabidae","Scaritinae","Scaritini","Scarites","Scarites","subterraneus",,"Scarites subterraneus","Fabricius","species",,"U",,"Nichols, S. W. 1986. Two new flightless species of Scarites s. str. inhabiting Florida and the West Indies (Coleoptera: Carabidae: Scaritini). Proceedings of the Entomological Society of Washington 88:257-264.","Robert L. Davidson","Carnegie Museum of Invertebrate Zoology",,"No known compromise","N",,
"b52f77e3-817c-43f5-98b0-023064918411","SERC_007.basePlot.bet","D02","SERC","SERC_007","2015-05-05","2015-05-19","2016-12-17","NEON.BET.D02.001382","ELAINC","Animalia","Arthropoda","Insecta","Coleoptera","Carabidae","Trechinae","Bembidiini","Elaphropus","Barytachys","incurvus",,"Elaphropus incurvus","Say","species",,"F",,"Bousquet, Y. 2010b. Illustrated Identification Guide to Adults and Larvae of Northeastern North American Ground Beetles (Coleoptera: Carabidae). 1st Ed. Pensoft Publishers, Sofia, Bulgaria.","Robert L. Davidson","Carnegie Museum of Invertebrate Zoology",,"No known compromise","N",,
"31e226c6-accd-4752-b798-7ce45b42b174","SERC_007.basePlot.bet","D02","SERC","SERC_007","2015-05-05","2015-05-19","2016-12-17","NEON.BET.D02.001385","ELAINC","Animalia","Arthropoda","Insecta","Coleoptera","Carabidae","Trechinae","Bembidiini","Elaphropus","Barytachys","incurvus",,"Elaphropus incurvus","Say","species",,"M",,"Bousquet, Y. 2010b. Illustrated Identification Guide to Adults and Larvae of Northeastern North American Ground Beetles (Coleoptera: Carabidae). 1st Ed. Pensoft Publishers, Sofia, Bulgaria.","Robert L. Davidson","Carnegie Museum of Invertebrate Zoology",,"No known compromise","N",,
"61f8a9ff-15c9-4c0c-9092-ca7cd9efeae1","SERC_007.basePlot.bet","D02","SERC","SERC_007","2015-05-05","2015-05-19","2016-12-17","NEON.BET.D02.001383","ELAINC","Animalia","Arthropoda","Insecta","Coleoptera","Carabidae","Trechinae","Bembidiini","Elaphropus","Barytachys","incurvus",,"Elaphropus incurvus","Say","species",,"M",,"Bousquet, Y. 2010b. Illustrated Identification Guide to Adults and Larvae of Northeastern North American Ground Beetles (Coleoptera: Carabidae). 1st Ed. Pensoft Publishers, Sofia, Bulgaria.","Robert L. Davidson","Carnegie Museum of Invertebrate Zoology",,"No known compromise","N",,
"4687e874-6fed-4d03-97d4-e88e76fa289a","SERC_007.basePlot.bet","D02","SERC","SERC_007","2015-05-05","2015-05-19","2016-12-17","NEON.BET.D02.001384","ELAINC","Animalia","Arthropoda","Insecta","Coleoptera","Carabidae","Trechinae","Bembidiini","Elaphropus","Barytachys","incurvus",,"Elaphropus incurvus","Say","species",,"M",,"Bousquet, Y. 2010b. Illustrated Identification Guide to Adults and Larvae of Northeastern North American Ground Beetles (Coleoptera: Carabidae). 1st Ed. Pensoft Publishers, Sofia, Bulgaria.","Robert L. Davidson","Carnegie Museum of Invertebrate Zoology",,"No known compromise","N",,
"3d249d0d-a821-43ff-b4df-3001874693ef","SERC_021.basePlot.bet","D02","SERC","SERC_021","2015-05-05","2015-05-19","2016-12-17","NEON.BET.D02.001406","POLLAE","Animalia","Arthropoda","Insecta","Coleoptera","Carabidae","Trechinae","Bembidiini","Polyderis",,"laeva",,"Polyderis laeva","Say","species",,"U",,"Bousquet, Y. 2010b. Illustrated Identification Guide to Adults and Larvae of Northeastern North American Ground Beetles (Coleoptera: Carabidae). 1st Ed. Pensoft Publishers, Sofia, Bulgaria.","Robert L. Davidson","Carnegie Museum of Invertebrate Zoology",,"No known compromise","N",,
"7344af79-4b96-410b-a005-a377ac2e29f9","SERC_007.basePlot.bet","D02","SERC","SERC_007","2015-05-05","2015-05-19","2016-12-01","NEON.BET.D02.001482","POECHA","Animalia","Arthropoda","Insecta","Coleoptera","Carabidae","Harpalinae","Pterostichini","Poecilus","Poecilus","chalcites",,"Poecilus chalcites","Say","species",,"F",,"Lindroth, C. H. 1969. The ground-beetles (Carabidae, excl. Cicindelinae) of Canada and Alaska, parts 1-6. Opuscula E. Entomoligiska Sallskapet.","Robert L. Davidson","Carnegie Museum of Invertebrate Zoology",,"No known compromise","N",,
"f3f3cd27-5a15-40eb-96e8-f56dadecbbf7","SERC_007.basePlot.bet","D02","SERC","SERC_007","2015-05-05","2015-05-19","2016-12-01","NEON.BET.D02.001480","POECHA","Animalia","Arthropoda","Insecta","Coleoptera","Carabidae","Harpalinae","Pterostichini","Poecilus","Poecilus","chalcites",,"Poecilus chalcites","Say","species",,"F",,"Lindroth, C. H. 1969. The ground-beetles (Carabidae, excl. Cicindelinae) of Canada and Alaska, parts 1-6. Opuscula E. Entomoligiska Sallskapet.","Robert L. Davidson","Carnegie Museum of Invertebrate Zoology",,"No known compromise","N",,
"026a8f01-29c7-4098-ae48-f793c3c1b92a","SERC_007.basePlot.bet","D02","SERC","SERC_007","2015-05-05","2015-05-19","2016-12-01","NEON.BET.D02.001470","POECHA","Animalia","Arthropoda","Insecta","Coleoptera","Carabidae","Harpalinae","Pterostichini","Poecilus","Poecilus","chalcites",,"Poecilus chalcites","Say","species",,"F",,"Lindroth, C. H. 1969. The ground-beetles (Carabidae, excl. Cicindelinae) of Canada and Alaska, parts 1-6. Opuscula E. Entomoligiska Sallskapet.","Robert L. Davidson","Carnegie Museum of Invertebrate Zoology",,"No known compromise","N",,
"aa2364d2-d16b-47a2-abef-f2e8c29f244d","SERC_007.basePlot.bet","D02","SERC","SERC_007","2015-05-05","2015-05-19","2016-12-01","NEON.BET.D02.001496","POECHA","Animalia","Arthropoda","Insecta","Coleoptera","Carabidae","Harpalinae","Pterostichini","Poecilus","Poecilus","chalcites",,"Poecilus chalcites","Say","species",,"M",,"Lindroth, C. H. 1969. The ground-beetles (Carabidae, excl. Cicindelinae) of Canada and Alaska, parts 1-6. Opuscula E. Entomoligiska Sallskapet.","Robert L. Davidson","Carnegie Museum of Invertebrate Zoology",,"No known compromise","N",,
"55514437-b96f-4ed2-b26b-7b1bb83300f7","SERC_007.basePlot.bet","D02","SERC","SERC_007","2015-05-05","2015-05-19","2016-12-01","NEON.BET.D02.001476","POECHA","Animalia","Arthropoda","Insecta","Coleoptera","Carabidae","Harpalinae","Pterostichini","Poecilus","Poecilus","chalcites",,"Poecilus chalcites","Say","species",,"M",,"Lindroth, C. H. 1969. The ground-beetles (Carabidae, excl. Cicindelinae) of Canada and Alaska, parts 1-6. Opuscula E. Entomoligiska Sallskapet.","Robert L. Davidson","Carnegie Museum of Invertebrate Zoology",,"No known compromise","N",,
"0d45393a-bb3c-4f66-977b-140246557a36","SERC_007.basePlot.bet","D02","SERC","SERC_007","2015-05-05","2015-05-19","2016-12-01","NEON.BET.D02.001474","POECHA","Animalia","Arthropoda","Insecta","Coleoptera","Carabidae","Harpalinae","Pterostichini","Poecilus","Poecilus","chalcites",,"Poecilus chalcites","Say","species",,"F",,"Lindroth, C. H. 1969. The ground-beetles (Carabidae, excl. Cicindelinae) of Canada and Alaska, parts 1-6. Opuscula E. Entomoligiska Sallskapet.","Robert L. Davidson","Carnegie Museum of Invertebrate Zoology",,"No known compromise","N",,
"7986f5c8-05bf-4d23-9b6b-15edb0ac16a5","SERC_007.basePlot.bet","D02","SERC","SERC_007","2015-05-05","2015-05-19","2016-12-01","NEON.BET.D02.001493","POECHA","Animalia","Arthropoda","Insecta","Coleoptera","Carabidae","Harpalinae","Pterostichini","Poecilus","Poecilus","chalcites",,"Poecilus chalcites","Say","species",,"F",,"Lindroth, C. H. 1969. The ground-beetles (Carabidae, excl. Cicindelinae) of Canada and Alaska, parts 1-6. Opuscula E. Entomoligiska Sallskapet.","Robert L. Davidson","Carnegie Museum of Invertebrate Zoology",,"No known compromise","N",,
"268aec00-04c4-4e00-90c7-c9c45f80ef92","SERC_007.basePlot.bet","D02","SERC","SERC_007","2015-05-05","2015-05-19","2016-12-01","NEON.BET.D02.001485","POECHA","Animalia","Arthropoda","Insecta","Coleoptera","Carabidae","Harpalinae","Pterostichini","Poecilus","Poecilus","chalcites",,"Poecilus chalcites","Say","species",,"M",,"Lindroth, C. H. 1969. The ground-beetles (Carabidae, excl. Cicindelinae) of Canada and Alaska, parts 1-6. Opuscula E. Entomoligiska Sallskapet.","Robert L. Davidson","Carnegie Museum of Invertebrate Zoology",,"No known compromise","N",,
"d791a00a-88a7-4e26-aa35-abd6a3ee02f0","SERC_007.basePlot.bet","D02","SERC","SERC_007","2015-05-05","2015-05-19","2016-12-01","NEON.BET.D02.001491","POECHA","Animalia","Arthropoda","Insecta","Coleoptera","Carabidae","Harpalinae","Pterostichini","Poecilus","Poecilus","chalcites",,"Poecilus chalcites","Say","species",,"F",,"Lindroth, C. H. 1969. The ground-beetles (Carabidae, excl. Cicindelinae) of Canada and Alaska, parts 1-6. Opuscula E. Entomoligiska Sallskapet.","Robert L. Davidson","Carnegie Museum of Invertebrate Zoology",,"No known compromise","N",,
"2a2dccfe-09eb-44a1-806f-4319b8c74e24","SERC_007.basePlot.bet","D02","SERC","SERC_007","2015-05-05","2015-05-19","2016-12-01","NEON.BET.D02.001469","POECHA","Animalia","Arthropoda","Insecta","Coleoptera","Carabidae","Harpalinae","Pterostichini","Poecilus","Poecilus","chalcites",,"Poecilus chalcites","Say","species",,"M",,"Lindroth, C. H. 1969. The ground-beetles (Carabidae, excl. Cicindelinae) of Canada and Alaska, parts 1-6. Opuscula E. Entomoligiska Sallskapet.","Robert L. Davidson","Carnegie Museum of Invertebrate Zoology",,"No known compromise","N",,
"768b91e6-9d78-4148-a47a-a0382dd7c270","SERC_007.basePlot.bet","D02","SERC","SERC_007","2015-05-05","2015-05-19","2016-12-01","NEON.BET.D02.001490","POECHA","Animalia","Arthropoda","Insecta","Coleoptera","Carabidae","Harpalinae","Pterostichini","Poecilus","Poecilus","chalcites",,"Poecilus chalcites","Say","species",,"M",,"Lindroth, C. H. 1969. The ground-beetles (Carabidae, excl. Cicindelinae) of Canada and Alaska, parts 1-6. Opuscula E. Entomoligiska Sallskapet.","Robert L. Davidson","Carnegie Museum of Invertebrate Zoology",,"No known compromise","N",,
"b4e4669b-33ee-4fb8-8f55-52497a4fd6c6","SERC_007.basePlot.bet","D02","SERC","SERC_007","2015-05-05","2015-05-19","2016-12-01","NEON.BET.D02.001471","POECHA","Animalia","Arthropoda","Insecta","Coleoptera","Carabidae","Harpalinae","Pterostichini","Poecilus","Poecilus","chalcites",,"Poecilus chalcites","Say","species",,"F",,"Lindroth, C. H. 1969. The ground-beetles (Carabidae, excl. Cicindelinae) of Canada and Alaska, parts 1-6. Opuscula E. Entomoligiska Sallskapet.","Robert L. Davidson","Carnegie Museum of Invertebrate Zoology",,"No known compromise","N",,
"10b551b0-5e55-4703-98e1-edaafcbc203b","SERC_007.basePlot.bet","D02","SERC","SERC_007","2015-05-05","2015-05-19","2016-12-01","NEON.BET.D02.001492","POECHA","Animalia","Arthropoda","Insecta","Coleoptera","Carabidae","Harpalinae","Pterostichini","Poecilus","Poecilus","chalcites",,"Poecilus chalcites","Say","species",,"M",,"Lindroth, C. H. 1969. The ground-beetles (Carabidae, excl. Cicindelinae) of Canada and Alaska, parts 1-6. Opuscula E. Entomoligiska Sallskapet.","Robert L. Davidson","Carnegie Museum of Invertebrate Zoology",,"No known compromise","N",,
"96fad1e1-946c-4c13-9f9a-0e2ebbe1bc12","SERC_007.basePlot.bet","D02","SERC","SERC_007","2015-05-05","2015-05-19","2016-12-01","NEON.BET.D02.001489","POECHA","Animalia","Arthropoda","Insecta","Coleoptera","Carabidae","Harpalinae","Pterostichini","Poecilus","Poecilus","chalcites",,"Poecilus chalcites","Say","species",,"F",,"Lindroth, C. H. 1969. The ground-beetles (Carabidae, excl. Cicindelinae) of Canada and Alaska, parts 1-6. Opuscula E. Entomoligiska Sallskapet.","Robert L. Davidson","Carnegie Museum of Invertebrate Zoology",,"No known compromise","N",,
"1498fb74-b63e-40a4-9985-97cd785ce111","SERC_007.basePlot.bet","D02","SERC","SERC_007","2015-05-05","2015-05-19","2016-12-01","NEON.BET.D02.001484","POECHA","Animalia","Arthropoda","Insecta","Coleoptera","Carabidae","Harpalinae","Pterostichini","Poecilus","Poecilus","chalcites",,"Poecilus chalcites","Say","species",,"M",,"Lindroth, C. H. 1969. The ground-beetles (Carabidae, excl. Cicindelinae) of Canada and Alaska, parts 1-6. Opuscula E. Entomoligiska Sallskapet.","Robert L. Davidson","Carnegie Museum of Invertebrate Zoology",,"No known compromise","N",,
"45fea2a6-66e2-4ce1-bcaf-decfe37f5aa4","SERC_007.basePlot.bet","D02","SERC","SERC_007","2015-05-05","2015-05-19","2016-12-01","NEON.BET.D02.001473","POECHA","Animalia","Arthropoda","Insecta","Coleoptera","Carabidae","Harpalinae","Pterostichini","Poecilus","Poecilus","chalcites",,"Poecilus chalcites","Say","species",,"M",,"Lindroth, C. H. 1969. The ground-beetles (Carabidae, excl. Cicindelinae) of Canada and Alaska, parts 1-6. Opuscula E. Entomoligiska Sallskapet.","Robert L. Davidson","Carnegie Museum of Invertebrate Zoology",,"No known compromise","N",,
"82b68497-ddd2-4f92-ba58-b7bd546e1b2d","SERC_007.basePlot.bet","D02","SERC","SERC_007","2015-05-05","2015-05-19","2016-12-01","NEON.BET.D02.001478","POECHA","Animalia","Arthropoda","Insecta","Coleoptera","Carabidae","Harpalinae","Pterostichini","Poecilus","Poecilus","chalcites",,"Poecilus chalcites","Say","species",,"F",,"Lindroth, C. H. 1969. The ground-beetles (Carabidae, excl. Cicindelinae) of Canada and Alaska, parts 1-6. Opuscula E. Entomoligiska Sallskapet.","Robert L. Davidson","Carnegie Museum of Invertebrate Zoology",,"No known compromise","N",,
"8a5b4cd9-e95d-409f-bf56-4276d60b3f22","SERC_007.basePlot.bet","D02","SERC","SERC_007","2015-05-05","2015-05-19","2016-12-01","NEON.BET.D02.001479","POECHA","Animalia","Arthropoda","Insecta","Coleoptera","Carabidae","Harpalinae","Pterostichini","Poecilus","Poecilus","chalcites",,"Poecilus chalcites","Say","species",,"F",,"Lindroth, C. H. 1969. The ground-beetles (Carabidae, excl. Cicindelinae) of Canada and Alaska, parts 1-6. Opuscula E. Entomoligiska Sallskapet.","Robert L. Davidson","Carnegie Museum of Invertebrate Zoology",,"No known compromise","N",,
"b8c4fd3e-80ab-4023-b182-5e641638e559","SERC_007.basePlot.bet","D02","SERC","SERC_007","2015-05-05","2015-05-19","2016-12-01","NEON.BET.D02.001495","POECHA","Animalia","Arthropoda","Insecta","Coleoptera","Carabidae","Harpalinae","Pterostichini","Poecilus","Poecilus","chalcites",,"Poecilus chalcites","Say","species",,"F",,"Lindroth, C. H. 1969. The ground-beetles (Carabidae, excl. Cicindelinae) of Canada and Alaska, parts 1-6. Opuscula E. Entomoligiska Sallskapet.","Robert L. Davidson","Carnegie Museum of Invertebrate Zoology",,"No known compromise","N",,
"be495b3b-c063-4446-b991-dfa26be20e39","SERC_007.basePlot.bet","D02","SERC","SERC_007","2015-05-05","2015-05-19","2016-12-01","NEON.BET.D02.001481","POECHA","Animalia","Arthropoda","Insecta","Coleoptera","Carabidae","Harpalinae","Pterostichini","Poecilus","Poecilus","chalcites",,"Poecilus chalcites","Say","species",,"F",,"Lindroth, C. H. 1969. The ground-beetles (Carabidae, excl. Cicindelinae) of Canada and Alaska, parts 1-6. Opuscula E. Entomoligiska Sallskapet.","Robert L. Davidson","Carnegie Museum of Invertebrate Zoology",,"No known compromise","N",,
"6735925f-6841-47f6-a244-870d0ddba04b","SERC_007.basePlot.bet","D02","SERC","SERC_007","2015-05-05","2015-05-19","2016-12-01","NEON.BET.D02.001486","POECHA","Animalia","Arthropoda","Insecta","Coleoptera","Carabidae","Harpalinae","Pterostichini","Poecilus","Poecilus","chalcites",,"Poecilus chalcites","Say","species",,"F",,"Lindroth, C. H. 1969. The ground-beetles (Carabidae, excl. Cicindelinae) of Canada and Alaska, parts 1-6. Opuscula E. Entomoligiska Sallskapet.","Robert L. Davidson","Carnegie Museum of Invertebrate Zoology",,"No known compromise","N",,
"03c9ca7c-30d8-4dd9-a220-568ccc6f576e","SERC_007.basePlot.bet","D02","SERC","SERC_007","2015-05-05","2015-05-19","2016-12-01","NEON.BET.D02.001475","POECHA","Animalia","Arthropoda","Insecta","Coleoptera","Carabidae","Harpalinae","Pterostichini","Poecilus","Poecilus","chalcites",,"Poecilus chalcites","Say","species",,"M",,"Lindroth, C. H. 1969. The ground-beetles (Carabidae, excl. Cicindelinae) of Canada and Alaska, parts 1-6. Opuscula E. Entomoligiska Sallskapet.","Robert L. Davidson","Carnegie Museum of Invertebrate Zoology",,"No known compromise","N",,
"b834497f-c773-4c35-ae8c-47cd6997b5ac","SERC_007.basePlot.bet","D02","SERC","SERC_007","2015-05-05","2015-05-19","2016-12-01","NEON.BET.D02.001488","POECHA","Animalia","Arthropoda","Insecta","Coleoptera","Carabidae","Harpalinae","Pterostichini","Poecilus","Poecilus","chalcites",,"Poecilus chalcites","Say","species",,"M",,"Lindroth, C. H. 1969. The ground-beetles (Carabidae, excl. Cicindelinae) of Canada and Alaska, parts 1-6. Opuscula E. Entomoligiska Sallskapet.","Robert L. Davidson","Carnegie Museum of Invertebrate Zoology",,"No known compromise","N",,
"60d78356-49be-42b5-8e1c-7da85f3ff27b","SERC_007.basePlot.bet","D02","SERC","SERC_007","2015-05-05","2015-05-19","2016-12-01","NEON.BET.D02.001487","POECHA","Animalia","Arthropoda","Insecta","Coleoptera","Carabidae","Harpalinae","Pterostichini","Poecilus","Poecilus","chalcites",,"Poecilus chalcites","Say","species",,"F",,"Lindroth, C. H. 1969. The ground-beetles (Carabidae, excl. Cicindelinae) of Canada and Alaska, parts 1-6. Opuscula E. Entomoligiska Sallskapet.","Robert L. Davidson","Carnegie Museum of Invertebrate Zoology",,"No known compromise","N",,
"282ec985-60de-4826-a52d-32cddc6d9f01","SERC_007.basePlot.bet","D02","SERC","SERC_007","2015-05-05","2015-05-19","2016-12-01","NEON.BET.D02.001472","POECHA","Animalia","Arthropoda","Insecta","Coleoptera","Carabidae","Harpalinae","Pterostichini","Poecilus","Poecilus","chalcites",,"Poecilus chalcites","Say","species",,"F",,"Lindroth, C. H. 1969. The ground-beetles (Carabidae, excl. Cicindelinae) of Canada and Alaska, parts 1-6. Opuscula E. Entomoligiska Sallskapet.","Robert L. Davidson","Carnegie Museum of Invertebrate Zoology",,"No known compromise","N",,
"43177fd4-c2ab-42d2-984a-b9f15f035e47","SERC_007.basePlot.bet","D02","SERC","SERC_007","2015-05-05","2015-05-19","2016-12-01","NEON.BET.D02.001494","POECHA","Animalia","Arthropoda","Insecta","Coleoptera","Carabidae","Harpalinae","Pterostichini","Poecilus","Poecilus","chalcites",,"Poecilus chalcites","Say","species",,"F",,"Lindroth, C. H. 1969. The ground-beetles (Carabidae, excl. Cicindelinae) of Canada and Alaska, parts 1-6. Opuscula E. Entomoligiska Sallskapet.","Robert L. Davidson","Carnegie Museum of Invertebrate Zoology",,"No known compromise","N",,
"b9af437b-d6ab-475a-b556-4bc316fb0baa","SERC_007.basePlot.bet","D02","SERC","SERC_007","2015-05-05","2015-05-19","2016-12-01","NEON.BET.D02.001477","POECHA","Animalia","Arthropoda","Insecta","Coleoptera","Carabidae","Harpalinae","Pterostichini","Poecilus","Poecilus","chalcites",,"Poecilus chalcites","Say","species",,"M",,"Lindroth, C. H. 1969. The ground-beetles (Carabidae, excl. Cicindelinae) of Canada and Alaska, parts 1-6. Opuscula E. Entomoligiska Sallskapet.","Robert L. Davidson","Carnegie Museum of Invertebrate Zoology",,"No known compromise","N",,
"5c3eac6a-cfa7-42d4-86c1-9cf68716de7e","SERC_007.basePlot.bet","D02","SERC","SERC_007","2015-05-05","2015-05-19","2016-12-01","NEON.BET.D02.001483","POECHA","Animalia","Arthropoda","Insecta","Coleoptera","Carabidae","Harpalinae","Pterostichini","Poecilus","Poecilus","chalcites",,"Poecilus chalcites","Say","species",,"M",,"Lindroth, C. H. 1969. The ground-beetles (Carabidae, excl. Cicindelinae) of Canada and Alaska, parts 1-6. Opuscula E. Entomoligiska Sallskapet.","Robert L. Davidson","Carnegie Museum of Invertebrate Zoology",,"No known compromise","N",,
"1e162511-b54d-46f6-b1f3-1c27cac57a99","SERC_021.basePlot.bet","D02","SERC","SERC_021","2015-05-05","2015-05-19","2016-11-18","NEON.BET.D02.001543","PTESTY","Animalia","Arthropoda","Insecta","Coleoptera","Carabidae","Harpalinae","Pterostichini","Pterostichus","Euferonia","stygicus",,"Pterostichus stygicus","Say","species",,"F",,"Lindroth, C. H. 1969. The ground-beetles (Carabidae, excl. Cicindelinae) of Canada and Alaska, parts 1-6. Opuscula E. Entomoligiska Sallskapet.","Robert L. Davidson","Carnegie Museum of Invertebrate Zoology",,"No known compromise","N",,
"8c44a3bf-d72d-46ea-8cfe-5c3aa2030273","SERC_021.basePlot.bet","D02","SERC","SERC_021","2015-05-05","2015-05-19","2016-11-18","NEON.BET.D02.001542","PTESTY","Animalia","Arthropoda","Insecta","Coleoptera","Carabidae","Harpalinae","Pterostichini","Pterostichus","Euferonia","stygicus",,"Pterostichus stygicus","Say","species",,"F",,"Lindroth, C. H. 1969. The ground-beetles (Carabidae, excl. Cicindelinae) of Canada and Alaska, parts 1-6. Opuscula E. Entomoligiska Sallskapet.","Robert L. Davidson","Carnegie Museum of Invertebrate Zoology",,"No known compromise","N",,
"dcffdcbd-fd20-4696-abb3-ca01f78cc650","SERC_021.basePlot.bet","D02","SERC","SERC_021","2015-05-05","2015-05-19","2016-11-18","NEON.BET.D02.001544","PTESTY","Animalia","Arthropoda","Insecta","Coleoptera","Carabidae","Harpalinae","Pterostichini","Pterostichus","Euferonia","stygicus",,"Pterostichus stygicus","Say","species",,"M",,"Lindroth, C. H. 1969. The ground-beetles (Carabidae, excl. Cicindelinae) of Canada and Alaska, parts 1-6. Opuscula E. Entomoligiska Sallskapet.","Robert L. Davidson","Carnegie Museum of Invertebrate Zoology",,"No known compromise","N",,
"5024c3d4-eaa0-4dc1-a387-fb238eae9756","SERC_006.basePlot.bet","D02","SERC","SERC_006","2015-05-05","2015-05-19","2016-11-18","NEON.BET.D02.001546","PTESTY","Animalia","Arthropoda","Insecta","Coleoptera","Carabidae","Harpalinae","Pterostichini","Pterostichus","Euferonia","stygicus",,"Pterostichus stygicus","Say","species",,"M",,"Lindroth, C. H. 1969. The ground-beetles (Carabidae, excl. Cicindelinae) of Canada and Alaska, parts 1-6. Opuscula E. Entomoligiska Sallskapet.","Robert L. Davidson","Carnegie Museum of Invertebrate Zoology",,"No known compromise","N",,
"95c6bfb1-503a-4e0a-8e2b-d1cb37a2fe44","SERC_015.basePlot.bet","D02","SERC","SERC_015","2015-05-05","2015-05-19","2016-11-18","NEON.BET.D02.001545","PTESTY","Animalia","Arthropoda","Insecta","Coleoptera","Carabidae","Harpalinae","Pterostichini","Pterostichus","Euferonia","stygicus",,"Pterostichus stygicus","Say","species",,"M",,"Lindroth, C. H. 1969. The ground-beetles (Carabidae, excl. Cicindelinae) of Canada and Alaska, parts 1-6. Opuscula E. Entomoligiska Sallskapet.","Robert L. Davidson","Carnegie Museum of Invertebrate Zoology",,"No known compromise","N",,
"187a7bc0-7e18-4874-9115-d0f2e4509595","SERC_007.basePlot.bet","D02","SERC","SERC_007","2015-05-05","2015-05-19","2016-12-01","NEON.BET.D02.001497","POECHA","Animalia","Arthropoda","Insecta","Coleoptera","Carabidae","Harpalinae","Pterostichini","Poecilus","Poecilus","chalcites",,"Poecilus chalcites","Say","species",,"M",,"Lindroth, C. H. 1969. The ground-beetles (Carabidae, excl. Cicindelinae) of Canada and Alaska, parts 1-6. Opuscula E. Entomoligiska Sallskapet.","Robert L. Davidson","Carnegie Museum of Invertebrate Zoology",,"No known compromise","N",,
"db4fff31-df36-4cb2-b2d4-7cf56c85de83","SERC_009.basePlot.bet","D02","SERC","SERC_009","2015-05-05","2015-05-19","2016-11-18","NEON.BET.D02.001541","PTESTY","Animalia","Arthropoda","Insecta","Coleoptera","Carabidae","Harpalinae","Pterostichini","Pterostichus","Euferonia","stygicus",,"Pterostichus stygicus","Say","species",,"F",,"Lindroth, C. H. 1969. The ground-beetles (Carabidae, excl. Cicindelinae) of Canada and Alaska, parts 1-6. Opuscula E. Entomoligiska Sallskapet.","Robert L. Davidson","Carnegie Museum of Invertebrate Zoology",,"No known compromise","N",,
"a2670451-4b35-4885-9c4a-350f4bb8f992","SERC_001.basePlot.bet","D02","SERC","SERC_001","2015-05-05","2015-05-19","2016-12-02","NEON.BET.D02.001561","PTESP23","Animalia","Arthropoda","Insecta","Coleoptera","Carabidae","Harpalinae","Pterostichini","Pterostichus",,"sp.",,"Pterostichus sp.","Bonelli","genus","sp. nov.","F",,,"Robert L. Davidson","Carnegie Museum of Invertebrate Zoology",,"No known compromise","N",,
"f0cafdb3-0224-4e18-a395-2a238b750029","SERC_002.basePlot.bet","D02","SERC","SERC_002","2015-05-05","2015-05-19","2016-11-17","NEON.BET.D02.001745","DICDIL1","Animalia","Arthropoda","Insecta","Coleoptera","Carabidae","Harpalinae","Licinini","Dicaelus","Paradicaelus","dilatatus","dilatatus","Dicaelus dilatatus dilatatus","Say","subspecies",,"F",,"Ball, G. E. 1959. A taxonomic study of the North American Licinini with notes on the Old World species of the genus Diplocheila BrullÃ© (Coleoptera). Memoirs of the American Entomological Society No. 16.","Robert L. Davidson","Carnegie Museum of Invertebrate Zoology",,"No known compromise","N",,
"f74effee-2ad1-46de-81cf-be08660f6c15","SERC_015.basePlot.bet","D02","SERC","SERC_015","2015-05-05","2015-05-19","2016-11-16","NEON.BET.D02.001715","CHLAES","Animalia","Arthropoda","Insecta","Coleoptera","Carabidae","Harpalinae","Chlaeniini","Chlaenius","Chlaenius","aestivus",,"Chlaenius aestivus","Say","species",,"F",,"Bell, R. T. 1960. A Revision of the Genus Chlaenius Bonelli (Coleoptera, Carabidae) in North America. Miscellaneous Publications of the Entomological Society of America 1:98-166.","Robert L. Davidson","Carnegie Museum of Invertebrate Zoology",,"No known compromise","N",,
