uid,namedLocation,domainID,siteID,plotID,trapID,setDate,collectDate,processingDate,etOHChangeDate,identifiedDate,sampleID,subsampleID,sampleType,taxonID,scientificName,taxonRank,identificationQualifier,scientificNameAuthorship,morphospeciesID,individualCount,identificationReferences,identifiedBy,recordedBy,remarks
"e89d6846-5fb3-4893-a657-873d362636d4","SERC_003.basePlot.bet","D02","SERC","SERC_003","S","2015-04-21","2015-05-05","2015-05-06","2015-05-21","2015-10-30","SERC_003.S.20150505","CC7oYVgiCpCbybsEGlEH1gS+lOOeat5LlA5HoYZ5EL0=","carabid","TACPOT","Tachys potomaca","species",,"Erwin",,1,"Erwin, T.L. 1981 Natural History of Plummers Island, Maryland. XXVI. The Ground Beetles of a Temperate Forest Site: An Analysis of Fauna in Relation to Size, Habitat Selection, Vagility, Seasonality, and Extinction. Bull Biol Soc Washington, 5, 105-224.","wYCqaZcA+7tKZqVSOMaNBCcRKvQIOBzP","wYCqaZcA+7tKZqVSOMaNBCcRKvQIOBzP",
"8ff02bce-95e6-44ff-a570-4c920548d93c","SERC_009.basePlot.bet","D02","SERC","SERC_009","S","2015-04-21","2015-05-05","2015-05-06","2015-05-21","2015-05-21","SERC_009.S.20150505","tTNfz4yHzdmJFQIid5wgzq28wZzh7hmgJnT4Blk0/MA=","carabid","AGOOCT","Agonum octopunctatum","species",,"Fabricius",,1,"Ciegler, J. C. 2000. Ground beetles and wrinkled bark beetles of South Carolina (Coleoptera: Geadephaga: Carabidae and Rhysodidae). Biota of South Carolina. Vol. 1. Clemson, S. Clemson University.","wYCqaZcA+7tKZqVSOMaNBCcRKvQIOBzP","wYCqaZcA+7tKZqVSOMaNBCcRKvQIOBzP",
"bb76d675-759a-43b2-8f4f-0c908f9f0070","SERC_003.basePlot.bet","D02","SERC","SERC_003","S","2015-04-21","2015-05-05","2015-05-06","2015-05-21",,"SERC_003.S.20150505","CC7oYVgiCpCbybsEGlEH1kgTbKnqjsD7oClyp93W4mI=","invert bycatch",,,,,,,,,,"wYCqaZcA+7tKZqVSOMaNBCcRKvQIOBzP",
"4c413eed-bf7d-434f-86c8-0693ec9708a3","SERC_009.basePlot.bet","D02","SERC","SERC_009","S","2015-04-21","2015-05-05","2015-05-06","2015-05-21",,"SERC_009.S.20150505","tTNfz4yHzdmJFQIid5wgzpZVZN0fpZq5r6eu/jRLa74=","invert bycatch",,,,,,,,,,"wYCqaZcA+7tKZqVSOMaNBCcRKvQIOBzP",
"c3c5e1f2-0e23-4a66-801c-8bb3f7599192","SERC_010.basePlot.bet","D02","SERC","SERC_010","S","2015-04-21","2015-05-05","2015-05-06","2015-05-21",,"SERC_010.S.20150505","zJWEWmQZoMNAenyerOxLOIoCpbdemTgzRXQofO477GI=","invert bycatch",,,,,,,,,,"wYCqaZcA+7tKZqVSOMaNBCcRKvQIOBzP",
"96860320-950d-43eb-9095-5ad3b3313cd4","SERC_001.basePlot.bet","D02","SERC","SERC_001","S","2015-04-21","2015-05-05","2015-05-06","2015-05-21",,"SERC_001.S.20150505","UaGVcrvVzDMTNP1CPcl/g3mrA95muz2ZMhY3UtXKxNM=","invert bycatch",,,,,,,,,,"wYCqaZcA+7tKZqVSOMaNBCcRKvQIOBzP",
"c6ceb4a0-9eef-409d-9d33-e906ee01bae9","SERC_001.basePlot.bet","D02","SERC","SERC_001","S","2015-04-21","2015-05-05","2015-05-06","2015-05-21","2015-08-26","SERC_001.S.20150505","UaGVcrvVzDMTNP1CPcl/g7k8bYekyXo4ythuYJ392/4=","carabid","POLLAE","Polyderis laeva","species",,"Say",,2,"Ciegler, J. C. 2000. Ground beetles and wrinkled bark beetles of South Carolina (Coleoptera: Geadephaga: Carabidae and Rhysodidae). Biota of South Carolina. Vol. 1. Clemson, S. Clemson University.","wYCqaZcA+7tKZqVSOMaNBCcRKvQIOBzP","wYCqaZcA+7tKZqVSOMaNBCcRKvQIOBzP",
"71287bb9-e316-4802-9a8a-aed39e611e4e","SERC_006.basePlot.bet","D02","SERC","SERC_006","S","2015-04-21","2015-05-05","2015-05-06","2015-05-21",,"SERC_006.S.20150505","ulDxSdgiTKIzGwTPWdjoLJgTNKbgk+U/VKkE0SCYnC0=","invert bycatch",,,,,,,,,,"wYCqaZcA+7tKZqVSOMaNBCcRKvQIOBzP",
"95b54843-7b55-47c5-abc0-ae099c2d4e67","SERC_001.basePlot.bet","D02","SERC","SERC_001","S","2015-04-21","2015-05-05","2015-05-06","2015-05-21","2015-10-30","SERC_001.S.20150505","UaGVcrvVzDMTNP1CPcl/g2nssARkq/x3cUTj6QDsbys=","carabid","TACPOT","Tachys potomaca","species",,"Erwin",,2,"Erwin, T.L. 1981 Natural History of Plummers Island, Maryland. XXVI. The Ground Beetles of a Temperate Forest Site: An Analysis of Fauna in Relation to Size, Habitat Selection, Vagility, Seasonality, and Extinction. Bull Biol Soc Washington, 5, 105-224.","wYCqaZcA+7tKZqVSOMaNBCcRKvQIOBzP","wYCqaZcA+7tKZqVSOMaNBCcRKvQIOBzP",
"573bc1da-71f6-40c8-9d83-3d62e7f58356","SERC_002.basePlot.bet","D02","SERC","SERC_002","S","2015-04-21","2015-05-05","2015-05-06","2015-05-21","2015-10-28","SERC_002.S.20150505","YcnMnCZo63lkDrP/fuO0GdIeFgzDUxG1h3IgSjB8sOg=","carabid","ANINIG1","Anisodactylus nigerrimus","species",,"Dejean",,1,"Bousquet, Y. 2010b. Illustrated Identification Guide to Adults and Larvae of Northeastern North American Ground Beetles (Coleoptera: Carabidae). 1st Ed. Pensoft Publishers, Sofia, Bulgaria.","wYCqaZcA+7tKZqVSOMaNBCcRKvQIOBzP","wYCqaZcA+7tKZqVSOMaNBCcRKvQIOBzP",
"73236ae0-5dff-404c-9769-3eedd59d74ca","SERC_002.basePlot.bet","D02","SERC","SERC_002","S","2015-04-21","2015-05-05","2015-05-06","2015-05-21",,"SERC_002.S.20150505","YcnMnCZo63lkDrP/fuO0GRr99fIYDJ1H4OCZoT6RLR4=","invert bycatch",,,,,,,,,,"wYCqaZcA+7tKZqVSOMaNBCcRKvQIOBzP",
"a4d6a707-725a-4c5f-9a1f-db8cdd15b571","SERC_015.basePlot.bet","D02","SERC","SERC_015","S","2015-04-21","2015-05-05","2015-05-06","2015-05-21",,"SERC_015.S.20150505","oRHnGosYO5OVlOfh6UoAvjS/LpWGz0LR/clLoGJCCjU=","invert bycatch",,,,,,,,,,"wYCqaZcA+7tKZqVSOMaNBCcRKvQIOBzP",
"76c490af-6748-4fa2-bdf1-d4abc592c1ec","SERC_021.basePlot.bet","D02","SERC","SERC_021","S","2015-04-21","2015-05-05","2015-05-06","2015-05-21","2015-05-21","SERC_021.S.20150505","abrvHFi/546vIGfJHdKpbyWZA6+FzmHne/b5e/ve+Xs=","carabid","CHLAES","Chlaenius aestivus","species",,"Say",,2,"Ciegler, J. C. 2000. Ground beetles and wrinkled bark beetles of South Carolina (Coleoptera: Geadephaga: Carabidae and Rhysodidae). Biota of South Carolina. Vol. 1. Clemson, S. Clemson University.","wYCqaZcA+7tKZqVSOMaNBCcRKvQIOBzP","wYCqaZcA+7tKZqVSOMaNBCcRKvQIOBzP",
"b57de74e-7548-4927-be09-6cfba6431d06","SERC_021.basePlot.bet","D02","SERC","SERC_021","S","2015-04-21","2015-05-05","2015-05-06","2015-05-21",,"SERC_021.S.20150505","abrvHFi/546vIGfJHdKpb8H70T6hwtWyT7OmegemykY=","invert bycatch",,,,,,,,,,"wYCqaZcA+7tKZqVSOMaNBCcRKvQIOBzP",
"48733cf6-0cb9-4a14-8b3a-cf433c058ea9","SERC_021.basePlot.bet","D02","SERC","SERC_021","S","2015-04-21","2015-05-05","2015-05-06","2015-05-21","2015-05-21","SERC_021.S.20150505","abrvHFi/546vIGfJHdKpbw06avX00xFfRO4io9c/XKw=","carabid","POELUC","Poecilus lucublandus","species",,"Say",,1,"Ciegler, J. C. 2000. Ground beetles and wrinkled bark beetles of South Carolina (Coleoptera: Geadephaga: Carabidae and Rhysodidae). Biota of South Carolina. Vol. 1. Clemson, S. Clemson University.","wYCqaZcA+7tKZqVSOMaNBCcRKvQIOBzP","wYCqaZcA+7tKZqVSOMaNBCcRKvQIOBzP",
"09c8ce71-9f13-488c-ab59-63424f8d970a","SERC_021.basePlot.bet","D02","SERC","SERC_021","S","2015-04-21","2015-05-05","2015-05-06","2015-05-21","2015-05-21","SERC_021.S.20150505","abrvHFi/546vIGfJHdKpbzY4kA2GTaDmc682+3Us/9U=","carabid","CARGOR","Carabus goryi","species",,"Dejean",,1,"Ciegler, J. C. 2000. Ground beetles and wrinkled bark beetles of South Carolina (Coleoptera: Geadephaga: Carabidae and Rhysodidae). Biota of South Carolina. Vol. 1. Clemson, S. Clemson University.","wYCqaZcA+7tKZqVSOMaNBCcRKvQIOBzP","wYCqaZcA+7tKZqVSOMaNBCcRKvQIOBzP",
"781f1545-088d-476e-9584-8a1427af75b2","SERC_016.basePlot.bet","D02","SERC","SERC_016","S","2015-04-21","2015-05-05","2015-05-06","2015-05-21",,"SERC_016.S.20150505","YVGGTAS4Nw/QDCDcWJyuGV49JmN8qXAvfmtjviolwe8=","invert bycatch",,,,,,,,,,"wYCqaZcA+7tKZqVSOMaNBCcRKvQIOBzP",
"3c5939a0-54cf-4560-8b2f-12e66c5aa1cc","SERC_002.basePlot.bet","D02","SERC","SERC_002","W","2015-04-21","2015-05-05","2015-05-06","2015-05-21","2015-05-21","SERC_002.W.20150505","YcnMnCZo63lEMCEtrcXtsYKcgfa349EW+fke9pD/Xuk=","carabid","DICDIL1","Dicaelus dilatatus dilatatus","subspecies",,"Say",,1,"Ciegler, J. C. 2000. Ground beetles and wrinkled bark beetles of South Carolina (Coleoptera: Geadephaga: Carabidae and Rhysodidae). Biota of South Carolina. Vol. 1. Clemson, S. Clemson University.","wYCqaZcA+7tKZqVSOMaNBCcRKvQIOBzP","wYCqaZcA+7tKZqVSOMaNBCcRKvQIOBzP",
"44306eeb-06ea-4bf2-8c8b-b761370a573e","SERC_016.basePlot.bet","D02","SERC","SERC_016","W","2015-04-21","2015-05-05","2015-05-06","2015-05-21",,"SERC_016.W.20150505","YVGGTAS4Nw9LB+ZV7esb33PScFkXCX6SeVXq9oTXBbI=","invert bycatch",,,,,,,,,,"wYCqaZcA+7tKZqVSOMaNBCcRKvQIOBzP",
"22e4d624-719e-47d9-a1de-2751ec40a835","SERC_021.basePlot.bet","D02","SERC","SERC_021","E","2015-04-21","2015-05-05","2015-05-06","2015-05-21","2015-05-21","SERC_021.E.20150505","abrvHFi/544rIYvVrnVG5nGHEV0vEgUWWQMWhgKzWPU=","carabid","CHLAES","Chlaenius aestivus","species",,"Say",,2,"Ciegler, J. C. 2000. Ground beetles and wrinkled bark beetles of South Carolina (Coleoptera: Geadephaga: Carabidae and Rhysodidae). Biota of South Carolina. Vol. 1. Clemson, S. Clemson University.","wYCqaZcA+7tKZqVSOMaNBCcRKvQIOBzP","wYCqaZcA+7tKZqVSOMaNBCcRKvQIOBzP",
"13f0fd5f-76b9-4313-953e-bcf3ba670865","SERC_002.basePlot.bet","D02","SERC","SERC_002","E","2015-04-21","2015-05-05","2015-05-06","2015-05-21",,"SERC_002.E.20150505","YcnMnCZo63n4X9d+wTtLlGbzyBXWw7wK53eW04itzXg=","invert bycatch",,,,,,,,,,"wYCqaZcA+7tKZqVSOMaNBCcRKvQIOBzP",
"16638a11-8903-485b-b363-a3f4b3cd7f8e","SERC_015.basePlot.bet","D02","SERC","SERC_015","E","2015-04-21","2015-05-05","2015-05-06","2015-05-21","2015-05-21","SERC_015.E.20150505","oRHnGosYO5NZrKCHiCE5rybMnBPoQGpyNkykwmz2ox4=","carabid","CHLAES","Chlaenius aestivus","species",,"Say",,1,"Ciegler, J. C. 2000. Ground beetles and wrinkled bark beetles of South Carolina (Coleoptera: Geadephaga: Carabidae and Rhysodidae). Biota of South Carolina. Vol. 1. Clemson, S. Clemson University.","wYCqaZcA+7tKZqVSOMaNBCcRKvQIOBzP","wYCqaZcA+7tKZqVSOMaNBCcRKvQIOBzP",
"6570be71-6a16-45dd-b421-56280f379e67","SERC_021.basePlot.bet","D02","SERC","SERC_021","E","2015-04-21","2015-05-05","2015-05-06","2015-05-21",,"SERC_021.E.20150505","abrvHFi/544rIYvVrnVG5qAdgCdAIJSTccy7//yVHaQ=","invert bycatch",,,,,,,,,,"wYCqaZcA+7tKZqVSOMaNBCcRKvQIOBzP",
"6c88daae-8096-4c29-9384-62c9f81f3565","SERC_021.basePlot.bet","D02","SERC","SERC_021","W","2015-04-21","2015-05-05","2015-05-06","2015-05-21",,"SERC_021.W.20150505","abrvHFi/544imcyfF+kn4qFNFQpOBmv/saw8pq8qyMM=","invert bycatch",,,,,,,,,,"wYCqaZcA+7tKZqVSOMaNBCcRKvQIOBzP",
"a86c951d-b12e-4dd3-b84b-536ff81b2642","SERC_001.basePlot.bet","D02","SERC","SERC_001","W","2015-04-21","2015-05-05","2015-05-06","2015-05-21","2015-10-30","SERC_001.W.20150505","UaGVcrvVzDOutGB3sFAIcVk2FrjN2rxCjue4scgh7UI=","carabid","TACPOT","Tachys potomaca","species",,"Erwin",,1,"Erwin, T.L. 1981 Natural History of Plummers Island, Maryland. XXVI. The Ground Beetles of a Temperate Forest Site: An Analysis of Fauna in Relation to Size, Habitat Selection, Vagility, Seasonality, and Extinction. Bull Biol Soc Washington, 5, 105-224.","wYCqaZcA+7tKZqVSOMaNBCcRKvQIOBzP","wYCqaZcA+7tKZqVSOMaNBCcRKvQIOBzP",
"4e272e03-1047-45f2-9309-fd09cbc92831","SERC_001.basePlot.bet","D02","SERC","SERC_001","W","2015-04-21","2015-05-05","2015-05-06","2015-05-21",,"SERC_001.W.20150505","UaGVcrvVzDOutGB3sFAIcfgP6Xji0oTZPT4JQ4RYEn0=","invert bycatch",,,,,,,,,,"wYCqaZcA+7tKZqVSOMaNBCcRKvQIOBzP",
"ade10b7e-2d03-4211-8468-5c202c1d3d15","SERC_002.basePlot.bet","D02","SERC","SERC_002","W","2015-04-21","2015-05-05","2015-05-06","2015-05-21",,"SERC_002.W.20150505","YcnMnCZo63lEMCEtrcXtsW/rNBGtm556DZecF6mMPrI=","invert bycatch",,,,,,,,,,"wYCqaZcA+7tKZqVSOMaNBCcRKvQIOBzP",
"0f2df7c1-0071-4fc2-b266-da80ea2a6b9f","SERC_006.basePlot.bet","D02","SERC","SERC_006","W","2015-04-21","2015-05-05","2015-05-06","2015-05-21",,"SERC_006.W.20150505","ulDxSdgiTKLdBAsavAcEZdI6NKzy6Skt043QOR2TmYw=","invert bycatch",,,,,,,,,,"wYCqaZcA+7tKZqVSOMaNBCcRKvQIOBzP",
"1e36c777-36ee-4a70-b864-b7577fcc65cc","SERC_010.basePlot.bet","D02","SERC","SERC_010","W","2015-04-21","2015-05-05","2015-05-06","2015-05-21",,"SERC_010.W.20150505","zJWEWmQZoMPpaU7oGDbswfRpU6/7URlLAx6l7VUb+x8=","invert bycatch",,,,,,,,,,"wYCqaZcA+7tKZqVSOMaNBCcRKvQIOBzP",
"a6d054b8-bcc3-42db-a6f3-78158c8c67d2","SERC_010.basePlot.bet","D02","SERC","SERC_010","W","2015-04-21","2015-05-05","2015-05-06","2015-05-21","2015-10-28","SERC_010.W.20150505","zJWEWmQZoMPpaU7oGDbswTxGwJQcG+7gq/bF73bY45s=","carabid","ANINIG1","Anisodactylus nigerrimus","species",,"Dejean",,1,"Bousquet, Y. 2010b. Illustrated Identification Guide to Adults and Larvae of Northeastern North American Ground Beetles (Coleoptera: Carabidae). 1st Ed. Pensoft Publishers, Sofia, Bulgaria.","wYCqaZcA+7tKZqVSOMaNBCcRKvQIOBzP","wYCqaZcA+7tKZqVSOMaNBCcRKvQIOBzP",
"84e1f433-4d6b-4026-9731-1ab7bfde102d","SERC_010.basePlot.bet","D02","SERC","SERC_010","W","2015-04-21","2015-05-05","2015-05-06","2015-05-21","2015-05-21","SERC_010.W.20150505","zJWEWmQZoMPpaU7oGDbswSDK1RgPh1LjD98JLsGLbN0=","carabid","CHLAES","Chlaenius aestivus","species",,"Say",,10,"Ciegler, J. C. 2000. Ground beetles and wrinkled bark beetles of South Carolina (Coleoptera: Geadephaga: Carabidae and Rhysodidae). Biota of South Carolina. Vol. 1. Clemson, S. Clemson University.","wYCqaZcA+7tKZqVSOMaNBCcRKvQIOBzP","wYCqaZcA+7tKZqVSOMaNBCcRKvQIOBzP",
"a4986119-b589-4e9c-8a99-c16f4e812c62","SERC_007.basePlot.bet","D02","SERC","SERC_007","W","2015-04-21","2015-05-05","2015-05-06","2015-05-21","2015-11-04","SERC_007.W.20150505","VuceAg7yVycN8DaQWzDzg1nLFZSpf+RTZC6AVniIw4Y=","carabid","BRARUP","Bradycellus rupestris","species",,"Say",,1,"Lindroth, C. H. 1969. The ground-beetles (Carabidae, excl. Cicindelinae) of Canada and Alaska, parts 1-6. Opuscula E. Entomoligiska Sallskapet.","wYCqaZcA+7tKZqVSOMaNBCcRKvQIOBzP","wYCqaZcA+7tKZqVSOMaNBCcRKvQIOBzP",
"3fbd9496-81e2-41c6-9575-0bb69b917bf6","SERC_009.basePlot.bet","D02","SERC","SERC_009","W","2015-04-21","2015-05-05","2015-05-06","2015-05-21",,"SERC_009.W.20150505","tTNfz4yHzdkOCKlCL4y8muksRJQLE1ktOt1Ro/Z0+qw=","invert bycatch",,,,,,,,,,"wYCqaZcA+7tKZqVSOMaNBCcRKvQIOBzP",
"99b5f246-c66c-4d23-86e3-7f24600f6b79","SERC_007.basePlot.bet","D02","SERC","SERC_007","W","2015-04-21","2015-05-05","2015-05-06","2015-05-21","2015-05-21","SERC_007.W.20150505","VuceAg7yVycN8DaQWzDzg7R4YNm3nlCee7YRJHUHES4=","carabid","POECHA","Poecilus chalcites","species",,"Say",,1,"Ciegler, J. C. 2000. Ground beetles and wrinkled bark beetles of South Carolina (Coleoptera: Geadephaga: Carabidae and Rhysodidae). Biota of South Carolina. Vol. 1. Clemson, S. Clemson University.","wYCqaZcA+7tKZqVSOMaNBCcRKvQIOBzP","wYCqaZcA+7tKZqVSOMaNBCcRKvQIOBzP",
"bcb77d83-73d6-471c-92a9-955221a541d2","SERC_007.basePlot.bet","D02","SERC","SERC_007","W","2015-04-21","2015-05-05","2015-05-06","2015-05-21","2015-05-21","SERC_007.W.20150505","VuceAg7yVycN8DaQWzDzg7503IuVehtGaY4ecFdKlz0=","carabid","SCASUB2","Scarites subterraneus","species",,"Fabricius",,1,"Other","wYCqaZcA+7tKZqVSOMaNBCcRKvQIOBzP","wYCqaZcA+7tKZqVSOMaNBCcRKvQIOBzP",
"88d06cf7-de79-4fa7-8e22-08bed280d05e","SERC_007.basePlot.bet","D02","SERC","SERC_007","W","2015-04-21","2015-05-05","2015-05-06","2015-05-21","2015-10-29","SERC_007.W.20150505","VuceAg7yVycN8DaQWzDzgyAqozRoe06HZzIzYMFaXhU=","carabid","AMAAEN1","Amara aenea","species",,"DeGeer",,8,"Bousquet, Y. 2010b. Illustrated Identification Guide to Adults and Larvae of Northeastern North American Ground Beetles (Coleoptera: Carabidae). 1st Ed. Pensoft Publishers, Sofia, Bulgaria.","wYCqaZcA+7tKZqVSOMaNBCcRKvQIOBzP","wYCqaZcA+7tKZqVSOMaNBCcRKvQIOBzP",
"0a29edb9-72e8-44e8-b09f-97c8b14717cd","SERC_003.basePlot.bet","D02","SERC","SERC_003","W","2015-04-21","2015-05-05","2015-05-06","2015-05-21",,"SERC_003.W.20150505","CC7oYVgiCpAMTHWtAUJFjtwpf6ywwAwPO6s//O3AuUc=","invert bycatch",,,,,,,,,,"wYCqaZcA+7tKZqVSOMaNBCcRKvQIOBzP",
"8315ea8d-fad3-444d-95c0-ad80b8230161","SERC_009.basePlot.bet","D02","SERC","SERC_009","W","2015-04-21","2015-05-05","2015-05-06","2015-05-21","2015-05-21","SERC_009.W.20150505","tTNfz4yHzdkOCKlCL4y8mumD1hS1MNhGNITOvP9bmTQ=","carabid","CHLAES","Chlaenius aestivus","species",,"Say",,1,"Ciegler, J. C. 2000. Ground beetles and wrinkled bark beetles of South Carolina (Coleoptera: Geadephaga: Carabidae and Rhysodidae). Biota of South Carolina. Vol. 1. Clemson, S. Clemson University.","wYCqaZcA+7tKZqVSOMaNBCcRKvQIOBzP","wYCqaZcA+7tKZqVSOMaNBCcRKvQIOBzP",
"acbcc08d-e268-41dd-854b-c29efa274c61","SERC_007.basePlot.bet","D02","SERC","SERC_007","W","2015-04-21","2015-05-05","2015-05-06","2015-05-21",,"SERC_007.W.20150505","VuceAg7yVycN8DaQWzDzg/z2Z0j0P9G8P0CRDLjWqkg=","invert bycatch",,,,,,,,,,"wYCqaZcA+7tKZqVSOMaNBCcRKvQIOBzP",
"352ca25a-78c6-46e0-b83b-4ec9fd674ec3","SERC_015.basePlot.bet","D02","SERC","SERC_015","W","2015-04-21","2015-05-05","2015-05-06","2015-05-21",,"SERC_015.W.20150505","oRHnGosYO5NRgt2nTfYmTrSrOQ1Yr/rE6AeQWirIP/0=","invert bycatch",,,,,,,,,,"wYCqaZcA+7tKZqVSOMaNBCcRKvQIOBzP",
"211b7722-ea54-4c3d-b6ef-dd5fd427b156","SERC_021.basePlot.bet","D02","SERC","SERC_021","W","2015-04-21","2015-05-05","2015-05-06","2015-05-21","2015-05-21","SERC_021.W.20150505","abrvHFi/544imcyfF+kn4sfcIOBT06S2Iy9ESlzlmzg=","carabid","CHLAES","Chlaenius aestivus","species",,"Say",,1,"Ciegler, J. C. 2000. Ground beetles and wrinkled bark beetles of South Carolina (Coleoptera: Geadephaga: Carabidae and Rhysodidae). Biota of South Carolina. Vol. 1. Clemson, S. Clemson University.","wYCqaZcA+7tKZqVSOMaNBCcRKvQIOBzP","wYCqaZcA+7tKZqVSOMaNBCcRKvQIOBzP",
"148e3af9-54c7-4856-bb6e-c2bda9bb3a88","SERC_007.basePlot.bet","D02","SERC","SERC_007","W","2015-04-21","2015-05-05","2015-05-06","2015-05-21","2015-10-26","SERC_007.W.20150505","VuceAg7yVycN8DaQWzDzg+//GfNilW2xCHpR6/El/88=","carabid","BEMAFF","Bembidion affine","species",,"Say",,2,"Bousquet, Y. 2010b. Illustrated Identification Guide to Adults and Larvae of Northeastern North American Ground Beetles (Coleoptera: Carabidae). 1st Ed. Pensoft Publishers, Sofia, Bulgaria.","wYCqaZcA+7tKZqVSOMaNBCcRKvQIOBzP","wYCqaZcA+7tKZqVSOMaNBCcRKvQIOBzP",
"d3e292da-6970-4bde-a15c-2e2a66cb683f","SERC_016.basePlot.bet","D02","SERC","SERC_016","E","2015-04-21","2015-05-05","2015-05-06","2015-05-21","2015-05-21","SERC_016.E.20150505","YVGGTAS4Nw9I7wcGu/Kj8x11XdQ2WlTh3pFx7D9cJAw=","carabid","DICFUR2","Dicaelus furvus furvus","subspecies",,"Dejean",,1,"Ciegler, J. C. 2000. Ground beetles and wrinkled bark beetles of South Carolina (Coleoptera: Geadephaga: Carabidae and Rhysodidae). Biota of South Carolina. Vol. 1. Clemson, S. Clemson University.","wYCqaZcA+7tKZqVSOMaNBCcRKvQIOBzP","wYCqaZcA+7tKZqVSOMaNBCcRKvQIOBzP",
"b36fa97b-2bfe-4cf1-9460-518175b65d89","SERC_016.basePlot.bet","D02","SERC","SERC_016","E","2015-04-21","2015-05-05","2015-05-06","2015-05-21",,"SERC_016.E.20150505","YVGGTAS4Nw9I7wcGu/Kj859UBOA1Y4TNLt5jg7/Wwyo=","invert bycatch",,,,,,,,,,"wYCqaZcA+7tKZqVSOMaNBCcRKvQIOBzP",
"96657914-0639-4a04-8f98-5b3e64483903","SERC_006.basePlot.bet","D02","SERC","SERC_006","E","2015-04-21","2015-05-05","2015-05-06","2015-05-21","2015-05-21","SERC_006.E.20150505","ulDxSdgiTKKsykPM3MpMLCJ7/hn8z8GYsG1UJH57pGc=","carabid","CHLAES","Chlaenius aestivus","species",,"Say",,4,"Ciegler, J. C. 2000. Ground beetles and wrinkled bark beetles of South Carolina (Coleoptera: Geadephaga: Carabidae and Rhysodidae). Biota of South Carolina. Vol. 1. Clemson, S. Clemson University.","wYCqaZcA+7tKZqVSOMaNBCcRKvQIOBzP","wYCqaZcA+7tKZqVSOMaNBCcRKvQIOBzP",
"4ed72203-6e87-4b35-b5e0-51aebd624b8a","SERC_001.basePlot.bet","D02","SERC","SERC_001","E","2015-04-21","2015-05-05","2015-05-06","2015-05-21",,"SERC_001.E.20150505","UaGVcrvVzDNwkOl+brc1rDlS8bANC/wY3DS9iUOm0i4=","invert bycatch",,,,,,,,,,"wYCqaZcA+7tKZqVSOMaNBCcRKvQIOBzP",
"d3e8bc39-640a-45d9-8ba6-4f157d99d055","SERC_010.basePlot.bet","D02","SERC","SERC_010","E","2015-04-21","2015-05-05","2015-05-06","2015-05-21","2015-05-21","SERC_010.E.20150505","zJWEWmQZoMNVr+IzuVmAIlUFqb7YChcYDvagUwKqq6c=","carabid","CHLAES","Chlaenius aestivus","species",,"Say",,1,"Ciegler, J. C. 2000. Ground beetles and wrinkled bark beetles of South Carolina (Coleoptera: Geadephaga: Carabidae and Rhysodidae). Biota of South Carolina. Vol. 1. Clemson, S. Clemson University.","wYCqaZcA+7tKZqVSOMaNBCcRKvQIOBzP","wYCqaZcA+7tKZqVSOMaNBCcRKvQIOBzP",
"79313930-04ae-4457-96d8-4b331945c3ad","SERC_007.basePlot.bet","D02","SERC","SERC_007","E","2015-04-21","2015-05-05","2015-05-06","2015-05-21",,"SERC_007.E.20150505","VuceAg7yVydSuT/FC6hzorr0drd/1ciHzbonasIAo5Q=","invert bycatch",,,,,,,,,,"wYCqaZcA+7tKZqVSOMaNBCcRKvQIOBzP",
"d2a34335-757f-4e0c-b8fe-5cde991631df","SERC_007.basePlot.bet","D02","SERC","SERC_007","E","2015-04-21","2015-05-05","2015-05-06","2015-05-21","2015-05-21","SERC_007.E.20150505","VuceAg7yVydSuT/FC6hzogOeWqVzRhTfvnHrXUBvaAw=","carabid","POECHA","Poecilus chalcites","species",,"Say",,8,"Ciegler, J. C. 2000. Ground beetles and wrinkled bark beetles of South Carolina (Coleoptera: Geadephaga: Carabidae and Rhysodidae). Biota of South Carolina. Vol. 1. Clemson, S. Clemson University.","wYCqaZcA+7tKZqVSOMaNBCcRKvQIOBzP","wYCqaZcA+7tKZqVSOMaNBCcRKvQIOBzP",
"92abc01d-42e1-4cb6-980d-67dc2c408832","SERC_009.basePlot.bet","D02","SERC","SERC_009","E","2015-04-21","2015-05-05","2015-05-06","2015-05-21",,"SERC_009.E.20150505","tTNfz4yHzdlGJ3KeWgihN11CgSlHZX5u7iVp9W9nda8=","invert bycatch",,,,,,,,,,"wYCqaZcA+7tKZqVSOMaNBCcRKvQIOBzP",
"787f9859-aef2-478d-8765-620a631271d5","SERC_003.basePlot.bet","D02","SERC","SERC_003","E","2015-04-21","2015-05-05","2015-05-06","2015-05-21",,"SERC_003.E.20150505","CC7oYVgiCpATUy6WPFyiJnbXedcQOassqHrc/TAygeQ=","invert bycatch",,,,,,,,,,"wYCqaZcA+7tKZqVSOMaNBCcRKvQIOBzP",
"32b94147-b7c2-49a0-85d4-e8033b19670c","SERC_009.basePlot.bet","D02","SERC","SERC_009","E","2015-04-21","2015-05-05","2015-05-06","2015-05-21","2015-05-21","SERC_009.E.20150505","tTNfz4yHzdlGJ3KeWgihN22SumcwV5I2RrG77Mgoul4=","carabid","CARGOR","Carabus goryi","species",,"Dejean",,1,"Ciegler, J. C. 2000. Ground beetles and wrinkled bark beetles of South Carolina (Coleoptera: Geadephaga: Carabidae and Rhysodidae). Biota of South Carolina. Vol. 1. Clemson, S. Clemson University.","wYCqaZcA+7tKZqVSOMaNBCcRKvQIOBzP","wYCqaZcA+7tKZqVSOMaNBCcRKvQIOBzP",
"832d2e15-e150-4a06-9cb5-da978e7fdeb2","SERC_021.basePlot.bet","D02","SERC","SERC_021","E","2015-04-21","2015-05-05","2015-05-06","2015-05-21","2015-05-21","SERC_021.E.20150505","abrvHFi/544rIYvVrnVG5jaMuzePiYghehtds3ye4nc=","carabid","PTESTY","Pterostichus stygicus","species",,"Say",,1,"Bousquet, Y. 2010b. Illustrated Identification Guide to Adults and Larvae of Northeastern North American Ground Beetles (Coleoptera: Carabidae). 1st Ed. Pensoft Publishers, Sofia, Bulgaria.","wYCqaZcA+7tKZqVSOMaNBCcRKvQIOBzP","wYCqaZcA+7tKZqVSOMaNBCcRKvQIOBzP",
"0a8bd983-a9c3-4964-a0ba-7a59c4ddcad4","SERC_015.basePlot.bet","D02","SERC","SERC_015","E","2015-04-21","2015-05-05","2015-05-06","2015-05-21",,"SERC_015.E.20150505","oRHnGosYO5NZrKCHiCE5r6cmTupiscgiv+Rc4zuzvyE=","invert bycatch",,,,,,,,,,"wYCqaZcA+7tKZqVSOMaNBCcRKvQIOBzP",
"dc97ee53-c0a3-4610-be14-ace373841b66","SERC_010.basePlot.bet","D02","SERC","SERC_010","E","2015-04-21","2015-05-05","2015-05-06","2015-05-21",,"SERC_010.E.20150505","zJWEWmQZoMNVr+IzuVmAIoEljAa/e/yofZFUZCF7r6E=","invert bycatch",,,,,,,,,,"wYCqaZcA+7tKZqVSOMaNBCcRKvQIOBzP",
"8cb86852-16f7-44a3-9acb-f7e3eba1c9f1","SERC_006.basePlot.bet","D02","SERC","SERC_006","E","2015-04-21","2015-05-05","2015-05-06","2015-05-21",,"SERC_006.E.20150505","ulDxSdgiTKKsykPM3MpMLPE3PkUTRwVxRp3CxA4oQp4=","invert bycatch",,,,,,,,,,"wYCqaZcA+7tKZqVSOMaNBCcRKvQIOBzP",
"1300e538-a9bc-47b1-9c6e-49cfc9d11918","SERC_021.basePlot.bet","D02","SERC","SERC_021","N","2015-04-21","2015-05-05","2015-05-06","2015-05-21","2015-05-21","SERC_021.N.20150505","abrvHFi/547quzRJ4XXPwDHoMyzQfZg+au3hNF4EekU=","carabid","DICDIL1","Dicaelus dilatatus dilatatus","subspecies",,"Say",,1,"Ciegler, J. C. 2000. Ground beetles and wrinkled bark beetles of South Carolina (Coleoptera: Geadephaga: Carabidae and Rhysodidae). Biota of South Carolina. Vol. 1. Clemson, S. Clemson University.","wYCqaZcA+7tKZqVSOMaNBCcRKvQIOBzP","wYCqaZcA+7tKZqVSOMaNBCcRKvQIOBzP",
"f973ee23-642b-4801-818d-f2a4e540ea7a","SERC_021.basePlot.bet","D02","SERC","SERC_021","N","2015-04-21","2015-05-05","2015-05-06","2015-05-21",,"SERC_021.N.20150505","abrvHFi/547quzRJ4XXPwP3B/XYnEdjfERlymo1G3OQ=","invert bycatch",,,,,,,,,,"wYCqaZcA+7tKZqVSOMaNBCcRKvQIOBzP",
"5c9e8fa0-f93d-4e6d-9a0a-73b4c6cd4bb0","SERC_021.basePlot.bet","D02","SERC","SERC_021","N","2015-04-21","2015-05-05","2015-05-06","2015-05-21","2015-05-21","SERC_021.N.20150505","abrvHFi/547quzRJ4XXPwKHxeoVJXM+TW03Jp4FmSZY=","carabid","CHLAES","Chlaenius aestivus","species",,"Say",,7,"Ciegler, J. C. 2000. Ground beetles and wrinkled bark beetles of South Carolina (Coleoptera: Geadephaga: Carabidae and Rhysodidae). Biota of South Carolina. Vol. 1. Clemson, S. Clemson University.","wYCqaZcA+7tKZqVSOMaNBCcRKvQIOBzP","wYCqaZcA+7tKZqVSOMaNBCcRKvQIOBzP",
"13a80c99-b34b-432b-9244-2ea6ca776898","SERC_016.basePlot.bet","D02","SERC","SERC_016","N","2015-04-21","2015-05-05","2015-05-06","2015-05-21",,"SERC_016.N.20150505","YVGGTAS4Nw9Xozif4tWppqtxZS9sz7JqtH5d8kk2MIM=","invert bycatch",,,,,,,,,,"wYCqaZcA+7tKZqVSOMaNBCcRKvQIOBzP",
"f24150a4-5c1c-49d1-a1e0-5bcb39f77e46","SERC_001.basePlot.bet","D02","SERC","SERC_001","N","2015-04-21","2015-05-05","2015-05-06","2015-05-21",,"SERC_001.N.20150505","UaGVcrvVzDP2WW+JNy3ovedY079qBNHf+LQ+ZFYp7/E=","invert bycatch",,,,,,,,,,"wYCqaZcA+7tKZqVSOMaNBCcRKvQIOBzP",
"0621daf0-48cc-4c28-bedb-0d52f4cd535a","SERC_006.basePlot.bet","D02","SERC","SERC_006","N","2015-04-21","2015-05-05","2015-05-06","2015-05-21",,"SERC_006.N.20150505","ulDxSdgiTKJShrRoRejxxiviqcJ9rMYXQ30+w3Pw6J4=","invert bycatch",,,,,,,,,,"wYCqaZcA+7tKZqVSOMaNBCcRKvQIOBzP",
"b4b175a3-a8b0-425f-8fcb-63dbd49a6b49","SERC_006.basePlot.bet","D02","SERC","SERC_006","N","2015-04-21","2015-05-05","2015-05-06","2015-05-21","2015-05-21","SERC_006.N.20150505","ulDxSdgiTKJShrRoRejxxvAnT8JBDA4vtj7EwxVbMJw=","carabid","CHLAES","Chlaenius aestivus","species",,"Say",,1,"Ciegler, J. C. 2000. Ground beetles and wrinkled bark beetles of South Carolina (Coleoptera: Geadephaga: Carabidae and Rhysodidae). Biota of South Carolina. Vol. 1. Clemson, S. Clemson University.","wYCqaZcA+7tKZqVSOMaNBCcRKvQIOBzP","wYCqaZcA+7tKZqVSOMaNBCcRKvQIOBzP",
"a058e952-47e6-41e6-94a4-122427e5131b","SERC_002.basePlot.bet","D02","SERC","SERC_002","N","2015-04-21","2015-05-05","2015-05-06","2015-05-21",,"SERC_002.N.20150505","YcnMnCZo63lrLwHfMM6HvYv64jNDxdWo1+9I+KtrXWk=","invert bycatch",,,,,,,,,,"wYCqaZcA+7tKZqVSOMaNBCcRKvQIOBzP",
"30373f03-1396-4693-a041-27e580211a03","SERC_015.basePlot.bet","D02","SERC","SERC_015","N","2015-04-21","2015-05-05","2015-05-06","2015-05-21",,"SERC_015.N.20150505","oRHnGosYO5NlS7xve2attlEl3uGY7dRczqeEKIzlvkE=","invert bycatch",,,,,,,,,,"wYCqaZcA+7tKZqVSOMaNBCcRKvQIOBzP",
"60bd4fd0-c386-4457-9753-4b8663a6a7a5","SERC_009.basePlot.bet","D02","SERC","SERC_009","N","2015-04-21","2015-05-05","2015-05-06","2015-05-21","2015-05-21","SERC_009.N.20150505","tTNfz4yHzdkwSEnQtNH8bYskX3od7qZLnmcRI5Qep4k=","carabid","NOTAEN","Notiophilus aeneus","species",,"Herbst",,1,"Bousquet, Y. 2010b. Illustrated Identification Guide to Adults and Larvae of Northeastern North American Ground Beetles (Coleoptera: Carabidae). 1st Ed. Pensoft Publishers, Sofia, Bulgaria.","wYCqaZcA+7tKZqVSOMaNBCcRKvQIOBzP","wYCqaZcA+7tKZqVSOMaNBCcRKvQIOBzP",
"bb7a90da-c172-4493-a041-a90f2aee6213","SERC_009.basePlot.bet","D02","SERC","SERC_009","N","2015-04-21","2015-05-05","2015-05-06","2015-05-21","2015-05-21","SERC_009.N.20150505","tTNfz4yHzdkwSEnQtNH8bU+dc3Wh97kACimOKFDqJ/s=","carabid","CHLAES","Chlaenius aestivus","species",,"Say",,7,"Ciegler, J. C. 2000. Ground beetles and wrinkled bark beetles of South Carolina (Coleoptera: Geadephaga: Carabidae and Rhysodidae). Biota of South Carolina. Vol. 1. Clemson, S. Clemson University.","wYCqaZcA+7tKZqVSOMaNBCcRKvQIOBzP","wYCqaZcA+7tKZqVSOMaNBCcRKvQIOBzP",
"c05a21ea-0ae1-4f36-b13d-0de360440707","SERC_010.basePlot.bet","D02","SERC","SERC_010","N","2015-04-21","2015-05-05","2015-05-06","2015-05-21","2015-05-21","SERC_010.N.20150505","zJWEWmQZoMOE5uQVqsDQWlDbgY625UxGhsRltFr4B3o=","carabid","CHLAES","Chlaenius aestivus","species",,"Say",,3,"Ciegler, J. C. 2000. Ground beetles and wrinkled bark beetles of South Carolina (Coleoptera: Geadephaga: Carabidae and Rhysodidae). Biota of South Carolina. Vol. 1. Clemson, S. Clemson University.","wYCqaZcA+7tKZqVSOMaNBCcRKvQIOBzP","wYCqaZcA+7tKZqVSOMaNBCcRKvQIOBzP",
"c910143d-d71b-43cd-bf10-2b5b0509d0aa","SERC_010.basePlot.bet","D02","SERC","SERC_010","N","2015-04-21","2015-05-05","2015-05-06","2015-05-21","2015-05-21","SERC_010.N.20150505","zJWEWmQZoMOE5uQVqsDQWh8E8rC3NIvNhVMJI7Vii1A=","carabid","CHLNEM","Chlaenius nemoralis","species",,"Say",,2,"Ciegler, J. C. 2000. Ground beetles and wrinkled bark beetles of South Carolina (Coleoptera: Geadephaga: Carabidae and Rhysodidae). Biota of South Carolina. Vol. 1. Clemson, S. Clemson University.","wYCqaZcA+7tKZqVSOMaNBCcRKvQIOBzP","wYCqaZcA+7tKZqVSOMaNBCcRKvQIOBzP",
"f6b0911c-dee8-4daf-af00-8b1911ef0b63","SERC_010.basePlot.bet","D02","SERC","SERC_010","N","2015-04-21","2015-05-05","2015-05-06","2015-05-21",,"SERC_010.N.20150505","zJWEWmQZoMOE5uQVqsDQWjlJ8wcfLDyO/oWq25f55AI=","invert bycatch",,,,,,,,,,"wYCqaZcA+7tKZqVSOMaNBCcRKvQIOBzP",
"830de782-5834-4d26-8186-95408eff0936","SERC_003.basePlot.bet","D02","SERC","SERC_003","N","2015-04-21","2015-05-05","2015-05-06","2015-05-21",,"SERC_003.N.20150505","CC7oYVgiCpCG6sExBGzz/DyvOzc2f1K5fknKbr/+mg0=","invert bycatch",,,,,,,,,,"wYCqaZcA+7tKZqVSOMaNBCcRKvQIOBzP",
"8f815a42-13a4-42c7-85d6-c884a62c20ab","SERC_009.basePlot.bet","D02","SERC","SERC_009","N","2015-04-21","2015-05-05","2015-05-06","2015-05-21","2015-05-21","SERC_009.N.20150505","tTNfz4yHzdkwSEnQtNH8bSMKoSrVN+2XaWa5bfPlBBk=","carabid","CARGOR","Carabus goryi","species",,"Dejean",,1,"Ciegler, J. C. 2000. Ground beetles and wrinkled bark beetles of South Carolina (Coleoptera: Geadephaga: Carabidae and Rhysodidae). Biota of South Carolina. Vol. 1. Clemson, S. Clemson University.","wYCqaZcA+7tKZqVSOMaNBCcRKvQIOBzP","wYCqaZcA+7tKZqVSOMaNBCcRKvQIOBzP",
"d336cad3-4fbd-4d7f-a786-ec14d9b330ee","SERC_009.basePlot.bet","D02","SERC","SERC_009","N","2015-04-21","2015-05-05","2015-05-06","2015-05-21",,"SERC_009.N.20150505","tTNfz4yHzdkwSEnQtNH8bYkwB17FEbQZR8xMvzLU9fI=","invert bycatch",,,,,,,,,,"wYCqaZcA+7tKZqVSOMaNBCcRKvQIOBzP",
"67b11c38-56c9-4203-9482-32c333adfba7","SERC_007.basePlot.bet","D02","SERC","SERC_007","N","2015-04-21","2015-05-05","2015-05-06","2015-05-21",,"SERC_007.N.20150505","VuceAg7yVyd8iwrZjSXXrZvwCk1gVxsIt+VQmKy4f3A=","invert bycatch",,,,,,,,,,"wYCqaZcA+7tKZqVSOMaNBCcRKvQIOBzP",
"aba583be-dd60-43ab-9194-23a66eebdfed","SERC_007.basePlot.bet","D02","SERC","SERC_007","N","2015-04-21","2015-05-05","2015-05-06","2015-05-21","2015-05-21","SERC_007.N.20150505","VuceAg7yVyd8iwrZjSXXrZFEgpx00aM5CeeBDiLBO8o=","carabid","SCASUB2","Scarites subterraneus","species",,"Fabricius",,1,"Other","wYCqaZcA+7tKZqVSOMaNBCcRKvQIOBzP","wYCqaZcA+7tKZqVSOMaNBCcRKvQIOBzP",
"37e8e05f-2aee-4521-96cb-7a07b380bcfa","SERC_007.basePlot.bet","D02","SERC","SERC_007","N","2015-04-21","2015-05-05","2015-05-06","2015-05-21","2015-10-29","SERC_007.N.20150505","VuceAg7yVyd8iwrZjSXXrYItnb8Fcvixgn3jFqsGsoU=","carabid","AMAAEN1","Amara aenea","species",,"DeGeer",,5,"Bousquet, Y. 2010b. Illustrated Identification Guide to Adults and Larvae of Northeastern North American Ground Beetles (Coleoptera: Carabidae). 1st Ed. Pensoft Publishers, Sofia, Bulgaria.","wYCqaZcA+7tKZqVSOMaNBCcRKvQIOBzP","wYCqaZcA+7tKZqVSOMaNBCcRKvQIOBzP",
"4a992b5b-966e-4f81-9cce-8d3c45d23ab0","SERC_003.basePlot.bet","D02","SERC","SERC_003","N","2015-04-21","2015-05-05","2015-05-06","2015-05-21","2015-05-21","SERC_003.N.20150505","CC7oYVgiCpCG6sExBGzz/HsB3WDcwUtF/W7xeqRHGPA=","carabid","SCASUB2","Scarites subterraneus","species",,"Fabricius",,1,"Other","wYCqaZcA+7tKZqVSOMaNBCcRKvQIOBzP","wYCqaZcA+7tKZqVSOMaNBCcRKvQIOBzP",
"5b9c501c-3b90-430c-a7ae-2f1f386b68d3","SERC_007.basePlot.bet","D02","SERC","SERC_007","S","2015-04-21","2015-05-05","2015-05-06","2015-05-21",,"SERC_007.S.20150505","VuceAg7yVycbihe2x8O8rDP7BWPVv5anxC5r67rPyqU=","invert bycatch",,,,,,,,,,"wYCqaZcA+7tKZqVSOMaNBCcRKvQIOBzP",
"cdc7b25e-26ac-4dc6-9cf9-dd3a7fe8f4cb","SERC_007.basePlot.bet","D02","SERC","SERC_007","S","2015-04-21","2015-05-05","2015-05-06","2015-05-21","2015-09-14","SERC_007.S.20150505","VuceAg7yVycbihe2x8O8rMnurIfPu5O0AysIyS7Wwy8=","carabid","ELAINC","Elaphropus incurvus","species",,"Say",,1,"Bousquet, Y. 2010b. Illustrated Identification Guide to Adults and Larvae of Northeastern North American Ground Beetles (Coleoptera: Carabidae). 1st Ed. Pensoft Publishers, Sofia, Bulgaria.","wYCqaZcA+7tKZqVSOMaNBCcRKvQIOBzP","wYCqaZcA+7tKZqVSOMaNBCcRKvQIOBzP",
"ed7c96f1-3314-4ed3-80d2-75f29acb5273","SERC_007.basePlot.bet","D02","SERC","SERC_007","S","2015-04-21","2015-05-05","2015-05-06","2015-05-21","2015-05-21","SERC_007.S.20150505","VuceAg7yVycbihe2x8O8rCfIHfsWmz4MuQHrG7MqAfs=","carabid","AMPSER","Amphasia sericea","species",,"T.Harris",,3,"Ciegler, J. C. 2000. Ground beetles and wrinkled bark beetles of South Carolina (Coleoptera: Geadephaga: Carabidae and Rhysodidae). Biota of South Carolina. Vol. 1. Clemson, S. Clemson University.","wYCqaZcA+7tKZqVSOMaNBCcRKvQIOBzP","wYCqaZcA+7tKZqVSOMaNBCcRKvQIOBzP",
"d7ed8c8a-b219-4559-8053-8e04432f4dfa","SERC_007.basePlot.bet","D02","SERC","SERC_007","S","2015-04-21","2015-05-05","2015-05-06","2015-05-21","2015-05-21","SERC_007.S.20150505","VuceAg7yVycbihe2x8O8rJ2ac7mQ/X9+rmmMS14AAC8=","carabid","AGOOCT","Agonum octopunctatum","species",,"Fabricius",,4,"Ciegler, J. C. 2000. Ground beetles and wrinkled bark beetles of South Carolina (Coleoptera: Geadephaga: Carabidae and Rhysodidae). Biota of South Carolina. Vol. 1. Clemson, S. Clemson University.","wYCqaZcA+7tKZqVSOMaNBCcRKvQIOBzP","wYCqaZcA+7tKZqVSOMaNBCcRKvQIOBzP",
"990d4da2-5828-4722-9e63-a471b7c06d77","SERC_007.basePlot.bet","D02","SERC","SERC_007","S","2015-04-21","2015-05-05","2015-05-06","2015-05-21","2015-05-21","SERC_007.S.20150505","VuceAg7yVycbihe2x8O8rOQHAD/khLfmJg9DSXt/Cc8=","carabid","AGOPUN","Agonum punctiforme","species",,"Say",,1,"Ciegler, J. C. 2000. Ground beetles and wrinkled bark beetles of South Carolina (Coleoptera: Geadephaga: Carabidae and Rhysodidae). Biota of South Carolina. Vol. 1. Clemson, S. Clemson University.","wYCqaZcA+7tKZqVSOMaNBCcRKvQIOBzP","wYCqaZcA+7tKZqVSOMaNBCcRKvQIOBzP",
"f1ecc6f5-70bd-449a-b29d-647728b26b91","SERC_007.basePlot.bet","D02","SERC","SERC_007","S","2015-04-21","2015-05-05","2015-05-06","2015-05-21","2015-05-21","SERC_007.S.20150505","VuceAg7yVycbihe2x8O8rA3RIj5i7W3Nom/XqT7u/v4=","carabid","SCASUB2","Scarites subterraneus","species",,"Fabricius",,2,"Other","wYCqaZcA+7tKZqVSOMaNBCcRKvQIOBzP","wYCqaZcA+7tKZqVSOMaNBCcRKvQIOBzP",
"cd431680-e9c1-4a5c-abfd-cca77f8d13f9","SERC_007.basePlot.bet","D02","SERC","SERC_007","S","2015-04-21","2015-05-05","2015-05-06","2015-05-21","2015-05-21","SERC_007.S.20150505","VuceAg7yVycbihe2x8O8rHNnpN5LrONq6EtN/ChLces=","carabid","POECHA","Poecilus chalcites","species",,"Say",,5,"Ciegler, J. C. 2000. Ground beetles and wrinkled bark beetles of South Carolina (Coleoptera: Geadephaga: Carabidae and Rhysodidae). Biota of South Carolina. Vol. 1. Clemson, S. Clemson University.","wYCqaZcA+7tKZqVSOMaNBCcRKvQIOBzP","wYCqaZcA+7tKZqVSOMaNBCcRKvQIOBzP",
"a6572a23-00ea-4226-850b-4fe09fe924bb","SERC_007.basePlot.bet","D02","SERC","SERC_007","S","2015-04-21","2015-05-05","2015-05-06","2015-05-21","2015-10-29","SERC_007.S.20150505","VuceAg7yVycbihe2x8O8rGidFi1pmdg0rdQvKgwgr18=","carabid","AMAAEN1","Amara aenea","species",,"DeGeer",,5,"Bousquet, Y. 2010b. Illustrated Identification Guide to Adults and Larvae of Northeastern North American Ground Beetles (Coleoptera: Carabidae). 1st Ed. Pensoft Publishers, Sofia, Bulgaria.","wYCqaZcA+7tKZqVSOMaNBCcRKvQIOBzP","wYCqaZcA+7tKZqVSOMaNBCcRKvQIOBzP",
"8953f1d1-a309-44ad-bb8e-9ebd53a1b2c0","SERC_007.basePlot.bet","D02","SERC","SERC_007","S","2015-04-21","2015-05-05","2015-05-06","2015-05-21","2015-09-14","SERC_007.S.20150505","VuceAg7yVycbihe2x8O8rPGHiPpx9YoG9n/0cGsHNBk=","carabid","ELAXAN","Elaphropus xanthopus","species",,"Dejean",,2,"Bousquet, Y. 2010b. Illustrated Identification Guide to Adults and Larvae of Northeastern North American Ground Beetles (Coleoptera: Carabidae). 1st Ed. Pensoft Publishers, Sofia, Bulgaria.","wYCqaZcA+7tKZqVSOMaNBCcRKvQIOBzP","wYCqaZcA+7tKZqVSOMaNBCcRKvQIOBzP",
"1dd6ee20-ef36-4692-b6af-34b181303c96","SERC_003.basePlot.bet","D02","SERC","SERC_003","S","2015-04-21","2015-05-05","2015-05-06","2015-05-21","2015-05-21","SERC_003.S.20150505","CC7oYVgiCpCbybsEGlEH1lYvH7+lWogG7rkoVI2KbWY=","carabid","AGOTHO1","Agonoleptus thoracicus","species",,"Casey",,1,"Bousquet, Y., and P. W. Messer. 2010. Redescription of Stenolophus thoracicus Casey (Coleoptera, Carabidae, Harpalini), a valid species. ZooKeys 53:25-31.","wYCqaZcA+7tKZqVSOMaNBCcRKvQIOBzP","wYCqaZcA+7tKZqVSOMaNBCcRKvQIOBzP",
"c11f7779-607d-49e0-8667-16978d1c6252","SERC_015.basePlot.bet","D02","SERC","SERC_015","S","2015-05-05","2015-05-19","2015-05-20","2015-06-26",,"SERC_015.S.20150519","oRHnGosYO5OVlOfh6UoAvocQxH6eALv3S1iCwat5tsQ=","invert bycatch",,,,,,,,,,"wYCqaZcA+7slXlj5N/mM6vobrh4QDptp",
"2827e143-1d36-46cc-badb-8f1cf2042f13","SERC_021.basePlot.bet","D02","SERC","SERC_021","S","2015-05-05","2015-05-19","2015-05-20","2015-06-26",,"SERC_021.S.20150519","abrvHFi/546vIGfJHdKpbzXFKT1mhPp+NeG16zhFwn0=","invert bycatch",,,,,,,,,,"wYCqaZcA+7slXlj5N/mM6vobrh4QDptp",
"b6ed5f94-d5f5-4f5f-b73f-ce95affbc204","SERC_016.basePlot.bet","D02","SERC","SERC_016","S","2015-05-05","2015-05-19","2015-05-20","2015-06-26","2015-06-26","SERC_016.S.20150519","YVGGTAS4Nw/QDCDcWJyuGftlDddJ/bBqb6tJpGAlz1g=","carabid","DICFUR2","Dicaelus furvus furvus","subspecies",,"Dejean",,2,"Ciegler, J. C. 2000. Ground beetles and wrinkled bark beetles of South Carolina (Coleoptera: Geadephaga: Carabidae and Rhysodidae). Biota of South Carolina. Vol. 1. Clemson, S. Clemson University.","wYCqaZcA+7slXlj5N/mM6vobrh4QDptp","wYCqaZcA+7slXlj5N/mM6vobrh4QDptp",
"60e7a78f-c6b2-4ee6-989d-8f8ab19b7d17","SERC_007.basePlot.bet","D02","SERC","SERC_007","S","2015-05-05","2015-05-19","2015-05-20","2015-07-06","2015-07-06","SERC_007.S.20150519","VuceAg7yVycbihe2x8O8rD/Dqi1M6Pgeysk60ORHyuk=","carabid","AMPSER","Amphasia sericea","species",,"T.Harris",,1,"Ciegler, J. C. 2000. Ground beetles and wrinkled bark beetles of South Carolina (Coleoptera: Geadephaga: Carabidae and Rhysodidae). Biota of South Carolina. Vol. 1. Clemson, S. Clemson University.","wYCqaZcA+7slXlj5N/mM6vobrh4QDptp","wYCqaZcA+7slXlj5N/mM6vobrh4QDptp",
"c016e606-003d-4d38-9b5e-f54b927ed82d","SERC_010.basePlot.bet","D02","SERC","SERC_010","S","2015-05-05","2015-05-19","2015-05-20","2015-06-26","2015-06-26","SERC_010.S.20150519","zJWEWmQZoMNAenyerOxLOLUXgI5T44O7mbijijE58P8=","carabid","CHLAES","Chlaenius aestivus","species",,"Say",,4,"Ciegler, J. C. 2000. Ground beetles and wrinkled bark beetles of South Carolina (Coleoptera: Geadephaga: Carabidae and Rhysodidae). Biota of South Carolina. Vol. 1. Clemson, S. Clemson University.","vEBCcEQSSh8r9pJtyJMpi8WPWOrf6mR2","vEBCcEQSSh8r9pJtyJMpi8WPWOrf6mR2",
"c15fe8fe-62c0-4734-b51f-d65a30c6ecc7","SERC_009.basePlot.bet","D02","SERC","SERC_009","S","2015-05-05","2015-05-19","2015-05-20","2015-07-06","2015-07-06","SERC_009.S.20150519","tTNfz4yHzdmJFQIid5wgzraFHKE4urwZ6MZfl6SNadQ=","carabid","GALBIC","Galerita bicolor","species",,"Drury",,1,"Ciegler, J. C. 2000. Ground beetles and wrinkled bark beetles of South Carolina (Coleoptera: Geadephaga: Carabidae and Rhysodidae). Biota of South Carolina. Vol. 1. Clemson, S. Clemson University.","wYCqaZcA+7slXlj5N/mM6vobrh4QDptp","wYCqaZcA+7slXlj5N/mM6vobrh4QDptp",
"611398bd-bdd6-40ab-a12b-0bac264d8e92","SERC_001.basePlot.bet","D02","SERC","SERC_001","S","2015-05-05","2015-05-19","2015-05-20","2015-07-06",,"SERC_001.S.20150519","UaGVcrvVzDMTNP1CPcl/g2lNh7gVEOXmtLd9tDCUQG4=","invert bycatch",,,,,,,,,,"wYCqaZcA+7slXlj5N/mM6vobrh4QDptp",
"845c876f-1a6e-485f-b2f6-1898787894e0","SERC_021.basePlot.bet","D02","SERC","SERC_021","S","2015-05-05","2015-05-19","2015-05-20","2015-06-26","2015-07-14","SERC_021.S.20150519","abrvHFi/546vIGfJHdKpbzRyMtwLdhIvv1fsEHVPAaA=","carabid","POLLAE","Polyderis laeva","species",,"Say",,1,"Ciegler, J. C. 2000. Ground beetles and wrinkled bark beetles of South Carolina (Coleoptera: Geadephaga: Carabidae and Rhysodidae). Biota of South Carolina. Vol. 1. Clemson, S. Clemson University.","wYCqaZcA+7slXlj5N/mM6vobrh4QDptp","wYCqaZcA+7slXlj5N/mM6vobrh4QDptp",
"70fcc9bc-9de9-4d47-bf36-bbd49412b7fc","SERC_016.basePlot.bet","D02","SERC","SERC_016","S","2015-05-05","2015-05-19","2015-05-20","2015-06-26",,"SERC_016.S.20150519","YVGGTAS4Nw/QDCDcWJyuGXRFt/90fiQ401mirTQt/4o=","invert bycatch",,,,,,,,,,"wYCqaZcA+7slXlj5N/mM6vobrh4QDptp",
"aa5cd542-9f64-46a4-ab58-6333836f9bb5","SERC_016.basePlot.bet","D02","SERC","SERC_016","S","2015-05-05","2015-05-19","2015-05-20","2015-06-26","2015-06-26","SERC_016.S.20150519","YVGGTAS4Nw/QDCDcWJyuGfCFfwtsw+ZLW/aI0ipTBnU=","carabid","CHLAES","Chlaenius aestivus","species",,"Say",,1,"Ciegler, J. C. 2000. Ground beetles and wrinkled bark beetles of South Carolina (Coleoptera: Geadephaga: Carabidae and Rhysodidae). Biota of South Carolina. Vol. 1. Clemson, S. Clemson University.","fhqXNoOkfxgxeumX3nh8hiKzTnt5lZ8Br3PaGAyV7lk=","fhqXNoOkfxgxeumX3nh8hiKzTnt5lZ8Br3PaGAyV7lk=",
"aa1ff55a-fa88-4936-883c-a8cbe3238494","SERC_015.basePlot.bet","D02","SERC","SERC_015","S","2015-05-05","2015-05-19","2015-05-20","2015-06-26",,"SERC_015.S.20150519","oRHnGosYO5OVlOfh6UoAvocQxH6eALv3CD+6JUNEJ4Y=","invert bycatch",,,,,,,,,,"wYCqaZcA+7slXlj5N/mM6vobrh4QDptp",
"ae08cf0b-4b45-46fe-95b3-eca66b2dea5e","SERC_015.basePlot.bet","D02","SERC","SERC_015","S","2015-05-05","2015-05-19","2015-05-20","2015-06-26","2015-06-26","SERC_015.S.20150519","oRHnGosYO5OVlOfh6UoAvnyN0C6D9vux6FneW6oox7U=","carabid","CHLAES","Chlaenius aestivus","species",,"Say",,1,"Ciegler, J. C. 2000. Ground beetles and wrinkled bark beetles of South Carolina (Coleoptera: Geadephaga: Carabidae and Rhysodidae). Biota of South Carolina. Vol. 1. Clemson, S. Clemson University.","vEBCcEQSSh8r9pJtyJMpi8WPWOrf6mR2","vEBCcEQSSh8r9pJtyJMpi8WPWOrf6mR2",
"cdb02661-416f-4031-8348-f817cd6c9add","SERC_021.basePlot.bet","D02","SERC","SERC_021","S","2015-05-05","2015-05-19","2015-05-20","2015-06-26","2015-06-26","SERC_021.S.20150519","abrvHFi/546vIGfJHdKpb1wNr70BK2TfCgoqmo8KVHc=","carabid","CHLAES","Chlaenius aestivus","species",,"Say",,15,"Ciegler, J. C. 2000. Ground beetles and wrinkled bark beetles of South Carolina (Coleoptera: Geadephaga: Carabidae and Rhysodidae). Biota of South Carolina. Vol. 1. Clemson, S. Clemson University.","wYCqaZcA+7slXlj5N/mM6vobrh4QDptp","wYCqaZcA+7slXlj5N/mM6vobrh4QDptp",
"12604817-84c7-4a51-8e81-eff8da0be5c2","SERC_015.basePlot.bet","D02","SERC","SERC_015","S","2015-05-05","2015-05-19","2015-05-20","2015-06-26",,"SERC_015.S.20150519","oRHnGosYO5OVlOfh6UoAvocQxH6eALv3e+RgyoJ1tmM=","invert bycatch",,,,,,,,,,"wYCqaZcA+7slXlj5N/mM6vobrh4QDptp",
"06c9740d-af26-4c77-8d25-bb8f555ea38e","SERC_010.basePlot.bet","D02","SERC","SERC_010","S","2015-05-05","2015-05-19","2015-05-20","2015-06-26",,"SERC_010.S.20150519","zJWEWmQZoMNAenyerOxLONikpYZ0jWQgtJ1PrqlW7ac=","invert bycatch",,,,,,,,,,"wYCqaZcA+7slXlj5N/mM6vobrh4QDptp",
"a3609948-d4f0-4fd5-8214-36c8a2b8330f","SERC_001.basePlot.bet","D02","SERC","SERC_001","S","2015-05-05","2015-05-19","2015-05-20","2015-07-06","2015-07-06","SERC_001.S.20150519","UaGVcrvVzDMTNP1CPcl/gwGGVD0SXQlaOjnRBE/W2d0=","carabid","CHLAES","Chlaenius aestivus","species",,"Say",,4,"Ciegler, J. C. 2000. Ground beetles and wrinkled bark beetles of South Carolina (Coleoptera: Geadephaga: Carabidae and Rhysodidae). Biota of South Carolina. Vol. 1. Clemson, S. Clemson University.","wYCqaZcA+7slXlj5N/mM6vobrh4QDptp","wYCqaZcA+7slXlj5N/mM6vobrh4QDptp",
"6cdaa7e5-83ff-4db7-8161-da6d6b88f469","SERC_002.basePlot.bet","D02","SERC","SERC_002","S","2015-05-05","2015-05-19","2015-05-20","2015-07-06",,"SERC_002.S.20150519","YcnMnCZo63lkDrP/fuO0Gctv0xX6AYZRPURMMTVhgnw=","invert bycatch",,,,,,,,,,"wYCqaZcA+7slXlj5N/mM6vobrh4QDptp",
"9a43b98a-20b6-4c85-9cd7-66fe2d086dd9","SERC_006.basePlot.bet","D02","SERC","SERC_006","S","2015-05-05","2015-05-19","2015-05-20","2015-06-26",,"SERC_006.S.20150519","ulDxSdgiTKIzGwTPWdjoLJjtLW15WYpuqw2g5kfz16U=","invert bycatch",,,,,,,,,,"wYCqaZcA+7slXlj5N/mM6vobrh4QDptp",
"4277437f-4acc-4cd7-9f11-6cbe524595d8","SERC_006.basePlot.bet","D02","SERC","SERC_006","S","2015-05-05","2015-05-19","2015-05-20","2015-06-26",,"SERC_006.S.20150519","ulDxSdgiTKIzGwTPWdjoLJjtLW15WYpuJfZvcB6X/y4=","invert bycatch",,,,,,,,,,"wYCqaZcA+7slXlj5N/mM6vobrh4QDptp",
"80022793-30d4-4035-bd98-396e8482dbd7","SERC_007.basePlot.bet","D02","SERC","SERC_007","S","2015-05-05","2015-05-19","2015-05-20","2015-07-06","2015-10-29","SERC_007.S.20150519","VuceAg7yVycbihe2x8O8rGvJ52wTbg3c5UGT6H3Iqus=","carabid","AMAAEN1","Amara aenea","species",,"DeGeer",,5,"Bousquet, Y. 2010b. Illustrated Identification Guide to Adults and Larvae of Northeastern North American Ground Beetles (Coleoptera: Carabidae). 1st Ed. Pensoft Publishers, Sofia, Bulgaria.","wYCqaZcA+7slXlj5N/mM6vobrh4QDptp","wYCqaZcA+7slXlj5N/mM6vobrh4QDptp",
"bee03f26-a14e-4ece-ad5e-01225f869625","SERC_009.basePlot.bet","D02","SERC","SERC_009","S","2015-05-05","2015-05-19","2015-05-20","2015-07-06","2015-07-06","SERC_009.S.20150519","tTNfz4yHzdmJFQIid5wgzsJpLXzE2rXBQ6dm+dawVf0=","carabid","CHLAES","Chlaenius aestivus","species",,"Say",,2,"Ciegler, J. C. 2000. Ground beetles and wrinkled bark beetles of South Carolina (Coleoptera: Geadephaga: Carabidae and Rhysodidae). Biota of South Carolina. Vol. 1. Clemson, S. Clemson University.","js8EmhB6nU2nUc5Aq2qCkTa4Dr9pZigk","js8EmhB6nU2nUc5Aq2qCkTa4Dr9pZigk",
"9e0dc4c7-ae33-4663-b4e8-5b1593eede98","SERC_009.basePlot.bet","D02","SERC","SERC_009","S","2015-05-05","2015-05-19","2015-05-20","2015-07-06",,"SERC_009.S.20150519","tTNfz4yHzdmJFQIid5wgzuv3tJCh4VcofLDgw39v3Ic=","invert bycatch",,,,,,,,,,"wYCqaZcA+7slXlj5N/mM6vobrh4QDptp",
"8944ec2b-33d5-41dd-b659-b60101ab64f4","SERC_003.basePlot.bet","D02","SERC","SERC_003","S","2015-05-05","2015-05-19","2015-05-20","2015-06-26",,"SERC_003.S.20150519","CC7oYVgiCpCbybsEGlEH1is0xVpVrl2Vf2cHpl/PN98=","invert bycatch",,,,,,,,,,"wYCqaZcA+7slXlj5N/mM6vobrh4QDptp",
"81d5c68e-c5a8-4244-81b3-44d9fa5078b4","SERC_007.basePlot.bet","D02","SERC","SERC_007","S","2015-05-05","2015-05-19","2015-05-20","2015-07-06","2015-07-06","SERC_007.S.20150519","VuceAg7yVycbihe2x8O8rEnY71o7dkYyj7hjjDxP1ao=","carabid","AGOOCT","Agonum octopunctatum","species",,"Fabricius",,1,"Ciegler, J. C. 2000. Ground beetles and wrinkled bark beetles of South Carolina (Coleoptera: Geadephaga: Carabidae and Rhysodidae). Biota of South Carolina. Vol. 1. Clemson, S. Clemson University.","wYCqaZcA+7slXlj5N/mM6vobrh4QDptp","wYCqaZcA+7slXlj5N/mM6vobrh4QDptp",
"410f3bfa-82d8-4418-8656-cadda4968b29","SERC_007.basePlot.bet","D02","SERC","SERC_007","S","2015-05-05","2015-05-19","2015-05-20","2015-07-06","2015-09-14","SERC_007.S.20150519","VuceAg7yVycbihe2x8O8rOGfq8HFObuEnMwpp7lHBd8=","carabid","ELAINC","Elaphropus incurvus","species",,"Say",,1,"Bousquet, Y. 2010b. Illustrated Identification Guide to Adults and Larvae of Northeastern North American Ground Beetles (Coleoptera: Carabidae). 1st Ed. Pensoft Publishers, Sofia, Bulgaria.","wYCqaZcA+7slXlj5N/mM6vobrh4QDptp","wYCqaZcA+7slXlj5N/mM6vobrh4QDptp",
"dc43b125-d7ff-4e37-b6ac-95eaf6d2ba05","SERC_007.basePlot.bet","D02","SERC","SERC_007","S","2015-05-05","2015-05-19","2015-05-20","2015-07-06",,"SERC_007.S.20150519","VuceAg7yVycbihe2x8O8rFQezn3O1uqxrvcowWXts/A=","invert bycatch",,,,,,,,,,"wYCqaZcA+7slXlj5N/mM6vobrh4QDptp",
"c933cdbb-06ff-42b3-8d57-3a22505bbe50","SERC_007.basePlot.bet","D02","SERC","SERC_007","S","2015-05-05","2015-05-19","2015-05-20","2015-07-06","2015-07-06","SERC_007.S.20150519","VuceAg7yVycbihe2x8O8rDXwzgf7BK/QovDB3jnM0B4=","carabid","POECHA","Poecilus chalcites","species",,"Say",,8,"Ciegler, J. C. 2000. Ground beetles and wrinkled bark beetles of South Carolina (Coleoptera: Geadephaga: Carabidae and Rhysodidae). Biota of South Carolina. Vol. 1. Clemson, S. Clemson University.","wYCqaZcA+7slXlj5N/mM6vobrh4QDptp","wYCqaZcA+7slXlj5N/mM6vobrh4QDptp",
"5709d787-2374-4489-9669-fe9990738eaa","SERC_016.basePlot.bet","D02","SERC","SERC_016","W","2015-05-05","2015-05-19","2015-05-20","2015-06-26",,"SERC_016.W.20150519","YVGGTAS4Nw9LB+ZV7esb36lmc4PbO9bv/y2dGzR5KdI=","invert bycatch",,,,,,,,,,"wYCqaZcA+7slXlj5N/mM6vobrh4QDptp",
"d35f82b3-45fe-442c-bd4d-6070bb17d597","SERC_021.basePlot.bet","D02","SERC","SERC_021","W","2015-05-05","2015-05-19","2015-05-20","2015-06-26","2015-06-26","SERC_021.W.20150519","abrvHFi/544imcyfF+kn4k/WFjq4LXFQyl9mYAcSGSg=","carabid","DICFUR2","Dicaelus furvus furvus","subspecies",,"Dejean",,1,"Ciegler, J. C. 2000. Ground beetles and wrinkled bark beetles of South Carolina (Coleoptera: Geadephaga: Carabidae and Rhysodidae). Biota of South Carolina. Vol. 1. Clemson, S. Clemson University.","wYCqaZcA+7slXlj5N/mM6vobrh4QDptp","wYCqaZcA+7slXlj5N/mM6vobrh4QDptp",
"a445f2ca-9a6f-4ff3-9004-a3c24d323833","SERC_021.basePlot.bet","D02","SERC","SERC_021","W","2015-05-05","2015-05-19","2015-05-20","2015-06-26",,"SERC_021.W.20150519","abrvHFi/544imcyfF+kn4uLS1MtzPkg6gJ5E2MfntDs=","invert bycatch",,,,,,,,,,"wYCqaZcA+7slXlj5N/mM6vobrh4QDptp",
"7ad23c2f-302e-4d07-b9ef-2b58cbffcf72","SERC_021.basePlot.bet","D02","SERC","SERC_021","W","2015-05-05","2015-05-19","2015-05-20","2015-06-26","2015-06-26","SERC_021.W.20150519","abrvHFi/544imcyfF+kn4r288y3rb1xoFQJ887Z1D8E=","carabid","CHLAES","Chlaenius aestivus","species",,"Say",,2,"Ciegler, J. C. 2000. Ground beetles and wrinkled bark beetles of South Carolina (Coleoptera: Geadephaga: Carabidae and Rhysodidae). Biota of South Carolina. Vol. 1. Clemson, S. Clemson University.","wYCqaZcA+7slXlj5N/mM6vobrh4QDptp","wYCqaZcA+7slXlj5N/mM6vobrh4QDptp",
"757efacd-bf05-429a-b1dd-70295af0547d","SERC_015.basePlot.bet","D02","SERC","SERC_015","W","2015-05-05","2015-05-19","2015-05-20","2015-06-26","2015-06-26","SERC_015.W.20150519","oRHnGosYO5NRgt2nTfYmTkCBYo2n9cEbeb25UEgUEJs=","carabid","CHLAES","Chlaenius aestivus","species",,"Say",,3,"Ciegler, J. C. 2000. Ground beetles and wrinkled bark beetles of South Carolina (Coleoptera: Geadephaga: Carabidae and Rhysodidae). Biota of South Carolina. Vol. 1. Clemson, S. Clemson University.","vEBCcEQSSh8r9pJtyJMpi8WPWOrf6mR2","vEBCcEQSSh8r9pJtyJMpi8WPWOrf6mR2",
"d889da6a-92ab-408c-b3d1-926786f8c1df","SERC_015.basePlot.bet","D02","SERC","SERC_015","W","2015-05-05","2015-05-19","2015-05-20","2015-06-26",,"SERC_015.W.20150519","oRHnGosYO5NRgt2nTfYmTjgxjHS835OjptGeSw2OLto=","invert bycatch",,,,,,,,,,"wYCqaZcA+7slXlj5N/mM6vobrh4QDptp",
"1b483a34-7a7c-4ce5-8f77-dac6398f60f0","SERC_015.basePlot.bet","D02","SERC","SERC_015","W","2015-05-05","2015-05-19","2015-05-20","2015-06-26","2015-06-26","SERC_015.W.20150519","oRHnGosYO5NRgt2nTfYmTu9lp/v+BYULpxoAxwOoo5k=","carabid","DICFUR2","Dicaelus furvus furvus","subspecies",,"Dejean",,1,"Ciegler, J. C. 2000. Ground beetles and wrinkled bark beetles of South Carolina (Coleoptera: Geadephaga: Carabidae and Rhysodidae). Biota of South Carolina. Vol. 1. Clemson, S. Clemson University.","wYCqaZcA+7slXlj5N/mM6vobrh4QDptp","wYCqaZcA+7slXlj5N/mM6vobrh4QDptp",
"e3ceb35f-e686-4910-80fc-74e3bbb56ace","SERC_015.basePlot.bet","D02","SERC","SERC_015","W","2015-05-05","2015-05-19","2015-05-20","2015-06-26",,"SERC_015.W.20150519","oRHnGosYO5NRgt2nTfYmTjgxjHS835OjI1Gxe6x9LZs=","invert bycatch",,,,,,,,,,"wYCqaZcA+7slXlj5N/mM6vobrh4QDptp",
"efae62c8-6c07-4c7d-8c20-22eff3ec768b","SERC_015.basePlot.bet","D02","SERC","SERC_015","W","2015-05-05","2015-05-19","2015-05-20","2015-06-26",,"SERC_015.W.20150519","oRHnGosYO5NRgt2nTfYmTjgxjHS835OjRLB0HOz0MIE=","invert bycatch",,,,,,,,,,"wYCqaZcA+7slXlj5N/mM6vobrh4QDptp",
"f3d35484-7fca-4bfa-924b-f1dedc8f8a13","SERC_002.basePlot.bet","D02","SERC","SERC_002","W","2015-05-05","2015-05-19","2015-05-20","2015-07-06","2015-07-06","SERC_002.W.20150519","YcnMnCZo63lEMCEtrcXtsWMM3y8NyPDVHLy3+pwyCbQ=","carabid","CHLAES","Chlaenius aestivus","species",,"Say",,5,"Ciegler, J. C. 2000. Ground beetles and wrinkled bark beetles of South Carolina (Coleoptera: Geadephaga: Carabidae and Rhysodidae). Biota of South Carolina. Vol. 1. Clemson, S. Clemson University.","wYCqaZcA+7slXlj5N/mM6vobrh4QDptp","wYCqaZcA+7slXlj5N/mM6vobrh4QDptp",
"28742fda-597f-4dd0-b638-ab79d1ae395c","SERC_002.basePlot.bet","D02","SERC","SERC_002","W","2015-05-05","2015-05-19","2015-05-20","2015-07-06","2015-07-06","SERC_002.W.20150519","YcnMnCZo63lEMCEtrcXtsWT9W7hrtO0/pblcIcP6fnA=","carabid","BADNOT","Badister notatus","species",,"Haldeman",,1,"Ciegler, J. C. 2000. Ground beetles and wrinkled bark beetles of South Carolina (Coleoptera: Geadephaga: Carabidae and Rhysodidae). Biota of South Carolina. Vol. 1. Clemson, S. Clemson University.","wYCqaZcA+7slXlj5N/mM6vobrh4QDptp","wYCqaZcA+7slXlj5N/mM6vobrh4QDptp",
"d825cf6f-3e59-4605-9269-5c9e1357e552","SERC_002.basePlot.bet","D02","SERC","SERC_002","W","2015-05-05","2015-05-19","2015-05-20","2015-07-06",,"SERC_002.W.20150519","YcnMnCZo63lEMCEtrcXtsXzuhHguWSglM2mjM1IjeO8=","invert bycatch",,,,,,,,,,"wYCqaZcA+7slXlj5N/mM6vobrh4QDptp",
"94f12cc8-4957-4595-b6a1-ef7f511b3004","SERC_006.basePlot.bet","D02","SERC","SERC_006","W","2015-05-05","2015-05-19","2015-05-20","2015-06-26",,"SERC_006.W.20150519","ulDxSdgiTKLdBAsavAcEZZnqBFZILfTBwFpknRWKBDc=","invert bycatch",,,,,,,,,,"wYCqaZcA+7slXlj5N/mM6vobrh4QDptp",
"67ed17af-51a7-4765-9158-5d1fe182303e","SERC_006.basePlot.bet","D02","SERC","SERC_006","W","2015-05-05","2015-05-19","2015-05-20","2015-06-26",,"SERC_006.W.20150519","ulDxSdgiTKLdBAsavAcEZZnqBFZILfTBDSxs+qaLSaY=","invert bycatch",,,,,,,,,,"wYCqaZcA+7slXlj5N/mM6vobrh4QDptp",
"bcc61a79-e340-4c24-8677-36d936c2a499","SERC_006.basePlot.bet","D02","SERC","SERC_006","W","2015-05-05","2015-05-19","2015-05-20","2015-06-26","2015-06-26","SERC_006.W.20150519","ulDxSdgiTKLdBAsavAcEZXKlYGxumT/A4wqh/E58BLU=","carabid","SCASUB2","Scarites subterraneus","species",,"Fabricius",,1,"Other","wYCqaZcA+7slXlj5N/mM6vobrh4QDptp","wYCqaZcA+7slXlj5N/mM6vobrh4QDptp",
"712e871e-b58d-41eb-bf6f-2beb48145568","SERC_001.basePlot.bet","D02","SERC","SERC_001","W","2015-05-05","2015-05-19","2015-05-20","2015-07-06","2015-10-28","SERC_001.W.20150519","UaGVcrvVzDOutGB3sFAIcfnpgNKc25q5LKypRBZNxAo=","carabid","ANINIG1","Anisodactylus nigerrimus","species",,"Dejean",,1,"Bousquet, Y. 2010b. Illustrated Identification Guide to Adults and Larvae of Northeastern North American Ground Beetles (Coleoptera: Carabidae). 1st Ed. Pensoft Publishers, Sofia, Bulgaria.","wYCqaZcA+7slXlj5N/mM6vobrh4QDptp","wYCqaZcA+7slXlj5N/mM6vobrh4QDptp",
"7abacf72-5f75-47f9-9962-bafcefd99214","SERC_006.basePlot.bet","D02","SERC","SERC_006","W","2015-05-05","2015-05-19","2015-05-20","2015-06-26","2015-06-26","SERC_006.W.20150519","ulDxSdgiTKLdBAsavAcEZco+kHqZgAaALOWeQjOcy14=","carabid","CHLAES","Chlaenius aestivus","species",,"Say",,1,"Ciegler, J. C. 2000. Ground beetles and wrinkled bark beetles of South Carolina (Coleoptera: Geadephaga: Carabidae and Rhysodidae). Biota of South Carolina. Vol. 1. Clemson, S. Clemson University.","fhqXNoOkfxgxeumX3nh8hiKzTnt5lZ8Br3PaGAyV7lk=","fhqXNoOkfxgxeumX3nh8hiKzTnt5lZ8Br3PaGAyV7lk=",
"ae46be8f-6df2-44a3-b9c8-26d5880838f5","SERC_001.basePlot.bet","D02","SERC","SERC_001","W","2015-05-05","2015-05-19","2015-05-20","2015-07-06",,"SERC_001.W.20150519","UaGVcrvVzDOutGB3sFAIcQX1Gd7nEzuqzNzVtIexjNw=","invert bycatch",,,,,,,,,,"wYCqaZcA+7slXlj5N/mM6vobrh4QDptp",
"cfcc6dd0-b31c-46f1-9a7d-714291295e4e","SERC_001.basePlot.bet","D02","SERC","SERC_001","W","2015-05-05","2015-05-19","2015-05-20","2015-07-06","2015-07-06","SERC_001.W.20150519","UaGVcrvVzDOutGB3sFAIcZrvweg/eu0IDQG73tyE6vY=","carabid","CHLAES","Chlaenius aestivus","species",,"Say",,3,"Ciegler, J. C. 2000. Ground beetles and wrinkled bark beetles of South Carolina (Coleoptera: Geadephaga: Carabidae and Rhysodidae). Biota of South Carolina. Vol. 1. Clemson, S. Clemson University.","wYCqaZcA+7slXlj5N/mM6vobrh4QDptp","wYCqaZcA+7slXlj5N/mM6vobrh4QDptp",
"94ed518b-eebe-47f7-8a3d-1fc57d26278a","SERC_010.basePlot.bet","D02","SERC","SERC_010","W","2015-05-05","2015-05-19","2015-05-20","2015-06-26","2015-06-26","SERC_010.W.20150519","zJWEWmQZoMPpaU7oGDbswXI7rexeZp2a1ooLsnuxKag=","carabid","CHLAES","Chlaenius aestivus","species",,"Say",,9,"Ciegler, J. C. 2000. Ground beetles and wrinkled bark beetles of South Carolina (Coleoptera: Geadephaga: Carabidae and Rhysodidae). Biota of South Carolina. Vol. 1. Clemson, S. Clemson University.","vEBCcEQSSh8r9pJtyJMpi8WPWOrf6mR2","vEBCcEQSSh8r9pJtyJMpi8WPWOrf6mR2",
"b77f5d8a-1139-48eb-81bf-f36904d9bfe3","SERC_010.basePlot.bet","D02","SERC","SERC_010","W","2015-05-05","2015-05-19","2015-05-20","2015-06-26","2015-06-26","SERC_010.W.20150519","zJWEWmQZoMPpaU7oGDbswac539JcNobnr+dad2Gf1dY=","carabid","DICDIL1","Dicaelus dilatatus dilatatus","subspecies",,"Say",,1,"Ciegler, J. C. 2000. Ground beetles and wrinkled bark beetles of South Carolina (Coleoptera: Geadephaga: Carabidae and Rhysodidae). Biota of South Carolina. Vol. 1. Clemson, S. Clemson University.","wYCqaZcA+7slXlj5N/mM6vobrh4QDptp","wYCqaZcA+7slXlj5N/mM6vobrh4QDptp",
"1643817e-32f6-40c1-88ff-e3c08de95066","SERC_009.basePlot.bet","D02","SERC","SERC_009","W","2015-05-05","2015-05-19","2015-05-20","2015-07-06","2015-07-06","SERC_009.W.20150519","tTNfz4yHzdkOCKlCL4y8mt/+fMD5mlK1/5ZJGIU9+qk=","carabid","CHLAES","Chlaenius aestivus","species",,"Say",,2,"Ciegler, J. C. 2000. Ground beetles and wrinkled bark beetles of South Carolina (Coleoptera: Geadephaga: Carabidae and Rhysodidae). Biota of South Carolina. Vol. 1. Clemson, S. Clemson University.","js8EmhB6nU2nUc5Aq2qCkTa4Dr9pZigk","js8EmhB6nU2nUc5Aq2qCkTa4Dr9pZigk",
"77506f87-a0e3-43d8-9900-e335bb2f5606","SERC_010.basePlot.bet","D02","SERC","SERC_010","W","2015-05-05","2015-05-19","2015-05-20","2015-06-26",,"SERC_010.W.20150519","zJWEWmQZoMPpaU7oGDbswSafcllRaxjll6hAh5TMOyM=","invert bycatch",,,,,,,,,,"wYCqaZcA+7slXlj5N/mM6vobrh4QDptp",
"a38e8d52-fbb6-42e3-8578-e0d4e39bc4bc","SERC_007.basePlot.bet","D02","SERC","SERC_007","W","2015-05-05","2015-05-19","2015-05-20","2015-07-06","2015-07-06","SERC_007.W.20150519","VuceAg7yVycN8DaQWzDzg96LEHlMiR9KOXQQ2on7Y4Y=","carabid","ELAINC","Elaphropus incurvus","species",,"Say",,3,"Bousquet, Y. 2010b. Illustrated Identification Guide to Adults and Larvae of Northeastern North American Ground Beetles (Coleoptera: Carabidae). 1st Ed. Pensoft Publishers, Sofia, Bulgaria.","wYCqaZcA+7slXlj5N/mM6vobrh4QDptp","wYCqaZcA+7slXlj5N/mM6vobrh4QDptp",
"c7c913ba-3e21-4337-9dfd-9eaec6fbbc0b","SERC_007.basePlot.bet","D02","SERC","SERC_007","W","2015-05-05","2015-05-19","2015-05-20","2015-07-06","2015-10-29","SERC_007.W.20150519","VuceAg7yVycN8DaQWzDzg0zoNnAZEOD95YOUSyfjp/Q=","carabid","AMAAEN1","Amara aenea","species",,"DeGeer",,3,"Bousquet, Y. 2010b. Illustrated Identification Guide to Adults and Larvae of Northeastern North American Ground Beetles (Coleoptera: Carabidae). 1st Ed. Pensoft Publishers, Sofia, Bulgaria.","wYCqaZcA+7slXlj5N/mM6vobrh4QDptp","wYCqaZcA+7slXlj5N/mM6vobrh4QDptp",
"4b964cbe-bdbe-48c8-ac11-5ceae9064d4e","SERC_007.basePlot.bet","D02","SERC","SERC_007","W","2015-05-05","2015-05-19","2015-05-20","2015-07-06","2015-07-06","SERC_007.W.20150519","VuceAg7yVycN8DaQWzDzgxyDO1F3N92VH7TUvlLHF9s=","carabid","SCASUB2","Scarites subterraneus","species",,"Fabricius",,3,"Other","wYCqaZcA+7slXlj5N/mM6vobrh4QDptp","wYCqaZcA+7slXlj5N/mM6vobrh4QDptp",
"a71e0d8f-6206-456d-abd8-a152f0980b7b","SERC_007.basePlot.bet","D02","SERC","SERC_007","W","2015-05-05","2015-05-19","2015-05-20","2015-07-06",,"SERC_007.W.20150519","VuceAg7yVycN8DaQWzDzg9e2k7blTUmgKwY9QAj8zS4=","invert bycatch",,,,,,,,,,"wYCqaZcA+7slXlj5N/mM6vobrh4QDptp",
"1c719dd1-d473-4901-8ed1-3a1f0cf78d1e","SERC_007.basePlot.bet","D02","SERC","SERC_007","W","2015-05-05","2015-05-19","2015-05-20","2015-07-06","2015-10-29","SERC_007.W.20150519","VuceAg7yVycN8DaQWzDzgzkTrxdJJ4Ztd/pF7KIr+Vc=","carabid","AMAIMP","Amara impuncticollis","species",,"Say",,1,"Bousquet, Y. 2010b. Illustrated Identification Guide to Adults and Larvae of Northeastern North American Ground Beetles (Coleoptera: Carabidae). 1st Ed. Pensoft Publishers, Sofia, Bulgaria.","wYCqaZcA+7slXlj5N/mM6vobrh4QDptp","wYCqaZcA+7slXlj5N/mM6vobrh4QDptp",
"8746ab8f-7f28-4f20-9c59-afdb16204ebc","SERC_007.basePlot.bet","D02","SERC","SERC_007","W","2015-05-05","2015-05-19","2015-05-20","2015-07-06","2015-07-06","SERC_007.W.20150519","VuceAg7yVycN8DaQWzDzg+gqP0Z3mHwNLRxU66hMea8=","carabid","POECHA","Poecilus chalcites","species",,"Say",,16,"Ciegler, J. C. 2000. Ground beetles and wrinkled bark beetles of South Carolina (Coleoptera: Geadephaga: Carabidae and Rhysodidae). Biota of South Carolina. Vol. 1. Clemson, S. Clemson University.","wYCqaZcA+7slXlj5N/mM6vobrh4QDptp","wYCqaZcA+7slXlj5N/mM6vobrh4QDptp",
"694fa88b-5fd0-43c0-9a09-499f800b3bd8","SERC_016.basePlot.bet","D02","SERC","SERC_016","W","2015-05-05","2015-05-19","2015-05-20","2015-06-26","2015-06-26","SERC_016.W.20150519","YVGGTAS4Nw9LB+ZV7esb376rnUfv4p6IHQZCJfhpyMQ=","carabid","CHLAES","Chlaenius aestivus","species",,"Say",,3,"Ciegler, J. C. 2000. Ground beetles and wrinkled bark beetles of South Carolina (Coleoptera: Geadephaga: Carabidae and Rhysodidae). Biota of South Carolina. Vol. 1. Clemson, S. Clemson University.","fhqXNoOkfxgxeumX3nh8hiKzTnt5lZ8Br3PaGAyV7lk=","fhqXNoOkfxgxeumX3nh8hiKzTnt5lZ8Br3PaGAyV7lk=",
"eaa82351-a97c-448b-a5a0-c2f9bb990947","SERC_007.basePlot.bet","D02","SERC","SERC_007","W","2015-05-05","2015-05-19","2015-05-20","2015-07-06","2015-10-28","SERC_007.W.20150519","VuceAg7yVycN8DaQWzDzg+QSsjsOAMP9lL+uIHZw3Oc=","carabid","ANIRUS","Anisodactylus rusticus","species",,"Say",,1,"Noonan, G. R. 1973. The Anisodactylines (Insecta: Coleoptera: Carabidae: Harpalini): classification, evolution and zoogeography. Quaestiones Entomologicae 9:266-480.","wYCqaZcA+7slXlj5N/mM6vobrh4QDptp","wYCqaZcA+7slXlj5N/mM6vobrh4QDptp",
"4254d002-151e-436b-85d0-767c9ef72a77","SERC_009.basePlot.bet","D02","SERC","SERC_009","W","2015-05-05","2015-05-19","2015-05-20","2015-07-06",,"SERC_009.W.20150519","tTNfz4yHzdkOCKlCL4y8mrEE1C67gaJSZE3J4Z+g+tY=","invert bycatch",,,,,,,,,,"wYCqaZcA+7slXlj5N/mM6vobrh4QDptp",
"6e2fe598-2e87-4f72-9cf1-62b0a18af0fd","SERC_003.basePlot.bet","D02","SERC","SERC_003","W","2015-05-05","2015-05-19","2015-05-20","2015-06-26",,"SERC_003.W.20150519","CC7oYVgiCpAMTHWtAUJFjhbNWOyo2FVgMo+3WSFs4D0=","invert bycatch",,,,,,,,,,"wYCqaZcA+7slXlj5N/mM6vobrh4QDptp",
"e30d7c04-4fd9-4d93-b34f-b4724ed919af","SERC_021.basePlot.bet","D02","SERC","SERC_021","E","2015-05-05","2015-05-19","2015-05-20","2015-06-26","2015-06-26","SERC_021.E.20150519","abrvHFi/544rIYvVrnVG5rkhYl+2JlDdcmYG2xmDLvs=","carabid","PTESTY","Pterostichus stygicus","species",,"Say",,2,"Bousquet, Y. 2010b. Illustrated Identification Guide to Adults and Larvae of Northeastern North American Ground Beetles (Coleoptera: Carabidae). 1st Ed. Pensoft Publishers, Sofia, Bulgaria.","wYCqaZcA+7slXlj5N/mM6vobrh4QDptp","wYCqaZcA+7slXlj5N/mM6vobrh4QDptp",
"bb29743d-8953-4749-a68c-a76fb9f93b82","SERC_007.basePlot.bet","D02","SERC","SERC_007","E","2015-05-05","2015-05-19","2015-05-20","2015-07-06","2015-07-06","SERC_007.E.20150519","VuceAg7yVydSuT/FC6hzou1TBpaiqs3uqWQqjD8ZS7E=","carabid","POECHA","Poecilus chalcites","species",,"Say",,4,"Ciegler, J. C. 2000. Ground beetles and wrinkled bark beetles of South Carolina (Coleoptera: Geadephaga: Carabidae and Rhysodidae). Biota of South Carolina. Vol. 1. Clemson, S. Clemson University.","wYCqaZcA+7slXlj5N/mM6vobrh4QDptp","wYCqaZcA+7slXlj5N/mM6vobrh4QDptp",
"4284cfe2-8c06-4e6e-b02c-75ddc03e2d2c","SERC_021.basePlot.bet","D02","SERC","SERC_021","E","2015-05-05","2015-05-19","2015-05-20","2015-06-26","2015-06-26","SERC_021.E.20150519","abrvHFi/544rIYvVrnVG5pg9X1NlbrH1dCLlEfUjEXs=","carabid","GALBIC","Galerita bicolor","species",,"Drury",,1,"Ciegler, J. C. 2000. Ground beetles and wrinkled bark beetles of South Carolina (Coleoptera: Geadephaga: Carabidae and Rhysodidae). Biota of South Carolina. Vol. 1. Clemson, S. Clemson University.","wYCqaZcA+7slXlj5N/mM6vobrh4QDptp","wYCqaZcA+7slXlj5N/mM6vobrh4QDptp",
"7c3500c1-b604-460a-9cae-22425886972a","SERC_021.basePlot.bet","D02","SERC","SERC_021","E","2015-05-05","2015-05-19","2015-05-20","2015-06-26","2015-06-26","SERC_021.E.20150519","abrvHFi/544rIYvVrnVG5olCKIhlYTn1P1IOPAjRqfM=","carabid","CHLAES","Chlaenius aestivus","species",,"Say",,15,"Ciegler, J. C. 2000. Ground beetles and wrinkled bark beetles of South Carolina (Coleoptera: Geadephaga: Carabidae and Rhysodidae). Biota of South Carolina. Vol. 1. Clemson, S. Clemson University.","wYCqaZcA+7slXlj5N/mM6vobrh4QDptp","wYCqaZcA+7slXlj5N/mM6vobrh4QDptp",
"4a756d6a-82e4-484f-8769-f5d8914de45e","SERC_016.basePlot.bet","D02","SERC","SERC_016","E","2015-05-05","2015-05-19","2015-05-20","2015-06-26",,"SERC_016.E.20150519","YVGGTAS4Nw9I7wcGu/Kj87RInUQcx1LB8gRNMfmybDg=","invert bycatch",,,,,,,,,,"wYCqaZcA+7slXlj5N/mM6vobrh4QDptp",
"368483fc-6c10-40dc-9166-05b8197a7627","SERC_003.basePlot.bet","D02","SERC","SERC_003","E","2015-05-05","2015-05-19","2015-05-20","2015-06-26","2015-06-26","SERC_003.E.20150519","CC7oYVgiCpATUy6WPFyiJnk64sf2/H8k/smUMax4FS8=","carabid","CICSEX","Cicindela sexguttata","species",,"Fabricius",,1,"Ciegler, J. C. 2000. Ground beetles and wrinkled bark beetles of South Carolina (Coleoptera: Geadephaga: Carabidae and Rhysodidae). Biota of South Carolina. Vol. 1. Clemson, S. Clemson University.","wYCqaZcA+7slXlj5N/mM6vobrh4QDptp","wYCqaZcA+7slXlj5N/mM6vobrh4QDptp",
"68037fa0-772c-4935-b1ec-8929497b43a2","SERC_007.basePlot.bet","D02","SERC","SERC_007","E","2015-05-05","2015-05-19","2015-05-20","2015-07-06","2015-07-06","SERC_007.E.20150519","VuceAg7yVydSuT/FC6hzoj95nEqMmvk2QkN8f8OBBzg=","carabid","SCASUB2","Scarites subterraneus","species",,"Fabricius",,5,"Other","wYCqaZcA+7slXlj5N/mM6vobrh4QDptp","wYCqaZcA+7slXlj5N/mM6vobrh4QDptp",
"0fcf780d-3d86-4aec-8e89-82c985bdbb8e","SERC_007.basePlot.bet","D02","SERC","SERC_007","E","2015-05-05","2015-05-19","2015-05-20","2015-07-06",,"SERC_007.E.20150519","VuceAg7yVydSuT/FC6hzorK/6gPZ2A5oaSMeSipok0Y=","invert bycatch",,,,,,,,,,"wYCqaZcA+7slXlj5N/mM6vobrh4QDptp",
"464b2a45-06d9-4e2d-93bf-5c7461b13a7f","SERC_001.basePlot.bet","D02","SERC","SERC_001","E","2015-05-05","2015-05-19","2015-05-20","2015-07-06","2015-07-06","SERC_001.E.20150519","UaGVcrvVzDNwkOl+brc1rGfPGzmKp7WrnTvY8pa6vqI=","carabid","CARSP14","Carabidae sp.","family",,"Latreille","D02.2015.MorphA",1,"Other","wYCqaZcA+7slXlj5N/mM6vobrh4QDptp","wYCqaZcA+7slXlj5N/mM6vobrh4QDptp","Pterostichus subgenus Abacidus. Doesn't key to any described species- prosternal process margined, ultimate tarsomeres glabrous, pronotal margin distinct to base, aedeagus simple."
"1438f0d1-225f-4ea1-83f8-45472e9edb76","SERC_010.basePlot.bet","D02","SERC","SERC_010","E","2015-05-05","2015-05-19","2015-05-20","2015-06-26","2015-06-26","SERC_010.E.20150519","zJWEWmQZoMNVr+IzuVmAIjp1tGRM3ADwWapYyKzeYpQ=","carabid","CHLAES","Chlaenius aestivus","species",,"Say",,6,"Ciegler, J. C. 2000. Ground beetles and wrinkled bark beetles of South Carolina (Coleoptera: Geadephaga: Carabidae and Rhysodidae). Biota of South Carolina. Vol. 1. Clemson, S. Clemson University.","vEBCcEQSSh8r9pJtyJMpi8WPWOrf6mR2","vEBCcEQSSh8r9pJtyJMpi8WPWOrf6mR2",
"48a243b7-50ad-475c-9c3c-974b4663f120","SERC_010.basePlot.bet","D02","SERC","SERC_010","E","2015-05-05","2015-05-19","2015-05-20","2015-06-26",,"SERC_010.E.20150519","zJWEWmQZoMNVr+IzuVmAItEkd93S0IkNqF+0ZSBVM70=","invert bycatch",,,,,,,,,,"wYCqaZcA+7slXlj5N/mM6vobrh4QDptp",
"475061ad-86e6-495d-9604-b7680d42164e","SERC_009.basePlot.bet","D02","SERC","SERC_009","E","2015-05-05","2015-05-19","2015-05-20","2015-07-06",,"SERC_009.E.20150519","tTNfz4yHzdlGJ3KeWgihN3eae2mB49twDak41VqXRu8=","invert bycatch",,,,,,,,,,"wYCqaZcA+7slXlj5N/mM6vobrh4QDptp",
"ebfc8ac1-8cbe-4797-8463-e00bb904f65c","SERC_003.basePlot.bet","D02","SERC","SERC_003","E","2015-05-05","2015-05-19","2015-05-20","2015-06-26",,"SERC_003.E.20150519","CC7oYVgiCpATUy6WPFyiJjZFLXl5Z1pQJoSQh9Mk1lU=","invert bycatch",,,,,,,,,,"wYCqaZcA+7slXlj5N/mM6vobrh4QDptp",
"6cd39794-b739-49c0-aa97-362e65bf932e","SERC_006.basePlot.bet","D02","SERC","SERC_006","E","2015-05-05","2015-05-19","2015-05-20","2015-06-26","2015-06-26","SERC_006.E.20150519","ulDxSdgiTKKsykPM3MpMLFwsqa6xNppziesmqf0Yc9U=","carabid","CHLAES","Chlaenius aestivus","species",,"Say",,15,"Ciegler, J. C. 2000. Ground beetles and wrinkled bark beetles of South Carolina (Coleoptera: Geadephaga: Carabidae and Rhysodidae). Biota of South Carolina. Vol. 1. Clemson, S. Clemson University.","fhqXNoOkfxgxeumX3nh8hiKzTnt5lZ8Br3PaGAyV7lk=","fhqXNoOkfxgxeumX3nh8hiKzTnt5lZ8Br3PaGAyV7lk=",
"0a55b7c0-28fa-4ba7-8b13-f0004b59912f","SERC_006.basePlot.bet","D02","SERC","SERC_006","E","2015-05-05","2015-05-19","2015-05-20","2015-06-26",,"SERC_006.E.20150519","ulDxSdgiTKKsykPM3MpMLCaR62SNQpoQpz+Axcei3og=","invert bycatch",,,,,,,,,,"wYCqaZcA+7slXlj5N/mM6vobrh4QDptp",
"292aba73-6ccf-482e-ab5f-c15b9428ace7","SERC_006.basePlot.bet","D02","SERC","SERC_006","E","2015-05-05","2015-05-19","2015-05-20","2015-06-26",,"SERC_006.E.20150519","ulDxSdgiTKKsykPM3MpMLCaR62SNQpoQqFQqaJGrbMc=","invert bycatch",,,,,,,,,,"wYCqaZcA+7slXlj5N/mM6vobrh4QDptp",
"75d71563-62c7-4270-b9df-445d4f20bdbf","SERC_006.basePlot.bet","D02","SERC","SERC_006","E","2015-05-05","2015-05-19","2015-05-20","2015-06-26","2015-06-26","SERC_006.E.20150519","ulDxSdgiTKKsykPM3MpMLPgiu5YiXIehfEexO7f1VEQ=","carabid","DICAMB","Dicaelus ambiguus","species",,"LaFerte-Senectere",,1,"Ciegler, J. C. 2000. Ground beetles and wrinkled bark beetles of South Carolina (Coleoptera: Geadephaga: Carabidae and Rhysodidae). Biota of South Carolina. Vol. 1. Clemson, S. Clemson University.","wYCqaZcA+7slXlj5N/mM6vobrh4QDptp","wYCqaZcA+7slXlj5N/mM6vobrh4QDptp",
"21fe3afc-96a1-4421-8d30-92bac2f2d704","SERC_001.basePlot.bet","D02","SERC","SERC_001","E","2015-05-05","2015-05-19","2015-05-20","2015-07-06",,"SERC_001.E.20150519","UaGVcrvVzDNwkOl+brc1rLzndua6Dj/DgTbYwlOhJ+4=","invert bycatch",,,,,,,,,,"wYCqaZcA+7slXlj5N/mM6vobrh4QDptp",
"e57951f8-40c5-4292-8314-35adc7040efe","SERC_015.basePlot.bet","D02","SERC","SERC_015","E","2015-05-05","2015-05-19","2015-05-20","2015-06-26",,"SERC_015.E.20150519","oRHnGosYO5NZrKCHiCE5r3Skk8lQ0TAitG2qbEmMNiQ=","invert bycatch",,,,,,,,,,"wYCqaZcA+7slXlj5N/mM6vobrh4QDptp",
"5026a94c-5e62-42e0-ac05-d4cfb0a40579","SERC_015.basePlot.bet","D02","SERC","SERC_015","E","2015-05-05","2015-05-19","2015-05-20","2015-06-26","2015-06-26","SERC_015.E.20150519","oRHnGosYO5NZrKCHiCE5r1V8juVzd3jKL+lYD/GTTKQ=","carabid","CHLAES","Chlaenius aestivus","species",,"Say",,9,"Ciegler, J. C. 2000. Ground beetles and wrinkled bark beetles of South Carolina (Coleoptera: Geadephaga: Carabidae and Rhysodidae). Biota of South Carolina. Vol. 1. Clemson, S. Clemson University.","vEBCcEQSSh8r9pJtyJMpi8WPWOrf6mR2","vEBCcEQSSh8r9pJtyJMpi8WPWOrf6mR2",
"da2d3c9a-425a-4ffb-8770-f9770394ca98","SERC_015.basePlot.bet","D02","SERC","SERC_015","E","2015-05-05","2015-05-19","2015-05-20","2015-06-26",,"SERC_015.E.20150519","oRHnGosYO5NZrKCHiCE5r3Skk8lQ0TAibiELyHGIxb8=","invert bycatch",,,,,,,,,,"wYCqaZcA+7slXlj5N/mM6vobrh4QDptp",
"1d17b0c4-f5c1-4814-8821-d8a0bdd67f2d","SERC_002.basePlot.bet","D02","SERC","SERC_002","E","2015-05-05","2015-05-19","2015-05-20","2015-07-06","2015-07-06","SERC_002.E.20150519","YcnMnCZo63n4X9d+wTtLlLb5CnSwleGJG0G9dAq/aXk=","carabid","CHLAES","Chlaenius aestivus","species",,"Say",,2,"Ciegler, J. C. 2000. Ground beetles and wrinkled bark beetles of South Carolina (Coleoptera: Geadephaga: Carabidae and Rhysodidae). Biota of South Carolina. Vol. 1. Clemson, S. Clemson University.","wYCqaZcA+7slXlj5N/mM6vobrh4QDptp","wYCqaZcA+7slXlj5N/mM6vobrh4QDptp",
"0733005b-9fb6-4bfe-9186-9b680dbe3b43","SERC_002.basePlot.bet","D02","SERC","SERC_002","E","2015-05-05","2015-05-19","2015-05-20","2015-07-06",,"SERC_002.E.20150519","YcnMnCZo63n4X9d+wTtLlE0RYAWsjc6iCNp31uuGNAA=","invert bycatch",,,,,,,,,,"wYCqaZcA+7slXlj5N/mM6vobrh4QDptp",
"e4f5c1e5-012f-403c-b853-9a1593cd3eb9","SERC_015.basePlot.bet","D02","SERC","SERC_015","E","2015-05-05","2015-05-19","2015-05-20","2015-06-26","2015-06-26","SERC_015.E.20150519","oRHnGosYO5NZrKCHiCE5rw485uJ9VM5pXveJKxkYF0M=","carabid","PTESTY","Pterostichus stygicus","species",,"Say",,1,"Bousquet, Y. 2010b. Illustrated Identification Guide to Adults and Larvae of Northeastern North American Ground Beetles (Coleoptera: Carabidae). 1st Ed. Pensoft Publishers, Sofia, Bulgaria.","wYCqaZcA+7slXlj5N/mM6vobrh4QDptp","wYCqaZcA+7slXlj5N/mM6vobrh4QDptp",
"b588c61c-f119-4ed6-86f3-e06c70d5e017","SERC_015.basePlot.bet","D02","SERC","SERC_015","E","2015-05-05","2015-05-19","2015-05-20","2015-06-26",,"SERC_015.E.20150519","oRHnGosYO5NZrKCHiCE5r3Skk8lQ0TAiWvQzeOm8h6Y=","invert bycatch",,,,,,,,,,"wYCqaZcA+7slXlj5N/mM6vobrh4QDptp",
"2db1bcc4-89a4-4fae-a39f-0bb41f3cbf11","SERC_021.basePlot.bet","D02","SERC","SERC_021","E","2015-05-05","2015-05-19","2015-05-20","2015-06-26",,"SERC_021.E.20150519","abrvHFi/544rIYvVrnVG5tIiD2EPooIkS0UipqMmpo8=","invert bycatch",,,,,,,,,,"wYCqaZcA+7slXlj5N/mM6vobrh4QDptp",
"9eec1a7c-2f90-4fce-8645-35d7da38c823","SERC_021.basePlot.bet","D02","SERC","SERC_021","E","2015-05-05","2015-05-19","2015-05-20","2015-06-26","2015-06-26","SERC_021.E.20150519","abrvHFi/544rIYvVrnVG5ichHrH/8mLA1eUxGkJEk8w=","carabid","CARGOR","Carabus goryi","species",,"Dejean",,2,"Ciegler, J. C. 2000. Ground beetles and wrinkled bark beetles of South Carolina (Coleoptera: Geadephaga: Carabidae and Rhysodidae). Biota of South Carolina. Vol. 1. Clemson, S. Clemson University.","wYCqaZcA+7slXlj5N/mM6vobrh4QDptp","wYCqaZcA+7slXlj5N/mM6vobrh4QDptp",
"46d6b118-c677-49e9-a116-8d60c16381b5","SERC_021.basePlot.bet","D02","SERC","SERC_021","E","2015-05-05","2015-05-19","2015-05-20","2015-06-26","2015-06-26","SERC_021.E.20150519","abrvHFi/544rIYvVrnVG5jOp+P3fvF+9j6auNA9c8N8=","carabid","NOTAEN","Notiophilus aeneus","species",,"Herbst",,1,"Bousquet, Y. 2010b. Illustrated Identification Guide to Adults and Larvae of Northeastern North American Ground Beetles (Coleoptera: Carabidae). 1st Ed. Pensoft Publishers, Sofia, Bulgaria.","wYCqaZcA+7slXlj5N/mM6vobrh4QDptp","wYCqaZcA+7slXlj5N/mM6vobrh4QDptp",
"e5940365-20be-44cd-a85a-1a4c1e8ecd4b","SERC_016.basePlot.bet","D02","SERC","SERC_016","E","2015-05-05","2015-05-19","2015-05-20","2015-06-26","2015-06-26","SERC_016.E.20150519","YVGGTAS4Nw9I7wcGu/Kj86xvGJ8XjcFcOpbVAhg9AOU=","carabid","CHLAES","Chlaenius aestivus","species",,"Say",,9,"Ciegler, J. C. 2000. Ground beetles and wrinkled bark beetles of South Carolina (Coleoptera: Geadephaga: Carabidae and Rhysodidae). Biota of South Carolina. Vol. 1. Clemson, S. Clemson University.","fhqXNoOkfxgxeumX3nh8hiKzTnt5lZ8Br3PaGAyV7lk=","fhqXNoOkfxgxeumX3nh8hiKzTnt5lZ8Br3PaGAyV7lk=",
"8031dad6-88a2-40e6-bc87-b0421ff4e5af","SERC_016.basePlot.bet","D02","SERC","SERC_016","E","2015-05-05","2015-05-19","2015-05-20","2015-06-26","2015-06-26","SERC_016.E.20150519","YVGGTAS4Nw9I7wcGu/Kj81N2u2ZNMVYxAEjLyhIj/LM=","carabid","CARVIN","Carabus vinctus","species",,"Weber",,1,"Ciegler, J. C. 2000. Ground beetles and wrinkled bark beetles of South Carolina (Coleoptera: Geadephaga: Carabidae and Rhysodidae). Biota of South Carolina. Vol. 1. Clemson, S. Clemson University.","wYCqaZcA+7slXlj5N/mM6vobrh4QDptp","wYCqaZcA+7slXlj5N/mM6vobrh4QDptp",
"3b61c521-b367-4bd5-984d-ec4a5966cf7a","SERC_016.basePlot.bet","D02","SERC","SERC_016","N","2015-05-05","2015-05-19","2015-05-20","2015-06-26","2015-06-26","SERC_016.N.20150519","YVGGTAS4Nw9Xozif4tWpppTlhHRKY3nWUWg6B/I/fOs=","carabid","DICFUR2","Dicaelus furvus furvus","subspecies",,"Dejean",,1,"Ciegler, J. C. 2000. Ground beetles and wrinkled bark beetles of South Carolina (Coleoptera: Geadephaga: Carabidae and Rhysodidae). Biota of South Carolina. Vol. 1. Clemson, S. Clemson University.","wYCqaZcA+7slXlj5N/mM6vobrh4QDptp","wYCqaZcA+7slXlj5N/mM6vobrh4QDptp",
"00bbae3b-9f79-4d13-9c16-24e3f39db117","SERC_002.basePlot.bet","D02","SERC","SERC_002","N","2015-05-05","2015-05-19","2015-05-20","2015-07-06",,"SERC_002.N.20150519","YcnMnCZo63lrLwHfMM6HvYAPLjcAFHf4q+PToM7tn1M=","invert bycatch",,,,,,,,,,"wYCqaZcA+7slXlj5N/mM6vobrh4QDptp",
"5a15ed43-2acc-46d9-afe8-a8ef3865b609","SERC_002.basePlot.bet","D02","SERC","SERC_002","N","2015-05-05","2015-05-19","2015-05-20","2015-07-06","2015-07-06","SERC_002.N.20150519","YcnMnCZo63lrLwHfMM6HvXYyN06URK1bKUWMww7Aueg=","carabid","SCASUB2","Scarites subterraneus","species",,"Fabricius",,1,"Other","wYCqaZcA+7slXlj5N/mM6vobrh4QDptp","wYCqaZcA+7slXlj5N/mM6vobrh4QDptp",
"8a6a0626-3506-4c94-9e9a-ea64a523422b","SERC_015.basePlot.bet","D02","SERC","SERC_015","N","2015-05-05","2015-05-19","2015-05-20","2015-06-26",,"SERC_015.N.20150519","oRHnGosYO5NlS7xve2attrwDPgj72po3palBE16Qx4U=","invert bycatch",,,,,,,,,,"wYCqaZcA+7slXlj5N/mM6vobrh4QDptp",
"09e9d462-f899-4d0a-a004-11389b476d39","SERC_015.basePlot.bet","D02","SERC","SERC_015","N","2015-05-05","2015-05-19","2015-05-20","2015-06-26",,"SERC_015.N.20150519","oRHnGosYO5NlS7xve2attrwDPgj72po3j7MdRhyCp3c=","invert bycatch",,,,,,,,,,"wYCqaZcA+7slXlj5N/mM6vobrh4QDptp",
"3bf759b7-566f-4482-bb4a-d0a444caaa12","SERC_021.basePlot.bet","D02","SERC","SERC_021","N","2015-05-05","2015-05-19","2015-05-20","2015-06-26",,"SERC_021.N.20150519","abrvHFi/547quzRJ4XXPwBbkTmHrVR22SZx3OkqTqvM=","invert bycatch",,,,,,,,,,"wYCqaZcA+7slXlj5N/mM6vobrh4QDptp",
"a25f069c-6b92-4a95-b094-1011ec6571ae","SERC_007.basePlot.bet","D02","SERC","SERC_007","N","2015-05-05","2015-05-19","2015-05-20","2015-07-06","2015-07-06","SERC_007.N.20150519","VuceAg7yVyd8iwrZjSXXrQqNf6u2+AtSMSKm7WdSG8I=","carabid","SCASUB2","Scarites subterraneus","species",,"Fabricius",,5,"Other","wYCqaZcA+7slXlj5N/mM6vobrh4QDptp","wYCqaZcA+7slXlj5N/mM6vobrh4QDptp",
"52e6efd7-aee5-4337-bed8-8a24684d666f","SERC_003.basePlot.bet","D02","SERC","SERC_003","N","2015-05-05","2015-05-19","2015-05-20","2015-06-26","2015-06-26","SERC_003.N.20150519","CC7oYVgiCpCG6sExBGzz/Hv0TC3IZMp/JvJANV+mNzE=","carabid","CARVIN","Carabus vinctus","species",,"Weber",,2,"Ciegler, J. C. 2000. Ground beetles and wrinkled bark beetles of South Carolina (Coleoptera: Geadephaga: Carabidae and Rhysodidae). Biota of South Carolina. Vol. 1. Clemson, S. Clemson University.","wYCqaZcA+7slXlj5N/mM6vobrh4QDptp","wYCqaZcA+7slXlj5N/mM6vobrh4QDptp",
"c7425fee-cfd7-4688-941b-a86afa9ad391","SERC_010.basePlot.bet","D02","SERC","SERC_010","N","2015-05-05","2015-05-19","2015-05-20","2015-06-26","2015-06-26","SERC_010.N.20150519","zJWEWmQZoMOE5uQVqsDQWiNPfFWCabv1Gu6NwZ/FAaU=","carabid","CHLAES","Chlaenius aestivus","species",,"Say",,1,"Ciegler, J. C. 2000. Ground beetles and wrinkled bark beetles of South Carolina (Coleoptera: Geadephaga: Carabidae and Rhysodidae). Biota of South Carolina. Vol. 1. Clemson, S. Clemson University.","vEBCcEQSSh8r9pJtyJMpi8WPWOrf6mR2","vEBCcEQSSh8r9pJtyJMpi8WPWOrf6mR2",
"c2b445ca-cc6d-4503-bbef-9c209e5cd018","SERC_006.basePlot.bet","D02","SERC","SERC_006","N","2015-05-05","2015-05-19","2015-05-20","2015-06-26",,"SERC_006.N.20150519","ulDxSdgiTKJShrRoRejxxkBaK3denzRMYIB4RC7FNnM=","invert bycatch",,,,,,,,,,"wYCqaZcA+7slXlj5N/mM6vobrh4QDptp",
"9322c291-112a-4ae7-a5df-2c340d5d03eb","SERC_007.basePlot.bet","D02","SERC","SERC_007","N","2015-05-05","2015-05-19","2015-05-20","2015-07-06","2015-07-06","SERC_007.N.20150519","VuceAg7yVyd8iwrZjSXXrTu0ykFqusaV1l3yKuium7Y=","carabid","TRIFUL","Trichotichnus fulgens","species",,"Csiki",,2,"Ciegler, J. C. 2000. Ground beetles and wrinkled bark beetles of South Carolina (Coleoptera: Geadephaga: Carabidae and Rhysodidae). Biota of South Carolina. Vol. 1. Clemson, S. Clemson University.","wYCqaZcA+7slXlj5N/mM6vobrh4QDptp","wYCqaZcA+7slXlj5N/mM6vobrh4QDptp",
"7ddd8ffb-c594-4d59-87e8-098b79741eb5","SERC_007.basePlot.bet","D02","SERC","SERC_007","N","2015-05-05","2015-05-19","2015-05-20","2015-07-06","2015-10-29","SERC_007.N.20150519","VuceAg7yVyd8iwrZjSXXrS6yJjaKmmUtHZx7wciA15Y=","carabid","AMAIMP","Amara impuncticollis","species",,"Say",,1,"Bousquet, Y. 2010b. Illustrated Identification Guide to Adults and Larvae of Northeastern North American Ground Beetles (Coleoptera: Carabidae). 1st Ed. Pensoft Publishers, Sofia, Bulgaria.","wYCqaZcA+7slXlj5N/mM6vobrh4QDptp","wYCqaZcA+7slXlj5N/mM6vobrh4QDptp",
"d6b8ae83-68da-4544-b1eb-84fa2b1537ed","SERC_007.basePlot.bet","D02","SERC","SERC_007","N","2015-05-05","2015-05-19","2015-05-20","2015-07-06","2015-07-06","SERC_007.N.20150519","VuceAg7yVyd8iwrZjSXXrVFYl6kwkK+kMoMC7enZsnE=","carabid","POECHA","Poecilus chalcites","species",,"Say",,1,"Ciegler, J. C. 2000. Ground beetles and wrinkled bark beetles of South Carolina (Coleoptera: Geadephaga: Carabidae and Rhysodidae). Biota of South Carolina. Vol. 1. Clemson, S. Clemson University.","wYCqaZcA+7slXlj5N/mM6vobrh4QDptp","wYCqaZcA+7slXlj5N/mM6vobrh4QDptp",
"e484595c-15a4-4fdb-b351-62bc04fe467a","SERC_007.basePlot.bet","D02","SERC","SERC_007","N","2015-05-05","2015-05-19","2015-05-20","2015-07-06",,"SERC_007.N.20150519","VuceAg7yVyd8iwrZjSXXrT2VvbmoRaEBVX34gCTSRz4=","invert bycatch",,,,,,,,,,"wYCqaZcA+7slXlj5N/mM6vobrh4QDptp",
"d603ae69-b538-453a-9f1d-142fd4cce5e8","SERC_003.basePlot.bet","D02","SERC","SERC_003","N","2015-05-05","2015-05-19","2015-05-20","2015-06-26",,"SERC_003.N.20150519","CC7oYVgiCpCG6sExBGzz/CLHfFMVaz13eaeokSd9slI=","invert bycatch",,,,,,,,,,"wYCqaZcA+7slXlj5N/mM6vobrh4QDptp",
"365bab0f-ed70-4c29-81e6-c36cd8a65b7a","SERC_009.basePlot.bet","D02","SERC","SERC_009","N","2015-05-05","2015-05-19","2015-05-20","2015-07-06","2015-07-06","SERC_009.N.20150519","tTNfz4yHzdkwSEnQtNH8bb7PPnbctVaSRi06h+60VC4=","carabid","CHLAES","Chlaenius aestivus","species",,"Say",,25,"Ciegler, J. C. 2000. Ground beetles and wrinkled bark beetles of South Carolina (Coleoptera: Geadephaga: Carabidae and Rhysodidae). Biota of South Carolina. Vol. 1. Clemson, S. Clemson University.","js8EmhB6nU2nUc5Aq2qCkTa4Dr9pZigk","js8EmhB6nU2nUc5Aq2qCkTa4Dr9pZigk",
"01d61877-7bb0-488f-b43f-63694a60fca6","SERC_009.basePlot.bet","D02","SERC","SERC_009","N","2015-05-05","2015-05-19","2015-05-20","2015-07-06",,"SERC_009.N.20150519","tTNfz4yHzdkwSEnQtNH8bTgTTN74eDgGOBRPy9f21Uo=","invert bycatch",,,,,,,,,,"wYCqaZcA+7slXlj5N/mM6vobrh4QDptp",
"02a98292-16aa-453a-8ef9-8f12ddee617a","SERC_010.basePlot.bet","D02","SERC","SERC_010","N","2015-05-05","2015-05-19","2015-05-20","2015-06-26",,"SERC_010.N.20150519","zJWEWmQZoMOE5uQVqsDQWs08E9LGb0OVHKQyitBEChc=","invert bycatch",,,,,,,,,,"wYCqaZcA+7slXlj5N/mM6vobrh4QDptp",
"5b5548e5-3d07-49c1-bd40-561c59360d04","SERC_009.basePlot.bet","D02","SERC","SERC_009","N","2015-05-05","2015-05-19","2015-05-20","2015-07-06","2015-07-06","SERC_009.N.20150519","tTNfz4yHzdkwSEnQtNH8bRWrDt+JIIuavRHbQshW9tk=","carabid","PTESTY","Pterostichus stygicus","species",,"Say",,1,"Bousquet, Y. 2010b. Illustrated Identification Guide to Adults and Larvae of Northeastern North American Ground Beetles (Coleoptera: Carabidae). 1st Ed. Pensoft Publishers, Sofia, Bulgaria.","wYCqaZcA+7slXlj5N/mM6vobrh4QDptp","wYCqaZcA+7slXlj5N/mM6vobrh4QDptp",
"5109220f-9c05-4ed9-8f1d-6527327717d4","SERC_001.basePlot.bet","D02","SERC","SERC_001","N","2015-05-05","2015-05-19","2015-05-20","2015-07-06","2015-07-06","SERC_001.N.20150519","UaGVcrvVzDP2WW+JNy3ovc7KPzwwmXtB8CdLMVlckw0=","carabid","CHLAES","Chlaenius aestivus","species",,"Say",,3,"Ciegler, J. C. 2000. Ground beetles and wrinkled bark beetles of South Carolina (Coleoptera: Geadephaga: Carabidae and Rhysodidae). Biota of South Carolina. Vol. 1. Clemson, S. Clemson University.","wYCqaZcA+7slXlj5N/mM6vobrh4QDptp","wYCqaZcA+7slXlj5N/mM6vobrh4QDptp",
"b14e72a1-bccb-4e63-abee-117a6c07286e","SERC_006.basePlot.bet","D02","SERC","SERC_006","N","2015-05-05","2015-05-19","2015-05-20","2015-06-26","2015-06-26","SERC_006.N.20150519","ulDxSdgiTKJShrRoRejxxiIzT+KaKuipOaMBLzwBYew=","carabid","CHLAES","Chlaenius aestivus","species",,"Say",,20,"Ciegler, J. C. 2000. Ground beetles and wrinkled bark beetles of South Carolina (Coleoptera: Geadephaga: Carabidae and Rhysodidae). Biota of South Carolina. Vol. 1. Clemson, S. Clemson University.","fhqXNoOkfxgxeumX3nh8hiKzTnt5lZ8Br3PaGAyV7lk=","fhqXNoOkfxgxeumX3nh8hiKzTnt5lZ8Br3PaGAyV7lk=",
"8f2a193c-2f70-42b7-bc21-3bd60457ca3d","SERC_006.basePlot.bet","D02","SERC","SERC_006","N","2015-05-05","2015-05-19","2015-05-20","2015-06-26","2015-06-26","SERC_006.N.20150519","ulDxSdgiTKJShrRoRejxxqMX/8CbI8zX+nEIeG8vtWE=","carabid","PTESTY","Pterostichus stygicus","species",,"Say",,1,"Bousquet, Y. 2010b. Illustrated Identification Guide to Adults and Larvae of Northeastern North American Ground Beetles (Coleoptera: Carabidae). 1st Ed. Pensoft Publishers, Sofia, Bulgaria.","wYCqaZcA+7slXlj5N/mM6vobrh4QDptp","wYCqaZcA+7slXlj5N/mM6vobrh4QDptp",
"e861103a-4f04-4622-9276-26da3cff1312","SERC_001.basePlot.bet","D02","SERC","SERC_001","N","2015-05-05","2015-05-19","2015-05-20","2015-07-06",,"SERC_001.N.20150519","UaGVcrvVzDP2WW+JNy3ovTlWVw/mQSh6rObJ1n9WjHs=","invert bycatch",,,,,,,,,,"wYCqaZcA+7slXlj5N/mM6vobrh4QDptp",
"832821f4-7c85-4852-ab4e-5bcba77d8479","SERC_002.basePlot.bet","D02","SERC","SERC_002","N","2015-05-05","2015-05-19","2015-05-20","2015-07-06","2015-07-06","SERC_002.N.20150519","YcnMnCZo63lrLwHfMM6Hvdq54rudvU7acVj+OpUs6y4=","carabid","DICDIL1","Dicaelus dilatatus dilatatus","subspecies",,"Say",,1,"Ciegler, J. C. 2000. Ground beetles and wrinkled bark beetles of South Carolina (Coleoptera: Geadephaga: Carabidae and Rhysodidae). Biota of South Carolina. Vol. 1. Clemson, S. Clemson University.","wYCqaZcA+7slXlj5N/mM6vobrh4QDptp","wYCqaZcA+7slXlj5N/mM6vobrh4QDptp",
"0457d64f-67c3-46be-b8fd-e606f4cd71f1","SERC_006.basePlot.bet","D02","SERC","SERC_006","N","2015-05-05","2015-05-19","2015-05-20","2015-06-26",,"SERC_006.N.20150519","ulDxSdgiTKJShrRoRejxxkBaK3denzRM4QG0rP6iDHA=","invert bycatch",,,,,,,,,,"wYCqaZcA+7slXlj5N/mM6vobrh4QDptp",
"dccc7927-9053-4c70-9ef2-78bac79bd457","SERC_002.basePlot.bet","D02","SERC","SERC_002","N","2015-05-05","2015-05-19","2015-05-20","2015-07-06","2015-07-06","SERC_002.N.20150519","YcnMnCZo63lrLwHfMM6Hvb/DIw6LPQ0pJ7TXtF5wRFA=","carabid","CHLAES","Chlaenius aestivus","species",,"Say",,1,"Ciegler, J. C. 2000. Ground beetles and wrinkled bark beetles of South Carolina (Coleoptera: Geadephaga: Carabidae and Rhysodidae). Biota of South Carolina. Vol. 1. Clemson, S. Clemson University.","wYCqaZcA+7slXlj5N/mM6vobrh4QDptp","wYCqaZcA+7slXlj5N/mM6vobrh4QDptp",
"6b9d8588-cd87-4f14-8a62-570edeb59287","SERC_021.basePlot.bet","D02","SERC","SERC_021","N","2015-05-05","2015-05-19","2015-05-20","2015-06-26","2015-06-26","SERC_021.N.20150519","abrvHFi/547quzRJ4XXPwGemrcxnI48pL+Oy1PkQs3Y=","carabid","CHLAES","Chlaenius aestivus","species",,"Say",,22,"Ciegler, J. C. 2000. Ground beetles and wrinkled bark beetles of South Carolina (Coleoptera: Geadephaga: Carabidae and Rhysodidae). Biota of South Carolina. Vol. 1. Clemson, S. Clemson University.","wYCqaZcA+7slXlj5N/mM6vobrh4QDptp","wYCqaZcA+7slXlj5N/mM6vobrh4QDptp",
"344e796d-7133-4134-b89e-4a91d79d23bf","SERC_015.basePlot.bet","D02","SERC","SERC_015","N","2015-05-05","2015-05-19","2015-05-20","2015-06-26",,"SERC_015.N.20150519","oRHnGosYO5NlS7xve2attrwDPgj72po3SvbqLrN+C0I=","invert bycatch",,,,,,,,,,"wYCqaZcA+7slXlj5N/mM6vobrh4QDptp",
"fa85af51-1a8b-4d45-bce0-6b5c90fa138d","SERC_021.basePlot.bet","D02","SERC","SERC_021","N","2015-05-05","2015-05-19","2015-05-20","2015-06-26","2015-06-26","SERC_021.N.20150519","abrvHFi/547quzRJ4XXPwFPbQ07UlkU+nJCAgB6KzZs=","carabid","PTESTY","Pterostichus stygicus","species",,"Say",,1,"Bousquet, Y. 2010b. Illustrated Identification Guide to Adults and Larvae of Northeastern North American Ground Beetles (Coleoptera: Carabidae). 1st Ed. Pensoft Publishers, Sofia, Bulgaria.","wYCqaZcA+7slXlj5N/mM6vobrh4QDptp","wYCqaZcA+7slXlj5N/mM6vobrh4QDptp",
"f2aa1b8b-6c39-49d2-a182-05841dd4a0df","SERC_021.basePlot.bet","D02","SERC","SERC_021","N","2015-05-05","2015-05-19","2015-05-20","2015-06-26","2015-06-26","SERC_021.N.20150519","abrvHFi/547quzRJ4XXPwGSMKkEVLE4isHQgGT3Sg8U=","carabid","DICAMB","Dicaelus ambiguus","species",,"LaFerte-Senectere",,1,"Ciegler, J. C. 2000. Ground beetles and wrinkled bark beetles of South Carolina (Coleoptera: Geadephaga: Carabidae and Rhysodidae). Biota of South Carolina. Vol. 1. Clemson, S. Clemson University.","wYCqaZcA+7slXlj5N/mM6vobrh4QDptp","wYCqaZcA+7slXlj5N/mM6vobrh4QDptp",
"30875197-41fc-451e-bbe0-4017d5ac4215","SERC_016.basePlot.bet","D02","SERC","SERC_016","N","2015-05-05","2015-05-19","2015-05-20","2015-06-26",,"SERC_016.N.20150519","YVGGTAS4Nw9Xozif4tWppgHThRZx9JYeFFdQMWBW1EQ=","invert bycatch",,,,,,,,,,"wYCqaZcA+7slXlj5N/mM6vobrh4QDptp",
"955269f0-644c-4955-b381-bcb4bc8c8d35","SERC_021.basePlot.bet","D02","SERC","SERC_021","N","2015-05-05","2015-05-19","2015-05-20","2015-06-26","2015-06-26","SERC_021.N.20150519","abrvHFi/547quzRJ4XXPwDcWQqrR1RT8QcULiRaT6Tw=","carabid","SCASUB2","Scarites subterraneus","species",,"Fabricius",,1,"Other","wYCqaZcA+7slXlj5N/mM6vobrh4QDptp","wYCqaZcA+7slXlj5N/mM6vobrh4QDptp",
"d2772afb-34a6-4891-a4ad-4d0d95698cce","SERC_016.basePlot.bet","D02","SERC","SERC_016","N","2015-05-05","2015-05-19","2015-05-20","2015-06-26","2015-06-26","SERC_016.N.20150519","YVGGTAS4Nw9Xozif4tWppoTHQCneaLYgp2ARCo2pijs=","carabid","CHLAES","Chlaenius aestivus","species",,"Say",,3,"Ciegler, J. C. 2000. Ground beetles and wrinkled bark beetles of South Carolina (Coleoptera: Geadephaga: Carabidae and Rhysodidae). Biota of South Carolina. Vol. 1. Clemson, S. Clemson University.","fhqXNoOkfxgxeumX3nh8hiKzTnt5lZ8Br3PaGAyV7lk=","fhqXNoOkfxgxeumX3nh8hiKzTnt5lZ8Br3PaGAyV7lk=",
"204273dc-0f00-4821-9c37-6fe0e7147979","SERC_002.basePlot.bet","D02","SERC","SERC_002","S","2015-05-05","2015-05-19","2015-05-20","2015-07-06","2015-07-06","SERC_002.S.20150519","YcnMnCZo63lkDrP/fuO0GSki/2feZJ6rR68fKZajLww=","carabid","CHLAES","Chlaenius aestivus","species",,"Say",,1,"Ciegler, J. C. 2000. Ground beetles and wrinkled bark beetles of South Carolina (Coleoptera: Geadephaga: Carabidae and Rhysodidae). Biota of South Carolina. Vol. 1. Clemson, S. Clemson University.","wYCqaZcA+7slXlj5N/mM6vobrh4QDptp","wYCqaZcA+7slXlj5N/mM6vobrh4QDptp",
