uid,namedLocation,domainID,siteID,plotID,trapID,setDate,collectDate,processingDate,identifiedDate,subsampleID,individualID,taxonID,scientificName,taxonRank,identificationQualifier,scientificNameAuthorship,morphospeciesID,identificationReferences,totalLength,identifiedBy,recordedBy,remarks
"49eb190c-7aa6-42de-9686-2c6046b89ae5","SERC_007.basePlot.bet","D02","SERC","SERC_007","W","2015-04-21","2015-05-05","2016-01-21","2015-10-29","VuceAg7yVycN8DaQWzDzgyAqozRoe06HZzIzYMFaXhU=","NEON.BET.D02.001690","AMAAEN1","Amara aenea","species",,"DeGeer",,"Bousquet, Y. 2010b. Illustrated Identification Guide to Adults and Larvae of Northeastern North American Ground Beetles (Coleoptera: Carabidae). 1st Ed. Pensoft Publishers, Sofia, Bulgaria.",,"wYCqaZcA+7slXlj5N/mM6vobrh4QDptp","esNjjubcI51hdInmRHEEIrFR4+oIJtuN",
"716b5779-7239-4e99-845f-8731ef0c440e","SERC_010.basePlot.bet","D02","SERC","SERC_010","W","2015-04-21","2015-05-05","2016-01-21","2015-05-21","zJWEWmQZoMPpaU7oGDbswSDK1RgPh1LjD98JLsGLbN0=","NEON.BET.D02.001712","CHLAES","Chlaenius aestivus","species",,"Say",,"Ciegler, J. C. 2000. Ground beetles and wrinkled bark beetles of South Carolina (Coleoptera: Geadephaga: Carabidae and Rhysodidae). Biota of South Carolina. Vol. 1. Clemson, S. Clemson University.",,"wYCqaZcA+7slXlj5N/mM6vobrh4QDptp","esNjjubcI51hdInmRHEEIrFR4+oIJtuN",
"68475a4d-f556-43f9-8cab-12f9241c9fc9","SERC_007.basePlot.bet","D02","SERC","SERC_007","W","2015-04-21","2015-05-05","2016-01-21","2015-10-29","VuceAg7yVycN8DaQWzDzgyAqozRoe06HZzIzYMFaXhU=","NEON.BET.D02.001683","AMAAEN1","Amara aenea","species",,"DeGeer",,"Bousquet, Y. 2010b. Illustrated Identification Guide to Adults and Larvae of Northeastern North American Ground Beetles (Coleoptera: Carabidae). 1st Ed. Pensoft Publishers, Sofia, Bulgaria.",,"wYCqaZcA+7slXlj5N/mM6vobrh4QDptp","esNjjubcI51hdInmRHEEIrFR4+oIJtuN",
"2269386d-9e7f-4df3-af29-3ee63311e9e4","SERC_001.basePlot.bet","D02","SERC","SERC_001","W","2015-04-21","2015-05-05","2016-01-20","2015-10-30","UaGVcrvVzDOutGB3sFAIcVk2FrjN2rxCjue4scgh7UI=","NEON.BET.D02.001438","TACPOT","Tachys potomaca","species",,"Erwin",,"Erwin, T.L. 1981 Natural History of Plummers Island, Maryland. XXVI. The Ground Beetles of a Temperate Forest Site: An Analysis of Fauna in Relation to Size, Habitat Selection, Vagility, Seasonality, and Extinction. Bull Biol Soc Washington, 5, 105-224.",,"wYCqaZcA+7slXlj5N/mM6vobrh4QDptp","esNjjubcI51hdInmRHEEIrFR4+oIJtuN",
"8b3cc212-b1dd-41bf-b84b-212509730d51","SERC_007.basePlot.bet","D02","SERC","SERC_007","W","2015-04-21","2015-05-05","2016-01-20","2015-05-21","VuceAg7yVycN8DaQWzDzg7R4YNm3nlCee7YRJHUHES4=","NEON.BET.D02.001455","POECHA","Poecilus chalcites","species",,"Say",,"Ciegler, J. C. 2000. Ground beetles and wrinkled bark beetles of South Carolina (Coleoptera: Geadephaga: Carabidae and Rhysodidae). Biota of South Carolina. Vol. 1. Clemson, S. Clemson University.",,"wYCqaZcA+7slXlj5N/mM6vobrh4QDptp","esNjjubcI51hdInmRHEEIrFR4+oIJtuN",
"c3ac219f-c417-400a-9bfd-5f3f0704db4b","SERC_007.basePlot.bet","D02","SERC","SERC_007","W","2015-04-21","2015-05-05","2016-01-15","2015-05-05","VuceAg7yVycN8DaQWzDzg7503IuVehtGaY4ecFdKlz0=","NEON.BET.D02.001202","SCASUB2","Scarites subterraneus","species",,"Fabricius",,"Other",,"wYCqaZcA+7tKZqVSOMaNBCcRKvQIOBzP","HwrR06bjl3TqPXYD/ecX4LA/iftMi41T",
"911d8775-3170-4f51-be74-bff22c7acbf6","SERC_007.basePlot.bet","D02","SERC","SERC_007","W","2015-04-21","2015-05-05","2016-01-15","2015-10-26","VuceAg7yVycN8DaQWzDzg+//GfNilW2xCHpR6/El/88=","NEON.BET.D02.001271","BEMAFF","Bembidion affine","species",,"Say",,"Bousquet, Y. 2010b. Illustrated Identification Guide to Adults and Larvae of Northeastern North American Ground Beetles (Coleoptera: Carabidae). 1st Ed. Pensoft Publishers, Sofia, Bulgaria.",,"wYCqaZcA+7tKZqVSOMaNBCcRKvQIOBzP","HwrR06bjl3TqPXYD/ecX4LA/iftMi41T",
"d214d391-cb8d-43db-912d-dd11a9710ebb","SERC_007.basePlot.bet","D02","SERC","SERC_007","W","2015-04-21","2015-05-05","2016-01-20","2015-10-26","VuceAg7yVycN8DaQWzDzg+//GfNilW2xCHpR6/El/88=","NEON.BET.D02.001272","BEMAFF","Bembidion affine","species",,"Say",,"Bousquet, Y. 2010b. Illustrated Identification Guide to Adults and Larvae of Northeastern North American Ground Beetles (Coleoptera: Carabidae). 1st Ed. Pensoft Publishers, Sofia, Bulgaria.",,"wYCqaZcA+7tKZqVSOMaNBCcRKvQIOBzP","esNjjubcI51hdInmRHEEIrFR4+oIJtuN",
"8faaac81-df8b-43b3-ba13-db173ad5d5c0","SERC_016.basePlot.bet","D02","SERC","SERC_016","E","2015-04-21","2015-05-05","2016-01-21","2015-05-21","YVGGTAS4Nw9I7wcGu/Kj8x11XdQ2WlTh3pFx7D9cJAw=","NEON.BET.D02.001754","DICFUR2","Dicaelus furvus furvus","subspecies",,"Dejean",,"Ciegler, J. C. 2000. Ground beetles and wrinkled bark beetles of South Carolina (Coleoptera: Geadephaga: Carabidae and Rhysodidae). Biota of South Carolina. Vol. 1. Clemson, S. Clemson University.",,"wYCqaZcA+7slXlj5N/mM6vobrh4QDptp","vG946HPdyCak4YNcquSpnhDyztG1jnbiCP4A7p87kck=",
"d3d23aa6-8ff6-4345-9cbe-486f410ac7c8","SERC_007.basePlot.bet","D02","SERC","SERC_007","E","2015-04-21","2015-05-05","2016-01-20","2015-05-05","VuceAg7yVydSuT/FC6hzogOeWqVzRhTfvnHrXUBvaAw=","NEON.BET.D02.001461","POECHA","Poecilus chalcites","species",,"Say",,"Ciegler, J. C. 2000. Ground beetles and wrinkled bark beetles of South Carolina (Coleoptera: Geadephaga: Carabidae and Rhysodidae). Biota of South Carolina. Vol. 1. Clemson, S. Clemson University.",,"wYCqaZcA+7slXlj5N/mM6vobrh4QDptp","esNjjubcI51hdInmRHEEIrFR4+oIJtuN",
"7ab96652-5da2-4a15-b289-2e4a4cc69cdf","SERC_007.basePlot.bet","D02","SERC","SERC_007","E","2015-04-21","2015-05-05","2016-01-20","2015-05-21","VuceAg7yVydSuT/FC6hzogOeWqVzRhTfvnHrXUBvaAw=","NEON.BET.D02.001465","POECHA","Poecilus chalcites","species",,"Say",,"Ciegler, J. C. 2000. Ground beetles and wrinkled bark beetles of South Carolina (Coleoptera: Geadephaga: Carabidae and Rhysodidae). Biota of South Carolina. Vol. 1. Clemson, S. Clemson University.",,"wYCqaZcA+7slXlj5N/mM6vobrh4QDptp","esNjjubcI51hdInmRHEEIrFR4+oIJtuN",
"5befa4ee-2841-4db3-9147-79f52f545337","SERC_007.basePlot.bet","D02","SERC","SERC_007","E","2015-04-21","2015-05-05","2016-01-20","2015-05-21","VuceAg7yVydSuT/FC6hzogOeWqVzRhTfvnHrXUBvaAw=","NEON.BET.D02.001463","POECHA","Poecilus chalcites","species",,"Say",,"Ciegler, J. C. 2000. Ground beetles and wrinkled bark beetles of South Carolina (Coleoptera: Geadephaga: Carabidae and Rhysodidae). Biota of South Carolina. Vol. 1. Clemson, S. Clemson University.",,"wYCqaZcA+7slXlj5N/mM6vobrh4QDptp","esNjjubcI51hdInmRHEEIrFR4+oIJtuN",
"cfc9258d-f125-4f4f-80ce-6013eebbdec6","SERC_007.basePlot.bet","D02","SERC","SERC_007","E","2015-04-21","2015-05-05","2016-01-20","2015-05-21","VuceAg7yVydSuT/FC6hzogOeWqVzRhTfvnHrXUBvaAw=","NEON.BET.D02.001467","POECHA","Poecilus chalcites","species",,"Say",,"Ciegler, J. C. 2000. Ground beetles and wrinkled bark beetles of South Carolina (Coleoptera: Geadephaga: Carabidae and Rhysodidae). Biota of South Carolina. Vol. 1. Clemson, S. Clemson University.",,"wYCqaZcA+7slXlj5N/mM6vobrh4QDptp","esNjjubcI51hdInmRHEEIrFR4+oIJtuN",
"bbdd7625-8f84-476c-a076-7d65db1dca9f","SERC_007.basePlot.bet","D02","SERC","SERC_007","E","2015-04-21","2015-05-05","2016-01-20","2015-05-21","VuceAg7yVydSuT/FC6hzogOeWqVzRhTfvnHrXUBvaAw=","NEON.BET.D02.001466","POECHA","Poecilus chalcites","species",,"Say",,"Ciegler, J. C. 2000. Ground beetles and wrinkled bark beetles of South Carolina (Coleoptera: Geadephaga: Carabidae and Rhysodidae). Biota of South Carolina. Vol. 1. Clemson, S. Clemson University.",,"wYCqaZcA+7slXlj5N/mM6vobrh4QDptp","esNjjubcI51hdInmRHEEIrFR4+oIJtuN",
"d69d603f-b038-4e23-9146-8386139e6ec4","SERC_007.basePlot.bet","D02","SERC","SERC_007","E","2015-04-21","2015-05-05","2016-01-20","2015-05-21","VuceAg7yVydSuT/FC6hzogOeWqVzRhTfvnHrXUBvaAw=","NEON.BET.D02.001462","POECHA","Poecilus chalcites","species",,"Say",,"Ciegler, J. C. 2000. Ground beetles and wrinkled bark beetles of South Carolina (Coleoptera: Geadephaga: Carabidae and Rhysodidae). Biota of South Carolina. Vol. 1. Clemson, S. Clemson University.",,"wYCqaZcA+7slXlj5N/mM6vobrh4QDptp","esNjjubcI51hdInmRHEEIrFR4+oIJtuN",
"17a3b2a6-cfe2-4c2a-92ff-9a48999c3153","SERC_007.basePlot.bet","D02","SERC","SERC_007","E","2015-04-21","2015-05-05","2016-01-20","2015-05-21","VuceAg7yVydSuT/FC6hzogOeWqVzRhTfvnHrXUBvaAw=","NEON.BET.D02.001464","POECHA","Poecilus chalcites","species",,"Say",,"Ciegler, J. C. 2000. Ground beetles and wrinkled bark beetles of South Carolina (Coleoptera: Geadephaga: Carabidae and Rhysodidae). Biota of South Carolina. Vol. 1. Clemson, S. Clemson University.",,"wYCqaZcA+7slXlj5N/mM6vobrh4QDptp","esNjjubcI51hdInmRHEEIrFR4+oIJtuN",
"6cea4db3-8f10-4cd5-899b-d734f14be2d1","SERC_007.basePlot.bet","D02","SERC","SERC_007","E","2015-04-21","2015-05-05","2016-01-20","2015-05-21","VuceAg7yVydSuT/FC6hzogOeWqVzRhTfvnHrXUBvaAw=","NEON.BET.D02.001468","POECHA","Poecilus chalcites","species",,"Say",,"Ciegler, J. C. 2000. Ground beetles and wrinkled bark beetles of South Carolina (Coleoptera: Geadephaga: Carabidae and Rhysodidae). Biota of South Carolina. Vol. 1. Clemson, S. Clemson University.",,"wYCqaZcA+7slXlj5N/mM6vobrh4QDptp","esNjjubcI51hdInmRHEEIrFR4+oIJtuN",
"0ea6d072-2192-4781-93d7-90080e3b36b3","SERC_009.basePlot.bet","D02","SERC","SERC_009","E","2015-04-21","2015-05-05","2016-01-15","2015-05-21","tTNfz4yHzdlGJ3KeWgihN22SumcwV5I2RrG77Mgoul4=","NEON.BET.D02.001174","CARGOR","Carabus goryi","species",,"Dejean",,"Ciegler, J. C. 2000. Ground beetles and wrinkled bark beetles of South Carolina (Coleoptera: Geadephaga: Carabidae and Rhysodidae). Biota of South Carolina. Vol. 1. Clemson, S. Clemson University.",,"wYCqaZcA+7tKZqVSOMaNBCcRKvQIOBzP","HwrR06bjl3TqPXYD/ecX4LA/iftMi41T",
"eada5beb-aa99-4762-838a-be80c54c0c60","SERC_007.basePlot.bet","D02","SERC","SERC_007","N","2015-04-21","2015-05-05","2016-01-21","2015-10-29","VuceAg7yVyd8iwrZjSXXrYItnb8Fcvixgn3jFqsGsoU=","NEON.BET.D02.001696","AMAAEN1","Amara aenea","species",,"DeGeer",,"Bousquet, Y. 2010b. Illustrated Identification Guide to Adults and Larvae of Northeastern North American Ground Beetles (Coleoptera: Carabidae). 1st Ed. Pensoft Publishers, Sofia, Bulgaria.",,"wYCqaZcA+7slXlj5N/mM6vobrh4QDptp","esNjjubcI51hdInmRHEEIrFR4+oIJtuN",
"5f75343a-cd6f-4d50-b85a-d67b08ff741e","SERC_007.basePlot.bet","D02","SERC","SERC_007","N","2015-04-21","2015-05-05","2016-01-21","2015-10-29","VuceAg7yVyd8iwrZjSXXrYItnb8Fcvixgn3jFqsGsoU=","NEON.BET.D02.001700","AMAAEN1","Amara aenea","species",,"DeGeer",,"Bousquet, Y. 2010b. Illustrated Identification Guide to Adults and Larvae of Northeastern North American Ground Beetles (Coleoptera: Carabidae). 1st Ed. Pensoft Publishers, Sofia, Bulgaria.",,"wYCqaZcA+7slXlj5N/mM6vobrh4QDptp","esNjjubcI51hdInmRHEEIrFR4+oIJtuN",
"fd432753-eafc-4f88-951f-5e41f3b66bc2","SERC_007.basePlot.bet","D02","SERC","SERC_007","N","2015-04-21","2015-05-05","2016-01-21","2015-10-29","VuceAg7yVyd8iwrZjSXXrYItnb8Fcvixgn3jFqsGsoU=","NEON.BET.D02.001697","AMAAEN1","Amara aenea","species",,"DeGeer",,"Bousquet, Y. 2010b. Illustrated Identification Guide to Adults and Larvae of Northeastern North American Ground Beetles (Coleoptera: Carabidae). 1st Ed. Pensoft Publishers, Sofia, Bulgaria.",,"wYCqaZcA+7slXlj5N/mM6vobrh4QDptp","esNjjubcI51hdInmRHEEIrFR4+oIJtuN",
"0ebc5e91-97d4-4daa-b59b-211d80477b90","SERC_007.basePlot.bet","D02","SERC","SERC_007","N","2015-04-21","2015-05-05","2016-01-21","2015-10-29","VuceAg7yVyd8iwrZjSXXrYItnb8Fcvixgn3jFqsGsoU=","NEON.BET.D02.001699","AMAAEN1","Amara aenea","species",,"DeGeer",,"Bousquet, Y. 2010b. Illustrated Identification Guide to Adults and Larvae of Northeastern North American Ground Beetles (Coleoptera: Carabidae). 1st Ed. Pensoft Publishers, Sofia, Bulgaria.",,"wYCqaZcA+7slXlj5N/mM6vobrh4QDptp","esNjjubcI51hdInmRHEEIrFR4+oIJtuN",
"8344b46e-fa4f-4919-9fe3-e9fb66e2637d","SERC_007.basePlot.bet","D02","SERC","SERC_007","N","2015-04-21","2015-05-05","2016-01-21","2015-10-29","VuceAg7yVyd8iwrZjSXXrYItnb8Fcvixgn3jFqsGsoU=","NEON.BET.D02.001698","AMAAEN1","Amara aenea","species",,"DeGeer",,"Bousquet, Y. 2010b. Illustrated Identification Guide to Adults and Larvae of Northeastern North American Ground Beetles (Coleoptera: Carabidae). 1st Ed. Pensoft Publishers, Sofia, Bulgaria.",,"wYCqaZcA+7slXlj5N/mM6vobrh4QDptp","esNjjubcI51hdInmRHEEIrFR4+oIJtuN",
"4ec2260b-4e4f-4d2e-9b7f-ac268c8c24dc","SERC_010.basePlot.bet","D02","SERC","SERC_010","N","2015-04-21","2015-05-05","2016-01-21","2015-05-21","zJWEWmQZoMOE5uQVqsDQWh8E8rC3NIvNhVMJI7Vii1A=","NEON.BET.D02.001740","CHLNEM","Chlaenius nemoralis","species",,"Say",,"Ciegler, J. C. 2000. Ground beetles and wrinkled bark beetles of South Carolina (Coleoptera: Geadephaga: Carabidae and Rhysodidae). Biota of South Carolina. Vol. 1. Clemson, S. Clemson University.",,"wYCqaZcA+7slXlj5N/mM6vobrh4QDptp","esNjjubcI51hdInmRHEEIrFR4+oIJtuN",
"1fddcd06-0bdc-4843-8985-7e74c225c8d2","SERC_021.basePlot.bet","D02","SERC","SERC_021","N","2015-04-21","2015-05-05","2016-01-21","2015-05-21","abrvHFi/547quzRJ4XXPwDHoMyzQfZg+au3hNF4EekU=","NEON.BET.D02.001743","DICDIL1","Dicaelus dilatatus dilatatus","subspecies",,"Say",,"Ciegler, J. C. 2000. Ground beetles and wrinkled bark beetles of South Carolina (Coleoptera: Geadephaga: Carabidae and Rhysodidae). Biota of South Carolina. Vol. 1. Clemson, S. Clemson University.",,"wYCqaZcA+7slXlj5N/mM6vobrh4QDptp","vG946HPdyCak4YNcquSpnhDyztG1jnbiCP4A7p87kck=",
"f8043147-4335-44ce-afcf-9a203f24847a","SERC_010.basePlot.bet","D02","SERC","SERC_010","N","2015-04-21","2015-05-05","2016-01-21","2015-05-21","zJWEWmQZoMOE5uQVqsDQWh8E8rC3NIvNhVMJI7Vii1A=","NEON.BET.D02.001739","CHLNEM","Chlaenius nemoralis","species",,"Say",,"Ciegler, J. C. 2000. Ground beetles and wrinkled bark beetles of South Carolina (Coleoptera: Geadephaga: Carabidae and Rhysodidae). Biota of South Carolina. Vol. 1. Clemson, S. Clemson University.",,"wYCqaZcA+7slXlj5N/mM6vobrh4QDptp","esNjjubcI51hdInmRHEEIrFR4+oIJtuN",
"9b9aed7b-cb33-4e28-838f-c7f195389d94","SERC_003.basePlot.bet","D02","SERC","SERC_003","N","2015-04-21","2015-05-05","2016-01-15","2015-05-21","CC7oYVgiCpCG6sExBGzz/HsB3WDcwUtF/W7xeqRHGPA=","NEON.BET.D02.001201","SCASUB2","Scarites subterraneus","species",,"Fabricius",,"Other",,"wYCqaZcA+7tKZqVSOMaNBCcRKvQIOBzP","HwrR06bjl3TqPXYD/ecX4LA/iftMi41T",
"16a374f8-b8ec-47f3-b3f5-24d34acd608f","SERC_009.basePlot.bet","D02","SERC","SERC_009","N","2015-04-21","2015-05-05","2016-01-15","2015-05-21","tTNfz4yHzdkwSEnQtNH8bYskX3od7qZLnmcRI5Qep4k=","NEON.BET.D02.001169","NOTAEN","Notiophilus aeneus","species",,"Herbst",,"Ciegler, J. C. 2000. Ground beetles and wrinkled bark beetles of South Carolina (Coleoptera: Geadephaga: Carabidae and Rhysodidae). Biota of South Carolina. Vol. 1. Clemson, S. Clemson University.",,"wYCqaZcA+7tKZqVSOMaNBCcRKvQIOBzP","HwrR06bjl3TqPXYD/ecX4LA/iftMi41T",
"d72ddb75-9a46-4d35-b2ef-6f924949d0f8","SERC_009.basePlot.bet","D02","SERC","SERC_009","N","2015-04-21","2015-05-05","2016-01-15","2015-05-21","tTNfz4yHzdkwSEnQtNH8bSMKoSrVN+2XaWa5bfPlBBk=","NEON.BET.D02.001173","CARGOR","Carabus goryi","species",,"Dejean",,"Ciegler, J. C. 2000. Ground beetles and wrinkled bark beetles of South Carolina (Coleoptera: Geadephaga: Carabidae and Rhysodidae). Biota of South Carolina. Vol. 1. Clemson, S. Clemson University.",,"wYCqaZcA+7tKZqVSOMaNBCcRKvQIOBzP","HwrR06bjl3TqPXYD/ecX4LA/iftMi41T",
"592a29ab-781e-4457-bd60-f413eed44f08","SERC_007.basePlot.bet","D02","SERC","SERC_007","N","2015-04-21","2015-05-05","2016-01-15","2015-05-21","VuceAg7yVyd8iwrZjSXXrZFEgpx00aM5CeeBDiLBO8o=","NEON.BET.D02.001205","SCASUB2","Scarites subterraneus","species",,"Fabricius",,"Other",,"wYCqaZcA+7tKZqVSOMaNBCcRKvQIOBzP","HwrR06bjl3TqPXYD/ecX4LA/iftMi41T",
"1bdbd207-6c55-4d4c-8e21-52ade00ebfdd","SERC_003.basePlot.bet","D02","SERC","SERC_003","S","2015-04-21","2015-05-05","2016-01-21","2015-05-21","CC7oYVgiCpCbybsEGlEH1lYvH7+lWogG7rkoVI2KbWY=","NEON.BET.D02.001897","AGOTHO1","Agonoleptus thoracicus","species",,"Casey",,"Bousquet, Y., and P. W. Messer. 2010. Redescription of Stenolophus thoracicus Casey (Coleoptera, Carabidae, Harpalini), a valid species. ZooKeys 53:25-31.",,"wYCqaZcA+7slXlj5N/mM6vobrh4QDptp","vG946HPdyCak4YNcquSpnhDyztG1jnbiCP4A7p87kck=",
"6cb3ab5a-5d99-493d-85a8-a5c3fc82455a","SERC_007.basePlot.bet","D02","SERC","SERC_007","S","2015-04-21","2015-05-05","2016-01-21","2015-10-29","VuceAg7yVycbihe2x8O8rGidFi1pmdg0rdQvKgwgr18=","NEON.BET.D02.001692","AMAAEN1","Amara aenea","species",,"DeGeer",,"Bousquet, Y. 2010b. Illustrated Identification Guide to Adults and Larvae of Northeastern North American Ground Beetles (Coleoptera: Carabidae). 1st Ed. Pensoft Publishers, Sofia, Bulgaria.",,"wYCqaZcA+7slXlj5N/mM6vobrh4QDptp","esNjjubcI51hdInmRHEEIrFR4+oIJtuN",
"c38976a4-f8d0-435f-a0b4-f95c23d0a0cd","SERC_002.basePlot.bet","D02","SERC","SERC_002","S","2015-04-21","2015-05-05","2016-01-21","2015-10-28","YcnMnCZo63lkDrP/fuO0GdIeFgzDUxG1h3IgSjB8sOg=","NEON.BET.D02.001812","ANINIG1","Anisodactylus nigerrimus","species",,"Dejean",,"Bousquet, Y. 2010b. Illustrated Identification Guide to Adults and Larvae of Northeastern North American Ground Beetles (Coleoptera: Carabidae). 1st Ed. Pensoft Publishers, Sofia, Bulgaria.",,"wYCqaZcA+7slXlj5N/mM6vobrh4QDptp","vG946HPdyCak4YNcquSpnhDyztG1jnbiCP4A7p87kck=",
"7c0a7978-84c2-47e5-a0e2-f51e18e33bfd","SERC_007.basePlot.bet","D02","SERC","SERC_007","S","2015-04-21","2015-05-05","2016-01-21","2015-05-21","VuceAg7yVycbihe2x8O8rJ2ac7mQ/X9+rmmMS14AAC8=","NEON.BET.D02.001958","AGOOCT","Agonum octopunctatum","species",,"Fabricius",,"Ciegler, J. C. 2000. Ground beetles and wrinkled bark beetles of South Carolina (Coleoptera: Geadephaga: Carabidae and Rhysodidae). Biota of South Carolina. Vol. 1. Clemson, S. Clemson University.",,"wYCqaZcA+7slXlj5N/mM6vobrh4QDptp","vG946HPdyCak4YNcquSpnhDyztG1jnbiCP4A7p87kck=",
"6f97e93f-ba06-4ea6-932d-49e365d3180c","SERC_007.basePlot.bet","D02","SERC","SERC_007","S","2015-04-21","2015-05-05","2016-01-21","2015-05-21","VuceAg7yVycbihe2x8O8rOQHAD/khLfmJg9DSXt/Cc8=","NEON.BET.D02.001956","AGOPUN","Agonum punctiforme","species",,"Say",,"Ciegler, J. C. 2000. Ground beetles and wrinkled bark beetles of South Carolina (Coleoptera: Geadephaga: Carabidae and Rhysodidae). Biota of South Carolina. Vol. 1. Clemson, S. Clemson University.",,"wYCqaZcA+7slXlj5N/mM6vobrh4QDptp","vG946HPdyCak4YNcquSpnhDyztG1jnbiCP4A7p87kck=",
"a3f840cc-3458-44d5-85c8-d4c38f8fdabd","SERC_007.basePlot.bet","D02","SERC","SERC_007","S","2015-04-21","2015-05-05","2016-01-21","2015-05-21","VuceAg7yVycbihe2x8O8rJ2ac7mQ/X9+rmmMS14AAC8=","NEON.BET.D02.001959","AGOOCT","Agonum octopunctatum","species",,"Fabricius",,"Ciegler, J. C. 2000. Ground beetles and wrinkled bark beetles of South Carolina (Coleoptera: Geadephaga: Carabidae and Rhysodidae). Biota of South Carolina. Vol. 1. Clemson, S. Clemson University.",,"wYCqaZcA+7slXlj5N/mM6vobrh4QDptp","vG946HPdyCak4YNcquSpnhDyztG1jnbiCP4A7p87kck=",
"fc14ca4b-a354-4082-979d-568d62a9a364","SERC_007.basePlot.bet","D02","SERC","SERC_007","S","2015-04-21","2015-05-05","2016-01-21","2015-10-29","VuceAg7yVycbihe2x8O8rGidFi1pmdg0rdQvKgwgr18=","NEON.BET.D02.001691","AMAAEN1","Amara aenea","species",,"DeGeer",,"Bousquet, Y. 2010b. Illustrated Identification Guide to Adults and Larvae of Northeastern North American Ground Beetles (Coleoptera: Carabidae). 1st Ed. Pensoft Publishers, Sofia, Bulgaria.",,"wYCqaZcA+7slXlj5N/mM6vobrh4QDptp","esNjjubcI51hdInmRHEEIrFR4+oIJtuN",
"fdff5bfc-c811-4099-9197-427c5ee03875","SERC_007.basePlot.bet","D02","SERC","SERC_007","S","2015-04-21","2015-05-05","2016-01-21","2015-10-29","VuceAg7yVycbihe2x8O8rGidFi1pmdg0rdQvKgwgr18=","NEON.BET.D02.001695","AMAAEN1","Amara aenea","species",,"DeGeer",,"Bousquet, Y. 2010b. Illustrated Identification Guide to Adults and Larvae of Northeastern North American Ground Beetles (Coleoptera: Carabidae). 1st Ed. Pensoft Publishers, Sofia, Bulgaria.",,"wYCqaZcA+7slXlj5N/mM6vobrh4QDptp","esNjjubcI51hdInmRHEEIrFR4+oIJtuN",
"da9b36fb-4918-4749-91d0-c5e99b39048d","SERC_007.basePlot.bet","D02","SERC","SERC_007","S","2015-04-21","2015-05-05","2016-01-21","2015-05-21","VuceAg7yVycbihe2x8O8rCfIHfsWmz4MuQHrG7MqAfs=","NEON.BET.D02.001849","AMPSER","Amphasia sericea","species",,"T.Harris",,"Ciegler, J. C. 2000. Ground beetles and wrinkled bark beetles of South Carolina (Coleoptera: Geadephaga: Carabidae and Rhysodidae). Biota of South Carolina. Vol. 1. Clemson, S. Clemson University.",,"wYCqaZcA+7slXlj5N/mM6vobrh4QDptp","vG946HPdyCak4YNcquSpnhDyztG1jnbiCP4A7p87kck=",
"61b9546f-5597-439d-af85-1ad2113f121f","SERC_007.basePlot.bet","D02","SERC","SERC_007","S","2015-04-21","2015-05-05","2016-01-21","2015-10-29","VuceAg7yVycbihe2x8O8rGidFi1pmdg0rdQvKgwgr18=","NEON.BET.D02.001694","AMAAEN1","Amara aenea","species",,"DeGeer",,"Bousquet, Y. 2010b. Illustrated Identification Guide to Adults and Larvae of Northeastern North American Ground Beetles (Coleoptera: Carabidae). 1st Ed. Pensoft Publishers, Sofia, Bulgaria.",,"wYCqaZcA+7slXlj5N/mM6vobrh4QDptp","esNjjubcI51hdInmRHEEIrFR4+oIJtuN",
"e7806492-997d-4a29-8c4d-c46b3bb79eee","SERC_007.basePlot.bet","D02","SERC","SERC_007","S","2015-04-21","2015-05-05","2016-01-21","2015-05-21","VuceAg7yVycbihe2x8O8rJ2ac7mQ/X9+rmmMS14AAC8=","NEON.BET.D02.001961","AGOOCT","Agonum octopunctatum","species",,"Fabricius",,"Ciegler, J. C. 2000. Ground beetles and wrinkled bark beetles of South Carolina (Coleoptera: Geadephaga: Carabidae and Rhysodidae). Biota of South Carolina. Vol. 1. Clemson, S. Clemson University.",,"wYCqaZcA+7slXlj5N/mM6vobrh4QDptp","vG946HPdyCak4YNcquSpnhDyztG1jnbiCP4A7p87kck=",
"909c92b8-cf92-4142-9639-e0d649790c25","SERC_007.basePlot.bet","D02","SERC","SERC_007","S","2015-04-21","2015-05-05","2016-01-21","2015-05-21","VuceAg7yVycbihe2x8O8rCfIHfsWmz4MuQHrG7MqAfs=","NEON.BET.D02.001851","AMPSER","Amphasia sericea","species",,"T.Harris",,"Ciegler, J. C. 2000. Ground beetles and wrinkled bark beetles of South Carolina (Coleoptera: Geadephaga: Carabidae and Rhysodidae). Biota of South Carolina. Vol. 1. Clemson, S. Clemson University.",,"wYCqaZcA+7slXlj5N/mM6vobrh4QDptp","vG946HPdyCak4YNcquSpnhDyztG1jnbiCP4A7p87kck=",
"c065e602-aceb-43be-9b22-651ccdf33355","SERC_009.basePlot.bet","D02","SERC","SERC_009","S","2015-04-21","2015-05-05","2016-01-21","2015-05-21","tTNfz4yHzdmJFQIid5wgzq28wZzh7hmgJnT4Blk0/MA=","NEON.BET.D02.001957","AGOOCT","Agonum octopunctatum","species",,"Fabricius",,"Ciegler, J. C. 2000. Ground beetles and wrinkled bark beetles of South Carolina (Coleoptera: Geadephaga: Carabidae and Rhysodidae). Biota of South Carolina. Vol. 1. Clemson, S. Clemson University.",,"wYCqaZcA+7slXlj5N/mM6vobrh4QDptp","vG946HPdyCak4YNcquSpnhDyztG1jnbiCP4A7p87kck=",
"783d77e6-e13e-4a9c-aaeb-dd592e80f01b","SERC_007.basePlot.bet","D02","SERC","SERC_007","S","2015-04-21","2015-05-05","2016-01-20","2015-05-21","VuceAg7yVycbihe2x8O8rHNnpN5LrONq6EtN/ChLces=","NEON.BET.D02.001460","POECHA","Poecilus chalcites","species",,"Say",,"Ciegler, J. C. 2000. Ground beetles and wrinkled bark beetles of South Carolina (Coleoptera: Geadephaga: Carabidae and Rhysodidae). Biota of South Carolina. Vol. 1. Clemson, S. Clemson University.",,"wYCqaZcA+7slXlj5N/mM6vobrh4QDptp","esNjjubcI51hdInmRHEEIrFR4+oIJtuN",
"bd0e73c2-db23-468f-95d1-0431269f371a","SERC_007.basePlot.bet","D02","SERC","SERC_007","S","2015-04-21","2015-05-05","2016-01-21","2015-05-21","VuceAg7yVycbihe2x8O8rCfIHfsWmz4MuQHrG7MqAfs=","NEON.BET.D02.001850","AMPSER","Amphasia sericea","species",,"T.Harris",,"Ciegler, J. C. 2000. Ground beetles and wrinkled bark beetles of South Carolina (Coleoptera: Geadephaga: Carabidae and Rhysodidae). Biota of South Carolina. Vol. 1. Clemson, S. Clemson University.",,"wYCqaZcA+7slXlj5N/mM6vobrh4QDptp","vG946HPdyCak4YNcquSpnhDyztG1jnbiCP4A7p87kck=",
"1750f947-4c32-4656-8fb9-e1cef6feba6d","SERC_007.basePlot.bet","D02","SERC","SERC_007","S","2015-04-21","2015-05-05","2016-01-21","2015-05-21","VuceAg7yVycbihe2x8O8rJ2ac7mQ/X9+rmmMS14AAC8=","NEON.BET.D02.001960","AGOOCT","Agonum octopunctatum","species",,"Fabricius",,"Ciegler, J. C. 2000. Ground beetles and wrinkled bark beetles of South Carolina (Coleoptera: Geadephaga: Carabidae and Rhysodidae). Biota of South Carolina. Vol. 1. Clemson, S. Clemson University.",,"wYCqaZcA+7slXlj5N/mM6vobrh4QDptp","vG946HPdyCak4YNcquSpnhDyztG1jnbiCP4A7p87kck=",
"66929609-31fe-44bc-88ed-08b44e5eab61","SERC_003.basePlot.bet","D02","SERC","SERC_003","S","2015-04-21","2015-05-05","2016-01-20","2015-10-30","CC7oYVgiCpCbybsEGlEH1gS+lOOeat5LlA5HoYZ5EL0=","NEON.BET.D02.001439","TACPOT","Tachys potomaca","species",,"Erwin",,"Erwin, T.L. 1981 Natural History of Plummers Island, Maryland. XXVI. The Ground Beetles of a Temperate Forest Site: An Analysis of Fauna in Relation to Size, Habitat Selection, Vagility, Seasonality, and Extinction. Bull Biol Soc Washington, 5, 105-224.",,"wYCqaZcA+7slXlj5N/mM6vobrh4QDptp","esNjjubcI51hdInmRHEEIrFR4+oIJtuN",
"9d8d3272-a8a4-42da-9fd5-36cdb2b9248f","SERC_021.basePlot.bet","D02","SERC","SERC_021","S","2015-04-21","2015-05-05","2016-01-20","2015-05-21","abrvHFi/546vIGfJHdKpbw06avX00xFfRO4io9c/XKw=","NEON.BET.D02.001450","POELUC","Poecilus lucublandus","species",,"Say",,"Ciegler, J. C. 2000. Ground beetles and wrinkled bark beetles of South Carolina (Coleoptera: Geadephaga: Carabidae and Rhysodidae). Biota of South Carolina. Vol. 1. Clemson, S. Clemson University.",,"wYCqaZcA+7slXlj5N/mM6vobrh4QDptp","esNjjubcI51hdInmRHEEIrFR4+oIJtuN",
"0ef17ec6-da64-49e3-a3f8-b1a0a61a5297","SERC_007.basePlot.bet","D02","SERC","SERC_007","S","2015-04-21","2015-05-05","2016-01-20","2015-05-21","VuceAg7yVycbihe2x8O8rHNnpN5LrONq6EtN/ChLces=","NEON.BET.D02.001456","POECHA","Poecilus chalcites","species",,"Say",,"Ciegler, J. C. 2000. Ground beetles and wrinkled bark beetles of South Carolina (Coleoptera: Geadephaga: Carabidae and Rhysodidae). Biota of South Carolina. Vol. 1. Clemson, S. Clemson University.",,"wYCqaZcA+7slXlj5N/mM6vobrh4QDptp","esNjjubcI51hdInmRHEEIrFR4+oIJtuN",
"84fea70a-5a2f-4986-89c0-c4bbd089a4b0","SERC_007.basePlot.bet","D02","SERC","SERC_007","S","2015-04-21","2015-05-05","2016-01-20","2015-05-21","VuceAg7yVycbihe2x8O8rHNnpN5LrONq6EtN/ChLces=","NEON.BET.D02.001457","POECHA","Poecilus chalcites","species",,"Say",,"Ciegler, J. C. 2000. Ground beetles and wrinkled bark beetles of South Carolina (Coleoptera: Geadephaga: Carabidae and Rhysodidae). Biota of South Carolina. Vol. 1. Clemson, S. Clemson University.",,"wYCqaZcA+7slXlj5N/mM6vobrh4QDptp","esNjjubcI51hdInmRHEEIrFR4+oIJtuN",
"f7ff91a3-4011-4f0f-8898-f94d884d7236","SERC_007.basePlot.bet","D02","SERC","SERC_007","S","2015-04-21","2015-05-05","2016-01-20","2015-05-21","VuceAg7yVycbihe2x8O8rHNnpN5LrONq6EtN/ChLces=","NEON.BET.D02.001459","POECHA","Poecilus chalcites","species",,"Say",,"Ciegler, J. C. 2000. Ground beetles and wrinkled bark beetles of South Carolina (Coleoptera: Geadephaga: Carabidae and Rhysodidae). Biota of South Carolina. Vol. 1. Clemson, S. Clemson University.",,"wYCqaZcA+7slXlj5N/mM6vobrh4QDptp","esNjjubcI51hdInmRHEEIrFR4+oIJtuN",
"3b71e7a5-b1fe-41e8-b301-affc03babaa1","SERC_001.basePlot.bet","D02","SERC","SERC_001","S","2015-04-21","2015-05-05","2016-01-20","2015-08-26","UaGVcrvVzDMTNP1CPcl/g7k8bYekyXo4ythuYJ392/4=","NEON.BET.D02.001404","POLLAE","Polyderis laeva","species",,"Say",,"Ciegler, J. C. 2000. Ground beetles and wrinkled bark beetles of South Carolina (Coleoptera: Geadephaga: Carabidae and Rhysodidae). Biota of South Carolina. Vol. 1. Clemson, S. Clemson University.",,"wYCqaZcA+7slXlj5N/mM6vobrh4QDptp","esNjjubcI51hdInmRHEEIrFR4+oIJtuN",
"4333915a-54ca-4be5-8401-0b4f3ced2142","SERC_007.basePlot.bet","D02","SERC","SERC_007","S","2015-04-21","2015-05-05","2016-01-21","2015-10-29","VuceAg7yVycbihe2x8O8rGidFi1pmdg0rdQvKgwgr18=","NEON.BET.D02.001693","AMAAEN1","Amara aenea","species",,"DeGeer",,"Bousquet, Y. 2010b. Illustrated Identification Guide to Adults and Larvae of Northeastern North American Ground Beetles (Coleoptera: Carabidae). 1st Ed. Pensoft Publishers, Sofia, Bulgaria.",,"wYCqaZcA+7slXlj5N/mM6vobrh4QDptp","esNjjubcI51hdInmRHEEIrFR4+oIJtuN",
"b1a88e83-e409-4f4b-98c6-01dd5db8b5d5","SERC_007.basePlot.bet","D02","SERC","SERC_007","S","2015-04-21","2015-05-05","2016-01-20","2015-05-21","VuceAg7yVycbihe2x8O8rHNnpN5LrONq6EtN/ChLces=","NEON.BET.D02.001458","POECHA","Poecilus chalcites","species",,"Say",,"Ciegler, J. C. 2000. Ground beetles and wrinkled bark beetles of South Carolina (Coleoptera: Geadephaga: Carabidae and Rhysodidae). Biota of South Carolina. Vol. 1. Clemson, S. Clemson University.",,"wYCqaZcA+7slXlj5N/mM6vobrh4QDptp","esNjjubcI51hdInmRHEEIrFR4+oIJtuN",
"ce1fa6eb-4ffa-477c-bd0a-f06e173f2936","SERC_001.basePlot.bet","D02","SERC","SERC_001","S","2015-04-21","2015-05-05","2016-01-20","2015-08-26","UaGVcrvVzDMTNP1CPcl/g7k8bYekyXo4ythuYJ392/4=","NEON.BET.D02.001405","POLLAE","Polyderis laeva","species",,"Say",,"Ciegler, J. C. 2000. Ground beetles and wrinkled bark beetles of South Carolina (Coleoptera: Geadephaga: Carabidae and Rhysodidae). Biota of South Carolina. Vol. 1. Clemson, S. Clemson University.",,"wYCqaZcA+7slXlj5N/mM6vobrh4QDptp","esNjjubcI51hdInmRHEEIrFR4+oIJtuN",
"6801744d-b6f5-4e7f-943d-44c0ec444f5d","SERC_001.basePlot.bet","D02","SERC","SERC_001","S","2015-04-21","2015-05-05","2016-01-20","2015-10-30","UaGVcrvVzDMTNP1CPcl/g2nssARkq/x3cUTj6QDsbys=","NEON.BET.D02.001437","TACPOT","Tachys potomaca","species",,"Erwin",,"Erwin, T.L. 1981 Natural History of Plummers Island, Maryland. XXVI. The Ground Beetles of a Temperate Forest Site: An Analysis of Fauna in Relation to Size, Habitat Selection, Vagility, Seasonality, and Extinction. Bull Biol Soc Washington, 5, 105-224.",,"wYCqaZcA+7slXlj5N/mM6vobrh4QDptp","esNjjubcI51hdInmRHEEIrFR4+oIJtuN",
"6c6da271-829c-45ce-911a-67de676c88cf","SERC_001.basePlot.bet","D02","SERC","SERC_001","S","2015-04-21","2015-05-05","2016-01-20","2015-10-30","UaGVcrvVzDMTNP1CPcl/g2nssARkq/x3cUTj6QDsbys=","NEON.BET.D02.001436","TACPOT","Tachys potomaca","species",,"Erwin",,"Erwin, T.L. 1981 Natural History of Plummers Island, Maryland. XXVI. The Ground Beetles of a Temperate Forest Site: An Analysis of Fauna in Relation to Size, Habitat Selection, Vagility, Seasonality, and Extinction. Bull Biol Soc Washington, 5, 105-224.",,"wYCqaZcA+7slXlj5N/mM6vobrh4QDptp","esNjjubcI51hdInmRHEEIrFR4+oIJtuN",
"4df64b7f-4e27-4010-bfdd-7adf2605a55c","SERC_007.basePlot.bet","D02","SERC","SERC_007","S","2015-04-21","2015-05-05","2016-01-15","2015-05-21","VuceAg7yVycbihe2x8O8rA3RIj5i7W3Nom/XqT7u/v4=","NEON.BET.D02.001204","SCASUB2","Scarites subterraneus","species",,"Fabricius",,"Other",,"wYCqaZcA+7tKZqVSOMaNBCcRKvQIOBzP","HwrR06bjl3TqPXYD/ecX4LA/iftMi41T",
"5b1f7804-b7b8-4bb4-8aa5-a4875b34673f","SERC_021.basePlot.bet","D02","SERC","SERC_021","S","2015-04-21","2015-05-05","2016-01-15","2015-05-21","abrvHFi/546vIGfJHdKpbzY4kA2GTaDmc682+3Us/9U=","NEON.BET.D02.001175","CARGOR","Carabus goryi","species",,"Dejean",,"Ciegler, J. C. 2000. Ground beetles and wrinkled bark beetles of South Carolina (Coleoptera: Geadephaga: Carabidae and Rhysodidae). Biota of South Carolina. Vol. 1. Clemson, S. Clemson University.",,"wYCqaZcA+7tKZqVSOMaNBCcRKvQIOBzP","HwrR06bjl3TqPXYD/ecX4LA/iftMi41T",
"45bf86c1-cd2a-4b9c-ad67-fb1f7e69d34e","SERC_007.basePlot.bet","D02","SERC","SERC_007","S","2015-04-21","2015-05-05","2016-01-20","2015-09-14","VuceAg7yVycbihe2x8O8rPGHiPpx9YoG9n/0cGsHNBk=","NEON.BET.D02.001276","ELAXAN","Elaphropus xanthopus","species",,"Dejean",,"Bousquet, Y. 2010b. Illustrated Identification Guide to Adults and Larvae of Northeastern North American Ground Beetles (Coleoptera: Carabidae). 1st Ed. Pensoft Publishers, Sofia, Bulgaria.",,"wYCqaZcA+7tKZqVSOMaNBCcRKvQIOBzP","esNjjubcI51hdInmRHEEIrFR4+oIJtuN",
"a983bd02-62fb-4d46-b0a6-ba5ed1426d8f","SERC_007.basePlot.bet","D02","SERC","SERC_007","S","2015-04-21","2015-05-05","2016-01-20","2015-09-14","VuceAg7yVycbihe2x8O8rMnurIfPu5O0AysIyS7Wwy8=","NEON.BET.D02.001381","ELAINC","Elaphropus incurvus","species",,"Say",,"Bousquet, Y. 2010b. Illustrated Identification Guide to Adults and Larvae of Northeastern North American Ground Beetles (Coleoptera: Carabidae). 1st Ed. Pensoft Publishers, Sofia, Bulgaria.",,"wYCqaZcA+7tKZqVSOMaNBCcRKvQIOBzP","esNjjubcI51hdInmRHEEIrFR4+oIJtuN",
"9f6a85eb-032c-4058-94a0-1fa963777fcd","SERC_007.basePlot.bet","D02","SERC","SERC_007","S","2015-04-21","2015-05-05","2016-01-20","2015-09-14","VuceAg7yVycbihe2x8O8rPGHiPpx9YoG9n/0cGsHNBk=","NEON.BET.D02.001275","ELAXAN","Elaphropus xanthopus","species",,"Dejean",,"Bousquet, Y. 2010b. Illustrated Identification Guide to Adults and Larvae of Northeastern North American Ground Beetles (Coleoptera: Carabidae). 1st Ed. Pensoft Publishers, Sofia, Bulgaria.",,"wYCqaZcA+7tKZqVSOMaNBCcRKvQIOBzP","esNjjubcI51hdInmRHEEIrFR4+oIJtuN",
"ed6a71a6-696e-467d-9df8-e4d2f66bf8a1","SERC_007.basePlot.bet","D02","SERC","SERC_007","S","2015-04-21","2015-05-05","2016-01-15","2015-05-21","VuceAg7yVycbihe2x8O8rA3RIj5i7W3Nom/XqT7u/v4=","NEON.BET.D02.001203","SCASUB2","Scarites subterraneus","species",,"Fabricius",,"Other",,"wYCqaZcA+7tKZqVSOMaNBCcRKvQIOBzP","HwrR06bjl3TqPXYD/ecX4LA/iftMi41T",
"19e3448a-f155-45c9-98c9-f35c37eec815","SERC_002.basePlot.bet","D02","SERC","SERC_002","W","2015-04-21","2015-05-05","2016-01-21","2015-05-21","YcnMnCZo63lEMCEtrcXtsYKcgfa349EW+fke9pD/Xuk=","NEON.BET.D02.001744","DICDIL1","Dicaelus dilatatus dilatatus","subspecies",,"Say",,"Ciegler, J. C. 2000. Ground beetles and wrinkled bark beetles of South Carolina (Coleoptera: Geadephaga: Carabidae and Rhysodidae). Biota of South Carolina. Vol. 1. Clemson, S. Clemson University.",,"wYCqaZcA+7slXlj5N/mM6vobrh4QDptp","vG946HPdyCak4YNcquSpnhDyztG1jnbiCP4A7p87kck=",
"2241dee3-9452-4f00-8077-883c07ae31d9","SERC_007.basePlot.bet","D02","SERC","SERC_007","W","2015-04-21","2015-05-05","2016-01-21","2015-10-29","VuceAg7yVycN8DaQWzDzgyAqozRoe06HZzIzYMFaXhU=","NEON.BET.D02.001684","AMAAEN1","Amara aenea","species",,"DeGeer",,"Bousquet, Y. 2010b. Illustrated Identification Guide to Adults and Larvae of Northeastern North American Ground Beetles (Coleoptera: Carabidae). 1st Ed. Pensoft Publishers, Sofia, Bulgaria.",,"wYCqaZcA+7slXlj5N/mM6vobrh4QDptp","esNjjubcI51hdInmRHEEIrFR4+oIJtuN",
"9fd23511-5ada-4a6f-881e-30568b9e46a4","SERC_007.basePlot.bet","D02","SERC","SERC_007","W","2015-04-21","2015-05-05","2016-01-21","2015-11-04","VuceAg7yVycN8DaQWzDzg1nLFZSpf+RTZC6AVniIw4Y=","NEON.BET.D02.001853","BRARUP","Bradycellus rupestris","species",,"Say",,"Lindroth, C. H. 1969. The ground-beetles (Carabidae, excl. Cicindelinae) of Canada and Alaska, parts 1-6. Opuscula E. Entomoligiska Sallskapet.",,"wYCqaZcA+7slXlj5N/mM6vobrh4QDptp","vG946HPdyCak4YNcquSpnhDyztG1jnbiCP4A7p87kck=",
"80c7f265-fd50-4fec-b6c2-de8bd1c58957","SERC_007.basePlot.bet","D02","SERC","SERC_007","W","2015-04-21","2015-05-05","2016-01-21","2015-10-29","VuceAg7yVycN8DaQWzDzgyAqozRoe06HZzIzYMFaXhU=","NEON.BET.D02.001687","AMAAEN1","Amara aenea","species",,"DeGeer",,"Bousquet, Y. 2010b. Illustrated Identification Guide to Adults and Larvae of Northeastern North American Ground Beetles (Coleoptera: Carabidae). 1st Ed. Pensoft Publishers, Sofia, Bulgaria.",,"wYCqaZcA+7slXlj5N/mM6vobrh4QDptp","esNjjubcI51hdInmRHEEIrFR4+oIJtuN",
"5ff9b34e-e4be-4c84-9c96-8a5d75aec18f","SERC_007.basePlot.bet","D02","SERC","SERC_007","W","2015-04-21","2015-05-05","2016-01-21","2015-10-29","VuceAg7yVycN8DaQWzDzgyAqozRoe06HZzIzYMFaXhU=","NEON.BET.D02.001686","AMAAEN1","Amara aenea","species",,"DeGeer",,"Bousquet, Y. 2010b. Illustrated Identification Guide to Adults and Larvae of Northeastern North American Ground Beetles (Coleoptera: Carabidae). 1st Ed. Pensoft Publishers, Sofia, Bulgaria.",,"wYCqaZcA+7slXlj5N/mM6vobrh4QDptp","esNjjubcI51hdInmRHEEIrFR4+oIJtuN",
"b09442ff-f3d9-4530-af5b-c44edfe6aa05","SERC_007.basePlot.bet","D02","SERC","SERC_007","W","2015-04-21","2015-05-05","2016-01-21","2015-10-29","VuceAg7yVycN8DaQWzDzgyAqozRoe06HZzIzYMFaXhU=","NEON.BET.D02.001685","AMAAEN1","Amara aenea","species",,"DeGeer",,"Bousquet, Y. 2010b. Illustrated Identification Guide to Adults and Larvae of Northeastern North American Ground Beetles (Coleoptera: Carabidae). 1st Ed. Pensoft Publishers, Sofia, Bulgaria.",,"wYCqaZcA+7slXlj5N/mM6vobrh4QDptp","esNjjubcI51hdInmRHEEIrFR4+oIJtuN",
"b307244c-c87c-40a1-9e78-a80597f7620c","SERC_010.basePlot.bet","D02","SERC","SERC_010","W","2015-04-21","2015-05-05","2016-01-21","2015-10-28","zJWEWmQZoMPpaU7oGDbswTxGwJQcG+7gq/bF73bY45s=","NEON.BET.D02.001813","ANINIG1","Anisodactylus nigerrimus","species",,"Dejean",,"Bousquet, Y. 2010b. Illustrated Identification Guide to Adults and Larvae of Northeastern North American Ground Beetles (Coleoptera: Carabidae). 1st Ed. Pensoft Publishers, Sofia, Bulgaria.",,"wYCqaZcA+7slXlj5N/mM6vobrh4QDptp","vG946HPdyCak4YNcquSpnhDyztG1jnbiCP4A7p87kck=",
"00da154b-ba84-4736-9abe-97ff77679de6","SERC_007.basePlot.bet","D02","SERC","SERC_007","W","2015-04-21","2015-05-05","2016-01-21","2015-10-29","VuceAg7yVycN8DaQWzDzgyAqozRoe06HZzIzYMFaXhU=","NEON.BET.D02.001688","AMAAEN1","Amara aenea","species",,"DeGeer",,"Bousquet, Y. 2010b. Illustrated Identification Guide to Adults and Larvae of Northeastern North American Ground Beetles (Coleoptera: Carabidae). 1st Ed. Pensoft Publishers, Sofia, Bulgaria.",,"wYCqaZcA+7slXlj5N/mM6vobrh4QDptp","esNjjubcI51hdInmRHEEIrFR4+oIJtuN",
"1be48613-6f46-4e0b-885e-1fcbdff348e2","SERC_007.basePlot.bet","D02","SERC","SERC_007","W","2015-04-21","2015-05-05","2016-01-21","2015-10-29","VuceAg7yVycN8DaQWzDzgyAqozRoe06HZzIzYMFaXhU=","NEON.BET.D02.001689","AMAAEN1","Amara aenea","species",,"DeGeer",,"Bousquet, Y. 2010b. Illustrated Identification Guide to Adults and Larvae of Northeastern North American Ground Beetles (Coleoptera: Carabidae). 1st Ed. Pensoft Publishers, Sofia, Bulgaria.",,"wYCqaZcA+7slXlj5N/mM6vobrh4QDptp","esNjjubcI51hdInmRHEEIrFR4+oIJtuN",
"31151b5d-92dd-45d7-9258-944763f6b9d0","SERC_006.basePlot.bet","D02","SERC","SERC_006","E","2015-05-05","2015-05-19","2016-01-21","2015-06-26","ulDxSdgiTKKsykPM3MpMLPgiu5YiXIehfEexO7f1VEQ=","NEON.BET.D02.001806","DICAMB","Dicaelus ambiguus","species",,"LaFerte-Senectere",,"Ciegler, J. C. 2000. Ground beetles and wrinkled bark beetles of South Carolina (Coleoptera: Geadephaga: Carabidae and Rhysodidae). Biota of South Carolina. Vol. 1. Clemson, S. Clemson University.",,"wYCqaZcA+7slXlj5N/mM6vobrh4QDptp","vG946HPdyCak4YNcquSpnhDyztG1jnbiCP4A7p87kck=",
"63bb6630-3d28-467f-85c6-03c1268f44d3","SERC_021.basePlot.bet","D02","SERC","SERC_021","E","2015-05-05","2015-05-19","2016-01-21","2015-06-26","abrvHFi/544rIYvVrnVG5pg9X1NlbrH1dCLlEfUjEXs=","NEON.BET.D02.001969","GALBIC","Galerita bicolor","species",,"Drury",,"Ciegler, J. C. 2000. Ground beetles and wrinkled bark beetles of South Carolina (Coleoptera: Geadephaga: Carabidae and Rhysodidae). Biota of South Carolina. Vol. 1. Clemson, S. Clemson University.",,"wYCqaZcA+7slXlj5N/mM6vobrh4QDptp","vG946HPdyCak4YNcquSpnhDyztG1jnbiCP4A7p87kck=",
"03bad696-4048-4a84-87c1-4626f68ce4b6","SERC_007.basePlot.bet","D02","SERC","SERC_007","E","2015-05-05","2015-05-19","2016-01-20","2015-07-06","VuceAg7yVydSuT/FC6hzou1TBpaiqs3uqWQqjD8ZS7E=","NEON.BET.D02.001479","POECHA","Poecilus chalcites","species",,"Say",,"Ciegler, J. C. 2000. Ground beetles and wrinkled bark beetles of South Carolina (Coleoptera: Geadephaga: Carabidae and Rhysodidae). Biota of South Carolina. Vol. 1. Clemson, S. Clemson University.",,"wYCqaZcA+7slXlj5N/mM6vobrh4QDptp","esNjjubcI51hdInmRHEEIrFR4+oIJtuN",
"16ef603f-0559-491c-8194-99ef9230ddba","SERC_021.basePlot.bet","D02","SERC","SERC_021","E","2015-05-05","2015-05-19","2016-01-21","2015-06-26","abrvHFi/544rIYvVrnVG5rkhYl+2JlDdcmYG2xmDLvs=","NEON.BET.D02.001543","PTESTY","Pterostichus stygicus","species",,"Say",,"Bousquet, Y. 2010b. Illustrated Identification Guide to Adults and Larvae of Northeastern North American Ground Beetles (Coleoptera: Carabidae). 1st Ed. Pensoft Publishers, Sofia, Bulgaria.",,"wYCqaZcA+7slXlj5N/mM6vobrh4QDptp","esNjjubcI51hdInmRHEEIrFR4+oIJtuN",
"c88fc2ee-8679-4169-b694-0931aa9e6b8b","SERC_021.basePlot.bet","D02","SERC","SERC_021","E","2015-05-05","2015-05-19","2016-01-21","2015-06-26","abrvHFi/544rIYvVrnVG5rkhYl+2JlDdcmYG2xmDLvs=","NEON.BET.D02.001544","PTESTY","Pterostichus stygicus","species",,"Say",,"Bousquet, Y. 2010b. Illustrated Identification Guide to Adults and Larvae of Northeastern North American Ground Beetles (Coleoptera: Carabidae). 1st Ed. Pensoft Publishers, Sofia, Bulgaria.",,"wYCqaZcA+7slXlj5N/mM6vobrh4QDptp","esNjjubcI51hdInmRHEEIrFR4+oIJtuN",
"cca71ff8-33e5-49be-b49f-1cbe82119295","SERC_015.basePlot.bet","D02","SERC","SERC_015","E","2015-05-05","2015-05-19","2016-01-21","2015-06-26","oRHnGosYO5NZrKCHiCE5rw485uJ9VM5pXveJKxkYF0M=","NEON.BET.D02.001545","PTESTY","Pterostichus stygicus","species",,"Say",,"Bousquet, Y. 2010b. Illustrated Identification Guide to Adults and Larvae of Northeastern North American Ground Beetles (Coleoptera: Carabidae). 1st Ed. Pensoft Publishers, Sofia, Bulgaria.",,"wYCqaZcA+7slXlj5N/mM6vobrh4QDptp","esNjjubcI51hdInmRHEEIrFR4+oIJtuN",
"83f164dd-f872-4321-92c0-769a05da4d40","SERC_007.basePlot.bet","D02","SERC","SERC_007","E","2015-05-05","2015-05-19","2016-01-20","2015-07-06","VuceAg7yVydSuT/FC6hzou1TBpaiqs3uqWQqjD8ZS7E=","NEON.BET.D02.001478","POECHA","Poecilus chalcites","species",,"Say",,"Ciegler, J. C. 2000. Ground beetles and wrinkled bark beetles of South Carolina (Coleoptera: Geadephaga: Carabidae and Rhysodidae). Biota of South Carolina. Vol. 1. Clemson, S. Clemson University.",,"wYCqaZcA+7slXlj5N/mM6vobrh4QDptp","esNjjubcI51hdInmRHEEIrFR4+oIJtuN",
"8b0e0064-2c75-4c3c-878c-97629f1e2c6b","SERC_007.basePlot.bet","D02","SERC","SERC_007","E","2015-05-05","2015-05-19","2016-01-20","2015-07-06","VuceAg7yVydSuT/FC6hzou1TBpaiqs3uqWQqjD8ZS7E=","NEON.BET.D02.001477","POECHA","Poecilus chalcites","species",,"Say",,"Ciegler, J. C. 2000. Ground beetles and wrinkled bark beetles of South Carolina (Coleoptera: Geadephaga: Carabidae and Rhysodidae). Biota of South Carolina. Vol. 1. Clemson, S. Clemson University.",,"wYCqaZcA+7slXlj5N/mM6vobrh4QDptp","esNjjubcI51hdInmRHEEIrFR4+oIJtuN",
"7844153b-d2dc-40cc-a4b1-7f2793fa107e","SERC_007.basePlot.bet","D02","SERC","SERC_007","E","2015-05-05","2015-05-19","2016-01-20","2015-07-06","VuceAg7yVydSuT/FC6hzou1TBpaiqs3uqWQqjD8ZS7E=","NEON.BET.D02.001476","POECHA","Poecilus chalcites","species",,"Say",,"Ciegler, J. C. 2000. Ground beetles and wrinkled bark beetles of South Carolina (Coleoptera: Geadephaga: Carabidae and Rhysodidae). Biota of South Carolina. Vol. 1. Clemson, S. Clemson University.",,"wYCqaZcA+7slXlj5N/mM6vobrh4QDptp","esNjjubcI51hdInmRHEEIrFR4+oIJtuN",
"65a8ee6b-749c-45d6-812d-81e512160634","SERC_001.basePlot.bet","D02","SERC","SERC_001","E","2015-05-05","2015-05-19","2016-01-21","2015-07-06","UaGVcrvVzDNwkOl+brc1rGfPGzmKp7WrnTvY8pa6vqI=","NEON.BET.D02.001561","CARSP14","Carabidae sp.","family",,"Latreille","D02.2015.MorphA","Other",,"wYCqaZcA+7slXlj5N/mM6vobrh4QDptp","esNjjubcI51hdInmRHEEIrFR4+oIJtuN","Pterostichus subgenus Abacidus. Doesn't key to any described species- prosternal process margined, ultimate tarsomeres glabrous, pronotal margin distinct to base, aedeagus simple."
"29af1429-15f3-445a-afca-d48ad3e8b9af","SERC_007.basePlot.bet","D02","SERC","SERC_007","E","2015-05-05","2015-05-19","2016-01-15","2015-07-06","VuceAg7yVydSuT/FC6hzoj95nEqMmvk2QkN8f8OBBzg=","NEON.BET.D02.001211","SCASUB2","Scarites subterraneus","species",,"Fabricius",,"Other",,"wYCqaZcA+7tKZqVSOMaNBCcRKvQIOBzP","HwrR06bjl3TqPXYD/ecX4LA/iftMi41T",
"19c5b78e-69e9-4179-9ff6-c5f8a9a6d19a","SERC_003.basePlot.bet","D02","SERC","SERC_003","E","2015-05-05","2015-05-19","2016-01-15","2015-06-26","CC7oYVgiCpATUy6WPFyiJnk64sf2/H8k/smUMax4FS8=","NEON.BET.D02.001195","CICSEX","Cicindela sexguttata","species",,"Fabricius",,"Ciegler, J. C. 2000. Ground beetles and wrinkled bark beetles of South Carolina (Coleoptera: Geadephaga: Carabidae and Rhysodidae). Biota of South Carolina. Vol. 1. Clemson, S. Clemson University.",,"wYCqaZcA+7tKZqVSOMaNBCcRKvQIOBzP","HwrR06bjl3TqPXYD/ecX4LA/iftMi41T",
"ebaaaa5f-ac4d-4710-b1ac-90f8fc2c8761","SERC_021.basePlot.bet","D02","SERC","SERC_021","E","2015-05-05","2015-05-19","2016-01-15","2015-06-26","abrvHFi/544rIYvVrnVG5ichHrH/8mLA1eUxGkJEk8w=","NEON.BET.D02.001177","CARGOR","Carabus goryi","species",,"Dejean",,"Ciegler, J. C. 2000. Ground beetles and wrinkled bark beetles of South Carolina (Coleoptera: Geadephaga: Carabidae and Rhysodidae). Biota of South Carolina. Vol. 1. Clemson, S. Clemson University.",,"wYCqaZcA+7tKZqVSOMaNBCcRKvQIOBzP","HwrR06bjl3TqPXYD/ecX4LA/iftMi41T",
"f3341d5d-5dec-47e1-9b89-0d97cc5a73ea","SERC_021.basePlot.bet","D02","SERC","SERC_021","E","2015-05-05","2015-05-19","2016-01-15","2015-06-26","abrvHFi/544rIYvVrnVG5ichHrH/8mLA1eUxGkJEk8w=","NEON.BET.D02.001176","CARGOR","Carabus goryi","species",,"Dejean",,"Ciegler, J. C. 2000. Ground beetles and wrinkled bark beetles of South Carolina (Coleoptera: Geadephaga: Carabidae and Rhysodidae). Biota of South Carolina. Vol. 1. Clemson, S. Clemson University.",,"wYCqaZcA+7tKZqVSOMaNBCcRKvQIOBzP","HwrR06bjl3TqPXYD/ecX4LA/iftMi41T",
"effb128f-c7bc-4277-b2d0-5276131b0be9","SERC_016.basePlot.bet","D02","SERC","SERC_016","E","2015-05-05","2015-05-19","2016-01-15","2015-06-26","YVGGTAS4Nw9I7wcGu/Kj81N2u2ZNMVYxAEjLyhIj/LM=","NEON.BET.D02.001194","CARVIN","Carabus vinctus","species",,"Weber",,"Ciegler, J. C. 2000. Ground beetles and wrinkled bark beetles of South Carolina (Coleoptera: Geadephaga: Carabidae and Rhysodidae). Biota of South Carolina. Vol. 1. Clemson, S. Clemson University.",,"wYCqaZcA+7tKZqVSOMaNBCcRKvQIOBzP","HwrR06bjl3TqPXYD/ecX4LA/iftMi41T",
"caa88b97-fdc9-473d-9a5d-932b52238c6a","SERC_007.basePlot.bet","D02","SERC","SERC_007","E","2015-05-05","2015-05-19","2016-01-15","2015-07-06","VuceAg7yVydSuT/FC6hzoj95nEqMmvk2QkN8f8OBBzg=","NEON.BET.D02.001213","SCASUB2","Scarites subterraneus","species",,"Fabricius",,"Other",,"wYCqaZcA+7tKZqVSOMaNBCcRKvQIOBzP","HwrR06bjl3TqPXYD/ecX4LA/iftMi41T",
"40f525ea-8d0c-4eb9-917c-d805d9439ebf","SERC_007.basePlot.bet","D02","SERC","SERC_007","E","2015-05-05","2015-05-19","2016-01-15","2015-07-06","VuceAg7yVydSuT/FC6hzoj95nEqMmvk2QkN8f8OBBzg=","NEON.BET.D02.001215","SCASUB2","Scarites subterraneus","species",,"Fabricius",,"Other",,"wYCqaZcA+7tKZqVSOMaNBCcRKvQIOBzP","HwrR06bjl3TqPXYD/ecX4LA/iftMi41T",
"ebae4fc4-8744-4d2d-bd38-02ea5a69cc26","SERC_007.basePlot.bet","D02","SERC","SERC_007","E","2015-05-05","2015-05-19","2016-01-15","2015-07-06","VuceAg7yVydSuT/FC6hzoj95nEqMmvk2QkN8f8OBBzg=","NEON.BET.D02.001214","SCASUB2","Scarites subterraneus","species",,"Fabricius",,"Other",,"wYCqaZcA+7tKZqVSOMaNBCcRKvQIOBzP","HwrR06bjl3TqPXYD/ecX4LA/iftMi41T",
"410eb686-0075-42cf-94bc-47892bf13929","SERC_007.basePlot.bet","D02","SERC","SERC_007","E","2015-05-05","2015-05-19","2016-01-15","2015-07-06","VuceAg7yVydSuT/FC6hzoj95nEqMmvk2QkN8f8OBBzg=","NEON.BET.D02.001212","SCASUB2","Scarites subterraneus","species",,"Fabricius",,"Other",,"wYCqaZcA+7tKZqVSOMaNBCcRKvQIOBzP","HwrR06bjl3TqPXYD/ecX4LA/iftMi41T",
"81423d80-b1d3-4476-8c8d-e504e3e00bf5","SERC_007.basePlot.bet","D02","SERC","SERC_007","N","2015-05-05","2015-05-19","2016-01-21","2015-07-06","VuceAg7yVyd8iwrZjSXXrTu0ykFqusaV1l3yKuium7Y=","NEON.BET.D02.001948","TRIFUL","Trichotichnus fulgens","species",,"Csiki",,"Ciegler, J. C. 2000. Ground beetles and wrinkled bark beetles of South Carolina (Coleoptera: Geadephaga: Carabidae and Rhysodidae). Biota of South Carolina. Vol. 1. Clemson, S. Clemson University.",,"wYCqaZcA+7slXlj5N/mM6vobrh4QDptp","vG946HPdyCak4YNcquSpnhDyztG1jnbiCP4A7p87kck=",
"0a3008e1-002c-442a-99ef-5991b2329c12","SERC_002.basePlot.bet","D02","SERC","SERC_002","N","2015-05-05","2015-05-19","2016-01-21","2015-07-06","YcnMnCZo63lrLwHfMM6Hvdq54rudvU7acVj+OpUs6y4=","NEON.BET.D02.001745","DICDIL1","Dicaelus dilatatus dilatatus","subspecies",,"Say",,"Ciegler, J. C. 2000. Ground beetles and wrinkled bark beetles of South Carolina (Coleoptera: Geadephaga: Carabidae and Rhysodidae). Biota of South Carolina. Vol. 1. Clemson, S. Clemson University.",,"wYCqaZcA+7slXlj5N/mM6vobrh4QDptp","vG946HPdyCak4YNcquSpnhDyztG1jnbiCP4A7p87kck=",
"5c1c78a9-688b-4a08-877b-8db33a49e8ce","SERC_007.basePlot.bet","D02","SERC","SERC_007","N","2015-05-05","2015-05-19","2016-01-21","2015-07-06","VuceAg7yVyd8iwrZjSXXrTu0ykFqusaV1l3yKuium7Y=","NEON.BET.D02.001949","TRIFUL","Trichotichnus fulgens","species",,"Csiki",,"Ciegler, J. C. 2000. Ground beetles and wrinkled bark beetles of South Carolina (Coleoptera: Geadephaga: Carabidae and Rhysodidae). Biota of South Carolina. Vol. 1. Clemson, S. Clemson University.",,"wYCqaZcA+7slXlj5N/mM6vobrh4QDptp","vG946HPdyCak4YNcquSpnhDyztG1jnbiCP4A7p87kck=",
"0e69d3a6-da85-4bb7-981b-43213bc3a7c6","SERC_021.basePlot.bet","D02","SERC","SERC_021","N","2015-05-05","2015-05-19","2016-01-21","2015-05-19","abrvHFi/547quzRJ4XXPwFPbQ07UlkU+nJCAgB6KzZs=","NEON.BET.D02.001542","PTESTY","Pterostichus stygicus","species",,"Say",,"Bousquet, Y. 2010b. Illustrated Identification Guide to Adults and Larvae of Northeastern North American Ground Beetles (Coleoptera: Carabidae). 1st Ed. Pensoft Publishers, Sofia, Bulgaria.",,"wYCqaZcA+7slXlj5N/mM6vobrh4QDptp","esNjjubcI51hdInmRHEEIrFR4+oIJtuN",
"4011ca31-4daf-4c64-a6ba-20c64d260204","SERC_016.basePlot.bet","D02","SERC","SERC_016","N","2015-05-05","2015-05-19","2016-01-21","2015-06-26","YVGGTAS4Nw9Xozif4tWpppTlhHRKY3nWUWg6B/I/fOs=","NEON.BET.D02.001757","DICFUR2","Dicaelus furvus furvus","subspecies",,"Dejean",,"Ciegler, J. C. 2000. Ground beetles and wrinkled bark beetles of South Carolina (Coleoptera: Geadephaga: Carabidae and Rhysodidae). Biota of South Carolina. Vol. 1. Clemson, S. Clemson University.",,"wYCqaZcA+7slXlj5N/mM6vobrh4QDptp","vG946HPdyCak4YNcquSpnhDyztG1jnbiCP4A7p87kck=",
"4958d2f8-3fc7-4f8c-bac9-f39236a2ab38","SERC_007.basePlot.bet","D02","SERC","SERC_007","N","2015-05-05","2015-05-19","2016-01-20","2015-07-06","VuceAg7yVyd8iwrZjSXXrVFYl6kwkK+kMoMC7enZsnE=","NEON.BET.D02.001469","POECHA","Poecilus chalcites","species",,"Say",,"Ciegler, J. C. 2000. Ground beetles and wrinkled bark beetles of South Carolina (Coleoptera: Geadephaga: Carabidae and Rhysodidae). Biota of South Carolina. Vol. 1. Clemson, S. Clemson University.",,"wYCqaZcA+7slXlj5N/mM6vobrh4QDptp","esNjjubcI51hdInmRHEEIrFR4+oIJtuN",
"2eb644ab-64e4-4d9b-9d04-234dc2871e13","SERC_007.basePlot.bet","D02","SERC","SERC_007","N","2015-05-05","2015-05-19","2016-01-21","2015-10-29","VuceAg7yVyd8iwrZjSXXrS6yJjaKmmUtHZx7wciA15Y=","NEON.BET.D02.001709","AMAIMP","Amara impuncticollis","species",,"Say",,"Bousquet, Y. 2010b. Illustrated Identification Guide to Adults and Larvae of Northeastern North American Ground Beetles (Coleoptera: Carabidae). 1st Ed. Pensoft Publishers, Sofia, Bulgaria.",,"wYCqaZcA+7slXlj5N/mM6vobrh4QDptp","esNjjubcI51hdInmRHEEIrFR4+oIJtuN",
"2ed0bf47-44e3-434a-bdbc-43826ce0e96d","SERC_009.basePlot.bet","D02","SERC","SERC_009","N","2015-05-05","2015-05-19","2016-01-21","2015-07-23","tTNfz4yHzdkwSEnQtNH8bRWrDt+JIIuavRHbQshW9tk=","NEON.BET.D02.001541","PTESTY","Pterostichus stygicus","species",,"Say",,"Bousquet, Y. 2010b. Illustrated Identification Guide to Adults and Larvae of Northeastern North American Ground Beetles (Coleoptera: Carabidae). 1st Ed. Pensoft Publishers, Sofia, Bulgaria.",,"wYCqaZcA+7slXlj5N/mM6vobrh4QDptp","esNjjubcI51hdInmRHEEIrFR4+oIJtuN",
"dcd4a6f5-4e04-4c39-bc18-b7f426a1b307","SERC_021.basePlot.bet","D02","SERC","SERC_021","N","2015-05-05","2015-05-19","2016-01-21","2015-06-26","abrvHFi/547quzRJ4XXPwGSMKkEVLE4isHQgGT3Sg8U=","NEON.BET.D02.001805","DICAMB","Dicaelus ambiguus","species",,"LaFerte-Senectere",,"Ciegler, J. C. 2000. Ground beetles and wrinkled bark beetles of South Carolina (Coleoptera: Geadephaga: Carabidae and Rhysodidae). Biota of South Carolina. Vol. 1. Clemson, S. Clemson University.",,"wYCqaZcA+7slXlj5N/mM6vobrh4QDptp","vG946HPdyCak4YNcquSpnhDyztG1jnbiCP4A7p87kck=",
"2fdce863-dbec-4b9e-945c-fd4904e928bf","SERC_006.basePlot.bet","D02","SERC","SERC_006","N","2015-05-05","2015-05-19","2016-01-21","2015-06-26","ulDxSdgiTKJShrRoRejxxqMX/8CbI8zX+nEIeG8vtWE=","NEON.BET.D02.001546","PTESTY","Pterostichus stygicus","species",,"Say",,"Bousquet, Y. 2010b. Illustrated Identification Guide to Adults and Larvae of Northeastern North American Ground Beetles (Coleoptera: Carabidae). 1st Ed. Pensoft Publishers, Sofia, Bulgaria.",,"wYCqaZcA+7slXlj5N/mM6vobrh4QDptp","esNjjubcI51hdInmRHEEIrFR4+oIJtuN",
"1e6ad875-c1b5-4fee-a0c8-a38e46450471","SERC_002.basePlot.bet","D02","SERC","SERC_002","N","2015-05-05","2015-05-19","2016-01-15","2015-07-06","YcnMnCZo63lrLwHfMM6HvXYyN06URK1bKUWMww7Aueg=","NEON.BET.D02.001219","SCASUB2","Scarites subterraneus","species",,"Fabricius",,"Other",,"wYCqaZcA+7tKZqVSOMaNBCcRKvQIOBzP","HwrR06bjl3TqPXYD/ecX4LA/iftMi41T",
"c503410a-432c-4ed0-94c2-0648d74c80d4","SERC_007.basePlot.bet","D02","SERC","SERC_007","N","2015-05-05","2015-05-19","2016-01-15","2015-07-06","VuceAg7yVyd8iwrZjSXXrQqNf6u2+AtSMSKm7WdSG8I=","NEON.BET.D02.001208","SCASUB2","Scarites subterraneus","species",,"Fabricius",,"Other",,"wYCqaZcA+7tKZqVSOMaNBCcRKvQIOBzP","HwrR06bjl3TqPXYD/ecX4LA/iftMi41T",
"beeeddc6-5f81-4d9f-95ec-745d7bfdbebe","SERC_021.basePlot.bet","D02","SERC","SERC_021","N","2015-05-05","2015-05-19","2016-01-15","2015-06-26","abrvHFi/547quzRJ4XXPwDcWQqrR1RT8QcULiRaT6Tw=","NEON.BET.D02.001220","SCASUB2","Scarites subterraneus","species",,"Fabricius",,"Other",,"wYCqaZcA+7tKZqVSOMaNBCcRKvQIOBzP","HwrR06bjl3TqPXYD/ecX4LA/iftMi41T",
"c53a6255-4890-4c8b-96a6-8c3abafb5165","SERC_007.basePlot.bet","D02","SERC","SERC_007","N","2015-05-05","2015-05-19","2016-01-15","2015-07-06","VuceAg7yVyd8iwrZjSXXrQqNf6u2+AtSMSKm7WdSG8I=","NEON.BET.D02.001207","SCASUB2","Scarites subterraneus","species",,"Fabricius",,"Other",,"wYCqaZcA+7tKZqVSOMaNBCcRKvQIOBzP","HwrR06bjl3TqPXYD/ecX4LA/iftMi41T",
"acb7f451-5df9-4445-bcee-af4fe60a57b0","SERC_007.basePlot.bet","D02","SERC","SERC_007","N","2015-05-05","2015-05-19","2016-01-15","2015-07-06","VuceAg7yVyd8iwrZjSXXrQqNf6u2+AtSMSKm7WdSG8I=","NEON.BET.D02.001209","SCASUB2","Scarites subterraneus","species",,"Fabricius",,"Other",,"wYCqaZcA+7tKZqVSOMaNBCcRKvQIOBzP","HwrR06bjl3TqPXYD/ecX4LA/iftMi41T",
"a03bc415-10c2-42e9-afd0-4ac727400355","SERC_007.basePlot.bet","D02","SERC","SERC_007","N","2015-05-05","2015-05-19","2016-01-15","2015-07-06","VuceAg7yVyd8iwrZjSXXrQqNf6u2+AtSMSKm7WdSG8I=","NEON.BET.D02.001210","SCASUB2","Scarites subterraneus","species",,"Fabricius",,"Other",,"wYCqaZcA+7tKZqVSOMaNBCcRKvQIOBzP","HwrR06bjl3TqPXYD/ecX4LA/iftMi41T",
"1efb7981-5dd8-4b27-934d-ee423044d0e7","SERC_007.basePlot.bet","D02","SERC","SERC_007","N","2015-05-05","2015-05-19","2016-01-15","2015-07-06","VuceAg7yVyd8iwrZjSXXrQqNf6u2+AtSMSKm7WdSG8I=","NEON.BET.D02.001206","SCASUB2","Scarites subterraneus","species",,"Fabricius",,"Other",,"wYCqaZcA+7tKZqVSOMaNBCcRKvQIOBzP","HwrR06bjl3TqPXYD/ecX4LA/iftMi41T",
"bc266347-965f-4390-b0c7-558291450618","SERC_003.basePlot.bet","D02","SERC","SERC_003","N","2015-05-05","2015-05-19","2016-01-15","2015-06-26","CC7oYVgiCpCG6sExBGzz/Hv0TC3IZMp/JvJANV+mNzE=","NEON.BET.D02.001184","CARVIN","Carabus vinctus","species",,"Weber",,"Ciegler, J. C. 2000. Ground beetles and wrinkled bark beetles of South Carolina (Coleoptera: Geadephaga: Carabidae and Rhysodidae). Biota of South Carolina. Vol. 1. Clemson, S. Clemson University.",,"wYCqaZcA+7tKZqVSOMaNBCcRKvQIOBzP","HwrR06bjl3TqPXYD/ecX4LA/iftMi41T",
"3da26c3d-3ee0-4d66-a88f-589bbcf8012c","SERC_007.basePlot.bet","D02","SERC","SERC_007","S","2015-05-05","2015-05-19","2016-01-21","2015-10-29","VuceAg7yVycbihe2x8O8rGvJ52wTbg3c5UGT6H3Iqus=","NEON.BET.D02.001703","AMAAEN1","Amara aenea","species",,"DeGeer",,"Bousquet, Y. 2010b. Illustrated Identification Guide to Adults and Larvae of Northeastern North American Ground Beetles (Coleoptera: Carabidae). 1st Ed. Pensoft Publishers, Sofia, Bulgaria.",,"wYCqaZcA+7slXlj5N/mM6vobrh4QDptp","esNjjubcI51hdInmRHEEIrFR4+oIJtuN",
"b9dc1436-4e95-4b48-8581-41686d3e4d5f","SERC_007.basePlot.bet","D02","SERC","SERC_007","S","2015-05-05","2015-05-19","2016-01-21","2015-10-29","VuceAg7yVycbihe2x8O8rGvJ52wTbg3c5UGT6H3Iqus=","NEON.BET.D02.001702","AMAAEN1","Amara aenea","species",,"DeGeer",,"Bousquet, Y. 2010b. Illustrated Identification Guide to Adults and Larvae of Northeastern North American Ground Beetles (Coleoptera: Carabidae). 1st Ed. Pensoft Publishers, Sofia, Bulgaria.",,"wYCqaZcA+7slXlj5N/mM6vobrh4QDptp","esNjjubcI51hdInmRHEEIrFR4+oIJtuN",
"cdadc2bc-1bc5-487d-b9cc-85ce05352ca2","SERC_007.basePlot.bet","D02","SERC","SERC_007","S","2015-05-05","2015-05-19","2016-01-21","2015-07-06","VuceAg7yVycbihe2x8O8rD/Dqi1M6Pgeysk60ORHyuk=","NEON.BET.D02.001852","AMPSER","Amphasia sericea","species",,"T.Harris",,"Ciegler, J. C. 2000. Ground beetles and wrinkled bark beetles of South Carolina (Coleoptera: Geadephaga: Carabidae and Rhysodidae). Biota of South Carolina. Vol. 1. Clemson, S. Clemson University.",,"wYCqaZcA+7slXlj5N/mM6vobrh4QDptp","vG946HPdyCak4YNcquSpnhDyztG1jnbiCP4A7p87kck=",
"b8df0f16-7af7-4f00-bd5f-6f646940afda","SERC_007.basePlot.bet","D02","SERC","SERC_007","S","2015-05-05","2015-05-19","2016-01-21","2015-07-06","VuceAg7yVycbihe2x8O8rEnY71o7dkYyj7hjjDxP1ao=","NEON.BET.D02.001962","AGOOCT","Agonum octopunctatum","species",,"Fabricius",,"Ciegler, J. C. 2000. Ground beetles and wrinkled bark beetles of South Carolina (Coleoptera: Geadephaga: Carabidae and Rhysodidae). Biota of South Carolina. Vol. 1. Clemson, S. Clemson University.",,"wYCqaZcA+7slXlj5N/mM6vobrh4QDptp","vG946HPdyCak4YNcquSpnhDyztG1jnbiCP4A7p87kck=",
"e3708f6b-f3ba-4c10-8355-634325cfd93d","SERC_007.basePlot.bet","D02","SERC","SERC_007","S","2015-05-05","2015-05-19","2016-01-21","2015-10-29","VuceAg7yVycbihe2x8O8rGvJ52wTbg3c5UGT6H3Iqus=","NEON.BET.D02.001704","AMAAEN1","Amara aenea","species",,"DeGeer",,"Bousquet, Y. 2010b. Illustrated Identification Guide to Adults and Larvae of Northeastern North American Ground Beetles (Coleoptera: Carabidae). 1st Ed. Pensoft Publishers, Sofia, Bulgaria.",,"wYCqaZcA+7slXlj5N/mM6vobrh4QDptp","esNjjubcI51hdInmRHEEIrFR4+oIJtuN",
"f307fd55-c372-4661-893c-53893c521eab","SERC_001.basePlot.bet","D02","SERC","SERC_001","S","2015-05-05","2015-05-19","2016-01-21","2015-07-06","UaGVcrvVzDMTNP1CPcl/gwGGVD0SXQlaOjnRBE/W2d0=","NEON.BET.D02.001714","CHLAES","Chlaenius aestivus","species",,"Say",,"Ciegler, J. C. 2000. Ground beetles and wrinkled bark beetles of South Carolina (Coleoptera: Geadephaga: Carabidae and Rhysodidae). Biota of South Carolina. Vol. 1. Clemson, S. Clemson University.",,"wYCqaZcA+7slXlj5N/mM6vobrh4QDptp","esNjjubcI51hdInmRHEEIrFR4+oIJtuN",
"3dc69b90-318b-466e-8062-34f68b806e2a","SERC_002.basePlot.bet","D02","SERC","SERC_002","S","2015-05-05","2015-05-19","2016-01-21","2015-07-06","YcnMnCZo63lkDrP/fuO0GSki/2feZJ6rR68fKZajLww=","NEON.BET.D02.001713","CHLAES","Chlaenius aestivus","species",,"Say",,"Ciegler, J. C. 2000. Ground beetles and wrinkled bark beetles of South Carolina (Coleoptera: Geadephaga: Carabidae and Rhysodidae). Biota of South Carolina. Vol. 1. Clemson, S. Clemson University.",,"wYCqaZcA+7slXlj5N/mM6vobrh4QDptp","esNjjubcI51hdInmRHEEIrFR4+oIJtuN",
"c2072116-2266-4b05-bbee-f9a255d7b71f","SERC_016.basePlot.bet","D02","SERC","SERC_016","S","2015-05-05","2015-05-19","2016-01-21","2015-06-26","YVGGTAS4Nw/QDCDcWJyuGftlDddJ/bBqb6tJpGAlz1g=","NEON.BET.D02.001759","DICFUR2","Dicaelus furvus furvus","subspecies",,"Dejean",,"Ciegler, J. C. 2000. Ground beetles and wrinkled bark beetles of South Carolina (Coleoptera: Geadephaga: Carabidae and Rhysodidae). Biota of South Carolina. Vol. 1. Clemson, S. Clemson University.",,"wYCqaZcA+7slXlj5N/mM6vobrh4QDptp","vG946HPdyCak4YNcquSpnhDyztG1jnbiCP4A7p87kck=",
"43514a02-3fef-41b6-836c-d51402703d5d","SERC_009.basePlot.bet","D02","SERC","SERC_009","S","2015-05-05","2015-05-19","2016-01-21","2015-07-06","tTNfz4yHzdmJFQIid5wgzraFHKE4urwZ6MZfl6SNadQ=","NEON.BET.D02.001970","GALBIC","Galerita bicolor","species",,"Drury",,"Ciegler, J. C. 2000. Ground beetles and wrinkled bark beetles of South Carolina (Coleoptera: Geadephaga: Carabidae and Rhysodidae). Biota of South Carolina. Vol. 1. Clemson, S. Clemson University.",,"wYCqaZcA+7slXlj5N/mM6vobrh4QDptp","vG946HPdyCak4YNcquSpnhDyztG1jnbiCP4A7p87kck=",
"467e1170-8eb2-498c-ad32-26752d1aeffa","SERC_007.basePlot.bet","D02","SERC","SERC_007","S","2015-05-05","2015-05-19","2016-01-21","2015-10-29","VuceAg7yVycbihe2x8O8rGvJ52wTbg3c5UGT6H3Iqus=","NEON.BET.D02.001701","AMAAEN1","Amara aenea","species",,"DeGeer",,"Bousquet, Y. 2010b. Illustrated Identification Guide to Adults and Larvae of Northeastern North American Ground Beetles (Coleoptera: Carabidae). 1st Ed. Pensoft Publishers, Sofia, Bulgaria.",,"wYCqaZcA+7slXlj5N/mM6vobrh4QDptp","esNjjubcI51hdInmRHEEIrFR4+oIJtuN",
"15da4fd5-f571-4ad4-b245-f122d09f66c4","SERC_015.basePlot.bet","D02","SERC","SERC_015","S","2015-05-05","2015-05-19","2016-01-21","2015-06-26","oRHnGosYO5OVlOfh6UoAvnyN0C6D9vux6FneW6oox7U=","NEON.BET.D02.001715","CHLAES","Chlaenius aestivus","species",,"Say",,"Ciegler, J. C. 2000. Ground beetles and wrinkled bark beetles of South Carolina (Coleoptera: Geadephaga: Carabidae and Rhysodidae). Biota of South Carolina. Vol. 1. Clemson, S. Clemson University.",,"vEBCcEQSSh8r9pJtyJMpi8WPWOrf6mR2","esNjjubcI51hdInmRHEEIrFR4+oIJtuN",
"3fc207b7-6d9a-41e6-9b31-a2fbb7a66694","SERC_007.basePlot.bet","D02","SERC","SERC_007","S","2015-05-05","2015-05-19","2016-01-20","2015-07-06","VuceAg7yVycbihe2x8O8rDXwzgf7BK/QovDB3jnM0B4=","NEON.BET.D02.001480","POECHA","Poecilus chalcites","species",,"Say",,"Ciegler, J. C. 2000. Ground beetles and wrinkled bark beetles of South Carolina (Coleoptera: Geadephaga: Carabidae and Rhysodidae). Biota of South Carolina. Vol. 1. Clemson, S. Clemson University.",,"wYCqaZcA+7slXlj5N/mM6vobrh4QDptp","esNjjubcI51hdInmRHEEIrFR4+oIJtuN",
"462c4d9b-1d7f-47c0-a01b-7366bb34a1ef","SERC_016.basePlot.bet","D02","SERC","SERC_016","S","2015-05-05","2015-05-19","2016-01-21","2015-06-26","YVGGTAS4Nw/QDCDcWJyuGftlDddJ/bBqb6tJpGAlz1g=","NEON.BET.D02.001758","DICFUR2","Dicaelus furvus furvus","subspecies",,"Dejean",,"Ciegler, J. C. 2000. Ground beetles and wrinkled bark beetles of South Carolina (Coleoptera: Geadephaga: Carabidae and Rhysodidae). Biota of South Carolina. Vol. 1. Clemson, S. Clemson University.",,"wYCqaZcA+7slXlj5N/mM6vobrh4QDptp","vG946HPdyCak4YNcquSpnhDyztG1jnbiCP4A7p87kck=",
"555c9a2b-fd29-435d-b59e-47174ef1c05c","SERC_007.basePlot.bet","D02","SERC","SERC_007","S","2015-05-05","2015-05-19","2016-01-21","2015-10-29","VuceAg7yVycbihe2x8O8rGvJ52wTbg3c5UGT6H3Iqus=","NEON.BET.D02.001705","AMAAEN1","Amara aenea","species",,"DeGeer",,"Bousquet, Y. 2010b. Illustrated Identification Guide to Adults and Larvae of Northeastern North American Ground Beetles (Coleoptera: Carabidae). 1st Ed. Pensoft Publishers, Sofia, Bulgaria.",,"wYCqaZcA+7slXlj5N/mM6vobrh4QDptp","esNjjubcI51hdInmRHEEIrFR4+oIJtuN",
"5119d2ab-2e34-41f3-ab8f-dc564b923d49","SERC_007.basePlot.bet","D02","SERC","SERC_007","S","2015-05-05","2015-05-19","2016-01-20","2015-07-06","VuceAg7yVycbihe2x8O8rDXwzgf7BK/QovDB3jnM0B4=","NEON.BET.D02.001475","POECHA","Poecilus chalcites","species",,"Say",,"Ciegler, J. C. 2000. Ground beetles and wrinkled bark beetles of South Carolina (Coleoptera: Geadephaga: Carabidae and Rhysodidae). Biota of South Carolina. Vol. 1. Clemson, S. Clemson University.",,"wYCqaZcA+7slXlj5N/mM6vobrh4QDptp","esNjjubcI51hdInmRHEEIrFR4+oIJtuN",
"9b0bd8ba-95a9-4071-898f-85e171759df9","SERC_021.basePlot.bet","D02","SERC","SERC_021","S","2015-05-05","2015-05-19","2016-01-20","2015-07-17","abrvHFi/546vIGfJHdKpbzRyMtwLdhIvv1fsEHVPAaA=","NEON.BET.D02.001406","POLLAE","Polyderis laeva","species",,"Say",,"Ciegler, J. C. 2000. Ground beetles and wrinkled bark beetles of South Carolina (Coleoptera: Geadephaga: Carabidae and Rhysodidae). Biota of South Carolina. Vol. 1. Clemson, S. Clemson University.",,"wYCqaZcA+7slXlj5N/mM6vobrh4QDptp","esNjjubcI51hdInmRHEEIrFR4+oIJtuN",
"7083632c-1215-4fb4-b013-a78ade087e0a","SERC_007.basePlot.bet","D02","SERC","SERC_007","S","2015-05-05","2015-05-19","2016-01-20","2015-07-06","VuceAg7yVycbihe2x8O8rDXwzgf7BK/QovDB3jnM0B4=","NEON.BET.D02.001470","POECHA","Poecilus chalcites","species",,"Say",,"Ciegler, J. C. 2000. Ground beetles and wrinkled bark beetles of South Carolina (Coleoptera: Geadephaga: Carabidae and Rhysodidae). Biota of South Carolina. Vol. 1. Clemson, S. Clemson University.",,"wYCqaZcA+7slXlj5N/mM6vobrh4QDptp","esNjjubcI51hdInmRHEEIrFR4+oIJtuN",
"8a284d87-7114-485d-bd14-62c14201049c","SERC_007.basePlot.bet","D02","SERC","SERC_007","S","2015-05-05","2015-05-19","2016-01-20","2015-07-06","VuceAg7yVycbihe2x8O8rDXwzgf7BK/QovDB3jnM0B4=","NEON.BET.D02.001471","POECHA","Poecilus chalcites","species",,"Say",,"Ciegler, J. C. 2000. Ground beetles and wrinkled bark beetles of South Carolina (Coleoptera: Geadephaga: Carabidae and Rhysodidae). Biota of South Carolina. Vol. 1. Clemson, S. Clemson University.",,"wYCqaZcA+7slXlj5N/mM6vobrh4QDptp","esNjjubcI51hdInmRHEEIrFR4+oIJtuN",
"3cb0b668-6bda-49cd-b775-74675ef5ab91","SERC_007.basePlot.bet","D02","SERC","SERC_007","S","2015-05-05","2015-05-19","2016-01-20","2015-07-06","VuceAg7yVycbihe2x8O8rDXwzgf7BK/QovDB3jnM0B4=","NEON.BET.D02.001481","POECHA","Poecilus chalcites","species",,"Say",,"Ciegler, J. C. 2000. Ground beetles and wrinkled bark beetles of South Carolina (Coleoptera: Geadephaga: Carabidae and Rhysodidae). Biota of South Carolina. Vol. 1. Clemson, S. Clemson University.",,"wYCqaZcA+7slXlj5N/mM6vobrh4QDptp","esNjjubcI51hdInmRHEEIrFR4+oIJtuN",
"9d1d9d51-1645-472d-8c80-0c3479d39172","SERC_007.basePlot.bet","D02","SERC","SERC_007","S","2015-05-05","2015-05-19","2016-01-20","2015-07-06","VuceAg7yVycbihe2x8O8rDXwzgf7BK/QovDB3jnM0B4=","NEON.BET.D02.001472","POECHA","Poecilus chalcites","species",,"Say",,"Ciegler, J. C. 2000. Ground beetles and wrinkled bark beetles of South Carolina (Coleoptera: Geadephaga: Carabidae and Rhysodidae). Biota of South Carolina. Vol. 1. Clemson, S. Clemson University.",,"wYCqaZcA+7slXlj5N/mM6vobrh4QDptp","esNjjubcI51hdInmRHEEIrFR4+oIJtuN",
"c9b2b633-a0f0-47f0-a3e7-030e316b71ee","SERC_007.basePlot.bet","D02","SERC","SERC_007","S","2015-05-05","2015-05-19","2016-01-20","2015-07-06","VuceAg7yVycbihe2x8O8rDXwzgf7BK/QovDB3jnM0B4=","NEON.BET.D02.001473","POECHA","Poecilus chalcites","species",,"Say",,"Ciegler, J. C. 2000. Ground beetles and wrinkled bark beetles of South Carolina (Coleoptera: Geadephaga: Carabidae and Rhysodidae). Biota of South Carolina. Vol. 1. Clemson, S. Clemson University.",,"wYCqaZcA+7slXlj5N/mM6vobrh4QDptp","esNjjubcI51hdInmRHEEIrFR4+oIJtuN",
"58f4a3a2-2d30-4d5d-b80c-442b89e76c25","SERC_007.basePlot.bet","D02","SERC","SERC_007","S","2015-05-05","2015-05-19","2016-01-20","2015-07-06","VuceAg7yVycbihe2x8O8rDXwzgf7BK/QovDB3jnM0B4=","NEON.BET.D02.001474","POECHA","Poecilus chalcites","species",,"Say",,"Ciegler, J. C. 2000. Ground beetles and wrinkled bark beetles of South Carolina (Coleoptera: Geadephaga: Carabidae and Rhysodidae). Biota of South Carolina. Vol. 1. Clemson, S. Clemson University.",,"wYCqaZcA+7slXlj5N/mM6vobrh4QDptp","esNjjubcI51hdInmRHEEIrFR4+oIJtuN",
"fcac6bff-7011-493f-8c3d-639fa7499f42","SERC_007.basePlot.bet","D02","SERC","SERC_007","S","2015-05-05","2015-05-19","2016-01-20","2015-09-14","VuceAg7yVycbihe2x8O8rOGfq8HFObuEnMwpp7lHBd8=","NEON.BET.D02.001382","ELAINC","Elaphropus incurvus","species",,"Say",,"Bousquet, Y. 2010b. Illustrated Identification Guide to Adults and Larvae of Northeastern North American Ground Beetles (Coleoptera: Carabidae). 1st Ed. Pensoft Publishers, Sofia, Bulgaria.",,"wYCqaZcA+7tKZqVSOMaNBCcRKvQIOBzP","esNjjubcI51hdInmRHEEIrFR4+oIJtuN",
"791bdc5b-0605-42da-ace0-04a45150bbf1","SERC_007.basePlot.bet","D02","SERC","SERC_007","W","2015-05-05","2015-05-19","2016-01-21","2015-10-29","VuceAg7yVycN8DaQWzDzg0zoNnAZEOD95YOUSyfjp/Q=","NEON.BET.D02.001708","AMAAEN1","Amara aenea","species",,"DeGeer",,"Bousquet, Y. 2010b. Illustrated Identification Guide to Adults and Larvae of Northeastern North American Ground Beetles (Coleoptera: Carabidae). 1st Ed. Pensoft Publishers, Sofia, Bulgaria.",,"wYCqaZcA+7slXlj5N/mM6vobrh4QDptp","esNjjubcI51hdInmRHEEIrFR4+oIJtuN",
"a60c18f5-dd99-49c1-8b7e-60ab7a1d19b1","SERC_007.basePlot.bet","D02","SERC","SERC_007","W","2015-05-05","2015-05-19","2016-01-21","2015-10-29","VuceAg7yVycN8DaQWzDzgzkTrxdJJ4Ztd/pF7KIr+Vc=","NEON.BET.D02.001710","AMAIMP","Amara impuncticollis","species",,"Say",,"Bousquet, Y. 2010b. Illustrated Identification Guide to Adults and Larvae of Northeastern North American Ground Beetles (Coleoptera: Carabidae). 1st Ed. Pensoft Publishers, Sofia, Bulgaria.",,"wYCqaZcA+7slXlj5N/mM6vobrh4QDptp","esNjjubcI51hdInmRHEEIrFR4+oIJtuN",
"f339fe59-44a2-4340-a56b-81ad4eb3f0e4","SERC_007.basePlot.bet","D02","SERC","SERC_007","W","2015-05-05","2015-05-19","2016-01-21","2015-10-29","VuceAg7yVycN8DaQWzDzg0zoNnAZEOD95YOUSyfjp/Q=","NEON.BET.D02.001706","AMAAEN1","Amara aenea","species",,"DeGeer",,"Bousquet, Y. 2010b. Illustrated Identification Guide to Adults and Larvae of Northeastern North American Ground Beetles (Coleoptera: Carabidae). 1st Ed. Pensoft Publishers, Sofia, Bulgaria.",,"wYCqaZcA+7slXlj5N/mM6vobrh4QDptp","esNjjubcI51hdInmRHEEIrFR4+oIJtuN",
"34c69eee-1537-49c9-8f7a-0b2238a6d269","SERC_007.basePlot.bet","D02","SERC","SERC_007","W","2015-05-05","2015-05-19","2016-01-21","2015-10-28","VuceAg7yVycN8DaQWzDzg+QSsjsOAMP9lL+uIHZw3Oc=","NEON.BET.D02.001821","ANIRUS","Anisodactylus rusticus","species",,"Say",,"Noonan, G. R. 1973. The Anisodactylines (Insecta: Coleoptera: Carabidae: Harpalini): classification, evolution and zoogeography. Quaestiones Entomologicae 9:266-480.",,"wYCqaZcA+7slXlj5N/mM6vobrh4QDptp","vG946HPdyCak4YNcquSpnhDyztG1jnbiCP4A7p87kck=",
"8c2c0fee-fce9-4470-9a87-5db0a108e71d","SERC_002.basePlot.bet","D02","SERC","SERC_002","W","2015-05-05","2015-05-19","2016-01-21","2015-07-06","YcnMnCZo63lEMCEtrcXtsWT9W7hrtO0/pblcIcP6fnA=","NEON.BET.D02.001811","BADNOT","Badister notatus","species",,"Haldeman",,"Ciegler, J. C. 2000. Ground beetles and wrinkled bark beetles of South Carolina (Coleoptera: Geadephaga: Carabidae and Rhysodidae). Biota of South Carolina. Vol. 1. Clemson, S. Clemson University.",,"wYCqaZcA+7slXlj5N/mM6vobrh4QDptp","vG946HPdyCak4YNcquSpnhDyztG1jnbiCP4A7p87kck=",
"015254d6-8f36-4ac4-adc5-9b83ef6ad4c8","SERC_015.basePlot.bet","D02","SERC","SERC_015","W","2015-05-05","2015-05-19","2016-01-21","2015-06-26","oRHnGosYO5NRgt2nTfYmTu9lp/v+BYULpxoAxwOoo5k=","NEON.BET.D02.001756","DICFUR2","Dicaelus furvus furvus","subspecies",,"Dejean",,"Ciegler, J. C. 2000. Ground beetles and wrinkled bark beetles of South Carolina (Coleoptera: Geadephaga: Carabidae and Rhysodidae). Biota of South Carolina. Vol. 1. Clemson, S. Clemson University.",,"wYCqaZcA+7slXlj5N/mM6vobrh4QDptp","vG946HPdyCak4YNcquSpnhDyztG1jnbiCP4A7p87kck=",
"75fd6058-8624-4ae1-958a-11a5b1ffad5d","SERC_007.basePlot.bet","D02","SERC","SERC_007","W","2015-05-05","2015-05-19","2016-01-21","2015-10-29","VuceAg7yVycN8DaQWzDzg0zoNnAZEOD95YOUSyfjp/Q=","NEON.BET.D02.001707","AMAAEN1","Amara aenea","species",,"DeGeer",,"Bousquet, Y. 2010b. Illustrated Identification Guide to Adults and Larvae of Northeastern North American Ground Beetles (Coleoptera: Carabidae). 1st Ed. Pensoft Publishers, Sofia, Bulgaria.",,"wYCqaZcA+7slXlj5N/mM6vobrh4QDptp","esNjjubcI51hdInmRHEEIrFR4+oIJtuN",
"72dd15ab-569c-4e24-a763-0df43ed06111","SERC_010.basePlot.bet","D02","SERC","SERC_010","W","2015-05-05","2015-05-19","2016-01-21","2015-07-06","zJWEWmQZoMPpaU7oGDbswac539JcNobnr+dad2Gf1dY=","NEON.BET.D02.001746","DICDIL1","Dicaelus dilatatus dilatatus","subspecies",,"Say",,"Ciegler, J. C. 2000. Ground beetles and wrinkled bark beetles of South Carolina (Coleoptera: Geadephaga: Carabidae and Rhysodidae). Biota of South Carolina. Vol. 1. Clemson, S. Clemson University.",,"wYCqaZcA+7slXlj5N/mM6vobrh4QDptp","vG946HPdyCak4YNcquSpnhDyztG1jnbiCP4A7p87kck=",
"208db7d3-f50b-44c6-8b96-ec1bf3a591db","SERC_007.basePlot.bet","D02","SERC","SERC_007","W","2015-05-05","2015-05-19","2016-01-20","2015-07-06","VuceAg7yVycN8DaQWzDzg+gqP0Z3mHwNLRxU66hMea8=","NEON.BET.D02.001493","POECHA","Poecilus chalcites","species",,"Say",,"Ciegler, J. C. 2000. Ground beetles and wrinkled bark beetles of South Carolina (Coleoptera: Geadephaga: Carabidae and Rhysodidae). Biota of South Carolina. Vol. 1. Clemson, S. Clemson University.",,"wYCqaZcA+7slXlj5N/mM6vobrh4QDptp","esNjjubcI51hdInmRHEEIrFR4+oIJtuN",
"2e217f9e-cc0a-43ce-b411-b0d8e1d11105","SERC_007.basePlot.bet","D02","SERC","SERC_007","W","2015-05-05","2015-05-19","2016-01-20","2015-07-06","VuceAg7yVycN8DaQWzDzg+gqP0Z3mHwNLRxU66hMea8=","NEON.BET.D02.001485","POECHA","Poecilus chalcites","species",,"Say",,"Ciegler, J. C. 2000. Ground beetles and wrinkled bark beetles of South Carolina (Coleoptera: Geadephaga: Carabidae and Rhysodidae). Biota of South Carolina. Vol. 1. Clemson, S. Clemson University.",,"wYCqaZcA+7slXlj5N/mM6vobrh4QDptp","esNjjubcI51hdInmRHEEIrFR4+oIJtuN",
"a1722c20-e140-4e09-bb8d-2346b54da81d","SERC_007.basePlot.bet","D02","SERC","SERC_007","W","2015-05-05","2015-05-19","2016-01-20","2015-07-06","VuceAg7yVycN8DaQWzDzg+gqP0Z3mHwNLRxU66hMea8=","NEON.BET.D02.001482","POECHA","Poecilus chalcites","species",,"Say",,"Ciegler, J. C. 2000. Ground beetles and wrinkled bark beetles of South Carolina (Coleoptera: Geadephaga: Carabidae and Rhysodidae). Biota of South Carolina. Vol. 1. Clemson, S. Clemson University.",,"wYCqaZcA+7slXlj5N/mM6vobrh4QDptp","esNjjubcI51hdInmRHEEIrFR4+oIJtuN",
"6ae985d6-b19b-4a89-9c5c-59ce2e608bdd","SERC_007.basePlot.bet","D02","SERC","SERC_007","W","2015-05-05","2015-05-19","2016-01-20","2015-07-06","VuceAg7yVycN8DaQWzDzg+gqP0Z3mHwNLRxU66hMea8=","NEON.BET.D02.001489","POECHA","Poecilus chalcites","species",,"Say",,"Ciegler, J. C. 2000. Ground beetles and wrinkled bark beetles of South Carolina (Coleoptera: Geadephaga: Carabidae and Rhysodidae). Biota of South Carolina. Vol. 1. Clemson, S. Clemson University.",,"wYCqaZcA+7slXlj5N/mM6vobrh4QDptp","esNjjubcI51hdInmRHEEIrFR4+oIJtuN",
"91f7672a-59b4-403c-a5da-b7733e2ee946","SERC_007.basePlot.bet","D02","SERC","SERC_007","W","2015-05-05","2015-05-19","2016-01-20","2015-07-06","VuceAg7yVycN8DaQWzDzg+gqP0Z3mHwNLRxU66hMea8=","NEON.BET.D02.001490","POECHA","Poecilus chalcites","species",,"Say",,"Ciegler, J. C. 2000. Ground beetles and wrinkled bark beetles of South Carolina (Coleoptera: Geadephaga: Carabidae and Rhysodidae). Biota of South Carolina. Vol. 1. Clemson, S. Clemson University.",,"wYCqaZcA+7slXlj5N/mM6vobrh4QDptp","esNjjubcI51hdInmRHEEIrFR4+oIJtuN",
"02293cff-6942-4209-bba5-04c765a5887d","SERC_007.basePlot.bet","D02","SERC","SERC_007","W","2015-05-05","2015-05-19","2016-01-20","2015-07-06","VuceAg7yVycN8DaQWzDzg+gqP0Z3mHwNLRxU66hMea8=","NEON.BET.D02.001494","POECHA","Poecilus chalcites","species",,"Say",,"Ciegler, J. C. 2000. Ground beetles and wrinkled bark beetles of South Carolina (Coleoptera: Geadephaga: Carabidae and Rhysodidae). Biota of South Carolina. Vol. 1. Clemson, S. Clemson University.",,"wYCqaZcA+7slXlj5N/mM6vobrh4QDptp","esNjjubcI51hdInmRHEEIrFR4+oIJtuN",
"de23cfc1-f63c-4950-88bf-b3da0cbe3a1e","SERC_007.basePlot.bet","D02","SERC","SERC_007","W","2015-05-05","2015-05-19","2016-01-20","2015-07-06","VuceAg7yVycN8DaQWzDzg+gqP0Z3mHwNLRxU66hMea8=","NEON.BET.D02.001496","POECHA","Poecilus chalcites","species",,"Say",,"Ciegler, J. C. 2000. Ground beetles and wrinkled bark beetles of South Carolina (Coleoptera: Geadephaga: Carabidae and Rhysodidae). Biota of South Carolina. Vol. 1. Clemson, S. Clemson University.",,"wYCqaZcA+7slXlj5N/mM6vobrh4QDptp","esNjjubcI51hdInmRHEEIrFR4+oIJtuN",
"4c69c061-25bb-4a7f-a6c9-8dbea4b9b416","SERC_007.basePlot.bet","D02","SERC","SERC_007","W","2015-05-05","2015-05-19","2016-01-20","2015-07-06","VuceAg7yVycN8DaQWzDzg+gqP0Z3mHwNLRxU66hMea8=","NEON.BET.D02.001491","POECHA","Poecilus chalcites","species",,"Say",,"Ciegler, J. C. 2000. Ground beetles and wrinkled bark beetles of South Carolina (Coleoptera: Geadephaga: Carabidae and Rhysodidae). Biota of South Carolina. Vol. 1. Clemson, S. Clemson University.",,"wYCqaZcA+7slXlj5N/mM6vobrh4QDptp","esNjjubcI51hdInmRHEEIrFR4+oIJtuN",
"a2123ff3-521b-4cf6-b900-aeefe91ad9aa","SERC_007.basePlot.bet","D02","SERC","SERC_007","W","2015-05-05","2015-05-19","2016-01-20","2015-07-06","VuceAg7yVycN8DaQWzDzg+gqP0Z3mHwNLRxU66hMea8=","NEON.BET.D02.001492","POECHA","Poecilus chalcites","species",,"Say",,"Ciegler, J. C. 2000. Ground beetles and wrinkled bark beetles of South Carolina (Coleoptera: Geadephaga: Carabidae and Rhysodidae). Biota of South Carolina. Vol. 1. Clemson, S. Clemson University.",,"wYCqaZcA+7slXlj5N/mM6vobrh4QDptp","esNjjubcI51hdInmRHEEIrFR4+oIJtuN",
"137353e4-fa1f-4eaf-8020-1132ec50327f","SERC_007.basePlot.bet","D02","SERC","SERC_007","W","2015-05-05","2015-05-19","2016-01-20","2015-07-06","VuceAg7yVycN8DaQWzDzg+gqP0Z3mHwNLRxU66hMea8=","NEON.BET.D02.001495","POECHA","Poecilus chalcites","species",,"Say",,"Ciegler, J. C. 2000. Ground beetles and wrinkled bark beetles of South Carolina (Coleoptera: Geadephaga: Carabidae and Rhysodidae). Biota of South Carolina. Vol. 1. Clemson, S. Clemson University.",,"wYCqaZcA+7slXlj5N/mM6vobrh4QDptp","esNjjubcI51hdInmRHEEIrFR4+oIJtuN",
"c199c70c-4768-47c7-9682-bf2eeb757b36","SERC_007.basePlot.bet","D02","SERC","SERC_007","W","2015-05-05","2015-05-19","2016-01-20","2015-07-06","VuceAg7yVycN8DaQWzDzg+gqP0Z3mHwNLRxU66hMea8=","NEON.BET.D02.001488","POECHA","Poecilus chalcites","species",,"Say",,"Ciegler, J. C. 2000. Ground beetles and wrinkled bark beetles of South Carolina (Coleoptera: Geadephaga: Carabidae and Rhysodidae). Biota of South Carolina. Vol. 1. Clemson, S. Clemson University.",,"wYCqaZcA+7slXlj5N/mM6vobrh4QDptp","esNjjubcI51hdInmRHEEIrFR4+oIJtuN",
"e81754fa-644b-478c-ae67-06d6d839690b","SERC_007.basePlot.bet","D02","SERC","SERC_007","W","2015-05-05","2015-05-19","2016-01-20","2015-07-06","VuceAg7yVycN8DaQWzDzg+gqP0Z3mHwNLRxU66hMea8=","NEON.BET.D02.001487","POECHA","Poecilus chalcites","species",,"Say",,"Ciegler, J. C. 2000. Ground beetles and wrinkled bark beetles of South Carolina (Coleoptera: Geadephaga: Carabidae and Rhysodidae). Biota of South Carolina. Vol. 1. Clemson, S. Clemson University.",,"wYCqaZcA+7slXlj5N/mM6vobrh4QDptp","esNjjubcI51hdInmRHEEIrFR4+oIJtuN",
"86165916-751d-4af5-a334-6b9e6dfce5f8","SERC_007.basePlot.bet","D02","SERC","SERC_007","W","2015-05-05","2015-05-19","2016-01-20","2015-07-06","VuceAg7yVycN8DaQWzDzg+gqP0Z3mHwNLRxU66hMea8=","NEON.BET.D02.001486","POECHA","Poecilus chalcites","species",,"Say",,"Ciegler, J. C. 2000. Ground beetles and wrinkled bark beetles of South Carolina (Coleoptera: Geadephaga: Carabidae and Rhysodidae). Biota of South Carolina. Vol. 1. Clemson, S. Clemson University.",,"wYCqaZcA+7slXlj5N/mM6vobrh4QDptp","esNjjubcI51hdInmRHEEIrFR4+oIJtuN",
"ba842507-a61d-49f8-8e99-39cbcb1c9073","SERC_007.basePlot.bet","D02","SERC","SERC_007","W","2015-05-05","2015-05-19","2016-01-20","2015-07-06","VuceAg7yVycN8DaQWzDzg+gqP0Z3mHwNLRxU66hMea8=","NEON.BET.D02.001497","POECHA","Poecilus chalcites","species",,"Say",,"Ciegler, J. C. 2000. Ground beetles and wrinkled bark beetles of South Carolina (Coleoptera: Geadephaga: Carabidae and Rhysodidae). Biota of South Carolina. Vol. 1. Clemson, S. Clemson University.",,"wYCqaZcA+7slXlj5N/mM6vobrh4QDptp","esNjjubcI51hdInmRHEEIrFR4+oIJtuN",
"c6acc9e3-d0c7-405d-bc8c-64e50c048c87","SERC_007.basePlot.bet","D02","SERC","SERC_007","W","2015-05-05","2015-05-19","2016-01-20","2015-07-06","VuceAg7yVycN8DaQWzDzg+gqP0Z3mHwNLRxU66hMea8=","NEON.BET.D02.001484","POECHA","Poecilus chalcites","species",,"Say",,"Ciegler, J. C. 2000. Ground beetles and wrinkled bark beetles of South Carolina (Coleoptera: Geadephaga: Carabidae and Rhysodidae). Biota of South Carolina. Vol. 1. Clemson, S. Clemson University.",,"wYCqaZcA+7slXlj5N/mM6vobrh4QDptp","esNjjubcI51hdInmRHEEIrFR4+oIJtuN",
"2a5a0958-9e01-4b72-9b01-0b2ad3f0e619","SERC_007.basePlot.bet","D02","SERC","SERC_007","W","2015-05-05","2015-05-19","2016-01-20","2015-07-06","VuceAg7yVycN8DaQWzDzg+gqP0Z3mHwNLRxU66hMea8=","NEON.BET.D02.001483","POECHA","Poecilus chalcites","species",,"Say",,"Ciegler, J. C. 2000. Ground beetles and wrinkled bark beetles of South Carolina (Coleoptera: Geadephaga: Carabidae and Rhysodidae). Biota of South Carolina. Vol. 1. Clemson, S. Clemson University.",,"wYCqaZcA+7slXlj5N/mM6vobrh4QDptp","esNjjubcI51hdInmRHEEIrFR4+oIJtuN",
"9696d31f-acd2-45b3-87e6-427b7c6d1982","SERC_007.basePlot.bet","D02","SERC","SERC_007","W","2015-05-05","2015-05-19","2016-01-15","2015-07-06","VuceAg7yVycN8DaQWzDzgxyDO1F3N92VH7TUvlLHF9s=","NEON.BET.D02.001217","SCASUB2","Scarites subterraneus","species",,"Fabricius",,"Other",,"wYCqaZcA+7tKZqVSOMaNBCcRKvQIOBzP","HwrR06bjl3TqPXYD/ecX4LA/iftMi41T",
"8059b640-1580-4bec-b6f3-7b76f5ea48f6","SERC_007.basePlot.bet","D02","SERC","SERC_007","W","2015-05-05","2015-05-19","2016-01-15","2015-07-06","VuceAg7yVycN8DaQWzDzgxyDO1F3N92VH7TUvlLHF9s=","NEON.BET.D02.001218","SCASUB2","Scarites subterraneus","species",,"Fabricius",,"Other",,"wYCqaZcA+7tKZqVSOMaNBCcRKvQIOBzP","HwrR06bjl3TqPXYD/ecX4LA/iftMi41T",
"af6782b9-04b4-4ffe-8d01-3a2a870cfc43","SERC_007.basePlot.bet","D02","SERC","SERC_007","W","2015-05-05","2015-05-19","2016-01-20","2015-09-14","VuceAg7yVycN8DaQWzDzg96LEHlMiR9KOXQQ2on7Y4Y=","NEON.BET.D02.001383","ELAINC","Elaphropus incurvus","species",,"Say",,"Bousquet, Y. 2010b. Illustrated Identification Guide to Adults and Larvae of Northeastern North American Ground Beetles (Coleoptera: Carabidae). 1st Ed. Pensoft Publishers, Sofia, Bulgaria.",,"wYCqaZcA+7tKZqVSOMaNBCcRKvQIOBzP","esNjjubcI51hdInmRHEEIrFR4+oIJtuN",
"f0d63e1a-c1ea-4e52-ad2b-948a858d82ab","SERC_007.basePlot.bet","D02","SERC","SERC_007","W","2015-05-05","2015-05-19","2016-01-20","2015-09-14","VuceAg7yVycN8DaQWzDzg96LEHlMiR9KOXQQ2on7Y4Y=","NEON.BET.D02.001385","ELAINC","Elaphropus incurvus","species",,"Say",,"Bousquet, Y. 2010b. Illustrated Identification Guide to Adults and Larvae of Northeastern North American Ground Beetles (Coleoptera: Carabidae). 1st Ed. Pensoft Publishers, Sofia, Bulgaria.",,"wYCqaZcA+7tKZqVSOMaNBCcRKvQIOBzP","esNjjubcI51hdInmRHEEIrFR4+oIJtuN",
"43ba5df3-5a63-48ce-a269-5ac020a2ca6b","SERC_007.basePlot.bet","D02","SERC","SERC_007","W","2015-05-05","2015-05-19","2016-01-15","2015-07-06","VuceAg7yVycN8DaQWzDzgxyDO1F3N92VH7TUvlLHF9s=","NEON.BET.D02.001216","SCASUB2","Scarites subterraneus","species",,"Fabricius",,"Other",,"wYCqaZcA+7tKZqVSOMaNBCcRKvQIOBzP","HwrR06bjl3TqPXYD/ecX4LA/iftMi41T",
"7e791651-c870-4ed6-8269-ef1f67165c28","SERC_007.basePlot.bet","D02","SERC","SERC_007","W","2015-05-05","2015-05-19","2016-01-20","2015-09-14","VuceAg7yVycN8DaQWzDzg96LEHlMiR9KOXQQ2on7Y4Y=","NEON.BET.D02.001384","ELAINC","Elaphropus incurvus","species",,"Say",,"Bousquet, Y. 2010b. Illustrated Identification Guide to Adults and Larvae of Northeastern North American Ground Beetles (Coleoptera: Carabidae). 1st Ed. Pensoft Publishers, Sofia, Bulgaria.",,"wYCqaZcA+7tKZqVSOMaNBCcRKvQIOBzP","esNjjubcI51hdInmRHEEIrFR4+oIJtuN",
"decc8afd-75dc-496c-a21d-abd86f537454","SERC_006.basePlot.bet","D02","SERC","SERC_006","W","2015-05-05","2015-05-19","2016-01-15","2015-06-26","ulDxSdgiTKLdBAsavAcEZXKlYGxumT/A4wqh/E58BLU=","NEON.BET.D02.001221","SCASUB2","Scarites subterraneus","species",,"Fabricius",,"Other",,"wYCqaZcA+7tKZqVSOMaNBCcRKvQIOBzP","HwrR06bjl3TqPXYD/ecX4LA/iftMi41T",
