uid,namedLocation,domainID,siteID,plotID,trapID,plotType,nlcdClass,decimalLatitude,decimalLongitude,geodeticDatum,coordinateUncertainty,elevation,elevationUncertainty,setDate,collectDate,eventID,daysOfTrapping,sampleCollected,sampleID,cupStatus,lidStatus,fluidLevel,samplingProtocolVersion,recordedBy,remarks
"f98f64a6-46d0-42f4-90c7-ea68ebc0b9d4","TREE_006.basePlot.bet","D05","TREE","TREE_006","E","distributed","mixedForest",45.491628,-89.551229,"WGS84",20.2,465.7,0.2,"2015-08-24","2015-09-07","TREE.2015.37",14,"Y","TREE_006.E.20150907","Ok","Ok","Ok","NEON.DOC.014050vG","XZoPj1u9UmznO7Lakic/e+h3MMLMvbQt",
"a779ac70-9b56-44d4-a986-c268db90ff57","TREE_007.basePlot.bet","D05","TREE","TREE_007","W","distributed","deciduousForest",45.496912,-89.557232,"WGS84",20.2,456.7,0.3,"2015-08-24","2015-09-07","TREE.2015.37",14,"Y","TREE_007.W.20150907","Ok","Ok","Ok","NEON.DOC.014050vG","XZoPj1u9UmznO7Lakic/e+h3MMLMvbQt",
"dce9bc28-87d1-42b1-90c4-888ab42396a9","TREE_005.basePlot.bet","D05","TREE","TREE_005","E","distributed","woodyWetlands",45.481810,-89.555402,"WGS84",20.1,447.8,0.2,"2015-08-24","2015-09-07","TREE.2015.37",14,"Y","TREE_005.E.20150907","Ok","Ok","Ok","NEON.DOC.014050vG","XZoPj1u9UmznO7Lakic/e+h3MMLMvbQt",
"c9afd8af-ccae-47f8-9ef8-e5bd52a084b9","TREE_015.basePlot.bet","D05","TREE","TREE_015","E","distributed","mixedForest",45.486975,-89.554896,"WGS84",20.3,460.2,0.4,"2015-08-24","2015-09-07","TREE.2015.37",14,"Y","TREE_015.E.20150907","Ok","Ok","Ok","NEON.DOC.014050vG","XZoPj1u9UmznO7Lakic/e+h3MMLMvbQt",
"a6dafbdc-afed-42c8-9a49-25ce95a6bf36","TREE_001.basePlot.bet","D05","TREE","TREE_001","E","distributed","evergreenForest",45.487728,-89.569877,"WGS84",20.2,453.1,0.3,"2015-08-24","2015-09-07","TREE.2015.37",14,"Y","TREE_001.E.20150907","Ok","Ok","Ok","NEON.DOC.014050vG","XZoPj1u9UmznO7Lakic/e+h3MMLMvbQt",
"3007d778-b0b3-4fc5-b4b2-c55de8375b95","TREE_003.basePlot.bet","D05","TREE","TREE_003","E","distributed","deciduousForest",45.490246,-89.577677,"WGS84",20.1,463.8,0.2,"2015-08-24","2015-09-07","TREE.2015.37",14,"Y","TREE_003.E.20150907","Ok","Ok","Ok","NEON.DOC.014050vG","XZoPj1u9UmznO7Lakic/e+h3MMLMvbQt",
"2242105e-bd5f-441d-9697-af52f2d283df","TREE_007.basePlot.bet","D05","TREE","TREE_007","E","distributed","deciduousForest",45.496912,-89.557232,"WGS84",20.2,456.7,0.3,"2015-08-24","2015-09-07","TREE.2015.37",14,"Y","TREE_007.E.20150907","Ok","Ok","Ok","NEON.DOC.014050vG","XZoPj1u9UmznO7Lakic/e+h3MMLMvbQt",
"e4c2a9f0-9011-42f8-83fa-3111b986d412","TREE_014.basePlot.bet","D05","TREE","TREE_014","E","distributed","mixedForest",45.486647,-89.569448,"WGS84",20.1,454.1,0.2,"2015-08-24","2015-09-07","TREE.2015.37",14,"Y","TREE_014.E.20150907","Ok","Ok","Ok","NEON.DOC.014050vG","XZoPj1u9UmznO7Lakic/e+h3MMLMvbQt",
"7175acd0-ebe3-4849-9386-a3c8f2f59805","TREE_004.basePlot.bet","D05","TREE","TREE_004","E","distributed","woodyWetlands",45.479916,-89.556096,"WGS84",20.2,448.5,0.4,"2015-08-24","2015-09-07","TREE.2015.37",14,"Y","TREE_004.E.20150907","Ok","Ok","Ok","NEON.DOC.014050vG","XZoPj1u9UmznO7Lakic/e+h3MMLMvbQt",
"ace0d0be-57aa-45e1-b435-262244022848","TREE_008.basePlot.bet","D05","TREE","TREE_008","E","distributed","woodyWetlands",45.480471,-89.554979,"WGS84",20.1,448.1,0.2,"2015-08-24","2015-09-07","TREE.2015.37",14,"Y","TREE_008.E.20150907","Disturbed","Disturbed","Ok","NEON.DOC.014050vG","XZoPj1u9UmznO7Lakic/e+h3MMLMvbQt",
"3a80095a-0798-4401-8f4a-1742287ca734","TREE_004.basePlot.bet","D05","TREE","TREE_004","N","distributed","woodyWetlands",45.479916,-89.556096,"WGS84",20.2,448.5,0.4,"2015-08-24","2015-09-07","TREE.2015.37",14,"Y","TREE_004.N.20150907","Ok","Ok","Ok","NEON.DOC.014050vG","XZoPj1u9UmznO7Lakic/e+h3MMLMvbQt",
"aec98eb8-9dc9-4853-960a-83a1a677850f","TREE_002.basePlot.bet","D05","TREE","TREE_002","N","distributed","woodyWetlands",45.492352,-89.567786,"WGS84",20.3,456.6,0.5,"2015-08-24","2015-09-07","TREE.2015.37",14,"Y","TREE_002.N.20150907","Ok","Disturbed","Ok","NEON.DOC.014050vG","XZoPj1u9UmznO7Lakic/e+h3MMLMvbQt",
"9bacbba0-c4a9-4f69-b3ef-ed130177defe","TREE_008.basePlot.bet","D05","TREE","TREE_008","N","distributed","woodyWetlands",45.480471,-89.554979,"WGS84",20.1,448.1,0.2,"2015-08-24","2015-09-07","TREE.2015.37",14,"Y","TREE_008.N.20150907","Ok","Ok","Ok","NEON.DOC.014050vG","XZoPj1u9UmznO7Lakic/e+h3MMLMvbQt",
"02953b67-2012-4671-ae7f-af1619463746","TREE_005.basePlot.bet","D05","TREE","TREE_005","N","distributed","woodyWetlands",45.481810,-89.555402,"WGS84",20.1,447.8,0.2,"2015-08-24","2015-09-07","TREE.2015.37",14,"Y","TREE_005.N.20150907","Ok","Ok","Ok","NEON.DOC.014050vG","XZoPj1u9UmznO7Lakic/e+h3MMLMvbQt",
"59d41226-2921-4fb0-88fb-2fbd5f7e4943","TREE_015.basePlot.bet","D05","TREE","TREE_015","N","distributed","mixedForest",45.486975,-89.554896,"WGS84",20.3,460.2,0.4,"2015-08-24","2015-09-07","TREE.2015.37",14,"Y","TREE_015.N.20150907","Ok","Ok","Ok","NEON.DOC.014050vG","XZoPj1u9UmznO7Lakic/e+h3MMLMvbQt",
"0eb322da-3487-4ddc-87d6-c9a412f56ec1","TREE_003.basePlot.bet","D05","TREE","TREE_003","N","distributed","deciduousForest",45.490246,-89.577677,"WGS84",20.1,463.8,0.2,"2015-08-24","2015-09-07","TREE.2015.37",14,"Y","TREE_003.N.20150907","Ok","Ok","Ok","NEON.DOC.014050vG","XZoPj1u9UmznO7Lakic/e+h3MMLMvbQt",
"471c83c9-9aba-4f5f-bb4c-aef0fbb61767","TREE_001.basePlot.bet","D05","TREE","TREE_001","N","distributed","evergreenForest",45.487728,-89.569877,"WGS84",20.2,453.1,0.3,"2015-08-24","2015-09-07","TREE.2015.37",14,"Y","TREE_001.N.20150907","Ok","Ok","Ok","NEON.DOC.014050vG","XZoPj1u9UmznO7Lakic/e+h3MMLMvbQt",
"ba3d96a5-42d8-4649-984e-4d1d0eaa0a66","TREE_007.basePlot.bet","D05","TREE","TREE_007","N","distributed","deciduousForest",45.496912,-89.557232,"WGS84",20.2,456.7,0.3,"2015-08-24","2015-09-07","TREE.2015.37",14,"Y","TREE_007.N.20150907","Ok","Ok","Ok","NEON.DOC.014050vG","XZoPj1u9UmznO7Lakic/e+h3MMLMvbQt",
"20d612f9-5f63-47e8-a2e0-ab3b6caf1083","TREE_006.basePlot.bet","D05","TREE","TREE_006","N","distributed","mixedForest",45.491628,-89.551229,"WGS84",20.2,465.7,0.2,"2015-08-24","2015-09-07","TREE.2015.37",14,"Y","TREE_006.N.20150907","Ok","Ok","Ok","NEON.DOC.014050vG","XZoPj1u9UmznO7Lakic/e+h3MMLMvbQt",
"2f4d2b06-860a-4be9-8969-2fa9711ee82d","TREE_014.basePlot.bet","D05","TREE","TREE_014","N","distributed","mixedForest",45.486647,-89.569448,"WGS84",20.1,454.1,0.2,"2015-08-24","2015-09-07","TREE.2015.37",14,"Y","TREE_014.N.20150907","Ok","Ok","Ok","NEON.DOC.014050vG","XZoPj1u9UmznO7Lakic/e+h3MMLMvbQt",
"4a85fbfe-dda4-4811-8bad-685c24b41412","TREE_001.basePlot.bet","D05","TREE","TREE_001","S","distributed","evergreenForest",45.487728,-89.569877,"WGS84",20.2,453.1,0.3,"2015-08-24","2015-09-07","TREE.2015.37",14,"Y","TREE_001.S.20150907","Ok","Ok","Ok","NEON.DOC.014050vG","XZoPj1u9UmznO7Lakic/e+h3MMLMvbQt",
"33c862a2-7cda-47f9-b9fd-feeaa6c6dcc4","TREE_003.basePlot.bet","D05","TREE","TREE_003","S","distributed","deciduousForest",45.490246,-89.577677,"WGS84",20.1,463.8,0.2,"2015-08-24","2015-09-07","TREE.2015.37",14,"Y","TREE_003.S.20150907","Ok","Ok","Ok","NEON.DOC.014050vG","XZoPj1u9UmznO7Lakic/e+h3MMLMvbQt",
"50ba111a-4d6f-4896-8952-f777081c47cb","TREE_007.basePlot.bet","D05","TREE","TREE_007","S","distributed","deciduousForest",45.496912,-89.557232,"WGS84",20.2,456.7,0.3,"2015-08-24","2015-09-07","TREE.2015.37",14,"Y","TREE_007.S.20150907","Ok","Ok","Ok","NEON.DOC.014050vG","XZoPj1u9UmznO7Lakic/e+h3MMLMvbQt",
"1597b941-12e8-4966-bba4-0ed3f958795c","TREE_014.basePlot.bet","D05","TREE","TREE_014","S","distributed","mixedForest",45.486647,-89.569448,"WGS84",20.1,454.1,0.2,"2015-08-24","2015-09-07","TREE.2015.37",14,"Y","TREE_014.S.20150907","Ok","Ok","Ok","NEON.DOC.014050vG","XZoPj1u9UmznO7Lakic/e+h3MMLMvbQt",
"a43ffaf3-f362-4c68-b58f-3b4e077c42bd","TREE_006.basePlot.bet","D05","TREE","TREE_006","S","distributed","mixedForest",45.491628,-89.551229,"WGS84",20.2,465.7,0.2,"2015-08-24","2015-09-07","TREE.2015.37",14,"Y","TREE_006.S.20150907","Ok","Ok","Ok","NEON.DOC.014050vG","XZoPj1u9UmznO7Lakic/e+h3MMLMvbQt",
"73ce1e4d-4888-4873-8e17-8d6e65b89a05","TREE_004.basePlot.bet","D05","TREE","TREE_004","S","distributed","woodyWetlands",45.479916,-89.556096,"WGS84",20.2,448.5,0.4,"2015-08-24","2015-09-07","TREE.2015.37",14,"Y","TREE_004.S.20150907","Ok","Ok","Ok","NEON.DOC.014050vG","XZoPj1u9UmznO7Lakic/e+h3MMLMvbQt",
"d35bfb0c-7aff-4e75-a55c-c88858647ac6","TREE_008.basePlot.bet","D05","TREE","TREE_008","S","distributed","woodyWetlands",45.480471,-89.554979,"WGS84",20.1,448.1,0.2,"2015-08-24","2015-09-07","TREE.2015.37",14,"N",,,,,"NEON.DOC.014050vG","XZoPj1u9UmznO7Lakic/e+h3MMLMvbQt","Trap was not set because too wet."
"8a47f0ff-7042-48bb-a7d5-aa5d0d43f5fa","TREE_005.basePlot.bet","D05","TREE","TREE_005","S","distributed","woodyWetlands",45.481810,-89.555402,"WGS84",20.1,447.8,0.2,"2015-08-24","2015-09-07","TREE.2015.37",14,"Y","TREE_005.S.20150907","Ok","Ok","Ok","NEON.DOC.014050vG","XZoPj1u9UmznO7Lakic/e+h3MMLMvbQt",
"7c5e19dd-30c4-43a3-a4dd-4cdeb74de8ce","TREE_002.basePlot.bet","D05","TREE","TREE_002","S","distributed","woodyWetlands",45.492352,-89.567786,"WGS84",20.3,456.6,0.5,"2015-08-24","2015-09-07","TREE.2015.37",14,"Y","TREE_002.S.20150907","Ok","Ok","Ok","NEON.DOC.014050vG","XZoPj1u9UmznO7Lakic/e+h3MMLMvbQt",
"720d4cfa-68d1-492e-bb67-1f5321df8442","TREE_015.basePlot.bet","D05","TREE","TREE_015","S","distributed","mixedForest",45.486975,-89.554896,"WGS84",20.3,460.2,0.4,"2015-08-24","2015-09-07","TREE.2015.37",14,"Y","TREE_015.S.20150907","Ok","Ok","Ok","NEON.DOC.014050vG","XZoPj1u9UmznO7Lakic/e+h3MMLMvbQt",
"06b3c511-1438-4011-a317-d9380b14acc6","TREE_004.basePlot.bet","D05","TREE","TREE_004","W","distributed","woodyWetlands",45.479916,-89.556096,"WGS84",20.2,448.5,0.4,"2015-08-24","2015-09-07","TREE.2015.37",14,"Y","TREE_004.W.20150907","Ok","Ok","Ok","NEON.DOC.014050vG","XZoPj1u9UmznO7Lakic/e+h3MMLMvbQt",
"96583dba-8d0c-4d1a-9d9c-fd83b10a2c80","TREE_006.basePlot.bet","D05","TREE","TREE_006","W","distributed","mixedForest",45.491628,-89.551229,"WGS84",20.2,465.7,0.2,"2015-08-24","2015-09-07","TREE.2015.37",14,"Y","TREE_006.W.20150907","Ok","Ok","Ok","NEON.DOC.014050vG","XZoPj1u9UmznO7Lakic/e+h3MMLMvbQt",
"3c9d3cda-f87c-4dda-a16e-2c1f81eeabc6","TREE_008.basePlot.bet","D05","TREE","TREE_008","W","distributed","woodyWetlands",45.480471,-89.554979,"WGS84",20.1,448.1,0.2,"2015-08-24","2015-09-07","TREE.2015.37",14,"Y","TREE_008.W.20150907","Ok","Ok","Ok","NEON.DOC.014050vG","XZoPj1u9UmznO7Lakic/e+h3MMLMvbQt",
"90ae5d71-ea28-4ba1-b482-291bbed82337","TREE_005.basePlot.bet","D05","TREE","TREE_005","W","distributed","woodyWetlands",45.481810,-89.555402,"WGS84",20.1,447.8,0.2,"2015-08-24","2015-09-07","TREE.2015.37",14,"Y","TREE_005.W.20150907","Ok","Ok","High","NEON.DOC.014050vG","XZoPj1u9UmznO7Lakic/e+h3MMLMvbQt",
"3e1dd2d9-81bd-4319-b9f3-92c41671a22c","TREE_002.basePlot.bet","D05","TREE","TREE_002","W","distributed","woodyWetlands",45.492352,-89.567786,"WGS84",20.3,456.6,0.5,"2015-08-24","2015-09-07","TREE.2015.37",14,"Y","TREE_002.W.20150907","Ok","Ok","Ok","NEON.DOC.014050vG","XZoPj1u9UmznO7Lakic/e+h3MMLMvbQt",
"94bd4692-7c30-4173-a5f8-541819d7007f","TREE_015.basePlot.bet","D05","TREE","TREE_015","W","distributed","mixedForest",45.486975,-89.554896,"WGS84",20.3,460.2,0.4,"2015-08-24","2015-09-07","TREE.2015.37",14,"Y","TREE_015.W.20150907","Ok","Ok","Ok","NEON.DOC.014050vG","XZoPj1u9UmznO7Lakic/e+h3MMLMvbQt",
"f8c4615c-5362-4c74-a614-e8b2d081cf84","TREE_001.basePlot.bet","D05","TREE","TREE_001","W","distributed","evergreenForest",45.487728,-89.569877,"WGS84",20.2,453.1,0.3,"2015-08-24","2015-09-07","TREE.2015.37",14,"Y","TREE_001.W.20150907","Ok","Ok","Ok","NEON.DOC.014050vG","XZoPj1u9UmznO7Lakic/e+h3MMLMvbQt",
"6eeb4acb-ec62-4626-8662-935968edce2c","TREE_003.basePlot.bet","D05","TREE","TREE_003","W","distributed","deciduousForest",45.490246,-89.577677,"WGS84",20.1,463.8,0.2,"2015-08-24","2015-09-07","TREE.2015.37",14,"Y","TREE_003.W.20150907","Ok","Ok","Ok","NEON.DOC.014050vG","XZoPj1u9UmznO7Lakic/e+h3MMLMvbQt",
"e0e89092-8178-4ed3-92e0-7082c55febe0","TREE_014.basePlot.bet","D05","TREE","TREE_014","W","distributed","mixedForest",45.486647,-89.569448,"WGS84",20.1,454.1,0.2,"2015-08-24","2015-09-07","TREE.2015.37",14,"Y","TREE_014.W.20150907","Ok","Ok","Ok","NEON.DOC.014050vG","XZoPj1u9UmznO7Lakic/e+h3MMLMvbQt",
"fea35070-a210-47c8-a694-6016c1ca9df3","TREE_002.basePlot.bet","D05","TREE","TREE_002","E","distributed","woodyWetlands",45.492352,-89.567786,"WGS84",20.3,456.6,0.5,"2015-08-24","2015-09-07","TREE.2015.37",14,"Y","TREE_002.E.20150907","Ok","Ok","Ok","NEON.DOC.014050vG","XZoPj1u9UmznO7Lakic/e+h3MMLMvbQt",
