uid,namedLocation,domainID,siteID,plotID,trapID,setDate,collectDate,processingDate,etOHChangeDate,identifiedDate,sampleID,subsampleID,sampleType,taxonID,scientificName,taxonRank,identificationQualifier,scientificNameAuthorship,morphospeciesID,individualCount,identificationReferences,identifiedBy,recordedBy,remarks
"cc086a39-725f-420c-b97e-c3b7335e0ea4","MOAB_005.basePlot.bet","D13","MOAB","MOAB_005","W","2015-07-23","2015-08-06","2015-08-07","2015-08-26","2015-12-09","MOAB_005.W.20150806","dErP7UpuKYumuf3kDH7etYO6jq6TewwhW38mjWCVekk=","carabid","CICPUN","Cicindela punctulata","species",,"Olivier",,2,"Pearson, D., C. B. Knisley, and C. J. Kazilek. 2006. A Field Guide to the Tiger Beetles of the United States and Canada: Identification, Natural History, and Distribution of the Cicindelidae. Oxford University Press, New York.","/h2P7iNCFob6MrtXvZ/0KV0VExqkPzVY","/h2P7iNCFob6MrtXvZ/0KV0VExqkPzVY","all pinned."
"d8e40018-00d6-4dc1-83d9-b97a9fdaa54b","MOAB_002.basePlot.bet","D13","MOAB","MOAB_002","W","2015-07-23","2015-08-06","2015-08-07","2015-08-24",,"MOAB_002.W.20150806","dDZSo11ZohZrMC7gZYpV7q8/nx735i6UoGG+U5YNkMQ=","invert bycatch",,,,,,,,,,"/h2P7iNCFob6MrtXvZ/0KV0VExqkPzVY",
"b989064e-c2e6-4bbb-9833-46773b372483","MOAB_001.basePlot.bet","D13","MOAB","MOAB_001","W","2015-07-23","2015-08-06","2015-08-07","2015-08-24","2015-12-16","MOAB_001.W.20150806","hc7nq0q3kZJXrc+I7AKhBtBW2NT31JMwEktmAxXC3vQ=","carabid","CICPUN","Cicindela punctulata","species",,"Olivier",,5,"Pearson, D., C. B. Knisley, and C. J. Kazilek. 2006. A Field Guide to the Tiger Beetles of the United States and Canada: Identification, Natural History, and Distribution of the Cicindelidae. Oxford University Press, New York.","/h2P7iNCFob6MrtXvZ/0KV0VExqkPzVY","wGVKqNu5xeXKCqkJVSQ93bpoR9cNPKGrbDACuKYLaxs=","Two individuals pinned."
"60ab6d29-5cca-4ba4-a132-962c0270eec4","MOAB_001.basePlot.bet","D13","MOAB","MOAB_001","W","2015-07-23","2015-08-06","2015-08-07","2015-08-24",,"MOAB_001.W.20150806","hc7nq0q3kZJXrc+I7AKhBniPVrEeCRpjc4N26w0e6uc=","invert bycatch",,,,,,,,,,"wGVKqNu5xeXKCqkJVSQ93bpoR9cNPKGrbDACuKYLaxs=",
"effcb60e-e59b-4020-8d86-07e62547d073","MOAB_010.basePlot.bet","D13","MOAB","MOAB_010","W","2015-07-23","2015-08-06","2015-08-07","2015-08-12",,"MOAB_010.W.20150806","ey84eokAkd5Cp0DFClsYDrKLx8Zqum1Y8+Ef7cci4A8=","invert bycatch",,,,,,,,,,"SVlrLvG6MQgHNcX9a6cN9XT/1zjcedhM",
"f4873d9f-e57b-4bf2-875d-adbe1d663b7a","MOAB_002.basePlot.bet","D13","MOAB","MOAB_002","E","2015-07-23","2015-08-06","2015-08-07","2015-08-24","2015-12-16","MOAB_002.E.20150806","dDZSo11ZohYgxfVamv0+qIdPto/qJeq/qp5kph/DKF0=","carabid","HARCOR","Harpalus cordatus","species","cf. species","LeConte",,1,"Arnett Jr., R. H., and M. C. Thomas. 2001. American Beetles Archosemata, Myxophaga, Adephaga, Polyphaga: Staphyliniformia. 1st Vol. (C. Press, Ed.). 1st Ed. Boca Raton, FL.","/h2P7iNCFob6MrtXvZ/0KV0VExqkPzVY","/h2P7iNCFob6MrtXvZ/0KV0VExqkPzVY","pinned."
"14b10183-283e-427d-b204-8e162a43753f","MOAB_002.basePlot.bet","D13","MOAB","MOAB_002","E","2015-07-23","2015-08-06","2015-08-07","2015-08-24","2015-12-16","MOAB_002.E.20150806","dDZSo11ZohYgxfVamv0+qC2zFzXHhiUmEtiVn4dlQ3c=","carabid","CICPUN","Cicindela punctulata","species",,"Olivier",,8,"Pearson, D., C. B. Knisley, and C. J. Kazilek. 2006. A Field Guide to the Tiger Beetles of the United States and Canada: Identification, Natural History, and Distribution of the Cicindelidae. Oxford University Press, New York.","/h2P7iNCFob6MrtXvZ/0KV0VExqkPzVY","/h2P7iNCFob6MrtXvZ/0KV0VExqkPzVY","Two individuals pinned."
"6559d02b-ca16-47b5-a13f-8cee39b6aafe","MOAB_006.basePlot.bet","D13","MOAB","MOAB_006","E","2015-07-23","2015-08-06","2015-08-07","2015-09-01","2015-12-09","MOAB_006.E.20150806","W12PQsnHiUgp8HIXP91Iw9IM9YSEg4EGarb2eyr8v/c=","carabid","PIOSET","Piosoma setosum","species",,"LeConte",,1,"Arnett Jr., R. H., and M. C. Thomas. 2001. American Beetles Archosemata, Myxophaga, Adephaga, Polyphaga: Staphyliniformia. 1st Vol. (C. Press, Ed.). 1st Ed. Boca Raton, FL.","/h2P7iNCFob6MrtXvZ/0KV0VExqkPzVY","wGVKqNu5xeXKCqkJVSQ93bpoR9cNPKGrbDACuKYLaxs=","pinned"
"8262dcc2-a72d-41c3-abd3-059d24eb4664","MOAB_006.basePlot.bet","D13","MOAB","MOAB_006","E","2015-07-23","2015-08-06","2015-08-07","2015-09-01","2015-12-09","MOAB_006.E.20150806","W12PQsnHiUgp8HIXP91Iw2/IeUgcHr0l1slkBNIbbd0=","carabid","CICPUN","Cicindela punctulata","species",,"Olivier",,2,"Pearson, D., C. B. Knisley, and C. J. Kazilek. 2006. A Field Guide to the Tiger Beetles of the United States and Canada: Identification, Natural History, and Distribution of the Cicindelidae. Oxford University Press, New York.","/h2P7iNCFob6MrtXvZ/0KV0VExqkPzVY","wGVKqNu5xeXKCqkJVSQ93bpoR9cNPKGrbDACuKYLaxs=","both pinned"
"bf418bf9-09a6-4b5c-9f45-17351dfb9cc9","MOAB_006.basePlot.bet","D13","MOAB","MOAB_006","E","2015-07-23","2015-08-06","2015-08-07","2015-09-01",,"MOAB_006.E.20150806","W12PQsnHiUgp8HIXP91Iw/ZA6Adk/FcWv+4mBz4XBws=","invert bycatch",,,,,,,,,,"wGVKqNu5xeXKCqkJVSQ93bpoR9cNPKGrbDACuKYLaxs=",
"aa4d5d6c-90e2-4fe5-944b-125a356cc12d","MOAB_003.basePlot.bet","D13","MOAB","MOAB_003","E","2015-07-23","2015-08-06","2015-08-07","2015-09-01","2015-12-09","MOAB_003.E.20150806","IyUvclCcKUa8uaeinCAlgvEx/JJGGSutV8mQX4dlB3U=","carabid","PSESP7","Pseudomorpha sp.","genus","cf. genus","Kirby",,1,"Lindroth, C. H. 1969. The ground-beetles (Carabidae, excl. Cicindelinae) of Canada and Alaska, parts 1-6. Opuscula E. Entomoligiska Sallskapet.","/h2P7iNCFob6MrtXvZ/0KV0VExqkPzVY","wGVKqNu5xeXKCqkJVSQ93bpoR9cNPKGrbDACuKYLaxs=",
"e8b588a3-2d5a-41aa-9150-419c3719e5aa","MOAB_003.basePlot.bet","D13","MOAB","MOAB_003","E","2015-07-23","2015-08-06","2015-08-07","2015-09-01",,"MOAB_003.E.20150806","IyUvclCcKUa8uaeinCAlgkW4wMdiw5ulbE7DN45OtCM=","invert bycatch",,,,,,,,,,"wGVKqNu5xeXKCqkJVSQ93bpoR9cNPKGrbDACuKYLaxs=",
"4012f0b5-d62b-4764-ad08-f7651e641418","MOAB_004.basePlot.bet","D13","MOAB","MOAB_004","E","2015-07-23","2015-08-06","2015-08-07","2015-08-26","2015-12-09","MOAB_004.E.20150806","5U7Q+xBUPVsSDJOcrxTU0aFerfO2toj647V6TFkwebI=","carabid","CICPUN","Cicindela punctulata","species",,"Olivier",,2,"Pearson, D., C. B. Knisley, and C. J. Kazilek. 2006. A Field Guide to the Tiger Beetles of the United States and Canada: Identification, Natural History, and Distribution of the Cicindelidae. Oxford University Press, New York.","/h2P7iNCFob6MrtXvZ/0KV0VExqkPzVY","wGVKqNu5xeXKCqkJVSQ93bpoR9cNPKGrbDACuKYLaxs=","All pinned."
"6aa3b790-d303-49b1-bc1e-50d86a4db309","MOAB_004.basePlot.bet","D13","MOAB","MOAB_004","E","2015-07-23","2015-08-06","2015-08-07","2015-08-26",,"MOAB_004.E.20150806","5U7Q+xBUPVsSDJOcrxTU0UEqB3RyrMnt/W6L04goYto=","invert bycatch",,,,,,,,,,"wGVKqNu5xeXKCqkJVSQ93bpoR9cNPKGrbDACuKYLaxs=",
"b4e9d36e-603b-481b-b2b6-a8e2c7649aa4","MOAB_005.basePlot.bet","D13","MOAB","MOAB_005","N","2015-07-23","2015-08-06","2015-08-07","2015-08-26","2015-12-16","MOAB_005.N.20150806","dErP7UpuKYsG5DJNuEWuRNsOIXOMAzHWrtY/SJD/rBw=","carabid","CICPUN","Cicindela punctulata","species",,"Olivier",,7,"Pearson, D., C. B. Knisley, and C. J. Kazilek. 2006. A Field Guide to the Tiger Beetles of the United States and Canada: Identification, Natural History, and Distribution of the Cicindelidae. Oxford University Press, New York.","/h2P7iNCFob6MrtXvZ/0KV0VExqkPzVY","/h2P7iNCFob6MrtXvZ/0KV0VExqkPzVY","Two individuals pinned."
"a8a87f8f-1cad-466b-996c-a620a6daaf12","MOAB_005.basePlot.bet","D13","MOAB","MOAB_005","E","2015-07-23","2015-08-06","2015-08-07","2015-08-26",,"MOAB_005.E.20150806","dErP7UpuKYvM0dCOAPuAKwnTCL2IFke4ZrLdMx9wF/4=","invert bycatch",,,,,,,,,,"/h2P7iNCFob6MrtXvZ/0KV0VExqkPzVY",
"665d3556-d772-4f01-8b08-29679f993b35","MOAB_007.basePlot.bet","D13","MOAB","MOAB_007","N","2015-07-23","2015-08-06","2015-08-07","2015-08-26","2015-12-09","MOAB_007.N.20150806","KUrFeqpu9DsyE1EkU+ED2PSW8RSv2ewyxhT7NJZHWZc=","carabid","CICPUN","Cicindela punctulata","species",,"Olivier",,1,"Pearson, D., C. B. Knisley, and C. J. Kazilek. 2006. A Field Guide to the Tiger Beetles of the United States and Canada: Identification, Natural History, and Distribution of the Cicindelidae. Oxford University Press, New York.","/h2P7iNCFob6MrtXvZ/0KV0VExqkPzVY","wGVKqNu5xeXKCqkJVSQ93bpoR9cNPKGrbDACuKYLaxs=","pinned"
"46d8e580-52a7-452e-92e4-ed4968ee21ce","MOAB_009.basePlot.bet","D13","MOAB","MOAB_009","E","2015-07-23","2015-08-06","2015-08-07","2015-08-13",,"MOAB_009.E.20150806","r113m7c7xtxtDu0HhaQPvF5cXtwST4OVMlla+u0y3TE=","invert bycatch",,,,,,,,,,"SVlrLvG6MQgHNcX9a6cN9XT/1zjcedhM",
"6a322085-11ba-4387-9a75-ce0335cccbfa","MOAB_005.basePlot.bet","D13","MOAB","MOAB_005","N","2015-07-23","2015-08-06","2015-08-07","2015-08-26","2015-12-09","MOAB_005.N.20150806","dErP7UpuKYsG5DJNuEWuRACqQRFSdY5vl0u/3biH3a0=","carabid","HARCAL","Harpalus caliginosus","species","cf. species","Fabricius",,1,"Lindroth, C. H. 1969. The ground-beetles (Carabidae, excl. Cicindelinae) of Canada and Alaska, parts 1-6. Opuscula E. Entomoligiska Sallskapet.","/h2P7iNCFob6MrtXvZ/0KV0VExqkPzVY","/h2P7iNCFob6MrtXvZ/0KV0VExqkPzVY","pinned."
"e91bc71c-6053-4438-8e73-1ca5d70d5759","MOAB_005.basePlot.bet","D13","MOAB","MOAB_005","E","2015-07-23","2015-08-06","2015-08-07","2015-08-26","2015-12-16","MOAB_005.E.20150806","dErP7UpuKYvM0dCOAPuAK8yyNPewhu+iIuNoqwwsdsU=","carabid","CICPUN","Cicindela punctulata","species",,"Olivier",,4,"Pearson, D., C. B. Knisley, and C. J. Kazilek. 2006. A Field Guide to the Tiger Beetles of the United States and Canada: Identification, Natural History, and Distribution of the Cicindelidae. Oxford University Press, New York.","/h2P7iNCFob6MrtXvZ/0KV0VExqkPzVY","/h2P7iNCFob6MrtXvZ/0KV0VExqkPzVY","Two individuals pinned."
"4d0ef974-1ab0-46bb-a591-793d27fb60e3","MOAB_010.basePlot.bet","D13","MOAB","MOAB_010","E","2015-07-23","2015-08-06","2015-08-07","2015-08-12","2015-12-09","MOAB_010.E.20150806","ey84eokAkd7pSJq1KB1Aek8e3eBgaX5iXycb2isJ3ic=","carabid","CICPUN","Cicindela punctulata","species",,"Olivier",,6,"Pearson, D., C. B. Knisley, and C. J. Kazilek. 2006. A Field Guide to the Tiger Beetles of the United States and Canada: Identification, Natural History, and Distribution of the Cicindelidae. Oxford University Press, New York.","/h2P7iNCFob6MrtXvZ/0KV0VExqkPzVY","SVlrLvG6MQgHNcX9a6cN9XT/1zjcedhM","All individuals pinned."
"03640dba-69ae-4f59-bfa0-d303599d1832","MOAB_010.basePlot.bet","D13","MOAB","MOAB_010","E","2015-07-23","2015-08-06","2015-08-07","2015-08-12",,"MOAB_010.E.20150806","ey84eokAkd7pSJq1KB1AeqyVA9lNWv6DNyuFCLYFoNw=","invert bycatch",,,,,,,,,,"SVlrLvG6MQgHNcX9a6cN9XT/1zjcedhM",
"27506c8e-b170-4599-8b9f-f9101817150b","MOAB_007.basePlot.bet","D13","MOAB","MOAB_007","E","2015-07-23","2015-08-06","2015-08-07","2015-08-26",,"MOAB_007.E.20150806","KUrFeqpu9DtwEQQ6Xed72dbfRZ51LFdWR63jDwd1GhA=","invert bycatch",,,,,,,,,,"wGVKqNu5xeXKCqkJVSQ93bpoR9cNPKGrbDACuKYLaxs=",
"d9b68dad-2542-41a1-8835-f297c90bdd17","MOAB_007.basePlot.bet","D13","MOAB","MOAB_007","N","2015-07-23","2015-08-06","2015-08-07","2015-08-26","2015-12-09","MOAB_007.N.20150806","KUrFeqpu9DsyE1EkU+ED2EoA/XAm4v7j1rCqZxZNZ9g=","carabid","CARSP14","Carabidae sp.","family",,"Latreille","D13.2015.MorphZE",3,"Lindroth, C. H. 1969. The ground-beetles (Carabidae, excl. Cicindelinae) of Canada and Alaska, parts 1-6. Opuscula E. Entomoligiska Sallskapet.","/h2P7iNCFob6MrtXvZ/0KV0VExqkPzVY","wGVKqNu5xeXKCqkJVSQ93bpoR9cNPKGrbDACuKYLaxs=","All pinned."
"db2e5e80-3a83-4836-aa64-263026ac694c","MOAB_002.basePlot.bet","D13","MOAB","MOAB_002","E","2015-07-23","2015-08-06","2015-08-07","2015-08-24",,"MOAB_002.E.20150806","dDZSo11ZohYgxfVamv0+qH8I1YRiXPvrmdEnPD36xSE=","invert bycatch",,,,,,,,,,"/h2P7iNCFob6MrtXvZ/0KV0VExqkPzVY",
"f01874cc-db2d-4145-b529-52bb891353e2","MOAB_001.basePlot.bet","D13","MOAB","MOAB_001","E","2015-07-23","2015-08-06","2015-08-07","2015-08-24","2015-12-08","MOAB_001.E.20150806","hc7nq0q3kZJNrue+OSZL6+UtVV9CQP3mcTTQaMNj74s=","carabid","CICPUN","Cicindela punctulata","species",,"Olivier",,1,"Pearson, D., C. B. Knisley, and C. J. Kazilek. 2006. A Field Guide to the Tiger Beetles of the United States and Canada: Identification, Natural History, and Distribution of the Cicindelidae. Oxford University Press, New York.","/h2P7iNCFob6MrtXvZ/0KV0VExqkPzVY","wGVKqNu5xeXKCqkJVSQ93bpoR9cNPKGrbDACuKYLaxs=","all individuals pinned."
"18f880f3-64d8-4e4d-8e33-46123d89b5a1","MOAB_001.basePlot.bet","D13","MOAB","MOAB_001","E","2015-07-23","2015-08-06","2015-08-07","2015-08-24",,"MOAB_001.E.20150806","hc7nq0q3kZJNrue+OSZL68m+wq31K9sZ7SPTUcrV7/I=","invert bycatch",,,,,,,,,,"wGVKqNu5xeXKCqkJVSQ93bpoR9cNPKGrbDACuKYLaxs=",
"ae05c532-5483-483e-991a-913148a0b6cf","MOAB_002.basePlot.bet","D13","MOAB","MOAB_002","N","2015-07-23","2015-08-06","2015-08-07","2015-08-24","2015-12-09","MOAB_002.N.20150806","dDZSo11Zohb4F7SqqYXHIUYCQN4d2APDcoXXHyySDTw=","carabid","HARCOR","Harpalus cordatus","species","cf. species","LeConte",,1,"Arnett Jr., R. H., and M. C. Thomas. 2001. American Beetles Archosemata, Myxophaga, Adephaga, Polyphaga: Staphyliniformia. 1st Vol. (C. Press, Ed.). 1st Ed. Boca Raton, FL.","/h2P7iNCFob6MrtXvZ/0KV0VExqkPzVY","/h2P7iNCFob6MrtXvZ/0KV0VExqkPzVY","pinned"
"0518cf96-d530-44bf-98d0-186bccd8714f","MOAB_002.basePlot.bet","D13","MOAB","MOAB_002","N","2015-07-23","2015-08-06","2015-08-07","2015-08-24","2015-12-09","MOAB_002.N.20150806","dDZSo11Zohb4F7SqqYXHIYzHIkbfs5pJV+Js3yuF5WA=","carabid","CICPUN","Cicindela punctulata","species",,"Olivier",,1,"Pearson, D., C. B. Knisley, and C. J. Kazilek. 2006. A Field Guide to the Tiger Beetles of the United States and Canada: Identification, Natural History, and Distribution of the Cicindelidae. Oxford University Press, New York.","/h2P7iNCFob6MrtXvZ/0KV0VExqkPzVY","/h2P7iNCFob6MrtXvZ/0KV0VExqkPzVY","pinned"
"c0f2abbb-19ef-4eba-9730-9a17f75fe67f","MOAB_001.basePlot.bet","D13","MOAB","MOAB_001","N","2015-07-23","2015-08-06","2015-08-07","2015-08-24",,"MOAB_001.N.20150806","hc7nq0q3kZKdApCXVXaqWbIOPutg27e8Tu26WUlA+Mo=","invert bycatch",,,,,,,,,,"wGVKqNu5xeXKCqkJVSQ93bpoR9cNPKGrbDACuKYLaxs=",
"1e7b4f6b-69a1-460d-9654-7fc61f0c936d","MOAB_010.basePlot.bet","D13","MOAB","MOAB_010","N","2015-07-23","2015-08-06","2015-08-07","2015-08-12","2015-12-08","MOAB_010.N.20150806","ey84eokAkd6i6GieP6/BCknNhrxzi6jgyFUTx5hQBSg=","carabid","CICPUN","Cicindela punctulata","species",,"Olivier",,3,"Pearson, D., C. B. Knisley, and C. J. Kazilek. 2006. A Field Guide to the Tiger Beetles of the United States and Canada: Identification, Natural History, and Distribution of the Cicindelidae. Oxford University Press, New York.","/h2P7iNCFob6MrtXvZ/0KV0VExqkPzVY","SVlrLvG6MQgHNcX9a6cN9XT/1zjcedhM","All individuals pinned."
"ccfd0f1e-3604-4e05-a434-d6b5245f4b8b","MOAB_010.basePlot.bet","D13","MOAB","MOAB_010","N","2015-07-23","2015-08-06","2015-08-07","2015-08-12",,"MOAB_010.N.20150806","ey84eokAkd6i6GieP6/BCuPc0HoCO55n9chv0OWGoGM=","invert bycatch",,,,,,,,,,"SVlrLvG6MQgHNcX9a6cN9XT/1zjcedhM",
"846700d6-f253-4675-94ee-05eec644e24a","MOAB_007.basePlot.bet","D13","MOAB","MOAB_007","N","2015-07-23","2015-08-06","2015-08-07","2015-08-26",,"MOAB_007.N.20150806","KUrFeqpu9DsyE1EkU+ED2Pj8DPX630GuqRKw1S/ehns=","invert bycatch",,,,,,,,,,"wGVKqNu5xeXKCqkJVSQ93bpoR9cNPKGrbDACuKYLaxs=",
"2a45cacb-adec-49cf-a13e-feecfd213b8d","MOAB_005.basePlot.bet","D13","MOAB","MOAB_005","N","2015-07-23","2015-08-06","2015-08-07","2015-08-26",,"MOAB_005.N.20150806","dErP7UpuKYsG5DJNuEWuRI9fOJbMFw+dmVUPKP2Tim0=","invert bycatch",,,,,,,,,,"/h2P7iNCFob6MrtXvZ/0KV0VExqkPzVY",
"5bdf77e3-21b0-4ef8-b345-0d1b68cc5952","MOAB_009.basePlot.bet","D13","MOAB","MOAB_009","N","2015-07-23","2015-08-06","2015-08-07","2015-08-13",,"MOAB_009.N.20150806","r113m7c7xtxY5lRXoG0jknPLvSE/YNVyV+5ygppLzL0=","invert bycatch",,,,,,,,,,"SVlrLvG6MQgHNcX9a6cN9XT/1zjcedhM",
"e2a9a58d-b00a-4203-8bf0-66a550ecb398","MOAB_006.basePlot.bet","D13","MOAB","MOAB_006","N","2015-07-23","2015-08-06","2015-08-07","2015-09-01",,"MOAB_006.N.20150806","W12PQsnHiUiovYxBf2LA9whrAdlDU1fTn2Cj0i05N6Q=","invert bycatch",,,,,,,,,,"wGVKqNu5xeXKCqkJVSQ93bpoR9cNPKGrbDACuKYLaxs=",
"5eca705a-cacb-46c6-a305-8e18c6e55ad3","MOAB_006.basePlot.bet","D13","MOAB","MOAB_006","N","2015-07-23","2015-08-06","2015-08-07","2015-09-01","2015-12-09","MOAB_006.N.20150806","W12PQsnHiUiovYxBf2LA9yxh3/HqstlBIQFKO3u6Fzg=","carabid","CICPUN","Cicindela punctulata","species",,"Olivier",,2,"Pearson, D., C. B. Knisley, and C. J. Kazilek. 2006. A Field Guide to the Tiger Beetles of the United States and Canada: Identification, Natural History, and Distribution of the Cicindelidae. Oxford University Press, New York.","/h2P7iNCFob6MrtXvZ/0KV0VExqkPzVY","wGVKqNu5xeXKCqkJVSQ93bpoR9cNPKGrbDACuKYLaxs=","all pinned"
"4542077d-915c-49d9-90af-a839158f5aff","MOAB_003.basePlot.bet","D13","MOAB","MOAB_003","N","2015-07-23","2015-08-06","2015-08-07","2015-09-01",,"MOAB_003.N.20150806","IyUvclCcKUbI+jRps7oNrfNJB6hswNmDUmzreUDQ/dM=","invert bycatch",,,,,,,,,,"wGVKqNu5xeXKCqkJVSQ93bpoR9cNPKGrbDACuKYLaxs=",
"0c6b3cb3-9ed3-47fd-9f41-a13d3f09a22d","MOAB_004.basePlot.bet","D13","MOAB","MOAB_004","N","2015-07-23","2015-08-06","2015-08-07","2015-08-26","2015-12-16","MOAB_004.N.20150806","5U7Q+xBUPVubZFy6L9dNCW7XXe7mNHAWiclWwCdeUe8=","carabid","CICPUN","Cicindela punctulata","species",,"Olivier",,3,"Pearson, D., C. B. Knisley, and C. J. Kazilek. 2006. A Field Guide to the Tiger Beetles of the United States and Canada: Identification, Natural History, and Distribution of the Cicindelidae. Oxford University Press, New York.","/h2P7iNCFob6MrtXvZ/0KV0VExqkPzVY","wGVKqNu5xeXKCqkJVSQ93bpoR9cNPKGrbDACuKYLaxs=","Pinned two individuals."
"668a05ce-8ad4-4103-9509-1c732e94b447","MOAB_004.basePlot.bet","D13","MOAB","MOAB_004","N","2015-07-23","2015-08-06","2015-08-07","2015-08-26",,"MOAB_004.N.20150806","5U7Q+xBUPVubZFy6L9dNCSxHtvKQlzn/isSFHDCAFaU=","invert bycatch",,,,,,,,,,"wGVKqNu5xeXKCqkJVSQ93bpoR9cNPKGrbDACuKYLaxs=",
"8c7816be-9798-4858-8d5c-422bfda50b32","MOAB_001.basePlot.bet","D13","MOAB","MOAB_001","N","2015-07-23","2015-08-06","2015-08-07","2015-08-24","2015-12-08","MOAB_001.N.20150806","hc7nq0q3kZKdApCXVXaqWcskc5QDfXGhAvzaSkaTwuU=","carabid","CICPUN","Cicindela punctulata","species",,"Olivier",,2,"Pearson, D., C. B. Knisley, and C. J. Kazilek. 2006. A Field Guide to the Tiger Beetles of the United States and Canada: Identification, Natural History, and Distribution of the Cicindelidae. Oxford University Press, New York.","/h2P7iNCFob6MrtXvZ/0KV0VExqkPzVY","wGVKqNu5xeXKCqkJVSQ93bpoR9cNPKGrbDACuKYLaxs=","All individuals pinned."
"c94d800a-3d3e-46e3-8230-98bcd59effd9","MOAB_003.basePlot.bet","D13","MOAB","MOAB_003","N","2015-07-23","2015-08-06","2015-08-07","2015-09-01","2015-12-09","MOAB_003.N.20150806","IyUvclCcKUbI+jRps7oNrXi9yNaSIHULTnbmSJg03TY=","carabid","PSESP7","Pseudomorpha sp.","genus","cf. genus","Kirby",,1,"Lindroth, C. H. 1969. The ground-beetles (Carabidae, excl. Cicindelinae) of Canada and Alaska, parts 1-6. Opuscula E. Entomoligiska Sallskapet.","/h2P7iNCFob6MrtXvZ/0KV0VExqkPzVY","wGVKqNu5xeXKCqkJVSQ93bpoR9cNPKGrbDACuKYLaxs=",
"2251153d-9bf1-4944-b854-4d88f27bf8ae","MOAB_009.basePlot.bet","D13","MOAB","MOAB_009","N","2015-07-23","2015-08-06","2015-08-07","2015-08-13","2015-12-16","MOAB_009.N.20150806","r113m7c7xtxY5lRXoG0jknoufpHOadUjzZvmiIzVFcc=","carabid","CICPUN","Cicindela punctulata","species",,"Olivier",,7,"Pearson, D., C. B. Knisley, and C. J. Kazilek. 2006. A Field Guide to the Tiger Beetles of the United States and Canada: Identification, Natural History, and Distribution of the Cicindelidae. Oxford University Press, New York.","/h2P7iNCFob6MrtXvZ/0KV0VExqkPzVY","SVlrLvG6MQgHNcX9a6cN9XT/1zjcedhM","pinned two individuals"
"1fba111b-b068-458f-8542-f3eacf6ecce7","MOAB_002.basePlot.bet","D13","MOAB","MOAB_002","N","2015-07-23","2015-08-06","2015-08-07","2015-08-24",,"MOAB_002.N.20150806","dDZSo11Zohb4F7SqqYXHIawuBGjFYQnNX9hY6GkGZ68=","invert bycatch",,,,,,,,,,"/h2P7iNCFob6MrtXvZ/0KV0VExqkPzVY",
"56f386d2-2523-4347-b02b-d3b7db45fb27","MOAB_004.basePlot.bet","D13","MOAB","MOAB_004","S","2015-07-23","2015-08-06","2015-08-07","2015-08-26","2015-12-16","MOAB_004.S.20150806","5U7Q+xBUPVsXIUmWO96tYNxV+PeOavdtJfeyNAcBV6U=","carabid","CICPUN","Cicindela punctulata","species",,"Olivier",,10,"Pearson, D., C. B. Knisley, and C. J. Kazilek. 2006. A Field Guide to the Tiger Beetles of the United States and Canada: Identification, Natural History, and Distribution of the Cicindelidae. Oxford University Press, New York.","/h2P7iNCFob6MrtXvZ/0KV0VExqkPzVY","wGVKqNu5xeXKCqkJVSQ93bpoR9cNPKGrbDACuKYLaxs=","Pinned two individuals."
"b03c446a-cf1c-4d24-bb50-33a928459eb2","MOAB_003.basePlot.bet","D13","MOAB","MOAB_003","S","2015-07-23","2015-08-06","2015-08-07","2015-09-01",,"MOAB_003.S.20150806","IyUvclCcKUYw8kTM1MpLQk34gdppwAf/WmMgAh0KxH8=","invert bycatch",,,,,,,,,,"wGVKqNu5xeXKCqkJVSQ93bpoR9cNPKGrbDACuKYLaxs=",
"15ea0257-13f5-4d4c-a939-5747b791403f","MOAB_003.basePlot.bet","D13","MOAB","MOAB_003","S","2015-07-23","2015-08-06","2015-08-07","2015-09-01","2015-12-09","MOAB_003.S.20150806","IyUvclCcKUYw8kTM1MpLQsqDRVJzlj+2QbdTR2mkIl4=","carabid","CARSP14","Carabidae sp.","family",,"Latreille","D13.2015.MorphZE",1,"Lindroth, C. H. 1969. The ground-beetles (Carabidae, excl. Cicindelinae) of Canada and Alaska, parts 1-6. Opuscula E. Entomoligiska Sallskapet.","/h2P7iNCFob6MrtXvZ/0KV0VExqkPzVY","wGVKqNu5xeXKCqkJVSQ93bpoR9cNPKGrbDACuKYLaxs=","pinned"
"a3aa5455-fcf1-454a-b6f1-6521abb53433","MOAB_004.basePlot.bet","D13","MOAB","MOAB_004","S","2015-07-23","2015-08-06","2015-08-07","2015-08-26",,"MOAB_004.S.20150806","5U7Q+xBUPVsXIUmWO96tYOprI8l51hOrN4bDLxt7hOI=","invert bycatch",,,,,,,,,,"wGVKqNu5xeXKCqkJVSQ93bpoR9cNPKGrbDACuKYLaxs=",
"34a472e3-7f1c-41e0-b918-9041a11c1df5","MOAB_007.basePlot.bet","D13","MOAB","MOAB_007","S","2015-07-23","2015-08-06","2015-08-07","2015-08-26",,"MOAB_007.S.20150806","KUrFeqpu9DvtqFzkMB5u86CDTwxhpfvPoH9WKuFH+3c=","invert bycatch",,,,,,,,,,"wGVKqNu5xeXKCqkJVSQ93bpoR9cNPKGrbDACuKYLaxs=",
"c4c89443-b6ee-47e5-bead-3b266356c59b","MOAB_009.basePlot.bet","D13","MOAB","MOAB_009","S","2015-07-23","2015-08-06","2015-08-07","2015-08-13",,"MOAB_009.S.20150806","r113m7c7xtyAldjOxBbFm7mf8uT0WBhkV0YOAa4Z1Xc=","invert bycatch",,,,,,,,,,"SVlrLvG6MQgHNcX9a6cN9XT/1zjcedhM",
"7fb48fb5-b8d0-4c2f-8e54-37319e4b8772","MOAB_005.basePlot.bet","D13","MOAB","MOAB_005","S","2015-07-23","2015-08-06","2015-08-07","2015-08-26","2015-12-16","MOAB_005.S.20150806","dErP7UpuKYu0BOno+Bn5qV5s7PBkgR+2ekmBnD6CsAA=","carabid","CICPUN","Cicindela punctulata","species",,"Olivier",,3,"Pearson, D., C. B. Knisley, and C. J. Kazilek. 2006. A Field Guide to the Tiger Beetles of the United States and Canada: Identification, Natural History, and Distribution of the Cicindelidae. Oxford University Press, New York.","/h2P7iNCFob6MrtXvZ/0KV0VExqkPzVY","/h2P7iNCFob6MrtXvZ/0KV0VExqkPzVY","Two individuals pinned."
"cf906417-e528-41dc-80c0-c7bf9c809bdd","MOAB_006.basePlot.bet","D13","MOAB","MOAB_006","S","2015-07-23","2015-08-06","2015-08-07","2015-09-01",,"MOAB_006.S.20150806","W12PQsnHiUi5avsn7tVLTiBgqO06W1t7bctsXJbAxXw=","invert bycatch",,,,,,,,,,"wGVKqNu5xeXKCqkJVSQ93bpoR9cNPKGrbDACuKYLaxs=",
"7987f0d2-015d-4b42-a354-09e282e87d53","MOAB_001.basePlot.bet","D13","MOAB","MOAB_001","S","2015-07-23","2015-08-06","2015-08-07","2015-08-24",,"MOAB_001.S.20150806","hc7nq0q3kZJpnnQ2oAownFeZ/3/ap/cL/quxM0IoV9g=","invert bycatch",,,,,,,,,,"wGVKqNu5xeXKCqkJVSQ93bpoR9cNPKGrbDACuKYLaxs=",
"555db373-1e57-4751-9ca3-dd1568b46164","MOAB_001.basePlot.bet","D13","MOAB","MOAB_001","S","2015-07-23","2015-08-06","2015-08-07","2015-08-24","2015-12-16","MOAB_001.S.20150806","hc7nq0q3kZJpnnQ2oAownNa3RE9BRIeWJvSJA4V6Ok4=","carabid","CICPUN","Cicindela punctulata","species",,"Olivier",,3,"Pearson, D., C. B. Knisley, and C. J. Kazilek. 2006. A Field Guide to the Tiger Beetles of the United States and Canada: Identification, Natural History, and Distribution of the Cicindelidae. Oxford University Press, New York.","/h2P7iNCFob6MrtXvZ/0KV0VExqkPzVY","wGVKqNu5xeXKCqkJVSQ93bpoR9cNPKGrbDACuKYLaxs=","Two individuals pinned."
"d82f616b-92d8-47c9-896a-9fb97ee77c5d","MOAB_010.basePlot.bet","D13","MOAB","MOAB_010","S","2015-07-23","2015-08-06","2015-08-07","2015-08-12","2015-12-08","MOAB_010.S.20150806","ey84eokAkd7g+RBPrOmApYqUvTFhDq0UhnijOd59CZw=","carabid","CICPUN","Cicindela punctulata","species",,"Olivier",,2,"Pearson, D., C. B. Knisley, and C. J. Kazilek. 2006. A Field Guide to the Tiger Beetles of the United States and Canada: Identification, Natural History, and Distribution of the Cicindelidae. Oxford University Press, New York.","/h2P7iNCFob6MrtXvZ/0KV0VExqkPzVY","SVlrLvG6MQgHNcX9a6cN9XT/1zjcedhM","All individuals pinned."
"bea45637-7f1c-48a9-8b1e-9212cca515c7","MOAB_010.basePlot.bet","D13","MOAB","MOAB_010","S","2015-07-23","2015-08-06","2015-08-07","2015-08-12",,"MOAB_010.S.20150806","ey84eokAkd7g+RBPrOmApYUM+PcIHGfTDlRyX3IzM8Y=","invert bycatch",,,,,,,,,,"SVlrLvG6MQgHNcX9a6cN9XT/1zjcedhM",
"b773d768-d0d6-4350-b847-fbe5d35d76a9","MOAB_002.basePlot.bet","D13","MOAB","MOAB_002","S","2015-07-23","2015-08-06","2015-08-07","2015-08-24",,"MOAB_002.S.20150806","dDZSo11ZohawgYoIepedwJQHMyj1Ec+TAqIk7y7jINw=","invert bycatch",,,,,,,,,,"/h2P7iNCFob6MrtXvZ/0KV0VExqkPzVY",
"781e013f-fe3f-4fb7-83a0-b706d370aa4c","MOAB_002.basePlot.bet","D13","MOAB","MOAB_002","S","2015-07-23","2015-08-06","2015-08-07","2015-08-24","2015-12-09","MOAB_002.S.20150806","dDZSo11ZohawgYoIepedwCD7RTBg9wG3a+QflG2eSE4=","carabid","CICPUN","Cicindela punctulata","species",,"Olivier",,2,"Pearson, D., C. B. Knisley, and C. J. Kazilek. 2006. A Field Guide to the Tiger Beetles of the United States and Canada: Identification, Natural History, and Distribution of the Cicindelidae. Oxford University Press, New York.","/h2P7iNCFob6MrtXvZ/0KV0VExqkPzVY","/h2P7iNCFob6MrtXvZ/0KV0VExqkPzVY","all pinned"
"f61b3d0c-92c1-486c-a5e9-75dcb4a5dc02","MOAB_005.basePlot.bet","D13","MOAB","MOAB_005","S","2015-07-23","2015-08-06","2015-08-07","2015-08-26",,"MOAB_005.S.20150806","dErP7UpuKYu0BOno+Bn5qRnrqgoNjdVqK/mlO3EmMJk=","invert bycatch",,,,,,,,,,"/h2P7iNCFob6MrtXvZ/0KV0VExqkPzVY",
"3e35efec-4a9f-415c-baf0-5bc177d8230e","MOAB_004.basePlot.bet","D13","MOAB","MOAB_004","W","2015-07-23","2015-08-06","2015-08-07","2015-08-26","2015-12-16","MOAB_004.W.20150806","5U7Q+xBUPVsr/jfDgdu3KwQeNyvZAoIUboOARWpmRY0=","carabid","CICPUN","Cicindela punctulata","species",,"Olivier",,1,"Pearson, D., C. B. Knisley, and C. J. Kazilek. 2006. A Field Guide to the Tiger Beetles of the United States and Canada: Identification, Natural History, and Distribution of the Cicindelidae. Oxford University Press, New York.","/h2P7iNCFob6MrtXvZ/0KV0VExqkPzVY","wGVKqNu5xeXKCqkJVSQ93bpoR9cNPKGrbDACuKYLaxs=","pinned two individuals."
"8b7467a0-518a-4b9c-98e0-fb21edb0c032","MOAB_006.basePlot.bet","D13","MOAB","MOAB_006","W","2015-07-23","2015-08-06","2015-08-07","2015-09-01",,"MOAB_006.W.20150806","W12PQsnHiUiX9EfqfND2RcuguapXlFONzMhfqqYnrW4=","invert bycatch",,,,,,,,,,"wGVKqNu5xeXKCqkJVSQ93bpoR9cNPKGrbDACuKYLaxs=",
"de4901af-2dc1-4900-9a9f-cfbe59a98f3c","MOAB_006.basePlot.bet","D13","MOAB","MOAB_006","W","2015-07-23","2015-08-06","2015-08-07","2015-09-01","2015-12-09","MOAB_006.W.20150806","W12PQsnHiUiX9EfqfND2RS1SkPuSXH6z/co+OJrOXKc=","carabid","CICPUN","Cicindela punctulata","species",,"Olivier",,1,"Pearson, D., C. B. Knisley, and C. J. Kazilek. 2006. A Field Guide to the Tiger Beetles of the United States and Canada: Identification, Natural History, and Distribution of the Cicindelidae. Oxford University Press, New York.","/h2P7iNCFob6MrtXvZ/0KV0VExqkPzVY","wGVKqNu5xeXKCqkJVSQ93bpoR9cNPKGrbDACuKYLaxs=","pinned"
"52f170b4-c5a8-41e9-a553-e80e4987d4b9","MOAB_004.basePlot.bet","D13","MOAB","MOAB_004","W","2015-07-23","2015-08-06","2015-08-07","2015-08-26",,"MOAB_004.W.20150806","5U7Q+xBUPVsr/jfDgdu3K/3DVHkrZmu5DX1P32QXFNY=","invert bycatch",,,,,,,,,,"wGVKqNu5xeXKCqkJVSQ93bpoR9cNPKGrbDACuKYLaxs=",
"cc7b8dac-8498-4437-8266-90301539cf1d","MOAB_003.basePlot.bet","D13","MOAB","MOAB_003","W","2015-07-23","2015-08-06","2015-08-07","2015-09-01",,"MOAB_003.W.20150806","IyUvclCcKUY1kqgHKVFq4sPQ7IUK5kgYheQ4chRoiBU=","invert bycatch",,,,,,,,,,"wGVKqNu5xeXKCqkJVSQ93bpoR9cNPKGrbDACuKYLaxs=",
"dadf0ec8-9ef3-47fd-b874-8d088f28a3ff","MOAB_007.basePlot.bet","D13","MOAB","MOAB_007","W","2015-07-23","2015-08-06","2015-08-07","2015-08-26","2015-12-09","MOAB_007.W.20150806","KUrFeqpu9Dt8faGCZrnLWdJlGlDLyrqS4pUqEJfAtRs=","carabid","HARRET","Harpalus retractus","species","cf. species","LeConte",,1,"Lindroth, C. H. 1969. The ground-beetles (Carabidae, excl. Cicindelinae) of Canada and Alaska, parts 1-6. Opuscula E. Entomoligiska Sallskapet.","/h2P7iNCFob6MrtXvZ/0KV0VExqkPzVY","wGVKqNu5xeXKCqkJVSQ93bpoR9cNPKGrbDACuKYLaxs=","All pinned."
"8f5713cd-e92d-4468-b1e1-9f045fe57f16","MOAB_007.basePlot.bet","D13","MOAB","MOAB_007","W","2015-07-23","2015-08-06","2015-08-07","2015-08-26",,"MOAB_007.W.20150806","KUrFeqpu9Dt8faGCZrnLWWBasdAxX9DSrs9VeoVnMqY=","invert bycatch",,,,,,,,,,"wGVKqNu5xeXKCqkJVSQ93bpoR9cNPKGrbDACuKYLaxs=",
"05ee814b-c0b1-4ddf-916b-dee240362980","MOAB_009.basePlot.bet","D13","MOAB","MOAB_009","W","2015-07-23","2015-08-06","2015-08-07","2015-08-13",,"MOAB_009.W.20150806","r113m7c7xtw25pJDxhdj2FcYzfc92X48fnSZI9gjdK4=","invert bycatch",,,,,,,,,,"SVlrLvG6MQgHNcX9a6cN9XT/1zjcedhM",
"436e4764-346c-47f1-be5c-cbf669409d2b","MOAB_005.basePlot.bet","D13","MOAB","MOAB_005","W","2015-07-23","2015-08-06","2015-08-07","2015-08-26",,"MOAB_005.W.20150806","dErP7UpuKYumuf3kDH7etVYG3omZZXPO7EaDPNFqUjQ=","invert bycatch",,,,,,,,,,"/h2P7iNCFob6MrtXvZ/0KV0VExqkPzVY",
"c74eb7e2-411f-491d-833b-ad6f20f9d0d0","MOAB_002.basePlot.bet","D13","MOAB","MOAB_002","W","2015-08-06","2015-08-20","2015-08-21","2015-09-02",,"MOAB_002.W.20150820","dDZSo11ZohZrMC7gZYpV7hheKtJMqIqf2h4kdIPz2ks=","invert bycatch",,,,,,,,,,"Ymvu50svVai947RgaYoGNGTwjbYtyuA7",
"f0f901aa-d569-4e0a-b8a1-dce72e452195","MOAB_001.basePlot.bet","D13","MOAB","MOAB_001","W","2015-08-06","2015-08-20","2015-08-21","2015-09-02","2015-12-16","MOAB_001.W.20150820","hc7nq0q3kZJXrc+I7AKhBnMQTbdq2gsYLZTNmZOCunA=","carabid","CICPUN","Cicindela punctulata","species",,"Olivier",,10,"Pearson, D., C. B. Knisley, and C. J. Kazilek. 2006. A Field Guide to the Tiger Beetles of the United States and Canada: Identification, Natural History, and Distribution of the Cicindelidae. Oxford University Press, New York.","/h2P7iNCFob6MrtXvZ/0KV0VExqkPzVY","wGVKqNu5xeXKCqkJVSQ93bpoR9cNPKGrbDACuKYLaxs=","two individuals pinned"
"05f3fb90-9a9e-4857-9846-191c6cc4b73a","MOAB_002.basePlot.bet","D13","MOAB","MOAB_002","N","2015-08-06","2015-08-20","2015-08-21","2015-09-02","2015-12-10","MOAB_002.N.20150820","dDZSo11Zohb4F7SqqYXHIXRBuOJnaC4lc9TpT5JHVZQ=","carabid","HARCOR","Harpalus cordatus","species","cf. species","LeConte",,1,"Arnett Jr., R. H., and M. C. Thomas. 2001. American Beetles Archosemata, Myxophaga, Adephaga, Polyphaga: Staphyliniformia. 1st Vol. (C. Press, Ed.). 1st Ed. Boca Raton, FL.","/h2P7iNCFob6MrtXvZ/0KV0VExqkPzVY","Ymvu50svVai947RgaYoGNGTwjbYtyuA7","pinned"
"d530c1d7-270a-4dc6-a1ae-072f250db1a2","MOAB_002.basePlot.bet","D13","MOAB","MOAB_002","E","2015-08-06","2015-08-20","2015-08-21","2015-09-02",,"MOAB_002.E.20150820","dDZSo11ZohYgxfVamv0+qFrVsqRXAeqJyY4HsxtnrZg=","invert bycatch",,,,,,,,,,"Ymvu50svVai947RgaYoGNGTwjbYtyuA7",
"ed4f3dcc-74f7-4e45-9501-ffd73b3d1956","MOAB_002.basePlot.bet","D13","MOAB","MOAB_002","E","2015-08-06","2015-08-20","2015-08-21","2015-09-02","2015-12-10","MOAB_002.E.20150820","dDZSo11ZohYgxfVamv0+qGml0sC0rPrW/yboc2ibciQ=","carabid","CICPUN","Cicindela punctulata","species",,"Olivier",,1,"Pearson, D., C. B. Knisley, and C. J. Kazilek. 2006. A Field Guide to the Tiger Beetles of the United States and Canada: Identification, Natural History, and Distribution of the Cicindelidae. Oxford University Press, New York.","/h2P7iNCFob6MrtXvZ/0KV0VExqkPzVY","Ymvu50svVai947RgaYoGNGTwjbYtyuA7","pinned"
"bcede515-787d-41eb-98a1-448e22d6d38f","MOAB_010.basePlot.bet","D13","MOAB","MOAB_010","E","2015-08-06","2015-08-20","2015-08-21","2015-09-16",,"MOAB_010.E.20150820","ey84eokAkd7pSJq1KB1AeuF13UO9fx/eZ0DHxzJWkxw=","invert bycatch",,,,,,,,,,"/h2P7iNCFob6MrtXvZ/0KV0VExqkPzVY",
"b8c6e5b5-4523-47bc-b661-12778a4145b4","MOAB_001.basePlot.bet","D13","MOAB","MOAB_001","E","2015-08-06","2015-08-20","2015-08-21","2015-09-02","2015-12-16","MOAB_001.E.20150820","hc7nq0q3kZJNrue+OSZL67l1Sx2+xWcubdKlV097Uz4=","carabid","CICPUN","Cicindela punctulata","species",,"Olivier",,7,"Pearson, D., C. B. Knisley, and C. J. Kazilek. 2006. A Field Guide to the Tiger Beetles of the United States and Canada: Identification, Natural History, and Distribution of the Cicindelidae. Oxford University Press, New York.","/h2P7iNCFob6MrtXvZ/0KV0VExqkPzVY","wGVKqNu5xeXKCqkJVSQ93bpoR9cNPKGrbDACuKYLaxs=","two individuals pinned"
"637d136f-505f-47b0-ac1f-ff111be0aea8","MOAB_001.basePlot.bet","D13","MOAB","MOAB_001","E","2015-08-06","2015-08-20","2015-08-21","2015-09-02",,"MOAB_001.E.20150820","hc7nq0q3kZJNrue+OSZL64Qw8eh9n21XUY5s7v7u4pU=","invert bycatch",,,,,,,,,,"wGVKqNu5xeXKCqkJVSQ93bpoR9cNPKGrbDACuKYLaxs=",
"563da26a-8a9c-4e30-9973-96963f026eff","MOAB_007.basePlot.bet","D13","MOAB","MOAB_007","E","2015-08-06","2015-08-20","2015-08-21","2015-09-02",,"MOAB_007.E.20150820","KUrFeqpu9DtwEQQ6Xed72R/HsnlqdfNRbCBrKqECbdk=","invert bycatch",,,,,,,,,,"Ymvu50svVai947RgaYoGNGTwjbYtyuA7",
"f26192cd-a038-4c4b-8078-a7cd2ec741ad","MOAB_007.basePlot.bet","D13","MOAB","MOAB_007","N","2015-08-06","2015-08-20","2015-08-21","2015-09-02","2015-12-10","MOAB_007.N.20150820","KUrFeqpu9DsyE1EkU+ED2HU/sFSpKAqWSvv8pOEpQMM=","carabid","HARDES","Harpalus desertus","species","cf. species","LeConte",,1,"Arnett Jr., R. H., and M. C. Thomas. 2001. American Beetles Archosemata, Myxophaga, Adephaga, Polyphaga: Staphyliniformia. 1st Vol. (C. Press, Ed.). 1st Ed. Boca Raton, FL.","/h2P7iNCFob6MrtXvZ/0KV0VExqkPzVY","Ymvu50svVai947RgaYoGNGTwjbYtyuA7","individual pinned"
"443e8d5a-1a74-44f4-9279-62c7020644c6","MOAB_007.basePlot.bet","D13","MOAB","MOAB_007","N","2015-08-06","2015-08-20","2015-08-21","2015-09-02","2015-12-10","MOAB_007.N.20150820","KUrFeqpu9DsyE1EkU+ED2FK/N2wT8/Zc+u3PaTiifV0=","carabid","CARSP14","Carabidae sp.","family",,"Latreille","D13.2015.MorphZE",3,"Arnett Jr., R. H., and M. C. Thomas. 2001. American Beetles Archosemata, Myxophaga, Adephaga, Polyphaga: Staphyliniformia. 1st Vol. (C. Press, Ed.). 1st Ed. Boca Raton, FL.","/h2P7iNCFob6MrtXvZ/0KV0VExqkPzVY","Ymvu50svVai947RgaYoGNGTwjbYtyuA7","all pinned"
"0c8a8a78-abe8-45d7-b2c7-655d9606541c","MOAB_007.basePlot.bet","D13","MOAB","MOAB_007","N","2015-08-06","2015-08-20","2015-08-21","2015-09-02","2015-12-10","MOAB_007.N.20150820","KUrFeqpu9DsyE1EkU+ED2DoFKJN4td5nBETVNTJFRX8=","carabid","HARRET","Harpalus retractus","species","cf. species","LeConte",,1,"Lindroth, C. H. 1969. The ground-beetles (Carabidae, excl. Cicindelinae) of Canada and Alaska, parts 1-6. Opuscula E. Entomoligiska Sallskapet.","/h2P7iNCFob6MrtXvZ/0KV0VExqkPzVY","Ymvu50svVai947RgaYoGNGTwjbYtyuA7","all pinned"
"d5ebff17-833a-4945-ad30-dac4ced2c10d","MOAB_009.basePlot.bet","D13","MOAB","MOAB_009","E","2015-08-06","2015-08-20","2015-08-21","2015-09-16",,"MOAB_009.E.20150820","r113m7c7xtxtDu0HhaQPvJx5Gr9/FTHpyNLyVZhwfa0=","invert bycatch",,,,,,,,,,"wcMB+uWhN6DlxgYb80zZ5eNIhcO7pIW7",
"e5a60f9a-0ced-40be-b309-d7273b2a8296","MOAB_006.basePlot.bet","D13","MOAB","MOAB_006","E","2015-08-06","2015-08-20","2015-08-21","2015-09-16","2015-12-16","MOAB_006.E.20150820","W12PQsnHiUgp8HIXP91Iw8K88swb16ICbTHPOH3L49U=","carabid","CICPUN","Cicindela punctulata","species",,"Olivier",,3,"Pearson, D., C. B. Knisley, and C. J. Kazilek. 2006. A Field Guide to the Tiger Beetles of the United States and Canada: Identification, Natural History, and Distribution of the Cicindelidae. Oxford University Press, New York.","/h2P7iNCFob6MrtXvZ/0KV0VExqkPzVY","wcMB+uWhN6DlxgYb80zZ5eNIhcO7pIW7","pinned two individuals"
"672c093c-00be-46b3-8090-6447f4d0dec9","MOAB_006.basePlot.bet","D13","MOAB","MOAB_006","E","2015-08-06","2015-08-20","2015-08-21","2015-09-16",,"MOAB_006.E.20150820","W12PQsnHiUgp8HIXP91Iw5wnQtFNGTUYGquGbWQWxww=","invert bycatch",,,,,,,,,,"wcMB+uWhN6DlxgYb80zZ5eNIhcO7pIW7",
"bc64e6cf-fd5b-4104-b89f-ba81a4d8d2d8","MOAB_005.basePlot.bet","D13","MOAB","MOAB_005","E","2015-08-06","2015-08-20","2015-08-21","2015-09-02",,"MOAB_005.E.20150820","dErP7UpuKYvM0dCOAPuAKwH2swwEICCKLs6rfR6T864=","invert bycatch",,,,,,,,,,"wGVKqNu5xeXKCqkJVSQ93bpoR9cNPKGrbDACuKYLaxs=",
"d905627a-ad94-4932-a790-21282ab1915a","MOAB_003.basePlot.bet","D13","MOAB","MOAB_003","E","2015-08-06","2015-08-20","2015-08-21","2015-09-02",,"MOAB_003.E.20150820","IyUvclCcKUa8uaeinCAlgjiy2+z+UdnGV2SlYx8xqfU=","invert bycatch",,,,,,,,,,"wGVKqNu5xeXKCqkJVSQ93bpoR9cNPKGrbDACuKYLaxs=",
"c80735e8-a04e-49bf-bbec-12f63aee530b","MOAB_004.basePlot.bet","D13","MOAB","MOAB_004","E","2015-08-06","2015-08-20","2015-08-21","2015-09-02","2015-12-10","MOAB_004.E.20150820","5U7Q+xBUPVsSDJOcrxTU0U35ghHtCXgg+bBtDvXindc=","carabid","CICPUN","Cicindela punctulata","species",,"Olivier",,1,"Pearson, D., C. B. Knisley, and C. J. Kazilek. 2006. A Field Guide to the Tiger Beetles of the United States and Canada: Identification, Natural History, and Distribution of the Cicindelidae. Oxford University Press, New York.","/h2P7iNCFob6MrtXvZ/0KV0VExqkPzVY","Ymvu50svVai947RgaYoGNGTwjbYtyuA7","individual pinned"
"3853c674-a1c0-4654-a93c-597c10ac6ffb","MOAB_004.basePlot.bet","D13","MOAB","MOAB_004","E","2015-08-06","2015-08-20","2015-08-21","2015-09-02",,"MOAB_004.E.20150820","5U7Q+xBUPVsSDJOcrxTU0Q9Yjz0I35Kov9pyrRrbMmM=","invert bycatch",,,,,,,,,,"Ymvu50svVai947RgaYoGNGTwjbYtyuA7",
"38cc6d76-ab0e-47e5-88e9-bad5564c46c2","MOAB_002.basePlot.bet","D13","MOAB","MOAB_002","N","2015-08-06","2015-08-20","2015-08-21","2015-09-02","2015-12-10","MOAB_002.N.20150820","dDZSo11Zohb4F7SqqYXHIePG7+B0eRusGyKCbnWV5HE=","carabid","CICPUL","Cicindela pulchra","species",,"Say",,1,"Pearson, D., C. B. Knisley, and C. J. Kazilek. 2006. A Field Guide to the Tiger Beetles of the United States and Canada: Identification, Natural History, and Distribution of the Cicindelidae. Oxford University Press, New York.","/h2P7iNCFob6MrtXvZ/0KV0VExqkPzVY","Ymvu50svVai947RgaYoGNGTwjbYtyuA7","pinned"
"305de60a-1473-4365-aa9f-f4f103d87393","MOAB_002.basePlot.bet","D13","MOAB","MOAB_002","N","2015-08-06","2015-08-20","2015-08-21","2015-09-02","2015-12-10","MOAB_002.N.20150820","dDZSo11Zohb4F7SqqYXHIePG7+B0eRusLMNpgc5nQSg=","carabid","CICPUN","Cicindela punctulata","species",,"Olivier",,2,"Pearson, D., C. B. Knisley, and C. J. Kazilek. 2006. A Field Guide to the Tiger Beetles of the United States and Canada: Identification, Natural History, and Distribution of the Cicindelidae. Oxford University Press, New York.","/h2P7iNCFob6MrtXvZ/0KV0VExqkPzVY","Ymvu50svVai947RgaYoGNGTwjbYtyuA7","all pinned"
"a37e7066-2c58-4fa5-ace1-730a6488c442","MOAB_001.basePlot.bet","D13","MOAB","MOAB_001","N","2015-08-06","2015-08-20","2015-08-21","2015-09-02",,"MOAB_001.N.20150820","hc7nq0q3kZKdApCXVXaqWUHe5djzr8Ug32D4aaErKrU=","invert bycatch",,,,,,,,,,"wGVKqNu5xeXKCqkJVSQ93bpoR9cNPKGrbDACuKYLaxs=",
"ed8471d9-85e9-4696-9592-e63a1aaad9eb","MOAB_010.basePlot.bet","D13","MOAB","MOAB_010","N","2015-08-06","2015-08-20","2015-08-21","2015-09-16",,"MOAB_010.N.20150820","ey84eokAkd6i6GieP6/BCgEk9rCGcN7Rq2lIn+1d2rI=","invert bycatch",,,,,,,,,,"/h2P7iNCFob6MrtXvZ/0KV0VExqkPzVY",
"e25a2eb2-6079-4a9d-829f-74da9a1b6e8a","MOAB_005.basePlot.bet","D13","MOAB","MOAB_005","N","2015-08-06","2015-08-20","2015-08-21","2015-09-02","2015-12-16","MOAB_005.N.20150820","dErP7UpuKYsG5DJNuEWuRFhX+tOTC2Z5lPtMXRLUKJw=","carabid","CICPUN","Cicindela punctulata","species",,"Olivier",,3,"Pearson, D., C. B. Knisley, and C. J. Kazilek. 2006. A Field Guide to the Tiger Beetles of the United States and Canada: Identification, Natural History, and Distribution of the Cicindelidae. Oxford University Press, New York.","/h2P7iNCFob6MrtXvZ/0KV0VExqkPzVY","wGVKqNu5xeXKCqkJVSQ93bpoR9cNPKGrbDACuKYLaxs=","pinned two individuals"
"6f5c437a-d960-4be9-a9ee-c82ba5cdf3ec","MOAB_004.basePlot.bet","D13","MOAB","MOAB_004","N","2015-08-06","2015-08-20","2015-08-21","2015-09-02","2015-12-10","MOAB_004.N.20150820","5U7Q+xBUPVubZFy6L9dNCdyP/geI/ut3ACftlh6uTQY=","carabid","CICPUN","Cicindela punctulata","species",,"Olivier",,1,"Pearson, D., C. B. Knisley, and C. J. Kazilek. 2006. A Field Guide to the Tiger Beetles of the United States and Canada: Identification, Natural History, and Distribution of the Cicindelidae. Oxford University Press, New York.","/h2P7iNCFob6MrtXvZ/0KV0VExqkPzVY","Ymvu50svVai947RgaYoGNGTwjbYtyuA7","pinned"
"f85fda3f-cf95-46e2-addd-28d068299869","MOAB_007.basePlot.bet","D13","MOAB","MOAB_007","N","2015-08-06","2015-08-20","2015-08-21","2015-09-02",,"MOAB_007.N.20150820","KUrFeqpu9DsyE1EkU+ED2Ij7CDz2IxFKyGEThJRQoYw=","invert bycatch",,,,,,,,,,"Ymvu50svVai947RgaYoGNGTwjbYtyuA7",
"a98e3941-7989-4a69-bfab-7377c365bdfd","MOAB_005.basePlot.bet","D13","MOAB","MOAB_005","N","2015-08-06","2015-08-20","2015-08-21","2015-09-02",,"MOAB_005.N.20150820","dErP7UpuKYsG5DJNuEWuRFyhKfHo0n7WSnLbkTAeSBc=","invert bycatch",,,,,,,,,,"wGVKqNu5xeXKCqkJVSQ93bpoR9cNPKGrbDACuKYLaxs=",
"59df75e8-b835-4f2c-95f1-45539fe46687","MOAB_002.basePlot.bet","D13","MOAB","MOAB_002","N","2015-08-06","2015-08-20","2015-08-21","2015-09-02",,"MOAB_002.N.20150820","dDZSo11Zohb4F7SqqYXHIawEFlZ/zmZ73PA+EIKg/+k=","invert bycatch",,,,,,,,,,"Ymvu50svVai947RgaYoGNGTwjbYtyuA7",
"54f151f5-4e33-429e-a1fb-617a0981037c","MOAB_004.basePlot.bet","D13","MOAB","MOAB_004","N","2015-08-06","2015-08-20","2015-08-21","2015-09-02",,"MOAB_004.N.20150820","5U7Q+xBUPVubZFy6L9dNCQ8Ujw4S7619Zqj/0KBmLss=","invert bycatch",,,,,,,,,,"Ymvu50svVai947RgaYoGNGTwjbYtyuA7",
"5b27775a-1305-4393-b4da-d5b73415110c","MOAB_003.basePlot.bet","D13","MOAB","MOAB_003","N","2015-08-06","2015-08-20","2015-08-21","2015-09-02",,"MOAB_003.N.20150820","IyUvclCcKUbI+jRps7oNrZ2FcZfcCwqx/dQ602J/g+0=","invert bycatch",,,,,,,,,,"wGVKqNu5xeXKCqkJVSQ93bpoR9cNPKGrbDACuKYLaxs=",
"7064f2a0-dbd2-4c14-b148-140e230f38f8","MOAB_009.basePlot.bet","D13","MOAB","MOAB_009","N","2015-08-06","2015-08-20","2015-08-21","2015-09-16",,"MOAB_009.N.20150820","r113m7c7xtxY5lRXoG0jkqwv4iX6bLhvEq/c73Qs9dU=","invert bycatch",,,,,,,,,,"wcMB+uWhN6DlxgYb80zZ5eNIhcO7pIW7",
"960f02c4-3918-4117-8638-adf5670daef8","MOAB_006.basePlot.bet","D13","MOAB","MOAB_006","N","2015-08-06","2015-08-20","2015-08-21","2015-09-16",,"MOAB_006.N.20150820","W12PQsnHiUiovYxBf2LA956ByHPNfvBugztaukx81eQ=","invert bycatch",,,,,,,,,,"wcMB+uWhN6DlxgYb80zZ5eNIhcO7pIW7",
"56c78b2e-fffb-456d-85a1-d6c677526f0e","MOAB_004.basePlot.bet","D13","MOAB","MOAB_004","S","2015-08-06","2015-08-20","2015-08-21","2015-09-02","2015-12-16","MOAB_004.S.20150820","5U7Q+xBUPVsXIUmWO96tYAs8G1v4V99uCp4T/WtHbCI=","carabid","CICPUN","Cicindela punctulata","species",,"Olivier",,12,"Pearson, D., C. B. Knisley, and C. J. Kazilek. 2006. A Field Guide to the Tiger Beetles of the United States and Canada: Identification, Natural History, and Distribution of the Cicindelidae. Oxford University Press, New York.","/h2P7iNCFob6MrtXvZ/0KV0VExqkPzVY","Ymvu50svVai947RgaYoGNGTwjbYtyuA7","two individuals pinned"
"2fb5f4ec-2227-4f5c-81a0-638d900933e6","MOAB_004.basePlot.bet","D13","MOAB","MOAB_004","S","2015-08-06","2015-08-20","2015-08-21","2015-09-02","2015-12-16","MOAB_004.S.20150820","5U7Q+xBUPVsXIUmWO96tYH77F4plkrtv0Y/X/AQPJPw=","carabid","HARRET","Harpalus retractus","species","cf. species","LeConte",,1,"Lindroth, C. H. 1969. The ground-beetles (Carabidae, excl. Cicindelinae) of Canada and Alaska, parts 1-6. Opuscula E. Entomoligiska Sallskapet.","/h2P7iNCFob6MrtXvZ/0KV0VExqkPzVY","Ymvu50svVai947RgaYoGNGTwjbYtyuA7","individual pinned"
"5cb6520e-51ae-4df0-a719-4ce7e944bf47","MOAB_009.basePlot.bet","D13","MOAB","MOAB_009","N","2015-08-06","2015-08-20","2015-08-21","2015-09-16","2015-12-16","MOAB_009.N.20150820","r113m7c7xtxY5lRXoG0jkjuUx/uPmY/bn5XDgNsWwTY=","carabid","CICPUN","Cicindela punctulata","species",,"Olivier",,5,"Pearson, D., C. B. Knisley, and C. J. Kazilek. 2006. A Field Guide to the Tiger Beetles of the United States and Canada: Identification, Natural History, and Distribution of the Cicindelidae. Oxford University Press, New York.","/h2P7iNCFob6MrtXvZ/0KV0VExqkPzVY","wcMB+uWhN6DlxgYb80zZ5eNIhcO7pIW7","pinned two individuals"
"db8ce4b2-3f7e-4439-a8a2-07ee55cd9801","MOAB_010.basePlot.bet","D13","MOAB","MOAB_010","S","2015-08-06","2015-08-20","2015-08-21","2015-09-16","2015-12-10","MOAB_010.S.20150820","ey84eokAkd7g+RBPrOmAperXT4QZvojLlyP7IdFncLI=","carabid","PIOSET","Piosoma setosum","species",,"LeConte",,1,"Arnett Jr., R. H., and M. C. Thomas. 2001. American Beetles Archosemata, Myxophaga, Adephaga, Polyphaga: Staphyliniformia. 1st Vol. (C. Press, Ed.). 1st Ed. Boca Raton, FL.","/h2P7iNCFob6MrtXvZ/0KV0VExqkPzVY","/h2P7iNCFob6MrtXvZ/0KV0VExqkPzVY","pinned"
"a69e0925-0e5a-476e-a653-2dbea96c684d","MOAB_010.basePlot.bet","D13","MOAB","MOAB_010","S","2015-08-06","2015-08-20","2015-08-21","2015-09-16","2015-12-10","MOAB_010.S.20150820","ey84eokAkd7g+RBPrOmApQ2K/uVWdTuPk+lFJbSD+DQ=","carabid","CICPUN","Cicindela punctulata","species",,"Olivier",,2,"Pearson, D., C. B. Knisley, and C. J. Kazilek. 2006. A Field Guide to the Tiger Beetles of the United States and Canada: Identification, Natural History, and Distribution of the Cicindelidae. Oxford University Press, New York.","/h2P7iNCFob6MrtXvZ/0KV0VExqkPzVY","/h2P7iNCFob6MrtXvZ/0KV0VExqkPzVY","both pinned"
"178407d2-b942-4ecb-a0de-92bbb07384a0","MOAB_001.basePlot.bet","D13","MOAB","MOAB_001","N","2015-08-06","2015-08-20","2015-08-21","2015-09-02","2015-12-16","MOAB_001.N.20150820","hc7nq0q3kZKdApCXVXaqWXMB7wdJzn2Rr/0eTL/ndyA=","carabid","CICPUN","Cicindela punctulata","species",,"Olivier",,16,"Pearson, D., C. B. Knisley, and C. J. Kazilek. 2006. A Field Guide to the Tiger Beetles of the United States and Canada: Identification, Natural History, and Distribution of the Cicindelidae. Oxford University Press, New York.","/h2P7iNCFob6MrtXvZ/0KV0VExqkPzVY","wGVKqNu5xeXKCqkJVSQ93bpoR9cNPKGrbDACuKYLaxs=","two individuals pinned"
"8ecbfc76-bfdf-430a-a282-7e0dd8608765","MOAB_004.basePlot.bet","D13","MOAB","MOAB_004","S","2015-08-06","2015-08-20","2015-08-21","2015-09-02",,"MOAB_004.S.20150820","5U7Q+xBUPVsXIUmWO96tYGiP4FzBv+GCokulbMZFTho=","invert bycatch",,,,,,,,,,"Ymvu50svVai947RgaYoGNGTwjbYtyuA7",
"088acf1b-63c9-495a-88b8-b657d73cff64","MOAB_003.basePlot.bet","D13","MOAB","MOAB_003","S","2015-08-06","2015-08-20","2015-08-21","2015-09-02",,"MOAB_003.S.20150820","IyUvclCcKUYw8kTM1MpLQuA9Z3S6HvWGBClhWeWHWSA=","invert bycatch",,,,,,,,,,"wGVKqNu5xeXKCqkJVSQ93bpoR9cNPKGrbDACuKYLaxs=",
"0452e67a-e9b4-400d-a1fd-925a26c77c9c","MOAB_005.basePlot.bet","D13","MOAB","MOAB_005","S","2015-08-06","2015-08-20","2015-08-21","2015-09-02",,"MOAB_005.S.20150820","dErP7UpuKYu0BOno+Bn5qcBvA/NaXP7WQ+sk9OGbJos=","invert bycatch",,,,,,,,,,"wGVKqNu5xeXKCqkJVSQ93bpoR9cNPKGrbDACuKYLaxs=",
"7dbe9231-ec16-4541-b67e-ea100f428468","MOAB_005.basePlot.bet","D13","MOAB","MOAB_005","S","2015-08-06","2015-08-20","2015-08-21","2015-09-02","2015-12-10","MOAB_005.S.20150820","dErP7UpuKYu0BOno+Bn5qSlKKOTtdYGO22a7ZuMYAlo=","carabid","CICPUN","Cicindela punctulata","species",,"Olivier",,2,"Pearson, D., C. B. Knisley, and C. J. Kazilek. 2006. A Field Guide to the Tiger Beetles of the United States and Canada: Identification, Natural History, and Distribution of the Cicindelidae. Oxford University Press, New York.","/h2P7iNCFob6MrtXvZ/0KV0VExqkPzVY","wGVKqNu5xeXKCqkJVSQ93bpoR9cNPKGrbDACuKYLaxs=","all pinned"
"4ad54126-e225-4b2c-88bb-9f374f612c66","MOAB_009.basePlot.bet","D13","MOAB","MOAB_009","S","2015-08-06","2015-08-20","2015-08-21","2015-09-16",,"MOAB_009.S.20150820","r113m7c7xtyAldjOxBbFmyTebHspjHqPa42ZAibMEG4=","invert bycatch",,,,,,,,,,"wcMB+uWhN6DlxgYb80zZ5eNIhcO7pIW7",
"e1ed1463-792b-462e-9cb6-87932520ce22","MOAB_007.basePlot.bet","D13","MOAB","MOAB_007","S","2015-08-06","2015-08-20","2015-08-21","2015-09-02",,"MOAB_007.S.20150820","KUrFeqpu9DvtqFzkMB5u810cnmYj/1ECC3KIrIa7y0c=","invert bycatch",,,,,,,,,,"Ymvu50svVai947RgaYoGNGTwjbYtyuA7",
"1e222488-dbe4-44e0-afde-9742a9d20203","MOAB_001.basePlot.bet","D13","MOAB","MOAB_001","S","2015-08-06","2015-08-20","2015-08-21","2015-09-02","2015-12-16","MOAB_001.S.20150820","hc7nq0q3kZJpnnQ2oAownAMEaaX/kzC1St+ninImSLU=","carabid","CICPUN","Cicindela punctulata","species",,"Olivier",,18,"Pearson, D., C. B. Knisley, and C. J. Kazilek. 2006. A Field Guide to the Tiger Beetles of the United States and Canada: Identification, Natural History, and Distribution of the Cicindelidae. Oxford University Press, New York.","/h2P7iNCFob6MrtXvZ/0KV0VExqkPzVY","wGVKqNu5xeXKCqkJVSQ93bpoR9cNPKGrbDACuKYLaxs=","two individuals pinned"
"7d1677a5-b5e9-4bc6-97d6-9b3de2a5d743","MOAB_002.basePlot.bet","D13","MOAB","MOAB_002","S","2015-08-06","2015-08-20","2015-08-21","2015-09-02","2015-12-10","MOAB_002.S.20150820","dDZSo11ZohawgYoIepedwAahV7XHyK3SbWX6EwJkrK0=","carabid","CICPUN","Cicindela punctulata","species",,"Olivier",,25,"Pearson, D., C. B. Knisley, and C. J. Kazilek. 2006. A Field Guide to the Tiger Beetles of the United States and Canada: Identification, Natural History, and Distribution of the Cicindelidae. Oxford University Press, New York.","/h2P7iNCFob6MrtXvZ/0KV0VExqkPzVY","Ymvu50svVai947RgaYoGNGTwjbYtyuA7","pinned two individuals"
"c38dd18f-a501-49d9-8b18-e7530dfd0085","MOAB_002.basePlot.bet","D13","MOAB","MOAB_002","S","2015-08-06","2015-08-20","2015-08-21","2015-09-02",,"MOAB_002.S.20150820","dDZSo11ZohawgYoIepedwNRbM2bd36JQiLy7zEz+fqU=","invert bycatch",,,,,,,,,,"Ymvu50svVai947RgaYoGNGTwjbYtyuA7",
"4b80ec95-8855-4ccf-8307-5d30e63edb9e","MOAB_006.basePlot.bet","D13","MOAB","MOAB_006","S","2015-08-06","2015-08-20","2015-08-21","2015-09-16",,"MOAB_006.S.20150820","W12PQsnHiUi5avsn7tVLTsB6akylyzxHYGyCBYTMwJY=","invert bycatch",,,,,,,,,,"wcMB+uWhN6DlxgYb80zZ5eNIhcO7pIW7",
"471fded4-3a83-4111-9e03-739e653ff949","MOAB_010.basePlot.bet","D13","MOAB","MOAB_010","S","2015-08-06","2015-08-20","2015-08-21","2015-09-16",,"MOAB_010.S.20150820","ey84eokAkd7g+RBPrOmApavEOLBMTyJegXoRWqX2myM=","invert bycatch",,,,,,,,,,"/h2P7iNCFob6MrtXvZ/0KV0VExqkPzVY",
"b980e132-f2d9-4491-b0cb-508c2a385398","MOAB_003.basePlot.bet","D13","MOAB","MOAB_003","W","2015-08-06","2015-08-20","2015-08-21","2015-09-02",,"MOAB_003.W.20150820","IyUvclCcKUY1kqgHKVFq4k6Y42d8xdKHJc4jQujuVDE=","invert bycatch",,,,,,,,,,"wGVKqNu5xeXKCqkJVSQ93bpoR9cNPKGrbDACuKYLaxs=",
"3a2f2c3b-3e3a-494e-a9b1-2abc5ac9a22d","MOAB_004.basePlot.bet","D13","MOAB","MOAB_004","W","2015-08-06","2015-08-20","2015-08-21","2015-09-02","2015-12-09","MOAB_004.W.20150820","5U7Q+xBUPVsr/jfDgdu3K1SZU7WzXHeWgd8sRocet2g=","vert bycatch herp","HOLMAC","Holbrookia maculata","species",,"Girard",,1,"Jones, L. J. and R. Lovich. 2009. Lizards of the American Southwest. Rio Nuevo Publishers.","Ymvu50svVai947RgaYoGNGTwjbYtyuA7","Ymvu50svVai947RgaYoGNGTwjbYtyuA7","Specimen originally identified as Sceloporus spp., but was changed by by Dr. Jack W. Sites, Jr., Curator of Herpetology at Brigham Young University in Provo, UT. Specimen transferred to the BYU on 12/9/2015 in accordance with our BLM collection permit."
"562b7722-8161-4062-95aa-131c5cc5c77d","MOAB_004.basePlot.bet","D13","MOAB","MOAB_004","W","2015-08-06","2015-08-20","2015-08-21","2015-09-02","2015-12-10","MOAB_004.W.20150820","5U7Q+xBUPVsr/jfDgdu3K7pWY9Db5IM25EXsUE8l33k=","carabid","CICPUN","Cicindela punctulata","species",,"Olivier",,21,"Pearson, D., C. B. Knisley, and C. J. Kazilek. 2006. A Field Guide to the Tiger Beetles of the United States and Canada: Identification, Natural History, and Distribution of the Cicindelidae. Oxford University Press, New York.","/h2P7iNCFob6MrtXvZ/0KV0VExqkPzVY","Ymvu50svVai947RgaYoGNGTwjbYtyuA7","two individuals pinned"
"f985d2a6-39b7-4542-a4e8-48286ffdb92f","MOAB_004.basePlot.bet","D13","MOAB","MOAB_004","W","2015-08-06","2015-08-20","2015-08-21","2015-09-02",,"MOAB_004.W.20150820","5U7Q+xBUPVsr/jfDgdu3K5VkiXkFDUH8nJ4CQR+JYZg=","invert bycatch",,,,,,,,,,"Ymvu50svVai947RgaYoGNGTwjbYtyuA7",
"502cfc02-bd1c-4ac3-bd23-58e44879630c","MOAB_006.basePlot.bet","D13","MOAB","MOAB_006","W","2015-08-06","2015-08-20","2015-08-21","2015-09-16",,"MOAB_006.W.20150820","W12PQsnHiUiX9EfqfND2Ra7GfxXJ4sjSf/GCUIgyL3I=","invert bycatch",,,,,,,,,,"wcMB+uWhN6DlxgYb80zZ5eNIhcO7pIW7",
"06d1bcc1-0822-46b8-a8d4-df5d032a459a","MOAB_005.basePlot.bet","D13","MOAB","MOAB_005","W","2015-08-06","2015-08-20","2015-08-21","2015-09-02","2015-12-16","MOAB_005.W.20150820","dErP7UpuKYumuf3kDH7etUI/hO3zpkDC514oYk475y8=","carabid","CICPUN","Cicindela punctulata","species",,"Olivier",,4,"Pearson, D., C. B. Knisley, and C. J. Kazilek. 2006. A Field Guide to the Tiger Beetles of the United States and Canada: Identification, Natural History, and Distribution of the Cicindelidae. Oxford University Press, New York.","/h2P7iNCFob6MrtXvZ/0KV0VExqkPzVY","wGVKqNu5xeXKCqkJVSQ93bpoR9cNPKGrbDACuKYLaxs=","pinned two individuals"
"ad2395a6-b1f3-4f4b-8b3c-17923d406568","MOAB_006.basePlot.bet","D13","MOAB","MOAB_006","W","2015-08-06","2015-08-20","2015-08-21","2015-09-16","2015-12-16","MOAB_006.W.20150820","W12PQsnHiUiX9EfqfND2RUxpclpEkbkM++0CghyKVXc=","carabid","CICPUN","Cicindela punctulata","species",,"Olivier",,4,"Pearson, D., C. B. Knisley, and C. J. Kazilek. 2006. A Field Guide to the Tiger Beetles of the United States and Canada: Identification, Natural History, and Distribution of the Cicindelidae. Oxford University Press, New York.","/h2P7iNCFob6MrtXvZ/0KV0VExqkPzVY","wcMB+uWhN6DlxgYb80zZ5eNIhcO7pIW7","pinned two individuals"
"744cb67f-ec3b-4ce6-a997-92caa8e5e148","MOAB_007.basePlot.bet","D13","MOAB","MOAB_007","W","2015-08-06","2015-08-20","2015-08-21","2015-09-02",,"MOAB_007.W.20150820","KUrFeqpu9Dt8faGCZrnLWWamscWMsMVugsh23eemAD0=","invert bycatch",,,,,,,,,,"Ymvu50svVai947RgaYoGNGTwjbYtyuA7",
"f1f48653-47eb-4ae7-88cd-463ae3bfd045","MOAB_009.basePlot.bet","D13","MOAB","MOAB_009","W","2015-08-06","2015-08-20","2015-08-21","2015-09-16","2015-12-10","MOAB_009.W.20150820","r113m7c7xtw25pJDxhdj2N+jj+IfMyRAnunUQYv3hnc=","carabid","CICPUN","Cicindela punctulata","species",,"Olivier",,2,"Pearson, D., C. B. Knisley, and C. J. Kazilek. 2006. A Field Guide to the Tiger Beetles of the United States and Canada: Identification, Natural History, and Distribution of the Cicindelidae. Oxford University Press, New York.","/h2P7iNCFob6MrtXvZ/0KV0VExqkPzVY","wcMB+uWhN6DlxgYb80zZ5eNIhcO7pIW7","all pinned"
"7a8a665f-614b-4ea0-a19a-43de5c4a004e","MOAB_009.basePlot.bet","D13","MOAB","MOAB_009","W","2015-08-06","2015-08-20","2015-08-21","2015-09-16",,"MOAB_009.W.20150820","r113m7c7xtw25pJDxhdj2DYraavYq6QLMcya4bdl5DQ=","invert bycatch",,,,,,,,,,"wcMB+uWhN6DlxgYb80zZ5eNIhcO7pIW7",
"8378491a-8e14-477b-bdc5-b4fd5e8216f8","MOAB_005.basePlot.bet","D13","MOAB","MOAB_005","W","2015-08-06","2015-08-20","2015-08-21","2015-09-02",,"MOAB_005.W.20150820","dErP7UpuKYumuf3kDH7etWlFTl6oNVDtOipXjWMp5ek=","invert bycatch",,,,,,,,,,"wGVKqNu5xeXKCqkJVSQ93bpoR9cNPKGrbDACuKYLaxs=",
"e0ef6145-5120-47c1-8d28-049dd7fbc2ef","MOAB_001.basePlot.bet","D13","MOAB","MOAB_001","W","2015-08-06","2015-08-20","2015-08-21","2015-09-02",,"MOAB_001.W.20150820","hc7nq0q3kZJXrc+I7AKhBgrXqCz6ypECxXMYLpKdXfw=","invert bycatch",,,,,,,,,,"wGVKqNu5xeXKCqkJVSQ93bpoR9cNPKGrbDACuKYLaxs=",
"5c18e7e8-8128-425b-946b-e4705133c66d","MOAB_010.basePlot.bet","D13","MOAB","MOAB_010","W","2015-08-06","2015-08-20","2015-08-21","2015-09-16",,"MOAB_010.W.20150820","ey84eokAkd5Cp0DFClsYDmu3IaSYmnIYpXQngdKMVMw=","invert bycatch",,,,,,,,,,"/h2P7iNCFob6MrtXvZ/0KV0VExqkPzVY",
"98f64838-31fe-4b72-84c5-f01f081b4176","MOAB_010.basePlot.bet","D13","MOAB","MOAB_010","W","2015-08-06","2015-08-20","2015-08-21","2015-09-16","2015-12-10","MOAB_010.W.20150820","ey84eokAkd5Cp0DFClsYDgCfXAG5Q9E3DNF6OgW0IoU=","carabid","CARSP14","Carabidae sp.","family",,"Latreille","D13.2015.MorphZG",1,"Pearson, D., C. B. Knisley, and C. J. Kazilek. 2006. A Field Guide to the Tiger Beetles of the United States and Canada: Identification, Natural History, and Distribution of the Cicindelidae. Oxford University Press, New York.","/h2P7iNCFob6MrtXvZ/0KV0VExqkPzVY","/h2P7iNCFob6MrtXvZ/0KV0VExqkPzVY","pinned"
"2690d118-7265-4ea2-a519-cf0f0718d3e2","MOAB_007.basePlot.bet","D13","MOAB","MOAB_007","W","2015-08-06","2015-08-20","2015-08-21","2015-09-02","2015-12-10","MOAB_007.W.20150820","KUrFeqpu9Dt8faGCZrnLWfwlyZNTdddx3lPRHEuixAw=","carabid","CARSP14","Carabidae sp.","family",,"Latreille","D13.2015.MorphZE",1,"Arnett Jr., R. H., and M. C. Thomas. 2001. American Beetles Archosemata, Myxophaga, Adephaga, Polyphaga: Staphyliniformia. 1st Vol. (C. Press, Ed.). 1st Ed. Boca Raton, FL.","/h2P7iNCFob6MrtXvZ/0KV0VExqkPzVY","Ymvu50svVai947RgaYoGNGTwjbYtyuA7","pinned"
"a83cf60f-a09e-4cf9-adf5-74b8ae550bba","MOAB_002.basePlot.bet","D13","MOAB","MOAB_002","W","2015-08-06","2015-08-20","2015-08-21","2015-09-02","2015-12-10","MOAB_002.W.20150820","dDZSo11ZohZrMC7gZYpV7h+jua5qG81MqcaSXfsoANs=","carabid","CICPUN","Cicindela punctulata","species",,"Olivier",,3,"Pearson, D., C. B. Knisley, and C. J. Kazilek. 2006. A Field Guide to the Tiger Beetles of the United States and Canada: Identification, Natural History, and Distribution of the Cicindelidae. Oxford University Press, New York.","/h2P7iNCFob6MrtXvZ/0KV0VExqkPzVY","Ymvu50svVai947RgaYoGNGTwjbYtyuA7","two individuals pinned"
