uid,namedLocation,domainID,siteID,plotID,setDate,collectDate,identifiedDate,individualID,taxonID,kingdom,phylum,class,order,family,subfamily,tribe,genus,subgenus,specificEpithet,infraspecificEpithet,scientificName,scientificNameAuthorship,taxonRank,identificationQualifier,sex,morphospeciesID,identificationReferences,identifiedBy,laboratoryName,identificationRemarks,sampleCondition,dnaBarcoded,geneticSampleID,remarks
"51916399-da2c-447a-aa80-d166ad6f914e","MOAB_010.basePlot.bet","D13","MOAB","MOAB_010","2015-07-23","2015-08-06","2017-01-15","NEON.BET.D13.500119","CICPUN1","Animalia","Arthropoda","Insecta","Coleoptera","Carabidae","Cicindelinae","Cicindelini","Cicindela","Cicindelidia","punctulata","punctulata","Cicindela punctulata punctulata","Olivier","subspecies",,"M",,"Pearson, D., C. B. Knisley, and C. J. Kazilek. 2006. A Field Guide to the Tiger Beetles of the United States and Canada: Identification, Natural History, and Distribution of the Cicindelidae. Oxford University Press, New York.","Kipling Will","Essig Museum of Entomology",,"No known compromise","N",,
"a437cd85-1664-4b43-8892-757eaf8dbb4c","MOAB_010.basePlot.bet","D13","MOAB","MOAB_010","2015-07-23","2015-08-06","2017-01-15","NEON.BET.D13.500122","CICPUN1","Animalia","Arthropoda","Insecta","Coleoptera","Carabidae","Cicindelinae","Cicindelini","Cicindela","Cicindelidia","punctulata","punctulata","Cicindela punctulata punctulata","Olivier","subspecies",,"M",,"Pearson, D., C. B. Knisley, and C. J. Kazilek. 2006. A Field Guide to the Tiger Beetles of the United States and Canada: Identification, Natural History, and Distribution of the Cicindelidae. Oxford University Press, New York.","Kipling Will","Essig Museum of Entomology",,"No known compromise","N",,
"2abd09aa-13eb-46bc-b42b-4fdef61001c8","MOAB_010.basePlot.bet","D13","MOAB","MOAB_010","2015-07-23","2015-08-06","2017-01-15","NEON.BET.D13.500121","CICPUN1","Animalia","Arthropoda","Insecta","Coleoptera","Carabidae","Cicindelinae","Cicindelini","Cicindela","Cicindelidia","punctulata","punctulata","Cicindela punctulata punctulata","Olivier","subspecies",,"M",,"Pearson, D., C. B. Knisley, and C. J. Kazilek. 2006. A Field Guide to the Tiger Beetles of the United States and Canada: Identification, Natural History, and Distribution of the Cicindelidae. Oxford University Press, New York.","Kipling Will","Essig Museum of Entomology",,"No known compromise","N",,
"c60e32f6-94e5-4c08-b80e-ef6690bf3e03","MOAB_010.basePlot.bet","D13","MOAB","MOAB_010","2015-07-23","2015-08-06","2017-01-15","NEON.BET.D13.500125","CICPUN1","Animalia","Arthropoda","Insecta","Coleoptera","Carabidae","Cicindelinae","Cicindelini","Cicindela","Cicindelidia","punctulata","punctulata","Cicindela punctulata punctulata","Olivier","subspecies",,"M",,"Pearson, D., C. B. Knisley, and C. J. Kazilek. 2006. A Field Guide to the Tiger Beetles of the United States and Canada: Identification, Natural History, and Distribution of the Cicindelidae. Oxford University Press, New York.","Kipling Will","Essig Museum of Entomology",,"No known compromise","N",,
"138cd990-5773-4a93-8f87-a630ffd72d16","MOAB_010.basePlot.bet","D13","MOAB","MOAB_010","2015-07-23","2015-08-06","2017-01-15","NEON.BET.D13.500116","CICPUN1","Animalia","Arthropoda","Insecta","Coleoptera","Carabidae","Cicindelinae","Cicindelini","Cicindela","Cicindelidia","punctulata","punctulata","Cicindela punctulata punctulata","Olivier","subspecies",,"M",,"Pearson, D., C. B. Knisley, and C. J. Kazilek. 2006. A Field Guide to the Tiger Beetles of the United States and Canada: Identification, Natural History, and Distribution of the Cicindelidae. Oxford University Press, New York.","Kipling Will","Essig Museum of Entomology",,"No known compromise","N",,
"30e045df-cb60-469d-a00c-7b2dc63b2b6f","MOAB_010.basePlot.bet","D13","MOAB","MOAB_010","2015-07-23","2015-08-06","2017-01-15","NEON.BET.D13.500123","CICPUN1","Animalia","Arthropoda","Insecta","Coleoptera","Carabidae","Cicindelinae","Cicindelini","Cicindela","Cicindelidia","punctulata","punctulata","Cicindela punctulata punctulata","Olivier","subspecies",,"M",,"Pearson, D., C. B. Knisley, and C. J. Kazilek. 2006. A Field Guide to the Tiger Beetles of the United States and Canada: Identification, Natural History, and Distribution of the Cicindelidae. Oxford University Press, New York.","Kipling Will","Essig Museum of Entomology",,"No known compromise","N",,
"4ba6752e-9304-4ebf-9a16-ad3c4a09b732","MOAB_010.basePlot.bet","D13","MOAB","MOAB_010","2015-07-23","2015-08-06","2017-01-15","NEON.BET.D13.500118","CICPUN1","Animalia","Arthropoda","Insecta","Coleoptera","Carabidae","Cicindelinae","Cicindelini","Cicindela","Cicindelidia","punctulata","punctulata","Cicindela punctulata punctulata","Olivier","subspecies",,"M",,"Pearson, D., C. B. Knisley, and C. J. Kazilek. 2006. A Field Guide to the Tiger Beetles of the United States and Canada: Identification, Natural History, and Distribution of the Cicindelidae. Oxford University Press, New York.","Kipling Will","Essig Museum of Entomology",,"No known compromise","N",,
"87fda3f9-c510-4ed1-b541-106a38f27f56","MOAB_009.basePlot.bet","D13","MOAB","MOAB_009","2015-07-23","2015-08-06","2017-01-15","NEON.BET.D13.500126","CICPUN1","Animalia","Arthropoda","Insecta","Coleoptera","Carabidae","Cicindelinae","Cicindelini","Cicindela","Cicindelidia","punctulata","punctulata","Cicindela punctulata punctulata","Olivier","subspecies",,"M",,"Pearson, D., C. B. Knisley, and C. J. Kazilek. 2006. A Field Guide to the Tiger Beetles of the United States and Canada: Identification, Natural History, and Distribution of the Cicindelidae. Oxford University Press, New York.","Kipling Will","Essig Museum of Entomology",,"No known compromise","N",,
"3f9bc6a0-e752-4b99-9c9e-4a2849611e56","MOAB_005.basePlot.bet","D13","MOAB","MOAB_005","2015-07-23","2015-08-06","2017-01-15","NEON.BET.D13.500144","CICPUN1","Animalia","Arthropoda","Insecta","Coleoptera","Carabidae","Cicindelinae","Cicindelini","Cicindela","Cicindelidia","punctulata","punctulata","Cicindela punctulata punctulata","Olivier","subspecies",,"M",,"Pearson, D., C. B. Knisley, and C. J. Kazilek. 2006. A Field Guide to the Tiger Beetles of the United States and Canada: Identification, Natural History, and Distribution of the Cicindelidae. Oxford University Press, New York.","Kipling Will","Essig Museum of Entomology",,"No known compromise","N",,
"5308104b-1675-47eb-8b75-c2d0145427d7","MOAB_009.basePlot.bet","D13","MOAB","MOAB_009","2015-07-23","2015-08-06","2017-01-15","NEON.BET.D13.500127","CICPUN1","Animalia","Arthropoda","Insecta","Coleoptera","Carabidae","Cicindelinae","Cicindelini","Cicindela","Cicindelidia","punctulata","punctulata","Cicindela punctulata punctulata","Olivier","subspecies",,"M",,"Pearson, D., C. B. Knisley, and C. J. Kazilek. 2006. A Field Guide to the Tiger Beetles of the United States and Canada: Identification, Natural History, and Distribution of the Cicindelidae. Oxford University Press, New York.","Kipling Will","Essig Museum of Entomology",,"No known compromise","N",,
"79498b5d-0946-4f18-bb97-d304a6b1a0bc","MOAB_005.basePlot.bet","D13","MOAB","MOAB_005","2015-07-23","2015-08-06","2017-01-15","NEON.BET.D13.500141","CICPUN1","Animalia","Arthropoda","Insecta","Coleoptera","Carabidae","Cicindelinae","Cicindelini","Cicindela","Cicindelidia","punctulata","punctulata","Cicindela punctulata punctulata","Olivier","subspecies",,"F",,"Pearson, D., C. B. Knisley, and C. J. Kazilek. 2006. A Field Guide to the Tiger Beetles of the United States and Canada: Identification, Natural History, and Distribution of the Cicindelidae. Oxford University Press, New York.","Kipling Will","Essig Museum of Entomology",,"No known compromise","N",,
"15346791-e78b-457f-9d92-04f65acd0fce","MOAB_005.basePlot.bet","D13","MOAB","MOAB_005","2015-07-23","2015-08-06","2017-01-15","NEON.BET.D13.500142","CICPUN1","Animalia","Arthropoda","Insecta","Coleoptera","Carabidae","Cicindelinae","Cicindelini","Cicindela","Cicindelidia","punctulata","punctulata","Cicindela punctulata punctulata","Olivier","subspecies",,"M",,"Pearson, D., C. B. Knisley, and C. J. Kazilek. 2006. A Field Guide to the Tiger Beetles of the United States and Canada: Identification, Natural History, and Distribution of the Cicindelidae. Oxford University Press, New York.","Kipling Will","Essig Museum of Entomology",,"No known compromise","N",,
"24389797-2efa-4215-b601-c41aafb24158","MOAB_005.basePlot.bet","D13","MOAB","MOAB_005","2015-07-23","2015-08-06","2017-01-15","NEON.BET.D13.500145","CICPUN1","Animalia","Arthropoda","Insecta","Coleoptera","Carabidae","Cicindelinae","Cicindelini","Cicindela","Cicindelidia","punctulata","punctulata","Cicindela punctulata punctulata","Olivier","subspecies",,"F",,"Pearson, D., C. B. Knisley, and C. J. Kazilek. 2006. A Field Guide to the Tiger Beetles of the United States and Canada: Identification, Natural History, and Distribution of the Cicindelidae. Oxford University Press, New York.","Kipling Will","Essig Museum of Entomology",,"No known compromise","N",,
"a7aefca0-7c22-466e-9fec-bf6de663e18f","MOAB_005.basePlot.bet","D13","MOAB","MOAB_005","2015-07-23","2015-08-06","2017-01-15","NEON.BET.D13.500146","CICPUN1","Animalia","Arthropoda","Insecta","Coleoptera","Carabidae","Cicindelinae","Cicindelini","Cicindela","Cicindelidia","punctulata","punctulata","Cicindela punctulata punctulata","Olivier","subspecies",,"F",,"Pearson, D., C. B. Knisley, and C. J. Kazilek. 2006. A Field Guide to the Tiger Beetles of the United States and Canada: Identification, Natural History, and Distribution of the Cicindelidae. Oxford University Press, New York.","Kipling Will","Essig Museum of Entomology",,"No known compromise","N",,
"06f056b3-b3f2-45da-a826-25c98cd3ceea","MOAB_005.basePlot.bet","D13","MOAB","MOAB_005","2015-07-23","2015-08-06","2017-01-15","NEON.BET.D13.500143","HARCAL","Animalia","Arthropoda","Insecta","Coleoptera","Carabidae","Harpalinae","Harpalini","Harpalus","Megapangus","caliginosus",,"Harpalus caliginosus","Fabricius","species",,"M",,"Will, K. W. 1997. Review of the species of the subgenus Megapangus Casey (Coeloptera: Carabidae, Harpalini, Harpalus Latreille). The Coleopterists Bulletin 51:43-51.","Kipling Will","Essig Museum of Entomology",,"No known compromise","N",,
"3e77d82d-072c-4c03-a010-61e9c33dd51e","MOAB_005.basePlot.bet","D13","MOAB","MOAB_005","2015-07-23","2015-08-06","2017-01-15","NEON.BET.D13.500147","CICPUN1","Animalia","Arthropoda","Insecta","Coleoptera","Carabidae","Cicindelinae","Cicindelini","Cicindela","Cicindelidia","punctulata","punctulata","Cicindela punctulata punctulata","Olivier","subspecies",,"F",,"Pearson, D., C. B. Knisley, and C. J. Kazilek. 2006. A Field Guide to the Tiger Beetles of the United States and Canada: Identification, Natural History, and Distribution of the Cicindelidae. Oxford University Press, New York.","Kipling Will","Essig Museum of Entomology",,"No known compromise","N",,
"d98dd32e-56f7-4cd5-b999-1830a7e258e3","MOAB_004.basePlot.bet","D13","MOAB","MOAB_004","2015-07-23","2015-08-06","2017-01-15","NEON.BET.D13.500158","CICPUN1","Animalia","Arthropoda","Insecta","Coleoptera","Carabidae","Cicindelinae","Cicindelini","Cicindela","Cicindelidia","punctulata","punctulata","Cicindela punctulata punctulata","Olivier","subspecies",,"F",,"Pearson, D., C. B. Knisley, and C. J. Kazilek. 2006. A Field Guide to the Tiger Beetles of the United States and Canada: Identification, Natural History, and Distribution of the Cicindelidae. Oxford University Press, New York.","Kipling Will","Essig Museum of Entomology",,"No known compromise","N",,
"d2b81e23-154e-4e48-97a3-ac2ea1949718","MOAB_004.basePlot.bet","D13","MOAB","MOAB_004","2015-07-23","2015-08-06","2017-01-15","NEON.BET.D13.500162","CICPUN1","Animalia","Arthropoda","Insecta","Coleoptera","Carabidae","Cicindelinae","Cicindelini","Cicindela","Cicindelidia","punctulata","punctulata","Cicindela punctulata punctulata","Olivier","subspecies",,"M",,"Pearson, D., C. B. Knisley, and C. J. Kazilek. 2006. A Field Guide to the Tiger Beetles of the United States and Canada: Identification, Natural History, and Distribution of the Cicindelidae. Oxford University Press, New York.","Kipling Will","Essig Museum of Entomology",,"No known compromise","N",,
"23e2c851-c044-4b6a-8d85-5d271a57786b","MOAB_004.basePlot.bet","D13","MOAB","MOAB_004","2015-07-23","2015-08-06","2017-01-15","NEON.BET.D13.500159","CICPUN1","Animalia","Arthropoda","Insecta","Coleoptera","Carabidae","Cicindelinae","Cicindelini","Cicindela","Cicindelidia","punctulata","punctulata","Cicindela punctulata punctulata","Olivier","subspecies",,"F",,"Pearson, D., C. B. Knisley, and C. J. Kazilek. 2006. A Field Guide to the Tiger Beetles of the United States and Canada: Identification, Natural History, and Distribution of the Cicindelidae. Oxford University Press, New York.","Kipling Will","Essig Museum of Entomology",,"No known compromise","N",,
"83aef85c-212d-4ece-a449-dacbaa898287","MOAB_004.basePlot.bet","D13","MOAB","MOAB_004","2015-07-23","2015-08-06","2017-01-15","NEON.BET.D13.500160","CICPUN1","Animalia","Arthropoda","Insecta","Coleoptera","Carabidae","Cicindelinae","Cicindelini","Cicindela","Cicindelidia","punctulata","punctulata","Cicindela punctulata punctulata","Olivier","subspecies",,"F",,"Pearson, D., C. B. Knisley, and C. J. Kazilek. 2006. A Field Guide to the Tiger Beetles of the United States and Canada: Identification, Natural History, and Distribution of the Cicindelidae. Oxford University Press, New York.","Kipling Will","Essig Museum of Entomology",,"No known compromise","N",,
"478a1a64-87a9-4470-a46b-cbe5bf91dfb5","MOAB_004.basePlot.bet","D13","MOAB","MOAB_004","2015-07-23","2015-08-06","2017-01-15","NEON.BET.D13.500156","CICPUN1","Animalia","Arthropoda","Insecta","Coleoptera","Carabidae","Cicindelinae","Cicindelini","Cicindela","Cicindelidia","punctulata","punctulata","Cicindela punctulata punctulata","Olivier","subspecies",,"M",,"Pearson, D., C. B. Knisley, and C. J. Kazilek. 2006. A Field Guide to the Tiger Beetles of the United States and Canada: Identification, Natural History, and Distribution of the Cicindelidae. Oxford University Press, New York.","Kipling Will","Essig Museum of Entomology",,"No known compromise","N",,
"8f630444-15ac-4d24-80d7-5ea901f90b91","MOAB_004.basePlot.bet","D13","MOAB","MOAB_004","2015-07-23","2015-08-06","2017-01-15","NEON.BET.D13.500161","CICPUN1","Animalia","Arthropoda","Insecta","Coleoptera","Carabidae","Cicindelinae","Cicindelini","Cicindela","Cicindelidia","punctulata","punctulata","Cicindela punctulata punctulata","Olivier","subspecies",,"M",,"Pearson, D., C. B. Knisley, and C. J. Kazilek. 2006. A Field Guide to the Tiger Beetles of the United States and Canada: Identification, Natural History, and Distribution of the Cicindelidae. Oxford University Press, New York.","Kipling Will","Essig Museum of Entomology",,"No known compromise","N",,
"1a6a84df-bfc7-46db-ad08-66a533b1a069","MOAB_004.basePlot.bet","D13","MOAB","MOAB_004","2015-07-23","2015-08-06","2017-01-15","NEON.BET.D13.500157","CICPUN1","Animalia","Arthropoda","Insecta","Coleoptera","Carabidae","Cicindelinae","Cicindelini","Cicindela","Cicindelidia","punctulata","punctulata","Cicindela punctulata punctulata","Olivier","subspecies",,"F",,"Pearson, D., C. B. Knisley, and C. J. Kazilek. 2006. A Field Guide to the Tiger Beetles of the United States and Canada: Identification, Natural History, and Distribution of the Cicindelidae. Oxford University Press, New York.","Kipling Will","Essig Museum of Entomology",,"No known compromise","N",,
"d891086b-31ad-47a1-afca-7281f025e4a5","MOAB_004.basePlot.bet","D13","MOAB","MOAB_004","2015-07-23","2015-08-06","2017-01-15","NEON.BET.D13.500155","CICPUN1","Animalia","Arthropoda","Insecta","Coleoptera","Carabidae","Cicindelinae","Cicindelini","Cicindela","Cicindelidia","punctulata","punctulata","Cicindela punctulata punctulata","Olivier","subspecies",,"F",,"Pearson, D., C. B. Knisley, and C. J. Kazilek. 2006. A Field Guide to the Tiger Beetles of the United States and Canada: Identification, Natural History, and Distribution of the Cicindelidae. Oxford University Press, New York.","Kipling Will","Essig Museum of Entomology",,"No known compromise","N",,
"e841760f-92d1-463b-b23a-cb6f6b1db1f5","MOAB_003.basePlot.bet","D13","MOAB","MOAB_003","2015-07-23","2015-08-06","2017-01-15","NEON.BET.D13.500163","CYMARI","Animalia","Arthropoda","Insecta","Coleoptera","Carabidae","Harpalinae","Lebiini","Cymindis","Cymindis","arizonensis",,"Cymindis arizonensis","Schaeffer","species",,"M",,"Lindroth, C. H. 1969. The ground-beetles (Carabidae, excl. Cicindelinae) of Canada and Alaska, parts 1-6. Opuscula E. Entomoligiska Sallskapet.","Kipling Will","Essig Museum of Entomology",,"No known compromise","N",,
"46ec3eef-0064-4860-afb4-ba8302163237","MOAB_003.basePlot.bet","D13","MOAB","MOAB_003","2015-07-23","2015-08-06","2017-01-15","NEON.BET.D13.500164","PSECAS","Animalia","Arthropoda","Insecta","Coleoptera","Carabidae","Harpalinae","Pseudomorphini","Pseudomorpha","Pseudomorpha","castanea",,"Pseudomorpha castanea","Casey","species",,"F",,"Notman, H. 1925. A review of the beetle family Pseudomorphidae, and a suggestion for a rearrangement of the Adephaga, with descriptions of a new genus and new species. Proceedings of the United States National Museum 67 (2586): 1-34.","Kipling Will","Essig Museum of Entomology",,"No known compromise","N",,
"3e8163df-4401-4d25-906b-08c63dd54e13","MOAB_003.basePlot.bet","D13","MOAB","MOAB_003","2015-07-23","2015-08-06","2017-01-15","NEON.BET.D13.500165","PSECAS","Animalia","Arthropoda","Insecta","Coleoptera","Carabidae","Harpalinae","Pseudomorphini","Pseudomorpha","Pseudomorpha","castanea",,"Pseudomorpha castanea","Casey","species",,"F",,"Notman, H. 1925. A review of the beetle family Pseudomorphidae, and a suggestion for a rearrangement of the Adephaga, with descriptions of a new genus and new species. Proceedings of the United States National Museum 67 (2586): 1-34.","Kipling Will","Essig Museum of Entomology",,"No known compromise","N",,
"1030b3aa-05fb-472d-83f4-1f1cc274884d","MOAB_006.basePlot.bet","D13","MOAB","MOAB_006","2015-07-23","2015-08-06","2017-01-15","NEON.BET.D13.500166","CICPUN1","Animalia","Arthropoda","Insecta","Coleoptera","Carabidae","Cicindelinae","Cicindelini","Cicindela","Cicindelidia","punctulata","punctulata","Cicindela punctulata punctulata","Olivier","subspecies",,"M",,"Pearson, D., C. B. Knisley, and C. J. Kazilek. 2006. A Field Guide to the Tiger Beetles of the United States and Canada: Identification, Natural History, and Distribution of the Cicindelidae. Oxford University Press, New York.","Kipling Will","Essig Museum of Entomology",,"No known compromise","N",,
"12023a83-eab0-4542-89bf-244d32cb5be0","MOAB_006.basePlot.bet","D13","MOAB","MOAB_006","2015-07-23","2015-08-06","2017-01-15","NEON.BET.D13.500168","CICPUN1","Animalia","Arthropoda","Insecta","Coleoptera","Carabidae","Cicindelinae","Cicindelini","Cicindela","Cicindelidia","punctulata","punctulata","Cicindela punctulata punctulata","Olivier","subspecies",,"F",,"Pearson, D., C. B. Knisley, and C. J. Kazilek. 2006. A Field Guide to the Tiger Beetles of the United States and Canada: Identification, Natural History, and Distribution of the Cicindelidae. Oxford University Press, New York.","Kipling Will","Essig Museum of Entomology",,"No known compromise","N",,
"99bf91b0-8b9a-4f35-a441-a4d9d3176f30","MOAB_006.basePlot.bet","D13","MOAB","MOAB_006","2015-07-23","2015-08-06","2017-01-15","NEON.BET.D13.500169","CICPUN1","Animalia","Arthropoda","Insecta","Coleoptera","Carabidae","Cicindelinae","Cicindelini","Cicindela","Cicindelidia","punctulata","punctulata","Cicindela punctulata punctulata","Olivier","subspecies",,"F",,"Pearson, D., C. B. Knisley, and C. J. Kazilek. 2006. A Field Guide to the Tiger Beetles of the United States and Canada: Identification, Natural History, and Distribution of the Cicindelidae. Oxford University Press, New York.","Kipling Will","Essig Museum of Entomology",,"No known compromise","N",,
"86147530-b3b3-40ec-b573-d9dc1bdf1104","MOAB_006.basePlot.bet","D13","MOAB","MOAB_006","2015-07-23","2015-08-06","2017-01-15","NEON.BET.D13.500171","PIOSET","Animalia","Arthropoda","Insecta","Coleoptera","Carabidae","Harpalinae","Harpalini","Piosoma",,"setosum",,"Piosoma setosum","LeConte","species",,"F",,"Lindroth, C. H. 1969. The ground-beetles (Carabidae, excl. Cicindelinae) of Canada and Alaska, parts 1-6. Opuscula E. Entomoligiska Sallskapet.","Kipling Will","Essig Museum of Entomology",,"No known compromise","N",,
"fd16b662-dc1e-4f46-885c-80305f3a3cc3","MOAB_006.basePlot.bet","D13","MOAB","MOAB_006","2015-07-23","2015-08-06","2017-01-15","NEON.BET.D13.500167","CICPUN1","Animalia","Arthropoda","Insecta","Coleoptera","Carabidae","Cicindelinae","Cicindelini","Cicindela","Cicindelidia","punctulata","punctulata","Cicindela punctulata punctulata","Olivier","subspecies",,"M",,"Pearson, D., C. B. Knisley, and C. J. Kazilek. 2006. A Field Guide to the Tiger Beetles of the United States and Canada: Identification, Natural History, and Distribution of the Cicindelidae. Oxford University Press, New York.","Kipling Will","Essig Museum of Entomology",,"No known compromise","N",,
"787e76cb-9b6e-4cf4-bdeb-a0383a6e7f9b","MOAB_005.basePlot.bet","D13","MOAB","MOAB_005","2015-07-23","2015-08-06","2017-01-15","NEON.BET.D13.500149","CICPUN1","Animalia","Arthropoda","Insecta","Coleoptera","Carabidae","Cicindelinae","Cicindelini","Cicindela","Cicindelidia","punctulata","punctulata","Cicindela punctulata punctulata","Olivier","subspecies",,"F",,"Pearson, D., C. B. Knisley, and C. J. Kazilek. 2006. A Field Guide to the Tiger Beetles of the United States and Canada: Identification, Natural History, and Distribution of the Cicindelidae. Oxford University Press, New York.","Kipling Will","Essig Museum of Entomology",,"No known compromise","N",,
"d272d914-7bc7-403b-b031-a98479658868","MOAB_006.basePlot.bet","D13","MOAB","MOAB_006","2015-07-23","2015-08-06","2017-01-15","NEON.BET.D13.500170","CICPUN1","Animalia","Arthropoda","Insecta","Coleoptera","Carabidae","Cicindelinae","Cicindelini","Cicindela","Cicindelidia","punctulata","punctulata","Cicindela punctulata punctulata","Olivier","subspecies",,"M",,"Pearson, D., C. B. Knisley, and C. J. Kazilek. 2006. A Field Guide to the Tiger Beetles of the United States and Canada: Identification, Natural History, and Distribution of the Cicindelidae. Oxford University Press, New York.","Kipling Will","Essig Museum of Entomology",,"No known compromise","N",,
"c7cd68a0-494c-4e7f-a042-429971b36ed0","MOAB_007.basePlot.bet","D13","MOAB","MOAB_007","2015-07-23","2015-08-06","2017-01-15","NEON.BET.D13.500151","CYMARI","Animalia","Arthropoda","Insecta","Coleoptera","Carabidae","Harpalinae","Lebiini","Cymindis","Cymindis","arizonensis",,"Cymindis arizonensis","Schaeffer","species",,"M",,"Lindroth, C. H. 1969. The ground-beetles (Carabidae, excl. Cicindelinae) of Canada and Alaska, parts 1-6. Opuscula E. Entomoligiska Sallskapet.","Kipling Will","Essig Museum of Entomology",,"No known compromise","N",,
"008e3f43-2c15-4e04-b3fd-e2aa09a91512","MOAB_007.basePlot.bet","D13","MOAB","MOAB_007","2015-07-23","2015-08-06","2017-01-15","NEON.BET.D13.500152","CYMARI","Animalia","Arthropoda","Insecta","Coleoptera","Carabidae","Harpalinae","Lebiini","Cymindis","Cymindis","arizonensis",,"Cymindis arizonensis","Schaeffer","species",,"F",,"Lindroth, C. H. 1969. The ground-beetles (Carabidae, excl. Cicindelinae) of Canada and Alaska, parts 1-6. Opuscula E. Entomoligiska Sallskapet.","Kipling Will","Essig Museum of Entomology",,"No known compromise","N",,
"9d21cf29-b296-42c2-a149-b992dcbd82cb","MOAB_005.basePlot.bet","D13","MOAB","MOAB_005","2015-07-23","2015-08-06","2017-01-15","NEON.BET.D13.500148","CICPUN1","Animalia","Arthropoda","Insecta","Coleoptera","Carabidae","Cicindelinae","Cicindelini","Cicindela","Cicindelidia","punctulata","punctulata","Cicindela punctulata punctulata","Olivier","subspecies",,"M",,"Pearson, D., C. B. Knisley, and C. J. Kazilek. 2006. A Field Guide to the Tiger Beetles of the United States and Canada: Identification, Natural History, and Distribution of the Cicindelidae. Oxford University Press, New York.","Kipling Will","Essig Museum of Entomology",,"No known compromise","N",,
"193151d7-36a0-4b09-a7e5-32ef64a956e5","MOAB_007.basePlot.bet","D13","MOAB","MOAB_007","2015-07-23","2015-08-06","2017-01-15","NEON.BET.D13.500150","CICPUN1","Animalia","Arthropoda","Insecta","Coleoptera","Carabidae","Cicindelinae","Cicindelini","Cicindela","Cicindelidia","punctulata","punctulata","Cicindela punctulata punctulata","Olivier","subspecies",,"M",,"Pearson, D., C. B. Knisley, and C. J. Kazilek. 2006. A Field Guide to the Tiger Beetles of the United States and Canada: Identification, Natural History, and Distribution of the Cicindelidae. Oxford University Press, New York.","Kipling Will","Essig Museum of Entomology",,"No known compromise","N",,
"03173649-52f3-496a-8f3b-dae0f52d8029","MOAB_007.basePlot.bet","D13","MOAB","MOAB_007","2015-07-23","2015-08-06","2017-01-15","NEON.BET.D13.500154","HARRET","Animalia","Arthropoda","Insecta","Coleoptera","Carabidae","Harpalinae","Harpalini","Harpalus","Plectralidus","retractus",,"Harpalus retractus","LeConte","species",,"F",,"Noonan, G. R. 1991. Classification, Cladistics, and Natural History of Native North American Harpalus Latreille (Insecta: Coleoptera: Carabidae: Harpalini), excluding subgenera Glanodes and Pseudophonus.","Kipling Will","Essig Museum of Entomology",,"No known compromise","N",,
"f92d91bd-f52c-4a64-9a47-b2c5002fe6f2","MOAB_007.basePlot.bet","D13","MOAB","MOAB_007","2015-07-23","2015-08-06","2017-01-15","NEON.BET.D13.500153","CYMARI","Animalia","Arthropoda","Insecta","Coleoptera","Carabidae","Harpalinae","Lebiini","Cymindis","Cymindis","arizonensis",,"Cymindis arizonensis","Schaeffer","species",,"M",,"Lindroth, C. H. 1969. The ground-beetles (Carabidae, excl. Cicindelinae) of Canada and Alaska, parts 1-6. Opuscula E. Entomoligiska Sallskapet.","Kipling Will","Essig Museum of Entomology",,"No known compromise","N",,
"b3476560-b560-487b-838a-fe70fd5d6f59","MOAB_002.basePlot.bet","D13","MOAB","MOAB_002","2015-07-23","2015-08-06","2017-01-15","NEON.BET.D13.500300","HARCOR","Animalia","Arthropoda","Insecta","Coleoptera","Carabidae","Harpalinae","Harpalini","Harpalus","Opadius","cordatus",,"Harpalus cordatus","LeConte","species",,"M",,"Noonan, G. R. 1991. Classification, Cladistics, and Natural History of Native North American Harpalus Latreille (Insecta: Coleoptera: Carabidae: Harpalini), excluding subgenera Glanodes and Pseudophonus.","Kipling Will","Essig Museum of Entomology",,"No known compromise","N",,
"edc02181-0a1a-4fd0-9864-c7ace8f5fcce","MOAB_002.basePlot.bet","D13","MOAB","MOAB_002","2015-07-23","2015-08-06","2017-01-15","NEON.BET.D13.500135","HARCOR","Animalia","Arthropoda","Insecta","Coleoptera","Carabidae","Harpalinae","Harpalini","Harpalus","Opadius","cordatus",,"Harpalus cordatus","LeConte","species",,"M",,"Noonan, G. R. 1991. Classification, Cladistics, and Natural History of Native North American Harpalus Latreille (Insecta: Coleoptera: Carabidae: Harpalini), excluding subgenera Glanodes and Pseudophonus.","Kipling Will","Essig Museum of Entomology",,"No known compromise","N",,
"71601cd6-e9a4-4a28-a63e-dc3c8918b3d4","MOAB_002.basePlot.bet","D13","MOAB","MOAB_002","2015-07-23","2015-08-06","2017-01-15","NEON.BET.D13.500139","CICPUN1","Animalia","Arthropoda","Insecta","Coleoptera","Carabidae","Cicindelinae","Cicindelini","Cicindela","Cicindelidia","punctulata","punctulata","Cicindela punctulata punctulata","Olivier","subspecies",,"F",,"Pearson, D., C. B. Knisley, and C. J. Kazilek. 2006. A Field Guide to the Tiger Beetles of the United States and Canada: Identification, Natural History, and Distribution of the Cicindelidae. Oxford University Press, New York.","Kipling Will","Essig Museum of Entomology",,"No known compromise","N",,
"f53a1849-097e-4d74-83df-276f3fd16010","MOAB_002.basePlot.bet","D13","MOAB","MOAB_002","2015-07-23","2015-08-06","2017-01-15","NEON.BET.D13.500140","CICPUN1","Animalia","Arthropoda","Insecta","Coleoptera","Carabidae","Cicindelinae","Cicindelini","Cicindela","Cicindelidia","punctulata","punctulata","Cicindela punctulata punctulata","Olivier","subspecies",,"F",,"Pearson, D., C. B. Knisley, and C. J. Kazilek. 2006. A Field Guide to the Tiger Beetles of the United States and Canada: Identification, Natural History, and Distribution of the Cicindelidae. Oxford University Press, New York.","Kipling Will","Essig Museum of Entomology",,"No known compromise","N",,
"29a1cde4-373a-4a64-a3b8-b538a191313c","MOAB_002.basePlot.bet","D13","MOAB","MOAB_002","2015-07-23","2015-08-06","2017-01-15","NEON.BET.D13.500138","CICPUN1","Animalia","Arthropoda","Insecta","Coleoptera","Carabidae","Cicindelinae","Cicindelini","Cicindela","Cicindelidia","punctulata","punctulata","Cicindela punctulata punctulata","Olivier","subspecies",,"F",,"Pearson, D., C. B. Knisley, and C. J. Kazilek. 2006. A Field Guide to the Tiger Beetles of the United States and Canada: Identification, Natural History, and Distribution of the Cicindelidae. Oxford University Press, New York.","Kipling Will","Essig Museum of Entomology",,"No known compromise","N",,
"877f7251-cc96-4220-80de-417b928d2e7e","MOAB_002.basePlot.bet","D13","MOAB","MOAB_002","2015-07-23","2015-08-06","2017-01-15","NEON.BET.D13.500136","CICPUN1","Animalia","Arthropoda","Insecta","Coleoptera","Carabidae","Cicindelinae","Cicindelini","Cicindela","Cicindelidia","punctulata","punctulata","Cicindela punctulata punctulata","Olivier","subspecies",,"M",,"Pearson, D., C. B. Knisley, and C. J. Kazilek. 2006. A Field Guide to the Tiger Beetles of the United States and Canada: Identification, Natural History, and Distribution of the Cicindelidae. Oxford University Press, New York.","Kipling Will","Essig Museum of Entomology",,"No known compromise","N",,
"243ce93e-858d-4a36-8e2d-7b799e063b29","MOAB_002.basePlot.bet","D13","MOAB","MOAB_002","2015-07-23","2015-08-06","2017-01-15","NEON.BET.D13.500137","CICPUN1","Animalia","Arthropoda","Insecta","Coleoptera","Carabidae","Cicindelinae","Cicindelini","Cicindela","Cicindelidia","punctulata","punctulata","Cicindela punctulata punctulata","Olivier","subspecies",,"F",,"Pearson, D., C. B. Knisley, and C. J. Kazilek. 2006. A Field Guide to the Tiger Beetles of the United States and Canada: Identification, Natural History, and Distribution of the Cicindelidae. Oxford University Press, New York.","Kipling Will","Essig Museum of Entomology",,"No known compromise","N",,
"b0c92137-9be5-4a67-83a3-4b90e8cc36de","MOAB_001.basePlot.bet","D13","MOAB","MOAB_001","2015-07-23","2015-08-06","2017-01-15","NEON.BET.D13.500131","CICPUN1","Animalia","Arthropoda","Insecta","Coleoptera","Carabidae","Cicindelinae","Cicindelini","Cicindela","Cicindelidia","punctulata","punctulata","Cicindela punctulata punctulata","Olivier","subspecies",,"F",,"Pearson, D., C. B. Knisley, and C. J. Kazilek. 2006. A Field Guide to the Tiger Beetles of the United States and Canada: Identification, Natural History, and Distribution of the Cicindelidae. Oxford University Press, New York.","Kipling Will","Essig Museum of Entomology",,"No known compromise","N",,
"398a7601-89d2-4394-a7e2-98737f319733","MOAB_001.basePlot.bet","D13","MOAB","MOAB_001","2015-07-23","2015-08-06","2017-01-15","NEON.BET.D13.500129","CICPUN1","Animalia","Arthropoda","Insecta","Coleoptera","Carabidae","Cicindelinae","Cicindelini","Cicindela","Cicindelidia","punctulata","punctulata","Cicindela punctulata punctulata","Olivier","subspecies",,"M",,"Pearson, D., C. B. Knisley, and C. J. Kazilek. 2006. A Field Guide to the Tiger Beetles of the United States and Canada: Identification, Natural History, and Distribution of the Cicindelidae. Oxford University Press, New York.","Kipling Will","Essig Museum of Entomology",,"No known compromise","N",,
"281cacde-0eef-40f5-828a-179bd4c0d3ef","MOAB_001.basePlot.bet","D13","MOAB","MOAB_001","2015-07-23","2015-08-06","2017-01-15","NEON.BET.D13.500132","CICPUN1","Animalia","Arthropoda","Insecta","Coleoptera","Carabidae","Cicindelinae","Cicindelini","Cicindela","Cicindelidia","punctulata","punctulata","Cicindela punctulata punctulata","Olivier","subspecies",,"F",,"Pearson, D., C. B. Knisley, and C. J. Kazilek. 2006. A Field Guide to the Tiger Beetles of the United States and Canada: Identification, Natural History, and Distribution of the Cicindelidae. Oxford University Press, New York.","Kipling Will","Essig Museum of Entomology",,"No known compromise","N",,
"fbf47de1-a1e3-415d-b6ff-beffa4790e04","MOAB_001.basePlot.bet","D13","MOAB","MOAB_001","2015-07-23","2015-08-06","2017-01-15","NEON.BET.D13.500130","CICPUN1","Animalia","Arthropoda","Insecta","Coleoptera","Carabidae","Cicindelinae","Cicindelini","Cicindela","Cicindelidia","punctulata","punctulata","Cicindela punctulata punctulata","Olivier","subspecies",,"M",,"Pearson, D., C. B. Knisley, and C. J. Kazilek. 2006. A Field Guide to the Tiger Beetles of the United States and Canada: Identification, Natural History, and Distribution of the Cicindelidae. Oxford University Press, New York.","Kipling Will","Essig Museum of Entomology",,"No known compromise","N",,
"c869e247-eb8c-47a4-b72d-ab63e6e11890","MOAB_001.basePlot.bet","D13","MOAB","MOAB_001","2015-07-23","2015-08-06","2017-01-15","NEON.BET.D13.500128","CICPUN1","Animalia","Arthropoda","Insecta","Coleoptera","Carabidae","Cicindelinae","Cicindelini","Cicindela","Cicindelidia","punctulata","punctulata","Cicindela punctulata punctulata","Olivier","subspecies",,"M",,"Pearson, D., C. B. Knisley, and C. J. Kazilek. 2006. A Field Guide to the Tiger Beetles of the United States and Canada: Identification, Natural History, and Distribution of the Cicindelidae. Oxford University Press, New York.","Kipling Will","Essig Museum of Entomology",,"No known compromise","N",,
"3b9cf787-883b-4b7a-b2e2-896aa9df5fe6","MOAB_001.basePlot.bet","D13","MOAB","MOAB_001","2015-07-23","2015-08-06","2017-01-15","NEON.BET.D13.500134","CICPUN1","Animalia","Arthropoda","Insecta","Coleoptera","Carabidae","Cicindelinae","Cicindelini","Cicindela","Cicindelidia","punctulata","punctulata","Cicindela punctulata punctulata","Olivier","subspecies",,"F",,"Pearson, D., C. B. Knisley, and C. J. Kazilek. 2006. A Field Guide to the Tiger Beetles of the United States and Canada: Identification, Natural History, and Distribution of the Cicindelidae. Oxford University Press, New York.","Kipling Will","Essig Museum of Entomology",,"No known compromise","N",,
"3c26c096-15fa-4449-9f9f-8a43cd8531c6","MOAB_010.basePlot.bet","D13","MOAB","MOAB_010","2015-07-23","2015-08-06","2017-01-15","NEON.BET.D13.500120","CICPUN1","Animalia","Arthropoda","Insecta","Coleoptera","Carabidae","Cicindelinae","Cicindelini","Cicindela","Cicindelidia","punctulata","punctulata","Cicindela punctulata punctulata","Olivier","subspecies",,"M",,"Pearson, D., C. B. Knisley, and C. J. Kazilek. 2006. A Field Guide to the Tiger Beetles of the United States and Canada: Identification, Natural History, and Distribution of the Cicindelidae. Oxford University Press, New York.","Kipling Will","Essig Museum of Entomology",,"No known compromise","N",,
"04626ffa-44fd-4cd4-a5e9-5f19575d37c9","MOAB_001.basePlot.bet","D13","MOAB","MOAB_001","2015-07-23","2015-08-06","2017-01-15","NEON.BET.D13.500133","CICPUN1","Animalia","Arthropoda","Insecta","Coleoptera","Carabidae","Cicindelinae","Cicindelini","Cicindela","Cicindelidia","punctulata","punctulata","Cicindela punctulata punctulata","Olivier","subspecies",,"F",,"Pearson, D., C. B. Knisley, and C. J. Kazilek. 2006. A Field Guide to the Tiger Beetles of the United States and Canada: Identification, Natural History, and Distribution of the Cicindelidae. Oxford University Press, New York.","Kipling Will","Essig Museum of Entomology",,"No known compromise","N",,
"8a4530da-f074-49e9-a425-a352ac6a52d0","MOAB_010.basePlot.bet","D13","MOAB","MOAB_010","2015-07-23","2015-08-06","2017-01-15","NEON.BET.D13.500115","CICPUN1","Animalia","Arthropoda","Insecta","Coleoptera","Carabidae","Cicindelinae","Cicindelini","Cicindela","Cicindelidia","punctulata","punctulata","Cicindela punctulata punctulata","Olivier","subspecies",,"M",,"Pearson, D., C. B. Knisley, and C. J. Kazilek. 2006. A Field Guide to the Tiger Beetles of the United States and Canada: Identification, Natural History, and Distribution of the Cicindelidae. Oxford University Press, New York.","Kipling Will","Essig Museum of Entomology",,"No known compromise","N",,
"4f2709d0-120d-45e1-a398-c73190298532","MOAB_010.basePlot.bet","D13","MOAB","MOAB_010","2015-07-23","2015-08-06","2017-01-15","NEON.BET.D13.500124","CICPUN1","Animalia","Arthropoda","Insecta","Coleoptera","Carabidae","Cicindelinae","Cicindelini","Cicindela","Cicindelidia","punctulata","punctulata","Cicindela punctulata punctulata","Olivier","subspecies",,"F",,"Pearson, D., C. B. Knisley, and C. J. Kazilek. 2006. A Field Guide to the Tiger Beetles of the United States and Canada: Identification, Natural History, and Distribution of the Cicindelidae. Oxford University Press, New York.","Kipling Will","Essig Museum of Entomology",,"No known compromise","N",,
"ff09f38b-973f-43ec-bad4-4759ad4a2b58","MOAB_010.basePlot.bet","D13","MOAB","MOAB_010","2015-07-23","2015-08-06","2017-01-15","NEON.BET.D13.500117","CICPUN1","Animalia","Arthropoda","Insecta","Coleoptera","Carabidae","Cicindelinae","Cicindelini","Cicindela","Cicindelidia","punctulata","punctulata","Cicindela punctulata punctulata","Olivier","subspecies",,"M",,"Pearson, D., C. B. Knisley, and C. J. Kazilek. 2006. A Field Guide to the Tiger Beetles of the United States and Canada: Identification, Natural History, and Distribution of the Cicindelidae. Oxford University Press, New York.","Kipling Will","Essig Museum of Entomology",,"No known compromise","N",,
"6a2d60bd-5e8a-4e8a-85db-785608c08cc7","MOAB_001.basePlot.bet","D13","MOAB","MOAB_001","2015-08-06","2015-08-20","2017-01-15","NEON.BET.D13.500178","CICPUN1","Animalia","Arthropoda","Insecta","Coleoptera","Carabidae","Cicindelinae","Cicindelini","Cicindela","Cicindelidia","punctulata","punctulata","Cicindela punctulata punctulata","Olivier","subspecies",,"F",,"Pearson, D., C. B. Knisley, and C. J. Kazilek. 2006. A Field Guide to the Tiger Beetles of the United States and Canada: Identification, Natural History, and Distribution of the Cicindelidae. Oxford University Press, New York.","Kipling Will","Essig Museum of Entomology",,"No known compromise","N",,
"1e3cc6b2-04e2-4dbf-8c5d-2e8e9291141e","MOAB_002.basePlot.bet","D13","MOAB","MOAB_002","2015-08-06","2015-08-20","2017-01-15","NEON.BET.D13.500208","CICPUN1","Animalia","Arthropoda","Insecta","Coleoptera","Carabidae","Cicindelinae","Cicindelini","Cicindela","Cicindelidia","punctulata","punctulata","Cicindela punctulata punctulata","Olivier","subspecies",,"M",,"Pearson, D., C. B. Knisley, and C. J. Kazilek. 2006. A Field Guide to the Tiger Beetles of the United States and Canada: Identification, Natural History, and Distribution of the Cicindelidae. Oxford University Press, New York.","Kipling Will","Essig Museum of Entomology",,"No known compromise","N",,
"e6ede2cd-984f-4d71-b69c-3d8791ca5002","MOAB_001.basePlot.bet","D13","MOAB","MOAB_001","2015-08-06","2015-08-20","2017-01-15","NEON.BET.D13.500177","CICPUN1","Animalia","Arthropoda","Insecta","Coleoptera","Carabidae","Cicindelinae","Cicindelini","Cicindela","Cicindelidia","punctulata","punctulata","Cicindela punctulata punctulata","Olivier","subspecies",,"F",,"Pearson, D., C. B. Knisley, and C. J. Kazilek. 2006. A Field Guide to the Tiger Beetles of the United States and Canada: Identification, Natural History, and Distribution of the Cicindelidae. Oxford University Press, New York.","Kipling Will","Essig Museum of Entomology",,"No known compromise","N",,
"cd7f8dfc-108a-4392-ad27-8db2233d9a63","MOAB_001.basePlot.bet","D13","MOAB","MOAB_001","2015-08-06","2015-08-20","2017-01-15","NEON.BET.D13.500179","CICPUN1","Animalia","Arthropoda","Insecta","Coleoptera","Carabidae","Cicindelinae","Cicindelini","Cicindela","Cicindelidia","punctulata","punctulata","Cicindela punctulata punctulata","Olivier","subspecies",,"M",,"Pearson, D., C. B. Knisley, and C. J. Kazilek. 2006. A Field Guide to the Tiger Beetles of the United States and Canada: Identification, Natural History, and Distribution of the Cicindelidae. Oxford University Press, New York.","Kipling Will","Essig Museum of Entomology",,"No known compromise","N",,
"8fa0d474-32fe-4456-bf90-bcbe94784569","MOAB_001.basePlot.bet","D13","MOAB","MOAB_001","2015-08-06","2015-08-20","2017-01-15","NEON.BET.D13.500173","CICPUN1","Animalia","Arthropoda","Insecta","Coleoptera","Carabidae","Cicindelinae","Cicindelini","Cicindela","Cicindelidia","punctulata","punctulata","Cicindela punctulata punctulata","Olivier","subspecies",,"M",,"Pearson, D., C. B. Knisley, and C. J. Kazilek. 2006. A Field Guide to the Tiger Beetles of the United States and Canada: Identification, Natural History, and Distribution of the Cicindelidae. Oxford University Press, New York.","Kipling Will","Essig Museum of Entomology",,"No known compromise","N",,
"6f59a99e-1ae6-465a-a079-5dedb9110e16","MOAB_001.basePlot.bet","D13","MOAB","MOAB_001","2015-08-06","2015-08-20","2017-01-15","NEON.BET.D13.500176","CICPUN1","Animalia","Arthropoda","Insecta","Coleoptera","Carabidae","Cicindelinae","Cicindelini","Cicindela","Cicindelidia","punctulata","punctulata","Cicindela punctulata punctulata","Olivier","subspecies",,"F",,"Pearson, D., C. B. Knisley, and C. J. Kazilek. 2006. A Field Guide to the Tiger Beetles of the United States and Canada: Identification, Natural History, and Distribution of the Cicindelidae. Oxford University Press, New York.","Kipling Will","Essig Museum of Entomology",,"No known compromise","N",,
"9d62c82f-02da-484c-b17c-982f861a1a9d","MOAB_001.basePlot.bet","D13","MOAB","MOAB_001","2015-08-06","2015-08-20","2017-01-15","NEON.BET.D13.500172","CICPUN1","Animalia","Arthropoda","Insecta","Coleoptera","Carabidae","Cicindelinae","Cicindelini","Cicindela","Cicindelidia","punctulata","punctulata","Cicindela punctulata punctulata","Olivier","subspecies",,"M",,"Pearson, D., C. B. Knisley, and C. J. Kazilek. 2006. A Field Guide to the Tiger Beetles of the United States and Canada: Identification, Natural History, and Distribution of the Cicindelidae. Oxford University Press, New York.","Kipling Will","Essig Museum of Entomology",,"No known compromise","N",,
"605c0b5d-ae37-45cc-ad75-d85d677a91ab","MOAB_001.basePlot.bet","D13","MOAB","MOAB_001","2015-08-06","2015-08-20","2017-01-15","NEON.BET.D13.500175","CICPUN1","Animalia","Arthropoda","Insecta","Coleoptera","Carabidae","Cicindelinae","Cicindelini","Cicindela","Cicindelidia","punctulata","punctulata","Cicindela punctulata punctulata","Olivier","subspecies",,"F",,"Pearson, D., C. B. Knisley, and C. J. Kazilek. 2006. A Field Guide to the Tiger Beetles of the United States and Canada: Identification, Natural History, and Distribution of the Cicindelidae. Oxford University Press, New York.","Kipling Will","Essig Museum of Entomology",,"No known compromise","N",,
"1713d007-1fbd-4848-a350-2e75b0a1b11a","MOAB_007.basePlot.bet","D13","MOAB","MOAB_007","2015-08-06","2015-08-20","2017-01-15","NEON.BET.D13.500189","CYMARI","Animalia","Arthropoda","Insecta","Coleoptera","Carabidae","Harpalinae","Lebiini","Cymindis","Cymindis","arizonensis",,"Cymindis arizonensis","Schaeffer","species",,"M",,"Lindroth, C. H. 1969. The ground-beetles (Carabidae, excl. Cicindelinae) of Canada and Alaska, parts 1-6. Opuscula E. Entomoligiska Sallskapet.","Kipling Will","Essig Museum of Entomology",,"No known compromise","N",,
"bda5b71b-a9f7-46d3-903d-06f412f71729","MOAB_007.basePlot.bet","D13","MOAB","MOAB_007","2015-08-06","2015-08-20","2017-01-15","NEON.BET.D13.500190","CYMARI","Animalia","Arthropoda","Insecta","Coleoptera","Carabidae","Harpalinae","Lebiini","Cymindis","Cymindis","arizonensis",,"Cymindis arizonensis","Schaeffer","species",,"F",,"Lindroth, C. H. 1969. The ground-beetles (Carabidae, excl. Cicindelinae) of Canada and Alaska, parts 1-6. Opuscula E. Entomoligiska Sallskapet.","Kipling Will","Essig Museum of Entomology",,"No known compromise","N",,
"6c3ebed7-77c2-494c-acbf-c1e906c556af","MOAB_007.basePlot.bet","D13","MOAB","MOAB_007","2015-08-06","2015-08-20","2017-01-15","NEON.BET.D13.500191","HARRET","Animalia","Arthropoda","Insecta","Coleoptera","Carabidae","Harpalinae","Harpalini","Harpalus","Plectralidus","retractus",,"Harpalus retractus","LeConte","species",,"F",,"Noonan, G. R. 1991. Classification, Cladistics, and Natural History of Native North American Harpalus Latreille (Insecta: Coleoptera: Carabidae: Harpalini), excluding subgenera Glanodes and Pseudophonus.","Kipling Will","Essig Museum of Entomology",,"No known compromise","N",,
"b609fd8d-54c7-4883-8cec-2f3e8c16ce31","MOAB_007.basePlot.bet","D13","MOAB","MOAB_007","2015-08-06","2015-08-20","2017-01-15","NEON.BET.D13.500187","CYMARI","Animalia","Arthropoda","Insecta","Coleoptera","Carabidae","Harpalinae","Lebiini","Cymindis","Cymindis","arizonensis",,"Cymindis arizonensis","Schaeffer","species",,"M",,"Lindroth, C. H. 1969. The ground-beetles (Carabidae, excl. Cicindelinae) of Canada and Alaska, parts 1-6. Opuscula E. Entomoligiska Sallskapet.","Kipling Will","Essig Museum of Entomology",,"No known compromise","N",,
"7c1a9f7b-b382-4564-94e6-b85250124378","MOAB_007.basePlot.bet","D13","MOAB","MOAB_007","2015-08-06","2015-08-20","2017-01-15","NEON.BET.D13.500188","CYMARI","Animalia","Arthropoda","Insecta","Coleoptera","Carabidae","Harpalinae","Lebiini","Cymindis","Cymindis","arizonensis",,"Cymindis arizonensis","Schaeffer","species",,"M",,"Lindroth, C. H. 1969. The ground-beetles (Carabidae, excl. Cicindelinae) of Canada and Alaska, parts 1-6. Opuscula E. Entomoligiska Sallskapet.","Kipling Will","Essig Museum of Entomology",,"No known compromise","N",,
"256118c2-4964-4771-94c2-927758ec7330","MOAB_005.basePlot.bet","D13","MOAB","MOAB_005","2015-08-06","2015-08-20","2017-01-15","NEON.BET.D13.500181","CICPUN1","Animalia","Arthropoda","Insecta","Coleoptera","Carabidae","Cicindelinae","Cicindelini","Cicindela","Cicindelidia","punctulata","punctulata","Cicindela punctulata punctulata","Olivier","subspecies",,"M",,"Pearson, D., C. B. Knisley, and C. J. Kazilek. 2006. A Field Guide to the Tiger Beetles of the United States and Canada: Identification, Natural History, and Distribution of the Cicindelidae. Oxford University Press, New York.","Kipling Will","Essig Museum of Entomology",,"No known compromise","N",,
"25f7f67b-a359-49a9-a3d2-409b52f39ce3","MOAB_005.basePlot.bet","D13","MOAB","MOAB_005","2015-08-06","2015-08-20","2017-01-15","NEON.BET.D13.500186","CICPUN1","Animalia","Arthropoda","Insecta","Coleoptera","Carabidae","Cicindelinae","Cicindelini","Cicindela","Cicindelidia","punctulata","punctulata","Cicindela punctulata punctulata","Olivier","subspecies",,"M",,"Pearson, D., C. B. Knisley, and C. J. Kazilek. 2006. A Field Guide to the Tiger Beetles of the United States and Canada: Identification, Natural History, and Distribution of the Cicindelidae. Oxford University Press, New York.","Kipling Will","Essig Museum of Entomology",,"No known compromise","N",,
"aa537557-c8db-4e7f-8c9b-2b5e30ee65e3","MOAB_005.basePlot.bet","D13","MOAB","MOAB_005","2015-08-06","2015-08-20","2017-01-15","NEON.BET.D13.500183","CICPUN1","Animalia","Arthropoda","Insecta","Coleoptera","Carabidae","Cicindelinae","Cicindelini","Cicindela","Cicindelidia","punctulata","punctulata","Cicindela punctulata punctulata","Olivier","subspecies",,"F",,"Pearson, D., C. B. Knisley, and C. J. Kazilek. 2006. A Field Guide to the Tiger Beetles of the United States and Canada: Identification, Natural History, and Distribution of the Cicindelidae. Oxford University Press, New York.","Kipling Will","Essig Museum of Entomology",,"No known compromise","N",,
"c11c2f5b-4b9c-43d4-923c-9ce1013f65f7","MOAB_005.basePlot.bet","D13","MOAB","MOAB_005","2015-08-06","2015-08-20","2017-01-15","NEON.BET.D13.500184","CICPUN1","Animalia","Arthropoda","Insecta","Coleoptera","Carabidae","Cicindelinae","Cicindelini","Cicindela","Cicindelidia","punctulata","punctulata","Cicindela punctulata punctulata","Olivier","subspecies",,"M",,"Pearson, D., C. B. Knisley, and C. J. Kazilek. 2006. A Field Guide to the Tiger Beetles of the United States and Canada: Identification, Natural History, and Distribution of the Cicindelidae. Oxford University Press, New York.","Kipling Will","Essig Museum of Entomology",,"No known compromise","N",,
"f15fb5c3-e357-459b-9e05-975d321aa905","MOAB_005.basePlot.bet","D13","MOAB","MOAB_005","2015-08-06","2015-08-20","2017-01-15","NEON.BET.D13.500182","CICPUN1","Animalia","Arthropoda","Insecta","Coleoptera","Carabidae","Cicindelinae","Cicindelini","Cicindela","Cicindelidia","punctulata","punctulata","Cicindela punctulata punctulata","Olivier","subspecies",,"F",,"Pearson, D., C. B. Knisley, and C. J. Kazilek. 2006. A Field Guide to the Tiger Beetles of the United States and Canada: Identification, Natural History, and Distribution of the Cicindelidae. Oxford University Press, New York.","Kipling Will","Essig Museum of Entomology",,"No known compromise","N",,
"faaf0ac3-6239-4895-bcdf-1f367fa5bd56","MOAB_005.basePlot.bet","D13","MOAB","MOAB_005","2015-08-06","2015-08-20","2017-01-15","NEON.BET.D13.500185","CICPUN1","Animalia","Arthropoda","Insecta","Coleoptera","Carabidae","Cicindelinae","Cicindelini","Cicindela","Cicindelidia","punctulata","punctulata","Cicindela punctulata punctulata","Olivier","subspecies",,"M",,"Pearson, D., C. B. Knisley, and C. J. Kazilek. 2006. A Field Guide to the Tiger Beetles of the United States and Canada: Identification, Natural History, and Distribution of the Cicindelidae. Oxford University Press, New York.","Kipling Will","Essig Museum of Entomology",,"No known compromise","N",,
"7bb8df96-c443-452a-b764-0230cd8c4429","MOAB_004.basePlot.bet","D13","MOAB","MOAB_004","2015-08-06","2015-08-20","2017-01-15","NEON.BET.D13.500195","HARRET","Animalia","Arthropoda","Insecta","Coleoptera","Carabidae","Harpalinae","Harpalini","Harpalus","Plectralidus","retractus",,"Harpalus retractus","LeConte","species",,"M",,"Noonan, G. R. 1991. Classification, Cladistics, and Natural History of Native North American Harpalus Latreille (Insecta: Coleoptera: Carabidae: Harpalini), excluding subgenera Glanodes and Pseudophonus.","Kipling Will","Essig Museum of Entomology",,"No known compromise","N",,
"fb206f0b-e0c0-45a3-89e9-5b9a6bca30b2","MOAB_004.basePlot.bet","D13","MOAB","MOAB_004","2015-08-06","2015-08-20","2017-01-15","NEON.BET.D13.500197","CICPUN1","Animalia","Arthropoda","Insecta","Coleoptera","Carabidae","Cicindelinae","Cicindelini","Cicindela","Cicindelidia","punctulata","punctulata","Cicindela punctulata punctulata","Olivier","subspecies",,"F",,"Pearson, D., C. B. Knisley, and C. J. Kazilek. 2006. A Field Guide to the Tiger Beetles of the United States and Canada: Identification, Natural History, and Distribution of the Cicindelidae. Oxford University Press, New York.","Kipling Will","Essig Museum of Entomology",,"No known compromise","N",,
"242a9336-d76f-4c3f-bc42-a7e3e3dfb669","MOAB_004.basePlot.bet","D13","MOAB","MOAB_004","2015-08-06","2015-08-20","2017-01-15","NEON.BET.D13.500194","CICPUN1","Animalia","Arthropoda","Insecta","Coleoptera","Carabidae","Cicindelinae","Cicindelini","Cicindela","Cicindelidia","punctulata","punctulata","Cicindela punctulata punctulata","Olivier","subspecies",,"M",,"Pearson, D., C. B. Knisley, and C. J. Kazilek. 2006. A Field Guide to the Tiger Beetles of the United States and Canada: Identification, Natural History, and Distribution of the Cicindelidae. Oxford University Press, New York.","Kipling Will","Essig Museum of Entomology",,"No known compromise","N",,
"33f9a3e6-7ef6-4dcf-9734-9c965c446727","MOAB_004.basePlot.bet","D13","MOAB","MOAB_004","2015-08-06","2015-08-20","2017-01-15","NEON.BET.D13.500198","CICPUN1","Animalia","Arthropoda","Insecta","Coleoptera","Carabidae","Cicindelinae","Cicindelini","Cicindela","Cicindelidia","punctulata","punctulata","Cicindela punctulata punctulata","Olivier","subspecies",,"M",,"Pearson, D., C. B. Knisley, and C. J. Kazilek. 2006. A Field Guide to the Tiger Beetles of the United States and Canada: Identification, Natural History, and Distribution of the Cicindelidae. Oxford University Press, New York.","Kipling Will","Essig Museum of Entomology",,"No known compromise","N",,
"2a2ad4a0-53b1-4be0-a06f-fd23e7683408","MOAB_004.basePlot.bet","D13","MOAB","MOAB_004","2015-08-06","2015-08-20","2017-01-15","NEON.BET.D13.500193","CICPUN1","Animalia","Arthropoda","Insecta","Coleoptera","Carabidae","Cicindelinae","Cicindelini","Cicindela","Cicindelidia","punctulata","punctulata","Cicindela punctulata punctulata","Olivier","subspecies",,"M",,"Pearson, D., C. B. Knisley, and C. J. Kazilek. 2006. A Field Guide to the Tiger Beetles of the United States and Canada: Identification, Natural History, and Distribution of the Cicindelidae. Oxford University Press, New York.","Kipling Will","Essig Museum of Entomology",,"No known compromise","N",,
"d1c5e20a-b854-4254-afa8-aa09465d6eee","MOAB_007.basePlot.bet","D13","MOAB","MOAB_007","2015-08-06","2015-08-20","2017-01-15","NEON.BET.D13.500192","HARDES","Animalia","Arthropoda","Insecta","Coleoptera","Carabidae","Harpalinae","Harpalini","Harpalus","Opadius","desertus",,"Harpalus desertus","LeConte","species",,"M",,"Noonan, G. R. 1991. Classification, Cladistics, and Natural History of Native North American Harpalus Latreille (Insecta: Coleoptera: Carabidae: Harpalini), excluding subgenera Glanodes and Pseudophonus.","Kipling Will","Essig Museum of Entomology",,"No known compromise","N",,
"6a8e1886-8a45-4c23-8eb6-5f5cbc4fdc3d","MOAB_004.basePlot.bet","D13","MOAB","MOAB_004","2015-08-06","2015-08-20","2017-01-15","NEON.BET.D13.500196","CICPUN1","Animalia","Arthropoda","Insecta","Coleoptera","Carabidae","Cicindelinae","Cicindelini","Cicindela","Cicindelidia","punctulata","punctulata","Cicindela punctulata punctulata","Olivier","subspecies",,"F",,"Pearson, D., C. B. Knisley, and C. J. Kazilek. 2006. A Field Guide to the Tiger Beetles of the United States and Canada: Identification, Natural History, and Distribution of the Cicindelidae. Oxford University Press, New York.","Kipling Will","Essig Museum of Entomology",,"No known compromise","N",,
"b6e587a6-355f-49c1-890a-eccac773bf51","MOAB_004.basePlot.bet","D13","MOAB","MOAB_004","2015-08-06","2015-08-20","2017-01-15","NEON.BET.D13.500199","CICPUN1","Animalia","Arthropoda","Insecta","Coleoptera","Carabidae","Cicindelinae","Cicindelini","Cicindela","Cicindelidia","punctulata","punctulata","Cicindela punctulata punctulata","Olivier","subspecies",,"F",,"Pearson, D., C. B. Knisley, and C. J. Kazilek. 2006. A Field Guide to the Tiger Beetles of the United States and Canada: Identification, Natural History, and Distribution of the Cicindelidae. Oxford University Press, New York.","Kipling Will","Essig Museum of Entomology",,"No known compromise","N",,
"c955e036-e164-44f4-9619-bb6ea163d9a7","MOAB_006.basePlot.bet","D13","MOAB","MOAB_006","2015-08-06","2015-08-20","2017-01-15","NEON.BET.D13.500218","CICPUN1","Animalia","Arthropoda","Insecta","Coleoptera","Carabidae","Cicindelinae","Cicindelini","Cicindela","Cicindelidia","punctulata","punctulata","Cicindela punctulata punctulata","Olivier","subspecies",,"F",,"Pearson, D., C. B. Knisley, and C. J. Kazilek. 2006. A Field Guide to the Tiger Beetles of the United States and Canada: Identification, Natural History, and Distribution of the Cicindelidae. Oxford University Press, New York.","Kipling Will","Essig Museum of Entomology",,"No known compromise","N",,
"e1012631-196f-4c78-a8f0-d1112c195cf2","MOAB_006.basePlot.bet","D13","MOAB","MOAB_006","2015-08-06","2015-08-20","2017-01-15","NEON.BET.D13.500219","CICPUN1","Animalia","Arthropoda","Insecta","Coleoptera","Carabidae","Cicindelinae","Cicindelini","Cicindela","Cicindelidia","punctulata","punctulata","Cicindela punctulata punctulata","Olivier","subspecies",,"F",,"Pearson, D., C. B. Knisley, and C. J. Kazilek. 2006. A Field Guide to the Tiger Beetles of the United States and Canada: Identification, Natural History, and Distribution of the Cicindelidae. Oxford University Press, New York.","Kipling Will","Essig Museum of Entomology",,"No known compromise","N",,
"5d50b62c-04c9-4e02-b05b-921eed40bf01","MOAB_006.basePlot.bet","D13","MOAB","MOAB_006","2015-08-06","2015-08-20","2017-01-15","NEON.BET.D13.500217","CICPUN1","Animalia","Arthropoda","Insecta","Coleoptera","Carabidae","Cicindelinae","Cicindelini","Cicindela","Cicindelidia","punctulata","punctulata","Cicindela punctulata punctulata","Olivier","subspecies",,"M",,"Pearson, D., C. B. Knisley, and C. J. Kazilek. 2006. A Field Guide to the Tiger Beetles of the United States and Canada: Identification, Natural History, and Distribution of the Cicindelidae. Oxford University Press, New York.","Kipling Will","Essig Museum of Entomology",,"No known compromise","N",,
"dfeeb8e7-7f88-4d40-b906-2b56ece07669","MOAB_006.basePlot.bet","D13","MOAB","MOAB_006","2015-08-06","2015-08-20","2017-01-15","NEON.BET.D13.500220","CICPUN1","Animalia","Arthropoda","Insecta","Coleoptera","Carabidae","Cicindelinae","Cicindelini","Cicindela","Cicindelidia","punctulata","punctulata","Cicindela punctulata punctulata","Olivier","subspecies",,"M",,"Pearson, D., C. B. Knisley, and C. J. Kazilek. 2006. A Field Guide to the Tiger Beetles of the United States and Canada: Identification, Natural History, and Distribution of the Cicindelidae. Oxford University Press, New York.","Kipling Will","Essig Museum of Entomology",,"No known compromise","N",,
"5be47460-4fc5-4de5-81db-0b47ff51ea0f","MOAB_009.basePlot.bet","D13","MOAB","MOAB_009","2015-08-06","2015-08-20","2017-01-15","NEON.BET.D13.500214","CICPUN1","Animalia","Arthropoda","Insecta","Coleoptera","Carabidae","Cicindelinae","Cicindelini","Cicindela","Cicindelidia","punctulata","punctulata","Cicindela punctulata punctulata","Olivier","subspecies",,"M",,"Pearson, D., C. B. Knisley, and C. J. Kazilek. 2006. A Field Guide to the Tiger Beetles of the United States and Canada: Identification, Natural History, and Distribution of the Cicindelidae. Oxford University Press, New York.","Kipling Will","Essig Museum of Entomology",,"No known compromise","N",,
"055d37f9-ac64-4ace-aee9-68e47f6c1ba5","MOAB_009.basePlot.bet","D13","MOAB","MOAB_009","2015-08-06","2015-08-20","2017-01-15","NEON.BET.D13.500216","CICPUN1","Animalia","Arthropoda","Insecta","Coleoptera","Carabidae","Cicindelinae","Cicindelini","Cicindela","Cicindelidia","punctulata","punctulata","Cicindela punctulata punctulata","Olivier","subspecies",,"M",,"Pearson, D., C. B. Knisley, and C. J. Kazilek. 2006. A Field Guide to the Tiger Beetles of the United States and Canada: Identification, Natural History, and Distribution of the Cicindelidae. Oxford University Press, New York.","Kipling Will","Essig Museum of Entomology",,"No known compromise","N",,
"6993b111-c671-4c2f-a7d5-b28f58e604f8","MOAB_009.basePlot.bet","D13","MOAB","MOAB_009","2015-08-06","2015-08-20","2017-01-15","NEON.BET.D13.500213","CICPUN1","Animalia","Arthropoda","Insecta","Coleoptera","Carabidae","Cicindelinae","Cicindelini","Cicindela","Cicindelidia","punctulata","punctulata","Cicindela punctulata punctulata","Olivier","subspecies",,"F",,"Pearson, D., C. B. Knisley, and C. J. Kazilek. 2006. A Field Guide to the Tiger Beetles of the United States and Canada: Identification, Natural History, and Distribution of the Cicindelidae. Oxford University Press, New York.","Kipling Will","Essig Museum of Entomology",,"No known compromise","N",,
"f1890292-2a88-4459-b76b-6e5d3716fcb3","MOAB_009.basePlot.bet","D13","MOAB","MOAB_009","2015-08-06","2015-08-20","2017-01-15","NEON.BET.D13.500215","CICPUN1","Animalia","Arthropoda","Insecta","Coleoptera","Carabidae","Cicindelinae","Cicindelini","Cicindela","Cicindelidia","punctulata","punctulata","Cicindela punctulata punctulata","Olivier","subspecies",,"F",,"Pearson, D., C. B. Knisley, and C. J. Kazilek. 2006. A Field Guide to the Tiger Beetles of the United States and Canada: Identification, Natural History, and Distribution of the Cicindelidae. Oxford University Press, New York.","Kipling Will","Essig Museum of Entomology",,"No known compromise","N",,
"d899be95-df0d-45de-b8aa-be1d47767e50","MOAB_010.basePlot.bet","D13","MOAB","MOAB_010","2015-08-06","2015-08-20","2017-01-15","NEON.BET.D13.500209","PIOSET","Animalia","Arthropoda","Insecta","Coleoptera","Carabidae","Harpalinae","Harpalini","Piosoma",,"setosum",,"Piosoma setosum","LeConte","species",,"F",,"Lindroth, C. H. 1969. The ground-beetles (Carabidae, excl. Cicindelinae) of Canada and Alaska, parts 1-6. Opuscula E. Entomoligiska Sallskapet.","Kipling Will","Essig Museum of Entomology",,"No known compromise","N",,
"0b57f9b0-9037-4b37-b010-7cebaea294c5","MOAB_010.basePlot.bet","D13","MOAB","MOAB_010","2015-08-06","2015-08-20","2017-01-15","NEON.BET.D13.500210","CICPUN1","Animalia","Arthropoda","Insecta","Coleoptera","Carabidae","Cicindelinae","Cicindelini","Cicindela","Cicindelidia","punctulata","punctulata","Cicindela punctulata punctulata","Olivier","subspecies",,"M",,"Pearson, D., C. B. Knisley, and C. J. Kazilek. 2006. A Field Guide to the Tiger Beetles of the United States and Canada: Identification, Natural History, and Distribution of the Cicindelidae. Oxford University Press, New York.","Kipling Will","Essig Museum of Entomology",,"No known compromise","N",,
"a82c187f-5c31-4b56-8235-9ad623800749","MOAB_010.basePlot.bet","D13","MOAB","MOAB_010","2015-08-06","2015-08-20","2017-01-15","NEON.BET.D13.500212","HARDES","Animalia","Arthropoda","Insecta","Coleoptera","Carabidae","Harpalinae","Harpalini","Harpalus","Opadius","desertus",,"Harpalus desertus","LeConte","species",,"M",,"Noonan, G. R. 1991. Classification, Cladistics, and Natural History of Native North American Harpalus Latreille (Insecta: Coleoptera: Carabidae: Harpalini), excluding subgenera Glanodes and Pseudophonus.","Kipling Will","Essig Museum of Entomology",,"No known compromise","N",,
"8ffe3b1a-a3e1-4418-8e4a-4d219088b853","MOAB_002.basePlot.bet","D13","MOAB","MOAB_002","2015-08-06","2015-08-20","2017-01-15","NEON.BET.D13.500207","CICPUN1","Animalia","Arthropoda","Insecta","Coleoptera","Carabidae","Cicindelinae","Cicindelini","Cicindela","Cicindelidia","punctulata","punctulata","Cicindela punctulata punctulata","Olivier","subspecies",,"F",,"Pearson, D., C. B. Knisley, and C. J. Kazilek. 2006. A Field Guide to the Tiger Beetles of the United States and Canada: Identification, Natural History, and Distribution of the Cicindelidae. Oxford University Press, New York.","Kipling Will","Essig Museum of Entomology",,"No known compromise","N",,
"9dd66a0a-ddad-4a6e-886b-f97da6362c64","MOAB_002.basePlot.bet","D13","MOAB","MOAB_002","2015-08-06","2015-08-20","2017-01-15","NEON.BET.D13.500202","CICPUN1","Animalia","Arthropoda","Insecta","Coleoptera","Carabidae","Cicindelinae","Cicindelini","Cicindela","Cicindelidia","punctulata","punctulata","Cicindela punctulata punctulata","Olivier","subspecies",,"F",,"Pearson, D., C. B. Knisley, and C. J. Kazilek. 2006. A Field Guide to the Tiger Beetles of the United States and Canada: Identification, Natural History, and Distribution of the Cicindelidae. Oxford University Press, New York.","Kipling Will","Essig Museum of Entomology",,"No known compromise","N",,
"3308e92d-3aae-4900-bd11-4056da2efe6c","MOAB_002.basePlot.bet","D13","MOAB","MOAB_002","2015-08-06","2015-08-20","2017-01-15","NEON.BET.D13.500204","CICPUN1","Animalia","Arthropoda","Insecta","Coleoptera","Carabidae","Cicindelinae","Cicindelini","Cicindela","Cicindelidia","punctulata","punctulata","Cicindela punctulata punctulata","Olivier","subspecies",,"F",,"Pearson, D., C. B. Knisley, and C. J. Kazilek. 2006. A Field Guide to the Tiger Beetles of the United States and Canada: Identification, Natural History, and Distribution of the Cicindelidae. Oxford University Press, New York.","Kipling Will","Essig Museum of Entomology",,"No known compromise","N",,
"15ed8f1a-6434-40c0-b6a4-3ee076b2976c","MOAB_002.basePlot.bet","D13","MOAB","MOAB_002","2015-08-06","2015-08-20","2017-01-15","NEON.BET.D13.500205","CICPUN1","Animalia","Arthropoda","Insecta","Coleoptera","Carabidae","Cicindelinae","Cicindelini","Cicindela","Cicindelidia","punctulata","punctulata","Cicindela punctulata punctulata","Olivier","subspecies",,"F",,"Pearson, D., C. B. Knisley, and C. J. Kazilek. 2006. A Field Guide to the Tiger Beetles of the United States and Canada: Identification, Natural History, and Distribution of the Cicindelidae. Oxford University Press, New York.","Kipling Will","Essig Museum of Entomology",,"No known compromise","N",,
"0699110f-fc76-4460-9d41-f3093da4c763","MOAB_002.basePlot.bet","D13","MOAB","MOAB_002","2015-08-06","2015-08-20","2017-01-15","NEON.BET.D13.500206","CICPUN1","Animalia","Arthropoda","Insecta","Coleoptera","Carabidae","Cicindelinae","Cicindelini","Cicindela","Cicindelidia","punctulata","punctulata","Cicindela punctulata punctulata","Olivier","subspecies",,"F",,"Pearson, D., C. B. Knisley, and C. J. Kazilek. 2006. A Field Guide to the Tiger Beetles of the United States and Canada: Identification, Natural History, and Distribution of the Cicindelidae. Oxford University Press, New York.","Kipling Will","Essig Museum of Entomology",,"No known compromise","N",,
"5acaf1eb-71a0-4881-b7ac-f378272e9a26","MOAB_002.basePlot.bet","D13","MOAB","MOAB_002","2015-08-06","2015-08-20","2017-01-15","NEON.BET.D13.500203","CICPUN1","Animalia","Arthropoda","Insecta","Coleoptera","Carabidae","Cicindelinae","Cicindelini","Cicindela","Cicindelidia","punctulata","punctulata","Cicindela punctulata punctulata","Olivier","subspecies",,"M",,"Pearson, D., C. B. Knisley, and C. J. Kazilek. 2006. A Field Guide to the Tiger Beetles of the United States and Canada: Identification, Natural History, and Distribution of the Cicindelidae. Oxford University Press, New York.","Kipling Will","Essig Museum of Entomology",,"No known compromise","N",,
"5f5251b6-5e82-427f-ae3b-42e9c242d75f","MOAB_002.basePlot.bet","D13","MOAB","MOAB_002","2015-08-06","2015-08-20","2017-01-15","NEON.BET.D13.500200","CICPUL2","Animalia","Arthropoda","Insecta","Coleoptera","Carabidae","Cicindelinae","Cicindelini","Cicindela","Cicindela","pulchra","pulchra","Cicindela pulchra pulchra","Say","subspecies",,"F",,"Pearson, D., C. B. Knisley, and C. J. Kazilek. 2006. A Field Guide to the Tiger Beetles of the United States and Canada: Identification, Natural History, and Distribution of the Cicindelidae. Oxford University Press, New York.","Kipling Will","Essig Museum of Entomology",,"No known compromise","N",,
"bc874fc0-0ff2-4f67-92e9-e8c47f5c950f","MOAB_002.basePlot.bet","D13","MOAB","MOAB_002","2015-08-06","2015-08-20","2017-01-15","NEON.BET.D13.500201","HARCOR","Animalia","Arthropoda","Insecta","Coleoptera","Carabidae","Harpalinae","Harpalini","Harpalus","Opadius","cordatus",,"Harpalus cordatus","LeConte","species",,"F",,"Noonan, G. R. 1991. Classification, Cladistics, and Natural History of Native North American Harpalus Latreille (Insecta: Coleoptera: Carabidae: Harpalini), excluding subgenera Glanodes and Pseudophonus.","Kipling Will","Essig Museum of Entomology",,"No known compromise","N",,
"94c30c54-424a-41bc-8967-8938418bfe14","MOAB_001.basePlot.bet","D13","MOAB","MOAB_001","2015-08-06","2015-08-20","2017-01-15","NEON.BET.D13.500174","CICPUN1","Animalia","Arthropoda","Insecta","Coleoptera","Carabidae","Cicindelinae","Cicindelini","Cicindela","Cicindelidia","punctulata","punctulata","Cicindela punctulata punctulata","Olivier","subspecies",,"M",,"Pearson, D., C. B. Knisley, and C. J. Kazilek. 2006. A Field Guide to the Tiger Beetles of the United States and Canada: Identification, Natural History, and Distribution of the Cicindelidae. Oxford University Press, New York.","Kipling Will","Essig Museum of Entomology",,"No known compromise","N",,
