uid,namedLocation,domainID,siteID,plotID,trapID,setDate,collectDate,processingDate,identifiedDate,subsampleID,individualID,taxonID,scientificName,taxonRank,identificationQualifier,scientificNameAuthorship,morphospeciesID,identificationReferences,totalLength,identifiedBy,recordedBy,remarks
"e5b524c2-cedf-4383-906d-42325c6b6c44","MOAB_004.basePlot.bet","D13","MOAB","MOAB_004","E","2015-07-23","2015-08-06","2015-12-09","2015-12-09","5U7Q+xBUPVsSDJOcrxTU0aFerfO2toj647V6TFkwebI=","NEON.BET.D13.500161","CICPUN","Cicindela punctulata","species",,"Olivier",,"Pearson, D., C. B. Knisley, and C. J. Kazilek. 2006. A Field Guide to the Tiger Beetles of the United States and Canada: Identification, Natural History, and Distribution of the Cicindelidae. Oxford University Press, New York.",,"/h2P7iNCFob6MrtXvZ/0KV0VExqkPzVY","/h2P7iNCFob6MrtXvZ/0KV0VExqkPzVY",
"cd6a5696-a9f6-4860-8b70-60cd37b548be","MOAB_005.basePlot.bet","D13","MOAB","MOAB_005","W","2015-07-23","2015-08-06","2015-12-09","2015-12-09","dErP7UpuKYumuf3kDH7etYO6jq6TewwhW38mjWCVekk=","NEON.BET.D13.500146","CICPUN","Cicindela punctulata","species",,"Olivier",,"Pearson, D., C. B. Knisley, and C. J. Kazilek. 2006. A Field Guide to the Tiger Beetles of the United States and Canada: Identification, Natural History, and Distribution of the Cicindelidae. Oxford University Press, New York.",,"/h2P7iNCFob6MrtXvZ/0KV0VExqkPzVY","/h2P7iNCFob6MrtXvZ/0KV0VExqkPzVY",
"1ff641f8-45be-4395-9746-07e1701270aa","MOAB_006.basePlot.bet","D13","MOAB","MOAB_006","E","2015-07-23","2015-08-06","2015-12-09","2015-12-09","W12PQsnHiUgp8HIXP91Iw2/IeUgcHr0l1slkBNIbbd0=","NEON.BET.D13.500170","CICPUN","Cicindela punctulata","species",,"Olivier",,"Pearson, D., C. B. Knisley, and C. J. Kazilek. 2006. A Field Guide to the Tiger Beetles of the United States and Canada: Identification, Natural History, and Distribution of the Cicindelidae. Oxford University Press, New York.",,"/h2P7iNCFob6MrtXvZ/0KV0VExqkPzVY","/h2P7iNCFob6MrtXvZ/0KV0VExqkPzVY",
"47b02ced-6faf-4ecd-b7a1-f1ba00d1dfeb","MOAB_006.basePlot.bet","D13","MOAB","MOAB_006","E","2015-07-23","2015-08-06","2015-12-09","2015-12-09","W12PQsnHiUgp8HIXP91Iw2/IeUgcHr0l1slkBNIbbd0=","NEON.BET.D13.500169","CICPUN","Cicindela punctulata","species",,"Olivier",,"Pearson, D., C. B. Knisley, and C. J. Kazilek. 2006. A Field Guide to the Tiger Beetles of the United States and Canada: Identification, Natural History, and Distribution of the Cicindelidae. Oxford University Press, New York.",,"/h2P7iNCFob6MrtXvZ/0KV0VExqkPzVY","/h2P7iNCFob6MrtXvZ/0KV0VExqkPzVY",
"59035cda-6ba3-4515-9557-cdbf248e1c79","MOAB_006.basePlot.bet","D13","MOAB","MOAB_006","E","2015-07-23","2015-08-06","2015-12-09","2015-12-09","W12PQsnHiUgp8HIXP91Iw9IM9YSEg4EGarb2eyr8v/c=","NEON.BET.D13.500171","PIOSET","Piosoma setosum","species",,"LeConte",,"Arnett Jr., R. H., and M. C. Thomas. 2001. American Beetles Archosemata, Myxophaga, Adephaga, Polyphaga: Staphyliniformia. 1st Vol. (C. Press, Ed.). 1st Ed. Boca Raton, FL.",,"/h2P7iNCFob6MrtXvZ/0KV0VExqkPzVY","/h2P7iNCFob6MrtXvZ/0KV0VExqkPzVY",
"ae7db821-72af-48e4-b2ed-31f703e347a4","MOAB_005.basePlot.bet","D13","MOAB","MOAB_005","E","2015-07-23","2015-08-06","2015-12-09","2015-12-16","dErP7UpuKYvM0dCOAPuAK8yyNPewhu+iIuNoqwwsdsU=","NEON.BET.D13.500141","CICPUN","Cicindela punctulata","species",,"Olivier",,"Pearson, D., C. B. Knisley, and C. J. Kazilek. 2006. A Field Guide to the Tiger Beetles of the United States and Canada: Identification, Natural History, and Distribution of the Cicindelidae. Oxford University Press, New York.",,"/h2P7iNCFob6MrtXvZ/0KV0VExqkPzVY","/h2P7iNCFob6MrtXvZ/0KV0VExqkPzVY",
"2bae3944-1170-4548-bd36-75211083600d","MOAB_010.basePlot.bet","D13","MOAB","MOAB_010","E","2015-07-23","2015-08-06","2015-12-09","2015-12-09","ey84eokAkd7pSJq1KB1Aek8e3eBgaX5iXycb2isJ3ic=","NEON.BET.D13.500119","CICPUN","Cicindela punctulata","species",,"Olivier",,"Other",,"/h2P7iNCFob6MrtXvZ/0KV0VExqkPzVY","/h2P7iNCFob6MrtXvZ/0KV0VExqkPzVY",
"db180b1b-82d7-4740-a11a-bd0041d4547a","MOAB_010.basePlot.bet","D13","MOAB","MOAB_010","E","2015-07-23","2015-08-06","2015-12-09","2015-12-09","ey84eokAkd7pSJq1KB1Aek8e3eBgaX5iXycb2isJ3ic=","NEON.BET.D13.500115","CICPUN","Cicindela punctulata","species",,"Olivier",,"Pearson, D., C. B. Knisley, and C. J. Kazilek. 2006. A Field Guide to the Tiger Beetles of the United States and Canada: Identification, Natural History, and Distribution of the Cicindelidae. Oxford University Press, New York.",,"/h2P7iNCFob6MrtXvZ/0KV0VExqkPzVY","/h2P7iNCFob6MrtXvZ/0KV0VExqkPzVY",
"d5b2aae2-3180-4335-81c6-cdc51c90fbdf","MOAB_010.basePlot.bet","D13","MOAB","MOAB_010","E","2015-07-23","2015-08-06","2015-12-09","2015-12-09","ey84eokAkd7pSJq1KB1Aek8e3eBgaX5iXycb2isJ3ic=","NEON.BET.D13.500120","CICPUN","Cicindela punctulata","species",,"Olivier",,"Pearson, D., C. B. Knisley, and C. J. Kazilek. 2006. A Field Guide to the Tiger Beetles of the United States and Canada: Identification, Natural History, and Distribution of the Cicindelidae. Oxford University Press, New York.",,"/h2P7iNCFob6MrtXvZ/0KV0VExqkPzVY","/h2P7iNCFob6MrtXvZ/0KV0VExqkPzVY",
"f3e41533-2d71-4c7a-aab0-2d2a41709823","MOAB_010.basePlot.bet","D13","MOAB","MOAB_010","E","2015-07-23","2015-08-06","2015-12-09","2015-12-09","ey84eokAkd7pSJq1KB1Aek8e3eBgaX5iXycb2isJ3ic=","NEON.BET.D13.500118","CICPUN","Cicindela punctulata","species",,"Olivier",,"Pearson, D., C. B. Knisley, and C. J. Kazilek. 2006. A Field Guide to the Tiger Beetles of the United States and Canada: Identification, Natural History, and Distribution of the Cicindelidae. Oxford University Press, New York.",,"/h2P7iNCFob6MrtXvZ/0KV0VExqkPzVY","/h2P7iNCFob6MrtXvZ/0KV0VExqkPzVY",
"e265157e-1005-4309-8f09-24b04e0af33f","MOAB_010.basePlot.bet","D13","MOAB","MOAB_010","E","2015-07-23","2015-08-06","2015-12-09","2015-12-09","ey84eokAkd7pSJq1KB1Aek8e3eBgaX5iXycb2isJ3ic=","NEON.BET.D13.500116","CICPUN","Cicindela punctulata","species",,"Olivier",,"Pearson, D., C. B. Knisley, and C. J. Kazilek. 2006. A Field Guide to the Tiger Beetles of the United States and Canada: Identification, Natural History, and Distribution of the Cicindelidae. Oxford University Press, New York.",,"/h2P7iNCFob6MrtXvZ/0KV0VExqkPzVY","/h2P7iNCFob6MrtXvZ/0KV0VExqkPzVY",
"9d87fd42-08d0-4cca-a623-717a3d2ef7cf","MOAB_002.basePlot.bet","D13","MOAB","MOAB_002","E","2015-07-23","2015-08-06","2015-12-09","2015-12-09","dDZSo11ZohYgxfVamv0+qIdPto/qJeq/qp5kph/DKF0=","NEON.BET.D13.500300","HARCOR","Harpalus cordatus","species","cf. species","LeConte",,"Arnett Jr., R. H., and M. C. Thomas. 2001. American Beetles Archosemata, Myxophaga, Adephaga, Polyphaga: Staphyliniformia. 1st Vol. (C. Press, Ed.). 1st Ed. Boca Raton, FL.",,"/h2P7iNCFob6MrtXvZ/0KV0VExqkPzVY","/h2P7iNCFob6MrtXvZ/0KV0VExqkPzVY",
"138bb994-5ad4-457f-b483-70919b0969fb","MOAB_002.basePlot.bet","D13","MOAB","MOAB_002","E","2015-07-23","2015-08-06","2015-12-09","2015-12-16","dDZSo11ZohYgxfVamv0+qC2zFzXHhiUmEtiVn4dlQ3c=","NEON.BET.D13.500140","CICPUN","Cicindela punctulata","species",,"Olivier",,"Pearson, D., C. B. Knisley, and C. J. Kazilek. 2006. A Field Guide to the Tiger Beetles of the United States and Canada: Identification, Natural History, and Distribution of the Cicindelidae. Oxford University Press, New York.",,"/h2P7iNCFob6MrtXvZ/0KV0VExqkPzVY","/h2P7iNCFob6MrtXvZ/0KV0VExqkPzVY",
"c2f155b7-41ed-4a52-b0a7-98db33717391","MOAB_002.basePlot.bet","D13","MOAB","MOAB_002","E","2015-07-23","2015-08-06","2015-12-09","2015-12-16","dDZSo11ZohYgxfVamv0+qC2zFzXHhiUmEtiVn4dlQ3c=","NEON.BET.D13.500139","CICPUN","Cicindela punctulata","species",,"Olivier",,"Pearson, D., C. B. Knisley, and C. J. Kazilek. 2006. A Field Guide to the Tiger Beetles of the United States and Canada: Identification, Natural History, and Distribution of the Cicindelidae. Oxford University Press, New York.",,"/h2P7iNCFob6MrtXvZ/0KV0VExqkPzVY","/h2P7iNCFob6MrtXvZ/0KV0VExqkPzVY",
"f24ba1af-1048-4b63-942f-c90f3a7de7ce","MOAB_005.basePlot.bet","D13","MOAB","MOAB_005","N","2015-07-23","2015-08-06","2015-12-09","2015-12-09","dErP7UpuKYsG5DJNuEWuRNsOIXOMAzHWrtY/SJD/rBw=","NEON.BET.D13.500145","CICPUN","Cicindela punctulata","species",,"Olivier",,"Pearson, D., C. B. Knisley, and C. J. Kazilek. 2006. A Field Guide to the Tiger Beetles of the United States and Canada: Identification, Natural History, and Distribution of the Cicindelidae. Oxford University Press, New York.",,"/h2P7iNCFob6MrtXvZ/0KV0VExqkPzVY","/h2P7iNCFob6MrtXvZ/0KV0VExqkPzVY",
"8e37f5b0-f841-4474-8310-d5ebf2178aaf","MOAB_004.basePlot.bet","D13","MOAB","MOAB_004","E","2015-07-23","2015-08-06","2015-12-09","2015-12-09","5U7Q+xBUPVsSDJOcrxTU0aFerfO2toj647V6TFkwebI=","NEON.BET.D13.500162","CICPUN","Cicindela punctulata","species",,"Olivier",,"Pearson, D., C. B. Knisley, and C. J. Kazilek. 2006. A Field Guide to the Tiger Beetles of the United States and Canada: Identification, Natural History, and Distribution of the Cicindelidae. Oxford University Press, New York.",,"/h2P7iNCFob6MrtXvZ/0KV0VExqkPzVY","/h2P7iNCFob6MrtXvZ/0KV0VExqkPzVY",
"6a32aafb-1ccc-446a-99f7-9ab7a8c230e0","MOAB_009.basePlot.bet","D13","MOAB","MOAB_009","N","2015-07-23","2015-08-06","2015-12-09","2015-12-08","r113m7c7xtxY5lRXoG0jknoufpHOadUjzZvmiIzVFcc=","NEON.BET.D13.500126","CICPUN","Cicindela punctulata","species",,"Olivier",,"Pearson, D., C. B. Knisley, and C. J. Kazilek. 2006. A Field Guide to the Tiger Beetles of the United States and Canada: Identification, Natural History, and Distribution of the Cicindelidae. Oxford University Press, New York.",,"/h2P7iNCFob6MrtXvZ/0KV0VExqkPzVY","/h2P7iNCFob6MrtXvZ/0KV0VExqkPzVY",
"d5bed6ad-1f1a-4486-a64c-2f6611a60463","MOAB_007.basePlot.bet","D13","MOAB","MOAB_007","N","2015-07-23","2015-08-06","2015-12-09","2015-12-09","KUrFeqpu9DsyE1EkU+ED2EoA/XAm4v7j1rCqZxZNZ9g=","NEON.BET.D13.500151","CARSP14","Carabidae sp.","family",,"Latreille","D13.2015.MorphZE","Lindroth, C. H. 1969. The ground-beetles (Carabidae, excl. Cicindelinae) of Canada and Alaska, parts 1-6. Opuscula E. Entomoligiska Sallskapet.",,"/h2P7iNCFob6MrtXvZ/0KV0VExqkPzVY","/h2P7iNCFob6MrtXvZ/0KV0VExqkPzVY","Cymindis sp. Looks like C. planipennis in in BYU collection. Body dark rufous with legs and lateral margins of protum and elytra testaceous| shoulder macula not always well defined| intervals of elytral irregularly biserately punctate| elytra truncate| un"
"cd881e17-aca1-4cc0-bcb2-a3258a4ce9cc","MOAB_005.basePlot.bet","D13","MOAB","MOAB_005","N","2015-07-23","2015-08-06","2015-12-09","2015-12-09","dErP7UpuKYsG5DJNuEWuRNsOIXOMAzHWrtY/SJD/rBw=","NEON.BET.D13.500144","CICPUN","Cicindela punctulata","species",,"Olivier",,"Pearson, D., C. B. Knisley, and C. J. Kazilek. 2006. A Field Guide to the Tiger Beetles of the United States and Canada: Identification, Natural History, and Distribution of the Cicindelidae. Oxford University Press, New York.",,"/h2P7iNCFob6MrtXvZ/0KV0VExqkPzVY","/h2P7iNCFob6MrtXvZ/0KV0VExqkPzVY",
"40b7da77-7ca3-4c61-ab5f-5791519d7b62","MOAB_005.basePlot.bet","D13","MOAB","MOAB_005","N","2015-07-23","2015-08-06","2015-12-09","2015-12-09","dErP7UpuKYsG5DJNuEWuRACqQRFSdY5vl0u/3biH3a0=","NEON.BET.D13.500143","HARCAL","Harpalus caliginosus","species","cf. species","Fabricius",,"Lindroth, C. H. 1969. The ground-beetles (Carabidae, excl. Cicindelinae) of Canada and Alaska, parts 1-6. Opuscula E. Entomoligiska Sallskapet.",,"/h2P7iNCFob6MrtXvZ/0KV0VExqkPzVY","/h2P7iNCFob6MrtXvZ/0KV0VExqkPzVY",
"f4eface3-4502-45fa-b0c6-925c19586ef9","MOAB_005.basePlot.bet","D13","MOAB","MOAB_005","E","2015-07-23","2015-08-06","2015-12-09","2015-12-16","dErP7UpuKYvM0dCOAPuAK8yyNPewhu+iIuNoqwwsdsU=","NEON.BET.D13.500142","CICPUN","Cicindela punctulata","species",,"Olivier",,"Pearson, D., C. B. Knisley, and C. J. Kazilek. 2006. A Field Guide to the Tiger Beetles of the United States and Canada: Identification, Natural History, and Distribution of the Cicindelidae. Oxford University Press, New York.",,"/h2P7iNCFob6MrtXvZ/0KV0VExqkPzVY","/h2P7iNCFob6MrtXvZ/0KV0VExqkPzVY",
"143610e7-e5e6-4605-aa34-267e521d6cd2","MOAB_002.basePlot.bet","D13","MOAB","MOAB_002","N","2015-07-23","2015-08-06","2015-12-09","2015-12-09","dDZSo11Zohb4F7SqqYXHIYzHIkbfs5pJV+Js3yuF5WA=","NEON.BET.D13.500136","CICPUN","Cicindela punctulata","species",,"Olivier",,"Pearson, D., C. B. Knisley, and C. J. Kazilek. 2006. A Field Guide to the Tiger Beetles of the United States and Canada: Identification, Natural History, and Distribution of the Cicindelidae. Oxford University Press, New York.",,"/h2P7iNCFob6MrtXvZ/0KV0VExqkPzVY","/h2P7iNCFob6MrtXvZ/0KV0VExqkPzVY",
"a013380c-8077-4ae1-bbed-e4f4ac19c6b4","MOAB_002.basePlot.bet","D13","MOAB","MOAB_002","N","2015-07-23","2015-08-06","2015-12-09","2015-12-09","dDZSo11Zohb4F7SqqYXHIUYCQN4d2APDcoXXHyySDTw=","NEON.BET.D13.500135","HARCOR","Harpalus cordatus","species","cf. species","LeConte",,"Arnett Jr., R. H., and M. C. Thomas. 2001. American Beetles Archosemata, Myxophaga, Adephaga, Polyphaga: Staphyliniformia. 1st Vol. (C. Press, Ed.). 1st Ed. Boca Raton, FL.",,"/h2P7iNCFob6MrtXvZ/0KV0VExqkPzVY","/h2P7iNCFob6MrtXvZ/0KV0VExqkPzVY",
"282900cd-6d5a-47f2-a005-f6f23534bd65","MOAB_001.basePlot.bet","D13","MOAB","MOAB_001","E","2015-07-23","2015-08-06","2015-12-09","2015-12-08","hc7nq0q3kZJNrue+OSZL6+UtVV9CQP3mcTTQaMNj74s=","NEON.BET.D13.500128","CICPUN","Cicindela punctulata","species",,"Olivier",,"Pearson, D., C. B. Knisley, and C. J. Kazilek. 2006. A Field Guide to the Tiger Beetles of the United States and Canada: Identification, Natural History, and Distribution of the Cicindelidae. Oxford University Press, New York.",,"/h2P7iNCFob6MrtXvZ/0KV0VExqkPzVY","/h2P7iNCFob6MrtXvZ/0KV0VExqkPzVY",
"862ce512-a49e-4935-8065-4398733c5b0d","MOAB_010.basePlot.bet","D13","MOAB","MOAB_010","E","2015-07-23","2015-08-06","2015-12-09","2015-12-09","ey84eokAkd7pSJq1KB1Aek8e3eBgaX5iXycb2isJ3ic=","NEON.BET.D13.500117","CICPUN","Cicindela punctulata","species",,"Olivier",,"Pearson, D., C. B. Knisley, and C. J. Kazilek. 2006. A Field Guide to the Tiger Beetles of the United States and Canada: Identification, Natural History, and Distribution of the Cicindelidae. Oxford University Press, New York.",,"/h2P7iNCFob6MrtXvZ/0KV0VExqkPzVY","/h2P7iNCFob6MrtXvZ/0KV0VExqkPzVY",
"d8976a22-79fe-46af-b1e0-a51c2455ab27","MOAB_001.basePlot.bet","D13","MOAB","MOAB_001","N","2015-07-23","2015-08-06","2015-12-09","2015-12-08","hc7nq0q3kZKdApCXVXaqWcskc5QDfXGhAvzaSkaTwuU=","NEON.BET.D13.500129","CICPUN","Cicindela punctulata","species",,"Olivier",,"Pearson, D., C. B. Knisley, and C. J. Kazilek. 2006. A Field Guide to the Tiger Beetles of the United States and Canada: Identification, Natural History, and Distribution of the Cicindelidae. Oxford University Press, New York.",,"/h2P7iNCFob6MrtXvZ/0KV0VExqkPzVY","/h2P7iNCFob6MrtXvZ/0KV0VExqkPzVY",
"d8275f04-e66c-4af0-96c9-fdd3a8d807a0","MOAB_001.basePlot.bet","D13","MOAB","MOAB_001","N","2015-07-23","2015-08-06","2015-12-09","2015-12-08","hc7nq0q3kZKdApCXVXaqWcskc5QDfXGhAvzaSkaTwuU=","NEON.BET.D13.500130","CICPUN","Cicindela punctulata","species",,"Olivier",,"Pearson, D., C. B. Knisley, and C. J. Kazilek. 2006. A Field Guide to the Tiger Beetles of the United States and Canada: Identification, Natural History, and Distribution of the Cicindelidae. Oxford University Press, New York.",,"/h2P7iNCFob6MrtXvZ/0KV0VExqkPzVY","/h2P7iNCFob6MrtXvZ/0KV0VExqkPzVY",
"5f96e8ad-1b64-4aac-8128-cd2d39900687","MOAB_010.basePlot.bet","D13","MOAB","MOAB_010","N","2015-07-23","2015-08-06","2015-12-09","2015-12-08","ey84eokAkd6i6GieP6/BCknNhrxzi6jgyFUTx5hQBSg=","NEON.BET.D13.500125","CICPUN","Cicindela punctulata","species",,"Olivier",,"Pearson, D., C. B. Knisley, and C. J. Kazilek. 2006. A Field Guide to the Tiger Beetles of the United States and Canada: Identification, Natural History, and Distribution of the Cicindelidae. Oxford University Press, New York.",,"/h2P7iNCFob6MrtXvZ/0KV0VExqkPzVY","/h2P7iNCFob6MrtXvZ/0KV0VExqkPzVY",
"3bbfbe20-a87e-4a4f-9efd-31f2cea54c70","MOAB_010.basePlot.bet","D13","MOAB","MOAB_010","N","2015-07-23","2015-08-06","2015-12-09","2015-12-08","ey84eokAkd6i6GieP6/BCknNhrxzi6jgyFUTx5hQBSg=","NEON.BET.D13.500123","CICPUN","Cicindela punctulata","species",,"Olivier",,"Pearson, D., C. B. Knisley, and C. J. Kazilek. 2006. A Field Guide to the Tiger Beetles of the United States and Canada: Identification, Natural History, and Distribution of the Cicindelidae. Oxford University Press, New York.",,"/h2P7iNCFob6MrtXvZ/0KV0VExqkPzVY","/h2P7iNCFob6MrtXvZ/0KV0VExqkPzVY",
"6ae519e2-702b-4414-841e-673e64632571","MOAB_007.basePlot.bet","D13","MOAB","MOAB_007","N","2015-07-23","2015-08-06","2015-12-09","2015-12-09","KUrFeqpu9DsyE1EkU+ED2EoA/XAm4v7j1rCqZxZNZ9g=","NEON.BET.D13.500150","CICPUN","Cicindela punctulata","species",,"Olivier",,"Pearson, D., C. B. Knisley, and C. J. Kazilek. 2006. A Field Guide to the Tiger Beetles of the United States and Canada: Identification, Natural History, and Distribution of the Cicindelidae. Oxford University Press, New York.",,"/h2P7iNCFob6MrtXvZ/0KV0VExqkPzVY","/h2P7iNCFob6MrtXvZ/0KV0VExqkPzVY",
"07e77315-73c2-46a8-a211-5ce91f641a95","MOAB_007.basePlot.bet","D13","MOAB","MOAB_007","N","2015-07-23","2015-08-06","2015-12-09","2015-12-09","KUrFeqpu9DsyE1EkU+ED2EoA/XAm4v7j1rCqZxZNZ9g=","NEON.BET.D13.500153","CARSP14","Carabidae sp.","family",,"Latreille","D13.2015.MorphZE","Lindroth, C. H. 1969. The ground-beetles (Carabidae, excl. Cicindelinae) of Canada and Alaska, parts 1-6. Opuscula E. Entomoligiska Sallskapet.",,"/h2P7iNCFob6MrtXvZ/0KV0VExqkPzVY","/h2P7iNCFob6MrtXvZ/0KV0VExqkPzVY","Cymindis sp. Looks like C. planipennis in in BYU collection. Body dark rufous with legs and lateral margins of protum and elytra testaceous| shoulder macula not always well defined| intervals of elytral irregularly biserately punctate| elytra truncate| un"
"dc3be14d-5ede-4c19-96d1-b6bde4c9f65f","MOAB_007.basePlot.bet","D13","MOAB","MOAB_007","N","2015-07-23","2015-08-06","2015-12-09","2015-12-09","KUrFeqpu9DsyE1EkU+ED2EoA/XAm4v7j1rCqZxZNZ9g=","NEON.BET.D13.500152","CARSP14","Carabidae sp.","family",,"Latreille","D13.2015.MorphZE","Lindroth, C. H. 1969. The ground-beetles (Carabidae, excl. Cicindelinae) of Canada and Alaska, parts 1-6. Opuscula E. Entomoligiska Sallskapet.",,"/h2P7iNCFob6MrtXvZ/0KV0VExqkPzVY","/h2P7iNCFob6MrtXvZ/0KV0VExqkPzVY","Cymindis sp. Looks like C. planipennis in in BYU collection. Body dark rufous with legs and lateral margins of protum and elytra testaceous| shoulder macula not always well defined| intervals of elytral irregularly biserately punctate| elytra truncate| un"
"ea0e3117-6739-44ed-ab8c-dd8532b748d4","MOAB_010.basePlot.bet","D13","MOAB","MOAB_010","N","2015-07-23","2015-08-06","2015-12-09","2015-12-08","ey84eokAkd6i6GieP6/BCknNhrxzi6jgyFUTx5hQBSg=","NEON.BET.D13.500124","CICPUN","Cicindela punctulata","species",,"Olivier",,"Pearson, D., C. B. Knisley, and C. J. Kazilek. 2006. A Field Guide to the Tiger Beetles of the United States and Canada: Identification, Natural History, and Distribution of the Cicindelidae. Oxford University Press, New York.",,"/h2P7iNCFob6MrtXvZ/0KV0VExqkPzVY","/h2P7iNCFob6MrtXvZ/0KV0VExqkPzVY",
"00eadad2-aa03-4c00-b008-999dcb5fad98","MOAB_009.basePlot.bet","D13","MOAB","MOAB_009","N","2015-07-23","2015-08-06","2015-12-09","2015-12-08","r113m7c7xtxY5lRXoG0jknoufpHOadUjzZvmiIzVFcc=","NEON.BET.D13.500127","CICPUN","Cicindela punctulata","species",,"Olivier",,"Pearson, D., C. B. Knisley, and C. J. Kazilek. 2006. A Field Guide to the Tiger Beetles of the United States and Canada: Identification, Natural History, and Distribution of the Cicindelidae. Oxford University Press, New York.",,"/h2P7iNCFob6MrtXvZ/0KV0VExqkPzVY","/h2P7iNCFob6MrtXvZ/0KV0VExqkPzVY",
"ea130b2d-7581-4dee-8e20-97a39375cfa8","MOAB_006.basePlot.bet","D13","MOAB","MOAB_006","N","2015-07-23","2015-08-06","2015-12-09","2015-12-09","W12PQsnHiUiovYxBf2LA9yxh3/HqstlBIQFKO3u6Fzg=","NEON.BET.D13.500166","CICPUN","Cicindela punctulata","species",,"Olivier",,"Pearson, D., C. B. Knisley, and C. J. Kazilek. 2006. A Field Guide to the Tiger Beetles of the United States and Canada: Identification, Natural History, and Distribution of the Cicindelidae. Oxford University Press, New York.",,"/h2P7iNCFob6MrtXvZ/0KV0VExqkPzVY","/h2P7iNCFob6MrtXvZ/0KV0VExqkPzVY",
"03554035-c491-43f5-9f80-19d7b9848e9f","MOAB_006.basePlot.bet","D13","MOAB","MOAB_006","N","2015-07-23","2015-08-06","2015-12-09","2015-12-09","W12PQsnHiUiovYxBf2LA9yxh3/HqstlBIQFKO3u6Fzg=","NEON.BET.D13.500167","CICPUN","Cicindela punctulata","species",,"Olivier",,"Pearson, D., C. B. Knisley, and C. J. Kazilek. 2006. A Field Guide to the Tiger Beetles of the United States and Canada: Identification, Natural History, and Distribution of the Cicindelidae. Oxford University Press, New York.",,"/h2P7iNCFob6MrtXvZ/0KV0VExqkPzVY","/h2P7iNCFob6MrtXvZ/0KV0VExqkPzVY",
"97d13f2a-be59-450d-a964-bec260f52db1","MOAB_004.basePlot.bet","D13","MOAB","MOAB_004","N","2015-07-23","2015-08-06","2015-12-09","2015-12-16","5U7Q+xBUPVubZFy6L9dNCW7XXe7mNHAWiclWwCdeUe8=","NEON.BET.D13.500158","CICPUN","Cicindela punctulata","species",,"Olivier",,"Pearson, D., C. B. Knisley, and C. J. Kazilek. 2006. A Field Guide to the Tiger Beetles of the United States and Canada: Identification, Natural History, and Distribution of the Cicindelidae. Oxford University Press, New York.",,"/h2P7iNCFob6MrtXvZ/0KV0VExqkPzVY","/h2P7iNCFob6MrtXvZ/0KV0VExqkPzVY",
"67302799-cc3d-4eec-9b75-c6b464c0f086","MOAB_003.basePlot.bet","D13","MOAB","MOAB_003","N","2015-07-23","2015-08-06","2015-12-09","2015-12-09","IyUvclCcKUbI+jRps7oNrXi9yNaSIHULTnbmSJg03TY=","NEON.BET.D13.500164","PSESP7","Pseudomorpha sp.","genus","cf. genus","Kirby",,"Arnett Jr., R. H., and M. C. Thomas. 2001. American Beetles Archosemata, Myxophaga, Adephaga, Polyphaga: Staphyliniformia. 1st Vol. (C. Press, Ed.). 1st Ed. Boca Raton, FL.",,"/h2P7iNCFob6MrtXvZ/0KV0VExqkPzVY","/h2P7iNCFob6MrtXvZ/0KV0VExqkPzVY","identified as Pseudomorpha sp."
"f023589e-8546-484d-b811-ee0b1ad58b0a","MOAB_004.basePlot.bet","D13","MOAB","MOAB_004","N","2015-07-23","2015-08-06","2015-12-09","2015-12-16","5U7Q+xBUPVubZFy6L9dNCW7XXe7mNHAWiclWwCdeUe8=","NEON.BET.D13.500157","CICPUN","Cicindela punctulata","species",,"Olivier",,"Pearson, D., C. B. Knisley, and C. J. Kazilek. 2006. A Field Guide to the Tiger Beetles of the United States and Canada: Identification, Natural History, and Distribution of the Cicindelidae. Oxford University Press, New York.",,"/h2P7iNCFob6MrtXvZ/0KV0VExqkPzVY","/h2P7iNCFob6MrtXvZ/0KV0VExqkPzVY",
"1d34d449-36e5-43ae-b329-9574477055ed","MOAB_010.basePlot.bet","D13","MOAB","MOAB_010","S","2015-07-23","2015-08-06","2015-12-09","2015-12-08","ey84eokAkd7g+RBPrOmApYqUvTFhDq0UhnijOd59CZw=","NEON.BET.D13.500121","CICPUN","Cicindela punctulata","species",,"Olivier",,"Other",,"/h2P7iNCFob6MrtXvZ/0KV0VExqkPzVY","/h2P7iNCFob6MrtXvZ/0KV0VExqkPzVY",
"91b3d40d-a127-4c8a-8762-aa2276a9266d","MOAB_005.basePlot.bet","D13","MOAB","MOAB_005","S","2015-07-23","2015-08-06","2015-12-09","2015-12-09","dErP7UpuKYu0BOno+Bn5qV5s7PBkgR+2ekmBnD6CsAA=","NEON.BET.D13.500148","CICPUN","Cicindela punctulata","species",,"Olivier",,"Pearson, D., C. B. Knisley, and C. J. Kazilek. 2006. A Field Guide to the Tiger Beetles of the United States and Canada: Identification, Natural History, and Distribution of the Cicindelidae. Oxford University Press, New York.",,"/h2P7iNCFob6MrtXvZ/0KV0VExqkPzVY","/h2P7iNCFob6MrtXvZ/0KV0VExqkPzVY",
"20611cdb-b2c5-479f-ab8c-f9e33725b49d","MOAB_005.basePlot.bet","D13","MOAB","MOAB_005","S","2015-07-23","2015-08-06","2015-12-09","2015-12-09","dErP7UpuKYu0BOno+Bn5qV5s7PBkgR+2ekmBnD6CsAA=","NEON.BET.D13.500149","CICPUN","Cicindela punctulata","species",,"Olivier",,"Pearson, D., C. B. Knisley, and C. J. Kazilek. 2006. A Field Guide to the Tiger Beetles of the United States and Canada: Identification, Natural History, and Distribution of the Cicindelidae. Oxford University Press, New York.",,"/h2P7iNCFob6MrtXvZ/0KV0VExqkPzVY","/h2P7iNCFob6MrtXvZ/0KV0VExqkPzVY",
"7521f506-1326-4d99-a2b8-356f84c6474e","MOAB_004.basePlot.bet","D13","MOAB","MOAB_004","S","2015-07-23","2015-08-06","2015-12-09","2015-12-16","5U7Q+xBUPVsXIUmWO96tYNxV+PeOavdtJfeyNAcBV6U=","NEON.BET.D13.500159","CICPUN","Cicindela punctulata","species",,"Olivier",,"Pearson, D., C. B. Knisley, and C. J. Kazilek. 2006. A Field Guide to the Tiger Beetles of the United States and Canada: Identification, Natural History, and Distribution of the Cicindelidae. Oxford University Press, New York.",,"/h2P7iNCFob6MrtXvZ/0KV0VExqkPzVY","/h2P7iNCFob6MrtXvZ/0KV0VExqkPzVY",
"2a231260-ca82-4c18-a2b7-5564bee9627a","MOAB_001.basePlot.bet","D13","MOAB","MOAB_001","S","2015-07-23","2015-08-06","2015-12-09","2015-12-16","hc7nq0q3kZJpnnQ2oAownNa3RE9BRIeWJvSJA4V6Ok4=","NEON.BET.D13.500133","CICPUN","Cicindela punctulata","species",,"Olivier",,"Pearson, D., C. B. Knisley, and C. J. Kazilek. 2006. A Field Guide to the Tiger Beetles of the United States and Canada: Identification, Natural History, and Distribution of the Cicindelidae. Oxford University Press, New York.",,"/h2P7iNCFob6MrtXvZ/0KV0VExqkPzVY","/h2P7iNCFob6MrtXvZ/0KV0VExqkPzVY",
"71997dc2-1305-4d7a-927c-be85aa80ebb3","MOAB_002.basePlot.bet","D13","MOAB","MOAB_002","S","2015-07-23","2015-08-06","2015-12-09","2015-12-09","dDZSo11ZohawgYoIepedwCD7RTBg9wG3a+QflG2eSE4=","NEON.BET.D13.500137","CICPUN","Cicindela punctulata","species",,"Olivier",,"Pearson, D., C. B. Knisley, and C. J. Kazilek. 2006. A Field Guide to the Tiger Beetles of the United States and Canada: Identification, Natural History, and Distribution of the Cicindelidae. Oxford University Press, New York.",,"/h2P7iNCFob6MrtXvZ/0KV0VExqkPzVY","/h2P7iNCFob6MrtXvZ/0KV0VExqkPzVY",
"5c671b7c-c2b1-4411-8902-ce1c298ea07e","MOAB_002.basePlot.bet","D13","MOAB","MOAB_002","S","2015-07-23","2015-08-06","2015-12-09","2015-12-09","dDZSo11ZohawgYoIepedwCD7RTBg9wG3a+QflG2eSE4=","NEON.BET.D13.500138","CICPUN","Cicindela punctulata","species",,"Olivier",,"Pearson, D., C. B. Knisley, and C. J. Kazilek. 2006. A Field Guide to the Tiger Beetles of the United States and Canada: Identification, Natural History, and Distribution of the Cicindelidae. Oxford University Press, New York.",,"/h2P7iNCFob6MrtXvZ/0KV0VExqkPzVY","/h2P7iNCFob6MrtXvZ/0KV0VExqkPzVY",
"3c2cbabe-5c11-44f6-aa30-bf7e98720580","MOAB_010.basePlot.bet","D13","MOAB","MOAB_010","S","2015-07-23","2015-08-06","2015-12-09","2015-12-08","ey84eokAkd7g+RBPrOmApYqUvTFhDq0UhnijOd59CZw=","NEON.BET.D13.500122","CICPUN","Cicindela punctulata","species",,"Olivier",,"Pearson, D., C. B. Knisley, and C. J. Kazilek. 2006. A Field Guide to the Tiger Beetles of the United States and Canada: Identification, Natural History, and Distribution of the Cicindelidae. Oxford University Press, New York.",,"/h2P7iNCFob6MrtXvZ/0KV0VExqkPzVY","/h2P7iNCFob6MrtXvZ/0KV0VExqkPzVY",
"409d3747-2da1-4106-8b71-26279ccb5f79","MOAB_001.basePlot.bet","D13","MOAB","MOAB_001","S","2015-07-23","2015-08-06","2015-12-09","2015-12-16","hc7nq0q3kZJpnnQ2oAownNa3RE9BRIeWJvSJA4V6Ok4=","NEON.BET.D13.500134","CICPUN","Cicindela punctulata","species",,"Olivier",,"Pearson, D., C. B. Knisley, and C. J. Kazilek. 2006. A Field Guide to the Tiger Beetles of the United States and Canada: Identification, Natural History, and Distribution of the Cicindelidae. Oxford University Press, New York.",,"/h2P7iNCFob6MrtXvZ/0KV0VExqkPzVY","/h2P7iNCFob6MrtXvZ/0KV0VExqkPzVY",
"4766e20b-c937-4ccd-8472-27915190dfea","MOAB_004.basePlot.bet","D13","MOAB","MOAB_004","S","2015-07-23","2015-08-06","2015-12-09","2015-12-16","5U7Q+xBUPVsXIUmWO96tYNxV+PeOavdtJfeyNAcBV6U=","NEON.BET.D13.500160","CICPUN","Cicindela punctulata","species",,"Olivier",,"Other",,"/h2P7iNCFob6MrtXvZ/0KV0VExqkPzVY","/h2P7iNCFob6MrtXvZ/0KV0VExqkPzVY",
"1190c42c-359a-4400-a25b-ded22d6eecb0","MOAB_003.basePlot.bet","D13","MOAB","MOAB_003","S","2015-07-23","2015-08-06","2015-12-09","2015-12-09","IyUvclCcKUYw8kTM1MpLQsqDRVJzlj+2QbdTR2mkIl4=","NEON.BET.D13.500163","CARSP14","Carabidae sp.","family",,"Latreille","D13.2015.MorphZE","Lindroth, C. H. 1969. The ground-beetles (Carabidae, excl. Cicindelinae) of Canada and Alaska, parts 1-6. Opuscula E. Entomoligiska Sallskapet.",,"/h2P7iNCFob6MrtXvZ/0KV0VExqkPzVY","/h2P7iNCFob6MrtXvZ/0KV0VExqkPzVY","Cymindis sp. Looks like C. planipennis in in BYU collection. Body dark rufous with legs and lateral margins of protum and elytra testaceous| shoulder macula not always well defined| intervals of elytral irregularly biserately punctate| elytra truncate| un"
"76f29441-22ba-433b-b90f-f2b2f1ff2d0f","MOAB_006.basePlot.bet","D13","MOAB","MOAB_006","W","2015-07-23","2015-08-06","2015-12-09","2015-12-09","W12PQsnHiUiX9EfqfND2RS1SkPuSXH6z/co+OJrOXKc=","NEON.BET.D13.500168","CICPUN","Cicindela punctulata","species",,"Olivier",,"Pearson, D., C. B. Knisley, and C. J. Kazilek. 2006. A Field Guide to the Tiger Beetles of the United States and Canada: Identification, Natural History, and Distribution of the Cicindelidae. Oxford University Press, New York.",,"/h2P7iNCFob6MrtXvZ/0KV0VExqkPzVY","/h2P7iNCFob6MrtXvZ/0KV0VExqkPzVY",
"e508a2e4-7536-4c9a-9f6a-39cfcfee8558","MOAB_005.basePlot.bet","D13","MOAB","MOAB_005","W","2015-07-23","2015-08-06","2015-12-09","2015-12-09","dErP7UpuKYumuf3kDH7etYO6jq6TewwhW38mjWCVekk=","NEON.BET.D13.500147","CICPUN","Cicindela punctulata","species",,"Olivier",,"Pearson, D., C. B. Knisley, and C. J. Kazilek. 2006. A Field Guide to the Tiger Beetles of the United States and Canada: Identification, Natural History, and Distribution of the Cicindelidae. Oxford University Press, New York.",,"/h2P7iNCFob6MrtXvZ/0KV0VExqkPzVY","/h2P7iNCFob6MrtXvZ/0KV0VExqkPzVY",
"ce9c097f-84ec-40f5-9a91-f94e107b2c7d","MOAB_004.basePlot.bet","D13","MOAB","MOAB_004","W","2015-07-23","2015-08-06","2015-12-09","2015-12-16","5U7Q+xBUPVsr/jfDgdu3KwQeNyvZAoIUboOARWpmRY0=","NEON.BET.D13.500156","CICPUN","Cicindela punctulata","species",,"Olivier",,"Pearson, D., C. B. Knisley, and C. J. Kazilek. 2006. A Field Guide to the Tiger Beetles of the United States and Canada: Identification, Natural History, and Distribution of the Cicindelidae. Oxford University Press, New York.",,"/h2P7iNCFob6MrtXvZ/0KV0VExqkPzVY","/h2P7iNCFob6MrtXvZ/0KV0VExqkPzVY",
"c9c8d826-3d7a-43b2-b820-bc60dbacdf94","MOAB_004.basePlot.bet","D13","MOAB","MOAB_004","W","2015-07-23","2015-08-06","2015-12-09","2015-12-16","5U7Q+xBUPVsr/jfDgdu3KwQeNyvZAoIUboOARWpmRY0=","NEON.BET.D13.500155","CICPUN","Cicindela punctulata","species",,"Olivier",,"Pearson, D., C. B. Knisley, and C. J. Kazilek. 2006. A Field Guide to the Tiger Beetles of the United States and Canada: Identification, Natural History, and Distribution of the Cicindelidae. Oxford University Press, New York.",,"/h2P7iNCFob6MrtXvZ/0KV0VExqkPzVY","/h2P7iNCFob6MrtXvZ/0KV0VExqkPzVY",
"e1e59402-6e5e-44fd-a2b7-867dcf38a5f1","MOAB_001.basePlot.bet","D13","MOAB","MOAB_001","W","2015-07-23","2015-08-06","2015-12-09","2015-12-16","hc7nq0q3kZJXrc+I7AKhBtBW2NT31JMwEktmAxXC3vQ=","NEON.BET.D13.500132","CICPUN","Cicindela punctulata","species",,"Olivier",,"Pearson, D., C. B. Knisley, and C. J. Kazilek. 2006. A Field Guide to the Tiger Beetles of the United States and Canada: Identification, Natural History, and Distribution of the Cicindelidae. Oxford University Press, New York.",,"/h2P7iNCFob6MrtXvZ/0KV0VExqkPzVY","/h2P7iNCFob6MrtXvZ/0KV0VExqkPzVY",
"6fd8386f-a499-449f-8e9a-d9d4724b0bd1","MOAB_001.basePlot.bet","D13","MOAB","MOAB_001","W","2015-07-23","2015-08-06","2015-12-09","2015-12-16","hc7nq0q3kZJXrc+I7AKhBtBW2NT31JMwEktmAxXC3vQ=","NEON.BET.D13.500131","CICPUN","Cicindela punctulata","species",,"Olivier",,"Pearson, D., C. B. Knisley, and C. J. Kazilek. 2006. A Field Guide to the Tiger Beetles of the United States and Canada: Identification, Natural History, and Distribution of the Cicindelidae. Oxford University Press, New York.",,"/h2P7iNCFob6MrtXvZ/0KV0VExqkPzVY","/h2P7iNCFob6MrtXvZ/0KV0VExqkPzVY",
"16726aac-a4c9-4b7d-a73d-8d1aea71bbaa","MOAB_007.basePlot.bet","D13","MOAB","MOAB_007","W","2015-07-23","2015-08-06","2015-12-09","2015-12-09","KUrFeqpu9Dt8faGCZrnLWdJlGlDLyrqS4pUqEJfAtRs=","NEON.BET.D13.500154","HARRET","Harpalus retractus","species","cf. species","LeConte",,"Lindroth, C. H. 1969. The ground-beetles (Carabidae, excl. Cicindelinae) of Canada and Alaska, parts 1-6. Opuscula E. Entomoligiska Sallskapet.",,"/h2P7iNCFob6MrtXvZ/0KV0VExqkPzVY","/h2P7iNCFob6MrtXvZ/0KV0VExqkPzVY",
"9e211f2b-61b7-42ff-ab9e-16586ca4b42f","MOAB_003.basePlot.bet","D13","MOAB","MOAB_003","E","2015-07-23","2015-08-06","2015-12-09","2015-12-09","IyUvclCcKUa8uaeinCAlgvEx/JJGGSutV8mQX4dlB3U=","NEON.BET.D13.500165","PSESP7","Pseudomorpha sp.","genus","cf. genus","Kirby",,"Arnett Jr., R. H., and M. C. Thomas. 2001. American Beetles Archosemata, Myxophaga, Adephaga, Polyphaga: Staphyliniformia. 1st Vol. (C. Press, Ed.). 1st Ed. Boca Raton, FL.",,"/h2P7iNCFob6MrtXvZ/0KV0VExqkPzVY","/h2P7iNCFob6MrtXvZ/0KV0VExqkPzVY","identified as Pseudomorpha sp."
"091dc8ed-25a3-4331-b50d-9238167e1104","MOAB_002.basePlot.bet","D13","MOAB","MOAB_002","N","2015-08-06","2015-08-20","2015-12-10","2015-12-10","dDZSo11Zohb4F7SqqYXHIePG7+B0eRusGyKCbnWV5HE=","NEON.BET.D13.500200","CICPUL","Cicindela pulchra","species",,"Say",,"Pearson, D., C. B. Knisley, and C. J. Kazilek. 2006. A Field Guide to the Tiger Beetles of the United States and Canada: Identification, Natural History, and Distribution of the Cicindelidae. Oxford University Press, New York.",,"/h2P7iNCFob6MrtXvZ/0KV0VExqkPzVY","/h2P7iNCFob6MrtXvZ/0KV0VExqkPzVY",
"fb20e10d-4909-46ad-a490-5200c0d9ea94","MOAB_001.basePlot.bet","D13","MOAB","MOAB_001","E","2015-08-06","2015-08-20","2015-12-10","2015-12-10","hc7nq0q3kZJNrue+OSZL67l1Sx2+xWcubdKlV097Uz4=","NEON.BET.D13.500179","CICPUN","Cicindela punctulata","species",,"Olivier",,"Pearson, D., C. B. Knisley, and C. J. Kazilek. 2006. A Field Guide to the Tiger Beetles of the United States and Canada: Identification, Natural History, and Distribution of the Cicindelidae. Oxford University Press, New York.",,"/h2P7iNCFob6MrtXvZ/0KV0VExqkPzVY","/h2P7iNCFob6MrtXvZ/0KV0VExqkPzVY",
"215217ff-0512-419b-82f6-859a923aa218","MOAB_002.basePlot.bet","D13","MOAB","MOAB_002","N","2015-08-06","2015-08-20","2015-12-10","2015-12-10","dDZSo11Zohb4F7SqqYXHIePG7+B0eRusLMNpgc5nQSg=","NEON.BET.D13.500202","CICPUN","Cicindela punctulata","species",,"Olivier",,"Pearson, D., C. B. Knisley, and C. J. Kazilek. 2006. A Field Guide to the Tiger Beetles of the United States and Canada: Identification, Natural History, and Distribution of the Cicindelidae. Oxford University Press, New York.",,"/h2P7iNCFob6MrtXvZ/0KV0VExqkPzVY","/h2P7iNCFob6MrtXvZ/0KV0VExqkPzVY",
"b81d333b-c8de-462d-83b4-22be9e105707","MOAB_002.basePlot.bet","D13","MOAB","MOAB_002","N","2015-08-06","2015-08-20","2015-12-10","2015-12-10","dDZSo11Zohb4F7SqqYXHIePG7+B0eRusLMNpgc5nQSg=","NEON.BET.D13.500203","CICPUN","Cicindela punctulata","species",,"Olivier",,"Pearson, D., C. B. Knisley, and C. J. Kazilek. 2006. A Field Guide to the Tiger Beetles of the United States and Canada: Identification, Natural History, and Distribution of the Cicindelidae. Oxford University Press, New York.",,"/h2P7iNCFob6MrtXvZ/0KV0VExqkPzVY","/h2P7iNCFob6MrtXvZ/0KV0VExqkPzVY",
"82e239f2-8b58-4647-8f39-e3fd6fa0c481","MOAB_002.basePlot.bet","D13","MOAB","MOAB_002","N","2015-08-06","2015-08-20","2015-12-10","2015-12-10","dDZSo11Zohb4F7SqqYXHIXRBuOJnaC4lc9TpT5JHVZQ=","NEON.BET.D13.500201","HARCOR","Harpalus cordatus","species","cf. species","LeConte",,"Arnett Jr., R. H., and M. C. Thomas. 2001. American Beetles Archosemata, Myxophaga, Adephaga, Polyphaga: Staphyliniformia. 1st Vol. (C. Press, Ed.). 1st Ed. Boca Raton, FL.",,"/h2P7iNCFob6MrtXvZ/0KV0VExqkPzVY","/h2P7iNCFob6MrtXvZ/0KV0VExqkPzVY",
"d8d52805-603d-4175-8afa-7240bca7e356","MOAB_002.basePlot.bet","D13","MOAB","MOAB_002","E","2015-08-06","2015-08-20","2015-12-10","2015-12-10","dDZSo11ZohYgxfVamv0+qGml0sC0rPrW/yboc2ibciQ=","NEON.BET.D13.500206","CICPUN","Cicindela punctulata","species",,"Olivier",,"Pearson, D., C. B. Knisley, and C. J. Kazilek. 2006. A Field Guide to the Tiger Beetles of the United States and Canada: Identification, Natural History, and Distribution of the Cicindelidae. Oxford University Press, New York.",,"/h2P7iNCFob6MrtXvZ/0KV0VExqkPzVY","/h2P7iNCFob6MrtXvZ/0KV0VExqkPzVY",
"5bbd2873-cec0-494f-8cdc-7be33cda610e","MOAB_006.basePlot.bet","D13","MOAB","MOAB_006","E","2015-08-06","2015-08-20","2015-12-10","2015-12-10","W12PQsnHiUgp8HIXP91Iw8K88swb16ICbTHPOH3L49U=","NEON.BET.D13.500219","CICPUN","Cicindela punctulata","species",,"Olivier",,"Pearson, D., C. B. Knisley, and C. J. Kazilek. 2006. A Field Guide to the Tiger Beetles of the United States and Canada: Identification, Natural History, and Distribution of the Cicindelidae. Oxford University Press, New York.",,"/h2P7iNCFob6MrtXvZ/0KV0VExqkPzVY","/h2P7iNCFob6MrtXvZ/0KV0VExqkPzVY",
"1f1eeac6-42ad-4394-b1b2-5597f0eed522","MOAB_004.basePlot.bet","D13","MOAB","MOAB_004","E","2015-08-06","2015-08-20","2015-12-10","2015-12-10","5U7Q+xBUPVsSDJOcrxTU0U35ghHtCXgg+bBtDvXindc=","NEON.BET.D13.500196","CICPUN","Cicindela punctulata","species",,"Olivier",,"Pearson, D., C. B. Knisley, and C. J. Kazilek. 2006. A Field Guide to the Tiger Beetles of the United States and Canada: Identification, Natural History, and Distribution of the Cicindelidae. Oxford University Press, New York.",,"/h2P7iNCFob6MrtXvZ/0KV0VExqkPzVY","/h2P7iNCFob6MrtXvZ/0KV0VExqkPzVY",
"7a7bda1d-8ec3-4f88-ac5a-600eb1e82c7c","MOAB_006.basePlot.bet","D13","MOAB","MOAB_006","E","2015-08-06","2015-08-20","2015-12-10","2015-12-10","W12PQsnHiUgp8HIXP91Iw8K88swb16ICbTHPOH3L49U=","NEON.BET.D13.500220","CICPUN","Cicindela punctulata","species",,"Olivier",,"Pearson, D., C. B. Knisley, and C. J. Kazilek. 2006. A Field Guide to the Tiger Beetles of the United States and Canada: Identification, Natural History, and Distribution of the Cicindelidae. Oxford University Press, New York.",,"/h2P7iNCFob6MrtXvZ/0KV0VExqkPzVY","/h2P7iNCFob6MrtXvZ/0KV0VExqkPzVY",
"8a0d69a7-117a-4d44-a12a-d21431e7afd9","MOAB_001.basePlot.bet","D13","MOAB","MOAB_001","E","2015-08-06","2015-08-20","2015-12-10","2015-12-10","hc7nq0q3kZJNrue+OSZL67l1Sx2+xWcubdKlV097Uz4=","NEON.BET.D13.500178","CICPUN","Cicindela punctulata","species",,"Olivier",,"Pearson, D., C. B. Knisley, and C. J. Kazilek. 2006. A Field Guide to the Tiger Beetles of the United States and Canada: Identification, Natural History, and Distribution of the Cicindelidae. Oxford University Press, New York.",,"/h2P7iNCFob6MrtXvZ/0KV0VExqkPzVY","/h2P7iNCFob6MrtXvZ/0KV0VExqkPzVY",
"71153e4f-9f60-4184-866f-fd49557c9478","MOAB_005.basePlot.bet","D13","MOAB","MOAB_005","N","2015-08-06","2015-08-20","2015-12-10","2015-12-10","dErP7UpuKYsG5DJNuEWuRFhX+tOTC2Z5lPtMXRLUKJw=","NEON.BET.D13.500181","CICPUN","Cicindela punctulata","species",,"Olivier",,"Pearson, D., C. B. Knisley, and C. J. Kazilek. 2006. A Field Guide to the Tiger Beetles of the United States and Canada: Identification, Natural History, and Distribution of the Cicindelidae. Oxford University Press, New York.",,"/h2P7iNCFob6MrtXvZ/0KV0VExqkPzVY","/h2P7iNCFob6MrtXvZ/0KV0VExqkPzVY",
"65202ee0-9064-4dce-96e7-5e0ca818ca70","MOAB_005.basePlot.bet","D13","MOAB","MOAB_005","N","2015-08-06","2015-08-20","2015-12-10","2015-12-10","dErP7UpuKYsG5DJNuEWuRFhX+tOTC2Z5lPtMXRLUKJw=","NEON.BET.D13.500182","CICPUN","Cicindela punctulata","species",,"Olivier",,"Pearson, D., C. B. Knisley, and C. J. Kazilek. 2006. A Field Guide to the Tiger Beetles of the United States and Canada: Identification, Natural History, and Distribution of the Cicindelidae. Oxford University Press, New York.",,"/h2P7iNCFob6MrtXvZ/0KV0VExqkPzVY","/h2P7iNCFob6MrtXvZ/0KV0VExqkPzVY",
"518961df-3669-483f-89ff-a62f42f0b1e2","MOAB_009.basePlot.bet","D13","MOAB","MOAB_009","N","2015-08-06","2015-08-20","2015-12-10","2015-12-10","r113m7c7xtxY5lRXoG0jkjuUx/uPmY/bn5XDgNsWwTY=","NEON.BET.D13.500216","CICPUN","Cicindela punctulata","species",,"Olivier",,"Pearson, D., C. B. Knisley, and C. J. Kazilek. 2006. A Field Guide to the Tiger Beetles of the United States and Canada: Identification, Natural History, and Distribution of the Cicindelidae. Oxford University Press, New York.",,"/h2P7iNCFob6MrtXvZ/0KV0VExqkPzVY","/h2P7iNCFob6MrtXvZ/0KV0VExqkPzVY",
"484525d2-85e9-4000-97ef-5b4f4f552685","MOAB_009.basePlot.bet","D13","MOAB","MOAB_009","N","2015-08-06","2015-08-20","2015-12-10","2015-12-10","r113m7c7xtxY5lRXoG0jkjuUx/uPmY/bn5XDgNsWwTY=","NEON.BET.D13.500215","CICPUN","Cicindela punctulata","species",,"Olivier",,"Pearson, D., C. B. Knisley, and C. J. Kazilek. 2006. A Field Guide to the Tiger Beetles of the United States and Canada: Identification, Natural History, and Distribution of the Cicindelidae. Oxford University Press, New York.",,"/h2P7iNCFob6MrtXvZ/0KV0VExqkPzVY","/h2P7iNCFob6MrtXvZ/0KV0VExqkPzVY",
"07b55f79-41a4-43e9-a158-38b36bb2697f","MOAB_001.basePlot.bet","D13","MOAB","MOAB_001","N","2015-08-06","2015-08-20","2015-12-10","2015-12-10","hc7nq0q3kZKdApCXVXaqWXMB7wdJzn2Rr/0eTL/ndyA=","NEON.BET.D13.500173","CICPUN","Cicindela punctulata","species",,"Olivier",,"Pearson, D., C. B. Knisley, and C. J. Kazilek. 2006. A Field Guide to the Tiger Beetles of the United States and Canada: Identification, Natural History, and Distribution of the Cicindelidae. Oxford University Press, New York.",,"/h2P7iNCFob6MrtXvZ/0KV0VExqkPzVY","/h2P7iNCFob6MrtXvZ/0KV0VExqkPzVY",
"67aa702a-84c4-4a6b-93cf-839806527654","MOAB_007.basePlot.bet","D13","MOAB","MOAB_007","N","2015-08-06","2015-08-20","2015-12-10","2015-12-10","KUrFeqpu9DsyE1EkU+ED2FK/N2wT8/Zc+u3PaTiifV0=","NEON.BET.D13.500189","CARSP14","Carabidae sp.","family",,"Latreille","D13.2015.MorphZE","Arnett Jr., R. H., and M. C. Thomas. 2001. American Beetles Archosemata, Myxophaga, Adephaga, Polyphaga: Staphyliniformia. 1st Vol. (C. Press, Ed.). 1st Ed. Boca Raton, FL.",,"/h2P7iNCFob6MrtXvZ/0KV0VExqkPzVY","/h2P7iNCFob6MrtXvZ/0KV0VExqkPzVY","Cymindis sp. Looks like C. planipennis in in BYU collection. Body dark rufous with legs and lateral margins of protum and elytra testaceous| shoulder macula not always well defined| intervals of elytral irregularly biserately punctate| elytra truncate| un"
"2c3eb66e-c942-40f8-9d91-03f8f879fdfe","MOAB_007.basePlot.bet","D13","MOAB","MOAB_007","N","2015-08-06","2015-08-20","2015-12-10","2015-12-10","KUrFeqpu9DsyE1EkU+ED2FK/N2wT8/Zc+u3PaTiifV0=","NEON.BET.D13.500188","CARSP14","Carabidae sp.","family",,"Latreille","D13.2015.MorphZE","Arnett Jr., R. H., and M. C. Thomas. 2001. American Beetles Archosemata, Myxophaga, Adephaga, Polyphaga: Staphyliniformia. 1st Vol. (C. Press, Ed.). 1st Ed. Boca Raton, FL.",,"/h2P7iNCFob6MrtXvZ/0KV0VExqkPzVY","/h2P7iNCFob6MrtXvZ/0KV0VExqkPzVY","Cymindis sp. Looks like C. planipennis in in BYU collection. Body dark rufous with legs and lateral margins of protum and elytra testaceous| shoulder macula not always well defined| intervals of elytral irregularly biserately punctate| elytra truncate| un"
"4e03a352-8feb-4ba1-a660-02429e45ac40","MOAB_007.basePlot.bet","D13","MOAB","MOAB_007","N","2015-08-06","2015-08-20","2015-12-10","2015-12-10","KUrFeqpu9DsyE1EkU+ED2FK/N2wT8/Zc+u3PaTiifV0=","NEON.BET.D13.500192","HARDES","Harpalus desertus","species","cf. species","LeConte",,"Arnett Jr., R. H., and M. C. Thomas. 2001. American Beetles Archosemata, Myxophaga, Adephaga, Polyphaga: Staphyliniformia. 1st Vol. (C. Press, Ed.). 1st Ed. Boca Raton, FL.",,"/h2P7iNCFob6MrtXvZ/0KV0VExqkPzVY","/h2P7iNCFob6MrtXvZ/0KV0VExqkPzVY",
"d63a6604-9179-4a80-8453-c7ecb438f47b","MOAB_001.basePlot.bet","D13","MOAB","MOAB_001","N","2015-08-06","2015-08-20","2015-12-10","2015-12-10","hc7nq0q3kZKdApCXVXaqWXMB7wdJzn2Rr/0eTL/ndyA=","NEON.BET.D13.500172","CICPUN","Cicindela punctulata","species",,"Olivier",,"Pearson, D., C. B. Knisley, and C. J. Kazilek. 2006. A Field Guide to the Tiger Beetles of the United States and Canada: Identification, Natural History, and Distribution of the Cicindelidae. Oxford University Press, New York.",,"/h2P7iNCFob6MrtXvZ/0KV0VExqkPzVY","/h2P7iNCFob6MrtXvZ/0KV0VExqkPzVY",
"cfecbc47-510f-455b-8437-3a5d7065aab0","MOAB_007.basePlot.bet","D13","MOAB","MOAB_007","N","2015-08-06","2015-08-20","2015-12-10",,"KUrFeqpu9DsyE1EkU+ED2FK/N2wT8/Zc+u3PaTiifV0=","NEON.BET.D13.500191","HARRET","Harpalus retractus","species","cf. species","LeConte",,"Lindroth, C. H. 1969. The ground-beetles (Carabidae, excl. Cicindelinae) of Canada and Alaska, parts 1-6. Opuscula E. Entomoligiska Sallskapet.",,"/h2P7iNCFob6MrtXvZ/0KV0VExqkPzVY","/h2P7iNCFob6MrtXvZ/0KV0VExqkPzVY",
"047c02e8-c928-44a3-93ec-7e165ff235cd","MOAB_010.basePlot.bet","D13","MOAB","MOAB_010","S","2015-08-06","2015-08-20","2015-12-10","2015-12-10","ey84eokAkd7g+RBPrOmApQ2K/uVWdTuPk+lFJbSD+DQ=","NEON.BET.D13.500210","CICPUN","Cicindela punctulata","species",,"Olivier",,"Pearson, D., C. B. Knisley, and C. J. Kazilek. 2006. A Field Guide to the Tiger Beetles of the United States and Canada: Identification, Natural History, and Distribution of the Cicindelidae. Oxford University Press, New York.",,"/h2P7iNCFob6MrtXvZ/0KV0VExqkPzVY","/h2P7iNCFob6MrtXvZ/0KV0VExqkPzVY",
"f78e02b0-bdd1-44dd-90c6-fddd9b122794","MOAB_007.basePlot.bet","D13","MOAB","MOAB_007","N","2015-08-06","2015-08-20","2015-12-10","2015-12-10","KUrFeqpu9DsyE1EkU+ED2FK/N2wT8/Zc+u3PaTiifV0=","NEON.BET.D13.500190","CARSP14","Carabidae sp.","family",,"Latreille","D13.2015.MorphZE","Arnett Jr., R. H., and M. C. Thomas. 2001. American Beetles Archosemata, Myxophaga, Adephaga, Polyphaga: Staphyliniformia. 1st Vol. (C. Press, Ed.). 1st Ed. Boca Raton, FL.",,"/h2P7iNCFob6MrtXvZ/0KV0VExqkPzVY","/h2P7iNCFob6MrtXvZ/0KV0VExqkPzVY","Cymindis sp. Looks like C. planipennis in in BYU collection. Body dark rufous with legs and lateral margins of protum and elytra testaceous| shoulder macula not always well defined| intervals of elytral irregularly biserately punctate| elytra truncate| un"
"966a0155-08fb-411e-acc2-03bcffd4902c","MOAB_010.basePlot.bet","D13","MOAB","MOAB_010","S","2015-08-06","2015-08-20","2015-12-10","2015-12-10","ey84eokAkd7g+RBPrOmAperXT4QZvojLlyP7IdFncLI=","NEON.BET.D13.500209","PIOSET","Piosoma setosum","species",,"LeConte",,"Arnett Jr., R. H., and M. C. Thomas. 2001. American Beetles Archosemata, Myxophaga, Adephaga, Polyphaga: Staphyliniformia. 1st Vol. (C. Press, Ed.). 1st Ed. Boca Raton, FL.",,"/h2P7iNCFob6MrtXvZ/0KV0VExqkPzVY","/h2P7iNCFob6MrtXvZ/0KV0VExqkPzVY",
"851a2840-2b32-48d5-a83f-25ef3f68f777","MOAB_004.basePlot.bet","D13","MOAB","MOAB_004","S","2015-08-06","2015-08-20","2015-12-10","2015-12-10","5U7Q+xBUPVsXIUmWO96tYH77F4plkrtv0Y/X/AQPJPw=","NEON.BET.D13.500195","HARRET","Harpalus retractus","species","cf. species","LeConte",,"Lindroth, C. H. 1969. The ground-beetles (Carabidae, excl. Cicindelinae) of Canada and Alaska, parts 1-6. Opuscula E. Entomoligiska Sallskapet.",,"/h2P7iNCFob6MrtXvZ/0KV0VExqkPzVY","/h2P7iNCFob6MrtXvZ/0KV0VExqkPzVY",
"767ef073-f37f-495d-b284-ddd2d7f4d14b","MOAB_004.basePlot.bet","D13","MOAB","MOAB_004","N","2015-08-06","2015-08-20","2015-12-10","2015-12-10","5U7Q+xBUPVubZFy6L9dNCdyP/geI/ut3ACftlh6uTQY=","NEON.BET.D13.500199","CICPUN","Cicindela punctulata","species",,"Olivier",,"Pearson, D., C. B. Knisley, and C. J. Kazilek. 2006. A Field Guide to the Tiger Beetles of the United States and Canada: Identification, Natural History, and Distribution of the Cicindelidae. Oxford University Press, New York.",,"/h2P7iNCFob6MrtXvZ/0KV0VExqkPzVY","/h2P7iNCFob6MrtXvZ/0KV0VExqkPzVY",
"dc8e13d6-167d-4a69-8ed5-ca11ff2276ca","MOAB_004.basePlot.bet","D13","MOAB","MOAB_004","S","2015-08-06","2015-08-20","2015-12-10","2015-12-10","5U7Q+xBUPVsXIUmWO96tYAs8G1v4V99uCp4T/WtHbCI=","NEON.BET.D13.500194","CICPUN","Cicindela punctulata","species",,"Olivier",,"Pearson, D., C. B. Knisley, and C. J. Kazilek. 2006. A Field Guide to the Tiger Beetles of the United States and Canada: Identification, Natural History, and Distribution of the Cicindelidae. Oxford University Press, New York.",,"/h2P7iNCFob6MrtXvZ/0KV0VExqkPzVY","/h2P7iNCFob6MrtXvZ/0KV0VExqkPzVY",
"1fa02bc4-8ea4-41e8-92e5-35bf27729caa","MOAB_004.basePlot.bet","D13","MOAB","MOAB_004","S","2015-08-06","2015-08-20","2015-12-10","2015-12-10","5U7Q+xBUPVsXIUmWO96tYAs8G1v4V99uCp4T/WtHbCI=","NEON.BET.D13.500193","CICPUN","Cicindela punctulata","species",,"Olivier",,"Pearson, D., C. B. Knisley, and C. J. Kazilek. 2006. A Field Guide to the Tiger Beetles of the United States and Canada: Identification, Natural History, and Distribution of the Cicindelidae. Oxford University Press, New York.",,"/h2P7iNCFob6MrtXvZ/0KV0VExqkPzVY","/h2P7iNCFob6MrtXvZ/0KV0VExqkPzVY",
"d340b298-0a81-4be2-8443-6891268de52a","MOAB_002.basePlot.bet","D13","MOAB","MOAB_002","S","2015-08-06","2015-08-20","2015-12-10","2015-12-10","dDZSo11ZohawgYoIepedwAahV7XHyK3SbWX6EwJkrK0=","NEON.BET.D13.500204","CICPUN","Cicindela punctulata","species",,"Olivier",,"Pearson, D., C. B. Knisley, and C. J. Kazilek. 2006. A Field Guide to the Tiger Beetles of the United States and Canada: Identification, Natural History, and Distribution of the Cicindelidae. Oxford University Press, New York.",,"/h2P7iNCFob6MrtXvZ/0KV0VExqkPzVY","/h2P7iNCFob6MrtXvZ/0KV0VExqkPzVY",
"ea2fcf64-2b68-46d0-b76b-f6a3eb64b731","MOAB_002.basePlot.bet","D13","MOAB","MOAB_002","S","2015-08-06","2015-08-20","2015-12-10","2015-12-10","dDZSo11ZohawgYoIepedwAahV7XHyK3SbWX6EwJkrK0=","NEON.BET.D13.500205","CICPUN","Cicindela punctulata","species",,"Olivier",,"Pearson, D., C. B. Knisley, and C. J. Kazilek. 2006. A Field Guide to the Tiger Beetles of the United States and Canada: Identification, Natural History, and Distribution of the Cicindelidae. Oxford University Press, New York.",,"/h2P7iNCFob6MrtXvZ/0KV0VExqkPzVY","/h2P7iNCFob6MrtXvZ/0KV0VExqkPzVY",
"26f4f70f-256a-4a6e-9284-b85d202f7122","MOAB_001.basePlot.bet","D13","MOAB","MOAB_001","S","2015-08-06","2015-08-20","2015-12-10","2015-12-10","hc7nq0q3kZJpnnQ2oAownAMEaaX/kzC1St+ninImSLU=","NEON.BET.D13.500174","CICPUN","Cicindela punctulata","species",,"Olivier",,"Pearson, D., C. B. Knisley, and C. J. Kazilek. 2006. A Field Guide to the Tiger Beetles of the United States and Canada: Identification, Natural History, and Distribution of the Cicindelidae. Oxford University Press, New York.",,"/h2P7iNCFob6MrtXvZ/0KV0VExqkPzVY","/h2P7iNCFob6MrtXvZ/0KV0VExqkPzVY",
"3eae9d42-87a5-4c77-a3b0-1692baa252de","MOAB_001.basePlot.bet","D13","MOAB","MOAB_001","S","2015-08-06","2015-08-20","2015-12-10","2015-12-10","hc7nq0q3kZJpnnQ2oAownAMEaaX/kzC1St+ninImSLU=","NEON.BET.D13.500175","CICPUN","Cicindela punctulata","species",,"Olivier",,"Pearson, D., C. B. Knisley, and C. J. Kazilek. 2006. A Field Guide to the Tiger Beetles of the United States and Canada: Identification, Natural History, and Distribution of the Cicindelidae. Oxford University Press, New York.",,"/h2P7iNCFob6MrtXvZ/0KV0VExqkPzVY","/h2P7iNCFob6MrtXvZ/0KV0VExqkPzVY",
"094a2820-0be3-4743-98e0-6f7418a43c57","MOAB_005.basePlot.bet","D13","MOAB","MOAB_005","S","2015-08-06","2015-08-20","2015-12-10","2015-12-10","dErP7UpuKYu0BOno+Bn5qSlKKOTtdYGO22a7ZuMYAlo=","NEON.BET.D13.500185","CICPUN","Cicindela punctulata","species",,"Olivier",,"Pearson, D., C. B. Knisley, and C. J. Kazilek. 2006. A Field Guide to the Tiger Beetles of the United States and Canada: Identification, Natural History, and Distribution of the Cicindelidae. Oxford University Press, New York.",,"/h2P7iNCFob6MrtXvZ/0KV0VExqkPzVY","/h2P7iNCFob6MrtXvZ/0KV0VExqkPzVY",
"329864fd-2d4b-4f94-aa7d-863fbdabeed4","MOAB_006.basePlot.bet","D13","MOAB","MOAB_006","W","2015-08-06","2015-08-20","2015-12-10","2015-12-10","W12PQsnHiUiX9EfqfND2RUxpclpEkbkM++0CghyKVXc=","NEON.BET.D13.500218","CICPUN","Cicindela punctulata","species",,"Olivier",,"Pearson, D., C. B. Knisley, and C. J. Kazilek. 2006. A Field Guide to the Tiger Beetles of the United States and Canada: Identification, Natural History, and Distribution of the Cicindelidae. Oxford University Press, New York.",,"/h2P7iNCFob6MrtXvZ/0KV0VExqkPzVY","/h2P7iNCFob6MrtXvZ/0KV0VExqkPzVY",
"8a3077ed-2962-4b17-bca0-f44a5b701396","MOAB_005.basePlot.bet","D13","MOAB","MOAB_005","S","2015-08-06","2015-08-20","2015-12-10","2015-12-10","dErP7UpuKYu0BOno+Bn5qSlKKOTtdYGO22a7ZuMYAlo=","NEON.BET.D13.500186","CICPUN","Cicindela punctulata","species",,"Olivier",,"Pearson, D., C. B. Knisley, and C. J. Kazilek. 2006. A Field Guide to the Tiger Beetles of the United States and Canada: Identification, Natural History, and Distribution of the Cicindelidae. Oxford University Press, New York.",,"/h2P7iNCFob6MrtXvZ/0KV0VExqkPzVY","/h2P7iNCFob6MrtXvZ/0KV0VExqkPzVY",
"98cacfd5-326d-414b-bb6e-de0146f28c7f","MOAB_006.basePlot.bet","D13","MOAB","MOAB_006","W","2015-08-06","2015-08-20","2015-12-10","2015-12-10","W12PQsnHiUiX9EfqfND2RUxpclpEkbkM++0CghyKVXc=","NEON.BET.D13.500217","CICPUN","Cicindela punctulata","species",,"Olivier",,"Pearson, D., C. B. Knisley, and C. J. Kazilek. 2006. A Field Guide to the Tiger Beetles of the United States and Canada: Identification, Natural History, and Distribution of the Cicindelidae. Oxford University Press, New York.",,"/h2P7iNCFob6MrtXvZ/0KV0VExqkPzVY","/h2P7iNCFob6MrtXvZ/0KV0VExqkPzVY",
"fbcb4a22-ee69-4166-9150-99a9a52d6ed1","MOAB_005.basePlot.bet","D13","MOAB","MOAB_005","W","2015-08-06","2015-08-20","2015-12-10","2015-12-10","dErP7UpuKYumuf3kDH7etUI/hO3zpkDC514oYk475y8=","NEON.BET.D13.500184","CICPUN","Cicindela punctulata","species",,"Olivier",,"Pearson, D., C. B. Knisley, and C. J. Kazilek. 2006. A Field Guide to the Tiger Beetles of the United States and Canada: Identification, Natural History, and Distribution of the Cicindelidae. Oxford University Press, New York.",,"/h2P7iNCFob6MrtXvZ/0KV0VExqkPzVY","/h2P7iNCFob6MrtXvZ/0KV0VExqkPzVY",
"c33402bd-6c8f-42fa-8438-c5cb8880acfa","MOAB_004.basePlot.bet","D13","MOAB","MOAB_004","W","2015-08-06","2015-08-20","2015-12-10","2015-12-10","5U7Q+xBUPVsr/jfDgdu3K7pWY9Db5IM25EXsUE8l33k=","NEON.BET.D13.500197","CICPUN","Cicindela punctulata","species",,"Olivier",,"Pearson, D., C. B. Knisley, and C. J. Kazilek. 2006. A Field Guide to the Tiger Beetles of the United States and Canada: Identification, Natural History, and Distribution of the Cicindelidae. Oxford University Press, New York.",,"/h2P7iNCFob6MrtXvZ/0KV0VExqkPzVY","/h2P7iNCFob6MrtXvZ/0KV0VExqkPzVY",
"eb606d5b-47ab-45e2-9eec-0a0adb4fa639","MOAB_004.basePlot.bet","D13","MOAB","MOAB_004","W","2015-08-06","2015-08-20","2015-12-10","2015-12-10","5U7Q+xBUPVsr/jfDgdu3K7pWY9Db5IM25EXsUE8l33k=","NEON.BET.D13.500198","CICPUN","Cicindela punctulata","species",,"Olivier",,"Pearson, D., C. B. Knisley, and C. J. Kazilek. 2006. A Field Guide to the Tiger Beetles of the United States and Canada: Identification, Natural History, and Distribution of the Cicindelidae. Oxford University Press, New York.",,"/h2P7iNCFob6MrtXvZ/0KV0VExqkPzVY","/h2P7iNCFob6MrtXvZ/0KV0VExqkPzVY",
"a577e571-ac7b-4dac-a709-e2fbb2eeaf6b","MOAB_007.basePlot.bet","D13","MOAB","MOAB_007","W","2015-08-06","2015-08-20","2015-12-10","2015-12-10","KUrFeqpu9Dt8faGCZrnLWfwlyZNTdddx3lPRHEuixAw=","NEON.BET.D13.500187","CARSP14","Carabidae sp.","family",,"Latreille","D13.2015.MorphZE","Arnett Jr., R. H., and M. C. Thomas. 2001. American Beetles Archosemata, Myxophaga, Adephaga, Polyphaga: Staphyliniformia. 1st Vol. (C. Press, Ed.). 1st Ed. Boca Raton, FL.",,"/h2P7iNCFob6MrtXvZ/0KV0VExqkPzVY","/h2P7iNCFob6MrtXvZ/0KV0VExqkPzVY","Cymindis sp. Looks like C. planipennis in in BYU collection. Body dark rufous with legs and lateral margins of protum and elytra testaceous| shoulder macula not always well defined| intervals of elytral irregularly biserately punctate| elytra truncate| un"
"b9b2b32f-bc3f-4ef7-9f46-d14660dd43e4","MOAB_010.basePlot.bet","D13","MOAB","MOAB_010","W","2015-08-06","2015-08-20","2015-12-10","2015-12-10","ey84eokAkd5Cp0DFClsYDgCfXAG5Q9E3DNF6OgW0IoU=","NEON.BET.D13.500212","CARSP14","Carabidae sp.","family",,"Latreille","D13.2015.MorphZG","Lindroth, C. H. 1969. The ground-beetles (Carabidae, excl. Cicindelinae) of Canada and Alaska, parts 1-6. Opuscula E. Entomoligiska Sallskapet.",,"/h2P7iNCFob6MrtXvZ/0KV0VExqkPzVY","/h2P7iNCFob6MrtXvZ/0KV0VExqkPzVY","Harpalus sp. Possibly sub-genus Glanodes. Elytron with row of punctures near apex in intervals 2, 5, 7. Protonum markedly constricted posteriorily with obtuse posterio-lateral angles| up to 10 setae on posterior margin of hind femur."
"a22e90b2-5a1e-4dac-a448-f0ea1678b16b","MOAB_009.basePlot.bet","D13","MOAB","MOAB_009","W","2015-08-06","2015-08-20","2015-12-10","2015-12-10","r113m7c7xtw25pJDxhdj2N+jj+IfMyRAnunUQYv3hnc=","NEON.BET.D13.500214","CICPUN","Cicindela punctulata","species",,"Olivier",,"Pearson, D., C. B. Knisley, and C. J. Kazilek. 2006. A Field Guide to the Tiger Beetles of the United States and Canada: Identification, Natural History, and Distribution of the Cicindelidae. Oxford University Press, New York.",,"/h2P7iNCFob6MrtXvZ/0KV0VExqkPzVY","/h2P7iNCFob6MrtXvZ/0KV0VExqkPzVY",
"42ff7282-269d-4135-9281-96f5d8bf2c20","MOAB_009.basePlot.bet","D13","MOAB","MOAB_009","W","2015-08-06","2015-08-20","2015-12-10","2015-12-10","r113m7c7xtw25pJDxhdj2N+jj+IfMyRAnunUQYv3hnc=","NEON.BET.D13.500213","CICPUN","Cicindela punctulata","species",,"Olivier",,"Pearson, D., C. B. Knisley, and C. J. Kazilek. 2006. A Field Guide to the Tiger Beetles of the United States and Canada: Identification, Natural History, and Distribution of the Cicindelidae. Oxford University Press, New York.",,"/h2P7iNCFob6MrtXvZ/0KV0VExqkPzVY","/h2P7iNCFob6MrtXvZ/0KV0VExqkPzVY",
"baa630a1-7c41-4a75-8f0d-ebf0d9040218","MOAB_005.basePlot.bet","D13","MOAB","MOAB_005","W","2015-08-06","2015-08-20","2015-12-10","2015-12-10","dErP7UpuKYumuf3kDH7etUI/hO3zpkDC514oYk475y8=","NEON.BET.D13.500183","CICPUN","Cicindela punctulata","species",,"Olivier",,"Pearson, D., C. B. Knisley, and C. J. Kazilek. 2006. A Field Guide to the Tiger Beetles of the United States and Canada: Identification, Natural History, and Distribution of the Cicindelidae. Oxford University Press, New York.",,"/h2P7iNCFob6MrtXvZ/0KV0VExqkPzVY","/h2P7iNCFob6MrtXvZ/0KV0VExqkPzVY",
"762583d8-06a2-4212-ac58-fa4196390dbf","MOAB_002.basePlot.bet","D13","MOAB","MOAB_002","W","2015-08-06","2015-08-20","2015-12-10","2015-12-10","dDZSo11ZohZrMC7gZYpV7h+jua5qG81MqcaSXfsoANs=","NEON.BET.D13.500207","CICPUN","Cicindela punctulata","species",,"Olivier",,"Pearson, D., C. B. Knisley, and C. J. Kazilek. 2006. A Field Guide to the Tiger Beetles of the United States and Canada: Identification, Natural History, and Distribution of the Cicindelidae. Oxford University Press, New York.",,"/h2P7iNCFob6MrtXvZ/0KV0VExqkPzVY","/h2P7iNCFob6MrtXvZ/0KV0VExqkPzVY",
"3a432a29-9a7d-4e90-a7a7-41a5b67913f8","MOAB_002.basePlot.bet","D13","MOAB","MOAB_002","W","2015-08-06","2015-08-20","2015-12-10","2015-12-10","dDZSo11ZohZrMC7gZYpV7h+jua5qG81MqcaSXfsoANs=","NEON.BET.D13.500208","CICPUN","Cicindela punctulata","species",,"Olivier",,"Pearson, D., C. B. Knisley, and C. J. Kazilek. 2006. A Field Guide to the Tiger Beetles of the United States and Canada: Identification, Natural History, and Distribution of the Cicindelidae. Oxford University Press, New York.",,"/h2P7iNCFob6MrtXvZ/0KV0VExqkPzVY","/h2P7iNCFob6MrtXvZ/0KV0VExqkPzVY",
"641b58e1-d8ee-4948-be0f-8924bde2a00b","MOAB_001.basePlot.bet","D13","MOAB","MOAB_001","W","2015-08-06","2015-08-20","2015-12-10","2015-12-10","hc7nq0q3kZJXrc+I7AKhBnMQTbdq2gsYLZTNmZOCunA=","NEON.BET.D13.500176","CICPUN","Cicindela punctulata","species",,"Olivier",,"Pearson, D., C. B. Knisley, and C. J. Kazilek. 2006. A Field Guide to the Tiger Beetles of the United States and Canada: Identification, Natural History, and Distribution of the Cicindelidae. Oxford University Press, New York.",,"/h2P7iNCFob6MrtXvZ/0KV0VExqkPzVY","/h2P7iNCFob6MrtXvZ/0KV0VExqkPzVY",
"eb857195-95c8-4c0a-8093-bf9ebd8a7c8f","MOAB_001.basePlot.bet","D13","MOAB","MOAB_001","W","2015-08-06","2015-08-20","2015-12-10","2015-12-10","hc7nq0q3kZJXrc+I7AKhBnMQTbdq2gsYLZTNmZOCunA=","NEON.BET.D13.500177","CICPUN","Cicindela punctulata","species",,"Olivier",,"Pearson, D., C. B. Knisley, and C. J. Kazilek. 2006. A Field Guide to the Tiger Beetles of the United States and Canada: Identification, Natural History, and Distribution of the Cicindelidae. Oxford University Press, New York.",,"/h2P7iNCFob6MrtXvZ/0KV0VExqkPzVY","/h2P7iNCFob6MrtXvZ/0KV0VExqkPzVY",
