uid,namedLocation,domainID,siteID,plotID,trapID,setDate,collectDate,processingDate,etOHChangeDate,identifiedDate,sampleID,subsampleID,sampleType,taxonID,scientificName,taxonRank,identificationQualifier,scientificNameAuthorship,morphospeciesID,individualCount,identificationReferences,identifiedBy,recordedBy,remarks
"df67a7fb-69b9-444a-ab01-e05a04157491","MOAB_007.basePlot.bet","D13","MOAB","MOAB_007","E","2015-06-25","2015-07-09","2015-07-10","2015-07-21",,"MOAB_007.E.20150709","KUrFeqpu9DtwEQQ6Xed72blcc8m5bkEjJ/+vgFWzabA=","invert bycatch",,,,,,,,,,"/h2P7iNCFob6MrtXvZ/0KV0VExqkPzVY",
"37443f0e-423a-4242-9bd8-580783516fe0","MOAB_005.basePlot.bet","D13","MOAB","MOAB_005","W","2015-06-25","2015-07-09","2015-07-10","2015-07-21",,"MOAB_005.W.20150709","dErP7UpuKYumuf3kDH7etbKT5SUZBFZr5Npz+Fz12bc=","invert bycatch",,,,,,,,,,"wGVKqNu5xeXKCqkJVSQ93bpoR9cNPKGrbDACuKYLaxs=",
"9343f6aa-74ff-43f9-90eb-785a2a56f80c","MOAB_002.basePlot.bet","D13","MOAB","MOAB_002","E","2015-06-25","2015-07-09","2015-07-10","2015-07-23",,"MOAB_002.E.20150709","dDZSo11ZohYgxfVamv0+qPz33hyf0i5T/8THUad6Wt0=","invert bycatch",,,,,,,,,,"wGVKqNu5xeXKCqkJVSQ93bpoR9cNPKGrbDACuKYLaxs=",
"5f0fc32b-a3a1-4400-b1bf-43d51cde75c1","MOAB_009.basePlot.bet","D13","MOAB","MOAB_009","E","2015-06-25","2015-07-09","2015-07-10","2015-07-20",,"MOAB_009.E.20150709","r113m7c7xtxtDu0HhaQPvL4aHv0i2MwacO1ppyYMbVU=","invert bycatch",,,,,,,,,,"sJsB6m70TuaHxtA7qiitQO6WnaWveTA5VP8RaQMc8fc=",
"fa81ad16-9e15-42b1-9049-1cd0cf71f870","MOAB_010.basePlot.bet","D13","MOAB","MOAB_010","E","2015-06-25","2015-07-09","2015-07-10","2015-07-20","2015-12-07","MOAB_010.E.20150709","ey84eokAkd7pSJq1KB1AegCGpZCegIgESsU43qATWgo=","carabid","PIOSET","Piosoma setosum","species",,"LeConte",,1,"Arnett Jr., R. H., and M. C. Thomas. 2001. American Beetles Archosemata, Myxophaga, Adephaga, Polyphaga: Staphyliniformia. 1st Vol. (C. Press, Ed.). 1st Ed. Boca Raton, FL.","/h2P7iNCFob6MrtXvZ/0KV0VExqkPzVY","sJsB6m70TuaHxtA7qiitQO6WnaWveTA5VP8RaQMc8fc=","Pinned."
"6d56f8e4-9030-4544-8ed0-e137db245693","MOAB_001.basePlot.bet","D13","MOAB","MOAB_001","E","2015-06-25","2015-07-09","2015-07-10","2015-07-21",,"MOAB_001.E.20150709","hc7nq0q3kZJNrue+OSZL674bP25rs2Io2isd+JJmUc4=","invert bycatch",,,,,,,,,,"/h2P7iNCFob6MrtXvZ/0KV0VExqkPzVY",
"3c3ed700-e7c5-4ed9-940d-babd07d46c8d","MOAB_010.basePlot.bet","D13","MOAB","MOAB_010","E","2015-06-25","2015-07-09","2015-07-10","2015-07-20",,"MOAB_010.E.20150709","ey84eokAkd7pSJq1KB1Aei8Jp3LM9Kgt8aKWmhhMl/Y=","invert bycatch",,,,,,,,,,"sJsB6m70TuaHxtA7qiitQO6WnaWveTA5VP8RaQMc8fc=",
"7be52d94-eb6b-483b-8cc7-0b0fe38901f8","MOAB_003.basePlot.bet","D13","MOAB","MOAB_003","E","2015-06-25","2015-07-09","2015-07-10","2015-07-21",,"MOAB_003.E.20150709","IyUvclCcKUa8uaeinCAlgna1VNNotoQR3ukXBj88Ej0=","invert bycatch",,,,,,,,,,"wGVKqNu5xeXKCqkJVSQ93bpoR9cNPKGrbDACuKYLaxs=",
"339e16b4-1125-4793-92d7-b93705a45f8f","MOAB_004.basePlot.bet","D13","MOAB","MOAB_004","E","2015-06-25","2015-07-09","2015-07-10","2015-07-23","2015-12-08","MOAB_004.E.20150709","5U7Q+xBUPVsSDJOcrxTU0Wdz84d3S6Hvf5NBQAYzaF8=","carabid","HARCOR","Harpalus cordatus","species",,"LeConte",,2,"Arnett Jr., R. H., and M. C. Thomas. 2001. American Beetles Archosemata, Myxophaga, Adephaga, Polyphaga: Staphyliniformia. 1st Vol. (C. Press, Ed.). 1st Ed. Boca Raton, FL.","/h2P7iNCFob6MrtXvZ/0KV0VExqkPzVY","wGVKqNu5xeXKCqkJVSQ93bpoR9cNPKGrbDACuKYLaxs=","all pinned."
"50faa62c-31cb-4710-b703-9694497d64e5","MOAB_006.basePlot.bet","D13","MOAB","MOAB_006","E","2015-06-25","2015-07-09","2015-07-10","2015-07-21",,"MOAB_006.E.20150709","W12PQsnHiUgp8HIXP91IwzxXxN3cX/cKdV/jCLRP9Hg=","invert bycatch",,,,,,,,,,"sJsB6m70TuaHxtA7qiitQO6WnaWveTA5VP8RaQMc8fc=",
"0bde009e-9139-4e74-b792-b4ef4e54f32b","MOAB_005.basePlot.bet","D13","MOAB","MOAB_005","E","2015-06-25","2015-07-09","2015-07-10","2015-07-21",,"MOAB_005.E.20150709","dErP7UpuKYvM0dCOAPuAK6KDLWGG31qTc8BqW1OPrhU=","invert bycatch",,,,,,,,,,"wGVKqNu5xeXKCqkJVSQ93bpoR9cNPKGrbDACuKYLaxs=",
"7c97da47-f963-4324-a64e-a7bd5beb7908","MOAB_004.basePlot.bet","D13","MOAB","MOAB_004","E","2015-06-25","2015-07-09","2015-07-10","2015-07-23","2015-12-08","MOAB_004.E.20150709","5U7Q+xBUPVsSDJOcrxTU0U7emErxvM2ElCc9VvVV3Dw=","carabid","PIOSET","Piosoma setosum","species",,"LeConte",,4,"Arnett Jr., R. H., and M. C. Thomas. 2001. American Beetles Archosemata, Myxophaga, Adephaga, Polyphaga: Staphyliniformia. 1st Vol. (C. Press, Ed.). 1st Ed. Boca Raton, FL.","/h2P7iNCFob6MrtXvZ/0KV0VExqkPzVY","wGVKqNu5xeXKCqkJVSQ93bpoR9cNPKGrbDACuKYLaxs=","all pinned."
"d9a932f8-de6d-4dea-8ab6-5898f1a4a323","MOAB_004.basePlot.bet","D13","MOAB","MOAB_004","E","2015-06-25","2015-07-09","2015-07-10","2015-07-23",,"MOAB_004.E.20150709","5U7Q+xBUPVsSDJOcrxTU0Xa9mCmYBJU6SS6I8nTiY0Y=","invert bycatch",,,,,,,,,,"wGVKqNu5xeXKCqkJVSQ93bpoR9cNPKGrbDACuKYLaxs=",
"55564991-aee8-4a28-8997-5e3b140a3a1b","MOAB_004.basePlot.bet","D13","MOAB","MOAB_004","E","2015-06-25","2015-07-09","2015-07-10","2015-07-23","2015-12-08","MOAB_004.E.20150709","5U7Q+xBUPVsSDJOcrxTU0coq6TLiZlUocKrTiQGq1PQ=","carabid","CICPUN","Cicindela punctulata","species",,"Olivier",,1,"Arnett Jr., R. H., and M. C. Thomas. 2001. American Beetles Archosemata, Myxophaga, Adephaga, Polyphaga: Staphyliniformia. 1st Vol. (C. Press, Ed.). 1st Ed. Boca Raton, FL.","/h2P7iNCFob6MrtXvZ/0KV0VExqkPzVY","wGVKqNu5xeXKCqkJVSQ93bpoR9cNPKGrbDACuKYLaxs=","pinned"
"11f84df2-523f-4790-97f4-72f92d9aac44","MOAB_004.basePlot.bet","D13","MOAB","MOAB_004","N","2015-06-25","2015-07-09","2015-07-10","2015-07-23","2015-12-08","MOAB_004.N.20150709","5U7Q+xBUPVubZFy6L9dNCU3woCoKkZGgJBlPFuVQ/pY=","carabid","PIOSET","Piosoma setosum","species",,"LeConte",,1,"Arnett Jr., R. H., and M. C. Thomas. 2001. American Beetles Archosemata, Myxophaga, Adephaga, Polyphaga: Staphyliniformia. 1st Vol. (C. Press, Ed.). 1st Ed. Boca Raton, FL.","/h2P7iNCFob6MrtXvZ/0KV0VExqkPzVY","wGVKqNu5xeXKCqkJVSQ93bpoR9cNPKGrbDACuKYLaxs=","pinned"
"1f073a72-47ea-4561-acfa-5718be8b3334","MOAB_004.basePlot.bet","D13","MOAB","MOAB_004","N","2015-06-25","2015-07-09","2015-07-10","2015-07-23",,"MOAB_004.N.20150709","5U7Q+xBUPVubZFy6L9dNCa2uRjIEhYBKB9k8Q3ALlVw=","invert bycatch",,,,,,,,,,"wGVKqNu5xeXKCqkJVSQ93bpoR9cNPKGrbDACuKYLaxs=",
"39700e0f-3f24-4aee-9dfa-9e85bf0c043e","MOAB_003.basePlot.bet","D13","MOAB","MOAB_003","N","2015-06-25","2015-07-09","2015-07-10","2015-07-21",,"MOAB_003.N.20150709","IyUvclCcKUbI+jRps7oNrXQtYdL1uiUAVNIVaE8S5bU=","invert bycatch",,,,,,,,,,"wGVKqNu5xeXKCqkJVSQ93bpoR9cNPKGrbDACuKYLaxs=",
"e5088d65-e40b-4d5f-835c-8f75e9e17a89","MOAB_006.basePlot.bet","D13","MOAB","MOAB_006","N","2015-06-25","2015-07-09","2015-07-10","2015-07-21",,"MOAB_006.N.20150709","W12PQsnHiUiovYxBf2LA9+305kLkeRi5BNcDcLhXI/0=","invert bycatch",,,,,,,,,,"sJsB6m70TuaHxtA7qiitQO6WnaWveTA5VP8RaQMc8fc=",
"a531aeb7-e55f-4c33-8589-ffba8faab7d1","MOAB_006.basePlot.bet","D13","MOAB","MOAB_006","N","2015-06-25","2015-07-09","2015-07-10","2015-07-21","2015-12-07","MOAB_006.N.20150709","W12PQsnHiUiovYxBf2LA94S9/mPEup/10VAjuvIVLUE=","carabid","CARSP14","Carabidae sp.","family",,"Latreille","D13.2015.MorphZB",1,"Arnett Jr., R. H., and M. C. Thomas. 2001. American Beetles Archosemata, Myxophaga, Adephaga, Polyphaga: Staphyliniformia. 1st Vol. (C. Press, Ed.). 1st Ed. Boca Raton, FL.","/h2P7iNCFob6MrtXvZ/0KV0VExqkPzVY","sJsB6m70TuaHxtA7qiitQO6WnaWveTA5VP8RaQMc8fc=","Pinned."
"112bec8b-29c3-421a-ba00-44c79150a339","MOAB_005.basePlot.bet","D13","MOAB","MOAB_005","N","2015-06-25","2015-07-09","2015-07-10","2015-07-21",,"MOAB_005.N.20150709","dErP7UpuKYsG5DJNuEWuRPwuwnH6foYvger8JJqu8xA=","invert bycatch",,,,,,,,,,"wGVKqNu5xeXKCqkJVSQ93bpoR9cNPKGrbDACuKYLaxs=",
"db9abeeb-69f7-4529-aaec-0263cdeef765","MOAB_007.basePlot.bet","D13","MOAB","MOAB_007","N","2015-06-25","2015-07-09","2015-07-10","2015-07-21","2015-12-08","MOAB_007.N.20150709","KUrFeqpu9DsyE1EkU+ED2J7uJQ0t0bxNbnj3hUuP67c=","carabid","CARSP14","Carabidae sp.","family",,"Latreille","D13.2015.MorphZE",1,"Lindroth, C. H. 1969. The ground-beetles (Carabidae, excl. Cicindelinae) of Canada and Alaska, parts 1-6. Opuscula E. Entomoligiska Sallskapet.","/h2P7iNCFob6MrtXvZ/0KV0VExqkPzVY","/h2P7iNCFob6MrtXvZ/0KV0VExqkPzVY","Pinned."
"fd5f8313-1fd1-4509-aab1-b062ade4ceff","MOAB_009.basePlot.bet","D13","MOAB","MOAB_009","N","2015-06-25","2015-07-09","2015-07-10","2015-07-20",,"MOAB_009.N.20150709","r113m7c7xtxY5lRXoG0jks9JeHvsHxBaJKD9v5YxtMM=","invert bycatch",,,,,,,,,,"sJsB6m70TuaHxtA7qiitQO6WnaWveTA5VP8RaQMc8fc=",
"74f3600f-121b-4e5e-8995-4b04cecec390","MOAB_010.basePlot.bet","D13","MOAB","MOAB_010","N","2015-06-25","2015-07-09","2015-07-10","2015-07-20","2015-12-07","MOAB_010.N.20150709","ey84eokAkd6i6GieP6/BCtXoDHk3+vQeatbTftFAB+U=","carabid","PIOSET","Piosoma setosum","species",,"LeConte",,1,"Arnett Jr., R. H., and M. C. Thomas. 2001. American Beetles Archosemata, Myxophaga, Adephaga, Polyphaga: Staphyliniformia. 1st Vol. (C. Press, Ed.). 1st Ed. Boca Raton, FL.","/h2P7iNCFob6MrtXvZ/0KV0VExqkPzVY","sJsB6m70TuaHxtA7qiitQO6WnaWveTA5VP8RaQMc8fc=","Pinned."
"b150c95b-a53e-4409-bf22-febb1475d250","MOAB_010.basePlot.bet","D13","MOAB","MOAB_010","N","2015-06-25","2015-07-09","2015-07-10","2015-07-20",,"MOAB_010.N.20150709","ey84eokAkd6i6GieP6/BCtOVhG2KI4Nl8jCgRc2kYX0=","invert bycatch",,,,,,,,,,"sJsB6m70TuaHxtA7qiitQO6WnaWveTA5VP8RaQMc8fc=",
"682fd0b7-92e2-4fd2-8192-be43ddacb5d5","MOAB_001.basePlot.bet","D13","MOAB","MOAB_001","N","2015-06-25","2015-07-09","2015-07-10","2015-07-21",,"MOAB_001.N.20150709","hc7nq0q3kZKdApCXVXaqWRQYm/0BcsDpgXgDt/KDh7w=","invert bycatch",,,,,,,,,,"/h2P7iNCFob6MrtXvZ/0KV0VExqkPzVY",
"569eca2e-d97b-4f49-be32-41b3dac1d60b","MOAB_002.basePlot.bet","D13","MOAB","MOAB_002","N","2015-06-25","2015-07-09","2015-07-10","2015-07-23",,"MOAB_002.N.20150709","dDZSo11Zohb4F7SqqYXHIRh1RPMpcGLa7IsKIMy9hjc=","invert bycatch",,,,,,,,,,"wGVKqNu5xeXKCqkJVSQ93bpoR9cNPKGrbDACuKYLaxs=",
"fbf87534-e43e-4c27-8cf0-c6db92495240","MOAB_007.basePlot.bet","D13","MOAB","MOAB_007","N","2015-06-25","2015-07-09","2015-07-10","2015-07-21",,"MOAB_007.N.20150709","KUrFeqpu9DsyE1EkU+ED2MBc7Nz7yy1w6+zZ2vAu+lI=","invert bycatch",,,,,,,,,,"/h2P7iNCFob6MrtXvZ/0KV0VExqkPzVY",
"aa7faf38-3e20-4f7a-9ca1-64bcb2e6f806","MOAB_003.basePlot.bet","D13","MOAB","MOAB_003","S","2015-06-25","2015-07-09","2015-07-10","2015-07-21",,"MOAB_003.S.20150709","IyUvclCcKUYw8kTM1MpLQhFfVOizkIljIJNgf5Nw4K8=","invert bycatch",,,,,,,,,,"wGVKqNu5xeXKCqkJVSQ93bpoR9cNPKGrbDACuKYLaxs=",
"605fd6f6-8cb0-4f77-96d3-3b7762f966d3","MOAB_004.basePlot.bet","D13","MOAB","MOAB_004","S","2015-06-25","2015-07-09","2015-07-10","2015-07-23",,"MOAB_004.S.20150709","5U7Q+xBUPVsXIUmWO96tYFJm6WkI1rbE3lwq3VOswiA=","invert bycatch",,,,,,,,,,"wGVKqNu5xeXKCqkJVSQ93bpoR9cNPKGrbDACuKYLaxs=",
"3d992d55-79c9-4753-90e4-ee12ae71988d","MOAB_006.basePlot.bet","D13","MOAB","MOAB_006","S","2015-06-25","2015-07-09","2015-07-10","2015-07-21","2015-12-07","MOAB_006.S.20150709","W12PQsnHiUi5avsn7tVLTlRmFOhCvVEm2ZYeBFNW2ss=","carabid","CARSP14","Carabidae sp.","family",,"Latreille","D13.2015.MorphZB",1,"Arnett Jr., R. H., and M. C. Thomas. 2001. American Beetles Archosemata, Myxophaga, Adephaga, Polyphaga: Staphyliniformia. 1st Vol. (C. Press, Ed.). 1st Ed. Boca Raton, FL.","/h2P7iNCFob6MrtXvZ/0KV0VExqkPzVY","sJsB6m70TuaHxtA7qiitQO6WnaWveTA5VP8RaQMc8fc=","Pinned."
"52456e55-d93e-4865-8f41-ade4f2a49e1d","MOAB_010.basePlot.bet","D13","MOAB","MOAB_010","S","2015-06-25","2015-07-09","2015-07-10","2015-07-20",,"MOAB_010.S.20150709","ey84eokAkd7g+RBPrOmApVWqHn0sZkL77OnzdkRHStY=","invert bycatch",,,,,,,,,,"sJsB6m70TuaHxtA7qiitQO6WnaWveTA5VP8RaQMc8fc=",
"35a1064c-a5f7-4d40-b04c-fef0a5dd6d39","MOAB_009.basePlot.bet","D13","MOAB","MOAB_009","S","2015-06-25","2015-07-09","2015-07-10","2015-07-20",,"MOAB_009.S.20150709","r113m7c7xtyAldjOxBbFm/LhAeFBh5ObHcxt+7Yd9qg=","invert bycatch",,,,,,,,,,"sJsB6m70TuaHxtA7qiitQO6WnaWveTA5VP8RaQMc8fc=",
"71d9613e-75da-42a4-973b-f8a7820f003e","MOAB_005.basePlot.bet","D13","MOAB","MOAB_005","S","2015-06-25","2015-07-09","2015-07-10","2015-07-21",,"MOAB_005.S.20150709","dErP7UpuKYu0BOno+Bn5qW0s5sCv2KN5t5uSW1jTxPA=","invert bycatch",,,,,,,,,,"wGVKqNu5xeXKCqkJVSQ93bpoR9cNPKGrbDACuKYLaxs=",
"3bc66ac6-9a97-4da2-a70e-e09e1513d572","MOAB_006.basePlot.bet","D13","MOAB","MOAB_006","S","2015-06-25","2015-07-09","2015-07-10","2015-07-21","2015-12-07","MOAB_006.S.20150709","W12PQsnHiUi5avsn7tVLTm6lnBY0aoqpVDuKGnG4NQQ=","carabid","EURGRO","Euryderus grossus","species",,"Say",,2,"Arnett Jr., R. H., and M. C. Thomas. 2001. American Beetles Archosemata, Myxophaga, Adephaga, Polyphaga: Staphyliniformia. 1st Vol. (C. Press, Ed.). 1st Ed. Boca Raton, FL.","/h2P7iNCFob6MrtXvZ/0KV0VExqkPzVY","sJsB6m70TuaHxtA7qiitQO6WnaWveTA5VP8RaQMc8fc=","Both pinned."
"10f410c9-176d-489b-9609-ba9fb9fe959e","MOAB_007.basePlot.bet","D13","MOAB","MOAB_007","S","2015-06-25","2015-07-09","2015-07-10","2015-07-21",,"MOAB_007.S.20150709","KUrFeqpu9DvtqFzkMB5u82B1wr7+B3doVilxXMT78X0=","invert bycatch",,,,,,,,,,"/h2P7iNCFob6MrtXvZ/0KV0VExqkPzVY",
"c3c0fd2b-f9cf-4b0d-9b58-2ece7d5b2c83","MOAB_010.basePlot.bet","D13","MOAB","MOAB_010","S","2015-06-25","2015-07-09","2015-07-10","2015-07-20","2015-12-07","MOAB_010.S.20150709","ey84eokAkd7g+RBPrOmApSgZ9h3Q0yN4VBh1mYZgdaM=","carabid","EURGRO","Euryderus grossus","species",,"Say",,2,"Arnett Jr., R. H., and M. C. Thomas. 2001. American Beetles Archosemata, Myxophaga, Adephaga, Polyphaga: Staphyliniformia. 1st Vol. (C. Press, Ed.). 1st Ed. Boca Raton, FL.","/h2P7iNCFob6MrtXvZ/0KV0VExqkPzVY","sJsB6m70TuaHxtA7qiitQO6WnaWveTA5VP8RaQMc8fc=","All pinned."
"66569bb0-4c93-4840-a788-1d0b93d6e37b","MOAB_002.basePlot.bet","D13","MOAB","MOAB_002","S","2015-06-25","2015-07-09","2015-07-10","2015-07-23",,"MOAB_002.S.20150709","dDZSo11ZohawgYoIepedwN+PNF4qRnnNHRfeh1B0X6c=","invert bycatch",,,,,,,,,,"wGVKqNu5xeXKCqkJVSQ93bpoR9cNPKGrbDACuKYLaxs=",
"f560f2f8-105d-4485-88a2-1f75338f9b9d","MOAB_010.basePlot.bet","D13","MOAB","MOAB_010","S","2015-06-25","2015-07-09","2015-07-10","2015-07-20","2015-12-07","MOAB_010.S.20150709","ey84eokAkd7g+RBPrOmApZrab27O5+SB7FXbX/OzpZA=","carabid","CICPUN","Cicindela punctulata","species",,"Olivier",,1,"Pearson, D., C. B. Knisley, and C. J. Kazilek. 2006. A Field Guide to the Tiger Beetles of the United States and Canada: Identification, Natural History, and Distribution of the Cicindelidae. Oxford University Press, New York.","/h2P7iNCFob6MrtXvZ/0KV0VExqkPzVY","sJsB6m70TuaHxtA7qiitQO6WnaWveTA5VP8RaQMc8fc=","Pinned."
"b431d40b-d23d-4bc5-b2c0-973a9d12754b","MOAB_001.basePlot.bet","D13","MOAB","MOAB_001","S","2015-06-25","2015-07-09","2015-07-10","2015-07-21",,"MOAB_001.S.20150709","hc7nq0q3kZJpnnQ2oAownAuhAaSdobPe7Kn3I7LQ0k4=","invert bycatch",,,,,,,,,,"/h2P7iNCFob6MrtXvZ/0KV0VExqkPzVY",
"adfb3327-eec4-4609-b836-0763eb02532d","MOAB_006.basePlot.bet","D13","MOAB","MOAB_006","S","2015-06-25","2015-07-09","2015-07-10","2015-07-21","2015-12-07","MOAB_006.S.20150709","W12PQsnHiUi5avsn7tVLTmOIsiKf1n04pVlXNz+TrTg=","carabid","CICPUN","Cicindela punctulata","species",,"Olivier",,1,"Pearson, D., C. B. Knisley, and C. J. Kazilek. 2006. A Field Guide to the Tiger Beetles of the United States and Canada: Identification, Natural History, and Distribution of the Cicindelidae. Oxford University Press, New York.","/h2P7iNCFob6MrtXvZ/0KV0VExqkPzVY","sJsB6m70TuaHxtA7qiitQO6WnaWveTA5VP8RaQMc8fc=","Pinned."
"570ac2ff-e187-490a-99e1-9a465527e09e","MOAB_004.basePlot.bet","D13","MOAB","MOAB_004","S","2015-06-25","2015-07-09","2015-07-10","2015-07-23","2015-12-08","MOAB_004.S.20150709","5U7Q+xBUPVsXIUmWO96tYMCzq/OU0GEpgYmiVRoqeLs=","carabid","PIOSET","Piosoma setosum","species",,"LeConte",,1,"Arnett Jr., R. H., and M. C. Thomas. 2001. American Beetles Archosemata, Myxophaga, Adephaga, Polyphaga: Staphyliniformia. 1st Vol. (C. Press, Ed.). 1st Ed. Boca Raton, FL.","/h2P7iNCFob6MrtXvZ/0KV0VExqkPzVY","wGVKqNu5xeXKCqkJVSQ93bpoR9cNPKGrbDACuKYLaxs=","pinned."
"f5555514-102b-440f-a6fe-7b201db8f146","MOAB_007.basePlot.bet","D13","MOAB","MOAB_007","W","2015-06-25","2015-07-09","2015-07-10","2015-07-21",,"MOAB_007.W.20150709","KUrFeqpu9Dt8faGCZrnLWXcTXW8eZLgZjMlRjTeYm3E=","invert bycatch",,,,,,,,,,"/h2P7iNCFob6MrtXvZ/0KV0VExqkPzVY","All contents of tube 2 are from west trap."
"a0effb85-b8a0-4934-9055-df7a049ae250","MOAB_006.basePlot.bet","D13","MOAB","MOAB_006","W","2015-06-25","2015-07-09","2015-07-10","2015-07-21",,"MOAB_006.W.20150709","W12PQsnHiUiX9EfqfND2ReNCmglQebT1vPRm7XglDsk=","invert bycatch",,,,,,,,,,"sJsB6m70TuaHxtA7qiitQO6WnaWveTA5VP8RaQMc8fc=",
"f5b03430-f2ce-4d57-90cf-0d0d4ea58a52","MOAB_009.basePlot.bet","D13","MOAB","MOAB_009","W","2015-06-25","2015-07-09","2015-07-10","2015-07-20",,"MOAB_009.W.20150709","r113m7c7xtw25pJDxhdj2HV0eyxl3FI3443NYyC4jsI=","invert bycatch",,,,,,,,,,"sJsB6m70TuaHxtA7qiitQO6WnaWveTA5VP8RaQMc8fc=",
"422fa05d-dd41-4fa6-9b4d-7983f2607257","MOAB_010.basePlot.bet","D13","MOAB","MOAB_010","W","2015-06-25","2015-07-09","2015-07-10","2015-07-20",,"MOAB_010.W.20150709","ey84eokAkd5Cp0DFClsYDmuDI8/EgiYwxAVD13w7Nek=","invert bycatch",,,,,,,,,,"sJsB6m70TuaHxtA7qiitQO6WnaWveTA5VP8RaQMc8fc=",
"830794dd-eb25-402c-9cad-31f0e779e8f7","MOAB_002.basePlot.bet","D13","MOAB","MOAB_002","W","2015-06-25","2015-07-09","2015-07-10","2015-07-23",,"MOAB_002.W.20150709","dDZSo11ZohZrMC7gZYpV7glEJbDMmimOE8Rv9FbgUQo=","invert bycatch",,,,,,,,,,"wGVKqNu5xeXKCqkJVSQ93bpoR9cNPKGrbDACuKYLaxs=",
"cc5aaf58-68bb-4fe4-92e8-6de6ac1eae1a","MOAB_001.basePlot.bet","D13","MOAB","MOAB_001","W","2015-06-25","2015-07-09","2015-07-10","2015-07-21",,"MOAB_001.W.20150709","hc7nq0q3kZJXrc+I7AKhBs/pzRjszu+sO1pJarVh6LI=","invert bycatch",,,,,,,,,,"/h2P7iNCFob6MrtXvZ/0KV0VExqkPzVY",
"422106b0-fbe8-4524-9196-46816512fef9","MOAB_004.basePlot.bet","D13","MOAB","MOAB_004","W","2015-06-25","2015-07-09","2015-07-10","2015-07-23","2015-12-08","MOAB_004.W.20150709","5U7Q+xBUPVsr/jfDgdu3K1mi4IzZePNdM47fKbMXiAA=","carabid","PIOSET","Piosoma setosum","species",,"LeConte",,1,"Arnett Jr., R. H., and M. C. Thomas. 2001. American Beetles Archosemata, Myxophaga, Adephaga, Polyphaga: Staphyliniformia. 1st Vol. (C. Press, Ed.). 1st Ed. Boca Raton, FL.","/h2P7iNCFob6MrtXvZ/0KV0VExqkPzVY","wGVKqNu5xeXKCqkJVSQ93bpoR9cNPKGrbDACuKYLaxs=","pinned."
"6050f721-2774-4889-9480-4e241ee6763d","MOAB_004.basePlot.bet","D13","MOAB","MOAB_004","W","2015-06-25","2015-07-09","2015-07-10","2015-07-23",,"MOAB_004.W.20150709","5U7Q+xBUPVsr/jfDgdu3KzXR6hH9bY0qhL8MFbC4dDQ=","invert bycatch",,,,,,,,,,"wGVKqNu5xeXKCqkJVSQ93bpoR9cNPKGrbDACuKYLaxs=",
"cd5940b3-928a-4b03-86c1-1a7f1c103409","MOAB_003.basePlot.bet","D13","MOAB","MOAB_003","W","2015-06-25","2015-07-09","2015-07-10","2015-07-21",,"MOAB_003.W.20150709","IyUvclCcKUY1kqgHKVFq4mzQGa/rlulyS0rcw6SM1Qo=","invert bycatch",,,,,,,,,,"wGVKqNu5xeXKCqkJVSQ93bpoR9cNPKGrbDACuKYLaxs=",
"cae3f9b3-719c-4876-9b08-35e7306936c3","MOAB_006.basePlot.bet","D13","MOAB","MOAB_006","E","2015-06-25","2015-07-09","2015-07-10","2015-07-21","2015-12-08","MOAB_006.E.20150709","W12PQsnHiUgp8HIXP91Iw5SH1JfDzCyTvON3uqOwI28=","carabid","CARSP14","Carabidae sp.","family",,"Latreille","D13.2015.MorphZD",1,"Arnett Jr., R. H., and M. C. Thomas. 2001. American Beetles Archosemata, Myxophaga, Adephaga, Polyphaga: Staphyliniformia. 1st Vol. (C. Press, Ed.). 1st Ed. Boca Raton, FL.","/h2P7iNCFob6MrtXvZ/0KV0VExqkPzVY","sJsB6m70TuaHxtA7qiitQO6WnaWveTA5VP8RaQMc8fc=","Pinned."
"810b5014-e119-47e4-85e5-270412ae3482","MOAB_004.basePlot.bet","D13","MOAB","MOAB_004","E","2015-07-09","2015-07-23","2015-07-24","2015-07-29",,"MOAB_004.E.20150723","5U7Q+xBUPVsSDJOcrxTU0fGvYPlaIEnJsW6GNprQ13U=","invert bycatch",,,,,,,,,,"sJsB6m70TuaHxtA7qiitQO6WnaWveTA5VP8RaQMc8fc=",
"416de849-c70c-47e8-a7a8-519de96ad3d4","MOAB_004.basePlot.bet","D13","MOAB","MOAB_004","E","2015-07-09","2015-07-23","2015-07-24","2015-07-29","2015-12-08","MOAB_004.E.20150723","5U7Q+xBUPVsSDJOcrxTU0X5R6D8Y1V3NnN2QUrfALJ0=","carabid","CICPUN","Cicindela punctulata","species",,"Olivier",,3,"Pearson, D., C. B. Knisley, and C. J. Kazilek. 2006. A Field Guide to the Tiger Beetles of the United States and Canada: Identification, Natural History, and Distribution of the Cicindelidae. Oxford University Press, New York.","/h2P7iNCFob6MrtXvZ/0KV0VExqkPzVY","sJsB6m70TuaHxtA7qiitQO6WnaWveTA5VP8RaQMc8fc=","all pinned."
"32bfb11c-c5a0-4a37-b9f1-99fc1a9fa443","MOAB_009.basePlot.bet","D13","MOAB","MOAB_009","E","2015-07-09","2015-07-23","2015-07-24","2015-07-31",,"MOAB_009.E.20150723","r113m7c7xtxtDu0HhaQPvInE4b4B/SdcVvnIHS7wqm4=","invert bycatch",,,,,,,,,,"/h2P7iNCFob6MrtXvZ/0KV0VExqkPzVY",
"a917345f-c9e4-4de3-a502-752f1fb93b18","MOAB_005.basePlot.bet","D13","MOAB","MOAB_005","E","2015-07-09","2015-07-23","2015-07-24","2015-07-29",,"MOAB_005.E.20150723","dErP7UpuKYvM0dCOAPuAKwvBgCOcF8lLKywZHlZx1z4=","invert bycatch",,,,,,,,,,"/h2P7iNCFob6MrtXvZ/0KV0VExqkPzVY",
"c61fe60e-dd2a-4a7c-84e0-d08c9b32cd00","MOAB_005.basePlot.bet","D13","MOAB","MOAB_005","E","2015-07-09","2015-07-23","2015-07-24","2015-07-29","2015-12-08","MOAB_005.E.20150723","dErP7UpuKYvM0dCOAPuAK1q4VBF6hR5DXTS6EHha0O4=","carabid","CICPUN","Cicindela punctulata","species",,"Olivier",,6,"Pearson, D., C. B. Knisley, and C. J. Kazilek. 2006. A Field Guide to the Tiger Beetles of the United States and Canada: Identification, Natural History, and Distribution of the Cicindelidae. Oxford University Press, New York.","/h2P7iNCFob6MrtXvZ/0KV0VExqkPzVY","/h2P7iNCFob6MrtXvZ/0KV0VExqkPzVY","all pinned."
"3a866a9b-4c6c-4656-bc09-0d7559c1e5c9","MOAB_006.basePlot.bet","D13","MOAB","MOAB_006","E","2015-07-09","2015-07-23","2015-07-24","2015-07-29",,"MOAB_006.E.20150723","W12PQsnHiUgp8HIXP91Iw+3V37gBCY4WOyah56U6JRI=","invert bycatch",,,,,,,,,,"/h2P7iNCFob6MrtXvZ/0KV0VExqkPzVY",
"34bbb9a7-446c-41f9-8111-c99cf324492b","MOAB_003.basePlot.bet","D13","MOAB","MOAB_003","E","2015-07-09","2015-07-23","2015-07-24","2015-07-30",,"MOAB_003.E.20150723","IyUvclCcKUa8uaeinCAlgtBRTXEtbWuC3Lm75viZOis=","invert bycatch",,,,,,,,,,"/h2P7iNCFob6MrtXvZ/0KV0VExqkPzVY",
"08fa4948-9a09-43c2-870b-814cf065a97f","MOAB_010.basePlot.bet","D13","MOAB","MOAB_010","E","2015-07-09","2015-07-23","2015-07-24","2015-07-30",,"MOAB_010.E.20150723","ey84eokAkd7pSJq1KB1AerLVh7W2Fucx/wdQ2CFd+CM=","invert bycatch",,,,,,,,,,"/h2P7iNCFob6MrtXvZ/0KV0VExqkPzVY",
"f1cbdb4d-98a4-48f9-a2c2-6baf032e16c4","MOAB_010.basePlot.bet","D13","MOAB","MOAB_010","E","2015-07-09","2015-07-23","2015-07-24","2015-07-30","2015-12-07","MOAB_010.E.20150723","ey84eokAkd7pSJq1KB1Aej8PgB5Kflx/rQNm68SO3Tc=","carabid","HARCOR","Harpalus cordatus","species","cf. species","LeConte",,1,"Arnett Jr., R. H., and M. C. Thomas. 2001. American Beetles Archosemata, Myxophaga, Adephaga, Polyphaga: Staphyliniformia. 1st Vol. (C. Press, Ed.). 1st Ed. Boca Raton, FL.","/h2P7iNCFob6MrtXvZ/0KV0VExqkPzVY","/h2P7iNCFob6MrtXvZ/0KV0VExqkPzVY","pinned."
"4933459c-c200-464c-a5be-160e1d319187","MOAB_007.basePlot.bet","D13","MOAB","MOAB_007","E","2015-07-09","2015-07-23","2015-07-24","2015-07-31",,"MOAB_007.E.20150723","KUrFeqpu9DtwEQQ6Xed72WbuiiLJaE+dlfsgB5cSKOs=","invert bycatch",,,,,,,,,,"/h2P7iNCFob6MrtXvZ/0KV0VExqkPzVY",
"acbcc5a5-d855-4255-9b46-9e84807a66d9","MOAB_007.basePlot.bet","D13","MOAB","MOAB_007","E","2015-07-09","2015-07-23","2015-07-24","2015-07-31","2015-12-08","MOAB_007.E.20150723","KUrFeqpu9DtwEQQ6Xed72bNHwbUWhdUCj+BYCMvY3fE=","carabid","CICPUN","Cicindela punctulata","species",,"Olivier",,2,"Pearson, D., C. B. Knisley, and C. J. Kazilek. 2006. A Field Guide to the Tiger Beetles of the United States and Canada: Identification, Natural History, and Distribution of the Cicindelidae. Oxford University Press, New York.","/h2P7iNCFob6MrtXvZ/0KV0VExqkPzVY","/h2P7iNCFob6MrtXvZ/0KV0VExqkPzVY","pinned"
"91b2d2c1-ab7d-439e-8643-db5b4765bc78","MOAB_002.basePlot.bet","D13","MOAB","MOAB_002","E","2015-07-09","2015-07-23","2015-07-24","2015-07-30",,"MOAB_002.E.20150723","dDZSo11ZohYgxfVamv0+qIHMdSiMqs7Vg01pNwO9SJE=","invert bycatch",,,,,,,,,,"/h2P7iNCFob6MrtXvZ/0KV0VExqkPzVY",
"74afa2e2-5701-47ae-9113-0ec230048080","MOAB_002.basePlot.bet","D13","MOAB","MOAB_002","E","2015-07-09","2015-07-23","2015-07-24","2015-07-30","2015-12-08","MOAB_002.E.20150723","dDZSo11ZohYgxfVamv0+qE4nP/8//2hjTQhfJT6nnNo=","carabid","CICPUN","Cicindela punctulata","species",,"Olivier",,6,"Pearson, D., C. B. Knisley, and C. J. Kazilek. 2006. A Field Guide to the Tiger Beetles of the United States and Canada: Identification, Natural History, and Distribution of the Cicindelidae. Oxford University Press, New York.","/h2P7iNCFob6MrtXvZ/0KV0VExqkPzVY","/h2P7iNCFob6MrtXvZ/0KV0VExqkPzVY","all pinned."
"11de5e26-1cd3-4239-80d9-42d327b33c26","MOAB_001.basePlot.bet","D13","MOAB","MOAB_001","E","2015-07-09","2015-07-23","2015-07-24","2015-07-31","2015-12-08","MOAB_001.E.20150723","hc7nq0q3kZJNrue+OSZL66RjDbCx4A4UR7zlCvj6wVw=","carabid","CICPUN","Cicindela punctulata","species",,"Olivier",,1,"Pearson, D., C. B. Knisley, and C. J. Kazilek. 2006. A Field Guide to the Tiger Beetles of the United States and Canada: Identification, Natural History, and Distribution of the Cicindelidae. Oxford University Press, New York.","/h2P7iNCFob6MrtXvZ/0KV0VExqkPzVY","/h2P7iNCFob6MrtXvZ/0KV0VExqkPzVY","pinned."
"0efa1ef2-0a04-4622-bb31-6ea56f4ccff7","MOAB_001.basePlot.bet","D13","MOAB","MOAB_001","E","2015-07-09","2015-07-23","2015-07-24","2015-07-31",,"MOAB_001.E.20150723","hc7nq0q3kZJNrue+OSZL61g0zv0S2RRAICwWh9v8gco=","invert bycatch",,,,,,,,,,"/h2P7iNCFob6MrtXvZ/0KV0VExqkPzVY",
"6133c4ae-d582-4d70-b3f8-76a69bfed9c6","MOAB_003.basePlot.bet","D13","MOAB","MOAB_003","N","2015-07-09","2015-07-23","2015-07-24","2015-07-30",,"MOAB_003.N.20150723","IyUvclCcKUbI+jRps7oNrWO8P9wjme3QRpuW1fAuL4A=","invert bycatch",,,,,,,,,,"/h2P7iNCFob6MrtXvZ/0KV0VExqkPzVY",
"bc327bd8-050b-45a1-b423-7682db77e9db","MOAB_003.basePlot.bet","D13","MOAB","MOAB_003","N","2015-07-09","2015-07-23","2015-07-24","2015-07-30","2015-12-08","MOAB_003.N.20150723","IyUvclCcKUbI+jRps7oNrYTXVzHSjRQaSwecMtspadA=","carabid","HARRET","Harpalus retractus","species","cf. species","LeConte",,1,"Lindroth, C. H. 1969. The ground-beetles (Carabidae, excl. Cicindelinae) of Canada and Alaska, parts 1-6. Opuscula E. Entomoligiska Sallskapet.","/h2P7iNCFob6MrtXvZ/0KV0VExqkPzVY","/h2P7iNCFob6MrtXvZ/0KV0VExqkPzVY","pinned"
"0e3b610a-0e37-4535-84a4-be0ce78af2e5","MOAB_004.basePlot.bet","D13","MOAB","MOAB_004","N","2015-07-09","2015-07-23","2015-07-24","2015-07-29","2015-12-08","MOAB_004.N.20150723","5U7Q+xBUPVubZFy6L9dNCTzR4N4Pl2HValRHHCom/E8=","carabid","CICPUN","Cicindela punctulata","species",,"Olivier",,1,"Pearson, D., C. B. Knisley, and C. J. Kazilek. 2006. A Field Guide to the Tiger Beetles of the United States and Canada: Identification, Natural History, and Distribution of the Cicindelidae. Oxford University Press, New York.","/h2P7iNCFob6MrtXvZ/0KV0VExqkPzVY","sJsB6m70TuaHxtA7qiitQO6WnaWveTA5VP8RaQMc8fc=","pinned"
"561828f2-3a98-4c5b-866e-9095a22f44c4","MOAB_005.basePlot.bet","D13","MOAB","MOAB_005","N","2015-07-09","2015-07-23","2015-07-24","2015-07-29","2015-12-08","MOAB_005.N.20150723","dErP7UpuKYsG5DJNuEWuRCbSBXLja4CrL5HXIv3X0B8=","carabid","CICPUN","Cicindela punctulata","species",,"Olivier",,3,"Pearson, D., C. B. Knisley, and C. J. Kazilek. 2006. A Field Guide to the Tiger Beetles of the United States and Canada: Identification, Natural History, and Distribution of the Cicindelidae. Oxford University Press, New York.","/h2P7iNCFob6MrtXvZ/0KV0VExqkPzVY","/h2P7iNCFob6MrtXvZ/0KV0VExqkPzVY","all pinned."
"0a0d4473-1b0c-4b13-ab7a-92aa294b006e","MOAB_006.basePlot.bet","D13","MOAB","MOAB_006","N","2015-07-09","2015-07-23","2015-07-24","2015-07-29",,"MOAB_006.N.20150723","W12PQsnHiUiovYxBf2LA92ojVcAo0hhIQijsEn3kLUw=","invert bycatch",,,,,,,,,,"/h2P7iNCFob6MrtXvZ/0KV0VExqkPzVY",
"059895d3-f4df-4cac-a02b-84d084a9e7cf","MOAB_005.basePlot.bet","D13","MOAB","MOAB_005","N","2015-07-09","2015-07-23","2015-07-24","2015-07-29",,"MOAB_005.N.20150723","dErP7UpuKYsG5DJNuEWuRBj/1c80NJptf4Xiu8l60bs=","invert bycatch",,,,,,,,,,"/h2P7iNCFob6MrtXvZ/0KV0VExqkPzVY",
"faabed50-c42c-4c63-8224-2d00fb6e873c","MOAB_004.basePlot.bet","D13","MOAB","MOAB_004","N","2015-07-09","2015-07-23","2015-07-24","2015-07-29",,"MOAB_004.N.20150723","5U7Q+xBUPVubZFy6L9dNCUENmXwQ+m9nNDb6E9mICsk=","invert bycatch",,,,,,,,,,"sJsB6m70TuaHxtA7qiitQO6WnaWveTA5VP8RaQMc8fc=",
"5dde261c-3320-4cd4-915a-b3f288e3995f","MOAB_010.basePlot.bet","D13","MOAB","MOAB_010","N","2015-07-09","2015-07-23","2015-07-24","2015-07-30","2015-12-08","MOAB_010.N.20150723","ey84eokAkd6i6GieP6/BCsPn6fCq2BJrbK6T9A8BkYw=","carabid","PIOSET","Piosoma setosum","species",,"LeConte",,1,"Arnett Jr., R. H., and M. C. Thomas. 2001. American Beetles Archosemata, Myxophaga, Adephaga, Polyphaga: Staphyliniformia. 1st Vol. (C. Press, Ed.). 1st Ed. Boca Raton, FL.","/h2P7iNCFob6MrtXvZ/0KV0VExqkPzVY","/h2P7iNCFob6MrtXvZ/0KV0VExqkPzVY","pinned."
"7621ce32-a26c-42a8-8689-122f58a08946","MOAB_010.basePlot.bet","D13","MOAB","MOAB_010","N","2015-07-09","2015-07-23","2015-07-24","2015-07-30","2015-12-08","MOAB_010.N.20150723","ey84eokAkd6i6GieP6/BCu4rYlthMksyHVRvVPgouSI=","carabid","CICPUN","Cicindela punctulata","species",,"Olivier",,2,"Pearson, D., C. B. Knisley, and C. J. Kazilek. 2006. A Field Guide to the Tiger Beetles of the United States and Canada: Identification, Natural History, and Distribution of the Cicindelidae. Oxford University Press, New York.","/h2P7iNCFob6MrtXvZ/0KV0VExqkPzVY","/h2P7iNCFob6MrtXvZ/0KV0VExqkPzVY","all pinned."
"62864677-cecf-48d8-a209-7280c313fa4d","MOAB_009.basePlot.bet","D13","MOAB","MOAB_009","N","2015-07-09","2015-07-23","2015-07-24","2015-07-31","2015-12-08","MOAB_009.N.20150723","r113m7c7xtxY5lRXoG0jkv3gjclydeaZ5UsfFz1N+n8=","carabid","CICPUN","Cicindela punctulata","species",,"Olivier",,4,"Pearson, D., C. B. Knisley, and C. J. Kazilek. 2006. A Field Guide to the Tiger Beetles of the United States and Canada: Identification, Natural History, and Distribution of the Cicindelidae. Oxford University Press, New York.","/h2P7iNCFob6MrtXvZ/0KV0VExqkPzVY","/h2P7iNCFob6MrtXvZ/0KV0VExqkPzVY","all pinned"
"85636ebc-845b-486a-bade-a110f42c1654","MOAB_009.basePlot.bet","D13","MOAB","MOAB_009","N","2015-07-09","2015-07-23","2015-07-24","2015-07-31",,"MOAB_009.N.20150723","r113m7c7xtxY5lRXoG0jknoORsY6UeusWTmYU0tlllI=","invert bycatch",,,,,,,,,,"/h2P7iNCFob6MrtXvZ/0KV0VExqkPzVY",
"f8da9a4a-3172-4283-a175-0b850e1da121","MOAB_002.basePlot.bet","D13","MOAB","MOAB_002","N","2015-07-09","2015-07-23","2015-07-24","2015-07-30","2015-12-08","MOAB_002.N.20150723","dDZSo11Zohb4F7SqqYXHIWVEv5xBb6lo4AqtU6Rtbz4=","carabid","CICPUN","Cicindela punctulata","species",,"Olivier",,1,"Pearson, D., C. B. Knisley, and C. J. Kazilek. 2006. A Field Guide to the Tiger Beetles of the United States and Canada: Identification, Natural History, and Distribution of the Cicindelidae. Oxford University Press, New York.","/h2P7iNCFob6MrtXvZ/0KV0VExqkPzVY","/h2P7iNCFob6MrtXvZ/0KV0VExqkPzVY","pinned"
"d733e029-795d-4a0d-9228-346a5ea8ab19","MOAB_001.basePlot.bet","D13","MOAB","MOAB_001","N","2015-07-09","2015-07-23","2015-07-24","2015-07-31",,"MOAB_001.N.20150723","hc7nq0q3kZKdApCXVXaqWf0MckqWCAEXdA0E9+Ug1KM=","invert bycatch",,,,,,,,,,"/h2P7iNCFob6MrtXvZ/0KV0VExqkPzVY",
"1e970e62-ec51-4446-b193-3d0548015354","MOAB_002.basePlot.bet","D13","MOAB","MOAB_002","N","2015-07-09","2015-07-23","2015-07-24","2015-07-30",,"MOAB_002.N.20150723","dDZSo11Zohb4F7SqqYXHIWkOQklvJXxMTGyiZ31+7lM=","invert bycatch",,,,,,,,,,"/h2P7iNCFob6MrtXvZ/0KV0VExqkPzVY",
"063034b3-9477-4f4b-af9a-6a8443f327cb","MOAB_010.basePlot.bet","D13","MOAB","MOAB_010","N","2015-07-09","2015-07-23","2015-07-24","2015-07-30",,"MOAB_010.N.20150723","ey84eokAkd6i6GieP6/BCl4EAnhwB4UXJ6KkTVZKKYo=","invert bycatch",,,,,,,,,,"/h2P7iNCFob6MrtXvZ/0KV0VExqkPzVY",
"0be3e2bf-47b4-4ccd-8241-d8c31ba4c330","MOAB_001.basePlot.bet","D13","MOAB","MOAB_001","N","2015-07-09","2015-07-23","2015-07-24","2015-07-31","2015-12-08","MOAB_001.N.20150723","hc7nq0q3kZKdApCXVXaqWaPeGHOa4eLy6AFzWCl2v/U=","carabid","CICPUN","Cicindela punctulata","species",,"Olivier",,1,"Pearson, D., C. B. Knisley, and C. J. Kazilek. 2006. A Field Guide to the Tiger Beetles of the United States and Canada: Identification, Natural History, and Distribution of the Cicindelidae. Oxford University Press, New York.","/h2P7iNCFob6MrtXvZ/0KV0VExqkPzVY","/h2P7iNCFob6MrtXvZ/0KV0VExqkPzVY","pinned."
"eccaaee0-8aec-4c61-bc9f-019dcfce1e90","MOAB_007.basePlot.bet","D13","MOAB","MOAB_007","N","2015-07-09","2015-07-23","2015-07-24","2015-07-31",,"MOAB_007.N.20150723","KUrFeqpu9DsyE1EkU+ED2KQw86KHr8FcvvldN0r92HY=","invert bycatch",,,,,,,,,,"/h2P7iNCFob6MrtXvZ/0KV0VExqkPzVY",
"ba68d5f5-885c-4ea7-a47f-eb53c21e4b00","MOAB_002.basePlot.bet","D13","MOAB","MOAB_002","S","2015-07-09","2015-07-23","2015-07-24","2015-07-30","2015-12-08","MOAB_002.S.20150723","dDZSo11ZohawgYoIepedwEP8ngHLV6XGM6J+Q5x+3WQ=","carabid","CICPUN","Cicindela punctulata","species",,"Olivier",,8,"Pearson, D., C. B. Knisley, and C. J. Kazilek. 2006. A Field Guide to the Tiger Beetles of the United States and Canada: Identification, Natural History, and Distribution of the Cicindelidae. Oxford University Press, New York.","/h2P7iNCFob6MrtXvZ/0KV0VExqkPzVY","/h2P7iNCFob6MrtXvZ/0KV0VExqkPzVY","all pinned."
"e31150a0-cdb6-4621-8430-470ce4d5ba47","MOAB_002.basePlot.bet","D13","MOAB","MOAB_002","S","2015-07-09","2015-07-23","2015-07-24","2015-07-30",,"MOAB_002.S.20150723","dDZSo11ZohawgYoIepedwIb9n5n/Bv3/940CI7OHYn0=","invert bycatch",,,,,,,,,,"/h2P7iNCFob6MrtXvZ/0KV0VExqkPzVY",
"b13e1c75-109a-463b-825c-52f64d28e17e","MOAB_001.basePlot.bet","D13","MOAB","MOAB_001","S","2015-07-09","2015-07-23","2015-07-24","2015-07-31","2015-12-08","MOAB_001.S.20150723","hc7nq0q3kZJpnnQ2oAownBMzH70N9UoPWRu9NVs7Sug=","carabid","CICPUN","Cicindela punctulata","species",,"Olivier",,2,"Pearson, D., C. B. Knisley, and C. J. Kazilek. 2006. A Field Guide to the Tiger Beetles of the United States and Canada: Identification, Natural History, and Distribution of the Cicindelidae. Oxford University Press, New York.","/h2P7iNCFob6MrtXvZ/0KV0VExqkPzVY","/h2P7iNCFob6MrtXvZ/0KV0VExqkPzVY","all pinned"
"85c3fd4e-d360-479e-8e7c-73c9c4119f5d","MOAB_010.basePlot.bet","D13","MOAB","MOAB_010","S","2015-07-09","2015-07-23","2015-07-24","2015-07-30","2015-12-08","MOAB_010.S.20150723","ey84eokAkd7g+RBPrOmApbn+ynI6bZmWxxwthjMe0bs=","carabid","CICPUN","Cicindela punctulata","species",,"Olivier",,2,"Pearson, D., C. B. Knisley, and C. J. Kazilek. 2006. A Field Guide to the Tiger Beetles of the United States and Canada: Identification, Natural History, and Distribution of the Cicindelidae. Oxford University Press, New York.","/h2P7iNCFob6MrtXvZ/0KV0VExqkPzVY","/h2P7iNCFob6MrtXvZ/0KV0VExqkPzVY","all pinned."
"2004324c-7142-4e32-9341-20f11cd3fb1f","MOAB_010.basePlot.bet","D13","MOAB","MOAB_010","S","2015-07-09","2015-07-23","2015-07-24","2015-07-30",,"MOAB_010.S.20150723","ey84eokAkd7g+RBPrOmApUO67ckUoFIgdFODB+9yGPI=","invert bycatch",,,,,,,,,,"/h2P7iNCFob6MrtXvZ/0KV0VExqkPzVY",
"24f4e33d-1112-485d-88e3-f4b17289a3ff","MOAB_007.basePlot.bet","D13","MOAB","MOAB_007","S","2015-07-09","2015-07-23","2015-07-24","2015-07-31",,"MOAB_007.S.20150723","KUrFeqpu9DvtqFzkMB5u8/eRCw+fpKk9ewDniQG0qY8=","invert bycatch",,,,,,,,,,"/h2P7iNCFob6MrtXvZ/0KV0VExqkPzVY",
"ece5abbb-72f9-47eb-82eb-8fb8cf780a65","MOAB_009.basePlot.bet","D13","MOAB","MOAB_009","S","2015-07-09","2015-07-23","2015-07-24","2015-07-31","2015-12-08","MOAB_009.S.20150723","r113m7c7xtyAldjOxBbFm1KK1qQe+HZOM8D1aFcyIik=","carabid","HARCOR","Harpalus cordatus","species","cf. species","LeConte",,2,"Arnett Jr., R. H., and M. C. Thomas. 2001. American Beetles Archosemata, Myxophaga, Adephaga, Polyphaga: Staphyliniformia. 1st Vol. (C. Press, Ed.). 1st Ed. Boca Raton, FL.","/h2P7iNCFob6MrtXvZ/0KV0VExqkPzVY","/h2P7iNCFob6MrtXvZ/0KV0VExqkPzVY","all pinned"
"a23abd8d-cb6a-4560-9a35-823677d9e845","MOAB_009.basePlot.bet","D13","MOAB","MOAB_009","S","2015-07-09","2015-07-23","2015-07-24","2015-07-31",,"MOAB_009.S.20150723","r113m7c7xtyAldjOxBbFm7ETClacDcX2RKBrdkNc9Wg=","invert bycatch",,,,,,,,,,"/h2P7iNCFob6MrtXvZ/0KV0VExqkPzVY",
"0688d16d-d928-4839-bcb3-3132c1ca1f35","MOAB_009.basePlot.bet","D13","MOAB","MOAB_009","S","2015-07-09","2015-07-23","2015-07-24","2015-07-31","2015-12-08","MOAB_009.S.20150723","r113m7c7xtyAldjOxBbFmz2xbQ76aqD/I8fp90PdRbs=","carabid","CICPUN","Cicindela punctulata","species",,"Olivier",,2,"Pearson, D., C. B. Knisley, and C. J. Kazilek. 2006. A Field Guide to the Tiger Beetles of the United States and Canada: Identification, Natural History, and Distribution of the Cicindelidae. Oxford University Press, New York.","/h2P7iNCFob6MrtXvZ/0KV0VExqkPzVY","/h2P7iNCFob6MrtXvZ/0KV0VExqkPzVY","pinned."
"5b560f28-c94b-4da9-877c-cda348163ddb","MOAB_005.basePlot.bet","D13","MOAB","MOAB_005","S","2015-07-09","2015-07-23","2015-07-24","2015-07-29",,"MOAB_005.S.20150723","dErP7UpuKYu0BOno+Bn5qRY64Xhfcnz+vB1H6beY5/Y=","invert bycatch",,,,,,,,,,"/h2P7iNCFob6MrtXvZ/0KV0VExqkPzVY",
"e3755c32-c65d-4e83-8075-6190284633d9","MOAB_006.basePlot.bet","D13","MOAB","MOAB_006","S","2015-07-09","2015-07-23","2015-07-24","2015-07-29",,"MOAB_006.S.20150723","W12PQsnHiUi5avsn7tVLTiAqXvPhqIrssokknkuYhOI=","invert bycatch",,,,,,,,,,"/h2P7iNCFob6MrtXvZ/0KV0VExqkPzVY",
"09048530-4a3e-447a-898a-437e5ba7163c","MOAB_006.basePlot.bet","D13","MOAB","MOAB_006","S","2015-07-09","2015-07-23","2015-07-24","2015-07-29","2015-12-08","MOAB_006.S.20150723","W12PQsnHiUi5avsn7tVLTqxR2NiBKef21zU5p8+kNag=","carabid","CARSP14","Carabidae sp.","family",,"Latreille","D13.2015.MorphZB",1,"Arnett Jr., R. H., and M. C. Thomas. 2001. American Beetles Archosemata, Myxophaga, Adephaga, Polyphaga: Staphyliniformia. 1st Vol. (C. Press, Ed.). 1st Ed. Boca Raton, FL.","/h2P7iNCFob6MrtXvZ/0KV0VExqkPzVY","/h2P7iNCFob6MrtXvZ/0KV0VExqkPzVY","pinned"
"04513081-48dc-4eb2-98c6-02d3f4b12814","MOAB_003.basePlot.bet","D13","MOAB","MOAB_003","S","2015-07-09","2015-07-23","2015-07-24","2015-07-30",,"MOAB_003.S.20150723","IyUvclCcKUYw8kTM1MpLQuqHpHTEmjRzs7ZHH6mLoXg=","invert bycatch",,,,,,,,,,"/h2P7iNCFob6MrtXvZ/0KV0VExqkPzVY",
"f3d0de65-e0a6-488c-be7d-e427f4cc03bf","MOAB_004.basePlot.bet","D13","MOAB","MOAB_004","S","2015-07-09","2015-07-23","2015-07-24","2015-07-29","2015-12-08","MOAB_004.S.20150723","5U7Q+xBUPVsXIUmWO96tYKeq8+VzyPofmTbtivSGkU8=","carabid","CICPUN","Cicindela punctulata","species",,"Olivier",,5,"Pearson, D., C. B. Knisley, and C. J. Kazilek. 2006. A Field Guide to the Tiger Beetles of the United States and Canada: Identification, Natural History, and Distribution of the Cicindelidae. Oxford University Press, New York.","/h2P7iNCFob6MrtXvZ/0KV0VExqkPzVY","sJsB6m70TuaHxtA7qiitQO6WnaWveTA5VP8RaQMc8fc=","all pinned."
"8048d512-b813-4069-a49f-c19433f67820","MOAB_004.basePlot.bet","D13","MOAB","MOAB_004","S","2015-07-09","2015-07-23","2015-07-24","2015-07-29",,"MOAB_004.S.20150723","5U7Q+xBUPVsXIUmWO96tYBFEcZdJYnrpxfT0GjqkDcY=","invert bycatch",,,,,,,,,,"sJsB6m70TuaHxtA7qiitQO6WnaWveTA5VP8RaQMc8fc=",
"ee0dcb8c-8f8b-4381-a0d6-840095bc469c","MOAB_006.basePlot.bet","D13","MOAB","MOAB_006","W","2015-07-09","2015-07-23","2015-07-24","2015-07-29","2015-12-08","MOAB_006.W.20150723","W12PQsnHiUiX9EfqfND2RRze0M8KWd3XWC8YxlGUiR8=","carabid","CICPUN","Cicindela punctulata","species",,"Olivier",,1,"Pearson, D., C. B. Knisley, and C. J. Kazilek. 2006. A Field Guide to the Tiger Beetles of the United States and Canada: Identification, Natural History, and Distribution of the Cicindelidae. Oxford University Press, New York.","/h2P7iNCFob6MrtXvZ/0KV0VExqkPzVY","/h2P7iNCFob6MrtXvZ/0KV0VExqkPzVY","pinned"
"04b7219d-231c-44e9-bc1f-5ae33d56128e","MOAB_003.basePlot.bet","D13","MOAB","MOAB_003","W","2015-07-09","2015-07-23","2015-07-24","2015-07-30",,"MOAB_003.W.20150723","IyUvclCcKUY1kqgHKVFq4pFl0CPniOYOmt3e7TadPCA=","invert bycatch",,,,,,,,,,"/h2P7iNCFob6MrtXvZ/0KV0VExqkPzVY",
"346f39f3-e761-402b-a027-854141da95d1","MOAB_004.basePlot.bet","D13","MOAB","MOAB_004","W","2015-07-09","2015-07-23","2015-07-24","2015-07-29","2015-12-08","MOAB_004.W.20150723","5U7Q+xBUPVsr/jfDgdu3K0n5lbWLUU9YsCgi67WSnYA=","carabid","CICPUN","Cicindela punctulata","species",,"Olivier",,3,"Pearson, D., C. B. Knisley, and C. J. Kazilek. 2006. A Field Guide to the Tiger Beetles of the United States and Canada: Identification, Natural History, and Distribution of the Cicindelidae. Oxford University Press, New York.","/h2P7iNCFob6MrtXvZ/0KV0VExqkPzVY","sJsB6m70TuaHxtA7qiitQO6WnaWveTA5VP8RaQMc8fc=","all pinned."
"995c18cd-0d46-499c-8003-afff1dce28f0","MOAB_004.basePlot.bet","D13","MOAB","MOAB_004","W","2015-07-09","2015-07-23","2015-07-24","2015-07-29",,"MOAB_004.W.20150723","5U7Q+xBUPVsr/jfDgdu3K3UnQagXaOrPSSYJSAHX5sc=","invert bycatch",,,,,,,,,,"sJsB6m70TuaHxtA7qiitQO6WnaWveTA5VP8RaQMc8fc=",
"e52f774e-5af2-4827-b257-09957def0484","MOAB_007.basePlot.bet","D13","MOAB","MOAB_007","W","2015-07-09","2015-07-23","2015-07-24","2015-07-31",,"MOAB_007.W.20150723","KUrFeqpu9Dt8faGCZrnLWdhXAISPHyz38WACyca7wKk=","invert bycatch",,,,,,,,,,"/h2P7iNCFob6MrtXvZ/0KV0VExqkPzVY",
"ec36131d-61ba-498c-9de6-19336422e4e6","MOAB_009.basePlot.bet","D13","MOAB","MOAB_009","W","2015-07-09","2015-07-23","2015-07-24","2015-07-31",,"MOAB_009.W.20150723","r113m7c7xtw25pJDxhdj2B2ZnJGQnZWiIEoMLy1laFE=","invert bycatch",,,,,,,,,,"/h2P7iNCFob6MrtXvZ/0KV0VExqkPzVY",
"bb83db2f-66fc-49c2-8de4-2ad73baa7c14","MOAB_005.basePlot.bet","D13","MOAB","MOAB_005","W","2015-07-09","2015-07-23","2015-07-24","2015-07-29","2015-12-08","MOAB_005.W.20150723","dErP7UpuKYumuf3kDH7etS1VHMr8uoV2r5DqH3kI9wE=","carabid","CICPUN","Cicindela punctulata","species",,"Olivier",,3,"Pearson, D., C. B. Knisley, and C. J. Kazilek. 2006. A Field Guide to the Tiger Beetles of the United States and Canada: Identification, Natural History, and Distribution of the Cicindelidae. Oxford University Press, New York.","/h2P7iNCFob6MrtXvZ/0KV0VExqkPzVY","/h2P7iNCFob6MrtXvZ/0KV0VExqkPzVY","all pinned."
"f29651ce-bf75-4314-be4d-444c4aaa11a1","MOAB_005.basePlot.bet","D13","MOAB","MOAB_005","W","2015-07-09","2015-07-23","2015-07-24","2015-07-29",,"MOAB_005.W.20150723","dErP7UpuKYumuf3kDH7eteMc42SMMWOM8G6/fFv7tZo=","invert bycatch",,,,,,,,,,"/h2P7iNCFob6MrtXvZ/0KV0VExqkPzVY",
"d85ff6b3-e026-4eba-9dba-a6a7113e30f5","MOAB_006.basePlot.bet","D13","MOAB","MOAB_006","W","2015-07-09","2015-07-23","2015-07-24","2015-07-29",,"MOAB_006.W.20150723","W12PQsnHiUiX9EfqfND2Rd6bRGGxK26IeMs07oIKhiQ=","invert bycatch",,,,,,,,,,"/h2P7iNCFob6MrtXvZ/0KV0VExqkPzVY",
"d2fe9ae7-9126-4d00-a9fe-7020f0d3b03f","MOAB_010.basePlot.bet","D13","MOAB","MOAB_010","W","2015-07-09","2015-07-23","2015-07-24","2015-07-30",,"MOAB_010.W.20150723","ey84eokAkd5Cp0DFClsYDl/3JQ/4tzUfsDhlu5DQioA=","invert bycatch",,,,,,,,,,"/h2P7iNCFob6MrtXvZ/0KV0VExqkPzVY",
"3301e9a0-2007-4374-9d8a-d2f5762ebbc8","MOAB_010.basePlot.bet","D13","MOAB","MOAB_010","W","2015-07-09","2015-07-23","2015-07-24","2015-07-30","2015-12-08","MOAB_010.W.20150723","ey84eokAkd5Cp0DFClsYDrVqAgMmaJhQ0EUL3HcdcVQ=","carabid","CICPUN","Cicindela punctulata","species",,"Olivier",,1,"Pearson, D., C. B. Knisley, and C. J. Kazilek. 2006. A Field Guide to the Tiger Beetles of the United States and Canada: Identification, Natural History, and Distribution of the Cicindelidae. Oxford University Press, New York.","/h2P7iNCFob6MrtXvZ/0KV0VExqkPzVY","/h2P7iNCFob6MrtXvZ/0KV0VExqkPzVY","pinned."
"68c729f7-1b01-442d-b90f-0c98aec38a49","MOAB_007.basePlot.bet","D13","MOAB","MOAB_007","W","2015-07-09","2015-07-23","2015-07-24","2015-07-31","2015-12-08","MOAB_007.W.20150723","KUrFeqpu9Dt8faGCZrnLWQhgjUseTzojooCQYojxcXA=","carabid","HARRET","Harpalus retractus","species",,"LeConte",,1,"Lindroth, C. H. 1969. The ground-beetles (Carabidae, excl. Cicindelinae) of Canada and Alaska, parts 1-6. Opuscula E. Entomoligiska Sallskapet.","/h2P7iNCFob6MrtXvZ/0KV0VExqkPzVY","/h2P7iNCFob6MrtXvZ/0KV0VExqkPzVY","pinned"
"ee1f758a-0b6b-4685-89d9-b48f8c7d88bd","MOAB_009.basePlot.bet","D13","MOAB","MOAB_009","W","2015-07-09","2015-07-23","2015-07-24","2015-07-31","2015-12-08","MOAB_009.W.20150723","r113m7c7xtw25pJDxhdj2Kur2jgPYUAI4vCoToLbSKw=","carabid","CICPUN","Cicindela punctulata","species",,"Olivier",,2,"Pearson, D., C. B. Knisley, and C. J. Kazilek. 2006. A Field Guide to the Tiger Beetles of the United States and Canada: Identification, Natural History, and Distribution of the Cicindelidae. Oxford University Press, New York.","/h2P7iNCFob6MrtXvZ/0KV0VExqkPzVY","/h2P7iNCFob6MrtXvZ/0KV0VExqkPzVY","all pinned"
"c919b716-6c35-4096-bfc6-cae18485483e","MOAB_002.basePlot.bet","D13","MOAB","MOAB_002","W","2015-07-09","2015-07-23","2015-07-24","2015-07-30","2015-12-08","MOAB_002.W.20150723","dDZSo11ZohZrMC7gZYpV7krTOfCndqkmNp8tZ5HwaYI=","carabid","PIOSET","Piosoma setosum","species",,"LeConte",,1,"Arnett Jr., R. H., and M. C. Thomas. 2001. American Beetles Archosemata, Myxophaga, Adephaga, Polyphaga: Staphyliniformia. 1st Vol. (C. Press, Ed.). 1st Ed. Boca Raton, FL.","/h2P7iNCFob6MrtXvZ/0KV0VExqkPzVY","/h2P7iNCFob6MrtXvZ/0KV0VExqkPzVY","pinned"
"2446fe73-9b79-46f7-9b27-53ee49963aea","MOAB_002.basePlot.bet","D13","MOAB","MOAB_002","W","2015-07-09","2015-07-23","2015-07-24","2015-07-30",,"MOAB_002.W.20150723","dDZSo11ZohZrMC7gZYpV7rfn051RoCs3W6JmXa0XETU=","invert bycatch",,,,,,,,,,"/h2P7iNCFob6MrtXvZ/0KV0VExqkPzVY",
"d39ed987-167e-4c0a-ae26-4ae812c4ac8e","MOAB_001.basePlot.bet","D13","MOAB","MOAB_001","W","2015-07-09","2015-07-23","2015-07-24","2015-07-31",,"MOAB_001.W.20150723","hc7nq0q3kZJXrc+I7AKhBozfPdCvtrtdwROo/XPQIZw=","invert bycatch",,,,,,,,,,"/h2P7iNCFob6MrtXvZ/0KV0VExqkPzVY",
"c9c0e507-b762-4667-a11b-fde989133c60","MOAB_001.basePlot.bet","D13","MOAB","MOAB_001","W","2015-07-09","2015-07-23","2015-07-24","2015-07-31","2015-12-08","MOAB_001.W.20150723","hc7nq0q3kZJXrc+I7AKhBqHjbHcwVLAO/8vJ+iKzMAk=","carabid","CICPUN","Cicindela punctulata","species",,"Olivier",,6,"Pearson, D., C. B. Knisley, and C. J. Kazilek. 2006. A Field Guide to the Tiger Beetles of the United States and Canada: Identification, Natural History, and Distribution of the Cicindelidae. Oxford University Press, New York.","/h2P7iNCFob6MrtXvZ/0KV0VExqkPzVY","/h2P7iNCFob6MrtXvZ/0KV0VExqkPzVY","pinned"
