uid,namedLocation,domainID,siteID,plotID,setDate,collectDate,identifiedDate,individualID,taxonID,kingdom,phylum,class,order,family,subfamily,tribe,genus,subgenus,specificEpithet,infraspecificEpithet,scientificName,scientificNameAuthorship,taxonRank,identificationQualifier,sex,morphospeciesID,identificationReferences,identifiedBy,laboratoryName,identificationRemarks,sampleCondition,dnaBarcoded,geneticSampleID,remarks
"ae00b3bf-6f7b-4c8c-8586-dbaf6a838530","MOAB_010.basePlot.bet","D13","MOAB","MOAB_010","2015-06-25","2015-07-09","2017-01-15","NEON.BET.D13.500027","PIOSET","Animalia","Arthropoda","Insecta","Coleoptera","Carabidae","Harpalinae","Harpalini","Piosoma",,"setosum",,"Piosoma setosum","LeConte","species",,"M",,"Lindroth, C. H. 1969. The ground-beetles (Carabidae, excl. Cicindelinae) of Canada and Alaska, parts 1-6. Opuscula E. Entomoligiska Sallskapet.","Kipling Will","Essig Museum of Entomology",,"No known compromise","N",,
"1f98788b-485e-48a0-9152-feae7e90694d","MOAB_007.basePlot.bet","D13","MOAB","MOAB_007","2015-06-25","2015-07-09","2017-01-15","NEON.BET.D13.500037","CYMARI","Animalia","Arthropoda","Insecta","Coleoptera","Carabidae","Harpalinae","Lebiini","Cymindis","Cymindis","arizonensis",,"Cymindis arizonensis","Schaeffer","species",,"F",,"Lindroth, C. H. 1969. The ground-beetles (Carabidae, excl. Cicindelinae) of Canada and Alaska, parts 1-6. Opuscula E. Entomoligiska Sallskapet.","Kipling Will","Essig Museum of Entomology",,"No known compromise","N",,
"96cb49e4-6aea-4434-b9fa-52e241101254","MOAB_010.basePlot.bet","D13","MOAB","MOAB_010","2015-06-25","2015-07-09","2017-01-15","NEON.BET.D13.500030","CICPUN1","Animalia","Arthropoda","Insecta","Coleoptera","Carabidae","Cicindelinae","Cicindelini","Cicindela","Cicindelidia","punctulata","punctulata","Cicindela punctulata punctulata","Olivier","subspecies",,"F",,"Pearson, D., C. B. Knisley, and C. J. Kazilek. 2006. A Field Guide to the Tiger Beetles of the United States and Canada: Identification, Natural History, and Distribution of the Cicindelidae. Oxford University Press, New York.","Kipling Will","Essig Museum of Entomology",,"No known compromise","N",,
"82aaea76-ce5d-4ce8-a2ef-982022549a12","MOAB_010.basePlot.bet","D13","MOAB","MOAB_010","2015-06-25","2015-07-09","2017-01-15","NEON.BET.D13.500028","EURGRO","Animalia","Arthropoda","Insecta","Coleoptera","Carabidae","Harpalinae","Harpalini","Euryderus",,"grossus",,"Euryderus grossus","Say","species",,"U",,"Lindroth, C. H. 1969. The ground-beetles (Carabidae, excl. Cicindelinae) of Canada and Alaska, parts 1-6. Opuscula E. Entomoligiska Sallskapet.","Kipling Will","Essig Museum of Entomology",,"No known compromise","N",,
"663127e4-5c2a-4607-bc85-18de1498188e","MOAB_006.basePlot.bet","D13","MOAB","MOAB_006","2015-06-25","2015-07-09","2017-01-15","NEON.BET.D13.500031","SELPLA","Animalia","Arthropoda","Insecta","Coleoptera","Carabidae","Harpalinae","Harpalini","Selenophorus","Selenophorus","planipennis",,"Selenophorus planipennis","LeConte","species",,"M",,"Lindroth, C. H. 1969. The ground-beetles (Carabidae, excl. Cicindelinae) of Canada and Alaska, parts 1-6. Opuscula E. Entomoligiska Sallskapet.","Kipling Will","Essig Museum of Entomology",,"No known compromise","N",,
"7066f94c-7640-4033-a4e4-49b013050022","MOAB_006.basePlot.bet","D13","MOAB","MOAB_006","2015-06-25","2015-07-09","2017-01-15","NEON.BET.D13.500032","SELPLA","Animalia","Arthropoda","Insecta","Coleoptera","Carabidae","Harpalinae","Harpalini","Selenophorus","Selenophorus","planipennis",,"Selenophorus planipennis","LeConte","species",,"F",,"Lindroth, C. H. 1969. The ground-beetles (Carabidae, excl. Cicindelinae) of Canada and Alaska, parts 1-6. Opuscula E. Entomoligiska Sallskapet.","Kipling Will","Essig Museum of Entomology",,"No known compromise","N",,
"9be1e04f-0541-45bb-a4c9-7f3808294f73","MOAB_004.basePlot.bet","D13","MOAB","MOAB_004","2015-06-25","2015-07-09","2017-01-15","NEON.BET.D13.500038","PIOSET","Animalia","Arthropoda","Insecta","Coleoptera","Carabidae","Harpalinae","Harpalini","Piosoma",,"setosum",,"Piosoma setosum","LeConte","species",,"F",,"Lindroth, C. H. 1969. The ground-beetles (Carabidae, excl. Cicindelinae) of Canada and Alaska, parts 1-6. Opuscula E. Entomoligiska Sallskapet.","Kipling Will","Essig Museum of Entomology",,"No known compromise","N",,
"4bcc3e33-d609-43f1-adc9-56b35795226f","MOAB_004.basePlot.bet","D13","MOAB","MOAB_004","2015-06-25","2015-07-09","2017-01-15","NEON.BET.D13.500042","CICPUN1","Animalia","Arthropoda","Insecta","Coleoptera","Carabidae","Cicindelinae","Cicindelini","Cicindela","Cicindelidia","punctulata","punctulata","Cicindela punctulata punctulata","Olivier","subspecies",,"F",,"Pearson, D., C. B. Knisley, and C. J. Kazilek. 2006. A Field Guide to the Tiger Beetles of the United States and Canada: Identification, Natural History, and Distribution of the Cicindelidae. Oxford University Press, New York.","Kipling Will","Essig Museum of Entomology",,"No known compromise","N",,
"d665b6d7-b01f-4247-a963-e72ca6a123a6","MOAB_004.basePlot.bet","D13","MOAB","MOAB_004","2015-06-25","2015-07-09","2017-01-15","NEON.BET.D13.500040","PIOSET","Animalia","Arthropoda","Insecta","Coleoptera","Carabidae","Harpalinae","Harpalini","Piosoma",,"setosum",,"Piosoma setosum","LeConte","species",,"F",,"Lindroth, C. H. 1969. The ground-beetles (Carabidae, excl. Cicindelinae) of Canada and Alaska, parts 1-6. Opuscula E. Entomoligiska Sallskapet.","Kipling Will","Essig Museum of Entomology",,"No known compromise","N",,
"3cfa655e-2710-4ad0-b1f9-92563f4d1754","MOAB_004.basePlot.bet","D13","MOAB","MOAB_004","2015-06-25","2015-07-09","2017-01-15","NEON.BET.D13.500039","PIOSET","Animalia","Arthropoda","Insecta","Coleoptera","Carabidae","Harpalinae","Harpalini","Piosoma",,"setosum",,"Piosoma setosum","LeConte","species",,"F",,"Lindroth, C. H. 1969. The ground-beetles (Carabidae, excl. Cicindelinae) of Canada and Alaska, parts 1-6. Opuscula E. Entomoligiska Sallskapet.","Kipling Will","Essig Museum of Entomology",,"No known compromise","N",,
"01f3fcac-971a-4ecd-ae5a-f1a748638291","MOAB_004.basePlot.bet","D13","MOAB","MOAB_004","2015-06-25","2015-07-09","2017-01-15","NEON.BET.D13.500043","HARCOR","Animalia","Arthropoda","Insecta","Coleoptera","Carabidae","Harpalinae","Harpalini","Harpalus","Opadius","cordatus",,"Harpalus cordatus","LeConte","species",,"F",,"Lindroth, C. H. 1969. The ground-beetles (Carabidae, excl. Cicindelinae) of Canada and Alaska, parts 1-6. Opuscula E. Entomoligiska Sallskapet.","Kipling Will","Essig Museum of Entomology",,"No known compromise","N",,
"4b38d03d-3333-484b-bfd8-3cc11c581d17","MOAB_004.basePlot.bet","D13","MOAB","MOAB_004","2015-06-25","2015-07-09","2017-01-15","NEON.BET.D13.500044","HARCOR","Animalia","Arthropoda","Insecta","Coleoptera","Carabidae","Harpalinae","Harpalini","Harpalus","Opadius","cordatus",,"Harpalus cordatus","LeConte","species",,"M",,"Noonan, G. R. 1991. Classification, Cladistics, and Natural History of Native North American Harpalus Latreille (Insecta: Coleoptera: Carabidae: Harpalini), excluding subgenera Glanodes and Pseudophonus.","Kipling Will","Essig Museum of Entomology",,"No known compromise","N",,
"80a06e22-3cda-4cbf-a8fc-db9f95641f09","MOAB_006.basePlot.bet","D13","MOAB","MOAB_006","2015-06-25","2015-07-09","2017-01-15","NEON.BET.D13.500034","EURGRO","Animalia","Arthropoda","Insecta","Coleoptera","Carabidae","Harpalinae","Harpalini","Euryderus",,"grossus",,"Euryderus grossus","Say","species",,"U",,"Lindroth, C. H. 1969. The ground-beetles (Carabidae, excl. Cicindelinae) of Canada and Alaska, parts 1-6. Opuscula E. Entomoligiska Sallskapet.","Kipling Will","Essig Museum of Entomology",,"No known compromise","N",,
"cab1d6fd-6b0f-4c1f-aec2-07bbcd3db965","MOAB_006.basePlot.bet","D13","MOAB","MOAB_006","2015-06-25","2015-07-09","2017-01-15","NEON.BET.D13.500035","CICPUN1","Animalia","Arthropoda","Insecta","Coleoptera","Carabidae","Cicindelinae","Cicindelini","Cicindela","Cicindelidia","punctulata","punctulata","Cicindela punctulata punctulata","Olivier","subspecies",,"M",,"Pearson, D., C. B. Knisley, and C. J. Kazilek. 2006. A Field Guide to the Tiger Beetles of the United States and Canada: Identification, Natural History, and Distribution of the Cicindelidae. Oxford University Press, New York.","Kipling Will","Essig Museum of Entomology",,"No known compromise","N",,
"8bfc82e2-dcd7-4b7c-9722-39143502d2fe","MOAB_004.basePlot.bet","D13","MOAB","MOAB_004","2015-06-25","2015-07-09","2017-01-15","NEON.BET.D13.500041","PIOSET","Animalia","Arthropoda","Insecta","Coleoptera","Carabidae","Harpalinae","Harpalini","Piosoma",,"setosum",,"Piosoma setosum","LeConte","species",,"M",,"Lindroth, C. H. 1969. The ground-beetles (Carabidae, excl. Cicindelinae) of Canada and Alaska, parts 1-6. Opuscula E. Entomoligiska Sallskapet.","Kipling Will","Essig Museum of Entomology",,"No known compromise","N",,
"6d3a77cf-9153-42c1-a94a-8e639686a0ac","MOAB_006.basePlot.bet","D13","MOAB","MOAB_006","2015-06-25","2015-07-09","2017-01-15","NEON.BET.D13.500033","EURGRO","Animalia","Arthropoda","Insecta","Coleoptera","Carabidae","Harpalinae","Harpalini","Euryderus",,"grossus",,"Euryderus grossus","Say","species",,"U",,"Lindroth, C. H. 1969. The ground-beetles (Carabidae, excl. Cicindelinae) of Canada and Alaska, parts 1-6. Opuscula E. Entomoligiska Sallskapet.","Kipling Will","Essig Museum of Entomology",,"No known compromise","N",,
"5d3f9e68-c044-4088-8a48-20d434e4e636","MOAB_006.basePlot.bet","D13","MOAB","MOAB_006","2015-06-25","2015-07-09","2017-01-15","NEON.BET.D13.500036","HARDES","Animalia","Arthropoda","Insecta","Coleoptera","Carabidae","Harpalinae","Harpalini","Harpalus","Opadius","desertus",,"Harpalus desertus","LeConte","species",,"M",,"Noonan, G. R. 1991. Classification, Cladistics, and Natural History of Native North American Harpalus Latreille (Insecta: Coleoptera: Carabidae: Harpalini), excluding subgenera Glanodes and Pseudophonus.","Kipling Will","Essig Museum of Entomology",,"No known compromise","N",,
"0f1d7efd-bc34-40f3-bc36-a82d490fbfc6","MOAB_010.basePlot.bet","D13","MOAB","MOAB_010","2015-06-25","2015-07-09","2017-01-15","NEON.BET.D13.500029","EURGRO","Animalia","Arthropoda","Insecta","Coleoptera","Carabidae","Harpalinae","Harpalini","Euryderus",,"grossus",,"Euryderus grossus","Say","species",,"U",,"Lindroth, C. H. 1969. The ground-beetles (Carabidae, excl. Cicindelinae) of Canada and Alaska, parts 1-6. Opuscula E. Entomoligiska Sallskapet.","Kipling Will","Essig Museum of Entomology",,"No known compromise","N",,
"8ca0e4c8-eb8b-4118-9657-726b5624e389","MOAB_001.basePlot.bet","D13","MOAB","MOAB_001","2015-07-09","2015-07-23","2017-01-15","NEON.BET.D13.500102","CICPUN1","Animalia","Arthropoda","Insecta","Coleoptera","Carabidae","Cicindelinae","Cicindelini","Cicindela","Cicindelidia","punctulata","punctulata","Cicindela punctulata punctulata","Olivier","subspecies",,"F",,"Pearson, D., C. B. Knisley, and C. J. Kazilek. 2006. A Field Guide to the Tiger Beetles of the United States and Canada: Identification, Natural History, and Distribution of the Cicindelidae. Oxford University Press, New York.","Kipling Will","Essig Museum of Entomology",,"No known compromise","N",,
"22a5cdd1-ee3f-4d7b-b34f-aabee3839765","MOAB_001.basePlot.bet","D13","MOAB","MOAB_001","2015-07-09","2015-07-23","2017-01-15","NEON.BET.D13.500098","CICPUN1","Animalia","Arthropoda","Insecta","Coleoptera","Carabidae","Cicindelinae","Cicindelini","Cicindela","Cicindelidia","punctulata","punctulata","Cicindela punctulata punctulata","Olivier","subspecies",,"M",,"Pearson, D., C. B. Knisley, and C. J. Kazilek. 2006. A Field Guide to the Tiger Beetles of the United States and Canada: Identification, Natural History, and Distribution of the Cicindelidae. Oxford University Press, New York.","Kipling Will","Essig Museum of Entomology",,"No known compromise","N",,
"ed257f61-fdcf-4fa4-9d51-e554fe454ce0","MOAB_001.basePlot.bet","D13","MOAB","MOAB_001","2015-07-09","2015-07-23","2017-01-15","NEON.BET.D13.500101","CICPUN1","Animalia","Arthropoda","Insecta","Coleoptera","Carabidae","Cicindelinae","Cicindelini","Cicindela","Cicindelidia","punctulata","punctulata","Cicindela punctulata punctulata","Olivier","subspecies",,"F",,"Pearson, D., C. B. Knisley, and C. J. Kazilek. 2006. A Field Guide to the Tiger Beetles of the United States and Canada: Identification, Natural History, and Distribution of the Cicindelidae. Oxford University Press, New York.","Kipling Will","Essig Museum of Entomology",,"No known compromise","N",,
"a6b0c765-3b72-404f-813d-889bb809ae19","MOAB_002.basePlot.bet","D13","MOAB","MOAB_002","2015-07-09","2015-07-23","2017-01-15","NEON.BET.D13.500092","CICPUN1","Animalia","Arthropoda","Insecta","Coleoptera","Carabidae","Cicindelinae","Cicindelini","Cicindela","Cicindelidia","punctulata","punctulata","Cicindela punctulata punctulata","Olivier","subspecies",,"M",,"Pearson, D., C. B. Knisley, and C. J. Kazilek. 2006. A Field Guide to the Tiger Beetles of the United States and Canada: Identification, Natural History, and Distribution of the Cicindelidae. Oxford University Press, New York.","Kipling Will","Essig Museum of Entomology",,"No known compromise","N",,
"d5145cba-80ce-42dc-bf4a-0d5a9ca6dd18","MOAB_002.basePlot.bet","D13","MOAB","MOAB_002","2015-07-09","2015-07-23","2017-01-15","NEON.BET.D13.500090","CICPUN1","Animalia","Arthropoda","Insecta","Coleoptera","Carabidae","Cicindelinae","Cicindelini","Cicindela","Cicindelidia","punctulata","punctulata","Cicindela punctulata punctulata","Olivier","subspecies",,"M",,"Pearson, D., C. B. Knisley, and C. J. Kazilek. 2006. A Field Guide to the Tiger Beetles of the United States and Canada: Identification, Natural History, and Distribution of the Cicindelidae. Oxford University Press, New York.","Kipling Will","Essig Museum of Entomology",,"No known compromise","N",,
"d71f25c8-e16e-45cb-bc65-b8c85d58daa7","MOAB_002.basePlot.bet","D13","MOAB","MOAB_002","2015-07-09","2015-07-23","2017-01-15","NEON.BET.D13.500082","CICPUN1","Animalia","Arthropoda","Insecta","Coleoptera","Carabidae","Cicindelinae","Cicindelini","Cicindela","Cicindelidia","punctulata","punctulata","Cicindela punctulata punctulata","Olivier","subspecies",,"M",,"Pearson, D., C. B. Knisley, and C. J. Kazilek. 2006. A Field Guide to the Tiger Beetles of the United States and Canada: Identification, Natural History, and Distribution of the Cicindelidae. Oxford University Press, New York.","Kipling Will","Essig Museum of Entomology",,"No known compromise","N",,
"e6105c63-8170-4629-a08f-e9ac4b41c211","MOAB_002.basePlot.bet","D13","MOAB","MOAB_002","2015-07-09","2015-07-23","2017-01-15","NEON.BET.D13.500089","CICPUN1","Animalia","Arthropoda","Insecta","Coleoptera","Carabidae","Cicindelinae","Cicindelini","Cicindela","Cicindelidia","punctulata","punctulata","Cicindela punctulata punctulata","Olivier","subspecies",,"M",,"Pearson, D., C. B. Knisley, and C. J. Kazilek. 2006. A Field Guide to the Tiger Beetles of the United States and Canada: Identification, Natural History, and Distribution of the Cicindelidae. Oxford University Press, New York.","Kipling Will","Essig Museum of Entomology",,"No known compromise","N",,
"757933fe-8f8e-46b0-8dc7-c46b605ffaec","MOAB_002.basePlot.bet","D13","MOAB","MOAB_002","2015-07-09","2015-07-23","2017-01-15","NEON.BET.D13.500079","CICPUN1","Animalia","Arthropoda","Insecta","Coleoptera","Carabidae","Cicindelinae","Cicindelini","Cicindela","Cicindelidia","punctulata","punctulata","Cicindela punctulata punctulata","Olivier","subspecies",,"M",,"Pearson, D., C. B. Knisley, and C. J. Kazilek. 2006. A Field Guide to the Tiger Beetles of the United States and Canada: Identification, Natural History, and Distribution of the Cicindelidae. Oxford University Press, New York.","Kipling Will","Essig Museum of Entomology",,"No known compromise","N",,
"1458efa9-7372-4b11-bd88-401df5dad2f5","MOAB_002.basePlot.bet","D13","MOAB","MOAB_002","2015-07-09","2015-07-23","2017-01-15","NEON.BET.D13.500083","CICPUN1","Animalia","Arthropoda","Insecta","Coleoptera","Carabidae","Cicindelinae","Cicindelini","Cicindela","Cicindelidia","punctulata","punctulata","Cicindela punctulata punctulata","Olivier","subspecies",,"M",,"Pearson, D., C. B. Knisley, and C. J. Kazilek. 2006. A Field Guide to the Tiger Beetles of the United States and Canada: Identification, Natural History, and Distribution of the Cicindelidae. Oxford University Press, New York.","Kipling Will","Essig Museum of Entomology",,"No known compromise","N",,
"711dee61-dfcc-4493-8674-12f8eac35e25","MOAB_002.basePlot.bet","D13","MOAB","MOAB_002","2015-07-09","2015-07-23","2017-01-15","NEON.BET.D13.500086","CICPUN1","Animalia","Arthropoda","Insecta","Coleoptera","Carabidae","Cicindelinae","Cicindelini","Cicindela","Cicindelidia","punctulata","punctulata","Cicindela punctulata punctulata","Olivier","subspecies",,"M",,"Pearson, D., C. B. Knisley, and C. J. Kazilek. 2006. A Field Guide to the Tiger Beetles of the United States and Canada: Identification, Natural History, and Distribution of the Cicindelidae. Oxford University Press, New York.","Kipling Will","Essig Museum of Entomology",,"No known compromise","N",,
"d5366d25-2581-4664-a998-5453d48cb83d","MOAB_002.basePlot.bet","D13","MOAB","MOAB_002","2015-07-09","2015-07-23","2017-01-15","NEON.BET.D13.500087","CICPUN1","Animalia","Arthropoda","Insecta","Coleoptera","Carabidae","Cicindelinae","Cicindelini","Cicindela","Cicindelidia","punctulata","punctulata","Cicindela punctulata punctulata","Olivier","subspecies",,"F",,"Pearson, D., C. B. Knisley, and C. J. Kazilek. 2006. A Field Guide to the Tiger Beetles of the United States and Canada: Identification, Natural History, and Distribution of the Cicindelidae. Oxford University Press, New York.","Kipling Will","Essig Museum of Entomology",,"No known compromise","N",,
"4250dad6-e6dd-425b-a165-e3645ef0ffd2","MOAB_002.basePlot.bet","D13","MOAB","MOAB_002","2015-07-09","2015-07-23","2017-01-15","NEON.BET.D13.500091","PIOSET","Animalia","Arthropoda","Insecta","Coleoptera","Carabidae","Harpalinae","Harpalini","Piosoma",,"setosum",,"Piosoma setosum","LeConte","species",,"F",,"Lindroth, C. H. 1969. The ground-beetles (Carabidae, excl. Cicindelinae) of Canada and Alaska, parts 1-6. Opuscula E. Entomoligiska Sallskapet.","Kipling Will","Essig Museum of Entomology",,"No known compromise","N",,
"384b0ea7-70d0-4a3a-b66b-1b599929aced","MOAB_002.basePlot.bet","D13","MOAB","MOAB_002","2015-07-09","2015-07-23","2017-01-15","NEON.BET.D13.500080","CICPUN1","Animalia","Arthropoda","Insecta","Coleoptera","Carabidae","Cicindelinae","Cicindelini","Cicindela","Cicindelidia","punctulata","punctulata","Cicindela punctulata punctulata","Olivier","subspecies",,"M",,"Pearson, D., C. B. Knisley, and C. J. Kazilek. 2006. A Field Guide to the Tiger Beetles of the United States and Canada: Identification, Natural History, and Distribution of the Cicindelidae. Oxford University Press, New York.","Kipling Will","Essig Museum of Entomology",,"No known compromise","N",,
"d89e8883-7509-40ea-9a81-ba21bc84c271","MOAB_002.basePlot.bet","D13","MOAB","MOAB_002","2015-07-09","2015-07-23","2017-01-15","NEON.BET.D13.500088","CICPUN1","Animalia","Arthropoda","Insecta","Coleoptera","Carabidae","Cicindelinae","Cicindelini","Cicindela","Cicindelidia","punctulata","punctulata","Cicindela punctulata punctulata","Olivier","subspecies",,"M",,"Pearson, D., C. B. Knisley, and C. J. Kazilek. 2006. A Field Guide to the Tiger Beetles of the United States and Canada: Identification, Natural History, and Distribution of the Cicindelidae. Oxford University Press, New York.","Kipling Will","Essig Museum of Entomology",,"No known compromise","N",,
"8219fc7b-da0d-4a61-bb5c-bd426507e500","MOAB_002.basePlot.bet","D13","MOAB","MOAB_002","2015-07-09","2015-07-23","2017-01-15","NEON.BET.D13.500084","CICPUN1","Animalia","Arthropoda","Insecta","Coleoptera","Carabidae","Cicindelinae","Cicindelini","Cicindela","Cicindelidia","punctulata","punctulata","Cicindela punctulata punctulata","Olivier","subspecies",,"M",,"Pearson, D., C. B. Knisley, and C. J. Kazilek. 2006. A Field Guide to the Tiger Beetles of the United States and Canada: Identification, Natural History, and Distribution of the Cicindelidae. Oxford University Press, New York.","Kipling Will","Essig Museum of Entomology",,"No known compromise","N",,
"5d9ece8e-2793-489a-ae4f-aba6c086ffb3","MOAB_002.basePlot.bet","D13","MOAB","MOAB_002","2015-07-09","2015-07-23","2017-01-15","NEON.BET.D13.500085","CICPUN1","Animalia","Arthropoda","Insecta","Coleoptera","Carabidae","Cicindelinae","Cicindelini","Cicindela","Cicindelidia","punctulata","punctulata","Cicindela punctulata punctulata","Olivier","subspecies",,"M",,"Pearson, D., C. B. Knisley, and C. J. Kazilek. 2006. A Field Guide to the Tiger Beetles of the United States and Canada: Identification, Natural History, and Distribution of the Cicindelidae. Oxford University Press, New York.","Kipling Will","Essig Museum of Entomology",,"No known compromise","N",,
"c9fdb277-c8cc-4a2b-b823-0baa32a9ca44","MOAB_002.basePlot.bet","D13","MOAB","MOAB_002","2015-07-09","2015-07-23","2017-01-15","NEON.BET.D13.500078","CICPUN1","Animalia","Arthropoda","Insecta","Coleoptera","Carabidae","Cicindelinae","Cicindelini","Cicindela","Cicindelidia","punctulata","punctulata","Cicindela punctulata punctulata","Olivier","subspecies",,"F",,"Pearson, D., C. B. Knisley, and C. J. Kazilek. 2006. A Field Guide to the Tiger Beetles of the United States and Canada: Identification, Natural History, and Distribution of the Cicindelidae. Oxford University Press, New York.","Kipling Will","Essig Museum of Entomology",,"No known compromise","N",,
"9e96bd86-3f0f-4b7b-8389-aadb97eb56b0","MOAB_002.basePlot.bet","D13","MOAB","MOAB_002","2015-07-09","2015-07-23","2017-01-15","NEON.BET.D13.500077","CICPUN1","Animalia","Arthropoda","Insecta","Coleoptera","Carabidae","Cicindelinae","Cicindelini","Cicindela","Cicindelidia","punctulata","punctulata","Cicindela punctulata punctulata","Olivier","subspecies",,"M",,"Pearson, D., C. B. Knisley, and C. J. Kazilek. 2006. A Field Guide to the Tiger Beetles of the United States and Canada: Identification, Natural History, and Distribution of the Cicindelidae. Oxford University Press, New York.","Kipling Will","Essig Museum of Entomology",,"No known compromise","N",,
"fbfcbeb4-5742-4b33-a07a-2549f328dead","MOAB_002.basePlot.bet","D13","MOAB","MOAB_002","2015-07-09","2015-07-23","2017-01-15","NEON.BET.D13.500081","CICPUN1","Animalia","Arthropoda","Insecta","Coleoptera","Carabidae","Cicindelinae","Cicindelini","Cicindela","Cicindelidia","punctulata","punctulata","Cicindela punctulata punctulata","Olivier","subspecies",,"F",,"Pearson, D., C. B. Knisley, and C. J. Kazilek. 2006. A Field Guide to the Tiger Beetles of the United States and Canada: Identification, Natural History, and Distribution of the Cicindelidae. Oxford University Press, New York.","Kipling Will","Essig Museum of Entomology",,"No known compromise","N",,
"03f55ad6-68d3-4ca2-a5b5-13851ed68e2c","MOAB_001.basePlot.bet","D13","MOAB","MOAB_001","2015-07-09","2015-07-23","2017-01-15","NEON.BET.D13.500094","CICPUN1","Animalia","Arthropoda","Insecta","Coleoptera","Carabidae","Cicindelinae","Cicindelini","Cicindela","Cicindelidia","punctulata","punctulata","Cicindela punctulata punctulata","Olivier","subspecies",,"F",,"Pearson, D., C. B. Knisley, and C. J. Kazilek. 2006. A Field Guide to the Tiger Beetles of the United States and Canada: Identification, Natural History, and Distribution of the Cicindelidae. Oxford University Press, New York.","Kipling Will","Essig Museum of Entomology",,"No known compromise","N",,
"4620ec05-cb9d-4096-80c8-c9da9b61ec13","MOAB_010.basePlot.bet","D13","MOAB","MOAB_010","2015-07-09","2015-07-23","2017-01-15","NEON.BET.D13.500075","CICPUN1","Animalia","Arthropoda","Insecta","Coleoptera","Carabidae","Cicindelinae","Cicindelini","Cicindela","Cicindelidia","punctulata","punctulata","Cicindela punctulata punctulata","Olivier","subspecies",,"M",,"Pearson, D., C. B. Knisley, and C. J. Kazilek. 2006. A Field Guide to the Tiger Beetles of the United States and Canada: Identification, Natural History, and Distribution of the Cicindelidae. Oxford University Press, New York.","Kipling Will","Essig Museum of Entomology",,"No known compromise","N",,
"1ee2080a-d194-4390-b4d1-cc88846592cf","MOAB_010.basePlot.bet","D13","MOAB","MOAB_010","2015-07-09","2015-07-23","2017-01-15","NEON.BET.D13.500071","HARCOR","Animalia","Arthropoda","Insecta","Coleoptera","Carabidae","Harpalinae","Harpalini","Harpalus","Opadius","cordatus",,"Harpalus cordatus","LeConte","species",,"F",,"Noonan, G. R. 1991. Classification, Cladistics, and Natural History of Native North American Harpalus Latreille (Insecta: Coleoptera: Carabidae: Harpalini), excluding subgenera Glanodes and Pseudophonus.","Kipling Will","Essig Museum of Entomology",,"No known compromise","N",,
"8d27bc7d-ba89-490a-9067-e29c56dae166","MOAB_010.basePlot.bet","D13","MOAB","MOAB_010","2015-07-09","2015-07-23","2017-01-15","NEON.BET.D13.500072","CICPUN1","Animalia","Arthropoda","Insecta","Coleoptera","Carabidae","Cicindelinae","Cicindelini","Cicindela","Cicindelidia","punctulata","punctulata","Cicindela punctulata punctulata","Olivier","subspecies",,"M",,"Pearson, D., C. B. Knisley, and C. J. Kazilek. 2006. A Field Guide to the Tiger Beetles of the United States and Canada: Identification, Natural History, and Distribution of the Cicindelidae. Oxford University Press, New York.","Kipling Will","Essig Museum of Entomology",,"No known compromise","N",,
"6ce98779-a079-44bd-879e-050f3043ca0d","MOAB_010.basePlot.bet","D13","MOAB","MOAB_010","2015-07-09","2015-07-23","2017-01-15","NEON.BET.D13.500074","CICPUN1","Animalia","Arthropoda","Insecta","Coleoptera","Carabidae","Cicindelinae","Cicindelini","Cicindela","Cicindelidia","punctulata","punctulata","Cicindela punctulata punctulata","Olivier","subspecies",,"M",,"Pearson, D., C. B. Knisley, and C. J. Kazilek. 2006. A Field Guide to the Tiger Beetles of the United States and Canada: Identification, Natural History, and Distribution of the Cicindelidae. Oxford University Press, New York.","Kipling Will","Essig Museum of Entomology",,"No known compromise","N",,
"72033b55-88b7-4042-8289-5521477ad83f","MOAB_010.basePlot.bet","D13","MOAB","MOAB_010","2015-07-09","2015-07-23","2017-01-15","NEON.BET.D13.500076","PIOSET","Animalia","Arthropoda","Insecta","Coleoptera","Carabidae","Harpalinae","Harpalini","Piosoma",,"setosum",,"Piosoma setosum","LeConte","species",,"F",,"Lindroth, C. H. 1969. The ground-beetles (Carabidae, excl. Cicindelinae) of Canada and Alaska, parts 1-6. Opuscula E. Entomoligiska Sallskapet.","Kipling Will","Essig Museum of Entomology",,"No known compromise","N",,
"ad373944-5e7a-4c43-b6d2-64019cfc9704","MOAB_010.basePlot.bet","D13","MOAB","MOAB_010","2015-07-09","2015-07-23","2017-01-15","NEON.BET.D13.500073","CICPUN1","Animalia","Arthropoda","Insecta","Coleoptera","Carabidae","Cicindelinae","Cicindelini","Cicindela","Cicindelidia","punctulata","punctulata","Cicindela punctulata punctulata","Olivier","subspecies",,"F",,"Pearson, D., C. B. Knisley, and C. J. Kazilek. 2006. A Field Guide to the Tiger Beetles of the United States and Canada: Identification, Natural History, and Distribution of the Cicindelidae. Oxford University Press, New York.","Kipling Will","Essig Museum of Entomology",,"No known compromise","N",,
"4d832da0-6f5b-415a-af4b-4ac64208c268","MOAB_005.basePlot.bet","D13","MOAB","MOAB_005","2015-07-09","2015-07-23","2017-01-15","NEON.BET.D13.500063","CICPUN1","Animalia","Arthropoda","Insecta","Coleoptera","Carabidae","Cicindelinae","Cicindelini","Cicindela","Cicindelidia","punctulata","punctulata","Cicindela punctulata punctulata","Olivier","subspecies",,"F",,"Pearson, D., C. B. Knisley, and C. J. Kazilek. 2006. A Field Guide to the Tiger Beetles of the United States and Canada: Identification, Natural History, and Distribution of the Cicindelidae. Oxford University Press, New York.","Kipling Will","Essig Museum of Entomology",,"No known compromise","N",,
"bfce6f49-fd7e-4bca-9504-bbb31e310aea","MOAB_005.basePlot.bet","D13","MOAB","MOAB_005","2015-07-09","2015-07-23","2017-01-15","NEON.BET.D13.500064","CICPUN1","Animalia","Arthropoda","Insecta","Coleoptera","Carabidae","Cicindelinae","Cicindelini","Cicindela","Cicindelidia","punctulata","punctulata","Cicindela punctulata punctulata","Olivier","subspecies",,"M",,"Pearson, D., C. B. Knisley, and C. J. Kazilek. 2006. A Field Guide to the Tiger Beetles of the United States and Canada: Identification, Natural History, and Distribution of the Cicindelidae. Oxford University Press, New York.","Kipling Will","Essig Museum of Entomology",,"No known compromise","N",,
"c2ee6e4c-6281-4bdd-9d30-01f750864736","MOAB_005.basePlot.bet","D13","MOAB","MOAB_005","2015-07-09","2015-07-23","2017-01-15","NEON.BET.D13.500067","CICPUN1","Animalia","Arthropoda","Insecta","Coleoptera","Carabidae","Cicindelinae","Cicindelini","Cicindela","Cicindelidia","punctulata","punctulata","Cicindela punctulata punctulata","Olivier","subspecies",,"F",,"Pearson, D., C. B. Knisley, and C. J. Kazilek. 2006. A Field Guide to the Tiger Beetles of the United States and Canada: Identification, Natural History, and Distribution of the Cicindelidae. Oxford University Press, New York.","Kipling Will","Essig Museum of Entomology",,"No known compromise","N",,
"55a4bf10-f6b5-42dd-83a7-5b349982be66","MOAB_005.basePlot.bet","D13","MOAB","MOAB_005","2015-07-09","2015-07-23","2017-01-15","NEON.BET.D13.500061","CICPUN1","Animalia","Arthropoda","Insecta","Coleoptera","Carabidae","Cicindelinae","Cicindelini","Cicindela","Cicindelidia","punctulata","punctulata","Cicindela punctulata punctulata","Olivier","subspecies",,"F",,"Pearson, D., C. B. Knisley, and C. J. Kazilek. 2006. A Field Guide to the Tiger Beetles of the United States and Canada: Identification, Natural History, and Distribution of the Cicindelidae. Oxford University Press, New York.","Kipling Will","Essig Museum of Entomology",,"No known compromise","N",,
"8b47935b-b131-4e33-ac0f-83282169369a","MOAB_005.basePlot.bet","D13","MOAB","MOAB_005","2015-07-09","2015-07-23","2017-01-15","NEON.BET.D13.500068","CICPUN1","Animalia","Arthropoda","Insecta","Coleoptera","Carabidae","Cicindelinae","Cicindelini","Cicindela","Cicindelidia","punctulata","punctulata","Cicindela punctulata punctulata","Olivier","subspecies",,"M",,"Pearson, D., C. B. Knisley, and C. J. Kazilek. 2006. A Field Guide to the Tiger Beetles of the United States and Canada: Identification, Natural History, and Distribution of the Cicindelidae. Oxford University Press, New York.","Kipling Will","Essig Museum of Entomology",,"No known compromise","N",,
"c8e0655a-e467-46e0-aeb4-afbd521bf02a","MOAB_005.basePlot.bet","D13","MOAB","MOAB_005","2015-07-09","2015-07-23","2017-01-15","NEON.BET.D13.500062","CICPUN1","Animalia","Arthropoda","Insecta","Coleoptera","Carabidae","Cicindelinae","Cicindelini","Cicindela","Cicindelidia","punctulata","punctulata","Cicindela punctulata punctulata","Olivier","subspecies",,"F",,"Pearson, D., C. B. Knisley, and C. J. Kazilek. 2006. A Field Guide to the Tiger Beetles of the United States and Canada: Identification, Natural History, and Distribution of the Cicindelidae. Oxford University Press, New York.","Kipling Will","Essig Museum of Entomology",,"No known compromise","N",,
"f8198769-6d84-430e-843f-ff14ca47ee1a","MOAB_005.basePlot.bet","D13","MOAB","MOAB_005","2015-07-09","2015-07-23","2017-01-15","NEON.BET.D13.500069","CICPUN1","Animalia","Arthropoda","Insecta","Coleoptera","Carabidae","Cicindelinae","Cicindelini","Cicindela","Cicindelidia","punctulata","punctulata","Cicindela punctulata punctulata","Olivier","subspecies",,"F",,"Pearson, D., C. B. Knisley, and C. J. Kazilek. 2006. A Field Guide to the Tiger Beetles of the United States and Canada: Identification, Natural History, and Distribution of the Cicindelidae. Oxford University Press, New York.","Kipling Will","Essig Museum of Entomology",,"No known compromise","N",,
"ff838fa3-2890-4490-b1dc-d9bad4dd48c3","MOAB_005.basePlot.bet","D13","MOAB","MOAB_005","2015-07-09","2015-07-23","2017-01-15","NEON.BET.D13.500066","CICPUN1","Animalia","Arthropoda","Insecta","Coleoptera","Carabidae","Cicindelinae","Cicindelini","Cicindela","Cicindelidia","punctulata","punctulata","Cicindela punctulata punctulata","Olivier","subspecies",,"F",,"Pearson, D., C. B. Knisley, and C. J. Kazilek. 2006. A Field Guide to the Tiger Beetles of the United States and Canada: Identification, Natural History, and Distribution of the Cicindelidae. Oxford University Press, New York.","Kipling Will","Essig Museum of Entomology",,"No known compromise","N",,
"5634eea8-44a8-434a-a1d7-b6e30e23cfc3","MOAB_005.basePlot.bet","D13","MOAB","MOAB_005","2015-07-09","2015-07-23","2017-01-15","NEON.BET.D13.500070","CICPUN1","Animalia","Arthropoda","Insecta","Coleoptera","Carabidae","Cicindelinae","Cicindelini","Cicindela","Cicindelidia","punctulata","punctulata","Cicindela punctulata punctulata","Olivier","subspecies",,"F",,"Pearson, D., C. B. Knisley, and C. J. Kazilek. 2006. A Field Guide to the Tiger Beetles of the United States and Canada: Identification, Natural History, and Distribution of the Cicindelidae. Oxford University Press, New York.","Kipling Will","Essig Museum of Entomology",,"No known compromise","N",,
"03c3cb7f-b233-4730-b9cd-f8eb7866cdda","MOAB_005.basePlot.bet","D13","MOAB","MOAB_005","2015-07-09","2015-07-23","2017-01-15","NEON.BET.D13.500065","CICPUN1","Animalia","Arthropoda","Insecta","Coleoptera","Carabidae","Cicindelinae","Cicindelini","Cicindela","Cicindelidia","punctulata","punctulata","Cicindela punctulata punctulata","Olivier","subspecies",,"F",,"Pearson, D., C. B. Knisley, and C. J. Kazilek. 2006. A Field Guide to the Tiger Beetles of the United States and Canada: Identification, Natural History, and Distribution of the Cicindelidae. Oxford University Press, New York.","Kipling Will","Essig Museum of Entomology",,"No known compromise","N",,
"69407bd5-c437-4298-a4bb-8dd2466cd776","MOAB_005.basePlot.bet","D13","MOAB","MOAB_005","2015-07-09","2015-07-23","2017-01-15","NEON.BET.D13.500059","CICPUN1","Animalia","Arthropoda","Insecta","Coleoptera","Carabidae","Cicindelinae","Cicindelini","Cicindela","Cicindelidia","punctulata","punctulata","Cicindela punctulata punctulata","Olivier","subspecies",,"F",,"Pearson, D., C. B. Knisley, and C. J. Kazilek. 2006. A Field Guide to the Tiger Beetles of the United States and Canada: Identification, Natural History, and Distribution of the Cicindelidae. Oxford University Press, New York.","Kipling Will","Essig Museum of Entomology",,"No known compromise","N",,
"65c9c08c-6c07-4eb5-b665-96390cfcfda4","MOAB_006.basePlot.bet","D13","MOAB","MOAB_006","2015-07-09","2015-07-23","2017-01-15","NEON.BET.D13.500057","SELPLA","Animalia","Arthropoda","Insecta","Coleoptera","Carabidae","Harpalinae","Harpalini","Selenophorus","Selenophorus","planipennis",,"Selenophorus planipennis","LeConte","species",,"F",,"Lindroth, C. H. 1969. The ground-beetles (Carabidae, excl. Cicindelinae) of Canada and Alaska, parts 1-6. Opuscula E. Entomoligiska Sallskapet.","Kipling Will","Essig Museum of Entomology",,"No known compromise","N",,
"86a39140-96d7-485e-99fe-3444c32f6278","MOAB_003.basePlot.bet","D13","MOAB","MOAB_003","2015-07-09","2015-07-23","2017-01-15","NEON.BET.D13.500093","HARRET","Animalia","Arthropoda","Insecta","Coleoptera","Carabidae","Harpalinae","Harpalini","Harpalus","Plectralidus","retractus",,"Harpalus retractus","LeConte","species",,"M",,"Noonan, G. R. 1991. Classification, Cladistics, and Natural History of Native North American Harpalus Latreille (Insecta: Coleoptera: Carabidae: Harpalini), excluding subgenera Glanodes and Pseudophonus.","Kipling Will","Essig Museum of Entomology",,"No known compromise","N",,
"0f901f4c-03c0-465f-b0fc-1fbfcda5ed7d","MOAB_006.basePlot.bet","D13","MOAB","MOAB_006","2015-07-09","2015-07-23","2017-01-15","NEON.BET.D13.500058","CICPUN1","Animalia","Arthropoda","Insecta","Coleoptera","Carabidae","Cicindelinae","Cicindelini","Cicindela","Cicindelidia","punctulata","punctulata","Cicindela punctulata punctulata","Olivier","subspecies",,"M",,"Pearson, D., C. B. Knisley, and C. J. Kazilek. 2006. A Field Guide to the Tiger Beetles of the United States and Canada: Identification, Natural History, and Distribution of the Cicindelidae. Oxford University Press, New York.","Kipling Will","Essig Museum of Entomology",,"No known compromise","N",,
"a06b8f4d-ef00-49e0-9455-87507c265738","MOAB_004.basePlot.bet","D13","MOAB","MOAB_004","2015-07-09","2015-07-23","2017-01-15","NEON.BET.D13.500055","CICPUN1","Animalia","Arthropoda","Insecta","Coleoptera","Carabidae","Cicindelinae","Cicindelini","Cicindela","Cicindelidia","punctulata","punctulata","Cicindela punctulata punctulata","Olivier","subspecies",,"F",,"Pearson, D., C. B. Knisley, and C. J. Kazilek. 2006. A Field Guide to the Tiger Beetles of the United States and Canada: Identification, Natural History, and Distribution of the Cicindelidae. Oxford University Press, New York.","Kipling Will","Essig Museum of Entomology",,"No known compromise","N",,
"e5919d84-5813-4449-a406-b54be92e42a8","MOAB_004.basePlot.bet","D13","MOAB","MOAB_004","2015-07-09","2015-07-23","2017-01-15","NEON.BET.D13.500049","CICPUN1","Animalia","Arthropoda","Insecta","Coleoptera","Carabidae","Cicindelinae","Cicindelini","Cicindela","Cicindelidia","punctulata","punctulata","Cicindela punctulata punctulata","Olivier","subspecies",,"M",,"Pearson, D., C. B. Knisley, and C. J. Kazilek. 2006. A Field Guide to the Tiger Beetles of the United States and Canada: Identification, Natural History, and Distribution of the Cicindelidae. Oxford University Press, New York.","Kipling Will","Essig Museum of Entomology",,"No known compromise","N",,
"51b6ec9d-c951-44e0-acec-bd20027fbc43","MOAB_004.basePlot.bet","D13","MOAB","MOAB_004","2015-07-09","2015-07-23","2017-01-15","NEON.BET.D13.500048","CICPUN1","Animalia","Arthropoda","Insecta","Coleoptera","Carabidae","Cicindelinae","Cicindelini","Cicindela","Cicindelidia","punctulata","punctulata","Cicindela punctulata punctulata","Olivier","subspecies",,"F",,"Pearson, D., C. B. Knisley, and C. J. Kazilek. 2006. A Field Guide to the Tiger Beetles of the United States and Canada: Identification, Natural History, and Distribution of the Cicindelidae. Oxford University Press, New York.","Kipling Will","Essig Museum of Entomology",,"No known compromise","N",,
"d9830ef6-e022-4855-9fa2-34d6be3086d0","MOAB_004.basePlot.bet","D13","MOAB","MOAB_004","2015-07-09","2015-07-23","2017-01-15","NEON.BET.D13.500052","CICPUN1","Animalia","Arthropoda","Insecta","Coleoptera","Carabidae","Cicindelinae","Cicindelini","Cicindela","Cicindelidia","punctulata","punctulata","Cicindela punctulata punctulata","Olivier","subspecies",,"F",,"Pearson, D., C. B. Knisley, and C. J. Kazilek. 2006. A Field Guide to the Tiger Beetles of the United States and Canada: Identification, Natural History, and Distribution of the Cicindelidae. Oxford University Press, New York.","Kipling Will","Essig Museum of Entomology",,"No known compromise","N",,
"7c9e8704-5ef0-462e-a086-fefe39442522","MOAB_004.basePlot.bet","D13","MOAB","MOAB_004","2015-07-09","2015-07-23","2017-01-15","NEON.BET.D13.500054","CICPUN1","Animalia","Arthropoda","Insecta","Coleoptera","Carabidae","Cicindelinae","Cicindelini","Cicindela","Cicindelidia","punctulata","punctulata","Cicindela punctulata punctulata","Olivier","subspecies",,"F",,"Pearson, D., C. B. Knisley, and C. J. Kazilek. 2006. A Field Guide to the Tiger Beetles of the United States and Canada: Identification, Natural History, and Distribution of the Cicindelidae. Oxford University Press, New York.","Kipling Will","Essig Museum of Entomology",,"No known compromise","N",,
"c9916ea4-17fc-4d86-95e9-a02291474cc9","MOAB_004.basePlot.bet","D13","MOAB","MOAB_004","2015-07-09","2015-07-23","2017-01-15","NEON.BET.D13.500047","CICPUN1","Animalia","Arthropoda","Insecta","Coleoptera","Carabidae","Cicindelinae","Cicindelini","Cicindela","Cicindelidia","punctulata","punctulata","Cicindela punctulata punctulata","Olivier","subspecies",,"F",,"Pearson, D., C. B. Knisley, and C. J. Kazilek. 2006. A Field Guide to the Tiger Beetles of the United States and Canada: Identification, Natural History, and Distribution of the Cicindelidae. Oxford University Press, New York.","Kipling Will","Essig Museum of Entomology",,"No known compromise","N",,
"ea7cc87c-7911-4bee-9b6c-7fa82b972292","MOAB_004.basePlot.bet","D13","MOAB","MOAB_004","2015-07-09","2015-07-23","2017-01-15","NEON.BET.D13.500046","CICPUN1","Animalia","Arthropoda","Insecta","Coleoptera","Carabidae","Cicindelinae","Cicindelini","Cicindela","Cicindelidia","punctulata","punctulata","Cicindela punctulata punctulata","Olivier","subspecies",,"F",,"Pearson, D., C. B. Knisley, and C. J. Kazilek. 2006. A Field Guide to the Tiger Beetles of the United States and Canada: Identification, Natural History, and Distribution of the Cicindelidae. Oxford University Press, New York.","Kipling Will","Essig Museum of Entomology",,"No known compromise","N",,
"a1717e7c-6c75-49b2-9c90-8719ab01b5aa","MOAB_004.basePlot.bet","D13","MOAB","MOAB_004","2015-07-09","2015-07-23","2017-01-15","NEON.BET.D13.500051","CICPUN1","Animalia","Arthropoda","Insecta","Coleoptera","Carabidae","Cicindelinae","Cicindelini","Cicindela","Cicindelidia","punctulata","punctulata","Cicindela punctulata punctulata","Olivier","subspecies",,"F",,"Pearson, D., C. B. Knisley, and C. J. Kazilek. 2006. A Field Guide to the Tiger Beetles of the United States and Canada: Identification, Natural History, and Distribution of the Cicindelidae. Oxford University Press, New York.","Kipling Will","Essig Museum of Entomology",,"No known compromise","N",,
"25a07305-610e-4dc2-8a5d-3fc6a6eab260","MOAB_004.basePlot.bet","D13","MOAB","MOAB_004","2015-07-09","2015-07-23","2017-01-15","NEON.BET.D13.500050","CICPUN1","Animalia","Arthropoda","Insecta","Coleoptera","Carabidae","Cicindelinae","Cicindelini","Cicindela","Cicindelidia","punctulata","punctulata","Cicindela punctulata punctulata","Olivier","subspecies",,"F",,"Pearson, D., C. B. Knisley, and C. J. Kazilek. 2006. A Field Guide to the Tiger Beetles of the United States and Canada: Identification, Natural History, and Distribution of the Cicindelidae. Oxford University Press, New York.","Kipling Will","Essig Museum of Entomology",,"No known compromise","N",,
"97de5516-4d12-45cf-b0ac-5b0c458acc36","MOAB_004.basePlot.bet","D13","MOAB","MOAB_004","2015-07-09","2015-07-23","2017-01-15","NEON.BET.D13.500045","CICPUN1","Animalia","Arthropoda","Insecta","Coleoptera","Carabidae","Cicindelinae","Cicindelini","Cicindela","Cicindelidia","punctulata","punctulata","Cicindela punctulata punctulata","Olivier","subspecies",,"M",,"Pearson, D., C. B. Knisley, and C. J. Kazilek. 2006. A Field Guide to the Tiger Beetles of the United States and Canada: Identification, Natural History, and Distribution of the Cicindelidae. Oxford University Press, New York.","Kipling Will","Essig Museum of Entomology",,"No known compromise","N",,
"9bd774e2-baf7-4b3d-aed1-83f62069cb6a","MOAB_004.basePlot.bet","D13","MOAB","MOAB_004","2015-07-09","2015-07-23","2017-01-15","NEON.BET.D13.500053","CICPUN1","Animalia","Arthropoda","Insecta","Coleoptera","Carabidae","Cicindelinae","Cicindelini","Cicindela","Cicindelidia","punctulata","punctulata","Cicindela punctulata punctulata","Olivier","subspecies",,"F",,"Pearson, D., C. B. Knisley, and C. J. Kazilek. 2006. A Field Guide to the Tiger Beetles of the United States and Canada: Identification, Natural History, and Distribution of the Cicindelidae. Oxford University Press, New York.","Kipling Will","Essig Museum of Entomology",,"No known compromise","N",,
"c1e32cfa-6840-48ce-980d-4c1b34e70b8e","MOAB_001.basePlot.bet","D13","MOAB","MOAB_001","2015-07-09","2015-07-23","2017-01-15","NEON.BET.D13.500095","CICPUN1","Animalia","Arthropoda","Insecta","Coleoptera","Carabidae","Cicindelinae","Cicindelini","Cicindela","Cicindelidia","punctulata","punctulata","Cicindela punctulata punctulata","Olivier","subspecies",,"F",,"Pearson, D., C. B. Knisley, and C. J. Kazilek. 2006. A Field Guide to the Tiger Beetles of the United States and Canada: Identification, Natural History, and Distribution of the Cicindelidae. Oxford University Press, New York.","Kipling Will","Essig Museum of Entomology",,"No known compromise","N",,
"12069210-835c-479f-a6ab-f34083771e15","MOAB_001.basePlot.bet","D13","MOAB","MOAB_001","2015-07-09","2015-07-23","2017-01-15","NEON.BET.D13.500096","CICPUN1","Animalia","Arthropoda","Insecta","Coleoptera","Carabidae","Cicindelinae","Cicindelini","Cicindela","Cicindelidia","punctulata","punctulata","Cicindela punctulata punctulata","Olivier","subspecies",,"F",,"Pearson, D., C. B. Knisley, and C. J. Kazilek. 2006. A Field Guide to the Tiger Beetles of the United States and Canada: Identification, Natural History, and Distribution of the Cicindelidae. Oxford University Press, New York.","Kipling Will","Essig Museum of Entomology",,"No known compromise","N",,
"bb4472c3-f6c4-428f-b139-dd6c64fce3a3","MOAB_009.basePlot.bet","D13","MOAB","MOAB_009","2015-07-09","2015-07-23","2017-01-15","NEON.BET.D13.500104","CICPUN1","Animalia","Arthropoda","Insecta","Coleoptera","Carabidae","Cicindelinae","Cicindelini","Cicindela","Cicindelidia","punctulata","punctulata","Cicindela punctulata punctulata","Olivier","subspecies",,"F",,"Pearson, D., C. B. Knisley, and C. J. Kazilek. 2006. A Field Guide to the Tiger Beetles of the United States and Canada: Identification, Natural History, and Distribution of the Cicindelidae. Oxford University Press, New York.","Kipling Will","Essig Museum of Entomology",,"No known compromise","N",,
"2593da61-92a6-449f-a02f-5e405a8eb391","MOAB_009.basePlot.bet","D13","MOAB","MOAB_009","2015-07-09","2015-07-23","2017-01-15","NEON.BET.D13.500106","CICPUN1","Animalia","Arthropoda","Insecta","Coleoptera","Carabidae","Cicindelinae","Cicindelini","Cicindela","Cicindelidia","punctulata","punctulata","Cicindela punctulata punctulata","Olivier","subspecies",,"F",,"Pearson, D., C. B. Knisley, and C. J. Kazilek. 2006. A Field Guide to the Tiger Beetles of the United States and Canada: Identification, Natural History, and Distribution of the Cicindelidae. Oxford University Press, New York.","Kipling Will","Essig Museum of Entomology",,"No known compromise","N",,
"a29617cf-18c0-4d25-ac49-bc1d95fca1be","MOAB_009.basePlot.bet","D13","MOAB","MOAB_009","2015-07-09","2015-07-23","2017-01-15","NEON.BET.D13.500109","CICPUN1","Animalia","Arthropoda","Insecta","Coleoptera","Carabidae","Cicindelinae","Cicindelini","Cicindela","Cicindelidia","punctulata","punctulata","Cicindela punctulata punctulata","Olivier","subspecies",,"F",,"Pearson, D., C. B. Knisley, and C. J. Kazilek. 2006. A Field Guide to the Tiger Beetles of the United States and Canada: Identification, Natural History, and Distribution of the Cicindelidae. Oxford University Press, New York.","Kipling Will","Essig Museum of Entomology",,"No known compromise","N",,
"cfa36ee4-bee4-4580-8158-09274466f437","MOAB_009.basePlot.bet","D13","MOAB","MOAB_009","2015-07-09","2015-07-23","2017-01-15","NEON.BET.D13.500111","CICPUN1","Animalia","Arthropoda","Insecta","Coleoptera","Carabidae","Cicindelinae","Cicindelini","Cicindela","Cicindelidia","punctulata","punctulata","Cicindela punctulata punctulata","Olivier","subspecies",,"F",,"Pearson, D., C. B. Knisley, and C. J. Kazilek. 2006. A Field Guide to the Tiger Beetles of the United States and Canada: Identification, Natural History, and Distribution of the Cicindelidae. Oxford University Press, New York.","Kipling Will","Essig Museum of Entomology",,"No known compromise","N",,
"a5845a45-8870-460d-9e50-98909bf03d31","MOAB_009.basePlot.bet","D13","MOAB","MOAB_009","2015-07-09","2015-07-23","2017-01-15","NEON.BET.D13.500107","HARCOR","Animalia","Arthropoda","Insecta","Coleoptera","Carabidae","Harpalinae","Harpalini","Harpalus","Opadius","cordatus",,"Harpalus cordatus","LeConte","species",,"F",,"Noonan, G. R. 1991. Classification, Cladistics, and Natural History of Native North American Harpalus Latreille (Insecta: Coleoptera: Carabidae: Harpalini), excluding subgenera Glanodes and Pseudophonus.","Kipling Will","Essig Museum of Entomology",,"No known compromise","N",,
"a21e96d5-9dc2-472c-acf6-094cafb63957","MOAB_009.basePlot.bet","D13","MOAB","MOAB_009","2015-07-09","2015-07-23","2017-01-15","NEON.BET.D13.500112","CICPUN1","Animalia","Arthropoda","Insecta","Coleoptera","Carabidae","Cicindelinae","Cicindelini","Cicindela","Cicindelidia","punctulata","punctulata","Cicindela punctulata punctulata","Olivier","subspecies",,"M",,"Pearson, D., C. B. Knisley, and C. J. Kazilek. 2006. A Field Guide to the Tiger Beetles of the United States and Canada: Identification, Natural History, and Distribution of the Cicindelidae. Oxford University Press, New York.","Kipling Will","Essig Museum of Entomology",,"No known compromise","N",,
"d0f84401-a3ee-4854-85f9-04f5857c928d","MOAB_009.basePlot.bet","D13","MOAB","MOAB_009","2015-07-09","2015-07-23","2017-01-15","NEON.BET.D13.500108","HARCOR","Animalia","Arthropoda","Insecta","Coleoptera","Carabidae","Harpalinae","Harpalini","Harpalus","Opadius","cordatus",,"Harpalus cordatus","LeConte","species",,"F",,"Noonan, G. R. 1991. Classification, Cladistics, and Natural History of Native North American Harpalus Latreille (Insecta: Coleoptera: Carabidae: Harpalini), excluding subgenera Glanodes and Pseudophonus.","Kipling Will","Essig Museum of Entomology",,"No known compromise","N",,
"1b60d813-c48e-48e2-b075-96386107639c","MOAB_009.basePlot.bet","D13","MOAB","MOAB_009","2015-07-09","2015-07-23","2017-01-15","NEON.BET.D13.500110","CICPUN1","Animalia","Arthropoda","Insecta","Coleoptera","Carabidae","Cicindelinae","Cicindelini","Cicindela","Cicindelidia","punctulata","punctulata","Cicindela punctulata punctulata","Olivier","subspecies",,"F",,"Pearson, D., C. B. Knisley, and C. J. Kazilek. 2006. A Field Guide to the Tiger Beetles of the United States and Canada: Identification, Natural History, and Distribution of the Cicindelidae. Oxford University Press, New York.","Kipling Will","Essig Museum of Entomology",,"No known compromise","N",,
"8833e923-dd3c-499d-92cc-e0cc3a5d701c","MOAB_007.basePlot.bet","D13","MOAB","MOAB_007","2015-07-09","2015-07-23","2017-01-15","NEON.BET.D13.500114","HARRET","Animalia","Arthropoda","Insecta","Coleoptera","Carabidae","Harpalinae","Harpalini","Harpalus","Plectralidus","retractus",,"Harpalus retractus","LeConte","species",,"F",,"Noonan, G. R. 1991. Classification, Cladistics, and Natural History of Native North American Harpalus Latreille (Insecta: Coleoptera: Carabidae: Harpalini), excluding subgenera Glanodes and Pseudophonus.","Kipling Will","Essig Museum of Entomology",,"No known compromise","N",,
"870f5df7-9610-4838-9db1-2f5551ee86d7","MOAB_007.basePlot.bet","D13","MOAB","MOAB_007","2015-07-09","2015-07-23","2017-01-15","NEON.BET.D13.500113","CICPUN1","Animalia","Arthropoda","Insecta","Coleoptera","Carabidae","Cicindelinae","Cicindelini","Cicindela","Cicindelidia","punctulata","punctulata","Cicindela punctulata punctulata","Olivier","subspecies",,"M",,"Pearson, D., C. B. Knisley, and C. J. Kazilek. 2006. A Field Guide to the Tiger Beetles of the United States and Canada: Identification, Natural History, and Distribution of the Cicindelidae. Oxford University Press, New York.","Kipling Will","Essig Museum of Entomology",,"No known compromise","N",,
"79bae0a4-c126-4200-a81e-41dedf843c46","MOAB_001.basePlot.bet","D13","MOAB","MOAB_001","2015-07-09","2015-07-23","2017-01-15","NEON.BET.D13.500099","CICPUN1","Animalia","Arthropoda","Insecta","Coleoptera","Carabidae","Cicindelinae","Cicindelini","Cicindela","Cicindelidia","punctulata","punctulata","Cicindela punctulata punctulata","Olivier","subspecies",,"M",,"Pearson, D., C. B. Knisley, and C. J. Kazilek. 2006. A Field Guide to the Tiger Beetles of the United States and Canada: Identification, Natural History, and Distribution of the Cicindelidae. Oxford University Press, New York.","Kipling Will","Essig Museum of Entomology",,"No known compromise","N",,
"2815b6e4-9e85-4da1-805a-133230760008","MOAB_001.basePlot.bet","D13","MOAB","MOAB_001","2015-07-09","2015-07-23","2017-01-15","NEON.BET.D13.500100","CICPUN1","Animalia","Arthropoda","Insecta","Coleoptera","Carabidae","Cicindelinae","Cicindelini","Cicindela","Cicindelidia","punctulata","punctulata","Cicindela punctulata punctulata","Olivier","subspecies",,"F",,"Pearson, D., C. B. Knisley, and C. J. Kazilek. 2006. A Field Guide to the Tiger Beetles of the United States and Canada: Identification, Natural History, and Distribution of the Cicindelidae. Oxford University Press, New York.","Kipling Will","Essig Museum of Entomology",,"No known compromise","N",,
"f4ae3ccc-fde9-4077-8f1c-43eb7adf3cd3","MOAB_001.basePlot.bet","D13","MOAB","MOAB_001","2015-07-09","2015-07-23","2017-01-15","NEON.BET.D13.500097","CICPUN1","Animalia","Arthropoda","Insecta","Coleoptera","Carabidae","Cicindelinae","Cicindelini","Cicindela","Cicindelidia","punctulata","punctulata","Cicindela punctulata punctulata","Olivier","subspecies",,"F",,"Pearson, D., C. B. Knisley, and C. J. Kazilek. 2006. A Field Guide to the Tiger Beetles of the United States and Canada: Identification, Natural History, and Distribution of the Cicindelidae. Oxford University Press, New York.","Kipling Will","Essig Museum of Entomology",,"No known compromise","N",,
"40fefcf0-fe5f-4fba-973c-63043a9f4b48","MOAB_001.basePlot.bet","D13","MOAB","MOAB_001","2015-07-09","2015-07-23","2017-01-15","NEON.BET.D13.500103","CICPUN1","Animalia","Arthropoda","Insecta","Coleoptera","Carabidae","Cicindelinae","Cicindelini","Cicindela","Cicindelidia","punctulata","punctulata","Cicindela punctulata punctulata","Olivier","subspecies",,"F",,"Pearson, D., C. B. Knisley, and C. J. Kazilek. 2006. A Field Guide to the Tiger Beetles of the United States and Canada: Identification, Natural History, and Distribution of the Cicindelidae. Oxford University Press, New York.","Kipling Will","Essig Museum of Entomology",,"No known compromise","N",,
