uid,namedLocation,domainID,siteID,plotID,trapID,plotType,nlcdClass,decimalLatitude,decimalLongitude,geodeticDatum,coordinateUncertainty,elevation,elevationUncertainty,setDate,collectDate,eventID,daysOfTrapping,sampleCollected,sampleID,cupStatus,lidStatus,fluidLevel,samplingProtocolVersion,recordedBy,remarks
"eb8de3b6-f021-47ce-845c-7f71032c9001","GRSM_021.basePlot.bet","D07","GRSM","GRSM_021","S","distributed","deciduousForest",35.719694,-83.403281,"WGS84",20.2,587.9,0.3,"2016-07-26","2016-08-09","GRSM.2016.32",14,"Y","GRSM_021.S.20160809","Ok","Ok","High","NEON.DOC.014050vH","hMeIr0r1D+O0r0KddsZuUbKn5xsaChU1",
"09d4f61e-c46b-45b7-8f2d-9a41acbbca2a","GRSM_001.basePlot.bet","D07","GRSM","GRSM_001","S","distributed","deciduousForest",35.684584,-83.532113,"WGS84",20.2,467.0,0.2,"2016-07-26","2016-08-09","GRSM.2016.32",14,"Y","GRSM_001.S.20160809","Ok","Ok","Ok","NEON.DOC.014050vH","hMeIr0r1D+O0r0KddsZuUbKn5xsaChU1",
"f5e5780b-1304-4410-81d9-6fa28a2772fc","GRSM_006.basePlot.bet","D07","GRSM","GRSM_006","S","distributed","deciduousForest",35.678899,-83.645322,"WGS84",20.2,527.1,0.2,"2016-07-26","2016-08-09","GRSM.2016.32",14,"Y","GRSM_006.S.20160809","Ok","Ok","Ok","NEON.DOC.014050vH","hMeIr0r1D+O0r0KddsZuUbKn5xsaChU1",
"daa5bceb-7f10-4898-bdfa-71a6aa5a2aa2","GRSM_008.basePlot.bet","D07","GRSM","GRSM_008","S","distributed","deciduousForest",35.679123,-83.482267,"WGS84",20.2,784.4,0.4,"2016-07-26","2016-08-09","GRSM.2016.32",14,"Y","GRSM_008.S.20160809","Ok","Ok","Ok","NEON.DOC.014050vH","hMeIr0r1D+O0r0KddsZuUbKn5xsaChU1",
"cd51ec5e-c1f7-41fa-b045-c20d7e80fa02","GRSM_022.basePlot.bet","D07","GRSM","GRSM_022","S","distributed","deciduousForest",35.685732,-83.397952,"WGS84",20.2,694.4,0.2,"2016-07-26","2016-08-09","GRSM.2016.32",14,"Y","GRSM_022.S.20160809","Ok","Ok","High","NEON.DOC.014050vH","hMeIr0r1D+O0r0KddsZuUbKn5xsaChU1",
"86f69d40-99c9-4bca-b580-808d6cf5e9e2","GRSM_013.basePlot.bet","D07","GRSM","GRSM_013","S","distributed","deciduousForest",35.683381,-83.638146,"WGS84",20.2,561.3,0.3,"2016-07-26","2016-08-09","GRSM.2016.32",14,"Y","GRSM_013.S.20160809","Ok","Disturbed","High","NEON.DOC.014050vH","hMeIr0r1D+O0r0KddsZuUbKn5xsaChU1",
"bb40c2f0-6e45-438a-8a61-161db61091b4","GRSM_014.basePlot.bet","D07","GRSM","GRSM_014","W","distributed","deciduousForest",35.664489,-83.524234,"WGS84",20.3,545.3,0.4,"2016-07-26","2016-08-09","GRSM.2016.32",14,"Y","GRSM_014.W.20160809","Ok","Ok","Ok","NEON.DOC.014050vH","hMeIr0r1D+O0r0KddsZuUbKn5xsaChU1",
"fc94bf90-b254-4872-8151-c2665329a51b","GRSM_020.basePlot.bet","D07","GRSM","GRSM_020","W","distributed","deciduousForest",35.703464,-83.361009,"WGS84",20.3,608.4,0.4,"2016-07-26","2016-08-09","GRSM.2016.32",14,"Y","GRSM_020.W.20160809","Ok","Ok","High","NEON.DOC.014050vH","hMeIr0r1D+O0r0KddsZuUbKn5xsaChU1",
"b77a405d-27c0-464c-879f-34c3156fb4fc","GRSM_012.basePlot.bet","D07","GRSM","GRSM_012","W","distributed","deciduousForest",35.670776,-83.481656,"WGS84",20.2,894.2,0.2,"2016-07-26","2016-08-09","GRSM.2016.32",14,"Y","GRSM_012.W.20160809","Ok","Ok","Ok","NEON.DOC.014050vH","hMeIr0r1D+O0r0KddsZuUbKn5xsaChU1",
"c8a6cf7f-4b4e-4ac5-81d6-d41b8e186b78","GRSM_021.basePlot.bet","D07","GRSM","GRSM_021","W","distributed","deciduousForest",35.719694,-83.403281,"WGS84",20.2,587.9,0.3,"2016-07-26","2016-08-09","GRSM.2016.32",14,"Y","GRSM_021.W.20160809","Ok","Ok","High","NEON.DOC.014050vH","hMeIr0r1D+O0r0KddsZuUbKn5xsaChU1",
"00c167d9-a8b1-4db1-b758-da43a41d9c8c","GRSM_024.basePlot.bet","D07","GRSM","GRSM_024","W","distributed","deciduousForest",35.707281,-83.387956,"WGS84",20.2,624.2,0.2,"2016-07-26","2016-08-09","GRSM.2016.32",14,"Y","GRSM_024.W.20160809","Ok","Ok","Ok","NEON.DOC.014050vH","hMeIr0r1D+O0r0KddsZuUbKn5xsaChU1",
"feb1088f-95a6-46c7-a7fd-d397a5c84e7f","GRSM_001.basePlot.bet","D07","GRSM","GRSM_001","W","distributed","deciduousForest",35.684584,-83.532113,"WGS84",20.2,467.0,0.2,"2016-07-26","2016-08-09","GRSM.2016.32",14,"Y","GRSM_001.W.20160809","Ok","Ok","Ok","NEON.DOC.014050vH","hMeIr0r1D+O0r0KddsZuUbKn5xsaChU1",
"7550c182-d933-4861-8344-86b5b2995467","GRSM_006.basePlot.bet","D07","GRSM","GRSM_006","W","distributed","deciduousForest",35.678899,-83.645322,"WGS84",20.2,527.1,0.2,"2016-07-26","2016-08-09","GRSM.2016.32",14,"Y","GRSM_006.W.20160809","Ok","Ok","Ok","NEON.DOC.014050vH","hMeIr0r1D+O0r0KddsZuUbKn5xsaChU1",
"5c14bafe-8632-4c8f-882b-9969de6d8e4a","GRSM_008.basePlot.bet","D07","GRSM","GRSM_008","W","distributed","deciduousForest",35.679123,-83.482267,"WGS84",20.2,784.4,0.4,"2016-07-26","2016-08-09","GRSM.2016.32",14,"Y","GRSM_008.W.20160809","Ok","Ok","Ok","NEON.DOC.014050vH","hMeIr0r1D+O0r0KddsZuUbKn5xsaChU1",
"574dfbb0-06b5-436a-8ff2-4e240ce99d9f","GRSM_022.basePlot.bet","D07","GRSM","GRSM_022","W","distributed","deciduousForest",35.685732,-83.397952,"WGS84",20.2,694.4,0.2,"2016-07-26","2016-08-09","GRSM.2016.32",14,"Y","GRSM_022.W.20160809","Ok","Ok","Ok","NEON.DOC.014050vH","hMeIr0r1D+O0r0KddsZuUbKn5xsaChU1",
"f40dc7a1-de6f-4797-a08e-d5d7f640d699","GRSM_013.basePlot.bet","D07","GRSM","GRSM_013","W","distributed","deciduousForest",35.683381,-83.638146,"WGS84",20.2,561.3,0.3,"2016-07-26","2016-08-09","GRSM.2016.32",14,"Y","GRSM_013.W.20160809","Ok","Ok","Ok","NEON.DOC.014050vH","hMeIr0r1D+O0r0KddsZuUbKn5xsaChU1",
"ff01beec-a762-4f40-9503-9324e402686c","GRSM_014.basePlot.bet","D07","GRSM","GRSM_014","E","distributed","deciduousForest",35.664489,-83.524234,"WGS84",20.3,545.3,0.4,"2016-07-26","2016-08-09","GRSM.2016.32",14,"Y","GRSM_014.E.20160809","Ok","Ok","Ok","NEON.DOC.014050vH","hMeIr0r1D+O0r0KddsZuUbKn5xsaChU1",
"f9d3c3b5-c865-4459-889e-a1584cf54584","GRSM_021.basePlot.bet","D07","GRSM","GRSM_021","E","distributed","deciduousForest",35.719694,-83.403281,"WGS84",20.2,587.9,0.3,"2016-07-26","2016-08-09","GRSM.2016.32",14,"Y","GRSM_021.E.20160809","Ok","Ok","High","NEON.DOC.014050vH","hMeIr0r1D+O0r0KddsZuUbKn5xsaChU1",
"3441faaf-b0d1-41aa-ab6f-bab08e4ac2e0","GRSM_001.basePlot.bet","D07","GRSM","GRSM_001","E","distributed","deciduousForest",35.684584,-83.532113,"WGS84",20.2,467.0,0.2,"2016-07-26","2016-08-09","GRSM.2016.32",14,"Y","GRSM_001.E.20160809","Ok","Ok","Ok","NEON.DOC.014050vH","hMeIr0r1D+O0r0KddsZuUbKn5xsaChU1",
"c6b5691b-0121-4f0b-a9ad-3ad72315315d","GRSM_013.basePlot.bet","D07","GRSM","GRSM_013","E","distributed","deciduousForest",35.683381,-83.638146,"WGS84",20.2,561.3,0.3,"2016-07-26","2016-08-09","GRSM.2016.32",14,"Y","GRSM_013.E.20160809","Ok","Ok","Ok","NEON.DOC.014050vH","hMeIr0r1D+O0r0KddsZuUbKn5xsaChU1",
"b4cd7ab1-2f72-4574-8784-734e0097e511","GRSM_020.basePlot.bet","D07","GRSM","GRSM_020","E","distributed","deciduousForest",35.703464,-83.361009,"WGS84",20.3,608.4,0.4,"2016-07-26","2016-08-09","GRSM.2016.32",14,"Y","GRSM_020.E.20160809","Ok","Ok","Ok","NEON.DOC.014050vH","hMeIr0r1D+O0r0KddsZuUbKn5xsaChU1",
"5678ce11-f892-49c2-b84e-e8c298886a93","GRSM_012.basePlot.bet","D07","GRSM","GRSM_012","E","distributed","deciduousForest",35.670776,-83.481656,"WGS84",20.2,894.2,0.2,"2016-07-26","2016-08-09","GRSM.2016.32",14,"Y","GRSM_012.E.20160809","Ok","Ok","Ok","NEON.DOC.014050vH","hMeIr0r1D+O0r0KddsZuUbKn5xsaChU1",
"327fa949-2ef1-4eea-8adb-c663e0aaa3ad","GRSM_024.basePlot.bet","D07","GRSM","GRSM_024","E","distributed","deciduousForest",35.707281,-83.387956,"WGS84",20.2,624.2,0.2,"2016-07-26","2016-08-09","GRSM.2016.32",14,"Y","GRSM_024.E.20160809","Ok","Ok","Ok","NEON.DOC.014050vH","hMeIr0r1D+O0r0KddsZuUbKn5xsaChU1",
"77c0d83e-20ff-4ec7-bcb2-10022564e704","GRSM_006.basePlot.bet","D07","GRSM","GRSM_006","E","distributed","deciduousForest",35.678899,-83.645322,"WGS84",20.2,527.1,0.2,"2016-07-26","2016-08-09","GRSM.2016.32",14,"Y","GRSM_006.E.20160809","Ok","Ok","Ok","NEON.DOC.014050vH","hMeIr0r1D+O0r0KddsZuUbKn5xsaChU1",
"58f7d8a7-8765-455c-9f67-0f6b794840d1","GRSM_008.basePlot.bet","D07","GRSM","GRSM_008","E","distributed","deciduousForest",35.679123,-83.482267,"WGS84",20.2,784.4,0.4,"2016-07-26","2016-08-09","GRSM.2016.32",14,"Y","GRSM_008.E.20160809","Ok","Ok","Ok","NEON.DOC.014050vH","hMeIr0r1D+O0r0KddsZuUbKn5xsaChU1",
"c22f3e35-ec56-4dcc-9abd-338eb7dab7b2","GRSM_022.basePlot.bet","D07","GRSM","GRSM_022","E","distributed","deciduousForest",35.685732,-83.397952,"WGS84",20.2,694.4,0.2,"2016-07-26","2016-08-09","GRSM.2016.32",14,"Y","GRSM_022.E.20160809","Ok","Ok","Ok","NEON.DOC.014050vH","hMeIr0r1D+O0r0KddsZuUbKn5xsaChU1",
"b7fd6354-2523-4c87-a0a2-3094d07a0b56","GRSM_001.basePlot.bet","D07","GRSM","GRSM_001","N","distributed","deciduousForest",35.684584,-83.532113,"WGS84",20.2,467.0,0.2,"2016-07-26","2016-08-09","GRSM.2016.32",14,"Y","GRSM_001.N.20160809","Ok","Ok","Ok","NEON.DOC.014050vH","hMeIr0r1D+O0r0KddsZuUbKn5xsaChU1",
"ad40557e-5ba4-4ed0-8349-dd133b307856","GRSM_006.basePlot.bet","D07","GRSM","GRSM_006","N","distributed","deciduousForest",35.678899,-83.645322,"WGS84",20.2,527.1,0.2,"2016-07-26","2016-08-09","GRSM.2016.32",14,"Y","GRSM_006.N.20160809","Ok","Ok","Ok","NEON.DOC.014050vH","hMeIr0r1D+O0r0KddsZuUbKn5xsaChU1",
"e5c2fda2-a512-466b-a8ab-8a72b5ed11ef","GRSM_008.basePlot.bet","D07","GRSM","GRSM_008","N","distributed","deciduousForest",35.679123,-83.482267,"WGS84",20.2,784.4,0.4,"2016-07-26","2016-08-09","GRSM.2016.32",14,"Y","GRSM_008.N.20160809","Ok","Ok","Ok","NEON.DOC.014050vH","hMeIr0r1D+O0r0KddsZuUbKn5xsaChU1",
"a05d7f78-c34f-472e-8b03-63685f3bffcb","GRSM_022.basePlot.bet","D07","GRSM","GRSM_022","N","distributed","deciduousForest",35.685732,-83.397952,"WGS84",20.2,694.4,0.2,"2016-07-26","2016-08-09","GRSM.2016.32",14,"Y","GRSM_022.N.20160809","Ok","Ok","High","NEON.DOC.014050vH","hMeIr0r1D+O0r0KddsZuUbKn5xsaChU1",
"dabb2fd5-698a-4f23-a574-2e778a0d8b66","GRSM_013.basePlot.bet","D07","GRSM","GRSM_013","N","distributed","deciduousForest",35.683381,-83.638146,"WGS84",20.2,561.3,0.3,"2016-07-26","2016-08-09","GRSM.2016.32",14,"Y","GRSM_013.N.20160809","Ok","Ok","Ok","NEON.DOC.014050vH","hMeIr0r1D+O0r0KddsZuUbKn5xsaChU1",
"8851618b-c32c-4081-8a57-a0e93b9769d3","GRSM_014.basePlot.bet","D07","GRSM","GRSM_014","N","distributed","deciduousForest",35.664489,-83.524234,"WGS84",20.3,545.3,0.4,"2016-07-26","2016-08-09","GRSM.2016.32",14,"Y","GRSM_014.N.20160809","Ok","Ok","Ok","NEON.DOC.014050vH","hMeIr0r1D+O0r0KddsZuUbKn5xsaChU1",
"0ae19176-6133-4385-8f73-99b448dad539","GRSM_020.basePlot.bet","D07","GRSM","GRSM_020","N","distributed","deciduousForest",35.703464,-83.361009,"WGS84",20.3,608.4,0.4,"2016-07-26","2016-08-09","GRSM.2016.32",14,"Y","GRSM_020.N.20160809","Ok","Ok","Ok","NEON.DOC.014050vH","hMeIr0r1D+O0r0KddsZuUbKn5xsaChU1",
"e94d7a05-3d61-4a67-b62c-c1e795ca8219","GRSM_012.basePlot.bet","D07","GRSM","GRSM_012","N","distributed","deciduousForest",35.670776,-83.481656,"WGS84",20.2,894.2,0.2,"2016-07-26","2016-08-09","GRSM.2016.32",14,"Y","GRSM_012.N.20160809","Ok","Ok","Ok","NEON.DOC.014050vH","hMeIr0r1D+O0r0KddsZuUbKn5xsaChU1",
"7701c9d3-8448-4165-9486-7d6dc52ac1ba","GRSM_024.basePlot.bet","D07","GRSM","GRSM_024","N","distributed","deciduousForest",35.707281,-83.387956,"WGS84",20.2,624.2,0.2,"2016-07-26","2016-08-09","GRSM.2016.32",14,"Y","GRSM_024.N.20160809","Ok","Ok","Ok","NEON.DOC.014050vH","hMeIr0r1D+O0r0KddsZuUbKn5xsaChU1",
"41b22386-a650-4bcf-b7b7-63468dbc47b5","GRSM_021.basePlot.bet","D07","GRSM","GRSM_021","N","distributed","deciduousForest",35.719694,-83.403281,"WGS84",20.2,587.9,0.3,"2016-07-26","2016-08-09","GRSM.2016.32",14,"Y","GRSM_021.N.20160809","Ok","Ok","High","NEON.DOC.014050vH","hMeIr0r1D+O0r0KddsZuUbKn5xsaChU1",
"f71fe86f-7a7e-4837-94f7-da27c62a74d6","GRSM_014.basePlot.bet","D07","GRSM","GRSM_014","S","distributed","deciduousForest",35.664489,-83.524234,"WGS84",20.3,545.3,0.4,"2016-07-26","2016-08-09","GRSM.2016.32",14,"Y","GRSM_014.S.20160809","Ok","Ok","Ok","NEON.DOC.014050vH","hMeIr0r1D+O0r0KddsZuUbKn5xsaChU1",
"c5835eb2-f39d-419a-9458-b0ef9df980a2","GRSM_020.basePlot.bet","D07","GRSM","GRSM_020","S","distributed","deciduousForest",35.703464,-83.361009,"WGS84",20.3,608.4,0.4,"2016-07-26","2016-08-09","GRSM.2016.32",14,"Y","GRSM_020.S.20160809","Ok","Ok","Ok","NEON.DOC.014050vH","hMeIr0r1D+O0r0KddsZuUbKn5xsaChU1",
"42377cba-491d-46dc-a7fd-c443f035b02b","GRSM_012.basePlot.bet","D07","GRSM","GRSM_012","S","distributed","deciduousForest",35.670776,-83.481656,"WGS84",20.2,894.2,0.2,"2016-07-26","2016-08-09","GRSM.2016.32",14,"Y","GRSM_012.S.20160809","Ok","Ok","Ok","NEON.DOC.014050vH","hMeIr0r1D+O0r0KddsZuUbKn5xsaChU1",
"9bca6d71-dad4-43d0-b8a1-cb973117ae53","GRSM_024.basePlot.bet","D07","GRSM","GRSM_024","S","distributed","deciduousForest",35.707281,-83.387956,"WGS84",20.2,624.2,0.2,"2016-07-26","2016-08-09","GRSM.2016.32",14,"Y","GRSM_024.S.20160809","Ok","Ok","Ok","NEON.DOC.014050vH","hMeIr0r1D+O0r0KddsZuUbKn5xsaChU1",
"91c80f0b-a661-4921-8628-2a9ce5ee356c","GRSM_013.basePlot.bet","D07","GRSM","GRSM_013","E","distributed","deciduousForest",35.683381,-83.638146,"WGS84",20.2,561.3,0.3,"2016-08-09","2016-08-23","GRSM.2016.34",14,"Y","GRSM_013.E.20160823","Ok","Ok","Ok","NEON.DOC.014050vH","B89Z/IeBZxVUVqkZavcPJo3avqhPk8Rn",
"7b612b36-8dbd-4a2a-bfcd-6ce32ed04f88","GRSM_001.basePlot.bet","D07","GRSM","GRSM_001","W","distributed","deciduousForest",35.684584,-83.532113,"WGS84",20.2,467.0,0.2,"2016-08-09","2016-08-23","GRSM.2016.34",14,"Y","GRSM_001.W.20160823","Ok","Ok","Ok","NEON.DOC.014050vH","B89Z/IeBZxVUVqkZavcPJo3avqhPk8Rn",
"f8a3d5dc-5c37-4cb2-8050-073773b831ae","GRSM_008.basePlot.bet","D07","GRSM","GRSM_008","E","distributed","deciduousForest",35.679123,-83.482267,"WGS84",20.2,784.4,0.4,"2016-08-09","2016-08-23","GRSM.2016.34",14,"Y","GRSM_008.E.20160823","Ok","Ok","Ok","NEON.DOC.014050vH","B89Z/IeBZxVUVqkZavcPJo3avqhPk8Rn",
"2bac54ad-ae7d-4c74-8092-d20a8bbf86e3","GRSM_001.basePlot.bet","D07","GRSM","GRSM_001","E","distributed","deciduousForest",35.684584,-83.532113,"WGS84",20.2,467.0,0.2,"2016-08-09","2016-08-23","GRSM.2016.34",14,"Y","GRSM_001.E.20160823","Ok","Ok","Ok","NEON.DOC.014050vH","B89Z/IeBZxVUVqkZavcPJo3avqhPk8Rn",
"320502b4-a014-4132-8542-2a96f13f0e7a","GRSM_006.basePlot.bet","D07","GRSM","GRSM_006","E","distributed","deciduousForest",35.678899,-83.645322,"WGS84",20.2,527.1,0.2,"2016-08-09","2016-08-23","GRSM.2016.34",14,"Y","GRSM_006.E.20160823","Ok","Ok","Ok","NEON.DOC.014050vH","B89Z/IeBZxVUVqkZavcPJo3avqhPk8Rn",
"39679e52-7186-4a29-a583-ead4206f9437","GRSM_021.basePlot.bet","D07","GRSM","GRSM_021","E","distributed","deciduousForest",35.719694,-83.403281,"WGS84",20.2,587.9,0.3,"2016-08-09","2016-08-23","GRSM.2016.34",14,"Y","GRSM_021.E.20160823","Ok","Ok","High","NEON.DOC.014050vH","B89Z/IeBZxVUVqkZavcPJo3avqhPk8Rn",
"21e98293-3aaa-4d7a-85cf-c3c66a324e4c","GRSM_020.basePlot.bet","D07","GRSM","GRSM_020","E","distributed","deciduousForest",35.703464,-83.361009,"WGS84",20.3,608.4,0.4,"2016-08-09","2016-08-23","GRSM.2016.34",14,"Y","GRSM_020.E.20160823","Ok","Ok","Ok","NEON.DOC.014050vH","B89Z/IeBZxVUVqkZavcPJo3avqhPk8Rn",
"1d731358-7168-47e8-b9f3-d87b2505b95d","GRSM_024.basePlot.bet","D07","GRSM","GRSM_024","E","distributed","deciduousForest",35.707281,-83.387956,"WGS84",20.2,624.2,0.2,"2016-08-09","2016-08-23","GRSM.2016.34",14,"Y","GRSM_024.E.20160823","Ok","Ok","Ok","NEON.DOC.014050vH","B89Z/IeBZxVUVqkZavcPJo3avqhPk8Rn",
"898db480-dfef-452e-8554-244c658ebfe2","GRSM_012.basePlot.bet","D07","GRSM","GRSM_012","E","distributed","deciduousForest",35.670776,-83.481656,"WGS84",20.2,894.2,0.2,"2016-08-09","2016-08-23","GRSM.2016.34",14,"Y","GRSM_012.E.20160823","Ok","Ok","Ok","NEON.DOC.014050vH","B89Z/IeBZxVUVqkZavcPJo3avqhPk8Rn",
"cfd98b79-d33a-4bdd-ae34-27052af6734d","GRSM_014.basePlot.bet","D07","GRSM","GRSM_014","E","distributed","deciduousForest",35.664489,-83.524234,"WGS84",20.3,545.3,0.4,"2016-08-09","2016-08-23","GRSM.2016.34",14,"Y","GRSM_014.E.20160823","Ok","Ok","Ok","NEON.DOC.014050vH","B89Z/IeBZxVUVqkZavcPJo3avqhPk8Rn",
"4033d097-612a-46be-813d-e66a97aae935","GRSM_014.basePlot.bet","D07","GRSM","GRSM_014","N","distributed","deciduousForest",35.664489,-83.524234,"WGS84",20.3,545.3,0.4,"2016-08-09","2016-08-23","GRSM.2016.34",14,"Y","GRSM_014.N.20160823","Ok","Ok","Ok","NEON.DOC.014050vH","B89Z/IeBZxVUVqkZavcPJo3avqhPk8Rn",
"1432a909-9ca4-46f3-a10c-c77ad6814003","GRSM_008.basePlot.bet","D07","GRSM","GRSM_008","N","distributed","deciduousForest",35.679123,-83.482267,"WGS84",20.2,784.4,0.4,"2016-08-09","2016-08-23","GRSM.2016.34",14,"Y","GRSM_008.N.20160823","Ok","Ok","Ok","NEON.DOC.014050vH","B89Z/IeBZxVUVqkZavcPJo3avqhPk8Rn",
"6a54fffa-1fc9-495d-bd55-d26805f469be","GRSM_022.basePlot.bet","D07","GRSM","GRSM_022","N","distributed","deciduousForest",35.685732,-83.397952,"WGS84",20.2,694.4,0.2,"2016-08-09","2016-08-23","GRSM.2016.34",14,"Y","GRSM_022.N.20160823","Ok","Ok","Ok","NEON.DOC.014050vH","B89Z/IeBZxVUVqkZavcPJo3avqhPk8Rn",
"5c8e0340-d4e0-4758-9e6e-1641839ae6ef","GRSM_006.basePlot.bet","D07","GRSM","GRSM_006","N","distributed","deciduousForest",35.678899,-83.645322,"WGS84",20.2,527.1,0.2,"2016-08-09","2016-08-23","GRSM.2016.34",14,"Y","GRSM_006.N.20160823","Ok","Ok","Ok","NEON.DOC.014050vH","B89Z/IeBZxVUVqkZavcPJo3avqhPk8Rn",
"e96ff2dc-e2aa-4d49-9373-38107bb76c7b","GRSM_001.basePlot.bet","D07","GRSM","GRSM_001","N","distributed","deciduousForest",35.684584,-83.532113,"WGS84",20.2,467.0,0.2,"2016-08-09","2016-08-23","GRSM.2016.34",14,"Y","GRSM_001.N.20160823","Ok","Ok","Ok","NEON.DOC.014050vH","B89Z/IeBZxVUVqkZavcPJo3avqhPk8Rn",
"a936a231-dcc8-42bf-bd87-9c27cf9a6298","GRSM_012.basePlot.bet","D07","GRSM","GRSM_012","N","distributed","deciduousForest",35.670776,-83.481656,"WGS84",20.2,894.2,0.2,"2016-08-09","2016-08-23","GRSM.2016.34",14,"Y","GRSM_012.N.20160823","Ok","Ok","High","NEON.DOC.014050vH","B89Z/IeBZxVUVqkZavcPJo3avqhPk8Rn",
"26b58b8a-10c9-44d0-ae0b-e73c5170a257","GRSM_024.basePlot.bet","D07","GRSM","GRSM_024","N","distributed","deciduousForest",35.707281,-83.387956,"WGS84",20.2,624.2,0.2,"2016-08-09","2016-08-23","GRSM.2016.34",14,"Y","GRSM_024.N.20160823","Ok","Ok","Ok","NEON.DOC.014050vH","B89Z/IeBZxVUVqkZavcPJo3avqhPk8Rn",
"b2ba92c3-3b17-42e7-a62b-d061ea8ea588","GRSM_021.basePlot.bet","D07","GRSM","GRSM_021","N","distributed","deciduousForest",35.719694,-83.403281,"WGS84",20.2,587.9,0.3,"2016-08-09","2016-08-23","GRSM.2016.34",14,"Y","GRSM_021.N.20160823","Ok","Ok","High","NEON.DOC.014050vH","B89Z/IeBZxVUVqkZavcPJo3avqhPk8Rn",
"0b5ea211-82ab-4f35-a92a-ebf1e4f158c1","GRSM_020.basePlot.bet","D07","GRSM","GRSM_020","N","distributed","deciduousForest",35.703464,-83.361009,"WGS84",20.3,608.4,0.4,"2016-08-09","2016-08-23","GRSM.2016.34",14,"Y","GRSM_020.N.20160823","Ok","Ok","Ok","NEON.DOC.014050vH","B89Z/IeBZxVUVqkZavcPJo3avqhPk8Rn",
"a7f0f076-702b-4681-9876-bd98f2056575","GRSM_013.basePlot.bet","D07","GRSM","GRSM_013","N","distributed","deciduousForest",35.683381,-83.638146,"WGS84",20.2,561.3,0.3,"2016-08-09","2016-08-23","GRSM.2016.34",14,"Y","GRSM_013.N.20160823","Ok","Disturbed","Ok","NEON.DOC.014050vH","B89Z/IeBZxVUVqkZavcPJo3avqhPk8Rn",
"c6707b29-e8d6-4b17-9e5d-3edb6d5e635c","GRSM_006.basePlot.bet","D07","GRSM","GRSM_006","S","distributed","deciduousForest",35.678899,-83.645322,"WGS84",20.2,527.1,0.2,"2016-08-09","2016-08-23","GRSM.2016.34",14,"Y","GRSM_006.S.20160823","Ok","Ok","Ok","NEON.DOC.014050vH","B89Z/IeBZxVUVqkZavcPJo3avqhPk8Rn",
"79af1254-7a03-4051-a97a-78555b2875ac","GRSM_001.basePlot.bet","D07","GRSM","GRSM_001","S","distributed","deciduousForest",35.684584,-83.532113,"WGS84",20.2,467.0,0.2,"2016-08-09","2016-08-23","GRSM.2016.34",14,"Y","GRSM_001.S.20160823","Ok","Ok","Ok","NEON.DOC.014050vH","B89Z/IeBZxVUVqkZavcPJo3avqhPk8Rn",
"bcced492-917b-4616-8c28-0526292052c9","GRSM_021.basePlot.bet","D07","GRSM","GRSM_021","S","distributed","deciduousForest",35.719694,-83.403281,"WGS84",20.2,587.9,0.3,"2016-08-09","2016-08-23","GRSM.2016.34",14,"Y","GRSM_021.S.20160823","Ok","Ok","High","NEON.DOC.014050vH","B89Z/IeBZxVUVqkZavcPJo3avqhPk8Rn",
"96e74154-09ae-4e1d-9452-1d3651d1e410","GRSM_024.basePlot.bet","D07","GRSM","GRSM_024","S","distributed","deciduousForest",35.707281,-83.387956,"WGS84",20.2,624.2,0.2,"2016-08-09","2016-08-23","GRSM.2016.34",14,"Y","GRSM_024.S.20160823","Ok","Ok","Ok","NEON.DOC.014050vH","B89Z/IeBZxVUVqkZavcPJo3avqhPk8Rn",
"3a77ed82-9761-43bd-b967-1efd3931ceee","GRSM_012.basePlot.bet","D07","GRSM","GRSM_012","S","distributed","deciduousForest",35.670776,-83.481656,"WGS84",20.2,894.2,0.2,"2016-08-09","2016-08-23","GRSM.2016.34",14,"Y","GRSM_012.S.20160823","Ok","Ok","Ok","NEON.DOC.014050vH","B89Z/IeBZxVUVqkZavcPJo3avqhPk8Rn",
"7f009ee4-eac9-432b-978b-396cb2be0cf7","GRSM_014.basePlot.bet","D07","GRSM","GRSM_014","S","distributed","deciduousForest",35.664489,-83.524234,"WGS84",20.3,545.3,0.4,"2016-08-09","2016-08-23","GRSM.2016.34",14,"Y","GRSM_014.S.20160823","Ok","Ok","Ok","NEON.DOC.014050vH","B89Z/IeBZxVUVqkZavcPJo3avqhPk8Rn",
"c0b8647f-16ba-4ea2-8053-f2afdc01d7d0","GRSM_013.basePlot.bet","D07","GRSM","GRSM_013","S","distributed","deciduousForest",35.683381,-83.638146,"WGS84",20.2,561.3,0.3,"2016-08-09","2016-08-23","GRSM.2016.34",14,"Y","GRSM_013.S.20160823","Ok","Disturbed","Ok","NEON.DOC.014050vH","B89Z/IeBZxVUVqkZavcPJo3avqhPk8Rn",
"4c91b8ab-c5b6-40a3-9b30-0861765fdae1","GRSM_020.basePlot.bet","D07","GRSM","GRSM_020","S","distributed","deciduousForest",35.703464,-83.361009,"WGS84",20.3,608.4,0.4,"2016-08-09","2016-08-23","GRSM.2016.34",14,"Y","GRSM_020.S.20160823","Ok","Ok","Ok","NEON.DOC.014050vH","B89Z/IeBZxVUVqkZavcPJo3avqhPk8Rn",
"763c5f91-a368-434a-bc19-4a19fc71d55f","GRSM_008.basePlot.bet","D07","GRSM","GRSM_008","S","distributed","deciduousForest",35.679123,-83.482267,"WGS84",20.2,784.4,0.4,"2016-08-09","2016-08-23","GRSM.2016.34",14,"Y","GRSM_008.S.20160823","Ok","Ok","Ok","NEON.DOC.014050vH","B89Z/IeBZxVUVqkZavcPJo3avqhPk8Rn",
"01eef877-c86e-47bb-9a35-f25311180d89","GRSM_022.basePlot.bet","D07","GRSM","GRSM_022","S","distributed","deciduousForest",35.685732,-83.397952,"WGS84",20.2,694.4,0.2,"2016-08-09","2016-08-23","GRSM.2016.34",14,"Y","GRSM_022.S.20160823","Ok","Ok","High","NEON.DOC.014050vH","B89Z/IeBZxVUVqkZavcPJo3avqhPk8Rn",
"9ce5d6db-336f-481b-97b9-57ab19512f0d","GRSM_024.basePlot.bet","D07","GRSM","GRSM_024","W","distributed","deciduousForest",35.707281,-83.387956,"WGS84",20.2,624.2,0.2,"2016-08-09","2016-08-23","GRSM.2016.34",14,"Y","GRSM_024.W.20160823","Ok","Disturbed","High","NEON.DOC.014050vH","B89Z/IeBZxVUVqkZavcPJo3avqhPk8Rn",
"e520fe87-9c02-4da6-bbd1-2605348eb3b1","GRSM_021.basePlot.bet","D07","GRSM","GRSM_021","W","distributed","deciduousForest",35.719694,-83.403281,"WGS84",20.2,587.9,0.3,"2016-08-09","2016-08-23","GRSM.2016.34",14,"Y","GRSM_021.W.20160823","Ok","Ok","Ok","NEON.DOC.014050vH","B89Z/IeBZxVUVqkZavcPJo3avqhPk8Rn",
"5df40e35-3863-42a5-8c7b-e275a7f9f6a4","GRSM_012.basePlot.bet","D07","GRSM","GRSM_012","W","distributed","deciduousForest",35.670776,-83.481656,"WGS84",20.2,894.2,0.2,"2016-08-09","2016-08-23","GRSM.2016.34",14,"Y","GRSM_012.W.20160823","Ok","Ok","Ok","NEON.DOC.014050vH","B89Z/IeBZxVUVqkZavcPJo3avqhPk8Rn",
"e9f588f0-f600-414c-9006-0a231cee924d","GRSM_020.basePlot.bet","D07","GRSM","GRSM_020","W","distributed","deciduousForest",35.703464,-83.361009,"WGS84",20.3,608.4,0.4,"2016-08-09","2016-08-23","GRSM.2016.34",14,"Y","GRSM_020.W.20160823","Ok","Ok","Ok","NEON.DOC.014050vH","B89Z/IeBZxVUVqkZavcPJo3avqhPk8Rn",
"baadfdf2-2d2c-4244-9ce6-580745276f70","GRSM_014.basePlot.bet","D07","GRSM","GRSM_014","W","distributed","deciduousForest",35.664489,-83.524234,"WGS84",20.3,545.3,0.4,"2016-08-09","2016-08-23","GRSM.2016.34",14,"Y","GRSM_014.W.20160823","Ok","Ok","Ok","NEON.DOC.014050vH","B89Z/IeBZxVUVqkZavcPJo3avqhPk8Rn",
"d2045c4f-a80e-4ad8-acdb-e15af9224b43","GRSM_013.basePlot.bet","D07","GRSM","GRSM_013","W","distributed","deciduousForest",35.683381,-83.638146,"WGS84",20.2,561.3,0.3,"2016-08-09","2016-08-23","GRSM.2016.34",14,"Y","GRSM_013.W.20160823","Ok","Ok","Ok","NEON.DOC.014050vH","B89Z/IeBZxVUVqkZavcPJo3avqhPk8Rn",
"61941781-edea-413e-b948-18de63e3b27e","GRSM_008.basePlot.bet","D07","GRSM","GRSM_008","W","distributed","deciduousForest",35.679123,-83.482267,"WGS84",20.2,784.4,0.4,"2016-08-09","2016-08-23","GRSM.2016.34",14,"Y","GRSM_008.W.20160823","Ok","Ok","Ok","NEON.DOC.014050vH","B89Z/IeBZxVUVqkZavcPJo3avqhPk8Rn",
"3ac6958a-ebaf-4d81-a284-0758b41bd5ad","GRSM_022.basePlot.bet","D07","GRSM","GRSM_022","W","distributed","deciduousForest",35.685732,-83.397952,"WGS84",20.2,694.4,0.2,"2016-08-09","2016-08-23","GRSM.2016.34",14,"Y","GRSM_022.W.20160823","Ok","Ok","High","NEON.DOC.014050vH","B89Z/IeBZxVUVqkZavcPJo3avqhPk8Rn",
"0eafe002-458a-4d37-986c-f913cc1704fa","GRSM_006.basePlot.bet","D07","GRSM","GRSM_006","W","distributed","deciduousForest",35.678899,-83.645322,"WGS84",20.2,527.1,0.2,"2016-08-09","2016-08-23","GRSM.2016.34",14,"Y","GRSM_006.W.20160823","Ok","Ok","Ok","NEON.DOC.014050vH","B89Z/IeBZxVUVqkZavcPJo3avqhPk8Rn",
"64ef176f-ec74-44af-9bd9-586357be5df3","GRSM_022.basePlot.bet","D07","GRSM","GRSM_022","E","distributed","deciduousForest",35.685732,-83.397952,"WGS84",20.2,694.4,0.2,"2016-08-09","2016-08-23","GRSM.2016.34",14,"Y","GRSM_022.E.20160823","Ok","Ok","High","NEON.DOC.014050vH","B89Z/IeBZxVUVqkZavcPJo3avqhPk8Rn",
