uid,namedLocation,domainID,siteID,plotID,trapID,setDate,collectDate,processingDate,etOHChangeDate,identifiedDate,sampleID,subsampleID,sampleType,taxonID,scientificName,taxonRank,identificationQualifier,scientificNameAuthorship,morphospeciesID,individualCount,identificationReferences,identifiedBy,recordedBy,remarks
"2fa101e2-ea13-4cc9-afda-536758ca1bd9","ORNL_031.basePlot.bet","D07","ORNL","ORNL_031","E","2015-06-23","2015-07-07","2015-07-07","2015-09-23","2015-12-01","ORNL_031.E.20150707","G1V5MttZ4JKiz4rd8C+YpA0nhEU49NDx9vZ044OH+gc=","carabid","CARSP14","Carabidae sp.","family",,"Latreille","D07.2015.MorphA",1,"Other","nAKPQvGWPz3w50pS9SF/Wg/TlEjgxRE8","nAKPQvGWPz3w50pS9SF/Wg/TlEjgxRE8","used NEON.DOC.014050vJ. Maybe Anisodactylus (Gynandrotarsus) sp."
"187818e2-9e25-44fe-994c-5ffeb92d246f","ORNL_006.basePlot.bet","D07","ORNL","ORNL_006","W","2015-06-23","2015-07-07","2015-07-07","2015-07-08",,"ORNL_006.W.20150707","XUOG9+A5sIMTh2evIq8XOHJhIlE6zx4jm096zHmlFoY=","invert bycatch",,,,,,,,,,"nAKPQvGWPz3w50pS9SF/Wg/TlEjgxRE8","used NEON.DOC.014050vJ"
"1592eee8-0ce1-4880-8862-6212a1919a40","ORNL_002.basePlot.bet","D07","ORNL","ORNL_002","E","2015-06-23","2015-07-07","2015-07-07","2015-09-21","2015-12-01","ORNL_002.E.20150707","FcwZvbWDjdh2nEV81XXsFGk30VoYbuJLCoITAXBSBBQ=","carabid","CHLAMO","Chlaenius amoenus","species","cf. species","Dejean",,1,"Bell, R. T. 1960. A Revision of the Genus Chlaenius Bonelli (Coleoptera, Carabidae) in North America. Miscellaneous Publications of the Entomological Society of America 1:98-166.","nAKPQvGWPz3w50pS9SF/Wg/TlEjgxRE8","nAKPQvGWPz3w50pS9SF/Wg/TlEjgxRE8","used NEON.DOC.014050vJ"
"499bb415-1bd1-4bf8-9bfd-59bc3c2ba104","ORNL_032.basePlot.bet","D07","ORNL","ORNL_032","E","2015-06-23","2015-07-07","2015-07-07","2015-07-08",,"ORNL_032.E.20150707","DcTblkLRhld2mqbXQCIxpYTGjOE+YMF8ScSgzwEHZB0=","invert bycatch",,,,,,,,,,"49LI6M3+jMtxRtYmbfgyO+9Rpwup30X0","used NEON.DOC.014050vJ"
"3c56d5f3-1950-4640-b60b-66920fe173ad","ORNL_027.basePlot.bet","D07","ORNL","ORNL_027","E","2015-06-23","2015-07-07","2015-07-07","2015-07-08",,"ORNL_027.E.20150707","di/gYcSB3uCH6HDnbGh9ZndCsIwvXHLG2e4WjLCAKFw=","invert bycatch",,,,,,,,,,"nAKPQvGWPz3w50pS9SF/Wg/TlEjgxRE8","used NEON.DOC.014050vJ"
"591da970-e93f-43d5-ac55-357e14ccc11e","ORNL_006.basePlot.bet","D07","ORNL","ORNL_006","E","2015-06-23","2015-07-07","2015-07-07","2015-07-08",,"ORNL_006.E.20150707","XUOG9+A5sINoJKEYMg8kZ8BS8V5Zyd9DQp94iU6c1m0=","invert bycatch",,,,,,,,,,"nAKPQvGWPz3w50pS9SF/Wg/TlEjgxRE8","used NEON.DOC.014050vJ"
"31bb4e56-4ee2-4d38-af5f-271b489fd89a","ORNL_021.basePlot.bet","D07","ORNL","ORNL_021","E","2015-06-23","2015-07-07","2015-07-07","2015-07-08",,"ORNL_021.E.20150707","LlqcsvOjN4AKh2eXWBoiF0jEY/u09s5bCAJ9oc+iVvQ=","invert bycatch",,,,,,,,,,"nAKPQvGWPz3w50pS9SF/Wg/TlEjgxRE8","used NEON.DOC.014050vJ"
"6bfe3014-f43b-4e03-a25b-3d7c48d411bc","ORNL_031.basePlot.bet","D07","ORNL","ORNL_031","E","2015-06-23","2015-07-07","2015-07-07","2015-09-23","2015-12-01","ORNL_031.E.20150707","G1V5MttZ4JKiz4rd8C+YpA0nhEU49NDxsUVFMTGUTy8=","carabid","CARSP14","Carabidae sp.","family",,"Latreille","D07.2015.MorphC",1,"Other","nAKPQvGWPz3w50pS9SF/Wg/TlEjgxRE8","nAKPQvGWPz3w50pS9SF/Wg/TlEjgxRE8","used NEON.DOC.014050vJ. Maybe Harpalus (Pseudoophonus) sp."
"309e0079-8354-4b7b-a403-fc3b1fb173f0","ORNL_029.basePlot.bet","D07","ORNL","ORNL_029","E","2015-06-23","2015-07-07","2015-07-07","2015-09-22","2015-12-01","ORNL_029.E.20150707","7LdWMHVTMyTdaBnXK/xnvLwthDGcMKkBEWmZM/OJ/pQ=","carabid","CYCSOD2","Cyclotrachelus sodalis sodalis","subspecies",,"LeConte",,1,"Freitag, R. 1969. A revision of the species of the genus Evarthrus LeConte. Quaestiones Entomologicae 5:89-212.","nAKPQvGWPz3w50pS9SF/Wg/TlEjgxRE8","nAKPQvGWPz3w50pS9SF/Wg/TlEjgxRE8","used NEON.DOC.014050vJ"
"6f0faeae-0317-462f-8d27-3246c528be5e","ORNL_032.basePlot.bet","D07","ORNL","ORNL_032","E","2015-06-23","2015-07-07","2015-07-07","2015-09-22","2015-12-01","ORNL_032.E.20150707","DcTblkLRhld2mqbXQCIxpccdR7nMq01KLPl06ipsXJg=","carabid","CYCFUC","Cyclotrachelus fucatus","species",,"Freitag",,1,"Freitag, R. 1969. A revision of the species of the genus Evarthrus LeConte. Quaestiones Entomologicae 5:89-212.","nAKPQvGWPz3w50pS9SF/Wg/TlEjgxRE8","nAKPQvGWPz3w50pS9SF/Wg/TlEjgxRE8","used NEON.DOC.014050vJ"
"b39c5f1d-4662-46a9-a52f-984990d06418","ORNL_031.basePlot.bet","D07","ORNL","ORNL_031","E","2015-06-23","2015-07-07","2015-07-07","2015-09-23","2015-12-01","ORNL_031.E.20150707","G1V5MttZ4JKiz4rd8C+YpA0nhEU49NDx6vOnGAfgg1E=","carabid","CARSP14","Carabidae sp.","family",,"Latreille","D07.2015.MorphD",1,"Other","nAKPQvGWPz3w50pS9SF/Wg/TlEjgxRE8","nAKPQvGWPz3w50pS9SF/Wg/TlEjgxRE8","used NEON.DOC.014050vJ. Maybe Harpalus sp."
"4f63fcc9-a77f-469d-8938-5d4c34a977fe","ORNL_031.basePlot.bet","D07","ORNL","ORNL_031","E","2015-06-23","2015-07-07","2015-07-07","2015-07-08",,"ORNL_031.E.20150707","G1V5MttZ4JKiz4rd8C+YpBlL7gBMnlpRT/o5ObRo0iY=","invert bycatch",,,,,,,,,,"nAKPQvGWPz3w50pS9SF/Wg/TlEjgxRE8","used NEON.DOC.014050vJ"
"0947a7e5-f240-4355-8267-f309f6e4d35d","ORNL_004.basePlot.bet","D07","ORNL","ORNL_004","E","2015-06-23","2015-07-07","2015-07-07","2015-07-08",,"ORNL_004.E.20150707","qnVzy9oXbL0C/rzwCPMQsO0AOQ21vdNgAxmqlWEwd0I=","invert bycatch",,,,,,,,,,"49LI6M3+jMtxRtYmbfgyO+9Rpwup30X0","used NEON.DOC.014050vJ"
"e44a77b0-954f-4645-b112-29ed4ca86260","ORNL_029.basePlot.bet","D07","ORNL","ORNL_029","E","2015-06-23","2015-07-07","2015-07-07","2015-07-08",,"ORNL_029.E.20150707","7LdWMHVTMyTdaBnXK/xnvHv2O6QabJe6hoUB8JMC3Es=","invert bycatch",,,,,,,,,,"nAKPQvGWPz3w50pS9SF/Wg/TlEjgxRE8","used NEON.DOC.014050vJ"
"d0471ba8-0b3f-4552-873d-925a29f050b2","ORNL_002.basePlot.bet","D07","ORNL","ORNL_002","E","2015-06-23","2015-07-07","2015-07-07","2015-07-08",,"ORNL_002.E.20150707","FcwZvbWDjdh2nEV81XXsFIm2G2uHwVBmyMz9jssNk1M=","invert bycatch",,,,,,,,,,"nAKPQvGWPz3w50pS9SF/Wg/TlEjgxRE8","used NEON.DOC.014050vJ"
"bc0bbb65-a1fb-4ac9-b019-8df2e1fe18bb","ORNL_002.basePlot.bet","D07","ORNL","ORNL_002","N","2015-06-23","2015-07-07","2015-07-07","2015-09-22","2015-12-01","ORNL_002.N.20150707","FcwZvbWDjdhVJ2nKBeEZ8dJS3I9lHKtvkuWr3lsX024=","carabid","MYACOR","Myas coracinus","species",,"Say",,1,"Ciegler, J. C. 2000. Ground beetles and wrinkled bark beetles of South Carolina (Coleoptera: Geadephaga: Carabidae and Rhysodidae). Biota of South Carolina. Vol. 1. Clemson, S. Clemson University.","nAKPQvGWPz3w50pS9SF/Wg/TlEjgxRE8","nAKPQvGWPz3w50pS9SF/Wg/TlEjgxRE8","used NEON.DOC.014050vJ"
"f05e5108-0ee9-47fa-9cd8-3c67aa9a7078","ORNL_029.basePlot.bet","D07","ORNL","ORNL_029","N","2015-06-23","2015-07-07","2015-07-07","2015-07-08",,"ORNL_029.N.20150707","7LdWMHVTMyT+o9aAhmfQiE7A4UL18SyfDAPSEadoy/I=","invert bycatch",,,,,,,,,,"nAKPQvGWPz3w50pS9SF/Wg/TlEjgxRE8","used NEON.DOC.014050vJ"
"bff2fb39-6a6d-4eaf-a82b-12fdbc44cea1","ORNL_001.basePlot.bet","D07","ORNL","ORNL_001","N","2015-06-23","2015-07-07","2015-07-07","2015-07-08",,"ORNL_001.N.20150707","1iGudFvILglgeKbZLQg1h4RpAqYNXNU4udJwGMBBg68=","invert bycatch",,,,,,,,,,"nAKPQvGWPz3w50pS9SF/Wg/TlEjgxRE8","used NEON.DOC.014050vJ"
"86ee612d-d941-4f4b-b5a3-f7337a548700","ORNL_002.basePlot.bet","D07","ORNL","ORNL_002","N","2015-06-23","2015-07-07","2015-07-07","2015-09-22","2015-12-01","ORNL_002.N.20150707","FcwZvbWDjdhVJ2nKBeEZ8YI2wmz9tRxMJRy6dDKtMmE=","carabid","CYCSIG","Cyclotrachelus sigillatus","species","cf. species","Say",,1,"Ciegler, J. C. 2000. Ground beetles and wrinkled bark beetles of South Carolina (Coleoptera: Geadephaga: Carabidae and Rhysodidae). Biota of South Carolina. Vol. 1. Clemson, S. Clemson University.","nAKPQvGWPz3w50pS9SF/Wg/TlEjgxRE8","nAKPQvGWPz3w50pS9SF/Wg/TlEjgxRE8","used NEON.DOC.014050vJ"
"2a4747a3-5c44-4122-ae52-9bdc17a4831a","ORNL_031.basePlot.bet","D07","ORNL","ORNL_031","N","2015-06-23","2015-07-07","2015-07-07","2015-09-21","2015-12-01","ORNL_031.N.20150707","G1V5MttZ4JKdrYPIow3YIzBNFEsxd2qoIpbGVk9yLZw=","carabid","SCASUB2","Scarites subterraneus","species",,"Fabricius",,1,"Ciegler, J. C. 2000. Ground beetles and wrinkled bark beetles of South Carolina (Coleoptera: Geadephaga: Carabidae and Rhysodidae). Biota of South Carolina. Vol. 1. Clemson, S. Clemson University.","nAKPQvGWPz3w50pS9SF/Wg/TlEjgxRE8","nAKPQvGWPz3w50pS9SF/Wg/TlEjgxRE8","used NEON.DOC.014050vJ"
"2f238d73-e3d3-4349-b112-80e11b5fac74","ORNL_006.basePlot.bet","D07","ORNL","ORNL_006","N","2015-06-23","2015-07-07","2015-07-07","2015-09-22","2015-12-01","ORNL_006.N.20150707","XUOG9+A5sINkxfsCut298TDOqtizbuENkDfVA2dw3pk=","carabid","DICPOL","Dicaelus politus","species",,"Dejean",,1,"Lindroth, C. H. 1969. The ground-beetles (Carabidae, excl. Cicindelinae) of Canada and Alaska, parts 1-6. Opuscula E. Entomoligiska Sallskapet.","nAKPQvGWPz3w50pS9SF/Wg/TlEjgxRE8","nAKPQvGWPz3w50pS9SF/Wg/TlEjgxRE8","used NEON.DOC.014050vJ"
"f87ea3d9-9e88-4874-9eb3-07fc0af7b4c7","ORNL_006.basePlot.bet","D07","ORNL","ORNL_006","N","2015-06-23","2015-07-07","2015-07-07","2015-09-22","2015-12-01","ORNL_006.N.20150707","XUOG9+A5sINkxfsCut298WFK0FgVdH512ljz0dwQ2sY=","carabid","CYCSIG","Cyclotrachelus sigillatus","species",,"Say",,1,"Ciegler, J. C. 2000. Ground beetles and wrinkled bark beetles of South Carolina (Coleoptera: Geadephaga: Carabidae and Rhysodidae). Biota of South Carolina. Vol. 1. Clemson, S. Clemson University.","nAKPQvGWPz3w50pS9SF/Wg/TlEjgxRE8","nAKPQvGWPz3w50pS9SF/Wg/TlEjgxRE8","used NEON.DOC.014050vJ"
"30b6a2ae-e3d6-40b7-9893-639c3f500452","ORNL_027.basePlot.bet","D07","ORNL","ORNL_027","N","2015-06-23","2015-07-07","2015-07-07","2015-09-23","2015-12-01","ORNL_027.N.20150707","di/gYcSB3uApmotaciILpmCyRUEf3542s/So5TDykgM=","carabid","PTESTY","Pterostichus stygicus","species",,"Say",,1,"Ciegler, J. C. 2000. Ground beetles and wrinkled bark beetles of South Carolina (Coleoptera: Geadephaga: Carabidae and Rhysodidae). Biota of South Carolina. Vol. 1. Clemson, S. Clemson University.","nAKPQvGWPz3w50pS9SF/Wg/TlEjgxRE8","nAKPQvGWPz3w50pS9SF/Wg/TlEjgxRE8","used NEON.DOC.014050vJ"
"666d40f9-29db-452f-bece-ffcce6fa9abc","ORNL_002.basePlot.bet","D07","ORNL","ORNL_002","N","2015-06-23","2015-07-07","2015-07-07","2015-09-21","2015-12-01","ORNL_002.N.20150707","FcwZvbWDjdhVJ2nKBeEZ8To40KXFc3Ijw79O4x4/jeo=","carabid","CHLEMA","Chlaenius emarginatus","species",,"Say",,1,"Bell, R. T. 1960. A Revision of the Genus Chlaenius Bonelli (Coleoptera, Carabidae) in North America. Miscellaneous Publications of the Entomological Society of America 1:98-166.","nAKPQvGWPz3w50pS9SF/Wg/TlEjgxRE8","nAKPQvGWPz3w50pS9SF/Wg/TlEjgxRE8","used NEON.DOC.014050vJ"
"ea274aff-a5e6-448d-acf2-137df09f2b95","ORNL_031.basePlot.bet","D07","ORNL","ORNL_031","N","2015-06-23","2015-07-07","2015-07-07","2016-01-22","2016-01-22","ORNL_031.N.20150707","G1V5MttZ4JKdrYPIow3YIwr5KDNWEJrynXYq7tPeWtM=","carabid","CARSP14","Carabidae sp.","family",,"Latreille","D07.2015.MorphA",8,"Noonan, G. R. 1996. Classification, cladistics and natural history of species of the subgenus Anisodactylus Dejean (Insecta: Coleoptera: Carabidae: Harpalini: Anysoldactylus).","nAKPQvGWPz3w50pS9SF/Wg/TlEjgxRE8","nAKPQvGWPz3w50pS9SF/Wg/TlEjgxRE8","used NEON.DOC.014050vJ. Maybe Anisodactylus (Gynandrotarsus) sp."
"a9947ffc-a78a-49a4-b138-45a7ddb9e389","ORNL_002.basePlot.bet","D07","ORNL","ORNL_002","N","2015-06-23","2015-07-07","2015-07-07","2015-07-08",,"ORNL_002.N.20150707","FcwZvbWDjdhVJ2nKBeEZ8ZiBgXsT0erVIRa8kaFqdC0=","invert bycatch",,,,,,,,,,"nAKPQvGWPz3w50pS9SF/Wg/TlEjgxRE8","used NEON.DOC.014050vJ"
"fe8a3bdd-dd65-4eff-88c2-8ea67568aff2","ORNL_002.basePlot.bet","D07","ORNL","ORNL_002","N","2015-06-23","2015-07-07","2015-07-07","2015-09-21","2015-12-01","ORNL_002.N.20150707","FcwZvbWDjdhVJ2nKBeEZ8V9seKzT3aqyrvBkC+S7dh4=","carabid","GALBIC","Galerita bicolor","species",,"Drury",,1,"Ciegler, J. C. 2000. Ground beetles and wrinkled bark beetles of South Carolina (Coleoptera: Geadephaga: Carabidae and Rhysodidae). Biota of South Carolina. Vol. 1. Clemson, S. Clemson University.","nAKPQvGWPz3w50pS9SF/Wg/TlEjgxRE8","nAKPQvGWPz3w50pS9SF/Wg/TlEjgxRE8","used NEON.DOC.014050vJ"
"eb8e8cbf-cded-4861-8f47-47d185ad84dd","ORNL_006.basePlot.bet","D07","ORNL","ORNL_006","N","2015-06-23","2015-07-07","2015-07-07","2015-07-08",,"ORNL_006.N.20150707","XUOG9+A5sINkxfsCut298dnEL75uoZgDeMrDHqoMNrs=","invert bycatch",,,,,,,,,,"nAKPQvGWPz3w50pS9SF/Wg/TlEjgxRE8","used NEON.DOC.014050vJ"
"72e46f84-126b-4677-9330-69ccd7ade61f","ORNL_001.basePlot.bet","D07","ORNL","ORNL_001","N","2015-06-23","2015-07-07","2015-07-07","2016-01-22","2016-01-22","ORNL_001.N.20150707","1iGudFvILglgeKbZLQg1hxOxb7oZ7wlcesiWzPjyLUE=","carabid","CYCSIG","Cyclotrachelus sigillatus","species","cf. species","Say",,2,"Freitag, R. 1969. A revision of the species of the genus Evarthrus LeConte. Quaestiones Entomologicae 5:89-212.","nAKPQvGWPz3w50pS9SF/Wg/TlEjgxRE8","nAKPQvGWPz3w50pS9SF/Wg/TlEjgxRE8","used NEON.DOC.014050vJ"
"212ef4e0-b4af-4dfa-b6d3-a18c19729b00","ORNL_004.basePlot.bet","D07","ORNL","ORNL_004","N","2015-06-23","2015-07-07","2015-07-07","2015-07-08",,"ORNL_004.N.20150707","qnVzy9oXbL1fq/bG33F4NC5jiadc2+4UvK6sBgxtmqI=","invert bycatch",,,,,,,,,,"49LI6M3+jMtxRtYmbfgyO+9Rpwup30X0","used NEON.DOC.014050vJ"
"03e00fc6-9d96-40ee-a08a-d8173cfaac7d","ORNL_027.basePlot.bet","D07","ORNL","ORNL_027","N","2015-06-23","2015-07-07","2015-07-07","2015-09-21","2015-12-01","ORNL_027.N.20150707","di/gYcSB3uApmotaciILpmVG0NH1MyusOSWf1uotwbg=","carabid","CHLEMA","Chlaenius emarginatus","species",,"Say",,1,"Bell, R. T. 1960. A Revision of the Genus Chlaenius Bonelli (Coleoptera, Carabidae) in North America. Miscellaneous Publications of the Entomological Society of America 1:98-166.","nAKPQvGWPz3w50pS9SF/Wg/TlEjgxRE8","nAKPQvGWPz3w50pS9SF/Wg/TlEjgxRE8","used NEON.DOC.014050vJ"
"ade309c0-eae7-424b-9719-0e49574f645b","ORNL_027.basePlot.bet","D07","ORNL","ORNL_027","N","2015-06-23","2015-07-07","2015-07-07","2015-09-22","2015-12-01","ORNL_027.N.20150707","di/gYcSB3uApmotaciILpkbRpaRqVdgFY018f/yUp/Y=","carabid","CYCSIG","Cyclotrachelus sigillatus","species","cf. species","Say",,1,"Ciegler, J. C. 2000. Ground beetles and wrinkled bark beetles of South Carolina (Coleoptera: Geadephaga: Carabidae and Rhysodidae). Biota of South Carolina. Vol. 1. Clemson, S. Clemson University.","nAKPQvGWPz3w50pS9SF/Wg/TlEjgxRE8","nAKPQvGWPz3w50pS9SF/Wg/TlEjgxRE8","used NEON.DOC.014050vJ"
"36f2fe93-7aa6-43fb-94be-872551ccd314","ORNL_027.basePlot.bet","D07","ORNL","ORNL_027","N","2015-06-23","2015-07-07","2015-07-07","2015-07-08",,"ORNL_027.N.20150707","di/gYcSB3uApmotaciILpp2gVlVIRWv0QGQeKyEhtkQ=","invert bycatch",,,,,,,,,,"nAKPQvGWPz3w50pS9SF/Wg/TlEjgxRE8","used NEON.DOC.014050vJ"
"f64a04e5-a88a-46bb-be74-66dd89a90ff3","ORNL_021.basePlot.bet","D07","ORNL","ORNL_021","N","2015-06-23","2015-07-07","2015-07-07","2015-07-08",,"ORNL_021.N.20150707","LlqcsvOjN4CmMo1s5MYzmZpZFlaWzt+UuHhPabypp8s=","invert bycatch",,,,,,,,,,"nAKPQvGWPz3w50pS9SF/Wg/TlEjgxRE8","used NEON.DOC.014050vJ"
"982ee6c3-0ad3-443b-8f45-d833717cf5ea","ORNL_032.basePlot.bet","D07","ORNL","ORNL_032","N","2015-06-23","2015-07-07","2015-07-07","2015-07-08",,"ORNL_032.N.20150707","DcTblkLRhleTJXUw9utJ+p+LKEXyli6KbCmccbYRDCM=","invert bycatch",,,,,,,,,,"49LI6M3+jMtxRtYmbfgyO+9Rpwup30X0","used NEON.DOC.014050vJ"
"a28c70db-7d60-4cef-b1a2-9e421889276c","ORNL_032.basePlot.bet","D07","ORNL","ORNL_032","N","2015-06-23","2015-07-07","2015-07-07","2016-01-22","2016-01-22","ORNL_032.N.20150707","DcTblkLRhleTJXUw9utJ+s4ia8pEvm3dZplsCDZq4hc=","carabid","CYCFUC","Cyclotrachelus fucatus","species","cf. species","Freitag",,6,"Freitag, R. 1969. A revision of the species of the genus Evarthrus LeConte. Quaestiones Entomologicae 5:89-212.","nAKPQvGWPz3w50pS9SF/Wg/TlEjgxRE8","nAKPQvGWPz3w50pS9SF/Wg/TlEjgxRE8","used NEON.DOC.014050vJ"
"dc9c50bb-d0e6-43f5-9c63-0f5ddd6b1119","ORNL_027.basePlot.bet","D07","ORNL","ORNL_027","S","2015-06-23","2015-07-07","2015-07-07","2015-09-21","2015-12-01","ORNL_027.S.20150707","di/gYcSB3uC0rnNXI86D86bxrYKnY8F5YBwbSiRUki4=","carabid","CHLEMA","Chlaenius emarginatus","species",,"Say",,1,"Bell, R. T. 1960. A Revision of the Genus Chlaenius Bonelli (Coleoptera, Carabidae) in North America. Miscellaneous Publications of the Entomological Society of America 1:98-166.","nAKPQvGWPz3w50pS9SF/Wg/TlEjgxRE8","nAKPQvGWPz3w50pS9SF/Wg/TlEjgxRE8","used NEON.DOC.014050vJ"
"1b54c94d-16e0-4f9c-b79b-bfbe724ff18e","ORNL_021.basePlot.bet","D07","ORNL","ORNL_021","S","2015-06-23","2015-07-07","2015-07-07","2015-09-23","2015-12-01","ORNL_021.S.20150707","LlqcsvOjN4DVJW2wc9HXZ+5o+MA19Rqcoz095Z9WZfQ=","carabid","CARSP14","Carabidae sp.","family",,"Latreille","D07.2015.MorphD",1,"Other","nAKPQvGWPz3w50pS9SF/Wg/TlEjgxRE8","nAKPQvGWPz3w50pS9SF/Wg/TlEjgxRE8","used NEON.DOC.014050vJ. Maybe Harpalus sp."
"dc8b4aca-80aa-45da-8582-88d08a2b46d0","ORNL_001.basePlot.bet","D07","ORNL","ORNL_001","S","2015-06-23","2015-07-07","2015-07-07","2015-09-21","2015-12-01","ORNL_001.S.20150707","1iGudFvILgngJuxHDJ5BOHaRN1fT1uRJoNekPpdicO8=","carabid","PASPUN","Pasimachus punctulatus","species",,"Haldeman",,1,"Purrington, F., and C. J. Drake. 2005. A key to adult Nearctic Pasimachus (Pasimachus) Bonelli (Coleoptera: Carabidae: Scaritini), with comments on their functional mouthpart morphology. Entomological News 116:253-262.","nAKPQvGWPz3w50pS9SF/Wg/TlEjgxRE8","nAKPQvGWPz3w50pS9SF/Wg/TlEjgxRE8","used NEON.DOC.014050vJ"
"0280f922-db28-46dc-86c5-0647e74172c6","ORNL_031.basePlot.bet","D07","ORNL","ORNL_031","S","2015-06-23","2015-07-07","2015-07-07","2015-07-08",,"ORNL_031.S.20150707","G1V5MttZ4JKmO1iG0DeUHe5y6fMLm0KBBySEBxyow70=","invert bycatch",,,,,,,,,,"nAKPQvGWPz3w50pS9SF/Wg/TlEjgxRE8","used NEON.DOC.014050vJ"
"9f9fdba7-c0e8-4706-92f5-e594ca87ae75","ORNL_021.basePlot.bet","D07","ORNL","ORNL_021","S","2015-06-23","2015-07-07","2015-07-07","2015-09-23","2015-12-01","ORNL_021.S.20150707","LlqcsvOjN4DVJW2wc9HXZ0plSDIHXMU1DX89XIynaSY=","carabid","AGOCON","Agonoleptus conjunctus","species","cf. species","Say",,1,"Bousquet, Y., and P. W. Messer. 2010. Redescription of Stenolophus thoracicus Casey (Coleoptera, Carabidae, Harpalini), a valid species. ZooKeys 53:25-31.","nAKPQvGWPz3w50pS9SF/Wg/TlEjgxRE8","nAKPQvGWPz3w50pS9SF/Wg/TlEjgxRE8","used NEON.DOC.014050vJ"
"d6425ab9-8f6c-4f63-b3fd-46b0bdd3d114","ORNL_031.basePlot.bet","D07","ORNL","ORNL_031","S","2015-06-23","2015-07-07","2015-07-07","2016-01-22","2016-01-22","ORNL_031.S.20150707","G1V5MttZ4JKmO1iG0DeUHXPrQn1W3y4bYSVo6T3+3qs=","carabid","CARSP14","Carabidae sp.","family",,"Latreille","D07.2015.MorphA",8,"Noonan, G. R. 1996. Classification, cladistics and natural history of species of the subgenus Anisodactylus Dejean (Insecta: Coleoptera: Carabidae: Harpalini: Anysoldactylus).","nAKPQvGWPz3w50pS9SF/Wg/TlEjgxRE8","nAKPQvGWPz3w50pS9SF/Wg/TlEjgxRE8","used NEON.DOC.014050vJ. Maybe Anisodactylus (Gynandrotarsus) sp."
"4da7a19d-4703-4f8d-92f6-a551dc0dba11","ORNL_002.basePlot.bet","D07","ORNL","ORNL_002","S","2015-06-23","2015-07-07","2015-07-07","2015-07-08",,"ORNL_002.S.20150707","FcwZvbWDjdiBGB4cwukFnYvuBg2+YZbmP5oRdRIqT1M=","invert bycatch",,,,,,,,,,"nAKPQvGWPz3w50pS9SF/Wg/TlEjgxRE8","used NEON.DOC.014050vJ. Due to seasonal technician error bycatch was sorted with plot ORNL_029. Actual tube ID is ORNL_029.20150707.ib.01"
"22409d64-af52-419b-94ff-e5540a1256f3","ORNL_001.basePlot.bet","D07","ORNL","ORNL_001","S","2015-06-23","2015-07-07","2015-07-07","2015-09-22","2015-12-01","ORNL_001.S.20150707","1iGudFvILgngJuxHDJ5BOK8AEBE0le4mA1WR/mpC/OI=","carabid","DICDIL5","Dicaelus dilatatus","species",,"Say",,1,"Lindroth, C. H. 1969. The ground-beetles (Carabidae, excl. Cicindelinae) of Canada and Alaska, parts 1-6. Opuscula E. Entomoligiska Sallskapet.","nAKPQvGWPz3w50pS9SF/Wg/TlEjgxRE8","nAKPQvGWPz3w50pS9SF/Wg/TlEjgxRE8","used NEON.DOC.014050vJ"
"6150569d-5ec7-48b8-8468-82310b2dd3df","ORNL_029.basePlot.bet","D07","ORNL","ORNL_029","S","2015-06-23","2015-07-07","2015-07-07","2015-07-08",,"ORNL_029.S.20150707","7LdWMHVTMyTSn9kHqJy/YFLaqXPIyDibaSERuUFnuzs=","invert bycatch",,,,,,,,,,"nAKPQvGWPz3w50pS9SF/Wg/TlEjgxRE8","used NEON.DOC.014050vJ"
"0d540912-4bc2-4b5e-9b1c-d8ed0cf59d78","ORNL_032.basePlot.bet","D07","ORNL","ORNL_032","S","2015-06-23","2015-07-07","2015-07-07","2015-09-21","2015-12-01","ORNL_032.S.20150707","DcTblkLRhldYsz9PzbD5PEWd4e+gAA/39LyznZfZx1o=","carabid","CYLUNI","Cylindera unipunctata","species",,"Fabricius",,1,"Willis, H. L. 1968. Artificial key to the species of Cicindela of North America North of Mexico (Coleoptera: Cicindelidae). Journal of the Kansas Entomological Society 41:303-317.","nAKPQvGWPz3w50pS9SF/Wg/TlEjgxRE8","nAKPQvGWPz3w50pS9SF/Wg/TlEjgxRE8","used NEON.DOC.014050vJ"
"86551c21-d664-493a-9dc4-be26888a5877","ORNL_029.basePlot.bet","D07","ORNL","ORNL_029","S","2015-06-23","2015-07-07","2015-07-07","2015-09-22","2015-12-01","ORNL_029.S.20150707","7LdWMHVTMyTSn9kHqJy/YGPsx5UE1BNd63w/KfKbcc4=","carabid","CYCSIG","Cyclotrachelus sigillatus","species","cf. species","Say",,1,"Ciegler, J. C. 2000. Ground beetles and wrinkled bark beetles of South Carolina (Coleoptera: Geadephaga: Carabidae and Rhysodidae). Biota of South Carolina. Vol. 1. Clemson, S. Clemson University.","nAKPQvGWPz3w50pS9SF/Wg/TlEjgxRE8","nAKPQvGWPz3w50pS9SF/Wg/TlEjgxRE8","used NEON.DOC.014050vJ"
"5b4de629-d413-41de-ac20-9d609b4543b5","ORNL_006.basePlot.bet","D07","ORNL","ORNL_006","S","2015-06-23","2015-07-07","2015-07-07","2015-07-08",,"ORNL_006.S.20150707","XUOG9+A5sIPMjfV0P55IMrEBFnXd00yQWLsWzHO37lE=","invert bycatch",,,,,,,,,,"nAKPQvGWPz3w50pS9SF/Wg/TlEjgxRE8","used NEON.DOC.014050vJ"
"3bac881b-1bca-4528-ad9e-25b32e0a2d86","ORNL_027.basePlot.bet","D07","ORNL","ORNL_027","S","2015-06-23","2015-07-07","2015-07-07","2015-07-08",,"ORNL_027.S.20150707","di/gYcSB3uC0rnNXI86D89sbkqdRxDZDviMtzZqnpd0=","invert bycatch",,,,,,,,,,"nAKPQvGWPz3w50pS9SF/Wg/TlEjgxRE8","used NEON.DOC.014050vJ"
"396b8da0-88b3-4838-92a4-1386119c1fa4","ORNL_021.basePlot.bet","D07","ORNL","ORNL_021","S","2015-06-23","2015-07-07","2015-07-07","2015-07-08",,"ORNL_021.S.20150707","LlqcsvOjN4DVJW2wc9HXZ6v9rUDVhGAraXvfSqPjrFI=","invert bycatch",,,,,,,,,,"nAKPQvGWPz3w50pS9SF/Wg/TlEjgxRE8","used NEON.DOC.014050vJ"
"9a50a906-f620-470d-be11-9f549814bada","ORNL_032.basePlot.bet","D07","ORNL","ORNL_032","S","2015-06-23","2015-07-07","2015-07-07","2015-07-08",,"ORNL_032.S.20150707","DcTblkLRhldYsz9PzbD5PJ40HuCBNdQjBLAAvRP73cc=","invert bycatch",,,,,,,,,,"49LI6M3+jMtxRtYmbfgyO+9Rpwup30X0","used NEON.DOC.014050vJ"
"23b55d7b-dca3-4b52-bbb4-b92c1a4ad3d8","ORNL_001.basePlot.bet","D07","ORNL","ORNL_001","S","2015-06-23","2015-07-07","2015-07-07","2015-07-08",,"ORNL_001.S.20150707","1iGudFvILgngJuxHDJ5BOFdhtDAxNlhsqbI0+SDwW0I=","invert bycatch",,,,,,,,,,"nAKPQvGWPz3w50pS9SF/Wg/TlEjgxRE8","used NEON.DOC.014050vJ"
"bb2b3e3d-134d-44f6-b79c-a8298e743c6c","ORNL_004.basePlot.bet","D07","ORNL","ORNL_004","W","2015-06-23","2015-07-07","2015-07-07","2015-07-08",,"ORNL_004.W.20150707","qnVzy9oXbL323S6aNCEDmz7dRYT2fyC1bFt0g5HuCW8=","invert bycatch",,,,,,,,,,"49LI6M3+jMtxRtYmbfgyO+9Rpwup30X0","used NEON.DOC.014050vJ"
"57ba5748-0937-47cf-9e94-8efeca32a9ef","ORNL_001.basePlot.bet","D07","ORNL","ORNL_001","W","2015-06-23","2015-07-07","2015-07-07","2015-07-08",,"ORNL_001.W.20150707","1iGudFvILgkoVjAGMEE7x5BrOzpyMjddLN8BH0RFatw=","invert bycatch",,,,,,,,,,"nAKPQvGWPz3w50pS9SF/Wg/TlEjgxRE8","used NEON.DOC.014050vJ"
"242a8fc9-34d6-40a9-8529-0f1bfbdf2ccd","ORNL_032.basePlot.bet","D07","ORNL","ORNL_032","W","2015-06-23","2015-07-07","2015-07-07","2015-07-08",,"ORNL_032.W.20150707","DcTblkLRhlfJN+zoutMQxaxbudVfu55vQhrw/6wO2JM=","invert bycatch",,,,,,,,,,"49LI6M3+jMtxRtYmbfgyO+9Rpwup30X0","used NEON.DOC.014050vJ"
"cc6f2a5e-9f45-4e7b-8683-e9d03478fdcf","ORNL_021.basePlot.bet","D07","ORNL","ORNL_021","W","2015-06-23","2015-07-07","2015-07-07","2015-07-08",,"ORNL_021.W.20150707","LlqcsvOjN4Cc/5J6hIcxZE4mqjXTte8yELWawwYsPP0=","invert bycatch",,,,,,,,,,"nAKPQvGWPz3w50pS9SF/Wg/TlEjgxRE8","used NEON.DOC.014050vJ"
"16e68e9f-2524-4ab5-9a10-9f50365bcb8f","ORNL_031.basePlot.bet","D07","ORNL","ORNL_031","W","2015-06-23","2015-07-07","2015-07-07","2015-09-23","2015-12-01","ORNL_031.W.20150707","G1V5MttZ4JI18bMFJvz7Zp3j7HGVfn3eZx9nlALj2RA=","carabid","CARSP14","Carabidae sp.","family",,"Latreille","D07.2015.MorphA",5,"Other","nAKPQvGWPz3w50pS9SF/Wg/TlEjgxRE8","nAKPQvGWPz3w50pS9SF/Wg/TlEjgxRE8","used NEON.DOC.014050vJ. Maybe Anisodactylus (Gynandrotarsus) sp."
"baf4e359-6ce4-4069-9961-2b541eb5fe1b","ORNL_002.basePlot.bet","D07","ORNL","ORNL_002","W","2015-06-23","2015-07-07","2015-07-07","2015-07-08",,"ORNL_002.W.20150707","FcwZvbWDjdih/5iSDxFerbCwfinPg0E/xRJg2bgxQD4=","invert bycatch",,,,,,,,,,"nAKPQvGWPz3w50pS9SF/Wg/TlEjgxRE8","used NEON.DOC.014050vJ"
"38c71f44-aaba-4f7c-9049-68eb76ae3258","ORNL_027.basePlot.bet","D07","ORNL","ORNL_027","W","2015-06-23","2015-07-07","2015-07-07","2015-09-21","2015-12-01","ORNL_027.W.20150707","di/gYcSB3uAZjZtXyGfB7+aCyGPDvrFyqq43QOXhdEs=","carabid","CHLEMA","Chlaenius emarginatus","species",,"Say",,1,"Bell, R. T. 1960. A Revision of the Genus Chlaenius Bonelli (Coleoptera, Carabidae) in North America. Miscellaneous Publications of the Entomological Society of America 1:98-166.","nAKPQvGWPz3w50pS9SF/Wg/TlEjgxRE8","nAKPQvGWPz3w50pS9SF/Wg/TlEjgxRE8","used NEON.DOC.014050vJ"
"f547e7b2-cbba-4b2b-8683-4bcec0e87aa8","ORNL_027.basePlot.bet","D07","ORNL","ORNL_027","W","2015-06-23","2015-07-07","2015-07-07","2015-09-23","2015-12-01","ORNL_027.W.20150707","di/gYcSB3uAZjZtXyGfB71ajOqOYeJwgQxX+NlMZtaY=","carabid","PTEATR","Pterostichus atratus","species","cf. species","Newman",,1,"Ciegler, J. C. 2000. Ground beetles and wrinkled bark beetles of South Carolina (Coleoptera: Geadephaga: Carabidae and Rhysodidae). Biota of South Carolina. Vol. 1. Clemson, S. Clemson University.","nAKPQvGWPz3w50pS9SF/Wg/TlEjgxRE8","nAKPQvGWPz3w50pS9SF/Wg/TlEjgxRE8","used NEON.DOC.014050vJ"
"33417db0-1392-42a3-aff6-84dd8485b45d","ORNL_027.basePlot.bet","D07","ORNL","ORNL_027","W","2015-06-23","2015-07-07","2015-07-07","2015-07-08",,"ORNL_027.W.20150707","di/gYcSB3uAZjZtXyGfB76HVHJo0uKt+r09ECa30+gM=","invert bycatch",,,,,,,,,,"nAKPQvGWPz3w50pS9SF/Wg/TlEjgxRE8","used NEON.DOC.014050vJ"
"4e51d521-b8e8-49cb-9f57-d5f0a3de108b","ORNL_029.basePlot.bet","D07","ORNL","ORNL_029","W","2015-06-23","2015-07-07","2015-07-07","2015-07-08",,"ORNL_029.W.20150707","7LdWMHVTMyRBOv5F1sgxP/ng/IrUg6+PGfVhaIqqiyw=","invert bycatch",,,,,,,,,,"nAKPQvGWPz3w50pS9SF/Wg/TlEjgxRE8","used NEON.DOC.014050vJ"
"3c7c8bb8-dd52-419a-8d43-38ec3deeef97","ORNL_032.basePlot.bet","D07","ORNL","ORNL_032","W","2015-06-23","2015-07-07","2015-07-07","2016-01-22","2016-01-22","ORNL_032.W.20150707","DcTblkLRhlfJN+zoutMQxTsPzVFxzU5hZgb7lFz/1ug=","carabid","CYCFUC","Cyclotrachelus fucatus","species","cf. species","Freitag",,6,"Freitag, R. 1969. A revision of the species of the genus Evarthrus LeConte. Quaestiones Entomologicae 5:89-212.","nAKPQvGWPz3w50pS9SF/Wg/TlEjgxRE8","nAKPQvGWPz3w50pS9SF/Wg/TlEjgxRE8","used NEON.DOC.014050vJ"
"d55a8158-8259-4e29-93a6-02a245a99b6a","ORNL_001.basePlot.bet","D07","ORNL","ORNL_001","E","2015-06-23","2015-07-07","2015-07-07","2015-07-08",,"ORNL_001.E.20150707","1iGudFvILgm0UcmM/Z77UU6cHVQRZyiUsgCEmBFdKJs=","invert bycatch",,,,,,,,,,"nAKPQvGWPz3w50pS9SF/Wg/TlEjgxRE8","used NEON.DOC.014050vJ"
"f233ba98-6f70-4c12-b9d5-b8e0212ea01a","ORNL_002.basePlot.bet","D07","ORNL","ORNL_002","E","2015-07-07","2015-07-21","2015-07-22","2015-07-22",,"ORNL_002.E.20150721","FcwZvbWDjdh2nEV81XXsFLajl5OQNDAkLOh+NL0lmlI=","invert bycatch",,,,,,,,,,"nAKPQvGWPz3w50pS9SF/Wg/TlEjgxRE8","used NEON.DOC.014050vJ"
"40e4f087-c9ad-4f59-b176-fa1736d365aa","ORNL_004.basePlot.bet","D07","ORNL","ORNL_004","E","2015-07-07","2015-07-21","2015-07-22","2015-07-22",,"ORNL_004.E.20150721","qnVzy9oXbL0C/rzwCPMQsAuYkD24at/fgp9u7VYhCK4=","invert bycatch",,,,,,,,,,"nAKPQvGWPz3w50pS9SF/Wg/TlEjgxRE8","used NEON.DOC.014050vJ"
"12c5e9b7-2397-4133-a369-e9a079483fd3","ORNL_006.basePlot.bet","D07","ORNL","ORNL_006","E","2015-07-07","2015-07-21","2015-07-21","2015-07-22",,"ORNL_006.E.20150721","XUOG9+A5sINoJKEYMg8kZ1YrL69PIDXjtr/NkKkFgQU=","invert bycatch",,,,,,,,,,"nAKPQvGWPz3w50pS9SF/Wg/TlEjgxRE8","used NEON.DOC.014050vJ"
"7604ea0c-1e96-4d4d-b01f-0711f9bc7644","ORNL_021.basePlot.bet","D07","ORNL","ORNL_021","E","2015-07-07","2015-07-21","2015-07-21","2015-07-22",,"ORNL_021.E.20150721","LlqcsvOjN4AKh2eXWBoiF1awcblEIatrvrlBHpAE6dU=","invert bycatch",,,,,,,,,,"nAKPQvGWPz3w50pS9SF/Wg/TlEjgxRE8","used NEON.DOC.014050vJ"
"c88d555c-ccfd-4257-8d96-a2be67f6bbc5","ORNL_027.basePlot.bet","D07","ORNL","ORNL_027","E","2015-07-07","2015-07-21","2015-07-22","2015-07-22",,"ORNL_027.E.20150721","di/gYcSB3uCH6HDnbGh9ZqexhM9qRO+LEE1NkkIWnrM=","invert bycatch",,,,,,,,,,"nAKPQvGWPz3w50pS9SF/Wg/TlEjgxRE8","used NEON.DOC.014050vJ"
"79f7890e-23cc-4fc0-8a71-d1e596e9255c","ORNL_031.basePlot.bet","D07","ORNL","ORNL_031","E","2015-07-07","2015-07-21","2015-07-21","2015-09-23","2015-12-01","ORNL_031.E.20150721","G1V5MttZ4JKiz4rd8C+YpH48go/tsQeDr4U1slTj/e4=","carabid","CARSP14","Carabidae sp.","family",,"Latreille","D07.2015.MorphC",1,"Other","nAKPQvGWPz3w50pS9SF/Wg/TlEjgxRE8","nAKPQvGWPz3w50pS9SF/Wg/TlEjgxRE8","used NEON.DOC.014050vJ. Maybe Harpalus (Pseudoophonus) sp."
"5592c7ec-a196-4934-8bb4-c9642f624562","ORNL_021.basePlot.bet","D07","ORNL","ORNL_021","E","2015-07-07","2015-07-21","2015-07-21","2015-09-23","2015-12-01","ORNL_021.E.20150721","LlqcsvOjN4AKh2eXWBoiF6iCMVKURqs3ELBo6h7sgUc=","carabid","CARSP14","Carabidae sp.","family",,"Latreille","D07.2015.MorphA",2,"Other","nAKPQvGWPz3w50pS9SF/Wg/TlEjgxRE8","nAKPQvGWPz3w50pS9SF/Wg/TlEjgxRE8","used NEON.DOC.014050vJ. Maybe Anisodactylus (Gynandrotarsus) sp."
"20a599ec-e907-4b28-801b-b251df0b02a3","ORNL_032.basePlot.bet","D07","ORNL","ORNL_032","E","2015-07-07","2015-07-21","2015-07-21","2016-01-22","2016-01-22","ORNL_032.E.20150721","DcTblkLRhld2mqbXQCIxpcXqEQcW0diTDEySDoBCMYQ=","carabid","CYCFUC","Cyclotrachelus fucatus","species","cf. species","Freitag",,1,"Freitag, R. 1969. A revision of the species of the genus Evarthrus LeConte. Quaestiones Entomologicae 5:89-212.","nAKPQvGWPz3w50pS9SF/Wg/TlEjgxRE8","nAKPQvGWPz3w50pS9SF/Wg/TlEjgxRE8","used NEON.DOC.014050vJ"
"e874e8f7-7761-4130-a4cb-a0a6fd405bed","ORNL_032.basePlot.bet","D07","ORNL","ORNL_032","E","2015-07-07","2015-07-21","2015-07-21","2015-07-22",,"ORNL_032.E.20150721","DcTblkLRhld2mqbXQCIxpVK9tT46jOLIBU6cOLfHZ/Q=","invert bycatch",,,,,,,,,,"nAKPQvGWPz3w50pS9SF/Wg/TlEjgxRE8","used NEON.DOC.014050vJ"
"9d033491-7d11-4874-92a4-ff1151482a32","ORNL_001.basePlot.bet","D07","ORNL","ORNL_001","E","2015-07-07","2015-07-21","2015-07-22","2015-07-22",,"ORNL_001.E.20150721","1iGudFvILgm0UcmM/Z77UWCr6XMKdk+hdOJlxFx/sQU=","invert bycatch",,,,,,,,,,"nAKPQvGWPz3w50pS9SF/Wg/TlEjgxRE8","used NEON.DOC.014050vJ"
"156ea468-e358-467d-b87c-cf4ab0c375c2","ORNL_002.basePlot.bet","D07","ORNL","ORNL_002","E","2015-07-07","2015-07-21","2015-07-21","2016-01-22","2016-01-22","ORNL_002.E.20150721","FcwZvbWDjdh2nEV81XXsFCgpAa8YlcViy93/RHkaTCI=","carabid","SPHSTE1","Sphaeroderus stenostomus lecontei","subspecies",,"Dejean",,1,"Barr Jr., T. C. 1974a. Key to species and subspecies of Sphaeroderus Dejean.","nAKPQvGWPz3w50pS9SF/Wg/TlEjgxRE8","nAKPQvGWPz3w50pS9SF/Wg/TlEjgxRE8","used NEON.DOC.014050vJ"
"b6be2073-c448-4f71-abe9-e1695e1c23ba","ORNL_031.basePlot.bet","D07","ORNL","ORNL_031","E","2015-07-07","2015-07-21","2015-07-21","2015-07-22",,"ORNL_031.E.20150721","G1V5MttZ4JKiz4rd8C+YpIqbyMnkZEdzR/1/+O+2/ww=","invert bycatch",,,,,,,,,,"nAKPQvGWPz3w50pS9SF/Wg/TlEjgxRE8","used NEON.DOC.014050vJ"
"1bca8bc9-e301-4f28-b4d4-8696ded25d54","ORNL_032.basePlot.bet","D07","ORNL","ORNL_032","N","2015-07-07","2015-07-21","2015-07-21","2015-07-22",,"ORNL_032.N.20150721","DcTblkLRhleTJXUw9utJ+syhZmMx/IXVCTzhm6TUABI=","invert bycatch",,,,,,,,,,"nAKPQvGWPz3w50pS9SF/Wg/TlEjgxRE8","used NEON.DOC.014050vJ"
"2edc7507-0291-4589-a713-c5824b0a13b0","ORNL_027.basePlot.bet","D07","ORNL","ORNL_027","N","2015-07-07","2015-07-21","2015-07-21","2015-09-21","2015-12-01","ORNL_027.N.20150721","di/gYcSB3uApmotaciILpq87r9ejQ9Yc5viI3FACaOg=","carabid","CHLEMA","Chlaenius emarginatus","species",,"Say",,1,"Bell, R. T. 1960. A Revision of the Genus Chlaenius Bonelli (Coleoptera, Carabidae) in North America. Miscellaneous Publications of the Entomological Society of America 1:98-166.","nAKPQvGWPz3w50pS9SF/Wg/TlEjgxRE8","nAKPQvGWPz3w50pS9SF/Wg/TlEjgxRE8","used NEON.DOC.014050vJ"
"7e12d1e7-1409-42a9-a952-198cff9bd426","ORNL_006.basePlot.bet","D07","ORNL","ORNL_006","N","2015-07-07","2015-07-21","2015-07-21","2015-09-22","2015-12-01","ORNL_006.N.20150721","XUOG9+A5sINkxfsCut298TYjPWGmtk8ZLNgjJ95TDvU=","carabid","CYCSIG","Cyclotrachelus sigillatus","species","cf. species","Say",,1,"Ciegler, J. C. 2000. Ground beetles and wrinkled bark beetles of South Carolina (Coleoptera: Geadephaga: Carabidae and Rhysodidae). Biota of South Carolina. Vol. 1. Clemson, S. Clemson University.","nAKPQvGWPz3w50pS9SF/Wg/TlEjgxRE8","nAKPQvGWPz3w50pS9SF/Wg/TlEjgxRE8","used NEON.DOC.014050vJ"
"8319f240-fd33-41e2-a262-2a1fbd4aacb6","ORNL_027.basePlot.bet","D07","ORNL","ORNL_027","N","2015-07-07","2015-07-21","2015-07-22","2015-07-22",,"ORNL_027.N.20150721","di/gYcSB3uApmotaciILpkYmbdGlZaCmg0vpescpRzI=","invert bycatch",,,,,,,,,,"nAKPQvGWPz3w50pS9SF/Wg/TlEjgxRE8","used NEON.DOC.014050vJ"
"3662dcd7-9cab-4478-aa73-9958761d8fce","ORNL_006.basePlot.bet","D07","ORNL","ORNL_006","N","2015-07-07","2015-07-21","2015-07-21","2015-07-22",,"ORNL_006.N.20150721","XUOG9+A5sINkxfsCut298apBcYTI2877YfGfRek/2iE=","invert bycatch",,,,,,,,,,"nAKPQvGWPz3w50pS9SF/Wg/TlEjgxRE8","used NEON.DOC.014050vJ"
"4339423b-3164-40f0-a807-9aae486cec83","ORNL_006.basePlot.bet","D07","ORNL","ORNL_006","N","2015-07-07","2015-07-21","2015-07-21","2015-09-22","2015-12-01","ORNL_006.N.20150721","XUOG9+A5sINkxfsCut298TdaaHtfJNqP/XaJsXejKdY=","carabid","DICDIL5","Dicaelus dilatatus","species",,"Say",,1,"Lindroth, C. H. 1969. The ground-beetles (Carabidae, excl. Cicindelinae) of Canada and Alaska, parts 1-6. Opuscula E. Entomoligiska Sallskapet.","nAKPQvGWPz3w50pS9SF/Wg/TlEjgxRE8","nAKPQvGWPz3w50pS9SF/Wg/TlEjgxRE8","used NEON.DOC.014050vJ"
"24b85395-6ec6-4627-8046-4ffd82a77534","ORNL_001.basePlot.bet","D07","ORNL","ORNL_001","N","2015-07-07","2015-07-21","2015-07-22","2015-07-22",,"ORNL_001.N.20150721","1iGudFvILglgeKbZLQg1h93oKnNy93l9FHp78Djaix0=","invert bycatch",,,,,,,,,,"nAKPQvGWPz3w50pS9SF/Wg/TlEjgxRE8","used NEON.DOC.014050vJ"
"93e7e3dc-ca89-4df5-958b-60e0c8a4890e","ORNL_002.basePlot.bet","D07","ORNL","ORNL_002","N","2015-07-07","2015-07-21","2015-07-21","2015-09-22","2015-12-01","ORNL_002.N.20150721","FcwZvbWDjdhVJ2nKBeEZ8aZFtPbmYmETn0Tq4e2kO3w=","carabid","DICDIL5","Dicaelus dilatatus","species",,"Say",,1,"Lindroth, C. H. 1969. The ground-beetles (Carabidae, excl. Cicindelinae) of Canada and Alaska, parts 1-6. Opuscula E. Entomoligiska Sallskapet.","nAKPQvGWPz3w50pS9SF/Wg/TlEjgxRE8","nAKPQvGWPz3w50pS9SF/Wg/TlEjgxRE8","used NEON.DOC.014050vJ"
"0d369baa-a247-46bc-942a-9d987c618003","ORNL_006.basePlot.bet","D07","ORNL","ORNL_006","N","2015-07-07","2015-07-21","2015-07-21","2015-09-22","2015-12-01","ORNL_006.N.20150721","XUOG9+A5sINkxfsCut298Ub/4GRwW71SSnF6Ntlqn0Y=","carabid","CYCFUC","Cyclotrachelus fucatus","species",,"Freitag",,1,"Freitag, R. 1969. A revision of the species of the genus Evarthrus LeConte. Quaestiones Entomologicae 5:89-212.","nAKPQvGWPz3w50pS9SF/Wg/TlEjgxRE8","nAKPQvGWPz3w50pS9SF/Wg/TlEjgxRE8","used NEON.DOC.014050vJ"
"832ba21b-e046-405d-9117-e049fb17d895","ORNL_031.basePlot.bet","D07","ORNL","ORNL_031","N","2015-07-07","2015-07-21","2015-07-21","2015-07-22",,"ORNL_031.N.20150721","G1V5MttZ4JKdrYPIow3YIy2rH1Oxq8YNHhWYZn515Es=","invert bycatch",,,,,,,,,,"nAKPQvGWPz3w50pS9SF/Wg/TlEjgxRE8","used NEON.DOC.014050vJ"
"7da11c37-08f0-4efc-899b-89d15ba3126e","ORNL_029.basePlot.bet","D07","ORNL","ORNL_029","N","2015-07-07","2015-07-21","2015-07-21","2015-07-22",,"ORNL_029.N.20150721","7LdWMHVTMyT+o9aAhmfQiHEh6UNs6+cj8y6QNTd++uo=","invert bycatch",,,,,,,,,,"nAKPQvGWPz3w50pS9SF/Wg/TlEjgxRE8","used NEON.DOC.014050vJ"
"50199820-75f4-4bf8-ad45-78a6a0d1dfc2","ORNL_031.basePlot.bet","D07","ORNL","ORNL_031","N","2015-07-07","2015-07-21","2015-07-21","2016-01-22","2016-01-22","ORNL_031.N.20150721","G1V5MttZ4JKdrYPIow3YI8xzRQM/feuHpgb7vCNROTg=","carabid","CARSP14","Carabidae sp.","family",,"Latreille","D07.2015.MorphA",8,"Noonan, G. R. 1996. Classification, cladistics and natural history of species of the subgenus Anisodactylus Dejean (Insecta: Coleoptera: Carabidae: Harpalini: Anysoldactylus).","nAKPQvGWPz3w50pS9SF/Wg/TlEjgxRE8","nAKPQvGWPz3w50pS9SF/Wg/TlEjgxRE8","used NEON.DOC.014050vJ. Maybe Anisodactylus (Gynandrotarsus) sp."
"1d8dd761-5ec1-4932-b12e-7f72b2b73bb2","ORNL_021.basePlot.bet","D07","ORNL","ORNL_021","N","2015-07-07","2015-07-21","2015-07-21","2015-07-22",,"ORNL_021.N.20150721","LlqcsvOjN4CmMo1s5MYzmcNeFMz6O8EJnkckf4j+z2M=","invert bycatch",,,,,,,,,,"nAKPQvGWPz3w50pS9SF/Wg/TlEjgxRE8","used NEON.DOC.014050vJ"
"8117847d-2a64-4168-aa21-8135835e594c","ORNL_021.basePlot.bet","D07","ORNL","ORNL_021","N","2015-07-07","2015-07-21","2015-07-21","2015-09-22","2015-12-01","ORNL_021.N.20150721","LlqcsvOjN4CmMo1s5MYzma1PwvnGhZT0Hlywy2H+SMw=","carabid","DICELO","Dicaelus elongatus","species",,"Bonelli",,1,"Lindroth, C. H. 1969. The ground-beetles (Carabidae, excl. Cicindelinae) of Canada and Alaska, parts 1-6. Opuscula E. Entomoligiska Sallskapet.","nAKPQvGWPz3w50pS9SF/Wg/TlEjgxRE8","nAKPQvGWPz3w50pS9SF/Wg/TlEjgxRE8","used NEON.DOC.014050vJ"
"0ca96e4c-b0db-4661-b170-591eaf2de24c","ORNL_032.basePlot.bet","D07","ORNL","ORNL_032","N","2015-07-07","2015-07-21","2015-07-21","2015-09-23","2015-12-01","ORNL_032.N.20150721","DcTblkLRhleTJXUw9utJ+nS8neWiFTMqvqAmtO1e7Cw=","carabid","PTESTY","Pterostichus stygicus","species",,"Say",,1,"Ciegler, J. C. 2000. Ground beetles and wrinkled bark beetles of South Carolina (Coleoptera: Geadephaga: Carabidae and Rhysodidae). Biota of South Carolina. Vol. 1. Clemson, S. Clemson University.","nAKPQvGWPz3w50pS9SF/Wg/TlEjgxRE8","nAKPQvGWPz3w50pS9SF/Wg/TlEjgxRE8","used NEON.DOC.014050vJ"
"4ff8a05a-6fe3-4b9f-8bec-d9f322d91ce4","ORNL_004.basePlot.bet","D07","ORNL","ORNL_004","N","2015-07-07","2015-07-21","2015-07-22","2015-07-22",,"ORNL_004.N.20150721","qnVzy9oXbL1fq/bG33F4NLkm716CS1tBoa8XdwWyaa8=","invert bycatch",,,,,,,,,,"nAKPQvGWPz3w50pS9SF/Wg/TlEjgxRE8","used NEON.DOC.014050vJ"
"c05adcea-a50a-4684-a74c-c370b93e74c5","ORNL_002.basePlot.bet","D07","ORNL","ORNL_002","N","2015-07-07","2015-07-21","2015-07-22","2015-07-22",,"ORNL_002.N.20150721","FcwZvbWDjdhVJ2nKBeEZ8dSdMJWjqY5QVhO2UAAM1Vk=","invert bycatch",,,,,,,,,,"nAKPQvGWPz3w50pS9SF/Wg/TlEjgxRE8","used NEON.DOC.014050vJ"
"badf1442-67f4-4842-9326-fd893cb5456e","ORNL_002.basePlot.bet","D07","ORNL","ORNL_002","N","2015-07-07","2015-07-21","2015-07-21","2015-09-22","2015-12-01","ORNL_002.N.20150721","FcwZvbWDjdhVJ2nKBeEZ8UIp+/rkRfroEqJaC6tOYcg=","carabid","DICFUR","Dicaelus furvus","species",,"Dejean",,1,"Lindroth, C. H. 1969. The ground-beetles (Carabidae, excl. Cicindelinae) of Canada and Alaska, parts 1-6. Opuscula E. Entomoligiska Sallskapet.","nAKPQvGWPz3w50pS9SF/Wg/TlEjgxRE8","nAKPQvGWPz3w50pS9SF/Wg/TlEjgxRE8","used NEON.DOC.014050vJ"
"1263b15b-5636-41bf-ae3d-83216cd9f7b6","ORNL_002.basePlot.bet","D07","ORNL","ORNL_002","S","2015-07-07","2015-07-21","2015-07-22","2015-07-22","2015-07-23","ORNL_002.S.20150721","FcwZvbWDjdiBGB4cwukFnfsY+IGRcDWeaNs2atMwAVM=","vert bycatch herp","LITPAL","Lithobates palustris","species",,"LeConte",,1,"Tennessee Watchable Wildlife http://www.tnwatchablewildlife.org/Amphibians.cfm","nAKPQvGWPz3w50pS9SF/Wg/TlEjgxRE8","nAKPQvGWPz3w50pS9SF/Wg/TlEjgxRE8","used NEON.DOC.014050vJ"
"6241893e-9238-4d23-94a8-8b39dd9112b0","ORNL_002.basePlot.bet","D07","ORNL","ORNL_002","S","2015-07-07","2015-07-21","2015-07-21","2015-09-22","2015-12-01","ORNL_002.S.20150721","FcwZvbWDjdiBGB4cwukFnbDI7FYBznibyDhCBdtSOyA=","carabid","DICPOL","Dicaelus politus","species",,"Dejean",,1,"Lindroth, C. H. 1969. The ground-beetles (Carabidae, excl. Cicindelinae) of Canada and Alaska, parts 1-6. Opuscula E. Entomoligiska Sallskapet.","nAKPQvGWPz3w50pS9SF/Wg/TlEjgxRE8","nAKPQvGWPz3w50pS9SF/Wg/TlEjgxRE8","used NEON.DOC.014050vJ"
"c88a65c6-16a0-495a-8de4-21019d249342","ORNL_002.basePlot.bet","D07","ORNL","ORNL_002","S","2015-07-07","2015-07-21","2015-07-22","2015-07-22",,"ORNL_002.S.20150721","FcwZvbWDjdiBGB4cwukFnTQzRLeCFcKkcLE3YU+pxDc=","invert bycatch",,,,,,,,,,"nAKPQvGWPz3w50pS9SF/Wg/TlEjgxRE8","used NEON.DOC.014050vJ"
"01c336f6-85e2-4799-a752-936bbe900d1f","ORNL_032.basePlot.bet","D07","ORNL","ORNL_032","S","2015-07-07","2015-07-21","2015-07-21","2015-07-22",,"ORNL_032.S.20150721","DcTblkLRhldYsz9PzbD5PLuI1s6ABpNt/UmxV7207nQ=","invert bycatch",,,,,,,,,,"nAKPQvGWPz3w50pS9SF/Wg/TlEjgxRE8","used NEON.DOC.014050vJ"
"39cad541-010e-4476-a793-6f2c3a5bff5f","ORNL_029.basePlot.bet","D07","ORNL","ORNL_029","S","2015-07-07","2015-07-21","2015-07-21","2015-07-22",,"ORNL_029.S.20150721","7LdWMHVTMyTSn9kHqJy/YMyvcOQCHQ+W0mn/RBBryG8=","invert bycatch",,,,,,,,,,"nAKPQvGWPz3w50pS9SF/Wg/TlEjgxRE8","used NEON.DOC.014050vJ"
"fe032208-2825-4f1b-9b66-c69e7b120d5c","ORNL_004.basePlot.bet","D07","ORNL","ORNL_004","S","2015-07-07","2015-07-21","2015-07-22","2015-07-22",,"ORNL_004.S.20150721","qnVzy9oXbL2D+hwQ/H+gH7Q4QBpjfYcVo1zkcpyFhqk=","invert bycatch",,,,,,,,,,"nAKPQvGWPz3w50pS9SF/Wg/TlEjgxRE8","used NEON.DOC.014050vJ"
"bd9b32e4-f57d-4e48-a314-0957d30acbb1","ORNL_006.basePlot.bet","D07","ORNL","ORNL_006","S","2015-07-07","2015-07-21","2015-07-21","2015-07-22",,"ORNL_006.S.20150721","XUOG9+A5sIPMjfV0P55IMnfzjy+S2BTU28GVYfnfK7Q=","invert bycatch",,,,,,,,,,"nAKPQvGWPz3w50pS9SF/Wg/TlEjgxRE8","used NEON.DOC.014050vJ"
"0134ab2d-5c8c-4337-abdd-09b83c787fc0","ORNL_031.basePlot.bet","D07","ORNL","ORNL_031","S","2015-07-07","2015-07-21","2015-07-21","2016-01-22","2016-01-22","ORNL_031.S.20150721","G1V5MttZ4JKmO1iG0DeUHVQFwVMaKZC/gZ13/OoykQA=","carabid","CARSP14","Carabidae sp.","family",,"Latreille","D07.2015.MorphA",8,"Noonan, G. R. 1996. Classification, cladistics and natural history of species of the subgenus Anisodactylus Dejean (Insecta: Coleoptera: Carabidae: Harpalini: Anysoldactylus).","nAKPQvGWPz3w50pS9SF/Wg/TlEjgxRE8","nAKPQvGWPz3w50pS9SF/Wg/TlEjgxRE8","used NEON.DOC.014050vJ. Maybe Anisodactylus (Gynandrotarsus) sp."
"18332ef0-cf19-473a-a4f8-51162822c877","ORNL_021.basePlot.bet","D07","ORNL","ORNL_021","S","2015-07-07","2015-07-21","2015-07-21","2015-07-22",,"ORNL_021.S.20150721","LlqcsvOjN4DVJW2wc9HXZ/fQCuNazfIW+ya9h1QkxLY=","invert bycatch",,,,,,,,,,"nAKPQvGWPz3w50pS9SF/Wg/TlEjgxRE8","used NEON.DOC.014050vJ"
"6286a42c-2a77-45ae-98e8-f75082856e30","ORNL_027.basePlot.bet","D07","ORNL","ORNL_027","S","2015-07-07","2015-07-21","2015-07-21","2015-09-21","2015-12-01","ORNL_027.S.20150721","di/gYcSB3uC0rnNXI86D8+HB+WYZPUX8W/1fmb1NqMc=","carabid","CHLEMA","Chlaenius emarginatus","species",,"Say",,1,"Bell, R. T. 1960. A Revision of the Genus Chlaenius Bonelli (Coleoptera, Carabidae) in North America. Miscellaneous Publications of the Entomological Society of America 1:98-166.","nAKPQvGWPz3w50pS9SF/Wg/TlEjgxRE8","nAKPQvGWPz3w50pS9SF/Wg/TlEjgxRE8","used NEON.DOC.014050vJ"
"ebe9a97e-dc75-4a2b-a763-255864482b58","ORNL_029.basePlot.bet","D07","ORNL","ORNL_029","S","2015-07-07","2015-07-21","2015-07-21","2015-09-22","2015-12-01","ORNL_029.S.20150721","7LdWMHVTMyTSn9kHqJy/YLjvpyMKa5BOgA9cur1fnT0=","carabid","CYCSIG","Cyclotrachelus sigillatus","species","cf. species","Say",,1,"Ciegler, J. C. 2000. Ground beetles and wrinkled bark beetles of South Carolina (Coleoptera: Geadephaga: Carabidae and Rhysodidae). Biota of South Carolina. Vol. 1. Clemson, S. Clemson University.","nAKPQvGWPz3w50pS9SF/Wg/TlEjgxRE8","nAKPQvGWPz3w50pS9SF/Wg/TlEjgxRE8","used NEON.DOC.014050vJ"
"de42befc-2479-4121-9215-4f95fb68a9c9","ORNL_001.basePlot.bet","D07","ORNL","ORNL_001","S","2015-07-07","2015-07-21","2015-07-21","2015-09-21","2015-12-01","ORNL_001.S.20150721","1iGudFvILgngJuxHDJ5BOJokhU6BGL1qlJYptzVYWQY=","carabid","CYLUNI","Cylindera unipunctata","species",,"Fabricius",,1,"Willis, H. L. 1968. Artificial key to the species of Cicindela of North America North of Mexico (Coleoptera: Cicindelidae). Journal of the Kansas Entomological Society 41:303-317.","nAKPQvGWPz3w50pS9SF/Wg/TlEjgxRE8","nAKPQvGWPz3w50pS9SF/Wg/TlEjgxRE8","used NEON.DOC.014050vJ"
"9b226e47-0350-4212-bdec-114b130547e4","ORNL_001.basePlot.bet","D07","ORNL","ORNL_001","S","2015-07-07","2015-07-21","2015-07-22","2015-07-22",,"ORNL_001.S.20150721","1iGudFvILgngJuxHDJ5BOBse/g0PXPa+yBR5HhYastE=","invert bycatch",,,,,,,,,,"nAKPQvGWPz3w50pS9SF/Wg/TlEjgxRE8","used NEON.DOC.014050vJ"
"0799c1cd-9931-4f32-918d-1b5715f0cb66","ORNL_031.basePlot.bet","D07","ORNL","ORNL_031","S","2015-07-07","2015-07-21","2015-07-21","2015-07-22",,"ORNL_031.S.20150721","G1V5MttZ4JKmO1iG0DeUHavM+H/fJYhmW3tLAJIehcU=","invert bycatch",,,,,,,,,,"nAKPQvGWPz3w50pS9SF/Wg/TlEjgxRE8","used NEON.DOC.014050vJ"
"756a9d71-0baa-4619-89e7-b2acf78a54e7","ORNL_027.basePlot.bet","D07","ORNL","ORNL_027","S","2015-07-07","2015-07-21","2015-07-22","2015-07-22",,"ORNL_027.S.20150721","di/gYcSB3uC0rnNXI86D849h0OReB4/kEBp73aj0Ims=","invert bycatch",,,,,,,,,,"nAKPQvGWPz3w50pS9SF/Wg/TlEjgxRE8","used NEON.DOC.014050vJ"
"4a824cf4-c832-4ea7-9897-6fed01e7d225","ORNL_001.basePlot.bet","D07","ORNL","ORNL_001","S","2015-07-07","2015-07-21","2015-07-21","2015-09-22","2015-12-01","ORNL_001.S.20150721","1iGudFvILgngJuxHDJ5BOCXUcvY7vYFZIrTFvudEAWc=","carabid","APESIN","Apenes sinuata","species",,"Say",,1,"Ciegler, J. C. 2000. Ground beetles and wrinkled bark beetles of South Carolina (Coleoptera: Geadephaga: Carabidae and Rhysodidae). Biota of South Carolina. Vol. 1. Clemson, S. Clemson University.","nAKPQvGWPz3w50pS9SF/Wg/TlEjgxRE8","nAKPQvGWPz3w50pS9SF/Wg/TlEjgxRE8","used NEON.DOC.014050vJ"
"41aa0ff6-3741-4a76-a19a-22a755b094c6","ORNL_032.basePlot.bet","D07","ORNL","ORNL_032","W","2015-07-07","2015-07-21","2015-07-21","2015-07-22",,"ORNL_032.W.20150721","DcTblkLRhlfJN+zoutMQxfhHhEf5RO6lTyMuHYKR00Q=","invert bycatch",,,,,,,,,,"nAKPQvGWPz3w50pS9SF/Wg/TlEjgxRE8","used NEON.DOC.014050vJ"
"a27edd75-a404-407a-b46e-cadeee1ee77e","ORNL_002.basePlot.bet","D07","ORNL","ORNL_002","W","2015-07-07","2015-07-21","2015-07-22","2015-07-22",,"ORNL_002.W.20150721","FcwZvbWDjdih/5iSDxFeresPj+SFdnUpbhjX0MSeTVI=","invert bycatch",,,,,,,,,,"nAKPQvGWPz3w50pS9SF/Wg/TlEjgxRE8","used NEON.DOC.014050vJ"
"7d17af4e-5c09-42e9-a644-49125355ba75","ORNL_021.basePlot.bet","D07","ORNL","ORNL_021","W","2015-07-07","2015-07-21","2015-07-21","2015-07-22",,"ORNL_021.W.20150721","LlqcsvOjN4Cc/5J6hIcxZFcm7Uj7/gRbeMCRgLlCr0Y=","invert bycatch",,,,,,,,,,"nAKPQvGWPz3w50pS9SF/Wg/TlEjgxRE8","used NEON.DOC.014050vJ"
"1714ad88-9eb3-4de1-8ad9-fc62b35ee70a","ORNL_001.basePlot.bet","D07","ORNL","ORNL_001","W","2015-07-07","2015-07-21","2015-07-22","2015-07-22",,"ORNL_001.W.20150721","1iGudFvILgkoVjAGMEE7x8hsbqRJFxf/KYLS88cC5zA=","invert bycatch",,,,,,,,,,"nAKPQvGWPz3w50pS9SF/Wg/TlEjgxRE8","used NEON.DOC.014050vJ"
"8d125d42-6b62-467e-8f80-56bea77bcc44","ORNL_031.basePlot.bet","D07","ORNL","ORNL_031","W","2015-07-07","2015-07-21","2015-07-21","2016-01-22","2016-01-22","ORNL_031.W.20150721","G1V5MttZ4JI18bMFJvz7Zt/BYgUl4z2xzbQGJ+E78vY=","carabid","CARSP14","Carabidae sp.","family",,"Latreille","D07.2015.MorphA",9,"Noonan, G. R. 1996. Classification, cladistics and natural history of species of the subgenus Anisodactylus Dejean (Insecta: Coleoptera: Carabidae: Harpalini: Anysoldactylus).","nAKPQvGWPz3w50pS9SF/Wg/TlEjgxRE8","nAKPQvGWPz3w50pS9SF/Wg/TlEjgxRE8","used NEON.DOC.014050vJ. Maybe Anisodactylus (Gynandrotarsus) sp."
"c3525c0f-0881-4894-8ccb-fd07fb18e841","ORNL_032.basePlot.bet","D07","ORNL","ORNL_032","W","2015-07-07","2015-07-21","2015-07-21","2015-09-23","2015-12-01","ORNL_032.W.20150721","DcTblkLRhlfJN+zoutMQxehjqaaFIPkDrLkIbLApA7A=","carabid","CYCSIG","Cyclotrachelus sigillatus","species","cf. species","Say",,1,"Ciegler, J. C. 2000. Ground beetles and wrinkled bark beetles of South Carolina (Coleoptera: Geadephaga: Carabidae and Rhysodidae). Biota of South Carolina. Vol. 1. Clemson, S. Clemson University.","nAKPQvGWPz3w50pS9SF/Wg/TlEjgxRE8","nAKPQvGWPz3w50pS9SF/Wg/TlEjgxRE8","used NEON.DOC.014050vJ"
"4843ce67-360b-4ac7-9c45-55aa44fc542a","ORNL_006.basePlot.bet","D07","ORNL","ORNL_006","W","2015-07-07","2015-07-21","2015-07-21","2015-09-23","2015-12-01","ORNL_006.W.20150721","XUOG9+A5sIMTh2evIq8XOKNyES5nLMAGwS7+aA2gvKc=","carabid","CYCFRE","Cyclotrachelus freitagi","species","cf. species","Bousquet",,1,"Freitag, R. 1969. A revision of the species of the genus Evarthrus LeConte. Quaestiones Entomologicae 5:89-212.","nAKPQvGWPz3w50pS9SF/Wg/TlEjgxRE8","nAKPQvGWPz3w50pS9SF/Wg/TlEjgxRE8","used NEON.DOC.014050vJ"
"871c3825-7435-4256-8956-c82c77f9ddec","ORNL_006.basePlot.bet","D07","ORNL","ORNL_006","W","2015-07-07","2015-07-21","2015-07-21","2015-07-22",,"ORNL_006.W.20150721","XUOG9+A5sIMTh2evIq8XOGiMOo4AaDcw/RC0KF0r3bQ=","invert bycatch",,,,,,,,,,"nAKPQvGWPz3w50pS9SF/Wg/TlEjgxRE8","used NEON.DOC.014050vJ"
"90ccc6c5-52a0-43e5-9798-1e1e956737b2","ORNL_006.basePlot.bet","D07","ORNL","ORNL_006","W","2015-07-07","2015-07-21","2015-07-21","2015-09-22","2015-12-01","ORNL_006.W.20150721","XUOG9+A5sIMTh2evIq8XOKNyES5nLMAGE2yH0W3RZt8=","carabid","CYCFUC","Cyclotrachelus fucatus","species",,"Freitag",,2,"Freitag, R. 1969. A revision of the species of the genus Evarthrus LeConte. Quaestiones Entomologicae 5:89-212.","nAKPQvGWPz3w50pS9SF/Wg/TlEjgxRE8","nAKPQvGWPz3w50pS9SF/Wg/TlEjgxRE8","used NEON.DOC.014050vJ"
"92c9d3ab-fd05-4d61-98a4-2d70d9400a31","ORNL_031.basePlot.bet","D07","ORNL","ORNL_031","W","2015-07-07","2015-07-21","2015-07-21","2015-07-22",,"ORNL_031.W.20150721","G1V5MttZ4JI18bMFJvz7ZuYu/S5rwwRmIwiiyXDghSI=","invert bycatch",,,,,,,,,,"nAKPQvGWPz3w50pS9SF/Wg/TlEjgxRE8","used NEON.DOC.014050vJ"
"f9ec22fe-c97c-4e13-af94-9cafaa2d79a6","ORNL_027.basePlot.bet","D07","ORNL","ORNL_027","W","2015-07-07","2015-07-21","2015-07-22","2015-07-22",,"ORNL_027.W.20150721","di/gYcSB3uAZjZtXyGfB7ySRjY3s6C5IOx9V33FNbQw=","invert bycatch",,,,,,,,,,"nAKPQvGWPz3w50pS9SF/Wg/TlEjgxRE8","used NEON.DOC.014050vJ"
"dd42f83e-b546-45bf-9b84-6f0fc0cee93b","ORNL_027.basePlot.bet","D07","ORNL","ORNL_027","W","2015-07-07","2015-07-21","2015-07-21","2015-09-21","2015-12-01","ORNL_027.W.20150721","di/gYcSB3uAZjZtXyGfB7xlqJx9cuHDhpbkHd+kDtYs=","carabid","CHLEMA","Chlaenius emarginatus","species",,"Say",,1,"Bell, R. T. 1960. A Revision of the Genus Chlaenius Bonelli (Coleoptera, Carabidae) in North America. Miscellaneous Publications of the Entomological Society of America 1:98-166.","nAKPQvGWPz3w50pS9SF/Wg/TlEjgxRE8","nAKPQvGWPz3w50pS9SF/Wg/TlEjgxRE8","used NEON.DOC.014050vJ"
"5ec5c1e2-b405-4ef8-a20e-623a05fdbac8","ORNL_032.basePlot.bet","D07","ORNL","ORNL_032","W","2015-07-07","2015-07-21","2015-07-21","2015-09-22","2015-12-01","ORNL_032.W.20150721","DcTblkLRhlfJN+zoutMQxYqH4HkwDHLJdnYAjN4njqc=","carabid","CYCFUC","Cyclotrachelus fucatus","species",,"Freitag",,2,"Freitag, R. 1969. A revision of the species of the genus Evarthrus LeConte. Quaestiones Entomologicae 5:89-212.","nAKPQvGWPz3w50pS9SF/Wg/TlEjgxRE8","nAKPQvGWPz3w50pS9SF/Wg/TlEjgxRE8","used NEON.DOC.014050vJ"
"f5aed492-07c7-4c8a-aece-3e3b0e4a0991","ORNL_004.basePlot.bet","D07","ORNL","ORNL_004","W","2015-07-07","2015-07-21","2015-07-22","2015-07-22",,"ORNL_004.W.20150721","qnVzy9oXbL323S6aNCEDm/s/BOIVOaH/jUR8aIGlk4w=","invert bycatch",,,,,,,,,,"nAKPQvGWPz3w50pS9SF/Wg/TlEjgxRE8","used NEON.DOC.014050vJ"
