uid,namedLocation,domainID,siteID,plotID,setDate,collectDate,processingDate,subsampleIDList,archiveVialID,scientificName,recordedBy,remarks
"9edf6bb2-9a35-420d-81d6-fbcc8850eba9","JERC_001.basePlot.bet","D03","JERC","JERC_001","2015-04-09","2015-04-23","2015-05-04","ArvEgVyhbJdjFIFRDoBpvr64LT2oNQxoevfXiFRZ4WTGN9AnSSBC6IKZJw6fe917ogkTJKX1q56OKsSKz6KaUZwO7qEhnFHaxmZadaSzdt5fp2DhvQFmBZZUu4N57P2PLz3+8NPMT30=","ArvEgVyhbJctGPYfIjBbWXcp4TpwcH8k",,,
"15bda286-519f-4247-952d-c83cacf92285","JERC_006.basePlot.bet","D03","JERC","JERC_006","2015-04-09","2015-04-23","2015-05-04","zWSiOx/FgAVL9xJt6L6qZ1wynJG/WA1GrVVp62dRLkp+4/AEsnIhEEAsmUIqGb4NGWBpr+9wkOsy4KVap+ohhc0zIkdd2w7iWTsvTkJ3JRiTQPNVmEO0hsjwkXubjfW2hmaAoAJpvTQ=","zWSiOx/FgAUUWFnqN1gM5oLn8baaVdfc",,,
"41309b8b-ba0c-4307-b4c3-a3891c5add53","JERC_005.basePlot.bet","D03","JERC","JERC_005","2015-04-09","2015-04-23","2015-05-04","Va9a3mr00GuK0vUFkbkpyWeMn2fUt060Flfh6BE8Ez0JoOFBC/BxfnKvkvg0ze5X2KMj4CeHwhT/aH90/Sv2lcYjiJaEFmAwX0k5JCsG07jdYoC8MRP+wgxNUKo5+kPmOJ9baI/vU0w=","Va9a3mr00Gs6m3ZqcZCld2R1Xz8OY0rg",,,
"354d1a38-6641-4e3a-9539-e87d5de90f51","JERC_003.basePlot.bet","D03","JERC","JERC_003","2015-04-09","2015-04-23","2015-05-04","9IO0159G1yjQuBZLIFcKLF+EOb1+UesLNUU/NbHQqzjc3BpYbsGQIPReLSCOvXP9/b48ESZT3hAF2IpryZVHtCwvLMoov10w7G+R8tks1+ub0js+0H/Nk+4KOx+WEQ7WXpSM0pU2iYY=","9IO0159G1yhd5NG9hIBVBcolCkhZwnJb",,,
"4adb5a70-72eb-48de-95ff-34d349e79369","JERC_002.basePlot.bet","D03","JERC","JERC_002","2015-04-09","2015-04-23","2015-05-04","CV0ws5Gtbhmhpg2d5MQcyHl4E5dFvg5x39WncODGzcneEtGvvkFILadAwLRyylmOW8oTQ/JNA5F01DLk+AsG4mG7cT+4YSD1UZD42CQPwB206VyeyzwH25bQ15l8MqhJHNR1w3s07nI=","CV0ws5GtbhlvvkrND5hy0bbxxfsvFQXY",,,
"bb0d5b2d-d666-404e-b4f9-57aee1b60930","JERC_009.basePlot.bet","D03","JERC","JERC_009","2015-04-09","2015-04-23","2015-05-01","21ilO4RJ2p8k46J5BfLk8suO6c5lAVc4LMLAGngwr0cSLYUihScZplg8eBIiLGYr3RZ1ojeYH/Gvne2fdfB8hfBSe6+zcJm7KP2RH35OgBxi1nKs0ZCJPlft+IV0xoteRmZEw1D9KRU=","21ilO4RJ2p82rFnSI4e4uRHwgoz7u/kf",,,
"d44d522d-bf32-495f-ae63-0b1a56ee4edf","JERC_007.basePlot.bet","D03","JERC","JERC_007","2015-04-09","2015-04-23","2015-04-29","a/HTBHkllcNat4Nm3Eg/3FwsY72v//+pzU9ttxZlmArYgkbuLUuQ6bpyouAh4JsokJIjSYw7a97SAzS1IhP34ISM4A9/Nx+ClPDTuXl27lJhLVuSuBOU/mlJCSKMUoxoi+CSCLCwiKo=","a/HTBHkllcM82FJfoiopEYOLOSNV2s7r",,,
"701dc46b-4988-4122-bdf4-32f26d4e5782","JERC_030.basePlot.bet","D03","JERC","JERC_030","2015-04-09","2015-04-23","2015-05-04","AuAZEkdfggLCA6G7KksGAFf5BHUkio/SbzsbsrXUDwX98M40hAIzwTrZ7HFBnD61hT55bqvJU4mY3Z3H6XhvYBODLdAZykfe8i9dj76paucaBWhoz/TTI9z8XnQZiRbWIYuuvP2M00c=","AuAZEkdfggIvtvHcSg6M3/hcpGEVF3Lg",,,
"5eb4f279-1d54-4e63-8407-1e307aa18408","JERC_008.basePlot.bet","D03","JERC","JERC_008","2015-04-09","2015-04-23","2015-04-29","S3j2Rzo+HUmE19qpryw5jzdinCm0QZh1RWVeuXFYQvL0qH8Rj+EKVy8WhDV3NSjemsWeX/q4laIA9Pwwz98kezaC6k12AejhXFqTq+XTrjA=","S3j2Rzo+HUlubPltiZf0r65/MJ0DPt/w",,,
