uid,namedLocation,domainID,siteID,plotID,trapID,setDate,collectDate,processingDate,etOHChangeDate,identifiedDate,sampleID,subsampleID,sampleType,taxonID,scientificName,taxonRank,identificationQualifier,scientificNameAuthorship,morphospeciesID,individualCount,identificationReferences,identifiedBy,recordedBy,remarks
"1c0d09da-737c-447a-b470-9c791b5a7845","JERC_009.basePlot.bet","D03","JERC","JERC_009","E","2015-04-09","2015-04-23","2015-04-23","2015-05-01",,"JERC_009.E.20150423","21ilO4RJ2p8k46J5BfLk8suO6c5lAVc45JYh4dHK/EU=","invert bycatch",,,,,,,,,,"PbNu4t/t/O1BAZriMiaA3VbsZD9KatgX",
"9bc3239a-262d-4d44-9550-d7cf8eac6e67","JERC_001.basePlot.bet","D03","JERC","JERC_001","E","2015-04-09","2015-04-23","2015-04-23","2015-05-04","2015-06-01","JERC_001.E.20150423","ArvEgVyhbJclGce9BJeiSIzgiVcb+MNZqPe2HQACAfM=","carabid","SELELL","Selenophorus ellipticus","species",,"Dejean",,2,"Teaching collection","7ZsG8s1cQijU1p7CX6b9FNrZuRO+/rX6","w/KL6MXJXvQQsLRcmywlukzOyoInucvI",
"5e47c66e-f607-489e-870b-0564b2fd035a","JERC_030.basePlot.bet","D03","JERC","JERC_030","E","2015-04-09","2015-04-23","2015-04-23","2015-05-04",,"JERC_030.E.20150423","AuAZEkdfggIM8aarx7D71ovk+MKPExTZz0ManV8YO3w=","invert bycatch",,,,,,,,,,"PbNu4t/t/O1BAZriMiaA3VbsZD9KatgX",
"885f70a3-050e-42d9-9830-472f9c433b0f","JERC_006.basePlot.bet","D03","JERC","JERC_006","E","2015-04-09","2015-04-23","2015-04-23","2015-05-04",,"JERC_006.E.20150423","zWSiOx/FgAW+lIgXcTXBhXKdubZYs5ZfGaao0rDcX3c=","invert bycatch",,,,,,,,,,"7ZsG8s1cQijU1p7CX6b9FNrZuRO+/rX6",
"d0ec3508-1a97-406b-b89f-83fb60727af2","JERC_002.basePlot.bet","D03","JERC","JERC_002","E","2015-04-09","2015-04-23","2015-04-23","2015-05-04",,"JERC_002.E.20150423","CV0ws5Gtbhk3C+SN8PKRtnOOSe/tt4mhlTBvpVFAN4c=","invert bycatch",,,,,,,,,,"w/KL6MXJXvQQsLRcmywlukzOyoInucvI",
"b1e727f9-bdc9-4771-8465-5c168a84bf38","JERC_005.basePlot.bet","D03","JERC","JERC_005","E","2015-04-09","2015-04-23","2015-04-23","2015-05-04",,"JERC_005.E.20150423","Va9a3mr00GudoPkQBeYkdfkEFe22JXbGIWVXDKZ6QJI=","invert bycatch",,,,,,,,,,"PbNu4t/t/O1BAZriMiaA3VbsZD9KatgX",
"3142db96-cf11-4ab3-b331-4fd76bc82fed","JERC_003.basePlot.bet","D03","JERC","JERC_003","E","2015-04-09","2015-04-23","2015-04-23","2015-05-04",,"JERC_003.E.20150423","9IO0159G1yjG5d6KA3En5EdoWzvfRTPprpgT30YJVIw=","invert bycatch",,,,,,,,,,"7ZsG8s1cQijU1p7CX6b9FNrZuRO+/rX6",
"615319f3-261b-467e-b5bb-3046332e78ea","JERC_007.basePlot.bet","D03","JERC","JERC_007","E","2015-04-09","2015-04-23","2015-04-23","2015-04-29",,"JERC_007.E.20150423","a/HTBHkllcPf4Sb5h9vAJAoFbEx9pZ4Qz87pB33UT9g=","invert bycatch",,,,,,,,,,"7ZsG8s1cQijU1p7CX6b9FNrZuRO+/rX6",
"e8b7235a-d96c-4008-a5da-255050baba5e","JERC_003.basePlot.bet","D03","JERC","JERC_003","E","2015-04-09","2015-04-23","2015-04-23","2015-05-04","2015-07-20","JERC_003.E.20150423","9IO0159G1yjG5d6KA3En5N7EQIJuxExbx3ITnt9+r2U=","carabid","CYCLAE","Cyclotrachelus laevipennis","species",,"LeConte",,2,"Other","7ZsG8s1cQijU1p7CX6b9FNrZuRO+/rX6","7ZsG8s1cQijU1p7CX6b9FNrZuRO+/rX6",
"d80cbc89-5a14-4281-a7ad-eb976c1108d6","JERC_001.basePlot.bet","D03","JERC","JERC_001","E","2015-04-09","2015-04-23","2015-04-23","2015-05-04",,"JERC_001.E.20150423","ArvEgVyhbJclGce9BJeiSC39oEz6FQ0DH5dtlsytJp0=","invert bycatch",,,,,,,,,,"w/KL6MXJXvQQsLRcmywlukzOyoInucvI",
"d587466e-bd26-4bbe-9ea3-70469bde77a4","JERC_003.basePlot.bet","D03","JERC","JERC_003","N","2015-04-09","2015-04-23","2015-04-23","2015-05-04",,"JERC_003.N.20150423","9IO0159G1yhJSXKQdALFrROPb5+5jITV5QpO3mpTnbE=","invert bycatch",,,,,,,,,,"7ZsG8s1cQijU1p7CX6b9FNrZuRO+/rX6",
"958fc6e0-d0c2-4e9e-831f-27c170e55fce","JERC_001.basePlot.bet","D03","JERC","JERC_001","N","2015-04-09","2015-04-23","2015-04-23","2015-05-04","2015-05-08","JERC_001.N.20150423","ArvEgVyhbJdjFIFRDoBpvvFQR6B3u6ld+ZohVCRdt2I=","carabid","CALOPA","Calathus opaculus","species",,"LeConte",,2,"Teaching collection","7ZsG8s1cQijU1p7CX6b9FNrZuRO+/rX6","w/KL6MXJXvQQsLRcmywlukzOyoInucvI",
"d79dd46b-5f1e-407a-9bce-42d7ac13a5c3","JERC_007.basePlot.bet","D03","JERC","JERC_007","N","2015-04-09","2015-04-23","2015-04-23","2015-04-29",,"JERC_007.N.20150423","a/HTBHkllcNat4Nm3Eg/3FwsY72v//+pH446aNAW1c0=","invert bycatch",,,,,,,,,,"7ZsG8s1cQijU1p7CX6b9FNrZuRO+/rX6",
"859a17a8-a52e-43db-80a0-312fe4a561da","JERC_007.basePlot.bet","D03","JERC","JERC_007","N","2015-04-09","2015-04-23","2015-04-23","2015-04-29","2015-10-16","JERC_007.N.20150423","a/HTBHkllcNat4Nm3Eg/3Kv8Rt+A/C2u46kNtocJhoo=","carabid","ACUTES","Acupalpus testaceus","species","cf. species","Dejean",,1,"Teaching collection","7ZsG8s1cQijU1p7CX6b9FNrZuRO+/rX6","7ZsG8s1cQijU1p7CX6b9FNrZuRO+/rX6",
"b8c621c2-f301-4e42-a0b3-4aa306c5e1ca","JERC_001.basePlot.bet","D03","JERC","JERC_001","N","2015-04-09","2015-04-23","2015-04-23","2015-05-04","2015-05-04","JERC_001.N.20150423","ArvEgVyhbJdjFIFRDoBpvvr/FuQVUz9FF2JJvK57VPI=","carabid","TETINT","Tetragonoderus intersectus","species",,"Germar",,1,"Teaching collection","w/KL6MXJXvQQsLRcmywlukzOyoInucvI","w/KL6MXJXvQQsLRcmywlukzOyoInucvI",
"a0ca03c9-28ff-419f-b55c-93b02e2f7e65","JERC_001.basePlot.bet","D03","JERC","JERC_001","N","2015-04-09","2015-04-23","2015-04-23","2015-05-04",,"JERC_001.N.20150423","ArvEgVyhbJdjFIFRDoBpvr64LT2oNQxotcrAWWlQUXU=","invert bycatch",,,,,,,,,,"w/KL6MXJXvQQsLRcmywlukzOyoInucvI",
"a653de1c-3cb9-40a1-9070-ff0792bc64fc","JERC_030.basePlot.bet","D03","JERC","JERC_030","N","2015-04-09","2015-04-23","2015-04-23","2015-05-04",,"JERC_030.N.20150423","AuAZEkdfggL7JggkmwIjPPkY6GSu97M6iwAMW7d33nw=","invert bycatch",,,,,,,,,,"PbNu4t/t/O1BAZriMiaA3VbsZD9KatgX",
"f7c169f5-d3b4-46ec-b326-a517979c6c07","JERC_006.basePlot.bet","D03","JERC","JERC_006","N","2015-04-09","2015-04-23","2015-04-23","2015-05-04",,"JERC_006.N.20150423","zWSiOx/FgAVL9xJt6L6qZ1wynJG/WA1GCuIknwtwX7Q=","invert bycatch",,,,,,,,,,"7ZsG8s1cQijU1p7CX6b9FNrZuRO+/rX6",
"20763e77-8510-4ed0-bd55-7729e102f028","JERC_002.basePlot.bet","D03","JERC","JERC_002","N","2015-04-09","2015-04-23","2015-04-23","2015-05-04",,"JERC_002.N.20150423","CV0ws5Gtbhm0QNZcWk0fWM70ywhZ8NEZa8v6cTxyYd0=","invert bycatch",,,,,,,,,,"w/KL6MXJXvQQsLRcmywlukzOyoInucvI",
"2e850e7e-b798-41f9-b82c-2a6d795a5ece","JERC_005.basePlot.bet","D03","JERC","JERC_005","N","2015-04-09","2015-04-23","2015-04-23","2015-05-04",,"JERC_005.N.20150423","Va9a3mr00GuK0vUFkbkpyWeMn2fUt060VTEpifqfOtg=","invert bycatch",,,,,,,,,,"PbNu4t/t/O1BAZriMiaA3VbsZD9KatgX",
"9b795b70-479f-449c-9c29-96f02302299e","JERC_008.basePlot.bet","D03","JERC","JERC_008","N","2015-04-09","2015-04-23","2015-04-23","2015-04-29","2015-07-20","JERC_008.N.20150423","S3j2Rzo+HUm4qiMG//HAljHCD4ehlUVpxQyliAF3e58=","carabid","CYCOVU","Cyclotrachelus ovulum","species",,"Chaudoir",,1,"Other","7ZsG8s1cQijU1p7CX6b9FNrZuRO+/rX6","7ZsG8s1cQijU1p7CX6b9FNrZuRO+/rX6",
"f787b687-de01-47dd-bc31-a33e56245c04","JERC_008.basePlot.bet","D03","JERC","JERC_008","N","2015-04-09","2015-04-23","2015-04-23","2015-04-29",,"JERC_008.N.20150423","S3j2Rzo+HUm4qiMG//HAlhbIGVDf3WG8Cqex2w0Osa0=","invert bycatch",,,,,,,,,,"7ZsG8s1cQijU1p7CX6b9FNrZuRO+/rX6",
"080c21ee-e3d7-4b36-a245-cb0b74a88ad2","JERC_009.basePlot.bet","D03","JERC","JERC_009","N","2015-04-09","2015-04-23","2015-04-23","2015-05-01",,"JERC_009.N.20150423","21ilO4RJ2p8rX0gZc073gLGppL3S5Y9N6Q1WcGyicCs=","invert bycatch",,,,,,,,,,"PbNu4t/t/O1BAZriMiaA3VbsZD9KatgX",
"e26c24aa-1bd1-442e-91de-5a044106fc61","JERC_006.basePlot.bet","D03","JERC","JERC_006","S","2015-04-09","2015-04-23","2015-04-23","2015-05-04",,"JERC_006.S.20150423","zWSiOx/FgAWegXr8RI0bX4+kvpQmW2prRKdQSyegu5g=","invert bycatch",,,,,,,,,,"7ZsG8s1cQijU1p7CX6b9FNrZuRO+/rX6",
"7c793d54-4530-4c3a-8571-75eb27ec14f2","JERC_008.basePlot.bet","D03","JERC","JERC_008","S","2015-04-09","2015-04-23","2015-04-23","2015-04-29",,"JERC_008.S.20150423","S3j2Rzo+HUk+/Pd7koutRkNAEIfnG2ZRp4qoJfnpB4U=","invert bycatch",,,,,,,,,,"7ZsG8s1cQijU1p7CX6b9FNrZuRO+/rX6",
"70f84120-0715-4c61-a9d1-a318251cf757","JERC_005.basePlot.bet","D03","JERC","JERC_005","S","2015-04-09","2015-04-23","2015-04-23","2015-05-04",,"JERC_005.S.20150423","Va9a3mr00Gtp+0VLuJ6hsSDl8w3wFzxWImESc873hTE=","invert bycatch",,,,,,,,,,"PbNu4t/t/O1BAZriMiaA3VbsZD9KatgX",
"29b32aca-576c-4358-a8a2-ef35f49b17e6","JERC_009.basePlot.bet","D03","JERC","JERC_009","S","2015-04-09","2015-04-23","2015-04-23","2015-05-01",,"JERC_009.S.20150423","21ilO4RJ2p/At7QPyQQslDBv+sIVuYh7QOwHKS3/LBc=","invert bycatch",,,,,,,,,,"PbNu4t/t/O1BAZriMiaA3VbsZD9KatgX",
"bcf89c5c-33a7-4d6a-9059-c853f251bb3c","JERC_007.basePlot.bet","D03","JERC","JERC_007","S","2015-04-09","2015-04-23","2015-04-23","2015-04-29",,"JERC_007.S.20150423","a/HTBHkllcNjXMPdsfZ3H3dY7qPxY2MQCDmnv6LK1bY=","invert bycatch",,,,,,,,,,"7ZsG8s1cQijU1p7CX6b9FNrZuRO+/rX6",
"f05f88a8-d062-49b7-89c0-51ccd9777f6b","JERC_003.basePlot.bet","D03","JERC","JERC_003","S","2015-04-09","2015-04-23","2015-04-23","2015-05-04",,"JERC_003.S.20150423","9IO0159G1yiRONniI3ZqamxZbQJoQrAEcakOr/4kyw0=","invert bycatch",,,,,,,,,,"7ZsG8s1cQijU1p7CX6b9FNrZuRO+/rX6",
"4e052dcf-931c-4005-9073-38078c050ea0","JERC_001.basePlot.bet","D03","JERC","JERC_001","S","2015-04-09","2015-04-23","2015-04-23","2015-05-04",,"JERC_001.S.20150423","ArvEgVyhbJcqAVL2xX/Xhe+iyMRjiV/PlSIyAB0/vm0=","invert bycatch",,,,,,,,,,"w/KL6MXJXvQQsLRcmywlukzOyoInucvI",
"0a879bca-fb49-40e5-9d21-7d593dda106f","JERC_030.basePlot.bet","D03","JERC","JERC_030","S","2015-04-09","2015-04-23","2015-04-23","2015-05-04",,"JERC_030.S.20150423","AuAZEkdfggLCA6G7KksGAFf5BHUkio/SayeKJBIoieQ=","invert bycatch",,,,,,,,,,"PbNu4t/t/O1BAZriMiaA3VbsZD9KatgX",
"4e368362-ddc9-4850-af23-968bfc4e2107","JERC_002.basePlot.bet","D03","JERC","JERC_002","S","2015-04-09","2015-04-23","2015-04-23","2015-05-04",,"JERC_002.S.20150423","CV0ws5Gtbhmhpg2d5MQcyHl4E5dFvg5xcH9jv8gw1rU=","invert bycatch",,,,,,,,,,"w/KL6MXJXvQQsLRcmywlukzOyoInucvI",
"5d6cb268-8f8c-4d2c-b4da-4121b50f2e8b","JERC_001.basePlot.bet","D03","JERC","JERC_001","W","2015-04-09","2015-04-23","2015-04-23","2015-05-04","2015-07-20","JERC_001.W.20150423","ArvEgVyhbJe/enzg66XkhN50gG7JQK10yQjQ01JJVpY=","carabid","CYCOVU","Cyclotrachelus ovulum","species",,"Chaudoir",,1,"Other","7ZsG8s1cQijU1p7CX6b9FNrZuRO+/rX6","w/KL6MXJXvQQsLRcmywlukzOyoInucvI",
"64904c21-2a27-49b7-a60f-c9a734d91f45","JERC_001.basePlot.bet","D03","JERC","JERC_001","W","2015-04-09","2015-04-23","2015-04-23","2015-05-04",,"JERC_001.W.20150423","ArvEgVyhbJe/enzg66XkhKp7wtJO6Jp2rbG64KFzebQ=","invert bycatch",,,,,,,,,,"w/KL6MXJXvQQsLRcmywlukzOyoInucvI",
"89f6bd49-3406-4ff0-b0af-ce7d94a3d4e5","JERC_030.basePlot.bet","D03","JERC","JERC_030","W","2015-04-09","2015-04-23","2015-04-23","2015-05-04",,"JERC_030.W.20150423","AuAZEkdfggJMM7XIzsfntdc81M+iVHMGwPhaBUzKF/g=","invert bycatch",,,,,,,,,,"PbNu4t/t/O1BAZriMiaA3VbsZD9KatgX",
"af9eaa2f-1bd7-4d46-b101-fc3f76fcc858","JERC_006.basePlot.bet","D03","JERC","JERC_006","W","2015-04-09","2015-04-23","2015-04-23","2015-05-04",,"JERC_006.W.20150423","zWSiOx/FgAUethwDNDBiHZXBJj/KYwlrSFNsghxbCyA=","invert bycatch",,,,,,,,,,"7ZsG8s1cQijU1p7CX6b9FNrZuRO+/rX6",
"a6055b84-9718-46aa-9334-459f846cd5fb","JERC_005.basePlot.bet","D03","JERC","JERC_005","W","2015-04-09","2015-04-23","2015-04-23","2015-05-04",,"JERC_005.W.20150423","Va9a3mr00GtaBEtEeXeWdSZtGAG0TZma9QdK/bwWVAw=","invert bycatch",,,,,,,,,,"PbNu4t/t/O1BAZriMiaA3VbsZD9KatgX",
"7bda994d-3a7a-4db0-9339-a35c152c8cda","JERC_008.basePlot.bet","D03","JERC","JERC_008","W","2015-04-09","2015-04-23","2015-04-23","2015-04-29",,"JERC_008.W.20150423","S3j2Rzo+HUmE19qpryw5jzdinCm0QZh1IiAhuUApcPc=","invert bycatch",,,,,,,,,,"7ZsG8s1cQijU1p7CX6b9FNrZuRO+/rX6",
"5147d61b-5973-4432-b80e-d5135f5849b6","JERC_002.basePlot.bet","D03","JERC","JERC_002","W","2015-04-09","2015-04-23","2015-04-23","2015-05-04",,"JERC_002.W.20150423","CV0ws5Gtbhmnmc7sX6YvZEct7dUzePrqUh4JcpT2Hkk=","invert bycatch",,,,,,,,,,"w/KL6MXJXvQQsLRcmywlukzOyoInucvI",
"c6c3551e-083d-4b7a-9e82-0426c05a0a96","JERC_009.basePlot.bet","D03","JERC","JERC_009","W","2015-04-09","2015-04-23","2015-04-23","2015-05-01",,"JERC_009.W.20150423","21ilO4RJ2p/pbypftbv5gjAzm4CQ74uiqVuogz00MU8=","invert bycatch",,,,,,,,,,"PbNu4t/t/O1BAZriMiaA3VbsZD9KatgX",
"ce7ff6b4-329e-4a88-9a49-e69fff15fd90","JERC_003.basePlot.bet","D03","JERC","JERC_003","W","2015-04-09","2015-04-23","2015-04-23","2015-05-04",,"JERC_003.W.20150423","9IO0159G1yjQuBZLIFcKLF+EOb1+UesLOu0lOlk9VTg=","invert bycatch",,,,,,,,,,"7ZsG8s1cQijU1p7CX6b9FNrZuRO+/rX6",
"8e6e9e84-c6b8-4799-8ed5-456d9eac883f","JERC_007.basePlot.bet","D03","JERC","JERC_007","W","2015-04-09","2015-04-23","2015-04-23","2015-04-29",,"JERC_007.W.20150423","a/HTBHkllcOQVC1IljayT8tPtRTUDE1uuZ5sOnOkkvA=","invert bycatch",,,,,,,,,,"7ZsG8s1cQijU1p7CX6b9FNrZuRO+/rX6",
