uid,namedLocation,domainID,siteID,plotID,trapID,setDate,collectDate,processingDate,etOHChangeDate,identifiedDate,sampleID,subsampleID,sampleType,taxonID,scientificName,taxonRank,identificationQualifier,scientificNameAuthorship,morphospeciesID,individualCount,identificationReferences,identifiedBy,recordedBy,remarks
"42e4847e-b55b-4536-a611-f96c9f6f1c01","SERC_001.basePlot.bet","D02","SERC","SERC_001","W","2015-07-28","2015-08-11","2015-08-12","2015-09-24",,"SERC_001.W.20150811","UaGVcrvVzDOutGB3sFAIcQKK4zfN0JayobymKuZNKiQ=","invert bycatch",,,,,,,,,,"fhqXNoOkfxgxeumX3nh8hiKzTnt5lZ8Br3PaGAyV7lk=",
"97d49dc3-a8b6-4ae1-b2d7-1f4929be8c54","SERC_006.basePlot.bet","D02","SERC","SERC_006","W","2015-07-28","2015-08-11","2015-08-12","2015-09-25","2015-09-25","SERC_006.W.20150811","ulDxSdgiTKLdBAsavAcEZX9n/byl7RBmuv23gwXpCAw=","carabid","DICFUR2","Dicaelus furvus furvus","subspecies",,"Dejean",,1,"Ciegler, J. C. 2000. Ground beetles and wrinkled bark beetles of South Carolina (Coleoptera: Geadephaga: Carabidae and Rhysodidae). Biota of South Carolina. Vol. 1. Clemson, S. Clemson University.","wYCqaZcA+7slXlj5N/mM6vobrh4QDptp","wYCqaZcA+7slXlj5N/mM6vobrh4QDptp",
"f5478dc0-ca0c-4c6d-a0dd-87bc66861be7","SERC_002.basePlot.bet","D02","SERC","SERC_002","W","2015-07-28","2015-08-11","2015-08-12","2015-09-25",,"SERC_002.W.20150811","YcnMnCZo63lEMCEtrcXtsQ8LzMExvuBodgr4fTKh924=","invert bycatch",,,,,,,,,,"wYCqaZcA+7slXlj5N/mM6vobrh4QDptp",
"378e5a07-9069-415f-a8c1-8f0029eec628","SERC_002.basePlot.bet","D02","SERC","SERC_002","W","2015-07-28","2015-08-11","2015-08-12","2015-09-24","2015-09-25","SERC_002.W.20150811","YcnMnCZo63lEMCEtrcXtsQXipz+tJk5ADOcUQAvXF/w=","carabid","CHLAES","Chlaenius aestivus","species",,"Say",,1,"Ciegler, J. C. 2000. Ground beetles and wrinkled bark beetles of South Carolina (Coleoptera: Geadephaga: Carabidae and Rhysodidae). Biota of South Carolina. Vol. 1. Clemson, S. Clemson University.","wYCqaZcA+7slXlj5N/mM6vobrh4QDptp","wYCqaZcA+7slXlj5N/mM6vobrh4QDptp",
"c2de2cf7-4c1a-4db8-94c9-3dc297d1eb4f","SERC_021.basePlot.bet","D02","SERC","SERC_021","W","2015-07-28","2015-08-11","2015-08-12","2015-09-25",,"SERC_021.W.20150811","abrvHFi/544imcyfF+kn4nBNP0KGkJQq8w8vB3m3Gm0=","invert bycatch",,,,,,,,,,"wYCqaZcA+7slXlj5N/mM6vobrh4QDptp",
"fe2386b0-1161-4290-a210-f9625bc0e523","SERC_007.basePlot.bet","D02","SERC","SERC_007","E","2015-07-28","2015-08-11","2015-08-12","2015-09-24","2015-11-05","SERC_007.E.20150811","VuceAg7yVydSuT/FC6hzoobeQyYTqulXCtsRPkHKBB8=","carabid","ACUIND","Acupalpus indistinctus","species",,"Dejean",,1,"Lindroth, C. H. 1969. The ground-beetles (Carabidae, excl. Cicindelinae) of Canada and Alaska, parts 1-6. Opuscula E. Entomoligiska Sallskapet.","wYCqaZcA+7slXlj5N/mM6vobrh4QDptp","wYCqaZcA+7slXlj5N/mM6vobrh4QDptp",
"cfd8edee-71d7-4bf5-8e20-c3982748bfea","SERC_007.basePlot.bet","D02","SERC","SERC_007","E","2015-07-28","2015-08-11","2015-08-12","2015-09-24","2015-09-24","SERC_007.E.20150811","VuceAg7yVydSuT/FC6hzomLq6vOYGdRwQoH0x1RXW20=","carabid","ELAINC","Elaphropus incurvus","species",,"Say",,1,"Bousquet, Y. 2010b. Illustrated Identification Guide to Adults and Larvae of Northeastern North American Ground Beetles (Coleoptera: Carabidae). 1st Ed. Pensoft Publishers, Sofia, Bulgaria.","wYCqaZcA+7slXlj5N/mM6vobrh4QDptp","wYCqaZcA+7slXlj5N/mM6vobrh4QDptp",
"2943d5e4-cff3-44bb-99db-e9fc91da3f96","SERC_003.basePlot.bet","D02","SERC","SERC_003","E","2015-07-28","2015-08-11","2015-08-12","2015-09-24","2015-11-10","SERC_003.E.20150811","CC7oYVgiCpATUy6WPFyiJoy/B3yIGXaRIJkl7IWz2OM=","carabid","HARPEN","Harpalus pensylvanicus","species",,"DeGeer",,1,"Ball, G. E., and J. N. Anderson. 1962. The taxonomy and speciation of Pseudophonus (a subgenus of Harpalus: Haralini: Carabidae, known to occur in North America). The Catholic University of America Press, Washington 17, D. C.","wYCqaZcA+7slXlj5N/mM6vobrh4QDptp","wYCqaZcA+7slXlj5N/mM6vobrh4QDptp",
"83f685b5-551b-4fda-876e-adc8678adbe0","SERC_003.basePlot.bet","D02","SERC","SERC_003","E","2015-07-28","2015-08-11","2015-08-12","2015-09-24","2015-09-24","SERC_003.E.20150811","CC7oYVgiCpATUy6WPFyiJuJw67fXHfmxGPe954X0cWo=","carabid","CARSP14","Carabidae sp.","family",,"Latreille","D02.2015.MorphA",1,"Other","wYCqaZcA+7slXlj5N/mM6vobrh4QDptp","wYCqaZcA+7slXlj5N/mM6vobrh4QDptp","Pterostichus subgenus Abacidus. Doesn't key to any described species- prosternal process margined, ultimate tarsomeres glabrous, pronotal margin distinct to base, aedeagus simple."
"81e66b30-096f-49bd-9248-06810c9060d7","SERC_009.basePlot.bet","D02","SERC","SERC_009","E","2015-07-28","2015-08-11","2015-08-12","2015-09-24","2015-09-24","SERC_009.E.20150811","tTNfz4yHzdlGJ3KeWgihN2mB36ZWsEQxkeEN+zM9yUg=","carabid","CYCSIG","Cyclotrachelus sigillatus","species",,"Say",,1,"Freitag, R. 1969. A revision of the species of the genus Evarthrus LeConte. Quaestiones Entomologicae 5:89-212.","fhqXNoOkfxgxeumX3nh8hiKzTnt5lZ8Br3PaGAyV7lk=","fhqXNoOkfxgxeumX3nh8hiKzTnt5lZ8Br3PaGAyV7lk=",
"37d76c9e-067d-44ab-82f7-4c1724008253","SERC_006.basePlot.bet","D02","SERC","SERC_006","E","2015-07-28","2015-08-11","2015-08-12","2015-09-25","2015-09-25","SERC_006.E.20150811","ulDxSdgiTKKsykPM3MpMLNMitENMUR94mUAJBk8JkQ8=","carabid","CARSP14","Carabidae sp.","family",,"Latreille","D02.2015.MorphA",1,"Other","wYCqaZcA+7slXlj5N/mM6vobrh4QDptp","wYCqaZcA+7slXlj5N/mM6vobrh4QDptp","Pterostichus subgenus Abacidus. Doesn't key to any described species- prosternal process margined, ultimate tarsomeres glabrous, pronotal margin distinct to base, aedeagus simple."
"4d30d175-3253-40fe-91bf-93facefc45d1","SERC_002.basePlot.bet","D02","SERC","SERC_002","E","2015-07-28","2015-08-11","2015-08-12","2015-09-25",,"SERC_002.E.20150811","YcnMnCZo63n4X9d+wTtLlB7uebAIv0W8ZYFygo5BQDE=","invert bycatch",,,,,,,,,,"wYCqaZcA+7slXlj5N/mM6vobrh4QDptp",
"db218616-bfb1-4382-ab02-e22b090dddcd","SERC_010.basePlot.bet","D02","SERC","SERC_010","E","2015-07-28","2015-08-11","2015-08-12","2015-09-25",,"SERC_010.E.20150811","zJWEWmQZoMNVr+IzuVmAIlctGkjJmHhEp8nA4WN4rNE=","invert bycatch",,,,,,,,,,"wYCqaZcA+7slXlj5N/mM6vobrh4QDptp",
"74009bb7-c1d5-40f6-a6d0-665f56c9a104","SERC_006.basePlot.bet","D02","SERC","SERC_006","E","2015-07-28","2015-08-11","2015-08-12","2015-09-25",,"SERC_006.E.20150811","ulDxSdgiTKKsykPM3MpMLJrnpZUtymSJyKjcwHRPrKI=","invert bycatch",,,,,,,,,,"wYCqaZcA+7slXlj5N/mM6vobrh4QDptp",
"ffabc1b4-6eb1-48e2-a945-1bfbea23df30","SERC_016.basePlot.bet","D02","SERC","SERC_016","E","2015-07-28","2015-08-11","2015-08-12","2015-09-24",,"SERC_016.E.20150811","YVGGTAS4Nw9I7wcGu/Kj85OuQqTFkrwcAE0OtPOEl5Q=","invert bycatch",,,,,,,,,,"wYCqaZcA+7slXlj5N/mM6vobrh4QDptp",
"cc2782c1-e163-48e0-ace8-66937f3a1dac","SERC_002.basePlot.bet","D02","SERC","SERC_002","E","2015-07-28","2015-08-11","2015-08-12","2015-09-25","2015-09-25","SERC_002.E.20150811","YcnMnCZo63n4X9d+wTtLlC13P315plx1ydLmo0ubNfs=","carabid","DICFUR2","Dicaelus furvus furvus","subspecies",,"Dejean",,1,"Ciegler, J. C. 2000. Ground beetles and wrinkled bark beetles of South Carolina (Coleoptera: Geadephaga: Carabidae and Rhysodidae). Biota of South Carolina. Vol. 1. Clemson, S. Clemson University.","wYCqaZcA+7slXlj5N/mM6vobrh4QDptp","wYCqaZcA+7slXlj5N/mM6vobrh4QDptp",
"877e355b-da0d-481c-8b40-6d63eac5f9ca","SERC_021.basePlot.bet","D02","SERC","SERC_021","E","2015-07-28","2015-08-11","2015-08-12","2015-09-25","2015-09-25","SERC_021.E.20150811","abrvHFi/544rIYvVrnVG5vP3NlfayfiutSISPzKzBgk=","carabid","CHLAES","Chlaenius aestivus","species",,"Say",,1,"Ciegler, J. C. 2000. Ground beetles and wrinkled bark beetles of South Carolina (Coleoptera: Geadephaga: Carabidae and Rhysodidae). Biota of South Carolina. Vol. 1. Clemson, S. Clemson University.","wYCqaZcA+7slXlj5N/mM6vobrh4QDptp","wYCqaZcA+7slXlj5N/mM6vobrh4QDptp",
"9f162a8f-bc7b-44a2-a7ef-9fb62eb69794","SERC_021.basePlot.bet","D02","SERC","SERC_021","E","2015-07-28","2015-08-11","2015-08-12","2015-09-25",,"SERC_021.E.20150811","abrvHFi/544rIYvVrnVG5o5lszga8/A8L49isHbk1BI=","invert bycatch",,,,,,,,,,"wYCqaZcA+7slXlj5N/mM6vobrh4QDptp",
"96a4a6d4-f910-4fa9-820d-74d4daf83c91","SERC_010.basePlot.bet","D02","SERC","SERC_010","E","2015-07-28","2015-08-11","2015-08-12","2015-09-25","2015-09-25","SERC_010.E.20150811","zJWEWmQZoMNVr+IzuVmAIg8ysDh85mYxAbmBoPB1WUs=","carabid","CARSP14","Carabidae sp.","family",,"Latreille","D02.2015.MorphA",1,"Other","wYCqaZcA+7slXlj5N/mM6vobrh4QDptp","wYCqaZcA+7slXlj5N/mM6vobrh4QDptp","Pterostichus subgenus Abacidus. Doesn't key to any described species- prosternal process margined, ultimate tarsomeres glabrous, pronotal margin distinct to base, aedeagus simple."
"5f0e862e-6c6d-4d77-a7ee-add1b7440b37","SERC_007.basePlot.bet","D02","SERC","SERC_007","E","2015-07-28","2015-08-11","2015-08-12","2015-09-24",,"SERC_007.E.20150811","VuceAg7yVydSuT/FC6hzorHwxxKzyj1HNJx0SMHrECY=","invert bycatch",,,,,,,,,,"wYCqaZcA+7slXlj5N/mM6vobrh4QDptp",
"68486e1e-d952-4acf-b2f8-fa1c499c912c","SERC_003.basePlot.bet","D02","SERC","SERC_003","E","2015-07-28","2015-08-11","2015-08-12","2015-09-24",,"SERC_003.E.20150811","CC7oYVgiCpATUy6WPFyiJtaAeOJ04SEAu183wB1l314=","invert bycatch",,,,,,,,,,"wYCqaZcA+7slXlj5N/mM6vobrh4QDptp",
"f19b30e7-80d6-4072-9bf2-8143695c93ce","SERC_007.basePlot.bet","D02","SERC","SERC_007","E","2015-07-28","2015-08-11","2015-08-12","2015-09-24","2015-09-24","SERC_007.E.20150811","VuceAg7yVydSuT/FC6hzokmrmygxx0n/oXLyWr+QF54=","carabid","POECHA","Poecilus chalcites","species",,"Say",,4,"Ciegler, J. C. 2000. Ground beetles and wrinkled bark beetles of South Carolina (Coleoptera: Geadephaga: Carabidae and Rhysodidae). Biota of South Carolina. Vol. 1. Clemson, S. Clemson University.","fhqXNoOkfxgxeumX3nh8hiKzTnt5lZ8Br3PaGAyV7lk=","fhqXNoOkfxgxeumX3nh8hiKzTnt5lZ8Br3PaGAyV7lk=",
"75f1c737-97b3-4e2b-ad0b-736c3788c1fd","SERC_007.basePlot.bet","D02","SERC","SERC_007","E","2015-07-28","2015-08-11","2015-08-12","2015-09-24","2015-09-24","SERC_007.E.20150811","VuceAg7yVydSuT/FC6hzogzKmpS/Ib0jzY6FJS0ud78=","carabid","TETVIR","Tetracha virginica","species",,"Linnaeus",,1,"Ciegler, J. C. 2000. Ground beetles and wrinkled bark beetles of South Carolina (Coleoptera: Geadephaga: Carabidae and Rhysodidae). Biota of South Carolina. Vol. 1. Clemson, S. Clemson University.","wYCqaZcA+7slXlj5N/mM6vobrh4QDptp","wYCqaZcA+7slXlj5N/mM6vobrh4QDptp",
"cc223664-ddfb-4260-bd53-7a25fef26dcd","SERC_007.basePlot.bet","D02","SERC","SERC_007","E","2015-07-28","2015-08-11","2015-08-12","2015-09-24","2015-09-24","SERC_007.E.20150811","VuceAg7yVydSuT/FC6hzokiuI+vD2o++io+rWoRyjQ0=","carabid","ELAXAN","Elaphropus xanthopus","species",,"Dejean",,1,"Bousquet, Y. 2010b. Illustrated Identification Guide to Adults and Larvae of Northeastern North American Ground Beetles (Coleoptera: Carabidae). 1st Ed. Pensoft Publishers, Sofia, Bulgaria.","wYCqaZcA+7slXlj5N/mM6vobrh4QDptp","wYCqaZcA+7slXlj5N/mM6vobrh4QDptp",
"fdede5a0-5c40-4e04-9a73-a0f859a33ca8","SERC_009.basePlot.bet","D02","SERC","SERC_009","W","2015-07-28","2015-08-11","2015-08-12","2015-09-24","2015-09-24","SERC_009.W.20150811","tTNfz4yHzdkOCKlCL4y8mp+k/mh143tUQqRlyRfQVow=","carabid","CHLAES","Chlaenius aestivus","species",,"Say",,1,"Ciegler, J. C. 2000. Ground beetles and wrinkled bark beetles of South Carolina (Coleoptera: Geadephaga: Carabidae and Rhysodidae). Biota of South Carolina. Vol. 1. Clemson, S. Clemson University.","fhqXNoOkfxgxeumX3nh8hiKzTnt5lZ8Br3PaGAyV7lk=","fhqXNoOkfxgxeumX3nh8hiKzTnt5lZ8Br3PaGAyV7lk=",
"92f22f6c-f9bb-4246-8b22-9d8f6bc22139","SERC_010.basePlot.bet","D02","SERC","SERC_010","W","2015-07-28","2015-08-11","2015-08-12","2015-09-25",,"SERC_010.W.20150811","zJWEWmQZoMPpaU7oGDbswV90BD3lsY7MGHoGfCCV0r4=","invert bycatch",,,,,,,,,,"wYCqaZcA+7slXlj5N/mM6vobrh4QDptp",
"92f0971d-3d1d-4d9a-bd90-2d568ecc147e","SERC_003.basePlot.bet","D02","SERC","SERC_003","W","2015-07-28","2015-08-11","2015-08-12","2015-09-24","2015-09-24","SERC_003.W.20150811","CC7oYVgiCpAMTHWtAUJFju2yNcqUUDfKo3c+B/2UjHA=","carabid","CARVIN","Carabus vinctus","species",,"Weber",,1,"Ciegler, J. C. 2000. Ground beetles and wrinkled bark beetles of South Carolina (Coleoptera: Geadephaga: Carabidae and Rhysodidae). Biota of South Carolina. Vol. 1. Clemson, S. Clemson University.","wYCqaZcA+7slXlj5N/mM6vobrh4QDptp","wYCqaZcA+7slXlj5N/mM6vobrh4QDptp",
"21775945-2c93-48a0-b8a3-dc9a40dba3b1","SERC_007.basePlot.bet","D02","SERC","SERC_007","W","2015-07-28","2015-08-11","2015-08-12","2015-09-24","2015-09-24","SERC_007.W.20150811","VuceAg7yVycN8DaQWzDzg7CDukBJw3+XGMcoh3KW1Jo=","carabid","SCASUB2","Scarites subterraneus","species",,"Fabricius",,9,"Other","fhqXNoOkfxgxeumX3nh8hiKzTnt5lZ8Br3PaGAyV7lk=","fhqXNoOkfxgxeumX3nh8hiKzTnt5lZ8Br3PaGAyV7lk=",
"f63fa456-0c5e-450b-8cc5-9dd0674e5b0c","SERC_007.basePlot.bet","D02","SERC","SERC_007","W","2015-07-28","2015-08-11","2015-08-12","2015-09-24","2015-11-10","SERC_007.W.20150811","VuceAg7yVycN8DaQWzDzg/MzmNelxgn8iCQqKdH5Cck=","carabid","HARPEN","Harpalus pensylvanicus","species",,"DeGeer",,1,"Ball, G. E., and J. N. Anderson. 1962. The taxonomy and speciation of Pseudophonus (a subgenus of Harpalus: Haralini: Carabidae, known to occur in North America). The Catholic University of America Press, Washington 17, D. C.","wYCqaZcA+7slXlj5N/mM6vobrh4QDptp","wYCqaZcA+7slXlj5N/mM6vobrh4QDptp",
"0d56a366-d05c-4d65-8f16-7dd290e4a80a","SERC_007.basePlot.bet","D02","SERC","SERC_007","E","2015-07-28","2015-08-11","2015-08-12","2015-09-24","2015-09-24","SERC_007.E.20150811","VuceAg7yVydSuT/FC6hzorQ07r7kMD2MsRbbWXYe4jU=","carabid","SCASUB2","Scarites subterraneus","species",,"Fabricius",,6,"Other","fhqXNoOkfxgxeumX3nh8hiKzTnt5lZ8Br3PaGAyV7lk=","fhqXNoOkfxgxeumX3nh8hiKzTnt5lZ8Br3PaGAyV7lk=",
"9177d72b-1242-451a-9a78-cda7cae7af12","SERC_007.basePlot.bet","D02","SERC","SERC_007","E","2015-07-28","2015-08-11","2015-08-12","2015-09-24","2015-11-05","SERC_007.E.20150811","VuceAg7yVydSuT/FC6hzorKP4CSLaBsurs4P4WoQQOc=","carabid","ACUTES","Acupalpus testaceus","species",,"Dejean",,2,"Lindroth, C. H. 1969. The ground-beetles (Carabidae, excl. Cicindelinae) of Canada and Alaska, parts 1-6. Opuscula E. Entomoligiska Sallskapet.","wYCqaZcA+7slXlj5N/mM6vobrh4QDptp","wYCqaZcA+7slXlj5N/mM6vobrh4QDptp",
"fbdfe0f5-7f06-400c-9bcf-16eee39a1cdc","SERC_016.basePlot.bet","D02","SERC","SERC_016","N","2015-07-28","2015-08-11","2015-08-12","2015-09-24",,"SERC_016.N.20150811","YVGGTAS4Nw9Xozif4tWppmKHAT/zPKo4UV7uXqy5SdI=","invert bycatch",,,,,,,,,,"wYCqaZcA+7slXlj5N/mM6vobrh4QDptp",
"6fc3c29c-26a6-4282-acc7-463b94f39c33","SERC_021.basePlot.bet","D02","SERC","SERC_021","N","2015-07-28","2015-08-11","2015-08-12","2015-09-25",,"SERC_021.N.20150811","abrvHFi/547quzRJ4XXPwIC/Zv1+DZkkg1hkpqLXIL8=","invert bycatch",,,,,,,,,,"wYCqaZcA+7slXlj5N/mM6vobrh4QDptp",
"bf778df7-2326-4c34-99fd-474d854308df","SERC_006.basePlot.bet","D02","SERC","SERC_006","N","2015-07-28","2015-08-11","2015-08-12","2015-09-25","2015-09-25","SERC_006.N.20150811","ulDxSdgiTKJShrRoRejxxgd6fOGDwQEN5SuA9PSNK/8=","carabid","DICFUR2","Dicaelus furvus furvus","subspecies",,"Dejean",,3,"Ciegler, J. C. 2000. Ground beetles and wrinkled bark beetles of South Carolina (Coleoptera: Geadephaga: Carabidae and Rhysodidae). Biota of South Carolina. Vol. 1. Clemson, S. Clemson University.","wYCqaZcA+7slXlj5N/mM6vobrh4QDptp","wYCqaZcA+7slXlj5N/mM6vobrh4QDptp",
"6a573cde-59cb-4e0f-b106-5e0bc8678a2d","SERC_001.basePlot.bet","D02","SERC","SERC_001","N","2015-07-28","2015-08-11","2015-08-12","2015-09-24",,"SERC_001.N.20150811","UaGVcrvVzDP2WW+JNy3oveu5wkzKLGg6rzSkHIyBaU8=","invert bycatch",,,,,,,,,,"fhqXNoOkfxgxeumX3nh8hiKzTnt5lZ8Br3PaGAyV7lk=",
"8cffa8f5-73ad-469d-8e70-9c531438f63a","SERC_010.basePlot.bet","D02","SERC","SERC_010","N","2015-07-28","2015-08-11","2015-08-12","2015-09-25","2015-09-25","SERC_010.N.20150811","zJWEWmQZoMOE5uQVqsDQWmKccbnZ4ukPDPLF5fhJdWE=","carabid","CHLAES","Chlaenius aestivus","species",,"Say",,1,"Ciegler, J. C. 2000. Ground beetles and wrinkled bark beetles of South Carolina (Coleoptera: Geadephaga: Carabidae and Rhysodidae). Biota of South Carolina. Vol. 1. Clemson, S. Clemson University.","wYCqaZcA+7slXlj5N/mM6vobrh4QDptp","wYCqaZcA+7slXlj5N/mM6vobrh4QDptp",
"48a67715-7f94-4780-b152-88a87ece1176","SERC_010.basePlot.bet","D02","SERC","SERC_010","N","2015-07-28","2015-08-11","2015-08-12","2015-09-25","2015-09-25","SERC_010.N.20150811","zJWEWmQZoMOE5uQVqsDQWkvknPQdsk3em/2YbVc9rL4=","carabid","PTESTY","Pterostichus stygicus","species",,"Say",,1,"Bousquet, Y. 2010b. Illustrated Identification Guide to Adults and Larvae of Northeastern North American Ground Beetles (Coleoptera: Carabidae). 1st Ed. Pensoft Publishers, Sofia, Bulgaria.","wYCqaZcA+7slXlj5N/mM6vobrh4QDptp","wYCqaZcA+7slXlj5N/mM6vobrh4QDptp",
"0881a2df-781f-4b05-b7c1-e8b705791162","SERC_002.basePlot.bet","D02","SERC","SERC_002","N","2015-07-28","2015-08-11","2015-08-12","2015-09-25",,"SERC_002.N.20150811","YcnMnCZo63lrLwHfMM6HvSUhpovb01PeisSUSHbmuCM=","invert bycatch",,,,,,,,,,"wYCqaZcA+7slXlj5N/mM6vobrh4QDptp",
"ab4a3ada-d74c-4779-a356-44b4377ff2ce","SERC_009.basePlot.bet","D02","SERC","SERC_009","N","2015-07-28","2015-08-11","2015-08-12","2015-09-24",,"SERC_009.N.20150811","tTNfz4yHzdkwSEnQtNH8bXdEBsISb4MQkTofUNv6wLM=","invert bycatch",,,,,,,,,,"fhqXNoOkfxgxeumX3nh8hiKzTnt5lZ8Br3PaGAyV7lk=",
"28255ee1-802e-4693-ba0c-64cf3af5224b","SERC_010.basePlot.bet","D02","SERC","SERC_010","N","2015-07-28","2015-08-11","2015-08-12","2015-09-25","2015-09-25","SERC_010.N.20150811","zJWEWmQZoMOE5uQVqsDQWgtxSDaxVEeaUuuCdLZ7Bcg=","carabid","CARSP14","Carabidae sp.","family",,"Latreille","D02.2015.MorphA",1,"Other","wYCqaZcA+7slXlj5N/mM6vobrh4QDptp","wYCqaZcA+7slXlj5N/mM6vobrh4QDptp","Pterostichus subgenus Abacidus. Doesn't key to any described species- prosternal process margined, ultimate tarsomeres glabrous, pronotal margin distinct to base, aedeagus simple."
"77652fab-4496-4873-a305-fde75b4621a0","SERC_006.basePlot.bet","D02","SERC","SERC_006","N","2015-07-28","2015-08-11","2015-08-12","2015-09-25",,"SERC_006.N.20150811","ulDxSdgiTKJShrRoRejxxuiWfIgpDfqLKx+2n0zbFD0=","invert bycatch",,,,,,,,,,"wYCqaZcA+7slXlj5N/mM6vobrh4QDptp",
"ab998910-78ad-4bdc-98d8-36749409118e","SERC_015.basePlot.bet","D02","SERC","SERC_015","N","2015-07-28","2015-08-11","2015-08-12","2015-09-24",,"SERC_015.N.20150811","oRHnGosYO5NlS7xve2attjVCu8swzxRjWWrokozNHAo=","invert bycatch",,,,,,,,,,"wYCqaZcA+7slXlj5N/mM6vobrh4QDptp",
"630ad0c2-7504-4b01-ae27-7a57b854a245","SERC_007.basePlot.bet","D02","SERC","SERC_007","N","2015-07-28","2015-08-11","2015-08-12","2015-09-24","2015-10-28","SERC_007.N.20150811","VuceAg7yVyd8iwrZjSXXrXe/B1CVJ1jPz1ENJ+v4kKU=","carabid","ANIRUS","Anisodactylus rusticus","species",,"Say",,2,"Noonan, G. R. 1973. The Anisodactylines (Insecta: Coleoptera: Carabidae: Harpalini): classification, evolution and zoogeography. Quaestiones Entomologicae 9:266-480.","wYCqaZcA+7slXlj5N/mM6vobrh4QDptp","wYCqaZcA+7slXlj5N/mM6vobrh4QDptp",
"b6a0245c-7303-4537-b114-2b4541049b96","SERC_003.basePlot.bet","D02","SERC","SERC_003","N","2015-07-28","2015-08-11","2015-08-12","2015-09-24","2015-09-24","SERC_003.N.20150811","CC7oYVgiCpCG6sExBGzz/IAaO4JFyX2D9fpMWdIhBHk=","carabid","HARPEN","Harpalus pensylvanicus","species",,"DeGeer",,1,"Ball, G. E., and J. N. Anderson. 1962. The taxonomy and speciation of Pseudophonus (a subgenus of Harpalus: Haralini: Carabidae, known to occur in North America). The Catholic University of America Press, Washington 17, D. C.","wYCqaZcA+7slXlj5N/mM6vobrh4QDptp","wYCqaZcA+7slXlj5N/mM6vobrh4QDptp",
"f3b19572-4457-4d3f-8fa6-3c54ea9672ef","SERC_007.basePlot.bet","D02","SERC","SERC_007","N","2015-07-28","2015-08-11","2015-08-12","2015-09-24","2015-09-24","SERC_007.N.20150811","VuceAg7yVyd8iwrZjSXXrdMHEXifd+TLe7ycCCMlyEA=","carabid","AGOROT1","Agonoleptus rotundatus","species",,"LeConte",,1,"Bousquet, Y., and P. W. Messer. 2010. Redescription of Stenolophus thoracicus Casey (Coleoptera, Carabidae, Harpalini), a valid species. ZooKeys 53:25-31.","wYCqaZcA+7slXlj5N/mM6vobrh4QDptp","wYCqaZcA+7slXlj5N/mM6vobrh4QDptp",
"608ccea6-32b2-414d-b4a3-1f94a0f1b2f7","SERC_007.basePlot.bet","D02","SERC","SERC_007","N","2015-07-28","2015-08-11","2015-08-12","2015-09-24","2015-09-24","SERC_007.N.20150811","VuceAg7yVyd8iwrZjSXXraOiZULFNtDWo3stPcTiNaU=","carabid","SCASUB2","Scarites subterraneus","species",,"Fabricius",,12,"Other","fhqXNoOkfxgxeumX3nh8hiKzTnt5lZ8Br3PaGAyV7lk=","fhqXNoOkfxgxeumX3nh8hiKzTnt5lZ8Br3PaGAyV7lk=",
"9219124d-ae85-4709-a62d-354c08be9ff3","SERC_007.basePlot.bet","D02","SERC","SERC_007","N","2015-07-28","2015-08-11","2015-08-12","2015-09-24","2015-11-10","SERC_007.N.20150811","VuceAg7yVyd8iwrZjSXXrVRkyN1OfRxiQsvywJCumZQ=","carabid","HARPEN","Harpalus pensylvanicus","species",,"DeGeer",,1,"Ball, G. E., and J. N. Anderson. 1962. The taxonomy and speciation of Pseudophonus (a subgenus of Harpalus: Haralini: Carabidae, known to occur in North America). The Catholic University of America Press, Washington 17, D. C.","wYCqaZcA+7slXlj5N/mM6vobrh4QDptp","wYCqaZcA+7slXlj5N/mM6vobrh4QDptp",
"a50184d3-be8a-4299-963b-2488592fe69d","SERC_006.basePlot.bet","D02","SERC","SERC_006","N","2015-07-28","2015-08-11","2015-08-12","2015-09-25","2015-09-25","SERC_006.N.20150811","ulDxSdgiTKJShrRoRejxxk87BjPVCPZoD4g3IclBOcs=","carabid","CARVIN","Carabus vinctus","species",,"Weber",,1,"Ciegler, J. C. 2000. Ground beetles and wrinkled bark beetles of South Carolina (Coleoptera: Geadephaga: Carabidae and Rhysodidae). Biota of South Carolina. Vol. 1. Clemson, S. Clemson University.","wYCqaZcA+7slXlj5N/mM6vobrh4QDptp","wYCqaZcA+7slXlj5N/mM6vobrh4QDptp",
"a1ff54c2-6216-4bec-93cc-57070879cf34","SERC_003.basePlot.bet","D02","SERC","SERC_003","N","2015-07-28","2015-08-11","2015-08-12","2015-09-24","2015-09-24","SERC_003.N.20150811","CC7oYVgiCpCG6sExBGzz/IkejO6tYqP0n3scRbCkIkM=","carabid","DICFUR2","Dicaelus furvus furvus","subspecies",,"Dejean",,1,"Ciegler, J. C. 2000. Ground beetles and wrinkled bark beetles of South Carolina (Coleoptera: Geadephaga: Carabidae and Rhysodidae). Biota of South Carolina. Vol. 1. Clemson, S. Clemson University.","wYCqaZcA+7slXlj5N/mM6vobrh4QDptp","wYCqaZcA+7slXlj5N/mM6vobrh4QDptp",
"be59f8bc-54d5-49aa-aea1-4ec88fc99b03","SERC_003.basePlot.bet","D02","SERC","SERC_003","N","2015-07-28","2015-08-11","2015-08-12","2015-09-24","2015-10-28","SERC_003.N.20150811","CC7oYVgiCpCG6sExBGzz/CyOm6G/LS32bi76/qJuIR8=","carabid","ANIMEL","Anisodactylus melanopus","species",,"Haldeman",,1,"Ciegler, J. C. 2000. Ground beetles and wrinkled bark beetles of South Carolina (Coleoptera: Geadephaga: Carabidae and Rhysodidae). Biota of South Carolina. Vol. 1. Clemson, S. Clemson University.","wYCqaZcA+7slXlj5N/mM6vobrh4QDptp","wYCqaZcA+7slXlj5N/mM6vobrh4QDptp",
"b4408094-a7fd-4447-96c7-bbd7c4de4ca8","SERC_006.basePlot.bet","D02","SERC","SERC_006","N","2015-07-28","2015-08-11","2015-08-12","2015-09-25","2015-09-25","SERC_006.N.20150811","ulDxSdgiTKJShrRoRejxxpedt/0BXBWHja9tgmX3nTE=","carabid","CHLAES","Chlaenius aestivus","species",,"Say",,3,"Ciegler, J. C. 2000. Ground beetles and wrinkled bark beetles of South Carolina (Coleoptera: Geadephaga: Carabidae and Rhysodidae). Biota of South Carolina. Vol. 1. Clemson, S. Clemson University.","wYCqaZcA+7slXlj5N/mM6vobrh4QDptp","wYCqaZcA+7slXlj5N/mM6vobrh4QDptp",
"1c3c9154-5623-453e-b471-b5177d4e9571","SERC_007.basePlot.bet","D02","SERC","SERC_007","N","2015-07-28","2015-08-11","2015-08-12","2015-09-24",,"SERC_007.N.20150811","VuceAg7yVyd8iwrZjSXXrR7rpKc3YQSuZ0pLhVkn9o4=","invert bycatch",,,,,,,,,,"wYCqaZcA+7slXlj5N/mM6vobrh4QDptp",
"e917905e-ea66-44fd-85c0-d7395559f02a","SERC_003.basePlot.bet","D02","SERC","SERC_003","N","2015-07-28","2015-08-11","2015-08-12","2015-09-24",,"SERC_003.N.20150811","CC7oYVgiCpCG6sExBGzz/K0S6Frub6ZaTvbYgN2vr8k=","invert bycatch",,,,,,,,,,"wYCqaZcA+7slXlj5N/mM6vobrh4QDptp",
"cbcef3f3-24ca-4cf6-85b7-da0e9af58d61","SERC_003.basePlot.bet","D02","SERC","SERC_003","N","2015-07-28","2015-08-11","2015-08-12","2015-09-24","2015-09-24","SERC_003.N.20150811","CC7oYVgiCpCG6sExBGzz/FTxRtH/N6cgpd5qq+U4mqs=","carabid","CARSP14","Carabidae sp.","family",,"Latreille","D02.2015.MorphA",1,"Other","wYCqaZcA+7slXlj5N/mM6vobrh4QDptp","wYCqaZcA+7slXlj5N/mM6vobrh4QDptp","Pterostichus subgenus Abacidus. Doesn't key to any described species- prosternal process margined, ultimate tarsomeres glabrous, pronotal margin distinct to base, aedeagus simple."
"6c2f48d9-3638-4caf-8a88-bae90a860bbd","SERC_010.basePlot.bet","D02","SERC","SERC_010","N","2015-07-28","2015-08-11","2015-08-12","2015-09-25",,"SERC_010.N.20150811","zJWEWmQZoMOE5uQVqsDQWizUAaffl5pfaHtQrRL/y8w=","invert bycatch",,,,,,,,,,"wYCqaZcA+7slXlj5N/mM6vobrh4QDptp",
"8a9893cd-e32f-4628-9fdb-be8a98fd7bbe","SERC_007.basePlot.bet","D02","SERC","SERC_007","S","2015-07-28","2015-08-11","2015-08-12","2015-09-24","2015-10-28","SERC_007.S.20150811","VuceAg7yVycbihe2x8O8rHnpF02kXY3iGsN8/0Nnalc=","carabid","ANIRUS","Anisodactylus rusticus","species",,"Say",,2,"Noonan, G. R. 1973. The Anisodactylines (Insecta: Coleoptera: Carabidae: Harpalini): classification, evolution and zoogeography. Quaestiones Entomologicae 9:266-480.","wYCqaZcA+7slXlj5N/mM6vobrh4QDptp","wYCqaZcA+7slXlj5N/mM6vobrh4QDptp",
"41092708-a80c-4352-b89a-0a1dc08e59e3","SERC_021.basePlot.bet","D02","SERC","SERC_021","S","2015-07-28","2015-08-11","2015-08-12","2015-09-25","2015-09-25","SERC_021.S.20150811","abrvHFi/546vIGfJHdKpb3wUA8p67skdRr2sU/kwkdM=","carabid","CHLAES","Chlaenius aestivus","species",,"Say",,1,"Ciegler, J. C. 2000. Ground beetles and wrinkled bark beetles of South Carolina (Coleoptera: Geadephaga: Carabidae and Rhysodidae). Biota of South Carolina. Vol. 1. Clemson, S. Clemson University.","wYCqaZcA+7slXlj5N/mM6vobrh4QDptp","wYCqaZcA+7slXlj5N/mM6vobrh4QDptp",
"de525c3c-00fc-43ff-8019-d653c673d904","SERC_009.basePlot.bet","D02","SERC","SERC_009","S","2015-07-28","2015-08-11","2015-08-12","2015-09-24",,"SERC_009.S.20150811","tTNfz4yHzdmJFQIid5wgzvmbzIL1m+Xkm9QAjOzrq6c=","invert bycatch",,,,,,,,,,"fhqXNoOkfxgxeumX3nh8hiKzTnt5lZ8Br3PaGAyV7lk=",
"bb582b24-a5fe-46e0-abbd-b8c3f3d5c181","SERC_002.basePlot.bet","D02","SERC","SERC_002","S","2015-07-28","2015-08-11","2015-08-12","2015-09-25",,"SERC_002.S.20150811","YcnMnCZo63lkDrP/fuO0GYO/Dc9xAobMO3LBquW+tK8=","invert bycatch",,,,,,,,,,"wYCqaZcA+7slXlj5N/mM6vobrh4QDptp",
"43ed4d72-b447-4198-a3fe-d7249c6b3a96","SERC_016.basePlot.bet","D02","SERC","SERC_016","S","2015-07-28","2015-08-11","2015-08-12","2015-09-24",,"SERC_016.S.20150811","YVGGTAS4Nw/QDCDcWJyuGdCM/mDRBq2aHlNE8Y5uYuM=","invert bycatch",,,,,,,,,,"wYCqaZcA+7slXlj5N/mM6vobrh4QDptp",
"34b6a8fe-2695-4c7f-a698-987b87aed036","SERC_010.basePlot.bet","D02","SERC","SERC_010","S","2015-07-28","2015-08-11","2015-08-12","2015-09-25","2015-09-25","SERC_010.S.20150811","zJWEWmQZoMNAenyerOxLOP6PIzzxhF5ix8ZpE49NoKE=","carabid","DICDIL","Dicheirus dilatatus","species",,"Dejean",,1,"Ciegler, J. C. 2000. Ground beetles and wrinkled bark beetles of South Carolina (Coleoptera: Geadephaga: Carabidae and Rhysodidae). Biota of South Carolina. Vol. 1. Clemson, S. Clemson University.","wYCqaZcA+7slXlj5N/mM6vobrh4QDptp","wYCqaZcA+7slXlj5N/mM6vobrh4QDptp",
"2033c545-33a5-4ea6-92ac-0ea14d91a17c","SERC_006.basePlot.bet","D02","SERC","SERC_006","S","2015-07-28","2015-08-11","2015-08-12","2015-09-25","2015-09-25","SERC_006.S.20150811","ulDxSdgiTKIzGwTPWdjoLCRzQHt30ANNIyfRkJX7wqs=","carabid","CARSP14","Carabidae sp.","family",,"Latreille","D02.2015.MorphA",3,"Other","wYCqaZcA+7slXlj5N/mM6vobrh4QDptp","wYCqaZcA+7slXlj5N/mM6vobrh4QDptp","Pterostichus subgenus Abacidus. Doesn't key to any described species- prosternal process margined, ultimate tarsomeres glabrous, pronotal margin distinct to base, aedeagus simple."
"8371c276-9154-486d-ae5d-12766efbcf99","SERC_006.basePlot.bet","D02","SERC","SERC_006","S","2015-07-28","2015-08-11","2015-08-12","2015-09-25",,"SERC_006.S.20150811","ulDxSdgiTKIzGwTPWdjoLIM9CFJKPXCR5IkoClLl2PI=","invert bycatch",,,,,,,,,,"wYCqaZcA+7slXlj5N/mM6vobrh4QDptp",
"7d0a990b-c8a4-427f-a999-6781b732d196","SERC_015.basePlot.bet","D02","SERC","SERC_015","S","2015-07-28","2015-08-11","2015-08-12","2015-09-24",,"SERC_015.S.20150811","oRHnGosYO5OVlOfh6UoAvp6wJG6avUXAwXDcAyU8BsQ=","invert bycatch",,,,,,,,,,"wYCqaZcA+7slXlj5N/mM6vobrh4QDptp",
"27f93c5d-5e14-4cfa-8807-38cf4082beda","SERC_003.basePlot.bet","D02","SERC","SERC_003","S","2015-07-28","2015-08-11","2015-08-12","2015-09-24",,"SERC_003.S.20150811","CC7oYVgiCpCbybsEGlEH1qI10L7aXy2686fCzSQoaJc=","invert bycatch",,,,,,,,,,"wYCqaZcA+7slXlj5N/mM6vobrh4QDptp",
"41f40d9a-7e2f-4a05-8547-543234ab5252","SERC_010.basePlot.bet","D02","SERC","SERC_010","S","2015-07-28","2015-08-11","2015-08-12","2015-09-25",,"SERC_010.S.20150811","zJWEWmQZoMNAenyerOxLOABGomDvEzbQUzC/OIkswbI=","invert bycatch",,,,,,,,,,"wYCqaZcA+7slXlj5N/mM6vobrh4QDptp",
"37a52562-0be7-4351-af2f-0940c08e00cc","SERC_010.basePlot.bet","D02","SERC","SERC_010","S","2015-07-28","2015-08-11","2015-08-12","2015-09-25","2015-09-25","SERC_010.S.20150811","zJWEWmQZoMNAenyerOxLOAxpFjAYfth4DRxNXF3mgCU=","carabid","CHLAES","Chlaenius aestivus","species",,"Say",,2,"Ciegler, J. C. 2000. Ground beetles and wrinkled bark beetles of South Carolina (Coleoptera: Geadephaga: Carabidae and Rhysodidae). Biota of South Carolina. Vol. 1. Clemson, S. Clemson University.","wYCqaZcA+7slXlj5N/mM6vobrh4QDptp","wYCqaZcA+7slXlj5N/mM6vobrh4QDptp",
"b8805ec5-dff2-4108-9925-a70b7f5cf357","SERC_001.basePlot.bet","D02","SERC","SERC_001","S","2015-07-28","2015-08-11","2015-08-12","2015-09-24","2015-09-24","SERC_001.S.20150811","UaGVcrvVzDMTNP1CPcl/gzCleTbYOMvumjq9fisKpqA=","carabid","CHLAES","Chlaenius aestivus","species",,"Say",,1,"Bousquet, Y. 2010b. Illustrated Identification Guide to Adults and Larvae of Northeastern North American Ground Beetles (Coleoptera: Carabidae). 1st Ed. Pensoft Publishers, Sofia, Bulgaria.","fhqXNoOkfxgxeumX3nh8hiKzTnt5lZ8Br3PaGAyV7lk=","fhqXNoOkfxgxeumX3nh8hiKzTnt5lZ8Br3PaGAyV7lk=",
"83528be5-baaa-45af-b43d-208eb59ac056","SERC_007.basePlot.bet","D02","SERC","SERC_007","S","2015-07-28","2015-08-11","2015-08-12","2015-09-24","2015-09-24","SERC_007.S.20150811","VuceAg7yVycbihe2x8O8rMwyka/B0j4FdMDksDC7KA0=","carabid","AGOOCT","Agonum octopunctatum","species",,"Fabricius",,1,"Ciegler, J. C. 2000. Ground beetles and wrinkled bark beetles of South Carolina (Coleoptera: Geadephaga: Carabidae and Rhysodidae). Biota of South Carolina. Vol. 1. Clemson, S. Clemson University.","wYCqaZcA+7slXlj5N/mM6vobrh4QDptp","wYCqaZcA+7slXlj5N/mM6vobrh4QDptp",
"bc6b6588-681a-47a1-ad12-27415ad701ff","SERC_007.basePlot.bet","D02","SERC","SERC_007","S","2015-07-28","2015-08-11","2015-08-12","2015-09-24",,"SERC_007.S.20150811","VuceAg7yVycbihe2x8O8rNg5qLpxXepP0uxXA4C46Xg=","invert bycatch",,,,,,,,,,"wYCqaZcA+7slXlj5N/mM6vobrh4QDptp",
"007fea9d-6781-4831-93ce-6def24d74623","SERC_007.basePlot.bet","D02","SERC","SERC_007","S","2015-07-28","2015-08-11","2015-08-12","2015-09-24","2015-09-24","SERC_007.S.20150811","VuceAg7yVycbihe2x8O8rAWjub5rMQUJm8Igu2ZbbIc=","carabid","ELAXAN","Elaphropus xanthopus","species",,"Dejean",,4,"Bousquet, Y. 2010b. Illustrated Identification Guide to Adults and Larvae of Northeastern North American Ground Beetles (Coleoptera: Carabidae). 1st Ed. Pensoft Publishers, Sofia, Bulgaria.","wYCqaZcA+7slXlj5N/mM6vobrh4QDptp","wYCqaZcA+7slXlj5N/mM6vobrh4QDptp",
"36c0b887-9e6a-4746-8b52-bd057689dec1","SERC_003.basePlot.bet","D02","SERC","SERC_003","S","2015-07-28","2015-08-11","2015-08-12","2015-09-24","2015-11-10","SERC_003.S.20150811","CC7oYVgiCpCbybsEGlEH1uOP58myhHeH0FwXXxf7qRU=","carabid","HARPEN","Harpalus pensylvanicus","species",,"DeGeer",,2,"Ball, G. E., and J. N. Anderson. 1962. The taxonomy and speciation of Pseudophonus (a subgenus of Harpalus: Haralini: Carabidae, known to occur in North America). The Catholic University of America Press, Washington 17, D. C.","wYCqaZcA+7slXlj5N/mM6vobrh4QDptp","wYCqaZcA+7slXlj5N/mM6vobrh4QDptp",
"4668dc95-a216-4f4c-8f18-e320aba422b9","SERC_007.basePlot.bet","D02","SERC","SERC_007","S","2015-07-28","2015-08-11","2015-08-12","2015-09-24","2015-09-24","SERC_007.S.20150811","VuceAg7yVycbihe2x8O8rHaOEF8DOEeHQ6/6Dg3qKWU=","carabid","POECHA","Poecilus chalcites","species",,"Say",,7,"Ciegler, J. C. 2000. Ground beetles and wrinkled bark beetles of South Carolina (Coleoptera: Geadephaga: Carabidae and Rhysodidae). Biota of South Carolina. Vol. 1. Clemson, S. Clemson University.","fhqXNoOkfxgxeumX3nh8hiKzTnt5lZ8Br3PaGAyV7lk=","fhqXNoOkfxgxeumX3nh8hiKzTnt5lZ8Br3PaGAyV7lk=",
"bceb99fa-4e55-47a7-a868-e31fd39eadef","SERC_007.basePlot.bet","D02","SERC","SERC_007","S","2015-07-28","2015-08-11","2015-08-12","2015-09-24","2015-09-24","SERC_007.S.20150811","VuceAg7yVycbihe2x8O8rABgI/ag0TexFoRLe/b7XHo=","carabid","SCASUB2","Scarites subterraneus","species",,"Fabricius",,22,"Other","fhqXNoOkfxgxeumX3nh8hiKzTnt5lZ8Br3PaGAyV7lk=","fhqXNoOkfxgxeumX3nh8hiKzTnt5lZ8Br3PaGAyV7lk=",
"b7c56c79-5035-4f19-ba18-9b2a0826026e","SERC_007.basePlot.bet","D02","SERC","SERC_007","S","2015-07-28","2015-08-11","2015-08-12","2015-09-24","2015-11-10","SERC_007.S.20150811","VuceAg7yVycbihe2x8O8rE+pLKTJEnSRBytfIQNbQuE=","carabid","HARPEN","Harpalus pensylvanicus","species",,"DeGeer",,1,"Ball, G. E., and J. N. Anderson. 1962. The taxonomy and speciation of Pseudophonus (a subgenus of Harpalus: Haralini: Carabidae, known to occur in North America). The Catholic University of America Press, Washington 17, D. C.","wYCqaZcA+7slXlj5N/mM6vobrh4QDptp","wYCqaZcA+7slXlj5N/mM6vobrh4QDptp",
"70f17e13-dd53-4622-8789-761ef223d9c2","SERC_010.basePlot.bet","D02","SERC","SERC_010","S","2015-07-28","2015-08-11","2015-08-12","2015-09-25","2015-09-25","SERC_010.S.20150811","zJWEWmQZoMNAenyerOxLOLCRtHtY9G4tanHXSe6LKT4=","carabid","PTESTY","Pterostichus stygicus","species",,"Say",,1,"Bousquet, Y. 2010b. Illustrated Identification Guide to Adults and Larvae of Northeastern North American Ground Beetles (Coleoptera: Carabidae). 1st Ed. Pensoft Publishers, Sofia, Bulgaria.","wYCqaZcA+7slXlj5N/mM6vobrh4QDptp","wYCqaZcA+7slXlj5N/mM6vobrh4QDptp",
"ec4ec245-277d-4746-b04d-e5a6a89852ec","SERC_001.basePlot.bet","D02","SERC","SERC_001","S","2015-07-28","2015-08-11","2015-08-12","2015-09-24",,"SERC_001.S.20150811","UaGVcrvVzDMTNP1CPcl/g3Ygb5UjsJ3aBEeOQdBa8mE=","invert bycatch",,,,,,,,,,"fhqXNoOkfxgxeumX3nh8hiKzTnt5lZ8Br3PaGAyV7lk=",
"6cfbb7da-46ba-49f3-94bc-104886523b9e","SERC_006.basePlot.bet","D02","SERC","SERC_006","S","2015-07-28","2015-08-11","2015-08-12","2015-09-25","2015-09-25","SERC_006.S.20150811","ulDxSdgiTKIzGwTPWdjoLMBGu+J8lGcf33sWN0UH0q0=","carabid","CHLAES","Chlaenius aestivus","species",,"Say",,1,"Ciegler, J. C. 2000. Ground beetles and wrinkled bark beetles of South Carolina (Coleoptera: Geadephaga: Carabidae and Rhysodidae). Biota of South Carolina. Vol. 1. Clemson, S. Clemson University.","wYCqaZcA+7slXlj5N/mM6vobrh4QDptp","wYCqaZcA+7slXlj5N/mM6vobrh4QDptp",
"ade9e1db-f4bd-451d-b6b8-f982ddde47cf","SERC_021.basePlot.bet","D02","SERC","SERC_021","S","2015-07-28","2015-08-11","2015-08-12","2015-09-25",,"SERC_021.S.20150811","abrvHFi/546vIGfJHdKpbzXwlnQpq110lXbhDzbJNjc=","invert bycatch",,,,,,,,,,"wYCqaZcA+7slXlj5N/mM6vobrh4QDptp",
"80c4755b-ced6-4cf3-ab80-301ac9e0941f","SERC_006.basePlot.bet","D02","SERC","SERC_006","W","2015-07-28","2015-08-11","2015-08-12","2015-09-25",,"SERC_006.W.20150811","ulDxSdgiTKLdBAsavAcEZZXOSaEzFoFWP2kjXwD/nPg=","invert bycatch",,,,,,,,,,"wYCqaZcA+7slXlj5N/mM6vobrh4QDptp",
"5283fd2d-eb2a-47f3-b7b3-62c1f87f9aa5","SERC_010.basePlot.bet","D02","SERC","SERC_010","W","2015-07-28","2015-08-11","2015-08-12","2015-09-25","2015-09-25","SERC_010.W.20150811","zJWEWmQZoMPpaU7oGDbswU3GK+P9YRLOP+aYzvySg6M=","carabid","CHLAES","Chlaenius aestivus","species",,"Say",,1,"Ciegler, J. C. 2000. Ground beetles and wrinkled bark beetles of South Carolina (Coleoptera: Geadephaga: Carabidae and Rhysodidae). Biota of South Carolina. Vol. 1. Clemson, S. Clemson University.","wYCqaZcA+7slXlj5N/mM6vobrh4QDptp","wYCqaZcA+7slXlj5N/mM6vobrh4QDptp",
"db82462f-1fda-4156-af50-5c51bf0959b5","SERC_007.basePlot.bet","D02","SERC","SERC_007","W","2015-07-28","2015-08-11","2015-08-12","2015-09-24","2015-09-24","SERC_007.W.20150811","VuceAg7yVycN8DaQWzDzg7D2ER5QtzNhO29QWuh0cG0=","carabid","ELAXAN","Elaphropus xanthopus","species",,"Dejean",,5,"Bousquet, Y. 2010b. Illustrated Identification Guide to Adults and Larvae of Northeastern North American Ground Beetles (Coleoptera: Carabidae). 1st Ed. Pensoft Publishers, Sofia, Bulgaria.","wYCqaZcA+7slXlj5N/mM6vobrh4QDptp","wYCqaZcA+7slXlj5N/mM6vobrh4QDptp",
"689f3a4b-1796-44c9-8bf5-114aa557f960","SERC_007.basePlot.bet","D02","SERC","SERC_007","W","2015-07-28","2015-08-11","2015-08-12","2015-09-24",,"SERC_007.W.20150811","VuceAg7yVycN8DaQWzDzgxqUcbIeEuoYvnWKJ5mpyRg=","invert bycatch",,,,,,,,,,"wYCqaZcA+7slXlj5N/mM6vobrh4QDptp",
"ed179582-731b-4d70-9050-97f64b58898d","SERC_003.basePlot.bet","D02","SERC","SERC_003","W","2015-07-28","2015-08-11","2015-08-12","2015-09-24","2015-09-24","SERC_003.W.20150811","CC7oYVgiCpAMTHWtAUJFjvvk4HpDXU10+cxy9rdxgAw=","carabid","DICDIL1","Dicaelus dilatatus dilatatus","subspecies",,"Say",,1,"Ciegler, J. C. 2000. Ground beetles and wrinkled bark beetles of South Carolina (Coleoptera: Geadephaga: Carabidae and Rhysodidae). Biota of South Carolina. Vol. 1. Clemson, S. Clemson University.","wYCqaZcA+7slXlj5N/mM6vobrh4QDptp","wYCqaZcA+7slXlj5N/mM6vobrh4QDptp",
"a115bffd-59e5-455c-bdc4-655726d735c3","SERC_009.basePlot.bet","D02","SERC","SERC_009","W","2015-07-28","2015-08-11","2015-08-12","2015-09-24","2015-09-24","SERC_009.W.20150811","tTNfz4yHzdkOCKlCL4y8mmjv6bQ3mpXy9mUVfVFvzXA=","carabid","POELUC","Poecilus lucublandus","species",,"Say",,1,"Ciegler, J. C. 2000. Ground beetles and wrinkled bark beetles of South Carolina (Coleoptera: Geadephaga: Carabidae and Rhysodidae). Biota of South Carolina. Vol. 1. Clemson, S. Clemson University.","fhqXNoOkfxgxeumX3nh8hiKzTnt5lZ8Br3PaGAyV7lk=","fhqXNoOkfxgxeumX3nh8hiKzTnt5lZ8Br3PaGAyV7lk=",
"139102fa-50c5-42cc-9b80-d42b6f774fc6","SERC_003.basePlot.bet","D02","SERC","SERC_003","W","2015-07-28","2015-08-11","2015-08-12","2015-09-24",,"SERC_003.W.20150811","CC7oYVgiCpAMTHWtAUJFjohyLMC3ANVjkDe4E4d1Xg4=","invert bycatch",,,,,,,,,,"wYCqaZcA+7slXlj5N/mM6vobrh4QDptp",
"80a46c4a-7a52-40c6-bc77-cc78f85fb5d5","SERC_009.basePlot.bet","D02","SERC","SERC_009","W","2015-07-28","2015-08-11","2015-08-12","2015-09-24","2015-09-24","SERC_009.W.20150811","tTNfz4yHzdkOCKlCL4y8mk74Vip5LVkSz8fGFc3nNmk=","carabid","PTESTY","Pterostichus stygicus","species",,"Say",,1,"Bousquet, Y. 2010b. Illustrated Identification Guide to Adults and Larvae of Northeastern North American Ground Beetles (Coleoptera: Carabidae). 1st Ed. Pensoft Publishers, Sofia, Bulgaria.","fhqXNoOkfxgxeumX3nh8hiKzTnt5lZ8Br3PaGAyV7lk=","fhqXNoOkfxgxeumX3nh8hiKzTnt5lZ8Br3PaGAyV7lk=",
"0db634b1-2b94-486b-88b0-4dc5df964303","SERC_016.basePlot.bet","D02","SERC","SERC_016","W","2015-07-28","2015-08-11","2015-08-12","2015-09-24",,"SERC_016.W.20150811","YVGGTAS4Nw9LB+ZV7esb3xilmoFHAbd/UKYgmClegWY=","invert bycatch",,,,,,,,,,"wYCqaZcA+7slXlj5N/mM6vobrh4QDptp",
"b38204d6-418e-459e-80b9-2cdf7984bc90","SERC_021.basePlot.bet","D02","SERC","SERC_021","S","2015-08-11","2015-08-25","2015-08-26","2015-09-29",,"SERC_021.S.20150825","abrvHFi/546vIGfJHdKpbx0GDdpA3AIZOYDiXO14Je0=","invert bycatch",,,,,,,,,,"wYCqaZcA+7slXlj5N/mM6vobrh4QDptp",
"0ea2fcfa-bf13-410d-86e8-886e60639165","SERC_016.basePlot.bet","D02","SERC","SERC_016","S","2015-08-11","2015-08-25","2015-08-26","2015-09-29",,"SERC_016.S.20150825","YVGGTAS4Nw/QDCDcWJyuGSBoBJwEvXfJmjni1nG+7b4=","invert bycatch",,,,,,,,,,"wYCqaZcA+7slXlj5N/mM6vobrh4QDptp",
"33ea08d3-c591-424f-8dd1-b5bb1fc1cf91","SERC_007.basePlot.bet","D02","SERC","SERC_007","S","2015-08-11","2015-08-25","2015-08-26","2015-09-29","2015-09-29","SERC_007.S.20150825","VuceAg7yVycbihe2x8O8rOLlBlk/BEJ2a8X2HVZGZus=","carabid","ELAINC","Elaphropus incurvus","species",,"Say",,1,"Bousquet, Y. 2010b. Illustrated Identification Guide to Adults and Larvae of Northeastern North American Ground Beetles (Coleoptera: Carabidae). 1st Ed. Pensoft Publishers, Sofia, Bulgaria.","wYCqaZcA+7slXlj5N/mM6vobrh4QDptp","wYCqaZcA+7slXlj5N/mM6vobrh4QDptp",
"d5990c38-4884-4021-a950-821122614da1","SERC_007.basePlot.bet","D02","SERC","SERC_007","S","2015-08-11","2015-08-25","2015-08-26","2015-09-29","2015-09-29","SERC_007.S.20150825","VuceAg7yVycbihe2x8O8rIr0VJDU4Rb0TmexvLyhIwQ=","carabid","AGOOCT","Agonum octopunctatum","species",,"Fabricius",,1,"Ciegler, J. C. 2000. Ground beetles and wrinkled bark beetles of South Carolina (Coleoptera: Geadephaga: Carabidae and Rhysodidae). Biota of South Carolina. Vol. 1. Clemson, S. Clemson University.","wYCqaZcA+7slXlj5N/mM6vobrh4QDptp","wYCqaZcA+7slXlj5N/mM6vobrh4QDptp",
"7bbc3e4b-aef9-48b2-88a7-ac822a0cd32b","SERC_007.basePlot.bet","D02","SERC","SERC_007","S","2015-08-11","2015-08-25","2015-08-26","2015-09-29","2015-09-29","SERC_007.S.20150825","VuceAg7yVycbihe2x8O8rAsHElo7qdR8/ybDXIlsaUM=","carabid","SCASUB2","Scarites subterraneus","species",,"Fabricius",,14,"Other","wYCqaZcA+7slXlj5N/mM6vobrh4QDptp","wYCqaZcA+7slXlj5N/mM6vobrh4QDptp",
"b3083317-f124-4cad-8a41-ceb2ba8b2bc3","SERC_007.basePlot.bet","D02","SERC","SERC_007","S","2015-08-11","2015-08-25","2015-08-26","2015-09-29","2015-10-28","SERC_007.S.20150825","VuceAg7yVycbihe2x8O8rElDAqhssan5qfpnG7+PZMc=","carabid","HARPEN","Harpalus pensylvanicus","species",,"DeGeer",,4,"Ball, G. E., and J. N. Anderson. 1962. The taxonomy and speciation of Pseudophonus (a subgenus of Harpalus: Haralini: Carabidae, known to occur in North America). The Catholic University of America Press, Washington 17, D. C.","wYCqaZcA+7slXlj5N/mM6vobrh4QDptp","wYCqaZcA+7slXlj5N/mM6vobrh4QDptp",
"d27bb5a3-2d9e-4594-a6dc-9b89679a5c07","SERC_007.basePlot.bet","D02","SERC","SERC_007","S","2015-08-11","2015-08-25","2015-08-26","2015-09-29","2015-10-28","SERC_007.S.20150825","VuceAg7yVycbihe2x8O8rElDAqhssan5AGuCxZCgb6g=","carabid","HARPRO1","Harpalus protractus","species",,"Casey",,1,"Ball, G. E., and J. N. Anderson. 1962. The taxonomy and speciation of Pseudophonus (a subgenus of Harpalus: Haralini: Carabidae, known to occur in North America). The Catholic University of America Press, Washington 17, D. C.","wYCqaZcA+7slXlj5N/mM6vobrh4QDptp","wYCqaZcA+7slXlj5N/mM6vobrh4QDptp",
"88fbe64a-7b1a-427e-ae5d-38d85e9a4ccd","SERC_001.basePlot.bet","D02","SERC","SERC_001","S","2015-08-11","2015-08-25","2015-08-26","2015-09-29",,"SERC_001.S.20150825","UaGVcrvVzDMTNP1CPcl/gxSeXRNAaW9TXhKWWo5ZYtQ=","invert bycatch",,,,,,,,,,"wYCqaZcA+7slXlj5N/mM6vobrh4QDptp",
"d0958202-f34b-461e-9a01-a318458d47de","SERC_006.basePlot.bet","D02","SERC","SERC_006","S","2015-08-11","2015-08-25","2015-08-26","2015-09-29","2015-09-29","SERC_006.S.20150825","ulDxSdgiTKIzGwTPWdjoLMaUbucObd8pQXED7qcVxCE=","carabid","CHLAES","Chlaenius aestivus","species",,"Say",,2,"Ciegler, J. C. 2000. Ground beetles and wrinkled bark beetles of South Carolina (Coleoptera: Geadephaga: Carabidae and Rhysodidae). Biota of South Carolina. Vol. 1. Clemson, S. Clemson University.","wYCqaZcA+7slXlj5N/mM6vobrh4QDptp","wYCqaZcA+7slXlj5N/mM6vobrh4QDptp",
"757234f6-3a11-4e59-bf9e-9fc673a1ac22","SERC_009.basePlot.bet","D02","SERC","SERC_009","S","2015-08-11","2015-08-25","2015-08-26","2015-09-29","2015-09-29","SERC_009.S.20150825","tTNfz4yHzdmJFQIid5wgzg+crkQq07O8Ir7004yi/vA=","carabid","CYCSIG","Cyclotrachelus sigillatus","species",,"Say",,1,"Freitag, R. 1969. A revision of the species of the genus Evarthrus LeConte. Quaestiones Entomologicae 5:89-212.","wYCqaZcA+7slXlj5N/mM6vobrh4QDptp","wYCqaZcA+7slXlj5N/mM6vobrh4QDptp",
"aeec65dc-1491-4b6d-9714-ba679e0a77f6","SERC_010.basePlot.bet","D02","SERC","SERC_010","S","2015-08-11","2015-08-25","2015-08-26","2015-09-29","2015-09-29","SERC_010.S.20150825","zJWEWmQZoMNAenyerOxLOJsxE5q0rkyZTzpWEPCJDWQ=","carabid","PTESTY","Pterostichus stygicus","species",,"Say",,4,"Bousquet, Y. 2010b. Illustrated Identification Guide to Adults and Larvae of Northeastern North American Ground Beetles (Coleoptera: Carabidae). 1st Ed. Pensoft Publishers, Sofia, Bulgaria.","wYCqaZcA+7slXlj5N/mM6vobrh4QDptp","wYCqaZcA+7slXlj5N/mM6vobrh4QDptp",
"0049ff90-d50b-46d7-af25-0ac1a3f6930a","SERC_001.basePlot.bet","D02","SERC","SERC_001","S","2015-08-11","2015-08-25","2015-08-26","2015-09-29",,"SERC_001.S.20150825","UaGVcrvVzDMTNP1CPcl/gxSeXRNAaW9T3PbZSIwtvUc=","invert bycatch",,,,,,,,,,"wYCqaZcA+7slXlj5N/mM6vobrh4QDptp",
"210a3b33-9615-40ba-b25e-e079aca0a3bc","SERC_009.basePlot.bet","D02","SERC","SERC_009","S","2015-08-11","2015-08-25","2015-08-26","2015-09-29",,"SERC_009.S.20150825","tTNfz4yHzdmJFQIid5wgztbH+XgN6xrs/1oYzM/Lrjk=","invert bycatch",,,,,,,,,,"wYCqaZcA+7slXlj5N/mM6vobrh4QDptp",
"ddecff08-4c22-436f-b11b-bcbe7d4d6bb0","SERC_015.basePlot.bet","D02","SERC","SERC_015","S","2015-08-11","2015-08-25","2015-08-26","2015-09-29",,"SERC_015.S.20150825","oRHnGosYO5OVlOfh6UoAvk6yFW+uqg2Ku5pdVgUJmk4=","invert bycatch",,,,,,,,,,"wYCqaZcA+7slXlj5N/mM6vobrh4QDptp",
"81928d7e-0445-4855-86ca-95f2fb1ff429","SERC_015.basePlot.bet","D02","SERC","SERC_015","S","2015-08-11","2015-08-25","2015-08-26","2015-09-29",,"SERC_015.S.20150825","oRHnGosYO5OVlOfh6UoAvk6yFW+uqg2KecxwKERmo2U=","invert bycatch",,,,,,,,,,"wYCqaZcA+7slXlj5N/mM6vobrh4QDptp",
"ea9d89c9-a444-450b-a562-c9c7a1246a22","SERC_006.basePlot.bet","D02","SERC","SERC_006","S","2015-08-11","2015-08-25","2015-08-26","2015-09-29",,"SERC_006.S.20150825","ulDxSdgiTKIzGwTPWdjoLGOYBz9AF9kZcAnee5ruRX0=","invert bycatch",,,,,,,,,,"wYCqaZcA+7slXlj5N/mM6vobrh4QDptp",
"b33f64ec-bd0b-4d2a-bbe8-7bd3d2572d86","SERC_007.basePlot.bet","D02","SERC","SERC_007","W","2015-08-11","2015-08-25","2015-08-26","2015-09-29","2015-09-29","SERC_007.W.20150825","VuceAg7yVycN8DaQWzDzg0GAkc1EtD53iAWAj/wgUws=","carabid","SCASUB2","Scarites subterraneus","species",,"Fabricius",,5,"Other","wYCqaZcA+7slXlj5N/mM6vobrh4QDptp","wYCqaZcA+7slXlj5N/mM6vobrh4QDptp",
"5454f911-40c2-475b-b512-086fe4c1ed55","SERC_021.basePlot.bet","D02","SERC","SERC_021","W","2015-08-11","2015-08-25","2015-08-26","2015-09-29","2015-09-29","SERC_021.W.20150825","abrvHFi/544imcyfF+kn4oT3p/6JKsRcMWz20VpwcTQ=","carabid","CARGOR","Carabus goryi","species",,"Dejean",,1,"Ciegler, J. C. 2000. Ground beetles and wrinkled bark beetles of South Carolina (Coleoptera: Geadephaga: Carabidae and Rhysodidae). Biota of South Carolina. Vol. 1. Clemson, S. Clemson University.","wYCqaZcA+7slXlj5N/mM6vobrh4QDptp","wYCqaZcA+7slXlj5N/mM6vobrh4QDptp",
"99391040-1e77-4abd-8df9-b4c12f772eb8","SERC_015.basePlot.bet","D02","SERC","SERC_015","W","2015-08-11","2015-08-25","2015-08-26","2015-09-29",,"SERC_015.W.20150825","oRHnGosYO5NRgt2nTfYmTvxE5NULVwUfqn5tdWxCDLo=","invert bycatch",,,,,,,,,,"wYCqaZcA+7slXlj5N/mM6vobrh4QDptp",
"0043de72-33de-4c05-b43b-6d3e23ecfb42","SERC_021.basePlot.bet","D02","SERC","SERC_021","W","2015-08-11","2015-08-25","2015-08-26","2015-09-29",,"SERC_021.W.20150825","abrvHFi/544imcyfF+kn4oP9BrRXJT2Lb4ybY0aI6B0=","invert bycatch",,,,,,,,,,"wYCqaZcA+7slXlj5N/mM6vobrh4QDptp",
"559b5112-651c-47f8-a13f-94ebc9939f4b","SERC_016.basePlot.bet","D02","SERC","SERC_016","W","2015-08-11","2015-08-25","2015-08-26","2015-09-29","2015-09-29","SERC_016.W.20150825","YVGGTAS4Nw9LB+ZV7esb34z/n8TbjrHneTSQyZfxr9w=","carabid","CHLAES","Chlaenius aestivus","species",,"Say",,1,"Ciegler, J. C. 2000. Ground beetles and wrinkled bark beetles of South Carolina (Coleoptera: Geadephaga: Carabidae and Rhysodidae). Biota of South Carolina. Vol. 1. Clemson, S. Clemson University.","wYCqaZcA+7slXlj5N/mM6vobrh4QDptp","wYCqaZcA+7slXlj5N/mM6vobrh4QDptp",
"916c79b2-2616-4e18-b7df-a70e41d79748","SERC_002.basePlot.bet","D02","SERC","SERC_002","W","2015-08-11","2015-08-25","2015-08-26","2015-09-29","2015-09-29","SERC_002.W.20150825","YcnMnCZo63lEMCEtrcXtsQRqAXTd3wJQKVdq+a5bDQI=","carabid","PTESTY","Pterostichus stygicus","species",,"Say",,1,"Bousquet, Y. 2010b. Illustrated Identification Guide to Adults and Larvae of Northeastern North American Ground Beetles (Coleoptera: Carabidae). 1st Ed. Pensoft Publishers, Sofia, Bulgaria.","wYCqaZcA+7slXlj5N/mM6vobrh4QDptp","wYCqaZcA+7slXlj5N/mM6vobrh4QDptp",
"fd23882c-8ca9-492f-879f-5fa243e45e6c","SERC_006.basePlot.bet","D02","SERC","SERC_006","W","2015-08-11","2015-08-25","2015-08-26","2015-09-29","2015-09-29","SERC_006.W.20150825","ulDxSdgiTKLdBAsavAcEZU6FS7PsmknxnQQapVTJtFg=","carabid","CARSP14","Carabidae sp.","family",,"Latreille","D02.2015.MorphA",2,"Other","wYCqaZcA+7slXlj5N/mM6vobrh4QDptp","wYCqaZcA+7slXlj5N/mM6vobrh4QDptp","Pterostichus subgenus Abacidus. Doesn't key to any described species- prosternal process margined, ultimate tarsomeres glabrous, pronotal margin distinct to base, aedeagus simple."
"57d036d0-520f-4cb8-bec6-2d181fb6e3a0","SERC_009.basePlot.bet","D02","SERC","SERC_009","W","2015-08-11","2015-08-25","2015-08-26","2015-09-29","2015-09-29","SERC_009.W.20150825","tTNfz4yHzdkOCKlCL4y8mjMwRZnFNEPA7nVpJ97cMS8=","carabid","CHLAES","Chlaenius aestivus","species",,"Say",,7,"Ciegler, J. C. 2000. Ground beetles and wrinkled bark beetles of South Carolina (Coleoptera: Geadephaga: Carabidae and Rhysodidae). Biota of South Carolina. Vol. 1. Clemson, S. Clemson University.","wYCqaZcA+7slXlj5N/mM6vobrh4QDptp","wYCqaZcA+7slXlj5N/mM6vobrh4QDptp",
"e326476e-fef7-4a85-84b7-e6533fbcb49f","SERC_010.basePlot.bet","D02","SERC","SERC_010","W","2015-08-11","2015-08-25","2015-08-26","2015-09-29",,"SERC_010.W.20150825","zJWEWmQZoMPpaU7oGDbswYtR1H7+01zdiaHspwxtLkY=","invert bycatch",,,,,,,,,,"wYCqaZcA+7slXlj5N/mM6vobrh4QDptp",
"6cadbf55-2a21-4346-92cd-0b9141a7419e","SERC_007.basePlot.bet","D02","SERC","SERC_007","W","2015-08-11","2015-08-25","2015-08-26","2015-09-29","2015-09-29","SERC_007.W.20150825","VuceAg7yVycN8DaQWzDzgyIeqrFGQ8GAINRmLG/qBGw=","carabid","HARPEN","Harpalus pensylvanicus","species",,"DeGeer",,2,"Ball, G. E., and J. N. Anderson. 1962. The taxonomy and speciation of Pseudophonus (a subgenus of Harpalus: Haralini: Carabidae, known to occur in North America). The Catholic University of America Press, Washington 17, D. C.","wYCqaZcA+7slXlj5N/mM6vobrh4QDptp","wYCqaZcA+7slXlj5N/mM6vobrh4QDptp",
"67d5a3e9-7529-4883-93a7-8b243069f5d3","SERC_009.basePlot.bet","D02","SERC","SERC_009","W","2015-08-11","2015-08-25","2015-08-26","2015-09-29",,"SERC_009.W.20150825","tTNfz4yHzdkOCKlCL4y8mm3hX5j30bcFSZvlR4btWlE=","invert bycatch",,,,,,,,,,"wYCqaZcA+7slXlj5N/mM6vobrh4QDptp",
"120ed271-416d-41eb-b968-adac5f20808a","SERC_007.basePlot.bet","D02","SERC","SERC_007","W","2015-08-11","2015-08-25","2015-08-26","2015-09-29",,"SERC_007.W.20150825","VuceAg7yVycN8DaQWzDzgze0jbDhp4PRlxHvv1+Zr9Y=","invert bycatch",,,,,,,,,,"wYCqaZcA+7slXlj5N/mM6vobrh4QDptp",
"aa275c7b-7ae6-48c8-b706-65ae5b32cf60","SERC_007.basePlot.bet","D02","SERC","SERC_007","W","2015-08-11","2015-08-25","2015-08-26","2015-09-29","2015-09-29","SERC_007.W.20150825","VuceAg7yVycN8DaQWzDzg6WrwTI7UB4mOf0e4Ks8Hew=","carabid","CHLAES","Chlaenius aestivus","species",,"Say",,1,"Ciegler, J. C. 2000. Ground beetles and wrinkled bark beetles of South Carolina (Coleoptera: Geadephaga: Carabidae and Rhysodidae). Biota of South Carolina. Vol. 1. Clemson, S. Clemson University.","wYCqaZcA+7slXlj5N/mM6vobrh4QDptp","wYCqaZcA+7slXlj5N/mM6vobrh4QDptp",
"aaf7d877-87c6-4e6e-a556-14b073d90353","SERC_007.basePlot.bet","D02","SERC","SERC_007","W","2015-08-11","2015-08-25","2015-08-26","2015-09-29","2015-09-29","SERC_007.W.20150825","VuceAg7yVycN8DaQWzDzg1mrRy3RqOB/7iugNpxTfHI=","carabid","POECHA","Poecilus chalcites","species",,"Say",,1,"Ciegler, J. C. 2000. Ground beetles and wrinkled bark beetles of South Carolina (Coleoptera: Geadephaga: Carabidae and Rhysodidae). Biota of South Carolina. Vol. 1. Clemson, S. Clemson University.","wYCqaZcA+7slXlj5N/mM6vobrh4QDptp","wYCqaZcA+7slXlj5N/mM6vobrh4QDptp",
"99e19eca-1fbb-4e22-88b4-d2ee4caf0997","SERC_007.basePlot.bet","D02","SERC","SERC_007","W","2015-08-11","2015-08-25","2015-08-26","2015-09-29","2015-09-29","SERC_007.W.20150825","VuceAg7yVycN8DaQWzDzg6KVMvnUIFqzZCatu2J1/w8=","carabid","ELAXAN","Elaphropus xanthopus","species",,"Dejean",,1,"Bousquet, Y. 2010b. Illustrated Identification Guide to Adults and Larvae of Northeastern North American Ground Beetles (Coleoptera: Carabidae). 1st Ed. Pensoft Publishers, Sofia, Bulgaria.","wYCqaZcA+7slXlj5N/mM6vobrh4QDptp","wYCqaZcA+7slXlj5N/mM6vobrh4QDptp",
"0f1933ff-65ef-4856-b82f-cf1db3655de0","SERC_007.basePlot.bet","D02","SERC","SERC_007","W","2015-08-11","2015-08-25","2015-08-26","2015-09-29",,"SERC_007.W.20150825","VuceAg7yVycN8DaQWzDzgze0jbDhp4PR7dEyoIYRWxM=","invert bycatch",,,,,,,,,,"wYCqaZcA+7slXlj5N/mM6vobrh4QDptp",
"bb67bcb0-1b5e-4f64-b882-96662d3009b6","SERC_001.basePlot.bet","D02","SERC","SERC_001","W","2015-08-11","2015-08-25","2015-08-26","2015-09-29",,"SERC_001.W.20150825","UaGVcrvVzDOutGB3sFAIccKZAgFU/ttwSUruZKfCHys=","invert bycatch",,,,,,,,,,"wYCqaZcA+7slXlj5N/mM6vobrh4QDptp",
"43e9dc2a-daad-4297-9c2e-826e84cdd957","SERC_006.basePlot.bet","D02","SERC","SERC_006","W","2015-08-11","2015-08-25","2015-08-26","2015-09-29",,"SERC_006.W.20150825","ulDxSdgiTKLdBAsavAcEZQh+G8/b1duV/GgcgOQezaQ=","invert bycatch",,,,,,,,,,"wYCqaZcA+7slXlj5N/mM6vobrh4QDptp",
"e7946d75-2b62-4a74-902a-0dff3fa87942","SERC_006.basePlot.bet","D02","SERC","SERC_006","W","2015-08-11","2015-08-25","2015-08-26","2015-09-29","2015-09-29","SERC_006.W.20150825","ulDxSdgiTKLdBAsavAcEZbP69Lc7DjMH51dX7wmrurQ=","carabid","PTESTY","Pterostichus stygicus","species",,"Say",,1,"Bousquet, Y. 2010b. Illustrated Identification Guide to Adults and Larvae of Northeastern North American Ground Beetles (Coleoptera: Carabidae). 1st Ed. Pensoft Publishers, Sofia, Bulgaria.","wYCqaZcA+7slXlj5N/mM6vobrh4QDptp","wYCqaZcA+7slXlj5N/mM6vobrh4QDptp",
"8f444cd2-09a4-4833-9556-ed18a092614c","SERC_001.basePlot.bet","D02","SERC","SERC_001","W","2015-08-11","2015-08-25","2015-08-26","2015-09-29",,"SERC_001.W.20150825","UaGVcrvVzDOutGB3sFAIccKZAgFU/ttweTCSmRLj/BE=","invert bycatch",,,,,,,,,,"wYCqaZcA+7slXlj5N/mM6vobrh4QDptp",
"df7c3bf7-b3a0-4ef5-becd-9cb98b3240a5","SERC_003.basePlot.bet","D02","SERC","SERC_003","W","2015-08-11","2015-08-25","2015-08-26","2015-09-29","2015-09-29","SERC_003.W.20150825","CC7oYVgiCpAMTHWtAUJFjpjLvP1lYxGlzTgNBQ2DCj8=","carabid","DICDIL1","Dicaelus dilatatus dilatatus","subspecies",,"Say",,1,"Ciegler, J. C. 2000. Ground beetles and wrinkled bark beetles of South Carolina (Coleoptera: Geadephaga: Carabidae and Rhysodidae). Biota of South Carolina. Vol. 1. Clemson, S. Clemson University.","wYCqaZcA+7slXlj5N/mM6vobrh4QDptp","wYCqaZcA+7slXlj5N/mM6vobrh4QDptp",
"8414d266-f2c6-4193-8eb9-47d5e6358591","SERC_003.basePlot.bet","D02","SERC","SERC_003","W","2015-08-11","2015-08-25","2015-08-26","2015-09-29",,"SERC_003.W.20150825","CC7oYVgiCpAMTHWtAUJFjqzGp/lSMVnb1zgjNUPoOTA=","invert bycatch",,,,,,,,,,"wYCqaZcA+7slXlj5N/mM6vobrh4QDptp",
"b460d752-ee4c-4ef2-8a4e-4db689b75a7c","SERC_002.basePlot.bet","D02","SERC","SERC_002","W","2015-08-11","2015-08-25","2015-08-26","2015-09-29","2015-09-29","SERC_002.W.20150825","YcnMnCZo63lEMCEtrcXtsfYAf+4ixk0JFHcJZuoWpsw=","carabid","SYNIMP","Synuchus impunctatus","species",,"Say",,1,"Bousquet, Y. 2010b. Illustrated Identification Guide to Adults and Larvae of Northeastern North American Ground Beetles (Coleoptera: Carabidae). 1st Ed. Pensoft Publishers, Sofia, Bulgaria.","wYCqaZcA+7slXlj5N/mM6vobrh4QDptp","wYCqaZcA+7slXlj5N/mM6vobrh4QDptp",
"ca606cb7-dea5-43ba-99af-205a0876f124","SERC_002.basePlot.bet","D02","SERC","SERC_002","W","2015-08-11","2015-08-25","2015-08-26","2015-09-29","2015-09-29","SERC_002.W.20150825","YcnMnCZo63lEMCEtrcXtsYzGJLfFxntpTQw5d+GAp/M=","carabid","CHLAES","Chlaenius aestivus","species",,"Say",,1,"Ciegler, J. C. 2000. Ground beetles and wrinkled bark beetles of South Carolina (Coleoptera: Geadephaga: Carabidae and Rhysodidae). Biota of South Carolina. Vol. 1. Clemson, S. Clemson University.","wYCqaZcA+7slXlj5N/mM6vobrh4QDptp","wYCqaZcA+7slXlj5N/mM6vobrh4QDptp",
"cf88a4a6-4619-4789-b507-ccdee539342b","SERC_006.basePlot.bet","D02","SERC","SERC_006","W","2015-08-11","2015-08-25","2015-08-26","2015-09-29",,"SERC_006.W.20150825","ulDxSdgiTKLdBAsavAcEZcK+D3Dhqok6MbZo7Pa4QD4=","carabid","CHLAES","Chlaenius aestivus","species",,"Say",,1,"Other",,"wYCqaZcA+7slXlj5N/mM6vobrh4QDptp",
"f8439886-2ea1-4dfb-a13d-7d2acbf9a615","SERC_016.basePlot.bet","D02","SERC","SERC_016","W","2015-08-11","2015-08-25","2015-08-26","2015-09-29",,"SERC_016.W.20150825","YVGGTAS4Nw9LB+ZV7esb3xlFdyyIVzMBuRd1EuECM48=","invert bycatch",,,,,,,,,,"wYCqaZcA+7slXlj5N/mM6vobrh4QDptp",
"bcd616b2-0761-4bad-9fb1-b2eebea40859","SERC_015.basePlot.bet","D02","SERC","SERC_015","W","2015-08-11","2015-08-25","2015-08-26","2015-09-29",,"SERC_015.W.20150825","oRHnGosYO5NRgt2nTfYmTvxE5NULVwUfuFeXq//md54=","invert bycatch",,,,,,,,,,"wYCqaZcA+7slXlj5N/mM6vobrh4QDptp",
"2dcf9c2e-c2f6-41a2-8a31-f0f396613eec","SERC_021.basePlot.bet","D02","SERC","SERC_021","W","2015-08-11","2015-08-25","2015-08-26","2015-09-29","2015-09-29","SERC_021.W.20150825","abrvHFi/544imcyfF+kn4vQemRoka1BBuRtlcw0s8u8=","carabid","CHLAES","Chlaenius aestivus","species",,"Say",,1,"Ciegler, J. C. 2000. Ground beetles and wrinkled bark beetles of South Carolina (Coleoptera: Geadephaga: Carabidae and Rhysodidae). Biota of South Carolina. Vol. 1. Clemson, S. Clemson University.","wYCqaZcA+7slXlj5N/mM6vobrh4QDptp","wYCqaZcA+7slXlj5N/mM6vobrh4QDptp",
"6eaad2f7-f91e-4ebf-9da5-b0ab34d2b1cb","SERC_002.basePlot.bet","D02","SERC","SERC_002","W","2015-08-11","2015-08-25","2015-08-26","2015-09-29",,"SERC_002.W.20150825","YcnMnCZo63lEMCEtrcXtsQgz0TGn3rNcDXu0H/pyxF8=","invert bycatch",,,,,,,,,,"wYCqaZcA+7slXlj5N/mM6vobrh4QDptp",
"59700dd0-01df-44a1-9e73-bf899199caff","SERC_021.basePlot.bet","D02","SERC","SERC_021","E","2015-08-11","2015-08-25","2015-08-26","2015-09-29","2015-09-29","SERC_021.E.20150825","abrvHFi/544rIYvVrnVG5mysiy00kYBw/9Z0rDaNPPs=","carabid","CHLAES","Chlaenius aestivus","species",,"Say",,2,"Ciegler, J. C. 2000. Ground beetles and wrinkled bark beetles of South Carolina (Coleoptera: Geadephaga: Carabidae and Rhysodidae). Biota of South Carolina. Vol. 1. Clemson, S. Clemson University.","wYCqaZcA+7slXlj5N/mM6vobrh4QDptp","wYCqaZcA+7slXlj5N/mM6vobrh4QDptp",
"66737fc0-6720-4710-9071-15113bf8191a","SERC_016.basePlot.bet","D02","SERC","SERC_016","E","2015-08-11","2015-08-25","2015-08-26","2015-09-29","2015-09-29","SERC_016.E.20150825","YVGGTAS4Nw9I7wcGu/Kj81/C6GnkINBSHH8WBuUW9Ok=","carabid","CHLAES","Chlaenius aestivus","species",,"Say",,1,"Ciegler, J. C. 2000. Ground beetles and wrinkled bark beetles of South Carolina (Coleoptera: Geadephaga: Carabidae and Rhysodidae). Biota of South Carolina. Vol. 1. Clemson, S. Clemson University.","wYCqaZcA+7slXlj5N/mM6vobrh4QDptp","wYCqaZcA+7slXlj5N/mM6vobrh4QDptp",
"b2c69211-b278-4bfb-93f1-08484106e735","SERC_010.basePlot.bet","D02","SERC","SERC_010","E","2015-08-11","2015-08-25","2015-08-26","2015-09-29","2015-09-29","SERC_010.E.20150825","zJWEWmQZoMNVr+IzuVmAIkW9jo6CYzRse8NDJFnOqak=","carabid","CHLAES","Chlaenius aestivus","species",,"Say",,3,"Ciegler, J. C. 2000. Ground beetles and wrinkled bark beetles of South Carolina (Coleoptera: Geadephaga: Carabidae and Rhysodidae). Biota of South Carolina. Vol. 1. Clemson, S. Clemson University.","wYCqaZcA+7slXlj5N/mM6vobrh4QDptp","wYCqaZcA+7slXlj5N/mM6vobrh4QDptp",
"2f4ca21f-c95a-4e65-b275-c7127aa00981","SERC_001.basePlot.bet","D02","SERC","SERC_001","E","2015-08-11","2015-08-25","2015-08-26","2015-09-29","2015-09-29","SERC_001.E.20150825","UaGVcrvVzDNwkOl+brc1rIvekUMmiNiO2//sKClJLZQ=","carabid","CHLAES","Chlaenius aestivus","species",,"Say",,5,"Ciegler, J. C. 2000. Ground beetles and wrinkled bark beetles of South Carolina (Coleoptera: Geadephaga: Carabidae and Rhysodidae). Biota of South Carolina. Vol. 1. Clemson, S. Clemson University.","wYCqaZcA+7slXlj5N/mM6vobrh4QDptp","wYCqaZcA+7slXlj5N/mM6vobrh4QDptp",
"59eebb1b-0bda-4575-a702-3e018d6e1d17","SERC_002.basePlot.bet","D02","SERC","SERC_002","E","2015-08-11","2015-08-25","2015-08-26","2015-09-29","2015-09-29","SERC_002.E.20150825","YcnMnCZo63n4X9d+wTtLlEw3uX95977f0qwo3UAm5Ws=","carabid","PTESTY","Pterostichus stygicus","species",,"Say",,1,"Bousquet, Y. 2010b. Illustrated Identification Guide to Adults and Larvae of Northeastern North American Ground Beetles (Coleoptera: Carabidae). 1st Ed. Pensoft Publishers, Sofia, Bulgaria.","wYCqaZcA+7slXlj5N/mM6vobrh4QDptp","wYCqaZcA+7slXlj5N/mM6vobrh4QDptp",
"97606dcd-f8db-4f80-b081-0c50823b0f1f","SERC_007.basePlot.bet","D02","SERC","SERC_007","E","2015-08-11","2015-08-25","2015-08-26","2015-09-29","2015-09-29","SERC_007.E.20150825","VuceAg7yVydSuT/FC6hzomwRJPON1Qh1QT3O6GtoQLA=","carabid","POECHA","Poecilus chalcites","species",,"Say",,1,"Ciegler, J. C. 2000. Ground beetles and wrinkled bark beetles of South Carolina (Coleoptera: Geadephaga: Carabidae and Rhysodidae). Biota of South Carolina. Vol. 1. Clemson, S. Clemson University.","wYCqaZcA+7slXlj5N/mM6vobrh4QDptp","wYCqaZcA+7slXlj5N/mM6vobrh4QDptp",
"4e919f3e-4fcb-4630-9ad4-0bed5b8de296","SERC_007.basePlot.bet","D02","SERC","SERC_007","E","2015-08-11","2015-08-25","2015-08-26","2015-09-29","2015-09-29","SERC_007.E.20150825","VuceAg7yVydSuT/FC6hzou3jxZBuuBxtcYDZL0Efhpw=","carabid","ELAXAN","Elaphropus xanthopus","species",,"Dejean",,1,"Bousquet, Y. 2010b. Illustrated Identification Guide to Adults and Larvae of Northeastern North American Ground Beetles (Coleoptera: Carabidae). 1st Ed. Pensoft Publishers, Sofia, Bulgaria.","wYCqaZcA+7slXlj5N/mM6vobrh4QDptp","wYCqaZcA+7slXlj5N/mM6vobrh4QDptp",
"5a0c40ad-df90-4de2-a534-d8b0ab5c666d","SERC_003.basePlot.bet","D02","SERC","SERC_003","E","2015-08-11","2015-08-25","2015-08-26","2015-09-29",,"SERC_003.E.20150825","CC7oYVgiCpATUy6WPFyiJoD1g9HHGOW3w/VOXmqwzPY=","invert bycatch",,,,,,,,,,"wYCqaZcA+7slXlj5N/mM6vobrh4QDptp",
"ca2a6292-185e-447d-b703-a9b49e101ae2","SERC_007.basePlot.bet","D02","SERC","SERC_007","E","2015-08-11","2015-08-25","2015-08-26","2015-09-29","2015-11-10","SERC_007.E.20150825","VuceAg7yVydSuT/FC6hzoraIVNuiTjDb8sffSM1Qynk=","carabid","ACUIND","Acupalpus indistinctus","species",,"Dejean",,1,"Lindroth, C. H. 1969. The ground-beetles (Carabidae, excl. Cicindelinae) of Canada and Alaska, parts 1-6. Opuscula E. Entomoligiska Sallskapet.","wYCqaZcA+7slXlj5N/mM6vobrh4QDptp","wYCqaZcA+7slXlj5N/mM6vobrh4QDptp",
"99c5c906-3d99-45eb-bc3c-4b4823002e3e","SERC_007.basePlot.bet","D02","SERC","SERC_007","E","2015-08-11","2015-08-25","2015-08-26","2015-09-29",,"SERC_007.E.20150825","VuceAg7yVydSuT/FC6hzoqpHxKLRR0TIcXfUNt9M9b4=","invert bycatch",,,,,,,,,,"wYCqaZcA+7slXlj5N/mM6vobrh4QDptp",
"f1b9f480-2795-4bd3-8438-1b495404cd2b","SERC_001.basePlot.bet","D02","SERC","SERC_001","E","2015-08-11","2015-08-25","2015-08-26","2015-09-29",,"SERC_001.E.20150825","UaGVcrvVzDNwkOl+brc1rHcpHLEGlW5G6xJTAu1o+YA=","invert bycatch",,,,,,,,,,"wYCqaZcA+7slXlj5N/mM6vobrh4QDptp",
"ab0cea2d-3d79-4a63-8067-72b6dfc813c2","SERC_010.basePlot.bet","D02","SERC","SERC_010","E","2015-08-11","2015-08-25","2015-08-26","2015-09-29",,"SERC_010.E.20150825","zJWEWmQZoMNVr+IzuVmAIrdMI5Agp61hMFLjdfdQ2Zg=","invert bycatch",,,,,,,,,,"wYCqaZcA+7slXlj5N/mM6vobrh4QDptp",
"7664e495-d005-4710-955d-18b76ec29e76","SERC_010.basePlot.bet","D02","SERC","SERC_010","E","2015-08-11","2015-08-25","2015-08-26","2015-09-29","2015-09-29","SERC_010.E.20150825","zJWEWmQZoMNVr+IzuVmAIq+2n4UOyD4h3C1LyYIHctc=","carabid","PTESTY","Pterostichus stygicus","species",,"Say",,9,"Bousquet, Y. 2010b. Illustrated Identification Guide to Adults and Larvae of Northeastern North American Ground Beetles (Coleoptera: Carabidae). 1st Ed. Pensoft Publishers, Sofia, Bulgaria.","wYCqaZcA+7slXlj5N/mM6vobrh4QDptp","wYCqaZcA+7slXlj5N/mM6vobrh4QDptp",
"cc7e3d0c-e0de-4624-9cea-6510569a53a8","SERC_001.basePlot.bet","D02","SERC","SERC_001","E","2015-08-11","2015-08-25","2015-08-26","2015-09-29","2015-09-29","SERC_001.E.20150825","UaGVcrvVzDNwkOl+brc1rHRTGeCEb73u9p1fUK3AZXM=","carabid","DICFUR2","Dicaelus furvus furvus","subspecies",,"Dejean",,1,"Ciegler, J. C. 2000. Ground beetles and wrinkled bark beetles of South Carolina (Coleoptera: Geadephaga: Carabidae and Rhysodidae). Biota of South Carolina. Vol. 1. Clemson, S. Clemson University.","wYCqaZcA+7slXlj5N/mM6vobrh4QDptp","wYCqaZcA+7slXlj5N/mM6vobrh4QDptp",
"5113f9ea-0787-4e95-b2b9-cd104dc9d7c3","SERC_009.basePlot.bet","D02","SERC","SERC_009","E","2015-08-11","2015-08-25","2015-08-26","2015-09-29",,"SERC_009.E.20150825","tTNfz4yHzdlGJ3KeWgihN+ALQ7q03KI45K8X1OVAfAw=","invert bycatch",,,,,,,,,,"wYCqaZcA+7slXlj5N/mM6vobrh4QDptp",
"24e81504-815f-49ca-8635-1bf5e7d8b294","SERC_001.basePlot.bet","D02","SERC","SERC_001","E","2015-08-11","2015-08-25","2015-08-26","2015-09-29",,"SERC_001.E.20150825","UaGVcrvVzDNwkOl+brc1rHcpHLEGlW5GdTrUJZBc0K0=","invert bycatch",,,,,,,,,,"wYCqaZcA+7slXlj5N/mM6vobrh4QDptp",
"afd883ea-7362-4478-853f-e7fdfb7ed5db","SERC_006.basePlot.bet","D02","SERC","SERC_006","E","2015-08-11","2015-08-25","2015-08-26","2015-09-29",,"SERC_006.E.20150825","ulDxSdgiTKKsykPM3MpMLMSzyHHepcYtYZSQmuhhwls=","invert bycatch",,,,,,,,,,"wYCqaZcA+7slXlj5N/mM6vobrh4QDptp",
"d346ecfa-9840-4841-92fc-e40792a78031","SERC_001.basePlot.bet","D02","SERC","SERC_001","E","2015-08-11","2015-08-25","2015-08-26","2015-09-29","2015-09-29","SERC_001.E.20150825","UaGVcrvVzDNwkOl+brc1rMeupBETNHQXpBRixZ5A/7U=","carabid","DICAMB","Dicaelus ambiguus","species",,"LaFerte-Senectere",,1,"Ciegler, J. C. 2000. Ground beetles and wrinkled bark beetles of South Carolina (Coleoptera: Geadephaga: Carabidae and Rhysodidae). Biota of South Carolina. Vol. 1. Clemson, S. Clemson University.","wYCqaZcA+7slXlj5N/mM6vobrh4QDptp","wYCqaZcA+7slXlj5N/mM6vobrh4QDptp",
"848f2600-21b9-4692-9818-f620e84436a2","SERC_016.basePlot.bet","D02","SERC","SERC_016","E","2015-08-11","2015-08-25","2015-08-26","2015-09-29","2015-09-29","SERC_016.E.20150825","YVGGTAS4Nw9I7wcGu/Kj87aIY5IUAlCVB8Tg3OZszIY=","carabid","DICFUR2","Dicaelus furvus furvus","subspecies",,"Dejean",,1,"Ciegler, J. C. 2000. Ground beetles and wrinkled bark beetles of South Carolina (Coleoptera: Geadephaga: Carabidae and Rhysodidae). Biota of South Carolina. Vol. 1. Clemson, S. Clemson University.","wYCqaZcA+7slXlj5N/mM6vobrh4QDptp","wYCqaZcA+7slXlj5N/mM6vobrh4QDptp",
"3d480331-a567-445b-a708-8ced76568039","SERC_015.basePlot.bet","D02","SERC","SERC_015","E","2015-08-11","2015-08-25","2015-08-26","2015-09-29",,"SERC_015.E.20150825","oRHnGosYO5NZrKCHiCE5rxYqktztbAznEx6yuCBjGJ0=","invert bycatch",,,,,,,,,,"wYCqaZcA+7slXlj5N/mM6vobrh4QDptp",
"e06b10e1-760a-403a-acf3-e3c73a949117","SERC_015.basePlot.bet","D02","SERC","SERC_015","E","2015-08-11","2015-08-25","2015-08-26","2015-09-29",,"SERC_015.E.20150825","oRHnGosYO5NZrKCHiCE5rxYqktztbAznWbYKrtjLzXo=","invert bycatch",,,,,,,,,,"wYCqaZcA+7slXlj5N/mM6vobrh4QDptp",
"32b1c1c9-7a89-4335-97ea-a497384c0524","SERC_021.basePlot.bet","D02","SERC","SERC_021","E","2015-08-11","2015-08-25","2015-08-26","2015-09-29","2015-09-29","SERC_021.E.20150825","abrvHFi/544rIYvVrnVG5gWeZN8PnbxC6h7wcGgPk7k=","carabid","PTESTY","Pterostichus stygicus","species",,"Say",,1,"Bousquet, Y. 2010b. Illustrated Identification Guide to Adults and Larvae of Northeastern North American Ground Beetles (Coleoptera: Carabidae). 1st Ed. Pensoft Publishers, Sofia, Bulgaria.","wYCqaZcA+7slXlj5N/mM6vobrh4QDptp","wYCqaZcA+7slXlj5N/mM6vobrh4QDptp",
"2c022a76-c29a-4060-9067-b29999a0b7ef","SERC_002.basePlot.bet","D02","SERC","SERC_002","E","2015-08-11","2015-08-25","2015-08-26","2015-09-29","2015-09-29","SERC_002.E.20150825","YcnMnCZo63n4X9d+wTtLlDG8ZaO27g4xIetzFd3E0+w=","carabid","CHLAES","Chlaenius aestivus","species",,"Say",,5,"Ciegler, J. C. 2000. Ground beetles and wrinkled bark beetles of South Carolina (Coleoptera: Geadephaga: Carabidae and Rhysodidae). Biota of South Carolina. Vol. 1. Clemson, S. Clemson University.","wYCqaZcA+7slXlj5N/mM6vobrh4QDptp","wYCqaZcA+7slXlj5N/mM6vobrh4QDptp",
"fd166c17-3d6b-4eda-ba1c-cb10fc2375bc","SERC_002.basePlot.bet","D02","SERC","SERC_002","E","2015-08-11","2015-08-25","2015-08-26","2015-09-29",,"SERC_002.E.20150825","YcnMnCZo63n4X9d+wTtLlObeiBk/VpQ1eZxkpiaEH2c=","invert bycatch",,,,,,,,,,"wYCqaZcA+7slXlj5N/mM6vobrh4QDptp",
"65042e0b-9eed-4296-8831-b7aa161b725a","SERC_016.basePlot.bet","D02","SERC","SERC_016","E","2015-08-11","2015-08-25","2015-08-26","2015-09-29",,"SERC_016.E.20150825","YVGGTAS4Nw9I7wcGu/Kj827lgQb8Od8CXzmwpS+ZxVk=","invert bycatch",,,,,,,,,,"wYCqaZcA+7slXlj5N/mM6vobrh4QDptp",
"db4ea595-ba1b-4e41-9876-ea730d29ff4a","SERC_016.basePlot.bet","D02","SERC","SERC_016","E","2015-08-11","2015-08-25","2015-08-26","2015-09-29","2015-09-29","SERC_016.E.20150825","YVGGTAS4Nw9I7wcGu/Kj8zHJnrToL1w009ee3HzTL8c=","carabid","CARVIN","Carabus vinctus","species",,"Weber",,1,"Ciegler, J. C. 2000. Ground beetles and wrinkled bark beetles of South Carolina (Coleoptera: Geadephaga: Carabidae and Rhysodidae). Biota of South Carolina. Vol. 1. Clemson, S. Clemson University.","wYCqaZcA+7slXlj5N/mM6vobrh4QDptp","wYCqaZcA+7slXlj5N/mM6vobrh4QDptp",
"e2f88c10-5ede-443b-bb32-315b6cb299c4","SERC_021.basePlot.bet","D02","SERC","SERC_021","E","2015-08-11","2015-08-25","2015-08-26","2015-09-29",,"SERC_021.E.20150825","abrvHFi/544rIYvVrnVG5i8qmTIw/HcdQlOnLvDU7EY=","invert bycatch",,,,,,,,,,"wYCqaZcA+7slXlj5N/mM6vobrh4QDptp",
"32de8845-25b9-4586-9e9c-9f141b752784","SERC_007.basePlot.bet","D02","SERC","SERC_007","E","2015-08-11","2015-08-25","2015-08-26","2015-09-29","2015-09-29","SERC_007.E.20150825","VuceAg7yVydSuT/FC6hzokViflntkPzfgQAPvUZOPyg=","carabid","SCASUB2","Scarites subterraneus","species",,"Fabricius",,2,"Other","wYCqaZcA+7slXlj5N/mM6vobrh4QDptp","wYCqaZcA+7slXlj5N/mM6vobrh4QDptp",
"978815d3-9620-4d43-b8fb-61b9139b7ac3","SERC_007.basePlot.bet","D02","SERC","SERC_007","E","2015-08-11","2015-08-25","2015-08-26","2015-09-29",,"SERC_007.E.20150825","VuceAg7yVydSuT/FC6hzoqpHxKLRR0TIyRPAhRZ6b5k=","invert bycatch",,,,,,,,,,"wYCqaZcA+7slXlj5N/mM6vobrh4QDptp",
"08d4c51a-5218-4de4-b31e-802938cd3724","SERC_003.basePlot.bet","D02","SERC","SERC_003","N","2015-08-11","2015-08-25","2015-08-26","2015-09-29","2015-09-29","SERC_003.N.20150825","CC7oYVgiCpCG6sExBGzz/AO/jjH5us5ZQv/uaDxB2mI=","carabid","CYCSIG","Cyclotrachelus sigillatus","species",,"Say",,1,"Freitag, R. 1969. A revision of the species of the genus Evarthrus LeConte. Quaestiones Entomologicae 5:89-212.","wYCqaZcA+7slXlj5N/mM6vobrh4QDptp","wYCqaZcA+7slXlj5N/mM6vobrh4QDptp",
"daf72f61-3b64-4328-ae45-314705eae76b","SERC_007.basePlot.bet","D02","SERC","SERC_007","N","2015-08-11","2015-08-25","2015-08-26","2015-09-29","2015-09-29","SERC_007.N.20150825","VuceAg7yVyd8iwrZjSXXrZJ6bica4tm0JWoGKopuPvI=","carabid","SCASUB2","Scarites subterraneus","species",,"Fabricius",,5,"Other","wYCqaZcA+7slXlj5N/mM6vobrh4QDptp","wYCqaZcA+7slXlj5N/mM6vobrh4QDptp",
"b9004cab-6eb4-4d8d-a483-c4ba0765555a","SERC_021.basePlot.bet","D02","SERC","SERC_021","N","2015-08-11","2015-08-25","2015-08-26","2015-09-29","2015-09-29","SERC_021.N.20150825","abrvHFi/547quzRJ4XXPwPl4/o3hIhsGI8uGrHv7KhA=","carabid","CHLAES","Chlaenius aestivus","species",,"Say",,1,"Ciegler, J. C. 2000. Ground beetles and wrinkled bark beetles of South Carolina (Coleoptera: Geadephaga: Carabidae and Rhysodidae). Biota of South Carolina. Vol. 1. Clemson, S. Clemson University.","wYCqaZcA+7slXlj5N/mM6vobrh4QDptp","wYCqaZcA+7slXlj5N/mM6vobrh4QDptp",
"2852c156-650e-4ee7-aa07-4d22825173ed","SERC_015.basePlot.bet","D02","SERC","SERC_015","N","2015-08-11","2015-08-25","2015-08-26","2015-09-29",,"SERC_015.N.20150825","oRHnGosYO5NlS7xve2attuxahrvnfHXsEq6/B3ExgfY=","invert bycatch",,,,,,,,,,"wYCqaZcA+7slXlj5N/mM6vobrh4QDptp",
"a7e3163a-f291-4160-8ce5-fb60f4b3945c","SERC_001.basePlot.bet","D02","SERC","SERC_001","N","2015-08-11","2015-08-25","2015-08-26","2015-09-29",,"SERC_001.N.20150825","UaGVcrvVzDP2WW+JNy3ovfdBXrcrr/tVzkbdOonvwi0=","invert bycatch",,,,,,,,,,"wYCqaZcA+7slXlj5N/mM6vobrh4QDptp",
"5fba5f70-fffc-42fd-88ae-a0d55477c31c","SERC_006.basePlot.bet","D02","SERC","SERC_006","N","2015-08-11","2015-08-25","2015-08-26","2015-09-29",,"SERC_006.N.20150825","ulDxSdgiTKJShrRoRejxxsv6qDqj5lCiLT6MHq8Oxc0=","invert bycatch",,,,,,,,,,"wYCqaZcA+7slXlj5N/mM6vobrh4QDptp",
"55cb7250-c3d1-41d8-bcb8-f96486824012","SERC_003.basePlot.bet","D02","SERC","SERC_003","N","2015-08-11","2015-08-25","2015-08-26","2015-09-29","2015-09-29","SERC_003.N.20150825","CC7oYVgiCpCG6sExBGzz/I5IEA9mVkCPmYYiZ01rnqM=","carabid","PTESTY","Pterostichus stygicus","species",,"Say",,1,"Bousquet, Y. 2010b. Illustrated Identification Guide to Adults and Larvae of Northeastern North American Ground Beetles (Coleoptera: Carabidae). 1st Ed. Pensoft Publishers, Sofia, Bulgaria.","wYCqaZcA+7slXlj5N/mM6vobrh4QDptp","wYCqaZcA+7slXlj5N/mM6vobrh4QDptp",
"f476c0b3-6a07-4a82-a2e5-4dc895da2171","SERC_007.basePlot.bet","D02","SERC","SERC_007","N","2015-08-11","2015-08-25","2015-08-26","2015-09-29","2015-09-29","SERC_007.N.20150825","VuceAg7yVyd8iwrZjSXXrWm+JwIV+/fJnj/tkmqhsss=","carabid","POECHA","Poecilus chalcites","species",,"Say",,1,"Ciegler, J. C. 2000. Ground beetles and wrinkled bark beetles of South Carolina (Coleoptera: Geadephaga: Carabidae and Rhysodidae). Biota of South Carolina. Vol. 1. Clemson, S. Clemson University.","wYCqaZcA+7slXlj5N/mM6vobrh4QDptp","wYCqaZcA+7slXlj5N/mM6vobrh4QDptp",
"6be35fdf-3185-4917-9512-97629a0973df","SERC_007.basePlot.bet","D02","SERC","SERC_007","N","2015-08-11","2015-08-25","2015-08-26","2015-09-29",,"SERC_007.N.20150825","VuceAg7yVyd8iwrZjSXXrXPIo+2bHWfz3e2ctPpZpKg=","invert bycatch",,,,,,,,,,"wYCqaZcA+7slXlj5N/mM6vobrh4QDptp",
"fc4c893b-73b0-4934-a41a-17f901a6d942","SERC_007.basePlot.bet","D02","SERC","SERC_007","N","2015-08-11","2015-08-25","2015-08-26","2015-09-29",,"SERC_007.N.20150825","VuceAg7yVyd8iwrZjSXXrXPIo+2bHWfzfre1DeAkBVc=","invert bycatch",,,,,,,,,,"wYCqaZcA+7slXlj5N/mM6vobrh4QDptp",
"935a571e-3304-44b0-aa3c-2e39844360c6","SERC_001.basePlot.bet","D02","SERC","SERC_001","N","2015-08-11","2015-08-25","2015-08-26","2015-09-29",,"SERC_001.N.20150825","UaGVcrvVzDP2WW+JNy3ovfdBXrcrr/tVBo/Tg2BKVkQ=","invert bycatch",,,,,,,,,,"wYCqaZcA+7slXlj5N/mM6vobrh4QDptp",
"3927eb73-ad0c-4987-b79c-edb59c516eb7","SERC_001.basePlot.bet","D02","SERC","SERC_001","N","2015-08-11","2015-08-25","2015-08-26","2015-09-29","2015-09-29","SERC_001.N.20150825","UaGVcrvVzDP2WW+JNy3ova01we0tlpdAdquoZwATB/Q=","carabid","CHLAES","Chlaenius aestivus","species",,"Say",,2,"Ciegler, J. C. 2000. Ground beetles and wrinkled bark beetles of South Carolina (Coleoptera: Geadephaga: Carabidae and Rhysodidae). Biota of South Carolina. Vol. 1. Clemson, S. Clemson University.","wYCqaZcA+7slXlj5N/mM6vobrh4QDptp","wYCqaZcA+7slXlj5N/mM6vobrh4QDptp",
"b2d53bde-3d8f-4508-9bfb-f23ccea0224d","SERC_003.basePlot.bet","D02","SERC","SERC_003","N","2015-08-11","2015-08-25","2015-08-26","2015-09-29",,"SERC_003.N.20150825","CC7oYVgiCpCG6sExBGzz/GknMW7uRg6zcsi/b4JR3NQ=","invert bycatch",,,,,,,,,,"wYCqaZcA+7slXlj5N/mM6vobrh4QDptp",
"d35d48fa-e22d-4db3-814a-b1ed10f0a6c1","SERC_009.basePlot.bet","D02","SERC","SERC_009","N","2015-08-11","2015-08-25","2015-08-26","2015-09-29","2015-09-29","SERC_009.N.20150825","tTNfz4yHzdkwSEnQtNH8bcSLNRNHFBm9RMrOsjyVKNs=","carabid","PTESTY","Pterostichus stygicus","species",,"Say",,1,"Bousquet, Y. 2010b. Illustrated Identification Guide to Adults and Larvae of Northeastern North American Ground Beetles (Coleoptera: Carabidae). 1st Ed. Pensoft Publishers, Sofia, Bulgaria.","wYCqaZcA+7slXlj5N/mM6vobrh4QDptp","wYCqaZcA+7slXlj5N/mM6vobrh4QDptp",
"47bd4937-6eef-42c9-9ecd-18a83b645f9c","SERC_009.basePlot.bet","D02","SERC","SERC_009","N","2015-08-11","2015-08-25","2015-08-26","2015-09-29",,"SERC_009.N.20150825","tTNfz4yHzdkwSEnQtNH8bR0gh+Dmu+5m3FRaEKnE5Kw=","invert bycatch",,,,,,,,,,"wYCqaZcA+7slXlj5N/mM6vobrh4QDptp",
"f37a0097-329c-47ad-a962-aad3ea1a8f59","SERC_003.basePlot.bet","D02","SERC","SERC_003","N","2015-08-11","2015-08-25","2015-08-26","2015-09-29","2015-11-30","SERC_003.N.20150825","CC7oYVgiCpCG6sExBGzz/OkQ5v/T10FlCw8T6RodHt0=","carabid","BRAALT","Brachinus alternans","species",,"Dejean",,1,"Erwin, T. L. 1970a. A Reclassification of Bombardier Beetles and a Taxonomic Revision of the North and Middle American Species (Carabidae: Brachinida). Quaestiones Entomologicae 6:4-215.","wYCqaZcA+7slXlj5N/mM6vobrh4QDptp","wYCqaZcA+7slXlj5N/mM6vobrh4QDptp",
"615506ae-f25c-45e3-8e48-b236df4bb99c","SERC_006.basePlot.bet","D02","SERC","SERC_006","N","2015-08-11","2015-08-25","2015-08-26","2015-09-29","2015-09-29","SERC_006.N.20150825","ulDxSdgiTKJShrRoRejxxkd5rZlCwuvLSg/bUvWPK34=","carabid","CHLAES","Chlaenius aestivus","species",,"Say",,1,"Ciegler, J. C. 2000. Ground beetles and wrinkled bark beetles of South Carolina (Coleoptera: Geadephaga: Carabidae and Rhysodidae). Biota of South Carolina. Vol. 1. Clemson, S. Clemson University.","wYCqaZcA+7slXlj5N/mM6vobrh4QDptp","wYCqaZcA+7slXlj5N/mM6vobrh4QDptp",
"92918e7b-0c23-4c23-b359-533143e23c5b","SERC_002.basePlot.bet","D02","SERC","SERC_002","N","2015-08-11","2015-08-25","2015-08-26","2015-09-29",,"SERC_002.N.20150825","YcnMnCZo63lrLwHfMM6HvQCSH/b5DKD7w+dRefQIKKc=","invert bycatch",,,,,,,,,,"wYCqaZcA+7slXlj5N/mM6vobrh4QDptp",
"9bca30f9-ad0a-41ca-b72a-4d6710630ab3","SERC_010.basePlot.bet","D02","SERC","SERC_010","N","2015-08-11","2015-08-25","2015-08-26","2015-09-29",,"SERC_010.N.20150825","zJWEWmQZoMOE5uQVqsDQWgbroeuFzahmicKtGvF/Mmg=","invert bycatch",,,,,,,,,,"wYCqaZcA+7slXlj5N/mM6vobrh4QDptp",
"8a01169b-1c66-49e8-9341-0a5bc247ec1e","SERC_016.basePlot.bet","D02","SERC","SERC_016","N","2015-08-11","2015-08-25","2015-08-26","2015-09-29",,"SERC_016.N.20150825","YVGGTAS4Nw9Xozif4tWppq29YOWtQK2Ywm+3R/kUl6k=","invert bycatch",,,,,,,,,,"wYCqaZcA+7slXlj5N/mM6vobrh4QDptp",
"9dafcb1d-3138-4612-9865-75bedefb737b","SERC_021.basePlot.bet","D02","SERC","SERC_021","N","2015-08-11","2015-08-25","2015-08-26","2015-09-29",,"SERC_021.N.20150825","abrvHFi/547quzRJ4XXPwD+X88y3+2zoMfpd02GWmh8=","invert bycatch",,,,,,,,,,"wYCqaZcA+7slXlj5N/mM6vobrh4QDptp",
"66fd2d5b-1211-460c-bafb-63fc11211afb","SERC_015.basePlot.bet","D02","SERC","SERC_015","N","2015-08-11","2015-08-25","2015-08-26","2015-09-29",,"SERC_015.N.20150825","oRHnGosYO5NlS7xve2attuxahrvnfHXs7hLspkWV+d4=","invert bycatch",,,,,,,,,,"wYCqaZcA+7slXlj5N/mM6vobrh4QDptp",
"f0f3267c-5b36-4f74-934e-ca7bc565b055","SERC_021.basePlot.bet","D02","SERC","SERC_021","N","2015-08-11","2015-08-25","2015-08-26","2015-09-29","2015-09-29","SERC_021.N.20150825","abrvHFi/547quzRJ4XXPwM88t3eylubvdKe7WNkFlL4=","carabid","PTESTY","Pterostichus stygicus","species",,"Say",,1,"Bousquet, Y. 2010b. Illustrated Identification Guide to Adults and Larvae of Northeastern North American Ground Beetles (Coleoptera: Carabidae). 1st Ed. Pensoft Publishers, Sofia, Bulgaria.","wYCqaZcA+7slXlj5N/mM6vobrh4QDptp","wYCqaZcA+7slXlj5N/mM6vobrh4QDptp",
"1b1522e3-e0ed-41e4-878e-7bc44bf7798d","SERC_007.basePlot.bet","D02","SERC","SERC_007","S","2015-08-11","2015-08-25","2015-08-26","2015-09-29",,"SERC_007.S.20150825","VuceAg7yVycbihe2x8O8rMEL+pjFNfIR6HxpNfzpkLc=","invert bycatch",,,,,,,,,,"wYCqaZcA+7slXlj5N/mM6vobrh4QDptp",
"d4bc03b6-5817-4a77-b713-9e185e4d19dc","SERC_007.basePlot.bet","D02","SERC","SERC_007","S","2015-08-11","2015-08-25","2015-08-26","2015-09-29",,"SERC_007.S.20150825","VuceAg7yVycbihe2x8O8rMEL+pjFNfIRvqS3mbbypuU=","invert bycatch",,,,,,,,,,"wYCqaZcA+7slXlj5N/mM6vobrh4QDptp",
"18db72b8-55c7-4652-a6bc-3597cb8c1868","SERC_007.basePlot.bet","D02","SERC","SERC_007","S","2015-08-11","2015-08-25","2015-08-26","2015-09-29","2015-09-29","SERC_007.S.20150825","VuceAg7yVycbihe2x8O8rNldarNsk76grwQ/q0QLq7Y=","carabid","POECHA","Poecilus chalcites","species",,"Say",,4,"Ciegler, J. C. 2000. Ground beetles and wrinkled bark beetles of South Carolina (Coleoptera: Geadephaga: Carabidae and Rhysodidae). Biota of South Carolina. Vol. 1. Clemson, S. Clemson University.","wYCqaZcA+7slXlj5N/mM6vobrh4QDptp","wYCqaZcA+7slXlj5N/mM6vobrh4QDptp",
"d536bf58-01a9-4673-b1f7-79d7c4032988","SERC_007.basePlot.bet","D02","SERC","SERC_007","S","2015-08-11","2015-08-25","2015-08-26","2015-09-29","2015-09-29","SERC_007.S.20150825","VuceAg7yVycbihe2x8O8rDGxbxErzHA7LUxXS6O4Jas=","carabid","CYCSIG","Cyclotrachelus sigillatus","species",,"Say",,4,"Freitag, R. 1969. A revision of the species of the genus Evarthrus LeConte. Quaestiones Entomologicae 5:89-212.","wYCqaZcA+7slXlj5N/mM6vobrh4QDptp","wYCqaZcA+7slXlj5N/mM6vobrh4QDptp",
"674b0ed8-1fbd-46ae-b5e1-830dd590e2ff","SERC_003.basePlot.bet","D02","SERC","SERC_003","S","2015-08-11","2015-08-25","2015-08-26","2015-09-29",,"SERC_003.S.20150825","CC7oYVgiCpCbybsEGlEH1onyIfnmC7T11orkIBk+dso=","invert bycatch",,,,,,,,,,"wYCqaZcA+7slXlj5N/mM6vobrh4QDptp",
"a309402c-a778-4387-bc03-c0e54df1e465","SERC_009.basePlot.bet","D02","SERC","SERC_009","S","2015-08-11","2015-08-25","2015-08-26","2015-09-29","2015-09-29","SERC_009.S.20150825","tTNfz4yHzdmJFQIid5wgziJLfMtnf86PESumUUQeNkI=","carabid","PTESTY","Pterostichus stygicus","species",,"Say",,4,"Bousquet, Y. 2010b. Illustrated Identification Guide to Adults and Larvae of Northeastern North American Ground Beetles (Coleoptera: Carabidae). 1st Ed. Pensoft Publishers, Sofia, Bulgaria.","wYCqaZcA+7slXlj5N/mM6vobrh4QDptp","wYCqaZcA+7slXlj5N/mM6vobrh4QDptp",
"42b93520-ac0b-4d22-9bd1-e24c80b878fe","SERC_009.basePlot.bet","D02","SERC","SERC_009","S","2015-08-11","2015-08-25","2015-08-26","2015-09-29","2015-09-29","SERC_009.S.20150825","tTNfz4yHzdmJFQIid5wgzvx7j85wsqi38H/i7VumPxo=","carabid","CHLAES","Chlaenius aestivus","species",,"Say",,1,"Ciegler, J. C. 2000. Ground beetles and wrinkled bark beetles of South Carolina (Coleoptera: Geadephaga: Carabidae and Rhysodidae). Biota of South Carolina. Vol. 1. Clemson, S. Clemson University.","wYCqaZcA+7slXlj5N/mM6vobrh4QDptp","wYCqaZcA+7slXlj5N/mM6vobrh4QDptp",
"20dfca7e-07a5-4a7d-9600-22f28a759bc7","SERC_010.basePlot.bet","D02","SERC","SERC_010","S","2015-08-11","2015-08-25","2015-08-26","2015-09-29","2015-09-29","SERC_010.S.20150825","zJWEWmQZoMNAenyerOxLOIZoqE/Edg4WhV9WNjLC4UU=","carabid","CARSP14","Carabidae sp.","family",,"Latreille","D02.2015.MorphA",1,"Other","wYCqaZcA+7slXlj5N/mM6vobrh4QDptp","wYCqaZcA+7slXlj5N/mM6vobrh4QDptp","Pterostichus subgenus Abacidus. Doesn't key to any described species- prosternal process margined, ultimate tarsomeres glabrous, pronotal margin distinct to base, aedeagus simple."
"4cb19246-679c-4678-9dfc-1e9a3bf18e5f","SERC_010.basePlot.bet","D02","SERC","SERC_010","S","2015-08-11","2015-08-25","2015-08-26","2015-09-29",,"SERC_010.S.20150825","zJWEWmQZoMNAenyerOxLOOpKNsxb6SIXR5ko+//aDpU=","invert bycatch",,,,,,,,,,"wYCqaZcA+7slXlj5N/mM6vobrh4QDptp",
"51392ea8-9525-434b-b7c6-09e53ee11a00","SERC_006.basePlot.bet","D02","SERC","SERC_006","S","2015-08-11","2015-08-25","2015-08-26","2015-09-29","2015-09-29","SERC_006.S.20150825","ulDxSdgiTKIzGwTPWdjoLKGezpqYqEzI3RPOR/G65v8=","carabid","CARSP14","Carabidae sp.","family",,"Latreille","D02.2015.MorphA",3,"Other","wYCqaZcA+7slXlj5N/mM6vobrh4QDptp","wYCqaZcA+7slXlj5N/mM6vobrh4QDptp","Pterostichus subgenus Abacidus. Doesn't key to any described species- prosternal process margined, ultimate tarsomeres glabrous, pronotal margin distinct to base, aedeagus simple."
"27c9754c-1bc7-4d88-8538-888b9c90798f","SERC_006.basePlot.bet","D02","SERC","SERC_006","S","2015-08-11","2015-08-25","2015-08-26","2015-09-29","2015-09-29","SERC_006.S.20150825","ulDxSdgiTKIzGwTPWdjoLDN+EKW6zaVNgloVZD8PANM=","carabid","CYCSIG","Cyclotrachelus sigillatus","species",,"Say",,1,"Freitag, R. 1969. A revision of the species of the genus Evarthrus LeConte. Quaestiones Entomologicae 5:89-212.","wYCqaZcA+7slXlj5N/mM6vobrh4QDptp","wYCqaZcA+7slXlj5N/mM6vobrh4QDptp",
"bdf37e0d-8e25-4346-9472-fc39f37e8618","SERC_002.basePlot.bet","D02","SERC","SERC_002","S","2015-08-11","2015-08-25","2015-08-26","2015-09-29",,"SERC_002.S.20150825","YcnMnCZo63lkDrP/fuO0GdYQ2rL1Qp6V666NOTlSzJQ=","invert bycatch",,,,,,,,,,"wYCqaZcA+7slXlj5N/mM6vobrh4QDptp",
