uid,namedLocation,domainID,siteID,plotID,setDate,collectDate,identifiedDate,individualID,taxonID,kingdom,phylum,class,order,family,subfamily,tribe,genus,subgenus,specificEpithet,infraspecificEpithet,scientificName,scientificNameAuthorship,taxonRank,identificationQualifier,sex,morphospeciesID,identificationReferences,identifiedBy,laboratoryName,identificationRemarks,sampleCondition,dnaBarcoded,geneticSampleID,remarks
"73c9ea4e-d88d-4d32-9427-2dbdabedfc60","SERC_003.basePlot.bet","D02","SERC","SERC_003","2015-07-28","2015-08-11","2016-11-17","NEON.BET.D02.001751","DICDIL1","Animalia","Arthropoda","Insecta","Coleoptera","Carabidae","Harpalinae","Licinini","Dicaelus","Paradicaelus","dilatatus","dilatatus","Dicaelus dilatatus dilatatus","Say","subspecies",,"F",,"Ball, G. E. 1959. A taxonomic study of the North American Licinini with notes on the Old World species of the genus Diplocheila BrullÃ© (Coleoptera). Memoirs of the American Entomological Society No. 16.","Robert L. Davidson","Carnegie Museum of Invertebrate Zoology",,"No known compromise","N",,
"ffc71038-289f-4336-ab38-f2e11c69d94a","SERC_003.basePlot.bet","D02","SERC","SERC_003","2015-07-28","2015-08-11","2016-11-17","NEON.BET.D02.001785","DICFUR2","Animalia","Arthropoda","Insecta","Coleoptera","Carabidae","Harpalinae","Licinini","Dicaelus","Paradicaelus","furvus","furvus","Dicaelus furvus furvus","Dejean","subspecies",,"F",,"Ball, G. E. 1959. A taxonomic study of the North American Licinini with notes on the Old World species of the genus Diplocheila BrullÃ© (Coleoptera). Memoirs of the American Entomological Society No. 16.","Robert L. Davidson","Carnegie Museum of Invertebrate Zoology",,"No known compromise","N",,
"e252c5c5-8834-4070-99f0-4f6f6b209641","SERC_006.basePlot.bet","D02","SERC","SERC_006","2015-07-28","2015-08-11","2016-11-17","NEON.BET.D02.001790","DICFUR2","Animalia","Arthropoda","Insecta","Coleoptera","Carabidae","Harpalinae","Licinini","Dicaelus","Paradicaelus","furvus","furvus","Dicaelus furvus furvus","Dejean","subspecies",,"F",,"Ball, G. E. 1959. A taxonomic study of the North American Licinini with notes on the Old World species of the genus Diplocheila BrullÃ© (Coleoptera). Memoirs of the American Entomological Society No. 16.","Robert L. Davidson","Carnegie Museum of Invertebrate Zoology",,"No known compromise","N",,
"8d657e92-68d0-48cf-a632-a69fa2b0d2bb","SERC_006.basePlot.bet","D02","SERC","SERC_006","2015-07-28","2015-08-11","2016-11-17","NEON.BET.D02.001789","DICFUR2","Animalia","Arthropoda","Insecta","Coleoptera","Carabidae","Harpalinae","Licinini","Dicaelus","Paradicaelus","furvus","furvus","Dicaelus furvus furvus","Dejean","subspecies",,"M",,"Ball, G. E. 1959. A taxonomic study of the North American Licinini with notes on the Old World species of the genus Diplocheila BrullÃ© (Coleoptera). Memoirs of the American Entomological Society No. 16.","Robert L. Davidson","Carnegie Museum of Invertebrate Zoology",,"No known compromise","N",,
"eafbbe78-ba5f-462f-b7de-24653ab59b6b","SERC_006.basePlot.bet","D02","SERC","SERC_006","2015-07-28","2015-08-11","2016-11-17","NEON.BET.D02.001787","DICFUR2","Animalia","Arthropoda","Insecta","Coleoptera","Carabidae","Harpalinae","Licinini","Dicaelus","Paradicaelus","furvus","furvus","Dicaelus furvus furvus","Dejean","subspecies",,"M",,"Ball, G. E. 1959. A taxonomic study of the North American Licinini with notes on the Old World species of the genus Diplocheila BrullÃ© (Coleoptera). Memoirs of the American Entomological Society No. 16.","Robert L. Davidson","Carnegie Museum of Invertebrate Zoology",,"No known compromise","N",,
"ec7bb548-1931-4546-9154-61032e25754e","SERC_006.basePlot.bet","D02","SERC","SERC_006","2015-07-28","2015-08-11","2016-11-17","NEON.BET.D02.001788","DICFUR2","Animalia","Arthropoda","Insecta","Coleoptera","Carabidae","Harpalinae","Licinini","Dicaelus","Paradicaelus","furvus","furvus","Dicaelus furvus furvus","Dejean","subspecies",,"F",,"Ball, G. E. 1959. A taxonomic study of the North American Licinini with notes on the Old World species of the genus Diplocheila BrullÃ© (Coleoptera). Memoirs of the American Entomological Society No. 16.","Robert L. Davidson","Carnegie Museum of Invertebrate Zoology",,"No known compromise","N",,
"0e11852f-4e86-4dfd-bae9-aab5217e9696","SERC_002.basePlot.bet","D02","SERC","SERC_002","2015-07-28","2015-08-11","2016-11-17","NEON.BET.D02.001786","DICFUR2","Animalia","Arthropoda","Insecta","Coleoptera","Carabidae","Harpalinae","Licinini","Dicaelus","Paradicaelus","furvus","furvus","Dicaelus furvus furvus","Dejean","subspecies",,"M",,"Ball, G. E. 1959. A taxonomic study of the North American Licinini with notes on the Old World species of the genus Diplocheila BrullÃ© (Coleoptera). Memoirs of the American Entomological Society No. 16.","Robert L. Davidson","Carnegie Museum of Invertebrate Zoology",,"No known compromise","N",,
"de5c7e44-9343-4c6e-ba4a-462d78c3ef29","SERC_007.basePlot.bet","D02","SERC","SERC_007","2015-07-28","2015-08-11","2016-12-12","NEON.BET.D02.001843","ANIRUS","Animalia","Arthropoda","Insecta","Coleoptera","Carabidae","Harpalinae","Harpalini","Anisodactylus","Gynandrotarsus","rusticus",,"Anisodactylus rusticus","Say","species",,"M",,"Noonan, G. R. 1973. The Anisodactylines (Insecta: Coleoptera: Carabidae: Harpalini): classification, evolution and zoogeography. Quaestiones Entomologicae 9:266-480.","Robert L. Davidson","Carnegie Museum of Invertebrate Zoology",,"No known compromise","N",,"immature"
"34652e27-469d-44aa-bafd-4132ae5fe8be","SERC_007.basePlot.bet","D02","SERC","SERC_007","2015-07-28","2015-08-11","2016-12-12","NEON.BET.D02.001842","ANIRUS","Animalia","Arthropoda","Insecta","Coleoptera","Carabidae","Harpalinae","Harpalini","Anisodactylus","Gynandrotarsus","rusticus",,"Anisodactylus rusticus","Say","species",,"F",,"Noonan, G. R. 1973. The Anisodactylines (Insecta: Coleoptera: Carabidae: Harpalini): classification, evolution and zoogeography. Quaestiones Entomologicae 9:266-480.","Robert L. Davidson","Carnegie Museum of Invertebrate Zoology",,"No known compromise","N",,
"33578423-6fae-4cad-b371-467535b2ffbe","SERC_007.basePlot.bet","D02","SERC","SERC_007","2015-07-28","2015-08-11","2016-12-12","NEON.BET.D02.001840","ANIRUS","Animalia","Arthropoda","Insecta","Coleoptera","Carabidae","Harpalinae","Harpalini","Anisodactylus","Gynandrotarsus","rusticus",,"Anisodactylus rusticus","Say","species",,"M",,"Noonan, G. R. 1973. The Anisodactylines (Insecta: Coleoptera: Carabidae: Harpalini): classification, evolution and zoogeography. Quaestiones Entomologicae 9:266-480.","Robert L. Davidson","Carnegie Museum of Invertebrate Zoology",,"No known compromise","N",,
"6669131c-e3ef-41ee-8fd6-2cb30205b239","SERC_007.basePlot.bet","D02","SERC","SERC_007","2015-07-28","2015-08-11","2016-12-12","NEON.BET.D02.001841","ANIRUS","Animalia","Arthropoda","Insecta","Coleoptera","Carabidae","Harpalinae","Harpalini","Anisodactylus","Gynandrotarsus","rusticus",,"Anisodactylus rusticus","Say","species",,"F",,"Noonan, G. R. 1973. The Anisodactylines (Insecta: Coleoptera: Carabidae: Harpalini): classification, evolution and zoogeography. Quaestiones Entomologicae 9:266-480.","Robert L. Davidson","Carnegie Museum of Invertebrate Zoology",,"No known compromise","N",,
"e5217eb4-4bfb-4a64-be70-537e170f8435","SERC_003.basePlot.bet","D02","SERC","SERC_003","2015-07-28","2015-08-11","2016-12-12","NEON.BET.D02.001820","ANIMEL","Animalia","Arthropoda","Insecta","Coleoptera","Carabidae","Harpalinae","Harpalini","Anisodactylus","Anisodactylus","melanopus",,"Anisodactylus melanopus","Haldeman","species",,"F",,"Noonan, G. R. 1996. Classification, cladistics and natural history of species of the subgenus Anisodactylus Dejean (Insecta: Coleoptera: Carabidae: Harpalini: Anysoldactylus).","Robert L. Davidson","Carnegie Museum of Invertebrate Zoology",,"No known compromise","N",,
"b86769d8-8948-4edb-87d9-3162a84e960d","SERC_007.basePlot.bet","D02","SERC","SERC_007","2015-07-28","2015-08-11","2016-12-13","NEON.BET.D02.001900","AGOROT1","Animalia","Arthropoda","Insecta","Coleoptera","Carabidae","Harpalinae","Harpalini","Agonoleptus",,"rotundatus",,"Agonoleptus rotundatus","LeConte","species",,"F",,"Bousquet, Y., and P. W. Messer. 2010. Redescription of Stenolophus thoracicus Casey (Coleoptera, Carabidae, Harpalini), a valid species. ZooKeys 53:25-31.","Robert L. Davidson","Carnegie Museum of Invertebrate Zoology",,"No known compromise","N",,"immature"
"c506de8a-0bb5-47a2-ae2c-c91c04cf92d2","SERC_007.basePlot.bet","D02","SERC","SERC_007","2015-07-28","2015-08-11","2016-12-14","NEON.BET.D02.001902","ACUIND","Animalia","Arthropoda","Insecta","Coleoptera","Carabidae","Harpalinae","Harpalini","Acupalpus","Tachistodes","indistinctus",,"Acupalpus indistinctus","Dejean","species",,"F",,"Lindroth, C. H. 1969. The ground-beetles (Carabidae, excl. Cicindelinae) of Canada and Alaska, parts 1-6. Opuscula E. Entomoligiska Sallskapet.","Robert L. Davidson","Carnegie Museum of Invertebrate Zoology",,"No known compromise","N",,
"1414c158-66f6-409e-b8f5-67e79d44d67d","SERC_007.basePlot.bet","D02","SERC","SERC_007","2015-07-28","2015-08-11","2016-12-16","NEON.BET.D02.001925","HARPEN","Animalia","Arthropoda","Insecta","Coleoptera","Carabidae","Harpalinae","Harpalini","Harpalus","Pseudoophonus","pensylvanicus",,"Harpalus pensylvanicus","DeGeer","species",,"F",,"Ball, G. E., and J. N. Anderson. 1962. The taxonomy and speciation of Pseudophonus (a subgenus of Harpalus: Haralini: Carabidae, known to occur in North America). The Catholic University of America Press, Washington 17, D. C.","Robert L. Davidson","Carnegie Museum of Invertebrate Zoology",,"No known compromise","N",,
"c5088973-179e-4a71-af7e-c93f73712f82","SERC_007.basePlot.bet","D02","SERC","SERC_007","2015-07-28","2015-08-11","2016-12-14","NEON.BET.D02.001904","ACUTES","Animalia","Arthropoda","Insecta","Coleoptera","Carabidae","Harpalinae","Harpalini","Acupalpus","Tachistodes","testaceus",,"Acupalpus testaceus","Dejean","species",,"F",,"Lindroth, C. H. 1969. The ground-beetles (Carabidae, excl. Cicindelinae) of Canada and Alaska, parts 1-6. Opuscula E. Entomoligiska Sallskapet.","Robert L. Davidson","Carnegie Museum of Invertebrate Zoology",,"No known compromise","N",,
"c66d09cf-ba65-494f-8c43-07a45f64df3b","SERC_007.basePlot.bet","D02","SERC","SERC_007","2015-07-28","2015-08-11","2016-12-16","NEON.BET.D02.001924","HARPEN","Animalia","Arthropoda","Insecta","Coleoptera","Carabidae","Harpalinae","Harpalini","Harpalus","Pseudoophonus","pensylvanicus",,"Harpalus pensylvanicus","DeGeer","species",,"F",,"Ball, G. E., and J. N. Anderson. 1962. The taxonomy and speciation of Pseudophonus (a subgenus of Harpalus: Haralini: Carabidae, known to occur in North America). The Catholic University of America Press, Washington 17, D. C.","Robert L. Davidson","Carnegie Museum of Invertebrate Zoology",,"No known compromise","N",,
"e0b59b00-2933-4f30-8d64-a8b12c5f4d96","SERC_007.basePlot.bet","D02","SERC","SERC_007","2015-07-28","2015-08-11","2016-12-14","NEON.BET.D02.001905","ACUTES","Animalia","Arthropoda","Insecta","Coleoptera","Carabidae","Harpalinae","Harpalini","Acupalpus","Tachistodes","testaceus",,"Acupalpus testaceus","Dejean","species",,"F",,"Lindroth, C. H. 1969. The ground-beetles (Carabidae, excl. Cicindelinae) of Canada and Alaska, parts 1-6. Opuscula E. Entomoligiska Sallskapet.","Robert L. Davidson","Carnegie Museum of Invertebrate Zoology",,"No known compromise","N",,
"37ef00e3-f309-4604-8335-37959141c76b","SERC_007.basePlot.bet","D02","SERC","SERC_007","2015-07-28","2015-08-11","2016-12-16","NEON.BET.D02.001926","HARPEN","Animalia","Arthropoda","Insecta","Coleoptera","Carabidae","Harpalinae","Harpalini","Harpalus","Pseudoophonus","pensylvanicus",,"Harpalus pensylvanicus","DeGeer","species",,"F",,"Ball, G. E., and J. N. Anderson. 1962. The taxonomy and speciation of Pseudophonus (a subgenus of Harpalus: Haralini: Carabidae, known to occur in North America). The Catholic University of America Press, Washington 17, D. C.","Robert L. Davidson","Carnegie Museum of Invertebrate Zoology",,"No known compromise","N",,
"cfeeb14d-deb2-49b7-965f-28a937f180d3","SERC_003.basePlot.bet","D02","SERC","SERC_003","2015-07-28","2015-08-11","2016-12-16","NEON.BET.D02.001928","HARPEN","Animalia","Arthropoda","Insecta","Coleoptera","Carabidae","Harpalinae","Harpalini","Harpalus","Pseudoophonus","pensylvanicus",,"Harpalus pensylvanicus","DeGeer","species",,"M",,"Ball, G. E., and J. N. Anderson. 1962. The taxonomy and speciation of Pseudophonus (a subgenus of Harpalus: Haralini: Carabidae, known to occur in North America). The Catholic University of America Press, Washington 17, D. C.","Robert L. Davidson","Carnegie Museum of Invertebrate Zoology",,"No known compromise","N",,
"18c03496-5de2-4356-b127-bbe6150b397b","SERC_003.basePlot.bet","D02","SERC","SERC_003","2015-07-28","2015-08-11","2016-12-16","NEON.BET.D02.001929","HARPEN","Animalia","Arthropoda","Insecta","Coleoptera","Carabidae","Harpalinae","Harpalini","Harpalus","Pseudoophonus","pensylvanicus",,"Harpalus pensylvanicus","DeGeer","species",,"F",,"Ball, G. E., and J. N. Anderson. 1962. The taxonomy and speciation of Pseudophonus (a subgenus of Harpalus: Haralini: Carabidae, known to occur in North America). The Catholic University of America Press, Washington 17, D. C.","Robert L. Davidson","Carnegie Museum of Invertebrate Zoology",,"No known compromise","N",,
"dd11e282-0991-467d-9040-0cfbb1f00c6a","SERC_003.basePlot.bet","D02","SERC","SERC_003","2015-07-28","2015-08-11","2016-12-16","NEON.BET.D02.001927","HARPEN","Animalia","Arthropoda","Insecta","Coleoptera","Carabidae","Harpalinae","Harpalini","Harpalus","Pseudoophonus","pensylvanicus",,"Harpalus pensylvanicus","DeGeer","species",,"M",,"Ball, G. E., and J. N. Anderson. 1962. The taxonomy and speciation of Pseudophonus (a subgenus of Harpalus: Haralini: Carabidae, known to occur in North America). The Catholic University of America Press, Washington 17, D. C.","Robert L. Davidson","Carnegie Museum of Invertebrate Zoology",,"No known compromise","N",,
"cbcdf964-b81c-4f1e-b4c7-ddae06cfcf01","SERC_003.basePlot.bet","D02","SERC","SERC_003","2015-07-28","2015-08-11","2016-12-16","NEON.BET.D02.001930","HARPEN","Animalia","Arthropoda","Insecta","Coleoptera","Carabidae","Harpalinae","Harpalini","Harpalus","Pseudoophonus","pensylvanicus",,"Harpalus pensylvanicus","DeGeer","species",,"F",,"Ball, G. E., and J. N. Anderson. 1962. The taxonomy and speciation of Pseudophonus (a subgenus of Harpalus: Haralini: Carabidae, known to occur in North America). The Catholic University of America Press, Washington 17, D. C.","Robert L. Davidson","Carnegie Museum of Invertebrate Zoology",,"No known compromise","N",,
"8398c3a1-236e-49b8-8449-d608408e35a0","SERC_007.basePlot.bet","D02","SERC","SERC_007","2015-07-28","2015-08-11","2016-12-15","NEON.BET.D02.001967","AGOOCT","Animalia","Arthropoda","Insecta","Coleoptera","Carabidae","Harpalinae","Platynini","Agonum","Olisares","octopunctatum",,"Agonum octopunctatum","Fabricius","species",,"F",,"Liebherr, J. K. 1994. Identification of new world Agonum , review of the mexican fauna , and description of Incagonum , new genus , from South America (Coleoptera: Carabidae: Platynini). Journal of The New York Entomological Society 102:1-55.","Robert L. Davidson","Carnegie Museum of Invertebrate Zoology",,"No known compromise","N",,
"fc44cb6e-b9c7-4a55-9dfd-d6855695d3a1","SERC_003.basePlot.bet","D02","SERC","SERC_003","2015-07-28","2015-08-11","2016-11-17","NEON.BET.D02.001188","CARVIN","Animalia","Arthropoda","Insecta","Coleoptera","Carabidae","Carabinae","Carabini","Carabus","Carabus","vinctus",,"Carabus vinctus","Weber","species",,"F",,"Lindroth, C. H. 1969. The ground-beetles (Carabidae, excl. Cicindelinae) of Canada and Alaska, parts 1-6. Opuscula E. Entomoligiska Sallskapet.","Robert L. Davidson","Carnegie Museum of Invertebrate Zoology",,"No known compromise","N",,
"61857ff7-ebf0-48ca-b902-8727ab0be749","SERC_006.basePlot.bet","D02","SERC","SERC_006","2015-07-28","2015-08-11","2016-11-17","NEON.BET.D02.001189","CARVIN","Animalia","Arthropoda","Insecta","Coleoptera","Carabidae","Carabinae","Carabini","Carabus","Carabus","vinctus",,"Carabus vinctus","Weber","species",,"F",,"Lindroth, C. H. 1969. The ground-beetles (Carabidae, excl. Cicindelinae) of Canada and Alaska, parts 1-6. Opuscula E. Entomoligiska Sallskapet.","Robert L. Davidson","Carnegie Museum of Invertebrate Zoology",,"No known compromise","N",,
"56395a7a-b47c-4525-ac92-86010ddcf7e3","SERC_007.basePlot.bet","D02","SERC","SERC_007","2015-07-28","2015-08-11","2016-12-17","NEON.BET.D02.001198","TETVIR","Animalia","Arthropoda","Insecta","Coleoptera","Carabidae","Cicindelinae","Megacephalini","Tetracha","Tetracha","virginica",,"Tetracha virginica","Linnaeus","species",,"M",,"Pearson, D., C. B. Knisley, and C. J. Kazilek. 2006. A Field Guide to the Tiger Beetles of the United States and Canada: Identification, Natural History, and Distribution of the Cicindelidae. Oxford University Press, New York.","Robert L. Davidson","Carnegie Museum of Invertebrate Zoology",,"No known compromise","N",,
"867d2757-e8aa-45ef-89dd-0ab267b4f00d","SERC_007.basePlot.bet","D02","SERC","SERC_007","2015-07-28","2015-08-11","2016-12-17","NEON.BET.D02.001357","ELAXAN","Animalia","Arthropoda","Insecta","Coleoptera","Carabidae","Trechinae","Bembidiini","Elaphropus","Barytachys","xanthopus",,"Elaphropus xanthopus","Dejean","species",,"F",,"Bousquet, Y. 2010b. Illustrated Identification Guide to Adults and Larvae of Northeastern North American Ground Beetles (Coleoptera: Carabidae). 1st Ed. Pensoft Publishers, Sofia, Bulgaria.","Robert L. Davidson","Carnegie Museum of Invertebrate Zoology",,"No known compromise","N",,
"f2101666-e660-4b47-b6fe-8e36774f0f86","SERC_007.basePlot.bet","D02","SERC","SERC_007","2015-07-28","2015-08-11","2016-12-17","NEON.BET.D02.001358","ELAXAN","Animalia","Arthropoda","Insecta","Coleoptera","Carabidae","Trechinae","Bembidiini","Elaphropus","Barytachys","xanthopus",,"Elaphropus xanthopus","Dejean","species",,"M",,"Bousquet, Y. 2010b. Illustrated Identification Guide to Adults and Larvae of Northeastern North American Ground Beetles (Coleoptera: Carabidae). 1st Ed. Pensoft Publishers, Sofia, Bulgaria.","Robert L. Davidson","Carnegie Museum of Invertebrate Zoology",,"No known compromise","N",,
"dc469275-5eb9-439b-8d23-b5c675824f77","SERC_007.basePlot.bet","D02","SERC","SERC_007","2015-07-28","2015-08-11","2016-12-17","NEON.BET.D02.001353","ELAXAN","Animalia","Arthropoda","Insecta","Coleoptera","Carabidae","Trechinae","Bembidiini","Elaphropus","Barytachys","xanthopus",,"Elaphropus xanthopus","Dejean","species",,"M",,"Bousquet, Y. 2010b. Illustrated Identification Guide to Adults and Larvae of Northeastern North American Ground Beetles (Coleoptera: Carabidae). 1st Ed. Pensoft Publishers, Sofia, Bulgaria.","Robert L. Davidson","Carnegie Museum of Invertebrate Zoology",,"No known compromise","N",,
"2ad9f064-b8f7-47a5-846a-0addbeb72de7","SERC_007.basePlot.bet","D02","SERC","SERC_007","2015-07-28","2015-08-11","2016-12-17","NEON.BET.D02.001359","ELAXAN","Animalia","Arthropoda","Insecta","Coleoptera","Carabidae","Trechinae","Bembidiini","Elaphropus","Barytachys","xanthopus",,"Elaphropus xanthopus","Dejean","species",,"M",,"Bousquet, Y. 2010b. Illustrated Identification Guide to Adults and Larvae of Northeastern North American Ground Beetles (Coleoptera: Carabidae). 1st Ed. Pensoft Publishers, Sofia, Bulgaria.","Robert L. Davidson","Carnegie Museum of Invertebrate Zoology",,"No known compromise","N",,
"a3412794-4f2a-46ca-a7b1-d2dd08b6bf2f","SERC_007.basePlot.bet","D02","SERC","SERC_007","2015-07-28","2015-08-11","2016-12-17","NEON.BET.D02.001355","ELAXAN","Animalia","Arthropoda","Insecta","Coleoptera","Carabidae","Trechinae","Bembidiini","Elaphropus","Barytachys","xanthopus",,"Elaphropus xanthopus","Dejean","species",,"F",,"Bousquet, Y. 2010b. Illustrated Identification Guide to Adults and Larvae of Northeastern North American Ground Beetles (Coleoptera: Carabidae). 1st Ed. Pensoft Publishers, Sofia, Bulgaria.","Robert L. Davidson","Carnegie Museum of Invertebrate Zoology",,"No known compromise","N",,
"91780a04-7abf-4e72-acf1-cfe2dffbb113","SERC_007.basePlot.bet","D02","SERC","SERC_007","2015-07-28","2015-08-11","2016-12-17","NEON.BET.D02.001354","ELAXAN","Animalia","Arthropoda","Insecta","Coleoptera","Carabidae","Trechinae","Bembidiini","Elaphropus","Barytachys","xanthopus",,"Elaphropus xanthopus","Dejean","species",,"F",,"Bousquet, Y. 2010b. Illustrated Identification Guide to Adults and Larvae of Northeastern North American Ground Beetles (Coleoptera: Carabidae). 1st Ed. Pensoft Publishers, Sofia, Bulgaria.","Robert L. Davidson","Carnegie Museum of Invertebrate Zoology",,"No known compromise","N",,
"3bfb54a1-1bad-4d14-96ad-01d7175f7519","SERC_007.basePlot.bet","D02","SERC","SERC_007","2015-07-28","2015-08-11","2016-12-17","NEON.BET.D02.001361","ELAXAN","Animalia","Arthropoda","Insecta","Coleoptera","Carabidae","Trechinae","Bembidiini","Elaphropus","Barytachys","xanthopus",,"Elaphropus xanthopus","Dejean","species",,"M",,"Bousquet, Y. 2010b. Illustrated Identification Guide to Adults and Larvae of Northeastern North American Ground Beetles (Coleoptera: Carabidae). 1st Ed. Pensoft Publishers, Sofia, Bulgaria.","Robert L. Davidson","Carnegie Museum of Invertebrate Zoology",,"No known compromise","N",,
"caead0d1-d99f-4302-ac36-bad4d9189839","SERC_007.basePlot.bet","D02","SERC","SERC_007","2015-07-28","2015-08-11","2016-12-17","NEON.BET.D02.001362","ELAXAN","Animalia","Arthropoda","Insecta","Coleoptera","Carabidae","Trechinae","Bembidiini","Elaphropus","Barytachys","xanthopus",,"Elaphropus xanthopus","Dejean","species",,"F",,"Bousquet, Y. 2010b. Illustrated Identification Guide to Adults and Larvae of Northeastern North American Ground Beetles (Coleoptera: Carabidae). 1st Ed. Pensoft Publishers, Sofia, Bulgaria.","Robert L. Davidson","Carnegie Museum of Invertebrate Zoology",,"No known compromise","N",,
"18d7f785-e99d-4ec2-8871-01ff47d12e46","SERC_007.basePlot.bet","D02","SERC","SERC_007","2015-07-28","2015-08-11","2016-12-17","NEON.BET.D02.001396","ELAINC","Animalia","Arthropoda","Insecta","Coleoptera","Carabidae","Trechinae","Bembidiini","Elaphropus","Barytachys","incurvus",,"Elaphropus incurvus","Say","species",,"M",,"Bousquet, Y. 2010b. Illustrated Identification Guide to Adults and Larvae of Northeastern North American Ground Beetles (Coleoptera: Carabidae). 1st Ed. Pensoft Publishers, Sofia, Bulgaria.","Robert L. Davidson","Carnegie Museum of Invertebrate Zoology",,"No known compromise","N",,
"a07c8fae-1c63-4c65-9d77-2a6022af87c1","SERC_007.basePlot.bet","D02","SERC","SERC_007","2015-07-28","2015-08-11","2016-12-17","NEON.BET.D02.001360","ELAXAN","Animalia","Arthropoda","Insecta","Coleoptera","Carabidae","Trechinae","Bembidiini","Elaphropus","Barytachys","xanthopus",,"Elaphropus xanthopus","Dejean","species",,"M",,"Bousquet, Y. 2010b. Illustrated Identification Guide to Adults and Larvae of Northeastern North American Ground Beetles (Coleoptera: Carabidae). 1st Ed. Pensoft Publishers, Sofia, Bulgaria.","Robert L. Davidson","Carnegie Museum of Invertebrate Zoology",,"No known compromise","N",,"immature"
"e09465e7-8d5e-457a-ae29-bd7fafa384fc","SERC_003.basePlot.bet","D02","SERC","SERC_003","2015-07-28","2015-08-11","2016-12-02","NEON.BET.D02.001652","PTESP23","Animalia","Arthropoda","Insecta","Coleoptera","Carabidae","Harpalinae","Pterostichini","Pterostichus",,"sp.",,"Pterostichus sp.","Bonelli","genus","sp. nov.","M",,,"Robert L. Davidson","Carnegie Museum of Invertebrate Zoology","genitalia examined","No known compromise","N",,
"d2c693dd-439d-4e80-8e4f-111626d91876","SERC_003.basePlot.bet","D02","SERC","SERC_003","2015-07-28","2015-08-11","2016-12-02","NEON.BET.D02.001653","PTESP23","Animalia","Arthropoda","Insecta","Coleoptera","Carabidae","Harpalinae","Pterostichini","Pterostichus",,"sp.",,"Pterostichus sp.","Bonelli","genus","sp. nov.","M",,,"Robert L. Davidson","Carnegie Museum of Invertebrate Zoology",,"No known compromise","N",,
"0dd561fd-64ff-4cf6-89d4-b8a50c1f0615","SERC_009.basePlot.bet","D02","SERC","SERC_009","2015-07-28","2015-08-11","2016-12-02","NEON.BET.D02.001671","CYCSIG","Animalia","Arthropoda","Insecta","Coleoptera","Carabidae","Harpalinae","Pterostichini","Cyclotrachelus","Evarthrus","sigillatus",,"Cyclotrachelus sigillatus","Say","species",,"F",,"Freitag, R. 1969. A revision of the species of the genus Evarthrus LeConte. Quaestiones Entomologicae 5:89-212.","Robert L. Davidson","Carnegie Museum of Invertebrate Zoology",,"No known compromise","N",,
"b7a60a7c-52b7-4d88-b97d-8e57eba5a9f4","SERC_010.basePlot.bet","D02","SERC","SERC_010","2015-07-28","2015-08-11","2016-12-02","NEON.BET.D02.001654","PTESP23","Animalia","Arthropoda","Insecta","Coleoptera","Carabidae","Harpalinae","Pterostichini","Pterostichus",,"sp.",,"Pterostichus sp.","Bonelli","genus","sp. nov.","F",,,"Robert L. Davidson","Carnegie Museum of Invertebrate Zoology",,"No known compromise","N",,
"db7087f4-ba2e-416c-93d9-c2a9aad524b5","SERC_010.basePlot.bet","D02","SERC","SERC_010","2015-07-28","2015-08-11","2016-12-02","NEON.BET.D02.001655","PTESP23","Animalia","Arthropoda","Insecta","Coleoptera","Carabidae","Harpalinae","Pterostichini","Pterostichus",,"sp.",,"Pterostichus sp.","Bonelli","genus","sp. nov.","F",,,"Robert L. Davidson","Carnegie Museum of Invertebrate Zoology",,"No known compromise","N",,
"dfefb2e3-3e21-43df-b3e5-93e6d719cf06","SERC_006.basePlot.bet","D02","SERC","SERC_006","2015-07-28","2015-08-11","2016-12-02","NEON.BET.D02.001649","PTESP23","Animalia","Arthropoda","Insecta","Coleoptera","Carabidae","Harpalinae","Pterostichini","Pterostichus",,"sp.",,"Pterostichus sp.","Bonelli","genus","sp. nov.","M",,,"Robert L. Davidson","Carnegie Museum of Invertebrate Zoology","genitalia examined","No known compromise","N",,
"00a779ca-76ef-4c7a-8847-e616d2504129","SERC_006.basePlot.bet","D02","SERC","SERC_006","2015-07-28","2015-08-11","2016-12-02","NEON.BET.D02.001651","PTESP23","Animalia","Arthropoda","Insecta","Coleoptera","Carabidae","Harpalinae","Pterostichini","Pterostichus",,"sp.",,"Pterostichus sp.","Bonelli","genus","sp. nov.","F",,,"Robert L. Davidson","Carnegie Museum of Invertebrate Zoology",,"No known compromise","N",,
"ff2be997-8af8-40bf-b556-7199c2da3475","SERC_006.basePlot.bet","D02","SERC","SERC_006","2015-07-28","2015-08-11","2016-12-02","NEON.BET.D02.001648","PTESP23","Animalia","Arthropoda","Insecta","Coleoptera","Carabidae","Harpalinae","Pterostichini","Pterostichus",,"sp.",,"Pterostichus sp.","Bonelli","genus","sp. nov.","F",,,"Robert L. Davidson","Carnegie Museum of Invertebrate Zoology",,"No known compromise","N",,
"4ab953ac-b660-4265-9236-4d07f899b435","SERC_006.basePlot.bet","D02","SERC","SERC_006","2015-07-28","2015-08-11","2016-12-02","NEON.BET.D02.001650","PTESP23","Animalia","Arthropoda","Insecta","Coleoptera","Carabidae","Harpalinae","Pterostichini","Pterostichus",,"sp.",,"Pterostichus sp.","Bonelli","genus","sp. nov.","M",,,"Robert L. Davidson","Carnegie Museum of Invertebrate Zoology","genitalia examined","No known compromise","N",,
"3e37d00e-3e29-444f-a41f-c4f88a1aba5d","SERC_021.basePlot.bet","D02","SERC","SERC_021","2015-08-11","2015-08-25","2016-11-17","NEON.BET.D02.001182","CARGOR","Animalia","Arthropoda","Insecta","Coleoptera","Carabidae","Carabinae","Carabini","Carabus","Carabus","goryi",,"Carabus goryi","Dejean","species",,"F",,"Lindroth, C. H. 1969. The ground-beetles (Carabidae, excl. Cicindelinae) of Canada and Alaska, parts 1-6. Opuscula E. Entomoligiska Sallskapet.","Robert L. Davidson","Carnegie Museum of Invertebrate Zoology",,"No known compromise","N",,
"96bbdd34-c139-4d25-a973-35fb80ae23a9","SERC_007.basePlot.bet","D02","SERC","SERC_007","2015-08-11","2015-08-25","2016-12-15","NEON.BET.D02.001968","AGOOCT","Animalia","Arthropoda","Insecta","Coleoptera","Carabidae","Harpalinae","Platynini","Agonum","Olisares","octopunctatum",,"Agonum octopunctatum","Fabricius","species",,"F",,"Liebherr, J. K. 1994. Identification of new world Agonum , review of the mexican fauna , and description of Incagonum , new genus , from South America (Coleoptera: Carabidae: Platynini). Journal of The New York Entomological Society 102:1-55.","Robert L. Davidson","Carnegie Museum of Invertebrate Zoology",,"No known compromise","N",,
"0235c18b-b676-4583-8627-458f6b41ddf7","SERC_007.basePlot.bet","D02","SERC","SERC_007","2015-08-11","2015-08-25","2016-12-02","NEON.BET.D02.001264","SCASUB2","Animalia","Arthropoda","Insecta","Coleoptera","Carabidae","Scaritinae","Scaritini","Scarites","Scarites","subterraneus",,"Scarites subterraneus","Fabricius","species",,"U",,"Nichols, S. W. 1986. Two new flightless species of Scarites s. str. inhabiting Florida and the West Indies (Coleoptera: Carabidae: Scaritini). Proceedings of the Entomological Society of Washington 88:257-264.","Robert L. Davidson","Carnegie Museum of Invertebrate Zoology",,"No known compromise","N",,
"da101b5e-c2ad-4922-ae3d-50e94ba93fd1","SERC_007.basePlot.bet","D02","SERC","SERC_007","2015-08-11","2015-08-25","2016-12-02","NEON.BET.D02.001265","SCASUB2","Animalia","Arthropoda","Insecta","Coleoptera","Carabidae","Scaritinae","Scaritini","Scarites","Scarites","subterraneus",,"Scarites subterraneus","Fabricius","species",,"U",,"Nichols, S. W. 1986. Two new flightless species of Scarites s. str. inhabiting Florida and the West Indies (Coleoptera: Carabidae: Scaritini). Proceedings of the Entomological Society of Washington 88:257-264.","Robert L. Davidson","Carnegie Museum of Invertebrate Zoology",,"No known compromise","N",,
"bf8cf384-45f8-4d95-a193-6ee1b3b0d75f","SERC_007.basePlot.bet","D02","SERC","SERC_007","2015-08-11","2015-08-25","2016-12-02","NEON.BET.D02.001261","SCASUB2","Animalia","Arthropoda","Insecta","Coleoptera","Carabidae","Scaritinae","Scaritini","Scarites","Scarites","subterraneus",,"Scarites subterraneus","Fabricius","species",,"U",,"Nichols, S. W. 1986. Two new flightless species of Scarites s. str. inhabiting Florida and the West Indies (Coleoptera: Carabidae: Scaritini). Proceedings of the Entomological Society of Washington 88:257-264.","Robert L. Davidson","Carnegie Museum of Invertebrate Zoology",,"No known compromise","N",,
"9b97b472-4265-40b0-b253-234a260a6d40","SERC_007.basePlot.bet","D02","SERC","SERC_007","2015-08-11","2015-08-25","2016-12-02","NEON.BET.D02.001262","SCASUB2","Animalia","Arthropoda","Insecta","Coleoptera","Carabidae","Scaritinae","Scaritini","Scarites","Scarites","subterraneus",,"Scarites subterraneus","Fabricius","species",,"U",,"Nichols, S. W. 1986. Two new flightless species of Scarites s. str. inhabiting Florida and the West Indies (Coleoptera: Carabidae: Scaritini). Proceedings of the Entomological Society of Washington 88:257-264.","Robert L. Davidson","Carnegie Museum of Invertebrate Zoology",,"No known compromise","N",,
"df69cc72-c7dd-4bc7-bdbc-b27a6496dd7a","SERC_007.basePlot.bet","D02","SERC","SERC_007","2015-08-11","2015-08-25","2016-12-02","NEON.BET.D02.001263","SCASUB2","Animalia","Arthropoda","Insecta","Coleoptera","Carabidae","Scaritinae","Scaritini","Scarites","Scarites","subterraneus",,"Scarites subterraneus","Fabricius","species",,"U",,"Nichols, S. W. 1986. Two new flightless species of Scarites s. str. inhabiting Florida and the West Indies (Coleoptera: Carabidae: Scaritini). Proceedings of the Entomological Society of Washington 88:257-264.","Robert L. Davidson","Carnegie Museum of Invertebrate Zoology",,"No known compromise","N",,
"76b1ba78-ca76-4804-95d4-f8dc3416e954","SERC_007.basePlot.bet","D02","SERC","SERC_007","2015-08-11","2015-08-25","2016-12-17","NEON.BET.D02.001364","ELAXAN","Animalia","Arthropoda","Insecta","Coleoptera","Carabidae","Trechinae","Bembidiini","Elaphropus","Barytachys","xanthopus",,"Elaphropus xanthopus","Dejean","species",,"F",,"Bousquet, Y. 2010b. Illustrated Identification Guide to Adults and Larvae of Northeastern North American Ground Beetles (Coleoptera: Carabidae). 1st Ed. Pensoft Publishers, Sofia, Bulgaria.","Robert L. Davidson","Carnegie Museum of Invertebrate Zoology",,"No known compromise","N",,
"4097fd33-5c84-4002-aeb3-045759311e05","SERC_007.basePlot.bet","D02","SERC","SERC_007","2015-08-11","2015-08-25","2016-12-17","NEON.BET.D02.001363","ELAXAN","Animalia","Arthropoda","Insecta","Coleoptera","Carabidae","Trechinae","Bembidiini","Elaphropus","Barytachys","xanthopus",,"Elaphropus xanthopus","Dejean","species",,"M",,"Bousquet, Y. 2010b. Illustrated Identification Guide to Adults and Larvae of Northeastern North American Ground Beetles (Coleoptera: Carabidae). 1st Ed. Pensoft Publishers, Sofia, Bulgaria.","Robert L. Davidson","Carnegie Museum of Invertebrate Zoology",,"No known compromise","N",,
"e93396a9-237b-402f-a6c2-f0cdfbda82f4","SERC_007.basePlot.bet","D02","SERC","SERC_007","2015-08-11","2015-08-25","2016-12-17","NEON.BET.D02.001397","ELAINC","Animalia","Arthropoda","Insecta","Coleoptera","Carabidae","Trechinae","Bembidiini","Elaphropus","Barytachys","incurvus",,"Elaphropus incurvus","Say","species",,"F",,"Bousquet, Y. 2010b. Illustrated Identification Guide to Adults and Larvae of Northeastern North American Ground Beetles (Coleoptera: Carabidae). 1st Ed. Pensoft Publishers, Sofia, Bulgaria.","Robert L. Davidson","Carnegie Museum of Invertebrate Zoology",,"No known compromise","N",,
"83e627ba-f221-4de1-86e8-5bf558aeb203","SERC_003.basePlot.bet","D02","SERC","SERC_003","2015-08-11","2015-08-25","2016-12-17","NEON.BET.D02.001449","BRAALT","Animalia","Arthropoda","Insecta","Coleoptera","Carabidae","Brachininae","Brachinini","Brachinus","Neobrachinus","alternans",,"Brachinus alternans","Dejean","species",,"F",,"Erwin, T. L. 1970a. A Reclassification of Bombardier Beetles and a Taxonomic Revision of the North and Middle American Species (Carabidae: Brachinida). Quaestiones Entomologicae 6:4-215.","Robert L. Davidson","Carnegie Museum of Invertebrate Zoology",,"No known compromise","N",,
"dd49718c-e30e-44aa-8d99-023c5ebd7866","SERC_009.basePlot.bet","D02","SERC","SERC_009","2015-08-11","2015-08-25","2016-11-18","NEON.BET.D02.001558","PTESTY","Animalia","Arthropoda","Insecta","Coleoptera","Carabidae","Harpalinae","Pterostichini","Pterostichus","Euferonia","stygicus",,"Pterostichus stygicus","Say","species",,"M",,"Lindroth, C. H. 1969. The ground-beetles (Carabidae, excl. Cicindelinae) of Canada and Alaska, parts 1-6. Opuscula E. Entomoligiska Sallskapet.","Robert L. Davidson","Carnegie Museum of Invertebrate Zoology",,"No known compromise","N",,
"9179b0f8-9f85-491c-9b5c-1b2556b61eeb","SERC_007.basePlot.bet","D02","SERC","SERC_007","2015-08-11","2015-08-25","2016-12-02","NEON.BET.D02.001675","CYCSIG","Animalia","Arthropoda","Insecta","Coleoptera","Carabidae","Harpalinae","Pterostichini","Cyclotrachelus","Evarthrus","sigillatus",,"Cyclotrachelus sigillatus","Say","species",,"F",,"Freitag, R. 1969. A revision of the species of the genus Evarthrus LeConte. Quaestiones Entomologicae 5:89-212.","Robert L. Davidson","Carnegie Museum of Invertebrate Zoology",,"No known compromise","N",,
"d37299f7-55df-4625-bc80-a480110c7e2e","SERC_007.basePlot.bet","D02","SERC","SERC_007","2015-08-11","2015-08-25","2016-12-02","NEON.BET.D02.001677","CYCSIG","Animalia","Arthropoda","Insecta","Coleoptera","Carabidae","Harpalinae","Pterostichini","Cyclotrachelus","Evarthrus","sigillatus",,"Cyclotrachelus sigillatus","Say","species",,"F",,"Freitag, R. 1969. A revision of the species of the genus Evarthrus LeConte. Quaestiones Entomologicae 5:89-212.","Robert L. Davidson","Carnegie Museum of Invertebrate Zoology",,"No known compromise","N",,
"8ec3773c-31b8-41ca-989d-fba9815f1ece","SERC_007.basePlot.bet","D02","SERC","SERC_007","2015-08-11","2015-08-25","2016-12-02","NEON.BET.D02.001678","CYCSIG","Animalia","Arthropoda","Insecta","Coleoptera","Carabidae","Harpalinae","Pterostichini","Cyclotrachelus","Evarthrus","sigillatus",,"Cyclotrachelus sigillatus","Say","species",,"F",,"Freitag, R. 1969. A revision of the species of the genus Evarthrus LeConte. Quaestiones Entomologicae 5:89-212.","Robert L. Davidson","Carnegie Museum of Invertebrate Zoology",,"No known compromise","N",,
"69d4c2a7-ddfe-43a2-bfea-a240d836f4e1","SERC_007.basePlot.bet","D02","SERC","SERC_007","2015-08-11","2015-08-25","2016-12-02","NEON.BET.D02.001676","CYCSIG","Animalia","Arthropoda","Insecta","Coleoptera","Carabidae","Harpalinae","Pterostichini","Cyclotrachelus","Evarthrus","sigillatus",,"Cyclotrachelus sigillatus","Say","species",,"F",,"Freitag, R. 1969. A revision of the species of the genus Evarthrus LeConte. Quaestiones Entomologicae 5:89-212.","Robert L. Davidson","Carnegie Museum of Invertebrate Zoology",,"No known compromise","N",,
"79bc1790-429b-48ce-af46-61f4fe5dd81d","SERC_003.basePlot.bet","D02","SERC","SERC_003","2015-08-11","2015-08-25","2016-12-02","NEON.BET.D02.001673","CYCSIG","Animalia","Arthropoda","Insecta","Coleoptera","Carabidae","Harpalinae","Pterostichini","Cyclotrachelus","Evarthrus","sigillatus",,"Cyclotrachelus sigillatus","Say","species",,"F",,"Freitag, R. 1969. A revision of the species of the genus Evarthrus LeConte. Quaestiones Entomologicae 5:89-212.","Robert L. Davidson","Carnegie Museum of Invertebrate Zoology",,"No known compromise","N",,
"1e1fdd00-1174-4616-a35f-0c79cf52cc9b","SERC_009.basePlot.bet","D02","SERC","SERC_009","2015-08-11","2015-08-25","2016-12-02","NEON.BET.D02.001674","CYCSIG","Animalia","Arthropoda","Insecta","Coleoptera","Carabidae","Harpalinae","Pterostichini","Cyclotrachelus","Evarthrus","sigillatus",,"Cyclotrachelus sigillatus","Say","species",,"F",,"Freitag, R. 1969. A revision of the species of the genus Evarthrus LeConte. Quaestiones Entomologicae 5:89-212.","Robert L. Davidson","Carnegie Museum of Invertebrate Zoology",,"No known compromise","N",,
"7f071d06-6188-4ccc-8299-b2ecf5358483","SERC_010.basePlot.bet","D02","SERC","SERC_010","2015-08-11","2015-08-25","2016-12-02","NEON.BET.D02.001661","PTESP23","Animalia","Arthropoda","Insecta","Coleoptera","Carabidae","Harpalinae","Pterostichini","Pterostichus",,"sp.",,"Pterostichus sp.","Bonelli","genus","sp. nov.","F",,,"Robert L. Davidson","Carnegie Museum of Invertebrate Zoology",,"No known compromise","N",,
"4d1f2d81-67fd-4650-b0a1-5e4b04b4ffe1","SERC_006.basePlot.bet","D02","SERC","SERC_006","2015-08-11","2015-08-25","2016-12-02","NEON.BET.D02.001660","PTESP23","Animalia","Arthropoda","Insecta","Coleoptera","Carabidae","Harpalinae","Pterostichini","Pterostichus",,"sp.",,"Pterostichus sp.","Bonelli","genus","sp. nov.","F",,,"Robert L. Davidson","Carnegie Museum of Invertebrate Zoology",,"No known compromise","N",,
"a859daa0-3c1a-45cc-b548-7da716326ce4","SERC_006.basePlot.bet","D02","SERC","SERC_006","2015-08-11","2015-08-25","2016-12-02","NEON.BET.D02.001672","CYCSIG","Animalia","Arthropoda","Insecta","Coleoptera","Carabidae","Harpalinae","Pterostichini","Cyclotrachelus","Evarthrus","sigillatus",,"Cyclotrachelus sigillatus","Say","species",,"M",,"Freitag, R. 1969. A revision of the species of the genus Evarthrus LeConte. Quaestiones Entomologicae 5:89-212.","Robert L. Davidson","Carnegie Museum of Invertebrate Zoology",,"No known compromise","N",,
"f93b1aa0-4e0a-4c49-ae09-0536c9f499dd","SERC_006.basePlot.bet","D02","SERC","SERC_006","2015-08-11","2015-08-25","2016-12-02","NEON.BET.D02.001659","PTESP23","Animalia","Arthropoda","Insecta","Coleoptera","Carabidae","Harpalinae","Pterostichini","Pterostichus",,"sp.",,"Pterostichus sp.","Bonelli","genus","sp. nov.","F",,,"Robert L. Davidson","Carnegie Museum of Invertebrate Zoology",,"No known compromise","N",,
"55161c05-77f9-4c93-a941-a6cc994c7b84","SERC_006.basePlot.bet","D02","SERC","SERC_006","2015-08-11","2015-08-25","2016-12-02","NEON.BET.D02.001657","PTESP23","Animalia","Arthropoda","Insecta","Coleoptera","Carabidae","Harpalinae","Pterostichini","Pterostichus",,"sp.",,"Pterostichus sp.","Bonelli","genus","sp. nov.","M",,,"Robert L. Davidson","Carnegie Museum of Invertebrate Zoology","genitalia examined","No known compromise","N",,
"a4c8a7ce-b1c4-41ca-b8a0-e61f973d2b15","SERC_006.basePlot.bet","D02","SERC","SERC_006","2015-08-11","2015-08-25","2016-12-02","NEON.BET.D02.001656","PTESP23","Animalia","Arthropoda","Insecta","Coleoptera","Carabidae","Harpalinae","Pterostichini","Pterostichus",,"sp.",,"Pterostichus sp.","Bonelli","genus","sp. nov.","F",,,"Robert L. Davidson","Carnegie Museum of Invertebrate Zoology",,"No known compromise","N",,
"15375be5-6a07-4855-a3e0-a135d733decc","SERC_002.basePlot.bet","D02","SERC","SERC_002","2015-08-11","2015-08-25","2016-11-16","NEON.BET.D02.001724","CHLAES","Animalia","Arthropoda","Insecta","Coleoptera","Carabidae","Harpalinae","Chlaeniini","Chlaenius","Chlaenius","aestivus",,"Chlaenius aestivus","Say","species",,"F",,"Bell, R. T. 1960. A Revision of the Genus Chlaenius Bonelli (Coleoptera, Carabidae) in North America. Miscellaneous Publications of the Entomological Society of America 1:98-166.","Robert L. Davidson","Carnegie Museum of Invertebrate Zoology",,"No known compromise","N",,
"f5fec1c7-bf3e-47b6-b83d-aa30f7ce835c","SERC_016.basePlot.bet","D02","SERC","SERC_016","2015-08-11","2015-08-25","2016-11-16","NEON.BET.D02.001727","CHLAES","Animalia","Arthropoda","Insecta","Coleoptera","Carabidae","Harpalinae","Chlaeniini","Chlaenius","Chlaenius","aestivus",,"Chlaenius aestivus","Say","species",,"M",,"Bell, R. T. 1960. A Revision of the Genus Chlaenius Bonelli (Coleoptera, Carabidae) in North America. Miscellaneous Publications of the Entomological Society of America 1:98-166.","Robert L. Davidson","Carnegie Museum of Invertebrate Zoology",,"No known compromise","N",,
"003996ba-daa5-42cc-8f6d-f9a8c45b7e26","SERC_007.basePlot.bet","D02","SERC","SERC_007","2015-08-11","2015-08-25","2016-11-16","NEON.BET.D02.001726","CHLAES","Animalia","Arthropoda","Insecta","Coleoptera","Carabidae","Harpalinae","Chlaeniini","Chlaenius","Chlaenius","aestivus",,"Chlaenius aestivus","Say","species",,"F",,"Bell, R. T. 1960. A Revision of the Genus Chlaenius Bonelli (Coleoptera, Carabidae) in North America. Miscellaneous Publications of the Entomological Society of America 1:98-166.","Robert L. Davidson","Carnegie Museum of Invertebrate Zoology",,"No known compromise","N",,
"dadb23c3-4d99-4097-aef8-128c9a7bd2e1","SERC_009.basePlot.bet","D02","SERC","SERC_009","2015-08-11","2015-08-25","2016-11-16","NEON.BET.D02.001725","CHLAES","Animalia","Arthropoda","Insecta","Coleoptera","Carabidae","Harpalinae","Chlaeniini","Chlaenius","Chlaenius","aestivus",,"Chlaenius aestivus","Say","species",,"F",,"Bell, R. T. 1960. A Revision of the Genus Chlaenius Bonelli (Coleoptera, Carabidae) in North America. Miscellaneous Publications of the Entomological Society of America 1:98-166.","Robert L. Davidson","Carnegie Museum of Invertebrate Zoology",,"No known compromise","N",,
"d50a4fe3-904e-4900-95a4-0baa6550d1ec","SERC_001.basePlot.bet","D02","SERC","SERC_001","2015-08-11","2015-08-25","2016-11-17","NEON.BET.D02.001791","DICFUR2","Animalia","Arthropoda","Insecta","Coleoptera","Carabidae","Harpalinae","Licinini","Dicaelus","Paradicaelus","furvus","furvus","Dicaelus furvus furvus","Dejean","subspecies",,"M",,"Ball, G. E. 1959. A taxonomic study of the North American Licinini with notes on the Old World species of the genus Diplocheila BrullÃ© (Coleoptera). Memoirs of the American Entomological Society No. 16.","Robert L. Davidson","Carnegie Museum of Invertebrate Zoology",,"No known compromise","N",,
"cb304275-57cf-4c99-acdb-6b0b4c6f1f5e","SERC_016.basePlot.bet","D02","SERC","SERC_016","2015-08-11","2015-08-25","2016-11-17","NEON.BET.D02.001792","DICFUR2","Animalia","Arthropoda","Insecta","Coleoptera","Carabidae","Harpalinae","Licinini","Dicaelus","Paradicaelus","furvus","furvus","Dicaelus furvus furvus","Dejean","subspecies",,"M",,"Ball, G. E. 1959. A taxonomic study of the North American Licinini with notes on the Old World species of the genus Diplocheila BrullÃ© (Coleoptera). Memoirs of the American Entomological Society No. 16.","Robert L. Davidson","Carnegie Museum of Invertebrate Zoology",,"No known compromise","N",,
"65d69d18-2a0e-46d8-9017-2ca7bfba32e9","SERC_003.basePlot.bet","D02","SERC","SERC_003","2015-08-11","2015-08-25","2016-11-17","NEON.BET.D02.001753","DICDIL1","Animalia","Arthropoda","Insecta","Coleoptera","Carabidae","Harpalinae","Licinini","Dicaelus","Paradicaelus","dilatatus","dilatatus","Dicaelus dilatatus dilatatus","Say","subspecies",,"F",,"Ball, G. E. 1959. A taxonomic study of the North American Licinini with notes on the Old World species of the genus Diplocheila BrullÃ© (Coleoptera). Memoirs of the American Entomological Society No. 16.","Robert L. Davidson","Carnegie Museum of Invertebrate Zoology",,"No known compromise","N",,
"a64d46a7-760f-49ec-b1ae-779c85cae3ee","SERC_001.basePlot.bet","D02","SERC","SERC_001","2015-08-11","2015-08-25","2016-11-17","NEON.BET.D02.001809","DICAMB","Animalia","Arthropoda","Insecta","Coleoptera","Carabidae","Harpalinae","Licinini","Dicaelus","Paradicaelus","ambiguus",,"Dicaelus ambiguus","LaFerte-Senectere","species",,"F",,"Ball, G. E. 1959. A taxonomic study of the North American Licinini with notes on the Old World species of the genus Diplocheila BrullÃ© (Coleoptera). Memoirs of the American Entomological Society No. 16.","Robert L. Davidson","Carnegie Museum of Invertebrate Zoology",,"No known compromise","N",,
"9cf08a78-922d-49d0-aa7c-c7ced371a001","SERC_007.basePlot.bet","D02","SERC","SERC_007","2015-08-11","2015-08-25","2016-12-14","NEON.BET.D02.001903","ACUIND","Animalia","Arthropoda","Insecta","Coleoptera","Carabidae","Harpalinae","Harpalini","Acupalpus","Tachistodes","indistinctus",,"Acupalpus indistinctus","Dejean","species",,"F",,"Lindroth, C. H. 1969. The ground-beetles (Carabidae, excl. Cicindelinae) of Canada and Alaska, parts 1-6. Opuscula E. Entomoligiska Sallskapet.","Robert L. Davidson","Carnegie Museum of Invertebrate Zoology",,"No known compromise","N",,
"81df6ea4-cde6-4baa-b27a-3e0cb8e3883b","SERC_007.basePlot.bet","D02","SERC","SERC_007","2015-08-11","2015-08-25","2016-12-16","NEON.BET.D02.001935","HARPEN","Animalia","Arthropoda","Insecta","Coleoptera","Carabidae","Harpalinae","Harpalini","Harpalus","Pseudoophonus","pensylvanicus",,"Harpalus pensylvanicus","DeGeer","species",,"F",,"Ball, G. E., and J. N. Anderson. 1962. The taxonomy and speciation of Pseudophonus (a subgenus of Harpalus: Haralini: Carabidae, known to occur in North America). The Catholic University of America Press, Washington 17, D. C.","Robert L. Davidson","Carnegie Museum of Invertebrate Zoology",,"No known compromise","N",,
"1a5b4bb2-d010-4c8d-90e5-d4d5b9a21cc3","SERC_007.basePlot.bet","D02","SERC","SERC_007","2015-08-11","2015-08-25","2016-12-16","NEON.BET.D02.001909","HARSP7","Animalia","Arthropoda","Insecta","Coleoptera","Carabidae","Harpalinae","Harpalini","Harpalus",,"sp.",,"Harpalus sp.","Latreille","genus",,"F",,"Ball, G. E., and J. N. Anderson. 1962. The taxonomy and speciation of Pseudophonus (a subgenus of Harpalus: Haralini: Carabidae, known to occur in North America). The Catholic University of America Press, Washington 17, D. C.","Robert L. Davidson","Carnegie Museum of Invertebrate Zoology","H. vagans or H. protractus","No known compromise","N",,
"1cc3c68f-fd23-4f1d-a80d-f5727ff417d4","SERC_002.basePlot.bet","D02","SERC","SERC_002","2015-08-11","2015-08-25","2016-12-15","NEON.BET.D02.001953","SYNIMP","Animalia","Arthropoda","Insecta","Coleoptera","Carabidae","Harpalinae","Sphodrini","Synuchus",,"impunctatus",,"Synuchus impunctatus","Say","species",,"M",,"Lindroth, C. H. 1969. The ground-beetles (Carabidae, excl. Cicindelinae) of Canada and Alaska, parts 1-6. Opuscula E. Entomoligiska Sallskapet.","Robert L. Davidson","Carnegie Museum of Invertebrate Zoology",,"No known compromise","N",,
"b6ebdb1b-3edd-49ed-b478-ae6d86df9120","SERC_007.basePlot.bet","D02","SERC","SERC_007","2015-08-11","2015-08-25","2016-12-16","NEON.BET.D02.001933","HARPEN","Animalia","Arthropoda","Insecta","Coleoptera","Carabidae","Harpalinae","Harpalini","Harpalus","Pseudoophonus","pensylvanicus",,"Harpalus pensylvanicus","DeGeer","species",,"F",,"Ball, G. E., and J. N. Anderson. 1962. The taxonomy and speciation of Pseudophonus (a subgenus of Harpalus: Haralini: Carabidae, known to occur in North America). The Catholic University of America Press, Washington 17, D. C.","Robert L. Davidson","Carnegie Museum of Invertebrate Zoology",,"No known compromise","N",,
"3bd7b78e-cfcb-470f-b695-d37e01382521","SERC_007.basePlot.bet","D02","SERC","SERC_007","2015-08-11","2015-08-25","2016-12-16","NEON.BET.D02.001934","HARPEN","Animalia","Arthropoda","Insecta","Coleoptera","Carabidae","Harpalinae","Harpalini","Harpalus","Pseudoophonus","pensylvanicus",,"Harpalus pensylvanicus","DeGeer","species",,"F",,"Ball, G. E., and J. N. Anderson. 1962. The taxonomy and speciation of Pseudophonus (a subgenus of Harpalus: Haralini: Carabidae, known to occur in North America). The Catholic University of America Press, Washington 17, D. C.","Robert L. Davidson","Carnegie Museum of Invertebrate Zoology",,"No known compromise","N",,
"50eb5b66-eced-4643-b065-74c0b6a628ed","SERC_007.basePlot.bet","D02","SERC","SERC_007","2015-08-11","2015-08-25","2016-12-16","NEON.BET.D02.001931","HARPEN","Animalia","Arthropoda","Insecta","Coleoptera","Carabidae","Harpalinae","Harpalini","Harpalus","Pseudoophonus","pensylvanicus",,"Harpalus pensylvanicus","DeGeer","species",,"F",,"Ball, G. E., and J. N. Anderson. 1962. The taxonomy and speciation of Pseudophonus (a subgenus of Harpalus: Haralini: Carabidae, known to occur in North America). The Catholic University of America Press, Washington 17, D. C.","Robert L. Davidson","Carnegie Museum of Invertebrate Zoology",,"No known compromise","N",,
"05310242-3f3b-46d2-9e28-32f59453d86a","SERC_007.basePlot.bet","D02","SERC","SERC_007","2015-08-11","2015-08-25","2016-12-16","NEON.BET.D02.001936","HARPEN","Animalia","Arthropoda","Insecta","Coleoptera","Carabidae","Harpalinae","Harpalini","Harpalus","Pseudoophonus","pensylvanicus",,"Harpalus pensylvanicus","DeGeer","species",,"F",,"Ball, G. E., and J. N. Anderson. 1962. The taxonomy and speciation of Pseudophonus (a subgenus of Harpalus: Haralini: Carabidae, known to occur in North America). The Catholic University of America Press, Washington 17, D. C.","Robert L. Davidson","Carnegie Museum of Invertebrate Zoology",,"No known compromise","N",,
"4342ac42-2086-4e2b-bdc3-176189bbc5a2","SERC_007.basePlot.bet","D02","SERC","SERC_007","2015-08-11","2015-08-25","2016-12-16","NEON.BET.D02.001932","HARPEN","Animalia","Arthropoda","Insecta","Coleoptera","Carabidae","Harpalinae","Harpalini","Harpalus","Pseudoophonus","pensylvanicus",,"Harpalus pensylvanicus","DeGeer","species",,"F",,"Ball, G. E., and J. N. Anderson. 1962. The taxonomy and speciation of Pseudophonus (a subgenus of Harpalus: Haralini: Carabidae, known to occur in North America). The Catholic University of America Press, Washington 17, D. C.","Robert L. Davidson","Carnegie Museum of Invertebrate Zoology",,"No known compromise","N",,
"bf6f1a5e-65fb-4860-9923-fd1652b604bc","SERC_016.basePlot.bet","D02","SERC","SERC_016","2015-08-11","2015-08-25","2016-11-17","NEON.BET.D02.001190","CARVIN","Animalia","Arthropoda","Insecta","Coleoptera","Carabidae","Carabinae","Carabini","Carabus","Carabus","vinctus",,"Carabus vinctus","Weber","species",,"M",,"Lindroth, C. H. 1969. The ground-beetles (Carabidae, excl. Cicindelinae) of Canada and Alaska, parts 1-6. Opuscula E. Entomoligiska Sallskapet.","Robert L. Davidson","Carnegie Museum of Invertebrate Zoology",,"No known compromise","N",,
