uid,namedLocation,domainID,siteID,plotID,trapID,setDate,collectDate,processingDate,identifiedDate,subsampleID,individualID,taxonID,scientificName,taxonRank,identificationQualifier,scientificNameAuthorship,morphospeciesID,identificationReferences,totalLength,identifiedBy,recordedBy,remarks
"f80b5b54-187b-48b9-88c3-0cf02fbead39","SERC_002.basePlot.bet","D02","SERC","SERC_002","E","2015-07-28","2015-08-11","2016-01-21","2015-09-25","YcnMnCZo63n4X9d+wTtLlC13P315plx1ydLmo0ubNfs=","NEON.BET.D02.001786","DICFUR2","Dicaelus furvus furvus","subspecies",,"Dejean",,"Ciegler, J. C. 2000. Ground beetles and wrinkled bark beetles of South Carolina (Coleoptera: Geadephaga: Carabidae and Rhysodidae). Biota of South Carolina. Vol. 1. Clemson, S. Clemson University.",,"wYCqaZcA+7slXlj5N/mM6vobrh4QDptp","vG946HPdyCak4YNcquSpnhDyztG1jnbiCP4A7p87kck=",
"29f1b5ce-1df1-45fa-830c-f67d9e604102","SERC_007.basePlot.bet","D02","SERC","SERC_007","E","2015-07-28","2015-08-11","2016-01-21","2015-11-05","VuceAg7yVydSuT/FC6hzoobeQyYTqulXCtsRPkHKBB8=","NEON.BET.D02.001902","ACUIND","Acupalpus indistinctus","species",,"Dejean",,"Lindroth, C. H. 1969. The ground-beetles (Carabidae, excl. Cicindelinae) of Canada and Alaska, parts 1-6. Opuscula E. Entomoligiska Sallskapet.",,"wYCqaZcA+7slXlj5N/mM6vobrh4QDptp","vG946HPdyCak4YNcquSpnhDyztG1jnbiCP4A7p87kck=",
"78a10c7f-3616-401d-9419-7fdcdbfc6283","SERC_007.basePlot.bet","D02","SERC","SERC_007","E","2015-07-28","2015-08-11","2016-01-21","2015-11-05","VuceAg7yVydSuT/FC6hzorKP4CSLaBsurs4P4WoQQOc=","NEON.BET.D02.001905","ACUTES","Acupalpus testaceus","species",,"Dejean",,"Lindroth, C. H. 1969. The ground-beetles (Carabidae, excl. Cicindelinae) of Canada and Alaska, parts 1-6. Opuscula E. Entomoligiska Sallskapet.",,"wYCqaZcA+7slXlj5N/mM6vobrh4QDptp","vG946HPdyCak4YNcquSpnhDyztG1jnbiCP4A7p87kck=",
"56b60b16-6581-4cad-8535-8ca0d02f5806","SERC_007.basePlot.bet","D02","SERC","SERC_007","E","2015-07-28","2015-08-11","2016-01-21","2015-11-05","VuceAg7yVydSuT/FC6hzorKP4CSLaBsurs4P4WoQQOc=","NEON.BET.D02.001904","ACUTES","Acupalpus testaceus","species",,"Dejean",,"Lindroth, C. H. 1969. The ground-beetles (Carabidae, excl. Cicindelinae) of Canada and Alaska, parts 1-6. Opuscula E. Entomoligiska Sallskapet.",,"wYCqaZcA+7slXlj5N/mM6vobrh4QDptp","vG946HPdyCak4YNcquSpnhDyztG1jnbiCP4A7p87kck=",
"58a9e93e-26d4-488d-b20d-f5fad3a0aac0","SERC_003.basePlot.bet","D02","SERC","SERC_003","E","2015-07-28","2015-08-11","2016-01-21","2015-11-10","CC7oYVgiCpATUy6WPFyiJoy/B3yIGXaRIJkl7IWz2OM=","NEON.BET.D02.001930","HARPEN","Harpalus pensylvanicus","species",,"DeGeer",,"Ball, G. E., and J. N. Anderson. 1962. The taxonomy and speciation of Pseudophonus (a subgenus of Harpalus: Haralini: Carabidae, known to occur in North America). The Catholic University of America Press, Washington 17, D. C.",,"wYCqaZcA+7slXlj5N/mM6vobrh4QDptp","vG946HPdyCak4YNcquSpnhDyztG1jnbiCP4A7p87kck=",
"e0ba6c2d-399d-46d9-8d7f-14bd24fabf83","SERC_003.basePlot.bet","D02","SERC","SERC_003","E","2015-07-28","2015-08-11","2016-01-21","2015-09-24","CC7oYVgiCpATUy6WPFyiJuJw67fXHfmxGPe954X0cWo=","NEON.BET.D02.001653","CARSP14","Carabidae sp.","family",,"Latreille","D02.2015.MorphA","Other",,"wYCqaZcA+7slXlj5N/mM6vobrh4QDptp","esNjjubcI51hdInmRHEEIrFR4+oIJtuN","Pterostichus subgenus Abacidus. Doesn't key to any described species- prosternal process margined, ultimate tarsomeres glabrous, pronotal margin distinct to base, aedeagus simple."
"ccb66fce-d454-447a-8208-79b26d627f59","SERC_010.basePlot.bet","D02","SERC","SERC_010","E","2015-07-28","2015-08-11","2016-01-21","2015-09-25","zJWEWmQZoMNVr+IzuVmAIg8ysDh85mYxAbmBoPB1WUs=","NEON.BET.D02.001655","CARSP14","Carabidae sp.","family",,"Latreille","D02.2015.MorphA","Other",,"wYCqaZcA+7slXlj5N/mM6vobrh4QDptp","esNjjubcI51hdInmRHEEIrFR4+oIJtuN","Pterostichus subgenus Abacidus. Doesn't key to any described species- prosternal process margined, ultimate tarsomeres glabrous, pronotal margin distinct to base, aedeagus simple."
"931b0a1e-34c1-4c2d-be8a-92213b3d4d66","SERC_009.basePlot.bet","D02","SERC","SERC_009","E","2015-07-28","2015-08-11","2016-01-21","2015-09-24","tTNfz4yHzdlGJ3KeWgihN2mB36ZWsEQxkeEN+zM9yUg=","NEON.BET.D02.001671","CYCSIG","Cyclotrachelus sigillatus","species",,"Say",,"Freitag, R. 1969. A revision of the species of the genus Evarthrus LeConte. Quaestiones Entomologicae 5:89-212.",,"fhqXNoOkfxgxeumX3nh8hiKzTnt5lZ8Br3PaGAyV7lk=","esNjjubcI51hdInmRHEEIrFR4+oIJtuN",
"17690d54-f0f2-4826-b3f6-923e269678e3","SERC_007.basePlot.bet","D02","SERC","SERC_007","E","2015-07-28","2015-08-11","2016-01-20","2015-09-24","VuceAg7yVydSuT/FC6hzomLq6vOYGdRwQoH0x1RXW20=","NEON.BET.D02.001396","ELAINC","Elaphropus incurvus","species",,"Say",,"Bousquet, Y. 2010b. Illustrated Identification Guide to Adults and Larvae of Northeastern North American Ground Beetles (Coleoptera: Carabidae). 1st Ed. Pensoft Publishers, Sofia, Bulgaria.",,"wYCqaZcA+7slXlj5N/mM6vobrh4QDptp","esNjjubcI51hdInmRHEEIrFR4+oIJtuN",
"be812ef8-c1b8-4223-b1a6-70afb75e6e74","SERC_006.basePlot.bet","D02","SERC","SERC_006","E","2015-07-28","2015-08-11","2016-01-21","2015-09-25","ulDxSdgiTKKsykPM3MpMLNMitENMUR94mUAJBk8JkQ8=","NEON.BET.D02.001651","CARSP14","Carabidae sp.","family",,"Latreille","D02.2015.MorphA","Other",,"wYCqaZcA+7slXlj5N/mM6vobrh4QDptp","esNjjubcI51hdInmRHEEIrFR4+oIJtuN","Pterostichus subgenus Abacidus. Doesn't key to any described species- prosternal process margined, ultimate tarsomeres glabrous, pronotal margin distinct to base, aedeagus simple."
"e40c0208-8f51-4738-933a-04cc92fa4258","SERC_007.basePlot.bet","D02","SERC","SERC_007","E","2015-07-28","2015-08-11","2016-01-20","2015-09-24","VuceAg7yVydSuT/FC6hzokiuI+vD2o++io+rWoRyjQ0=","NEON.BET.D02.001357","ELAXAN","Elaphropus xanthopus","species",,"Dejean",,"Bousquet, Y. 2010b. Illustrated Identification Guide to Adults and Larvae of Northeastern North American Ground Beetles (Coleoptera: Carabidae). 1st Ed. Pensoft Publishers, Sofia, Bulgaria.",,"wYCqaZcA+7tKZqVSOMaNBCcRKvQIOBzP","esNjjubcI51hdInmRHEEIrFR4+oIJtuN",
"e96d2470-d4d9-4516-91be-846953bb9333","SERC_007.basePlot.bet","D02","SERC","SERC_007","E","2015-07-28","2015-08-11","2016-01-15","2015-09-24","VuceAg7yVydSuT/FC6hzogzKmpS/Ib0jzY6FJS0ud78=","NEON.BET.D02.001198","TETVIR","Tetracha virginica","species",,"Linnaeus",,"Ciegler, J. C. 2000. Ground beetles and wrinkled bark beetles of South Carolina (Coleoptera: Geadephaga: Carabidae and Rhysodidae). Biota of South Carolina. Vol. 1. Clemson, S. Clemson University.",,"wYCqaZcA+7tKZqVSOMaNBCcRKvQIOBzP","HwrR06bjl3TqPXYD/ecX4LA/iftMi41T",
"8dd43009-61a9-43fe-ac67-9f73ca184c56","SERC_007.basePlot.bet","D02","SERC","SERC_007","N","2015-07-28","2015-08-11","2016-01-21","2015-11-10","VuceAg7yVyd8iwrZjSXXrVRkyN1OfRxiQsvywJCumZQ=","NEON.BET.D02.001924","HARPEN","Harpalus pensylvanicus","species",,"DeGeer",,"Ball, G. E., and J. N. Anderson. 1962. The taxonomy and speciation of Pseudophonus (a subgenus of Harpalus: Haralini: Carabidae, known to occur in North America). The Catholic University of America Press, Washington 17, D. C.",,"wYCqaZcA+7slXlj5N/mM6vobrh4QDptp","vG946HPdyCak4YNcquSpnhDyztG1jnbiCP4A7p87kck=",
"38831b41-63b6-477a-a48e-3dec8a1441d9","SERC_006.basePlot.bet","D02","SERC","SERC_006","N","2015-07-28","2015-08-11","2016-01-21","2015-09-25","ulDxSdgiTKJShrRoRejxxgd6fOGDwQEN5SuA9PSNK/8=","NEON.BET.D02.001787","DICFUR2","Dicaelus furvus furvus","subspecies",,"Dejean",,"Ciegler, J. C. 2000. Ground beetles and wrinkled bark beetles of South Carolina (Coleoptera: Geadephaga: Carabidae and Rhysodidae). Biota of South Carolina. Vol. 1. Clemson, S. Clemson University.",,"wYCqaZcA+7slXlj5N/mM6vobrh4QDptp","vG946HPdyCak4YNcquSpnhDyztG1jnbiCP4A7p87kck=",
"b8e032d0-ecb9-45dc-9757-e340d124e422","SERC_007.basePlot.bet","D02","SERC","SERC_007","N","2015-07-28","2015-08-11","2016-01-21","2015-10-28","VuceAg7yVyd8iwrZjSXXrXe/B1CVJ1jPz1ENJ+v4kKU=","NEON.BET.D02.001841","ANIRUS","Anisodactylus rusticus","species",,"Say",,"Noonan, G. R. 1973. The Anisodactylines (Insecta: Coleoptera: Carabidae: Harpalini): classification, evolution and zoogeography. Quaestiones Entomologicae 9:266-480.",,"wYCqaZcA+7slXlj5N/mM6vobrh4QDptp","vG946HPdyCak4YNcquSpnhDyztG1jnbiCP4A7p87kck=",
"a31ddb74-0d01-479c-a37d-c624bca6826e","SERC_003.basePlot.bet","D02","SERC","SERC_003","N","2015-07-28","2015-08-11","2016-01-21","2015-09-24","CC7oYVgiCpCG6sExBGzz/IAaO4JFyX2D9fpMWdIhBHk=","NEON.BET.D02.001927","HARPEN","Harpalus pensylvanicus","species",,"DeGeer",,"Ball, G. E., and J. N. Anderson. 1962. The taxonomy and speciation of Pseudophonus (a subgenus of Harpalus: Haralini: Carabidae, known to occur in North America). The Catholic University of America Press, Washington 17, D. C.",,"wYCqaZcA+7slXlj5N/mM6vobrh4QDptp","vG946HPdyCak4YNcquSpnhDyztG1jnbiCP4A7p87kck=",
"8b3fa422-10ea-4e25-b6c2-a4417d3b89e0","SERC_007.basePlot.bet","D02","SERC","SERC_007","N","2015-07-28","2015-08-11","2016-01-21","2015-09-24","VuceAg7yVyd8iwrZjSXXrdMHEXifd+TLe7ycCCMlyEA=","NEON.BET.D02.001900","AGOROT1","Agonoleptus rotundatus","species",,"LeConte",,"Bousquet, Y., and P. W. Messer. 2010. Redescription of Stenolophus thoracicus Casey (Coleoptera, Carabidae, Harpalini), a valid species. ZooKeys 53:25-31.",,"wYCqaZcA+7slXlj5N/mM6vobrh4QDptp","vG946HPdyCak4YNcquSpnhDyztG1jnbiCP4A7p87kck=",
"7dddb198-ca9c-4c5e-9d6d-df732236fc9a","SERC_007.basePlot.bet","D02","SERC","SERC_007","N","2015-07-28","2015-08-11","2016-01-21","2015-10-28","VuceAg7yVyd8iwrZjSXXrXe/B1CVJ1jPz1ENJ+v4kKU=","NEON.BET.D02.001840","ANIRUS","Anisodactylus rusticus","species",,"Say",,"Noonan, G. R. 1973. The Anisodactylines (Insecta: Coleoptera: Carabidae: Harpalini): classification, evolution and zoogeography. Quaestiones Entomologicae 9:266-480.",,"wYCqaZcA+7slXlj5N/mM6vobrh4QDptp","vG946HPdyCak4YNcquSpnhDyztG1jnbiCP4A7p87kck=",
"7d5fe995-ea32-4591-a39c-06b7e075dd66","SERC_003.basePlot.bet","D02","SERC","SERC_003","N","2015-07-28","2015-08-11","2016-01-21","2015-10-28","CC7oYVgiCpCG6sExBGzz/CyOm6G/LS32bi76/qJuIR8=","NEON.BET.D02.001820","ANIMEL","Anisodactylus melanopus","species",,"Haldeman",,"Ciegler, J. C. 2000. Ground beetles and wrinkled bark beetles of South Carolina (Coleoptera: Geadephaga: Carabidae and Rhysodidae). Biota of South Carolina. Vol. 1. Clemson, S. Clemson University.",,"wYCqaZcA+7slXlj5N/mM6vobrh4QDptp","vG946HPdyCak4YNcquSpnhDyztG1jnbiCP4A7p87kck=",
"02f3bc35-7d1e-4b33-9afc-58997dea0b04","SERC_003.basePlot.bet","D02","SERC","SERC_003","N","2015-07-28","2015-08-11","2016-01-21","2015-09-24","CC7oYVgiCpCG6sExBGzz/FTxRtH/N6cgpd5qq+U4mqs=","NEON.BET.D02.001652","CARSP14","Carabidae sp.","family",,"Latreille","D02.2015.MorphA","Other",,"wYCqaZcA+7slXlj5N/mM6vobrh4QDptp","esNjjubcI51hdInmRHEEIrFR4+oIJtuN","Pterostichus subgenus Abacidus. Doesn't key to any described species- prosternal process margined, ultimate tarsomeres glabrous, pronotal margin distinct to base, aedeagus simple."
"8dcb30f5-4716-424b-99fe-87df464034ca","SERC_003.basePlot.bet","D02","SERC","SERC_003","N","2015-07-28","2015-08-11","2016-01-21","2015-09-24","CC7oYVgiCpCG6sExBGzz/IkejO6tYqP0n3scRbCkIkM=","NEON.BET.D02.001785","DICFUR2","Dicaelus furvus furvus","subspecies",,"Dejean",,"Ciegler, J. C. 2000. Ground beetles and wrinkled bark beetles of South Carolina (Coleoptera: Geadephaga: Carabidae and Rhysodidae). Biota of South Carolina. Vol. 1. Clemson, S. Clemson University.",,"wYCqaZcA+7slXlj5N/mM6vobrh4QDptp","vG946HPdyCak4YNcquSpnhDyztG1jnbiCP4A7p87kck=",
"67b06cde-8886-43ce-bf25-45b2c08cb6dd","SERC_006.basePlot.bet","D02","SERC","SERC_006","N","2015-07-28","2015-08-11","2016-01-21","2015-09-25","ulDxSdgiTKJShrRoRejxxgd6fOGDwQEN5SuA9PSNK/8=","NEON.BET.D02.001788","DICFUR2","Dicaelus furvus furvus","subspecies",,"Dejean",,"Ciegler, J. C. 2000. Ground beetles and wrinkled bark beetles of South Carolina (Coleoptera: Geadephaga: Carabidae and Rhysodidae). Biota of South Carolina. Vol. 1. Clemson, S. Clemson University.",,"wYCqaZcA+7slXlj5N/mM6vobrh4QDptp","vG946HPdyCak4YNcquSpnhDyztG1jnbiCP4A7p87kck=",
"cdb50620-6d3b-4336-8749-8bbf0c8b3711","SERC_010.basePlot.bet","D02","SERC","SERC_010","N","2015-07-28","2015-08-11","2016-01-21","2015-09-25","zJWEWmQZoMOE5uQVqsDQWgtxSDaxVEeaUuuCdLZ7Bcg=","NEON.BET.D02.001654","CARSP14","Carabidae sp.","family",,"Latreille","D02.2015.MorphA","Other",,"wYCqaZcA+7slXlj5N/mM6vobrh4QDptp","esNjjubcI51hdInmRHEEIrFR4+oIJtuN","Pterostichus subgenus Abacidus. Doesn't key to any described species- prosternal process margined, ultimate tarsomeres glabrous, pronotal margin distinct to base, aedeagus simple."
"baa9fca0-8ace-476b-8e0c-c2d688092463","SERC_006.basePlot.bet","D02","SERC","SERC_006","N","2015-07-28","2015-08-11","2016-01-21","2015-09-25","ulDxSdgiTKJShrRoRejxxgd6fOGDwQEN5SuA9PSNK/8=","NEON.BET.D02.001789","DICFUR2","Dicaelus furvus furvus","subspecies",,"Dejean",,"Ciegler, J. C. 2000. Ground beetles and wrinkled bark beetles of South Carolina (Coleoptera: Geadephaga: Carabidae and Rhysodidae). Biota of South Carolina. Vol. 1. Clemson, S. Clemson University.",,"wYCqaZcA+7slXlj5N/mM6vobrh4QDptp","vG946HPdyCak4YNcquSpnhDyztG1jnbiCP4A7p87kck=",
"81f47a62-efab-490b-bb69-d86222168870","SERC_006.basePlot.bet","D02","SERC","SERC_006","N","2015-07-28","2015-08-11","2016-01-15","2015-09-25","ulDxSdgiTKJShrRoRejxxk87BjPVCPZoD4g3IclBOcs=","NEON.BET.D02.001189","CARVIN","Carabus vinctus","species",,"Weber",,"Ciegler, J. C. 2000. Ground beetles and wrinkled bark beetles of South Carolina (Coleoptera: Geadephaga: Carabidae and Rhysodidae). Biota of South Carolina. Vol. 1. Clemson, S. Clemson University.",,"wYCqaZcA+7tKZqVSOMaNBCcRKvQIOBzP","HwrR06bjl3TqPXYD/ecX4LA/iftMi41T",
"b61b76f7-8221-43ed-9d54-8dcf732e481d","SERC_003.basePlot.bet","D02","SERC","SERC_003","S","2015-07-28","2015-08-11","2016-01-21","2015-11-10","CC7oYVgiCpCbybsEGlEH1uOP58myhHeH0FwXXxf7qRU=","NEON.BET.D02.001928","HARPEN","Harpalus pensylvanicus","species",,"DeGeer",,"Ball, G. E., and J. N. Anderson. 1962. The taxonomy and speciation of Pseudophonus (a subgenus of Harpalus: Haralini: Carabidae, known to occur in North America). The Catholic University of America Press, Washington 17, D. C.",,"wYCqaZcA+7slXlj5N/mM6vobrh4QDptp","vG946HPdyCak4YNcquSpnhDyztG1jnbiCP4A7p87kck=",
"ba48e1f7-5e03-4a42-82dd-ea8b2bcab28b","SERC_007.basePlot.bet","D02","SERC","SERC_007","S","2015-07-28","2015-08-11","2016-01-21","2015-10-28","VuceAg7yVycbihe2x8O8rHnpF02kXY3iGsN8/0Nnalc=","NEON.BET.D02.001843","ANIRUS","Anisodactylus rusticus","species",,"Say",,"Noonan, G. R. 1973. The Anisodactylines (Insecta: Coleoptera: Carabidae: Harpalini): classification, evolution and zoogeography. Quaestiones Entomologicae 9:266-480.",,"wYCqaZcA+7slXlj5N/mM6vobrh4QDptp","vG946HPdyCak4YNcquSpnhDyztG1jnbiCP4A7p87kck=",
"cf910453-92ad-4d54-a09a-647d6e41a610","SERC_007.basePlot.bet","D02","SERC","SERC_007","S","2015-07-28","2015-08-11","2016-01-21","2015-10-28","VuceAg7yVycbihe2x8O8rHnpF02kXY3iGsN8/0Nnalc=","NEON.BET.D02.001842","ANIRUS","Anisodactylus rusticus","species",,"Say",,"Noonan, G. R. 1973. The Anisodactylines (Insecta: Coleoptera: Carabidae: Harpalini): classification, evolution and zoogeography. Quaestiones Entomologicae 9:266-480.",,"wYCqaZcA+7slXlj5N/mM6vobrh4QDptp","vG946HPdyCak4YNcquSpnhDyztG1jnbiCP4A7p87kck=",
"1d08eeab-fd55-44f1-9ef2-74d10e436ccd","SERC_007.basePlot.bet","D02","SERC","SERC_007","S","2015-07-28","2015-08-11","2016-01-21","2015-11-10","VuceAg7yVycbihe2x8O8rE+pLKTJEnSRBytfIQNbQuE=","NEON.BET.D02.001925","HARPEN","Harpalus pensylvanicus","species",,"DeGeer",,"Ball, G. E., and J. N. Anderson. 1962. The taxonomy and speciation of Pseudophonus (a subgenus of Harpalus: Haralini: Carabidae, known to occur in North America). The Catholic University of America Press, Washington 17, D. C.",,"wYCqaZcA+7slXlj5N/mM6vobrh4QDptp","vG946HPdyCak4YNcquSpnhDyztG1jnbiCP4A7p87kck=",
"14bb2ce3-101f-4b4d-a111-b1abe0d2c1a3","SERC_007.basePlot.bet","D02","SERC","SERC_007","S","2015-07-28","2015-08-11","2016-01-21","2015-09-24","VuceAg7yVycbihe2x8O8rMwyka/B0j4FdMDksDC7KA0=","NEON.BET.D02.001967","AGOOCT","Agonum octopunctatum","species",,"Fabricius",,"Ciegler, J. C. 2000. Ground beetles and wrinkled bark beetles of South Carolina (Coleoptera: Geadephaga: Carabidae and Rhysodidae). Biota of South Carolina. Vol. 1. Clemson, S. Clemson University.",,"wYCqaZcA+7slXlj5N/mM6vobrh4QDptp","vG946HPdyCak4YNcquSpnhDyztG1jnbiCP4A7p87kck=",
"967c0ee0-d6f7-4e56-ab1b-baa1a395ac1a","SERC_006.basePlot.bet","D02","SERC","SERC_006","S","2015-07-28","2015-08-11","2016-01-21","2015-09-25","ulDxSdgiTKIzGwTPWdjoLCRzQHt30ANNIyfRkJX7wqs=","NEON.BET.D02.001648","CARSP14","Carabidae sp.","family",,"Latreille","D02.2015.MorphA","Other",,"wYCqaZcA+7slXlj5N/mM6vobrh4QDptp","esNjjubcI51hdInmRHEEIrFR4+oIJtuN","Pterostichus subgenus Abacidus. Doesn't key to any described species- prosternal process margined, ultimate tarsomeres glabrous, pronotal margin distinct to base, aedeagus simple."
"3bd1d0e5-735d-4eb8-8d40-2249e063616d","SERC_003.basePlot.bet","D02","SERC","SERC_003","S","2015-07-28","2015-08-11","2016-01-21","2015-11-10","CC7oYVgiCpCbybsEGlEH1uOP58myhHeH0FwXXxf7qRU=","NEON.BET.D02.001929","HARPEN","Harpalus pensylvanicus","species",,"DeGeer",,"Ball, G. E., and J. N. Anderson. 1962. The taxonomy and speciation of Pseudophonus (a subgenus of Harpalus: Haralini: Carabidae, known to occur in North America). The Catholic University of America Press, Washington 17, D. C.",,"wYCqaZcA+7slXlj5N/mM6vobrh4QDptp","vG946HPdyCak4YNcquSpnhDyztG1jnbiCP4A7p87kck=",
"c1d9433d-4ef0-46d5-9d84-3cb42a4a487d","SERC_006.basePlot.bet","D02","SERC","SERC_006","S","2015-07-28","2015-08-11","2016-01-21","2015-09-25","ulDxSdgiTKIzGwTPWdjoLCRzQHt30ANNIyfRkJX7wqs=","NEON.BET.D02.001649","CARSP14","Carabidae sp.","family",,"Latreille","D02.2015.MorphA","Other",,"wYCqaZcA+7slXlj5N/mM6vobrh4QDptp","esNjjubcI51hdInmRHEEIrFR4+oIJtuN","Pterostichus subgenus Abacidus. Doesn't key to any described species- prosternal process margined, ultimate tarsomeres glabrous, pronotal margin distinct to base, aedeagus simple."
"38d67690-6142-429c-a83b-050c0dfd175c","SERC_006.basePlot.bet","D02","SERC","SERC_006","S","2015-07-28","2015-08-11","2016-01-21","2015-09-25","ulDxSdgiTKIzGwTPWdjoLCRzQHt30ANNIyfRkJX7wqs=","NEON.BET.D02.001650","CARSP14","Carabidae sp.","family",,"Latreille","D02.2015.MorphA","Other",,"wYCqaZcA+7slXlj5N/mM6vobrh4QDptp","esNjjubcI51hdInmRHEEIrFR4+oIJtuN","Pterostichus subgenus Abacidus. Doesn't key to any described species- prosternal process margined, ultimate tarsomeres glabrous, pronotal margin distinct to base, aedeagus simple."
"85170e5f-c3a5-4f9a-8166-84b1fb86b840","SERC_007.basePlot.bet","D02","SERC","SERC_007","S","2015-07-28","2015-08-11","2016-01-20","2015-09-24","VuceAg7yVycbihe2x8O8rAWjub5rMQUJm8Igu2ZbbIc=","NEON.BET.D02.001354","ELAXAN","Elaphropus xanthopus","species",,"Dejean",,"Bousquet, Y. 2010b. Illustrated Identification Guide to Adults and Larvae of Northeastern North American Ground Beetles (Coleoptera: Carabidae). 1st Ed. Pensoft Publishers, Sofia, Bulgaria.",,"wYCqaZcA+7tKZqVSOMaNBCcRKvQIOBzP","esNjjubcI51hdInmRHEEIrFR4+oIJtuN",
"cafebbf6-25f1-4691-90e1-e71c3d4f122e","SERC_007.basePlot.bet","D02","SERC","SERC_007","S","2015-07-28","2015-08-11","2016-01-20","2015-09-24","VuceAg7yVycbihe2x8O8rAWjub5rMQUJm8Igu2ZbbIc=","NEON.BET.D02.001355","ELAXAN","Elaphropus xanthopus","species",,"Dejean",,"Bousquet, Y. 2010b. Illustrated Identification Guide to Adults and Larvae of Northeastern North American Ground Beetles (Coleoptera: Carabidae). 1st Ed. Pensoft Publishers, Sofia, Bulgaria.",,"wYCqaZcA+7tKZqVSOMaNBCcRKvQIOBzP","esNjjubcI51hdInmRHEEIrFR4+oIJtuN",
"00308a3f-ebf3-453a-96a1-53bb0c21d6fa","SERC_007.basePlot.bet","D02","SERC","SERC_007","S","2015-07-28","2015-08-11","2016-01-20","2015-09-24","VuceAg7yVycbihe2x8O8rAWjub5rMQUJm8Igu2ZbbIc=","NEON.BET.D02.001353","ELAXAN","Elaphropus xanthopus","species",,"Dejean",,"Bousquet, Y. 2010b. Illustrated Identification Guide to Adults and Larvae of Northeastern North American Ground Beetles (Coleoptera: Carabidae). 1st Ed. Pensoft Publishers, Sofia, Bulgaria.",,"wYCqaZcA+7tKZqVSOMaNBCcRKvQIOBzP","esNjjubcI51hdInmRHEEIrFR4+oIJtuN",
"8e4b3ef4-896c-4748-a6d6-5fcde52a2307","SERC_007.basePlot.bet","D02","SERC","SERC_007","W","2015-07-28","2015-08-11","2016-01-21","2015-11-10","VuceAg7yVycN8DaQWzDzg/MzmNelxgn8iCQqKdH5Cck=","NEON.BET.D02.001926","HARPEN","Harpalus pensylvanicus","species",,"DeGeer",,"Ball, G. E., and J. N. Anderson. 1962. The taxonomy and speciation of Pseudophonus (a subgenus of Harpalus: Haralini: Carabidae, known to occur in North America). The Catholic University of America Press, Washington 17, D. C.",,"wYCqaZcA+7slXlj5N/mM6vobrh4QDptp","vG946HPdyCak4YNcquSpnhDyztG1jnbiCP4A7p87kck=",
"3d0499fe-0be3-49b5-96dc-317ebf3406e4","SERC_006.basePlot.bet","D02","SERC","SERC_006","W","2015-07-28","2015-08-11","2016-01-21","2015-09-25","ulDxSdgiTKLdBAsavAcEZX9n/byl7RBmuv23gwXpCAw=","NEON.BET.D02.001790","DICFUR2","Dicaelus furvus furvus","subspecies",,"Dejean",,"Ciegler, J. C. 2000. Ground beetles and wrinkled bark beetles of South Carolina (Coleoptera: Geadephaga: Carabidae and Rhysodidae). Biota of South Carolina. Vol. 1. Clemson, S. Clemson University.",,"wYCqaZcA+7slXlj5N/mM6vobrh4QDptp","vG946HPdyCak4YNcquSpnhDyztG1jnbiCP4A7p87kck=",
"8e67a5cc-b8d9-4080-9d4d-62ec259df4a1","SERC_003.basePlot.bet","D02","SERC","SERC_003","W","2015-07-28","2015-08-11","2016-01-21","2015-09-24","CC7oYVgiCpAMTHWtAUJFjvvk4HpDXU10+cxy9rdxgAw=","NEON.BET.D02.001751","DICDIL1","Dicaelus dilatatus dilatatus","subspecies",,"Say",,"Ciegler, J. C. 2000. Ground beetles and wrinkled bark beetles of South Carolina (Coleoptera: Geadephaga: Carabidae and Rhysodidae). Biota of South Carolina. Vol. 1. Clemson, S. Clemson University.",,"wYCqaZcA+7slXlj5N/mM6vobrh4QDptp","vG946HPdyCak4YNcquSpnhDyztG1jnbiCP4A7p87kck=",
"451ba2ba-090c-437d-818d-7e71cd52c33d","SERC_007.basePlot.bet","D02","SERC","SERC_007","W","2015-07-28","2015-08-11","2016-01-20","2015-09-24","VuceAg7yVycN8DaQWzDzg7D2ER5QtzNhO29QWuh0cG0=","NEON.BET.D02.001359","ELAXAN","Elaphropus xanthopus","species",,"Dejean",,"Bousquet, Y. 2010b. Illustrated Identification Guide to Adults and Larvae of Northeastern North American Ground Beetles (Coleoptera: Carabidae). 1st Ed. Pensoft Publishers, Sofia, Bulgaria.",,"wYCqaZcA+7tKZqVSOMaNBCcRKvQIOBzP","esNjjubcI51hdInmRHEEIrFR4+oIJtuN",
"42cde687-df8a-420f-996d-b6ed78b2f23b","SERC_007.basePlot.bet","D02","SERC","SERC_007","W","2015-07-28","2015-08-11","2016-01-20","2015-09-24","VuceAg7yVycN8DaQWzDzg7D2ER5QtzNhO29QWuh0cG0=","NEON.BET.D02.001362","ELAXAN","Elaphropus xanthopus","species",,"Dejean",,"Bousquet, Y. 2010b. Illustrated Identification Guide to Adults and Larvae of Northeastern North American Ground Beetles (Coleoptera: Carabidae). 1st Ed. Pensoft Publishers, Sofia, Bulgaria.",,"wYCqaZcA+7tKZqVSOMaNBCcRKvQIOBzP","esNjjubcI51hdInmRHEEIrFR4+oIJtuN",
"b6f24d11-8ec8-496e-9f9c-89e77b88a94a","SERC_007.basePlot.bet","D02","SERC","SERC_007","W","2015-07-28","2015-08-11","2016-01-20","2015-09-24","VuceAg7yVycN8DaQWzDzg7D2ER5QtzNhO29QWuh0cG0=","NEON.BET.D02.001361","ELAXAN","Elaphropus xanthopus","species",,"Dejean",,"Bousquet, Y. 2010b. Illustrated Identification Guide to Adults and Larvae of Northeastern North American Ground Beetles (Coleoptera: Carabidae). 1st Ed. Pensoft Publishers, Sofia, Bulgaria.",,"wYCqaZcA+7tKZqVSOMaNBCcRKvQIOBzP","esNjjubcI51hdInmRHEEIrFR4+oIJtuN",
"c53171cd-3215-4b22-9102-71106685fd55","SERC_003.basePlot.bet","D02","SERC","SERC_003","W","2015-07-28","2015-08-11","2016-01-15","2015-09-24","CC7oYVgiCpAMTHWtAUJFju2yNcqUUDfKo3c+B/2UjHA=","NEON.BET.D02.001188","CARVIN","Carabus vinctus","species",,"Weber",,"Ciegler, J. C. 2000. Ground beetles and wrinkled bark beetles of South Carolina (Coleoptera: Geadephaga: Carabidae and Rhysodidae). Biota of South Carolina. Vol. 1. Clemson, S. Clemson University.",,"wYCqaZcA+7tKZqVSOMaNBCcRKvQIOBzP","HwrR06bjl3TqPXYD/ecX4LA/iftMi41T",
"ee721cde-9706-4520-9924-54e7c0ef54a3","SERC_007.basePlot.bet","D02","SERC","SERC_007","W","2015-07-28","2015-08-11","2016-01-20","2015-09-24","VuceAg7yVycN8DaQWzDzg7D2ER5QtzNhO29QWuh0cG0=","NEON.BET.D02.001358","ELAXAN","Elaphropus xanthopus","species",,"Dejean",,"Bousquet, Y. 2010b. Illustrated Identification Guide to Adults and Larvae of Northeastern North American Ground Beetles (Coleoptera: Carabidae). 1st Ed. Pensoft Publishers, Sofia, Bulgaria.",,"wYCqaZcA+7tKZqVSOMaNBCcRKvQIOBzP","esNjjubcI51hdInmRHEEIrFR4+oIJtuN",
"2367db08-9bb3-488b-8aec-10ce1e38e1a4","SERC_007.basePlot.bet","D02","SERC","SERC_007","W","2015-07-28","2015-08-11","2016-01-20","2015-09-24","VuceAg7yVycN8DaQWzDzg7D2ER5QtzNhO29QWuh0cG0=","NEON.BET.D02.001360","ELAXAN","Elaphropus xanthopus","species",,"Dejean",,"Bousquet, Y. 2010b. Illustrated Identification Guide to Adults and Larvae of Northeastern North American Ground Beetles (Coleoptera: Carabidae). 1st Ed. Pensoft Publishers, Sofia, Bulgaria.",,"wYCqaZcA+7tKZqVSOMaNBCcRKvQIOBzP","esNjjubcI51hdInmRHEEIrFR4+oIJtuN",
"9a544325-e85d-4ab4-bc20-ca0d272439e6","SERC_001.basePlot.bet","D02","SERC","SERC_001","E","2015-08-11","2015-08-25","2016-01-21","2015-09-29","UaGVcrvVzDNwkOl+brc1rHRTGeCEb73u9p1fUK3AZXM=","NEON.BET.D02.001791","DICFUR2","Dicaelus furvus furvus","subspecies",,"Dejean",,"Ciegler, J. C. 2000. Ground beetles and wrinkled bark beetles of South Carolina (Coleoptera: Geadephaga: Carabidae and Rhysodidae). Biota of South Carolina. Vol. 1. Clemson, S. Clemson University.",,"wYCqaZcA+7slXlj5N/mM6vobrh4QDptp","vG946HPdyCak4YNcquSpnhDyztG1jnbiCP4A7p87kck=",
"122b1273-0244-449a-9d58-ebd1b7457b17","SERC_007.basePlot.bet","D02","SERC","SERC_007","W","2015-08-11","2015-08-25","2016-01-15","2015-09-29","VuceAg7yVycN8DaQWzDzg0GAkc1EtD53iAWAj/wgUws=","NEON.BET.D02.001265","SCASUB2","Scarites subterraneus","species",,"Fabricius",,"Other",,"wYCqaZcA+7tKZqVSOMaNBCcRKvQIOBzP","HwrR06bjl3TqPXYD/ecX4LA/iftMi41T",
"4c1cff8f-a4c1-4814-88cc-2bc894444513","SERC_016.basePlot.bet","D02","SERC","SERC_016","E","2015-08-11","2015-08-25","2016-01-21","2015-09-29","YVGGTAS4Nw9I7wcGu/Kj87aIY5IUAlCVB8Tg3OZszIY=","NEON.BET.D02.001792","DICFUR2","Dicaelus furvus furvus","subspecies",,"Dejean",,"Ciegler, J. C. 2000. Ground beetles and wrinkled bark beetles of South Carolina (Coleoptera: Geadephaga: Carabidae and Rhysodidae). Biota of South Carolina. Vol. 1. Clemson, S. Clemson University.",,"wYCqaZcA+7slXlj5N/mM6vobrh4QDptp","vG946HPdyCak4YNcquSpnhDyztG1jnbiCP4A7p87kck=",
"c5f59f8c-89fa-4bb5-aeba-db0749274633","SERC_001.basePlot.bet","D02","SERC","SERC_001","E","2015-08-11","2015-08-25","2016-01-21","2015-09-29","UaGVcrvVzDNwkOl+brc1rMeupBETNHQXpBRixZ5A/7U=","NEON.BET.D02.001809","DICAMB","Dicaelus ambiguus","species",,"LaFerte-Senectere",,"Ciegler, J. C. 2000. Ground beetles and wrinkled bark beetles of South Carolina (Coleoptera: Geadephaga: Carabidae and Rhysodidae). Biota of South Carolina. Vol. 1. Clemson, S. Clemson University.",,"wYCqaZcA+7slXlj5N/mM6vobrh4QDptp","vG946HPdyCak4YNcquSpnhDyztG1jnbiCP4A7p87kck=",
"5c9daa1f-298b-4eb9-ae43-9cd6d10babbf","SERC_007.basePlot.bet","D02","SERC","SERC_007","E","2015-08-11","2015-08-25","2016-01-20","2015-09-29","VuceAg7yVydSuT/FC6hzou3jxZBuuBxtcYDZL0Efhpw=","NEON.BET.D02.001363","ELAXAN","Elaphropus xanthopus","species",,"Dejean",,"Bousquet, Y. 2010b. Illustrated Identification Guide to Adults and Larvae of Northeastern North American Ground Beetles (Coleoptera: Carabidae). 1st Ed. Pensoft Publishers, Sofia, Bulgaria.",,"wYCqaZcA+7tKZqVSOMaNBCcRKvQIOBzP","esNjjubcI51hdInmRHEEIrFR4+oIJtuN",
"74c91f67-a249-408a-a367-9e2773f93ab3","SERC_016.basePlot.bet","D02","SERC","SERC_016","E","2015-08-11","2015-08-25","2016-01-15","2015-09-29","YVGGTAS4Nw9I7wcGu/Kj8zHJnrToL1w009ee3HzTL8c=","NEON.BET.D02.001190","CARVIN","Carabus vinctus","species",,"Weber",,"Ciegler, J. C. 2000. Ground beetles and wrinkled bark beetles of South Carolina (Coleoptera: Geadephaga: Carabidae and Rhysodidae). Biota of South Carolina. Vol. 1. Clemson, S. Clemson University.",,"wYCqaZcA+7tKZqVSOMaNBCcRKvQIOBzP","HwrR06bjl3TqPXYD/ecX4LA/iftMi41T",
"3680a9bb-5faf-40f2-99c1-4673a67def2c","SERC_003.basePlot.bet","D02","SERC","SERC_003","N","2015-08-11","2015-08-25","2016-01-20","2015-11-30","CC7oYVgiCpCG6sExBGzz/OkQ5v/T10FlCw8T6RodHt0=","NEON.BET.D02.001449","BRAALT","Brachinus alternans","species",,"Dejean",,"Erwin, T. L. 1970a. A Reclassification of Bombardier Beetles and a Taxonomic Revision of the North and Middle American Species (Carabidae: Brachinida). Quaestiones Entomologicae 6:4-215.",,"wYCqaZcA+7slXlj5N/mM6vobrh4QDptp","esNjjubcI51hdInmRHEEIrFR4+oIJtuN",
"08efa198-c714-4a37-89b1-39dd94ec5677","SERC_009.basePlot.bet","D02","SERC","SERC_009","N","2015-08-11","2015-08-25","2016-01-21","2015-09-29","tTNfz4yHzdkwSEnQtNH8bcSLNRNHFBm9RMrOsjyVKNs=","NEON.BET.D02.001558","PTESTY","Pterostichus stygicus","species",,"Say",,"Bousquet, Y. 2010b. Illustrated Identification Guide to Adults and Larvae of Northeastern North American Ground Beetles (Coleoptera: Carabidae). 1st Ed. Pensoft Publishers, Sofia, Bulgaria.",,"wYCqaZcA+7slXlj5N/mM6vobrh4QDptp","esNjjubcI51hdInmRHEEIrFR4+oIJtuN",
"1ce6adf3-814a-433f-a4a3-23a14a1cb143","SERC_003.basePlot.bet","D02","SERC","SERC_003","N","2015-08-11","2015-08-25","2016-01-21","2015-09-29","CC7oYVgiCpCG6sExBGzz/AO/jjH5us5ZQv/uaDxB2mI=","NEON.BET.D02.001673","CYCSIG","Cyclotrachelus sigillatus","species",,"Say",,"Freitag, R. 1969. A revision of the species of the genus Evarthrus LeConte. Quaestiones Entomologicae 5:89-212.",,"wYCqaZcA+7slXlj5N/mM6vobrh4QDptp","esNjjubcI51hdInmRHEEIrFR4+oIJtuN",
"553aac10-4d26-4a4b-ba66-87cd6e160c14","SERC_007.basePlot.bet","D02","SERC","SERC_007","S","2015-08-11","2015-08-25","2016-01-21","2015-09-29","VuceAg7yVycbihe2x8O8rDGxbxErzHA7LUxXS6O4Jas=","NEON.BET.D02.001675","CYCSIG","Cyclotrachelus sigillatus","species",,"Say",,"Freitag, R. 1969. A revision of the species of the genus Evarthrus LeConte. Quaestiones Entomologicae 5:89-212.",,"wYCqaZcA+7slXlj5N/mM6vobrh4QDptp","esNjjubcI51hdInmRHEEIrFR4+oIJtuN",
"ffc0b0a0-f541-4f8a-8d37-b7a6b2a58649","SERC_007.basePlot.bet","D02","SERC","SERC_007","S","2015-08-11","2015-08-25","2016-01-21","2015-10-28","VuceAg7yVycbihe2x8O8rElDAqhssan5qfpnG7+PZMc=","NEON.BET.D02.001931","HARPEN","Harpalus pensylvanicus","species",,"DeGeer",,"Ball, G. E., and J. N. Anderson. 1962. The taxonomy and speciation of Pseudophonus (a subgenus of Harpalus: Haralini: Carabidae, known to occur in North America). The Catholic University of America Press, Washington 17, D. C.",,"wYCqaZcA+7slXlj5N/mM6vobrh4QDptp","vG946HPdyCak4YNcquSpnhDyztG1jnbiCP4A7p87kck=",
"e0208c1c-8360-4775-a397-52a20a4ff53f","SERC_007.basePlot.bet","D02","SERC","SERC_007","S","2015-08-11","2015-08-25","2016-01-21","2015-09-29","VuceAg7yVycbihe2x8O8rDGxbxErzHA7LUxXS6O4Jas=","NEON.BET.D02.001678","CYCSIG","Cyclotrachelus sigillatus","species",,"Say",,"Freitag, R. 1969. A revision of the species of the genus Evarthrus LeConte. Quaestiones Entomologicae 5:89-212.",,"wYCqaZcA+7slXlj5N/mM6vobrh4QDptp","esNjjubcI51hdInmRHEEIrFR4+oIJtuN",
"8092fff6-fb7a-4050-86b1-ba45cf13234d","SERC_009.basePlot.bet","D02","SERC","SERC_009","S","2015-08-11","2015-08-25","2016-01-21","2015-09-29","tTNfz4yHzdmJFQIid5wgzvx7j85wsqi38H/i7VumPxo=","NEON.BET.D02.001725","CHLAES","Chlaenius aestivus","species",,"Say",,"Ciegler, J. C. 2000. Ground beetles and wrinkled bark beetles of South Carolina (Coleoptera: Geadephaga: Carabidae and Rhysodidae). Biota of South Carolina. Vol. 1. Clemson, S. Clemson University.",,"wYCqaZcA+7slXlj5N/mM6vobrh4QDptp","esNjjubcI51hdInmRHEEIrFR4+oIJtuN",
"8190012f-f6a1-40b3-a924-83a5976717d9","SERC_007.basePlot.bet","D02","SERC","SERC_007","S","2015-08-11","2015-08-25","2016-01-21","2015-09-29","VuceAg7yVycbihe2x8O8rDGxbxErzHA7LUxXS6O4Jas=","NEON.BET.D02.001677","CYCSIG","Cyclotrachelus sigillatus","species",,"Say",,"Freitag, R. 1969. A revision of the species of the genus Evarthrus LeConte. Quaestiones Entomologicae 5:89-212.",,"wYCqaZcA+7slXlj5N/mM6vobrh4QDptp","esNjjubcI51hdInmRHEEIrFR4+oIJtuN",
"503986e5-1683-466a-9995-228e2c829f5c","SERC_007.basePlot.bet","D02","SERC","SERC_007","S","2015-08-11","2015-08-25","2016-01-21","2015-09-29","VuceAg7yVycbihe2x8O8rIr0VJDU4Rb0TmexvLyhIwQ=","NEON.BET.D02.001968","AGOOCT","Agonum octopunctatum","species",,"Fabricius",,"Ciegler, J. C. 2000. Ground beetles and wrinkled bark beetles of South Carolina (Coleoptera: Geadephaga: Carabidae and Rhysodidae). Biota of South Carolina. Vol. 1. Clemson, S. Clemson University.",,"wYCqaZcA+7slXlj5N/mM6vobrh4QDptp","vG946HPdyCak4YNcquSpnhDyztG1jnbiCP4A7p87kck=",
"dc7247c8-c705-446e-800e-c7f9ce278f96","SERC_007.basePlot.bet","D02","SERC","SERC_007","S","2015-08-11","2015-08-25","2016-01-21","2015-10-28","VuceAg7yVycbihe2x8O8rElDAqhssan5qfpnG7+PZMc=","NEON.BET.D02.001934","HARPEN","Harpalus pensylvanicus","species",,"DeGeer",,"Ball, G. E., and J. N. Anderson. 1962. The taxonomy and speciation of Pseudophonus (a subgenus of Harpalus: Haralini: Carabidae, known to occur in North America). The Catholic University of America Press, Washington 17, D. C.",,"wYCqaZcA+7slXlj5N/mM6vobrh4QDptp","vG946HPdyCak4YNcquSpnhDyztG1jnbiCP4A7p87kck=",
"d2bb106b-497d-43b5-9b44-87bf692d5a2b","SERC_007.basePlot.bet","D02","SERC","SERC_007","S","2015-08-11","2015-08-25","2016-01-21","2015-10-28","VuceAg7yVycbihe2x8O8rElDAqhssan5qfpnG7+PZMc=","NEON.BET.D02.001933","HARPEN","Harpalus pensylvanicus","species",,"DeGeer",,"Ball, G. E., and J. N. Anderson. 1962. The taxonomy and speciation of Pseudophonus (a subgenus of Harpalus: Haralini: Carabidae, known to occur in North America). The Catholic University of America Press, Washington 17, D. C.",,"wYCqaZcA+7slXlj5N/mM6vobrh4QDptp","vG946HPdyCak4YNcquSpnhDyztG1jnbiCP4A7p87kck=",
"7e88b992-1d2f-4720-b659-c6841efa184b","SERC_007.basePlot.bet","D02","SERC","SERC_007","S","2015-08-11","2015-08-25","2016-01-21","2015-09-29","VuceAg7yVycbihe2x8O8rDGxbxErzHA7LUxXS6O4Jas=","NEON.BET.D02.001676","CYCSIG","Cyclotrachelus sigillatus","species",,"Say",,"Freitag, R. 1969. A revision of the species of the genus Evarthrus LeConte. Quaestiones Entomologicae 5:89-212.",,"wYCqaZcA+7slXlj5N/mM6vobrh4QDptp","esNjjubcI51hdInmRHEEIrFR4+oIJtuN",
"6cf16c44-05b4-4ba1-8f68-df99c489774f","SERC_007.basePlot.bet","D02","SERC","SERC_007","S","2015-08-11","2015-08-25","2016-01-21","2015-10-28","VuceAg7yVycbihe2x8O8rElDAqhssan5qfpnG7+PZMc=","NEON.BET.D02.001932","HARPEN","Harpalus pensylvanicus","species",,"DeGeer",,"Ball, G. E., and J. N. Anderson. 1962. The taxonomy and speciation of Pseudophonus (a subgenus of Harpalus: Haralini: Carabidae, known to occur in North America). The Catholic University of America Press, Washington 17, D. C.",,"wYCqaZcA+7slXlj5N/mM6vobrh4QDptp","vG946HPdyCak4YNcquSpnhDyztG1jnbiCP4A7p87kck=",
"b3893d85-cf5b-4a6e-a2e7-3496139699b9","SERC_007.basePlot.bet","D02","SERC","SERC_007","S","2015-08-11","2015-08-25","2016-01-21","2015-10-28","VuceAg7yVycbihe2x8O8rElDAqhssan5AGuCxZCgb6g=","NEON.BET.D02.001909","HARPRO1","Harpalus protractus","species",,"Casey",,"Ball, G. E., and J. N. Anderson. 1962. The taxonomy and speciation of Pseudophonus (a subgenus of Harpalus: Haralini: Carabidae, known to occur in North America). The Catholic University of America Press, Washington 17, D. C.",,"wYCqaZcA+7slXlj5N/mM6vobrh4QDptp","vG946HPdyCak4YNcquSpnhDyztG1jnbiCP4A7p87kck=",
"2cd7e6d6-2a5f-41a7-9ed8-3ba9d5536420","SERC_006.basePlot.bet","D02","SERC","SERC_006","S","2015-08-11","2015-08-25","2016-01-21","2015-09-29","ulDxSdgiTKIzGwTPWdjoLKGezpqYqEzI3RPOR/G65v8=","NEON.BET.D02.001656","CARSP14","Carabidae sp.","family",,"Latreille","D02.2015.MorphA","Other",,"wYCqaZcA+7slXlj5N/mM6vobrh4QDptp","esNjjubcI51hdInmRHEEIrFR4+oIJtuN","Pterostichus subgenus Abacidus. Doesn't key to any described species- prosternal process margined, ultimate tarsomeres glabrous, pronotal margin distinct to base, aedeagus simple."
"4bd5cbad-b587-4786-8161-2ffdaecefc78","SERC_007.basePlot.bet","D02","SERC","SERC_007","S","2015-08-11","2015-08-25","2016-01-20","2015-09-29","VuceAg7yVycbihe2x8O8rOLlBlk/BEJ2a8X2HVZGZus=","NEON.BET.D02.001397","ELAINC","Elaphropus incurvus","species",,"Say",,"Bousquet, Y. 2010b. Illustrated Identification Guide to Adults and Larvae of Northeastern North American Ground Beetles (Coleoptera: Carabidae). 1st Ed. Pensoft Publishers, Sofia, Bulgaria.",,"wYCqaZcA+7slXlj5N/mM6vobrh4QDptp","esNjjubcI51hdInmRHEEIrFR4+oIJtuN",
"decfa0f6-71a1-4261-ad0a-11b532cd06ab","SERC_006.basePlot.bet","D02","SERC","SERC_006","S","2015-08-11","2015-08-25","2016-01-21","2015-09-29","ulDxSdgiTKIzGwTPWdjoLDN+EKW6zaVNgloVZD8PANM=","NEON.BET.D02.001672","CYCSIG","Cyclotrachelus sigillatus","species",,"Say",,"Freitag, R. 1969. A revision of the species of the genus Evarthrus LeConte. Quaestiones Entomologicae 5:89-212.",,"wYCqaZcA+7slXlj5N/mM6vobrh4QDptp","esNjjubcI51hdInmRHEEIrFR4+oIJtuN",
"8869542c-aeda-459f-a3a7-18afcaf7ddbe","SERC_010.basePlot.bet","D02","SERC","SERC_010","S","2015-08-11","2015-08-25","2016-01-21","2015-09-29","zJWEWmQZoMNAenyerOxLOIZoqE/Edg4WhV9WNjLC4UU=","NEON.BET.D02.001661","CARSP14","Carabidae sp.","family",,"Latreille","D02.2015.MorphA","Other",,"wYCqaZcA+7slXlj5N/mM6vobrh4QDptp","esNjjubcI51hdInmRHEEIrFR4+oIJtuN","Pterostichus subgenus Abacidus. Doesn't key to any described species- prosternal process margined, ultimate tarsomeres glabrous, pronotal margin distinct to base, aedeagus simple."
"81567052-0ea7-45cc-b991-335fb74f135e","SERC_009.basePlot.bet","D02","SERC","SERC_009","S","2015-08-11","2015-08-25","2016-01-21","2015-09-29","tTNfz4yHzdmJFQIid5wgzg+crkQq07O8Ir7004yi/vA=","NEON.BET.D02.001674","CYCSIG","Cyclotrachelus sigillatus","species",,"Say",,"Freitag, R. 1969. A revision of the species of the genus Evarthrus LeConte. Quaestiones Entomologicae 5:89-212.",,"wYCqaZcA+7slXlj5N/mM6vobrh4QDptp","esNjjubcI51hdInmRHEEIrFR4+oIJtuN",
"0f826223-bf5e-44d9-a2ce-84b0c6519c1c","SERC_006.basePlot.bet","D02","SERC","SERC_006","S","2015-08-11","2015-08-25","2016-01-21","2015-09-29","ulDxSdgiTKIzGwTPWdjoLKGezpqYqEzI3RPOR/G65v8=","NEON.BET.D02.001657","CARSP14","Carabidae sp.","family",,"Latreille","D02.2015.MorphA","Other",,"wYCqaZcA+7slXlj5N/mM6vobrh4QDptp","esNjjubcI51hdInmRHEEIrFR4+oIJtuN","Pterostichus subgenus Abacidus. Doesn't key to any described species- prosternal process margined, ultimate tarsomeres glabrous, pronotal margin distinct to base, aedeagus simple."
"26acbfb6-855f-4f2c-83a2-faab4d863875","SERC_016.basePlot.bet","D02","SERC","SERC_016","W","2015-08-11","2015-08-25","2016-01-21","2015-09-29","YVGGTAS4Nw9LB+ZV7esb34z/n8TbjrHneTSQyZfxr9w=","NEON.BET.D02.001727","CHLAES","Chlaenius aestivus","species",,"Say",,"Ciegler, J. C. 2000. Ground beetles and wrinkled bark beetles of South Carolina (Coleoptera: Geadephaga: Carabidae and Rhysodidae). Biota of South Carolina. Vol. 1. Clemson, S. Clemson University.",,"wYCqaZcA+7slXlj5N/mM6vobrh4QDptp","esNjjubcI51hdInmRHEEIrFR4+oIJtuN",
"1347e9ac-e660-4e58-acff-278531cb1e57","SERC_002.basePlot.bet","D02","SERC","SERC_002","W","2015-08-11","2015-08-25","2016-01-21","2015-09-29","YcnMnCZo63lEMCEtrcXtsYzGJLfFxntpTQw5d+GAp/M=","NEON.BET.D02.001724","CHLAES","Chlaenius aestivus","species",,"Say",,"Ciegler, J. C. 2000. Ground beetles and wrinkled bark beetles of South Carolina (Coleoptera: Geadephaga: Carabidae and Rhysodidae). Biota of South Carolina. Vol. 1. Clemson, S. Clemson University.",,"wYCqaZcA+7slXlj5N/mM6vobrh4QDptp","esNjjubcI51hdInmRHEEIrFR4+oIJtuN",
"17df6124-af59-4739-87b7-4ae02fd314af","SERC_002.basePlot.bet","D02","SERC","SERC_002","W","2015-08-11","2015-08-25","2016-01-21","2015-09-29","YcnMnCZo63lEMCEtrcXtsfYAf+4ixk0JFHcJZuoWpsw=","NEON.BET.D02.001953","SYNIMP","Synuchus impunctatus","species",,"Say",,"Bousquet, Y. 2010b. Illustrated Identification Guide to Adults and Larvae of Northeastern North American Ground Beetles (Coleoptera: Carabidae). 1st Ed. Pensoft Publishers, Sofia, Bulgaria.",,"wYCqaZcA+7slXlj5N/mM6vobrh4QDptp","vG946HPdyCak4YNcquSpnhDyztG1jnbiCP4A7p87kck=",
"e256e8f8-ce66-4a1c-a9a1-d4db507a729a","SERC_007.basePlot.bet","D02","SERC","SERC_007","W","2015-08-11","2015-08-25","2016-01-21","2015-09-29","VuceAg7yVycN8DaQWzDzgyIeqrFGQ8GAINRmLG/qBGw=","NEON.BET.D02.001935","HARPEN","Harpalus pensylvanicus","species",,"DeGeer",,"Ball, G. E., and J. N. Anderson. 1962. The taxonomy and speciation of Pseudophonus (a subgenus of Harpalus: Haralini: Carabidae, known to occur in North America). The Catholic University of America Press, Washington 17, D. C.",,"wYCqaZcA+7slXlj5N/mM6vobrh4QDptp","vG946HPdyCak4YNcquSpnhDyztG1jnbiCP4A7p87kck=",
"5bad0177-2f6c-43e2-af23-142676f047a2","SERC_007.basePlot.bet","D02","SERC","SERC_007","W","2015-08-11","2015-08-25","2016-01-21","2015-09-29","VuceAg7yVycN8DaQWzDzgyIeqrFGQ8GAINRmLG/qBGw=","NEON.BET.D02.001936","HARPEN","Harpalus pensylvanicus","species",,"DeGeer",,"Ball, G. E., and J. N. Anderson. 1962. The taxonomy and speciation of Pseudophonus (a subgenus of Harpalus: Haralini: Carabidae, known to occur in North America). The Catholic University of America Press, Washington 17, D. C.",,"wYCqaZcA+7slXlj5N/mM6vobrh4QDptp","vG946HPdyCak4YNcquSpnhDyztG1jnbiCP4A7p87kck=",
"f8cc26e3-f95d-4a4b-a9c6-7ee33f911458","SERC_007.basePlot.bet","D02","SERC","SERC_007","W","2015-08-11","2015-08-25","2016-01-21","2015-09-29","VuceAg7yVycN8DaQWzDzg6WrwTI7UB4mOf0e4Ks8Hew=","NEON.BET.D02.001726","CHLAES","Chlaenius aestivus","species",,"Say",,"Ciegler, J. C. 2000. Ground beetles and wrinkled bark beetles of South Carolina (Coleoptera: Geadephaga: Carabidae and Rhysodidae). Biota of South Carolina. Vol. 1. Clemson, S. Clemson University.",,"wYCqaZcA+7slXlj5N/mM6vobrh4QDptp","esNjjubcI51hdInmRHEEIrFR4+oIJtuN",
"144317e6-257f-48cc-b426-1e67e5e86733","SERC_003.basePlot.bet","D02","SERC","SERC_003","W","2015-08-11","2015-08-25","2016-01-21","2015-09-29","CC7oYVgiCpAMTHWtAUJFjpjLvP1lYxGlzTgNBQ2DCj8=","NEON.BET.D02.001753","DICDIL1","Dicaelus dilatatus dilatatus","subspecies",,"Say",,"Ciegler, J. C. 2000. Ground beetles and wrinkled bark beetles of South Carolina (Coleoptera: Geadephaga: Carabidae and Rhysodidae). Biota of South Carolina. Vol. 1. Clemson, S. Clemson University.",,"wYCqaZcA+7slXlj5N/mM6vobrh4QDptp","vG946HPdyCak4YNcquSpnhDyztG1jnbiCP4A7p87kck=",
"72e0b33e-e2a3-4c34-9270-b49143a12a8b","SERC_006.basePlot.bet","D02","SERC","SERC_006","W","2015-08-11","2015-08-25","2016-01-21","2015-09-29","ulDxSdgiTKLdBAsavAcEZU6FS7PsmknxnQQapVTJtFg=","NEON.BET.D02.001659","CARSP14","Carabidae sp.","family",,"Latreille","D02.2015.MorphA","Other",,"wYCqaZcA+7slXlj5N/mM6vobrh4QDptp","esNjjubcI51hdInmRHEEIrFR4+oIJtuN","Pterostichus subgenus Abacidus. Doesn't key to any described species- prosternal process margined, ultimate tarsomeres glabrous, pronotal margin distinct to base, aedeagus simple."
"9bcb0588-184e-4ef0-9732-f01b5cb7ee57","SERC_006.basePlot.bet","D02","SERC","SERC_006","W","2015-08-11","2015-08-25","2016-01-21","2015-09-29","ulDxSdgiTKLdBAsavAcEZU6FS7PsmknxnQQapVTJtFg=","NEON.BET.D02.001660","CARSP14","Carabidae sp.","family",,"Latreille","D02.2015.MorphA","Other",,"wYCqaZcA+7slXlj5N/mM6vobrh4QDptp","esNjjubcI51hdInmRHEEIrFR4+oIJtuN","Pterostichus subgenus Abacidus. Doesn't key to any described species- prosternal process margined, ultimate tarsomeres glabrous, pronotal margin distinct to base, aedeagus simple."
"2ff8340d-4e89-44b9-bfd8-bfd2c99f4150","SERC_007.basePlot.bet","D02","SERC","SERC_007","W","2015-08-11","2015-08-25","2016-01-15","2015-09-29","VuceAg7yVycN8DaQWzDzg0GAkc1EtD53iAWAj/wgUws=","NEON.BET.D02.001263","SCASUB2","Scarites subterraneus","species",,"Fabricius",,"Other",,"wYCqaZcA+7tKZqVSOMaNBCcRKvQIOBzP","HwrR06bjl3TqPXYD/ecX4LA/iftMi41T",
"e95b97b7-306e-47e3-a42f-814e62aa85e0","SERC_021.basePlot.bet","D02","SERC","SERC_021","W","2015-08-11","2015-08-25","2016-01-15","2015-09-29","abrvHFi/544imcyfF+kn4oT3p/6JKsRcMWz20VpwcTQ=","NEON.BET.D02.001182","CARGOR","Carabus goryi","species",,"Dejean",,"Ciegler, J. C. 2000. Ground beetles and wrinkled bark beetles of South Carolina (Coleoptera: Geadephaga: Carabidae and Rhysodidae). Biota of South Carolina. Vol. 1. Clemson, S. Clemson University.",,"wYCqaZcA+7tKZqVSOMaNBCcRKvQIOBzP","HwrR06bjl3TqPXYD/ecX4LA/iftMi41T",
"3cf58333-7c47-48f2-a6f1-c6afeaa2bd5c","SERC_007.basePlot.bet","D02","SERC","SERC_007","W","2015-08-11","2015-08-25","2016-01-15","2015-09-29","VuceAg7yVycN8DaQWzDzg0GAkc1EtD53iAWAj/wgUws=","NEON.BET.D02.001262","SCASUB2","Scarites subterraneus","species",,"Fabricius",,"Other",,"wYCqaZcA+7tKZqVSOMaNBCcRKvQIOBzP","HwrR06bjl3TqPXYD/ecX4LA/iftMi41T",
"7f1ed2f5-b7b1-465e-9756-ca0d9e72b62f","SERC_007.basePlot.bet","D02","SERC","SERC_007","W","2015-08-11","2015-08-25","2016-01-20","2015-09-29","VuceAg7yVycN8DaQWzDzg6KVMvnUIFqzZCatu2J1/w8=","NEON.BET.D02.001364","ELAXAN","Elaphropus xanthopus","species",,"Dejean",,"Bousquet, Y. 2010b. Illustrated Identification Guide to Adults and Larvae of Northeastern North American Ground Beetles (Coleoptera: Carabidae). 1st Ed. Pensoft Publishers, Sofia, Bulgaria.",,"wYCqaZcA+7tKZqVSOMaNBCcRKvQIOBzP","esNjjubcI51hdInmRHEEIrFR4+oIJtuN",
"cdeabe5c-a4f0-4b73-b388-00f109e3d923","SERC_007.basePlot.bet","D02","SERC","SERC_007","W","2015-08-11","2015-08-25","2016-01-15","2015-09-29","VuceAg7yVycN8DaQWzDzg0GAkc1EtD53iAWAj/wgUws=","NEON.BET.D02.001261","SCASUB2","Scarites subterraneus","species",,"Fabricius",,"Other",,"wYCqaZcA+7tKZqVSOMaNBCcRKvQIOBzP","HwrR06bjl3TqPXYD/ecX4LA/iftMi41T",
"617e5b37-cae6-4619-8063-1cfad520f1d9","SERC_007.basePlot.bet","D02","SERC","SERC_007","W","2015-08-11","2015-08-25","2016-01-15","2015-09-29","VuceAg7yVycN8DaQWzDzg0GAkc1EtD53iAWAj/wgUws=","NEON.BET.D02.001264","SCASUB2","Scarites subterraneus","species",,"Fabricius",,"Other",,"wYCqaZcA+7tKZqVSOMaNBCcRKvQIOBzP","HwrR06bjl3TqPXYD/ecX4LA/iftMi41T",
"8d42459b-346a-459d-b3f2-29940392ea90","SERC_007.basePlot.bet","D02","SERC","SERC_007","E","2015-08-11","2015-08-25","2016-01-21","2015-11-10","VuceAg7yVydSuT/FC6hzoraIVNuiTjDb8sffSM1Qynk=","NEON.BET.D02.001903","ACUIND","Acupalpus indistinctus","species",,"Dejean",,"Lindroth, C. H. 1969. The ground-beetles (Carabidae, excl. Cicindelinae) of Canada and Alaska, parts 1-6. Opuscula E. Entomoligiska Sallskapet.",,"wYCqaZcA+7slXlj5N/mM6vobrh4QDptp","vG946HPdyCak4YNcquSpnhDyztG1jnbiCP4A7p87kck=",
