uid,namedLocation,domainID,siteID,plotID,setDate,collectDate,identifiedDate,individualID,taxonID,kingdom,phylum,class,order,family,subfamily,tribe,genus,subgenus,specificEpithet,infraspecificEpithet,scientificName,scientificNameAuthorship,taxonRank,identificationQualifier,sex,morphospeciesID,identificationReferences,identifiedBy,laboratoryName,identificationRemarks,sampleCondition,dnaBarcoded,geneticSampleID,remarks
"6a5ebfa8-4e84-40be-8b4b-a0d4cffdf5ff","SERC_007.basePlot.bet","D02","SERC","SERC_007","2015-08-25","2015-09-08","2016-12-16","NEON.BET.D02.001941","HARPEN","Animalia","Arthropoda","Insecta","Coleoptera","Carabidae","Harpalinae","Harpalini","Harpalus","Pseudoophonus","pensylvanicus",,"Harpalus pensylvanicus","DeGeer","species",,"M",,"Ball, G. E., and J. N. Anderson. 1962. The taxonomy and speciation of Pseudophonus (a subgenus of Harpalus: Haralini: Carabidae, known to occur in North America). The Catholic University of America Press, Washington 17, D. C.","Robert L. Davidson","Carnegie Museum of Invertebrate Zoology",,"No known compromise","N",,
"8e59f19d-7602-4ccc-b104-2605505d3e61","SERC_007.basePlot.bet","D02","SERC","SERC_007","2015-08-25","2015-09-08","2016-12-16","NEON.BET.D02.001947","HARPEN","Animalia","Arthropoda","Insecta","Coleoptera","Carabidae","Harpalinae","Harpalini","Harpalus","Pseudoophonus","pensylvanicus",,"Harpalus pensylvanicus","DeGeer","species",,"F",,"Ball, G. E., and J. N. Anderson. 1962. The taxonomy and speciation of Pseudophonus (a subgenus of Harpalus: Haralini: Carabidae, known to occur in North America). The Catholic University of America Press, Washington 17, D. C.","Robert L. Davidson","Carnegie Museum of Invertebrate Zoology",,"No known compromise","N",,
"fe5edab2-4459-4961-9021-fd5229096bab","SERC_007.basePlot.bet","D02","SERC","SERC_007","2015-08-25","2015-09-08","2016-12-16","NEON.BET.D02.001939","HARPEN","Animalia","Arthropoda","Insecta","Coleoptera","Carabidae","Harpalinae","Harpalini","Harpalus","Pseudoophonus","pensylvanicus",,"Harpalus pensylvanicus","DeGeer","species",,"M",,"Ball, G. E., and J. N. Anderson. 1962. The taxonomy and speciation of Pseudophonus (a subgenus of Harpalus: Haralini: Carabidae, known to occur in North America). The Catholic University of America Press, Washington 17, D. C.","Robert L. Davidson","Carnegie Museum of Invertebrate Zoology",,"No known compromise","N",,
"3cda64ff-345f-4b2c-8e66-824f26282690","SERC_007.basePlot.bet","D02","SERC","SERC_007","2015-08-25","2015-09-08","2016-12-16","NEON.BET.D02.001945","HARPEN","Animalia","Arthropoda","Insecta","Coleoptera","Carabidae","Harpalinae","Harpalini","Harpalus","Pseudoophonus","pensylvanicus",,"Harpalus pensylvanicus","DeGeer","species",,"F",,"Ball, G. E., and J. N. Anderson. 1962. The taxonomy and speciation of Pseudophonus (a subgenus of Harpalus: Haralini: Carabidae, known to occur in North America). The Catholic University of America Press, Washington 17, D. C.","Robert L. Davidson","Carnegie Museum of Invertebrate Zoology",,"No known compromise","N",,
"8b14e2ef-2708-4625-8cc3-7468eef6232e","SERC_007.basePlot.bet","D02","SERC","SERC_007","2015-08-25","2015-09-08","2016-12-16","NEON.BET.D02.001943","HARPEN","Animalia","Arthropoda","Insecta","Coleoptera","Carabidae","Harpalinae","Harpalini","Harpalus","Pseudoophonus","pensylvanicus",,"Harpalus pensylvanicus","DeGeer","species",,"F",,"Ball, G. E., and J. N. Anderson. 1962. The taxonomy and speciation of Pseudophonus (a subgenus of Harpalus: Haralini: Carabidae, known to occur in North America). The Catholic University of America Press, Washington 17, D. C.","Robert L. Davidson","Carnegie Museum of Invertebrate Zoology",,"No known compromise","N",,
"3468b0f0-153a-4682-83c1-2e8fc4c902e6","SERC_003.basePlot.bet","D02","SERC","SERC_003","2015-08-25","2015-09-08","2016-12-16","NEON.BET.D02.001938","HARPEN","Animalia","Arthropoda","Insecta","Coleoptera","Carabidae","Harpalinae","Harpalini","Harpalus","Pseudoophonus","pensylvanicus",,"Harpalus pensylvanicus","DeGeer","species",,"F",,"Ball, G. E., and J. N. Anderson. 1962. The taxonomy and speciation of Pseudophonus (a subgenus of Harpalus: Haralini: Carabidae, known to occur in North America). The Catholic University of America Press, Washington 17, D. C.","Robert L. Davidson","Carnegie Museum of Invertebrate Zoology",,"No known compromise","N",,
"0794b414-2fd8-440f-a158-7b1db41f3823","SERC_003.basePlot.bet","D02","SERC","SERC_003","2015-08-25","2015-09-08","2016-12-16","NEON.BET.D02.001937","HARPEN","Animalia","Arthropoda","Insecta","Coleoptera","Carabidae","Harpalinae","Harpalini","Harpalus","Pseudoophonus","pensylvanicus",,"Harpalus pensylvanicus","DeGeer","species",,"F",,"Ball, G. E., and J. N. Anderson. 1962. The taxonomy and speciation of Pseudophonus (a subgenus of Harpalus: Haralini: Carabidae, known to occur in North America). The Catholic University of America Press, Washington 17, D. C.","Robert L. Davidson","Carnegie Museum of Invertebrate Zoology",,"No known compromise","N",,
"48eaa081-574e-40c1-9ac6-825a94f85cc8","SERC_010.basePlot.bet","D02","SERC","SERC_010","2015-08-25","2015-09-08","2016-12-15","NEON.BET.D02.001955","SYNIMP","Animalia","Arthropoda","Insecta","Coleoptera","Carabidae","Harpalinae","Sphodrini","Synuchus",,"impunctatus",,"Synuchus impunctatus","Say","species",,"F",,"Lindroth, C. H. 1969. The ground-beetles (Carabidae, excl. Cicindelinae) of Canada and Alaska, parts 1-6. Opuscula E. Entomoligiska Sallskapet.","Robert L. Davidson","Carnegie Museum of Invertebrate Zoology",,"No known compromise","N",,
"e7467603-f963-4feb-89e2-2cfda3a4f4df","SERC_009.basePlot.bet","D02","SERC","SERC_009","2015-08-25","2015-09-08","2016-12-15","NEON.BET.D02.001954","SYNIMP","Animalia","Arthropoda","Insecta","Coleoptera","Carabidae","Harpalinae","Sphodrini","Synuchus",,"impunctatus",,"Synuchus impunctatus","Say","species",,"F",,"Lindroth, C. H. 1969. The ground-beetles (Carabidae, excl. Cicindelinae) of Canada and Alaska, parts 1-6. Opuscula E. Entomoligiska Sallskapet.","Robert L. Davidson","Carnegie Museum of Invertebrate Zoology",,"No known compromise","N",,
"7b019cf0-c353-4f18-a637-ea2c986e725d","SERC_006.basePlot.bet","D02","SERC","SERC_006","2015-08-25","2015-09-08","2016-11-17","NEON.BET.D02.001193","CARVIN","Animalia","Arthropoda","Insecta","Coleoptera","Carabidae","Carabinae","Carabini","Carabus","Carabus","vinctus",,"Carabus vinctus","Weber","species",,"F",,"Lindroth, C. H. 1969. The ground-beetles (Carabidae, excl. Cicindelinae) of Canada and Alaska, parts 1-6. Opuscula E. Entomoligiska Sallskapet.","Robert L. Davidson","Carnegie Museum of Invertebrate Zoology",,"No known compromise","N",,
"39c323d6-3432-480c-bc3f-b0922be1e537","SERC_003.basePlot.bet","D02","SERC","SERC_003","2015-08-25","2015-09-08","2016-11-17","NEON.BET.D02.001191","CARVIN","Animalia","Arthropoda","Insecta","Coleoptera","Carabidae","Carabinae","Carabini","Carabus","Carabus","vinctus",,"Carabus vinctus","Weber","species",,"M",,"Lindroth, C. H. 1969. The ground-beetles (Carabidae, excl. Cicindelinae) of Canada and Alaska, parts 1-6. Opuscula E. Entomoligiska Sallskapet.","Robert L. Davidson","Carnegie Museum of Invertebrate Zoology",,"No known compromise","N",,
"0f393679-2c66-4eaa-9360-50b88ab80e7f","SERC_006.basePlot.bet","D02","SERC","SERC_006","2015-08-25","2015-09-08","2016-11-17","NEON.BET.D02.001192","CARVIN","Animalia","Arthropoda","Insecta","Coleoptera","Carabidae","Carabinae","Carabini","Carabus","Carabus","vinctus",,"Carabus vinctus","Weber","species",,"M",,"Lindroth, C. H. 1969. The ground-beetles (Carabidae, excl. Cicindelinae) of Canada and Alaska, parts 1-6. Opuscula E. Entomoligiska Sallskapet.","Robert L. Davidson","Carnegie Museum of Invertebrate Zoology",,"No known compromise","N",,
"ea363a89-db80-400c-b03b-7cfc14ced770","SERC_007.basePlot.bet","D02","SERC","SERC_007","2015-08-25","2015-09-08","2016-12-17","NEON.BET.D02.001199","TETVIR","Animalia","Arthropoda","Insecta","Coleoptera","Carabidae","Cicindelinae","Megacephalini","Tetracha","Tetracha","virginica",,"Tetracha virginica","Linnaeus","species",,"F",,"Pearson, D., C. B. Knisley, and C. J. Kazilek. 2006. A Field Guide to the Tiger Beetles of the United States and Canada: Identification, Natural History, and Distribution of the Cicindelidae. Oxford University Press, New York.","Robert L. Davidson","Carnegie Museum of Invertebrate Zoology",,"No known compromise","N",,
"06ed4748-fae1-4957-a6a4-6e593e419271","SERC_007.basePlot.bet","D02","SERC","SERC_007","2015-08-25","2015-09-08","2016-12-02","NEON.BET.D02.001268","SCASUB2","Animalia","Arthropoda","Insecta","Coleoptera","Carabidae","Scaritinae","Scaritini","Scarites","Scarites","subterraneus",,"Scarites subterraneus","Fabricius","species",,"U",,"Nichols, S. W. 1986. Two new flightless species of Scarites s. str. inhabiting Florida and the West Indies (Coleoptera: Carabidae: Scaritini). Proceedings of the Entomological Society of Washington 88:257-264.","Robert L. Davidson","Carnegie Museum of Invertebrate Zoology",,"No known compromise","N",,
"aa8e3a56-af69-42f7-ae2f-5db3af4f5c85","SERC_007.basePlot.bet","D02","SERC","SERC_007","2015-08-25","2015-09-08","2016-12-02","NEON.BET.D02.001267","SCASUB2","Animalia","Arthropoda","Insecta","Coleoptera","Carabidae","Scaritinae","Scaritini","Scarites","Scarites","subterraneus",,"Scarites subterraneus","Fabricius","species",,"U",,"Nichols, S. W. 1986. Two new flightless species of Scarites s. str. inhabiting Florida and the West Indies (Coleoptera: Carabidae: Scaritini). Proceedings of the Entomological Society of Washington 88:257-264.","Robert L. Davidson","Carnegie Museum of Invertebrate Zoology",,"No known compromise","N",,
"a3b04489-ddfe-4e95-9ea9-bba0fa7cca5f","SERC_007.basePlot.bet","D02","SERC","SERC_007","2015-08-25","2015-09-08","2016-12-02","NEON.BET.D02.001269","SCASUB2","Animalia","Arthropoda","Insecta","Coleoptera","Carabidae","Scaritinae","Scaritini","Scarites","Scarites","subterraneus",,"Scarites subterraneus","Fabricius","species",,"U",,"Nichols, S. W. 1986. Two new flightless species of Scarites s. str. inhabiting Florida and the West Indies (Coleoptera: Carabidae: Scaritini). Proceedings of the Entomological Society of Washington 88:257-264.","Robert L. Davidson","Carnegie Museum of Invertebrate Zoology",,"No known compromise","N",,
"154591ea-44cf-4323-a46d-3d5609f995b6","SERC_007.basePlot.bet","D02","SERC","SERC_007","2015-08-25","2015-09-08","2016-12-02","NEON.BET.D02.001270","SCASUB2","Animalia","Arthropoda","Insecta","Coleoptera","Carabidae","Scaritinae","Scaritini","Scarites","Scarites","subterraneus",,"Scarites subterraneus","Fabricius","species",,"U",,"Nichols, S. W. 1986. Two new flightless species of Scarites s. str. inhabiting Florida and the West Indies (Coleoptera: Carabidae: Scaritini). Proceedings of the Entomological Society of Washington 88:257-264.","Robert L. Davidson","Carnegie Museum of Invertebrate Zoology",,"No known compromise","N",,
"5ccdec56-d16d-471d-90c5-9ec024533dee","SERC_007.basePlot.bet","D02","SERC","SERC_007","2015-08-25","2015-09-08","2016-12-02","NEON.BET.D02.001266","SCASUB2","Animalia","Arthropoda","Insecta","Coleoptera","Carabidae","Scaritinae","Scaritini","Scarites","Scarites","subterraneus",,"Scarites subterraneus","Fabricius","species",,"U",,"Nichols, S. W. 1986. Two new flightless species of Scarites s. str. inhabiting Florida and the West Indies (Coleoptera: Carabidae: Scaritini). Proceedings of the Entomological Society of Washington 88:257-264.","Robert L. Davidson","Carnegie Museum of Invertebrate Zoology",,"No known compromise","N",,
"a9ae6080-d6f9-4d5a-b7e0-3cfaafe4506f","SERC_007.basePlot.bet","D02","SERC","SERC_007","2015-08-25","2015-09-08","2016-12-17","NEON.BET.D02.001369","ELAXAN","Animalia","Arthropoda","Insecta","Coleoptera","Carabidae","Trechinae","Bembidiini","Elaphropus","Barytachys","xanthopus",,"Elaphropus xanthopus","Dejean","species",,"F",,"Bousquet, Y. 2010b. Illustrated Identification Guide to Adults and Larvae of Northeastern North American Ground Beetles (Coleoptera: Carabidae). 1st Ed. Pensoft Publishers, Sofia, Bulgaria.","Robert L. Davidson","Carnegie Museum of Invertebrate Zoology",,"No known compromise","N",,
"b9b062b6-4f18-4d60-9b28-e78abe2b80dc","SERC_007.basePlot.bet","D02","SERC","SERC_007","2015-08-25","2015-09-08","2016-12-17","NEON.BET.D02.001377","ELAXAN","Animalia","Arthropoda","Insecta","Coleoptera","Carabidae","Trechinae","Bembidiini","Elaphropus","Barytachys","xanthopus",,"Elaphropus xanthopus","Dejean","species",,"F",,"Bousquet, Y. 2010b. Illustrated Identification Guide to Adults and Larvae of Northeastern North American Ground Beetles (Coleoptera: Carabidae). 1st Ed. Pensoft Publishers, Sofia, Bulgaria.","Robert L. Davidson","Carnegie Museum of Invertebrate Zoology",,"No known compromise","N",,
"6c865748-9a56-456e-bfae-5c99cd1ff9a2","SERC_007.basePlot.bet","D02","SERC","SERC_007","2015-08-25","2015-09-08","2016-12-17","NEON.BET.D02.001373","ELAXAN","Animalia","Arthropoda","Insecta","Coleoptera","Carabidae","Trechinae","Bembidiini","Elaphropus","Barytachys","xanthopus",,"Elaphropus xanthopus","Dejean","species",,"M",,"Bousquet, Y. 2010b. Illustrated Identification Guide to Adults and Larvae of Northeastern North American Ground Beetles (Coleoptera: Carabidae). 1st Ed. Pensoft Publishers, Sofia, Bulgaria.","Robert L. Davidson","Carnegie Museum of Invertebrate Zoology",,"No known compromise","N",,
"aa12e420-3660-41f0-b74f-464e6b4deed6","SERC_007.basePlot.bet","D02","SERC","SERC_007","2015-08-25","2015-09-08","2016-12-17","NEON.BET.D02.001372","ELAXAN","Animalia","Arthropoda","Insecta","Coleoptera","Carabidae","Trechinae","Bembidiini","Elaphropus","Barytachys","xanthopus",,"Elaphropus xanthopus","Dejean","species",,"F",,"Bousquet, Y. 2010b. Illustrated Identification Guide to Adults and Larvae of Northeastern North American Ground Beetles (Coleoptera: Carabidae). 1st Ed. Pensoft Publishers, Sofia, Bulgaria.","Robert L. Davidson","Carnegie Museum of Invertebrate Zoology",,"No known compromise","N",,
"e71a795b-fab1-4cfa-8d61-41d99c1c0a05","SERC_007.basePlot.bet","D02","SERC","SERC_007","2015-08-25","2015-09-08","2016-12-17","NEON.BET.D02.001378","ELAXAN","Animalia","Arthropoda","Insecta","Coleoptera","Carabidae","Trechinae","Bembidiini","Elaphropus","Barytachys","xanthopus",,"Elaphropus xanthopus","Dejean","species",,"F",,"Bousquet, Y. 2010b. Illustrated Identification Guide to Adults and Larvae of Northeastern North American Ground Beetles (Coleoptera: Carabidae). 1st Ed. Pensoft Publishers, Sofia, Bulgaria.","Robert L. Davidson","Carnegie Museum of Invertebrate Zoology",,"No known compromise","N",,
"902fb33d-8d75-4e6e-9e24-20b8e6d24722","SERC_007.basePlot.bet","D02","SERC","SERC_007","2015-08-25","2015-09-08","2016-12-17","NEON.BET.D02.001370","ELAXAN","Animalia","Arthropoda","Insecta","Coleoptera","Carabidae","Trechinae","Bembidiini","Elaphropus","Barytachys","xanthopus",,"Elaphropus xanthopus","Dejean","species",,"M",,"Bousquet, Y. 2010b. Illustrated Identification Guide to Adults and Larvae of Northeastern North American Ground Beetles (Coleoptera: Carabidae). 1st Ed. Pensoft Publishers, Sofia, Bulgaria.","Robert L. Davidson","Carnegie Museum of Invertebrate Zoology",,"No known compromise","N",,
"1a357d58-811a-4b3d-a9b4-6a54a7fcb04a","SERC_007.basePlot.bet","D02","SERC","SERC_007","2015-08-25","2015-09-08","2016-12-17","NEON.BET.D02.001366","ELAXAN","Animalia","Arthropoda","Insecta","Coleoptera","Carabidae","Trechinae","Bembidiini","Elaphropus","Barytachys","xanthopus",,"Elaphropus xanthopus","Dejean","species",,"M",,"Bousquet, Y. 2010b. Illustrated Identification Guide to Adults and Larvae of Northeastern North American Ground Beetles (Coleoptera: Carabidae). 1st Ed. Pensoft Publishers, Sofia, Bulgaria.","Robert L. Davidson","Carnegie Museum of Invertebrate Zoology",,"No known compromise","N",,
"f9a89b26-e870-45c6-b263-b300eb5070c5","SERC_007.basePlot.bet","D02","SERC","SERC_007","2015-08-25","2015-09-08","2016-12-17","NEON.BET.D02.001368","ELAXAN","Animalia","Arthropoda","Insecta","Coleoptera","Carabidae","Trechinae","Bembidiini","Elaphropus","Barytachys","xanthopus",,"Elaphropus xanthopus","Dejean","species",,"F",,"Bousquet, Y. 2010b. Illustrated Identification Guide to Adults and Larvae of Northeastern North American Ground Beetles (Coleoptera: Carabidae). 1st Ed. Pensoft Publishers, Sofia, Bulgaria.","Robert L. Davidson","Carnegie Museum of Invertebrate Zoology",,"No known compromise","N",,
"ee9d7e9b-5b17-4c4d-943c-05e7779174a6","SERC_007.basePlot.bet","D02","SERC","SERC_007","2015-08-25","2015-09-08","2016-12-17","NEON.BET.D02.001367","ELAXAN","Animalia","Arthropoda","Insecta","Coleoptera","Carabidae","Trechinae","Bembidiini","Elaphropus","Barytachys","xanthopus",,"Elaphropus xanthopus","Dejean","species",,"M",,"Bousquet, Y. 2010b. Illustrated Identification Guide to Adults and Larvae of Northeastern North American Ground Beetles (Coleoptera: Carabidae). 1st Ed. Pensoft Publishers, Sofia, Bulgaria.","Robert L. Davidson","Carnegie Museum of Invertebrate Zoology",,"No known compromise","N",,
"3dbda3f3-f7cb-4c75-9214-b6af0d1ed328","SERC_007.basePlot.bet","D02","SERC","SERC_007","2015-08-25","2015-09-08","2016-12-17","NEON.BET.D02.001371","ELAXAN","Animalia","Arthropoda","Insecta","Coleoptera","Carabidae","Trechinae","Bembidiini","Elaphropus","Barytachys","xanthopus",,"Elaphropus xanthopus","Dejean","species",,"M",,"Bousquet, Y. 2010b. Illustrated Identification Guide to Adults and Larvae of Northeastern North American Ground Beetles (Coleoptera: Carabidae). 1st Ed. Pensoft Publishers, Sofia, Bulgaria.","Robert L. Davidson","Carnegie Museum of Invertebrate Zoology",,"No known compromise","N",,
"109b6f00-fad1-4836-ab38-467ea774190f","SERC_007.basePlot.bet","D02","SERC","SERC_007","2015-08-25","2015-09-08","2016-12-17","NEON.BET.D02.001380","ELAXAN","Animalia","Arthropoda","Insecta","Coleoptera","Carabidae","Trechinae","Bembidiini","Elaphropus","Barytachys","xanthopus",,"Elaphropus xanthopus","Dejean","species",,"M",,"Bousquet, Y. 2010b. Illustrated Identification Guide to Adults and Larvae of Northeastern North American Ground Beetles (Coleoptera: Carabidae). 1st Ed. Pensoft Publishers, Sofia, Bulgaria.","Robert L. Davidson","Carnegie Museum of Invertebrate Zoology",,"No known compromise","N",,
"14d20af3-90bf-477a-85d9-c63ef981da8d","SERC_007.basePlot.bet","D02","SERC","SERC_007","2015-08-25","2015-09-08","2016-12-17","NEON.BET.D02.001375","ELAXAN","Animalia","Arthropoda","Insecta","Coleoptera","Carabidae","Trechinae","Bembidiini","Elaphropus","Barytachys","xanthopus",,"Elaphropus xanthopus","Dejean","species",,"F",,"Bousquet, Y. 2010b. Illustrated Identification Guide to Adults and Larvae of Northeastern North American Ground Beetles (Coleoptera: Carabidae). 1st Ed. Pensoft Publishers, Sofia, Bulgaria.","Robert L. Davidson","Carnegie Museum of Invertebrate Zoology",,"No known compromise","N",,
"d543e5db-8d2b-42cb-b456-601ea9428c3f","SERC_007.basePlot.bet","D02","SERC","SERC_007","2015-08-25","2015-09-08","2016-12-17","NEON.BET.D02.001379","ELAXAN","Animalia","Arthropoda","Insecta","Coleoptera","Carabidae","Trechinae","Bembidiini","Elaphropus","Barytachys","xanthopus",,"Elaphropus xanthopus","Dejean","species",,"M",,"Bousquet, Y. 2010b. Illustrated Identification Guide to Adults and Larvae of Northeastern North American Ground Beetles (Coleoptera: Carabidae). 1st Ed. Pensoft Publishers, Sofia, Bulgaria.","Robert L. Davidson","Carnegie Museum of Invertebrate Zoology",,"No known compromise","N",,
"5f17ef82-25dd-4dee-8943-7f311e2e12e6","SERC_007.basePlot.bet","D02","SERC","SERC_007","2015-08-25","2015-09-08","2016-12-17","NEON.BET.D02.001376","ELAXAN","Animalia","Arthropoda","Insecta","Coleoptera","Carabidae","Trechinae","Bembidiini","Elaphropus","Barytachys","xanthopus",,"Elaphropus xanthopus","Dejean","species",,"F",,"Bousquet, Y. 2010b. Illustrated Identification Guide to Adults and Larvae of Northeastern North American Ground Beetles (Coleoptera: Carabidae). 1st Ed. Pensoft Publishers, Sofia, Bulgaria.","Robert L. Davidson","Carnegie Museum of Invertebrate Zoology",,"No known compromise","N",,
"09310d99-1967-4a97-bcac-e81ed23f23b6","SERC_007.basePlot.bet","D02","SERC","SERC_007","2015-08-25","2015-09-08","2016-12-17","NEON.BET.D02.001365","ELAXAN","Animalia","Arthropoda","Insecta","Coleoptera","Carabidae","Trechinae","Bembidiini","Elaphropus","Barytachys","xanthopus",,"Elaphropus xanthopus","Dejean","species",,"M",,"Bousquet, Y. 2010b. Illustrated Identification Guide to Adults and Larvae of Northeastern North American Ground Beetles (Coleoptera: Carabidae). 1st Ed. Pensoft Publishers, Sofia, Bulgaria.","Robert L. Davidson","Carnegie Museum of Invertebrate Zoology",,"No known compromise","N",,
"0f82e636-48fa-40ed-85d0-e07947505604","SERC_007.basePlot.bet","D02","SERC","SERC_007","2015-08-25","2015-09-08","2016-12-17","NEON.BET.D02.001374","ELAXAN","Animalia","Arthropoda","Insecta","Coleoptera","Carabidae","Trechinae","Bembidiini","Elaphropus","Barytachys","xanthopus",,"Elaphropus xanthopus","Dejean","species",,"F",,"Bousquet, Y. 2010b. Illustrated Identification Guide to Adults and Larvae of Northeastern North American Ground Beetles (Coleoptera: Carabidae). 1st Ed. Pensoft Publishers, Sofia, Bulgaria.","Robert L. Davidson","Carnegie Museum of Invertebrate Zoology",,"No known compromise","N",,
"6964958f-ff6e-4e64-ac65-40a3361b5707","SERC_007.basePlot.bet","D02","SERC","SERC_007","2015-08-25","2015-09-08","2016-12-17","NEON.BET.D02.001400","ELAINC","Animalia","Arthropoda","Insecta","Coleoptera","Carabidae","Trechinae","Bembidiini","Elaphropus","Barytachys","incurvus",,"Elaphropus incurvus","Say","species",,"M",,"Bousquet, Y. 2010b. Illustrated Identification Guide to Adults and Larvae of Northeastern North American Ground Beetles (Coleoptera: Carabidae). 1st Ed. Pensoft Publishers, Sofia, Bulgaria.","Robert L. Davidson","Carnegie Museum of Invertebrate Zoology",,"No known compromise","N",,
"43864548-7387-45b0-b67b-92dda1e63278","SERC_007.basePlot.bet","D02","SERC","SERC_007","2015-08-25","2015-09-08","2016-12-17","NEON.BET.D02.001401","ELAINC","Animalia","Arthropoda","Insecta","Coleoptera","Carabidae","Trechinae","Bembidiini","Elaphropus","Barytachys","incurvus",,"Elaphropus incurvus","Say","species",,"F",,"Bousquet, Y. 2010b. Illustrated Identification Guide to Adults and Larvae of Northeastern North American Ground Beetles (Coleoptera: Carabidae). 1st Ed. Pensoft Publishers, Sofia, Bulgaria.","Robert L. Davidson","Carnegie Museum of Invertebrate Zoology",,"No known compromise","N",,
"678be901-510a-42f2-b45e-78d63957ac17","SERC_007.basePlot.bet","D02","SERC","SERC_007","2015-08-25","2015-09-08","2016-12-17","NEON.BET.D02.001402","ELAINC","Animalia","Arthropoda","Insecta","Coleoptera","Carabidae","Trechinae","Bembidiini","Elaphropus","Barytachys","incurvus",,"Elaphropus incurvus","Say","species",,"F",,"Bousquet, Y. 2010b. Illustrated Identification Guide to Adults and Larvae of Northeastern North American Ground Beetles (Coleoptera: Carabidae). 1st Ed. Pensoft Publishers, Sofia, Bulgaria.","Robert L. Davidson","Carnegie Museum of Invertebrate Zoology",,"No known compromise","N",,
"560355d8-19e7-4f96-99d1-c178ecf071a6","SERC_007.basePlot.bet","D02","SERC","SERC_007","2015-08-25","2015-09-08","2016-12-17","NEON.BET.D02.001403","ELAINC","Animalia","Arthropoda","Insecta","Coleoptera","Carabidae","Trechinae","Bembidiini","Elaphropus","Barytachys","incurvus",,"Elaphropus incurvus","Say","species",,"F",,"Bousquet, Y. 2010b. Illustrated Identification Guide to Adults and Larvae of Northeastern North American Ground Beetles (Coleoptera: Carabidae). 1st Ed. Pensoft Publishers, Sofia, Bulgaria.","Robert L. Davidson","Carnegie Museum of Invertebrate Zoology",,"No known compromise","N",,
"40930062-9bea-4563-be1d-47625a877910","SERC_007.basePlot.bet","D02","SERC","SERC_007","2015-08-25","2015-09-08","2016-12-17","NEON.BET.D02.001399","ELAINC","Animalia","Arthropoda","Insecta","Coleoptera","Carabidae","Trechinae","Bembidiini","Elaphropus","Barytachys","incurvus",,"Elaphropus incurvus","Say","species",,"F",,"Bousquet, Y. 2010b. Illustrated Identification Guide to Adults and Larvae of Northeastern North American Ground Beetles (Coleoptera: Carabidae). 1st Ed. Pensoft Publishers, Sofia, Bulgaria.","Robert L. Davidson","Carnegie Museum of Invertebrate Zoology",,"No known compromise","N",,
"03944004-46cf-4884-b28e-72492ef25d75","SERC_007.basePlot.bet","D02","SERC","SERC_007","2015-08-25","2015-09-08","2016-12-17","NEON.BET.D02.001398","ELAINC","Animalia","Arthropoda","Insecta","Coleoptera","Carabidae","Trechinae","Bembidiini","Elaphropus","Barytachys","incurvus",,"Elaphropus incurvus","Say","species",,"F",,"Bousquet, Y. 2010b. Illustrated Identification Guide to Adults and Larvae of Northeastern North American Ground Beetles (Coleoptera: Carabidae). 1st Ed. Pensoft Publishers, Sofia, Bulgaria.","Robert L. Davidson","Carnegie Museum of Invertebrate Zoology",,"No known compromise","N",,
"fdeba731-13b6-42b3-8301-9971b58f294a","SERC_021.basePlot.bet","D02","SERC","SERC_021","2015-08-25","2015-09-08","2016-12-17","NEON.BET.D02.001435","POLLAE","Animalia","Arthropoda","Insecta","Coleoptera","Carabidae","Trechinae","Bembidiini","Polyderis",,"laeva",,"Polyderis laeva","Say","species",,"U",,"Bousquet, Y. 2010b. Illustrated Identification Guide to Adults and Larvae of Northeastern North American Ground Beetles (Coleoptera: Carabidae). 1st Ed. Pensoft Publishers, Sofia, Bulgaria.","Robert L. Davidson","Carnegie Museum of Invertebrate Zoology","head missing","sample incomplete","N",,"head missing"
"1fa19ce5-13fe-4f60-a43c-3d54563ee7e1","SERC_001.basePlot.bet","D02","SERC","SERC_001","2015-08-25","2015-09-08","2016-12-17","NEON.BET.D02.001434","POLLAE","Animalia","Arthropoda","Insecta","Coleoptera","Carabidae","Trechinae","Bembidiini","Polyderis",,"laeva",,"Polyderis laeva","Say","species",,"U",,"Bousquet, Y. 2010b. Illustrated Identification Guide to Adults and Larvae of Northeastern North American Ground Beetles (Coleoptera: Carabidae). 1st Ed. Pensoft Publishers, Sofia, Bulgaria.","Robert L. Davidson","Carnegie Museum of Invertebrate Zoology",,"No known compromise","N",,
"f55f488d-f96a-4842-ae85-156063b91fcd","SERC_006.basePlot.bet","D02","SERC","SERC_006","2015-08-25","2015-09-08","2016-11-18","NEON.BET.D02.001559","PTESTY","Animalia","Arthropoda","Insecta","Coleoptera","Carabidae","Harpalinae","Pterostichini","Pterostichus","Euferonia","stygicus",,"Pterostichus stygicus","Say","species",,"F",,"Lindroth, C. H. 1969. The ground-beetles (Carabidae, excl. Cicindelinae) of Canada and Alaska, parts 1-6. Opuscula E. Entomoligiska Sallskapet.","Robert L. Davidson","Carnegie Museum of Invertebrate Zoology",,"No known compromise","N",,
"d68b298b-3600-40ba-bd97-733f0cfb0d11","SERC_010.basePlot.bet","D02","SERC","SERC_010","2015-08-25","2015-09-08","2016-11-18","NEON.BET.D02.001560","PTESTY","Animalia","Arthropoda","Insecta","Coleoptera","Carabidae","Harpalinae","Pterostichini","Pterostichus","Euferonia","stygicus",,"Pterostichus stygicus","Say","species",,"M",,"Lindroth, C. H. 1969. The ground-beetles (Carabidae, excl. Cicindelinae) of Canada and Alaska, parts 1-6. Opuscula E. Entomoligiska Sallskapet.","Robert L. Davidson","Carnegie Museum of Invertebrate Zoology",,"No known compromise","N",,
"fca3fcaa-4882-4cb9-a011-aab88b744f81","SERC_021.basePlot.bet","D02","SERC","SERC_021","2015-08-25","2015-09-08","2016-12-02","NEON.BET.D02.001681","CYCSIG","Animalia","Arthropoda","Insecta","Coleoptera","Carabidae","Harpalinae","Pterostichini","Cyclotrachelus","Evarthrus","sigillatus",,"Cyclotrachelus sigillatus","Say","species",,"F",,"Freitag, R. 1969. A revision of the species of the genus Evarthrus LeConte. Quaestiones Entomologicae 5:89-212.","Robert L. Davidson","Carnegie Museum of Invertebrate Zoology",,"No known compromise","N",,
"ff5f3511-800c-4a91-8896-bc01f85971b2","SERC_021.basePlot.bet","D02","SERC","SERC_021","2015-08-25","2015-09-08","2016-12-02","NEON.BET.D02.001682","CYCSIG","Animalia","Arthropoda","Insecta","Coleoptera","Carabidae","Harpalinae","Pterostichini","Cyclotrachelus","Evarthrus","sigillatus",,"Cyclotrachelus sigillatus","Say","species",,"F",,"Freitag, R. 1969. A revision of the species of the genus Evarthrus LeConte. Quaestiones Entomologicae 5:89-212.","Robert L. Davidson","Carnegie Museum of Invertebrate Zoology",,"No known compromise","N",,
"02b56443-7831-45e1-bc07-3793153f5f30","SERC_006.basePlot.bet","D02","SERC","SERC_006","2015-08-25","2015-09-08","2016-12-02","NEON.BET.D02.001666","PTESP23","Animalia","Arthropoda","Insecta","Coleoptera","Carabidae","Harpalinae","Pterostichini","Pterostichus",,"sp.",,"Pterostichus sp.","Bonelli","genus","sp. nov.","F",,,"Robert L. Davidson","Carnegie Museum of Invertebrate Zoology",,"No known compromise","N",,
"ec0ba177-5057-4498-9094-62efe7e9a4ce","SERC_006.basePlot.bet","D02","SERC","SERC_006","2015-08-25","2015-09-08","2016-12-02","NEON.BET.D02.001667","PTESP23","Animalia","Arthropoda","Insecta","Coleoptera","Carabidae","Harpalinae","Pterostichini","Pterostichus",,"sp.",,"Pterostichus sp.","Bonelli","genus","sp. nov.","F",,,"Robert L. Davidson","Carnegie Museum of Invertebrate Zoology",,"No known compromise","N",,
"deec792f-9c6c-443e-9a16-aa921567d0e7","SERC_006.basePlot.bet","D02","SERC","SERC_006","2015-08-25","2015-09-08","2016-12-02","NEON.BET.D02.001665","PTESP23","Animalia","Arthropoda","Insecta","Coleoptera","Carabidae","Harpalinae","Pterostichini","Pterostichus",,"sp.",,"Pterostichus sp.","Bonelli","genus","sp. nov.","M",,,"Robert L. Davidson","Carnegie Museum of Invertebrate Zoology",,"No known compromise","N",,
"a31a513d-b665-4b55-afc8-0f1a9398fd32","SERC_006.basePlot.bet","D02","SERC","SERC_006","2015-08-25","2015-09-08","2016-12-02","NEON.BET.D02.001664","PTESP23","Animalia","Arthropoda","Insecta","Coleoptera","Carabidae","Harpalinae","Pterostichini","Pterostichus",,"sp.",,"Pterostichus sp.","Bonelli","genus","sp. nov.","M",,,"Robert L. Davidson","Carnegie Museum of Invertebrate Zoology",,"No known compromise","N",,
"b2f8a343-7e25-4f02-b339-f2997c4c0542","SERC_001.basePlot.bet","D02","SERC","SERC_001","2015-08-25","2015-09-08","2016-12-02","NEON.BET.D02.001679","CYCSIG","Animalia","Arthropoda","Insecta","Coleoptera","Carabidae","Harpalinae","Pterostichini","Cyclotrachelus","Evarthrus","sigillatus",,"Cyclotrachelus sigillatus","Say","species",,"M",,"Freitag, R. 1969. A revision of the species of the genus Evarthrus LeConte. Quaestiones Entomologicae 5:89-212.","Robert L. Davidson","Carnegie Museum of Invertebrate Zoology",,"No known compromise","N",,
"2d04de26-0b8f-4075-83c2-0f6fa3212349","SERC_001.basePlot.bet","D02","SERC","SERC_001","2015-08-25","2015-09-08","2016-12-02","NEON.BET.D02.001662","PTESP23","Animalia","Arthropoda","Insecta","Coleoptera","Carabidae","Harpalinae","Pterostichini","Pterostichus",,"sp.",,"Pterostichus sp.","Bonelli","genus","sp. nov.","F",,,"Robert L. Davidson","Carnegie Museum of Invertebrate Zoology",,"No known compromise","N",,
"e67afe4e-5b8b-4419-9289-7dd2b657acd6","SERC_003.basePlot.bet","D02","SERC","SERC_003","2015-08-25","2015-09-08","2016-12-02","NEON.BET.D02.001663","PTESP23","Animalia","Arthropoda","Insecta","Coleoptera","Carabidae","Harpalinae","Pterostichini","Pterostichus",,"sp.",,"Pterostichus sp.","Bonelli","genus","sp. nov.","F",,,"Robert L. Davidson","Carnegie Museum of Invertebrate Zoology",,"No known compromise","N",,
"d8e77b2e-78ad-4166-93a5-5c0571d056e2","SERC_007.basePlot.bet","D02","SERC","SERC_007","2015-08-25","2015-09-08","2016-12-02","NEON.BET.D02.001680","CYCSIG","Animalia","Arthropoda","Insecta","Coleoptera","Carabidae","Harpalinae","Pterostichini","Cyclotrachelus","Evarthrus","sigillatus",,"Cyclotrachelus sigillatus","Say","species",,"F",,"Freitag, R. 1969. A revision of the species of the genus Evarthrus LeConte. Quaestiones Entomologicae 5:89-212.","Robert L. Davidson","Carnegie Museum of Invertebrate Zoology",,"No known compromise","N",,
"7e454745-b5fd-41a2-80da-5f02b9836aa4","SERC_007.basePlot.bet","D02","SERC","SERC_007","2015-08-25","2015-09-08","2016-11-16","NEON.BET.D02.001730","CHLAES","Animalia","Arthropoda","Insecta","Coleoptera","Carabidae","Harpalinae","Chlaeniini","Chlaenius","Chlaenius","aestivus",,"Chlaenius aestivus","Say","species",,"F",,"Bell, R. T. 1960. A Revision of the Genus Chlaenius Bonelli (Coleoptera, Carabidae) in North America. Miscellaneous Publications of the Entomological Society of America 1:98-166.","Robert L. Davidson","Carnegie Museum of Invertebrate Zoology",,"No known compromise","N",,
"a9e47c85-5dc3-4205-a2b0-73a5d1475b4f","SERC_001.basePlot.bet","D02","SERC","SERC_001","2015-08-25","2015-09-08","2016-11-16","NEON.BET.D02.001728","CHLAES","Animalia","Arthropoda","Insecta","Coleoptera","Carabidae","Harpalinae","Chlaeniini","Chlaenius","Chlaenius","aestivus",,"Chlaenius aestivus","Say","species",,"F",,"Bell, R. T. 1960. A Revision of the Genus Chlaenius Bonelli (Coleoptera, Carabidae) in North America. Miscellaneous Publications of the Entomological Society of America 1:98-166.","Robert L. Davidson","Carnegie Museum of Invertebrate Zoology",,"No known compromise","N",,
"5ad30395-b434-46fa-b21e-e4d4bfe46254","SERC_009.basePlot.bet","D02","SERC","SERC_009","2015-08-25","2015-09-08","2016-11-16","NEON.BET.D02.001736","CHLEMA","Animalia","Arthropoda","Insecta","Coleoptera","Carabidae","Harpalinae","Chlaeniini","Chlaenius","Anomoglossus","emarginatus",,"Chlaenius emarginatus","Say","species",,"F",,"Bell, R. T. 1960. A Revision of the Genus Chlaenius Bonelli (Coleoptera, Carabidae) in North America. Miscellaneous Publications of the Entomological Society of America 1:98-166.","Robert L. Davidson","Carnegie Museum of Invertebrate Zoology",,"No known compromise","N",,
"873afbe2-6a79-4828-a48b-0d873a6e8dc4","SERC_021.basePlot.bet","D02","SERC","SERC_021","2015-08-25","2015-09-08","2016-11-16","NEON.BET.D02.001731","CHLAES","Animalia","Arthropoda","Insecta","Coleoptera","Carabidae","Harpalinae","Chlaeniini","Chlaenius","Chlaenius","aestivus",,"Chlaenius aestivus","Say","species",,"M",,"Bell, R. T. 1960. A Revision of the Genus Chlaenius Bonelli (Coleoptera, Carabidae) in North America. Miscellaneous Publications of the Entomological Society of America 1:98-166.","Robert L. Davidson","Carnegie Museum of Invertebrate Zoology",,"No known compromise","N",,
"c1026783-95ab-4b28-92b9-c0d462a04b8d","SERC_006.basePlot.bet","D02","SERC","SERC_006","2015-08-25","2015-09-08","2016-11-16","NEON.BET.D02.001735","CHLEMA","Animalia","Arthropoda","Insecta","Coleoptera","Carabidae","Harpalinae","Chlaeniini","Chlaenius","Anomoglossus","emarginatus",,"Chlaenius emarginatus","Say","species",,"M",,"Bell, R. T. 1960. A Revision of the Genus Chlaenius Bonelli (Coleoptera, Carabidae) in North America. Miscellaneous Publications of the Entomological Society of America 1:98-166.","Robert L. Davidson","Carnegie Museum of Invertebrate Zoology",,"No known compromise","N",,
"5026ed90-c276-4946-b922-ebd225028713","SERC_002.basePlot.bet","D02","SERC","SERC_002","2015-08-25","2015-09-08","2016-11-17","NEON.BET.D02.001793","DICFUR2","Animalia","Arthropoda","Insecta","Coleoptera","Carabidae","Harpalinae","Licinini","Dicaelus","Paradicaelus","furvus","furvus","Dicaelus furvus furvus","Dejean","subspecies",,"M",,"Ball, G. E. 1959. A taxonomic study of the North American Licinini with notes on the Old World species of the genus Diplocheila BrullÃ© (Coleoptera). Memoirs of the American Entomological Society No. 16.","Robert L. Davidson","Carnegie Museum of Invertebrate Zoology",,"No known compromise","N",,
"9de5de11-7cea-4cee-a687-26013233604f","SERC_010.basePlot.bet","D02","SERC","SERC_010","2015-08-25","2015-09-08","2016-11-17","NEON.BET.D02.001794","DICFUR2","Animalia","Arthropoda","Insecta","Coleoptera","Carabidae","Harpalinae","Licinini","Dicaelus","Paradicaelus","furvus","furvus","Dicaelus furvus furvus","Dejean","subspecies",,"M",,"Ball, G. E. 1959. A taxonomic study of the North American Licinini with notes on the Old World species of the genus Diplocheila BrullÃ© (Coleoptera). Memoirs of the American Entomological Society No. 16.","Robert L. Davidson","Carnegie Museum of Invertebrate Zoology",,"No known compromise","N",,
"91bd39d8-861f-4264-b645-02d340d9356c","SERC_007.basePlot.bet","D02","SERC","SERC_007","2015-08-25","2015-09-08","2016-12-12","NEON.BET.D02.001844","ANIRUS","Animalia","Arthropoda","Insecta","Coleoptera","Carabidae","Harpalinae","Harpalini","Anisodactylus","Gynandrotarsus","rusticus",,"Anisodactylus rusticus","Say","species",,"F",,"Noonan, G. R. 1973. The Anisodactylines (Insecta: Coleoptera: Carabidae: Harpalini): classification, evolution and zoogeography. Quaestiones Entomologicae 9:266-480.","Robert L. Davidson","Carnegie Museum of Invertebrate Zoology",,"No known compromise","N",,"immature"
"811ae133-6885-4585-8758-a3582822a9f7","SERC_016.basePlot.bet","D02","SERC","SERC_016","2015-08-25","2015-09-08","2016-11-17","NEON.BET.D02.001810","DICAMB","Animalia","Arthropoda","Insecta","Coleoptera","Carabidae","Harpalinae","Licinini","Dicaelus","Paradicaelus","ambiguus",,"Dicaelus ambiguus","LaFerte-Senectere","species",,"M",,"Ball, G. E. 1959. A taxonomic study of the North American Licinini with notes on the Old World species of the genus Diplocheila BrullÃ© (Coleoptera). Memoirs of the American Entomological Society No. 16.","Robert L. Davidson","Carnegie Museum of Invertebrate Zoology",,"No known compromise","N",,
"37c16e1e-f5a4-4d3d-b1e2-e2d4f6910927","SERC_003.basePlot.bet","D02","SERC","SERC_003","2015-08-25","2015-09-08","2016-12-12","NEON.BET.D02.001819","ANINIG1","Animalia","Arthropoda","Insecta","Coleoptera","Carabidae","Harpalinae","Harpalini","Anisodactylus","Anisodactylus","nigerrimus",,"Anisodactylus nigerrimus","Dejean","species",,"F",,"Noonan, G. R. 1996. Classification, cladistics and natural history of species of the subgenus Anisodactylus Dejean (Insecta: Coleoptera: Carabidae: Harpalini: Anysoldactylus).","Robert L. Davidson","Carnegie Museum of Invertebrate Zoology",,"No known compromise","N",,
"bc15615c-c01b-4fb2-9ea3-5c948aa77d88","SERC_007.basePlot.bet","D02","SERC","SERC_007","2015-08-25","2015-09-08","2016-12-13","NEON.BET.D02.001892","STEOCH","Animalia","Arthropoda","Insecta","Coleoptera","Carabidae","Harpalinae","Harpalini","Stenolophus","Stenolophus","ochropezus",,"Stenolophus ochropezus","Say","species",,"F",,"Lindroth, C. H. 1969. The ground-beetles (Carabidae, excl. Cicindelinae) of Canada and Alaska, parts 1-6. Opuscula E. Entomoligiska Sallskapet.","Robert L. Davidson","Carnegie Museum of Invertebrate Zoology",,"No known compromise","N",,
"24c5e661-280b-4840-bc5d-834241f91a24","SERC_007.basePlot.bet","D02","SERC","SERC_007","2015-08-25","2015-09-08","2016-12-13","NEON.BET.D02.001896","STECOM","Animalia","Arthropoda","Insecta","Coleoptera","Carabidae","Harpalinae","Harpalini","Stenolophus","Agonoderus","comma",,"Stenolophus comma","Fabricius","species",,"M",,"Lindroth, C. H. 1969. The ground-beetles (Carabidae, excl. Cicindelinae) of Canada and Alaska, parts 1-6. Opuscula E. Entomoligiska Sallskapet.","Robert L. Davidson","Carnegie Museum of Invertebrate Zoology",,"No known compromise","N",,
"39754588-7d16-4e3f-90d1-dbd315119be0","SERC_007.basePlot.bet","D02","SERC","SERC_007","2015-08-25","2015-09-08","2016-12-13","NEON.BET.D02.001893","STEOCH","Animalia","Arthropoda","Insecta","Coleoptera","Carabidae","Harpalinae","Harpalini","Stenolophus","Stenolophus","ochropezus",,"Stenolophus ochropezus","Say","species",,"F",,"Lindroth, C. H. 1969. The ground-beetles (Carabidae, excl. Cicindelinae) of Canada and Alaska, parts 1-6. Opuscula E. Entomoligiska Sallskapet.","Robert L. Davidson","Carnegie Museum of Invertebrate Zoology",,"No known compromise","N",,
"636ad159-51d8-4ef5-929c-e56ecf8710ca","SERC_007.basePlot.bet","D02","SERC","SERC_007","2015-08-25","2015-09-08","2016-12-13","NEON.BET.D02.001894","STEOCH","Animalia","Arthropoda","Insecta","Coleoptera","Carabidae","Harpalinae","Harpalini","Stenolophus","Stenolophus","ochropezus",,"Stenolophus ochropezus","Say","species",,"M",,"Lindroth, C. H. 1969. The ground-beetles (Carabidae, excl. Cicindelinae) of Canada and Alaska, parts 1-6. Opuscula E. Entomoligiska Sallskapet.","Robert L. Davidson","Carnegie Museum of Invertebrate Zoology",,"No known compromise","N",,
"04d59040-f74c-4994-a407-97b4a91f9243","SERC_007.basePlot.bet","D02","SERC","SERC_007","2015-08-25","2015-09-08","2016-12-16","NEON.BET.D02.001940","HARPEN","Animalia","Arthropoda","Insecta","Coleoptera","Carabidae","Harpalinae","Harpalini","Harpalus","Pseudoophonus","pensylvanicus",,"Harpalus pensylvanicus","DeGeer","species",,"M",,"Ball, G. E., and J. N. Anderson. 1962. The taxonomy and speciation of Pseudophonus (a subgenus of Harpalus: Haralini: Carabidae, known to occur in North America). The Catholic University of America Press, Washington 17, D. C.","Robert L. Davidson","Carnegie Museum of Invertebrate Zoology",,"No known compromise","N",,
"505219d8-f30f-4c4b-94bc-9dc6f239d91d","SERC_007.basePlot.bet","D02","SERC","SERC_007","2015-08-25","2015-09-08","2016-12-16","NEON.BET.D02.001946","HARPEN","Animalia","Arthropoda","Insecta","Coleoptera","Carabidae","Harpalinae","Harpalini","Harpalus","Pseudoophonus","pensylvanicus",,"Harpalus pensylvanicus","DeGeer","species",,"F",,"Ball, G. E., and J. N. Anderson. 1962. The taxonomy and speciation of Pseudophonus (a subgenus of Harpalus: Haralini: Carabidae, known to occur in North America). The Catholic University of America Press, Washington 17, D. C.","Robert L. Davidson","Carnegie Museum of Invertebrate Zoology",,"No known compromise","N",,
"febfd9aa-f3a3-482c-9850-bc3980ce9ebb","SERC_007.basePlot.bet","D02","SERC","SERC_007","2015-08-25","2015-09-08","2016-12-16","NEON.BET.D02.001944","HARPEN","Animalia","Arthropoda","Insecta","Coleoptera","Carabidae","Harpalinae","Harpalini","Harpalus","Pseudoophonus","pensylvanicus",,"Harpalus pensylvanicus","DeGeer","species",,"F",,"Ball, G. E., and J. N. Anderson. 1962. The taxonomy and speciation of Pseudophonus (a subgenus of Harpalus: Haralini: Carabidae, known to occur in North America). The Catholic University of America Press, Washington 17, D. C.","Robert L. Davidson","Carnegie Museum of Invertebrate Zoology",,"No known compromise","N",,
"5834bae2-1b60-4e73-b4ac-b9ed61a164a8","SERC_007.basePlot.bet","D02","SERC","SERC_007","2015-08-25","2015-09-08","2016-12-16","NEON.BET.D02.001942","HARPEN","Animalia","Arthropoda","Insecta","Coleoptera","Carabidae","Harpalinae","Harpalini","Harpalus","Pseudoophonus","pensylvanicus",,"Harpalus pensylvanicus","DeGeer","species",,"F",,"Ball, G. E., and J. N. Anderson. 1962. The taxonomy and speciation of Pseudophonus (a subgenus of Harpalus: Haralini: Carabidae, known to occur in North America). The Catholic University of America Press, Washington 17, D. C.","Robert L. Davidson","Carnegie Museum of Invertebrate Zoology",,"No known compromise","N",,
"2db4dac6-e7cc-4394-b6a6-4d4b2a42ad97","SERC_007.basePlot.bet","D02","SERC","SERC_007","2015-08-25","2015-09-08","2016-12-16","NEON.BET.D02.001907","HARERY","Animalia","Arthropoda","Insecta","Coleoptera","Carabidae","Harpalinae","Harpalini","Harpalus","Pseudoophonus","erythropus",,"Harpalus erythropus","Dejean","species",,"M",,"Ball, G. E., and J. N. Anderson. 1962. The taxonomy and speciation of Pseudophonus (a subgenus of Harpalus: Haralini: Carabidae, known to occur in North America). The Catholic University of America Press, Washington 17, D. C.","Robert L. Davidson","Carnegie Museum of Invertebrate Zoology",,"No known compromise","N",,
