uid,namedLocation,domainID,siteID,plotID,trapID,setDate,collectDate,processingDate,etOHChangeDate,identifiedDate,sampleID,subsampleID,sampleType,taxonID,scientificName,taxonRank,identificationQualifier,scientificNameAuthorship,morphospeciesID,individualCount,identificationReferences,identifiedBy,recordedBy,remarks
"7916d768-4420-4ec0-b8dc-3806de953f3a","SERC_016.basePlot.bet","D02","SERC","SERC_016","W","2015-08-25","2015-09-08","2015-09-09","2015-10-01","2015-10-01","SERC_016.W.20150908","YVGGTAS4Nw9LB+ZV7esb31RIBzg3okgOmuZVjLvLus8=","carabid","CHLAES","Chlaenius aestivus","species",,"Say",,1,"Ciegler, J. C. 2000. Ground beetles and wrinkled bark beetles of South Carolina (Coleoptera: Geadephaga: Carabidae and Rhysodidae). Biota of South Carolina. Vol. 1. Clemson, S. Clemson University.","fhqXNoOkfxgxeumX3nh8hiKzTnt5lZ8Br3PaGAyV7lk=","fhqXNoOkfxgxeumX3nh8hiKzTnt5lZ8Br3PaGAyV7lk=",
"f5ab04a1-9741-463a-9742-25f0d2f154eb","SERC_015.basePlot.bet","D02","SERC","SERC_015","W","2015-08-25","2015-09-08","2015-09-09","2015-10-01",,"SERC_015.W.20150908","oRHnGosYO5NRgt2nTfYmTvhbeDoSinmwe3ciqGZY+QY=","invert bycatch",,,,,,,,,,"wYCqaZcA+7slXlj5N/mM6vobrh4QDptp",
"95e13d38-70ed-4cbf-b9ec-c6e8800bedc8","SERC_015.basePlot.bet","D02","SERC","SERC_015","W","2015-08-25","2015-09-08","2015-09-09","2015-10-01",,"SERC_015.W.20150908","oRHnGosYO5NRgt2nTfYmTvhbeDoSinmwiBCsO6XA4Wc=","invert bycatch",,,,,,,,,,"wYCqaZcA+7slXlj5N/mM6vobrh4QDptp",
"155498f2-e508-476e-acfc-c54b7d8bb8be","SERC_015.basePlot.bet","D02","SERC","SERC_015","W","2015-08-25","2015-09-08","2015-09-09","2015-10-01",,"SERC_015.W.20150908","oRHnGosYO5NRgt2nTfYmTvhbeDoSinmw2u8vZ2FJ+XU=","invert bycatch",,,,,,,,,,"wYCqaZcA+7slXlj5N/mM6vobrh4QDptp",
"9f725b49-6c71-4434-8929-42a468461348","SERC_021.basePlot.bet","D02","SERC","SERC_021","W","2015-08-25","2015-09-08","2015-09-09","2015-10-01",,"SERC_021.W.20150908","abrvHFi/544imcyfF+kn4oVeT84XvB4QJU870gJ7Spk=","invert bycatch",,,,,,,,,,"wYCqaZcA+7slXlj5N/mM6vobrh4QDptp",
"df06229b-19b8-4ef3-a6e2-aca5ca2275cc","SERC_021.basePlot.bet","D02","SERC","SERC_021","W","2015-08-25","2015-09-08","2015-09-09","2015-10-01","2015-10-01","SERC_021.W.20150908","abrvHFi/544imcyfF+kn4lmM0E9p7GJJeXst1yjf26c=","carabid","PTESTY","Pterostichus stygicus","species",,"Say",,1,"Bousquet, Y. 2010b. Illustrated Identification Guide to Adults and Larvae of Northeastern North American Ground Beetles (Coleoptera: Carabidae). 1st Ed. Pensoft Publishers, Sofia, Bulgaria.","fhqXNoOkfxgxeumX3nh8hiKzTnt5lZ8Br3PaGAyV7lk=","fhqXNoOkfxgxeumX3nh8hiKzTnt5lZ8Br3PaGAyV7lk=",
"9ae01d61-0c35-4c60-8b8d-603b88904d96","SERC_006.basePlot.bet","D02","SERC","SERC_006","W","2015-08-25","2015-09-08","2015-09-09","2015-10-01","2015-10-01","SERC_006.W.20150908","ulDxSdgiTKLdBAsavAcEZW3Z48WM4XgwVXAHuQE9/zs=","carabid","CHLAES","Chlaenius aestivus","species",,"Say",,1,"Ciegler, J. C. 2000. Ground beetles and wrinkled bark beetles of South Carolina (Coleoptera: Geadephaga: Carabidae and Rhysodidae). Biota of South Carolina. Vol. 1. Clemson, S. Clemson University.","wYCqaZcA+7slXlj5N/mM6vobrh4QDptp","wYCqaZcA+7slXlj5N/mM6vobrh4QDptp",
"c9694e47-1768-408b-b7cf-621e8c01c8db","SERC_006.basePlot.bet","D02","SERC","SERC_006","W","2015-08-25","2015-09-08","2015-09-09","2015-10-01",,"SERC_006.W.20150908","ulDxSdgiTKLdBAsavAcEZWk47iTgq4fcz6L7NlwCqJA=","invert bycatch",,,,,,,,,,"wYCqaZcA+7slXlj5N/mM6vobrh4QDptp",
"9b6c1755-1345-4caf-b3b9-610d097149a8","SERC_006.basePlot.bet","D02","SERC","SERC_006","W","2015-08-25","2015-09-08","2015-09-09","2015-10-01","2015-10-01","SERC_006.W.20150908","ulDxSdgiTKLdBAsavAcEZWYNVSsZHjUVa4UP4DbDbQI=","carabid","PTESTY","Pterostichus stygicus","species",,"Say",,1,"Bousquet, Y. 2010b. Illustrated Identification Guide to Adults and Larvae of Northeastern North American Ground Beetles (Coleoptera: Carabidae). 1st Ed. Pensoft Publishers, Sofia, Bulgaria.","wYCqaZcA+7slXlj5N/mM6vobrh4QDptp","wYCqaZcA+7slXlj5N/mM6vobrh4QDptp",
"9a0fa901-d4f4-4bb5-87b7-b569081c7ab2","SERC_010.basePlot.bet","D02","SERC","SERC_010","W","2015-08-25","2015-09-08","2015-09-09","2015-10-01","2015-10-01","SERC_010.W.20150908","zJWEWmQZoMPpaU7oGDbswaTeXbY2syCMe38OuLuyCi0=","carabid","CHLAES","Chlaenius aestivus","species",,"Say",,2,"Ciegler, J. C. 2000. Ground beetles and wrinkled bark beetles of South Carolina (Coleoptera: Geadephaga: Carabidae and Rhysodidae). Biota of South Carolina. Vol. 1. Clemson, S. Clemson University.","fhqXNoOkfxgxeumX3nh8hiKzTnt5lZ8Br3PaGAyV7lk=","fhqXNoOkfxgxeumX3nh8hiKzTnt5lZ8Br3PaGAyV7lk=",
"d6b05fa0-01ae-4a16-b4b2-d36f4f7355a7","SERC_001.basePlot.bet","D02","SERC","SERC_001","W","2015-08-25","2015-09-08","2015-09-09","2015-10-01","2015-10-01","SERC_001.W.20150908","UaGVcrvVzDOutGB3sFAIcS+mw3e97NecyvC7+/49+YQ=","carabid","CARSP14","Carabidae sp.","family",,"Latreille","D02.2015.MorphA",1,"Other","wYCqaZcA+7slXlj5N/mM6vobrh4QDptp","wYCqaZcA+7slXlj5N/mM6vobrh4QDptp","Pterostichus subgenus Abacidus. Doesn't key to any described species- prosternal process margined, ultimate tarsomeres glabrous, pronotal margin distinct to base, aedeagus simple"
"64907db5-8dbc-44be-adce-4c21039f8144","SERC_001.basePlot.bet","D02","SERC","SERC_001","W","2015-08-25","2015-09-08","2015-09-09","2015-10-01",,"SERC_001.W.20150908","UaGVcrvVzDOutGB3sFAIcaVOdVlGEV6zj57zV6DQMk8=","invert bycatch",,,,,,,,,,"wYCqaZcA+7slXlj5N/mM6vobrh4QDptp",
"3fbb5aa1-a17b-41df-899e-c404f69de5d2","SERC_001.basePlot.bet","D02","SERC","SERC_001","W","2015-08-25","2015-09-08","2015-09-09","2015-10-01",,"SERC_001.W.20150908","UaGVcrvVzDOutGB3sFAIcaVOdVlGEV6zAmZh1lHhQC0=","invert bycatch",,,,,,,,,,"wYCqaZcA+7slXlj5N/mM6vobrh4QDptp",
"aff4c693-a39b-45be-bbbf-34154556ac5b","SERC_010.basePlot.bet","D02","SERC","SERC_010","W","2015-08-25","2015-09-08","2015-09-09","2015-10-01",,"SERC_010.W.20150908","zJWEWmQZoMPpaU7oGDbswc00HfyxiVocYwZYrZxtZvo=","invert bycatch",,,,,,,,,,"fhqXNoOkfxgxeumX3nh8hiKzTnt5lZ8Br3PaGAyV7lk=",
"e550d10a-74b6-49c8-af94-76b327e436d1","SERC_010.basePlot.bet","D02","SERC","SERC_010","W","2015-08-25","2015-09-08","2015-09-09","2015-10-01",,"SERC_010.W.20150908","zJWEWmQZoMPpaU7oGDbswc00HfyxiVockig/r1UWjtM=","invert bycatch",,,,,,,,,,"fhqXNoOkfxgxeumX3nh8hiKzTnt5lZ8Br3PaGAyV7lk=",
"46bafedd-c082-4533-902f-14d5415a9bb0","SERC_001.basePlot.bet","D02","SERC","SERC_001","W","2015-08-25","2015-09-08","2015-09-09","2015-10-01","2015-10-01","SERC_001.W.20150908","UaGVcrvVzDOutGB3sFAIccrzCiXsqfNaRh2kzafkA9Y=","carabid","CHLAES","Chlaenius aestivus","species",,"Say",,1,"Ciegler, J. C. 2000. Ground beetles and wrinkled bark beetles of South Carolina (Coleoptera: Geadephaga: Carabidae and Rhysodidae). Biota of South Carolina. Vol. 1. Clemson, S. Clemson University.","wYCqaZcA+7slXlj5N/mM6vobrh4QDptp","wYCqaZcA+7slXlj5N/mM6vobrh4QDptp",
"7c259bb5-699d-4b47-86dc-cdacfd268359","SERC_009.basePlot.bet","D02","SERC","SERC_009","W","2015-08-25","2015-09-08","2015-09-09","2015-10-01",,"SERC_009.W.20150908","tTNfz4yHzdkOCKlCL4y8mv0OEpAOXqGQe7LvwBrvdjg=","invert bycatch",,,,,,,,,,"fhqXNoOkfxgxeumX3nh8hiKzTnt5lZ8Br3PaGAyV7lk=",
"bd57413a-2b6d-40b5-bc92-5b241b32b01c","SERC_009.basePlot.bet","D02","SERC","SERC_009","W","2015-08-25","2015-09-08","2015-09-09","2015-10-01","2015-10-01","SERC_009.W.20150908","tTNfz4yHzdkOCKlCL4y8mneiPQfm6x0QEXaQ1I1Siow=","carabid","CHLAES","Chlaenius aestivus","species",,"Say",,4,"Ciegler, J. C. 2000. Ground beetles and wrinkled bark beetles of South Carolina (Coleoptera: Geadephaga: Carabidae and Rhysodidae). Biota of South Carolina. Vol. 1. Clemson, S. Clemson University.","fhqXNoOkfxgxeumX3nh8hiKzTnt5lZ8Br3PaGAyV7lk=","fhqXNoOkfxgxeumX3nh8hiKzTnt5lZ8Br3PaGAyV7lk=",
"de460478-578b-4987-a1af-7c9ba51a55ad","SERC_009.basePlot.bet","D02","SERC","SERC_009","W","2015-08-25","2015-09-08","2015-09-09","2015-10-01",,"SERC_009.W.20150908","tTNfz4yHzdkOCKlCL4y8mv0OEpAOXqGQ46fukEMjrOQ=","invert bycatch",,,,,,,,,,"fhqXNoOkfxgxeumX3nh8hiKzTnt5lZ8Br3PaGAyV7lk=",
"a47b52d6-c1bc-4914-a2b3-959ca6d8d49f","SERC_003.basePlot.bet","D02","SERC","SERC_003","W","2015-08-25","2015-09-08","2015-09-09","2015-10-01","2015-11-10","SERC_003.W.20150908","CC7oYVgiCpAMTHWtAUJFjsSbcze+CM3ZB7jJI0oXNs0=","carabid","HARPEN","Harpalus pensylvanicus","species",,"DeGeer",,1,"Ball, G. E., and J. N. Anderson. 1962. The taxonomy and speciation of Pseudophonus (a subgenus of Harpalus: Haralini: Carabidae, known to occur in North America). The Catholic University of America Press, Washington 17, D. C.","wYCqaZcA+7slXlj5N/mM6vobrh4QDptp","wYCqaZcA+7slXlj5N/mM6vobrh4QDptp",
"fd289985-be95-4816-895e-cdd6cd8be60a","SERC_007.basePlot.bet","D02","SERC","SERC_007","W","2015-08-25","2015-09-08","2015-09-09","2015-10-01",,"SERC_007.W.20150908","VuceAg7yVycN8DaQWzDzgziKplu3KXzNQQwR8sKwdk8=","invert bycatch",,,,,,,,,,"OkD7GLun5+2axcMZFkkGzqUglhn8Dr4Y",
"88848e97-1680-474d-97ee-4a8e9db7d341","SERC_007.basePlot.bet","D02","SERC","SERC_007","W","2015-08-25","2015-09-08","2015-09-09","2015-10-01","2015-10-01","SERC_007.W.20150908","VuceAg7yVycN8DaQWzDzg0h1G0xtMhrGwS4ss7vmAQM=","carabid","SCASUB2","Scarites subterraneus","species",,"Fabricius",,9,"Other","OkD7GLun5+2axcMZFkkGzqUglhn8Dr4Y","OkD7GLun5+2axcMZFkkGzqUglhn8Dr4Y",
"e06e145e-3fb9-49ad-b663-c3d4bcd4ea8e","SERC_007.basePlot.bet","D02","SERC","SERC_007","W","2015-08-25","2015-09-08","2015-09-09","2015-10-01","2015-10-01","SERC_007.W.20150908","VuceAg7yVycN8DaQWzDzgwPIpl/x9J617lzpbLPhAcQ=","carabid","STEOCH","Stenolophus ochropezus","species",,"Say",,1,"Ciegler, J. C. 2000. Ground beetles and wrinkled bark beetles of South Carolina (Coleoptera: Geadephaga: Carabidae and Rhysodidae). Biota of South Carolina. Vol. 1. Clemson, S. Clemson University.","wYCqaZcA+7slXlj5N/mM6vobrh4QDptp","wYCqaZcA+7slXlj5N/mM6vobrh4QDptp",
"1c4ac8e9-7c1f-45ec-b3dd-d53c5bdf9ff1","SERC_007.basePlot.bet","D02","SERC","SERC_007","W","2015-08-25","2015-09-08","2015-09-09","2015-10-01","2015-10-01","SERC_007.W.20150908","VuceAg7yVycN8DaQWzDzgxkz4yzBr6m7mfJaYspDr00=","carabid","HARPEN","Harpalus pensylvanicus","species",,"DeGeer",,2,"Ball, G. E., and J. N. Anderson. 1962. The taxonomy and speciation of Pseudophonus (a subgenus of Harpalus: Haralini: Carabidae, known to occur in North America). The Catholic University of America Press, Washington 17, D. C.","wYCqaZcA+7slXlj5N/mM6vobrh4QDptp","wYCqaZcA+7slXlj5N/mM6vobrh4QDptp",
"cd04b204-69cf-4de6-bd4c-c7a88613282b","SERC_007.basePlot.bet","D02","SERC","SERC_007","W","2015-08-25","2015-09-08","2015-09-09","2015-10-01","2015-10-01","SERC_007.W.20150908","VuceAg7yVycN8DaQWzDzgzVmOD46mug0WH5Hl9ZZ634=","carabid","ELAXAN","Elaphropus xanthopus","species",,"Dejean",,10,"Bousquet, Y. 2010b. Illustrated Identification Guide to Adults and Larvae of Northeastern North American Ground Beetles (Coleoptera: Carabidae). 1st Ed. Pensoft Publishers, Sofia, Bulgaria.","wYCqaZcA+7slXlj5N/mM6vobrh4QDptp","wYCqaZcA+7slXlj5N/mM6vobrh4QDptp",
"6c7fd83c-0bb5-4a1c-a087-c4c80dedb677","SERC_007.basePlot.bet","D02","SERC","SERC_007","W","2015-08-25","2015-09-08","2015-09-09","2015-10-01",,"SERC_007.W.20150908","VuceAg7yVycN8DaQWzDzgziKplu3KXzN9VeDMihYHpA=","invert bycatch",,,,,,,,,,"OkD7GLun5+2axcMZFkkGzqUglhn8Dr4Y",
"49354d88-a0e6-4901-af59-0afc3768e456","SERC_001.basePlot.bet","D02","SERC","SERC_001","N","2015-08-25","2015-09-08","2015-09-09","2015-10-01",,"SERC_001.N.20150908","UaGVcrvVzDP2WW+JNy3oveG/MdIZiFaXvQX8DLbBAl0=","invert bycatch",,,,,,,,,,"wYCqaZcA+7slXlj5N/mM6vobrh4QDptp",
"73abf716-3dc8-4299-afda-f7fcb4dcd354","SERC_001.basePlot.bet","D02","SERC","SERC_001","N","2015-08-25","2015-09-08","2015-09-09","2015-10-01",,"SERC_001.N.20150908","UaGVcrvVzDP2WW+JNy3oveG/MdIZiFaXX52/6eY+RJY=","invert bycatch",,,,,,,,,,"wYCqaZcA+7slXlj5N/mM6vobrh4QDptp",
"4566baab-8da9-46fe-a212-a735b9440a0f","SERC_001.basePlot.bet","D02","SERC","SERC_001","N","2015-08-25","2015-09-08","2015-09-09","2015-10-01","2015-10-01","SERC_001.N.20150908","UaGVcrvVzDP2WW+JNy3ova2wz41TxMhIlfGn7PlUDbQ=","carabid","POLLAE","Polyderis laeva","species",,"Say",,1,"Ciegler, J. C. 2000. Ground beetles and wrinkled bark beetles of South Carolina (Coleoptera: Geadephaga: Carabidae and Rhysodidae). Biota of South Carolina. Vol. 1. Clemson, S. Clemson University.","wYCqaZcA+7slXlj5N/mM6vobrh4QDptp","wYCqaZcA+7slXlj5N/mM6vobrh4QDptp",
"81f93674-3550-46cc-b497-b6ea3f3d0dcb","SERC_015.basePlot.bet","D02","SERC","SERC_015","N","2015-08-25","2015-09-08","2015-09-09","2015-10-01",,"SERC_015.N.20150908","oRHnGosYO5NlS7xve2attszZgaN7WQJZ8cXjGv11pYw=","invert bycatch",,,,,,,,,,"wYCqaZcA+7slXlj5N/mM6vobrh4QDptp",
"ebebc632-d6f1-4c2d-b34a-33f1d3f8d45a","SERC_002.basePlot.bet","D02","SERC","SERC_002","N","2015-08-25","2015-09-08","2015-09-09","2015-10-01",,"SERC_002.N.20150908","YcnMnCZo63lrLwHfMM6HvZ3JRadJ46CTl2w4AKf1RUc=","invert bycatch",,,,,,,,,,"wYCqaZcA+7slXlj5N/mM6vobrh4QDptp",
"6d535017-c0c2-497e-8b55-62ea03037ef6","SERC_002.basePlot.bet","D02","SERC","SERC_002","N","2015-08-25","2015-09-08","2015-09-09","2015-10-01","2015-10-01","SERC_002.N.20150908","YcnMnCZo63lrLwHfMM6Hvb68duYeAEzfZu0/165L2G4=","carabid","PTESTY","Pterostichus stygicus","species",,"Say",,1,"Bousquet, Y. 2010b. Illustrated Identification Guide to Adults and Larvae of Northeastern North American Ground Beetles (Coleoptera: Carabidae). 1st Ed. Pensoft Publishers, Sofia, Bulgaria.","wYCqaZcA+7slXlj5N/mM6vobrh4QDptp","wYCqaZcA+7slXlj5N/mM6vobrh4QDptp",
"00159877-23d0-429e-a254-5c27c108dad5","SERC_006.basePlot.bet","D02","SERC","SERC_006","N","2015-08-25","2015-09-08","2015-09-09","2015-10-01",,"SERC_006.N.20150908","ulDxSdgiTKJShrRoRejxxlgaKTkabOSEoY4gOCxc+I0=","invert bycatch",,,,,,,,,,"wYCqaZcA+7slXlj5N/mM6vobrh4QDptp",
"7bcb4ab8-ff33-4090-938d-5b10e2d01890","SERC_021.basePlot.bet","D02","SERC","SERC_021","N","2015-08-25","2015-09-08","2015-09-09","2015-10-01","2015-10-01","SERC_021.N.20150908","abrvHFi/547quzRJ4XXPwE/MxXB8htUNS8l99XsOzVA=","carabid","PTESTY","Pterostichus stygicus","species",,"Say",,10,"Bousquet, Y. 2010b. Illustrated Identification Guide to Adults and Larvae of Northeastern North American Ground Beetles (Coleoptera: Carabidae). 1st Ed. Pensoft Publishers, Sofia, Bulgaria.","fhqXNoOkfxgxeumX3nh8hiKzTnt5lZ8Br3PaGAyV7lk=","fhqXNoOkfxgxeumX3nh8hiKzTnt5lZ8Br3PaGAyV7lk=",
"3a1e4866-59e2-479f-a11e-59e5b2270614","SERC_021.basePlot.bet","D02","SERC","SERC_021","N","2015-08-25","2015-09-08","2015-09-09","2015-10-01",,"SERC_021.N.20150908","abrvHFi/547quzRJ4XXPwO0ZlWrnyRC/GLIUNzgczq0=","invert bycatch",,,,,,,,,,"wYCqaZcA+7slXlj5N/mM6vobrh4QDptp",
"7b4c92b0-55fd-4824-8526-dbdf3175acfa","SERC_021.basePlot.bet","D02","SERC","SERC_021","N","2015-08-25","2015-09-08","2015-09-09","2015-10-01","2015-10-01","SERC_021.N.20150908","abrvHFi/547quzRJ4XXPwOyFEzg8DK0vF3r40aI8GK8=","carabid","CHLAES","Chlaenius aestivus","species",,"Say",,1,"Ciegler, J. C. 2000. Ground beetles and wrinkled bark beetles of South Carolina (Coleoptera: Geadephaga: Carabidae and Rhysodidae). Biota of South Carolina. Vol. 1. Clemson, S. Clemson University.","fhqXNoOkfxgxeumX3nh8hiKzTnt5lZ8Br3PaGAyV7lk=","fhqXNoOkfxgxeumX3nh8hiKzTnt5lZ8Br3PaGAyV7lk=",
"0a0e7833-5201-4fb8-b149-5aa83a0d9869","SERC_021.basePlot.bet","D02","SERC","SERC_021","N","2015-08-25","2015-09-08","2015-09-09","2015-10-01",,"SERC_021.N.20150908","abrvHFi/547quzRJ4XXPwO0ZlWrnyRC/C2JP6JX7C6c=","invert bycatch",,,,,,,,,,"wYCqaZcA+7slXlj5N/mM6vobrh4QDptp",
"0bb60df2-cf67-4fc4-939b-f4792d8f6301","SERC_007.basePlot.bet","D02","SERC","SERC_007","S","2015-08-25","2015-09-08","2015-09-09","2015-10-01","2015-10-01","SERC_007.S.20150908","VuceAg7yVycbihe2x8O8rPMe5Ov+hvOJtqqiM0qUNi0=","carabid","SCASUB2","Scarites subterraneus","species",,"Fabricius",,5,"Other","OkD7GLun5+2axcMZFkkGzqUglhn8Dr4Y","OkD7GLun5+2axcMZFkkGzqUglhn8Dr4Y",
"905b6aca-f83e-4c27-adb9-322c4bab2c00","SERC_021.basePlot.bet","D02","SERC","SERC_021","S","2015-08-25","2015-09-08","2015-09-09","2015-10-01","2015-10-01","SERC_021.S.20150908","abrvHFi/546vIGfJHdKpb8BhZxWgoHocRJKigCfNJAY=","carabid","CHLAES","Chlaenius aestivus","species",,"Say",,1,"Ciegler, J. C. 2000. Ground beetles and wrinkled bark beetles of South Carolina (Coleoptera: Geadephaga: Carabidae and Rhysodidae). Biota of South Carolina. Vol. 1. Clemson, S. Clemson University.","fhqXNoOkfxgxeumX3nh8hiKzTnt5lZ8Br3PaGAyV7lk=","fhqXNoOkfxgxeumX3nh8hiKzTnt5lZ8Br3PaGAyV7lk=",
"231fad40-fb87-4686-849b-0bc4a0df5ee3","SERC_021.basePlot.bet","D02","SERC","SERC_021","S","2015-08-25","2015-09-08","2015-09-09","2015-10-01",,"SERC_021.S.20150908","abrvHFi/546vIGfJHdKpb/VT6CHPNSSr+2a+vGTTxCQ=","invert bycatch",,,,,,,,,,"wYCqaZcA+7slXlj5N/mM6vobrh4QDptp",
"7ac47355-8dc1-449d-be65-006a30709f41","SERC_015.basePlot.bet","D02","SERC","SERC_015","S","2015-08-25","2015-09-08","2015-09-09","2015-10-01","2015-10-01","SERC_015.S.20150908","oRHnGosYO5OVlOfh6UoAvrlcXLb4hE3jUYJt8GvX/NI=","carabid","CHLAES","Chlaenius aestivus","species",,"Say",,1,"Ciegler, J. C. 2000. Ground beetles and wrinkled bark beetles of South Carolina (Coleoptera: Geadephaga: Carabidae and Rhysodidae). Biota of South Carolina. Vol. 1. Clemson, S. Clemson University.","wYCqaZcA+7slXlj5N/mM6vobrh4QDptp","wYCqaZcA+7slXlj5N/mM6vobrh4QDptp",
"5ee8634e-4328-40a9-b3cd-a666dc7f85ac","SERC_021.basePlot.bet","D02","SERC","SERC_021","S","2015-08-25","2015-09-08","2015-09-09","2015-10-01","2015-10-01","SERC_021.S.20150908","abrvHFi/546vIGfJHdKpbydUAjOQW0+kEYKlZJBQZNI=","carabid","PTESTY","Pterostichus stygicus","species",,"Say",,17,"Bousquet, Y. 2010b. Illustrated Identification Guide to Adults and Larvae of Northeastern North American Ground Beetles (Coleoptera: Carabidae). 1st Ed. Pensoft Publishers, Sofia, Bulgaria.","fhqXNoOkfxgxeumX3nh8hiKzTnt5lZ8Br3PaGAyV7lk=","fhqXNoOkfxgxeumX3nh8hiKzTnt5lZ8Br3PaGAyV7lk=",
"def77231-d1b0-4839-b1b3-1c4f82cfc986","SERC_021.basePlot.bet","D02","SERC","SERC_021","S","2015-08-25","2015-09-08","2015-09-09","2015-10-01","2015-10-01","SERC_021.S.20150908","abrvHFi/546vIGfJHdKpbw/e/OLm5sWSmUwfamOocQE=","carabid","CYCSIG","Cyclotrachelus sigillatus","species",,"Say",,2,"Freitag, R. 1969. A revision of the species of the genus Evarthrus LeConte. Quaestiones Entomologicae 5:89-212.","fhqXNoOkfxgxeumX3nh8hiKzTnt5lZ8Br3PaGAyV7lk=","fhqXNoOkfxgxeumX3nh8hiKzTnt5lZ8Br3PaGAyV7lk=",
"20b4e0d6-c77b-4184-a3bd-1a2b9b1f2795","SERC_021.basePlot.bet","D02","SERC","SERC_021","S","2015-08-25","2015-09-08","2015-09-09","2015-10-01",,"SERC_021.S.20150908","abrvHFi/546vIGfJHdKpb/VT6CHPNSSrNy5hIR7s5AA=","invert bycatch",,,,,,,,,,"wYCqaZcA+7slXlj5N/mM6vobrh4QDptp",
"42e6a4cc-f796-4e08-9b29-8830156e92d7","SERC_006.basePlot.bet","D02","SERC","SERC_006","S","2015-08-25","2015-09-08","2015-09-09","2015-10-01","2015-10-01","SERC_006.S.20150908","ulDxSdgiTKIzGwTPWdjoLFHpF1p2i/oQNyiMnyymFt0=","carabid","PTESTY","Pterostichus stygicus","species",,"Say",,1,"Bousquet, Y. 2010b. Illustrated Identification Guide to Adults and Larvae of Northeastern North American Ground Beetles (Coleoptera: Carabidae). 1st Ed. Pensoft Publishers, Sofia, Bulgaria.","wYCqaZcA+7slXlj5N/mM6vobrh4QDptp","wYCqaZcA+7slXlj5N/mM6vobrh4QDptp",
"3e828163-ca03-483b-a85d-4a7ab48f0ebf","SERC_002.basePlot.bet","D02","SERC","SERC_002","S","2015-08-25","2015-09-08","2015-09-09","2015-10-01","2015-10-01","SERC_002.S.20150908","YcnMnCZo63lkDrP/fuO0GciMaxHHR+u+ElD+gaNO9uw=","carabid","PTESTY","Pterostichus stygicus","species",,"Say",,7,"Bousquet, Y. 2010b. Illustrated Identification Guide to Adults and Larvae of Northeastern North American Ground Beetles (Coleoptera: Carabidae). 1st Ed. Pensoft Publishers, Sofia, Bulgaria.","wYCqaZcA+7slXlj5N/mM6vobrh4QDptp","wYCqaZcA+7slXlj5N/mM6vobrh4QDptp",
"ae346243-f37d-4941-9d9b-905517d00929","SERC_002.basePlot.bet","D02","SERC","SERC_002","S","2015-08-25","2015-09-08","2015-09-09","2015-10-01","2015-10-01","SERC_002.S.20150908","YcnMnCZo63lkDrP/fuO0GauvyyqWuTMWMMz/viHBpzg=","carabid","DICFUR2","Dicaelus furvus furvus","subspecies",,"Dejean",,1,"Ciegler, J. C. 2000. Ground beetles and wrinkled bark beetles of South Carolina (Coleoptera: Geadephaga: Carabidae and Rhysodidae). Biota of South Carolina. Vol. 1. Clemson, S. Clemson University.","wYCqaZcA+7slXlj5N/mM6vobrh4QDptp","wYCqaZcA+7slXlj5N/mM6vobrh4QDptp",
"d58da4d9-e333-449b-832e-4f9de7143355","SERC_006.basePlot.bet","D02","SERC","SERC_006","S","2015-08-25","2015-09-08","2015-09-09","2015-10-01","2015-10-01","SERC_006.S.20150908","ulDxSdgiTKIzGwTPWdjoLJDOG9E6eVykX2PM1+Knr8U=","carabid","CARSP14","Carabidae sp.","family",,"Latreille","D02.2015.MorphA",2,"Other","wYCqaZcA+7slXlj5N/mM6vobrh4QDptp","wYCqaZcA+7slXlj5N/mM6vobrh4QDptp","Pterostichus subgenus Abacidus. Doesn't key to any described species- prosternal process margined, ultimate tarsomeres glabrous, pronotal margin distinct to base, aedeagus simple."
"3281a650-208f-49a6-ab96-e12f13b78acc","SERC_009.basePlot.bet","D02","SERC","SERC_009","S","2015-08-25","2015-09-08","2015-09-09","2015-10-01","2015-10-01","SERC_009.S.20150908","tTNfz4yHzdmJFQIid5wgzvLyCTLtd42mqrc1EPopyCo=","carabid","PTESTY","Pterostichus stygicus","species",,"Say",,30,"Bousquet, Y. 2010b. Illustrated Identification Guide to Adults and Larvae of Northeastern North American Ground Beetles (Coleoptera: Carabidae). 1st Ed. Pensoft Publishers, Sofia, Bulgaria.","fhqXNoOkfxgxeumX3nh8hiKzTnt5lZ8Br3PaGAyV7lk=","fhqXNoOkfxgxeumX3nh8hiKzTnt5lZ8Br3PaGAyV7lk=",
"5fae2946-406c-4303-84fc-0c7fa9b0cfb9","SERC_010.basePlot.bet","D02","SERC","SERC_010","S","2015-08-25","2015-09-08","2015-09-09","2015-10-01",,"SERC_010.S.20150908","zJWEWmQZoMNAenyerOxLOE+J78uo3qFRxkd7qpvr7n4=","invert bycatch",,,,,,,,,,"fhqXNoOkfxgxeumX3nh8hiKzTnt5lZ8Br3PaGAyV7lk=",
"e03a54d2-d2f7-435d-8a14-44b7cfed5add","SERC_010.basePlot.bet","D02","SERC","SERC_010","S","2015-08-25","2015-09-08","2015-09-09","2015-10-01","2015-10-01","SERC_010.S.20150908","zJWEWmQZoMNAenyerOxLOBbQUrt8Ev1VWGSOweAbZLU=","carabid","CHLAES","Chlaenius aestivus","species",,"Say",,1,"Ciegler, J. C. 2000. Ground beetles and wrinkled bark beetles of South Carolina (Coleoptera: Geadephaga: Carabidae and Rhysodidae). Biota of South Carolina. Vol. 1. Clemson, S. Clemson University.","fhqXNoOkfxgxeumX3nh8hiKzTnt5lZ8Br3PaGAyV7lk=","fhqXNoOkfxgxeumX3nh8hiKzTnt5lZ8Br3PaGAyV7lk=",
"ffe0a9ef-b75a-4f34-967c-48357b1740f9","SERC_001.basePlot.bet","D02","SERC","SERC_001","S","2015-08-25","2015-09-08","2015-09-09","2015-10-01",,"SERC_001.S.20150908","UaGVcrvVzDMTNP1CPcl/gyDiuNSFBRjpnubrcNa0DJ8=","invert bycatch",,,,,,,,,,"wYCqaZcA+7slXlj5N/mM6vobrh4QDptp",
"333a9352-aae5-4a39-87aa-2af373ee985a","SERC_007.basePlot.bet","D02","SERC","SERC_007","S","2015-08-25","2015-09-08","2015-09-09","2015-10-01",,"SERC_007.S.20150908","VuceAg7yVycbihe2x8O8rF1i7uZMHj9NMRXPbY0Pd7U=","invert bycatch",,,,,,,,,,"OkD7GLun5+2axcMZFkkGzqUglhn8Dr4Y",
"e7102399-268e-4dd1-a595-ebb04de362e7","SERC_007.basePlot.bet","D02","SERC","SERC_007","S","2015-08-25","2015-09-08","2015-09-09","2015-10-01","2015-10-28","SERC_007.S.20150908","VuceAg7yVycbihe2x8O8rNKi6Q7i2GI4kaTHBmwIe6c=","carabid","STECOM","Stenolophus comma","species",,"Fabricius",,1,"Ciegler, J. C. 2000. Ground beetles and wrinkled bark beetles of South Carolina (Coleoptera: Geadephaga: Carabidae and Rhysodidae). Biota of South Carolina. Vol. 1. Clemson, S. Clemson University.","wYCqaZcA+7slXlj5N/mM6vobrh4QDptp","wYCqaZcA+7slXlj5N/mM6vobrh4QDptp",
"e36abe76-4727-442c-a830-256151eeaf0e","SERC_009.basePlot.bet","D02","SERC","SERC_009","S","2015-08-25","2015-09-08","2015-09-09","2015-10-01",,"SERC_009.S.20150908","tTNfz4yHzdmJFQIid5wgzqeCLFime8NCaYRbTmCppA8=","invert bycatch",,,,,,,,,,"fhqXNoOkfxgxeumX3nh8hiKzTnt5lZ8Br3PaGAyV7lk=",
"b1007132-21cc-4f06-a272-fa1f96f5fa7c","SERC_009.basePlot.bet","D02","SERC","SERC_009","S","2015-08-25","2015-09-08","2015-09-09","2015-10-01","2015-10-28","SERC_009.S.20150908","tTNfz4yHzdmJFQIid5wgzrC1Ch42QlLTzWLQTIaJ9cs=","carabid","CHLEMA","Chlaenius emarginatus","species",,"Say",,1,"Ciegler, J. C. 2000. Ground beetles and wrinkled bark beetles of South Carolina (Coleoptera: Geadephaga: Carabidae and Rhysodidae). Biota of South Carolina. Vol. 1. Clemson, S. Clemson University.","wYCqaZcA+7slXlj5N/mM6vobrh4QDptp","wYCqaZcA+7slXlj5N/mM6vobrh4QDptp",
"2cc7f326-6394-4d17-98a1-ecb5acd764f0","SERC_009.basePlot.bet","D02","SERC","SERC_009","S","2015-08-25","2015-09-08","2015-09-09","2015-10-01",,"SERC_009.S.20150908","tTNfz4yHzdmJFQIid5wgzqeCLFime8NCIWQlRv7NNjQ=","invert bycatch",,,,,,,,,,"fhqXNoOkfxgxeumX3nh8hiKzTnt5lZ8Br3PaGAyV7lk=",
"ed7cd463-74df-4727-bbe0-c7085e655bb2","SERC_007.basePlot.bet","D02","SERC","SERC_007","S","2015-08-25","2015-09-08","2015-09-09","2015-10-01","2015-10-28","SERC_007.S.20150908","VuceAg7yVycbihe2x8O8rBntn1DQkVuYgLJcZ6Kwmtk=","carabid","ELAINC","Elaphropus incurvus","species",,"Say",,6,"Bousquet, Y. 2010b. Illustrated Identification Guide to Adults and Larvae of Northeastern North American Ground Beetles (Coleoptera: Carabidae). 1st Ed. Pensoft Publishers, Sofia, Bulgaria.","wYCqaZcA+7slXlj5N/mM6vobrh4QDptp","wYCqaZcA+7slXlj5N/mM6vobrh4QDptp",
"2f30406d-0fd9-46fb-a78d-5b5d0155f6c2","SERC_007.basePlot.bet","D02","SERC","SERC_007","S","2015-08-25","2015-09-08","2015-09-09","2015-10-01","2015-11-10","SERC_007.S.20150908","VuceAg7yVycbihe2x8O8rKwmk/hkaMNgFrHxiWVVkmw=","carabid","HARPEN","Harpalus pensylvanicus","species",,"DeGeer",,5,"Ball, G. E., and J. N. Anderson. 1962. The taxonomy and speciation of Pseudophonus (a subgenus of Harpalus: Haralini: Carabidae, known to occur in North America). The Catholic University of America Press, Washington 17, D. C.","wYCqaZcA+7slXlj5N/mM6vobrh4QDptp","wYCqaZcA+7slXlj5N/mM6vobrh4QDptp",
"4305ea37-776b-473d-8e8d-676480909f73","SERC_007.basePlot.bet","D02","SERC","SERC_007","S","2015-08-25","2015-09-08","2015-09-09","2015-10-01",,"SERC_007.S.20150908","VuceAg7yVycbihe2x8O8rF1i7uZMHj9NehwTna6zSow=","invert bycatch",,,,,,,,,,"OkD7GLun5+2axcMZFkkGzqUglhn8Dr4Y",
"aef65f80-b898-40d3-9504-0d7ae2463945","SERC_007.basePlot.bet","D02","SERC","SERC_007","S","2015-08-25","2015-09-08","2015-09-09","2015-10-01","2015-10-28","SERC_007.S.20150908","VuceAg7yVycbihe2x8O8rCACwJ5MCOBrPL8h8x2svMQ=","carabid","STEOCH","Stenolophus ochropezus","species",,"Say",,2,"Ciegler, J. C. 2000. Ground beetles and wrinkled bark beetles of South Carolina (Coleoptera: Geadephaga: Carabidae and Rhysodidae). Biota of South Carolina. Vol. 1. Clemson, S. Clemson University.","wYCqaZcA+7slXlj5N/mM6vobrh4QDptp","wYCqaZcA+7slXlj5N/mM6vobrh4QDptp",
"7d6399af-dbd5-4c2a-bf88-3543788e49e2","SERC_007.basePlot.bet","D02","SERC","SERC_007","S","2015-08-25","2015-09-08","2015-09-09","2015-10-01","2015-10-28","SERC_007.S.20150908","VuceAg7yVycbihe2x8O8rKs2mrKTp20PTFRec4ePedw=","carabid","ANIRUS","Anisodactylus rusticus","species",,"Say",,1,"Noonan, G. R. 1973. The Anisodactylines (Insecta: Coleoptera: Carabidae: Harpalini): classification, evolution and zoogeography. Quaestiones Entomologicae 9:266-480.","wYCqaZcA+7slXlj5N/mM6vobrh4QDptp","wYCqaZcA+7slXlj5N/mM6vobrh4QDptp",
"6f778318-88d6-4633-ba2f-275596c0e702","SERC_007.basePlot.bet","D02","SERC","SERC_007","S","2015-08-25","2015-09-08","2015-09-09","2015-10-01","2015-10-28","SERC_007.S.20150908","VuceAg7yVycbihe2x8O8rLAvvHVojZ+lVxATilZSxq8=","carabid","ELAXAN","Elaphropus xanthopus","species",,"Dejean",,5,"Bousquet, Y. 2010b. Illustrated Identification Guide to Adults and Larvae of Northeastern North American Ground Beetles (Coleoptera: Carabidae). 1st Ed. Pensoft Publishers, Sofia, Bulgaria.","wYCqaZcA+7slXlj5N/mM6vobrh4QDptp","wYCqaZcA+7slXlj5N/mM6vobrh4QDptp",
"b87a78f5-4f29-4dae-be06-41afd93ecb81","SERC_003.basePlot.bet","D02","SERC","SERC_003","S","2015-08-25","2015-09-08","2015-09-09","2015-10-01",,"SERC_003.S.20150908","CC7oYVgiCpCbybsEGlEH1qK6fmobD8WwyOrTjFjUa+s=","invert bycatch",,,,,,,,,,"wYCqaZcA+7slXlj5N/mM6vobrh4QDptp",
"15ae9be6-3711-4613-aaf1-40488f05bd4f","SERC_009.basePlot.bet","D02","SERC","SERC_009","S","2015-08-25","2015-09-08","2015-09-09","2015-10-01","2015-10-01","SERC_009.S.20150908","tTNfz4yHzdmJFQIid5wgzjW5J6zLt+H/7zy267lZrGE=","carabid","CHLAES","Chlaenius aestivus","species",,"Say",,5,"Ciegler, J. C. 2000. Ground beetles and wrinkled bark beetles of South Carolina (Coleoptera: Geadephaga: Carabidae and Rhysodidae). Biota of South Carolina. Vol. 1. Clemson, S. Clemson University.","fhqXNoOkfxgxeumX3nh8hiKzTnt5lZ8Br3PaGAyV7lk=","fhqXNoOkfxgxeumX3nh8hiKzTnt5lZ8Br3PaGAyV7lk=",
"6f8065fc-0d1b-4642-a2db-b06db1ce305a","SERC_010.basePlot.bet","D02","SERC","SERC_010","S","2015-08-25","2015-09-08","2015-09-09","2015-10-01","2015-10-01","SERC_010.S.20150908","zJWEWmQZoMNAenyerOxLOEPRzCupiB8JRiuJg4sY8Gc=","carabid","PTESTY","Pterostichus stygicus","species",,"Say",,13,"Bousquet, Y. 2010b. Illustrated Identification Guide to Adults and Larvae of Northeastern North American Ground Beetles (Coleoptera: Carabidae). 1st Ed. Pensoft Publishers, Sofia, Bulgaria.","fhqXNoOkfxgxeumX3nh8hiKzTnt5lZ8Br3PaGAyV7lk=","fhqXNoOkfxgxeumX3nh8hiKzTnt5lZ8Br3PaGAyV7lk=",
"6acbbbd5-926b-477c-af98-84ea24f10a4b","SERC_010.basePlot.bet","D02","SERC","SERC_010","S","2015-08-25","2015-09-08","2015-09-09","2015-10-01",,"SERC_010.S.20150908","zJWEWmQZoMNAenyerOxLOE+J78uo3qFRP6q18wzYj1A=","invert bycatch",,,,,,,,,,"fhqXNoOkfxgxeumX3nh8hiKzTnt5lZ8Br3PaGAyV7lk=",
"277e3195-a9f9-4fbd-b781-abe36bc30299","SERC_001.basePlot.bet","D02","SERC","SERC_001","S","2015-08-25","2015-09-08","2015-09-09","2015-10-01",,"SERC_001.S.20150908","UaGVcrvVzDMTNP1CPcl/gyDiuNSFBRjp0S1Ru5XvpmA=","invert bycatch",,,,,,,,,,"wYCqaZcA+7slXlj5N/mM6vobrh4QDptp",
"454446a8-c056-4857-9d67-9c4250a42dbc","SERC_001.basePlot.bet","D02","SERC","SERC_001","S","2015-08-25","2015-09-08","2015-09-09","2015-10-01","2015-10-01","SERC_001.S.20150908","UaGVcrvVzDMTNP1CPcl/g7MDGuCRkWAYSPGL5wQw0HU=","carabid","CYCSIG","Cyclotrachelus sigillatus","species",,"Say",,1,"Freitag, R. 1969. A revision of the species of the genus Evarthrus LeConte. Quaestiones Entomologicae 5:89-212.","wYCqaZcA+7slXlj5N/mM6vobrh4QDptp","wYCqaZcA+7slXlj5N/mM6vobrh4QDptp",
"29456e3b-cfc1-432b-99da-0db61dc7da9c","SERC_006.basePlot.bet","D02","SERC","SERC_006","S","2015-08-25","2015-09-08","2015-09-09","2015-10-01",,"SERC_006.S.20150908","ulDxSdgiTKIzGwTPWdjoLH2Rvs3SbqudGD4r7rIbMdA=","invert bycatch",,,,,,,,,,"wYCqaZcA+7slXlj5N/mM6vobrh4QDptp",
"699532c7-9f03-4c58-94ac-b33478def98c","SERC_002.basePlot.bet","D02","SERC","SERC_002","S","2015-08-25","2015-09-08","2015-09-09","2015-10-01",,"SERC_002.S.20150908","YcnMnCZo63lkDrP/fuO0GXUqI2nlSLQXxgpc87HgVS0=","invert bycatch",,,,,,,,,,"wYCqaZcA+7slXlj5N/mM6vobrh4QDptp",
"9433bccf-69b6-4beb-b80a-37001ef7c325","SERC_015.basePlot.bet","D02","SERC","SERC_015","S","2015-08-25","2015-09-08","2015-09-09","2015-10-01",,"SERC_015.S.20150908","oRHnGosYO5OVlOfh6UoAvvQBMRtDlEAPfpxowce1CSU=","invert bycatch",,,,,,,,,,"wYCqaZcA+7slXlj5N/mM6vobrh4QDptp",
"b019a9f5-ece4-4a90-b7bb-dd3bac3d7ed8","SERC_015.basePlot.bet","D02","SERC","SERC_015","S","2015-08-25","2015-09-08","2015-09-09","2015-10-01",,"SERC_015.S.20150908","oRHnGosYO5OVlOfh6UoAvvQBMRtDlEAPCaDHCMBR8BQ=","invert bycatch",,,,,,,,,,"wYCqaZcA+7slXlj5N/mM6vobrh4QDptp",
"b9cf1acf-954e-404c-8292-56232a31a4af","SERC_015.basePlot.bet","D02","SERC","SERC_015","S","2015-08-25","2015-09-08","2015-09-09","2015-10-01",,"SERC_015.S.20150908","oRHnGosYO5OVlOfh6UoAvvQBMRtDlEAPP9zJtOBG0eE=","invert bycatch",,,,,,,,,,"wYCqaZcA+7slXlj5N/mM6vobrh4QDptp",
"ea7dede5-7e42-4659-ba7d-c225f55eb21e","SERC_021.basePlot.bet","D02","SERC","SERC_021","S","2015-08-25","2015-09-08","2015-09-09","2015-10-01",,"SERC_021.S.20150908","abrvHFi/546vIGfJHdKpb/VT6CHPNSSre3srmRhowQ0=","invert bycatch",,,,,,,,,,"wYCqaZcA+7slXlj5N/mM6vobrh4QDptp",
"ae71c989-20bf-4ff9-a971-36684ddf83cd","SERC_016.basePlot.bet","D02","SERC","SERC_016","S","2015-08-25","2015-09-08","2015-09-09","2015-10-01","2015-10-28","SERC_016.S.20150908","YVGGTAS4Nw/QDCDcWJyuGbm6DzplTHZ5xYjxIhSFCsA=","carabid","DICAMB","Dicaelus ambiguus","species",,"LaFerte-Senectere",,1,"Ciegler, J. C. 2000. Ground beetles and wrinkled bark beetles of South Carolina (Coleoptera: Geadephaga: Carabidae and Rhysodidae). Biota of South Carolina. Vol. 1. Clemson, S. Clemson University.","wYCqaZcA+7slXlj5N/mM6vobrh4QDptp","wYCqaZcA+7slXlj5N/mM6vobrh4QDptp",
"6b91eee8-a76c-4a7e-b3ec-22d4a89df984","SERC_016.basePlot.bet","D02","SERC","SERC_016","S","2015-08-25","2015-09-08","2015-09-09","2015-10-01",,"SERC_016.S.20150908","YVGGTAS4Nw/QDCDcWJyuGX+Ht54p/LG8jjnWKi4yr3Y=","invert bycatch",,,,,,,,,,"fhqXNoOkfxgxeumX3nh8hiKzTnt5lZ8Br3PaGAyV7lk=",
"8d2ca87f-60f1-4f51-9b3b-3029ea2ee397","SERC_003.basePlot.bet","D02","SERC","SERC_003","W","2015-08-25","2015-09-08","2015-09-09","2015-10-01","2015-10-01","SERC_003.W.20150908","CC7oYVgiCpAMTHWtAUJFjnjRWzxOEX0Zdt53TnKiPlI=","carabid","CARVIN","Carabus vinctus","species",,"Weber",,1,"Ciegler, J. C. 2000. Ground beetles and wrinkled bark beetles of South Carolina (Coleoptera: Geadephaga: Carabidae and Rhysodidae). Biota of South Carolina. Vol. 1. Clemson, S. Clemson University.","wYCqaZcA+7slXlj5N/mM6vobrh4QDptp","wYCqaZcA+7slXlj5N/mM6vobrh4QDptp",
"c8d16460-d9aa-4459-b4bc-0a720ab7b909","SERC_003.basePlot.bet","D02","SERC","SERC_003","W","2015-08-25","2015-09-08","2015-09-09","2015-10-01",,"SERC_003.W.20150908","CC7oYVgiCpAMTHWtAUJFjqjeKIDOAuqcwaFFdNPU4wk=","invert bycatch",,,,,,,,,,"wYCqaZcA+7slXlj5N/mM6vobrh4QDptp",
"cd03beb1-892a-47c4-82b5-11ae6492d982","SERC_007.basePlot.bet","D02","SERC","SERC_007","W","2015-08-25","2015-09-08","2015-09-09","2015-10-01","2015-10-01","SERC_007.W.20150908","VuceAg7yVycN8DaQWzDzg/8VYeApODZjIPrGkXZnHxM=","carabid","CYCSIG","Cyclotrachelus sigillatus","species",,"Say",,1,"Freitag, R. 1969. A revision of the species of the genus Evarthrus LeConte. Quaestiones Entomologicae 5:89-212.","wYCqaZcA+7slXlj5N/mM6vobrh4QDptp","wYCqaZcA+7slXlj5N/mM6vobrh4QDptp",
"e4eb1e9e-78d0-4630-be7c-b7542d1b2242","SERC_007.basePlot.bet","D02","SERC","SERC_007","W","2015-08-25","2015-09-08","2015-09-09","2015-10-01","2015-10-01","SERC_007.W.20150908","VuceAg7yVycN8DaQWzDzgwTANvVLmPKpYxiwj70YI3M=","carabid","CHLAES","Chlaenius aestivus","species",,"Say",,1,"Ciegler, J. C. 2000. Ground beetles and wrinkled bark beetles of South Carolina (Coleoptera: Geadephaga: Carabidae and Rhysodidae). Biota of South Carolina. Vol. 1. Clemson, S. Clemson University.","wYCqaZcA+7slXlj5N/mM6vobrh4QDptp","wYCqaZcA+7slXlj5N/mM6vobrh4QDptp",
"6e4ef95c-5b47-4374-aa0d-b031bc966cd2","SERC_010.basePlot.bet","D02","SERC","SERC_010","W","2015-08-25","2015-09-08","2015-09-09","2015-10-01","2015-10-01","SERC_010.W.20150908","zJWEWmQZoMPpaU7oGDbswZicvRfpEGheGwnjkmOJN3I=","carabid","PTESTY","Pterostichus stygicus","species",,"Say",,15,"Bousquet, Y. 2010b. Illustrated Identification Guide to Adults and Larvae of Northeastern North American Ground Beetles (Coleoptera: Carabidae). 1st Ed. Pensoft Publishers, Sofia, Bulgaria.","fhqXNoOkfxgxeumX3nh8hiKzTnt5lZ8Br3PaGAyV7lk=","fhqXNoOkfxgxeumX3nh8hiKzTnt5lZ8Br3PaGAyV7lk=",
"f778e3ba-a173-4e0a-a9af-99982ab6247c","SERC_009.basePlot.bet","D02","SERC","SERC_009","W","2015-08-25","2015-09-08","2015-09-09","2015-10-01","2015-10-01","SERC_009.W.20150908","tTNfz4yHzdkOCKlCL4y8mke/nVQKTKEJXqAly0EqYXw=","carabid","PTESTY","Pterostichus stygicus","species",,"Say",,6,"Bousquet, Y. 2010b. Illustrated Identification Guide to Adults and Larvae of Northeastern North American Ground Beetles (Coleoptera: Carabidae). 1st Ed. Pensoft Publishers, Sofia, Bulgaria.","fhqXNoOkfxgxeumX3nh8hiKzTnt5lZ8Br3PaGAyV7lk=","fhqXNoOkfxgxeumX3nh8hiKzTnt5lZ8Br3PaGAyV7lk=",
"a4e825de-b0ad-4f72-b7f4-41b291ab55cc","SERC_003.basePlot.bet","D02","SERC","SERC_003","W","2015-08-25","2015-09-08","2015-09-09","2015-10-01","2015-10-01","SERC_003.W.20150908","CC7oYVgiCpAMTHWtAUJFjjqSdwLB97XAQKhiOwtYy00=","carabid","CARSP14","Carabidae sp.","family",,"Latreille","D02.2015.MorphA",1,"Other","wYCqaZcA+7slXlj5N/mM6vobrh4QDptp","wYCqaZcA+7slXlj5N/mM6vobrh4QDptp","Pterostichus subgenus Abacidus. Doesn't key to any described species- prosternal process margined, ultimate tarsomeres glabrous, pronotal margin distinct to base, aedeagus simple."
"df278873-11c2-462c-ae8a-4f91418faf4d","SERC_021.basePlot.bet","D02","SERC","SERC_021","W","2015-08-25","2015-09-08","2015-09-09","2015-10-01",,"SERC_021.W.20150908","abrvHFi/544imcyfF+kn4oVeT84XvB4QlV0Ns+aDSTE=","invert bycatch",,,,,,,,,,"wYCqaZcA+7slXlj5N/mM6vobrh4QDptp",
"8e9700be-43de-4c48-b275-ed50fe487f6c","SERC_016.basePlot.bet","D02","SERC","SERC_016","W","2015-08-25","2015-09-08","2015-09-09","2015-10-01","2015-10-01","SERC_016.W.20150908","YVGGTAS4Nw9LB+ZV7esb388pH0OndjQpHcR3muXcG7s=","carabid","GALBIC","Galerita bicolor","species",,"Drury",,1,"Ciegler, J. C. 2000. Ground beetles and wrinkled bark beetles of South Carolina (Coleoptera: Geadephaga: Carabidae and Rhysodidae). Biota of South Carolina. Vol. 1. Clemson, S. Clemson University.","fhqXNoOkfxgxeumX3nh8hiKzTnt5lZ8Br3PaGAyV7lk=","fhqXNoOkfxgxeumX3nh8hiKzTnt5lZ8Br3PaGAyV7lk=",
"b99a4647-54c3-4cba-aca7-a40630412cda","SERC_002.basePlot.bet","D02","SERC","SERC_002","W","2015-08-25","2015-09-08","2015-09-09","2015-10-01",,"SERC_002.W.20150908","YcnMnCZo63lEMCEtrcXtsZUfuM0CY0sTaXosT+IzgXQ=","invert bycatch",,,,,,,,,,"wYCqaZcA+7slXlj5N/mM6vobrh4QDptp",
"08cbadf2-73e6-49f4-a0e5-1e342b7e9114","SERC_006.basePlot.bet","D02","SERC","SERC_006","W","2015-08-25","2015-09-08","2015-09-09","2015-10-01","2015-10-01","SERC_006.W.20150908","ulDxSdgiTKLdBAsavAcEZcWKt8Fx4DlI96DpDIvZ+eI=","carabid","CHLEMA","Chlaenius emarginatus","species",,"Say",,1,"Ciegler, J. C. 2000. Ground beetles and wrinkled bark beetles of South Carolina (Coleoptera: Geadephaga: Carabidae and Rhysodidae). Biota of South Carolina. Vol. 1. Clemson, S. Clemson University.","wYCqaZcA+7slXlj5N/mM6vobrh4QDptp","wYCqaZcA+7slXlj5N/mM6vobrh4QDptp",
"10bd7181-57f7-4c22-b441-60d7820c09ad","SERC_016.basePlot.bet","D02","SERC","SERC_016","W","2015-08-25","2015-09-08","2015-09-09","2015-10-01",,"SERC_016.W.20150908","YVGGTAS4Nw9LB+ZV7esb36vMtoo/Ym2o6CZ9GshRsRY=","invert bycatch",,,,,,,,,,"fhqXNoOkfxgxeumX3nh8hiKzTnt5lZ8Br3PaGAyV7lk=",
"ec37495a-9a00-4e7f-8075-9be420ec70aa","SERC_021.basePlot.bet","D02","SERC","SERC_021","W","2015-08-25","2015-09-08","2015-09-09","2015-10-01",,"SERC_021.W.20150908","abrvHFi/544imcyfF+kn4oVeT84XvB4QNJC3eDHJw18=","invert bycatch",,,,,,,,,,"wYCqaZcA+7slXlj5N/mM6vobrh4QDptp",
"4661c023-54f8-4822-a427-9cc7a70f46dc","SERC_021.basePlot.bet","D02","SERC","SERC_021","E","2015-08-25","2015-09-08","2015-09-09","2015-10-01","2015-10-01","SERC_021.E.20150908","abrvHFi/544rIYvVrnVG5q566ltTCd98lIM2sl8YXTE=","carabid","CHLAES","Chlaenius aestivus","species",,"Say",,2,"Ciegler, J. C. 2000. Ground beetles and wrinkled bark beetles of South Carolina (Coleoptera: Geadephaga: Carabidae and Rhysodidae). Biota of South Carolina. Vol. 1. Clemson, S. Clemson University.","fhqXNoOkfxgxeumX3nh8hiKzTnt5lZ8Br3PaGAyV7lk=","fhqXNoOkfxgxeumX3nh8hiKzTnt5lZ8Br3PaGAyV7lk=",
"5a11df05-19d6-4047-97d0-3a24dbe73a51","SERC_006.basePlot.bet","D02","SERC","SERC_006","E","2015-08-25","2015-09-08","2015-09-09","2015-10-01","2015-10-01","SERC_006.E.20150908","ulDxSdgiTKKsykPM3MpMLGKT7XlzTifQ04Xu5gmcfGc=","carabid","CARVIN","Carabus vinctus","species",,"Weber",,1,"Ciegler, J. C. 2000. Ground beetles and wrinkled bark beetles of South Carolina (Coleoptera: Geadephaga: Carabidae and Rhysodidae). Biota of South Carolina. Vol. 1. Clemson, S. Clemson University.","wYCqaZcA+7slXlj5N/mM6vobrh4QDptp","wYCqaZcA+7slXlj5N/mM6vobrh4QDptp",
"9487ba8b-0f13-4441-bfc0-0da9022da0f3","SERC_002.basePlot.bet","D02","SERC","SERC_002","E","2015-08-25","2015-09-08","2015-09-09","2015-10-01","2015-10-01","SERC_002.E.20150908","YcnMnCZo63n4X9d+wTtLlBt6hRstn6/qPrJ++Vubyas=","carabid","PTESTY","Pterostichus stygicus","species",,"Say",,2,"Bousquet, Y. 2010b. Illustrated Identification Guide to Adults and Larvae of Northeastern North American Ground Beetles (Coleoptera: Carabidae). 1st Ed. Pensoft Publishers, Sofia, Bulgaria.","wYCqaZcA+7slXlj5N/mM6vobrh4QDptp","wYCqaZcA+7slXlj5N/mM6vobrh4QDptp",
"83c9bfd5-0f41-4a7a-a179-0f52e86a73e9","SERC_015.basePlot.bet","D02","SERC","SERC_015","E","2015-08-25","2015-09-08","2015-09-09","2015-10-01",,"SERC_015.E.20150908","oRHnGosYO5NZrKCHiCE5r/OChBymrQJgqIrMJXDE3Rk=","invert bycatch",,,,,,,,,,"wYCqaZcA+7slXlj5N/mM6vobrh4QDptp",
"6e495711-9c4d-40d7-9106-cfebd30fab21","SERC_007.basePlot.bet","D02","SERC","SERC_007","E","2015-08-25","2015-09-08","2015-09-09","2015-10-01","2015-10-01","SERC_007.E.20150908","VuceAg7yVydSuT/FC6hzopvhaiEDaBO22z9Q2ksWdLY=","carabid","SCASUB2","Scarites subterraneus","species",,"Fabricius",,5,"Other","OkD7GLun5+2axcMZFkkGzqUglhn8Dr4Y","OkD7GLun5+2axcMZFkkGzqUglhn8Dr4Y",
"d277f3e1-a511-40d1-a34b-3a43c0b286ee","SERC_010.basePlot.bet","D02","SERC","SERC_010","E","2015-08-25","2015-09-08","2015-09-09","2015-10-01","2015-10-28","SERC_010.E.20150908","zJWEWmQZoMNVr+IzuVmAIqw9Hdkn+j7CUJRccqaKHPI=","carabid","SYNIMP","Synuchus impunctatus","species",,"Say",,1,"Bousquet, Y. 2010b. Illustrated Identification Guide to Adults and Larvae of Northeastern North American Ground Beetles (Coleoptera: Carabidae). 1st Ed. Pensoft Publishers, Sofia, Bulgaria.","wYCqaZcA+7slXlj5N/mM6vobrh4QDptp","wYCqaZcA+7slXlj5N/mM6vobrh4QDptp",
"dee0852b-be38-435e-8ca7-7e82782a7e91","SERC_010.basePlot.bet","D02","SERC","SERC_010","E","2015-08-25","2015-09-08","2015-09-09","2015-10-01","2015-10-01","SERC_010.E.20150908","zJWEWmQZoMNVr+IzuVmAItg9B5sqqM2QjhPLxrjh+AU=","carabid","PTESTY","Pterostichus stygicus","species",,"Say",,34,"Bousquet, Y. 2010b. Illustrated Identification Guide to Adults and Larvae of Northeastern North American Ground Beetles (Coleoptera: Carabidae). 1st Ed. Pensoft Publishers, Sofia, Bulgaria.","fhqXNoOkfxgxeumX3nh8hiKzTnt5lZ8Br3PaGAyV7lk=","fhqXNoOkfxgxeumX3nh8hiKzTnt5lZ8Br3PaGAyV7lk=",
"fa5e9826-811b-4858-8af3-cdcbf2675766","SERC_007.basePlot.bet","D02","SERC","SERC_007","E","2015-08-25","2015-09-08","2015-09-09","2015-10-01",,"SERC_007.E.20150908","VuceAg7yVydSuT/FC6hzovZb7NewGBm6Brv/Rkb8W9k=","invert bycatch",,,,,,,,,,"OkD7GLun5+2axcMZFkkGzqUglhn8Dr4Y",
"15846ae1-42fa-4aa7-bcc5-4b35c163162d","SERC_003.basePlot.bet","D02","SERC","SERC_003","E","2015-08-25","2015-09-08","2015-09-09","2015-10-01","2015-10-01","SERC_003.E.20150908","CC7oYVgiCpATUy6WPFyiJhS9YygL5nMnvET/grNa2O4=","carabid","ANINIG1","Anisodactylus nigerrimus","species",,"Dejean",,1,"Bousquet, Y. 2010b. Illustrated Identification Guide to Adults and Larvae of Northeastern North American Ground Beetles (Coleoptera: Carabidae). 1st Ed. Pensoft Publishers, Sofia, Bulgaria.","wYCqaZcA+7slXlj5N/mM6vobrh4QDptp","wYCqaZcA+7slXlj5N/mM6vobrh4QDptp",
"86b07e28-3d77-4fc5-9de7-fc687a3c892b","SERC_007.basePlot.bet","D02","SERC","SERC_007","E","2015-08-25","2015-09-08","2015-09-09","2015-10-01","2015-11-10","SERC_007.E.20150908","VuceAg7yVydSuT/FC6hzoum70KcAMamOjWqzETAeMIQ=","carabid","HARPEN","Harpalus pensylvanicus","species",,"DeGeer",,1,"Ball, G. E., and J. N. Anderson. 1962. The taxonomy and speciation of Pseudophonus (a subgenus of Harpalus: Haralini: Carabidae, known to occur in North America). The Catholic University of America Press, Washington 17, D. C.","wYCqaZcA+7slXlj5N/mM6vobrh4QDptp","wYCqaZcA+7slXlj5N/mM6vobrh4QDptp",
"e3d4e79c-6226-4b08-83e6-56de5c6fd977","SERC_003.basePlot.bet","D02","SERC","SERC_003","E","2015-08-25","2015-09-08","2015-09-09","2015-10-01","2015-11-10","SERC_003.E.20150908","CC7oYVgiCpATUy6WPFyiJveUqObwPtNBHReD0KQpwJI=","carabid","HARPEN","Harpalus pensylvanicus","species",,"DeGeer",,1,"Ball, G. E., and J. N. Anderson. 1962. The taxonomy and speciation of Pseudophonus (a subgenus of Harpalus: Haralini: Carabidae, known to occur in North America). The Catholic University of America Press, Washington 17, D. C.","wYCqaZcA+7slXlj5N/mM6vobrh4QDptp","wYCqaZcA+7slXlj5N/mM6vobrh4QDptp",
"75c7781f-c2dc-4460-bd17-8fb945b43ca1","SERC_007.basePlot.bet","D02","SERC","SERC_007","E","2015-08-25","2015-09-08","2015-09-09","2015-10-01","2015-10-01","SERC_007.E.20150908","VuceAg7yVydSuT/FC6hzoo15pwOm6DhcdKYOvf1Z8IA=","carabid","POECHA","Poecilus chalcites","species",,"Say",,2,"Ciegler, J. C. 2000. Ground beetles and wrinkled bark beetles of South Carolina (Coleoptera: Geadephaga: Carabidae and Rhysodidae). Biota of South Carolina. Vol. 1. Clemson, S. Clemson University.","OkD7GLun5+2axcMZFkkGzqUglhn8Dr4Y","OkD7GLun5+2axcMZFkkGzqUglhn8Dr4Y",
"ec73ff35-36c2-4fbe-80e6-3d57c04b8721","SERC_007.basePlot.bet","D02","SERC","SERC_007","E","2015-08-25","2015-09-08","2015-09-09","2015-10-01",,"SERC_007.E.20150908","VuceAg7yVydSuT/FC6hzovZb7NewGBm60LY11YE5KiI=","invert bycatch",,,,,,,,,,"OkD7GLun5+2axcMZFkkGzqUglhn8Dr4Y",
"b8e195b9-5c32-45cb-a0cc-9fe31ea2f2f8","SERC_010.basePlot.bet","D02","SERC","SERC_010","E","2015-08-25","2015-09-08","2015-09-09","2015-10-01",,"SERC_010.E.20150908","zJWEWmQZoMNVr+IzuVmAIov8GNj4RZ3A8QU83bFd/HU=","invert bycatch",,,,,,,,,,"fhqXNoOkfxgxeumX3nh8hiKzTnt5lZ8Br3PaGAyV7lk=",
"fd31cca4-f2ea-4635-95b2-527081cf8c6c","SERC_009.basePlot.bet","D02","SERC","SERC_009","E","2015-08-25","2015-09-08","2015-09-09","2015-10-01",,"SERC_009.E.20150908","tTNfz4yHzdlGJ3KeWgihNwkx3i+LH8se9zqKrcqdMuo=","invert bycatch",,,,,,,,,,"fhqXNoOkfxgxeumX3nh8hiKzTnt5lZ8Br3PaGAyV7lk=",
"3eb6aabf-0fea-4733-96f8-8caffdfc7349","SERC_009.basePlot.bet","D02","SERC","SERC_009","E","2015-08-25","2015-09-08","2015-09-09","2015-10-01","2015-10-01","SERC_009.E.20150908","tTNfz4yHzdlGJ3KeWgihN+ofyPiygumEWkfS4qcjFz4=","carabid","PTESTY","Pterostichus stygicus","species",,"Say",,2,"Bousquet, Y. 2010b. Illustrated Identification Guide to Adults and Larvae of Northeastern North American Ground Beetles (Coleoptera: Carabidae). 1st Ed. Pensoft Publishers, Sofia, Bulgaria.","fhqXNoOkfxgxeumX3nh8hiKzTnt5lZ8Br3PaGAyV7lk=","fhqXNoOkfxgxeumX3nh8hiKzTnt5lZ8Br3PaGAyV7lk=",
"cff7cce9-2211-46e4-ae98-4f273a51bf8c","SERC_010.basePlot.bet","D02","SERC","SERC_010","E","2015-08-25","2015-09-08","2015-09-09","2015-10-01","2015-10-01","SERC_010.E.20150908","zJWEWmQZoMNVr+IzuVmAIm4yohb1NxnIuKhsb5sUsNI=","carabid","CHLAES","Chlaenius aestivus","species",,"Say",,1,"Ciegler, J. C. 2000. Ground beetles and wrinkled bark beetles of South Carolina (Coleoptera: Geadephaga: Carabidae and Rhysodidae). Biota of South Carolina. Vol. 1. Clemson, S. Clemson University.","fhqXNoOkfxgxeumX3nh8hiKzTnt5lZ8Br3PaGAyV7lk=","fhqXNoOkfxgxeumX3nh8hiKzTnt5lZ8Br3PaGAyV7lk=",
"26f44bf0-bcfe-499b-90ed-f070fd4ff996","SERC_009.basePlot.bet","D02","SERC","SERC_009","E","2015-08-25","2015-09-08","2015-09-09","2015-10-01",,"SERC_009.E.20150908","tTNfz4yHzdlGJ3KeWgihNwkx3i+LH8se9atJAaEA5m4=","invert bycatch",,,,,,,,,,"fhqXNoOkfxgxeumX3nh8hiKzTnt5lZ8Br3PaGAyV7lk=",
"ed5270e0-48e1-484c-aca0-23a44a3f3b80","SERC_010.basePlot.bet","D02","SERC","SERC_010","E","2015-08-25","2015-09-08","2015-09-09","2015-10-01","2015-10-28","SERC_010.E.20150908","zJWEWmQZoMNVr+IzuVmAIg1nyEpcjP6FwYG0pFSSu1A=","carabid","DICFUR2","Dicaelus furvus furvus","subspecies",,"Dejean",,1,"Ciegler, J. C. 2000. Ground beetles and wrinkled bark beetles of South Carolina (Coleoptera: Geadephaga: Carabidae and Rhysodidae). Biota of South Carolina. Vol. 1. Clemson, S. Clemson University.","wYCqaZcA+7slXlj5N/mM6vobrh4QDptp","wYCqaZcA+7slXlj5N/mM6vobrh4QDptp",
"714e9d2b-bc0b-4f1e-976e-88a03a7a6ba8","SERC_001.basePlot.bet","D02","SERC","SERC_001","E","2015-08-25","2015-09-08","2015-09-09","2015-10-01","2015-10-01","SERC_001.E.20150908","UaGVcrvVzDNwkOl+brc1rNN1TvQNW86zgZx0Fvs5yjE=","carabid","CHLAES","Chlaenius aestivus","species",,"Say",,4,"Ciegler, J. C. 2000. Ground beetles and wrinkled bark beetles of South Carolina (Coleoptera: Geadephaga: Carabidae and Rhysodidae). Biota of South Carolina. Vol. 1. Clemson, S. Clemson University.","wYCqaZcA+7slXlj5N/mM6vobrh4QDptp","wYCqaZcA+7slXlj5N/mM6vobrh4QDptp",
"dfc65d17-eaac-4cd7-abdc-5008d5179a1d","SERC_001.basePlot.bet","D02","SERC","SERC_001","E","2015-08-25","2015-09-08","2015-09-09","2015-10-01",,"SERC_001.E.20150908","UaGVcrvVzDNwkOl+brc1rACu+qQJ1OlqHqIMh4g0qoE=","invert bycatch",,,,,,,,,,"wYCqaZcA+7slXlj5N/mM6vobrh4QDptp",
"ad60a88e-c345-4083-976a-055eb850ee82","SERC_010.basePlot.bet","D02","SERC","SERC_010","E","2015-08-25","2015-09-08","2015-09-09","2015-10-01",,"SERC_010.E.20150908","zJWEWmQZoMNVr+IzuVmAIov8GNj4RZ3AVxiQAOe5Vd0=","invert bycatch",,,,,,,,,,"fhqXNoOkfxgxeumX3nh8hiKzTnt5lZ8Br3PaGAyV7lk=",
"6df010bc-2729-441f-9c08-b18aaa872909","SERC_002.basePlot.bet","D02","SERC","SERC_002","E","2015-08-25","2015-09-08","2015-09-09","2015-10-01","2015-10-01","SERC_002.E.20150908","YcnMnCZo63n4X9d+wTtLlIzrVcDyQ7ADlpAHqP6OitQ=","carabid","CHLAES","Chlaenius aestivus","species",,"Say",,1,"Ciegler, J. C. 2000. Ground beetles and wrinkled bark beetles of South Carolina (Coleoptera: Geadephaga: Carabidae and Rhysodidae). Biota of South Carolina. Vol. 1. Clemson, S. Clemson University.","wYCqaZcA+7slXlj5N/mM6vobrh4QDptp","wYCqaZcA+7slXlj5N/mM6vobrh4QDptp",
"bbb86b0e-e22e-43c2-8d7e-d409b0ec013c","SERC_002.basePlot.bet","D02","SERC","SERC_002","E","2015-08-25","2015-09-08","2015-09-09","2015-10-01",,"SERC_002.E.20150908","YcnMnCZo63n4X9d+wTtLlJM4fDMf2xWalfk0hXksOZM=","invert bycatch",,,,,,,,,,"wYCqaZcA+7slXlj5N/mM6vobrh4QDptp",
"e63b88cc-4ef3-45b4-b322-3f8009bd7e58","SERC_001.basePlot.bet","D02","SERC","SERC_001","E","2015-08-25","2015-09-08","2015-09-09","2015-10-01",,"SERC_001.E.20150908","UaGVcrvVzDNwkOl+brc1rACu+qQJ1Olqn/JT3A9X8YA=","invert bycatch",,,,,,,,,,"wYCqaZcA+7slXlj5N/mM6vobrh4QDptp",
"8efeccc4-40a8-4e48-bbe1-0ea361e59962","SERC_006.basePlot.bet","D02","SERC","SERC_006","E","2015-08-25","2015-09-08","2015-09-09","2015-10-01",,"SERC_006.E.20150908","ulDxSdgiTKKsykPM3MpMLNYBJPSbaAJespA7U8w3kso=","invert bycatch",,,,,,,,,,"wYCqaZcA+7slXlj5N/mM6vobrh4QDptp",
"08ff716f-c770-41f8-bfc2-4ec4ef864d88","SERC_021.basePlot.bet","D02","SERC","SERC_021","E","2015-08-25","2015-09-08","2015-09-09","2015-10-01",,"SERC_021.E.20150908","abrvHFi/544rIYvVrnVG5uND4w3sGehwZy1OQDjZ3i8=","invert bycatch",,,,,,,,,,"wYCqaZcA+7slXlj5N/mM6vobrh4QDptp",
"3dcfc929-58c1-413e-92f8-fa7d1eed5fea","SERC_021.basePlot.bet","D02","SERC","SERC_021","E","2015-08-25","2015-09-08","2015-09-09","2015-10-01",,"SERC_021.E.20150908","abrvHFi/544rIYvVrnVG5uND4w3sGehwvvTFQVi+VrI=","invert bycatch",,,,,,,,,,"wYCqaZcA+7slXlj5N/mM6vobrh4QDptp",
"d36c802a-dd29-412c-96f3-4b6de3ab6b27","SERC_015.basePlot.bet","D02","SERC","SERC_015","E","2015-08-25","2015-09-08","2015-09-09","2015-10-01","2015-10-01","SERC_015.E.20150908","oRHnGosYO5NZrKCHiCE5rz6R60wPQ+kpAB9ciuXgV6w=","carabid","CHLAES","Chlaenius aestivus","species",,"Say",,1,"Ciegler, J. C. 2000. Ground beetles and wrinkled bark beetles of South Carolina (Coleoptera: Geadephaga: Carabidae and Rhysodidae). Biota of South Carolina. Vol. 1. Clemson, S. Clemson University.","wYCqaZcA+7slXlj5N/mM6vobrh4QDptp","wYCqaZcA+7slXlj5N/mM6vobrh4QDptp",
"85bb08ce-999c-4255-9e85-482b5e91f9af","SERC_021.basePlot.bet","D02","SERC","SERC_021","E","2015-08-25","2015-09-08","2015-09-09","2015-10-01",,"SERC_021.E.20150908","abrvHFi/544rIYvVrnVG5uND4w3sGehwGeNTYlARgCU=","invert bycatch",,,,,,,,,,"wYCqaZcA+7slXlj5N/mM6vobrh4QDptp",
"017e62dc-efd9-4442-9225-d5531f5cc1eb","SERC_015.basePlot.bet","D02","SERC","SERC_015","E","2015-08-25","2015-09-08","2015-09-09","2015-10-01",,"SERC_015.E.20150908","oRHnGosYO5NZrKCHiCE5r/OChBymrQJgAB0tny/45g0=","invert bycatch",,,,,,,,,,"wYCqaZcA+7slXlj5N/mM6vobrh4QDptp",
"6b73cfef-30a4-432d-9808-d6cf22f4920a","SERC_015.basePlot.bet","D02","SERC","SERC_015","E","2015-08-25","2015-09-08","2015-09-09","2015-10-01",,"SERC_015.E.20150908","oRHnGosYO5NZrKCHiCE5r/OChBymrQJgbUVGYZywk40=","invert bycatch",,,,,,,,,,"wYCqaZcA+7slXlj5N/mM6vobrh4QDptp",
"e2b34b5c-5be7-4bd5-a7f3-299f0ef2b26d","SERC_016.basePlot.bet","D02","SERC","SERC_016","E","2015-08-25","2015-09-08","2015-09-09","2015-10-01","2015-10-01","SERC_016.E.20150908","YVGGTAS4Nw9I7wcGu/Kj85kUYl9W/QKykKg/YRVoykw=","carabid","PTESTY","Pterostichus stygicus","species",,"Say",,2,"Bousquet, Y. 2010b. Illustrated Identification Guide to Adults and Larvae of Northeastern North American Ground Beetles (Coleoptera: Carabidae). 1st Ed. Pensoft Publishers, Sofia, Bulgaria.","fhqXNoOkfxgxeumX3nh8hiKzTnt5lZ8Br3PaGAyV7lk=","fhqXNoOkfxgxeumX3nh8hiKzTnt5lZ8Br3PaGAyV7lk=",
"ff2267c9-7d1d-4fae-93df-288b79619d8a","SERC_021.basePlot.bet","D02","SERC","SERC_021","E","2015-08-25","2015-09-08","2015-09-09","2015-10-01","2015-10-01","SERC_021.E.20150908","abrvHFi/544rIYvVrnVG5uPv1/xyqdFDpJqTxIyp/DQ=","carabid","PTESTY","Pterostichus stygicus","species",,"Say",,14,"Bousquet, Y. 2010b. Illustrated Identification Guide to Adults and Larvae of Northeastern North American Ground Beetles (Coleoptera: Carabidae). 1st Ed. Pensoft Publishers, Sofia, Bulgaria.","fhqXNoOkfxgxeumX3nh8hiKzTnt5lZ8Br3PaGAyV7lk=","fhqXNoOkfxgxeumX3nh8hiKzTnt5lZ8Br3PaGAyV7lk=",
"2f9ce65b-78a1-4012-9e1b-bdb33e51afb6","SERC_016.basePlot.bet","D02","SERC","SERC_016","E","2015-08-25","2015-09-08","2015-09-09","2015-10-01",,"SERC_016.E.20150908","YVGGTAS4Nw9I7wcGu/Kj83mONxORuJNbEXUghjlGVqk=","invert bycatch",,,,,,,,,,"fhqXNoOkfxgxeumX3nh8hiKzTnt5lZ8Br3PaGAyV7lk=",
"131a2ffd-f534-4c0f-91c0-0074438e2e8e","SERC_003.basePlot.bet","D02","SERC","SERC_003","E","2015-08-25","2015-09-08","2015-09-09","2015-10-01",,"SERC_003.E.20150908","CC7oYVgiCpATUy6WPFyiJkyWghr8a2CuasO5CUdBC+M=","invert bycatch",,,,,,,,,,"wYCqaZcA+7slXlj5N/mM6vobrh4QDptp",
"4a1769bf-6c62-4e7e-b1b0-8aa56ee33351","SERC_007.basePlot.bet","D02","SERC","SERC_007","N","2015-08-25","2015-09-08","2015-09-09","2015-10-01",,"SERC_007.N.20150908","VuceAg7yVyd8iwrZjSXXrUsZWHaAOy80NT5jZfVdnqU=","invert bycatch",,,,,,,,,,"OkD7GLun5+2axcMZFkkGzqUglhn8Dr4Y",
"0a9f4f8d-0375-4fa9-82fd-58ce5c57963f","SERC_007.basePlot.bet","D02","SERC","SERC_007","N","2015-08-25","2015-09-08","2015-09-09","2015-10-01","2015-11-10","SERC_007.N.20150908","VuceAg7yVyd8iwrZjSXXrf5UgrRjabJoLsvbDvWnzco=","carabid","HARERY","Harpalus erythropus","species",,"Dejean",,1,"Ball, G. E., and J. N. Anderson. 1962. The taxonomy and speciation of Pseudophonus (a subgenus of Harpalus: Haralini: Carabidae, known to occur in North America). The Catholic University of America Press, Washington 17, D. C.","wYCqaZcA+7slXlj5N/mM6vobrh4QDptp","wYCqaZcA+7slXlj5N/mM6vobrh4QDptp",
"97a341c7-f2e4-413f-a0ba-56ed246ba07f","SERC_007.basePlot.bet","D02","SERC","SERC_007","N","2015-08-25","2015-09-08","2015-09-09","2015-10-01","2015-10-28","SERC_007.N.20150908","VuceAg7yVyd8iwrZjSXXrXDFOSEonfyMMeV1HJGNA5E=","carabid","ELAXAN","Elaphropus xanthopus","species",,"Dejean",,1,"Bousquet, Y. 2010b. Illustrated Identification Guide to Adults and Larvae of Northeastern North American Ground Beetles (Coleoptera: Carabidae). 1st Ed. Pensoft Publishers, Sofia, Bulgaria.","wYCqaZcA+7slXlj5N/mM6vobrh4QDptp","wYCqaZcA+7slXlj5N/mM6vobrh4QDptp",
"9f968f94-5b1a-433b-b239-4af1ea6daf30","SERC_003.basePlot.bet","D02","SERC","SERC_003","N","2015-08-25","2015-09-08","2015-09-09","2015-10-01","2015-10-01","SERC_003.N.20150908","CC7oYVgiCpCG6sExBGzz/DRHLyyFfKnOkRBCq7Ca3EY=","carabid","PTESTY","Pterostichus stygicus","species",,"Say",,1,"Bousquet, Y. 2010b. Illustrated Identification Guide to Adults and Larvae of Northeastern North American Ground Beetles (Coleoptera: Carabidae). 1st Ed. Pensoft Publishers, Sofia, Bulgaria.","wYCqaZcA+7slXlj5N/mM6vobrh4QDptp","wYCqaZcA+7slXlj5N/mM6vobrh4QDptp",
"708cf819-6c05-46ee-b293-516f09b5b158","SERC_009.basePlot.bet","D02","SERC","SERC_009","N","2015-08-25","2015-09-08","2015-09-09","2015-10-01",,"SERC_009.N.20150908","tTNfz4yHzdkwSEnQtNH8bdowY6pXflH8YS6jKxKVBFY=","invert bycatch",,,,,,,,,,"fhqXNoOkfxgxeumX3nh8hiKzTnt5lZ8Br3PaGAyV7lk=",
"1016d142-06bb-4fb3-81f1-a3336ee71352","SERC_009.basePlot.bet","D02","SERC","SERC_009","N","2015-08-25","2015-09-08","2015-09-09","2015-10-01","2015-10-28","SERC_009.N.20150908","tTNfz4yHzdkwSEnQtNH8bUyCQFbRyhNkMbyN1EoNTTg=","carabid","SYNIMP","Synuchus impunctatus","species",,"Say",,1,"Bousquet, Y. 2010b. Illustrated Identification Guide to Adults and Larvae of Northeastern North American Ground Beetles (Coleoptera: Carabidae). 1st Ed. Pensoft Publishers, Sofia, Bulgaria.","wYCqaZcA+7slXlj5N/mM6vobrh4QDptp","wYCqaZcA+7slXlj5N/mM6vobrh4QDptp",
"e8aa4d08-3acc-45f3-bd9f-f1f6f8c1021d","SERC_003.basePlot.bet","D02","SERC","SERC_003","N","2015-08-25","2015-09-08","2015-09-09","2015-10-01",,"SERC_003.N.20150908","CC7oYVgiCpCG6sExBGzz/EiDTW04I+uGLwmJH6+29iU=","invert bycatch",,,,,,,,,,"wYCqaZcA+7slXlj5N/mM6vobrh4QDptp",
"d61d6fb8-3c16-4f3c-b250-2fd477ff4983","SERC_007.basePlot.bet","D02","SERC","SERC_007","N","2015-08-25","2015-09-08","2015-09-09","2015-10-01","2015-10-01","SERC_007.N.20150908","VuceAg7yVyd8iwrZjSXXrSHBu7bHieb8/4OyClZyB20=","carabid","SCASUB2","Scarites subterraneus","species",,"Fabricius",,7,"Other","OkD7GLun5+2axcMZFkkGzqUglhn8Dr4Y","OkD7GLun5+2axcMZFkkGzqUglhn8Dr4Y",
"f08afdd6-c835-4a2c-99e3-d9043292a8cf","SERC_015.basePlot.bet","D02","SERC","SERC_015","N","2015-08-25","2015-09-08","2015-09-09","2015-10-01","2015-10-01","SERC_015.N.20150908","oRHnGosYO5NlS7xve2attmTdoJR5lCXKnvBsZCU/EqU=","carabid","CHLAES","Chlaenius aestivus","species",,"Say",,2,"Ciegler, J. C. 2000. Ground beetles and wrinkled bark beetles of South Carolina (Coleoptera: Geadephaga: Carabidae and Rhysodidae). Biota of South Carolina. Vol. 1. Clemson, S. Clemson University.","wYCqaZcA+7slXlj5N/mM6vobrh4QDptp","wYCqaZcA+7slXlj5N/mM6vobrh4QDptp",
"6001e07f-9ee4-45f5-85c0-ed3a4bafd7d9","SERC_015.basePlot.bet","D02","SERC","SERC_015","N","2015-08-25","2015-09-08","2015-09-09","2015-10-01",,"SERC_015.N.20150908","oRHnGosYO5NlS7xve2attszZgaN7WQJZk5vfCcSDCx8=","invert bycatch",,,,,,,,,,"wYCqaZcA+7slXlj5N/mM6vobrh4QDptp",
"856f4e63-ce51-4315-8b09-56a078a4587b","SERC_006.basePlot.bet","D02","SERC","SERC_006","N","2015-08-25","2015-09-08","2015-09-09","2015-10-01","2015-10-01","SERC_006.N.20150908","ulDxSdgiTKJShrRoRejxxoQRdr7XvLZhS6sdFf5IdcM=","carabid","CHLAES","Chlaenius aestivus","species",,"Say",,2,"Ciegler, J. C. 2000. Ground beetles and wrinkled bark beetles of South Carolina (Coleoptera: Geadephaga: Carabidae and Rhysodidae). Biota of South Carolina. Vol. 1. Clemson, S. Clemson University.","wYCqaZcA+7slXlj5N/mM6vobrh4QDptp","wYCqaZcA+7slXlj5N/mM6vobrh4QDptp",
"b8c209a0-6528-4560-8567-cea597ea7f83","SERC_009.basePlot.bet","D02","SERC","SERC_009","N","2015-08-25","2015-09-08","2015-09-09","2015-10-01",,"SERC_009.N.20150908","tTNfz4yHzdkwSEnQtNH8bdowY6pXflH8TudR6rzIqaM=","invert bycatch",,,,,,,,,,"fhqXNoOkfxgxeumX3nh8hiKzTnt5lZ8Br3PaGAyV7lk=",
"baa88a6a-7a64-41f5-8c9d-33ff540bf5c4","SERC_016.basePlot.bet","D02","SERC","SERC_016","N","2015-08-25","2015-09-08","2015-09-09","2015-10-01",,"SERC_016.N.20150908","YVGGTAS4Nw9Xozif4tWppkdla8yZXbufg2dycqJILi4=","invert bycatch",,,,,,,,,,"fhqXNoOkfxgxeumX3nh8hiKzTnt5lZ8Br3PaGAyV7lk=",
"21a667a2-99a0-42ce-a663-ec22f7465cb1","SERC_021.basePlot.bet","D02","SERC","SERC_021","N","2015-08-25","2015-09-08","2015-09-09","2015-10-01","2015-10-28","SERC_021.N.20150908","abrvHFi/547quzRJ4XXPwH47/gFwY8T6cymgD23gRoc=","carabid","POLLAE","Polyderis laeva","species",,"Say",,1,"Ciegler, J. C. 2000. Ground beetles and wrinkled bark beetles of South Carolina (Coleoptera: Geadephaga: Carabidae and Rhysodidae). Biota of South Carolina. Vol. 1. Clemson, S. Clemson University.","wYCqaZcA+7slXlj5N/mM6vobrh4QDptp","wYCqaZcA+7slXlj5N/mM6vobrh4QDptp",
"f2304e49-9cc9-4929-8065-3564c008dad2","SERC_021.basePlot.bet","D02","SERC","SERC_021","N","2015-08-25","2015-09-08","2015-09-09","2015-10-01",,"SERC_021.N.20150908","abrvHFi/547quzRJ4XXPwO0ZlWrnyRC/NmCFvFC8mHI=","invert bycatch",,,,,,,,,,"wYCqaZcA+7slXlj5N/mM6vobrh4QDptp",
"f10c05ad-c949-42ce-9460-503845d048dd","SERC_015.basePlot.bet","D02","SERC","SERC_015","N","2015-08-25","2015-09-08","2015-09-09","2015-10-01",,"SERC_015.N.20150908","oRHnGosYO5NlS7xve2attszZgaN7WQJZY349DJ1deKY=","invert bycatch",,,,,,,,,,"wYCqaZcA+7slXlj5N/mM6vobrh4QDptp",
"a8e18931-3032-4e61-be37-a3df6f8b79bf","SERC_007.basePlot.bet","D02","SERC","SERC_007","N","2015-08-25","2015-09-08","2015-09-09","2015-10-01","2015-11-10","SERC_007.N.20150908","VuceAg7yVyd8iwrZjSXXrUSjAWJUL2VZsj/bT6qm5xM=","carabid","HARPEN","Harpalus pensylvanicus","species",,"DeGeer",,1,"Ball, G. E., and J. N. Anderson. 1962. The taxonomy and speciation of Pseudophonus (a subgenus of Harpalus: Haralini: Carabidae, known to occur in North America). The Catholic University of America Press, Washington 17, D. C.","wYCqaZcA+7slXlj5N/mM6vobrh4QDptp","wYCqaZcA+7slXlj5N/mM6vobrh4QDptp",
"6a3db5f8-4cd6-4130-b14d-0102bc8679c1","SERC_007.basePlot.bet","D02","SERC","SERC_007","N","2015-08-25","2015-09-08","2015-09-09","2015-10-01",,"SERC_007.N.20150908","VuceAg7yVyd8iwrZjSXXrUsZWHaAOy80vFBsjcRUHqg=","invert bycatch",,,,,,,,,,"OkD7GLun5+2axcMZFkkGzqUglhn8Dr4Y",
"61165ace-6cbe-4f69-aa14-200967e91d2f","SERC_007.basePlot.bet","D02","SERC","SERC_007","N","2015-08-25","2015-09-08","2015-09-09","2015-10-01","2015-10-01","SERC_007.N.20150908","VuceAg7yVyd8iwrZjSXXrRo/dhbrSpX2M0FTfS3cz/s=","carabid","POECHA","Poecilus chalcites","species",,"Say",,1,"Ciegler, J. C. 2000. Ground beetles and wrinkled bark beetles of South Carolina (Coleoptera: Geadephaga: Carabidae and Rhysodidae). Biota of South Carolina. Vol. 1. Clemson, S. Clemson University.","OkD7GLun5+2axcMZFkkGzqUglhn8Dr4Y","OkD7GLun5+2axcMZFkkGzqUglhn8Dr4Y",
"511315ab-dbac-4429-90d5-1d5ac2a35522","SERC_009.basePlot.bet","D02","SERC","SERC_009","N","2015-08-25","2015-09-08","2015-09-09","2015-10-01","2015-10-01","SERC_009.N.20150908","tTNfz4yHzdkwSEnQtNH8bVIbWN4B9jvlEhfQqvFFk0A=","carabid","PTESTY","Pterostichus stygicus","species",,"Say",,1,"Bousquet, Y. 2010b. Illustrated Identification Guide to Adults and Larvae of Northeastern North American Ground Beetles (Coleoptera: Carabidae). 1st Ed. Pensoft Publishers, Sofia, Bulgaria.","fhqXNoOkfxgxeumX3nh8hiKzTnt5lZ8Br3PaGAyV7lk=","fhqXNoOkfxgxeumX3nh8hiKzTnt5lZ8Br3PaGAyV7lk=",
"5afb5ac3-5bdd-4620-bd66-a9150146ae96","SERC_010.basePlot.bet","D02","SERC","SERC_010","N","2015-08-25","2015-09-08","2015-09-09","2015-10-01",,"SERC_010.N.20150908","zJWEWmQZoMOE5uQVqsDQWr6cOOng5dh3yJ11DwGtHMk=","invert bycatch",,,,,,,,,,"fhqXNoOkfxgxeumX3nh8hiKzTnt5lZ8Br3PaGAyV7lk=",
"c077ff5b-0fe7-470e-9a58-3b67b1b4fb20","SERC_009.basePlot.bet","D02","SERC","SERC_009","N","2015-08-25","2015-09-08","2015-09-09","2015-10-01","2015-10-01","SERC_009.N.20150908","tTNfz4yHzdkwSEnQtNH8bWMAvZDhYISahuu48y/IuT4=","carabid","CHLAES","Chlaenius aestivus","species",,"Say",,1,"Ciegler, J. C. 2000. Ground beetles and wrinkled bark beetles of South Carolina (Coleoptera: Geadephaga: Carabidae and Rhysodidae). Biota of South Carolina. Vol. 1. Clemson, S. Clemson University.","fhqXNoOkfxgxeumX3nh8hiKzTnt5lZ8Br3PaGAyV7lk=","fhqXNoOkfxgxeumX3nh8hiKzTnt5lZ8Br3PaGAyV7lk=",
"daee1ea0-ff29-43c2-be4b-a3bc07247bf3","SERC_007.basePlot.bet","D02","SERC","SERC_007","N","2015-08-25","2015-09-08","2015-09-09","2015-10-01","2015-10-28","SERC_007.N.20150908","VuceAg7yVyd8iwrZjSXXrRCSq1bkNwbWBpBDur2d1c4=","carabid","TETVIR","Tetracha virginica","species",,"Linnaeus",,1,"Ciegler, J. C. 2000. Ground beetles and wrinkled bark beetles of South Carolina (Coleoptera: Geadephaga: Carabidae and Rhysodidae). Biota of South Carolina. Vol. 1. Clemson, S. Clemson University.","wYCqaZcA+7slXlj5N/mM6vobrh4QDptp","wYCqaZcA+7slXlj5N/mM6vobrh4QDptp",
"705a0bac-a325-4752-b3f2-b7358f8f5643","SERC_006.basePlot.bet","D02","SERC","SERC_006","N","2015-08-25","2015-09-08","2015-09-09","2015-10-01","2015-10-01","SERC_006.N.20150908","ulDxSdgiTKJShrRoRejxxnK0wkDjSBOW4wv39sKbdwQ=","carabid","CARSP14","Carabidae sp.","family",,"Latreille","D02.2015.MorphA",2,"Other","wYCqaZcA+7slXlj5N/mM6vobrh4QDptp","wYCqaZcA+7slXlj5N/mM6vobrh4QDptp","Pterostichus subgenus Abacidus. Doesn't key to any described species- prosternal process margined, ultimate tarsomeres glabrous, pronotal margin distinct to base, aedeagus simple."
"df65567b-cd79-457a-8a10-69c39ea68499","SERC_010.basePlot.bet","D02","SERC","SERC_010","N","2015-08-25","2015-09-08","2015-09-09","2015-10-01",,"SERC_010.N.20150908","zJWEWmQZoMOE5uQVqsDQWr6cOOng5dh3CiJy3UsFKi0=","invert bycatch",,,,,,,,,,"fhqXNoOkfxgxeumX3nh8hiKzTnt5lZ8Br3PaGAyV7lk=",
"83ae84a0-4ae3-47b2-b0e3-107c011e81d1","SERC_001.basePlot.bet","D02","SERC","SERC_001","N","2015-08-25","2015-09-08","2015-09-09","2015-10-01","2015-10-01","SERC_001.N.20150908","UaGVcrvVzDP2WW+JNy3ovTeoXjyofEkoqQywqobqSnw=","carabid","CHLAES","Chlaenius aestivus","species",,"Say",,1,"Ciegler, J. C. 2000. Ground beetles and wrinkled bark beetles of South Carolina (Coleoptera: Geadephaga: Carabidae and Rhysodidae). Biota of South Carolina. Vol. 1. Clemson, S. Clemson University.","wYCqaZcA+7slXlj5N/mM6vobrh4QDptp","wYCqaZcA+7slXlj5N/mM6vobrh4QDptp",
"80101132-36a7-4559-bf42-4dd8cf02a60c","SERC_010.basePlot.bet","D02","SERC","SERC_010","N","2015-08-25","2015-09-08","2015-09-09","2015-10-01","2015-10-01","SERC_010.N.20150908","zJWEWmQZoMOE5uQVqsDQWvidIS/DSfxC7XAzIMMW6oY=","carabid","PTESTY","Pterostichus stygicus","species",,"Say",,1,"Bousquet, Y. 2010b. Illustrated Identification Guide to Adults and Larvae of Northeastern North American Ground Beetles (Coleoptera: Carabidae). 1st Ed. Pensoft Publishers, Sofia, Bulgaria.","fhqXNoOkfxgxeumX3nh8hiKzTnt5lZ8Br3PaGAyV7lk=","fhqXNoOkfxgxeumX3nh8hiKzTnt5lZ8Br3PaGAyV7lk=",
"1dd6b1b9-59ff-4ecd-aa04-11a850d6cf42","SERC_006.basePlot.bet","D02","SERC","SERC_006","N","2015-08-25","2015-09-08","2015-09-09","2015-10-01","2015-10-01","SERC_006.N.20150908","ulDxSdgiTKJShrRoRejxxjGy4yt16B7bfy5T3KAutMA=","carabid","CARVIN","Carabus vinctus","species",,"Weber",,1,"Ciegler, J. C. 2000. Ground beetles and wrinkled bark beetles of South Carolina (Coleoptera: Geadephaga: Carabidae and Rhysodidae). Biota of South Carolina. Vol. 1. Clemson, S. Clemson University.","wYCqaZcA+7slXlj5N/mM6vobrh4QDptp","wYCqaZcA+7slXlj5N/mM6vobrh4QDptp",
