uid,namedLocation,domainID,siteID,plotID,setDate,collectDate,identifiedDate,individualID,taxonID,kingdom,phylum,class,order,family,subfamily,tribe,genus,subgenus,specificEpithet,infraspecificEpithet,scientificName,scientificNameAuthorship,taxonRank,identificationQualifier,sex,morphospeciesID,identificationReferences,identifiedBy,laboratoryName,identificationRemarks,sampleCondition,dnaBarcoded,geneticSampleID,remarks
"6b422713-44bf-463a-b46f-7b709d6a828b","UNDE_006.basePlot.bet","D05","UNDE","UNDE_006","2014-08-05","2014-08-19","2017-01-15","NEON.BET.D05.000019","CYMCRI","Animalia","Arthropoda","Insecta","Coleoptera","Carabidae","Harpalinae","Lebiini","Cymindis","Tarulus","cribricollis",,"Cymindis cribricollis","Dejean","species",,"F",,"Lindroth, C. H. 1969. The ground-beetles (Carabidae, excl. Cicindelinae) of Canada and Alaska, parts 1-6. Opuscula E. Entomoligiska Sallskapet.","Kipling Will","Essig Museum of Entomology",,"No known compromise","N",,
"38413288-4176-42b2-8711-6b9c88dc4b34","UNDE_006.basePlot.bet","D05","UNDE","UNDE_006","2014-08-05","2014-08-19","2017-01-15","NEON.BET.D05.000018","CALGRE","Animalia","Arthropoda","Insecta","Coleoptera","Carabidae","Harpalinae","Sphodrini","Calathus","Neocalathus","gregarius",,"Calathus gregarius","Say","species",,"F",,"Lindroth, C. H. 1969. The ground-beetles (Carabidae, excl. Cicindelinae) of Canada and Alaska, parts 1-6. Opuscula E. Entomoligiska Sallskapet.","Kipling Will","Essig Museum of Entomology",,"No known compromise","N",,
"62a16ca5-ce06-42e5-99c2-60da2dc116f4","UNDE_006.basePlot.bet","D05","UNDE","UNDE_006","2014-08-05","2014-08-19","2017-01-15","NEON.BET.D05.000017","PTEMEL","Animalia","Arthropoda","Insecta","Coleoptera","Carabidae","Harpalinae","Pterostichini","Pterostichus","Morphnosoma","melanarius","melanarius","Pterostichus melanarius melanarius","Illiger","subspecies",,"M",,"Lindroth, C. H. 1969. The ground-beetles (Carabidae, excl. Cicindelinae) of Canada and Alaska, parts 1-6. Opuscula E. Entomoligiska Sallskapet.","Kipling Will","Essig Museum of Entomology",,"No known compromise","N",,
"ac2cbedf-2036-47fd-a98d-eb59778caa5b","UNDE_006.basePlot.bet","D05","UNDE","UNDE_006","2014-08-05","2014-08-19","2017-01-15","NEON.BET.D05.000015","PTEMEL","Animalia","Arthropoda","Insecta","Coleoptera","Carabidae","Harpalinae","Pterostichini","Pterostichus","Morphnosoma","melanarius","melanarius","Pterostichus melanarius melanarius","Illiger","subspecies",,"M",,"Lindroth, C. H. 1969. The ground-beetles (Carabidae, excl. Cicindelinae) of Canada and Alaska, parts 1-6. Opuscula E. Entomoligiska Sallskapet.","Kipling Will","Essig Museum of Entomology",,"No known compromise","N",,
"ecf0ea32-6c01-437f-84af-aa445401ba31","UNDE_006.basePlot.bet","D05","UNDE","UNDE_006","2014-08-05","2014-08-19","2017-01-15","NEON.BET.D05.000016","PTEMEL","Animalia","Arthropoda","Insecta","Coleoptera","Carabidae","Harpalinae","Pterostichini","Pterostichus","Morphnosoma","melanarius","melanarius","Pterostichus melanarius melanarius","Illiger","subspecies",,"F",,"Lindroth, C. H. 1969. The ground-beetles (Carabidae, excl. Cicindelinae) of Canada and Alaska, parts 1-6. Opuscula E. Entomoligiska Sallskapet.","Kipling Will","Essig Museum of Entomology",,"No known compromise","N",,
"03106514-9f3b-4897-819a-a61c592bce1e","UNDE_011.basePlot.bet","D05","UNDE","UNDE_011","2014-08-05","2014-08-19","2017-01-15","NEON.BET.D05.000007","PTECOR1","Animalia","Arthropoda","Insecta","Coleoptera","Carabidae","Harpalinae","Pterostichini","Pterostichus","Euferonia","coracinus",,"Pterostichus coracinus","Newman","species",,"M",,"Lindroth, C. H. 1969. The ground-beetles (Carabidae, excl. Cicindelinae) of Canada and Alaska, parts 1-6. Opuscula E. Entomoligiska Sallskapet.","Kipling Will","Essig Museum of Entomology",,"No known compromise","N",,
"41d2b338-ef29-47ed-b132-51f37fca44cf","UNDE_011.basePlot.bet","D05","UNDE","UNDE_011","2014-08-05","2014-08-19","2017-01-15","NEON.BET.D05.000008","SPHSTE1","Animalia","Arthropoda","Insecta","Coleoptera","Carabidae","Carabinae","Cychrini","Sphaeroderus",,"stenostomus","lecontei","Sphaeroderus stenostomus lecontei","Dejean","subspecies",,"M",,"Lindroth, C. H. 1969. The ground-beetles (Carabidae, excl. Cicindelinae) of Canada and Alaska, parts 1-6. Opuscula E. Entomoligiska Sallskapet.","Kipling Will","Essig Museum of Entomology",,"No known compromise","N",,
"cdef325b-ac60-48be-8010-874751aa1db9","UNDE_017.basePlot.bet","D05","UNDE","UNDE_017","2014-08-05","2014-08-19","2017-01-15","NEON.BET.D05.000028","CARNEM","Animalia","Arthropoda","Insecta","Coleoptera","Carabidae","Carabinae","Carabini","Carabus","Archicarabus","nemoralis","nemoralis","Carabus nemoralis nemoralis","Mueller","subspecies",,"M",,"Lindroth, C. H. 1969. The ground-beetles (Carabidae, excl. Cicindelinae) of Canada and Alaska, parts 1-6. Opuscula E. Entomoligiska Sallskapet.","Kipling Will","Essig Museum of Entomology",,"No known compromise","N",,
"e75f9875-02c6-456c-a306-8108927f0505","UNDE_017.basePlot.bet","D05","UNDE","UNDE_017","2014-08-05","2014-08-19","2017-01-15","NEON.BET.D05.000013","SYNIMP","Animalia","Arthropoda","Insecta","Coleoptera","Carabidae","Harpalinae","Sphodrini","Synuchus",,"impunctatus",,"Synuchus impunctatus","Say","species",,"F",,"Lindroth, C. H. 1969. The ground-beetles (Carabidae, excl. Cicindelinae) of Canada and Alaska, parts 1-6. Opuscula E. Entomoligiska Sallskapet.","Kipling Will","Essig Museum of Entomology",,"No known compromise","N",,
"df2004d7-c856-457e-9a95-16a6d717602b","UNDE_017.basePlot.bet","D05","UNDE","UNDE_017","2014-08-05","2014-08-19","2017-01-15","NEON.BET.D05.000014","SYNIMP","Animalia","Arthropoda","Insecta","Coleoptera","Carabidae","Harpalinae","Sphodrini","Synuchus",,"impunctatus",,"Synuchus impunctatus","Say","species",,"F",,"Lindroth, C. H. 1969. The ground-beetles (Carabidae, excl. Cicindelinae) of Canada and Alaska, parts 1-6. Opuscula E. Entomoligiska Sallskapet.","Kipling Will","Essig Museum of Entomology",,"No known compromise","N",,
"9f5e60e2-acb9-43b4-8937-0746314959d0","UNDE_017.basePlot.bet","D05","UNDE","UNDE_017","2014-08-05","2014-08-19","2017-01-15","NEON.BET.D05.000012","CARNEM","Animalia","Arthropoda","Insecta","Coleoptera","Carabidae","Carabinae","Carabini","Carabus","Archicarabus","nemoralis","nemoralis","Carabus nemoralis nemoralis","Mueller","subspecies",,"F",,"Lindroth, C. H. 1969. The ground-beetles (Carabidae, excl. Cicindelinae) of Canada and Alaska, parts 1-6. Opuscula E. Entomoligiska Sallskapet.","Kipling Will","Essig Museum of Entomology",,"No known compromise","N",,
"97a9de20-996d-4d57-a30d-f86b558d0629","UNDE_017.basePlot.bet","D05","UNDE","UNDE_017","2014-08-05","2014-08-19","2017-01-15","NEON.BET.D05.000030","SYNIMP","Animalia","Arthropoda","Insecta","Coleoptera","Carabidae","Harpalinae","Sphodrini","Synuchus",,"impunctatus",,"Synuchus impunctatus","Say","species",,"M",,"Lindroth, C. H. 1969. The ground-beetles (Carabidae, excl. Cicindelinae) of Canada and Alaska, parts 1-6. Opuscula E. Entomoligiska Sallskapet.","Kipling Will","Essig Museum of Entomology",,"No known compromise","N",,
"d3100c6d-e565-4288-a3fc-23a83f54badb","UNDE_017.basePlot.bet","D05","UNDE","UNDE_017","2014-08-05","2014-08-19","2017-01-15","NEON.BET.D05.000029","SYNIMP","Animalia","Arthropoda","Insecta","Coleoptera","Carabidae","Harpalinae","Sphodrini","Synuchus",,"impunctatus",,"Synuchus impunctatus","Say","species",,"F",,"Lindroth, C. H. 1969. The ground-beetles (Carabidae, excl. Cicindelinae) of Canada and Alaska, parts 1-6. Opuscula E. Entomoligiska Sallskapet.","Kipling Will","Essig Museum of Entomology",,"No known compromise","N",,
"45b6f1a3-d771-42d0-80b2-0552c539bad3","UNDE_007.basePlot.bet","D05","UNDE","UNDE_007","2014-08-05","2014-08-19","2017-01-15","NEON.BET.D05.000034","PTEMEL","Animalia","Arthropoda","Insecta","Coleoptera","Carabidae","Harpalinae","Pterostichini","Pterostichus","Morphnosoma","melanarius","melanarius","Pterostichus melanarius melanarius","Illiger","subspecies",,"M",,"Lindroth, C. H. 1969. The ground-beetles (Carabidae, excl. Cicindelinae) of Canada and Alaska, parts 1-6. Opuscula E. Entomoligiska Sallskapet.","Kipling Will","Essig Museum of Entomology",,"No known compromise","N",,
"61f6986e-19ba-446a-9f00-649f977860e4","UNDE_017.basePlot.bet","D05","UNDE","UNDE_017","2014-08-05","2014-08-19","2017-01-15","NEON.BET.D05.000031","SYNIMP","Animalia","Arthropoda","Insecta","Coleoptera","Carabidae","Harpalinae","Sphodrini","Synuchus",,"impunctatus",,"Synuchus impunctatus","Say","species",,"M",,"Lindroth, C. H. 1969. The ground-beetles (Carabidae, excl. Cicindelinae) of Canada and Alaska, parts 1-6. Opuscula E. Entomoligiska Sallskapet.","Kipling Will","Essig Museum of Entomology",,"No known compromise","N",,
"a301b44a-9f4d-4493-bd7d-a77286f60704","UNDE_007.basePlot.bet","D05","UNDE","UNDE_007","2014-08-05","2014-08-19","2017-01-15","NEON.BET.D05.000036","SYNIMP","Animalia","Arthropoda","Insecta","Coleoptera","Carabidae","Harpalinae","Sphodrini","Synuchus",,"impunctatus",,"Synuchus impunctatus","Say","species",,"F",,"Lindroth, C. H. 1969. The ground-beetles (Carabidae, excl. Cicindelinae) of Canada and Alaska, parts 1-6. Opuscula E. Entomoligiska Sallskapet.","Kipling Will","Essig Museum of Entomology",,"No known compromise","N",,
"5588512f-b55a-4a16-8832-e29db939de00","UNDE_007.basePlot.bet","D05","UNDE","UNDE_007","2014-08-05","2014-08-19","2017-01-15","NEON.BET.D05.000037","CYMCRI","Animalia","Arthropoda","Insecta","Coleoptera","Carabidae","Harpalinae","Lebiini","Cymindis","Tarulus","cribricollis",,"Cymindis cribricollis","Dejean","species",,"F",,"Lindroth, C. H. 1969. The ground-beetles (Carabidae, excl. Cicindelinae) of Canada and Alaska, parts 1-6. Opuscula E. Entomoligiska Sallskapet.","Kipling Will","Essig Museum of Entomology",,"No known compromise","N",,
"080e7693-6082-427b-a1df-5bdb012a68a6","UNDE_007.basePlot.bet","D05","UNDE","UNDE_007","2014-08-05","2014-08-19","2017-01-15","NEON.BET.D05.000033","PTEMEL","Animalia","Arthropoda","Insecta","Coleoptera","Carabidae","Harpalinae","Pterostichini","Pterostichus","Morphnosoma","melanarius","melanarius","Pterostichus melanarius melanarius","Illiger","subspecies",,"M",,"Lindroth, C. H. 1969. The ground-beetles (Carabidae, excl. Cicindelinae) of Canada and Alaska, parts 1-6. Opuscula E. Entomoligiska Sallskapet.","Kipling Will","Essig Museum of Entomology",,"No known compromise","N",,
"8ee19fc5-5151-4aa4-a831-ff7f95efeedd","UNDE_007.basePlot.bet","D05","UNDE","UNDE_007","2014-08-05","2014-08-19","2017-01-15","NEON.BET.D05.000035","SYNIMP","Animalia","Arthropoda","Insecta","Coleoptera","Carabidae","Harpalinae","Sphodrini","Synuchus",,"impunctatus",,"Synuchus impunctatus","Say","species",,"M",,"Lindroth, C. H. 1969. The ground-beetles (Carabidae, excl. Cicindelinae) of Canada and Alaska, parts 1-6. Opuscula E. Entomoligiska Sallskapet.","Kipling Will","Essig Museum of Entomology",,"No known compromise","N",,
"8586e225-c057-4413-8a74-107d2348dc6b","UNDE_007.basePlot.bet","D05","UNDE","UNDE_007","2014-08-05","2014-08-19","2017-01-15","NEON.BET.D05.000078","SYNIMP","Animalia","Arthropoda","Insecta","Coleoptera","Carabidae","Harpalinae","Sphodrini","Synuchus",,"impunctatus",,"Synuchus impunctatus","Say","species",,"F",,"Lindroth, C. H. 1969. The ground-beetles (Carabidae, excl. Cicindelinae) of Canada and Alaska, parts 1-6. Opuscula E. Entomoligiska Sallskapet.","Kipling Will","Essig Museum of Entomology",,"No known compromise","N",,
"854d524e-71fa-49d0-a01f-185d8b5fa855","UNDE_007.basePlot.bet","D05","UNDE","UNDE_007","2014-08-05","2014-08-19","2017-01-15","NEON.BET.D05.000079","SYNIMP","Animalia","Arthropoda","Insecta","Coleoptera","Carabidae","Harpalinae","Sphodrini","Synuchus",,"impunctatus",,"Synuchus impunctatus","Say","species",,"M",,"Lindroth, C. H. 1969. The ground-beetles (Carabidae, excl. Cicindelinae) of Canada and Alaska, parts 1-6. Opuscula E. Entomoligiska Sallskapet.","Kipling Will","Essig Museum of Entomology",,"No known compromise","N",,
"143aa892-2bda-4d47-9cfe-5b387edf3418","UNDE_007.basePlot.bet","D05","UNDE","UNDE_007","2014-08-05","2014-08-19","2017-01-15","NEON.BET.D05.000038","SYNIMP","Animalia","Arthropoda","Insecta","Coleoptera","Carabidae","Harpalinae","Sphodrini","Synuchus",,"impunctatus",,"Synuchus impunctatus","Say","species",,"F",,"Lindroth, C. H. 1969. The ground-beetles (Carabidae, excl. Cicindelinae) of Canada and Alaska, parts 1-6. Opuscula E. Entomoligiska Sallskapet.","Kipling Will","Essig Museum of Entomology",,"No known compromise","N",,
"72a108d2-2caa-45b8-8a42-d11054a37ba0","UNDE_007.basePlot.bet","D05","UNDE","UNDE_007","2014-08-05","2014-08-19","2017-01-15","NEON.BET.D05.000039","SYNIMP","Animalia","Arthropoda","Insecta","Coleoptera","Carabidae","Harpalinae","Sphodrini","Synuchus",,"impunctatus",,"Synuchus impunctatus","Say","species",,"F",,"Lindroth, C. H. 1969. The ground-beetles (Carabidae, excl. Cicindelinae) of Canada and Alaska, parts 1-6. Opuscula E. Entomoligiska Sallskapet.","Kipling Will","Essig Museum of Entomology",,"No known compromise","N",,
"37b662e3-9814-4df2-ab20-850c9607e3ef","UNDE_003.basePlot.bet","D05","UNDE","UNDE_003","2014-08-05","2014-08-19","2017-01-15","NEON.BET.D05.000082","PTECOR1","Animalia","Arthropoda","Insecta","Coleoptera","Carabidae","Harpalinae","Pterostichini","Pterostichus","Euferonia","coracinus",,"Pterostichus coracinus","Newman","species",,"F",,"Lindroth, C. H. 1969. The ground-beetles (Carabidae, excl. Cicindelinae) of Canada and Alaska, parts 1-6. Opuscula E. Entomoligiska Sallskapet.","Kipling Will","Essig Museum of Entomology",,"No known compromise","N",,
"92c3dad5-a281-475c-b349-a27c338fa92e","UNDE_003.basePlot.bet","D05","UNDE","UNDE_003","2014-08-05","2014-08-19","2017-01-15","NEON.BET.D05.000083","PTEMEL","Animalia","Arthropoda","Insecta","Coleoptera","Carabidae","Harpalinae","Pterostichini","Pterostichus","Morphnosoma","melanarius","melanarius","Pterostichus melanarius melanarius","Illiger","subspecies",,"F",,"Lindroth, C. H. 1969. The ground-beetles (Carabidae, excl. Cicindelinae) of Canada and Alaska, parts 1-6. Opuscula E. Entomoligiska Sallskapet.","Kipling Will","Essig Museum of Entomology",,"No known compromise","N",,
"40290730-d6a8-4602-9c21-6ddec8aa020d","UNDE_003.basePlot.bet","D05","UNDE","UNDE_003","2014-08-05","2014-08-19","2017-01-15","NEON.BET.D05.000080","SYNIMP","Animalia","Arthropoda","Insecta","Coleoptera","Carabidae","Harpalinae","Sphodrini","Synuchus",,"impunctatus",,"Synuchus impunctatus","Say","species",,"M",,"Lindroth, C. H. 1969. The ground-beetles (Carabidae, excl. Cicindelinae) of Canada and Alaska, parts 1-6. Opuscula E. Entomoligiska Sallskapet.","Kipling Will","Essig Museum of Entomology",,"No known compromise","N",,
"828e40ce-24f1-4bcf-93a8-99d12e51d7a9","UNDE_003.basePlot.bet","D05","UNDE","UNDE_003","2014-08-05","2014-08-19","2017-01-15","NEON.BET.D05.000081","PTECOR1","Animalia","Arthropoda","Insecta","Coleoptera","Carabidae","Harpalinae","Pterostichini","Pterostichus","Euferonia","coracinus",,"Pterostichus coracinus","Newman","species",,"M",,"Lindroth, C. H. 1969. The ground-beetles (Carabidae, excl. Cicindelinae) of Canada and Alaska, parts 1-6. Opuscula E. Entomoligiska Sallskapet.","Kipling Will","Essig Museum of Entomology",,"No known compromise","N",,
"b693cb14-4e3e-469f-9d63-c9125f77ac8a","UNDE_001.basePlot.bet","D05","UNDE","UNDE_001","2014-08-05","2014-08-19","2017-01-15","NEON.BET.D05.000087","SYNIMP","Animalia","Arthropoda","Insecta","Coleoptera","Carabidae","Harpalinae","Sphodrini","Synuchus",,"impunctatus",,"Synuchus impunctatus","Say","species",,"F",,"Lindroth, C. H. 1969. The ground-beetles (Carabidae, excl. Cicindelinae) of Canada and Alaska, parts 1-6. Opuscula E. Entomoligiska Sallskapet.","Kipling Will","Essig Museum of Entomology",,"No known compromise","N",,
"be118172-a5b7-4fe2-83f6-bfdf996f709b","UNDE_001.basePlot.bet","D05","UNDE","UNDE_001","2014-08-05","2014-08-19","2017-01-15","NEON.BET.D05.000085","SYNIMP","Animalia","Arthropoda","Insecta","Coleoptera","Carabidae","Harpalinae","Sphodrini","Synuchus",,"impunctatus",,"Synuchus impunctatus","Say","species",,"F",,"Lindroth, C. H. 1969. The ground-beetles (Carabidae, excl. Cicindelinae) of Canada and Alaska, parts 1-6. Opuscula E. Entomoligiska Sallskapet.","Kipling Will","Essig Museum of Entomology",,"No known compromise","N",,
"cb76f0c6-ba0e-4cca-af5c-7883165e4821","UNDE_001.basePlot.bet","D05","UNDE","UNDE_001","2014-08-05","2014-08-19","2017-01-15","NEON.BET.D05.000086","SYNIMP","Animalia","Arthropoda","Insecta","Coleoptera","Carabidae","Harpalinae","Sphodrini","Synuchus",,"impunctatus",,"Synuchus impunctatus","Say","species",,"F",,"Lindroth, C. H. 1969. The ground-beetles (Carabidae, excl. Cicindelinae) of Canada and Alaska, parts 1-6. Opuscula E. Entomoligiska Sallskapet.","Kipling Will","Essig Museum of Entomology",,"No known compromise","N",,
"bdb55017-5bf2-49fe-a9c6-504d6586f01d","UNDE_001.basePlot.bet","D05","UNDE","UNDE_001","2014-08-05","2014-08-19","2017-01-15","NEON.BET.D05.000084","SYNIMP","Animalia","Arthropoda","Insecta","Coleoptera","Carabidae","Harpalinae","Sphodrini","Synuchus",,"impunctatus",,"Synuchus impunctatus","Say","species",,"M",,"Lindroth, C. H. 1969. The ground-beetles (Carabidae, excl. Cicindelinae) of Canada and Alaska, parts 1-6. Opuscula E. Entomoligiska Sallskapet.","Kipling Will","Essig Museum of Entomology",,"No known compromise","N",,
"7c96f959-58f4-437a-bf05-3bc40614f6d6","UNDE_006.basePlot.bet","D05","UNDE","UNDE_006","2014-08-05","2014-08-19","2017-01-15","NEON.BET.D05.000075","PTEMEL","Animalia","Arthropoda","Insecta","Coleoptera","Carabidae","Harpalinae","Pterostichini","Pterostichus","Morphnosoma","melanarius","melanarius","Pterostichus melanarius melanarius","Illiger","subspecies",,"M",,"Lindroth, C. H. 1969. The ground-beetles (Carabidae, excl. Cicindelinae) of Canada and Alaska, parts 1-6. Opuscula E. Entomoligiska Sallskapet.","Kipling Will","Essig Museum of Entomology",,"No known compromise","N",,
"ddce984b-b234-4963-9664-bab6656447df","UNDE_006.basePlot.bet","D05","UNDE","UNDE_006","2014-08-05","2014-08-19","2017-01-15","NEON.BET.D05.000077","PTEMEL","Animalia","Arthropoda","Insecta","Coleoptera","Carabidae","Harpalinae","Pterostichini","Pterostichus","Morphnosoma","melanarius","melanarius","Pterostichus melanarius melanarius","Illiger","subspecies",,"F",,"Lindroth, C. H. 1969. The ground-beetles (Carabidae, excl. Cicindelinae) of Canada and Alaska, parts 1-6. Opuscula E. Entomoligiska Sallskapet.","Kipling Will","Essig Museum of Entomology",,"No known compromise","N",,
"bada1727-79d6-485b-81c1-5e325fce9185","UNDE_006.basePlot.bet","D05","UNDE","UNDE_006","2014-08-05","2014-08-19","2017-01-15","NEON.BET.D05.000076","PTEMEL","Animalia","Arthropoda","Insecta","Coleoptera","Carabidae","Harpalinae","Pterostichini","Pterostichus","Morphnosoma","melanarius","melanarius","Pterostichus melanarius melanarius","Illiger","subspecies",,"M",,"Lindroth, C. H. 1969. The ground-beetles (Carabidae, excl. Cicindelinae) of Canada and Alaska, parts 1-6. Opuscula E. Entomoligiska Sallskapet.","Kipling Will","Essig Museum of Entomology",,"No known compromise","N",,
"f2051c7a-444c-4a07-8976-afa2a64fd133","UNDE_006.basePlot.bet","D05","UNDE","UNDE_006","2014-08-05","2014-08-19","2017-01-15","NEON.BET.D05.000074","SYNIMP","Animalia","Arthropoda","Insecta","Coleoptera","Carabidae","Harpalinae","Sphodrini","Synuchus",,"impunctatus",,"Synuchus impunctatus","Say","species",,"M",,"Lindroth, C. H. 1969. The ground-beetles (Carabidae, excl. Cicindelinae) of Canada and Alaska, parts 1-6. Opuscula E. Entomoligiska Sallskapet.","Kipling Will","Essig Museum of Entomology",,"No known compromise","N",,
"27298a0a-e69b-4d55-911d-5fa8c9b3de0c","UNDE_006.basePlot.bet","D05","UNDE","UNDE_006","2014-08-05","2014-08-19","2017-01-15","NEON.BET.D05.000112","SYNIMP","Animalia","Arthropoda","Insecta","Coleoptera","Carabidae","Harpalinae","Sphodrini","Synuchus",,"impunctatus",,"Synuchus impunctatus","Say","species",,"M",,"Lindroth, C. H. 1969. The ground-beetles (Carabidae, excl. Cicindelinae) of Canada and Alaska, parts 1-6. Opuscula E. Entomoligiska Sallskapet.","Kipling Will","Essig Museum of Entomology",,"No known compromise","N",,
"fb797951-15ba-4360-be7f-0e845880f465","UNDE_006.basePlot.bet","D05","UNDE","UNDE_006","2014-08-05","2014-08-19","2017-01-15","NEON.BET.D05.000109","PTEMEL","Animalia","Arthropoda","Insecta","Coleoptera","Carabidae","Harpalinae","Pterostichini","Pterostichus","Morphnosoma","melanarius","melanarius","Pterostichus melanarius melanarius","Illiger","subspecies",,"F",,"Lindroth, C. H. 1969. The ground-beetles (Carabidae, excl. Cicindelinae) of Canada and Alaska, parts 1-6. Opuscula E. Entomoligiska Sallskapet.","Kipling Will","Essig Museum of Entomology",,"No known compromise","N",,
"f52b3c25-fcbe-457e-9453-0b2df6dc17ad","UNDE_006.basePlot.bet","D05","UNDE","UNDE_006","2014-08-05","2014-08-19","2017-01-15","NEON.BET.D05.000110","PTEMEL","Animalia","Arthropoda","Insecta","Coleoptera","Carabidae","Harpalinae","Pterostichini","Pterostichus","Morphnosoma","melanarius","melanarius","Pterostichus melanarius melanarius","Illiger","subspecies",,"F",,"Lindroth, C. H. 1969. The ground-beetles (Carabidae, excl. Cicindelinae) of Canada and Alaska, parts 1-6. Opuscula E. Entomoligiska Sallskapet.","Kipling Will","Essig Museum of Entomology",,"No known compromise","N",,
"0b4cb622-cbc0-4d19-8ab4-9d8a1288ddaf","UNDE_011.basePlot.bet","D05","UNDE","UNDE_011","2014-08-05","2014-08-19","2017-01-15","NEON.BET.D05.000115","SYNIMP","Animalia","Arthropoda","Insecta","Coleoptera","Carabidae","Harpalinae","Sphodrini","Synuchus",,"impunctatus",,"Synuchus impunctatus","Say","species",,"F",,"Lindroth, C. H. 1969. The ground-beetles (Carabidae, excl. Cicindelinae) of Canada and Alaska, parts 1-6. Opuscula E. Entomoligiska Sallskapet.","Kipling Will","Essig Museum of Entomology",,"No known compromise","N",,
"17bbb9fe-1256-437f-8f5f-617ba2136390","UNDE_006.basePlot.bet","D05","UNDE","UNDE_006","2014-08-05","2014-08-19","2017-01-15","NEON.BET.D05.000111","PTEMEL","Animalia","Arthropoda","Insecta","Coleoptera","Carabidae","Harpalinae","Pterostichini","Pterostichus","Morphnosoma","melanarius","melanarius","Pterostichus melanarius melanarius","Illiger","subspecies",,"M",,"Lindroth, C. H. 1969. The ground-beetles (Carabidae, excl. Cicindelinae) of Canada and Alaska, parts 1-6. Opuscula E. Entomoligiska Sallskapet.","Kipling Will","Essig Museum of Entomology",,"No known compromise","N",,
"a99328d2-f449-4eb9-9ac4-2b36de7bd56d","UNDE_011.basePlot.bet","D05","UNDE","UNDE_011","2014-08-05","2014-08-19","2017-01-15","NEON.BET.D05.000114","SYNIMP","Animalia","Arthropoda","Insecta","Coleoptera","Carabidae","Harpalinae","Sphodrini","Synuchus",,"impunctatus",,"Synuchus impunctatus","Say","species",,"F",,"Lindroth, C. H. 1969. The ground-beetles (Carabidae, excl. Cicindelinae) of Canada and Alaska, parts 1-6. Opuscula E. Entomoligiska Sallskapet.","Kipling Will","Essig Museum of Entomology",,"No known compromise","N",,
"ed854706-eaf7-428e-b12f-46fd48e8fe4c","UNDE_011.basePlot.bet","D05","UNDE","UNDE_011","2014-08-05","2014-08-19","2017-01-15","NEON.BET.D05.000116","PTECOR1","Animalia","Arthropoda","Insecta","Coleoptera","Carabidae","Harpalinae","Pterostichini","Pterostichus","Euferonia","coracinus",,"Pterostichus coracinus","Newman","species",,"M",,"Lindroth, C. H. 1969. The ground-beetles (Carabidae, excl. Cicindelinae) of Canada and Alaska, parts 1-6. Opuscula E. Entomoligiska Sallskapet.","Kipling Will","Essig Museum of Entomology",,"No known compromise","N",,
"cea9872d-0759-4911-b2d7-43537a40941d","UNDE_001.basePlot.bet","D05","UNDE","UNDE_001","2014-08-05","2014-08-19","2017-01-15","NEON.BET.D05.000090","SYNIMP","Animalia","Arthropoda","Insecta","Coleoptera","Carabidae","Harpalinae","Sphodrini","Synuchus",,"impunctatus",,"Synuchus impunctatus","Say","species",,"F",,"Lindroth, C. H. 1969. The ground-beetles (Carabidae, excl. Cicindelinae) of Canada and Alaska, parts 1-6. Opuscula E. Entomoligiska Sallskapet.","Kipling Will","Essig Museum of Entomology",,"No known compromise","N",,
"de2f0585-e3df-4823-91cd-865e5f45ac39","UNDE_001.basePlot.bet","D05","UNDE","UNDE_001","2014-08-05","2014-08-19","2017-01-15","NEON.BET.D05.000126","SYNIMP","Animalia","Arthropoda","Insecta","Coleoptera","Carabidae","Harpalinae","Sphodrini","Synuchus",,"impunctatus",,"Synuchus impunctatus","Say","species",,"F",,"Lindroth, C. H. 1969. The ground-beetles (Carabidae, excl. Cicindelinae) of Canada and Alaska, parts 1-6. Opuscula E. Entomoligiska Sallskapet.","Kipling Will","Essig Museum of Entomology",,"No known compromise","N",,
"0f713b52-f89c-4b5b-be74-f55e0abed9da","UNDE_011.basePlot.bet","D05","UNDE","UNDE_011","2014-08-05","2014-08-19","2017-01-15","NEON.BET.D05.000113","SYNIMP","Animalia","Arthropoda","Insecta","Coleoptera","Carabidae","Harpalinae","Sphodrini","Synuchus",,"impunctatus",,"Synuchus impunctatus","Say","species",,"M",,"Lindroth, C. H. 1969. The ground-beetles (Carabidae, excl. Cicindelinae) of Canada and Alaska, parts 1-6. Opuscula E. Entomoligiska Sallskapet.","Kipling Will","Essig Museum of Entomology",,"No known compromise","N",,
"c8147004-33d7-40e3-b0e9-56159af54f91","UNDE_001.basePlot.bet","D05","UNDE","UNDE_001","2014-08-05","2014-08-19","2017-01-15","NEON.BET.D05.000132","SYNIMP","Animalia","Arthropoda","Insecta","Coleoptera","Carabidae","Harpalinae","Sphodrini","Synuchus",,"impunctatus",,"Synuchus impunctatus","Say","species",,"F",,"Lindroth, C. H. 1969. The ground-beetles (Carabidae, excl. Cicindelinae) of Canada and Alaska, parts 1-6. Opuscula E. Entomoligiska Sallskapet.","Kipling Will","Essig Museum of Entomology",,"No known compromise","N",,
"e6e3a5bd-bcd7-4584-a1fc-8836f0667a88","UNDE_001.basePlot.bet","D05","UNDE","UNDE_001","2014-08-05","2014-08-19","2017-01-15","NEON.BET.D05.000119","PTETRI3","Animalia","Arthropoda","Insecta","Coleoptera","Carabidae","Harpalinae","Pterostichini","Pterostichus","Hypherpes","tristis",,"Pterostichus tristis","Dejean","species",,"F",,"Lindroth, C. H. 1969. The ground-beetles (Carabidae, excl. Cicindelinae) of Canada and Alaska, parts 1-6. Opuscula E. Entomoligiska Sallskapet.","Kipling Will","Essig Museum of Entomology",,"No known compromise","N",,
"cef82bfb-ac9c-4b5b-bbf6-bb5b6ff6136f","UNDE_001.basePlot.bet","D05","UNDE","UNDE_001","2014-08-05","2014-08-19","2017-01-15","NEON.BET.D05.000120","SYNIMP","Animalia","Arthropoda","Insecta","Coleoptera","Carabidae","Harpalinae","Sphodrini","Synuchus",,"impunctatus",,"Synuchus impunctatus","Say","species",,"F",,"Lindroth, C. H. 1969. The ground-beetles (Carabidae, excl. Cicindelinae) of Canada and Alaska, parts 1-6. Opuscula E. Entomoligiska Sallskapet.","Kipling Will","Essig Museum of Entomology",,"No known compromise","N",,
"bb55dea5-df42-48ee-83ea-659867d7a3ec","UNDE_001.basePlot.bet","D05","UNDE","UNDE_001","2014-08-05","2014-08-19","2017-01-15","NEON.BET.D05.000125","SYNIMP","Animalia","Arthropoda","Insecta","Coleoptera","Carabidae","Harpalinae","Sphodrini","Synuchus",,"impunctatus",,"Synuchus impunctatus","Say","species",,"F",,"Lindroth, C. H. 1969. The ground-beetles (Carabidae, excl. Cicindelinae) of Canada and Alaska, parts 1-6. Opuscula E. Entomoligiska Sallskapet.","Kipling Will","Essig Museum of Entomology",,"No known compromise","N",,
"08c30b67-79fc-4dca-8f82-0ad554e05ebd","UNDE_001.basePlot.bet","D05","UNDE","UNDE_001","2014-08-05","2014-08-19","2017-01-15","NEON.BET.D05.000122","SYNIMP","Animalia","Arthropoda","Insecta","Coleoptera","Carabidae","Harpalinae","Sphodrini","Synuchus",,"impunctatus",,"Synuchus impunctatus","Say","species",,"F",,"Lindroth, C. H. 1969. The ground-beetles (Carabidae, excl. Cicindelinae) of Canada and Alaska, parts 1-6. Opuscula E. Entomoligiska Sallskapet.","Kipling Will","Essig Museum of Entomology",,"No known compromise","N",,
"3e75ca52-a09e-40e3-a630-759dce2c7d2b","UNDE_001.basePlot.bet","D05","UNDE","UNDE_001","2014-08-05","2014-08-19","2017-01-15","NEON.BET.D05.000089","SYNIMP","Animalia","Arthropoda","Insecta","Coleoptera","Carabidae","Harpalinae","Sphodrini","Synuchus",,"impunctatus",,"Synuchus impunctatus","Say","species",,"F",,"Lindroth, C. H. 1969. The ground-beetles (Carabidae, excl. Cicindelinae) of Canada and Alaska, parts 1-6. Opuscula E. Entomoligiska Sallskapet.","Kipling Will","Essig Museum of Entomology",,"No known compromise","N",,
"bb83a4c7-0349-403b-9466-1ebb8495f714","UNDE_001.basePlot.bet","D05","UNDE","UNDE_001","2014-08-05","2014-08-19","2017-01-15","NEON.BET.D05.000123","SYNIMP","Animalia","Arthropoda","Insecta","Coleoptera","Carabidae","Harpalinae","Sphodrini","Synuchus",,"impunctatus",,"Synuchus impunctatus","Say","species",,"F",,"Lindroth, C. H. 1969. The ground-beetles (Carabidae, excl. Cicindelinae) of Canada and Alaska, parts 1-6. Opuscula E. Entomoligiska Sallskapet.","Kipling Will","Essig Museum of Entomology",,"No known compromise","N",,
"21df308a-d28a-4e47-a0cf-cad71429dcfd","UNDE_001.basePlot.bet","D05","UNDE","UNDE_001","2014-08-05","2014-08-19","2017-01-15","NEON.BET.D05.000088","SYNIMP","Animalia","Arthropoda","Insecta","Coleoptera","Carabidae","Harpalinae","Sphodrini","Synuchus",,"impunctatus",,"Synuchus impunctatus","Say","species",,"F",,"Lindroth, C. H. 1969. The ground-beetles (Carabidae, excl. Cicindelinae) of Canada and Alaska, parts 1-6. Opuscula E. Entomoligiska Sallskapet.","Kipling Will","Essig Museum of Entomology",,"No known compromise","N",,
"b27b3416-70eb-4319-8485-502165b4236e","UNDE_001.basePlot.bet","D05","UNDE","UNDE_001","2014-08-05","2014-08-19","2017-01-15","NEON.BET.D05.000131","SYNIMP","Animalia","Arthropoda","Insecta","Coleoptera","Carabidae","Harpalinae","Sphodrini","Synuchus",,"impunctatus",,"Synuchus impunctatus","Say","species",,"M",,"Lindroth, C. H. 1969. The ground-beetles (Carabidae, excl. Cicindelinae) of Canada and Alaska, parts 1-6. Opuscula E. Entomoligiska Sallskapet.","Kipling Will","Essig Museum of Entomology",,"No known compromise","N",,
"6b1f0973-279d-4858-a93b-85c4cc04d1ee","UNDE_001.basePlot.bet","D05","UNDE","UNDE_001","2014-08-05","2014-08-19","2017-01-15","NEON.BET.D05.000128","CYMCRI","Animalia","Arthropoda","Insecta","Coleoptera","Carabidae","Harpalinae","Lebiini","Cymindis","Tarulus","cribricollis",,"Cymindis cribricollis","Dejean","species",,"F",,"Lindroth, C. H. 1969. The ground-beetles (Carabidae, excl. Cicindelinae) of Canada and Alaska, parts 1-6. Opuscula E. Entomoligiska Sallskapet.","Kipling Will","Essig Museum of Entomology",,"No known compromise","N",,
"9b330a87-d5aa-4a87-b473-b98cdcc18817","UNDE_001.basePlot.bet","D05","UNDE","UNDE_001","2014-08-05","2014-08-19","2017-01-15","NEON.BET.D05.000124","SYNIMP","Animalia","Arthropoda","Insecta","Coleoptera","Carabidae","Harpalinae","Sphodrini","Synuchus",,"impunctatus",,"Synuchus impunctatus","Say","species",,"F",,"Lindroth, C. H. 1969. The ground-beetles (Carabidae, excl. Cicindelinae) of Canada and Alaska, parts 1-6. Opuscula E. Entomoligiska Sallskapet.","Kipling Will","Essig Museum of Entomology",,"No known compromise","N",,
"cbe799a8-e4df-43b6-aff3-ed7fa5f9ece0","UNDE_001.basePlot.bet","D05","UNDE","UNDE_001","2014-08-05","2014-08-19","2017-01-15","NEON.BET.D05.000129","SYNIMP","Animalia","Arthropoda","Insecta","Coleoptera","Carabidae","Harpalinae","Sphodrini","Synuchus",,"impunctatus",,"Synuchus impunctatus","Say","species",,"F",,"Lindroth, C. H. 1969. The ground-beetles (Carabidae, excl. Cicindelinae) of Canada and Alaska, parts 1-6. Opuscula E. Entomoligiska Sallskapet.","Kipling Will","Essig Museum of Entomology",,"No known compromise","N",,
"dadbccec-5419-46e9-9ce6-c64bbbbc43b0","UNDE_001.basePlot.bet","D05","UNDE","UNDE_001","2014-08-05","2014-08-19","2017-01-15","NEON.BET.D05.000121","SYNIMP","Animalia","Arthropoda","Insecta","Coleoptera","Carabidae","Harpalinae","Sphodrini","Synuchus",,"impunctatus",,"Synuchus impunctatus","Say","species",,"M",,"Lindroth, C. H. 1969. The ground-beetles (Carabidae, excl. Cicindelinae) of Canada and Alaska, parts 1-6. Opuscula E. Entomoligiska Sallskapet.","Kipling Will","Essig Museum of Entomology",,"No known compromise","N",,
"490bb8e7-e9ad-4ecb-bba0-1f644389cb79","UNDE_001.basePlot.bet","D05","UNDE","UNDE_001","2014-08-05","2014-08-19","2017-01-15","NEON.BET.D05.000127","CYMCRI","Animalia","Arthropoda","Insecta","Coleoptera","Carabidae","Harpalinae","Lebiini","Cymindis","Tarulus","cribricollis",,"Cymindis cribricollis","Dejean","species",,"F",,"Lindroth, C. H. 1969. The ground-beetles (Carabidae, excl. Cicindelinae) of Canada and Alaska, parts 1-6. Opuscula E. Entomoligiska Sallskapet.","Kipling Will","Essig Museum of Entomology",,"No known compromise","N",,
"db95ee06-d5e2-4068-affa-499ec77f5020","UNDE_017.basePlot.bet","D05","UNDE","UNDE_017","2014-08-05","2014-08-19","2017-01-15","NEON.BET.D05.000105","SYNIMP","Animalia","Arthropoda","Insecta","Coleoptera","Carabidae","Harpalinae","Sphodrini","Synuchus",,"impunctatus",,"Synuchus impunctatus","Say","species",,"F",,"Lindroth, C. H. 1969. The ground-beetles (Carabidae, excl. Cicindelinae) of Canada and Alaska, parts 1-6. Opuscula E. Entomoligiska Sallskapet.","Kipling Will","Essig Museum of Entomology",,"No known compromise","N",,
"4d142d93-c460-4200-a0bc-432c4538b6af","UNDE_017.basePlot.bet","D05","UNDE","UNDE_017","2014-08-05","2014-08-19","2017-01-15","NEON.BET.D05.000106","SYNIMP","Animalia","Arthropoda","Insecta","Coleoptera","Carabidae","Harpalinae","Sphodrini","Synuchus",,"impunctatus",,"Synuchus impunctatus","Say","species",,"F",,"Lindroth, C. H. 1969. The ground-beetles (Carabidae, excl. Cicindelinae) of Canada and Alaska, parts 1-6. Opuscula E. Entomoligiska Sallskapet.","Kipling Will","Essig Museum of Entomology",,"No known compromise","N",,
"637f9359-938f-4137-90dd-bff42599679d","UNDE_017.basePlot.bet","D05","UNDE","UNDE_017","2014-08-05","2014-08-19","2017-01-15","NEON.BET.D05.000104","SYNIMP","Animalia","Arthropoda","Insecta","Coleoptera","Carabidae","Harpalinae","Sphodrini","Synuchus",,"impunctatus",,"Synuchus impunctatus","Say","species",,"M",,"Lindroth, C. H. 1969. The ground-beetles (Carabidae, excl. Cicindelinae) of Canada and Alaska, parts 1-6. Opuscula E. Entomoligiska Sallskapet.","Kipling Will","Essig Museum of Entomology",,"No known compromise","N",,
"43ca4df2-d25f-432e-af06-23872d4b3b05","UNDE_017.basePlot.bet","D05","UNDE","UNDE_017","2014-08-05","2014-08-19","2017-01-15","NEON.BET.D05.000102","PTEMEL","Animalia","Arthropoda","Insecta","Coleoptera","Carabidae","Harpalinae","Pterostichini","Pterostichus","Morphnosoma","melanarius","melanarius","Pterostichus melanarius melanarius","Illiger","subspecies",,"F",,"Lindroth, C. H. 1969. The ground-beetles (Carabidae, excl. Cicindelinae) of Canada and Alaska, parts 1-6. Opuscula E. Entomoligiska Sallskapet.","Kipling Will","Essig Museum of Entomology",,"No known compromise","N",,
"f1498eee-9e14-46e5-b50c-c252c7f6b89e","UNDE_017.basePlot.bet","D05","UNDE","UNDE_017","2014-08-05","2014-08-19","2017-01-15","NEON.BET.D05.000108","PTECOR1","Animalia","Arthropoda","Insecta","Coleoptera","Carabidae","Harpalinae","Pterostichini","Pterostichus","Euferonia","coracinus",,"Pterostichus coracinus","Newman","species",,"F",,"Lindroth, C. H. 1969. The ground-beetles (Carabidae, excl. Cicindelinae) of Canada and Alaska, parts 1-6. Opuscula E. Entomoligiska Sallskapet.","Kipling Will","Essig Museum of Entomology",,"No known compromise","N",,
"7f1812eb-44ae-4e9b-bea8-b8f9a03d2a20","UNDE_017.basePlot.bet","D05","UNDE","UNDE_017","2014-08-05","2014-08-19","2017-01-15","NEON.BET.D05.000103","PTECOR1","Animalia","Arthropoda","Insecta","Coleoptera","Carabidae","Harpalinae","Pterostichini","Pterostichus","Euferonia","coracinus",,"Pterostichus coracinus","Newman","species",,"F",,"Lindroth, C. H. 1969. The ground-beetles (Carabidae, excl. Cicindelinae) of Canada and Alaska, parts 1-6. Opuscula E. Entomoligiska Sallskapet.","Kipling Will","Essig Museum of Entomology",,"No known compromise","N",,
"66098415-2c40-40c1-990b-a2ae58d10845","UNDE_007.basePlot.bet","D05","UNDE","UNDE_007","2014-08-05","2014-08-19","2017-01-15","NEON.BET.D05.000096","SYNIMP","Animalia","Arthropoda","Insecta","Coleoptera","Carabidae","Harpalinae","Sphodrini","Synuchus",,"impunctatus",,"Synuchus impunctatus","Say","species",,"M",,"Lindroth, C. H. 1969. The ground-beetles (Carabidae, excl. Cicindelinae) of Canada and Alaska, parts 1-6. Opuscula E. Entomoligiska Sallskapet.","Kipling Will","Essig Museum of Entomology",,"No known compromise","N",,
"afed23b3-84ac-4772-bd55-f5cd106a94f5","UNDE_017.basePlot.bet","D05","UNDE","UNDE_017","2014-08-05","2014-08-19","2017-01-15","NEON.BET.D05.000107","SYNIMP","Animalia","Arthropoda","Insecta","Coleoptera","Carabidae","Harpalinae","Sphodrini","Synuchus",,"impunctatus",,"Synuchus impunctatus","Say","species",,"M",,"Lindroth, C. H. 1969. The ground-beetles (Carabidae, excl. Cicindelinae) of Canada and Alaska, parts 1-6. Opuscula E. Entomoligiska Sallskapet.","Kipling Will","Essig Museum of Entomology",,"No known compromise","N",,
"d6d722ce-87e7-4ec5-a906-2ab872310bca","UNDE_007.basePlot.bet","D05","UNDE","UNDE_007","2014-08-05","2014-08-19","2017-01-15","NEON.BET.D05.000100","SYNIMP","Animalia","Arthropoda","Insecta","Coleoptera","Carabidae","Harpalinae","Sphodrini","Synuchus",,"impunctatus",,"Synuchus impunctatus","Say","species",,"F",,"Lindroth, C. H. 1969. The ground-beetles (Carabidae, excl. Cicindelinae) of Canada and Alaska, parts 1-6. Opuscula E. Entomoligiska Sallskapet.","Kipling Will","Essig Museum of Entomology",,"No known compromise","N",,
"0120bdef-a207-4477-811e-6522367b41e3","UNDE_007.basePlot.bet","D05","UNDE","UNDE_007","2014-08-05","2014-08-19","2017-01-15","NEON.BET.D05.000097","SYNIMP","Animalia","Arthropoda","Insecta","Coleoptera","Carabidae","Harpalinae","Sphodrini","Synuchus",,"impunctatus",,"Synuchus impunctatus","Say","species",,"M",,"Lindroth, C. H. 1969. The ground-beetles (Carabidae, excl. Cicindelinae) of Canada and Alaska, parts 1-6. Opuscula E. Entomoligiska Sallskapet.","Kipling Will","Essig Museum of Entomology",,"No known compromise","N",,
"265b7105-a7d0-4dc3-9370-5dbe75e2311d","UNDE_007.basePlot.bet","D05","UNDE","UNDE_007","2014-08-05","2014-08-19","2017-01-15","NEON.BET.D05.000099","SYNIMP","Animalia","Arthropoda","Insecta","Coleoptera","Carabidae","Harpalinae","Sphodrini","Synuchus",,"impunctatus",,"Synuchus impunctatus","Say","species",,"F",,"Lindroth, C. H. 1969. The ground-beetles (Carabidae, excl. Cicindelinae) of Canada and Alaska, parts 1-6. Opuscula E. Entomoligiska Sallskapet.","Kipling Will","Essig Museum of Entomology",,"No known compromise","N",,
"00dd7dac-bb61-4aa0-838f-de1dba5f6664","UNDE_007.basePlot.bet","D05","UNDE","UNDE_007","2014-08-05","2014-08-19","2017-01-15","NEON.BET.D05.000101","SYNIMP","Animalia","Arthropoda","Insecta","Coleoptera","Carabidae","Harpalinae","Sphodrini","Synuchus",,"impunctatus",,"Synuchus impunctatus","Say","species",,"F",,"Lindroth, C. H. 1969. The ground-beetles (Carabidae, excl. Cicindelinae) of Canada and Alaska, parts 1-6. Opuscula E. Entomoligiska Sallskapet.","Kipling Will","Essig Museum of Entomology",,"No known compromise","N",,
"e43c0d9e-4deb-46fb-8bc9-df17c0910f7d","UNDE_007.basePlot.bet","D05","UNDE","UNDE_007","2014-08-05","2014-08-19","2017-01-15","NEON.BET.D05.000134","SYNIMP","Animalia","Arthropoda","Insecta","Coleoptera","Carabidae","Harpalinae","Sphodrini","Synuchus",,"impunctatus",,"Synuchus impunctatus","Say","species",,"F",,"Lindroth, C. H. 1969. The ground-beetles (Carabidae, excl. Cicindelinae) of Canada and Alaska, parts 1-6. Opuscula E. Entomoligiska Sallskapet.","Kipling Will","Essig Museum of Entomology",,"No known compromise","N",,
"1796b644-4e4e-4bc2-819e-b7661b48457f","UNDE_007.basePlot.bet","D05","UNDE","UNDE_007","2014-08-05","2014-08-19","2017-01-15","NEON.BET.D05.000095","SYNIMP","Animalia","Arthropoda","Insecta","Coleoptera","Carabidae","Harpalinae","Sphodrini","Synuchus",,"impunctatus",,"Synuchus impunctatus","Say","species",,"M",,"Lindroth, C. H. 1969. The ground-beetles (Carabidae, excl. Cicindelinae) of Canada and Alaska, parts 1-6. Opuscula E. Entomoligiska Sallskapet.","Kipling Will","Essig Museum of Entomology",,"No known compromise","N",,
"a975f200-6db9-4e07-b6d2-6277a40c452f","UNDE_007.basePlot.bet","D05","UNDE","UNDE_007","2014-08-05","2014-08-19","2017-01-15","NEON.BET.D05.000098","SYNIMP","Animalia","Arthropoda","Insecta","Coleoptera","Carabidae","Harpalinae","Sphodrini","Synuchus",,"impunctatus",,"Synuchus impunctatus","Say","species",,"M",,"Lindroth, C. H. 1969. The ground-beetles (Carabidae, excl. Cicindelinae) of Canada and Alaska, parts 1-6. Opuscula E. Entomoligiska Sallskapet.","Kipling Will","Essig Museum of Entomology",,"No known compromise","N",,
"42077596-5a81-436d-8204-d6ea9f8eb17c","UNDE_007.basePlot.bet","D05","UNDE","UNDE_007","2014-08-05","2014-08-19","2017-01-15","NEON.BET.D05.000135","SYNIMP","Animalia","Arthropoda","Insecta","Coleoptera","Carabidae","Harpalinae","Sphodrini","Synuchus",,"impunctatus",,"Synuchus impunctatus","Say","species",,"F",,"Lindroth, C. H. 1969. The ground-beetles (Carabidae, excl. Cicindelinae) of Canada and Alaska, parts 1-6. Opuscula E. Entomoligiska Sallskapet.","Kipling Will","Essig Museum of Entomology",,"No known compromise","N",,
"3fa0dde1-0644-44cc-abfa-a9632b901a57","UNDE_007.basePlot.bet","D05","UNDE","UNDE_007","2014-08-05","2014-08-19","2017-01-15","NEON.BET.D05.000133","SYNIMP","Animalia","Arthropoda","Insecta","Coleoptera","Carabidae","Harpalinae","Sphodrini","Synuchus",,"impunctatus",,"Synuchus impunctatus","Say","species",,"F",,"Lindroth, C. H. 1969. The ground-beetles (Carabidae, excl. Cicindelinae) of Canada and Alaska, parts 1-6. Opuscula E. Entomoligiska Sallskapet.","Kipling Will","Essig Museum of Entomology",,"No known compromise","N",,
"88d70b70-5dd7-4ca3-9726-b10dc1016fa9","UNDE_007.basePlot.bet","D05","UNDE","UNDE_007","2014-08-05","2014-08-19","2017-01-15","NEON.BET.D05.000094","SYNIMP","Animalia","Arthropoda","Insecta","Coleoptera","Carabidae","Harpalinae","Sphodrini","Synuchus",,"impunctatus",,"Synuchus impunctatus","Say","species",,"F",,"Lindroth, C. H. 1969. The ground-beetles (Carabidae, excl. Cicindelinae) of Canada and Alaska, parts 1-6. Opuscula E. Entomoligiska Sallskapet.","Kipling Will","Essig Museum of Entomology",,"No known compromise","N",,
"febf297f-e15f-495b-8765-de527750ebfa","UNDE_017.basePlot.bet","D05","UNDE","UNDE_017","2014-08-05","2014-08-19","2017-01-15","NEON.BET.D05.000175","SYNIMP","Animalia","Arthropoda","Insecta","Coleoptera","Carabidae","Harpalinae","Sphodrini","Synuchus",,"impunctatus",,"Synuchus impunctatus","Say","species",,"F",,"Lindroth, C. H. 1969. The ground-beetles (Carabidae, excl. Cicindelinae) of Canada and Alaska, parts 1-6. Opuscula E. Entomoligiska Sallskapet.","Kipling Will","Essig Museum of Entomology",,"No known compromise","N",,
"1d842f52-c121-4e21-b194-2934f501d9b9","UNDE_017.basePlot.bet","D05","UNDE","UNDE_017","2014-08-05","2014-08-19","2017-01-15","NEON.BET.D05.000176","SYNIMP","Animalia","Arthropoda","Insecta","Coleoptera","Carabidae","Harpalinae","Sphodrini","Synuchus",,"impunctatus",,"Synuchus impunctatus","Say","species",,"M",,"Lindroth, C. H. 1969. The ground-beetles (Carabidae, excl. Cicindelinae) of Canada and Alaska, parts 1-6. Opuscula E. Entomoligiska Sallskapet.","Kipling Will","Essig Museum of Entomology",,"No known compromise","N",,
"89b0ebd9-7958-45bc-857e-15432749a09c","UNDE_017.basePlot.bet","D05","UNDE","UNDE_017","2014-08-05","2014-08-19","2017-01-15","NEON.BET.D05.000174","CARNEM","Animalia","Arthropoda","Insecta","Coleoptera","Carabidae","Carabinae","Carabini","Carabus","Archicarabus","nemoralis","nemoralis","Carabus nemoralis nemoralis","Mueller","subspecies",,"M",,"Lindroth, C. H. 1969. The ground-beetles (Carabidae, excl. Cicindelinae) of Canada and Alaska, parts 1-6. Opuscula E. Entomoligiska Sallskapet.","Kipling Will","Essig Museum of Entomology",,"No known compromise","N",,
"db95783c-d927-4404-be15-1ed954cc714c","UNDE_017.basePlot.bet","D05","UNDE","UNDE_017","2014-08-05","2014-08-19","2017-01-15","NEON.BET.D05.000177","SYNIMP","Animalia","Arthropoda","Insecta","Coleoptera","Carabidae","Harpalinae","Sphodrini","Synuchus",,"impunctatus",,"Synuchus impunctatus","Say","species",,"M",,"Lindroth, C. H. 1969. The ground-beetles (Carabidae, excl. Cicindelinae) of Canada and Alaska, parts 1-6. Opuscula E. Entomoligiska Sallskapet.","Kipling Will","Essig Museum of Entomology",,"No known compromise","N",,
"5497224a-378f-4f9b-9839-b8e6bad223fc","UNDE_008.basePlot.bet","D05","UNDE","UNDE_008","2014-08-05","2014-08-19","2017-01-15","NEON.BET.D05.000169","PTEMEL","Animalia","Arthropoda","Insecta","Coleoptera","Carabidae","Harpalinae","Pterostichini","Pterostichus","Morphnosoma","melanarius","melanarius","Pterostichus melanarius melanarius","Illiger","subspecies",,"M",,"Lindroth, C. H. 1969. The ground-beetles (Carabidae, excl. Cicindelinae) of Canada and Alaska, parts 1-6. Opuscula E. Entomoligiska Sallskapet.","Kipling Will","Essig Museum of Entomology",,"No known compromise","N",,
"8aa4d6cc-32b1-4145-9d6c-bbeb6ad0f870","UNDE_008.basePlot.bet","D05","UNDE","UNDE_008","2014-08-05","2014-08-19","2017-01-15","NEON.BET.D05.000172","SYNIMP","Animalia","Arthropoda","Insecta","Coleoptera","Carabidae","Harpalinae","Sphodrini","Synuchus",,"impunctatus",,"Synuchus impunctatus","Say","species",,"F",,"Lindroth, C. H. 1969. The ground-beetles (Carabidae, excl. Cicindelinae) of Canada and Alaska, parts 1-6. Opuscula E. Entomoligiska Sallskapet.","Kipling Will","Essig Museum of Entomology",,"No known compromise","N",,
"3f10233b-a7e5-417e-a05d-cb5a6fcb26c9","UNDE_008.basePlot.bet","D05","UNDE","UNDE_008","2014-08-05","2014-08-19","2017-01-15","NEON.BET.D05.000166","SYNIMP","Animalia","Arthropoda","Insecta","Coleoptera","Carabidae","Harpalinae","Sphodrini","Synuchus",,"impunctatus",,"Synuchus impunctatus","Say","species",,"M",,"Lindroth, C. H. 1969. The ground-beetles (Carabidae, excl. Cicindelinae) of Canada and Alaska, parts 1-6. Opuscula E. Entomoligiska Sallskapet.","Kipling Will","Essig Museum of Entomology",,"No known compromise","N",,
"d6994a8f-ed15-43a7-ab61-7cc1d00ae629","UNDE_008.basePlot.bet","D05","UNDE","UNDE_008","2014-08-05","2014-08-19","2017-01-15","NEON.BET.D05.000165","SYNIMP","Animalia","Arthropoda","Insecta","Coleoptera","Carabidae","Harpalinae","Sphodrini","Synuchus",,"impunctatus",,"Synuchus impunctatus","Say","species",,"M",,"Lindroth, C. H. 1969. The ground-beetles (Carabidae, excl. Cicindelinae) of Canada and Alaska, parts 1-6. Opuscula E. Entomoligiska Sallskapet.","Kipling Will","Essig Museum of Entomology",,"No known compromise","N",,
"ac6ff45e-2824-4c4a-96e4-9779a9860867","UNDE_008.basePlot.bet","D05","UNDE","UNDE_008","2014-08-05","2014-08-19","2017-01-15","NEON.BET.D05.000171","SYNIMP","Animalia","Arthropoda","Insecta","Coleoptera","Carabidae","Harpalinae","Sphodrini","Synuchus",,"impunctatus",,"Synuchus impunctatus","Say","species",,"M",,"Lindroth, C. H. 1969. The ground-beetles (Carabidae, excl. Cicindelinae) of Canada and Alaska, parts 1-6. Opuscula E. Entomoligiska Sallskapet.","Kipling Will","Essig Museum of Entomology",,"No known compromise","N",,
"570946de-5fde-4c78-a689-090f0eebd766","UNDE_008.basePlot.bet","D05","UNDE","UNDE_008","2014-08-05","2014-08-19","2017-01-15","NEON.BET.D05.000173","SYNIMP","Animalia","Arthropoda","Insecta","Coleoptera","Carabidae","Harpalinae","Sphodrini","Synuchus",,"impunctatus",,"Synuchus impunctatus","Say","species",,"F",,"Lindroth, C. H. 1969. The ground-beetles (Carabidae, excl. Cicindelinae) of Canada and Alaska, parts 1-6. Opuscula E. Entomoligiska Sallskapet.","Kipling Will","Essig Museum of Entomology",,"No known compromise","N",,
"be931cf7-42c7-496b-8d34-be0d0a9f463f","UNDE_008.basePlot.bet","D05","UNDE","UNDE_008","2014-08-05","2014-08-19","2017-01-15","NEON.BET.D05.000168","SYNIMP","Animalia","Arthropoda","Insecta","Coleoptera","Carabidae","Harpalinae","Sphodrini","Synuchus",,"impunctatus",,"Synuchus impunctatus","Say","species",,"F",,"Lindroth, C. H. 1969. The ground-beetles (Carabidae, excl. Cicindelinae) of Canada and Alaska, parts 1-6. Opuscula E. Entomoligiska Sallskapet.","Kipling Will","Essig Museum of Entomology",,"No known compromise","N",,
"eeb2c73f-160b-4f32-be6d-7057ba303b60","UNDE_006.basePlot.bet","D05","UNDE","UNDE_006","2014-08-05","2014-08-19","2017-01-15","NEON.BET.D05.000183","PTEMEL","Animalia","Arthropoda","Insecta","Coleoptera","Carabidae","Harpalinae","Pterostichini","Pterostichus","Morphnosoma","melanarius","melanarius","Pterostichus melanarius melanarius","Illiger","subspecies",,"F",,"Lindroth, C. H. 1969. The ground-beetles (Carabidae, excl. Cicindelinae) of Canada and Alaska, parts 1-6. Opuscula E. Entomoligiska Sallskapet.","Kipling Will","Essig Museum of Entomology",,"No known compromise","N",,
"70ec920f-b05d-432e-ac4b-93bfdfd670c2","UNDE_008.basePlot.bet","D05","UNDE","UNDE_008","2014-08-05","2014-08-19","2017-01-15","NEON.BET.D05.000167","SYNIMP","Animalia","Arthropoda","Insecta","Coleoptera","Carabidae","Harpalinae","Sphodrini","Synuchus",,"impunctatus",,"Synuchus impunctatus","Say","species",,"F",,"Lindroth, C. H. 1969. The ground-beetles (Carabidae, excl. Cicindelinae) of Canada and Alaska, parts 1-6. Opuscula E. Entomoligiska Sallskapet.","Kipling Will","Essig Museum of Entomology",,"No known compromise","N",,
"d0d1e221-972f-4758-ba50-209bcceafb84","UNDE_008.basePlot.bet","D05","UNDE","UNDE_008","2014-08-05","2014-08-19","2017-01-15","NEON.BET.D05.000170","SYNIMP","Animalia","Arthropoda","Insecta","Coleoptera","Carabidae","Harpalinae","Sphodrini","Synuchus",,"impunctatus",,"Synuchus impunctatus","Say","species",,"F",,"Lindroth, C. H. 1969. The ground-beetles (Carabidae, excl. Cicindelinae) of Canada and Alaska, parts 1-6. Opuscula E. Entomoligiska Sallskapet.","Kipling Will","Essig Museum of Entomology",,"No known compromise","N",,
"cc57ba99-f0ef-499f-97a0-ead59d794c86","UNDE_006.basePlot.bet","D05","UNDE","UNDE_006","2014-08-05","2014-08-19","2017-01-15","NEON.BET.D05.000182","PTEMEL","Animalia","Arthropoda","Insecta","Coleoptera","Carabidae","Harpalinae","Pterostichini","Pterostichus","Morphnosoma","melanarius","melanarius","Pterostichus melanarius melanarius","Illiger","subspecies",,"F",,"Lindroth, C. H. 1969. The ground-beetles (Carabidae, excl. Cicindelinae) of Canada and Alaska, parts 1-6. Opuscula E. Entomoligiska Sallskapet.","Kipling Will","Essig Museum of Entomology",,"No known compromise","N",,
"075ff0e1-a32f-4468-b713-39a2af7ce551","UNDE_006.basePlot.bet","D05","UNDE","UNDE_006","2014-08-05","2014-08-19","2017-01-15","NEON.BET.D05.000181","SYNIMP","Animalia","Arthropoda","Insecta","Coleoptera","Carabidae","Harpalinae","Sphodrini","Synuchus",,"impunctatus",,"Synuchus impunctatus","Say","species",,"F",,"Lindroth, C. H. 1969. The ground-beetles (Carabidae, excl. Cicindelinae) of Canada and Alaska, parts 1-6. Opuscula E. Entomoligiska Sallskapet.","Kipling Will","Essig Museum of Entomology",,"No known compromise","N",,
"64e668bd-3614-47c3-82b0-0810e04b63d7","UNDE_006.basePlot.bet","D05","UNDE","UNDE_006","2014-08-05","2014-08-19","2017-01-15","NEON.BET.D05.000178","SYNIMP","Animalia","Arthropoda","Insecta","Coleoptera","Carabidae","Harpalinae","Sphodrini","Synuchus",,"impunctatus",,"Synuchus impunctatus","Say","species",,"F",,"Lindroth, C. H. 1969. The ground-beetles (Carabidae, excl. Cicindelinae) of Canada and Alaska, parts 1-6. Opuscula E. Entomoligiska Sallskapet.","Kipling Will","Essig Museum of Entomology",,"No known compromise","N",,
"2cc24623-7228-41ae-8b7d-f1625e8e2b8a","UNDE_006.basePlot.bet","D05","UNDE","UNDE_006","2014-08-05","2014-08-19","2017-01-15","NEON.BET.D05.000180","SYNIMP","Animalia","Arthropoda","Insecta","Coleoptera","Carabidae","Harpalinae","Sphodrini","Synuchus",,"impunctatus",,"Synuchus impunctatus","Say","species",,"F",,"Lindroth, C. H. 1969. The ground-beetles (Carabidae, excl. Cicindelinae) of Canada and Alaska, parts 1-6. Opuscula E. Entomoligiska Sallskapet.","Kipling Will","Essig Museum of Entomology",,"No known compromise","N",,
"092cd25b-8f17-4056-b021-e902f751f75d","UNDE_006.basePlot.bet","D05","UNDE","UNDE_006","2014-08-05","2014-08-19","2017-01-15","NEON.BET.D05.000179","SYNIMP","Animalia","Arthropoda","Insecta","Coleoptera","Carabidae","Harpalinae","Sphodrini","Synuchus",,"impunctatus",,"Synuchus impunctatus","Say","species",,"F",,"Lindroth, C. H. 1969. The ground-beetles (Carabidae, excl. Cicindelinae) of Canada and Alaska, parts 1-6. Opuscula E. Entomoligiska Sallskapet.","Kipling Will","Essig Museum of Entomology",,"No known compromise","N",,
"09a1b22f-ca79-4693-8b9f-031baf199efb","UNDE_006.basePlot.bet","D05","UNDE","UNDE_006","2014-08-05","2014-08-19","2017-01-15","NEON.BET.D05.000184","SYNIMP","Animalia","Arthropoda","Insecta","Coleoptera","Carabidae","Harpalinae","Sphodrini","Synuchus",,"impunctatus",,"Synuchus impunctatus","Say","species",,"F",,"Lindroth, C. H. 1969. The ground-beetles (Carabidae, excl. Cicindelinae) of Canada and Alaska, parts 1-6. Opuscula E. Entomoligiska Sallskapet.","Kipling Will","Essig Museum of Entomology",,"No known compromise","N",,
"8351b2d1-1897-4701-8314-81d956315811","UNDE_012.basePlot.bet","D05","UNDE","UNDE_012","2014-08-05","2014-08-19","2017-01-15","NEON.BET.D05.000187","SYNIMP","Animalia","Arthropoda","Insecta","Coleoptera","Carabidae","Harpalinae","Sphodrini","Synuchus",,"impunctatus",,"Synuchus impunctatus","Say","species",,"M",,"Lindroth, C. H. 1969. The ground-beetles (Carabidae, excl. Cicindelinae) of Canada and Alaska, parts 1-6. Opuscula E. Entomoligiska Sallskapet.","Kipling Will","Essig Museum of Entomology",,"No known compromise","N",,
"0f16d4c9-e6af-4407-870a-3c43a658e314","UNDE_012.basePlot.bet","D05","UNDE","UNDE_012","2014-08-05","2014-08-19","2017-01-15","NEON.BET.D05.000185","SYNIMP","Animalia","Arthropoda","Insecta","Coleoptera","Carabidae","Harpalinae","Sphodrini","Synuchus",,"impunctatus",,"Synuchus impunctatus","Say","species",,"F",,"Lindroth, C. H. 1969. The ground-beetles (Carabidae, excl. Cicindelinae) of Canada and Alaska, parts 1-6. Opuscula E. Entomoligiska Sallskapet.","Kipling Will","Essig Museum of Entomology",,"No known compromise","N",,
"7df3e192-c9f5-479e-a1c3-3bcacb62bb7d","UNDE_012.basePlot.bet","D05","UNDE","UNDE_012","2014-08-05","2014-08-19","2017-01-15","NEON.BET.D05.000186","SYNIMP","Animalia","Arthropoda","Insecta","Coleoptera","Carabidae","Harpalinae","Sphodrini","Synuchus",,"impunctatus",,"Synuchus impunctatus","Say","species",,"F",,"Lindroth, C. H. 1969. The ground-beetles (Carabidae, excl. Cicindelinae) of Canada and Alaska, parts 1-6. Opuscula E. Entomoligiska Sallskapet.","Kipling Will","Essig Museum of Entomology",,"No known compromise","N",,
"5da9e982-db11-4961-878a-37ee8b40cbf3","UNDE_012.basePlot.bet","D05","UNDE","UNDE_012","2014-08-05","2014-08-19","2017-01-15","NEON.BET.D05.000189","SYNIMP","Animalia","Arthropoda","Insecta","Coleoptera","Carabidae","Harpalinae","Sphodrini","Synuchus",,"impunctatus",,"Synuchus impunctatus","Say","species",,"M",,"Lindroth, C. H. 1969. The ground-beetles (Carabidae, excl. Cicindelinae) of Canada and Alaska, parts 1-6. Opuscula E. Entomoligiska Sallskapet.","Kipling Will","Essig Museum of Entomology",,"No known compromise","N",,
"dc5697c0-8d7c-46c5-a3b0-d8610dba3a1e","UNDE_012.basePlot.bet","D05","UNDE","UNDE_012","2014-08-05","2014-08-19","2017-01-15","NEON.BET.D05.000192","SYNIMP","Animalia","Arthropoda","Insecta","Coleoptera","Carabidae","Harpalinae","Sphodrini","Synuchus",,"impunctatus",,"Synuchus impunctatus","Say","species",,"F",,"Lindroth, C. H. 1969. The ground-beetles (Carabidae, excl. Cicindelinae) of Canada and Alaska, parts 1-6. Opuscula E. Entomoligiska Sallskapet.","Kipling Will","Essig Museum of Entomology",,"No known compromise","N",,
"8b8ff83f-804d-4af3-89fe-3e297ec64b08","UNDE_012.basePlot.bet","D05","UNDE","UNDE_012","2014-08-05","2014-08-19","2017-01-15","NEON.BET.D05.000191","SYNIMP","Animalia","Arthropoda","Insecta","Coleoptera","Carabidae","Harpalinae","Sphodrini","Synuchus",,"impunctatus",,"Synuchus impunctatus","Say","species",,"F",,"Lindroth, C. H. 1969. The ground-beetles (Carabidae, excl. Cicindelinae) of Canada and Alaska, parts 1-6. Opuscula E. Entomoligiska Sallskapet.","Kipling Will","Essig Museum of Entomology",,"No known compromise","N",,
"2b8962c6-7937-4951-8b95-01702f053c8d","UNDE_012.basePlot.bet","D05","UNDE","UNDE_012","2014-08-05","2014-08-19","2017-01-15","NEON.BET.D05.000190","SYNIMP","Animalia","Arthropoda","Insecta","Coleoptera","Carabidae","Harpalinae","Sphodrini","Synuchus",,"impunctatus",,"Synuchus impunctatus","Say","species",,"F",,"Lindroth, C. H. 1969. The ground-beetles (Carabidae, excl. Cicindelinae) of Canada and Alaska, parts 1-6. Opuscula E. Entomoligiska Sallskapet.","Kipling Will","Essig Museum of Entomology",,"No known compromise","N",,
"47a7713a-ac8c-4dee-b06e-653efae7856a","UNDE_008.basePlot.bet","D05","UNDE","UNDE_008","2014-08-05","2014-08-19","2017-01-15","NEON.BET.D05.000232","SYNIMP","Animalia","Arthropoda","Insecta","Coleoptera","Carabidae","Harpalinae","Sphodrini","Synuchus",,"impunctatus",,"Synuchus impunctatus","Say","species",,"M",,"Lindroth, C. H. 1969. The ground-beetles (Carabidae, excl. Cicindelinae) of Canada and Alaska, parts 1-6. Opuscula E. Entomoligiska Sallskapet.","Kipling Will","Essig Museum of Entomology",,"No known compromise","N",,
"6810caf6-0a17-4a03-b05b-437b0302d2b7","UNDE_008.basePlot.bet","D05","UNDE","UNDE_008","2014-08-05","2014-08-19","2017-01-15","NEON.BET.D05.000230","SYNIMP","Animalia","Arthropoda","Insecta","Coleoptera","Carabidae","Harpalinae","Sphodrini","Synuchus",,"impunctatus",,"Synuchus impunctatus","Say","species",,"F",,"Lindroth, C. H. 1969. The ground-beetles (Carabidae, excl. Cicindelinae) of Canada and Alaska, parts 1-6. Opuscula E. Entomoligiska Sallskapet.","Kipling Will","Essig Museum of Entomology",,"No known compromise","N",,
"5288afd1-3f6e-4904-a642-ca5e439af857","UNDE_008.basePlot.bet","D05","UNDE","UNDE_008","2014-08-05","2014-08-19","2017-01-15","NEON.BET.D05.000231","SYNIMP","Animalia","Arthropoda","Insecta","Coleoptera","Carabidae","Harpalinae","Sphodrini","Synuchus",,"impunctatus",,"Synuchus impunctatus","Say","species",,"F",,"Lindroth, C. H. 1969. The ground-beetles (Carabidae, excl. Cicindelinae) of Canada and Alaska, parts 1-6. Opuscula E. Entomoligiska Sallskapet.","Kipling Will","Essig Museum of Entomology",,"No known compromise","N",,
"c7db2def-2973-4cd4-b39a-bb69206f0e02","UNDE_008.basePlot.bet","D05","UNDE","UNDE_008","2014-08-05","2014-08-19","2017-01-15","NEON.BET.D05.000234","PTECOR1","Animalia","Arthropoda","Insecta","Coleoptera","Carabidae","Harpalinae","Pterostichini","Pterostichus","Euferonia","coracinus",,"Pterostichus coracinus","Newman","species",,"F",,"Lindroth, C. H. 1969. The ground-beetles (Carabidae, excl. Cicindelinae) of Canada and Alaska, parts 1-6. Opuscula E. Entomoligiska Sallskapet.","Kipling Will","Essig Museum of Entomology",,"No known compromise","N",,
"2a8612eb-9818-4a34-ac88-a4c39b248853","UNDE_008.basePlot.bet","D05","UNDE","UNDE_008","2014-08-05","2014-08-19","2017-01-15","NEON.BET.D05.000233","PTECOR1","Animalia","Arthropoda","Insecta","Coleoptera","Carabidae","Harpalinae","Pterostichini","Pterostichus","Euferonia","coracinus",,"Pterostichus coracinus","Newman","species",,"F",,"Lindroth, C. H. 1969. The ground-beetles (Carabidae, excl. Cicindelinae) of Canada and Alaska, parts 1-6. Opuscula E. Entomoligiska Sallskapet.","Kipling Will","Essig Museum of Entomology",,"No known compromise","N",,
"fef64b73-8282-4407-b0ff-aba643c1a536","UNDE_001.basePlot.bet","D05","UNDE","UNDE_001","2014-08-05","2014-08-19","2017-01-15","NEON.BET.D05.000198","SYNIMP","Animalia","Arthropoda","Insecta","Coleoptera","Carabidae","Harpalinae","Sphodrini","Synuchus",,"impunctatus",,"Synuchus impunctatus","Say","species",,"F",,"Lindroth, C. H. 1969. The ground-beetles (Carabidae, excl. Cicindelinae) of Canada and Alaska, parts 1-6. Opuscula E. Entomoligiska Sallskapet.","Kipling Will","Essig Museum of Entomology",,"No known compromise","N",,
"f59735c6-75c0-4936-93af-9f3e9b068d4b","UNDE_001.basePlot.bet","D05","UNDE","UNDE_001","2014-08-05","2014-08-19","2017-01-15","NEON.BET.D05.000196","SYNIMP","Animalia","Arthropoda","Insecta","Coleoptera","Carabidae","Harpalinae","Sphodrini","Synuchus",,"impunctatus",,"Synuchus impunctatus","Say","species",,"M",,"Lindroth, C. H. 1969. The ground-beetles (Carabidae, excl. Cicindelinae) of Canada and Alaska, parts 1-6. Opuscula E. Entomoligiska Sallskapet.","Kipling Will","Essig Museum of Entomology",,"No known compromise","N",,
"35084949-e27f-4045-b0c7-f19c06590793","UNDE_001.basePlot.bet","D05","UNDE","UNDE_001","2014-08-05","2014-08-19","2017-01-15","NEON.BET.D05.000200","SYNIMP","Animalia","Arthropoda","Insecta","Coleoptera","Carabidae","Harpalinae","Sphodrini","Synuchus",,"impunctatus",,"Synuchus impunctatus","Say","species",,"M",,"Lindroth, C. H. 1969. The ground-beetles (Carabidae, excl. Cicindelinae) of Canada and Alaska, parts 1-6. Opuscula E. Entomoligiska Sallskapet.","Kipling Will","Essig Museum of Entomology",,"No known compromise","N",,
"fa94b2e6-3618-40a8-8c25-07d09f229b41","UNDE_001.basePlot.bet","D05","UNDE","UNDE_001","2014-08-05","2014-08-19","2017-01-15","NEON.BET.D05.000195","SYNIMP","Animalia","Arthropoda","Insecta","Coleoptera","Carabidae","Harpalinae","Sphodrini","Synuchus",,"impunctatus",,"Synuchus impunctatus","Say","species",,"F",,"Lindroth, C. H. 1969. The ground-beetles (Carabidae, excl. Cicindelinae) of Canada and Alaska, parts 1-6. Opuscula E. Entomoligiska Sallskapet.","Kipling Will","Essig Museum of Entomology",,"No known compromise","N",,
"63547697-131a-4c37-b750-e367ec6b1a50","UNDE_001.basePlot.bet","D05","UNDE","UNDE_001","2014-08-05","2014-08-19","2017-01-15","NEON.BET.D05.000197","SYNIMP","Animalia","Arthropoda","Insecta","Coleoptera","Carabidae","Harpalinae","Sphodrini","Synuchus",,"impunctatus",,"Synuchus impunctatus","Say","species",,"M",,"Lindroth, C. H. 1969. The ground-beetles (Carabidae, excl. Cicindelinae) of Canada and Alaska, parts 1-6. Opuscula E. Entomoligiska Sallskapet.","Kipling Will","Essig Museum of Entomology",,"No known compromise","N",,
"96609510-6769-44c5-a621-080afac0f3ce","UNDE_001.basePlot.bet","D05","UNDE","UNDE_001","2014-08-05","2014-08-19","2017-01-15","NEON.BET.D05.000194","SYNIMP","Animalia","Arthropoda","Insecta","Coleoptera","Carabidae","Harpalinae","Sphodrini","Synuchus",,"impunctatus",,"Synuchus impunctatus","Say","species",,"F",,"Lindroth, C. H. 1969. The ground-beetles (Carabidae, excl. Cicindelinae) of Canada and Alaska, parts 1-6. Opuscula E. Entomoligiska Sallskapet.","Kipling Will","Essig Museum of Entomology",,"No known compromise","N",,
"003d5907-e2b0-4af9-9375-3666bc40164a","UNDE_001.basePlot.bet","D05","UNDE","UNDE_001","2014-08-05","2014-08-19","2017-01-15","NEON.BET.D05.000193","PTECOR1","Animalia","Arthropoda","Insecta","Coleoptera","Carabidae","Harpalinae","Pterostichini","Pterostichus","Euferonia","coracinus",,"Pterostichus coracinus","Newman","species",,"M",,"Lindroth, C. H. 1969. The ground-beetles (Carabidae, excl. Cicindelinae) of Canada and Alaska, parts 1-6. Opuscula E. Entomoligiska Sallskapet.","Kipling Will","Essig Museum of Entomology",,"No known compromise","N",,
"80979853-5268-4e6e-a077-f90ca84c0f8f","UNDE_001.basePlot.bet","D05","UNDE","UNDE_001","2014-08-05","2014-08-19","2017-01-15","NEON.BET.D05.000199","SYNIMP","Animalia","Arthropoda","Insecta","Coleoptera","Carabidae","Harpalinae","Sphodrini","Synuchus",,"impunctatus",,"Synuchus impunctatus","Say","species",,"F",,"Lindroth, C. H. 1969. The ground-beetles (Carabidae, excl. Cicindelinae) of Canada and Alaska, parts 1-6. Opuscula E. Entomoligiska Sallskapet.","Kipling Will","Essig Museum of Entomology",,"No known compromise","N",,
"0737b5c8-a7e7-4585-ba42-59749d6eee64","UNDE_010.basePlot.bet","D05","UNDE","UNDE_010","2014-08-05","2014-08-19","2017-01-15","NEON.BET.D05.000217","SYNIMP","Animalia","Arthropoda","Insecta","Coleoptera","Carabidae","Harpalinae","Sphodrini","Synuchus",,"impunctatus",,"Synuchus impunctatus","Say","species",,"F",,"Lindroth, C. H. 1969. The ground-beetles (Carabidae, excl. Cicindelinae) of Canada and Alaska, parts 1-6. Opuscula E. Entomoligiska Sallskapet.","Kipling Will","Essig Museum of Entomology",,"No known compromise","N",,
"4fa1ead8-a2c2-4d43-8791-80f325741ae9","UNDE_010.basePlot.bet","D05","UNDE","UNDE_010","2014-08-05","2014-08-19","2017-01-15","NEON.BET.D05.000215","SYNIMP","Animalia","Arthropoda","Insecta","Coleoptera","Carabidae","Harpalinae","Sphodrini","Synuchus",,"impunctatus",,"Synuchus impunctatus","Say","species",,"M",,"Lindroth, C. H. 1969. The ground-beetles (Carabidae, excl. Cicindelinae) of Canada and Alaska, parts 1-6. Opuscula E. Entomoligiska Sallskapet.","Kipling Will","Essig Museum of Entomology",,"No known compromise","N",,
"6d4b5f03-0b45-47ef-96b3-158885aecce2","UNDE_010.basePlot.bet","D05","UNDE","UNDE_010","2014-08-05","2014-08-19","2017-01-15","NEON.BET.D05.000206","SYNIMP","Animalia","Arthropoda","Insecta","Coleoptera","Carabidae","Harpalinae","Sphodrini","Synuchus",,"impunctatus",,"Synuchus impunctatus","Say","species",,"M",,"Lindroth, C. H. 1969. The ground-beetles (Carabidae, excl. Cicindelinae) of Canada and Alaska, parts 1-6. Opuscula E. Entomoligiska Sallskapet.","Kipling Will","Essig Museum of Entomology",,"No known compromise","N",,
"02d92174-9f67-4610-9fa2-1f3fbbf05088","UNDE_010.basePlot.bet","D05","UNDE","UNDE_010","2014-08-05","2014-08-19","2017-01-15","NEON.BET.D05.000211","SYNIMP","Animalia","Arthropoda","Insecta","Coleoptera","Carabidae","Harpalinae","Sphodrini","Synuchus",,"impunctatus",,"Synuchus impunctatus","Say","species",,"F",,"Lindroth, C. H. 1969. The ground-beetles (Carabidae, excl. Cicindelinae) of Canada and Alaska, parts 1-6. Opuscula E. Entomoligiska Sallskapet.","Kipling Will","Essig Museum of Entomology",,"No known compromise","N",,
"50bb07b7-27f4-4afa-973e-2df126fc3cc3","UNDE_010.basePlot.bet","D05","UNDE","UNDE_010","2014-08-05","2014-08-19","2017-01-15","NEON.BET.D05.000202","SYNIMP","Animalia","Arthropoda","Insecta","Coleoptera","Carabidae","Harpalinae","Sphodrini","Synuchus",,"impunctatus",,"Synuchus impunctatus","Say","species",,"M",,"Lindroth, C. H. 1969. The ground-beetles (Carabidae, excl. Cicindelinae) of Canada and Alaska, parts 1-6. Opuscula E. Entomoligiska Sallskapet.","Kipling Will","Essig Museum of Entomology",,"No known compromise","N",,
"4bdcd31c-c13c-4fcf-bb65-1208c69fd76c","UNDE_010.basePlot.bet","D05","UNDE","UNDE_010","2014-08-05","2014-08-19","2017-01-15","NEON.BET.D05.000203","SYNIMP","Animalia","Arthropoda","Insecta","Coleoptera","Carabidae","Harpalinae","Sphodrini","Synuchus",,"impunctatus",,"Synuchus impunctatus","Say","species",,"F",,"Lindroth, C. H. 1969. The ground-beetles (Carabidae, excl. Cicindelinae) of Canada and Alaska, parts 1-6. Opuscula E. Entomoligiska Sallskapet.","Kipling Will","Essig Museum of Entomology",,"No known compromise","N",,
"f65f9e3a-6813-4b71-88b1-d7b0ac7061f3","UNDE_010.basePlot.bet","D05","UNDE","UNDE_010","2014-08-05","2014-08-19","2017-01-15","NEON.BET.D05.000204","SYNIMP","Animalia","Arthropoda","Insecta","Coleoptera","Carabidae","Harpalinae","Sphodrini","Synuchus",,"impunctatus",,"Synuchus impunctatus","Say","species",,"F",,"Lindroth, C. H. 1969. The ground-beetles (Carabidae, excl. Cicindelinae) of Canada and Alaska, parts 1-6. Opuscula E. Entomoligiska Sallskapet.","Kipling Will","Essig Museum of Entomology",,"No known compromise","N",,
"57336063-7f1f-498f-90f4-f324ec05f67c","UNDE_010.basePlot.bet","D05","UNDE","UNDE_010","2014-08-05","2014-08-19","2017-01-15","NEON.BET.D05.000218","SYNIMP","Animalia","Arthropoda","Insecta","Coleoptera","Carabidae","Harpalinae","Sphodrini","Synuchus",,"impunctatus",,"Synuchus impunctatus","Say","species",,"F",,"Lindroth, C. H. 1969. The ground-beetles (Carabidae, excl. Cicindelinae) of Canada and Alaska, parts 1-6. Opuscula E. Entomoligiska Sallskapet.","Kipling Will","Essig Museum of Entomology",,"No known compromise","N",,
"5dc48720-0599-4d72-a68f-53fd814ab9ef","UNDE_010.basePlot.bet","D05","UNDE","UNDE_010","2014-08-05","2014-08-19","2017-01-15","NEON.BET.D05.000212","SYNIMP","Animalia","Arthropoda","Insecta","Coleoptera","Carabidae","Harpalinae","Sphodrini","Synuchus",,"impunctatus",,"Synuchus impunctatus","Say","species",,"F",,"Lindroth, C. H. 1969. The ground-beetles (Carabidae, excl. Cicindelinae) of Canada and Alaska, parts 1-6. Opuscula E. Entomoligiska Sallskapet.","Kipling Will","Essig Museum of Entomology",,"No known compromise","N",,
"68d6727c-180e-4e2a-8e5d-c6f2d895e0ff","UNDE_010.basePlot.bet","D05","UNDE","UNDE_010","2014-08-05","2014-08-19","2017-01-15","NEON.BET.D05.000208","SYNIMP","Animalia","Arthropoda","Insecta","Coleoptera","Carabidae","Harpalinae","Sphodrini","Synuchus",,"impunctatus",,"Synuchus impunctatus","Say","species",,"M",,"Lindroth, C. H. 1969. The ground-beetles (Carabidae, excl. Cicindelinae) of Canada and Alaska, parts 1-6. Opuscula E. Entomoligiska Sallskapet.","Kipling Will","Essig Museum of Entomology",,"No known compromise","N",,
"4620e3b6-2a8a-4a07-b974-ff3a794eb93d","UNDE_010.basePlot.bet","D05","UNDE","UNDE_010","2014-08-05","2014-08-19","2017-01-15","NEON.BET.D05.000201","SYNIMP","Animalia","Arthropoda","Insecta","Coleoptera","Carabidae","Harpalinae","Sphodrini","Synuchus",,"impunctatus",,"Synuchus impunctatus","Say","species",,"M",,"Lindroth, C. H. 1969. The ground-beetles (Carabidae, excl. Cicindelinae) of Canada and Alaska, parts 1-6. Opuscula E. Entomoligiska Sallskapet.","Kipling Will","Essig Museum of Entomology",,"No known compromise","N",,
"213f90e3-a9a4-4c97-9aa2-9aba32831a38","UNDE_010.basePlot.bet","D05","UNDE","UNDE_010","2014-08-05","2014-08-19","2017-01-15","NEON.BET.D05.000209","SYNIMP","Animalia","Arthropoda","Insecta","Coleoptera","Carabidae","Harpalinae","Sphodrini","Synuchus",,"impunctatus",,"Synuchus impunctatus","Say","species",,"M",,"Lindroth, C. H. 1969. The ground-beetles (Carabidae, excl. Cicindelinae) of Canada and Alaska, parts 1-6. Opuscula E. Entomoligiska Sallskapet.","Kipling Will","Essig Museum of Entomology",,"No known compromise","N",,
"b277966e-fc5e-4d01-aa63-eb81ab027153","UNDE_010.basePlot.bet","D05","UNDE","UNDE_010","2014-08-05","2014-08-19","2017-01-15","NEON.BET.D05.000205","PTEMEL","Animalia","Arthropoda","Insecta","Coleoptera","Carabidae","Harpalinae","Pterostichini","Pterostichus","Morphnosoma","melanarius","melanarius","Pterostichus melanarius melanarius","Illiger","subspecies",,"F",,"Lindroth, C. H. 1969. The ground-beetles (Carabidae, excl. Cicindelinae) of Canada and Alaska, parts 1-6. Opuscula E. Entomoligiska Sallskapet.","Kipling Will","Essig Museum of Entomology",,"No known compromise","N",,
"4650758a-4c1e-444f-9415-bec4fcdc192b","UNDE_010.basePlot.bet","D05","UNDE","UNDE_010","2014-08-05","2014-08-19","2017-01-15","NEON.BET.D05.000214","SYNIMP","Animalia","Arthropoda","Insecta","Coleoptera","Carabidae","Harpalinae","Sphodrini","Synuchus",,"impunctatus",,"Synuchus impunctatus","Say","species",,"F",,"Lindroth, C. H. 1969. The ground-beetles (Carabidae, excl. Cicindelinae) of Canada and Alaska, parts 1-6. Opuscula E. Entomoligiska Sallskapet.","Kipling Will","Essig Museum of Entomology",,"No known compromise","N",,
"621bb4c3-1f3d-48fa-96c1-e69e113b7bff","UNDE_010.basePlot.bet","D05","UNDE","UNDE_010","2014-08-05","2014-08-19","2017-01-15","NEON.BET.D05.000207","SYNIMP","Animalia","Arthropoda","Insecta","Coleoptera","Carabidae","Harpalinae","Sphodrini","Synuchus",,"impunctatus",,"Synuchus impunctatus","Say","species",,"F",,"Lindroth, C. H. 1969. The ground-beetles (Carabidae, excl. Cicindelinae) of Canada and Alaska, parts 1-6. Opuscula E. Entomoligiska Sallskapet.","Kipling Will","Essig Museum of Entomology",,"No known compromise","N",,
"b1b02666-d7ee-42b5-bdd1-809965cdd467","UNDE_010.basePlot.bet","D05","UNDE","UNDE_010","2014-08-05","2014-08-19","2017-01-15","NEON.BET.D05.000219","SYNIMP","Animalia","Arthropoda","Insecta","Coleoptera","Carabidae","Harpalinae","Sphodrini","Synuchus",,"impunctatus",,"Synuchus impunctatus","Say","species",,"M",,"Lindroth, C. H. 1969. The ground-beetles (Carabidae, excl. Cicindelinae) of Canada and Alaska, parts 1-6. Opuscula E. Entomoligiska Sallskapet.","Kipling Will","Essig Museum of Entomology",,"No known compromise","N",,
"59e26f1c-e33f-422f-ba6e-a8f2c3fb82c8","UNDE_010.basePlot.bet","D05","UNDE","UNDE_010","2014-08-05","2014-08-19","2017-01-15","NEON.BET.D05.000213","SYNIMP","Animalia","Arthropoda","Insecta","Coleoptera","Carabidae","Harpalinae","Sphodrini","Synuchus",,"impunctatus",,"Synuchus impunctatus","Say","species",,"F",,"Lindroth, C. H. 1969. The ground-beetles (Carabidae, excl. Cicindelinae) of Canada and Alaska, parts 1-6. Opuscula E. Entomoligiska Sallskapet.","Kipling Will","Essig Museum of Entomology",,"No known compromise","N",,
"4bedacb9-6f12-4f95-84fa-4186dd8ac1ac","UNDE_010.basePlot.bet","D05","UNDE","UNDE_010","2014-08-05","2014-08-19","2017-01-15","NEON.BET.D05.000210","SYNIMP","Animalia","Arthropoda","Insecta","Coleoptera","Carabidae","Harpalinae","Sphodrini","Synuchus",,"impunctatus",,"Synuchus impunctatus","Say","species",,"M",,"Lindroth, C. H. 1969. The ground-beetles (Carabidae, excl. Cicindelinae) of Canada and Alaska, parts 1-6. Opuscula E. Entomoligiska Sallskapet.","Kipling Will","Essig Museum of Entomology",,"No known compromise","N",,
