uid,namedLocation,domainID,siteID,plotID,setDate,collectDate,processingDate,subsampleIDList,archiveVialID,scientificName,recordedBy,remarks
"f4fecabc-8ed4-4b70-a6fa-1cfabd1f6707","UNDE_011.basePlot.bet","D05","UNDE","UNDE_011","2014-08-05","2014-08-19","2014-09-23","0Ya1AWR2lPgwAzkVThZeiGbcNo7K+r9Y85OAeoj/x0gaOYEtQ7zFENr3aV2r1rMiRGn3Jb2pkUGHuCiSWFYF1rAml0m1pTdUX8YHZmEJEmojpp0ACJ735u3NO66rvqYWctU2eX6R28I=","0Ya1AWR2lPjvS7EOEZ76WmDe8pxu1ODH",,,
"f5468253-e222-49fa-8619-f4b15926d3a9","UNDE_012.basePlot.bet","D05","UNDE","UNDE_012","2014-08-05","2014-08-19","2014-09-23","+v0vuVmyR4CfwPxf1Y3Bz0ljJqYFEiBYz1ED8RV6oYgL80sbqJXjOe6+3eo+EjtV2M2+/avFQmZhE3j+LB2y6aZRF/4/7gxm8J+saDzS4q8MkPyBa1iWAPckQy1BjU92m+evzQAkqmU=","+v0vuVmyR4CgVweqlI66pEyXSZ4LoiuK",,,
"d0ed93a7-20ec-4b0c-a159-68fc9e7123f8","UNDE_003.basePlot.bet","D05","UNDE","UNDE_003","2014-08-05","2014-08-19","2014-09-23","UKgrtiGQYSAbfNv8cd1yenXxZRJUPGsPdDeMAPODhq6VSMgnanI0Jw8FJ9Rs4JZduFPHm3ZxmUeogggYBypzd3aDyw8hGcvkBib07S3S8MFW+rrDRFsxmOkFE4vQJ6PrJtcM4AHPDzQ=","UKgrtiGQYSDHvpWq+/IKyAMxXJBNUooE",,,
"27fe8b4c-e70c-4a3f-a49f-eeb867e45201","UNDE_008.basePlot.bet","D05","UNDE","UNDE_008","2014-08-05","2014-08-19","2014-09-23","MjA7sUqH2CbDGuNqiE7zzynKUJkRk2l4VZcQyYSsB1WgTe48Agop3J9cOImeNiwNSLv6DxXbFA13ade0SLyMw/uf3AvSfQSrbeLaHfVBJO+rKjiuQExiC8H3nQlO30PE9wplbHwgDzs=","MjA7sUqH2CbD7nbD95lRndrnaHa0tNIV",,,
"77c5e5d4-bb23-4676-9a7a-44913796686d","UNDE_010.basePlot.bet","D05","UNDE","UNDE_010","2014-08-05","2014-08-19","2014-09-23","hQDJ3TYDfow81smUVxo/R73FbRWUantem368Eu2gzy2hrM2rWVmGXyvSsa4qdAoCbmepiI0X8+a+0z04w91VbnKZwIwTflVnehFPKKMfaYeNs+H/E8W3zPi+CImAqNJTJtdf3qS3Zs0=","hQDJ3TYDfoxYgcicoaKk5LRO55vwD/an",,,
