uid,namedLocation,domainID,siteID,plotID,trapID,setDate,collectDate,processingDate,identifiedDate,subsampleID,individualID,taxonID,scientificName,taxonRank,identificationQualifier,scientificNameAuthorship,morphospeciesID,identificationReferences,totalLength,identifiedBy,recordedBy,remarks
"d3f816f8-4d06-4353-b328-75349e86f4f4","UNDE_001.basePlot.bet","D05","UNDE","UNDE_001","W","2014-08-05","2014-08-19","2014-11-20","2014-12-01","kh3xmoTmJnCZnwbcxVK+p1ZlNpGM0HLFi812mSKNaNY=","NEON.BET.D05.000196","CARSP14","Carabidae sp.","family",,"Latreille","D05.2014.MorphJ","Arnett Jr., R. H., and M. C. Thomas. 2001. American Beetles Archosemata, Myxophaga, Adephaga, Polyphaga: Staphyliniformia. 1st Vol. (C. Press, Ed.). 1st Ed. Boca Raton, FL.",,"Syw2LXB/pj+fmGCuwdgBGVryVUmYhw3g","Syw2LXB/pj+fmGCuwdgBGVryVUmYhw3g","~10mm. Sparse setea on integument. Color is reddish-brown with legs, antennae and pronotum edges lighter. Anterior coxal cavities open posteriorly, distinguished from N. pallipes by lack or red spots on head. Tribe Lebiini, probably genus Dromius."
"9a29e3f5-52b4-4692-a956-688e3e31c73e","UNDE_011.basePlot.bet","D05","UNDE","UNDE_011","W","2014-08-05","2014-08-19","2014-10-28","2014-11-21","0Ya1AWR2lPiELWVEy08kj1tgaD/c/sOVu4jU5mJPgTk=","NEON.BET.D05.000008","SPHSTE1","Sphaeroderus stenostomus lecontei","subspecies",,"Dejean",,"Arnett Jr., R. H., and M. C. Thomas. 2001. American Beetles Archosemata, Myxophaga, Adephaga, Polyphaga: Staphyliniformia. 1st Vol. (C. Press, Ed.). 1st Ed. Boca Raton, FL.",,"Syw2LXB/pj+fmGCuwdgBGVryVUmYhw3g","Syw2LXB/pj+fmGCuwdgBGVryVUmYhw3g",
"308bf4c6-e454-4c22-8fe5-098221a8c8dc","UNDE_008.basePlot.bet","D05","UNDE","UNDE_008","W","2014-08-05","2014-08-19","2014-11-20","2014-12-01","MjA7sUqH2CY9mjiocx3iSBIGUh4H7IyD1yJMljA7lFU=","NEON.BET.D05.000166","CARSP14","Carabidae sp.","family",,"Latreille","D05.2014.MorphJ","Arnett Jr., R. H., and M. C. Thomas. 2001. American Beetles Archosemata, Myxophaga, Adephaga, Polyphaga: Staphyliniformia. 1st Vol. (C. Press, Ed.). 1st Ed. Boca Raton, FL.",,"Syw2LXB/pj+fmGCuwdgBGVryVUmYhw3g","Syw2LXB/pj+fmGCuwdgBGVryVUmYhw3g","~10mm. Sparse setea on integument. Color is reddish-brown with legs, antennae and pronotum edges lighter. Anterior coxal cavities open posteriorly, distinguished from N. pallipes by lack or red spots on head. Tribe Lebiini, probably genus Dromius."
"84f94910-1815-45ec-b5c3-aa1d8ce8d2f9","UNDE_006.basePlot.bet","D05","UNDE","UNDE_006","W","2014-08-05","2014-08-19","2014-11-17","2014-11-21","izIYmtFoQUhjUT/hK7YRXl9jtA+4lm4lDqAjeAIR8/o=","NEON.BET.D05.000077","CARSP14","Carabidae sp.","family",,"Latreille","D05.2014.MorphA","Arnett Jr., R. H., and M. C. Thomas. 2001. American Beetles Archosemata, Myxophaga, Adephaga, Polyphaga: Staphyliniformia. 1st Vol. (C. Press, Ed.). 1st Ed. Boca Raton, FL.",,"Syw2LXB/pj+fmGCuwdgBGVryVUmYhw3g","Syw2LXB/pj+fmGCuwdgBGVryVUmYhw3g","Believe to be cysod2, but not 100% sure the genus is correct (cg). 16-21mm, differs from ptecor1 by tooth at basal angle of pronotum."
"cd0ef418-8daa-48d4-aa35-f26a3fdf1282","UNDE_007.basePlot.bet","D05","UNDE","UNDE_007","W","2014-08-05","2014-08-19","2014-11-17","2014-12-01","sj+sxzQpSGClubvaSd12JVr7HI5fuhmvdw8F4MK7o/w=","NEON.BET.D05.000079","CARSP14","Carabidae sp.","family",,"Latreille","D05.2014.MorphJ","Arnett Jr., R. H., and M. C. Thomas. 2001. American Beetles Archosemata, Myxophaga, Adephaga, Polyphaga: Staphyliniformia. 1st Vol. (C. Press, Ed.). 1st Ed. Boca Raton, FL.",,"Syw2LXB/pj+fmGCuwdgBGVryVUmYhw3g","Syw2LXB/pj+fmGCuwdgBGVryVUmYhw3g","~10mm. Sparse setea on integument. Color is reddish-brown with legs, antennae and pronotum edges lighter. Anterior coxal cavities open posteriorly, distinguished from N. pallipes by lack or red spots on head. Tribe Lebiini, probably genus Dromius."
"42d65b83-d01f-4386-8800-c61ff78c959f","UNDE_003.basePlot.bet","D05","UNDE","UNDE_003","W","2014-08-05","2014-08-19","2014-11-17","2014-11-21","UKgrtiGQYSDxJBWCvOCYwxfIvL05+rp4dugMmi1Sg8Y=","NEON.BET.D05.000083","CARSP14","Carabidae sp.","family",,"Latreille","D05.2014.MorphA","Arnett Jr., R. H., and M. C. Thomas. 2001. American Beetles Archosemata, Myxophaga, Adephaga, Polyphaga: Staphyliniformia. 1st Vol. (C. Press, Ed.). 1st Ed. Boca Raton, FL.",,"Syw2LXB/pj+fmGCuwdgBGVryVUmYhw3g","Syw2LXB/pj+fmGCuwdgBGVryVUmYhw3g","Believe to be cysod2, but not 100% sure the genus is correct (cg). 16-21mm, differs from ptecor1 by tooth at basal angle of pronotum."
"d7a0d2c2-799e-4eea-af56-1e8d8546e8a4","UNDE_017.basePlot.bet","D05","UNDE","UNDE_017","W","2014-08-05","2014-08-19","2014-11-20","2014-11-21","xHY1KmNCr23jcwvXjFj6oxtdp52xh9hIzKHDGsK+e0s=","NEON.BET.D05.000174","CARNEM","Carabus nemoralis nemoralis","subspecies",,"Mueller",,"Evans, A. V. 2014. Beetles of Eastern North America. 1st Ed. Princeton University Press, Princeton, NJ.",,"Syw2LXB/pj+fmGCuwdgBGVryVUmYhw3g","Syw2LXB/pj+fmGCuwdgBGVryVUmYhw3g",
"27fab1d5-12c0-4de4-ac3d-0eef9647cb6c","UNDE_017.basePlot.bet","D05","UNDE","UNDE_017","W","2014-08-05","2014-08-19","2014-11-20","2014-12-01","xHY1KmNCr23jcwvXjFj6oxtdp52xh9hIzKHDGsK+e0s=","NEON.BET.D05.000176","CARSP14","Carabidae sp.","family",,"Latreille","D05.2014.MorphJ","Arnett Jr., R. H., and M. C. Thomas. 2001. American Beetles Archosemata, Myxophaga, Adephaga, Polyphaga: Staphyliniformia. 1st Vol. (C. Press, Ed.). 1st Ed. Boca Raton, FL.",,"Syw2LXB/pj+fmGCuwdgBGVryVUmYhw3g","Syw2LXB/pj+fmGCuwdgBGVryVUmYhw3g","~10mm. Sparse setea on integument. Color is reddish-brown with legs, antennae and pronotum edges lighter. Anterior coxal cavities open posteriorly, distinguished from N. pallipes by lack or red spots on head. Tribe Lebiini, probably genus Dromius."
"fff2da14-84b4-4b38-9490-6bfa3f1567c5","UNDE_001.basePlot.bet","D05","UNDE","UNDE_001","S","2014-08-05","2014-08-19","2014-11-19","2014-12-01","kh3xmoTmJnCNVr/j1vs6nEWnuoSOyvyoYVBznbbdirg=","NEON.BET.D05.000120","CARSP14","Carabidae sp.","family",,"Latreille","D05.2014.MorphJ","Arnett Jr., R. H., and M. C. Thomas. 2001. American Beetles Archosemata, Myxophaga, Adephaga, Polyphaga: Staphyliniformia. 1st Vol. (C. Press, Ed.). 1st Ed. Boca Raton, FL.",,"Syw2LXB/pj+fmGCuwdgBGVryVUmYhw3g","Syw2LXB/pj+fmGCuwdgBGVryVUmYhw3g","~10mm. Sparse setea on integument. Color is reddish-brown with legs, antennae and pronotum edges lighter. Anterior coxal cavities open posteriorly, distinguished from N. pallipes by lack or red spots on head. Tribe Lebiini, probably genus Dromius."
"0c275c5b-1a8d-484c-8d85-eca94f7e1ef0","UNDE_017.basePlot.bet","D05","UNDE","UNDE_017","S","2014-08-05","2014-08-19","2014-11-18","2014-11-21","xHY1KmNCr21FyPYlxR1TdBKMoJo7Ca2r318XaxSho88=","NEON.BET.D05.000103","PTECOR1","Pterostichus coracinus","species",,"Newman",,"Arnett Jr., R. H., and M. C. Thomas. 2001. American Beetles Archosemata, Myxophaga, Adephaga, Polyphaga: Staphyliniformia. 1st Vol. (C. Press, Ed.). 1st Ed. Boca Raton, FL.",,"Syw2LXB/pj+fmGCuwdgBGVryVUmYhw3g","Syw2LXB/pj+fmGCuwdgBGVryVUmYhw3g",
"00d9f06a-3595-4d51-b111-857de6c45662","UNDE_007.basePlot.bet","D05","UNDE","UNDE_007","S","2014-08-05","2014-08-19","2014-11-17","2014-11-21","sj+sxzQpSGB881nYes1roc1dHUPFupCpcu4xSRvySIs=","NEON.BET.D05.000034","CARSP14","Carabidae sp.","family",,"Latreille","D05.2014.MorphA","Arnett Jr., R. H., and M. C. Thomas. 2001. American Beetles Archosemata, Myxophaga, Adephaga, Polyphaga: Staphyliniformia. 1st Vol. (C. Press, Ed.). 1st Ed. Boca Raton, FL.",,"Syw2LXB/pj+fmGCuwdgBGVryVUmYhw3g","Syw2LXB/pj+fmGCuwdgBGVryVUmYhw3g","Believe to be cysod2, but not 100% sure the genus is correct (cg). 16-21mm, differs from ptecor1 by tooth at basal angle of pronotum."
"32e11090-37d0-4a3b-9e97-650fa2781f0b","UNDE_006.basePlot.bet","D05","UNDE","UNDE_006","S","2014-08-05","2014-08-19","2014-11-20","2014-11-21","izIYmtFoQUjYgYhAsKFGirsveGWN/dk4Vpt7ynlm+TI=","NEON.BET.D05.000183","CARSP14","Carabidae sp.","family",,"Latreille","D05.2014.MorphA","Arnett Jr., R. H., and M. C. Thomas. 2001. American Beetles Archosemata, Myxophaga, Adephaga, Polyphaga: Staphyliniformia. 1st Vol. (C. Press, Ed.). 1st Ed. Boca Raton, FL.",,"Syw2LXB/pj+fmGCuwdgBGVryVUmYhw3g","Syw2LXB/pj+fmGCuwdgBGVryVUmYhw3g","Believe to be cysod2, but not 100% sure the genus is correct (cg). 16-21mm, differs from ptecor1 by tooth at basal angle of pronotum."
"0bdc68dc-bb4c-40ac-a3e8-ec3eb1d7cbce","UNDE_008.basePlot.bet","D05","UNDE","UNDE_008","S","2014-08-05","2014-08-19","2014-11-21","2014-12-01","MjA7sUqH2CZmiCtAT77XMm5mXCMVMiM2IlV6oM9SY4s=","NEON.BET.D05.000230","CARSP14","Carabidae sp.","family",,"Latreille","D05.2014.MorphJ","Arnett Jr., R. H., and M. C. Thomas. 2001. American Beetles Archosemata, Myxophaga, Adephaga, Polyphaga: Staphyliniformia. 1st Vol. (C. Press, Ed.). 1st Ed. Boca Raton, FL.",,"Syw2LXB/pj+fmGCuwdgBGVryVUmYhw3g","Syw2LXB/pj+fmGCuwdgBGVryVUmYhw3g","~10mm. Sparse setea on integument. Color is reddish-brown with legs, antennae and pronotum edges lighter. Anterior coxal cavities open posteriorly, distinguished from N. pallipes by lack or red spots on head. Tribe Lebiini, probably genus Dromius."
"066f844b-eb1c-40f4-88a4-5c1e75e30c75","UNDE_001.basePlot.bet","D05","UNDE","UNDE_001","S","2014-08-05","2014-08-19","2014-11-19","2014-12-01","kh3xmoTmJnCNVr/j1vs6nEWnuoSOyvyoYVBznbbdirg=","NEON.BET.D05.000122","CARSP14","Carabidae sp.","family",,"Latreille","D05.2014.MorphJ","Arnett Jr., R. H., and M. C. Thomas. 2001. American Beetles Archosemata, Myxophaga, Adephaga, Polyphaga: Staphyliniformia. 1st Vol. (C. Press, Ed.). 1st Ed. Boca Raton, FL.",,"Syw2LXB/pj+fmGCuwdgBGVryVUmYhw3g","Syw2LXB/pj+fmGCuwdgBGVryVUmYhw3g","~10mm. Sparse setea on integument. Color is reddish-brown with legs, antennae and pronotum edges lighter. Anterior coxal cavities open posteriorly, distinguished from N. pallipes by lack or red spots on head. Tribe Lebiini, probably genus Dromius."
"8c4def05-684c-45b2-a9f9-5d69e5dde2fc","UNDE_001.basePlot.bet","D05","UNDE","UNDE_001","S","2014-08-05","2014-08-19","2014-11-19","2014-12-01","kh3xmoTmJnCNVr/j1vs6nEWnuoSOyvyoYVBznbbdirg=","NEON.BET.D05.000125","CARSP14","Carabidae sp.","family",,"Latreille","D05.2014.MorphJ","Arnett Jr., R. H., and M. C. Thomas. 2001. American Beetles Archosemata, Myxophaga, Adephaga, Polyphaga: Staphyliniformia. 1st Vol. (C. Press, Ed.). 1st Ed. Boca Raton, FL.",,"Syw2LXB/pj+fmGCuwdgBGVryVUmYhw3g","Syw2LXB/pj+fmGCuwdgBGVryVUmYhw3g","~10mm. Sparse setea on integument. Color is reddish-brown with legs, antennae and pronotum edges lighter. Anterior coxal cavities open posteriorly, distinguished from N. pallipes by lack or red spots on head. Tribe Lebiini, probably genus Dromius."
"bb117908-9dfe-40ec-bf5f-febf89faea1b","UNDE_012.basePlot.bet","D05","UNDE","UNDE_012","S","2014-08-05","2014-08-19","2014-11-20","2014-12-01","+v0vuVmyR4ANY6zCFMktOnJAmLWMJJRPOPJNhcFw7/4=","NEON.BET.D05.000191","CARSP14","Carabidae sp.","family",,"Latreille","D05.2014.MorphJ","Arnett Jr., R. H., and M. C. Thomas. 2001. American Beetles Archosemata, Myxophaga, Adephaga, Polyphaga: Staphyliniformia. 1st Vol. (C. Press, Ed.). 1st Ed. Boca Raton, FL.",,"Syw2LXB/pj+fmGCuwdgBGVryVUmYhw3g","Syw2LXB/pj+fmGCuwdgBGVryVUmYhw3g","~10mm. Sparse setea on integument. Color is reddish-brown with legs, antennae and pronotum edges lighter. Anterior coxal cavities open posteriorly, distinguished from N. pallipes by lack or red spots on head. Tribe Lebiini, probably genus Dromius."
"5f30e80e-f11d-41cd-a80d-7e8c5fc46292","UNDE_012.basePlot.bet","D05","UNDE","UNDE_012","S","2014-08-05","2014-08-19","2014-11-20","2014-12-01","+v0vuVmyR4ANY6zCFMktOnJAmLWMJJRPOPJNhcFw7/4=","NEON.BET.D05.000192","CARSP14","Carabidae sp.","family",,"Latreille","D05.2014.MorphJ","Arnett Jr., R. H., and M. C. Thomas. 2001. American Beetles Archosemata, Myxophaga, Adephaga, Polyphaga: Staphyliniformia. 1st Vol. (C. Press, Ed.). 1st Ed. Boca Raton, FL.",,"Syw2LXB/pj+fmGCuwdgBGVryVUmYhw3g","Syw2LXB/pj+fmGCuwdgBGVryVUmYhw3g","~10mm. Sparse setea on integument. Color is reddish-brown with legs, antennae and pronotum edges lighter. Anterior coxal cavities open posteriorly, distinguished from N. pallipes by lack or red spots on head. Tribe Lebiini, probably genus Dromius."
"9bff4af9-a19b-4f8f-96ee-71ead3a87b27","UNDE_006.basePlot.bet","D05","UNDE","UNDE_006","S","2014-08-05","2014-08-19","2014-11-20","2014-11-21","izIYmtFoQUjYgYhAsKFGirsveGWN/dk4Vpt7ynlm+TI=","NEON.BET.D05.000182","CARSP14","Carabidae sp.","family",,"Latreille","D05.2014.MorphA","Arnett Jr., R. H., and M. C. Thomas. 2001. American Beetles Archosemata, Myxophaga, Adephaga, Polyphaga: Staphyliniformia. 1st Vol. (C. Press, Ed.). 1st Ed. Boca Raton, FL.",,"Syw2LXB/pj+fmGCuwdgBGVryVUmYhw3g","Syw2LXB/pj+fmGCuwdgBGVryVUmYhw3g","Believe to be cysod2, but not 100% sure the genus is correct (cg). 16-21mm, differs from ptecor1 by tooth at basal angle of pronotum."
"0c9f7bc5-dc63-416e-bb7c-080b231abe03","UNDE_006.basePlot.bet","D05","UNDE","UNDE_006","S","2014-08-05","2014-08-19","2014-11-20","2014-12-01","izIYmtFoQUjYgYhAsKFGirsveGWN/dk4Vpt7ynlm+TI=","NEON.BET.D05.000180","CARSP14","Carabidae sp.","family",,"Latreille","D05.2014.MorphJ","Arnett Jr., R. H., and M. C. Thomas. 2001. American Beetles Archosemata, Myxophaga, Adephaga, Polyphaga: Staphyliniformia. 1st Vol. (C. Press, Ed.). 1st Ed. Boca Raton, FL.",,"Syw2LXB/pj+fmGCuwdgBGVryVUmYhw3g","Syw2LXB/pj+fmGCuwdgBGVryVUmYhw3g","~10mm. Sparse setea on integument. Color is reddish-brown with legs, antennae and pronotum edges lighter. Anterior coxal cavities open posteriorly, distinguished from N. pallipes by lack or red spots on head. Tribe Lebiini, probably genus Dromius."
"26ab656c-c384-447c-a040-c8d7f0628ff7","UNDE_012.basePlot.bet","D05","UNDE","UNDE_012","S","2014-08-05","2014-08-19","2014-11-20","2014-12-01","+v0vuVmyR4ANY6zCFMktOnJAmLWMJJRPOPJNhcFw7/4=","NEON.BET.D05.000189","CARSP14","Carabidae sp.","family",,"Latreille","D05.2014.MorphJ","Arnett Jr., R. H., and M. C. Thomas. 2001. American Beetles Archosemata, Myxophaga, Adephaga, Polyphaga: Staphyliniformia. 1st Vol. (C. Press, Ed.). 1st Ed. Boca Raton, FL.",,"Syw2LXB/pj+fmGCuwdgBGVryVUmYhw3g","Syw2LXB/pj+fmGCuwdgBGVryVUmYhw3g","~10mm. Sparse setea on integument. Color is reddish-brown with legs, antennae and pronotum edges lighter. Anterior coxal cavities open posteriorly, distinguished from N. pallipes by lack or red spots on head. Tribe Lebiini, probably genus Dromius."
"8b01dd2d-ae3d-447f-b7ef-0c0f083df849","UNDE_012.basePlot.bet","D05","UNDE","UNDE_012","S","2014-08-05","2014-08-19","2014-11-20","2014-12-01","+v0vuVmyR4ANY6zCFMktOnJAmLWMJJRPOPJNhcFw7/4=","NEON.BET.D05.000188","CARSP14","Carabidae sp.","family",,"Latreille","D05.2014.MorphJ","Arnett Jr., R. H., and M. C. Thomas. 2001. American Beetles Archosemata, Myxophaga, Adephaga, Polyphaga: Staphyliniformia. 1st Vol. (C. Press, Ed.). 1st Ed. Boca Raton, FL.",,"Syw2LXB/pj+fmGCuwdgBGVryVUmYhw3g","Syw2LXB/pj+fmGCuwdgBGVryVUmYhw3g","~10mm. Sparse setea on integument. Color is reddish-brown with legs, antennae and pronotum edges lighter. Anterior coxal cavities open posteriorly, distinguished from N. pallipes by lack or red spots on head. Tribe Lebiini, probably genus Dromius."
"3ed8cf95-e094-40a1-94cb-204676559eab","UNDE_006.basePlot.bet","D05","UNDE","UNDE_006","S","2014-08-05","2014-08-19","2014-11-20","2014-12-01","izIYmtFoQUjYgYhAsKFGirsveGWN/dk4Vpt7ynlm+TI=","NEON.BET.D05.000184","CARSP14","Carabidae sp.","family",,"Latreille","D05.2014.MorphJ","Arnett Jr., R. H., and M. C. Thomas. 2001. American Beetles Archosemata, Myxophaga, Adephaga, Polyphaga: Staphyliniformia. 1st Vol. (C. Press, Ed.). 1st Ed. Boca Raton, FL.",,"Syw2LXB/pj+fmGCuwdgBGVryVUmYhw3g","Syw2LXB/pj+fmGCuwdgBGVryVUmYhw3g","~10mm. Sparse setea on integument. Color is reddish-brown with legs, antennae and pronotum edges lighter. Anterior coxal cavities open posteriorly, distinguished from N. pallipes by lack or red spots on head. Tribe Lebiini, probably genus Dromius."
"090ae9ec-1766-4be3-adbe-0100bb67fd06","UNDE_012.basePlot.bet","D05","UNDE","UNDE_012","S","2014-08-05","2014-08-19","2014-11-20","2014-12-01","+v0vuVmyR4ANY6zCFMktOnJAmLWMJJRPOPJNhcFw7/4=","NEON.BET.D05.000190","CARSP14","Carabidae sp.","family",,"Latreille","D05.2014.MorphJ","Arnett Jr., R. H., and M. C. Thomas. 2001. American Beetles Archosemata, Myxophaga, Adephaga, Polyphaga: Staphyliniformia. 1st Vol. (C. Press, Ed.). 1st Ed. Boca Raton, FL.",,"Syw2LXB/pj+fmGCuwdgBGVryVUmYhw3g","Syw2LXB/pj+fmGCuwdgBGVryVUmYhw3g","~10mm. Sparse setea on integument. Color is reddish-brown with legs, antennae and pronotum edges lighter. Anterior coxal cavities open posteriorly, distinguished from N. pallipes by lack or red spots on head. Tribe Lebiini, probably genus Dromius."
"6d839270-5488-4b91-acc7-7fd197a5a480","UNDE_006.basePlot.bet","D05","UNDE","UNDE_006","S","2014-08-05","2014-08-19","2014-11-20","2014-12-01","izIYmtFoQUjYgYhAsKFGirsveGWN/dk4Vpt7ynlm+TI=","NEON.BET.D05.000178","CARSP14","Carabidae sp.","family",,"Latreille","D05.2014.MorphJ","Arnett Jr., R. H., and M. C. Thomas. 2001. American Beetles Archosemata, Myxophaga, Adephaga, Polyphaga: Staphyliniformia. 1st Vol. (C. Press, Ed.). 1st Ed. Boca Raton, FL.",,"Syw2LXB/pj+fmGCuwdgBGVryVUmYhw3g","Syw2LXB/pj+fmGCuwdgBGVryVUmYhw3g","~10mm. Sparse setea on integument. Color is reddish-brown with legs, antennae and pronotum edges lighter. Anterior coxal cavities open posteriorly, distinguished from N. pallipes by lack or red spots on head. Tribe Lebiini, probably genus Dromius."
"4df79070-47f7-46fa-b9a0-7c89a5439d89","UNDE_006.basePlot.bet","D05","UNDE","UNDE_006","S","2014-08-05","2014-08-19","2014-11-20","2014-12-01","izIYmtFoQUjYgYhAsKFGirsveGWN/dk4Vpt7ynlm+TI=","NEON.BET.D05.000179","CARSP14","Carabidae sp.","family",,"Latreille","D05.2014.MorphJ","Arnett Jr., R. H., and M. C. Thomas. 2001. American Beetles Archosemata, Myxophaga, Adephaga, Polyphaga: Staphyliniformia. 1st Vol. (C. Press, Ed.). 1st Ed. Boca Raton, FL.",,"Syw2LXB/pj+fmGCuwdgBGVryVUmYhw3g","Syw2LXB/pj+fmGCuwdgBGVryVUmYhw3g","~10mm. Sparse setea on integument. Color is reddish-brown with legs, antennae and pronotum edges lighter. Anterior coxal cavities open posteriorly, distinguished from N. pallipes by lack or red spots on head. Tribe Lebiini, probably genus Dromius."
"e28a1621-f411-4343-956f-915cfcc36fe9","UNDE_006.basePlot.bet","D05","UNDE","UNDE_006","S","2014-08-05","2014-08-19","2014-11-20","2014-12-01","izIYmtFoQUjYgYhAsKFGirsveGWN/dk4Vpt7ynlm+TI=","NEON.BET.D05.000181","CARSP14","Carabidae sp.","family",,"Latreille","D05.2014.MorphJ","Arnett Jr., R. H., and M. C. Thomas. 2001. American Beetles Archosemata, Myxophaga, Adephaga, Polyphaga: Staphyliniformia. 1st Vol. (C. Press, Ed.). 1st Ed. Boca Raton, FL.",,"Syw2LXB/pj+fmGCuwdgBGVryVUmYhw3g","Syw2LXB/pj+fmGCuwdgBGVryVUmYhw3g","~10mm. Sparse setea on integument. Color is reddish-brown with legs, antennae and pronotum edges lighter. Anterior coxal cavities open posteriorly, distinguished from N. pallipes by lack or red spots on head. Tribe Lebiini, probably genus Dromius."
"ad53023b-0092-4aa7-8f68-031755126438","UNDE_008.basePlot.bet","D05","UNDE","UNDE_008","S","2014-08-05","2014-08-19","2014-11-21","2014-12-01","MjA7sUqH2CZmiCtAT77XMm5mXCMVMiM2IlV6oM9SY4s=","NEON.BET.D05.000232","CARSP14","Carabidae sp.","family",,"Latreille","D05.2014.MorphJ","Arnett Jr., R. H., and M. C. Thomas. 2001. American Beetles Archosemata, Myxophaga, Adephaga, Polyphaga: Staphyliniformia. 1st Vol. (C. Press, Ed.). 1st Ed. Boca Raton, FL.",,"Syw2LXB/pj+fmGCuwdgBGVryVUmYhw3g","Syw2LXB/pj+fmGCuwdgBGVryVUmYhw3g","~10mm. Sparse setea on integument. Color is reddish-brown with legs, antennae and pronotum edges lighter. Anterior coxal cavities open posteriorly, distinguished from N. pallipes by lack or red spots on head. Tribe Lebiini, probably genus Dromius."
"7b7ba433-156b-4cb6-913e-277646874354","UNDE_008.basePlot.bet","D05","UNDE","UNDE_008","S","2014-08-05","2014-08-19","2014-11-21","2014-11-21","MjA7sUqH2CZmiCtAT77XMm5mXCMVMiM2IlV6oM9SY4s=","NEON.BET.D05.000233","PTECOR1","Pterostichus coracinus","species",,"Newman",,"Arnett Jr., R. H., and M. C. Thomas. 2001. American Beetles Archosemata, Myxophaga, Adephaga, Polyphaga: Staphyliniformia. 1st Vol. (C. Press, Ed.). 1st Ed. Boca Raton, FL.",,"Syw2LXB/pj+fmGCuwdgBGVryVUmYhw3g","Syw2LXB/pj+fmGCuwdgBGVryVUmYhw3g",
"79cdc38d-7815-4fb7-b40e-504fd5906c4d","UNDE_008.basePlot.bet","D05","UNDE","UNDE_008","S","2014-08-05","2014-08-19","2014-11-21","2014-11-21","MjA7sUqH2CZmiCtAT77XMm5mXCMVMiM2IlV6oM9SY4s=","NEON.BET.D05.000234","PTECOR1","Pterostichus coracinus","species",,"Newman",,"Arnett Jr., R. H., and M. C. Thomas. 2001. American Beetles Archosemata, Myxophaga, Adephaga, Polyphaga: Staphyliniformia. 1st Vol. (C. Press, Ed.). 1st Ed. Boca Raton, FL.",,"Syw2LXB/pj+fmGCuwdgBGVryVUmYhw3g","Syw2LXB/pj+fmGCuwdgBGVryVUmYhw3g",
"f60e8ece-85d0-45e0-9d43-5a9ccb4c9279","UNDE_008.basePlot.bet","D05","UNDE","UNDE_008","S","2014-08-05","2014-08-19","2014-11-21","2014-12-01","MjA7sUqH2CZmiCtAT77XMm5mXCMVMiM2IlV6oM9SY4s=","NEON.BET.D05.000231","CARSP14","Carabidae sp.","family",,"Latreille","D05.2014.MorphJ","Arnett Jr., R. H., and M. C. Thomas. 2001. American Beetles Archosemata, Myxophaga, Adephaga, Polyphaga: Staphyliniformia. 1st Vol. (C. Press, Ed.). 1st Ed. Boca Raton, FL.",,"Syw2LXB/pj+fmGCuwdgBGVryVUmYhw3g","Syw2LXB/pj+fmGCuwdgBGVryVUmYhw3g","~10mm. Sparse setea on integument. Color is reddish-brown with legs, antennae and pronotum edges lighter. Anterior coxal cavities open posteriorly, distinguished from N. pallipes by lack or red spots on head. Tribe Lebiini, probably genus Dromius."
"dd0a4260-69da-4bb4-b1f0-16b42eab6877","UNDE_001.basePlot.bet","D05","UNDE","UNDE_001","S","2014-08-05","2014-08-19","2014-11-19","2014-12-01","kh3xmoTmJnCNVr/j1vs6nEWnuoSOyvyoYVBznbbdirg=","NEON.BET.D05.000121","CARSP14","Carabidae sp.","family",,"Latreille","D05.2014.MorphJ","Arnett Jr., R. H., and M. C. Thomas. 2001. American Beetles Archosemata, Myxophaga, Adephaga, Polyphaga: Staphyliniformia. 1st Vol. (C. Press, Ed.). 1st Ed. Boca Raton, FL.",,"Syw2LXB/pj+fmGCuwdgBGVryVUmYhw3g","Syw2LXB/pj+fmGCuwdgBGVryVUmYhw3g","~10mm. Sparse setea on integument. Color is reddish-brown with legs, antennae and pronotum edges lighter. Anterior coxal cavities open posteriorly, distinguished from N. pallipes by lack or red spots on head. Tribe Lebiini, probably genus Dromius."
"26769138-efa2-41c8-aa72-12fc6a206cfe","UNDE_001.basePlot.bet","D05","UNDE","UNDE_001","S","2014-08-05","2014-08-19","2014-11-19","2014-11-21","kh3xmoTmJnCNVr/j1vs6nEWnuoSOyvyoYVBznbbdirg=","NEON.BET.D05.000127","CARSP14","Carabidae sp.","family",,"Latreille","D05.2014.MorphH","Arnett Jr., R. H., and M. C. Thomas. 2001. American Beetles Archosemata, Myxophaga, Adephaga, Polyphaga: Staphyliniformia. 1st Vol. (C. Press, Ed.). 1st Ed. Boca Raton, FL.",,"Syw2LXB/pj+fmGCuwdgBGVryVUmYhw3g","Syw2LXB/pj+fmGCuwdgBGVryVUmYhw3g","In the genus Cymindis, species unknown. Approximately 10mm in length. Head and pronotum densely punctate, pronotum and elytra covered with dense hair. Elytra truncate. Pronotum constricted at base with pale edges. Tarsal claws serreted."
"491ee9f4-41ef-4d6f-a841-355160093778","UNDE_001.basePlot.bet","D05","UNDE","UNDE_001","S","2014-08-05","2014-08-19","2014-11-19","2014-11-21","kh3xmoTmJnCNVr/j1vs6nEWnuoSOyvyoYVBznbbdirg=","NEON.BET.D05.000128","CARSP14","Carabidae sp.","family",,"Latreille","D05.2014.MorphH","Arnett Jr., R. H., and M. C. Thomas. 2001. American Beetles Archosemata, Myxophaga, Adephaga, Polyphaga: Staphyliniformia. 1st Vol. (C. Press, Ed.). 1st Ed. Boca Raton, FL.",,"Syw2LXB/pj+fmGCuwdgBGVryVUmYhw3g","Syw2LXB/pj+fmGCuwdgBGVryVUmYhw3g","In the genus Cymindis, species unknown. Approximately 10mm in length. Head and pronotum densely punctate, pronotum and elytra covered with dense hair. Elytra truncate. Pronotum constricted at base with pale edges. Tarsal claws serreted."
"bd799c90-f55e-4e73-83ec-d10d0fce4b0b","UNDE_001.basePlot.bet","D05","UNDE","UNDE_001","S","2014-08-05","2014-08-19","2014-11-19","2014-12-01","kh3xmoTmJnCNVr/j1vs6nEWnuoSOyvyoYVBznbbdirg=","NEON.BET.D05.000129","CARSP14","Carabidae sp.","family",,"Latreille","D05.2014.MorphJ","Arnett Jr., R. H., and M. C. Thomas. 2001. American Beetles Archosemata, Myxophaga, Adephaga, Polyphaga: Staphyliniformia. 1st Vol. (C. Press, Ed.). 1st Ed. Boca Raton, FL.",,"Syw2LXB/pj+fmGCuwdgBGVryVUmYhw3g","Syw2LXB/pj+fmGCuwdgBGVryVUmYhw3g","Head glued back on. Species Description: ~10mm. Sparse setea on integument. Color is reddish-brown with legs, antennae and pronotum edges lighter. Anterior coxal cavities open posteriorly. Tribe Lebiini, probably genus Dromius."
"1b3b21bd-e422-46ba-ba85-4b19fa6ca35c","UNDE_001.basePlot.bet","D05","UNDE","UNDE_001","S","2014-08-05","2014-08-19","2014-11-19","2014-12-01","kh3xmoTmJnCNVr/j1vs6nEWnuoSOyvyoYVBznbbdirg=","NEON.BET.D05.000126","CARSP14","Carabidae sp.","family",,"Latreille","D05.2014.MorphJ","Arnett Jr., R. H., and M. C. Thomas. 2001. American Beetles Archosemata, Myxophaga, Adephaga, Polyphaga: Staphyliniformia. 1st Vol. (C. Press, Ed.). 1st Ed. Boca Raton, FL.",,"Syw2LXB/pj+fmGCuwdgBGVryVUmYhw3g","Syw2LXB/pj+fmGCuwdgBGVryVUmYhw3g","~10mm. Sparse setea on integument. Color is reddish-brown with legs, antennae and pronotum edges lighter. Anterior coxal cavities open posteriorly, distinguished from N. pallipes by lack or red spots on head. Tribe Lebiini, probably genus Dromius."
"6a6e7dc9-40ed-4331-9e89-2f945aa104eb","UNDE_017.basePlot.bet","D05","UNDE","UNDE_017","S","2014-08-05","2014-08-19","2014-11-18","2014-12-01","xHY1KmNCr21FyPYlxR1TdBKMoJo7Ca2r318XaxSho88=","NEON.BET.D05.000106","CARSP14","Carabidae sp.","family",,"Latreille","D05.2014.MorphJ","Arnett Jr., R. H., and M. C. Thomas. 2001. American Beetles Archosemata, Myxophaga, Adephaga, Polyphaga: Staphyliniformia. 1st Vol. (C. Press, Ed.). 1st Ed. Boca Raton, FL.",,"Syw2LXB/pj+fmGCuwdgBGVryVUmYhw3g","Syw2LXB/pj+fmGCuwdgBGVryVUmYhw3g","~10mm. Sparse setea on integument. Color is reddish-brown with legs, antennae and pronotum edges lighter. Anterior coxal cavities open posteriorly, distinguished from N. pallipes by lack or red spots on head. Tribe Lebiini, probably genus Dromius."
"d064175e-8d23-4e47-8727-977aba82bee8","UNDE_001.basePlot.bet","D05","UNDE","UNDE_001","S","2014-08-05","2014-08-19","2014-11-19","2014-11-21","kh3xmoTmJnCNVr/j1vs6nEWnuoSOyvyoYVBznbbdirg=","NEON.BET.D05.000119","CARSP14","Carabidae sp.","family",,"Latreille","D05.2014.MorphB","Arnett Jr., R. H., and M. C. Thomas. 2001. American Beetles Archosemata, Myxophaga, Adephaga, Polyphaga: Staphyliniformia. 1st Vol. (C. Press, Ed.). 1st Ed. Boca Raton, FL.",,"Syw2LXB/pj+fmGCuwdgBGVryVUmYhw3g","Syw2LXB/pj+fmGCuwdgBGVryVUmYhw3g","Believe it to be ptelac2, but not certain of the species. Approximately 15mm in length, pronotum has long sinuation before each hind angle. Latero-basal impression of the pronotum is long and linear."
"78d32e7e-2331-4352-b7c5-22f195987afc","UNDE_001.basePlot.bet","D05","UNDE","UNDE_001","S","2014-08-05","2014-08-19","2014-11-19","2014-12-01","kh3xmoTmJnCNVr/j1vs6nEWnuoSOyvyoYVBznbbdirg=","NEON.BET.D05.000123","CARSP14","Carabidae sp.","family",,"Latreille","D05.2014.MorphJ","Arnett Jr., R. H., and M. C. Thomas. 2001. American Beetles Archosemata, Myxophaga, Adephaga, Polyphaga: Staphyliniformia. 1st Vol. (C. Press, Ed.). 1st Ed. Boca Raton, FL.",,"Syw2LXB/pj+fmGCuwdgBGVryVUmYhw3g","Syw2LXB/pj+fmGCuwdgBGVryVUmYhw3g","~10mm. Sparse setea on integument. Color is reddish-brown with legs, antennae and pronotum edges lighter. Anterior coxal cavities open posteriorly, distinguished from N. pallipes by lack or red spots on head. Tribe Lebiini, probably genus Dromius."
"10062603-d72a-4192-908b-0d15b2757969","UNDE_017.basePlot.bet","D05","UNDE","UNDE_017","S","2014-08-05","2014-08-19","2014-11-18","2014-12-01","xHY1KmNCr21FyPYlxR1TdBKMoJo7Ca2r318XaxSho88=","NEON.BET.D05.000107","CARSP14","Carabidae sp.","family",,"Latreille","D05.2014.MorphJ","Arnett Jr., R. H., and M. C. Thomas. 2001. American Beetles Archosemata, Myxophaga, Adephaga, Polyphaga: Staphyliniformia. 1st Vol. (C. Press, Ed.). 1st Ed. Boca Raton, FL.",,"Syw2LXB/pj+fmGCuwdgBGVryVUmYhw3g","Syw2LXB/pj+fmGCuwdgBGVryVUmYhw3g","~10mm. Sparse setea on integument. Color is reddish-brown with legs, antennae and pronotum edges lighter. Anterior coxal cavities open posteriorly, distinguished from N. pallipes by lack or red spots on head. Tribe Lebiini, probably genus Dromius."
"bb055fec-f12a-412b-802e-770539c9413b","UNDE_017.basePlot.bet","D05","UNDE","UNDE_017","S","2014-08-05","2014-08-19","2014-11-18","2014-12-01","xHY1KmNCr21FyPYlxR1TdBKMoJo7Ca2r318XaxSho88=","NEON.BET.D05.000105","CARSP14","Carabidae sp.","family",,"Latreille","D05.2014.MorphJ","Arnett Jr., R. H., and M. C. Thomas. 2001. American Beetles Archosemata, Myxophaga, Adephaga, Polyphaga: Staphyliniformia. 1st Vol. (C. Press, Ed.). 1st Ed. Boca Raton, FL.",,"Syw2LXB/pj+fmGCuwdgBGVryVUmYhw3g","Syw2LXB/pj+fmGCuwdgBGVryVUmYhw3g","~10mm. Sparse setea on integument. Color is reddish-brown with legs, antennae and pronotum edges lighter. Anterior coxal cavities open posteriorly, distinguished from N. pallipes by lack or red spots on head. Tribe Lebiini, probably genus Dromius."
"e3d309d4-8bdb-40e9-ac87-bc2520f04b1d","UNDE_017.basePlot.bet","D05","UNDE","UNDE_017","S","2014-08-05","2014-08-19","2014-11-18","2014-12-01","xHY1KmNCr21FyPYlxR1TdBKMoJo7Ca2r318XaxSho88=","NEON.BET.D05.000104","CARSP14","Carabidae sp.","family",,"Latreille","D05.2014.MorphJ","Arnett Jr., R. H., and M. C. Thomas. 2001. American Beetles Archosemata, Myxophaga, Adephaga, Polyphaga: Staphyliniformia. 1st Vol. (C. Press, Ed.). 1st Ed. Boca Raton, FL.",,"Syw2LXB/pj+fmGCuwdgBGVryVUmYhw3g","Syw2LXB/pj+fmGCuwdgBGVryVUmYhw3g","~10mm. Sparse setea on integument. Color is reddish-brown with legs, antennae and pronotum edges lighter. Anterior coxal cavities open posteriorly, distinguished from N. pallipes by lack or red spots on head. Tribe Lebiini, probably genus Dromius."
"db68c69a-b276-44bd-9bb8-f966bf1631d4","UNDE_017.basePlot.bet","D05","UNDE","UNDE_017","S","2014-08-05","2014-08-19","2014-11-18","2014-11-21","xHY1KmNCr21FyPYlxR1TdBKMoJo7Ca2r318XaxSho88=","NEON.BET.D05.000108","PTECOR1","Pterostichus coracinus","species",,"Newman",,"Arnett Jr., R. H., and M. C. Thomas. 2001. American Beetles Archosemata, Myxophaga, Adephaga, Polyphaga: Staphyliniformia. 1st Vol. (C. Press, Ed.). 1st Ed. Boca Raton, FL.",,"Syw2LXB/pj+fmGCuwdgBGVryVUmYhw3g","Syw2LXB/pj+fmGCuwdgBGVryVUmYhw3g",
"29f3cb53-f854-4459-b683-434e327b9e16","UNDE_017.basePlot.bet","D05","UNDE","UNDE_017","S","2014-08-05","2014-08-19","2014-11-18","2014-11-21","xHY1KmNCr21FyPYlxR1TdBKMoJo7Ca2r318XaxSho88=","NEON.BET.D05.000102","CARSP14","Carabidae sp.","family",,"Latreille","D05.2014.MorphA","Arnett Jr., R. H., and M. C. Thomas. 2001. American Beetles Archosemata, Myxophaga, Adephaga, Polyphaga: Staphyliniformia. 1st Vol. (C. Press, Ed.). 1st Ed. Boca Raton, FL.",,"Syw2LXB/pj+fmGCuwdgBGVryVUmYhw3g","Syw2LXB/pj+fmGCuwdgBGVryVUmYhw3g","Believe to be cysod2, but not 100% sure the genus is correct (cg). 16-21mm, differs from ptecor1 by tooth at basal angle of pronotum."
"3c1b7ce5-612b-413f-b6bb-247bf0a715c1","UNDE_007.basePlot.bet","D05","UNDE","UNDE_007","S","2014-08-05","2014-08-19","2014-11-17","2014-11-21","sj+sxzQpSGB881nYes1roc1dHUPFupCpcu4xSRvySIs=","NEON.BET.D05.000037","CARSP14","Carabidae sp.","family",,"Latreille","D05.2014.MorphH","Arnett Jr., R. H., and M. C. Thomas. 2001. American Beetles Archosemata, Myxophaga, Adephaga, Polyphaga: Staphyliniformia. 1st Vol. (C. Press, Ed.). 1st Ed. Boca Raton, FL.",,"Syw2LXB/pj+fmGCuwdgBGVryVUmYhw3g","Syw2LXB/pj+fmGCuwdgBGVryVUmYhw3g","In the genus Cymindis, species unknown. Approximately 10mm in length. Head and pronotum densely punctate, pronotum and elytra covered with dense hair. Elytra truncate. Pronotum constricted at base with pale edges. Tarsal claws serreted."
"87ded893-68c6-4b7f-9cf1-04aa178412c8","UNDE_007.basePlot.bet","D05","UNDE","UNDE_007","S","2014-08-05","2014-08-19","2014-11-17","2014-12-01","sj+sxzQpSGB881nYes1roc1dHUPFupCpcu4xSRvySIs=","NEON.BET.D05.000035","CARSP14","Carabidae sp.","family",,"Latreille","D05.2014.MorphJ","Arnett Jr., R. H., and M. C. Thomas. 2001. American Beetles Archosemata, Myxophaga, Adephaga, Polyphaga: Staphyliniformia. 1st Vol. (C. Press, Ed.). 1st Ed. Boca Raton, FL.",,"Syw2LXB/pj+fmGCuwdgBGVryVUmYhw3g","Syw2LXB/pj+fmGCuwdgBGVryVUmYhw3g","~10mm. Sparse setea on integument. Color is reddish-brown with legs, antennae and pronotum edges lighter. Anterior coxal cavities open posteriorly, distinguished from N. pallipes by lack or red spots on head. Tribe Lebiini, probably genus Dromius."
"16cb5f14-323d-44b4-8e13-1bb6b51044dd","UNDE_007.basePlot.bet","D05","UNDE","UNDE_007","S","2014-08-05","2014-08-19","2014-11-17","2014-12-01","sj+sxzQpSGB881nYes1roc1dHUPFupCpcu4xSRvySIs=","NEON.BET.D05.000038","CARSP14","Carabidae sp.","family",,"Latreille","D05.2014.MorphJ","Arnett Jr., R. H., and M. C. Thomas. 2001. American Beetles Archosemata, Myxophaga, Adephaga, Polyphaga: Staphyliniformia. 1st Vol. (C. Press, Ed.). 1st Ed. Boca Raton, FL.",,"Syw2LXB/pj+fmGCuwdgBGVryVUmYhw3g","Syw2LXB/pj+fmGCuwdgBGVryVUmYhw3g","~10mm. Sparse setea on integument. Color is reddish-brown with legs, antennae and pronotum edges lighter. Anterior coxal cavities open posteriorly, distinguished from N. pallipes by lack or red spots on head. Tribe Lebiini, probably genus Dromius."
"ccdc5c57-94db-4f6e-9fa2-1ec22e01f398","UNDE_007.basePlot.bet","D05","UNDE","UNDE_007","S","2014-08-05","2014-08-19","2014-11-17","2014-12-01","sj+sxzQpSGB881nYes1roc1dHUPFupCpcu4xSRvySIs=","NEON.BET.D05.000039","CARSP14","Carabidae sp.","family",,"Latreille","D05.2014.MorphJ","Arnett Jr., R. H., and M. C. Thomas. 2001. American Beetles Archosemata, Myxophaga, Adephaga, Polyphaga: Staphyliniformia. 1st Vol. (C. Press, Ed.). 1st Ed. Boca Raton, FL.",,"Syw2LXB/pj+fmGCuwdgBGVryVUmYhw3g","Syw2LXB/pj+fmGCuwdgBGVryVUmYhw3g","~10mm. Sparse setea on integument. Color is reddish-brown with legs, antennae and pronotum edges lighter. Anterior coxal cavities open posteriorly, distinguished from N. pallipes by lack or red spots on head. Tribe Lebiini, probably genus Dromius."
"f78087c9-b412-47f1-a889-f5ad214d36e3","UNDE_007.basePlot.bet","D05","UNDE","UNDE_007","S","2014-08-05","2014-08-19","2014-11-17","2014-12-01","sj+sxzQpSGB881nYes1roc1dHUPFupCpcu4xSRvySIs=","NEON.BET.D05.000036","CARSP14","Carabidae sp.","family",,"Latreille","D05.2014.MorphJ","Arnett Jr., R. H., and M. C. Thomas. 2001. American Beetles Archosemata, Myxophaga, Adephaga, Polyphaga: Staphyliniformia. 1st Vol. (C. Press, Ed.). 1st Ed. Boca Raton, FL.",,"Syw2LXB/pj+fmGCuwdgBGVryVUmYhw3g","Syw2LXB/pj+fmGCuwdgBGVryVUmYhw3g","~10mm. Sparse setea on integument. Color is reddish-brown with legs, antennae and pronotum edges lighter. Anterior coxal cavities open posteriorly, distinguished from N. pallipes by lack or red spots on head. Tribe Lebiini, probably genus Dromius."
"3f324929-0722-493b-af0e-307547dd50ea","UNDE_012.basePlot.bet","D05","UNDE","UNDE_012","W","2014-08-05","2014-08-19","2014-11-20","2014-12-01","+v0vuVmyR4CfwPxf1Y3Bz+8ljeJl7dd4jW90usVIFyg=","NEON.BET.D05.000186","CARSP14","Carabidae sp.","family",,"Latreille","D05.2014.MorphJ","Arnett Jr., R. H., and M. C. Thomas. 2001. American Beetles Archosemata, Myxophaga, Adephaga, Polyphaga: Staphyliniformia. 1st Vol. (C. Press, Ed.). 1st Ed. Boca Raton, FL.",,"Syw2LXB/pj+fmGCuwdgBGVryVUmYhw3g","Syw2LXB/pj+fmGCuwdgBGVryVUmYhw3g","~10mm. Sparse setea on integument. Color is reddish-brown with legs, antennae and pronotum edges lighter. Anterior coxal cavities open posteriorly, distinguished from N. pallipes by lack or red spots on head. Tribe Lebiini, probably genus Dromius."
"0602878e-2afc-4610-88d7-0559f2d78568","UNDE_012.basePlot.bet","D05","UNDE","UNDE_012","W","2014-08-05","2014-08-19","2014-11-20","2014-12-01","+v0vuVmyR4CfwPxf1Y3Bz+8ljeJl7dd4jW90usVIFyg=","NEON.BET.D05.000185","CARSP14","Carabidae sp.","family",,"Latreille","D05.2014.MorphJ","Arnett Jr., R. H., and M. C. Thomas. 2001. American Beetles Archosemata, Myxophaga, Adephaga, Polyphaga: Staphyliniformia. 1st Vol. (C. Press, Ed.). 1st Ed. Boca Raton, FL.",,"Syw2LXB/pj+fmGCuwdgBGVryVUmYhw3g","Syw2LXB/pj+fmGCuwdgBGVryVUmYhw3g","~10mm. Sparse setea on integument. Color is reddish-brown with legs, antennae and pronotum edges lighter. Anterior coxal cavities open posteriorly, distinguished from N. pallipes by lack or red spots on head. Tribe Lebiini, probably genus Dromius."
"e5cee673-7cae-460e-a074-22133bb9584c","UNDE_012.basePlot.bet","D05","UNDE","UNDE_012","W","2014-08-05","2014-08-19","2014-11-20","2014-12-01","+v0vuVmyR4CfwPxf1Y3Bz+8ljeJl7dd4jW90usVIFyg=","NEON.BET.D05.000187","CARSP14","Carabidae sp.","family",,"Latreille","D05.2014.MorphJ","Arnett Jr., R. H., and M. C. Thomas. 2001. American Beetles Archosemata, Myxophaga, Adephaga, Polyphaga: Staphyliniformia. 1st Vol. (C. Press, Ed.). 1st Ed. Boca Raton, FL.",,"Syw2LXB/pj+fmGCuwdgBGVryVUmYhw3g","Syw2LXB/pj+fmGCuwdgBGVryVUmYhw3g","~10mm. Sparse setea on integument. Color is reddish-brown with legs, antennae and pronotum edges lighter. Anterior coxal cavities open posteriorly, distinguished from N. pallipes by lack or red spots on head. Tribe Lebiini, probably genus Dromius."
"20d320dc-4469-459b-89c2-a793d307b708","UNDE_008.basePlot.bet","D05","UNDE","UNDE_008","W","2014-08-05","2014-08-19","2014-11-20","2014-12-01","MjA7sUqH2CY9mjiocx3iSBIGUh4H7IyD1yJMljA7lFU=","NEON.BET.D05.000167","CARSP14","Carabidae sp.","family",,"Latreille","D05.2014.MorphJ","Arnett Jr., R. H., and M. C. Thomas. 2001. American Beetles Archosemata, Myxophaga, Adephaga, Polyphaga: Staphyliniformia. 1st Vol. (C. Press, Ed.). 1st Ed. Boca Raton, FL.",,"Syw2LXB/pj+fmGCuwdgBGVryVUmYhw3g","Syw2LXB/pj+fmGCuwdgBGVryVUmYhw3g","~10mm. Sparse setea on integument. Color is reddish-brown with legs, antennae and pronotum edges lighter. Anterior coxal cavities open posteriorly, distinguished from N. pallipes by lack or red spots on head. Tribe Lebiini, probably genus Dromius."
"c5543ea9-a6fc-4e18-bb92-97717d8c2c44","UNDE_006.basePlot.bet","D05","UNDE","UNDE_006","W","2014-08-05","2014-08-19","2014-11-17","2014-12-01","izIYmtFoQUhjUT/hK7YRXl9jtA+4lm4lDqAjeAIR8/o=","NEON.BET.D05.000074","CARSP14","Carabidae sp.","family",,"Latreille","D05.2014.MorphJ","Arnett Jr., R. H., and M. C. Thomas. 2001. American Beetles Archosemata, Myxophaga, Adephaga, Polyphaga: Staphyliniformia. 1st Vol. (C. Press, Ed.). 1st Ed. Boca Raton, FL.",,"Syw2LXB/pj+fmGCuwdgBGVryVUmYhw3g","Syw2LXB/pj+fmGCuwdgBGVryVUmYhw3g","~10mm. Sparse setea on integument. Color is reddish-brown with legs, antennae and pronotum edges lighter. Anterior coxal cavities open posteriorly, distinguished from N. pallipes by lack or red spots on head. Tribe Lebiini, probably genus Dromius."
"5896fb46-b8e5-490a-8edb-7975d98485bc","UNDE_006.basePlot.bet","D05","UNDE","UNDE_006","W","2014-08-05","2014-08-19","2014-11-17","2014-11-21","izIYmtFoQUhjUT/hK7YRXl9jtA+4lm4lDqAjeAIR8/o=","NEON.BET.D05.000075","CARSP14","Carabidae sp.","family",,"Latreille","D05.2014.MorphA","Arnett Jr., R. H., and M. C. Thomas. 2001. American Beetles Archosemata, Myxophaga, Adephaga, Polyphaga: Staphyliniformia. 1st Vol. (C. Press, Ed.). 1st Ed. Boca Raton, FL.",,"Syw2LXB/pj+fmGCuwdgBGVryVUmYhw3g","Syw2LXB/pj+fmGCuwdgBGVryVUmYhw3g","Believe to be cysod2, but not 100% sure the genus is correct (cg). 16-21mm, differs from ptecor1 by tooth at basal angle of pronotum."
"79301814-d0c1-42ab-90ac-ef25e8b3320e","UNDE_006.basePlot.bet","D05","UNDE","UNDE_006","W","2014-08-05","2014-08-19","2014-11-17","2014-11-21","izIYmtFoQUhjUT/hK7YRXl9jtA+4lm4lDqAjeAIR8/o=","NEON.BET.D05.000076","CARSP14","Carabidae sp.","family",,"Latreille","D05.2014.MorphA","Arnett Jr., R. H., and M. C. Thomas. 2001. American Beetles Archosemata, Myxophaga, Adephaga, Polyphaga: Staphyliniformia. 1st Vol. (C. Press, Ed.). 1st Ed. Boca Raton, FL.",,"Syw2LXB/pj+fmGCuwdgBGVryVUmYhw3g","Syw2LXB/pj+fmGCuwdgBGVryVUmYhw3g","Believe to be cysod2, but not 100% sure the genus is correct (cg). 16-21mm, differs from ptecor1 by tooth at basal angle of pronotum."
"0831165e-4853-4a1d-8e42-e855823ee787","UNDE_011.basePlot.bet","D05","UNDE","UNDE_011","W","2014-08-05","2014-08-19","2014-10-28","2014-11-21","0Ya1AWR2lPiELWVEy08kj1tgaD/c/sOVu4jU5mJPgTk=","NEON.BET.D05.000007","PTECOR1","Pterostichus coracinus","species",,"Newman",,"Arnett Jr., R. H., and M. C. Thomas. 2001. American Beetles Archosemata, Myxophaga, Adephaga, Polyphaga: Staphyliniformia. 1st Vol. (C. Press, Ed.). 1st Ed. Boca Raton, FL.",,"Syw2LXB/pj+fmGCuwdgBGVryVUmYhw3g","Syw2LXB/pj+fmGCuwdgBGVryVUmYhw3g",
"12dacfff-2c79-40fe-8199-4d8452a884b3","UNDE_008.basePlot.bet","D05","UNDE","UNDE_008","W","2014-08-05","2014-08-19","2014-11-20","2014-12-01","MjA7sUqH2CY9mjiocx3iSBIGUh4H7IyD1yJMljA7lFU=","NEON.BET.D05.000165","CARSP14","Carabidae sp.","family",,"Latreille","D05.2014.MorphJ","Arnett Jr., R. H., and M. C. Thomas. 2001. American Beetles Archosemata, Myxophaga, Adephaga, Polyphaga: Staphyliniformia. 1st Vol. (C. Press, Ed.). 1st Ed. Boca Raton, FL.",,"Syw2LXB/pj+fmGCuwdgBGVryVUmYhw3g","Syw2LXB/pj+fmGCuwdgBGVryVUmYhw3g","~10mm. Sparse setea on integument. Color is reddish-brown with legs, antennae and pronotum edges lighter. Anterior coxal cavities open posteriorly, distinguished from N. pallipes by lack or red spots on head. Tribe Lebiini, probably genus Dromius."
"59c319a2-c973-45cc-a0d5-bfc4cfa8d298","UNDE_008.basePlot.bet","D05","UNDE","UNDE_008","W","2014-08-05","2014-08-19","2014-11-20","2014-11-21","MjA7sUqH2CY9mjiocx3iSBIGUh4H7IyD1yJMljA7lFU=","NEON.BET.D05.000169","CARSP14","Carabidae sp.","family",,"Latreille","D05.2014.MorphA","Arnett Jr., R. H., and M. C. Thomas. 2001. American Beetles Archosemata, Myxophaga, Adephaga, Polyphaga: Staphyliniformia. 1st Vol. (C. Press, Ed.). 1st Ed. Boca Raton, FL.",,"Syw2LXB/pj+fmGCuwdgBGVryVUmYhw3g","Syw2LXB/pj+fmGCuwdgBGVryVUmYhw3g","Believe to be cysod2, but not 100% sure the genus is correct (cg). 16-21mm, differs from ptecor1 by tooth at basal angle of pronotum."
"a0ea2673-0f9b-4fcd-bd45-901c34399146","UNDE_008.basePlot.bet","D05","UNDE","UNDE_008","W","2014-08-05","2014-08-19","2014-11-20","2014-12-01","MjA7sUqH2CY9mjiocx3iSBIGUh4H7IyD1yJMljA7lFU=","NEON.BET.D05.000168","CARSP14","Carabidae sp.","family",,"Latreille","D05.2014.MorphJ","Arnett Jr., R. H., and M. C. Thomas. 2001. American Beetles Archosemata, Myxophaga, Adephaga, Polyphaga: Staphyliniformia. 1st Vol. (C. Press, Ed.). 1st Ed. Boca Raton, FL.",,"Syw2LXB/pj+fmGCuwdgBGVryVUmYhw3g","Syw2LXB/pj+fmGCuwdgBGVryVUmYhw3g","~10mm. Sparse setea on integument. Color is reddish-brown with legs, antennae and pronotum edges lighter. Anterior coxal cavities open posteriorly, distinguished from N. pallipes by lack or red spots on head. Tribe Lebiini, probably genus Dromius."
"3e6528c6-b5cf-4171-982f-592af23f0824","UNDE_001.basePlot.bet","D05","UNDE","UNDE_001","W","2014-08-05","2014-08-19","2014-11-20","2014-12-01","kh3xmoTmJnCZnwbcxVK+p1ZlNpGM0HLFi812mSKNaNY=","NEON.BET.D05.000197","CARSP14","Carabidae sp.","family",,"Latreille","D05.2014.MorphJ","Arnett Jr., R. H., and M. C. Thomas. 2001. American Beetles Archosemata, Myxophaga, Adephaga, Polyphaga: Staphyliniformia. 1st Vol. (C. Press, Ed.). 1st Ed. Boca Raton, FL.",,"Syw2LXB/pj+fmGCuwdgBGVryVUmYhw3g","Syw2LXB/pj+fmGCuwdgBGVryVUmYhw3g","~10mm. Sparse setea on integument. Color is reddish-brown with legs, antennae and pronotum edges lighter. Anterior coxal cavities open posteriorly, distinguished from N. pallipes by lack or red spots on head. Tribe Lebiini, probably genus Dromius."
"651028d1-ea59-428d-b06a-56647c8a4def","UNDE_001.basePlot.bet","D05","UNDE","UNDE_001","W","2014-08-05","2014-08-19","2014-11-20","2014-12-01","kh3xmoTmJnCZnwbcxVK+p1ZlNpGM0HLFi812mSKNaNY=","NEON.BET.D05.000199","CARSP14","Carabidae sp.","family",,"Latreille","D05.2014.MorphJ","Arnett Jr., R. H., and M. C. Thomas. 2001. American Beetles Archosemata, Myxophaga, Adephaga, Polyphaga: Staphyliniformia. 1st Vol. (C. Press, Ed.). 1st Ed. Boca Raton, FL.",,"Syw2LXB/pj+fmGCuwdgBGVryVUmYhw3g","Syw2LXB/pj+fmGCuwdgBGVryVUmYhw3g","~10mm. Sparse setea on integument. Color is reddish-brown with legs, antennae and pronotum edges lighter. Anterior coxal cavities open posteriorly, distinguished from N. pallipes by lack or red spots on head. Tribe Lebiini, probably genus Dromius."
"78f752d7-aea4-481f-91cb-7a841e0dc540","UNDE_001.basePlot.bet","D05","UNDE","UNDE_001","W","2014-08-05","2014-08-19","2014-11-20","2014-12-01","kh3xmoTmJnCZnwbcxVK+p1ZlNpGM0HLFi812mSKNaNY=","NEON.BET.D05.000194","CARSP14","Carabidae sp.","family",,"Latreille","D05.2014.MorphJ","Arnett Jr., R. H., and M. C. Thomas. 2001. American Beetles Archosemata, Myxophaga, Adephaga, Polyphaga: Staphyliniformia. 1st Vol. (C. Press, Ed.). 1st Ed. Boca Raton, FL.",,"Syw2LXB/pj+fmGCuwdgBGVryVUmYhw3g","Syw2LXB/pj+fmGCuwdgBGVryVUmYhw3g","~10mm. Sparse setea on integument. Color is reddish-brown with legs, antennae and pronotum edges lighter. Anterior coxal cavities open posteriorly, distinguished from N. pallipes by lack or red spots on head. Tribe Lebiini, probably genus Dromius."
"b3716da1-48d4-4986-a234-f953b7635b61","UNDE_001.basePlot.bet","D05","UNDE","UNDE_001","W","2014-08-05","2014-08-19","2014-11-20","2014-11-21","kh3xmoTmJnCZnwbcxVK+p1ZlNpGM0HLFi812mSKNaNY=","NEON.BET.D05.000193","PTECOR1","Pterostichus coracinus","species",,"Newman",,"Arnett Jr., R. H., and M. C. Thomas. 2001. American Beetles Archosemata, Myxophaga, Adephaga, Polyphaga: Staphyliniformia. 1st Vol. (C. Press, Ed.). 1st Ed. Boca Raton, FL.",,"Syw2LXB/pj+fmGCuwdgBGVryVUmYhw3g","Syw2LXB/pj+fmGCuwdgBGVryVUmYhw3g",
"3a3f6688-1363-4404-b150-1d2ccab893a1","UNDE_001.basePlot.bet","D05","UNDE","UNDE_001","W","2014-08-05","2014-08-19","2014-11-20","2014-12-01","kh3xmoTmJnCZnwbcxVK+p1ZlNpGM0HLFi812mSKNaNY=","NEON.BET.D05.000198","CARSP14","Carabidae sp.","family",,"Latreille","D05.2014.MorphJ","Arnett Jr., R. H., and M. C. Thomas. 2001. American Beetles Archosemata, Myxophaga, Adephaga, Polyphaga: Staphyliniformia. 1st Vol. (C. Press, Ed.). 1st Ed. Boca Raton, FL.",,"Syw2LXB/pj+fmGCuwdgBGVryVUmYhw3g","Syw2LXB/pj+fmGCuwdgBGVryVUmYhw3g","~10mm. Sparse setea on integument. Color is reddish-brown with legs, antennae and pronotum edges lighter. Anterior coxal cavities open posteriorly, distinguished from N. pallipes by lack or red spots on head. Tribe Lebiini, probably genus Dromius."
"f8513470-4049-4277-80bb-9806a4fb91c3","UNDE_017.basePlot.bet","D05","UNDE","UNDE_017","W","2014-08-05","2014-08-19","2014-11-20","2014-12-01","xHY1KmNCr23jcwvXjFj6oxtdp52xh9hIzKHDGsK+e0s=","NEON.BET.D05.000177","CARSP14","Carabidae sp.","family",,"Latreille","D05.2014.MorphJ","Arnett Jr., R. H., and M. C. Thomas. 2001. American Beetles Archosemata, Myxophaga, Adephaga, Polyphaga: Staphyliniformia. 1st Vol. (C. Press, Ed.). 1st Ed. Boca Raton, FL.",,"Syw2LXB/pj+fmGCuwdgBGVryVUmYhw3g","Syw2LXB/pj+fmGCuwdgBGVryVUmYhw3g","~10mm. Sparse setea on integument. Color is reddish-brown with legs, antennae and pronotum edges lighter. Anterior coxal cavities open posteriorly, distinguished from N. pallipes by lack or red spots on head. Tribe Lebiini, probably genus Dromius."
"f03b6589-80f7-4fd0-b664-2c35e04ae19e","UNDE_017.basePlot.bet","D05","UNDE","UNDE_017","W","2014-08-05","2014-08-19","2014-11-20","2014-12-01","xHY1KmNCr23jcwvXjFj6oxtdp52xh9hIzKHDGsK+e0s=","NEON.BET.D05.000175","CARSP14","Carabidae sp.","family",,"Latreille","D05.2014.MorphJ","Arnett Jr., R. H., and M. C. Thomas. 2001. American Beetles Archosemata, Myxophaga, Adephaga, Polyphaga: Staphyliniformia. 1st Vol. (C. Press, Ed.). 1st Ed. Boca Raton, FL.",,"Syw2LXB/pj+fmGCuwdgBGVryVUmYhw3g","Syw2LXB/pj+fmGCuwdgBGVryVUmYhw3g","~10mm. Sparse setea on integument. Color is reddish-brown with legs, antennae and pronotum edges lighter. Anterior coxal cavities open posteriorly, distinguished from N. pallipes by lack or red spots on head. Tribe Lebiini, probably genus Dromius."
"f5ab2bdd-aa00-456c-a388-3c71afe66a36","UNDE_001.basePlot.bet","D05","UNDE","UNDE_001","W","2014-08-05","2014-08-19","2014-11-20","2014-12-01","kh3xmoTmJnCZnwbcxVK+p1ZlNpGM0HLFi812mSKNaNY=","NEON.BET.D05.000200","CARSP14","Carabidae sp.","family",,"Latreille","D05.2014.MorphJ","Arnett Jr., R. H., and M. C. Thomas. 2001. American Beetles Archosemata, Myxophaga, Adephaga, Polyphaga: Staphyliniformia. 1st Vol. (C. Press, Ed.). 1st Ed. Boca Raton, FL.",,"Syw2LXB/pj+fmGCuwdgBGVryVUmYhw3g","Syw2LXB/pj+fmGCuwdgBGVryVUmYhw3g","~10mm. Sparse setea on integument. Color is reddish-brown with legs, antennae and pronotum edges lighter. Anterior coxal cavities open posteriorly, distinguished from N. pallipes by lack or red spots on head. Tribe Lebiini, probably genus Dromius."
"68a4ab10-d4a2-4f22-b3ca-8ea5c576231e","UNDE_001.basePlot.bet","D05","UNDE","UNDE_001","W","2014-08-05","2014-08-19","2014-11-20","2014-12-01","kh3xmoTmJnCZnwbcxVK+p1ZlNpGM0HLFi812mSKNaNY=","NEON.BET.D05.000195","CARSP14","Carabidae sp.","family",,"Latreille","D05.2014.MorphJ","Arnett Jr., R. H., and M. C. Thomas. 2001. American Beetles Archosemata, Myxophaga, Adephaga, Polyphaga: Staphyliniformia. 1st Vol. (C. Press, Ed.). 1st Ed. Boca Raton, FL.",,"Syw2LXB/pj+fmGCuwdgBGVryVUmYhw3g","Syw2LXB/pj+fmGCuwdgBGVryVUmYhw3g","~10mm. Sparse setea on integument. Color is reddish-brown with legs, antennae and pronotum edges lighter. Anterior coxal cavities open posteriorly, distinguished from N. pallipes by lack or red spots on head. Tribe Lebiini, probably genus Dromius."
"335a24a7-7cc2-4fb9-8038-01e5eae753cb","UNDE_007.basePlot.bet","D05","UNDE","UNDE_007","W","2014-08-05","2014-08-19","2014-11-17","2014-12-01","sj+sxzQpSGClubvaSd12JVr7HI5fuhmvdw8F4MK7o/w=","NEON.BET.D05.000078","CARSP14","Carabidae sp.","family",,"Latreille","D05.2014.MorphJ","Arnett Jr., R. H., and M. C. Thomas. 2001. American Beetles Archosemata, Myxophaga, Adephaga, Polyphaga: Staphyliniformia. 1st Vol. (C. Press, Ed.). 1st Ed. Boca Raton, FL.",,"Syw2LXB/pj+fmGCuwdgBGVryVUmYhw3g","Syw2LXB/pj+fmGCuwdgBGVryVUmYhw3g","~10mm. Sparse setea on integument. Color is reddish-brown with legs, antennae and pronotum edges lighter. Anterior coxal cavities open posteriorly, distinguished from N. pallipes by lack or red spots on head. Tribe Lebiini, probably genus Dromius."
"9035cfb9-5b52-44c4-9d49-1206bf5bc618","UNDE_003.basePlot.bet","D05","UNDE","UNDE_003","W","2014-08-05","2014-08-19","2014-11-17","2014-11-21","UKgrtiGQYSDxJBWCvOCYwxfIvL05+rp4dugMmi1Sg8Y=","NEON.BET.D05.000082","PTECOR1","Pterostichus coracinus","species",,"Newman",,"Arnett Jr., R. H., and M. C. Thomas. 2001. American Beetles Archosemata, Myxophaga, Adephaga, Polyphaga: Staphyliniformia. 1st Vol. (C. Press, Ed.). 1st Ed. Boca Raton, FL.",,"Syw2LXB/pj+fmGCuwdgBGVryVUmYhw3g","Syw2LXB/pj+fmGCuwdgBGVryVUmYhw3g",
"f6018333-06a6-407e-a9e9-801790345540","UNDE_003.basePlot.bet","D05","UNDE","UNDE_003","W","2014-08-05","2014-08-19","2014-11-17","2014-12-01","UKgrtiGQYSDxJBWCvOCYwxfIvL05+rp4dugMmi1Sg8Y=","NEON.BET.D05.000080","CARSP14","Carabidae sp.","family",,"Latreille","D05.2014.MorphJ","Arnett Jr., R. H., and M. C. Thomas. 2001. American Beetles Archosemata, Myxophaga, Adephaga, Polyphaga: Staphyliniformia. 1st Vol. (C. Press, Ed.). 1st Ed. Boca Raton, FL.",,"Syw2LXB/pj+fmGCuwdgBGVryVUmYhw3g","Syw2LXB/pj+fmGCuwdgBGVryVUmYhw3g","~10mm. Sparse setea on integument. Color is reddish-brown with legs, antennae and pronotum edges lighter. Anterior coxal cavities open posteriorly, distinguished from N. pallipes by lack or red spots on head. Tribe Lebiini, probably genus Dromius."
"8953c5d1-196a-4e7b-b071-ad9382d9baba","UNDE_003.basePlot.bet","D05","UNDE","UNDE_003","W","2014-08-05","2014-08-19","2014-11-17","2014-11-21","UKgrtiGQYSDxJBWCvOCYwxfIvL05+rp4dugMmi1Sg8Y=","NEON.BET.D05.000081","PTECOR1","Pterostichus coracinus","species",,"Newman",,"Arnett Jr., R. H., and M. C. Thomas. 2001. American Beetles Archosemata, Myxophaga, Adephaga, Polyphaga: Staphyliniformia. 1st Vol. (C. Press, Ed.). 1st Ed. Boca Raton, FL.",,"Syw2LXB/pj+fmGCuwdgBGVryVUmYhw3g","Syw2LXB/pj+fmGCuwdgBGVryVUmYhw3g",
"f06d8c02-a5b2-4b2c-baa4-aead71f58d95","UNDE_010.basePlot.bet","D05","UNDE","UNDE_010","E","2014-08-05","2014-08-19","2014-11-20","2014-11-21","hQDJ3TYDfozU65Nt7ucSVO1iFMSqWYqhZLY68EWh/Ls=","NEON.BET.D05.000205","CARSP14","Carabidae sp.","family",,"Latreille","D05.2014.MorphA","Arnett Jr., R. H., and M. C. Thomas. 2001. American Beetles Archosemata, Myxophaga, Adephaga, Polyphaga: Staphyliniformia. 1st Vol. (C. Press, Ed.). 1st Ed. Boca Raton, FL.",,"Syw2LXB/pj+fmGCuwdgBGVryVUmYhw3g","Syw2LXB/pj+fmGCuwdgBGVryVUmYhw3g","Believe to be cysod2, but not 100% sure the genus is correct (cg). 16-21mm, differs from ptecor1 by tooth at basal angle of pronotum."
"79e5710d-529a-4c7f-824e-e6be093406ac","UNDE_010.basePlot.bet","D05","UNDE","UNDE_010","E","2014-08-05","2014-08-19","2014-11-20","2014-12-01","hQDJ3TYDfozU65Nt7ucSVO1iFMSqWYqhZLY68EWh/Ls=","NEON.BET.D05.000208","CARSP14","Carabidae sp.","family",,"Latreille","D05.2014.MorphJ","Arnett Jr., R. H., and M. C. Thomas. 2001. American Beetles Archosemata, Myxophaga, Adephaga, Polyphaga: Staphyliniformia. 1st Vol. (C. Press, Ed.). 1st Ed. Boca Raton, FL.",,"Syw2LXB/pj+fmGCuwdgBGVryVUmYhw3g","Syw2LXB/pj+fmGCuwdgBGVryVUmYhw3g","While attempting to separate a mating pair genitalia was removed, glued back on"
"005c6e37-51df-4a66-90d4-3c2ca3fd157f","UNDE_010.basePlot.bet","D05","UNDE","UNDE_010","E","2014-08-05","2014-08-19","2014-11-20","2014-12-01","hQDJ3TYDfozU65Nt7ucSVO1iFMSqWYqhZLY68EWh/Ls=","NEON.BET.D05.000212","CARSP14","Carabidae sp.","family",,"Latreille","D05.2014.MorphJ","Arnett Jr., R. H., and M. C. Thomas. 2001. American Beetles Archosemata, Myxophaga, Adephaga, Polyphaga: Staphyliniformia. 1st Vol. (C. Press, Ed.). 1st Ed. Boca Raton, FL.",,"Syw2LXB/pj+fmGCuwdgBGVryVUmYhw3g","Syw2LXB/pj+fmGCuwdgBGVryVUmYhw3g","~10mm. Sparse setea on integument. Color is reddish-brown with legs, antennae and pronotum edges lighter. Anterior coxal cavities open posteriorly, distinguished from N. pallipes by lack or red spots on head. Tribe Lebiini, probably genus Dromius."
"676c88f5-3147-4814-9601-99ce5234963d","UNDE_017.basePlot.bet","D05","UNDE","UNDE_017","E","2014-08-05","2014-08-19","2014-10-28","2014-12-01","xHY1KmNCr20+LobO/eM3qjq5CgB9al3kp958Wz2jWMU=","NEON.BET.D05.000014","CARSP14","Carabidae sp.","family",,"Latreille","D05.2014.MorphJ","Arnett Jr., R. H., and M. C. Thomas. 2001. American Beetles Archosemata, Myxophaga, Adephaga, Polyphaga: Staphyliniformia. 1st Vol. (C. Press, Ed.). 1st Ed. Boca Raton, FL.",,"Syw2LXB/pj+fmGCuwdgBGVryVUmYhw3g","Syw2LXB/pj+fmGCuwdgBGVryVUmYhw3g","~10mm. Sparse setea on integument. Color is reddish-brown with legs, antennae and pronotum edges lighter. Anterior coxal cavities open posteriorly, distinguished from N. pallipes by lack or red spots on head. Tribe Lebiini, probably genus Dromius."
"6b026c49-45f4-458e-abb2-0fb9c9b0d35e","UNDE_001.basePlot.bet","D05","UNDE","UNDE_001","E","2014-08-05","2014-08-19","2014-11-17","2014-12-01","kh3xmoTmJnDciuWkE4m5wF8hAitRaSTMwwymL9umhR4=","NEON.BET.D05.000087","CARSP14","Carabidae sp.","family",,"Latreille","D05.2014.MorphJ","Arnett Jr., R. H., and M. C. Thomas. 2001. American Beetles Archosemata, Myxophaga, Adephaga, Polyphaga: Staphyliniformia. 1st Vol. (C. Press, Ed.). 1st Ed. Boca Raton, FL.",,"Syw2LXB/pj+fmGCuwdgBGVryVUmYhw3g","Syw2LXB/pj+fmGCuwdgBGVryVUmYhw3g","~10mm. Sparse setea on integument. Color is reddish-brown with legs, antennae and pronotum edges lighter. Anterior coxal cavities open posteriorly, distinguished from N. pallipes by lack or red spots on head. Tribe Lebiini, probably genus Dromius."
"46ecc61e-d1f4-4376-8f29-58e1db0f23e9","UNDE_001.basePlot.bet","D05","UNDE","UNDE_001","E","2014-08-05","2014-08-19","2014-11-17","2014-12-01","kh3xmoTmJnDciuWkE4m5wF8hAitRaSTMwwymL9umhR4=","NEON.BET.D05.000086","CARSP14","Carabidae sp.","family",,"Latreille","D05.2014.MorphJ","Arnett Jr., R. H., and M. C. Thomas. 2001. American Beetles Archosemata, Myxophaga, Adephaga, Polyphaga: Staphyliniformia. 1st Vol. (C. Press, Ed.). 1st Ed. Boca Raton, FL.",,"Syw2LXB/pj+fmGCuwdgBGVryVUmYhw3g","Syw2LXB/pj+fmGCuwdgBGVryVUmYhw3g","~10mm. Sparse setea on integument. Color is reddish-brown with legs, antennae and pronotum edges lighter. Anterior coxal cavities open posteriorly, distinguished from N. pallipes by lack or red spots on head. Tribe Lebiini, probably genus Dromius."
"1f80ba76-2354-4fa9-81e0-6e1d9c0acfb0","UNDE_001.basePlot.bet","D05","UNDE","UNDE_001","E","2014-08-05","2014-08-19","2014-11-17","2014-12-01","kh3xmoTmJnDciuWkE4m5wF8hAitRaSTMwwymL9umhR4=","NEON.BET.D05.000090","CARSP14","Carabidae sp.","family",,"Latreille","D05.2014.MorphJ","Arnett Jr., R. H., and M. C. Thomas. 2001. American Beetles Archosemata, Myxophaga, Adephaga, Polyphaga: Staphyliniformia. 1st Vol. (C. Press, Ed.). 1st Ed. Boca Raton, FL.",,"Syw2LXB/pj+fmGCuwdgBGVryVUmYhw3g","Syw2LXB/pj+fmGCuwdgBGVryVUmYhw3g","~10mm. Sparse setea on integument. Color is reddish-brown with legs, antennae and pronotum edges lighter. Anterior coxal cavities open posteriorly, distinguished from N. pallipes by lack or red spots on head. Tribe Lebiini, probably genus Dromius."
"a6f58c5e-9b7b-492c-b808-c7c10c375b3a","UNDE_006.basePlot.bet","D05","UNDE","UNDE_006","E","2014-08-05","2014-08-19","2014-10-28","2014-11-21","izIYmtFoQUiRFPrYrqgvmVubQYvZ2m4tOg5VxPvVR4A=","NEON.BET.D05.000016","CARSP14","Carabidae sp.","family",,"Latreille","D05.2014.MorphA","Arnett Jr., R. H., and M. C. Thomas. 2001. American Beetles Archosemata, Myxophaga, Adephaga, Polyphaga: Staphyliniformia. 1st Vol. (C. Press, Ed.). 1st Ed. Boca Raton, FL.",,"Syw2LXB/pj+fmGCuwdgBGVryVUmYhw3g","Syw2LXB/pj+fmGCuwdgBGVryVUmYhw3g","Believe to be cysod2, but not 100% sure the genus is correct (cg). 16-21mm, differs from ptecor1 by tooth at basal angle of pronotum."
"7112d89d-cc49-459e-853b-820781a1cab2","UNDE_006.basePlot.bet","D05","UNDE","UNDE_006","E","2014-08-05","2014-08-19","2014-10-28","2014-11-21","izIYmtFoQUiRFPrYrqgvmVubQYvZ2m4tOg5VxPvVR4A=","NEON.BET.D05.000018","CARSP14","Carabidae sp.","family",,"Latreille","D05.2014.MorphF","Arnett Jr., R. H., and M. C. Thomas. 2001. American Beetles Archosemata, Myxophaga, Adephaga, Polyphaga: Staphyliniformia. 1st Vol. (C. Press, Ed.). 1st Ed. Boca Raton, FL.",,"bhyqAGH4uRkcir9xDj7d5wq9Q3xNnOdK","Syw2LXB/pj+fmGCuwdgBGVryVUmYhw3g","Approximately 10mm in length. Elytra black. Head, pronotum, and appendages yellow to brown. Distinguished from similar species by shape of pronotum that does not constrict at the base but appears to be somewhat squared-off."
"0350023f-5374-46b0-8b43-980ea94adc4a","UNDE_010.basePlot.bet","D05","UNDE","UNDE_010","E","2014-08-05","2014-08-19","2014-11-20","2014-12-01","hQDJ3TYDfozU65Nt7ucSVO1iFMSqWYqhZLY68EWh/Ls=","NEON.BET.D05.000210","CARSP14","Carabidae sp.","family",,"Latreille","D05.2014.MorphJ","Arnett Jr., R. H., and M. C. Thomas. 2001. American Beetles Archosemata, Myxophaga, Adephaga, Polyphaga: Staphyliniformia. 1st Vol. (C. Press, Ed.). 1st Ed. Boca Raton, FL.",,"Syw2LXB/pj+fmGCuwdgBGVryVUmYhw3g","Syw2LXB/pj+fmGCuwdgBGVryVUmYhw3g","~10mm. Sparse setea on integument. Color is reddish-brown with legs, antennae and pronotum edges lighter. Anterior coxal cavities open posteriorly, distinguished from N. pallipes by lack or red spots on head. Tribe Lebiini, probably genus Dromius."
"edd1891e-15bb-4d41-9253-241f52e860ec","UNDE_010.basePlot.bet","D05","UNDE","UNDE_010","E","2014-08-05","2014-08-19","2014-11-20","2014-12-01","hQDJ3TYDfozU65Nt7ucSVO1iFMSqWYqhZLY68EWh/Ls=","NEON.BET.D05.000214","CARSP14","Carabidae sp.","family",,"Latreille","D05.2014.MorphJ","Arnett Jr., R. H., and M. C. Thomas. 2001. American Beetles Archosemata, Myxophaga, Adephaga, Polyphaga: Staphyliniformia. 1st Vol. (C. Press, Ed.). 1st Ed. Boca Raton, FL.",,"Syw2LXB/pj+fmGCuwdgBGVryVUmYhw3g","Syw2LXB/pj+fmGCuwdgBGVryVUmYhw3g","~10mm. Sparse setea on integument. Color is reddish-brown with legs, antennae and pronotum edges lighter. Anterior coxal cavities open posteriorly, distinguished from N. pallipes by lack or red spots on head. Tribe Lebiini, probably genus Dromius."
"78e05d5c-e977-4d7d-b333-acd912dd23aa","UNDE_010.basePlot.bet","D05","UNDE","UNDE_010","E","2014-08-05","2014-08-19","2014-11-20","2014-12-01","hQDJ3TYDfozU65Nt7ucSVO1iFMSqWYqhZLY68EWh/Ls=","NEON.BET.D05.000207","CARSP14","Carabidae sp.","family",,"Latreille","D05.2014.MorphJ","Arnett Jr., R. H., and M. C. Thomas. 2001. American Beetles Archosemata, Myxophaga, Adephaga, Polyphaga: Staphyliniformia. 1st Vol. (C. Press, Ed.). 1st Ed. Boca Raton, FL.",,"Syw2LXB/pj+fmGCuwdgBGVryVUmYhw3g","Syw2LXB/pj+fmGCuwdgBGVryVUmYhw3g","~10mm. Sparse setea on integument. Color is reddish-brown with legs, antennae and pronotum edges lighter. Anterior coxal cavities open posteriorly, distinguished from N. pallipes by lack or red spots on head. Tribe Lebiini, probably genus Dromius."
"8e12bbc7-d723-407a-8e36-92bb7c24d88d","UNDE_010.basePlot.bet","D05","UNDE","UNDE_010","E","2014-08-05","2014-08-19","2014-11-20","2014-12-01","hQDJ3TYDfozU65Nt7ucSVO1iFMSqWYqhZLY68EWh/Ls=","NEON.BET.D05.000217","CARSP14","Carabidae sp.","family",,"Latreille","D05.2014.MorphJ","Arnett Jr., R. H., and M. C. Thomas. 2001. American Beetles Archosemata, Myxophaga, Adephaga, Polyphaga: Staphyliniformia. 1st Vol. (C. Press, Ed.). 1st Ed. Boca Raton, FL.",,"Syw2LXB/pj+fmGCuwdgBGVryVUmYhw3g","Syw2LXB/pj+fmGCuwdgBGVryVUmYhw3g","~10mm. Sparse setea on integument. Color is reddish-brown with legs, antennae and pronotum edges lighter. Anterior coxal cavities open posteriorly, distinguished from N. pallipes by lack or red spots on head. Tribe Lebiini, probably genus Dromius."
"1da2b896-d155-4035-afd1-0cf31efbc66b","UNDE_010.basePlot.bet","D05","UNDE","UNDE_010","E","2014-08-05","2014-08-19","2014-11-20","2014-12-01","hQDJ3TYDfozU65Nt7ucSVO1iFMSqWYqhZLY68EWh/Ls=","NEON.BET.D05.000206","CARSP14","Carabidae sp.","family",,"Latreille","D05.2014.MorphJ","Arnett Jr., R. H., and M. C. Thomas. 2001. American Beetles Archosemata, Myxophaga, Adephaga, Polyphaga: Staphyliniformia. 1st Vol. (C. Press, Ed.). 1st Ed. Boca Raton, FL.",,"Syw2LXB/pj+fmGCuwdgBGVryVUmYhw3g","Syw2LXB/pj+fmGCuwdgBGVryVUmYhw3g","~10mm. Sparse setea on integument. Color is reddish-brown with legs, antennae and pronotum edges lighter. Anterior coxal cavities open posteriorly, distinguished from N. pallipes by lack or red spots on head. Tribe Lebiini, probably genus Dromius."
"dc5cbe1a-a829-4b35-aa5c-9f505d22a125","UNDE_010.basePlot.bet","D05","UNDE","UNDE_010","E","2014-08-05","2014-08-19","2014-11-20","2014-12-01","hQDJ3TYDfozU65Nt7ucSVO1iFMSqWYqhZLY68EWh/Ls=","NEON.BET.D05.000219","CARSP14","Carabidae sp.","family",,"Latreille","D05.2014.MorphJ","Arnett Jr., R. H., and M. C. Thomas. 2001. American Beetles Archosemata, Myxophaga, Adephaga, Polyphaga: Staphyliniformia. 1st Vol. (C. Press, Ed.). 1st Ed. Boca Raton, FL.",,"Syw2LXB/pj+fmGCuwdgBGVryVUmYhw3g","Syw2LXB/pj+fmGCuwdgBGVryVUmYhw3g","~10mm. Sparse setea on integument. Color is reddish-brown with legs, antennae and pronotum edges lighter. Anterior coxal cavities open posteriorly, distinguished from N. pallipes by lack or red spots on head. Tribe Lebiini, probably genus Dromius."
"57e97502-1c08-455d-bd9b-44bb189d8b12","UNDE_017.basePlot.bet","D05","UNDE","UNDE_017","E","2014-08-05","2014-08-19","2014-10-28","2014-12-01","xHY1KmNCr20+LobO/eM3qjq5CgB9al3kp958Wz2jWMU=","NEON.BET.D05.000013","CARSP14","Carabidae sp.","family",,"Latreille","D05.2014.MorphJ","Other",,"Syw2LXB/pj+fmGCuwdgBGVryVUmYhw3g","Syw2LXB/pj+fmGCuwdgBGVryVUmYhw3g","Approximately 10mm in length, sparse setea on integument (not densely hairy). Color is reddish-brown with legs, antennae and pronotum edges lighter. In tribe Lebiini, probably genus Dromius."
"e5a1d8e4-48fc-4ee2-857d-5202cf762316","UNDE_001.basePlot.bet","D05","UNDE","UNDE_001","E","2014-08-05","2014-08-19","2014-11-17","2014-12-01","kh3xmoTmJnDciuWkE4m5wF8hAitRaSTMwwymL9umhR4=","NEON.BET.D05.000085","CARSP14","Carabidae sp.","family",,"Latreille","D05.2014.MorphJ","Arnett Jr., R. H., and M. C. Thomas. 2001. American Beetles Archosemata, Myxophaga, Adephaga, Polyphaga: Staphyliniformia. 1st Vol. (C. Press, Ed.). 1st Ed. Boca Raton, FL.",,"Syw2LXB/pj+fmGCuwdgBGVryVUmYhw3g","Syw2LXB/pj+fmGCuwdgBGVryVUmYhw3g","~10mm. Sparse setea on integument. Color is reddish-brown with legs, antennae and pronotum edges lighter. Anterior coxal cavities open posteriorly, distinguished from N. pallipes by lack or red spots on head. Tribe Lebiini, probably genus Dromius."
"f207276b-435e-44a7-970a-a1d9f80a0376","UNDE_001.basePlot.bet","D05","UNDE","UNDE_001","E","2014-08-05","2014-08-19","2014-11-17","2014-12-01","kh3xmoTmJnDciuWkE4m5wF8hAitRaSTMwwymL9umhR4=","NEON.BET.D05.000084","CARSP14","Carabidae sp.","family",,"Latreille","D05.2014.MorphJ","Arnett Jr., R. H., and M. C. Thomas. 2001. American Beetles Archosemata, Myxophaga, Adephaga, Polyphaga: Staphyliniformia. 1st Vol. (C. Press, Ed.). 1st Ed. Boca Raton, FL.",,"Syw2LXB/pj+fmGCuwdgBGVryVUmYhw3g","Syw2LXB/pj+fmGCuwdgBGVryVUmYhw3g","~10mm. Sparse setea on integument. Color is reddish-brown with legs, antennae and pronotum edges lighter. Anterior coxal cavities open posteriorly, distinguished from N. pallipes by lack or red spots on head. Tribe Lebiini, probably genus Dromius."
"5ad31d88-cf9e-4e1a-bcf0-9b8b7b37dfd8","UNDE_010.basePlot.bet","D05","UNDE","UNDE_010","E","2014-08-05","2014-08-19","2014-11-20","2014-12-01","hQDJ3TYDfozU65Nt7ucSVO1iFMSqWYqhZLY68EWh/Ls=","NEON.BET.D05.000218","CARSP14","Carabidae sp.","family",,"Latreille","D05.2014.MorphJ","Arnett Jr., R. H., and M. C. Thomas. 2001. American Beetles Archosemata, Myxophaga, Adephaga, Polyphaga: Staphyliniformia. 1st Vol. (C. Press, Ed.). 1st Ed. Boca Raton, FL.",,"Syw2LXB/pj+fmGCuwdgBGVryVUmYhw3g","Syw2LXB/pj+fmGCuwdgBGVryVUmYhw3g","~10mm. Sparse setea on integument. Color is reddish-brown with legs, antennae and pronotum edges lighter. Anterior coxal cavities open posteriorly, distinguished from N. pallipes by lack or red spots on head. Tribe Lebiini, probably genus Dromius."
"2f45c31b-fb26-469f-ab0a-a8e9c8aa5b17","UNDE_007.basePlot.bet","D05","UNDE","UNDE_007","E","2014-08-05","2014-08-19","2014-11-19","2014-12-01","sj+sxzQpSGCOU7NIKxgpI0wxozu/kVSNRTUqWlSy3aA=","NEON.BET.D05.000135","CARSP14","Carabidae sp.","family",,"Latreille","D05.2014.MorphJ","Arnett Jr., R. H., and M. C. Thomas. 2001. American Beetles Archosemata, Myxophaga, Adephaga, Polyphaga: Staphyliniformia. 1st Vol. (C. Press, Ed.). 1st Ed. Boca Raton, FL.",,"Syw2LXB/pj+fmGCuwdgBGVryVUmYhw3g","Syw2LXB/pj+fmGCuwdgBGVryVUmYhw3g","~10mm. Sparse setea on integument. Color is reddish-brown with legs, antennae and pronotum edges lighter. Anterior coxal cavities open posteriorly, distinguished from N. pallipes by lack or red spots on head. Tribe Lebiini, probably genus Dromius."
"5040e591-cf63-4745-ab95-1f7fa00ef64e","UNDE_008.basePlot.bet","D05","UNDE","UNDE_008","E","2014-08-05","2014-08-19","2014-11-20","2014-12-01","MjA7sUqH2CbDGuNqiE7zz20MGspLkSHVG7Ft1PoKTUA=","NEON.BET.D05.000173","CARSP14","Carabidae sp.","family",,"Latreille","D05.2014.MorphJ","Arnett Jr., R. H., and M. C. Thomas. 2001. American Beetles Archosemata, Myxophaga, Adephaga, Polyphaga: Staphyliniformia. 1st Vol. (C. Press, Ed.). 1st Ed. Boca Raton, FL.",,"Syw2LXB/pj+fmGCuwdgBGVryVUmYhw3g","Syw2LXB/pj+fmGCuwdgBGVryVUmYhw3g","~10mm. Sparse setea on integument. Color is reddish-brown with legs, antennae and pronotum edges lighter. Anterior coxal cavities open posteriorly, distinguished from N. pallipes by lack or red spots on head. Tribe Lebiini, probably genus Dromius."
"60057366-e409-480a-95c0-661645978c1f","UNDE_001.basePlot.bet","D05","UNDE","UNDE_001","E","2014-08-05","2014-08-19","2014-11-17","2014-12-01","kh3xmoTmJnDciuWkE4m5wF8hAitRaSTMwwymL9umhR4=","NEON.BET.D05.000088","CARSP14","Carabidae sp.","family",,"Latreille","D05.2014.MorphJ","Arnett Jr., R. H., and M. C. Thomas. 2001. American Beetles Archosemata, Myxophaga, Adephaga, Polyphaga: Staphyliniformia. 1st Vol. (C. Press, Ed.). 1st Ed. Boca Raton, FL.",,"Syw2LXB/pj+fmGCuwdgBGVryVUmYhw3g","Syw2LXB/pj+fmGCuwdgBGVryVUmYhw3g","~10mm. Sparse setea on integument. Color is reddish-brown with legs, antennae and pronotum edges lighter. Anterior coxal cavities open posteriorly, distinguished from N. pallipes by lack or red spots on head. Tribe Lebiini, probably genus Dromius."
"ea653029-e174-448c-896a-b47903f0fdf2","UNDE_011.basePlot.bet","D05","UNDE","UNDE_011","E","2014-08-05","2014-08-19","2014-11-19","2014-12-01","0Ya1AWR2lPgwAzkVThZeiM+bPSuqmXeAEslN2cyWlKo=","NEON.BET.D05.000114","CARSP14","Carabidae sp.","family",,"Latreille","D05.2014.MorphJ","Arnett Jr., R. H., and M. C. Thomas. 2001. American Beetles Archosemata, Myxophaga, Adephaga, Polyphaga: Staphyliniformia. 1st Vol. (C. Press, Ed.). 1st Ed. Boca Raton, FL.",,"Syw2LXB/pj+fmGCuwdgBGVryVUmYhw3g","Syw2LXB/pj+fmGCuwdgBGVryVUmYhw3g","~10mm. Sparse setea on integument. Color is reddish-brown with legs, antennae and pronotum edges lighter. Anterior coxal cavities open posteriorly, distinguished from N. pallipes by lack or red spots on head. Tribe Lebiini, probably genus Dromius."
"36a73232-46d5-426d-b668-c0376be09fc3","UNDE_006.basePlot.bet","D05","UNDE","UNDE_006","E","2014-08-05","2014-08-19","2014-10-28","2014-11-21","izIYmtFoQUiRFPrYrqgvmVubQYvZ2m4tOg5VxPvVR4A=","NEON.BET.D05.000017","CARSP14","Carabidae sp.","family",,"Latreille","D05.2014.MorphA","Arnett Jr., R. H., and M. C. Thomas. 2001. American Beetles Archosemata, Myxophaga, Adephaga, Polyphaga: Staphyliniformia. 1st Vol. (C. Press, Ed.). 1st Ed. Boca Raton, FL.",,"Syw2LXB/pj+fmGCuwdgBGVryVUmYhw3g","Syw2LXB/pj+fmGCuwdgBGVryVUmYhw3g","Believe to be cysod2, but not 100% sure the genus is correct (cg). 16-21mm, differs from ptecor1 by tooth at basal angle of pronotum."
"45403b5a-7ca0-42be-8df7-c458fed0cea1","UNDE_008.basePlot.bet","D05","UNDE","UNDE_008","E","2014-08-05","2014-08-19","2014-11-20","2014-12-01","MjA7sUqH2CbDGuNqiE7zz20MGspLkSHVG7Ft1PoKTUA=","NEON.BET.D05.000170","CARSP14","Carabidae sp.","family",,"Latreille","D05.2014.MorphJ","Arnett Jr., R. H., and M. C. Thomas. 2001. American Beetles Archosemata, Myxophaga, Adephaga, Polyphaga: Staphyliniformia. 1st Vol. (C. Press, Ed.). 1st Ed. Boca Raton, FL.",,"Syw2LXB/pj+fmGCuwdgBGVryVUmYhw3g","Syw2LXB/pj+fmGCuwdgBGVryVUmYhw3g","~10mm. Sparse setea on integument. Color is reddish-brown with legs, antennae and pronotum edges lighter. Anterior coxal cavities open posteriorly, distinguished from N. pallipes by lack or red spots on head. Tribe Lebiini, probably genus Dromius."
"06bcbf4b-a8a4-40c2-87c5-826c47785d86","UNDE_008.basePlot.bet","D05","UNDE","UNDE_008","E","2014-08-05","2014-08-19","2014-11-20","2014-12-01","MjA7sUqH2CbDGuNqiE7zz20MGspLkSHVG7Ft1PoKTUA=","NEON.BET.D05.000172","CARSP14","Carabidae sp.","family",,"Latreille","D05.2014.MorphJ","Arnett Jr., R. H., and M. C. Thomas. 2001. American Beetles Archosemata, Myxophaga, Adephaga, Polyphaga: Staphyliniformia. 1st Vol. (C. Press, Ed.). 1st Ed. Boca Raton, FL.",,"Syw2LXB/pj+fmGCuwdgBGVryVUmYhw3g","Syw2LXB/pj+fmGCuwdgBGVryVUmYhw3g","~10mm. Sparse setea on integument. Color is reddish-brown with legs, antennae and pronotum edges lighter. Anterior coxal cavities open posteriorly, distinguished from N. pallipes by lack or red spots on head. Tribe Lebiini, probably genus Dromius."
"20a9568a-16ce-4e79-81b1-6d48d91a5b2e","UNDE_011.basePlot.bet","D05","UNDE","UNDE_011","E","2014-08-05","2014-08-19","2014-11-19","2014-12-01","0Ya1AWR2lPgwAzkVThZeiM+bPSuqmXeAEslN2cyWlKo=","NEON.BET.D05.000113","CARSP14","Carabidae sp.","family",,"Latreille","D05.2014.MorphJ","Arnett Jr., R. H., and M. C. Thomas. 2001. American Beetles Archosemata, Myxophaga, Adephaga, Polyphaga: Staphyliniformia. 1st Vol. (C. Press, Ed.). 1st Ed. Boca Raton, FL.",,"Syw2LXB/pj+fmGCuwdgBGVryVUmYhw3g","Syw2LXB/pj+fmGCuwdgBGVryVUmYhw3g","~10mm. Sparse setea on integument. Color is reddish-brown with legs, antennae and pronotum edges lighter. Anterior coxal cavities open posteriorly, distinguished from N. pallipes by lack or red spots on head. Tribe Lebiini, probably genus Dromius."
"bb0f2c09-88d6-40ae-a6e2-b81c84464924","UNDE_006.basePlot.bet","D05","UNDE","UNDE_006","E","2014-08-05","2014-08-19","2014-10-28","2014-11-21","izIYmtFoQUiRFPrYrqgvmVubQYvZ2m4tOg5VxPvVR4A=","NEON.BET.D05.000015","CARSP14","Carabidae sp.","family",,"Latreille","D05.2014.MorphA","Arnett Jr., R. H., and M. C. Thomas. 2001. American Beetles Archosemata, Myxophaga, Adephaga, Polyphaga: Staphyliniformia. 1st Vol. (C. Press, Ed.). 1st Ed. Boca Raton, FL.",,"Syw2LXB/pj+fmGCuwdgBGVryVUmYhw3g","Syw2LXB/pj+fmGCuwdgBGVryVUmYhw3g","16-21mm, differs from ptecor1 by tooth at basal angle of pronotum. May be cysod2."
"99e912e1-6256-444f-b908-4560577fd71b","UNDE_006.basePlot.bet","D05","UNDE","UNDE_006","E","2014-08-05","2014-08-19","2014-10-28","2014-11-21","izIYmtFoQUiRFPrYrqgvmVubQYvZ2m4tOg5VxPvVR4A=","NEON.BET.D05.000019","CARSP14","Carabidae sp.","family",,"Latreille","D05.2014.MorphH","Arnett Jr., R. H., and M. C. Thomas. 2001. American Beetles Archosemata, Myxophaga, Adephaga, Polyphaga: Staphyliniformia. 1st Vol. (C. Press, Ed.). 1st Ed. Boca Raton, FL.",,"Syw2LXB/pj+fmGCuwdgBGVryVUmYhw3g","Syw2LXB/pj+fmGCuwdgBGVryVUmYhw3g","In the genus Cymindis, species unknown. Approximately 10mm in length. Head and pronotum densely punctate, pronotum and elytra covered with dense hair. Elytra truncate. Pronotum constricted at base with pale edges. Tarsal claws serreted."
"89b9c5df-5148-424e-9dd6-faf5780a9c05","UNDE_011.basePlot.bet","D05","UNDE","UNDE_011","E","2014-08-05","2014-08-19","2014-11-19","2014-12-01","0Ya1AWR2lPgwAzkVThZeiM+bPSuqmXeAEslN2cyWlKo=","NEON.BET.D05.000115","CARSP14","Carabidae sp.","family",,"Latreille","D05.2014.MorphJ","Arnett Jr., R. H., and M. C. Thomas. 2001. American Beetles Archosemata, Myxophaga, Adephaga, Polyphaga: Staphyliniformia. 1st Vol. (C. Press, Ed.). 1st Ed. Boca Raton, FL.",,"Syw2LXB/pj+fmGCuwdgBGVryVUmYhw3g","Syw2LXB/pj+fmGCuwdgBGVryVUmYhw3g","~10mm. Sparse setea on integument. Color is reddish-brown with legs, antennae and pronotum edges lighter. Anterior coxal cavities open posteriorly, distinguished from N. pallipes by lack or red spots on head. Tribe Lebiini, probably genus Dromius."
"15a9d98a-d8c8-4d44-b165-5bebf352f14a","UNDE_011.basePlot.bet","D05","UNDE","UNDE_011","E","2014-08-05","2014-08-19","2014-11-19","2014-11-21","0Ya1AWR2lPgwAzkVThZeiM+bPSuqmXeAEslN2cyWlKo=","NEON.BET.D05.000116","PTECOR1","Pterostichus coracinus","species",,"Newman",,"Arnett Jr., R. H., and M. C. Thomas. 2001. American Beetles Archosemata, Myxophaga, Adephaga, Polyphaga: Staphyliniformia. 1st Vol. (C. Press, Ed.). 1st Ed. Boca Raton, FL.",,"Syw2LXB/pj+fmGCuwdgBGVryVUmYhw3g","Syw2LXB/pj+fmGCuwdgBGVryVUmYhw3g",
"a887792c-d7f9-48a6-a549-62e7600badff","UNDE_008.basePlot.bet","D05","UNDE","UNDE_008","E","2014-08-05","2014-08-19","2014-11-20","2014-12-01","MjA7sUqH2CbDGuNqiE7zz20MGspLkSHVG7Ft1PoKTUA=","NEON.BET.D05.000171","CARSP14","Carabidae sp.","family",,"Latreille","D05.2014.MorphJ","Arnett Jr., R. H., and M. C. Thomas. 2001. American Beetles Archosemata, Myxophaga, Adephaga, Polyphaga: Staphyliniformia. 1st Vol. (C. Press, Ed.). 1st Ed. Boca Raton, FL.",,"Syw2LXB/pj+fmGCuwdgBGVryVUmYhw3g","Syw2LXB/pj+fmGCuwdgBGVryVUmYhw3g","~10mm. Sparse setea on integument. Color is reddish-brown with legs, antennae and pronotum edges lighter. Anterior coxal cavities open posteriorly, distinguished from N. pallipes by lack or red spots on head. Tribe Lebiini, probably genus Dromius."
"744fef40-4ff9-4988-bcc4-4ee2ca5e9a6e","UNDE_001.basePlot.bet","D05","UNDE","UNDE_001","E","2014-08-05","2014-08-19","2014-11-17","2014-12-01","kh3xmoTmJnDciuWkE4m5wF8hAitRaSTMwwymL9umhR4=","NEON.BET.D05.000089","CARSP14","Carabidae sp.","family",,"Latreille","D05.2014.MorphJ","Arnett Jr., R. H., and M. C. Thomas. 2001. American Beetles Archosemata, Myxophaga, Adephaga, Polyphaga: Staphyliniformia. 1st Vol. (C. Press, Ed.). 1st Ed. Boca Raton, FL.",,"Syw2LXB/pj+fmGCuwdgBGVryVUmYhw3g","Syw2LXB/pj+fmGCuwdgBGVryVUmYhw3g","~10mm. Sparse setea on integument. Color is reddish-brown with legs, antennae and pronotum edges lighter. Anterior coxal cavities open posteriorly, distinguished from N. pallipes by lack or red spots on head. Tribe Lebiini, probably genus Dromius."
"8e8d8f55-0889-4c68-9b57-d2c89483e273","UNDE_007.basePlot.bet","D05","UNDE","UNDE_007","E","2014-08-05","2014-08-19","2014-11-19","2014-12-01","sj+sxzQpSGCOU7NIKxgpI0wxozu/kVSNRTUqWlSy3aA=","NEON.BET.D05.000133","CARSP14","Carabidae sp.","family",,"Latreille","D05.2014.MorphJ","Arnett Jr., R. H., and M. C. Thomas. 2001. American Beetles Archosemata, Myxophaga, Adephaga, Polyphaga: Staphyliniformia. 1st Vol. (C. Press, Ed.). 1st Ed. Boca Raton, FL.",,"Syw2LXB/pj+fmGCuwdgBGVryVUmYhw3g","Syw2LXB/pj+fmGCuwdgBGVryVUmYhw3g","~10mm. Sparse setea on integument. Color is reddish-brown with legs, antennae and pronotum edges lighter. Anterior coxal cavities open posteriorly, distinguished from N. pallipes by lack or red spots on head. Tribe Lebiini, probably genus Dromius."
"dbff64cd-abd4-47b0-a7b2-84198fb0e60a","UNDE_017.basePlot.bet","D05","UNDE","UNDE_017","E","2014-08-05","2014-08-19","2014-10-28","2014-11-21","xHY1KmNCr20+LobO/eM3qjq5CgB9al3kp958Wz2jWMU=","NEON.BET.D05.000012","CARNEM","Carabus nemoralis nemoralis","subspecies",,"Mueller",,"Evans, A. V. 2014. Beetles of Eastern North America. 1st Ed. Princeton University Press, Princeton, NJ.",,"Syw2LXB/pj+fmGCuwdgBGVryVUmYhw3g","Syw2LXB/pj+fmGCuwdgBGVryVUmYhw3g",
"1d91dfb2-f49b-40c9-bf99-d612d087152a","UNDE_010.basePlot.bet","D05","UNDE","UNDE_010","E","2014-08-05","2014-08-19","2014-11-20","2014-12-01","hQDJ3TYDfozU65Nt7ucSVO1iFMSqWYqhZLY68EWh/Ls=","NEON.BET.D05.000213","CARSP14","Carabidae sp.","family",,"Latreille","D05.2014.MorphJ","Arnett Jr., R. H., and M. C. Thomas. 2001. American Beetles Archosemata, Myxophaga, Adephaga, Polyphaga: Staphyliniformia. 1st Vol. (C. Press, Ed.). 1st Ed. Boca Raton, FL.",,"Syw2LXB/pj+fmGCuwdgBGVryVUmYhw3g","Syw2LXB/pj+fmGCuwdgBGVryVUmYhw3g","~10mm. Sparse setea on integument. Color is reddish-brown with legs, antennae and pronotum edges lighter. Anterior coxal cavities open posteriorly, distinguished from N. pallipes by lack or red spots on head. Tribe Lebiini, probably genus Dromius."
"8490d1b4-babd-40c6-9732-c598140689cf","UNDE_007.basePlot.bet","D05","UNDE","UNDE_007","E","2014-08-05","2014-08-19","2014-11-19","2014-12-01","sj+sxzQpSGCOU7NIKxgpI0wxozu/kVSNRTUqWlSy3aA=","NEON.BET.D05.000134","CARSP14","Carabidae sp.","family",,"Latreille","D05.2014.MorphJ","Arnett Jr., R. H., and M. C. Thomas. 2001. American Beetles Archosemata, Myxophaga, Adephaga, Polyphaga: Staphyliniformia. 1st Vol. (C. Press, Ed.). 1st Ed. Boca Raton, FL.",,"Syw2LXB/pj+fmGCuwdgBGVryVUmYhw3g","Syw2LXB/pj+fmGCuwdgBGVryVUmYhw3g","~10mm. Sparse setea on integument. Color is reddish-brown with legs, antennae and pronotum edges lighter. Anterior coxal cavities open posteriorly, distinguished from N. pallipes by lack or red spots on head. Tribe Lebiini, probably genus Dromius."
"0a2bbd21-19f8-4913-b8d3-83c2b9f1f95d","UNDE_010.basePlot.bet","D05","UNDE","UNDE_010","E","2014-08-05","2014-08-19","2014-11-20","2014-12-01","hQDJ3TYDfozU65Nt7ucSVO1iFMSqWYqhZLY68EWh/Ls=","NEON.BET.D05.000209","CARSP14","Carabidae sp.","family",,"Latreille","D05.2014.MorphJ","Arnett Jr., R. H., and M. C. Thomas. 2001. American Beetles Archosemata, Myxophaga, Adephaga, Polyphaga: Staphyliniformia. 1st Vol. (C. Press, Ed.). 1st Ed. Boca Raton, FL.",,"Syw2LXB/pj+fmGCuwdgBGVryVUmYhw3g","Syw2LXB/pj+fmGCuwdgBGVryVUmYhw3g","~10mm. Sparse setea on integument. Color is reddish-brown with legs, antennae and pronotum edges lighter. Anterior coxal cavities open posteriorly, distinguished from N. pallipes by lack or red spots on head. Tribe Lebiini, probably genus Dromius."
"51718065-1425-4d45-ab44-282b54227ae8","UNDE_010.basePlot.bet","D05","UNDE","UNDE_010","E","2014-08-05","2014-08-19","2014-11-20","2014-12-01","hQDJ3TYDfozU65Nt7ucSVO1iFMSqWYqhZLY68EWh/Ls=","NEON.BET.D05.000211","CARSP14","Carabidae sp.","family",,"Latreille","D05.2014.MorphJ","Arnett Jr., R. H., and M. C. Thomas. 2001. American Beetles Archosemata, Myxophaga, Adephaga, Polyphaga: Staphyliniformia. 1st Vol. (C. Press, Ed.). 1st Ed. Boca Raton, FL.",,"Syw2LXB/pj+fmGCuwdgBGVryVUmYhw3g","Syw2LXB/pj+fmGCuwdgBGVryVUmYhw3g","~10mm. Sparse setea on integument. Color is reddish-brown with legs, antennae and pronotum edges lighter. Anterior coxal cavities open posteriorly, distinguished from N. pallipes by lack or red spots on head. Tribe Lebiini, probably genus Dromius."
"442f90aa-e444-4e60-839e-3903815c2560","UNDE_010.basePlot.bet","D05","UNDE","UNDE_010","E","2014-08-05","2014-08-19","2014-11-20","2014-12-01","hQDJ3TYDfozU65Nt7ucSVO1iFMSqWYqhZLY68EWh/Ls=","NEON.BET.D05.000215","CARSP14","Carabidae sp.","family",,"Latreille","D05.2014.MorphJ","Arnett Jr., R. H., and M. C. Thomas. 2001. American Beetles Archosemata, Myxophaga, Adephaga, Polyphaga: Staphyliniformia. 1st Vol. (C. Press, Ed.). 1st Ed. Boca Raton, FL.",,"Syw2LXB/pj+fmGCuwdgBGVryVUmYhw3g","Syw2LXB/pj+fmGCuwdgBGVryVUmYhw3g","~10mm. Sparse setea on integument. Color is reddish-brown with legs, antennae and pronotum edges lighter. Anterior coxal cavities open posteriorly, distinguished from N. pallipes by lack or red spots on head. Tribe Lebiini, probably genus Dromius."
"f5801c95-eb7d-48b1-af6b-dcb7e4327514","UNDE_006.basePlot.bet","D05","UNDE","UNDE_006","N","2014-08-05","2014-08-19","2014-11-19","2014-11-21","izIYmtFoQUgGh2Ie4GyE1eiVr56Ya9Io7jo0/fhJt+k=","NEON.BET.D05.000110","CARSP14","Carabidae sp.","family",,"Latreille","D05.2014.MorphA","Arnett Jr., R. H., and M. C. Thomas. 2001. American Beetles Archosemata, Myxophaga, Adephaga, Polyphaga: Staphyliniformia. 1st Vol. (C. Press, Ed.). 1st Ed. Boca Raton, FL.",,"Syw2LXB/pj+fmGCuwdgBGVryVUmYhw3g","Syw2LXB/pj+fmGCuwdgBGVryVUmYhw3g","Believe to be cysod2, but not 100% sure the genus is correct (cg). 16-21mm, differs from ptecor1 by tooth at basal angle of pronotum."
"b921e67a-c14f-4671-b0c8-11ac263aed2d","UNDE_006.basePlot.bet","D05","UNDE","UNDE_006","N","2014-08-05","2014-08-19","2014-11-19","2014-11-21","izIYmtFoQUgGh2Ie4GyE1eiVr56Ya9Io7jo0/fhJt+k=","NEON.BET.D05.000109","CARSP14","Carabidae sp.","family",,"Latreille","D05.2014.MorphA","Arnett Jr., R. H., and M. C. Thomas. 2001. American Beetles Archosemata, Myxophaga, Adephaga, Polyphaga: Staphyliniformia. 1st Vol. (C. Press, Ed.). 1st Ed. Boca Raton, FL.",,"Syw2LXB/pj+fmGCuwdgBGVryVUmYhw3g","Syw2LXB/pj+fmGCuwdgBGVryVUmYhw3g","Believe to be cysod2, but not 100% sure the genus is correct (cg). 16-21mm, differs from ptecor1 by tooth at basal angle of pronotum."
"369f3930-a52d-45f7-be34-2953c2e4d6db","UNDE_017.basePlot.bet","D05","UNDE","UNDE_017","N","2014-08-05","2014-08-19","2014-11-17","2014-12-01","xHY1KmNCr21mtrSZScb2PD0ZzVtQSupUM/LFAv+YS/0=","NEON.BET.D05.000030","CARSP14","Carabidae sp.","family",,"Latreille","D05.2014.MorphJ","Arnett Jr., R. H., and M. C. Thomas. 2001. American Beetles Archosemata, Myxophaga, Adephaga, Polyphaga: Staphyliniformia. 1st Vol. (C. Press, Ed.). 1st Ed. Boca Raton, FL.",,"Syw2LXB/pj+fmGCuwdgBGVryVUmYhw3g","Syw2LXB/pj+fmGCuwdgBGVryVUmYhw3g","~10mm. Sparse setea on integument. Color is reddish-brown with legs, antennae and pronotum edges lighter. Anterior coxal cavities open posteriorly, distinguished from N. pallipes by lack or red spots on head. Tribe Lebiini, probably genus Dromius."
"e7d4a7b8-86bf-41cf-80e9-7878a109e6c3","UNDE_017.basePlot.bet","D05","UNDE","UNDE_017","N","2014-08-05","2014-08-19","2014-11-17","2014-11-21","xHY1KmNCr21mtrSZScb2PD0ZzVtQSupUM/LFAv+YS/0=","NEON.BET.D05.000028","CARNEM","Carabus nemoralis nemoralis","subspecies",,"Mueller",,"Evans, A. V. 2014. Beetles of Eastern North America. 1st Ed. Princeton University Press, Princeton, NJ.",,"Syw2LXB/pj+fmGCuwdgBGVryVUmYhw3g","Syw2LXB/pj+fmGCuwdgBGVryVUmYhw3g",
"cda23f65-4653-4982-8fcb-3461079f695d","UNDE_001.basePlot.bet","D05","UNDE","UNDE_001","N","2014-08-05","2014-08-19","2014-11-19","2014-12-01","kh3xmoTmJnDjXQ+wTClirOAUIOJYIPrsp9SdW89g/ww=","NEON.BET.D05.000132","CARSP14","Carabidae sp.","family",,"Latreille","D05.2014.MorphJ","Arnett Jr., R. H., and M. C. Thomas. 2001. American Beetles Archosemata, Myxophaga, Adephaga, Polyphaga: Staphyliniformia. 1st Vol. (C. Press, Ed.). 1st Ed. Boca Raton, FL.",,"Syw2LXB/pj+fmGCuwdgBGVryVUmYhw3g","Syw2LXB/pj+fmGCuwdgBGVryVUmYhw3g","~10mm. Sparse setea on integument. Color is reddish-brown with legs, antennae and pronotum edges lighter. Anterior coxal cavities open posteriorly, distinguished from N. pallipes by lack or red spots on head. Tribe Lebiini, probably genus Dromius."
"afe3d21f-e751-4d46-8a36-a9d4a5ff529d","UNDE_001.basePlot.bet","D05","UNDE","UNDE_001","N","2014-08-05","2014-08-19","2014-11-19","2014-12-01","kh3xmoTmJnDjXQ+wTClirOAUIOJYIPrsp9SdW89g/ww=","NEON.BET.D05.000131","CARSP14","Carabidae sp.","family",,"Latreille","D05.2014.MorphJ","Arnett Jr., R. H., and M. C. Thomas. 2001. American Beetles Archosemata, Myxophaga, Adephaga, Polyphaga: Staphyliniformia. 1st Vol. (C. Press, Ed.). 1st Ed. Boca Raton, FL.",,"Syw2LXB/pj+fmGCuwdgBGVryVUmYhw3g","Syw2LXB/pj+fmGCuwdgBGVryVUmYhw3g","~10mm. Sparse setea on integument. Color is reddish-brown with legs, antennae and pronotum edges lighter. Anterior coxal cavities open posteriorly, distinguished from N. pallipes by lack or red spots on head. Tribe Lebiini, probably genus Dromius."
"ee5e1263-a75f-4cb8-b5cf-9ed916bf6aad","UNDE_010.basePlot.bet","D05","UNDE","UNDE_010","N","2014-08-05","2014-08-19","2014-11-20","2014-12-01","hQDJ3TYDfow81smUVxo/R9JoC5pYAQ3ogIXwEF4odkU=","NEON.BET.D05.000202","CARSP14","Carabidae sp.","family",,"Latreille","D05.2014.MorphJ","Arnett Jr., R. H., and M. C. Thomas. 2001. American Beetles Archosemata, Myxophaga, Adephaga, Polyphaga: Staphyliniformia. 1st Vol. (C. Press, Ed.). 1st Ed. Boca Raton, FL.",,"Syw2LXB/pj+fmGCuwdgBGVryVUmYhw3g","Syw2LXB/pj+fmGCuwdgBGVryVUmYhw3g","~10mm. Sparse setea on integument. Color is reddish-brown with legs, antennae and pronotum edges lighter. Anterior coxal cavities open posteriorly, distinguished from N. pallipes by lack or red spots on head. Tribe Lebiini, probably genus Dromius."
"7b2b4f94-cdd9-4f9e-b391-5929525ce5dc","UNDE_010.basePlot.bet","D05","UNDE","UNDE_010","N","2014-08-05","2014-08-19","2014-11-20","2014-12-01","hQDJ3TYDfow81smUVxo/R9JoC5pYAQ3ogIXwEF4odkU=","NEON.BET.D05.000201","CARSP14","Carabidae sp.","family",,"Latreille","D05.2014.MorphJ","Arnett Jr., R. H., and M. C. Thomas. 2001. American Beetles Archosemata, Myxophaga, Adephaga, Polyphaga: Staphyliniformia. 1st Vol. (C. Press, Ed.). 1st Ed. Boca Raton, FL.",,"Syw2LXB/pj+fmGCuwdgBGVryVUmYhw3g","Syw2LXB/pj+fmGCuwdgBGVryVUmYhw3g","~10mm. Sparse setea on integument. Color is reddish-brown with legs, antennae and pronotum edges lighter. Anterior coxal cavities open posteriorly, distinguished from N. pallipes by lack or red spots on head. Tribe Lebiini, probably genus Dromius."
"baff2e04-a04f-4e17-b223-5c1b9c9140d4","UNDE_007.basePlot.bet","D05","UNDE","UNDE_007","N","2014-08-05","2014-08-19","2014-11-18","2014-12-01","sj+sxzQpSGCbP6TmEG4D8361udCJdZK9XPTAfb89jO8=","NEON.BET.D05.000100","CARSP14","Carabidae sp.","family",,"Latreille","D05.2014.MorphJ","Arnett Jr., R. H., and M. C. Thomas. 2001. American Beetles Archosemata, Myxophaga, Adephaga, Polyphaga: Staphyliniformia. 1st Vol. (C. Press, Ed.). 1st Ed. Boca Raton, FL.",,"Syw2LXB/pj+fmGCuwdgBGVryVUmYhw3g","Syw2LXB/pj+fmGCuwdgBGVryVUmYhw3g","~10mm. Sparse setea on integument. Color is reddish-brown with legs, antennae and pronotum edges lighter. Anterior coxal cavities open posteriorly, distinguished from N. pallipes by lack or red spots on head. Tribe Lebiini, probably genus Dromius."
"41eef3d1-6262-447c-b008-f6889b95e9aa","UNDE_007.basePlot.bet","D05","UNDE","UNDE_007","N","2014-08-05","2014-08-19","2014-11-18","2014-12-01","sj+sxzQpSGCbP6TmEG4D8361udCJdZK9XPTAfb89jO8=","NEON.BET.D05.000099","CARSP14","Carabidae sp.","family",,"Latreille","D05.2014.MorphJ","Arnett Jr., R. H., and M. C. Thomas. 2001. American Beetles Archosemata, Myxophaga, Adephaga, Polyphaga: Staphyliniformia. 1st Vol. (C. Press, Ed.). 1st Ed. Boca Raton, FL.",,"Syw2LXB/pj+fmGCuwdgBGVryVUmYhw3g","Syw2LXB/pj+fmGCuwdgBGVryVUmYhw3g","~10mm. Sparse setea on integument. Color is reddish-brown with legs, antennae and pronotum edges lighter. Anterior coxal cavities open posteriorly, distinguished from N. pallipes by lack or red spots on head. Tribe Lebiini, probably genus Dromius."
"e12d5f29-bae2-4845-acb7-44762cc1963a","UNDE_017.basePlot.bet","D05","UNDE","UNDE_017","N","2014-08-05","2014-08-19","2014-11-17","2014-12-01","xHY1KmNCr21mtrSZScb2PD0ZzVtQSupUM/LFAv+YS/0=","NEON.BET.D05.000029","CARSP14","Carabidae sp.","family",,"Latreille","D05.2014.MorphJ","Arnett Jr., R. H., and M. C. Thomas. 2001. American Beetles Archosemata, Myxophaga, Adephaga, Polyphaga: Staphyliniformia. 1st Vol. (C. Press, Ed.). 1st Ed. Boca Raton, FL.",,"Syw2LXB/pj+fmGCuwdgBGVryVUmYhw3g","Syw2LXB/pj+fmGCuwdgBGVryVUmYhw3g","~10mm. Sparse setea on integument. Color is reddish-brown with legs, antennae and pronotum edges lighter. Anterior coxal cavities open posteriorly, distinguished from N. pallipes by lack or red spots on head. Tribe Lebiini, probably genus Dromius."
"c847d9c1-685b-489a-b0d5-aea39fb709a0","UNDE_017.basePlot.bet","D05","UNDE","UNDE_017","N","2014-08-05","2014-08-19","2014-11-17","2014-12-01","xHY1KmNCr21mtrSZScb2PD0ZzVtQSupUM/LFAv+YS/0=","NEON.BET.D05.000031","CARSP14","Carabidae sp.","family",,"Latreille","D05.2014.MorphJ","Arnett Jr., R. H., and M. C. Thomas. 2001. American Beetles Archosemata, Myxophaga, Adephaga, Polyphaga: Staphyliniformia. 1st Vol. (C. Press, Ed.). 1st Ed. Boca Raton, FL.",,"Syw2LXB/pj+fmGCuwdgBGVryVUmYhw3g","Syw2LXB/pj+fmGCuwdgBGVryVUmYhw3g","Wings broke off, glued back on. Morph description: ~10mm. Sparse setea on integument. Color is reddish-brown with legs, antennae and pronotum edges lighter. Anterior coxal cavities open posteriorly. Tribe Lebiini, probably genus Dromius."
"e64f0ce4-ac01-424a-a66a-3dc62b7d9f63","UNDE_006.basePlot.bet","D05","UNDE","UNDE_006","N","2014-08-05","2014-08-19","2014-11-19","2014-12-01","izIYmtFoQUgGh2Ie4GyE1eiVr56Ya9Io7jo0/fhJt+k=","NEON.BET.D05.000112","CARSP14","Carabidae sp.","family",,"Latreille","D05.2014.MorphJ","Arnett Jr., R. H., and M. C. Thomas. 2001. American Beetles Archosemata, Myxophaga, Adephaga, Polyphaga: Staphyliniformia. 1st Vol. (C. Press, Ed.). 1st Ed. Boca Raton, FL.",,"Syw2LXB/pj+fmGCuwdgBGVryVUmYhw3g","Syw2LXB/pj+fmGCuwdgBGVryVUmYhw3g","~10mm. Sparse setea on integument. Color is reddish-brown with legs, antennae and pronotum edges lighter. Anterior coxal cavities open posteriorly, distinguished from N. pallipes by lack or red spots on head. Tribe Lebiini, probably genus Dromius."
"7e8089d2-5344-4688-a7e1-978a0c077aa8","UNDE_006.basePlot.bet","D05","UNDE","UNDE_006","N","2014-08-05","2014-08-19","2014-11-19","2014-11-21","izIYmtFoQUgGh2Ie4GyE1eiVr56Ya9Io7jo0/fhJt+k=","NEON.BET.D05.000111","CARSP14","Carabidae sp.","family",,"Latreille","D05.2014.MorphA","Arnett Jr., R. H., and M. C. Thomas. 2001. American Beetles Archosemata, Myxophaga, Adephaga, Polyphaga: Staphyliniformia. 1st Vol. (C. Press, Ed.). 1st Ed. Boca Raton, FL.",,"Syw2LXB/pj+fmGCuwdgBGVryVUmYhw3g","Syw2LXB/pj+fmGCuwdgBGVryVUmYhw3g","Believe to be cysod2, but not 100% sure the genus is correct (cg). 16-21mm, differs from ptecor1 by tooth at basal angle of pronotum."
"b45eb309-9d5f-4bdd-88b9-50abc9b1a472","UNDE_007.basePlot.bet","D05","UNDE","UNDE_007","N","2014-08-05","2014-08-19","2014-11-18","2014-12-01","sj+sxzQpSGCbP6TmEG4D8361udCJdZK9XPTAfb89jO8=","NEON.BET.D05.000097","CARSP14","Carabidae sp.","family",,"Latreille","D05.2014.MorphJ","Arnett Jr., R. H., and M. C. Thomas. 2001. American Beetles Archosemata, Myxophaga, Adephaga, Polyphaga: Staphyliniformia. 1st Vol. (C. Press, Ed.). 1st Ed. Boca Raton, FL.",,"Syw2LXB/pj+fmGCuwdgBGVryVUmYhw3g","Syw2LXB/pj+fmGCuwdgBGVryVUmYhw3g","~10mm. Sparse setea on integument. Color is reddish-brown with legs, antennae and pronotum edges lighter. Anterior coxal cavities open posteriorly, distinguished from N. pallipes by lack or red spots on head. Tribe Lebiini, probably genus Dromius."
"93f041aa-f3a4-489c-b7dc-dd76c038519c","UNDE_007.basePlot.bet","D05","UNDE","UNDE_007","N","2014-08-05","2014-08-19","2014-11-18","2014-12-01","sj+sxzQpSGCbP6TmEG4D8361udCJdZK9XPTAfb89jO8=","NEON.BET.D05.000095","CARSP14","Carabidae sp.","family",,"Latreille","D05.2014.MorphJ","Arnett Jr., R. H., and M. C. Thomas. 2001. American Beetles Archosemata, Myxophaga, Adephaga, Polyphaga: Staphyliniformia. 1st Vol. (C. Press, Ed.). 1st Ed. Boca Raton, FL.",,"Syw2LXB/pj+fmGCuwdgBGVryVUmYhw3g","Syw2LXB/pj+fmGCuwdgBGVryVUmYhw3g","Head glued back on. Species description:~10mm. Sparse setea on integument. Color is reddish-brown with legs, antennae and pronotum edges lighter. Anterior coxal cavities open posteriorly, distinguished from N. pallipes by lack or red spots on head."
"e471cb28-8a87-4fee-a652-02dc7b0952d5","UNDE_007.basePlot.bet","D05","UNDE","UNDE_007","N","2014-08-05","2014-08-19","2014-11-18","2014-12-01","sj+sxzQpSGCbP6TmEG4D8361udCJdZK9XPTAfb89jO8=","NEON.BET.D05.000101","CARSP14","Carabidae sp.","family",,"Latreille","D05.2014.MorphJ","Arnett Jr., R. H., and M. C. Thomas. 2001. American Beetles Archosemata, Myxophaga, Adephaga, Polyphaga: Staphyliniformia. 1st Vol. (C. Press, Ed.). 1st Ed. Boca Raton, FL.",,"Syw2LXB/pj+fmGCuwdgBGVryVUmYhw3g","Syw2LXB/pj+fmGCuwdgBGVryVUmYhw3g","~10mm. Sparse setea on integument. Color is reddish-brown with legs, antennae and pronotum edges lighter. Anterior coxal cavities open posteriorly, distinguished from N. pallipes by lack or red spots on head. Tribe Lebiini, probably genus Dromius."
"26a41d40-1fcc-46a8-98cc-a66525d6fc68","UNDE_007.basePlot.bet","D05","UNDE","UNDE_007","N","2014-08-05","2014-08-19","2014-11-18","2014-12-01","sj+sxzQpSGCbP6TmEG4D8361udCJdZK9XPTAfb89jO8=","NEON.BET.D05.000096","CARSP14","Carabidae sp.","family",,"Latreille","D05.2014.MorphJ","Arnett Jr., R. H., and M. C. Thomas. 2001. American Beetles Archosemata, Myxophaga, Adephaga, Polyphaga: Staphyliniformia. 1st Vol. (C. Press, Ed.). 1st Ed. Boca Raton, FL.",,"Syw2LXB/pj+fmGCuwdgBGVryVUmYhw3g","Syw2LXB/pj+fmGCuwdgBGVryVUmYhw3g","~10mm. Sparse setea on integument. Color is reddish-brown with legs, antennae and pronotum edges lighter. Anterior coxal cavities open posteriorly, distinguished from N. pallipes by lack or red spots on head. Tribe Lebiini, probably genus Dromius."
"7f0293e1-acf6-497e-bc0b-d832efb44293","UNDE_010.basePlot.bet","D05","UNDE","UNDE_010","N","2014-08-05","2014-08-19","2014-11-20","2014-12-01","hQDJ3TYDfow81smUVxo/R9JoC5pYAQ3ogIXwEF4odkU=","NEON.BET.D05.000203","CARSP14","Carabidae sp.","family",,"Latreille","D05.2014.MorphJ","Arnett Jr., R. H., and M. C. Thomas. 2001. American Beetles Archosemata, Myxophaga, Adephaga, Polyphaga: Staphyliniformia. 1st Vol. (C. Press, Ed.). 1st Ed. Boca Raton, FL.",,"Syw2LXB/pj+fmGCuwdgBGVryVUmYhw3g","Syw2LXB/pj+fmGCuwdgBGVryVUmYhw3g","~10mm. Sparse setea on integument. Color is reddish-brown with legs, antennae and pronotum edges lighter. Anterior coxal cavities open posteriorly, distinguished from N. pallipes by lack or red spots on head. Tribe Lebiini, probably genus Dromius."
"746f6b3c-2573-46c7-92c6-7ef889d32f90","UNDE_010.basePlot.bet","D05","UNDE","UNDE_010","N","2014-08-05","2014-08-19","2014-11-20","2014-12-01","hQDJ3TYDfow81smUVxo/R9JoC5pYAQ3ogIXwEF4odkU=","NEON.BET.D05.000204","CARSP14","Carabidae sp.","family",,"Latreille","D05.2014.MorphJ","Arnett Jr., R. H., and M. C. Thomas. 2001. American Beetles Archosemata, Myxophaga, Adephaga, Polyphaga: Staphyliniformia. 1st Vol. (C. Press, Ed.). 1st Ed. Boca Raton, FL.",,"Syw2LXB/pj+fmGCuwdgBGVryVUmYhw3g","Syw2LXB/pj+fmGCuwdgBGVryVUmYhw3g","~10mm. Sparse setea on integument. Color is reddish-brown with legs, antennae and pronotum edges lighter. Anterior coxal cavities open posteriorly, distinguished from N. pallipes by lack or red spots on head. Tribe Lebiini, probably genus Dromius."
"a065331c-7907-4aec-ad0e-df8196bc250d","UNDE_007.basePlot.bet","D05","UNDE","UNDE_007","N","2014-08-05","2014-08-19","2014-11-18","2014-12-01","sj+sxzQpSGCbP6TmEG4D8361udCJdZK9XPTAfb89jO8=","NEON.BET.D05.000098","CARSP14","Carabidae sp.","family",,"Latreille","D05.2014.MorphJ","Arnett Jr., R. H., and M. C. Thomas. 2001. American Beetles Archosemata, Myxophaga, Adephaga, Polyphaga: Staphyliniformia. 1st Vol. (C. Press, Ed.). 1st Ed. Boca Raton, FL.",,"Syw2LXB/pj+fmGCuwdgBGVryVUmYhw3g","Syw2LXB/pj+fmGCuwdgBGVryVUmYhw3g","~10mm. Sparse setea on integument. Color is reddish-brown with legs, antennae and pronotum edges lighter. Anterior coxal cavities open posteriorly, distinguished from N. pallipes by lack or red spots on head. Tribe Lebiini, probably genus Dromius."
"283802f3-66d0-4c10-a3a7-dae9edd59063","UNDE_007.basePlot.bet","D05","UNDE","UNDE_007","N","2014-08-05","2014-08-19","2014-11-18","2014-12-01","sj+sxzQpSGCbP6TmEG4D8361udCJdZK9XPTAfb89jO8=","NEON.BET.D05.000094","CARSP14","Carabidae sp.","family",,"Latreille","D05.2014.MorphJ","Arnett Jr., R. H., and M. C. Thomas. 2001. American Beetles Archosemata, Myxophaga, Adephaga, Polyphaga: Staphyliniformia. 1st Vol. (C. Press, Ed.). 1st Ed. Boca Raton, FL.",,"Syw2LXB/pj+fmGCuwdgBGVryVUmYhw3g","Syw2LXB/pj+fmGCuwdgBGVryVUmYhw3g","~10mm. Sparse setea on integument. Color is reddish-brown with legs, antennae and pronotum edges lighter. Anterior coxal cavities open posteriorly, distinguished from N. pallipes by lack or red spots on head. Tribe Lebiini, probably genus Dromius."
"7333cca6-f1f0-449d-ac99-7d1aa0a90e22","UNDE_007.basePlot.bet","D05","UNDE","UNDE_007","S","2014-08-05","2014-08-19","2014-11-17","2014-11-21","sj+sxzQpSGB881nYes1roc1dHUPFupCpcu4xSRvySIs=","NEON.BET.D05.000033","CARSP14","Carabidae sp.","family",,"Latreille","D05.2014.MorphA","Arnett Jr., R. H., and M. C. Thomas. 2001. American Beetles Archosemata, Myxophaga, Adephaga, Polyphaga: Staphyliniformia. 1st Vol. (C. Press, Ed.). 1st Ed. Boca Raton, FL.",,"Syw2LXB/pj+fmGCuwdgBGVryVUmYhw3g","Syw2LXB/pj+fmGCuwdgBGVryVUmYhw3g","Believe to be cysod2, but not 100% sure the genus is correct (cg). 16-21mm, differs from ptecor1 by tooth at basal angle of pronotum."
"85771a6b-e6bf-4264-b1bf-e77d4025266c","UNDE_001.basePlot.bet","D05","UNDE","UNDE_001","S","2014-08-05","2014-08-19","2014-11-19","2014-12-01","kh3xmoTmJnCNVr/j1vs6nEWnuoSOyvyoYVBznbbdirg=","NEON.BET.D05.000124","CARSP14","Carabidae sp.","family",,"Latreille","D05.2014.MorphJ","Arnett Jr., R. H., and M. C. Thomas. 2001. American Beetles Archosemata, Myxophaga, Adephaga, Polyphaga: Staphyliniformia. 1st Vol. (C. Press, Ed.). 1st Ed. Boca Raton, FL.",,"Syw2LXB/pj+fmGCuwdgBGVryVUmYhw3g","Syw2LXB/pj+fmGCuwdgBGVryVUmYhw3g","~10mm. Sparse setea on integument. Color is reddish-brown with legs, antennae and pronotum edges lighter. Anterior coxal cavities open posteriorly, distinguished from N. pallipes by lack or red spots on head. Tribe Lebiini, probably genus Dromius."
