uid,namedLocation,domainID,siteID,plotID,setDate,collectDate,processingDate,subsampleIDList,archiveVialID,scientificName,recordedBy,remarks
"0b32b338-f658-4717-996b-7dcb75c4faa2","CPER_003.basePlot.bet","D10","CPER","CPER_003","2015-06-18","2015-07-02","2015-10-12","omCPNZnkoGSR7k6XX2iQSW+oKkP63+MuBOx92unMYM/ZvuhqzMx9DgLcKUV4pjcnqfcc0jJKJ1ILs++uNMoSM+QYdM8xKtaU4dR05lG6RIVM2A/54mq7L8lbaQf1yqyrjHLyspIr3VA=","omCPNZnkoGRb9soqWRO0YBmr3sslcOWl",,,
"54b1fb09-110f-4da0-b9a8-0cd17b7dd60f","CPER_002.basePlot.bet","D10","CPER","CPER_002","2015-06-18","2015-07-02","2015-10-01","OMNGlFKVPvSke4TwWW62gCltt1/XDsJcR78KVt+VYqd7g3LIqP4hWvGri7UrPE0rfhDESCIurWWF6cGpJXIayoN0/u12SeeoAZntckhRuXUa1adNzlYHMukRuZN1GxC1djI3Itt5DOQ=","OMNGlFKVPvRjT+5tQjgFmBAQxwPIIZgu",,,
"b55fa41d-75dd-46e9-9e39-ff704d504821","CPER_001.basePlot.bet","D10","CPER","CPER_001","2015-06-18","2015-07-02","2015-10-08","BEtTVHT1LvGmeSf6iWM9MLFXBUmAx0Ys2c/iZfbnYxcMdGoHdOJBEFvWS1vUTk47H5ZGQbFbC94yjJj7igzYM59U+QECz5LuhvBI1z7Covgsi3+WtT3mI3g0nos0l9zWmmgffecmMto=","BEtTVHT1LvEALmPw3fqqVt4cj4g2qezB",,,
"d14407df-d9b0-4b8e-9613-d4f0f5a12444","CPER_009.basePlot.bet","D10","CPER","CPER_009","2015-06-18","2015-07-02","2016-01-21","KY+Aed9dLRtPx5j6knVrgNgPnFRTjbb4/hq+Pj6cCzyspglQ06r/DPLg2JQpbifW+aFP2oCl7pni+8OjjhY8ww==","KY+Aed9dLRumZz5DQl9+oC5oIPpAaghtGoeP0ZvB7f4=","Discoderus parallelus",,
"a460b17e-e90f-40c9-864f-d34c81cf8af4","CPER_006.basePlot.bet","D10","CPER","CPER_006","2015-06-18","2015-07-02","2016-01-21","NHMCrMp+/ZWvcQ7swpkZ6nl4voKrDScA2HPtKq24NA7NHGwpZNWUXTodXc9dFrbC2yGz2NqGSwilUIPQpDDnBA==","NHMCrMp+/ZXjIoDXzKKmK/IQx0qAe79ETCpSLwKCm6w=","Cratacanthus dubius",,
"a9e20a1a-8201-465e-accd-7f49736037d8","CPER_008.basePlot.bet","D10","CPER","CPER_008","2015-06-18","2015-07-02","2016-01-21","kqngcYlCVJ4Lw/Dkxc6jpEQwtN5gaMRnDYXsn16W47Nzjct3weomOu5iJO//oT768QGcwcfb5IaeV9A1LLyZq1k7X+vGVABrZ1bJ1VAiWS15q7AJVM/BgwgpU7xA1Wkw","kqngcYlCVJ5b/XTwlKFwRUJsCz6PfNcOphLPOSqSRDk=","Discoderus parallelus",,
"4580c5c1-aa5d-4a34-99dc-8eaec768355c","CPER_002.basePlot.bet","D10","CPER","CPER_002","2015-06-18","2015-07-02","2016-01-27","OMNGlFKVPvQ4Ypsx+quWf8EBt5S2oawBnZDmk1gaXqR/plszkYvLUXWV+2btarV/BEC11sdAlkwew1MfpCx8NjKsgIBVKZc4wbNGucR8nPlWJ16TPP7B06Kd7LKoLY7cItAagoAHnSfgXU34nLrBELzPXLkrxeZhqh80T6YmcCM=","OMNGlFKVPvRjT+5tQjgFmH/kZMe6rgYPmLqIGOWaEdo=","Discoderus parallelus",,
"0397ccbd-43f2-4802-85be-c9c0d86fbe40","CPER_004.basePlot.bet","D10","CPER","CPER_004","2015-06-18","2015-07-02","2016-01-26","eSCyThC0ZO58b8njHd7So+n338GS5GGXSk8C+xTblP3XdsZiMW2y68XOxA+mQpb+uQ9hDOn7WSxTwdSuTxLrwUBRDSOJolt3gX2dH8OhIHQk6z3fHsG7ENe6rUe+cWsf","eSCyThC0ZO5SMvw/23RHk5P0FYoAoN1pVLO9JuT7zjQ=","Discoderus parallelus",,
"32ddaee7-8f7a-467c-9c2d-40ff20218772","CPER_003.basePlot.bet","D10","CPER","CPER_003","2015-06-18","2015-07-02","2016-01-26","omCPNZnkoGQ4EY4+lZjleaDCQt0Qa/5sP/cOd2n9F1fLQxjL2FUvD2w3sMj/TCo0TSHgAtCF75lr+DaEC/46P0D8ldGlE9MIdMVKV5YLVM80d+AU3kPZYsUa9gKwjD4g","omCPNZnkoGRb9soqWRO0YNusRY2hhTbTKMWj2zOtmS8=","Discoderus parallelus",,
"9a449846-8ac3-419a-a15a-4f20245c3ffe","CPER_006.basePlot.bet","D10","CPER","CPER_006","2015-06-18","2015-07-02","2016-01-21","NHMCrMp+/ZWOow5qJguFE8zxv8eHkK5uDHN/5yl0Ne1MtuL8MMVU7CQSMOireGGlnyM2hAIwDKHLbtFql7EpVidW7cB58aBb/m5g8XaAZZaNIY5+RifTtITxuhFc2cR1L65lf4tlbg4N5uxy4J8o74rPaUWuAfFwYNKDdeAuKF4=","NHMCrMp+/ZXjIoDXzKKmK547m0zpjL4EH3LHjsNKTbA=","Discoderus parallelus",,
"e240a044-46a5-4b77-a77a-c6915e33c90e","CPER_010.basePlot.bet","D10","CPER","CPER_010","2015-06-18","2015-07-02","2016-01-21","DW9ihRbrMtlK50XVfY/t800xlkA9gynZDnyBfkARv+9DtbPj7dqTLNGDLXmzriQ1veeBrx1PK/sCsbQN9Zg5Rw==","DW9ihRbrMtlWq40ENNnA3+aiuXsM/Ha4jWkvzBOOYes=","Pasimachus elongatus",,
"8f991703-b13a-45b5-bfb5-44ada431ddf4","CPER_008.basePlot.bet","D10","CPER","CPER_008","2015-06-18","2015-07-02","2016-01-21","kqngcYlCVJ4Lw/Dkxc6jpAQsWuVzh+qeEFXnFrXFZfbp7aa3KROiIK7M3FpK7MGdV14p2hSapaa7mHpd3Mkhmw==","kqngcYlCVJ5b/XTwlKFwRe1/0PvQ051LO5cIZn1/paI=","Pasimachus elongatus",,
"47795b4b-ce56-45b4-86cd-f52a414b41ab","CPER_004.basePlot.bet","D10","CPER","CPER_004","2015-06-18","2015-07-02","2016-01-26","eSCyThC0ZO4/6XSI6K5eMpO2ctf9pYHjNbvhUIgnZ8WHzDXqkZpeFECHwjt2aCoSwGjYMCHEWFwDp3EW8jWvDw==","eSCyThC0ZO5SMvw/23RHk5bDkN7Y00QKFL2vRldDfLg=","Pasimachus elongatus",,
"4231600e-fe4f-419b-8e13-24dfa654a184","CPER_002.basePlot.bet","D10","CPER","CPER_002","2015-06-18","2015-07-02","2016-01-27","OMNGlFKVPvQ4Ypsx+quWf7uUEovRPPTOSmCnQcZO0unyl+6AelOqw+YYfIweBuvWi831fl/fsWfXzNOxYYP5DJucJ8DZhWZ4Q0gVFFC1gLlUCh6KZuTudolCYk/j+mxynGprgcYoqk0+nGtNHUqupHDNFQjdcdZu","OMNGlFKVPvRjT+5tQjgFmLa47uioA26cnyyJiMeXcDQ=","Selenophorus planipennis",,
"2158e3df-c1ee-40c8-9f68-ec3fa832da6b","CPER_003.basePlot.bet","D10","CPER","CPER_003","2015-06-18","2015-07-02","2016-01-26","omCPNZnkoGSR7k6XX2iQSUDumrQSaoXkB9xFxUhnYhXvW+Dsyp2j5qR/JEwJp71G+fnpZ7JrEacmG5qp/ExGchjeChE1F4eGtmuuapQ1lu7ShFD+oELflo0OQ0lSVZSq","omCPNZnkoGRb9soqWRO0YD3ipgRRDIb4b1z4Kd+lsr0=","Selenophorus planipennis",,
"88436ff4-ef4d-4d3a-8e1e-b2548a354b73","CPER_002.basePlot.bet","D10","CPER","CPER_002","2015-06-18","2015-07-02","2016-01-26","OMNGlFKVPvSke4TwWW62gAiUT0Jx9gj0IZfnqVsKebJeLAKPrpeeOzcg3w0T3CVcdv7PLM0tWrGG36cOR3HFMTMbUlHX3qKu4ZYbz7BRBZURVvjJMJbe/h0C+D2h1tBh","OMNGlFKVPvRjT+5tQjgFmJ3EiSaDJsBi1gpYwWvqaRA=","Pasimachus elongatus",,
"9d5b6a60-5359-43ad-96e7-b2a82be75d40","CPER_008.basePlot.bet","D10","CPER","CPER_008","2015-06-18","2015-07-02","2016-01-21","kqngcYlCVJ75Bh29DXtlM3D0XKoqX+5syQL91kOwwNHJhB0zQiEUWZiu73bupbZDhqotwBEEl60wACX1ro/hKg==","kqngcYlCVJ5b/XTwlKFwRUNljXsInbfIh5tPh6Ru3NY=","Selenophorus planipennis",,
"43fcae98-5b88-4798-ac8a-aab1758df621","CPER_009.basePlot.bet","D10","CPER","CPER_009","2015-06-18","2015-07-02","2016-01-21","KY+Aed9dLRssLLAGjpRwFnQqP5QqPCDQM6jHzWHy/PIMuRHa1wzTtPuDFskydjzOjE0guD80r0/e584eGHo5UzE70/u0RZOYjmKepsZvzEAE1qEul2zqVZrEjzWkqJZC","KY+Aed9dLRumZz5DQl9+oLNxngegZLiwF6pFDJ5joH8=","Selenophorus planipennis",,
"32e06481-fd41-4c5e-b01f-1c9b03ffd604","CPER_006.basePlot.bet","D10","CPER","CPER_006","2015-06-18","2015-07-02","2016-01-21","NHMCrMp+/ZWnq0ZeLB6HsqMw49LCkYOl8MESFWHOswRo4VZ/CJBWzoqhsdc4qf3a4nuCTgF01wfs0R/s+cLsGDT5mTtX4K65/jndQIjQ56csj5X7gHTtZPwfcdSiuUNKWdub5HysnHdH9zUoD4+/v4ezVYn9qi2U","NHMCrMp+/ZXjIoDXzKKmK5x2nzPrHPyGl8XrnkpQax0=","Selenophorus planipennis",,
"497368b1-1fc5-4eda-88e3-481bbc5d000d","CPER_004.basePlot.bet","D10","CPER","CPER_004","2015-06-18","2015-07-02","2016-01-26","eSCyThC0ZO6mu2ZSEN4o8iOulRItpxgMkWWyxf/QY0oGeTP4apNeF+m+baXFBN4HgZv4wCMIHvS4IuaTKyZVLicGEXDkE/Jzw0tWOlw2inUZ7EH4965PUZh3avhqvy12","eSCyThC0ZO5SMvw/23RHk9JXrOZFhjyeWxdkcKAUCUo=","Selenophorus planipennis",,
"c69dd36d-3dc9-4945-930c-ce12eb2b1a6b","CPER_010.basePlot.bet","D10","CPER","CPER_010","2015-06-18","2015-07-02","2015-09-04","DW9ihRbrMtn+HN2c8wy+aoBn8qZ1nfR/WXLFS8lJTbRUuUSEG2MRHqERIuHQEo68WKy8BQ+VFVU=","DW9ihRbrMtlWq40ENNnA38WeTDtZUxQ1",,,
"dbac7770-9bb4-4210-9794-7351db016106","CPER_010.basePlot.bet","D10","CPER","CPER_010","2015-06-18","2015-07-02","2015-10-01","DW9ihRbrMtmWU27buLbOiKpOfU5wPxdEa1lhYzq7KMtbS/9h+JYFI1WqTNvjc2Fh7WSTMOs9Yuc=","DW9ihRbrMtlWq40ENNnA31orvCySDaAc",,,
"30ea0516-a84a-4ce6-80b6-17b7fd616b95","CPER_009.basePlot.bet","D10","CPER","CPER_009","2015-06-18","2015-07-02","2015-10-12","KY+Aed9dLRvk/HsTskDdm6zQQ8w36/PgaZ8E28D+WSZkWYctY11ZMlIYzk/ANoUgOv+xYEao2YMJfIWHCyDPkkg60EuD+N65Vi/ImehXpH8hDdT4BmqY80VB1NUdH0kkMtFPtgNJzy8=","KY+Aed9dLRumZz5DQl9+oBAbd8/LT5H3",,,
"c01cbb97-ca0f-4085-a903-1566a7d8ebaf","CPER_008.basePlot.bet","D10","CPER","CPER_008","2015-06-18","2015-07-02","2015-10-05","kqngcYlCVJ6rAH0hVTospzcdGH8dNjCaS3THxctiSosMh/16hKnhA3JKEabGQyv2aB373qvMCTADR5i7olP3+ltk+tbRZq9s7X/ySq8s/gYxiCW7ZkrS9LzC1NsrkkYpTRFjXfSj4yc=","kqngcYlCVJ5b/XTwlKFwRcuYX/LOGauI",,,
"01c01156-f9fc-470b-b90e-8df8b3104ca0","CPER_007.basePlot.bet","D10","CPER","CPER_007","2015-06-18","2015-07-02","2015-10-12","SOIi55Lib0K4XwXDLPGdvxsj3GIBgslyGCf+DuwXe0OcX+efCvIe7se9a3ImoXZixpPsr5wX0xJnNhk7NfFGgR/iqVlqeJAU+97VchUedRMohAkBrWQ9k+o1WZ6CrJEmGwsDz+zA4b8=","SOIi55Lib0LiW6Mum/XQwKLHmBUCe6ZG",,,
"2c0bbd6f-e169-4f6a-843c-c62b25ec9ebd","CPER_006.basePlot.bet","D10","CPER","CPER_006","2015-06-18","2015-07-02","2015-10-09","NHMCrMp+/ZWnq0ZeLB6Hskp/MFI7jLIYss2vLKyEEzIBwhQUfzGeH5ydxe+1SKpFMoutqIr1GCvjQpYmNg5JIzN8FIwQ9QNci91R3PPgNj0UvMH8P289bhArgymtTJu/yayPsMjaph0=","NHMCrMp+/ZXjIoDXzKKmKx6PTnrmXXCR",,,
"8ac458b4-d55a-49fd-8d2f-58b1a629bfe1","CPER_005.basePlot.bet","D10","CPER","CPER_005","2015-06-18","2015-07-02","2015-10-08","e1AKewEwvnF0peDlcOGz4T6jeFlMYWkvzKM6t6q37QFwtdZK5/ksd640NGTHh3T9Je1odhJdZpSbBxpQtsckZSJaFvn9vD+s06QB7frltfKqOzMmmC3Wx5nnZ3wVtT/s1bzB3+IKZX4=","e1AKewEwvnEa6VnyYibDdgynkjTklVpb",,,
"af70fb6d-4fe4-4526-a161-ef5208514e5e","CPER_004.basePlot.bet","D10","CPER","CPER_004","2015-06-18","2015-07-02","2015-10-12","eSCyThC0ZO6mu2ZSEN4o8p7qhgj5PIiZ+o2KbAo3WsBrE5Sjv5UnXvb+C2asCmmH0T7bJ7/H5gEYDY5o6gHQA/zm4K2S5MdzEkG7Qs+Ar08c9yxlzg5FTQ2H4I3bP+l/Uci15NijVrI=","eSCyThC0ZO5SMvw/23RHk8NG5u1B1u6f",,,
"d875063b-dce2-4baa-a21a-db707167b015","CPER_006.basePlot.bet","D10","CPER","CPER_006","2015-07-02","2015-07-16","2016-02-04","NHMCrMp+/ZWnq0ZeLB6HsqL1ZqwDBNfnfGKampdMVINyZ7aSEdJwofW/feJ315rjicEN/qMw2dkbIHOFjgjpIrWpAgZaM7jVmH0wMOy6mxROeblLVpSDJUalPDJDTUbdGGpOXjmErgmSYy8Db9cOpPgyK0T0lJVf","NHMCrMp+/ZUjrbyc93D7UKXIDVKJ2O5EvIH2FLq78X0=","Selenophorus planipennis",,
"806e073d-dbf0-4480-b928-9b5306ef88d1","CPER_002.basePlot.bet","D10","CPER","CPER_002","2015-07-02","2015-07-16","2016-02-04","OMNGlFKVPvSRc1yZQBvTIbwxmxQb5Z1yuVTQp9yUimGpbrcdPNwKO4UTQkxl0ggSyn5NIhjYwFiqTVvNnxzLZg==","OMNGlFKVPvT9POrbQfu479Rgi6w8pWVjW1+prP+q6oY=","Pasimachus elongatus",,
"4175c17c-5317-4103-b4a4-1b5cdc1789e6","CPER_003.basePlot.bet","D10","CPER","CPER_003","2015-07-02","2015-07-16","2016-02-08","omCPNZnkoGT/LO+3sbrEpdVc7YP3Aj42k+YsegxOOuCSBf02ThPRvLGpt9v8+VISvBAtgWPjTcVUkMrjfmVlNg==","omCPNZnkoGR4aRRhGXc/57i+Nr4e3ReEIYetgAduZ90=","Pasimachus elongatus",,
"5991206a-e5a8-4783-9dcc-d11a2431a404","CPER_005.basePlot.bet","D10","CPER","CPER_005","2015-07-02","2015-07-16","2016-02-04","e1AKewEwvnF0peDlcOGz4Z4sa8GKVlh1f5SKe7Wo/FkbgbXbbkhXwbusvT4vByIAmDG+3umzyZi9cPekrqRo6w==","e1AKewEwvnH0L5vXZwXmJIScDfmBzWyIZpCch3f9TV8=","Pasimachus elongatus",,
"649115a3-19df-4e9c-bae7-e2cd6e6b51b8","CPER_006.basePlot.bet","D10","CPER","CPER_006","2015-07-02","2015-07-16","2016-02-04","NHMCrMp+/ZWvcQ7swpkZ6iis+4+KMCdgaX4sUaceV3b6S8H+vj9c2ae/tTdsK0IVeU6rV7QvM8G3zswjXZPGmQ==","NHMCrMp+/ZUjrbyc93D7UDV3TJNNsGgokXeMaahwLlk=","Pasimachus elongatus",,
"ebdf98d2-c95b-4f2a-acc0-96f1fd4a970c","CPER_010.basePlot.bet","D10","CPER","CPER_010","2015-07-02","2015-07-16","2016-01-27","DW9ihRbrMtmWU27buLbOiIxvLgMIFFP6cgykclf4R2xzUK3c5xirIEPeYuOcm9sgSx36XhXCdePK9f1WmY62tSJQ2/UyeT66F9en42axWdAL6Z/rXGrI9Fabf6Nx1ZAT","DW9ihRbrMtnfG5VpnH2oh9aU7PNkDJENBFMtvoQfixc=","Pasimachus elongatus",,
"853d6c5b-8d78-4123-b3ce-c475a2a8ea60","CPER_003.basePlot.bet","D10","CPER","CPER_003","2015-07-02","2015-07-16","2016-02-09","omCPNZnkoGQh5yGE1cNhpgvuBYd7SWqjUTE4ovGkVFEAcgYWtnKDkwe+R0GuS7UQdR/xh0gpZkheyV9Nhc4/kQdPQHSYDPyCJ4zp4tnl1MsMt5LRYul//EXYNSDjVYiCu4z7sSjTzGWkMcsZIgre03wuoqxUu6z07QOlJDsLiaI=","omCPNZnkoGR4aRRhGXc/59wsEIjS7ui+4yrJTTvdJps=","Discoderus parallelus",,
"0a0fce28-ede7-46ed-86d3-aa70e105ac4e","CPER_003.basePlot.bet","D10","CPER","CPER_003","2015-07-02","2015-07-16","2016-02-08","omCPNZnkoGQ4EY4+lZjleXJ6dUD/IVmuKuAd4QKQZGkY2BDuEAyq7B83WsSii+4oU1iMnt+4+52OiFBJvcI4WjwG/3wCaArlOVyqQdc3miyRWQR5mj9f60YM3CB/IcNRsdvmhOfX/EpwyPATXdGQ8qBMnSnz9MZn","omCPNZnkoGR4aRRhGXc/5/1d5jYwtQO35o2Ltu89qC4=","Euryderus grossus",,
"d0225de9-ffc5-4522-b5fa-8fd4c0475ca4","CPER_005.basePlot.bet","D10","CPER","CPER_005","2015-07-02","2015-07-16","2016-02-04","e1AKewEwvnF0peDlcOGz4YpJVHJ4AF5Hf5UqslOhgg5I1IRAfb4JHOUbCZ+y2oMxJnGtSdJtOFeLWmOjNu+ry64Qxngv8ZvV9ZBFA7dZUkbBjvvk1MBc009dhdp5qKRG","e1AKewEwvnH0L5vXZwXmJIhSh5TpLZTt/MR81R1VVIY=","Euryderus grossus",,
"a03219fd-ac54-43a3-a556-cd248ee30e19","CPER_008.basePlot.bet","D10","CPER","CPER_008","2015-07-02","2015-07-16","2016-02-03","kqngcYlCVJ4w2uFYReEs+zM+OiHEgUciafDKG4pe1qP6A7ZEFus+rXK5UKsD3EFLFymtyCV4qbD3xz/oAAhTxNj8y107ICsDCdKlP9jekct+ec8uJkL7gcydu5iQo34T","kqngcYlCVJ4o5bHCUuC4RwJH4cbZbMbMcYkpbhOMtXo=","Discoderus parallelus",,
"e440ed7a-9377-426a-9301-b745ff62ac31","CPER_006.basePlot.bet","D10","CPER","CPER_006","2015-07-02","2015-07-16","2016-02-03","NHMCrMp+/ZU4QJif5H5+ZKLJDfJI+kqTA4/JGfVEwiyLaaDd6pvda7MrpcU7657oBFtZu08f/kl2aWoap0rFCwPeeoBmOZURfu5w9Fkw5rdqEhdkiN6WMcNuVr+/9ZoUuQ/g5UusjK3M4zUnP5+fs53vq97Cae+eg56Z+km6sX8=","NHMCrMp+/ZUjrbyc93D7UJwaV2ltPOMAQNavvKsSpiQ=","Discoderus parallelus",,
"4df2325c-57e9-45a5-b07d-4cfbb532323c","CPER_007.basePlot.bet","D10","CPER","CPER_007","2015-07-02","2015-07-16","2016-02-03","SOIi55Lib0KuwLYH8QEdpGdio5+HJEX+QwCRQ5lewP+TL+2Dg1wy/qjyO5+GIgSIm0SW/VH5nm0zDD4xWXEsjBGNvzaQ5qTeEi6ohDGkBQ0gJoHehhRh6P46iif6W9UX","SOIi55Lib0I3olSNj5hn9vDlxquCCdIlTWWnu4ntDaI=","Euryderus grossus",,
"c4445f62-0ed3-43e5-a788-2340a677ca08","CPER_004.basePlot.bet","D10","CPER","CPER_004","2015-07-02","2015-07-16","2016-02-08","eSCyThC0ZO4R4lMRUhD6DjDAmGvD+j3teZNx5aZsu2Fmr+Y2y3hjLrnQIn2Pev6nYQh+6rqCQSngDGsMbh78ll41Ks2rani6joqSwc6iKB1xyTdxNUS7HydjJZ4zz+M3","eSCyThC0ZO5OZFDlCCJRTQfxcfm0o18GbJktPb+ylF4=","Discoderus parallelus",,
"e77e427c-e4cf-4f0c-8bb6-582a92221bb0","CPER_004.basePlot.bet","D10","CPER","CPER_004","2015-07-02","2015-07-16","2016-02-08","eSCyThC0ZO4/6XSI6K5eMpfDEuu99EqYpexfg1vyckJsvOtldOiseOIRXZTaDulk8rgWrVP6jrTcymx4TzpdY3id7YZDgWiHmeiy8NdtIFGj/+BDqxtkFBq+F5SE28Dcx5/19+JAA1SW5kv1lI9qZFGZc2We40Uu","eSCyThC0ZO5OZFDlCCJRTasW5pP1VA64Laek4h7mnaE=","Euryderus grossus",,
"965c911a-eb97-405f-a54b-091fbb4462e3","CPER_002.basePlot.bet","D10","CPER","CPER_002","2015-07-02","2015-07-16","2016-02-04","OMNGlFKVPvQ4Ypsx+quWfyPqsrD0xl1fdUPUV6s41dZ2J9DtQqaYvxn3T+YMSLsf4axvAaf7fJ/shpa6D7lP/w==","OMNGlFKVPvT9POrbQfu470SIkIhlVXqb5SXHqsRXd08=","Discoderus parallelus",,
"b8ea453c-f34b-4c9d-a4fd-9456427f3a16","CPER_009.basePlot.bet","D10","CPER","CPER_009","2015-07-02","2015-07-16","2016-02-03","KY+Aed9dLRssLLAGjpRwFupN3cObvG80diI6Ovpg8MUCL59swY1YPJCFfp+yDPaEocnq+7uXeuvy6dkZqx5/9y+NYxOx8yxtyLk5P3fwp3lOllDFay9EM1ymPeia40WiMhPwjVH3qsOpaSbTYyJ7xq8rgUBsK9za1Hg0kQodT5A=","KY+Aed9dLRs9i4QYwUd+YS5CIncOR46X91kPP8Wbu3g=","Discoderus parallelus",,
"f16316b3-8010-423f-8d91-6c3cd14765fa","CPER_001.basePlot.bet","D10","CPER","CPER_001","2015-07-02","2015-07-16","2015-10-19","BEtTVHT1LvGvZZWlfH/Oyr4gkAy6gchTCHX0nYxp7+6z1wiIR8I53E2aqaHAFqm4ikrfX2ZY+m6m7R4UOi3Dk+9+BtugSk93U9/y2KjJn1Cf/+T/j8UDXOmO18i6WjPRjMANz4mH+QU=","BEtTVHT1LvF3+OAOfMadIDZMWIbviDh2",,,
"3ba4b062-0013-4c4f-bbb8-2edee53f5243","CPER_002.basePlot.bet","D10","CPER","CPER_002","2015-07-02","2015-07-16","2015-10-20","OMNGlFKVPvQ/Rtp3zTxlWvzdElQvQyWDOalf/t2TajZbFe4zNxjJwFvROWfEk4jtuu03nKd1/MEKMWUT6qnEflU6BDzqfw3fAIiZcJWilmqVobvkzKNfR0+yB6Lqu283HmBoBicdkFg=","OMNGlFKVPvT9POrbQfu47/XKP6nrXgwb",,,
"842b747d-d5c7-4103-9807-6d6a7bee014f","CPER_004.basePlot.bet","D10","CPER","CPER_004","2015-07-02","2015-07-16","2015-10-19","eSCyThC0ZO58b8njHd7So8Zm5ooUHfMkB/nh3EKScOdQSr/vBg+1ZGDzzKpmmObFIKFZ0fug8KzZVNIe6V4zuDixjQbFBiWh4xgJGCArfEf0HIpB1HcLrwbHzlS4BZrrZ66kq+1EoGU=","eSCyThC0ZO5OZFDlCCJRTQUqJx15fnOl",,,
"68cd3e17-7374-41a9-9db3-eaf78b2449c5","CPER_003.basePlot.bet","D10","CPER","CPER_003","2015-07-02","2015-07-16","2015-10-20","omCPNZnkoGT/LO+3sbrEpX6IWDue8e4tSLa1XHIrTkje5z7Bq2YKaVLrjH3KOYJHSoDB073Z4PDl7/+TTpxS+SkvNFlYgGQSIp9JI9q5Mk4NnvSC+7lh3F01A7DJ3yeFwebMk9857kU=","omCPNZnkoGR4aRRhGXc/51xzGph+nf+M",,,
"af0c41ad-b605-48f6-9f2a-402b4b037255","CPER_005.basePlot.bet","D10","CPER","CPER_005","2015-07-02","2015-07-16","2015-10-20","e1AKewEwvnF0peDlcOGz4UobOHhJq567NLrfo18/QBadoOy0MhEMGovAPPVb266wpXfUmcGADMU9KsnoY4VDmq0/zjgZ3H8OYDRi4ncQ+Oeriek8Yiwi2XJoyWQEjO/yIhz/cBpy3Ko=","e1AKewEwvnH0L5vXZwXmJHJKjKem6Lfk",,,
"3cc07477-4210-4e8c-8a24-d5bf9da0e778","CPER_006.basePlot.bet","D10","CPER","CPER_006","2015-07-02","2015-07-16","2015-10-20","NHMCrMp+/ZU4QJif5H5+ZNvatkCbbvo7jq29gPm5t77sS474BMi5GcyshQALrRejGpwcEionQ3pptpcFiI1pCsyvE/BUr4lSJ84SydXJgZg3+5f47OtaGHZhM3vK+Izrnq/VC9Nnygs=","NHMCrMp+/ZUjrbyc93D7UIEYdRsgX3bS",,,
"17aa0f8e-a915-4a85-8eb4-9c66b38a740b","CPER_007.basePlot.bet","D10","CPER","CPER_007","2015-07-02","2015-07-16","2015-10-21","SOIi55Lib0KuwLYH8QEdpIdByljj48ZXahcHM7m7FtntpcaBv0dBtKrUziyQ/FiqymLjusEOCebQOxHkERdQXvoIKvSJ91/wWlE5uuww7L/0+Zztvv9D9E/ebzjh/s6IxKcpXGys4Xs=","SOIi55Lib0I3olSNj5hn9uyoqAhS4h0B",,,
"4b9e211b-5c5d-4daa-a919-913c306143db","CPER_008.basePlot.bet","D10","CPER","CPER_008","2015-07-02","2015-07-16","2015-10-21","kqngcYlCVJ6rAH0hVTosp1vPz57C9NUj3TFAPSUWdEI3Pju9pVbDutpKphsiMbx/s8JPRiwlFu5OjMzjje6x38YNoCg1ffGaKrhot9eXBhtRIYfclK9sPZmYS5JWTe2SCmfn5R6XM10=","kqngcYlCVJ4o5bHCUuC4Rz8zhaCVo4QP",,,
"f9a42201-30d9-4358-a754-d9912af681a5","CPER_009.basePlot.bet","D10","CPER","CPER_009","2015-07-02","2015-07-16","2015-10-21","KY+Aed9dLRssLLAGjpRwFqjlmWFUsLJrQQw2chrFAYqytmHhsFd7wsOAC3w1Cd4uAc67/eUtTWIJ2Xq59Y8E2lBPnFQhY9EWziE/ys4T2FEIm/9UJ5/oPnj5he5vyNfv3VqjTEB5zoU=","KY+Aed9dLRs9i4QYwUd+YYpEpBNyFK52",,,
"523d17b1-f839-49af-b070-6ceb8463f3b7","CPER_010.basePlot.bet","D10","CPER","CPER_010","2015-07-02","2015-07-16","2015-10-20","DW9ihRbrMtlK50XVfY/t802F6yJDjPua5eqP6dzjnEcXe2RRyl8G+g3mSt0v4KHTUwo2Z7ztfvVMpfBLdXcb7BItCabgK6iZoAXMXKs+3CV5BT/5p01lL5QLcp03JaaX9TCbGu2dj4U=","DW9ihRbrMtnfG5VpnH2oh9pwdE1bsIVf",,,
"29c1d980-2c24-4331-b325-16cd12eee15e","CPER_005.basePlot.bet","D10","CPER","CPER_005","2015-07-02","2015-07-16","2016-02-04","e1AKewEwvnG0Zqgtbp7iy8HGeYXoh/5+93U6qVVEY73hOtqAwVf6abMoeN7BRNjClE7/Xe1gTOeOJy1xjoPgAQ==","e1AKewEwvnH0L5vXZwXmJLNHfPVBnpnC0+o2tlHUFVs=","Selenophorus planipennis",,
"976c1192-70aa-437b-9b8a-58a281c9c1fe","CPER_002.basePlot.bet","D10","CPER","CPER_002","2015-07-16","2015-07-30","2016-02-10","OMNGlFKVPvQ/Rtp3zTxlWnUslOqmSApjVwF1jOzP9e+Esj+XkJ7WC4KWB+oTp9GYS1RzetyTSL+52w4u4CYbjg==","OMNGlFKVPvSnYuntV/V8oQWJGGs0nDx1tvhgPMIf8Jc=","Selenophorus planipennis",,
"eb194186-a318-4707-83aa-ab6d16cc1ca4","CPER_002.basePlot.bet","D10","CPER","CPER_002","2015-07-16","2015-07-30","2016-02-10","OMNGlFKVPvSRc1yZQBvTIbZ2vFk3ocpDTHQR4vvptOBNFp8lj20TuUNb5uhadISkorcdcbTdSTPuRYxtsK7SCQ==","OMNGlFKVPvSnYuntV/V8oW8WwFyjXrtVcqFQyvrShds=","Pasimachus elongatus",,
"89a6a29c-c73f-4b6a-a800-a3d0846d40b8","CPER_006.basePlot.bet","D10","CPER","CPER_006","2015-07-16","2015-07-30","2016-02-12","NHMCrMp+/ZWnq0ZeLB6Hsm+/n4hKdehXCDpB0CVeE1SVvUIs8RDvTfHKqPz3an/WYAjcLiY5VZelI4YCoBKWKw==","NHMCrMp+/ZUg1ecigL0ab/CokbQ+xe+i0xk9e7vc2e4=","Piosoma setosum",,
"affe4ecc-4ba1-47f4-aadf-d0f7805a7ea3","CPER_009.basePlot.bet","D10","CPER","CPER_009","2015-07-16","2015-07-30","2016-02-19","KY+Aed9dLRvk/HsTskDdm0jbFIZ1YtRGiD61olmqI9iZ3NaKplCf5QZhPDMnJG4+uS7FHxdea/0eqdCaWiEexg==","KY+Aed9dLRvfqvS7MRVdVEbggoSthMvjzoN4YVzi4dY=","Pasimachus elongatus",,
"2621c94c-2c7e-4c5d-bb0d-9d07ea8b8704","CPER_010.basePlot.bet","D10","CPER","CPER_010","2015-07-16","2015-07-30","2016-02-19","DW9ihRbrMtlK50XVfY/t84x3LeOcshfIdheMpvt7kTR5mDmEZLKy6bxO0j8ZiHocJXRnhibH6X9u/ZgWD6fPYEF3iR8AciSp+9+IXfr7j6xaZ5/3sxntZywyvphn/8BD","DW9ihRbrMtm6CRK7VdPtkXOkZuWZ6YwV4+VPMA7HYIw=","Pasimachus elongatus",,
"cb70a5b1-d3d1-42a3-8295-7f373257288c","CPER_004.basePlot.bet","D10","CPER","CPER_004","2015-07-16","2015-07-30","2016-02-10","eSCyThC0ZO4/6XSI6K5eMjBCcjuoQIRm+PhKf47VTTJ7EUhman/hSgIy2BuIDb+B92xwXamTYB7EGc52H//lUA==","eSCyThC0ZO4IkJH7dvIHcmG46X4aj0x3c1OnxO8kykY=","Pasimachus elongatus",,
"c7e039e5-98e3-479f-ad59-317110e78c0e","CPER_007.basePlot.bet","D10","CPER","CPER_007","2015-07-16","2015-07-30","2016-02-18","SOIi55Lib0K4XwXDLPGdv+HXKbezCfdfJYQxW2sGbyTIEML7XK0rWi39RcA51BK+FXHOlN2k1KXvskeCf0goQWu65XEtk3K/rQ89hYH/VGqKkxKOV6uhoqpropoMv6Nk","SOIi55Lib0LKOx9I1hzWajLza/NUD7Z9B9QSgjPJSHo=","Pasimachus elongatus",,
"04026572-c074-401b-92de-512645e4ff29","CPER_006.basePlot.bet","D10","CPER","CPER_006","2015-07-16","2015-07-30","2016-02-12","NHMCrMp+/ZWvcQ7swpkZ6kgS0QIo8q82bU85ywsY9uou7A+rk+JNPBB2SqYccom7mbEVxdI21Br1KC1oN51goLfFn9VHR8zQdss39F9iVYj2HxKWFrcQBN1S6SZGDt71qgIK72JN5K5W7HqjGp8Zygw/l5snAqI5","NHMCrMp+/ZUg1ecigL0ab718w6NJCv1MkbBdrnptLgs=","Pasimachus elongatus",,
"211a05fe-dd47-4357-bd59-915152fcc994","CPER_003.basePlot.bet","D10","CPER","CPER_003","2015-07-16","2015-07-30","2016-02-10","omCPNZnkoGQ4EY4+lZjlee7dwks+cJuUkb2DvN5AH2LgLE0WkAxtFei2Sj5N4wGJ5IFerNHxSjTAfGYIFeoeDl90vLlUi6MriROyHiL6q1ev6SGH3ZTwWSoGOLaJHIk9vJW7xCL2/Fewl6wz3KPVcUgOv0e+oAdSgczoa9oGme8=","omCPNZnkoGQkMVvFkcwQMa2MyRm17/8rHA5Pl+k76Bs=","Discoderus parallelus",,
"3519bc2b-abe6-46ec-91bb-a1e504f346de","CPER_006.basePlot.bet","D10","CPER","CPER_006","2015-07-16","2015-07-30","2016-02-16","NHMCrMp+/ZWvcQ7swpkZ6so97ZphU3IvoITg6ArvkIjaS91vB9mj79pmd/zqQ0g4zSBzzm0mxMY4NSmSgOU6KsDuD0k8Rcn60VuNw/2cuSYNYdO41KKJuKo4KEGqpaAP","NHMCrMp+/ZUg1ecigL0abwZM0yLgtzA2dFTfZlYBFyI=","Discoderus parallelus",,
"dc6e48af-ae6d-4ac7-864e-b972083b30c4","CPER_004.basePlot.bet","D10","CPER","CPER_004","2015-07-16","2015-07-30","2016-02-11","eSCyThC0ZO4/6XSI6K5eMrrb1TC04vycot8HqTPb4Zmnp1gT8ugI1vtR2mqGxp3XkuNMII8nxkKvux86GxKPog==","eSCyThC0ZO4IkJH7dvIHcul9hZNyGZXsC5QLjQ3tgMw=","Discoderus parallelus",,
"14c0f46d-a9e3-4563-b640-4d609f6c616b","CPER_004.basePlot.bet","D10","CPER","CPER_004","2015-07-16","2015-07-30","2016-02-11","eSCyThC0ZO4R4lMRUhD6DjqYXlm8whMBIyve10jKfn9gtZSiy7dDcIaM5tqyyRI3g9hWZOI0B5HREmhPPuiRRLyEEJPMk0xB1T47AbDBv7NGjCj7Ws+m0ruWuhSVuXRK","eSCyThC0ZO4IkJH7dvIHchQXPh4PAtTSz8mWwdvlrEo=","Euryderus grossus",,
"17cac8b6-a199-4188-9b87-b82a855dc4f0","CPER_008.basePlot.bet","D10","CPER","CPER_008","2015-07-16","2015-07-30","2016-02-19","kqngcYlCVJ75Bh29DXtlM1jAhbwx3JO57TBE7BaLf13ZQjWSW96/ZIX9Bbz2lS+E3pktOOPwmRe7ZH9sICZXVQTIMU/URLE4MT36sXD9AeKraVz88gFWAHVNWDyWoEM3","kqngcYlCVJ6+vMlsO2gzlTsxsT223yOkroh7rKNLkZg=","Discoderus parallelus",,
"8f645aea-bb44-40d1-b814-5c3ec9eddfa3","CPER_002.basePlot.bet","D10","CPER","CPER_002","2015-07-16","2015-07-30","2016-02-10","OMNGlFKVPvSke4TwWW62gBs7gyMx/24Gntg2kn+3L71ePCX8RQPsP6Sj8RnHvc90F2cPjrzMU/RCiHSzB9g1HQ==","OMNGlFKVPvSnYuntV/V8oRUlcJBz1ZjNq1bYWVZqDt0=","Discoderus parallelus",,
"dd391937-b02a-42bb-b3da-61f26e2d83d8","CPER_008.basePlot.bet","D10","CPER","CPER_008","2015-07-16","2015-07-30","2016-02-19","kqngcYlCVJ4Lw/Dkxc6jpOm6Gt0Em85uduDxjTssQNTlA7AoWNnmCJrXPgnc9ibVaVY8tEgIrN/U9X8R3o+LanKLYC70Pb4n0NWAE4yejxUqv28l/Wll7cPubSG2YGUeqLxZBkiIajlfjOzK/qfagZOxcxQ2yrqA","kqngcYlCVJ6+vMlsO2gzlTc3xe068x+QhSZImrBnSZI=","Cratacanthus dubius",,
"18d27ae6-ba3e-4037-a8c3-5be006352d16","CPER_009.basePlot.bet","D10","CPER","CPER_009","2015-07-16","2015-07-30","2016-02-19","KY+Aed9dLRvk/HsTskDdm49Bmn5o/S2fFMNm44GCB3Yjz4DKYQLgPvhxiNU3JxgYJUipVi9cgtbJTTYd8+lq2UMxqXl6VBm+5m6vzXqcxBIK2Py3949IXIB5I8XY5Q9wJ83UG8Z7sYtoL0GnW4XRk7DDdooczWYT9rO+4S4lD+E=","KY+Aed9dLRvfqvS7MRVdVNagu1vqUI7Z8uscIltLE9g=","Discoderus parallelus",,
"eaec4cfa-b762-4c24-a996-b0dd11409a53","CPER_002.basePlot.bet","D10","CPER","CPER_002","2015-07-16","2015-07-30","2016-02-10","OMNGlFKVPvSRc1yZQBvTIdcqJWnF95cSpIBld91gPDO56gtqYzFTFvYgXKiCsDYSZreXaDGowvnqEfmN7hq4KL9K2VYVwsS7qV2ikDadzq36U2XW7x3cEF8WTODUJt8K","OMNGlFKVPvSnYuntV/V8oVQ4KcvcrSXaZ9tUMPhup30=","Cratacanthus dubius",,
"65b7e312-6a86-499b-8ac8-390b5f9308cc","CPER_009.basePlot.bet","D10","CPER","CPER_009","2015-07-16","2015-07-30","2016-02-19","KY+Aed9dLRtPx5j6knVrgF0HJ4MRa11+GTqB24vb90O08xf4lQzx6nJtUbm1l8fp/tF1N1oBt1NKqeib0yFRkA==","KY+Aed9dLRvfqvS7MRVdVHivubRpnSjMn2IqK7DNcZs=","Cratacanthus dubius",,
"08bc9fb5-79c8-4628-ad64-5e0a7f21b246","CPER_006.basePlot.bet","D10","CPER","CPER_006","2015-07-16","2015-07-30","2016-02-17","NHMCrMp+/ZWOow5qJguFE4bI0OhD3hfcp3FrKZPmSRzvsALJmw/Z5kRzTDc74tb89aIEeOHGFiZmDOypNQXIOA==","NHMCrMp+/ZUg1ecigL0ab3G2i01VlbJvkteKuYd2ZFw=","Amara convexa",,
"2cd1026f-e71b-491a-b1bb-f41a895c3cbe","CPER_001.basePlot.bet","D10","CPER","CPER_001","2015-07-16","2015-07-30","2015-10-28","BEtTVHT1LvGvZZWlfH/OygIRBhLClixHiX6Ey4IJMQhd2nsRmDERLVJZlqED2JQ/ZmRdJp5Bp/LhozbUpTmQOU/vMkbQ4WQ69HUFZTZxSXbyXzZyTHYczlT3QHf8MY2BOyKs7aOcg+w=","BEtTVHT1LvHCFJ5wpFsIOw27+KorRpeZ",,,
"3f9f2ea0-376f-4e73-bfa3-0d01a478361b","CPER_002.basePlot.bet","D10","CPER","CPER_002","2015-07-16","2015-07-30","2015-10-28","OMNGlFKVPvQ4Ypsx+quWfyGpTDfr7bjz2J54mpt6XSUnNhhjxj2PmmsUJIEA0U3CkouGmX0xcsZFZdfHwyDaSCd6pnh0P48VybzaHm2nkYN3h45MN0A38RQ76JCZ2lOc86rgF8BtNPQ=","OMNGlFKVPvSnYuntV/V8oWKYLVFHb12Y",,,
"3d70a2a3-a4e0-48db-8686-9a3307f59184","CPER_004.basePlot.bet","D10","CPER","CPER_004","2015-07-16","2015-07-30","2015-10-27","eSCyThC0ZO6mu2ZSEN4o8jsq2SZYHSC7F3tqFH8Jtas3aw2uUZPgCHwvMXzFL2kfb2/eQ6TSq+Poz5NCo9h2IqTCmt+4GHvcfX4LU0wEHS3EwkMWi7is/hwSpdISKVa50nAcJeN0X3A=","eSCyThC0ZO4IkJH7dvIHck2YezFlf8ZF",,,
"2d437fea-a682-470b-8671-8ac9d19538c8","CPER_003.basePlot.bet","D10","CPER","CPER_003","2015-07-16","2015-07-30","2015-10-30","omCPNZnkoGQ4EY4+lZjleTrPh4lhC7bcRaTH/jisfcVNj37LzOL2pwopSSEYdkl74bFIdQwYxB8LlgH+smB3ilKYuSgivDvKrNi5OPqo+dSJ4ROGnWU8y2p6qeca2HlrhygKNxci7pE=","omCPNZnkoGQkMVvFkcwQMcwsNBJ+jzsZ",,,
"2aafc19a-90fe-43a6-b767-6e2abaa9987d","CPER_005.basePlot.bet","D10","CPER","CPER_005","2015-07-16","2015-07-30","2015-10-30","e1AKewEwvnFtOKGYXMgmk+r1xBqrsdvTqiBB7Ckin9+GoDeQKwTm0wFTspOMb4jmT8VlWbhAprsIUu3hjy1uIB1rLnwOFPbB7lgTo4luSnRzO44czkYkn94jX5kbJabAJsqzvFVvo+g=","e1AKewEwvnEkOyqP9ERJbkXV+MEuwm+q",,,
"d858efff-b133-4331-94f6-1155ea858bdf","CPER_006.basePlot.bet","D10","CPER","CPER_006","2015-07-16","2015-07-30","2015-10-27","NHMCrMp+/ZWOow5qJguFExQ7KOlTZe0XIy3PjStQQWSWFYlDlhl6GzyxJebUzrWCdMQFiFcn93kmiBmCGsw+vDtp3fdre0pW2WOBIvqdDOpNGRng8ZgeCMG+1hP/PD4DXZGWGzGFebs=","NHMCrMp+/ZUg1ecigL0abyRfNVdV0NI9",,,
"42af7d7c-083c-463e-9b58-f83f6ecfa5f0","CPER_007.basePlot.bet","D10","CPER","CPER_007","2015-07-16","2015-07-30","2015-10-27","SOIi55Lib0IMfQkIK0RtL2Yv8+9ZMR+8j/R73edcyvlfD5cF2uVWp0eQ09eA2o2SZBRugdALwUBtmOIzxSBGyg/OYSVpXCIrOF7JxcsGKTEXQPSExkUI4SlG80ypBl1a1PaRad7PWfs=","SOIi55Lib0LKOx9I1hzWajSrbZy2f6Q9",,,
"70abba9b-b8f5-407e-8dcd-73771615b692","CPER_008.basePlot.bet","D10","CPER","CPER_008","2015-07-16","2015-07-30","2015-10-29","kqngcYlCVJ6rAH0hVTospzREYY3akAVeOevydAxJ13UQs1EMHgq4CI4kXSYASkhLOR8qYC5kMhm7Pa3FJ+hLzw/F1zYFobC0ful71AYlagvqFfROqUR71KHJHFsULrnQ5G+i0rrWRbY=","kqngcYlCVJ6+vMlsO2gzlVx7xYJGx6yh",,,
"4989ec6a-b557-43cf-8fc4-d9431097a598","CPER_010.basePlot.bet","D10","CPER","CPER_010","2015-07-16","2015-07-30","2015-10-27","DW9ihRbrMtmWU27buLbOiOlsAAtjX+PYc8G8f+YLczcJA6q+8WaW1lbs4Wlkd3VZh9JF+/2pkGuE7/l0F/DiEQk3Z0dVjG0XGdTa/dlobww=","DW9ihRbrMtm6CRK7VdPtkQrLp5gqn6O/",,,
"5a97c775-a87c-4bce-81ea-3b0defe8414f","CPER_009.basePlot.bet","D10","CPER","CPER_009","2015-07-16","2015-07-30","2015-10-27","KY+Aed9dLRtPx5j6knVrgHsHYRLm0Y5+oj1o9bQjdF2j2NjVAKOK+0qfU22hkOD+3/fGpDub4hCZvDjuFxJAP9sX3mMvcTfUmuPtbgclimg4w4IfxxH9wKHZRnMkKXtiEI6th6GO7vc=","KY+Aed9dLRvfqvS7MRVdVOb3XcnmjdNH",,,
