uid,namedLocation,domainID,siteID,plotID,trapID,setDate,collectDate,processingDate,identifiedDate,subsampleID,individualID,taxonID,scientificName,taxonRank,identificationQualifier,scientificNameAuthorship,morphospeciesID,identificationReferences,totalLength,identifiedBy,recordedBy,remarks
"2231f9e7-b407-4469-a2b1-664c66866bc4","CPER_003.basePlot.bet","D10","CPER","CPER_003","N","2015-06-18","2015-07-02","2016-01-26","2016-01-26","omCPNZnkoGQ4EY4+lZjleUFSZ1OXGGxGpqwdHlH4ZEY=","NEON.BET.D10.002755","AMACON3","Amara convexa","species",,"LeConte",,"Other",,"Ji4OKY0Opajnq0SAWKqACItMAkkkfnH7","Ji4OKY0Opajnq0SAWKqACItMAkkkfnH7",
"4c0069eb-d0a4-4388-a23e-7800cc40f418","CPER_005.basePlot.bet","D10","CPER","CPER_005","E","2015-06-18","2015-07-02","2016-01-25","2016-01-25","e1AKewEwvnF0peDlcOGz4dUKgoLKP2DIvdZptsOpoAk=","NEON.BET.D10.002744","DISPAR1","Discoderus parallelus","species",,"Haldeman",,"Other",,"Ji4OKY0Opajnq0SAWKqACItMAkkkfnH7","Ji4OKY0Opajnq0SAWKqACItMAkkkfnH7",
"bbe129b4-21ac-4686-a4d7-b765807081ce","CPER_003.basePlot.bet","D10","CPER","CPER_003","N","2015-06-18","2015-07-02","2016-01-26","2016-01-26","omCPNZnkoGQ4EY4+lZjleYk/fT6vPgava/6RWtHPi9o=","NEON.BET.D10.002754","SELPLA","Selenophorus planipennis","species",,"LeConte",,"Other",,"Ji4OKY0Opajnq0SAWKqACItMAkkkfnH7","Ji4OKY0Opajnq0SAWKqACItMAkkkfnH7",
"254a6a0e-edb3-4ecf-ba90-011164632b13","CPER_005.basePlot.bet","D10","CPER","CPER_005","N","2015-06-18","2015-07-02","2016-01-25","2016-01-25","e1AKewEwvnFbnAU6tiiq4SmctEpfUfWY0RLSIKieMC4=","NEON.BET.D10.002748","CARSP14","Carabidae sp.","family",,"Latreille","D10.2015.MorphD","Other",,"Ji4OKY0Opajnq0SAWKqACItMAkkkfnH7","Ji4OKY0Opajnq0SAWKqACItMAkkkfnH7","Helluomorphoides sp. Heavily punctated all over. Rufous in color. Long slender elytra with squarish apex."
"f2b22efe-dd81-405f-8d97-ba3857e4adc7","CPER_003.basePlot.bet","D10","CPER","CPER_003","N","2015-06-18","2015-07-02","2016-01-26","2016-01-26","omCPNZnkoGQ4EY4+lZjlec872RnHGCRszzYSTK/OiAs=","NEON.BET.D10.002753","EURGRO","Euryderus grossus","species",,"Say",,"Other",,"Ji4OKY0Opajnq0SAWKqACItMAkkkfnH7","Ji4OKY0Opajnq0SAWKqACItMAkkkfnH7",
"8ce3b300-7cba-41ae-9582-5187798d9be4","CPER_008.basePlot.bet","D10","CPER","CPER_008","N","2015-06-18","2015-07-02","2016-01-21","2016-01-21","kqngcYlCVJ4w2uFYReEs+4o1H/nIuLAYnxFtoaOiLC8=","NEON.BET.D10.002731","CRADUB","Cratacanthus dubius","species",,"Palisot de Beauvois",,"Other",,"Ji4OKY0Opajnq0SAWKqACItMAkkkfnH7","Ji4OKY0Opajnq0SAWKqACItMAkkkfnH7",
"b5cd5424-2d0d-4eb5-9bf3-49fe34904894","CPER_006.basePlot.bet","D10","CPER","CPER_006","N","2015-06-18","2015-07-02","2016-01-21","2016-01-21","NHMCrMp+/ZWOow5qJguFE4x1l8niANlvfsH7JrmkAhg=","NEON.BET.D10.002739","AMACON3","Amara convexa","species",,"LeConte",,"Other",,"Ji4OKY0Opajnq0SAWKqACItMAkkkfnH7","Ji4OKY0Opajnq0SAWKqACItMAkkkfnH7",
"575cb9e8-eb40-4a3c-928b-2652729649ac","CPER_003.basePlot.bet","D10","CPER","CPER_003","S","2015-06-18","2015-07-02","2016-01-26","2016-01-26","omCPNZnkoGSR7k6XX2iQSZtpCAlgchcInDjsW8gLH9E=","NEON.BET.D10.002752","PASELO","Pasimachus elongatus","species",,"LeConte",,"Other",,"Ji4OKY0Opajnq0SAWKqACItMAkkkfnH7","Ji4OKY0Opajnq0SAWKqACItMAkkkfnH7",
"a060918e-a242-4f2f-b93d-d678a9d93d3a","CPER_006.basePlot.bet","D10","CPER","CPER_006","S","2015-06-18","2015-07-02","2016-01-21","2016-01-21","NHMCrMp+/ZU4QJif5H5+ZOwu3XDIWtztaS5KREywG68=","NEON.BET.D10.002742","CHLTOM","Chlaenius tomentosus","species",,"Say",,"Other",,"Ji4OKY0Opajnq0SAWKqACItMAkkkfnH7","Ji4OKY0Opajnq0SAWKqACItMAkkkfnH7",
"94d593fd-f356-4426-93b9-805b9e8a2ae0","CPER_005.basePlot.bet","D10","CPER","CPER_005","S","2015-06-18","2015-07-02","2016-01-25","2016-01-25","e1AKewEwvnFtOKGYXMgmk/XVF3iUl3ECNqtFqQ1Yves=","NEON.BET.D10.002746","AMACON3","Amara convexa","species",,"LeConte",,"Other",,"Ji4OKY0Opajnq0SAWKqACItMAkkkfnH7","Ji4OKY0Opajnq0SAWKqACItMAkkkfnH7",
"f5cde281-658e-4aff-9df2-da3ea22d8794","CPER_005.basePlot.bet","D10","CPER","CPER_005","S","2015-06-18","2015-07-02","2016-01-25","2016-01-25","e1AKewEwvnFtOKGYXMgmk0BcrMkMkhaMk1yLfnKZ/kY=","NEON.BET.D10.002745","PIOSET","Piosoma setosum","species",,"LeConte",,"Other",,"Ji4OKY0Opajnq0SAWKqACItMAkkkfnH7","Ji4OKY0Opajnq0SAWKqACItMAkkkfnH7",
"94a05758-2b05-44ec-b5cf-c9cdb47a32fb","CPER_006.basePlot.bet","D10","CPER","CPER_006","S","2015-06-18","2015-07-02","2016-01-21","2016-01-21","NHMCrMp+/ZU4QJif5H5+ZFRewFcg8WsHA8G/ncLTYW4=","NEON.BET.D10.002743","CARSP14","Carabidae sp.","family",,"Latreille","D10.2015.MorphI","Other",,"Ji4OKY0Opajnq0SAWKqACItMAkkkfnH7","Ji4OKY0Opajnq0SAWKqACItMAkkkfnH7","Harpalus sp. 90 degree anterior angle that fans out over the elytra. Probably either HAROPA or HARELL."
"f1d36d92-02ee-4b29-8628-3fba1d1deb7d","CPER_004.basePlot.bet","D10","CPER","CPER_004","S","2015-06-18","2015-07-02","2016-01-26","2016-01-26","eSCyThC0ZO4R4lMRUhD6DuXeFaTrokg/p40GOK4d5b4=","NEON.BET.D10.002751","EURGRO","Euryderus grossus","species",,"Say",,"Other",,"Ji4OKY0Opajnq0SAWKqACItMAkkkfnH7","Ji4OKY0Opajnq0SAWKqACItMAkkkfnH7",
"296e8cc9-5cc4-4cc3-873c-2e832e311ab6","CPER_006.basePlot.bet","D10","CPER","CPER_006","S","2015-06-18","2015-07-02","2016-01-21","2016-01-21","NHMCrMp+/ZU4QJif5H5+ZFRewFcg8WsHQK04D0Jqq4I=","NEON.BET.D10.002741","CARSP14","Carabidae sp.","family",,"Latreille","D10.2015.MorphK","Other",,"Ji4OKY0Opajnq0SAWKqACItMAkkkfnH7","Ji4OKY0Opajnq0SAWKqACItMAkkkfnH7","probably AGOCON. Small species with rounded prototum. Often with rufous pronotum and darker head and elytra. One setae above eye."
"c4d17471-a174-4a25-a6f4-1fba01964772","CPER_006.basePlot.bet","D10","CPER","CPER_006","S","2015-06-18","2015-07-02","2016-01-21","2016-01-21","NHMCrMp+/ZU4QJif5H5+ZFRewFcg8WsHb5QFzujBOuA=","NEON.BET.D10.002740","CARSP14","Carabidae sp.","family",,"Latreille","D10.2015.MorphC","Other",,"Ji4OKY0Opajnq0SAWKqACItMAkkkfnH7","Ji4OKY0Opajnq0SAWKqACItMAkkkfnH7","slightly larger than AMACON3. Only segments 1 and 2 of antenna rufous. Two slight fovea on pronotum. Pronotum relatively smooth."
"045de3e8-42b5-4136-b43b-a65dbb7a471f","CPER_004.basePlot.bet","D10","CPER","CPER_004","W","2015-06-18","2015-07-02","2016-01-26","2016-01-26","eSCyThC0ZO58b8njHd7So81FfxpwUjIyHyRzJkU9qGM=","NEON.BET.D10.002750","HARDES","Harpalus desertus","species",,"LeConte",,"Other",,"Ji4OKY0Opajnq0SAWKqACItMAkkkfnH7","Ji4OKY0Opajnq0SAWKqACItMAkkkfnH7",
"c8a7b610-92ab-46a7-9d32-d45d95aadbdd","CPER_002.basePlot.bet","D10","CPER","CPER_002","W","2015-06-18","2015-07-02","2016-01-26","2016-01-26","OMNGlFKVPvSke4TwWW62gBp3YQq9zX3Qi9aTqBm7sno=","NEON.BET.D10.002756","HARDES","Harpalus desertus","species","cf. species","LeConte",,"Other",,"Ji4OKY0Opajnq0SAWKqACItMAkkkfnH7","Ji4OKY0Opajnq0SAWKqACItMAkkkfnH7",
"54a9d582-f15a-4da6-bd00-e543d167a160","CPER_005.basePlot.bet","D10","CPER","CPER_005","W","2015-06-18","2015-07-02","2016-01-25","2016-01-25","e1AKewEwvnG0Zqgtbp7iy4Th7lwRe1fiifHdG59VUlg=","NEON.BET.D10.002747","CARSP14","Carabidae sp.","family",,"Latreille","D10.2015.MorphM","Other",,"Ji4OKY0Opajnq0SAWKqACItMAkkkfnH7","Ji4OKY0Opajnq0SAWKqACItMAkkkfnH7","Cymindis sp. Legs and antenna rufous in color. Body piceous. Latter margins of pronotum translucent. Punctuation all over head and pronotum and down stria."
"1e6c5ab5-b8ac-4c12-824b-577fe47430fc","CPER_006.basePlot.bet","D10","CPER","CPER_006","E","2015-06-18","2015-07-02","2016-01-21","2016-01-21","NHMCrMp+/ZWnq0ZeLB6HshQmGUn6Eel6s2njjuqbOoA=","NEON.BET.D10.002738","PIOSET","Piosoma setosum","species",,"LeConte",,"Other",,"Ji4OKY0Opajnq0SAWKqACItMAkkkfnH7","Ji4OKY0Opajnq0SAWKqACItMAkkkfnH7",
"4326f776-e803-4f0a-b37b-cc4fdbc9214f","CPER_001.basePlot.bet","D10","CPER","CPER_001","E","2015-06-18","2015-07-02","2016-01-27","2016-01-27","BEtTVHT1LvGmeSf6iWM9MADarrQrix8yjFhP7Qqs1tM=","NEON.BET.D10.002767","DISPAR1","Discoderus parallelus","species",,"Haldeman",,"Other",,"Rjv/PyMx3k4oygLKYkCbuIDsccqDw9So","Rjv/PyMx3k4oygLKYkCbuIDsccqDw9So",
"dae209cc-e831-4c98-a581-f2e26c540728","CPER_001.basePlot.bet","D10","CPER","CPER_001","E","2015-06-18","2015-07-02","2016-01-12","2016-01-27","BEtTVHT1LvGmeSf6iWM9MB6xwo7a1IauJqv8TPiQxsY=","NEON.BET.D10.002761","PASELO","Pasimachus elongatus","species",,"LeConte",,"Other",,"Ji4OKY0Opajnq0SAWKqACItMAkkkfnH7","Ji4OKY0Opajnq0SAWKqACItMAkkkfnH7",
"c72043d0-6b11-4286-91c5-e17f714ed3b7","CPER_006.basePlot.bet","D10","CPER","CPER_006","E","2015-06-18","2015-07-02","2016-01-21","2016-01-21","NHMCrMp+/ZWnq0ZeLB6HsnVoLYru9LjQi95/ulwcXKE=","NEON.BET.D10.002733","PASELO","Pasimachus elongatus","species",,"LeConte",,"Other",,"Ji4OKY0Opajnq0SAWKqACItMAkkkfnH7","Ji4OKY0Opajnq0SAWKqACItMAkkkfnH7",
"2e442409-0a02-406b-9575-f117bc76158d","CPER_006.basePlot.bet","D10","CPER","CPER_006","E","2015-06-18","2015-07-02","2016-01-21","2016-01-21","NHMCrMp+/ZWnq0ZeLB6HshQmGUn6Eel6s2njjuqbOoA=","NEON.BET.D10.002736","PIOSET","Piosoma setosum","species",,"LeConte",,"Other",,"Ji4OKY0Opajnq0SAWKqACItMAkkkfnH7","Ji4OKY0Opajnq0SAWKqACItMAkkkfnH7",
"1be86c17-724d-474f-af47-4a652cf22479","CPER_001.basePlot.bet","D10","CPER","CPER_001","E","2015-06-18","2015-07-02","2016-01-27","2016-01-27","BEtTVHT1LvGmeSf6iWM9MADarrQrix8yjFhP7Qqs1tM=","NEON.BET.D10.002764","DISPAR1","Discoderus parallelus","species",,"Haldeman",,"Other",,"Rjv/PyMx3k4oygLKYkCbuIDsccqDw9So","Rjv/PyMx3k4oygLKYkCbuIDsccqDw9So",
"022d953b-fdb9-4cd5-9069-291ed768d47f","CPER_001.basePlot.bet","D10","CPER","CPER_001","E","2015-06-18","2015-07-02","2016-01-27","2016-01-27","BEtTVHT1LvGmeSf6iWM9MADarrQrix8yjFhP7Qqs1tM=","NEON.BET.D10.002765","DISPAR1","Discoderus parallelus","species",,"Haldeman",,"Other",,"Rjv/PyMx3k4oygLKYkCbuIDsccqDw9So","Rjv/PyMx3k4oygLKYkCbuIDsccqDw9So",
"edbdc3ad-0016-4344-813b-da901b8e0b8c","CPER_010.basePlot.bet","D10","CPER","CPER_010","E","2015-06-18","2015-07-02","2016-01-21","2016-01-21","DW9ihRbrMtn+HN2c8wy+ajiYSsJIGng1JWa4dJ+sBEs=","NEON.BET.D10.002732","CARSP14","Carabidae sp.","family",,"Latreille","D10.2015.MorphL","Other",,"Ji4OKY0Opajnq0SAWKqACItMAkkkfnH7","Ji4OKY0Opajnq0SAWKqACItMAkkkfnH7","Bembidion sp. stongly convex eyes. Shapely pronotum. Punctuation down stria on elytra. Very small species."
"ace6eb95-9cd6-4298-af69-3698e3cf911e","CPER_006.basePlot.bet","D10","CPER","CPER_006","E","2015-06-18","2015-07-02","2016-01-21","2016-01-21","NHMCrMp+/ZWnq0ZeLB6HshQmGUn6Eel6s2njjuqbOoA=","NEON.BET.D10.002737","PIOSET","Piosoma setosum","species",,"LeConte",,"Other",,"Ji4OKY0Opajnq0SAWKqACItMAkkkfnH7","Ji4OKY0Opajnq0SAWKqACItMAkkkfnH7",
"085c31e5-0f32-4404-8902-41fe3752f8f8","CPER_006.basePlot.bet","D10","CPER","CPER_006","E","2015-06-18","2015-07-02","2016-01-21","2016-01-21","NHMCrMp+/ZWnq0ZeLB6HskDJd4l3KowQbvyhBBOuA6w=","NEON.BET.D10.002734","CALAFF1","Calosoma affine","species",,"Chaudoir",,"Other",,"Ji4OKY0Opajnq0SAWKqACItMAkkkfnH7","Ji4OKY0Opajnq0SAWKqACItMAkkkfnH7",
"f8387ddd-463a-447e-b4fe-d8ecfd3e6610","CPER_006.basePlot.bet","D10","CPER","CPER_006","E","2015-06-18","2015-07-02","2016-01-21","2016-01-21","NHMCrMp+/ZWnq0ZeLB6HsoDRrOWOQbTDFygxgkmmvZk=","NEON.BET.D10.002735","CHLTOM","Chlaenius tomentosus","species",,"Say",,"Other",,"Ji4OKY0Opajnq0SAWKqACItMAkkkfnH7","Ji4OKY0Opajnq0SAWKqACItMAkkkfnH7",
"fdcfafde-2365-47b9-97c1-9553df2ea3c8","CPER_001.basePlot.bet","D10","CPER","CPER_001","E","2015-06-18","2015-07-02","2016-01-12","2016-01-27","BEtTVHT1LvGmeSf6iWM9MFxR2WTGhuo0JZeEDhOrjts=","NEON.BET.D10.002762","CHLTOM","Chlaenius tomentosus","species",,"Say",,"Other",,"Rjv/PyMx3k4oygLKYkCbuIDsccqDw9So","Rjv/PyMx3k4oygLKYkCbuIDsccqDw9So",
"d6fc51d9-a21b-4eea-be56-d4699395ae4a","CPER_001.basePlot.bet","D10","CPER","CPER_001","E","2015-06-18","2015-07-02","2016-01-27","2016-01-27","BEtTVHT1LvGmeSf6iWM9MADarrQrix8yjFhP7Qqs1tM=","NEON.BET.D10.002766","DISPAR1","Discoderus parallelus","species",,"Haldeman",,"Other",,"Rjv/PyMx3k4oygLKYkCbuIDsccqDw9So","Rjv/PyMx3k4oygLKYkCbuIDsccqDw9So",
"9a05b1ac-1e74-48ce-bc24-b41574f2edd3","CPER_001.basePlot.bet","D10","CPER","CPER_001","E","2015-06-18","2015-07-02","2016-01-12","2016-01-27","BEtTVHT1LvGmeSf6iWM9MIvxGJ/cwo8DrnQ4t+K8vOs=","NEON.BET.D10.002763","SELPLA","Selenophorus planipennis","species",,"LeConte",,"Other",,"Rjv/PyMx3k4oygLKYkCbuIDsccqDw9So","Rjv/PyMx3k4oygLKYkCbuIDsccqDw9So",
"481262f7-e6f3-4670-9656-275d4ec49548","CPER_005.basePlot.bet","D10","CPER","CPER_005","N","2015-06-18","2015-07-02","2016-01-25","2016-01-25","e1AKewEwvnFbnAU6tiiq4cnQYWG0dWaZm8IalNz4njA=","NEON.BET.D10.002749","HARDES","Harpalus desertus","species",,"LeConte",,"Other",,"Ji4OKY0Opajnq0SAWKqACItMAkkkfnH7","Ji4OKY0Opajnq0SAWKqACItMAkkkfnH7",
"ad498cae-e130-4f30-bfe9-49d50654dfbb","CPER_002.basePlot.bet","D10","CPER","CPER_002","E","2015-07-02","2015-07-16","2016-02-04","2016-02-04","OMNGlFKVPvQ/Rtp3zTxlWvemaP6NKZJc86HYGWzYRik=","NEON.BET.D10.002799","SELPLA","Selenophorus planipennis","species",,"LeConte",,"Other",,"Rjv/PyMx3k4oygLKYkCbuIDsccqDw9So","Rjv/PyMx3k4oygLKYkCbuIDsccqDw9So",
"88f87d3d-31e2-4066-8d05-060823f24165","CPER_002.basePlot.bet","D10","CPER","CPER_002","E","2015-07-02","2015-07-16","2016-02-04","2016-02-04","OMNGlFKVPvQ/Rtp3zTxlWvemaP6NKZJc86HYGWzYRik=","NEON.BET.D10.002801","SELPLA","Selenophorus planipennis","species",,"LeConte",,"Other",,"Rjv/PyMx3k4oygLKYkCbuIDsccqDw9So","Rjv/PyMx3k4oygLKYkCbuIDsccqDw9So",
"b832fd3d-5be2-445d-a509-f4e93c4d136a","CPER_002.basePlot.bet","D10","CPER","CPER_002","E","2015-07-02","2015-07-16","2016-02-04","2016-02-04","OMNGlFKVPvQ/Rtp3zTxlWvemaP6NKZJc86HYGWzYRik=","NEON.BET.D10.002798","SELPLA","Selenophorus planipennis","species",,"LeConte",,"Other",,"Rjv/PyMx3k4oygLKYkCbuIDsccqDw9So","Rjv/PyMx3k4oygLKYkCbuIDsccqDw9So",
"50a7d538-51a5-47b1-bef2-418d8afd3723","CPER_002.basePlot.bet","D10","CPER","CPER_002","E","2015-07-02","2015-07-16","2016-02-04","2016-02-04","OMNGlFKVPvQ/Rtp3zTxlWuJjsla2kPv8M2mr2dKpVjQ=","NEON.BET.D10.002803","DISPAR1","Discoderus parallelus","species",,"Haldeman",,"Other",,"Rjv/PyMx3k4oygLKYkCbuIDsccqDw9So","Rjv/PyMx3k4oygLKYkCbuIDsccqDw9So",
"c9a1c133-379c-4c48-9fd8-04ab9e508ee8","CPER_002.basePlot.bet","D10","CPER","CPER_002","E","2015-07-02","2015-07-16","2016-02-04","2016-02-04","OMNGlFKVPvQ/Rtp3zTxlWvemaP6NKZJc86HYGWzYRik=","NEON.BET.D10.002800","SELPLA","Selenophorus planipennis","species",,"LeConte",,"Other",,"Rjv/PyMx3k4oygLKYkCbuIDsccqDw9So","Rjv/PyMx3k4oygLKYkCbuIDsccqDw9So",
"c8f762ae-1d2e-4850-8ccc-036c61d95f66","CPER_002.basePlot.bet","D10","CPER","CPER_002","E","2015-07-02","2015-07-16","2016-02-04","2016-02-04","OMNGlFKVPvQ/Rtp3zTxlWvemaP6NKZJc86HYGWzYRik=","NEON.BET.D10.002796","SELPLA","Selenophorus planipennis","species","cf. species","LeConte",,"Other",,"Rjv/PyMx3k4oygLKYkCbuIDsccqDw9So","Rjv/PyMx3k4oygLKYkCbuIDsccqDw9So",
"f38503cb-b741-4f1e-b121-32650252c91e","CPER_002.basePlot.bet","D10","CPER","CPER_002","E","2015-07-02","2015-07-16","2016-02-04","2016-02-04","OMNGlFKVPvQ/Rtp3zTxlWuJjsla2kPv8M2mr2dKpVjQ=","NEON.BET.D10.002804","DISPAR1","Discoderus parallelus","species",,"Haldeman",,"Other",,"Rjv/PyMx3k4oygLKYkCbuIDsccqDw9So","Rjv/PyMx3k4oygLKYkCbuIDsccqDw9So",
"c91df265-728b-4c8f-96aa-00b605546d7b","CPER_008.basePlot.bet","D10","CPER","CPER_008","E","2015-07-02","2015-07-16","2016-02-03","2016-02-03","kqngcYlCVJ75Bh29DXtlMz3nSmC7vlDNb6DdTLf26JI=","NEON.BET.D10.002772","CYCCON1","Cyclotrachelus constrictus","species",,"Say",,"Other",,"Ji4OKY0Opajnq0SAWKqACItMAkkkfnH7","Ji4OKY0Opajnq0SAWKqACItMAkkkfnH7",
"0c840aff-ab2f-4e07-a3f2-340754e9fa4c","CPER_008.basePlot.bet","D10","CPER","CPER_008","E","2015-07-02","2015-07-16","2016-02-04","2016-02-04","kqngcYlCVJ75Bh29DXtlM93YqTdsAuNfecNw3x5DGfU=","NEON.BET.D10.002773","HARDES","Harpalus desertus","species",,"LeConte",,"Other",,"Ji4OKY0Opajnq0SAWKqACItMAkkkfnH7","Ji4OKY0Opajnq0SAWKqACItMAkkkfnH7",
"5876e5e3-7bcd-471d-8ddd-38b92d9f9546","CPER_008.basePlot.bet","D10","CPER","CPER_008","E","2015-07-02","2015-07-16","2016-02-03","2016-02-03","kqngcYlCVJ75Bh29DXtlMxJNL1hw/NH8fupm3BIP9dE=","NEON.BET.D10.002771","CHLTOM","Chlaenius tomentosus","species",,"Say",,"Other",,"Ji4OKY0Opajnq0SAWKqACItMAkkkfnH7","Ji4OKY0Opajnq0SAWKqACItMAkkkfnH7",
"6a8c04d7-dd12-4ec5-92de-3cffb6e29b9d","CPER_007.basePlot.bet","D10","CPER","CPER_007","E","2015-07-02","2015-07-16","2016-02-03","2016-02-03","SOIi55Lib0K4XwXDLPGdv29IdmuKeTypd5owzd7K0no=","NEON.BET.D10.002776","EURGRO","Euryderus grossus","species",,"Say",,"Other",13,"Rjv/PyMx3k4oygLKYkCbuIDsccqDw9So","Rjv/PyMx3k4oygLKYkCbuIDsccqDw9So",
"7d709b46-d1fc-4ac9-97d0-11b0b6b4cd52","CPER_006.basePlot.bet","D10","CPER","CPER_006","E","2015-07-02","2015-07-16","2016-02-04","2016-02-04","NHMCrMp+/ZWnq0ZeLB6HsqBf/1sgbKTbgQzyDdeosMw=","NEON.BET.D10.002783","CALAFF1","Calosoma affine","species",,"Chaudoir",,"Other",19,"Ji4OKY0Opajnq0SAWKqACItMAkkkfnH7","Ji4OKY0Opajnq0SAWKqACItMAkkkfnH7",
"c28ef375-867c-47e6-a96e-8b44671c6661","CPER_007.basePlot.bet","D10","CPER","CPER_007","E","2015-07-02","2015-07-16","2016-02-03","2016-02-03","SOIi55Lib0K4XwXDLPGdv29IdmuKeTypd5owzd7K0no=","NEON.BET.D10.002774","EURGRO","Euryderus grossus","species",,"Say",,"Other",13,"Rjv/PyMx3k4oygLKYkCbuIDsccqDw9So","Rjv/PyMx3k4oygLKYkCbuIDsccqDw9So",
"e8619a71-e5bd-496d-a8fd-c3125b7fc44b","CPER_001.basePlot.bet","D10","CPER","CPER_001","E","2015-07-02","2015-07-16","2016-02-04","2016-02-04","BEtTVHT1LvGmeSf6iWM9MGQHTTjqrdq7bxTCf9d5dII=","NEON.BET.D10.002793","DISPAR1","Discoderus parallelus","species",,"Haldeman",,"Other",,"Rjv/PyMx3k4oygLKYkCbuIDsccqDw9So","Rjv/PyMx3k4oygLKYkCbuIDsccqDw9So",
"6daacebb-c929-4df8-bfa6-ab7a6cc84477","CPER_009.basePlot.bet","D10","CPER","CPER_009","N","2015-07-02","2015-07-16","2016-02-03","2016-02-03","KY+Aed9dLRs9Os5MEMz0IJucpwNY+0zklaPDmq6xg6Y=","NEON.BET.D10.002758","CICPUN","Cicindela punctulata","species",,"Olivier",,"Other",,"Ji4OKY0Opajnq0SAWKqACItMAkkkfnH7","Ji4OKY0Opajnq0SAWKqACItMAkkkfnH7",
"bf17e5fc-48a5-495c-a325-607894f51f49","CPER_001.basePlot.bet","D10","CPER","CPER_001","N","2015-07-02","2015-07-16","2016-02-03","2016-02-03","BEtTVHT1LvGOinTJsTLHD4FwAAIfpPnZjashlaeGDeA=","NEON.BET.D10.002780","CICPUN","Cicindela punctulata","species",,"Olivier",,"Other",,"Rjv/PyMx3k4oygLKYkCbuIDsccqDw9So","Rjv/PyMx3k4oygLKYkCbuIDsccqDw9So",
"634c16d3-e2a3-4610-a299-6da4734c4163","CPER_002.basePlot.bet","D10","CPER","CPER_002","N","2015-07-02","2015-07-16","2016-02-04","2016-02-04","OMNGlFKVPvSRc1yZQBvTIf77frE0y0g4wEuYF1M+g20=","NEON.BET.D10.002794","CRADUB","Cratacanthus dubius","species",,"Palisot de Beauvois",,"Other",,"Rjv/PyMx3k4oygLKYkCbuIDsccqDw9So","Rjv/PyMx3k4oygLKYkCbuIDsccqDw9So",
"baac7ef0-7126-4d43-8ea5-7759233c1fab","CPER_003.basePlot.bet","D10","CPER","CPER_003","N","2015-07-02","2015-07-16","2016-02-09","2016-02-09","omCPNZnkoGQ4EY4+lZjlefyxaRn8eQqdk1vx94Cms4Y=","NEON.BET.D10.002808","HAROPA","Harpalus opacipennis","species","cf. species","Haldeman",,"Other",,"Rjv/PyMx3k4oygLKYkCbuIDsccqDw9So","Rjv/PyMx3k4oygLKYkCbuIDsccqDw9So",
"41e7c41a-ea8a-48f9-aeb2-0bc6cd0bf0b8","CPER_009.basePlot.bet","D10","CPER","CPER_009","N","2015-07-02","2015-07-16","2016-02-03","2016-02-03","KY+Aed9dLRs9Os5MEMz0IB4vVT6yhMB/dsVuZFCKBBM=","NEON.BET.D10.002759","SELPLA","Selenophorus planipennis","species",,"LeConte",,"Other",,"Ji4OKY0Opajnq0SAWKqACItMAkkkfnH7","Ji4OKY0Opajnq0SAWKqACItMAkkkfnH7",
"a979a135-d863-4a4f-811a-ffd1c0e2709b","CPER_006.basePlot.bet","D10","CPER","CPER_006","N","2015-07-02","2015-07-16","2016-02-04","2016-02-04","NHMCrMp+/ZWOow5qJguFE4zbBnApbrDxWfwKZloZ60Y=","NEON.BET.D10.002790","AMACON3","Amara convexa","species",,"LeConte",,"Other",,"Ji4OKY0Opajnq0SAWKqACItMAkkkfnH7","Ji4OKY0Opajnq0SAWKqACItMAkkkfnH7",
"fe1f8143-7b7e-42e7-9001-9e97a1163889","CPER_001.basePlot.bet","D10","CPER","CPER_001","N","2015-07-02","2015-07-16","2016-02-03","2016-02-03","BEtTVHT1LvGOinTJsTLHDyo5TrnQSNPrMQRzlRSoPg4=","NEON.BET.D10.002781","HAROPA","Harpalus opacipennis","species","cf. species","Haldeman",,"Other",,"Rjv/PyMx3k4oygLKYkCbuIDsccqDw9So","Rjv/PyMx3k4oygLKYkCbuIDsccqDw9So",
"33caf048-146b-4cf1-9fcf-e2d71967830f","CPER_003.basePlot.bet","D10","CPER","CPER_003","N","2015-07-02","2015-07-16","2016-02-09","2016-02-09","omCPNZnkoGQ4EY4+lZjlecwCya1J6kfd3hWYi1q9/VU=","NEON.BET.D10.002809","DISPAR1","Discoderus parallelus","species",,"Haldeman",,"Other",,"Rjv/PyMx3k4oygLKYkCbuIDsccqDw9So","Rjv/PyMx3k4oygLKYkCbuIDsccqDw9So",
"9e1c5764-19ae-4a0f-88a3-9dd7baf77d70","CPER_003.basePlot.bet","D10","CPER","CPER_003","N","2015-07-02","2015-07-16","2016-02-09","2016-02-09","omCPNZnkoGQ4EY4+lZjlecwCya1J6kfd3hWYi1q9/VU=","NEON.BET.D10.002811","DISPAR1","Discoderus parallelus","species",,"Haldeman",,"Other",,"Rjv/PyMx3k4oygLKYkCbuIDsccqDw9So","Rjv/PyMx3k4oygLKYkCbuIDsccqDw9So",
"0d5ddb55-d2d0-485a-b236-1f8111d88902","CPER_003.basePlot.bet","D10","CPER","CPER_003","N","2015-07-02","2015-07-16","2016-02-09","2016-02-09","omCPNZnkoGQ4EY4+lZjlecwCya1J6kfd3hWYi1q9/VU=","NEON.BET.D10.002810","DISPAR1","Discoderus parallelus","species",,"Haldeman",,"Other",,"Rjv/PyMx3k4oygLKYkCbuIDsccqDw9So","Rjv/PyMx3k4oygLKYkCbuIDsccqDw9So",
"61dfcb02-18ae-4846-b619-ba86576c0ad0","CPER_006.basePlot.bet","D10","CPER","CPER_006","N","2015-07-02","2015-07-16","2016-02-04","2016-02-04","NHMCrMp+/ZWOow5qJguFE4zbBnApbrDxWfwKZloZ60Y=","NEON.BET.D10.002791","AMACON3","Amara convexa","species",,"LeConte",,"Other",,"Ji4OKY0Opajnq0SAWKqACItMAkkkfnH7","Ji4OKY0Opajnq0SAWKqACItMAkkkfnH7",
"be4d8b1e-6e44-400d-ac57-b51d1654c2a1","CPER_006.basePlot.bet","D10","CPER","CPER_006","N","2015-07-02","2015-07-16","2016-02-04","2016-02-04","NHMCrMp+/ZWOow5qJguFEw9qzncFnKCac+z9U2hbkl4=","NEON.BET.D10.002789","HARDES","Harpalus desertus","species",,"LeConte",,"Other",,"Ji4OKY0Opajnq0SAWKqACItMAkkkfnH7","Ji4OKY0Opajnq0SAWKqACItMAkkkfnH7",
"ac6839f0-263b-474b-8bd3-36c97d1ab3ec","CPER_009.basePlot.bet","D10","CPER","CPER_009","N","2015-07-02","2015-07-16","2016-02-03","2016-02-03","KY+Aed9dLRs9Os5MEMz0IB4vVT6yhMB/dsVuZFCKBBM=","NEON.BET.D10.002760","SELPLA","Selenophorus planipennis","species",,"LeConte",,"Other",,"Ji4OKY0Opajnq0SAWKqACItMAkkkfnH7","Ji4OKY0Opajnq0SAWKqACItMAkkkfnH7",
"454b683c-6cc0-4325-8d04-13282ff1b9ec","CPER_010.basePlot.bet","D10","CPER","CPER_010","N","2015-07-02","2015-07-16","2016-01-27","2016-01-27","DW9ihRbrMtlK50XVfY/t87czAnU674r/CmAQ7sSDML0=","NEON.BET.D10.002757","CYCCON1","Cyclotrachelus constrictus","species",,"Say",,"Other",,"Ji4OKY0Opajnq0SAWKqACItMAkkkfnH7","Ji4OKY0Opajnq0SAWKqACItMAkkkfnH7",
"6015b9d6-1f01-4921-91a3-dd820c6dd2e3","CPER_002.basePlot.bet","D10","CPER","CPER_002","N","2015-07-02","2015-07-16","2016-02-04","2016-02-04","OMNGlFKVPvSRc1yZQBvTIVOH2FtFxDuf5+MVSHhXIz8=","NEON.BET.D10.002795","SELPLA","Selenophorus planipennis","species",,"LeConte",,"Other",,"Rjv/PyMx3k4oygLKYkCbuIDsccqDw9So","Rjv/PyMx3k4oygLKYkCbuIDsccqDw9So",
"21d848bf-0ed8-407b-b0b5-d2a82a8d1d6c","CPER_007.basePlot.bet","D10","CPER","CPER_007","S","2015-07-02","2015-07-16","2016-02-03","2016-02-03","SOIi55Lib0IMfQkIK0RtL/Hh8+B0uXtEGQdmlaegg54=","NEON.BET.D10.002777","PASELO","Pasimachus elongatus","species",,"LeConte",,"Other",,"Rjv/PyMx3k4oygLKYkCbuIDsccqDw9So","Rjv/PyMx3k4oygLKYkCbuIDsccqDw9So",
"40b8548a-6773-4dc6-a23c-b0435bfba959","CPER_006.basePlot.bet","D10","CPER","CPER_006","S","2015-07-02","2015-07-16","2016-03-15","2016-03-15","NHMCrMp+/ZU4QJif5H5+ZKSiUdsdaXsJafkVywarYSM=","NEON.BET.D10.003069","CICPUN","Cicindela punctulata","species",,"Olivier",,"Other",,"Ji4OKY0Opajnq0SAWKqACItMAkkkfnH7","Ji4OKY0Opajnq0SAWKqACItMAkkkfnH7",
"8db23a6d-6883-486b-8a39-3eca1a10ac5e","CPER_007.basePlot.bet","D10","CPER","CPER_007","S","2015-07-02","2015-07-16","2016-02-03","2016-02-03","SOIi55Lib0IMfQkIK0RtL/Hh8+B0uXtEGQdmlaegg54=","NEON.BET.D10.002778","PASELO","Pasimachus elongatus","species",,"LeConte",,"Other",,"Rjv/PyMx3k4oygLKYkCbuIDsccqDw9So","Rjv/PyMx3k4oygLKYkCbuIDsccqDw9So",
"7889be28-e35d-4278-9f57-d1f8fd3f4eef","CPER_003.basePlot.bet","D10","CPER","CPER_003","S","2015-07-02","2015-07-16","2016-02-08","2016-02-08","omCPNZnkoGSR7k6XX2iQSSVfs88WdxmHIUbVd6epIzg=","NEON.BET.D10.002807","CARSP14","Carabidae sp.","family",,"Latreille","D10.2015.MorphI","Other",,"Ji4OKY0Opajnq0SAWKqACItMAkkkfnH7","Ji4OKY0Opajnq0SAWKqACItMAkkkfnH7","Harpalus sp. 90 degree anterior angle that fans out over the elytra. Probably either HAROPA or HARELL."
"ddee8bdb-1423-4994-a0ee-b2e1afda2726","CPER_005.basePlot.bet","D10","CPER","CPER_005","S","2015-07-02","2015-07-16","2016-02-04","2016-02-04","e1AKewEwvnFtOKGYXMgmkwzbML3V8/45i7/fXnaYyj0=","NEON.BET.D10.002792","CYCCON1","Cyclotrachelus constrictus","species",,"Say",,"Other",,"Ji4OKY0Opajnq0SAWKqACItMAkkkfnH7","Ji4OKY0Opajnq0SAWKqACItMAkkkfnH7",
"4c108083-8164-4151-9606-c6d4fa5e5bed","CPER_002.basePlot.bet","D10","CPER","CPER_002","W","2015-07-02","2015-07-16","2016-02-08","2016-02-08","OMNGlFKVPvSke4TwWW62gG2qjSWGb7JA8HiO3/CjHdM=","NEON.BET.D10.002822","SELPLA","Selenophorus planipennis","species",,"LeConte",,"Other",,"Rjv/PyMx3k4oygLKYkCbuIDsccqDw9So","Rjv/PyMx3k4oygLKYkCbuIDsccqDw9So",
"add3ca8c-6c44-416b-a94d-17b36746fa6d","CPER_002.basePlot.bet","D10","CPER","CPER_002","W","2015-07-02","2015-07-16","2016-02-08","2016-02-08","OMNGlFKVPvSke4TwWW62gLryXQMxqQaQcHb+vgpq1WA=","NEON.BET.D10.002821","CYCCON1","Cyclotrachelus constrictus","species",,"Say",,"Other",,"Rjv/PyMx3k4oygLKYkCbuIDsccqDw9So","Rjv/PyMx3k4oygLKYkCbuIDsccqDw9So",
"b8a832bd-375d-4571-9949-c45fca7f5c3c","CPER_008.basePlot.bet","D10","CPER","CPER_008","W","2015-07-02","2015-07-16","2016-02-03","2016-02-03","kqngcYlCVJ6rAH0hVTosp9xOXlSi2dMVu9R8znvrLoc=","NEON.BET.D10.002768","CYCCON1","Cyclotrachelus constrictus","species",,"Say",,"Other",,"Ji4OKY0Opajnq0SAWKqACItMAkkkfnH7","Ji4OKY0Opajnq0SAWKqACItMAkkkfnH7",
"3070b291-4233-4438-9dab-518d2ba2b848","CPER_008.basePlot.bet","D10","CPER","CPER_008","W","2015-07-02","2015-07-16","2016-02-03","2016-02-03","kqngcYlCVJ6rAH0hVTosp75UrLVPzA6bIgp07J6kmSk=","NEON.BET.D10.002770","CARSP14","Carabidae sp.","family",,"Latreille","D10.2015.MorphK","Other",,"Ji4OKY0Opajnq0SAWKqACItMAkkkfnH7","Ji4OKY0Opajnq0SAWKqACItMAkkkfnH7","probably AGOCON. Small species with rounded prototum. Often with rufous pronotum and darker head and elytra. One setae above eye."
"42bffe43-6686-4b64-a962-aa1bc049e7c0","CPER_002.basePlot.bet","D10","CPER","CPER_002","W","2015-07-02","2015-07-16","2016-02-08","2016-02-08","OMNGlFKVPvSke4TwWW62gJ7jUpFFMUpMrrBqvdWF1P8=","NEON.BET.D10.002823","DISPAR1","Discoderus parallelus","species",,"Haldeman",,"Other",,"Rjv/PyMx3k4oygLKYkCbuIDsccqDw9So","Rjv/PyMx3k4oygLKYkCbuIDsccqDw9So",
"0512bf86-76ad-42ac-9e7a-6bfa8d96d05e","CPER_006.basePlot.bet","D10","CPER","CPER_006","W","2015-07-02","2015-07-16","2016-02-04","2016-02-04","NHMCrMp+/ZWvcQ7swpkZ6pYWWw4USI5sNaGud0rCS7U=","NEON.BET.D10.002785","PIOSET","Piosoma setosum","species",,"LeConte",,"Other",,"Ji4OKY0Opajnq0SAWKqACItMAkkkfnH7","Ji4OKY0Opajnq0SAWKqACItMAkkkfnH7",
"2698374e-9989-4e4a-87fb-6c9e9230cc29","CPER_006.basePlot.bet","D10","CPER","CPER_006","W","2015-07-02","2015-07-16","2016-02-04","2016-02-04","NHMCrMp+/ZWvcQ7swpkZ6rswCWBIylabRaldnSbe+Kc=","NEON.BET.D10.002787","AMACON3","Amara convexa","species",,"LeConte",,"Other",,"Ji4OKY0Opajnq0SAWKqACItMAkkkfnH7","Ji4OKY0Opajnq0SAWKqACItMAkkkfnH7",
"50969198-2886-4225-963f-d96eb8c4da37","CPER_006.basePlot.bet","D10","CPER","CPER_006","W","2015-07-02","2015-07-16","2016-02-04","2016-02-04","NHMCrMp+/ZWvcQ7swpkZ6rswCWBIylabRaldnSbe+Kc=","NEON.BET.D10.002788","AMACON3","Amara convexa","species",,"LeConte",,"Other",,"Ji4OKY0Opajnq0SAWKqACItMAkkkfnH7","Ji4OKY0Opajnq0SAWKqACItMAkkkfnH7",
"f9f348b9-047d-41c4-aae4-f9b8527b66ce","CPER_007.basePlot.bet","D10","CPER","CPER_007","W","2015-07-02","2015-07-16","2016-02-03","2016-02-03","SOIi55Lib0Ju7If06Vz7w4V4GNRwPEqfbGGbFA+ZRZg=","NEON.BET.D10.002779","CICPUN","Cicindela punctulata","species",,"Olivier",,"Other",,"Rjv/PyMx3k4oygLKYkCbuIDsccqDw9So","Rjv/PyMx3k4oygLKYkCbuIDsccqDw9So",
"e13dcfa5-1849-495e-86d8-8c609e6d7229","CPER_003.basePlot.bet","D10","CPER","CPER_003","W","2015-07-02","2015-07-16","2016-02-09","2016-02-09","omCPNZnkoGQh5yGE1cNhpvJ7k2xik/6bXiL1FATuLqc=","NEON.BET.D10.002812","CICPUN","Cicindela punctulata","species",,"Olivier",,"Other",,"Ji4OKY0Opajnq0SAWKqACItMAkkkfnH7","Ji4OKY0Opajnq0SAWKqACItMAkkkfnH7",
"375bb37a-bd13-49eb-82d5-d305ce63e18a","CPER_003.basePlot.bet","D10","CPER","CPER_003","W","2015-07-02","2015-07-16","2016-02-09","2016-02-09","omCPNZnkoGQh5yGE1cNhpkEW01lX7QRUpvq5BtU87Hs=","NEON.BET.D10.002813","CARSP14","Carabidae sp.","family",,"Latreille","D10.2015.MorphK","Other",,"Ji4OKY0Opajnq0SAWKqACItMAkkkfnH7","Ji4OKY0Opajnq0SAWKqACItMAkkkfnH7","probably AGOCON. Small species with rounded prototum. Often with rufous pronotum and darker head and elytra. One setae above eye."
"e1f4c0e5-4849-4baf-b6d1-0a90d3be496b","CPER_008.basePlot.bet","D10","CPER","CPER_008","W","2015-07-02","2015-07-16","2016-02-03","2016-02-03","kqngcYlCVJ6rAH0hVTosp9xOXlSi2dMVu9R8znvrLoc=","NEON.BET.D10.002769","CYCCON1","Cyclotrachelus constrictus","species",,"Say",,"Other",12,"Ji4OKY0Opajnq0SAWKqACItMAkkkfnH7","Ji4OKY0Opajnq0SAWKqACItMAkkkfnH7",
"0a2ff839-ab5b-4aef-a52a-1aae41207ef4","CPER_006.basePlot.bet","D10","CPER","CPER_006","W","2015-07-02","2015-07-16","2016-02-04","2016-02-04","NHMCrMp+/ZWvcQ7swpkZ6rswCWBIylabRaldnSbe+Kc=","NEON.BET.D10.002786","AMACON3","Amara convexa","species",,"LeConte",,"Other",,"Ji4OKY0Opajnq0SAWKqACItMAkkkfnH7","Ji4OKY0Opajnq0SAWKqACItMAkkkfnH7",
"a96b24cd-aab1-4170-b835-26f512d88201","CPER_006.basePlot.bet","D10","CPER","CPER_006","W","2015-07-02","2015-07-16","2016-02-04","2016-02-04","NHMCrMp+/ZWvcQ7swpkZ6ozU/YfGurr2xu5qgX1hr3Q=","NEON.BET.D10.002784","CALAFF1","Calosoma affine","species",,"Chaudoir",,"Other",,"Ji4OKY0Opajnq0SAWKqACItMAkkkfnH7","Ji4OKY0Opajnq0SAWKqACItMAkkkfnH7",
"c7e2ec44-30ec-4b94-bf5f-2312749a1528","CPER_004.basePlot.bet","D10","CPER","CPER_004","W","2015-07-02","2015-07-16","2016-02-08","2016-02-08","eSCyThC0ZO58b8njHd7So62K/tpJpHPIwFexckKDH4o=","NEON.BET.D10.002806","HARDES","Harpalus desertus","species",,"LeConte",,"Other",,"Ji4OKY0Opajnq0SAWKqACItMAkkkfnH7","Ji4OKY0Opajnq0SAWKqACItMAkkkfnH7",
"69da6108-bc7a-4953-a1e0-98303c577ac8","CPER_002.basePlot.bet","D10","CPER","CPER_002","E","2015-07-02","2015-07-16","2016-02-04","2016-02-04","OMNGlFKVPvQ/Rtp3zTxlWuJjsla2kPv8M2mr2dKpVjQ=","NEON.BET.D10.002805","DISPAR1","Discoderus parallelus","species",,"Haldeman",,"Other",,"Rjv/PyMx3k4oygLKYkCbuIDsccqDw9So","Rjv/PyMx3k4oygLKYkCbuIDsccqDw9So",
"c95866cb-d9a1-4bfc-803f-93d68bf4f98c","CPER_002.basePlot.bet","D10","CPER","CPER_002","E","2015-07-02","2015-07-16","2016-02-04","2016-02-04","OMNGlFKVPvQ/Rtp3zTxlWuJjsla2kPv8M2mr2dKpVjQ=","NEON.BET.D10.002802","DISPAR1","Discoderus parallelus","species",,"Haldeman",,"Other",,"Rjv/PyMx3k4oygLKYkCbuIDsccqDw9So","Rjv/PyMx3k4oygLKYkCbuIDsccqDw9So",
"cb51a5e4-29ac-4e1b-b89f-f33b67dae251","CPER_002.basePlot.bet","D10","CPER","CPER_002","E","2015-07-02","2015-07-16","2016-02-04","2016-02-04","OMNGlFKVPvQ/Rtp3zTxlWvemaP6NKZJc86HYGWzYRik=","NEON.BET.D10.002797","SELPLA","Selenophorus planipennis","species",,"LeConte",,"Other",,"Rjv/PyMx3k4oygLKYkCbuIDsccqDw9So","Rjv/PyMx3k4oygLKYkCbuIDsccqDw9So",
"0a260466-c9a7-4579-b5fb-a9086c7b2e16","CPER_007.basePlot.bet","D10","CPER","CPER_007","E","2015-07-02","2015-07-16","2016-02-03","2016-02-03","SOIi55Lib0K4XwXDLPGdv29IdmuKeTypd5owzd7K0no=","NEON.BET.D10.002775","EURGRO","Euryderus grossus","species",,"Say",,"Other",,"Rjv/PyMx3k4oygLKYkCbuIDsccqDw9So","Rjv/PyMx3k4oygLKYkCbuIDsccqDw9So",
"3406bd97-0bdf-4a3d-94f6-3a8cebc19460","CPER_006.basePlot.bet","D10","CPER","CPER_006","E","2015-07-02","2015-07-16","2016-02-04","2016-02-04","NHMCrMp+/ZWnq0ZeLB6HskOKqAGt4v05b9DEwajCkfY=","NEON.BET.D10.002782","PIOSET","Piosoma setosum","species",,"LeConte",,"Other",,"Ji4OKY0Opajnq0SAWKqACItMAkkkfnH7","Ji4OKY0Opajnq0SAWKqACItMAkkkfnH7",
"1352a783-a9b3-43b9-a4b9-9dc9cab45024","CPER_006.basePlot.bet","D10","CPER","CPER_006","E","2015-07-16","2015-07-30","2016-02-12","2016-02-12","NHMCrMp+/ZWnq0ZeLB6HsgLvdafoYP2scBFsOhyKjfk=","NEON.BET.D10.002846","CARSP14","Carabidae sp.","family",,"Latreille","D10.2015.MorphC","Other",,"Ji4OKY0Opajnq0SAWKqACItMAkkkfnH7","Ji4OKY0Opajnq0SAWKqACItMAkkkfnH7","slightly larger than AMACON3. Only segments 1 and 2 of antenna rufous. Two slight fovea on pronotum. Pronotum relatively smooth."
"e2150a54-36d7-42b0-9b0e-820580c415f2","CPER_009.basePlot.bet","D10","CPER","CPER_009","W","2015-07-16","2015-07-30","2016-02-19","2016-02-19","KY+Aed9dLRvk/HsTskDdm59IH4JDp5KIW6u1cms9utY=","NEON.BET.D10.002868","HARPEN","Harpalus pensylvanicus","species",,"DeGeer",,"Other",,"Ji4OKY0Opajnq0SAWKqACItMAkkkfnH7","Ji4OKY0Opajnq0SAWKqACItMAkkkfnH7",
"dbe2af72-e26f-4e17-a0bb-537cf4e51e76","CPER_008.basePlot.bet","D10","CPER","CPER_008","E","2015-07-16","2015-07-30","2016-02-19","2016-02-19","kqngcYlCVJ75Bh29DXtlMyMUJGJzuNkt0v/sK0O2zug=","NEON.BET.D10.002866","CARSP14","Carabidae sp.","family",,"Latreille","D10.2015.MorphK","Other",,"Ji4OKY0Opajnq0SAWKqACItMAkkkfnH7","Ji4OKY0Opajnq0SAWKqACItMAkkkfnH7","probably AGOCON. Small species with rounded prototum. Often with rufous pronotum and darker head and elytra. One setae above eye."
"8e8e5c8c-5b20-4391-a2f7-76781513e209","CPER_005.basePlot.bet","D10","CPER","CPER_005","E","2015-07-16","2015-07-30","2016-02-11","2016-02-11","e1AKewEwvnF0peDlcOGz4aY/6+zJAHGWMj7qOvSZOLI=","NEON.BET.D10.002833","PIOSET","Piosoma setosum","species",,"LeConte",,"Other",,"Ji4OKY0Opajnq0SAWKqACItMAkkkfnH7","Ji4OKY0Opajnq0SAWKqACItMAkkkfnH7",
"6020a500-db88-40b4-98ee-ceae0bde51e3","CPER_005.basePlot.bet","D10","CPER","CPER_005","E","2015-07-16","2015-07-30","2016-02-11","2016-02-11","e1AKewEwvnF0peDlcOGz4TL+7J/QIA2HMBtiILYykFs=","NEON.BET.D10.002834","CARSP14","Carabidae sp.","family",,"Latreille","D10.2015.MorphM","Other",,"Ji4OKY0Opajnq0SAWKqACItMAkkkfnH7","Ji4OKY0Opajnq0SAWKqACItMAkkkfnH7","Cymindis sp. Legs and antenna rufous in color. Body piceous. Latter margins of pronotum translucent. Punctuation all over head and pronotum and down stria."
"4c00782c-c96f-49c6-bd3e-09361af5221f","CPER_009.basePlot.bet","D10","CPER","CPER_009","E","2015-07-16","2015-07-30","2016-02-19","2016-02-19","KY+Aed9dLRtPx5j6knVrgH3o8pe9FIU2Ztn2e9TkhKk=","NEON.BET.D10.002871","CARSP14","Carabidae sp.","family",,"Latreille","D10.2015.MorphK","Other",,"Ji4OKY0Opajnq0SAWKqACItMAkkkfnH7","Ji4OKY0Opajnq0SAWKqACItMAkkkfnH7","probably AGOCON. Small species with rounded prototum. Often with rufous pronotum and darker head and elytra. One setae above eye."
"0ea27be0-0635-4986-a99a-48db92c98f11","CPER_005.basePlot.bet","D10","CPER","CPER_005","E","2015-07-16","2015-07-30","2016-02-11","2016-02-11","e1AKewEwvnF0peDlcOGz4WiuAjYlNiggnNaEDz1NbtM=","NEON.BET.D10.002831","EURGRO","Euryderus grossus","species",,"Say",,"Other",,"Ji4OKY0Opajnq0SAWKqACItMAkkkfnH7","Ji4OKY0Opajnq0SAWKqACItMAkkkfnH7",
"337f7c23-24f9-4881-be77-a9e31a91a33f","CPER_006.basePlot.bet","D10","CPER","CPER_006","E","2015-07-16","2015-07-30","2016-02-12","2016-02-12","NHMCrMp+/ZWnq0ZeLB6Hsi+G4liD6eZV/LHNLD8wfhk=","NEON.BET.D10.002841","CICPUN","Cicindela punctulata","species",,"Olivier",,"Other",,"Ji4OKY0Opajnq0SAWKqACItMAkkkfnH7","Ji4OKY0Opajnq0SAWKqACItMAkkkfnH7",
"d64c4043-be6b-488e-bdda-58f937178d15","CPER_005.basePlot.bet","D10","CPER","CPER_005","E","2015-07-16","2015-07-30","2016-02-11","2016-02-11","e1AKewEwvnF0peDlcOGz4WiuAjYlNiggnNaEDz1NbtM=","NEON.BET.D10.002832","EURGRO","Euryderus grossus","species",,"Say",,"Other",,"Ji4OKY0Opajnq0SAWKqACItMAkkkfnH7","Ji4OKY0Opajnq0SAWKqACItMAkkkfnH7",
"d6923a6a-6fed-40b2-8b14-3fc265720959","CPER_009.basePlot.bet","D10","CPER","CPER_009","E","2015-07-16","2015-07-30","2016-02-19","2016-02-19","KY+Aed9dLRtPx5j6knVrgJvYE0JtY08AsPYM3GHdrwg=","NEON.BET.D10.002869","AMACON3","Amara convexa","species",,"LeConte",,"Other",,"Ji4OKY0Opajnq0SAWKqACItMAkkkfnH7","Ji4OKY0Opajnq0SAWKqACItMAkkkfnH7",
"d82f7b1d-560f-4532-b7b7-625f9fe02b42","CPER_009.basePlot.bet","D10","CPER","CPER_009","E","2015-07-16","2015-07-30","2016-02-19","2016-02-19","KY+Aed9dLRtPx5j6knVrgALlC5KGlBTNQ/yIiEVaVcE=","NEON.BET.D10.002870","DISPAR1","Discoderus parallelus","species",,"Haldeman",,"Other",,"Ji4OKY0Opajnq0SAWKqACItMAkkkfnH7","Ji4OKY0Opajnq0SAWKqACItMAkkkfnH7",
"8a817888-50e3-4219-9521-3ef79168ab15","CPER_009.basePlot.bet","D10","CPER","CPER_009","E","2015-07-16","2015-07-30","2016-02-19","2016-02-19","KY+Aed9dLRtPx5j6knVrgFbYOM4KRjTVM3pVMwYW33E=","NEON.BET.D10.002873","HARDES","Harpalus desertus","species",,"LeConte",,"Other",,"Ji4OKY0Opajnq0SAWKqACItMAkkkfnH7","Ji4OKY0Opajnq0SAWKqACItMAkkkfnH7",
"005823f7-c101-40d8-8f3f-2c9d6b826084","CPER_006.basePlot.bet","D10","CPER","CPER_006","E","2015-07-16","2015-07-30","2016-02-12","2016-02-12","NHMCrMp+/ZWnq0ZeLB6HsgLvdafoYP2sqXcJp0acw0Q=","NEON.BET.D10.002845","CARSP14","Carabidae sp.","family",,"Latreille","D10.2015.MorphB","Other",,"Ji4OKY0Opajnq0SAWKqACItMAkkkfnH7","Ji4OKY0Opajnq0SAWKqACItMAkkkfnH7","Amara sp. Similar to AMACON3 but blueish iridescense. somewhat smaller. Basal segments of antenna 1 through 3 rufous."
"94119c8e-b3e5-44ec-9c49-4a03b77ae3b3","CPER_006.basePlot.bet","D10","CPER","CPER_006","E","2015-07-16","2015-07-30","2016-02-12","2016-02-12","NHMCrMp+/ZWnq0ZeLB6HsuXYwnrsoopJLSDO9Tq6OxY=","NEON.BET.D10.002842","CYCTOR","Cyclotrachelus torvus","species",,"LeConte",,"Other",,"Ji4OKY0Opajnq0SAWKqACItMAkkkfnH7","Ji4OKY0Opajnq0SAWKqACItMAkkkfnH7",
"9cdf8003-0f27-4eb3-b078-812958213093","CPER_007.basePlot.bet","D10","CPER","CPER_007","E","2015-07-16","2015-07-30","2016-02-18","2016-02-18","SOIi55Lib0K4XwXDLPGdv2dAoVZcEJRlxIXW4iclXFM=","NEON.BET.D10.002858","CARSP14","Carabidae sp.","family",,"Latreille","D10.2015.MorphI","Other",,"Ji4OKY0Opajnq0SAWKqACItMAkkkfnH7","Ji4OKY0Opajnq0SAWKqACItMAkkkfnH7","Harpalus sp. 90 degree anterior angle that fans out over the elytra. Probably either HAROPA or HARELL."
"5fd8e663-3524-413f-ad91-5e31a8bb6bac","CPER_006.basePlot.bet","D10","CPER","CPER_006","E","2015-07-16","2015-07-30","2016-02-12","2016-02-12","NHMCrMp+/ZWnq0ZeLB6HsgLvdafoYP2sqXcJp0acw0Q=","NEON.BET.D10.002844","CARSP14","Carabidae sp.","family",,"Latreille","D10.2015.MorphB","Other",,"Ji4OKY0Opajnq0SAWKqACItMAkkkfnH7","Ji4OKY0Opajnq0SAWKqACItMAkkkfnH7","Amara sp. Similar to AMACON3 but blueish iridescense. somewhat smaller. Basal segments of antenna 1 through 3 rufous."
"365777a8-218c-4318-8c0d-3bde91cfc057","CPER_006.basePlot.bet","D10","CPER","CPER_006","E","2015-07-16","2015-07-30","2016-02-12","2016-02-12","NHMCrMp+/ZWnq0ZeLB6HsgLvdafoYP2scBFsOhyKjfk=","NEON.BET.D10.002843","CARSP14","Carabidae sp.","family",,"Latreille","D10.2015.MorphK","Other",,"Ji4OKY0Opajnq0SAWKqACItMAkkkfnH7","Ji4OKY0Opajnq0SAWKqACItMAkkkfnH7","probably AGOCON. Small species with rounded prototum. Often with rufous pronotum and darker head and elytra. One setae above eye."
"d5f4a3a0-9791-44f3-97dc-f30fcfa7ae1f","CPER_004.basePlot.bet","D10","CPER","CPER_004","E","2015-07-16","2015-07-30","2016-02-10","2016-02-11","eSCyThC0ZO4/6XSI6K5eMoF4fDnQw3CX0vnumWPP2/w=","NEON.BET.D10.002829","CYCCON1","Cyclotrachelus constrictus","species",,"Say",,"Other",,"Ji4OKY0Opajnq0SAWKqACItMAkkkfnH7","Ji4OKY0Opajnq0SAWKqACItMAkkkfnH7",
"8501c554-4bf4-4cb6-a875-7cf5d50bcbd3","CPER_005.basePlot.bet","D10","CPER","CPER_005","N","2015-07-16","2015-07-30","2016-02-11","2016-02-11","e1AKewEwvnFbnAU6tiiq4VdN7wVFSzkz5VxNK38rlTc=","NEON.BET.D10.002836","CICPUN","Cicindela punctulata","species",,"Olivier",,"Other",,"Ji4OKY0Opajnq0SAWKqACItMAkkkfnH7","Ji4OKY0Opajnq0SAWKqACItMAkkkfnH7",
"ea92bd72-72ca-451f-a842-18bb50be1a2a","CPER_004.basePlot.bet","D10","CPER","CPER_004","N","2015-07-16","2015-07-30","2016-02-10","2016-02-11","eSCyThC0ZO6mu2ZSEN4o8vLL3EutqRJWd/+mTcl5WLI=","NEON.BET.D10.002830","CRADUB","Cratacanthus dubius","species",,"Palisot de Beauvois",,"Other",,"Ji4OKY0Opajnq0SAWKqACItMAkkkfnH7","Ji4OKY0Opajnq0SAWKqACItMAkkkfnH7",
"ebff69fe-06ef-482f-9b30-28a57c9012eb","CPER_001.basePlot.bet","D10","CPER","CPER_001","N","2015-07-16","2015-07-30","2016-02-10","2016-02-10","BEtTVHT1LvGOinTJsTLHDzgJHXtZPS75sry+pBJVpXk=","NEON.BET.D10.002814","CICPUN","Cicindela punctulata","species",,"Olivier",,"Other",,"Ji4OKY0Opajnq0SAWKqACItMAkkkfnH7","Ji4OKY0Opajnq0SAWKqACItMAkkkfnH7",
"6ef4441d-94c6-4257-a2ef-4f51d3924dc6","CPER_002.basePlot.bet","D10","CPER","CPER_002","N","2015-07-16","2015-07-30","2016-02-10","2016-02-10","OMNGlFKVPvSRc1yZQBvTIenAGC2LRnyATpL3tgv1Vxo=","NEON.BET.D10.002816","CHLTOM","Chlaenius tomentosus","species",,"Say",,"Other",,"Ji4OKY0Opajnq0SAWKqACItMAkkkfnH7","Ji4OKY0Opajnq0SAWKqACItMAkkkfnH7",
"1f735787-7175-4de9-9a82-8ba105d502c9","CPER_005.basePlot.bet","D10","CPER","CPER_005","N","2015-07-16","2015-07-30","2016-02-11","2016-02-11","e1AKewEwvnFbnAU6tiiq4dzIj3HXRj2nh7cO7v38qDs=","NEON.BET.D10.002835","PASELO","Pasimachus elongatus","species",,"LeConte",,"Other",,"Ji4OKY0Opajnq0SAWKqACItMAkkkfnH7","Ji4OKY0Opajnq0SAWKqACItMAkkkfnH7",
"962d11a8-b574-41bd-862a-8d59b45f8370","CPER_004.basePlot.bet","D10","CPER","CPER_004","N","2015-07-16","2015-07-30","2016-03-15","2016-03-15","eSCyThC0ZO6mu2ZSEN4o8mGwu+Htb5iyOzvXfEH1Dqk=","NEON.BET.D10.003115","CYCCON1","Cyclotrachelus constrictus","species",,"Say",,"Other",,"ogjyrGrm3ZwJtEIV6g3OdQaEOdluA3eH","ogjyrGrm3ZwJtEIV6g3OdQaEOdluA3eH",
"b6ba89cc-5265-4d12-a01d-c43c14b6c55a","CPER_003.basePlot.bet","D10","CPER","CPER_003","N","2015-07-16","2015-07-30","2016-02-10","2016-02-10","omCPNZnkoGQ4EY4+lZjleXwa2Pi7RS2OzWnz2ANFdpA=","NEON.BET.D10.002820","CARSP14","Carabidae sp.","family",,"Latreille","D10.2015.MorphI","Other",,"Ji4OKY0Opajnq0SAWKqACItMAkkkfnH7","Ji4OKY0Opajnq0SAWKqACItMAkkkfnH7","Harpalus sp. 90 degree anterior angle that fans out over the elytra. Probably either HAROPA or HARELL."
"44f16ec4-4e32-4bcc-9777-1e097a5ea96f","CPER_004.basePlot.bet","D10","CPER","CPER_004","N","2015-07-16","2015-07-30","2016-03-15","2016-03-15","eSCyThC0ZO6mu2ZSEN4o8mGwu+Htb5iyOzvXfEH1Dqk=","NEON.BET.D10.003116","CYCCON1","Cyclotrachelus constrictus","species",,"Say",,"Other",,"ogjyrGrm3ZwJtEIV6g3OdQaEOdluA3eH","ogjyrGrm3ZwJtEIV6g3OdQaEOdluA3eH",
"4f3a97d3-b31e-41f1-a417-4e66d4647d8b","CPER_006.basePlot.bet","D10","CPER","CPER_006","N","2015-07-16","2015-07-30","2016-02-17","2016-02-17","NHMCrMp+/ZWOow5qJguFE8NJYowNmkBWHPHKRb2TbM4=","NEON.BET.D10.002850","CICPUN","Cicindela punctulata","species",,"Olivier",,"Other",,"Ji4OKY0Opajnq0SAWKqACItMAkkkfnH7","Ji4OKY0Opajnq0SAWKqACItMAkkkfnH7",
"721e8da1-1372-463e-8c43-8a0a89798a3b","CPER_006.basePlot.bet","D10","CPER","CPER_006","N","2015-07-16","2015-07-30","2016-02-17","2016-02-17","NHMCrMp+/ZWOow5qJguFE9FSipxNkvnlpbNXFTqa3YQ=","NEON.BET.D10.002849","CALAFF1","Calosoma affine","species",,"Chaudoir",,"Other",,"Ji4OKY0Opajnq0SAWKqACItMAkkkfnH7","Ji4OKY0Opajnq0SAWKqACItMAkkkfnH7",
"d74a4fe0-8fdd-4059-8041-b05e9d350997","CPER_009.basePlot.bet","D10","CPER","CPER_009","N","2015-07-16","2015-07-30","2016-02-19","2016-02-19","KY+Aed9dLRs9Os5MEMz0IPs+3KVCYu/wzzFhOaVBu7E=","NEON.BET.D10.002867","HARDES","Harpalus desertus","species",,"LeConte",,"Other",,"Ji4OKY0Opajnq0SAWKqACItMAkkkfnH7","Ji4OKY0Opajnq0SAWKqACItMAkkkfnH7",
"6cb8e4e1-287e-42a1-9293-24812d9bd558","CPER_002.basePlot.bet","D10","CPER","CPER_002","N","2015-07-16","2015-07-30","2016-02-10","2016-02-10","OMNGlFKVPvSRc1yZQBvTIZHczaESkmtw5RJs7crvSlk=","NEON.BET.D10.002817","PIOSET","Piosoma setosum","species",,"LeConte",,"Other",,"Ji4OKY0Opajnq0SAWKqACItMAkkkfnH7","Ji4OKY0Opajnq0SAWKqACItMAkkkfnH7",
"aa1cea14-6326-4e41-9e41-3e0679fea3c7","CPER_010.basePlot.bet","D10","CPER","CPER_010","N","2015-07-16","2015-07-30","2016-02-19","2016-02-19","DW9ihRbrMtlK50XVfY/t88TCrkCt9epsPTImtUkVl9Y=","NEON.BET.D10.002876","CARSP14","Carabidae sp.","family",,"Latreille","D10.2015.MorphP","Other",,"Ji4OKY0Opajnq0SAWKqACItMAkkkfnH7","Ji4OKY0Opajnq0SAWKqACItMAkkkfnH7","Cymindis sp. similar in look but smaller than Morph M. Head pronotum and legs rufous. Elytra rufo-testaceous."
"fda7f783-f76f-4ca3-be9e-7ee46b1d50df","CPER_005.basePlot.bet","D10","CPER","CPER_005","S","2015-07-16","2015-07-30","2016-02-12","2016-02-12","e1AKewEwvnFtOKGYXMgmk+a15t3wlo/UI6qmkiUP5Nw=","NEON.BET.D10.002838","CRADUB","Cratacanthus dubius","species",,"Palisot de Beauvois",,"Other",,"Ji4OKY0Opajnq0SAWKqACItMAkkkfnH7","Ji4OKY0Opajnq0SAWKqACItMAkkkfnH7",
"3cdaa840-92c5-45d3-9820-3db88259680f","CPER_002.basePlot.bet","D10","CPER","CPER_002","S","2015-07-16","2015-07-30","2016-02-10","2016-02-10","OMNGlFKVPvQ4Ypsx+quWf+pCktOyh+NrKYzlAf7W/yU=","NEON.BET.D10.002818","CRADUB","Cratacanthus dubius","species",,"Palisot de Beauvois",,"Other",,"Ji4OKY0Opajnq0SAWKqACItMAkkkfnH7","Ji4OKY0Opajnq0SAWKqACItMAkkkfnH7",
"1122d591-a5b7-4896-b778-e378b7289650","CPER_008.basePlot.bet","D10","CPER","CPER_008","S","2015-07-16","2015-07-30","2016-02-19","2016-02-19","kqngcYlCVJ4Lw/Dkxc6jpKU3fmq0WyaRPhQjR1o2v8g=","NEON.BET.D10.002865","PASELO","Pasimachus elongatus","species",,"LeConte",,"Other",,"Ji4OKY0Opajnq0SAWKqACItMAkkkfnH7","Ji4OKY0Opajnq0SAWKqACItMAkkkfnH7",
"fe5a007a-d417-4c6e-a87a-ec77319cc238","CPER_007.basePlot.bet","D10","CPER","CPER_007","S","2015-07-16","2015-07-30","2016-02-18","2016-02-18","SOIi55Lib0IMfQkIK0RtL6ehuxuRYW2dUoY35GZvsYs=","NEON.BET.D10.002860","HAROPA","Harpalus opacipennis","species",,"Haldeman",,"Other",,"Ji4OKY0Opajnq0SAWKqACItMAkkkfnH7","Ji4OKY0Opajnq0SAWKqACItMAkkkfnH7",
"7e2e92ed-1e73-4cec-9e03-183cb50495ca","CPER_007.basePlot.bet","D10","CPER","CPER_007","S","2015-07-16","2015-07-30","2016-02-18","2016-02-18","SOIi55Lib0IMfQkIK0RtL3q8BXAYd4Bdc8KI2QgCo/E=","NEON.BET.D10.002859","AMACON3","Amara convexa","species",,"LeConte",,"Other",,"Ji4OKY0Opajnq0SAWKqACItMAkkkfnH7","Ji4OKY0Opajnq0SAWKqACItMAkkkfnH7",
"4ffe793e-30b6-4ed8-9c04-dbaebfa4002a","CPER_004.basePlot.bet","D10","CPER","CPER_004","S","2015-07-16","2015-07-30","2016-02-10","2016-02-10","eSCyThC0ZO4R4lMRUhD6DjqYXlm8whMBlmxZmXQCDaM=","NEON.BET.D10.002825","EURGRO","Euryderus grossus","species",,"Say",,"Other",,"Ji4OKY0Opajnq0SAWKqACItMAkkkfnH7","Ji4OKY0Opajnq0SAWKqACItMAkkkfnH7",
"9b58c13b-8fa0-487d-85e5-242d8d60f32e","CPER_006.basePlot.bet","D10","CPER","CPER_006","S","2015-07-16","2015-07-30","2016-02-12","2016-02-12","NHMCrMp+/ZU4QJif5H5+ZJzOSwXSSKWr2cGt9LWX/8M=","NEON.BET.D10.002847","AMACON3","Amara convexa","species",,"LeConte",,"Other",,"Ji4OKY0Opajnq0SAWKqACItMAkkkfnH7","Ji4OKY0Opajnq0SAWKqACItMAkkkfnH7",
"58db0592-b7ba-4a4e-9d54-a7b405378581","CPER_006.basePlot.bet","D10","CPER","CPER_006","S","2015-07-16","2015-07-30","2016-02-12","2016-02-12","NHMCrMp+/ZU4QJif5H5+ZJzOSwXSSKWr2cGt9LWX/8M=","NEON.BET.D10.002848","AMACON3","Amara convexa","species",,"LeConte",,"Other",,"Ji4OKY0Opajnq0SAWKqACItMAkkkfnH7","Ji4OKY0Opajnq0SAWKqACItMAkkkfnH7",
"48682e11-2859-416f-a76b-ae9d20bbdf82","CPER_008.basePlot.bet","D10","CPER","CPER_008","S","2015-07-16","2015-07-30","2016-02-19","2016-02-19","kqngcYlCVJ4Lw/Dkxc6jpKU3fmq0WyaRPhQjR1o2v8g=","NEON.BET.D10.002864","PASELO","Pasimachus elongatus","species",,"LeConte",,"Other",,"Ji4OKY0Opajnq0SAWKqACItMAkkkfnH7","Ji4OKY0Opajnq0SAWKqACItMAkkkfnH7",
"6851428a-6101-4e43-a250-55835c899725","CPER_005.basePlot.bet","D10","CPER","CPER_005","S","2015-07-16","2015-07-30","2016-02-12","2016-02-12","e1AKewEwvnFtOKGYXMgmk3z6i3RSuXXJZmPog1hItfs=","NEON.BET.D10.002840","CARSP14","Carabidae sp.","family",,"Latreille","D10.2015.MorphK","Other",,"Ji4OKY0Opajnq0SAWKqACItMAkkkfnH7","Ji4OKY0Opajnq0SAWKqACItMAkkkfnH7","probably AGOCON. Small species with rounded prototum. Often with rufous pronotum and darker head and elytra. One setae above eye."
"1db86aa5-f787-441d-807c-368d9426adc8","CPER_005.basePlot.bet","D10","CPER","CPER_005","S","2015-07-16","2015-07-30","2016-02-12","2016-02-12","e1AKewEwvnFtOKGYXMgmk3z6i3RSuXXJZmPog1hItfs=","NEON.BET.D10.002839","CARSP14","Carabidae sp.","family",,"Latreille","D10.2015.MorphK","Other",,"Ji4OKY0Opajnq0SAWKqACItMAkkkfnH7","Ji4OKY0Opajnq0SAWKqACItMAkkkfnH7","probably AGOCON. Small species with rounded prototum. Often with rufous pronotum and darker head and elytra. One setae above eye."
"7b8bc974-dfc1-4759-9911-308db94777d1","CPER_008.basePlot.bet","D10","CPER","CPER_008","W","2015-07-16","2015-07-30","2016-02-18","2016-02-18","kqngcYlCVJ6rAH0hVTosp+YHOo1L8JnVyTN2XUPahvs=","NEON.BET.D10.002862","CYCCON1","Cyclotrachelus constrictus","species",,"Say",,"Other",,"Ji4OKY0Opajnq0SAWKqACItMAkkkfnH7","Ji4OKY0Opajnq0SAWKqACItMAkkkfnH7",
"24ea2369-8e29-4a4a-9f0d-4acc648def0f","CPER_004.basePlot.bet","D10","CPER","CPER_004","W","2015-07-16","2015-07-30","2016-02-10","2016-02-10","eSCyThC0ZO58b8njHd7So8KQp8mMHOEHZK1aYtn+c+o=","NEON.BET.D10.002828","HARREV","Harpalus reversus","species","cf. species","Casey",,"Other",,"Ji4OKY0Opajnq0SAWKqACItMAkkkfnH7","Ji4OKY0Opajnq0SAWKqACItMAkkkfnH7",
"62a3b140-323c-4bc0-ab54-0c4fd069a245","CPER_005.basePlot.bet","D10","CPER","CPER_005","W","2015-07-16","2015-07-30","2016-03-15","2016-03-15","e1AKewEwvnG0Zqgtbp7iyw0Q22nCdyEV+OIGATmL6jo=","NEON.BET.D10.003119","CICPUN","Cicindela punctulata","species",,"Olivier",,"Other",,"ogjyrGrm3ZwJtEIV6g3OdQaEOdluA3eH","ogjyrGrm3ZwJtEIV6g3OdQaEOdluA3eH",
"c2124f20-c91f-41b1-a2b6-6bdc7a3a3cb9","CPER_008.basePlot.bet","D10","CPER","CPER_008","W","2015-07-16","2015-07-30","2016-02-18","2016-02-18","kqngcYlCVJ6rAH0hVTosp+YHOo1L8JnVyTN2XUPahvs=","NEON.BET.D10.002861","CYCCON1","Cyclotrachelus constrictus","species",,"Say",,"Other",,"Ji4OKY0Opajnq0SAWKqACItMAkkkfnH7","Ji4OKY0Opajnq0SAWKqACItMAkkkfnH7",
"62cb38b7-dc6c-4d5e-a5b7-aab3e0f777cb","CPER_010.basePlot.bet","D10","CPER","CPER_010","W","2015-07-16","2015-07-30","2016-02-19","2016-02-19","DW9ihRbrMtmWU27buLbOiExZni87ckb/SlY4jUv8tBI=","NEON.BET.D10.002874","CICPUN","Cicindela punctulata","species",,"Olivier",,"Other",,"Ji4OKY0Opajnq0SAWKqACItMAkkkfnH7","Ji4OKY0Opajnq0SAWKqACItMAkkkfnH7",
"2f785146-f8c4-42ef-a61e-980f7a7e511f","CPER_004.basePlot.bet","D10","CPER","CPER_004","W","2015-07-16","2015-07-30","2016-02-10","2016-02-10","eSCyThC0ZO58b8njHd7So7GPup/tJN5cIDI/J6jNkfo=","NEON.BET.D10.002826","HARDES","Harpalus desertus","species",,"LeConte",,"Other",,"Ji4OKY0Opajnq0SAWKqACItMAkkkfnH7","Ji4OKY0Opajnq0SAWKqACItMAkkkfnH7",
"8dbcb2ee-2db5-4023-a9bb-79880313b66a","CPER_006.basePlot.bet","D10","CPER","CPER_006","W","2015-07-16","2015-07-30","2016-02-17","2016-02-17","NHMCrMp+/ZWvcQ7swpkZ6gfVXszAXwnKBxyhGqMAEBs=","NEON.BET.D10.002853","CARSP14","Carabidae sp.","family",,"Latreille","D10.2015.MorphN","Other",,"Ji4OKY0Opajnq0SAWKqACItMAkkkfnH7","Ji4OKY0Opajnq0SAWKqACItMAkkkfnH7","Amara sp. with blue iridescense. Mostly smooth pronotum. Segments 1 and 2 rufous on antenna."
"e4a51daa-773a-4a19-9676-754d057ca26d","CPER_006.basePlot.bet","D10","CPER","CPER_006","W","2015-07-16","2015-07-30","2016-02-17","2016-02-17","NHMCrMp+/ZWvcQ7swpkZ6nvCJfprTJ46gFkhdll/Cfk=","NEON.BET.D10.002852","SELPLA","Selenophorus planipennis","species",,"LeConte",,"Other",,"Ji4OKY0Opajnq0SAWKqACItMAkkkfnH7","Ji4OKY0Opajnq0SAWKqACItMAkkkfnH7",
"ff59254a-5512-411f-abc2-6b3284dd6c2d","CPER_005.basePlot.bet","D10","CPER","CPER_005","W","2015-07-16","2015-07-30","2016-03-15","2016-03-15","e1AKewEwvnG0Zqgtbp7iyw0Q22nCdyEV+OIGATmL6jo=","NEON.BET.D10.003118","CICPUN","Cicindela punctulata","species",,"Olivier",,"Other",,"ogjyrGrm3ZwJtEIV6g3OdQaEOdluA3eH","ogjyrGrm3ZwJtEIV6g3OdQaEOdluA3eH",
"a8964ca9-a007-46e1-87c6-356b93ef9c38","CPER_005.basePlot.bet","D10","CPER","CPER_005","W","2015-07-16","2015-07-30","2016-02-11","2016-02-11","e1AKewEwvnG0Zqgtbp7iy4ul5YSO+zDcqHjk0sP66QA=","NEON.BET.D10.002837","CYCCON1","Cyclotrachelus constrictus","species",,"Say",,"Other",,"Ji4OKY0Opajnq0SAWKqACItMAkkkfnH7","Ji4OKY0Opajnq0SAWKqACItMAkkkfnH7",
"302be479-8401-4182-b8ad-baf78ee07a50","CPER_005.basePlot.bet","D10","CPER","CPER_005","W","2015-07-16","2015-07-30","2016-03-15","2016-03-15","e1AKewEwvnG0Zqgtbp7iyw0Q22nCdyEV+OIGATmL6jo=","NEON.BET.D10.003117","CICPUN","Cicindela punctulata","species",,"Olivier",,"Other",,"ogjyrGrm3ZwJtEIV6g3OdQaEOdluA3eH","ogjyrGrm3ZwJtEIV6g3OdQaEOdluA3eH",
"ac3eb1ba-2a72-4657-b1e7-4fc63a392188","CPER_003.basePlot.bet","D10","CPER","CPER_003","W","2015-07-16","2015-07-30","2016-02-10","2016-02-10","omCPNZnkoGQh5yGE1cNhpqtVyQyngbqWBNVDOLVVn1c=","NEON.BET.D10.002824","PASELO","Pasimachus elongatus","species",,"LeConte",,"Other",,"Ji4OKY0Opajnq0SAWKqACItMAkkkfnH7","Ji4OKY0Opajnq0SAWKqACItMAkkkfnH7",
"148e000f-b482-4d9f-8f43-41d7fdd93004","CPER_004.basePlot.bet","D10","CPER","CPER_004","W","2015-07-16","2015-07-30","2016-02-10","2016-02-10","eSCyThC0ZO58b8njHd7So0QQFFTgbNboMnpq2T5WUno=","NEON.BET.D10.002827","EURGRO","Euryderus grossus","species",,"Say",,"Other",,"Ji4OKY0Opajnq0SAWKqACItMAkkkfnH7","Ji4OKY0Opajnq0SAWKqACItMAkkkfnH7",
"03665f6b-0a8c-47c6-bd0d-6edfa40cb87f","CPER_008.basePlot.bet","D10","CPER","CPER_008","W","2015-07-16","2015-07-30","2016-02-19","2016-02-19","kqngcYlCVJ6rAH0hVTosp+YHOo1L8JnVyTN2XUPahvs=","NEON.BET.D10.002863","CYCCON1","Cyclotrachelus constrictus","species",,"Say",,"Other",,"Ji4OKY0Opajnq0SAWKqACItMAkkkfnH7","Ji4OKY0Opajnq0SAWKqACItMAkkkfnH7",
"2df8fe60-f0d8-474e-820f-84590050433a","CPER_010.basePlot.bet","D10","CPER","CPER_010","W","2015-07-16","2015-07-30","2016-02-19","2016-02-19","DW9ihRbrMtmWU27buLbOiL94LqnfMlGibtT53vLftFE=","NEON.BET.D10.002875","CYCCON1","Cyclotrachelus constrictus","species",,"Say",,"Other",,"Ji4OKY0Opajnq0SAWKqACItMAkkkfnH7","Ji4OKY0Opajnq0SAWKqACItMAkkkfnH7",
"3ec5ef80-9df4-4fe7-8c5a-6160cf844ae7","CPER_002.basePlot.bet","D10","CPER","CPER_002","W","2015-07-16","2015-07-30","2016-02-10","2016-02-10","OMNGlFKVPvSke4TwWW62gDwshKgFLL36UTk++LIg5hc=","NEON.BET.D10.002819","CARSP14","Carabidae sp.","family",,"Latreille","D10.2015.MorphI","Other",,"Ji4OKY0Opajnq0SAWKqACItMAkkkfnH7","Ji4OKY0Opajnq0SAWKqACItMAkkkfnH7","Harpalus sp. 90 degree anterior angle that fans out over the elytra. Probably either HAROPA or HARELL."
"5758a562-95a8-41a4-ae23-964940f099df","CPER_009.basePlot.bet","D10","CPER","CPER_009","E","2015-07-16","2015-07-30","2016-02-19","2016-02-19","KY+Aed9dLRtPx5j6knVrgH3o8pe9FIU2Ztn2e9TkhKk=","NEON.BET.D10.002872","CARSP14","Carabidae sp.","family",,"Latreille","D10.2015.MorphI","Other",,"Ji4OKY0Opajnq0SAWKqACItMAkkkfnH7","Ji4OKY0Opajnq0SAWKqACItMAkkkfnH7","Harpalus sp. 90 degree anterior angle that fans out over the elytra. Probably either HAROPA or HARELL."
