uid,namedLocation,domainID,siteID,plotID,setDate,collectDate,identifiedDate,individualID,taxonID,kingdom,phylum,class,order,family,subfamily,tribe,genus,subgenus,specificEpithet,infraspecificEpithet,scientificName,scientificNameAuthorship,taxonRank,identificationQualifier,sex,morphospeciesID,identificationReferences,identifiedBy,laboratoryName,identificationRemarks,sampleCondition,dnaBarcoded,geneticSampleID,remarks
"270379f9-a903-4728-aaac-242289bdb5ae","CPER_005.basePlot.bet","D10","CPER","CPER_005","2015-06-18","2015-07-02","2017-01-15","NEON.BET.D10.002746","AMAQUE","Animalia","Arthropoda","Insecta","Coleoptera","Carabidae","Harpalinae","Zabrini","Amara","Paracelia","quenseli","quenseli","Amara quenseli quenseli","Schonherr","subspecies",,"M",,"Lindroth, C. H. 1969. The ground-beetles (Carabidae, excl. Cicindelinae) of Canada and Alaska, parts 1-6. Opuscula E. Entomoligiska Sallskapet.","Kipling Will","Essig Museum of Entomology",,"No known compromise","N",,
"6deae35f-4362-4dab-9666-03b602ac42f7","CPER_002.basePlot.bet","D10","CPER","CPER_002","2015-06-18","2015-07-02","2017-01-15","NEON.BET.D10.002756","HARDES","Animalia","Arthropoda","Insecta","Coleoptera","Carabidae","Harpalinae","Harpalini","Harpalus","Opadius","desertus",,"Harpalus desertus","LeConte","species",,"F",,"Noonan, G. R. 1991. Classification, Cladistics, and Natural History of Native North American Harpalus Latreille (Insecta: Coleoptera: Carabidae: Harpalini), excluding subgenera Glanodes and Pseudophonus.","Kipling Will","Essig Museum of Entomology",,"No known compromise","N",,
"94cbd2fb-34c8-4da2-bf0e-4f3a8042c660","CPER_005.basePlot.bet","D10","CPER","CPER_005","2015-06-18","2015-07-02","2017-01-15","NEON.BET.D10.002745","EURGRO","Animalia","Arthropoda","Insecta","Coleoptera","Carabidae","Harpalinae","Harpalini","Euryderus",,"grossus",,"Euryderus grossus","Say","species",,"U",,"Lindroth, C. H. 1969. The ground-beetles (Carabidae, excl. Cicindelinae) of Canada and Alaska, parts 1-6. Opuscula E. Entomoligiska Sallskapet.","Kipling Will","Essig Museum of Entomology",,"No known compromise","N",,
"d46bb9e1-fdb5-4b2d-9dc9-f566d9354e90","CPER_005.basePlot.bet","D10","CPER","CPER_005","2015-06-18","2015-07-02","2017-01-15","NEON.BET.D10.002749","HARELL","Animalia","Arthropoda","Insecta","Coleoptera","Carabidae","Harpalinae","Harpalini","Harpalus","Harpalus","ellipsis",,"Harpalus ellipsis","LeConte","species",,"F",,"Noonan, G. R. 1991. Classification, Cladistics, and Natural History of Native North American Harpalus Latreille (Insecta: Coleoptera: Carabidae: Harpalini), excluding subgenera Glanodes and Pseudophonus.","Kipling Will","Essig Museum of Entomology",,"No known compromise","N",,
"55439e12-a96a-448b-9b6d-20c4b963d4a0","CPER_005.basePlot.bet","D10","CPER","CPER_005","2015-06-18","2015-07-02","2017-01-15","NEON.BET.D10.002748","HELPRA","Animalia","Arthropoda","Insecta","Coleoptera","Carabidae","Harpalinae","Helluonini","Helluomorphoides",,"praeustus",,"Helluomorphoides praeustus","Dejean","species",,"F",,"Ball, G. E. 1956. A revision of the North American species of the genus Helluomorphoides Ball, 1951. Proceedings of the Entomological Society of Washington 58:67-91.","Kipling Will","Essig Museum of Entomology",,"No known compromise","N",,
"09d373cc-674e-44bb-a0fa-25822442890c","CPER_001.basePlot.bet","D10","CPER","CPER_001","2015-06-18","2015-07-02","2017-01-15","NEON.BET.D10.002763","SELPLA","Animalia","Arthropoda","Insecta","Coleoptera","Carabidae","Harpalinae","Harpalini","Selenophorus","Selenophorus","planipennis",,"Selenophorus planipennis","LeConte","species",,"M",,"Lindroth, C. H. 1969. The ground-beetles (Carabidae, excl. Cicindelinae) of Canada and Alaska, parts 1-6. Opuscula E. Entomoligiska Sallskapet.","Kipling Will","Essig Museum of Entomology",,"No known compromise","N",,
"7e73bc6f-9c34-478c-ab24-982e563dc2e1","CPER_001.basePlot.bet","D10","CPER","CPER_001","2015-06-18","2015-07-02","2017-01-15","NEON.BET.D10.002765","DISPAR1","Animalia","Arthropoda","Insecta","Coleoptera","Carabidae","Harpalinae","Harpalini","Discoderus",,"parallelus",,"Discoderus parallelus","Haldeman","species",,"F",,"Lindroth, C. H. 1969. The ground-beetles (Carabidae, excl. Cicindelinae) of Canada and Alaska, parts 1-6. Opuscula E. Entomoligiska Sallskapet.","Kipling Will","Essig Museum of Entomology",,"No known compromise","N",,
"51512725-000f-4d3d-afec-5c951216b3f6","CPER_001.basePlot.bet","D10","CPER","CPER_001","2015-06-18","2015-07-02","2017-01-15","NEON.BET.D10.002767","DISPAR1","Animalia","Arthropoda","Insecta","Coleoptera","Carabidae","Harpalinae","Harpalini","Discoderus",,"parallelus",,"Discoderus parallelus","Haldeman","species",,"F",,"Lindroth, C. H. 1969. The ground-beetles (Carabidae, excl. Cicindelinae) of Canada and Alaska, parts 1-6. Opuscula E. Entomoligiska Sallskapet.","Kipling Will","Essig Museum of Entomology",,"No known compromise","N",,
"fbf8b03b-7ebf-43db-9411-67a14c7e31e0","CPER_001.basePlot.bet","D10","CPER","CPER_001","2015-06-18","2015-07-02","2017-01-15","NEON.BET.D10.002762","CHLTOM","Animalia","Arthropoda","Insecta","Coleoptera","Carabidae","Harpalinae","Chlaeniini","Chlaenius","Eurydactylus","tomentosus",,"Chlaenius tomentosus","Say","species",,"F",,"Bell, R. T. 1960. A Revision of the Genus Chlaenius Bonelli (Coleoptera, Carabidae) in North America. Miscellaneous Publications of the Entomological Society of America 1:98-166.","Kipling Will","Essig Museum of Entomology",,"No known compromise","N",,
"207169a9-8286-45cd-bb9a-0de829d52985","CPER_001.basePlot.bet","D10","CPER","CPER_001","2015-06-18","2015-07-02","2017-01-15","NEON.BET.D10.002766","DISPAR1","Animalia","Arthropoda","Insecta","Coleoptera","Carabidae","Harpalinae","Harpalini","Discoderus",,"parallelus",,"Discoderus parallelus","Haldeman","species",,"M",,"Lindroth, C. H. 1969. The ground-beetles (Carabidae, excl. Cicindelinae) of Canada and Alaska, parts 1-6. Opuscula E. Entomoligiska Sallskapet.","Kipling Will","Essig Museum of Entomology",,"No known compromise","N",,
"b2a4ef28-fcc5-4ccc-8bca-9c1acec06dd6","CPER_003.basePlot.bet","D10","CPER","CPER_003","2015-06-18","2015-07-02","2017-01-15","NEON.BET.D10.002754","SELPLA","Animalia","Arthropoda","Insecta","Coleoptera","Carabidae","Harpalinae","Harpalini","Selenophorus","Selenophorus","planipennis",,"Selenophorus planipennis","LeConte","species",,"F",,"Lindroth, C. H. 1969. The ground-beetles (Carabidae, excl. Cicindelinae) of Canada and Alaska, parts 1-6. Opuscula E. Entomoligiska Sallskapet.","Kipling Will","Essig Museum of Entomology",,"No known compromise","N",,
"95e53e2c-50e6-4e56-b499-73be6ebd7776","CPER_003.basePlot.bet","D10","CPER","CPER_003","2015-06-18","2015-07-02","2017-01-15","NEON.BET.D10.002752","PASELO","Animalia","Arthropoda","Insecta","Coleoptera","Carabidae","Scaritinae","Pasimachini","Pasimachus","Pasimachus","elongatus",,"Pasimachus elongatus","LeConte","species",,"F",,"Banninger, M. 1950. The subtribe Pasimachina (Coleoptera, Carabidae, Scaritini). Revista de Entomologica 21:481-511.","Kipling Will","Essig Museum of Entomology",,"No known compromise","N",,
"dd4d18ff-e154-4fa9-bae0-d91ede8a9623","CPER_003.basePlot.bet","D10","CPER","CPER_003","2015-06-18","2015-07-02","2017-01-15","NEON.BET.D10.002755","AMAQUE","Animalia","Arthropoda","Insecta","Coleoptera","Carabidae","Harpalinae","Zabrini","Amara","Paracelia","quenseli","quenseli","Amara quenseli quenseli","Schonherr","subspecies",,"M",,"Lindroth, C. H. 1969. The ground-beetles (Carabidae, excl. Cicindelinae) of Canada and Alaska, parts 1-6. Opuscula E. Entomoligiska Sallskapet.","Kipling Will","Essig Museum of Entomology",,"No known compromise","N",,
"f77870a2-a7f4-4688-a2b9-fe7b3bcc5ba9","CPER_004.basePlot.bet","D10","CPER","CPER_004","2015-06-18","2015-07-02","2017-01-15","NEON.BET.D10.002750","HARDES","Animalia","Arthropoda","Insecta","Coleoptera","Carabidae","Harpalinae","Harpalini","Harpalus","Opadius","desertus",,"Harpalus desertus","LeConte","species",,"F",,"Noonan, G. R. 1991. Classification, Cladistics, and Natural History of Native North American Harpalus Latreille (Insecta: Coleoptera: Carabidae: Harpalini), excluding subgenera Glanodes and Pseudophonus.","Kipling Will","Essig Museum of Entomology",,"No known compromise","N",,
"b50495b3-ae07-47ba-ae2a-54052cf5d4a3","CPER_006.basePlot.bet","D10","CPER","CPER_006","2015-06-18","2015-07-02","2017-01-15","NEON.BET.D10.002740","AMACON3","Animalia","Arthropoda","Insecta","Coleoptera","Carabidae","Harpalinae","Zabrini","Amara","Amara","convexa",,"Amara convexa","LeConte","species",,"F",,"Lindroth, C. H. 1969. The ground-beetles (Carabidae, excl. Cicindelinae) of Canada and Alaska, parts 1-6. Opuscula E. Entomoligiska Sallskapet.","Kipling Will","Essig Museum of Entomology",,"No known compromise","N",,
"7c5c2ee7-4a1e-4284-bb2f-e1ec27498077","CPER_004.basePlot.bet","D10","CPER","CPER_004","2015-06-18","2015-07-02","2017-01-15","NEON.BET.D10.002751","EURGRO","Animalia","Arthropoda","Insecta","Coleoptera","Carabidae","Harpalinae","Harpalini","Euryderus",,"grossus",,"Euryderus grossus","Say","species",,"U",,"Lindroth, C. H. 1969. The ground-beetles (Carabidae, excl. Cicindelinae) of Canada and Alaska, parts 1-6. Opuscula E. Entomoligiska Sallskapet.","Kipling Will","Essig Museum of Entomology",,"No known compromise","N",,
"7d9a3b66-ceab-40af-9e95-13e58fedcfea","CPER_006.basePlot.bet","D10","CPER","CPER_006","2015-06-18","2015-07-02","2017-01-15","NEON.BET.D10.002737","PIOSET","Animalia","Arthropoda","Insecta","Coleoptera","Carabidae","Harpalinae","Harpalini","Piosoma",,"setosum",,"Piosoma setosum","LeConte","species",,"M",,"Lindroth, C. H. 1969. The ground-beetles (Carabidae, excl. Cicindelinae) of Canada and Alaska, parts 1-6. Opuscula E. Entomoligiska Sallskapet.","Kipling Will","Essig Museum of Entomology",,"No known compromise","N",,
"f2c9dbab-968c-4915-b2d4-4e922ac83d9c","CPER_006.basePlot.bet","D10","CPER","CPER_006","2015-06-18","2015-07-02","2017-01-15","NEON.BET.D10.002736","PIOSET","Animalia","Arthropoda","Insecta","Coleoptera","Carabidae","Harpalinae","Harpalini","Piosoma",,"setosum",,"Piosoma setosum","LeConte","species",,"M",,"Lindroth, C. H. 1969. The ground-beetles (Carabidae, excl. Cicindelinae) of Canada and Alaska, parts 1-6. Opuscula E. Entomoligiska Sallskapet.","Kipling Will","Essig Museum of Entomology",,"No known compromise","N",,
"cab19926-c09d-4df5-9be7-e2ba5258f6c6","CPER_006.basePlot.bet","D10","CPER","CPER_006","2015-06-18","2015-07-02","2017-01-15","NEON.BET.D10.002742","CHLTOM","Animalia","Arthropoda","Insecta","Coleoptera","Carabidae","Harpalinae","Chlaeniini","Chlaenius","Eurydactylus","tomentosus",,"Chlaenius tomentosus","Say","species",,"M",,"Bell, R. T. 1960. A Revision of the Genus Chlaenius Bonelli (Coleoptera, Carabidae) in North America. Miscellaneous Publications of the Entomological Society of America 1:98-166.","Kipling Will","Essig Museum of Entomology",,"No known compromise","N",,
"5ae0e8df-71df-42a4-9b57-db89155d451c","CPER_006.basePlot.bet","D10","CPER","CPER_006","2015-06-18","2015-07-02","2017-01-15","NEON.BET.D10.002739","AMACON3","Animalia","Arthropoda","Insecta","Coleoptera","Carabidae","Harpalinae","Zabrini","Amara","Amara","convexa",,"Amara convexa","LeConte","species",,"F",,"Lindroth, C. H. 1969. The ground-beetles (Carabidae, excl. Cicindelinae) of Canada and Alaska, parts 1-6. Opuscula E. Entomoligiska Sallskapet.","Kipling Will","Essig Museum of Entomology",,"No known compromise","N",,
"fa51825f-1d9e-4b30-9ab2-dd6f33955779","CPER_006.basePlot.bet","D10","CPER","CPER_006","2015-06-18","2015-07-02","2017-01-15","NEON.BET.D10.002741","ACUPAR","Animalia","Arthropoda","Insecta","Coleoptera","Carabidae","Harpalinae","Harpalini","Acupalpus","Tachistodes","partiarius",,"Acupalpus partiarius","Say","species",,"U",,"Lindroth, C. H. 1969. The ground-beetles (Carabidae, excl. Cicindelinae) of Canada and Alaska, parts 1-6. Opuscula E. Entomoligiska Sallskapet.","Kipling Will","Essig Museum of Entomology",,"No known compromise","N",,
"87fbaf30-fad7-4dc1-b5a2-f811ffd514ba","CPER_006.basePlot.bet","D10","CPER","CPER_006","2015-06-18","2015-07-02","2017-01-15","NEON.BET.D10.002735","CHLTOM","Animalia","Arthropoda","Insecta","Coleoptera","Carabidae","Harpalinae","Chlaeniini","Chlaenius","Eurydactylus","tomentosus",,"Chlaenius tomentosus","Say","species",,"M",,"Bell, R. T. 1960. A Revision of the Genus Chlaenius Bonelli (Coleoptera, Carabidae) in North America. Miscellaneous Publications of the Entomological Society of America 1:98-166.","Kipling Will","Essig Museum of Entomology",,"No known compromise","N",,
"90822d9f-7850-497c-91eb-591873f9e929","CPER_006.basePlot.bet","D10","CPER","CPER_006","2015-06-18","2015-07-02","2017-01-15","NEON.BET.D10.002743","HARELL","Animalia","Arthropoda","Insecta","Coleoptera","Carabidae","Harpalinae","Harpalini","Harpalus","Harpalus","ellipsis",,"Harpalus ellipsis","LeConte","species",,"F",,"Noonan, G. R. 1991. Classification, Cladistics, and Natural History of Native North American Harpalus Latreille (Insecta: Coleoptera: Carabidae: Harpalini), excluding subgenera Glanodes and Pseudophonus.","Kipling Will","Essig Museum of Entomology",,"No known compromise","N",,
"f19d5554-2c42-4ea9-8fed-36d0ae3de9b8","CPER_008.basePlot.bet","D10","CPER","CPER_008","2015-06-18","2015-07-02","2017-01-15","NEON.BET.D10.002731","CRADUB","Animalia","Arthropoda","Insecta","Coleoptera","Carabidae","Harpalinae","Harpalini","Cratacanthus",,"dubius",,"Cratacanthus dubius","Palisot de Beauvois","species",,"M",,"Lindroth, C. H. 1969. The ground-beetles (Carabidae, excl. Cicindelinae) of Canada and Alaska, parts 1-6. Opuscula E. Entomoligiska Sallskapet.","Kipling Will","Essig Museum of Entomology",,"No known compromise","N",,
"a9ec34a2-7c74-4648-9c0c-2e7dc7bbb0b1","CPER_006.basePlot.bet","D10","CPER","CPER_006","2015-06-18","2015-07-02","2017-01-15","NEON.BET.D10.002734","CALAFF1","Animalia","Arthropoda","Insecta","Coleoptera","Carabidae","Carabinae","Carabini","Calosoma","Chrysostigma","affine",,"Calosoma affine","Chaudoir","species",,"F",,"Gidaspow, T. 1959. North American caterpillar hunters of the genera Calosma and Callisthenes (Coleoptera, Carabidae). Bulletin of the American Museum of Natural History 116:225-344.","Kipling Will","Essig Museum of Entomology",,"No known compromise","N",,
"a5654555-6acb-46dc-8f04-29614fe41266","CPER_010.basePlot.bet","D10","CPER","CPER_010","2015-06-18","2015-07-02","2017-01-15","NEON.BET.D10.002732","BEMRAP","Animalia","Arthropoda","Insecta","Coleoptera","Carabidae","Trechinae","Bembidiini","Bembidion","Notaphus","rapidum",,"Bembidion rapidum","LeConte","species",,"F",,"Lindroth, C. H. 1969. The ground-beetles (Carabidae, excl. Cicindelinae) of Canada and Alaska, parts 1-6. Opuscula E. Entomoligiska Sallskapet.","Kipling Will","Essig Museum of Entomology",,"No known compromise","N",,
"f9f30415-d669-4208-a161-466fb96aff87","CPER_005.basePlot.bet","D10","CPER","CPER_005","2015-06-18","2015-07-02","2017-01-15","NEON.BET.D10.002747","CYMINT","Animalia","Arthropoda","Insecta","Coleoptera","Carabidae","Harpalinae","Lebiini","Cymindis","Tarulus","interior",,"Cymindis interior","Lindroth","species",,"F",,"Lindroth, C. H. 1969. The ground-beetles (Carabidae, excl. Cicindelinae) of Canada and Alaska, parts 1-6. Opuscula E. Entomoligiska Sallskapet.","Kipling Will","Essig Museum of Entomology",,"No known compromise","N",,
"f9cad438-f5bf-43b2-980b-627831241a06","CPER_006.basePlot.bet","D10","CPER","CPER_006","2015-07-02","2015-07-16","2017-01-15","NEON.BET.D10.002785","PIOSET","Animalia","Arthropoda","Insecta","Coleoptera","Carabidae","Harpalinae","Harpalini","Piosoma",,"setosum",,"Piosoma setosum","LeConte","species",,"F",,"Lindroth, C. H. 1969. The ground-beetles (Carabidae, excl. Cicindelinae) of Canada and Alaska, parts 1-6. Opuscula E. Entomoligiska Sallskapet.","Kipling Will","Essig Museum of Entomology",,"No known compromise","N",,
"2514e8a4-4d2f-42d2-9f72-b0f086f6bbea","CPER_006.basePlot.bet","D10","CPER","CPER_006","2015-07-02","2015-07-16","2017-01-15","NEON.BET.D10.002786","AMACON3","Animalia","Arthropoda","Insecta","Coleoptera","Carabidae","Harpalinae","Zabrini","Amara","Amara","convexa",,"Amara convexa","LeConte","species",,"M",,"Lindroth, C. H. 1969. The ground-beetles (Carabidae, excl. Cicindelinae) of Canada and Alaska, parts 1-6. Opuscula E. Entomoligiska Sallskapet.","Kipling Will","Essig Museum of Entomology",,"No known compromise","N",,
"bb1368f9-6f2a-49e5-8c73-7e52e473a95a","CPER_006.basePlot.bet","D10","CPER","CPER_006","2015-07-02","2015-07-16","2017-01-15","NEON.BET.D10.002789","HARDES","Animalia","Arthropoda","Insecta","Coleoptera","Carabidae","Harpalinae","Harpalini","Harpalus","Opadius","desertus",,"Harpalus desertus","LeConte","species",,"F",,"Noonan, G. R. 1991. Classification, Cladistics, and Natural History of Native North American Harpalus Latreille (Insecta: Coleoptera: Carabidae: Harpalini), excluding subgenera Glanodes and Pseudophonus.","Kipling Will","Essig Museum of Entomology",,"No known compromise","N",,
"70fb53f1-73a9-49e4-9c82-b0391fc9a757","CPER_006.basePlot.bet","D10","CPER","CPER_006","2015-07-02","2015-07-16","2017-01-15","NEON.BET.D10.002791","AMACON3","Animalia","Arthropoda","Insecta","Coleoptera","Carabidae","Harpalinae","Zabrini","Amara","Amara","convexa",,"Amara convexa","LeConte","species",,"F",,"Lindroth, C. H. 1969. The ground-beetles (Carabidae, excl. Cicindelinae) of Canada and Alaska, parts 1-6. Opuscula E. Entomoligiska Sallskapet.","Kipling Will","Essig Museum of Entomology",,"No known compromise","N",,
"5a8ed5f4-49cb-4970-aca3-d4a3ebfbe44e","CPER_006.basePlot.bet","D10","CPER","CPER_006","2015-07-02","2015-07-16","2017-01-15","NEON.BET.D10.002788","AMAQUE","Animalia","Arthropoda","Insecta","Coleoptera","Carabidae","Harpalinae","Zabrini","Amara","Paracelia","quenseli","quenseli","Amara quenseli quenseli","Schonherr","subspecies",,"M",,"Lindroth, C. H. 1969. The ground-beetles (Carabidae, excl. Cicindelinae) of Canada and Alaska, parts 1-6. Opuscula E. Entomoligiska Sallskapet.","Kipling Will","Essig Museum of Entomology",,"No known compromise","N",,
"c47de7d4-e81a-4e79-a2ca-7479d998effe","CPER_006.basePlot.bet","D10","CPER","CPER_006","2015-07-02","2015-07-16","2017-01-15","NEON.BET.D10.002787","AMACON3","Animalia","Arthropoda","Insecta","Coleoptera","Carabidae","Harpalinae","Zabrini","Amara","Amara","convexa",,"Amara convexa","LeConte","species",,"F",,"Lindroth, C. H. 1969. The ground-beetles (Carabidae, excl. Cicindelinae) of Canada and Alaska, parts 1-6. Opuscula E. Entomoligiska Sallskapet.","Kipling Will","Essig Museum of Entomology",,"No known compromise","N",,
"709b1421-44cd-4aea-a4fc-6d09549f8df8","CPER_006.basePlot.bet","D10","CPER","CPER_006","2015-07-02","2015-07-16","2017-01-15","NEON.BET.D10.002790","AMACON3","Animalia","Arthropoda","Insecta","Coleoptera","Carabidae","Harpalinae","Zabrini","Amara","Amara","convexa",,"Amara convexa","LeConte","species",,"M",,"Lindroth, C. H. 1969. The ground-beetles (Carabidae, excl. Cicindelinae) of Canada and Alaska, parts 1-6. Opuscula E. Entomoligiska Sallskapet.","Kipling Will","Essig Museum of Entomology",,"No known compromise","N",,
"5f4b36b1-878a-47ce-a98f-0a29aa0ad940","CPER_007.basePlot.bet","D10","CPER","CPER_007","2015-07-02","2015-07-16","2017-01-15","NEON.BET.D10.002779","CICPUN1","Animalia","Arthropoda","Insecta","Coleoptera","Carabidae","Cicindelinae","Cicindelini","Cicindela","Cicindelidia","punctulata","punctulata","Cicindela punctulata punctulata","Olivier","subspecies",,"M",,"Pearson, D., C. B. Knisley, and C. J. Kazilek. 2006. A Field Guide to the Tiger Beetles of the United States and Canada: Identification, Natural History, and Distribution of the Cicindelidae. Oxford University Press, New York.","Kipling Will","Essig Museum of Entomology",,"No known compromise","N",,
"52e5cf20-c644-46cb-ab3e-7e9f355c539a","CPER_001.basePlot.bet","D10","CPER","CPER_001","2015-07-02","2015-07-16","2017-01-15","NEON.BET.D10.002781","HARELL","Animalia","Arthropoda","Insecta","Coleoptera","Carabidae","Harpalinae","Harpalini","Harpalus","Harpalus","ellipsis",,"Harpalus ellipsis","LeConte","species",,"M",,"Noonan, G. R. 1991. Classification, Cladistics, and Natural History of Native North American Harpalus Latreille (Insecta: Coleoptera: Carabidae: Harpalini), excluding subgenera Glanodes and Pseudophonus.","Kipling Will","Essig Museum of Entomology",,"No known compromise","N",,
"7fd4f5e6-0ec5-4381-82c4-0086a0230364","CPER_001.basePlot.bet","D10","CPER","CPER_001","2015-07-02","2015-07-16","2017-01-15","NEON.BET.D10.002780","CICPUN1","Animalia","Arthropoda","Insecta","Coleoptera","Carabidae","Cicindelinae","Cicindelini","Cicindela","Cicindelidia","punctulata","punctulata","Cicindela punctulata punctulata","Olivier","subspecies",,"M",,"Pearson, D., C. B. Knisley, and C. J. Kazilek. 2006. A Field Guide to the Tiger Beetles of the United States and Canada: Identification, Natural History, and Distribution of the Cicindelidae. Oxford University Press, New York.","Kipling Will","Essig Museum of Entomology",,"No known compromise","N",,
"faea8ddf-708b-49f9-8dcd-95997197f174","CPER_002.basePlot.bet","D10","CPER","CPER_002","2015-07-02","2015-07-16","2017-01-15","NEON.BET.D10.002821","CYCCON1","Animalia","Arthropoda","Insecta","Coleoptera","Carabidae","Harpalinae","Pterostichini","Cyclotrachelus","Evarthrus","constrictus",,"Cyclotrachelus constrictus","Say","species",,"M",,"Freitag, R. 1969. A revision of the species of the genus Evarthrus LeConte. Quaestiones Entomologicae 5:89-212.","Kipling Will","Essig Museum of Entomology",,"No known compromise","N",,
"08cfcfdc-171f-4d60-984c-e0fe21be4251","CPER_002.basePlot.bet","D10","CPER","CPER_002","2015-07-02","2015-07-16","2017-01-15","NEON.BET.D10.002798","SELPLA","Animalia","Arthropoda","Insecta","Coleoptera","Carabidae","Harpalinae","Harpalini","Selenophorus","Selenophorus","planipennis",,"Selenophorus planipennis","LeConte","species",,"M",,"Lindroth, C. H. 1969. The ground-beetles (Carabidae, excl. Cicindelinae) of Canada and Alaska, parts 1-6. Opuscula E. Entomoligiska Sallskapet.","Kipling Will","Essig Museum of Entomology",,"No known compromise","N",,
"c3b79b06-578e-4307-bd49-10affd6220de","CPER_002.basePlot.bet","D10","CPER","CPER_002","2015-07-02","2015-07-16","2017-01-15","NEON.BET.D10.002802","DISPAR1","Animalia","Arthropoda","Insecta","Coleoptera","Carabidae","Harpalinae","Harpalini","Discoderus",,"parallelus",,"Discoderus parallelus","Haldeman","species",,"M",,"Lindroth, C. H. 1969. The ground-beetles (Carabidae, excl. Cicindelinae) of Canada and Alaska, parts 1-6. Opuscula E. Entomoligiska Sallskapet.","Kipling Will","Essig Museum of Entomology",,"No known compromise","N",,
"17c22d00-506a-4506-a70b-23b0dcad3ae3","CPER_002.basePlot.bet","D10","CPER","CPER_002","2015-07-02","2015-07-16","2017-01-15","NEON.BET.D10.002801","SELPLA","Animalia","Arthropoda","Insecta","Coleoptera","Carabidae","Harpalinae","Harpalini","Selenophorus","Selenophorus","planipennis",,"Selenophorus planipennis","LeConte","species",,"M",,"Lindroth, C. H. 1969. The ground-beetles (Carabidae, excl. Cicindelinae) of Canada and Alaska, parts 1-6. Opuscula E. Entomoligiska Sallskapet.","Kipling Will","Essig Museum of Entomology",,"No known compromise","N",,
"bc9cabe4-a52a-43ce-814e-e62422d70c87","CPER_002.basePlot.bet","D10","CPER","CPER_002","2015-07-02","2015-07-16","2017-01-15","NEON.BET.D10.002795","SELPLA","Animalia","Arthropoda","Insecta","Coleoptera","Carabidae","Harpalinae","Harpalini","Selenophorus","Selenophorus","planipennis",,"Selenophorus planipennis","LeConte","species",,"F",,"Lindroth, C. H. 1969. The ground-beetles (Carabidae, excl. Cicindelinae) of Canada and Alaska, parts 1-6. Opuscula E. Entomoligiska Sallskapet.","Kipling Will","Essig Museum of Entomology",,"No known compromise","N",,
"401ef16a-acc3-4d7c-8d4d-e9d4db6caec5","CPER_002.basePlot.bet","D10","CPER","CPER_002","2015-07-02","2015-07-16","2017-01-15","NEON.BET.D10.002803","DISPAR1","Animalia","Arthropoda","Insecta","Coleoptera","Carabidae","Harpalinae","Harpalini","Discoderus",,"parallelus",,"Discoderus parallelus","Haldeman","species",,"M",,"Lindroth, C. H. 1969. The ground-beetles (Carabidae, excl. Cicindelinae) of Canada and Alaska, parts 1-6. Opuscula E. Entomoligiska Sallskapet.","Kipling Will","Essig Museum of Entomology",,"No known compromise","N",,
"550ff987-ff9b-4d7a-b794-0be30970e90d","CPER_002.basePlot.bet","D10","CPER","CPER_002","2015-07-02","2015-07-16","2017-01-15","NEON.BET.D10.002794","CRADUB","Animalia","Arthropoda","Insecta","Coleoptera","Carabidae","Harpalinae","Harpalini","Cratacanthus",,"dubius",,"Cratacanthus dubius","Palisot de Beauvois","species",,"M",,"Lindroth, C. H. 1969. The ground-beetles (Carabidae, excl. Cicindelinae) of Canada and Alaska, parts 1-6. Opuscula E. Entomoligiska Sallskapet.","Kipling Will","Essig Museum of Entomology",,"No known compromise","N",,
"378fc7ed-b056-47cd-9b51-71bcd8cf793d","CPER_002.basePlot.bet","D10","CPER","CPER_002","2015-07-02","2015-07-16","2017-01-15","NEON.BET.D10.002796","SELPLA","Animalia","Arthropoda","Insecta","Coleoptera","Carabidae","Harpalinae","Harpalini","Selenophorus","Selenophorus","planipennis",,"Selenophorus planipennis","LeConte","species",,"M",,"Lindroth, C. H. 1969. The ground-beetles (Carabidae, excl. Cicindelinae) of Canada and Alaska, parts 1-6. Opuscula E. Entomoligiska Sallskapet.","Kipling Will","Essig Museum of Entomology",,"No known compromise","N",,
"6c44c39f-91c2-48a7-b80e-02293d89315a","CPER_003.basePlot.bet","D10","CPER","CPER_003","2015-07-02","2015-07-16","2017-01-15","NEON.BET.D10.002811","DISPAR1","Animalia","Arthropoda","Insecta","Coleoptera","Carabidae","Harpalinae","Harpalini","Discoderus",,"parallelus",,"Discoderus parallelus","Haldeman","species",,"M",,"Lindroth, C. H. 1969. The ground-beetles (Carabidae, excl. Cicindelinae) of Canada and Alaska, parts 1-6. Opuscula E. Entomoligiska Sallskapet.","Kipling Will","Essig Museum of Entomology",,"No known compromise","N",,
"633b7e3c-ead0-4693-bc63-eee44b815cb4","CPER_004.basePlot.bet","D10","CPER","CPER_004","2015-07-02","2015-07-16","2017-01-15","NEON.BET.D10.002806","HARDES","Animalia","Arthropoda","Insecta","Coleoptera","Carabidae","Harpalinae","Harpalini","Harpalus","Opadius","desertus",,"Harpalus desertus","LeConte","species",,"F",,"Noonan, G. R. 1991. Classification, Cladistics, and Natural History of Native North American Harpalus Latreille (Insecta: Coleoptera: Carabidae: Harpalini), excluding subgenera Glanodes and Pseudophonus.","Kipling Will","Essig Museum of Entomology",,"No known compromise","N",,
"f5c6e547-78c4-4934-86f2-f3f63471c71f","CPER_003.basePlot.bet","D10","CPER","CPER_003","2015-07-02","2015-07-16","2017-01-15","NEON.BET.D10.002812","CICPUN1","Animalia","Arthropoda","Insecta","Coleoptera","Carabidae","Cicindelinae","Cicindelini","Cicindela","Cicindelidia","punctulata","punctulata","Cicindela punctulata punctulata","Olivier","subspecies",,"F",,"Pearson, D., C. B. Knisley, and C. J. Kazilek. 2006. A Field Guide to the Tiger Beetles of the United States and Canada: Identification, Natural History, and Distribution of the Cicindelidae. Oxford University Press, New York.","Kipling Will","Essig Museum of Entomology",,"No known compromise","N",,
"81acb562-58a5-4945-8d58-f24314b9b434","CPER_003.basePlot.bet","D10","CPER","CPER_003","2015-07-02","2015-07-16","2017-01-15","NEON.BET.D10.002808","HARELL","Animalia","Arthropoda","Insecta","Coleoptera","Carabidae","Harpalinae","Harpalini","Harpalus","Harpalus","ellipsis",,"Harpalus ellipsis","LeConte","species",,"M",,"Noonan, G. R. 1991. Classification, Cladistics, and Natural History of Native North American Harpalus Latreille (Insecta: Coleoptera: Carabidae: Harpalini), excluding subgenera Glanodes and Pseudophonus.","Kipling Will","Essig Museum of Entomology",,"No known compromise","N",,
"1deff91f-be4d-4c84-9bae-92adc4c12da8","CPER_003.basePlot.bet","D10","CPER","CPER_003","2015-07-02","2015-07-16","2017-01-15","NEON.BET.D10.002813","AGOCON","Animalia","Arthropoda","Insecta","Coleoptera","Carabidae","Harpalinae","Harpalini","Agonoleptus",,"conjunctus",,"Agonoleptus conjunctus","Say","species",,"F",,"Lindroth, C. H. 1969. The ground-beetles (Carabidae, excl. Cicindelinae) of Canada and Alaska, parts 1-6. Opuscula E. Entomoligiska Sallskapet.","Kipling Will","Essig Museum of Entomology",,"No known compromise","N",,
"f8e8cbc0-cb0e-45cf-bad6-d2dfcfd0f130","CPER_003.basePlot.bet","D10","CPER","CPER_003","2015-07-02","2015-07-16","2017-01-15","NEON.BET.D10.002807","HARELL","Animalia","Arthropoda","Insecta","Coleoptera","Carabidae","Harpalinae","Harpalini","Harpalus","Harpalus","ellipsis",,"Harpalus ellipsis","LeConte","species",,"F",,"Noonan, G. R. 1991. Classification, Cladistics, and Natural History of Native North American Harpalus Latreille (Insecta: Coleoptera: Carabidae: Harpalini), excluding subgenera Glanodes and Pseudophonus.","Kipling Will","Essig Museum of Entomology",,"No known compromise","N",,
"8fe79c10-ac9f-474d-b593-0cd88c7a1c46","CPER_005.basePlot.bet","D10","CPER","CPER_005","2015-07-02","2015-07-16","2017-01-15","NEON.BET.D10.002792","CYCCON1","Animalia","Arthropoda","Insecta","Coleoptera","Carabidae","Harpalinae","Pterostichini","Cyclotrachelus","Evarthrus","constrictus",,"Cyclotrachelus constrictus","Say","species",,"M",,"Freitag, R. 1969. A revision of the species of the genus Evarthrus LeConte. Quaestiones Entomologicae 5:89-212.","Kipling Will","Essig Museum of Entomology",,"No known compromise","N",,
"1fd58924-aa00-4fca-8db1-dc193c5b8754","CPER_006.basePlot.bet","D10","CPER","CPER_006","2015-07-02","2015-07-16","2017-01-15","NEON.BET.D10.003069","CICPUN1","Animalia","Arthropoda","Insecta","Coleoptera","Carabidae","Cicindelinae","Cicindelini","Cicindela","Cicindelidia","punctulata","punctulata","Cicindela punctulata punctulata","Olivier","subspecies",,"M",,"Pearson, D., C. B. Knisley, and C. J. Kazilek. 2006. A Field Guide to the Tiger Beetles of the United States and Canada: Identification, Natural History, and Distribution of the Cicindelidae. Oxford University Press, New York.","Kipling Will","Essig Museum of Entomology",,"No known compromise","N",,
"20691338-6e56-4928-b712-036f6d353ef3","CPER_010.basePlot.bet","D10","CPER","CPER_010","2015-07-02","2015-07-16","2017-01-15","NEON.BET.D10.002757","CYCCON1","Animalia","Arthropoda","Insecta","Coleoptera","Carabidae","Harpalinae","Pterostichini","Cyclotrachelus","Evarthrus","constrictus",,"Cyclotrachelus constrictus","Say","species",,"F",,"Freitag, R. 1969. A revision of the species of the genus Evarthrus LeConte. Quaestiones Entomologicae 5:89-212.","Kipling Will","Essig Museum of Entomology",,"No known compromise","N",,
"3c0de25b-7449-47e9-b3dc-a961924471d3","CPER_008.basePlot.bet","D10","CPER","CPER_008","2015-07-02","2015-07-16","2017-01-15","NEON.BET.D10.002773","HARDES","Animalia","Arthropoda","Insecta","Coleoptera","Carabidae","Harpalinae","Harpalini","Harpalus","Opadius","desertus",,"Harpalus desertus","LeConte","species",,"M",,"Noonan, G. R. 1991. Classification, Cladistics, and Natural History of Native North American Harpalus Latreille (Insecta: Coleoptera: Carabidae: Harpalini), excluding subgenera Glanodes and Pseudophonus.","Kipling Will","Essig Museum of Entomology",,"No known compromise","N",,
"e7f18a83-0ba8-4d36-8040-3de7ab2bc222","CPER_008.basePlot.bet","D10","CPER","CPER_008","2015-07-02","2015-07-16","2017-01-15","NEON.BET.D10.002771","CHLTOM","Animalia","Arthropoda","Insecta","Coleoptera","Carabidae","Harpalinae","Chlaeniini","Chlaenius","Eurydactylus","tomentosus",,"Chlaenius tomentosus","Say","species",,"F",,"Bell, R. T. 1960. A Revision of the Genus Chlaenius Bonelli (Coleoptera, Carabidae) in North America. Miscellaneous Publications of the Entomological Society of America 1:98-166.","Kipling Will","Essig Museum of Entomology",,"No known compromise","N",,
"0aa29570-4ee4-4fc6-9319-208ef91439d2","CPER_008.basePlot.bet","D10","CPER","CPER_008","2015-07-02","2015-07-16","2017-01-15","NEON.BET.D10.002769","CYCCON1","Animalia","Arthropoda","Insecta","Coleoptera","Carabidae","Harpalinae","Pterostichini","Cyclotrachelus","Evarthrus","constrictus",,"Cyclotrachelus constrictus","Say","species",,"M",,"Freitag, R. 1969. A revision of the species of the genus Evarthrus LeConte. Quaestiones Entomologicae 5:89-212.","Kipling Will","Essig Museum of Entomology",,"No known compromise","N",,
"31d9f697-2d4a-4932-8a9a-37dc04c5c23e","CPER_008.basePlot.bet","D10","CPER","CPER_008","2015-07-02","2015-07-16","2017-01-15","NEON.BET.D10.002770","AGOCON","Animalia","Arthropoda","Insecta","Coleoptera","Carabidae","Harpalinae","Harpalini","Agonoleptus",,"conjunctus",,"Agonoleptus conjunctus","Say","species",,"M",,"Lindroth, C. H. 1969. The ground-beetles (Carabidae, excl. Cicindelinae) of Canada and Alaska, parts 1-6. Opuscula E. Entomoligiska Sallskapet.","Kipling Will","Essig Museum of Entomology",,"No known compromise","N",,
"97bf39de-f887-4396-a342-323649f56df4","CPER_008.basePlot.bet","D10","CPER","CPER_008","2015-07-02","2015-07-16","2017-01-15","NEON.BET.D10.002772","CYCCON1","Animalia","Arthropoda","Insecta","Coleoptera","Carabidae","Harpalinae","Pterostichini","Cyclotrachelus","Evarthrus","constrictus",,"Cyclotrachelus constrictus","Say","species",,"M",,"Freitag, R. 1969. A revision of the species of the genus Evarthrus LeConte. Quaestiones Entomologicae 5:89-212.","Kipling Will","Essig Museum of Entomology",,"No known compromise","N",,
"891bb391-cbe3-488c-bcf1-63aa6e974955","CPER_008.basePlot.bet","D10","CPER","CPER_008","2015-07-02","2015-07-16","2017-01-15","NEON.BET.D10.002768","CYCCON1","Animalia","Arthropoda","Insecta","Coleoptera","Carabidae","Harpalinae","Pterostichini","Cyclotrachelus","Evarthrus","constrictus",,"Cyclotrachelus constrictus","Say","species",,"F",,"Freitag, R. 1969. A revision of the species of the genus Evarthrus LeConte. Quaestiones Entomologicae 5:89-212.","Kipling Will","Essig Museum of Entomology",,"No known compromise","N",,
"3e323e83-baff-4650-bd9a-447e5d5dbfdd","CPER_009.basePlot.bet","D10","CPER","CPER_009","2015-07-02","2015-07-16","2017-01-15","NEON.BET.D10.002758","CICPUN1","Animalia","Arthropoda","Insecta","Coleoptera","Carabidae","Cicindelinae","Cicindelini","Cicindela","Cicindelidia","punctulata","punctulata","Cicindela punctulata punctulata","Olivier","subspecies",,"M",,"Pearson, D., C. B. Knisley, and C. J. Kazilek. 2006. A Field Guide to the Tiger Beetles of the United States and Canada: Identification, Natural History, and Distribution of the Cicindelidae. Oxford University Press, New York.","Kipling Will","Essig Museum of Entomology",,"No known compromise","N",,
"65193823-963d-4eef-a674-6f8bc56075a7","CPER_009.basePlot.bet","D10","CPER","CPER_009","2015-07-02","2015-07-16","2017-01-15","NEON.BET.D10.002759","SELPLA","Animalia","Arthropoda","Insecta","Coleoptera","Carabidae","Harpalinae","Harpalini","Selenophorus","Selenophorus","planipennis",,"Selenophorus planipennis","LeConte","species",,"M",,"Lindroth, C. H. 1969. The ground-beetles (Carabidae, excl. Cicindelinae) of Canada and Alaska, parts 1-6. Opuscula E. Entomoligiska Sallskapet.","Kipling Will","Essig Museum of Entomology",,"No known compromise","N",,
"d81d92a9-1d07-4f41-827e-2d37f1e6140e","CPER_006.basePlot.bet","D10","CPER","CPER_006","2015-07-02","2015-07-16","2017-01-15","NEON.BET.D10.002783","CALAFF1","Animalia","Arthropoda","Insecta","Coleoptera","Carabidae","Carabinae","Carabini","Calosoma","Chrysostigma","affine",,"Calosoma affine","Chaudoir","species",,"F",,"Gidaspow, T. 1959. North American caterpillar hunters of the genera Calosma and Callisthenes (Coleoptera, Carabidae). Bulletin of the American Museum of Natural History 116:225-344.","Kipling Will","Essig Museum of Entomology",,"No known compromise","N",,
"3c832a50-8311-4987-a5c8-255609cb3b7c","CPER_006.basePlot.bet","D10","CPER","CPER_006","2015-07-02","2015-07-16","2017-01-15","NEON.BET.D10.002784","CALAFF1","Animalia","Arthropoda","Insecta","Coleoptera","Carabidae","Carabinae","Carabini","Calosoma","Chrysostigma","affine",,"Calosoma affine","Chaudoir","species",,"M",,"Gidaspow, T. 1959. North American caterpillar hunters of the genera Calosma and Callisthenes (Coleoptera, Carabidae). Bulletin of the American Museum of Natural History 116:225-344.","Kipling Will","Essig Museum of Entomology",,"No known compromise","N",,
"22ee56cc-7008-4327-87d3-f9db3a0ee128","CPER_005.basePlot.bet","D10","CPER","CPER_005","2015-07-16","2015-07-30","2017-01-15","NEON.BET.D10.002840","AGOCON","Animalia","Arthropoda","Insecta","Coleoptera","Carabidae","Harpalinae","Harpalini","Agonoleptus",,"conjunctus",,"Agonoleptus conjunctus","Say","species",,"F",,"Lindroth, C. H. 1969. The ground-beetles (Carabidae, excl. Cicindelinae) of Canada and Alaska, parts 1-6. Opuscula E. Entomoligiska Sallskapet.","Kipling Will","Essig Museum of Entomology",,"No known compromise","N",,
"b9ac6760-3427-4e01-9479-23cb35bf3fbb","CPER_005.basePlot.bet","D10","CPER","CPER_005","2015-07-16","2015-07-30","2017-01-15","NEON.BET.D10.003117","CICPUN1","Animalia","Arthropoda","Insecta","Coleoptera","Carabidae","Cicindelinae","Cicindelini","Cicindela","Cicindelidia","punctulata","punctulata","Cicindela punctulata punctulata","Olivier","subspecies",,"M",,"Pearson, D., C. B. Knisley, and C. J. Kazilek. 2006. A Field Guide to the Tiger Beetles of the United States and Canada: Identification, Natural History, and Distribution of the Cicindelidae. Oxford University Press, New York.","Kipling Will","Essig Museum of Entomology",,"No known compromise","N",,
"7fa4651f-36f6-435c-914b-2d567c0888aa","CPER_005.basePlot.bet","D10","CPER","CPER_005","2015-07-16","2015-07-30","2017-01-15","NEON.BET.D10.002833","PIOSET","Animalia","Arthropoda","Insecta","Coleoptera","Carabidae","Harpalinae","Harpalini","Piosoma",,"setosum",,"Piosoma setosum","LeConte","species",,"M",,"Lindroth, C. H. 1969. The ground-beetles (Carabidae, excl. Cicindelinae) of Canada and Alaska, parts 1-6. Opuscula E. Entomoligiska Sallskapet.","Kipling Will","Essig Museum of Entomology",,"No known compromise","N",,
"916cc5ac-1f3d-49df-8b3b-f23a2d4d9803","CPER_005.basePlot.bet","D10","CPER","CPER_005","2015-07-16","2015-07-30","2017-01-15","NEON.BET.D10.002838","CRADUB","Animalia","Arthropoda","Insecta","Coleoptera","Carabidae","Harpalinae","Harpalini","Cratacanthus",,"dubius",,"Cratacanthus dubius","Palisot de Beauvois","species",,"M",,"Lindroth, C. H. 1969. The ground-beetles (Carabidae, excl. Cicindelinae) of Canada and Alaska, parts 1-6. Opuscula E. Entomoligiska Sallskapet.","Kipling Will","Essig Museum of Entomology",,"No known compromise","N",,
"e1d3fb80-ea8a-49a8-8da4-7c0d32e54660","CPER_005.basePlot.bet","D10","CPER","CPER_005","2015-07-16","2015-07-30","2017-01-15","NEON.BET.D10.002837","CYCCON1","Animalia","Arthropoda","Insecta","Coleoptera","Carabidae","Harpalinae","Pterostichini","Cyclotrachelus","Evarthrus","constrictus",,"Cyclotrachelus constrictus","Say","species",,"M",,"Freitag, R. 1969. A revision of the species of the genus Evarthrus LeConte. Quaestiones Entomologicae 5:89-212.","Kipling Will","Essig Museum of Entomology",,"No known compromise","N",,
"815a2f3a-05ba-49a1-b0ca-619901b34a90","CPER_005.basePlot.bet","D10","CPER","CPER_005","2015-07-16","2015-07-30","2017-01-15","NEON.BET.D10.002839","AGOCON","Animalia","Arthropoda","Insecta","Coleoptera","Carabidae","Harpalinae","Harpalini","Agonoleptus",,"conjunctus",,"Agonoleptus conjunctus","Say","species",,"M",,"Lindroth, C. H. 1969. The ground-beetles (Carabidae, excl. Cicindelinae) of Canada and Alaska, parts 1-6. Opuscula E. Entomoligiska Sallskapet.","Kipling Will","Essig Museum of Entomology",,"No known compromise","N",,
"0d2daaa9-8824-4393-93de-a48b8a26a3cd","CPER_005.basePlot.bet","D10","CPER","CPER_005","2015-07-16","2015-07-30","2017-01-15","NEON.BET.D10.002836","CICPUN1","Animalia","Arthropoda","Insecta","Coleoptera","Carabidae","Cicindelinae","Cicindelini","Cicindela","Cicindelidia","punctulata","punctulata","Cicindela punctulata punctulata","Olivier","subspecies",,"F",,"Pearson, D., C. B. Knisley, and C. J. Kazilek. 2006. A Field Guide to the Tiger Beetles of the United States and Canada: Identification, Natural History, and Distribution of the Cicindelidae. Oxford University Press, New York.","Kipling Will","Essig Museum of Entomology",,"No known compromise","N",,
"419813ca-b6c2-4f11-9f89-21d289a85925","CPER_005.basePlot.bet","D10","CPER","CPER_005","2015-07-16","2015-07-30","2017-01-15","NEON.BET.D10.002832","EURGRO","Animalia","Arthropoda","Insecta","Coleoptera","Carabidae","Harpalinae","Harpalini","Euryderus",,"grossus",,"Euryderus grossus","Say","species",,"U",,"Lindroth, C. H. 1969. The ground-beetles (Carabidae, excl. Cicindelinae) of Canada and Alaska, parts 1-6. Opuscula E. Entomoligiska Sallskapet.","Kipling Will","Essig Museum of Entomology",,"No known compromise","N",,
"ce36f30a-2bfb-4066-a559-30a67c4b2761","CPER_003.basePlot.bet","D10","CPER","CPER_003","2015-07-16","2015-07-30","2017-01-15","NEON.BET.D10.002824","PASELO","Animalia","Arthropoda","Insecta","Coleoptera","Carabidae","Scaritinae","Pasimachini","Pasimachus","Pasimachus","elongatus",,"Pasimachus elongatus","LeConte","species",,"F",,"Banninger, M. 1950. The subtribe Pasimachina (Coleoptera, Carabidae, Scaritini). Revista de Entomologica 21:481-511.","Kipling Will","Essig Museum of Entomology",,"No known compromise","N",,
"fad0d2f9-7a01-4362-95e5-64eef703864f","CPER_001.basePlot.bet","D10","CPER","CPER_001","2015-07-16","2015-07-30","2017-01-15","NEON.BET.D10.002814","CICPUN1","Animalia","Arthropoda","Insecta","Coleoptera","Carabidae","Cicindelinae","Cicindelini","Cicindela","Cicindelidia","punctulata","punctulata","Cicindela punctulata punctulata","Olivier","subspecies",,"M",,"Pearson, D., C. B. Knisley, and C. J. Kazilek. 2006. A Field Guide to the Tiger Beetles of the United States and Canada: Identification, Natural History, and Distribution of the Cicindelidae. Oxford University Press, New York.","Kipling Will","Essig Museum of Entomology",,"No known compromise","N",,
"660fcb3f-c027-405e-8d21-1b27e7855c70","CPER_004.basePlot.bet","D10","CPER","CPER_004","2015-07-16","2015-07-30","2017-01-15","NEON.BET.D10.002830","CRADUB","Animalia","Arthropoda","Insecta","Coleoptera","Carabidae","Harpalinae","Harpalini","Cratacanthus",,"dubius",,"Cratacanthus dubius","Palisot de Beauvois","species",,"F",,"Lindroth, C. H. 1969. The ground-beetles (Carabidae, excl. Cicindelinae) of Canada and Alaska, parts 1-6. Opuscula E. Entomoligiska Sallskapet.","Kipling Will","Essig Museum of Entomology",,"No known compromise","N",,
"b3b39a4f-ed4f-440c-93fa-df90ab101c57","CPER_003.basePlot.bet","D10","CPER","CPER_003","2015-07-16","2015-07-30","2017-01-15","NEON.BET.D10.002820","HARELL","Animalia","Arthropoda","Insecta","Coleoptera","Carabidae","Harpalinae","Harpalini","Harpalus","Harpalus","ellipsis",,"Harpalus ellipsis","LeConte","species",,"F",,"Noonan, G. R. 1991. Classification, Cladistics, and Natural History of Native North American Harpalus Latreille (Insecta: Coleoptera: Carabidae: Harpalini), excluding subgenera Glanodes and Pseudophonus.","Kipling Will","Essig Museum of Entomology",,"No known compromise","N",,
"584e9674-b7dc-4453-8e27-6f79cb039ee2","CPER_004.basePlot.bet","D10","CPER","CPER_004","2015-07-16","2015-07-30","2017-01-15","NEON.BET.D10.002825","EURGRO","Animalia","Arthropoda","Insecta","Coleoptera","Carabidae","Harpalinae","Harpalini","Euryderus",,"grossus",,"Euryderus grossus","Say","species",,"U",,"Lindroth, C. H. 1969. The ground-beetles (Carabidae, excl. Cicindelinae) of Canada and Alaska, parts 1-6. Opuscula E. Entomoligiska Sallskapet.","Kipling Will","Essig Museum of Entomology",,"No known compromise","N",,
"520c56cd-e5b5-4f1b-b8ad-1cedcf105f85","CPER_004.basePlot.bet","D10","CPER","CPER_004","2015-07-16","2015-07-30","2017-01-15","NEON.BET.D10.002826","HARDES","Animalia","Arthropoda","Insecta","Coleoptera","Carabidae","Harpalinae","Harpalini","Harpalus","Opadius","desertus",,"Harpalus desertus","LeConte","species",,"F",,"Noonan, G. R. 1991. Classification, Cladistics, and Natural History of Native North American Harpalus Latreille (Insecta: Coleoptera: Carabidae: Harpalini), excluding subgenera Glanodes and Pseudophonus.","Kipling Will","Essig Museum of Entomology",,"No known compromise","N",,
"d96a8a60-a264-4e8e-83ff-6a08978ec2ae","CPER_004.basePlot.bet","D10","CPER","CPER_004","2015-07-16","2015-07-30","2017-01-15","NEON.BET.D10.002828","HARREV","Animalia","Arthropoda","Insecta","Coleoptera","Carabidae","Harpalinae","Harpalini","Harpalus","Opadius","reversus",,"Harpalus reversus","Casey","species",,"F",,"Noonan, G. R. 1991. Classification, Cladistics, and Natural History of Native North American Harpalus Latreille (Insecta: Coleoptera: Carabidae: Harpalini), excluding subgenera Glanodes and Pseudophonus.","Kipling Will","Essig Museum of Entomology",,"No known compromise","N",,
"9e5cee65-fcdb-4e7d-aae2-37dce96793d2","CPER_004.basePlot.bet","D10","CPER","CPER_004","2015-07-16","2015-07-30","2017-01-15","NEON.BET.D10.002829","CYCCON1","Animalia","Arthropoda","Insecta","Coleoptera","Carabidae","Harpalinae","Pterostichini","Cyclotrachelus","Evarthrus","constrictus",,"Cyclotrachelus constrictus","Say","species",,"F",,"Freitag, R. 1969. A revision of the species of the genus Evarthrus LeConte. Quaestiones Entomologicae 5:89-212.","Kipling Will","Essig Museum of Entomology",,"No known compromise","N",,
"92213dec-7ff2-4bdb-be0a-849a53651998","CPER_006.basePlot.bet","D10","CPER","CPER_006","2015-07-16","2015-07-30","2017-01-15","NEON.BET.D10.002847","AMACON3","Animalia","Arthropoda","Insecta","Coleoptera","Carabidae","Harpalinae","Zabrini","Amara","Amara","convexa",,"Amara convexa","LeConte","species",,"M",,"Lindroth, C. H. 1969. The ground-beetles (Carabidae, excl. Cicindelinae) of Canada and Alaska, parts 1-6. Opuscula E. Entomoligiska Sallskapet.","Kipling Will","Essig Museum of Entomology",,"No known compromise","N",,
"2d91f648-5bd4-4a42-87c0-c3f7f9de513b","CPER_006.basePlot.bet","D10","CPER","CPER_006","2015-07-16","2015-07-30","2017-01-15","NEON.BET.D10.002849","CALAFF1","Animalia","Arthropoda","Insecta","Coleoptera","Carabidae","Carabinae","Carabini","Calosoma","Chrysostigma","affine",,"Calosoma affine","Chaudoir","species",,"M",,"Gidaspow, T. 1959. North American caterpillar hunters of the genera Calosma and Callisthenes (Coleoptera, Carabidae). Bulletin of the American Museum of Natural History 116:225-344.","Kipling Will","Essig Museum of Entomology",,"No known compromise","N",,
"2f9628f2-4362-40ba-9568-6b994ef5da8d","CPER_006.basePlot.bet","D10","CPER","CPER_006","2015-07-16","2015-07-30","2017-01-15","NEON.BET.D10.002843","AGOCON","Animalia","Arthropoda","Insecta","Coleoptera","Carabidae","Harpalinae","Harpalini","Agonoleptus",,"conjunctus",,"Agonoleptus conjunctus","Say","species",,"M",,"Lindroth, C. H. 1969. The ground-beetles (Carabidae, excl. Cicindelinae) of Canada and Alaska, parts 1-6. Opuscula E. Entomoligiska Sallskapet.","Kipling Will","Essig Museum of Entomology",,"No known compromise","N",,
"e10e84a7-a02d-423a-a888-34dc3fcd1e7c","CPER_006.basePlot.bet","D10","CPER","CPER_006","2015-07-16","2015-07-30","2017-01-15","NEON.BET.D10.002842","PTEMEL","Animalia","Arthropoda","Insecta","Coleoptera","Carabidae","Harpalinae","Pterostichini","Pterostichus","Morphnosoma","melanarius","melanarius","Pterostichus melanarius melanarius","Illiger","subspecies",,"M",,"Lindroth, C. H. 1969. The ground-beetles (Carabidae, excl. Cicindelinae) of Canada and Alaska, parts 1-6. Opuscula E. Entomoligiska Sallskapet.","Kipling Will","Essig Museum of Entomology",,"No known compromise","N",,
"b8e6038c-1d43-440d-b692-e45f6f9f0b43","CPER_006.basePlot.bet","D10","CPER","CPER_006","2015-07-16","2015-07-30","2017-01-15","NEON.BET.D10.002848","AMACON3","Animalia","Arthropoda","Insecta","Coleoptera","Carabidae","Harpalinae","Zabrini","Amara","Amara","convexa",,"Amara convexa","LeConte","species",,"M",,"Lindroth, C. H. 1969. The ground-beetles (Carabidae, excl. Cicindelinae) of Canada and Alaska, parts 1-6. Opuscula E. Entomoligiska Sallskapet.","Kipling Will","Essig Museum of Entomology",,"No known compromise","N",,
"2c3e2790-978d-4f42-9181-adbc209b2919","CPER_006.basePlot.bet","D10","CPER","CPER_006","2015-07-16","2015-07-30","2017-01-15","NEON.BET.D10.002844","AMACON2","Animalia","Arthropoda","Insecta","Coleoptera","Carabidae","Harpalinae","Zabrini","Amara","Amara","confusa",,"Amara confusa","LeConte","species",,"M",,"Lindroth, C. H. 1969. The ground-beetles (Carabidae, excl. Cicindelinae) of Canada and Alaska, parts 1-6. Opuscula E. Entomoligiska Sallskapet.","Kipling Will","Essig Museum of Entomology",,"No known compromise","N",,
"fd4aec6d-9ce1-45e3-89ca-392336b576a2","CPER_006.basePlot.bet","D10","CPER","CPER_006","2015-07-16","2015-07-30","2017-01-15","NEON.BET.D10.002853","AMACON2","Animalia","Arthropoda","Insecta","Coleoptera","Carabidae","Harpalinae","Zabrini","Amara","Amara","confusa",,"Amara confusa","LeConte","species",,"M",,"Lindroth, C. H. 1969. The ground-beetles (Carabidae, excl. Cicindelinae) of Canada and Alaska, parts 1-6. Opuscula E. Entomoligiska Sallskapet.","Kipling Will","Essig Museum of Entomology",,"No known compromise","N",,
"c0e774e1-680c-4a1f-b13d-76c620fdfa75","CPER_006.basePlot.bet","D10","CPER","CPER_006","2015-07-16","2015-07-30","2017-01-15","NEON.BET.D10.002846","AMACON2","Animalia","Arthropoda","Insecta","Coleoptera","Carabidae","Harpalinae","Zabrini","Amara","Amara","confusa",,"Amara confusa","LeConte","species",,"M",,"Lindroth, C. H. 1969. The ground-beetles (Carabidae, excl. Cicindelinae) of Canada and Alaska, parts 1-6. Opuscula E. Entomoligiska Sallskapet.","Kipling Will","Essig Museum of Entomology",,"No known compromise","N",,
"4d91a7cb-23d3-4cfd-91ea-bdd912c4dd94","CPER_006.basePlot.bet","D10","CPER","CPER_006","2015-07-16","2015-07-30","2017-01-15","NEON.BET.D10.002841","CICPUN1","Animalia","Arthropoda","Insecta","Coleoptera","Carabidae","Cicindelinae","Cicindelini","Cicindela","Cicindelidia","punctulata","punctulata","Cicindela punctulata punctulata","Olivier","subspecies",,"M",,"Pearson, D., C. B. Knisley, and C. J. Kazilek. 2006. A Field Guide to the Tiger Beetles of the United States and Canada: Identification, Natural History, and Distribution of the Cicindelidae. Oxford University Press, New York.","Kipling Will","Essig Museum of Entomology",,"No known compromise","N",,
"e1ff06cb-0187-4b32-915a-cc8731d70d79","CPER_006.basePlot.bet","D10","CPER","CPER_006","2015-07-16","2015-07-30","2017-01-15","NEON.BET.D10.002845","AMACON2","Animalia","Arthropoda","Insecta","Coleoptera","Carabidae","Harpalinae","Zabrini","Amara","Amara","confusa",,"Amara confusa","LeConte","species",,"M",,"Lindroth, C. H. 1969. The ground-beetles (Carabidae, excl. Cicindelinae) of Canada and Alaska, parts 1-6. Opuscula E. Entomoligiska Sallskapet.","Kipling Will","Essig Museum of Entomology",,"No known compromise","N",,
"05a2688d-9f92-42fb-837b-917d533d57ad","CPER_006.basePlot.bet","D10","CPER","CPER_006","2015-07-16","2015-07-30","2017-01-15","NEON.BET.D10.002852","SELPLA","Animalia","Arthropoda","Insecta","Coleoptera","Carabidae","Harpalinae","Harpalini","Selenophorus","Selenophorus","planipennis",,"Selenophorus planipennis","LeConte","species",,"F",,"Lindroth, C. H. 1969. The ground-beetles (Carabidae, excl. Cicindelinae) of Canada and Alaska, parts 1-6. Opuscula E. Entomoligiska Sallskapet.","Kipling Will","Essig Museum of Entomology",,"No known compromise","N",,
"32437bbe-8058-4e62-a9cc-29691997e6be","CPER_006.basePlot.bet","D10","CPER","CPER_006","2015-07-16","2015-07-30","2017-01-15","NEON.BET.D10.002850","CICPUN1","Animalia","Arthropoda","Insecta","Coleoptera","Carabidae","Cicindelinae","Cicindelini","Cicindela","Cicindelidia","punctulata","punctulata","Cicindela punctulata punctulata","Olivier","subspecies",,"F",,"Pearson, D., C. B. Knisley, and C. J. Kazilek. 2006. A Field Guide to the Tiger Beetles of the United States and Canada: Identification, Natural History, and Distribution of the Cicindelidae. Oxford University Press, New York.","Kipling Will","Essig Museum of Entomology",,"No known compromise","N",,
"52e32f1f-7551-4d4e-9ae2-b130d112afec","CPER_002.basePlot.bet","D10","CPER","CPER_002","2015-07-16","2015-07-30","2017-01-15","NEON.BET.D10.002817","PIOSET","Animalia","Arthropoda","Insecta","Coleoptera","Carabidae","Harpalinae","Harpalini","Piosoma",,"setosum",,"Piosoma setosum","LeConte","species",,"M",,"Lindroth, C. H. 1969. The ground-beetles (Carabidae, excl. Cicindelinae) of Canada and Alaska, parts 1-6. Opuscula E. Entomoligiska Sallskapet.","Kipling Will","Essig Museum of Entomology",,"No known compromise","N",,
"40587a22-30af-4f32-8f0e-2f3c97167bf4","CPER_002.basePlot.bet","D10","CPER","CPER_002","2015-07-16","2015-07-30","2017-01-15","NEON.BET.D10.002819","HARELL","Animalia","Arthropoda","Insecta","Coleoptera","Carabidae","Harpalinae","Harpalini","Harpalus","Harpalus","ellipsis",,"Harpalus ellipsis","LeConte","species",,"F",,"Noonan, G. R. 1991. Classification, Cladistics, and Natural History of Native North American Harpalus Latreille (Insecta: Coleoptera: Carabidae: Harpalini), excluding subgenera Glanodes and Pseudophonus.","Kipling Will","Essig Museum of Entomology",,"No known compromise","N",,
"1ce276f3-eb65-45ad-80a8-c3bae7092451","CPER_002.basePlot.bet","D10","CPER","CPER_002","2015-07-16","2015-07-30","2017-01-15","NEON.BET.D10.002816","CHLTOM","Animalia","Arthropoda","Insecta","Coleoptera","Carabidae","Harpalinae","Chlaeniini","Chlaenius","Eurydactylus","tomentosus",,"Chlaenius tomentosus","Say","species",,"M",,"Bell, R. T. 1960. A Revision of the Genus Chlaenius Bonelli (Coleoptera, Carabidae) in North America. Miscellaneous Publications of the Entomological Society of America 1:98-166.","Kipling Will","Essig Museum of Entomology",,"No known compromise","N",,
"c9480280-e468-482b-9ea5-9236f3c31e27","CPER_002.basePlot.bet","D10","CPER","CPER_002","2015-07-16","2015-07-30","2017-01-15","NEON.BET.D10.002818","CRADUB","Animalia","Arthropoda","Insecta","Coleoptera","Carabidae","Harpalinae","Harpalini","Cratacanthus",,"dubius",,"Cratacanthus dubius","Palisot de Beauvois","species",,"F",,"Lindroth, C. H. 1969. The ground-beetles (Carabidae, excl. Cicindelinae) of Canada and Alaska, parts 1-6. Opuscula E. Entomoligiska Sallskapet.","Kipling Will","Essig Museum of Entomology",,"No known compromise","N",,
"51ab4ecd-9aad-4661-b272-9f2d2b080879","CPER_010.basePlot.bet","D10","CPER","CPER_010","2015-07-16","2015-07-30","2017-01-15","NEON.BET.D10.002875","CYCCON1","Animalia","Arthropoda","Insecta","Coleoptera","Carabidae","Harpalinae","Pterostichini","Cyclotrachelus","Evarthrus","constrictus",,"Cyclotrachelus constrictus","Say","species",,"F",,"Freitag, R. 1969. A revision of the species of the genus Evarthrus LeConte. Quaestiones Entomologicae 5:89-212.","Kipling Will","Essig Museum of Entomology",,"No known compromise","N",,
"a6e28d9d-044f-4b82-8505-1ad3836f4250","CPER_010.basePlot.bet","D10","CPER","CPER_010","2015-07-16","2015-07-30","2017-01-15","NEON.BET.D10.002874","CICPUN1","Animalia","Arthropoda","Insecta","Coleoptera","Carabidae","Cicindelinae","Cicindelini","Cicindela","Cicindelidia","punctulata","punctulata","Cicindela punctulata punctulata","Olivier","subspecies",,"F",,"Pearson, D., C. B. Knisley, and C. J. Kazilek. 2006. A Field Guide to the Tiger Beetles of the United States and Canada: Identification, Natural History, and Distribution of the Cicindelidae. Oxford University Press, New York.","Kipling Will","Essig Museum of Entomology",,"No known compromise","N",,
"214e1c71-93d3-4257-945a-f5e6e37d912a","CPER_010.basePlot.bet","D10","CPER","CPER_010","2015-07-16","2015-07-30","2017-01-15","NEON.BET.D10.002876","CYMPLA1","Animalia","Arthropoda","Insecta","Coleoptera","Carabidae","Harpalinae","Lebiini","Cymindis","Tarulus","planipennis",,"Cymindis planipennis","LeConte","species",,"F",,"Lindroth, C. H. 1969. The ground-beetles (Carabidae, excl. Cicindelinae) of Canada and Alaska, parts 1-6. Opuscula E. Entomoligiska Sallskapet.","Kipling Will","Essig Museum of Entomology",,"No known compromise","N",,
"d6edd384-54fb-49aa-a023-29f7d6b683d9","CPER_008.basePlot.bet","D10","CPER","CPER_008","2015-07-16","2015-07-30","2017-01-15","NEON.BET.D10.002866","AGOCON","Animalia","Arthropoda","Insecta","Coleoptera","Carabidae","Harpalinae","Harpalini","Agonoleptus",,"conjunctus",,"Agonoleptus conjunctus","Say","species",,"M",,"Lindroth, C. H. 1969. The ground-beetles (Carabidae, excl. Cicindelinae) of Canada and Alaska, parts 1-6. Opuscula E. Entomoligiska Sallskapet.","Kipling Will","Essig Museum of Entomology",,"No known compromise","N",,
"30f05ab8-d5ec-47dc-b89e-0069fe104c64","CPER_008.basePlot.bet","D10","CPER","CPER_008","2015-07-16","2015-07-30","2017-01-15","NEON.BET.D10.002863","CYCCON1","Animalia","Arthropoda","Insecta","Coleoptera","Carabidae","Harpalinae","Pterostichini","Cyclotrachelus","Evarthrus","constrictus",,"Cyclotrachelus constrictus","Say","species",,"M",,"Freitag, R. 1969. A revision of the species of the genus Evarthrus LeConte. Quaestiones Entomologicae 5:89-212.","Kipling Will","Essig Museum of Entomology",,"No known compromise","N",,
"82eae4b6-1aa6-465e-b1dc-027f5c8ce6e5","CPER_008.basePlot.bet","D10","CPER","CPER_008","2015-07-16","2015-07-30","2017-01-15","NEON.BET.D10.002862","CYCCON1","Animalia","Arthropoda","Insecta","Coleoptera","Carabidae","Harpalinae","Pterostichini","Cyclotrachelus","Evarthrus","constrictus",,"Cyclotrachelus constrictus","Say","species",,"M",,"Freitag, R. 1969. A revision of the species of the genus Evarthrus LeConte. Quaestiones Entomologicae 5:89-212.","Kipling Will","Essig Museum of Entomology",,"No known compromise","N",,
"6bfa1986-9ea2-426f-b78c-ad0f3aa0c689","CPER_008.basePlot.bet","D10","CPER","CPER_008","2015-07-16","2015-07-30","2017-01-15","NEON.BET.D10.002861","CYCCON1","Animalia","Arthropoda","Insecta","Coleoptera","Carabidae","Harpalinae","Pterostichini","Cyclotrachelus","Evarthrus","constrictus",,"Cyclotrachelus constrictus","Say","species",,"M",,"Freitag, R. 1969. A revision of the species of the genus Evarthrus LeConte. Quaestiones Entomologicae 5:89-212.","Kipling Will","Essig Museum of Entomology",,"No known compromise","N",,
"75cef6bb-9bff-4cab-b872-480fad558f5c","CPER_009.basePlot.bet","D10","CPER","CPER_009","2015-07-16","2015-07-30","2017-01-15","NEON.BET.D10.002873","HARDES","Animalia","Arthropoda","Insecta","Coleoptera","Carabidae","Harpalinae","Harpalini","Harpalus","Opadius","desertus",,"Harpalus desertus","LeConte","species",,"F",,"Noonan, G. R. 1991. Classification, Cladistics, and Natural History of Native North American Harpalus Latreille (Insecta: Coleoptera: Carabidae: Harpalini), excluding subgenera Glanodes and Pseudophonus.","Kipling Will","Essig Museum of Entomology",,"No known compromise","N",,
"dec21b9d-73ca-42e9-b4c0-463c0c3561fc","CPER_009.basePlot.bet","D10","CPER","CPER_009","2015-07-16","2015-07-30","2017-01-15","NEON.BET.D10.002867","HARDES","Animalia","Arthropoda","Insecta","Coleoptera","Carabidae","Harpalinae","Harpalini","Harpalus","Opadius","desertus",,"Harpalus desertus","LeConte","species",,"M",,"Noonan, G. R. 1991. Classification, Cladistics, and Natural History of Native North American Harpalus Latreille (Insecta: Coleoptera: Carabidae: Harpalini), excluding subgenera Glanodes and Pseudophonus.","Kipling Will","Essig Museum of Entomology",,"No known compromise","N",,
"6402a53f-1d78-4f76-8fe3-129feec4d296","CPER_009.basePlot.bet","D10","CPER","CPER_009","2015-07-16","2015-07-30","2017-01-15","NEON.BET.D10.002871","AGOCON","Animalia","Arthropoda","Insecta","Coleoptera","Carabidae","Harpalinae","Harpalini","Agonoleptus",,"conjunctus",,"Agonoleptus conjunctus","Say","species",,"F",,"Lindroth, C. H. 1969. The ground-beetles (Carabidae, excl. Cicindelinae) of Canada and Alaska, parts 1-6. Opuscula E. Entomoligiska Sallskapet.","Kipling Will","Essig Museum of Entomology",,"No known compromise","N",,
"d8a3ed61-7011-4520-8f72-4c0c15a39794","CPER_009.basePlot.bet","D10","CPER","CPER_009","2015-07-16","2015-07-30","2017-01-15","NEON.BET.D10.002872","HARELL","Animalia","Arthropoda","Insecta","Coleoptera","Carabidae","Harpalinae","Harpalini","Harpalus","Harpalus","ellipsis",,"Harpalus ellipsis","LeConte","species",,"F",,"Noonan, G. R. 1991. Classification, Cladistics, and Natural History of Native North American Harpalus Latreille (Insecta: Coleoptera: Carabidae: Harpalini), excluding subgenera Glanodes and Pseudophonus.","Kipling Will","Essig Museum of Entomology",,"No known compromise","N",,
"3e823260-cd60-41df-95f2-36cf63ffc9f0","CPER_009.basePlot.bet","D10","CPER","CPER_009","2015-07-16","2015-07-30","2017-01-15","NEON.BET.D10.002869","AMACON3","Animalia","Arthropoda","Insecta","Coleoptera","Carabidae","Harpalinae","Zabrini","Amara","Amara","convexa",,"Amara convexa","LeConte","species",,"M",,"Lindroth, C. H. 1969. The ground-beetles (Carabidae, excl. Cicindelinae) of Canada and Alaska, parts 1-6. Opuscula E. Entomoligiska Sallskapet.","Kipling Will","Essig Museum of Entomology",,"No known compromise","N",,
"e4a868c2-786d-44c7-8ebf-194a54d87476","CPER_009.basePlot.bet","D10","CPER","CPER_009","2015-07-16","2015-07-30","2017-01-15","NEON.BET.D10.002868","HARPAR","Animalia","Arthropoda","Insecta","Coleoptera","Carabidae","Harpalinae","Harpalini","Harpalus","Pseudoophonus","paratus",,"Harpalus paratus","Casey","species",,"M",,"Ball, G. E., and J. N. Anderson. 1962. The taxonomy and speciation of Pseudophonus (a subgenus of Harpalus: Haralini: Carabidae, known to occur in North America). The Catholic University of America Press, Washington 17, D. C.","Kipling Will","Essig Museum of Entomology",,"No known compromise","N",,
"22c455df-b085-4fd3-a5f6-f1480bd40b59","CPER_007.basePlot.bet","D10","CPER","CPER_007","2015-07-16","2015-07-30","2017-01-15","NEON.BET.D10.002860","HARELL","Animalia","Arthropoda","Insecta","Coleoptera","Carabidae","Harpalinae","Harpalini","Harpalus","Harpalus","ellipsis",,"Harpalus ellipsis","LeConte","species",,"F",,"Noonan, G. R. 1991. Classification, Cladistics, and Natural History of Native North American Harpalus Latreille (Insecta: Coleoptera: Carabidae: Harpalini), excluding subgenera Glanodes and Pseudophonus.","Kipling Will","Essig Museum of Entomology",,"No known compromise","N",,
"56ded217-7a3c-4362-8576-11e0f6b71e7e","CPER_007.basePlot.bet","D10","CPER","CPER_007","2015-07-16","2015-07-30","2017-01-15","NEON.BET.D10.002858","HARELL","Animalia","Arthropoda","Insecta","Coleoptera","Carabidae","Harpalinae","Harpalini","Harpalus","Harpalus","ellipsis",,"Harpalus ellipsis","LeConte","species",,"M",,"Noonan, G. R. 1991. Classification, Cladistics, and Natural History of Native North American Harpalus Latreille (Insecta: Coleoptera: Carabidae: Harpalini), excluding subgenera Glanodes and Pseudophonus.","Kipling Will","Essig Museum of Entomology",,"No known compromise","N",,
"1af1f417-6b82-4848-8d4a-2034963642b3","CPER_007.basePlot.bet","D10","CPER","CPER_007","2015-07-16","2015-07-30","2017-01-15","NEON.BET.D10.002859","AMACON3","Animalia","Arthropoda","Insecta","Coleoptera","Carabidae","Harpalinae","Zabrini","Amara","Amara","convexa",,"Amara convexa","LeConte","species",,"M",,"Lindroth, C. H. 1969. The ground-beetles (Carabidae, excl. Cicindelinae) of Canada and Alaska, parts 1-6. Opuscula E. Entomoligiska Sallskapet.","Kipling Will","Essig Museum of Entomology",,"No known compromise","N",,
"ffb12304-5ff8-4e69-9ac4-9ce3ec5745e7","CPER_004.basePlot.bet","D10","CPER","CPER_004","2015-07-16","2015-07-30","2017-01-15","NEON.BET.D10.003115","CYCCON1","Animalia","Arthropoda","Insecta","Coleoptera","Carabidae","Harpalinae","Pterostichini","Cyclotrachelus","Evarthrus","constrictus",,"Cyclotrachelus constrictus","Say","species",,"F",,"Freitag, R. 1969. A revision of the species of the genus Evarthrus LeConte. Quaestiones Entomologicae 5:89-212.","Kipling Will","Essig Museum of Entomology",,"No known compromise","N",,
"4920633e-5312-4011-b534-93ecf7953e7d","CPER_004.basePlot.bet","D10","CPER","CPER_004","2015-07-16","2015-07-30","2017-01-15","NEON.BET.D10.003116","CYCCON1","Animalia","Arthropoda","Insecta","Coleoptera","Carabidae","Harpalinae","Pterostichini","Cyclotrachelus","Evarthrus","constrictus",,"Cyclotrachelus constrictus","Say","species",,"M",,"Freitag, R. 1969. A revision of the species of the genus Evarthrus LeConte. Quaestiones Entomologicae 5:89-212.","Kipling Will","Essig Museum of Entomology",,"No known compromise","N",,
"60bbf5cf-240f-44e9-b946-1869844ac72a","CPER_005.basePlot.bet","D10","CPER","CPER_005","2015-07-16","2015-07-30","2017-01-15","NEON.BET.D10.003119","CICPUN1","Animalia","Arthropoda","Insecta","Coleoptera","Carabidae","Cicindelinae","Cicindelini","Cicindela","Cicindelidia","punctulata","punctulata","Cicindela punctulata punctulata","Olivier","subspecies",,"M",,"Pearson, D., C. B. Knisley, and C. J. Kazilek. 2006. A Field Guide to the Tiger Beetles of the United States and Canada: Identification, Natural History, and Distribution of the Cicindelidae. Oxford University Press, New York.","Kipling Will","Essig Museum of Entomology",,"No known compromise","N",,
"8cb5400a-2a0c-4aef-8e8a-660737626dd3","CPER_005.basePlot.bet","D10","CPER","CPER_005","2015-07-16","2015-07-30","2017-01-15","NEON.BET.D10.003118","CICPUN1","Animalia","Arthropoda","Insecta","Coleoptera","Carabidae","Cicindelinae","Cicindelini","Cicindela","Cicindelidia","punctulata","punctulata","Cicindela punctulata punctulata","Olivier","subspecies",,"M",,"Pearson, D., C. B. Knisley, and C. J. Kazilek. 2006. A Field Guide to the Tiger Beetles of the United States and Canada: Identification, Natural History, and Distribution of the Cicindelidae. Oxford University Press, New York.","Kipling Will","Essig Museum of Entomology",,"No known compromise","N",,
"db8e3143-1170-4168-bc02-5598b3239c23","CPER_005.basePlot.bet","D10","CPER","CPER_005","2015-07-16","2015-07-30","2017-01-15","NEON.BET.D10.002834","CYMINT","Animalia","Arthropoda","Insecta","Coleoptera","Carabidae","Harpalinae","Lebiini","Cymindis","Tarulus","interior",,"Cymindis interior","Lindroth","species",,"F",,"Lindroth, C. H. 1969. The ground-beetles (Carabidae, excl. Cicindelinae) of Canada and Alaska, parts 1-6. Opuscula E. Entomoligiska Sallskapet.","Kipling Will","Essig Museum of Entomology",,"No known compromise","N",,
