uid,namedLocation,domainID,siteID,plotID,setDate,collectDate,identifiedDate,individualID,taxonID,kingdom,phylum,class,order,family,subfamily,tribe,genus,subgenus,specificEpithet,infraspecificEpithet,scientificName,scientificNameAuthorship,taxonRank,identificationQualifier,sex,morphospeciesID,identificationReferences,identifiedBy,laboratoryName,identificationRemarks,sampleCondition,dnaBarcoded,geneticSampleID,remarks
"5af12843-5d40-4f84-b326-6bd338e355c1","DSNY_021.basePlot.bet","D03","DSNY","DSNY_021","2014-05-29","2014-06-11","2016-10-21","NEON.BET.D03.000161","SELFOS","Animalia","Arthropoda","Insecta","Coleoptera","Carabidae","Harpalinae","Harpalini","Selenophorus","Celiamorphus","fossulatus",,"Selenophorus fossulatus","Dejean","species",,"M",,"Lindroth, C. H. 1969. The ground-beetles (Carabidae, excl. Cicindelinae) of Canada and Alaska, parts 1-6. Opuscula E. Entomoligiska Sallskapet.","Robert L. Davidson","Carnegie Museum of Invertebrate Zoology",,"No known compromise","N",,
"cc5f35d7-2ae1-45f0-8e34-897f8c370358","DSNY_007.basePlot.bet","D03","DSNY","DSNY_007","2014-05-29","2014-06-11","2016-10-12","NEON.BET.D03.000436","ANIHAP","Animalia","Arthropoda","Insecta","Coleoptera","Carabidae","Harpalinae","Harpalini","Anisodactylus","Gynandrotarsus","haplomus",,"Anisodactylus haplomus","Chaudoir","species",,"F",,"Noonan, G. R. 1973. The Anisodactylines (Insecta: Coleoptera: Carabidae: Harpalini): classification, evolution and zoogeography. Quaestiones Entomologicae 9:266-480.","Robert L. Davidson","Carnegie Museum of Invertebrate Zoology",,"No known compromise","N",,
"3f50df1b-28cd-4084-98b0-87b1db237f76","DSNY_003.basePlot.bet","D03","DSNY","DSNY_003","2014-05-29","2014-06-11","2016-10-21","NEON.BET.D03.000416","SELFOS","Animalia","Arthropoda","Insecta","Coleoptera","Carabidae","Harpalinae","Harpalini","Selenophorus","Celiamorphus","fossulatus",,"Selenophorus fossulatus","Dejean","species",,"M",,"Lindroth, C. H. 1969. The ground-beetles (Carabidae, excl. Cicindelinae) of Canada and Alaska, parts 1-6. Opuscula E. Entomoligiska Sallskapet.","Robert L. Davidson","Carnegie Museum of Invertebrate Zoology",,"No known compromise","N",,
"afc08317-30c4-4225-a108-c642169b64bc","DSNY_003.basePlot.bet","D03","DSNY","DSNY_003","2014-05-29","2014-06-11","2016-10-12","NEON.BET.D03.000402","ANIHAP","Animalia","Arthropoda","Insecta","Coleoptera","Carabidae","Harpalinae","Harpalini","Anisodactylus","Gynandrotarsus","haplomus",,"Anisodactylus haplomus","Chaudoir","species",,"M",,"Noonan, G. R. 1973. The Anisodactylines (Insecta: Coleoptera: Carabidae: Harpalini): classification, evolution and zoogeography. Quaestiones Entomologicae 9:266-480.","Robert L. Davidson","Carnegie Museum of Invertebrate Zoology",,"No known compromise","N",,
"740d0e3a-d86a-4e25-95ea-b5e00d9e8d54","DSNY_001.basePlot.bet","D03","DSNY","DSNY_001","2014-05-29","2014-06-11","2016-10-03","NEON.BET.D03.000377","CYCFAB","Animalia","Arthropoda","Insecta","Coleoptera","Carabidae","Harpalinae","Pterostichini","Cyclotrachelus","Cyclotrachelus","faber",,"Cyclotrachelus faber","Germar","species",,"F",,"Bousquet, Y. 2012. Catalogue of Geadephaga (Coleoptera, Adephaga) of America, north of Mexico. ZooKeys 245:1-1722.","Robert L. Davidson","Carnegie Museum of Invertebrate Zoology",,"No known compromise","N",,
"7aa8b59d-3c46-4d66-aad2-11397e0f4826","DSNY_009.basePlot.bet","D03","DSNY","DSNY_009","2014-05-29","2014-06-11","2016-10-03","NEON.BET.D03.000379","CYCFAB","Animalia","Arthropoda","Insecta","Coleoptera","Carabidae","Harpalinae","Pterostichini","Cyclotrachelus","Cyclotrachelus","faber",,"Cyclotrachelus faber","Germar","species",,"F",,"Bousquet, Y. 2012. Catalogue of Geadephaga (Coleoptera, Adephaga) of America, north of Mexico. ZooKeys 245:1-1722.","Robert L. Davidson","Carnegie Museum of Invertebrate Zoology",,"No known compromise","N",,
"e9909fae-81e7-4848-a0b4-e2a818e61a41","DSNY_009.basePlot.bet","D03","DSNY","DSNY_009","2014-05-29","2014-06-11","2016-10-03","NEON.BET.D03.000375","CYCFAB","Animalia","Arthropoda","Insecta","Coleoptera","Carabidae","Harpalinae","Pterostichini","Cyclotrachelus","Cyclotrachelus","faber",,"Cyclotrachelus faber","Germar","species",,"F",,"Bousquet, Y. 2012. Catalogue of Geadephaga (Coleoptera, Adephaga) of America, north of Mexico. ZooKeys 245:1-1722.","Robert L. Davidson","Carnegie Museum of Invertebrate Zoology",,"No known compromise","N",,
"dc5b267f-1a5f-43c6-97d6-347eb4670642","DSNY_009.basePlot.bet","D03","DSNY","DSNY_009","2014-05-29","2014-06-11","2016-10-03","NEON.BET.D03.000374","CYCFAB","Animalia","Arthropoda","Insecta","Coleoptera","Carabidae","Harpalinae","Pterostichini","Cyclotrachelus","Cyclotrachelus","faber",,"Cyclotrachelus faber","Germar","species",,"F",,"Bousquet, Y. 2012. Catalogue of Geadephaga (Coleoptera, Adephaga) of America, north of Mexico. ZooKeys 245:1-1722.","Robert L. Davidson","Carnegie Museum of Invertebrate Zoology",,"No known compromise","N",,
"b5f7b216-fa81-4bb1-8fd3-ddaf35bfeb9b","DSNY_009.basePlot.bet","D03","DSNY","DSNY_009","2014-05-29","2014-06-11","2016-10-03","NEON.BET.D03.000376","CYCFAB","Animalia","Arthropoda","Insecta","Coleoptera","Carabidae","Harpalinae","Pterostichini","Cyclotrachelus","Cyclotrachelus","faber",,"Cyclotrachelus faber","Germar","species",,"F",,"Bousquet, Y. 2012. Catalogue of Geadephaga (Coleoptera, Adephaga) of America, north of Mexico. ZooKeys 245:1-1722.","Robert L. Davidson","Carnegie Museum of Invertebrate Zoology",,"No known compromise","N",,
"839c7a08-8339-4e84-835a-62aff01375a7","DSNY_005.basePlot.bet","D03","DSNY","DSNY_005","2014-05-29","2014-06-11","2016-10-06","NEON.BET.D03.000354","SCAOCA","Animalia","Arthropoda","Insecta","Coleoptera","Carabidae","Scaritinae","Scaritini","Scarites","Scarites","ocalensis",,"Scarites ocalensis","Nichols","species",,"U",,"Nichols, S. W. 1986. Two new flightless species of Scarites s. str. inhabiting Florida and the West Indies (Coleoptera: Carabidae: Scaritini). Proceedings of the Entomological Society of Washington 88:257-264.","Robert L. Davidson","Carnegie Museum of Invertebrate Zoology",,"No known compromise","N",,
"f8b8eba7-1175-425f-bf8c-1407a940ecc9","DSNY_016.basePlot.bet","D03","DSNY","DSNY_016","2014-05-29","2014-06-11","2016-10-06","NEON.BET.D03.000257","PARSUL","Animalia","Arthropoda","Insecta","Coleoptera","Carabidae","Scaritinae","Clivinini","Paraclivina",,"sulcipennis",,"Paraclivina sulcipennis","Putzeys","species","cf. species","U",,"Putzeys, J. A. A. H. 1867. RÃ©vision gÃ©nÃ©rale des clivinides.  Annales de la SociÃ©tÃ© Entomologique de Belgique 10:1-242.","Robert L. Davidson","Carnegie Museum of Invertebrate Zoology","No revision or types checked since LeConte and Putzeys; names in keys and collections repeat misidentifications and are not reliable. I have ''cf''ed names as in Putzeys keys and as interpreted in some collections.","No known compromise","N",,
"b381bb86-8382-4d82-bb50-c9f7992875cc","DSNY_016.basePlot.bet","D03","DSNY","DSNY_016","2014-05-29","2014-06-11","2016-10-06","NEON.BET.D03.000259","PARSUL","Animalia","Arthropoda","Insecta","Coleoptera","Carabidae","Scaritinae","Clivinini","Paraclivina",,"sulcipennis",,"Paraclivina sulcipennis","Putzeys","species","cf. species","U",,"Putzeys, J. A. A. H. 1867. RÃ©vision gÃ©nÃ©rale des clivinides.  Annales de la SociÃ©tÃ© Entomologique de Belgique 10:1-242.","Robert L. Davidson","Carnegie Museum of Invertebrate Zoology","No revision or types checked since LeConte and Putzeys; names in keys and collections repeat misidentifications and are not reliable. I have ''cf''ed names as in Putzeys keys and as interpreted in some collections.","No known compromise","N",,
"e14e9346-4dfc-44a9-b0c6-259209f1421e","DSNY_016.basePlot.bet","D03","DSNY","DSNY_016","2014-05-29","2014-06-11","2016-10-06","NEON.BET.D03.000258","PARSUL","Animalia","Arthropoda","Insecta","Coleoptera","Carabidae","Scaritinae","Clivinini","Paraclivina",,"sulcipennis",,"Paraclivina sulcipennis","Putzeys","species","cf. species","U",,"Putzeys, J. A. A. H. 1867. RÃ©vision gÃ©nÃ©rale des clivinides.  Annales de la SociÃ©tÃ© Entomologique de Belgique 10:1-242.","Robert L. Davidson","Carnegie Museum of Invertebrate Zoology","No revision or types checked since LeConte and Putzeys; names in keys and collections repeat misidentifications and are not reliable. I have ''cf''ed names as in Putzeys keys and as interpreted in some collections.","No known compromise","N",,
"a645f9d8-59bb-4ed4-9b02-da10793d151b","DSNY_016.basePlot.bet","D03","DSNY","DSNY_016","2014-05-29","2014-06-11","2016-10-04","NEON.BET.D03.000266","TETLAE","Animalia","Arthropoda","Insecta","Coleoptera","Carabidae","Harpalinae","Cyclosomini","Tetragonoderus","Crossonychus","laevigatus",,"Tetragonoderus laevigatus","Chaudoir","species",,"F",,"Shpeley, D., and G. E. Ball. 2008. Taxonomic review of the Neotropical Tetragonoderus quadriguttatus assemblage with description of T. deuvei, new species, and new West Indian and Nearctic locality records.  Insecta Mundi 50:1-16.","Robert L. Davidson","Carnegie Museum of Invertebrate Zoology",,"No known compromise","N",,
"2ac59569-9f99-432b-ae70-7a53fafd3c28","DSNY_021.basePlot.bet","D03","DSNY","DSNY_021","2014-05-29","2014-06-11","2016-10-07","NEON.BET.D03.000222","TETVIR","Animalia","Arthropoda","Insecta","Coleoptera","Carabidae","Cicindelinae","Megacephalini","Tetracha","Tetracha","virginica",,"Tetracha virginica","Linnaeus","species",,"F",,"Pearson, D., C. B. Knisley, and C. J. Kazilek. 2006. A Field Guide to the Tiger Beetles of the United States and Canada: Identification, Natural History, and Distribution of the Cicindelidae. Oxford University Press, New York.","Robert L. Davidson","Carnegie Museum of Invertebrate Zoology",,"No known compromise","N",,
"2a82a99a-aac8-4ac8-bbf9-c7a6fa274f5c","DSNY_007.basePlot.bet","D03","DSNY","DSNY_007","2014-05-29","2014-06-11","2016-10-21","NEON.BET.D03.000181","SELFOS","Animalia","Arthropoda","Insecta","Coleoptera","Carabidae","Harpalinae","Harpalini","Selenophorus","Celiamorphus","fossulatus",,"Selenophorus fossulatus","Dejean","species",,"M",,"Lindroth, C. H. 1969. The ground-beetles (Carabidae, excl. Cicindelinae) of Canada and Alaska, parts 1-6. Opuscula E. Entomoligiska Sallskapet.","Robert L. Davidson","Carnegie Museum of Invertebrate Zoology",,"No known compromise","N",,
"0e62cfe0-edb2-4727-acaf-ba4eee1e017c","DSNY_007.basePlot.bet","D03","DSNY","DSNY_007","2014-05-29","2014-06-11","2016-10-12","NEON.BET.D03.000180","ANIHAP","Animalia","Arthropoda","Insecta","Coleoptera","Carabidae","Harpalinae","Harpalini","Anisodactylus","Gynandrotarsus","haplomus",,"Anisodactylus haplomus","Chaudoir","species",,"M",,"Noonan, G. R. 1973. The Anisodactylines (Insecta: Coleoptera: Carabidae: Harpalini): classification, evolution and zoogeography. Quaestiones Entomologicae 9:266-480.","Robert L. Davidson","Carnegie Museum of Invertebrate Zoology",,"No known compromise","N",,
"e0cbf651-dea6-4a8e-a00c-88ae950b1dda","DSNY_002.basePlot.bet","D03","DSNY","DSNY_002","2014-05-29","2014-06-11","2016-10-21","NEON.BET.D03.000195","SELFOS","Animalia","Arthropoda","Insecta","Coleoptera","Carabidae","Harpalinae","Harpalini","Selenophorus","Celiamorphus","fossulatus",,"Selenophorus fossulatus","Dejean","species",,"F",,"Lindroth, C. H. 1969. The ground-beetles (Carabidae, excl. Cicindelinae) of Canada and Alaska, parts 1-6. Opuscula E. Entomoligiska Sallskapet.","Robert L. Davidson","Carnegie Museum of Invertebrate Zoology",,"No known compromise","N",,
"b5adb7d5-ab74-4e25-92ac-39b7bf01b4ed","DSNY_001.basePlot.bet","D03","DSNY","DSNY_001","2014-05-29","2014-06-11","2016-09-13","NEON.BET.D03.000123","PASSUB1","Animalia","Arthropoda","Insecta","Coleoptera","Carabidae","Scaritinae","Pasimachini","Pasimachus","Pasimachus","sublaevis",,"Pasimachus sublaevis","Palisot de Beauvois","species",,"U",,"Banninger, M. 1950. The subtribe Pasimachina (Coleoptera, Carabidae, Scaritini). Revista de Entomologica 21:481-511.","Robert L. Davidson","Carnegie Museum of Invertebrate Zoology",,"No known compromise","N",,
"64f3bea4-e1b1-499a-a080-cc2d79737f4c","DSNY_021.basePlot.bet","D03","DSNY","DSNY_021","2014-05-29","2014-06-11","2016-10-21","NEON.BET.D03.000159","SELFOS","Animalia","Arthropoda","Insecta","Coleoptera","Carabidae","Harpalinae","Harpalini","Selenophorus","Celiamorphus","fossulatus",,"Selenophorus fossulatus","Dejean","species",,"M",,"Lindroth, C. H. 1969. The ground-beetles (Carabidae, excl. Cicindelinae) of Canada and Alaska, parts 1-6. Opuscula E. Entomoligiska Sallskapet.","Robert L. Davidson","Carnegie Museum of Invertebrate Zoology",,"No known compromise","N",,
"54d87b54-b1af-4928-9cdf-e8a7e4e5f175","DSNY_021.basePlot.bet","D03","DSNY","DSNY_021","2014-05-29","2014-06-11","2016-10-06","NEON.BET.D03.000171","PARSUL","Animalia","Arthropoda","Insecta","Coleoptera","Carabidae","Scaritinae","Clivinini","Paraclivina",,"sulcipennis",,"Paraclivina sulcipennis","Putzeys","species","cf. species","F",,"Putzeys, J. A. A. H. 1867. RÃ©vision gÃ©nÃ©rale des clivinides.  Annales de la SociÃ©tÃ© Entomologique de Belgique 10:1-242.","Robert L. Davidson","Carnegie Museum of Invertebrate Zoology","No revision or types checked since LeConte and Putzeys; names in keys and collections repeat misidentifications and are not reliable. I have ''cf''ed names as in Putzeys keys and as interpreted in some collections.","No known compromise","N",,
"155309e4-ecca-402c-9e3f-e737f7f8d74a","DSNY_007.basePlot.bet","D03","DSNY","DSNY_007","2014-05-29","2014-06-11","2016-10-12","NEON.BET.D03.000437","ANIHAP","Animalia","Arthropoda","Insecta","Coleoptera","Carabidae","Harpalinae","Harpalini","Anisodactylus","Gynandrotarsus","haplomus",,"Anisodactylus haplomus","Chaudoir","species",,"M",,"Noonan, G. R. 1973. The Anisodactylines (Insecta: Coleoptera: Carabidae: Harpalini): classification, evolution and zoogeography. Quaestiones Entomologicae 9:266-480.","Robert L. Davidson","Carnegie Museum of Invertebrate Zoology",,"No known compromise","N",,
"3dd758b3-991e-48f7-8a6f-b2915727b716","DSNY_021.basePlot.bet","D03","DSNY","DSNY_021","2014-05-29","2014-06-11","2016-10-21","NEON.BET.D03.000160","SELFOS","Animalia","Arthropoda","Insecta","Coleoptera","Carabidae","Harpalinae","Harpalini","Selenophorus","Celiamorphus","fossulatus",,"Selenophorus fossulatus","Dejean","species",,"M",,"Lindroth, C. H. 1969. The ground-beetles (Carabidae, excl. Cicindelinae) of Canada and Alaska, parts 1-6. Opuscula E. Entomoligiska Sallskapet.","Robert L. Davidson","Carnegie Museum of Invertebrate Zoology",,"No known compromise","N",,
"6e5abe99-3d06-4764-b558-7fd13afa0709","DSNY_021.basePlot.bet","D03","DSNY","DSNY_021","2014-05-29","2014-06-11","2016-10-06","NEON.BET.D03.000162","PARSUL","Animalia","Arthropoda","Insecta","Coleoptera","Carabidae","Scaritinae","Clivinini","Paraclivina",,"sulcipennis",,"Paraclivina sulcipennis","Putzeys","species","cf. species","U",,"Putzeys, J. A. A. H. 1867. RÃ©vision gÃ©nÃ©rale des clivinides.  Annales de la SociÃ©tÃ© Entomologique de Belgique 10:1-242.","Robert L. Davidson","Carnegie Museum of Invertebrate Zoology","No revision or types checked since LeConte and Putzeys; names in keys and collections repeat misidentifications and are not reliable. I have ''cf''ed names as in Putzeys keys and as interpreted in some collections.","No known compromise","N",,
"472f77d7-f798-414b-9070-7ff6a52a13ca","DSNY_003.basePlot.bet","D03","DSNY","DSNY_003","2014-05-29","2014-06-11","2016-10-03","NEON.BET.D03.000158","CYCFAB","Animalia","Arthropoda","Insecta","Coleoptera","Carabidae","Harpalinae","Pterostichini","Cyclotrachelus","Cyclotrachelus","faber",,"Cyclotrachelus faber","Germar","species",,"F",,"Bousquet, Y. 2012. Catalogue of Geadephaga (Coleoptera, Adephaga) of America, north of Mexico. ZooKeys 245:1-1722.","Robert L. Davidson","Carnegie Museum of Invertebrate Zoology",,"No known compromise","N",,
"f5fb8702-0c58-49b7-ac3d-aa70733521eb","DSNY_007.basePlot.bet","D03","DSNY","DSNY_007","2014-05-29","2014-06-11","2016-10-21","NEON.BET.D03.000182","SELFOS","Animalia","Arthropoda","Insecta","Coleoptera","Carabidae","Harpalinae","Harpalini","Selenophorus","Celiamorphus","fossulatus",,"Selenophorus fossulatus","Dejean","species",,"M",,"Lindroth, C. H. 1969. The ground-beetles (Carabidae, excl. Cicindelinae) of Canada and Alaska, parts 1-6. Opuscula E. Entomoligiska Sallskapet.","Robert L. Davidson","Carnegie Museum of Invertebrate Zoology",,"No known compromise","N",,
"232b8dbb-7f93-4138-b82e-292f21590db2","DSNY_016.basePlot.bet","D03","DSNY","DSNY_016","2014-06-11","2014-06-26","2016-10-06","NEON.BET.D03.000450","PARSUL","Animalia","Arthropoda","Insecta","Coleoptera","Carabidae","Scaritinae","Clivinini","Paraclivina",,"sulcipennis",,"Paraclivina sulcipennis","Putzeys","species","cf. species","F",,"Putzeys, J. A. A. H. 1867. RÃ©vision gÃ©nÃ©rale des clivinides.  Annales de la SociÃ©tÃ© Entomologique de Belgique 10:1-242.","Robert L. Davidson","Carnegie Museum of Invertebrate Zoology","No revision or types checked since LeConte and Putzeys; names in keys and collections repeat misidentifications and are not reliable. I have ''cf''ed names as in Putzeys keys and as interpreted in some collections.","No known compromise","N",,
"dbfb172e-20a5-4588-86a3-d22529016629","DSNY_004.basePlot.bet","D03","DSNY","DSNY_004","2014-06-11","2014-06-26","2016-10-12","NEON.BET.D03.000024","ANIHAP","Animalia","Arthropoda","Insecta","Coleoptera","Carabidae","Harpalinae","Harpalini","Anisodactylus","Gynandrotarsus","haplomus",,"Anisodactylus haplomus","Chaudoir","species",,"F",,"Noonan, G. R. 1973. The Anisodactylines (Insecta: Coleoptera: Carabidae: Harpalini): classification, evolution and zoogeography. Quaestiones Entomologicae 9:266-480.","Robert L. Davidson","Carnegie Museum of Invertebrate Zoology",,"No known compromise","N",,
"1e445e55-a60e-4c87-8ba0-af1af907dc24","DSNY_016.basePlot.bet","D03","DSNY","DSNY_016","2014-06-11","2014-06-26","2016-10-06","NEON.BET.D03.000453","PARSUL","Animalia","Arthropoda","Insecta","Coleoptera","Carabidae","Scaritinae","Clivinini","Paraclivina",,"sulcipennis",,"Paraclivina sulcipennis","Putzeys","species","cf. species","M",,"Putzeys, J. A. A. H. 1867. RÃ©vision gÃ©nÃ©rale des clivinides.  Annales de la SociÃ©tÃ© Entomologique de Belgique 10:1-242.","Robert L. Davidson","Carnegie Museum of Invertebrate Zoology","No revision or types checked since LeConte and Putzeys; names in keys and collections repeat misidentifications and are not reliable. I have ''cf''ed names as in Putzeys keys and as interpreted in some collections.","No known compromise","N",,
"11de721e-a43d-4b08-bcd9-ac0749af2ea4","DSNY_016.basePlot.bet","D03","DSNY","DSNY_016","2014-06-11","2014-06-26","2016-09-13","NEON.BET.D03.000328","PASSUB1","Animalia","Arthropoda","Insecta","Coleoptera","Carabidae","Scaritinae","Pasimachini","Pasimachus","Pasimachus","sublaevis",,"Pasimachus sublaevis","Palisot de Beauvois","species",,"U",,"Banninger, M. 1950. The subtribe Pasimachina (Coleoptera, Carabidae, Scaritini). Revista de Entomologica 21:481-511.","Robert L. Davidson","Carnegie Museum of Invertebrate Zoology",,"No known compromise","N",,
"c9bb8cd7-6b3d-43e1-9fe3-8867c45481b3","DSNY_016.basePlot.bet","D03","DSNY","DSNY_016","2014-06-11","2014-06-26","2016-10-04","NEON.BET.D03.000290","TETINT","Animalia","Arthropoda","Insecta","Coleoptera","Carabidae","Harpalinae","Cyclosomini","Tetragonoderus","Crossonychus","intersectus",,"Tetragonoderus intersectus","Germar","species",,"F",,"Lindroth, C. H. 1969. The ground-beetles (Carabidae, excl. Cicindelinae) of Canada and Alaska, parts 1-6. Opuscula E. Entomoligiska Sallskapet.","Robert L. Davidson","Carnegie Museum of Invertebrate Zoology",,"No known compromise","N",,
"d4ac4d35-77d2-40aa-bfdf-b1522f5064b8","DSNY_016.basePlot.bet","D03","DSNY","DSNY_016","2014-06-11","2014-06-26","2016-10-04","NEON.BET.D03.000197","TETLAE","Animalia","Arthropoda","Insecta","Coleoptera","Carabidae","Harpalinae","Cyclosomini","Tetragonoderus","Crossonychus","laevigatus",,"Tetragonoderus laevigatus","Chaudoir","species",,"M",,"Shpeley, D., and G. E. Ball. 2008. Taxonomic review of the Neotropical Tetragonoderus quadriguttatus assemblage with description of T. deuvei, new species, and new West Indian and Nearctic locality records.  Insecta Mundi 50:1-16.","Robert L. Davidson","Carnegie Museum of Invertebrate Zoology",,"No known compromise","N",,
"f6263db7-5d93-43f8-b3ef-afc8621e71d4","DSNY_016.basePlot.bet","D03","DSNY","DSNY_016","2014-06-11","2014-06-26","2016-10-04","NEON.BET.D03.000184","TETLAE","Animalia","Arthropoda","Insecta","Coleoptera","Carabidae","Harpalinae","Cyclosomini","Tetragonoderus","Crossonychus","laevigatus",,"Tetragonoderus laevigatus","Chaudoir","species",,"F",,"Shpeley, D., and G. E. Ball. 2008. Taxonomic review of the Neotropical Tetragonoderus quadriguttatus assemblage with description of T. deuvei, new species, and new West Indian and Nearctic locality records.  Insecta Mundi 50:1-16.","Robert L. Davidson","Carnegie Museum of Invertebrate Zoology",,"No known compromise","N",,
"b3a41c3e-8f85-4b2d-9877-f7f3d3456b1f","DSNY_021.basePlot.bet","D03","DSNY","DSNY_021","2014-06-11","2014-06-26","2016-09-13","NEON.BET.D03.000062","PASSUB1","Animalia","Arthropoda","Insecta","Coleoptera","Carabidae","Scaritinae","Pasimachini","Pasimachus","Pasimachus","sublaevis",,"Pasimachus sublaevis","Palisot de Beauvois","species",,"U",,"Banninger, M. 1950. The subtribe Pasimachina (Coleoptera, Carabidae, Scaritini). Revista de Entomologica 21:481-511.","Robert L. Davidson","Carnegie Museum of Invertebrate Zoology",,"No known compromise","N",,
"169e513d-fb32-4cba-96e4-1ffa4952f355","DSNY_002.basePlot.bet","D03","DSNY","DSNY_002","2014-06-11","2014-06-26","2016-09-13","NEON.BET.D03.000087","PASSUB1","Animalia","Arthropoda","Insecta","Coleoptera","Carabidae","Scaritinae","Pasimachini","Pasimachus","Pasimachus","sublaevis",,"Pasimachus sublaevis","Palisot de Beauvois","species",,"U",,"Banninger, M. 1950. The subtribe Pasimachina (Coleoptera, Carabidae, Scaritini). Revista de Entomologica 21:481-511.","Robert L. Davidson","Carnegie Museum of Invertebrate Zoology",,"No known compromise","N",,
"c16e6e6e-e1a6-461b-8ef7-89067667f14b","DSNY_021.basePlot.bet","D03","DSNY","DSNY_021","2014-06-11","2014-06-26","2016-10-06","NEON.BET.D03.000017","PARSUL","Animalia","Arthropoda","Insecta","Coleoptera","Carabidae","Scaritinae","Clivinini","Paraclivina",,"sulcipennis",,"Paraclivina sulcipennis","Putzeys","species","cf. species","M",,"Putzeys, J. A. A. H. 1867. RÃ©vision gÃ©nÃ©rale des clivinides.  Annales de la SociÃ©tÃ© Entomologique de Belgique 10:1-242.","Robert L. Davidson","Carnegie Museum of Invertebrate Zoology","No revision or types checked since LeConte and Putzeys; names in keys and collections repeat misidentifications and are not reliable. I have ''cf''ed names as in Putzeys keys and as interpreted in some collections.","No known compromise","N",,
"3cbc14e6-9e0a-4f79-a751-1efacdcce74a","DSNY_021.basePlot.bet","D03","DSNY","DSNY_021","2014-06-11","2014-06-26","2016-10-06","NEON.BET.D03.000023","PARSTR","Animalia","Arthropoda","Insecta","Coleoptera","Carabidae","Scaritinae","Clivinini","Paraclivina",,"striatopunctata",,"Paraclivina striatopunctata","Dejean","species","cf. species","U",,"Putzeys, J. A. A. H. 1867. RÃ©vision gÃ©nÃ©rale des clivinides.  Annales de la SociÃ©tÃ© Entomologique de Belgique 10:1-242.","Robert L. Davidson","Carnegie Museum of Invertebrate Zoology","No revision or types checked since LeConte and Putzeys; names in keys and collections repeat misidentifications and are not reliable. I have ''cf''ed names as in Putzeys keys and as interpreted in some collections.","No known compromise","N",,
"c15d4937-53b1-4875-81e0-9f6c126cfdd9","DSNY_006.basePlot.bet","D03","DSNY","DSNY_006","2014-06-11","2014-06-26","2016-10-28","NEON.BET.D03.000020","SELSP","Animalia","Arthropoda","Insecta","Coleoptera","Carabidae","Harpalinae","Harpalini","Selenophorus","Celiamorphus","sp.",,"Selenophorus (Celiamorphus) sp.","Casey","subgenus",,"F",,,"Robert L. Davidson","Carnegie Museum of Invertebrate Zoology","Large, black, big-headed species. Subgenus a mess in southeast; at least 6 unresolved available names; dissection of males shows several species, but which name goes with which, and external separation difficult.","No known compromise","N",,
"9e6e5d0a-557e-49a1-876e-ed11be30e4ba","DSNY_006.basePlot.bet","D03","DSNY","DSNY_006","2014-06-11","2014-06-26","2016-10-06","NEON.BET.D03.000018","SCAOCA","Animalia","Arthropoda","Insecta","Coleoptera","Carabidae","Scaritinae","Scaritini","Scarites","Scarites","ocalensis",,"Scarites ocalensis","Nichols","species",,"U",,"Nichols, S. W. 1986. Two new flightless species of Scarites s. str. inhabiting Florida and the West Indies (Coleoptera: Carabidae: Scaritini). Proceedings of the Entomological Society of Washington 88:257-264.","Robert L. Davidson","Carnegie Museum of Invertebrate Zoology",,"No known compromise","N",,
"ec3b933d-7643-4456-b015-588367abfbe4","DSNY_005.basePlot.bet","D03","DSNY","DSNY_005","2014-06-11","2014-06-26","2016-10-06","NEON.BET.D03.000019","SCAOCA","Animalia","Arthropoda","Insecta","Coleoptera","Carabidae","Scaritinae","Scaritini","Scarites","Scarites","ocalensis",,"Scarites ocalensis","Nichols","species",,"U",,"Nichols, S. W. 1986. Two new flightless species of Scarites s. str. inhabiting Florida and the West Indies (Coleoptera: Carabidae: Scaritini). Proceedings of the Entomological Society of Washington 88:257-264.","Robert L. Davidson","Carnegie Museum of Invertebrate Zoology",,"No known compromise","N",,
"011ea29b-cb3b-45f2-ac63-b5bc12ff8c7e","DSNY_005.basePlot.bet","D03","DSNY","DSNY_005","2014-06-11","2014-06-26","2016-10-28","NEON.BET.D03.000034","SELSP","Animalia","Arthropoda","Insecta","Coleoptera","Carabidae","Harpalinae","Harpalini","Selenophorus","Celiamorphus","sp.",,"Selenophorus (Celiamorphus) sp.","Casey","subgenus",,"F",,,"Robert L. Davidson","Carnegie Museum of Invertebrate Zoology","Large, black, big-headed species. Subgenus a mess in southeast; at least 6 unresolved available names; dissection of males shows several species, but which name goes with which, and external separation difficult.","No known compromise","N",,
"064af483-02d1-47ec-b398-c505c5f33e18","DSNY_007.basePlot.bet","D03","DSNY","DSNY_007","2014-06-11","2014-06-26","2016-10-12","NEON.BET.D03.000015","ANIHAP","Animalia","Arthropoda","Insecta","Coleoptera","Carabidae","Harpalinae","Harpalini","Anisodactylus","Gynandrotarsus","haplomus",,"Anisodactylus haplomus","Chaudoir","species",,"F",,"Noonan, G. R. 1973. The Anisodactylines (Insecta: Coleoptera: Carabidae: Harpalini): classification, evolution and zoogeography. Quaestiones Entomologicae 9:266-480.","Robert L. Davidson","Carnegie Museum of Invertebrate Zoology",,"No known compromise","N",,
"7db3ad65-4436-471b-8690-447f173db03f","DSNY_003.basePlot.bet","D03","DSNY","DSNY_003","2014-06-11","2014-06-26","2016-10-03","NEON.BET.D03.000016","CYCFAB","Animalia","Arthropoda","Insecta","Coleoptera","Carabidae","Harpalinae","Pterostichini","Cyclotrachelus","Cyclotrachelus","faber",,"Cyclotrachelus faber","Germar","species",,"M",,"Bousquet, Y. 2012. Catalogue of Geadephaga (Coleoptera, Adephaga) of America, north of Mexico. ZooKeys 245:1-1722.","Robert L. Davidson","Carnegie Museum of Invertebrate Zoology",,"No known compromise","N",,
"b882ca63-a87b-49a3-bc84-2f2817a95aa2","DSNY_016.basePlot.bet","D03","DSNY","DSNY_016","2014-06-11","2014-06-26","2016-10-06","NEON.BET.D03.000452","PARSUL","Animalia","Arthropoda","Insecta","Coleoptera","Carabidae","Scaritinae","Clivinini","Paraclivina",,"sulcipennis",,"Paraclivina sulcipennis","Putzeys","species","cf. species","F",,"Putzeys, J. A. A. H. 1867. RÃ©vision gÃ©nÃ©rale des clivinides.  Annales de la SociÃ©tÃ© Entomologique de Belgique 10:1-242.","Robert L. Davidson","Carnegie Museum of Invertebrate Zoology","No revision or types checked since LeConte and Putzeys; names in keys and collections repeat misidentifications and are not reliable. I have ''cf''ed names as in Putzeys keys and as interpreted in some collections.","No known compromise","N",,
