uid,namedLocation,domainID,siteID,plotID,setDate,collectDate,identifiedDate,individualID,taxonID,kingdom,phylum,class,order,family,subfamily,tribe,genus,subgenus,specificEpithet,infraspecificEpithet,scientificName,scientificNameAuthorship,taxonRank,identificationQualifier,sex,morphospeciesID,identificationReferences,identifiedBy,laboratoryName,identificationRemarks,sampleCondition,dnaBarcoded,geneticSampleID,remarks
"13e919f2-11be-4e53-9a6e-3bb581cd0d4d","ONAQ_002.basePlot.bet","D15","ONAQ","ONAQ_002","2015-08-25","2015-09-08","2017-01-15","NEON.BET.D15.000258","CYMARI","Animalia","Arthropoda","Insecta","Coleoptera","Carabidae","Harpalinae","Lebiini","Cymindis","Cymindis","arizonensis",,"Cymindis arizonensis","Schaeffer","species",,"F",,"Lindroth, C. H. 1969. The ground-beetles (Carabidae, excl. Cicindelinae) of Canada and Alaska, parts 1-6. Opuscula E. Entomoligiska Sallskapet.","Kipling Will","Essig Museum of Entomology",,"No known compromise","N",,
"c2292bc4-25cf-403f-bcf8-fd08b2ff766b","ONAQ_073.basePlot.bet","D15","ONAQ","ONAQ_073","2015-08-25","2015-09-08","2017-01-15","NEON.BET.D15.000326","CYMARI","Animalia","Arthropoda","Insecta","Coleoptera","Carabidae","Harpalinae","Lebiini","Cymindis","Cymindis","arizonensis",,"Cymindis arizonensis","Schaeffer","species",,"F",,"Lindroth, C. H. 1969. The ground-beetles (Carabidae, excl. Cicindelinae) of Canada and Alaska, parts 1-6. Opuscula E. Entomoligiska Sallskapet.","Kipling Will","Essig Museum of Entomology",,"No known compromise","N",,
"871b0f30-c56d-4a4d-91ff-4dc0d4df1847","ONAQ_009.basePlot.bet","D15","ONAQ","ONAQ_009","2015-08-25","2015-09-08","2017-01-15","NEON.BET.D15.000249","CYMARI","Animalia","Arthropoda","Insecta","Coleoptera","Carabidae","Harpalinae","Lebiini","Cymindis","Cymindis","arizonensis",,"Cymindis arizonensis","Schaeffer","species",,"F",,"Lindroth, C. H. 1969. The ground-beetles (Carabidae, excl. Cicindelinae) of Canada and Alaska, parts 1-6. Opuscula E. Entomoligiska Sallskapet.","Kipling Will","Essig Museum of Entomology",,"No known compromise","N",,
"63629380-bdfe-4d6b-bc5f-497e9d2ab02d","ONAQ_009.basePlot.bet","D15","ONAQ","ONAQ_009","2015-08-25","2015-09-08","2017-01-15","NEON.BET.D15.000253","RHASP","Animalia","Arthropoda","Insecta","Coleoptera","Carabidae","Harpalinae","Platynini","Rhadine",,"sp.",,"Rhadine sp.","LeConte","genus",,"M","TKW.2017.MorphA","Arnett Jr., R. H., and M. C. Thomas. 2001. American Beetles Archosemata, Myxophaga, Adephaga, Polyphaga: Staphyliniformia. 1st Vol. (C. Press, Ed.). 1st Ed. Boca Raton, FL.","Kipling Will","Essig Museum of Entomology",,"No known compromise","N",,
"05059ac5-e35c-48cf-9ed2-948ec5252e2f","ONAQ_009.basePlot.bet","D15","ONAQ","ONAQ_009","2015-08-25","2015-09-08","2017-01-15","NEON.BET.D15.000252","RHASP","Animalia","Arthropoda","Insecta","Coleoptera","Carabidae","Harpalinae","Platynini","Rhadine",,"sp.",,"Rhadine sp.","LeConte","genus",,"F","TKW.2017.MorphA","Arnett Jr., R. H., and M. C. Thomas. 2001. American Beetles Archosemata, Myxophaga, Adephaga, Polyphaga: Staphyliniformia. 1st Vol. (C. Press, Ed.). 1st Ed. Boca Raton, FL.","Kipling Will","Essig Museum of Entomology",,"No known compromise","N",,
"45efdb91-e55c-474b-8b34-f97fe6b9cac5","ONAQ_009.basePlot.bet","D15","ONAQ","ONAQ_009","2015-08-25","2015-09-08","2017-01-15","NEON.BET.D15.000250","CYMARI","Animalia","Arthropoda","Insecta","Coleoptera","Carabidae","Harpalinae","Lebiini","Cymindis","Cymindis","arizonensis",,"Cymindis arizonensis","Schaeffer","species",,"M",,"Lindroth, C. H. 1969. The ground-beetles (Carabidae, excl. Cicindelinae) of Canada and Alaska, parts 1-6. Opuscula E. Entomoligiska Sallskapet.","Kipling Will","Essig Museum of Entomology",,"No known compromise","N",,
"c23cddd9-13fb-4e9b-b380-7d98b88b7e34","ONAQ_009.basePlot.bet","D15","ONAQ","ONAQ_009","2015-08-25","2015-09-08","2017-01-15","NEON.BET.D15.000248","CYMARI","Animalia","Arthropoda","Insecta","Coleoptera","Carabidae","Harpalinae","Lebiini","Cymindis","Cymindis","arizonensis",,"Cymindis arizonensis","Schaeffer","species",,"F",,"Lindroth, C. H. 1969. The ground-beetles (Carabidae, excl. Cicindelinae) of Canada and Alaska, parts 1-6. Opuscula E. Entomoligiska Sallskapet.","Kipling Will","Essig Museum of Entomology",,"No known compromise","N",,
"78264f71-c42b-411a-96b2-1524d3021ac4","ONAQ_009.basePlot.bet","D15","ONAQ","ONAQ_009","2015-08-25","2015-09-08","2017-01-15","NEON.BET.D15.000251","CYMARI","Animalia","Arthropoda","Insecta","Coleoptera","Carabidae","Harpalinae","Lebiini","Cymindis","Cymindis","arizonensis",,"Cymindis arizonensis","Schaeffer","species",,"F",,"Lindroth, C. H. 1969. The ground-beetles (Carabidae, excl. Cicindelinae) of Canada and Alaska, parts 1-6. Opuscula E. Entomoligiska Sallskapet.","Kipling Will","Essig Museum of Entomology",,"No known compromise","N",,
"b9827027-9fcf-49f0-a2af-ea50a50e20b2","ONAQ_009.basePlot.bet","D15","ONAQ","ONAQ_009","2015-08-25","2015-09-08","2017-01-15","NEON.BET.D15.000247","CYMARI","Animalia","Arthropoda","Insecta","Coleoptera","Carabidae","Harpalinae","Lebiini","Cymindis","Cymindis","arizonensis",,"Cymindis arizonensis","Schaeffer","species",,"F",,"Lindroth, C. H. 1969. The ground-beetles (Carabidae, excl. Cicindelinae) of Canada and Alaska, parts 1-6. Opuscula E. Entomoligiska Sallskapet.","Kipling Will","Essig Museum of Entomology",,"No known compromise","N",,
"fa65c017-863a-48f6-a094-e87c67926700","ONAQ_016.basePlot.bet","D15","ONAQ","ONAQ_016","2015-08-25","2015-09-08","2017-01-15","NEON.BET.D15.000278","CYMARI","Animalia","Arthropoda","Insecta","Coleoptera","Carabidae","Harpalinae","Lebiini","Cymindis","Cymindis","arizonensis",,"Cymindis arizonensis","Schaeffer","species",,"F",,"Lindroth, C. H. 1969. The ground-beetles (Carabidae, excl. Cicindelinae) of Canada and Alaska, parts 1-6. Opuscula E. Entomoligiska Sallskapet.","Kipling Will","Essig Museum of Entomology",,"No known compromise","N",,
"e4ae4fe2-c9ca-4cfd-a3e8-7c0dd34f2cef","ONAQ_016.basePlot.bet","D15","ONAQ","ONAQ_016","2015-08-25","2015-09-08","2017-01-15","NEON.BET.D15.000282","CYMARI","Animalia","Arthropoda","Insecta","Coleoptera","Carabidae","Harpalinae","Lebiini","Cymindis","Cymindis","arizonensis",,"Cymindis arizonensis","Schaeffer","species",,"F",,"Lindroth, C. H. 1969. The ground-beetles (Carabidae, excl. Cicindelinae) of Canada and Alaska, parts 1-6. Opuscula E. Entomoligiska Sallskapet.","Kipling Will","Essig Museum of Entomology",,"No known compromise","N",,
"32e5102c-2a4f-4191-a4f0-7c2400fcd728","ONAQ_016.basePlot.bet","D15","ONAQ","ONAQ_016","2015-08-25","2015-09-08","2017-01-15","NEON.BET.D15.000281","CYMARI","Animalia","Arthropoda","Insecta","Coleoptera","Carabidae","Harpalinae","Lebiini","Cymindis","Cymindis","arizonensis",,"Cymindis arizonensis","Schaeffer","species",,"M",,"Lindroth, C. H. 1969. The ground-beetles (Carabidae, excl. Cicindelinae) of Canada and Alaska, parts 1-6. Opuscula E. Entomoligiska Sallskapet.","Kipling Will","Essig Museum of Entomology",,"No known compromise","N",,
"e12bb031-9fc1-4675-8dfc-249bbee02b0d","ONAQ_016.basePlot.bet","D15","ONAQ","ONAQ_016","2015-08-25","2015-09-08","2017-01-15","NEON.BET.D15.000283","CYMARI","Animalia","Arthropoda","Insecta","Coleoptera","Carabidae","Harpalinae","Lebiini","Cymindis","Cymindis","arizonensis",,"Cymindis arizonensis","Schaeffer","species",,"M",,"Lindroth, C. H. 1969. The ground-beetles (Carabidae, excl. Cicindelinae) of Canada and Alaska, parts 1-6. Opuscula E. Entomoligiska Sallskapet.","Kipling Will","Essig Museum of Entomology",,"No known compromise","N",,
"6a462004-ef29-47c9-99e0-c296f211e466","ONAQ_016.basePlot.bet","D15","ONAQ","ONAQ_016","2015-08-25","2015-09-08","2017-01-15","NEON.BET.D15.000274","CYMARI","Animalia","Arthropoda","Insecta","Coleoptera","Carabidae","Harpalinae","Lebiini","Cymindis","Cymindis","arizonensis",,"Cymindis arizonensis","Schaeffer","species",,"F",,"Lindroth, C. H. 1969. The ground-beetles (Carabidae, excl. Cicindelinae) of Canada and Alaska, parts 1-6. Opuscula E. Entomoligiska Sallskapet.","Kipling Will","Essig Museum of Entomology",,"No known compromise","N",,
"d597745f-13d8-45cf-8dea-42a8f65d7e40","ONAQ_016.basePlot.bet","D15","ONAQ","ONAQ_016","2015-08-25","2015-09-08","2017-01-15","NEON.BET.D15.000271","CYMARI","Animalia","Arthropoda","Insecta","Coleoptera","Carabidae","Harpalinae","Lebiini","Cymindis","Cymindis","arizonensis",,"Cymindis arizonensis","Schaeffer","species",,"F",,"Lindroth, C. H. 1969. The ground-beetles (Carabidae, excl. Cicindelinae) of Canada and Alaska, parts 1-6. Opuscula E. Entomoligiska Sallskapet.","Kipling Will","Essig Museum of Entomology",,"No known compromise","N",,
"709cded3-d0ad-43b9-a553-1baafc6357ef","ONAQ_016.basePlot.bet","D15","ONAQ","ONAQ_016","2015-08-25","2015-09-08","2017-01-15","NEON.BET.D15.000275","CYMARI","Animalia","Arthropoda","Insecta","Coleoptera","Carabidae","Harpalinae","Lebiini","Cymindis","Cymindis","arizonensis",,"Cymindis arizonensis","Schaeffer","species",,"F",,"Lindroth, C. H. 1969. The ground-beetles (Carabidae, excl. Cicindelinae) of Canada and Alaska, parts 1-6. Opuscula E. Entomoligiska Sallskapet.","Kipling Will","Essig Museum of Entomology",,"No known compromise","N",,
"2341a62c-b67c-4588-b237-b8c464fdf6fa","ONAQ_016.basePlot.bet","D15","ONAQ","ONAQ_016","2015-08-25","2015-09-08","2017-01-15","NEON.BET.D15.000288","CYMARI","Animalia","Arthropoda","Insecta","Coleoptera","Carabidae","Harpalinae","Lebiini","Cymindis","Cymindis","arizonensis",,"Cymindis arizonensis","Schaeffer","species",,"F",,"Lindroth, C. H. 1969. The ground-beetles (Carabidae, excl. Cicindelinae) of Canada and Alaska, parts 1-6. Opuscula E. Entomoligiska Sallskapet.","Kipling Will","Essig Museum of Entomology",,"No known compromise","N",,
"dc9f9902-8d67-43e9-b81e-ff420faf1586","ONAQ_016.basePlot.bet","D15","ONAQ","ONAQ_016","2015-08-25","2015-09-08","2017-01-15","NEON.BET.D15.000280","CYMARI","Animalia","Arthropoda","Insecta","Coleoptera","Carabidae","Harpalinae","Lebiini","Cymindis","Cymindis","arizonensis",,"Cymindis arizonensis","Schaeffer","species",,"M",,"Lindroth, C. H. 1969. The ground-beetles (Carabidae, excl. Cicindelinae) of Canada and Alaska, parts 1-6. Opuscula E. Entomoligiska Sallskapet.","Kipling Will","Essig Museum of Entomology",,"No known compromise","N",,
"64f5fc83-bfae-41ba-b4ca-58d2dd29a4ad","ONAQ_016.basePlot.bet","D15","ONAQ","ONAQ_016","2015-08-25","2015-09-08","2017-01-15","NEON.BET.D15.000268","CYMARI","Animalia","Arthropoda","Insecta","Coleoptera","Carabidae","Harpalinae","Lebiini","Cymindis","Cymindis","arizonensis",,"Cymindis arizonensis","Schaeffer","species",,"F",,"Lindroth, C. H. 1969. The ground-beetles (Carabidae, excl. Cicindelinae) of Canada and Alaska, parts 1-6. Opuscula E. Entomoligiska Sallskapet.","Kipling Will","Essig Museum of Entomology",,"No known compromise","N",,
"699039a4-bbcf-4cf3-a63c-31050fa7170e","ONAQ_016.basePlot.bet","D15","ONAQ","ONAQ_016","2015-08-25","2015-09-08","2017-01-15","NEON.BET.D15.000279","CYMARI","Animalia","Arthropoda","Insecta","Coleoptera","Carabidae","Harpalinae","Lebiini","Cymindis","Cymindis","arizonensis",,"Cymindis arizonensis","Schaeffer","species",,"F",,"Lindroth, C. H. 1969. The ground-beetles (Carabidae, excl. Cicindelinae) of Canada and Alaska, parts 1-6. Opuscula E. Entomoligiska Sallskapet.","Kipling Will","Essig Museum of Entomology",,"No known compromise","N",,
"837e3540-d949-4f72-97a0-181fc07e922b","ONAQ_016.basePlot.bet","D15","ONAQ","ONAQ_016","2015-08-25","2015-09-08","2017-01-15","NEON.BET.D15.000287","CYMARI","Animalia","Arthropoda","Insecta","Coleoptera","Carabidae","Harpalinae","Lebiini","Cymindis","Cymindis","arizonensis",,"Cymindis arizonensis","Schaeffer","species",,"M",,"Lindroth, C. H. 1969. The ground-beetles (Carabidae, excl. Cicindelinae) of Canada and Alaska, parts 1-6. Opuscula E. Entomoligiska Sallskapet.","Kipling Will","Essig Museum of Entomology",,"No known compromise","N",,
"f1c2459d-31f7-4d0c-975a-01ef040d4ce6","ONAQ_016.basePlot.bet","D15","ONAQ","ONAQ_016","2015-08-25","2015-09-08","2017-01-15","NEON.BET.D15.000277","CYMARI","Animalia","Arthropoda","Insecta","Coleoptera","Carabidae","Harpalinae","Lebiini","Cymindis","Cymindis","arizonensis",,"Cymindis arizonensis","Schaeffer","species",,"F",,"Lindroth, C. H. 1969. The ground-beetles (Carabidae, excl. Cicindelinae) of Canada and Alaska, parts 1-6. Opuscula E. Entomoligiska Sallskapet.","Kipling Will","Essig Museum of Entomology",,"No known compromise","N",,
"d11338ff-c3d4-488c-92db-82fb5c7bbcdf","ONAQ_016.basePlot.bet","D15","ONAQ","ONAQ_016","2015-08-25","2015-09-08","2017-01-15","NEON.BET.D15.000270","CYMARI","Animalia","Arthropoda","Insecta","Coleoptera","Carabidae","Harpalinae","Lebiini","Cymindis","Cymindis","arizonensis",,"Cymindis arizonensis","Schaeffer","species",,"F",,"Lindroth, C. H. 1969. The ground-beetles (Carabidae, excl. Cicindelinae) of Canada and Alaska, parts 1-6. Opuscula E. Entomoligiska Sallskapet.","Kipling Will","Essig Museum of Entomology",,"No known compromise","N",,
"7b577af6-c276-4364-802f-a6f59d01ae7a","ONAQ_016.basePlot.bet","D15","ONAQ","ONAQ_016","2015-08-25","2015-09-08","2017-01-15","NEON.BET.D15.000285","CYMARI","Animalia","Arthropoda","Insecta","Coleoptera","Carabidae","Harpalinae","Lebiini","Cymindis","Cymindis","arizonensis",,"Cymindis arizonensis","Schaeffer","species",,"F",,"Lindroth, C. H. 1969. The ground-beetles (Carabidae, excl. Cicindelinae) of Canada and Alaska, parts 1-6. Opuscula E. Entomoligiska Sallskapet.","Kipling Will","Essig Museum of Entomology",,"No known compromise","N",,
"d1178409-c92a-4165-beb6-24db4ccf44e8","ONAQ_016.basePlot.bet","D15","ONAQ","ONAQ_016","2015-08-25","2015-09-08","2017-01-15","NEON.BET.D15.000273","CYMARI","Animalia","Arthropoda","Insecta","Coleoptera","Carabidae","Harpalinae","Lebiini","Cymindis","Cymindis","arizonensis",,"Cymindis arizonensis","Schaeffer","species",,"F",,"Lindroth, C. H. 1969. The ground-beetles (Carabidae, excl. Cicindelinae) of Canada and Alaska, parts 1-6. Opuscula E. Entomoligiska Sallskapet.","Kipling Will","Essig Museum of Entomology",,"No known compromise","N",,
"7cc653a7-6532-41e9-97ea-cb8a61354c34","ONAQ_016.basePlot.bet","D15","ONAQ","ONAQ_016","2015-08-25","2015-09-08","2017-01-15","NEON.BET.D15.000269","CYMARI","Animalia","Arthropoda","Insecta","Coleoptera","Carabidae","Harpalinae","Lebiini","Cymindis","Cymindis","arizonensis",,"Cymindis arizonensis","Schaeffer","species",,"F",,"Lindroth, C. H. 1969. The ground-beetles (Carabidae, excl. Cicindelinae) of Canada and Alaska, parts 1-6. Opuscula E. Entomoligiska Sallskapet.","Kipling Will","Essig Museum of Entomology",,"No known compromise","N",,
"a41d1bd3-6929-45f4-a11d-482e46538576","ONAQ_016.basePlot.bet","D15","ONAQ","ONAQ_016","2015-08-25","2015-09-08","2017-01-15","NEON.BET.D15.000286","CYMARI","Animalia","Arthropoda","Insecta","Coleoptera","Carabidae","Harpalinae","Lebiini","Cymindis","Cymindis","arizonensis",,"Cymindis arizonensis","Schaeffer","species",,"F",,"Lindroth, C. H. 1969. The ground-beetles (Carabidae, excl. Cicindelinae) of Canada and Alaska, parts 1-6. Opuscula E. Entomoligiska Sallskapet.","Kipling Will","Essig Museum of Entomology",,"No known compromise","N",,
"7ec26b91-db9b-4438-9c1c-50a9449abb83","ONAQ_016.basePlot.bet","D15","ONAQ","ONAQ_016","2015-08-25","2015-09-08","2017-01-15","NEON.BET.D15.000284","CYMARI","Animalia","Arthropoda","Insecta","Coleoptera","Carabidae","Harpalinae","Lebiini","Cymindis","Cymindis","arizonensis",,"Cymindis arizonensis","Schaeffer","species",,"F",,"Lindroth, C. H. 1969. The ground-beetles (Carabidae, excl. Cicindelinae) of Canada and Alaska, parts 1-6. Opuscula E. Entomoligiska Sallskapet.","Kipling Will","Essig Museum of Entomology",,"No known compromise","N",,
"8ec3b334-cadf-4c7d-8f4b-b58c0348adc6","ONAQ_016.basePlot.bet","D15","ONAQ","ONAQ_016","2015-08-25","2015-09-08","2017-01-15","NEON.BET.D15.000276","CYMARI","Animalia","Arthropoda","Insecta","Coleoptera","Carabidae","Harpalinae","Lebiini","Cymindis","Cymindis","arizonensis",,"Cymindis arizonensis","Schaeffer","species",,"M",,"Lindroth, C. H. 1969. The ground-beetles (Carabidae, excl. Cicindelinae) of Canada and Alaska, parts 1-6. Opuscula E. Entomoligiska Sallskapet.","Kipling Will","Essig Museum of Entomology",,"No known compromise","N",,
"cb4e72c8-d34e-42be-844e-0a649013dfb6","ONAQ_016.basePlot.bet","D15","ONAQ","ONAQ_016","2015-08-25","2015-09-08","2017-01-15","NEON.BET.D15.000272","CYMARI","Animalia","Arthropoda","Insecta","Coleoptera","Carabidae","Harpalinae","Lebiini","Cymindis","Cymindis","arizonensis",,"Cymindis arizonensis","Schaeffer","species",,"F",,"Lindroth, C. H. 1969. The ground-beetles (Carabidae, excl. Cicindelinae) of Canada and Alaska, parts 1-6. Opuscula E. Entomoligiska Sallskapet.","Kipling Will","Essig Museum of Entomology",,"No known compromise","N",,
"0fcd4893-b85d-40d7-b589-e899554b3502","ONAQ_030.basePlot.bet","D15","ONAQ","ONAQ_030","2015-08-25","2015-09-08","2017-01-15","NEON.BET.D15.000294","CYMARI","Animalia","Arthropoda","Insecta","Coleoptera","Carabidae","Harpalinae","Lebiini","Cymindis","Cymindis","arizonensis",,"Cymindis arizonensis","Schaeffer","species",,"F",,"Lindroth, C. H. 1969. The ground-beetles (Carabidae, excl. Cicindelinae) of Canada and Alaska, parts 1-6. Opuscula E. Entomoligiska Sallskapet.","Kipling Will","Essig Museum of Entomology",,"No known compromise","N",,
"8ebcd005-fee9-4bab-b14a-f48c1a0d01da","ONAQ_030.basePlot.bet","D15","ONAQ","ONAQ_030","2015-08-25","2015-09-08","2017-01-15","NEON.BET.D15.000297","CYMARI","Animalia","Arthropoda","Insecta","Coleoptera","Carabidae","Harpalinae","Lebiini","Cymindis","Cymindis","arizonensis",,"Cymindis arizonensis","Schaeffer","species",,"F",,"Lindroth, C. H. 1969. The ground-beetles (Carabidae, excl. Cicindelinae) of Canada and Alaska, parts 1-6. Opuscula E. Entomoligiska Sallskapet.","Kipling Will","Essig Museum of Entomology",,"No known compromise","N",,
"abea9dcb-936c-4208-852d-c88e66df1c11","ONAQ_030.basePlot.bet","D15","ONAQ","ONAQ_030","2015-08-25","2015-09-08","2017-01-15","NEON.BET.D15.000296","CYMARI","Animalia","Arthropoda","Insecta","Coleoptera","Carabidae","Harpalinae","Lebiini","Cymindis","Cymindis","arizonensis",,"Cymindis arizonensis","Schaeffer","species",,"F",,"Lindroth, C. H. 1969. The ground-beetles (Carabidae, excl. Cicindelinae) of Canada and Alaska, parts 1-6. Opuscula E. Entomoligiska Sallskapet.","Kipling Will","Essig Museum of Entomology",,"No known compromise","N",,
"6b8cc083-6503-4dc0-a227-92059459f1b7","ONAQ_030.basePlot.bet","D15","ONAQ","ONAQ_030","2015-08-25","2015-09-08","2017-01-15","NEON.BET.D15.000289","CYMARI","Animalia","Arthropoda","Insecta","Coleoptera","Carabidae","Harpalinae","Lebiini","Cymindis","Cymindis","arizonensis",,"Cymindis arizonensis","Schaeffer","species",,"F",,"Lindroth, C. H. 1969. The ground-beetles (Carabidae, excl. Cicindelinae) of Canada and Alaska, parts 1-6. Opuscula E. Entomoligiska Sallskapet.","Kipling Will","Essig Museum of Entomology",,"No known compromise","N",,
"6674d7c6-2e3c-4895-ab7b-7a84ba260c31","ONAQ_030.basePlot.bet","D15","ONAQ","ONAQ_030","2015-08-25","2015-09-08","2017-01-15","NEON.BET.D15.000293","CYMARI","Animalia","Arthropoda","Insecta","Coleoptera","Carabidae","Harpalinae","Lebiini","Cymindis","Cymindis","arizonensis",,"Cymindis arizonensis","Schaeffer","species",,"F",,"Lindroth, C. H. 1969. The ground-beetles (Carabidae, excl. Cicindelinae) of Canada and Alaska, parts 1-6. Opuscula E. Entomoligiska Sallskapet.","Kipling Will","Essig Museum of Entomology",,"No known compromise","N",,
"b2c90c53-bfbe-47e4-988c-b173002806f7","ONAQ_030.basePlot.bet","D15","ONAQ","ONAQ_030","2015-08-25","2015-09-08","2017-01-15","NEON.BET.D15.000292","CYMARI","Animalia","Arthropoda","Insecta","Coleoptera","Carabidae","Harpalinae","Lebiini","Cymindis","Cymindis","arizonensis",,"Cymindis arizonensis","Schaeffer","species",,"F",,"Lindroth, C. H. 1969. The ground-beetles (Carabidae, excl. Cicindelinae) of Canada and Alaska, parts 1-6. Opuscula E. Entomoligiska Sallskapet.","Kipling Will","Essig Museum of Entomology",,"No known compromise","N",,
"05fb04f5-ec5b-45d6-a243-419db014c26d","ONAQ_030.basePlot.bet","D15","ONAQ","ONAQ_030","2015-08-25","2015-09-08","2017-01-15","NEON.BET.D15.000295","CYMARI","Animalia","Arthropoda","Insecta","Coleoptera","Carabidae","Harpalinae","Lebiini","Cymindis","Cymindis","arizonensis",,"Cymindis arizonensis","Schaeffer","species",,"F",,"Lindroth, C. H. 1969. The ground-beetles (Carabidae, excl. Cicindelinae) of Canada and Alaska, parts 1-6. Opuscula E. Entomoligiska Sallskapet.","Kipling Will","Essig Museum of Entomology",,"No known compromise","N",,
"c560da88-628e-4074-90e3-1510e2c9570f","ONAQ_073.basePlot.bet","D15","ONAQ","ONAQ_073","2015-08-25","2015-09-08","2017-01-15","NEON.BET.D15.000263","CYMARI","Animalia","Arthropoda","Insecta","Coleoptera","Carabidae","Harpalinae","Lebiini","Cymindis","Cymindis","arizonensis",,"Cymindis arizonensis","Schaeffer","species",,"F",,"Lindroth, C. H. 1969. The ground-beetles (Carabidae, excl. Cicindelinae) of Canada and Alaska, parts 1-6. Opuscula E. Entomoligiska Sallskapet.","Kipling Will","Essig Museum of Entomology",,"No known compromise","N",,
"e94740e1-c605-456c-a2ac-456707d6739e","ONAQ_030.basePlot.bet","D15","ONAQ","ONAQ_030","2015-08-25","2015-09-08","2017-01-15","NEON.BET.D15.000290","CYMARI","Animalia","Arthropoda","Insecta","Coleoptera","Carabidae","Harpalinae","Lebiini","Cymindis","Cymindis","arizonensis",,"Cymindis arizonensis","Schaeffer","species",,"F",,"Lindroth, C. H. 1969. The ground-beetles (Carabidae, excl. Cicindelinae) of Canada and Alaska, parts 1-6. Opuscula E. Entomoligiska Sallskapet.","Kipling Will","Essig Museum of Entomology",,"No known compromise","N",,
"a0da2419-3c43-465d-80c3-36ee0f038203","ONAQ_073.basePlot.bet","D15","ONAQ","ONAQ_073","2015-08-25","2015-09-08","2017-01-15","NEON.BET.D15.000264","CYMARI","Animalia","Arthropoda","Insecta","Coleoptera","Carabidae","Harpalinae","Lebiini","Cymindis","Cymindis","arizonensis",,"Cymindis arizonensis","Schaeffer","species",,"F",,"Lindroth, C. H. 1969. The ground-beetles (Carabidae, excl. Cicindelinae) of Canada and Alaska, parts 1-6. Opuscula E. Entomoligiska Sallskapet.","Kipling Will","Essig Museum of Entomology",,"No known compromise","N",,
"747f20fc-6884-4b05-9300-49a20cdac709","ONAQ_073.basePlot.bet","D15","ONAQ","ONAQ_073","2015-08-25","2015-09-08","2017-01-15","NEON.BET.D15.000265","CYMARI","Animalia","Arthropoda","Insecta","Coleoptera","Carabidae","Harpalinae","Lebiini","Cymindis","Cymindis","arizonensis",,"Cymindis arizonensis","Schaeffer","species",,"F",,"Lindroth, C. H. 1969. The ground-beetles (Carabidae, excl. Cicindelinae) of Canada and Alaska, parts 1-6. Opuscula E. Entomoligiska Sallskapet.","Kipling Will","Essig Museum of Entomology",,"No known compromise","N",,
"2831d96d-1141-4b7b-a238-997c242af778","ONAQ_073.basePlot.bet","D15","ONAQ","ONAQ_073","2015-08-25","2015-09-08","2017-01-15","NEON.BET.D15.000266","CYMARI","Animalia","Arthropoda","Insecta","Coleoptera","Carabidae","Harpalinae","Lebiini","Cymindis","Cymindis","arizonensis",,"Cymindis arizonensis","Schaeffer","species",,"F",,"Lindroth, C. H. 1969. The ground-beetles (Carabidae, excl. Cicindelinae) of Canada and Alaska, parts 1-6. Opuscula E. Entomoligiska Sallskapet.","Kipling Will","Essig Museum of Entomology",,"No known compromise","N",,
"21a3eb42-1e67-4ed2-8e0c-3dfccdc06006","ONAQ_073.basePlot.bet","D15","ONAQ","ONAQ_073","2015-08-25","2015-09-08","2017-01-15","NEON.BET.D15.000267","CYMARI","Animalia","Arthropoda","Insecta","Coleoptera","Carabidae","Harpalinae","Lebiini","Cymindis","Cymindis","arizonensis",,"Cymindis arizonensis","Schaeffer","species",,"F",,"Lindroth, C. H. 1969. The ground-beetles (Carabidae, excl. Cicindelinae) of Canada and Alaska, parts 1-6. Opuscula E. Entomoligiska Sallskapet.","Kipling Will","Essig Museum of Entomology",,"No known compromise","N",,
"54af7a6d-9a6c-4c18-8e8c-ea6d87f235df","ONAQ_073.basePlot.bet","D15","ONAQ","ONAQ_073","2015-08-25","2015-09-08","2017-01-15","NEON.BET.D15.000261","CYMARI","Animalia","Arthropoda","Insecta","Coleoptera","Carabidae","Harpalinae","Lebiini","Cymindis","Cymindis","arizonensis",,"Cymindis arizonensis","Schaeffer","species",,"M",,"Lindroth, C. H. 1969. The ground-beetles (Carabidae, excl. Cicindelinae) of Canada and Alaska, parts 1-6. Opuscula E. Entomoligiska Sallskapet.","Kipling Will","Essig Museum of Entomology",,"No known compromise","N",,
"5563d6d1-a2f8-46f2-b1cc-6e45630dd8e7","ONAQ_073.basePlot.bet","D15","ONAQ","ONAQ_073","2015-08-25","2015-09-08","2017-01-15","NEON.BET.D15.000259","CYMARI","Animalia","Arthropoda","Insecta","Coleoptera","Carabidae","Harpalinae","Lebiini","Cymindis","Cymindis","arizonensis",,"Cymindis arizonensis","Schaeffer","species",,"F",,"Lindroth, C. H. 1969. The ground-beetles (Carabidae, excl. Cicindelinae) of Canada and Alaska, parts 1-6. Opuscula E. Entomoligiska Sallskapet.","Kipling Will","Essig Museum of Entomology",,"No known compromise","N",,
"8e01cfac-1baf-49f0-90cd-fceb9f2e97fe","ONAQ_073.basePlot.bet","D15","ONAQ","ONAQ_073","2015-08-25","2015-09-08","2017-01-15","NEON.BET.D15.000260","CYMARI","Animalia","Arthropoda","Insecta","Coleoptera","Carabidae","Harpalinae","Lebiini","Cymindis","Cymindis","arizonensis",,"Cymindis arizonensis","Schaeffer","species",,"M",,"Lindroth, C. H. 1969. The ground-beetles (Carabidae, excl. Cicindelinae) of Canada and Alaska, parts 1-6. Opuscula E. Entomoligiska Sallskapet.","Kipling Will","Essig Museum of Entomology",,"No known compromise","N",,
"63ce60db-1653-47dd-820d-f40c482fd3a4","ONAQ_073.basePlot.bet","D15","ONAQ","ONAQ_073","2015-08-25","2015-09-08","2017-01-15","NEON.BET.D15.000262","CYMARI","Animalia","Arthropoda","Insecta","Coleoptera","Carabidae","Harpalinae","Lebiini","Cymindis","Cymindis","arizonensis",,"Cymindis arizonensis","Schaeffer","species",,"F",,"Lindroth, C. H. 1969. The ground-beetles (Carabidae, excl. Cicindelinae) of Canada and Alaska, parts 1-6. Opuscula E. Entomoligiska Sallskapet.","Kipling Will","Essig Museum of Entomology",,"No known compromise","N",,
"d97e3de1-5f9c-49e0-8fd7-174d7a09265e","ONAQ_030.basePlot.bet","D15","ONAQ","ONAQ_030","2015-08-25","2015-09-08","2017-01-15","NEON.BET.D15.000299","CYMARI","Animalia","Arthropoda","Insecta","Coleoptera","Carabidae","Harpalinae","Lebiini","Cymindis","Cymindis","arizonensis",,"Cymindis arizonensis","Schaeffer","species",,"M",,"Lindroth, C. H. 1969. The ground-beetles (Carabidae, excl. Cicindelinae) of Canada and Alaska, parts 1-6. Opuscula E. Entomoligiska Sallskapet.","Kipling Will","Essig Museum of Entomology",,"No known compromise","N",,
"5e3d78ac-e890-437f-94b7-4aac42a9f5b4","ONAQ_030.basePlot.bet","D15","ONAQ","ONAQ_030","2015-08-25","2015-09-08","2017-01-15","NEON.BET.D15.000298","CYMARI","Animalia","Arthropoda","Insecta","Coleoptera","Carabidae","Harpalinae","Lebiini","Cymindis","Cymindis","arizonensis",,"Cymindis arizonensis","Schaeffer","species",,"F",,"Lindroth, C. H. 1969. The ground-beetles (Carabidae, excl. Cicindelinae) of Canada and Alaska, parts 1-6. Opuscula E. Entomoligiska Sallskapet.","Kipling Will","Essig Museum of Entomology",,"No known compromise","N",,
"2e383186-cbbb-49cf-ad3e-f4c28c5cbff4","ONAQ_030.basePlot.bet","D15","ONAQ","ONAQ_030","2015-08-25","2015-09-08","2017-01-15","NEON.BET.D15.000300","CYMARI","Animalia","Arthropoda","Insecta","Coleoptera","Carabidae","Harpalinae","Lebiini","Cymindis","Cymindis","arizonensis",,"Cymindis arizonensis","Schaeffer","species",,"F",,"Lindroth, C. H. 1969. The ground-beetles (Carabidae, excl. Cicindelinae) of Canada and Alaska, parts 1-6. Opuscula E. Entomoligiska Sallskapet.","Kipling Will","Essig Museum of Entomology",,"No known compromise","N",,
"f4a26bdb-3d23-4287-bf76-1af3b425a48b","ONAQ_004.basePlot.bet","D15","ONAQ","ONAQ_004","2015-08-25","2015-09-08","2017-01-15","NEON.BET.D15.000301","AMAQUE","Animalia","Arthropoda","Insecta","Coleoptera","Carabidae","Harpalinae","Zabrini","Amara","Paracelia","quenseli","quenseli","Amara quenseli quenseli","Schonherr","subspecies",,"F",,"Lindroth, C. H. 1969. The ground-beetles (Carabidae, excl. Cicindelinae) of Canada and Alaska, parts 1-6. Opuscula E. Entomoligiska Sallskapet.","Kipling Will","Essig Museum of Entomology",,"No known compromise","N",,
"8d64e34b-20b3-4ed2-9335-931f6a5def84","ONAQ_002.basePlot.bet","D15","ONAQ","ONAQ_002","2015-08-25","2015-09-08","2017-01-15","NEON.BET.D15.000257","CYMARI","Animalia","Arthropoda","Insecta","Coleoptera","Carabidae","Harpalinae","Lebiini","Cymindis","Cymindis","arizonensis",,"Cymindis arizonensis","Schaeffer","species",,"F",,"Lindroth, C. H. 1969. The ground-beetles (Carabidae, excl. Cicindelinae) of Canada and Alaska, parts 1-6. Opuscula E. Entomoligiska Sallskapet.","Kipling Will","Essig Museum of Entomology",,"No known compromise","N",,
"6b99a262-1c36-4b67-8437-c380dcb777d4","ONAQ_073.basePlot.bet","D15","ONAQ","ONAQ_073","2015-09-08","2015-09-22","2017-01-15","NEON.BET.D15.000322","CYMARI","Animalia","Arthropoda","Insecta","Coleoptera","Carabidae","Harpalinae","Lebiini","Cymindis","Cymindis","arizonensis",,"Cymindis arizonensis","Schaeffer","species",,"F",,"Lindroth, C. H. 1969. The ground-beetles (Carabidae, excl. Cicindelinae) of Canada and Alaska, parts 1-6. Opuscula E. Entomoligiska Sallskapet.","Kipling Will","Essig Museum of Entomology",,"No known compromise","N",,
"d50113f5-cf1d-4f52-8c44-62d5728345f8","ONAQ_030.basePlot.bet","D15","ONAQ","ONAQ_030","2015-09-08","2015-09-22","2017-01-15","NEON.BET.D15.000316","CYMARI","Animalia","Arthropoda","Insecta","Coleoptera","Carabidae","Harpalinae","Lebiini","Cymindis","Cymindis","arizonensis",,"Cymindis arizonensis","Schaeffer","species",,"F",,"Lindroth, C. H. 1969. The ground-beetles (Carabidae, excl. Cicindelinae) of Canada and Alaska, parts 1-6. Opuscula E. Entomoligiska Sallskapet.","Kipling Will","Essig Museum of Entomology",,"No known compromise","N",,
"5c339e56-9065-443c-a9c0-da89c2dc80bb","ONAQ_030.basePlot.bet","D15","ONAQ","ONAQ_030","2015-09-08","2015-09-22","2017-01-15","NEON.BET.D15.000317","CYMARI","Animalia","Arthropoda","Insecta","Coleoptera","Carabidae","Harpalinae","Lebiini","Cymindis","Cymindis","arizonensis",,"Cymindis arizonensis","Schaeffer","species",,"M",,"Lindroth, C. H. 1969. The ground-beetles (Carabidae, excl. Cicindelinae) of Canada and Alaska, parts 1-6. Opuscula E. Entomoligiska Sallskapet.","Kipling Will","Essig Museum of Entomology",,"No known compromise","N",,
"ed9dad24-e5c9-4068-bd87-c33058c75ef5","ONAQ_030.basePlot.bet","D15","ONAQ","ONAQ_030","2015-09-08","2015-09-22","2017-01-15","NEON.BET.D15.000313","CYMARI","Animalia","Arthropoda","Insecta","Coleoptera","Carabidae","Harpalinae","Lebiini","Cymindis","Cymindis","arizonensis",,"Cymindis arizonensis","Schaeffer","species",,"M",,"Lindroth, C. H. 1969. The ground-beetles (Carabidae, excl. Cicindelinae) of Canada and Alaska, parts 1-6. Opuscula E. Entomoligiska Sallskapet.","Kipling Will","Essig Museum of Entomology",,"No known compromise","N",,
"99a1716a-f91e-4f62-967a-99f19f3f0c52","ONAQ_030.basePlot.bet","D15","ONAQ","ONAQ_030","2015-09-08","2015-09-22","2017-01-15","NEON.BET.D15.000311","CYMARI","Animalia","Arthropoda","Insecta","Coleoptera","Carabidae","Harpalinae","Lebiini","Cymindis","Cymindis","arizonensis",,"Cymindis arizonensis","Schaeffer","species",,"M",,"Lindroth, C. H. 1969. The ground-beetles (Carabidae, excl. Cicindelinae) of Canada and Alaska, parts 1-6. Opuscula E. Entomoligiska Sallskapet.","Kipling Will","Essig Museum of Entomology",,"No known compromise","N",,
"0ad190b6-9c57-4054-80c6-c906a72305b4","ONAQ_030.basePlot.bet","D15","ONAQ","ONAQ_030","2015-09-08","2015-09-22","2017-01-15","NEON.BET.D15.000318","CYMARI","Animalia","Arthropoda","Insecta","Coleoptera","Carabidae","Harpalinae","Lebiini","Cymindis","Cymindis","arizonensis",,"Cymindis arizonensis","Schaeffer","species",,"M",,"Lindroth, C. H. 1969. The ground-beetles (Carabidae, excl. Cicindelinae) of Canada and Alaska, parts 1-6. Opuscula E. Entomoligiska Sallskapet.","Kipling Will","Essig Museum of Entomology",,"No known compromise","N",,
"68e957fd-cc63-4a28-91fa-bb83c73675b0","ONAQ_030.basePlot.bet","D15","ONAQ","ONAQ_030","2015-09-08","2015-09-22","2017-01-15","NEON.BET.D15.000315","CYMARI","Animalia","Arthropoda","Insecta","Coleoptera","Carabidae","Harpalinae","Lebiini","Cymindis","Cymindis","arizonensis",,"Cymindis arizonensis","Schaeffer","species",,"F",,"Lindroth, C. H. 1969. The ground-beetles (Carabidae, excl. Cicindelinae) of Canada and Alaska, parts 1-6. Opuscula E. Entomoligiska Sallskapet.","Kipling Will","Essig Museum of Entomology",,"No known compromise","N",,
"954e996b-996f-437c-855f-ca60599aa380","ONAQ_030.basePlot.bet","D15","ONAQ","ONAQ_030","2015-09-08","2015-09-22","2017-01-15","NEON.BET.D15.000314","CYMARI","Animalia","Arthropoda","Insecta","Coleoptera","Carabidae","Harpalinae","Lebiini","Cymindis","Cymindis","arizonensis",,"Cymindis arizonensis","Schaeffer","species",,"F",,"Lindroth, C. H. 1969. The ground-beetles (Carabidae, excl. Cicindelinae) of Canada and Alaska, parts 1-6. Opuscula E. Entomoligiska Sallskapet.","Kipling Will","Essig Museum of Entomology",,"No known compromise","N",,
"e72cd0f3-70be-4292-8c1b-66986750e84e","ONAQ_030.basePlot.bet","D15","ONAQ","ONAQ_030","2015-09-08","2015-09-22","2017-01-15","NEON.BET.D15.000312","CYMARI","Animalia","Arthropoda","Insecta","Coleoptera","Carabidae","Harpalinae","Lebiini","Cymindis","Cymindis","arizonensis",,"Cymindis arizonensis","Schaeffer","species",,"F",,"Lindroth, C. H. 1969. The ground-beetles (Carabidae, excl. Cicindelinae) of Canada and Alaska, parts 1-6. Opuscula E. Entomoligiska Sallskapet.","Kipling Will","Essig Museum of Entomology",,"No known compromise","N",,
"63ad4012-fd09-4100-98bf-4a2d09fa0ea8","ONAQ_009.basePlot.bet","D15","ONAQ","ONAQ_009","2015-09-08","2015-09-22","2017-01-15","NEON.BET.D15.000336","RHASP","Animalia","Arthropoda","Insecta","Coleoptera","Carabidae","Harpalinae","Platynini","Rhadine",,"sp.",,"Rhadine sp.","LeConte","genus",,"F","TKW.2017.MorphA","Arnett Jr., R. H., and M. C. Thomas. 2001. American Beetles Archosemata, Myxophaga, Adephaga, Polyphaga: Staphyliniformia. 1st Vol. (C. Press, Ed.). 1st Ed. Boca Raton, FL.","Kipling Will","Essig Museum of Entomology",,"No known compromise","N",,
"679eb456-acff-4d33-9f0f-42bf1ce72582","ONAQ_009.basePlot.bet","D15","ONAQ","ONAQ_009","2015-09-08","2015-09-22","2017-01-15","NEON.BET.D15.000332","CYMARI","Animalia","Arthropoda","Insecta","Coleoptera","Carabidae","Harpalinae","Lebiini","Cymindis","Cymindis","arizonensis",,"Cymindis arizonensis","Schaeffer","species",,"F",,"Lindroth, C. H. 1969. The ground-beetles (Carabidae, excl. Cicindelinae) of Canada and Alaska, parts 1-6. Opuscula E. Entomoligiska Sallskapet.","Kipling Will","Essig Museum of Entomology",,"No known compromise","N",,
"7aee554c-ca64-4cfa-aa8c-a063b6b38aad","ONAQ_009.basePlot.bet","D15","ONAQ","ONAQ_009","2015-09-08","2015-09-22","2017-01-15","NEON.BET.D15.000337","RHASP","Animalia","Arthropoda","Insecta","Coleoptera","Carabidae","Harpalinae","Platynini","Rhadine",,"sp.",,"Rhadine sp.","LeConte","genus",,"F","TKW.2017.MorphA","Arnett Jr., R. H., and M. C. Thomas. 2001. American Beetles Archosemata, Myxophaga, Adephaga, Polyphaga: Staphyliniformia. 1st Vol. (C. Press, Ed.). 1st Ed. Boca Raton, FL.","Kipling Will","Essig Museum of Entomology",,"No known compromise","N",,
"560471ab-1267-4e5a-9c36-026a2d4a751c","ONAQ_009.basePlot.bet","D15","ONAQ","ONAQ_009","2015-09-08","2015-09-22","2017-01-15","NEON.BET.D15.000331","CYMARI","Animalia","Arthropoda","Insecta","Coleoptera","Carabidae","Harpalinae","Lebiini","Cymindis","Cymindis","arizonensis",,"Cymindis arizonensis","Schaeffer","species",,"F",,"Lindroth, C. H. 1969. The ground-beetles (Carabidae, excl. Cicindelinae) of Canada and Alaska, parts 1-6. Opuscula E. Entomoligiska Sallskapet.","Kipling Will","Essig Museum of Entomology",,"No known compromise","N",,
"4417ee77-2968-4b1c-9628-04f7ffdffd6f","ONAQ_009.basePlot.bet","D15","ONAQ","ONAQ_009","2015-09-08","2015-09-22","2017-01-15","NEON.BET.D15.000334","CYMARI","Animalia","Arthropoda","Insecta","Coleoptera","Carabidae","Harpalinae","Lebiini","Cymindis","Cymindis","arizonensis",,"Cymindis arizonensis","Schaeffer","species",,"F",,"Lindroth, C. H. 1969. The ground-beetles (Carabidae, excl. Cicindelinae) of Canada and Alaska, parts 1-6. Opuscula E. Entomoligiska Sallskapet.","Kipling Will","Essig Museum of Entomology",,"No known compromise","N",,
"9d056c3f-c261-4534-ad34-6faa8e5187ca","ONAQ_009.basePlot.bet","D15","ONAQ","ONAQ_009","2015-09-08","2015-09-22","2017-01-15","NEON.BET.D15.000338","AMACON2","Animalia","Arthropoda","Insecta","Coleoptera","Carabidae","Harpalinae","Zabrini","Amara","Amara","confusa",,"Amara confusa","LeConte","species",,"F",,"Lindroth, C. H. 1969. The ground-beetles (Carabidae, excl. Cicindelinae) of Canada and Alaska, parts 1-6. Opuscula E. Entomoligiska Sallskapet.","Kipling Will","Essig Museum of Entomology",,"No known compromise","N",,
"c5ca39b1-0156-466d-844f-47078a4363b6","ONAQ_009.basePlot.bet","D15","ONAQ","ONAQ_009","2015-09-08","2015-09-22","2017-01-15","NEON.BET.D15.000333","AMAQUE","Animalia","Arthropoda","Insecta","Coleoptera","Carabidae","Harpalinae","Zabrini","Amara","Paracelia","quenseli","quenseli","Amara quenseli quenseli","Schonherr","subspecies",,"F",,"Lindroth, C. H. 1969. The ground-beetles (Carabidae, excl. Cicindelinae) of Canada and Alaska, parts 1-6. Opuscula E. Entomoligiska Sallskapet.","Kipling Will","Essig Museum of Entomology",,"No known compromise","N",,
"48176013-b083-407c-b96c-9bad29df73fe","ONAQ_004.basePlot.bet","D15","ONAQ","ONAQ_004","2015-09-08","2015-09-22","2017-01-15","NEON.BET.D15.000319","CYMARI","Animalia","Arthropoda","Insecta","Coleoptera","Carabidae","Harpalinae","Lebiini","Cymindis","Cymindis","arizonensis",,"Cymindis arizonensis","Schaeffer","species",,"F",,"Lindroth, C. H. 1969. The ground-beetles (Carabidae, excl. Cicindelinae) of Canada and Alaska, parts 1-6. Opuscula E. Entomoligiska Sallskapet.","Kipling Will","Essig Museum of Entomology",,"No known compromise","N",,
"cde8d584-6d27-403c-b851-194c7687889b","ONAQ_009.basePlot.bet","D15","ONAQ","ONAQ_009","2015-09-08","2015-09-22","2017-01-15","NEON.BET.D15.000335","CYMARI","Animalia","Arthropoda","Insecta","Coleoptera","Carabidae","Harpalinae","Lebiini","Cymindis","Cymindis","arizonensis",,"Cymindis arizonensis","Schaeffer","species",,"F",,"Lindroth, C. H. 1969. The ground-beetles (Carabidae, excl. Cicindelinae) of Canada and Alaska, parts 1-6. Opuscula E. Entomoligiska Sallskapet.","Kipling Will","Essig Museum of Entomology",,"No known compromise","N",,
"67aa026a-3f6f-4e9b-b4e8-18a445eb4437","ONAQ_004.basePlot.bet","D15","ONAQ","ONAQ_004","2015-09-08","2015-09-22","2017-01-15","NEON.BET.D15.000321","AMAQUE","Animalia","Arthropoda","Insecta","Coleoptera","Carabidae","Harpalinae","Zabrini","Amara","Paracelia","quenseli","quenseli","Amara quenseli quenseli","Schonherr","subspecies",,"F",,"Lindroth, C. H. 1969. The ground-beetles (Carabidae, excl. Cicindelinae) of Canada and Alaska, parts 1-6. Opuscula E. Entomoligiska Sallskapet.","Kipling Will","Essig Museum of Entomology",,"No known compromise","N",,
"43b1e32c-bd48-431c-aa77-3a18e51ace4c","ONAQ_004.basePlot.bet","D15","ONAQ","ONAQ_004","2015-09-08","2015-09-22","2017-01-15","NEON.BET.D15.000320","AMAQUE","Animalia","Arthropoda","Insecta","Coleoptera","Carabidae","Harpalinae","Zabrini","Amara","Paracelia","quenseli","quenseli","Amara quenseli quenseli","Schonherr","subspecies",,"F",,"Lindroth, C. H. 1969. The ground-beetles (Carabidae, excl. Cicindelinae) of Canada and Alaska, parts 1-6. Opuscula E. Entomoligiska Sallskapet.","Kipling Will","Essig Museum of Entomology",,"No known compromise","N",,
"da45afd8-1a2d-41a4-b29f-4576f273f8fd","ONAQ_002.basePlot.bet","D15","ONAQ","ONAQ_002","2015-09-08","2015-09-22","2017-01-15","NEON.BET.D15.000343","CYMARI","Animalia","Arthropoda","Insecta","Coleoptera","Carabidae","Harpalinae","Lebiini","Cymindis","Cymindis","arizonensis",,"Cymindis arizonensis","Schaeffer","species",,"F",,"Lindroth, C. H. 1969. The ground-beetles (Carabidae, excl. Cicindelinae) of Canada and Alaska, parts 1-6. Opuscula E. Entomoligiska Sallskapet.","Kipling Will","Essig Museum of Entomology",,"No known compromise","N",,
"dd53e189-218c-4142-8cda-777b9787743c","ONAQ_002.basePlot.bet","D15","ONAQ","ONAQ_002","2015-09-08","2015-09-22","2017-01-15","NEON.BET.D15.000346","AMAQUE","Animalia","Arthropoda","Insecta","Coleoptera","Carabidae","Harpalinae","Zabrini","Amara","Paracelia","quenseli","quenseli","Amara quenseli quenseli","Schonherr","subspecies",,"F",,"Lindroth, C. H. 1969. The ground-beetles (Carabidae, excl. Cicindelinae) of Canada and Alaska, parts 1-6. Opuscula E. Entomoligiska Sallskapet.","Kipling Will","Essig Museum of Entomology",,"No known compromise","N",,
"68822254-b5a2-455e-adda-c3090841a92a","ONAQ_002.basePlot.bet","D15","ONAQ","ONAQ_002","2015-09-08","2015-09-22","2017-01-15","NEON.BET.D15.000344","AMAQUE","Animalia","Arthropoda","Insecta","Coleoptera","Carabidae","Harpalinae","Zabrini","Amara","Paracelia","quenseli","quenseli","Amara quenseli quenseli","Schonherr","subspecies",,"F",,"Lindroth, C. H. 1969. The ground-beetles (Carabidae, excl. Cicindelinae) of Canada and Alaska, parts 1-6. Opuscula E. Entomoligiska Sallskapet.","Kipling Will","Essig Museum of Entomology",,"No known compromise","N",,
"51891118-5296-4c73-9b75-80bfd9d61c0e","ONAQ_002.basePlot.bet","D15","ONAQ","ONAQ_002","2015-09-08","2015-09-22","2017-01-15","NEON.BET.D15.000347","CYMARI","Animalia","Arthropoda","Insecta","Coleoptera","Carabidae","Harpalinae","Lebiini","Cymindis","Cymindis","arizonensis",,"Cymindis arizonensis","Schaeffer","species",,"F",,"Lindroth, C. H. 1969. The ground-beetles (Carabidae, excl. Cicindelinae) of Canada and Alaska, parts 1-6. Opuscula E. Entomoligiska Sallskapet.","Kipling Will","Essig Museum of Entomology",,"No known compromise","N",,
"5c2860a1-c5c1-4b27-8c02-97173ccef9f1","ONAQ_002.basePlot.bet","D15","ONAQ","ONAQ_002","2015-09-08","2015-09-22","2017-01-15","NEON.BET.D15.000345","HARELL","Animalia","Arthropoda","Insecta","Coleoptera","Carabidae","Harpalinae","Harpalini","Harpalus","Harpalus","ellipsis",,"Harpalus ellipsis","LeConte","species",,"M",,"Noonan, G. R. 1991. Classification, Cladistics, and Natural History of Native North American Harpalus Latreille (Insecta: Coleoptera: Carabidae: Harpalini), excluding subgenera Glanodes and Pseudophonus.","Kipling Will","Essig Museum of Entomology",,"No known compromise","N",,
"c8a1dab2-41a9-47fa-876d-8c91a9f5bced","ONAQ_023.basePlot.bet","D15","ONAQ","ONAQ_023","2015-09-08","2015-09-22","2017-01-15","NEON.BET.D15.000340","CYMARI","Animalia","Arthropoda","Insecta","Coleoptera","Carabidae","Harpalinae","Lebiini","Cymindis","Cymindis","arizonensis",,"Cymindis arizonensis","Schaeffer","species",,"F",,"Lindroth, C. H. 1969. The ground-beetles (Carabidae, excl. Cicindelinae) of Canada and Alaska, parts 1-6. Opuscula E. Entomoligiska Sallskapet.","Kipling Will","Essig Museum of Entomology",,"No known compromise","N",,
"bdf9c8aa-928d-4a4a-ad09-cebeac0ffd12","ONAQ_023.basePlot.bet","D15","ONAQ","ONAQ_023","2015-09-08","2015-09-22","2017-01-15","NEON.BET.D15.000341","CYMARI","Animalia","Arthropoda","Insecta","Coleoptera","Carabidae","Harpalinae","Lebiini","Cymindis","Cymindis","arizonensis",,"Cymindis arizonensis","Schaeffer","species",,"F",,"Lindroth, C. H. 1969. The ground-beetles (Carabidae, excl. Cicindelinae) of Canada and Alaska, parts 1-6. Opuscula E. Entomoligiska Sallskapet.","Kipling Will","Essig Museum of Entomology",,"No known compromise","N",,
"672b3226-d4d4-4215-aca9-16f62ef46199","ONAQ_023.basePlot.bet","D15","ONAQ","ONAQ_023","2015-09-08","2015-09-22","2017-01-15","NEON.BET.D15.000342","CYMARI","Animalia","Arthropoda","Insecta","Coleoptera","Carabidae","Harpalinae","Lebiini","Cymindis","Cymindis","arizonensis",,"Cymindis arizonensis","Schaeffer","species",,"F",,"Lindroth, C. H. 1969. The ground-beetles (Carabidae, excl. Cicindelinae) of Canada and Alaska, parts 1-6. Opuscula E. Entomoligiska Sallskapet.","Kipling Will","Essig Museum of Entomology",,"No known compromise","N",,
"4afd606f-f93d-435c-9aa7-12e6728de97e","ONAQ_023.basePlot.bet","D15","ONAQ","ONAQ_023","2015-09-08","2015-09-22","2017-01-15","NEON.BET.D15.000339","CYMARI","Animalia","Arthropoda","Insecta","Coleoptera","Carabidae","Harpalinae","Lebiini","Cymindis","Cymindis","arizonensis",,"Cymindis arizonensis","Schaeffer","species",,"F",,"Lindroth, C. H. 1969. The ground-beetles (Carabidae, excl. Cicindelinae) of Canada and Alaska, parts 1-6. Opuscula E. Entomoligiska Sallskapet.","Kipling Will","Essig Museum of Entomology",,"No known compromise","N",,
"b80b46b2-447f-48e6-af0e-466234d0a32e","ONAQ_030.basePlot.bet","D15","ONAQ","ONAQ_030","2015-09-08","2015-09-22","2017-01-15","NEON.BET.D15.000291","CYMARI","Animalia","Arthropoda","Insecta","Coleoptera","Carabidae","Harpalinae","Lebiini","Cymindis","Cymindis","arizonensis",,"Cymindis arizonensis","Schaeffer","species",,"F",,"Lindroth, C. H. 1969. The ground-beetles (Carabidae, excl. Cicindelinae) of Canada and Alaska, parts 1-6. Opuscula E. Entomoligiska Sallskapet.","Kipling Will","Essig Museum of Entomology",,"No known compromise","N",,
"1a09cbcb-9ae3-4b4a-aaec-3359a0041936","ONAQ_030.basePlot.bet","D15","ONAQ","ONAQ_030","2015-09-08","2015-09-22","2017-01-15","NEON.BET.D15.000302","CARTAE2","Animalia","Arthropoda","Insecta","Coleoptera","Carabidae","Carabinae","Carabini","Carabus","Tanaocarabus","taedatus","taedatus","Carabus taedatus taedatus","Fabricius","subspecies",,"M",,"Lindroth, C. H. 1969. The ground-beetles (Carabidae, excl. Cicindelinae) of Canada and Alaska, parts 1-6. Opuscula E. Entomoligiska Sallskapet.","Kipling Will","Essig Museum of Entomology",,"No known compromise","N",,
"2739179a-1c76-4724-be0b-a6e813102324","ONAQ_030.basePlot.bet","D15","ONAQ","ONAQ_030","2015-09-08","2015-09-22","2017-01-15","NEON.BET.D15.000310","CYMARI","Animalia","Arthropoda","Insecta","Coleoptera","Carabidae","Harpalinae","Lebiini","Cymindis","Cymindis","arizonensis",,"Cymindis arizonensis","Schaeffer","species",,"F",,"Lindroth, C. H. 1969. The ground-beetles (Carabidae, excl. Cicindelinae) of Canada and Alaska, parts 1-6. Opuscula E. Entomoligiska Sallskapet.","Kipling Will","Essig Museum of Entomology",,"No known compromise","N",,
"6552086a-e682-4dcf-928a-d937a3b6ab17","ONAQ_030.basePlot.bet","D15","ONAQ","ONAQ_030","2015-09-08","2015-09-22","2017-01-15","NEON.BET.D15.000306","CYMARI","Animalia","Arthropoda","Insecta","Coleoptera","Carabidae","Harpalinae","Lebiini","Cymindis","Cymindis","arizonensis",,"Cymindis arizonensis","Schaeffer","species",,"F",,"Lindroth, C. H. 1969. The ground-beetles (Carabidae, excl. Cicindelinae) of Canada and Alaska, parts 1-6. Opuscula E. Entomoligiska Sallskapet.","Kipling Will","Essig Museum of Entomology",,"No known compromise","N",,
"e7be4675-5c86-4d71-8d1a-5809ab54bf9a","ONAQ_030.basePlot.bet","D15","ONAQ","ONAQ_030","2015-09-08","2015-09-22","2017-01-15","NEON.BET.D15.000307","CYMARI","Animalia","Arthropoda","Insecta","Coleoptera","Carabidae","Harpalinae","Lebiini","Cymindis","Cymindis","arizonensis",,"Cymindis arizonensis","Schaeffer","species",,"M",,"Lindroth, C. H. 1969. The ground-beetles (Carabidae, excl. Cicindelinae) of Canada and Alaska, parts 1-6. Opuscula E. Entomoligiska Sallskapet.","Kipling Will","Essig Museum of Entomology",,"No known compromise","N",,
"b11e6a30-e095-47e2-bec6-584b3b9ff6b6","ONAQ_030.basePlot.bet","D15","ONAQ","ONAQ_030","2015-09-08","2015-09-22","2017-01-15","NEON.BET.D15.000303","CYMARI","Animalia","Arthropoda","Insecta","Coleoptera","Carabidae","Harpalinae","Lebiini","Cymindis","Cymindis","arizonensis",,"Cymindis arizonensis","Schaeffer","species",,"F",,"Lindroth, C. H. 1969. The ground-beetles (Carabidae, excl. Cicindelinae) of Canada and Alaska, parts 1-6. Opuscula E. Entomoligiska Sallskapet.","Kipling Will","Essig Museum of Entomology",,"No known compromise","N",,
"56cdc1e9-fc88-4896-b107-8049c5761063","ONAQ_030.basePlot.bet","D15","ONAQ","ONAQ_030","2015-09-08","2015-09-22","2017-01-15","NEON.BET.D15.000309","CYMARI","Animalia","Arthropoda","Insecta","Coleoptera","Carabidae","Harpalinae","Lebiini","Cymindis","Cymindis","arizonensis",,"Cymindis arizonensis","Schaeffer","species",,"M",,"Lindroth, C. H. 1969. The ground-beetles (Carabidae, excl. Cicindelinae) of Canada and Alaska, parts 1-6. Opuscula E. Entomoligiska Sallskapet.","Kipling Will","Essig Museum of Entomology",,"No known compromise","N",,
"1b9f434d-3c77-479e-841c-2e87d79467fc","ONAQ_030.basePlot.bet","D15","ONAQ","ONAQ_030","2015-09-08","2015-09-22","2017-01-15","NEON.BET.D15.000304","CYMARI","Animalia","Arthropoda","Insecta","Coleoptera","Carabidae","Harpalinae","Lebiini","Cymindis","Cymindis","arizonensis",,"Cymindis arizonensis","Schaeffer","species",,"F",,"Lindroth, C. H. 1969. The ground-beetles (Carabidae, excl. Cicindelinae) of Canada and Alaska, parts 1-6. Opuscula E. Entomoligiska Sallskapet.","Kipling Will","Essig Museum of Entomology",,"No known compromise","N",,
"dfdf3aa3-03e4-4a94-8437-e2c7dc8588b4","ONAQ_030.basePlot.bet","D15","ONAQ","ONAQ_030","2015-09-08","2015-09-22","2017-01-15","NEON.BET.D15.000305","CYMARI","Animalia","Arthropoda","Insecta","Coleoptera","Carabidae","Harpalinae","Lebiini","Cymindis","Cymindis","arizonensis",,"Cymindis arizonensis","Schaeffer","species",,"F",,"Lindroth, C. H. 1969. The ground-beetles (Carabidae, excl. Cicindelinae) of Canada and Alaska, parts 1-6. Opuscula E. Entomoligiska Sallskapet.","Kipling Will","Essig Museum of Entomology",,"No known compromise","N",,
"edc7c80f-9b1b-4f43-9d33-94f2adfb123b","ONAQ_030.basePlot.bet","D15","ONAQ","ONAQ_030","2015-09-08","2015-09-22","2017-01-15","NEON.BET.D15.000308","CYMARI","Animalia","Arthropoda","Insecta","Coleoptera","Carabidae","Harpalinae","Lebiini","Cymindis","Cymindis","arizonensis",,"Cymindis arizonensis","Schaeffer","species",,"M",,"Lindroth, C. H. 1969. The ground-beetles (Carabidae, excl. Cicindelinae) of Canada and Alaska, parts 1-6. Opuscula E. Entomoligiska Sallskapet.","Kipling Will","Essig Museum of Entomology",,"No known compromise","N",,
"05c11152-95d5-48af-81e5-19d1c4892729","ONAQ_073.basePlot.bet","D15","ONAQ","ONAQ_073","2015-09-08","2015-09-22","2017-01-15","NEON.BET.D15.000324","CYMARI","Animalia","Arthropoda","Insecta","Coleoptera","Carabidae","Harpalinae","Lebiini","Cymindis","Cymindis","arizonensis",,"Cymindis arizonensis","Schaeffer","species",,"F",,"Lindroth, C. H. 1969. The ground-beetles (Carabidae, excl. Cicindelinae) of Canada and Alaska, parts 1-6. Opuscula E. Entomoligiska Sallskapet.","Kipling Will","Essig Museum of Entomology",,"No known compromise","N",,
"659b73a5-f4a4-4d6f-b7e0-07d10bea47c5","ONAQ_073.basePlot.bet","D15","ONAQ","ONAQ_073","2015-09-08","2015-09-22","2017-01-15","NEON.BET.D15.000327","CYMARI","Animalia","Arthropoda","Insecta","Coleoptera","Carabidae","Harpalinae","Lebiini","Cymindis","Cymindis","arizonensis",,"Cymindis arizonensis","Schaeffer","species",,"F",,"Lindroth, C. H. 1969. The ground-beetles (Carabidae, excl. Cicindelinae) of Canada and Alaska, parts 1-6. Opuscula E. Entomoligiska Sallskapet.","Kipling Will","Essig Museum of Entomology",,"No known compromise","N",,
"35dfa435-f86b-4129-9109-f1f2218cabf0","ONAQ_073.basePlot.bet","D15","ONAQ","ONAQ_073","2015-09-08","2015-09-22","2017-01-15","NEON.BET.D15.000325","CYMARI","Animalia","Arthropoda","Insecta","Coleoptera","Carabidae","Harpalinae","Lebiini","Cymindis","Cymindis","arizonensis",,"Cymindis arizonensis","Schaeffer","species",,"F",,"Lindroth, C. H. 1969. The ground-beetles (Carabidae, excl. Cicindelinae) of Canada and Alaska, parts 1-6. Opuscula E. Entomoligiska Sallskapet.","Kipling Will","Essig Museum of Entomology",,"No known compromise","N",,
"a62f1421-3792-4b72-b0d7-cb22d8e39b06","ONAQ_073.basePlot.bet","D15","ONAQ","ONAQ_073","2015-09-08","2015-09-22","2017-01-15","NEON.BET.D15.000323","CYMARI","Animalia","Arthropoda","Insecta","Coleoptera","Carabidae","Harpalinae","Lebiini","Cymindis","Cymindis","arizonensis",,"Cymindis arizonensis","Schaeffer","species",,"M",,"Lindroth, C. H. 1969. The ground-beetles (Carabidae, excl. Cicindelinae) of Canada and Alaska, parts 1-6. Opuscula E. Entomoligiska Sallskapet.","Kipling Will","Essig Museum of Entomology",,"No known compromise","N",,
"9e85f68c-ef3e-4032-a0eb-6ea9c9466581","ONAQ_073.basePlot.bet","D15","ONAQ","ONAQ_073","2015-09-08","2015-09-22","2017-01-15","NEON.BET.D15.000330","CYMARI","Animalia","Arthropoda","Insecta","Coleoptera","Carabidae","Harpalinae","Lebiini","Cymindis","Cymindis","arizonensis",,"Cymindis arizonensis","Schaeffer","species",,"M",,"Lindroth, C. H. 1969. The ground-beetles (Carabidae, excl. Cicindelinae) of Canada and Alaska, parts 1-6. Opuscula E. Entomoligiska Sallskapet.","Kipling Will","Essig Museum of Entomology",,"No known compromise","N",,
"7df1809f-8017-4932-9ecd-fdb0326fda5e","ONAQ_073.basePlot.bet","D15","ONAQ","ONAQ_073","2015-09-08","2015-09-22","2017-01-15","NEON.BET.D15.000328","CYMARI","Animalia","Arthropoda","Insecta","Coleoptera","Carabidae","Harpalinae","Lebiini","Cymindis","Cymindis","arizonensis",,"Cymindis arizonensis","Schaeffer","species",,"F",,"Lindroth, C. H. 1969. The ground-beetles (Carabidae, excl. Cicindelinae) of Canada and Alaska, parts 1-6. Opuscula E. Entomoligiska Sallskapet.","Kipling Will","Essig Museum of Entomology",,"No known compromise","N",,
"9cef02d0-0c4c-4bc9-981d-11ca27550032","ONAQ_073.basePlot.bet","D15","ONAQ","ONAQ_073","2015-09-08","2015-09-22","2017-01-15","NEON.BET.D15.000329","CYMARI","Animalia","Arthropoda","Insecta","Coleoptera","Carabidae","Harpalinae","Lebiini","Cymindis","Cymindis","arizonensis",,"Cymindis arizonensis","Schaeffer","species",,"F",,"Lindroth, C. H. 1969. The ground-beetles (Carabidae, excl. Cicindelinae) of Canada and Alaska, parts 1-6. Opuscula E. Entomoligiska Sallskapet.","Kipling Will","Essig Museum of Entomology",,"No known compromise","N",,
