uid,namedLocation,domainID,siteID,plotID,trapID,setDate,collectDate,processingDate,etOHChangeDate,identifiedDate,sampleID,subsampleID,sampleType,taxonID,scientificName,taxonRank,identificationQualifier,scientificNameAuthorship,morphospeciesID,individualCount,identificationReferences,identifiedBy,recordedBy,remarks
"5faf4a99-3132-4f46-8ac0-fb2e01cb5046","ONAQ_016.basePlot.bet","D15","ONAQ","ONAQ_016","E","2015-08-25","2015-09-08","2015-09-09","2015-09-16","2015-10-22","ONAQ_016.E.20150908","IF7zHzIP4pwgeQQcUaHalvp6Y6096TT97nsMQOsVR6A=","carabid","CARSP14","Carabidae sp.","family",,"Latreille","D15.2015.MorphB",1,"Arnett Jr., R. H., and M. C. Thomas. 2001. American Beetles Archosemata, Myxophaga, Adephaga, Polyphaga: Staphyliniformia. 1st Vol. (C. Press, Ed.). 1st Ed. Boca Raton, FL.","/h2P7iNCFob6MrtXvZ/0KV0VExqkPzVY","/h2P7iNCFob6MrtXvZ/0KV0VExqkPzVY","Specimen pinned."
"5767c0d9-0a34-4d64-a5a3-9d8bf0798f1c","ONAQ_016.basePlot.bet","D15","ONAQ","ONAQ_016","E","2015-08-25","2015-09-08","2015-09-09","2015-09-17",,"ONAQ_016.E.20150908","IF7zHzIP4pwgeQQcUaHaltrLoUQ9QUAwJyLSpLrA5Ns=","invert bycatch",,,,,,,,,,"/h2P7iNCFob6MrtXvZ/0KV0VExqkPzVY",
"4b37598b-4448-49f5-8f5d-3fa349008669","ONAQ_030.basePlot.bet","D15","ONAQ","ONAQ_030","E","2015-08-25","2015-09-08","2015-09-09","2015-09-23",,"ONAQ_030.E.20150908","GRlDrOb+MmzqBib+8hGjM4DX7cR0Cwew1J9moiC0DYM=","invert bycatch",,,,,,,,,,"/h2P7iNCFob6MrtXvZ/0KV0VExqkPzVY",
"e859def3-275e-47ee-a874-5585bfd983d8","ONAQ_002.basePlot.bet","D15","ONAQ","ONAQ_002","E","2015-08-25","2015-09-08","2015-09-09","2015-09-16","2015-10-22","ONAQ_002.E.20150908","sFUsB1SyHEzSNgyjJOl31ms5L+DF3SaU38etpzm6joM=","carabid","CARSP14","Carabidae sp.","family",,"Latreille","D15.2015.MorphB",1,"Arnett Jr., R. H., and M. C. Thomas. 2001. American Beetles Archosemata, Myxophaga, Adephaga, Polyphaga: Staphyliniformia. 1st Vol. (C. Press, Ed.). 1st Ed. Boca Raton, FL.",,"wGVKqNu5xeXKCqkJVSQ93bpoR9cNPKGrbDACuKYLaxs=","Individual pinned."
"eda4af2e-1c8f-4bf4-bd9c-345506eec522","ONAQ_018.basePlot.bet","D15","ONAQ","ONAQ_018","E","2015-08-25","2015-09-08","2015-09-09","2015-09-16","2015-12-09","ONAQ_018.E.20150908","jRbGR65ctTWweMlvt6mBoMGhTPFuRlN8rw030XbpJ9o=","vert bycatch herp","SCELSP","Sceloporus sp.","genus",,,,1,"Jones, L. J. and R. Lovich. 2009. Lizards of the American Southwest. Rio Nuevo Publishers.","wsPgf8Zw9fJKymWy47Zkre6IykLRH3+g","wGVKqNu5xeXKCqkJVSQ93bpoR9cNPKGrbDACuKYLaxs=","Species identification confirmed by Dr. Jack W. Sites, Jr., Curator of Herpetology at Brigham Young University in Provo, UT. Specimen(s) transferred to the BYU on 12/9/2015 in accordance with our BLM collection permit."
"a392ca3a-32aa-4834-ae2c-3133fc304e84","ONAQ_018.basePlot.bet","D15","ONAQ","ONAQ_018","E","2015-08-25","2015-09-08","2015-09-09","2015-09-18",,"ONAQ_018.E.20150908","jRbGR65ctTWweMlvt6mBoEaL4k6mhd6roqp4mNF2KmM=","invert bycatch",,,,,,,,,,"/h2P7iNCFob6MrtXvZ/0KV0VExqkPzVY",
"e2cd4147-292f-4263-9163-c3e1434c8a5e","ONAQ_004.basePlot.bet","D15","ONAQ","ONAQ_004","E","2015-08-25","2015-09-08","2015-09-09","2015-09-24",,"ONAQ_004.E.20150908","oF4AZF7DP5k2TaupVk05Qdletkl/DsPq3h4jjtGhSTY=","invert bycatch",,,,,,,,,,"wGVKqNu5xeXKCqkJVSQ93bpoR9cNPKGrbDACuKYLaxs=",
"82cae50a-5ea2-46a9-87da-079133582a0e","ONAQ_009.basePlot.bet","D15","ONAQ","ONAQ_009","E","2015-08-25","2015-09-08","2015-09-09","2015-09-09",,"ONAQ_009.E.20150908","HS20H6sTX3Fb+EnmrjiBxfZ/qfso+eXabcrbp2cefPA=","invert bycatch",,,,,,,,,,"Ymvu50svVai947RgaYoGNGTwjbYtyuA7",
"df51d654-9f1b-45ae-acd4-ba60cea36749","ONAQ_005.basePlot.bet","D15","ONAQ","ONAQ_005","E","2015-08-25","2015-09-08","2015-09-09","2015-09-23",,"ONAQ_005.E.20150908","zbCBMrXz8WlkGuvJkZqad07TqMIdlRtQ0lP/Uk5frLw=","invert bycatch",,,,,,,,,,"wGVKqNu5xeXKCqkJVSQ93bpoR9cNPKGrbDACuKYLaxs=",
"c0c6d71a-0bd6-4671-a449-95dba6746829","ONAQ_023.basePlot.bet","D15","ONAQ","ONAQ_023","E","2015-08-25","2015-09-08","2015-09-09","2015-09-16",,"ONAQ_023.E.20150908","1+J2VA21AZzAzb5e68Hq+4Qn4vojFDry5VqMdp4Kemg=","invert bycatch",,,,,,,,,,"wGVKqNu5xeXKCqkJVSQ93bpoR9cNPKGrbDACuKYLaxs=",
"c09f0c54-b957-405a-9e57-b043efcb7282","ONAQ_002.basePlot.bet","D15","ONAQ","ONAQ_002","E","2015-08-25","2015-09-08","2015-09-09","2015-09-16",,"ONAQ_002.E.20150908","sFUsB1SyHEzSNgyjJOl31u8r4o6lo4l04FQG2FxtqrI=","invert bycatch",,,,,,,,,,"wGVKqNu5xeXKCqkJVSQ93bpoR9cNPKGrbDACuKYLaxs=",
"b1fced23-ff44-47c8-8560-d490596f4178","ONAQ_002.basePlot.bet","D15","ONAQ","ONAQ_002","E","2015-08-25","2015-09-08","2015-09-09","2015-09-16","2015-12-09","ONAQ_002.E.20150908","sFUsB1SyHEzSNgyjJOl31k/KXQDEIf12bQkwIteW1Fc=","vert bycatch herp","SCELSP","Sceloporus sp.","genus",,,,1,"Jones, L. J. and R. Lovich. 2009. Lizards of the American Southwest. Rio Nuevo Publishers.","wsPgf8Zw9fJKymWy47Zkre6IykLRH3+g","wGVKqNu5xeXKCqkJVSQ93bpoR9cNPKGrbDACuKYLaxs=","Species identification confirmed by Dr. Jack W. Sites, Jr., Curator of Herpetology at Brigham Young University in Provo, UT. Specimen(s) transferred to the BYU on 12/9/2015 in accordance with our BLM collection permit."
"f9c2ba41-f637-49a0-9854-af6da509f30e","ONAQ_016.basePlot.bet","D15","ONAQ","ONAQ_016","N","2015-08-25","2015-09-08","2015-09-09","2015-09-17","2015-10-22","ONAQ_016.N.20150908","IF7zHzIP4pyaSVBrVxcKxpFXGyrxROGmfs2Jtp7O22E=","carabid","CARSP14","Carabidae sp.","family",,"Latreille","D15.2015.MorphB",16,"Arnett Jr., R. H., and M. C. Thomas. 2001. American Beetles Archosemata, Myxophaga, Adephaga, Polyphaga: Staphyliniformia. 1st Vol. (C. Press, Ed.). 1st Ed. Boca Raton, FL.","/h2P7iNCFob6MrtXvZ/0KV0VExqkPzVY","/h2P7iNCFob6MrtXvZ/0KV0VExqkPzVY","All specimens."
"93784968-92c7-4e36-a17f-30130d061843","ONAQ_030.basePlot.bet","D15","ONAQ","ONAQ_030","N","2015-08-25","2015-09-08","2015-09-09","2015-09-16",,"ONAQ_030.N.20150908","GRlDrOb+MmzX/KapkcoKrR46vWHq37OIoR1N+Nx9+Mg=","invert bycatch",,,,,,,,,,"/h2P7iNCFob6MrtXvZ/0KV0VExqkPzVY",
"3cf7b890-9b1d-4ade-bf3f-0b694706189a","ONAQ_011.basePlot.bet","D15","ONAQ","ONAQ_011","N","2015-08-25","2015-09-08","2015-09-09","2015-09-24",,"ONAQ_011.N.20150908","ilvJi7uUt50ssoeLtULw17JwppqdueLwx3b1tQ1u9Tw=","invert bycatch",,,,,,,,,,"wGVKqNu5xeXKCqkJVSQ93bpoR9cNPKGrbDACuKYLaxs=",
"77251784-7e06-4928-9e68-a3a480d19d33","ONAQ_002.basePlot.bet","D15","ONAQ","ONAQ_002","N","2015-08-25","2015-09-08","2015-09-09","2015-09-16",,"ONAQ_002.N.20150908","sFUsB1SyHEx/8b9LlhCcb6IAv8fzoaK+nVtDxnGGSwM=","invert bycatch",,,,,,,,,,"wGVKqNu5xeXKCqkJVSQ93bpoR9cNPKGrbDACuKYLaxs=",
"b401fd8b-fdf7-4eac-b6c3-d0bc7138ffa1","ONAQ_018.basePlot.bet","D15","ONAQ","ONAQ_018","N","2015-08-25","2015-09-08","2015-09-09","2015-09-18",,"ONAQ_018.N.20150908","jRbGR65ctTXfOe64Vm215fogXuaRdvocTKERp/xN4g0=","invert bycatch",,,,,,,,,,"/h2P7iNCFob6MrtXvZ/0KV0VExqkPzVY",
"de741ee7-fb9c-4a18-9fcd-ca1e8d662aa5","ONAQ_004.basePlot.bet","D15","ONAQ","ONAQ_004","N","2015-08-25","2015-09-08","2015-09-09","2015-09-24","2015-12-04","ONAQ_004.N.20150908","oF4AZF7DP5l143pFXizQ6xBI/olFjGLKC7aabJOdceY=","carabid","CARSP14","Carabidae sp.","family",,"Latreille","D15.2015.MorphC",1,"Arnett Jr., R. H., and M. C. Thomas. 2001. American Beetles Archosemata, Myxophaga, Adephaga, Polyphaga: Staphyliniformia. 1st Vol. (C. Press, Ed.). 1st Ed. Boca Raton, FL.","/h2P7iNCFob6MrtXvZ/0KV0VExqkPzVY","wGVKqNu5xeXKCqkJVSQ93bpoR9cNPKGrbDACuKYLaxs=","Specimen pinned."
"52ef2418-80cf-4293-ab53-c898a95d90d7","ONAQ_016.basePlot.bet","D15","ONAQ","ONAQ_016","N","2015-08-25","2015-09-08","2015-09-09","2015-09-17",,"ONAQ_016.N.20150908","IF7zHzIP4pyaSVBrVxcKxtH1HIMzO9qQYJrO+yyXE/A=","invert bycatch",,,,,,,,,,"/h2P7iNCFob6MrtXvZ/0KV0VExqkPzVY",
"56bf2ae0-cfe5-4556-83e4-b71c6e73a062","ONAQ_005.basePlot.bet","D15","ONAQ","ONAQ_005","N","2015-08-25","2015-09-08","2015-09-09","2015-09-23",,"ONAQ_005.N.20150908","zbCBMrXz8WmJ2FOIRVaLglIw4x7wr1zU/phZVcOBm5w=","invert bycatch",,,,,,,,,,"wGVKqNu5xeXKCqkJVSQ93bpoR9cNPKGrbDACuKYLaxs=",
"889e7687-49f1-4ceb-bcf2-87eaf9850cc3","ONAQ_009.basePlot.bet","D15","ONAQ","ONAQ_009","N","2015-08-25","2015-09-08","2015-09-09","2015-09-09",,"ONAQ_009.N.20150908","HS20H6sTX3EC6kLM4YIK1UHT3SblYvkQe3Wh/S5ZsUQ=","invert bycatch",,,,,,,,,,"Ymvu50svVai947RgaYoGNGTwjbYtyuA7",
"f8bc43ab-9f4a-410d-8027-7292569f227f","ONAQ_004.basePlot.bet","D15","ONAQ","ONAQ_004","N","2015-08-25","2015-09-08","2015-09-09","2015-09-24",,"ONAQ_004.N.20150908","oF4AZF7DP5l143pFXizQ677f30VijD0BxzKPXGYSoPE=","invert bycatch",,,,,,,,,,"wGVKqNu5xeXKCqkJVSQ93bpoR9cNPKGrbDACuKYLaxs=",
"a86daa5a-25f5-4ede-b121-30b9c8d56b2e","ONAQ_073.basePlot.bet","D15","ONAQ","ONAQ_073","N","2015-08-25","2015-09-08","2015-09-09","2015-09-16","2015-12-09","ONAQ_073.N.20150908","k+c7ld7T6etnDXdsCbQ8cSblYCICtmA4cKoANCq5M2Y=","vert bycatch herp","SCELSP","Sceloporus sp.","genus",,,,1,"Jones, L. J. and R. Lovich. 2009. Lizards of the American Southwest. Rio Nuevo Publishers.","wsPgf8Zw9fJKymWy47Zkre6IykLRH3+g","wGVKqNu5xeXKCqkJVSQ93bpoR9cNPKGrbDACuKYLaxs=","Species identification confirmed by Dr. Jack W. Sites, Jr., Curator of Herpetology at Brigham Young University in Provo, UT. Specimen(s) transferred to the BYU on 12/9/2015 in accordance with our BLM collection permit."
"553dd89b-50c8-413b-b3c1-778f0e4c9e77","ONAQ_073.basePlot.bet","D15","ONAQ","ONAQ_073","N","2015-08-25","2015-09-08","2015-09-09","2015-09-17",,"ONAQ_073.N.20150908","k+c7ld7T6etnDXdsCbQ8cSipjTzwiBg9Of7+1StE+uo=","invert bycatch",,,,,,,,,,"/h2P7iNCFob6MrtXvZ/0KV0VExqkPzVY",
"b732a7be-aaa8-46e5-aef9-ffececd8fb0e","ONAQ_011.basePlot.bet","D15","ONAQ","ONAQ_011","N","2015-08-25","2015-09-08","2015-09-09","2015-09-16","2015-12-09","ONAQ_011.N.20150908","ilvJi7uUt50ssoeLtULw13B16kLBHytCLeruEBjwEnM=","vert bycatch herp","SCELSP","Sceloporus sp.","genus",,,,1,"Jones, L. J. and R. Lovich. 2009. Lizards of the American Southwest. Rio Nuevo Publishers.","wsPgf8Zw9fJKymWy47Zkre6IykLRH3+g","wGVKqNu5xeXKCqkJVSQ93bpoR9cNPKGrbDACuKYLaxs=","Species identification confirmed by Dr. Jack W. Sites, Jr., Curator of Herpetology at Brigham Young University in Provo, UT. Specimen(s) transferred to the BYU on 12/9/2015 in accordance with our BLM collection permit."
"d361952c-43ce-40d1-bf61-36879efc5af7","ONAQ_023.basePlot.bet","D15","ONAQ","ONAQ_023","N","2015-08-25","2015-09-08","2015-09-09","2015-09-16",,"ONAQ_023.N.20150908","1+J2VA21AZxLKM47TlRhxbMLYkq+teVL6vUx4xlPw3I=","invert bycatch",,,,,,,,,,"wGVKqNu5xeXKCqkJVSQ93bpoR9cNPKGrbDACuKYLaxs=",
"0a38b9b1-3603-404a-8b3c-a9e6ee0d59bd","ONAQ_004.basePlot.bet","D15","ONAQ","ONAQ_004","S","2015-08-25","2015-09-08","2015-09-09","2015-09-24",,"ONAQ_004.S.20150908","oF4AZF7DP5m6trvu6loHGmZGIPlz6tu2x46PIyOW2DI=","invert bycatch",,,,,,,,,,"wGVKqNu5xeXKCqkJVSQ93bpoR9cNPKGrbDACuKYLaxs=",
"82f3585e-583d-4613-a345-d67af68b0fe3","ONAQ_016.basePlot.bet","D15","ONAQ","ONAQ_016","S","2015-08-25","2015-09-08","2015-09-09","2015-09-17","2015-10-22","ONAQ_016.S.20150908","IF7zHzIP4pw6f/DPVmQJnddJTqGn3JmubOy86E/h+uU=","carabid","CARSP14","Carabidae sp.","family",,"Latreille","D15.2015.MorphB",2,"Arnett Jr., R. H., and M. C. Thomas. 2001. American Beetles Archosemata, Myxophaga, Adephaga, Polyphaga: Staphyliniformia. 1st Vol. (C. Press, Ed.). 1st Ed. Boca Raton, FL.","/h2P7iNCFob6MrtXvZ/0KV0VExqkPzVY","/h2P7iNCFob6MrtXvZ/0KV0VExqkPzVY","All specimens pinned."
"bb31ccec-056c-4d6e-8d35-d4a60db0ca09","ONAQ_018.basePlot.bet","D15","ONAQ","ONAQ_018","S","2015-08-25","2015-09-08","2015-09-09","2015-09-18",,"ONAQ_018.S.20150908","jRbGR65ctTUPEk5/OAamMSr4uf5ShDdNXk8oVlYmjKc=","invert bycatch",,,,,,,,,,"/h2P7iNCFob6MrtXvZ/0KV0VExqkPzVY",
"11689151-c451-403a-8f98-f9a75325337c","ONAQ_023.basePlot.bet","D15","ONAQ","ONAQ_023","S","2015-08-25","2015-09-08","2015-09-09","2015-09-16",,"ONAQ_023.S.20150908","1+J2VA21AZyZLvYhoKvcUVSH4S3s4eSalyf+GeN/Ias=","invert bycatch",,,,,,,,,,"wGVKqNu5xeXKCqkJVSQ93bpoR9cNPKGrbDACuKYLaxs=",
"3ed41f4b-1053-4a42-a044-7fba7e8c80a0","ONAQ_005.basePlot.bet","D15","ONAQ","ONAQ_005","S","2015-08-25","2015-09-08","2015-09-09","2015-09-23",,"ONAQ_005.S.20150908","zbCBMrXz8WnCyzy7igG5RyutooPj4Psm71XyTryG7ms=","invert bycatch",,,,,,,,,,"wGVKqNu5xeXKCqkJVSQ93bpoR9cNPKGrbDACuKYLaxs=",
"94ef89fb-0293-46a2-a4af-25f5a68bd0f1","ONAQ_009.basePlot.bet","D15","ONAQ","ONAQ_009","S","2015-08-25","2015-09-08","2015-09-09","2015-09-09",,"ONAQ_009.S.20150908","HS20H6sTX3EzP/GmiHM814Dff8+tn1lKN8lzk9tY+e0=","invert bycatch",,,,,,,,,,"Ymvu50svVai947RgaYoGNGTwjbYtyuA7",
"ebf1faa3-4ad9-40f8-8d9f-f9207f00c592","ONAQ_009.basePlot.bet","D15","ONAQ","ONAQ_009","S","2015-08-25","2015-09-08","2015-09-09","2015-09-09","2015-10-22","ONAQ_009.S.20150908","HS20H6sTX3EzP/GmiHM810QKbZeKcAOYqbfrdh/BU74=","carabid","CARSP14","Carabidae sp.","family",,"Latreille","D15.2015.MorphB",2,"Arnett Jr., R. H., and M. C. Thomas. 2001. American Beetles Archosemata, Myxophaga, Adephaga, Polyphaga: Staphyliniformia. 1st Vol. (C. Press, Ed.). 1st Ed. Boca Raton, FL.","/h2P7iNCFob6MrtXvZ/0KV0VExqkPzVY","Ymvu50svVai947RgaYoGNGTwjbYtyuA7","All specimens pinned."
"10c3eaf2-a88f-4d0d-a58c-75dd5853dbdd","ONAQ_016.basePlot.bet","D15","ONAQ","ONAQ_016","S","2015-08-25","2015-09-08","2015-09-09","2015-09-17",,"ONAQ_016.S.20150908","IF7zHzIP4pw6f/DPVmQJnQSqLhgNu5OudMWpiVhflZE=","invert bycatch",,,,,,,,,,"/h2P7iNCFob6MrtXvZ/0KV0VExqkPzVY",
"41a9baab-8e35-40cf-b7b7-cffcf39b2b7f","ONAQ_030.basePlot.bet","D15","ONAQ","ONAQ_030","S","2015-08-25","2015-09-08","2015-09-09","2015-09-23",,"ONAQ_030.S.20150908","GRlDrOb+MmzInFjNUwKIOGaYiQK/u5NwbrDb0UrHdiQ=","invert bycatch",,,,,,,,,,"/h2P7iNCFob6MrtXvZ/0KV0VExqkPzVY",
"84a7874e-823b-460e-b8c8-ddc975a095f2","ONAQ_011.basePlot.bet","D15","ONAQ","ONAQ_011","S","2015-08-25","2015-09-08","2015-09-09","2015-09-24",,"ONAQ_011.S.20150908","ilvJi7uUt50v8Qh4Bf/RaTJTMBrOA2NeuDQo951aHp8=","invert bycatch",,,,,,,,,,"wGVKqNu5xeXKCqkJVSQ93bpoR9cNPKGrbDACuKYLaxs=",
"700f958c-4993-4974-819b-ab5ca99c4ce4","ONAQ_073.basePlot.bet","D15","ONAQ","ONAQ_073","S","2015-08-25","2015-09-08","2015-09-09","2015-09-16",,"ONAQ_073.S.20150908","k+c7ld7T6etAvWZ9wvrRaz8zbZtlBEQ5zF4aAWU8MpI=","invert bycatch",,,,,,,,,,"/h2P7iNCFob6MrtXvZ/0KV0VExqkPzVY",
"35ab164b-e944-4122-b10f-e6d041abf60b","ONAQ_073.basePlot.bet","D15","ONAQ","ONAQ_073","W","2015-08-25","2015-09-08","2015-09-09","2015-09-17",,"ONAQ_073.W.20150908","k+c7ld7T6esTpI9aaMZzp1io587TwfHNe6FT0uhXqTc=","invert bycatch",,,,,,,,,,"/h2P7iNCFob6MrtXvZ/0KV0VExqkPzVY",
"8656682c-1547-42c0-b973-b080481a2cc3","ONAQ_030.basePlot.bet","D15","ONAQ","ONAQ_030","W","2015-08-25","2015-09-08","2015-09-09","2015-09-23",,"ONAQ_030.W.20150908","GRlDrOb+Mmweo7BcdeB2l7WN3wrbKjk8kPRmFYa6MB0=","invert bycatch",,,,,,,,,,"/h2P7iNCFob6MrtXvZ/0KV0VExqkPzVY",
"fe6caa1c-11ec-4851-a1e1-dc279128e2c1","ONAQ_016.basePlot.bet","D15","ONAQ","ONAQ_016","W","2015-08-25","2015-09-08","2015-09-09","2015-09-17",,"ONAQ_016.W.20150908","IF7zHzIP4pz1LN0iQwwRHeGwOC07FFJqS27UPQ5eJ5s=","invert bycatch",,,,,,,,,,"/h2P7iNCFob6MrtXvZ/0KV0VExqkPzVY",
"7b4959d2-6c1f-41f0-8431-cd4a323e107c","ONAQ_011.basePlot.bet","D15","ONAQ","ONAQ_011","W","2015-08-25","2015-09-08","2015-09-09","2015-09-24",,"ONAQ_011.W.20150908","ilvJi7uUt53X6+O5C8JtxOpaSzVldF2+SG4uNjEJKug=","invert bycatch",,,,,,,,,,"wGVKqNu5xeXKCqkJVSQ93bpoR9cNPKGrbDACuKYLaxs=",
"dcd27568-76e5-4488-8673-5402380755bd","ONAQ_073.basePlot.bet","D15","ONAQ","ONAQ_073","W","2015-08-25","2015-09-08","2015-09-09","2015-09-17","2015-10-22","ONAQ_073.W.20150908","k+c7ld7T6esTpI9aaMZzpxPKsHmjy7ReMS6qMZ8NaEE=","carabid","CARSP14","Carabidae sp.","family",,"Latreille","D15.2015.MorphB",3,"Arnett Jr., R. H., and M. C. Thomas. 2001. American Beetles Archosemata, Myxophaga, Adephaga, Polyphaga: Staphyliniformia. 1st Vol. (C. Press, Ed.). 1st Ed. Boca Raton, FL.","/h2P7iNCFob6MrtXvZ/0KV0VExqkPzVY","/h2P7iNCFob6MrtXvZ/0KV0VExqkPzVY","All specimens pinned."
"10e74d22-2ff5-4806-b450-cfb83eb703d7","ONAQ_073.basePlot.bet","D15","ONAQ","ONAQ_073","W","2015-08-25","2015-09-08","2015-09-09","2015-09-17",,"ONAQ_073.W.20150908","k+c7ld7T6esTpI9aaMZzp1io587TwfHNvYP1AkVUpuU=","invert bycatch",,,,,,,,,,"/h2P7iNCFob6MrtXvZ/0KV0VExqkPzVY",
"1878e4c0-fb1d-424a-b96a-e329e79173ad","ONAQ_009.basePlot.bet","D15","ONAQ","ONAQ_009","W","2015-08-25","2015-09-08","2015-09-09","2015-09-09","2015-10-22","ONAQ_009.W.20150908","HS20H6sTX3GVl5TuReFlcjXCkYL01oN23DHOu1t0kA4=","carabid","OTHE","Carabidae sp.","family","cf. species","Latreille",,1,"Barr Jr., T. C. 1974b. Revision of Rhadine LeConte (Coleoptera, Carabidae) I. The subterranea group. American Museum Novitates:1-30.","/h2P7iNCFob6MrtXvZ/0KV0VExqkPzVY","Ymvu50svVai947RgaYoGNGTwjbYtyuA7","Identified as Rhadine dissecta (needs to be added to Domain-specific species list. Specimen pinned."
"2abca8b9-79e9-4e1f-962b-f287b9460707","ONAQ_009.basePlot.bet","D15","ONAQ","ONAQ_009","W","2015-08-25","2015-09-08","2015-09-09","2015-09-09","2015-10-22","ONAQ_009.W.20150908","HS20H6sTX3GVl5TuReFlctbpAUirbQfUgC/UcwT0MII=","carabid","CARSP14","Carabidae sp.","family",,"Latreille","D15.2015.MorphB",3,"Arnett Jr., R. H., and M. C. Thomas. 2001. American Beetles Archosemata, Myxophaga, Adephaga, Polyphaga: Staphyliniformia. 1st Vol. (C. Press, Ed.). 1st Ed. Boca Raton, FL.","/h2P7iNCFob6MrtXvZ/0KV0VExqkPzVY","Ymvu50svVai947RgaYoGNGTwjbYtyuA7","All specimens pinned."
"eee68c2a-fa84-4b5d-bb7d-ab0209ea7b3e","ONAQ_009.basePlot.bet","D15","ONAQ","ONAQ_009","W","2015-08-25","2015-09-08","2015-09-09","2015-09-09",,"ONAQ_009.W.20150908","HS20H6sTX3GVl5TuReFlcqjDEXDQ7n4WfMYkvk4OJ2g=","invert bycatch",,,,,,,,,,"Ymvu50svVai947RgaYoGNGTwjbYtyuA7",
"9f9b87e3-8efc-4128-a676-e10abfa58d11","ONAQ_016.basePlot.bet","D15","ONAQ","ONAQ_016","W","2015-08-25","2015-09-08","2015-09-09","2015-09-17","2015-10-22","ONAQ_016.W.20150908","IF7zHzIP4pz1LN0iQwwRHasOqBeot9SIl0/v2rErlwI=","carabid","CARSP14","Carabidae sp.","family",,"Latreille","D15.2015.MorphB",2,"Arnett Jr., R. H., and M. C. Thomas. 2001. American Beetles Archosemata, Myxophaga, Adephaga, Polyphaga: Staphyliniformia. 1st Vol. (C. Press, Ed.). 1st Ed. Boca Raton, FL.","/h2P7iNCFob6MrtXvZ/0KV0VExqkPzVY","/h2P7iNCFob6MrtXvZ/0KV0VExqkPzVY","All specimens pinned."
"23c8e5a7-339a-47a4-a80e-c8de2d2a1568","ONAQ_002.basePlot.bet","D15","ONAQ","ONAQ_002","W","2015-08-25","2015-09-08","2015-09-09","2015-09-16","2015-10-22","ONAQ_002.W.20150908","sFUsB1SyHEzx/7A3LeweJAH9DyUZt28hky0qW2sRk58=","carabid","CARSP14","Carabidae sp.","family",,"Latreille","D15.2015.MorphB",1,"Arnett Jr., R. H., and M. C. Thomas. 2001. American Beetles Archosemata, Myxophaga, Adephaga, Polyphaga: Staphyliniformia. 1st Vol. (C. Press, Ed.). 1st Ed. Boca Raton, FL.","/h2P7iNCFob6MrtXvZ/0KV0VExqkPzVY","wGVKqNu5xeXKCqkJVSQ93bpoR9cNPKGrbDACuKYLaxs=","Specimen pinned."
"dc9fe864-e7cd-4299-ad7b-756e05327bbf","ONAQ_004.basePlot.bet","D15","ONAQ","ONAQ_004","W","2015-08-25","2015-09-08","2015-09-09","2015-09-24",,"ONAQ_004.W.20150908","oF4AZF7DP5lqqVcy9GiQ706vfcxxDDqtvf9eKiWsOGQ=","invert bycatch",,,,,,,,,,"wGVKqNu5xeXKCqkJVSQ93bpoR9cNPKGrbDACuKYLaxs=",
"72038562-a39a-424c-9051-09ad07855c5b","ONAQ_018.basePlot.bet","D15","ONAQ","ONAQ_018","W","2015-08-25","2015-09-08","2015-09-09","2015-09-18",,"ONAQ_018.W.20150908","jRbGR65ctTWUfH6XvNdyi3FJ+3xYxo0K1mj0rw98SFw=","invert bycatch",,,,,,,,,,"/h2P7iNCFob6MrtXvZ/0KV0VExqkPzVY",
"38aa11f3-e118-4d2f-9b5f-e7ee20468921","ONAQ_004.basePlot.bet","D15","ONAQ","ONAQ_004","W","2015-08-25","2015-09-08","2015-09-09","2015-09-16","2015-12-09","ONAQ_004.W.20150908","oF4AZF7DP5lqqVcy9GiQ70pYNFhBOP0h74hPOBDEit8=","vert bycatch herp","SCELSP","Sceloporus sp.","genus",,,,1,"Jones, L. J. and R. Lovich. 2009. Lizards of the American Southwest. Rio Nuevo Publishers.","wsPgf8Zw9fJKymWy47Zkre6IykLRH3+g","wGVKqNu5xeXKCqkJVSQ93bpoR9cNPKGrbDACuKYLaxs=","Species identification confirmed by Dr. Jack W. Sites, Jr., Curator of Herpetology at Brigham Young University in Provo, UT. Specimen(s) transferred to the BYU on 12/9/2015 in accordance with our BLM collection permit."
"eb4087de-5ea5-4c53-9630-fdb5302a99e0","ONAQ_005.basePlot.bet","D15","ONAQ","ONAQ_005","W","2015-08-25","2015-09-08","2015-09-09","2015-09-23",,"ONAQ_005.W.20150908","zbCBMrXz8WlocDJIs97OMmOpmgKbYpqlBEzdL2uu+AM=","invert bycatch",,,,,,,,,,"wGVKqNu5xeXKCqkJVSQ93bpoR9cNPKGrbDACuKYLaxs=",
"6b8547f4-154d-4fb0-9138-c941a77c25d1","ONAQ_005.basePlot.bet","D15","ONAQ","ONAQ_005","W","2015-08-25","2015-09-08","2015-09-09","2015-09-16","2015-12-09","ONAQ_005.W.20150908","zbCBMrXz8WlocDJIs97OMqfvxr1ZIu6MaPkcYDKuUIA=","vert bycatch herp","SCELSP","Sceloporus sp.","genus",,,,1,"Jones, L. J. and R. Lovich. 2009. Lizards of the American Southwest. Rio Nuevo Publishers.","wsPgf8Zw9fJKymWy47Zkre6IykLRH3+g","wGVKqNu5xeXKCqkJVSQ93bpoR9cNPKGrbDACuKYLaxs=","Species identification confirmed by Dr. Jack W. Sites, Jr., Curator of Herpetology at Brigham Young University in Provo, UT. Specimen(s) transferred to the BYU on 12/9/2015 in accordance with our BLM collection permit."
"9f53a736-143d-43e3-8ca5-7f7f3cd7ee8d","ONAQ_023.basePlot.bet","D15","ONAQ","ONAQ_023","W","2015-08-25","2015-09-08","2015-09-09","2015-09-16",,"ONAQ_023.W.20150908","1+J2VA21AZxbFXn+Knmx/vUZULGRBTNQP6Qo6e9cxFA=","invert bycatch",,,,,,,,,,"wGVKqNu5xeXKCqkJVSQ93bpoR9cNPKGrbDACuKYLaxs=",
"41442bbb-dd00-4c71-a3d7-31699ae19f55","ONAQ_002.basePlot.bet","D15","ONAQ","ONAQ_002","W","2015-08-25","2015-09-08","2015-09-09","2015-09-16",,"ONAQ_002.W.20150908","sFUsB1SyHEzx/7A3LeweJKoXPhgx0oEKdAsxxxmvWWA=","invert bycatch",,,,,,,,,,"wGVKqNu5xeXKCqkJVSQ93bpoR9cNPKGrbDACuKYLaxs=",
"19a62f4f-d855-422a-bb76-785fb8e9d612","ONAQ_030.basePlot.bet","D15","ONAQ","ONAQ_030","E","2015-08-25","2015-09-08","2015-09-09","2015-09-23","2015-10-22","ONAQ_030.E.20150908","GRlDrOb+MmzqBib+8hGjM8SMnZFlu7uxf/tfGB1Ig+8=","carabid","CARSP14","Carabidae sp.","family",,"Latreille","D15.2015.MorphB",12,"Arnett Jr., R. H., and M. C. Thomas. 2001. American Beetles Archosemata, Myxophaga, Adephaga, Polyphaga: Staphyliniformia. 1st Vol. (C. Press, Ed.). 1st Ed. Boca Raton, FL.","/h2P7iNCFob6MrtXvZ/0KV0VExqkPzVY","/h2P7iNCFob6MrtXvZ/0KV0VExqkPzVY","All specimens pinned."
"846e016c-b0f7-449a-8aa8-76195a9e62bf","ONAQ_011.basePlot.bet","D15","ONAQ","ONAQ_011","E","2015-08-25","2015-09-08","2015-09-09","2015-09-24",,"ONAQ_011.E.20150908","ilvJi7uUt50WOrtA8KQMKVSAK+2oXVdk9oPgcsRZSp0=","invert bycatch",,,,,,,,,,"wGVKqNu5xeXKCqkJVSQ93bpoR9cNPKGrbDACuKYLaxs=",
"aad5dd3c-0591-4cc0-ac2f-f5e7f4c72ad6","ONAQ_073.basePlot.bet","D15","ONAQ","ONAQ_073","E","2015-08-25","2015-09-08","2015-09-09","2015-09-17","2015-10-22","ONAQ_073.E.20150908","k+c7ld7T6ev0zVlkx51U9A1Rv9W3FNxyEbnc7TBQDeQ=","carabid","CARSP14","Carabidae sp.","family",,"Latreille","D15.2015.MorphB",6,"Arnett Jr., R. H., and M. C. Thomas. 2001. American Beetles Archosemata, Myxophaga, Adephaga, Polyphaga: Staphyliniformia. 1st Vol. (C. Press, Ed.). 1st Ed. Boca Raton, FL.","/h2P7iNCFob6MrtXvZ/0KV0VExqkPzVY","/h2P7iNCFob6MrtXvZ/0KV0VExqkPzVY","All specimens pinned."
"97c65394-d2f5-40b6-8987-93c1865b2a59","ONAQ_073.basePlot.bet","D15","ONAQ","ONAQ_073","E","2015-08-25","2015-09-08","2015-09-09","2015-09-17",,"ONAQ_073.E.20150908","k+c7ld7T6ev0zVlkx51U9PMzMMfaj08ZfdfQow2cGP8=","invert bycatch",,,,,,,,,,"/h2P7iNCFob6MrtXvZ/0KV0VExqkPzVY",
"3d7b8d14-030e-4cde-857e-9a66f2ad91ef","ONAQ_009.basePlot.bet","D15","ONAQ","ONAQ_009","E","2015-08-25","2015-09-08","2015-09-09","2015-09-09","2015-10-22","ONAQ_009.E.20150908","HS20H6sTX3Fb+EnmrjiBxVfqJwWHMULxqwCR7v9w7C4=","carabid","OTHE","Carabidae sp.","family","cf. species","Latreille",,1,"Barr Jr., T. C. 1974b. Revision of Rhadine LeConte (Coleoptera, Carabidae) I. The subterranea group. American Museum Novitates:1-30.","/h2P7iNCFob6MrtXvZ/0KV0VExqkPzVY","Ymvu50svVai947RgaYoGNGTwjbYtyuA7","Identified as Rhadine dissecta (not on domain-specific species list). Individual pinned."
"7e319f86-a8fd-435b-be77-29b47d365071","ONAQ_030.basePlot.bet","D15","ONAQ","ONAQ_030","E","2015-09-08","2015-09-22","2015-09-23","2015-09-23","2015-10-22","ONAQ_030.E.20150922","GRlDrOb+MmzqBib+8hGjM1UDenOedBlqbhsMHIt2ckY=","carabid","CARSP14","Carabidae sp.","family",,"Latreille","D15.2015.MorphB",9,"Arnett Jr., R. H., and M. C. Thomas. 2001. American Beetles Archosemata, Myxophaga, Adephaga, Polyphaga: Staphyliniformia. 1st Vol. (C. Press, Ed.). 1st Ed. Boca Raton, FL.","/h2P7iNCFob6MrtXvZ/0KV0VExqkPzVY","wGVKqNu5xeXKCqkJVSQ93bpoR9cNPKGrbDACuKYLaxs=","All specimens pinned.|Specimen pinned."
"8271e353-f589-4f2d-bce3-a251866efd45","ONAQ_011.basePlot.bet","D15","ONAQ","ONAQ_011","W","2015-09-08","2015-09-22","2015-09-23","2015-09-23","2015-12-09","ONAQ_011.W.20150922","ilvJi7uUt53X6+O5C8JtxI7EIMF1F3fSjns7BI5HaCI=","vert bycatch herp","SCELSP","Sceloporus sp.","genus",,,,1,"Jones, L. J. and R. Lovich. 2009. Lizards of the American Southwest. Rio Nuevo Publishers.","wsPgf8Zw9fJKymWy47Zkre6IykLRH3+g","/h2P7iNCFob6MrtXvZ/0KV0VExqkPzVY","Species identification confirmed by Dr. Jack W. Sites, Jr., Curator of Herpetology at Brigham Young University in Provo, UT. Specimen(s) transferred to the BYU on 12/9/2015 in accordance with our BLM collection permit."
"f2212bfe-1cbe-410d-8b06-a9205f06590c","ONAQ_016.basePlot.bet","D15","ONAQ","ONAQ_016","E","2015-09-08","2015-09-22","2015-09-23","2015-10-01",,"ONAQ_016.E.20150922","IF7zHzIP4pwgeQQcUaHalkquws0FX6QcXUPu2P3+xeM=","invert bycatch",,,,,,,,,,"/h2P7iNCFob6MrtXvZ/0KV0VExqkPzVY",
"bd7b2dad-e2ea-44a7-b123-90c146dd379b","ONAQ_009.basePlot.bet","D15","ONAQ","ONAQ_009","E","2015-09-08","2015-09-22","2015-09-23","2015-10-01","2015-10-22","ONAQ_009.E.20150922","HS20H6sTX3Fb+EnmrjiBxTQ9jZi8rrhun+xF0LL7Hh0=","carabid","OTHE","Carabidae sp.","family","cf. species","Latreille",,2,"Arnett Jr., R. H., and M. C. Thomas. 2001. American Beetles Archosemata, Myxophaga, Adephaga, Polyphaga: Staphyliniformia. 1st Vol. (C. Press, Ed.). 1st Ed. Boca Raton, FL.","/h2P7iNCFob6MrtXvZ/0KV0VExqkPzVY","/h2P7iNCFob6MrtXvZ/0KV0VExqkPzVY","Identified as Rhadine dissecta. Species not on Domain 15 species list."
"58855a32-939d-43ad-a1bd-e797ba6ac25c","ONAQ_002.basePlot.bet","D15","ONAQ","ONAQ_002","E","2015-09-08","2015-09-22","2015-09-23","2015-10-01",,"ONAQ_002.E.20150922","sFUsB1SyHEzSNgyjJOl31r5UPZGXdsesQT19uHuZLL0=","invert bycatch",,,,,,,,,,"/h2P7iNCFob6MrtXvZ/0KV0VExqkPzVY",
"d3f562ee-48e2-445f-b3be-dc11c37a151c","ONAQ_005.basePlot.bet","D15","ONAQ","ONAQ_005","E","2015-09-08","2015-09-22","2015-09-23","2015-10-01",,"ONAQ_005.E.20150922","zbCBMrXz8WlkGuvJkZqad7o7fUHCYlKEQJ8wk/CPopo=","invert bycatch",,,,,,,,,,"wGVKqNu5xeXKCqkJVSQ93bpoR9cNPKGrbDACuKYLaxs=",
"3937abbb-90c0-45d4-82b5-6ee41121a141","ONAQ_005.basePlot.bet","D15","ONAQ","ONAQ_005","E","2015-09-08","2015-09-22","2015-09-23","2015-09-23","2015-12-09","ONAQ_005.E.20150922","zbCBMrXz8WlkGuvJkZqadxeG+8Zm/IWEHxwhh+3TZz4=","vert bycatch herp","SCELSP","Sceloporus sp.","genus",,,,1,"Jones, L. J. and R. Lovich. 2009. Lizards of the American Southwest. Rio Nuevo Publishers.","wsPgf8Zw9fJKymWy47Zkre6IykLRH3+g","/h2P7iNCFob6MrtXvZ/0KV0VExqkPzVY","Species identification confirmed by Dr. Jack W. Sites, Jr., Curator of Herpetology at Brigham Young University in Provo, UT. Specimen(s) transferred to the BYU on 12/9/2015 in accordance with our BLM collection permit."
"3ac994d4-1b62-4794-b2b7-22a9f1f2564b","ONAQ_023.basePlot.bet","D15","ONAQ","ONAQ_023","E","2015-09-08","2015-09-22","2015-09-23","2015-10-01",,"ONAQ_023.E.20150922","1+J2VA21AZzAzb5e68Hq+xufngeppm/UgNyXUHPfUyI=","invert bycatch",,,,,,,,,,"/h2P7iNCFob6MrtXvZ/0KV0VExqkPzVY",
"84b0fee6-927e-48dc-9bf3-ee84a6bd89e8","ONAQ_004.basePlot.bet","D15","ONAQ","ONAQ_004","E","2015-09-08","2015-09-22","2015-09-23","2015-09-23","2015-10-22","ONAQ_004.E.20150922","oF4AZF7DP5k2TaupVk05QZ0zFwsMZOjRyBOu22rR6Po=","carabid","CARSP14","Carabidae sp.","family",,"Latreille","D15.2015.MorphC",1,"Arnett Jr., R. H., and M. C. Thomas. 2001. American Beetles Archosemata, Myxophaga, Adephaga, Polyphaga: Staphyliniformia. 1st Vol. (C. Press, Ed.). 1st Ed. Boca Raton, FL.","/h2P7iNCFob6MrtXvZ/0KV0VExqkPzVY","wGVKqNu5xeXKCqkJVSQ93bpoR9cNPKGrbDACuKYLaxs=","specimen pinned."
"51b978db-d3c6-4b04-a9c6-6fdee353e489","ONAQ_018.basePlot.bet","D15","ONAQ","ONAQ_018","E","2015-09-08","2015-09-22","2015-09-23","2015-10-01",,"ONAQ_018.E.20150922","jRbGR65ctTWweMlvt6mBoHAQKCAj7MBoYf+/rAm34Kw=","invert bycatch",,,,,,,,,,"/h2P7iNCFob6MrtXvZ/0KV0VExqkPzVY",
"8d9de796-7ee4-4fa5-a6bf-9c22bef2b965","ONAQ_002.basePlot.bet","D15","ONAQ","ONAQ_002","N","2015-09-08","2015-09-22","2015-09-23","2015-10-01","2015-10-22","ONAQ_002.N.20150922","sFUsB1SyHEx/8b9LlhCcb5WQzjP7MBVWqHZIZQqBNNo=","carabid","CARSP14","Carabidae sp.","family",,"Latreille","D15.2015.MorphC",1,"Arnett Jr., R. H., and M. C. Thomas. 2001. American Beetles Archosemata, Myxophaga, Adephaga, Polyphaga: Staphyliniformia. 1st Vol. (C. Press, Ed.). 1st Ed. Boca Raton, FL.","/h2P7iNCFob6MrtXvZ/0KV0VExqkPzVY","/h2P7iNCFob6MrtXvZ/0KV0VExqkPzVY","Pinned.|Pinned."
"cb9233dc-d4c8-4438-8294-20fc1de0b88d","ONAQ_030.basePlot.bet","D15","ONAQ","ONAQ_030","E","2015-09-08","2015-09-22","2015-09-23","2015-09-23","2015-12-09","ONAQ_030.E.20150922","GRlDrOb+MmzqBib+8hGjM9S4PeK1gVrjJjVDSAfH9iA=","vert bycatch herp","SCELSP","Sceloporus sp.","genus",,,,1,"Jones, L. J. and R. Lovich. 2009. Lizards of the American Southwest. Rio Nuevo Publishers.","wsPgf8Zw9fJKymWy47Zkre6IykLRH3+g","/h2P7iNCFob6MrtXvZ/0KV0VExqkPzVY","Species identification confirmed by Dr. Jack W. Sites, Jr., Curator of Herpetology at Brigham Young University in Provo, UT. Specimen(s) transferred to the BYU on 12/9/2015 in accordance with our BLM collection permit."
"2d46aaba-fa7d-4c77-baad-880f73885a26","ONAQ_030.basePlot.bet","D15","ONAQ","ONAQ_030","E","2015-09-08","2015-09-22","2015-09-23","2015-09-23",,"ONAQ_030.E.20150922","GRlDrOb+MmzqBib+8hGjM8nIimJD5dq5qYoHMDaG9s0=","invert bycatch",,,,,,,,,,"wGVKqNu5xeXKCqkJVSQ93bpoR9cNPKGrbDACuKYLaxs=",
"2915a0af-c9d8-4ecb-94f5-2af1c7458328","ONAQ_009.basePlot.bet","D15","ONAQ","ONAQ_009","E","2015-09-08","2015-09-22","2015-09-23","2015-10-01",,"ONAQ_009.E.20150922","HS20H6sTX3Fb+EnmrjiBxdxRpYtB1PZxAHnxEFp2y1o=","invert bycatch",,,,,,,,,,"/h2P7iNCFob6MrtXvZ/0KV0VExqkPzVY",
"5d1551a9-f2c9-43d8-b6cf-dd1417fcf523","ONAQ_009.basePlot.bet","D15","ONAQ","ONAQ_009","E","2015-09-08","2015-09-22","2015-09-23","2015-10-01","2015-10-22","ONAQ_009.E.20150922","HS20H6sTX3Fb+EnmrjiBxeOAxQoNQ0nACdooLiApw44=","carabid","CARSP14","Carabidae sp.","family",,"Latreille","D15.2015.MorphB",2,"Arnett Jr., R. H., and M. C. Thomas. 2001. American Beetles Archosemata, Myxophaga, Adephaga, Polyphaga: Staphyliniformia. 1st Vol. (C. Press, Ed.). 1st Ed. Boca Raton, FL.","/h2P7iNCFob6MrtXvZ/0KV0VExqkPzVY","/h2P7iNCFob6MrtXvZ/0KV0VExqkPzVY","All pinned."
"5a4421a3-1e11-48f5-b2bb-7ffe342b9092","ONAQ_073.basePlot.bet","D15","ONAQ","ONAQ_073","E","2015-09-08","2015-09-22","2015-09-23","2015-09-23",,"ONAQ_073.E.20150922","k+c7ld7T6ev0zVlkx51U9LYSM9y+5MOh384Cq9iefvw=","invert bycatch",,,,,,,,,,"wGVKqNu5xeXKCqkJVSQ93bpoR9cNPKGrbDACuKYLaxs=",
"5ea85c9d-acac-46fd-974d-70b2036371e6","ONAQ_073.basePlot.bet","D15","ONAQ","ONAQ_073","E","2015-09-08","2015-09-22","2015-09-23","2015-09-23","2015-10-22","ONAQ_073.E.20150922","k+c7ld7T6ev0zVlkx51U9PSz4JU8k29sDa0KOd3i51M=","carabid","CARSP14","Carabidae sp.","family",,"Latreille","D15.2015.MorphB",8,"Arnett Jr., R. H., and M. C. Thomas. 2001. American Beetles Archosemata, Myxophaga, Adephaga, Polyphaga: Staphyliniformia. 1st Vol. (C. Press, Ed.). 1st Ed. Boca Raton, FL.","/h2P7iNCFob6MrtXvZ/0KV0VExqkPzVY","wGVKqNu5xeXKCqkJVSQ93bpoR9cNPKGrbDACuKYLaxs=","All specimens pinned."
"3b9ece88-031a-4cca-a398-e9df1ffb0779","ONAQ_073.basePlot.bet","D15","ONAQ","ONAQ_073","E","2015-09-08","2015-09-22","2015-09-23","2015-09-23","2015-12-09","ONAQ_073.E.20150922","k+c7ld7T6ev0zVlkx51U9KZNQbGElb1EYc0j492UyNE=","vert bycatch herp","SCELSP","Sceloporus sp.","genus",,,,1,"Jones, L. J. and R. Lovich. 2009. Lizards of the American Southwest. Rio Nuevo Publishers.","wsPgf8Zw9fJKymWy47Zkre6IykLRH3+g","/h2P7iNCFob6MrtXvZ/0KV0VExqkPzVY","Species identification confirmed by Dr. Jack W. Sites, Jr., Curator of Herpetology at Brigham Young University in Provo, UT. Specimen(s) transferred to the BYU on 12/9/2015 in accordance with our BLM collection permit."
"7a24c24d-7ca6-49d2-b5e3-2327db4df467","ONAQ_011.basePlot.bet","D15","ONAQ","ONAQ_011","E","2015-09-08","2015-09-22","2015-09-23","2015-10-01",,"ONAQ_011.E.20150922","ilvJi7uUt50WOrtA8KQMKT1a4TWH+AuG8IMLh588s5Q=","invert bycatch",,,,,,,,,,"/h2P7iNCFob6MrtXvZ/0KV0VExqkPzVY",
"edff9130-f6d4-47ff-bb71-f1616244a210","ONAQ_023.basePlot.bet","D15","ONAQ","ONAQ_023","N","2015-09-08","2015-09-22","2015-09-23","2015-10-01","2015-10-22","ONAQ_023.N.20150922","1+J2VA21AZxLKM47TlRhxdiVQzXberb7dyS7DH345Ss=","carabid","CARSP14","Carabidae sp.","family",,"Latreille","D15.2015.MorphB",1,"Arnett Jr., R. H., and M. C. Thomas. 2001. American Beetles Archosemata, Myxophaga, Adephaga, Polyphaga: Staphyliniformia. 1st Vol. (C. Press, Ed.). 1st Ed. Boca Raton, FL.","/h2P7iNCFob6MrtXvZ/0KV0VExqkPzVY","/h2P7iNCFob6MrtXvZ/0KV0VExqkPzVY","Pinned."
"992e995b-c2a3-481e-9984-84dbe6ed8200","ONAQ_023.basePlot.bet","D15","ONAQ","ONAQ_023","N","2015-09-08","2015-09-22","2015-09-23","2015-10-01",,"ONAQ_023.N.20150922","1+J2VA21AZxLKM47TlRhxZsQfMrkwzk9G6P7Id0W55c=","invert bycatch",,,,,,,,,,"/h2P7iNCFob6MrtXvZ/0KV0VExqkPzVY",
"c58a7dd3-83ad-45bb-861a-e8787de3df98","ONAQ_004.basePlot.bet","D15","ONAQ","ONAQ_004","N","2015-09-08","2015-09-22","2015-09-23","2015-09-23",,"ONAQ_004.N.20150922","oF4AZF7DP5l143pFXizQ68H0lWiselJgQLdnZG5iOzQ=","invert bycatch",,,,,,,,,,"wGVKqNu5xeXKCqkJVSQ93bpoR9cNPKGrbDACuKYLaxs=",
"c8c529db-1f08-4bdb-b295-3b0252bb668e","ONAQ_018.basePlot.bet","D15","ONAQ","ONAQ_018","N","2015-09-08","2015-09-22","2015-09-23","2015-10-01",,"ONAQ_018.N.20150922","jRbGR65ctTXfOe64Vm215U5rFxELY2heRezaaSxm9cY=","invert bycatch",,,,,,,,,,"/h2P7iNCFob6MrtXvZ/0KV0VExqkPzVY",
"cae640c2-5996-4a76-aa5b-53a34210925b","ONAQ_002.basePlot.bet","D15","ONAQ","ONAQ_002","N","2015-09-08","2015-09-22","2015-09-23","2015-10-01",,"ONAQ_002.N.20150922","sFUsB1SyHEx/8b9LlhCcb2R1B8FUYvf5KCHW7Z51sn0=","invert bycatch",,,,,,,,,,"/h2P7iNCFob6MrtXvZ/0KV0VExqkPzVY",
"a45dc01f-f558-4d13-9e43-bb5b3bdddf54","ONAQ_005.basePlot.bet","D15","ONAQ","ONAQ_005","N","2015-09-08","2015-09-22","2015-09-23","2015-10-01",,"ONAQ_005.N.20150922","zbCBMrXz8WmJ2FOIRVaLgj1z/yxXZUEui/fXUbpxirQ=","invert bycatch",,,,,,,,,,"wGVKqNu5xeXKCqkJVSQ93bpoR9cNPKGrbDACuKYLaxs=",
"4fbb4e3d-f9d1-4653-90e2-539c94822e1f","ONAQ_009.basePlot.bet","D15","ONAQ","ONAQ_009","N","2015-09-08","2015-09-22","2015-09-23","2015-10-01",,"ONAQ_009.N.20150922","HS20H6sTX3EC6kLM4YIK1d+O0i379hxBnYz1ktBZhBs=","invert bycatch",,,,,,,,,,"/h2P7iNCFob6MrtXvZ/0KV0VExqkPzVY",
"e799afbc-46fc-472a-9af0-2d88b0c4832e","ONAQ_009.basePlot.bet","D15","ONAQ","ONAQ_009","N","2015-09-08","2015-09-22","2015-09-23","2015-10-01","2015-10-22","ONAQ_009.N.20150922","HS20H6sTX3EC6kLM4YIK1e9DZkQ0CTzkJKDlhlQ3l0E=","carabid","CARSP14","Carabidae sp.","family",,"Latreille","D15.2015.MorphJ",1,"Arnett Jr., R. H., and M. C. Thomas. 2001. American Beetles Archosemata, Myxophaga, Adephaga, Polyphaga: Staphyliniformia. 1st Vol. (C. Press, Ed.). 1st Ed. Boca Raton, FL.","/h2P7iNCFob6MrtXvZ/0KV0VExqkPzVY","/h2P7iNCFob6MrtXvZ/0KV0VExqkPzVY","Pinned."
"e0991f6c-29bb-47d4-b877-1fd41b7916ca","ONAQ_004.basePlot.bet","D15","ONAQ","ONAQ_004","N","2015-09-08","2015-09-22","2015-09-23","2015-09-23","2015-10-22","ONAQ_004.N.20150922","oF4AZF7DP5l143pFXizQ6wZ3OYET/Tc7VC4l9aFTlYE=","carabid","CARSP14","Carabidae sp.","family",,"Latreille","D15.2015.MorphC",1,"Arnett Jr., R. H., and M. C. Thomas. 2001. American Beetles Archosemata, Myxophaga, Adephaga, Polyphaga: Staphyliniformia. 1st Vol. (C. Press, Ed.). 1st Ed. Boca Raton, FL.","/h2P7iNCFob6MrtXvZ/0KV0VExqkPzVY","wGVKqNu5xeXKCqkJVSQ93bpoR9cNPKGrbDACuKYLaxs=","Specimen pinned."
"27e987dc-f00e-4899-9c2a-9387c3af8a7b","ONAQ_073.basePlot.bet","D15","ONAQ","ONAQ_073","N","2015-09-08","2015-09-22","2015-09-23","2015-10-01",,"ONAQ_073.N.20150922","k+c7ld7T6etnDXdsCbQ8cecIAlyuM2iUwKgq8Ofvk9g=","invert bycatch",,,,,,,,,,"wGVKqNu5xeXKCqkJVSQ93bpoR9cNPKGrbDACuKYLaxs=",
"3ea0e50c-623a-476d-989c-b0f5bbeeed60","ONAQ_030.basePlot.bet","D15","ONAQ","ONAQ_030","N","2015-09-08","2015-09-22","2015-09-23","2015-09-23",,"ONAQ_030.N.20150922","GRlDrOb+MmzX/KapkcoKrVk5gAvoudaFZYH/2KEl+zk=","invert bycatch",,,,,,,,,,"wGVKqNu5xeXKCqkJVSQ93bpoR9cNPKGrbDACuKYLaxs=",
"64eab32d-ab5c-41e4-a125-65b846ed34a5","ONAQ_011.basePlot.bet","D15","ONAQ","ONAQ_011","N","2015-09-08","2015-09-22","2015-09-23","2015-10-01",,"ONAQ_011.N.20150922","ilvJi7uUt50ssoeLtULw13ymmDpj0nTDusk7OBhhZs4=","invert bycatch",,,,,,,,,,"/h2P7iNCFob6MrtXvZ/0KV0VExqkPzVY",
"da42e73b-5734-48c6-9ac1-23dc929fd0b7","ONAQ_016.basePlot.bet","D15","ONAQ","ONAQ_016","N","2015-09-08","2015-09-22","2015-09-23","2015-10-01",,"ONAQ_016.N.20150922","IF7zHzIP4pyaSVBrVxcKxp/478Y50w/mW68KnhIZFt8=","invert bycatch",,,,,,,,,,"/h2P7iNCFob6MrtXvZ/0KV0VExqkPzVY",
"bfc8f34c-19f6-4111-b795-4167d992685f","ONAQ_009.basePlot.bet","D15","ONAQ","ONAQ_009","S","2015-09-08","2015-09-22","2015-09-23","2015-10-01","2015-10-22","ONAQ_009.S.20150922","HS20H6sTX3EzP/GmiHM817tYrvvAFjEPrsNR9inU004=","carabid","CARSP14","Carabidae sp.","family",,"Latreille","D15.2015.MorphB",2,"Arnett Jr., R. H., and M. C. Thomas. 2001. American Beetles Archosemata, Myxophaga, Adephaga, Polyphaga: Staphyliniformia. 1st Vol. (C. Press, Ed.). 1st Ed. Boca Raton, FL.","/h2P7iNCFob6MrtXvZ/0KV0VExqkPzVY","/h2P7iNCFob6MrtXvZ/0KV0VExqkPzVY","All pinned.|Pinned."
"578e0e0a-cb73-4cfb-926e-a31cf2a47c1d","ONAQ_002.basePlot.bet","D15","ONAQ","ONAQ_002","S","2015-09-08","2015-09-22","2015-09-23","2015-10-01","2015-10-22","ONAQ_002.S.20150922","sFUsB1SyHEytjVH99RZYGtQhv5rE0tNp7xp+BvPmkQo=","carabid","CARSP14","Carabidae sp.","family",,"Latreille","D15.2015.MorphC",1,"Arnett Jr., R. H., and M. C. Thomas. 2001. American Beetles Archosemata, Myxophaga, Adephaga, Polyphaga: Staphyliniformia. 1st Vol. (C. Press, Ed.). 1st Ed. Boca Raton, FL.","/h2P7iNCFob6MrtXvZ/0KV0VExqkPzVY","/h2P7iNCFob6MrtXvZ/0KV0VExqkPzVY","Pinned.|Pinned."
"fc1ed061-fe3d-4924-bf78-114f658afa1c","ONAQ_073.basePlot.bet","D15","ONAQ","ONAQ_073","S","2015-09-08","2015-09-22","2015-09-23","2015-09-23",,"ONAQ_073.S.20150922","k+c7ld7T6etAvWZ9wvrRawLupWMIMdumvmi+kADWBo4=","invert bycatch",,,,,,,,,,"wGVKqNu5xeXKCqkJVSQ93bpoR9cNPKGrbDACuKYLaxs=",
"ddc000c0-8383-49de-af57-57276c8523ed","ONAQ_011.basePlot.bet","D15","ONAQ","ONAQ_011","S","2015-09-08","2015-09-22","2015-09-23","2015-10-01",,"ONAQ_011.S.20150922","ilvJi7uUt50v8Qh4Bf/RabOKSFR/wl019VnY1yyhztc=","invert bycatch",,,,,,,,,,"/h2P7iNCFob6MrtXvZ/0KV0VExqkPzVY",
"0e00e8cc-fa54-4139-a414-558db7ba7136","ONAQ_030.basePlot.bet","D15","ONAQ","ONAQ_030","S","2015-09-08","2015-09-22","2015-09-23","2015-09-23",,"ONAQ_030.S.20150922","GRlDrOb+MmzInFjNUwKIOBaBLc4jL/DB65KduYNzGcw=","invert bycatch",,,,,,,,,,"wGVKqNu5xeXKCqkJVSQ93bpoR9cNPKGrbDACuKYLaxs=",
"5f4fd3fd-6847-42af-b545-f1b7a0bf8a57","ONAQ_016.basePlot.bet","D15","ONAQ","ONAQ_016","S","2015-09-08","2015-09-22","2015-09-23","2015-10-01",,"ONAQ_016.S.20150922","IF7zHzIP4pw6f/DPVmQJneye3VZQakJiA/rD8yYTkbk=","invert bycatch",,,,,,,,,,"/h2P7iNCFob6MrtXvZ/0KV0VExqkPzVY",
"b8c9f757-f762-469b-beb1-70d9c84fb8e1","ONAQ_030.basePlot.bet","D15","ONAQ","ONAQ_030","S","2015-09-08","2015-09-22","2015-09-23","2015-09-23","2015-10-22","ONAQ_030.S.20150922","GRlDrOb+MmzInFjNUwKIOLcwzopolta4IOGIkdpr03Y=","carabid","CARSP14","Carabidae sp.","family",,"Latreille","D15.2015.MorphB",7,"Arnett Jr., R. H., and M. C. Thomas. 2001. American Beetles Archosemata, Myxophaga, Adephaga, Polyphaga: Staphyliniformia. 1st Vol. (C. Press, Ed.). 1st Ed. Boca Raton, FL.","/h2P7iNCFob6MrtXvZ/0KV0VExqkPzVY","wGVKqNu5xeXKCqkJVSQ93bpoR9cNPKGrbDACuKYLaxs=","All specimens pinned."
"81537f0f-4a91-453e-a898-ac44a5d6ef5a","ONAQ_009.basePlot.bet","D15","ONAQ","ONAQ_009","S","2015-09-08","2015-09-22","2015-09-23","2015-10-01",,"ONAQ_009.S.20150922","HS20H6sTX3EzP/GmiHM81/NS0x2+SBl7uVpagK2kO+A=","invert bycatch",,,,,,,,,,"/h2P7iNCFob6MrtXvZ/0KV0VExqkPzVY",
"7a165bd2-7f90-421b-94d4-6b3f8fb5d196","ONAQ_004.basePlot.bet","D15","ONAQ","ONAQ_004","S","2015-09-08","2015-09-22","2015-09-23","2015-09-23",,"ONAQ_004.S.20150922","oF4AZF7DP5m6trvu6loHGlRILWJ4mhoh4d9pcwoXblU=","invert bycatch",,,,,,,,,,"wGVKqNu5xeXKCqkJVSQ93bpoR9cNPKGrbDACuKYLaxs=",
"fc9edda3-e0b9-408d-96ed-c82c475a5978","ONAQ_018.basePlot.bet","D15","ONAQ","ONAQ_018","S","2015-09-08","2015-09-22","2015-09-23","2015-10-01",,"ONAQ_018.S.20150922","jRbGR65ctTUPEk5/OAamMSvUW+ZyiN/SV8UClHcqnME=","invert bycatch",,,,,,,,,,"/h2P7iNCFob6MrtXvZ/0KV0VExqkPzVY",
"18081189-240d-4e3e-87f0-346b42acb3ba","ONAQ_002.basePlot.bet","D15","ONAQ","ONAQ_002","S","2015-09-08","2015-09-22","2015-09-23","2015-10-01",,"ONAQ_002.S.20150922","sFUsB1SyHEytjVH99RZYGqzcwY/71pYayKiLq+Yhd0o=","invert bycatch",,,,,,,,,,"/h2P7iNCFob6MrtXvZ/0KV0VExqkPzVY",
"a3b0df1b-cdb3-458d-9f90-3cb555feae70","ONAQ_005.basePlot.bet","D15","ONAQ","ONAQ_005","S","2015-09-08","2015-09-22","2015-09-23","2015-10-01",,"ONAQ_005.S.20150922","zbCBMrXz8WnCyzy7igG5RyotCwCYZ1wFq6BSLdHSEUw=","invert bycatch",,,,,,,,,,"wGVKqNu5xeXKCqkJVSQ93bpoR9cNPKGrbDACuKYLaxs=",
"fa8bbc6f-5ca1-4dc2-a4a1-d3f466e1e160","ONAQ_023.basePlot.bet","D15","ONAQ","ONAQ_023","S","2015-09-08","2015-09-22","2015-09-23","2015-10-01","2015-10-22","ONAQ_023.S.20150922","1+J2VA21AZyZLvYhoKvcUTkuWFx7U7LAwZfRwIu2feA=","carabid","CARSP14","Carabidae sp.","family",,"Latreille","D15.2015.MorphB",3,"Arnett Jr., R. H., and M. C. Thomas. 2001. American Beetles Archosemata, Myxophaga, Adephaga, Polyphaga: Staphyliniformia. 1st Vol. (C. Press, Ed.). 1st Ed. Boca Raton, FL.","/h2P7iNCFob6MrtXvZ/0KV0VExqkPzVY","/h2P7iNCFob6MrtXvZ/0KV0VExqkPzVY","All pinned."
"31a514a6-8678-4963-9989-42b673307006","ONAQ_023.basePlot.bet","D15","ONAQ","ONAQ_023","S","2015-09-08","2015-09-22","2015-09-23","2015-10-01",,"ONAQ_023.S.20150922","1+J2VA21AZyZLvYhoKvcUXpvFOwfh0xB0W5L+C6mtZc=","invert bycatch",,,,,,,,,,"/h2P7iNCFob6MrtXvZ/0KV0VExqkPzVY",
"6ec7e1ea-6023-4ef2-8220-be060d4da111","ONAQ_018.basePlot.bet","D15","ONAQ","ONAQ_018","W","2015-09-08","2015-09-22","2015-09-23","2015-10-01",,"ONAQ_018.W.20150922","jRbGR65ctTWUfH6XvNdyi2UNEkBCr6mo9/V7HD9iUJg=","invert bycatch",,,,,,,,,,"/h2P7iNCFob6MrtXvZ/0KV0VExqkPzVY",
"e6173e66-d7e6-46ba-8c0a-5f4e4217aceb","ONAQ_002.basePlot.bet","D15","ONAQ","ONAQ_002","W","2015-09-08","2015-09-22","2015-09-23","2015-10-01",,"ONAQ_002.W.20150922","sFUsB1SyHEzx/7A3LeweJGkcAUUaTK6WT79SeWJ0kM8=","invert bycatch",,,,,,,,,,"/h2P7iNCFob6MrtXvZ/0KV0VExqkPzVY",
"e83a954f-2f54-449a-ba4c-273c9f776c91","ONAQ_005.basePlot.bet","D15","ONAQ","ONAQ_005","W","2015-09-08","2015-09-22","2015-09-23","2015-10-01",,"ONAQ_005.W.20150922","zbCBMrXz8WlocDJIs97OMsfyvyPxlp4diEzpjJUJ67Y=","invert bycatch",,,,,,,,,,"wGVKqNu5xeXKCqkJVSQ93bpoR9cNPKGrbDACuKYLaxs=",
"74d11969-78c0-4cc3-ac26-cf77750317ef","ONAQ_023.basePlot.bet","D15","ONAQ","ONAQ_023","W","2015-09-08","2015-09-22","2015-09-23","2015-10-01",,"ONAQ_023.W.20150922","1+J2VA21AZxbFXn+Knmx/mzWHxo39MAvstv72eFS0ok=","invert bycatch",,,,,,,,,,"/h2P7iNCFob6MrtXvZ/0KV0VExqkPzVY",
"b28cd563-94e5-4ec5-8d60-1cda170a18f9","ONAQ_030.basePlot.bet","D15","ONAQ","ONAQ_030","W","2015-09-08","2015-09-22","2015-09-23","2015-09-23",,"ONAQ_030.W.20150922","GRlDrOb+Mmweo7BcdeB2l/LOebe9RhMHrW3RY3O7g2s=","invert bycatch",,,,,,,,,,"/h2P7iNCFob6MrtXvZ/0KV0VExqkPzVY",
"07b410b5-f9bf-4dd0-a9ff-0061f13bd2b4","ONAQ_016.basePlot.bet","D15","ONAQ","ONAQ_016","W","2015-09-08","2015-09-22","2015-09-23","2015-10-01",,"ONAQ_016.W.20150922","IF7zHzIP4pz1LN0iQwwRHZ+KSFZnnZtczJYDSlPe6uE=","invert bycatch",,,,,,,,,,"/h2P7iNCFob6MrtXvZ/0KV0VExqkPzVY",
"a86f72d2-7426-4f99-9d36-6c9f56b79612","ONAQ_009.basePlot.bet","D15","ONAQ","ONAQ_009","W","2015-09-08","2015-09-22","2015-09-23","2015-10-01",,"ONAQ_009.W.20150922","HS20H6sTX3GVl5TuReFlcuErSTetZ9D9l88EPGbVMms=","invert bycatch",,,,,,,,,,"/h2P7iNCFob6MrtXvZ/0KV0VExqkPzVY",
"8a5c117c-259e-4dec-8b5b-a47258d43c23","ONAQ_004.basePlot.bet","D15","ONAQ","ONAQ_004","W","2015-09-08","2015-09-22","2015-09-23","2015-09-23","2015-10-22","ONAQ_004.W.20150922","oF4AZF7DP5lqqVcy9GiQ7+4wta3Y90JWiCtqToSRAVk=","carabid","CARSP14","Carabidae sp.","family",,"Latreille","D15.2015.MorphB",1,"Arnett Jr., R. H., and M. C. Thomas. 2001. American Beetles Archosemata, Myxophaga, Adephaga, Polyphaga: Staphyliniformia. 1st Vol. (C. Press, Ed.). 1st Ed. Boca Raton, FL.","/h2P7iNCFob6MrtXvZ/0KV0VExqkPzVY","wGVKqNu5xeXKCqkJVSQ93bpoR9cNPKGrbDACuKYLaxs=","Specimen pinned."
"5ec15fc5-2c8c-4ad0-84cd-fc41d746d222","ONAQ_004.basePlot.bet","D15","ONAQ","ONAQ_004","W","2015-09-08","2015-09-22","2015-09-23","2015-09-23",,"ONAQ_004.W.20150922","oF4AZF7DP5lqqVcy9GiQ7xO2joCOKhlqhPHCJUH22u8=","invert bycatch",,,,,,,,,,"wGVKqNu5xeXKCqkJVSQ93bpoR9cNPKGrbDACuKYLaxs=",
"11dabab9-1efd-49f9-abe8-ad7f07f8988e","ONAQ_073.basePlot.bet","D15","ONAQ","ONAQ_073","W","2015-09-08","2015-09-22","2015-09-23","2015-09-23",,"ONAQ_073.W.20150922","k+c7ld7T6esTpI9aaMZzpyYGaqWmOMneRNm2La7Z7yc=","invert bycatch",,,,,,,,,,"wGVKqNu5xeXKCqkJVSQ93bpoR9cNPKGrbDACuKYLaxs=",
"78147c45-80b1-4516-a167-ba8bb19da8ec","ONAQ_073.basePlot.bet","D15","ONAQ","ONAQ_073","W","2015-09-08","2015-09-22","2015-09-23","2015-09-23","2015-10-22","ONAQ_073.W.20150922","k+c7ld7T6esTpI9aaMZzpzwuZSMSsQCjwgzjQObtrfc=","carabid","CARSP14","Carabidae sp.","family",,"Latreille","D15.2015.MorphB",1,"Arnett Jr., R. H., and M. C. Thomas. 2001. American Beetles Archosemata, Myxophaga, Adephaga, Polyphaga: Staphyliniformia. 1st Vol. (C. Press, Ed.). 1st Ed. Boca Raton, FL.","/h2P7iNCFob6MrtXvZ/0KV0VExqkPzVY","wGVKqNu5xeXKCqkJVSQ93bpoR9cNPKGrbDACuKYLaxs=","specimen pinned."
"d1970d7a-41fa-46a9-91f4-333950c5cbef","ONAQ_011.basePlot.bet","D15","ONAQ","ONAQ_011","W","2015-09-08","2015-09-22","2015-09-23","2015-10-01",,"ONAQ_011.W.20150922","ilvJi7uUt53X6+O5C8JtxJFacCxApCtEfxEQckP2b7o=","invert bycatch",,,,,,,,,,"/h2P7iNCFob6MrtXvZ/0KV0VExqkPzVY",
"7859a13f-bfd2-416c-aab9-eecde5d0ba01","ONAQ_004.basePlot.bet","D15","ONAQ","ONAQ_004","E","2015-09-08","2015-09-22","2015-09-23","2015-09-23",,"ONAQ_004.E.20150922","oF4AZF7DP5k2TaupVk05QUeQCsWhw2RRzDrt6I80ezk=","invert bycatch",,,,,,,,,,"wGVKqNu5xeXKCqkJVSQ93bpoR9cNPKGrbDACuKYLaxs=",
