uid,namedLocation,domainID,siteID,plotID,trapID,plotType,nlcdClass,decimalLatitude,decimalLongitude,geodeticDatum,coordinateUncertainty,elevation,elevationUncertainty,setDate,collectDate,eventID,daysOfTrapping,sampleCollected,sampleID,cupStatus,lidStatus,fluidLevel,samplingProtocolVersion,recordedBy,remarks
"9338da8a-0139-4322-8690-788ef9759074","ONAQ_023.basePlot.bet","D15","ONAQ","ONAQ_023","E","distributed","evergreenForest",40.193889,-112.505432,"WGS84",20.1,1862.8,0.1,"2016-07-19","2016-08-02","ONAQ.2016.31",14,"Y","ONAQ_023.E.20160802","Ok","Ok","Ok","NEON.DOC.014050vH","JpRJfZJ7mpH/Nxx75zJxRJMH3iC8tjefxSmnXlI7d1E=",
"c3fe8096-f961-4a37-ab7a-e34fa57d9712","ONAQ_004.basePlot.bet","D15","ONAQ","ONAQ_004","W","distributed","shrubScrub",40.185937,-112.472482,"WGS84",20.1,1714.1,0.1,"2016-07-19","2016-08-02","ONAQ.2016.31",14,"Y","ONAQ_004.W.20160802","Ok","Ok","Low","NEON.DOC.014050vH","JpRJfZJ7mpH/Nxx75zJxRJMH3iC8tjefxSmnXlI7d1E=",
"ac8080c7-95db-4442-b311-61cdce53fb4a","ONAQ_002.basePlot.bet","D15","ONAQ","ONAQ_002","E","distributed","shrubScrub",40.193323,-112.464547,"WGS84",20.1,1688.4,0.2,"2016-07-19","2016-08-02","ONAQ.2016.31",14,"Y","ONAQ_002.E.20160802","Ok","Ok","Ok","NEON.DOC.014050vH","JpRJfZJ7mpH/Nxx75zJxRJMH3iC8tjefxSmnXlI7d1E=",
"444aecca-10d1-4fcd-8eb1-8f925238f906","ONAQ_018.basePlot.bet","D15","ONAQ","ONAQ_018","E","distributed","shrubScrub",40.197201,-112.437822,"WGS84",20.1,1629.0,0.1,"2016-07-19","2016-08-02","ONAQ.2016.31",14,"Y","ONAQ_018.E.20160802","Ok","Ok","Ok","NEON.DOC.014050vH","JpRJfZJ7mpH/Nxx75zJxRJMH3iC8tjefxSmnXlI7d1E=",
"ae8cdf47-2b4d-4d6b-a1e0-3fce07ab0df3","ONAQ_004.basePlot.bet","D15","ONAQ","ONAQ_004","E","distributed","shrubScrub",40.185937,-112.472482,"WGS84",20.1,1714.1,0.1,"2016-07-19","2016-08-02","ONAQ.2016.31",14,"Y","ONAQ_004.E.20160802","Ok","Ok","Ok","NEON.DOC.014050vH","JpRJfZJ7mpH/Nxx75zJxRJMH3iC8tjefxSmnXlI7d1E=",
"b1209681-9abf-46c6-98d6-b71ae5eea758","ONAQ_009.basePlot.bet","D15","ONAQ","ONAQ_009","E","distributed","shrubScrub",40.160803,-112.471250,"WGS84",20.1,1671.6,0.1,"2016-07-19","2016-08-02","ONAQ.2016.31",14,"Y","ONAQ_009.E.20160802","Ok","Ok","Ok","NEON.DOC.014050vH","JpRJfZJ7mpH/Nxx75zJxRJMH3iC8tjefxSmnXlI7d1E=",
"97465af6-c773-4461-99c9-e7c1eaf9cff2","ONAQ_016.basePlot.bet","D15","ONAQ","ONAQ_016","E","distributed","shrubScrub",40.175178,-112.446181,"WGS84",20.1,1638.0,0.1,"2016-07-19","2016-08-02","ONAQ.2016.31",14,"Y","ONAQ_016.E.20160802","Ok","Ok","Ok","NEON.DOC.014050vH","wsPgf8Zw9fJKymWy47Zkre6IykLRH3+g",
"45bdc821-025e-4c23-91e8-10b5b53727a9","ONAQ_011.basePlot.bet","D15","ONAQ","ONAQ_011","E","distributed","shrubScrub",40.150746,-112.456227,"WGS84",20.1,1618.7,0.2,"2016-07-19","2016-08-02","ONAQ.2016.31",14,"Y","ONAQ_011.E.20160802","Ok","Ok","Ok","NEON.DOC.014050vH","JpRJfZJ7mpH/Nxx75zJxRJMH3iC8tjefxSmnXlI7d1E=","SW corner 21 appears to be missing"
"70aac711-aa2e-4f18-a970-ce3f9ce5518b","ONAQ_030.basePlot.bet","D15","ONAQ","ONAQ_030","E","distributed","evergreenForest",40.201643,-112.513698,"WGS84",20.1,1957.1,0.1,"2016-07-19","2016-08-02","ONAQ.2016.31",14,"Y","ONAQ_030.E.20160802","Ok","Ok","Ok","NEON.DOC.014050vH","JpRJfZJ7mpH/Nxx75zJxRJMH3iC8tjefxSmnXlI7d1E=",
"b6278e9a-b2c3-4311-accb-5664fe89dc3e","ONAQ_073.basePlot.bet","D15","ONAQ","ONAQ_073","E","distributed","evergreenForest",40.181100,-112.512554,"WGS84",20.1,1848.5,0.1,"2016-07-19","2016-08-02","ONAQ.2016.31",14,"Y","ONAQ_073.E.20160802","Ok","Ok","Ok","NEON.DOC.014050vH","JpRJfZJ7mpH/Nxx75zJxRJMH3iC8tjefxSmnXlI7d1E=",
"0933b8fc-bd5d-4514-a02d-137279efd1f8","ONAQ_016.basePlot.bet","D15","ONAQ","ONAQ_016","N","distributed","shrubScrub",40.175178,-112.446181,"WGS84",20.1,1638.0,0.1,"2016-07-19","2016-08-02","ONAQ.2016.31",14,"Y","ONAQ_016.N.20160802","Ok","Ok","Ok","NEON.DOC.014050vH","wsPgf8Zw9fJKymWy47Zkre6IykLRH3+g",
"47541090-5093-4d01-8120-a2047a270191","ONAQ_009.basePlot.bet","D15","ONAQ","ONAQ_009","N","distributed","shrubScrub",40.160803,-112.471250,"WGS84",20.1,1671.6,0.1,"2016-07-19","2016-08-02","ONAQ.2016.31",14,"Y","ONAQ_009.N.20160802","Ok","Ok","Ok","NEON.DOC.014050vH","JpRJfZJ7mpH/Nxx75zJxRJMH3iC8tjefxSmnXlI7d1E=",
"c0b0051b-b877-481d-ba57-0b8ce32caf1c","ONAQ_030.basePlot.bet","D15","ONAQ","ONAQ_030","N","distributed","evergreenForest",40.201643,-112.513698,"WGS84",20.1,1957.1,0.1,"2016-07-19","2016-08-02","ONAQ.2016.31",14,"Y","ONAQ_030.N.20160802","Ok","Ok","Ok","NEON.DOC.014050vH","JpRJfZJ7mpH/Nxx75zJxRJMH3iC8tjefxSmnXlI7d1E=",
"6c516874-d03e-4620-9195-660135ee587e","ONAQ_011.basePlot.bet","D15","ONAQ","ONAQ_011","N","distributed","shrubScrub",40.150746,-112.456227,"WGS84",20.1,1618.7,0.2,"2016-07-19","2016-08-02","ONAQ.2016.31",14,"Y","ONAQ_011.N.20160802","Ok","Ok","Ok","NEON.DOC.014050vH","JpRJfZJ7mpH/Nxx75zJxRJMH3iC8tjefxSmnXlI7d1E=","SW corner 21 appears to be missing"
"b8d87afb-5660-430a-93fb-a659684c3079","ONAQ_073.basePlot.bet","D15","ONAQ","ONAQ_073","N","distributed","evergreenForest",40.181100,-112.512554,"WGS84",20.1,1848.5,0.1,"2016-07-19","2016-08-02","ONAQ.2016.31",14,"Y","ONAQ_073.N.20160802","Ok","Ok","Ok","NEON.DOC.014050vH","JpRJfZJ7mpH/Nxx75zJxRJMH3iC8tjefxSmnXlI7d1E=",
"e5e78e6f-9803-4513-a01f-00853d59a5e7","ONAQ_023.basePlot.bet","D15","ONAQ","ONAQ_023","N","distributed","evergreenForest",40.193889,-112.505432,"WGS84",20.1,1862.8,0.1,"2016-07-19","2016-08-02","ONAQ.2016.31",14,"Y","ONAQ_023.N.20160802","Ok","Ok","Ok","NEON.DOC.014050vH","JpRJfZJ7mpH/Nxx75zJxRJMH3iC8tjefxSmnXlI7d1E=",
"ae33aeb9-035a-426c-921e-9e4f11982637","ONAQ_005.basePlot.bet","D15","ONAQ","ONAQ_005","N","distributed","shrubScrub",40.180774,-112.431855,"WGS84",20.1,1614.7,0.1,"2016-07-19","2016-08-02","ONAQ.2016.31",14,"Y","ONAQ_005.N.20160802","Ok","Ok","Low","NEON.DOC.014050vH","JpRJfZJ7mpH/Nxx75zJxRJMH3iC8tjefxSmnXlI7d1E=",
"4e8c9ec2-8d0f-4a0b-b265-089c82ea7b25","ONAQ_002.basePlot.bet","D15","ONAQ","ONAQ_002","N","distributed","shrubScrub",40.193323,-112.464547,"WGS84",20.1,1688.4,0.2,"2016-07-19","2016-08-02","ONAQ.2016.31",14,"Y","ONAQ_002.N.20160802","Ok","Ok","Ok","NEON.DOC.014050vH","JpRJfZJ7mpH/Nxx75zJxRJMH3iC8tjefxSmnXlI7d1E=",
"21688171-7974-4143-9c8b-11e0274f284b","ONAQ_018.basePlot.bet","D15","ONAQ","ONAQ_018","N","distributed","shrubScrub",40.197201,-112.437822,"WGS84",20.1,1629.0,0.1,"2016-07-19","2016-08-02","ONAQ.2016.31",14,"Y","ONAQ_018.N.20160802","Ok","Ok","Ok","NEON.DOC.014050vH","JpRJfZJ7mpH/Nxx75zJxRJMH3iC8tjefxSmnXlI7d1E=",
"29d0a335-a648-47c8-af60-14baf871b76a","ONAQ_004.basePlot.bet","D15","ONAQ","ONAQ_004","N","distributed","shrubScrub",40.185937,-112.472482,"WGS84",20.1,1714.1,0.1,"2016-07-19","2016-08-02","ONAQ.2016.31",14,"Y","ONAQ_004.N.20160802","Ok","Ok","Ok","NEON.DOC.014050vH","JpRJfZJ7mpH/Nxx75zJxRJMH3iC8tjefxSmnXlI7d1E=",
"9fed6ef4-3b9d-4428-8aa9-a07677f49465","ONAQ_011.basePlot.bet","D15","ONAQ","ONAQ_011","S","distributed","shrubScrub",40.150746,-112.456227,"WGS84",20.1,1618.7,0.2,"2016-07-19","2016-08-02","ONAQ.2016.31",14,"Y","ONAQ_011.S.20160802","Ok","Ok","Ok","NEON.DOC.014050vH","JpRJfZJ7mpH/Nxx75zJxRJMH3iC8tjefxSmnXlI7d1E=","SW corner 21 appears to be missing"
"5439d7d1-ff2c-475e-82e3-4597ed709e76","ONAQ_002.basePlot.bet","D15","ONAQ","ONAQ_002","S","distributed","shrubScrub",40.193323,-112.464547,"WGS84",20.1,1688.4,0.2,"2016-07-19","2016-08-02","ONAQ.2016.31",14,"Y","ONAQ_002.S.20160802","Ok","Ok","Ok","NEON.DOC.014050vH","JpRJfZJ7mpH/Nxx75zJxRJMH3iC8tjefxSmnXlI7d1E=",
"9bc8d878-d3b9-4a37-a61b-5c30c73df64e","ONAQ_004.basePlot.bet","D15","ONAQ","ONAQ_004","S","distributed","shrubScrub",40.185937,-112.472482,"WGS84",20.1,1714.1,0.1,"2016-07-19","2016-08-02","ONAQ.2016.31",14,"Y","ONAQ_004.S.20160802","Ok","Ok","Ok","NEON.DOC.014050vH","JpRJfZJ7mpH/Nxx75zJxRJMH3iC8tjefxSmnXlI7d1E=",
"87152a3c-02a0-483e-9ad0-5f2afec3086d","ONAQ_009.basePlot.bet","D15","ONAQ","ONAQ_009","S","distributed","shrubScrub",40.160803,-112.471250,"WGS84",20.1,1671.6,0.1,"2016-07-19","2016-08-02","ONAQ.2016.31",14,"Y","ONAQ_009.S.20160802","Ok","Ok","Low","NEON.DOC.014050vH","JpRJfZJ7mpH/Nxx75zJxRJMH3iC8tjefxSmnXlI7d1E=",
"3d5fa62f-8306-4e99-96a1-53da579fdfa8","ONAQ_016.basePlot.bet","D15","ONAQ","ONAQ_016","S","distributed","shrubScrub",40.175178,-112.446181,"WGS84",20.1,1638.0,0.1,"2016-07-19","2016-08-02","ONAQ.2016.31",14,"Y","ONAQ_016.S.20160802","Ok","Ok","Ok","NEON.DOC.014050vH","wsPgf8Zw9fJKymWy47Zkre6IykLRH3+g",
"f576a11a-48f4-40d4-8699-761eff385aa7","ONAQ_030.basePlot.bet","D15","ONAQ","ONAQ_030","S","distributed","evergreenForest",40.201643,-112.513698,"WGS84",20.1,1957.1,0.1,"2016-07-19","2016-08-02","ONAQ.2016.31",14,"Y","ONAQ_030.S.20160802","Ok","Ok","Ok","NEON.DOC.014050vH","JpRJfZJ7mpH/Nxx75zJxRJMH3iC8tjefxSmnXlI7d1E=",
"7ec822e4-cbab-4ffe-aeb5-4082f4aed58a","ONAQ_023.basePlot.bet","D15","ONAQ","ONAQ_023","S","distributed","evergreenForest",40.193889,-112.505432,"WGS84",20.1,1862.8,0.1,"2016-07-19","2016-08-02","ONAQ.2016.31",14,"Y","ONAQ_023.S.20160802","Ok","Ok","Ok","NEON.DOC.014050vH","JpRJfZJ7mpH/Nxx75zJxRJMH3iC8tjefxSmnXlI7d1E=",
"862dde30-e2ef-4a4f-b480-48c68537a5d9","ONAQ_073.basePlot.bet","D15","ONAQ","ONAQ_073","S","distributed","evergreenForest",40.181100,-112.512554,"WGS84",20.1,1848.5,0.1,"2016-07-19","2016-08-02","ONAQ.2016.31",14,"Y","ONAQ_073.S.20160802","Ok","Ok","Ok","NEON.DOC.014050vH","JpRJfZJ7mpH/Nxx75zJxRJMH3iC8tjefxSmnXlI7d1E=",
"0b79a325-5cec-4981-b813-99466e51b82c","ONAQ_005.basePlot.bet","D15","ONAQ","ONAQ_005","S","distributed","shrubScrub",40.180774,-112.431855,"WGS84",20.1,1614.7,0.1,"2016-07-19","2016-08-02","ONAQ.2016.31",14,"Y","ONAQ_005.S.20160802","Ok","Ok","Low","NEON.DOC.014050vH","JpRJfZJ7mpH/Nxx75zJxRJMH3iC8tjefxSmnXlI7d1E=",
"518ccf70-18af-4c51-bebf-903318f92ef6","ONAQ_018.basePlot.bet","D15","ONAQ","ONAQ_018","S","distributed","shrubScrub",40.197201,-112.437822,"WGS84",20.1,1629.0,0.1,"2016-07-19","2016-08-02","ONAQ.2016.31",14,"Y","ONAQ_018.S.20160802","Ok","Ok","Low","NEON.DOC.014050vH","JpRJfZJ7mpH/Nxx75zJxRJMH3iC8tjefxSmnXlI7d1E=",
"39404ec1-8570-474d-82d9-0237c60dbbde","ONAQ_009.basePlot.bet","D15","ONAQ","ONAQ_009","W","distributed","shrubScrub",40.160803,-112.471250,"WGS84",20.1,1671.6,0.1,"2016-07-19","2016-08-02","ONAQ.2016.31",14,"Y","ONAQ_009.W.20160802","Ok","Ok","Ok","NEON.DOC.014050vH","JpRJfZJ7mpH/Nxx75zJxRJMH3iC8tjefxSmnXlI7d1E=",
"4590931c-ecd8-4ee9-9198-b9f25f9f1f2b","ONAQ_016.basePlot.bet","D15","ONAQ","ONAQ_016","W","distributed","shrubScrub",40.175178,-112.446181,"WGS84",20.1,1638.0,0.1,"2016-07-19","2016-08-02","ONAQ.2016.31",14,"Y","ONAQ_016.W.20160802","Ok","Ok","Ok","NEON.DOC.014050vH","wsPgf8Zw9fJKymWy47Zkre6IykLRH3+g",
"5ae5dd20-5c7d-4aca-a17d-d8980e5c076c","ONAQ_030.basePlot.bet","D15","ONAQ","ONAQ_030","W","distributed","evergreenForest",40.201643,-112.513698,"WGS84",20.1,1957.1,0.1,"2016-07-19","2016-08-02","ONAQ.2016.31",14,"Y","ONAQ_030.W.20160802","Ok","Ok","Ok","NEON.DOC.014050vH","JpRJfZJ7mpH/Nxx75zJxRJMH3iC8tjefxSmnXlI7d1E=",
"72cc5a8f-2ae6-49fe-babc-9ac6e104a34e","ONAQ_011.basePlot.bet","D15","ONAQ","ONAQ_011","W","distributed","shrubScrub",40.150746,-112.456227,"WGS84",20.1,1618.7,0.2,"2016-07-19","2016-08-02","ONAQ.2016.31",14,"Y","ONAQ_011.W.20160802","Ok","Ok","Ok","NEON.DOC.014050vH","JpRJfZJ7mpH/Nxx75zJxRJMH3iC8tjefxSmnXlI7d1E=","SW corner 21 appears to be missing"
"bb4a2bd6-2a0d-41f4-8cb7-c0bdc7f36258","ONAQ_073.basePlot.bet","D15","ONAQ","ONAQ_073","W","distributed","evergreenForest",40.181100,-112.512554,"WGS84",20.1,1848.5,0.1,"2016-07-19","2016-08-02","ONAQ.2016.31",14,"Y","ONAQ_073.W.20160802","Ok","Ok","Ok","NEON.DOC.014050vH","JpRJfZJ7mpH/Nxx75zJxRJMH3iC8tjefxSmnXlI7d1E=",
"49d6ea2e-683a-412c-9c6d-5a04df0a3b3a","ONAQ_023.basePlot.bet","D15","ONAQ","ONAQ_023","W","distributed","evergreenForest",40.193889,-112.505432,"WGS84",20.1,1862.8,0.1,"2016-07-19","2016-08-02","ONAQ.2016.31",14,"Y","ONAQ_023.W.20160802","Ok","Ok","Ok","NEON.DOC.014050vH","JpRJfZJ7mpH/Nxx75zJxRJMH3iC8tjefxSmnXlI7d1E=",
"f126f47c-9dc3-4ddd-bfd6-1434b47fe881","ONAQ_005.basePlot.bet","D15","ONAQ","ONAQ_005","W","distributed","shrubScrub",40.180774,-112.431855,"WGS84",20.1,1614.7,0.1,"2016-07-19","2016-08-02","ONAQ.2016.31",14,"Y","ONAQ_005.W.20160802","Ok","Ok","Low","NEON.DOC.014050vH","JpRJfZJ7mpH/Nxx75zJxRJMH3iC8tjefxSmnXlI7d1E=",
"fdb51c2a-c42f-4a48-8e2a-2cd1f72f6582","ONAQ_002.basePlot.bet","D15","ONAQ","ONAQ_002","W","distributed","shrubScrub",40.193323,-112.464547,"WGS84",20.1,1688.4,0.2,"2016-07-19","2016-08-02","ONAQ.2016.31",14,"Y","ONAQ_002.W.20160802","Ok","Ok","Ok","NEON.DOC.014050vH","JpRJfZJ7mpH/Nxx75zJxRJMH3iC8tjefxSmnXlI7d1E=",
"50ea3794-e26e-403e-a8ff-67b4991ff2ae","ONAQ_018.basePlot.bet","D15","ONAQ","ONAQ_018","W","distributed","shrubScrub",40.197201,-112.437822,"WGS84",20.1,1629.0,0.1,"2016-07-19","2016-08-02","ONAQ.2016.31",14,"Y","ONAQ_018.W.20160802","Ok","Ok","Low","NEON.DOC.014050vH","JpRJfZJ7mpH/Nxx75zJxRJMH3iC8tjefxSmnXlI7d1E=",
"d69fb74f-be86-4605-8904-24ca63f1afa1","ONAQ_005.basePlot.bet","D15","ONAQ","ONAQ_005","E","distributed","shrubScrub",40.180774,-112.431855,"WGS84",20.1,1614.7,0.1,"2016-07-19","2016-08-02","ONAQ.2016.31",14,"Y","ONAQ_005.E.20160802","Ok","Ok","Low","NEON.DOC.014050vH","JpRJfZJ7mpH/Nxx75zJxRJMH3iC8tjefxSmnXlI7d1E=",
"d6d2661b-8028-48dc-a0d7-282e28980e24","ONAQ_004.basePlot.bet","D15","ONAQ","ONAQ_004","E","distributed","shrubScrub",40.185937,-112.472482,"WGS84",20.1,1714.1,0.1,"2016-08-02","2016-08-16","ONAQ.2016.33",14,"Y","ONAQ_004.E.20160816","Ok","Ok","Ok","NEON.DOC.014050vH","wsPgf8Zw9fJKymWy47Zkre6IykLRH3+g",
"fe0b0bf7-95b1-496e-a06c-7ee68b595597","ONAQ_016.basePlot.bet","D15","ONAQ","ONAQ_016","E","distributed","shrubScrub",40.175178,-112.446181,"WGS84",20.1,1638.0,0.1,"2016-08-02","2016-08-16","ONAQ.2016.33",14,"Y","ONAQ_016.E.20160816","Ok","Ok","Ok","NEON.DOC.014050vH","wsPgf8Zw9fJKymWy47Zkre6IykLRH3+g",
"61698011-59c0-4385-aae8-6aa35aed161d","ONAQ_030.basePlot.bet","D15","ONAQ","ONAQ_030","E","distributed","evergreenForest",40.201643,-112.513698,"WGS84",20.1,1957.1,0.1,"2016-08-02","2016-08-16","ONAQ.2016.33",14,"Y","ONAQ_030.E.20160816","Ok","Ok","Ok","NEON.DOC.014050vH","wsPgf8Zw9fJKymWy47Zkre6IykLRH3+g",
"e834353e-ea16-45d9-8531-ba1fe23628b1","ONAQ_011.basePlot.bet","D15","ONAQ","ONAQ_011","E","distributed","shrubScrub",40.150746,-112.456227,"WGS84",20.1,1618.7,0.2,"2016-08-02","2016-08-16","ONAQ.2016.33",14,"Y","ONAQ_011.E.20160816","Ok","Ok","Ok","NEON.DOC.014050vH","wsPgf8Zw9fJKymWy47Zkre6IykLRH3+g",
"61cd6011-a9a9-4cf6-9f27-20ebd6bc7871","ONAQ_073.basePlot.bet","D15","ONAQ","ONAQ_073","E","distributed","evergreenForest",40.181100,-112.512554,"WGS84",20.1,1848.5,0.1,"2016-08-02","2016-08-16","ONAQ.2016.33",14,"N",,"Ok","Ok",,"NEON.DOC.014050vH","wsPgf8Zw9fJKymWy47Zkre6IykLRH3+g","Trap mistakenly not set (no PG was put into cup on 8/2/2017) - no sample"
"cee6f5e1-8ede-4166-a4e0-5cc9cf01dbc1","ONAQ_005.basePlot.bet","D15","ONAQ","ONAQ_005","E","distributed","shrubScrub",40.180774,-112.431855,"WGS84",20.1,1614.7,0.1,"2016-08-02","2016-08-16","ONAQ.2016.33",14,"Y","ONAQ_005.E.20160816","Ok","Ok","Ok","NEON.DOC.014050vH","H8QPQPAANWHTvcwyXfx3VJX3LXULEJc5JmWxCMUEtNs=",
"5fef6f76-0962-414c-842f-186539d85085","ONAQ_023.basePlot.bet","D15","ONAQ","ONAQ_023","E","distributed","evergreenForest",40.193889,-112.505432,"WGS84",20.1,1862.8,0.1,"2016-08-02","2016-08-16","ONAQ.2016.33",14,"Y","ONAQ_023.E.20160816","Ok","Ok","Ok","NEON.DOC.014050vH","wsPgf8Zw9fJKymWy47Zkre6IykLRH3+g",
"cff27a64-1599-4757-a708-2de377860909","ONAQ_018.basePlot.bet","D15","ONAQ","ONAQ_018","E","distributed","shrubScrub",40.197201,-112.437822,"WGS84",20.1,1629.0,0.1,"2016-08-02","2016-08-16","ONAQ.2016.33",14,"Y","ONAQ_018.E.20160816","Ok","Ok","Ok","NEON.DOC.014050vH","H8QPQPAANWHTvcwyXfx3VJX3LXULEJc5JmWxCMUEtNs=","Had vertebrate bycatch"
"658c1323-cf5a-4d83-b2a1-f0a00224378d","ONAQ_002.basePlot.bet","D15","ONAQ","ONAQ_002","E","distributed","shrubScrub",40.193323,-112.464547,"WGS84",20.1,1688.4,0.2,"2016-08-02","2016-08-16","ONAQ.2016.33",14,"Y","ONAQ_002.E.20160816","Ok","Ok","Ok","NEON.DOC.014050vH","H8QPQPAANWHTvcwyXfx3VJX3LXULEJc5JmWxCMUEtNs=",
"1eb534f9-7b16-42b5-a464-783fd8cb09e1","ONAQ_009.basePlot.bet","D15","ONAQ","ONAQ_009","E","distributed","shrubScrub",40.160803,-112.471250,"WGS84",20.1,1671.6,0.1,"2016-08-02","2016-08-16","ONAQ.2016.33",14,"Y","ONAQ_009.E.20160816","Ok","Ok","Ok","NEON.DOC.014050vH","wsPgf8Zw9fJKymWy47Zkre6IykLRH3+g",
"4e341e16-220d-4dcc-9669-eb1b49a53b9c","ONAQ_073.basePlot.bet","D15","ONAQ","ONAQ_073","N","distributed","evergreenForest",40.181100,-112.512554,"WGS84",20.1,1848.5,0.1,"2016-08-02","2016-08-16","ONAQ.2016.33",14,"Y","ONAQ_073.N.20160816",,,,"NEON.DOC.014050vH","wsPgf8Zw9fJKymWy47Zkre6IykLRH3+g",
"74f7cf75-ce99-4c1e-b878-6546eed1d003","ONAQ_011.basePlot.bet","D15","ONAQ","ONAQ_011","N","distributed","shrubScrub",40.150746,-112.456227,"WGS84",20.1,1618.7,0.2,"2016-08-02","2016-08-16","ONAQ.2016.33",14,"Y","ONAQ_011.N.20160816","Ok","Ok","Ok","NEON.DOC.014050vH","wsPgf8Zw9fJKymWy47Zkre6IykLRH3+g",
"ea096407-96a0-459e-8a88-a2608f5f2667","ONAQ_030.basePlot.bet","D15","ONAQ","ONAQ_030","N","distributed","evergreenForest",40.201643,-112.513698,"WGS84",20.1,1957.1,0.1,"2016-08-02","2016-08-16","ONAQ.2016.33",14,"Y","ONAQ_030.N.20160816","Ok","Ok","Ok","NEON.DOC.014050vH","wsPgf8Zw9fJKymWy47Zkre6IykLRH3+g",
"f1b1fed7-8a1c-45ae-8049-ed746cc3da0f","ONAQ_016.basePlot.bet","D15","ONAQ","ONAQ_016","N","distributed","shrubScrub",40.175178,-112.446181,"WGS84",20.1,1638.0,0.1,"2016-08-02","2016-08-16","ONAQ.2016.33",14,"Y","ONAQ_016.N.20160816","Ok","Ok","Ok","NEON.DOC.014050vH","wsPgf8Zw9fJKymWy47Zkre6IykLRH3+g",
"65d2534b-0956-4670-a956-e0bf1107bda2","ONAQ_009.basePlot.bet","D15","ONAQ","ONAQ_009","N","distributed","shrubScrub",40.160803,-112.471250,"WGS84",20.1,1671.6,0.1,"2016-08-02","2016-08-16","ONAQ.2016.33",14,"Y","ONAQ_009.N.20160816","Ok","Ok","Ok","NEON.DOC.014050vH","wsPgf8Zw9fJKymWy47Zkre6IykLRH3+g",
"1ecdcdb9-6bf3-4294-a2e3-1a162144229c","ONAQ_004.basePlot.bet","D15","ONAQ","ONAQ_004","N","distributed","shrubScrub",40.185937,-112.472482,"WGS84",20.1,1714.1,0.1,"2016-08-02","2016-08-16","ONAQ.2016.33",14,"Y","ONAQ_004.N.20160816","Ok","Ok","Ok","NEON.DOC.014050vH","wsPgf8Zw9fJKymWy47Zkre6IykLRH3+g",
"a3dc2ff3-7f90-4567-a30f-afaaae3f0499","ONAQ_018.basePlot.bet","D15","ONAQ","ONAQ_018","N","distributed","shrubScrub",40.197201,-112.437822,"WGS84",20.1,1629.0,0.1,"2016-08-02","2016-08-16","ONAQ.2016.33",14,"Y","ONAQ_018.N.20160816","Ok","Ok","Ok","NEON.DOC.014050vH","H8QPQPAANWHTvcwyXfx3VJX3LXULEJc5JmWxCMUEtNs=",
"dca77321-4798-4b27-a639-c7d333f952a4","ONAQ_002.basePlot.bet","D15","ONAQ","ONAQ_002","N","distributed","shrubScrub",40.193323,-112.464547,"WGS84",20.1,1688.4,0.2,"2016-08-02","2016-08-16","ONAQ.2016.33",14,"Y","ONAQ_002.N.20160816","Ok","Ok","Ok","NEON.DOC.014050vH","H8QPQPAANWHTvcwyXfx3VJX3LXULEJc5JmWxCMUEtNs=",
"f83285f7-0ebc-4d60-97a0-ae53aadfc9ec","ONAQ_005.basePlot.bet","D15","ONAQ","ONAQ_005","N","distributed","shrubScrub",40.180774,-112.431855,"WGS84",20.1,1614.7,0.1,"2016-08-02","2016-08-16","ONAQ.2016.33",14,"Y","ONAQ_005.N.20160816","Ok","Ok","Ok","NEON.DOC.014050vH","H8QPQPAANWHTvcwyXfx3VJX3LXULEJc5JmWxCMUEtNs=",
"effe2ca0-b171-48c2-8f48-104958625cc6","ONAQ_023.basePlot.bet","D15","ONAQ","ONAQ_023","N","distributed","evergreenForest",40.193889,-112.505432,"WGS84",20.1,1862.8,0.1,"2016-08-02","2016-08-16","ONAQ.2016.33",14,"Y","ONAQ_023.N.20160816","Ok","Ok","Ok","NEON.DOC.014050vH","wsPgf8Zw9fJKymWy47Zkre6IykLRH3+g",
"43a0c74d-58a9-4847-a7f4-650a354f922e","ONAQ_004.basePlot.bet","D15","ONAQ","ONAQ_004","S","distributed","shrubScrub",40.185937,-112.472482,"WGS84",20.1,1714.1,0.1,"2016-08-02","2016-08-16","ONAQ.2016.33",14,"Y","ONAQ_004.S.20160816","Ok","Ok","Ok","NEON.DOC.014050vH","wsPgf8Zw9fJKymWy47Zkre6IykLRH3+g",
"be894cad-34c8-49d9-b6b6-012dac1630e3","ONAQ_018.basePlot.bet","D15","ONAQ","ONAQ_018","S","distributed","shrubScrub",40.197201,-112.437822,"WGS84",20.1,1629.0,0.1,"2016-08-02","2016-08-16","ONAQ.2016.33",14,"Y","ONAQ_018.S.20160816","Ok","Ok","Ok","NEON.DOC.014050vH","H8QPQPAANWHTvcwyXfx3VJX3LXULEJc5JmWxCMUEtNs=",
"3e77c466-9d4f-41ae-a4a1-a550f66e51c2","ONAQ_023.basePlot.bet","D15","ONAQ","ONAQ_023","S","distributed","evergreenForest",40.193889,-112.505432,"WGS84",20.1,1862.8,0.1,"2016-08-02","2016-08-16","ONAQ.2016.33",14,"Y","ONAQ_023.S.20160816","Ok","Ok","Ok","NEON.DOC.014050vH","wsPgf8Zw9fJKymWy47Zkre6IykLRH3+g",
"1b891418-04ea-4046-a68c-745ed1345abc","ONAQ_005.basePlot.bet","D15","ONAQ","ONAQ_005","S","distributed","shrubScrub",40.180774,-112.431855,"WGS84",20.1,1614.7,0.1,"2016-08-02","2016-08-16","ONAQ.2016.33",14,"Y","ONAQ_005.S.20160816","Ok","Ok","Ok","NEON.DOC.014050vH","H8QPQPAANWHTvcwyXfx3VJX3LXULEJc5JmWxCMUEtNs=",
"1b4d21c9-553e-4e88-ac1b-b9c9739b600c","ONAQ_002.basePlot.bet","D15","ONAQ","ONAQ_002","S","distributed","shrubScrub",40.193323,-112.464547,"WGS84",20.1,1688.4,0.2,"2016-08-02","2016-08-16","ONAQ.2016.33",14,"Y","ONAQ_002.S.20160816","Ok","Ok","Ok","NEON.DOC.014050vH","H8QPQPAANWHTvcwyXfx3VJX3LXULEJc5JmWxCMUEtNs=",
"5b95e26a-eb5b-495f-b54a-986a210b59f5","ONAQ_030.basePlot.bet","D15","ONAQ","ONAQ_030","S","distributed","evergreenForest",40.201643,-112.513698,"WGS84",20.1,1957.1,0.1,"2016-08-02","2016-08-16","ONAQ.2016.33",14,"Y","ONAQ_030.S.20160816","Ok","Ok","Ok","NEON.DOC.014050vH","wsPgf8Zw9fJKymWy47Zkre6IykLRH3+g",
"6a6929dd-2ae5-4542-8bbc-1668f993dd57","ONAQ_073.basePlot.bet","D15","ONAQ","ONAQ_073","S","distributed","evergreenForest",40.181100,-112.512554,"WGS84",20.1,1848.5,0.1,"2016-08-02","2016-08-16","ONAQ.2016.33",14,"Y","ONAQ_073.S.20160816",,,,"NEON.DOC.014050vH","wsPgf8Zw9fJKymWy47Zkre6IykLRH3+g",
"d1e953a4-634e-49ef-bbdc-7816b279d759","ONAQ_011.basePlot.bet","D15","ONAQ","ONAQ_011","S","distributed","shrubScrub",40.150746,-112.456227,"WGS84",20.1,1618.7,0.2,"2016-08-02","2016-08-16","ONAQ.2016.33",14,"Y","ONAQ_011.S.20160816","Ok","Ok","Ok","NEON.DOC.014050vH","wsPgf8Zw9fJKymWy47Zkre6IykLRH3+g",
"be3b389b-cb24-423c-84c5-88b8485ab5e3","ONAQ_016.basePlot.bet","D15","ONAQ","ONAQ_016","S","distributed","shrubScrub",40.175178,-112.446181,"WGS84",20.1,1638.0,0.1,"2016-08-02","2016-08-16","ONAQ.2016.33",14,"Y","ONAQ_016.S.20160816","Ok","Ok","Ok","NEON.DOC.014050vH","wsPgf8Zw9fJKymWy47Zkre6IykLRH3+g",
"143898a8-18d7-4674-9d5c-82cc3ae514b9","ONAQ_009.basePlot.bet","D15","ONAQ","ONAQ_009","S","distributed","shrubScrub",40.160803,-112.471250,"WGS84",20.1,1671.6,0.1,"2016-08-02","2016-08-16","ONAQ.2016.33",14,"Y","ONAQ_009.S.20160816","Ok","Ok","Ok","NEON.DOC.014050vH","wsPgf8Zw9fJKymWy47Zkre6IykLRH3+g",
"2fa8f838-c952-427b-b24f-8df4ce8cba33","ONAQ_011.basePlot.bet","D15","ONAQ","ONAQ_011","W","distributed","shrubScrub",40.150746,-112.456227,"WGS84",20.1,1618.7,0.2,"2016-08-02","2016-08-16","ONAQ.2016.33",14,"Y","ONAQ_011.W.20160816","Ok","Ok","Ok","NEON.DOC.014050vH","wsPgf8Zw9fJKymWy47Zkre6IykLRH3+g",
"a231d932-8a85-44ef-877b-bef51cca9e6d","ONAQ_073.basePlot.bet","D15","ONAQ","ONAQ_073","W","distributed","evergreenForest",40.181100,-112.512554,"WGS84",20.1,1848.5,0.1,"2016-08-02","2016-08-16","ONAQ.2016.33",14,"Y","ONAQ_073.W.20160816",,,,"NEON.DOC.014050vH","wsPgf8Zw9fJKymWy47Zkre6IykLRH3+g",
"5611af98-cbeb-409d-a85f-0afa19eea3c3","ONAQ_004.basePlot.bet","D15","ONAQ","ONAQ_004","W","distributed","shrubScrub",40.185937,-112.472482,"WGS84",20.1,1714.1,0.1,"2016-08-02","2016-08-16","ONAQ.2016.33",14,"Y","ONAQ_004.W.20160816","Ok","Ok","Ok","NEON.DOC.014050vH","wsPgf8Zw9fJKymWy47Zkre6IykLRH3+g",
"378131fe-af7c-4a36-a3e6-c60739e9d4cf","ONAQ_016.basePlot.bet","D15","ONAQ","ONAQ_016","W","distributed","shrubScrub",40.175178,-112.446181,"WGS84",20.1,1638.0,0.1,"2016-08-02","2016-08-16","ONAQ.2016.33",14,"Y","ONAQ_016.W.20160816","Ok","Ok","Ok","NEON.DOC.014050vH","wsPgf8Zw9fJKymWy47Zkre6IykLRH3+g",
"2aff61d1-a2de-4f18-96a6-1e9487753300","ONAQ_030.basePlot.bet","D15","ONAQ","ONAQ_030","W","distributed","evergreenForest",40.201643,-112.513698,"WGS84",20.1,1957.1,0.1,"2016-08-02","2016-08-16","ONAQ.2016.33",14,"Y","ONAQ_030.W.20160816","Ok","Ok","Ok","NEON.DOC.014050vH","wsPgf8Zw9fJKymWy47Zkre6IykLRH3+g",
"10042cf5-934a-4457-9de4-888579e4de2b","ONAQ_002.basePlot.bet","D15","ONAQ","ONAQ_002","W","distributed","shrubScrub",40.193323,-112.464547,"WGS84",20.1,1688.4,0.2,"2016-08-02","2016-08-16","ONAQ.2016.33",14,"Y","ONAQ_002.W.20160816","Ok","Ok","Ok","NEON.DOC.014050vH","H8QPQPAANWHTvcwyXfx3VJX3LXULEJc5JmWxCMUEtNs=",
"5bc40b03-450c-45a4-bfb9-bf67892efa29","ONAQ_018.basePlot.bet","D15","ONAQ","ONAQ_018","W","distributed","shrubScrub",40.197201,-112.437822,"WGS84",20.1,1629.0,0.1,"2016-08-02","2016-08-16","ONAQ.2016.33",14,"Y","ONAQ_018.W.20160816","Ok","Ok","Ok","NEON.DOC.014050vH","H8QPQPAANWHTvcwyXfx3VJX3LXULEJc5JmWxCMUEtNs=",
"6946c8ad-d8bf-41b3-bed3-c358820fe509","ONAQ_009.basePlot.bet","D15","ONAQ","ONAQ_009","W","distributed","shrubScrub",40.160803,-112.471250,"WGS84",20.1,1671.6,0.1,"2016-08-02","2016-08-16","ONAQ.2016.33",14,"Y","ONAQ_009.W.20160816","Ok","Ok","Ok","NEON.DOC.014050vH","wsPgf8Zw9fJKymWy47Zkre6IykLRH3+g",
"06e02a11-ffd1-4b49-bf2c-38b89038a66c","ONAQ_023.basePlot.bet","D15","ONAQ","ONAQ_023","W","distributed","evergreenForest",40.193889,-112.505432,"WGS84",20.1,1862.8,0.1,"2016-08-02","2016-08-16","ONAQ.2016.33",14,"Y","ONAQ_023.W.20160816","Ok","Ok","Ok","NEON.DOC.014050vH","wsPgf8Zw9fJKymWy47Zkre6IykLRH3+g",
"990b584a-0850-41bd-abdc-58c3ff41b8bd","ONAQ_005.basePlot.bet","D15","ONAQ","ONAQ_005","W","distributed","shrubScrub",40.180774,-112.431855,"WGS84",20.1,1614.7,0.1,"2016-08-02","2016-08-16","ONAQ.2016.33",14,"Y","ONAQ_005.W.20160816","Ok","Ok","Ok","NEON.DOC.014050vH","H8QPQPAANWHTvcwyXfx3VJX3LXULEJc5JmWxCMUEtNs=",
"8a717b87-6136-4cbb-9171-898d170d9bbd","ONAQ_016.basePlot.bet","D15","ONAQ","ONAQ_016","E","distributed","shrubScrub",40.175178,-112.446181,"WGS84",20.1,1638.0,0.1,"2016-08-16","2016-08-30","ONAQ.2016.35",14,"Y","ONAQ_016.E.20160830","Ok","Ok","Ok","NEON.DOC.014050vH","mBJxlAYbbGTyFgm8y21q61nUy3rO9rJg",
"e67f820a-0132-4a9f-8738-ba5305e081e5","ONAQ_030.basePlot.bet","D15","ONAQ","ONAQ_030","W","distributed","evergreenForest",40.201643,-112.513698,"WGS84",20.1,1957.1,0.1,"2016-08-16","2016-08-30","ONAQ.2016.35",14,"Y","ONAQ_030.W.20160830","Ok","Ok","Ok","NEON.DOC.014050vH","wsPgf8Zw9fJKymWy47Zkre6IykLRH3+g",
"4ba12dc9-c376-4ace-95e7-3f9b57e0c2fd","ONAQ_030.basePlot.bet","D15","ONAQ","ONAQ_030","E","distributed","evergreenForest",40.201643,-112.513698,"WGS84",20.1,1957.1,0.1,"2016-08-16","2016-08-30","ONAQ.2016.35",14,"Y","ONAQ_030.E.20160830","Ok","Ok","Ok","NEON.DOC.014050vH","wsPgf8Zw9fJKymWy47Zkre6IykLRH3+g",
"b2ce6282-4399-4a1e-a7c9-e94e7c572618","ONAQ_073.basePlot.bet","D15","ONAQ","ONAQ_073","E","distributed","evergreenForest",40.181100,-112.512554,"WGS84",20.1,1848.5,0.1,"2016-08-16","2016-08-30","ONAQ.2016.35",14,"Y","ONAQ_073.E.20160830","Ok","Ok","Ok","NEON.DOC.014050vH","mBJxlAYbbGTyFgm8y21q61nUy3rO9rJg",
"eb1558c9-39e8-484a-bbc4-912fcac87df8","ONAQ_023.basePlot.bet","D15","ONAQ","ONAQ_023","E","distributed","evergreenForest",40.193889,-112.505432,"WGS84",20.1,1862.8,0.1,"2016-08-16","2016-08-30","ONAQ.2016.35",14,"Y","ONAQ_023.E.20160830","Ok","Ok","Ok","NEON.DOC.014050vH","wsPgf8Zw9fJKymWy47Zkre6IykLRH3+g",
"95c11416-90f3-4640-84be-f63549439049","ONAQ_005.basePlot.bet","D15","ONAQ","ONAQ_005","E","distributed","shrubScrub",40.180774,-112.431855,"WGS84",20.1,1614.7,0.1,"2016-08-16","2016-08-30","ONAQ.2016.35",14,"Y","ONAQ_005.E.20160830","Ok","Ok","Ok","NEON.DOC.014050vH","wsPgf8Zw9fJKymWy47Zkre6IykLRH3+g",
"a4c27e17-cae8-4cde-b7a4-0c4623f6a146","ONAQ_002.basePlot.bet","D15","ONAQ","ONAQ_002","E","distributed","shrubScrub",40.193323,-112.464547,"WGS84",20.1,1688.4,0.2,"2016-08-16","2016-08-30","ONAQ.2016.35",14,"Y","ONAQ_002.E.20160830","Ok","Ok","Ok","NEON.DOC.014050vH","wsPgf8Zw9fJKymWy47Zkre6IykLRH3+g",
"a74c5475-24ae-4e7b-8bb3-5732615f359a","ONAQ_018.basePlot.bet","D15","ONAQ","ONAQ_018","E","distributed","shrubScrub",40.197201,-112.437822,"WGS84",20.1,1629.0,0.1,"2016-08-16","2016-08-30","ONAQ.2016.35",14,"Y","ONAQ_018.E.20160830","Ok","Ok","Ok","NEON.DOC.014050vH","wsPgf8Zw9fJKymWy47Zkre6IykLRH3+g",
"f3f304a7-4a6e-476c-9d89-6874a3c39607","ONAQ_004.basePlot.bet","D15","ONAQ","ONAQ_004","E","distributed","shrubScrub",40.185937,-112.472482,"WGS84",20.1,1714.1,0.1,"2016-08-16","2016-08-30","ONAQ.2016.35",14,"Y","ONAQ_004.E.20160830","Ok","Ok","Ok","NEON.DOC.014050vH","mBJxlAYbbGTyFgm8y21q61nUy3rO9rJg",
"67c0cfbf-fc9d-4da4-b1f5-f371ec9592c1","ONAQ_011.basePlot.bet","D15","ONAQ","ONAQ_011","E","distributed","shrubScrub",40.150746,-112.456227,"WGS84",20.1,1618.7,0.2,"2016-08-16","2016-08-30","ONAQ.2016.35",14,"Y","ONAQ_011.E.20160830","Ok","Ok","Ok","NEON.DOC.014050vH","mBJxlAYbbGTyFgm8y21q61nUy3rO9rJg",
"5a591fe3-5e72-4f54-b26f-d2629a0abd76","ONAQ_005.basePlot.bet","D15","ONAQ","ONAQ_005","N","distributed","shrubScrub",40.180774,-112.431855,"WGS84",20.1,1614.7,0.1,"2016-08-16","2016-08-30","ONAQ.2016.35",14,"Y","ONAQ_005.N.20160830","Ok","Ok","Ok","NEON.DOC.014050vH","wsPgf8Zw9fJKymWy47Zkre6IykLRH3+g",
"3be50387-2813-43b1-b2f9-f4682c3a06dc","ONAQ_023.basePlot.bet","D15","ONAQ","ONAQ_023","N","distributed","evergreenForest",40.193889,-112.505432,"WGS84",20.1,1862.8,0.1,"2016-08-16","2016-08-30","ONAQ.2016.35",14,"Y","ONAQ_023.N.20160830","Ok","Ok","Ok","NEON.DOC.014050vH","wsPgf8Zw9fJKymWy47Zkre6IykLRH3+g",
"f1bde82d-5906-44aa-8a3d-fc85e914fb3a","ONAQ_002.basePlot.bet","D15","ONAQ","ONAQ_002","N","distributed","shrubScrub",40.193323,-112.464547,"WGS84",20.1,1688.4,0.2,"2016-08-16","2016-08-30","ONAQ.2016.35",14,"Y","ONAQ_002.N.20160830","Ok","Ok","Ok","NEON.DOC.014050vH","wsPgf8Zw9fJKymWy47Zkre6IykLRH3+g",
"ce9a8848-fdc8-4d76-ba7e-06eac89f89d3","ONAQ_018.basePlot.bet","D15","ONAQ","ONAQ_018","N","distributed","shrubScrub",40.197201,-112.437822,"WGS84",20.1,1629.0,0.1,"2016-08-16","2016-08-30","ONAQ.2016.35",14,"Y","ONAQ_018.N.20160830","Ok","Ok","Ok","NEON.DOC.014050vH","wsPgf8Zw9fJKymWy47Zkre6IykLRH3+g",
"4f538dab-f8d2-498c-b513-89a78aa7a312","ONAQ_004.basePlot.bet","D15","ONAQ","ONAQ_004","N","distributed","shrubScrub",40.185937,-112.472482,"WGS84",20.1,1714.1,0.1,"2016-08-16","2016-08-30","ONAQ.2016.35",14,"Y","ONAQ_004.N.20160830","Ok","Ok","Ok","NEON.DOC.014050vH","mBJxlAYbbGTyFgm8y21q61nUy3rO9rJg",
"d88d35a0-5a85-4252-96ec-a631ca93c2cb","ONAQ_009.basePlot.bet","D15","ONAQ","ONAQ_009","N","distributed","shrubScrub",40.160803,-112.471250,"WGS84",20.1,1671.6,0.1,"2016-08-16","2016-08-30","ONAQ.2016.35",14,"Y","ONAQ_009.N.20160830","Ok","Ok","Ok","NEON.DOC.014050vH","mBJxlAYbbGTyFgm8y21q61nUy3rO9rJg",
"f8f8db19-5e1d-47b9-ad4d-1813c1a7f19f","ONAQ_030.basePlot.bet","D15","ONAQ","ONAQ_030","N","distributed","evergreenForest",40.201643,-112.513698,"WGS84",20.1,1957.1,0.1,"2016-08-16","2016-08-30","ONAQ.2016.35",14,"Y","ONAQ_030.N.20160830","Ok","Ok","Ok","NEON.DOC.014050vH","wsPgf8Zw9fJKymWy47Zkre6IykLRH3+g",
"f330aa3d-8848-4de6-af87-397c7f2b3305","ONAQ_016.basePlot.bet","D15","ONAQ","ONAQ_016","N","distributed","shrubScrub",40.175178,-112.446181,"WGS84",20.1,1638.0,0.1,"2016-08-16","2016-08-30","ONAQ.2016.35",14,"Y","ONAQ_016.N.20160830","Ok","Ok","Ok","NEON.DOC.014050vH","mBJxlAYbbGTyFgm8y21q61nUy3rO9rJg",
"ec7608f9-ba7e-4938-9173-292f69cc3ce5","ONAQ_011.basePlot.bet","D15","ONAQ","ONAQ_011","N","distributed","shrubScrub",40.150746,-112.456227,"WGS84",20.1,1618.7,0.2,"2016-08-16","2016-08-30","ONAQ.2016.35",14,"Y","ONAQ_011.N.20160830","Ok","Ok","Ok","NEON.DOC.014050vH","mBJxlAYbbGTyFgm8y21q61nUy3rO9rJg",
"160d1960-7da4-4875-af2e-3824364cc98d","ONAQ_073.basePlot.bet","D15","ONAQ","ONAQ_073","N","distributed","evergreenForest",40.181100,-112.512554,"WGS84",20.1,1848.5,0.1,"2016-08-16","2016-08-30","ONAQ.2016.35",14,"Y","ONAQ_073.N.20160830","Ok","Ok","Ok","NEON.DOC.014050vH","mBJxlAYbbGTyFgm8y21q61nUy3rO9rJg",
"7367ec15-fa93-4745-bc95-1eedb06cdca3","ONAQ_011.basePlot.bet","D15","ONAQ","ONAQ_011","S","distributed","shrubScrub",40.150746,-112.456227,"WGS84",20.1,1618.7,0.2,"2016-08-16","2016-08-30","ONAQ.2016.35",14,"Y","ONAQ_011.S.20160830","Ok","Ok","Ok","NEON.DOC.014050vH","mBJxlAYbbGTyFgm8y21q61nUy3rO9rJg",
"d40d26ef-2490-4d4f-90be-b21770dc02f5","ONAQ_073.basePlot.bet","D15","ONAQ","ONAQ_073","S","distributed","evergreenForest",40.181100,-112.512554,"WGS84",20.1,1848.5,0.1,"2016-08-16","2016-08-30","ONAQ.2016.35",14,"Y","ONAQ_073.S.20160830","Ok","Ok","Ok","NEON.DOC.014050vH","mBJxlAYbbGTyFgm8y21q61nUy3rO9rJg",
"b55cef3c-540d-46ea-bd01-e75f9e658cc0","ONAQ_004.basePlot.bet","D15","ONAQ","ONAQ_004","S","distributed","shrubScrub",40.185937,-112.472482,"WGS84",20.1,1714.1,0.1,"2016-08-16","2016-08-30","ONAQ.2016.35",14,"Y","ONAQ_004.S.20160830","Ok","Ok","Ok","NEON.DOC.014050vH","mBJxlAYbbGTyFgm8y21q61nUy3rO9rJg",
"9f2de9a2-060a-4073-b7d3-5a974dc99471","ONAQ_016.basePlot.bet","D15","ONAQ","ONAQ_016","S","distributed","shrubScrub",40.175178,-112.446181,"WGS84",20.1,1638.0,0.1,"2016-08-16","2016-08-30","ONAQ.2016.35",14,"Y","ONAQ_016.S.20160830","Ok","Ok","Ok","NEON.DOC.014050vH","mBJxlAYbbGTyFgm8y21q61nUy3rO9rJg",
"2ca6b389-400c-4f92-8140-62e38ed42f81","ONAQ_030.basePlot.bet","D15","ONAQ","ONAQ_030","S","distributed","evergreenForest",40.201643,-112.513698,"WGS84",20.1,1957.1,0.1,"2016-08-16","2016-08-30","ONAQ.2016.35",14,"Y","ONAQ_030.S.20160830","Ok","Ok","Ok","NEON.DOC.014050vH","wsPgf8Zw9fJKymWy47Zkre6IykLRH3+g",
"c4d6875b-105f-4761-b78e-9b73c5a3daf6","ONAQ_002.basePlot.bet","D15","ONAQ","ONAQ_002","S","distributed","shrubScrub",40.193323,-112.464547,"WGS84",20.1,1688.4,0.2,"2016-08-16","2016-08-30","ONAQ.2016.35",14,"Y","ONAQ_002.S.20160830","Ok","Ok","Ok","NEON.DOC.014050vH","wsPgf8Zw9fJKymWy47Zkre6IykLRH3+g",
"9f27a0a4-3e86-4901-82bd-27e45e68bdfc","ONAQ_018.basePlot.bet","D15","ONAQ","ONAQ_018","S","distributed","shrubScrub",40.197201,-112.437822,"WGS84",20.1,1629.0,0.1,"2016-08-16","2016-08-30","ONAQ.2016.35",14,"Y","ONAQ_018.S.20160830","Ok","Ok","Ok","NEON.DOC.014050vH","wsPgf8Zw9fJKymWy47Zkre6IykLRH3+g",
"cb88fdec-6a15-4c67-aea6-f6e8680ee59c","ONAQ_009.basePlot.bet","D15","ONAQ","ONAQ_009","S","distributed","shrubScrub",40.160803,-112.471250,"WGS84",20.1,1671.6,0.1,"2016-08-16","2016-08-30","ONAQ.2016.35",14,"Y","ONAQ_009.S.20160830","Ok","Ok","Ok","NEON.DOC.014050vH","mBJxlAYbbGTyFgm8y21q61nUy3rO9rJg",
"d5c3b011-44ed-449e-a339-62ae482d95ce","ONAQ_023.basePlot.bet","D15","ONAQ","ONAQ_023","S","distributed","evergreenForest",40.193889,-112.505432,"WGS84",20.1,1862.8,0.1,"2016-08-16","2016-08-30","ONAQ.2016.35",14,"Y","ONAQ_023.S.20160830","Ok","Ok","Ok","NEON.DOC.014050vH","wsPgf8Zw9fJKymWy47Zkre6IykLRH3+g",
"dcc6630b-f82b-42a1-81c0-58e944932691","ONAQ_005.basePlot.bet","D15","ONAQ","ONAQ_005","S","distributed","shrubScrub",40.180774,-112.431855,"WGS84",20.1,1614.7,0.1,"2016-08-16","2016-08-30","ONAQ.2016.35",14,"Y","ONAQ_005.S.20160830","Ok","Ok","Ok","NEON.DOC.014050vH","wsPgf8Zw9fJKymWy47Zkre6IykLRH3+g",
"499daa1f-49c0-436f-a8e7-fd38983fc7e7","ONAQ_004.basePlot.bet","D15","ONAQ","ONAQ_004","W","distributed","shrubScrub",40.185937,-112.472482,"WGS84",20.1,1714.1,0.1,"2016-08-16","2016-08-30","ONAQ.2016.35",14,"Y","ONAQ_004.W.20160830","Ok","Ok","Ok","NEON.DOC.014050vH","mBJxlAYbbGTyFgm8y21q61nUy3rO9rJg",
"a5fe6301-1cc1-44e0-9554-12303d47391d","ONAQ_018.basePlot.bet","D15","ONAQ","ONAQ_018","W","distributed","shrubScrub",40.197201,-112.437822,"WGS84",20.1,1629.0,0.1,"2016-08-16","2016-08-30","ONAQ.2016.35",14,"Y","ONAQ_018.W.20160830","Ok","Ok","Ok","NEON.DOC.014050vH","wsPgf8Zw9fJKymWy47Zkre6IykLRH3+g",
"69155a42-86f1-493d-b010-dd2ceadcbe07","ONAQ_009.basePlot.bet","D15","ONAQ","ONAQ_009","W","distributed","shrubScrub",40.160803,-112.471250,"WGS84",20.1,1671.6,0.1,"2016-08-16","2016-08-30","ONAQ.2016.35",14,"Y","ONAQ_009.W.20160830","Ok","Ok","Ok","NEON.DOC.014050vH","mBJxlAYbbGTyFgm8y21q61nUy3rO9rJg",
"9e7bf506-01cd-4810-8746-108e702eb478","ONAQ_023.basePlot.bet","D15","ONAQ","ONAQ_023","W","distributed","evergreenForest",40.193889,-112.505432,"WGS84",20.1,1862.8,0.1,"2016-08-16","2016-08-30","ONAQ.2016.35",14,"Y","ONAQ_023.W.20160830","Ok","Ok","Ok","NEON.DOC.014050vH","wsPgf8Zw9fJKymWy47Zkre6IykLRH3+g",
"4c9ef2da-864a-4bad-b396-1abf0cbc2933","ONAQ_005.basePlot.bet","D15","ONAQ","ONAQ_005","W","distributed","shrubScrub",40.180774,-112.431855,"WGS84",20.1,1614.7,0.1,"2016-08-16","2016-08-30","ONAQ.2016.35",14,"Y","ONAQ_005.W.20160830","Ok","Ok","Ok","NEON.DOC.014050vH","wsPgf8Zw9fJKymWy47Zkre6IykLRH3+g",
"e5a30985-1aa6-47f2-8791-3db059c0a1d5","ONAQ_002.basePlot.bet","D15","ONAQ","ONAQ_002","W","distributed","shrubScrub",40.193323,-112.464547,"WGS84",20.1,1688.4,0.2,"2016-08-16","2016-08-30","ONAQ.2016.35",14,"Y","ONAQ_002.W.20160830","Ok","Ok","Ok","NEON.DOC.014050vH","wsPgf8Zw9fJKymWy47Zkre6IykLRH3+g",
"9706a5ab-0f69-4020-94c4-aff8bfe3af29","ONAQ_011.basePlot.bet","D15","ONAQ","ONAQ_011","W","distributed","shrubScrub",40.150746,-112.456227,"WGS84",20.1,1618.7,0.2,"2016-08-16","2016-08-30","ONAQ.2016.35",14,"Y","ONAQ_011.W.20160830","Ok","Ok","Ok","NEON.DOC.014050vH","mBJxlAYbbGTyFgm8y21q61nUy3rO9rJg",
"ee6025e5-10f9-4d1e-80c4-863e37f30399","ONAQ_073.basePlot.bet","D15","ONAQ","ONAQ_073","W","distributed","evergreenForest",40.181100,-112.512554,"WGS84",20.1,1848.5,0.1,"2016-08-16","2016-08-30","ONAQ.2016.35",14,"Y","ONAQ_073.W.20160830","Ok","Ok","Ok","NEON.DOC.014050vH","mBJxlAYbbGTyFgm8y21q61nUy3rO9rJg",
"c63c43d5-1da5-4b60-a8b4-ae787d2c0d0a","ONAQ_016.basePlot.bet","D15","ONAQ","ONAQ_016","W","distributed","shrubScrub",40.175178,-112.446181,"WGS84",20.1,1638.0,0.1,"2016-08-16","2016-08-30","ONAQ.2016.35",14,"Y","ONAQ_016.W.20160830","Ok","Ok","Ok","NEON.DOC.014050vH","mBJxlAYbbGTyFgm8y21q61nUy3rO9rJg",
"dde225ff-2600-4078-b094-365c2135fd57","ONAQ_009.basePlot.bet","D15","ONAQ","ONAQ_009","E","distributed","shrubScrub",40.160803,-112.471250,"WGS84",20.1,1671.6,0.1,"2016-08-16","2016-08-30","ONAQ.2016.35",14,"Y","ONAQ_009.E.20160830","Ok","Ok","Ok","NEON.DOC.014050vH","mBJxlAYbbGTyFgm8y21q61nUy3rO9rJg",
