uid,namedLocation,domainID,siteID,plotID,trapID,plotType,nlcdClass,decimalLatitude,decimalLongitude,geodeticDatum,coordinateUncertainty,elevation,elevationUncertainty,setDate,collectDate,eventID,daysOfTrapping,sampleCollected,sampleID,cupStatus,lidStatus,fluidLevel,samplingProtocolVersion,recordedBy,remarks
"9c232b13-8b63-4252-8b4b-a5a03c0a4527","JORN_008.basePlot.bet","D14","JORN","JORN_008","E","distributed","shrubScrub",32.593905,-106.797359,"WGS84",20.1,1320.0,0.1,"2017-05-24","2017-06-07","JORN.2017.24",14,"Y","JORN_008.E.20170607","Ok","Ok","Ok","NEON.DOC.014050vK","BJ4rUE/J18KM5C7v66YW51DT+JD8ufx4yfepA3oB6bU=",
"a63aef9f-8a91-47bf-a2ca-9990b03daebc","JORN_001.basePlot.bet","D14","JORN","JORN_001","E","distributed","shrubScrub",32.604930,-106.802046,"WGS84",20.1,1323.4,0.1,"2017-05-24","2017-06-07","JORN.2017.24",14,"Y","JORN_001.E.20170607","Ok","Ok","Ok","NEON.DOC.014050vK","BJ4rUE/J18KM5C7v66YW51DT+JD8ufx4yfepA3oB6bU=",
"f45d125f-7678-4e2b-8956-1f750601aff0","JORN_008.basePlot.bet","D14","JORN","JORN_008","W","distributed","shrubScrub",32.593905,-106.797359,"WGS84",20.1,1320.0,0.1,"2017-05-24","2017-06-07","JORN.2017.24",14,"Y","JORN_008.W.20170607","Ok","Ok","Ok","NEON.DOC.014050vK","BJ4rUE/J18KM5C7v66YW51DT+JD8ufx4yfepA3oB6bU=",
"e3290d3b-7508-49d2-a74c-055e7d7ba68d","JORN_003.basePlot.bet","D14","JORN","JORN_003","W","distributed","shrubScrub",32.600614,-106.838099,"WGS84",20.1,1321.1,0.1,"2017-05-24","2017-06-07","JORN.2017.24",14,"Y","JORN_003.W.20170607","Ok","Ok","Ok","NEON.DOC.014050vK","BJ4rUE/J18KM5C7v66YW51DT+JD8ufx4yfepA3oB6bU=",
"f757182a-e68c-46e3-b272-29aea4eccef9","JORN_003.basePlot.bet","D14","JORN","JORN_003","E","distributed","shrubScrub",32.600614,-106.838099,"WGS84",20.1,1321.1,0.1,"2017-05-24","2017-06-07","JORN.2017.24",14,"Y","JORN_003.E.20170607","Ok","Ok","Ok","NEON.DOC.014050vK","BJ4rUE/J18KM5C7v66YW51DT+JD8ufx4yfepA3oB6bU=",
"4a516529-1692-4229-b2a3-182f775b37fc","JORN_008.basePlot.bet","D14","JORN","JORN_008","S","distributed","shrubScrub",32.593905,-106.797359,"WGS84",20.1,1320.0,0.1,"2017-05-24","2017-06-07","JORN.2017.24",14,"Y","JORN_008.S.20170607","Ok","Ok","Ok","NEON.DOC.014050vK","BJ4rUE/J18KM5C7v66YW51DT+JD8ufx4yfepA3oB6bU=",
"00b656b5-aa82-4166-8465-aa56ffa9909a","JORN_003.basePlot.bet","D14","JORN","JORN_003","S","distributed","shrubScrub",32.600614,-106.838099,"WGS84",20.1,1321.1,0.1,"2017-05-24","2017-06-07","JORN.2017.24",14,"Y","JORN_003.S.20170607","Ok","Ok","Ok","NEON.DOC.014050vK","BJ4rUE/J18KM5C7v66YW51DT+JD8ufx4yfepA3oB6bU=",
"b95db8d4-8ed8-4f9c-9a21-f6fedd188531","JORN_003.basePlot.bet","D14","JORN","JORN_003","N","distributed","shrubScrub",32.600614,-106.838099,"WGS84",20.1,1321.1,0.1,"2017-05-24","2017-06-07","JORN.2017.24",14,"Y","JORN_003.N.20170607","Ok","Ok","Ok","NEON.DOC.014050vK","BJ4rUE/J18KM5C7v66YW51DT+JD8ufx4yfepA3oB6bU=",
"5718b7fd-9010-47b2-b3ff-8a7daa8864b4","JORN_006.basePlot.bet","D14","JORN","JORN_006","E","distributed","shrubScrub",32.590562,-106.824460,"WGS84",20.1,1323.2,0.1,"2017-05-24","2017-06-07","JORN.2017.24",14,"Y","JORN_006.E.20170607","Ok","Ok","Ok","NEON.DOC.014050vK","BJ4rUE/J18KM5C7v66YW51DT+JD8ufx4yfepA3oB6bU=",
"296aaf7c-abe6-4bf8-89d4-80047a18febc","JORN_006.basePlot.bet","D14","JORN","JORN_006","N","distributed","shrubScrub",32.590562,-106.824460,"WGS84",20.1,1323.2,0.1,"2017-05-24","2017-06-07","JORN.2017.24",14,"Y","JORN_006.N.20170607","Ok","Ok","Ok","NEON.DOC.014050vK","BJ4rUE/J18KM5C7v66YW51DT+JD8ufx4yfepA3oB6bU=",
"c6464de2-c702-448b-b663-941cbf961506","JORN_005.basePlot.bet","D14","JORN","JORN_005","W","distributed","shrubScrub",32.575696,-106.803388,"WGS84",20.1,1323.5,0.1,"2017-05-24","2017-06-07","JORN.2017.24",14,"Y","JORN_005.W.20170607","Ok","Ok","Ok","NEON.DOC.014050vK","BJ4rUE/J18KM5C7v66YW51DT+JD8ufx4yfepA3oB6bU=",
"b680f3e0-006e-4c13-8e29-0f031e063058","JORN_006.basePlot.bet","D14","JORN","JORN_006","W","distributed","shrubScrub",32.590562,-106.824460,"WGS84",20.1,1323.2,0.1,"2017-05-24","2017-06-07","JORN.2017.24",14,"Y","JORN_006.W.20170607","Ok","Ok","Ok","NEON.DOC.014050vK","BJ4rUE/J18KM5C7v66YW51DT+JD8ufx4yfepA3oB6bU=",
"8ff79c21-6a4c-4873-87ff-026757c1cc7a","JORN_006.basePlot.bet","D14","JORN","JORN_006","S","distributed","shrubScrub",32.590562,-106.824460,"WGS84",20.1,1323.2,0.1,"2017-05-24","2017-06-07","JORN.2017.24",14,"Y","JORN_006.S.20170607","Ok","Ok","Ok","NEON.DOC.014050vK","BJ4rUE/J18KM5C7v66YW51DT+JD8ufx4yfepA3oB6bU=",
"271542f8-3dbc-4e07-b061-e5036a5e7a81","JORN_005.basePlot.bet","D14","JORN","JORN_005","S","distributed","shrubScrub",32.575696,-106.803388,"WGS84",20.1,1323.5,0.1,"2017-05-24","2017-06-07","JORN.2017.24",14,"Y","JORN_005.S.20170607","Ok","Ok","Ok","NEON.DOC.014050vK","BJ4rUE/J18KM5C7v66YW51DT+JD8ufx4yfepA3oB6bU=",
"11c9c2ab-9cfe-41fe-8dbc-859fb60c5d55","JORN_005.basePlot.bet","D14","JORN","JORN_005","E","distributed","shrubScrub",32.575696,-106.803388,"WGS84",20.1,1323.5,0.1,"2017-05-24","2017-06-07","JORN.2017.24",14,"Y","JORN_005.E.20170607","Ok","Ok","Ok","NEON.DOC.014050vK","BJ4rUE/J18KM5C7v66YW51DT+JD8ufx4yfepA3oB6bU=",
"2aa52625-e8f3-45ec-9d4b-a92a063047b3","JORN_001.basePlot.bet","D14","JORN","JORN_001","S","distributed","shrubScrub",32.604930,-106.802046,"WGS84",20.1,1323.4,0.1,"2017-05-24","2017-06-07","JORN.2017.24",14,"Y","JORN_001.S.20170607","Ok","Ok","Ok","NEON.DOC.014050vK","BJ4rUE/J18KM5C7v66YW51DT+JD8ufx4yfepA3oB6bU=",
"40911784-3f94-4b1e-b6db-ae3738334b6e","JORN_001.basePlot.bet","D14","JORN","JORN_001","W","distributed","shrubScrub",32.604930,-106.802046,"WGS84",20.1,1323.4,0.1,"2017-05-24","2017-06-07","JORN.2017.24",14,"Y","JORN_001.W.20170607","Ok","Ok","Ok","NEON.DOC.014050vK","BJ4rUE/J18KM5C7v66YW51DT+JD8ufx4yfepA3oB6bU=",
"0e1bfb6d-be3d-4c57-a4b6-bb496f140b88","JORN_005.basePlot.bet","D14","JORN","JORN_005","N","distributed","shrubScrub",32.575696,-106.803388,"WGS84",20.1,1323.5,0.1,"2017-05-24","2017-06-07","JORN.2017.24",14,"Y","JORN_005.N.20170607","Ok","Ok","Ok","NEON.DOC.014050vK","BJ4rUE/J18KM5C7v66YW51DT+JD8ufx4yfepA3oB6bU=",
"fe99825c-4a5f-4672-b576-7c6a76492a1a","JORN_001.basePlot.bet","D14","JORN","JORN_001","N","distributed","shrubScrub",32.604930,-106.802046,"WGS84",20.1,1323.4,0.1,"2017-05-24","2017-06-07","JORN.2017.24",14,"Y","JORN_001.N.20170607","Ok","Ok","Ok","NEON.DOC.014050vK","BJ4rUE/J18KM5C7v66YW51DT+JD8ufx4yfepA3oB6bU=",
"1db94d38-a60e-47a2-8904-b75201c2a57e","JORN_008.basePlot.bet","D14","JORN","JORN_008","N","distributed","shrubScrub",32.593905,-106.797359,"WGS84",20.1,1320.0,0.1,"2017-05-24","2017-06-07","JORN.2017.24",14,"Y","JORN_008.N.20170607","Ok","Ok","Ok","NEON.DOC.014050vK","BJ4rUE/J18KM5C7v66YW51DT+JD8ufx4yfepA3oB6bU=",
