uid,namedLocation,domainID,siteID,plotID,trapID,setDate,collectDate,processingDate,etOHChangeDate,identifiedDate,sampleID,subsampleID,sampleType,taxonID,scientificName,taxonRank,identificationQualifier,scientificNameAuthorship,morphospeciesID,individualCount,identificationReferences,identifiedBy,recordedBy,remarks
"4c3c3066-d793-4e6d-9448-3eae0560525e","UKFS_006.basePlot.bet","D06","UKFS","UKFS_006","N","2015-06-30","2015-07-14","2015-07-15","2015-07-16",,"UKFS_006.N.20150714","B2YMmw2rf0fo8U6L7B9sNExMteQabQHiCUsTL/U7QSg=","invert bycatch",,,,,,,,,,"77todYjt/jkEGWUHO3SI0BRlGpUHn9Xh",
"6a9ba2bd-d800-49aa-a7fc-77e8a387dc2b","UKFS_010.basePlot.bet","D06","UKFS","UKFS_010","N","2015-06-30","2015-07-14","2015-07-15","2015-07-16","2015-09-28","UKFS_010.N.20150714","26ylXNgyPLzDn0LVl9IGVGU9XFwULCaJCWxYyeo9I58=","carabid","DICFUR","Dicaelus furvus","species",,"Dejean",,2,"Other","77todYjt/jkEGWUHO3SI0BRlGpUHn9Xh","wQI+SYME+gr3nKVXMbMGzlxt6VcoOetL","sample accidently pooled, can not determine trap of origin"
"d3a28599-261d-42d0-9cbd-c7429f6415c5","UKFS_010.basePlot.bet","D06","UKFS","UKFS_010","N","2015-06-30","2015-07-14","2015-07-15","2015-07-16","2015-09-28","UKFS_010.N.20150714","26ylXNgyPLzDn0LVl9IGVDIeGUWSTgIU89KgIG2S+i0=","carabid","CARSP14","Carabidae sp.","family",,"Latreille","D06.2015.MorphC",1,"Other","77todYjt/jkEGWUHO3SI0BRlGpUHn9Xh","wQI+SYME+gr3nKVXMbMGzlxt6VcoOetL","sample accidently pooled, can not determine trap of origin| Lime green and bronze, metallic, medium size"
"50d362d9-37a6-4002-9c90-285107482d60","UKFS_010.basePlot.bet","D06","UKFS","UKFS_010","N","2015-06-30","2015-07-14","2015-07-15","2015-07-16","2015-09-28","UKFS_010.N.20150714","26ylXNgyPLzDn0LVl9IGVLA8plUlMCYt+NUDG/nHOOk=","carabid","CARSYL","Carabus sylvosus","species",,"Say",,1,"Other","77todYjt/jkEGWUHO3SI0BRlGpUHn9Xh","wQI+SYME+gr3nKVXMbMGzlxt6VcoOetL","sample accidently pooled, can not determine trap of origin"
"fa4ba9c2-1cb9-4c68-92d8-80138d76d9e6","UKFS_010.basePlot.bet","D06","UKFS","UKFS_010","N","2015-06-30","2015-07-14","2015-07-15","2015-07-16",,"UKFS_010.N.20150714","26ylXNgyPLzDn0LVl9IGVLwzTvvhOKVU+dHG563ilTg=","invert bycatch",,,,,,,,,,"wQI+SYME+gr3nKVXMbMGzlxt6VcoOetL",
"506ee93d-7068-435e-9b5b-17ac825a0602","UKFS_010.basePlot.bet","D06","UKFS","UKFS_010","N","2015-06-30","2015-07-14","2015-07-15","2015-07-16","2015-09-28","UKFS_010.N.20150714","26ylXNgyPLzDn0LVl9IGVNKgWRJP00mHzoh2A+ghTuQ=","carabid","BRAALT","Brachinus alternans","species",,"Dejean",,2,"Other","77todYjt/jkEGWUHO3SI0BRlGpUHn9Xh","wQI+SYME+gr3nKVXMbMGzlxt6VcoOetL","sample accidently pooled, can not determine trap of origin"
"2e4ff80c-429b-4ef0-8863-7483f9993e86","UKFS_004.basePlot.bet","D06","UKFS","UKFS_004","N","2015-06-30","2015-07-14","2015-07-15","2015-07-16","2015-08-24","UKFS_004.N.20150714","luQoN84IPtFCEbD/M+6Lbyqx8Ab6G30GOA69y7NwK1s=","carabid","GALATR","Galerita atripes","species",,"LeConte",,1,"Other","wQI+SYME+gr3nKVXMbMGzlxt6VcoOetL","wQI+SYME+gr3nKVXMbMGzlxt6VcoOetL","sample accidently pooled, can not determine trap of origin"
"4017e66a-852d-42c9-bdd1-e9561946ffcd","UKFS_004.basePlot.bet","D06","UKFS","UKFS_004","N","2015-06-30","2015-07-14","2015-07-15","2015-07-16",,"UKFS_004.N.20150714","luQoN84IPtFCEbD/M+6LbzhRQHUKPQdS5D7/JSL+YLA=","invert bycatch",,,,,,,,,,"wQI+SYME+gr3nKVXMbMGzlxt6VcoOetL",
"65df8b26-0515-4e70-a0c0-c2ac2c8e2926","UKFS_004.basePlot.bet","D06","UKFS","UKFS_004","N","2015-06-30","2015-07-14","2015-07-15","2015-07-16","2015-08-24","UKFS_004.N.20150714","luQoN84IPtFCEbD/M+6LbwlaGgLJRnniULrTo7Olbww=","carabid","BRAALT","Brachinus alternans","species",,"Dejean",,4,"Other","wQI+SYME+gr3nKVXMbMGzlxt6VcoOetL","wQI+SYME+gr3nKVXMbMGzlxt6VcoOetL","sample accidently pooled, can not determine trap of origin"
"cfa1f44a-7772-44ec-833f-e6fb7c8ccced","UKFS_003.basePlot.bet","D06","UKFS","UKFS_003","N","2015-06-30","2015-07-14","2015-07-15","2015-07-21","2015-09-21","UKFS_003.N.20150714","Vl3mTlloYQRW5CGpwBn0g1yNYYrJ0TmJenp0D5ek0Ik=","carabid","DICFUR","Dicaelus furvus","species",,"Dejean",,2,"Other","77todYjt/jkEGWUHO3SI0BRlGpUHn9Xh","wQI+SYME+gr3nKVXMbMGzlxt6VcoOetL","Sampled accidently pooled, can not identify trap of origin"
"ac505ec1-8053-4abd-a62e-e743869c764a","UKFS_009.basePlot.bet","D06","UKFS","UKFS_009","N","2015-06-30","2015-07-14","2015-07-15","2015-07-16",,"UKFS_009.N.20150714","MMz820nXMkkaBm8agXb1+2m/lvIxlpNTflBAfhpWBas=","invert bycatch",,,,,,,,,,"77todYjt/jkEGWUHO3SI0BRlGpUHn9Xh",
"89cb3a7b-5d2f-430a-a3cf-413cc07684bc","UKFS_003.basePlot.bet","D06","UKFS","UKFS_003","N","2015-06-30","2015-07-14","2015-07-15","2015-07-21","2015-09-21","UKFS_003.N.20150714","Vl3mTlloYQRW5CGpwBn0g5e9oquORAqVGSppHGQ3nqE=","carabid","DICPUR4","Dicaelus purpuratus","species",,"Bonelli",,1,"Other","77todYjt/jkEGWUHO3SI0BRlGpUHn9Xh","wQI+SYME+gr3nKVXMbMGzlxt6VcoOetL","Sampled accidently pooled, can not identify trap of origin"
"82c326e5-f781-4dcf-9212-222bd13fb561","UKFS_009.basePlot.bet","D06","UKFS","UKFS_009","N","2015-06-30","2015-07-14","2015-07-15","2015-07-16","2015-08-24","UKFS_009.N.20150714","MMz820nXMkkaBm8agXb1+xhY3mlNDgZucmADxDgvu2w=","carabid","SCASUB2","Scarites subterraneus","species",,"Fabricius",,1,"Bousquet, Y. and P. E. Skelley. 2010. Description of a New Species of Scarites Fabricius (Coleoptera: Carabidae) from Florida. The Coleopterists Bulletin 64(1): 45-49.","77todYjt/jkEGWUHO3SI0BRlGpUHn9Xh","77todYjt/jkEGWUHO3SI0BRlGpUHn9Xh",
"0cce1067-5547-4a7c-bc96-247e316daed0","UKFS_003.basePlot.bet","D06","UKFS","UKFS_003","N","2015-06-30","2015-07-14","2015-07-15","2015-07-21","2015-09-21","UKFS_003.N.20150714","Vl3mTlloYQRW5CGpwBn0g1bPSeQJlvI6Z6mdYq2y8cU=","carabid","CARSP14","Carabidae sp.","family",,"Latreille","D06.2015.MorphB",5,"Other","77todYjt/jkEGWUHO3SI0BRlGpUHn9Xh","wQI+SYME+gr3nKVXMbMGzlxt6VcoOetL","Sampled accidently pooled, can not identify trap of origin| Cyclotrachelus sp. black, oval pronotum, notches on the posterolateral angles"
"d9f096e9-ab74-45c2-acc3-a5c96f0c2e54","UKFS_001.basePlot.bet","D06","UKFS","UKFS_001","N","2015-06-30","2015-07-14","2015-07-15","2015-07-22",,"UKFS_001.N.20150714","W8lw52JMhqCv0mgp+Tx3KeEp+38sOuMNJw3GguAnFz0=","invert bycatch",,,,,,,,,,"wQI+SYME+gr3nKVXMbMGzlxt6VcoOetL",
"dcf12ac5-4ba8-4fdb-9283-a4ad79927a38","UKFS_001.basePlot.bet","D06","UKFS","UKFS_001","N","2015-06-30","2015-07-14","2015-07-15","2015-07-22","2015-09-21","UKFS_001.N.20150714","W8lw52JMhqCv0mgp+Tx3KR4Elh5XndnCNGHwAvWjslE=","carabid","DICPUR4","Dicaelus purpuratus","species",,"Bonelli",,1,"Other","77todYjt/jkEGWUHO3SI0BRlGpUHn9Xh","wQI+SYME+gr3nKVXMbMGzlxt6VcoOetL","Sampled accidently pooled, can not identify trap of origin"
"2880884a-8c9e-4462-ba77-21e24392607b","UKFS_007.basePlot.bet","D06","UKFS","UKFS_007","N","2015-06-30","2015-07-14","2015-07-15","2015-07-16","2015-08-21","UKFS_007.N.20150714","PlyNduRc44SsZadZ+D6NMMSM3GSyqg+fPRGNO1+kp6A=","carabid","CARSP14","Carabidae sp.","family",,"Latreille","D06.2015.MorphA",1,"Other","77todYjt/jkEGWUHO3SI0BRlGpUHn9Xh","77todYjt/jkEGWUHO3SI0BRlGpUHn9Xh","Dicaelus with wavy elytra pattern, all black"
"e63c2761-6a56-4a8e-8d27-dad1df2d1e9a","UKFS_001.basePlot.bet","D06","UKFS","UKFS_001","N","2015-06-30","2015-07-14","2015-07-15","2015-07-22","2015-09-21","UKFS_001.N.20150714","W8lw52JMhqCv0mgp+Tx3KVLY7haocx73LdJdURADEZ4=","carabid","DICFUR","Dicaelus furvus","species",,"Dejean",,1,"Other","77todYjt/jkEGWUHO3SI0BRlGpUHn9Xh","wQI+SYME+gr3nKVXMbMGzlxt6VcoOetL","Sampled accidently pooled, can not identify trap of origin"
"36cf3116-24b6-4d7b-ad59-2e590398360e","UKFS_006.basePlot.bet","D06","UKFS","UKFS_006","N","2015-06-30","2015-07-14","2015-07-15","2015-07-16","2015-09-21","UKFS_006.N.20150714","B2YMmw2rf0fo8U6L7B9sNOxUi3OzbDwvAYYQzfKeOFE=","carabid","BRAALT","Brachinus alternans","species",,"Dejean",,4,"Other","77todYjt/jkEGWUHO3SI0BRlGpUHn9Xh","77todYjt/jkEGWUHO3SI0BRlGpUHn9Xh",
"dadceb5b-4e1e-4977-a519-7a8b7910d4d8","UKFS_004.basePlot.bet","D06","UKFS","UKFS_004","N","2015-06-30","2015-07-14","2015-07-15","2015-07-16","2015-08-24","UKFS_004.N.20150714","luQoN84IPtFCEbD/M+6Lb+pCZnOM/Q+Gq3mqjNlgqhI=","carabid","DICPUR4","Dicaelus purpuratus","species",,"Bonelli",,2,"Other","wQI+SYME+gr3nKVXMbMGzlxt6VcoOetL","wQI+SYME+gr3nKVXMbMGzlxt6VcoOetL","sample accidently pooled, can not determine trap of origin"
"c247191a-577d-45e4-8cd6-c981a76ce886","UKFS_003.basePlot.bet","D06","UKFS","UKFS_003","N","2015-06-30","2015-07-14","2015-07-15","2015-07-21",,"UKFS_003.N.20150714","Vl3mTlloYQRW5CGpwBn0g0wDias/rKxnq/ATzE8oNeg=","invert bycatch",,,,,,,,,,"wQI+SYME+gr3nKVXMbMGzlxt6VcoOetL",
"9f03ced9-516d-4498-9818-12bd7e329442","UKFS_007.basePlot.bet","D06","UKFS","UKFS_007","N","2015-06-30","2015-07-14","2015-07-15","2015-07-16","2015-08-21","UKFS_007.N.20150714","PlyNduRc44SsZadZ+D6NMC0jjV9EVU5A27kdNEzbr58=","carabid","DICPUR4","Dicaelus purpuratus","species",,"Bonelli",,1,"Other","77todYjt/jkEGWUHO3SI0BRlGpUHn9Xh","77todYjt/jkEGWUHO3SI0BRlGpUHn9Xh",
"27543db6-71a1-4610-abd6-020ee09ce88d","UKFS_007.basePlot.bet","D06","UKFS","UKFS_007","N","2015-06-30","2015-07-14","2015-07-15","2015-07-16",,"UKFS_007.N.20150714","PlyNduRc44SsZadZ+D6NMMi535UbA9Uf7L91A9t64FM=","invert bycatch",,,,,,,,,,"77todYjt/jkEGWUHO3SI0BRlGpUHn9Xh",
"22a46970-665f-4d54-a268-e1aa45f721fb","UKFS_008.basePlot.bet","D06","UKFS","UKFS_008","N","2015-06-30","2015-07-14","2015-07-15","2015-07-16","2015-09-28","UKFS_008.N.20150714","5GU/wTV57IXAqJ6T3+RdvXv7TUDRco2VqkVOJBNddqM=","carabid","DICFUR","Dicaelus furvus","species",,"Dejean",,2,"Other","77todYjt/jkEGWUHO3SI0BRlGpUHn9Xh","wQI+SYME+gr3nKVXMbMGzlxt6VcoOetL","sample accidently pooled, can not determine trap of origin"
"1e4f6120-4495-471b-b5df-79bf5daf583b","UKFS_008.basePlot.bet","D06","UKFS","UKFS_008","N","2015-06-30","2015-07-14","2015-07-15","2015-07-16","2015-09-28","UKFS_008.N.20150714","5GU/wTV57IXAqJ6T3+RdvZc6qFjr3me9P/leP4bYuHs=","carabid","PASELO","Pasimachus elongatus","species",,"LeConte",,1,"Other","77todYjt/jkEGWUHO3SI0BRlGpUHn9Xh","wQI+SYME+gr3nKVXMbMGzlxt6VcoOetL","sample accidently pooled, can not determine trap of origin"
"685f5761-a665-4e97-9a4f-44b019c4f05d","UKFS_008.basePlot.bet","D06","UKFS","UKFS_008","N","2015-06-30","2015-07-14","2015-07-15","2015-07-16",,"UKFS_008.N.20150714","5GU/wTV57IXAqJ6T3+RdvT7KLGqivnQCUzvX5WVUjjM=","invert bycatch",,,,,,,,,,"wQI+SYME+gr3nKVXMbMGzlxt6VcoOetL",
"e4ef90ae-1332-4035-80a3-1236fccf6339","UKFS_009.basePlot.bet","D06","UKFS","UKFS_009","S","2015-06-30","2015-07-14","2015-07-15","2015-07-16","2015-08-24","UKFS_009.S.20150714","MMz820nXMklIuibWjob24KTi4wU7/txem/FHVjQRH1w=","carabid","CARSP14","Carabidae sp.","family",,"Latreille","D06.2015.MorphG",1,"Arnett Jr., R. H., and M. C. Thomas. 2001. American Beetles Archosemata, Myxophaga, Adephaga, Polyphaga: Staphyliniformia. 1st Vol. (C. Press, Ed.). 1st Ed. Boca Raton, FL.","77todYjt/jkEGWUHO3SI0BRlGpUHn9Xh","77todYjt/jkEGWUHO3SI0BRlGpUHn9Xh","Megacephala sp. metallic green, big headed tiger beetle|Light brown Harpalus sp."
"3d0c09c7-042f-4d84-98ac-e7c3896d87c1","UKFS_010.basePlot.bet","D06","UKFS","UKFS_010","S","2015-06-30","2015-07-14","2015-07-15","2015-07-16",,"UKFS_010.S.20150714","26ylXNgyPLzHrGLlAmMPzA7ERHi5HakPC98xs+iuwcc=","invert bycatch",,,,,,,,,,"wQI+SYME+gr3nKVXMbMGzlxt6VcoOetL",
"23c225cf-f4c0-42f8-b02c-e1e53d74c25f","UKFS_004.basePlot.bet","D06","UKFS","UKFS_004","S","2015-06-30","2015-07-14","2015-07-15","2015-07-16",,"UKFS_004.S.20150714","luQoN84IPtE+nCttLa7FCQAPYjdPK5sDLc3K1ngGd7I=","invert bycatch",,,,,,,,,,"wQI+SYME+gr3nKVXMbMGzlxt6VcoOetL",
"9c74cb5f-1aba-4f80-b341-2adbfe0e9a56","UKFS_009.basePlot.bet","D06","UKFS","UKFS_009","S","2015-06-30","2015-07-14","2015-07-15","2015-07-16",,"UKFS_009.S.20150714","MMz820nXMklIuibWjob24Aqc6VvM5Vf6xOWUyCI8f5Q=","invert bycatch",,,,,,,,,,"77todYjt/jkEGWUHO3SI0BRlGpUHn9Xh",
"35014076-774a-4cf6-ae54-8cf791cbf51b","UKFS_003.basePlot.bet","D06","UKFS","UKFS_003","S","2015-06-30","2015-07-14","2015-07-15","2015-07-21",,"UKFS_003.S.20150714","Vl3mTlloYQQKrLsC1l93WwidgDcD7vlYZGXHiWqKsLM=","invert bycatch",,,,,,,,,,"wQI+SYME+gr3nKVXMbMGzlxt6VcoOetL",
"374e682e-b566-4caf-af3e-ac483aaa0a55","UKFS_001.basePlot.bet","D06","UKFS","UKFS_001","S","2015-06-30","2015-07-14","2015-07-15","2015-07-22",,"UKFS_001.S.20150714","W8lw52JMhqAmSsyHNCbL6cqlnGPPOoNNgDjDCTIu7ho=","invert bycatch",,,,,,,,,,"wQI+SYME+gr3nKVXMbMGzlxt6VcoOetL",
"3b9947cd-7649-42a2-b3be-76e6910a8712","UKFS_007.basePlot.bet","D06","UKFS","UKFS_007","S","2015-06-30","2015-07-14","2015-07-15","2015-07-16",,"UKFS_007.S.20150714","PlyNduRc44RUoq0pcfo96j9KUL6DOnwtdKgbTNQBz1A=","invert bycatch",,,,,,,,,,"77todYjt/jkEGWUHO3SI0BRlGpUHn9Xh",
"ec74dedb-31ed-432c-a955-be40c5807859","UKFS_008.basePlot.bet","D06","UKFS","UKFS_008","S","2015-06-30","2015-07-14","2015-07-15","2015-07-16",,"UKFS_008.S.20150714","5GU/wTV57IXnpLXUjN/eABBM7ncPGRHA3M+n70xPEzQ=","invert bycatch",,,,,,,,,,"wQI+SYME+gr3nKVXMbMGzlxt6VcoOetL",
"def57630-9de6-4ef4-a7dc-586136c0f10b","UKFS_005.basePlot.bet","D06","UKFS","UKFS_005","S","2015-06-30","2015-07-14","2015-07-15","2015-07-22",,"UKFS_005.S.20150714","U/hiAoS2t8wHr9hCVZ7Q/E9Eg9MXOTY684apo6vZqzM=","invert bycatch",,,,,,,,,,"wQI+SYME+gr3nKVXMbMGzlxt6VcoOetL",
"a023704b-751a-4b85-a995-19d5c5fcccb5","UKFS_006.basePlot.bet","D06","UKFS","UKFS_006","S","2015-06-30","2015-07-14","2015-07-15","2015-07-16",,"UKFS_006.S.20150714","B2YMmw2rf0fnt5F1w8Doz3wMDWN/V/CDil6gAxXhU+k=","invert bycatch",,,,,,,,,,"77todYjt/jkEGWUHO3SI0BRlGpUHn9Xh",
"9b413274-f685-472e-b40f-2fc8ce39682f","UKFS_006.basePlot.bet","D06","UKFS","UKFS_006","S","2015-06-30","2015-07-14","2015-07-15","2015-07-16","2015-09-21","UKFS_006.S.20150714","B2YMmw2rf0fnt5F1w8Doz0+GqZj0fli1Usm0Pb0jTls=","carabid","BRAALT","Brachinus alternans","species",,"Dejean",,1,"Other","77todYjt/jkEGWUHO3SI0BRlGpUHn9Xh","77todYjt/jkEGWUHO3SI0BRlGpUHn9Xh",
"d7f77378-eedd-4599-a41f-e944f675b914","UKFS_001.basePlot.bet","D06","UKFS","UKFS_001","W","2015-06-30","2015-07-14","2015-07-15","2015-07-22",,"UKFS_001.W.20150714","W8lw52JMhqDu0Lle5bL3/Y2PFDVEnGWotlfAnMTcBRk=","invert bycatch",,,,,,,,,,"wQI+SYME+gr3nKVXMbMGzlxt6VcoOetL",
"ff731c3f-c32c-45d1-b6e4-9943b10e0b80","UKFS_003.basePlot.bet","D06","UKFS","UKFS_003","W","2015-06-30","2015-07-14","2015-07-15","2015-07-21",,"UKFS_003.W.20150714","Vl3mTlloYQShkwfefQDNqUNkUryCbrCxfK4l2uM3ymE=","invert bycatch",,,,,,,,,,"wQI+SYME+gr3nKVXMbMGzlxt6VcoOetL",
"c53ae40a-528a-4025-8781-bd2749ef5011","UKFS_007.basePlot.bet","D06","UKFS","UKFS_007","W","2015-06-30","2015-07-14","2015-07-15","2015-07-16",,"UKFS_007.W.20150714","PlyNduRc44S/3N+/1RkSoYJH8TpXj6h4bNJb2nOk1SE=","invert bycatch",,,,,,,,,,"77todYjt/jkEGWUHO3SI0BRlGpUHn9Xh",
"a24d479d-9839-48a9-9ac3-3eb665c008f4","UKFS_002.basePlot.bet","D06","UKFS","UKFS_002","W","2015-06-30","2015-07-14","2015-07-15","2015-07-16","2015-09-21","UKFS_002.W.20150714","ThLXd3W7368zCKg0KTot326CDMSaz3RW/lKCa4ZehRk=","carabid","CARSP14","Carabidae sp.","family",,"Latreille","D06.2015.MorphB",1,"Other","77todYjt/jkEGWUHO3SI0BRlGpUHn9Xh","77todYjt/jkEGWUHO3SI0BRlGpUHn9Xh","Cyclotrachelus sp. black oval pronotum, notches on the posterolateral angles"
"801e6881-b56d-4a35-babf-ff2443f2942c","UKFS_002.basePlot.bet","D06","UKFS","UKFS_002","W","2015-06-30","2015-07-14","2015-07-15","2015-07-16",,"UKFS_002.W.20150714","ThLXd3W7368zCKg0KTot3xF9+xmCIpoVSAm56NX5rEk=","invert bycatch",,,,,,,,,,"77todYjt/jkEGWUHO3SI0BRlGpUHn9Xh",
"08f65262-fc52-45a6-9106-e3d3cd1af8d8","UKFS_002.basePlot.bet","D06","UKFS","UKFS_002","W","2015-06-30","2015-07-14","2015-07-15","2015-07-16","2015-09-21","UKFS_002.W.20150714","ThLXd3W7368zCKg0KTot356X8yvonjWJ3Za18jc8GII=","carabid","DICFUR","Dicaelus furvus","species",,"Dejean",,2,"Other","77todYjt/jkEGWUHO3SI0BRlGpUHn9Xh","77todYjt/jkEGWUHO3SI0BRlGpUHn9Xh",
"33134699-394c-439b-b099-3ced8e8e924d","UKFS_002.basePlot.bet","D06","UKFS","UKFS_002","W","2015-06-30","2015-07-14","2015-07-15","2015-07-16",,"UKFS_002.W.20150714","ThLXd3W7368zCKg0KTot3xF9+xmCIpoVecEUoJ/DVuY=","invert bycatch",,,,,,,,,,"77todYjt/jkEGWUHO3SI0BRlGpUHn9Xh",
"4f81f51c-3b51-4bf3-bac7-be88b61035bd","UKFS_004.basePlot.bet","D06","UKFS","UKFS_004","W","2015-06-30","2015-07-14","2015-07-15","2015-07-16",,"UKFS_004.W.20150714","luQoN84IPtEnb6sGg4J5knrr4LjOz95b46sCC7ykqyU=","invert bycatch",,,,,,,,,,"wQI+SYME+gr3nKVXMbMGzlxt6VcoOetL",
"655f0d65-fd42-43e5-9364-f5b7021612ee","UKFS_009.basePlot.bet","D06","UKFS","UKFS_009","W","2015-06-30","2015-07-14","2015-07-15","2015-07-16",,"UKFS_009.W.20150714","MMz820nXMknlpp7hDs47Bc5EoIuZLq9mYHDNQPxVsA4=","invert bycatch",,,,,,,,,,"77todYjt/jkEGWUHO3SI0BRlGpUHn9Xh",
"fbf2ed62-d4c6-4ff1-a497-13c3562993f8","UKFS_010.basePlot.bet","D06","UKFS","UKFS_010","W","2015-06-30","2015-07-14","2015-07-15","2015-07-16",,"UKFS_010.W.20150714","26ylXNgyPLyzBCQxUJaQs+67KqKRpF6yhJkdy6Q8Ow8=","invert bycatch",,,,,,,,,,"wQI+SYME+gr3nKVXMbMGzlxt6VcoOetL",
"12f096d2-0368-42e9-8349-49933c6eb34c","UKFS_002.basePlot.bet","D06","UKFS","UKFS_002","W","2015-06-30","2015-07-14","2015-07-15","2015-07-16",,"UKFS_002.W.20150714","ThLXd3W7368zCKg0KTot3xF9+xmCIpoVQ2eLQ3h3/Zo=","invert bycatch",,,,,,,,,,"77todYjt/jkEGWUHO3SI0BRlGpUHn9Xh",
"81b9a14b-2e16-4699-ba9a-36d89c596c95","UKFS_002.basePlot.bet","D06","UKFS","UKFS_002","W","2015-06-30","2015-07-14","2015-07-15","2015-07-16","2015-08-21","UKFS_002.W.20150714","ThLXd3W7368zCKg0KTot30tPY6M77iiSh/DkbzqSvcU=","carabid","CHLNEM","Chlaenius nemoralis","species",,"Say",,2,"Other","77todYjt/jkEGWUHO3SI0BRlGpUHn9Xh","77todYjt/jkEGWUHO3SI0BRlGpUHn9Xh",
"c690ed7f-fb04-4b2e-b7bb-48c19a8d162a","UKFS_008.basePlot.bet","D06","UKFS","UKFS_008","W","2015-06-30","2015-07-14","2015-07-15","2015-07-16",,"UKFS_008.W.20150714","5GU/wTV57IWBL4I7Yrasmz0or9Rlqgq6M9vXWfXljww=","invert bycatch",,,,,,,,,,"wQI+SYME+gr3nKVXMbMGzlxt6VcoOetL",
"12c893e6-3498-4019-a462-a0c9c0943fec","UKFS_005.basePlot.bet","D06","UKFS","UKFS_005","W","2015-06-30","2015-07-14","2015-07-15","2015-07-22",,"UKFS_005.W.20150714","U/hiAoS2t8z2TlFIZ0xoJKcy43Gjgu0Is6MJljqzc2w=","invert bycatch",,,,,,,,,,"wQI+SYME+gr3nKVXMbMGzlxt6VcoOetL",
"60f0ff8b-181a-4e0e-a3df-b4f8a45719eb","UKFS_006.basePlot.bet","D06","UKFS","UKFS_006","W","2015-06-30","2015-07-14","2015-07-15","2015-07-16",,"UKFS_006.W.20150714","B2YMmw2rf0fYWbPYzxQo9kGe7r7dc/0AOB8RIGW45qw=","invert bycatch",,,,,,,,,,"77todYjt/jkEGWUHO3SI0BRlGpUHn9Xh",
"a5c6e9af-cd93-43f9-961b-4f5995d58606","UKFS_006.basePlot.bet","D06","UKFS","UKFS_006","W","2015-06-30","2015-07-14","2015-07-15","2015-07-16","2015-11-19","UKFS_006.W.20150714","B2YMmw2rf0fYWbPYzxQo9rVzK8jjLQLkdch9DhlIY3Y=","carabid","CARSP14","Carabidae sp.","family",,"Latreille","D06.2015.MorphS",1,"Other","uXSN77Q7x9d8K4YNojlWoLfuAfr3cQqR","77todYjt/jkEGWUHO3SI0BRlGpUHn9Xh","Single specimen of Morphospecies S"
"73e59032-cc8a-4713-9724-baa1fe6d10da","UKFS_007.basePlot.bet","D06","UKFS","UKFS_007","E","2015-06-30","2015-07-14","2015-07-15","2015-07-16",,"UKFS_007.E.20150714","PlyNduRc44Qcdojg0RaG6xuViQRWpXEtjEf/YRLflKA=","invert bycatch",,,,,,,,,,"77todYjt/jkEGWUHO3SI0BRlGpUHn9Xh",
"15659609-ce8c-48ea-80b1-eef84f759535","UKFS_007.basePlot.bet","D06","UKFS","UKFS_007","E","2015-06-30","2015-07-14","2015-07-15","2015-07-16","2015-08-21","UKFS_007.E.20150714","PlyNduRc44Qcdojg0RaG68BnwB/bnLFRdv0CamkdUnk=","carabid","PASELO","Pasimachus elongatus","species",,"LeConte",,1,"Other","77todYjt/jkEGWUHO3SI0BRlGpUHn9Xh","77todYjt/jkEGWUHO3SI0BRlGpUHn9Xh",
"12e7e8f1-348a-4d89-ad45-cb218f4565e2","UKFS_002.basePlot.bet","D06","UKFS","UKFS_002","E","2015-06-30","2015-07-14","2015-07-15","2015-07-16",,"UKFS_002.E.20150714","ThLXd3W736+v3QEZHc9CpOEUQKNilMQp13DIfnkx2mk=","invert bycatch",,,,,,,,,,"77todYjt/jkEGWUHO3SI0BRlGpUHn9Xh",
"87e29418-52bc-4604-a70e-c06393f375fb","UKFS_009.basePlot.bet","D06","UKFS","UKFS_009","E","2015-06-30","2015-07-14","2015-07-15","2015-07-16",,"UKFS_009.E.20150714","MMz820nXMkl9BrpXOPF+VLTktc6tTLfsjbrkok9KCKQ=","invert bycatch",,,,,,,,,,"77todYjt/jkEGWUHO3SI0BRlGpUHn9Xh",
"118cf3c8-c37f-460b-829d-26f435b816c4","UKFS_004.basePlot.bet","D06","UKFS","UKFS_004","E","2015-06-30","2015-07-14","2015-07-15","2015-07-16",,"UKFS_004.E.20150714","luQoN84IPtGyMW6k1P1bZTgVSaYNXiEmNrtzksg4dCA=","invert bycatch",,,,,,,,,,"wQI+SYME+gr3nKVXMbMGzlxt6VcoOetL",
"2ed17eb3-e119-4037-98ca-2c4c9bd87f64","UKFS_003.basePlot.bet","D06","UKFS","UKFS_003","E","2015-06-30","2015-07-14","2015-07-15","2015-07-21",,"UKFS_003.E.20150714","Vl3mTlloYQT2VnzwvbmzbWynMn9UwEWunO7+IFvHFDs=","invert bycatch",,,,,,,,,,"wQI+SYME+gr3nKVXMbMGzlxt6VcoOetL",
"122da57d-1bd5-47f2-a799-b018045f00c0","UKFS_001.basePlot.bet","D06","UKFS","UKFS_001","E","2015-06-30","2015-07-14","2015-07-15","2015-07-22",,"UKFS_001.E.20150714","W8lw52JMhqCf3upy0dCzjRth0X9EaEsOiTYz8kfvlWo=","invert bycatch",,,,,,,,,,"wQI+SYME+gr3nKVXMbMGzlxt6VcoOetL",
"96664520-1972-412f-8232-8b0913e0408d","UKFS_006.basePlot.bet","D06","UKFS","UKFS_006","E","2015-06-30","2015-07-14","2015-07-15","2015-07-16",,"UKFS_006.E.20150714","B2YMmw2rf0dJ+PFjWSEvBTsVPOlg2KO1uqDYFhh0LyQ=","invert bycatch",,,,,,,,,,"77todYjt/jkEGWUHO3SI0BRlGpUHn9Xh",
"c7caa338-55ea-4719-a377-af475385a284","UKFS_006.basePlot.bet","D06","UKFS","UKFS_006","E","2015-06-30","2015-07-14","2015-07-15","2015-07-16","2015-09-21","UKFS_006.E.20150714","B2YMmw2rf0dJ+PFjWSEvBSCX15ZntTzdSAuz+e7piXY=","carabid","CARSP14","Carabidae sp.","family",,"Latreille","D06.2015.MorphA",1,"Other","77todYjt/jkEGWUHO3SI0BRlGpUHn9Xh","77todYjt/jkEGWUHO3SI0BRlGpUHn9Xh","Dicaelus with wavy elytra pattern, all black"
"8534d23d-47d2-49b9-806b-d1fe6d793548","UKFS_010.basePlot.bet","D06","UKFS","UKFS_010","E","2015-06-30","2015-07-14","2015-07-15","2015-07-16",,"UKFS_010.E.20150714","26ylXNgyPLyROz6pS2nu9YahT4ASdwvarKsde/S4p1g=","invert bycatch",,,,,,,,,,"wQI+SYME+gr3nKVXMbMGzlxt6VcoOetL",
"30a87a0f-5363-4563-8f3f-3f9f7066f66c","UKFS_010.basePlot.bet","D06","UKFS","UKFS_010","E","2015-06-30","2015-07-14","2015-07-15","2015-07-16",,"UKFS_010.E.20150714","26ylXNgyPLyROz6pS2nu9YahT4ASdwvar4pZbSEO2pI=","invert bycatch",,,,,,,,,,"wQI+SYME+gr3nKVXMbMGzlxt6VcoOetL",
"368fbec9-f6f0-408e-b631-3a27701f0c88","UKFS_002.basePlot.bet","D06","UKFS","UKFS_002","E","2015-06-30","2015-07-14","2015-07-15","2015-07-16",,"UKFS_002.E.20150714","ThLXd3W736+v3QEZHc9CpOEUQKNilMQpk0GiJqelgP0=","invert bycatch",,,,,,,,,,"77todYjt/jkEGWUHO3SI0BRlGpUHn9Xh",
"2aa09e4e-f746-4eac-80eb-a2e080e220e2","UKFS_008.basePlot.bet","D06","UKFS","UKFS_008","E","2015-06-30","2015-07-14","2015-07-15","2015-07-16",,"UKFS_008.E.20150714","5GU/wTV57IUADZuiX4ZHqeK6f9TEsQoCC36Zyk8ZVrU=","invert bycatch",,,,,,,,,,"wQI+SYME+gr3nKVXMbMGzlxt6VcoOetL",
"7f1fc1ed-b1da-447c-a778-da3f08e0f519","UKFS_008.basePlot.bet","D06","UKFS","UKFS_008","E","2015-06-30","2015-07-14","2015-07-15","2015-07-16",,"UKFS_008.E.20150714","5GU/wTV57IUADZuiX4ZHqeK6f9TEsQoCrNZ5pMie7fA=","invert bycatch",,,,,,,,,,"wQI+SYME+gr3nKVXMbMGzlxt6VcoOetL",
"56031a43-7676-4844-9cf1-927c4ac540dc","UKFS_006.basePlot.bet","D06","UKFS","UKFS_006","E","2015-06-30","2015-07-14","2015-07-15","2015-07-16","2015-09-21","UKFS_006.E.20150714","B2YMmw2rf0dJ+PFjWSEvBUNQ6CbBJ8oevvqSYDbT+wM=","carabid","GALATR","Galerita atripes","species",,"LeConte",,1,"Other","77todYjt/jkEGWUHO3SI0BRlGpUHn9Xh","77todYjt/jkEGWUHO3SI0BRlGpUHn9Xh",
"455e0b18-3c82-48d2-bbbb-70bb9ee57a44","UKFS_005.basePlot.bet","D06","UKFS","UKFS_005","E","2015-06-30","2015-07-14","2015-07-15","2015-07-22",,"UKFS_005.E.20150714","U/hiAoS2t8wcH1I0HKSVBVfEVqweih6HSG2N6z0j6R4=","invert bycatch",,,,,,,,,,"wQI+SYME+gr3nKVXMbMGzlxt6VcoOetL",
"6cae7e0a-82fe-42ea-a4e1-5085bb8a6bff","UKFS_001.basePlot.bet","D06","UKFS","UKFS_001","N","2015-06-30","2015-07-14","2015-07-15","2015-07-22","2015-09-21","UKFS_001.N.20150714","W8lw52JMhqCv0mgp+Tx3Ke4svI8/DS1UpDa48jZsXKw=","carabid","CARSP14","Carabidae sp.","family",,"Latreille","D06.2015.MorphA",1,"Other","77todYjt/jkEGWUHO3SI0BRlGpUHn9Xh","wQI+SYME+gr3nKVXMbMGzlxt6VcoOetL","Sampled accidently pooled, can not identify trap of origin| Dicaelus with wavy elytra pattern, all black|Sampled accidently pooled, can not identify trap of origin| Cycllotrachelus sp. black, oval pronotum, notches on the posterolateral angles"
"e5854c72-db08-48dd-b1eb-75faaaef1aa5","UKFS_008.basePlot.bet","D06","UKFS","UKFS_008","N","2015-06-30","2015-07-14","2015-07-15","2015-07-16","2015-09-28","UKFS_008.N.20150714","5GU/wTV57IXAqJ6T3+RdvUe76DqZjh3kk8Qtl3k1f18=","carabid","CARSP14","Carabidae sp.","family",,"Latreille","D06.2015.MorphA",2,"Other","77todYjt/jkEGWUHO3SI0BRlGpUHn9Xh","wQI+SYME+gr3nKVXMbMGzlxt6VcoOetL","sample accidently pooled, can not determine trap of origin| Dicaelus sp. with wavy elytra pattern, all black|sample accidently pooled, can not determine trap of origin| shiny green pronotum, blue elytra, covered in small golden hairs"
"f5c97b1d-d1a7-4aa4-92ef-1263d005acb3","UKFS_005.basePlot.bet","D06","UKFS","UKFS_005","N","2015-06-30","2015-07-14","2015-07-15","2015-07-22","2015-09-21","UKFS_005.N.20150714","U/hiAoS2t8ykNrO53nVw+8U1GHp7hcVtfaGX3NHQDFs=","carabid","CARSP14","Carabidae sp.","family",,"Latreille","D06.2015.MorphA",3,"Other","77todYjt/jkEGWUHO3SI0BRlGpUHn9Xh","wQI+SYME+gr3nKVXMbMGzlxt6VcoOetL","Sampled accidently pooled, can not identify trap of origin| Lime green and bronze, metallic, medium size|Sampled accidently pooled, can not identify trap of origin| Dicaelus with wavy elytra pattern, all black"
"57f324fb-210a-4f58-9e40-8e443bcd77f5","UKFS_004.basePlot.bet","D06","UKFS","UKFS_004","N","2015-06-30","2015-07-14","2015-07-15","2015-07-16","2015-09-21","UKFS_004.N.20150714","luQoN84IPtFCEbD/M+6LbwRqtjWFxzrYqFC/+WFuV4c=","carabid","CARSP14","Carabidae sp.","family",,"Latreille","D06.2015.MorphA",5,"Other","77todYjt/jkEGWUHO3SI0BRlGpUHn9Xh","wQI+SYME+gr3nKVXMbMGzlxt6VcoOetL","sample accidently pooled, can not determine trap of origin| Dicaelus sp. with wavy elytra pattern, all black|sample accidently pooled, can not determine trap of origin| Loxandrus sp. Dark brown with light brown around the edge of the pronotum|sample accid"
"4704dcd6-f9b4-49ec-b72d-2eb344455498","UKFS_005.basePlot.bet","D06","UKFS","UKFS_005","N","2015-06-30","2015-07-14","2015-07-15","2015-07-22","2015-09-21","UKFS_005.N.20150714","U/hiAoS2t8ykNrO53nVw+x4E62vwVjsdIfhkLwKYi8k=","carabid","DICPUR4","Dicaelus purpuratus","species",,"Bonelli",,1,"Other","77todYjt/jkEGWUHO3SI0BRlGpUHn9Xh","wQI+SYME+gr3nKVXMbMGzlxt6VcoOetL","Sampled accidently pooled, can not identify trap of origin"
"a6182a04-777e-45d0-9d50-aa76172a30ab","UKFS_008.basePlot.bet","D06","UKFS","UKFS_008","N","2015-06-30","2015-07-14","2015-07-15","2015-07-16","2015-09-28","UKFS_008.N.20150714","5GU/wTV57IXAqJ6T3+RdvYf7Wjrs+kIhDpAr6CHUrB8=","carabid","BRAALT","Brachinus alternans","species",,"Dejean",,2,"Other","77todYjt/jkEGWUHO3SI0BRlGpUHn9Xh","wQI+SYME+gr3nKVXMbMGzlxt6VcoOetL","sample accidently pooled, can not determine trap of origin"
"c93519c7-0ee1-45cc-9f0c-05974af6bc20","UKFS_005.basePlot.bet","D06","UKFS","UKFS_005","N","2015-06-30","2015-07-14","2015-07-15","2015-07-22","2015-09-21","UKFS_005.N.20150714","U/hiAoS2t8ykNrO53nVw+5qnC+uYrZGuyK/gPaokCI0=","carabid","PASELO","Pasimachus elongatus","species",,"LeConte",,1,"Other","77todYjt/jkEGWUHO3SI0BRlGpUHn9Xh","wQI+SYME+gr3nKVXMbMGzlxt6VcoOetL","Sampled accidently pooled, can not identify trap of origin"
"b948313f-9cee-4844-8409-6391ed2d2665","UKFS_005.basePlot.bet","D06","UKFS","UKFS_005","N","2015-06-30","2015-07-14","2015-07-15","2015-07-22",,"UKFS_005.N.20150714","U/hiAoS2t8ykNrO53nVw+w7cH1yHg1YKmAO47IW4dF0=","invert bycatch",,,,,,,,,,"wQI+SYME+gr3nKVXMbMGzlxt6VcoOetL",
"da585fd6-a973-4685-81f5-0cd9d085f7d3","UKFS_005.basePlot.bet","D06","UKFS","UKFS_005","N","2015-06-30","2015-07-14","2015-07-15","2015-07-22","2015-09-21","UKFS_005.N.20150714","U/hiAoS2t8ykNrO53nVw+4XNK+eVeiNevcZ0l31j2Sk=","carabid","GALBIC","Galerita bicolor","species",,"Drury",,2,"Other","77todYjt/jkEGWUHO3SI0BRlGpUHn9Xh","wQI+SYME+gr3nKVXMbMGzlxt6VcoOetL","Sampled accidently pooled, can not identify trap of origin"
"44455707-f074-4eb5-9a23-383e090c4f54","UKFS_006.basePlot.bet","D06","UKFS","UKFS_006","N","2015-06-30","2015-07-14","2015-07-15","2015-07-16","2015-09-21","UKFS_006.N.20150714","B2YMmw2rf0fo8U6L7B9sNB2Jh7YJma7TLPzz8/tjmxY=","carabid","GALATR","Galerita atripes","species",,"LeConte",,4,"Other","77todYjt/jkEGWUHO3SI0BRlGpUHn9Xh","77todYjt/jkEGWUHO3SI0BRlGpUHn9Xh",
"8ee3dbd4-c98d-4195-ad18-328cde1c78ec","UKFS_006.basePlot.bet","D06","UKFS","UKFS_006","N","2015-06-30","2015-07-14","2015-07-15","2015-07-16","2015-09-21","UKFS_006.N.20150714","B2YMmw2rf0fo8U6L7B9sNAbViXCuHLhFpL4gxufKZoY=","carabid","CARSP14","Carabidae sp.","family",,"Latreille","D06.2015.MorphB",1,"Other","77todYjt/jkEGWUHO3SI0BRlGpUHn9Xh","77todYjt/jkEGWUHO3SI0BRlGpUHn9Xh","Cyclotrachelus sp. black oval pronotum, notches on the posterolateral angles"
"579f8571-b5e3-43c5-87ec-7be615e6ec26","UKFS_007.basePlot.bet","D06","UKFS","UKFS_007","E","2015-07-14","2015-07-28","2015-07-29","2015-07-30","2015-09-28","UKFS_007.E.20150728","PlyNduRc44Qcdojg0RaG6xj9+taIYqVgLHxZSOxl0+8=","carabid","DICPUR4","Dicaelus purpuratus","species",,"Bonelli",,1,"Other","77todYjt/jkEGWUHO3SI0BRlGpUHn9Xh","wQI+SYME+gr3nKVXMbMGzlxt6VcoOetL",
"842474ff-ddef-4f87-822f-05d563944692","UKFS_007.basePlot.bet","D06","UKFS","UKFS_007","E","2015-07-14","2015-07-28","2015-07-29","2015-07-30","2015-09-28","UKFS_007.E.20150728","PlyNduRc44Qcdojg0RaG6zWfbUac8ywovmMJGPPUC3w=","carabid","DICFUR","Dicaelus furvus","species",,"Dejean",,4,"Other","77todYjt/jkEGWUHO3SI0BRlGpUHn9Xh","wQI+SYME+gr3nKVXMbMGzlxt6VcoOetL",
"be507a65-60cc-4893-ac73-f6f92cd6eda6","UKFS_007.basePlot.bet","D06","UKFS","UKFS_007","E","2015-07-14","2015-07-28","2015-07-29","2015-07-30","2015-09-28","UKFS_007.E.20150728","PlyNduRc44Qcdojg0RaG6zaUBXJO/nGmVGLCIjaJUFY=","carabid","BRAALT","Brachinus alternans","species",,"Dejean",,2,"Other","77todYjt/jkEGWUHO3SI0BRlGpUHn9Xh","wQI+SYME+gr3nKVXMbMGzlxt6VcoOetL",
"8dcb3a43-ace6-4610-b0a0-a5e6c8f4cae2","UKFS_007.basePlot.bet","D06","UKFS","UKFS_007","E","2015-07-14","2015-07-28","2015-07-29","2015-07-30","2015-09-28","UKFS_007.E.20150728","PlyNduRc44Qcdojg0RaG6/VzbkTo410nUTmOuQ0qFEE=","carabid","CARSP14","Carabidae sp.","family",,"Latreille","D06.2015.MorphA",4,"Other","77todYjt/jkEGWUHO3SI0BRlGpUHn9Xh","wQI+SYME+gr3nKVXMbMGzlxt6VcoOetL","Dicaelus with wavy elytra pattern, all black"
"6f9ff7b9-e8fd-4ed0-839d-815207969b3b","UKFS_005.basePlot.bet","D06","UKFS","UKFS_005","E","2015-07-14","2015-07-28","2015-07-29","2015-07-30",,"UKFS_005.E.20150728","U/hiAoS2t8wcH1I0HKSVBVZ3NKyKBIo8s2B4x05fPsk=","invert bycatch",,,,,,,,,,"77todYjt/jkEGWUHO3SI0BRlGpUHn9Xh",
"3b4ede11-888e-4323-adb4-670f1cc1d021","UKFS_001.basePlot.bet","D06","UKFS","UKFS_001","E","2015-07-14","2015-07-28","2015-07-29","2015-07-29","2015-09-28","UKFS_001.E.20150728","W8lw52JMhqCf3upy0dCzjetv6wjfS5ujmatLfNXLMYw=","carabid","CARSP14","Carabidae sp.","family",,"Latreille","D06.2015.MorphA",3,"Other","77todYjt/jkEGWUHO3SI0BRlGpUHn9Xh","77todYjt/jkEGWUHO3SI0BRlGpUHn9Xh","Dicaelus with wavy elytra, all black"
"78f8f9eb-8831-460c-a7c5-c2cb610eb60d","UKFS_010.basePlot.bet","D06","UKFS","UKFS_010","E","2015-07-14","2015-07-28","2015-07-29","2015-07-31",,"UKFS_010.E.20150728","26ylXNgyPLyROz6pS2nu9aM/ytRiVLvGtTlM9atLe1c=","invert bycatch",,,,,,,,,,"77todYjt/jkEGWUHO3SI0BRlGpUHn9Xh",
"f39a9d51-700f-4a25-ae3b-ca6587e07b94","UKFS_010.basePlot.bet","D06","UKFS","UKFS_010","N","2015-07-14","2015-07-28","2015-07-29","2015-07-31","2015-09-28","UKFS_010.N.20150728","26ylXNgyPLzDn0LVl9IGVCB1QrvAqLwkgntmgQ53nbM=","carabid","CARSP14","Carabidae sp.","family",,"Latreille","D06.2015.MorphH",1,"Other","77todYjt/jkEGWUHO3SI0BRlGpUHn9Xh","77todYjt/jkEGWUHO3SI0BRlGpUHn9Xh","Tribe Zuphini, shoulder of elytra expanded and bending below body|Chlaenius sp. dark purple with short golden hair"
"529fb0b8-2f33-4960-abc2-c0ff81b82c49","UKFS_006.basePlot.bet","D06","UKFS","UKFS_006","N","2015-07-14","2015-07-28","2015-07-29","2015-07-29","2015-09-28","UKFS_006.N.20150728","B2YMmw2rf0fo8U6L7B9sNDuxf15U04LJ+yd2lH6lILw=","carabid","CARSP14","Carabidae sp.","family",,"Latreille","D06.2015.MorphB",1,"Other","77todYjt/jkEGWUHO3SI0BRlGpUHn9Xh","77todYjt/jkEGWUHO3SI0BRlGpUHn9Xh","cyclotrachelus sp. black oval pronotum, notches on the posterolateral angles|Dicaelus with wavy elytra pattern, all black"
"2bf11637-58ad-4c3d-a3df-15f216558a43","UKFS_008.basePlot.bet","D06","UKFS","UKFS_008","N","2015-07-14","2015-07-28","2015-07-29","2015-07-29","2015-09-28","UKFS_008.N.20150728","5GU/wTV57IXAqJ6T3+RdvWYwBF9r/i+6QT404w+vaQU=","carabid","BRAALT","Brachinus alternans","species",,"Dejean",,1,"Other","77todYjt/jkEGWUHO3SI0BRlGpUHn9Xh","wQI+SYME+gr3nKVXMbMGzlxt6VcoOetL",
"1e1ad21c-7f25-4dd3-b0c7-0e6459435393","UKFS_008.basePlot.bet","D06","UKFS","UKFS_008","N","2015-07-14","2015-07-28","2015-07-29","2015-07-29","2015-09-28","UKFS_008.N.20150728","5GU/wTV57IXAqJ6T3+RdvdsGnL7U42iwat3rrjSdYnw=","carabid","CARSP14","Carabidae sp.","family",,"Latreille","D06.2015.MorphA",2,"Other","77todYjt/jkEGWUHO3SI0BRlGpUHn9Xh","wQI+SYME+gr3nKVXMbMGzlxt6VcoOetL","Dicaelus sp with wavy elytra pattern, all black"
"ce6c3df6-c419-4494-912e-00d752591845","UKFS_004.basePlot.bet","D06","UKFS","UKFS_004","N","2015-07-14","2015-07-28","2015-07-29","2015-07-29","2015-09-28","UKFS_004.N.20150728","luQoN84IPtFCEbD/M+6Lb2gyV7+1SjPBVRsJqmz2BEw=","carabid","CARSP14","Carabidae sp.","family",,"Latreille","D06.2015.MorphC",1,"Other","77todYjt/jkEGWUHO3SI0BRlGpUHn9Xh","77todYjt/jkEGWUHO3SI0BRlGpUHn9Xh","Lime green and bronze, metallic, medium size"
"9ec7701c-fe63-4a20-997c-ce23f8b809a3","UKFS_002.basePlot.bet","D06","UKFS","UKFS_002","N","2015-07-14","2015-07-28","2015-07-29","2015-07-30","2015-09-28","UKFS_002.N.20150728","ThLXd3W7368x81PZ9eOjJXIqWxBDWnBd7p0cA6nrAhs=","carabid","CARSP14","Carabidae sp.","family",,"Latreille","D06.2015.MorphK",2,"Other","77todYjt/jkEGWUHO3SI0BRlGpUHn9Xh","wQI+SYME+gr3nKVXMbMGzlxt6VcoOetL","Harpalus sp. dark brown overall, light brown edge of pronotum, pronotum basically punctate"
"ac85b1a0-bc93-481b-a91e-f416475277ba","UKFS_010.basePlot.bet","D06","UKFS","UKFS_010","N","2015-07-14","2015-07-28","2015-07-29","2015-07-31","2015-09-28","UKFS_010.N.20150728","26ylXNgyPLzDn0LVl9IGVCWj095saOF7Qguf23S39I8=","carabid","DICFUR","Dicaelus furvus","species",,"Dejean",,1,"Other","77todYjt/jkEGWUHO3SI0BRlGpUHn9Xh","77todYjt/jkEGWUHO3SI0BRlGpUHn9Xh",
"97fd92c2-c5b7-4318-9604-88998b6b1377","UKFS_005.basePlot.bet","D06","UKFS","UKFS_005","N","2015-07-14","2015-07-28","2015-07-29","2015-07-30",,"UKFS_005.N.20150728","U/hiAoS2t8ykNrO53nVw+wDz9fL84VoEkcnpCLV5ZDs=","invert bycatch",,,,,,,,,,"77todYjt/jkEGWUHO3SI0BRlGpUHn9Xh",
"c7da4f04-326c-43d4-8e8c-5666dcf0d76a","UKFS_001.basePlot.bet","D06","UKFS","UKFS_001","N","2015-07-14","2015-07-28","2015-07-29","2015-07-29","2015-09-28","UKFS_001.N.20150728","W8lw52JMhqCv0mgp+Tx3Ka0gNs7WWCKAt02Xb7N1ikw=","carabid","CARSP14","Carabidae sp.","family",,"Latreille","D06.2015.MorphB",1,"Other","77todYjt/jkEGWUHO3SI0BRlGpUHn9Xh","77todYjt/jkEGWUHO3SI0BRlGpUHn9Xh","Cyclotrachelus sp. black oval pronotum, notches on the posterolatral angles"
"4ba64c10-6f63-4fb4-9405-628ba140a011","UKFS_009.basePlot.bet","D06","UKFS","UKFS_009","N","2015-07-14","2015-07-28","2015-07-29","2015-07-30",,"UKFS_009.N.20150728","MMz820nXMkkaBm8agXb1+xPTqpATF9yZHeA9rpuFR3w=","invert bycatch",,,,,,,,,,"77todYjt/jkEGWUHO3SI0BRlGpUHn9Xh",
"5d65dca4-c0d9-446d-b4f5-89793d997d36","UKFS_004.basePlot.bet","D06","UKFS","UKFS_004","N","2015-07-14","2015-07-28","2015-07-29","2015-07-29","2015-09-28","UKFS_004.N.20150728","luQoN84IPtFCEbD/M+6Lb86A0Anm8VAUGNU6v9yFMmU=","carabid","BRAALT","Brachinus alternans","species",,"Dejean",,1,"Other","77todYjt/jkEGWUHO3SI0BRlGpUHn9Xh","77todYjt/jkEGWUHO3SI0BRlGpUHn9Xh",
"31df9be3-1ef6-4f70-8d59-a136407f97b7","UKFS_008.basePlot.bet","D06","UKFS","UKFS_008","N","2015-07-14","2015-07-28","2015-07-29","2015-07-29","2015-09-28","UKFS_008.N.20150728","5GU/wTV57IXAqJ6T3+RdvSNAXBcCwsqKLVw7gxYEAK4=","carabid","DICPUR4","Dicaelus purpuratus","species",,"Bonelli",,2,"Other","77todYjt/jkEGWUHO3SI0BRlGpUHn9Xh","wQI+SYME+gr3nKVXMbMGzlxt6VcoOetL",
"b5d1e140-5ca7-4247-8a9a-630c8dd7fba2","UKFS_008.basePlot.bet","D06","UKFS","UKFS_008","N","2015-07-14","2015-07-28","2015-07-29","2015-07-29",,"UKFS_008.N.20150728","5GU/wTV57IXAqJ6T3+Rdvb4f5O6wG7v1EjOYq8QrMfw=","invert bycatch",,,,,,,,,,"wQI+SYME+gr3nKVXMbMGzlxt6VcoOetL",
"f0057eca-e97b-493d-bf1e-75cfa0bed913","UKFS_010.basePlot.bet","D06","UKFS","UKFS_010","N","2015-07-14","2015-07-28","2015-07-29","2015-07-31",,"UKFS_010.N.20150728","26ylXNgyPLzDn0LVl9IGVAopxg3jLIz9zdloi8Uztys=","invert bycatch",,,,,,,,,,"77todYjt/jkEGWUHO3SI0BRlGpUHn9Xh",
"a15276ef-51fd-46f6-abd1-648d321d7dd8","UKFS_010.basePlot.bet","D06","UKFS","UKFS_010","N","2015-07-14","2015-07-28","2015-07-29","2015-07-31","2015-09-28","UKFS_010.N.20150728","26ylXNgyPLzDn0LVl9IGVJzUKbklkl8jeaDn0/+H+RY=","carabid","BRAALT","Brachinus alternans","species",,"Dejean",,2,"Other","77todYjt/jkEGWUHO3SI0BRlGpUHn9Xh","77todYjt/jkEGWUHO3SI0BRlGpUHn9Xh",
"300f6ca4-8b14-4982-8394-0ae7bde15ad7","UKFS_006.basePlot.bet","D06","UKFS","UKFS_006","N","2015-07-14","2015-07-28","2015-07-29","2015-07-29",,"UKFS_006.N.20150728","B2YMmw2rf0fo8U6L7B9sNCDgWt0ANnYAeSuPyX+U1Kc=","invert bycatch",,,,,,,,,,"77todYjt/jkEGWUHO3SI0BRlGpUHn9Xh",
"ae986005-0394-4b2c-8a5b-1b3b02dfbe63","UKFS_006.basePlot.bet","D06","UKFS","UKFS_006","N","2015-07-14","2015-07-28","2015-07-29","2015-07-29","2015-09-28","UKFS_006.N.20150728","B2YMmw2rf0fo8U6L7B9sNDVhdX5VbEFfUUuxFBZdUtE=","carabid","BRAALT","Brachinus alternans","species",,"Dejean",,2,"Other","77todYjt/jkEGWUHO3SI0BRlGpUHn9Xh","77todYjt/jkEGWUHO3SI0BRlGpUHn9Xh",
"6bd77c58-39be-4abe-a250-a7a211c87f69","UKFS_004.basePlot.bet","D06","UKFS","UKFS_004","N","2015-07-14","2015-07-28","2015-07-29","2015-07-29",,"UKFS_004.N.20150728","luQoN84IPtFCEbD/M+6Lb2y4MUZzux7OnSDUaWmp9i8=","invert bycatch",,,,,,,,,,"77todYjt/jkEGWUHO3SI0BRlGpUHn9Xh",
"01638eef-5919-4f2f-9b74-0b6b82638056","UKFS_002.basePlot.bet","D06","UKFS","UKFS_002","N","2015-07-14","2015-07-28","2015-07-29","2015-07-30","2015-09-28","UKFS_002.N.20150728","ThLXd3W7368x81PZ9eOjJYulQUsRXxFrIiwp3OauAGc=","carabid","BRAALT","Brachinus alternans","species",,"Dejean",,1,"Other","77todYjt/jkEGWUHO3SI0BRlGpUHn9Xh","wQI+SYME+gr3nKVXMbMGzlxt6VcoOetL",
"f88646d3-9af7-4eed-a822-f444e052e1f8","UKFS_002.basePlot.bet","D06","UKFS","UKFS_002","N","2015-07-14","2015-07-28","2015-07-29","2015-07-30",,"UKFS_002.N.20150728","ThLXd3W7368x81PZ9eOjJawO3C135Wx9zWtUq4x5ohM=","invert bycatch",,,,,,,,,,"wQI+SYME+gr3nKVXMbMGzlxt6VcoOetL",
"c062f739-b6b6-4cea-8670-63080d97da4d","UKFS_002.basePlot.bet","D06","UKFS","UKFS_002","N","2015-07-14","2015-07-28","2015-07-29","2015-07-30",,"UKFS_002.N.20150728","ThLXd3W7368x81PZ9eOjJawO3C135Wx9WAspyDYbzcU=","invert bycatch",,,,,,,,,,"wQI+SYME+gr3nKVXMbMGzlxt6VcoOetL",
"6f2804e2-63da-4dd5-8de8-2cbee55ad50c","UKFS_002.basePlot.bet","D06","UKFS","UKFS_002","N","2015-07-14","2015-07-28","2015-07-29","2015-07-30","2015-09-28","UKFS_002.N.20150728","ThLXd3W7368x81PZ9eOjJcsDnm+gl3iEjZSBuCuhRg0=","carabid","PASELO","Pasimachus elongatus","species",,"LeConte",,1,"Other","77todYjt/jkEGWUHO3SI0BRlGpUHn9Xh","wQI+SYME+gr3nKVXMbMGzlxt6VcoOetL",
"39b04930-2d39-4876-a749-f22c7e86e81d","UKFS_007.basePlot.bet","D06","UKFS","UKFS_007","N","2015-07-14","2015-07-28","2015-07-29","2015-07-30",,"UKFS_007.N.20150728","PlyNduRc44SsZadZ+D6NMPff1X0SI0gjsq0E0D4xDjQ=","invert bycatch",,,,,,,,,,"wQI+SYME+gr3nKVXMbMGzlxt6VcoOetL",
"8e35e68d-8393-41e5-9e53-64961929d4dd","UKFS_007.basePlot.bet","D06","UKFS","UKFS_007","N","2015-07-14","2015-07-28","2015-07-29","2015-07-30","2015-09-28","UKFS_007.N.20150728","PlyNduRc44SsZadZ+D6NMDqLFy4D0C0wLqoajV88ybA=","carabid","DICFUR","Dicaelus furvus","species",,"Dejean",,2,"Other","77todYjt/jkEGWUHO3SI0BRlGpUHn9Xh","wQI+SYME+gr3nKVXMbMGzlxt6VcoOetL",
"60664acc-86ab-4d2b-8575-10b55a1aa116","UKFS_001.basePlot.bet","D06","UKFS","UKFS_001","N","2015-07-14","2015-07-28","2015-07-29","2015-07-29",,"UKFS_001.N.20150728","W8lw52JMhqCv0mgp+Tx3KY57mT6md2XlZPdTSKv+N7Q=","invert bycatch",,,,,,,,,,"77todYjt/jkEGWUHO3SI0BRlGpUHn9Xh",
"8cb5672b-7cb8-4d9c-ab65-ba2a506ed962","UKFS_003.basePlot.bet","D06","UKFS","UKFS_003","N","2015-07-14","2015-07-28","2015-07-29","2015-07-30",,"UKFS_003.N.20150728","Vl3mTlloYQRW5CGpwBn0gwn4LMVi0lSHUoks9QocBl0=","invert bycatch",,,,,,,,,,"77todYjt/jkEGWUHO3SI0BRlGpUHn9Xh",
"36781ae8-ea49-456c-9c63-d73041afc2d4","UKFS_005.basePlot.bet","D06","UKFS","UKFS_005","S","2015-07-14","2015-07-28","2015-07-29","2015-07-30","2015-09-28","UKFS_005.S.20150728","U/hiAoS2t8wHr9hCVZ7Q/Lg1GEz3+6k6K4os1/keeBg=","carabid","CARSP14","Carabidae sp.","family",,"Latreille","D06.2015.MorphB",1,"Other","77todYjt/jkEGWUHO3SI0BRlGpUHn9Xh","77todYjt/jkEGWUHO3SI0BRlGpUHn9Xh","Cyclotranchelus sp. black oval pronotum, notches on the posterolateral angles"
"e6895533-947d-4227-9aa5-92c814d7ed99","UKFS_008.basePlot.bet","D06","UKFS","UKFS_008","S","2015-07-14","2015-07-28","2015-07-29","2015-07-29",,"UKFS_008.S.20150728","5GU/wTV57IXnpLXUjN/eAJrwRc5uLA9Fg/kaZk0o+XE=","invert bycatch",,,,,,,,,,"wQI+SYME+gr3nKVXMbMGzlxt6VcoOetL",
"e6b23b0e-4a2f-475a-8c2a-be7cbd72324d","UKFS_006.basePlot.bet","D06","UKFS","UKFS_006","S","2015-07-14","2015-07-28","2015-07-29","2015-07-29","2015-09-28","UKFS_006.S.20150728","B2YMmw2rf0fnt5F1w8Doz4CWONEDIcdX1n4xtG3HHmg=","carabid","BRAALT","Brachinus alternans","species",,"Dejean",,1,"Other","77todYjt/jkEGWUHO3SI0BRlGpUHn9Xh","77todYjt/jkEGWUHO3SI0BRlGpUHn9Xh",
"e59434a5-8bdf-435b-80d4-217e6b5ada79","UKFS_006.basePlot.bet","D06","UKFS","UKFS_006","S","2015-07-14","2015-07-28","2015-07-29","2015-07-29","2015-09-28","UKFS_006.S.20150728","B2YMmw2rf0fnt5F1w8Doz1Rfyc+kFP2ZGef5KGLjnoo=","carabid","DICPUR4","Dicaelus purpuratus","species",,"Bonelli",,3,"Other","77todYjt/jkEGWUHO3SI0BRlGpUHn9Xh","77todYjt/jkEGWUHO3SI0BRlGpUHn9Xh",
"036a27f5-fa60-4a2c-9d13-6fc1ab20c73e","UKFS_005.basePlot.bet","D06","UKFS","UKFS_005","S","2015-07-14","2015-07-28","2015-07-29","2015-07-30","2015-09-28","UKFS_005.S.20150728","U/hiAoS2t8wHr9hCVZ7Q/FBHotKIwSs7LkB/opneOvw=","carabid","DICPUR4","Dicaelus purpuratus","species",,"Bonelli",,1,"Other","77todYjt/jkEGWUHO3SI0BRlGpUHn9Xh","77todYjt/jkEGWUHO3SI0BRlGpUHn9Xh",
"8a357951-1790-42da-907a-bb4d95fd3009","UKFS_005.basePlot.bet","D06","UKFS","UKFS_005","S","2015-07-14","2015-07-28","2015-07-29","2015-07-30",,"UKFS_005.S.20150728","U/hiAoS2t8wHr9hCVZ7Q/IaUAINr2qbi5jvRvvGcLIA=","invert bycatch",,,,,,,,,,"77todYjt/jkEGWUHO3SI0BRlGpUHn9Xh",
"99fa5f1f-ad3a-4f39-bd73-03335ee0c7d3","UKFS_010.basePlot.bet","D06","UKFS","UKFS_010","S","2015-07-14","2015-07-28","2015-07-29","2015-07-31","2015-09-28","UKFS_010.S.20150728","26ylXNgyPLzHrGLlAmMPzJPERldIrwaX02B+mUSaFac=","carabid","CARSP14","Carabidae sp.","family",,"Latreille","D06.2015.MorphA",1,"Other","77todYjt/jkEGWUHO3SI0BRlGpUHn9Xh","77todYjt/jkEGWUHO3SI0BRlGpUHn9Xh","Dicaelus with wavy elytra pattern, all black"
"c84a3890-9f03-4cd9-85fa-e7e927012576","UKFS_010.basePlot.bet","D06","UKFS","UKFS_010","S","2015-07-14","2015-07-28","2015-07-29","2015-07-31","2015-09-28","UKFS_010.S.20150728","26ylXNgyPLzHrGLlAmMPzFN2VAvDiRgV/oYf2UE0CRc=","carabid","DICFUR","Dicaelus furvus","species",,"Dejean",,1,"Other","77todYjt/jkEGWUHO3SI0BRlGpUHn9Xh","77todYjt/jkEGWUHO3SI0BRlGpUHn9Xh",
"3b97a19d-5a26-4cd5-8aef-5028272fba2f","UKFS_010.basePlot.bet","D06","UKFS","UKFS_010","S","2015-07-14","2015-07-28","2015-07-29","2015-07-31","2015-09-28","UKFS_010.S.20150728","26ylXNgyPLzHrGLlAmMPzKsPamAchGk1fSU2Z9GU340=","carabid","BRAALT","Brachinus alternans","species",,"Dejean",,2,"Other","77todYjt/jkEGWUHO3SI0BRlGpUHn9Xh","77todYjt/jkEGWUHO3SI0BRlGpUHn9Xh",
"4d127103-bf53-47c3-9bcd-7ce180c10638","UKFS_010.basePlot.bet","D06","UKFS","UKFS_010","S","2015-07-14","2015-07-28","2015-07-29","2015-07-31",,"UKFS_010.S.20150728","26ylXNgyPLzHrGLlAmMPzA3DPAKqmqQn7TA5TGX2zSo=","invert bycatch",,,,,,,,,,"77todYjt/jkEGWUHO3SI0BRlGpUHn9Xh",
"b328dbb1-5855-4f34-aa57-35b222e87e65","UKFS_009.basePlot.bet","D06","UKFS","UKFS_009","S","2015-07-14","2015-07-28","2015-07-29","2015-07-30","2015-09-28","UKFS_009.S.20150728","MMz820nXMklIuibWjob24Hhclzuc3O9T/FOsboAduKM=","carabid","CARSP14","Carabidae sp.","family",,"Latreille","D06.2015.MorphG",7,"Other","77todYjt/jkEGWUHO3SI0BRlGpUHn9Xh","77todYjt/jkEGWUHO3SI0BRlGpUHn9Xh","Megacephala sp. Metallic green, big headed tiger beetle"
"463c9f2d-6d57-4d72-a427-794dead4847f","UKFS_004.basePlot.bet","D06","UKFS","UKFS_004","S","2015-07-14","2015-07-28","2015-07-29","2015-07-29",,"UKFS_004.S.20150728","luQoN84IPtE+nCttLa7FCdJjcfSniWDTBBpbWWKoxoQ=","invert bycatch",,,,,,,,,,"77todYjt/jkEGWUHO3SI0BRlGpUHn9Xh",
"a47d3fcf-8d93-4b22-a3a9-7f6489e6d7b8","UKFS_004.basePlot.bet","D06","UKFS","UKFS_004","S","2015-07-14","2015-07-28","2015-07-29","2015-07-29","2015-09-28","UKFS_004.S.20150728","luQoN84IPtE+nCttLa7FCQnXHrRpvcRcL8AT/5fJ+Pw=","carabid","BRAALT","Brachinus alternans","species",,"Dejean",,10,"Other","77todYjt/jkEGWUHO3SI0BRlGpUHn9Xh","77todYjt/jkEGWUHO3SI0BRlGpUHn9Xh",
"712c04be-e06f-4792-9a89-a14e4e9a00e8","UKFS_004.basePlot.bet","D06","UKFS","UKFS_004","S","2015-07-14","2015-07-28","2015-07-29","2015-07-29","2015-09-28","UKFS_004.S.20150728","luQoN84IPtE+nCttLa7FCfIC/ko5+JYwIqBklQ1IT20=","carabid","CARSP14","Carabidae sp.","family",,"Latreille","D06.2015.MorphA",3,"Other","77todYjt/jkEGWUHO3SI0BRlGpUHn9Xh","77todYjt/jkEGWUHO3SI0BRlGpUHn9Xh","Dicaelus with wavy elytra pattern, all black"
"bfc5bb54-26aa-4c3e-97f0-63ca573b291d","UKFS_007.basePlot.bet","D06","UKFS","UKFS_007","S","2015-07-14","2015-07-28","2015-07-29","2015-07-30","2015-09-28","UKFS_007.S.20150728","PlyNduRc44RUoq0pcfo96mYWhaO6MrIwf9rNKwxOU3s=","carabid","DICFUR","Dicaelus furvus","species",,"Dejean",,2,"Other","77todYjt/jkEGWUHO3SI0BRlGpUHn9Xh","wQI+SYME+gr3nKVXMbMGzlxt6VcoOetL",
"d9f8058b-a3ed-453b-b038-da2949b86953","UKFS_001.basePlot.bet","D06","UKFS","UKFS_001","S","2015-07-14","2015-07-28","2015-07-29","2015-07-29",,"UKFS_001.S.20150728","W8lw52JMhqAmSsyHNCbL6e0ODTSnExkqwCDmvv0x6Uk=","invert bycatch",,,,,,,,,,"77todYjt/jkEGWUHO3SI0BRlGpUHn9Xh",
"a9755505-d81f-4a9e-883b-5d94ce9020fa","UKFS_001.basePlot.bet","D06","UKFS","UKFS_001","S","2015-07-14","2015-07-28","2015-07-29","2015-07-29","2015-09-28","UKFS_001.S.20150728","W8lw52JMhqAmSsyHNCbL6Wj4v6rOb4MqMohjAZQ/EFM=","carabid","DICFUR","Dicaelus furvus","species",,"Dejean",,1,"Other","77todYjt/jkEGWUHO3SI0BRlGpUHn9Xh","77todYjt/jkEGWUHO3SI0BRlGpUHn9Xh",
"fabf68fd-8e17-45bd-9ee7-ea0735fb39b9","UKFS_003.basePlot.bet","D06","UKFS","UKFS_003","S","2015-07-14","2015-07-28","2015-07-29","2015-07-30",,"UKFS_003.S.20150728","Vl3mTlloYQQKrLsC1l93W94IYJehqADDcJE4F1f16vY=","invert bycatch",,,,,,,,,,"77todYjt/jkEGWUHO3SI0BRlGpUHn9Xh",
"28aa2836-01bd-4717-8641-702aaeb529ae","UKFS_009.basePlot.bet","D06","UKFS","UKFS_009","S","2015-07-14","2015-07-28","2015-07-29","2015-07-30",,"UKFS_009.S.20150728","MMz820nXMklIuibWjob24N2O/1Om3yv1sdbpjIde3Wk=","invert bycatch",,,,,,,,,,"77todYjt/jkEGWUHO3SI0BRlGpUHn9Xh",
"3668b27f-53e4-4be3-b376-0ffe76028d27","UKFS_007.basePlot.bet","D06","UKFS","UKFS_007","S","2015-07-14","2015-07-28","2015-07-29","2015-07-30",,"UKFS_007.S.20150728","PlyNduRc44RUoq0pcfo96vATcv5T/7i++MWy+XYW1AA=","invert bycatch",,,,,,,,,,"wQI+SYME+gr3nKVXMbMGzlxt6VcoOetL",
"44206b97-52d6-4859-93bb-22cfe4eb9c26","UKFS_007.basePlot.bet","D06","UKFS","UKFS_007","S","2015-07-14","2015-07-28","2015-07-29","2015-07-30","2015-09-28","UKFS_007.S.20150728","PlyNduRc44RUoq0pcfo96pXRl0uUFnNvw/Gdk7vDcGI=","carabid","BRAALT","Brachinus alternans","species",,"Dejean",,1,"Other","77todYjt/jkEGWUHO3SI0BRlGpUHn9Xh","wQI+SYME+gr3nKVXMbMGzlxt6VcoOetL",
"d96fe8d1-01ba-4d55-babf-c3d505ad319e","UKFS_007.basePlot.bet","D06","UKFS","UKFS_007","S","2015-07-14","2015-07-28","2015-07-29","2015-07-30","2015-09-28","UKFS_007.S.20150728","PlyNduRc44RUoq0pcfo96oY4tNEwdSMSyc+Chit1lVQ=","carabid","CARSP14","Carabidae sp.","family",,"Latreille","D06.2015.MorphB",1,"Other","77todYjt/jkEGWUHO3SI0BRlGpUHn9Xh","wQI+SYME+gr3nKVXMbMGzlxt6VcoOetL","Cyclotranchelus sp. black oval pronotum, notches on the posterolateral angles"
"8b07d249-4515-4744-bec5-b6f334bb35a8","UKFS_002.basePlot.bet","D06","UKFS","UKFS_002","W","2015-07-14","2015-07-28","2015-07-29","2015-07-30","2015-09-28","UKFS_002.W.20150728","ThLXd3W7368zCKg0KTot31lS0oGUw8IRvq7DdGlcgYo=","carabid","CARSP14","Carabidae sp.","family",,"Latreille","D06.2015.MorphB",2,"Other","77todYjt/jkEGWUHO3SI0BRlGpUHn9Xh","wQI+SYME+gr3nKVXMbMGzlxt6VcoOetL","small, black, cyclotrachelus-like|Dicaelus with wavy elytra pattern, all black|Cyclotranchelus sp. black oval pronotum, notches on the posterolateral angles"
"da6baedf-2cb2-41b7-88cf-5bc4f714c3fb","UKFS_002.basePlot.bet","D06","UKFS","UKFS_002","W","2015-07-14","2015-07-28","2015-07-29","2015-07-30","2015-09-28","UKFS_002.W.20150728","ThLXd3W7368zCKg0KTot3xKZxlpWMbWc576AUA0bV5M=","carabid","SEMPUN","Semiardistomis puncticollis","species",,"Dejean",,1,"Other","77todYjt/jkEGWUHO3SI0BRlGpUHn9Xh","wQI+SYME+gr3nKVXMbMGzlxt6VcoOetL",
"24a15c90-7e31-49df-b033-af04de0c3d42","UKFS_008.basePlot.bet","D06","UKFS","UKFS_008","W","2015-07-14","2015-07-28","2015-07-29","2015-07-29","2015-09-28","UKFS_008.W.20150728","5GU/wTV57IWBL4I7Yrasm3jtW9ApobCF8eeyf5AYG5I=","carabid","BRAALT","Brachinus alternans","species",,"Dejean",,5,"Other","77todYjt/jkEGWUHO3SI0BRlGpUHn9Xh","wQI+SYME+gr3nKVXMbMGzlxt6VcoOetL",
"8a08b7d9-9caf-4fbd-8624-876b121eb3ae","UKFS_001.basePlot.bet","D06","UKFS","UKFS_001","W","2015-07-14","2015-07-28","2015-07-29","2015-07-29",,"UKFS_001.W.20150728","W8lw52JMhqDu0Lle5bL3/TbknJkgRIJFAAzsMpvqWcs=","invert bycatch",,,,,,,,,,"77todYjt/jkEGWUHO3SI0BRlGpUHn9Xh",
"7049df64-9fd1-44ba-9a6c-779d77f9dc57","UKFS_003.basePlot.bet","D06","UKFS","UKFS_003","W","2015-07-14","2015-07-28","2015-07-29","2015-07-30",,"UKFS_003.W.20150728","Vl3mTlloYQShkwfefQDNqTXo3SkVvj7bZv8BN9NXj5Y=","invert bycatch",,,,,,,,,,"77todYjt/jkEGWUHO3SI0BRlGpUHn9Xh",
"8dd29e8c-3104-47e0-8464-e910094c4ba4","UKFS_003.basePlot.bet","D06","UKFS","UKFS_003","W","2015-07-14","2015-07-28","2015-07-29","2015-07-30","2015-09-21","UKFS_003.W.20150728","Vl3mTlloYQShkwfefQDNqQdtkTHWgZhzG3BgXK6IsTQ=","carabid","GALATR","Galerita atripes","species",,"LeConte",,1,"Other","77todYjt/jkEGWUHO3SI0BRlGpUHn9Xh","77todYjt/jkEGWUHO3SI0BRlGpUHn9Xh",
"2524dbe0-14e9-4576-bbc8-eb1a1d5793e3","UKFS_009.basePlot.bet","D06","UKFS","UKFS_009","W","2015-07-14","2015-07-28","2015-07-29","2015-07-30",,"UKFS_009.W.20150728","MMz820nXMknlpp7hDs47BT0utN9SPF+TPBoAr4bRLDo=","invert bycatch",,,,,,,,,,"77todYjt/jkEGWUHO3SI0BRlGpUHn9Xh",
"b018f91f-44c5-4cfb-b656-0ad20a916e2d","UKFS_007.basePlot.bet","D06","UKFS","UKFS_007","W","2015-07-14","2015-07-28","2015-07-29","2015-07-30",,"UKFS_007.W.20150728","PlyNduRc44S/3N+/1RkSoZbxcJ0opgKTvLfIn3G33Hc=","invert bycatch",,,,,,,,,,"wQI+SYME+gr3nKVXMbMGzlxt6VcoOetL",
"63a511ca-cfb3-4363-9953-17193c0f15cb","UKFS_004.basePlot.bet","D06","UKFS","UKFS_004","W","2015-07-14","2015-07-28","2015-07-29","2015-07-29",,"UKFS_004.W.20150728","luQoN84IPtEnb6sGg4J5kmPDO7T2wh76/vSx2sobZlg=","invert bycatch",,,,,,,,,,"77todYjt/jkEGWUHO3SI0BRlGpUHn9Xh",
"ecd89de6-0706-41a6-ab97-2acaf41bf78b","UKFS_004.basePlot.bet","D06","UKFS","UKFS_004","W","2015-07-14","2015-07-28","2015-07-29","2015-07-29","2015-09-28","UKFS_004.W.20150728","luQoN84IPtEnb6sGg4J5kjDe4uHqoy0bMKxixeylwNY=","carabid","CARSP14","Carabidae sp.","family",,"Latreille","D06.2015.MorphB",1,"Other","77todYjt/jkEGWUHO3SI0BRlGpUHn9Xh","77todYjt/jkEGWUHO3SI0BRlGpUHn9Xh","Cyclotrachelus sp. black oval pronotum, notches on the posterolateral angles"
"ae540991-b86e-4fee-9125-f0a467381ed9","UKFS_002.basePlot.bet","D06","UKFS","UKFS_002","W","2015-07-14","2015-07-28","2015-07-29","2015-07-30",,"UKFS_002.W.20150728","ThLXd3W7368zCKg0KTot3/WiEaPBtHA7Rb8so2BYghQ=","invert bycatch",,,,,,,,,,"wQI+SYME+gr3nKVXMbMGzlxt6VcoOetL",
"92204ac4-7f25-47be-b0b0-49db32e5b9e3","UKFS_010.basePlot.bet","D06","UKFS","UKFS_010","W","2015-07-14","2015-07-28","2015-07-29","2015-07-31","2015-09-28","UKFS_010.W.20150728","26ylXNgyPLyzBCQxUJaQs4WaNb6F/a9nWSyhDhF1c4U=","carabid","GALATR","Galerita atripes","species",,"LeConte",,1,"Other","77todYjt/jkEGWUHO3SI0BRlGpUHn9Xh","77todYjt/jkEGWUHO3SI0BRlGpUHn9Xh",
"72befa6f-8028-47b5-a8ea-5449aebef61d","UKFS_010.basePlot.bet","D06","UKFS","UKFS_010","W","2015-07-14","2015-07-28","2015-07-29","2015-07-31",,"UKFS_010.W.20150728","26ylXNgyPLyzBCQxUJaQs3bdR59LCtE3HxUt1Gg70FI=","invert bycatch",,,,,,,,,,"77todYjt/jkEGWUHO3SI0BRlGpUHn9Xh",
"fc76a073-f04c-4c41-b011-3d11af1fb086","UKFS_006.basePlot.bet","D06","UKFS","UKFS_006","W","2015-07-14","2015-07-28","2015-07-29","2015-07-29","2015-09-28","UKFS_006.W.20150728","B2YMmw2rf0fYWbPYzxQo9vryn418iWjLirHcdvkjZ+A=","carabid","CALEXT","Calosoma externum","species",,"Say",,1,"Other","77todYjt/jkEGWUHO3SI0BRlGpUHn9Xh","77todYjt/jkEGWUHO3SI0BRlGpUHn9Xh",
"16864352-998b-4819-8741-7d2f4471fd58","UKFS_005.basePlot.bet","D06","UKFS","UKFS_005","W","2015-07-14","2015-07-28","2015-07-29","2015-07-30","2015-09-28","UKFS_005.W.20150728","U/hiAoS2t8z2TlFIZ0xoJG7apt/oAhag2TK7Ng5SiAE=","carabid","DICFUR","Dicaelus furvus","species",,"Dejean",,1,"Other","77todYjt/jkEGWUHO3SI0BRlGpUHn9Xh","77todYjt/jkEGWUHO3SI0BRlGpUHn9Xh",
"fbf283cc-fb6c-4289-bc7f-6b30e157b251","UKFS_005.basePlot.bet","D06","UKFS","UKFS_005","W","2015-07-14","2015-07-28","2015-07-29","2015-07-30",,"UKFS_005.W.20150728","U/hiAoS2t8z2TlFIZ0xoJLyxvJRyLItXMh41Br+ifus=","invert bycatch",,,,,,,,,,"77todYjt/jkEGWUHO3SI0BRlGpUHn9Xh",
"5230ce29-4527-443f-8d5c-7f5b1c949f76","UKFS_008.basePlot.bet","D06","UKFS","UKFS_008","W","2015-07-14","2015-07-28","2015-07-29","2015-07-29","2015-09-28","UKFS_008.W.20150728","5GU/wTV57IWBL4I7Yrasmyh84KAJk3T5RXTzEXX4Fio=","carabid","DICPUR4","Dicaelus purpuratus","species",,"Bonelli",,2,"Other","77todYjt/jkEGWUHO3SI0BRlGpUHn9Xh","wQI+SYME+gr3nKVXMbMGzlxt6VcoOetL",
"d727e8ad-8307-4120-aa42-01ecec562ae0","UKFS_008.basePlot.bet","D06","UKFS","UKFS_008","W","2015-07-14","2015-07-28","2015-07-29","2015-07-29","2015-09-28","UKFS_008.W.20150728","5GU/wTV57IWBL4I7Yrasm9HfMNS9AUy7oj/O2Uxjb8k=","carabid","CARSP14","Carabidae sp.","family",,"Latreille","D06.2015.MorphA",2,"Other","77todYjt/jkEGWUHO3SI0BRlGpUHn9Xh","wQI+SYME+gr3nKVXMbMGzlxt6VcoOetL","Dicaelus with wavy elytra pattern, all black"
"2133c3bd-38e7-4315-8e77-4838e6aeb899","UKFS_008.basePlot.bet","D06","UKFS","UKFS_008","W","2015-07-14","2015-07-28","2015-07-29","2015-07-29",,"UKFS_008.W.20150728","5GU/wTV57IWBL4I7Yrasm5tcWMeio6GddNUPnmwuub8=","invert bycatch",,,,,,,,,,"wQI+SYME+gr3nKVXMbMGzlxt6VcoOetL",
"a078babc-621a-4bb4-801e-ab6c40308e55","UKFS_008.basePlot.bet","D06","UKFS","UKFS_008","E","2015-07-14","2015-07-28","2015-07-29","2015-07-29","2015-09-28","UKFS_008.E.20150728","5GU/wTV57IUADZuiX4ZHqUQuhWGR4DPWs+D3VQgNmUI=","carabid","CARSP14","Carabidae sp.","family",,"Latreille","D06.2015.MorphH",1,"Other","77todYjt/jkEGWUHO3SI0BRlGpUHn9Xh","wQI+SYME+gr3nKVXMbMGzlxt6VcoOetL","Tribe Zuphini. Shoulder of elytra expanded and bending below body|Dicaelus with wavy elytra pattern, all black"
"5d7678b7-861b-4d04-b6f9-f3a291fc6e67","UKFS_004.basePlot.bet","D06","UKFS","UKFS_004","E","2015-07-14","2015-07-28","2015-07-29","2015-07-29","2015-09-28","UKFS_004.E.20150728","luQoN84IPtGyMW6k1P1bZY9fnOU+xX2759WHnzsK/ls=","carabid","CARSP14","Carabidae sp.","family",,"Latreille","D06.2015.MorphA",1,"Other","77todYjt/jkEGWUHO3SI0BRlGpUHn9Xh","77todYjt/jkEGWUHO3SI0BRlGpUHn9Xh","Dicaelus with wavy elytra pattern, all black|Lime green and bronze, metallic, medium size"
"9ee3d23e-9773-46ab-a785-8040e38fd1c2","UKFS_002.basePlot.bet","D06","UKFS","UKFS_002","E","2015-07-14","2015-07-28","2015-07-29","2015-07-30","2015-09-28","UKFS_002.E.20150728","ThLXd3W736+v3QEZHc9CpHAcPsLxR0BCDMX6lYrrZxw=","carabid","CARSP14","Carabidae sp.","family",,"Latreille","D06.2015.MorphA",2,"Other","77todYjt/jkEGWUHO3SI0BRlGpUHn9Xh","wQI+SYME+gr3nKVXMbMGzlxt6VcoOetL","Dicaelus with wavy elytra pattern, all black|Cyclotranchelus sp. black oval pronotum, notches on the posterolateral angles"
"b62a9412-021c-4f94-b998-75c1639d2a5d","UKFS_005.basePlot.bet","D06","UKFS","UKFS_005","E","2015-07-14","2015-07-28","2015-07-29","2015-07-30","2015-09-28","UKFS_005.E.20150728","U/hiAoS2t8wcH1I0HKSVBQTQAp+xlP4S4p2GtAqDlHE=","carabid","CARSP14","Carabidae sp.","family",,"Latreille","D06.2015.MorphA",2,"Other","77todYjt/jkEGWUHO3SI0BRlGpUHn9Xh","77todYjt/jkEGWUHO3SI0BRlGpUHn9Xh","Dicaelus with wavy elytra pattern, all black|Cyclotranchelus sp. black oval pronotum, notches on the posterolateral angles"
"f2028fba-b24e-4af5-8d58-2171539975bf","UKFS_008.basePlot.bet","D06","UKFS","UKFS_008","E","2015-07-14","2015-07-28","2015-07-29","2015-07-29",,"UKFS_008.E.20150728","5GU/wTV57IUADZuiX4ZHqeEjkr9LcaqbWU/TCFR/lsY=","invert bycatch",,,,,,,,,,"wQI+SYME+gr3nKVXMbMGzlxt6VcoOetL",
"c6b4bacf-efa7-43d9-a375-4946496db4aa","UKFS_008.basePlot.bet","D06","UKFS","UKFS_008","E","2015-07-14","2015-07-28","2015-07-29","2015-07-29","2015-09-28","UKFS_008.E.20150728","5GU/wTV57IUADZuiX4ZHqaCLAMVa5/SKZ0No710Apn8=","carabid","DICFUR","Dicaelus furvus","species",,"Dejean",,1,"Other","77todYjt/jkEGWUHO3SI0BRlGpUHn9Xh","wQI+SYME+gr3nKVXMbMGzlxt6VcoOetL",
"5a44f26d-1f98-4bae-9d3b-a5e70a5e2b7f","UKFS_006.basePlot.bet","D06","UKFS","UKFS_006","E","2015-07-14","2015-07-28","2015-07-29","2015-07-29","2015-09-28","UKFS_006.E.20150728","B2YMmw2rf0dJ+PFjWSEvBbmEwuBPaJbP4wNFhxacfYk=","carabid","BRAALT","Brachinus alternans","species",,"Dejean",,1,"Other","77todYjt/jkEGWUHO3SI0BRlGpUHn9Xh","77todYjt/jkEGWUHO3SI0BRlGpUHn9Xh",
"569ba60d-182e-4522-9910-49fa82ea3152","UKFS_010.basePlot.bet","D06","UKFS","UKFS_010","E","2015-07-14","2015-07-28","2015-07-29","2015-07-31","2015-09-28","UKFS_010.E.20150728","26ylXNgyPLyROz6pS2nu9cbPM1H4xSBAFCNE415lJAs=","carabid","BRAALT","Brachinus alternans","species",,"Dejean",,1,"Other","77todYjt/jkEGWUHO3SI0BRlGpUHn9Xh","77todYjt/jkEGWUHO3SI0BRlGpUHn9Xh",
"26e687ae-b6eb-415c-a0a0-6b97747367d4","UKFS_006.basePlot.bet","D06","UKFS","UKFS_006","E","2015-07-14","2015-07-28","2015-07-29","2015-07-29","2015-09-28","UKFS_006.E.20150728","B2YMmw2rf0dJ+PFjWSEvBeKZ1Gw1nsF2QTyRfWGzLbk=","carabid","DICPUR4","Dicaelus purpuratus","species",,"Bonelli",,1,"Other","77todYjt/jkEGWUHO3SI0BRlGpUHn9Xh","77todYjt/jkEGWUHO3SI0BRlGpUHn9Xh",
"17add375-7301-4265-8463-43aa3791032d","UKFS_005.basePlot.bet","D06","UKFS","UKFS_005","E","2015-07-14","2015-07-28","2015-07-29","2015-07-30","2015-09-28","UKFS_005.E.20150728","U/hiAoS2t8wcH1I0HKSVBRoBm3rcz2FA4lV3Jvdo8C8=","carabid","DICFUR","Dicaelus furvus","species",,"Dejean",,2,"Other","77todYjt/jkEGWUHO3SI0BRlGpUHn9Xh","77todYjt/jkEGWUHO3SI0BRlGpUHn9Xh",
"8fac6dd0-2ca7-4680-a1d3-9c582e0cbb70","UKFS_002.basePlot.bet","D06","UKFS","UKFS_002","E","2015-07-14","2015-07-28","2015-07-29","2015-07-30","2015-09-28","UKFS_002.E.20150728","ThLXd3W736+v3QEZHc9CpFTAHzNqGNcrpmJGB2fnuP0=","carabid","BRAALT","Brachinus alternans","species",,"Dejean",,2,"Other","77todYjt/jkEGWUHO3SI0BRlGpUHn9Xh","wQI+SYME+gr3nKVXMbMGzlxt6VcoOetL",
"1c8a7d38-16d2-43d1-9f56-c0163a9aca62","UKFS_002.basePlot.bet","D06","UKFS","UKFS_002","E","2015-07-14","2015-07-28","2015-07-29","2015-07-30",,"UKFS_002.E.20150728","ThLXd3W736+v3QEZHc9CpLZBwBhWTCxODITbawEjsKc=","invert bycatch",,,,,,,,,,"wQI+SYME+gr3nKVXMbMGzlxt6VcoOetL",
"436bf126-0bba-4cf2-b7e6-64e540f52450","UKFS_010.basePlot.bet","D06","UKFS","UKFS_010","E","2015-07-14","2015-07-28","2015-07-29","2015-07-31","2015-09-28","UKFS_010.E.20150728","26ylXNgyPLyROz6pS2nu9YkplzChz0uEgh8jyv1+UoI=","carabid","DICFUR","Dicaelus furvus","species",,"Dejean",,1,"Other","77todYjt/jkEGWUHO3SI0BRlGpUHn9Xh","77todYjt/jkEGWUHO3SI0BRlGpUHn9Xh",
"ac9708bc-82cf-4c45-8f05-6721467851c0","UKFS_010.basePlot.bet","D06","UKFS","UKFS_010","E","2015-07-14","2015-07-28","2015-07-29","2015-07-31","2015-09-28","UKFS_010.E.20150728","26ylXNgyPLyROz6pS2nu9bLCD5yUsk9XfXfjsPwJGjs=","carabid","DICPUR4","Dicaelus purpuratus","species",,"Bonelli",,1,"Other","77todYjt/jkEGWUHO3SI0BRlGpUHn9Xh","77todYjt/jkEGWUHO3SI0BRlGpUHn9Xh",
"9f85ebe9-7aad-45d5-8fdc-7b580ca4b38f","UKFS_009.basePlot.bet","D06","UKFS","UKFS_009","E","2015-07-14","2015-07-28","2015-07-29","2015-07-30","2015-09-28","UKFS_009.E.20150728","MMz820nXMkl9BrpXOPF+VK5FPNglsreGODhv/83lpG0=","carabid","CARSP14","Carabidae sp.","family",,"Latreille","D06.2015.MorphG",1,"Other","77todYjt/jkEGWUHO3SI0BRlGpUHn9Xh","77todYjt/jkEGWUHO3SI0BRlGpUHn9Xh","Megacephala sp. metallic green, big headed tiger beetle"
"e2614aa5-4d87-4fed-9121-082c8818f78c","UKFS_009.basePlot.bet","D06","UKFS","UKFS_009","E","2015-07-14","2015-07-28","2015-07-29","2015-07-30",,"UKFS_009.E.20150728","MMz820nXMkl9BrpXOPF+VB6mOfLd9XrqllhGCmaCKKg=","invert bycatch",,,,,,,,,,"77todYjt/jkEGWUHO3SI0BRlGpUHn9Xh",
"440da125-f524-46c2-ae7f-b51b827a578b","UKFS_004.basePlot.bet","D06","UKFS","UKFS_004","E","2015-07-14","2015-07-28","2015-07-29","2015-07-29",,"UKFS_004.E.20150728","luQoN84IPtGyMW6k1P1bZWaHW1fX5oDcqL8W9wEBo5U=","invert bycatch",,,,,,,,,,"77todYjt/jkEGWUHO3SI0BRlGpUHn9Xh",
"474f2f89-3944-4b8e-b976-cabe777b0f8a","UKFS_004.basePlot.bet","D06","UKFS","UKFS_004","E","2015-07-14","2015-07-28","2015-07-29","2015-07-29","2015-09-28","UKFS_004.E.20150728","luQoN84IPtGyMW6k1P1bZQ7j/4aLdAzxohE9NOL0wng=","carabid","BRAALT","Brachinus alternans","species",,"Dejean",,2,"Other","77todYjt/jkEGWUHO3SI0BRlGpUHn9Xh","77todYjt/jkEGWUHO3SI0BRlGpUHn9Xh",
"de9a7a29-535b-4da3-bfdc-ec01c7421639","UKFS_003.basePlot.bet","D06","UKFS","UKFS_003","E","2015-07-14","2015-07-28","2015-07-29","2015-07-30","2015-09-21","UKFS_003.E.20150728","Vl3mTlloYQT2VnzwvbmzbXfUFYLNe3BrbpupV/4JSQA=","carabid","BRAALT","Brachinus alternans","species",,"Dejean",,1,"Other","77todYjt/jkEGWUHO3SI0BRlGpUHn9Xh","77todYjt/jkEGWUHO3SI0BRlGpUHn9Xh",
"c8606148-d88f-4575-b624-2a1afa7b5d67","UKFS_003.basePlot.bet","D06","UKFS","UKFS_003","E","2015-07-14","2015-07-28","2015-07-29","2015-07-29",,"UKFS_003.E.20150728","Vl3mTlloYQT2VnzwvbmzbaJSlzQmJhANBRfVUTol5QE=","invert bycatch",,,,,,,,,,"77todYjt/jkEGWUHO3SI0BRlGpUHn9Xh",
"cad96ec7-5c90-4902-a4a6-c6e070a244a1","UKFS_003.basePlot.bet","D06","UKFS","UKFS_003","E","2015-07-14","2015-07-28","2015-07-29","2015-07-30","2015-09-28","UKFS_003.E.20150728","Vl3mTlloYQT2VnzwvbmzbTYE9pXCB8Kni2yOeHeeZ4Y=","carabid","CHLNEM","Chlaenius nemoralis","species",,"Say",,1,"Other","77todYjt/jkEGWUHO3SI0BRlGpUHn9Xh","77todYjt/jkEGWUHO3SI0BRlGpUHn9Xh",
"5c4e3490-18a4-4713-84e1-c410de534b22","UKFS_009.basePlot.bet","D06","UKFS","UKFS_009","E","2015-07-14","2015-07-28","2015-07-29","2015-07-30","2015-09-28","UKFS_009.E.20150728","MMz820nXMkl9BrpXOPF+VCr73D9ZLTKsyUIMlq9PrP4=","carabid","SCASUB2","Scarites subterraneus","species",,"Fabricius",,1,"Other","77todYjt/jkEGWUHO3SI0BRlGpUHn9Xh","77todYjt/jkEGWUHO3SI0BRlGpUHn9Xh",
"486199a3-c608-4804-bf81-39faca0444dd","UKFS_001.basePlot.bet","D06","UKFS","UKFS_001","E","2015-07-14","2015-07-28","2015-07-29","2015-07-29","2015-09-28","UKFS_001.E.20150728","W8lw52JMhqCf3upy0dCzjVqtaLdWm0dkit8qkXovcTI=","carabid","DICFUR","Dicaelus furvus","species",,"Dejean",,3,"Other","77todYjt/jkEGWUHO3SI0BRlGpUHn9Xh","77todYjt/jkEGWUHO3SI0BRlGpUHn9Xh",
"14a36cab-3f76-41a7-a3f1-61af1ac35301","UKFS_001.basePlot.bet","D06","UKFS","UKFS_001","E","2015-07-14","2015-07-28","2015-07-29","2015-07-29","2015-09-28","UKFS_001.E.20150728","W8lw52JMhqCf3upy0dCzjZTE4tl8dQCX1NNAX4MNvaQ=","carabid","BRAALT","Brachinus alternans","species",,"Dejean",,2,"Other","77todYjt/jkEGWUHO3SI0BRlGpUHn9Xh","77todYjt/jkEGWUHO3SI0BRlGpUHn9Xh",
"9acd14a0-c2e0-4aeb-87df-4efc2733953b","UKFS_001.basePlot.bet","D06","UKFS","UKFS_001","E","2015-07-14","2015-07-28","2015-07-29","2015-07-29",,"UKFS_001.E.20150728","W8lw52JMhqCf3upy0dCzjQkoycrAkoSkiIolWkqQBr8=","invert bycatch",,,,,,,,,,"77todYjt/jkEGWUHO3SI0BRlGpUHn9Xh",
"ffedda2f-346e-4706-bc5d-ff74bf124f15","UKFS_007.basePlot.bet","D06","UKFS","UKFS_007","E","2015-07-14","2015-07-28","2015-07-29","2015-07-30",,"UKFS_007.E.20150728","PlyNduRc44Qcdojg0RaG651gz7cXnUTs0pfA8NimJfM=","invert bycatch",,,,,,,,,,"wQI+SYME+gr3nKVXMbMGzlxt6VcoOetL",
"f1261b83-fe9f-4907-87ad-0502e28bbfa1","UKFS_001.basePlot.bet","D06","UKFS","UKFS_001","E","2015-07-14","2015-07-28","2015-07-29","2015-07-29","2015-09-28","UKFS_001.E.20150728","W8lw52JMhqCf3upy0dCzjcw7VRW9dEfPTOf5U8HtJBk=","carabid","DICPUR4","Dicaelus purpuratus","species",,"Bonelli",,1,"Other","77todYjt/jkEGWUHO3SI0BRlGpUHn9Xh","77todYjt/jkEGWUHO3SI0BRlGpUHn9Xh",
