uid,namedLocation,domainID,siteID,plotID,trapID,setDate,collectDate,processingDate,identifiedDate,subsampleID,individualID,taxonID,scientificName,taxonRank,identificationQualifier,scientificNameAuthorship,morphospeciesID,identificationReferences,totalLength,identifiedBy,recordedBy,remarks
"e43284c8-1775-41d8-938d-25d7635e0950","UKFS_007.basePlot.bet","D06","UKFS","UKFS_007","E","2015-06-30","2015-07-14","2015-09-30","2015-09-30","PlyNduRc44Qcdojg0RaG68BnwB/bnLFRdv0CamkdUnk=","NEON.BET.D06.000474","PASELO","Pasimachus elongatus","species",,"LeConte",,"Other",,"77todYjt/jkEGWUHO3SI0BRlGpUHn9Xh","77todYjt/jkEGWUHO3SI0BRlGpUHn9Xh",
"be97da2a-dcff-41cb-86cf-137a970d758e","UKFS_006.basePlot.bet","D06","UKFS","UKFS_006","E","2015-06-30","2015-07-14","2015-09-30","2015-09-30","B2YMmw2rf0dJ+PFjWSEvBUNQ6CbBJ8oevvqSYDbT+wM=","NEON.BET.D06.000125","GALATR","Galerita atripes","species",,"LeConte",,"Other",,"77todYjt/jkEGWUHO3SI0BRlGpUHn9Xh","77todYjt/jkEGWUHO3SI0BRlGpUHn9Xh",
"7c8f3e17-1521-4c03-a9f4-6fdd5ca713c0","UKFS_006.basePlot.bet","D06","UKFS","UKFS_006","E","2015-06-30","2015-07-14","2015-09-30","2015-09-30","B2YMmw2rf0dJ+PFjWSEvBSCX15ZntTzdSAuz+e7piXY=","NEON.BET.D06.000126","CARSP14","Carabidae sp.","family",,"Latreille","D06.2015.MorphA","Other",,"77todYjt/jkEGWUHO3SI0BRlGpUHn9Xh","77todYjt/jkEGWUHO3SI0BRlGpUHn9Xh","Dicaelus with wavy elytra pattern. All black."
"1b75169c-418b-4e97-a684-115e024067c2","UKFS_001.basePlot.bet","D06","UKFS","UKFS_001","N","2015-06-30","2015-07-14","2015-09-30","2015-09-30","W8lw52JMhqCv0mgp+Tx3Ke4svI8/DS1UpDa48jZsXKw=","NEON.BET.D06.000546","CARSP14","Carabidae sp.","family",,"Latreille","D06.2015.MorphA","Other",,"77todYjt/jkEGWUHO3SI0BRlGpUHn9Xh","77todYjt/jkEGWUHO3SI0BRlGpUHn9Xh","Dicaelus with wavy elytra pattern. All black.| Carabids were pooled by plot prior to identification. Unable to determine trap of origin."
"174eb7db-f284-432c-9118-8687a77954c5","UKFS_008.basePlot.bet","D06","UKFS","UKFS_008","N","2015-06-30","2015-07-14","2015-09-30","2015-09-29","5GU/wTV57IXAqJ6T3+RdvYf7Wjrs+kIhDpAr6CHUrB8=","NEON.BET.D06.000365","BRAALT","Brachinus alternans","species",,"Dejean",,"Other",,"77todYjt/jkEGWUHO3SI0BRlGpUHn9Xh","77todYjt/jkEGWUHO3SI0BRlGpUHn9Xh","Carabids were pooled by plot prior to identification. Unable to determine trap of origin."
"d164b637-43c3-493d-b5af-4805efc669f4","UKFS_008.basePlot.bet","D06","UKFS","UKFS_008","N","2015-06-30","2015-07-14","2015-09-30","2015-09-30","5GU/wTV57IXAqJ6T3+RdvXv7TUDRco2VqkVOJBNddqM=","NEON.BET.D06.000363","DICFUR","Dicaelus furvus","species",,"Dejean",,"Other",,"77todYjt/jkEGWUHO3SI0BRlGpUHn9Xh","77todYjt/jkEGWUHO3SI0BRlGpUHn9Xh","Carabids were pooled by plot prior to identification. Unable to determine trap of origin."
"b2855a27-6640-4ba9-8fed-404f525a22d6","UKFS_008.basePlot.bet","D06","UKFS","UKFS_008","N","2015-06-30","2015-07-14","2015-09-30","2015-09-17","5GU/wTV57IXAqJ6T3+RdvYf7Wjrs+kIhDpAr6CHUrB8=","NEON.BET.D06.000364","BRAALT","Brachinus alternans","species",,"Dejean",,"Other",,"77todYjt/jkEGWUHO3SI0BRlGpUHn9Xh","77todYjt/jkEGWUHO3SI0BRlGpUHn9Xh","Carabids were pooled by plot prior to identification. Unable to determine trap of origin."
"db8ef815-488b-4520-850f-6dd9c40845f8","UKFS_010.basePlot.bet","D06","UKFS","UKFS_010","N","2015-06-30","2015-07-14","2015-09-30","2015-09-28","26ylXNgyPLzDn0LVl9IGVLA8plUlMCYt+NUDG/nHOOk=","NEON.BET.D06.000356","CARSYL","Carabus sylvosus","species",,"Say",,"Other",,"77todYjt/jkEGWUHO3SI0BRlGpUHn9Xh","77todYjt/jkEGWUHO3SI0BRlGpUHn9Xh","Carabids were pooled by plot prior to identification. Unable to determine trap of origin."
"ce978e1a-ec5e-48f8-bfea-2c55c0e29ef0","UKFS_010.basePlot.bet","D06","UKFS","UKFS_010","N","2015-06-30","2015-07-14","2015-09-30","2015-09-28","26ylXNgyPLzDn0LVl9IGVGU9XFwULCaJCWxYyeo9I58=","NEON.BET.D06.000357","DICFUR","Dicaelus furvus","species",,"Dejean",,"Other",,"77todYjt/jkEGWUHO3SI0BRlGpUHn9Xh","77todYjt/jkEGWUHO3SI0BRlGpUHn9Xh","Carabids were pooled by plot prior to identification. Unable to determine trap of origin."
"fb6c96cc-76d5-4384-8f5e-c9882c89c0f9","UKFS_005.basePlot.bet","D06","UKFS","UKFS_005","N","2015-06-30","2015-07-14","2015-09-30","2015-09-30","U/hiAoS2t8ykNrO53nVw+8U1GHp7hcVtfaGX3NHQDFs=","NEON.BET.D06.000464","CARSP14","Carabidae sp.","family",,"Latreille","D06.2015.MorphC","Other",,"77todYjt/jkEGWUHO3SI0BRlGpUHn9Xh","77todYjt/jkEGWUHO3SI0BRlGpUHn9Xh","Lime green and bronze, metallic, medium size.| Carabids were pooled by plot prior to identification. Unable to determine trap of origin."
"08d0e39f-3b2c-4e8c-9390-53929e08ca57","UKFS_008.basePlot.bet","D06","UKFS","UKFS_008","N","2015-06-30","2015-07-14","2015-09-30","2015-09-28","5GU/wTV57IXAqJ6T3+RdvZc6qFjr3me9P/leP4bYuHs=","NEON.BET.D06.000359","PASELO","Pasimachus elongatus","species",,"LeConte",,"Other",,"77todYjt/jkEGWUHO3SI0BRlGpUHn9Xh","77todYjt/jkEGWUHO3SI0BRlGpUHn9Xh","Carabids were pooled by plot prior to identification. Unable to determine trap of origin."
"33d3c213-f28a-423f-86f3-683f9cabf34d","UKFS_004.basePlot.bet","D06","UKFS","UKFS_004","N","2015-06-30","2015-07-14","2015-09-30","2015-09-21","luQoN84IPtFCEbD/M+6LbwRqtjWFxzrYqFC/+WFuV4c=","NEON.BET.D06.000323","CARSP14","Carabidae sp.","family",,"Latreille","D06.2015.MorphC","Other",,"77todYjt/jkEGWUHO3SI0BRlGpUHn9Xh","77todYjt/jkEGWUHO3SI0BRlGpUHn9Xh","Lime green and bronze, metallic, medium size.| Carabids were pooled by plot prior to identification. Unable to determine trap of origin."
"fc942ac3-6874-479d-a31b-04620770717d","UKFS_004.basePlot.bet","D06","UKFS","UKFS_004","N","2015-06-30","2015-07-14","2015-09-30","2015-09-28","luQoN84IPtFCEbD/M+6LbwlaGgLJRnniULrTo7Olbww=","NEON.BET.D06.000332","BRAALT","Brachinus alternans","species",,"Dejean",,"Other",,"77todYjt/jkEGWUHO3SI0BRlGpUHn9Xh","77todYjt/jkEGWUHO3SI0BRlGpUHn9Xh","Carabids were pooled by plot prior to identification. Unable to determine trap of origin."
"bff5ec49-82c0-4dcd-9576-62077bb6b2a9","UKFS_004.basePlot.bet","D06","UKFS","UKFS_004","N","2015-06-30","2015-07-14","2015-09-30","2015-09-28","luQoN84IPtFCEbD/M+6LbwRqtjWFxzrYqFC/+WFuV4c=","NEON.BET.D06.000318","CARSP14","Carabidae sp.","family",,"Latreille","D06.2015.MorphA","Other",,"77todYjt/jkEGWUHO3SI0BRlGpUHn9Xh","77todYjt/jkEGWUHO3SI0BRlGpUHn9Xh","Dicaelus with wavy elytra pattern. All black.| Carabids were pooled by plot prior to identification. Unable to determine trap of origin."
"80bdeb28-cfca-4764-affa-73a8aa8e3f5f","UKFS_004.basePlot.bet","D06","UKFS","UKFS_004","N","2015-06-30","2015-07-14","2015-09-30","2015-09-21","luQoN84IPtFCEbD/M+6LbwRqtjWFxzrYqFC/+WFuV4c=","NEON.BET.D06.000324","CARSP14","Carabidae sp.","family",,"Latreille","D06.2015.MorphC","Other",,"77todYjt/jkEGWUHO3SI0BRlGpUHn9Xh","77todYjt/jkEGWUHO3SI0BRlGpUHn9Xh","Lime green and bronze, metallic, medium size.| Carabids were pooled by plot prior to identification. Unable to determine trap of origin."
"fedb01b3-37b0-467d-97e0-f16c58372ccc","UKFS_001.basePlot.bet","D06","UKFS","UKFS_001","N","2015-06-30","2015-07-14","2015-09-30","2015-09-30","W8lw52JMhqCv0mgp+Tx3KVLY7haocx73LdJdURADEZ4=","NEON.BET.D06.000547","DICFUR","Dicaelus furvus","species",,"Dejean",,"Other",,"77todYjt/jkEGWUHO3SI0BRlGpUHn9Xh","77todYjt/jkEGWUHO3SI0BRlGpUHn9Xh","Carabids were pooled by plot prior to identification. Unable to determine trap of origin."
"456d2749-0f23-4ddb-bd54-05accf826833","UKFS_001.basePlot.bet","D06","UKFS","UKFS_001","N","2015-06-30","2015-07-14","2015-09-30","2015-09-30","W8lw52JMhqCv0mgp+Tx3Ke4svI8/DS1UpDa48jZsXKw=","NEON.BET.D06.000548","CARSP14","Carabidae sp.","family",,"Latreille","D06.2015.MorphB","Other",,"77todYjt/jkEGWUHO3SI0BRlGpUHn9Xh","77todYjt/jkEGWUHO3SI0BRlGpUHn9Xh","Cyclotrachelus sp. Black oval pronotum. Notches on the posterolateral angles.| Carabids were pooled by plot prior to identification. Unable to determine trap of origin."
"0be53ca2-dc17-4c49-b683-d0210a35d8e1","UKFS_009.basePlot.bet","D06","UKFS","UKFS_009","N","2015-06-30","2015-07-14","2015-09-30","2015-09-30","MMz820nXMkkaBm8agXb1+xhY3mlNDgZucmADxDgvu2w=","NEON.BET.D06.000476","SCASUB2","Scarites subterraneus","species",,"Fabricius",,"Other",,"77todYjt/jkEGWUHO3SI0BRlGpUHn9Xh","77todYjt/jkEGWUHO3SI0BRlGpUHn9Xh",
"1a25c51a-4a65-4ecd-8df8-6954fd2eab56","UKFS_004.basePlot.bet","D06","UKFS","UKFS_004","N","2015-06-30","2015-07-14","2015-09-30","2015-09-21","luQoN84IPtFCEbD/M+6LbwRqtjWFxzrYqFC/+WFuV4c=","NEON.BET.D06.000321","CARSP14","Carabidae sp.","family",,"Latreille","D06.2015.MorphA","Other",,"77todYjt/jkEGWUHO3SI0BRlGpUHn9Xh","77todYjt/jkEGWUHO3SI0BRlGpUHn9Xh","Dicaelus with wavy elytra pattern. All black.| Carabids were pooled by plot prior to identification. Unable to determine trap of origin."
"6e89a92c-5899-4f81-846e-b3cdcf2646ff","UKFS_008.basePlot.bet","D06","UKFS","UKFS_008","N","2015-06-30","2015-07-14","2015-09-30","2015-09-17","5GU/wTV57IXAqJ6T3+RdvUe76DqZjh3kk8Qtl3k1f18=","NEON.BET.D06.000361","CARSP14","Carabidae sp.","family",,"Latreille","D06.2015.MorphA","Other",,"77todYjt/jkEGWUHO3SI0BRlGpUHn9Xh","77todYjt/jkEGWUHO3SI0BRlGpUHn9Xh","Dicaelus with wavy elytra pattern. All black.| Carabids were pooled by plot prior to identification. Unable to determine trap of origin."
"85b1eb2c-f149-4af3-a7e7-5d9ba55f1c91","UKFS_008.basePlot.bet","D06","UKFS","UKFS_008","N","2015-06-30","2015-07-14","2015-09-30","2015-09-17","5GU/wTV57IXAqJ6T3+RdvXv7TUDRco2VqkVOJBNddqM=","NEON.BET.D06.000362","DICFUR","Dicaelus furvus","species",,"Dejean",,"Other",,"77todYjt/jkEGWUHO3SI0BRlGpUHn9Xh","77todYjt/jkEGWUHO3SI0BRlGpUHn9Xh","Carabids were pooled by plot prior to identification. Unable to determine trap of origin."
"dab8605f-f536-4c64-92b3-d6ae12b0c219","UKFS_005.basePlot.bet","D06","UKFS","UKFS_005","N","2015-06-30","2015-07-14","2015-09-30","2015-09-30","U/hiAoS2t8ykNrO53nVw+8U1GHp7hcVtfaGX3NHQDFs=","NEON.BET.D06.000113","CARSP14","Carabidae sp.","family",,"Latreille","D06.2015.MorphA","Other",,"77todYjt/jkEGWUHO3SI0BRlGpUHn9Xh","77todYjt/jkEGWUHO3SI0BRlGpUHn9Xh","Dicaelus with wavy elytra pattern. All black.| Carabids were pooled by plot prior to identification. Unable to determine trap of origin."
"8c8f5b58-cf2e-44a8-bf64-983baec6235f","UKFS_005.basePlot.bet","D06","UKFS","UKFS_005","N","2015-06-30","2015-07-14","2015-09-30","2015-09-29","U/hiAoS2t8ykNrO53nVw+5qnC+uYrZGuyK/gPaokCI0=","NEON.BET.D06.000313","PASELO","Pasimachus elongatus","species",,"LeConte",,"Other",,"77todYjt/jkEGWUHO3SI0BRlGpUHn9Xh","77todYjt/jkEGWUHO3SI0BRlGpUHn9Xh","Carabids were pooled by plot prior to identification. Unable to determine trap of origin."
"9d09c354-fb24-4de5-a007-887864b49296","UKFS_008.basePlot.bet","D06","UKFS","UKFS_008","N","2015-06-30","2015-07-14","2015-09-30","2015-09-17","5GU/wTV57IXAqJ6T3+RdvUe76DqZjh3kk8Qtl3k1f18=","NEON.BET.D06.000360","CARSP14","Carabidae sp.","family",,"Latreille","D06.2015.MorphA","Other",,"77todYjt/jkEGWUHO3SI0BRlGpUHn9Xh","77todYjt/jkEGWUHO3SI0BRlGpUHn9Xh","Dicaelus with wavy elytra pattern. All black.| Carabids were pooled by plot prior to identification. Unable to determine trap of origin."
"ec56f0f7-30fb-4b34-b339-0e315085719b","UKFS_005.basePlot.bet","D06","UKFS","UKFS_005","N","2015-06-30","2015-07-14","2015-09-30","2015-09-29","U/hiAoS2t8ykNrO53nVw+x4E62vwVjsdIfhkLwKYi8k=","NEON.BET.D06.000314","DICPUR4","Dicaelus purpuratus","species",,"Bonelli",,"Other",,"77todYjt/jkEGWUHO3SI0BRlGpUHn9Xh","77todYjt/jkEGWUHO3SI0BRlGpUHn9Xh","Carabids were pooled by plot prior to identification. Unable to determine trap of origin."
"d461b99b-820b-4bb1-b6ed-bf77eec8af2d","UKFS_008.basePlot.bet","D06","UKFS","UKFS_008","N","2015-06-30","2015-07-14","2015-09-30","2015-09-29","5GU/wTV57IXAqJ6T3+RdvUe76DqZjh3kk8Qtl3k1f18=","NEON.BET.D06.000366","CARSP14","Carabidae sp.","family",,"Latreille","D06.2015.MorphL","Other",,"77todYjt/jkEGWUHO3SI0BRlGpUHn9Xh","77todYjt/jkEGWUHO3SI0BRlGpUHn9Xh","Shiny green pronotum, blue elytra. Covered in small golden hairs.| Carabids were pooled by plot prior to identification. Unable to determine trap of origin."
"2c03063d-769e-4c01-a00e-4b8754eac67c","UKFS_004.basePlot.bet","D06","UKFS","UKFS_004","N","2015-06-30","2015-07-14","2015-09-30","2015-08-27","luQoN84IPtFCEbD/M+6LbwlaGgLJRnniULrTo7Olbww=","NEON.BET.D06.000330","BRAALT","Brachinus alternans","species",,"Dejean",,"Other",,"77todYjt/jkEGWUHO3SI0BRlGpUHn9Xh","77todYjt/jkEGWUHO3SI0BRlGpUHn9Xh","Carabids were pooled by plot prior to identification. Unable to determine trap of origin."
"9b454cce-0351-4fce-bdb6-d98e682b1241","UKFS_004.basePlot.bet","D06","UKFS","UKFS_004","N","2015-06-30","2015-07-14","2015-09-30","2015-09-28","luQoN84IPtFCEbD/M+6LbwRqtjWFxzrYqFC/+WFuV4c=","NEON.BET.D06.000319","CARSP14","Carabidae sp.","family",,"Latreille","D06.2015.MorphA","Other",,"77todYjt/jkEGWUHO3SI0BRlGpUHn9Xh","77todYjt/jkEGWUHO3SI0BRlGpUHn9Xh","Dicaelus with wavy elytra pattern. All black.| Carabids were pooled by plot prior to identification. Unable to determine trap of origin."
"8828436b-2c34-4d22-ab54-24882e49ed32","UKFS_004.basePlot.bet","D06","UKFS","UKFS_004","N","2015-06-30","2015-07-14","2015-09-30","2015-09-21","luQoN84IPtFCEbD/M+6LbwRqtjWFxzrYqFC/+WFuV4c=","NEON.BET.D06.000327","CARSP14","Carabidae sp.","family",,"Latreille","D06.2015.MorphD","Other",,"77todYjt/jkEGWUHO3SI0BRlGpUHn9Xh","77todYjt/jkEGWUHO3SI0BRlGpUHn9Xh","Dark brown with light brown around the edge of the pronotum. Loxandrus sp.| Carabids were pooled by plot prior to identification. Unable to determine trap of origin."
"af05bb4b-eeac-44b0-b750-c5e49c3013d7","UKFS_010.basePlot.bet","D06","UKFS","UKFS_010","N","2015-06-30","2015-07-14","2015-09-30","2015-09-28","26ylXNgyPLzDn0LVl9IGVGU9XFwULCaJCWxYyeo9I58=","NEON.BET.D06.000358","DICFUR","Dicaelus furvus","species",,"Dejean",,"Other",,"77todYjt/jkEGWUHO3SI0BRlGpUHn9Xh","77todYjt/jkEGWUHO3SI0BRlGpUHn9Xh","Carabids were pooled by plot prior to identification. Unable to determine trap of origin."
"8b0f7511-8137-4e0c-a8c6-b586d00c12ac","UKFS_004.basePlot.bet","D06","UKFS","UKFS_004","N","2015-06-30","2015-07-14","2015-09-30","2015-09-21","luQoN84IPtFCEbD/M+6Lbyqx8Ab6G30GOA69y7NwK1s=","NEON.BET.D06.000328","GALATR","Galerita atripes","species",,"LeConte",,"Other",,"77todYjt/jkEGWUHO3SI0BRlGpUHn9Xh","77todYjt/jkEGWUHO3SI0BRlGpUHn9Xh","Carabids were pooled by plot prior to identification. Unable to determine trap of origin."
"c65764fa-2d2e-46f2-842f-5b0eb6ecd74a","UKFS_004.basePlot.bet","D06","UKFS","UKFS_004","N","2015-06-30","2015-07-14","2015-09-30","2015-08-27","luQoN84IPtFCEbD/M+6LbwlaGgLJRnniULrTo7Olbww=","NEON.BET.D06.000329","BRAALT","Brachinus alternans","species",,"Dejean",,"Other",,"77todYjt/jkEGWUHO3SI0BRlGpUHn9Xh","77todYjt/jkEGWUHO3SI0BRlGpUHn9Xh","Carabids were pooled by plot prior to identification. Unable to determine trap of origin."
"6e010dd2-4a79-4310-8faf-e417ac77d9bc","UKFS_004.basePlot.bet","D06","UKFS","UKFS_004","N","2015-06-30","2015-07-14","2015-09-30","2015-09-28","luQoN84IPtFCEbD/M+6LbwRqtjWFxzrYqFC/+WFuV4c=","NEON.BET.D06.000317","CARSP14","Carabidae sp.","family",,"Latreille","D06.2015.MorphA","Other",,"77todYjt/jkEGWUHO3SI0BRlGpUHn9Xh","77todYjt/jkEGWUHO3SI0BRlGpUHn9Xh","Dicaelus with wavy elytra pattern. All black.| Carabids were pooled by plot prior to identification. Unable to determine trap of origin."
"dfa288f8-51d5-4fa8-82ce-2c9ec959a3de","UKFS_004.basePlot.bet","D06","UKFS","UKFS_004","N","2015-06-30","2015-07-14","2015-09-30","2015-09-28","luQoN84IPtFCEbD/M+6Lb+pCZnOM/Q+Gq3mqjNlgqhI=","NEON.BET.D06.000315","DICPUR4","Dicaelus purpuratus","species",,"Bonelli",,"Other",,"77todYjt/jkEGWUHO3SI0BRlGpUHn9Xh","77todYjt/jkEGWUHO3SI0BRlGpUHn9Xh","Carabids were pooled by plot prior to identification. Unable to determine trap of origin."
"fc2df4b7-a08e-48f8-bc8a-04bccc06a657","UKFS_004.basePlot.bet","D06","UKFS","UKFS_004","N","2015-06-30","2015-07-14","2015-09-30","2015-09-21","luQoN84IPtFCEbD/M+6LbwRqtjWFxzrYqFC/+WFuV4c=","NEON.BET.D06.000322","CARSP14","Carabidae sp.","family",,"Latreille","D06.2015.MorphC","Other",,"77todYjt/jkEGWUHO3SI0BRlGpUHn9Xh","77todYjt/jkEGWUHO3SI0BRlGpUHn9Xh","Lime green and bronze, metallic, medium size.| Carabids were pooled by plot prior to identification. Unable to determine trap of origin."
"9bdd27df-b305-4fc2-bb9a-1438dca8de6b","UKFS_004.basePlot.bet","D06","UKFS","UKFS_004","N","2015-06-30","2015-07-14","2015-09-30","2015-09-21","luQoN84IPtFCEbD/M+6LbwRqtjWFxzrYqFC/+WFuV4c=","NEON.BET.D06.000325","CARSP14","Carabidae sp.","family",,"Latreille","D06.2015.MorphC","Other",,"77todYjt/jkEGWUHO3SI0BRlGpUHn9Xh","77todYjt/jkEGWUHO3SI0BRlGpUHn9Xh","Lime green and bronze, metallic, medium size.| Carabids were pooled by plot prior to identification. Unable to determine trap of origin."
"252591c1-9f9f-449a-b13d-feba821c6e51","UKFS_004.basePlot.bet","D06","UKFS","UKFS_004","N","2015-06-30","2015-07-14","2015-09-30","2015-08-27","luQoN84IPtFCEbD/M+6LbwlaGgLJRnniULrTo7Olbww=","NEON.BET.D06.000331","BRAALT","Brachinus alternans","species",,"Dejean",,"Other",,"77todYjt/jkEGWUHO3SI0BRlGpUHn9Xh","77todYjt/jkEGWUHO3SI0BRlGpUHn9Xh","Carabids were pooled by plot prior to identification. Unable to determine trap of origin."
"a055fe93-b703-4af1-836d-cea1710ec14a","UKFS_004.basePlot.bet","D06","UKFS","UKFS_004","N","2015-06-30","2015-07-14","2015-09-30","2015-09-28","luQoN84IPtFCEbD/M+6LbwRqtjWFxzrYqFC/+WFuV4c=","NEON.BET.D06.000320","CARSP14","Carabidae sp.","family",,"Latreille","D06.2015.MorphA","Other",,"77todYjt/jkEGWUHO3SI0BRlGpUHn9Xh","77todYjt/jkEGWUHO3SI0BRlGpUHn9Xh","Dicaelus with wavy elytra pattern. All black.| Carabids were pooled by plot prior to identification. Unable to determine trap of origin."
"dc9be3c8-fede-47a1-8f20-8eec15674d30","UKFS_004.basePlot.bet","D06","UKFS","UKFS_004","N","2015-06-30","2015-07-14","2015-09-30","2015-09-28","luQoN84IPtFCEbD/M+6Lb+pCZnOM/Q+Gq3mqjNlgqhI=","NEON.BET.D06.000316","DICPUR4","Dicaelus purpuratus","species",,"Bonelli",,"Other",,"77todYjt/jkEGWUHO3SI0BRlGpUHn9Xh","77todYjt/jkEGWUHO3SI0BRlGpUHn9Xh","Carabids were pooled by plot prior to identification. Unable to determine trap of origin."
"bed6cc86-1c56-44de-b5fe-d96dc20061a3","UKFS_007.basePlot.bet","D06","UKFS","UKFS_007","N","2015-06-30","2015-07-14","2015-09-30","2015-08-18","PlyNduRc44SsZadZ+D6NMMSM3GSyqg+fPRGNO1+kp6A=","NEON.BET.D06.000047","CARSP14","Carabidae sp.","family",,"Latreille","D06.2015.MorphA","Other",,"77todYjt/jkEGWUHO3SI0BRlGpUHn9Xh","77todYjt/jkEGWUHO3SI0BRlGpUHn9Xh","Dicaelus with wavy elytra pattern. All black."
"ac78c913-7b8e-4526-874f-b0d624eb65f6","UKFS_003.basePlot.bet","D06","UKFS","UKFS_003","N","2015-06-30","2015-07-14","2015-09-30","2015-09-30","Vl3mTlloYQRW5CGpwBn0g1bPSeQJlvI6Z6mdYq2y8cU=","NEON.BET.D06.000117","CARSP14","Carabidae sp.","family",,"Latreille","D06.2015.MorphB","Other",,"77todYjt/jkEGWUHO3SI0BRlGpUHn9Xh","77todYjt/jkEGWUHO3SI0BRlGpUHn9Xh","Cyclotrachelus sp. Black oval pronotum. Notches on the posterolateral angles.| Carabids were pooled by plot prior to identification. Unable to determine trap of origin."
"4cd7a070-37bb-4097-940f-447f3996084c","UKFS_004.basePlot.bet","D06","UKFS","UKFS_004","N","2015-06-30","2015-07-14","2015-09-30","2015-09-21","luQoN84IPtFCEbD/M+6LbwRqtjWFxzrYqFC/+WFuV4c=","NEON.BET.D06.000326","CARSP14","Carabidae sp.","family",,"Latreille","D06.2015.MorphC","Other",,"77todYjt/jkEGWUHO3SI0BRlGpUHn9Xh","77todYjt/jkEGWUHO3SI0BRlGpUHn9Xh","Lime green and bronze, metallic, medium size.| Carabids were pooled by plot prior to identification. Unable to determine trap of origin."
"6c470d90-0418-42f1-9d07-9f887299445f","UKFS_007.basePlot.bet","D06","UKFS","UKFS_007","N","2015-06-30","2015-07-14","2015-09-30","2015-08-18","PlyNduRc44SsZadZ+D6NMC0jjV9EVU5A27kdNEzbr58=","NEON.BET.D06.000048","DICPUR4","Dicaelus purpuratus","species",,"Bonelli",,"Other",,"77todYjt/jkEGWUHO3SI0BRlGpUHn9Xh","77todYjt/jkEGWUHO3SI0BRlGpUHn9Xh",
"5cca7974-6a39-46d6-b142-238e3f97cfaa","UKFS_003.basePlot.bet","D06","UKFS","UKFS_003","N","2015-06-30","2015-07-14","2015-09-30","2015-09-30","Vl3mTlloYQRW5CGpwBn0g1yNYYrJ0TmJenp0D5ek0Ik=","NEON.BET.D06.000101","DICFUR","Dicaelus furvus","species",,"Dejean",,"Other",,"77todYjt/jkEGWUHO3SI0BRlGpUHn9Xh","77todYjt/jkEGWUHO3SI0BRlGpUHn9Xh","Carabids were pooled by plot prior to identification. Unable to determine trap of origin."
"ad2e5a54-6dc4-4b0b-8056-408f68f3b624","UKFS_003.basePlot.bet","D06","UKFS","UKFS_003","N","2015-06-30","2015-07-14","2015-09-30","2015-09-30","Vl3mTlloYQRW5CGpwBn0g1bPSeQJlvI6Z6mdYq2y8cU=","NEON.BET.D06.000120","CARSP14","Carabidae sp.","family",,"Latreille","D06.2015.MorphB","Other",,"77todYjt/jkEGWUHO3SI0BRlGpUHn9Xh","77todYjt/jkEGWUHO3SI0BRlGpUHn9Xh","Cyclotrachelus sp. Black oval pronotum. Notches on the posterolateral angles.| Carabids were pooled by plot prior to identification. Unable to determine trap of origin."
"7d7bfcb8-a7ba-47c3-9e37-d5b6d8aa05c7","UKFS_003.basePlot.bet","D06","UKFS","UKFS_003","N","2015-06-30","2015-07-14","2015-09-30","2015-09-30","Vl3mTlloYQRW5CGpwBn0g5e9oquORAqVGSppHGQ3nqE=","NEON.BET.D06.000141","DICPUR4","Dicaelus purpuratus","species",,"Bonelli",,"Other",,"77todYjt/jkEGWUHO3SI0BRlGpUHn9Xh","77todYjt/jkEGWUHO3SI0BRlGpUHn9Xh","Carabids were pooled by plot prior to identification. Unable to determine trap of origin."
"1d04673c-3c7b-4893-ae6f-d0871bc80ccf","UKFS_001.basePlot.bet","D06","UKFS","UKFS_001","N","2015-06-30","2015-07-14","2015-09-30","2015-09-30","W8lw52JMhqCv0mgp+Tx3KR4Elh5XndnCNGHwAvWjslE=","NEON.BET.D06.000115","DICPUR4","Dicaelus purpuratus","species",,"Bonelli",,"Other",,"77todYjt/jkEGWUHO3SI0BRlGpUHn9Xh","77todYjt/jkEGWUHO3SI0BRlGpUHn9Xh","Carabids were pooled by plot prior to identification. Unable to determine trap of origin."
"0a1d2782-4958-4369-8487-22e8232791d5","UKFS_003.basePlot.bet","D06","UKFS","UKFS_003","N","2015-06-30","2015-07-14","2015-09-30","2015-09-30","Vl3mTlloYQRW5CGpwBn0g1bPSeQJlvI6Z6mdYq2y8cU=","NEON.BET.D06.000116","CARSP14","Carabidae sp.","family",,"Latreille","D06.2015.MorphB","Other",,"77todYjt/jkEGWUHO3SI0BRlGpUHn9Xh","77todYjt/jkEGWUHO3SI0BRlGpUHn9Xh","Cyclotrachelus sp. Black oval pronotum. Notches on the posterolateral angles.| Carabids were pooled by plot prior to identification. Unable to determine trap of origin."
"cc228ea8-e86b-4562-a0fe-3af5d5ae52db","UKFS_003.basePlot.bet","D06","UKFS","UKFS_003","N","2015-06-30","2015-07-14","2015-09-30","2015-09-30","Vl3mTlloYQRW5CGpwBn0g1bPSeQJlvI6Z6mdYq2y8cU=","NEON.BET.D06.000119","CARSP14","Carabidae sp.","family",,"Latreille","D06.2015.MorphB","Other",,"77todYjt/jkEGWUHO3SI0BRlGpUHn9Xh","77todYjt/jkEGWUHO3SI0BRlGpUHn9Xh","Cyclotrachelus sp. Black oval pronotum. Notches on the posterolateral angles.| Carabids were pooled by plot prior to identification. Unable to determine trap of origin."
"aef160ea-d10e-441d-b29c-a0d799799c99","UKFS_010.basePlot.bet","D06","UKFS","UKFS_010","N","2015-06-30","2015-07-14","2015-09-30","2015-09-30","26ylXNgyPLzDn0LVl9IGVNKgWRJP00mHzoh2A+ghTuQ=","NEON.BET.D06.000145","BRAALT","Brachinus alternans","species",,"Dejean",,"Other",,"77todYjt/jkEGWUHO3SI0BRlGpUHn9Xh","77todYjt/jkEGWUHO3SI0BRlGpUHn9Xh","Carabids were pooled by plot prior to identification. Unable to determine trap of origin."
"fc271b8a-8e61-49e7-aee9-3fb0275e81e7","UKFS_010.basePlot.bet","D06","UKFS","UKFS_010","N","2015-06-30","2015-07-14","2015-09-30","2015-09-30","26ylXNgyPLzDn0LVl9IGVDIeGUWSTgIU89KgIG2S+i0=","NEON.BET.D06.000146","CARSP14","Carabidae sp.","family",,"Latreille","D06.2015.MorphC","Other",,"77todYjt/jkEGWUHO3SI0BRlGpUHn9Xh","77todYjt/jkEGWUHO3SI0BRlGpUHn9Xh","Lime green and bronze, metallic, medium size.| Carabids were pooled by plot prior to identification. Unable to determine trap of origin."
"0414888c-b535-4551-a97b-5d52c73ed44e","UKFS_006.basePlot.bet","D06","UKFS","UKFS_006","N","2015-06-30","2015-07-14","2015-09-30","2015-09-30","B2YMmw2rf0fo8U6L7B9sNOxUi3OzbDwvAYYQzfKeOFE=","NEON.BET.D06.000153","BRAALT","Brachinus alternans","species",,"Dejean",,"Other",,"77todYjt/jkEGWUHO3SI0BRlGpUHn9Xh","77todYjt/jkEGWUHO3SI0BRlGpUHn9Xh",
"33a7ac63-1518-4f15-9f68-d6c9c0343944","UKFS_006.basePlot.bet","D06","UKFS","UKFS_006","N","2015-06-30","2015-07-14","2015-09-30","2015-09-30","B2YMmw2rf0fo8U6L7B9sNOxUi3OzbDwvAYYQzfKeOFE=","NEON.BET.D06.000156","BRAALT","Brachinus alternans","species",,"Dejean",,"Other",,"77todYjt/jkEGWUHO3SI0BRlGpUHn9Xh","77todYjt/jkEGWUHO3SI0BRlGpUHn9Xh",
"1a25e7d7-1c39-4905-9931-a110532c1641","UKFS_006.basePlot.bet","D06","UKFS","UKFS_006","N","2015-06-30","2015-07-14","2015-09-30","2015-09-30","B2YMmw2rf0fo8U6L7B9sNOxUi3OzbDwvAYYQzfKeOFE=","NEON.BET.D06.000155","BRAALT","Brachinus alternans","species",,"Dejean",,"Other",,"77todYjt/jkEGWUHO3SI0BRlGpUHn9Xh","77todYjt/jkEGWUHO3SI0BRlGpUHn9Xh",
"d12099ee-67ac-4822-99c9-4ef1dc9e8fcc","UKFS_006.basePlot.bet","D06","UKFS","UKFS_006","N","2015-06-30","2015-07-14","2015-09-30","2015-09-30","B2YMmw2rf0fo8U6L7B9sNB2Jh7YJma7TLPzz8/tjmxY=","NEON.BET.D06.000160","GALATR","Galerita atripes","species",,"LeConte",,"Other",,"77todYjt/jkEGWUHO3SI0BRlGpUHn9Xh","77todYjt/jkEGWUHO3SI0BRlGpUHn9Xh",
"89fb82d7-4ad2-47e3-bdec-da541a37599d","UKFS_006.basePlot.bet","D06","UKFS","UKFS_006","N","2015-06-30","2015-07-14","2015-09-30","2015-09-30","B2YMmw2rf0fo8U6L7B9sNB2Jh7YJma7TLPzz8/tjmxY=","NEON.BET.D06.000158","GALATR","Galerita atripes","species",,"LeConte",,"Other",,"77todYjt/jkEGWUHO3SI0BRlGpUHn9Xh","77todYjt/jkEGWUHO3SI0BRlGpUHn9Xh",
"d6bdb268-dbde-43c4-a753-1fd1b10f5a37","UKFS_006.basePlot.bet","D06","UKFS","UKFS_006","N","2015-06-30","2015-07-14","2015-09-30","2015-09-30","B2YMmw2rf0fo8U6L7B9sNB2Jh7YJma7TLPzz8/tjmxY=","NEON.BET.D06.000157","GALATR","Galerita atripes","species",,"LeConte",,"Other",,"77todYjt/jkEGWUHO3SI0BRlGpUHn9Xh","77todYjt/jkEGWUHO3SI0BRlGpUHn9Xh",
"250ce0dd-fb76-44b7-b153-8386d5251ac1","UKFS_006.basePlot.bet","D06","UKFS","UKFS_006","N","2015-06-30","2015-07-14","2015-09-30","2015-09-30","B2YMmw2rf0fo8U6L7B9sNOxUi3OzbDwvAYYQzfKeOFE=","NEON.BET.D06.000154","BRAALT","Brachinus alternans","species",,"Dejean",,"Other",,"77todYjt/jkEGWUHO3SI0BRlGpUHn9Xh","77todYjt/jkEGWUHO3SI0BRlGpUHn9Xh",
"c7e67e89-3482-4fcb-801d-2ab6e96bd4c3","UKFS_005.basePlot.bet","D06","UKFS","UKFS_005","N","2015-06-30","2015-07-14","2015-09-30","2015-09-30","U/hiAoS2t8ykNrO53nVw+8U1GHp7hcVtfaGX3NHQDFs=","NEON.BET.D06.000112","CARSP14","Carabidae sp.","family",,"Latreille","D06.2015.MorphA","Other",,"77todYjt/jkEGWUHO3SI0BRlGpUHn9Xh","77todYjt/jkEGWUHO3SI0BRlGpUHn9Xh","Dicaelus with wavy elytra pattern. All black.| Carabids were pooled by plot prior to identification. Unable to determine trap of origin."
"f646cbc2-4884-4a0e-a56e-f57c72c0c168","UKFS_005.basePlot.bet","D06","UKFS","UKFS_005","N","2015-06-30","2015-07-14","2015-09-30","2015-09-30","U/hiAoS2t8ykNrO53nVw+8U1GHp7hcVtfaGX3NHQDFs=","NEON.BET.D06.000114","CARSP14","Carabidae sp.","family",,"Latreille","D06.2015.MorphA","Other",,"77todYjt/jkEGWUHO3SI0BRlGpUHn9Xh","77todYjt/jkEGWUHO3SI0BRlGpUHn9Xh","Dicaelus with wavy elytra pattern. All black.| Carabids were pooled by plot prior to identification. Unable to determine trap of origin."
"7d767a3d-341c-4d1f-bfc9-9c673cb658a4","UKFS_006.basePlot.bet","D06","UKFS","UKFS_006","N","2015-06-30","2015-07-14","2015-09-30","2015-09-30","B2YMmw2rf0fo8U6L7B9sNAbViXCuHLhFpL4gxufKZoY=","NEON.BET.D06.000161","CARSP14","Carabidae sp.","family",,"Latreille","D06.2015.MorphB","Other",,"77todYjt/jkEGWUHO3SI0BRlGpUHn9Xh","77todYjt/jkEGWUHO3SI0BRlGpUHn9Xh","Cyclotrachelus sp. Black oval pronotum. Notches on the posterolateral angles."
"31a25b0b-ecb9-460d-97f1-d97133c2c4eb","UKFS_005.basePlot.bet","D06","UKFS","UKFS_005","N","2015-06-30","2015-07-14","2015-09-30","2015-09-30","U/hiAoS2t8ykNrO53nVw+4XNK+eVeiNevcZ0l31j2Sk=","NEON.BET.D06.000129","GALBIC","Galerita bicolor","species",,"Drury",,"Other",,"77todYjt/jkEGWUHO3SI0BRlGpUHn9Xh","77todYjt/jkEGWUHO3SI0BRlGpUHn9Xh","Carabids were pooled by plot prior to identification. Unable to determine trap of origin."
"5eb36294-d9ae-40f1-919a-7818db68dcaf","UKFS_005.basePlot.bet","D06","UKFS","UKFS_005","N","2015-06-30","2015-07-14","2015-09-30","2015-09-30","U/hiAoS2t8ykNrO53nVw+4XNK+eVeiNevcZ0l31j2Sk=","NEON.BET.D06.000130","GALBIC","Galerita bicolor","species",,"Drury",,"Other",,"77todYjt/jkEGWUHO3SI0BRlGpUHn9Xh","77todYjt/jkEGWUHO3SI0BRlGpUHn9Xh","Carabids were pooled by plot prior to identification. Unable to determine trap of origin."
"1ca66515-e418-4a5d-8781-be4110b09c30","UKFS_003.basePlot.bet","D06","UKFS","UKFS_003","N","2015-06-30","2015-07-14","2015-09-30","2015-09-30","Vl3mTlloYQRW5CGpwBn0g1bPSeQJlvI6Z6mdYq2y8cU=","NEON.BET.D06.000118","CARSP14","Carabidae sp.","family",,"Latreille","D06.2015.MorphB","Other",,"77todYjt/jkEGWUHO3SI0BRlGpUHn9Xh","77todYjt/jkEGWUHO3SI0BRlGpUHn9Xh","Cyclotrachelus sp. Black oval pronotum. Notches on the posterolateral angles.| Carabids were pooled by plot prior to identification. Unable to determine trap of origin."
"771ce59b-bce4-4794-a658-444b4c2cadcd","UKFS_003.basePlot.bet","D06","UKFS","UKFS_003","N","2015-06-30","2015-07-14","2015-09-30","2015-08-12","Vl3mTlloYQRW5CGpwBn0g1yNYYrJ0TmJenp0D5ek0Ik=","NEON.BET.D06.000100","DICFUR","Dicaelus furvus","species",,"Dejean",,"Other",,"77todYjt/jkEGWUHO3SI0BRlGpUHn9Xh","77todYjt/jkEGWUHO3SI0BRlGpUHn9Xh","Carabids were pooled by plot prior to identification. Unable to determine trap of origin."
"a7347814-e93b-489b-bee9-3502222a9aa6","UKFS_010.basePlot.bet","D06","UKFS","UKFS_010","N","2015-06-30","2015-07-14","2015-09-30","2015-09-30","26ylXNgyPLzDn0LVl9IGVNKgWRJP00mHzoh2A+ghTuQ=","NEON.BET.D06.000144","BRAALT","Brachinus alternans","species",,"Dejean",,"Other",,"77todYjt/jkEGWUHO3SI0BRlGpUHn9Xh","77todYjt/jkEGWUHO3SI0BRlGpUHn9Xh","Carabids were pooled by plot prior to identification. Unable to determine trap of origin."
"1c7c3030-0622-4048-a582-c2a7d19681bc","UKFS_006.basePlot.bet","D06","UKFS","UKFS_006","N","2015-06-30","2015-07-14","2015-09-30","2015-09-30","B2YMmw2rf0fo8U6L7B9sNB2Jh7YJma7TLPzz8/tjmxY=","NEON.BET.D06.000159","GALATR","Galerita atripes","species",,"LeConte",,"Other",,"77todYjt/jkEGWUHO3SI0BRlGpUHn9Xh","77todYjt/jkEGWUHO3SI0BRlGpUHn9Xh",
"d0b52d82-23ed-4975-b0fd-cc3bf381b5bc","UKFS_006.basePlot.bet","D06","UKFS","UKFS_006","S","2015-06-30","2015-07-14","2015-09-30","2015-09-30","B2YMmw2rf0fnt5F1w8Doz0+GqZj0fli1Usm0Pb0jTls=","NEON.BET.D06.000549","BRAALT","Brachinus alternans","species",,"Dejean",,"Other",,"77todYjt/jkEGWUHO3SI0BRlGpUHn9Xh","77todYjt/jkEGWUHO3SI0BRlGpUHn9Xh",
"fb3ee3a6-b0ac-44e6-9ee0-91df692aaa0a","UKFS_009.basePlot.bet","D06","UKFS","UKFS_009","S","2015-06-30","2015-07-14","2015-09-30","2015-09-17","MMz820nXMklIuibWjob24KTi4wU7/txem/FHVjQRH1w=","NEON.BET.D06.000335","CARSP14","Carabidae sp.","family",,"Latreille","D06.2015.MorphJ","Other",,"77todYjt/jkEGWUHO3SI0BRlGpUHn9Xh","77todYjt/jkEGWUHO3SI0BRlGpUHn9Xh","Light brown. Harpalus sp."
"ed0efc81-8ae3-42b1-86e7-5df2631e5f42","UKFS_009.basePlot.bet","D06","UKFS","UKFS_009","S","2015-06-30","2015-07-14","2015-09-30","2015-08-27","MMz820nXMklIuibWjob24KTi4wU7/txem/FHVjQRH1w=","NEON.BET.D06.000336","CARSP14","Carabidae sp.","family",,"Latreille","D06.2015.MorphG","Other",,"77todYjt/jkEGWUHO3SI0BRlGpUHn9Xh","77todYjt/jkEGWUHO3SI0BRlGpUHn9Xh","Metallic green big headed tiger beetle. Megacephala sp."
"94013ce1-13ea-484b-af6e-aac929035ae2","UKFS_006.basePlot.bet","D06","UKFS","UKFS_006","W","2015-06-30","2015-07-14","2015-09-30","2015-09-30","B2YMmw2rf0fYWbPYzxQo9rVzK8jjLQLkdch9DhlIY3Y=","NEON.BET.D06.000550","CARSP14","Carabidae sp.","family",,"Latreille","D06.2015.MorphS","Other",,"77todYjt/jkEGWUHO3SI0BRlGpUHn9Xh","77todYjt/jkEGWUHO3SI0BRlGpUHn9Xh","Golden color, round pronotrum. Elytra slightly green"
"ed2b3326-a0b5-45ec-b24b-9b95b827a7a7","UKFS_002.basePlot.bet","D06","UKFS","UKFS_002","W","2015-06-30","2015-07-14","2015-09-30","2015-09-30","ThLXd3W7368zCKg0KTot326CDMSaz3RW/lKCa4ZehRk=","NEON.BET.D06.000162","CARSP14","Carabidae sp.","family",,"Latreille","D06.2015.MorphB","Other",,"77todYjt/jkEGWUHO3SI0BRlGpUHn9Xh","77todYjt/jkEGWUHO3SI0BRlGpUHn9Xh","Cyclotrachelus sp. Black oval pronotum. Notches on the posterolateral angles."
"ad689ad2-fcb4-4fc7-82de-01554912bf01","UKFS_002.basePlot.bet","D06","UKFS","UKFS_002","W","2015-06-30","2015-07-14","2015-09-30","2015-09-30","ThLXd3W7368zCKg0KTot30tPY6M77iiSh/DkbzqSvcU=","NEON.BET.D06.000165","CHLNEM","Chlaenius nemoralis","species",,"Say",,"Other",,"77todYjt/jkEGWUHO3SI0BRlGpUHn9Xh","77todYjt/jkEGWUHO3SI0BRlGpUHn9Xh",
"ef4c9358-18b3-463e-8245-089a4d2976b6","UKFS_002.basePlot.bet","D06","UKFS","UKFS_002","W","2015-06-30","2015-07-14","2015-09-30","2015-09-30","ThLXd3W7368zCKg0KTot356X8yvonjWJ3Za18jc8GII=","NEON.BET.D06.000163","DICFUR","Dicaelus furvus","species",,"Dejean",,"Other",,"77todYjt/jkEGWUHO3SI0BRlGpUHn9Xh","77todYjt/jkEGWUHO3SI0BRlGpUHn9Xh",
"72bcba35-5ef0-455f-8b7f-96b4a2f68169","UKFS_002.basePlot.bet","D06","UKFS","UKFS_002","W","2015-06-30","2015-07-14","2015-09-30","2015-09-30","ThLXd3W7368zCKg0KTot356X8yvonjWJ3Za18jc8GII=","NEON.BET.D06.000164","DICFUR","Dicaelus furvus","species",,"Dejean",,"Other",,"77todYjt/jkEGWUHO3SI0BRlGpUHn9Xh","77todYjt/jkEGWUHO3SI0BRlGpUHn9Xh",
"73af5ea8-9c9f-4648-b931-a2adac6e1b30","UKFS_002.basePlot.bet","D06","UKFS","UKFS_002","W","2015-06-30","2015-07-14","2015-09-30","2015-09-30","ThLXd3W7368zCKg0KTot30tPY6M77iiSh/DkbzqSvcU=","NEON.BET.D06.000166","CHLNEM","Chlaenius nemoralis","species",,"Say",,"Other",,"77todYjt/jkEGWUHO3SI0BRlGpUHn9Xh","77todYjt/jkEGWUHO3SI0BRlGpUHn9Xh",
"d7982a86-79c6-4bb3-b4ba-5ed2bd723438","UKFS_010.basePlot.bet","D06","UKFS","UKFS_010","N","2015-07-14","2015-07-28","2015-09-30","2015-09-30","26ylXNgyPLzDn0LVl9IGVCB1QrvAqLwkgntmgQ53nbM=","NEON.BET.D06.000077","CARSP14","Carabidae sp.","family",,"Latreille","D06.2015.MorphH","Other",,"77todYjt/jkEGWUHO3SI0BRlGpUHn9Xh","77todYjt/jkEGWUHO3SI0BRlGpUHn9Xh","Tribe Zuphiini. Shoulder of elytra expanded and bending below body."
"a1a1a08e-c74f-49f0-8de1-31fc4302b750","UKFS_010.basePlot.bet","D06","UKFS","UKFS_010","N","2015-07-14","2015-07-28","2015-09-30","2015-09-30","26ylXNgyPLzDn0LVl9IGVJzUKbklkl8jeaDn0/+H+RY=","NEON.BET.D06.000075","BRAALT","Brachinus alternans","species",,"Dejean",,"Other",,"77todYjt/jkEGWUHO3SI0BRlGpUHn9Xh","77todYjt/jkEGWUHO3SI0BRlGpUHn9Xh",
"ecffc895-6355-4b7d-9104-582284418e2a","UKFS_004.basePlot.bet","D06","UKFS","UKFS_004","N","2015-07-14","2015-07-28","2015-09-30","2015-08-18","luQoN84IPtFCEbD/M+6Lb2gyV7+1SjPBVRsJqmz2BEw=","NEON.BET.D06.000028","CARSP14","Carabidae sp.","family",,"Latreille","D06.2015.MorphC","Other",,"77todYjt/jkEGWUHO3SI0BRlGpUHn9Xh","77todYjt/jkEGWUHO3SI0BRlGpUHn9Xh","Lime green and bronze, metallic, medium size."
"82291812-1769-4188-9022-064dfc54497c","UKFS_004.basePlot.bet","D06","UKFS","UKFS_004","N","2015-07-14","2015-07-28","2015-09-30","2015-08-18","luQoN84IPtFCEbD/M+6Lb86A0Anm8VAUGNU6v9yFMmU=","NEON.BET.D06.000027","BRAALT","Brachinus alternans","species",,"Dejean",,"Other",,"77todYjt/jkEGWUHO3SI0BRlGpUHn9Xh","77todYjt/jkEGWUHO3SI0BRlGpUHn9Xh",
"07256316-0e81-4fe2-970c-74b2c6abae49","UKFS_002.basePlot.bet","D06","UKFS","UKFS_002","N","2015-07-14","2015-07-28","2015-09-30","2015-08-18","ThLXd3W7368x81PZ9eOjJXIqWxBDWnBd7p0cA6nrAhs=","NEON.BET.D06.000008","CARSP14","Carabidae sp.","family",,"Latreille","D06.2015.MorphK","Other",,"77todYjt/jkEGWUHO3SI0BRlGpUHn9Xh","77todYjt/jkEGWUHO3SI0BRlGpUHn9Xh","Dark brown overall, light brown edge of pronotum. Pronotum basally punctate. Harpalus sp."
"0cddcfd7-890b-4b61-a35f-7e7f2b1daccc","UKFS_002.basePlot.bet","D06","UKFS","UKFS_002","N","2015-07-14","2015-07-28","2015-09-30","2015-08-18","ThLXd3W7368x81PZ9eOjJYulQUsRXxFrIiwp3OauAGc=","NEON.BET.D06.000009","BRAALT","Brachinus alternans","species",,"Dejean",,"Other",,"77todYjt/jkEGWUHO3SI0BRlGpUHn9Xh","77todYjt/jkEGWUHO3SI0BRlGpUHn9Xh",
"7684b412-e9e4-4834-84f9-232398d2d70d","UKFS_001.basePlot.bet","D06","UKFS","UKFS_001","S","2015-07-14","2015-07-28","2015-09-30","2015-09-30","W8lw52JMhqAmSsyHNCbL6Wj4v6rOb4MqMohjAZQ/EFM=","NEON.BET.D06.000545","DICFUR","Dicaelus furvus","species",,"Dejean",,"Other",,"77todYjt/jkEGWUHO3SI0BRlGpUHn9Xh","77todYjt/jkEGWUHO3SI0BRlGpUHn9Xh",
"6cab6862-55a4-49a3-a540-3a76b69dd6f5","UKFS_005.basePlot.bet","D06","UKFS","UKFS_005","S","2015-07-14","2015-07-28","2015-09-30","2015-08-18","U/hiAoS2t8wHr9hCVZ7Q/Lg1GEz3+6k6K4os1/keeBg=","NEON.BET.D06.000029","CARSP14","Carabidae sp.","family",,"Latreille","D06.2015.MorphB","Other",,"77todYjt/jkEGWUHO3SI0BRlGpUHn9Xh","77todYjt/jkEGWUHO3SI0BRlGpUHn9Xh","Cyclotrachelus sp. Black oval pronotum. Notches on the posterolateral angles."
"8b702ed6-fa24-4ab2-9bb8-0431034c7109","UKFS_004.basePlot.bet","D06","UKFS","UKFS_004","S","2015-07-14","2015-07-28","2015-09-30","2015-08-12","luQoN84IPtE+nCttLa7FCQnXHrRpvcRcL8AT/5fJ+Pw=","NEON.BET.D06.000097","BRAALT","Brachinus alternans","species",,"Dejean",,"Other",,"77todYjt/jkEGWUHO3SI0BRlGpUHn9Xh","77todYjt/jkEGWUHO3SI0BRlGpUHn9Xh",
"c7a096bd-ddcc-4b0e-8848-cf87c20d425a","UKFS_004.basePlot.bet","D06","UKFS","UKFS_004","S","2015-07-14","2015-07-28","2015-09-30","2015-08-12","luQoN84IPtE+nCttLa7FCQnXHrRpvcRcL8AT/5fJ+Pw=","NEON.BET.D06.000098","BRAALT","Brachinus alternans","species",,"Dejean",,"Other",,"77todYjt/jkEGWUHO3SI0BRlGpUHn9Xh","77todYjt/jkEGWUHO3SI0BRlGpUHn9Xh",
"1482c962-fd88-496f-acf2-411ec87efa03","UKFS_004.basePlot.bet","D06","UKFS","UKFS_004","S","2015-07-14","2015-07-28","2015-09-30","2015-08-12","luQoN84IPtE+nCttLa7FCQnXHrRpvcRcL8AT/5fJ+Pw=","NEON.BET.D06.000095","BRAALT","Brachinus alternans","species",,"Dejean",,"Other",,"77todYjt/jkEGWUHO3SI0BRlGpUHn9Xh","77todYjt/jkEGWUHO3SI0BRlGpUHn9Xh",
"a7505819-7554-4232-9f7f-880ee93e55be","UKFS_010.basePlot.bet","D06","UKFS","UKFS_010","S","2015-07-14","2015-07-28","2015-09-30","2015-09-14","26ylXNgyPLzHrGLlAmMPzFN2VAvDiRgV/oYf2UE0CRc=","NEON.BET.D06.000066","DICFUR","Dicaelus furvus","species",,"Dejean",,"Other",,"77todYjt/jkEGWUHO3SI0BRlGpUHn9Xh","77todYjt/jkEGWUHO3SI0BRlGpUHn9Xh",
"d24637d9-e0dc-4ca1-b15d-cf737b9a9433","UKFS_006.basePlot.bet","D06","UKFS","UKFS_006","S","2015-07-14","2015-07-28","2015-09-30","2015-09-30","B2YMmw2rf0fnt5F1w8Doz4CWONEDIcdX1n4xtG3HHmg=","NEON.BET.D06.000134","BRAALT","Brachinus alternans","species",,"Dejean",,"Other",,"77todYjt/jkEGWUHO3SI0BRlGpUHn9Xh","77todYjt/jkEGWUHO3SI0BRlGpUHn9Xh",
"9886f58d-8156-4bd6-b87e-1cbaab36c3c3","UKFS_007.basePlot.bet","D06","UKFS","UKFS_007","S","2015-07-14","2015-07-28","2015-09-30","2015-08-18","PlyNduRc44RUoq0pcfo96pXRl0uUFnNvw/Gdk7vDcGI=","NEON.BET.D06.000044","BRAALT","Brachinus alternans","species",,"Dejean",,"Other",,"77todYjt/jkEGWUHO3SI0BRlGpUHn9Xh","77todYjt/jkEGWUHO3SI0BRlGpUHn9Xh",
"4b5ca30d-5e28-4819-8021-96602df022d6","UKFS_009.basePlot.bet","D06","UKFS","UKFS_009","S","2015-07-14","2015-07-28","2015-09-30","2015-08-18","MMz820nXMklIuibWjob24Hhclzuc3O9T/FOsboAduKM=","NEON.BET.D06.000021","CARSP14","Carabidae sp.","family",,"Latreille","D06.2015.MorphG","Other",,"77todYjt/jkEGWUHO3SI0BRlGpUHn9Xh","77todYjt/jkEGWUHO3SI0BRlGpUHn9Xh","Metallic green big headed tiger beetle. Megacephala sp."
"bda6420d-b79c-4d74-a47b-c08f7f177dad","UKFS_009.basePlot.bet","D06","UKFS","UKFS_009","S","2015-07-14","2015-07-28","2015-09-30","2015-08-18","MMz820nXMklIuibWjob24Hhclzuc3O9T/FOsboAduKM=","NEON.BET.D06.000020","CARSP14","Carabidae sp.","family",,"Latreille","D06.2015.MorphG","Other",,"77todYjt/jkEGWUHO3SI0BRlGpUHn9Xh","77todYjt/jkEGWUHO3SI0BRlGpUHn9Xh","Metallic green big headed tiger beetle. Megacephala sp."
"ae0c4bc6-06a0-4483-ac5e-96eab0c91881","UKFS_004.basePlot.bet","D06","UKFS","UKFS_004","S","2015-07-14","2015-07-28","2015-09-30","2015-09-29","luQoN84IPtE+nCttLa7FCfIC/ko5+JYwIqBklQ1IT20=","NEON.BET.D06.000088","CARSP14","Carabidae sp.","family",,"Latreille","D06.2015.MorphA","Other",,"77todYjt/jkEGWUHO3SI0BRlGpUHn9Xh","77todYjt/jkEGWUHO3SI0BRlGpUHn9Xh","Dicaelus with wavy elytra pattern. All black."
"44279444-92ad-47d6-9a1e-97d94df58549","UKFS_005.basePlot.bet","D06","UKFS","UKFS_005","S","2015-07-14","2015-07-28","2015-09-30","2015-09-30","U/hiAoS2t8wHr9hCVZ7Q/FBHotKIwSs7LkB/opneOvw=","NEON.BET.D06.000030","DICPUR4","Dicaelus purpuratus","species",,"Bonelli",,"Other",,"77todYjt/jkEGWUHO3SI0BRlGpUHn9Xh","77todYjt/jkEGWUHO3SI0BRlGpUHn9Xh",
"2cd154c1-8707-4e3d-9b94-eb9400a88b7b","UKFS_006.basePlot.bet","D06","UKFS","UKFS_006","S","2015-07-14","2015-07-28","2015-09-30","2015-09-29","B2YMmw2rf0fnt5F1w8Doz1Rfyc+kFP2ZGef5KGLjnoo=","NEON.BET.D06.000131","DICPUR4","Dicaelus purpuratus","species",,"Bonelli",,"Other",,"77todYjt/jkEGWUHO3SI0BRlGpUHn9Xh","77todYjt/jkEGWUHO3SI0BRlGpUHn9Xh",
"4fbd7b55-2b7c-43c0-92fa-45d54f028313","UKFS_006.basePlot.bet","D06","UKFS","UKFS_006","S","2015-07-14","2015-07-28","2015-09-30","2015-09-29","B2YMmw2rf0fnt5F1w8Doz1Rfyc+kFP2ZGef5KGLjnoo=","NEON.BET.D06.000132","DICPUR4","Dicaelus purpuratus","species",,"Bonelli",,"Other",,"77todYjt/jkEGWUHO3SI0BRlGpUHn9Xh","77todYjt/jkEGWUHO3SI0BRlGpUHn9Xh",
"6233e607-b8d2-42e3-b949-a128ff1014e5","UKFS_006.basePlot.bet","D06","UKFS","UKFS_006","S","2015-07-14","2015-07-28","2015-09-30","2015-09-30","B2YMmw2rf0fnt5F1w8Doz1Rfyc+kFP2ZGef5KGLjnoo=","NEON.BET.D06.000133","DICPUR4","Dicaelus purpuratus","species",,"Bonelli",,"Other",,"77todYjt/jkEGWUHO3SI0BRlGpUHn9Xh","77todYjt/jkEGWUHO3SI0BRlGpUHn9Xh",
"fd4fe9ec-1267-471b-aa78-baaaaf3db6a7","UKFS_010.basePlot.bet","D06","UKFS","UKFS_010","S","2015-07-14","2015-07-28","2015-09-30","2015-09-30","26ylXNgyPLzHrGLlAmMPzJPERldIrwaX02B+mUSaFac=","NEON.BET.D06.000067","CARSP14","Carabidae sp.","family",,"Latreille","D06.2015.MorphA","Other",,"77todYjt/jkEGWUHO3SI0BRlGpUHn9Xh","77todYjt/jkEGWUHO3SI0BRlGpUHn9Xh","Dicaelus with wavy elytra pattern. All black."
"9fd43aa1-2b47-4356-ba49-d8953b281648","UKFS_010.basePlot.bet","D06","UKFS","UKFS_010","S","2015-07-14","2015-07-28","2015-09-30","2015-09-30","26ylXNgyPLzHrGLlAmMPzKsPamAchGk1fSU2Z9GU340=","NEON.BET.D06.000068","BRAALT","Brachinus alternans","species",,"Dejean",,"Other",,"77todYjt/jkEGWUHO3SI0BRlGpUHn9Xh","77todYjt/jkEGWUHO3SI0BRlGpUHn9Xh",
"9ae4da0b-f1fb-4a96-a86b-50b0bf6859d8","UKFS_010.basePlot.bet","D06","UKFS","UKFS_010","S","2015-07-14","2015-07-28","2015-09-30","2015-09-30","26ylXNgyPLzHrGLlAmMPzKsPamAchGk1fSU2Z9GU340=","NEON.BET.D06.000069","BRAALT","Brachinus alternans","species",,"Dejean",,"Other",,"77todYjt/jkEGWUHO3SI0BRlGpUHn9Xh","77todYjt/jkEGWUHO3SI0BRlGpUHn9Xh",
"36e6271e-97b7-4ec2-94b5-98c45c49f44d","UKFS_004.basePlot.bet","D06","UKFS","UKFS_004","S","2015-07-14","2015-07-28","2015-09-30","2015-08-12","luQoN84IPtE+nCttLa7FCQnXHrRpvcRcL8AT/5fJ+Pw=","NEON.BET.D06.000096","BRAALT","Brachinus alternans","species",,"Dejean",,"Other",,"77todYjt/jkEGWUHO3SI0BRlGpUHn9Xh","77todYjt/jkEGWUHO3SI0BRlGpUHn9Xh",
"fea39f45-6157-4b1d-a443-16cbb7d863bf","UKFS_004.basePlot.bet","D06","UKFS","UKFS_004","S","2015-07-14","2015-07-28","2015-09-30","2015-08-12","luQoN84IPtE+nCttLa7FCQnXHrRpvcRcL8AT/5fJ+Pw=","NEON.BET.D06.000094","BRAALT","Brachinus alternans","species",,"Dejean",,"Other",,"77todYjt/jkEGWUHO3SI0BRlGpUHn9Xh","77todYjt/jkEGWUHO3SI0BRlGpUHn9Xh",
"7aa558b4-1f06-4f9f-bafb-63bb7dc12a77","UKFS_004.basePlot.bet","D06","UKFS","UKFS_004","S","2015-07-14","2015-07-28","2015-09-30","2015-08-12","luQoN84IPtE+nCttLa7FCQnXHrRpvcRcL8AT/5fJ+Pw=","NEON.BET.D06.000099","BRAALT","Brachinus alternans","species",,"Dejean",,"Other",,"77todYjt/jkEGWUHO3SI0BRlGpUHn9Xh","77todYjt/jkEGWUHO3SI0BRlGpUHn9Xh",
"0e111146-e61d-47cb-b18f-0e0be78d03a0","UKFS_004.basePlot.bet","D06","UKFS","UKFS_004","S","2015-07-14","2015-07-28","2015-09-30","2015-08-12","luQoN84IPtE+nCttLa7FCQnXHrRpvcRcL8AT/5fJ+Pw=","NEON.BET.D06.000092","BRAALT","Brachinus alternans","species",,"Dejean",,"Other",,"77todYjt/jkEGWUHO3SI0BRlGpUHn9Xh","77todYjt/jkEGWUHO3SI0BRlGpUHn9Xh",
"c5bf0a17-71e3-4f3e-9a43-065e6ecfeef4","UKFS_004.basePlot.bet","D06","UKFS","UKFS_004","S","2015-07-14","2015-07-28","2015-09-30","2015-08-12","luQoN84IPtE+nCttLa7FCQnXHrRpvcRcL8AT/5fJ+Pw=","NEON.BET.D06.000093","BRAALT","Brachinus alternans","species",,"Dejean",,"Other",,"77todYjt/jkEGWUHO3SI0BRlGpUHn9Xh","77todYjt/jkEGWUHO3SI0BRlGpUHn9Xh",
"cc521a2f-2f76-482d-962d-cd3f8acf950a","UKFS_004.basePlot.bet","D06","UKFS","UKFS_004","S","2015-07-14","2015-07-28","2015-09-30","2015-09-29","luQoN84IPtE+nCttLa7FCQnXHrRpvcRcL8AT/5fJ+Pw=","NEON.BET.D06.000090","BRAALT","Brachinus alternans","species",,"Dejean",,"Other",,"77todYjt/jkEGWUHO3SI0BRlGpUHn9Xh","77todYjt/jkEGWUHO3SI0BRlGpUHn9Xh",
"45e0d244-3afe-4480-8605-41988b1a990b","UKFS_004.basePlot.bet","D06","UKFS","UKFS_004","S","2015-07-14","2015-07-28","2015-09-30","2015-09-29","luQoN84IPtE+nCttLa7FCfIC/ko5+JYwIqBklQ1IT20=","NEON.BET.D06.000089","CARSP14","Carabidae sp.","family",,"Latreille","D06.2015.MorphA","Other",,"77todYjt/jkEGWUHO3SI0BRlGpUHn9Xh","77todYjt/jkEGWUHO3SI0BRlGpUHn9Xh","Dicaelus with wavy elytra pattern. All black."
"2cc11a59-a68b-44f0-a306-2414455396fa","UKFS_004.basePlot.bet","D06","UKFS","UKFS_004","S","2015-07-14","2015-07-28","2015-09-30","2015-09-29","luQoN84IPtE+nCttLa7FCfIC/ko5+JYwIqBklQ1IT20=","NEON.BET.D06.000087","CARSP14","Carabidae sp.","family",,"Latreille","D06.2015.MorphA","Other",,"77todYjt/jkEGWUHO3SI0BRlGpUHn9Xh","77todYjt/jkEGWUHO3SI0BRlGpUHn9Xh","Dicaelus with wavy elytra pattern. All black."
"fa8d6466-2812-4abe-bd4d-518f5ab82335","UKFS_009.basePlot.bet","D06","UKFS","UKFS_009","S","2015-07-14","2015-07-28","2015-09-30","2015-08-12","MMz820nXMklIuibWjob24Hhclzuc3O9T/FOsboAduKM=","NEON.BET.D06.000017","CARSP14","Carabidae sp.","family",,"Latreille","D06.2015.MorphG","Other",,"77todYjt/jkEGWUHO3SI0BRlGpUHn9Xh","77todYjt/jkEGWUHO3SI0BRlGpUHn9Xh","Metallic green big headed tiger beetle. Megacephala sp."
"a3623c1f-c5e0-444d-9cd4-9ccc62927952","UKFS_009.basePlot.bet","D06","UKFS","UKFS_009","S","2015-07-14","2015-07-28","2015-09-30","2015-08-12","MMz820nXMklIuibWjob24Hhclzuc3O9T/FOsboAduKM=","NEON.BET.D06.000018","CARSP14","Carabidae sp.","family",,"Latreille","D06.2015.MorphG","Other",,"77todYjt/jkEGWUHO3SI0BRlGpUHn9Xh","77todYjt/jkEGWUHO3SI0BRlGpUHn9Xh","Metallic green big headed tiger beetle. Megacephala sp."
"f889285e-db7f-418f-b21d-258eb4c52693","UKFS_004.basePlot.bet","D06","UKFS","UKFS_004","S","2015-07-14","2015-07-28","2015-09-30","2015-08-12","luQoN84IPtE+nCttLa7FCQnXHrRpvcRcL8AT/5fJ+Pw=","NEON.BET.D06.000091","BRAALT","Brachinus alternans","species",,"Dejean",,"Other",,"77todYjt/jkEGWUHO3SI0BRlGpUHn9Xh","77todYjt/jkEGWUHO3SI0BRlGpUHn9Xh",
"df18119b-b789-49eb-a6d5-a0ba396d95b2","UKFS_009.basePlot.bet","D06","UKFS","UKFS_009","S","2015-07-14","2015-07-28","2015-09-30","2015-08-18","MMz820nXMklIuibWjob24Hhclzuc3O9T/FOsboAduKM=","NEON.BET.D06.000019","CARSP14","Carabidae sp.","family",,"Latreille","D06.2015.MorphG","Other",,"77todYjt/jkEGWUHO3SI0BRlGpUHn9Xh","77todYjt/jkEGWUHO3SI0BRlGpUHn9Xh","Metallic green big headed tiger beetle. Megacephala sp."
"859a2af9-cfd1-4b79-a322-4f1e956390c7","UKFS_009.basePlot.bet","D06","UKFS","UKFS_009","S","2015-07-14","2015-07-28","2015-09-30","2015-08-12","MMz820nXMklIuibWjob24Hhclzuc3O9T/FOsboAduKM=","NEON.BET.D06.000015","CARSP14","Carabidae sp.","family",,"Latreille","D06.2015.MorphG","Other",,"77todYjt/jkEGWUHO3SI0BRlGpUHn9Xh","77todYjt/jkEGWUHO3SI0BRlGpUHn9Xh","Metallic green big headed tiger beetle. Megacephala sp."
"5dc1f8ff-d8eb-4f1b-815c-b084ca52c554","UKFS_009.basePlot.bet","D06","UKFS","UKFS_009","S","2015-07-14","2015-07-28","2015-09-30","2015-08-12","MMz820nXMklIuibWjob24Hhclzuc3O9T/FOsboAduKM=","NEON.BET.D06.000016","CARSP14","Carabidae sp.","family",,"Latreille","D06.2015.MorphG","Other",,"77todYjt/jkEGWUHO3SI0BRlGpUHn9Xh","77todYjt/jkEGWUHO3SI0BRlGpUHn9Xh","Metallic green big headed tiger beetle. Megacephala sp."
"f9031c81-b56a-4740-8dc5-535185e60b19","UKFS_007.basePlot.bet","D06","UKFS","UKFS_007","S","2015-07-14","2015-07-28","2015-09-30","2015-08-18","PlyNduRc44RUoq0pcfo96oY4tNEwdSMSyc+Chit1lVQ=","NEON.BET.D06.000045","CARSP14","Carabidae sp.","family",,"Latreille","D06.2015.MorphB","Other",,"77todYjt/jkEGWUHO3SI0BRlGpUHn9Xh","77todYjt/jkEGWUHO3SI0BRlGpUHn9Xh","Cyclotrachelus sp. Black oval pronotum. Notches on the posterolateral angles."
"ec39f0cc-4bbe-4841-a9f8-864a4a5ec39c","UKFS_007.basePlot.bet","D06","UKFS","UKFS_007","S","2015-07-14","2015-07-28","2015-09-30","2015-09-30","PlyNduRc44RUoq0pcfo96mYWhaO6MrIwf9rNKwxOU3s=","NEON.BET.D06.000043","DICFUR","Dicaelus furvus","species",,"Dejean",,"Other",,"77todYjt/jkEGWUHO3SI0BRlGpUHn9Xh","77todYjt/jkEGWUHO3SI0BRlGpUHn9Xh",
"00b6c385-a3aa-4954-b77c-402117ebdf16","UKFS_007.basePlot.bet","D06","UKFS","UKFS_007","S","2015-07-14","2015-07-28","2015-09-30","2015-08-18","PlyNduRc44RUoq0pcfo96mYWhaO6MrIwf9rNKwxOU3s=","NEON.BET.D06.000046","DICFUR","Dicaelus furvus","species",,"Dejean",,"Other",,"77todYjt/jkEGWUHO3SI0BRlGpUHn9Xh","77todYjt/jkEGWUHO3SI0BRlGpUHn9Xh",
"2549b05a-1337-42d7-ac3f-bf2f7b24ad7e","UKFS_003.basePlot.bet","D06","UKFS","UKFS_003","W","2015-07-14","2015-07-28","2015-09-30","2015-09-30","Vl3mTlloYQShkwfefQDNqQdtkTHWgZhzG3BgXK6IsTQ=","NEON.BET.D06.000551","GALATR","Galerita atripes","species",,"LeConte",,"Other",,"77todYjt/jkEGWUHO3SI0BRlGpUHn9Xh","77todYjt/jkEGWUHO3SI0BRlGpUHn9Xh",
"4e3ef981-1a0a-4ed6-9a50-8c66cba68437","UKFS_004.basePlot.bet","D06","UKFS","UKFS_004","W","2015-07-14","2015-07-28","2015-09-30","2015-09-30","luQoN84IPtEnb6sGg4J5kjDe4uHqoy0bMKxixeylwNY=","NEON.BET.D06.000552","CARSP14","Carabidae sp.","family",,"Latreille","D06.2015.MorphB","Other",,"77todYjt/jkEGWUHO3SI0BRlGpUHn9Xh","77todYjt/jkEGWUHO3SI0BRlGpUHn9Xh","Cyclotrachelus sp. Black oval pronotum. Notches on the posterolateral angles."
"40b177ad-cee1-4714-b5b7-62a1a3e7c2e4","UKFS_010.basePlot.bet","D06","UKFS","UKFS_010","W","2015-07-14","2015-07-28","2015-09-30","2015-09-30","26ylXNgyPLyzBCQxUJaQs4WaNb6F/a9nWSyhDhF1c4U=","NEON.BET.D06.000553","GALATR","Galerita atripes","species",,"LeConte",,"Other",,"77todYjt/jkEGWUHO3SI0BRlGpUHn9Xh","77todYjt/jkEGWUHO3SI0BRlGpUHn9Xh",
"57982cf7-f91b-4d92-828a-032685c8f4e2","UKFS_008.basePlot.bet","D06","UKFS","UKFS_008","W","2015-07-14","2015-07-28","2015-09-30","2015-08-12","5GU/wTV57IWBL4I7Yrasm3jtW9ApobCF8eeyf5AYG5I=","NEON.BET.D06.000035","BRAALT","Brachinus alternans","species",,"Dejean",,"Other",,"77todYjt/jkEGWUHO3SI0BRlGpUHn9Xh","77todYjt/jkEGWUHO3SI0BRlGpUHn9Xh",
"466b4d7d-25dd-496b-9295-c7ff97540f9f","UKFS_008.basePlot.bet","D06","UKFS","UKFS_008","W","2015-07-14","2015-07-28","2015-09-30","2015-08-18","5GU/wTV57IWBL4I7Yrasm9HfMNS9AUy7oj/O2Uxjb8k=","NEON.BET.D06.000041","CARSP14","Carabidae sp.","family",,"Latreille","D06.2015.MorphA","Other",,"77todYjt/jkEGWUHO3SI0BRlGpUHn9Xh","77todYjt/jkEGWUHO3SI0BRlGpUHn9Xh","Dicaelus with wavy elytra pattern. All black."
"277e712b-b74a-4b1e-8d1b-248fda073c4e","UKFS_008.basePlot.bet","D06","UKFS","UKFS_008","W","2015-07-14","2015-07-28","2015-09-30","2015-08-12","5GU/wTV57IWBL4I7Yrasm3jtW9ApobCF8eeyf5AYG5I=","NEON.BET.D06.000036","BRAALT","Brachinus alternans","species",,"Dejean",,"Other",,"77todYjt/jkEGWUHO3SI0BRlGpUHn9Xh","77todYjt/jkEGWUHO3SI0BRlGpUHn9Xh",
"10df393d-84b4-4556-8677-6e3497c0aa25","UKFS_008.basePlot.bet","D06","UKFS","UKFS_008","W","2015-07-14","2015-07-28","2015-09-30","2015-08-12","5GU/wTV57IWBL4I7Yrasm3jtW9ApobCF8eeyf5AYG5I=","NEON.BET.D06.000034","BRAALT","Brachinus alternans","species",,"Dejean",,"Other",,"77todYjt/jkEGWUHO3SI0BRlGpUHn9Xh","77todYjt/jkEGWUHO3SI0BRlGpUHn9Xh",
"7ca9b4c7-ab37-4f91-85eb-2b39287ef972","UKFS_002.basePlot.bet","D06","UKFS","UKFS_002","W","2015-07-14","2015-07-28","2015-09-30","2015-09-30","ThLXd3W7368zCKg0KTot31lS0oGUw8IRvq7DdGlcgYo=","NEON.BET.D06.000001","CARSP14","Carabidae sp.","family",,"Latreille","D06.2015.MorphA","Other",,"77todYjt/jkEGWUHO3SI0BRlGpUHn9Xh","77todYjt/jkEGWUHO3SI0BRlGpUHn9Xh","Dicaelus with wavy elytra pattern. All black."
"18159ae7-2d04-4459-832d-5cbe60fcc228","UKFS_005.basePlot.bet","D06","UKFS","UKFS_005","W","2015-07-14","2015-07-28","2015-09-30","2015-09-30","U/hiAoS2t8z2TlFIZ0xoJG7apt/oAhag2TK7Ng5SiAE=","NEON.BET.D06.000463","DICFUR","Dicaelus furvus","species",,"Dejean",,"Other",,"77todYjt/jkEGWUHO3SI0BRlGpUHn9Xh","77todYjt/jkEGWUHO3SI0BRlGpUHn9Xh",
"151bd8cb-c7f9-4cf9-8386-4607586e4d08","UKFS_006.basePlot.bet","D06","UKFS","UKFS_006","W","2015-07-14","2015-07-28","2015-09-30","2015-09-30","B2YMmw2rf0fYWbPYzxQo9vryn418iWjLirHcdvkjZ+A=","NEON.BET.D06.000477","CALEXT","Calosoma externum","species",,"Say",,"Other",,"77todYjt/jkEGWUHO3SI0BRlGpUHn9Xh","77todYjt/jkEGWUHO3SI0BRlGpUHn9Xh",
"7e0be16e-b5cb-4c5f-b47f-4b176c6d0660","UKFS_008.basePlot.bet","D06","UKFS","UKFS_008","W","2015-07-14","2015-07-28","2015-09-30","2015-09-30","5GU/wTV57IWBL4I7Yrasm3jtW9ApobCF8eeyf5AYG5I=","NEON.BET.D06.000042","BRAALT","Brachinus alternans","species",,"Dejean",,"Other",,"77todYjt/jkEGWUHO3SI0BRlGpUHn9Xh","77todYjt/jkEGWUHO3SI0BRlGpUHn9Xh",
"5acaf84a-9ffd-45fa-8005-505406aaf2f8","UKFS_002.basePlot.bet","D06","UKFS","UKFS_002","W","2015-07-14","2015-07-28","2015-09-30","2015-08-18","ThLXd3W7368zCKg0KTot31lS0oGUw8IRvq7DdGlcgYo=","NEON.BET.D06.000004","CARSP14","Carabidae sp.","family",,"Latreille","D06.2015.MorphP","Other",,"77todYjt/jkEGWUHO3SI0BRlGpUHn9Xh","77todYjt/jkEGWUHO3SI0BRlGpUHn9Xh","Small, black, cyclotrachelus-like"
"82db8487-0569-4b35-b599-0af4a389f8c3","UKFS_002.basePlot.bet","D06","UKFS","UKFS_002","W","2015-07-14","2015-07-28","2015-09-30","2015-09-30","ThLXd3W7368zCKg0KTot31lS0oGUw8IRvq7DdGlcgYo=","NEON.BET.D06.000002","CARSP14","Carabidae sp.","family",,"Latreille","D06.2015.MorphB","Other",,"77todYjt/jkEGWUHO3SI0BRlGpUHn9Xh","77todYjt/jkEGWUHO3SI0BRlGpUHn9Xh","Cyclotrachelus sp. Black oval pronotum. Notches on the posterolateral angles."
"11265576-afb5-42fc-acdd-124ea6da8a2e","UKFS_002.basePlot.bet","D06","UKFS","UKFS_002","W","2015-07-14","2015-07-28","2015-09-30","2015-08-18","ThLXd3W7368zCKg0KTot3xKZxlpWMbWc576AUA0bV5M=","NEON.BET.D06.000005","SEMPUN","Semiardistomis puncticollis","species",,"Dejean",,"Other",,"77todYjt/jkEGWUHO3SI0BRlGpUHn9Xh","77todYjt/jkEGWUHO3SI0BRlGpUHn9Xh",
"d61e41ac-7a95-4094-828c-e964b390326d","UKFS_002.basePlot.bet","D06","UKFS","UKFS_002","W","2015-07-14","2015-07-28","2015-09-30","2015-09-30","ThLXd3W7368zCKg0KTot31lS0oGUw8IRvq7DdGlcgYo=","NEON.BET.D06.000003","CARSP14","Carabidae sp.","family",,"Latreille","D06.2015.MorphB","Other",,"77todYjt/jkEGWUHO3SI0BRlGpUHn9Xh","77todYjt/jkEGWUHO3SI0BRlGpUHn9Xh","Cyclotrachelus sp. Black oval pronotum. Notches on the posterolateral angles."
"4bb7fa36-60f7-4be6-bad2-06ecc8aff790","UKFS_008.basePlot.bet","D06","UKFS","UKFS_008","W","2015-07-14","2015-07-28","2015-09-30","2015-09-30","5GU/wTV57IWBL4I7Yrasm9HfMNS9AUy7oj/O2Uxjb8k=","NEON.BET.D06.000040","CARSP14","Carabidae sp.","family",,"Latreille","D06.2015.MorphA","Other",,"77todYjt/jkEGWUHO3SI0BRlGpUHn9Xh","77todYjt/jkEGWUHO3SI0BRlGpUHn9Xh","Dicaelus with wavy elytra pattern. All black."
"f9b0a7ea-2191-43d1-b07e-577648422c72","UKFS_008.basePlot.bet","D06","UKFS","UKFS_008","W","2015-07-14","2015-07-28","2015-09-30","2015-08-18","5GU/wTV57IWBL4I7Yrasmyh84KAJk3T5RXTzEXX4Fio=","NEON.BET.D06.000039","DICPUR4","Dicaelus purpuratus","species",,"Bonelli",,"Other",,"77todYjt/jkEGWUHO3SI0BRlGpUHn9Xh","77todYjt/jkEGWUHO3SI0BRlGpUHn9Xh",
"fdb65366-8023-4293-af21-f5bdbb7e2a6c","UKFS_008.basePlot.bet","D06","UKFS","UKFS_008","W","2015-07-14","2015-07-28","2015-09-30","2015-08-12","5GU/wTV57IWBL4I7Yrasm3jtW9ApobCF8eeyf5AYG5I=","NEON.BET.D06.000037","BRAALT","Brachinus alternans","species",,"Dejean",,"Other",,"77todYjt/jkEGWUHO3SI0BRlGpUHn9Xh","77todYjt/jkEGWUHO3SI0BRlGpUHn9Xh",
"47a1826c-4ef9-41d2-a225-227361cc49d4","UKFS_008.basePlot.bet","D06","UKFS","UKFS_008","W","2015-07-14","2015-07-28","2015-09-30","2015-08-12","5GU/wTV57IWBL4I7Yrasmyh84KAJk3T5RXTzEXX4Fio=","NEON.BET.D06.000038","DICPUR4","Dicaelus purpuratus","species",,"Bonelli",,"Other",,"77todYjt/jkEGWUHO3SI0BRlGpUHn9Xh","77todYjt/jkEGWUHO3SI0BRlGpUHn9Xh",
"309d7a12-4253-4ce7-9ccb-ca5b02945e87","UKFS_007.basePlot.bet","D06","UKFS","UKFS_007","E","2015-07-14","2015-07-28","2015-09-30","2015-08-18","PlyNduRc44Qcdojg0RaG6xj9+taIYqVgLHxZSOxl0+8=","NEON.BET.D06.000049","DICPUR4","Dicaelus purpuratus","species",,"Bonelli",,"Other",,"77todYjt/jkEGWUHO3SI0BRlGpUHn9Xh","77todYjt/jkEGWUHO3SI0BRlGpUHn9Xh",
"750e04f7-caf6-4075-8cab-dde34c1220f6","UKFS_008.basePlot.bet","D06","UKFS","UKFS_008","E","2015-07-14","2015-07-28","2015-09-30","2015-08-12","5GU/wTV57IUADZuiX4ZHqaCLAMVa5/SKZ0No710Apn8=","NEON.BET.D06.000031","DICFUR","Dicaelus furvus","species",,"Dejean",,"Other",,"77todYjt/jkEGWUHO3SI0BRlGpUHn9Xh","77todYjt/jkEGWUHO3SI0BRlGpUHn9Xh",
"79026964-06d3-4e21-ace1-0f04f369235f","UKFS_002.basePlot.bet","D06","UKFS","UKFS_002","E","2015-07-14","2015-07-28","2015-09-30","2015-08-18","ThLXd3W736+v3QEZHc9CpFTAHzNqGNcrpmJGB2fnuP0=","NEON.BET.D06.000010","BRAALT","Brachinus alternans","species",,"Dejean",,"Other",,"77todYjt/jkEGWUHO3SI0BRlGpUHn9Xh","77todYjt/jkEGWUHO3SI0BRlGpUHn9Xh",
"68c70c22-62dd-44d5-b25b-8a308bb36f71","UKFS_010.basePlot.bet","D06","UKFS","UKFS_010","E","2015-07-14","2015-07-28","2015-09-30","2015-09-30","26ylXNgyPLyROz6pS2nu9cbPM1H4xSBAFCNE415lJAs=","NEON.BET.D06.000071","BRAALT","Brachinus alternans","species",,"Dejean",,"Other",,"77todYjt/jkEGWUHO3SI0BRlGpUHn9Xh","77todYjt/jkEGWUHO3SI0BRlGpUHn9Xh",
"901ae341-f65c-4cf8-b492-57d286861b28","UKFS_005.basePlot.bet","D06","UKFS","UKFS_005","E","2015-07-14","2015-07-28","2015-09-30","2015-08-18","U/hiAoS2t8wcH1I0HKSVBQTQAp+xlP4S4p2GtAqDlHE=","NEON.BET.D06.000022","CARSP14","Carabidae sp.","family",,"Latreille","D06.2015.MorphB","Other",,"77todYjt/jkEGWUHO3SI0BRlGpUHn9Xh","77todYjt/jkEGWUHO3SI0BRlGpUHn9Xh","Cyclotrachelus sp. Black oval pronotum. Notches on the posterolateral angles."
"94c3561e-420b-4e33-85a7-b0dc0dca73a3","UKFS_005.basePlot.bet","D06","UKFS","UKFS_005","E","2015-07-14","2015-07-28","2015-09-30","2015-08-18","U/hiAoS2t8wcH1I0HKSVBRoBm3rcz2FA4lV3Jvdo8C8=","NEON.BET.D06.000025","DICFUR","Dicaelus furvus","species",,"Dejean",,"Other",,"77todYjt/jkEGWUHO3SI0BRlGpUHn9Xh","77todYjt/jkEGWUHO3SI0BRlGpUHn9Xh",
"8b9d8b21-31c3-4a09-a236-440c45a6a6fd","UKFS_008.basePlot.bet","D06","UKFS","UKFS_008","E","2015-07-14","2015-07-28","2015-09-30","2015-08-12","5GU/wTV57IUADZuiX4ZHqUQuhWGR4DPWs+D3VQgNmUI=","NEON.BET.D06.000033","CARSP14","Carabidae sp.","family",,"Latreille","D06.2015.MorphH","Other",,"77todYjt/jkEGWUHO3SI0BRlGpUHn9Xh","77todYjt/jkEGWUHO3SI0BRlGpUHn9Xh","Tribe Zuphiini. Shoulder of elytra expanded and bending below body."
"902c176a-53cf-4600-8900-28e0baa22a66","UKFS_001.basePlot.bet","D06","UKFS","UKFS_001","E","2015-07-14","2015-07-28","2015-09-30","2015-09-29","W8lw52JMhqCf3upy0dCzjetv6wjfS5ujmatLfNXLMYw=","NEON.BET.D06.000082","CARSP14","Carabidae sp.","family",,"Latreille","D06.2015.MorphA","Other",,"77todYjt/jkEGWUHO3SI0BRlGpUHn9Xh","77todYjt/jkEGWUHO3SI0BRlGpUHn9Xh","Dicaelus with wavy elytra pattern. All black."
"c97fc108-8acf-44b1-92de-4aaf3d3e6fe5","UKFS_001.basePlot.bet","D06","UKFS","UKFS_001","E","2015-07-14","2015-07-28","2015-09-30","2015-09-29","W8lw52JMhqCf3upy0dCzjZTE4tl8dQCX1NNAX4MNvaQ=","NEON.BET.D06.000078","BRAALT","Brachinus alternans","species",,"Dejean",,"Other",,"77todYjt/jkEGWUHO3SI0BRlGpUHn9Xh","77todYjt/jkEGWUHO3SI0BRlGpUHn9Xh",
"ef3459a0-97fe-4c92-b1fb-0c20f7df31a9","UKFS_003.basePlot.bet","D06","UKFS","UKFS_003","E","2015-07-14","2015-07-28","2015-09-30","2015-09-30","Vl3mTlloYQT2VnzwvbmzbTYE9pXCB8Kni2yOeHeeZ4Y=","NEON.BET.D06.000109","CHLNEM","Chlaenius nemoralis","species",,"Say",,"Other",,"77todYjt/jkEGWUHO3SI0BRlGpUHn9Xh","77todYjt/jkEGWUHO3SI0BRlGpUHn9Xh",
"89ffbffd-ea00-466e-a423-31357acb5788","UKFS_001.basePlot.bet","D06","UKFS","UKFS_001","E","2015-07-14","2015-07-28","2015-09-30","2015-09-29","W8lw52JMhqCf3upy0dCzjVqtaLdWm0dkit8qkXovcTI=","NEON.BET.D06.000086","DICFUR","Dicaelus furvus","species",,"Dejean",,"Other",,"77todYjt/jkEGWUHO3SI0BRlGpUHn9Xh","77todYjt/jkEGWUHO3SI0BRlGpUHn9Xh",
"200d38dd-37ac-4206-9ff6-99e5f9f43999","UKFS_001.basePlot.bet","D06","UKFS","UKFS_001","E","2015-07-14","2015-07-28","2015-09-30","2015-09-29","W8lw52JMhqCf3upy0dCzjetv6wjfS5ujmatLfNXLMYw=","NEON.BET.D06.000083","CARSP14","Carabidae sp.","family",,"Latreille","D06.2015.MorphA","Other",,"77todYjt/jkEGWUHO3SI0BRlGpUHn9Xh","77todYjt/jkEGWUHO3SI0BRlGpUHn9Xh","Dicaelus with wavy elytra pattern. All black."
"69db3612-3184-4f2e-9430-d0161b020946","UKFS_007.basePlot.bet","D06","UKFS","UKFS_007","E","2015-07-14","2015-07-28","2015-09-30","2015-08-18","PlyNduRc44Qcdojg0RaG6zWfbUac8ywovmMJGPPUC3w=","NEON.BET.D06.000054","DICFUR","Dicaelus furvus","species",,"Dejean",,"Other",,"77todYjt/jkEGWUHO3SI0BRlGpUHn9Xh","77todYjt/jkEGWUHO3SI0BRlGpUHn9Xh",
"81dae42e-df85-4832-b81e-9c56c98a3d61","UKFS_007.basePlot.bet","D06","UKFS","UKFS_007","E","2015-07-14","2015-07-28","2015-09-30","2015-09-30","PlyNduRc44Qcdojg0RaG6/VzbkTo410nUTmOuQ0qFEE=","NEON.BET.D06.000052","CARSP14","Carabidae sp.","family",,"Latreille","D06.2015.MorphA","Other",,"77todYjt/jkEGWUHO3SI0BRlGpUHn9Xh","77todYjt/jkEGWUHO3SI0BRlGpUHn9Xh","Dicaelus with wavy elytra pattern. All black."
"25ddacc0-d3be-4329-bf5e-50a8d870c199","UKFS_007.basePlot.bet","D06","UKFS","UKFS_007","E","2015-07-14","2015-07-28","2015-09-30","2015-08-18","PlyNduRc44Qcdojg0RaG6zWfbUac8ywovmMJGPPUC3w=","NEON.BET.D06.000057","DICFUR","Dicaelus furvus","species",,"Dejean",,"Other",,"77todYjt/jkEGWUHO3SI0BRlGpUHn9Xh","77todYjt/jkEGWUHO3SI0BRlGpUHn9Xh",
"3e192d06-7d07-42c0-ad03-5afd41aaa115","UKFS_001.basePlot.bet","D06","UKFS","UKFS_001","E","2015-07-14","2015-07-28","2015-09-30","2015-09-29","W8lw52JMhqCf3upy0dCzjcw7VRW9dEfPTOf5U8HtJBk=","NEON.BET.D06.000080","DICPUR4","Dicaelus purpuratus","species",,"Bonelli",,"Other",,"77todYjt/jkEGWUHO3SI0BRlGpUHn9Xh","77todYjt/jkEGWUHO3SI0BRlGpUHn9Xh",
"fae8e738-60cd-4a9d-af1f-87ac75f7fb04","UKFS_007.basePlot.bet","D06","UKFS","UKFS_007","E","2015-07-14","2015-07-28","2015-09-30","2015-08-18","PlyNduRc44Qcdojg0RaG6/VzbkTo410nUTmOuQ0qFEE=","NEON.BET.D06.000050","CARSP14","Carabidae sp.","family",,"Latreille","D06.2015.MorphA","Other",,"77todYjt/jkEGWUHO3SI0BRlGpUHn9Xh","77todYjt/jkEGWUHO3SI0BRlGpUHn9Xh","Dicaelus with wavy elytra pattern. All black."
"c7e41012-81e3-41e2-b424-cf83d112e76a","UKFS_007.basePlot.bet","D06","UKFS","UKFS_007","E","2015-07-14","2015-07-28","2015-09-30","2015-08-18","PlyNduRc44Qcdojg0RaG6zWfbUac8ywovmMJGPPUC3w=","NEON.BET.D06.000055","DICFUR","Dicaelus furvus","species",,"Dejean",,"Other",,"77todYjt/jkEGWUHO3SI0BRlGpUHn9Xh","77todYjt/jkEGWUHO3SI0BRlGpUHn9Xh",
"fddaccc3-1fea-462b-8986-eb0c7da34b74","UKFS_007.basePlot.bet","D06","UKFS","UKFS_007","E","2015-07-14","2015-07-28","2015-09-30","2015-08-18","PlyNduRc44Qcdojg0RaG6zWfbUac8ywovmMJGPPUC3w=","NEON.BET.D06.000056","DICFUR","Dicaelus furvus","species",,"Dejean",,"Other",,"77todYjt/jkEGWUHO3SI0BRlGpUHn9Xh","77todYjt/jkEGWUHO3SI0BRlGpUHn9Xh",
"fea697bb-7f8e-4e95-99f6-5898d61a7efe","UKFS_007.basePlot.bet","D06","UKFS","UKFS_007","E","2015-07-14","2015-07-28","2015-09-30","2015-08-18","PlyNduRc44Qcdojg0RaG6/VzbkTo410nUTmOuQ0qFEE=","NEON.BET.D06.000053","CARSP14","Carabidae sp.","family",,"Latreille","D06.2015.MorphA","Other",,"77todYjt/jkEGWUHO3SI0BRlGpUHn9Xh","77todYjt/jkEGWUHO3SI0BRlGpUHn9Xh","Dicaelus with wavy elytra pattern. All black."
"c9c88ab4-1411-47bb-9b1f-161cc3680b69","UKFS_007.basePlot.bet","D06","UKFS","UKFS_007","E","2015-07-14","2015-07-28","2015-09-30","2015-09-29","PlyNduRc44Qcdojg0RaG6zaUBXJO/nGmVGLCIjaJUFY=","NEON.BET.D06.000058","BRAALT","Brachinus alternans","species",,"Dejean",,"Other",,"77todYjt/jkEGWUHO3SI0BRlGpUHn9Xh","77todYjt/jkEGWUHO3SI0BRlGpUHn9Xh",
"2237f86e-e89a-4af0-8381-9d757f42956f","UKFS_007.basePlot.bet","D06","UKFS","UKFS_007","E","2015-07-14","2015-07-28","2015-09-30","2015-08-18","PlyNduRc44Qcdojg0RaG6/VzbkTo410nUTmOuQ0qFEE=","NEON.BET.D06.000051","CARSP14","Carabidae sp.","family",,"Latreille","D06.2015.MorphA","Other",,"77todYjt/jkEGWUHO3SI0BRlGpUHn9Xh","77todYjt/jkEGWUHO3SI0BRlGpUHn9Xh","Dicaelus with wavy elytra pattern. All black."
"c8d3d335-9283-4953-a53d-5340ab4ef91c","UKFS_007.basePlot.bet","D06","UKFS","UKFS_007","E","2015-07-14","2015-07-28","2015-09-30","2015-09-30","PlyNduRc44Qcdojg0RaG6zaUBXJO/nGmVGLCIjaJUFY=","NEON.BET.D06.000059","BRAALT","Brachinus alternans","species",,"Dejean",,"Other",,"77todYjt/jkEGWUHO3SI0BRlGpUHn9Xh","77todYjt/jkEGWUHO3SI0BRlGpUHn9Xh",
"08a81788-79a9-4881-91fb-47637d24e722","UKFS_001.basePlot.bet","D06","UKFS","UKFS_001","E","2015-07-14","2015-07-28","2015-09-30","2015-09-29","W8lw52JMhqCf3upy0dCzjVqtaLdWm0dkit8qkXovcTI=","NEON.BET.D06.000079","DICFUR","Dicaelus furvus","species",,"Dejean",,"Other",,"77todYjt/jkEGWUHO3SI0BRlGpUHn9Xh","77todYjt/jkEGWUHO3SI0BRlGpUHn9Xh",
"86133dfb-a092-49fd-af32-101a683ea4f8","UKFS_001.basePlot.bet","D06","UKFS","UKFS_001","E","2015-07-14","2015-07-28","2015-09-30","2015-09-29","W8lw52JMhqCf3upy0dCzjZTE4tl8dQCX1NNAX4MNvaQ=","NEON.BET.D06.000084","BRAALT","Brachinus alternans","species",,"Dejean",,"Other",,"77todYjt/jkEGWUHO3SI0BRlGpUHn9Xh","77todYjt/jkEGWUHO3SI0BRlGpUHn9Xh",
"731710bc-f7fd-45a5-967e-0d968872b1bc","UKFS_001.basePlot.bet","D06","UKFS","UKFS_001","E","2015-07-14","2015-07-28","2015-09-30","2015-09-29","W8lw52JMhqCf3upy0dCzjVqtaLdWm0dkit8qkXovcTI=","NEON.BET.D06.000085","DICFUR","Dicaelus furvus","species",,"Dejean",,"Other",,"77todYjt/jkEGWUHO3SI0BRlGpUHn9Xh","77todYjt/jkEGWUHO3SI0BRlGpUHn9Xh",
"a4413c87-2cf5-4449-8210-9b263073c411","UKFS_001.basePlot.bet","D06","UKFS","UKFS_001","E","2015-07-14","2015-07-28","2015-09-30","2015-09-29","W8lw52JMhqCf3upy0dCzjetv6wjfS5ujmatLfNXLMYw=","NEON.BET.D06.000081","CARSP14","Carabidae sp.","family",,"Latreille","D06.2015.MorphA","Other",,"77todYjt/jkEGWUHO3SI0BRlGpUHn9Xh","77todYjt/jkEGWUHO3SI0BRlGpUHn9Xh","Dicaelus with wavy elytra pattern. All black."
"7919886f-b06e-4d32-b7c0-276d4c6ba2e3","UKFS_009.basePlot.bet","D06","UKFS","UKFS_009","E","2015-07-14","2015-07-28","2015-09-30","2015-09-30","MMz820nXMkl9BrpXOPF+VCr73D9ZLTKsyUIMlq9PrP4=","NEON.BET.D06.000142","SCASUB2","Scarites subterraneus","species",,"Fabricius",,"Other",,"77todYjt/jkEGWUHO3SI0BRlGpUHn9Xh","77todYjt/jkEGWUHO3SI0BRlGpUHn9Xh",
"cc92d316-8242-4d96-b3b0-242576510eda","UKFS_009.basePlot.bet","D06","UKFS","UKFS_009","E","2015-07-14","2015-07-28","2015-09-30","2015-09-30","MMz820nXMkl9BrpXOPF+VK5FPNglsreGODhv/83lpG0=","NEON.BET.D06.000143","CARSP14","Carabidae sp.","family",,"Latreille","D06.2015.MorphG","Other",,"77todYjt/jkEGWUHO3SI0BRlGpUHn9Xh","77todYjt/jkEGWUHO3SI0BRlGpUHn9Xh","Metallic green big headed tiger beetle. Megacephala sp."
"2add2c9b-0aa0-4e9d-8022-f2807e970fe7","UKFS_003.basePlot.bet","D06","UKFS","UKFS_003","E","2015-07-14","2015-07-28","2015-09-30","2015-09-30","Vl3mTlloYQT2VnzwvbmzbXfUFYLNe3BrbpupV/4JSQA=","NEON.BET.D06.000108","BRAALT","Brachinus alternans","species",,"Dejean",,"Other",,"77todYjt/jkEGWUHO3SI0BRlGpUHn9Xh","77todYjt/jkEGWUHO3SI0BRlGpUHn9Xh",
"fbe49b0d-010c-4198-ab18-087502c9e4cd","UKFS_004.basePlot.bet","D06","UKFS","UKFS_004","E","2015-07-14","2015-07-28","2015-09-30","2015-09-30","luQoN84IPtGyMW6k1P1bZY9fnOU+xX2759WHnzsK/ls=","NEON.BET.D06.000121","CARSP14","Carabidae sp.","family",,"Latreille","D06.2015.MorphA","Other",,"77todYjt/jkEGWUHO3SI0BRlGpUHn9Xh","77todYjt/jkEGWUHO3SI0BRlGpUHn9Xh","Dicaelus with wavy elytra pattern. All black.| Carabids were pooled by plot prior to identification. Unable to determine trap of origin."
"f6293933-8861-403c-9f85-d9565762b97b","UKFS_004.basePlot.bet","D06","UKFS","UKFS_004","E","2015-07-14","2015-07-28","2015-09-30","2015-09-30","luQoN84IPtGyMW6k1P1bZQ7j/4aLdAzxohE9NOL0wng=","NEON.BET.D06.000124","BRAALT","Brachinus alternans","species",,"Dejean",,"Other",,"77todYjt/jkEGWUHO3SI0BRlGpUHn9Xh","77todYjt/jkEGWUHO3SI0BRlGpUHn9Xh",
"e6bff460-465d-4b4a-9dc6-40b2f22322a2","UKFS_004.basePlot.bet","D06","UKFS","UKFS_004","E","2015-07-14","2015-07-28","2015-09-30","2015-09-30","luQoN84IPtGyMW6k1P1bZY9fnOU+xX2759WHnzsK/ls=","NEON.BET.D06.000123","CARSP14","Carabidae sp.","family",,"Latreille","D06.2015.MorphC","Other",,"77todYjt/jkEGWUHO3SI0BRlGpUHn9Xh","77todYjt/jkEGWUHO3SI0BRlGpUHn9Xh","Lime green and bronze, metallic, medium size."
"f49040ba-4091-4716-a544-f6f404a64909","UKFS_002.basePlot.bet","D06","UKFS","UKFS_002","E","2015-07-14","2015-07-28","2015-09-30","2015-09-30","ThLXd3W736+v3QEZHc9CpHAcPsLxR0BCDMX6lYrrZxw=","NEON.BET.D06.000013","CARSP14","Carabidae sp.","family",,"Latreille","D06.2015.MorphB","Other",,"77todYjt/jkEGWUHO3SI0BRlGpUHn9Xh","77todYjt/jkEGWUHO3SI0BRlGpUHn9Xh","Cyclotrachelus sp. Black oval pronotum. Notches on the posterolateral angles."
"4006c600-7e93-408d-b458-184ec2bc4bc0","UKFS_004.basePlot.bet","D06","UKFS","UKFS_004","E","2015-07-14","2015-07-28","2015-09-30","2015-09-30","luQoN84IPtGyMW6k1P1bZQ7j/4aLdAzxohE9NOL0wng=","NEON.BET.D06.000122","BRAALT","Brachinus alternans","species",,"Dejean",,"Other",,"77todYjt/jkEGWUHO3SI0BRlGpUHn9Xh","77todYjt/jkEGWUHO3SI0BRlGpUHn9Xh",
"bf3e627d-6164-452e-b169-5a4912550a07","UKFS_002.basePlot.bet","D06","UKFS","UKFS_002","E","2015-07-14","2015-07-28","2015-09-30","2015-08-12","ThLXd3W736+v3QEZHc9CpHAcPsLxR0BCDMX6lYrrZxw=","NEON.BET.D06.000012","CARSP14","Carabidae sp.","family",,"Latreille","D06.2015.MorphA","Other",,"77todYjt/jkEGWUHO3SI0BRlGpUHn9Xh","77todYjt/jkEGWUHO3SI0BRlGpUHn9Xh","Dicaelus with wavy elytra pattern. All black."
"dcf91b37-4061-485c-85a0-3284858ffe1a","UKFS_002.basePlot.bet","D06","UKFS","UKFS_002","E","2015-07-14","2015-07-28","2015-09-30","2015-09-30","ThLXd3W736+v3QEZHc9CpFTAHzNqGNcrpmJGB2fnuP0=","NEON.BET.D06.000011","BRAALT","Brachinus alternans","species",,"Dejean",,"Other",,"77todYjt/jkEGWUHO3SI0BRlGpUHn9Xh","77todYjt/jkEGWUHO3SI0BRlGpUHn9Xh",
"88962a01-726a-45b7-a17a-5477072da544","UKFS_010.basePlot.bet","D06","UKFS","UKFS_010","E","2015-07-14","2015-07-28","2015-09-30","2015-09-30","26ylXNgyPLyROz6pS2nu9YkplzChz0uEgh8jyv1+UoI=","NEON.BET.D06.000070","DICFUR","Dicaelus furvus","species",,"Dejean",,"Other",,"77todYjt/jkEGWUHO3SI0BRlGpUHn9Xh","77todYjt/jkEGWUHO3SI0BRlGpUHn9Xh",
"46da0fed-e70e-4bea-b324-2db77ae92a2d","UKFS_002.basePlot.bet","D06","UKFS","UKFS_002","E","2015-07-14","2015-07-28","2015-09-30","2015-08-12","ThLXd3W736+v3QEZHc9CpHAcPsLxR0BCDMX6lYrrZxw=","NEON.BET.D06.000014","CARSP14","Carabidae sp.","family",,"Latreille","D06.2015.MorphA","Other",,"77todYjt/jkEGWUHO3SI0BRlGpUHn9Xh","77todYjt/jkEGWUHO3SI0BRlGpUHn9Xh","Dicaelus with wavy elytra pattern. All black."
"0447c689-7e46-473c-9ba0-b24162a59e2e","UKFS_010.basePlot.bet","D06","UKFS","UKFS_010","E","2015-07-14","2015-07-28","2015-09-30","2015-09-30","26ylXNgyPLyROz6pS2nu9bLCD5yUsk9XfXfjsPwJGjs=","NEON.BET.D06.000072","DICPUR4","Dicaelus purpuratus","species",,"Bonelli",,"Other",,"77todYjt/jkEGWUHO3SI0BRlGpUHn9Xh","77todYjt/jkEGWUHO3SI0BRlGpUHn9Xh",
"7b1fc260-6b30-4ba3-bef6-2915e7d1d258","UKFS_006.basePlot.bet","D06","UKFS","UKFS_006","E","2015-07-14","2015-07-28","2015-09-30","2015-09-30","B2YMmw2rf0dJ+PFjWSEvBeKZ1Gw1nsF2QTyRfWGzLbk=","NEON.BET.D06.000127","DICPUR4","Dicaelus purpuratus","species",,"Bonelli",,"Other",,"77todYjt/jkEGWUHO3SI0BRlGpUHn9Xh","77todYjt/jkEGWUHO3SI0BRlGpUHn9Xh",
"385e9ae9-e020-4a1f-aee0-a32b976d8506","UKFS_006.basePlot.bet","D06","UKFS","UKFS_006","E","2015-07-14","2015-07-28","2015-09-30","2015-09-30","B2YMmw2rf0dJ+PFjWSEvBbmEwuBPaJbP4wNFhxacfYk=","NEON.BET.D06.000128","BRAALT","Brachinus alternans","species",,"Dejean",,"Other",,"77todYjt/jkEGWUHO3SI0BRlGpUHn9Xh","77todYjt/jkEGWUHO3SI0BRlGpUHn9Xh",
"b75f245e-4d3d-4291-b00a-0e5df91ebeaf","UKFS_005.basePlot.bet","D06","UKFS","UKFS_005","E","2015-07-14","2015-07-28","2015-09-30","2015-08-18","U/hiAoS2t8wcH1I0HKSVBQTQAp+xlP4S4p2GtAqDlHE=","NEON.BET.D06.000024","CARSP14","Carabidae sp.","family",,"Latreille","D06.2015.MorphA","Other",,"77todYjt/jkEGWUHO3SI0BRlGpUHn9Xh","77todYjt/jkEGWUHO3SI0BRlGpUHn9Xh","Dicaelus with wavy elytra pattern. All black."
"d7df4d41-0b83-42c2-89b1-94de4b47ed07","UKFS_005.basePlot.bet","D06","UKFS","UKFS_005","E","2015-07-14","2015-07-28","2015-09-30","2015-08-18","U/hiAoS2t8wcH1I0HKSVBQTQAp+xlP4S4p2GtAqDlHE=","NEON.BET.D06.000023","CARSP14","Carabidae sp.","family",,"Latreille","D06.2015.MorphA","Other",,"77todYjt/jkEGWUHO3SI0BRlGpUHn9Xh","77todYjt/jkEGWUHO3SI0BRlGpUHn9Xh","Dicaelus with wavy elytra pattern. All black."
"a3557e5f-4a65-46f7-8967-3771b7b2e90c","UKFS_005.basePlot.bet","D06","UKFS","UKFS_005","E","2015-07-14","2015-07-28","2015-09-30","2015-08-18","U/hiAoS2t8wcH1I0HKSVBRoBm3rcz2FA4lV3Jvdo8C8=","NEON.BET.D06.000026","DICFUR","Dicaelus furvus","species",,"Dejean",,"Other",,"77todYjt/jkEGWUHO3SI0BRlGpUHn9Xh","77todYjt/jkEGWUHO3SI0BRlGpUHn9Xh",
"476ba160-247d-4854-852f-911fdeec6bbb","UKFS_008.basePlot.bet","D06","UKFS","UKFS_008","E","2015-07-14","2015-07-28","2015-09-30","2015-09-30","5GU/wTV57IUADZuiX4ZHqUQuhWGR4DPWs+D3VQgNmUI=","NEON.BET.D06.000032","CARSP14","Carabidae sp.","family",,"Latreille","D06.2015.MorphA","Other",,"77todYjt/jkEGWUHO3SI0BRlGpUHn9Xh","77todYjt/jkEGWUHO3SI0BRlGpUHn9Xh","Dicaelus with wavy elytra pattern. All black."
"688e055e-1c6b-43ca-8d42-4dfb2b26a83a","UKFS_001.basePlot.bet","D06","UKFS","UKFS_001","N","2015-07-14","2015-07-28","2015-09-30","2015-09-30","W8lw52JMhqCv0mgp+Tx3Ka0gNs7WWCKAt02Xb7N1ikw=","NEON.BET.D06.000544","CARSP14","Carabidae sp.","family",,"Latreille","D06.2015.MorphB","Other",,"77todYjt/jkEGWUHO3SI0BRlGpUHn9Xh","77todYjt/jkEGWUHO3SI0BRlGpUHn9Xh","Cyclotrachelus sp. Black oval pronotum. Notches on the posterolateral angles."
"0d09f5a2-64d6-4bde-a0f2-de6450bb2ad6","UKFS_002.basePlot.bet","D06","UKFS","UKFS_002","N","2015-07-14","2015-07-28","2015-09-30","2015-09-30","ThLXd3W7368x81PZ9eOjJXIqWxBDWnBd7p0cA6nrAhs=","NEON.BET.D06.000007","CARSP14","Carabidae sp.","family",,"Latreille","D06.2015.MorphK","Other",,"77todYjt/jkEGWUHO3SI0BRlGpUHn9Xh","77todYjt/jkEGWUHO3SI0BRlGpUHn9Xh","Dark brown overall, light brown edge of pronotum. Pronotum basally punctate. Harpalus sp."
"07591dc4-0e29-449f-9409-ad94a492e23e","UKFS_008.basePlot.bet","D06","UKFS","UKFS_008","N","2015-07-14","2015-07-28","2015-09-30","2015-09-30","5GU/wTV57IXAqJ6T3+RdvSNAXBcCwsqKLVw7gxYEAK4=","NEON.BET.D06.000061","DICPUR1","Dicaelus purpuratus purpuratus","subspecies",,"Bonelli",,"Other",,"77todYjt/jkEGWUHO3SI0BRlGpUHn9Xh","77todYjt/jkEGWUHO3SI0BRlGpUHn9Xh",
"536ea0cc-91e0-4cf8-87a0-fd5c29062edb","UKFS_008.basePlot.bet","D06","UKFS","UKFS_008","N","2015-07-14","2015-07-28","2015-09-30","2015-09-30","5GU/wTV57IXAqJ6T3+RdvSNAXBcCwsqKLVw7gxYEAK4=","NEON.BET.D06.000060","DICPUR4","Dicaelus purpuratus","species",,"Bonelli",,"Other",,"77todYjt/jkEGWUHO3SI0BRlGpUHn9Xh","77todYjt/jkEGWUHO3SI0BRlGpUHn9Xh",
"8e8ff1a6-6c7a-474a-a9fb-b1db5480785d","UKFS_008.basePlot.bet","D06","UKFS","UKFS_008","N","2015-07-14","2015-07-28","2015-09-30","2015-09-30","5GU/wTV57IXAqJ6T3+RdvdsGnL7U42iwat3rrjSdYnw=","NEON.BET.D06.000062","CARSP14","Carabidae sp.","family",,"Latreille","D06.2015.MorphA","Other",,"77todYjt/jkEGWUHO3SI0BRlGpUHn9Xh","77todYjt/jkEGWUHO3SI0BRlGpUHn9Xh","Dicaelus with wavy elytra pattern. All black."
"06783076-2d6a-4792-931e-a3d2c788ac44","UKFS_006.basePlot.bet","D06","UKFS","UKFS_006","N","2015-07-14","2015-07-28","2015-09-30","2015-09-30","B2YMmw2rf0fo8U6L7B9sNDVhdX5VbEFfUUuxFBZdUtE=","NEON.BET.D06.000107","BRAALT","Brachinus alternans","species",,"Dejean",,"Other",,"77todYjt/jkEGWUHO3SI0BRlGpUHn9Xh","77todYjt/jkEGWUHO3SI0BRlGpUHn9Xh",
"49d35aac-7c43-4294-b1d0-0fa99edb4876","UKFS_010.basePlot.bet","D06","UKFS","UKFS_010","N","2015-07-14","2015-07-28","2015-09-30","2015-09-30","26ylXNgyPLzDn0LVl9IGVCWj095saOF7Qguf23S39I8=","NEON.BET.D06.000073","DICFUR","Dicaelus furvus","species",,"Dejean",,"Other",,"77todYjt/jkEGWUHO3SI0BRlGpUHn9Xh","77todYjt/jkEGWUHO3SI0BRlGpUHn9Xh",
"20d3422b-7fde-4551-85ad-5d3c1fc445d5","UKFS_006.basePlot.bet","D06","UKFS","UKFS_006","N","2015-07-14","2015-07-28","2015-09-30","2015-09-30","B2YMmw2rf0fo8U6L7B9sNDuxf15U04LJ+yd2lH6lILw=","NEON.BET.D06.000106","CARSP14","Carabidae sp.","family",,"Latreille","D06.2015.MorphB","Other",,"77todYjt/jkEGWUHO3SI0BRlGpUHn9Xh","77todYjt/jkEGWUHO3SI0BRlGpUHn9Xh","Cyclotrachelus sp. Black oval pronotum. Notches on the posterolateral angles."
"dea31b34-9da6-4942-b37c-e66cc27675f2","UKFS_008.basePlot.bet","D06","UKFS","UKFS_008","N","2015-07-14","2015-07-28","2015-09-30","2015-09-30","5GU/wTV57IXAqJ6T3+RdvdsGnL7U42iwat3rrjSdYnw=","NEON.BET.D06.000064","CARSP14","Carabidae sp.","family",,"Latreille","D06.2015.MorphA","Other",,"77todYjt/jkEGWUHO3SI0BRlGpUHn9Xh","77todYjt/jkEGWUHO3SI0BRlGpUHn9Xh","Dicaelus with wavy elytra pattern. All black."
"0f0af49c-6bd7-4841-b346-ee91f74a450c","UKFS_007.basePlot.bet","D06","UKFS","UKFS_007","N","2015-07-14","2015-07-28","2015-09-30","2015-09-30","PlyNduRc44SsZadZ+D6NMDqLFy4D0C0wLqoajV88ybA=","NEON.BET.D06.000110","DICFUR","Dicaelus furvus","species",,"Dejean",,"Other",,"77todYjt/jkEGWUHO3SI0BRlGpUHn9Xh","77todYjt/jkEGWUHO3SI0BRlGpUHn9Xh",
"3c320db0-f90f-4e4c-aede-c935d828a37b","UKFS_007.basePlot.bet","D06","UKFS","UKFS_007","N","2015-07-14","2015-07-28","2015-09-30","2015-09-30","PlyNduRc44SsZadZ+D6NMDqLFy4D0C0wLqoajV88ybA=","NEON.BET.D06.000111","DICFUR","Dicaelus furvus","species",,"Dejean",,"Other",,"77todYjt/jkEGWUHO3SI0BRlGpUHn9Xh","77todYjt/jkEGWUHO3SI0BRlGpUHn9Xh",
"7a869bc6-221f-48a3-a6a2-a4a3c6cdcf07","UKFS_010.basePlot.bet","D06","UKFS","UKFS_010","N","2015-07-14","2015-07-28","2015-09-30","2015-09-30","26ylXNgyPLzDn0LVl9IGVJzUKbklkl8jeaDn0/+H+RY=","NEON.BET.D06.000076","BRAALT","Brachinus alternans","species",,"Dejean",,"Other",,"77todYjt/jkEGWUHO3SI0BRlGpUHn9Xh","77todYjt/jkEGWUHO3SI0BRlGpUHn9Xh",
"60ca1795-b29c-4d41-848e-3009ef5ba414","UKFS_006.basePlot.bet","D06","UKFS","UKFS_006","N","2015-07-14","2015-07-28","2015-09-30","2015-09-30","B2YMmw2rf0fo8U6L7B9sNDuxf15U04LJ+yd2lH6lILw=","NEON.BET.D06.000104","CARSP14","Carabidae sp.","family",,"Latreille","D06.2015.MorphA","Other",,"77todYjt/jkEGWUHO3SI0BRlGpUHn9Xh","77todYjt/jkEGWUHO3SI0BRlGpUHn9Xh","Dicaelus with wavy elytra pattern. All black."
"5bc99f87-6528-4529-a733-1fd848febd00","UKFS_006.basePlot.bet","D06","UKFS","UKFS_006","N","2015-07-14","2015-07-28","2015-09-30","2015-09-30","B2YMmw2rf0fo8U6L7B9sNDVhdX5VbEFfUUuxFBZdUtE=","NEON.BET.D06.000105","BRAALT","Brachinus alternans","species",,"Dejean",,"Other",,"77todYjt/jkEGWUHO3SI0BRlGpUHn9Xh","77todYjt/jkEGWUHO3SI0BRlGpUHn9Xh",
"b0f9de3a-c03e-4177-a840-c11e627cf4c6","UKFS_008.basePlot.bet","D06","UKFS","UKFS_008","N","2015-07-14","2015-07-28","2015-09-30","2015-09-30","5GU/wTV57IXAqJ6T3+RdvdsGnL7U42iwat3rrjSdYnw=","NEON.BET.D06.000063","CARSP14","Carabidae sp.","family",,"Latreille","D06.2015.MorphA","Other",,"77todYjt/jkEGWUHO3SI0BRlGpUHn9Xh","77todYjt/jkEGWUHO3SI0BRlGpUHn9Xh","Dicaelus with wavy elytra pattern. All black."
"64753d34-a9cb-47f8-94bf-cee60bee6750","UKFS_008.basePlot.bet","D06","UKFS","UKFS_008","N","2015-07-14","2015-07-28","2015-09-30","2015-09-30","5GU/wTV57IXAqJ6T3+RdvWYwBF9r/i+6QT404w+vaQU=","NEON.BET.D06.000065","BRAALT","Brachinus alternans","species",,"Dejean",,"Other",,"77todYjt/jkEGWUHO3SI0BRlGpUHn9Xh","77todYjt/jkEGWUHO3SI0BRlGpUHn9Xh",
"9fdfa6ce-a94b-4dfb-87f6-ac74ecf3baa5","UKFS_002.basePlot.bet","D06","UKFS","UKFS_002","N","2015-07-14","2015-07-28","2015-09-30","2015-08-18","ThLXd3W7368x81PZ9eOjJcsDnm+gl3iEjZSBuCuhRg0=","NEON.BET.D06.000006","PASELO","Pasimachus elongatus","species",,"LeConte",,"Other",,"77todYjt/jkEGWUHO3SI0BRlGpUHn9Xh","77todYjt/jkEGWUHO3SI0BRlGpUHn9Xh",
"ce0a83d5-a275-4c35-985e-5c19fbab5ccc","UKFS_010.basePlot.bet","D06","UKFS","UKFS_010","N","2015-07-14","2015-07-28","2015-09-30","2015-09-30","26ylXNgyPLzDn0LVl9IGVCB1QrvAqLwkgntmgQ53nbM=","NEON.BET.D06.000074","CARSP14","Carabidae sp.","family",,"Latreille","D06.2015.MorphI","Other",,"77todYjt/jkEGWUHO3SI0BRlGpUHn9Xh","77todYjt/jkEGWUHO3SI0BRlGpUHn9Xh","Dark purple with short golden hair. Chlaenius"
