uid,namedLocation,domainID,siteID,plotID,setDate,collectDate,processingDate,subsampleIDList,archiveVialID,scientificName,recordedBy,remarks
"d6ebc1eb-ef99-4ca2-a10f-fd047125896c","UNDE_001.basePlot.bet","D05","UNDE","UNDE_001","2016-06-21","2016-07-05","2016-09-15","kh3xmoTmJnDPpAuVfyK1mfWFzS6YIgl2pGmevDnjTAG1UwH4xaXOmi4IApJt1xIiS0TNtue22qBojFzafZoil5QjZUBck7T33bgp6T9a512Wz0rxP2akyGIlFKod8A0EAjluNj5Nmb8=","kh3xmoTmJnCBJO6Et7lbFtebSOAiRVtq",,,
"4a9801c0-76dd-4697-9c73-2f4652bf9358","UNDE_002.basePlot.bet","D05","UNDE","UNDE_002","2016-06-21","2016-07-05","2016-09-12","JrVNSI+TG1IeN3BEYBHLYnrxk1+ud+36U/qWhDeB/Xd81ahPRuBpQHAHWWM9VKwUAZsX/5w0GZNtkDbuApaswwhsbZhKSRXb37GbfxBCzIz3nQZURjkTwS6Kwg/jGjytvw7A8ireIeI=","JrVNSI+TG1L0r+IHYM9dtVU2gv9J4r0F",,,
"cedb966d-ff68-493e-95fd-c53a2f675d99","UNDE_006.basePlot.bet","D05","UNDE","UNDE_006","2016-06-21","2016-07-05","2016-09-14","izIYmtFoQUiCTcH3yIF0sv7hg/21Q315FH7G5J5E20MDfgLy1PkVSggrUorXC1XGloiu8Q/YVBQ=","izIYmtFoQUgEMzRxcJ7+YjsEhameVVhn",,,
"45318dd7-bf3e-4c02-a00c-918682b81a60","UNDE_006.basePlot.bet","D05","UNDE","UNDE_006","2016-06-21","2016-07-05","2016-09-14","izIYmtFoQUjm5xWONJT2fH2P1vo+G1nUvfW8Q5k/COuvBxc2pnF1woaJiws/+6jg6nV+HCfWRmU=","izIYmtFoQUgEMzRxcJ7+YnpNuX45eJeh",,,
"8b012c1f-1938-4ba9-935f-e6456e248e04","UNDE_007.basePlot.bet","D05","UNDE","UNDE_007","2016-06-21","2016-07-05","2016-09-14","sj+sxzQpSGCXcVDms9T2Jbt5Wx29smCHfQibDzD3VX8cvIsEOJNRHbUvSqGpaQE4W83zrqRSlj/lxi26q10cD3jE/6woUiUpxsJVJTOBUh0CDKC/8cVEbsguOyQPFsvmgbITGeXIKA4=","sj+sxzQpSGD871vhNL5zMEpxdIdDVUJ6",,,
"9bcfd3c0-17bd-4394-aed9-d94cb84ad97e","UNDE_010.basePlot.bet","D05","UNDE","UNDE_010","2016-06-21","2016-07-05","2016-09-12","hQDJ3TYDfoyHbOUrKn+1FEt9HExDFs+7zodmFPjPndOEIoHizrOSU3L6LDw7RU8EYRyoL5W5CRjOBeQmB+qfyFnr9FjY3tJei82oNe+pRPNBKwWoxBxuA9uownve1NwV9hlRhXpHd5Y=","hQDJ3TYDfoweMn28YOxJ73nQ54p9g+KE",,,
"69586548-fc87-4a6e-b09c-2c01597973b7","UNDE_008.basePlot.bet","D05","UNDE","UNDE_008","2016-06-21","2016-07-05","2016-09-09","MjA7sUqH2CbmYf6QFHRL2dylQcd1kTnoQLRFH0eFyoBWj0Jfa/1NxvBEqVFpvpODSH/cFgE5VVg=","MjA7sUqH2CaY0D/Nj+90/NoCEscUGYnf",,,
"13851049-ac2c-4ef4-bbdb-3193161a1a67","UNDE_011.basePlot.bet","D05","UNDE","UNDE_011","2016-06-21","2016-07-05","2016-09-15","0Ya1AWR2lPj/nJ991iwUKTkTZsovrW96n/4KPA35A+3vW5nImmNOvU4En4c74x8KPg7r4j7To6HDOhShvNt5t90lNQB0E+NZVdYjLlkObGYgaAbuvIIUOpBNe0bZVrTXQFNE5eLmbRg=","0Ya1AWR2lPjPZW3CJDdKfAkq0LjDBIit",,,
"859a2b27-b2c3-442e-aeec-d87454787d5b","UNDE_008.basePlot.bet","D05","UNDE","UNDE_008","2016-06-21","2016-07-05","2016-09-09","MjA7sUqH2CY14aQaMj58t4hd85BxHMqO/QODOqtpAn5ZJkHnnl+knECizPifKa1tzVks+wIKPX0=","MjA7sUqH2CaY0D/Nj+90/NS6jXFNsQrd",,,
"8391473e-281f-408c-91b9-19c26d3051d0","UNDE_012.basePlot.bet","D05","UNDE","UNDE_012","2016-06-21","2016-07-05","2016-09-14","+v0vuVmyR4A7IVdJUh0wVig5RIhsGLw/ikHtQz1NwysAHUx2OGkKGa51IRQRVaJ01cb1BWLPsIAylfSdSOxQ+qGmfOuoSASkQRUD2RfcK0GO+b5cGwoVIBHyxeimlSxxk76J6aha51A=","+v0vuVmyR4AI97mIKO5ISCjw4XGrSSZr",,,
"a71dad00-64c8-4694-a41c-f284dfcb2923","UNDE_017.basePlot.bet","D05","UNDE","UNDE_017","2016-06-21","2016-07-05","2016-09-15","xHY1KmNCr235Tqna/2wJ3g+1wfez+BDS6b/KhIwUjDxpqGuODxC5EH4IMPUloWVqomxHX5qe8ZjUy2FWk7y+EKqrny8U9AixlVrCmcLijhh2Q4EoKRlqXsNQUnVXS29R5/6IGeXN81Y=","xHY1KmNCr22ton7Xq9sGI1Ee/TiKQeQX",,,
"158f9ec8-e1a1-4508-b4f4-f190409fef5b","UNDE_017.basePlot.bet","D05","UNDE","UNDE_017","2016-06-21","2016-07-05","2017-01-30","xHY1KmNCr20KxSmSRbWmYIlF9GkduYleo58RWpHHfZYFtg25N11kkgtQMAqqY93GyYy+6RUa0bGvks/VDsYFDA==","xHY1KmNCr22ton7Xq9sGI3oGlithSVUzlliwjNkCbL4=","Carabus nemoralis nemoralis","Syw2LXB/pj+fmGCuwdgBGVryVUmYhw3g",
"f24336b0-1907-457f-93ff-9604f03eedb5","UNDE_008.basePlot.bet","D05","UNDE","UNDE_008","2016-06-21","2016-07-05","2017-01-30","MjA7sUqH2CYY1p/KJCam3eTIddy0bfE/2JM8XnmRiVkMQUo411ivcRa1oWqczT5y4OWEEw/N2bp3r+W5WDpVVQ==","MjA7sUqH2CaY0D/Nj+90/J0WGH+Qx3RtybnVaV95bx4=","Pterostichus melanarius melanarius","Syw2LXB/pj+fmGCuwdgBGVryVUmYhw3g",
"b5eaebd7-b2a3-42bf-be7c-18c8b6af8b62","UNDE_012.basePlot.bet","D05","UNDE","UNDE_012","2016-06-21","2016-07-05","2016-09-14","+v0vuVmyR4Alq+u8WTQvGFzhZwqTtWCEySI1rQWKVirZk8kfhdkFKLNvm8zyhKMxzvJbCIPzEQLSW0f90fVfHO4o8TnO77151OKSOCa7F3G006qx9YZWYkXJR+paLGdB","+v0vuVmyR4AI97mIKO5ISDzkJDElQkFjqyX/yr3ZUN4=","Anaxyrus americanus americanus","sLXn7wTHXoRJL4fX6U0RGoB8I5uaqWlh","BUFAME2 synonym of ANAAME the species used generally in D05"
"626d66a3-bee4-483e-9b1f-7998515b10f1","UNDE_003.basePlot.bet","D05","UNDE","UNDE_003","2016-06-21","2016-07-05","2016-09-15","UKgrtiGQYSBruSGOqRGpCe5D/u8Vg5nFrOgmuhvbMEEpygubOOwrI9DOVcUBMIr333SXYiu4DsqF1UBr/SYXQzzH1ep8KFoqhFFgSVD5yUMAVmSEZY+DOHJJl7/syzHBbSr+Ws6mYfQ=","UKgrtiGQYSDY8Q9olxkAcilVeKR3rXX5",,,
"d8338904-477b-465b-9356-26b325bd51a9","UNDE_001.basePlot.bet","D05","UNDE","UNDE_001","2016-07-05","2016-07-19","2016-09-19","kh3xmoTmJnCIRPsSnD80VALZKBnT5XpckUR3UB0jFloEBkznr5+zizvu4hgpC22tynnBUlDoxCMpWjbGMJrmXhaQOLXkWo9FP7LpDFmiOttUHapcw8ZklXOetQFacRyaxBXC7O6j0KU=","kh3xmoTmJnDvtvJ3+IOkBykj2zzSg3tD",,,
"8035a154-9f60-45a9-9a44-dc93e4e3a6f0","UNDE_003.basePlot.bet","D05","UNDE","UNDE_003","2016-07-05","2016-07-19","2016-09-16","UKgrtiGQYSAnVKEbPmCHffM5ekw5Y1ok0zQ2U34rha4jTlY3710AlfBabPksmpcJoqH7iwSOlPdX4aunik7fsA1QRBgYm30Kp9Y0vZMu8lEpV04kI/6Ykw7u6TTMf/twToQTUx3RtJ8=","UKgrtiGQYSDLI64BLKLQjRTB19ialvTj",,,
"e996597f-5c1a-41ca-8dbf-0351a95798ae","UNDE_002.basePlot.bet","D05","UNDE","UNDE_002","2016-07-05","2016-07-19","2016-09-16","JrVNSI+TG1IeN3BEYBHLYv92eVURbmc3v32Qf01UIPTNuFTpzCvdkNIt9GJ2ZyuxP8mRTDecPlhD6CW+4WKiatVp6kAJkiO+P4Rl4cnjVijYUX8gfN30vLpUJ26RtffmuCFAvwFJVr8=","JrVNSI+TG1KDePVnR8YdAMklT4EQVIc4",,,
"ca69a0a9-29e5-418e-aab1-8af3d79fcfe0","UNDE_006.basePlot.bet","D05","UNDE","UNDE_006","2016-07-05","2016-07-19","2016-09-16","izIYmtFoQUjm5xWONJT2fDueOxRqnSYwRAwYh8qFtsVbLUvdq81S3WjiYWHVO9UJPklTP/kejn0=","izIYmtFoQUgVcJEZVkWAOU2LzMqgqDps",,,
"ad9e4b01-0960-4243-9be9-c315e6781688","UNDE_006.basePlot.bet","D05","UNDE","UNDE_006","2016-07-05","2016-07-19","2016-09-16","izIYmtFoQUhZ/bSUkGXdxXrAza5Az9pjHA+eOX+xiw7eQP5jP939h3efNta5sCdf5N56P7qYh08=","izIYmtFoQUgVcJEZVkWAOTobrIHZgeXN",,,
"1b7c20f3-4b07-4593-b5dc-164750cb2edc","UNDE_007.basePlot.bet","D05","UNDE","UNDE_007","2016-07-05","2016-07-19","2016-09-16","sj+sxzQpSGAc2bXTAptC1yqC+tm3QPEgIunjmehx+bcjYcUR+fpC9GPsaaMDhLcz8+a+9OEX6JNsHUTahQe8G81WunSBamyca+qssu2TPNibylwUJ35EPjoIYecIhp6nkeqvapfhtjg=","sj+sxzQpSGDl1srpN94Lsobnvhkoy98Q",,,
"b2f21e11-5bfb-45fb-a0f6-07742603cf13","UNDE_011.basePlot.bet","D05","UNDE","UNDE_011","2016-07-05","2016-07-19","2016-09-16","0Ya1AWR2lPjR7lB8ZOXzE8mJF3w7K+ReeTkN0rVhHYNmI35vxNMwYG44NAW81JC1qo5lVV54oMoe0FZ5yUTQ3OgFh94C3mNIiqC28pzLQWjwPM2RBLhFJk5k5rOFxGp8DnQd5BSdass=","0Ya1AWR2lPgyYNDRQjqJYSCEEaZnKnad",,,
"8d66c744-391b-43b5-af3d-34f90d3dd1c8","UNDE_010.basePlot.bet","D05","UNDE","UNDE_010","2016-07-05","2016-07-19","2016-09-16","hQDJ3TYDfoyHbOUrKn+1FAMbgy5XbdlAgMoC/7RL6wyzzJv3FA9uNcjK2Z7ydhvmU0TyBSeHKZmm26jfl0tO18l7HplLuhv9DLayF5cxdVk=","hQDJ3TYDfow4C0akDSRqGywnx0wlsvn5",,,
"fddd8bc5-ead5-4bd5-b092-5f3478c9170c","UNDE_012.basePlot.bet","D05","UNDE","UNDE_012","2016-07-05","2016-07-19","2016-09-14","+v0vuVmyR4Alq+u8WTQvGH2feVD0VsjsbtNdCubkV8jP9s+bhiYKpY6X97V+6T+T2I5E87KTMntEGROsCtjDymDVWHwLD8BfC6PQJhZVzTGYO2YSxhrwW97dCIoOdvkM1VoFOVN4fDQ=","+v0vuVmyR4D/wOiiQTjozTBHQI03bkJW",,,
"74e647b6-e291-45ca-ad2d-89c20b02d017","UNDE_017.basePlot.bet","D05","UNDE","UNDE_017","2016-07-05","2016-07-19","2016-09-16","xHY1KmNCr23xveNMnf3ceZEtPHzMhprSqOBeQNFSja/PezCuogVcWT2gPZSUZQSlyBbik7cosTMVZp4ThgX57xQYKaQ4J+bna4r6hsFWlcLXUFrvPBFGfY5bUxasK/ABKrOHdrWhs94=","xHY1KmNCr211lfZubxT7TSCWxqyULkE1",,,
"261e7896-c051-4efb-8302-c13eb44feecd","UNDE_012.basePlot.bet","D05","UNDE","UNDE_012","2016-07-05","2016-07-19","2017-01-30","+v0vuVmyR4AjiZyJEUD9pX8s9QMbJLKK+ySqvtV8pyoKCww5FKPxKEt69TBRT0RcVkKDXJ9ZNsJIG3YSqtRPuA==","+v0vuVmyR4D/wOiiQTjozVKGTmM4G4aIDt5L0IyHUDE=","Pterostichus melanarius melanarius","Syw2LXB/pj+fmGCuwdgBGVryVUmYhw3g",
"221e5fd0-f7ff-4633-8347-76031c576025","UNDE_006.basePlot.bet","D05","UNDE","UNDE_006","2016-07-05","2016-07-19","2017-01-30","izIYmtFoQUhZ/bSUkGXdxeoRXe5Oo2yrn1uzgQQIqnN09RD8M8JxIEZJ8KnFi74iYVUDkDIyR6pqCM9wa+aT/Az2M4KU85e11rDGGVB7bLkgSZknInABBqKo1Pnq7vGU","izIYmtFoQUgVcJEZVkWAOcFkzQ4IJUE9GjOiQAIn3nw=","Pterostichus melanarius melanarius","Syw2LXB/pj+fmGCuwdgBGVryVUmYhw3g",
"fa5940d5-f9b2-4349-877f-df31cd35b38e","UNDE_001.basePlot.bet","D05","UNDE","UNDE_001","2016-07-05","2016-07-19","2017-01-30","kh3xmoTmJnCur/pJbsyRZiIL27/6km10W/iIQys73FfYoY4F42qAey0ht8AUB3Ce/QFHv6voTC01lImJT4F+2hxsOq/kUPlmfQp4HSQRjW0UF2KK/vR45vgQtqzHnBTov1p0NZAZ7OwyrdpPv2n+oRakjxNc2uu9","kh3xmoTmJnDvtvJ3+IOkB68DaLETlXMnuIhOj1Q3tZs=","Synuchus impunctatus","Syw2LXB/pj+fmGCuwdgBGVryVUmYhw3g",
"f83bbc37-751d-4c35-86d1-a82846482530","UNDE_010.basePlot.bet","D05","UNDE","UNDE_010","2016-07-05","2016-07-19","2017-01-30","hQDJ3TYDfoyHbOUrKn+1FMAGse61YXY75WIPXX6Uv3+zbbfVYXnToywMCG7wH/854bmCau77ZTznp01XkvrMVw==","hQDJ3TYDfow4C0akDSRqG9bmEYcFoFBciKhb3A+IOK0=","Synuchus impunctatus","Syw2LXB/pj+fmGCuwdgBGVryVUmYhw3g",
"840dc28f-4c30-4146-9c5c-8ecbb37adc3e","UNDE_007.basePlot.bet","D05","UNDE","UNDE_007","2016-07-05","2016-07-19","2017-01-30","sj+sxzQpSGCXcVDms9T2JUwvabbXbI7ZC9jKfSzDUvjqTqgrq9MMHgELTwfNGIzmMzfY0o/ne1rTuoK+R5gbQA==","sj+sxzQpSGDl1srpN94LsqGHcLKo0XyIivcgbIsNsZQ=","Synuchus impunctatus","Syw2LXB/pj+fmGCuwdgBGVryVUmYhw3g",
"76c3541a-0b7e-41d7-bc0f-ba8582029ada","UNDE_008.basePlot.bet","D05","UNDE","UNDE_008","2016-07-05","2016-07-19","2017-01-30","MjA7sUqH2CbZb6fB7WfC1wxh4SUAEUywwnv6KmF/fG6jgj8bt6Ccbteq9dOLOzLMtpROyMjxTK9DVuRjvqPTmA==","MjA7sUqH2CZ4J4jNuMQd88eAkZMrwAkdoSjRfclWuDg=","Synuchus impunctatus","Syw2LXB/pj+fmGCuwdgBGVryVUmYhw3g",
"abdf8802-b304-461c-b28a-0ae3ce13b987","UNDE_008.basePlot.bet","D05","UNDE","UNDE_008","2016-07-05","2016-07-19","2016-12-07","MjA7sUqH2CbmYf6QFHRL2Unkn3S05EZZ7cD6z74LQoeYIR3NP/nijJLDL7Q7hZGyeC0BjHy0ZskOkG6r5A/wM/ariuAc96bYxQMWd82EvQE=","MjA7sUqH2CZ4J4jNuMQd81KycDE1fe4Q",,"Syw2LXB/pj+fmGCuwdgBGVryVUmYhw3g",
"c1215a30-16ad-4b74-9deb-67e3ce948873","UNDE_006.basePlot.bet","D05","UNDE","UNDE_006","2016-07-05","2016-07-19","2017-01-31","izIYmtFoQUhZ/bSUkGXdxZ4PY2YgftPMe9encQbAQdjpc7opBPYajg9lz7qbOkNEHzTlj8k1j+DW40uGpU5K4ovvLXA5JPnJpjmJRtKsanjMAM7Ho/bwTB9Q29ytq08R","izIYmtFoQUgVcJEZVkWAOZ0rjVrIEnHUAHMDPKWgGcg=","Synuchus impunctatus","Syw2LXB/pj+fmGCuwdgBGVryVUmYhw3g",
