uid,namedLocation,domainID,siteID,plotID,trapID,setDate,collectDate,processingDate,etOHChangeDate,identifiedDate,sampleID,subsampleID,sampleType,taxonID,scientificName,taxonRank,identificationQualifier,scientificNameAuthorship,morphospeciesID,individualCount,identificationReferences,identifiedBy,recordedBy,remarks
"2825afc9-5802-4cce-99a2-85cc7ca1644a","OAES_003.basePlot.bet","D11","OAES","OAES_003","E","2015-04-14","2015-04-28","2015-04-29","2015-06-03","2015-12-31","OAES_003.E.20150428","JY1K16SHr/zEfsjUb84kZs8T2pW36BqO7U0neLysbKc=","carabid","SELPED","Selenophorus pedicularius","species","cf. species","Dejean",,2,"Horn, G. H. 1883. Synopsis of the species of the tribe Lebiini. Transactions of the American Entomological Society and Proceedings of the Entomological Section of the Academy of Natural Sciences 10:126-164.","K015xPfLfah4eO1uZLmE3FLLe6b3pcen","zqzI6VPGJkqKrnUdkEIpiHhaRLZfA7fK",
"c680a248-abbe-4daa-8912-ae8385bfc73e","OAES_003.basePlot.bet","D11","OAES","OAES_003","E","2015-04-14","2015-04-28","2015-04-29","2015-06-03","2015-12-15","OAES_003.E.20150428","JY1K16SHr/zEfsjUb84kZuiwFHakydctltoV7zVaOJE=","carabid","BEMRAP","Bembidion rapidum","species","cf. species","LeConte",,1,"Lindroth, C. H. 1969. The ground-beetles (Carabidae, excl. Cicindelinae) of Canada and Alaska, parts 1-6. Opuscula E. Entomoligiska Sallskapet.","K015xPfLfah4eO1uZLmE3FLLe6b3pcen","zqzI6VPGJkqKrnUdkEIpiHhaRLZfA7fK",
"766f611a-24d4-4a30-b64a-fb8dea83537c","OAES_004.basePlot.bet","D11","OAES","OAES_004","E","2015-04-14","2015-04-28","2015-04-29","2015-06-03","2015-11-18","OAES_004.E.20150428","FpFkKsaMuAAmR2voWj6A2PGciIhqt5Xka2qMskxWlr4=","carabid","PASCAL","Pasimachus californicus","species",,"Chaudoir",,2,"Purrington, F., and C. J. Drake. 2005. A key to adult Nearctic Pasimachus (Pasimachus) Bonelli (Coleoptera: Carabidae: Scaritini), with comments on their functional mouthpart morphology. Entomological News 116:253-262.","zqzI6VPGJkqKrnUdkEIpiHhaRLZfA7fK","zqzI6VPGJkqKrnUdkEIpiHhaRLZfA7fK",
"c70d4b0d-dc46-40d8-9ffe-dd97de03c2a2","OAES_002.basePlot.bet","D11","OAES","OAES_002","E","2015-04-14","2015-04-28","2015-04-29","2015-06-08","2015-11-23","OAES_002.E.20150428","DJFzCWJFd2iZPfG0eEimXSLsaFH/SimqNWosZQXuGWc=","carabid","PASELO","Pasimachus elongatus","species",,"LeConte",,1,"Purrington, F., and C. J. Drake. 2005. A key to adult Nearctic Pasimachus (Pasimachus) Bonelli (Coleoptera: Carabidae: Scaritini), with comments on their functional mouthpart morphology. Entomological News 116:253-262.","zqzI6VPGJkqKrnUdkEIpiHhaRLZfA7fK","K015xPfLfah4eO1uZLmE3FLLe6b3pcen",
"3ae37aee-c4f5-4c1a-b2fc-8da2649fea14","OAES_002.basePlot.bet","D11","OAES","OAES_002","E","2015-04-14","2015-04-28","2015-04-29","2015-06-08","2015-12-16","OAES_002.E.20150428","DJFzCWJFd2iZPfG0eEimXR1QeZElAR/+ObctTaTkr5M=","carabid","AMARUB","Amara rubrica","species","cf. species","Haldeman",,1,"Lindroth, C. H. 1969. The ground-beetles (Carabidae, excl. Cicindelinae) of Canada and Alaska, parts 1-6. Opuscula E. Entomoligiska Sallskapet.","K015xPfLfah4eO1uZLmE3FLLe6b3pcen","K015xPfLfah4eO1uZLmE3FLLe6b3pcen",
"ca346ca7-a7d4-49c9-bae0-b740f03d9ffb","OAES_005.basePlot.bet","D11","OAES","OAES_005","E","2015-04-14","2015-04-28","2015-04-29","2015-06-04","2015-12-23","OAES_005.E.20150428","oszmWJzaoIuEWFCUlU907HLiby811csLkGC9nWEVKkc=","carabid","ANIRUS","Anisodactylus rusticus","species","cf. species","Say",,1,"Noonan, G. R. 1973. The Anisodactylines (Insecta: Coleoptera: Carabidae: Harpalini): classification, evolution and zoogeography. Quaestiones Entomologicae 9:266-480.","K015xPfLfah4eO1uZLmE3FLLe6b3pcen","zqzI6VPGJkqKrnUdkEIpiHhaRLZfA7fK",
"10a2ddad-db03-4b1f-a0f3-15a2f8bbffe9","OAES_005.basePlot.bet","D11","OAES","OAES_005","E","2015-04-14","2015-04-28","2015-04-29","2015-06-04",,"OAES_005.E.20150428","oszmWJzaoIuEWFCUlU907PZ7byIc1cKT43IgM6Fl6hE=","invert bycatch",,,,,,,,,,"zqzI6VPGJkqKrnUdkEIpiHhaRLZfA7fK",
"e4157f60-08f5-4760-88a6-a317d8b515ce","OAES_008.basePlot.bet","D11","OAES","OAES_008","E","2015-04-14","2015-04-28","2015-04-29","2015-06-18",,"OAES_008.E.20150428","BL2EGNvUCCOXVHT5+DpxdqcutJBdLr7Ox7HAO7UiFAw=","invert bycatch",,,,,,,,,,"n/e5H9DzKQmiwvmUmG2RGqatOQzXK2Fo1rbM7EummvE=",
"1668b574-8f3b-4695-a097-d2df0256b217","OAES_006.basePlot.bet","D11","OAES","OAES_006","E","2015-04-14","2015-04-28","2015-04-29","2015-06-04",,"OAES_006.E.20150428","mt2fHmHLlFmpuzgZy7qFxfAwS5WYVpqofx6c7vDtkic=","invert bycatch",,,,,,,,,,"cJ8Mt89MTxlqOnAc6pDp/DoDhz6eIepx",
"95275a62-2578-4b03-9086-3edd60a84ac1","OAES_021.basePlot.bet","D11","OAES","OAES_021","E","2015-04-14","2015-04-28","2015-04-29","2015-06-11",,"OAES_021.E.20150428","aFCS5Rk0Sdb4+ZGq3OneQmtceOXKXFk7jpBxXZR+yqU=","invert bycatch",,,,,,,,,,"zqzI6VPGJkqKrnUdkEIpiHhaRLZfA7fK",
"a83dd910-761e-4587-a2bc-1735bdd3497d","OAES_001.basePlot.bet","D11","OAES","OAES_001","E","2015-04-14","2015-04-28","2015-04-29","2015-06-03",,"OAES_001.E.20150428","Yz+fJngcyZ9Pq0SDV7Llkksrb/8PTYW7oS30/GbuwQo=","invert bycatch",,,,,,,,,,"K015xPfLfah4eO1uZLmE3FLLe6b3pcen",
"ff530705-6a71-444a-b176-a1f56606d9eb","OAES_002.basePlot.bet","D11","OAES","OAES_002","E","2015-04-14","2015-04-28","2015-04-29","2015-06-08",,"OAES_002.E.20150428","DJFzCWJFd2iZPfG0eEimXWIAHwmAUbO+Ks6Oyw2oeX4=","invert bycatch",,,,,,,,,,"K015xPfLfah4eO1uZLmE3FLLe6b3pcen",
"1cb6a782-2030-4ff3-a6f4-4086bf27acab","OAES_003.basePlot.bet","D11","OAES","OAES_003","E","2015-04-14","2015-04-28","2015-04-29","2015-06-03",,"OAES_003.E.20150428","JY1K16SHr/zEfsjUb84kZmkghgXm2m1izVnTZ6u2ITI=","invert bycatch",,,,,,,,,,"zqzI6VPGJkqKrnUdkEIpiHhaRLZfA7fK",
"94b4250c-1c1f-45e3-88db-9de922c1fe6d","OAES_004.basePlot.bet","D11","OAES","OAES_004","E","2015-04-14","2015-04-28","2015-04-29","2015-06-03",,"OAES_004.E.20150428","FpFkKsaMuAAmR2voWj6A2NI63T9oxT2AxOAVmxjQHI4=","invert bycatch",,,,,,,,,,"zqzI6VPGJkqKrnUdkEIpiHhaRLZfA7fK",
"c740b5be-8423-44b9-ace4-5f6ab493346f","OAES_007.basePlot.bet","D11","OAES","OAES_007","E","2015-04-14","2015-04-28","2015-04-29","2015-06-08",,"OAES_007.E.20150428","rDfCr2OaAq0RzbHN0QwD5tKNSaiwSFFAzgLUXuruTD4=","invert bycatch",,,,,,,,,,"K015xPfLfah4eO1uZLmE3FLLe6b3pcen",
"083accf1-c605-4466-9068-529acf640676","OAES_009.basePlot.bet","D11","OAES","OAES_009","E","2015-04-14","2015-04-28","2015-04-29","2015-06-08",,"OAES_009.E.20150428","e+s5q3w8y7PBAYoNMaPuBvhezMDAsdgdYykpCyVZBHo=","invert bycatch",,,,,,,,,,"K015xPfLfah4eO1uZLmE3FLLe6b3pcen",
"5daf60dc-6b1a-4f3f-a5c6-e7eb935cc901","OAES_009.basePlot.bet","D11","OAES","OAES_009","N","2015-04-14","2015-04-28","2015-04-29","2015-06-08","2015-12-16","OAES_009.N.20150428","e+s5q3w8y7N0DA6Xh0DAyy0qLiKDq4hYJZ/PDR1gr/Q=","carabid","AMARUB","Amara rubrica","species","cf. species","Haldeman",,2,"Lindroth, C. H. 1969. The ground-beetles (Carabidae, excl. Cicindelinae) of Canada and Alaska, parts 1-6. Opuscula E. Entomoligiska Sallskapet.","K015xPfLfah4eO1uZLmE3FLLe6b3pcen","K015xPfLfah4eO1uZLmE3FLLe6b3pcen",
"3bf6da72-deb4-490f-82ff-0798993aec7c","OAES_021.basePlot.bet","D11","OAES","OAES_021","N","2015-04-14","2015-04-28","2015-04-29","2015-06-11","2015-12-03","OAES_021.N.20150428","aFCS5Rk0Sda1Rkk6HlQMZYguMbTppkweMce9YSRlQVs=","carabid","CHLTOM","Chlaenius tomentosus","species",,"Say",,1,"Bell, R. T. 1960. A Revision of the Genus Chlaenius Bonelli (Coleoptera, Carabidae) in North America. Miscellaneous Publications of the Entomological Society of America 1:98-166.","K015xPfLfah4eO1uZLmE3FLLe6b3pcen","zqzI6VPGJkqKrnUdkEIpiHhaRLZfA7fK",
"722340a1-44a5-4d90-a473-93b6cd3a13cf","OAES_002.basePlot.bet","D11","OAES","OAES_002","N","2015-04-14","2015-04-28","2015-04-29","2015-06-08","2015-12-16","OAES_002.N.20150428","DJFzCWJFd2gZux6f6ih4UbJoy0s2NB8SizFPwpLoX1Q=","carabid","AMARUB","Amara rubrica","species","cf. species","Haldeman",,1,"Lindroth, C. H. 1969. The ground-beetles (Carabidae, excl. Cicindelinae) of Canada and Alaska, parts 1-6. Opuscula E. Entomoligiska Sallskapet.","K015xPfLfah4eO1uZLmE3FLLe6b3pcen","K015xPfLfah4eO1uZLmE3FLLe6b3pcen",
"54d97e6c-a61b-494c-876b-b993ffe0487c","OAES_005.basePlot.bet","D11","OAES","OAES_005","N","2015-04-14","2015-04-28","2015-04-29","2015-06-04","2015-12-31","OAES_005.N.20150428","oszmWJzaoIuaqeEDME44ykHE3QqLXUrzGV7P5Ot6KP0=","carabid","SELPED","Selenophorus pedicularius","species","cf. species","Dejean",,2,"Horn, G. H. 1883. Synopsis of the species of the tribe Lebiini. Transactions of the American Entomological Society and Proceedings of the Entomological Section of the Academy of Natural Sciences 10:126-164.","K015xPfLfah4eO1uZLmE3FLLe6b3pcen","zqzI6VPGJkqKrnUdkEIpiHhaRLZfA7fK",
"59bc6666-bae0-4c99-81ff-8bb645fa5998","OAES_004.basePlot.bet","D11","OAES","OAES_004","N","2015-04-14","2015-04-28","2015-04-29","2015-06-03","2015-12-03","OAES_004.N.20150428","FpFkKsaMuACuzNci4Z68xGX4AKuOqB1FhmwJQ1mjlhE=","carabid","PASCAL","Pasimachus californicus","species",,"Chaudoir",,1,"Purrington, F., and C. J. Drake. 2005. A key to adult Nearctic Pasimachus (Pasimachus) Bonelli (Coleoptera: Carabidae: Scaritini), with comments on their functional mouthpart morphology. Entomological News 116:253-262.","K015xPfLfah4eO1uZLmE3FLLe6b3pcen","zqzI6VPGJkqKrnUdkEIpiHhaRLZfA7fK",
"846ff157-e019-4e44-8158-d0088caf2ee5","OAES_009.basePlot.bet","D11","OAES","OAES_009","N","2015-04-14","2015-04-28","2015-04-29","2015-06-08","2015-12-29","OAES_009.N.20150428","e+s5q3w8y7N0DA6Xh0DAyxWvQXmpfEnDEL2R7j1aEDI=","carabid","AMAOBE","Amara obesa","species","cf. species","Say",,1,"Lindroth, C. H. 1969. The ground-beetles (Carabidae, excl. Cicindelinae) of Canada and Alaska, parts 1-6. Opuscula E. Entomoligiska Sallskapet.","K015xPfLfah4eO1uZLmE3FLLe6b3pcen","K015xPfLfah4eO1uZLmE3FLLe6b3pcen",
"c99d88f9-4098-459c-920c-68b1ca18d208","OAES_002.basePlot.bet","D11","OAES","OAES_002","N","2015-04-14","2015-04-28","2015-04-29","2015-06-08","2015-11-18","OAES_002.N.20150428","DJFzCWJFd2gZux6f6ih4UadLWimOTLK+s0j/aMRFcmk=","carabid","PASELO","Pasimachus elongatus","species",,"LeConte",,1,"Purrington, F., and C. J. Drake. 2005. A key to adult Nearctic Pasimachus (Pasimachus) Bonelli (Coleoptera: Carabidae: Scaritini), with comments on their functional mouthpart morphology. Entomological News 116:253-262.","zqzI6VPGJkqKrnUdkEIpiHhaRLZfA7fK","K015xPfLfah4eO1uZLmE3FLLe6b3pcen",
"d3d87742-08a1-4d6f-b77d-c8a26b98a4d6","OAES_004.basePlot.bet","D11","OAES","OAES_004","N","2015-04-14","2015-04-28","2015-04-29","2015-06-03",,"OAES_004.N.20150428","FpFkKsaMuACuzNci4Z68xF8Mk7BO2RVBbExYHMczSZ4=","invert bycatch",,,,,,,,,,"zqzI6VPGJkqKrnUdkEIpiHhaRLZfA7fK",
"66a89f1c-91f8-4181-a67b-ba2b47424d66","OAES_008.basePlot.bet","D11","OAES","OAES_008","N","2015-04-14","2015-04-28","2015-04-29","2015-06-18",,"OAES_008.N.20150428","BL2EGNvUCCPG8hZ4BJwuwXYsLp3fpDJq2SuVjl/4SoU=","invert bycatch",,,,,,,,,,"n/e5H9DzKQmiwvmUmG2RGqatOQzXK2Fo1rbM7EummvE=",
"5a568421-75a0-4f3e-9724-c53ea89e0f34","OAES_021.basePlot.bet","D11","OAES","OAES_021","N","2015-04-14","2015-04-28","2015-04-29","2015-06-11",,"OAES_021.N.20150428","aFCS5Rk0Sda1Rkk6HlQMZXfTu8SFNa3UPrC7sosf2mk=","invert bycatch",,,,,,,,,,"zqzI6VPGJkqKrnUdkEIpiHhaRLZfA7fK",
"e20f59b9-5f73-4369-8f42-e41b8894f655","OAES_002.basePlot.bet","D11","OAES","OAES_002","N","2015-04-14","2015-04-28","2015-04-29","2015-06-08",,"OAES_002.N.20150428","DJFzCWJFd2gZux6f6ih4Uc7bk1VWho0zaSt6fhHjwh0=","invert bycatch",,,,,,,,,,"K015xPfLfah4eO1uZLmE3FLLe6b3pcen",
"5c78b517-95bc-4c19-8b48-df6e1e6dd5c9","OAES_005.basePlot.bet","D11","OAES","OAES_005","N","2015-04-14","2015-04-28","2015-04-29","2015-06-04",,"OAES_005.N.20150428","oszmWJzaoIuaqeEDME44yi6fY/J0HD8ZMrz0X4KuF2g=","invert bycatch",,,,,,,,,,"zqzI6VPGJkqKrnUdkEIpiHhaRLZfA7fK",
"374bd64b-237b-4419-98c9-cb6a0f98b3b9","OAES_003.basePlot.bet","D11","OAES","OAES_003","N","2015-04-14","2015-04-28","2015-04-29","2015-06-03",,"OAES_003.N.20150428","JY1K16SHr/xhw8WkdEBnVJPH6r9bnWLIoU7N7khSHr8=","invert bycatch",,,,,,,,,,"zqzI6VPGJkqKrnUdkEIpiHhaRLZfA7fK",
"991d71d6-a0d8-436f-8e10-0cb15e8c8ac1","OAES_007.basePlot.bet","D11","OAES","OAES_007","N","2015-04-14","2015-04-28","2015-04-29","2015-06-08",,"OAES_007.N.20150428","rDfCr2OaAq2IUtMwbKF/1zX4kBtyrBOqpAplqHNr8zc=","invert bycatch",,,,,,,,,,"K015xPfLfah4eO1uZLmE3FLLe6b3pcen",
"3b6cd6d0-17cd-4435-962b-89876ed3321e","OAES_006.basePlot.bet","D11","OAES","OAES_006","N","2015-04-14","2015-04-28","2015-04-29","2015-06-04",,"OAES_006.N.20150428","mt2fHmHLlFlxUsxh9/qN7sfp5tohUPuU2c5rGkNSjNg=","invert bycatch",,,,,,,,,,"cJ8Mt89MTxlqOnAc6pDp/DoDhz6eIepx",
"5cd6e670-012b-4b8e-b73d-889fda107afa","OAES_009.basePlot.bet","D11","OAES","OAES_009","N","2015-04-14","2015-04-28","2015-04-29","2015-06-08",,"OAES_009.N.20150428","e+s5q3w8y7N0DA6Xh0DAyxe64bChfBhbBL1NqG2auDc=","invert bycatch",,,,,,,,,,"K015xPfLfah4eO1uZLmE3FLLe6b3pcen",
"4b8980d4-a063-456e-aee2-64cf528b711e","OAES_001.basePlot.bet","D11","OAES","OAES_001","N","2015-04-14","2015-04-28","2015-04-29","2015-06-03",,"OAES_001.N.20150428","Yz+fJngcyZ/SwCCmRbtKNG8kU3+nozt0JybHFGc4IJA=","invert bycatch",,,,,,,,,,"K015xPfLfah4eO1uZLmE3FLLe6b3pcen",
"633a00c3-6f75-4f00-8e60-eb9f76db25ec","OAES_009.basePlot.bet","D11","OAES","OAES_009","S","2015-04-14","2015-04-28","2015-04-29","2015-06-08","2015-12-03","OAES_009.S.20150428","e+s5q3w8y7OQPGowzuk5eTEXNFtLNd5Gyz59EQZSMMg=","carabid","AMAOBE","Amara obesa","species","cf. species","Say",,1,"Lindroth, C. H. 1969. The ground-beetles (Carabidae, excl. Cicindelinae) of Canada and Alaska, parts 1-6. Opuscula E. Entomoligiska Sallskapet.","K015xPfLfah4eO1uZLmE3FLLe6b3pcen","K015xPfLfah4eO1uZLmE3FLLe6b3pcen",
"2381aabf-ad63-4d38-8de0-8e330ea9bb98","OAES_009.basePlot.bet","D11","OAES","OAES_009","S","2015-04-14","2015-04-28","2015-04-29","2015-06-08","2015-11-23","OAES_009.S.20150428","e+s5q3w8y7OQPGowzuk5eVq0XTdamxgtEDzSNxjomRI=","carabid","CYCSUB","Cyclotrachelus substriatus","species","cf. species","LeConte",,1,"Freitag, R. 1969. A revision of the species of the genus Evarthrus LeConte. Quaestiones Entomologicae 5:89-212.","zqzI6VPGJkqKrnUdkEIpiHhaRLZfA7fK","K015xPfLfah4eO1uZLmE3FLLe6b3pcen",
"251edbc7-5115-4a58-a2ad-533fab091b7f","OAES_002.basePlot.bet","D11","OAES","OAES_002","S","2015-04-14","2015-04-28","2015-04-29","2015-06-08",,"OAES_002.S.20150428","DJFzCWJFd2h0hWWcZRnW09UnU+wF8X48H9xIHexQOaU=","invert bycatch",,,,,,,,,,"K015xPfLfah4eO1uZLmE3FLLe6b3pcen",
"a6f072a8-803f-421f-bd83-59e6e8730de1","OAES_005.basePlot.bet","D11","OAES","OAES_005","S","2015-04-14","2015-04-28","2015-04-29","2015-06-04",,"OAES_005.S.20150428","oszmWJzaoIseWbVwOj8CVIvlgPB6nA7IrFw1IJWYlOQ=","invert bycatch",,,,,,,,,,"zqzI6VPGJkqKrnUdkEIpiHhaRLZfA7fK",
"99577715-877a-4509-9215-2ebc7db840ee","OAES_004.basePlot.bet","D11","OAES","OAES_004","S","2015-04-14","2015-04-28","2015-04-29","2015-06-03",,"OAES_004.S.20150428","FpFkKsaMuACjwxK0I0WiYK//oYj0n3pqWu/Ay66yipQ=","invert bycatch",,,,,,,,,,"zqzI6VPGJkqKrnUdkEIpiHhaRLZfA7fK",
"66b2681b-e9bd-49e7-9d5c-932701fd25b0","OAES_007.basePlot.bet","D11","OAES","OAES_007","S","2015-04-14","2015-04-28","2015-04-29","2015-06-08",,"OAES_007.S.20150428","rDfCr2OaAq1La1tmFadDxMk2F6AMtbCQPhkzL5IBX78=","invert bycatch",,,,,,,,,,"K015xPfLfah4eO1uZLmE3FLLe6b3pcen",
"9a7f6fd3-e2e2-4f40-9d84-958d594a3c27","OAES_006.basePlot.bet","D11","OAES","OAES_006","S","2015-04-14","2015-04-28","2015-04-29","2015-06-04",,"OAES_006.S.20150428","mt2fHmHLlFky+gM/KaEO+Pelzk98vTxH0FY2fjDTtWg=","invert bycatch",,,,,,,,,,"cJ8Mt89MTxlqOnAc6pDp/DoDhz6eIepx",
"64af5825-f8c4-4561-8efd-583d6793ae44","OAES_009.basePlot.bet","D11","OAES","OAES_009","S","2015-04-14","2015-04-28","2015-04-29","2015-06-08",,"OAES_009.S.20150428","e+s5q3w8y7OQPGowzuk5eVMFEw6vMGMMaz5epV7oZHA=","invert bycatch",,,,,,,,,,"K015xPfLfah4eO1uZLmE3FLLe6b3pcen",
"3119ea2e-7263-42bb-b665-bd3171b10116","OAES_021.basePlot.bet","D11","OAES","OAES_021","S","2015-04-14","2015-04-28","2015-04-29","2015-06-11",,"OAES_021.S.20150428","aFCS5Rk0Sdby3yiqp9igyrRpveUCHEZi2XhsGqGe6Mg=","invert bycatch",,,,,,,,,,"zqzI6VPGJkqKrnUdkEIpiHhaRLZfA7fK",
"9b4fda0e-c407-4ef9-ada7-331265c341e6","OAES_001.basePlot.bet","D11","OAES","OAES_001","S","2015-04-14","2015-04-28","2015-04-29","2015-06-03",,"OAES_001.S.20150428","Yz+fJngcyZ/xMN7MCKMftNmnxPKghH12Y+i6zuyLCcc=","invert bycatch",,,,,,,,,,"K015xPfLfah4eO1uZLmE3FLLe6b3pcen",
"7ec38a50-cd3e-47b4-a99c-876559469af1","OAES_003.basePlot.bet","D11","OAES","OAES_003","S","2015-04-14","2015-04-28","2015-04-29","2015-06-03",,"OAES_003.S.20150428","JY1K16SHr/yHQvgUlPKb8UYUrV8/Un/5ZUAR4D0iQ2s=","invert bycatch",,,,,,,,,,"zqzI6VPGJkqKrnUdkEIpiHhaRLZfA7fK",
"5a330697-52d0-4a37-85b3-9dc5c4055d4b","OAES_008.basePlot.bet","D11","OAES","OAES_008","S","2015-04-14","2015-04-28","2015-04-29","2015-06-18",,"OAES_008.S.20150428","BL2EGNvUCCOZTdGiF4k1ZDVxucf5t142Aqsjoxx4nvs=","invert bycatch",,,,,,,,,,"n/e5H9DzKQmiwvmUmG2RGqatOQzXK2Fo1rbM7EummvE=",
"82436179-7f75-4597-b313-bc5ee7e18d36","OAES_004.basePlot.bet","D11","OAES","OAES_004","W","2015-04-14","2015-04-28","2015-04-29","2015-06-03","2015-11-18","OAES_004.W.20150428","FpFkKsaMuAC8VTTG3YF/6fQuthhBY+B1DIQ9guTN9sA=","carabid","PASCAL","Pasimachus californicus","species",,"Chaudoir",,2,"Purrington, F., and C. J. Drake. 2005. A key to adult Nearctic Pasimachus (Pasimachus) Bonelli (Coleoptera: Carabidae: Scaritini), with comments on their functional mouthpart morphology. Entomological News 116:253-262.","zqzI6VPGJkqKrnUdkEIpiHhaRLZfA7fK","zqzI6VPGJkqKrnUdkEIpiHhaRLZfA7fK",
"4629af4f-fde7-43ef-955b-5e5da460402f","OAES_006.basePlot.bet","D11","OAES","OAES_006","W","2015-04-14","2015-04-28","2015-04-29","2015-06-04","2015-12-03","OAES_006.W.20150428","mt2fHmHLlFkdPSsTPYYYauwdFldWCbGlse6bU+d7y9Y=","carabid","PASCAL","Pasimachus californicus","species",,"Chaudoir",,1,"Purrington, F., and C. J. Drake. 2005. A key to adult Nearctic Pasimachus (Pasimachus) Bonelli (Coleoptera: Carabidae: Scaritini), with comments on their functional mouthpart morphology. Entomological News 116:253-262.","K015xPfLfah4eO1uZLmE3FLLe6b3pcen","cJ8Mt89MTxlqOnAc6pDp/DoDhz6eIepx",
"27b49f9b-83c8-4e2d-aa06-27417da36542","OAES_001.basePlot.bet","D11","OAES","OAES_001","W","2015-04-14","2015-04-28","2015-04-29","2015-06-03","2015-12-03","OAES_001.W.20150428","Yz+fJngcyZ8fd2lSWvlreIu0IXi7lAoWwsVErxlUKRQ=","carabid","PASCAL","Pasimachus californicus","species",,"Chaudoir",,2,"Purrington, F., and C. J. Drake. 2005. A key to adult Nearctic Pasimachus (Pasimachus) Bonelli (Coleoptera: Carabidae: Scaritini), with comments on their functional mouthpart morphology. Entomological News 116:253-262.","K015xPfLfah4eO1uZLmE3FLLe6b3pcen","K015xPfLfah4eO1uZLmE3FLLe6b3pcen",
"c90e0260-098f-4c1c-9c2a-3eb0fdfb0245","OAES_003.basePlot.bet","D11","OAES","OAES_003","W","2015-04-14","2015-04-28","2015-04-29","2015-06-03","2015-11-23","OAES_003.W.20150428","JY1K16SHr/yRA0r9LqcgMOIP4CYpz4YdCV8rbttqXo4=","carabid","CYCSUB","Cyclotrachelus substriatus","species","cf. species","LeConte",,1,"Freitag, R. 1969. A revision of the species of the genus Evarthrus LeConte. Quaestiones Entomologicae 5:89-212.","zqzI6VPGJkqKrnUdkEIpiHhaRLZfA7fK","zqzI6VPGJkqKrnUdkEIpiHhaRLZfA7fK",
"02280330-d21f-4f54-bebe-d33d9eca2949","OAES_007.basePlot.bet","D11","OAES","OAES_007","W","2015-04-14","2015-04-28","2015-04-29","2015-06-08","2015-12-03","OAES_007.W.20150428","rDfCr2OaAq1gVUCivMSWPHzfuMo26sWJUAe4qQTzz4s=","carabid","PASCAL","Pasimachus californicus","species",,"Chaudoir",,1,"Purrington, F., and C. J. Drake. 2005. A key to adult Nearctic Pasimachus (Pasimachus) Bonelli (Coleoptera: Carabidae: Scaritini), with comments on their functional mouthpart morphology. Entomological News 116:253-262.","K015xPfLfah4eO1uZLmE3FLLe6b3pcen","K015xPfLfah4eO1uZLmE3FLLe6b3pcen",
"e7550a6d-ecce-4eef-945e-fadb48d723da","OAES_002.basePlot.bet","D11","OAES","OAES_002","W","2015-04-14","2015-04-28","2015-04-29","2015-06-08",,"OAES_002.W.20150428","DJFzCWJFd2jQMiI2jgMhZ2RgVe+16c1yLawCQG4yZrU=","invert bycatch",,,,,,,,,,"K015xPfLfah4eO1uZLmE3FLLe6b3pcen",
"089a4cde-6416-45fd-bb75-ba84197e67b5","OAES_005.basePlot.bet","D11","OAES","OAES_005","W","2015-04-14","2015-04-28","2015-04-29","2015-06-04",,"OAES_005.W.20150428","oszmWJzaoIuTfVhUnsbFeN55GZgYjighsYZ9lOKUWcc=","invert bycatch",,,,,,,,,,"zqzI6VPGJkqKrnUdkEIpiHhaRLZfA7fK",
"a3709efa-72db-4899-865d-c694cd2d27aa","OAES_004.basePlot.bet","D11","OAES","OAES_004","W","2015-04-14","2015-04-28","2015-04-29","2015-06-03",,"OAES_004.W.20150428","FpFkKsaMuAC8VTTG3YF/6QYoKzmHagX6p4ppQgAh66A=","invert bycatch",,,,,,,,,,"zqzI6VPGJkqKrnUdkEIpiHhaRLZfA7fK",
"f752f694-1e18-4fc5-ba29-f94ca9077b6b","OAES_003.basePlot.bet","D11","OAES","OAES_003","W","2015-04-14","2015-04-28","2015-04-29","2015-06-03",,"OAES_003.W.20150428","JY1K16SHr/yRA0r9LqcgMIVCQYtD8Ob77750RKPaa3s=","invert bycatch",,,,,,,,,,"zqzI6VPGJkqKrnUdkEIpiHhaRLZfA7fK",
"a9a72cb6-f437-445b-a5e1-567c9dedf53f","OAES_008.basePlot.bet","D11","OAES","OAES_008","W","2015-04-14","2015-04-28","2015-04-29","2015-06-18",,"OAES_008.W.20150428","BL2EGNvUCCOoGi8/jC6gEvUTF0pJkALjPDTVcQBuyTU=","invert bycatch",,,,,,,,,,"n/e5H9DzKQmiwvmUmG2RGqatOQzXK2Fo1rbM7EummvE=",
"548b7768-b652-428a-bf56-80e7ea196230","OAES_007.basePlot.bet","D11","OAES","OAES_007","W","2015-04-14","2015-04-28","2015-04-29","2015-06-08",,"OAES_007.W.20150428","rDfCr2OaAq1gVUCivMSWPI1qzEDB65eXFZzl2Fl2Rns=","invert bycatch",,,,,,,,,,"K015xPfLfah4eO1uZLmE3FLLe6b3pcen",
"3ecbf55b-3ae2-48a0-961d-fe426a9c5ab8","OAES_006.basePlot.bet","D11","OAES","OAES_006","W","2015-04-14","2015-04-28","2015-04-29","2015-06-04",,"OAES_006.W.20150428","mt2fHmHLlFkdPSsTPYYYavrea4TCta3lwFDdpllM8C8=","invert bycatch",,,,,,,,,,"cJ8Mt89MTxlqOnAc6pDp/DoDhz6eIepx",
"d33ad34e-b613-483f-abc3-5e1df773256a","OAES_009.basePlot.bet","D11","OAES","OAES_009","W","2015-04-14","2015-04-28","2015-04-29","2015-06-08",,"OAES_009.W.20150428","e+s5q3w8y7MgRFXJxBlWsMBlBm4ZyM5X7DI/TtHIgww=","invert bycatch",,,,,,,,,,"K015xPfLfah4eO1uZLmE3FLLe6b3pcen",
"f609384d-ec3a-402d-bcd6-c8a893110ce0","OAES_021.basePlot.bet","D11","OAES","OAES_021","W","2015-04-14","2015-04-28","2015-04-29","2015-06-11",,"OAES_021.W.20150428","aFCS5Rk0Sda5ErK1x3DbH/0rZsELr45EhkQpanzngtA=","invert bycatch",,,,,,,,,,"zqzI6VPGJkqKrnUdkEIpiHhaRLZfA7fK",
"459b6292-085e-498b-997c-017c76fc03c6","OAES_001.basePlot.bet","D11","OAES","OAES_001","W","2015-04-14","2015-04-28","2015-04-29","2015-06-03",,"OAES_001.W.20150428","Yz+fJngcyZ8fd2lSWvlreNxfb01DN1N1xDTmEWBRsqg=","invert bycatch",,,,,,,,,,"K015xPfLfah4eO1uZLmE3FLLe6b3pcen",
