uid,namedLocation,domainID,siteID,plotID,trapID,setDate,collectDate,processingDate,etOHChangeDate,identifiedDate,sampleID,subsampleID,sampleType,taxonID,scientificName,taxonRank,identificationQualifier,scientificNameAuthorship,morphospeciesID,individualCount,identificationReferences,identifiedBy,recordedBy,remarks
"7fa0b2f7-40c2-46c3-8401-a48749a56868","OAES_009.basePlot.bet","D11","OAES","OAES_009","S","2016-07-27","2016-08-10","2016-08-11","2016-12-19","2016-12-19","OAES_009.S.20160810","e+s5q3w8y7NyAuT6HdSNlh91OQfc8cMjWq4calv9hsY=","carabid","PASCAL","Pasimachus californicus","species",,"Chaudoir",,1,"Purrington, F., and C. J. Drake. 2005. A key to adult Nearctic Pasimachus (Pasimachus) Bonelli (Coleoptera: Carabidae: Scaritini), with comments on their functional mouthpart morphology. Entomological News 116:253-262.","cJ8Mt89MTxlqOnAc6pDp/DoDhz6eIepx","cJ8Mt89MTxlqOnAc6pDp/DoDhz6eIepx",
"a1e716d6-1de0-4194-aaa8-4df04b207c15","OAES_001.basePlot.bet","D11","OAES","OAES_001","E","2016-07-27","2016-08-10","2016-08-11","2016-10-20",,"OAES_001.E.20160810","Yz+fJngcyZ+8jtLPxZyVIlq5SuKWNP0blf+tzKag044=","invert bycatch",,,,,,,,,,"nLY7eam4tn5KvmhUGKXYjL1ERBP4294P",
"e1cffbbe-8f31-47e7-bd6a-d6039e83ab2f","OAES_009.basePlot.bet","D11","OAES","OAES_009","E","2016-07-27","2016-08-10","2016-08-11","2016-08-11",,"OAES_009.E.20160810","e+s5q3w8y7O99nT51Jq/pSrQuOGq5eGVPO8pfOQ396s=","invert bycatch",,,,,,,,,,"cJ8Mt89MTxlqOnAc6pDp/DoDhz6eIepx",
"41b58324-f168-4b8c-99a3-58e7d8e79bcc","OAES_009.basePlot.bet","D11","OAES","OAES_009","N","2016-07-27","2016-08-10","2016-08-11","2016-10-27",,"OAES_009.N.20160810","e+s5q3w8y7NYoLj2chM3LMCUuD1GAyhCmHw5YK7ZUR4=","invert bycatch",,,,,,,,,,"cJ8Mt89MTxlqOnAc6pDp/DoDhz6eIepx",
"ad854fb7-8549-41de-bc31-3b32f83de4be","OAES_009.basePlot.bet","D11","OAES","OAES_009","N","2016-07-27","2016-08-10","2016-08-11","2016-12-19","2016-12-19","OAES_009.N.20160810","e+s5q3w8y7NYoLj2chM3LI2GuKJ45bYHVzAqCVBG2E8=","carabid","PASCAL","Pasimachus californicus","species",,"Chaudoir",,4,"Purrington, F., and C. J. Drake. 2005. A key to adult Nearctic Pasimachus (Pasimachus) Bonelli (Coleoptera: Carabidae: Scaritini), with comments on their functional mouthpart morphology. Entomological News 116:253-262.","cJ8Mt89MTxlqOnAc6pDp/DoDhz6eIepx","cJ8Mt89MTxlqOnAc6pDp/DoDhz6eIepx",
"7f4ad311-ae24-466a-bb80-c42b2bbd347e","OAES_009.basePlot.bet","D11","OAES","OAES_009","W","2016-07-27","2016-08-10","2016-08-11","2016-10-27",,"OAES_009.W.20160810","e+s5q3w8y7PN+qbvtN42e00GYYKDGBZ1d1slbEhpezw=","invert bycatch",,,,,,,,,,"cJ8Mt89MTxlqOnAc6pDp/DoDhz6eIepx",
"bd4578ab-7f56-4ba9-9372-ee1115a08ad1","OAES_009.basePlot.bet","D11","OAES","OAES_009","S","2016-07-27","2016-08-10","2016-08-11","2016-10-27",,"OAES_009.S.20160810","e+s5q3w8y7NyAuT6HdSNlkgOGgOOMzh2ocUvmTNgGB4=","invert bycatch",,,,,,,,,,"cJ8Mt89MTxlqOnAc6pDp/DoDhz6eIepx",
"918eecc1-f72e-4f2c-982b-862801be67f9","OAES_021.basePlot.bet","D11","OAES","OAES_021","E","2016-07-27","2016-08-10","2016-08-11","2016-10-26",,"OAES_021.E.20160810","aFCS5Rk0SdYuubcqgs+e3TfTquCVauKnGqkpIUms4+g=","invert bycatch",,,,,,,,,,"cJ8Mt89MTxlqOnAc6pDp/DoDhz6eIepx",
"fbcd338a-1456-4c56-9b8f-9e6db780fac6","OAES_021.basePlot.bet","D11","OAES","OAES_021","S","2016-07-27","2016-08-10","2016-08-11","2016-10-26",,"OAES_021.S.20160810","aFCS5Rk0SdbvOfIknN7N7UIqpWW5H0UjpNiHIi80jA0=","invert bycatch",,,,,,,,,,"cJ8Mt89MTxlqOnAc6pDp/DoDhz6eIepx",
"f30a9cef-81fc-40ec-b8e3-619f4949ac4a","OAES_021.basePlot.bet","D11","OAES","OAES_021","N","2016-07-27","2016-08-10","2016-08-11","2016-12-19","2016-12-19","OAES_021.N.20160810","aFCS5Rk0SdZOpryfr2rwStbQRs4Sxb3ovS0/19mCJwM=","carabid","PASCAL","Pasimachus californicus","species",,"Chaudoir",,2,"Purrington, F., and C. J. Drake. 2005. A key to adult Nearctic Pasimachus (Pasimachus) Bonelli (Coleoptera: Carabidae: Scaritini), with comments on their functional mouthpart morphology. Entomological News 116:253-262.","cJ8Mt89MTxlqOnAc6pDp/DoDhz6eIepx","cJ8Mt89MTxlqOnAc6pDp/DoDhz6eIepx",
"7589963d-734c-493c-ad11-8c8c13014bb5","OAES_021.basePlot.bet","D11","OAES","OAES_021","N","2016-07-27","2016-08-10","2016-08-11","2016-10-26",,"OAES_021.N.20160810","aFCS5Rk0SdZOpryfr2rwSlTQFskojBOqJUgwQ4cwaWo=","invert bycatch",,,,,,,,,,"cJ8Mt89MTxlqOnAc6pDp/DoDhz6eIepx",
"8026d51c-fc0e-4061-b6dc-a2fffbfc93a0","OAES_008.basePlot.bet","D11","OAES","OAES_008","N","2016-07-27","2016-08-10","2016-08-11","2016-10-25",,"OAES_008.N.20160810","BL2EGNvUCCOcYWDx/SEJhKyZ3AIcgawURWUz9cagTjs=","invert bycatch",,,,,,,,,,"T48ujIthpoFxVaqhIzGBiC3cbejXuGly",
"40917a32-7b29-4ed7-9c1e-3225416bbd54","OAES_008.basePlot.bet","D11","OAES","OAES_008","S","2016-07-27","2016-08-10","2016-08-11","2016-10-25",,"OAES_008.S.20160810","BL2EGNvUCCO73ZPhaeVpVmkAPhZJ/iI2UBt6il+nuck=","invert bycatch",,,,,,,,,,"T48ujIthpoFxVaqhIzGBiC3cbejXuGly",
"63f31e55-7d21-4fa4-b29e-d29bca487e63","OAES_004.basePlot.bet","D11","OAES","OAES_004","N","2016-07-27","2016-08-10","2016-08-11","2016-12-20","2016-12-20","OAES_004.N.20160810","FpFkKsaMuAAFzHlPazYVBwzluHGbY96cVS0ff3VsjbU=","carabid","CYCSUB","Cyclotrachelus substriatus","species","cf. species","LeConte",,1,"Freitag, R. 1969. A revision of the species of the genus Evarthrus LeConte. Quaestiones Entomologicae 5:89-212.","K015xPfLfah4eO1uZLmE3FLLe6b3pcen","T48ujIthpoFxVaqhIzGBiC3cbejXuGly","could also be C. censtrictus"
"77e2be85-9230-4747-82b0-0387c303e487","OAES_008.basePlot.bet","D11","OAES","OAES_008","E","2016-07-27","2016-08-10","2016-08-11","2016-10-25",,"OAES_008.E.20160810","BL2EGNvUCCOGbkIBeO4QqqTG/u9eqd4E78a/F9JoA/Y=","invert bycatch",,,,,,,,,,"T48ujIthpoFxVaqhIzGBiC3cbejXuGly",
"8687d9d0-3357-4404-9c63-fa9f34cccff0","OAES_008.basePlot.bet","D11","OAES","OAES_008","W","2016-07-27","2016-08-10","2016-08-11","2016-10-25",,"OAES_008.W.20160810","BL2EGNvUCCNTbs9VJ5aPYLpUczo0AAkqkd79ZK9lge4=","invert bycatch",,,,,,,,,,"T48ujIthpoFxVaqhIzGBiC3cbejXuGly",
"b040acaa-0900-4822-85c7-476149cb4180","OAES_004.basePlot.bet","D11","OAES","OAES_004","S","2016-07-27","2016-08-10","2016-08-11","2016-12-19","2016-12-19","OAES_004.S.20160810","FpFkKsaMuACrKLsCOLXUWv1bFQc54h+hkblbINm2tv8=","carabid","PASCAL","Pasimachus californicus","species",,"Chaudoir",,1,"Purrington, F., and C. J. Drake. 2005. A key to adult Nearctic Pasimachus (Pasimachus) Bonelli (Coleoptera: Carabidae: Scaritini), with comments on their functional mouthpart morphology. Entomological News 116:253-262.","cJ8Mt89MTxlqOnAc6pDp/DoDhz6eIepx","T48ujIthpoFxVaqhIzGBiC3cbejXuGly",
"d1fb9730-3dcb-4f6f-a463-2acdaa0a97ae","OAES_004.basePlot.bet","D11","OAES","OAES_004","S","2016-07-27","2016-08-10","2016-08-11","2016-10-25",,"OAES_004.S.20160810","FpFkKsaMuACrKLsCOLXUWl6Mi3Gz5GUqOFZpi6i01S0=","invert bycatch",,,,,,,,,,"T48ujIthpoFxVaqhIzGBiC3cbejXuGly",
"687c82e1-118c-4d03-a53e-3927ef4b1118","OAES_004.basePlot.bet","D11","OAES","OAES_004","E","2016-07-27","2016-08-10","2016-08-11","2016-12-19","2016-12-19","OAES_004.E.20160810","FpFkKsaMuABBRBI9i6UpIlxPp8a+b59fAro6hSR6OfI=","carabid","PASCAL","Pasimachus californicus","species",,"Chaudoir",,3,"Purrington, F., and C. J. Drake. 2005. A key to adult Nearctic Pasimachus (Pasimachus) Bonelli (Coleoptera: Carabidae: Scaritini), with comments on their functional mouthpart morphology. Entomological News 116:253-262.","cJ8Mt89MTxlqOnAc6pDp/DoDhz6eIepx","T48ujIthpoFxVaqhIzGBiC3cbejXuGly",
"84f7aee8-bc17-4e81-9390-a1fc820606bb","OAES_004.basePlot.bet","D11","OAES","OAES_004","N","2016-07-27","2016-08-10","2016-08-11","2016-12-29","2016-12-19","OAES_004.N.20160810","FpFkKsaMuAAFzHlPazYVB0o3NN65wzPWNiCe/VOKSuU=","carabid","PASCAL","Pasimachus californicus","species",,"Chaudoir",,1,"Purrington, F., and C. J. Drake. 2005. A key to adult Nearctic Pasimachus (Pasimachus) Bonelli (Coleoptera: Carabidae: Scaritini), with comments on their functional mouthpart morphology. Entomological News 116:253-262.","cJ8Mt89MTxlqOnAc6pDp/DoDhz6eIepx","T48ujIthpoFxVaqhIzGBiC3cbejXuGly",
"801ff48d-a7fd-4165-b249-39d1d970599e","OAES_004.basePlot.bet","D11","OAES","OAES_004","E","2016-07-27","2016-08-10","2016-08-11","2016-10-25",,"OAES_004.E.20160810","FpFkKsaMuABBRBI9i6UpInCajh8iDg5WmcSBsOCANTY=","invert bycatch",,,,,,,,,,"T48ujIthpoFxVaqhIzGBiC3cbejXuGly",
"b32e0262-99c4-4370-8b93-1219a60f2181","OAES_003.basePlot.bet","D11","OAES","OAES_003","S","2016-07-27","2016-08-10","2016-08-11","2016-10-27",,"OAES_003.S.20160810","JY1K16SHr/wwzXI4Kc9m9iUan6iHJriAf1UlKiK53kw=","invert bycatch",,,,,,,,,,"cJ8Mt89MTxlqOnAc6pDp/DoDhz6eIepx",
"6958b90f-b8f8-4f7e-bff3-9c63acec7949","OAES_003.basePlot.bet","D11","OAES","OAES_003","E","2016-07-27","2016-08-10","2016-08-11","2016-10-27",,"OAES_003.E.20160810","JY1K16SHr/zFCROvTgQFDJGcfgxuGumsLivTZ8yjowM=","invert bycatch",,,,,,,,,,"cJ8Mt89MTxlqOnAc6pDp/DoDhz6eIepx",
"579900ce-1b53-4758-af88-8636a070f484","OAES_003.basePlot.bet","D11","OAES","OAES_003","W","2016-07-27","2016-08-10","2016-08-11","2016-10-27",,"OAES_003.W.20160810","JY1K16SHr/yYFK9tEi2ouzU5Ycj99MMNJQlvg0+aUgU=","invert bycatch",,,,,,,,,,"cJ8Mt89MTxlqOnAc6pDp/DoDhz6eIepx",
"8c69fece-48b8-4231-8610-79a6bc669b3c","OAES_004.basePlot.bet","D11","OAES","OAES_004","N","2016-07-27","2016-08-10","2016-08-11","2016-10-25",,"OAES_004.N.20160810","FpFkKsaMuAAFzHlPazYVB6R4lqRGOPvP6l6eHAw0/Dk=","invert bycatch",,,,,,,,,,"T48ujIthpoFxVaqhIzGBiC3cbejXuGly",
"ed3884c8-5781-478c-b829-251ea2424a77","OAES_003.basePlot.bet","D11","OAES","OAES_003","S","2016-07-27","2016-08-10","2016-08-11","2016-12-19","2016-12-19","OAES_003.S.20160810","JY1K16SHr/wwzXI4Kc9m9seFgwSH4ixB9xewl/gUSZ8=","carabid","PASCAL","Pasimachus californicus","species",,"Chaudoir",,2,"Purrington, F., and C. J. Drake. 2005. A key to adult Nearctic Pasimachus (Pasimachus) Bonelli (Coleoptera: Carabidae: Scaritini), with comments on their functional mouthpart morphology. Entomological News 116:253-262.","cJ8Mt89MTxlqOnAc6pDp/DoDhz6eIepx","cJ8Mt89MTxlqOnAc6pDp/DoDhz6eIepx",
"77fe8831-8776-42bf-80a4-f949cef81b85","OAES_003.basePlot.bet","D11","OAES","OAES_003","N","2016-07-27","2016-08-10","2016-08-11","2016-10-27",,"OAES_003.N.20160810","JY1K16SHr/yeYcsYYErDcMZ2kzUTCV+lZ7xI2f40/6Q=","invert bycatch",,,,,,,,,,"cJ8Mt89MTxlqOnAc6pDp/DoDhz6eIepx",
"71b8a710-4e5a-4813-a9dd-630f3adfc0ab","OAES_003.basePlot.bet","D11","OAES","OAES_003","E","2016-07-27","2016-08-10","2016-08-11","2016-12-19","2016-12-19","OAES_003.E.20160810","JY1K16SHr/zFCROvTgQFDGvGfVVrMp/z49jtGjz2GvI=","carabid","PASCAL","Pasimachus californicus","species",,"Chaudoir",,2,"Purrington, F., and C. J. Drake. 2005. A key to adult Nearctic Pasimachus (Pasimachus) Bonelli (Coleoptera: Carabidae: Scaritini), with comments on their functional mouthpart morphology. Entomological News 116:253-262.","cJ8Mt89MTxlqOnAc6pDp/DoDhz6eIepx","cJ8Mt89MTxlqOnAc6pDp/DoDhz6eIepx",
"bfd4d35e-5519-4c30-8630-f3156e1803e6","OAES_005.basePlot.bet","D11","OAES","OAES_005","N","2016-07-27","2016-08-10","2016-08-11","2016-12-19","2016-12-19","OAES_005.N.20160810","oszmWJzaoIuWqNDn9nlJ8+4d8NY0ME+dxIg28Nzw0UE=","carabid","CRADUB","Cratacanthus dubius","species",,"Palisot de Beauvois",,1,"Arnett Jr., R. H., and M. C. Thomas. 2001. American Beetles Archosemata, Myxophaga, Adephaga, Polyphaga: Staphyliniformia. 1st Vol. (C. Press, Ed.). 1st Ed. Boca Raton, FL.","K015xPfLfah4eO1uZLmE3FLLe6b3pcen","cJ8Mt89MTxlqOnAc6pDp/DoDhz6eIepx",
"98884878-1f5b-4106-b4e1-852da3b6783d","OAES_005.basePlot.bet","D11","OAES","OAES_005","E","2016-07-27","2016-08-10","2016-08-11","2016-10-27",,"OAES_005.E.20160810","oszmWJzaoIt396d4IVDzWoCXs4uYJKEFdi9ngE7Yjq0=","invert bycatch",,,,,,,,,,"cJ8Mt89MTxlqOnAc6pDp/DoDhz6eIepx",
"f46f74ae-06a2-4ef3-b59b-01890605d130","OAES_005.basePlot.bet","D11","OAES","OAES_005","N","2016-07-27","2016-08-10","2016-08-11","2016-10-27",,"OAES_005.N.20160810","oszmWJzaoIuWqNDn9nlJ8/ZSUU2Nbq604RrDEPLKrlY=","invert bycatch",,,,,,,,,,"cJ8Mt89MTxlqOnAc6pDp/DoDhz6eIepx",
"8faab3a0-93f3-47cf-bba7-99ee3fb00513","OAES_005.basePlot.bet","D11","OAES","OAES_005","W","2016-07-27","2016-08-10","2016-08-11","2016-12-19","2016-12-19","OAES_005.W.20160810","oszmWJzaoIvBSB4aZhff/J+zs+aEJul8OmCz2wD+hvo=","carabid","PASCAL","Pasimachus californicus","species",,"Chaudoir",,1,"Purrington, F., and C. J. Drake. 2005. A key to adult Nearctic Pasimachus (Pasimachus) Bonelli (Coleoptera: Carabidae: Scaritini), with comments on their functional mouthpart morphology. Entomological News 116:253-262.","cJ8Mt89MTxlqOnAc6pDp/DoDhz6eIepx","cJ8Mt89MTxlqOnAc6pDp/DoDhz6eIepx",
"79e64e24-af57-4b88-aa4a-11b1e8c19de1","OAES_005.basePlot.bet","D11","OAES","OAES_005","S","2016-07-27","2016-08-10","2016-08-11","2016-10-27",,"OAES_005.S.20160810","oszmWJzaoIuTy/o0GhVX9TpNE/+lGM+Dp8qdOIDe+YU=","invert bycatch",,,,,,,,,,"cJ8Mt89MTxlqOnAc6pDp/DoDhz6eIepx",
"fa8c9171-fbae-43ce-9aef-c90b6c8dbafb","OAES_002.basePlot.bet","D11","OAES","OAES_002","N","2016-07-27","2016-08-10","2016-08-11","2016-10-18",,"OAES_002.N.20160810","DJFzCWJFd2iSevO/meRohJzRZX6o9bd3EtI8aK9RrPM=","invert bycatch",,,,,,,,,,"YvxfKx9PhZKcpyRUl2HPSGWrrvBoMwJ+",
"f1b867a1-77f9-4b06-8172-5aa5876ba859","OAES_002.basePlot.bet","D11","OAES","OAES_002","N","2016-07-27","2016-08-10","2016-08-11","2016-12-19","2016-12-19","OAES_002.N.20160810","DJFzCWJFd2iSevO/meRohOCJ4NDnty1ZzOZ4Zwe1BAw=","carabid","PASCAL","Pasimachus californicus","species",,"Chaudoir",,1,"Purrington, F., and C. J. Drake. 2005. A key to adult Nearctic Pasimachus (Pasimachus) Bonelli (Coleoptera: Carabidae: Scaritini), with comments on their functional mouthpart morphology. Entomological News 116:253-262.","cJ8Mt89MTxlqOnAc6pDp/DoDhz6eIepx","YvxfKx9PhZKcpyRUl2HPSGWrrvBoMwJ+",
"f7f00ef1-a4b1-416c-a2e6-795b6e23d144","OAES_005.basePlot.bet","D11","OAES","OAES_005","W","2016-07-27","2016-08-10","2016-08-11","2016-10-27",,"OAES_005.W.20160810","oszmWJzaoIvBSB4aZhff/HiwP1l0CCDsK5S2IB28Q8Y=","invert bycatch",,,,,,,,,,"cJ8Mt89MTxlqOnAc6pDp/DoDhz6eIepx",
"ee8c798a-e55f-4d92-8543-222fa9e933cd","OAES_002.basePlot.bet","D11","OAES","OAES_002","E","2016-07-27","2016-08-10","2016-08-11","2016-12-19","2016-12-19","OAES_002.E.20160810","DJFzCWJFd2jfU9E7CBwBR3zGmzp3wW4X/AvJjZC3W+g=","carabid","PASCAL","Pasimachus californicus","species",,"Chaudoir",,3,"Purrington, F., and C. J. Drake. 2005. A key to adult Nearctic Pasimachus (Pasimachus) Bonelli (Coleoptera: Carabidae: Scaritini), with comments on their functional mouthpart morphology. Entomological News 116:253-262.","cJ8Mt89MTxlqOnAc6pDp/DoDhz6eIepx","YvxfKx9PhZKcpyRUl2HPSGWrrvBoMwJ+",
"ac6cc2ac-ee97-4591-a530-2e515a57ccc7","OAES_002.basePlot.bet","D11","OAES","OAES_002","S","2016-07-27","2016-08-10","2016-08-11","2016-12-19","2016-12-19","OAES_002.S.20160810","DJFzCWJFd2i+o8sTxKacNSYN3SKZVJFsQG6hF8dydiE=","carabid","PASCAL","Pasimachus californicus","species",,"Chaudoir",,2,"Purrington, F., and C. J. Drake. 2005. A key to adult Nearctic Pasimachus (Pasimachus) Bonelli (Coleoptera: Carabidae: Scaritini), with comments on their functional mouthpart morphology. Entomological News 116:253-262.","cJ8Mt89MTxlqOnAc6pDp/DoDhz6eIepx","cJ8Mt89MTxlqOnAc6pDp/DoDhz6eIepx",
"a4c400be-5451-44df-8b6b-53e41c37097b","OAES_002.basePlot.bet","D11","OAES","OAES_002","E","2016-07-27","2016-08-10","2016-08-11","2016-10-18",,"OAES_002.E.20160810","DJFzCWJFd2jfU9E7CBwBRw6rygHGjBqd3UjjOxOVQGk=","invert bycatch",,,,,,,,,,"YvxfKx9PhZKcpyRUl2HPSGWrrvBoMwJ+",
"3da9a14d-5616-4c2a-8c68-0677fb78e8e2","OAES_002.basePlot.bet","D11","OAES","OAES_002","W","2016-07-27","2016-08-10","2016-08-11","2016-10-18",,"OAES_002.W.20160810","DJFzCWJFd2g5viT0ZWidnmUaYV9quSwQouR4tO98cd0=","invert bycatch",,,,,,,,,,"YvxfKx9PhZKcpyRUl2HPSGWrrvBoMwJ+",
"a48d1627-809d-4b15-b320-46cf5f1fb10b","OAES_002.basePlot.bet","D11","OAES","OAES_002","S","2016-07-27","2016-08-10","2016-08-11","2016-10-18",,"OAES_002.S.20160810","DJFzCWJFd2i+o8sTxKacNfiCoz2Ppoblql7RsNGMJ10=","invert bycatch",,,,,,,,,,"cJ8Mt89MTxlqOnAc6pDp/DoDhz6eIepx",
"ad39b8df-a493-4559-81e9-9d2b443dc12a","OAES_001.basePlot.bet","D11","OAES","OAES_001","W","2016-07-27","2016-08-10","2016-08-11","2016-12-19","2016-12-19","OAES_001.W.20160810","Yz+fJngcyZ8dsxE7am8L8M7XOOf7RiwnpGqSWpGG544=","carabid","PASCAL","Pasimachus californicus","species",,"Chaudoir",,1,"Purrington, F., and C. J. Drake. 2005. A key to adult Nearctic Pasimachus (Pasimachus) Bonelli (Coleoptera: Carabidae: Scaritini), with comments on their functional mouthpart morphology. Entomological News 116:253-262.","cJ8Mt89MTxlqOnAc6pDp/DoDhz6eIepx","nLY7eam4tn5KvmhUGKXYjL1ERBP4294P",
"50aed5ec-9735-42fb-b0b4-6de528ed9056","OAES_001.basePlot.bet","D11","OAES","OAES_001","N","2016-07-27","2016-08-10","2016-08-11","2016-10-20",,"OAES_001.N.20160810","Yz+fJngcyZ+nxrnlhNg+TNAFB0lEmrsjCnH7A7mpjrk=","invert bycatch",,,,,,,,,,"nLY7eam4tn5KvmhUGKXYjL1ERBP4294P",
"c47c86f5-9634-4132-a9a2-a4e7ad3d61f9","OAES_002.basePlot.bet","D11","OAES","OAES_002","W","2016-07-27","2016-08-10","2016-08-11","2016-12-19","2016-12-19","OAES_002.W.20160810","DJFzCWJFd2g5viT0ZWidnook8Rsb3hW/P6z+zIA9wkc=","carabid","PASCAL","Pasimachus californicus","species",,"Chaudoir",,2,"Purrington, F., and C. J. Drake. 2005. A key to adult Nearctic Pasimachus (Pasimachus) Bonelli (Coleoptera: Carabidae: Scaritini), with comments on their functional mouthpart morphology. Entomological News 116:253-262.","cJ8Mt89MTxlqOnAc6pDp/DoDhz6eIepx","YvxfKx9PhZKcpyRUl2HPSGWrrvBoMwJ+",
"b1df51d2-ebb6-415d-b561-050b3fab81a4","OAES_001.basePlot.bet","D11","OAES","OAES_001","N","2016-07-27","2016-08-10","2016-08-11","2016-12-19","2016-12-19","OAES_001.N.20160810","Yz+fJngcyZ+nxrnlhNg+TBGn4ynCaoT5ZXP2UGbK5P8=","carabid","PASCAL","Pasimachus californicus","species",,"Chaudoir",,1,"Purrington, F., and C. J. Drake. 2005. A key to adult Nearctic Pasimachus (Pasimachus) Bonelli (Coleoptera: Carabidae: Scaritini), with comments on their functional mouthpart morphology. Entomological News 116:253-262.","cJ8Mt89MTxlqOnAc6pDp/DoDhz6eIepx","nLY7eam4tn5KvmhUGKXYjL1ERBP4294P",
"277510e5-9013-4a1f-8205-af8272e9b6e3","OAES_001.basePlot.bet","D11","OAES","OAES_001","W","2016-07-27","2016-08-10","2016-08-11","2016-10-20",,"OAES_001.W.20160810","Yz+fJngcyZ8dsxE7am8L8FiiPRYdmCyiNsHHV+yNIos=","invert bycatch",,,,,,,,,,"nLY7eam4tn5KvmhUGKXYjL1ERBP4294P",
"179bbfe6-a291-4bf6-b62c-e8ffd1f90c35","OAES_001.basePlot.bet","D11","OAES","OAES_001","S","2016-07-27","2016-08-10","2016-08-11","2016-10-20",,"OAES_001.S.20160810","Yz+fJngcyZ+uIp9dVa9J4liPtR3D32IHJxj2TuFgoBw=","invert bycatch",,,,,,,,,,"nLY7eam4tn5KvmhUGKXYjL1ERBP4294P",
"f4ed34e3-2b66-4de5-85ba-36e7124cb9cf","OAES_006.basePlot.bet","D11","OAES","OAES_006","E","2016-07-27","2016-08-10","2016-08-11","2016-10-25",,"OAES_006.E.20160810","mt2fHmHLlFkPrVrIXy3OctHZCMkX8E6EcrMCtZQGYPU=","invert bycatch",,,,,,,,,,"T48ujIthpoFxVaqhIzGBiC3cbejXuGly",
"283d661b-0c4b-428a-8c45-4b510aea11ea","OAES_006.basePlot.bet","D11","OAES","OAES_006","N","2016-07-27","2016-08-10","2016-10-25","2016-10-25",,"OAES_006.N.20160810","mt2fHmHLlFmcQnRqK5xFaLshez0FldWOLKiIrginxOc=","invert bycatch",,,,,,,,,,"T48ujIthpoFxVaqhIzGBiC3cbejXuGly",
"1221cea0-1a04-4259-94f7-a1262a597df2","OAES_006.basePlot.bet","D11","OAES","OAES_006","S","2016-07-27","2016-08-10","2016-08-11","2016-10-25",,"OAES_006.S.20160810","mt2fHmHLlFn5mehSrvvLX5jOQqoqQMig2nGRpDPFg1w=","invert bycatch",,,,,,,,,,"T48ujIthpoFxVaqhIzGBiC3cbejXuGly",
"e98db34b-c430-4602-a5e9-3f322d0573d3","OAES_007.basePlot.bet","D11","OAES","OAES_007","S","2016-07-27","2016-08-10","2016-10-25","2016-10-25",,"OAES_007.S.20160810","rDfCr2OaAq1ZXjg+669g6FEgkAEVPBb8aCJ81oB8Alw=","invert bycatch",,,,,,,,,,"T48ujIthpoFxVaqhIzGBiC3cbejXuGly",
"9a42b46d-566c-48d6-83e7-49b3e2e7db58","OAES_006.basePlot.bet","D11","OAES","OAES_006","W","2016-07-27","2016-08-10","2016-10-25","2016-10-25",,"OAES_006.W.20160810","mt2fHmHLlFmTfXWTiGkRuQE8QFOKgg5n/U76A8D1ZKY=","invert bycatch",,,,,,,,,,"T48ujIthpoFxVaqhIzGBiC3cbejXuGly",
"06717b87-118c-466b-81d6-474220c9dc0a","OAES_007.basePlot.bet","D11","OAES","OAES_007","E","2016-07-27","2016-08-10","2016-10-25","2016-10-25",,"OAES_007.E.20160810","rDfCr2OaAq3h0fZJr7IsyKF87T8uZKSXYZZwvidPMsI=","invert bycatch",,,,,,,,,,"T48ujIthpoFxVaqhIzGBiC3cbejXuGly",
"d9287ab0-2596-4e8d-bfa4-c099eb8f2fd6","OAES_007.basePlot.bet","D11","OAES","OAES_007","N","2016-07-27","2016-08-10","2016-08-11","2016-10-25",,"OAES_007.N.20160810","rDfCr2OaAq3qSFD69Ii1Bovgv55hXOGIAuaVbcyNW3c=","invert bycatch",,,,,,,,,,"T48ujIthpoFxVaqhIzGBiC3cbejXuGly",
"87ee467b-3045-4e57-9658-9badd075e835","OAES_007.basePlot.bet","D11","OAES","OAES_007","W","2016-07-27","2016-08-10","2016-10-25","2016-10-25",,"OAES_007.W.20160810","rDfCr2OaAq2BMhkpO4K1gns50MHIH0szmXs9YkkM3Zw=","invert bycatch",,,,,,,,,,"T48ujIthpoFxVaqhIzGBiC3cbejXuGly",
"a0cea01a-57d2-459d-8b8d-5c55db375137","OAES_004.basePlot.bet","D11","OAES","OAES_004","W","2016-07-27","2016-08-10","2016-08-11","2016-10-25",,"OAES_004.W.20160810","FpFkKsaMuACvSBTmR0ZcWNQVGJKE1c2F203rb4Lzj5U=","invert bycatch",,,,,,,,,,"T48ujIthpoFxVaqhIzGBiC3cbejXuGly",
"e8c0372a-e87d-4992-9bc6-0f26c6041f9b","OAES_021.basePlot.bet","D11","OAES","OAES_021","W","2016-07-27","2016-08-10","2016-08-11","2016-10-26",,"OAES_021.W.20160810","aFCS5Rk0SdYIsjj1zwOO/ODwA04M/tF9/wvTHlrX+18=","invert bycatch",,,,,,,,,,"cJ8Mt89MTxlqOnAc6pDp/DoDhz6eIepx",
"86d471bb-73c2-40f9-8dd5-a3cd9a512d0d","OAES_009.basePlot.bet","D11","OAES","OAES_009","E","2016-07-27","2016-08-10","2016-08-11","2016-12-19","2016-12-19","OAES_009.E.20160810","e+s5q3w8y7O99nT51Jq/pbZvmo4aO8hsgFQEj9OX1U8=","carabid","PASCAL","Pasimachus californicus","species",,"Chaudoir",,2,"Purrington, F., and C. J. Drake. 2005. A key to adult Nearctic Pasimachus (Pasimachus) Bonelli (Coleoptera: Carabidae: Scaritini), with comments on their functional mouthpart morphology. Entomological News 116:253-262.","cJ8Mt89MTxlqOnAc6pDp/DoDhz6eIepx","cJ8Mt89MTxlqOnAc6pDp/DoDhz6eIepx",
