ID,FAMILY,LATITUDE,LONGITUDE,DATE,SPECIESTOTAL,COUNTRYNUM,STATENUM,ROUTE
230,Alcidae,58.442,-134.766,2015,2,840,3,21
230,Alcidae,59.336,-135.568,1997,1,840,3,25
290,Alcidae,59.336,-135.568,1997,23,840,3,25
230,Alcidae,59.336,-135.568,1998,4,840,3,25
290,Alcidae,59.336,-135.568,1998,2,840,3,25
230,Alcidae,59.336,-135.568,1999,30,840,3,25
290,Alcidae,59.336,-135.568,1999,2,840,3,25
230,Alcidae,59.336,-135.568,2004,2,840,3,25
290,Alcidae,59.336,-135.568,2004,1,840,3,25
230,Alcidae,59.336,-135.568,2005,10,840,3,25
290,Alcidae,59.336,-135.568,2005,2,840,3,25
230,Alcidae,55.556,-133.085,1994,3,840,3,23
230,Alcidae,59.336,-135.568,2006,23,840,3,25
290,Alcidae,59.336,-135.568,2006,4,840,3,25
230,Alcidae,59.336,-135.568,2007,1,840,3,25
290,Alcidae,59.336,-135.568,2007,2,840,3,25
230,Alcidae,55.556,-133.085,1996,7,840,3,23
230,Alcidae,55.556,-133.085,1998,17,840,3,23
230,Alcidae,55.556,-133.085,1999,15,840,3,23
230,Alcidae,59.336,-135.568,2010,6,840,3,25
230,Alcidae,55.633,-132.75,1977,1,840,3,26
230,Alcidae,55.556,-133.085,2000,12,840,3,23
230,Alcidae,55.556,-133.085,2004,13,840,3,23
230,Alcidae,55.556,-133.085,2008,4,840,3,23
230,Alcidae,60.497,-145.87,2004,5,840,3,50
230,Alcidae,55.556,-133.085,2011,6,840,3,23
230,Alcidae,55.556,-133.085,2012,4,840,3,23
300,Alcidae,59.567,-151.333,1982,30,840,3,19
230,Alcidae,58.251,-134.628,1984,85,840,3,20
290,Alcidae,58.251,-134.628,1984,3,840,3,20
230,Alcidae,58.251,-134.628,1985,355,840,3,20
290,Alcidae,58.251,-134.628,1985,1,840,3,20
230,Alcidae,55.556,-133.085,2013,4,840,3,23
230,Alcidae,55.327,-131.521,1972,1,840,3,24
230,Alcidae,60.497,-145.87,2009,12,840,3,50
230,Alcidae,60.497,-145.87,2011,3,840,3,50
230,Alcidae,58.251,-134.628,1986,30,840,3,20
290,Alcidae,58.251,-134.628,1986,2,840,3,20
230,Alcidae,58.442,-134.766,1983,6,840,3,21
230,Alcidae,58.442,-134.766,1984,1,840,3,21
230,Alcidae,60.497,-145.87,2014,2,840,3,50
290,Alcidae,58.442,-134.766,1985,1,840,3,21
230,Alcidae,58.442,-134.766,1986,6,840,3,21
290,Alcidae,58.442,-134.766,1986,2,840,3,21
230,Alcidae,58.442,-134.766,1989,17,840,3,21
230,Alcidae,55.327,-131.521,1994,1,840,3,24
230,Alcidae,55.327,-131.521,1995,1,840,3,24
230,Alcidae,55.327,-131.521,1996,8,840,3,24
230,Alcidae,58.442,-134.766,1990,2,840,3,21
290,Alcidae,58.442,-134.766,1990,1,840,3,21
230,Alcidae,58.442,-134.766,1991,4,840,3,21
230,Alcidae,58.442,-134.766,1992,2,840,3,21
230,Alcidae,58.442,-134.766,1993,8,840,3,21
290,Alcidae,58.442,-134.766,1993,1,840,3,21
230,Alcidae,55.327,-131.521,1997,9,840,3,24
230,Alcidae,55.327,-131.521,1998,9,840,3,24
230,Alcidae,55.327,-131.521,1999,15,840,3,24
230,Alcidae,55.327,-131.521,2000,13,840,3,24
230,Alcidae,58.442,-134.766,1994,1,840,3,21
230,Alcidae,58.442,-134.766,1995,1,840,3,21
230,Alcidae,55.327,-131.521,2001,10,840,3,24
230,Alcidae,55.327,-131.521,2002,2,840,3,24
230,Alcidae,55.327,-131.521,2004,1,840,3,24
230,Alcidae,58.442,-134.766,1996,19,840,3,21
230,Alcidae,58.442,-134.766,1997,12,840,3,21
230,Alcidae,58.442,-134.766,1998,3,840,3,21
290,Alcidae,58.442,-134.766,1998,2,840,3,21
230,Alcidae,55.327,-131.521,2005,6,840,3,24
230,Alcidae,55.327,-131.521,2007,2,840,3,24
230,Alcidae,55.327,-131.521,2008,3,840,3,24
230,Alcidae,58.442,-134.766,2000,4,840,3,21
230,Alcidae,58.442,-134.766,2001,12,840,3,21
230,Alcidae,58.442,-134.766,2002,9,840,3,21
230,Alcidae,55.327,-131.521,2009,6,840,3,24
230,Alcidae,55.327,-131.521,2015,20,840,3,24
300,Alcidae,55.327,-131.521,2015,1,840,3,24
230,Alcidae,55.327,-131.521,2016,7,840,3,24
230,Alcidae,58.442,-134.766,2003,13,840,3,21
230,Alcidae,58.442,-134.766,2004,5,840,3,21
230,Alcidae,58.442,-134.766,2005,10,840,3,21
230,Alcidae,59.336,-135.568,1975,4,840,3,25
290,Alcidae,59.336,-135.568,1989,13,840,3,25
230,Alcidae,58.442,-134.766,2006,12,840,3,21
230,Alcidae,58.442,-134.766,2007,10,840,3,21
230,Alcidae,58.442,-134.766,2008,12,840,3,21
230,Alcidae,59.336,-135.568,1991,5,840,3,25
230,Alcidae,59.336,-135.568,1993,11,840,3,25
290,Alcidae,59.336,-135.568,1993,8,840,3,25
230,Alcidae,59.336,-135.568,1994,12,840,3,25
290,Alcidae,59.336,-135.568,1994,7,840,3,25
230,Alcidae,58.442,-134.766,2009,21,840,3,21
230,Alcidae,58.442,-134.766,2010,9,840,3,21
230,Alcidae,58.442,-134.766,2011,18,840,3,21
230,Alcidae,59.336,-135.568,1995,12,840,3,25
290,Alcidae,59.336,-135.568,1995,3,840,3,25
230,Alcidae,59.336,-135.568,1996,35,840,3,25
230,Alcidae,58.442,-134.766,2012,11,840,3,21
230,Alcidae,58.442,-134.766,2013,26,840,3,21
290,Alcidae,58.442,-134.766,2013,1,840,3,21
230,Alcidae,58.442,-134.766,2014,10,840,3,21
120,Alcidae,51.827,-176.636,1983,24,840,3,90
140,Alcidae,51.827,-176.636,1983,2,840,3,90
210,Alcidae,51.827,-176.636,1983,14,840,3,90
290,Alcidae,51.827,-176.636,1983,3,840,3,90
140,Alcidae,51.827,-176.636,1984,1,840,3,90
230,Alcidae,51.827,-176.636,1984,4,840,3,90
120,Alcidae,51.827,-176.636,1985,10,840,3,90
140,Alcidae,51.827,-176.636,1985,29,840,3,90
230,Alcidae,51.827,-176.636,1985,2,840,3,90
120,Alcidae,51.827,-176.636,1986,20,840,3,90
140,Alcidae,51.827,-176.636,1986,11,840,3,90
230,Alcidae,51.827,-176.636,1986,32,840,3,90
120,Alcidae,51.827,-176.636,1987,5,840,3,90
140,Alcidae,51.827,-176.636,1987,2,840,3,90
230,Alcidae,51.827,-176.636,1987,51,840,3,90
240,Alcidae,51.827,-176.636,1987,4,840,3,90
290,Alcidae,51.827,-176.636,1987,2,840,3,90
230,Alcidae,51.827,-176.636,1990,25,840,3,90
210,Alcidae,51.827,-176.636,1991,7,840,3,90
230,Alcidae,51.827,-176.636,1991,124,840,3,90
290,Alcidae,51.827,-176.636,1991,4,840,3,90
210,Alcidae,51.827,-176.636,1992,5,840,3,90
290,Alcidae,51.827,-176.636,1992,2,840,3,90
120,Alcidae,51.827,-176.636,1993,5,840,3,90
210,Alcidae,51.827,-176.636,1993,3,840,3,90
230,Alcidae,51.827,-176.636,1993,2,840,3,90
290,Alcidae,51.827,-176.636,1993,1,840,3,90
230,Alcidae,51.827,-176.636,1994,21,840,3,90
120,Alcidae,51.827,-176.636,1995,4,840,3,90
210,Alcidae,51.827,-176.636,1995,9,840,3,90
230,Alcidae,51.827,-176.636,1995,12,840,3,90
290,Alcidae,51.827,-176.636,1995,3,840,3,90
230,Alcidae,51.827,-176.636,1996,18,840,3,90
210,Alcidae,51.827,-176.636,1997,11,840,3,90
230,Alcidae,51.827,-176.636,1997,119,840,3,90
240,Alcidae,51.827,-176.636,1997,21,840,3,90
290,Alcidae,51.827,-176.636,1997,2,840,3,90
240,Alcidae,51.827,-176.636,2001,2,840,3,90
290,Alcidae,51.827,-176.636,2001,2,840,3,90
230,Alcidae,59.444,-139.565,2014,5,840,3,125
290,Alcidae,59.444,-139.565,2014,1,840,3,125
230,Alcidae,59.444,-139.565,2015,4,840,3,125
290,Alcidae,59.444,-139.565,2015,1,840,3,125
230,Alcidae,56.808,-132.913,1984,1,840,3,121
230,Alcidae,56.808,-132.913,1987,106,840,3,121
290,Alcidae,57.533,-152.45,1985,1,840,3,131
230,Alcidae,57.533,-152.45,1986,22,840,3,131
290,Alcidae,57.533,-152.45,1986,4,840,3,131
230,Alcidae,57.533,-152.45,1987,4,840,3,131
290,Alcidae,57.533,-152.45,1987,2,840,3,131
230,Alcidae,57.533,-152.45,1988,22,840,3,131
290,Alcidae,57.533,-152.45,1988,1,840,3,131
230,Alcidae,57.533,-152.45,1989,10,840,3,131
290,Alcidae,57.533,-152.45,1989,3,840,3,131
230,Alcidae,57.533,-152.45,1990,21,840,3,131
290,Alcidae,57.533,-152.45,1990,9,840,3,131
230,Alcidae,57.017,-135.155,1997,6,840,3,122
230,Alcidae,57.017,-135.155,2011,7,840,3,122
230,Alcidae,57.533,-152.45,1991,9,840,3,131
290,Alcidae,57.533,-152.45,1991,6,840,3,131
230,Alcidae,57.533,-152.45,1992,14,840,3,131
290,Alcidae,57.533,-152.45,1992,4,840,3,131
230,Alcidae,57.533,-152.45,1993,33,840,3,131
290,Alcidae,57.533,-152.45,1993,17,840,3,131
230,Alcidae,57.017,-135.155,2014,4,840,3,122
230,Alcidae,57.017,-135.155,2015,11,840,3,122
230,Alcidae,57.533,-152.45,1994,13,840,3,131
290,Alcidae,57.533,-152.45,1994,8,840,3,131
230,Alcidae,57.533,-152.45,1995,13,840,3,131
290,Alcidae,57.533,-152.45,1995,6,840,3,131
230,Alcidae,57.533,-152.45,1996,8,840,3,131
290,Alcidae,57.533,-152.45,1996,12,840,3,131
230,Alcidae,55.688,-132.626,1992,10,840,3,123
230,Alcidae,55.688,-132.626,1993,3,840,3,123
230,Alcidae,57.533,-152.45,1997,24,840,3,131
290,Alcidae,57.533,-152.45,1997,11,840,3,131
230,Alcidae,57.533,-152.45,1998,9,840,3,131
290,Alcidae,57.533,-152.45,1998,10,840,3,131
230,Alcidae,57.533,-152.45,2000,30,840,3,131
290,Alcidae,57.533,-152.45,2000,38,840,3,131
230,Alcidae,55.688,-132.626,1995,6,840,3,123
230,Alcidae,55.688,-132.626,1997,7,840,3,123
230,Alcidae,57.533,-152.45,2002,10,840,3,131
290,Alcidae,57.533,-152.45,2002,14,840,3,131
230,Alcidae,57.533,-152.45,2006,7,840,3,131
290,Alcidae,57.533,-152.45,2006,6,840,3,131
230,Alcidae,57.533,-152.45,2007,36,840,3,131
290,Alcidae,57.533,-152.45,2007,8,840,3,131
230,Alcidae,55.688,-132.626,1998,2,840,3,123
230,Alcidae,55.688,-132.626,1999,2,840,3,123
230,Alcidae,55.688,-132.626,2001,14,840,3,123
230,Alcidae,57.533,-152.45,2008,43,840,3,131
290,Alcidae,57.533,-152.45,2008,12,840,3,131
230,Alcidae,57.533,-152.45,2009,77,840,3,131
290,Alcidae,57.533,-152.45,2009,27,840,3,131
230,Alcidae,57.533,-152.45,2010,40,840,3,131
290,Alcidae,57.533,-152.45,2010,17,840,3,131
140,Alcidae,55.269,-162.898,2005,3,840,3,191
290,Alcidae,55.269,-162.898,2005,8,840,3,191
230,Alcidae,55.688,-132.626,2002,3,840,3,123
230,Alcidae,55.688,-132.626,2003,9,840,3,123
230,Alcidae,55.688,-132.626,2004,14,840,3,123
230,Alcidae,55.688,-132.626,2005,5,840,3,123
230,Alcidae,57.533,-152.45,2011,31,840,3,131
290,Alcidae,57.533,-152.45,2011,10,840,3,131
230,Alcidae,57.533,-152.45,2012,19,840,3,131
290,Alcidae,57.533,-152.45,2012,12,840,3,131
230,Alcidae,57.533,-152.45,2013,20,840,3,131
230,Alcidae,57.533,-152.45,2014,19,840,3,131
290,Alcidae,57.533,-152.45,2014,4,840,3,131
290,Alcidae,55.269,-162.898,2006,30,840,3,191
290,Alcidae,55.269,-162.898,2007,2,840,3,191
230,Alcidae,60.497,-145.87,2015,2,840,3,50
230,Alcidae,55.688,-132.626,2007,1,840,3,123
230,Alcidae,55.688,-132.626,2008,1,840,3,123
230,Alcidae,55.688,-132.626,2012,9,840,3,123
230,Alcidae,57.533,-152.45,2015,13,840,3,131
290,Alcidae,57.533,-152.45,2015,3,840,3,131
230,Alcidae,57.533,-152.45,2016,8,840,3,131
230,Alcidae,59.444,-139.565,1993,4,840,3,125
230,Alcidae,59.444,-139.565,1994,12,840,3,125
230,Alcidae,59.444,-139.565,1995,19,840,3,125
300,Alcidae,59.444,-139.565,1995,1,840,3,125
230,Alcidae,59.444,-139.565,1996,6,840,3,125
230,Alcidae,59.444,-139.565,1997,15,840,3,125
230,Alcidae,59.444,-139.565,1998,6,840,3,125
230,Alcidae,59.444,-139.565,1999,7,840,3,125
230,Alcidae,59.444,-139.565,2000,3,840,3,125
230,Alcidae,59.444,-139.565,2001,7,840,3,125
230,Alcidae,59.444,-139.565,2002,8,840,3,125
290,Alcidae,59.444,-139.565,2002,1,840,3,125
230,Alcidae,59.444,-139.565,2004,2,840,3,125
290,Alcidae,59.444,-139.565,2006,1,840,3,125
230,Alcidae,59.444,-139.565,2008,1,840,3,125
290,Alcidae,59.444,-139.565,2008,1,840,3,125
290,Alcidae,59.444,-139.565,2009,1,840,3,125
230,Alcidae,59.444,-139.565,2010,1,840,3,125
230,Alcidae,59.444,-139.565,2011,2,840,3,125
290,Alcidae,59.444,-139.565,2012,2,840,3,125
230,Alcidae,59.444,-139.565,2013,1,840,3,125
290,Alcidae,59.444,-139.565,2013,1,840,3,125
230,Alcidae,56.46,-132.38,2015,10,840,3,224
230,Alcidae,56.46,-132.38,2016,14,840,3,224
290,Alcidae,56.46,-132.38,2016,1,840,3,224
290,Alcidae,57.813,-152.618,1985,5,840,3,231
230,Alcidae,56.74,-132.766,1993,11,840,3,221
230,Alcidae,56.74,-132.766,1994,7,840,3,221
230,Alcidae,56.74,-132.766,1995,3,840,3,221
290,Alcidae,57.813,-152.618,1986,3,840,3,231
290,Alcidae,57.813,-152.618,1988,6,840,3,231
290,Alcidae,57.813,-152.618,1989,4,840,3,231
230,Alcidae,56.74,-132.766,1996,26,840,3,221
230,Alcidae,56.74,-132.766,1997,4,840,3,221
230,Alcidae,56.74,-132.766,1998,5,840,3,221
290,Alcidae,57.813,-152.618,1992,4,840,3,231
290,Alcidae,57.813,-152.618,1993,1,840,3,231
230,Alcidae,56.74,-132.766,2000,2,840,3,221
230,Alcidae,56.74,-132.766,2001,67,840,3,221
230,Alcidae,56.74,-132.766,2002,1,840,3,221
230,Alcidae,56.74,-132.766,2003,6,840,3,221
230,Alcidae,57.813,-152.618,1994,2,840,3,231
290,Alcidae,57.813,-152.618,1994,8,840,3,231
290,Alcidae,57.813,-152.618,1996,5,840,3,231
290,Alcidae,57.813,-152.618,1997,1,840,3,231
230,Alcidae,57.813,-152.618,2000,2,840,3,231
230,Alcidae,56.74,-132.766,2004,6,840,3,221
230,Alcidae,56.74,-132.766,2007,1,840,3,221
230,Alcidae,56.74,-132.766,2008,1,840,3,221
290,Alcidae,57.813,-152.618,2002,4,840,3,231
290,Alcidae,57.813,-152.618,2006,2,840,3,231
230,Alcidae,56.74,-132.766,2009,15,840,3,221
230,Alcidae,56.74,-132.766,2010,6,840,3,221
230,Alcidae,56.74,-132.766,2011,4,840,3,221
290,Alcidae,57.813,-152.618,2008,6,840,3,231
290,Alcidae,57.813,-152.618,2009,5,840,3,231
290,Alcidae,57.813,-152.618,2010,5,840,3,231
290,Alcidae,57.813,-152.618,2011,3,840,3,231
230,Alcidae,56.74,-132.766,2012,3,840,3,221
230,Alcidae,55.844,-132.543,2013,13,840,3,223
290,Alcidae,57.813,-152.618,2012,1,840,3,231
230,Alcidae,57.813,-152.618,2013,1,840,3,231
290,Alcidae,57.813,-152.618,2013,1,840,3,231
290,Alcidae,57.813,-152.618,2014,1,840,3,231
290,Alcidae,57.813,-152.618,2015,3,840,3,231
230,Alcidae,55.844,-132.543,2016,2,840,3,223
230,Alcidae,56.46,-132.38,1990,6,840,3,224
290,Alcidae,57.813,-152.618,2016,1,840,3,231
230,Alcidae,56.46,-132.38,1991,2,840,3,224
230,Alcidae,56.46,-132.38,1992,1,840,3,224
230,Alcidae,56.46,-132.38,1993,1,840,3,224
230,Alcidae,56.46,-132.38,1994,1,840,3,224
230,Alcidae,56.46,-132.38,1996,2,840,3,224
290,Alcidae,56.46,-132.38,1996,10,840,3,224
230,Alcidae,56.46,-132.38,1997,16,840,3,224
290,Alcidae,56.46,-132.38,1997,4,840,3,224
230,Alcidae,56.46,-132.38,1998,17,840,3,224
230,Alcidae,56.46,-132.38,1999,5,840,3,224
230,Alcidae,56.46,-132.38,2000,5,840,3,224
290,Alcidae,56.46,-132.38,2000,6,840,3,224
230,Alcidae,56.46,-132.38,2001,3,840,3,224
290,Alcidae,56.46,-132.38,2001,2,840,3,224
230,Alcidae,56.46,-132.38,2002,12,840,3,224
290,Alcidae,56.46,-132.38,2002,2,840,3,224
230,Alcidae,56.46,-132.38,2003,9,840,3,224
230,Alcidae,56.46,-132.38,2004,8,840,3,224
290,Alcidae,56.46,-132.38,2004,1,840,3,224
230,Alcidae,56.46,-132.38,2005,10,840,3,224
230,Alcidae,56.46,-132.38,2006,5,840,3,224
230,Alcidae,56.46,-132.38,2007,15,840,3,224
290,Alcidae,56.46,-132.38,2007,4,840,3,224
230,Alcidae,56.46,-132.38,2008,23,840,3,224
290,Alcidae,56.46,-132.38,2009,3,840,3,224
230,Alcidae,56.74,-132.766,1988,4,840,3,221
230,Alcidae,56.74,-132.766,1989,13,840,3,221
230,Alcidae,56.46,-132.38,2010,7,840,3,224
290,Alcidae,56.46,-132.38,2010,1,840,3,224
230,Alcidae,56.46,-132.38,2011,4,840,3,224
290,Alcidae,56.46,-132.38,2011,5,840,3,224
230,Alcidae,56.74,-132.766,1990,20,840,3,221
230,Alcidae,56.74,-132.766,1991,1,840,3,221
230,Alcidae,56.74,-132.766,1992,7,840,3,221
230,Alcidae,56.46,-132.38,2012,2,840,3,224
290,Alcidae,56.46,-132.38,2012,1,840,3,224
230,Alcidae,56.46,-132.38,2013,21,840,3,224
290,Alcidae,56.46,-132.38,2013,8,840,3,224
230,Alcidae,56.46,-132.38,2014,12,840,3,224
290,Alcidae,56.46,-132.38,2014,1,840,3,224
300,Alcidae,64.488,-165.312,2015,150,840,3,402
230,Alcidae,59.418,-139.022,2016,2,840,3,321
230,Alcidae,59.418,-139.022,1994,4,840,3,321
230,Alcidae,59.418,-139.022,1995,12,840,3,321
230,Alcidae,59.418,-139.022,1996,2,840,3,321
230,Alcidae,59.418,-139.022,1997,4,840,3,321
300,Alcidae,64.488,-165.312,2003,1,840,3,402
230,Alcidae,59.418,-139.022,1998,6,840,3,321
230,Alcidae,59.418,-139.022,2000,1,840,3,321
230,Alcidae,59.418,-139.022,2001,4,840,3,321
300,Alcidae,64.488,-165.312,2004,11,840,3,402
310,Alcidae,64.488,-165.312,2004,1,840,3,402
300,Alcidae,64.488,-165.312,2005,1,840,3,402
230,Alcidae,59.418,-139.022,2004,16,840,3,321
300,Alcidae,64.488,-165.312,2006,2,840,3,402
120,Alcidae,64.488,-165.312,2007,1,840,3,402
230,Alcidae,59.418,-139.022,2007,3,840,3,321
230,Alcidae,59.418,-139.022,2010,2,840,3,321
140,Alcidae,64.488,-165.312,2009,1,840,3,402
230,Alcidae,59.418,-139.022,2012,2,840,3,321
230,Alcidae,59.418,-139.022,2013,1,840,3,321
140,Alcidae,64.488,-165.312,2011,1,840,3,402
300,Alcidae,64.488,-165.312,2011,13,840,3,402
230,Alcidae,57.922,-135.046,2007,1,840,3,411
230,Alcidae,57.922,-135.046,2009,11,840,3,411
230,Alcidae,57.922,-135.046,2010,19,840,3,411
230,Alcidae,57.922,-135.046,2011,5,840,3,411
230,Alcidae,57.922,-135.046,2012,30,840,3,411
230,Alcidae,57.922,-135.046,2013,2,840,3,411
230,Alcidae,57.922,-135.046,2014,8,840,3,411
230,Alcidae,57.922,-135.046,2015,18,840,3,411
230,Alcidae,57.922,-135.046,2016,1,840,3,411
230,Alcidae,56.208,-133.078,1997,17,840,3,412
230,Alcidae,56.208,-133.078,2001,3,840,3,412
230,Alcidae,56.208,-133.078,2003,8,840,3,412
230,Alcidae,56.208,-133.078,2004,7,840,3,412
230,Alcidae,56.208,-133.078,2005,3,840,3,412
230,Alcidae,56.208,-133.078,2008,1,840,3,412
230,Alcidae,56.208,-133.078,2010,3,840,3,412
230,Alcidae,56.208,-133.078,2012,14,840,3,412
230,Alcidae,56.208,-133.078,2013,15,840,3,412
230,Alcidae,56.208,-133.078,2014,24,840,3,412
230,Alcidae,57.922,-135.046,1993,4,840,3,411
230,Alcidae,57.922,-135.046,1994,10,840,3,411
230,Alcidae,57.922,-135.046,1995,2,840,3,411
230,Alcidae,57.922,-135.046,1996,11,840,3,411
230,Alcidae,57.922,-135.046,1997,2,840,3,411
230,Alcidae,57.922,-135.046,1998,4,840,3,411
230,Alcidae,57.922,-135.046,2000,1,840,3,411
230,Alcidae,57.922,-135.046,2001,23,840,3,411
230,Alcidae,57.922,-135.046,2002,14,840,3,411
230,Alcidae,57.922,-135.046,2003,11,840,3,411
230,Alcidae,57.922,-135.046,2004,2,840,3,411
230,Alcidae,56.35,-132.767,2003,6,840,3,429
230,Alcidae,56.35,-132.767,2005,13,840,3,429
230,Alcidae,56.35,-132.767,2008,2,840,3,429
230,Alcidae,56.35,-132.767,2009,56,840,3,429
230,Alcidae,56.35,-132.767,2010,3,840,3,429
230,Alcidae,56.35,-132.767,2011,4,840,3,429
230,Alcidae,57.838,-135.06,1995,6,840,3,435
230,Alcidae,57.838,-135.06,1997,34,840,3,435
230,Alcidae,57.838,-135.06,2000,3,840,3,435
230,Alcidae,57.838,-135.06,2001,12,840,3,435
230,Alcidae,57.838,-135.06,2003,12,840,3,435
230,Alcidae,57.838,-135.06,2005,2,840,3,435
230,Alcidae,57.838,-135.06,2007,5,840,3,435
230,Alcidae,57.838,-135.06,2010,7,840,3,435
230,Alcidae,57.838,-135.06,2011,38,840,3,435
230,Alcidae,57.838,-135.06,2012,10,840,3,435
230,Alcidae,57.838,-135.06,2013,9,840,3,435
230,Alcidae,57.838,-135.06,2014,25,840,3,435
230,Alcidae,57.838,-135.06,2015,38,840,3,435
230,Alcidae,59.529,-135.351,1997,1,840,3,425
230,Alcidae,59.529,-135.351,1999,2,840,3,425
230,Alcidae,57.838,-135.06,2016,16,840,3,435
230,Alcidae,59.529,-135.351,2004,1,840,3,425
230,Alcidae,59.529,-135.351,2008,2,840,3,425
230,Alcidae,59.529,-135.351,2009,1,840,3,425
230,Alcidae,56.35,-132.767,1993,2,840,3,429
230,Alcidae,56.35,-132.767,1994,2,840,3,429
230,Alcidae,56.35,-132.767,1996,6,840,3,429
230,Alcidae,59.529,-135.351,2010,2,840,3,425
230,Alcidae,56.35,-132.767,1999,1,840,3,429
230,Alcidae,59.529,-135.351,2012,1,840,3,425
230,Alcidae,59.529,-135.351,2013,8,840,3,425
230,Alcidae,56.35,-132.767,2001,28,840,3,429
230,Alcidae,56.708,-134.242,2004,24,840,3,907
230,Alcidae,60.465,-145.348,2011,1,840,3,850
230,Alcidae,56.708,-134.242,2010,2,840,3,907
230,Alcidae,56.647,-131.857,2002,9,840,3,906
290,Alcidae,55.169,-162.742,1991,3,840,3,891
310,Alcidae,66.902,-162.564,2011,1,840,3,444
230,Alcidae,56.647,-131.857,2007,1,840,3,906
230,Alcidae,48.422,-124.055,1974,2,124,11,2
290,Alcidae,49.294,-114.732,1997,2,124,11,3
230,Alcidae,49.407,-123.513,1974,19,124,11,12
230,Alcidae,49.407,-123.513,1981,2,124,11,12
230,Alcidae,49.407,-123.513,1985,2,124,11,12
290,Alcidae,49.407,-123.513,1985,1,124,11,12
230,Alcidae,49.407,-123.513,1996,3,124,11,12
230,Alcidae,49.475,-125.188,2001,2,124,11,14
230,Alcidae,50.704,-127.877,1982,2,124,11,28
230,Alcidae,50.704,-127.877,1984,4,124,11,28
230,Alcidae,50.704,-127.877,1989,3,124,11,28
290,Alcidae,48.405,-123.35,2000,3,124,11,201
150,Alcidae,48.405,-123.35,2002,1,124,11,201
230,Alcidae,48.872,-124.815,1998,2,124,11,202
230,Alcidae,48.872,-124.815,1999,4,124,11,202
230,Alcidae,48.872,-124.815,2001,2,124,11,202
230,Alcidae,48.872,-124.815,2003,5,124,11,202
230,Alcidae,48.872,-124.815,2013,2,124,11,202
150,Alcidae,48.405,-123.35,1974,2,124,11,201
150,Alcidae,48.405,-123.35,1975,16,124,11,201
290,Alcidae,48.405,-123.35,1975,5,124,11,201
150,Alcidae,48.405,-123.35,1976,4,124,11,201
290,Alcidae,48.405,-123.35,1976,2,124,11,201
150,Alcidae,48.405,-123.35,1977,11,124,11,201
290,Alcidae,48.405,-123.35,1977,1,124,11,201
150,Alcidae,48.405,-123.35,1978,11,124,11,201
150,Alcidae,48.405,-123.35,1979,3,124,11,201
290,Alcidae,48.405,-123.35,1979,1,124,11,201
150,Alcidae,48.405,-123.35,1980,6,124,11,201
230,Alcidae,48.405,-123.35,1980,2,124,11,201
290,Alcidae,48.405,-123.35,1980,1,124,11,201
150,Alcidae,48.405,-123.35,1981,20,124,11,201
290,Alcidae,48.405,-123.35,1981,1,124,11,201
150,Alcidae,48.405,-123.35,1982,39,124,11,201
150,Alcidae,48.405,-123.35,1988,29,124,11,201
290,Alcidae,48.405,-123.35,1988,1,124,11,201
150,Alcidae,48.405,-123.35,1989,60,124,11,201
230,Alcidae,48.405,-123.35,1989,3,124,11,201
290,Alcidae,48.405,-123.35,1989,2,124,11,201
300,Alcidae,48.405,-123.35,1989,8,124,11,201
150,Alcidae,54.031,-132.057,1993,1,124,11,198
230,Alcidae,54.031,-132.057,1993,14,124,11,198
290,Alcidae,54.031,-132.057,1993,7,124,11,198
150,Alcidae,54.031,-132.057,1994,2,124,11,198
230,Alcidae,54.031,-132.057,1994,14,124,11,198
290,Alcidae,54.031,-132.057,1994,4,124,11,198
230,Alcidae,54.031,-132.057,1995,12,124,11,198
230,Alcidae,54.031,-132.057,1996,7,124,11,198
150,Alcidae,54.031,-132.057,1997,12,124,11,198
230,Alcidae,54.031,-132.057,1997,4,124,11,198
150,Alcidae,54.031,-132.057,2002,2,124,11,198
230,Alcidae,54.031,-132.057,2002,3,124,11,198
290,Alcidae,54.031,-132.057,2002,19,124,11,198
150,Alcidae,54.031,-132.057,2003,1,124,11,198
230,Alcidae,54.031,-132.057,2003,5,124,11,198
290,Alcidae,54.031,-132.057,2003,3,124,11,198
230,Alcidae,50.026,-125.241,2002,1,124,11,126
230,Alcidae,50.026,-125.241,2003,2,124,11,126
150,Alcidae,54.031,-132.057,2004,34,124,11,198
230,Alcidae,54.031,-132.057,2004,2,124,11,198
290,Alcidae,54.031,-132.057,2004,24,124,11,198
150,Alcidae,54.031,-132.057,2005,7,124,11,198
230,Alcidae,54.031,-132.057,2005,2,124,11,198
290,Alcidae,54.031,-132.057,2005,43,124,11,198
290,Alcidae,54.031,-132.057,2006,10,124,11,198
150,Alcidae,54.031,-132.057,2007,55,124,11,198
230,Alcidae,54.031,-132.057,2007,2,124,11,198
290,Alcidae,54.031,-132.057,2007,1,124,11,198
230,Alcidae,54.031,-132.057,2008,2,124,11,198
150,Alcidae,54.031,-132.057,2009,16,124,11,198
290,Alcidae,54.031,-132.057,2010,2,124,11,198
150,Alcidae,54.031,-132.057,2011,34,124,11,198
290,Alcidae,54.031,-132.057,2011,2,124,11,198
230,Alcidae,54.031,-132.057,2013,2,124,11,198
290,Alcidae,54.031,-132.057,2013,5,124,11,198
150,Alcidae,54.031,-132.057,2016,2,124,11,198
230,Alcidae,54.031,-132.057,2016,2,124,11,198
290,Alcidae,54.031,-132.057,2016,10,124,11,198
230,Alcidae,53.251,-132.117,1990,1,124,11,199
230,Alcidae,53.251,-132.117,1994,16,124,11,199
230,Alcidae,53.251,-132.117,1996,2,124,11,199
230,Alcidae,53.251,-132.117,2002,3,124,11,199
230,Alcidae,53.251,-132.117,2003,13,124,11,199
230,Alcidae,53.251,-132.117,2004,1,124,11,199
230,Alcidae,53.251,-132.117,2005,5,124,11,199
230,Alcidae,53.251,-132.117,2006,12,124,11,199
150,Alcidae,53.251,-132.117,2007,14,124,11,199
230,Alcidae,53.251,-132.117,2007,70,124,11,199
150,Alcidae,48.405,-123.35,1973,55,124,11,201
290,Alcidae,48.405,-123.35,1973,2,124,11,201
230,Alcidae,54.031,-132.057,1991,52,124,11,198
290,Alcidae,54.031,-132.057,1991,4,124,11,198
230,Alcidae,49.043,-125.694,2013,3,124,11,214
230,Alcidae,49.043,-125.694,2014,2,124,11,214
230,Alcidae,49.043,-125.694,2015,1,124,11,214
230,Alcidae,49.783,-124.179,1976,2,124,11,213
230,Alcidae,49.783,-124.179,2005,3,124,11,213
230,Alcidae,49.783,-124.179,2009,7,124,11,213
230,Alcidae,49.263,-123.258,1974,12,124,11,212
290,Alcidae,49.263,-123.258,1974,4,124,11,212
230,Alcidae,49.263,-123.258,1975,26,124,11,212
290,Alcidae,49.263,-123.258,1975,2,124,11,212
230,Alcidae,49.263,-123.258,1979,5,124,11,212
290,Alcidae,49.263,-123.258,1979,1,124,11,212
230,Alcidae,49.263,-123.258,1980,1,124,11,212
230,Alcidae,49.263,-123.258,1984,2,124,11,212
290,Alcidae,49.263,-123.258,1984,4,124,11,212
230,Alcidae,49.263,-123.258,1985,1,124,11,212
290,Alcidae,49.263,-123.258,1985,1,124,11,212
230,Alcidae,49.263,-123.258,1986,3,124,11,212
290,Alcidae,49.263,-123.258,1986,1,124,11,212
230,Alcidae,49.263,-123.258,1987,7,124,11,212
290,Alcidae,49.263,-123.258,1987,1,124,11,212
230,Alcidae,49.263,-123.258,1988,4,124,11,212
290,Alcidae,49.263,-123.258,1988,2,124,11,212
290,Alcidae,49.263,-123.258,1991,2,124,11,212
230,Alcidae,50.285,-127.347,2004,2,124,11,228
230,Alcidae,50.144,-122.958,1994,2,124,11,223
230,Alcidae,48.823,-124.058,1999,1,124,11,402
290,Alcidae,48.749,-123.548,2008,1,124,11,401
230,Alcidae,50.681,-127.98,2016,3,124,11,328
230,Alcidae,53.208,-131.793,2006,2,124,11,300
290,Alcidae,48.749,-123.548,1995,1,124,11,401
290,Alcidae,48.749,-123.548,1996,1,124,11,401
230,Alcidae,49.474,-123.242,1973,15,124,11,412
230,Alcidae,49.474,-123.242,1974,14,124,11,412
230,Alcidae,49.474,-123.242,1975,31,124,11,412
230,Alcidae,49.474,-123.242,1984,14,124,11,412
230,Alcidae,49.474,-123.242,1986,5,124,11,412
230,Alcidae,49.474,-123.242,1987,10,124,11,412
300,Alcidae,40.243,-124.123,1970,67,840,14,5
300,Alcidae,40.243,-124.123,1974,2,840,14,5
300,Alcidae,40.243,-124.123,1975,4,840,14,5
300,Alcidae,40.243,-124.123,1976,13,840,14,5
230,Alcidae,40.415,-123.962,2010,4,840,14,6
230,Alcidae,40.415,-123.962,2011,3,840,14,6
230,Alcidae,40.415,-123.962,2012,9,840,14,6
230,Alcidae,40.415,-123.962,2014,3,840,14,6
230,Alcidae,40.415,-123.962,2015,6,840,14,6
230,Alcidae,40.415,-123.962,2016,2,840,14,6
300,Alcidae,40.243,-124.123,2002,3,840,14,5
300,Alcidae,40.243,-124.123,2003,27,840,14,5
300,Alcidae,40.243,-124.123,2005,3,840,14,5
300,Alcidae,40.243,-124.123,2006,1,840,14,5
230,Alcidae,40.415,-123.962,1992,5,840,14,6
230,Alcidae,40.415,-123.962,1993,2,840,14,6
300,Alcidae,40.243,-124.123,1977,192,840,14,5
230,Alcidae,40.415,-123.962,1995,1,840,14,6
300,Alcidae,40.243,-124.123,1978,26,840,14,5
300,Alcidae,40.243,-124.123,1979,11,840,14,5
300,Alcidae,40.243,-124.123,2009,1,840,14,5
290,Alcidae,40.243,-124.123,1980,2,840,14,5
300,Alcidae,40.243,-124.123,1980,529,840,14,5
300,Alcidae,40.243,-124.123,2011,3,840,14,5
300,Alcidae,40.243,-124.123,1981,16,840,14,5
230,Alcidae,40.243,-124.123,1982,2,840,14,5
290,Alcidae,40.243,-124.123,1982,2,840,14,5
300,Alcidae,40.243,-124.123,1982,579,840,14,5
230,Alcidae,40.415,-123.962,1999,1,840,14,6
290,Alcidae,40.243,-124.123,1983,1,840,14,5
300,Alcidae,40.243,-124.123,1983,78,840,14,5
300,Alcidae,40.243,-124.123,1984,315,840,14,5
300,Alcidae,40.243,-124.123,1991,2,840,14,5
300,Alcidae,40.243,-124.123,1994,1,840,14,5
230,Alcidae,40.415,-123.962,2006,2,840,14,6
230,Alcidae,40.415,-123.962,2007,2,840,14,6
230,Alcidae,38.804,-123.585,1986,5,840,14,14
290,Alcidae,38.804,-123.585,1986,2,840,14,14
300,Alcidae,38.804,-123.585,1986,8,840,14,14
290,Alcidae,38.804,-123.585,1988,3,840,14,14
300,Alcidae,38.804,-123.585,1988,5,840,14,14
230,Alcidae,38.804,-123.585,1989,4,840,14,14
300,Alcidae,38.804,-123.585,1989,5,840,14,14
300,Alcidae,38.804,-123.585,1990,8,840,14,14
290,Alcidae,38.804,-123.585,1991,1,840,14,14
300,Alcidae,38.804,-123.585,1991,1,840,14,14
300,Alcidae,38.804,-123.585,1992,12,840,14,14
230,Alcidae,38.804,-123.585,1993,3,840,14,14
290,Alcidae,38.804,-123.585,1993,1,840,14,14
300,Alcidae,38.804,-123.585,1993,30,840,14,14
290,Alcidae,38.804,-123.585,1994,7,840,14,14
300,Alcidae,38.804,-123.585,1995,126,840,14,14
300,Alcidae,38.804,-123.585,1996,67,840,14,14
290,Alcidae,38.804,-123.585,1997,2,840,14,14
300,Alcidae,38.804,-123.585,1997,41,840,14,14
290,Alcidae,38.804,-123.585,1975,3,840,14,14
300,Alcidae,38.804,-123.585,1975,18,840,14,14
300,Alcidae,38.804,-123.585,1998,15,840,14,14
290,Alcidae,38.804,-123.585,1999,1,840,14,14
290,Alcidae,38.804,-123.585,1976,4,840,14,14
230,Alcidae,38.804,-123.585,2000,1,840,14,14
300,Alcidae,38.804,-123.585,1977,7,840,14,14
290,Alcidae,38.804,-123.585,1978,7,840,14,14
290,Alcidae,38.804,-123.585,2001,1,840,14,14
300,Alcidae,38.804,-123.585,2001,32,840,14,14
150,Alcidae,38.804,-123.585,1979,2,840,14,14
290,Alcidae,38.804,-123.585,1979,3,840,14,14
300,Alcidae,38.804,-123.585,1979,3,840,14,14
290,Alcidae,38.804,-123.585,2003,2,840,14,14
300,Alcidae,38.804,-123.585,2003,30,840,14,14
230,Alcidae,38.804,-123.585,1980,4,840,14,14
290,Alcidae,38.804,-123.585,1980,4,840,14,14
290,Alcidae,38.804,-123.585,1981,12,840,14,14
300,Alcidae,38.804,-123.585,1981,23,840,14,14
300,Alcidae,38.804,-123.585,2004,27,840,14,14
290,Alcidae,38.804,-123.585,1982,2,840,14,14
300,Alcidae,38.804,-123.585,1982,81,840,14,14
300,Alcidae,38.804,-123.585,2006,13,840,14,14
290,Alcidae,38.804,-123.585,2007,1,840,14,14
300,Alcidae,38.804,-123.585,2007,1,840,14,14
290,Alcidae,38.804,-123.585,1983,1,840,14,14
300,Alcidae,38.804,-123.585,1983,9,840,14,14
290,Alcidae,38.804,-123.585,2008,1,840,14,14
300,Alcidae,38.804,-123.585,1984,13,840,14,14
230,Alcidae,38.804,-123.585,1985,5,840,14,14
300,Alcidae,38.804,-123.585,2009,1,840,14,14
290,Alcidae,35.257,-120.888,1973,7,840,14,57
290,Alcidae,35.257,-120.888,1974,26,840,14,57
290,Alcidae,35.257,-120.888,1975,3,840,14,57
290,Alcidae,35.257,-120.888,1979,1,840,14,57
290,Alcidae,35.257,-120.888,1981,2,840,14,57
290,Alcidae,35.257,-120.888,1986,5,840,14,57
290,Alcidae,35.257,-120.888,1991,2,840,14,57
290,Alcidae,35.257,-120.888,1992,6,840,14,57
290,Alcidae,35.257,-120.888,1993,11,840,14,57
290,Alcidae,35.257,-120.888,2003,2,840,14,57
290,Alcidae,35.257,-120.888,2004,4,840,14,57
290,Alcidae,35.257,-120.888,2005,2,840,14,57
290,Alcidae,35.257,-120.888,2006,5,840,14,57
290,Alcidae,35.257,-120.888,2012,1,840,14,57
290,Alcidae,39.161,-123.582,1978,2,840,14,81
290,Alcidae,39.688,-123.485,1990,4,840,14,182
290,Alcidae,39.688,-123.485,1983,1,840,14,182
290,Alcidae,38.341,-123.048,1973,2,840,14,193
290,Alcidae,38.341,-123.048,1975,1,840,14,193
290,Alcidae,38.341,-123.048,2005,1,840,14,193
300,Alcidae,38.341,-123.048,1976,3,840,14,193
290,Alcidae,38.341,-123.048,1977,2,840,14,193
290,Alcidae,38.341,-123.048,2009,4,840,14,193
290,Alcidae,38.341,-123.048,1980,7,840,14,193
290,Alcidae,38.341,-123.048,2011,1,840,14,193
290,Alcidae,38.341,-123.048,1982,2,840,14,193
290,Alcidae,38.341,-123.048,1984,2,840,14,193
290,Alcidae,38.341,-123.048,2013,6,840,14,193
290,Alcidae,38.341,-123.048,2014,3,840,14,193
300,Alcidae,38.341,-123.048,2014,1,840,14,193
300,Alcidae,38.341,-123.048,2016,1,840,14,193
290,Alcidae,38.341,-123.048,1989,3,840,14,193
290,Alcidae,38.341,-123.048,1994,2,840,14,193
290,Alcidae,38.341,-123.048,1996,1,840,14,193
290,Alcidae,38.341,-123.048,1997,2,840,14,193
290,Alcidae,38.341,-123.048,1999,6,840,14,193
290,Alcidae,38.341,-123.048,2000,4,840,14,193
290,Alcidae,38.341,-123.048,2001,9,840,14,193
230,Alcidae,37.165,-122.228,1992,42,840,14,319
230,Alcidae,37.165,-122.228,1993,46,840,14,319
230,Alcidae,37.165,-122.228,1994,33,840,14,319
230,Alcidae,37.165,-122.228,1995,33,840,14,319
230,Alcidae,37.165,-122.228,1996,3,840,14,319
230,Alcidae,37.165,-122.228,1997,22,840,14,319
230,Alcidae,37.165,-122.228,2001,7,840,14,319
230,Alcidae,37.165,-122.228,2002,4,840,14,319
230,Alcidae,37.165,-122.228,2003,3,840,14,319
230,Alcidae,37.165,-122.228,2004,6,840,14,319
230,Alcidae,37.165,-122.228,2006,3,840,14,319
230,Alcidae,37.165,-122.228,2007,1,840,14,319
230,Alcidae,37.165,-122.228,2008,4,840,14,319
230,Alcidae,37.165,-122.228,2010,2,840,14,319
230,Alcidae,37.165,-122.228,2011,4,840,14,319
230,Alcidae,37.165,-122.228,2012,2,840,14,319
230,Alcidae,37.165,-122.228,2015,5,840,14,319
230,Alcidae,41.466,-124.04,2013,19,840,14,918
230,Alcidae,41.262,-124.097,2004,2,840,14,908
230,Alcidae,41.262,-124.097,2005,1,840,14,908
230,Alcidae,41.466,-124.04,2012,25,840,14,918
270,Alcidae,44.6,-66.905,1998,1,124,56,36
270,Alcidae,44.6,-66.905,2000,1,124,56,36
270,Alcidae,44.6,-66.905,2002,2,124,56,36
320,Alcidae,47.805,-65.221,2015,6,124,56,14
270,Alcidae,45.28,-66.099,1997,1,124,56,39
270,Alcidae,46.935,-55.536,2009,6,124,57,2
270,Alcidae,47.869,-59.192,2012,4,124,57,10
270,Alcidae,47.869,-59.192,2016,1,124,57,10
270,Alcidae,47.582,-52.678,2003,3,124,57,3
270,Alcidae,48.701,-53.085,2002,2,124,57,11
270,Alcidae,47.582,-52.678,2011,2,124,57,3
270,Alcidae,46.708,-53.474,1980,1,124,57,1
270,Alcidae,46.708,-53.474,1981,2,124,57,1
270,Alcidae,47.582,-52.678,2015,1,124,57,3
300,Alcidae,46.708,-53.474,1984,1,124,57,1
270,Alcidae,46.935,-55.536,2004,3,124,57,2
270,Alcidae,46.935,-55.536,2005,4,124,57,2
270,Alcidae,47.869,-59.192,2002,3,124,57,10
270,Alcidae,46.935,-55.536,2007,1,124,57,2
270,Alcidae,47.019,-60.523,1995,1,124,65,2
270,Alcidae,47.019,-60.523,1997,2,124,65,2
270,Alcidae,46.127,-61.339,1969,1,124,65,1
270,Alcidae,47.019,-60.523,1998,1,124,65,2
270,Alcidae,47.019,-60.523,2000,2,124,65,2
270,Alcidae,47.019,-60.523,2006,1,124,65,2
270,Alcidae,46.127,-61.339,1997,7,124,65,1
270,Alcidae,46.127,-61.339,1998,6,124,65,1
270,Alcidae,47.019,-60.523,2010,2,124,65,2
270,Alcidae,47.019,-60.523,2014,2,124,65,2
270,Alcidae,47.019,-60.523,2016,1,124,65,2
270,Alcidae,46.72,-60.93,1968,1,124,65,3
270,Alcidae,46.72,-60.93,1969,2,124,65,3
270,Alcidae,46.127,-61.339,2010,7,124,65,1
270,Alcidae,46.72,-60.93,1999,1,124,65,3
270,Alcidae,46.72,-60.93,2002,1,124,65,3
270,Alcidae,46.72,-60.93,1998,4,124,65,3
300,Alcidae,42.254,-124.247,1978,8,840,69,57
300,Alcidae,42.254,-124.247,2001,15,840,69,57
300,Alcidae,42.587,-124.328,1975,3,840,69,25
300,Alcidae,42.587,-124.328,1977,3,840,69,25
300,Alcidae,42.587,-124.328,1978,2,840,69,25
300,Alcidae,42.587,-124.328,1981,9,840,69,25
300,Alcidae,42.587,-124.328,1991,1,840,69,25
300,Alcidae,42.587,-124.328,1972,3,840,69,25
230,Alcidae,44.961,-123.696,1994,3,840,69,902
230,Alcidae,44.961,-123.696,1995,2,840,69,902
230,Alcidae,44.961,-123.696,2008,5,840,69,902
230,Alcidae,44.961,-123.696,2009,2,840,69,902
230,Alcidae,44.961,-123.696,2010,1,840,69,902
230,Alcidae,44.961,-123.696,2011,3,840,69,902
230,Alcidae,44.961,-123.696,2014,6,840,69,902
230,Alcidae,44.961,-123.696,2016,2,840,69,902
230,Alcidae,44.236,-123.94,1994,2,840,69,236
230,Alcidae,44.428,-123.856,1994,2,840,69,209
230,Alcidae,42.785,-124.025,2001,2,840,69,225
270,Alcidae,48.852,-67.51,1983,2,124,76,62
270,Alcidae,48.852,-67.51,1984,1,124,76,62
270,Alcidae,47.392,-61.902,1997,1,124,76,70
270,Alcidae,47.392,-61.902,1998,4,124,76,70
270,Alcidae,48.852,-67.51,1991,8,124,76,62
270,Alcidae,48.852,-67.51,1993,11,124,76,62
270,Alcidae,47.392,-61.902,2004,1,124,76,70
270,Alcidae,48.852,-67.51,1994,1,124,76,62
270,Alcidae,49.204,-64.926,2012,6,124,76,68
270,Alcidae,49.204,-64.926,2013,18,124,76,68
270,Alcidae,47.392,-61.902,2005,2,124,76,70
270,Alcidae,48.852,-67.51,1996,4,124,76,62
270,Alcidae,48.852,-67.51,1997,1,124,76,62
270,Alcidae,49.204,-64.926,2014,24,124,76,68
270,Alcidae,47.392,-61.902,2008,1,124,76,70
270,Alcidae,48.852,-67.51,1999,1,124,76,62
270,Alcidae,47.392,-61.902,2009,3,124,76,70
270,Alcidae,47.392,-61.902,2011,4,124,76,70
270,Alcidae,47.392,-61.902,2012,1,124,76,70
270,Alcidae,47.392,-61.902,2013,2,124,76,70
270,Alcidae,48.852,-67.51,2005,1,124,76,62
270,Alcidae,47.392,-61.902,2014,1,124,76,70
270,Alcidae,48.913,-64.617,2006,1,124,76,67
270,Alcidae,48.852,-67.51,1981,3,124,76,62
270,Alcidae,48.852,-67.51,1982,2,124,76,62
270,Alcidae,48.549,-68.223,1983,2,124,76,59
270,Alcidae,48.549,-68.223,1984,2,124,76,59
270,Alcidae,48.549,-68.223,1980,1,124,76,59
270,Alcidae,48.42,-64.318,1996,2,124,76,165
320,Alcidae,48.42,-64.318,1996,4,124,76,165
270,Alcidae,48.42,-64.318,1997,6,124,76,165
320,Alcidae,48.42,-64.318,1999,3,124,76,165
320,Alcidae,48.42,-64.318,2000,20,124,76,165
320,Alcidae,48.42,-64.318,2001,251,124,76,165
270,Alcidae,48.42,-64.318,2002,1,124,76,165
300,Alcidae,48.42,-64.318,2002,2,124,76,165
320,Alcidae,48.42,-64.318,2002,504,124,76,165
270,Alcidae,48.42,-64.318,2003,20,124,76,165
300,Alcidae,48.42,-64.318,2003,50,124,76,165
320,Alcidae,48.42,-64.318,2003,500,124,76,165
320,Alcidae,48.42,-64.318,2004,95,124,76,165
270,Alcidae,48.42,-64.318,2005,5,124,76,165
300,Alcidae,48.42,-64.318,2005,65,124,76,165
320,Alcidae,48.42,-64.318,2005,15,124,76,165
270,Alcidae,49.012,-65.281,2012,10,124,76,366
270,Alcidae,48.42,-64.318,2006,2,124,76,165
300,Alcidae,48.42,-64.318,2006,5,124,76,165
320,Alcidae,48.42,-64.318,2006,4,124,76,165
270,Alcidae,48.42,-64.318,2007,10,124,76,165
300,Alcidae,48.42,-64.318,2007,50,124,76,165
320,Alcidae,48.42,-64.318,2007,78,124,76,165
270,Alcidae,49.012,-65.281,2013,19,124,76,366
270,Alcidae,49.012,-65.281,2014,12,124,76,366
300,Alcidae,48.42,-64.318,2009,15,124,76,165
320,Alcidae,48.42,-64.318,2009,102,124,76,165
320,Alcidae,48.42,-64.318,2011,1,124,76,165
320,Alcidae,48.42,-64.318,2013,171,124,76,165
270,Alcidae,48.42,-64.318,2014,1,124,76,165
320,Alcidae,48.42,-64.318,2014,54,124,76,165
300,Alcidae,48.42,-64.318,2015,1,124,76,165
320,Alcidae,48.42,-64.318,2015,25,124,76,165
300,Alcidae,48.42,-64.318,2016,100,124,76,165
320,Alcidae,48.42,-64.318,2016,20,124,76,165
150,Alcidae,48.113,-123.386,2014,1,840,89,2
290,Alcidae,48.113,-123.386,2014,1,840,89,2
290,Alcidae,48.113,-123.386,2015,4,840,89,2
150,Alcidae,48.163,-122.335,1997,1,840,89,3
230,Alcidae,48.163,-122.335,1997,6,840,89,3
290,Alcidae,48.163,-122.335,1997,2,840,89,3
290,Alcidae,48.163,-122.335,1998,1,840,89,3
150,Alcidae,48.163,-122.335,1999,3,840,89,3
230,Alcidae,48.163,-122.335,1999,8,840,89,3
290,Alcidae,48.163,-122.335,1999,1,840,89,3
150,Alcidae,48.163,-122.335,2000,1,840,89,3
230,Alcidae,48.163,-122.335,2000,1,840,89,3
290,Alcidae,48.163,-122.335,2000,4,840,89,3
290,Alcidae,48.113,-123.386,1989,2,840,89,2
150,Alcidae,48.113,-123.386,1990,1,840,89,2
290,Alcidae,48.113,-123.386,1990,3,840,89,2
290,Alcidae,48.113,-123.386,1991,1,840,89,2
290,Alcidae,48.113,-123.386,1992,1,840,89,2
290,Alcidae,48.113,-123.386,1994,2,840,89,2
150,Alcidae,48.113,-123.386,1996,1,840,89,2
290,Alcidae,48.113,-123.386,1996,2,840,89,2
290,Alcidae,48.253,-124.272,1971,5,840,89,1
290,Alcidae,48.113,-123.386,1997,2,840,89,2
290,Alcidae,48.113,-123.386,1998,4,840,89,2
150,Alcidae,48.253,-124.272,1974,6,840,89,1
290,Alcidae,48.253,-124.272,1974,3,840,89,1
290,Alcidae,48.113,-123.386,1999,2,840,89,2
290,Alcidae,48.253,-124.272,1975,6,840,89,1
150,Alcidae,48.253,-124.272,1976,3,840,89,1
150,Alcidae,48.253,-124.272,1977,4,840,89,1
290,Alcidae,48.113,-123.386,1970,4,840,89,2
290,Alcidae,48.113,-123.386,2000,1,840,89,2
290,Alcidae,48.113,-123.386,2001,2,840,89,2
150,Alcidae,48.253,-124.272,1978,25,840,89,1
150,Alcidae,48.253,-124.272,1980,32,840,89,1
290,Alcidae,48.113,-123.386,1971,3,840,89,2
150,Alcidae,48.113,-123.386,1972,1,840,89,2
230,Alcidae,48.113,-123.386,2002,2,840,89,2
290,Alcidae,48.113,-123.386,2002,7,840,89,2
290,Alcidae,48.113,-123.386,2003,7,840,89,2
230,Alcidae,48.163,-122.335,1985,1,840,89,3
290,Alcidae,48.163,-122.335,1985,1,840,89,3
150,Alcidae,48.253,-124.272,1981,8,840,89,1
150,Alcidae,48.253,-124.272,1983,13,840,89,1
290,Alcidae,48.253,-124.272,1983,3,840,89,1
290,Alcidae,48.113,-123.386,1973,1,840,89,2
290,Alcidae,48.113,-123.386,1974,4,840,89,2
290,Alcidae,48.113,-123.386,2004,9,840,89,2
150,Alcidae,48.113,-123.386,2005,2,840,89,2
290,Alcidae,48.113,-123.386,2005,7,840,89,2
230,Alcidae,48.163,-122.335,1986,7,840,89,3
230,Alcidae,48.163,-122.335,1987,6,840,89,3
290,Alcidae,48.163,-122.335,1987,4,840,89,3
150,Alcidae,48.253,-124.272,1984,21,840,89,1
150,Alcidae,48.253,-124.272,1986,16,840,89,1
290,Alcidae,48.113,-123.386,1975,6,840,89,2
290,Alcidae,48.113,-123.386,1976,2,840,89,2
290,Alcidae,48.113,-123.386,2006,4,840,89,2
150,Alcidae,48.163,-122.335,1988,1,840,89,3
230,Alcidae,48.163,-122.335,1988,2,840,89,3
290,Alcidae,48.163,-122.335,1988,4,840,89,3
150,Alcidae,48.163,-122.335,1989,1,840,89,3
230,Alcidae,48.163,-122.335,1989,3,840,89,3
290,Alcidae,48.163,-122.335,1989,5,840,89,3
150,Alcidae,48.253,-124.272,1990,36,840,89,1
150,Alcidae,48.113,-123.386,1978,80,840,89,2
290,Alcidae,48.113,-123.386,1978,3,840,89,2
150,Alcidae,48.113,-123.386,2007,4,840,89,2
230,Alcidae,48.113,-123.386,2007,1,840,89,2
290,Alcidae,48.113,-123.386,2007,11,840,89,2
290,Alcidae,48.113,-123.386,2008,2,840,89,2
150,Alcidae,48.163,-122.335,1990,4,840,89,3
230,Alcidae,48.163,-122.335,1990,1,840,89,3
290,Alcidae,48.163,-122.335,1990,2,840,89,3
150,Alcidae,48.163,-122.335,1991,4,840,89,3
230,Alcidae,48.163,-122.335,1991,1,840,89,3
290,Alcidae,48.163,-122.335,1991,1,840,89,3
230,Alcidae,48.253,-124.272,1991,30,840,89,1
290,Alcidae,48.113,-123.386,1979,1,840,89,2
290,Alcidae,48.113,-123.386,1980,4,840,89,2
290,Alcidae,48.113,-123.386,2009,4,840,89,2
150,Alcidae,48.113,-123.386,2010,21,840,89,2
290,Alcidae,48.113,-123.386,2010,3,840,89,2
150,Alcidae,48.163,-122.335,1992,2,840,89,3
230,Alcidae,48.163,-122.335,1992,2,840,89,3
290,Alcidae,48.163,-122.335,1992,1,840,89,3
150,Alcidae,48.163,-122.335,1993,12,840,89,3
230,Alcidae,48.163,-122.335,1993,3,840,89,3
290,Alcidae,48.163,-122.335,1993,4,840,89,3
150,Alcidae,48.253,-124.272,1994,2,840,89,1
150,Alcidae,48.253,-124.272,1995,7,840,89,1
150,Alcidae,48.113,-123.386,1981,3,840,89,2
290,Alcidae,48.113,-123.386,1981,4,840,89,2
290,Alcidae,48.113,-123.386,1984,9,840,89,2
300,Alcidae,48.113,-123.386,1984,1,840,89,2
290,Alcidae,48.113,-123.386,2011,3,840,89,2
290,Alcidae,48.163,-122.335,1994,1,840,89,3
290,Alcidae,48.113,-123.386,1985,11,840,89,2
150,Alcidae,48.163,-122.335,1995,2,840,89,3
290,Alcidae,48.163,-122.335,1995,1,840,89,3
150,Alcidae,48.163,-122.335,1996,4,840,89,3
230,Alcidae,48.163,-122.335,1996,6,840,89,3
290,Alcidae,48.163,-122.335,1996,1,840,89,3
290,Alcidae,46.269,-124.078,1993,4,840,89,40
150,Alcidae,47.348,-124.294,1976,3,840,89,9
300,Alcidae,47.348,-124.294,1976,2025,840,89,9
150,Alcidae,48.163,-122.335,2001,1,840,89,3
290,Alcidae,48.163,-122.335,2001,7,840,89,3
300,Alcidae,47.348,-124.294,1987,12,840,89,9
230,Alcidae,48.163,-122.335,2002,27,840,89,3
290,Alcidae,48.163,-122.335,2002,8,840,89,3
160,Alcidae,47.348,-124.294,1989,3,840,89,9
300,Alcidae,47.348,-124.294,1989,22,840,89,9
290,Alcidae,48.163,-122.335,2014,4,840,89,3
300,Alcidae,47.348,-124.294,2001,2,840,89,9
290,Alcidae,48.163,-122.335,2016,1,840,89,3
300,Alcidae,47.348,-124.294,2003,25,840,89,9
300,Alcidae,47.348,-124.294,2008,200,840,89,9
290,Alcidae,48.496,-122.626,1992,28,840,89,905
290,Alcidae,48.496,-122.626,1994,20,840,89,905
290,Alcidae,48.496,-122.626,1995,5,840,89,905
290,Alcidae,48.496,-122.626,1996,11,840,89,905
290,Alcidae,47.345,-122.458,2000,11,840,89,907
290,Alcidae,48.496,-122.626,1997,8,840,89,905
290,Alcidae,48.496,-122.626,1998,11,840,89,905
290,Alcidae,47.345,-122.458,2002,2,840,89,907
290,Alcidae,47.345,-122.458,2005,1,840,89,907
290,Alcidae,47.345,-122.458,2006,1,840,89,907
150,Alcidae,47.922,-122.3,2015,1,840,89,72
230,Alcidae,47.922,-122.3,2015,3,840,89,72
290,Alcidae,47.922,-122.3,2016,1,840,89,72
