uid,namedLocation,domainID,siteID,plotID,trapID,setDate,collectDate,processingDate,etOHChangeDate,identifiedDate,sampleID,subsampleID,sampleType,taxonID,scientificName,taxonRank,identificationQualifier,scientificNameAuthorship,morphospeciesID,individualCount,identificationReferences,identifiedBy,recordedBy,remarks
"d091f52d-894b-44ca-8538-20cdfa008c7d","STER_006.basePlot.bet","D10","STER","STER_006","E","2016-07-21","2016-08-04","2016-08-05","2016-08-15",,"STER_006.E.20160804","LZ9IDatJ8HFDXTtW0gMi2dVY007GHn5JIaaor8BZNZc=","invert bycatch",,,,,,,,,,"b5Bt2/WAcobZn6HG5BJ0XugSCqR8u1Uj4+iyEzptoVg=",
"4f7368a8-4407-4140-a0e5-848daaed9b6d","STER_034.basePlot.bet","D10","STER","STER_034","E","2016-07-21","2016-08-04","2016-08-05","2016-08-17",,"STER_034.E.20160804","v+COazD1kvzKZOS2FQGo84kADTAL5e+ChKdLwb0c6p4=","invert bycatch",,,,,,,,,,"b5Bt2/WAcobZn6HG5BJ0XugSCqR8u1Uj4+iyEzptoVg=",
"ad6a6058-85a4-4981-b359-58f87b54cf53","STER_034.basePlot.bet","D10","STER","STER_034","E","2016-07-21","2016-08-04","2016-08-05","2016-08-17",,"STER_034.E.20160804","v+COazD1kvzKZOS2FQGo84kADTAL5e+ChW1acO/pi9M=","invert bycatch",,,,,,,,,,"b5Bt2/WAcobZn6HG5BJ0XugSCqR8u1Uj4+iyEzptoVg=",
"14006443-ff6a-42a4-a147-dbe72359d02a","STER_032.basePlot.bet","D10","STER","STER_032","E","2016-07-21","2016-08-04","2016-08-05","2016-08-16",,"STER_032.E.20160804","fEa5yf30aQzicgq9P0mTtgneCUg8V2PTUkupIJOHeKU=","invert bycatch",,,,,,,,,,"b5Bt2/WAcobZn6HG5BJ0XugSCqR8u1Uj4+iyEzptoVg=",
"d8bd637d-e589-42be-ad7e-20362ab38196","STER_029.basePlot.bet","D10","STER","STER_029","E","2016-07-21","2016-08-04","2016-08-05","2016-08-18",,"STER_029.E.20160804","KK2q9nxeS92e3IMlBRZxE+wBDp/2uoYBAw4/K9TCNc8=","invert bycatch",,,,,,,,,,"b5Bt2/WAcobZn6HG5BJ0XugSCqR8u1Uj4+iyEzptoVg=",
"91734742-50a4-4dc6-aca4-aec05ce0828a","STER_029.basePlot.bet","D10","STER","STER_029","E","2016-07-21","2016-08-04","2016-08-05","2016-08-18",,"STER_029.E.20160804","KK2q9nxeS92e3IMlBRZxE+wBDp/2uoYBMECrItHTLFA=","invert bycatch",,,,,,,,,,"b5Bt2/WAcobZn6HG5BJ0XugSCqR8u1Uj4+iyEzptoVg=",
"3433f312-cae3-42d5-9f9c-4d039e980186","STER_029.basePlot.bet","D10","STER","STER_029","E","2016-07-21","2016-08-04","2016-08-05","2016-08-18",,"STER_029.E.20160804","KK2q9nxeS92e3IMlBRZxE+wBDp/2uoYBbWtSvtD5Vm8=","invert bycatch",,,,,,,,,,"b5Bt2/WAcobZn6HG5BJ0XugSCqR8u1Uj4+iyEzptoVg=",
"a43b9e86-6295-4c61-8e75-d112ea0d0502","STER_029.basePlot.bet","D10","STER","STER_029","E","2016-07-21","2016-08-04","2016-08-05","2016-08-18",,"STER_029.E.20160804","KK2q9nxeS92e3IMlBRZxE+wBDp/2uoYBWYlF17ub3x4=","invert bycatch",,,,,,,,,,"b5Bt2/WAcobZn6HG5BJ0XugSCqR8u1Uj4+iyEzptoVg=",
"149b4930-bdf9-457a-a9b3-0b723b7019bc","STER_029.basePlot.bet","D10","STER","STER_029","E","2016-07-21","2016-08-04","2016-08-05","2016-08-18",,"STER_029.E.20160804","KK2q9nxeS92e3IMlBRZxE0Tt/fRkRf+fuYG7jRZT+9U=","invert bycatch",,,,,,,,,,"b5Bt2/WAcobZn6HG5BJ0XugSCqR8u1Uj4+iyEzptoVg=",
"3a8ba268-aed0-41cd-98ea-4449ab7405f8","STER_031.basePlot.bet","D10","STER","STER_031","E","2016-07-21","2016-08-04","2016-08-05","2016-08-15",,"STER_031.E.20160804","1mQK2LOpYfvrwO7dlxcIOtTaPFOf1piPmDrwvBqyXeM=","invert bycatch",,,,,,,,,,"EWrRKg8wzIMaNrWK6a7MhpXyyIIOA6PNDE6EHntJeoM=",
"0aecac5e-de5e-4aa7-b29c-f3ba12845e79","STER_031.basePlot.bet","D10","STER","STER_031","E","2016-07-21","2016-08-04","2016-08-05","2016-08-15",,"STER_031.E.20160804","1mQK2LOpYfvrwO7dlxcIOtTaPFOf1piPQwcUx6JRri0=","invert bycatch",,,,,,,,,,"EWrRKg8wzIMaNrWK6a7MhpXyyIIOA6PNDE6EHntJeoM=",
"74c02ebf-2a4d-47f1-8311-14229b536d95","STER_029.basePlot.bet","D10","STER","STER_029","E","2016-07-21","2016-08-04","2016-08-05","2016-08-18",,"STER_029.E.20160804","KK2q9nxeS92e3IMlBRZxE+wBDp/2uoYBLI5BdXRrRes=","invert bycatch",,,,,,,,,,"b5Bt2/WAcobZn6HG5BJ0XugSCqR8u1Uj4+iyEzptoVg=",
"60eff959-b0ca-4ab8-9795-a9b842f728df","STER_029.basePlot.bet","D10","STER","STER_029","E","2016-07-21","2016-08-04","2016-08-05","2016-08-18",,"STER_029.E.20160804","KK2q9nxeS92e3IMlBRZxE+wBDp/2uoYB7bnnHmHKScQ=","invert bycatch",,,,,,,,,,"b5Bt2/WAcobZn6HG5BJ0XugSCqR8u1Uj4+iyEzptoVg=",
"e6a22035-65f3-4fd2-acf4-1e2c43c75c94","STER_029.basePlot.bet","D10","STER","STER_029","E","2016-07-21","2016-08-04","2016-08-05","2016-08-18",,"STER_029.E.20160804","KK2q9nxeS92e3IMlBRZxE+wBDp/2uoYB4CQXCGe3dmk=","invert bycatch",,,,,,,,,,"b5Bt2/WAcobZn6HG5BJ0XugSCqR8u1Uj4+iyEzptoVg=",
"006991e2-4133-48ed-b94f-aa9674543fa0","STER_031.basePlot.bet","D10","STER","STER_031","E","2016-07-21","2016-08-04","2016-08-05","2016-08-15",,"STER_031.E.20160804","1mQK2LOpYfvrwO7dlxcIOtTaPFOf1piPvzMfFZqjlxo=","invert bycatch",,,,,,,,,,"EWrRKg8wzIMaNrWK6a7MhpXyyIIOA6PNDE6EHntJeoM=",
"5f06b5e4-a6f9-479b-923a-1e3ec1c66ed2","STER_031.basePlot.bet","D10","STER","STER_031","E","2016-07-21","2016-08-04","2016-08-05","2016-08-15",,"STER_031.E.20160804","1mQK2LOpYfvrwO7dlxcIOtTaPFOf1piPIOQZH+YkUoA=","invert bycatch",,,,,,,,,,"EWrRKg8wzIMaNrWK6a7MhpXyyIIOA6PNDE6EHntJeoM=",
"ac079d26-d90f-476c-be77-adaf2035f4fa","STER_031.basePlot.bet","D10","STER","STER_031","E","2016-07-21","2016-08-04","2016-08-05","2016-08-15",,"STER_031.E.20160804","1mQK2LOpYfvrwO7dlxcIOtTaPFOf1piPhSQJzS3E6nM=","invert bycatch",,,,,,,,,,"EWrRKg8wzIMaNrWK6a7MhpXyyIIOA6PNDE6EHntJeoM=",
"7d72c7a4-902f-4a7e-a58d-fe44df7f2f53","STER_031.basePlot.bet","D10","STER","STER_031","E","2016-07-21","2016-08-04","2016-08-05","2016-08-15",,"STER_031.E.20160804","1mQK2LOpYfvrwO7dlxcIOtTaPFOf1piP7RS2Q98gFvA=","invert bycatch",,,,,,,,,,"EWrRKg8wzIMaNrWK6a7MhpXyyIIOA6PNDE6EHntJeoM=",
"1eb10827-b65d-4a15-8af9-99c6b1148cef","STER_035.basePlot.bet","D10","STER","STER_035","E","2016-07-21","2016-08-04","2016-08-05","2016-08-18",,"STER_035.E.20160804","xZ4ZeMJQZ4LlGOmP5AeAQofRN5jzz98ggDx2UdfNjbc=","invert bycatch",,,,,,,,,,"EWrRKg8wzIMaNrWK6a7MhpXyyIIOA6PNDE6EHntJeoM=",
"3d95a223-a1c0-4adc-aced-9386b3c1c684","STER_031.basePlot.bet","D10","STER","STER_031","E","2016-07-21","2016-08-04","2016-08-05","2016-08-15",,"STER_031.E.20160804","1mQK2LOpYfvrwO7dlxcIOtTaPFOf1piP1LQw4q4nHo0=","invert bycatch",,,,,,,,,,"EWrRKg8wzIMaNrWK6a7MhpXyyIIOA6PNDE6EHntJeoM=",
"d593f77d-8dca-47fc-98b8-b492e113dd3f","STER_035.basePlot.bet","D10","STER","STER_035","E","2016-07-21","2016-08-04","2016-08-05","2016-08-18",,"STER_035.E.20160804","xZ4ZeMJQZ4LlGOmP5AeAQofRN5jzz98g61JhxJCMvNY=","invert bycatch",,,,,,,,,,"EWrRKg8wzIMaNrWK6a7MhpXyyIIOA6PNDE6EHntJeoM=",
"b1173d17-6209-4549-acb8-d002c129b055","STER_035.basePlot.bet","D10","STER","STER_035","E","2016-07-21","2016-08-04","2016-08-05","2016-08-18",,"STER_035.E.20160804","xZ4ZeMJQZ4LlGOmP5AeAQofRN5jzz98gms0zFCHTOlE=","invert bycatch",,,,,,,,,,"EWrRKg8wzIMaNrWK6a7MhpXyyIIOA6PNDE6EHntJeoM=",
"b300c6d8-52bd-4a3c-adb6-f74dba04b77b","STER_033.basePlot.bet","D10","STER","STER_033","E","2016-07-21","2016-08-04","2016-08-05","2016-08-17",,"STER_033.E.20160804","Yx5jJOWNohKdpe2cMom7TnbPQ/ATvzpstIikGJjBRiM=","invert bycatch",,,,,,,,,,"b5Bt2/WAcobZn6HG5BJ0XugSCqR8u1Uj4+iyEzptoVg=",
"2256d590-0bb5-45e3-b08d-8ec66a20c2e1","STER_035.basePlot.bet","D10","STER","STER_035","E","2016-07-21","2016-08-04","2016-08-05","2016-08-18",,"STER_035.E.20160804","xZ4ZeMJQZ4LlGOmP5AeAQofRN5jzz98gEopXq2+Rcdg=","invert bycatch",,,,,,,,,,"EWrRKg8wzIMaNrWK6a7MhpXyyIIOA6PNDE6EHntJeoM=",
"84d9902e-ab04-412f-9087-81b8962de803","STER_035.basePlot.bet","D10","STER","STER_035","E","2016-07-21","2016-08-04","2016-08-05","2016-08-18",,"STER_035.E.20160804","xZ4ZeMJQZ4LlGOmP5AeAQofRN5jzz98gRg1IWHyNOEg=","invert bycatch",,,,,,,,,,"EWrRKg8wzIMaNrWK6a7MhpXyyIIOA6PNDE6EHntJeoM=",
"5772af35-4233-48f6-b11a-3fe9d217e564","STER_035.basePlot.bet","D10","STER","STER_035","E","2016-07-21","2016-08-04","2016-08-05","2016-08-18",,"STER_035.E.20160804","xZ4ZeMJQZ4LlGOmP5AeAQofRN5jzz98gOXiX/6Fh3c0=","invert bycatch",,,,,,,,,,"EWrRKg8wzIMaNrWK6a7MhpXyyIIOA6PNDE6EHntJeoM=",
"39222667-8a22-45be-9d4f-dac31df28526","STER_034.basePlot.bet","D10","STER","STER_034","E","2016-07-21","2016-08-04","2016-08-05","2016-08-17",,"STER_034.E.20160804","v+COazD1kvzKZOS2FQGo84kADTAL5e+CPzUrV8yqt2A=","invert bycatch",,,,,,,,,,"b5Bt2/WAcobZn6HG5BJ0XugSCqR8u1Uj4+iyEzptoVg=",
"cd8229ac-d936-4c30-873f-f6669dbc56d9","STER_031.basePlot.bet","D10","STER","STER_031","E","2016-07-21","2016-08-04","2016-08-05","2016-08-15",,"STER_031.E.20160804","1mQK2LOpYfvrwO7dlxcIOtTaPFOf1piPM2dtkCm7yyk=","invert bycatch",,,,,,,,,,"EWrRKg8wzIMaNrWK6a7MhpXyyIIOA6PNDE6EHntJeoM=",
"37b71141-6a63-4d7b-8b49-6b30361a8390","STER_028.basePlot.bet","D10","STER","STER_028","E","2016-07-21","2016-08-04","2016-08-05","2016-08-16",,"STER_028.E.20160804","bW2EsnYmokWwFDmr+GEyy2i+r9wxhZuRmKq/OwJW/As=","invert bycatch",,,,,,,,,,"b5Bt2/WAcobZn6HG5BJ0XugSCqR8u1Uj4+iyEzptoVg=",
"bf7162e6-aa0e-40ec-ab29-78eb87149798","STER_031.basePlot.bet","D10","STER","STER_031","E","2016-07-21","2016-08-04","2016-08-05","2016-08-15",,"STER_031.E.20160804","1mQK2LOpYfvrwO7dlxcIOtTaPFOf1piP8jYXoSBoLIY=","invert bycatch",,,,,,,,,,"EWrRKg8wzIMaNrWK6a7MhpXyyIIOA6PNDE6EHntJeoM=",
"c3a2c84b-dbaf-435a-8f5e-31005285fcf6","STER_035.basePlot.bet","D10","STER","STER_035","E","2016-07-21","2016-08-04","2016-08-05","2016-08-18",,"STER_035.E.20160804","xZ4ZeMJQZ4LlGOmP5AeAQofRN5jzz98g+ipimlqcfho=","invert bycatch",,,,,,,,,,"EWrRKg8wzIMaNrWK6a7MhpXyyIIOA6PNDE6EHntJeoM=",
"1ed5cfa6-2a5a-4c4f-9239-39c3ee3afa00","STER_026.basePlot.bet","D10","STER","STER_026","N","2016-07-21","2016-08-04","2016-08-05","2016-08-16",,"STER_026.N.20160804","B74IC5C471oNUtCg9DiZtJMti9Ao5fi0btUwkakkqgs=","invert bycatch",,,,,,,,,,"EWrRKg8wzIMaNrWK6a7MhpXyyIIOA6PNDE6EHntJeoM=",
"9f81935f-ae5a-4cbe-bf5b-4034dfe7b547","STER_032.basePlot.bet","D10","STER","STER_032","N","2016-07-21","2016-08-04","2016-08-05","2016-08-16",,"STER_032.N.20160804","fEa5yf30aQwfaJSgBuEOpRPrOnjI22w7qcqrfT6kMCI=","invert bycatch",,,,,,,,,,"b5Bt2/WAcobZn6HG5BJ0XugSCqR8u1Uj4+iyEzptoVg=",
"f60b7680-aded-47a5-9d0a-34ed35c789b9","STER_034.basePlot.bet","D10","STER","STER_034","N","2016-07-21","2016-08-04","2016-08-05","2016-08-17",,"STER_034.N.20160804","v+COazD1kvygjsD0TKh98abttcXi8ypCNY5AI9V1BrE=","invert bycatch",,,,,,,,,,"b5Bt2/WAcobZn6HG5BJ0XugSCqR8u1Uj4+iyEzptoVg=",
"e625a1e4-a9f2-42ca-bea9-b74e72f07763","STER_034.basePlot.bet","D10","STER","STER_034","N","2016-07-21","2016-08-04","2016-08-05","2016-08-17",,"STER_034.N.20160804","v+COazD1kvygjsD0TKh98abttcXi8ypCgoP7rZqM3eE=","invert bycatch",,,,,,,,,,"b5Bt2/WAcobZn6HG5BJ0XugSCqR8u1Uj4+iyEzptoVg=",
"3a2dfa84-ba7c-46d5-9918-e2907b5649b9","STER_034.basePlot.bet","D10","STER","STER_034","N","2016-07-21","2016-08-04","2016-08-05","2016-08-17",,"STER_034.N.20160804","v+COazD1kvygjsD0TKh98abttcXi8ypCL7pULJpSaXg=","invert bycatch",,,,,,,,,,"b5Bt2/WAcobZn6HG5BJ0XugSCqR8u1Uj4+iyEzptoVg=",
"7c89e504-f6e4-44db-acff-0e6a2b5e954b","STER_034.basePlot.bet","D10","STER","STER_034","N","2016-07-21","2016-08-04","2016-08-05","2016-08-17",,"STER_034.N.20160804","v+COazD1kvygjsD0TKh98abttcXi8ypCXno+4c3mc+4=","invert bycatch",,,,,,,,,,"b5Bt2/WAcobZn6HG5BJ0XugSCqR8u1Uj4+iyEzptoVg=",
"d3920a4b-7841-4f6c-bc99-f7d6a17a8d39","STER_034.basePlot.bet","D10","STER","STER_034","N","2016-07-21","2016-08-04","2016-08-05","2016-08-17",,"STER_034.N.20160804","v+COazD1kvygjsD0TKh98abttcXi8ypCjpOLBt/yL38=","invert bycatch",,,,,,,,,,"b5Bt2/WAcobZn6HG5BJ0XugSCqR8u1Uj4+iyEzptoVg=",
"28328152-5e97-41d1-a912-daab8cb9490f","STER_034.basePlot.bet","D10","STER","STER_034","N","2016-07-21","2016-08-04","2016-08-05","2016-08-17",,"STER_034.N.20160804","v+COazD1kvygjsD0TKh98abttcXi8ypCDEzy9YFmyQA=","invert bycatch",,,,,,,,,,"b5Bt2/WAcobZn6HG5BJ0XugSCqR8u1Uj4+iyEzptoVg=",
"515c6841-d629-4237-a1e6-381e9bd70022","STER_027.basePlot.bet","D10","STER","STER_027","N","2016-07-21","2016-08-04","2016-08-05","2016-08-18",,"STER_027.N.20160804","FuEDHNSxWAnZxfZwvcCyGe80Jy6VhMPNPc2WzrBQe7w=","invert bycatch",,,,,,,,,,"EWrRKg8wzIMaNrWK6a7MhpXyyIIOA6PNDE6EHntJeoM=",
"8ee85e64-8890-4c5b-a81f-2ab93985e7c9","STER_027.basePlot.bet","D10","STER","STER_027","N","2016-07-21","2016-08-04","2016-08-05","2016-08-18",,"STER_027.N.20160804","FuEDHNSxWAnZxfZwvcCyGe80Jy6VhMPNR6iWyLO6oBk=","invert bycatch",,,,,,,,,,"EWrRKg8wzIMaNrWK6a7MhpXyyIIOA6PNDE6EHntJeoM=",
"0764b4c5-81fe-4679-9ebc-079efd9c46f7","STER_006.basePlot.bet","D10","STER","STER_006","N","2016-07-21","2016-08-04","2016-08-05","2016-08-15",,"STER_006.N.20160804","LZ9IDatJ8HEyQ+pEV9SogrLLofqKxjQTZS926asGrDU=","invert bycatch",,,,,,,,,,"b5Bt2/WAcobZn6HG5BJ0XugSCqR8u1Uj4+iyEzptoVg=",
"2333347c-55db-475d-ba33-aa6c50df1791","STER_027.basePlot.bet","D10","STER","STER_027","N","2016-07-21","2016-08-04","2016-08-05","2016-08-18",,"STER_027.N.20160804","FuEDHNSxWAnZxfZwvcCyGe80Jy6VhMPN0hN1BHBRZso=","invert bycatch",,,,,,,,,,"EWrRKg8wzIMaNrWK6a7MhpXyyIIOA6PNDE6EHntJeoM=",
"6079f69d-9f8d-4c12-b095-a48ec4f35735","STER_027.basePlot.bet","D10","STER","STER_027","N","2016-07-21","2016-08-04","2016-08-05","2016-08-18",,"STER_027.N.20160804","FuEDHNSxWAnZxfZwvcCyGe80Jy6VhMPN1woyE0PEOaQ=","invert bycatch",,,,,,,,,,"EWrRKg8wzIMaNrWK6a7MhpXyyIIOA6PNDE6EHntJeoM=",
"6451b592-a09a-464d-ac69-0b301fd150f8","STER_034.basePlot.bet","D10","STER","STER_034","N","2016-07-21","2016-08-04","2016-08-05","2016-08-17",,"STER_034.N.20160804","v+COazD1kvygjsD0TKh98abttcXi8ypCmv3zz2+ulm8=","invert bycatch",,,,,,,,,,"b5Bt2/WAcobZn6HG5BJ0XugSCqR8u1Uj4+iyEzptoVg=",
"c1c55b6a-1f6b-43b9-a766-efac631fc9db","STER_034.basePlot.bet","D10","STER","STER_034","N","2016-07-21","2016-08-04","2016-08-05","2016-08-17",,"STER_034.N.20160804","v+COazD1kvygjsD0TKh98abttcXi8ypCiDOKwjY5ea0=","invert bycatch",,,,,,,,,,"b5Bt2/WAcobZn6HG5BJ0XugSCqR8u1Uj4+iyEzptoVg=",
"d0e006f0-447e-40f7-9266-5d0228ae5cb8","STER_029.basePlot.bet","D10","STER","STER_029","N","2016-07-21","2016-08-04","2016-08-05","2016-08-18",,"STER_029.N.20160804","KK2q9nxeS93hsGU0VErqtJQVGHOL1edYHuU4NKb9tbQ=","invert bycatch",,,,,,,,,,"b5Bt2/WAcobZn6HG5BJ0XugSCqR8u1Uj4+iyEzptoVg=",
"3d584e1b-6fc4-4b7f-8429-b73a1cdabcff","STER_027.basePlot.bet","D10","STER","STER_027","N","2016-07-21","2016-08-04","2016-08-05","2016-08-18",,"STER_027.N.20160804","FuEDHNSxWAnZxfZwvcCyGe80Jy6VhMPNRff64Kb86TE=","invert bycatch",,,,,,,,,,"EWrRKg8wzIMaNrWK6a7MhpXyyIIOA6PNDE6EHntJeoM=",
"89f41651-60cc-47ee-8aa1-ffa8b4562cf9","STER_027.basePlot.bet","D10","STER","STER_027","N","2016-07-21","2016-08-04","2016-08-05","2016-08-18",,"STER_027.N.20160804","FuEDHNSxWAnZxfZwvcCyGe80Jy6VhMPNNSAymnY5O/w=","invert bycatch",,,,,,,,,,"EWrRKg8wzIMaNrWK6a7MhpXyyIIOA6PNDE6EHntJeoM=",
"86cb9c93-3dbd-4f2c-8318-436ecc113db8","STER_027.basePlot.bet","D10","STER","STER_027","N","2016-07-21","2016-08-04","2016-08-05","2016-08-18",,"STER_027.N.20160804","FuEDHNSxWAnZxfZwvcCyGe80Jy6VhMPN+0WJmgCAPnY=","invert bycatch",,,,,,,,,,"EWrRKg8wzIMaNrWK6a7MhpXyyIIOA6PNDE6EHntJeoM=",
"ee74ecd5-8493-4e6d-8eb5-087f3a76b6b7","STER_026.basePlot.bet","D10","STER","STER_026","N","2016-07-21","2016-08-04","2016-08-05","2016-08-16",,"STER_026.N.20160804","B74IC5C471oNUtCg9DiZtDtrHBtLi+FFA8K3R1ObvYw=","invert bycatch",,,,,,,,,,"EWrRKg8wzIMaNrWK6a7MhpXyyIIOA6PNDE6EHntJeoM=",
"43a00201-cefa-49b2-815b-9d1384f7457a","STER_026.basePlot.bet","D10","STER","STER_026","N","2016-07-21","2016-08-04","2016-08-05","2016-08-16",,"STER_026.N.20160804","B74IC5C471oNUtCg9DiZtJMti9Ao5fi0F/QoYKLZX4k=","invert bycatch",,,,,,,,,,"EWrRKg8wzIMaNrWK6a7MhpXyyIIOA6PNDE6EHntJeoM=",
"6f6ec8e3-7fbf-4ea2-b2b4-1881cd3e45d3","STER_026.basePlot.bet","D10","STER","STER_026","N","2016-07-21","2016-08-04","2016-08-05","2016-08-16",,"STER_026.N.20160804","B74IC5C471oNUtCg9DiZtJMti9Ao5fi0pTO1RKDaYrs=","invert bycatch",,,,,,,,,,"EWrRKg8wzIMaNrWK6a7MhpXyyIIOA6PNDE6EHntJeoM=",
"b811dacc-8453-4598-89b3-e66937761b62","STER_026.basePlot.bet","D10","STER","STER_026","N","2016-07-21","2016-08-04","2016-08-05","2016-08-16",,"STER_026.N.20160804","B74IC5C471oNUtCg9DiZtJMti9Ao5fi05Xhy8rDZ+sI=","invert bycatch",,,,,,,,,,"EWrRKg8wzIMaNrWK6a7MhpXyyIIOA6PNDE6EHntJeoM=",
"b448fbbc-e0bf-4b22-8aa7-b28cd92c93a8","STER_028.basePlot.bet","D10","STER","STER_028","N","2016-07-21","2016-08-04","2016-08-05","2016-08-16",,"STER_028.N.20160804","bW2EsnYmokUCrOeXNIU31JQ2fBI4qGctEP47jhMd5/U=","invert bycatch",,,,,,,,,,"b5Bt2/WAcobZn6HG5BJ0XugSCqR8u1Uj4+iyEzptoVg=",
"db710d96-845e-4956-9343-7b824069ff7f","STER_031.basePlot.bet","D10","STER","STER_031","N","2016-07-21","2016-08-04","2016-08-05","2016-08-15",,"STER_031.N.20160804","1mQK2LOpYfus2AIqMc4ZifFc+hme60HuSH55LISO1og=","invert bycatch",,,,,,,,,,"EWrRKg8wzIMaNrWK6a7MhpXyyIIOA6PNDE6EHntJeoM=",
"db0b5533-7672-43d1-bc51-22bdee4c792f","STER_026.basePlot.bet","D10","STER","STER_026","N","2016-07-21","2016-08-04","2016-08-05","2016-08-16",,"STER_026.N.20160804","B74IC5C471oNUtCg9DiZtJMti9Ao5fi07gJiIMmvNTA=","invert bycatch",,,,,,,,,,"EWrRKg8wzIMaNrWK6a7MhpXyyIIOA6PNDE6EHntJeoM=",
"c304e4cd-fda9-4b1c-a644-e9a8a57cb514","STER_026.basePlot.bet","D10","STER","STER_026","N","2016-07-21","2016-08-04","2016-08-05","2016-08-16",,"STER_026.N.20160804","B74IC5C471oNUtCg9DiZtJMti9Ao5fi0bX+pFT3Niko=","invert bycatch",,,,,,,,,,"EWrRKg8wzIMaNrWK6a7MhpXyyIIOA6PNDE6EHntJeoM=",
"00756b70-66a2-4778-8fce-949295674921","STER_026.basePlot.bet","D10","STER","STER_026","N","2016-07-21","2016-08-04","2016-08-05","2016-08-16",,"STER_026.N.20160804","B74IC5C471oNUtCg9DiZtJMti9Ao5fi0Lc3ExTdIzLA=","invert bycatch",,,,,,,,,,"EWrRKg8wzIMaNrWK6a7MhpXyyIIOA6PNDE6EHntJeoM=",
"818ed4a9-bb20-451d-9512-327795f4b767","STER_026.basePlot.bet","D10","STER","STER_026","N","2016-07-21","2016-08-04","2016-08-05","2016-08-16",,"STER_026.N.20160804","B74IC5C471oNUtCg9DiZtJMti9Ao5fi0u4t6qdKX0L0=","invert bycatch",,,,,,,,,,"EWrRKg8wzIMaNrWK6a7MhpXyyIIOA6PNDE6EHntJeoM=",
"fad32bf9-0e02-4431-861f-d5cdf3cefc4a","STER_031.basePlot.bet","D10","STER","STER_031","N","2016-07-21","2016-08-04","2016-08-05","2016-08-15",,"STER_031.N.20160804","1mQK2LOpYfus2AIqMc4ZifFc+hme60Hu+oAo8Px8dhY=","invert bycatch",,,,,,,,,,"EWrRKg8wzIMaNrWK6a7MhpXyyIIOA6PNDE6EHntJeoM=",
"ea68552a-f408-4ef5-907a-b10e168421fe","STER_035.basePlot.bet","D10","STER","STER_035","N","2016-07-21","2016-08-04","2016-08-05","2016-08-18",,"STER_035.N.20160804","xZ4ZeMJQZ4JChvGm8LhPymmC5rTpod+aV/SsTkX/fso=","invert bycatch",,,,,,,,,,"/H9GLxVsm6WFraZjcy6LCqsNDzKzoqIN9mmXI2mgQR4=",
"6c6d4fc6-edd9-4ace-8815-a9601b3a1fca","STER_031.basePlot.bet","D10","STER","STER_031","N","2016-07-21","2016-08-04","2016-08-05","2016-08-15",,"STER_031.N.20160804","1mQK2LOpYfus2AIqMc4ZifFc+hme60HuE3iFSacQjJs=","invert bycatch",,,,,,,,,,"EWrRKg8wzIMaNrWK6a7MhpXyyIIOA6PNDE6EHntJeoM=",
"6639dd96-0d02-4f07-8d3e-9e102f9ee2dc","STER_031.basePlot.bet","D10","STER","STER_031","N","2016-07-21","2016-08-04","2016-08-05","2016-08-15",,"STER_031.N.20160804","1mQK2LOpYfus2AIqMc4ZifFc+hme60HuoZHXYFLMJxg=","invert bycatch",,,,,,,,,,"EWrRKg8wzIMaNrWK6a7MhpXyyIIOA6PNDE6EHntJeoM=",
"4f56e818-ea8f-4313-805a-1abf09e82e27","STER_031.basePlot.bet","D10","STER","STER_031","N","2016-07-21","2016-08-04","2016-08-05","2016-08-15",,"STER_031.N.20160804","1mQK2LOpYfus2AIqMc4ZifFc+hme60Hu6beaxQ0R7y0=","invert bycatch",,,,,,,,,,"EWrRKg8wzIMaNrWK6a7MhpXyyIIOA6PNDE6EHntJeoM=",
"d18e1460-7dd6-4eb5-ab29-8836ad37cf76","STER_031.basePlot.bet","D10","STER","STER_031","N","2016-07-21","2016-08-04","2016-08-05","2016-08-15",,"STER_031.N.20160804","1mQK2LOpYfus2AIqMc4ZifFc+hme60HuKQiX/W7Ndv0=","invert bycatch",,,,,,,,,,"EWrRKg8wzIMaNrWK6a7MhpXyyIIOA6PNDE6EHntJeoM=",
"4098dd96-7a0d-4251-80db-fb4b3d836a09","STER_026.basePlot.bet","D10","STER","STER_026","N","2016-07-21","2016-08-04","2016-08-05","2016-08-16",,"STER_026.N.20160804","B74IC5C471oNUtCg9DiZtJMti9Ao5fi06J7CRUftNuc=","invert bycatch",,,,,,,,,,"EWrRKg8wzIMaNrWK6a7MhpXyyIIOA6PNDE6EHntJeoM=",
"dca92741-c9a1-4133-8375-d13bf8d38150","STER_035.basePlot.bet","D10","STER","STER_035","N","2016-07-21","2016-08-04","2016-08-05","2016-08-18",,"STER_035.N.20160804","xZ4ZeMJQZ4JChvGm8LhPymmC5rTpod+aEZPNtH6e9pk=","invert bycatch",,,,,,,,,,"/H9GLxVsm6WFraZjcy6LCqsNDzKzoqIN9mmXI2mgQR4=",
"127d5ad4-d800-4111-9a89-6e62882375f2","STER_035.basePlot.bet","D10","STER","STER_035","N","2016-07-21","2016-08-04","2016-08-05","2016-08-18",,"STER_035.N.20160804","xZ4ZeMJQZ4JChvGm8LhPymmC5rTpod+abi5g/UUErwc=","invert bycatch",,,,,,,,,,"/H9GLxVsm6WFraZjcy6LCqsNDzKzoqIN9mmXI2mgQR4=",
"69a3e33c-1101-4fc9-a038-f7d18d6dce54","STER_035.basePlot.bet","D10","STER","STER_035","N","2016-07-21","2016-08-04","2016-08-05","2016-08-18",,"STER_035.N.20160804","xZ4ZeMJQZ4JChvGm8LhPymmC5rTpod+adqhu8jxeBY0=","invert bycatch",,,,,,,,,,"/H9GLxVsm6WFraZjcy6LCqsNDzKzoqIN9mmXI2mgQR4=",
"41581b4f-7621-4b9c-919c-2844eeeba0ea","STER_034.basePlot.bet","D10","STER","STER_034","S","2016-07-21","2016-08-04","2016-08-05","2016-08-18",,"STER_034.S.20160804","v+COazD1kvySfUAC/AyAKDpQOyCLd1XaTpQpnEAHoT0=","invert bycatch",,,,,,,,,,"b5Bt2/WAcobZn6HG5BJ0XugSCqR8u1Uj4+iyEzptoVg=",
"e55dac53-d651-4080-9fe6-73ff0d62afc3","STER_034.basePlot.bet","D10","STER","STER_034","S","2016-07-21","2016-08-04","2016-08-05","2016-08-18",,"STER_034.S.20160804","v+COazD1kvySfUAC/AyAKDpQOyCLd1XaqKg9l/TvJJE=","invert bycatch",,,,,,,,,,"b5Bt2/WAcobZn6HG5BJ0XugSCqR8u1Uj4+iyEzptoVg=",
"9141be15-6dda-47b9-bc97-72af45dde085","STER_034.basePlot.bet","D10","STER","STER_034","S","2016-07-21","2016-08-04","2016-08-05","2016-08-18",,"STER_034.S.20160804","v+COazD1kvySfUAC/AyAKDpQOyCLd1Xaj7CuNbKwPxo=","invert bycatch",,,,,,,,,,"b5Bt2/WAcobZn6HG5BJ0XugSCqR8u1Uj4+iyEzptoVg=",
"2a908043-2ef2-4777-bf6a-de13f9e16e38","STER_034.basePlot.bet","D10","STER","STER_034","S","2016-07-21","2016-08-04","2016-08-05","2016-08-18",,"STER_034.S.20160804","v+COazD1kvySfUAC/AyAKDpQOyCLd1XaDtIUkwX20yg=","invert bycatch",,,,,,,,,,"b5Bt2/WAcobZn6HG5BJ0XugSCqR8u1Uj4+iyEzptoVg=",
"96327074-10aa-4ccf-a81c-500eb2213f98","STER_027.basePlot.bet","D10","STER","STER_027","S","2016-07-21","2016-08-04","2016-08-05","2016-08-18",,"STER_027.S.20160804","FuEDHNSxWAkrfjiouW3tS+2D2pFnJzHPVvTCeBa/IKg=","invert bycatch",,,,,,,,,,"EWrRKg8wzIMaNrWK6a7MhpXyyIIOA6PNDE6EHntJeoM=",
"e228c0dc-c3a8-4336-942b-5cffa1d633f5","STER_027.basePlot.bet","D10","STER","STER_027","S","2016-07-21","2016-08-04","2016-08-05","2016-08-18",,"STER_027.S.20160804","FuEDHNSxWAkrfjiouW3tS+2D2pFnJzHPnZOv0pFo++4=","invert bycatch",,,,,,,,,,"EWrRKg8wzIMaNrWK6a7MhpXyyIIOA6PNDE6EHntJeoM=",
"5da82dc9-436f-426b-abd5-e67f35afc6a5","STER_027.basePlot.bet","D10","STER","STER_027","S","2016-07-21","2016-08-04","2016-08-05","2016-08-18",,"STER_027.S.20160804","FuEDHNSxWAkrfjiouW3tS+2D2pFnJzHPOr06o5qZKGg=","invert bycatch",,,,,,,,,,"EWrRKg8wzIMaNrWK6a7MhpXyyIIOA6PNDE6EHntJeoM=",
"66e13432-d288-4948-bafa-02c1ebe30080","STER_027.basePlot.bet","D10","STER","STER_027","S","2016-07-21","2016-08-04","2016-08-05","2016-08-18",,"STER_027.S.20160804","FuEDHNSxWAkrfjiouW3tS+2D2pFnJzHPz5QBQ9NQDh4=","invert bycatch",,,,,,,,,,"EWrRKg8wzIMaNrWK6a7MhpXyyIIOA6PNDE6EHntJeoM=",
"4f520408-ed18-48af-9e0d-c27f46e438ce","STER_027.basePlot.bet","D10","STER","STER_027","S","2016-07-21","2016-08-04","2016-08-05","2016-08-18",,"STER_027.S.20160804","FuEDHNSxWAkrfjiouW3tS+2D2pFnJzHPqfYQmycdguA=","invert bycatch",,,,,,,,,,"EWrRKg8wzIMaNrWK6a7MhpXyyIIOA6PNDE6EHntJeoM=",
"e3390727-54b1-4267-a97e-19da1f9c18c4","STER_029.basePlot.bet","D10","STER","STER_029","S","2016-07-21","2016-08-04","2016-08-05","2016-08-18",,"STER_029.S.20160804","KK2q9nxeS92VV6d169jvE/gX/DGzahH2oKtTMCaCh6E=","invert bycatch",,,,,,,,,,"b5Bt2/WAcobZn6HG5BJ0XugSCqR8u1Uj4+iyEzptoVg=",
"3eb60c90-4df4-4895-b8da-d0e0524285a5","STER_029.basePlot.bet","D10","STER","STER_029","S","2016-07-21","2016-08-04","2016-08-05","2016-08-18",,"STER_029.S.20160804","KK2q9nxeS92VV6d169jvE/gX/DGzahH28or3ckYJfiA=","invert bycatch",,,,,,,,,,"b5Bt2/WAcobZn6HG5BJ0XugSCqR8u1Uj4+iyEzptoVg=",
"53ee8f06-d51a-4636-831f-6f5e4a201dd6","STER_029.basePlot.bet","D10","STER","STER_029","S","2016-07-21","2016-08-04","2016-08-05","2016-08-18",,"STER_029.S.20160804","KK2q9nxeS92VV6d169jvE/gX/DGzahH2wzAIDKsZTyM=","invert bycatch",,,,,,,,,,"b5Bt2/WAcobZn6HG5BJ0XugSCqR8u1Uj4+iyEzptoVg=",
"13277741-b4ff-4ae1-a719-d297ece2e8b3","STER_027.basePlot.bet","D10","STER","STER_027","S","2016-07-21","2016-08-04","2016-08-05","2016-08-18",,"STER_027.S.20160804","FuEDHNSxWAkrfjiouW3tS+2D2pFnJzHP8TmAzWYXQtI=","invert bycatch",,,,,,,,,,"EWrRKg8wzIMaNrWK6a7MhpXyyIIOA6PNDE6EHntJeoM=",
"e556d9e1-ac01-4655-9a21-f4bb0e18528d","STER_027.basePlot.bet","D10","STER","STER_027","S","2016-07-21","2016-08-04","2016-08-05","2016-08-18",,"STER_027.S.20160804","FuEDHNSxWAkrfjiouW3tS+2D2pFnJzHPhMHjGcvwl8c=","invert bycatch",,,,,,,,,,"EWrRKg8wzIMaNrWK6a7MhpXyyIIOA6PNDE6EHntJeoM=",
"b992cacd-3aa8-4cdb-bd6b-16f5aafc7bee","STER_026.basePlot.bet","D10","STER","STER_026","S","2016-07-21","2016-08-04","2016-08-05","2016-08-15",,"STER_026.S.20160804","B74IC5C471qouuisQhx+oQGPuuJgveiP77w2KoduBpU=","invert bycatch",,,,,,,,,,"1dFEKNySUBNuq4xEVAo4quQhHklgSxBG",
"47492fe9-7dc7-4abc-b3c0-2bc578786ac2","STER_028.basePlot.bet","D10","STER","STER_028","S","2016-07-21","2016-08-04","2016-08-05","2016-08-16",,"STER_028.S.20160804","bW2EsnYmokXAs97IE28AqHBhWjjHqXsNFFyyR1hKewc=","invert bycatch",,,,,,,,,,"b5Bt2/WAcobZn6HG5BJ0XugSCqR8u1Uj4+iyEzptoVg=",
"550adbaa-a6bf-4d7a-a795-35d2bc5e355d","STER_029.basePlot.bet","D10","STER","STER_029","S","2016-07-21","2016-08-04","2016-08-05","2016-08-18",,"STER_029.S.20160804","KK2q9nxeS92VV6d169jvE/gX/DGzahH2AUG/SLZ38yI=","invert bycatch",,,,,,,,,,"b5Bt2/WAcobZn6HG5BJ0XugSCqR8u1Uj4+iyEzptoVg=",
"d4bbec8e-959b-45f7-846d-5504544b984a","STER_029.basePlot.bet","D10","STER","STER_029","S","2016-07-21","2016-08-04","2016-08-05","2016-08-18",,"STER_029.S.20160804","KK2q9nxeS92VV6d169jvE/gX/DGzahH2O74mZ4OJSlQ=","invert bycatch",,,,,,,,,,"b5Bt2/WAcobZn6HG5BJ0XugSCqR8u1Uj4+iyEzptoVg=",
"a9c93003-e7e2-42b4-b965-0776cc94945a","STER_029.basePlot.bet","D10","STER","STER_029","S","2016-07-21","2016-08-04","2016-08-05","2016-08-18",,"STER_029.S.20160804","KK2q9nxeS92VV6d169jvE/gX/DGzahH2O8p5Vo6lPE4=","invert bycatch",,,,,,,,,,"b5Bt2/WAcobZn6HG5BJ0XugSCqR8u1Uj4+iyEzptoVg=",
"7dd579aa-29fd-44d5-aca5-a1e8d045a922","STER_033.basePlot.bet","D10","STER","STER_033","S","2016-07-21","2016-08-04","2016-08-05","2016-08-17",,"STER_033.S.20160804","Yx5jJOWNohKpjpeDPmSMc53h6LcdB5IYwSJcQDojKrA=","invert bycatch",,,,,,,,,,"b5Bt2/WAcobZn6HG5BJ0XugSCqR8u1Uj4+iyEzptoVg=",
"6a758b7c-d8d2-4deb-ae1e-b9d928bd380e","STER_033.basePlot.bet","D10","STER","STER_033","S","2016-07-21","2016-08-04","2016-08-05","2016-08-17",,"STER_033.S.20160804","Yx5jJOWNohKpjpeDPmSMc53h6LcdB5IYqMWNWuwawZU=","invert bycatch",,,,,,,,,,"b5Bt2/WAcobZn6HG5BJ0XugSCqR8u1Uj4+iyEzptoVg=",
"f5b91b9e-1180-4c6b-a0e9-5cb65e3a04da","STER_035.basePlot.bet","D10","STER","STER_035","S","2016-07-21","2016-08-04","2016-08-05","2016-08-18",,"STER_035.S.20160804","xZ4ZeMJQZ4LmjIIB8RTGVDH/p3ZBx+TsisKxwkO4Qwo=","invert bycatch",,,,,,,,,,"EWrRKg8wzIMaNrWK6a7MhpXyyIIOA6PNDE6EHntJeoM=",
"77ef48ce-e4a1-4ff8-8629-33e5ce344f30","STER_033.basePlot.bet","D10","STER","STER_033","S","2016-07-21","2016-08-04","2016-08-05","2016-08-17",,"STER_033.S.20160804","Yx5jJOWNohKpjpeDPmSMc53h6LcdB5IYOYkjZ0qXis4=","invert bycatch",,,,,,,,,,"b5Bt2/WAcobZn6HG5BJ0XugSCqR8u1Uj4+iyEzptoVg=",
"a12fb5b4-7e11-4402-9f68-8cb5cbe99878","STER_031.basePlot.bet","D10","STER","STER_031","S","2016-07-21","2016-08-04","2016-08-05","2016-08-16",,"STER_031.S.20160804","1mQK2LOpYfs1Nqgpf2Xv9ui4JZea+Z7eAa+5Xmx9uZk=","invert bycatch",,,,,,,,,,"EWrRKg8wzIMaNrWK6a7MhpXyyIIOA6PNDE6EHntJeoM=",
"d38a54cd-002d-4b46-ab13-a46057a51c2a","STER_006.basePlot.bet","D10","STER","STER_006","W","2016-07-21","2016-08-04","2016-08-05","2016-08-15",,"STER_006.W.20160804","LZ9IDatJ8HHIh9JIuMGohs7o8VgJgP+O1BQ0wBAOohA=","invert bycatch",,,,,,,,,,"b5Bt2/WAcobZn6HG5BJ0XugSCqR8u1Uj4+iyEzptoVg=",
"1fef28d9-dfab-4da2-9002-d597f3abef0e","STER_006.basePlot.bet","D10","STER","STER_006","W","2016-07-21","2016-08-04","2016-08-05","2016-08-15",,"STER_006.W.20160804","LZ9IDatJ8HHIh9JIuMGohs7o8VgJgP+OF+EvktOZurw=","invert bycatch",,,,,,,,,,"b5Bt2/WAcobZn6HG5BJ0XugSCqR8u1Uj4+iyEzptoVg=",
"1cd11438-2c63-4fe3-9119-7af7e61f58ea","STER_027.basePlot.bet","D10","STER","STER_027","W","2016-07-21","2016-08-04","2016-08-05","2016-08-18",,"STER_027.W.20160804","FuEDHNSxWAmZWHt1hbABrlmi8CPaboqTQXqolrCi9RQ=","invert bycatch",,,,,,,,,,"EWrRKg8wzIMaNrWK6a7MhpXyyIIOA6PNDE6EHntJeoM=",
"78e3dd3b-cec7-4824-9bd1-b11dacffcb6c","STER_006.basePlot.bet","D10","STER","STER_006","W","2016-07-21","2016-08-04","2016-08-05","2016-08-15",,"STER_006.W.20160804","LZ9IDatJ8HHIh9JIuMGohs7o8VgJgP+OLU+DdQQNo+E=","invert bycatch",,,,,,,,,,"b5Bt2/WAcobZn6HG5BJ0XugSCqR8u1Uj4+iyEzptoVg=",
"f36bbf87-2a2a-4d22-9d02-3bd21b591001","STER_034.basePlot.bet","D10","STER","STER_034","W","2016-07-21","2016-08-04","2016-08-05","2016-08-17",,"STER_034.W.20160804","v+COazD1kvxlwXJ9OvWsF1tB29GmaYTzcSyN78xPNNY=","invert bycatch",,,,,,,,,,"b5Bt2/WAcobZn6HG5BJ0XugSCqR8u1Uj4+iyEzptoVg=",
"ccdf2225-b665-44e6-8be3-f8b0754411fe","STER_032.basePlot.bet","D10","STER","STER_032","W","2016-07-21","2016-08-04","2016-08-05","2016-08-16",,"STER_032.W.20160804","fEa5yf30aQzdwJHHVXQK6NqvZYjHpbiU6qDdWi1fjbE=","invert bycatch",,,,,,,,,,"b5Bt2/WAcobZn6HG5BJ0XugSCqR8u1Uj4+iyEzptoVg=",
"9a6178a0-dabb-44c9-a36e-1cb7f606c8e3","STER_029.basePlot.bet","D10","STER","STER_029","W","2016-07-21","2016-08-04","2016-08-05","2016-08-18",,"STER_029.W.20160804","KK2q9nxeS90u+2a0lnn9REari12i93ZppI527K4pPQg=","invert bycatch",,,,,,,,,,"b5Bt2/WAcobZn6HG5BJ0XugSCqR8u1Uj4+iyEzptoVg=",
"10243134-fcf1-4367-ab47-a1eb1f8a873f","STER_029.basePlot.bet","D10","STER","STER_029","W","2016-07-21","2016-08-04","2016-08-05","2016-08-18",,"STER_029.W.20160804","KK2q9nxeS90u+2a0lnn9REari12i93ZpzyF4wYFPWVc=","invert bycatch",,,,,,,,,,"b5Bt2/WAcobZn6HG5BJ0XugSCqR8u1Uj4+iyEzptoVg=",
"12e021f9-ab9e-4aa9-a2f3-cf440013b55b","STER_027.basePlot.bet","D10","STER","STER_027","W","2016-07-21","2016-08-04","2016-08-05","2016-08-18",,"STER_027.W.20160804","FuEDHNSxWAmZWHt1hbABrlmi8CPaboqTFu2U0idWzBI=","invert bycatch",,,,,,,,,,"EWrRKg8wzIMaNrWK6a7MhpXyyIIOA6PNDE6EHntJeoM=",
"4b414fa0-7d7d-4208-85bf-5dc2cf143413","STER_006.basePlot.bet","D10","STER","STER_006","W","2016-07-21","2016-08-04","2016-08-05","2016-08-15",,"STER_006.W.20160804","LZ9IDatJ8HHIh9JIuMGohs7o8VgJgP+Oe0+ZUAzaehY=","invert bycatch",,,,,,,,,,"b5Bt2/WAcobZn6HG5BJ0XugSCqR8u1Uj4+iyEzptoVg=",
"b2b3c522-0636-44a6-bbe6-4d140fa67236","STER_026.basePlot.bet","D10","STER","STER_026","W","2016-07-21","2016-08-04","2016-08-05","2016-08-16",,"STER_026.W.20160804","B74IC5C471q3YfeP5RkV43Tu0tB+iv+leE4GhHTfN2A=","invert bycatch",,,,,,,,,,"EWrRKg8wzIMaNrWK6a7MhpXyyIIOA6PNDE6EHntJeoM=",
"c1232146-2193-4fab-9861-f76b4ee179f5","STER_028.basePlot.bet","D10","STER","STER_028","W","2016-07-21","2016-08-04","2016-08-05","2016-08-16",,"STER_028.W.20160804","bW2EsnYmokV36rmDJhanICK1ypU4MUkkzA2h2k5MtEM=","invert bycatch",,,,,,,,,,"b5Bt2/WAcobZn6HG5BJ0XugSCqR8u1Uj4+iyEzptoVg=",
"e04195e6-5e75-4ab9-b3c4-afa5ff0731e5","STER_029.basePlot.bet","D10","STER","STER_029","W","2016-07-21","2016-08-04","2016-08-05","2016-08-18",,"STER_029.W.20160804","KK2q9nxeS90u+2a0lnn9REari12i93ZpOV1SaH7jKdI=","invert bycatch",,,,,,,,,,"b5Bt2/WAcobZn6HG5BJ0XugSCqR8u1Uj4+iyEzptoVg=",
"ce261773-0443-472e-b184-837406b943f2","STER_035.basePlot.bet","D10","STER","STER_035","W","2016-07-21","2016-08-04","2016-08-05","2016-08-18",,"STER_035.W.20160804","xZ4ZeMJQZ4IoX9FxJzUo/4hiG17gzrCgcDz63LtZA8s=","invert bycatch",,,,,,,,,,"48hv/AdwGIWrgDvcddzRzIUnxx28rW9g",
"14abb57a-9e6c-47ad-a919-3ced6ed9b55a","STER_031.basePlot.bet","D10","STER","STER_031","W","2016-07-21","2016-08-04","2016-08-05","2016-08-15",,"STER_031.W.20160804","1mQK2LOpYfvJLO0VXC+dL3vewyuhWlU5mR+xFFd+QTg=","invert bycatch",,,,,,,,,,"EWrRKg8wzIMaNrWK6a7MhpXyyIIOA6PNDE6EHntJeoM=",
"d7a85ce3-35a1-4aeb-906b-a66afda1796b","STER_031.basePlot.bet","D10","STER","STER_031","W","2016-07-21","2016-08-04","2016-08-05","2016-08-15",,"STER_031.W.20160804","1mQK2LOpYfvJLO0VXC+dL3vewyuhWlU5skcQxn1ugRo=","invert bycatch",,,,,,,,,,"EWrRKg8wzIMaNrWK6a7MhpXyyIIOA6PNDE6EHntJeoM=",
"c94ff7e1-3867-465c-9388-e87797abd366","STER_031.basePlot.bet","D10","STER","STER_031","W","2016-07-21","2016-08-04","2016-08-05","2016-08-15",,"STER_031.W.20160804","1mQK2LOpYfvJLO0VXC+dL3vewyuhWlU5YiI8/1NGmXc=","invert bycatch",,,,,,,,,,"EWrRKg8wzIMaNrWK6a7MhpXyyIIOA6PNDE6EHntJeoM=",
"635034f1-0029-44ba-946e-4ea984910488","STER_033.basePlot.bet","D10","STER","STER_033","W","2016-07-21","2016-08-04","2016-08-05","2016-08-16",,"STER_033.W.20160804","Yx5jJOWNohI74SaT9wKoqumANVnYMVXscCDnfumCFIM=","invert bycatch",,,,,,,,,,"EWrRKg8wzIMaNrWK6a7MhpXyyIIOA6PNDE6EHntJeoM=",
"34fb7bd3-4453-4cb9-8e29-061976d91055","STER_035.basePlot.bet","D10","STER","STER_035","W","2016-07-21","2016-08-04","2016-08-05","2016-08-18",,"STER_035.W.20160804","xZ4ZeMJQZ4IoX9FxJzUo/4hiG17gzrCgmrvD78Vgv+M=","invert bycatch",,,,,,,,,,"48hv/AdwGIWrgDvcddzRzIUnxx28rW9g",
"c6b480a4-ce0d-4fd0-9d44-0751d4e2cf94","STER_035.basePlot.bet","D10","STER","STER_035","W","2016-07-21","2016-08-04","2016-08-05","2016-08-18",,"STER_035.W.20160804","xZ4ZeMJQZ4IoX9FxJzUo/4hiG17gzrCgvVWGjvW1n54=","invert bycatch",,,,,,,,,,"48hv/AdwGIWrgDvcddzRzIUnxx28rW9g",
"8721643b-0eb9-4048-95f3-d3a15cf5eaea","STER_035.basePlot.bet","D10","STER","STER_035","W","2016-07-21","2016-08-04","2016-08-05","2016-08-18",,"STER_035.W.20160804","xZ4ZeMJQZ4IoX9FxJzUo/4hiG17gzrCgaNI7XwNM3mc=","invert bycatch",,,,,,,,,,"48hv/AdwGIWrgDvcddzRzIUnxx28rW9g",
"dce00f95-be89-40c2-8f7b-1984b410ecea","STER_033.basePlot.bet","D10","STER","STER_033","W","2016-07-21","2016-08-04","2016-08-05","2016-08-16",,"STER_033.W.20160804","Yx5jJOWNohI74SaT9wKoqumANVnYMVXsOGoea1Nqjxk=","invert bycatch",,,,,,,,,,"EWrRKg8wzIMaNrWK6a7MhpXyyIIOA6PNDE6EHntJeoM=",
"3988ecba-33d9-4764-9603-d3aa4fc0a90d","STER_033.basePlot.bet","D10","STER","STER_033","W","2016-07-21","2016-08-04","2016-08-05","2016-08-16",,"STER_033.W.20160804","Yx5jJOWNohI74SaT9wKoqumANVnYMVXs6bpU2uybV0U=","invert bycatch",,,,,,,,,,"EWrRKg8wzIMaNrWK6a7MhpXyyIIOA6PNDE6EHntJeoM=",
"219cc718-bfb4-4fe7-9c11-05486cff1711","STER_033.basePlot.bet","D10","STER","STER_033","W","2016-07-21","2016-08-04","2016-08-05","2016-08-16",,"STER_033.W.20160804","Yx5jJOWNohI74SaT9wKoqumANVnYMVXs+7h2r8EDhFQ=","invert bycatch",,,,,,,,,,"EWrRKg8wzIMaNrWK6a7MhpXyyIIOA6PNDE6EHntJeoM=",
"43feac35-3fab-4de9-9647-9d70a82e1b1f","STER_033.basePlot.bet","D10","STER","STER_033","W","2016-07-21","2016-08-04","2016-08-05","2016-08-16",,"STER_033.W.20160804","Yx5jJOWNohI74SaT9wKoqumANVnYMVXs5YsU7SJqgT8=","invert bycatch",,,,,,,,,,"EWrRKg8wzIMaNrWK6a7MhpXyyIIOA6PNDE6EHntJeoM=",
"52506774-d1ba-4ebd-abe0-f135d030d102","STER_033.basePlot.bet","D10","STER","STER_033","W","2016-07-21","2016-08-04","2016-08-05","2016-08-16",,"STER_033.W.20160804","Yx5jJOWNohI74SaT9wKoqumANVnYMVXsIp1wQY4SOFo=","invert bycatch",,,,,,,,,,"EWrRKg8wzIMaNrWK6a7MhpXyyIIOA6PNDE6EHntJeoM=",
"9ed9105a-f339-4edd-9b57-1e4ae6916eab","STER_035.basePlot.bet","D10","STER","STER_035","W","2016-07-21","2016-08-04","2016-08-05","2016-08-18",,"STER_035.W.20160804","xZ4ZeMJQZ4IoX9FxJzUo/4hiG17gzrCguMZo0U96LEY=","invert bycatch",,,,,,,,,,"48hv/AdwGIWrgDvcddzRzIUnxx28rW9g",
"58d7a15b-7ac7-4945-a3de-44fa7b4bba8c","STER_006.basePlot.bet","D10","STER","STER_006","W","2016-07-21","2016-08-04","2016-08-05","2016-08-15",,"STER_006.W.20160804","LZ9IDatJ8HHIh9JIuMGohs7o8VgJgP+O/urCU/QiTBY=","invert bycatch",,,,,,,,,,"b5Bt2/WAcobZn6HG5BJ0XugSCqR8u1Uj4+iyEzptoVg=",
"70e505c7-9bb5-4d79-84e6-4a2dc3b33af7","STER_029.basePlot.bet","D10","STER","STER_029","W","2016-07-21","2016-08-04","2016-08-05","2016-08-18",,"STER_029.W.20160804","KK2q9nxeS90u+2a0lnn9REari12i93Zppr8sYVr7tXA=","invert bycatch",,,,,,,,,,"b5Bt2/WAcobZn6HG5BJ0XugSCqR8u1Uj4+iyEzptoVg=",
"73bd2672-530a-45f0-b6e9-04c433c80102","STER_029.basePlot.bet","D10","STER","STER_029","W","2016-07-21","2016-08-04","2016-08-05","2016-08-18",,"STER_029.W.20160804","KK2q9nxeS90u+2a0lnn9REari12i93ZpAfsX8aAbzq0=","invert bycatch",,,,,,,,,,"b5Bt2/WAcobZn6HG5BJ0XugSCqR8u1Uj4+iyEzptoVg=",
"ec7ee7a6-d3f3-4958-9d71-fcf720e8e855","STER_031.basePlot.bet","D10","STER","STER_031","W","2016-07-21","2016-08-04","2016-08-05","2016-08-15",,"STER_031.W.20160804","1mQK2LOpYfvJLO0VXC+dL3vewyuhWlU5DaJbYLoykYU=","invert bycatch",,,,,,,,,,"EWrRKg8wzIMaNrWK6a7MhpXyyIIOA6PNDE6EHntJeoM=",
"48338de6-627e-48db-8268-d9f15bfd1a25","STER_031.basePlot.bet","D10","STER","STER_031","W","2016-07-21","2016-08-04","2016-08-05","2016-08-15",,"STER_031.W.20160804","1mQK2LOpYfvJLO0VXC+dL3vewyuhWlU5HKQv5vg4Ot4=","invert bycatch",,,,,,,,,,"EWrRKg8wzIMaNrWK6a7MhpXyyIIOA6PNDE6EHntJeoM=",
"c26d51af-8639-4114-b98a-abc4abd504a1","STER_034.basePlot.bet","D10","STER","STER_034","W","2016-08-04","2016-08-18","2016-08-19","2016-08-31",,"STER_034.W.20160818","v+COazD1kvxlwXJ9OvWsFwofnrQ68a+wN7vNFUYE0go=","invert bycatch",,,,,,,,,,"1dFEKNySUBNuq4xEVAo4quQhHklgSxBG",
"12e32491-3f81-4d64-aad0-764a89cda61a","STER_006.basePlot.bet","D10","STER","STER_006","W","2016-08-04","2016-08-18","2016-08-19","2016-08-19","2016-08-18","STER_006.W.20160818","LZ9IDatJ8HHIh9JIuMGohm37C3Pp11WWV+Q4M/ctbuo=","vert bycatch herp","OTHE","Chordata sp.","phylum",,,,1,"Other","2lRMQQ1w1tjxtWhGz93Yd/OOt4CTCGT1","2lRMQQ1w1tjxtWhGz93Yd/OOt4CTCGT1","Herp was identified as Pseudacris triseriata"
"caa60792-d771-4e73-814c-96906b5ad30c","STER_027.basePlot.bet","D10","STER","STER_027","W","2016-08-04","2016-08-18","2016-08-19","2016-08-24",,"STER_027.W.20160818","FuEDHNSxWAmZWHt1hbABrnli+69ThHe6wnqiBNAhwlA=","invert bycatch",,,,,,,,,,"1dFEKNySUBNuq4xEVAo4quQhHklgSxBG",
"1bd8eaa9-1d77-4e6e-a6ca-8f4f7d9ee348","STER_031.basePlot.bet","D10","STER","STER_031","W","2016-08-04","2016-08-18","2016-08-19","2016-08-26",,"STER_031.W.20160818","1mQK2LOpYfvJLO0VXC+dL6sqjQJNZ5RNZkMYNccW90c=","invert bycatch",,,,,,,,,,"EWrRKg8wzIMaNrWK6a7MhpXyyIIOA6PNDE6EHntJeoM=",
"316fd04b-92ab-404f-be0d-9a936bc7c760","STER_032.basePlot.bet","D10","STER","STER_032","W","2016-08-04","2016-08-18","2016-08-19","2016-08-23",,"STER_032.W.20160818","fEa5yf30aQzdwJHHVXQK6BNdBBBe7fQpqvO5P4dz4Io=","invert bycatch",,,,,,,,,,"b5Bt2/WAcobZn6HG5BJ0XugSCqR8u1Uj4+iyEzptoVg=",
"e88699ee-1770-4041-b825-2c0dc6865811","STER_006.basePlot.bet","D10","STER","STER_006","W","2016-08-04","2016-08-18","2016-08-19","2016-08-26",,"STER_006.W.20160818","LZ9IDatJ8HHIh9JIuMGohgc9nCuww6EE9FIDPCQlwhI=","invert bycatch",,,,,,,,,,"fqK/DMHOLVyTh7Xtc0PobzKjdJCNX8B1",
"5be4a656-1e6d-4f96-a829-8fa51cd87fbe","STER_006.basePlot.bet","D10","STER","STER_006","W","2016-08-04","2016-08-18","2016-08-19","2016-08-26",,"STER_006.W.20160818","LZ9IDatJ8HHIh9JIuMGohgc9nCuww6EEQ9dWokxV46w=","invert bycatch",,,,,,,,,,"48hv/AdwGIWrgDvcddzRzIUnxx28rW9g",
"456882bc-8ab5-447b-b86c-df3bcbb1de20","STER_028.basePlot.bet","D10","STER","STER_028","W","2016-08-04","2016-08-18","2016-08-19","2016-08-23",,"STER_028.W.20160818","bW2EsnYmokV36rmDJhanIMJ0wateV8+07FPFEXZqJBY=","invert bycatch",,,,,,,,,,"b5Bt2/WAcobZn6HG5BJ0XugSCqR8u1Uj4+iyEzptoVg=",
"ffa60d4e-38de-48b4-9952-3dd36b771543","STER_026.basePlot.bet","D10","STER","STER_026","W","2016-08-04","2016-08-18","2016-08-19","2016-08-23",,"STER_026.W.20160818","B74IC5C471q3YfeP5RkV482Ytn4SC+9opkyIFCx/0pY=","invert bycatch",,,,,,,,,,"b5Bt2/WAcobZn6HG5BJ0XugSCqR8u1Uj4+iyEzptoVg=",
"8bee6550-be64-4d64-8fa6-24013e4e6338","STER_031.basePlot.bet","D10","STER","STER_031","W","2016-08-04","2016-08-18","2016-08-19","2016-08-26",,"STER_031.W.20160818","1mQK2LOpYfvJLO0VXC+dL6sqjQJNZ5RN2HHyWsZ1vgQ=","invert bycatch",,,,,,,,,,"EWrRKg8wzIMaNrWK6a7MhpXyyIIOA6PNDE6EHntJeoM=",
"7a76284e-70bd-40c6-b503-883d9c6c8b56","STER_031.basePlot.bet","D10","STER","STER_031","W","2016-08-04","2016-08-18","2016-08-19","2016-08-26",,"STER_031.W.20160818","1mQK2LOpYfvJLO0VXC+dL6sqjQJNZ5RNtbMGWCpsLJk=","invert bycatch",,,,,,,,,,"EWrRKg8wzIMaNrWK6a7MhpXyyIIOA6PNDE6EHntJeoM=",
"6e915c64-f9e0-4384-b356-d10443b92a9c","STER_031.basePlot.bet","D10","STER","STER_031","W","2016-08-04","2016-08-18","2016-08-19","2016-08-26",,"STER_031.W.20160818","1mQK2LOpYfvJLO0VXC+dL6sqjQJNZ5RND0SrkV0V45c=","invert bycatch",,,,,,,,,,"EWrRKg8wzIMaNrWK6a7MhpXyyIIOA6PNDE6EHntJeoM=",
"64ea2d57-4f61-49b8-80d8-d876cf06a037","STER_031.basePlot.bet","D10","STER","STER_031","W","2016-08-04","2016-08-18","2016-08-19","2016-08-26",,"STER_031.W.20160818","1mQK2LOpYfvJLO0VXC+dL6sqjQJNZ5RNoiH+RHfD5XA=","invert bycatch",,,,,,,,,,"EWrRKg8wzIMaNrWK6a7MhpXyyIIOA6PNDE6EHntJeoM=",
"7d135509-6442-4eb0-9f6c-17d1698644c0","STER_031.basePlot.bet","D10","STER","STER_031","W","2016-08-04","2016-08-18","2016-08-19","2016-08-26",,"STER_031.W.20160818","1mQK2LOpYfvJLO0VXC+dL6sqjQJNZ5RNSdqWzgd1kGM=","invert bycatch",,,,,,,,,,"EWrRKg8wzIMaNrWK6a7MhpXyyIIOA6PNDE6EHntJeoM=",
"392ecd22-3553-43cf-8173-1dff3c0aa525","STER_035.basePlot.bet","D10","STER","STER_035","W","2016-08-04","2016-08-18","2016-08-19","2016-08-30",,"STER_035.W.20160818","xZ4ZeMJQZ4IoX9FxJzUo/1Q6M1gol5n5Qt+aKAk6itQ=","invert bycatch",,,,,,,,,,"48hv/AdwGIWrgDvcddzRzIUnxx28rW9g",
"999cb13e-c367-4c2c-b41b-c9c2b94d3236","STER_035.basePlot.bet","D10","STER","STER_035","W","2016-08-04","2016-08-18","2016-08-19","2016-08-30",,"STER_035.W.20160818","xZ4ZeMJQZ4IoX9FxJzUo/1Q6M1gol5n59K+pokbugYY=","invert bycatch",,,,,,,,,,"48hv/AdwGIWrgDvcddzRzIUnxx28rW9g",
"b1aed490-a887-44fc-bfdb-5048033de014","STER_033.basePlot.bet","D10","STER","STER_033","W","2016-08-04","2016-08-18","2016-08-19","2016-08-31",,"STER_033.W.20160818","Yx5jJOWNohI74SaT9wKoqraeCnwyzqFKH5vbeVnOfzM=","invert bycatch",,,,,,,,,,"1dFEKNySUBNuq4xEVAo4quQhHklgSxBG",
"b3496a34-8633-46e2-a77a-975a35f39879","STER_033.basePlot.bet","D10","STER","STER_033","W","2016-08-04","2016-08-18","2016-08-19","2016-08-31",,"STER_033.W.20160818","Yx5jJOWNohI74SaT9wKoqraeCnwyzqFKGuWfikAlooE=","invert bycatch",,,,,,,,,,"1dFEKNySUBNuq4xEVAo4quQhHklgSxBG",
"2c338939-00e7-4773-a9f9-1f075521f2dd","STER_033.basePlot.bet","D10","STER","STER_033","W","2016-08-04","2016-08-18","2016-08-19","2016-08-31",,"STER_033.W.20160818","Yx5jJOWNohI74SaT9wKoqraeCnwyzqFKn/t3JMUN3SQ=","invert bycatch",,,,,,,,,,"1dFEKNySUBNuq4xEVAo4quQhHklgSxBG",
"9070b5c4-6d9e-4de6-a2f6-91d893d73fd8","STER_033.basePlot.bet","D10","STER","STER_033","W","2016-08-04","2016-08-18","2016-08-19","2016-08-31",,"STER_033.W.20160818","Yx5jJOWNohI74SaT9wKoqraeCnwyzqFK/yIUGtszCGw=","invert bycatch",,,,,,,,,,"1dFEKNySUBNuq4xEVAo4quQhHklgSxBG",
"ddd40d73-f5f5-4db9-b733-e0672bccedd1","STER_033.basePlot.bet","D10","STER","STER_033","W","2016-08-04","2016-08-18","2016-08-19","2016-08-31",,"STER_033.W.20160818","Yx5jJOWNohI74SaT9wKoqraeCnwyzqFK4fWILNAnB+g=","invert bycatch",,,,,,,,,,"1dFEKNySUBNuq4xEVAo4quQhHklgSxBG",
"24cb299a-acf8-4fbd-902a-d7ca33defaa4","STER_033.basePlot.bet","D10","STER","STER_033","W","2016-08-04","2016-08-18","2016-08-19","2016-08-31",,"STER_033.W.20160818","Yx5jJOWNohI74SaT9wKoqraeCnwyzqFKw1tq51XycFI=","invert bycatch",,,,,,,,,,"1dFEKNySUBNuq4xEVAo4quQhHklgSxBG",
"58daadcd-2d34-4e6b-b8ec-2b23a20ce833","STER_006.basePlot.bet","D10","STER","STER_006","W","2016-08-04","2016-08-18","2016-08-19","2016-08-26",,"STER_006.W.20160818","LZ9IDatJ8HHIh9JIuMGohgc9nCuww6EEG2ZlVqCXwYo=","invert bycatch",,,,,,,,,,"48hv/AdwGIWrgDvcddzRzIUnxx28rW9g",
"ab826b7f-ee4d-4d8c-aa6c-2b1762ad41cc","STER_029.basePlot.bet","D10","STER","STER_029","W","2016-08-04","2016-08-18","2016-08-19","2016-08-26",,"STER_029.W.20160818","KK2q9nxeS90u+2a0lnn9RIRT5U9putVX9fB+XXmEaMg=","invert bycatch",,,,,,,,,,"EWrRKg8wzIMaNrWK6a7MhpXyyIIOA6PNDE6EHntJeoM=",
"106662f9-20c4-4f95-8bcf-dbc390e3b734","STER_029.basePlot.bet","D10","STER","STER_029","W","2016-08-04","2016-08-18","2016-08-19","2016-08-26",,"STER_029.W.20160818","KK2q9nxeS90u+2a0lnn9RIRT5U9putVXEhBSGzYTQtA=","invert bycatch",,,,,,,,,,"EWrRKg8wzIMaNrWK6a7MhpXyyIIOA6PNDE6EHntJeoM=",
"2d1f6bce-f5ae-4205-b799-55aa8dea08eb","STER_027.basePlot.bet","D10","STER","STER_027","E","2016-08-04","2016-08-18","2016-08-19","2016-08-24",,"STER_027.E.20160818","FuEDHNSxWAmc/15Wxuckn31UnkLli1VU0PavTrczf7o=","invert bycatch",,,,,,,,,,"1dFEKNySUBNuq4xEVAo4quQhHklgSxBG",
"dd67df40-0f3c-4390-ac4f-233017d2aa57","STER_029.basePlot.bet","D10","STER","STER_029","E","2016-08-04","2016-08-18","2016-08-19","2016-08-26",,"STER_029.E.20160818","KK2q9nxeS92e3IMlBRZxE1+0MprAn5k4a6fITSfgycU=","invert bycatch",,,,,,,,,,"EWrRKg8wzIMaNrWK6a7MhpXyyIIOA6PNDE6EHntJeoM=",
"f53cf6f0-0edc-49a4-8608-bec751073e24","STER_028.basePlot.bet","D10","STER","STER_028","E","2016-08-04","2016-08-18","2016-08-19","2016-08-23",,"STER_028.E.20160818","bW2EsnYmokWwFDmr+GEyyzVXSYg8LHr5LD2Tq8/LIrk=","invert bycatch",,,,,,,,,,"b5Bt2/WAcobZn6HG5BJ0XugSCqR8u1Uj4+iyEzptoVg=",
"71258a0a-87a2-4fcb-af4e-c32c5c05889e","STER_034.basePlot.bet","D10","STER","STER_034","E","2016-08-04","2016-08-18","2016-08-19","2016-08-30",,"STER_034.E.20160818","v+COazD1kvzKZOS2FQGo83bcbDiJwkn8zHOjrVQ+XiI=","invert bycatch",,,,,,,,,,"EWrRKg8wzIMaNrWK6a7MhpXyyIIOA6PNDE6EHntJeoM=",
"34db1959-f0ae-449a-b0af-939bd6360daa","STER_034.basePlot.bet","D10","STER","STER_034","E","2016-08-04","2016-08-18","2016-08-19","2016-08-30",,"STER_034.E.20160818","v+COazD1kvzKZOS2FQGo83bcbDiJwkn8HM9m/LIOduQ=","invert bycatch",,,,,,,,,,"EWrRKg8wzIMaNrWK6a7MhpXyyIIOA6PNDE6EHntJeoM=",
"a54a1ea1-0841-4393-b6d3-f3df18c7400f","STER_034.basePlot.bet","D10","STER","STER_034","E","2016-08-04","2016-08-18","2016-08-19","2016-08-30",,"STER_034.E.20160818","v+COazD1kvzKZOS2FQGo83bcbDiJwkn84auCm2f71g0=","invert bycatch",,,,,,,,,,"EWrRKg8wzIMaNrWK6a7MhpXyyIIOA6PNDE6EHntJeoM=",
"547750ad-3f7e-4ce4-a574-ff88a4d1d211","STER_026.basePlot.bet","D10","STER","STER_026","E","2016-08-04","2016-08-18","2016-08-19","2016-08-23",,"STER_026.E.20160818","B74IC5C471rjhSH6661Bk4MqvnmSZGlPeCxDB1TK0p0=","invert bycatch",,,,,,,,,,"b5Bt2/WAcobZn6HG5BJ0XugSCqR8u1Uj4+iyEzptoVg=",
"f4cd2bdc-c039-42da-993e-a7f01f3f8f4b","STER_032.basePlot.bet","D10","STER","STER_032","E","2016-08-04","2016-08-18","2016-08-19","2016-08-23",,"STER_032.E.20160818","fEa5yf30aQzicgq9P0mTtglwF4pFF0sI0EEJ8i5GwQ8=","invert bycatch",,,,,,,,,,"b5Bt2/WAcobZn6HG5BJ0XugSCqR8u1Uj4+iyEzptoVg=",
"8cfa6174-c7bf-47cd-a8c4-c66204b81c6d","STER_006.basePlot.bet","D10","STER","STER_006","E","2016-08-04","2016-08-18","2016-08-19","2016-08-25",,"STER_006.E.20160818","LZ9IDatJ8HFDXTtW0gMi2SeJxdHbKjqmNiNHItObt5A=","invert bycatch",,,,,,,,,,"48hv/AdwGIWrgDvcddzRzIUnxx28rW9g",
"6ac3b08e-0dae-443a-bea1-9b993b9fc94c","STER_031.basePlot.bet","D10","STER","STER_031","E","2016-08-04","2016-08-18","2016-08-19","2016-08-29",,"STER_031.E.20160818","1mQK2LOpYfvrwO7dlxcIOoG1p2rDNVGZ5u6KYzi8r/Q=","invert bycatch",,,,,,,,,,"1dFEKNySUBNuq4xEVAo4quQhHklgSxBG",
"5f447ae6-9669-4121-bdf1-ea32462ce562","STER_033.basePlot.bet","D10","STER","STER_033","E","2016-08-04","2016-08-18","2016-08-19","2016-08-30",,"STER_033.E.20160818","Yx5jJOWNohKdpe2cMom7Tr0B1A4t7an/H6QF2UMMNnM=","invert bycatch",,,,,,,,,,"b5Bt2/WAcobZn6HG5BJ0XugSCqR8u1Uj4+iyEzptoVg=",
"8bed2b61-938d-4d19-bb47-9b57931b8416","STER_035.basePlot.bet","D10","STER","STER_035","E","2016-08-04","2016-08-18","2016-08-19","2016-08-30",,"STER_035.E.20160818","xZ4ZeMJQZ4LlGOmP5AeAQrKsv1VZak6xc90RBrNRO/Y=","invert bycatch",,,,,,,,,,"48hv/AdwGIWrgDvcddzRzIUnxx28rW9g",
"4651d25b-89fa-4c6f-af12-906828f1baba","STER_029.basePlot.bet","D10","STER","STER_029","E","2016-08-04","2016-08-18","2016-08-19","2016-08-26",,"STER_029.E.20160818","KK2q9nxeS92e3IMlBRZxE1+0MprAn5k46rYvgWngSmU=","invert bycatch",,,,,,,,,,"EWrRKg8wzIMaNrWK6a7MhpXyyIIOA6PNDE6EHntJeoM=",
"d87ce901-e0c5-4498-a247-ee5320cb76ea","STER_029.basePlot.bet","D10","STER","STER_029","E","2016-08-04","2016-08-18","2016-08-19","2016-08-26",,"STER_029.E.20160818","KK2q9nxeS92e3IMlBRZxE1+0MprAn5k4wDvCwYhtp+E=","invert bycatch",,,,,,,,,,"EWrRKg8wzIMaNrWK6a7MhpXyyIIOA6PNDE6EHntJeoM=",
"9a00d109-f37d-4261-b123-c57337bbf2a2","STER_031.basePlot.bet","D10","STER","STER_031","N","2016-08-04","2016-08-18","2016-08-19","2016-08-29",,"STER_031.N.20160818","1mQK2LOpYfus2AIqMc4ZifKwqefckgBJfvUW1+UL5J8=","invert bycatch",,,,,,,,,,"1dFEKNySUBNuq4xEVAo4quQhHklgSxBG",
"fba10bfd-2abf-4c47-a502-1145e9a5bfed","STER_031.basePlot.bet","D10","STER","STER_031","N","2016-08-04","2016-08-18","2016-08-19","2016-08-29",,"STER_031.N.20160818","1mQK2LOpYfus2AIqMc4ZiSSFXiLwZrkHxx0MfKoJOEY=","invert bycatch",,,,,,,,,,"1dFEKNySUBNuq4xEVAo4quQhHklgSxBG",
"6484eeeb-5cc0-42fd-8998-ecd759e59f4a","STER_031.basePlot.bet","D10","STER","STER_031","N","2016-08-04","2016-08-18","2016-08-19","2016-08-29",,"STER_031.N.20160818","1mQK2LOpYfus2AIqMc4ZifKwqefckgBJBzb4EtU6Xu0=","invert bycatch",,,,,,,,,,"1dFEKNySUBNuq4xEVAo4quQhHklgSxBG",
"4197f21d-ad6c-4633-8ef9-ad331e0561d0","STER_031.basePlot.bet","D10","STER","STER_031","N","2016-08-04","2016-08-18","2016-08-19","2016-08-29",,"STER_031.N.20160818","1mQK2LOpYfus2AIqMc4ZifKwqefckgBJWJ5DC23Gk34=","invert bycatch",,,,,,,,,,"1dFEKNySUBNuq4xEVAo4quQhHklgSxBG",
"a48941d5-550b-405b-b79d-2af160904771","STER_027.basePlot.bet","D10","STER","STER_027","N","2016-08-04","2016-08-18","2016-08-19","2016-08-24",,"STER_027.N.20160818","FuEDHNSxWAnZxfZwvcCyGVkUfKOqG1je1OpH0/KWQVU=","invert bycatch",,,,,,,,,,"1dFEKNySUBNuq4xEVAo4quQhHklgSxBG",
"b622eb75-684f-4db2-9432-16244d4ad990","STER_027.basePlot.bet","D10","STER","STER_027","N","2016-08-04","2016-08-18","2016-08-19","2016-08-24",,"STER_027.N.20160818","FuEDHNSxWAnZxfZwvcCyGVkUfKOqG1jeTgvGlOndEp0=","invert bycatch",,,,,,,,,,"1dFEKNySUBNuq4xEVAo4quQhHklgSxBG",
"361acdbb-34ff-4ee9-9b0f-68774480ca26","STER_026.basePlot.bet","D10","STER","STER_026","N","2016-08-04","2016-08-18","2016-08-19","2016-08-23",,"STER_026.N.20160818","B74IC5C471oNUtCg9DiZtIoof7nhsUq2Fst+xHqy5yI=","invert bycatch",,,,,,,,,,"b5Bt2/WAcobZn6HG5BJ0XugSCqR8u1Uj4+iyEzptoVg=",
"0425919f-57b5-4851-b5c3-247d5dc02432","STER_031.basePlot.bet","D10","STER","STER_031","N","2016-08-04","2016-08-18","2016-08-19","2016-08-29",,"STER_031.N.20160818","1mQK2LOpYfus2AIqMc4ZifKwqefckgBJHK7rz+ZHkoU=","invert bycatch",,,,,,,,,,"1dFEKNySUBNuq4xEVAo4quQhHklgSxBG",
"b70bebe5-f6ee-4752-80b1-3e9ed225307d","STER_033.basePlot.bet","D10","STER","STER_033","N","2016-08-04","2016-08-18","2016-08-19","2016-08-30",,"STER_033.N.20160818","Yx5jJOWNohJtX59K9dCdIvjie4rVf5Ofd1lqAnb0lbk=","invert bycatch",,,,,,,,,,"b5Bt2/WAcobZn6HG5BJ0XugSCqR8u1Uj4+iyEzptoVg=",
"e9cbba77-51e0-47ed-8884-0931f0aee126","STER_031.basePlot.bet","D10","STER","STER_031","N","2016-08-04","2016-08-18","2016-08-19","2016-08-29",,"STER_031.N.20160818","1mQK2LOpYfus2AIqMc4ZiSSFXiLwZrkHY4+KOiO7uXw=","invert bycatch",,,,,,,,,,"1dFEKNySUBNuq4xEVAo4quQhHklgSxBG",
"06b37c87-5aa1-48f3-a9f2-c2be50e921ad","STER_031.basePlot.bet","D10","STER","STER_031","N","2016-08-04","2016-08-18","2016-08-19","2016-08-29",,"STER_031.N.20160818","1mQK2LOpYfus2AIqMc4ZifKwqefckgBJQCfbkQl91Ik=","invert bycatch",,,,,,,,,,"1dFEKNySUBNuq4xEVAo4quQhHklgSxBG",
"80cc95f3-dc4d-4ea4-a92a-6430d2b3e0e2","STER_031.basePlot.bet","D10","STER","STER_031","N","2016-08-04","2016-08-18","2016-08-19","2016-08-29",,"STER_031.N.20160818","1mQK2LOpYfus2AIqMc4ZifKwqefckgBJG98urz6iLjk=","invert bycatch",,,,,,,,,,"1dFEKNySUBNuq4xEVAo4quQhHklgSxBG",
"0d5d3fc1-bce8-45ea-8dee-e7b760847be4","STER_031.basePlot.bet","D10","STER","STER_031","N","2016-08-04","2016-08-18","2016-08-19","2016-08-29",,"STER_031.N.20160818","1mQK2LOpYfus2AIqMc4ZifKwqefckgBJqLXh03HhsXY=","invert bycatch",,,,,,,,,,"1dFEKNySUBNuq4xEVAo4quQhHklgSxBG",
"22b44e04-a769-41c6-a5ac-1c660b797f8c","STER_035.basePlot.bet","D10","STER","STER_035","N","2016-08-04","2016-08-18","2016-08-19","2016-08-29",,"STER_035.N.20160818","xZ4ZeMJQZ4JChvGm8LhPym7vECyUl6NBBzwiG66dB7I=","invert bycatch",,,,,,,,,,"/H9GLxVsm6WFraZjcy6LCqsNDzKzoqIN9mmXI2mgQR4=",
"7b7ee634-50e8-4890-9ddb-d58d5d02337b","STER_031.basePlot.bet","D10","STER","STER_031","N","2016-08-04","2016-08-18","2016-08-19","2016-08-29",,"STER_031.N.20160818","1mQK2LOpYfus2AIqMc4ZifKwqefckgBJPOAOWecjEIU=","invert bycatch",,,,,,,,,,"1dFEKNySUBNuq4xEVAo4quQhHklgSxBG",
"2a762886-c004-4942-811a-98438afbac92","STER_028.basePlot.bet","D10","STER","STER_028","N","2016-08-04","2016-08-18","2016-08-19","2016-08-23",,"STER_028.N.20160818","bW2EsnYmokUCrOeXNIU31DWuLgR6xr36GMIoa1BTpdg=","invert bycatch",,,,,,,,,,"b5Bt2/WAcobZn6HG5BJ0XugSCqR8u1Uj4+iyEzptoVg=",
"29976971-052c-4f44-b022-cb05ad1d6bf4","STER_026.basePlot.bet","D10","STER","STER_026","N","2016-08-04","2016-08-18","2016-08-19","2016-08-23",,"STER_026.N.20160818","B74IC5C471oNUtCg9DiZtIoof7nhsUq2Y8QKzUfsxcI=","invert bycatch",,,,,,,,,,"b5Bt2/WAcobZn6HG5BJ0XugSCqR8u1Uj4+iyEzptoVg=",
"e7eb7b00-39f7-4c44-92c4-8f185f8c79fc","STER_026.basePlot.bet","D10","STER","STER_026","N","2016-08-04","2016-08-18","2016-08-19","2016-08-23",,"STER_026.N.20160818","B74IC5C471oNUtCg9DiZtIoof7nhsUq2PDyevlmMaVE=","invert bycatch",,,,,,,,,,"b5Bt2/WAcobZn6HG5BJ0XugSCqR8u1Uj4+iyEzptoVg=",
"9b42507a-6ce4-4e5e-82bb-ee7b3bda660a","STER_031.basePlot.bet","D10","STER","STER_031","N","2016-08-04","2016-08-18","2016-08-19","2016-08-29",,"STER_031.N.20160818","1mQK2LOpYfus2AIqMc4ZiSSFXiLwZrkHPbIEeI9YL48=","invert bycatch",,,,,,,,,,"1dFEKNySUBNuq4xEVAo4quQhHklgSxBG",
"2c56b1d2-22bf-4fd1-a9df-af0a6a1f8a0f","STER_027.basePlot.bet","D10","STER","STER_027","N","2016-08-04","2016-08-18","2016-08-19","2016-08-24",,"STER_027.N.20160818","FuEDHNSxWAnZxfZwvcCyGVkUfKOqG1je+pP/8LXDdWM=","invert bycatch",,,,,,,,,,"1dFEKNySUBNuq4xEVAo4quQhHklgSxBG",
"ab60ea24-3274-490c-b59c-d255eca9b685","STER_027.basePlot.bet","D10","STER","STER_027","N","2016-08-04","2016-08-18","2016-08-19","2016-08-24",,"STER_027.N.20160818","FuEDHNSxWAnZxfZwvcCyGVkUfKOqG1jeZ+RAdWNWT/Q=","invert bycatch",,,,,,,,,,"1dFEKNySUBNuq4xEVAo4quQhHklgSxBG",
"846a11df-a040-4d96-a9a9-285bba065a9a","STER_027.basePlot.bet","D10","STER","STER_027","N","2016-08-04","2016-08-18","2016-08-19","2016-08-24",,"STER_027.N.20160818","FuEDHNSxWAnZxfZwvcCyGVkUfKOqG1je+Ors9ujj9z0=","invert bycatch",,,,,,,,,,"1dFEKNySUBNuq4xEVAo4quQhHklgSxBG",
"682fd3a7-56c8-4e36-af48-0f5ba16fe5b3","STER_027.basePlot.bet","D10","STER","STER_027","N","2016-08-04","2016-08-18","2016-08-19","2016-08-24",,"STER_027.N.20160818","FuEDHNSxWAnZxfZwvcCyGVkUfKOqG1jepMC6eptRtcQ=","invert bycatch",,,,,,,,,,"1dFEKNySUBNuq4xEVAo4quQhHklgSxBG",
"eb70c53f-67c5-4399-bddc-e1e94cf762f8","STER_029.basePlot.bet","D10","STER","STER_029","N","2016-08-04","2016-08-18","2016-08-19","2016-08-26",,"STER_029.N.20160818","KK2q9nxeS93hsGU0VErqtHFWp0IfY6iAsI2Gsu0yMC0=","invert bycatch",,,,,,,,,,"EWrRKg8wzIMaNrWK6a7MhpXyyIIOA6PNDE6EHntJeoM=",
"292ae616-dc51-4162-beff-4725c062a5f3","STER_032.basePlot.bet","D10","STER","STER_032","N","2016-08-04","2016-08-18","2016-08-19","2016-08-23",,"STER_032.N.20160818","fEa5yf30aQwfaJSgBuEOpes62gwPSj2bBVA6jHIH/eo=","invert bycatch",,,,,,,,,,"b5Bt2/WAcobZn6HG5BJ0XugSCqR8u1Uj4+iyEzptoVg=",
"73a2e370-f52d-4b25-ad29-d6d630749231","STER_034.basePlot.bet","D10","STER","STER_034","N","2016-08-04","2016-08-18","2016-08-19","2016-08-30",,"STER_034.N.20160818","v+COazD1kvygjsD0TKh98ZU/KFkWmXEBKlBy4tsDW/8=","invert bycatch",,,,,,,,,,"EWrRKg8wzIMaNrWK6a7MhpXyyIIOA6PNDE6EHntJeoM=",
"5c4d2619-67a7-43c9-ac14-e9159e796044","STER_006.basePlot.bet","D10","STER","STER_006","N","2016-08-04","2016-08-18","2016-08-19","2016-08-26",,"STER_006.N.20160818","LZ9IDatJ8HEyQ+pEV9Sogm6QHJh8BU8oEVXQHBb+wxE=","invert bycatch",,,,,,,,,,"48hv/AdwGIWrgDvcddzRzIUnxx28rW9g",
"67e4f75d-ce2c-4e0a-858b-4cb52a519c2b","STER_006.basePlot.bet","D10","STER","STER_006","N","2016-08-04","2016-08-18","2016-08-19","2016-08-26",,"STER_006.N.20160818","LZ9IDatJ8HEyQ+pEV9Sogm6QHJh8BU8om+tbf8IH1xk=","invert bycatch",,,,,,,,,,"48hv/AdwGIWrgDvcddzRzIUnxx28rW9g",
"7a2a169d-fc5d-4643-953c-8bdd3ac34b89","STER_027.basePlot.bet","D10","STER","STER_027","N","2016-08-04","2016-08-18","2016-08-19","2016-08-24",,"STER_027.N.20160818","FuEDHNSxWAnZxfZwvcCyGVkUfKOqG1jeNXHDEYquAHo=","invert bycatch",,,,,,,,,,"1dFEKNySUBNuq4xEVAo4quQhHklgSxBG",
"371e10ed-482d-4e1f-8b40-0bf4e91a8e8a","STER_031.basePlot.bet","D10","STER","STER_031","N","2016-08-04","2016-08-18","2016-08-19","2016-08-29",,"STER_031.N.20160818","1mQK2LOpYfus2AIqMc4ZifKwqefckgBJBlfXtKu+LBk=","invert bycatch",,,,,,,,,,"1dFEKNySUBNuq4xEVAo4quQhHklgSxBG",
"11bd3ba3-dc3b-4e80-884c-6c217b290d9d","STER_035.basePlot.bet","D10","STER","STER_035","S","2016-08-04","2016-08-18","2016-08-19","2016-08-30",,"STER_035.S.20160818","xZ4ZeMJQZ4LmjIIB8RTGVNKMS+Xhu0tKDQqFHMG6xzM=","invert bycatch",,,,,,,,,,"48hv/AdwGIWrgDvcddzRzIUnxx28rW9g",
"cfce4662-f1d8-4430-87f0-5616b8bda7b9","STER_033.basePlot.bet","D10","STER","STER_033","S","2016-08-04","2016-08-18","2016-08-19","2016-08-30",,"STER_033.S.20160818","Yx5jJOWNohKpjpeDPmSMc7h1ECx5x9MojuLROsLPnYU=","invert bycatch",,,,,,,,,,"48hv/AdwGIWrgDvcddzRzIUnxx28rW9g",
"35c0f5a7-6299-4066-8d72-6db6795f7d02","STER_033.basePlot.bet","D10","STER","STER_033","S","2016-08-04","2016-08-18","2016-08-19","2016-08-30",,"STER_033.S.20160818","Yx5jJOWNohKpjpeDPmSMc7h1ECx5x9MoQBzgDmnells=","invert bycatch",,,,,,,,,,"48hv/AdwGIWrgDvcddzRzIUnxx28rW9g",
"6060dc0d-1ec6-49bc-b58f-86ad84a7a48e","STER_027.basePlot.bet","D10","STER","STER_027","S","2016-08-04","2016-08-18","2016-08-19","2016-08-23",,"STER_027.S.20160818","FuEDHNSxWAkrfjiouW3tSzzt7IGsfZt378+ssD5tweI=","invert bycatch",,,,,,,,,,"/H9GLxVsm6WFraZjcy6LCqsNDzKzoqIN9mmXI2mgQR4=",
"2cb4ee9b-c317-4734-930f-1e9701a09e3c","STER_034.basePlot.bet","D10","STER","STER_034","S","2016-08-04","2016-08-18","2016-08-19","2016-08-30",,"STER_034.S.20160818","v+COazD1kvySfUAC/AyAKHzadARNM/ETfFFkiEkroNQ=","invert bycatch",,,,,,,,,,"EWrRKg8wzIMaNrWK6a7MhpXyyIIOA6PNDE6EHntJeoM=",
"1700ea63-ed21-4506-9076-bdc983aa35fd","STER_034.basePlot.bet","D10","STER","STER_034","S","2016-08-04","2016-08-18","2016-08-19","2016-08-30",,"STER_034.S.20160818","v+COazD1kvySfUAC/AyAKHzadARNM/ET8/gBkaF3eeU=","invert bycatch",,,,,,,,,,"EWrRKg8wzIMaNrWK6a7MhpXyyIIOA6PNDE6EHntJeoM=",
"04296423-5f60-4f72-902a-d9e334706448","STER_006.basePlot.bet","D10","STER","STER_006","S","2016-08-04","2016-08-18","2016-08-19","2016-08-26",,"STER_006.S.20160818","LZ9IDatJ8HHV/UlNjrlwNoepKXhNeRYPfNuZqQy0vyQ=","invert bycatch",,,,,,,,,,"48hv/AdwGIWrgDvcddzRzIUnxx28rW9g",
"7955bd75-7c17-4208-a1ef-a4b3e3651438","STER_029.basePlot.bet","D10","STER","STER_029","S","2016-08-04","2016-08-18","2016-08-19","2016-08-26",,"STER_029.S.20160818","KK2q9nxeS92VV6d169jvE6qLUmsQJs2SSrOgeByR7u0=","invert bycatch",,,,,,,,,,"EWrRKg8wzIMaNrWK6a7MhpXyyIIOA6PNDE6EHntJeoM=",
"cea486e9-e7ce-45ac-94cd-18a24d9c0342","STER_028.basePlot.bet","D10","STER","STER_028","S","2016-08-04","2016-08-18","2016-08-19","2016-08-23",,"STER_028.S.20160818","bW2EsnYmokXAs97IE28AqP1VpITmhd+hzETpgzgYrso=","invert bycatch",,,,,,,,,,"b5Bt2/WAcobZn6HG5BJ0XugSCqR8u1Uj4+iyEzptoVg=",
"cf488c83-b743-46b6-8d58-bdbc9a014ee5","STER_026.basePlot.bet","D10","STER","STER_026","S","2016-08-04","2016-08-18","2016-08-19","2016-08-23",,"STER_026.S.20160818","B74IC5C471qouuisQhx+oeTRspfnPjK8D1n393IzHsI=","invert bycatch",,,,,,,,,,"b5Bt2/WAcobZn6HG5BJ0XugSCqR8u1Uj4+iyEzptoVg=",
"9df28e2a-c815-48de-8edf-20ca243863ce","STER_032.basePlot.bet","D10","STER","STER_032","S","2016-08-04","2016-08-18","2016-08-19","2016-08-23",,"STER_032.S.20160818","fEa5yf30aQwp75wy0Y3JkodkUbAr4LO+WPd6Oeu00yU=","invert bycatch",,,,,,,,,,"b5Bt2/WAcobZn6HG5BJ0XugSCqR8u1Uj4+iyEzptoVg=",
"0eb7be64-db4e-479d-86e3-740fccb5246f","STER_034.basePlot.bet","D10","STER","STER_034","S","2016-08-04","2016-08-18","2016-08-19","2016-08-30",,"STER_034.S.20160818","v+COazD1kvySfUAC/AyAKHzadARNM/ET/Y8flzXbcbE=","invert bycatch",,,,,,,,,,"EWrRKg8wzIMaNrWK6a7MhpXyyIIOA6PNDE6EHntJeoM=",
"e1df50cc-bb5a-4b2f-80d8-968fbad4ed3f","STER_033.basePlot.bet","D10","STER","STER_033","S","2016-08-04","2016-08-18","2016-08-19","2016-08-30",,"STER_033.S.20160818","Yx5jJOWNohKpjpeDPmSMc7h1ECx5x9MotUy15jrAAHM=","invert bycatch",,,,,,,,,,"48hv/AdwGIWrgDvcddzRzIUnxx28rW9g",
"99868de4-52c2-427c-b615-495548d032a9","STER_031.basePlot.bet","D10","STER","STER_031","S","2016-08-04","2016-08-18","2016-08-19","2016-08-29",,"STER_031.S.20160818","1mQK2LOpYfs1Nqgpf2Xv9roGIG/KpcyrZnLDNZ+0xHI=","invert bycatch",,,,,,,,,,"1dFEKNySUBNuq4xEVAo4quQhHklgSxBG",
"d811884f-1ac6-4022-b25a-63ac7a2fe9f2","STER_033.basePlot.bet","D10","STER","STER_033","S","2016-08-04","2016-08-18","2016-08-19","2016-08-30",,"STER_033.S.20160818","Yx5jJOWNohKpjpeDPmSMc7h1ECx5x9MoNA64qF34pps=","invert bycatch",,,,,,,,,,"48hv/AdwGIWrgDvcddzRzIUnxx28rW9g",
"f0dc3fa9-748b-442e-a51f-29632ac557bf","STER_027.basePlot.bet","D10","STER","STER_027","S","2016-08-04","2016-08-18","2016-08-19","2016-08-23",,"STER_027.S.20160818","FuEDHNSxWAkrfjiouW3tSzzt7IGsfZt3TFTQmLDFriA=","invert bycatch",,,,,,,,,,"/H9GLxVsm6WFraZjcy6LCqsNDzKzoqIN9mmXI2mgQR4=",
"a3bab362-b0aa-4f8e-8a10-805c40228657","STER_027.basePlot.bet","D10","STER","STER_027","S","2016-08-04","2016-08-18","2016-08-19","2016-08-23",,"STER_027.S.20160818","FuEDHNSxWAkrfjiouW3tSzzt7IGsfZt3lIyp09P3ru0=","invert bycatch",,,,,,,,,,"/H9GLxVsm6WFraZjcy6LCqsNDzKzoqIN9mmXI2mgQR4=",
"33d66c76-bb2e-4a1a-b3a6-6adcdf592367","STER_031.basePlot.bet","D10","STER","STER_031","W","2016-08-04","2016-08-18","2016-08-19","2016-08-26",,"STER_031.W.20160818","1mQK2LOpYfvJLO0VXC+dL6sqjQJNZ5RNMarH9lYeCBo=","invert bycatch",,,,,,,,,,"EWrRKg8wzIMaNrWK6a7MhpXyyIIOA6PNDE6EHntJeoM=",
"3678fd7c-ab3d-4a46-b0fc-795fa3887051","STER_031.basePlot.bet","D10","STER","STER_031","W","2016-08-04","2016-08-18","2016-08-19","2016-08-26",,"STER_031.W.20160818","1mQK2LOpYfvJLO0VXC+dL6sqjQJNZ5RNwjL1bUfR2fI=","invert bycatch",,,,,,,,,,"EWrRKg8wzIMaNrWK6a7MhpXyyIIOA6PNDE6EHntJeoM=",
"1578fc81-ed94-40ed-a25b-9020d9aa11dd","STER_033.basePlot.bet","D10","STER","STER_033","W","2016-08-04","2016-08-18","2016-08-19","2016-08-31",,"STER_033.W.20160818","Yx5jJOWNohI74SaT9wKoqraeCnwyzqFKiT/WFBG5Ods=","invert bycatch",,,,,,,,,,"1dFEKNySUBNuq4xEVAo4quQhHklgSxBG",
