uid,namedLocation,domainID,siteID,plotID,setDate,collectDate,processingDate,subsampleIDList,archiveVialID,scientificName,recordedBy,remarks
"900d8767-3b38-480b-a080-079214afe6a8","TALL_004.basePlot.bet","D08","TALL","TALL_004","2016-03-30","2016-04-13","2016-04-15","Qa/aVRg+qTOh2QCnNj+2/L0Jv2FlYMmPAt47gqrWPsTXfok2iCDnh76vJMHSCQf8+A9ElpNW9z43+ken9mldaETDMprgW7Dw3hG3Tv7Dt9m2U7TohztuARfY2+SEzM+iGIPpU5iWdkw=","Qa/aVRg+qTOv853O5umQ/h0rnRgVZRPh",,"VlGS9knfep4oIPmMdzrYPvhmhmcAnEWcmbTWayWKGyM=",
"bfcc962f-b88f-4a99-bf12-563382cf484c","TALL_005.basePlot.bet","D08","TALL","TALL_005","2016-03-30","2016-04-13","2016-04-15","t0MQRG9cttk68iWEsWlyMsYYiRnUeCAq+Ek1gZcy0krYXDoIgcYjozR6ghr57xv/hKlryKmWb691Lc/i1jU0LSb8JQjtJLBIWfoVOIX3LTPLGmUh8nCzPNHiyt8Tbft4AGHp+mR+Fzg=","t0MQRG9cttlhoUSQzQvb5z14PthVURmG",,"VlGS9knfep4oIPmMdzrYPvhmhmcAnEWcmbTWayWKGyM=",
"1718d304-428c-4124-a725-e397fb925179","TALL_006.basePlot.bet","D08","TALL","TALL_006","2016-03-30","2016-04-13","2016-04-15","GF+klScYxlPr/6PnR25hFyyj5aQmqqdRQqftrKFfiEJJUAJJ2TOfLPzMKe4jvJ0/Le53LjWccQ2mFHQKa5W+mKkC7I+o/WzCTaRFYWPb+hZCpOy66/69wna22fXOQuwXKgILzivuBPo=","GF+klScYxlNPG/sbWfGVGdyRokd7f/zo",,"VlGS9knfep4oIPmMdzrYPvhmhmcAnEWcmbTWayWKGyM=",
"fa67d322-7eae-42cc-9bd9-d9fb856b26fd","TALL_001.basePlot.bet","D08","TALL","TALL_001","2016-03-30","2016-04-13","2016-04-15","oBD9lvhf20nte7pZ94CzCLouJBv65H4/IeHOBNv3VCHo9fdm9HtfWa6ZRDtOM8tKfZ4ZfLiXNpPRCoDXPC1Pj2oA+I8hw1gCHOpJLw3SWMJsp1EdZd0TIDAVKVoNSX2SmUBBch7yTP0=","oBD9lvhf20mSPyFHO23M0J29C+HbgtR0",,"VlGS9knfep4oIPmMdzrYPvhmhmcAnEWcmbTWayWKGyM=",
"d9f0b597-9205-4985-8433-f6949dc547f3","TALL_008.basePlot.bet","D08","TALL","TALL_008","2016-03-30","2016-04-13","2016-04-15","ohyOCuNZZNFiKLS92V/8sPtIXlU+z14AEeAaw4KZtYV0R5doPlCwANJExt9Ri51KALuSmgFgXWVGOTzDGFjNa46FIRyXFzPeBBoXoIuirY5DMgMj7MIzaFJxRAwOgZzFAdE1caHl1ok=","ohyOCuNZZNFRjYODdVlpcl56SWWAqD+p",,"VlGS9knfep4oIPmMdzrYPvhmhmcAnEWcmbTWayWKGyM=",
"27182b49-5861-4ea7-b45c-be3d0b8f2e8a","TALL_002.basePlot.bet","D08","TALL","TALL_002","2016-03-30","2016-04-13","2016-04-15","GD+N/FshctwMV61c5fiGa0DyiF8gUj/lVHu/lQ8MjBMaw31E5PDbYcCm/NKgwjCUJidUHSBCgaxUDV17WIQdK3U9mPMz/Pgn/JI3SsqrhBd0owpmuKCnJj1UQwayVsOY1ESOO6k0D5o=","GD+N/FshctwZEX8s6HI5tY4Wm7HSWCMd",,"VlGS9knfep4oIPmMdzrYPvhmhmcAnEWcmbTWayWKGyM=",
"2c374bb4-544a-4c7a-9251-734dc422be16","TALL_013.basePlot.bet","D08","TALL","TALL_013","2016-03-30","2016-04-13","2016-04-15","636VT4a85rADAkRx3lrz3Je1qT8m2WjVrhzlga6IQlxJHYEkjsTRBogSIbdmKYqSrdkTSS/RFLCxb4F6y1AO5momMvnTXaIX7iAtJEIhsXqKw2q/Z9GP16tEL9o5wjntjzL8gRNQDrQ=","636VT4a85rCZceQzeZLTmEMo45KcArsZ",,"VlGS9knfep4oIPmMdzrYPvhmhmcAnEWcmbTWayWKGyM=",
"c1ab14ac-a80f-48f1-98ce-ae04e44ad462","TALL_009.basePlot.bet","D08","TALL","TALL_009","2016-03-30","2016-04-13","2016-04-15","l/M16YIQdhmWRV/1jUEiEa8udUKeFlsIwlM1arNMnn+LqWGoViTmYjEEsikp5a0H4YTSW7NEbt38AgvDBluAHWrjGmvqK+PxUs/wV/cx700wIHrCNxPQlgFIOAxeTv1P2wMM8b2xTJo=","l/M16YIQdhnV6wCFQbQnYcUcfhJtDYXA",,"VlGS9knfep4oIPmMdzrYPvhmhmcAnEWcmbTWayWKGyM=",
"9a1135cc-47b7-4ee8-a73f-408c235938ea","TALL_003.basePlot.bet","D08","TALL","TALL_003","2016-03-30","2016-04-13","2016-04-15","M7Kgwa5WKWrXg1oPNn4csvy4SggFhtIA2pGxa26gVLrjDJejZWCTECF9XCe+iiO3j/aEF9li+1Qbjvfqg2dm6Vu528pUqG6Qw+GX55KS2YQyqMommaY34g2q7prVlrUuDW4kXUsHCRE=","M7Kgwa5WKWo07vLeHPjV4sG5JjLMCBrY",,"VlGS9knfep4oIPmMdzrYPvhmhmcAnEWcmbTWayWKGyM=",
"f531da1e-8308-46f1-9b49-c390a21512ae","TALL_007.basePlot.bet","D08","TALL","TALL_007","2016-03-30","2016-04-13","2016-04-15","dCnpKCfrHjPeO1VlQWp4bqRpATuEZARtPlExAQQmchgxY3Q46peNXZ0JG8ONLX/cPk9AO8x9yt0aMq4ZPNxfe8Sd+sSq72qJ85gs3pK7uMCuJh4ntCMhtk9fpf8+hZB6nGUNaYN820I=","dCnpKCfrHjMzXty6zfCRjs+MQdFqLokt",,"VlGS9knfep4oIPmMdzrYPvhmhmcAnEWcmbTWayWKGyM=",
"2ccd93c9-6c71-46a1-91d8-4afbc8ecd651","TALL_013.basePlot.bet","D08","TALL","TALL_013","2016-04-13","2016-04-27","2016-07-20","636VT4a85rADAkRx3lrz3HKdnzFo3OhBX7o+H34hP2OQkJvbXs/4yJVsMgqvHGeBdqUgadu8tLApm2nmq10qpoWwpBaoaApETyuTOS9FAxBlUHK+Qg2oych0404i/UjyaBbPfYFUS54=","636VT4a85rBUwVUJtg6+2tjSuwuWT/dx",,"qv2hryw2aAHcRZnU/CeJIVfNxxJegRBH",
"fced5d74-d156-4f79-b878-0ac980001d9b","TALL_009.basePlot.bet","D08","TALL","TALL_009","2016-04-13","2016-04-27","2016-07-20","l/M16YIQdhl0vu9XaqA/R72r1kuTjaCsHzPSR/MPueo7i8/1SkoYp/FR0lahD67h76mJCAAAGZ24OCJuycdxOB7X9IS57oFwsz4CawMQKjjB/s31QCJrBIZrWQ7eT0L2pzQFfSU4BjQ=","l/M16YIQdhnqctLWZ7Y6cgJg9kg4RHNi",,"qv2hryw2aAHcRZnU/CeJIVfNxxJegRBH",
"db72e661-fc67-4b71-bfbc-ef29fa88755f","TALL_003.basePlot.bet","D08","TALL","TALL_003","2016-04-13","2016-04-27","2016-07-20","M7Kgwa5WKWo0N3SxzX0vKu9pthEd71rF+1+dwP7BHAiAMIKPFiFi9ySICcTbJ3fO23s6G1HdaHraM1pgvzY6/AuWOv9NOqhG37u6inXPC3s=","M7Kgwa5WKWpRa0FrBn7kL244HTuqFkGR",,"qv2hryw2aAHcRZnU/CeJIVfNxxJegRBH",
"e869e907-471b-4832-b619-8c94db8054ca","TALL_006.basePlot.bet","D08","TALL","TALL_006","2016-04-13","2016-04-27","2016-07-20","GF+klScYxlP6VnwqiTVlrLwZphUYNQle8RVQpy6m3TWmra6eGYNClEgSuTZoAqaWi5UFxbulu7GjyYEiLmxDVkNIHvixEvea6+F7KgERSeBheLzQlXN/sXLQclnWIfvzLdZsv1zDEEA=","GF+klScYxlMISHozUFraGWPi4PaQQ/52",,"qv2hryw2aAHcRZnU/CeJIVfNxxJegRBH",
"2dfc530e-ac79-49a0-9289-8a78bf1e7a36","TALL_001.basePlot.bet","D08","TALL","TALL_001","2016-04-13","2016-04-27","2016-07-20","oBD9lvhf20lJVbNyEPcqL6nHR8ulSteAtq0H2AIfozid4sAtOrYeOk8lVMn9TGbk//flb8FN9GaFRXOcNT8Ojsc27h2Gverz5hNOIY4BCkTUnF60IGSn2oeLwczkJeyyy3l136dewIw=","oBD9lvhf20kpMWHbCVmv5MXe/AAYL1Dn",,"qv2hryw2aAHcRZnU/CeJIVfNxxJegRBH",
"41d73112-d409-4dc1-a90e-e5301e0971dd","TALL_007.basePlot.bet","D08","TALL","TALL_007","2016-04-13","2016-04-27","2016-07-20","dCnpKCfrHjPeO1VlQWp4bkAn8+bAfdLKqwAbgNC/wOJnaH/ZFcRotIok9nf00BvMCZ70GwOUMVcTwp6kgAqlViU0vW+xgl6cCV9TTWJ3Zk0qzYi36qnb3Zwy3UWGFb6LRDvz7/ppN34=","dCnpKCfrHjMayxKkGlVZRfPUCDG67HXm",,"qv2hryw2aAHcRZnU/CeJIVfNxxJegRBH",
"e774a4b9-4684-4724-bee1-15432d3b4583","TALL_002.basePlot.bet","D08","TALL","TALL_002","2016-04-13","2016-04-27","2016-07-20","GD+N/FshctxQ5kVPt9fuKOeyPIVwmeFWfnpV1J+mz5vbrjuNyUpcnokIZs2umDKXuAOYOlqTDANK6wm67DR6SYQxVCBE5SUkBGtw1UK/zGxNIR5EeHdTiy9Rzw4A4siBvv1Pjk/6GMI=","GD+N/FshctzIzbPC8dLH7LTHwizOKWmD",,"qv2hryw2aAHcRZnU/CeJIVfNxxJegRBH",
"551b52f7-4d95-423f-bd35-df32f0a6d8a5","TALL_008.basePlot.bet","D08","TALL","TALL_008","2016-04-13","2016-04-27","2016-07-20","ohyOCuNZZNGjfkb9Lg/QPgy/kjsRREmJ4DubbZz09uaNb7yc7ZqhLuM8eJc5UTFSH4vmrgF6aSZbPr5a5MsdemfBsDPR4TS1uds/ALZDqUSvyBWNOIvvk/X6+TAS1YEzmAMdu0nkHaQ=","ohyOCuNZZNFkqT2r6AKfox5Vjhvj5Rsr",,"qv2hryw2aAHcRZnU/CeJIVfNxxJegRBH",
"a9a7a3fa-77e9-4a23-8c67-c5c21b30a598","TALL_005.basePlot.bet","D08","TALL","TALL_005","2016-04-13","2016-04-27","2016-07-20","t0MQRG9cttk68iWEsWlyMsfoCW+jLZnXlKl0IJApB2vLgAq+NDj8+u7a8qeehGQSIFvHuZaVSE8lehYYpNjAgzfpqSIbXDfLlcBgAACuHN2yDC13tsNiE8l4dJDcj04PRY5VxKEb3O0=","t0MQRG9cttmFutK5qg1pwhEqkGpXNxNT",,"qv2hryw2aAHcRZnU/CeJIVfNxxJegRBH",
"4b89e762-3ce7-4b45-83a2-e021368d165c","TALL_004.basePlot.bet","D08","TALL","TALL_004","2016-04-13","2016-04-27","2016-07-20","Qa/aVRg+qTOh2QCnNj+2/NIzM+vQlZhmMqxzW0PtdLlywTVo0ctW1ehd8SXE7kNUUoo/xYMk/Na+IUim9WXs64E8jg/ecsuURI7OTbIbBtpJbueUgsFaupDBpIqf4jhbWC1aVGHeVIo=","Qa/aVRg+qTMiLTRHCviE/AG0qMSJ+HE0",,"qv2hryw2aAHcRZnU/CeJIVfNxxJegRBH",
