uid,namedLocation,domainID,siteID,plotID,trapID,setDate,collectDate,processingDate,etOHChangeDate,identifiedDate,sampleID,subsampleID,sampleType,taxonID,scientificName,taxonRank,identificationQualifier,scientificNameAuthorship,morphospeciesID,individualCount,identificationReferences,identifiedBy,recordedBy,remarks
"d291bf49-a877-4e71-8740-f82f87ac7a5a","TALL_009.basePlot.bet","D08","TALL","TALL_009","N","2016-03-30","2016-04-13","2016-04-14","2016-04-15","2016-07-25","TALL_009.N.20160413","l/M16YIQdhmWRV/1jUEiEdI13GovTZxLVTniTyXe5ss=","carabid","CYCCON2","Cyclotrachelus convivus","species","cf. variety","LeConte",,1,"Ciegler, J. C. 2000. Ground beetles and wrinkled bark beetles of South Carolina (Coleoptera: Geadephaga: Carabidae and Rhysodidae). Biota of South Carolina. Vol. 1. Clemson, S. Clemson University.","LnIDmrEQmAUtwQFMbC1CIKUZraB/NwPgV6cB6TW941k=","VlGS9knfep4oIPmMdzrYPvhmhmcAnEWcmbTWayWKGyM=","Cryptic species C. sigillatus has yet to be ID'd at this site."
"fe1d8e62-e4e1-4d8a-99cf-f5f641a64246","TALL_009.basePlot.bet","D08","TALL","TALL_009","E","2016-03-30","2016-04-13","2016-04-14","2016-04-15",,"TALL_009.E.20160413","l/M16YIQdhl0vu9XaqA/R2kCgwqG0n3oa3nHqTZs2GE=","invert bycatch",,,,,,,,,,"VlGS9knfep4oIPmMdzrYPvhmhmcAnEWcmbTWayWKGyM=",
"d9373f0b-ee0f-4863-82a7-f15dc8a279f2","TALL_009.basePlot.bet","D08","TALL","TALL_009","W","2016-03-30","2016-04-13","2016-04-14","2016-04-15",,"TALL_009.W.20160413","l/M16YIQdhkBf7hWagGz8AkNrcYsT2XtuOzY7oTjmHo=","invert bycatch",,,,,,,,,,"VlGS9knfep4oIPmMdzrYPvhmhmcAnEWcmbTWayWKGyM=",
"fa5d8e35-b956-4908-a27d-e5a186927eda","TALL_009.basePlot.bet","D08","TALL","TALL_009","N","2016-03-30","2016-04-13","2016-04-14","2016-04-15",,"TALL_009.N.20160413","l/M16YIQdhmWRV/1jUEiEa8udUKeFlsIoYPhHZWxIGU=","invert bycatch",,,,,,,,,,"VlGS9knfep4oIPmMdzrYPvhmhmcAnEWcmbTWayWKGyM=",
"1a77b657-3149-4c3c-bbb6-869468d2d042","TALL_013.basePlot.bet","D08","TALL","TALL_013","W","2016-03-30","2016-04-13","2016-04-14","2016-04-15",,"TALL_013.W.20160413","636VT4a85rDbiN/8AK7e7X3KQz1mRwx3XaCLz2nde+I=","invert bycatch",,,,,,,,,,"VlGS9knfep4oIPmMdzrYPvhmhmcAnEWcmbTWayWKGyM=",
"f3b0d7c6-6763-47d2-a52a-1407a170d759","TALL_009.basePlot.bet","D08","TALL","TALL_009","S","2016-03-30","2016-04-13","2016-04-14","2016-04-15",,"TALL_009.S.20160413","l/M16YIQdhnzjZygve9MOcVHQgJS/tkdWyzCcpERszE=","invert bycatch",,,,,,,,,,"VlGS9knfep4oIPmMdzrYPvhmhmcAnEWcmbTWayWKGyM=",
"5fe353da-3b04-4668-91fb-b488c6d43071","TALL_013.basePlot.bet","D08","TALL","TALL_013","S","2016-03-30","2016-04-13","2016-04-14","2016-04-15",,"TALL_013.S.20160413","636VT4a85rAxJuFdjgRgGpEdKig+uc38zPG+mD0O/20=","invert bycatch",,,,,,,,,,"VlGS9knfep4oIPmMdzrYPvhmhmcAnEWcmbTWayWKGyM=",
"4c2185f5-6070-4c33-bd9f-6c67abe6f6b5","TALL_013.basePlot.bet","D08","TALL","TALL_013","E","2016-03-30","2016-04-13","2016-04-14","2016-04-15",,"TALL_013.E.20160413","636VT4a85rADAkRx3lrz3Je1qT8m2WjVp2nbREShx54=","invert bycatch",,,,,,,,,,"VlGS9knfep4oIPmMdzrYPvhmhmcAnEWcmbTWayWKGyM=",
"13e2c40e-f89d-4084-a7f6-4ccc53531f4c","TALL_002.basePlot.bet","D08","TALL","TALL_002","E","2016-03-30","2016-04-13","2016-04-14","2016-04-15",,"TALL_002.E.20160413","GD+N/FshctwMV61c5fiGa0DyiF8gUj/l2k1fmLef9HU=","invert bycatch",,,,,,,,,,"VlGS9knfep4oIPmMdzrYPvhmhmcAnEWcmbTWayWKGyM=",
"21b5bf18-1463-4414-8ca3-e58e9eb9bca0","TALL_013.basePlot.bet","D08","TALL","TALL_013","N","2016-03-30","2016-04-13","2016-04-14","2016-04-15",,"TALL_013.N.20160413","636VT4a85rBPznAdA3/lMx0FaZEUY11u+E8znI3ZA9A=","invert bycatch",,,,,,,,,,"VlGS9knfep4oIPmMdzrYPvhmhmcAnEWcmbTWayWKGyM=",
"617bb54a-7d25-48a1-888e-6b463b042bdd","TALL_002.basePlot.bet","D08","TALL","TALL_002","N","2016-03-30","2016-04-13","2016-04-14","2016-04-15",,"TALL_002.N.20160413","GD+N/FshctxQ5kVPt9fuKNk3qko2pH16dEwNXdhXqqU=","invert bycatch",,,,,,,,,,"VlGS9knfep4oIPmMdzrYPvhmhmcAnEWcmbTWayWKGyM=",
"36f5887c-407b-4b68-b8a1-817d04870bd5","TALL_002.basePlot.bet","D08","TALL","TALL_002","W","2016-03-30","2016-04-13","2016-04-14","2016-04-15",,"TALL_002.W.20160413","GD+N/FshctzbiAOTJ9xFZp50+nejwYzlnfV1Qu/9jxI=","invert bycatch",,,,,,,,,,"VlGS9knfep4oIPmMdzrYPvhmhmcAnEWcmbTWayWKGyM=",
"97fb1e82-23af-41ca-b976-9e4719435060","TALL_002.basePlot.bet","D08","TALL","TALL_002","S","2016-03-30","2016-04-13","2016-04-14","2016-04-15",,"TALL_002.S.20160413","GD+N/FshctwSu3BCH4uY02oE/T5D3YLO/TDHiw+3mzg=","invert bycatch",,,,,,,,,,"VlGS9knfep4oIPmMdzrYPvhmhmcAnEWcmbTWayWKGyM=",
"0341d06b-2baf-4f5a-af7e-653116c7ebfc","TALL_007.basePlot.bet","D08","TALL","TALL_007","S","2016-03-30","2016-04-13","2016-04-14","2016-04-15",,"TALL_007.S.20160413","dCnpKCfrHjPwtk4jZiNDd+dMRuV0G4ufjCBd+tOg+wg=","invert bycatch",,,,,,,,,,"VlGS9knfep4oIPmMdzrYPvhmhmcAnEWcmbTWayWKGyM=",
"38ccff6a-8d73-41d4-8e55-7f37df8db3c9","TALL_007.basePlot.bet","D08","TALL","TALL_007","N","2016-03-30","2016-04-13","2016-04-14","2016-04-15",,"TALL_007.N.20160413","dCnpKCfrHjN5hXvYq146IF3/ZJ0ok7iekD7Br0ujirY=","invert bycatch",,,,,,,,,,"VlGS9knfep4oIPmMdzrYPvhmhmcAnEWcmbTWayWKGyM=",
"6a867b81-fd8a-4045-beeb-1d4522be98d2","TALL_007.basePlot.bet","D08","TALL","TALL_007","W","2016-03-30","2016-04-13","2016-04-14","2016-04-15",,"TALL_007.W.20160413","dCnpKCfrHjPIn/neU11S9zkJQdUpHZ5etkwbt9rL/yc=","invert bycatch",,,,,,,,,,"VlGS9knfep4oIPmMdzrYPvhmhmcAnEWcmbTWayWKGyM=",
"da32102e-b952-4924-8c52-0e9cc3374698","TALL_007.basePlot.bet","D08","TALL","TALL_007","E","2016-03-30","2016-04-13","2016-04-14","2016-04-15",,"TALL_007.E.20160413","dCnpKCfrHjPeO1VlQWp4bqRpATuEZARt6wapNV6MacA=","invert bycatch",,,,,,,,,,"VlGS9knfep4oIPmMdzrYPvhmhmcAnEWcmbTWayWKGyM=",
"443d14e3-2ca4-4948-b044-6fa9e271edb0","TALL_001.basePlot.bet","D08","TALL","TALL_001","W","2016-03-30","2016-04-13","2016-04-14","2016-04-15",,"TALL_001.W.20160413","oBD9lvhf20nte7pZ94CzCLouJBv65H4/ONVtngBfKf4=","invert bycatch",,,,,,,,,,"VlGS9knfep4oIPmMdzrYPvhmhmcAnEWcmbTWayWKGyM=",
"e947ec86-5574-416b-859b-6597a4fa6ce7","TALL_001.basePlot.bet","D08","TALL","TALL_001","N","2016-03-30","2016-04-13","2016-04-14","2016-04-15",,"TALL_001.N.20160413","oBD9lvhf20lLPR5RQgvAD5YvYnBqYpoQFJNYR2JCQ3w=","invert bycatch",,,,,,,,,,"VlGS9knfep4oIPmMdzrYPvhmhmcAnEWcmbTWayWKGyM=",
"89fe243c-3e98-4dde-8477-a333e95252ed","TALL_007.basePlot.bet","D08","TALL","TALL_007","E","2016-03-30","2016-04-13","2016-04-14","2016-04-15","2016-07-25","TALL_007.E.20160413","dCnpKCfrHjPeO1VlQWp4bo/O4MgyD3wyd/ttJt9hprk=","carabid","CYCCON2","Cyclotrachelus convivus","species","cf. variety","LeConte",,1,"Ciegler, J. C. 2000. Ground beetles and wrinkled bark beetles of South Carolina (Coleoptera: Geadephaga: Carabidae and Rhysodidae). Biota of South Carolina. Vol. 1. Clemson, S. Clemson University.","VlGS9knfep4oIPmMdzrYPvhmhmcAnEWcmbTWayWKGyM=","VlGS9knfep4oIPmMdzrYPvhmhmcAnEWcmbTWayWKGyM=","Cryptic species C. sigillatus has yet to be ID'd at this site."
"4ee94477-890b-40bd-9216-4047c0f63d06","TALL_001.basePlot.bet","D08","TALL","TALL_001","E","2016-03-30","2016-04-13","2016-04-14","2016-04-15",,"TALL_001.E.20160413","oBD9lvhf20lJVbNyEPcqLwbrWrUX1Bc3x9Y1c7KcrkM=","invert bycatch",,,,,,,,,,"VlGS9knfep4oIPmMdzrYPvhmhmcAnEWcmbTWayWKGyM=",
"807687a1-0b6d-4db9-8fed-c62708a7717e","TALL_001.basePlot.bet","D08","TALL","TALL_001","S","2016-03-30","2016-04-13","2016-04-14","2016-04-15",,"TALL_001.S.20160413","oBD9lvhf20lBRpBDN6M+AzH8Y0OS/Ff+g/F271fA5KM=","invert bycatch",,,,,,,,,,"VlGS9knfep4oIPmMdzrYPvhmhmcAnEWcmbTWayWKGyM=",
"bb36a186-40e0-4d9f-9fd0-296a9794a6a2","TALL_006.basePlot.bet","D08","TALL","TALL_006","S","2016-03-30","2016-04-13","2016-04-14","2016-04-15",,"TALL_006.S.20160413","GF+klScYxlPNx0WJ2f3s2YNpcfB8hzuwTD9CdZ2j+WU=","invert bycatch",,,,,,,,,,"VlGS9knfep4oIPmMdzrYPvhmhmcAnEWcmbTWayWKGyM=",
"cba059e4-eb86-4932-9769-708bb4931cf5","TALL_006.basePlot.bet","D08","TALL","TALL_006","N","2016-03-30","2016-04-13","2016-04-14","2016-04-15",,"TALL_006.N.20160413","GF+klScYxlPr/6PnR25hFyyj5aQmqqdRPApuycIEvN8=","invert bycatch",,,,,,,,,,"VlGS9knfep4oIPmMdzrYPvhmhmcAnEWcmbTWayWKGyM=",
"592a64af-4f7b-4779-8db6-00d231a117c2","TALL_006.basePlot.bet","D08","TALL","TALL_006","W","2016-03-30","2016-04-13","2016-04-14","2016-04-15",,"TALL_006.W.20160413","GF+klScYxlNY6W3QHwWBxLqKuEZIWGJHEY0fccLclWU=","invert bycatch",,,,,,,,,,"VlGS9knfep4oIPmMdzrYPvhmhmcAnEWcmbTWayWKGyM=",
"29164fb3-3ca6-43d7-b982-3da716396cee","TALL_006.basePlot.bet","D08","TALL","TALL_006","S","2016-03-30","2016-04-13","2016-04-14","2016-04-15","2016-07-22","TALL_006.S.20160413","GF+klScYxlPNx0WJ2f3s2clJQxJ3Qg3FZOt8sQUQ9nI=","carabid","CYCCON2","Cyclotrachelus convivus","species","cf. variety","LeConte",,1,"Ciegler, J. C. 2000. Ground beetles and wrinkled bark beetles of South Carolina (Coleoptera: Geadephaga: Carabidae and Rhysodidae). Biota of South Carolina. Vol. 1. Clemson, S. Clemson University.","LnIDmrEQmAUtwQFMbC1CIKUZraB/NwPgV6cB6TW941k=","VlGS9knfep4oIPmMdzrYPvhmhmcAnEWcmbTWayWKGyM=","Cryptic species C. sigillatus has yet to be ID'd at this site."
"1277764a-4eff-4667-aa18-4325b6205e6a","TALL_005.basePlot.bet","D08","TALL","TALL_005","N","2016-03-30","2016-04-13","2016-04-14","2016-04-15",,"TALL_005.N.20160413","t0MQRG9cttm4qHuYtC8OUAyjlJskn5iua+KVEDIcRRU=","invert bycatch",,,,,,,,,,"VlGS9knfep4oIPmMdzrYPvhmhmcAnEWcmbTWayWKGyM=",
"ce87612a-4070-487a-96ec-290382554ea8","TALL_006.basePlot.bet","D08","TALL","TALL_006","E","2016-03-30","2016-04-13","2016-04-14","2016-04-15",,"TALL_006.E.20160413","GF+klScYxlP6VnwqiTVlrPCzPyExyFdDBTv/PQZtpCY=","invert bycatch",,,,,,,,,,"VlGS9knfep4oIPmMdzrYPvhmhmcAnEWcmbTWayWKGyM=",
"4a03c9fd-cbae-49b8-a041-c4d540d77a91","TALL_004.basePlot.bet","D08","TALL","TALL_004","W","2016-03-30","2016-04-13","2016-04-14","2016-04-15",,"TALL_004.W.20160413","Qa/aVRg+qTNAU7wcyVAgm5HTIvp+ikA2Of/BMAn2uZM=","invert bycatch",,,,,,,,,,"VlGS9knfep4oIPmMdzrYPvhmhmcAnEWcmbTWayWKGyM=",
"c99059b3-3293-4802-a5e4-63f4a16eba83","TALL_005.basePlot.bet","D08","TALL","TALL_005","W","2016-03-30","2016-04-13","2016-04-14","2016-04-15",,"TALL_005.W.20160413","t0MQRG9cttlP4XZ+jAjJcWpW15ya0b1JVEk36PQVGsE=","invert bycatch",,,,,,,,,,"VlGS9knfep4oIPmMdzrYPvhmhmcAnEWcmbTWayWKGyM=",
"28f1e6e5-2009-4dae-8b8a-8fa80061a4c5","TALL_005.basePlot.bet","D08","TALL","TALL_005","E","2016-03-30","2016-04-13","2016-04-14","2016-04-15",,"TALL_005.E.20160413","t0MQRG9cttk68iWEsWlyMsYYiRnUeCAq+u8zRX+wxjs=","invert bycatch",,,,,,,,,,"VlGS9knfep4oIPmMdzrYPvhmhmcAnEWcmbTWayWKGyM=",
"ac52ac45-ad13-46dc-b535-48f67af7140a","TALL_005.basePlot.bet","D08","TALL","TALL_005","S","2016-03-30","2016-04-13","2016-04-14","2016-04-15",,"TALL_005.S.20160413","t0MQRG9cttn9eLOYPHRzx+jMa8xJgx0axicBl9QX8aw=","invert bycatch",,,,,,,,,,"VlGS9knfep4oIPmMdzrYPvhmhmcAnEWcmbTWayWKGyM=",
"cbf5719b-e859-4f94-822a-ccda85170f2b","TALL_004.basePlot.bet","D08","TALL","TALL_004","S","2016-03-30","2016-04-13","2016-04-14","2016-04-15",,"TALL_004.S.20160413","Qa/aVRg+qTOh2QCnNj+2/L0Jv2FlYMmPPQkOF2E9A7g=","invert bycatch",,,,,,,,,,"VlGS9knfep4oIPmMdzrYPvhmhmcAnEWcmbTWayWKGyM=",
"ef9d5eb7-7e4b-4704-97f3-7576d72c5214","TALL_004.basePlot.bet","D08","TALL","TALL_004","N","2016-03-30","2016-04-13","2016-04-14","2016-04-15",,"TALL_004.N.20160413","Qa/aVRg+qTOu2DyY3ioIx5r18fTDahScAp+ozKwXX00=","invert bycatch",,,,,,,,,,"VlGS9knfep4oIPmMdzrYPvhmhmcAnEWcmbTWayWKGyM=",
"3a5dda9c-d9d3-4783-a98a-d5c3edf6fb88","TALL_008.basePlot.bet","D08","TALL","TALL_008","E","2016-03-30","2016-04-13","2016-04-14","2016-04-15",,"TALL_008.E.20160413","ohyOCuNZZNG35W+/b0f5BY9SWvvN9hY4rK/rx3DZji4=","invert bycatch",,,,,,,,,,"VlGS9knfep4oIPmMdzrYPvhmhmcAnEWcmbTWayWKGyM=",
"f4e4ac23-5bfe-46f9-be4a-f2cbc3e8cda1","TALL_008.basePlot.bet","D08","TALL","TALL_008","S","2016-03-30","2016-04-13","2016-04-14","2016-04-15","2016-07-25","TALL_008.S.20160413","ohyOCuNZZNFiKLS92V/8sDDP3L+q8YvoPXseglpEyKU=","carabid","CYCCON2","Cyclotrachelus convivus","species","cf. variety","LeConte",,2,"Ciegler, J. C. 2000. Ground beetles and wrinkled bark beetles of South Carolina (Coleoptera: Geadephaga: Carabidae and Rhysodidae). Biota of South Carolina. Vol. 1. Clemson, S. Clemson University.","LnIDmrEQmAUtwQFMbC1CIKUZraB/NwPgV6cB6TW941k=","VlGS9knfep4oIPmMdzrYPvhmhmcAnEWcmbTWayWKGyM=","Cryptic species C. sigillatus has yet to be ID'd at this site."
"45944c9f-2be2-4d20-bdb8-d53a3ccf55eb","TALL_004.basePlot.bet","D08","TALL","TALL_004","E","2016-03-30","2016-04-13","2016-04-14","2016-04-15",,"TALL_004.E.20160413","Qa/aVRg+qTOwA0dy6QqQN5K6iTb25/1qoPa1q6HrTX4=","invert bycatch",,,,,,,,,,"VlGS9knfep4oIPmMdzrYPvhmhmcAnEWcmbTWayWKGyM=",
"54dc34c2-2b82-4792-8605-ee170f101d58","TALL_008.basePlot.bet","D08","TALL","TALL_008","N","2016-03-30","2016-04-13","2016-04-14","2016-04-15",,"TALL_008.N.20160413","ohyOCuNZZNGjfkb9Lg/QPtk96eACUPNWWbLXC6BAmYo=","invert bycatch",,,,,,,,,,"VlGS9knfep4oIPmMdzrYPvhmhmcAnEWcmbTWayWKGyM=",
"1566ea15-d51a-4ffb-8416-4b6a6eefe60f","TALL_008.basePlot.bet","D08","TALL","TALL_008","S","2016-03-30","2016-04-13","2016-04-14","2016-04-15",,"TALL_008.S.20160413","ohyOCuNZZNFiKLS92V/8sPtIXlU+z14AuEiFmvWcOBg=","invert bycatch",,,,,,,,,,"VlGS9knfep4oIPmMdzrYPvhmhmcAnEWcmbTWayWKGyM=",
"e122a745-94a3-425c-bdcb-7ba9a43a6670","TALL_008.basePlot.bet","D08","TALL","TALL_008","W","2016-03-30","2016-04-13","2016-04-14","2016-04-15",,"TALL_008.W.20160413","ohyOCuNZZNEBJPO5IxHGOSpRh15Tc2elAKlj8hAp0n4=","invert bycatch",,,,,,,,,,"VlGS9knfep4oIPmMdzrYPvhmhmcAnEWcmbTWayWKGyM=",
"e28724fb-6206-4998-9382-0443390bb155","TALL_003.basePlot.bet","D08","TALL","TALL_003","W","2016-03-30","2016-04-13","2016-04-14","2016-04-15","2016-10-28","TALL_003.W.20160413","M7Kgwa5WKWoZ18wOqb1JV96wy/Y4Y8go96PeQ0e6Xh8=","carabid","STEOCH","Stenolophus ochropezus","species",,"Say",,1,"Ciegler, J. C. 2000. Ground beetles and wrinkled bark beetles of South Carolina (Coleoptera: Geadephaga: Carabidae and Rhysodidae). Biota of South Carolina. Vol. 1. Clemson, S. Clemson University.","LnIDmrEQmAUtwQFMbC1CIKUZraB/NwPgV6cB6TW941k=","VlGS9knfep4oIPmMdzrYPvhmhmcAnEWcmbTWayWKGyM=",
"4f17bd92-ddbb-47f0-a6e9-bbd8b4f7d081","TALL_003.basePlot.bet","D08","TALL","TALL_003","N","2016-03-30","2016-04-13","2016-04-14","2016-04-15","2016-07-22","TALL_003.N.20160413","M7Kgwa5WKWo0N3SxzX0vKuK9xiA/ls/aho8s1rTDnA4=","carabid","DICDIL5","Dicaelus dilatatus","species",,"Say",,1,"Ciegler, J. C. 2000. Ground beetles and wrinkled bark beetles of South Carolina (Coleoptera: Geadephaga: Carabidae and Rhysodidae). Biota of South Carolina. Vol. 1. Clemson, S. Clemson University.","LnIDmrEQmAUtwQFMbC1CIKUZraB/NwPgV6cB6TW941k=","VlGS9knfep4oIPmMdzrYPvhmhmcAnEWcmbTWayWKGyM=",
"006de9a9-ac26-4813-a86d-a02fdf5e6f1d","TALL_003.basePlot.bet","D08","TALL","TALL_003","E","2016-03-30","2016-04-13","2016-04-14","2016-04-15",,"TALL_003.E.20160413","M7Kgwa5WKWql/tSsXIo1xaBI0hBeLtABOEd662MLz8E=","invert bycatch",,,,,,,,,,"VlGS9knfep4oIPmMdzrYPvhmhmcAnEWcmbTWayWKGyM=",
"5e8115db-bb8d-4850-8f7a-75ececfd8ec1","TALL_003.basePlot.bet","D08","TALL","TALL_003","S","2016-03-30","2016-04-13","2016-04-14","2016-04-15",,"TALL_003.S.20160413","M7Kgwa5WKWrXg1oPNn4csvy4SggFhtIAZ7uMkq+RSuc=","invert bycatch",,,,,,,,,,"VlGS9knfep4oIPmMdzrYPvhmhmcAnEWcmbTWayWKGyM=",
"e98641fa-f6ce-40b6-afb9-c6b062deb0ad","TALL_003.basePlot.bet","D08","TALL","TALL_003","W","2016-03-30","2016-04-13","2016-04-14","2016-04-15",,"TALL_003.W.20160413","M7Kgwa5WKWoZ18wOqb1JVxIJl3QBBP4LVKz5F6wLcrc=","invert bycatch",,,,,,,,,,"VlGS9knfep4oIPmMdzrYPvhmhmcAnEWcmbTWayWKGyM=",
"933d5e7e-aa89-49d2-9fa8-dfb901dcc946","TALL_003.basePlot.bet","D08","TALL","TALL_003","N","2016-03-30","2016-04-13","2016-04-14","2016-04-15","2016-07-22","TALL_003.N.20160413","M7Kgwa5WKWo0N3SxzX0vKoqbP0okg9UFm4RK2Bmg+Xw=","carabid","CYCCON2","Cyclotrachelus convivus","species","cf. variety","LeConte",,1,"Ciegler, J. C. 2000. Ground beetles and wrinkled bark beetles of South Carolina (Coleoptera: Geadephaga: Carabidae and Rhysodidae). Biota of South Carolina. Vol. 1. Clemson, S. Clemson University.","LnIDmrEQmAUtwQFMbC1CIKUZraB/NwPgV6cB6TW941k=","VlGS9knfep4oIPmMdzrYPvhmhmcAnEWcmbTWayWKGyM=","cryptic species C. sigillatus has yet to be ID'd at this site."
"04216a04-6ccc-4b2c-9549-9538722c12fb","TALL_003.basePlot.bet","D08","TALL","TALL_003","N","2016-03-30","2016-04-13","2016-04-14","2016-04-15",,"TALL_003.N.20160413","M7Kgwa5WKWo0N3SxzX0vKvU2AOKB4YrEPXhmSKuOpBI=","invert bycatch",,,,,,,,,,"VlGS9knfep4oIPmMdzrYPvhmhmcAnEWcmbTWayWKGyM=",
"57466376-2bff-4f9a-ae34-1688e150f0ba","TALL_008.basePlot.bet","D08","TALL","TALL_008","S","2016-04-13","2016-04-27","2016-04-28","2016-05-03",,"TALL_008.S.20160427","ohyOCuNZZNFiKLS92V/8sBMqko+sANwF2ZociIAuRbs=","invert bycatch",,,,,,,,,,"qv2hryw2aAHcRZnU/CeJIVfNxxJegRBH",
"da03052b-e9a2-4920-9a1e-9bce53218247","TALL_001.basePlot.bet","D08","TALL","TALL_001","S","2016-04-13","2016-04-27","2016-04-28","2016-05-03",,"TALL_001.S.20160427","oBD9lvhf20lBRpBDN6M+A+0WszC/B+P++/q7t0iCHYQ=","invert bycatch",,,,,,,,,,"qv2hryw2aAHcRZnU/CeJIVfNxxJegRBH",
"b48f9dad-b2b0-4f29-a38f-a679f54cb67e","TALL_008.basePlot.bet","D08","TALL","TALL_008","E","2016-04-13","2016-04-27","2016-04-28","2016-05-03",,"TALL_008.E.20160427","ohyOCuNZZNG35W+/b0f5BTB6lepB+5tLswA+BWk5wdU=","invert bycatch",,,,,,,,,,"qv2hryw2aAHcRZnU/CeJIVfNxxJegRBH",
"0f1745c3-6b3c-4397-8d71-af41ed53c626","TALL_008.basePlot.bet","D08","TALL","TALL_008","N","2016-04-13","2016-04-27","2016-04-28","2016-05-03",,"TALL_008.N.20160427","ohyOCuNZZNGjfkb9Lg/QPgy/kjsRREmJrBQ7n7LjEIo=","invert bycatch",,,,,,,,,,"VlGS9knfep4oIPmMdzrYPvhmhmcAnEWcmbTWayWKGyM=",
"c7300c77-eb7c-49c2-aef8-8cf55ca585d5","TALL_008.basePlot.bet","D08","TALL","TALL_008","W","2016-04-13","2016-04-27","2016-04-28","2016-05-03",,"TALL_008.W.20160427","ohyOCuNZZNEBJPO5IxHGOdi/rcazNsyPpKWiSUTT1c4=","invert bycatch",,,,,,,,,,"qv2hryw2aAHcRZnU/CeJIVfNxxJegRBH",
"a3471e4b-186d-41d8-ac09-21e402fca414","TALL_004.basePlot.bet","D08","TALL","TALL_004","E","2016-04-13","2016-04-27","2016-04-28","2016-05-03",,"TALL_004.E.20160427","Qa/aVRg+qTOwA0dy6QqQN1VLqmKcq+S0CvVhoyF42Zo=","invert bycatch",,,,,,,,,,"qv2hryw2aAHcRZnU/CeJIVfNxxJegRBH",
"3daec083-0052-4baa-8983-24ef9bafc342","TALL_004.basePlot.bet","D08","TALL","TALL_004","S","2016-04-13","2016-04-27","2016-04-28","2016-05-03",,"TALL_004.S.20160427","Qa/aVRg+qTOh2QCnNj+2/NIzM+vQlZhmNmWJe80Evos=","invert bycatch",,,,,,,,,,"qv2hryw2aAHcRZnU/CeJIVfNxxJegRBH",
"5d2212ec-ead5-4cd6-9211-6f0b368afb97","TALL_004.basePlot.bet","D08","TALL","TALL_004","N","2016-04-13","2016-04-27","2016-04-28","2016-05-03",,"TALL_004.N.20160427","Qa/aVRg+qTOu2DyY3ioIx23Dd90AAR06blanuAx4Yb0=","invert bycatch",,,,,,,,,,"qv2hryw2aAHcRZnU/CeJIVfNxxJegRBH",
"e9ae85d3-eec3-414a-82cc-d69df3e16833","TALL_004.basePlot.bet","D08","TALL","TALL_004","W","2016-04-13","2016-04-27","2016-04-28","2016-05-03",,"TALL_004.W.20160427","Qa/aVRg+qTNAU7wcyVAgm/k4JKLtuRp0tG7l4wMvzG0=","invert bycatch",,,,,,,,,,"qv2hryw2aAHcRZnU/CeJIVfNxxJegRBH",
"bff6df84-cf96-4b9d-85c8-efcd1087d412","TALL_005.basePlot.bet","D08","TALL","TALL_005","E","2016-04-13","2016-04-27","2016-04-28","2016-05-03","2016-07-20","TALL_005.E.20160427","t0MQRG9cttk68iWEsWlyMkXjI5tc47qoAA950pQS2k8=","carabid","CYCCON2","Cyclotrachelus convivus","species","cf. variety","LeConte",,1,"Ciegler, J. C. 2000. Ground beetles and wrinkled bark beetles of South Carolina (Coleoptera: Geadephaga: Carabidae and Rhysodidae). Biota of South Carolina. Vol. 1. Clemson, S. Clemson University.","VlGS9knfep4oIPmMdzrYPvhmhmcAnEWcmbTWayWKGyM=","qv2hryw2aAHcRZnU/CeJIVfNxxJegRBH",
"612539c0-c5bb-4772-99c3-8ad16f22cbf7","TALL_005.basePlot.bet","D08","TALL","TALL_005","E","2016-04-13","2016-04-27","2016-04-28","2016-05-03",,"TALL_005.E.20160427","t0MQRG9cttk68iWEsWlyMsfoCW+jLZnXMYW10wPuiRI=","invert bycatch",,,,,,,,,,"qv2hryw2aAHcRZnU/CeJIVfNxxJegRBH",
"0b71457a-fbd5-41e3-b10d-cd63a2eb3d56","TALL_005.basePlot.bet","D08","TALL","TALL_005","E","2016-04-13","2016-04-27","2016-04-28","2016-05-03","2016-07-20","TALL_005.E.20160427","t0MQRG9cttk68iWEsWlyMhD6dkqtsPZFv31eaOzmTus=","carabid","DICDIL5","Dicaelus dilatatus","species",,"Say",,1,"Ciegler, J. C. 2000. Ground beetles and wrinkled bark beetles of South Carolina (Coleoptera: Geadephaga: Carabidae and Rhysodidae). Biota of South Carolina. Vol. 1. Clemson, S. Clemson University.","VlGS9knfep4oIPmMdzrYPvhmhmcAnEWcmbTWayWKGyM=","qv2hryw2aAHcRZnU/CeJIVfNxxJegRBH",
"cf368ac1-d6c6-46c3-98ce-f59d64cdad9c","TALL_005.basePlot.bet","D08","TALL","TALL_005","N","2016-04-13","2016-04-27","2016-04-28","2016-05-03",,"TALL_005.N.20160427","t0MQRG9cttm4qHuYtC8OUOQue2JEzHJyw+PYdmV/uEs=","invert bycatch",,,,,,,,,,"qv2hryw2aAHcRZnU/CeJIVfNxxJegRBH",
"95807e7f-a619-472d-bd68-dba457fdda8e","TALL_005.basePlot.bet","D08","TALL","TALL_005","W","2016-04-13","2016-04-27","2016-04-28","2016-05-03",,"TALL_005.W.20160427","t0MQRG9cttlP4XZ+jAjJcVdSb2fvat/LNk1aeupS0Jc=","invert bycatch",,,,,,,,,,"qv2hryw2aAHcRZnU/CeJIVfNxxJegRBH",
"e8d7966b-4fce-4fc8-814d-ea521f932aa8","TALL_005.basePlot.bet","D08","TALL","TALL_005","S","2016-04-13","2016-04-27","2016-04-28","2016-05-03",,"TALL_005.S.20160427","t0MQRG9cttn9eLOYPHRzx32NkXho2fPbMRbMShf/yCs=","invert bycatch",,,,,,,,,,"qv2hryw2aAHcRZnU/CeJIVfNxxJegRBH",
"7e0357a0-d7eb-4809-baa4-d3650c21816b","TALL_006.basePlot.bet","D08","TALL","TALL_006","W","2016-04-13","2016-04-27","2016-04-28","2016-05-03",,"TALL_006.W.20160427","GF+klScYxlNY6W3QHwWBxDkgxp2+FzCBzccsXAFAJZc=","invert bycatch",,,,,,,,,,"qv2hryw2aAHcRZnU/CeJIVfNxxJegRBH",
"ea941fe2-fd30-428e-b5fd-d7d5c0702851","TALL_006.basePlot.bet","D08","TALL","TALL_006","N","2016-04-13","2016-04-27","2016-04-28","2016-05-03",,"TALL_006.N.20160427","GF+klScYxlPr/6PnR25hF94xnXhAnjUSfrKaZ6fc7NY=","invert bycatch",,,,,,,,,,"qv2hryw2aAHcRZnU/CeJIVfNxxJegRBH",
"14ce31bf-ced6-4e6e-9a54-002cc96d5525","TALL_006.basePlot.bet","D08","TALL","TALL_006","S","2016-04-13","2016-04-27","2016-04-28","2016-05-03",,"TALL_006.S.20160427","GF+klScYxlPNx0WJ2f3s2U7oqUpDb7Hviuo6RuNUvF4=","invert bycatch",,,,,,,,,,"qv2hryw2aAHcRZnU/CeJIVfNxxJegRBH",
"983ce610-ec6b-443b-a2f4-38568cb84c2b","TALL_006.basePlot.bet","D08","TALL","TALL_006","E","2016-04-13","2016-04-27","2016-04-28","2016-05-03",,"TALL_006.E.20160427","GF+klScYxlP6VnwqiTVlrLwZphUYNQled6dUPhHxz2g=","invert bycatch",,,,,,,,,,"qv2hryw2aAHcRZnU/CeJIVfNxxJegRBH",
"7a40aee1-6460-482d-a91b-3f562f21703d","TALL_001.basePlot.bet","D08","TALL","TALL_001","W","2016-04-13","2016-04-27","2016-04-28","2016-05-03",,"TALL_001.W.20160427","oBD9lvhf20nte7pZ94CzCD9GihQXCdlMmdJdqxKJ/jQ=","invert bycatch",,,,,,,,,,"qv2hryw2aAHcRZnU/CeJIVfNxxJegRBH",
"35638b81-a89d-45ac-bde3-63af1ae51558","TALL_006.basePlot.bet","D08","TALL","TALL_006","S","2016-04-13","2016-04-27","2016-04-28","2016-05-03","2016-07-20","TALL_006.S.20160427","GF+klScYxlPNx0WJ2f3s2bx9cTN3QYeFnXhuGeHxe0M=","carabid","DICDIL5","Dicaelus dilatatus","species",,"Say",,1,"Ciegler, J. C. 2000. Ground beetles and wrinkled bark beetles of South Carolina (Coleoptera: Geadephaga: Carabidae and Rhysodidae). Biota of South Carolina. Vol. 1. Clemson, S. Clemson University.","VlGS9knfep4oIPmMdzrYPvhmhmcAnEWcmbTWayWKGyM=","qv2hryw2aAHcRZnU/CeJIVfNxxJegRBH",
"5c25e1f3-706f-4e50-b2ab-976964e44e4c","TALL_001.basePlot.bet","D08","TALL","TALL_001","E","2016-04-13","2016-04-27","2016-04-28","2016-05-03",,"TALL_001.E.20160427","oBD9lvhf20lJVbNyEPcqL6nHR8ulSteAAsZY2emxcXo=","invert bycatch",,,,,,,,,,"qv2hryw2aAHcRZnU/CeJIVfNxxJegRBH",
"676846f9-a00c-4623-b3a0-d145648ce93c","TALL_007.basePlot.bet","D08","TALL","TALL_007","W","2016-04-13","2016-04-27","2016-04-28","2016-05-03","2016-07-20","TALL_007.W.20160427","dCnpKCfrHjPIn/neU11S96UquzFOZ0/1gZBZJBUsVcc=","carabid","CYCCON2","Cyclotrachelus convivus","species","cf. variety","LeConte",,1,"Ciegler, J. C. 2000. Ground beetles and wrinkled bark beetles of South Carolina (Coleoptera: Geadephaga: Carabidae and Rhysodidae). Biota of South Carolina. Vol. 1. Clemson, S. Clemson University.","VlGS9knfep4oIPmMdzrYPvhmhmcAnEWcmbTWayWKGyM=","qv2hryw2aAHcRZnU/CeJIVfNxxJegRBH","Cryptic species C. sigillatus has yet to be ID'd at this site."
"ce6d73e6-6cfd-434e-b3b4-edf12adbd0cd","TALL_007.basePlot.bet","D08","TALL","TALL_007","E","2016-04-13","2016-04-27","2016-04-28","2016-05-03","2016-07-20","TALL_007.E.20160427","dCnpKCfrHjPeO1VlQWp4blQKuoZ7SLZ85lFxYzXioDU=","carabid","DICAMB","Dicaelus ambiguus","species",,"LaFerte-Senectere",,1,"Ciegler, J. C. 2000. Ground beetles and wrinkled bark beetles of South Carolina (Coleoptera: Geadephaga: Carabidae and Rhysodidae). Biota of South Carolina. Vol. 1. Clemson, S. Clemson University.","VlGS9knfep4oIPmMdzrYPvhmhmcAnEWcmbTWayWKGyM=","qv2hryw2aAHcRZnU/CeJIVfNxxJegRBH",
"0ca863f9-d701-4686-ae73-e7088c572a78","TALL_007.basePlot.bet","D08","TALL","TALL_007","W","2016-04-13","2016-04-27","2016-04-28","2016-05-03",,"TALL_007.W.20160427","dCnpKCfrHjPIn/neU11S99jtN7L0RdzSD9d22eoot3o=","invert bycatch",,,,,,,,,,"qv2hryw2aAHcRZnU/CeJIVfNxxJegRBH",
"e5b39ab9-8566-4b96-92ec-903626048ef9","TALL_007.basePlot.bet","D08","TALL","TALL_007","N","2016-04-13","2016-04-27","2016-04-28","2016-05-03",,"TALL_007.N.20160427","dCnpKCfrHjN5hXvYq146ICIq3bw7DouqEHomYE1V8Lg=","invert bycatch",,,,,,,,,,"qv2hryw2aAHcRZnU/CeJIVfNxxJegRBH",
"9795641d-4388-4285-b3bf-61aa93b74ec0","TALL_002.basePlot.bet","D08","TALL","TALL_002","S","2016-04-13","2016-04-27","2016-04-28","2016-05-03",,"TALL_002.S.20160427","GD+N/FshctwSu3BCH4uY07vTCP+0zQ65PDIZdtmPEDU=","invert bycatch",,,,,,,,,,"qv2hryw2aAHcRZnU/CeJIVfNxxJegRBH",
"c9d41c1e-098e-4c37-84e0-0ee5421d82da","TALL_007.basePlot.bet","D08","TALL","TALL_007","E","2016-04-13","2016-04-27","2016-04-28","2016-05-03",,"TALL_007.E.20160427","dCnpKCfrHjPeO1VlQWp4bkAn8+bAfdLKkFRk3I0YUkI=","invert bycatch",,,,,,,,,,"qv2hryw2aAHcRZnU/CeJIVfNxxJegRBH",
"25fa7641-b042-49fb-8a53-727bf06a9ead","TALL_002.basePlot.bet","D08","TALL","TALL_002","E","2016-04-13","2016-04-27","2016-04-28","2016-05-03",,"TALL_002.E.20160427","GD+N/FshctwMV61c5fiGa2QzXKKQjSRXvrcQJwkmLJo=","invert bycatch",,,,,,,,,,"qv2hryw2aAHcRZnU/CeJIVfNxxJegRBH",
"8cbddd15-f63f-490e-af32-d4344af65037","TALL_002.basePlot.bet","D08","TALL","TALL_002","W","2016-04-13","2016-04-27","2016-04-28","2016-05-03",,"TALL_002.W.20160427","GD+N/FshctzbiAOTJ9xFZkl0FQLYe/0YrRBIQFACIfk=","invert bycatch",,,,,,,,,,"qv2hryw2aAHcRZnU/CeJIVfNxxJegRBH",
"ee456fe9-3c01-4eee-8bf5-7afc293a1996","TALL_002.basePlot.bet","D08","TALL","TALL_002","N","2016-04-13","2016-04-27","2016-04-28","2016-05-03",,"TALL_002.N.20160427","GD+N/FshctxQ5kVPt9fuKOeyPIVwmeFWXgBoFA5p8VA=","invert bycatch",,,,,,,,,,"qv2hryw2aAHcRZnU/CeJIVfNxxJegRBH",
"2f9901ad-7e0b-4769-9ef8-4531bb71f07a","TALL_013.basePlot.bet","D08","TALL","TALL_013","S","2016-04-13","2016-04-27","2016-04-28","2016-05-03",,"TALL_013.S.20160427","636VT4a85rAxJuFdjgRgGsj/E1WSRk3O5COcUE/U0Hg=","invert bycatch",,,,,,,,,,"qv2hryw2aAHcRZnU/CeJIVfNxxJegRBH",
"790e62d7-27b0-4cc5-bc91-e2e5327d0d04","TALL_013.basePlot.bet","D08","TALL","TALL_013","W","2016-04-13","2016-04-27","2016-04-28","2016-05-03",,"TALL_013.W.20160427","636VT4a85rDbiN/8AK7e7ZS/6/IBiz/a5bgTXnsnd7Y=","invert bycatch",,,,,,,,,,"qv2hryw2aAHcRZnU/CeJIVfNxxJegRBH",
"d012105b-2eef-4777-894f-b623a2d69e11","TALL_013.basePlot.bet","D08","TALL","TALL_013","N","2016-04-13","2016-04-27","2016-04-28","2016-05-03",,"TALL_013.N.20160427","636VT4a85rBPznAdA3/lM3Kahn20dBgCSbCoTnAS7ew=","invert bycatch",,,,,,,,,,"qv2hryw2aAHcRZnU/CeJIVfNxxJegRBH",
"1a10de64-6e8b-4250-b859-267509657216","TALL_013.basePlot.bet","D08","TALL","TALL_013","E","2016-04-13","2016-04-27","2016-04-28","2016-05-03",,"TALL_013.E.20160427","636VT4a85rADAkRx3lrz3HKdnzFo3OhBmNTHhAtRCUw=","invert bycatch",,,,,,,,,,"qv2hryw2aAHcRZnU/CeJIVfNxxJegRBH",
"13c1bf9f-a10a-47a3-9b57-c3aa09b6940f","TALL_009.basePlot.bet","D08","TALL","TALL_009","W","2016-04-13","2016-04-27","2016-04-28","2016-05-03","2016-07-20","TALL_009.W.20160427","l/M16YIQdhkBf7hWagGz8J9sj1fhRSfm8YWsoNdwGqs=","carabid","CYCCON2","Cyclotrachelus convivus","species",,"LeConte",,1,"Ciegler, J. C. 2000. Ground beetles and wrinkled bark beetles of South Carolina (Coleoptera: Geadephaga: Carabidae and Rhysodidae). Biota of South Carolina. Vol. 1. Clemson, S. Clemson University.","VlGS9knfep4oIPmMdzrYPvhmhmcAnEWcmbTWayWKGyM=","qv2hryw2aAHcRZnU/CeJIVfNxxJegRBH",
"1cb3b82b-3b39-4641-8359-4c78234bb76e","TALL_009.basePlot.bet","D08","TALL","TALL_009","S","2016-04-13","2016-04-27","2016-04-28","2016-05-03","2016-07-20","TALL_009.S.20160427","l/M16YIQdhnzjZygve9MOYTbZ6mSJ89YgJOnTgCAoOs=","carabid","DICDIL5","Dicaelus dilatatus","species",,"Say",,1,"Ciegler, J. C. 2000. Ground beetles and wrinkled bark beetles of South Carolina (Coleoptera: Geadephaga: Carabidae and Rhysodidae). Biota of South Carolina. Vol. 1. Clemson, S. Clemson University.","VlGS9knfep4oIPmMdzrYPvhmhmcAnEWcmbTWayWKGyM=","qv2hryw2aAHcRZnU/CeJIVfNxxJegRBH",
"c12cea1e-a887-4ce4-88f7-d21ee4bad3ff","TALL_009.basePlot.bet","D08","TALL","TALL_009","E","2016-04-13","2016-04-27","2016-04-28","2016-05-03",,"TALL_009.E.20160427","l/M16YIQdhl0vu9XaqA/R72r1kuTjaCs2jY9wfsX/Mw=","invert bycatch",,,,,,,,,,"qv2hryw2aAHcRZnU/CeJIVfNxxJegRBH",
"a74e0ddc-967a-490b-b663-2389cc35734f","TALL_009.basePlot.bet","D08","TALL","TALL_009","N","2016-04-13","2016-04-27","2016-04-28","2016-05-03",,"TALL_009.N.20160427","l/M16YIQdhmWRV/1jUEiERLfq8+rIpAqnzzS/nujbnI=","invert bycatch",,,,,,,,,,"qv2hryw2aAHcRZnU/CeJIVfNxxJegRBH",
"138104b4-895d-4d29-85f0-f8e48328f262","TALL_009.basePlot.bet","D08","TALL","TALL_009","S","2016-04-13","2016-04-27","2016-04-28","2016-05-03",,"TALL_009.S.20160427","l/M16YIQdhnzjZygve9MORcVx67U7LSgsAG/o3eH+HM=","invert bycatch",,,,,,,,,,"qv2hryw2aAHcRZnU/CeJIVfNxxJegRBH",
"32e0c210-86ae-4450-a181-9be8642b8186","TALL_003.basePlot.bet","D08","TALL","TALL_003","N","2016-04-13","2016-04-27","2016-04-28","2016-05-03","2016-07-20","TALL_003.N.20160427","M7Kgwa5WKWo0N3SxzX0vKtDh++1y8hLfQD8TgKu5B7k=","carabid","CYCCON2","Cyclotrachelus convivus","species","cf. variety","LeConte",,2,"Ciegler, J. C. 2000. Ground beetles and wrinkled bark beetles of South Carolina (Coleoptera: Geadephaga: Carabidae and Rhysodidae). Biota of South Carolina. Vol. 1. Clemson, S. Clemson University.","VlGS9knfep4oIPmMdzrYPvhmhmcAnEWcmbTWayWKGyM=","qv2hryw2aAHcRZnU/CeJIVfNxxJegRBH","Cryptic species C. sigillatus has yet to be ID'd at this site."
"298d0a16-c365-4829-9355-5166e05421f9","TALL_009.basePlot.bet","D08","TALL","TALL_009","W","2016-04-13","2016-04-27","2016-04-28","2016-05-03",,"TALL_009.W.20160427","l/M16YIQdhkBf7hWagGz8MiDNcwzY96gye1TzYH5mLI=","invert bycatch",,,,,,,,,,"qv2hryw2aAHcRZnU/CeJIVfNxxJegRBH",
"0b493540-2344-481d-866a-2e3908480c05","TALL_003.basePlot.bet","D08","TALL","TALL_003","N","2016-04-13","2016-04-27","2016-04-28","2016-05-03","2016-07-20","TALL_003.N.20160427","M7Kgwa5WKWo0N3SxzX0vKlt0llr6vP8nK9MKhuAwHBw=","carabid","DICELO","Dicaelus elongatus","species",,"Bonelli",,1,"Bousquet, Y. 2010b. Illustrated Identification Guide to Adults and Larvae of Northeastern North American Ground Beetles (Coleoptera: Carabidae). 1st Ed. Pensoft Publishers, Sofia, Bulgaria.","VlGS9knfep4oIPmMdzrYPvhmhmcAnEWcmbTWayWKGyM=","qv2hryw2aAHcRZnU/CeJIVfNxxJegRBH",
"6041e0e5-7302-4394-bf93-2729d34f9039","TALL_003.basePlot.bet","D08","TALL","TALL_003","N","2016-04-13","2016-04-27","2016-04-28","2016-05-03",,"TALL_003.N.20160427","M7Kgwa5WKWo0N3SxzX0vKu9pthEd71rFYNL5WY5m5yY=","invert bycatch",,,,,,,,,,"qv2hryw2aAHcRZnU/CeJIVfNxxJegRBH",
"20fea9f1-8eaa-4d34-825f-eebd28a99df0","TALL_003.basePlot.bet","D08","TALL","TALL_003","E","2016-04-13","2016-04-27","2016-04-28","2016-05-03",,"TALL_003.E.20160427","M7Kgwa5WKWql/tSsXIo1xUWoAKlTVgRgQ6JKV8fPoQ0=","invert bycatch",,,,,,,,,,"qv2hryw2aAHcRZnU/CeJIVfNxxJegRBH",
"3bba9edc-18fd-44d4-b103-8e3e67c4ab60","TALL_003.basePlot.bet","D08","TALL","TALL_003","S","2016-04-13","2016-04-27","2016-04-28","2016-05-03",,"TALL_003.S.20160427","M7Kgwa5WKWrXg1oPNn4cspgKziyQuuzmECo5RSL1l4U=","invert bycatch",,,,,,,,,,"qv2hryw2aAHcRZnU/CeJIVfNxxJegRBH",
"28ffddff-33c3-45b3-9f65-dc943d878600","TALL_003.basePlot.bet","D08","TALL","TALL_003","N","2016-04-13","2016-04-27","2016-04-28","2016-05-03","2016-07-20","TALL_003.N.20160427","M7Kgwa5WKWo0N3SxzX0vKrtFH44qVArUvS7Zl21mkpw=","carabid","DICDIL5","Dicaelus dilatatus","species",,"Say",,1,"Ciegler, J. C. 2000. Ground beetles and wrinkled bark beetles of South Carolina (Coleoptera: Geadephaga: Carabidae and Rhysodidae). Biota of South Carolina. Vol. 1. Clemson, S. Clemson University.","LnIDmrEQmAUtwQFMbC1CIKUZraB/NwPgV6cB6TW941k=","qv2hryw2aAHcRZnU/CeJIVfNxxJegRBH",
"1780c10c-3bd2-4111-ba54-82e51cb99cc3","TALL_001.basePlot.bet","D08","TALL","TALL_001","N","2016-04-13","2016-04-27","2016-04-28","2016-05-03",,"TALL_001.N.20160427","oBD9lvhf20lLPR5RQgvAD31vyhEXnqxge+24t3eWSSo=","invert bycatch",,,,,,,,,,"qv2hryw2aAHcRZnU/CeJIVfNxxJegRBH",
"0414cda4-fc75-497f-b05d-e69eee6e6e8c","TALL_007.basePlot.bet","D08","TALL","TALL_007","S","2016-04-13","2016-04-27","2016-04-28","2016-05-03",,"TALL_007.S.20160427","dCnpKCfrHjPwtk4jZiNDd4HB9dc9W4MKDL/fVY30CAc=","invert bycatch",,,,,,,,,,"qv2hryw2aAHcRZnU/CeJIVfNxxJegRBH",
"d3714a34-c7e7-48ab-bbbd-a5c4b14bb74f","TALL_008.basePlot.bet","D08","TALL","TALL_008","W","2016-04-13","2016-04-27","2016-04-28","2016-05-03","2016-07-20","TALL_008.W.20160427","ohyOCuNZZNEBJPO5IxHGOX8SWTsDcBJaeaYrgBXJS04=","carabid","DICAMB","Dicaelus ambiguus","species",,"LaFerte-Senectere",,1,"Ciegler, J. C. 2000. Ground beetles and wrinkled bark beetles of South Carolina (Coleoptera: Geadephaga: Carabidae and Rhysodidae). Biota of South Carolina. Vol. 1. Clemson, S. Clemson University.","VlGS9knfep4oIPmMdzrYPvhmhmcAnEWcmbTWayWKGyM=","qv2hryw2aAHcRZnU/CeJIVfNxxJegRBH",
