uid,namedLocation,domainID,siteID,plotID,trapID,setDate,collectDate,processingDate,etOHChangeDate,identifiedDate,sampleID,subsampleID,sampleType,taxonID,scientificName,taxonRank,identificationQualifier,scientificNameAuthorship,morphospeciesID,individualCount,identificationReferences,identifiedBy,recordedBy,remarks
"7304d3c5-937f-429f-b8d7-88652558a09b","WOOD_023.basePlot.bet","D09","WOOD","WOOD_023","N","2015-06-10","2015-07-22","2015-07-23","2015-10-20","2016-01-20","WOOD_023.N.20150722","HkhQBNKo1QAlL2jarEbgAjPt8f38I3KqgapDZYLi7TY=","carabid","BRACYA2","Brachinus cyanochroaticus","species",,"Erwin",,1,"Lindroth, C. H. 1969. The ground-beetles (Carabidae, excl. Cicindelinae) of Canada and Alaska, parts 1-6. Opuscula E. Entomoligiska Sallskapet.","4oCBvlQIQ4DhSH30J22+0bs0GAacIQwk","49AT3csB7SNH9c2JnAOTHYMNXNZpKUYr","28+ Day Bout"
"8839ae67-e46e-4634-bcab-549c9c490273","WOOD_023.basePlot.bet","D09","WOOD","WOOD_023","N","2015-06-10","2015-07-22","2015-07-23","2015-07-27",,"WOOD_023.N.20150722","HkhQBNKo1QAlL2jarEbgAr97v2JrGxa8VmvvLIYR5TA=","invert bycatch",,,,,,,,,,"49AT3csB7SNH9c2JnAOTHYMNXNZpKUYr",
"1596e3b3-c2aa-4386-873a-52ff2337ff36","WOOD_005.basePlot.bet","D09","WOOD","WOOD_005","W","2015-06-24","2015-07-08","2015-07-09","2015-07-13",,"WOOD_005.W.20150708","Q/pjwyhQ09wS8nTqfpfAX6zKbqKaVqT/DyC6Aknz0rs=","invert bycatch",,,,,,,,,,"eE6kvSR3uoy9zdn7o7etq88/xsP7F3Qo",
"9a900f07-f35a-4924-a5c8-7e4c8de8ed66","WOOD_002.basePlot.bet","D09","WOOD","WOOD_002","W","2015-06-24","2015-07-08","2015-07-09","2015-07-14",,"WOOD_002.W.20150708","V7nyjIgYGmM6sIIp+cKQBCWhKluChdm2KVLuho9I2/w=","invert bycatch",,,,,,,,,,"49AT3csB7SNH9c2JnAOTHYMNXNZpKUYr",
"5b3bb7af-2c4f-495d-a53e-051688db2224","WOOD_001.basePlot.bet","D09","WOOD","WOOD_001","W","2015-06-24","2015-07-08","2015-07-09","2015-07-14",,"WOOD_001.W.20150708","vZVALStcGze4oqiSg8fWakmr9f7Jqxru8ytTqVWfsxY=","other carabid","CARSP14","Carabidae sp.","family",,"Latreille",,1,"Other",,"eE6kvSR3uoy9zdn7o7etq88/xsP7F3Qo","individualCount estimated based on number of pinning records|"
"a146de2b-4388-4c6a-8c02-051ca407043f","WOOD_001.basePlot.bet","D09","WOOD","WOOD_001","W","2015-06-24","2015-07-08","2015-07-09","2015-07-14",,"WOOD_001.W.20150708","vZVALStcGze4oqiSg8fWas3m+EQkZaWx78l0/q77kl8=","invert bycatch",,,,,,,,,,"eE6kvSR3uoy9zdn7o7etq88/xsP7F3Qo",
"88cce48a-9ff6-4040-adc1-183131bceab1","WOOD_003.basePlot.bet","D09","WOOD","WOOD_003","W","2015-06-24","2015-07-08","2015-07-09","2015-10-19","2016-01-11","WOOD_003.W.20150708","gVhx7bcr2vPNu942vL6aoSlZ95j7zGGCFC6Cj2rM0WA=","carabid","CARSP14","Carabidae sp.","family",,"Latreille","D09.2015.MorphC",1,"Lindroth, C. H. 1969. The ground-beetles (Carabidae, excl. Cicindelinae) of Canada and Alaska, parts 1-6. Opuscula E. Entomoligiska Sallskapet.","4oCBvlQIQ4DhSH30J22+0bs0GAacIQwk","a/0SlN26fEtmJ3LLysIxkaRUfZvckIBE","Agonoleptus sp. or Stenolophus sp. or Acupalpus sp.| about 4 mm| elytral striae well defined| darker central cloud on yellowish pronotum| head and elytra darker| legs pale yellow| keyed to Agonoleptus conjunctus"
"7f9cdffe-5624-44ef-a9b7-470407da0253","WOOD_002.basePlot.bet","D09","WOOD","WOOD_002","W","2015-06-24","2015-07-08","2015-07-09","2015-10-16","2016-01-21","WOOD_002.W.20150708","V7nyjIgYGmM6sIIp+cKQBJHFVS/UAakgyyVeHuEcpqk=","carabid","CYMNEG","Cymindis neglecta","species",,"Haldeman",,1,"Lindroth, C. H. 1969. The ground-beetles (Carabidae, excl. Cicindelinae) of Canada and Alaska, parts 1-6. Opuscula E. Entomoligiska Sallskapet.","4oCBvlQIQ4DhSH30J22+0bs0GAacIQwk","eE6kvSR3uoy9zdn7o7etq88/xsP7F3Qo",
"ab211d81-4d6f-469f-9906-95e556581679","WOOD_001.basePlot.bet","D09","WOOD","WOOD_001","W","2015-06-24","2015-07-08","2015-07-09","2015-10-16","2016-01-20","WOOD_001.W.20150708","vZVALStcGze4oqiSg8fWaoOqxVE6Gjhlq9NLfft0yL8=","carabid","CALADV","Calathus advena","species",,"LeConte",,1,"Lindroth, C. H. 1969. The ground-beetles (Carabidae, excl. Cicindelinae) of Canada and Alaska, parts 1-6. Opuscula E. Entomoligiska Sallskapet.","4oCBvlQIQ4DhSH30J22+0bs0GAacIQwk","eE6kvSR3uoy9zdn7o7etq88/xsP7F3Qo",
"61f5560f-3188-4e44-8ecf-675acdaf7e7d","WOOD_006.basePlot.bet","D09","WOOD","WOOD_006","W","2015-06-24","2015-07-08","2015-07-09","2015-10-16","2016-01-25","WOOD_006.W.20150708","WY3Zl9EyMieRLqe2GmMq7ThcOMEfOYlY8ecti9r4fxQ=","carabid","PTEMEL","Pterostichus melanarius melanarius","subspecies",,"Illiger",,1,"Lindroth, C. H. 1969. The ground-beetles (Carabidae, excl. Cicindelinae) of Canada and Alaska, parts 1-6. Opuscula E. Entomoligiska Sallskapet.","4oCBvlQIQ4DhSH30J22+0bs0GAacIQwk","eE6kvSR3uoy9zdn7o7etq88/xsP7F3Qo",
"efcf7fea-61c3-4d91-aea6-2b6c5b6da46a","WOOD_001.basePlot.bet","D09","WOOD","WOOD_001","E","2015-06-24","2015-07-08","2015-07-09","2015-07-14",,"WOOD_001.E.20150708","vZVALStcGzcsUDFQL3eqjS8RQE5noz+karunfY3mCpw=","invert bycatch",,,,,,,,,,"eE6kvSR3uoy9zdn7o7etq88/xsP7F3Qo",
"8e18f1e0-9146-44fb-82db-07f547e96b48","WOOD_021.basePlot.bet","D09","WOOD","WOOD_021","E","2015-06-24","2015-07-08","2015-07-09","2015-07-14",,"WOOD_021.E.20150708","WrmnCoit366aYWK9g06Yaa6s+rylH16tALYRdvIPDcU=","invert bycatch",,,,,,,,,,"eE6kvSR3uoy9zdn7o7etq88/xsP7F3Qo",
"8dceb816-7c85-4f47-9f74-58d77d36793f","WOOD_005.basePlot.bet","D09","WOOD","WOOD_005","E","2015-06-24","2015-07-08","2015-07-09","2015-07-13",,"WOOD_005.E.20150708","Q/pjwyhQ09yvsoMfuEsR3VkotxzPSV4Fe6SQBXcZlq4=","invert bycatch",,,,,,,,,,"eE6kvSR3uoy9zdn7o7etq88/xsP7F3Qo",
"4ea0b8a6-3850-44ea-bd24-e732f20ba7ff","WOOD_007.basePlot.bet","D09","WOOD","WOOD_007","E","2015-06-24","2015-07-08","2015-07-09","2015-07-09",,"WOOD_007.E.20150708","5mkFtj0S+ghVPgPw3BKW9WDvY27YBAdG9P2eYYPFvA8=","invert bycatch",,,,,,,,,,"eE6kvSR3uoy9zdn7o7etq88/xsP7F3Qo",
"1f7062c0-2bb3-44c9-b98c-fff61c8336b7","WOOD_003.basePlot.bet","D09","WOOD","WOOD_003","E","2015-06-24","2015-07-08","2015-07-09","2015-07-14",,"WOOD_003.E.20150708","gVhx7bcr2vPfgD1jJpAncOiCRGV4eWDP73uD/t10r8I=","invert bycatch",,,,,,,,,,"eE6kvSR3uoy9zdn7o7etq88/xsP7F3Qo",
"ac9e2cb0-d53c-43eb-86e5-219be8407c2d","WOOD_023.basePlot.bet","D09","WOOD","WOOD_023","E","2015-06-24","2015-07-08","2015-07-09","2015-07-09",,"WOOD_023.E.20150708","HkhQBNKo1QDH9WfGaaJTwNoonHtu6lRUDOvrM4bf8SA=","invert bycatch",,,,,,,,,,"49AT3csB7SNH9c2JnAOTHYMNXNZpKUYr",
"b3d6a123-2a1a-4bbd-a105-1871294a461f","WOOD_004.basePlot.bet","D09","WOOD","WOOD_004","E","2015-06-24","2015-07-08","2015-07-09","2015-07-09",,"WOOD_004.E.20150708","tVkCk1nh7tHYZrRML8ZImfM8ERawk3BPLGeqeOVe8jc=","invert bycatch",,,,,,,,,,"49AT3csB7SNH9c2JnAOTHYMNXNZpKUYr",
"6480822c-20cb-4ff4-91da-3824c8572efc","WOOD_006.basePlot.bet","D09","WOOD","WOOD_006","E","2015-06-24","2015-07-08","2015-07-09","2015-07-14",,"WOOD_006.E.20150708","WY3Zl9EyMidsY05I3ZVnB8ZHbasmPz+gaDXuEXlVZE8=","invert bycatch",,,,,,,,,,"49AT3csB7SNH9c2JnAOTHYMNXNZpKUYr",
"9c0aa47a-ea88-4773-b78e-a0fca06f6874","WOOD_002.basePlot.bet","D09","WOOD","WOOD_002","E","2015-06-24","2015-07-08","2015-07-09","2015-07-14",,"WOOD_002.E.20150708","V7nyjIgYGmPsrfFWaAbdc+p2Y3lXBJcYHg2BB5iIouk=","invert bycatch",,,,,,,,,,"49AT3csB7SNH9c2JnAOTHYMNXNZpKUYr",
"fc14c6d1-aed9-4072-b991-908298b875c4","WOOD_003.basePlot.bet","D09","WOOD","WOOD_003","E","2015-06-24","2015-07-08","2015-07-09","2015-10-16","2016-01-27","WOOD_003.E.20150708","gVhx7bcr2vPfgD1jJpAncM8jTBNsHh+j34rOML3jk7A=","carabid","SYNAME","Syntomus americanus","species","cf. species","Dejean",,2,"Lindroth, C. H. 1969. The ground-beetles (Carabidae, excl. Cicindelinae) of Canada and Alaska, parts 1-6. Opuscula E. Entomoligiska Sallskapet.","4oCBvlQIQ4DhSH30J22+0bs0GAacIQwk","eE6kvSR3uoy9zdn7o7etq88/xsP7F3Qo",
"c96435ae-1c4d-4c32-91a6-d7fc120fe50c","WOOD_023.basePlot.bet","D09","WOOD","WOOD_023","E","2015-06-24","2015-07-08","2015-07-09","2015-10-19","2016-01-20","WOOD_023.E.20150708","HkhQBNKo1QDH9WfGaaJTwHNuAQszQ6YwRA8Apv0h/H4=","carabid","BRACYA2","Brachinus cyanochroaticus","species","cf. species","Erwin",,1,"Lindroth, C. H. 1969. The ground-beetles (Carabidae, excl. Cicindelinae) of Canada and Alaska, parts 1-6. Opuscula E. Entomoligiska Sallskapet.","4oCBvlQIQ4DhSH30J22+0bs0GAacIQwk","eE6kvSR3uoy9zdn7o7etq88/xsP7F3Qo",
"d8e48525-d7ad-4ee3-be3a-0790ca01db03","WOOD_023.basePlot.bet","D09","WOOD","WOOD_023","E","2015-06-24","2015-07-08","2015-07-09","2015-10-19","2016-01-13","WOOD_023.E.20150708","HkhQBNKo1QDH9WfGaaJTwBAzzYeQMfjwV/3z4xujPkg=","carabid","BEMVER1","Bembidion versicolor","species","cf. species","LeConte",,1,"Lindroth, C. H. 1969. The ground-beetles (Carabidae, excl. Cicindelinae) of Canada and Alaska, parts 1-6. Opuscula E. Entomoligiska Sallskapet.","4oCBvlQIQ4DhSH30J22+0bs0GAacIQwk","eE6kvSR3uoy9zdn7o7etq88/xsP7F3Qo",
"1e71bd95-20ea-4cc8-a3b2-bedb44cbb004","WOOD_023.basePlot.bet","D09","WOOD","WOOD_023","E","2015-06-24","2015-07-08","2015-07-09","2015-10-19","2016-01-11","WOOD_023.E.20150708","HkhQBNKo1QDH9WfGaaJTwFCCoP7cnPWGN9G+HRrpkHI=","carabid","ACUPUM","Acupalpus pumilus","species","cf. species","Lindroth",,1,"Lindroth, C. H. 1969. The ground-beetles (Carabidae, excl. Cicindelinae) of Canada and Alaska, parts 1-6. Opuscula E. Entomoligiska Sallskapet.","4oCBvlQIQ4DhSH30J22+0bs0GAacIQwk","eE6kvSR3uoy9zdn7o7etq88/xsP7F3Qo",
"9257ea8e-6b5c-4d3a-a269-40018445b969","WOOD_023.basePlot.bet","D09","WOOD","WOOD_023","E","2015-06-24","2015-07-08","2015-07-09","2015-10-19","2016-01-13","WOOD_023.E.20150708","HkhQBNKo1QDH9WfGaaJTwCerclQh+IBFzn+6ivwYfOc=","carabid","BEMPRA2","Bembidion praticola","species","cf. species","Lindroth",,1,"Lindroth, C. H. 1969. The ground-beetles (Carabidae, excl. Cicindelinae) of Canada and Alaska, parts 1-6. Opuscula E. Entomoligiska Sallskapet.","4oCBvlQIQ4DhSH30J22+0bs0GAacIQwk","eE6kvSR3uoy9zdn7o7etq88/xsP7F3Qo",
"d2e410f9-7614-4dec-be5d-335f89395ac4","WOOD_006.basePlot.bet","D09","WOOD","WOOD_006","E","2015-06-24","2015-07-08","2015-07-09","2015-10-16","2016-01-25","WOOD_006.E.20150708","WY3Zl9EyMidsY05I3ZVnByv+KNYvEtKrcElxSXD7YCI=","carabid","PTEMEL","Pterostichus melanarius melanarius","subspecies",,"Illiger",,2,"Lindroth, C. H. 1969. The ground-beetles (Carabidae, excl. Cicindelinae) of Canada and Alaska, parts 1-6. Opuscula E. Entomoligiska Sallskapet.","4oCBvlQIQ4DhSH30J22+0bs0GAacIQwk","eE6kvSR3uoy9zdn7o7etq88/xsP7F3Qo",
"09ec70a6-41a1-4099-9ae6-c1868bcd285e","WOOD_021.basePlot.bet","D09","WOOD","WOOD_021","E","2015-06-24","2015-07-08","2015-07-09","2015-10-16","2016-01-21","WOOD_021.E.20150708","WrmnCoit366aYWK9g06YaYChUJq9kIrEWLkTMTnU52U=","carabid","BEMQUA4","Bembidion quadrimaculatum oppositum","subspecies",,"Say",,1,"Lindroth, C. H. 1969. The ground-beetles (Carabidae, excl. Cicindelinae) of Canada and Alaska, parts 1-6. Opuscula E. Entomoligiska Sallskapet.","4oCBvlQIQ4DhSH30J22+0bs0GAacIQwk","eE6kvSR3uoy9zdn7o7etq88/xsP7F3Qo",
"aba84ed2-98ae-45ea-adf9-9a8fb33e1f84","WOOD_021.basePlot.bet","D09","WOOD","WOOD_021","E","2015-06-24","2015-07-08","2015-07-09","2015-10-16","2016-01-27","WOOD_021.E.20150708","WrmnCoit366aYWK9g06YaT2WuCmGMs6OiJ9iC1klyXQ=","carabid","SYNAME","Syntomus americanus","species","cf. species","Dejean",,1,"Lindroth, C. H. 1969. The ground-beetles (Carabidae, excl. Cicindelinae) of Canada and Alaska, parts 1-6. Opuscula E. Entomoligiska Sallskapet.","4oCBvlQIQ4DhSH30J22+0bs0GAacIQwk","eE6kvSR3uoy9zdn7o7etq88/xsP7F3Qo","Apex of elytra sinuate| elytral striae not well defined| Could be Apristus sp. but pubescence starts on 4th antennal segment and some seem less than 3 mm.| difficult to see if mentum tooth is bifid"
"0f30927b-84df-428b-beac-ab53603f7ca4","WOOD_002.basePlot.bet","D09","WOOD","WOOD_002","E","2015-06-24","2015-07-08","2015-07-09","2015-10-16","2016-01-25","WOOD_002.E.20150708","V7nyjIgYGmPsrfFWaAbdc2YNu20hKFGQ0dBKCyCFN58=","carabid","PTEMEL","Pterostichus melanarius melanarius","subspecies",,"Illiger",,2,"Lindroth, C. H. 1969. The ground-beetles (Carabidae, excl. Cicindelinae) of Canada and Alaska, parts 1-6. Opuscula E. Entomoligiska Sallskapet.","4oCBvlQIQ4DhSH30J22+0bs0GAacIQwk","eE6kvSR3uoy9zdn7o7etq88/xsP7F3Qo",
"6b8f26c3-7981-48f1-9a08-f60a7dbb8f7f","WOOD_002.basePlot.bet","D09","WOOD","WOOD_002","E","2015-06-24","2015-07-08","2015-07-09","2015-10-16","2016-01-14","WOOD_002.E.20150708","V7nyjIgYGmPsrfFWaAbdc5EEVlYhYRHJwtwJxVDCAgs=","carabid","AMACOE","Amara coelebs","species","cf. species","Hayward",,1,"Lindroth, C. H. 1969. The ground-beetles (Carabidae, excl. Cicindelinae) of Canada and Alaska, parts 1-6. Opuscula E. Entomoligiska Sallskapet.","4oCBvlQIQ4DhSH30J22+0bs0GAacIQwk","eE6kvSR3uoy9zdn7o7etq88/xsP7F3Qo",
"4a9007e8-581b-4271-bbfc-98b15a1e3239","WOOD_007.basePlot.bet","D09","WOOD","WOOD_007","E","2015-06-24","2015-07-08","2015-07-09","2015-10-16","2016-01-15","WOOD_007.E.20150708","5mkFtj0S+ghVPgPw3BKW9fRi9MCRufqRrXjOqYADMro=","carabid","CYMNEG","Cymindis neglecta","species",,"Haldeman",,1,"Lindroth, C. H. 1969. The ground-beetles (Carabidae, excl. Cicindelinae) of Canada and Alaska, parts 1-6. Opuscula E. Entomoligiska Sallskapet.","4oCBvlQIQ4DhSH30J22+0bs0GAacIQwk","eE6kvSR3uoy9zdn7o7etq88/xsP7F3Qo",
"31910e48-5ce6-46fd-a02f-0029b02b6d51","WOOD_006.basePlot.bet","D09","WOOD","WOOD_006","N","2015-06-24","2015-07-08","2015-07-09","2015-07-14",,"WOOD_006.N.20150708","WY3Zl9EyMicPkFOmFhW1QvpEV2vm9skjKYqkboKbwTk=","invert bycatch",,,,,,,,,,"49AT3csB7SNH9c2JnAOTHYMNXNZpKUYr",
"24f433f6-0bc3-4ecc-a8f3-012a6c59716a","WOOD_004.basePlot.bet","D09","WOOD","WOOD_004","N","2015-06-24","2015-07-08","2015-07-09","2015-07-09",,"WOOD_004.N.20150708","tVkCk1nh7tHzM8+WdK+C/iP6tSy9JXjaqUGZAOCzsH4=","invert bycatch",,,,,,,,,,"49AT3csB7SNH9c2JnAOTHYMNXNZpKUYr",
"fa61d7db-888d-448f-8dc5-76620f17dea3","WOOD_003.basePlot.bet","D09","WOOD","WOOD_003","N","2015-06-24","2015-07-08","2015-07-09","2015-07-14",,"WOOD_003.N.20150708","gVhx7bcr2vMPQlmoe6P0Oyr3JQS/zSW3Rmlv8/6S+fA=","other carabid","CARSP14","Carabidae sp.","family",,"Latreille",,3,"Other",,"eE6kvSR3uoy9zdn7o7etq88/xsP7F3Qo","individualCount estimated based on number of pinning records|"
"ebef92f4-6fdb-4a5c-84c3-cd6308351975","WOOD_003.basePlot.bet","D09","WOOD","WOOD_003","N","2015-06-24","2015-07-08","2015-07-09","2015-07-14",,"WOOD_003.N.20150708","gVhx7bcr2vMPQlmoe6P0Ozjqp/RAsgA69J/dT9LaM1s=","invert bycatch",,,,,,,,,,"eE6kvSR3uoy9zdn7o7etq88/xsP7F3Qo",
"d3b90f0e-64e7-43a9-af02-c0eb330f3b9e","WOOD_005.basePlot.bet","D09","WOOD","WOOD_005","N","2015-06-24","2015-07-08","2015-07-09","2015-07-13",,"WOOD_005.N.20150708","Q/pjwyhQ09ycrZ7nsLw/Q1AmaHDv+qrQ7P0BazGmXvI=","invert bycatch",,,,,,,,,,"eE6kvSR3uoy9zdn7o7etq88/xsP7F3Qo",
"5ed9f22f-0006-4fbf-af9f-f6033d020a07","WOOD_002.basePlot.bet","D09","WOOD","WOOD_002","N","2015-06-24","2015-07-08","2015-07-09","2015-07-14",,"WOOD_002.N.20150708","V7nyjIgYGmOq7etLsw3mo2eLxG3CvlagH1g25LzbYIE=","invert bycatch",,,,,,,,,,"49AT3csB7SNH9c2JnAOTHYMNXNZpKUYr",
"a6dff71a-e236-47e1-a091-69d6932005de","WOOD_007.basePlot.bet","D09","WOOD","WOOD_007","N","2015-06-24","2015-07-08","2015-07-09","2015-07-09",,"WOOD_007.N.20150708","5mkFtj0S+gg8JsQ8+kY2DWWKsT6uOXkiL8fIRXLP6UA=","invert bycatch",,,,,,,,,,"eE6kvSR3uoy9zdn7o7etq88/xsP7F3Qo",
"ad5d82bf-e904-4a65-b3d3-2dcd57768d04","WOOD_024.basePlot.bet","D09","WOOD","WOOD_024","N","2015-06-24","2015-07-08","2015-07-09","2015-07-14",,"WOOD_024.N.20150708","rKE54NR9lxREHzj3B6VcLfoMdQZ/XaL9s5SR8SvLHpM=","invert bycatch",,,,,,,,,,"eE6kvSR3uoy9zdn7o7etq88/xsP7F3Qo",
"757f8b4f-9d5a-4bb4-ab14-d1e40edbd8af","WOOD_001.basePlot.bet","D09","WOOD","WOOD_001","N","2015-06-24","2015-07-08","2015-07-09","2015-07-13",,"WOOD_001.N.20150708","vZVALStcGzemkswto4CoLSFs1cDDK1h0QuzmVu53rnc=","invert bycatch",,,,,,,,,,"eE6kvSR3uoy9zdn7o7etq88/xsP7F3Qo",
"02332c6c-d47f-408f-9f0b-7333e1865210","WOOD_003.basePlot.bet","D09","WOOD","WOOD_003","N","2015-06-24","2015-07-08","2015-07-09","2015-10-16","2016-01-16","WOOD_003.N.20150708","gVhx7bcr2vMPQlmoe6P0O/cgbnFLub9+V6sGAvGeIUo=","carabid","CYMNEG","Cymindis neglecta","species",,"Haldeman",,1,"Lindroth, C. H. 1969. The ground-beetles (Carabidae, excl. Cicindelinae) of Canada and Alaska, parts 1-6. Opuscula E. Entomoligiska Sallskapet.","4oCBvlQIQ4DhSH30J22+0bs0GAacIQwk","eE6kvSR3uoy9zdn7o7etq88/xsP7F3Qo",
"0d0b2fd3-c8fd-4df5-b9e4-78e3a32938b1","WOOD_005.basePlot.bet","D09","WOOD","WOOD_005","N","2015-06-24","2015-07-08","2015-07-09","2015-10-14","2016-01-20","WOOD_005.N.20150708","Q/pjwyhQ09ycrZ7nsLw/Q+GIlFRuZs18myAyupzfYiA=","carabid","BRACYA2","Brachinus cyanochroaticus","species","cf. species","Erwin",,1,"Lindroth, C. H. 1969. The ground-beetles (Carabidae, excl. Cicindelinae) of Canada and Alaska, parts 1-6. Opuscula E. Entomoligiska Sallskapet.","4oCBvlQIQ4DhSH30J22+0bs0GAacIQwk","eE6kvSR3uoy9zdn7o7etq88/xsP7F3Qo","less hair on elytra than usual"
"db269532-eb8f-4344-b9a8-2558df0c5ed0","WOOD_002.basePlot.bet","D09","WOOD","WOOD_002","N","2015-06-24","2015-07-08","2015-07-09","2015-10-16","2016-01-21","WOOD_002.N.20150708","V7nyjIgYGmOq7etLsw3mo+msSPSJ4yAwgxT4FB8rWbk=","carabid","CYMNEG","Cymindis neglecta","species",,"Haldeman",,1,"Lindroth, C. H. 1969. The ground-beetles (Carabidae, excl. Cicindelinae) of Canada and Alaska, parts 1-6. Opuscula E. Entomoligiska Sallskapet.","4oCBvlQIQ4DhSH30J22+0bs0GAacIQwk","eE6kvSR3uoy9zdn7o7etq88/xsP7F3Qo",
"53e82aa9-1604-477e-9972-8670c133f1ec","WOOD_001.basePlot.bet","D09","WOOD","WOOD_001","N","2015-06-24","2015-07-08","2015-07-09","2015-10-16","2016-01-11","WOOD_001.N.20150708","vZVALStcGzemkswto4CoLXyF3Y1OYSJf4dlhCV88g9I=","carabid","CARSP14","Carabidae sp.","family",,"Latreille","D09.2015.MorphB",1,"Lindroth, C. H. 1969. The ground-beetles (Carabidae, excl. Cicindelinae) of Canada and Alaska, parts 1-6. Opuscula E. Entomoligiska Sallskapet.","4oCBvlQIQ4DhSH30J22+0bs0GAacIQwk","eE6kvSR3uoy9zdn7o7etq88/xsP7F3Qo","Agonoleptus sp. or Stenolophus sp. or Acupalpus sp.| keyed to S. conjunctus in Lindroth 1969 which is now Agonoleptus conjunctus| size about 3 mm| darker central cloud on pronotum| slightly paler shoulder| legs pale yellow"
"b7c9801c-8ade-4231-8789-07a9740d90d7","WOOD_003.basePlot.bet","D09","WOOD","WOOD_003","N","2015-06-24","2015-07-08","2015-07-09","2015-10-16","2016-01-14","WOOD_003.N.20150708","gVhx7bcr2vMPQlmoe6P0O1XMRM80+9gVzVNPkg+WbdY=","carabid","AMACUP","Amara cupreolata","species","cf. species","Putzeys",,3,"Lindroth, C. H. 1969. The ground-beetles (Carabidae, excl. Cicindelinae) of Canada and Alaska, parts 1-6. Opuscula E. Entomoligiska Sallskapet.","4oCBvlQIQ4DhSH30J22+0bs0GAacIQwk","eE6kvSR3uoy9zdn7o7etq88/xsP7F3Qo",
"c5f25937-a71e-4c1b-9c6a-8d7823d76c19","WOOD_003.basePlot.bet","D09","WOOD","WOOD_003","S","2015-06-24","2015-07-08","2015-07-09","2015-07-14",,"WOOD_003.S.20150708","gVhx7bcr2vPVxuC4MX3D7dUwPmzLrLspVJC6MO7FVeo=","invert bycatch",,,,,,,,,,"eE6kvSR3uoy9zdn7o7etq88/xsP7F3Qo",
"ad1fdd5e-47bc-4bc5-bece-2ecb2138c5d3","WOOD_005.basePlot.bet","D09","WOOD","WOOD_005","S","2015-06-24","2015-07-08","2015-07-09","2015-07-13",,"WOOD_005.S.20150708","Q/pjwyhQ09z2D0gRdKAm0uD/I83cXU3wThlTQ7Z7bnI=","invert bycatch",,,,,,,,,,"eE6kvSR3uoy9zdn7o7etq88/xsP7F3Qo",
"5ba2c1fd-1ad6-4588-bca8-077b72a7343b","WOOD_007.basePlot.bet","D09","WOOD","WOOD_007","S","2015-06-24","2015-07-08","2015-07-09","2015-07-09",,"WOOD_007.S.20150708","5mkFtj0S+ggRycJyJqYyrbolUqQePoqA1FYW0R1SmVg=","invert bycatch",,,,,,,,,,"eE6kvSR3uoy9zdn7o7etq88/xsP7F3Qo",
"61905cde-b61c-41ae-af76-3f1c2160b7d2","WOOD_002.basePlot.bet","D09","WOOD","WOOD_002","S","2015-06-24","2015-07-08","2015-07-09","2015-07-14",,"WOOD_002.S.20150708","V7nyjIgYGmPGW5RkcOYDILkV8eYx3GZKuDyGyT6Hymk=","invert bycatch",,,,,,,,,,"49AT3csB7SNH9c2JnAOTHYMNXNZpKUYr",
"bd963525-c4ee-4d13-9778-0608c4404b04","WOOD_006.basePlot.bet","D09","WOOD","WOOD_006","S","2015-06-24","2015-07-08","2015-07-09","2015-07-14",,"WOOD_006.S.20150708","WY3Zl9EyMieUvlDPxyB+0wKOrjB1tEwX4Hr0bZqXCfk=","invert bycatch",,,,,,,,,,"49AT3csB7SNH9c2JnAOTHYMNXNZpKUYr",
"e5910a2d-8a56-4def-b490-c2a24ae13d1a","WOOD_004.basePlot.bet","D09","WOOD","WOOD_004","S","2015-06-24","2015-07-08","2015-07-09","2015-07-09",,"WOOD_004.S.20150708","tVkCk1nh7tEzQiI23vMWyfh/tlR/KJ6zkPa7FG46ERk=","invert bycatch",,,,,,,,,,"49AT3csB7SNH9c2JnAOTHYMNXNZpKUYr",
"6af0c476-eb70-4f9b-a92c-912e6bf305d2","WOOD_001.basePlot.bet","D09","WOOD","WOOD_001","S","2015-06-24","2015-07-08","2015-07-09","2015-07-13",,"WOOD_001.S.20150708","vZVALStcGzechsnwcGltVnm63iIi0gc3JCuKlQ+K6Qo=","invert bycatch",,,,,,,,,,"eE6kvSR3uoy9zdn7o7etq88/xsP7F3Qo",
"c0ea39e8-6e7f-4615-a735-0063d7891fed","WOOD_002.basePlot.bet","D09","WOOD","WOOD_002","S","2015-06-24","2015-07-08","2015-07-09","2015-10-16","2016-01-13","WOOD_002.S.20150708","V7nyjIgYGmPGW5RkcOYDIIcxrF0MhA4LBdukjC/VlN4=","carabid","BEMPRA2","Bembidion praticola","species","cf. species","Lindroth",,1,"Lindroth, C. H. 1969. The ground-beetles (Carabidae, excl. Cicindelinae) of Canada and Alaska, parts 1-6. Opuscula E. Entomoligiska Sallskapet.","4oCBvlQIQ4DhSH30J22+0bs0GAacIQwk","eE6kvSR3uoy9zdn7o7etq88/xsP7F3Qo","elytra dark reddish| pale legs| frontal furrows nearly parallel| first 3 segments of antennae pale| little microsculpture evident on prothorax but strong on elytra| 1 interval hardly paler| prothorax hind angles nearly right| size 2.8 to 3.5 mm."
"027442e5-4211-4261-b556-21f5df8e4c43","WOOD_004.basePlot.bet","D09","WOOD","WOOD_004","S","2015-06-24","2015-07-08","2015-07-09","2015-10-16","2016-01-27","WOOD_004.S.20150708","tVkCk1nh7tEzQiI23vMWyfg3JYyMQtd7k+zBm3IVEUg=","carabid","SYNAME","Syntomus americanus","species","cf. species","Dejean",,1,"Lindroth, C. H. 1969. The ground-beetles (Carabidae, excl. Cicindelinae) of Canada and Alaska, parts 1-6. Opuscula E. Entomoligiska Sallskapet.","4oCBvlQIQ4DhSH30J22+0bs0GAacIQwk","eE6kvSR3uoy9zdn7o7etq88/xsP7F3Qo","Apex of elytra sinuate| elytral striae not well defined| Could be Apristus sp. but pubescence starts on 4th antennal segment and some seem less than 3 mm.| difficult to see if mentum tooth is bifid"
"e44a8ebe-7703-4d85-b322-ace3afa1d128","WOOD_007.basePlot.bet","D09","WOOD","WOOD_007","S","2015-06-24","2015-07-08","2015-07-09","2015-10-16","2016-01-14","WOOD_007.S.20150708","5mkFtj0S+ggRycJyJqYyrQR3BQ6ATKx97D2Qe9j6o2I=","carabid","AMAANG1","Amara angustata","species",,"Say",,1,"Lindroth, C. H. 1969. The ground-beetles (Carabidae, excl. Cicindelinae) of Canada and Alaska, parts 1-6. Opuscula E. Entomoligiska Sallskapet.","4oCBvlQIQ4DhSH30J22+0bs0GAacIQwk","eE6kvSR3uoy9zdn7o7etq88/xsP7F3Qo",
"fee9e518-4c5e-4224-9141-c705f3295d97","WOOD_002.basePlot.bet","D09","WOOD","WOOD_002","S","2015-06-24","2015-07-08","2015-07-09","2015-10-16","2016-01-06","WOOD_002.S.20150708","V7nyjIgYGmPGW5RkcOYDIEPRbLFt7MwEnk+j8ghpqkc=","carabid","AMAANG1","Amara angustata","species",,"Say",,1,"Lindroth, C. H. 1969. The ground-beetles (Carabidae, excl. Cicindelinae) of Canada and Alaska, parts 1-6. Opuscula E. Entomoligiska Sallskapet.","4oCBvlQIQ4DhSH30J22+0bs0GAacIQwk","eE6kvSR3uoy9zdn7o7etq88/xsP7F3Qo",
"ef52799a-c791-435a-b7e8-3b95fbf0a660","WOOD_006.basePlot.bet","D09","WOOD","WOOD_006","W","2015-06-24","2015-07-08","2015-07-09","2015-07-14",,"WOOD_006.W.20150708","WY3Zl9EyMieRLqe2GmMq7WnN78ITK9EKAjPwuHG+vS8=","invert bycatch",,,,,,,,,,"49AT3csB7SNH9c2JnAOTHYMNXNZpKUYr",
"80e46042-9545-407a-927a-10c4f67204cc","WOOD_003.basePlot.bet","D09","WOOD","WOOD_003","W","2015-06-24","2015-07-08","2015-07-09","2015-07-14",,"WOOD_003.W.20150708","gVhx7bcr2vPNu942vL6aoZj6m+waFpATdosZICGyOAU=","invert bycatch",,,,,,,,,,"eE6kvSR3uoy9zdn7o7etq88/xsP7F3Qo",
"4b8800a3-85aa-4b2f-a4f5-120bac163fab","WOOD_004.basePlot.bet","D09","WOOD","WOOD_004","W","2015-06-24","2015-07-08","2015-07-09","2015-07-09",,"WOOD_004.W.20150708","tVkCk1nh7tHmUpCuPlsZH4KnL8LAh9cNEDrdBwMDhK0=","invert bycatch",,,,,,,,,,"49AT3csB7SNH9c2JnAOTHYMNXNZpKUYr",
"e927ef60-fbc9-46d5-a248-43b0fe277d52","WOOD_007.basePlot.bet","D09","WOOD","WOOD_007","W","2015-06-24","2015-07-08","2015-07-09","2015-07-09",,"WOOD_007.W.20150708","5mkFtj0S+gjhtj3JnHzUKgqE1yAZpFqA15BmgQD0Tbc=","invert bycatch",,,,,,,,,,"eE6kvSR3uoy9zdn7o7etq88/xsP7F3Qo",
"698d216f-25b9-441b-aea1-a9483df52ee1","WOOD_023.basePlot.bet","D09","WOOD","WOOD_023","S","2015-06-24","2015-07-23","2015-07-23","2015-07-27",,"WOOD_023.S.20150723","HkhQBNKo1QB/33EtIZadeReW2b86Scbx0mnXNDyryBQ=","invert bycatch",,,,,,,,,,"49AT3csB7SNH9c2JnAOTHYMNXNZpKUYr",
"5c30e1d7-d34a-4b2e-b9ec-2c74ac92574c","WOOD_023.basePlot.bet","D09","WOOD","WOOD_023","S","2015-06-24","2015-07-23","2015-07-24","2015-10-20","2016-01-25","WOOD_023.S.20150723","HkhQBNKo1QB/33EtIZadecs47r2xF37ggaFSzj/CD8w=","carabid","PTEMEL","Pterostichus melanarius melanarius","subspecies",,"Illiger",,1,"Lindroth, C. H. 1969. The ground-beetles (Carabidae, excl. Cicindelinae) of Canada and Alaska, parts 1-6. Opuscula E. Entomoligiska Sallskapet.","4oCBvlQIQ4DhSH30J22+0bs0GAacIQwk","49AT3csB7SNH9c2JnAOTHYMNXNZpKUYr","29+ Day Bout"
"71db623b-91ea-49c9-ab7b-1dd52120f017","WOOD_023.basePlot.bet","D09","WOOD","WOOD_023","S","2015-06-24","2015-07-23","2015-07-24","2015-10-20","2016-01-11","WOOD_023.S.20150723","HkhQBNKo1QB/33EtIZadeW9D3t87fZl9FmYmt4xkxj0=","carabid","ACUNAN","Acupalpus nanellus","species","cf. species","Casey",,1,"Lindroth, C. H. 1969. The ground-beetles (Carabidae, excl. Cicindelinae) of Canada and Alaska, parts 1-6. Opuscula E. Entomoligiska Sallskapet.","4oCBvlQIQ4DhSH30J22+0bs0GAacIQwk","49AT3csB7SNH9c2JnAOTHYMNXNZpKUYr","29+ Day Bout"
"4784a7f9-0a6c-436e-9370-1c1891fb1c8a","WOOD_023.basePlot.bet","D09","WOOD","WOOD_023","S","2015-06-24","2015-07-23","2015-07-24","2015-10-20","2016-01-20","WOOD_023.S.20150723","HkhQBNKo1QB/33EtIZadeZ8f727yjG9XCv9dKWL67rM=","carabid","BRACYA2","Brachinus cyanochroaticus","species",,"Erwin",,1,"Lindroth, C. H. 1969. The ground-beetles (Carabidae, excl. Cicindelinae) of Canada and Alaska, parts 1-6. Opuscula E. Entomoligiska Sallskapet.","4oCBvlQIQ4DhSH30J22+0bs0GAacIQwk","49AT3csB7SNH9c2JnAOTHYMNXNZpKUYr","29+ Day Bout"
"5b9cdf87-d65c-4a3f-bc44-f40eb907fd64","WOOD_002.basePlot.bet","D09","WOOD","WOOD_002","S","2015-07-08","2015-07-22","2015-07-23","2015-07-24",,"WOOD_002.S.20150722","V7nyjIgYGmPGW5RkcOYDICEaiE6afQA3q5LGNRQ1kv8=","invert bycatch",,,,,,,,,,"eE6kvSR3uoy9zdn7o7etq88/xsP7F3Qo",
"5648bb3b-6efd-43d4-a872-2bea175c791c","WOOD_004.basePlot.bet","D09","WOOD","WOOD_004","S","2015-07-08","2015-07-22","2015-07-23","2015-07-27",,"WOOD_004.S.20150722","tVkCk1nh7tEzQiI23vMWyQml1NGu3KY/Kh6VKqmtWcE=","invert bycatch",,,,,,,,,,"49AT3csB7SNH9c2JnAOTHYMNXNZpKUYr",
"8428a1d6-6bd1-41a4-8a40-3c93c1c4e745","WOOD_005.basePlot.bet","D09","WOOD","WOOD_005","S","2015-07-08","2015-07-22","2015-07-23","2015-07-27",,"WOOD_005.S.20150722","Q/pjwyhQ09z2D0gRdKAm0lfzS74GAESdfHTGdkHKpfM=","invert bycatch",,,,,,,,,,"eE6kvSR3uoy9zdn7o7etq88/xsP7F3Qo",
"470e47fe-c51c-42c9-aa70-17d05f7aedd7","WOOD_007.basePlot.bet","D09","WOOD","WOOD_007","S","2015-07-08","2015-07-22","2015-07-23","2015-07-27",,"WOOD_007.S.20150722","5mkFtj0S+ggRycJyJqYyrRY3mtTIDrnrRNPWHAdJ5Ss=","invert bycatch",,,,,,,,,,"eE6kvSR3uoy9zdn7o7etq88/xsP7F3Qo",
"640d38a3-7510-4a99-8c55-ae2daff4b99a","WOOD_007.basePlot.bet","D09","WOOD","WOOD_007","S","2015-07-08","2015-07-22","2015-07-23","2015-10-19","2016-01-11","WOOD_007.S.20150722","5mkFtj0S+ggRycJyJqYyrSmh/h4mg8XGAb0SpdsS9bk=","carabid","CARSP14","Carabidae sp.","family",,"Latreille","D09.2015.MorphB",1,"Lindroth, C. H. 1969. The ground-beetles (Carabidae, excl. Cicindelinae) of Canada and Alaska, parts 1-6. Opuscula E. Entomoligiska Sallskapet.","4oCBvlQIQ4DhSH30J22+0bs0GAacIQwk","eE6kvSR3uoy9zdn7o7etq88/xsP7F3Qo","Agonoleptus sp. or Stenolophus sp. or Acupalpus sp.| keyed to S. conjunctus in Lindroth 1969 which is now Agonoleptus conjunctus| size about 3 mm| darker central cloud on pronotum| slightly paler shoulder| legs pale yellow"
"04190273-3fcb-49ba-a066-de282573f6f9","WOOD_007.basePlot.bet","D09","WOOD","WOOD_007","S","2015-07-08","2015-07-22","2015-07-23","2015-10-19","2016-01-21","WOOD_007.S.20150722","5mkFtj0S+ggRycJyJqYyrZA1ODcrKfk8EuDtF0nkyCc=","carabid","CYMNEG","Cymindis neglecta","species",,"Haldeman",,4,"Lindroth, C. H. 1969. The ground-beetles (Carabidae, excl. Cicindelinae) of Canada and Alaska, parts 1-6. Opuscula E. Entomoligiska Sallskapet.","4oCBvlQIQ4DhSH30J22+0bs0GAacIQwk","eE6kvSR3uoy9zdn7o7etq88/xsP7F3Qo",
"20de83ce-948d-49fe-a05a-818d431e6354","WOOD_001.basePlot.bet","D09","WOOD","WOOD_001","S","2015-07-08","2015-07-22","2015-07-23","2015-07-27",,"WOOD_001.S.20150722","vZVALStcGzechsnwcGltVpLUIftVd8lKW3SM6GHGXks=","invert bycatch",,,,,,,,,,"9hOSS3gpVvHUvdbHcI4XlVp94UoAF+Qh",
"e65a4c87-3bf2-497d-9204-251ca63a7c25","WOOD_006.basePlot.bet","D09","WOOD","WOOD_006","S","2015-07-08","2015-07-22","2015-07-23","2015-07-27",,"WOOD_006.S.20150722","WY3Zl9EyMieUvlDPxyB+0xS/KkpNY8/zcH48Gw+ZCr8=","invert bycatch",,,,,,,,,,"49AT3csB7SNH9c2JnAOTHYMNXNZpKUYr",
"97061349-0242-4dd5-8c75-6e59055d9044","WOOD_003.basePlot.bet","D09","WOOD","WOOD_003","S","2015-07-08","2015-07-22","2015-07-23","2015-10-09","2016-01-20","WOOD_003.S.20150722","gVhx7bcr2vPVxuC4MX3D7fUBcWvDNvkpOk01BL+bWps=","carabid","AMAANG1","Amara angustata","species",,"Say",,1,"Lindroth, C. H. 1969. The ground-beetles (Carabidae, excl. Cicindelinae) of Canada and Alaska, parts 1-6. Opuscula E. Entomoligiska Sallskapet.","4oCBvlQIQ4DhSH30J22+0bs0GAacIQwk","eE6kvSR3uoy9zdn7o7etq88/xsP7F3Qo",
"cb1ada8b-3301-47f1-b4c2-46c142467112","WOOD_003.basePlot.bet","D09","WOOD","WOOD_003","S","2015-07-08","2015-07-22","2015-07-23","2015-10-09","2016-01-14","WOOD_003.S.20150722","gVhx7bcr2vPVxuC4MX3D7Rt5mw34Zzy0XnSTtGOSNgg=","carabid","HAROPA","Harpalus opacipennis","species","cf. species","Haldeman",,3,"Lindroth, C. H. 1969. The ground-beetles (Carabidae, excl. Cicindelinae) of Canada and Alaska, parts 1-6. Opuscula E. Entomoligiska Sallskapet.","4oCBvlQIQ4DhSH30J22+0bs0GAacIQwk","eE6kvSR3uoy9zdn7o7etq88/xsP7F3Qo",
"7f8f10e0-500c-4cf5-89ee-3c9c532b79a7","WOOD_003.basePlot.bet","D09","WOOD","WOOD_003","S","2015-07-08","2015-07-22","2015-07-23","2015-10-09","2016-01-27","WOOD_003.S.20150722","gVhx7bcr2vPVxuC4MX3D7fWHFiJJyumUReNHu7w5QQA=","carabid","SYNAME","Syntomus americanus","species","cf. species","Dejean",,1,"Lindroth, C. H. 1969. The ground-beetles (Carabidae, excl. Cicindelinae) of Canada and Alaska, parts 1-6. Opuscula E. Entomoligiska Sallskapet.","4oCBvlQIQ4DhSH30J22+0bs0GAacIQwk","eE6kvSR3uoy9zdn7o7etq88/xsP7F3Qo",
"4299cb44-d0e0-4aef-867b-2553c82fd093","WOOD_002.basePlot.bet","D09","WOOD","WOOD_002","S","2015-07-08","2015-07-22","2015-07-23","2015-10-20","2016-01-25","WOOD_002.S.20150722","V7nyjIgYGmPGW5RkcOYDIIDWlNP2Xkb7RIUTauAAf7w=","carabid","PTEMEL","Pterostichus melanarius melanarius","subspecies",,"Illiger",,6,"Lindroth, C. H. 1969. The ground-beetles (Carabidae, excl. Cicindelinae) of Canada and Alaska, parts 1-6. Opuscula E. Entomoligiska Sallskapet.","4oCBvlQIQ4DhSH30J22+0bs0GAacIQwk","a/0SlN26fEtmJ3LLysIxkaRUfZvckIBE",
"787e75a2-d73b-47ef-9a90-73d1b819db1e","WOOD_003.basePlot.bet","D09","WOOD","WOOD_003","S","2015-07-08","2015-07-22","2015-07-23","2015-10-09","2016-01-20","WOOD_003.S.20150722","gVhx7bcr2vPVxuC4MX3D7Rbe/udVA85KirYmoorZV/k=","carabid","AGOCUP1","Agonum cupreum","species",,"Dejean",,1,"Lindroth, C. H. 1969. The ground-beetles (Carabidae, excl. Cicindelinae) of Canada and Alaska, parts 1-6. Opuscula E. Entomoligiska Sallskapet.","4oCBvlQIQ4DhSH30J22+0bs0GAacIQwk","eE6kvSR3uoy9zdn7o7etq88/xsP7F3Qo",
"3bdd0dc8-8879-4333-b597-c3977d6bf9c5","WOOD_001.basePlot.bet","D09","WOOD","WOOD_001","W","2015-07-08","2015-07-22","2015-07-23","2015-07-27",,"WOOD_001.W.20150722","vZVALStcGze4oqiSg8fWarQCPhyHN/c+FDq0f3yaB3Y=","invert bycatch",,,,,,,,,,"9hOSS3gpVvHUvdbHcI4XlVp94UoAF+Qh",
"0a187174-c13f-4f03-b385-13578a00d6a4","WOOD_004.basePlot.bet","D09","WOOD","WOOD_004","W","2015-07-08","2015-07-22","2015-07-23","2015-07-27",,"WOOD_004.W.20150722","tVkCk1nh7tHmUpCuPlsZH74GrKfIhh1jGq5roARTOXo=","invert bycatch",,,,,,,,,,"49AT3csB7SNH9c2JnAOTHYMNXNZpKUYr",
"fcb26215-45a5-4648-a8d6-f95e21ddc9f9","WOOD_005.basePlot.bet","D09","WOOD","WOOD_005","W","2015-07-08","2015-07-22","2015-07-23","2015-07-24",,"WOOD_005.W.20150722","Q/pjwyhQ09wS8nTqfpfAX2KtEWAX5CptRxZ3zCON0V4=","invert bycatch",,,,,,,,,,"eE6kvSR3uoy9zdn7o7etq88/xsP7F3Qo",
"da858215-2ec4-493d-b4af-f424aa630df8","WOOD_002.basePlot.bet","D09","WOOD","WOOD_002","W","2015-07-08","2015-07-22","2015-07-23","2015-07-24",,"WOOD_002.W.20150722","V7nyjIgYGmM6sIIp+cKQBEOb+CrCr1uIzuaOlLU8mr8=","invert bycatch",,,,,,,,,,"eE6kvSR3uoy9zdn7o7etq88/xsP7F3Qo",
"fba97428-92c6-434c-84b1-cffe7fb99c7c","WOOD_007.basePlot.bet","D09","WOOD","WOOD_007","W","2015-07-08","2015-07-22","2015-07-23","2015-07-27",,"WOOD_007.W.20150722","5mkFtj0S+gjhtj3JnHzUKn7j/5/zZvOg/58BfUruYSE=","invert bycatch",,,,,,,,,,"eE6kvSR3uoy9zdn7o7etq88/xsP7F3Qo",
"61955faf-a4b6-4c5c-ae35-67e2c5bec720","WOOD_003.basePlot.bet","D09","WOOD","WOOD_003","W","2015-07-08","2015-07-22","2015-07-23","2015-07-27",,"WOOD_003.W.20150722","gVhx7bcr2vPNu942vL6aoVeDeKPgvUCj1ctlbG8HSUM=","invert bycatch",,,,,,,,,,"49AT3csB7SNH9c2JnAOTHYMNXNZpKUYr",
"7001615e-e6a7-4d1c-a9d8-95fb2586fd72","WOOD_006.basePlot.bet","D09","WOOD","WOOD_006","W","2015-07-08","2015-07-22","2015-07-23","2015-07-27",,"WOOD_006.W.20150722","WY3Zl9EyMieRLqe2GmMq7TmL6gSFmDST0+CywbMAVL4=","invert bycatch",,,,,,,,,,"49AT3csB7SNH9c2JnAOTHYMNXNZpKUYr",
"9209dcb2-428a-4308-8cda-617ec5a18a94","WOOD_001.basePlot.bet","D09","WOOD","WOOD_001","W","2015-07-08","2015-07-22","2015-07-23","2015-10-20","2016-01-25","WOOD_001.W.20150722","vZVALStcGze4oqiSg8fWahDw008eubQd8o8KefohiCQ=","carabid","PTEMEL","Pterostichus melanarius melanarius","subspecies",,"Illiger",,1,"Lindroth, C. H. 1969. The ground-beetles (Carabidae, excl. Cicindelinae) of Canada and Alaska, parts 1-6. Opuscula E. Entomoligiska Sallskapet.","4oCBvlQIQ4DhSH30J22+0bs0GAacIQwk","a/0SlN26fEtmJ3LLysIxkaRUfZvckIBE",
"c63f546e-71fc-48b6-9bad-803dfd74903b","WOOD_001.basePlot.bet","D09","WOOD","WOOD_001","W","2015-07-08","2015-07-22","2015-07-23","2015-10-20","2016-01-27","WOOD_001.W.20150722","vZVALStcGze4oqiSg8fWagXiyarzG7uyTmo0HEn+O70=","carabid","SYNAME","Syntomus americanus","species","cf. species","Dejean",,1,"Lindroth, C. H. 1969. The ground-beetles (Carabidae, excl. Cicindelinae) of Canada and Alaska, parts 1-6. Opuscula E. Entomoligiska Sallskapet.","4oCBvlQIQ4DhSH30J22+0bs0GAacIQwk","a/0SlN26fEtmJ3LLysIxkaRUfZvckIBE",
"3bb14bee-50ed-4b67-8779-55f92e3f37db","WOOD_023.basePlot.bet","D09","WOOD","WOOD_023","E","2015-07-08","2015-07-22","2015-07-23","2015-07-27",,"WOOD_023.E.20150722","HkhQBNKo1QDH9WfGaaJTwLR7DVgCcdiRev1N+yh5P/c=","invert bycatch",,,,,,,,,,"49AT3csB7SNH9c2JnAOTHYMNXNZpKUYr",
"f8245156-5427-475c-9b4a-fa67693b54fb","WOOD_003.basePlot.bet","D09","WOOD","WOOD_003","E","2015-07-08","2015-07-22","2015-07-23","2015-07-27",,"WOOD_003.E.20150722","gVhx7bcr2vPfgD1jJpAncI8yQb8ZOrQCJP102di8D4U=","invert bycatch",,,,,,,,,,"49AT3csB7SNH9c2JnAOTHYMNXNZpKUYr",
"9ed73ecd-0f97-4bc1-aa5d-bd8c741d6b0b","WOOD_007.basePlot.bet","D09","WOOD","WOOD_007","E","2015-07-08","2015-07-22","2015-07-23","2015-07-27",,"WOOD_007.E.20150722","5mkFtj0S+ghVPgPw3BKW9QgMFkce2s+H8oVOdzS8UXY=","invert bycatch",,,,,,,,,,"eE6kvSR3uoy9zdn7o7etq88/xsP7F3Qo",
"d0306376-cc2f-4263-ae6b-fd3bd9e2568c","WOOD_005.basePlot.bet","D09","WOOD","WOOD_005","E","2015-07-08","2015-07-22","2015-07-23","2015-07-27",,"WOOD_005.E.20150722","Q/pjwyhQ09yvsoMfuEsR3QAqQoZWiiDVi7g2p2kTa7A=","invert bycatch",,,,,,,,,,"eE6kvSR3uoy9zdn7o7etq88/xsP7F3Qo",
"42be6829-5cb4-43ac-a85a-375826a3f512","WOOD_002.basePlot.bet","D09","WOOD","WOOD_002","E","2015-07-08","2015-07-22","2015-07-23","2015-07-24",,"WOOD_002.E.20150722","V7nyjIgYGmPsrfFWaAbdc6qW5J84UTeDlzL5lQTXVWA=","invert bycatch",,,,,,,,,,"eE6kvSR3uoy9zdn7o7etq88/xsP7F3Qo",
"a886997e-fc4a-4732-9b47-16be11e9c8e8","WOOD_001.basePlot.bet","D09","WOOD","WOOD_001","E","2015-07-08","2015-07-22","2015-07-23","2015-07-27",,"WOOD_001.E.20150722","vZVALStcGzcsUDFQL3eqjZEWsMa3I8QRw/iyw4ub8f8=","invert bycatch",,,,,,,,,,"9hOSS3gpVvHUvdbHcI4XlVp94UoAF+Qh",
"6e2f0873-2a49-4052-b9ee-543dad506737","WOOD_006.basePlot.bet","D09","WOOD","WOOD_006","E","2015-07-08","2015-07-22","2015-07-23","2015-07-27",,"WOOD_006.E.20150722","WY3Zl9EyMidsY05I3ZVnB+DYvJPYWnUZqmuQP+sFpq4=","invert bycatch",,,,,,,,,,"49AT3csB7SNH9c2JnAOTHYMNXNZpKUYr",
"6e6621f3-fc28-4fad-837b-2cc1b712b18f","WOOD_021.basePlot.bet","D09","WOOD","WOOD_021","E","2015-07-08","2015-07-22","2015-07-23","2015-07-24",,"WOOD_021.E.20150722","WrmnCoit366aYWK9g06YaVs6ni5Qojx2eUFtV5b8ns8=","invert bycatch",,,,,,,,,,"eE6kvSR3uoy9zdn7o7etq88/xsP7F3Qo",
"530fed85-423e-46d1-881c-c17de48e0416","WOOD_004.basePlot.bet","D09","WOOD","WOOD_004","E","2015-07-08","2015-07-22","2015-07-23","2015-07-27",,"WOOD_004.E.20150722","tVkCk1nh7tHYZrRML8ZImbeULx7777GmHqwTftiS16M=","invert bycatch",,,,,,,,,,"49AT3csB7SNH9c2JnAOTHYMNXNZpKUYr",
"12073dd3-2a2d-4dcb-8ef7-b78046b1a819","WOOD_007.basePlot.bet","D09","WOOD","WOOD_007","E","2015-07-08","2015-07-22","2015-07-23","2015-10-19","2016-01-21","WOOD_007.E.20150722","5mkFtj0S+ghVPgPw3BKW9TK/T+A8Tq6JzY9ASxPyGfg=","carabid","CYMNEG","Cymindis neglecta","species",,"Haldeman",,1,"Lindroth, C. H. 1969. The ground-beetles (Carabidae, excl. Cicindelinae) of Canada and Alaska, parts 1-6. Opuscula E. Entomoligiska Sallskapet.","4oCBvlQIQ4DhSH30J22+0bs0GAacIQwk","eE6kvSR3uoy9zdn7o7etq88/xsP7F3Qo",
"1aab36b8-feb8-4366-bc2b-4151a1055209","WOOD_007.basePlot.bet","D09","WOOD","WOOD_007","E","2015-07-08","2015-07-22","2015-07-23","2015-10-19","2016-01-27","WOOD_007.E.20150722","5mkFtj0S+ghVPgPw3BKW9QAIjzi8WfE/NogWcbQRk3c=","carabid","SYNAME","Syntomus americanus","species","cf. species","Dejean",,1,"Lindroth, C. H. 1969. The ground-beetles (Carabidae, excl. Cicindelinae) of Canada and Alaska, parts 1-6. Opuscula E. Entomoligiska Sallskapet.","4oCBvlQIQ4DhSH30J22+0bs0GAacIQwk","eE6kvSR3uoy9zdn7o7etq88/xsP7F3Qo",
"040c5396-ec4d-4dc6-a60f-c278b77064af","WOOD_002.basePlot.bet","D09","WOOD","WOOD_002","E","2015-07-08","2015-07-22","2015-07-23","2015-10-20","2016-01-25","WOOD_002.E.20150722","V7nyjIgYGmPsrfFWaAbdc28nWxATQVAxJK/FajgAAsI=","carabid","PTEMEL","Pterostichus melanarius melanarius","subspecies",,"Illiger",,13,"Lindroth, C. H. 1969. The ground-beetles (Carabidae, excl. Cicindelinae) of Canada and Alaska, parts 1-6. Opuscula E. Entomoligiska Sallskapet.","4oCBvlQIQ4DhSH30J22+0bs0GAacIQwk","a/0SlN26fEtmJ3LLysIxkaRUfZvckIBE",
"0894c415-adaf-4556-bf93-10b855a20edb","WOOD_002.basePlot.bet","D09","WOOD","WOOD_002","E","2015-07-08","2015-07-22","2015-07-23","2015-10-20","2016-01-20","WOOD_002.E.20150722","V7nyjIgYGmPsrfFWaAbdc9X3LnYWEmPYFhPpj+WQyfA=","carabid","POELUC","Poecilus lucublandus","species",,"Say",,2,"Lindroth, C. H. 1969. The ground-beetles (Carabidae, excl. Cicindelinae) of Canada and Alaska, parts 1-6. Opuscula E. Entomoligiska Sallskapet.","4oCBvlQIQ4DhSH30J22+0bs0GAacIQwk","a/0SlN26fEtmJ3LLysIxkaRUfZvckIBE",
"5ca1149c-a3cb-4e04-b1ff-d1c8984db40a","WOOD_002.basePlot.bet","D09","WOOD","WOOD_002","E","2015-07-08","2015-07-22","2015-07-23","2015-10-20","2016-01-15","WOOD_002.E.20150722","V7nyjIgYGmPsrfFWaAbdc6rP4kvit7Ljl+S0GgQEJW4=","carabid","HARSOM","Harpalus somnulentus","species","cf. species","Dejean",,1,"Lindroth, C. H. 1969. The ground-beetles (Carabidae, excl. Cicindelinae) of Canada and Alaska, parts 1-6. Opuscula E. Entomoligiska Sallskapet.","4oCBvlQIQ4DhSH30J22+0bs0GAacIQwk","a/0SlN26fEtmJ3LLysIxkaRUfZvckIBE",
"340beff2-5a7b-4b8b-bd93-6bc7d0296557","WOOD_002.basePlot.bet","D09","WOOD","WOOD_002","E","2015-07-08","2015-07-22","2015-07-23","2015-10-20","2016-01-20","WOOD_002.E.20150722","V7nyjIgYGmPsrfFWaAbdc9AKys+U4ofHlmvLpQzMNxY=","carabid","AMACOE","Amara coelebs","species","cf. species","Hayward",,1,"Lindroth, C. H. 1969. The ground-beetles (Carabidae, excl. Cicindelinae) of Canada and Alaska, parts 1-6. Opuscula E. Entomoligiska Sallskapet.","4oCBvlQIQ4DhSH30J22+0bs0GAacIQwk","a/0SlN26fEtmJ3LLysIxkaRUfZvckIBE",
"cc4987c9-f351-4555-a8f2-5f08d0516b17","WOOD_023.basePlot.bet","D09","WOOD","WOOD_023","E","2015-07-08","2015-07-22","2015-07-23","2015-10-20","2016-01-20","WOOD_023.E.20150722","HkhQBNKo1QDH9WfGaaJTwPLXFxh1xvga5/ITNDQRfDo=","carabid","PTELUC","Pterostichus luctuosus","species","cf. species","Dejean",,1,"Lindroth, C. H. 1969. The ground-beetles (Carabidae, excl. Cicindelinae) of Canada and Alaska, parts 1-6. Opuscula E. Entomoligiska Sallskapet.","4oCBvlQIQ4DhSH30J22+0bs0GAacIQwk","a/0SlN26fEtmJ3LLysIxkaRUfZvckIBE",
"877e4220-136d-4eb3-a8df-069ffe24b052","WOOD_023.basePlot.bet","D09","WOOD","WOOD_023","E","2015-07-08","2015-07-22","2015-07-23","2015-10-20","2016-01-20","WOOD_023.E.20150722","HkhQBNKo1QDH9WfGaaJTwNvZ9/4UihzsgC7oSIRyG5M=","carabid","POELUC","Poecilus lucublandus","species",,"Say",,1,"Lindroth, C. H. 1969. The ground-beetles (Carabidae, excl. Cicindelinae) of Canada and Alaska, parts 1-6. Opuscula E. Entomoligiska Sallskapet.","4oCBvlQIQ4DhSH30J22+0bs0GAacIQwk","a/0SlN26fEtmJ3LLysIxkaRUfZvckIBE",
"1baabf60-0a0f-4639-bcc8-798e26daad30","WOOD_023.basePlot.bet","D09","WOOD","WOOD_023","E","2015-07-08","2015-07-22","2015-07-23","2015-10-20","2016-01-13","WOOD_023.E.20150722","HkhQBNKo1QDH9WfGaaJTwM6Q574YeE97SNaN7RgDGRM=","carabid","BEMPRA2","Bembidion praticola","species","cf. species","Lindroth",,1,"Lindroth, C. H. 1969. The ground-beetles (Carabidae, excl. Cicindelinae) of Canada and Alaska, parts 1-6. Opuscula E. Entomoligiska Sallskapet.","4oCBvlQIQ4DhSH30J22+0bs0GAacIQwk","a/0SlN26fEtmJ3LLysIxkaRUfZvckIBE",
"97b403b0-e02d-4a2c-8749-f74fe65723c5","WOOD_023.basePlot.bet","D09","WOOD","WOOD_023","E","2015-07-08","2015-07-22","2015-07-23","2015-10-20","2016-01-13","WOOD_023.E.20150722","HkhQBNKo1QDH9WfGaaJTwCwS0RadGj+y6eGEUxVt6K8=","carabid","BEMRAP","Bembidion rapidum","species","cf. species","LeConte",,1,"Lindroth, C. H. 1969. The ground-beetles (Carabidae, excl. Cicindelinae) of Canada and Alaska, parts 1-6. Opuscula E. Entomoligiska Sallskapet.","4oCBvlQIQ4DhSH30J22+0bs0GAacIQwk","a/0SlN26fEtmJ3LLysIxkaRUfZvckIBE",
"2a06d317-5dd7-4df0-9d4a-acb45496ebe0","WOOD_003.basePlot.bet","D09","WOOD","WOOD_003","E","2015-07-08","2015-07-22","2015-07-23","2015-10-09","2016-01-27","WOOD_003.E.20150722","gVhx7bcr2vPfgD1jJpAncMR5b1cyzPWaIcUgZooOZKQ=","carabid","SYNAME","Syntomus americanus","species","cf. species","Dejean",,8,"Lindroth, C. H. 1969. The ground-beetles (Carabidae, excl. Cicindelinae) of Canada and Alaska, parts 1-6. Opuscula E. Entomoligiska Sallskapet.","4oCBvlQIQ4DhSH30J22+0bs0GAacIQwk","eE6kvSR3uoy9zdn7o7etq88/xsP7F3Qo",
"dc1abe1d-08ca-479e-987e-bdcab7a61dd7","WOOD_003.basePlot.bet","D09","WOOD","WOOD_003","E","2015-07-08","2015-07-22","2015-07-23","2015-10-09","2016-01-21","WOOD_003.E.20150722","gVhx7bcr2vPfgD1jJpAncMS3hcBlXS+oxv8rTAXUtcY=","carabid","CYMNEG","Cymindis neglecta","species",,"Haldeman",,1,"Lindroth, C. H. 1969. The ground-beetles (Carabidae, excl. Cicindelinae) of Canada and Alaska, parts 1-6. Opuscula E. Entomoligiska Sallskapet.","4oCBvlQIQ4DhSH30J22+0bs0GAacIQwk","eE6kvSR3uoy9zdn7o7etq88/xsP7F3Qo",
"86b0a16a-63a9-4e49-8164-11090dcf47bd","WOOD_003.basePlot.bet","D09","WOOD","WOOD_003","E","2015-07-08","2015-07-22","2015-07-23","2015-10-19","2016-01-20","WOOD_003.E.20150722","gVhx7bcr2vPfgD1jJpAncKokvvlQ44UsCbPe1YFIH0s=","carabid","HARSOM","Harpalus somnulentus","species","cf. species","Dejean",,1,"Lindroth, C. H. 1969. The ground-beetles (Carabidae, excl. Cicindelinae) of Canada and Alaska, parts 1-6. Opuscula E. Entomoligiska Sallskapet.","4oCBvlQIQ4DhSH30J22+0bs0GAacIQwk","eE6kvSR3uoy9zdn7o7etq88/xsP7F3Qo",
"7dd5d2a9-7c15-4f60-a555-772ea8bcde72","WOOD_003.basePlot.bet","D09","WOOD","WOOD_003","E","2015-07-08","2015-07-22","2015-07-23","2015-10-19","2016-01-06","WOOD_003.E.20150722","gVhx7bcr2vPfgD1jJpAncIK5gwdZQSB4sngYplK28n8=","carabid","CALCAL","Calosoma calidum","species",,"Fabricius",,1,"Lindroth, C. H. 1969. The ground-beetles (Carabidae, excl. Cicindelinae) of Canada and Alaska, parts 1-6. Opuscula E. Entomoligiska Sallskapet.","4oCBvlQIQ4DhSH30J22+0bs0GAacIQwk","eE6kvSR3uoy9zdn7o7etq88/xsP7F3Qo",
"82b5d9b9-8574-46fa-a970-50edf5881ff1","WOOD_023.basePlot.bet","D09","WOOD","WOOD_023","E","2015-07-08","2015-07-22","2015-07-23","2015-10-20","2016-01-20","WOOD_023.E.20150722","HkhQBNKo1QDH9WfGaaJTwEhwdsv74IkyMvYi4+eEy4M=","carabid","BRACYA2","Brachinus cyanochroaticus","species",,"Erwin",,2,"Lindroth, C. H. 1969. The ground-beetles (Carabidae, excl. Cicindelinae) of Canada and Alaska, parts 1-6. Opuscula E. Entomoligiska Sallskapet.","4oCBvlQIQ4DhSH30J22+0bs0GAacIQwk","a/0SlN26fEtmJ3LLysIxkaRUfZvckIBE",
"eb0b86ee-96a9-401a-9287-e540ad5e0358","WOOD_003.basePlot.bet","D09","WOOD","WOOD_003","E","2015-07-08","2015-07-22","2015-07-23","2015-10-19","2016-01-26","WOOD_003.E.20150722","gVhx7bcr2vPfgD1jJpAncKxLg6kETCQ8Yqy5nrWL9k4=","carabid","HAROPA","Harpalus opacipennis","species","cf. species","Haldeman",,1,"Lindroth, C. H. 1969. The ground-beetles (Carabidae, excl. Cicindelinae) of Canada and Alaska, parts 1-6. Opuscula E. Entomoligiska Sallskapet.","4oCBvlQIQ4DhSH30J22+0bs0GAacIQwk","eE6kvSR3uoy9zdn7o7etq88/xsP7F3Qo",
"b9bb4359-1340-409c-a083-817685fb7ce1","WOOD_023.basePlot.bet","D09","WOOD","WOOD_023","E","2015-07-08","2015-07-22","2015-07-23","2015-10-20","2016-01-25","WOOD_023.E.20150722","HkhQBNKo1QDH9WfGaaJTwHVYmACzZwhGkAf6uePvXcs=","carabid","PTEMEL","Pterostichus melanarius melanarius","subspecies",,"Illiger",,10,"Lindroth, C. H. 1969. The ground-beetles (Carabidae, excl. Cicindelinae) of Canada and Alaska, parts 1-6. Opuscula E. Entomoligiska Sallskapet.","4oCBvlQIQ4DhSH30J22+0bs0GAacIQwk","49AT3csB7SNH9c2JnAOTHYMNXNZpKUYr",
"d693e9a4-c52b-431e-81fe-55702cae9bab","WOOD_021.basePlot.bet","D09","WOOD","WOOD_021","E","2015-07-08","2015-07-22","2015-07-23","2015-10-20","2016-01-20","WOOD_021.E.20150722","WrmnCoit366aYWK9g06YaYJJ0ihD3Nsj5mUMqX3Y9b0=","carabid","POELUC","Poecilus lucublandus","species",,"Say",,1,"Lindroth, C. H. 1969. The ground-beetles (Carabidae, excl. Cicindelinae) of Canada and Alaska, parts 1-6. Opuscula E. Entomoligiska Sallskapet.","4oCBvlQIQ4DhSH30J22+0bs0GAacIQwk","49AT3csB7SNH9c2JnAOTHYMNXNZpKUYr",
"df98bf42-3038-4ada-a851-975944ca140e","WOOD_002.basePlot.bet","D09","WOOD","WOOD_002","E","2015-07-08","2015-07-22","2015-07-23","2015-10-20","2016-01-21","WOOD_002.E.20150722","V7nyjIgYGmPsrfFWaAbdc+GoU1OXgAelNwSgYlpuAig=","carabid","CYMNEG","Cymindis neglecta","species",,"Haldeman",,2,"Lindroth, C. H. 1969. The ground-beetles (Carabidae, excl. Cicindelinae) of Canada and Alaska, parts 1-6. Opuscula E. Entomoligiska Sallskapet.","4oCBvlQIQ4DhSH30J22+0bs0GAacIQwk","a/0SlN26fEtmJ3LLysIxkaRUfZvckIBE",
"286030c9-c78a-4d53-a3c9-fd8b5607ff0d","WOOD_023.basePlot.bet","D09","WOOD","WOOD_023","E","2015-07-08","2015-07-22","2015-07-23","2015-10-20","2016-01-06","WOOD_023.E.20150722","HkhQBNKo1QDH9WfGaaJTwP46lT2/KgM4RW1FZipo8dI=","carabid","CHLSER","Chlaenius sericeus","species",,"Forster",,5,"Lindroth, C. H. 1969. The ground-beetles (Carabidae, excl. Cicindelinae) of Canada and Alaska, parts 1-6. Opuscula E. Entomoligiska Sallskapet.","4oCBvlQIQ4DhSH30J22+0bs0GAacIQwk","a/0SlN26fEtmJ3LLysIxkaRUfZvckIBE",
"1036e6a6-e80a-42aa-9183-b0beeae0e4e9","WOOD_003.basePlot.bet","D09","WOOD","WOOD_003","N","2015-07-08","2015-07-22","2015-07-23","2015-07-27",,"WOOD_003.N.20150722","gVhx7bcr2vMPQlmoe6P0O11+8CB8SOwLTutUzINElYE=","invert bycatch",,,,,,,,,,"49AT3csB7SNH9c2JnAOTHYMNXNZpKUYr",
"c86e4dfc-9e13-4fcb-9b4b-cfa7180e038b","WOOD_004.basePlot.bet","D09","WOOD","WOOD_004","N","2015-07-08","2015-07-22","2015-07-23","2015-07-27",,"WOOD_004.N.20150722","tVkCk1nh7tHzM8+WdK+C/vf57XTHMzhitKa7Azx3j/k=","invert bycatch",,,,,,,,,,"49AT3csB7SNH9c2JnAOTHYMNXNZpKUYr",
"60761db0-a893-4cd0-a7d0-79502f8910c3","WOOD_024.basePlot.bet","D09","WOOD","WOOD_024","N","2015-07-08","2015-07-22","2015-07-23","2015-07-27",,"WOOD_024.N.20150722","rKE54NR9lxREHzj3B6VcLcZXyN/xQ+vkMl5sjmhlL8Y=","invert bycatch",,,,,,,,,,"49AT3csB7SNH9c2JnAOTHYMNXNZpKUYr",
"541740c0-fc69-4ee7-a55b-1f6bc171b1e6","WOOD_002.basePlot.bet","D09","WOOD","WOOD_002","N","2015-07-08","2015-07-22","2015-07-23","2015-07-24",,"WOOD_002.N.20150722","V7nyjIgYGmOq7etLsw3mo3a+uIbTch0j9Oi2ILwA/rE=","invert bycatch",,,,,,,,,,"eE6kvSR3uoy9zdn7o7etq88/xsP7F3Qo",
"c839119e-15eb-4701-b299-6a6c2ec15430","WOOD_007.basePlot.bet","D09","WOOD","WOOD_007","N","2015-07-08","2015-07-22","2015-07-23","2015-07-27",,"WOOD_007.N.20150722","5mkFtj0S+gg8JsQ8+kY2DbIJvIGr6jxO4szn/yRWyrc=","invert bycatch",,,,,,,,,,"eE6kvSR3uoy9zdn7o7etq88/xsP7F3Qo",
"b89f9170-ac28-4edc-a4ac-c763bc4251cd","WOOD_005.basePlot.bet","D09","WOOD","WOOD_005","N","2015-07-08","2015-07-22","2015-07-23","2015-07-24",,"WOOD_005.N.20150722","Q/pjwyhQ09ycrZ7nsLw/Q57do/zUXXmor19WaOyFv2g=","invert bycatch",,,,,,,,,,"eE6kvSR3uoy9zdn7o7etq88/xsP7F3Qo",
"61a5ac90-a9b9-4317-8672-2beb37e0fb46","WOOD_006.basePlot.bet","D09","WOOD","WOOD_006","N","2015-07-08","2015-07-22","2015-07-23","2015-07-27",,"WOOD_006.N.20150722","WY3Zl9EyMicPkFOmFhW1QqmLmAoc3kb+vjKaV0lhlwI=","invert bycatch",,,,,,,,,,"49AT3csB7SNH9c2JnAOTHYMNXNZpKUYr",
"9ef048c3-89a0-4fb2-9523-294ec6e4f07e","WOOD_001.basePlot.bet","D09","WOOD","WOOD_001","N","2015-07-08","2015-07-22","2015-07-23","2015-07-27",,"WOOD_001.N.20150722","vZVALStcGzemkswto4CoLXljNDR42j7ddAfJN/tAnnI=","invert bycatch",,,,,,,,,,"9hOSS3gpVvHUvdbHcI4XlVp94UoAF+Qh",
"784e55c7-ae19-41da-bf1e-4e00fb83b6c9","WOOD_005.basePlot.bet","D09","WOOD","WOOD_005","N","2015-07-08","2015-07-22","2015-07-23","2015-10-19","2016-01-15","WOOD_005.N.20150722","Q/pjwyhQ09ycrZ7nsLw/QzcG4afro1qbnDAF6WrR6+M=","carabid","HARSOM","Harpalus somnulentus","species","cf. species","Dejean",,1,"Lindroth, C. H. 1969. The ground-beetles (Carabidae, excl. Cicindelinae) of Canada and Alaska, parts 1-6. Opuscula E. Entomoligiska Sallskapet.","4oCBvlQIQ4DhSH30J22+0bs0GAacIQwk","a/0SlN26fEtmJ3LLysIxkaRUfZvckIBE",
"a2aebe21-3267-439f-ae1b-1a1b4ab13892","WOOD_007.basePlot.bet","D09","WOOD","WOOD_007","N","2015-07-08","2015-07-22","2015-07-23","2015-10-19","2016-01-21","WOOD_007.N.20150722","5mkFtj0S+gg8JsQ8+kY2DVfqtjKf0CKnAfb2mLz8qII=","carabid","CYMNEG","Cymindis neglecta","species",,"Haldeman",,1,"Lindroth, C. H. 1969. The ground-beetles (Carabidae, excl. Cicindelinae) of Canada and Alaska, parts 1-6. Opuscula E. Entomoligiska Sallskapet.","4oCBvlQIQ4DhSH30J22+0bs0GAacIQwk","eE6kvSR3uoy9zdn7o7etq88/xsP7F3Qo",
"cbd22df5-6e7e-4e24-ac47-ecdbb7d0b66b","WOOD_002.basePlot.bet","D09","WOOD","WOOD_002","N","2015-07-08","2015-07-22","2015-07-23","2015-10-20","2016-01-25","WOOD_002.N.20150722","V7nyjIgYGmOq7etLsw3moxVpmqWu6x3VgArpgQug9Pc=","carabid","PTEMEL","Pterostichus melanarius melanarius","subspecies",,"Illiger",,2,"Lindroth, C. H. 1969. The ground-beetles (Carabidae, excl. Cicindelinae) of Canada and Alaska, parts 1-6. Opuscula E. Entomoligiska Sallskapet.","4oCBvlQIQ4DhSH30J22+0bs0GAacIQwk","a/0SlN26fEtmJ3LLysIxkaRUfZvckIBE",
"3866de66-b8f6-4277-9091-f651895bda29","WOOD_024.basePlot.bet","D09","WOOD","WOOD_024","N","2015-07-08","2015-07-22","2015-07-23","2015-10-20","2016-01-20","WOOD_024.N.20150722","rKE54NR9lxREHzj3B6VcLfePiRjBnGWeEqTF9o0fJjQ=","carabid","HARSOM","Harpalus somnulentus","species","cf. species","Dejean",,2,"Lindroth, C. H. 1969. The ground-beetles (Carabidae, excl. Cicindelinae) of Canada and Alaska, parts 1-6. Opuscula E. Entomoligiska Sallskapet.","4oCBvlQIQ4DhSH30J22+0bs0GAacIQwk","a/0SlN26fEtmJ3LLysIxkaRUfZvckIBE",
"9429b343-6928-4d71-94e9-f83b0006809e","WOOD_024.basePlot.bet","D09","WOOD","WOOD_024","N","2015-07-08","2015-07-22","2015-07-23","2015-10-20","2016-01-20","WOOD_024.N.20150722","rKE54NR9lxREHzj3B6VcLRQrFgTw5pGSJVBQ1yAg9h4=","carabid","CALADV","Calathus advena","species",,"LeConte",,2,"Lindroth, C. H. 1969. The ground-beetles (Carabidae, excl. Cicindelinae) of Canada and Alaska, parts 1-6. Opuscula E. Entomoligiska Sallskapet.","4oCBvlQIQ4DhSH30J22+0bs0GAacIQwk","a/0SlN26fEtmJ3LLysIxkaRUfZvckIBE",
"b7f30aa3-0cb9-45df-8542-d9416a45ddd0","WOOD_004.basePlot.bet","D09","WOOD","WOOD_004","N","2015-07-08","2015-07-22","2015-07-23","2015-10-19","2016-01-27","WOOD_004.N.20150722","tVkCk1nh7tHzM8+WdK+C/oSCVhqjpY2034SDdSZ1vAc=","carabid","SYNAME","Syntomus americanus","species","cf. species","Dejean",,1,"Lindroth, C. H. 1969. The ground-beetles (Carabidae, excl. Cicindelinae) of Canada and Alaska, parts 1-6. Opuscula E. Entomoligiska Sallskapet.","4oCBvlQIQ4DhSH30J22+0bs0GAacIQwk","eE6kvSR3uoy9zdn7o7etq88/xsP7F3Qo",
"a980cbc5-d70b-45f0-83cf-c56af4b60e35","WOOD_006.basePlot.bet","D09","WOOD","WOOD_006","N","2015-07-08","2015-07-22","2015-07-23","2015-10-19","2016-01-22","WOOD_006.N.20150722","WY3Zl9EyMicPkFOmFhW1QsYR8JRyrFSWhl+HT1NhdpM=","carabid","DIPSTR","Diplocheila striatopunctata","species",,"LeConte",,1,"Lindroth, C. H. 1969. The ground-beetles (Carabidae, excl. Cicindelinae) of Canada and Alaska, parts 1-6. Opuscula E. Entomoligiska Sallskapet.","4oCBvlQIQ4DhSH30J22+0bs0GAacIQwk","a/0SlN26fEtmJ3LLysIxkaRUfZvckIBE",
"52891bac-6f4d-4bb5-b839-7b17d62349aa","WOOD_003.basePlot.bet","D09","WOOD","WOOD_003","N","2015-07-08","2015-07-22","2015-07-23","2015-10-19","2016-01-27","WOOD_003.N.20150722","gVhx7bcr2vMPQlmoe6P0O7wYkjLw6D9Ko4BItUurVsE=","carabid","SYNAME","Syntomus americanus","species","cf. species","Dejean",,1,"Lindroth, C. H. 1969. The ground-beetles (Carabidae, excl. Cicindelinae) of Canada and Alaska, parts 1-6. Opuscula E. Entomoligiska Sallskapet.","4oCBvlQIQ4DhSH30J22+0bs0GAacIQwk","eE6kvSR3uoy9zdn7o7etq88/xsP7F3Qo",
"48415a40-34d5-4396-97a4-9842f4dd8924","WOOD_003.basePlot.bet","D09","WOOD","WOOD_003","N","2015-07-08","2015-07-22","2015-07-23","2015-10-19","2016-01-14","WOOD_003.N.20150722","gVhx7bcr2vMPQlmoe6P0O7YMuzehiH8VCu2VacAgqPQ=","carabid","AMACUP","Amara cupreolata","species","cf. species","Putzeys",,1,"Lindroth, C. H. 1969. The ground-beetles (Carabidae, excl. Cicindelinae) of Canada and Alaska, parts 1-6. Opuscula E. Entomoligiska Sallskapet.","4oCBvlQIQ4DhSH30J22+0bs0GAacIQwk","eE6kvSR3uoy9zdn7o7etq88/xsP7F3Qo",
"d68ce230-3469-43dd-a8f5-93c03d67a094","WOOD_003.basePlot.bet","D09","WOOD","WOOD_003","N","2015-07-08","2015-07-22","2015-07-23","2015-10-19","2016-01-15","WOOD_003.N.20150722","gVhx7bcr2vMPQlmoe6P0O5mWnGjtuO1z6UzvVua/AsA=","carabid","HARSOM","Harpalus somnulentus","species","cf. species","Dejean",,1,"Lindroth, C. H. 1969. The ground-beetles (Carabidae, excl. Cicindelinae) of Canada and Alaska, parts 1-6. Opuscula E. Entomoligiska Sallskapet.","4oCBvlQIQ4DhSH30J22+0bs0GAacIQwk","eE6kvSR3uoy9zdn7o7etq88/xsP7F3Qo",
"161fbc3c-57db-492b-ae85-c3310d713645","WOOD_007.basePlot.bet","D09","WOOD","WOOD_007","N","2015-07-08","2015-07-22","2015-07-23","2015-10-19","2016-01-27","WOOD_007.N.20150722","5mkFtj0S+gg8JsQ8+kY2DTu4XWNerN0O6xmdcxbHTJQ=","carabid","SYNAME","Syntomus americanus","species","cf. species","Dejean",,2,"Lindroth, C. H. 1969. The ground-beetles (Carabidae, excl. Cicindelinae) of Canada and Alaska, parts 1-6. Opuscula E. Entomoligiska Sallskapet.","4oCBvlQIQ4DhSH30J22+0bs0GAacIQwk","eE6kvSR3uoy9zdn7o7etq88/xsP7F3Qo",
"4e7e5a8d-17bd-4555-9f4c-64ba9c07c5af","WOOD_002.basePlot.bet","D09","WOOD","WOOD_002","N","2015-07-08","2015-07-22","2015-07-23","2015-10-20","2016-01-21","WOOD_002.N.20150722","V7nyjIgYGmOq7etLsw3mo2yXZnfnLSK/DPx5hFluQW0=","carabid","CYMNEG","Cymindis neglecta","species",,"Haldeman",,5,"Lindroth, C. H. 1969. The ground-beetles (Carabidae, excl. Cicindelinae) of Canada and Alaska, parts 1-6. Opuscula E. Entomoligiska Sallskapet.","4oCBvlQIQ4DhSH30J22+0bs0GAacIQwk","a/0SlN26fEtmJ3LLysIxkaRUfZvckIBE",
"c3d23646-20c4-434c-95e8-a194b540f719","WOOD_003.basePlot.bet","D09","WOOD","WOOD_003","N","2015-07-08","2015-07-22","2015-07-23","2015-10-19","2016-01-21","WOOD_003.N.20150722","gVhx7bcr2vMPQlmoe6P0O0jTFovs+067k8xVltL0sos=","carabid","CYMNEG","Cymindis neglecta","species",,"Haldeman",,1,"Lindroth, C. H. 1969. The ground-beetles (Carabidae, excl. Cicindelinae) of Canada and Alaska, parts 1-6. Opuscula E. Entomoligiska Sallskapet.","4oCBvlQIQ4DhSH30J22+0bs0GAacIQwk","eE6kvSR3uoy9zdn7o7etq88/xsP7F3Qo",
"37185ecf-f15a-477c-9c57-b5989952bf67","WOOD_003.basePlot.bet","D09","WOOD","WOOD_003","S","2015-07-08","2015-07-22","2015-07-23","2015-07-27",,"WOOD_003.S.20150722","gVhx7bcr2vPVxuC4MX3D7U/lCGDBwWKelIeeOoLkL/g=","invert bycatch",,,,,,,,,,"49AT3csB7SNH9c2JnAOTHYMNXNZpKUYr",
