uid,namedLocation,domainID,siteID,plotID,trapID,setDate,collectDate,processingDate,identifiedDate,subsampleID,individualID,taxonID,scientificName,taxonRank,identificationQualifier,scientificNameAuthorship,morphospeciesID,identificationReferences,totalLength,identifiedBy,recordedBy,remarks
"b43ef83c-fd64-4d8a-97a9-74032d80dae2","WOOD_023.basePlot.bet","D09","WOOD","WOOD_023","N","2015-06-10","2015-07-22","2015-10-20","2016-01-20","HkhQBNKo1QAlL2jarEbgAjPt8f38I3KqgapDZYLi7TY=","NEON.BET.D09.000778","BRACYA2","Brachinus cyanochroaticus","species",,"Erwin",,"Lindroth, C. H. 1969. The ground-beetles (Carabidae, excl. Cicindelinae) of Canada and Alaska, parts 1-6. Opuscula E. Entomoligiska Sallskapet.",,"4oCBvlQIQ4DhSH30J22+0bs0GAacIQwk","a/0SlN26fEtmJ3LLysIxkaRUfZvckIBE",
"29317cb2-57de-48be-a5b3-66efe74e3545","WOOD_006.basePlot.bet","D09","WOOD","WOOD_006","E","2015-06-24","2015-07-08","2015-10-16","2016-01-25","WY3Zl9EyMidsY05I3ZVnByv+KNYvEtKrcElxSXD7YCI=","NEON.BET.D09.000736","PTEMEL","Pterostichus melanarius melanarius","subspecies",,"Illiger",,"Lindroth, C. H. 1969. The ground-beetles (Carabidae, excl. Cicindelinae) of Canada and Alaska, parts 1-6. Opuscula E. Entomoligiska Sallskapet.",,"4oCBvlQIQ4DhSH30J22+0bs0GAacIQwk","eE6kvSR3uoy9zdn7o7etq88/xsP7F3Qo",
"7bed5d20-b698-4acc-b613-1c194e1cfc2c","WOOD_006.basePlot.bet","D09","WOOD","WOOD_006","W","2015-06-24","2015-07-08","2015-10-16","2016-01-25","WY3Zl9EyMieRLqe2GmMq7ThcOMEfOYlY8ecti9r4fxQ=","NEON.BET.D09.000734","PTEMEL","Pterostichus melanarius melanarius","subspecies",,"Illiger",,"Lindroth, C. H. 1969. The ground-beetles (Carabidae, excl. Cicindelinae) of Canada and Alaska, parts 1-6. Opuscula E. Entomoligiska Sallskapet.",,"4oCBvlQIQ4DhSH30J22+0bs0GAacIQwk","eE6kvSR3uoy9zdn7o7etq88/xsP7F3Qo",
"8664e416-8f28-4202-ab5a-26c96ae9e976","WOOD_003.basePlot.bet","D09","WOOD","WOOD_003","W","2015-06-24","2015-07-08","2015-10-19","2016-01-11","gVhx7bcr2vPNu942vL6aoSlZ95j7zGGCFC6Cj2rM0WA=","NEON.BET.D09.000744","CARSP14","Carabidae sp.","family",,"Latreille","D09.2015.MorphC","Lindroth, C. H. 1969. The ground-beetles (Carabidae, excl. Cicindelinae) of Canada and Alaska, parts 1-6. Opuscula E. Entomoligiska Sallskapet.",,"4oCBvlQIQ4DhSH30J22+0bs0GAacIQwk","eE6kvSR3uoy9zdn7o7etq88/xsP7F3Qo","Agonoleptus sp. or Stenolophus sp.| about 4 mm| elytral striae well-defined| darker central cloud on yellowish pronotum| head and elytra darker| legs pale yellow| keyed to Agonoleptus conjunctus| could also be Acupalpus"
"d2014185-4460-43f9-9bca-b8f86d5b9cf0","WOOD_003.basePlot.bet","D09","WOOD","WOOD_003","E","2015-06-24","2015-07-08","2015-10-16","2016-01-27","gVhx7bcr2vPfgD1jJpAncM8jTBNsHh+j34rOML3jk7A=","NEON.BET.D09.000738","SYNAME","Syntomus americanus","species","cf. species","Dejean",,"Lindroth, C. H. 1969. The ground-beetles (Carabidae, excl. Cicindelinae) of Canada and Alaska, parts 1-6. Opuscula E. Entomoligiska Sallskapet.",,"4oCBvlQIQ4DhSH30J22+0bs0GAacIQwk","eE6kvSR3uoy9zdn7o7etq88/xsP7F3Qo","Apex of elytra sinuate| elytral striae not well defined| Could be Apristus sp. but pubescence starts on 4th antennal segment and some seem less than 3 mm.| difficult to see if mentum tooth is bifid"
"e548282c-c29a-47b2-b559-bcde8c3a9a88","WOOD_006.basePlot.bet","D09","WOOD","WOOD_006","E","2015-06-24","2015-07-08","2015-10-16","2016-01-25","WY3Zl9EyMidsY05I3ZVnByv+KNYvEtKrcElxSXD7YCI=","NEON.BET.D09.000735","PTEMEL","Pterostichus melanarius melanarius","subspecies",,"Illiger",,"Lindroth, C. H. 1969. The ground-beetles (Carabidae, excl. Cicindelinae) of Canada and Alaska, parts 1-6. Opuscula E. Entomoligiska Sallskapet.",,"4oCBvlQIQ4DhSH30J22+0bs0GAacIQwk","eE6kvSR3uoy9zdn7o7etq88/xsP7F3Qo",
"6156c45b-d6fa-4388-bb28-c70aee5f3de1","WOOD_023.basePlot.bet","D09","WOOD","WOOD_023","E","2015-06-24","2015-07-08","2015-10-19","2016-01-13","HkhQBNKo1QDH9WfGaaJTwBAzzYeQMfjwV/3z4xujPkg=","NEON.BET.D09.000746","BEMVER1","Bembidion versicolor","species","cf. species","LeConte",,"Lindroth, C. H. 1969. The ground-beetles (Carabidae, excl. Cicindelinae) of Canada and Alaska, parts 1-6. Opuscula E. Entomoligiska Sallskapet.",,"4oCBvlQIQ4DhSH30J22+0bs0GAacIQwk","eE6kvSR3uoy9zdn7o7etq88/xsP7F3Qo","frontal furrows converging on clypeus but not reaching front margin and little converging on frons| entire forebody with microsculpture but difficult to tell the extent on center of prothorax| antennal segments 2 to 4 at least somewhat darkened| elytral s"
"32b59900-aea0-4784-a0ef-7bde008155d2","WOOD_021.basePlot.bet","D09","WOOD","WOOD_021","E","2015-06-24","2015-07-08","2015-10-16","2016-01-26","WrmnCoit366aYWK9g06YaYChUJq9kIrEWLkTMTnU52U=","NEON.BET.D09.000733","BEMQUA4","Bembidion quadrimaculatum oppositum","subspecies",,"Say",,"Lindroth, C. H. 1969. The ground-beetles (Carabidae, excl. Cicindelinae) of Canada and Alaska, parts 1-6. Opuscula E. Entomoligiska Sallskapet.",,"4oCBvlQIQ4DhSH30J22+0bs0GAacIQwk","eE6kvSR3uoy9zdn7o7etq88/xsP7F3Qo",
"86cc7894-032f-452e-b5d1-f4c22eebd24d","WOOD_021.basePlot.bet","D09","WOOD","WOOD_021","E","2015-06-24","2015-07-08","2015-10-16","2016-01-27","WrmnCoit366aYWK9g06YaT2WuCmGMs6OiJ9iC1klyXQ=","NEON.BET.D09.000732","SYNAME","Syntomus americanus","species","cf. species","Dejean",,"Lindroth, C. H. 1969. The ground-beetles (Carabidae, excl. Cicindelinae) of Canada and Alaska, parts 1-6. Opuscula E. Entomoligiska Sallskapet.",,"4oCBvlQIQ4DhSH30J22+0bs0GAacIQwk","eE6kvSR3uoy9zdn7o7etq88/xsP7F3Qo","Apex of elytra sinuate| elytral striae not well defined| Could be Apristus sp. but pubescence starts on 4th antennal segment and some seem less than 3 mm.| difficult to see if mentum tooth is bifid"
"13aa81af-25e6-4934-9e77-d41d044814e1","WOOD_002.basePlot.bet","D09","WOOD","WOOD_002","E","2015-06-24","2015-07-08","2015-10-16","2016-01-25","V7nyjIgYGmPsrfFWaAbdc2YNu20hKFGQ0dBKCyCFN58=","NEON.BET.D09.000723","PTEMEL","Pterostichus melanarius melanarius","subspecies",,"Illiger",,"Lindroth, C. H. 1969. The ground-beetles (Carabidae, excl. Cicindelinae) of Canada and Alaska, parts 1-6. Opuscula E. Entomoligiska Sallskapet.",,"4oCBvlQIQ4DhSH30J22+0bs0GAacIQwk","eE6kvSR3uoy9zdn7o7etq88/xsP7F3Qo",
"31171ee4-74d9-4fb2-b9ee-52aa95a748b9","WOOD_003.basePlot.bet","D09","WOOD","WOOD_003","E","2015-06-24","2015-07-08","2015-10-16","2016-01-27","gVhx7bcr2vPfgD1jJpAncM8jTBNsHh+j34rOML3jk7A=","NEON.BET.D09.000737","SYNAME","Syntomus americanus","species","cf. species","Dejean",,"Lindroth, C. H. 1969. The ground-beetles (Carabidae, excl. Cicindelinae) of Canada and Alaska, parts 1-6. Opuscula E. Entomoligiska Sallskapet.",,"4oCBvlQIQ4DhSH30J22+0bs0GAacIQwk","eE6kvSR3uoy9zdn7o7etq88/xsP7F3Qo","Apex of elytra sinuate| elytral striae not well defined| Could be Apristus sp. but pubescence starts on 4th antennal segment and some seem less than 3 mm.| difficult to see if mentum tooth is bifid"
"de9a5034-e139-48c0-aab8-a0ced6e94fa5","WOOD_023.basePlot.bet","D09","WOOD","WOOD_023","E","2015-06-24","2015-07-08","2015-10-19","2016-01-11","HkhQBNKo1QDH9WfGaaJTwFCCoP7cnPWGN9G+HRrpkHI=","NEON.BET.D09.000747","ACUPUM","Acupalpus pumilus","species","cf. species","Lindroth",,"Lindroth, C. H. 1969. The ground-beetles (Carabidae, excl. Cicindelinae) of Canada and Alaska, parts 1-6. Opuscula E. Entomoligiska Sallskapet.",,"4oCBvlQIQ4DhSH30J22+0bs0GAacIQwk","eE6kvSR3uoy9zdn7o7etq88/xsP7F3Qo","pronotum color not strongly contrasting with elytra| pronotum with small punctures at basal corners"
"5ac605f1-4cad-4e6a-a748-6537f112091e","WOOD_023.basePlot.bet","D09","WOOD","WOOD_023","E","2015-06-24","2015-07-08","2015-10-19","2016-01-13","HkhQBNKo1QDH9WfGaaJTwCerclQh+IBFzn+6ivwYfOc=","NEON.BET.D09.000748","BEMPRA2","Bembidion praticola","species","cf. species","Lindroth",,"Lindroth, C. H. 1969. The ground-beetles (Carabidae, excl. Cicindelinae) of Canada and Alaska, parts 1-6. Opuscula E. Entomoligiska Sallskapet.",,"4oCBvlQIQ4DhSH30J22+0bs0GAacIQwk","eE6kvSR3uoy9zdn7o7etq88/xsP7F3Qo","elytra dark reddish| pale legs| frontal furrows nearly parallel| first 3 segments of antennae pale| little microsculpture evident on prothorax but strong on elytra| 1 interval hardly paler| prothorax hind angles nearly right| size 2.8-3.5 mm."
"0f2f6e22-6f89-4ba2-8fae-566d111d2939","WOOD_002.basePlot.bet","D09","WOOD","WOOD_002","E","2015-06-24","2015-07-08","2015-10-16","2016-01-25","V7nyjIgYGmPsrfFWaAbdc2YNu20hKFGQ0dBKCyCFN58=","NEON.BET.D09.000724","PTEMEL","Pterostichus melanarius melanarius","subspecies",,"Illiger",,"Lindroth, C. H. 1969. The ground-beetles (Carabidae, excl. Cicindelinae) of Canada and Alaska, parts 1-6. Opuscula E. Entomoligiska Sallskapet.",,"4oCBvlQIQ4DhSH30J22+0bs0GAacIQwk","eE6kvSR3uoy9zdn7o7etq88/xsP7F3Qo",
"39a976e2-327b-477f-8faf-ff86b9e7438b","WOOD_023.basePlot.bet","D09","WOOD","WOOD_023","E","2015-06-24","2015-07-08","2015-10-19","2016-01-20","HkhQBNKo1QDH9WfGaaJTwHNuAQszQ6YwRA8Apv0h/H4=","NEON.BET.D09.000745","BRACYA2","Brachinus cyanochroaticus","species","cf. species","Erwin",,"Lindroth, C. H. 1969. The ground-beetles (Carabidae, excl. Cicindelinae) of Canada and Alaska, parts 1-6. Opuscula E. Entomoligiska Sallskapet.",,"4oCBvlQIQ4DhSH30J22+0bs0GAacIQwk","eE6kvSR3uoy9zdn7o7etq88/xsP7F3Qo","less hair on elyra than usual"
"df24d25a-f682-42ee-878e-c2e00c0c75ed","WOOD_001.basePlot.bet","D09","WOOD","WOOD_001","W","2015-06-24","2015-07-08","2015-10-16","2016-01-20","vZVALStcGze4oqiSg8fWaoOqxVE6Gjhlq9NLfft0yL8=","NEON.BET.D09.000720","CALADV","Calathus advena","species",,"LeConte",,"Lindroth, C. H. 1969. The ground-beetles (Carabidae, excl. Cicindelinae) of Canada and Alaska, parts 1-6. Opuscula E. Entomoligiska Sallskapet.",,"4oCBvlQIQ4DhSH30J22+0bs0GAacIQwk","eE6kvSR3uoy9zdn7o7etq88/xsP7F3Qo","immature specimen"
"84254ed5-20a6-4a08-b2ce-d4ac6dd89330","WOOD_002.basePlot.bet","D09","WOOD","WOOD_002","E","2015-06-24","2015-07-08","2015-10-16","2016-01-14","V7nyjIgYGmPsrfFWaAbdc5EEVlYhYRHJwtwJxVDCAgs=","NEON.BET.D09.000725","AMACOE","Amara coelebs","species","cf. species","Hayward",,"Lindroth, C. H. 1969. The ground-beetles (Carabidae, excl. Cicindelinae) of Canada and Alaska, parts 1-6. Opuscula E. Entomoligiska Sallskapet.",,"4oCBvlQIQ4DhSH30J22+0bs0GAacIQwk","eE6kvSR3uoy9zdn7o7etq88/xsP7F3Qo","antennal segment 3 dark| appendages mostly dark| males in this morphospecies| 6.3 to 7.7 mm.| may be A. aeneopolita based on micosculpture but at least one specimen seems a little too large| could be both species"
"bf7d2fa7-0c3f-45df-af45-89139ef9d083","WOOD_007.basePlot.bet","D09","WOOD","WOOD_007","E","2015-06-24","2015-07-08","2015-10-16","2016-01-15","5mkFtj0S+ghVPgPw3BKW9fRi9MCRufqRrXjOqYADMro=","NEON.BET.D09.000729","CYMNEG","Cymindis neglecta","species",,"Haldeman",,"Lindroth, C. H. 1969. The ground-beetles (Carabidae, excl. Cicindelinae) of Canada and Alaska, parts 1-6. Opuscula E. Entomoligiska Sallskapet.",,"4oCBvlQIQ4DhSH30J22+0bs0GAacIQwk","eE6kvSR3uoy9zdn7o7etq88/xsP7F3Qo",
"d17dbe6b-6783-4597-a6a1-67e7a8758eba","WOOD_003.basePlot.bet","D09","WOOD","WOOD_003","N","2015-06-24","2015-07-08","2015-10-16","2016-01-14","gVhx7bcr2vMPQlmoe6P0Oyr3JQS/zSW3Rmlv8/6S+fA=","NEON.BET.D09.000740","AMACOE","Amara coelebs","species","cf. species","Hayward",,"Lindroth, C. H. 1969. The ground-beetles (Carabidae, excl. Cicindelinae) of Canada and Alaska, parts 1-6. Opuscula E. Entomoligiska Sallskapet.",,"4oCBvlQIQ4DhSH30J22+0bs0GAacIQwk","eE6kvSR3uoy9zdn7o7etq88/xsP7F3Qo","antennal segment 3 dark| appendages mostly dark| males in this morphospecies| 6.3 to 7.7 mm.| may be A. aeneopolita based on micosculpture but at least one specimen seems a little too large| could be both species"
"4e6261a1-0e29-4c19-9f30-08eb9e41a369","WOOD_003.basePlot.bet","D09","WOOD","WOOD_003","N","2015-06-24","2015-07-08","2015-10-16","2016-01-14","gVhx7bcr2vMPQlmoe6P0Oyr3JQS/zSW3Rmlv8/6S+fA=","NEON.BET.D09.000741","AMACOE","Amara coelebs","species","cf. species","Hayward",,"Lindroth, C. H. 1969. The ground-beetles (Carabidae, excl. Cicindelinae) of Canada and Alaska, parts 1-6. Opuscula E. Entomoligiska Sallskapet.",,"4oCBvlQIQ4DhSH30J22+0bs0GAacIQwk","eE6kvSR3uoy9zdn7o7etq88/xsP7F3Qo","antennal segment 3 dark| appendages mostly dark| males in this morphospecies| 6.3 to 7.7 mm.| may be A. aeneopolita based on micosculpture but at least one specimen seems a little too large| could be both species"
"09bb8e46-06ee-4295-a448-210f33d75720","WOOD_003.basePlot.bet","D09","WOOD","WOOD_003","N","2015-06-24","2015-07-08","2015-10-16","2016-01-14","gVhx7bcr2vMPQlmoe6P0Oyr3JQS/zSW3Rmlv8/6S+fA=","NEON.BET.D09.000739","AMACOE","Amara coelebs","species","cf. species","Hayward",,"Lindroth, C. H. 1969. The ground-beetles (Carabidae, excl. Cicindelinae) of Canada and Alaska, parts 1-6. Opuscula E. Entomoligiska Sallskapet.",,"4oCBvlQIQ4DhSH30J22+0bs0GAacIQwk","eE6kvSR3uoy9zdn7o7etq88/xsP7F3Qo","antennal segment 3 dark| appendages mostly dark| males in this morphospecies| 6.3 to 7.7 mm.| may be A. aeneopolita based on micosculpture but at least one specimen seems a little too large| could be both species"
"3d296d8f-8eac-4361-99b9-fb8a9ceb9789","WOOD_003.basePlot.bet","D09","WOOD","WOOD_003","N","2015-06-24","2015-07-08","2015-10-16","2016-01-06","gVhx7bcr2vMPQlmoe6P0O/cgbnFLub9+V6sGAvGeIUo=","NEON.BET.D09.000742","CYMNEG","Cymindis neglecta","species",,"Haldeman",,"Lindroth, C. H. 1969. The ground-beetles (Carabidae, excl. Cicindelinae) of Canada and Alaska, parts 1-6. Opuscula E. Entomoligiska Sallskapet.",,"4oCBvlQIQ4DhSH30J22+0bs0GAacIQwk","eE6kvSR3uoy9zdn7o7etq88/xsP7F3Qo",
"837ede87-fcdc-4218-b6a7-2411641ada06","WOOD_005.basePlot.bet","D09","WOOD","WOOD_005","N","2015-06-24","2015-07-08","2015-10-14","2016-01-20","Q/pjwyhQ09ycrZ7nsLw/Q+GIlFRuZs18myAyupzfYiA=","NEON.BET.D09.000714","BRACYA2","Brachinus cyanochroaticus","species","cf. species","Erwin",,"Lindroth, C. H. 1969. The ground-beetles (Carabidae, excl. Cicindelinae) of Canada and Alaska, parts 1-6. Opuscula E. Entomoligiska Sallskapet.",,"4oCBvlQIQ4DhSH30J22+0bs0GAacIQwk","eE6kvSR3uoy9zdn7o7etq88/xsP7F3Qo","less hair on elytra than ususal| abdomen entirely dark or nearly so| pubescence over entire elytra| tibiae and tarsi the same color as femora| metasternum at least partially infuscated beyond metaepisternum| punctuation of prothorax evident"
"5e286294-5b37-4286-aa45-b888efb8685c","WOOD_002.basePlot.bet","D09","WOOD","WOOD_002","S","2015-06-24","2015-07-08","2015-10-16","2016-01-06","V7nyjIgYGmPGW5RkcOYDIEPRbLFt7MwEnk+j8ghpqkc=","NEON.BET.D09.000727","AMAANG1","Amara angustata","species",,"Say",,"Lindroth, C. H. 1969. The ground-beetles (Carabidae, excl. Cicindelinae) of Canada and Alaska, parts 1-6. Opuscula E. Entomoligiska Sallskapet.",,"4oCBvlQIQ4DhSH30J22+0bs0GAacIQwk","eE6kvSR3uoy9zdn7o7etq88/xsP7F3Qo",
"7919e5a4-9719-4ec1-9660-a792b4eda115","WOOD_002.basePlot.bet","D09","WOOD","WOOD_002","S","2015-06-24","2015-07-08","2015-10-16","2016-01-13","V7nyjIgYGmPGW5RkcOYDIIcxrF0MhA4LBdukjC/VlN4=","NEON.BET.D09.000728","BEMPRA2","Bembidion praticola","species","cf. species","Lindroth",,"Lindroth, C. H. 1969. The ground-beetles (Carabidae, excl. Cicindelinae) of Canada and Alaska, parts 1-6. Opuscula E. Entomoligiska Sallskapet.",,"4oCBvlQIQ4DhSH30J22+0bs0GAacIQwk","eE6kvSR3uoy9zdn7o7etq88/xsP7F3Qo","elytra dark reddish| pale legs| frontal furrows nearly parallel| first 3 segments of antennae pale| little microsculpture evident on prothorax but strong on elytra| 1 interval hardly paler| prothorax hind angles nearly right| size 2.8-3.5 mm."
"c7d1fd93-9385-46c7-968a-3fc5c0d3ee0e","WOOD_004.basePlot.bet","D09","WOOD","WOOD_004","S","2015-06-24","2015-07-08","2015-10-16","2016-01-27","tVkCk1nh7tEzQiI23vMWyfg3JYyMQtd7k+zBm3IVEUg=","NEON.BET.D09.000731","SYNAME","Syntomus americanus","species","cf. species","Dejean",,"Lindroth, C. H. 1969. The ground-beetles (Carabidae, excl. Cicindelinae) of Canada and Alaska, parts 1-6. Opuscula E. Entomoligiska Sallskapet.",,"4oCBvlQIQ4DhSH30J22+0bs0GAacIQwk","eE6kvSR3uoy9zdn7o7etq88/xsP7F3Qo","Apex of elytra sinuate| elytral striae not well defined| Could be Apristus sp. but pubescence starts on 4th antennal segment and some seem less than 3 mm.| difficult to see if mentum tooth is bifid"
"eac09435-7ee5-4e60-b5a6-aa7d83b1ef54","WOOD_007.basePlot.bet","D09","WOOD","WOOD_007","S","2015-06-24","2015-07-08","2015-10-16","2016-01-14","5mkFtj0S+ggRycJyJqYyrQR3BQ6ATKx97D2Qe9j6o2I=","NEON.BET.D09.000730","AMAANG1","Amara angustata","species",,"Say",,"Lindroth, C. H. 1969. The ground-beetles (Carabidae, excl. Cicindelinae) of Canada and Alaska, parts 1-6. Opuscula E. Entomoligiska Sallskapet.",,"4oCBvlQIQ4DhSH30J22+0bs0GAacIQwk","eE6kvSR3uoy9zdn7o7etq88/xsP7F3Qo",
"e39d7597-510c-4685-ae5b-41797b9d7c2b","WOOD_001.basePlot.bet","D09","WOOD","WOOD_001","W","2015-06-24","2015-07-08","2015-10-16","2016-01-11","vZVALStcGze4oqiSg8fWakmr9f7Jqxru8ytTqVWfsxY=","NEON.BET.D09.000721","CARSP14","Carabidae sp.","family",,"Latreille","D09.2015.MorphB","Lindroth, C. H. 1969. The ground-beetles (Carabidae, excl. Cicindelinae) of Canada and Alaska, parts 1-6. Opuscula E. Entomoligiska Sallskapet.",,"4oCBvlQIQ4DhSH30J22+0bs0GAacIQwk","eE6kvSR3uoy9zdn7o7etq88/xsP7F3Qo","Agonoleptus sp. or Stenolophus sp.| keyed to S. conjunctus in Lindroth 1969 which is now Agonoleptus conjunctus| Agonoleptus sp. or Stenolophus sp.| size about 3 mm| darker central cloud on pronotum| slightly paler towards Agonoleptus sp. or Stenolophu"
"8cd9db80-dcff-4eee-bc10-fe49526807ee","WOOD_002.basePlot.bet","D09","WOOD","WOOD_002","W","2015-06-24","2015-07-08","2015-10-16","2016-01-21","V7nyjIgYGmM6sIIp+cKQBJHFVS/UAakgyyVeHuEcpqk=","NEON.BET.D09.000726","CYMNEG","Cymindis neglecta","species",,"Haldeman",,"Lindroth, C. H. 1969. The ground-beetles (Carabidae, excl. Cicindelinae) of Canada and Alaska, parts 1-6. Opuscula E. Entomoligiska Sallskapet.",,"4oCBvlQIQ4DhSH30J22+0bs0GAacIQwk","eE6kvSR3uoy9zdn7o7etq88/xsP7F3Qo",
"afaeb9f7-a2e0-44cc-b430-7703a4ae88ab","WOOD_023.basePlot.bet","D09","WOOD","WOOD_023","S","2015-06-24","2015-07-23","2015-10-20","2016-01-11","HkhQBNKo1QB/33EtIZadeW9D3t87fZl9FmYmt4xkxj0=","NEON.BET.D09.000781","ACUNAN","Acupalpus nanellus","species","cf. species","Casey",,"Lindroth, C. H. 1969. The ground-beetles (Carabidae, excl. Cicindelinae) of Canada and Alaska, parts 1-6. Opuscula E. Entomoligiska Sallskapet.",,"4oCBvlQIQ4DhSH30J22+0bs0GAacIQwk","a/0SlN26fEtmJ3LLysIxkaRUfZvckIBE","microsculpture present| pronotum color strongly contrasting with elytra| basal corners of elytra without punctures| microsculpture present and hind angles of prothorax appear completely rounded| less than 3mm."
"d991881c-1a2b-4bb9-a0a6-d0a7195bbb2e","WOOD_023.basePlot.bet","D09","WOOD","WOOD_023","S","2015-06-24","2015-07-23","2015-10-20","2016-01-20","HkhQBNKo1QB/33EtIZadeZ8f727yjG9XCv9dKWL67rM=","NEON.BET.D09.000779","BRACYA2","Brachinus cyanochroaticus","species",,"Erwin",,"Lindroth, C. H. 1969. The ground-beetles (Carabidae, excl. Cicindelinae) of Canada and Alaska, parts 1-6. Opuscula E. Entomoligiska Sallskapet.",,"4oCBvlQIQ4DhSH30J22+0bs0GAacIQwk","a/0SlN26fEtmJ3LLysIxkaRUfZvckIBE",
"eabf334c-5e4a-4cef-84a5-3d2ba976992b","WOOD_023.basePlot.bet","D09","WOOD","WOOD_023","S","2015-06-24","2015-07-23","2015-10-20","2016-01-25","HkhQBNKo1QB/33EtIZadecs47r2xF37ggaFSzj/CD8w=","NEON.BET.D09.000780","PTEMEL","Pterostichus melanarius melanarius","subspecies",,"Illiger",,"Lindroth, C. H. 1969. The ground-beetles (Carabidae, excl. Cicindelinae) of Canada and Alaska, parts 1-6. Opuscula E. Entomoligiska Sallskapet.",,"4oCBvlQIQ4DhSH30J22+0bs0GAacIQwk","a/0SlN26fEtmJ3LLysIxkaRUfZvckIBE",
"3f6656f4-d848-4efe-a613-8faed9ffe30c","WOOD_002.basePlot.bet","D09","WOOD","WOOD_002","E","2015-07-08","2015-07-22","2015-10-20","2016-01-15","V7nyjIgYGmPsrfFWaAbdc6rP4kvit7Ljl+S0GgQEJW4=","NEON.BET.D09.000844","HARSOM","Harpalus somnulentus","species","cf. species","Dejean",,"Lindroth, C. H. 1969. The ground-beetles (Carabidae, excl. Cicindelinae) of Canada and Alaska, parts 1-6. Opuscula E. Entomoligiska Sallskapet.",,"4oCBvlQIQ4DhSH30J22+0bs0GAacIQwk","a/0SlN26fEtmJ3LLysIxkaRUfZvckIBE","Lindroth is H. carbonatus| has a larger shoulder tooth| larger in size| and sometiemes more punctate on prothorax than H. opacipennis| could be H. nigritarsus or H. herbivagus"
"d8ca84d6-ba05-4ef1-86d5-254ef8e36565","WOOD_023.basePlot.bet","D09","WOOD","WOOD_023","E","2015-07-08","2015-07-22","2015-10-20","2016-01-06","HkhQBNKo1QDH9WfGaaJTwP46lT2/KgM4RW1FZipo8dI=","NEON.BET.D09.000799","CHLSER","Chlaenius sericeus","species",,"Forster",,"Lindroth, C. H. 1969. The ground-beetles (Carabidae, excl. Cicindelinae) of Canada and Alaska, parts 1-6. Opuscula E. Entomoligiska Sallskapet.",,"4oCBvlQIQ4DhSH30J22+0bs0GAacIQwk","a/0SlN26fEtmJ3LLysIxkaRUfZvckIBE",
"68c33a82-7d03-4a01-8fb3-82fbcc256cf3","WOOD_023.basePlot.bet","D09","WOOD","WOOD_023","E","2015-07-08","2015-07-22","2015-10-20","2016-01-06","HkhQBNKo1QDH9WfGaaJTwP46lT2/KgM4RW1FZipo8dI=","NEON.BET.D09.000800","CHLSER","Chlaenius sericeus","species",,"Forster",,"Lindroth, C. H. 1969. The ground-beetles (Carabidae, excl. Cicindelinae) of Canada and Alaska, parts 1-6. Opuscula E. Entomoligiska Sallskapet.",,"4oCBvlQIQ4DhSH30J22+0bs0GAacIQwk","a/0SlN26fEtmJ3LLysIxkaRUfZvckIBE",
"eb02ecb6-f698-4681-b951-f8ea3b91bc2b","WOOD_003.basePlot.bet","D09","WOOD","WOOD_003","E","2015-07-08","2015-07-22","2015-10-19","2016-01-27","gVhx7bcr2vPfgD1jJpAncMR5b1cyzPWaIcUgZooOZKQ=","NEON.BET.D09.000771","SYNAME","Syntomus americanus","species","cf. species","Dejean",,"Lindroth, C. H. 1969. The ground-beetles (Carabidae, excl. Cicindelinae) of Canada and Alaska, parts 1-6. Opuscula E. Entomoligiska Sallskapet.",,"4oCBvlQIQ4DhSH30J22+0bs0GAacIQwk","49AT3csB7SNH9c2JnAOTHYMNXNZpKUYr","Apex of elytra sinuate| elytral striae not well defined| Could be Apristus sp. but pubescence starts on 4th antennal segment and some seem less than 3 mm.| difficult to see if mentum tooth is bifid"
"7ef04a5e-bc0b-4f5c-9051-4c66fbb678e7","WOOD_023.basePlot.bet","D09","WOOD","WOOD_023","E","2015-07-08","2015-07-22","2015-10-20","2016-01-20","HkhQBNKo1QDH9WfGaaJTwNvZ9/4UihzsgC7oSIRyG5M=","NEON.BET.D09.000807","POELUC","Poecilus lucublandus","species",,"Say",,"Lindroth, C. H. 1969. The ground-beetles (Carabidae, excl. Cicindelinae) of Canada and Alaska, parts 1-6. Opuscula E. Entomoligiska Sallskapet.",,"4oCBvlQIQ4DhSH30J22+0bs0GAacIQwk","a/0SlN26fEtmJ3LLysIxkaRUfZvckIBE",
"154a7ae9-a2c3-4072-a907-6e1e7cc2b799","WOOD_023.basePlot.bet","D09","WOOD","WOOD_023","E","2015-07-08","2015-07-22","2015-10-20","2016-01-20","HkhQBNKo1QDH9WfGaaJTwPLXFxh1xvga5/ITNDQRfDo=","NEON.BET.D09.000806","PTELUC","Pterostichus luctuosus","species","cf. species","Dejean",,"Lindroth, C. H. 1969. The ground-beetles (Carabidae, excl. Cicindelinae) of Canada and Alaska, parts 1-6. Opuscula E. Entomoligiska Sallskapet.",,"4oCBvlQIQ4DhSH30J22+0bs0GAacIQwk","a/0SlN26fEtmJ3LLysIxkaRUfZvckIBE","last tarsi glabrous| prothorax hind angles less right and less prominent| incomplete elytral striae between 1 and 2 nearly touches the first| size 8 to12 mm| could be P. caudicalis but prothorax sculpture not as close"
"d9536354-e0d1-4224-a00e-5919253996be","WOOD_023.basePlot.bet","D09","WOOD","WOOD_023","E","2015-07-08","2015-07-22","2015-10-20","2016-01-25","HkhQBNKo1QDH9WfGaaJTwHVYmACzZwhGkAf6uePvXcs=","NEON.BET.D09.000782","PTEMEL","Pterostichus melanarius melanarius","subspecies",,"Illiger",,"Lindroth, C. H. 1969. The ground-beetles (Carabidae, excl. Cicindelinae) of Canada and Alaska, parts 1-6. Opuscula E. Entomoligiska Sallskapet.",,"4oCBvlQIQ4DhSH30J22+0bs0GAacIQwk","a/0SlN26fEtmJ3LLysIxkaRUfZvckIBE",
"7c38db9c-9463-41c6-adf9-9b70d9cd9ee1","WOOD_023.basePlot.bet","D09","WOOD","WOOD_023","E","2015-07-08","2015-07-22","2015-10-20","2016-01-25","HkhQBNKo1QDH9WfGaaJTwHVYmACzZwhGkAf6uePvXcs=","NEON.BET.D09.000791","PTEMEL","Pterostichus melanarius melanarius","subspecies",,"Illiger",,"Lindroth, C. H. 1969. The ground-beetles (Carabidae, excl. Cicindelinae) of Canada and Alaska, parts 1-6. Opuscula E. Entomoligiska Sallskapet.",,"4oCBvlQIQ4DhSH30J22+0bs0GAacIQwk","a/0SlN26fEtmJ3LLysIxkaRUfZvckIBE",
"0b1b64d0-9027-4cbf-aae2-d28590a0fe84","WOOD_003.basePlot.bet","D09","WOOD","WOOD_003","E","2015-07-08","2015-07-22","2015-10-19","2016-01-26","gVhx7bcr2vPfgD1jJpAncKxLg6kETCQ8Yqy5nrWL9k4=","NEON.BET.D09.000767","HAROPA","Harpalus opacipennis","species","cf. species","Haldeman",,"Lindroth, C. H. 1969. The ground-beetles (Carabidae, excl. Cicindelinae) of Canada and Alaska, parts 1-6. Opuscula E. Entomoligiska Sallskapet.",,"4oCBvlQIQ4DhSH30J22+0bs0GAacIQwk","49AT3csB7SNH9c2JnAOTHYMNXNZpKUYr","shoulder tooth small but sharp| no or little punctuation on prothorax| at least base of tibia pale| head narrow| strong microsculpture on elytra| basal side margins of prothorax nearly straight| size 7.5-9.3 mm.| could be H. nigritarsus but labial palpae"
"a8289d22-2ecd-4568-a3aa-1f78a9d3f23e","WOOD_003.basePlot.bet","D09","WOOD","WOOD_003","E","2015-07-08","2015-07-22","2015-10-19","2016-01-21","gVhx7bcr2vPfgD1jJpAncMS3hcBlXS+oxv8rTAXUtcY=","NEON.BET.D09.000769","CYMNEG","Cymindis neglecta","species",,"Haldeman",,"Lindroth, C. H. 1969. The ground-beetles (Carabidae, excl. Cicindelinae) of Canada and Alaska, parts 1-6. Opuscula E. Entomoligiska Sallskapet.",,"4oCBvlQIQ4DhSH30J22+0bs0GAacIQwk","49AT3csB7SNH9c2JnAOTHYMNXNZpKUYr",
"1b6e9e06-6d09-4981-b7b8-44142bcbaee4","WOOD_003.basePlot.bet","D09","WOOD","WOOD_003","E","2015-07-08","2015-07-22","2015-10-19","2016-01-27","gVhx7bcr2vPfgD1jJpAncMR5b1cyzPWaIcUgZooOZKQ=","NEON.BET.D09.000776","SYNAME","Syntomus americanus","species","cf. species","Dejean",,"Lindroth, C. H. 1969. The ground-beetles (Carabidae, excl. Cicindelinae) of Canada and Alaska, parts 1-6. Opuscula E. Entomoligiska Sallskapet.",,"4oCBvlQIQ4DhSH30J22+0bs0GAacIQwk","49AT3csB7SNH9c2JnAOTHYMNXNZpKUYr","Apex of elytra sinuate| elytral striae not well defined| Could be Apristus sp. but pubescence starts on 4th antennal segment and some seem less than 3 mm.| difficult to see if mentum tooth is bifid"
"c3b74f7e-9260-4cb8-a072-d572b827d272","WOOD_002.basePlot.bet","D09","WOOD","WOOD_002","E","2015-07-08","2015-07-22","2015-10-20","2016-01-25","V7nyjIgYGmPsrfFWaAbdc28nWxATQVAxJK/FajgAAsI=","NEON.BET.D09.000838","PTEMEL","Pterostichus melanarius melanarius","subspecies",,"Illiger",,"Lindroth, C. H. 1969. The ground-beetles (Carabidae, excl. Cicindelinae) of Canada and Alaska, parts 1-6. Opuscula E. Entomoligiska Sallskapet.",,"4oCBvlQIQ4DhSH30J22+0bs0GAacIQwk","a/0SlN26fEtmJ3LLysIxkaRUfZvckIBE",
"c7dd1d27-058c-47ec-85a2-77f2d25448ae","WOOD_023.basePlot.bet","D09","WOOD","WOOD_023","E","2015-07-08","2015-07-22","2015-10-20","2016-01-25","HkhQBNKo1QDH9WfGaaJTwHVYmACzZwhGkAf6uePvXcs=","NEON.BET.D09.000793","PTEMEL","Pterostichus melanarius melanarius","subspecies",,"Illiger",,"Lindroth, C. H. 1969. The ground-beetles (Carabidae, excl. Cicindelinae) of Canada and Alaska, parts 1-6. Opuscula E. Entomoligiska Sallskapet.",,"4oCBvlQIQ4DhSH30J22+0bs0GAacIQwk","a/0SlN26fEtmJ3LLysIxkaRUfZvckIBE",
"e2a58d7f-d0e3-4e2e-84e5-9abab6856cd0","WOOD_023.basePlot.bet","D09","WOOD","WOOD_023","E","2015-07-08","2015-07-22","2015-10-20","2016-01-13","HkhQBNKo1QDH9WfGaaJTwM6Q574YeE97SNaN7RgDGRM=","NEON.BET.D09.000809","BEMPRA2","Bembidion praticola","species","cf. species","Lindroth",,"Lindroth, C. H. 1969. The ground-beetles (Carabidae, excl. Cicindelinae) of Canada and Alaska, parts 1-6. Opuscula E. Entomoligiska Sallskapet.",,"4oCBvlQIQ4DhSH30J22+0bs0GAacIQwk","a/0SlN26fEtmJ3LLysIxkaRUfZvckIBE","elytra dark reddish| pale legs| frontal furrows nearly parallel| first 3 segments of antennae pale| little microsculpture evident on prothorax but strong on elytra| 1 interval hardly paler| prothorax hind angles nearly right| size 2.8-3.5 mm."
"91e3b2a1-565f-4d0f-b611-661018dc4d62","WOOD_021.basePlot.bet","D09","WOOD","WOOD_021","E","2015-07-08","2015-07-22","2015-10-19","2016-01-20","WrmnCoit366aYWK9g06YaYJJ0ihD3Nsj5mUMqX3Y9b0=","NEON.BET.D09.000794","POELUC","Poecilus lucublandus","species",,"Say",,"Lindroth, C. H. 1969. The ground-beetles (Carabidae, excl. Cicindelinae) of Canada and Alaska, parts 1-6. Opuscula E. Entomoligiska Sallskapet.",,"4oCBvlQIQ4DhSH30J22+0bs0GAacIQwk","49AT3csB7SNH9c2JnAOTHYMNXNZpKUYr",
"a0d17970-4f47-416c-a13b-8361fa0253a4","WOOD_002.basePlot.bet","D09","WOOD","WOOD_002","E","2015-07-08","2015-07-22","2015-10-20","2016-01-25","V7nyjIgYGmPsrfFWaAbdc28nWxATQVAxJK/FajgAAsI=","NEON.BET.D09.000841","PTEMEL","Pterostichus melanarius melanarius","subspecies",,"Illiger",,"Lindroth, C. H. 1969. The ground-beetles (Carabidae, excl. Cicindelinae) of Canada and Alaska, parts 1-6. Opuscula E. Entomoligiska Sallskapet.",,"4oCBvlQIQ4DhSH30J22+0bs0GAacIQwk","a/0SlN26fEtmJ3LLysIxkaRUfZvckIBE",
"5fe3e893-a317-4693-bb5f-7ad999248ea2","WOOD_002.basePlot.bet","D09","WOOD","WOOD_002","E","2015-07-08","2015-07-22","2015-10-20","2016-01-25","V7nyjIgYGmPsrfFWaAbdc28nWxATQVAxJK/FajgAAsI=","NEON.BET.D09.000834","PTEMEL","Pterostichus melanarius melanarius","subspecies",,"Illiger",,"Lindroth, C. H. 1969. The ground-beetles (Carabidae, excl. Cicindelinae) of Canada and Alaska, parts 1-6. Opuscula E. Entomoligiska Sallskapet.",,"4oCBvlQIQ4DhSH30J22+0bs0GAacIQwk","a/0SlN26fEtmJ3LLysIxkaRUfZvckIBE",
"2240e371-dd4a-4841-810a-bb0446ef9d7d","WOOD_002.basePlot.bet","D09","WOOD","WOOD_002","E","2015-07-08","2015-07-22","2015-10-20","2016-01-25","V7nyjIgYGmPsrfFWaAbdc28nWxATQVAxJK/FajgAAsI=","NEON.BET.D09.000832","PTEMEL","Pterostichus melanarius melanarius","subspecies",,"Illiger",,"Lindroth, C. H. 1969. The ground-beetles (Carabidae, excl. Cicindelinae) of Canada and Alaska, parts 1-6. Opuscula E. Entomoligiska Sallskapet.",,"4oCBvlQIQ4DhSH30J22+0bs0GAacIQwk","a/0SlN26fEtmJ3LLysIxkaRUfZvckIBE",
"5de39a82-040c-4ac9-90c3-a216f34d8fa9","WOOD_023.basePlot.bet","D09","WOOD","WOOD_023","E","2015-07-08","2015-07-22","2015-10-20","2016-01-06","HkhQBNKo1QDH9WfGaaJTwP46lT2/KgM4RW1FZipo8dI=","NEON.BET.D09.000801","CHLSER","Chlaenius sericeus","species",,"Forster",,"Lindroth, C. H. 1969. The ground-beetles (Carabidae, excl. Cicindelinae) of Canada and Alaska, parts 1-6. Opuscula E. Entomoligiska Sallskapet.",,"4oCBvlQIQ4DhSH30J22+0bs0GAacIQwk","a/0SlN26fEtmJ3LLysIxkaRUfZvckIBE",
"b1aec22f-e779-41a7-86f3-ba504b56ebeb","WOOD_023.basePlot.bet","D09","WOOD","WOOD_023","E","2015-07-08","2015-07-22","2015-10-20","2016-01-25","HkhQBNKo1QDH9WfGaaJTwHVYmACzZwhGkAf6uePvXcs=","NEON.BET.D09.000790","PTEMEL","Pterostichus melanarius melanarius","subspecies",,"Illiger",,"Lindroth, C. H. 1969. The ground-beetles (Carabidae, excl. Cicindelinae) of Canada and Alaska, parts 1-6. Opuscula E. Entomoligiska Sallskapet.",,"4oCBvlQIQ4DhSH30J22+0bs0GAacIQwk","a/0SlN26fEtmJ3LLysIxkaRUfZvckIBE",
"6823dcc0-0317-4922-8b49-d4bcacb6c829","WOOD_003.basePlot.bet","D09","WOOD","WOOD_003","E","2015-07-08","2015-07-22","2015-10-19","2016-01-27","gVhx7bcr2vPfgD1jJpAncMR5b1cyzPWaIcUgZooOZKQ=","NEON.BET.D09.000775","SYNAME","Syntomus americanus","species","cf. species","Dejean",,"Lindroth, C. H. 1969. The ground-beetles (Carabidae, excl. Cicindelinae) of Canada and Alaska, parts 1-6. Opuscula E. Entomoligiska Sallskapet.",,"4oCBvlQIQ4DhSH30J22+0bs0GAacIQwk","49AT3csB7SNH9c2JnAOTHYMNXNZpKUYr","Apex of elytra sinuate| elytral striae not well defined| Could be Apristus sp. but pubescence starts on 4th antennal segment and some seem less than 3 mm.| difficult to see if mentum tooth is bifid"
"d24c95ec-fecd-4c97-995f-0cae1d32c27b","WOOD_002.basePlot.bet","D09","WOOD","WOOD_002","E","2015-07-08","2015-07-22","2015-10-20","2016-01-25","V7nyjIgYGmPsrfFWaAbdc28nWxATQVAxJK/FajgAAsI=","NEON.BET.D09.000835","PTEMEL","Pterostichus melanarius melanarius","subspecies",,"Illiger",,"Lindroth, C. H. 1969. The ground-beetles (Carabidae, excl. Cicindelinae) of Canada and Alaska, parts 1-6. Opuscula E. Entomoligiska Sallskapet.",,"4oCBvlQIQ4DhSH30J22+0bs0GAacIQwk","a/0SlN26fEtmJ3LLysIxkaRUfZvckIBE",
"50eff07a-e741-428d-8b02-3f1ef23bf7e8","WOOD_002.basePlot.bet","D09","WOOD","WOOD_002","E","2015-07-08","2015-07-22","2015-10-20","2016-01-25","V7nyjIgYGmPsrfFWaAbdc28nWxATQVAxJK/FajgAAsI=","NEON.BET.D09.000837","PTEMEL","Pterostichus melanarius melanarius","subspecies",,"Illiger",,"Lindroth, C. H. 1969. The ground-beetles (Carabidae, excl. Cicindelinae) of Canada and Alaska, parts 1-6. Opuscula E. Entomoligiska Sallskapet.",,"4oCBvlQIQ4DhSH30J22+0bs0GAacIQwk","a/0SlN26fEtmJ3LLysIxkaRUfZvckIBE",
"6993e984-e5cc-4a81-80e9-4e3bbcb86cb2","WOOD_002.basePlot.bet","D09","WOOD","WOOD_002","E","2015-07-08","2015-07-22","2015-10-20","2016-01-25","V7nyjIgYGmPsrfFWaAbdc28nWxATQVAxJK/FajgAAsI=","NEON.BET.D09.000833","PTEMEL","Pterostichus melanarius melanarius","subspecies",,"Illiger",,"Lindroth, C. H. 1969. The ground-beetles (Carabidae, excl. Cicindelinae) of Canada and Alaska, parts 1-6. Opuscula E. Entomoligiska Sallskapet.",,"4oCBvlQIQ4DhSH30J22+0bs0GAacIQwk","a/0SlN26fEtmJ3LLysIxkaRUfZvckIBE",
"90b8e269-2a64-4d3a-9737-2b83118a0797","WOOD_023.basePlot.bet","D09","WOOD","WOOD_023","E","2015-07-08","2015-07-22","2015-10-20","2016-01-25","HkhQBNKo1QDH9WfGaaJTwHVYmACzZwhGkAf6uePvXcs=","NEON.BET.D09.000797","PTEMEL","Pterostichus melanarius melanarius","subspecies",,"Illiger",,"Lindroth, C. H. 1969. The ground-beetles (Carabidae, excl. Cicindelinae) of Canada and Alaska, parts 1-6. Opuscula E. Entomoligiska Sallskapet.",,"4oCBvlQIQ4DhSH30J22+0bs0GAacIQwk","a/0SlN26fEtmJ3LLysIxkaRUfZvckIBE",
"94889dfb-ed57-4b9d-b6ce-1584d13233d7","WOOD_002.basePlot.bet","D09","WOOD","WOOD_002","E","2015-07-08","2015-07-22","2015-10-20","2016-01-21","V7nyjIgYGmPsrfFWaAbdc+GoU1OXgAelNwSgYlpuAig=","NEON.BET.D09.000847","CYMNEG","Cymindis neglecta","species",,"Haldeman",,"Lindroth, C. H. 1969. The ground-beetles (Carabidae, excl. Cicindelinae) of Canada and Alaska, parts 1-6. Opuscula E. Entomoligiska Sallskapet.",,"4oCBvlQIQ4DhSH30J22+0bs0GAacIQwk","a/0SlN26fEtmJ3LLysIxkaRUfZvckIBE",
"0a000dfb-e1da-4887-a83f-58e67b8863e9","WOOD_002.basePlot.bet","D09","WOOD","WOOD_002","E","2015-07-08","2015-07-22","2015-10-20","2016-01-20","V7nyjIgYGmPsrfFWaAbdc9X3LnYWEmPYFhPpj+WQyfA=","NEON.BET.D09.000842","POELUC","Poecilus lucublandus","species",,"Say",,"Lindroth, C. H. 1969. The ground-beetles (Carabidae, excl. Cicindelinae) of Canada and Alaska, parts 1-6. Opuscula E. Entomoligiska Sallskapet.",,"4oCBvlQIQ4DhSH30J22+0bs0GAacIQwk","a/0SlN26fEtmJ3LLysIxkaRUfZvckIBE",
"19aa5088-5fa8-4875-bf8c-720c1467bbb2","WOOD_002.basePlot.bet","D09","WOOD","WOOD_002","E","2015-07-08","2015-07-22","2015-10-20","2016-01-25","V7nyjIgYGmPsrfFWaAbdc28nWxATQVAxJK/FajgAAsI=","NEON.BET.D09.000839","PTEMEL","Pterostichus melanarius melanarius","subspecies",,"Illiger",,"Lindroth, C. H. 1969. The ground-beetles (Carabidae, excl. Cicindelinae) of Canada and Alaska, parts 1-6. Opuscula E. Entomoligiska Sallskapet.",,"4oCBvlQIQ4DhSH30J22+0bs0GAacIQwk","a/0SlN26fEtmJ3LLysIxkaRUfZvckIBE",
"dc326577-0eb3-48fa-a465-d19a2cda7859","WOOD_002.basePlot.bet","D09","WOOD","WOOD_002","E","2015-07-08","2015-07-22","2015-10-20","2016-01-20","V7nyjIgYGmPsrfFWaAbdc9AKys+U4ofHlmvLpQzMNxY=","NEON.BET.D09.000845","AMACOE","Amara coelebs","species","cf. species","Hayward",,"Lindroth, C. H. 1969. The ground-beetles (Carabidae, excl. Cicindelinae) of Canada and Alaska, parts 1-6. Opuscula E. Entomoligiska Sallskapet.",,"4oCBvlQIQ4DhSH30J22+0bs0GAacIQwk","a/0SlN26fEtmJ3LLysIxkaRUfZvckIBE","antennal segment 3 dark| appendages mostly dark| males in this morphospecies| 6.3 to 7.7 mm.| may be A. aeneopolita based on micosculpture but at least one specimen seems a little too large| could be both species"
"03708b57-8395-4a60-8c66-63951062681f","WOOD_002.basePlot.bet","D09","WOOD","WOOD_002","E","2015-07-08","2015-07-22","2015-10-20","2016-01-25","V7nyjIgYGmPsrfFWaAbdc28nWxATQVAxJK/FajgAAsI=","NEON.BET.D09.000840","PTEMEL","Pterostichus melanarius melanarius","subspecies",,"Illiger",,"Lindroth, C. H. 1969. The ground-beetles (Carabidae, excl. Cicindelinae) of Canada and Alaska, parts 1-6. Opuscula E. Entomoligiska Sallskapet.",,"4oCBvlQIQ4DhSH30J22+0bs0GAacIQwk","a/0SlN26fEtmJ3LLysIxkaRUfZvckIBE",
"dddd4f4e-c496-4c3d-a7e3-6bfc44e5de21","WOOD_002.basePlot.bet","D09","WOOD","WOOD_002","E","2015-07-08","2015-07-22","2015-10-20","2016-01-25","V7nyjIgYGmPsrfFWaAbdc28nWxATQVAxJK/FajgAAsI=","NEON.BET.D09.000830","PTEMEL","Pterostichus melanarius melanarius","subspecies",,"Illiger",,"Lindroth, C. H. 1969. The ground-beetles (Carabidae, excl. Cicindelinae) of Canada and Alaska, parts 1-6. Opuscula E. Entomoligiska Sallskapet.",,"4oCBvlQIQ4DhSH30J22+0bs0GAacIQwk","a/0SlN26fEtmJ3LLysIxkaRUfZvckIBE",
"f99847ab-a9e8-40ff-98f8-b07fb5e1c2e4","WOOD_002.basePlot.bet","D09","WOOD","WOOD_002","E","2015-07-08","2015-07-22","2015-10-20","2016-01-25","V7nyjIgYGmPsrfFWaAbdc28nWxATQVAxJK/FajgAAsI=","NEON.BET.D09.000836","PTEMEL","Pterostichus melanarius melanarius","subspecies",,"Illiger",,"Lindroth, C. H. 1969. The ground-beetles (Carabidae, excl. Cicindelinae) of Canada and Alaska, parts 1-6. Opuscula E. Entomoligiska Sallskapet.",,"4oCBvlQIQ4DhSH30J22+0bs0GAacIQwk","a/0SlN26fEtmJ3LLysIxkaRUfZvckIBE",
"9933d4ab-bacc-4ed0-a199-5abb9d242b74","WOOD_002.basePlot.bet","D09","WOOD","WOOD_002","E","2015-07-08","2015-07-22","2015-10-20","2016-01-25","V7nyjIgYGmPsrfFWaAbdc28nWxATQVAxJK/FajgAAsI=","NEON.BET.D09.000831","PTEMEL","Pterostichus melanarius melanarius","subspecies",,"Illiger",,"Lindroth, C. H. 1969. The ground-beetles (Carabidae, excl. Cicindelinae) of Canada and Alaska, parts 1-6. Opuscula E. Entomoligiska Sallskapet.",,"4oCBvlQIQ4DhSH30J22+0bs0GAacIQwk","a/0SlN26fEtmJ3LLysIxkaRUfZvckIBE",
"25106982-a389-4e3b-b507-bdfc03aadeb3","WOOD_002.basePlot.bet","D09","WOOD","WOOD_002","E","2015-07-08","2015-07-22","2015-10-20","2016-01-21","V7nyjIgYGmPsrfFWaAbdc+GoU1OXgAelNwSgYlpuAig=","NEON.BET.D09.000846","CYMNEG","Cymindis neglecta","species",,"Haldeman",,"Other",,"4oCBvlQIQ4DhSH30J22+0bs0GAacIQwk","a/0SlN26fEtmJ3LLysIxkaRUfZvckIBE",
"4e769f77-d1da-4cbe-9a3c-63bce1ebd4ad","WOOD_023.basePlot.bet","D09","WOOD","WOOD_023","E","2015-07-08","2015-07-22","2015-10-20","2016-01-25","HkhQBNKo1QDH9WfGaaJTwHVYmACzZwhGkAf6uePvXcs=","NEON.BET.D09.000795","PTEMEL","Pterostichus melanarius melanarius","subspecies",,"Illiger",,"Lindroth, C. H. 1969. The ground-beetles (Carabidae, excl. Cicindelinae) of Canada and Alaska, parts 1-6. Opuscula E. Entomoligiska Sallskapet.",,"4oCBvlQIQ4DhSH30J22+0bs0GAacIQwk","a/0SlN26fEtmJ3LLysIxkaRUfZvckIBE",
"97a8a02e-b5db-47d4-9052-d7d4b6678231","WOOD_023.basePlot.bet","D09","WOOD","WOOD_023","E","2015-07-08","2015-07-22","2015-10-20","2016-01-25","HkhQBNKo1QDH9WfGaaJTwHVYmACzZwhGkAf6uePvXcs=","NEON.BET.D09.000783","PTEMEL","Pterostichus melanarius melanarius","subspecies",,"Illiger",,"Lindroth, C. H. 1969. The ground-beetles (Carabidae, excl. Cicindelinae) of Canada and Alaska, parts 1-6. Opuscula E. Entomoligiska Sallskapet.",,"4oCBvlQIQ4DhSH30J22+0bs0GAacIQwk","a/0SlN26fEtmJ3LLysIxkaRUfZvckIBE",
"9ff32994-c677-4eee-bc4d-f0a2d25daaca","WOOD_023.basePlot.bet","D09","WOOD","WOOD_023","E","2015-07-08","2015-07-22","2015-10-20","2016-01-25","HkhQBNKo1QDH9WfGaaJTwHVYmACzZwhGkAf6uePvXcs=","NEON.BET.D09.000792","PTEMEL","Pterostichus melanarius melanarius","subspecies",,"Illiger",,"Lindroth, C. H. 1969. The ground-beetles (Carabidae, excl. Cicindelinae) of Canada and Alaska, parts 1-6. Opuscula E. Entomoligiska Sallskapet.",,"4oCBvlQIQ4DhSH30J22+0bs0GAacIQwk","a/0SlN26fEtmJ3LLysIxkaRUfZvckIBE",
"50f88197-c8e6-48a6-b6b2-1fe1b09832f8","WOOD_023.basePlot.bet","D09","WOOD","WOOD_023","E","2015-07-08","2015-07-22","2015-10-20","2016-01-06","HkhQBNKo1QDH9WfGaaJTwP46lT2/KgM4RW1FZipo8dI=","NEON.BET.D09.000802","CHLSER","Chlaenius sericeus","species",,"Forster",,"Lindroth, C. H. 1969. The ground-beetles (Carabidae, excl. Cicindelinae) of Canada and Alaska, parts 1-6. Opuscula E. Entomoligiska Sallskapet.",,"4oCBvlQIQ4DhSH30J22+0bs0GAacIQwk","a/0SlN26fEtmJ3LLysIxkaRUfZvckIBE",
"1eba0ad7-df49-45ac-bd7b-4370ca8ec553","WOOD_023.basePlot.bet","D09","WOOD","WOOD_023","E","2015-07-08","2015-07-22","2015-10-20","2016-01-13","HkhQBNKo1QDH9WfGaaJTwCwS0RadGj+y6eGEUxVt6K8=","NEON.BET.D09.000808","BEMRAP","Bembidion rapidum","species","cf. species","LeConte",,"Lindroth, C. H. 1969. The ground-beetles (Carabidae, excl. Cicindelinae) of Canada and Alaska, parts 1-6. Opuscula E. Entomoligiska Sallskapet.",,"4oCBvlQIQ4DhSH30J22+0bs0GAacIQwk","a/0SlN26fEtmJ3LLysIxkaRUfZvckIBE","frontal furrows not prolonged to clypeus| shiny but somewhat duller| has microsculpture| eyes large| elytral striae complete to apex| legs rufous with femora darker| features seem correct but size seems to be on the low end or below the 3.8 to 4.4 mm. lis"
"36a2522e-e775-471f-b65e-d6465f8d9089","WOOD_023.basePlot.bet","D09","WOOD","WOOD_023","E","2015-07-08","2015-07-22","2015-10-20","2016-01-20","HkhQBNKo1QDH9WfGaaJTwEhwdsv74IkyMvYi4+eEy4M=","NEON.BET.D09.000804","BRACYA2","Brachinus cyanochroaticus","species",,"Erwin",,"Lindroth, C. H. 1969. The ground-beetles (Carabidae, excl. Cicindelinae) of Canada and Alaska, parts 1-6. Opuscula E. Entomoligiska Sallskapet.",,"4oCBvlQIQ4DhSH30J22+0bs0GAacIQwk","a/0SlN26fEtmJ3LLysIxkaRUfZvckIBE",
"17d20951-5d32-4c3a-9e95-615b21915005","WOOD_023.basePlot.bet","D09","WOOD","WOOD_023","E","2015-07-08","2015-07-22","2015-10-20","2016-01-20","HkhQBNKo1QDH9WfGaaJTwEhwdsv74IkyMvYi4+eEy4M=","NEON.BET.D09.000805","BRACYA2","Brachinus cyanochroaticus","species",,"Erwin",,"Lindroth, C. H. 1969. The ground-beetles (Carabidae, excl. Cicindelinae) of Canada and Alaska, parts 1-6. Opuscula E. Entomoligiska Sallskapet.",,"4oCBvlQIQ4DhSH30J22+0bs0GAacIQwk","a/0SlN26fEtmJ3LLysIxkaRUfZvckIBE",
"f6e37647-723b-4033-a940-16c194f9de15","WOOD_023.basePlot.bet","D09","WOOD","WOOD_023","E","2015-07-08","2015-07-22","2015-10-20","2016-01-06","HkhQBNKo1QDH9WfGaaJTwP46lT2/KgM4RW1FZipo8dI=","NEON.BET.D09.000803","CHLSER","Chlaenius sericeus","species",,"Forster",,"Lindroth, C. H. 1969. The ground-beetles (Carabidae, excl. Cicindelinae) of Canada and Alaska, parts 1-6. Opuscula E. Entomoligiska Sallskapet.",,"4oCBvlQIQ4DhSH30J22+0bs0GAacIQwk","a/0SlN26fEtmJ3LLysIxkaRUfZvckIBE",
"3f8d4c24-f8e5-4876-80a3-c7e7585ebe44","WOOD_023.basePlot.bet","D09","WOOD","WOOD_023","E","2015-07-08","2015-07-22","2015-10-20","2016-01-25","HkhQBNKo1QDH9WfGaaJTwHVYmACzZwhGkAf6uePvXcs=","NEON.BET.D09.000796","PTEMEL","Pterostichus melanarius melanarius","subspecies",,"Illiger",,"Lindroth, C. H. 1969. The ground-beetles (Carabidae, excl. Cicindelinae) of Canada and Alaska, parts 1-6. Opuscula E. Entomoligiska Sallskapet.",,"4oCBvlQIQ4DhSH30J22+0bs0GAacIQwk","a/0SlN26fEtmJ3LLysIxkaRUfZvckIBE",
"5ea1eae1-3f73-4716-babb-07d6d917d61f","WOOD_003.basePlot.bet","D09","WOOD","WOOD_003","E","2015-07-08","2015-07-22","2015-10-19","2016-01-27","gVhx7bcr2vPfgD1jJpAncMR5b1cyzPWaIcUgZooOZKQ=","NEON.BET.D09.000772","SYNAME","Syntomus americanus","species","cf. species","Dejean",,"Lindroth, C. H. 1969. The ground-beetles (Carabidae, excl. Cicindelinae) of Canada and Alaska, parts 1-6. Opuscula E. Entomoligiska Sallskapet.",,"4oCBvlQIQ4DhSH30J22+0bs0GAacIQwk","49AT3csB7SNH9c2JnAOTHYMNXNZpKUYr","Apex of elytra sinuate| elytral striae not well defined| Could be Apristus sp. but pubescence starts on 4th antennal segment and some seem less than 3 mm.| difficult to see if mentum tooth is bifid"
"cd35b336-a4ae-4a1d-b738-5d1bf083ee08","WOOD_003.basePlot.bet","D09","WOOD","WOOD_003","E","2015-07-08","2015-07-22","2015-10-19","2016-01-27","gVhx7bcr2vPfgD1jJpAncMR5b1cyzPWaIcUgZooOZKQ=","NEON.BET.D09.000777","SYNAME","Syntomus americanus","species","cf. species","Dejean",,"Lindroth, C. H. 1969. The ground-beetles (Carabidae, excl. Cicindelinae) of Canada and Alaska, parts 1-6. Opuscula E. Entomoligiska Sallskapet.",,"4oCBvlQIQ4DhSH30J22+0bs0GAacIQwk","49AT3csB7SNH9c2JnAOTHYMNXNZpKUYr","Apex of elytra sinuate| elytral striae not well defined| Could be Apristus sp. but pubescence starts on 4th antennal segment and some seem less than 3 mm.| difficult to see if mentum tooth is bifid"
"19735d35-c2db-4b59-a3bb-400d37f5965f","WOOD_003.basePlot.bet","D09","WOOD","WOOD_003","E","2015-07-08","2015-07-22","2015-10-19","2016-01-27","gVhx7bcr2vPfgD1jJpAncMR5b1cyzPWaIcUgZooOZKQ=","NEON.BET.D09.000773","SYNAME","Syntomus americanus","species","cf. species","Dejean",,"Lindroth, C. H. 1969. The ground-beetles (Carabidae, excl. Cicindelinae) of Canada and Alaska, parts 1-6. Opuscula E. Entomoligiska Sallskapet.",,"4oCBvlQIQ4DhSH30J22+0bs0GAacIQwk","49AT3csB7SNH9c2JnAOTHYMNXNZpKUYr","Apex of elytra sinuate| elytral striae not well defined| Could be Apristus sp. but pubescence starts on 4th antennal segment and some seem less than 3 mm.| difficult to see if mentum tooth is bifid"
"30a20ac7-ecac-47cb-b0e4-32f123eca26a","WOOD_003.basePlot.bet","D09","WOOD","WOOD_003","E","2015-07-08","2015-07-22","2015-10-19","2016-01-20","gVhx7bcr2vPfgD1jJpAncKokvvlQ44UsCbPe1YFIH0s=","NEON.BET.D09.000768","HARSOM","Harpalus somnulentus","species","cf. species","Dejean",,"Lindroth, C. H. 1969. The ground-beetles (Carabidae, excl. Cicindelinae) of Canada and Alaska, parts 1-6. Opuscula E. Entomoligiska Sallskapet.",,"4oCBvlQIQ4DhSH30J22+0bs0GAacIQwk","49AT3csB7SNH9c2JnAOTHYMNXNZpKUYr","Lindroth is H. carbonatus| has a larger shoulder tooth| larger in size| and sometiemes more punctate on prothorax than H. opacipennis| could be H. nigritarsus or H. herbivagus"
"828c23d7-4f4c-4d4e-8872-998e5a8fd68d","WOOD_003.basePlot.bet","D09","WOOD","WOOD_003","E","2015-07-08","2015-07-22","2015-10-19","2016-01-06","gVhx7bcr2vPfgD1jJpAncIK5gwdZQSB4sngYplK28n8=","NEON.BET.D09.000766","CALCAL","Calosoma calidum","species",,"Fabricius",,"Lindroth, C. H. 1969. The ground-beetles (Carabidae, excl. Cicindelinae) of Canada and Alaska, parts 1-6. Opuscula E. Entomoligiska Sallskapet.",,"4oCBvlQIQ4DhSH30J22+0bs0GAacIQwk","49AT3csB7SNH9c2JnAOTHYMNXNZpKUYr",
"24687743-cb6c-4fca-83a2-928987d59f68","WOOD_003.basePlot.bet","D09","WOOD","WOOD_003","E","2015-07-08","2015-07-22","2015-10-19","2016-01-27","gVhx7bcr2vPfgD1jJpAncMR5b1cyzPWaIcUgZooOZKQ=","NEON.BET.D09.000770","SYNAME","Syntomus americanus","species","cf. species","Dejean",,"Lindroth, C. H. 1969. The ground-beetles (Carabidae, excl. Cicindelinae) of Canada and Alaska, parts 1-6. Opuscula E. Entomoligiska Sallskapet.",,"4oCBvlQIQ4DhSH30J22+0bs0GAacIQwk","49AT3csB7SNH9c2JnAOTHYMNXNZpKUYr","Apex of elytra sinuate| elytral striae not well defined| Could be Apristus sp. but pubescence starts on 4th antennal segment and some seem less than 3 mm.| difficult to see if mentum tooth is bifid"
"405aed83-85c4-4a3a-a18b-e91f4cbc6276","WOOD_003.basePlot.bet","D09","WOOD","WOOD_003","E","2015-07-08","2015-07-22","2015-10-19","2016-01-27","gVhx7bcr2vPfgD1jJpAncMR5b1cyzPWaIcUgZooOZKQ=","NEON.BET.D09.000774","SYNAME","Syntomus americanus","species","cf. species","Dejean",,"Lindroth, C. H. 1969. The ground-beetles (Carabidae, excl. Cicindelinae) of Canada and Alaska, parts 1-6. Opuscula E. Entomoligiska Sallskapet.",,"4oCBvlQIQ4DhSH30J22+0bs0GAacIQwk","49AT3csB7SNH9c2JnAOTHYMNXNZpKUYr","Apex of elytra sinuate| elytral striae not well defined| Could be Apristus sp. but pubescence starts on 4th antennal segment and some seem less than 3 mm.| difficult to see if mentum tooth is bifid"
"d9c9cffc-dcb2-4782-8407-876d59accecf","WOOD_007.basePlot.bet","D09","WOOD","WOOD_007","E","2015-07-08","2015-07-22","2015-10-19","2016-01-21","5mkFtj0S+ghVPgPw3BKW9TK/T+A8Tq6JzY9ASxPyGfg=","NEON.BET.D09.000753","CYMNEG","Cymindis neglecta","species",,"Haldeman",,"Lindroth, C. H. 1969. The ground-beetles (Carabidae, excl. Cicindelinae) of Canada and Alaska, parts 1-6. Opuscula E. Entomoligiska Sallskapet.",,"4oCBvlQIQ4DhSH30J22+0bs0GAacIQwk","eE6kvSR3uoy9zdn7o7etq88/xsP7F3Qo",
"5c08b30c-0e2e-4829-bcf7-3a45c1ee7035","WOOD_007.basePlot.bet","D09","WOOD","WOOD_007","E","2015-07-08","2015-07-22","2015-10-19","2016-01-27","5mkFtj0S+ghVPgPw3BKW9QAIjzi8WfE/NogWcbQRk3c=","NEON.BET.D09.000752","SYNAME","Syntomus americanus","species","cf. species","Dejean",,"Lindroth, C. H. 1969. The ground-beetles (Carabidae, excl. Cicindelinae) of Canada and Alaska, parts 1-6. Opuscula E. Entomoligiska Sallskapet.",,"4oCBvlQIQ4DhSH30J22+0bs0GAacIQwk","eE6kvSR3uoy9zdn7o7etq88/xsP7F3Qo","Apex of elytra sinuate| elytral striae not well defined| Could be Apristus sp. but pubescence starts on 4th antennal segment and some seem less than 3 mm.| difficult to see if mentum tooth is bifid"
"10746f7c-3294-45cc-af97-d592a73a8635","WOOD_002.basePlot.bet","D09","WOOD","WOOD_002","E","2015-07-08","2015-07-22","2015-10-20","2016-01-25","V7nyjIgYGmPsrfFWaAbdc28nWxATQVAxJK/FajgAAsI=","NEON.BET.D09.000829","PTEMEL","Pterostichus melanarius melanarius","subspecies",,"Illiger",,"Lindroth, C. H. 1969. The ground-beetles (Carabidae, excl. Cicindelinae) of Canada and Alaska, parts 1-6. Opuscula E. Entomoligiska Sallskapet.",,"4oCBvlQIQ4DhSH30J22+0bs0GAacIQwk","a/0SlN26fEtmJ3LLysIxkaRUfZvckIBE",
"723ae83b-a63f-454f-94d6-0ff912f4fb48","WOOD_002.basePlot.bet","D09","WOOD","WOOD_002","E","2015-07-08","2015-07-22","2015-10-20","2016-01-20","V7nyjIgYGmPsrfFWaAbdc9X3LnYWEmPYFhPpj+WQyfA=","NEON.BET.D09.000843","POELUC","Poecilus lucublandus","species",,"Say",,"Lindroth, C. H. 1969. The ground-beetles (Carabidae, excl. Cicindelinae) of Canada and Alaska, parts 1-6. Opuscula E. Entomoligiska Sallskapet.",,"4oCBvlQIQ4DhSH30J22+0bs0GAacIQwk","a/0SlN26fEtmJ3LLysIxkaRUfZvckIBE",
"e7ab4018-1c6a-40dc-a63f-b43b9b99b866","WOOD_024.basePlot.bet","D09","WOOD","WOOD_024","N","2015-07-08","2015-07-22","2015-10-20","2016-01-20","rKE54NR9lxREHzj3B6VcLRQrFgTw5pGSJVBQ1yAg9h4=","NEON.BET.D09.000819","CALADV","Calathus advena","species",,"LeConte",,"Lindroth, C. H. 1969. The ground-beetles (Carabidae, excl. Cicindelinae) of Canada and Alaska, parts 1-6. Opuscula E. Entomoligiska Sallskapet.",,"4oCBvlQIQ4DhSH30J22+0bs0GAacIQwk","49AT3csB7SNH9c2JnAOTHYMNXNZpKUYr",
"e1022e21-7e78-4d1c-98b9-38905239c142","WOOD_002.basePlot.bet","D09","WOOD","WOOD_002","N","2015-07-08","2015-07-22","2015-10-20","2016-01-21","V7nyjIgYGmOq7etLsw3mo2yXZnfnLSK/DPx5hFluQW0=","NEON.BET.D09.000815","CYMNEG","Cymindis neglecta","species",,"Haldeman",,"Lindroth, C. H. 1969. The ground-beetles (Carabidae, excl. Cicindelinae) of Canada and Alaska, parts 1-6. Opuscula E. Entomoligiska Sallskapet.",,"4oCBvlQIQ4DhSH30J22+0bs0GAacIQwk","a/0SlN26fEtmJ3LLysIxkaRUfZvckIBE",
"0a4c941c-381d-4696-966f-e1dd30e19a97","WOOD_024.basePlot.bet","D09","WOOD","WOOD_024","N","2015-07-08","2015-07-22","2015-10-20","2016-01-20","rKE54NR9lxREHzj3B6VcLfePiRjBnGWeEqTF9o0fJjQ=","NEON.BET.D09.000820","HARSOM","Harpalus somnulentus","species","cf. species","Dejean",,"Lindroth, C. H. 1969. The ground-beetles (Carabidae, excl. Cicindelinae) of Canada and Alaska, parts 1-6. Opuscula E. Entomoligiska Sallskapet.",,"4oCBvlQIQ4DhSH30J22+0bs0GAacIQwk","49AT3csB7SNH9c2JnAOTHYMNXNZpKUYr","Lindroth is H. carbonatus| has a larger shoulder tooth| larger in size| and sometiemes more punctate on prothorax than H. opacipennis| could be H. nigritarsus or H. herbivagus"
"638bc175-2e2b-45ef-8d62-11faa69c7f43","WOOD_024.basePlot.bet","D09","WOOD","WOOD_024","N","2015-07-08","2015-07-22","2015-10-20","2016-01-20","rKE54NR9lxREHzj3B6VcLRQrFgTw5pGSJVBQ1yAg9h4=","NEON.BET.D09.000818","CALADV","Calathus advena","species",,"LeConte",,"Lindroth, C. H. 1969. The ground-beetles (Carabidae, excl. Cicindelinae) of Canada and Alaska, parts 1-6. Opuscula E. Entomoligiska Sallskapet.",,"4oCBvlQIQ4DhSH30J22+0bs0GAacIQwk","49AT3csB7SNH9c2JnAOTHYMNXNZpKUYr",
"e0f3a520-ad11-4ebb-85d4-73c8f9da3128","WOOD_002.basePlot.bet","D09","WOOD","WOOD_002","N","2015-07-08","2015-07-22","2015-10-20","2016-01-21","V7nyjIgYGmOq7etLsw3mo2yXZnfnLSK/DPx5hFluQW0=","NEON.BET.D09.000816","CYMNEG","Cymindis neglecta","species",,"Haldeman",,"Lindroth, C. H. 1969. The ground-beetles (Carabidae, excl. Cicindelinae) of Canada and Alaska, parts 1-6. Opuscula E. Entomoligiska Sallskapet.",,"4oCBvlQIQ4DhSH30J22+0bs0GAacIQwk","a/0SlN26fEtmJ3LLysIxkaRUfZvckIBE",
"72145ed9-86ea-4ba3-8f2d-2bda048933b9","WOOD_003.basePlot.bet","D09","WOOD","WOOD_003","N","2015-07-08","2015-07-22","2015-10-19","2016-01-15","gVhx7bcr2vMPQlmoe6P0O5mWnGjtuO1z6UzvVua/AsA=","NEON.BET.D09.000762","HARSOM","Harpalus somnulentus","species","cf. species","Dejean",,"Lindroth, C. H. 1969. The ground-beetles (Carabidae, excl. Cicindelinae) of Canada and Alaska, parts 1-6. Opuscula E. Entomoligiska Sallskapet.",,"4oCBvlQIQ4DhSH30J22+0bs0GAacIQwk","eE6kvSR3uoy9zdn7o7etq88/xsP7F3Qo","Lindroth is H. carbonatus| has a larger shoulder tooth| larger in size| and sometiemes more punctate on prothorax than H. opacipennis| could be H. nigritarsus or H. herbivagus"
"c4a0bb3c-16f4-49c0-b106-9045f783c02f","WOOD_005.basePlot.bet","D09","WOOD","WOOD_005","N","2015-07-08","2015-07-22","2015-10-19","2016-01-15","Q/pjwyhQ09ycrZ7nsLw/QzcG4afro1qbnDAF6WrR6+M=","NEON.BET.D09.000759","HARSOM","Harpalus somnulentus","species","cf. species","Dejean",,"Lindroth, C. H. 1969. The ground-beetles (Carabidae, excl. Cicindelinae) of Canada and Alaska, parts 1-6. Opuscula E. Entomoligiska Sallskapet.",,"4oCBvlQIQ4DhSH30J22+0bs0GAacIQwk","a/0SlN26fEtmJ3LLysIxkaRUfZvckIBE","Lindroth is H. carbonatus| has a larger shoulder tooth| larger in size| and sometiemes more punctate on prothorax than H. opacipennis| could be H. nigritarsus or H. herbivagus"
"ebecc952-8e46-46df-a134-1f4851a1dc5f","WOOD_003.basePlot.bet","D09","WOOD","WOOD_003","N","2015-07-08","2015-07-22","2015-10-19","2016-01-14","gVhx7bcr2vMPQlmoe6P0O7YMuzehiH8VCu2VacAgqPQ=","NEON.BET.D09.000764","AMACUP","Amara cupreolata","species","cf. species","Putzeys",,"Lindroth, C. H. 1969. The ground-beetles (Carabidae, excl. Cicindelinae) of Canada and Alaska, parts 1-6. Opuscula E. Entomoligiska Sallskapet.",,"4oCBvlQIQ4DhSH30J22+0bs0GAacIQwk","eE6kvSR3uoy9zdn7o7etq88/xsP7F3Qo","palpae and legs and antennae not as pale| pronotum strongly convex and has little sculpture| likely females"
"823f7a37-8acf-4a0c-8e33-465dad392c4f","WOOD_003.basePlot.bet","D09","WOOD","WOOD_003","N","2015-07-08","2015-07-22","2015-10-19","2016-01-21","gVhx7bcr2vMPQlmoe6P0O0jTFovs+067k8xVltL0sos=","NEON.BET.D09.000763","CYMNEG","Cymindis neglecta","species",,"Haldeman",,"Lindroth, C. H. 1969. The ground-beetles (Carabidae, excl. Cicindelinae) of Canada and Alaska, parts 1-6. Opuscula E. Entomoligiska Sallskapet.",,"4oCBvlQIQ4DhSH30J22+0bs0GAacIQwk","eE6kvSR3uoy9zdn7o7etq88/xsP7F3Qo",
"a89bc796-b452-4048-9f62-a77048a85c67","WOOD_003.basePlot.bet","D09","WOOD","WOOD_003","N","2015-07-08","2015-07-22","2015-10-19","2016-01-27","gVhx7bcr2vMPQlmoe6P0O7wYkjLw6D9Ko4BItUurVsE=","NEON.BET.D09.000765","SYNAME","Syntomus americanus","species","cf. species","Dejean",,"Lindroth, C. H. 1969. The ground-beetles (Carabidae, excl. Cicindelinae) of Canada and Alaska, parts 1-6. Opuscula E. Entomoligiska Sallskapet.",,"4oCBvlQIQ4DhSH30J22+0bs0GAacIQwk","eE6kvSR3uoy9zdn7o7etq88/xsP7F3Qo","Apex of elytra sinuate| elytral striae not well defined| Could be Apristus sp. but pubescence starts on 4th antennal segment and some seem less than 3 mm.| difficult to see if mentum tooth is bifid"
"756f8e45-96d2-40c4-a0f9-29d83fc43c06","WOOD_004.basePlot.bet","D09","WOOD","WOOD_004","N","2015-07-08","2015-07-22","2015-10-19","2016-01-27","tVkCk1nh7tHzM8+WdK+C/oSCVhqjpY2034SDdSZ1vAc=","NEON.BET.D09.000761","SYNAME","Syntomus americanus","species","cf. species","Dejean",,"Lindroth, C. H. 1969. The ground-beetles (Carabidae, excl. Cicindelinae) of Canada and Alaska, parts 1-6. Opuscula E. Entomoligiska Sallskapet.",,"4oCBvlQIQ4DhSH30J22+0bs0GAacIQwk","eE6kvSR3uoy9zdn7o7etq88/xsP7F3Qo",
"cf278066-0914-413d-9c7e-ad4cae12af9f","WOOD_006.basePlot.bet","D09","WOOD","WOOD_006","N","2015-07-08","2015-07-22","2015-10-19","2016-01-22","WY3Zl9EyMicPkFOmFhW1QsYR8JRyrFSWhl+HT1NhdpM=","NEON.BET.D09.000760","DIPSTR","Diplocheila striatopunctata","species",,"LeConte",,"Lindroth, C. H. 1969. The ground-beetles (Carabidae, excl. Cicindelinae) of Canada and Alaska, parts 1-6. Opuscula E. Entomoligiska Sallskapet.",,"4oCBvlQIQ4DhSH30J22+0bs0GAacIQwk","a/0SlN26fEtmJ3LLysIxkaRUfZvckIBE",
"843111be-e7cd-42d8-837f-acb605416d1b","WOOD_024.basePlot.bet","D09","WOOD","WOOD_024","N","2015-07-08","2015-07-22","2015-10-20",,"rKE54NR9lxREHzj3B6VcLfePiRjBnGWeEqTF9o0fJjQ=","NEON.BET.D09.000817","HARSOM","Harpalus somnulentus","species","cf. species","Dejean",,"Lindroth, C. H. 1969. The ground-beetles (Carabidae, excl. Cicindelinae) of Canada and Alaska, parts 1-6. Opuscula E. Entomoligiska Sallskapet.",,"4oCBvlQIQ4DhSH30J22+0bs0GAacIQwk","49AT3csB7SNH9c2JnAOTHYMNXNZpKUYr","Lindroth is H. carbonatus| has a larger shoulder tooth| larger in size| and sometiemes more punctate on prothorax than H. opacipennis| could be H. nigritarsus or H. herbivagus"
"55101065-52b8-4e28-bfb1-48c4beb9aa8b","WOOD_002.basePlot.bet","D09","WOOD","WOOD_002","N","2015-07-08","2015-07-22","2015-10-20","2016-01-25","V7nyjIgYGmOq7etLsw3moxVpmqWu6x3VgArpgQug9Pc=","NEON.BET.D09.000822","PTEMEL","Pterostichus melanarius melanarius","subspecies",,"Illiger",,"Lindroth, C. H. 1969. The ground-beetles (Carabidae, excl. Cicindelinae) of Canada and Alaska, parts 1-6. Opuscula E. Entomoligiska Sallskapet.",,"4oCBvlQIQ4DhSH30J22+0bs0GAacIQwk","a/0SlN26fEtmJ3LLysIxkaRUfZvckIBE",
"3c45dadb-0bc4-40dd-b39c-ba57ed4e90bb","WOOD_002.basePlot.bet","D09","WOOD","WOOD_002","N","2015-07-08","2015-07-22","2015-10-20","2016-01-21","V7nyjIgYGmOq7etLsw3mo2yXZnfnLSK/DPx5hFluQW0=","NEON.BET.D09.000813","CYMNEG","Cymindis neglecta","species",,"Haldeman",,"Lindroth, C. H. 1969. The ground-beetles (Carabidae, excl. Cicindelinae) of Canada and Alaska, parts 1-6. Opuscula E. Entomoligiska Sallskapet.",,"4oCBvlQIQ4DhSH30J22+0bs0GAacIQwk","a/0SlN26fEtmJ3LLysIxkaRUfZvckIBE",
"0dccefc6-ecdc-49f7-9b32-71c2da0d7524","WOOD_002.basePlot.bet","D09","WOOD","WOOD_002","N","2015-07-08","2015-07-22","2015-10-20","2016-01-25","V7nyjIgYGmOq7etLsw3moxVpmqWu6x3VgArpgQug9Pc=","NEON.BET.D09.000821","PTEMEL","Pterostichus melanarius melanarius","subspecies",,"Illiger",,"Lindroth, C. H. 1969. The ground-beetles (Carabidae, excl. Cicindelinae) of Canada and Alaska, parts 1-6. Opuscula E. Entomoligiska Sallskapet.",,"4oCBvlQIQ4DhSH30J22+0bs0GAacIQwk","a/0SlN26fEtmJ3LLysIxkaRUfZvckIBE",
"c3dd8313-167d-437b-a99d-fcb5f42ecd6c","WOOD_002.basePlot.bet","D09","WOOD","WOOD_002","N","2015-07-08","2015-07-22","2015-10-20","2016-01-21","V7nyjIgYGmOq7etLsw3mo2yXZnfnLSK/DPx5hFluQW0=","NEON.BET.D09.000812","CYMNEG","Cymindis neglecta","species",,"Haldeman",,"Lindroth, C. H. 1969. The ground-beetles (Carabidae, excl. Cicindelinae) of Canada and Alaska, parts 1-6. Opuscula E. Entomoligiska Sallskapet.",,"4oCBvlQIQ4DhSH30J22+0bs0GAacIQwk","a/0SlN26fEtmJ3LLysIxkaRUfZvckIBE",
"9c1e4b84-3198-4405-aed2-190820c09416","WOOD_002.basePlot.bet","D09","WOOD","WOOD_002","N","2015-07-08","2015-07-22","2015-10-20","2016-01-21","V7nyjIgYGmOq7etLsw3mo2yXZnfnLSK/DPx5hFluQW0=","NEON.BET.D09.000814","CYMNEG","Cymindis neglecta","species",,"Haldeman",,"Lindroth, C. H. 1969. The ground-beetles (Carabidae, excl. Cicindelinae) of Canada and Alaska, parts 1-6. Opuscula E. Entomoligiska Sallskapet.",,"4oCBvlQIQ4DhSH30J22+0bs0GAacIQwk","a/0SlN26fEtmJ3LLysIxkaRUfZvckIBE",
"6af9e3ad-90cf-4d18-a170-d55eb35b2644","WOOD_007.basePlot.bet","D09","WOOD","WOOD_007","N","2015-07-08","2015-07-22","2015-10-19","2016-01-27","5mkFtj0S+gg8JsQ8+kY2DTu4XWNerN0O6xmdcxbHTJQ=","NEON.BET.D09.000749","SYNAME","Syntomus americanus","species","cf. species","Dejean",,"Lindroth, C. H. 1969. The ground-beetles (Carabidae, excl. Cicindelinae) of Canada and Alaska, parts 1-6. Opuscula E. Entomoligiska Sallskapet.",,"4oCBvlQIQ4DhSH30J22+0bs0GAacIQwk","eE6kvSR3uoy9zdn7o7etq88/xsP7F3Qo","Apex of elytra sinuate| elytral striae not well defined| Could be Apristus sp. but pubescence starts on 4th antennal segment and some seem less than 3 mm.| difficult to see if mentum tooth is bifid"
"0c5c13f5-c461-49fe-84d2-52560cd86dec","WOOD_007.basePlot.bet","D09","WOOD","WOOD_007","N","2015-07-08","2015-07-22","2015-10-19","2016-01-27","5mkFtj0S+gg8JsQ8+kY2DTu4XWNerN0O6xmdcxbHTJQ=","NEON.BET.D09.000750","SYNAME","Syntomus americanus","species","cf. species","Dejean",,"Lindroth, C. H. 1969. The ground-beetles (Carabidae, excl. Cicindelinae) of Canada and Alaska, parts 1-6. Opuscula E. Entomoligiska Sallskapet.",,"4oCBvlQIQ4DhSH30J22+0bs0GAacIQwk","eE6kvSR3uoy9zdn7o7etq88/xsP7F3Qo","Apex of elytra sinuate| elytral striae not well defined| Could be Apristus sp. but pubescence starts on 4th antennal segment and some seem less than 3 mm.| difficult to see if mentum tooth is bifid"
"f162daf3-79b3-41ae-b024-1a966f451937","WOOD_007.basePlot.bet","D09","WOOD","WOOD_007","N","2015-07-08","2015-07-22","2015-10-19","2016-01-06","5mkFtj0S+gg8JsQ8+kY2DVfqtjKf0CKnAfb2mLz8qII=","NEON.BET.D09.000751","CYMNEG","Cymindis neglecta","species",,"Haldeman",,"Lindroth, C. H. 1969. The ground-beetles (Carabidae, excl. Cicindelinae) of Canada and Alaska, parts 1-6. Opuscula E. Entomoligiska Sallskapet.",,"4oCBvlQIQ4DhSH30J22+0bs0GAacIQwk","eE6kvSR3uoy9zdn7o7etq88/xsP7F3Qo",
"53f6f9a4-5112-4ba7-be04-97ed73492e5b","WOOD_002.basePlot.bet","D09","WOOD","WOOD_002","S","2015-07-08","2015-07-22","2015-10-20","2016-01-25","V7nyjIgYGmPGW5RkcOYDIIDWlNP2Xkb7RIUTauAAf7w=","NEON.BET.D09.000826","PTEMEL","Pterostichus melanarius melanarius","subspecies",,"Illiger",,"Lindroth, C. H. 1969. The ground-beetles (Carabidae, excl. Cicindelinae) of Canada and Alaska, parts 1-6. Opuscula E. Entomoligiska Sallskapet.",,"4oCBvlQIQ4DhSH30J22+0bs0GAacIQwk","a/0SlN26fEtmJ3LLysIxkaRUfZvckIBE",
"b3fd3185-0184-4d48-aaac-8f8d9c31cffa","WOOD_003.basePlot.bet","D09","WOOD","WOOD_003","S","2015-07-08","2015-07-22","2015-10-19","2016-01-14","gVhx7bcr2vPVxuC4MX3D7Rt5mw34Zzy0XnSTtGOSNgg=","NEON.BET.D09.000789","HAROPA","Harpalus opacipennis","species","cf. species","Haldeman",,"Lindroth, C. H. 1969. The ground-beetles (Carabidae, excl. Cicindelinae) of Canada and Alaska, parts 1-6. Opuscula E. Entomoligiska Sallskapet.",,"4oCBvlQIQ4DhSH30J22+0bs0GAacIQwk","49AT3csB7SNH9c2JnAOTHYMNXNZpKUYr","shoulder tooth small but sharp| no or little punctuation on prothorax| at least base of tibia pale| head narrow| strong microsculpture on elytra| basal side margins of prothorax nearly straight| size 7.5-9.3 mm.| could be H. nigritarsus but labial palpae"
"2e6a9d01-6edb-4c67-901a-a7ab5d914ede","WOOD_003.basePlot.bet","D09","WOOD","WOOD_003","S","2015-07-08","2015-07-22","2015-10-19","2016-01-14","gVhx7bcr2vPVxuC4MX3D7Rt5mw34Zzy0XnSTtGOSNgg=","NEON.BET.D09.000788","HAROPA","Harpalus opacipennis","species","cf. species","Haldeman",,"Lindroth, C. H. 1969. The ground-beetles (Carabidae, excl. Cicindelinae) of Canada and Alaska, parts 1-6. Opuscula E. Entomoligiska Sallskapet.",,"4oCBvlQIQ4DhSH30J22+0bs0GAacIQwk","49AT3csB7SNH9c2JnAOTHYMNXNZpKUYr","shoulder tooth small but sharp| no or little punctuation on prothorax| at least base of tibia pale| head narrow| strong microsculpture on elytra| basal side margins of prothorax nearly straight| size 7.5-9.3 mm.| could be H. nigritarsus but labial palpae"
"c839ebd2-aace-4c04-8756-bde4d12d37ab","WOOD_007.basePlot.bet","D09","WOOD","WOOD_007","S","2015-07-08","2015-07-22","2015-10-19","2016-01-11","5mkFtj0S+ggRycJyJqYyrSmh/h4mg8XGAb0SpdsS9bk=","NEON.BET.D09.000758","CARSP14","Carabidae sp.","family",,"Latreille","D09.2015.MorphB","Lindroth, C. H. 1969. The ground-beetles (Carabidae, excl. Cicindelinae) of Canada and Alaska, parts 1-6. Opuscula E. Entomoligiska Sallskapet.",,"4oCBvlQIQ4DhSH30J22+0bs0GAacIQwk","eE6kvSR3uoy9zdn7o7etq88/xsP7F3Qo","Agonoleptus sp. or Stenolophus sp.| keyed to S. conjunctus in Lindroth 1969 which is now Agonoleptus conjunctus| Agonoleptus sp. or Stenolophus sp.| size about 3 mm| darker central cloud on pronotum| slightly paler towards Agonoleptus sp. or Stenolophu"
"b667d443-6b06-4797-8a81-8cc1e0c796b5","WOOD_007.basePlot.bet","D09","WOOD","WOOD_007","S","2015-07-08","2015-07-22","2015-10-19","2016-01-21","5mkFtj0S+ggRycJyJqYyrZA1ODcrKfk8EuDtF0nkyCc=","NEON.BET.D09.000756","CYMNEG","Cymindis neglecta","species",,"Haldeman",,"Lindroth, C. H. 1969. The ground-beetles (Carabidae, excl. Cicindelinae) of Canada and Alaska, parts 1-6. Opuscula E. Entomoligiska Sallskapet.",,"4oCBvlQIQ4DhSH30J22+0bs0GAacIQwk","eE6kvSR3uoy9zdn7o7etq88/xsP7F3Qo",
"0e0b7bc1-0d1a-470d-8c6b-5aa951590772","WOOD_002.basePlot.bet","D09","WOOD","WOOD_002","S","2015-07-08","2015-07-22","2015-10-20","2016-01-25","V7nyjIgYGmPGW5RkcOYDIIDWlNP2Xkb7RIUTauAAf7w=","NEON.BET.D09.000824","PTEMEL","Pterostichus melanarius melanarius","subspecies",,"Illiger",,"Lindroth, C. H. 1969. The ground-beetles (Carabidae, excl. Cicindelinae) of Canada and Alaska, parts 1-6. Opuscula E. Entomoligiska Sallskapet.",,"4oCBvlQIQ4DhSH30J22+0bs0GAacIQwk","a/0SlN26fEtmJ3LLysIxkaRUfZvckIBE",
"c09a926c-2db9-4159-830a-65b42b49afb8","WOOD_002.basePlot.bet","D09","WOOD","WOOD_002","S","2015-07-08","2015-07-22","2015-10-20","2016-01-25","V7nyjIgYGmPGW5RkcOYDIIDWlNP2Xkb7RIUTauAAf7w=","NEON.BET.D09.000825","PTEMEL","Pterostichus melanarius melanarius","subspecies",,"Illiger",,"Lindroth, C. H. 1969. The ground-beetles (Carabidae, excl. Cicindelinae) of Canada and Alaska, parts 1-6. Opuscula E. Entomoligiska Sallskapet.",,"4oCBvlQIQ4DhSH30J22+0bs0GAacIQwk","a/0SlN26fEtmJ3LLysIxkaRUfZvckIBE",
"2cce8c47-ecf7-4923-8a76-07fbdc61bac4","WOOD_003.basePlot.bet","D09","WOOD","WOOD_003","S","2015-07-08","2015-07-22","2015-10-19","2016-01-20","gVhx7bcr2vPVxuC4MX3D7fUBcWvDNvkpOk01BL+bWps=","NEON.BET.D09.000785","AMAANG1","Amara angustata","species",,"Say",,"Lindroth, C. H. 1969. The ground-beetles (Carabidae, excl. Cicindelinae) of Canada and Alaska, parts 1-6. Opuscula E. Entomoligiska Sallskapet.",,"4oCBvlQIQ4DhSH30J22+0bs0GAacIQwk","49AT3csB7SNH9c2JnAOTHYMNXNZpKUYr",
"37b4d263-0f2a-41af-b94f-f2ad86446258","WOOD_003.basePlot.bet","D09","WOOD","WOOD_003","S","2015-07-08","2015-07-22","2015-10-19","2016-01-14","gVhx7bcr2vPVxuC4MX3D7Rt5mw34Zzy0XnSTtGOSNgg=","NEON.BET.D09.000787","HAROPA","Harpalus opacipennis","species","cf. species","Haldeman",,"Lindroth, C. H. 1969. The ground-beetles (Carabidae, excl. Cicindelinae) of Canada and Alaska, parts 1-6. Opuscula E. Entomoligiska Sallskapet.",,"4oCBvlQIQ4DhSH30J22+0bs0GAacIQwk","49AT3csB7SNH9c2JnAOTHYMNXNZpKUYr","shoulder tooth small but sharp| no or little punctuation on prothorax| at least base of tibia pale| head narrow| strong microsculpture on elytra| basal side margins of prothorax nearly straight| size 7.5-9.3 mm.| could be H. nigritarsus but labial palpae"
"ec08507d-a332-496d-b028-4a1bcab8430d","WOOD_003.basePlot.bet","D09","WOOD","WOOD_003","S","2015-07-08","2015-07-22","2015-10-19","2016-01-20","gVhx7bcr2vPVxuC4MX3D7Rbe/udVA85KirYmoorZV/k=","NEON.BET.D09.000786","AGOCUP1","Agonum cupreum","species",,"Dejean",,"Lindroth, C. H. 1969. The ground-beetles (Carabidae, excl. Cicindelinae) of Canada and Alaska, parts 1-6. Opuscula E. Entomoligiska Sallskapet.",,"4oCBvlQIQ4DhSH30J22+0bs0GAacIQwk","49AT3csB7SNH9c2JnAOTHYMNXNZpKUYr",
"ae5f8dfa-e66f-444e-bd73-c753a54256fb","WOOD_002.basePlot.bet","D09","WOOD","WOOD_002","S","2015-07-08","2015-07-22","2015-10-20","2016-01-25","V7nyjIgYGmPGW5RkcOYDIIDWlNP2Xkb7RIUTauAAf7w=","NEON.BET.D09.000827","PTEMEL","Pterostichus melanarius melanarius","subspecies",,"Illiger",,"Lindroth, C. H. 1969. The ground-beetles (Carabidae, excl. Cicindelinae) of Canada and Alaska, parts 1-6. Opuscula E. Entomoligiska Sallskapet.",,"4oCBvlQIQ4DhSH30J22+0bs0GAacIQwk","a/0SlN26fEtmJ3LLysIxkaRUfZvckIBE",
"5e806c05-bb1b-48a9-bac9-7832a37a2ecc","WOOD_003.basePlot.bet","D09","WOOD","WOOD_003","S","2015-07-08","2015-07-22","2015-10-19","2016-01-27","gVhx7bcr2vPVxuC4MX3D7fWHFiJJyumUReNHu7w5QQA=","NEON.BET.D09.000784","SYNAME","Syntomus americanus","species","cf. species","Dejean",,"Lindroth, C. H. 1969. The ground-beetles (Carabidae, excl. Cicindelinae) of Canada and Alaska, parts 1-6. Opuscula E. Entomoligiska Sallskapet.",,"4oCBvlQIQ4DhSH30J22+0bs0GAacIQwk","49AT3csB7SNH9c2JnAOTHYMNXNZpKUYr","Apex of elytra sinuate| elytral striae not well defined| Could be Apristus sp. but pubescence starts on 4th antennal segment and some seem less than 3 mm.| difficult to see if mentum tooth is bifid"
"8a921ebd-5618-4906-82b4-d96b281f77e9","WOOD_002.basePlot.bet","D09","WOOD","WOOD_002","S","2015-07-08","2015-07-22","2015-10-20","2016-01-25","V7nyjIgYGmPGW5RkcOYDIIDWlNP2Xkb7RIUTauAAf7w=","NEON.BET.D09.000828","PTEMEL","Pterostichus melanarius melanarius","subspecies",,"Illiger",,"Lindroth, C. H. 1969. The ground-beetles (Carabidae, excl. Cicindelinae) of Canada and Alaska, parts 1-6. Opuscula E. Entomoligiska Sallskapet.",,"4oCBvlQIQ4DhSH30J22+0bs0GAacIQwk","a/0SlN26fEtmJ3LLysIxkaRUfZvckIBE",
"0c1f4ed8-905f-4b35-ade0-43ca1f734356","WOOD_002.basePlot.bet","D09","WOOD","WOOD_002","S","2015-07-08","2015-07-22","2015-10-20","2016-01-25","V7nyjIgYGmPGW5RkcOYDIIDWlNP2Xkb7RIUTauAAf7w=","NEON.BET.D09.000823","PTEMEL","Pterostichus melanarius melanarius","subspecies",,"Illiger",,"Lindroth, C. H. 1969. The ground-beetles (Carabidae, excl. Cicindelinae) of Canada and Alaska, parts 1-6. Opuscula E. Entomoligiska Sallskapet.",,"4oCBvlQIQ4DhSH30J22+0bs0GAacIQwk","a/0SlN26fEtmJ3LLysIxkaRUfZvckIBE",
"f331a3fd-1090-48b0-9190-20fde7a2afcc","WOOD_007.basePlot.bet","D09","WOOD","WOOD_007","S","2015-07-08","2015-07-22","2015-10-19","2016-01-21","5mkFtj0S+ggRycJyJqYyrZA1ODcrKfk8EuDtF0nkyCc=","NEON.BET.D09.000754","CYMNEG","Cymindis neglecta","species",,"Haldeman",,"Lindroth, C. H. 1969. The ground-beetles (Carabidae, excl. Cicindelinae) of Canada and Alaska, parts 1-6. Opuscula E. Entomoligiska Sallskapet.",,"4oCBvlQIQ4DhSH30J22+0bs0GAacIQwk","eE6kvSR3uoy9zdn7o7etq88/xsP7F3Qo",
"c065f1bd-a006-4de8-8bb9-6d21cdd19251","WOOD_007.basePlot.bet","D09","WOOD","WOOD_007","S","2015-07-08","2015-07-22","2015-10-19","2016-01-21","5mkFtj0S+ggRycJyJqYyrZA1ODcrKfk8EuDtF0nkyCc=","NEON.BET.D09.000757","CYMNEG","Cymindis neglecta","species",,"Haldeman",,"Lindroth, C. H. 1969. The ground-beetles (Carabidae, excl. Cicindelinae) of Canada and Alaska, parts 1-6. Opuscula E. Entomoligiska Sallskapet.",,"4oCBvlQIQ4DhSH30J22+0bs0GAacIQwk","eE6kvSR3uoy9zdn7o7etq88/xsP7F3Qo",
"86a620df-0f1b-46e4-910f-1501eddf8630","WOOD_001.basePlot.bet","D09","WOOD","WOOD_001","W","2015-07-08","2015-07-22","2015-10-20","2016-01-27","vZVALStcGze4oqiSg8fWagXiyarzG7uyTmo0HEn+O70=","NEON.BET.D09.000810","SYNAME","Syntomus americanus","species","cf. species","Dejean",,"Lindroth, C. H. 1969. The ground-beetles (Carabidae, excl. Cicindelinae) of Canada and Alaska, parts 1-6. Opuscula E. Entomoligiska Sallskapet.",,"4oCBvlQIQ4DhSH30J22+0bs0GAacIQwk","49AT3csB7SNH9c2JnAOTHYMNXNZpKUYr","Apex of elytra sinuate| elytral striae not well defined| Could be Apristus sp. but pubescence starts on 4th antennal segment and some seem less than 3 mm.| difficult to see if mentum tooth is bifid"
"4bf30a1b-7df1-4316-83ed-39cb93ad87f8","WOOD_001.basePlot.bet","D09","WOOD","WOOD_001","W","2015-07-08","2015-07-22","2015-10-20","2016-01-25","vZVALStcGze4oqiSg8fWahDw008eubQd8o8KefohiCQ=","NEON.BET.D09.000811","PTEMEL","Pterostichus melanarius melanarius","subspecies",,"Illiger",,"Lindroth, C. H. 1969. The ground-beetles (Carabidae, excl. Cicindelinae) of Canada and Alaska, parts 1-6. Opuscula E. Entomoligiska Sallskapet.",,"4oCBvlQIQ4DhSH30J22+0bs0GAacIQwk","49AT3csB7SNH9c2JnAOTHYMNXNZpKUYr",
