uid,namedLocation,domainID,siteID,plotID,trapID,plotType,nlcdClass,decimalLatitude,decimalLongitude,geodeticDatum,coordinateUncertainty,elevation,elevationUncertainty,setDate,collectDate,eventID,daysOfTrapping,sampleCollected,sampleID,cupStatus,lidStatus,fluidLevel,samplingProtocolVersion,recordedBy,remarks
"d5902e43-ca14-4877-a813-c8364310d41b","JERC_009.basePlot.bet","D03","JERC","JERC_009","E","distributed","evergreenForest",31.194989,-84.456904,"WGS84",20.2,48.6,0.3,"2014-06-18","2014-07-02","JERC.2014.27",14,"Y","JERC_009.E.20140702","Ok","Ok","Ok","NEON.DOC.014050vE","w9gx7zrN+zBUJ2iV6az0FngRBSIRDJ4m",
"a9b2815d-dccd-4911-8bd2-01e8ee9c95ad","JERC_002.basePlot.bet","D03","JERC","JERC_002","W","distributed","evergreenForest",31.194506,-84.460063,"WGS84",20.3,48.3,0.3,"2014-06-18","2014-07-02","JERC.2014.27",14,"Y","JERC_002.W.20140702","Ok","Ok","Ok","NEON.DOC.014050vE","iiDgbhaUgfPlmO3sDuElTmkNgYTXyxbk",
"75e762ea-bd85-483e-934f-ae0fbd1c5456","JERC_005.basePlot.bet","D03","JERC","JERC_005","E","distributed","evergreenForest",31.195967,-84.451227,"WGS84",20.2,45.6,0.4,"2014-06-18","2014-07-02","JERC.2014.27",14,"Y","JERC_005.E.20140702","Ok","Ok","Ok","NEON.DOC.014050vE","iiDgbhaUgfPlmO3sDuElTmkNgYTXyxbk",
"65b833df-5345-4ee7-8b2b-de6538ca0235","JERC_006.basePlot.bet","D03","JERC","JERC_006","E","distributed","mixedForest",31.187672,-84.455851,"WGS84",20.1,41.9,0.3,"2014-06-18","2014-07-02","JERC.2014.27",14,"Y","JERC_006.E.20140702","Ok","Ok","Ok","NEON.DOC.014050vE","iiDgbhaUgfPlmO3sDuElTmkNgYTXyxbk",
"eea05b16-fceb-47bc-a164-8be221fdd1d9","JERC_002.basePlot.bet","D03","JERC","JERC_002","E","distributed","evergreenForest",31.194506,-84.460063,"WGS84",20.3,48.3,0.3,"2014-06-18","2014-07-02","JERC.2014.27",14,"Y","JERC_002.E.20140702","Ok","Ok","Ok","NEON.DOC.014050vE","iiDgbhaUgfPlmO3sDuElTmkNgYTXyxbk",
"0c946129-911f-4bc8-8c16-878e24317ad7","JERC_030.basePlot.bet","D03","JERC","JERC_030","E","distributed","mixedForest",31.185096,-84.476067,"WGS84",20.1,36.3,0.2,"2014-06-18","2014-07-02","JERC.2014.27",14,"Y","JERC_030.E.20140702","Ok","Ok","Ok","NEON.DOC.014050vE","w9gx7zrN+zBUJ2iV6az0FngRBSIRDJ4m",
"e05b95e0-936b-44ad-af94-bf7d6947b81c","JERC_001.basePlot.bet","D03","JERC","JERC_001","E","distributed","deciduousForest",31.194318,-84.477078,"WGS84",20.3,37.9,0.3,"2014-06-18","2014-07-02","JERC.2014.27",14,"Y","JERC_001.E.20140702","Ok","Ok","Ok","NEON.DOC.014050vE","iiDgbhaUgfPlmO3sDuElTmkNgYTXyxbk",
"c2929556-c59f-458b-9182-445b25b65fae","JERC_010.basePlot.bet","D03","JERC","JERC_010","E","distributed","deciduousForest",31.208222,-84.469495,"WGS84",20.3,42.9,0.4,"2014-06-18","2014-07-02","JERC.2014.27",14,"Y","JERC_010.E.20140702","Ok","Ok","Ok","NEON.DOC.014050vE","w9gx7zrN+zBUJ2iV6az0FngRBSIRDJ4m",
"50ca4861-b08a-435b-808c-805781bc08ef","JERC_003.basePlot.bet","D03","JERC","JERC_003","E","distributed","deciduousForest",31.196150,-84.473242,"WGS84",20.1,34.2,0.3,"2014-06-18","2014-07-02","JERC.2014.27",14,"Y","JERC_003.E.20140702","Ok","Ok","Ok","NEON.DOC.014050vE","iiDgbhaUgfPlmO3sDuElTmkNgYTXyxbk",
"068115f5-0718-4632-af19-415c7da486da","JERC_007.basePlot.bet","D03","JERC","JERC_007","E","distributed","evergreenForest",31.198631,-84.476311,"WGS84",20.1,36.8,0.2,"2014-06-18","2014-07-02","JERC.2014.27",14,"Y","JERC_007.E.20140702","Ok","Ok","Ok","NEON.DOC.014050vE","iiDgbhaUgfPlmO3sDuElTmkNgYTXyxbk",
"e903f19b-7b5e-4576-8112-c88c0dcad637","JERC_030.basePlot.bet","D03","JERC","JERC_030","N","distributed","mixedForest",31.185096,-84.476067,"WGS84",20.1,36.3,0.2,"2014-06-18","2014-07-02","JERC.2014.27",14,"Y","JERC_030.N.20140702","Ok","Ok","Ok","NEON.DOC.014050vE","w9gx7zrN+zBUJ2iV6az0FngRBSIRDJ4m",
"445cc7a3-73d9-442f-b1f0-228eb05e289a","JERC_002.basePlot.bet","D03","JERC","JERC_002","N","distributed","evergreenForest",31.194506,-84.460063,"WGS84",20.3,48.3,0.3,"2014-06-18","2014-07-02","JERC.2014.27",14,"Y","JERC_002.N.20140702","Ok","Ok","Ok","NEON.DOC.014050vE","iiDgbhaUgfPlmO3sDuElTmkNgYTXyxbk",
"4b087dfa-67cf-44d0-ac33-d0e7f9033d3c","JERC_001.basePlot.bet","D03","JERC","JERC_001","N","distributed","deciduousForest",31.194318,-84.477078,"WGS84",20.3,37.9,0.3,"2014-06-18","2014-07-02","JERC.2014.27",14,"Y","JERC_001.N.20140702","Ok","Ok","Ok","NEON.DOC.014050vE","iiDgbhaUgfPlmO3sDuElTmkNgYTXyxbk",
"bca13212-290e-4cfe-b840-fc48bdb9e34a","JERC_007.basePlot.bet","D03","JERC","JERC_007","N","distributed","evergreenForest",31.198631,-84.476311,"WGS84",20.1,36.8,0.2,"2014-06-18","2014-07-02","JERC.2014.27",14,"Y","JERC_007.N.20140702","Ok","Ok","Ok","NEON.DOC.014050vE","iiDgbhaUgfPlmO3sDuElTmkNgYTXyxbk","trap established in an ant bed"
"6333deec-1a50-471c-9c1d-499bd3f3db2a","JERC_010.basePlot.bet","D03","JERC","JERC_010","N","distributed","deciduousForest",31.208222,-84.469495,"WGS84",20.3,42.9,0.4,"2014-06-18","2014-07-02","JERC.2014.27",14,"Y","JERC_010.N.20140702","Ok","Ok","Ok","NEON.DOC.014050vE","w9gx7zrN+zBUJ2iV6az0FngRBSIRDJ4m",
"a8d6d5d5-9f13-4ebb-806b-45775a414555","JERC_003.basePlot.bet","D03","JERC","JERC_003","N","distributed","deciduousForest",31.196150,-84.473242,"WGS84",20.1,34.2,0.3,"2014-06-18","2014-07-02","JERC.2014.27",14,"Y","JERC_003.N.20140702","Ok","Ok","High","NEON.DOC.014050vE","iiDgbhaUgfPlmO3sDuElTmkNgYTXyxbk",
"9c55c593-532b-4998-ace3-4097c3c44e59","JERC_009.basePlot.bet","D03","JERC","JERC_009","N","distributed","evergreenForest",31.194989,-84.456904,"WGS84",20.2,48.6,0.3,"2014-06-18","2014-07-02","JERC.2014.27",14,"Y","JERC_009.N.20140702","Ok","Ok","Ok","NEON.DOC.014050vE","w9gx7zrN+zBUJ2iV6az0FngRBSIRDJ4m",
"15fded59-a48e-48d2-a178-41358447d26a","JERC_005.basePlot.bet","D03","JERC","JERC_005","N","distributed","evergreenForest",31.195967,-84.451227,"WGS84",20.2,45.6,0.4,"2014-06-18","2014-07-02","JERC.2014.27",14,"Y","JERC_005.N.20140702","Ok","Ok","Ok","NEON.DOC.014050vE","iiDgbhaUgfPlmO3sDuElTmkNgYTXyxbk",
"a88863ed-1110-4cef-b474-0400c89f5099","JERC_008.basePlot.bet","D03","JERC","JERC_008","N","distributed","mixedForest",31.195153,-84.450927,"WGS84",20.2,46.1,0.3,"2014-06-18","2014-07-02","JERC.2014.27",14,"Y","JERC_008.N.20140702","Ok","Ok","Ok","NEON.DOC.014050vE","w9gx7zrN+zBUJ2iV6az0FngRBSIRDJ4m",
"5918af6f-6b75-4303-8266-3f35bcd691d9","JERC_006.basePlot.bet","D03","JERC","JERC_006","N","distributed","mixedForest",31.187672,-84.455851,"WGS84",20.1,41.9,0.3,"2014-06-18","2014-07-02","JERC.2014.27",14,"Y","JERC_006.N.20140702","Ok","Ok","Ok","NEON.DOC.014050vE","iiDgbhaUgfPlmO3sDuElTmkNgYTXyxbk",
"2f04c40b-6b90-4e19-8ad2-bb8d5d0eb214","JERC_001.basePlot.bet","D03","JERC","JERC_001","S","distributed","deciduousForest",31.194318,-84.477078,"WGS84",20.3,37.9,0.3,"2014-06-18","2014-07-02","JERC.2014.27",14,"N",,,,"Low","NEON.DOC.014050vE","iiDgbhaUgfPlmO3sDuElTmkNgYTXyxbk",
"a713b805-488c-46aa-91b0-029c515b01e7","JERC_003.basePlot.bet","D03","JERC","JERC_003","S","distributed","deciduousForest",31.196150,-84.473242,"WGS84",20.1,34.2,0.3,"2014-06-18","2014-07-02","JERC.2014.27",14,"Y","JERC_003.S.20140702","Ok","Ok","Ok","NEON.DOC.014050vE","iiDgbhaUgfPlmO3sDuElTmkNgYTXyxbk",
"60efa381-076f-4936-838f-f6c9ecdfd598","JERC_007.basePlot.bet","D03","JERC","JERC_007","S","distributed","evergreenForest",31.198631,-84.476311,"WGS84",20.1,36.8,0.2,"2014-06-18","2014-07-02","JERC.2014.27",14,"Y","JERC_007.S.20140702","Ok","Ok","Ok","NEON.DOC.014050vE","iiDgbhaUgfPlmO3sDuElTmkNgYTXyxbk",
"af0a9813-3906-4754-87e2-71de90e58097","JERC_002.basePlot.bet","D03","JERC","JERC_002","S","distributed","evergreenForest",31.194506,-84.460063,"WGS84",20.3,48.3,0.3,"2014-06-18","2014-07-02","JERC.2014.27",14,"Y","JERC_002.S.20140702","Ok","Ok","Ok","NEON.DOC.014050vE","iiDgbhaUgfPlmO3sDuElTmkNgYTXyxbk",
"f16b191c-e538-485c-af36-3581d7075f97","JERC_010.basePlot.bet","D03","JERC","JERC_010","S","distributed","deciduousForest",31.208222,-84.469495,"WGS84",20.3,42.9,0.4,"2014-06-18","2014-07-02","JERC.2014.27",14,"Y","JERC_010.S.20140702","Ok","Ok","Ok","NEON.DOC.014050vE","w9gx7zrN+zBUJ2iV6az0FngRBSIRDJ4m",
"d07b5eff-40f7-4972-8271-fc42909eac22","JERC_030.basePlot.bet","D03","JERC","JERC_030","S","distributed","mixedForest",31.185096,-84.476067,"WGS84",20.1,36.3,0.2,"2014-06-18","2014-07-02","JERC.2014.27",14,"Y","JERC_030.S.20140702","Ok","Ok","Ok","NEON.DOC.014050vE","w9gx7zrN+zBUJ2iV6az0FngRBSIRDJ4m",
"58aa8dac-dfde-4175-a563-d4876e3c5314","JERC_005.basePlot.bet","D03","JERC","JERC_005","S","distributed","evergreenForest",31.195967,-84.451227,"WGS84",20.2,45.6,0.4,"2014-06-18","2014-07-02","JERC.2014.27",14,"Y","JERC_005.S.20140702","Ok","Ok","Ok","NEON.DOC.014050vE","iiDgbhaUgfPlmO3sDuElTmkNgYTXyxbk",
"abee2945-6fa2-4cab-99b0-5cc522f166bb","JERC_006.basePlot.bet","D03","JERC","JERC_006","S","distributed","mixedForest",31.187672,-84.455851,"WGS84",20.1,41.9,0.3,"2014-06-18","2014-07-02","JERC.2014.27",14,"Y","JERC_006.S.20140702","Ok","Ok","Ok","NEON.DOC.014050vE","iiDgbhaUgfPlmO3sDuElTmkNgYTXyxbk",
"86ab8fd1-1970-439b-9623-1ff4776b85d0","JERC_008.basePlot.bet","D03","JERC","JERC_008","S","distributed","mixedForest",31.195153,-84.450927,"WGS84",20.2,46.1,0.3,"2014-06-18","2014-07-02","JERC.2014.27",14,"Y","JERC_008.S.20140702","Ok","Ok","Ok","NEON.DOC.014050vE","w9gx7zrN+zBUJ2iV6az0FngRBSIRDJ4m",
"40fbb807-95c2-4b14-9a2e-d4834cc5076c","JERC_009.basePlot.bet","D03","JERC","JERC_009","S","distributed","evergreenForest",31.194989,-84.456904,"WGS84",20.2,48.6,0.3,"2014-06-18","2014-07-02","JERC.2014.27",14,"Y","JERC_009.S.20140702","Ok","Ok","Ok","NEON.DOC.014050vE","w9gx7zrN+zBUJ2iV6az0FngRBSIRDJ4m",
"24080b7c-e6eb-4886-b558-965116d69651","JERC_006.basePlot.bet","D03","JERC","JERC_006","W","distributed","mixedForest",31.187672,-84.455851,"WGS84",20.1,41.9,0.3,"2014-06-18","2014-07-02","JERC.2014.27",14,"Y","JERC_006.W.20140702","Ok","Ok","Ok","NEON.DOC.014050vE","iiDgbhaUgfPlmO3sDuElTmkNgYTXyxbk",
"e77ed4fc-3734-4621-875d-d811bf3ab109","JERC_030.basePlot.bet","D03","JERC","JERC_030","W","distributed","mixedForest",31.185096,-84.476067,"WGS84",20.1,36.3,0.2,"2014-06-18","2014-07-02","JERC.2014.27",14,"Y","JERC_030.W.20140702","Ok","Ok","Ok","NEON.DOC.014050vE","w9gx7zrN+zBUJ2iV6az0FngRBSIRDJ4m",
"d792223e-53e3-4f11-80da-6c21b9d13596","JERC_008.basePlot.bet","D03","JERC","JERC_008","W","distributed","mixedForest",31.195153,-84.450927,"WGS84",20.2,46.1,0.3,"2014-06-18","2014-07-02","JERC.2014.27",14,"Y","JERC_008.W.20140702","Ok","Ok","Ok","NEON.DOC.014050vE","w9gx7zrN+zBUJ2iV6az0FngRBSIRDJ4m",
"32f4cea4-4464-40b5-b177-c5f2d3546f92","JERC_009.basePlot.bet","D03","JERC","JERC_009","W","distributed","evergreenForest",31.194989,-84.456904,"WGS84",20.2,48.6,0.3,"2014-06-18","2014-07-02","JERC.2014.27",14,"Y","JERC_009.W.20140702","Ok","Ok","Ok","NEON.DOC.014050vE","w9gx7zrN+zBUJ2iV6az0FngRBSIRDJ4m",
"33a2edb7-b3c8-4053-b6a1-f346af7f031f","JERC_010.basePlot.bet","D03","JERC","JERC_010","W","distributed","deciduousForest",31.208222,-84.469495,"WGS84",20.3,42.9,0.4,"2014-06-18","2014-07-02","JERC.2014.27",14,"Y","JERC_010.W.20140702","Ok","Ok","Ok","NEON.DOC.014050vE","w9gx7zrN+zBUJ2iV6az0FngRBSIRDJ4m",
"81d95784-815b-4de6-8248-2f13bc115eee","JERC_003.basePlot.bet","D03","JERC","JERC_003","W","distributed","deciduousForest",31.196150,-84.473242,"WGS84",20.1,34.2,0.3,"2014-06-18","2014-07-02","JERC.2014.27",14,"Y","JERC_003.W.20140702","Ok","Ok","Ok","NEON.DOC.014050vE","iiDgbhaUgfPlmO3sDuElTmkNgYTXyxbk",
"8b78fd24-1cd0-4d1b-89b3-930d2088d061","JERC_001.basePlot.bet","D03","JERC","JERC_001","W","distributed","deciduousForest",31.194318,-84.477078,"WGS84",20.3,37.9,0.3,"2014-06-18","2014-07-02","JERC.2014.27",14,"Y","JERC_001.W.20140702","Ok","Ok","Ok","NEON.DOC.014050vE","iiDgbhaUgfPlmO3sDuElTmkNgYTXyxbk",
"48f82928-a825-4935-b836-6aeec9f0f9a9","JERC_007.basePlot.bet","D03","JERC","JERC_007","W","distributed","evergreenForest",31.198631,-84.476311,"WGS84",20.1,36.8,0.2,"2014-06-18","2014-07-02","JERC.2014.27",14,"Y","JERC_007.W.20140702","Ok","Ok","Ok","NEON.DOC.014050vE","iiDgbhaUgfPlmO3sDuElTmkNgYTXyxbk",
"f83081cc-9394-4951-9e57-9993b9571701","JERC_005.basePlot.bet","D03","JERC","JERC_005","W","distributed","evergreenForest",31.195967,-84.451227,"WGS84",20.2,45.6,0.4,"2014-06-18","2014-07-02","JERC.2014.27",14,"Y","JERC_005.W.20140702","Ok","Ok","Ok","NEON.DOC.014050vE","iiDgbhaUgfPlmO3sDuElTmkNgYTXyxbk",
"7487fb20-7098-4b77-9d7c-d1a3b446efe5","JERC_008.basePlot.bet","D03","JERC","JERC_008","E","distributed","mixedForest",31.195153,-84.450927,"WGS84",20.2,46.1,0.3,"2014-06-18","2014-07-02","JERC.2014.27",14,"Y","JERC_008.E.20140702","Ok","Ok","Ok","NEON.DOC.014050vE","w9gx7zrN+zBUJ2iV6az0FngRBSIRDJ4m",
"461fead8-5b76-4a99-88a4-b67931f14181","JERC_010.basePlot.bet","D03","JERC","JERC_010","E","distributed","deciduousForest",31.208222,-84.469495,"WGS84",20.3,42.9,0.4,"2014-07-02","2014-07-16","JERC.2014.29",14,"Y","JERC_010.E.20140716","Ok","Ok","Ok","NEON.DOC.014050vE","iiDgbhaUgfNp3U3OpmVG3zaygcMeRRyi",
"4ab6b4d9-bb9e-4142-8155-62c3cf5cba63","JERC_002.basePlot.bet","D03","JERC","JERC_002","W","distributed","evergreenForest",31.194506,-84.460063,"WGS84",20.3,48.3,0.3,"2014-07-02","2014-07-16","JERC.2014.29",14,"Y","JERC_002.W.20140716","Ok","Ok","Ok","NEON.DOC.014050vE","iiDgbhaUgfNp3U3OpmVG3zaygcMeRRyi","|Out of PG stock, some filtered waste mixed w/PG solution"
"90fd79fa-65b3-436f-ab32-2bc43b2ccd58","JERC_008.basePlot.bet","D03","JERC","JERC_008","E","distributed","mixedForest",31.195153,-84.450927,"WGS84",20.2,46.1,0.3,"2014-07-02","2014-07-16","JERC.2014.29",14,"Y","JERC_008.E.20140716","Ok","Ok","Ok","NEON.DOC.014050vE","iiDgbhaUgfNp3U3OpmVG3zaygcMeRRyi","Out of PG stock, some filtered waste mixed w/PG solution to reset traps."
"b8ca0b56-8b1b-4aef-88e1-3fdacda5efc0","JERC_005.basePlot.bet","D03","JERC","JERC_005","E","distributed","evergreenForest",31.195967,-84.451227,"WGS84",20.2,45.6,0.4,"2014-07-02","2014-07-16","JERC.2014.29",14,"Y","JERC_005.E.20140716","Ok","Ok","Ok","NEON.DOC.014050vE","iiDgbhaUgfNp3U3OpmVG3zaygcMeRRyi","|Out of PG stock, some filtered waste mixed w/PG solution"
"4e37c614-4626-45f3-b546-58a28d3e12b7","JERC_007.basePlot.bet","D03","JERC","JERC_007","E","distributed","evergreenForest",31.198631,-84.476311,"WGS84",20.1,36.8,0.2,"2014-07-02","2014-07-16","JERC.2014.29",14,"Y","JERC_007.E.20140716","Ok","Ok","Ok","NEON.DOC.014050vE","iiDgbhaUgfNp3U3OpmVG3zaygcMeRRyi","|West lid did not fully cover catch cup upon arrival."
"d96247a5-ae11-4873-a4c7-1131ef1b43b3","JERC_001.basePlot.bet","D03","JERC","JERC_001","E","distributed","deciduousForest",31.194318,-84.477078,"WGS84",20.3,37.9,0.3,"2014-07-02","2014-07-16","JERC.2014.29",14,"Y","JERC_001.E.20140716","Ok","Ok","Low","NEON.DOC.014050vE","iiDgbhaUgfNp3U3OpmVG3zaygcMeRRyi",
"f4254e2c-70c1-4a65-9391-5f8f37977a40","JERC_002.basePlot.bet","D03","JERC","JERC_002","E","distributed","evergreenForest",31.194506,-84.460063,"WGS84",20.3,48.3,0.3,"2014-07-02","2014-07-16","JERC.2014.29",14,"Y","JERC_002.E.20140716","Ok","Ok","Ok","NEON.DOC.014050vE","iiDgbhaUgfNp3U3OpmVG3zaygcMeRRyi","|Out of PG stock, some filtered waste mixed w/PG solution"
"77c294c0-a9f6-4f25-a750-12046ec4bd99","JERC_003.basePlot.bet","D03","JERC","JERC_003","E","distributed","deciduousForest",31.196150,-84.473242,"WGS84",20.1,34.2,0.3,"2014-07-02","2014-07-16","JERC.2014.29",14,"Y","JERC_003.E.20140716","Disturbed","Ok","Ok","NEON.DOC.014050vE","iiDgbhaUgfNp3U3OpmVG3zaygcMeRRyi",
"9151e79c-0ab0-4af6-bbb1-c411ba81378a","JERC_006.basePlot.bet","D03","JERC","JERC_006","E","distributed","mixedForest",31.187672,-84.455851,"WGS84",20.1,41.9,0.3,"2014-07-02","2014-07-16","JERC.2014.29",14,"Y","JERC_006.E.20140716","Ok","Ok","Ok","NEON.DOC.014050vE","iiDgbhaUgfNp3U3OpmVG3zaygcMeRRyi","|Out of PG stock, some filtered waste mixed w/PG solution"
"0f89f527-a045-47c5-bcec-6f27be55a0ef","JERC_010.basePlot.bet","D03","JERC","JERC_010","N","distributed","deciduousForest",31.208222,-84.469495,"WGS84",20.3,42.9,0.4,"2014-07-02","2014-07-16","JERC.2014.29",14,"Y","JERC_010.N.20140716","Ok","Ok","Ok","NEON.DOC.014050vE","iiDgbhaUgfNp3U3OpmVG3zaygcMeRRyi",
"d6134cae-79cb-4a4e-bafb-1f09edf3edf6","JERC_009.basePlot.bet","D03","JERC","JERC_009","N","distributed","evergreenForest",31.194989,-84.456904,"WGS84",20.2,48.6,0.3,"2014-07-02","2014-07-16","JERC.2014.29",14,"Y","JERC_009.N.20140716","Ok","Ok","Ok","NEON.DOC.014050vE","iiDgbhaUgfNp3U3OpmVG3zaygcMeRRyi","Out of PG stock, some filtered waste mixed w/PG solution to reset traps."
"52e031ab-210d-4814-a835-e970482a3b09","JERC_008.basePlot.bet","D03","JERC","JERC_008","N","distributed","mixedForest",31.195153,-84.450927,"WGS84",20.2,46.1,0.3,"2014-07-02","2014-07-16","JERC.2014.29",14,"Y","JERC_008.N.20140716","Ok","Ok","Ok","NEON.DOC.014050vE","iiDgbhaUgfNp3U3OpmVG3zaygcMeRRyi","Out of PG stock, some filtered waste mixed w/PG solution to reset traps."
"7ea62fbf-61fc-45c2-b31e-d3b8774c92a6","JERC_002.basePlot.bet","D03","JERC","JERC_002","N","distributed","evergreenForest",31.194506,-84.460063,"WGS84",20.3,48.3,0.3,"2014-07-02","2014-07-16","JERC.2014.29",14,"Y","JERC_002.N.20140716","Ok","Ok","Ok","NEON.DOC.014050vE","iiDgbhaUgfNp3U3OpmVG3zaygcMeRRyi","|Out of PG stock, some filtered waste mixed w/PG solution"
"3509bdfd-716b-456c-bd83-a1ec9ec2dc5b","JERC_006.basePlot.bet","D03","JERC","JERC_006","N","distributed","mixedForest",31.187672,-84.455851,"WGS84",20.1,41.9,0.3,"2014-07-02","2014-07-16","JERC.2014.29",14,"Y","JERC_006.N.20140716","Ok","Ok","Ok","NEON.DOC.014050vE","iiDgbhaUgfNp3U3OpmVG3zaygcMeRRyi","|Out of PG stock, some filtered waste mixed w/PG solution"
"9dc9042e-bacd-47bb-92e6-7289754592e8","JERC_003.basePlot.bet","D03","JERC","JERC_003","N","distributed","deciduousForest",31.196150,-84.473242,"WGS84",20.1,34.2,0.3,"2014-07-02","2014-07-16","JERC.2014.29",14,"Y","JERC_003.N.20140716","Ok","Ok","Ok","NEON.DOC.014050vE","iiDgbhaUgfNp3U3OpmVG3zaygcMeRRyi",
"65257d4c-a3b8-4bf9-97ff-1302b77b4b65","JERC_007.basePlot.bet","D03","JERC","JERC_007","N","distributed","evergreenForest",31.198631,-84.476311,"WGS84",20.1,36.8,0.2,"2014-07-02","2014-07-16","JERC.2014.29",14,"Y","JERC_007.N.20140716","Ok","Ok","Ok","NEON.DOC.014050vE","iiDgbhaUgfNp3U3OpmVG3zaygcMeRRyi","|West lid did not fully cover catch cup upon arrival."
"732f243b-bc0d-4d2c-97e7-dd8838b3c093","JERC_001.basePlot.bet","D03","JERC","JERC_001","N","distributed","deciduousForest",31.194318,-84.477078,"WGS84",20.3,37.9,0.3,"2014-07-02","2014-07-16","JERC.2014.29",14,"Y","JERC_001.N.20140716","Ok","Ok","Ok","NEON.DOC.014050vE","iiDgbhaUgfNp3U3OpmVG3zaygcMeRRyi",
"d778e2b6-0126-4729-933a-0ba872acb380","JERC_005.basePlot.bet","D03","JERC","JERC_005","N","distributed","evergreenForest",31.195967,-84.451227,"WGS84",20.2,45.6,0.4,"2014-07-02","2014-07-16","JERC.2014.29",14,"Y","JERC_005.N.20140716","Ok","Ok","Ok","NEON.DOC.014050vE","iiDgbhaUgfNp3U3OpmVG3zaygcMeRRyi","|Out of PG stock, some filtered waste mixed w/PG solution"
"7287d2c9-c62f-4801-9db7-555e853f7cc1","JERC_008.basePlot.bet","D03","JERC","JERC_008","S","distributed","mixedForest",31.195153,-84.450927,"WGS84",20.2,46.1,0.3,"2014-07-02","2014-07-16","JERC.2014.29",14,"Y","JERC_008.S.20140716","Ok","Ok","Ok","NEON.DOC.014050vE","iiDgbhaUgfNp3U3OpmVG3zaygcMeRRyi","Out of PG stock, some filtered waste mixed w/PG solution to reset traps."
"3a76e153-33f9-4c16-95e3-464b98136ea7","JERC_010.basePlot.bet","D03","JERC","JERC_010","S","distributed","deciduousForest",31.208222,-84.469495,"WGS84",20.3,42.9,0.4,"2014-07-02","2014-07-16","JERC.2014.29",14,"Y","JERC_010.S.20140716","Ok","Ok","Ok","NEON.DOC.014050vE","iiDgbhaUgfNp3U3OpmVG3zaygcMeRRyi",
"787eab89-76f9-41c1-ae05-17e48b9dcbbc","JERC_003.basePlot.bet","D03","JERC","JERC_003","S","distributed","deciduousForest",31.196150,-84.473242,"WGS84",20.1,34.2,0.3,"2014-07-02","2014-07-16","JERC.2014.29",14,"Y","JERC_003.S.20140716","Ok","Ok","Ok","NEON.DOC.014050vE","iiDgbhaUgfNp3U3OpmVG3zaygcMeRRyi",
"5836d371-33ec-4b11-bb1b-4a3b254bdb04","JERC_007.basePlot.bet","D03","JERC","JERC_007","S","distributed","evergreenForest",31.198631,-84.476311,"WGS84",20.1,36.8,0.2,"2014-07-02","2014-07-16","JERC.2014.29",14,"Y","JERC_007.S.20140716","Ok","Ok","Ok","NEON.DOC.014050vE","iiDgbhaUgfNp3U3OpmVG3zaygcMeRRyi","|West lid did not fully cover catch cup upon arrival."
"fbdcbfa2-f73a-4612-bacf-0cf65e10edd0","JERC_001.basePlot.bet","D03","JERC","JERC_001","S","distributed","deciduousForest",31.194318,-84.477078,"WGS84",20.3,37.9,0.3,"2014-07-02","2014-07-16","JERC.2014.29",14,"Y","JERC_001.S.20140716","Ok","Ok","Ok","NEON.DOC.014050vE","iiDgbhaUgfNp3U3OpmVG3zaygcMeRRyi",
"219400d6-3c44-45ba-81c6-70f018e2f9cc","JERC_002.basePlot.bet","D03","JERC","JERC_002","S","distributed","evergreenForest",31.194506,-84.460063,"WGS84",20.3,48.3,0.3,"2014-07-02","2014-07-16","JERC.2014.29",14,"Y","JERC_002.S.20140716","Ok","Ok","Ok","NEON.DOC.014050vE","iiDgbhaUgfNp3U3OpmVG3zaygcMeRRyi","|Out of PG stock, some filtered waste mixed w/PG solution"
"0b384f04-3f8d-4162-80f7-d3c0c5a6f999","JERC_006.basePlot.bet","D03","JERC","JERC_006","S","distributed","mixedForest",31.187672,-84.455851,"WGS84",20.1,41.9,0.3,"2014-07-02","2014-07-16","JERC.2014.29",14,"Y","JERC_006.S.20140716","Ok","Ok","Ok","NEON.DOC.014050vE","iiDgbhaUgfNp3U3OpmVG3zaygcMeRRyi","|Out of PG stock, some filtered waste mixed w/PG solution"
"f739c913-7093-4fc7-866b-cfefbf89a0c9","JERC_005.basePlot.bet","D03","JERC","JERC_005","S","distributed","evergreenForest",31.195967,-84.451227,"WGS84",20.2,45.6,0.4,"2014-07-02","2014-07-16","JERC.2014.29",14,"Y","JERC_005.S.20140716","Ok","Ok","Ok","NEON.DOC.014050vE","iiDgbhaUgfNp3U3OpmVG3zaygcMeRRyi","|Out of PG stock, some filtered waste mixed w/PG solution"
"c9e3bd52-5fd8-4499-9698-6d9364407484","JERC_009.basePlot.bet","D03","JERC","JERC_009","S","distributed","evergreenForest",31.194989,-84.456904,"WGS84",20.2,48.6,0.3,"2014-07-02","2014-07-16","JERC.2014.29",14,"Y","JERC_009.S.20140716","Ok","Ok","Ok","NEON.DOC.014050vE","iiDgbhaUgfNp3U3OpmVG3zaygcMeRRyi","Out of PG stock, some filtered waste mixed w/PG solution to reset traps."
"c7dab588-efd8-4a46-86fd-d8deafa32294","JERC_006.basePlot.bet","D03","JERC","JERC_006","W","distributed","mixedForest",31.187672,-84.455851,"WGS84",20.1,41.9,0.3,"2014-07-02","2014-07-16","JERC.2014.29",14,"Y","JERC_006.W.20140716","Ok","Ok","High","NEON.DOC.014050vE","iiDgbhaUgfNp3U3OpmVG3zaygcMeRRyi","|Out of PG stock, some filtered waste mixed w/PG solution"
"a42e8ccf-a194-40a5-b2a6-bd5cb4316b45","JERC_005.basePlot.bet","D03","JERC","JERC_005","W","distributed","evergreenForest",31.195967,-84.451227,"WGS84",20.2,45.6,0.4,"2014-07-02","2014-07-16","JERC.2014.29",14,"Y","JERC_005.W.20140716","Ok","Ok","Ok","NEON.DOC.014050vE","iiDgbhaUgfNp3U3OpmVG3zaygcMeRRyi","|Out of PG stock, some filtered waste mixed w/PG solution"
"8e1db7b1-98c4-493b-a2e7-f448a4e0d347","JERC_008.basePlot.bet","D03","JERC","JERC_008","W","distributed","mixedForest",31.195153,-84.450927,"WGS84",20.2,46.1,0.3,"2014-07-02","2014-07-16","JERC.2014.29",14,"Y","JERC_008.W.20140716","Ok","Ok","Ok","NEON.DOC.014050vE","iiDgbhaUgfNp3U3OpmVG3zaygcMeRRyi","Out of PG stock, some filtered waste mixed w/PG solution to reset traps."
"25130718-e7c8-488b-a648-ad8abffbd698","JERC_009.basePlot.bet","D03","JERC","JERC_009","W","distributed","evergreenForest",31.194989,-84.456904,"WGS84",20.2,48.6,0.3,"2014-07-02","2014-07-16","JERC.2014.29",14,"Y","JERC_009.W.20140716","Ok","Ok","Ok","NEON.DOC.014050vE","iiDgbhaUgfNp3U3OpmVG3zaygcMeRRyi","Out of PG stock, some filtered waste mixed w/PG solution to reset traps."
"51dc3487-57a0-4603-870f-b0ef98e83dd2","JERC_003.basePlot.bet","D03","JERC","JERC_003","W","distributed","deciduousForest",31.196150,-84.473242,"WGS84",20.1,34.2,0.3,"2014-07-02","2014-07-16","JERC.2014.29",14,"Y","JERC_003.W.20140716","Ok","Ok","Ok","NEON.DOC.014050vE","iiDgbhaUgfNp3U3OpmVG3zaygcMeRRyi",
"67c96954-153f-4d26-ba11-4cc3c4a7743c","JERC_007.basePlot.bet","D03","JERC","JERC_007","W","distributed","evergreenForest",31.198631,-84.476311,"WGS84",20.1,36.8,0.2,"2014-07-02","2014-07-16","JERC.2014.29",14,"Y","JERC_007.W.20140716","Ok","Ok","Ok","NEON.DOC.014050vE","iiDgbhaUgfNp3U3OpmVG3zaygcMeRRyi","|West lid did not fully cover catch cup upon arrival."
"69c70c84-cb9a-4e61-a671-9dc98556957b","JERC_010.basePlot.bet","D03","JERC","JERC_010","W","distributed","deciduousForest",31.208222,-84.469495,"WGS84",20.3,42.9,0.4,"2014-07-02","2014-07-16","JERC.2014.29",14,"Y","JERC_010.W.20140716","Ok","Ok","Ok","NEON.DOC.014050vE","iiDgbhaUgfNp3U3OpmVG3zaygcMeRRyi",
"f355895e-e7eb-4909-899c-c2681df7d048","JERC_001.basePlot.bet","D03","JERC","JERC_001","W","distributed","deciduousForest",31.194318,-84.477078,"WGS84",20.3,37.9,0.3,"2014-07-02","2014-07-16","JERC.2014.29",14,"Y","JERC_001.W.20140716","Ok","Ok","Ok","NEON.DOC.014050vE","iiDgbhaUgfNp3U3OpmVG3zaygcMeRRyi",
"41841654-403b-4997-b7db-638426e034c1","JERC_009.basePlot.bet","D03","JERC","JERC_009","E","distributed","evergreenForest",31.194989,-84.456904,"WGS84",20.2,48.6,0.3,"2014-07-02","2014-07-16","JERC.2014.29",14,"Y","JERC_009.E.20140716","Ok","Ok","Ok","NEON.DOC.014050vE","iiDgbhaUgfNp3U3OpmVG3zaygcMeRRyi",
"81781cff-10e2-405b-90a1-3014caf8e02c","JERC_030.basePlot.bet","D03","JERC","JERC_030","E","distributed","mixedForest",31.185096,-84.476067,"WGS84",20.1,36.3,0.2,"2014-07-16","2014-07-30","JERC.2014.31",14,"Y","JERC_030.E.20140730","Ok","Ok","High","NEON.DOC.014050vE","iiDgbhaUgfPlmO3sDuElTmkNgYTXyxbk",
"cd20a272-c726-45d2-b499-dd67bf2a7511","JERC_005.basePlot.bet","D03","JERC","JERC_005","E","distributed","evergreenForest",31.195967,-84.451227,"WGS84",20.2,45.6,0.4,"2014-07-16","2014-07-30","JERC.2014.31",14,"Y","JERC_005.E.20140730","Ok","Ok","Ok","NEON.DOC.014050vE","iiDgbhaUgfPlmO3sDuElTmkNgYTXyxbk",
"642707f9-e0a3-4a2f-88d4-fb0a598eb5b7","JERC_009.basePlot.bet","D03","JERC","JERC_009","E","distributed","evergreenForest",31.194989,-84.456904,"WGS84",20.2,48.6,0.3,"2014-07-16","2014-07-30","JERC.2014.31",14,"Y","JERC_009.E.20140730","Ok","Ok","Ok","NEON.DOC.014050vE","iiDgbhaUgfPlmO3sDuElTmkNgYTXyxbk",
"a569a4cc-3b2e-4fc1-8887-62e8c0ba225e","JERC_008.basePlot.bet","D03","JERC","JERC_008","E","distributed","mixedForest",31.195153,-84.450927,"WGS84",20.2,46.1,0.3,"2014-07-16","2014-07-30","JERC.2014.31",14,"Y","JERC_008.E.20140730","Ok","Ok","High","NEON.DOC.014050vE","iiDgbhaUgfPlmO3sDuElTmkNgYTXyxbk",
"22114656-fdb5-46ff-a8cb-1a4aff63ae63","JERC_006.basePlot.bet","D03","JERC","JERC_006","E","distributed","mixedForest",31.187672,-84.455851,"WGS84",20.1,41.9,0.3,"2014-07-16","2014-07-30","JERC.2014.31",14,"Y","JERC_006.E.20140730","Ok","Ok","Ok","NEON.DOC.014050vE","iiDgbhaUgfPlmO3sDuElTmkNgYTXyxbk",
"565ea525-9093-496e-9ee5-7ba0eb3a633e","JERC_007.basePlot.bet","D03","JERC","JERC_007","E","distributed","evergreenForest",31.198631,-84.476311,"WGS84",20.1,36.8,0.2,"2014-07-16","2014-07-30","JERC.2014.31",14,"Y","JERC_007.E.20140730","Ok","Ok","Ok","NEON.DOC.014050vE","iiDgbhaUgfPlmO3sDuElTmkNgYTXyxbk",
"f1a0a907-e935-4a32-b7a8-a41fc37e520c","JERC_001.basePlot.bet","D03","JERC","JERC_001","E","distributed","deciduousForest",31.194318,-84.477078,"WGS84",20.3,37.9,0.3,"2014-07-16","2014-07-30","JERC.2014.31",14,"Y","JERC_001.E.20140730","Ok","Ok","Ok","NEON.DOC.014050vE","iiDgbhaUgfPlmO3sDuElTmkNgYTXyxbk",
"96ba5f95-3841-4e95-bc9d-eb951b5ba9c5","JERC_002.basePlot.bet","D03","JERC","JERC_002","E","distributed","evergreenForest",31.194506,-84.460063,"WGS84",20.3,48.3,0.3,"2014-07-16","2014-07-30","JERC.2014.31",14,"Y","JERC_002.E.20140730","Ok","Ok","Ok","NEON.DOC.014050vE","iiDgbhaUgfPlmO3sDuElTmkNgYTXyxbk",
"5b2128e4-1f9d-4570-b1c8-420ca0a16899","JERC_010.basePlot.bet","D03","JERC","JERC_010","E","distributed","deciduousForest",31.208222,-84.469495,"WGS84",20.3,42.9,0.4,"2014-07-16","2014-07-30","JERC.2014.31",14,"Y","JERC_010.E.20140730","Ok","Ok","Ok","NEON.DOC.014050vE","iiDgbhaUgfPlmO3sDuElTmkNgYTXyxbk",
"ecf2b4db-4bfd-42eb-83ea-81047f7431ba","JERC_003.basePlot.bet","D03","JERC","JERC_003","E","distributed","deciduousForest",31.196150,-84.473242,"WGS84",20.1,34.2,0.3,"2014-07-16","2014-07-30","JERC.2014.31",14,"Y","JERC_003.E.20140730","Ok","Ok","High","NEON.DOC.014050vE","iiDgbhaUgfPlmO3sDuElTmkNgYTXyxbk",
"916c498e-a52b-41ff-8092-49e73317c2ae","JERC_030.basePlot.bet","D03","JERC","JERC_030","N","distributed","mixedForest",31.185096,-84.476067,"WGS84",20.1,36.3,0.2,"2014-07-16","2014-07-30","JERC.2014.31",14,"Y","JERC_030.N.20140730","Ok","Ok","Ok","NEON.DOC.014050vE","iiDgbhaUgfPlmO3sDuElTmkNgYTXyxbk",
"d64330d1-7268-4fdc-a38f-37f6181c2dce","JERC_006.basePlot.bet","D03","JERC","JERC_006","N","distributed","mixedForest",31.187672,-84.455851,"WGS84",20.1,41.9,0.3,"2014-07-16","2014-07-30","JERC.2014.31",14,"Y","JERC_006.N.20140730","Disturbed","Ok","Ok","NEON.DOC.014050vE","iiDgbhaUgfPlmO3sDuElTmkNgYTXyxbk",
"e68c9e72-62b5-4924-9480-5c9792eeef73","JERC_007.basePlot.bet","D03","JERC","JERC_007","N","distributed","evergreenForest",31.198631,-84.476311,"WGS84",20.1,36.8,0.2,"2014-07-16","2014-07-30","JERC.2014.31",14,"Y","JERC_007.N.20140730","Ok","Ok","Ok","NEON.DOC.014050vE","iiDgbhaUgfPlmO3sDuElTmkNgYTXyxbk",
"2e7f217e-3dee-4f57-8dd6-bc4d0a917552","JERC_009.basePlot.bet","D03","JERC","JERC_009","N","distributed","evergreenForest",31.194989,-84.456904,"WGS84",20.2,48.6,0.3,"2014-07-16","2014-07-30","JERC.2014.31",14,"Y","JERC_009.N.20140730","Ok","Ok","Ok","NEON.DOC.014050vE","iiDgbhaUgfPlmO3sDuElTmkNgYTXyxbk",
"c95fc1e7-ab31-4664-a1c5-32397de25c9a","JERC_008.basePlot.bet","D03","JERC","JERC_008","N","distributed","mixedForest",31.195153,-84.450927,"WGS84",20.2,46.1,0.3,"2014-07-16","2014-07-30","JERC.2014.31",14,"Y","JERC_008.N.20140730","Ok","Ok","Ok","NEON.DOC.014050vE","iiDgbhaUgfPlmO3sDuElTmkNgYTXyxbk",
"7d6dc150-706a-4445-810c-16427e1f4900","JERC_005.basePlot.bet","D03","JERC","JERC_005","N","distributed","evergreenForest",31.195967,-84.451227,"WGS84",20.2,45.6,0.4,"2014-07-16","2014-07-30","JERC.2014.31",14,"Y","JERC_005.N.20140730","Disturbed","Ok","Ok","NEON.DOC.014050vE","iiDgbhaUgfPlmO3sDuElTmkNgYTXyxbk",
"73b799bb-5721-4f2e-af0d-0d1a667fa284","JERC_003.basePlot.bet","D03","JERC","JERC_003","N","distributed","deciduousForest",31.196150,-84.473242,"WGS84",20.1,34.2,0.3,"2014-07-16","2014-07-30","JERC.2014.31",14,"Y","JERC_003.N.20140730","Ok","Ok","Ok","NEON.DOC.014050vE","iiDgbhaUgfPlmO3sDuElTmkNgYTXyxbk",
"6f89ffb7-2612-4b20-a36d-bd1ebd543473","JERC_002.basePlot.bet","D03","JERC","JERC_002","N","distributed","evergreenForest",31.194506,-84.460063,"WGS84",20.3,48.3,0.3,"2014-07-16","2014-07-30","JERC.2014.31",14,"Y","JERC_002.N.20140730","Ok","Ok","Ok","NEON.DOC.014050vE","iiDgbhaUgfPlmO3sDuElTmkNgYTXyxbk",
"f9abdff7-049a-4d90-b46b-e2527de774c2","JERC_001.basePlot.bet","D03","JERC","JERC_001","N","distributed","deciduousForest",31.194318,-84.477078,"WGS84",20.3,37.9,0.3,"2014-07-16","2014-07-30","JERC.2014.31",14,"Y","JERC_001.N.20140730","Ok","Ok","Ok","NEON.DOC.014050vE","iiDgbhaUgfPlmO3sDuElTmkNgYTXyxbk",
"0f572517-9ff8-4a4f-97ec-222b739cdc31","JERC_010.basePlot.bet","D03","JERC","JERC_010","N","distributed","deciduousForest",31.208222,-84.469495,"WGS84",20.3,42.9,0.4,"2014-07-16","2014-07-30","JERC.2014.31",14,"Y","JERC_010.N.20140730","Ok","Ok","Ok","NEON.DOC.014050vE","iiDgbhaUgfPlmO3sDuElTmkNgYTXyxbk",
"9131fee9-0821-46b0-817b-cdc965532502","JERC_030.basePlot.bet","D03","JERC","JERC_030","S","distributed","mixedForest",31.185096,-84.476067,"WGS84",20.1,36.3,0.2,"2014-07-16","2014-07-30","JERC.2014.31",14,"Y","JERC_030.S.20140730","Ok","Ok","Ok","NEON.DOC.014050vE","iiDgbhaUgfPlmO3sDuElTmkNgYTXyxbk",
"be4efa57-4688-4f1b-b478-c7f920c2990a","JERC_007.basePlot.bet","D03","JERC","JERC_007","S","distributed","evergreenForest",31.198631,-84.476311,"WGS84",20.1,36.8,0.2,"2014-07-16","2014-07-30","JERC.2014.31",14,"Y","JERC_007.S.20140730","Ok","Ok","Ok","NEON.DOC.014050vE","iiDgbhaUgfPlmO3sDuElTmkNgYTXyxbk",
"6eef84ee-91a7-48ab-be23-d36dbae54565","JERC_006.basePlot.bet","D03","JERC","JERC_006","S","distributed","mixedForest",31.187672,-84.455851,"WGS84",20.1,41.9,0.3,"2014-07-16","2014-07-30","JERC.2014.31",14,"Y","JERC_006.S.20140730","Ok","Ok","Ok","NEON.DOC.014050vE","iiDgbhaUgfPlmO3sDuElTmkNgYTXyxbk",
"fb9cc4d8-f23a-4e58-b5ca-f2a4e80da9f8","JERC_008.basePlot.bet","D03","JERC","JERC_008","S","distributed","mixedForest",31.195153,-84.450927,"WGS84",20.2,46.1,0.3,"2014-07-16","2014-07-30","JERC.2014.31",14,"Y","JERC_008.S.20140730","Ok","Ok","Ok","NEON.DOC.014050vE","iiDgbhaUgfPlmO3sDuElTmkNgYTXyxbk",
"5ffa0361-e301-445c-a48d-cd811428afe9","JERC_005.basePlot.bet","D03","JERC","JERC_005","S","distributed","evergreenForest",31.195967,-84.451227,"WGS84",20.2,45.6,0.4,"2014-07-16","2014-07-30","JERC.2014.31",14,"Y","JERC_005.S.20140730","Ok","Ok","Ok","NEON.DOC.014050vE","iiDgbhaUgfPlmO3sDuElTmkNgYTXyxbk",
"1e5eaf26-6509-46c0-8fe5-def9e8310d9f","JERC_009.basePlot.bet","D03","JERC","JERC_009","S","distributed","evergreenForest",31.194989,-84.456904,"WGS84",20.2,48.6,0.3,"2014-07-16","2014-07-30","JERC.2014.31",14,"Y","JERC_009.S.20140730","Ok","Ok","Ok","NEON.DOC.014050vE","iiDgbhaUgfPlmO3sDuElTmkNgYTXyxbk",
"f865caf2-0ea9-403d-b5b9-c4c57cde633c","JERC_003.basePlot.bet","D03","JERC","JERC_003","S","distributed","deciduousForest",31.196150,-84.473242,"WGS84",20.1,34.2,0.3,"2014-07-16","2014-07-30","JERC.2014.31",14,"Y","JERC_003.S.20140730","Ok","Ok","Ok","NEON.DOC.014050vE","iiDgbhaUgfPlmO3sDuElTmkNgYTXyxbk",
"96c112c4-a77b-43e5-875a-139579a53dcf","JERC_002.basePlot.bet","D03","JERC","JERC_002","S","distributed","evergreenForest",31.194506,-84.460063,"WGS84",20.3,48.3,0.3,"2014-07-16","2014-07-30","JERC.2014.31",14,"Y","JERC_002.S.20140730","Ok","Ok","Ok","NEON.DOC.014050vE","iiDgbhaUgfPlmO3sDuElTmkNgYTXyxbk",
"4b1a2a98-770a-4d1a-82b9-857d772f5870","JERC_001.basePlot.bet","D03","JERC","JERC_001","S","distributed","deciduousForest",31.194318,-84.477078,"WGS84",20.3,37.9,0.3,"2014-07-16","2014-07-30","JERC.2014.31",14,"Y","JERC_001.S.20140730","Ok","Ok","Ok","NEON.DOC.014050vE","iiDgbhaUgfPlmO3sDuElTmkNgYTXyxbk",
"284353d3-160f-47f9-92d7-4c72ac46e367","JERC_010.basePlot.bet","D03","JERC","JERC_010","S","distributed","deciduousForest",31.208222,-84.469495,"WGS84",20.3,42.9,0.4,"2014-07-16","2014-07-30","JERC.2014.31",14,"Y","JERC_010.S.20140730","Ok","Ok","Ok","NEON.DOC.014050vE","iiDgbhaUgfPlmO3sDuElTmkNgYTXyxbk",
"7dc22568-2ad6-43b2-87ea-e8b7bcf66a4c","JERC_030.basePlot.bet","D03","JERC","JERC_030","W","distributed","mixedForest",31.185096,-84.476067,"WGS84",20.1,36.3,0.2,"2014-07-16","2014-07-30","JERC.2014.31",14,"N",,"Missing","Disturbed","Low","NEON.DOC.014050vE","iiDgbhaUgfPlmO3sDuElTmkNgYTXyxbk","west cup was removed from trap no catch and no fluid|Fluid level not reported. Trap was disturbed."
"925958ea-bdff-43e2-82ba-1e4308919106","JERC_009.basePlot.bet","D03","JERC","JERC_009","W","distributed","evergreenForest",31.194989,-84.456904,"WGS84",20.2,48.6,0.3,"2014-07-16","2014-07-30","JERC.2014.31",14,"Y","JERC_009.W.20140730","Ok","Ok","Ok","NEON.DOC.014050vE","iiDgbhaUgfPlmO3sDuElTmkNgYTXyxbk",
"fbb8ea3e-768c-4e3f-a823-89bbcea4fc31","JERC_008.basePlot.bet","D03","JERC","JERC_008","W","distributed","mixedForest",31.195153,-84.450927,"WGS84",20.2,46.1,0.3,"2014-07-16","2014-07-30","JERC.2014.31",14,"Y","JERC_008.W.20140730","Ok","Ok","Ok","NEON.DOC.014050vE","iiDgbhaUgfPlmO3sDuElTmkNgYTXyxbk",
"4bdbdc85-7412-4234-a305-3fd634250127","JERC_005.basePlot.bet","D03","JERC","JERC_005","W","distributed","evergreenForest",31.195967,-84.451227,"WGS84",20.2,45.6,0.4,"2014-07-16","2014-07-30","JERC.2014.31",14,"Y","JERC_005.W.20140730","Ok","Ok","Ok","NEON.DOC.014050vE","iiDgbhaUgfPlmO3sDuElTmkNgYTXyxbk","Trap lid propped up on one side"
"0b56e4f9-76a8-46bb-bea6-177a09cdd5bb","JERC_006.basePlot.bet","D03","JERC","JERC_006","W","distributed","mixedForest",31.187672,-84.455851,"WGS84",20.1,41.9,0.3,"2014-07-16","2014-07-30","JERC.2014.31",14,"Y","JERC_006.W.20140730","Ok","Ok","Ok","NEON.DOC.014050vE","iiDgbhaUgfPlmO3sDuElTmkNgYTXyxbk",
"b44b4398-b7ed-4fbb-a5e0-af4a60002fad","JERC_007.basePlot.bet","D03","JERC","JERC_007","W","distributed","evergreenForest",31.198631,-84.476311,"WGS84",20.1,36.8,0.2,"2014-07-16","2014-07-30","JERC.2014.31",14,"Y","JERC_007.W.20140730","Ok","Ok","Ok","NEON.DOC.014050vE","iiDgbhaUgfPlmO3sDuElTmkNgYTXyxbk",
"17de0280-7fbc-4c64-8dfd-9474102ef0cd","JERC_003.basePlot.bet","D03","JERC","JERC_003","W","distributed","deciduousForest",31.196150,-84.473242,"WGS84",20.1,34.2,0.3,"2014-07-16","2014-07-30","JERC.2014.31",14,"Y","JERC_003.W.20140730","Ok","Ok","Ok","NEON.DOC.014050vE","iiDgbhaUgfPlmO3sDuElTmkNgYTXyxbk",
"08b88f06-1fed-44f4-801f-34b60d29e4d8","JERC_002.basePlot.bet","D03","JERC","JERC_002","W","distributed","evergreenForest",31.194506,-84.460063,"WGS84",20.3,48.3,0.3,"2014-07-16","2014-07-30","JERC.2014.31",14,"Y","JERC_002.W.20140730","Ok","Ok","Ok","NEON.DOC.014050vE","iiDgbhaUgfPlmO3sDuElTmkNgYTXyxbk",
"06b68a08-730a-4c3f-8611-4bc09cab5440","JERC_010.basePlot.bet","D03","JERC","JERC_010","W","distributed","deciduousForest",31.208222,-84.469495,"WGS84",20.3,42.9,0.4,"2014-07-16","2014-07-30","JERC.2014.31",14,"Y","JERC_010.W.20140730","Ok","Ok","Ok","NEON.DOC.014050vE","iiDgbhaUgfPlmO3sDuElTmkNgYTXyxbk",
"94e249df-bdb0-46b0-8207-14457d162aaf","JERC_001.basePlot.bet","D03","JERC","JERC_001","W","distributed","deciduousForest",31.194318,-84.477078,"WGS84",20.3,37.9,0.3,"2014-07-16","2014-07-30","JERC.2014.31",14,"Y","JERC_001.W.20140730","Ok","Ok","Ok","NEON.DOC.014050vE","iiDgbhaUgfPlmO3sDuElTmkNgYTXyxbk",
