uid,namedLocation,domainID,siteID,plotID,trapID,plotType,nlcdClass,decimalLatitude,decimalLongitude,geodeticDatum,coordinateUncertainty,elevation,elevationUncertainty,setDate,collectDate,eventID,daysOfTrapping,sampleCollected,sampleID,cupStatus,lidStatus,fluidLevel,samplingProtocolVersion,recordedBy,remarks
"ec1ac626-a716-4378-8cd0-bf9e037feb18","ORNL_003.basePlot.bet","D07","ORNL","ORNL_003","E","distributed","deciduousForest",35.965869,-84.230640,"WGS84",20.2,262.0,0.3,"2016-07-19","2016-08-02","ORNL.2016.31",14,"Y","ORNL_003.E.20160802","Ok","Ok","Ok","NEON.DOC.014050vH","o8zDrSGfNREfY7eUxha3x2psXnRhKRxa",
"ddf3ce3d-5e75-4db7-b425-8243bb18072b","ORNL_001.basePlot.bet","D07","ORNL","ORNL_001","W","distributed","deciduousForest",35.930250,-84.270110,"WGS84",20.2,244.6,0.3,"2016-07-19","2016-08-02","ORNL.2016.31",14,"Y","ORNL_001.W.20160802","Ok","Ok","Ok","NEON.DOC.014050vH","o8zDrSGfNREfY7eUxha3x2psXnRhKRxa",
"fd06332a-ccb2-4101-bcd9-9588af9fb5f5","ORNL_029.basePlot.bet","D07","ORNL","ORNL_029","E","distributed","evergreenForest",35.957646,-84.261838,"WGS84",20.1,272.5,0.2,"2016-07-19","2016-08-02","ORNL.2016.31",14,"Y","ORNL_029.E.20160802","Ok","Ok","Ok","NEON.DOC.014050vH","o8zDrSGfNREfY7eUxha3x2psXnRhKRxa",
"176e630e-4daf-494f-a671-42b08c9ddcb2","ORNL_001.basePlot.bet","D07","ORNL","ORNL_001","E","distributed","deciduousForest",35.930250,-84.270110,"WGS84",20.2,244.6,0.3,"2016-07-19","2016-08-02","ORNL.2016.31",14,"Y","ORNL_001.E.20160802","Ok","Ok","Ok","NEON.DOC.014050vH","o8zDrSGfNREfY7eUxha3x2psXnRhKRxa",
"ac0a1f76-e940-4735-86b6-6371dc5e8c41","ORNL_002.basePlot.bet","D07","ORNL","ORNL_002","E","distributed","deciduousForest",35.982205,-84.212754,"WGS84",20.2,306.9,0.4,"2016-07-19","2016-08-02","ORNL.2016.31",14,"Y","ORNL_002.E.20160802","Ok","Ok","Ok","NEON.DOC.014050vH","o8zDrSGfNREfY7eUxha3x2psXnRhKRxa",
"4f65b46e-b52b-44a2-aaa7-4d10dbdd7435","ORNL_004.basePlot.bet","D07","ORNL","ORNL_004","E","distributed","deciduousForest",35.907947,-84.275213,"WGS84",20.2,296.1,0.2,"2016-07-19","2016-08-02","ORNL.2016.31",14,"Y","ORNL_004.E.20160802","Ok","Ok","Ok","NEON.DOC.014050vH","o8zDrSGfNREfY7eUxha3x2psXnRhKRxa",
"5fd5ecff-6bc2-458f-9b3d-f0018d33a196","ORNL_031.basePlot.bet","D07","ORNL","ORNL_031","E","distributed","pastureHay",35.948607,-84.221913,"WGS84",20.1,266.7,0.1,"2016-07-19","2016-08-02","ORNL.2016.31",14,"Y","ORNL_031.E.20160802","Ok","Ok","Ok","NEON.DOC.014050vH","o8zDrSGfNREfY7eUxha3x2psXnRhKRxa",
"62457424-591f-4e6f-9d61-989abc5bad66","ORNL_021.basePlot.bet","D07","ORNL","ORNL_021","E","distributed","pastureHay",35.955641,-84.221347,"WGS84",20.1,277.6,0.1,"2016-07-19","2016-08-02","ORNL.2016.31",14,"Y","ORNL_021.E.20160802","Ok","Ok","Ok","NEON.DOC.014050vH","o8zDrSGfNREfY7eUxha3x2psXnRhKRxa",
"51fcfca0-15a3-4f64-9938-72fbaa5ce1b2","ORNL_027.basePlot.bet","D07","ORNL","ORNL_027","E","distributed","evergreenForest",35.916311,-84.263280,"WGS84",20.3,245.6,0.3,"2016-07-19","2016-08-02","ORNL.2016.31",14,"Y","ORNL_027.E.20160802","Ok","Ok","Ok","NEON.DOC.014050vH","o8zDrSGfNREfY7eUxha3x2psXnRhKRxa",
"5b16ed97-3051-4bd7-b101-bed268655bd4","ORNL_006.basePlot.bet","D07","ORNL","ORNL_006","E","distributed","deciduousForest",35.938232,-84.323686,"WGS84",20.2,283.6,0.2,"2016-07-19","2016-08-02","ORNL.2016.31",14,"Y","ORNL_006.E.20160802","Ok","Ok","Ok","NEON.DOC.014050vH","o8zDrSGfNREfY7eUxha3x2psXnRhKRxa",
"c00709b1-1e4c-4995-aa5b-7d19454e0b82","ORNL_006.basePlot.bet","D07","ORNL","ORNL_006","N","distributed","deciduousForest",35.938232,-84.323686,"WGS84",20.2,283.6,0.2,"2016-07-19","2016-08-02","ORNL.2016.31",14,"Y","ORNL_006.N.20160802","Ok","Ok","Ok","NEON.DOC.014050vH","o8zDrSGfNREfY7eUxha3x2psXnRhKRxa",
"2a9692a4-15d9-4440-a1f2-90f714a2daac","ORNL_032.basePlot.bet","D07","ORNL","ORNL_032","N","distributed","evergreenForest",35.944516,-84.326492,"WGS84",20.2,263.1,0.2,"2016-07-19","2016-08-02","ORNL.2016.31",14,"Y","ORNL_032.N.20160802","Ok","Ok","Ok","NEON.DOC.014050vH","o8zDrSGfNREfY7eUxha3x2psXnRhKRxa",
"68335225-32fe-4459-b415-e6f736ad6a8a","ORNL_003.basePlot.bet","D07","ORNL","ORNL_003","N","distributed","deciduousForest",35.965869,-84.230640,"WGS84",20.2,262.0,0.3,"2016-07-19","2016-08-02","ORNL.2016.31",14,"Y","ORNL_003.N.20160802","Ok","Ok","Ok","NEON.DOC.014050vH","o8zDrSGfNREfY7eUxha3x2psXnRhKRxa",
"2d209c36-a7ab-4356-befc-772cea2c6629","ORNL_002.basePlot.bet","D07","ORNL","ORNL_002","N","distributed","deciduousForest",35.982205,-84.212754,"WGS84",20.2,306.9,0.4,"2016-07-19","2016-08-02","ORNL.2016.31",14,"Y","ORNL_002.N.20160802","Ok","Ok","Ok","NEON.DOC.014050vH","o8zDrSGfNREfY7eUxha3x2psXnRhKRxa",
"8b42d77a-5341-44e8-bece-b504cf6b5dd8","ORNL_021.basePlot.bet","D07","ORNL","ORNL_021","N","distributed","pastureHay",35.955641,-84.221347,"WGS84",20.1,277.6,0.1,"2016-07-19","2016-08-02","ORNL.2016.31",14,"Y","ORNL_021.N.20160802","Ok","Ok","Ok","NEON.DOC.014050vH","o8zDrSGfNREfY7eUxha3x2psXnRhKRxa",
"ce91ad32-09a7-482e-8225-f70ced4260cd","ORNL_027.basePlot.bet","D07","ORNL","ORNL_027","N","distributed","evergreenForest",35.916311,-84.263280,"WGS84",20.3,245.6,0.3,"2016-07-19","2016-08-02","ORNL.2016.31",14,"Y","ORNL_027.N.20160802","Ok","Ok","Ok","NEON.DOC.014050vH","o8zDrSGfNREfY7eUxha3x2psXnRhKRxa",
"2e75a81f-9035-4c6c-85c3-fc0872ed62ad","ORNL_001.basePlot.bet","D07","ORNL","ORNL_001","N","distributed","deciduousForest",35.930250,-84.270110,"WGS84",20.2,244.6,0.3,"2016-07-19","2016-08-02","ORNL.2016.31",14,"Y","ORNL_001.N.20160802","Ok","Ok","Ok","NEON.DOC.014050vH","o8zDrSGfNREfY7eUxha3x2psXnRhKRxa",
"20c66d90-84c2-4db9-ae29-59dd7da050d4","ORNL_031.basePlot.bet","D07","ORNL","ORNL_031","N","distributed","pastureHay",35.948607,-84.221913,"WGS84",20.1,266.7,0.1,"2016-07-19","2016-08-02","ORNL.2016.31",14,"Y","ORNL_031.N.20160802","Ok","Ok","Ok","NEON.DOC.014050vH","o8zDrSGfNREfY7eUxha3x2psXnRhKRxa",
"2ea7da41-04fb-410b-bda5-78cde6b53806","ORNL_029.basePlot.bet","D07","ORNL","ORNL_029","N","distributed","evergreenForest",35.957646,-84.261838,"WGS84",20.1,272.5,0.2,"2016-07-19","2016-08-02","ORNL.2016.31",14,"Y","ORNL_029.N.20160802","Ok","Ok","Ok","NEON.DOC.014050vH","o8zDrSGfNREfY7eUxha3x2psXnRhKRxa",
"95289598-4496-42d5-bc9f-8bd6128b81fc","ORNL_004.basePlot.bet","D07","ORNL","ORNL_004","N","distributed","deciduousForest",35.907947,-84.275213,"WGS84",20.2,296.1,0.2,"2016-07-19","2016-08-02","ORNL.2016.31",14,"Y","ORNL_004.N.20160802","Ok","Ok","Ok","NEON.DOC.014050vH","o8zDrSGfNREfY7eUxha3x2psXnRhKRxa",
"2bc2eb4f-59b0-4754-8c5f-7a55d0da7fdf","ORNL_002.basePlot.bet","D07","ORNL","ORNL_002","S","distributed","deciduousForest",35.982205,-84.212754,"WGS84",20.2,306.9,0.4,"2016-07-19","2016-08-02","ORNL.2016.31",14,"Y","ORNL_002.S.20160802","Ok","Ok","Ok","NEON.DOC.014050vH","o8zDrSGfNREfY7eUxha3x2psXnRhKRxa",
"4e433698-a4df-489a-b429-921cc695d997","ORNL_021.basePlot.bet","D07","ORNL","ORNL_021","S","distributed","pastureHay",35.955641,-84.221347,"WGS84",20.1,277.6,0.1,"2016-07-19","2016-08-02","ORNL.2016.31",14,"Y","ORNL_021.S.20160802","Ok","Ok","Ok","NEON.DOC.014050vH","o8zDrSGfNREfY7eUxha3x2psXnRhKRxa",
"3c86344a-5798-4c2e-9b3f-d10bccdb2209","ORNL_031.basePlot.bet","D07","ORNL","ORNL_031","S","distributed","pastureHay",35.948607,-84.221913,"WGS84",20.1,266.7,0.1,"2016-07-19","2016-08-02","ORNL.2016.31",14,"Y","ORNL_031.S.20160802","Ok","Ok","Ok","NEON.DOC.014050vH","o8zDrSGfNREfY7eUxha3x2psXnRhKRxa",
"8060a379-4a73-4c8f-8655-56745ab956f5","ORNL_027.basePlot.bet","D07","ORNL","ORNL_027","S","distributed","evergreenForest",35.916311,-84.263280,"WGS84",20.3,245.6,0.3,"2016-07-19","2016-08-02","ORNL.2016.31",14,"Y","ORNL_027.S.20160802","Ok","Ok","Ok","NEON.DOC.014050vH","o8zDrSGfNREfY7eUxha3x2psXnRhKRxa",
"7c0732d3-d8c0-4266-bfcd-379a18e9a98d","ORNL_006.basePlot.bet","D07","ORNL","ORNL_006","S","distributed","deciduousForest",35.938232,-84.323686,"WGS84",20.2,283.6,0.2,"2016-07-19","2016-08-02","ORNL.2016.31",14,"Y","ORNL_006.S.20160802","Ok","Ok","Ok","NEON.DOC.014050vH","o8zDrSGfNREfY7eUxha3x2psXnRhKRxa",
"c81fc02e-93d3-4dcc-9133-2a5db780f84d","ORNL_032.basePlot.bet","D07","ORNL","ORNL_032","S","distributed","evergreenForest",35.944516,-84.326492,"WGS84",20.2,263.1,0.2,"2016-07-19","2016-08-02","ORNL.2016.31",14,"Y","ORNL_032.S.20160802","Ok","Ok","Ok","NEON.DOC.014050vH","o8zDrSGfNREfY7eUxha3x2psXnRhKRxa",
"06d2f72f-88c4-45a7-88c1-2985beb38efd","ORNL_003.basePlot.bet","D07","ORNL","ORNL_003","S","distributed","deciduousForest",35.965869,-84.230640,"WGS84",20.2,262.0,0.3,"2016-07-19","2016-08-02","ORNL.2016.31",14,"Y","ORNL_003.S.20160802","Ok","Ok","Ok","NEON.DOC.014050vH","o8zDrSGfNREfY7eUxha3x2psXnRhKRxa",
"590975a6-27d0-459c-a487-f83922517962","ORNL_001.basePlot.bet","D07","ORNL","ORNL_001","S","distributed","deciduousForest",35.930250,-84.270110,"WGS84",20.2,244.6,0.3,"2016-07-19","2016-08-02","ORNL.2016.31",14,"Y","ORNL_001.S.20160802","Ok","Ok","Ok","NEON.DOC.014050vH","o8zDrSGfNREfY7eUxha3x2psXnRhKRxa",
"da914ce3-3198-4877-9a6a-5aa292356c8c","ORNL_029.basePlot.bet","D07","ORNL","ORNL_029","S","distributed","evergreenForest",35.957646,-84.261838,"WGS84",20.1,272.5,0.2,"2016-07-19","2016-08-02","ORNL.2016.31",14,"Y","ORNL_029.S.20160802","Ok","Ok","Ok","NEON.DOC.014050vH","o8zDrSGfNREfY7eUxha3x2psXnRhKRxa",
"afa11bb5-36df-44e2-9944-a4bb51c8d91d","ORNL_004.basePlot.bet","D07","ORNL","ORNL_004","S","distributed","deciduousForest",35.907947,-84.275213,"WGS84",20.2,296.1,0.2,"2016-07-19","2016-08-02","ORNL.2016.31",14,"Y","ORNL_004.S.20160802","Ok","Ok","Ok","NEON.DOC.014050vH","o8zDrSGfNREfY7eUxha3x2psXnRhKRxa",
"fbb9545d-fb7c-4dfd-87b8-b70bdcffae1c","ORNL_002.basePlot.bet","D07","ORNL","ORNL_002","W","distributed","deciduousForest",35.982205,-84.212754,"WGS84",20.2,306.9,0.4,"2016-07-19","2016-08-02","ORNL.2016.31",14,"Y","ORNL_002.W.20160802","Ok","Ok","Ok","NEON.DOC.014050vH","o8zDrSGfNREfY7eUxha3x2psXnRhKRxa",
"e809de7a-d2a2-4f10-a480-39f1ed7596ce","ORNL_021.basePlot.bet","D07","ORNL","ORNL_021","W","distributed","pastureHay",35.955641,-84.221347,"WGS84",20.1,277.6,0.1,"2016-07-19","2016-08-02","ORNL.2016.31",14,"Y","ORNL_021.W.20160802","Ok","Ok","Ok","NEON.DOC.014050vH","o8zDrSGfNREfY7eUxha3x2psXnRhKRxa",
"ecc36a32-1822-48e9-b2f4-38e340cc0d7a","ORNL_031.basePlot.bet","D07","ORNL","ORNL_031","W","distributed","pastureHay",35.948607,-84.221913,"WGS84",20.1,266.7,0.1,"2016-07-19","2016-08-02","ORNL.2016.31",14,"Y","ORNL_031.W.20160802","Ok","Ok","Ok","NEON.DOC.014050vH","o8zDrSGfNREfY7eUxha3x2psXnRhKRxa",
"97936398-dafc-471b-b98b-658a9218de4b","ORNL_027.basePlot.bet","D07","ORNL","ORNL_027","W","distributed","evergreenForest",35.916311,-84.263280,"WGS84",20.3,245.6,0.3,"2016-07-19","2016-08-02","ORNL.2016.31",14,"Y","ORNL_027.W.20160802","Ok","Ok","Ok","NEON.DOC.014050vH","o8zDrSGfNREfY7eUxha3x2psXnRhKRxa",
"a3422658-f8d4-4644-87be-e38662c5b7bd","ORNL_006.basePlot.bet","D07","ORNL","ORNL_006","W","distributed","deciduousForest",35.938232,-84.323686,"WGS84",20.2,283.6,0.2,"2016-07-19","2016-08-02","ORNL.2016.31",14,"Y","ORNL_006.W.20160802","Ok","Ok","Ok","NEON.DOC.014050vH","o8zDrSGfNREfY7eUxha3x2psXnRhKRxa",
"37887bba-b0a4-4fa2-b147-cd9f9bbbf097","ORNL_032.basePlot.bet","D07","ORNL","ORNL_032","W","distributed","evergreenForest",35.944516,-84.326492,"WGS84",20.2,263.1,0.2,"2016-07-19","2016-08-02","ORNL.2016.31",14,"Y","ORNL_032.W.20160802","Ok","Ok","Ok","NEON.DOC.014050vH","o8zDrSGfNREfY7eUxha3x2psXnRhKRxa",
"89d7d2c1-2559-476a-8d54-bc3a721463e4","ORNL_003.basePlot.bet","D07","ORNL","ORNL_003","W","distributed","deciduousForest",35.965869,-84.230640,"WGS84",20.2,262.0,0.3,"2016-07-19","2016-08-02","ORNL.2016.31",14,"Y","ORNL_003.W.20160802","Ok","Ok","Ok","NEON.DOC.014050vH","o8zDrSGfNREfY7eUxha3x2psXnRhKRxa",
"2bcdc1f7-e756-4d38-996d-08bff40fe950","ORNL_029.basePlot.bet","D07","ORNL","ORNL_029","W","distributed","evergreenForest",35.957646,-84.261838,"WGS84",20.1,272.5,0.2,"2016-07-19","2016-08-02","ORNL.2016.31",14,"Y","ORNL_029.W.20160802","Ok","Ok","Ok","NEON.DOC.014050vH","o8zDrSGfNREfY7eUxha3x2psXnRhKRxa",
"11fefd0a-bbb2-4cd7-b765-f38351026778","ORNL_004.basePlot.bet","D07","ORNL","ORNL_004","W","distributed","deciduousForest",35.907947,-84.275213,"WGS84",20.2,296.1,0.2,"2016-07-19","2016-08-02","ORNL.2016.31",14,"Y","ORNL_004.W.20160802","Ok","Ok","Ok","NEON.DOC.014050vH","o8zDrSGfNREfY7eUxha3x2psXnRhKRxa",
"059813a6-35e5-4fc8-992d-63d52656a920","ORNL_032.basePlot.bet","D07","ORNL","ORNL_032","E","distributed","evergreenForest",35.944516,-84.326492,"WGS84",20.2,263.1,0.2,"2016-07-19","2016-08-02","ORNL.2016.31",14,"Y","ORNL_032.E.20160802","Ok","Ok","Ok","NEON.DOC.014050vH","o8zDrSGfNREfY7eUxha3x2psXnRhKRxa",
"553ab56a-8640-4d43-9a90-090852ec9600","ORNL_003.basePlot.bet","D07","ORNL","ORNL_003","S","distributed","deciduousForest",35.965869,-84.230640,"WGS84",20.2,262.0,0.3,"2016-08-02","2016-08-16","ORNL.2016.33",14,"Y","ORNL_003.S.20160816","Ok","Ok","Ok","NEON.DOC.014050vH","hMeIr0r1D+O0r0KddsZuUbKn5xsaChU1",
"96dc7187-e12c-438b-880d-9ba7f4381cc9","ORNL_006.basePlot.bet","D07","ORNL","ORNL_006","S","distributed","deciduousForest",35.938232,-84.323686,"WGS84",20.2,283.6,0.2,"2016-08-02","2016-08-16","ORNL.2016.33",14,"Y","ORNL_006.S.20160816","Ok","Ok","Ok","NEON.DOC.014050vH","smm+Uhzztacb51a6qJKTzFqTA0R6hggt",
"240259df-2aa0-47d1-b188-63b167cb8950","ORNL_002.basePlot.bet","D07","ORNL","ORNL_002","S","distributed","deciduousForest",35.982205,-84.212754,"WGS84",20.2,306.9,0.4,"2016-08-02","2016-08-16","ORNL.2016.33",14,"Y","ORNL_002.S.20160816","Ok","Ok","Ok","NEON.DOC.014050vH","hMeIr0r1D+O0r0KddsZuUbKn5xsaChU1",
"77ae4522-d107-4921-9940-654d4b4d3d9f","ORNL_021.basePlot.bet","D07","ORNL","ORNL_021","S","distributed","pastureHay",35.955641,-84.221347,"WGS84",20.1,277.6,0.1,"2016-08-02","2016-08-16","ORNL.2016.33",14,"Y","ORNL_021.S.20160816","Ok","Ok","Ok","NEON.DOC.014050vH","hMeIr0r1D+O0r0KddsZuUbKn5xsaChU1",
"91a503de-1902-437d-90f8-cf7962dcab94","ORNL_027.basePlot.bet","D07","ORNL","ORNL_027","S","distributed","evergreenForest",35.916311,-84.263280,"WGS84",20.3,245.6,0.3,"2016-08-02","2016-08-16","ORNL.2016.33",14,"Y","ORNL_027.S.20160816","Ok","Ok","Ok","NEON.DOC.014050vH","smm+Uhzztacb51a6qJKTzFqTA0R6hggt",
"13b8e869-84c2-432b-8295-287d3bc5bdfe","ORNL_032.basePlot.bet","D07","ORNL","ORNL_032","S","distributed","evergreenForest",35.944516,-84.326492,"WGS84",20.2,263.1,0.2,"2016-08-02","2016-08-16","ORNL.2016.33",14,"Y","ORNL_032.S.20160816","Ok","Ok","Ok","NEON.DOC.014050vH","smm+Uhzztacb51a6qJKTzFqTA0R6hggt",
"a0d1c565-d26a-4a01-855c-476f35f87e3b","ORNL_006.basePlot.bet","D07","ORNL","ORNL_006","W","distributed","deciduousForest",35.938232,-84.323686,"WGS84",20.2,283.6,0.2,"2016-08-02","2016-08-16","ORNL.2016.33",14,"Y","ORNL_006.W.20160816","Ok","Ok","Ok","NEON.DOC.014050vH","smm+Uhzztacb51a6qJKTzFqTA0R6hggt",
"d7488161-7203-4580-bb31-43d34f6c496b","ORNL_027.basePlot.bet","D07","ORNL","ORNL_027","W","distributed","evergreenForest",35.916311,-84.263280,"WGS84",20.3,245.6,0.3,"2016-08-02","2016-08-16","ORNL.2016.33",14,"Y","ORNL_027.W.20160816","Ok","Ok","Ok","NEON.DOC.014050vH","smm+Uhzztacb51a6qJKTzFqTA0R6hggt",
"b84a666c-b1de-451f-94e5-796ec9f2f3a4","ORNL_021.basePlot.bet","D07","ORNL","ORNL_021","W","distributed","pastureHay",35.955641,-84.221347,"WGS84",20.1,277.6,0.1,"2016-08-02","2016-08-16","ORNL.2016.33",14,"Y","ORNL_021.W.20160816","Ok","Ok","Ok","NEON.DOC.014050vH","hMeIr0r1D+O0r0KddsZuUbKn5xsaChU1",
"ff1d252d-d794-4384-a194-b992c52278af","ORNL_029.basePlot.bet","D07","ORNL","ORNL_029","W","distributed","evergreenForest",35.957646,-84.261838,"WGS84",20.1,272.5,0.2,"2016-08-02","2016-08-16","ORNL.2016.33",14,"Y","ORNL_029.W.20160816","Ok","Ok","Ok","NEON.DOC.014050vH","hMeIr0r1D+O0r0KddsZuUbKn5xsaChU1",
"024e134e-7fe9-4c96-8197-5d7bbe84fbf3","ORNL_001.basePlot.bet","D07","ORNL","ORNL_001","W","distributed","deciduousForest",35.930250,-84.270110,"WGS84",20.2,244.6,0.3,"2016-08-02","2016-08-16","ORNL.2016.33",14,"Y","ORNL_001.W.20160816","Ok","Ok","Ok","NEON.DOC.014050vH","smm+Uhzztacb51a6qJKTzFqTA0R6hggt",
"c164fc07-1cf1-4082-aee2-0d8946b77561","ORNL_002.basePlot.bet","D07","ORNL","ORNL_002","W","distributed","deciduousForest",35.982205,-84.212754,"WGS84",20.2,306.9,0.4,"2016-08-02","2016-08-16","ORNL.2016.33",14,"Y","ORNL_002.W.20160816","Ok","Ok","Ok","NEON.DOC.014050vH","hMeIr0r1D+O0r0KddsZuUbKn5xsaChU1",
"cd98691e-6c37-440c-b341-29c44c3c4b2a","ORNL_004.basePlot.bet","D07","ORNL","ORNL_004","W","distributed","deciduousForest",35.907947,-84.275213,"WGS84",20.2,296.1,0.2,"2016-08-02","2016-08-16","ORNL.2016.33",14,"Y","ORNL_004.W.20160816","Ok","Ok","Ok","NEON.DOC.014050vH","smm+Uhzztacb51a6qJKTzFqTA0R6hggt",
"2fcb5082-55de-42a5-bfeb-9933faf8e886","ORNL_031.basePlot.bet","D07","ORNL","ORNL_031","W","distributed","pastureHay",35.948607,-84.221913,"WGS84",20.1,266.7,0.1,"2016-08-02","2016-08-16","ORNL.2016.33",14,"Y","ORNL_031.W.20160816","Ok","Ok","Ok","NEON.DOC.014050vH","hMeIr0r1D+O0r0KddsZuUbKn5xsaChU1",
"910e7ba9-dab4-4b26-99cd-a7c69604f70b","ORNL_032.basePlot.bet","D07","ORNL","ORNL_032","W","distributed","evergreenForest",35.944516,-84.326492,"WGS84",20.2,263.1,0.2,"2016-08-02","2016-08-16","ORNL.2016.33",14,"Y","ORNL_032.W.20160816","Ok","Ok","Ok","NEON.DOC.014050vH","smm+Uhzztacb51a6qJKTzFqTA0R6hggt",
"1c0a7b42-5c49-403c-8b2b-ae3e15adbd67","ORNL_003.basePlot.bet","D07","ORNL","ORNL_003","W","distributed","deciduousForest",35.965869,-84.230640,"WGS84",20.2,262.0,0.3,"2016-08-02","2016-08-16","ORNL.2016.33",14,"Y","ORNL_003.W.20160816","Ok","Ok","Ok","NEON.DOC.014050vH","hMeIr0r1D+O0r0KddsZuUbKn5xsaChU1",
"fad9445b-ae47-487f-a4d1-9e178f5ff494","ORNL_004.basePlot.bet","D07","ORNL","ORNL_004","E","distributed","deciduousForest",35.907947,-84.275213,"WGS84",20.2,296.1,0.2,"2016-08-02","2016-08-16","ORNL.2016.33",14,"Y","ORNL_004.E.20160816","Ok","Ok","Ok","NEON.DOC.014050vH","smm+Uhzztacb51a6qJKTzFqTA0R6hggt",
"e84da9a7-bae2-4873-8e9f-ffcfa0d0706c","ORNL_001.basePlot.bet","D07","ORNL","ORNL_001","E","distributed","deciduousForest",35.930250,-84.270110,"WGS84",20.2,244.6,0.3,"2016-08-02","2016-08-16","ORNL.2016.33",14,"N",,"Disturbed","Ok",,"NEON.DOC.014050vH","smm+Uhzztacb51a6qJKTzFqTA0R6hggt","No trap collection. Cups were found upside down on ground outside of trap. Lid was okay."
"c18068e0-458d-443d-8527-ec38a59821f7","ORNL_002.basePlot.bet","D07","ORNL","ORNL_002","E","distributed","deciduousForest",35.982205,-84.212754,"WGS84",20.2,306.9,0.4,"2016-08-02","2016-08-16","ORNL.2016.33",14,"Y","ORNL_002.E.20160816","Ok","Ok","Ok","NEON.DOC.014050vH","hMeIr0r1D+O0r0KddsZuUbKn5xsaChU1",
"b86a8df0-a03f-4723-8c01-efbe5f288989","ORNL_003.basePlot.bet","D07","ORNL","ORNL_003","E","distributed","deciduousForest",35.965869,-84.230640,"WGS84",20.2,262.0,0.3,"2016-08-02","2016-08-16","ORNL.2016.33",14,"Y","ORNL_003.E.20160816","Ok","Ok","Ok","NEON.DOC.014050vH","hMeIr0r1D+O0r0KddsZuUbKn5xsaChU1",
"c2a33b12-6a7a-4184-bf96-9e63a8f69a90","ORNL_032.basePlot.bet","D07","ORNL","ORNL_032","E","distributed","evergreenForest",35.944516,-84.326492,"WGS84",20.2,263.1,0.2,"2016-08-02","2016-08-16","ORNL.2016.33",14,"Y","ORNL_032.E.20160816","Ok","Ok","Ok","NEON.DOC.014050vH","smm+Uhzztacb51a6qJKTzFqTA0R6hggt",
"e1b02adf-b2d0-482b-bdab-096974313f5e","ORNL_029.basePlot.bet","D07","ORNL","ORNL_029","E","distributed","evergreenForest",35.957646,-84.261838,"WGS84",20.1,272.5,0.2,"2016-08-02","2016-08-16","ORNL.2016.33",14,"Y","ORNL_029.E.20160816","Ok","Ok","Ok","NEON.DOC.014050vH","hMeIr0r1D+O0r0KddsZuUbKn5xsaChU1",
"3590ab19-86d5-4b7a-bc4d-7194be0bf24f","ORNL_021.basePlot.bet","D07","ORNL","ORNL_021","E","distributed","pastureHay",35.955641,-84.221347,"WGS84",20.1,277.6,0.1,"2016-08-02","2016-08-16","ORNL.2016.33",14,"Y","ORNL_021.E.20160816","Ok","Ok","Ok","NEON.DOC.014050vH","hMeIr0r1D+O0r0KddsZuUbKn5xsaChU1",
"ac303b71-ceff-4635-ac21-f23d2a5a2a05","ORNL_006.basePlot.bet","D07","ORNL","ORNL_006","E","distributed","deciduousForest",35.938232,-84.323686,"WGS84",20.2,283.6,0.2,"2016-08-02","2016-08-16","ORNL.2016.33",14,"Y","ORNL_006.E.20160816","Ok","Ok","Ok","NEON.DOC.014050vH","smm+Uhzztacb51a6qJKTzFqTA0R6hggt",
"5edc08e9-55bf-4704-babc-faf7f90ddcaa","ORNL_031.basePlot.bet","D07","ORNL","ORNL_031","E","distributed","pastureHay",35.948607,-84.221913,"WGS84",20.1,266.7,0.1,"2016-08-02","2016-08-16","ORNL.2016.33",14,"Y","ORNL_031.E.20160816","Ok","Ok","Ok","NEON.DOC.014050vH","hMeIr0r1D+O0r0KddsZuUbKn5xsaChU1",
"e788b8c4-f7e7-4707-a651-e657f564068d","ORNL_027.basePlot.bet","D07","ORNL","ORNL_027","E","distributed","evergreenForest",35.916311,-84.263280,"WGS84",20.3,245.6,0.3,"2016-08-02","2016-08-16","ORNL.2016.33",14,"Y","ORNL_027.E.20160816","Ok","Ok","Ok","NEON.DOC.014050vH","smm+Uhzztacb51a6qJKTzFqTA0R6hggt",
"3c37a833-6f60-42f5-b174-9d0a427f26f2","ORNL_021.basePlot.bet","D07","ORNL","ORNL_021","N","distributed","pastureHay",35.955641,-84.221347,"WGS84",20.1,277.6,0.1,"2016-08-02","2016-08-16","ORNL.2016.33",14,"Y","ORNL_021.N.20160816","Ok","Ok","Ok","NEON.DOC.014050vH","hMeIr0r1D+O0r0KddsZuUbKn5xsaChU1",
"328aa50b-0552-45c7-a8e8-28a6bd5fa1ec","ORNL_027.basePlot.bet","D07","ORNL","ORNL_027","N","distributed","evergreenForest",35.916311,-84.263280,"WGS84",20.3,245.6,0.3,"2016-08-02","2016-08-16","ORNL.2016.33",14,"Y","ORNL_027.N.20160816","Ok","Ok","Ok","NEON.DOC.014050vH","smm+Uhzztacb51a6qJKTzFqTA0R6hggt",
"7a3bbd6d-e60f-4daf-8864-0b35efdeb495","ORNL_006.basePlot.bet","D07","ORNL","ORNL_006","N","distributed","deciduousForest",35.938232,-84.323686,"WGS84",20.2,283.6,0.2,"2016-08-02","2016-08-16","ORNL.2016.33",14,"Y","ORNL_006.N.20160816","Ok","Ok","Ok","NEON.DOC.014050vH","smm+Uhzztacb51a6qJKTzFqTA0R6hggt",
"579a62a6-eaca-473e-93ac-25ef5c8957c0","ORNL_004.basePlot.bet","D07","ORNL","ORNL_004","N","distributed","deciduousForest",35.907947,-84.275213,"WGS84",20.2,296.1,0.2,"2016-08-02","2016-08-16","ORNL.2016.33",14,"Y","ORNL_004.N.20160816","Ok","Disturbed","Ok","NEON.DOC.014050vH","smm+Uhzztacb51a6qJKTzFqTA0R6hggt",
"5fe9d991-2a9f-417b-996d-32db4b851d85","ORNL_002.basePlot.bet","D07","ORNL","ORNL_002","N","distributed","deciduousForest",35.982205,-84.212754,"WGS84",20.2,306.9,0.4,"2016-08-02","2016-08-16","ORNL.2016.33",14,"Y","ORNL_002.N.20160816","Ok","Ok","Ok","NEON.DOC.014050vH","hMeIr0r1D+O0r0KddsZuUbKn5xsaChU1",
"b100893e-db4e-42ea-b9d7-98f0caf1b6fe","ORNL_031.basePlot.bet","D07","ORNL","ORNL_031","N","distributed","pastureHay",35.948607,-84.221913,"WGS84",20.1,266.7,0.1,"2016-08-02","2016-08-16","ORNL.2016.33",14,"Y","ORNL_031.N.20160816","Ok","Ok","Ok","NEON.DOC.014050vH","hMeIr0r1D+O0r0KddsZuUbKn5xsaChU1",
"c0837f35-2085-4da3-a846-1a317074a238","ORNL_001.basePlot.bet","D07","ORNL","ORNL_001","N","distributed","deciduousForest",35.930250,-84.270110,"WGS84",20.2,244.6,0.3,"2016-08-02","2016-08-16","ORNL.2016.33",14,"Y","ORNL_001.N.20160816","Ok","Ok","Ok","NEON.DOC.014050vH","smm+Uhzztacb51a6qJKTzFqTA0R6hggt",
"353312d5-010f-4d40-874b-344aa38e6f19","ORNL_032.basePlot.bet","D07","ORNL","ORNL_032","N","distributed","evergreenForest",35.944516,-84.326492,"WGS84",20.2,263.1,0.2,"2016-08-02","2016-08-16","ORNL.2016.33",14,"Y","ORNL_032.N.20160816","Ok","Ok","Ok","NEON.DOC.014050vH","smm+Uhzztacb51a6qJKTzFqTA0R6hggt",
"58c1347e-b332-411f-a459-dd6351ddc5c2","ORNL_003.basePlot.bet","D07","ORNL","ORNL_003","N","distributed","deciduousForest",35.965869,-84.230640,"WGS84",20.2,262.0,0.3,"2016-08-02","2016-08-16","ORNL.2016.33",14,"Y","ORNL_003.N.20160816","Ok","Ok","Ok","NEON.DOC.014050vH","hMeIr0r1D+O0r0KddsZuUbKn5xsaChU1",
"2c9d4c4a-1b5a-4c0e-909d-749e4b2e0a35","ORNL_029.basePlot.bet","D07","ORNL","ORNL_029","N","distributed","evergreenForest",35.957646,-84.261838,"WGS84",20.1,272.5,0.2,"2016-08-02","2016-08-16","ORNL.2016.33",14,"Y","ORNL_029.N.20160816","Ok","Ok","Ok","NEON.DOC.014050vH","hMeIr0r1D+O0r0KddsZuUbKn5xsaChU1",
"dc5d3c67-a6da-4c58-af02-6ecb0e9b5e9c","ORNL_031.basePlot.bet","D07","ORNL","ORNL_031","S","distributed","pastureHay",35.948607,-84.221913,"WGS84",20.1,266.7,0.1,"2016-08-02","2016-08-16","ORNL.2016.33",14,"Y","ORNL_031.S.20160816","Ok","Ok","Ok","NEON.DOC.014050vH","hMeIr0r1D+O0r0KddsZuUbKn5xsaChU1",
"d513b46b-23a7-40ea-976f-b5590461be66","ORNL_004.basePlot.bet","D07","ORNL","ORNL_004","S","distributed","deciduousForest",35.907947,-84.275213,"WGS84",20.2,296.1,0.2,"2016-08-02","2016-08-16","ORNL.2016.33",14,"Y","ORNL_004.S.20160816","Ok","Ok","Ok","NEON.DOC.014050vH","smm+Uhzztacb51a6qJKTzFqTA0R6hggt",
"07ad289e-f32f-4f42-ba5e-0efeb7dcd275","ORNL_001.basePlot.bet","D07","ORNL","ORNL_001","S","distributed","deciduousForest",35.930250,-84.270110,"WGS84",20.2,244.6,0.3,"2016-08-02","2016-08-16","ORNL.2016.33",14,"Y","ORNL_001.S.20160816","Ok","Ok","Ok","NEON.DOC.014050vH","smm+Uhzztacb51a6qJKTzFqTA0R6hggt",
"1defc957-965e-453b-96de-1d710b247605","ORNL_029.basePlot.bet","D07","ORNL","ORNL_029","S","distributed","evergreenForest",35.957646,-84.261838,"WGS84",20.1,272.5,0.2,"2016-08-02","2016-08-16","ORNL.2016.33",14,"Y","ORNL_029.S.20160816","Ok","Ok","Ok","NEON.DOC.014050vH","hMeIr0r1D+O0r0KddsZuUbKn5xsaChU1",
"4b67adab-ad81-4212-926c-ee2c2d97c584","ORNL_002.basePlot.bet","D07","ORNL","ORNL_002","E","distributed","deciduousForest",35.982205,-84.212754,"WGS84",20.2,306.9,0.4,"2016-08-16","2016-08-30","ORNL.2016.35",14,"Y","ORNL_002.E.20160830","Ok","Ok","Ok","NEON.DOC.014050vH","B89Z/IeBZxVUVqkZavcPJo3avqhPk8Rn",
"bc383b72-0ba5-48d2-831f-5e22af3c56ae","ORNL_001.basePlot.bet","D07","ORNL","ORNL_001","W","distributed","deciduousForest",35.930250,-84.270110,"WGS84",20.2,244.6,0.3,"2016-08-16","2016-08-30","ORNL.2016.35",14,"Y","ORNL_001.W.20160830","Ok","Ok","Ok","NEON.DOC.014050vH","B89Z/IeBZxVUVqkZavcPJo3avqhPk8Rn",
"1eaba09e-f629-44f0-806b-3290e202480c","ORNL_021.basePlot.bet","D07","ORNL","ORNL_021","E","distributed","pastureHay",35.955641,-84.221347,"WGS84",20.1,277.6,0.1,"2016-08-16","2016-08-30","ORNL.2016.35",14,"Y","ORNL_021.E.20160830","Ok","Ok","Ok","NEON.DOC.014050vH","B89Z/IeBZxVUVqkZavcPJo3avqhPk8Rn",
"078af66a-482e-4cdc-bba4-52de8d29f079","ORNL_027.basePlot.bet","D07","ORNL","ORNL_027","E","distributed","evergreenForest",35.916311,-84.263280,"WGS84",20.3,245.6,0.3,"2016-08-16","2016-08-30","ORNL.2016.35",14,"Y","ORNL_027.E.20160830","Ok","Ok","Ok","NEON.DOC.014050vH","B89Z/IeBZxVUVqkZavcPJo3avqhPk8Rn",
"ce07fdd1-c266-4bb7-98ca-eef8c68ca912","ORNL_006.basePlot.bet","D07","ORNL","ORNL_006","E","distributed","deciduousForest",35.938232,-84.323686,"WGS84",20.2,283.6,0.2,"2016-08-16","2016-08-30","ORNL.2016.35",14,"Y","ORNL_006.E.20160830","Ok","Ok","Ok","NEON.DOC.014050vH","B89Z/IeBZxVUVqkZavcPJo3avqhPk8Rn",
"78e464c8-8fa6-4f74-a8fd-a4ab901e366d","ORNL_032.basePlot.bet","D07","ORNL","ORNL_032","E","distributed","evergreenForest",35.944516,-84.326492,"WGS84",20.2,263.1,0.2,"2016-08-16","2016-08-30","ORNL.2016.35",14,"Y","ORNL_032.E.20160830","Ok","Ok","Ok","NEON.DOC.014050vH","B89Z/IeBZxVUVqkZavcPJo3avqhPk8Rn",
"273f436d-6af7-42ec-bbbb-47d4d300524e","ORNL_003.basePlot.bet","D07","ORNL","ORNL_003","E","distributed","deciduousForest",35.965869,-84.230640,"WGS84",20.2,262.0,0.3,"2016-08-16","2016-08-30","ORNL.2016.35",14,"Y","ORNL_003.E.20160830","Ok","Ok","Ok","NEON.DOC.014050vH","B89Z/IeBZxVUVqkZavcPJo3avqhPk8Rn",
"57c4d6f3-8a95-4ad1-95f3-7b357853a462","ORNL_029.basePlot.bet","D07","ORNL","ORNL_029","E","distributed","evergreenForest",35.957646,-84.261838,"WGS84",20.1,272.5,0.2,"2016-08-16","2016-08-30","ORNL.2016.35",14,"Y","ORNL_029.E.20160830","Ok","Ok","Ok","NEON.DOC.014050vH","B89Z/IeBZxVUVqkZavcPJo3avqhPk8Rn",
"d01408c4-450a-4e51-b9b6-ae33a1760eb8","ORNL_001.basePlot.bet","D07","ORNL","ORNL_001","E","distributed","deciduousForest",35.930250,-84.270110,"WGS84",20.2,244.6,0.3,"2016-08-16","2016-08-30","ORNL.2016.35",14,"Y","ORNL_001.E.20160830","Ok","Ok","Ok","NEON.DOC.014050vH","B89Z/IeBZxVUVqkZavcPJo3avqhPk8Rn",
"ebb29fc4-df9a-4c0e-a00b-d2dfa3b9dcdf","ORNL_004.basePlot.bet","D07","ORNL","ORNL_004","E","distributed","deciduousForest",35.907947,-84.275213,"WGS84",20.2,296.1,0.2,"2016-08-16","2016-08-30","ORNL.2016.35",14,"Y","ORNL_004.E.20160830","Ok","Ok","Ok","NEON.DOC.014050vH","B89Z/IeBZxVUVqkZavcPJo3avqhPk8Rn","The lid on the East trap was slightly pulled up."
"7a6820b9-064c-493e-95f5-aaa65b747a11","ORNL_002.basePlot.bet","D07","ORNL","ORNL_002","N","distributed","deciduousForest",35.982205,-84.212754,"WGS84",20.2,306.9,0.4,"2016-08-16","2016-08-30","ORNL.2016.35",14,"Y","ORNL_002.N.20160830","Ok","Ok","Ok","NEON.DOC.014050vH","B89Z/IeBZxVUVqkZavcPJo3avqhPk8Rn",
"82928160-0e1c-4d8c-9709-6896e0d06c4e","ORNL_031.basePlot.bet","D07","ORNL","ORNL_031","N","distributed","pastureHay",35.948607,-84.221913,"WGS84",20.1,266.7,0.1,"2016-08-16","2016-08-30","ORNL.2016.35",14,"Y","ORNL_031.N.20160830","Ok","Ok","Ok","NEON.DOC.014050vH","B89Z/IeBZxVUVqkZavcPJo3avqhPk8Rn",
"86835493-f66a-4489-a771-b6201a6b001c","ORNL_027.basePlot.bet","D07","ORNL","ORNL_027","N","distributed","evergreenForest",35.916311,-84.263280,"WGS84",20.3,245.6,0.3,"2016-08-16","2016-08-30","ORNL.2016.35",14,"Y","ORNL_027.N.20160830","Ok","Ok","Ok","NEON.DOC.014050vH","B89Z/IeBZxVUVqkZavcPJo3avqhPk8Rn",
"554ec393-dff7-43e2-bdd9-c18a7b1eee06","ORNL_021.basePlot.bet","D07","ORNL","ORNL_021","N","distributed","pastureHay",35.955641,-84.221347,"WGS84",20.1,277.6,0.1,"2016-08-16","2016-08-30","ORNL.2016.35",14,"Y","ORNL_021.N.20160830","Ok","Ok","Ok","NEON.DOC.014050vH","B89Z/IeBZxVUVqkZavcPJo3avqhPk8Rn",
"f8298487-9309-4546-8fea-6bb582ff7677","ORNL_006.basePlot.bet","D07","ORNL","ORNL_006","N","distributed","deciduousForest",35.938232,-84.323686,"WGS84",20.2,283.6,0.2,"2016-08-16","2016-08-30","ORNL.2016.35",14,"Y","ORNL_006.N.20160830","Ok","Ok","Ok","NEON.DOC.014050vH","B89Z/IeBZxVUVqkZavcPJo3avqhPk8Rn",
"70fde316-2601-48f4-a28d-d0bf663c164c","ORNL_032.basePlot.bet","D07","ORNL","ORNL_032","N","distributed","evergreenForest",35.944516,-84.326492,"WGS84",20.2,263.1,0.2,"2016-08-16","2016-08-30","ORNL.2016.35",14,"Y","ORNL_032.N.20160830","Ok","Ok","Ok","NEON.DOC.014050vH","B89Z/IeBZxVUVqkZavcPJo3avqhPk8Rn",
"d9e0a850-f03e-4baa-af65-fb262d6c358d","ORNL_003.basePlot.bet","D07","ORNL","ORNL_003","N","distributed","deciduousForest",35.965869,-84.230640,"WGS84",20.2,262.0,0.3,"2016-08-16","2016-08-30","ORNL.2016.35",14,"Y","ORNL_003.N.20160830","Ok","Ok","Ok","NEON.DOC.014050vH","B89Z/IeBZxVUVqkZavcPJo3avqhPk8Rn",
"63973446-199a-459d-a0fe-3d9026242ff0","ORNL_029.basePlot.bet","D07","ORNL","ORNL_029","N","distributed","evergreenForest",35.957646,-84.261838,"WGS84",20.1,272.5,0.2,"2016-08-16","2016-08-30","ORNL.2016.35",14,"Y","ORNL_029.N.20160830","Ok","Ok","Ok","NEON.DOC.014050vH","B89Z/IeBZxVUVqkZavcPJo3avqhPk8Rn",
"f6614320-b2ec-431a-8ad2-ff93e9976391","ORNL_001.basePlot.bet","D07","ORNL","ORNL_001","N","distributed","deciduousForest",35.930250,-84.270110,"WGS84",20.2,244.6,0.3,"2016-08-16","2016-08-30","ORNL.2016.35",14,"Y","ORNL_001.N.20160830","Ok","Ok","Ok","NEON.DOC.014050vH","B89Z/IeBZxVUVqkZavcPJo3avqhPk8Rn",
"4deb38af-73e5-4b3d-b133-f3a15367b0e6","ORNL_004.basePlot.bet","D07","ORNL","ORNL_004","N","distributed","deciduousForest",35.907947,-84.275213,"WGS84",20.2,296.1,0.2,"2016-08-16","2016-08-30","ORNL.2016.35",14,"Y","ORNL_004.N.20160830","Ok","Disturbed","Ok","NEON.DOC.014050vH","B89Z/IeBZxVUVqkZavcPJo3avqhPk8Rn",
"16b88d22-1247-472c-bdd7-71e5f5d92a6d","ORNL_032.basePlot.bet","D07","ORNL","ORNL_032","S","distributed","evergreenForest",35.944516,-84.326492,"WGS84",20.2,263.1,0.2,"2016-08-16","2016-08-30","ORNL.2016.35",14,"Y","ORNL_032.S.20160830","Ok","Ok","Ok","NEON.DOC.014050vH","B89Z/IeBZxVUVqkZavcPJo3avqhPk8Rn",
"ee1d3220-bdb6-419f-9f38-ec48e9dcf6cb","ORNL_003.basePlot.bet","D07","ORNL","ORNL_003","S","distributed","deciduousForest",35.965869,-84.230640,"WGS84",20.2,262.0,0.3,"2016-08-16","2016-08-30","ORNL.2016.35",14,"Y","ORNL_003.S.20160830","Ok","Ok","Ok","NEON.DOC.014050vH","B89Z/IeBZxVUVqkZavcPJo3avqhPk8Rn","Trap cup was not flush with ground, had to re-dig hole."
"425bad2f-7e81-45c0-951f-935eb3a26edd","ORNL_029.basePlot.bet","D07","ORNL","ORNL_029","S","distributed","evergreenForest",35.957646,-84.261838,"WGS84",20.1,272.5,0.2,"2016-08-16","2016-08-30","ORNL.2016.35",14,"Y","ORNL_029.S.20160830","Ok","Ok","Ok","NEON.DOC.014050vH","B89Z/IeBZxVUVqkZavcPJo3avqhPk8Rn",
"bac93642-7259-4db4-8332-d468722e09fe","ORNL_002.basePlot.bet","D07","ORNL","ORNL_002","S","distributed","deciduousForest",35.982205,-84.212754,"WGS84",20.2,306.9,0.4,"2016-08-16","2016-08-30","ORNL.2016.35",14,"Y","ORNL_002.S.20160830","Ok","Ok","Ok","NEON.DOC.014050vH","B89Z/IeBZxVUVqkZavcPJo3avqhPk8Rn",
"ccc8dba5-b363-4458-8fbb-819e47d33ba6","ORNL_001.basePlot.bet","D07","ORNL","ORNL_001","S","distributed","deciduousForest",35.930250,-84.270110,"WGS84",20.2,244.6,0.3,"2016-08-16","2016-08-30","ORNL.2016.35",14,"Y","ORNL_001.S.20160830","Ok","Ok","Ok","NEON.DOC.014050vH","B89Z/IeBZxVUVqkZavcPJo3avqhPk8Rn",
"69f46e5f-0076-459d-91b3-ab335bc9801a","ORNL_004.basePlot.bet","D07","ORNL","ORNL_004","S","distributed","deciduousForest",35.907947,-84.275213,"WGS84",20.2,296.1,0.2,"2016-08-16","2016-08-30","ORNL.2016.35",14,"Y","ORNL_004.S.20160830","Ok","Ok","High","NEON.DOC.014050vH","B89Z/IeBZxVUVqkZavcPJo3avqhPk8Rn",
"ec5b16a4-537b-42b2-9733-cd9c26e24512","ORNL_006.basePlot.bet","D07","ORNL","ORNL_006","S","distributed","deciduousForest",35.938232,-84.323686,"WGS84",20.2,283.6,0.2,"2016-08-16","2016-08-30","ORNL.2016.35",14,"Y","ORNL_006.S.20160830","Ok","Ok","Ok","NEON.DOC.014050vH","B89Z/IeBZxVUVqkZavcPJo3avqhPk8Rn",
"c5f6b53d-58c6-4ff8-b800-e2b6b1a88501","ORNL_031.basePlot.bet","D07","ORNL","ORNL_031","S","distributed","pastureHay",35.948607,-84.221913,"WGS84",20.1,266.7,0.1,"2016-08-16","2016-08-30","ORNL.2016.35",14,"Y","ORNL_031.S.20160830","Ok","Ok","Ok","NEON.DOC.014050vH","B89Z/IeBZxVUVqkZavcPJo3avqhPk8Rn",
"431130a9-ee93-4639-ae77-4e831a6673f8","ORNL_021.basePlot.bet","D07","ORNL","ORNL_021","S","distributed","pastureHay",35.955641,-84.221347,"WGS84",20.1,277.6,0.1,"2016-08-16","2016-08-30","ORNL.2016.35",14,"Y","ORNL_021.S.20160830","Ok","Ok","Ok","NEON.DOC.014050vH","B89Z/IeBZxVUVqkZavcPJo3avqhPk8Rn",
"9777256a-2d4c-4557-b305-88dc97d58850","ORNL_027.basePlot.bet","D07","ORNL","ORNL_027","S","distributed","evergreenForest",35.916311,-84.263280,"WGS84",20.3,245.6,0.3,"2016-08-16","2016-08-30","ORNL.2016.35",14,"Y","ORNL_027.S.20160830","Ok","Ok","Ok","NEON.DOC.014050vH","B89Z/IeBZxVUVqkZavcPJo3avqhPk8Rn",
"c5bb8b0f-a3db-47b0-b4c5-84f1f012af48","ORNL_006.basePlot.bet","D07","ORNL","ORNL_006","W","distributed","deciduousForest",35.938232,-84.323686,"WGS84",20.2,283.6,0.2,"2016-08-16","2016-08-30","ORNL.2016.35",14,"Y","ORNL_006.W.20160830","Ok","Ok","Ok","NEON.DOC.014050vH","B89Z/IeBZxVUVqkZavcPJo3avqhPk8Rn",
"f2f89fce-2581-4a18-b30c-da3c4d707a87","ORNL_021.basePlot.bet","D07","ORNL","ORNL_021","W","distributed","pastureHay",35.955641,-84.221347,"WGS84",20.1,277.6,0.1,"2016-08-16","2016-08-30","ORNL.2016.35",14,"Y","ORNL_021.W.20160830","Ok","Ok","Ok","NEON.DOC.014050vH","B89Z/IeBZxVUVqkZavcPJo3avqhPk8Rn",
"db00dab4-c627-4ee0-bd3a-9744c0ebeeb7","ORNL_027.basePlot.bet","D07","ORNL","ORNL_027","W","distributed","evergreenForest",35.916311,-84.263280,"WGS84",20.3,245.6,0.3,"2016-08-16","2016-08-30","ORNL.2016.35",14,"Y","ORNL_027.W.20160830","Ok","Ok","Ok","NEON.DOC.014050vH","B89Z/IeBZxVUVqkZavcPJo3avqhPk8Rn",
"30ed9a4c-5541-47d6-9cc1-8563a31059e7","ORNL_004.basePlot.bet","D07","ORNL","ORNL_004","W","distributed","deciduousForest",35.907947,-84.275213,"WGS84",20.2,296.1,0.2,"2016-08-16","2016-08-30","ORNL.2016.35",14,"Y","ORNL_004.W.20160830","Ok","Ok","Ok","NEON.DOC.014050vH","B89Z/IeBZxVUVqkZavcPJo3avqhPk8Rn",
"18ba23fb-2c7c-4eea-809a-519c9ad3c17f","ORNL_031.basePlot.bet","D07","ORNL","ORNL_031","W","distributed","pastureHay",35.948607,-84.221913,"WGS84",20.1,266.7,0.1,"2016-08-16","2016-08-30","ORNL.2016.35",14,"Y","ORNL_031.W.20160830","Ok","Ok","Ok","NEON.DOC.014050vH","B89Z/IeBZxVUVqkZavcPJo3avqhPk8Rn",
"64c48843-e1f0-4e26-b0f0-24c8df3b3bac","ORNL_002.basePlot.bet","D07","ORNL","ORNL_002","W","distributed","deciduousForest",35.982205,-84.212754,"WGS84",20.2,306.9,0.4,"2016-08-16","2016-08-30","ORNL.2016.35",14,"Y","ORNL_002.W.20160830","Ok","Ok","Ok","NEON.DOC.014050vH","B89Z/IeBZxVUVqkZavcPJo3avqhPk8Rn",
"94e682c7-0ba3-4a8a-b4cb-9a7d7b216f5b","ORNL_032.basePlot.bet","D07","ORNL","ORNL_032","W","distributed","evergreenForest",35.944516,-84.326492,"WGS84",20.2,263.1,0.2,"2016-08-16","2016-08-30","ORNL.2016.35",14,"Y","ORNL_032.W.20160830","Ok","Ok","Ok","NEON.DOC.014050vH","B89Z/IeBZxVUVqkZavcPJo3avqhPk8Rn",
"1da4540d-1297-46d3-b79a-1f87db84d7a0","ORNL_003.basePlot.bet","D07","ORNL","ORNL_003","W","distributed","deciduousForest",35.965869,-84.230640,"WGS84",20.2,262.0,0.3,"2016-08-16","2016-08-30","ORNL.2016.35",14,"Y","ORNL_003.W.20160830","Ok","Ok","Ok","NEON.DOC.014050vH","B89Z/IeBZxVUVqkZavcPJo3avqhPk8Rn","Trap not collected because there was nothing in it. Trap cup was not flush with the ground, had to re-dig hole."
"50da51e8-86d0-495e-be9c-c79962f56ef4","ORNL_029.basePlot.bet","D07","ORNL","ORNL_029","W","distributed","evergreenForest",35.957646,-84.261838,"WGS84",20.1,272.5,0.2,"2016-08-16","2016-08-30","ORNL.2016.35",14,"Y","ORNL_029.W.20160830","Ok","Ok","Ok","NEON.DOC.014050vH","B89Z/IeBZxVUVqkZavcPJo3avqhPk8Rn",
"3b361049-dcf8-42c1-b1dc-5e7f4d056d28","ORNL_031.basePlot.bet","D07","ORNL","ORNL_031","E","distributed","pastureHay",35.948607,-84.221913,"WGS84",20.1,266.7,0.1,"2016-08-16","2016-08-30","ORNL.2016.35",14,"Y","ORNL_031.E.20160830","Ok","Ok","Ok","NEON.DOC.014050vH","B89Z/IeBZxVUVqkZavcPJo3avqhPk8Rn",
