uid,namedLocation,domainID,siteID,plotID,trapID,setDate,collectDate,processingDate,etOHChangeDate,identifiedDate,sampleID,subsampleID,sampleType,taxonID,scientificName,taxonRank,identificationQualifier,scientificNameAuthorship,morphospeciesID,individualCount,identificationReferences,identifiedBy,recordedBy,remarks
"fe643f56-0ef7-400f-a97a-645d5971acd4","ONAQ_010.basePlot.bet","D15","ONAQ","ONAQ_010","E","2014-06-19","2014-07-03","2014-07-03","2014-09-16",,"ONAQ_010.E.20140703","M9mpm55gKLWbvNmHV1xFsOb4Zc/zHYInsgPfDQrQ4gU=","invert bycatch",,,,,,,,,,"B5YzZg28369xWGye0Wf9qxMwC1Zdm1gM",
"5580af63-3152-47dc-9f7d-ed85620f8019","ONAQ_009.basePlot.bet","D15","ONAQ","ONAQ_009","E","2014-06-19","2014-07-03","2014-07-03","2014-07-03",,"ONAQ_009.E.20140703","HS20H6sTX3E8pON50cfnAOwSF2SEpxIhrTjRZWnTQME=","invert bycatch",,,,,,,,,,"B5YzZg28369xWGye0Wf9qxMwC1Zdm1gM",
"3cd2d5b2-20ae-4957-a938-58faa964c226","ONAQ_006.basePlot.bet","D15","ONAQ","ONAQ_006","E","2014-06-19","2014-07-03","2014-07-03","2014-09-09",,"ONAQ_006.E.20140703","yp/8bbRjrLKuTwucbzy0hWqX6qLavAMbfXmqVPsYte8=","invert bycatch",,,,,,,,,,"B5YzZg28369xWGye0Wf9qxMwC1Zdm1gM",
"8343bcdf-3f75-45e8-a8ab-68096a586343","ONAQ_005.basePlot.bet","D15","ONAQ","ONAQ_005","E","2014-06-19","2014-07-03","2014-07-03","2014-09-30",,"ONAQ_005.E.20140703","zbCBMrXz8WkhV+pudhrEGmo/qg76fuwr3Sxv0dzxkAE=","invert bycatch",,,,,,,,,,"MsOTQ1geTJhrCbvL1TRCXJuSny+2Sy71Zy8Sr48fw6g=",
"c8d1d607-651b-4859-96c3-07d7f62e94bf","ONAQ_012.basePlot.bet","D15","ONAQ","ONAQ_012","E","2014-06-19","2014-07-03","2014-07-03","2014-09-30",,"ONAQ_012.E.20140703","f9VgFEDSFE4LzrWR9oFmG0tI7h/hVbtBi6KxdaNudFs=","invert bycatch",,,,,,,,,,"MsOTQ1geTJhrCbvL1TRCXJuSny+2Sy71Zy8Sr48fw6g=",
"46b628bf-685d-4c74-9d87-3b052cb42631","ONAQ_003.basePlot.bet","D15","ONAQ","ONAQ_003","E","2014-06-19","2014-07-03","2014-07-04","2014-09-30",,"ONAQ_003.E.20140703","nIFIFPhA1d2a2Ffej1W6nlSc2jKRXbZZMaX/OmsRL14=","invert bycatch",,,,,,,,,,"MsOTQ1geTJhrCbvL1TRCXJuSny+2Sy71Zy8Sr48fw6g=",
"22302680-031c-4543-9cee-3ad8dd3bd9a6","ONAQ_002.basePlot.bet","D15","ONAQ","ONAQ_002","E","2014-06-19","2014-07-03","2014-07-03","2014-09-30",,"ONAQ_002.E.20140703","sFUsB1SyHExDzbExYURGN69iWNer+BO92ku76epmm7o=","invert bycatch",,,,,,,,,,"MsOTQ1geTJhrCbvL1TRCXJuSny+2Sy71Zy8Sr48fw6g=",
"c900db9f-079d-4e84-b7e3-89b360c310c6","ONAQ_008.basePlot.bet","D15","ONAQ","ONAQ_008","E","2014-06-19","2014-07-03","2014-07-03","2014-09-16",,"ONAQ_008.E.20140703","+TPYXpQPuKzLKyz9zkyLEkEzn0rRmUIj3S+XhGMzBG0=","invert bycatch",,,,,,,,,,"MsOTQ1geTJhrCbvL1TRCXJuSny+2Sy71Zy8Sr48fw6g=",
"5e4f285f-f5f4-415b-b5ef-fe19650266fe","ONAQ_005.basePlot.bet","D15","ONAQ","ONAQ_005","N","2014-06-19","2014-07-03","2014-07-03","2015-04-15","2015-04-15","ONAQ_005.N.20140703","zbCBMrXz8WmkFsTMvzx0kz+gcecx31gC5dxV/3A3Wuo=","carabid","CARSP14","Carabidae sp.","family",,"Latreille","D15.2014.MorphC",2,"Arnett Jr., R. H., and M. C. Thomas. 2001. American Beetles Archosemata, Myxophaga, Adephaga, Polyphaga: Staphyliniformia. 1st Vol. (C. Press, Ed.). 1st Ed. Boca Raton, FL.","z9Nb0fxJczdmi0utaYua6PSPTHDIrAD9","/h2P7iNCFob6MrtXvZ/0KV0VExqkPzVY","No remarks"
"4d113196-2030-4bb8-8a83-7a9586a20d8f","ONAQ_009.basePlot.bet","D15","ONAQ","ONAQ_009","N","2014-06-19","2014-07-03","2014-07-03","2014-07-03",,"ONAQ_009.N.20140703","HS20H6sTX3GK28P31bY/A3zpSPDI6uhBig919kRNifI=","invert bycatch",,,,,,,,,,"B5YzZg28369xWGye0Wf9qxMwC1Zdm1gM",
"69872c9f-e050-4abb-8a67-1b86f2767991","ONAQ_006.basePlot.bet","D15","ONAQ","ONAQ_006","N","2014-06-19","2014-07-03","2014-07-03","2014-09-09",,"ONAQ_006.N.20140703","yp/8bbRjrLKNyMWeX4gL7UjSCqeU5bZ7uw+G1zcYDds=","invert bycatch",,,,,,,,,,"B5YzZg28369xWGye0Wf9qxMwC1Zdm1gM",
"e0da0807-6277-437b-9d7f-73c32ad4f9cd","ONAQ_007.basePlot.bet","D15","ONAQ","ONAQ_007","N","2014-06-19","2014-07-03","2014-07-03","2014-09-16",,"ONAQ_007.N.20140703","ucKi/aIj19lxyMhPHIf28PNoJSq2/WpHthMcbDMjYes=","invert bycatch",,,,,,,,,,"MsOTQ1geTJhrCbvL1TRCXJuSny+2Sy71Zy8Sr48fw6g=",
"6f798936-ac46-4f51-b90c-d42a0401bc38","ONAQ_008.basePlot.bet","D15","ONAQ","ONAQ_008","N","2014-06-19","2014-07-03","2014-07-03","2014-09-16",,"ONAQ_008.N.20140703","+TPYXpQPuKxgzYS44IWxsIpPeLGJS6SVMJl7eJ5nH+U=","invert bycatch",,,,,,,,,,"MsOTQ1geTJhrCbvL1TRCXJuSny+2Sy71Zy8Sr48fw6g=",
"76847004-211a-47ae-b763-8486f1ce4440","ONAQ_004.basePlot.bet","D15","ONAQ","ONAQ_004","N","2014-06-19","2014-07-03","2014-07-03","2014-09-10",,"ONAQ_004.N.20140703","oF4AZF7DP5m19UVkH1Lyhf1ck6M1Xt5I3RB8+xnLHko=","invert bycatch",,,,,,,,,,"B5YzZg28369xWGye0Wf9qxMwC1Zdm1gM",
"0862e902-95b4-403f-88c8-f7a3d2ece24f","ONAQ_010.basePlot.bet","D15","ONAQ","ONAQ_010","N","2014-06-19","2014-07-03","2014-07-03","2014-09-16",,"ONAQ_010.N.20140703","M9mpm55gKLWhGshJYKadhY3VtSR1EYnNywfSb763828=","invert bycatch",,,,,,,,,,"B5YzZg28369xWGye0Wf9qxMwC1Zdm1gM",
"667b8e8b-9d69-4d31-bb30-0307d72b068d","ONAQ_009.basePlot.bet","D15","ONAQ","ONAQ_009","N","2014-06-19","2014-07-03","2014-07-03","2014-07-03","2014-07-03","ONAQ_009.N.20140703","HS20H6sTX3GK28P31bY/A7otZqQgKn3ZsB2J4B2v8JA=","vert bycatch herp","SCELSP","Sceloporus sp.","genus","cf. species",,,2,"Stebbins, R. C. and R. T. Peterson. 2003. A Peterson Field Guide to Western Reptiles and Amphibians. 3rd Ed. Houghton Mifflin Company, New York, NY.","z9Nb0fxJczdmi0utaYua6PSPTHDIrAD9","B5YzZg28369xWGye0Wf9qxMwC1Zdm1gM","Plot 009, Trap ID not indicated on data sheet. Taken to Jack Sites lab at BYU as per BLM collection permit"
"cfff811a-e29c-4087-86f4-15caf5568595","ONAQ_005.basePlot.bet","D15","ONAQ","ONAQ_005","N","2014-06-19","2014-07-03","2014-07-03","2014-09-30",,"ONAQ_005.N.20140703","zbCBMrXz8WmkFsTMvzx0k5jOQhtmXrSlIi4eB/dhZHE=","invert bycatch",,,,,,,,,,"MsOTQ1geTJhrCbvL1TRCXJuSny+2Sy71Zy8Sr48fw6g=",
"1c3c38b3-bc52-42dd-bafe-624b55523b87","ONAQ_003.basePlot.bet","D15","ONAQ","ONAQ_003","N","2014-06-19","2014-07-03","2014-07-04","2014-09-30",,"ONAQ_003.N.20140703","nIFIFPhA1d2USRM0czEiwdFaUlbciW7ohe0l0kIIPa0=","invert bycatch",,,,,,,,,,"MsOTQ1geTJhrCbvL1TRCXJuSny+2Sy71Zy8Sr48fw6g=",
"fb0508db-f79e-4a87-a1a6-bbcbcb143f22","ONAQ_012.basePlot.bet","D15","ONAQ","ONAQ_012","N","2014-06-19","2014-07-03","2014-07-03","2014-09-30",,"ONAQ_012.N.20140703","f9VgFEDSFE7sqbkimK3bk8xO5MIsWDbWBYQ5ilBwS7g=","invert bycatch",,,,,,,,,,"MsOTQ1geTJhrCbvL1TRCXJuSny+2Sy71Zy8Sr48fw6g=",
"f34ece31-32ff-4fcd-9bb9-bbc92f108ac0","ONAQ_002.basePlot.bet","D15","ONAQ","ONAQ_002","N","2014-06-19","2014-07-03","2014-07-03","2014-09-30",,"ONAQ_002.N.20140703","sFUsB1SyHExDvLoOwXYZL3qfkkQ0xa2/s6yB8BT73PY=","invert bycatch",,,,,,,,,,"MsOTQ1geTJhrCbvL1TRCXJuSny+2Sy71Zy8Sr48fw6g=",
"682de1f5-c4a1-4285-885c-b4108853c356","ONAQ_012.basePlot.bet","D15","ONAQ","ONAQ_012","S","2014-06-19","2014-07-03","2014-07-03","2015-04-15","2015-04-15","ONAQ_012.S.20140703","f9VgFEDSFE5xjzQzkZRz/3rJZU679gN0Fr4/Tlz+LZg=","carabid","CARSP14","Carabidae sp.","family",,"Latreille","D15.2014.MorphB",1,"Arnett Jr., R. H., and M. C. Thomas. 2001. American Beetles Archosemata, Myxophaga, Adephaga, Polyphaga: Staphyliniformia. 1st Vol. (C. Press, Ed.). 1st Ed. Boca Raton, FL.","z9Nb0fxJczdmi0utaYua6PSPTHDIrAD9","/h2P7iNCFob6MrtXvZ/0KV0VExqkPzVY","There is only one common carabid beetle from this plot (that hasn't been pinned) and date for this tube, kept sample ID as ONAQ.012.S.20140703.cc.01 as final sample ID, as was not actually pooled w/any other common carabids from other traps."
"c3085db4-1faf-4657-9436-6f2148171af4","ONAQ_002.basePlot.bet","D15","ONAQ","ONAQ_002","S","2014-06-19","2014-07-03","2014-07-03","2015-04-15","2015-04-15","ONAQ_002.S.20140703","sFUsB1SyHExPuO7u3i2Zk9r1dp8NBo4rsDjwsABO2G4=","carabid","CARSP14","Carabidae sp.","family",,"Latreille","D15.2014.MorphC",1,"Arnett Jr., R. H., and M. C. Thomas. 2001. American Beetles Archosemata, Myxophaga, Adephaga, Polyphaga: Staphyliniformia. 1st Vol. (C. Press, Ed.). 1st Ed. Boca Raton, FL.","z9Nb0fxJczdmi0utaYua6PSPTHDIrAD9","/h2P7iNCFob6MrtXvZ/0KV0VExqkPzVY","Zabrini"
"29c73297-9cfb-4edf-b958-4b9bf81084b0","ONAQ_002.basePlot.bet","D15","ONAQ","ONAQ_002","S","2014-06-19","2014-07-03","2014-07-03","2014-09-30",,"ONAQ_002.S.20140703","sFUsB1SyHExPuO7u3i2Zk9eg+TKiyHO8kwDjhr0tMO4=","invert bycatch",,,,,,,,,,"MsOTQ1geTJhrCbvL1TRCXJuSny+2Sy71Zy8Sr48fw6g=",
"07d392da-c915-4b0c-96e4-bc75e1e451cf","ONAQ_009.basePlot.bet","D15","ONAQ","ONAQ_009","S","2014-06-19","2014-07-03","2014-07-03","2014-07-03",,"ONAQ_009.S.20140703","HS20H6sTX3Gzxj1TKeqZbN8TPcHFegpaienOiXHS92o=","invert bycatch",,,,,,,,,,"B5YzZg28369xWGye0Wf9qxMwC1Zdm1gM",
"1b5acaf0-7dea-4810-aab8-a28e1097dfa6","ONAQ_009.basePlot.bet","D15","ONAQ","ONAQ_009","S","2014-06-19","2014-07-03","2014-07-03","2015-04-15","2015-04-15","ONAQ_009.S.20140703","HS20H6sTX3Gzxj1TKeqZbIblRNz+/HTWiEuO/ukdHMQ=","carabid","CARSP14","Carabidae sp.","family",,"Latreille","D15.2014.MorphC",1,"Arnett Jr., R. H., and M. C. Thomas. 2001. American Beetles Archosemata, Myxophaga, Adephaga, Polyphaga: Staphyliniformia. 1st Vol. (C. Press, Ed.). 1st Ed. Boca Raton, FL.","z9Nb0fxJczdmi0utaYua6PSPTHDIrAD9","/h2P7iNCFob6MrtXvZ/0KV0VExqkPzVY","There is only one common carabid beetle from this plot (that hasn't been pinned) and date for this tube, kept sample ID as ONAQ.009.S.20140703.cc.01 as final sample ID, as was not actually pooled with any other common carabids from other traps."
"dbcdaa61-c8a5-4b4c-90a2-58f2dbc27a2d","ONAQ_006.basePlot.bet","D15","ONAQ","ONAQ_006","S","2014-06-19","2014-07-03","2014-07-03","2014-09-09",,"ONAQ_006.S.20140703","yp/8bbRjrLLRUJb42Jw/zGJZHugXmpHk6a9Qt+KuphI=","invert bycatch",,,,,,,,,,"B5YzZg28369xWGye0Wf9qxMwC1Zdm1gM",
"862f108f-d575-4e69-b280-c061a56dc0df","ONAQ_012.basePlot.bet","D15","ONAQ","ONAQ_012","S","2014-06-19","2014-07-03","2014-07-03","2014-09-30",,"ONAQ_012.S.20140703","f9VgFEDSFE5xjzQzkZRz/xHwuXPouJU9iH0KOt5a98s=","invert bycatch",,,,,,,,,,"MsOTQ1geTJhrCbvL1TRCXJuSny+2Sy71Zy8Sr48fw6g=",
"33d7d0ce-c9e8-4398-a4d1-20402fbdf6a3","ONAQ_005.basePlot.bet","D15","ONAQ","ONAQ_005","S","2014-06-19","2014-07-03","2014-07-03","2014-09-30",,"ONAQ_005.S.20140703","zbCBMrXz8WnH+WKWqijoaXMIxhdDa8uD0FPKYFRFFkY=","invert bycatch",,,,,,,,,,"MsOTQ1geTJhrCbvL1TRCXJuSny+2Sy71Zy8Sr48fw6g=",
"fb388d8c-5c27-437f-9854-a6d55b489a60","ONAQ_003.basePlot.bet","D15","ONAQ","ONAQ_003","S","2014-06-19","2014-07-03","2014-07-04","2014-09-30",,"ONAQ_003.S.20140703","nIFIFPhA1d3Fn3fsF3Nl8ItnmkQ1mcLqQDUokvqQJ/Y=","invert bycatch",,,,,,,,,,"MsOTQ1geTJhrCbvL1TRCXJuSny+2Sy71Zy8Sr48fw6g=",
"9bcf71bd-ef3f-4c0f-845a-7b730c0f013a","ONAQ_010.basePlot.bet","D15","ONAQ","ONAQ_010","S","2014-06-19","2014-07-03","2014-07-03","2014-09-16",,"ONAQ_010.S.20140703","M9mpm55gKLXTZ5p5TNLvDccP2GbSdZ4+kqg1ceE0Kqs=","invert bycatch",,,,,,,,,,"B5YzZg28369xWGye0Wf9qxMwC1Zdm1gM",
"4a9f235d-3a77-4c83-94f6-9ac1c27ce0ab","ONAQ_008.basePlot.bet","D15","ONAQ","ONAQ_008","S","2014-06-19","2014-07-03","2014-07-03","2014-09-16",,"ONAQ_008.S.20140703","+TPYXpQPuKynuAltgUpFLphXKvcy27cYFKGvr0SbTZs=","invert bycatch",,,,,,,,,,"MsOTQ1geTJhrCbvL1TRCXJuSny+2Sy71Zy8Sr48fw6g=",
"d984353a-5574-4264-9747-c8874dde3a4f","ONAQ_003.basePlot.bet","D15","ONAQ","ONAQ_003","W","2014-06-19","2014-07-03","2014-07-04","2014-09-30",,"ONAQ_003.W.20140703","nIFIFPhA1d3e5xFpjZcD69ZsDWOkxLAf/zpmIYu27IQ=","invert bycatch",,,,,,,,,,"MsOTQ1geTJhrCbvL1TRCXJuSny+2Sy71Zy8Sr48fw6g=",
"cdf6ac07-7154-4a88-8364-a87e9b68cdb7","ONAQ_010.basePlot.bet","D15","ONAQ","ONAQ_010","W","2014-06-19","2014-07-03","2014-07-03","2014-09-16",,"ONAQ_010.W.20140703","M9mpm55gKLXC9OEK69+NE9+C7xAuB19McCWNwOcSP/M=","invert bycatch",,,,,,,,,,"B5YzZg28369xWGye0Wf9qxMwC1Zdm1gM",
"c71484d6-403c-48f9-bda2-df0e469ccb1c","ONAQ_008.basePlot.bet","D15","ONAQ","ONAQ_008","W","2014-06-19","2014-07-03","2014-07-03","2014-09-16",,"ONAQ_008.W.20140703","+TPYXpQPuKzJ9UBUupkxJljDsizQX7PsjaO9a3px9Zw=","invert bycatch",,,,,,,,,,"MsOTQ1geTJhrCbvL1TRCXJuSny+2Sy71Zy8Sr48fw6g=",
"3301fbca-721a-48c5-8528-357f846ad496","ONAQ_009.basePlot.bet","D15","ONAQ","ONAQ_009","W","2014-06-19","2014-07-03","2014-07-03","2014-07-03",,"ONAQ_009.W.20140703","HS20H6sTX3F1GdkHPvuF0MmUaecSF7JN7KYLFL48yPk=","invert bycatch",,,,,,,,,,"B5YzZg28369xWGye0Wf9qxMwC1Zdm1gM",
"1696484d-1b1a-4a13-8668-c7cadfc1f989","ONAQ_006.basePlot.bet","D15","ONAQ","ONAQ_006","W","2014-06-19","2014-07-03","2014-07-03","2014-09-09",,"ONAQ_006.W.20140703","yp/8bbRjrLLsXF69IFDn5cO0YiJB6mCKZyOEWqpKikw=","invert bycatch",,,,,,,,,,"B5YzZg28369xWGye0Wf9qxMwC1Zdm1gM",
"97703c81-1d91-4c61-8619-72e1d11ffe5e","ONAQ_005.basePlot.bet","D15","ONAQ","ONAQ_005","W","2014-06-19","2014-07-03","2014-07-03","2014-09-30",,"ONAQ_005.W.20140703","zbCBMrXz8WmRwA6CAidS/muMnD1Uw+s9EPnfPCSkjIQ=","invert bycatch",,,,,,,,,,"MsOTQ1geTJhrCbvL1TRCXJuSny+2Sy71Zy8Sr48fw6g=",
"345b151f-9228-4002-88be-82b6885b29b8","ONAQ_012.basePlot.bet","D15","ONAQ","ONAQ_012","W","2014-06-19","2014-07-03","2014-07-03","2014-09-30",,"ONAQ_012.W.20140703","f9VgFEDSFE7Hy9zrTdEDM0urbl9vG4C91q9zvjyoPeM=","invert bycatch",,,,,,,,,,"MsOTQ1geTJhrCbvL1TRCXJuSny+2Sy71Zy8Sr48fw6g=",
"74a6cadf-8b39-4c8a-8ed4-98f265975670","ONAQ_002.basePlot.bet","D15","ONAQ","ONAQ_002","W","2014-06-19","2014-07-03","2014-07-03","2014-09-30",,"ONAQ_002.W.20140703","sFUsB1SyHEzC+y8vUlY+7TL6IwiPPcj8noNyskXi75A=","invert bycatch",,,,,,,,,,"MsOTQ1geTJhrCbvL1TRCXJuSny+2Sy71Zy8Sr48fw6g=",
"7ca3bc20-efcb-484a-9bfa-a2573a262cd9","ONAQ_005.basePlot.bet","D15","ONAQ","ONAQ_005","W","2014-06-19","2014-07-03","2014-07-03","2015-04-15","2015-04-15","ONAQ_005.W.20140703","zbCBMrXz8WmRwA6CAidS/o8bgnWF8Fu5VbGjqu8SWB4=","carabid","CARSP14","Carabidae sp.","family",,"Latreille","D15.2014.MorphC",1,"Arnett Jr., R. H., and M. C. Thomas. 2001. American Beetles Archosemata, Myxophaga, Adephaga, Polyphaga: Staphyliniformia. 1st Vol. (C. Press, Ed.). 1st Ed. Boca Raton, FL.","z9Nb0fxJczdmi0utaYua6PSPTHDIrAD9","/h2P7iNCFob6MrtXvZ/0KV0VExqkPzVY","One Melyridae removed"
"86e2d87f-1938-4ffe-b488-ceacd24700c7","ONAQ_012.basePlot.bet","D15","ONAQ","ONAQ_012","W","2014-07-03","2014-07-17","2014-07-18","2014-08-28",,"ONAQ_012.W.20140717","f9VgFEDSFE7Hy9zrTdEDMx7sPAJO0f/7Qn2cwWz7lio=","invert bycatch",,,,,,,,,,"MsOTQ1geTJhrCbvL1TRCXJuSny+2Sy71Zy8Sr48fw6g=",
"1bab29c0-e6d5-46c4-aec3-7015dd8d764f","ONAQ_004.basePlot.bet","D15","ONAQ","ONAQ_004","E","2014-07-03","2014-07-17","2014-07-18","2015-04-15","2015-04-15","ONAQ_004.E.20140717","oF4AZF7DP5kd7dHOdxiTA8Ii8ZbLVC2tfl/ZaPqNcWI=","carabid","CARSP14","Carabidae sp.","family",,"Latreille","D15.2014.MorphB",4,"Arnett Jr., R. H., and M. C. Thomas. 2001. American Beetles Archosemata, Myxophaga, Adephaga, Polyphaga: Staphyliniformia. 1st Vol. (C. Press, Ed.). 1st Ed. Boca Raton, FL.","z9Nb0fxJczdmi0utaYua6PSPTHDIrAD9","/h2P7iNCFob6MrtXvZ/0KV0VExqkPzVY",
"3f37cbe1-be65-4d6f-9718-61188831b218","ONAQ_007.basePlot.bet","D15","ONAQ","ONAQ_007","E","2014-07-03","2014-07-17","2014-07-18","2015-04-15","2015-04-15","ONAQ_007.E.20140717","ucKi/aIj19nhmb8BYEVlUdJKq8rAvpAdFbt6YCErHt8=","carabid","CARSP14","Carabidae sp.","family",,"Latreille","D15.2014.MorphB",2,"Arnett Jr., R. H., and M. C. Thomas. 2001. American Beetles Archosemata, Myxophaga, Adephaga, Polyphaga: Staphyliniformia. 1st Vol. (C. Press, Ed.). 1st Ed. Boca Raton, FL.","z9Nb0fxJczdmi0utaYua6PSPTHDIrAD9","/h2P7iNCFob6MrtXvZ/0KV0VExqkPzVY",
"bcd89101-453b-4f52-915f-8354ff169532","ONAQ_007.basePlot.bet","D15","ONAQ","ONAQ_007","E","2014-07-03","2014-07-17","2014-07-18","2015-04-15","2015-04-15","ONAQ_007.E.20140717","ucKi/aIj19nhmb8BYEVlUdJKq8rAvpAdJArqx9GIc9g=","carabid","CARSP14","Carabidae sp.","family",,"Latreille","D15.2014.MorphC",1,"Arnett Jr., R. H., and M. C. Thomas. 2001. American Beetles Archosemata, Myxophaga, Adephaga, Polyphaga: Staphyliniformia. 1st Vol. (C. Press, Ed.). 1st Ed. Boca Raton, FL.","z9Nb0fxJczdmi0utaYua6PSPTHDIrAD9","/h2P7iNCFob6MrtXvZ/0KV0VExqkPzVY",
"a4565be5-03a1-4da5-a463-6fd264d67079","ONAQ_006.basePlot.bet","D15","ONAQ","ONAQ_006","E","2014-07-03","2014-07-17","2014-07-18","2014-09-16",,"ONAQ_006.E.20140717","yp/8bbRjrLKuTwucbzy0hX8n35C7pJJsHSFsmy1qzqE=","invert bycatch",,,,,,,,,,"MsOTQ1geTJhrCbvL1TRCXJuSny+2Sy71Zy8Sr48fw6g=",
"d2af3953-02af-4bc0-923e-5fb58decb686","ONAQ_002.basePlot.bet","D15","ONAQ","ONAQ_002","E","2014-07-03","2014-07-17","2014-07-18","2014-08-21",,"ONAQ_002.E.20140717","sFUsB1SyHExDzbExYURGNwcPUYT5ax0Now420cApvY8=","invert bycatch",,,,,,,,,,"MsOTQ1geTJhrCbvL1TRCXJuSny+2Sy71Zy8Sr48fw6g=",
"76ecaf0b-1a4b-4ec0-a433-3b2c8102ccb2","ONAQ_012.basePlot.bet","D15","ONAQ","ONAQ_012","E","2014-07-03","2014-07-17","2014-07-18","2014-08-28",,"ONAQ_012.E.20140717","f9VgFEDSFE4LzrWR9oFmG3+1vw+z3R0IqoykK/ogvTg=","invert bycatch",,,,,,,,,,"MsOTQ1geTJhrCbvL1TRCXJuSny+2Sy71Zy8Sr48fw6g=",
"5bea5c69-1fa5-420e-ba02-1fbc28a19a1a","ONAQ_008.basePlot.bet","D15","ONAQ","ONAQ_008","E","2014-07-03","2014-07-17","2014-07-18","2014-09-10",,"ONAQ_008.E.20140717","+TPYXpQPuKzLKyz9zkyLErOB//vAA/3TyWiL+5fK9wY=","invert bycatch",,,,,,,,,,"B5YzZg28369xWGye0Wf9qxMwC1Zdm1gM",
"16fa32dd-0501-4b0e-9513-d1c0eeb889da","ONAQ_007.basePlot.bet","D15","ONAQ","ONAQ_007","E","2014-07-03","2014-07-17","2014-07-18","2014-09-10",,"ONAQ_007.E.20140717","ucKi/aIj19nhmb8BYEVlUWBW+Sr8HcXbOCds3G85pk0=","invert bycatch",,,,,,,,,,"MsOTQ1geTJhrCbvL1TRCXJuSny+2Sy71Zy8Sr48fw6g=",
"60893038-7e8a-4340-ba04-77951259d86b","ONAQ_009.basePlot.bet","D15","ONAQ","ONAQ_009","E","2014-07-03","2014-07-17","2014-07-18","2014-09-10",,"ONAQ_009.E.20140717","HS20H6sTX3E8pON50cfnALDoxFEIm5FD460G3pGBpS8=","invert bycatch",,,,,,,,,,"qnNRlNDF2ndv9+C3oWEt5IdhKZpI37LJ",
"0841503f-71dd-4841-b7e8-a1412a9fe5a9","ONAQ_002.basePlot.bet","D15","ONAQ","ONAQ_002","N","2014-07-03","2014-07-17","2014-07-18","2015-04-15","2015-04-15","ONAQ_002.N.20140717","sFUsB1SyHExDvLoOwXYZL0YoF6QS9cEap+HtQRX9zzE=","carabid","CARSP14","Carabidae sp.","family",,"Latreille","D15.2014.MorphB",2,"Arnett Jr., R. H., and M. C. Thomas. 2001. American Beetles Archosemata, Myxophaga, Adephaga, Polyphaga: Staphyliniformia. 1st Vol. (C. Press, Ed.). 1st Ed. Boca Raton, FL.","z9Nb0fxJczdmi0utaYua6PSPTHDIrAD9","/h2P7iNCFob6MrtXvZ/0KV0VExqkPzVY","There are only two common carabid beetles from this plot (that haven't been pinned) and date for this tube, kept sample ID as ONAQ.002.N.20140717.cc.01 as final sample ID, as was not actually pooled with any other common carabids from other traps."
"3736001d-6df7-4f3f-8a9c-834b1f12b19c","ONAQ_007.basePlot.bet","D15","ONAQ","ONAQ_007","N","2014-07-03","2014-07-17","2014-07-18","2015-04-15","2015-04-15","ONAQ_007.N.20140717","ucKi/aIj19lxyMhPHIf28GokPTLu6HFyp190Nl7yj3Q=","carabid","CARSP14","Carabidae sp.","family",,"Latreille","D15.2014.MorphB",1,"Arnett Jr., R. H., and M. C. Thomas. 2001. American Beetles Archosemata, Myxophaga, Adephaga, Polyphaga: Staphyliniformia. 1st Vol. (C. Press, Ed.). 1st Ed. Boca Raton, FL.","z9Nb0fxJczdmi0utaYua6PSPTHDIrAD9","/h2P7iNCFob6MrtXvZ/0KV0VExqkPzVY",
"73afd18d-fa3e-46fc-8375-c6725352876c","ONAQ_004.basePlot.bet","D15","ONAQ","ONAQ_004","N","2014-07-03","2014-07-17","2014-07-18","2015-04-15","2015-04-15","ONAQ_004.N.20140717","oF4AZF7DP5m19UVkH1LyhZEt29L3i7OIKV0QE0iqjsA=","carabid","CARSP14","Carabidae sp.","family",,"Latreille","D15.2014.MorphB",1,"Arnett Jr., R. H., and M. C. Thomas. 2001. American Beetles Archosemata, Myxophaga, Adephaga, Polyphaga: Staphyliniformia. 1st Vol. (C. Press, Ed.). 1st Ed. Boca Raton, FL.","z9Nb0fxJczdmi0utaYua6PSPTHDIrAD9","/h2P7iNCFob6MrtXvZ/0KV0VExqkPzVY",
"8c9eb9ab-09d0-492a-8722-c76c83710c50","ONAQ_003.basePlot.bet","D15","ONAQ","ONAQ_003","N","2014-07-03","2014-07-17","2014-07-18","2014-08-21",,"ONAQ_003.N.20140717","nIFIFPhA1d2USRM0czEiwZ3rE90vDxTCuZtxTDysKtg=","invert bycatch",,,,,,,,,,"MsOTQ1geTJhrCbvL1TRCXJuSny+2Sy71Zy8Sr48fw6g=",
"b9f0f69c-1d5b-456b-ade3-772c53f5d6b7","ONAQ_002.basePlot.bet","D15","ONAQ","ONAQ_002","N","2014-07-03","2014-07-17","2014-07-18","2014-08-21",,"ONAQ_002.N.20140717","sFUsB1SyHExDvLoOwXYZL0EdQVFaARPzuDWoZk4lyqY=","invert bycatch",,,,,,,,,,"MsOTQ1geTJhrCbvL1TRCXJuSny+2Sy71Zy8Sr48fw6g=",
"afa3f774-b5a5-4281-bc11-cfb371a74e2f","ONAQ_009.basePlot.bet","D15","ONAQ","ONAQ_009","N","2014-07-03","2014-07-17","2014-07-18","2014-09-10",,"ONAQ_009.N.20140717","HS20H6sTX3GK28P31bY/AxBL1rGxJMpgb2kbT+HO0CI=","invert bycatch",,,,,,,,,,"qnNRlNDF2ndv9+C3oWEt5IdhKZpI37LJ",
"1dc045cc-d3c7-4bf0-8f6c-291b6d9f9a3b","ONAQ_004.basePlot.bet","D15","ONAQ","ONAQ_004","N","2014-07-03","2014-07-17","2014-07-18","2014-08-21",,"ONAQ_004.N.20140717","oF4AZF7DP5m19UVkH1LyhaxvYcEKu59Q+ThkXrTi1Yc=","invert bycatch",,,,,,,,,,"MsOTQ1geTJhrCbvL1TRCXJuSny+2Sy71Zy8Sr48fw6g=",
"dd9cd89c-834f-4568-b97b-1ed1367d68be","ONAQ_007.basePlot.bet","D15","ONAQ","ONAQ_007","N","2014-07-03","2014-07-17","2014-07-18","2014-09-10",,"ONAQ_007.N.20140717","ucKi/aIj19lxyMhPHIf28OB0idltu2xDV/Ep1wI1aPs=","invert bycatch",,,,,,,,,,"MsOTQ1geTJhrCbvL1TRCXJuSny+2Sy71Zy8Sr48fw6g=",
"cf810075-e1d9-40bf-b622-1203564ecdba","ONAQ_006.basePlot.bet","D15","ONAQ","ONAQ_006","N","2014-07-03","2014-07-17","2014-07-18","2014-09-16",,"ONAQ_006.N.20140717","yp/8bbRjrLKNyMWeX4gL7cnF0RguVaFAfpKakm0lpjY=","invert bycatch",,,,,,,,,,"MsOTQ1geTJhrCbvL1TRCXJuSny+2Sy71Zy8Sr48fw6g=",
"ef4bdaf5-6bd6-4c2d-96ee-7d32009bfccd","ONAQ_010.basePlot.bet","D15","ONAQ","ONAQ_010","N","2014-07-03","2014-07-17","2014-07-18","2014-08-21",,"ONAQ_010.N.20140717","M9mpm55gKLWhGshJYKadhRAhc+ufkFfN1rmpQ2gb8Vs=","invert bycatch",,,,,,,,,,"MsOTQ1geTJhrCbvL1TRCXJuSny+2Sy71Zy8Sr48fw6g=",
"11dae99d-df65-4ebb-aaa7-222bd8c10d8b","ONAQ_005.basePlot.bet","D15","ONAQ","ONAQ_005","N","2014-07-03","2014-07-17","2014-07-18","2014-08-28",,"ONAQ_005.N.20140717","zbCBMrXz8WmkFsTMvzx0k8LJY+lXBY2IR5nyd7SWZSQ=","invert bycatch",,,,,,,,,,"MsOTQ1geTJhrCbvL1TRCXJuSny+2Sy71Zy8Sr48fw6g=",
"c2f69faa-4753-4490-bfc5-39616f98a5fb","ONAQ_012.basePlot.bet","D15","ONAQ","ONAQ_012","N","2014-07-03","2014-07-17","2014-07-18","2014-08-28",,"ONAQ_012.N.20140717","f9VgFEDSFE7sqbkimK3bkzCw+kCSJCwbdyW0hwuIA5c=","invert bycatch",,,,,,,,,,"MsOTQ1geTJhrCbvL1TRCXJuSny+2Sy71Zy8Sr48fw6g=",
"19daef58-2522-47ce-9864-168b5a9be549","ONAQ_008.basePlot.bet","D15","ONAQ","ONAQ_008","N","2014-07-03","2014-07-17","2014-07-18","2014-09-10",,"ONAQ_008.N.20140717","+TPYXpQPuKxgzYS44IWxsOTqE/NqvRA2Leoy9BPXyxo=","invert bycatch",,,,,,,,,,"B5YzZg28369xWGye0Wf9qxMwC1Zdm1gM",
"5af88131-b2e4-4c21-b728-1c4797a4c6bc","ONAQ_009.basePlot.bet","D15","ONAQ","ONAQ_009","S","2014-07-03","2014-07-17","2014-07-18","2014-09-10",,"ONAQ_009.S.20140717","HS20H6sTX3Gzxj1TKeqZbJMkom5YShVqfrAXIvCfd84=","invert bycatch",,,,,,,,,,"qnNRlNDF2ndv9+C3oWEt5IdhKZpI37LJ",
"372b45e3-97af-44fe-b9d1-e7ada85e2096","ONAQ_007.basePlot.bet","D15","ONAQ","ONAQ_007","S","2014-07-03","2014-07-17","2014-07-18","2015-04-15","2015-04-15","ONAQ_007.S.20140717","ucKi/aIj19nBknrJ9wEF3Dw2MEADlLBFd97cHZj+ags=","carabid","CARSP14","Carabidae sp.","family",,"Latreille","D15.2014.MorphB",1,"Arnett Jr., R. H., and M. C. Thomas. 2001. American Beetles Archosemata, Myxophaga, Adephaga, Polyphaga: Staphyliniformia. 1st Vol. (C. Press, Ed.). 1st Ed. Boca Raton, FL.","z9Nb0fxJczdmi0utaYua6PSPTHDIrAD9","/h2P7iNCFob6MrtXvZ/0KV0VExqkPzVY",
"6f5c2f96-def3-4e52-8c57-5505873b0283","ONAQ_007.basePlot.bet","D15","ONAQ","ONAQ_007","S","2014-07-03","2014-07-17","2014-07-18","2014-09-10",,"ONAQ_007.S.20140717","ucKi/aIj19nBknrJ9wEF3HFgtVEKAJlbdE9nxluBaxU=","invert bycatch",,,,,,,,,,"MsOTQ1geTJhrCbvL1TRCXJuSny+2Sy71Zy8Sr48fw6g=",
"814787c1-cba6-4be1-b6b1-816ee909c0ff","ONAQ_002.basePlot.bet","D15","ONAQ","ONAQ_002","S","2014-07-03","2014-07-17","2014-07-18","2014-08-21",,"ONAQ_002.S.20140717","sFUsB1SyHExPuO7u3i2Zk+tr2bPGbpRbBz5teHEUCzY=","invert bycatch",,,,,,,,,,"MsOTQ1geTJhrCbvL1TRCXJuSny+2Sy71Zy8Sr48fw6g=",
"34bccc5b-d92a-4266-9f7a-b4c36b04863b","ONAQ_012.basePlot.bet","D15","ONAQ","ONAQ_012","S","2014-07-03","2014-07-17","2014-07-18","2014-08-28",,"ONAQ_012.S.20140717","f9VgFEDSFE5xjzQzkZRz/6OC1NbHjxZqzYQJmFKqJKY=","invert bycatch",,,,,,,,,,"MsOTQ1geTJhrCbvL1TRCXJuSny+2Sy71Zy8Sr48fw6g=",
"2dc3d083-0888-430b-8359-c996d08e9317","ONAQ_006.basePlot.bet","D15","ONAQ","ONAQ_006","S","2014-07-03","2014-07-17","2014-07-18","2014-09-16",,"ONAQ_006.S.20140717","yp/8bbRjrLLRUJb42Jw/zAqfJxvnR6nvUiruVBSrZ8w=","invert bycatch",,,,,,,,,,"MsOTQ1geTJhrCbvL1TRCXJuSny+2Sy71Zy8Sr48fw6g=",
"10ce3c05-b4da-41c2-91e1-a80c06d3377c","ONAQ_008.basePlot.bet","D15","ONAQ","ONAQ_008","S","2014-07-03","2014-07-17","2014-07-18","2014-09-10",,"ONAQ_008.S.20140717","+TPYXpQPuKynuAltgUpFLtLxMXnKzCYcpHO8frRbaVA=","invert bycatch",,,,,,,,,,"B5YzZg28369xWGye0Wf9qxMwC1Zdm1gM",
"7615a537-9c23-4375-a092-c5d2020417f8","ONAQ_006.basePlot.bet","D15","ONAQ","ONAQ_006","W","2014-07-03","2014-07-17","2014-07-18","2014-09-16",,"ONAQ_006.W.20140717","yp/8bbRjrLLsXF69IFDn5Z6oaJHdEIh8R7fOsPL7dWc=","invert bycatch",,,,,,,,,,"MsOTQ1geTJhrCbvL1TRCXJuSny+2Sy71Zy8Sr48fw6g=",
"6399611d-5499-4d1a-9b8a-142dd08a73fb","ONAQ_007.basePlot.bet","D15","ONAQ","ONAQ_007","W","2014-07-03","2014-07-17","2014-07-18","2014-09-10",,"ONAQ_007.W.20140717","ucKi/aIj19m5sFLwO3Nt9y/5v3KjWdv+q8szyVyQaQs=","invert bycatch",,,,,,,,,,"MsOTQ1geTJhrCbvL1TRCXJuSny+2Sy71Zy8Sr48fw6g=",
"f789c23b-12eb-4243-a37a-79cd8707b842","ONAQ_009.basePlot.bet","D15","ONAQ","ONAQ_009","W","2014-07-03","2014-07-17","2014-07-18","2014-09-10",,"ONAQ_009.W.20140717","HS20H6sTX3F1GdkHPvuF0CKGqrcE0dzDUlLFjlB4jcw=","invert bycatch",,,,,,,,,,"qnNRlNDF2ndv9+C3oWEt5IdhKZpI37LJ",
"6b1f4154-4084-4762-bb52-e35770b7e98a","ONAQ_004.basePlot.bet","D15","ONAQ","ONAQ_004","W","2014-07-03","2014-07-17","2014-07-18","2015-04-15","2015-04-15","ONAQ_004.W.20140717","oF4AZF7DP5k+SGllHZ5qcDvzWNFEo/dgLAgFjjyLrPc=","carabid","CARSP14","Carabidae sp.","family",,"Latreille","D15.2014.MorphB",1,"Arnett Jr., R. H., and M. C. Thomas. 2001. American Beetles Archosemata, Myxophaga, Adephaga, Polyphaga: Staphyliniformia. 1st Vol. (C. Press, Ed.). 1st Ed. Boca Raton, FL.","z9Nb0fxJczdmi0utaYua6PSPTHDIrAD9","/h2P7iNCFob6MrtXvZ/0KV0VExqkPzVY",
"d6411b7c-5f27-441b-aa17-be791f2d252b","ONAQ_008.basePlot.bet","D15","ONAQ","ONAQ_008","W","2014-07-03","2014-07-17","2014-07-18","2014-09-10",,"ONAQ_008.W.20140717","+TPYXpQPuKzJ9UBUupkxJsGqp4iQMkOL+TWEqXZjKvU=","invert bycatch",,,,,,,,,,"B5YzZg28369xWGye0Wf9qxMwC1Zdm1gM",
"461a0855-05e5-41d6-8007-024bacee973d","ONAQ_002.basePlot.bet","D15","ONAQ","ONAQ_002","W","2014-07-03","2014-07-17","2014-07-18","2014-08-21",,"ONAQ_002.W.20140717","sFUsB1SyHEzC+y8vUlY+7T1mKLFfjKWp2ldRrbBooo4=","invert bycatch",,,,,,,,,,"MsOTQ1geTJhrCbvL1TRCXJuSny+2Sy71Zy8Sr48fw6g=",
"4f236dc6-8b11-4d97-9891-12ae29094d35","ONAQ_006.basePlot.bet","D15","ONAQ","ONAQ_006","E","2014-07-17","2014-07-31","2014-08-01","2014-08-18",,"ONAQ_006.E.20140731","yp/8bbRjrLKuTwucbzy0hRLWDE4JyLEIh2Hl29uE9iQ=","invert bycatch",,,,,,,,,,"MsOTQ1geTJhrCbvL1TRCXJuSny+2Sy71Zy8Sr48fw6g=",
"27018ce7-c58f-4255-a496-4e32e62ff9cc","ONAQ_009.basePlot.bet","D15","ONAQ","ONAQ_009","W","2014-07-17","2014-07-31","2014-08-01","2014-08-18",,"ONAQ_009.W.20140731","HS20H6sTX3F1GdkHPvuF0Kqm6Bb20oRKNjRju8pglJQ=","invert bycatch",,,,,,,,,,"B5YzZg28369xWGye0Wf9qxMwC1Zdm1gM",
"eaa944fd-d799-41f2-b745-dad7d59667ea","ONAQ_003.basePlot.bet","D15","ONAQ","ONAQ_003","E","2014-07-17","2014-07-31","2014-08-01","2014-08-19",,"ONAQ_003.E.20140731","nIFIFPhA1d2a2Ffej1W6ngqNhmiwB//Vl3zocaMEjxQ=","invert bycatch",,,,,,,,,,"B5YzZg28369xWGye0Wf9qxMwC1Zdm1gM",
"08582bdb-2e21-4ef0-9673-c8c16024353b","ONAQ_008.basePlot.bet","D15","ONAQ","ONAQ_008","E","2014-07-17","2014-07-31","2014-08-01","2014-08-19",,"ONAQ_008.E.20140731","+TPYXpQPuKzLKyz9zkyLEml7jszRYNYZkDJ3SsE3BI4=","invert bycatch",,,,,,,,,,"B5YzZg28369xWGye0Wf9qxMwC1Zdm1gM",
"a8142a7c-94b3-4a46-a4f7-eb61af8930db","ONAQ_004.basePlot.bet","D15","ONAQ","ONAQ_004","E","2014-07-17","2014-07-31","2014-08-01","2014-08-19",,"ONAQ_004.E.20140731","oF4AZF7DP5kd7dHOdxiTA0aK5nq24NLqtfttk+nFC8c=","invert bycatch",,,,,,,,,,"B5YzZg28369xWGye0Wf9qxMwC1Zdm1gM",
"d471fb5b-0122-4759-ba39-72b1e16cab49","ONAQ_009.basePlot.bet","D15","ONAQ","ONAQ_009","E","2014-07-17","2014-07-31","2014-08-01","2014-08-18",,"ONAQ_009.E.20140731","HS20H6sTX3E8pON50cfnAF/r0FLWWewBXBfIjzUhHGs=","invert bycatch",,,,,,,,,,"B5YzZg28369xWGye0Wf9qxMwC1Zdm1gM",
"556bf8b8-7e99-4f4b-8f7e-556eedad05ea","ONAQ_006.basePlot.bet","D15","ONAQ","ONAQ_006","N","2014-07-17","2014-07-31","2014-08-01","2014-08-18",,"ONAQ_006.N.20140731","yp/8bbRjrLKNyMWeX4gL7W0ccx91PLW9kmel//YuWPE=","invert bycatch",,,,,,,,,,"MsOTQ1geTJhrCbvL1TRCXJuSny+2Sy71Zy8Sr48fw6g=",
"0a04e63e-3efc-4a59-8988-0016c9837d84","ONAQ_004.basePlot.bet","D15","ONAQ","ONAQ_004","N","2014-07-17","2014-07-31","2014-08-01","2014-08-19",,"ONAQ_004.N.20140731","oF4AZF7DP5m19UVkH1LyhReCZ48nnDPmL8GphKdGBrM=","invert bycatch",,,,,,,,,,"B5YzZg28369xWGye0Wf9qxMwC1Zdm1gM",
"da1938aa-914b-4bc3-9b06-5654b92a711e","ONAQ_010.basePlot.bet","D15","ONAQ","ONAQ_010","N","2014-07-17","2014-07-31","2014-08-01","2014-08-18",,"ONAQ_010.N.20140731","M9mpm55gKLWhGshJYKadhSL36PvznNOAG7Ea0Nob9N0=","invert bycatch",,,,,,,,,,"MsOTQ1geTJhrCbvL1TRCXJuSny+2Sy71Zy8Sr48fw6g=",
"9d0dafd4-4da0-4902-952f-2f9b68e6aa53","ONAQ_007.basePlot.bet","D15","ONAQ","ONAQ_007","N","2014-07-17","2014-07-31","2014-08-01","2014-08-18",,"ONAQ_007.N.20140731","ucKi/aIj19lxyMhPHIf28KczPFrvQLCMeXJuVW2/Qsk=","invert bycatch",,,,,,,,,,"B5YzZg28369xWGye0Wf9qxMwC1Zdm1gM",
"95eafc2c-dd47-4d98-b452-02b05c074d40","ONAQ_009.basePlot.bet","D15","ONAQ","ONAQ_009","N","2014-07-17","2014-07-31","2014-08-01","2014-08-18",,"ONAQ_009.N.20140731","HS20H6sTX3GK28P31bY/A7iyofTnK0zZIEisKwxzAxM=","invert bycatch",,,,,,,,,,"B5YzZg28369xWGye0Wf9qxMwC1Zdm1gM",
"7b09040d-a2fc-4dd8-9ff9-1c1451348df7","ONAQ_002.basePlot.bet","D15","ONAQ","ONAQ_002","N","2014-07-17","2014-07-31","2014-08-01","2014-08-18",,"ONAQ_002.N.20140731","sFUsB1SyHExDvLoOwXYZL12sv/H9XY7MwXceQ9yu2+M=","invert bycatch",,,,,,,,,,"MsOTQ1geTJhrCbvL1TRCXJuSny+2Sy71Zy8Sr48fw6g=",
"3fe57357-d083-4f59-9916-7e4d3145d148","ONAQ_005.basePlot.bet","D15","ONAQ","ONAQ_005","N","2014-07-17","2014-07-31","2014-08-01","2014-08-19",,"ONAQ_005.N.20140731","zbCBMrXz8WmkFsTMvzx0kznsSutOXt+ObH6ZL0sRhZc=","invert bycatch",,,,,,,,,,"B5YzZg28369xWGye0Wf9qxMwC1Zdm1gM",
"e60114e3-c548-48e9-a966-19a8252941f2","ONAQ_003.basePlot.bet","D15","ONAQ","ONAQ_003","N","2014-07-17","2014-07-31","2014-08-01","2014-08-19",,"ONAQ_003.N.20140731","nIFIFPhA1d2USRM0czEiwVFFv7u2Ob0Fnsm3aEueVjo=","invert bycatch",,,,,,,,,,"B5YzZg28369xWGye0Wf9qxMwC1Zdm1gM",
"cf4469c2-3536-4bb4-9425-040e22e8ed55","ONAQ_008.basePlot.bet","D15","ONAQ","ONAQ_008","N","2014-07-17","2014-07-31","2014-08-01","2014-08-19",,"ONAQ_008.N.20140731","+TPYXpQPuKxgzYS44IWxsAUB3/+jcy/IohnZ1HCbT/k=","invert bycatch",,,,,,,,,,"B5YzZg28369xWGye0Wf9qxMwC1Zdm1gM",
"c87627d2-a349-4a55-97da-112e0feafa70","ONAQ_012.basePlot.bet","D15","ONAQ","ONAQ_012","N","2014-07-17","2014-07-31","2014-08-01","2014-08-19",,"ONAQ_012.N.20140731","f9VgFEDSFE7sqbkimK3bk+rTWEJid6D6tif8k2jGC+8=","invert bycatch",,,,,,,,,,"B5YzZg28369xWGye0Wf9qxMwC1Zdm1gM",
"1a000480-a148-404e-8e4c-b9f8e391869d","ONAQ_006.basePlot.bet","D15","ONAQ","ONAQ_006","S","2014-07-17","2014-07-31","2014-08-01","2015-04-16","2015-04-16","ONAQ_006.S.20140731","yp/8bbRjrLLRUJb42Jw/zOKlyfYGwkODMOZc9GuQs3c=","carabid","CARSP14","Carabidae sp.","family",,"Latreille","D15.2014.MorphB",1,"Arnett Jr., R. H., and M. C. Thomas. 2001. American Beetles Archosemata, Myxophaga, Adephaga, Polyphaga: Staphyliniformia. 1st Vol. (C. Press, Ed.). 1st Ed. Boca Raton, FL.","z9Nb0fxJczdmi0utaYua6PSPTHDIrAD9","/h2P7iNCFob6MrtXvZ/0KV0VExqkPzVY","There is only one common carabid beetle from this plot (that hasn't been pinned) and date for this tube, kept sample ID as ONAQ.006.S.20140731.cc.01 as final sample ID, as was not actually pooled with any other common carabids from other traps."
"72476b78-ea4b-4248-a6dd-75b99fcde4da","ONAQ_009.basePlot.bet","D15","ONAQ","ONAQ_009","S","2014-07-17","2014-07-31","2014-08-01","2014-08-18",,"ONAQ_009.S.20140731","HS20H6sTX3Gzxj1TKeqZbPihosvas0iIPJTG9L9vwWo=","invert bycatch",,,,,,,,,,"B5YzZg28369xWGye0Wf9qxMwC1Zdm1gM",
"d68ca13e-b3c0-48f5-af38-c23294860034","ONAQ_012.basePlot.bet","D15","ONAQ","ONAQ_012","S","2014-07-17","2014-07-31","2014-08-01","2014-08-19",,"ONAQ_012.S.20140731","f9VgFEDSFE5xjzQzkZRz/xBvZ9uBlLiElDkKJhPWOmo=","invert bycatch",,,,,,,,,,"B5YzZg28369xWGye0Wf9qxMwC1Zdm1gM",
"920a3051-4a04-4477-b042-9567404d9bdc","ONAQ_003.basePlot.bet","D15","ONAQ","ONAQ_003","S","2014-07-17","2014-07-31","2014-08-01","2014-08-19",,"ONAQ_003.S.20140731","nIFIFPhA1d3Fn3fsF3Nl8EGLgV6xVs7siC3NfZbVeKw=","invert bycatch",,,,,,,,,,"B5YzZg28369xWGye0Wf9qxMwC1Zdm1gM",
"c122e8a3-374c-45c6-9830-d4307c704972","ONAQ_008.basePlot.bet","D15","ONAQ","ONAQ_008","S","2014-07-17","2014-07-31","2014-08-01","2014-08-19",,"ONAQ_008.S.20140731","+TPYXpQPuKynuAltgUpFLmvu45NUFFqHnq5OOKo4qT4=","invert bycatch",,,,,,,,,,"B5YzZg28369xWGye0Wf9qxMwC1Zdm1gM",
"b31163f7-384f-4557-8e1d-6ac57b4d1c4a","ONAQ_004.basePlot.bet","D15","ONAQ","ONAQ_004","S","2014-07-17","2014-07-31","2014-08-01","2014-08-19",,"ONAQ_004.S.20140731","oF4AZF7DP5kpxOVfzLPZSLFDnpkkOWC08xdR+cjReOg=","invert bycatch",,,,,,,,,,"B5YzZg28369xWGye0Wf9qxMwC1Zdm1gM",
"60d7b7ae-0a34-446b-b27b-e7a3bc186604","ONAQ_006.basePlot.bet","D15","ONAQ","ONAQ_006","S","2014-07-17","2014-07-31","2014-08-01","2014-08-18",,"ONAQ_006.S.20140731","yp/8bbRjrLLRUJb42Jw/zL+IjiaeCO2c9QJt2XHTeVk=","invert bycatch",,,,,,,,,,"MsOTQ1geTJhrCbvL1TRCXJuSny+2Sy71Zy8Sr48fw6g=",
"8568bf18-73d7-46d7-b789-a5b88816e253","ONAQ_006.basePlot.bet","D15","ONAQ","ONAQ_006","W","2014-07-17","2014-07-31","2014-08-01","2014-08-18",,"ONAQ_006.W.20140731","yp/8bbRjrLLsXF69IFDn5Wh8ml3XDpRbcVyb/5V8nAs=","invert bycatch",,,,,,,,,,"MsOTQ1geTJhrCbvL1TRCXJuSny+2Sy71Zy8Sr48fw6g=",
"1ce7430b-0c6c-4d2f-a4d1-c1be5ddade7d","ONAQ_012.basePlot.bet","D15","ONAQ","ONAQ_012","W","2014-07-17","2014-07-31","2014-08-01","2014-08-19",,"ONAQ_012.W.20140731","f9VgFEDSFE7Hy9zrTdEDMzaYuHkAWolGZ1mYuXTmTsE=","invert bycatch",,,,,,,,,,"B5YzZg28369xWGye0Wf9qxMwC1Zdm1gM",
"786f78c0-1139-40bd-8683-1e571bc65561","ONAQ_003.basePlot.bet","D15","ONAQ","ONAQ_003","W","2014-07-17","2014-07-31","2014-08-01","2014-08-19",,"ONAQ_003.W.20140731","nIFIFPhA1d3e5xFpjZcD61cPUPzs8XWVt94X9cUtdpI=","invert bycatch",,,,,,,,,,"B5YzZg28369xWGye0Wf9qxMwC1Zdm1gM",
"8573177c-ea4b-464d-ba0f-92ed28dcdcb2","ONAQ_008.basePlot.bet","D15","ONAQ","ONAQ_008","W","2014-07-17","2014-07-31","2014-08-01","2014-08-19",,"ONAQ_008.W.20140731","+TPYXpQPuKzJ9UBUupkxJhHsqd2C/xqUxFSUxSoGRs8=","invert bycatch",,,,,,,,,,"B5YzZg28369xWGye0Wf9qxMwC1Zdm1gM",
"4a85c763-b233-47b1-bd81-64ffacb217a5","ONAQ_004.basePlot.bet","D15","ONAQ","ONAQ_004","W","2014-07-17","2014-07-31","2014-08-01","2014-08-19",,"ONAQ_004.W.20140731","oF4AZF7DP5k+SGllHZ5qcF6RgTk/7hh+YpllQMpTa/Q=","invert bycatch",,,,,,,,,,"B5YzZg28369xWGye0Wf9qxMwC1Zdm1gM",
"37385671-9976-4c9b-af57-241351bb20bd","ONAQ_012.basePlot.bet","D15","ONAQ","ONAQ_012","E","2014-07-17","2014-07-31","2014-08-01","2014-08-19",,"ONAQ_012.E.20140731","f9VgFEDSFE4LzrWR9oFmGzrKMfYk1nLnPtOI0dH6H2E=","invert bycatch",,,,,,,,,,"B5YzZg28369xWGye0Wf9qxMwC1Zdm1gM",
