uid,namedLocation,domainID,siteID,plotID,trapID,plotType,nlcdClass,decimalLatitude,decimalLongitude,geodeticDatum,coordinateUncertainty,elevation,elevationUncertainty,setDate,collectDate,eventID,daysOfTrapping,sampleCollected,sampleID,cupStatus,lidStatus,fluidLevel,samplingProtocolVersion,recordedBy,remarks
"d73f78ce-c9b6-483d-861f-429dd5d13181","ONAQ_004.basePlot.bet","D15","ONAQ","ONAQ_004","E","distributed","shrubScrub",40.185937,-112.472482,"WGS84",20.1,1714.1,0.1,"2014-06-19","2014-07-03","ONAQ.2014.27",14,"Y","ONAQ_004.E.20140703","Ok","Ok","Low","NEON.DOC.014050vE","xwW9faweG9yezxUGEB9quDydrYQYJWI4","Filled to 150mL PG"
"80a1294e-bb3e-41ee-a176-8eaad87b7e12","ONAQ_010.basePlot.bet","D15","ONAQ","ONAQ_010","W","distributed","evergreenForest",40.201040,-112.497100,"WGS84",20.1,1903.9,0.1,"2014-06-19","2014-07-03","ONAQ.2014.27",14,"Y","ONAQ_010.W.20140703","Ok","Ok","Low","NEON.DOC.014050vE","xwW9faweG9yezxUGEB9quDydrYQYJWI4","added 250 mL PG to cup"
"a76f3bbb-af0c-4298-863e-40e00d9b361d","ONAQ_002.basePlot.bet","D15","ONAQ","ONAQ_002","E","distributed","shrubScrub",40.193323,-112.464547,"WGS84",20.1,1688.4,0.2,"2014-06-19","2014-07-03","ONAQ.2014.27",14,"Y","ONAQ_002.E.20140703","Ok","Ok","Low","NEON.DOC.014050vE","xwW9faweG9yezxUGEB9quDydrYQYJWI4","added 250mL PG"
"26f92b3c-66a2-49bd-99df-5a723e3885a7","ONAQ_005.basePlot.bet","D15","ONAQ","ONAQ_005","E","distributed","shrubScrub",40.180774,-112.431855,"WGS84",20.1,1614.7,0.1,"2014-06-19","2014-07-03","ONAQ.2014.27",14,"Y","ONAQ_005.E.20140703","Ok","Ok","Low","NEON.DOC.014050vE","xwW9faweG9yezxUGEB9quDydrYQYJWI4","added 150mL PG"
"8fbec5bf-1236-44f4-8eb6-644e01e061ab","ONAQ_012.basePlot.bet","D15","ONAQ","ONAQ_012","E","distributed","evergreenForest",40.184940,-112.529500,"WGS84",20.1,2054.5,0.1,"2014-06-19","2014-07-03","ONAQ.2014.27",14,"Y","ONAQ_012.E.20140703","Ok","Ok","Low","NEON.DOC.014050vE","qnNRlNDF2ndv9+C3oWEt5IdhKZpI37LJ",
"4b797f4e-bc78-4529-bb01-a1fdf0c39aeb","ONAQ_009.basePlot.bet","D15","ONAQ","ONAQ_009","E","distributed","shrubScrub",40.160803,-112.471250,"WGS84",20.1,1671.6,0.1,"2014-06-19","2014-07-03","ONAQ.2014.27",14,"Y","ONAQ_009.E.20140703","Ok","Ok","Low","NEON.DOC.014050vE","qnNRlNDF2ndv9+C3oWEt5IdhKZpI37LJ","dead lizard in trap"
"c93bfc06-f623-46e9-bcd3-23c6d4e3489d","ONAQ_003.basePlot.bet","D15","ONAQ","ONAQ_003","E","distributed","shrubScrub",40.205920,-112.430300,"WGS84",20.1,1610.9,0.1,"2014-06-19","2014-07-03","ONAQ.2014.27",14,"Y","ONAQ_003.E.20140703","Ok","Ok","Low","NEON.DOC.014050vE","xwW9faweG9yezxUGEB9quDydrYQYJWI4","added 150mL PG"
"41f3eeae-06ad-4602-b61c-54498cfe6140","ONAQ_006.basePlot.bet","D15","ONAQ","ONAQ_006","E","distributed","evergreenForest",40.164707,-112.547061,"WGS84",20.1,2080.2,0.1,"2014-06-19","2014-07-03","ONAQ.2014.27",14,"Y","ONAQ_006.E.20140703","Ok","Ok","Low","NEON.DOC.014050vE","qnNRlNDF2ndv9+C3oWEt5IdhKZpI37LJ",
"7fc63a19-c315-4aad-9372-9c7f2ac95380","ONAQ_007.basePlot.bet","D15","ONAQ","ONAQ_007","E","distributed","shrubScrub",40.212500,-112.467400,"WGS84",20.1,1705.7,0.1,"2014-06-19","2014-07-03","ONAQ.2014.27",14,"Y","ONAQ_007.E.20140703","Ok","Ok","Low","NEON.DOC.014050vE","xwW9faweG9yezxUGEB9quDydrYQYJWI4","Filled to 150mL PG"
"5fb425cd-0c56-4c9f-ac99-c80f165e0768","ONAQ_010.basePlot.bet","D15","ONAQ","ONAQ_010","E","distributed","evergreenForest",40.201040,-112.497100,"WGS84",20.1,1903.9,0.1,"2014-06-19","2014-07-03","ONAQ.2014.27",14,"Y","ONAQ_010.E.20140703","Ok","Ok","Low","NEON.DOC.014050vE","xwW9faweG9yezxUGEB9quDydrYQYJWI4","added 250mL PG to cup"
"e2148f2d-34f6-47ea-a812-5ab669b89620","ONAQ_009.basePlot.bet","D15","ONAQ","ONAQ_009","N","distributed","shrubScrub",40.160803,-112.471250,"WGS84",20.1,1671.6,0.1,"2014-06-19","2014-07-03","ONAQ.2014.27",14,"Y","ONAQ_009.N.20140703","Ok","Ok","Low","NEON.DOC.014050vE","qnNRlNDF2ndv9+C3oWEt5IdhKZpI37LJ",
"b48f3514-427e-4ed5-9cc5-af844f40d35b","ONAQ_002.basePlot.bet","D15","ONAQ","ONAQ_002","N","distributed","shrubScrub",40.193323,-112.464547,"WGS84",20.1,1688.4,0.2,"2014-06-19","2014-07-03","ONAQ.2014.27",14,"Y","ONAQ_002.N.20140703","Ok","Ok","Low","NEON.DOC.014050vE","xwW9faweG9yezxUGEB9quDydrYQYJWI4","added 250mL PG"
"ebcec378-2f6c-4087-8660-beb7329bfba1","ONAQ_006.basePlot.bet","D15","ONAQ","ONAQ_006","N","distributed","evergreenForest",40.164707,-112.547061,"WGS84",20.1,2080.2,0.1,"2014-06-19","2014-07-03","ONAQ.2014.27",14,"Y","ONAQ_006.N.20140703","Ok","Ok","Low","NEON.DOC.014050vE","qnNRlNDF2ndv9+C3oWEt5IdhKZpI37LJ",
"437d2df7-affa-4ed6-a323-9fcc9355635c","ONAQ_003.basePlot.bet","D15","ONAQ","ONAQ_003","N","distributed","shrubScrub",40.205920,-112.430300,"WGS84",20.1,1610.9,0.1,"2014-06-19","2014-07-03","ONAQ.2014.27",14,"Y","ONAQ_003.N.20140703","Ok","Ok","Low","NEON.DOC.014050vE","xwW9faweG9yezxUGEB9quDydrYQYJWI4","added 150 mL PG"
"c6f3eb5a-b505-4850-ab77-df4189335efe","ONAQ_012.basePlot.bet","D15","ONAQ","ONAQ_012","N","distributed","evergreenForest",40.184940,-112.529500,"WGS84",20.1,2054.5,0.1,"2014-06-19","2014-07-03","ONAQ.2014.27",14,"Y","ONAQ_012.N.20140703","Ok","Ok","Low","NEON.DOC.014050vE","qnNRlNDF2ndv9+C3oWEt5IdhKZpI37LJ",
"2056f3f1-ab48-4134-a4ce-8765aab4508a","ONAQ_007.basePlot.bet","D15","ONAQ","ONAQ_007","N","distributed","shrubScrub",40.212500,-112.467400,"WGS84",20.1,1705.7,0.1,"2014-06-19","2014-07-03","ONAQ.2014.27",14,"Y","ONAQ_007.N.20140703","Ok","Ok","Low","NEON.DOC.014050vE","xwW9faweG9yezxUGEB9quDydrYQYJWI4","Filled to 150mL PG"
"7ee9ec75-e0e7-4292-bb84-79c76ada4939","ONAQ_004.basePlot.bet","D15","ONAQ","ONAQ_004","N","distributed","shrubScrub",40.185937,-112.472482,"WGS84",20.1,1714.1,0.1,"2014-06-19","2014-07-03","ONAQ.2014.27",14,"Y","ONAQ_004.N.20140703","Ok","Ok","Low","NEON.DOC.014050vE","xwW9faweG9yezxUGEB9quDydrYQYJWI4","Filled to 150mL PG"
"bfc65661-43a8-46e6-b06f-110640cdb800","ONAQ_010.basePlot.bet","D15","ONAQ","ONAQ_010","N","distributed","evergreenForest",40.201040,-112.497100,"WGS84",20.1,1903.9,0.1,"2014-06-19","2014-07-03","ONAQ.2014.27",14,"Y","ONAQ_010.N.20140703","Ok","Ok","Low","NEON.DOC.014050vE","xwW9faweG9yezxUGEB9quDydrYQYJWI4","added 250 mL PG to cup"
"af29b866-8bc5-4b48-91c1-c2a9417c53f9","ONAQ_008.basePlot.bet","D15","ONAQ","ONAQ_008","N","distributed","evergreenForest",40.158540,-112.521600,"WGS84",20.2,1796.1,0.3,"2014-06-19","2014-07-03","ONAQ.2014.27",14,"Y","ONAQ_008.N.20140703","Ok","Ok","Low","NEON.DOC.014050vE","qnNRlNDF2ndv9+C3oWEt5IdhKZpI37LJ",
"b2232209-0722-4adc-8140-183e0c12cf40","ONAQ_005.basePlot.bet","D15","ONAQ","ONAQ_005","N","distributed","shrubScrub",40.180774,-112.431855,"WGS84",20.1,1614.7,0.1,"2014-06-19","2014-07-03","ONAQ.2014.27",14,"Y","ONAQ_005.N.20140703","Ok","Ok","Low","NEON.DOC.014050vE","xwW9faweG9yezxUGEB9quDydrYQYJWI4","added 250mL PG"
"517b1fc1-6961-4f40-9952-0f102dbe00f8","ONAQ_006.basePlot.bet","D15","ONAQ","ONAQ_006","S","distributed","evergreenForest",40.164707,-112.547061,"WGS84",20.1,2080.2,0.1,"2014-06-19","2014-07-03","ONAQ.2014.27",14,"Y","ONAQ_006.S.20140703","Ok","Ok","Low","NEON.DOC.014050vE","qnNRlNDF2ndv9+C3oWEt5IdhKZpI37LJ","something dug around trap, didn't get near cup"
"11fd4105-2a84-489f-bffa-eb5d42c12289","ONAQ_009.basePlot.bet","D15","ONAQ","ONAQ_009","S","distributed","shrubScrub",40.160803,-112.471250,"WGS84",20.1,1671.6,0.1,"2014-06-19","2014-07-03","ONAQ.2014.27",14,"Y","ONAQ_009.S.20140703","Ok","Ok","Low","NEON.DOC.014050vE","qnNRlNDF2ndv9+C3oWEt5IdhKZpI37LJ","dead lizard in trap"
"f1964dce-4f59-4f73-b69b-80793d79b5ba","ONAQ_010.basePlot.bet","D15","ONAQ","ONAQ_010","S","distributed","evergreenForest",40.201040,-112.497100,"WGS84",20.1,1903.9,0.1,"2014-06-19","2014-07-03","ONAQ.2014.27",14,"Y","ONAQ_010.S.20140703","Ok","Ok","Low","NEON.DOC.014050vE","xwW9faweG9yezxUGEB9quDydrYQYJWI4","added 250 mL PG to cup"
"7d8cd449-438d-4fe2-97b8-f0ec1847a833","ONAQ_004.basePlot.bet","D15","ONAQ","ONAQ_004","S","distributed","shrubScrub",40.185937,-112.472482,"WGS84",20.1,1714.1,0.1,"2014-06-19","2014-07-03","ONAQ.2014.27",14,"Y","ONAQ_004.S.20140703","Ok","Ok","Low","NEON.DOC.014050vE","xwW9faweG9yezxUGEB9quDydrYQYJWI4",
"4654e530-0287-4ab7-9a41-a8dd16fd61bc","ONAQ_008.basePlot.bet","D15","ONAQ","ONAQ_008","S","distributed","evergreenForest",40.158540,-112.521600,"WGS84",20.2,1796.1,0.3,"2014-06-19","2014-07-03","ONAQ.2014.27",14,"Y","ONAQ_008.S.20140703","Ok","Ok","Low","NEON.DOC.014050vE","qnNRlNDF2ndv9+C3oWEt5IdhKZpI37LJ",
"4d3fbd53-0c38-4d8b-98be-1ecf41e0a57f","ONAQ_005.basePlot.bet","D15","ONAQ","ONAQ_005","S","distributed","shrubScrub",40.180774,-112.431855,"WGS84",20.1,1614.7,0.1,"2014-06-19","2014-07-03","ONAQ.2014.27",14,"Y","ONAQ_005.S.20140703","Ok","Ok","Low","NEON.DOC.014050vE","xwW9faweG9yezxUGEB9quDydrYQYJWI4","added 150mL PG"
"3825575a-f9a4-434a-8f61-a8d0aa68613f","ONAQ_007.basePlot.bet","D15","ONAQ","ONAQ_007","S","distributed","shrubScrub",40.212500,-112.467400,"WGS84",20.1,1705.7,0.1,"2014-06-19","2014-07-03","ONAQ.2014.27",14,"Y","ONAQ_007.S.20140703","Ok","Ok","Low","NEON.DOC.014050vE","xwW9faweG9yezxUGEB9quDydrYQYJWI4","Filled to 150mL PG"
"077dc5a2-2f2c-452b-a316-939994073c49","ONAQ_012.basePlot.bet","D15","ONAQ","ONAQ_012","S","distributed","evergreenForest",40.184940,-112.529500,"WGS84",20.1,2054.5,0.1,"2014-06-19","2014-07-03","ONAQ.2014.27",14,"Y","ONAQ_012.S.20140703","Ok","Ok","Low","NEON.DOC.014050vE","qnNRlNDF2ndv9+C3oWEt5IdhKZpI37LJ",
"1c801a7d-6973-4a63-a291-4be8ede79740","ONAQ_003.basePlot.bet","D15","ONAQ","ONAQ_003","S","distributed","shrubScrub",40.205920,-112.430300,"WGS84",20.1,1610.9,0.1,"2014-06-19","2014-07-03","ONAQ.2014.27",14,"Y","ONAQ_003.S.20140703","Ok","Ok","Low","NEON.DOC.014050vE","xwW9faweG9yezxUGEB9quDydrYQYJWI4","added 150mL PG"
"cb626f0c-b5f5-4f79-b0e7-b7909b920b2c","ONAQ_002.basePlot.bet","D15","ONAQ","ONAQ_002","S","distributed","shrubScrub",40.193323,-112.464547,"WGS84",20.1,1688.4,0.2,"2014-06-19","2014-07-03","ONAQ.2014.27",14,"Y","ONAQ_002.S.20140703","Ok","Ok","Low","NEON.DOC.014050vE","xwW9faweG9yezxUGEB9quDydrYQYJWI4","added 250mL PG"
"131c844a-fbdb-490b-bc77-aec40199da8a","ONAQ_003.basePlot.bet","D15","ONAQ","ONAQ_003","W","distributed","shrubScrub",40.205920,-112.430300,"WGS84",20.1,1610.9,0.1,"2014-06-19","2014-07-03","ONAQ.2014.27",14,"Y","ONAQ_003.W.20140703","Ok","Ok","Low","NEON.DOC.014050vE","xwW9faweG9yezxUGEB9quDydrYQYJWI4","added 150mL PG"
"cba83f4f-3b4e-4ed3-9b4a-aa88e619e81e","ONAQ_008.basePlot.bet","D15","ONAQ","ONAQ_008","W","distributed","evergreenForest",40.158540,-112.521600,"WGS84",20.2,1796.1,0.3,"2014-06-19","2014-07-03","ONAQ.2014.27",14,"Y","ONAQ_008.W.20140703","Ok","Ok","Low","NEON.DOC.014050vE","qnNRlNDF2ndv9+C3oWEt5IdhKZpI37LJ",
"0c0b631a-8dca-41e4-bee3-564fe6480d0d","ONAQ_002.basePlot.bet","D15","ONAQ","ONAQ_002","W","distributed","shrubScrub",40.193323,-112.464547,"WGS84",20.1,1688.4,0.2,"2014-06-19","2014-07-03","ONAQ.2014.27",14,"Y","ONAQ_002.W.20140703","Ok","Ok","Low","NEON.DOC.014050vE","xwW9faweG9yezxUGEB9quDydrYQYJWI4","added 250mL PG"
"5295f3a1-6efb-4f81-8f40-59b4a86a8771","ONAQ_005.basePlot.bet","D15","ONAQ","ONAQ_005","W","distributed","shrubScrub",40.180774,-112.431855,"WGS84",20.1,1614.7,0.1,"2014-06-19","2014-07-03","ONAQ.2014.27",14,"Y","ONAQ_005.W.20140703","Ok","Ok","Low","NEON.DOC.014050vE","xwW9faweG9yezxUGEB9quDydrYQYJWI4","added 150mL PG"
"264db144-1ed5-4776-b7ea-e7d7b17461be","ONAQ_012.basePlot.bet","D15","ONAQ","ONAQ_012","W","distributed","evergreenForest",40.184940,-112.529500,"WGS84",20.1,2054.5,0.1,"2014-06-19","2014-07-03","ONAQ.2014.27",14,"Y","ONAQ_012.W.20140703","Ok","Ok","Low","NEON.DOC.014050vE","qnNRlNDF2ndv9+C3oWEt5IdhKZpI37LJ",
"825cc5d0-242b-4842-a6a6-9afc6e096899","ONAQ_007.basePlot.bet","D15","ONAQ","ONAQ_007","W","distributed","shrubScrub",40.212500,-112.467400,"WGS84",20.1,1705.7,0.1,"2014-06-19","2014-07-03","ONAQ.2014.27",14,"Y","ONAQ_007.W.20140703","Ok","Ok","Low","NEON.DOC.014050vE","xwW9faweG9yezxUGEB9quDydrYQYJWI4","Filled to 150mL PG"
"f3ecd31a-13b8-4ec9-a3dd-1f012a4c2d66","ONAQ_006.basePlot.bet","D15","ONAQ","ONAQ_006","W","distributed","evergreenForest",40.164707,-112.547061,"WGS84",20.1,2080.2,0.1,"2014-06-19","2014-07-03","ONAQ.2014.27",14,"Y","ONAQ_006.W.20140703","Ok","Ok","Low","NEON.DOC.014050vE","qnNRlNDF2ndv9+C3oWEt5IdhKZpI37LJ",
"dca1875d-8b85-46ea-9e2f-9afa80bbcbaf","ONAQ_004.basePlot.bet","D15","ONAQ","ONAQ_004","W","distributed","shrubScrub",40.185937,-112.472482,"WGS84",20.1,1714.1,0.1,"2014-06-19","2014-07-03","ONAQ.2014.27",14,"Y","ONAQ_004.W.20140703","Ok","Ok","Low","NEON.DOC.014050vE","xwW9faweG9yezxUGEB9quDydrYQYJWI4","Filled to 150mL PG"
"2d9f1a49-25de-4aab-b318-85abba3ededd","ONAQ_009.basePlot.bet","D15","ONAQ","ONAQ_009","W","distributed","shrubScrub",40.160803,-112.471250,"WGS84",20.1,1671.6,0.1,"2014-06-19","2014-07-03","ONAQ.2014.27",14,"Y","ONAQ_009.W.20140703","Ok","Ok","Low","NEON.DOC.014050vE","qnNRlNDF2ndv9+C3oWEt5IdhKZpI37LJ",
"ae989ff5-ae7b-4db5-bf54-600bf9b84643","ONAQ_008.basePlot.bet","D15","ONAQ","ONAQ_008","E","distributed","evergreenForest",40.158540,-112.521600,"WGS84",20.2,1796.1,0.3,"2014-06-19","2014-07-03","ONAQ.2014.27",14,"Y","ONAQ_008.E.20140703","Ok","Ok","Low","NEON.DOC.014050vE","qnNRlNDF2ndv9+C3oWEt5IdhKZpI37LJ",
"673a4209-4796-4f97-88b6-b7be512a61fc","ONAQ_002.basePlot.bet","D15","ONAQ","ONAQ_002","S","distributed","shrubScrub",40.193323,-112.464547,"WGS84",20.1,1688.4,0.2,"2014-07-03","2014-07-17","ONAQ.2014.29",14,"Y","ONAQ_002.S.20140717","Ok","Ok","Low","NEON.DOC.014050vE","B5YzZg28369xWGye0Wf9qxMwC1Zdm1gM",
"ef9d6285-872a-4c4b-be73-d95994838405","ONAQ_007.basePlot.bet","D15","ONAQ","ONAQ_007","S","distributed","shrubScrub",40.212500,-112.467400,"WGS84",20.1,1705.7,0.1,"2014-07-03","2014-07-17","ONAQ.2014.29",14,"Y","ONAQ_007.S.20140717","Ok","Ok","Low","NEON.DOC.014050vE","B5YzZg28369xWGye0Wf9qxMwC1Zdm1gM",
"0efce968-a614-4f01-bce2-c51a5372ecb6","ONAQ_010.basePlot.bet","D15","ONAQ","ONAQ_010","S","distributed","evergreenForest",40.201040,-112.497100,"WGS84",20.1,1903.9,0.1,"2014-07-03","2014-07-17","ONAQ.2014.29",14,"Y","ONAQ_010.S.20140717","Ok","Ok","Low","NEON.DOC.014050vE","B5YzZg28369xWGye0Wf9qxMwC1Zdm1gM",
"4ced6c8a-ac21-43aa-b3b5-7f724b70844a","ONAQ_008.basePlot.bet","D15","ONAQ","ONAQ_008","S","distributed","evergreenForest",40.158540,-112.521600,"WGS84",20.2,1796.1,0.3,"2014-07-03","2014-07-17","ONAQ.2014.29",14,"Y","ONAQ_008.S.20140717","Ok","Ok","Ok","NEON.DOC.014050vE","qnNRlNDF2ndv9+C3oWEt5IdhKZpI37LJ",
"c7ed53e8-1966-427a-bb07-c383875f2aec","ONAQ_005.basePlot.bet","D15","ONAQ","ONAQ_005","S","distributed","shrubScrub",40.180774,-112.431855,"WGS84",20.1,1614.7,0.1,"2014-07-03","2014-07-17","ONAQ.2014.29",14,"Y","ONAQ_005.S.20140717","Ok","Ok","Low","NEON.DOC.014050vE","B5YzZg28369xWGye0Wf9qxMwC1Zdm1gM",
"1f9467cc-46c7-47fe-8437-a3d3e863d800","ONAQ_012.basePlot.bet","D15","ONAQ","ONAQ_012","S","distributed","evergreenForest",40.184940,-112.529500,"WGS84",20.1,2054.5,0.1,"2014-07-03","2014-07-17","ONAQ.2014.29",14,"Y","ONAQ_012.S.20140717","Ok","Ok","Ok","NEON.DOC.014050vE","qnNRlNDF2ndv9+C3oWEt5IdhKZpI37LJ",
"9a92d830-9ad4-46cb-96a7-d1ead1b7c619","ONAQ_007.basePlot.bet","D15","ONAQ","ONAQ_007","W","distributed","shrubScrub",40.212500,-112.467400,"WGS84",20.1,1705.7,0.1,"2014-07-03","2014-07-17","ONAQ.2014.29",14,"Y","ONAQ_007.W.20140717","Ok","Ok","Low","NEON.DOC.014050vE","B5YzZg28369xWGye0Wf9qxMwC1Zdm1gM",
"ecd59e20-2e63-4b75-a5bc-7b78d24d232c","ONAQ_012.basePlot.bet","D15","ONAQ","ONAQ_012","W","distributed","evergreenForest",40.184940,-112.529500,"WGS84",20.1,2054.5,0.1,"2014-07-03","2014-07-17","ONAQ.2014.29",14,"Y","ONAQ_012.W.20140717","Ok","Ok","Ok","NEON.DOC.014050vE","qnNRlNDF2ndv9+C3oWEt5IdhKZpI37LJ",
"2b17bb0e-e14a-4bbd-8295-37166b1f2185","ONAQ_004.basePlot.bet","D15","ONAQ","ONAQ_004","W","distributed","shrubScrub",40.185937,-112.472482,"WGS84",20.1,1714.1,0.1,"2014-07-03","2014-07-17","ONAQ.2014.29",14,"Y","ONAQ_004.W.20140717","Ok","Ok","Low","NEON.DOC.014050vE","B5YzZg28369xWGye0Wf9qxMwC1Zdm1gM",
"48262086-8163-4208-ba0b-a979d0d03f3e","ONAQ_009.basePlot.bet","D15","ONAQ","ONAQ_009","W","distributed","shrubScrub",40.160803,-112.471250,"WGS84",20.1,1671.6,0.1,"2014-07-03","2014-07-17","ONAQ.2014.29",14,"Y","ONAQ_009.W.20140717","Ok","Ok","Low","NEON.DOC.014050vE","qnNRlNDF2ndv9+C3oWEt5IdhKZpI37LJ",
"1619c8e3-dfd5-49e2-8a58-f22f9623cd40","ONAQ_010.basePlot.bet","D15","ONAQ","ONAQ_010","W","distributed","evergreenForest",40.201040,-112.497100,"WGS84",20.1,1903.9,0.1,"2014-07-03","2014-07-17","ONAQ.2014.29",14,"Y","ONAQ_010.W.20140717","Ok","Ok","Low","NEON.DOC.014050vE","B5YzZg28369xWGye0Wf9qxMwC1Zdm1gM",
"c5994a2b-62c0-44bc-921e-367852b7b2a2","ONAQ_006.basePlot.bet","D15","ONAQ","ONAQ_006","W","distributed","evergreenForest",40.164707,-112.547061,"WGS84",20.1,2080.2,0.1,"2014-07-03","2014-07-17","ONAQ.2014.29",14,"Y","ONAQ_006.W.20140717","Ok","Ok","Ok","NEON.DOC.014050vE","qnNRlNDF2ndv9+C3oWEt5IdhKZpI37LJ",
"d58dee16-3643-41d2-bf9d-738a9f23876b","ONAQ_005.basePlot.bet","D15","ONAQ","ONAQ_005","W","distributed","shrubScrub",40.180774,-112.431855,"WGS84",20.1,1614.7,0.1,"2014-07-03","2014-07-17","ONAQ.2014.29",14,"Y","ONAQ_005.W.20140717","Ok","Ok","Low","NEON.DOC.014050vE","B5YzZg28369xWGye0Wf9qxMwC1Zdm1gM",
"db77c412-3664-4220-84c4-c4cebadb21b1","ONAQ_008.basePlot.bet","D15","ONAQ","ONAQ_008","W","distributed","evergreenForest",40.158540,-112.521600,"WGS84",20.2,1796.1,0.3,"2014-07-03","2014-07-17","ONAQ.2014.29",14,"Y","ONAQ_008.W.20140717","Ok","Ok","Ok","NEON.DOC.014050vE","qnNRlNDF2ndv9+C3oWEt5IdhKZpI37LJ",
"198043b4-008c-46bd-90c2-a0631db67420","ONAQ_003.basePlot.bet","D15","ONAQ","ONAQ_003","W","distributed","shrubScrub",40.205920,-112.430300,"WGS84",20.1,1610.9,0.1,"2014-07-03","2014-07-17","ONAQ.2014.29",14,"Y","ONAQ_003.W.20140717","Ok","Ok","Low","NEON.DOC.014050vE","B5YzZg28369xWGye0Wf9qxMwC1Zdm1gM",
"903aa61b-c30f-4412-9d46-5546f601d16e","ONAQ_002.basePlot.bet","D15","ONAQ","ONAQ_002","W","distributed","shrubScrub",40.193323,-112.464547,"WGS84",20.1,1688.4,0.2,"2014-07-03","2014-07-17","ONAQ.2014.29",14,"Y","ONAQ_002.W.20140717","Ok","Ok","Low","NEON.DOC.014050vE","B5YzZg28369xWGye0Wf9qxMwC1Zdm1gM",
"98a67979-85a0-4bc4-9a3a-5ebccf1b4dc2","ONAQ_008.basePlot.bet","D15","ONAQ","ONAQ_008","E","distributed","evergreenForest",40.158540,-112.521600,"WGS84",20.2,1796.1,0.3,"2014-07-03","2014-07-17","ONAQ.2014.29",14,"Y","ONAQ_008.E.20140717","Ok","Ok","Ok","NEON.DOC.014050vE","qnNRlNDF2ndv9+C3oWEt5IdhKZpI37LJ",
"59f4b344-b37d-4cc8-9f28-b5db7af2cf37","ONAQ_010.basePlot.bet","D15","ONAQ","ONAQ_010","E","distributed","evergreenForest",40.201040,-112.497100,"WGS84",20.1,1903.9,0.1,"2014-07-03","2014-07-17","ONAQ.2014.29",14,"Y","ONAQ_010.E.20140717","Ok","Ok","Low","NEON.DOC.014050vE","B5YzZg28369xWGye0Wf9qxMwC1Zdm1gM",
"ef0a42aa-3f6e-4382-8b94-8b5e0b372948","ONAQ_003.basePlot.bet","D15","ONAQ","ONAQ_003","E","distributed","shrubScrub",40.205920,-112.430300,"WGS84",20.1,1610.9,0.1,"2014-07-03","2014-07-17","ONAQ.2014.29",14,"Y","ONAQ_003.E.20140717","Ok","Ok","Low","NEON.DOC.014050vE","B5YzZg28369xWGye0Wf9qxMwC1Zdm1gM",
"143c6a71-3885-4a4b-a4da-8ee5cd9e2e71","ONAQ_005.basePlot.bet","D15","ONAQ","ONAQ_005","E","distributed","shrubScrub",40.180774,-112.431855,"WGS84",20.1,1614.7,0.1,"2014-07-03","2014-07-17","ONAQ.2014.29",14,"Y","ONAQ_005.E.20140717","Ok","Ok","Low","NEON.DOC.014050vE","B5YzZg28369xWGye0Wf9qxMwC1Zdm1gM",
"157ca1a8-4f45-413b-8892-832a8901572c","ONAQ_002.basePlot.bet","D15","ONAQ","ONAQ_002","E","distributed","shrubScrub",40.193323,-112.464547,"WGS84",20.1,1688.4,0.2,"2014-07-03","2014-07-17","ONAQ.2014.29",14,"Y","ONAQ_002.E.20140717","Ok","Ok","Low","NEON.DOC.014050vE","B5YzZg28369xWGye0Wf9qxMwC1Zdm1gM",
"17036fee-9908-4db4-b225-5c2efa6a3943","ONAQ_007.basePlot.bet","D15","ONAQ","ONAQ_007","E","distributed","shrubScrub",40.212500,-112.467400,"WGS84",20.1,1705.7,0.1,"2014-07-03","2014-07-17","ONAQ.2014.29",14,"Y","ONAQ_007.E.20140717","Ok","Ok","Low","NEON.DOC.014050vE","B5YzZg28369xWGye0Wf9qxMwC1Zdm1gM",
"c6c27a57-8894-4edc-9703-31708d242185","ONAQ_006.basePlot.bet","D15","ONAQ","ONAQ_006","E","distributed","evergreenForest",40.164707,-112.547061,"WGS84",20.1,2080.2,0.1,"2014-07-03","2014-07-17","ONAQ.2014.29",14,"Y","ONAQ_006.E.20140717","Ok","Ok","Ok","NEON.DOC.014050vE","qnNRlNDF2ndv9+C3oWEt5IdhKZpI37LJ","spilled small amount of contents while rinsing- recovered all specimens"
"9062da84-5860-4cb7-90bb-368e7402accf","ONAQ_004.basePlot.bet","D15","ONAQ","ONAQ_004","E","distributed","shrubScrub",40.185937,-112.472482,"WGS84",20.1,1714.1,0.1,"2014-07-03","2014-07-17","ONAQ.2014.29",14,"Y","ONAQ_004.E.20140717","Ok","Ok","Low","NEON.DOC.014050vE","B5YzZg28369xWGye0Wf9qxMwC1Zdm1gM",
"e8569eab-de3d-4e0a-8590-a5561be82c2b","ONAQ_012.basePlot.bet","D15","ONAQ","ONAQ_012","E","distributed","evergreenForest",40.184940,-112.529500,"WGS84",20.1,2054.5,0.1,"2014-07-03","2014-07-17","ONAQ.2014.29",14,"Y","ONAQ_012.E.20140717","Ok","Ok","Ok","NEON.DOC.014050vE","qnNRlNDF2ndv9+C3oWEt5IdhKZpI37LJ",
"45e769ee-2455-4c13-9268-4bc154e98e82","ONAQ_009.basePlot.bet","D15","ONAQ","ONAQ_009","E","distributed","shrubScrub",40.160803,-112.471250,"WGS84",20.1,1671.6,0.1,"2014-07-03","2014-07-17","ONAQ.2014.29",14,"Y","ONAQ_009.E.20140717","Ok","Ok","Ok","NEON.DOC.014050vE","qnNRlNDF2ndv9+C3oWEt5IdhKZpI37LJ",
"3705e47d-173c-4939-b7d9-0fa2656dcfdc","ONAQ_010.basePlot.bet","D15","ONAQ","ONAQ_010","N","distributed","evergreenForest",40.201040,-112.497100,"WGS84",20.1,1903.9,0.1,"2014-07-03","2014-07-17","ONAQ.2014.29",14,"Y","ONAQ_010.N.20140717","Ok","Ok","Low","NEON.DOC.014050vE","B5YzZg28369xWGye0Wf9qxMwC1Zdm1gM",
"9735bfc5-bea5-4748-b2e8-f5c57a48428c","ONAQ_002.basePlot.bet","D15","ONAQ","ONAQ_002","N","distributed","shrubScrub",40.193323,-112.464547,"WGS84",20.1,1688.4,0.2,"2014-07-03","2014-07-17","ONAQ.2014.29",14,"Y","ONAQ_002.N.20140717","Ok","Ok","Low","NEON.DOC.014050vE","B5YzZg28369xWGye0Wf9qxMwC1Zdm1gM",
"812249cc-5c87-4a01-a151-2f479f46bf08","ONAQ_003.basePlot.bet","D15","ONAQ","ONAQ_003","N","distributed","shrubScrub",40.205920,-112.430300,"WGS84",20.1,1610.9,0.1,"2014-07-03","2014-07-17","ONAQ.2014.29",14,"Y","ONAQ_003.N.20140717","Ok","Ok","Low","NEON.DOC.014050vE","B5YzZg28369xWGye0Wf9qxMwC1Zdm1gM",
"e1fde725-8df0-42d7-823b-0de8fe4e7cef","ONAQ_005.basePlot.bet","D15","ONAQ","ONAQ_005","N","distributed","shrubScrub",40.180774,-112.431855,"WGS84",20.1,1614.7,0.1,"2014-07-03","2014-07-17","ONAQ.2014.29",14,"Y","ONAQ_005.N.20140717","Ok","Ok","Low","NEON.DOC.014050vE","B5YzZg28369xWGye0Wf9qxMwC1Zdm1gM",
"5eefc3b1-959f-44ef-bdcf-a08965ef2866","ONAQ_012.basePlot.bet","D15","ONAQ","ONAQ_012","N","distributed","evergreenForest",40.184940,-112.529500,"WGS84",20.1,2054.5,0.1,"2014-07-03","2014-07-17","ONAQ.2014.29",14,"Y","ONAQ_012.N.20140717","Ok","Ok","Ok","NEON.DOC.014050vE","qnNRlNDF2ndv9+C3oWEt5IdhKZpI37LJ",
"7c5b7296-6374-4310-b23e-722827896062","ONAQ_006.basePlot.bet","D15","ONAQ","ONAQ_006","N","distributed","evergreenForest",40.164707,-112.547061,"WGS84",20.1,2080.2,0.1,"2014-07-03","2014-07-17","ONAQ.2014.29",14,"Y","ONAQ_006.N.20140717","Ok","Ok","Ok","NEON.DOC.014050vE","qnNRlNDF2ndv9+C3oWEt5IdhKZpI37LJ",
"296f399e-8585-4b6b-9909-ad545c555de8","ONAQ_007.basePlot.bet","D15","ONAQ","ONAQ_007","N","distributed","shrubScrub",40.212500,-112.467400,"WGS84",20.1,1705.7,0.1,"2014-07-03","2014-07-17","ONAQ.2014.29",14,"Y","ONAQ_007.N.20140717","Ok","Ok","Low","NEON.DOC.014050vE","B5YzZg28369xWGye0Wf9qxMwC1Zdm1gM",
"608155a2-c722-482d-ab9a-0fe3c07bd5c4","ONAQ_009.basePlot.bet","D15","ONAQ","ONAQ_009","N","distributed","shrubScrub",40.160803,-112.471250,"WGS84",20.1,1671.6,0.1,"2014-07-03","2014-07-17","ONAQ.2014.29",14,"Y","ONAQ_009.N.20140717","Ok","Ok","Low","NEON.DOC.014050vE","qnNRlNDF2ndv9+C3oWEt5IdhKZpI37LJ",
"396d8775-2056-4dba-b310-7cb2f97fec1c","ONAQ_004.basePlot.bet","D15","ONAQ","ONAQ_004","N","distributed","shrubScrub",40.185937,-112.472482,"WGS84",20.1,1714.1,0.1,"2014-07-03","2014-07-17","ONAQ.2014.29",14,"Y","ONAQ_004.N.20140717","Ok","Ok","Low","NEON.DOC.014050vE","B5YzZg28369xWGye0Wf9qxMwC1Zdm1gM",
"8a7dfe92-beae-4d4e-ab6b-bde510ada0dc","ONAQ_008.basePlot.bet","D15","ONAQ","ONAQ_008","N","distributed","evergreenForest",40.158540,-112.521600,"WGS84",20.2,1796.1,0.3,"2014-07-03","2014-07-17","ONAQ.2014.29",14,"Y","ONAQ_008.N.20140717","Ok","Ok","Ok","NEON.DOC.014050vE","qnNRlNDF2ndv9+C3oWEt5IdhKZpI37LJ",
"b99687ef-8598-4b4c-a7e3-a636896a87d3","ONAQ_006.basePlot.bet","D15","ONAQ","ONAQ_006","S","distributed","evergreenForest",40.164707,-112.547061,"WGS84",20.1,2080.2,0.1,"2014-07-03","2014-07-17","ONAQ.2014.29",14,"Y","ONAQ_006.S.20140717","Disturbed","Ok","Ok","NEON.DOC.014050vE","qnNRlNDF2ndv9+C3oWEt5IdhKZpI37LJ",
"681c77e7-b2c0-4535-b39a-8e99788ab74e","ONAQ_003.basePlot.bet","D15","ONAQ","ONAQ_003","S","distributed","shrubScrub",40.205920,-112.430300,"WGS84",20.1,1610.9,0.1,"2014-07-03","2014-07-17","ONAQ.2014.29",14,"Y","ONAQ_003.S.20140717","Ok","Ok","Low","NEON.DOC.014050vE","B5YzZg28369xWGye0Wf9qxMwC1Zdm1gM",
"1772404f-4e4b-4faa-951d-ce3f83d13c50","ONAQ_004.basePlot.bet","D15","ONAQ","ONAQ_004","S","distributed","shrubScrub",40.185937,-112.472482,"WGS84",20.1,1714.1,0.1,"2014-07-03","2014-07-17","ONAQ.2014.29",14,"Y","ONAQ_004.S.20140717","Ok","Ok","Low","NEON.DOC.014050vE","B5YzZg28369xWGye0Wf9qxMwC1Zdm1gM",
"5759ceff-6870-401a-80a8-72e810312f45","ONAQ_009.basePlot.bet","D15","ONAQ","ONAQ_009","S","distributed","shrubScrub",40.160803,-112.471250,"WGS84",20.1,1671.6,0.1,"2014-07-03","2014-07-17","ONAQ.2014.29",14,"Y","ONAQ_009.S.20140717","Ok","Ok","Ok","NEON.DOC.014050vE","qnNRlNDF2ndv9+C3oWEt5IdhKZpI37LJ",
"7ba8a3e4-0d33-499e-8f10-7e68e0b2ba06","ONAQ_009.basePlot.bet","D15","ONAQ","ONAQ_009","E","distributed","shrubScrub",40.160803,-112.471250,"WGS84",20.1,1671.6,0.1,"2014-07-17","2014-07-31","ONAQ.2014.31",14,"Y","ONAQ_009.E.20140731","Ok","Ok","Low","NEON.DOC.014050vE","xwW9faweG9yezxUGEB9quDydrYQYJWI4","added 250mL PG"
"81069616-2801-4314-9092-841da24e66a9","ONAQ_010.basePlot.bet","D15","ONAQ","ONAQ_010","W","distributed","evergreenForest",40.201040,-112.497100,"WGS84",20.1,1903.9,0.1,"2014-07-17","2014-07-31","ONAQ.2014.31",14,"Y","ONAQ_010.W.20140731","Ok","Ok","Low","NEON.DOC.014050vE","xwW9faweG9yezxUGEB9quDydrYQYJWI4","added 250mL PG"
"05bd40e4-1ef6-47dc-847d-4c1cbb37e87d","ONAQ_010.basePlot.bet","D15","ONAQ","ONAQ_010","E","distributed","evergreenForest",40.201040,-112.497100,"WGS84",20.1,1903.9,0.1,"2014-07-17","2014-07-31","ONAQ.2014.31",14,"Y","ONAQ_010.E.20140731","Ok","Ok","Low","NEON.DOC.014050vE","xwW9faweG9yezxUGEB9quDydrYQYJWI4","added 250mL PG"
"943a596e-a81d-4bca-a45e-40eb2591afcd","ONAQ_004.basePlot.bet","D15","ONAQ","ONAQ_004","E","distributed","shrubScrub",40.185937,-112.472482,"WGS84",20.1,1714.1,0.1,"2014-07-17","2014-07-31","ONAQ.2014.31",14,"Y","ONAQ_004.E.20140731","Ok","Ok","Low","NEON.DOC.014050vE","xwW9faweG9yezxUGEB9quDydrYQYJWI4","added 250mL PG"
"cb57eb12-0f10-4acc-999f-491d81ff943b","ONAQ_007.basePlot.bet","D15","ONAQ","ONAQ_007","E","distributed","shrubScrub",40.212500,-112.467400,"WGS84",20.1,1705.7,0.1,"2014-07-17","2014-07-31","ONAQ.2014.31",14,"Y","ONAQ_007.E.20140731","Ok","Ok","Ok","NEON.DOC.014050vE","wsPgf8Zw9fJKymWy47Zkre6IykLRH3+g",
"ebd30c2b-8745-49fe-9240-c251b857c5c9","ONAQ_006.basePlot.bet","D15","ONAQ","ONAQ_006","E","distributed","evergreenForest",40.164707,-112.547061,"WGS84",20.1,2080.2,0.1,"2014-07-17","2014-07-31","ONAQ.2014.31",14,"Y","ONAQ_006.E.20140731","Ok","Ok","Low","NEON.DOC.014050vE","qnNRlNDF2ndv9+C3oWEt5IdhKZpI37LJ",
"a5b86e9c-2049-44d2-a880-a2861a30730a","ONAQ_012.basePlot.bet","D15","ONAQ","ONAQ_012","E","distributed","evergreenForest",40.184940,-112.529500,"WGS84",20.1,2054.5,0.1,"2014-07-17","2014-07-31","ONAQ.2014.31",14,"Y","ONAQ_012.E.20140731","Ok","Ok","Ok","NEON.DOC.014050vE","qnNRlNDF2ndv9+C3oWEt5IdhKZpI37LJ",
"42caa3fc-e0bf-4025-a16c-0bfdb6e56e6d","ONAQ_005.basePlot.bet","D15","ONAQ","ONAQ_005","E","distributed","shrubScrub",40.180774,-112.431855,"WGS84",20.1,1614.7,0.1,"2014-07-17","2014-07-31","ONAQ.2014.31",14,"Y","ONAQ_005.E.20140731","Ok","Ok","Ok","NEON.DOC.014050vE","wsPgf8Zw9fJKymWy47Zkre6IykLRH3+g",
"b9058f97-5dac-4291-be3a-ad696ef3ab88","ONAQ_002.basePlot.bet","D15","ONAQ","ONAQ_002","E","distributed","shrubScrub",40.193323,-112.464547,"WGS84",20.1,1688.4,0.2,"2014-07-17","2014-07-31","ONAQ.2014.31",14,"Y","ONAQ_002.E.20140731","Ok","Ok","Ok","NEON.DOC.014050vE","wsPgf8Zw9fJKymWy47Zkre6IykLRH3+g",
"1b586844-efec-40c4-818a-f683d4d0bc27","ONAQ_003.basePlot.bet","D15","ONAQ","ONAQ_003","E","distributed","shrubScrub",40.205920,-112.430300,"WGS84",20.1,1610.9,0.1,"2014-07-17","2014-07-31","ONAQ.2014.31",14,"Y","ONAQ_003.E.20140731","Ok","Ok","Ok","NEON.DOC.014050vE","wsPgf8Zw9fJKymWy47Zkre6IykLRH3+g",
"3de2d39b-8c5d-4a66-9be1-a96f3e116352","ONAQ_002.basePlot.bet","D15","ONAQ","ONAQ_002","N","distributed","shrubScrub",40.193323,-112.464547,"WGS84",20.1,1688.4,0.2,"2014-07-17","2014-07-31","ONAQ.2014.31",14,"Y","ONAQ_002.N.20140731","Ok","Ok","Ok","NEON.DOC.014050vE","wsPgf8Zw9fJKymWy47Zkre6IykLRH3+g",
"5f3477db-c6a7-4562-a045-e043c442d9f1","ONAQ_010.basePlot.bet","D15","ONAQ","ONAQ_010","N","distributed","evergreenForest",40.201040,-112.497100,"WGS84",20.1,1903.9,0.1,"2014-07-17","2014-07-31","ONAQ.2014.31",14,"Y","ONAQ_010.N.20140731","Ok","Ok","Low","NEON.DOC.014050vE","xwW9faweG9yezxUGEB9quDydrYQYJWI4","added 250mL PG"
"ff47fbc9-babe-4a97-b954-c6bd92067eda","ONAQ_009.basePlot.bet","D15","ONAQ","ONAQ_009","N","distributed","shrubScrub",40.160803,-112.471250,"WGS84",20.1,1671.6,0.1,"2014-07-17","2014-07-31","ONAQ.2014.31",14,"Y","ONAQ_009.N.20140731","Ok","Ok","Low","NEON.DOC.014050vE","xwW9faweG9yezxUGEB9quDydrYQYJWI4","added 250mL PG"
"eb9875f5-b107-44c5-a4d7-30536fcb2618","ONAQ_007.basePlot.bet","D15","ONAQ","ONAQ_007","N","distributed","shrubScrub",40.212500,-112.467400,"WGS84",20.1,1705.7,0.1,"2014-07-17","2014-07-31","ONAQ.2014.31",14,"Y","ONAQ_007.N.20140731","Ok","Ok","Ok","NEON.DOC.014050vE","wsPgf8Zw9fJKymWy47Zkre6IykLRH3+g",
"70767047-52e7-464e-92e8-c817cdd7afeb","ONAQ_006.basePlot.bet","D15","ONAQ","ONAQ_006","N","distributed","evergreenForest",40.164707,-112.547061,"WGS84",20.1,2080.2,0.1,"2014-07-17","2014-07-31","ONAQ.2014.31",14,"Y","ONAQ_006.N.20140731","Ok","Ok","Ok","NEON.DOC.014050vE","qnNRlNDF2ndv9+C3oWEt5IdhKZpI37LJ",
"976ee643-bc51-4baf-91ff-d9176442924f","ONAQ_012.basePlot.bet","D15","ONAQ","ONAQ_012","N","distributed","evergreenForest",40.184940,-112.529500,"WGS84",20.1,2054.5,0.1,"2014-07-17","2014-07-31","ONAQ.2014.31",14,"Y","ONAQ_012.N.20140731","Ok","Ok","Ok","NEON.DOC.014050vE","qnNRlNDF2ndv9+C3oWEt5IdhKZpI37LJ",
"92454421-39b0-4815-91c5-3d26909e5fa9","ONAQ_005.basePlot.bet","D15","ONAQ","ONAQ_005","N","distributed","shrubScrub",40.180774,-112.431855,"WGS84",20.1,1614.7,0.1,"2014-07-17","2014-07-31","ONAQ.2014.31",14,"Y","ONAQ_005.N.20140731","Ok","Ok","Ok","NEON.DOC.014050vE","wsPgf8Zw9fJKymWy47Zkre6IykLRH3+g",
"9e12acc3-c559-4e9d-8179-b754e1db26c7","ONAQ_003.basePlot.bet","D15","ONAQ","ONAQ_003","N","distributed","shrubScrub",40.205920,-112.430300,"WGS84",20.1,1610.9,0.1,"2014-07-17","2014-07-31","ONAQ.2014.31",14,"Y","ONAQ_003.N.20140731","Ok","Ok","Low","NEON.DOC.014050vE","wsPgf8Zw9fJKymWy47Zkre6IykLRH3+g",
"e4ba9873-30a8-476b-8db2-5751097dbe42","ONAQ_008.basePlot.bet","D15","ONAQ","ONAQ_008","N","distributed","evergreenForest",40.158540,-112.521600,"WGS84",20.2,1796.1,0.3,"2014-07-17","2014-07-31","ONAQ.2014.31",14,"Y","ONAQ_008.N.20140731","Ok","Ok","Low","NEON.DOC.014050vE","xwW9faweG9yezxUGEB9quDydrYQYJWI4","added 250mL PG"
"51d8d043-69cd-4dc3-9c59-42ef16e90c08","ONAQ_004.basePlot.bet","D15","ONAQ","ONAQ_004","N","distributed","shrubScrub",40.185937,-112.472482,"WGS84",20.1,1714.1,0.1,"2014-07-17","2014-07-31","ONAQ.2014.31",14,"Y","ONAQ_004.N.20140731","Ok","Ok","Low","NEON.DOC.014050vE","xwW9faweG9yezxUGEB9quDydrYQYJWI4","added 250mL PG"
"790980e9-8865-424e-95cf-6efd31a8c73a","ONAQ_004.basePlot.bet","D15","ONAQ","ONAQ_004","S","distributed","shrubScrub",40.185937,-112.472482,"WGS84",20.1,1714.1,0.1,"2014-07-17","2014-07-31","ONAQ.2014.31",14,"Y","ONAQ_004.S.20140731","Ok","Ok","Low","NEON.DOC.014050vE","xwW9faweG9yezxUGEB9quDydrYQYJWI4","added 250mL PG"
"fe212f51-e2e0-4933-b9e4-164cef3c86e8","ONAQ_009.basePlot.bet","D15","ONAQ","ONAQ_009","S","distributed","shrubScrub",40.160803,-112.471250,"WGS84",20.1,1671.6,0.1,"2014-07-17","2014-07-31","ONAQ.2014.31",14,"Y","ONAQ_009.S.20140731","Ok","Ok","Low","NEON.DOC.014050vE","xwW9faweG9yezxUGEB9quDydrYQYJWI4","added 250mL PG"
"f062baa3-3d78-48a3-883f-1dc4abc0b3a1","ONAQ_010.basePlot.bet","D15","ONAQ","ONAQ_010","S","distributed","evergreenForest",40.201040,-112.497100,"WGS84",20.1,1903.9,0.1,"2014-07-17","2014-07-31","ONAQ.2014.31",14,"Y","ONAQ_010.S.20140731","Ok","Ok","Low","NEON.DOC.014050vE","xwW9faweG9yezxUGEB9quDydrYQYJWI4","added 250mL PG"
"d2358819-366b-49ac-84f6-3f7ad10fe5cc","ONAQ_007.basePlot.bet","D15","ONAQ","ONAQ_007","S","distributed","shrubScrub",40.212500,-112.467400,"WGS84",20.1,1705.7,0.1,"2014-07-17","2014-07-31","ONAQ.2014.31",14,"Y","ONAQ_007.S.20140731","Ok","Ok","Ok","NEON.DOC.014050vE","wsPgf8Zw9fJKymWy47Zkre6IykLRH3+g",
"ba03a63c-1de1-4ca4-9826-f40680c16308","ONAQ_006.basePlot.bet","D15","ONAQ","ONAQ_006","S","distributed","evergreenForest",40.164707,-112.547061,"WGS84",20.1,2080.2,0.1,"2014-07-17","2014-07-31","ONAQ.2014.31",14,"Y","ONAQ_006.S.20140731","Ok","Ok","Ok","NEON.DOC.014050vE","qnNRlNDF2ndv9+C3oWEt5IdhKZpI37LJ",
"7b0c1490-f100-48cf-ab52-3bc6eca2721d","ONAQ_012.basePlot.bet","D15","ONAQ","ONAQ_012","S","distributed","evergreenForest",40.184940,-112.529500,"WGS84",20.1,2054.5,0.1,"2014-07-17","2014-07-31","ONAQ.2014.31",14,"Y","ONAQ_012.S.20140731","Ok","Ok","Low","NEON.DOC.014050vE","qnNRlNDF2ndv9+C3oWEt5IdhKZpI37LJ",
"f2eccbbb-cb3a-4d5a-a7e2-772f9bc12c0a","ONAQ_005.basePlot.bet","D15","ONAQ","ONAQ_005","S","distributed","shrubScrub",40.180774,-112.431855,"WGS84",20.1,1614.7,0.1,"2014-07-17","2014-07-31","ONAQ.2014.31",14,"Y","ONAQ_005.S.20140731","Ok","Ok","Low","NEON.DOC.014050vE","wsPgf8Zw9fJKymWy47Zkre6IykLRH3+g",
"6f5cfa41-2781-450d-88b9-3077d5ae4c81","ONAQ_002.basePlot.bet","D15","ONAQ","ONAQ_002","S","distributed","shrubScrub",40.193323,-112.464547,"WGS84",20.1,1688.4,0.2,"2014-07-17","2014-07-31","ONAQ.2014.31",14,"Y","ONAQ_002.S.20140731","Ok","Ok","Low","NEON.DOC.014050vE","wsPgf8Zw9fJKymWy47Zkre6IykLRH3+g",
"8a4c378c-8cad-4f86-bc49-33b642e04029","ONAQ_003.basePlot.bet","D15","ONAQ","ONAQ_003","S","distributed","shrubScrub",40.205920,-112.430300,"WGS84",20.1,1610.9,0.1,"2014-07-17","2014-07-31","ONAQ.2014.31",14,"Y","ONAQ_003.S.20140731","Ok","Ok","Ok","NEON.DOC.014050vE","wsPgf8Zw9fJKymWy47Zkre6IykLRH3+g",
"425cca37-1fcb-4122-a523-8c157cf68cb3","ONAQ_008.basePlot.bet","D15","ONAQ","ONAQ_008","S","distributed","evergreenForest",40.158540,-112.521600,"WGS84",20.2,1796.1,0.3,"2014-07-17","2014-07-31","ONAQ.2014.31",14,"Y","ONAQ_008.S.20140731","Ok","Ok","Low","NEON.DOC.014050vE","xwW9faweG9yezxUGEB9quDydrYQYJWI4","added 250mL PG"
"84f85aa4-d134-4e1b-a622-21c4d7f3759e","ONAQ_012.basePlot.bet","D15","ONAQ","ONAQ_012","W","distributed","evergreenForest",40.184940,-112.529500,"WGS84",20.1,2054.5,0.1,"2014-07-17","2014-07-31","ONAQ.2014.31",14,"Y","ONAQ_012.W.20140731","Ok","Ok","Ok","NEON.DOC.014050vE","qnNRlNDF2ndv9+C3oWEt5IdhKZpI37LJ",
"050da16b-2d99-457d-977d-fd334869f8bb","ONAQ_005.basePlot.bet","D15","ONAQ","ONAQ_005","W","distributed","shrubScrub",40.180774,-112.431855,"WGS84",20.1,1614.7,0.1,"2014-07-17","2014-07-31","ONAQ.2014.31",14,"Y","ONAQ_005.W.20140731","Ok","Ok","High","NEON.DOC.014050vE","wsPgf8Zw9fJKymWy47Zkre6IykLRH3+g","rain water appears to have gotten into the trap"
"6d60fdeb-8053-44c3-9100-e8960d43a42c","ONAQ_002.basePlot.bet","D15","ONAQ","ONAQ_002","W","distributed","shrubScrub",40.193323,-112.464547,"WGS84",20.1,1688.4,0.2,"2014-07-17","2014-07-31","ONAQ.2014.31",14,"Y","ONAQ_002.W.20140731","Ok","Ok","Ok","NEON.DOC.014050vE","wsPgf8Zw9fJKymWy47Zkre6IykLRH3+g",
"a114fe02-42de-4f1f-adff-86764e02d179","ONAQ_003.basePlot.bet","D15","ONAQ","ONAQ_003","W","distributed","shrubScrub",40.205920,-112.430300,"WGS84",20.1,1610.9,0.1,"2014-07-17","2014-07-31","ONAQ.2014.31",14,"Y","ONAQ_003.W.20140731","Ok","Ok","Ok","NEON.DOC.014050vE","wsPgf8Zw9fJKymWy47Zkre6IykLRH3+g",
"4081dfd4-f374-4465-a69f-c5f0749197a5","ONAQ_004.basePlot.bet","D15","ONAQ","ONAQ_004","W","distributed","shrubScrub",40.185937,-112.472482,"WGS84",20.1,1714.1,0.1,"2014-07-17","2014-07-31","ONAQ.2014.31",14,"Y","ONAQ_004.W.20140731","Ok","Ok","Low","NEON.DOC.014050vE","xwW9faweG9yezxUGEB9quDydrYQYJWI4","added 250mL PG"
"ae944810-4557-4b6a-bb70-ce47fea5cf65","ONAQ_009.basePlot.bet","D15","ONAQ","ONAQ_009","W","distributed","shrubScrub",40.160803,-112.471250,"WGS84",20.1,1671.6,0.1,"2014-07-17","2014-07-31","ONAQ.2014.31",14,"Y","ONAQ_009.W.20140731","Ok","Ok","Low","NEON.DOC.014050vE","xwW9faweG9yezxUGEB9quDydrYQYJWI4","added 250mL PG"
"2ed72ce0-703f-4c4e-a9e3-6d5ce9130f49","ONAQ_007.basePlot.bet","D15","ONAQ","ONAQ_007","W","distributed","shrubScrub",40.212500,-112.467400,"WGS84",20.1,1705.7,0.1,"2014-07-17","2014-07-31","ONAQ.2014.31",14,"Y","ONAQ_007.W.20140731","Ok","Ok","Ok","NEON.DOC.014050vE","wsPgf8Zw9fJKymWy47Zkre6IykLRH3+g",
"394b32dc-dd3b-4006-8beb-53d9ad370b52","ONAQ_006.basePlot.bet","D15","ONAQ","ONAQ_006","W","distributed","evergreenForest",40.164707,-112.547061,"WGS84",20.1,2080.2,0.1,"2014-07-17","2014-07-31","ONAQ.2014.31",14,"Y","ONAQ_006.W.20140731","Ok","Ok","Ok","NEON.DOC.014050vE","qnNRlNDF2ndv9+C3oWEt5IdhKZpI37LJ",
"bb7fa9ec-4a1f-45d0-9718-07196d65d333","ONAQ_008.basePlot.bet","D15","ONAQ","ONAQ_008","W","distributed","evergreenForest",40.158540,-112.521600,"WGS84",20.2,1796.1,0.3,"2014-07-17","2014-07-31","ONAQ.2014.31",14,"Y","ONAQ_008.W.20140731","Ok","Ok","Low","NEON.DOC.014050vE","xwW9faweG9yezxUGEB9quDydrYQYJWI4","added 250mL PG"
"5f1ba83e-5c1a-4f59-b2f4-56e56ca9ae49","ONAQ_008.basePlot.bet","D15","ONAQ","ONAQ_008","E","distributed","evergreenForest",40.158540,-112.521600,"WGS84",20.2,1796.1,0.3,"2014-07-17","2014-07-31","ONAQ.2014.31",14,"Y","ONAQ_008.E.20140731","Ok","Ok","Low","NEON.DOC.014050vE","xwW9faweG9yezxUGEB9quDydrYQYJWI4","added 250mL PG"
