uid,namedLocation,domainID,siteID,plotID,setDate,collectDate,processingDate,subsampleIDList,archiveVialID,scientificName,recordedBy,remarks
"8575e6d8-3254-4d76-a97b-e10934e6aef1","OSBS_008.basePlot.bet","D03","OSBS","OSBS_008","2015-09-17","2015-10-01","2015-10-22","kDyjQwK8kfpBEvbBaocn5NuHvkHSsjzpaBMpJsFUKerM+5aJ1m2lmtX8lH8R4AxJwNsTrmxHQszOTR0ebHcHt0AQUIL5vtSahEmRKof9lCaGHk+lK3PDn1xznHBvx4s8ANTCOQXpERI=","kDyjQwK8kfrrKv26UJ0Kftq5b0kPu9nw",,,
"62c27e1b-39a5-437c-b683-9000c1377862","OSBS_022.basePlot.bet","D03","OSBS","OSBS_022","2015-09-17","2015-10-01","2015-10-22","M5jd5p7S+pgIsn5GDDZFANQzTdMRXiuw670tdg/wgYuH0NNenQB6w0PCgtu3C73EfaXq9yEe4S/kxNfEopiMR0QSY/M8SkpOuipkT+hB0gw=","M5jd5p7S+piFRd+t0UwIVPM+EzSRlTGQ",,,
"c4842efb-2fb9-40dc-bc77-3026d37b0bd9","OSBS_003.basePlot.bet","D03","OSBS","OSBS_003","2015-09-17","2015-10-01","2015-10-14","6IhldZNozXNZmK3lHU6gi/2rxaAhi0Z2SOJHFz4t5R9oVapQlOWPvOWVJxePwIX3evOe12Gc0QgYyD8NbpgG1TKC/CT24Mtph4TC1tJQDduIOH9Ea4WC3Y/f6Ln48DjOG63+3D3ox9o=","6IhldZNozXNindKY1E/6rqByyye3AcDW",,,
"bd1e2b10-61ca-45b2-bf3d-78be342664e5","OSBS_004.basePlot.bet","D03","OSBS","OSBS_004","2015-09-17","2015-10-01","2015-10-12","X148jY8iotiY3OuBxnKFJe25Ypo+22D5eDfgQuROMnoSb+nySyrH5Z6l53DKXlsblL7Vv7F9B12ZhlDc/6fPAWcx/8P3gMOoKHoOyFHAMSFrFql8+azDYGwjLYiR9zdmRCyvPWiyZ2s=","X148jY8iothlicaWXz1iE227AfdnyIF5",,,
"78fb32eb-6e66-441e-b6e9-4b1fab832cc7","OSBS_001.basePlot.bet","D03","OSBS","OSBS_001","2015-09-17","2015-10-01","2015-10-02","tAZPllg5btSEJcxxtgmVjACUpP4H3aM5DZCLqoHwlK2KSrnYQxRfw71gbmWGF/LAI9uWgvU2vkNEREuNdul1OLUSdDyK/UyxyMLYxFubStxQS/2Lol4eQPB1kRotShmVy9wXWBMMxkE=","tAZPllg5btQbGb1gbMUXTCCVMQlMt1IU",,,
"6402e126-b96a-4479-812f-90d8b16393c7","OSBS_005.basePlot.bet","D03","OSBS","OSBS_005","2015-09-17","2015-10-01","2015-10-09","Ic3+d2cIO5MuQfPsBSuN7X933/MEpV+SBTn4Yak1+o4LlwuM6u1JMxEbrLP3laRA4gIG8MYmdacxkF9DBFaqtKDyNV+4cmxoED2rWpYBBKiimG8/QevHfw2fn62AX7dhy5eqkGs0GtM=","Ic3+d2cIO5NTxXbsIihU6Vj/ONnK+94b",,,
"e2bbaddc-fce2-4cb0-aee7-e988d5a371d7","OSBS_007.basePlot.bet","D03","OSBS","OSBS_007","2015-09-17","2015-10-01","2015-10-14","GG9Q6Sepi5mFudp7aSUu4I8orAmxeRzJg+2wd+rZd+2J+3ujNyuKPX1RElwkgksQm3pzcubemwkK2LKErp5MNvdhDFpOUFGSu9AkY7N+Zhrrn4qCl1R4iwkBT91oxGx89Rw5iVG3Qeo=","GG9Q6Sepi5lnU6Nzg2DPunmb+nqvKDke",,,
"55f58bbc-59d0-4d27-af69-ba9bfe4153ed","OSBS_023.basePlot.bet","D03","OSBS","OSBS_023","2015-09-17","2015-10-01","2015-10-13","9ahRxcnzux5g+Qub+MLlil5Gq7eATm+zd6tU8+/wlt3s4fG8MnOAlJg43iD6ItDnchVRe6APNlBTdPrRG+bvE1dn4l7stAXXg2tNtla6KxaUGQlESue1ST10vA/5GqlQHiPrWIhBAgI=","9ahRxcnzux6ik7lA+jA/L9NMONqo/MZc",,,
"6cabeef7-40cc-4c73-acca-23dae3931440","OSBS_006.basePlot.bet","D03","OSBS","OSBS_006","2015-09-17","2015-10-01","2015-10-14","s+mA6/5XhU7NKyJOakqkr2vW0DsPBRUTeG74R+DXPZFFmlLIqjeHDQEAkb2oC71y6WRFd9arG5/BTLGkVEp6tysVMcWqWfW+0nlWZ/miU5jC5vR7RMoOTO6bjWc4YWO4InTs57emGFE=","s+mA6/5XhU6eKvkEBumprGEo/8qhT+Hm",,,
