uid,namedLocation,domainID,siteID,plotID,trapID,plotType,nlcdClass,decimalLatitude,decimalLongitude,geodeticDatum,coordinateUncertainty,elevation,elevationUncertainty,setDate,collectDate,eventID,daysOfTrapping,sampleCollected,sampleID,cupStatus,lidStatus,fluidLevel,samplingProtocolVersion,recordedBy,remarks
"46e389ea-7ab6-42de-9d33-fb8fb5b616cd","OSBS_006.basePlot.bet","D03","OSBS","OSBS_006","S","distributed","evergreenForest",29.686609,-81.983000,"WGS84",20.1,33.0,0.1,"2017-04-20","2017-05-04","OSBS.2017.19",14,"Y","OSBS_006.S.20170504","Ok","Ok","Ok","NEON.DOC.014050vK","PbNu4t/t/O1BAZriMiaA3VbsZD9KatgX",
"ecd521e1-88f6-4526-906a-fa24d6cd3938","OSBS_006.basePlot.bet","D03","OSBS","OSBS_006","W","distributed","evergreenForest",29.686609,-81.983000,"WGS84",20.1,33.0,0.1,"2017-04-20","2017-05-04","OSBS.2017.19",14,"Y","OSBS_006.W.20170504","Ok","Ok","Ok","NEON.DOC.014050vK","PbNu4t/t/O1BAZriMiaA3VbsZD9KatgX",
"2c650fca-62e1-414e-8614-b4a12c40d1fb","OSBS_006.basePlot.bet","D03","OSBS","OSBS_006","E","distributed","evergreenForest",29.686609,-81.983000,"WGS84",20.1,33.0,0.1,"2017-04-20","2017-05-04","OSBS.2017.19",14,"Y","OSBS_006.E.20170504","Ok","Ok","Ok","NEON.DOC.014050vK","PbNu4t/t/O1BAZriMiaA3VbsZD9KatgX",
"024bb587-44e6-4380-a387-90d1b8c0c4f6","OSBS_006.basePlot.bet","D03","OSBS","OSBS_006","N","distributed","evergreenForest",29.686609,-81.983000,"WGS84",20.1,33.0,0.1,"2017-04-20","2017-05-04","OSBS.2017.19",14,"Y","OSBS_006.N.20170504","Ok","Ok","Ok","NEON.DOC.014050vK","PbNu4t/t/O1BAZriMiaA3VbsZD9KatgX",
"714d4793-1f9b-4616-8471-456494192dd1","OSBS_008.basePlot.bet","D03","OSBS","OSBS_008","W","distributed","evergreenForest",29.685058,-82.007162,"WGS84",20.1,45.2,0.1,"2017-04-20","2017-05-04","OSBS.2017.19",14,"Y","OSBS_008.W.20170504","Ok","Ok","Ok","NEON.DOC.014050vK","PbNu4t/t/O1BAZriMiaA3VbsZD9KatgX",
"b0b3a51c-f6fa-49af-9178-8f92cd625970","OSBS_008.basePlot.bet","D03","OSBS","OSBS_008","S","distributed","evergreenForest",29.685058,-82.007162,"WGS84",20.1,45.2,0.1,"2017-04-20","2017-05-04","OSBS.2017.19",14,"Y","OSBS_008.S.20170504","Ok","Ok","Ok","NEON.DOC.014050vK","PbNu4t/t/O1BAZriMiaA3VbsZD9KatgX",
"73e1aad0-4857-4034-8141-e7d545813bc6","OSBS_008.basePlot.bet","D03","OSBS","OSBS_008","E","distributed","evergreenForest",29.685058,-82.007162,"WGS84",20.1,45.2,0.1,"2017-04-20","2017-05-04","OSBS.2017.19",14,"Y","OSBS_008.E.20170504","Ok","Ok","Ok","NEON.DOC.014050vK","PbNu4t/t/O1BAZriMiaA3VbsZD9KatgX",
"6c007b98-d586-44f2-9154-b0466f74b6a5","OSBS_008.basePlot.bet","D03","OSBS","OSBS_008","N","distributed","evergreenForest",29.685058,-82.007162,"WGS84",20.1,45.2,0.1,"2017-04-20","2017-05-04","OSBS.2017.19",14,"Y","OSBS_008.N.20170504","Ok","Ok","Ok","NEON.DOC.014050vK","PbNu4t/t/O1BAZriMiaA3VbsZD9KatgX",
"c3ef49e6-0831-4d61-b86a-32e85ea09679","OSBS_001.basePlot.bet","D03","OSBS","OSBS_001","E","distributed","woodyWetlands",29.702914,-82.008881,"WGS84",20.1,31.0,0.2,"2017-04-20","2017-05-04","OSBS.2017.19",14,"Y","OSBS_001.E.20170504","Ok","Ok","High","NEON.DOC.014050vK","PbNu4t/t/O1BAZriMiaA3VbsZD9KatgX",
"71848cb8-5802-4822-977a-1644c47b8644","OSBS_001.basePlot.bet","D03","OSBS","OSBS_001","S","distributed","woodyWetlands",29.702914,-82.008881,"WGS84",20.1,31.0,0.2,"2017-04-20","2017-05-04","OSBS.2017.19",14,"Y","OSBS_001.S.20170504","Ok","Ok","Ok","NEON.DOC.014050vK","PbNu4t/t/O1BAZriMiaA3VbsZD9KatgX",
"5cd39f13-93e7-49df-bf94-14e450b29e70","OSBS_001.basePlot.bet","D03","OSBS","OSBS_001","N","distributed","woodyWetlands",29.702914,-82.008881,"WGS84",20.1,31.0,0.2,"2017-04-20","2017-05-04","OSBS.2017.19",14,"Y","OSBS_001.N.20170504","Ok","Ok","Ok","NEON.DOC.014050vK","PbNu4t/t/O1BAZriMiaA3VbsZD9KatgX",
"dcb948db-c41e-432a-bc93-aba6881f06cf","OSBS_001.basePlot.bet","D03","OSBS","OSBS_001","W","distributed","woodyWetlands",29.702914,-82.008881,"WGS84",20.1,31.0,0.2,"2017-04-20","2017-05-04","OSBS.2017.19",14,"Y","OSBS_001.W.20170504","Ok","Ok","Ok","NEON.DOC.014050vK","PbNu4t/t/O1BAZriMiaA3VbsZD9KatgX",
"3662bd08-6cee-4422-94a4-fe922b43e3a9","OSBS_003.basePlot.bet","D03","OSBS","OSBS_003","N","distributed","evergreenForest",29.694992,-81.947420,"WGS84",20.1,31.9,0.2,"2017-04-20","2017-05-04","OSBS.2017.19",14,"Y","OSBS_003.N.20170504","Ok","Ok","Ok","NEON.DOC.014050vK","PbNu4t/t/O1BAZriMiaA3VbsZD9KatgX",
"08a619dd-1b81-4c6b-bd90-536fcb1be340","OSBS_003.basePlot.bet","D03","OSBS","OSBS_003","E","distributed","evergreenForest",29.694992,-81.947420,"WGS84",20.1,31.9,0.2,"2017-04-20","2017-05-04","OSBS.2017.19",14,"Y","OSBS_003.E.20170504","Ok","Ok","Ok","NEON.DOC.014050vK","PbNu4t/t/O1BAZriMiaA3VbsZD9KatgX",
"492ebb55-3e2e-43da-ad5d-1aee64fdb6b7","OSBS_003.basePlot.bet","D03","OSBS","OSBS_003","W","distributed","evergreenForest",29.694992,-81.947420,"WGS84",20.1,31.9,0.2,"2017-04-20","2017-05-04","OSBS.2017.19",14,"Y","OSBS_003.W.20170504","Ok","Ok","Ok","NEON.DOC.014050vK","PbNu4t/t/O1BAZriMiaA3VbsZD9KatgX",
"a50f5d8f-438a-4d8c-baa5-dba614f58041","OSBS_003.basePlot.bet","D03","OSBS","OSBS_003","S","distributed","evergreenForest",29.694992,-81.947420,"WGS84",20.1,31.9,0.2,"2017-04-20","2017-05-04","OSBS.2017.19",14,"Y","OSBS_003.S.20170504","Ok","Ok","Ok","NEON.DOC.014050vK","PbNu4t/t/O1BAZriMiaA3VbsZD9KatgX",
"a898fa36-298a-4a53-816b-21dd33290821","OSBS_005.basePlot.bet","D03","OSBS","OSBS_005","S","distributed","woodyWetlands",29.696569,-82.025578,"WGS84",20.3,30.3,0.6,"2017-04-20","2017-05-04","OSBS.2017.19",14,"Y","OSBS_005.S.20170504","Ok","Ok","Ok","NEON.DOC.014050vK","PbNu4t/t/O1BAZriMiaA3VbsZD9KatgX",
"67c52c18-529d-4ab1-877d-c23bd3d1c3cb","OSBS_005.basePlot.bet","D03","OSBS","OSBS_005","E","distributed","woodyWetlands",29.696569,-82.025578,"WGS84",20.3,30.3,0.6,"2017-04-20","2017-05-04","OSBS.2017.19",14,"Y","OSBS_005.E.20170504","Ok","Ok","Ok","NEON.DOC.014050vK","PbNu4t/t/O1BAZriMiaA3VbsZD9KatgX",
"b79ac36f-3c57-4618-8a95-5f935b38499f","OSBS_005.basePlot.bet","D03","OSBS","OSBS_005","N","distributed","woodyWetlands",29.696569,-82.025578,"WGS84",20.3,30.3,0.6,"2017-04-20","2017-05-04","OSBS.2017.19",14,"Y","OSBS_005.N.20170504","Ok","Ok","Ok","NEON.DOC.014050vK","PbNu4t/t/O1BAZriMiaA3VbsZD9KatgX",
"659e3098-50e8-4ca8-b878-8333f189e80b","OSBS_005.basePlot.bet","D03","OSBS","OSBS_005","W","distributed","woodyWetlands",29.696569,-82.025578,"WGS84",20.3,30.3,0.6,"2017-04-20","2017-05-04","OSBS.2017.19",14,"Y","OSBS_005.W.20170504","Ok","Ok","Ok","NEON.DOC.014050vK","PbNu4t/t/O1BAZriMiaA3VbsZD9KatgX",
"2bbe6fe7-9063-4b17-bc90-1351f31bd064","OSBS_023.basePlot.bet","D03","OSBS","OSBS_023","N","distributed","emergentHerbaceousWetlands",29.722597,-81.985527,"WGS84",20.1,25.8,0.1,"2017-04-20","2017-05-04","OSBS.2017.19",14,"Y","OSBS_023.N.20170504","Ok","Ok","Low","NEON.DOC.014050vK","YK5ulgcjQA5M6hxjAkVbmv4a8AjznrKv",
"8a492240-e299-47e9-bc93-f8f7d0abfd94","OSBS_023.basePlot.bet","D03","OSBS","OSBS_023","E","distributed","emergentHerbaceousWetlands",29.722597,-81.985527,"WGS84",20.1,25.8,0.1,"2017-04-20","2017-05-04","OSBS.2017.19",14,"Y","OSBS_023.E.20170504","Ok","Ok","Ok","NEON.DOC.014050vK","YK5ulgcjQA5M6hxjAkVbmv4a8AjznrKv",
"454b4240-af4a-401c-b583-2b8569c57bf5","OSBS_023.basePlot.bet","D03","OSBS","OSBS_023","W","distributed","emergentHerbaceousWetlands",29.722597,-81.985527,"WGS84",20.1,25.8,0.1,"2017-04-20","2017-05-04","OSBS.2017.19",14,"Y","OSBS_023.W.20170504","Ok","Ok","Ok","NEON.DOC.014050vK","YK5ulgcjQA5M6hxjAkVbmv4a8AjznrKv",
"96aa342f-21ca-49d4-b1d6-ebc5e5ba3e52","OSBS_023.basePlot.bet","D03","OSBS","OSBS_023","S","distributed","emergentHerbaceousWetlands",29.722597,-81.985527,"WGS84",20.1,25.8,0.1,"2017-04-20","2017-05-04","OSBS.2017.19",14,"Y","OSBS_023.S.20170504","Ok","Ok","Ok","NEON.DOC.014050vK","YK5ulgcjQA5M6hxjAkVbmv4a8AjznrKv",
"d75d017f-7645-413d-9cac-23ed99c58b2c","OSBS_007.basePlot.bet","D03","OSBS","OSBS_007","E","distributed","evergreenForest",29.690276,-81.962572,"WGS84",20.1,34.3,0.1,"2017-04-20","2017-05-04","OSBS.2017.19",14,"Y","OSBS_007.E.20170504","Ok","Ok","Low","NEON.DOC.014050vK","YK5ulgcjQA5M6hxjAkVbmv4a8AjznrKv",
"28853c6d-eea6-4637-b665-3f409ee97277","OSBS_007.basePlot.bet","D03","OSBS","OSBS_007","S","distributed","evergreenForest",29.690276,-81.962572,"WGS84",20.1,34.3,0.1,"2017-04-20","2017-05-04","OSBS.2017.19",14,"Y","OSBS_007.S.20170504","Ok","Ok","Low","NEON.DOC.014050vK","YK5ulgcjQA5M6hxjAkVbmv4a8AjznrKv",
"69224c23-19f7-470b-9d53-6e08995cffa0","OSBS_007.basePlot.bet","D03","OSBS","OSBS_007","N","distributed","evergreenForest",29.690276,-81.962572,"WGS84",20.1,34.3,0.1,"2017-04-20","2017-05-04","OSBS.2017.19",14,"Y","OSBS_007.N.20170504","Ok","Ok","Ok","NEON.DOC.014050vK","YK5ulgcjQA5M6hxjAkVbmv4a8AjznrKv",
"9f1f8e5c-8b7e-4106-962b-de0680d18230","OSBS_007.basePlot.bet","D03","OSBS","OSBS_007","W","distributed","evergreenForest",29.690276,-81.962572,"WGS84",20.1,34.3,0.1,"2017-04-20","2017-05-04","OSBS.2017.19",14,"Y","OSBS_007.W.20170504","Ok","Ok","Low","NEON.DOC.014050vK","YK5ulgcjQA5M6hxjAkVbmv4a8AjznrKv",
"88026696-e5a0-4af5-91a8-a9ce637e1267","OSBS_022.basePlot.bet","D03","OSBS","OSBS_022","E","distributed","emergentHerbaceousWetlands",29.689482,-81.960693,"WGS84",20.1,24.0,0.1,"2017-04-20","2017-05-04","OSBS.2017.19",14,"Y","OSBS_022.E.20170504","Ok","Ok","Low","NEON.DOC.014050vK","YK5ulgcjQA5M6hxjAkVbmv4a8AjznrKv",
"33cf0c0c-73f0-4825-9199-81530e847987","OSBS_022.basePlot.bet","D03","OSBS","OSBS_022","W","distributed","emergentHerbaceousWetlands",29.689482,-81.960693,"WGS84",20.1,24.0,0.1,"2017-04-20","2017-05-04","OSBS.2017.19",14,"Y","OSBS_022.W.20170504","Ok","Ok","Ok","NEON.DOC.014050vK","YK5ulgcjQA5M6hxjAkVbmv4a8AjznrKv",
"77dbb0cd-2425-4532-82ac-6325def97a82","OSBS_022.basePlot.bet","D03","OSBS","OSBS_022","S","distributed","emergentHerbaceousWetlands",29.689482,-81.960693,"WGS84",20.1,24.0,0.1,"2017-04-20","2017-05-04","OSBS.2017.19",14,"Y","OSBS_022.S.20170504","Ok","Ok","Low","NEON.DOC.014050vK","YK5ulgcjQA5M6hxjAkVbmv4a8AjznrKv",
"e87d1ec4-b30d-4a73-9f00-64704b41d15b","OSBS_004.basePlot.bet","D03","OSBS","OSBS_004","E","distributed","evergreenForest",29.684073,-81.959108,"WGS84",20.2,36.8,0.6,"2017-04-20","2017-05-04","OSBS.2017.19",14,"Y","OSBS_004.E.20170504","Ok","Ok","High","NEON.DOC.014050vK","YK5ulgcjQA5M6hxjAkVbmv4a8AjznrKv",
"3ba0c952-5ec2-4694-b177-58c31ebc1af9","OSBS_004.basePlot.bet","D03","OSBS","OSBS_004","S","distributed","evergreenForest",29.684073,-81.959108,"WGS84",20.2,36.8,0.6,"2017-04-20","2017-05-04","OSBS.2017.19",14,"Y","OSBS_004.S.20170504","Ok","Ok","Low","NEON.DOC.014050vK","YK5ulgcjQA5M6hxjAkVbmv4a8AjznrKv",
"a454df24-d735-48b1-97b1-31016ce5b314","OSBS_004.basePlot.bet","D03","OSBS","OSBS_004","N","distributed","evergreenForest",29.684073,-81.959108,"WGS84",20.2,36.8,0.6,"2017-04-20","2017-05-04","OSBS.2017.19",14,"Y","OSBS_004.N.20170504","Ok","Ok","High","NEON.DOC.014050vK","YK5ulgcjQA5M6hxjAkVbmv4a8AjznrKv",
"beb22c4a-eb9a-4f89-9ae3-ca9a62adf552","OSBS_022.basePlot.bet","D03","OSBS","OSBS_022","N","distributed","emergentHerbaceousWetlands",29.689482,-81.960693,"WGS84",20.1,24.0,0.1,"2017-04-20","2017-05-04","OSBS.2017.19",14,"Y","OSBS_022.N.20170504","Ok","Ok","Low","NEON.DOC.014050vK","YK5ulgcjQA5M6hxjAkVbmv4a8AjznrKv",
"c5306b38-7b8d-4365-b729-2c245719725a","OSBS_002.basePlot.bet","D03","OSBS","OSBS_002","S","distributed","evergreenForest",29.703860,-81.956817,"WGS84",20.2,31.5,0.2,"2017-04-20","2017-05-04","OSBS.2017.19",14,"Y","OSBS_002.S.20170504","Ok","Ok","Ok","NEON.DOC.014050vK","YK5ulgcjQA5M6hxjAkVbmv4a8AjznrKv",
"6e99ac69-0646-49e2-9350-e457af84619e","OSBS_002.basePlot.bet","D03","OSBS","OSBS_002","E","distributed","evergreenForest",29.703860,-81.956817,"WGS84",20.2,31.5,0.2,"2017-04-20","2017-05-04","OSBS.2017.19",14,"Y","OSBS_002.E.20170504","Ok","Ok","Low","NEON.DOC.014050vK","YK5ulgcjQA5M6hxjAkVbmv4a8AjznrKv",
"ebb962e8-79ab-4254-99c5-32a0574b9981","OSBS_002.basePlot.bet","D03","OSBS","OSBS_002","N","distributed","evergreenForest",29.703860,-81.956817,"WGS84",20.2,31.5,0.2,"2017-04-20","2017-05-04","OSBS.2017.19",14,"Y","OSBS_002.N.20170504","Ok","Ok","Ok","NEON.DOC.014050vK","YK5ulgcjQA5M6hxjAkVbmv4a8AjznrKv",
"c8b34878-5fc8-4ab4-8aaa-b782fd8b77f0","OSBS_004.basePlot.bet","D03","OSBS","OSBS_004","W","distributed","evergreenForest",29.684073,-81.959108,"WGS84",20.2,36.8,0.6,"2017-04-20","2017-05-04","OSBS.2017.19",14,"Y","OSBS_004.W.20170504","Ok","Ok","Ok","NEON.DOC.014050vK","YK5ulgcjQA5M6hxjAkVbmv4a8AjznrKv",
"63929173-67e8-4c4c-80df-1ce7f9da4172","OSBS_002.basePlot.bet","D03","OSBS","OSBS_002","W","distributed","evergreenForest",29.703860,-81.956817,"WGS84",20.2,31.5,0.2,"2017-04-20","2017-05-04","OSBS.2017.19",14,"Y","OSBS_002.W.20170504","Ok","Disturbed","Low","NEON.DOC.014050vK","YK5ulgcjQA5M6hxjAkVbmv4a8AjznrKv",
"e0fa66c1-34e4-4b91-a3f0-69e83f21c5d2","OSBS_003.basePlot.bet","D03","OSBS","OSBS_003","S","distributed","evergreenForest",29.694992,-81.947420,"WGS84",20.1,31.9,0.2,"2017-05-04","2017-05-18","OSBS.2017.21",14,"Y","OSBS_003.S.20170518","Ok","Ok","Ok","NEON.DOC.014050vK","PQeS3Ivl8n7p349q3TXUdwRmVPP1d5yRBGiZV9rpo2U=",
"025c08c4-0cab-4839-aac6-f805274b3cbb","OSBS_001.basePlot.bet","D03","OSBS","OSBS_001","S","distributed","woodyWetlands",29.702914,-82.008881,"WGS84",20.1,31.0,0.2,"2017-05-04","2017-05-18","OSBS.2017.21",14,"Y","OSBS_001.S.20170518","Ok","Ok","Ok","NEON.DOC.014050vK","PbNu4t/t/O1BAZriMiaA3VbsZD9KatgX",
"ac7e77e8-9608-4fdc-b7d3-eb6d5ab38580","OSBS_003.basePlot.bet","D03","OSBS","OSBS_003","N","distributed","evergreenForest",29.694992,-81.947420,"WGS84",20.1,31.9,0.2,"2017-05-04","2017-05-18","OSBS.2017.21",14,"Y","OSBS_003.N.20170518","Ok","Ok","Ok","NEON.DOC.014050vK","PQeS3Ivl8n7p349q3TXUdwRmVPP1d5yRBGiZV9rpo2U=",
"45e9fe02-3108-4ea9-96a3-469933d78f9c","OSBS_003.basePlot.bet","D03","OSBS","OSBS_003","W","distributed","evergreenForest",29.694992,-81.947420,"WGS84",20.1,31.9,0.2,"2017-05-04","2017-05-18","OSBS.2017.21",14,"Y","OSBS_003.W.20170518","Ok","Ok","Ok","NEON.DOC.014050vK","PQeS3Ivl8n7p349q3TXUdwRmVPP1d5yRBGiZV9rpo2U=",
"0a29c169-0563-4172-8391-4df3ec05c3e4","OSBS_005.basePlot.bet","D03","OSBS","OSBS_005","W","distributed","woodyWetlands",29.696569,-82.025578,"WGS84",20.3,30.3,0.6,"2017-05-04","2017-05-18","OSBS.2017.21",14,"Y","OSBS_005.W.20170518","Ok","Ok","Low","NEON.DOC.014050vK","PbNu4t/t/O1BAZriMiaA3VbsZD9KatgX",
"eee99ae5-e6a6-453a-aeb0-9e5a0c6d2492","OSBS_005.basePlot.bet","D03","OSBS","OSBS_005","E","distributed","woodyWetlands",29.696569,-82.025578,"WGS84",20.3,30.3,0.6,"2017-05-04","2017-05-18","OSBS.2017.21",14,"Y","OSBS_005.E.20170518","Ok","Ok","Low","NEON.DOC.014050vK","PbNu4t/t/O1BAZriMiaA3VbsZD9KatgX",
"d4bdd73a-4c28-441e-9a43-c80fcc9f1981","OSBS_005.basePlot.bet","D03","OSBS","OSBS_005","S","distributed","woodyWetlands",29.696569,-82.025578,"WGS84",20.3,30.3,0.6,"2017-05-04","2017-05-18","OSBS.2017.21",14,"Y","OSBS_005.S.20170518","Ok","Ok","Ok","NEON.DOC.014050vK","PbNu4t/t/O1BAZriMiaA3VbsZD9KatgX",
"61beeb2c-60fc-416d-9770-6a4252da4003","OSBS_005.basePlot.bet","D03","OSBS","OSBS_005","N","distributed","woodyWetlands",29.696569,-82.025578,"WGS84",20.3,30.3,0.6,"2017-05-04","2017-05-18","OSBS.2017.21",14,"Y","OSBS_005.N.20170518","Ok","Ok","Ok","NEON.DOC.014050vK","PbNu4t/t/O1BAZriMiaA3VbsZD9KatgX",
"6ce165cd-f6c8-4969-a8b5-b25f22299aef","OSBS_001.basePlot.bet","D03","OSBS","OSBS_001","W","distributed","woodyWetlands",29.702914,-82.008881,"WGS84",20.1,31.0,0.2,"2017-05-04","2017-05-18","OSBS.2017.21",14,"Y","OSBS_001.W.20170518","Ok","Ok","Ok","NEON.DOC.014050vK","PbNu4t/t/O1BAZriMiaA3VbsZD9KatgX",
"9a6131f2-5b0b-4ad9-8da9-2cecbcd7b51e","OSBS_007.basePlot.bet","D03","OSBS","OSBS_007","N","distributed","evergreenForest",29.690276,-81.962572,"WGS84",20.1,34.3,0.1,"2017-05-04","2017-05-18","OSBS.2017.21",14,"Y","OSBS_007.N.20170518","Ok","Ok","Ok","NEON.DOC.014050vK","PQeS3Ivl8n7p349q3TXUdwRmVPP1d5yRBGiZV9rpo2U=",
"f50b5868-44db-4f63-945b-cdbdd757d7b8","OSBS_007.basePlot.bet","D03","OSBS","OSBS_007","S","distributed","evergreenForest",29.690276,-81.962572,"WGS84",20.1,34.3,0.1,"2017-05-04","2017-05-18","OSBS.2017.21",14,"Y","OSBS_007.S.20170518","Ok","Ok","Ok","NEON.DOC.014050vK","PQeS3Ivl8n7p349q3TXUdwRmVPP1d5yRBGiZV9rpo2U=",
"32f0b62d-5acc-4082-a90f-47c614958fa0","OSBS_007.basePlot.bet","D03","OSBS","OSBS_007","W","distributed","evergreenForest",29.690276,-81.962572,"WGS84",20.1,34.3,0.1,"2017-05-04","2017-05-18","OSBS.2017.21",14,"Y","OSBS_007.W.20170518","Ok","Ok","Ok","NEON.DOC.014050vK","PQeS3Ivl8n7p349q3TXUdwRmVPP1d5yRBGiZV9rpo2U=",
"fe5c7e5b-eea0-4baf-a469-4706e38e1415","OSBS_007.basePlot.bet","D03","OSBS","OSBS_007","E","distributed","evergreenForest",29.690276,-81.962572,"WGS84",20.1,34.3,0.1,"2017-05-04","2017-05-18","OSBS.2017.21",14,"Y","OSBS_007.E.20170518","Ok","Disturbed","Ok","NEON.DOC.014050vK","PQeS3Ivl8n7p349q3TXUdwRmVPP1d5yRBGiZV9rpo2U=",
"4ef79883-41ca-48c8-a88d-6409f4a6bb6b","OSBS_022.basePlot.bet","D03","OSBS","OSBS_022","E","distributed","emergentHerbaceousWetlands",29.689482,-81.960693,"WGS84",20.1,24.0,0.1,"2017-05-04","2017-05-18","OSBS.2017.21",14,"Y","OSBS_022.E.20170518","Ok","Ok","Ok","NEON.DOC.014050vK","PQeS3Ivl8n7p349q3TXUdwRmVPP1d5yRBGiZV9rpo2U=",
"2ded89ff-b2d6-4a52-be91-c9a51f1ee512","OSBS_022.basePlot.bet","D03","OSBS","OSBS_022","W","distributed","emergentHerbaceousWetlands",29.689482,-81.960693,"WGS84",20.1,24.0,0.1,"2017-05-04","2017-05-18","OSBS.2017.21",14,"Y","OSBS_022.W.20170518","Ok","Ok","Ok","NEON.DOC.014050vK","PQeS3Ivl8n7p349q3TXUdwRmVPP1d5yRBGiZV9rpo2U=",
"0994a43c-af2e-4421-9183-bd6cf0d67bd8","OSBS_004.basePlot.bet","D03","OSBS","OSBS_004","N","distributed","evergreenForest",29.684073,-81.959108,"WGS84",20.2,36.8,0.6,"2017-05-04","2017-05-18","OSBS.2017.21",14,"Y","OSBS_004.N.20170518","Ok","Ok","Ok","NEON.DOC.014050vK","PQeS3Ivl8n7p349q3TXUdwRmVPP1d5yRBGiZV9rpo2U=",
"d1e08504-cd39-492c-b30d-b173592290e3","OSBS_022.basePlot.bet","D03","OSBS","OSBS_022","N","distributed","emergentHerbaceousWetlands",29.689482,-81.960693,"WGS84",20.1,24.0,0.1,"2017-05-04","2017-05-18","OSBS.2017.21",14,"Y","OSBS_022.N.20170518","Ok","Ok","Ok","NEON.DOC.014050vK","PQeS3Ivl8n7p349q3TXUdwRmVPP1d5yRBGiZV9rpo2U=",
"fa140296-8795-4d52-8c0e-f7177aa817ba","OSBS_022.basePlot.bet","D03","OSBS","OSBS_022","S","distributed","emergentHerbaceousWetlands",29.689482,-81.960693,"WGS84",20.1,24.0,0.1,"2017-05-04","2017-05-18","OSBS.2017.21",14,"Y","OSBS_022.S.20170518","Ok","Ok","Ok","NEON.DOC.014050vK","PQeS3Ivl8n7p349q3TXUdwRmVPP1d5yRBGiZV9rpo2U=",
"9826ad71-30d5-45bd-96c6-28aeaff6569e","OSBS_004.basePlot.bet","D03","OSBS","OSBS_004","S","distributed","evergreenForest",29.684073,-81.959108,"WGS84",20.2,36.8,0.6,"2017-05-04","2017-05-18","OSBS.2017.21",14,"Y","OSBS_004.S.20170518","Ok","Ok","Ok","NEON.DOC.014050vK","PQeS3Ivl8n7p349q3TXUdwRmVPP1d5yRBGiZV9rpo2U=",
"24f05a9d-a132-4344-8d2b-138fcc4f3a00","OSBS_004.basePlot.bet","D03","OSBS","OSBS_004","W","distributed","evergreenForest",29.684073,-81.959108,"WGS84",20.2,36.8,0.6,"2017-05-04","2017-05-18","OSBS.2017.21",14,"Y","OSBS_004.W.20170518","Ok","Ok","Ok","NEON.DOC.014050vK","PQeS3Ivl8n7p349q3TXUdwRmVPP1d5yRBGiZV9rpo2U=",
"9fe6b375-e88d-4d99-968a-3e0b7ef39a2c","OSBS_004.basePlot.bet","D03","OSBS","OSBS_004","E","distributed","evergreenForest",29.684073,-81.959108,"WGS84",20.2,36.8,0.6,"2017-05-04","2017-05-18","OSBS.2017.21",14,"Y","OSBS_004.E.20170518","Ok","Ok","Ok","NEON.DOC.014050vK","PQeS3Ivl8n7p349q3TXUdwRmVPP1d5yRBGiZV9rpo2U=",
"cb4b5975-9731-4674-9f89-b6046136830d","OSBS_002.basePlot.bet","D03","OSBS","OSBS_002","E","distributed","evergreenForest",29.703860,-81.956817,"WGS84",20.2,31.5,0.2,"2017-05-04","2017-05-18","OSBS.2017.21",14,"Y","OSBS_002.E.20170518","Ok","Ok","Ok","NEON.DOC.014050vK","PQeS3Ivl8n7p349q3TXUdwRmVPP1d5yRBGiZV9rpo2U=",
"1d7b903a-c8d5-498f-b5f5-a47eb27502b6","OSBS_002.basePlot.bet","D03","OSBS","OSBS_002","W","distributed","evergreenForest",29.703860,-81.956817,"WGS84",20.2,31.5,0.2,"2017-05-04","2017-05-18","OSBS.2017.21",14,"Y","OSBS_002.W.20170518","Ok","Disturbed","Low","NEON.DOC.014050vK","PQeS3Ivl8n7p349q3TXUdwRmVPP1d5yRBGiZV9rpo2U=",
"bcd8cbfe-4f54-416a-a48b-83cf921ef57b","OSBS_002.basePlot.bet","D03","OSBS","OSBS_002","N","distributed","evergreenForest",29.703860,-81.956817,"WGS84",20.2,31.5,0.2,"2017-05-04","2017-05-18","OSBS.2017.21",14,"Y","OSBS_002.N.20170518","Ok","Ok","Ok","NEON.DOC.014050vK","PQeS3Ivl8n7p349q3TXUdwRmVPP1d5yRBGiZV9rpo2U=",
"bc287693-c260-4368-9531-152e63f6b38e","OSBS_002.basePlot.bet","D03","OSBS","OSBS_002","S","distributed","evergreenForest",29.703860,-81.956817,"WGS84",20.2,31.5,0.2,"2017-05-04","2017-05-18","OSBS.2017.21",14,"Y","OSBS_002.S.20170518","Ok","Ok","Ok","NEON.DOC.014050vK","PQeS3Ivl8n7p349q3TXUdwRmVPP1d5yRBGiZV9rpo2U=",
"c7d621ea-044a-4229-bdd6-995cfa5297cb","OSBS_006.basePlot.bet","D03","OSBS","OSBS_006","N","distributed","evergreenForest",29.686609,-81.983000,"WGS84",20.1,33.0,0.1,"2017-05-04","2017-05-18","OSBS.2017.21",14,"Y","OSBS_006.N.20170518","Ok","Ok","Ok","NEON.DOC.014050vK","PbNu4t/t/O1BAZriMiaA3VbsZD9KatgX",
"e657f3da-1952-463c-93f5-ea45c42990b1","OSBS_006.basePlot.bet","D03","OSBS","OSBS_006","E","distributed","evergreenForest",29.686609,-81.983000,"WGS84",20.1,33.0,0.1,"2017-05-04","2017-05-18","OSBS.2017.21",14,"Y","OSBS_006.E.20170518","Ok","Ok","Ok","NEON.DOC.014050vK","PbNu4t/t/O1BAZriMiaA3VbsZD9KatgX",
"bf5ef1b7-1635-4e7e-b447-79e9726b0efe","OSBS_006.basePlot.bet","D03","OSBS","OSBS_006","S","distributed","evergreenForest",29.686609,-81.983000,"WGS84",20.1,33.0,0.1,"2017-05-04","2017-05-18","OSBS.2017.21",14,"Y","OSBS_006.S.20170518","Ok","Ok","Low","NEON.DOC.014050vK","PbNu4t/t/O1BAZriMiaA3VbsZD9KatgX",
"1471b863-c772-4679-93e2-dc8056470f04","OSBS_008.basePlot.bet","D03","OSBS","OSBS_008","E","distributed","evergreenForest",29.685058,-82.007162,"WGS84",20.1,45.2,0.1,"2017-05-04","2017-05-18","OSBS.2017.21",14,"Y","OSBS_008.E.20170518","Ok","Ok","Ok","NEON.DOC.014050vK","PbNu4t/t/O1BAZriMiaA3VbsZD9KatgX",
"a5103c7f-f0c6-4c40-941a-f24e19522d7b","OSBS_008.basePlot.bet","D03","OSBS","OSBS_008","N","distributed","evergreenForest",29.685058,-82.007162,"WGS84",20.1,45.2,0.1,"2017-05-04","2017-05-18","OSBS.2017.21",14,"Y","OSBS_008.N.20170518","Ok","Ok","Low","NEON.DOC.014050vK","PbNu4t/t/O1BAZriMiaA3VbsZD9KatgX",
"08be8ff4-e66a-49ae-9232-9a66f363b3ba","OSBS_008.basePlot.bet","D03","OSBS","OSBS_008","S","distributed","evergreenForest",29.685058,-82.007162,"WGS84",20.1,45.2,0.1,"2017-05-04","2017-05-18","OSBS.2017.21",14,"Y","OSBS_008.S.20170518","Ok","Ok","Low","NEON.DOC.014050vK","PbNu4t/t/O1BAZriMiaA3VbsZD9KatgX",
"a5a33654-8d85-47aa-a994-ffb12d763525","OSBS_006.basePlot.bet","D03","OSBS","OSBS_006","W","distributed","evergreenForest",29.686609,-81.983000,"WGS84",20.1,33.0,0.1,"2017-05-04","2017-05-18","OSBS.2017.21",14,"Y","OSBS_006.W.20170518","Ok","Ok","Low","NEON.DOC.014050vK","PbNu4t/t/O1BAZriMiaA3VbsZD9KatgX",
"87daaaea-6a1d-48c1-b5dd-cac07729e157","OSBS_023.basePlot.bet","D03","OSBS","OSBS_023","S","distributed","emergentHerbaceousWetlands",29.722597,-81.985527,"WGS84",20.1,25.8,0.1,"2017-05-04","2017-05-18","OSBS.2017.21",14,"Y","OSBS_023.S.20170518","Ok","Ok","Ok","NEON.DOC.014050vK","PbNu4t/t/O1BAZriMiaA3VbsZD9KatgX",
"0f0c7ea5-a233-44ed-a211-f419db1d4a2f","OSBS_008.basePlot.bet","D03","OSBS","OSBS_008","W","distributed","evergreenForest",29.685058,-82.007162,"WGS84",20.1,45.2,0.1,"2017-05-04","2017-05-18","OSBS.2017.21",14,"Y","OSBS_008.W.20170518","Ok","Ok","Ok","NEON.DOC.014050vK","PbNu4t/t/O1BAZriMiaA3VbsZD9KatgX",
"afb4faeb-f46b-4ff6-be98-c36410bdbd36","OSBS_001.basePlot.bet","D03","OSBS","OSBS_001","E","distributed","woodyWetlands",29.702914,-82.008881,"WGS84",20.1,31.0,0.2,"2017-05-04","2017-05-18","OSBS.2017.21",14,"Y","OSBS_001.E.20170518","Ok","Ok","Ok","NEON.DOC.014050vK","PbNu4t/t/O1BAZriMiaA3VbsZD9KatgX",
"d4dc6285-c88a-49ad-96ea-aa2711add7a7","OSBS_023.basePlot.bet","D03","OSBS","OSBS_023","E","distributed","emergentHerbaceousWetlands",29.722597,-81.985527,"WGS84",20.1,25.8,0.1,"2017-05-04","2017-05-18","OSBS.2017.21",14,"Y","OSBS_023.E.20170518","Ok","Ok","Ok","NEON.DOC.014050vK","PbNu4t/t/O1BAZriMiaA3VbsZD9KatgX",
"0e1e8cdf-5657-44ee-901c-dfbda9180a48","OSBS_023.basePlot.bet","D03","OSBS","OSBS_023","N","distributed","emergentHerbaceousWetlands",29.722597,-81.985527,"WGS84",20.1,25.8,0.1,"2017-05-04","2017-05-18","OSBS.2017.21",14,"Y","OSBS_023.N.20170518","Ok","Ok","Ok","NEON.DOC.014050vK","PbNu4t/t/O1BAZriMiaA3VbsZD9KatgX",
"50fb4e2a-254b-4041-9fa5-72803f172b00","OSBS_023.basePlot.bet","D03","OSBS","OSBS_023","W","distributed","emergentHerbaceousWetlands",29.722597,-81.985527,"WGS84",20.1,25.8,0.1,"2017-05-04","2017-05-18","OSBS.2017.21",14,"Y","OSBS_023.W.20170518","Ok","Ok","Ok","NEON.DOC.014050vK","PbNu4t/t/O1BAZriMiaA3VbsZD9KatgX",
"a419823f-0f7d-4c44-97d8-43d952b142cf","OSBS_001.basePlot.bet","D03","OSBS","OSBS_001","N","distributed","woodyWetlands",29.702914,-82.008881,"WGS84",20.1,31.0,0.2,"2017-05-04","2017-05-18","OSBS.2017.21",14,"Y","OSBS_001.N.20170518","Ok","Ok","Low","NEON.DOC.014050vK","PbNu4t/t/O1BAZriMiaA3VbsZD9KatgX",
"9f27b259-b7db-434d-bf47-173eb342b2b9","OSBS_003.basePlot.bet","D03","OSBS","OSBS_003","E","distributed","evergreenForest",29.694992,-81.947420,"WGS84",20.1,31.9,0.2,"2017-05-04","2017-05-18","OSBS.2017.21",14,"Y","OSBS_003.E.20170518","Ok","Ok","Ok","NEON.DOC.014050vK","PQeS3Ivl8n7p349q3TXUdwRmVPP1d5yRBGiZV9rpo2U=",
