uid,namedLocation,domainID,siteID,plotID,trapID,plotType,nlcdClass,decimalLatitude,decimalLongitude,geodeticDatum,coordinateUncertainty,elevation,elevationUncertainty,setDate,collectDate,eventID,daysOfTrapping,sampleCollected,sampleID,cupStatus,lidStatus,fluidLevel,samplingProtocolVersion,recordedBy,remarks
"cb34a859-c7eb-4425-be61-c58df1cb89cc","STEI_003.basePlot.bet","D05","STEI","STEI_003","E","distributed","deciduousForest",45.824937,-90.072611,"WGS84",20.2,503.3,0.3,"2016-07-20","2016-08-03","STEI.2016.31",14,"Y","STEI_003.E.20160803","Ok","Ok","Ok","NEON.DOC.014050vH","Wa0+TesS3tZvPzjzoVGIv39gzAPKBmSf",
"04d45598-b8dd-40d4-a5c8-d8437ab5620a","STEI_009.basePlot.bet","D05","STEI","STEI_009","W","distributed","deciduousForest",45.822040,-90.089055,"WGS84",20.2,506.0,0.3,"2016-07-20","2016-08-03","STEI.2016.31",14,"Y","STEI_009.W.20160803","Ok","Ok","Ok","NEON.DOC.014050vH","Wa0+TesS3tZvPzjzoVGIv39gzAPKBmSf",
"391fdc93-43da-4612-8bec-48b6a4edd490","STEI_022.basePlot.bet","D05","STEI","STEI_022","E","distributed","woodyWetlands",45.804414,-90.052165,"WGS84",20.1,489.1,0.1,"2016-07-20","2016-08-03","STEI.2016.31",14,"Y","STEI_022.E.20160803","Ok","Ok","Ok","NEON.DOC.014050vH","Wa0+TesS3tZvPzjzoVGIv39gzAPKBmSf",
"477e58e3-b6ff-4bf5-bbd2-48b30f840d6a","STEI_007.basePlot.bet","D05","STEI","STEI_007","E","distributed","deciduousForest",45.793823,-90.053930,"WGS84",20.2,517.4,0.3,"2016-07-20","2016-08-03","STEI.2016.31",14,"Y","STEI_007.E.20160803","Ok","Disturbed","Ok","NEON.DOC.014050vH","Wa0+TesS3tZvPzjzoVGIv39gzAPKBmSf",
"6a0d647d-c595-47fd-888e-df49aaa107bb","STEI_001.basePlot.bet","D05","STEI","STEI_001","E","distributed","deciduousForest",45.812246,-90.092743,"WGS84",20.2,505.9,0.4,"2016-07-20","2016-08-03","STEI.2016.31",14,"Y","STEI_001.E.20160803","Ok","Ok","Ok","NEON.DOC.014050vH","Wa0+TesS3tZvPzjzoVGIv39gzAPKBmSf",
"8b76fd19-6249-4a01-9ef1-ded091a13a09","STEI_008.basePlot.bet","D05","STEI","STEI_008","E","distributed","mixedForest",45.802507,-90.062110,"WGS84",20.2,499.7,0.5,"2016-07-20","2016-08-03","STEI.2016.31",14,"Y","STEI_008.E.20160803","Ok","Ok","Ok","NEON.DOC.014050vH","Wa0+TesS3tZvPzjzoVGIv39gzAPKBmSf",
"d71f5905-0e54-4a16-99b8-7a3006f4e737","STEI_006.basePlot.bet","D05","STEI","STEI_006","E","distributed","deciduousForest",45.817469,-90.078389,"WGS84",20.3,504.7,0.4,"2016-07-20","2016-08-03","STEI.2016.31",14,"Y","STEI_006.E.20160803","Ok","Ok","Ok","NEON.DOC.014050vH","Wa0+TesS3tZvPzjzoVGIv39gzAPKBmSf",
"979ac89e-6668-4ad2-b76b-1a07188f8506","STEI_005.basePlot.bet","D05","STEI","STEI_005","E","distributed","deciduousForest",45.826444,-90.086211,"WGS84",20.2,500.0,0.4,"2016-07-20","2016-08-03","STEI.2016.31",14,"Y","STEI_005.E.20160803","Ok","Ok","Ok","NEON.DOC.014050vH","Wa0+TesS3tZvPzjzoVGIv39gzAPKBmSf",
"3d7c7821-f0a9-4f3d-a340-027526c3fa43","STEI_009.basePlot.bet","D05","STEI","STEI_009","E","distributed","deciduousForest",45.822040,-90.089055,"WGS84",20.2,506.0,0.3,"2016-07-20","2016-08-03","STEI.2016.31",14,"Y","STEI_009.E.20160803","Ok","Ok","Ok","NEON.DOC.014050vH","Wa0+TesS3tZvPzjzoVGIv39gzAPKBmSf",
"d040724d-e088-4206-ac0c-72a4a6334cb5","STEI_004.basePlot.bet","D05","STEI","STEI_004","E","distributed","deciduousForest",45.797893,-90.064147,"WGS84",20.2,510.2,0.3,"2016-07-20","2016-08-03","STEI.2016.31",14,"Y","STEI_004.E.20160803","Ok","Ok","Ok","NEON.DOC.014050vH","Wa0+TesS3tZvPzjzoVGIv39gzAPKBmSf",
"75ed950f-32fb-4deb-b751-84cf3ce48514","STEI_004.basePlot.bet","D05","STEI","STEI_004","N","distributed","deciduousForest",45.797893,-90.064147,"WGS84",20.2,510.2,0.3,"2016-07-20","2016-08-03","STEI.2016.31",14,"Y","STEI_004.N.20160803","Ok","Ok","Ok","NEON.DOC.014050vH","Wa0+TesS3tZvPzjzoVGIv39gzAPKBmSf",
"b6d277e6-58f1-4a86-a4ad-1c956c7cc839","STEI_002.basePlot.bet","D05","STEI","STEI_002","N","distributed","deciduousForest",45.797373,-90.092311,"WGS84",20.3,522.3,0.4,"2016-07-20","2016-08-03","STEI.2016.31",14,"Y","STEI_002.N.20160803","Ok","Ok","Ok","NEON.DOC.014050vH","Wa0+TesS3tZvPzjzoVGIv39gzAPKBmSf",
"5f20d3d2-95f4-4903-8dfa-27d1e46240b8","STEI_022.basePlot.bet","D05","STEI","STEI_022","N","distributed","woodyWetlands",45.804414,-90.052165,"WGS84",20.1,489.1,0.1,"2016-07-20","2016-08-03","STEI.2016.31",14,"Y","STEI_022.N.20160803","Ok","Ok","Ok","NEON.DOC.014050vH","Wa0+TesS3tZvPzjzoVGIv39gzAPKBmSf",
"deece11c-566a-4b2d-86ec-26a8e61519e8","STEI_007.basePlot.bet","D05","STEI","STEI_007","N","distributed","deciduousForest",45.793823,-90.053930,"WGS84",20.2,517.4,0.3,"2016-07-20","2016-08-03","STEI.2016.31",14,"Y","STEI_007.N.20160803","Ok","Ok","Ok","NEON.DOC.014050vH","Wa0+TesS3tZvPzjzoVGIv39gzAPKBmSf",
"68532509-4286-45cd-a13e-419a0c09ff81","STEI_001.basePlot.bet","D05","STEI","STEI_001","N","distributed","deciduousForest",45.812246,-90.092743,"WGS84",20.2,505.9,0.4,"2016-07-20","2016-08-03","STEI.2016.31",14,"Y","STEI_001.N.20160803","Ok","Ok","Ok","NEON.DOC.014050vH","Wa0+TesS3tZvPzjzoVGIv39gzAPKBmSf",
"80a279d8-34c0-4bb5-ad9e-2a9df83892ad","STEI_008.basePlot.bet","D05","STEI","STEI_008","N","distributed","mixedForest",45.802507,-90.062110,"WGS84",20.2,499.7,0.5,"2016-07-20","2016-08-03","STEI.2016.31",14,"Y","STEI_008.N.20160803","Ok","Ok","Ok","NEON.DOC.014050vH","Wa0+TesS3tZvPzjzoVGIv39gzAPKBmSf",
"18a3343e-1945-448e-8325-c7ec775de9b6","STEI_006.basePlot.bet","D05","STEI","STEI_006","N","distributed","deciduousForest",45.817469,-90.078389,"WGS84",20.3,504.7,0.4,"2016-07-20","2016-08-03","STEI.2016.31",14,"Y","STEI_006.N.20160803","Ok","Ok","Ok","NEON.DOC.014050vH","Wa0+TesS3tZvPzjzoVGIv39gzAPKBmSf",
"4e47c84f-8a5f-48ec-89df-a0f550cc225a","STEI_005.basePlot.bet","D05","STEI","STEI_005","N","distributed","deciduousForest",45.826444,-90.086211,"WGS84",20.2,500.0,0.4,"2016-07-20","2016-08-03","STEI.2016.31",14,"Y","STEI_005.N.20160803","Ok","Ok","Ok","NEON.DOC.014050vH","Wa0+TesS3tZvPzjzoVGIv39gzAPKBmSf",
"365a3e19-47ba-4cb3-89b5-2f83be6835b2","STEI_003.basePlot.bet","D05","STEI","STEI_003","N","distributed","deciduousForest",45.824937,-90.072611,"WGS84",20.2,503.3,0.3,"2016-07-20","2016-08-03","STEI.2016.31",14,"Y","STEI_003.N.20160803","Ok","Ok","Ok","NEON.DOC.014050vH","Wa0+TesS3tZvPzjzoVGIv39gzAPKBmSf",
"023c42ad-13d8-4191-b140-ba9541c7d140","STEI_009.basePlot.bet","D05","STEI","STEI_009","N","distributed","deciduousForest",45.822040,-90.089055,"WGS84",20.2,506.0,0.3,"2016-07-20","2016-08-03","STEI.2016.31",14,"Y","STEI_009.N.20160803","Ok","Ok","Ok","NEON.DOC.014050vH","Wa0+TesS3tZvPzjzoVGIv39gzAPKBmSf",
"821cc5b0-52ea-43dd-85e5-07f41efd9bad","STEI_009.basePlot.bet","D05","STEI","STEI_009","S","distributed","deciduousForest",45.822040,-90.089055,"WGS84",20.2,506.0,0.3,"2016-07-20","2016-08-03","STEI.2016.31",14,"Y","STEI_009.S.20160803","Ok","Ok","Ok","NEON.DOC.014050vH","Wa0+TesS3tZvPzjzoVGIv39gzAPKBmSf",
"cef829b3-8510-408d-a17b-82ae811d57cb","STEI_008.basePlot.bet","D05","STEI","STEI_008","S","distributed","mixedForest",45.802507,-90.062110,"WGS84",20.2,499.7,0.5,"2016-07-20","2016-08-03","STEI.2016.31",14,"Y","STEI_008.S.20160803","Ok","Ok","Ok","NEON.DOC.014050vH","Wa0+TesS3tZvPzjzoVGIv39gzAPKBmSf",
"e7731697-8a04-46d4-8616-ce66caf23da7","STEI_005.basePlot.bet","D05","STEI","STEI_005","S","distributed","deciduousForest",45.826444,-90.086211,"WGS84",20.2,500.0,0.4,"2016-07-20","2016-08-03","STEI.2016.31",14,"Y","STEI_005.S.20160803","Ok","Ok","Ok","NEON.DOC.014050vH","Wa0+TesS3tZvPzjzoVGIv39gzAPKBmSf",
"ec0f4a22-e2a2-400b-9805-3265ac51faf7","STEI_006.basePlot.bet","D05","STEI","STEI_006","S","distributed","deciduousForest",45.817469,-90.078389,"WGS84",20.3,504.7,0.4,"2016-07-20","2016-08-03","STEI.2016.31",14,"Y","STEI_006.S.20160803","Ok","Ok","Ok","NEON.DOC.014050vH","Wa0+TesS3tZvPzjzoVGIv39gzAPKBmSf",
"8f8d5233-434a-421f-a398-503b7b906e27","STEI_003.basePlot.bet","D05","STEI","STEI_003","S","distributed","deciduousForest",45.824937,-90.072611,"WGS84",20.2,503.3,0.3,"2016-07-20","2016-08-03","STEI.2016.31",14,"Y","STEI_003.S.20160803","Ok","Ok","Ok","NEON.DOC.014050vH","Wa0+TesS3tZvPzjzoVGIv39gzAPKBmSf",
"658631f5-7702-4f4c-8e5b-9f687e9eff9a","STEI_004.basePlot.bet","D05","STEI","STEI_004","S","distributed","deciduousForest",45.797893,-90.064147,"WGS84",20.2,510.2,0.3,"2016-07-20","2016-08-03","STEI.2016.31",14,"Y","STEI_004.S.20160803","Ok","Ok","Ok","NEON.DOC.014050vH","Wa0+TesS3tZvPzjzoVGIv39gzAPKBmSf",
"2b953c34-bb51-4e16-b7cd-152af1d30b96","STEI_022.basePlot.bet","D05","STEI","STEI_022","S","distributed","woodyWetlands",45.804414,-90.052165,"WGS84",20.1,489.1,0.1,"2016-07-20","2016-08-03","STEI.2016.31",14,"Y","STEI_022.S.20160803","Ok","Ok","Ok","NEON.DOC.014050vH","Wa0+TesS3tZvPzjzoVGIv39gzAPKBmSf",
"3300d260-c69b-410d-a2f0-a65e299a9810","STEI_002.basePlot.bet","D05","STEI","STEI_002","S","distributed","deciduousForest",45.797373,-90.092311,"WGS84",20.3,522.3,0.4,"2016-07-20","2016-08-03","STEI.2016.31",14,"Y","STEI_002.S.20160803","Ok","Ok","Ok","NEON.DOC.014050vH","Wa0+TesS3tZvPzjzoVGIv39gzAPKBmSf",
"d713e401-a54d-4c65-98c9-47944f311ad4","STEI_001.basePlot.bet","D05","STEI","STEI_001","S","distributed","deciduousForest",45.812246,-90.092743,"WGS84",20.2,505.9,0.4,"2016-07-20","2016-08-03","STEI.2016.31",14,"Y","STEI_001.S.20160803","Ok","Ok","Ok","NEON.DOC.014050vH","Wa0+TesS3tZvPzjzoVGIv39gzAPKBmSf",
"c9099f90-96e6-4438-b211-6ad0591d2e79","STEI_007.basePlot.bet","D05","STEI","STEI_007","S","distributed","deciduousForest",45.793823,-90.053930,"WGS84",20.2,517.4,0.3,"2016-07-20","2016-08-03","STEI.2016.31",14,"Y","STEI_007.S.20160803","Ok","Ok","Ok","NEON.DOC.014050vH","Wa0+TesS3tZvPzjzoVGIv39gzAPKBmSf",
"2e11e3c8-1a7f-41c6-a967-560113507036","STEI_003.basePlot.bet","D05","STEI","STEI_003","W","distributed","deciduousForest",45.824937,-90.072611,"WGS84",20.2,503.3,0.3,"2016-07-20","2016-08-03","STEI.2016.31",14,"Y","STEI_003.W.20160803","Ok","Ok","Ok","NEON.DOC.014050vH","Wa0+TesS3tZvPzjzoVGIv39gzAPKBmSf",
"a267fa16-a68a-4919-bba8-8a8afdb1e94b","STEI_022.basePlot.bet","D05","STEI","STEI_022","W","distributed","woodyWetlands",45.804414,-90.052165,"WGS84",20.1,489.1,0.1,"2016-07-20","2016-08-03","STEI.2016.31",14,"Y","STEI_022.W.20160803","Ok","Ok","Ok","NEON.DOC.014050vH","Wa0+TesS3tZvPzjzoVGIv39gzAPKBmSf",
"18d25f9f-d65a-43a3-9d23-dd45a2509833","STEI_002.basePlot.bet","D05","STEI","STEI_002","W","distributed","deciduousForest",45.797373,-90.092311,"WGS84",20.3,522.3,0.4,"2016-07-20","2016-08-03","STEI.2016.31",14,"Y","STEI_002.W.20160803","Ok","Ok","Ok","NEON.DOC.014050vH","Wa0+TesS3tZvPzjzoVGIv39gzAPKBmSf",
"8d1103bf-2e3c-4a4a-b3d5-61f5600c91d8","STEI_005.basePlot.bet","D05","STEI","STEI_005","W","distributed","deciduousForest",45.826444,-90.086211,"WGS84",20.2,500.0,0.4,"2016-07-20","2016-08-03","STEI.2016.31",14,"Y","STEI_005.W.20160803","Ok","Ok","Ok","NEON.DOC.014050vH","Wa0+TesS3tZvPzjzoVGIv39gzAPKBmSf",
"1e3280dc-1409-41b3-a84a-e7b75571178b","STEI_004.basePlot.bet","D05","STEI","STEI_004","W","distributed","deciduousForest",45.797893,-90.064147,"WGS84",20.2,510.2,0.3,"2016-07-20","2016-08-03","STEI.2016.31",14,"Y","STEI_004.W.20160803","Ok","Ok","Ok","NEON.DOC.014050vH","Wa0+TesS3tZvPzjzoVGIv39gzAPKBmSf",
"45bf0346-84cf-473e-8ffd-6a3d7867ca0f","STEI_007.basePlot.bet","D05","STEI","STEI_007","W","distributed","deciduousForest",45.793823,-90.053930,"WGS84",20.2,517.4,0.3,"2016-07-20","2016-08-03","STEI.2016.31",14,"Y","STEI_007.W.20160803","Ok","Disturbed","Ok","NEON.DOC.014050vH","Wa0+TesS3tZvPzjzoVGIv39gzAPKBmSf",
"d01625ae-c33a-411d-8393-c1aa8e8eb88f","STEI_001.basePlot.bet","D05","STEI","STEI_001","W","distributed","deciduousForest",45.812246,-90.092743,"WGS84",20.2,505.9,0.4,"2016-07-20","2016-08-03","STEI.2016.31",14,"Y","STEI_001.W.20160803","Ok","Ok","Ok","NEON.DOC.014050vH","Wa0+TesS3tZvPzjzoVGIv39gzAPKBmSf",
"43c3b9f3-b887-441f-aa58-8c71fc4d8dcf","STEI_008.basePlot.bet","D05","STEI","STEI_008","W","distributed","mixedForest",45.802507,-90.062110,"WGS84",20.2,499.7,0.5,"2016-07-20","2016-08-03","STEI.2016.31",14,"Y","STEI_008.W.20160803","Ok","Ok","Ok","NEON.DOC.014050vH","Wa0+TesS3tZvPzjzoVGIv39gzAPKBmSf",
"b5480947-c941-446e-9e8a-9b0a998c4047","STEI_006.basePlot.bet","D05","STEI","STEI_006","W","distributed","deciduousForest",45.817469,-90.078389,"WGS84",20.3,504.7,0.4,"2016-07-20","2016-08-03","STEI.2016.31",14,"Y","STEI_006.W.20160803","Ok","Ok","Ok","NEON.DOC.014050vH","Wa0+TesS3tZvPzjzoVGIv39gzAPKBmSf",
"f08751ae-0584-471a-996f-6e9fed422aaa","STEI_002.basePlot.bet","D05","STEI","STEI_002","E","distributed","deciduousForest",45.797373,-90.092311,"WGS84",20.3,522.3,0.4,"2016-07-20","2016-08-03","STEI.2016.31",14,"Y","STEI_002.E.20160803","Ok","Ok","Ok","NEON.DOC.014050vH","Wa0+TesS3tZvPzjzoVGIv39gzAPKBmSf",
"a128f1db-8759-4054-bcf3-ee5018945630","STEI_022.basePlot.bet","D05","STEI","STEI_022","S","distributed","woodyWetlands",45.804414,-90.052165,"WGS84",20.1,489.1,0.1,"2016-08-03","2016-08-17","STEI.2016.33",14,"Y","STEI_022.S.20160817","Ok","Ok","Ok","NEON.DOC.014050vH","HRQ2qSmGm8w8Hpt9UYCeWTEDSajtVjQn","Trap lid was flush with cup blocking access."
"c62f976c-f660-4100-9964-f6b5933c8426","STEI_004.basePlot.bet","D05","STEI","STEI_004","S","distributed","deciduousForest",45.797893,-90.064147,"WGS84",20.2,510.2,0.3,"2016-08-03","2016-08-17","STEI.2016.33",14,"Y","STEI_004.S.20160817","Ok","Ok","Ok","NEON.DOC.014050vH","HRQ2qSmGm8w8Hpt9UYCeWTEDSajtVjQn",
"cb22606a-1f6c-4823-b7fa-e60b656df1b4","STEI_002.basePlot.bet","D05","STEI","STEI_002","S","distributed","deciduousForest",45.797373,-90.092311,"WGS84",20.3,522.3,0.4,"2016-08-03","2016-08-17","STEI.2016.33",14,"Y","STEI_002.S.20160817","Ok","Ok","Ok","NEON.DOC.014050vH","HRQ2qSmGm8w8Hpt9UYCeWTEDSajtVjQn",
"599f5a15-bc02-4863-85df-97bc49908652","STEI_009.basePlot.bet","D05","STEI","STEI_009","S","distributed","deciduousForest",45.822040,-90.089055,"WGS84",20.2,506.0,0.3,"2016-08-03","2016-08-17","STEI.2016.33",14,"Y","STEI_009.S.20160817","Ok","Ok","Ok","NEON.DOC.014050vH","sLXn7wTHXoRJL4fX6U0RGoB8I5uaqWlh",
"01a97f26-faf7-4710-b2ab-15569f4181d9","STEI_001.basePlot.bet","D05","STEI","STEI_001","S","distributed","deciduousForest",45.812246,-90.092743,"WGS84",20.2,505.9,0.4,"2016-08-03","2016-08-17","STEI.2016.33",14,"Y","STEI_001.S.20160817","Ok","Ok","Ok","NEON.DOC.014050vH","sLXn7wTHXoRJL4fX6U0RGoB8I5uaqWlh",
"4db220c9-9836-493e-931a-a3dc01c27350","STEI_008.basePlot.bet","D05","STEI","STEI_008","S","distributed","mixedForest",45.802507,-90.062110,"WGS84",20.2,499.7,0.5,"2016-08-03","2016-08-17","STEI.2016.33",14,"Y","STEI_008.S.20160817","Ok","Ok","Ok","NEON.DOC.014050vH","HRQ2qSmGm8w8Hpt9UYCeWTEDSajtVjQn",
"320d1800-f967-4c34-9086-d3ece85db36c","STEI_008.basePlot.bet","D05","STEI","STEI_008","W","distributed","mixedForest",45.802507,-90.062110,"WGS84",20.2,499.7,0.5,"2016-08-03","2016-08-17","STEI.2016.33",14,"Y","STEI_008.W.20160817","Ok","Ok","Ok","NEON.DOC.014050vH","HRQ2qSmGm8w8Hpt9UYCeWTEDSajtVjQn",
"6f871478-6954-4cfd-8e7b-d0b82557cfaa","STEI_005.basePlot.bet","D05","STEI","STEI_005","W","distributed","deciduousForest",45.826444,-90.086211,"WGS84",20.2,500.0,0.4,"2016-08-03","2016-08-17","STEI.2016.33",14,"Y","STEI_005.W.20160817","Ok","Ok","Ok","NEON.DOC.014050vH","sLXn7wTHXoRJL4fX6U0RGoB8I5uaqWlh",
"126468ee-9e5d-4b63-9744-df67869b2467","STEI_006.basePlot.bet","D05","STEI","STEI_006","W","distributed","deciduousForest",45.817469,-90.078389,"WGS84",20.3,504.7,0.4,"2016-08-03","2016-08-17","STEI.2016.33",14,"Y","STEI_006.W.20160817","Ok","Ok","Ok","NEON.DOC.014050vH","sLXn7wTHXoRJL4fX6U0RGoB8I5uaqWlh",
"61cdb904-d4ba-4c3c-88b5-7be8ef46b4d3","STEI_009.basePlot.bet","D05","STEI","STEI_009","W","distributed","deciduousForest",45.822040,-90.089055,"WGS84",20.2,506.0,0.3,"2016-08-03","2016-08-17","STEI.2016.33",14,"Y","STEI_009.W.20160817","Ok","Ok","Ok","NEON.DOC.014050vH","sLXn7wTHXoRJL4fX6U0RGoB8I5uaqWlh",
"8084731c-5226-4dad-91e1-defa2a87f417","STEI_003.basePlot.bet","D05","STEI","STEI_003","W","distributed","deciduousForest",45.824937,-90.072611,"WGS84",20.2,503.3,0.3,"2016-08-03","2016-08-17","STEI.2016.33",14,"Y","STEI_003.W.20160817","Ok","Ok","Ok","NEON.DOC.014050vH","sLXn7wTHXoRJL4fX6U0RGoB8I5uaqWlh",
"960a889c-3e2d-4cfb-82db-1fc17c33a64e","STEI_004.basePlot.bet","D05","STEI","STEI_004","W","distributed","deciduousForest",45.797893,-90.064147,"WGS84",20.2,510.2,0.3,"2016-08-03","2016-08-17","STEI.2016.33",14,"Y","STEI_004.W.20160817","Ok","Ok","Ok","NEON.DOC.014050vH","HRQ2qSmGm8w8Hpt9UYCeWTEDSajtVjQn",
"056dfa2f-0f45-46f4-a139-c11210dd4d29","STEI_022.basePlot.bet","D05","STEI","STEI_022","W","distributed","woodyWetlands",45.804414,-90.052165,"WGS84",20.1,489.1,0.1,"2016-08-03","2016-08-17","STEI.2016.33",14,"Y","STEI_022.W.20160817","Ok","Ok","Ok","NEON.DOC.014050vH","HRQ2qSmGm8w8Hpt9UYCeWTEDSajtVjQn",
"6dfeed76-95f1-41af-8007-6a48b2eb7873","STEI_002.basePlot.bet","D05","STEI","STEI_002","W","distributed","deciduousForest",45.797373,-90.092311,"WGS84",20.3,522.3,0.4,"2016-08-03","2016-08-17","STEI.2016.33",14,"Y","STEI_002.W.20160817","Ok","Ok","Ok","NEON.DOC.014050vH","HRQ2qSmGm8w8Hpt9UYCeWTEDSajtVjQn",
"a7dfb968-4b6f-42ca-8119-bea118f05a94","STEI_007.basePlot.bet","D05","STEI","STEI_007","W","distributed","deciduousForest",45.793823,-90.053930,"WGS84",20.2,517.4,0.3,"2016-08-03","2016-08-17","STEI.2016.33",14,"Y","STEI_007.W.20160817","Ok","Ok","Ok","NEON.DOC.014050vH","HRQ2qSmGm8w8Hpt9UYCeWTEDSajtVjQn",
"100017da-4a4f-4a14-a5f3-3e3286b2a330","STEI_001.basePlot.bet","D05","STEI","STEI_001","W","distributed","deciduousForest",45.812246,-90.092743,"WGS84",20.2,505.9,0.4,"2016-08-03","2016-08-17","STEI.2016.33",14,"Y","STEI_001.W.20160817","Ok","Ok","Ok","NEON.DOC.014050vH","sLXn7wTHXoRJL4fX6U0RGoB8I5uaqWlh",
"8e4d1a07-b2e4-48e6-b6a1-cd6a48f29dfe","STEI_003.basePlot.bet","D05","STEI","STEI_003","E","distributed","deciduousForest",45.824937,-90.072611,"WGS84",20.2,503.3,0.3,"2016-08-03","2016-08-17","STEI.2016.33",14,"Y","STEI_003.E.20160817","Ok","Ok","Ok","NEON.DOC.014050vH","sLXn7wTHXoRJL4fX6U0RGoB8I5uaqWlh",
"8a5e32ad-a104-4fef-b8e5-dbd6eca34d09","STEI_004.basePlot.bet","D05","STEI","STEI_004","E","distributed","deciduousForest",45.797893,-90.064147,"WGS84",20.2,510.2,0.3,"2016-08-03","2016-08-17","STEI.2016.33",14,"Y","STEI_004.E.20160817","Ok","Ok","Ok","NEON.DOC.014050vH","HRQ2qSmGm8w8Hpt9UYCeWTEDSajtVjQn",
"1cc4e82c-74f0-45e2-a107-cb49ebc40887","STEI_005.basePlot.bet","D05","STEI","STEI_005","E","distributed","deciduousForest",45.826444,-90.086211,"WGS84",20.2,500.0,0.4,"2016-08-03","2016-08-17","STEI.2016.33",14,"Y","STEI_005.E.20160817","Ok","Ok","Ok","NEON.DOC.014050vH","sLXn7wTHXoRJL4fX6U0RGoB8I5uaqWlh",
"a83aefd5-055f-4a02-96d6-e7a70b5f732a","STEI_006.basePlot.bet","D05","STEI","STEI_006","E","distributed","deciduousForest",45.817469,-90.078389,"WGS84",20.3,504.7,0.4,"2016-08-03","2016-08-17","STEI.2016.33",14,"Y","STEI_006.E.20160817","Ok","Ok","Ok","NEON.DOC.014050vH","sLXn7wTHXoRJL4fX6U0RGoB8I5uaqWlh",
"b92ac5fb-5e71-4b10-8931-45e784b36870","STEI_009.basePlot.bet","D05","STEI","STEI_009","E","distributed","deciduousForest",45.822040,-90.089055,"WGS84",20.2,506.0,0.3,"2016-08-03","2016-08-17","STEI.2016.33",14,"Y","STEI_009.E.20160817","Ok","Ok","Ok","NEON.DOC.014050vH","sLXn7wTHXoRJL4fX6U0RGoB8I5uaqWlh",
"77e2c075-07e0-4cea-8b20-38e9a78937e6","STEI_008.basePlot.bet","D05","STEI","STEI_008","E","distributed","mixedForest",45.802507,-90.062110,"WGS84",20.2,499.7,0.5,"2016-08-03","2016-08-17","STEI.2016.33",14,"Y","STEI_008.E.20160817","Ok","Ok","Ok","NEON.DOC.014050vH","HRQ2qSmGm8w8Hpt9UYCeWTEDSajtVjQn",
"799ac5c1-b457-4711-a0e5-05d7630fb53f","STEI_001.basePlot.bet","D05","STEI","STEI_001","E","distributed","deciduousForest",45.812246,-90.092743,"WGS84",20.2,505.9,0.4,"2016-08-03","2016-08-17","STEI.2016.33",14,"Y","STEI_001.E.20160817","Ok","Ok","Ok","NEON.DOC.014050vH","sLXn7wTHXoRJL4fX6U0RGoB8I5uaqWlh",
"bf732b27-1487-4554-b9a4-55c08e8779eb","STEI_002.basePlot.bet","D05","STEI","STEI_002","E","distributed","deciduousForest",45.797373,-90.092311,"WGS84",20.3,522.3,0.4,"2016-08-03","2016-08-17","STEI.2016.33",14,"Y","STEI_002.E.20160817","Ok","Ok","Ok","NEON.DOC.014050vH","HRQ2qSmGm8w8Hpt9UYCeWTEDSajtVjQn",
"ad25fc90-de44-4d35-bd76-c504067c457e","STEI_007.basePlot.bet","D05","STEI","STEI_007","E","distributed","deciduousForest",45.793823,-90.053930,"WGS84",20.2,517.4,0.3,"2016-08-03","2016-08-17","STEI.2016.33",14,"Y","STEI_007.E.20160817","Ok","Disturbed","Ok","NEON.DOC.014050vH","HRQ2qSmGm8w8Hpt9UYCeWTEDSajtVjQn",
"1343df4f-e8e5-433d-966b-7ed12bd47fdb","STEI_022.basePlot.bet","D05","STEI","STEI_022","E","distributed","woodyWetlands",45.804414,-90.052165,"WGS84",20.1,489.1,0.1,"2016-08-03","2016-08-17","STEI.2016.33",14,"Y","STEI_022.E.20160817","Ok","Ok","Ok","NEON.DOC.014050vH","HRQ2qSmGm8w8Hpt9UYCeWTEDSajtVjQn",
"7cac01f1-4537-4b17-9685-50fdc430840b","STEI_003.basePlot.bet","D05","STEI","STEI_003","N","distributed","deciduousForest",45.824937,-90.072611,"WGS84",20.2,503.3,0.3,"2016-08-03","2016-08-17","STEI.2016.33",14,"Y","STEI_003.N.20160817","Ok","Ok","Ok","NEON.DOC.014050vH","sLXn7wTHXoRJL4fX6U0RGoB8I5uaqWlh",
"5f8253bc-3018-4e27-b1d7-6e9c79bf2f8c","STEI_004.basePlot.bet","D05","STEI","STEI_004","N","distributed","deciduousForest",45.797893,-90.064147,"WGS84",20.2,510.2,0.3,"2016-08-03","2016-08-17","STEI.2016.33",14,"Y","STEI_004.N.20160817","Ok","Ok","Ok","NEON.DOC.014050vH","HRQ2qSmGm8w8Hpt9UYCeWTEDSajtVjQn",
"9982fb75-fed1-45c0-8aab-9aa896b2b66a","STEI_022.basePlot.bet","D05","STEI","STEI_022","N","distributed","woodyWetlands",45.804414,-90.052165,"WGS84",20.1,489.1,0.1,"2016-08-03","2016-08-17","STEI.2016.33",14,"Y","STEI_022.N.20160817","Ok","Ok","Ok","NEON.DOC.014050vH","HRQ2qSmGm8w8Hpt9UYCeWTEDSajtVjQn",
"20e623e1-53e8-4be3-bf45-e66937bfd859","STEI_007.basePlot.bet","D05","STEI","STEI_007","N","distributed","deciduousForest",45.793823,-90.053930,"WGS84",20.2,517.4,0.3,"2016-08-03","2016-08-17","STEI.2016.33",14,"Y","STEI_007.N.20160817","Ok","Ok","Ok","NEON.DOC.014050vH","HRQ2qSmGm8w8Hpt9UYCeWTEDSajtVjQn","Lid flush with cup closing off access."
"d8c463b9-ddd5-409a-8c8a-87e8155e1b78","STEI_001.basePlot.bet","D05","STEI","STEI_001","N","distributed","deciduousForest",45.812246,-90.092743,"WGS84",20.2,505.9,0.4,"2016-08-03","2016-08-17","STEI.2016.33",14,"Y","STEI_001.N.20160817","Ok","Ok","Ok","NEON.DOC.014050vH","sLXn7wTHXoRJL4fX6U0RGoB8I5uaqWlh","Lid flush with the cup."
"364e4c79-19c4-49c8-b524-8a0c06fa5ea4","STEI_002.basePlot.bet","D05","STEI","STEI_002","N","distributed","deciduousForest",45.797373,-90.092311,"WGS84",20.3,522.3,0.4,"2016-08-03","2016-08-17","STEI.2016.33",14,"Y","STEI_002.N.20160817","Ok","Ok","Ok","NEON.DOC.014050vH","HRQ2qSmGm8w8Hpt9UYCeWTEDSajtVjQn",
"00606d47-549f-43cc-901d-dcb7bd3d77ed","STEI_009.basePlot.bet","D05","STEI","STEI_009","N","distributed","deciduousForest",45.822040,-90.089055,"WGS84",20.2,506.0,0.3,"2016-08-03","2016-08-17","STEI.2016.33",14,"Y","STEI_009.N.20160817","Ok","Ok","High","NEON.DOC.014050vH","sLXn7wTHXoRJL4fX6U0RGoB8I5uaqWlh",
"dc1e613c-6a1f-4217-a080-879add8d7151","STEI_006.basePlot.bet","D05","STEI","STEI_006","N","distributed","deciduousForest",45.817469,-90.078389,"WGS84",20.3,504.7,0.4,"2016-08-03","2016-08-17","STEI.2016.33",14,"Y","STEI_006.N.20160817","Ok","Ok","Ok","NEON.DOC.014050vH","sLXn7wTHXoRJL4fX6U0RGoB8I5uaqWlh",
"0b2edbbb-88c2-4429-9bd6-4bdfcfb9ab98","STEI_008.basePlot.bet","D05","STEI","STEI_008","N","distributed","mixedForest",45.802507,-90.062110,"WGS84",20.2,499.7,0.5,"2016-08-03","2016-08-17","STEI.2016.33",14,"Y","STEI_008.N.20160817","Ok","Ok","Ok","NEON.DOC.014050vH","HRQ2qSmGm8w8Hpt9UYCeWTEDSajtVjQn",
"1c46d340-ea8f-4333-87b3-c0f12ed7e598","STEI_005.basePlot.bet","D05","STEI","STEI_005","N","distributed","deciduousForest",45.826444,-90.086211,"WGS84",20.2,500.0,0.4,"2016-08-03","2016-08-17","STEI.2016.33",14,"Y","STEI_005.N.20160817","Ok","Ok","Ok","NEON.DOC.014050vH","sLXn7wTHXoRJL4fX6U0RGoB8I5uaqWlh",
"274c85e3-5c3b-4c4f-8c0e-0632535765f9","STEI_003.basePlot.bet","D05","STEI","STEI_003","S","distributed","deciduousForest",45.824937,-90.072611,"WGS84",20.2,503.3,0.3,"2016-08-03","2016-08-17","STEI.2016.33",14,"Y","STEI_003.S.20160817","Ok","Ok","Ok","NEON.DOC.014050vH","sLXn7wTHXoRJL4fX6U0RGoB8I5uaqWlh",
"8010fc54-4680-4bf4-9425-caa0abcd78b3","STEI_005.basePlot.bet","D05","STEI","STEI_005","S","distributed","deciduousForest",45.826444,-90.086211,"WGS84",20.2,500.0,0.4,"2016-08-03","2016-08-17","STEI.2016.33",14,"Y","STEI_005.S.20160817","Ok","Ok","Ok","NEON.DOC.014050vH","sLXn7wTHXoRJL4fX6U0RGoB8I5uaqWlh",
"d88c8f66-cd4c-4d4a-8bbd-021c9f370930","STEI_006.basePlot.bet","D05","STEI","STEI_006","S","distributed","deciduousForest",45.817469,-90.078389,"WGS84",20.3,504.7,0.4,"2016-08-03","2016-08-17","STEI.2016.33",14,"Y","STEI_006.S.20160817","Ok","Ok","Ok","NEON.DOC.014050vH","sLXn7wTHXoRJL4fX6U0RGoB8I5uaqWlh",
"d94293a5-c437-46cf-8dfe-8d885da352b3","STEI_007.basePlot.bet","D05","STEI","STEI_007","S","distributed","deciduousForest",45.793823,-90.053930,"WGS84",20.2,517.4,0.3,"2016-08-03","2016-08-17","STEI.2016.33",14,"Y","STEI_007.S.20160817","Ok","Ok","Ok","NEON.DOC.014050vH","HRQ2qSmGm8w8Hpt9UYCeWTEDSajtVjQn",
"0b505853-d980-4088-bf6a-95ca33f13ccd","STEI_004.basePlot.bet","D05","STEI","STEI_004","E","distributed","deciduousForest",45.797893,-90.064147,"WGS84",20.2,510.2,0.3,"2016-08-17","2016-08-31","STEI.2016.35",14,"Y","STEI_004.E.20160831","Ok","Ok","Ok","NEON.DOC.014050vH","ZLiBrmvqlLBFOFHAJeJ5SGepn/fS4c88",
"89fe39ef-f678-443d-9ed2-2463afd5a649","STEI_001.basePlot.bet","D05","STEI","STEI_001","W","distributed","deciduousForest",45.812246,-90.092743,"WGS84",20.2,505.9,0.4,"2016-08-17","2016-08-31","STEI.2016.35",14,"Y","STEI_001.W.20160831","Ok","Ok","Ok","NEON.DOC.014050vH","Wa0+TesS3tZvPzjzoVGIv39gzAPKBmSf",
"ccddbdca-682f-4e06-972a-51e45f60a380","STEI_002.basePlot.bet","D05","STEI","STEI_002","E","distributed","deciduousForest",45.797373,-90.092311,"WGS84",20.3,522.3,0.4,"2016-08-17","2016-08-31","STEI.2016.35",14,"Y","STEI_002.E.20160831","Ok","Ok","Ok","NEON.DOC.014050vH","Wa0+TesS3tZvPzjzoVGIv39gzAPKBmSf",
"8a5cd35f-cc1f-4b5a-a777-a33e209d3b88","STEI_007.basePlot.bet","D05","STEI","STEI_007","E","distributed","deciduousForest",45.793823,-90.053930,"WGS84",20.2,517.4,0.3,"2016-08-17","2016-08-31","STEI.2016.35",14,"Y","STEI_007.E.20160831","Ok","Ok","Ok","NEON.DOC.014050vH","Wa0+TesS3tZvPzjzoVGIv39gzAPKBmSf",
"50cf6146-e7f2-4180-a482-a05a3feb3089","STEI_001.basePlot.bet","D05","STEI","STEI_001","E","distributed","deciduousForest",45.812246,-90.092743,"WGS84",20.2,505.9,0.4,"2016-08-17","2016-08-31","STEI.2016.35",14,"Y","STEI_001.E.20160831","Ok","Ok","Ok","NEON.DOC.014050vH","Wa0+TesS3tZvPzjzoVGIv39gzAPKBmSf",
"c8af7b42-daad-422f-8e89-35bf4f3dd3b7","STEI_008.basePlot.bet","D05","STEI","STEI_008","E","distributed","mixedForest",45.802507,-90.062110,"WGS84",20.2,499.7,0.5,"2016-08-17","2016-08-31","STEI.2016.35",14,"Y","STEI_008.E.20160831","Ok","Ok","Ok","NEON.DOC.014050vH","Wa0+TesS3tZvPzjzoVGIv39gzAPKBmSf",
"c8896a9b-a691-42d6-8ec8-91be201016d4","STEI_006.basePlot.bet","D05","STEI","STEI_006","E","distributed","deciduousForest",45.817469,-90.078389,"WGS84",20.3,504.7,0.4,"2016-08-17","2016-08-31","STEI.2016.35",14,"Y","STEI_006.E.20160831","Ok","Ok","Ok","NEON.DOC.014050vH","Wa0+TesS3tZvPzjzoVGIv39gzAPKBmSf",
"acbdb5db-1370-477c-bc0b-75d7274f75ed","STEI_005.basePlot.bet","D05","STEI","STEI_005","E","distributed","deciduousForest",45.826444,-90.086211,"WGS84",20.2,500.0,0.4,"2016-08-17","2016-08-31","STEI.2016.35",14,"Y","STEI_005.E.20160831","Ok","Ok","Ok","NEON.DOC.014050vH","Wa0+TesS3tZvPzjzoVGIv39gzAPKBmSf",
"1c1b67a4-2181-40d6-9959-abec4b5205e7","STEI_009.basePlot.bet","D05","STEI","STEI_009","E","distributed","deciduousForest",45.822040,-90.089055,"WGS84",20.2,506.0,0.3,"2016-08-17","2016-08-31","STEI.2016.35",14,"Y","STEI_009.E.20160831","Ok","Ok","Ok","NEON.DOC.014050vH","Wa0+TesS3tZvPzjzoVGIv39gzAPKBmSf",
"454ff500-4f1b-4d8d-a689-0d3066bfcbd3","STEI_003.basePlot.bet","D05","STEI","STEI_003","E","distributed","deciduousForest",45.824937,-90.072611,"WGS84",20.2,503.3,0.3,"2016-08-17","2016-08-31","STEI.2016.35",14,"Y","STEI_003.E.20160831","Ok","Ok","Ok","NEON.DOC.014050vH","Wa0+TesS3tZvPzjzoVGIv39gzAPKBmSf",
"99e27896-bd6a-4247-a5b5-a52bd0e073ed","STEI_004.basePlot.bet","D05","STEI","STEI_004","N","distributed","deciduousForest",45.797893,-90.064147,"WGS84",20.2,510.2,0.3,"2016-08-17","2016-08-31","STEI.2016.35",14,"Y","STEI_004.N.20160831","Ok","Ok","Ok","NEON.DOC.014050vH","ZLiBrmvqlLBFOFHAJeJ5SGepn/fS4c88",
"f4af7206-5002-42e9-a35e-386d5d6379bb","STEI_022.basePlot.bet","D05","STEI","STEI_022","N","distributed","woodyWetlands",45.804414,-90.052165,"WGS84",20.1,489.1,0.1,"2016-08-17","2016-08-31","STEI.2016.35",14,"Y","STEI_022.N.20160831","Ok","Ok","Ok","NEON.DOC.014050vH","Wa0+TesS3tZvPzjzoVGIv39gzAPKBmSf",
"cad743f6-931f-4def-ba47-e9a93a60a71e","STEI_002.basePlot.bet","D05","STEI","STEI_002","N","distributed","deciduousForest",45.797373,-90.092311,"WGS84",20.3,522.3,0.4,"2016-08-17","2016-08-31","STEI.2016.35",14,"Y","STEI_002.N.20160831","Ok","Ok","Low","NEON.DOC.014050vH","Wa0+TesS3tZvPzjzoVGIv39gzAPKBmSf","Cup wasn't set during last collection"
"a11f6395-e936-4eb1-800e-9e98c64eebdc","STEI_007.basePlot.bet","D05","STEI","STEI_007","N","distributed","deciduousForest",45.793823,-90.053930,"WGS84",20.2,517.4,0.3,"2016-08-17","2016-08-31","STEI.2016.35",14,"Y","STEI_007.N.20160831","Ok","Disturbed","Ok","NEON.DOC.014050vH","Wa0+TesS3tZvPzjzoVGIv39gzAPKBmSf",
"dcdd9a8c-cddd-4034-815d-9ebbdd9b1621","STEI_001.basePlot.bet","D05","STEI","STEI_001","N","distributed","deciduousForest",45.812246,-90.092743,"WGS84",20.2,505.9,0.4,"2016-08-17","2016-08-31","STEI.2016.35",14,"Y","STEI_001.N.20160831","Ok","Ok","Ok","NEON.DOC.014050vH","Wa0+TesS3tZvPzjzoVGIv39gzAPKBmSf",
"f8ba1342-abe2-486c-a5ac-0b7a8ef702ac","STEI_008.basePlot.bet","D05","STEI","STEI_008","N","distributed","mixedForest",45.802507,-90.062110,"WGS84",20.2,499.7,0.5,"2016-08-17","2016-08-31","STEI.2016.35",14,"Y","STEI_008.N.20160831","Ok","Ok","Ok","NEON.DOC.014050vH","Wa0+TesS3tZvPzjzoVGIv39gzAPKBmSf",
"60747ec4-1584-4302-a06c-734c68974c03","STEI_005.basePlot.bet","D05","STEI","STEI_005","N","distributed","deciduousForest",45.826444,-90.086211,"WGS84",20.2,500.0,0.4,"2016-08-17","2016-08-31","STEI.2016.35",14,"Y","STEI_005.N.20160831","Ok","Ok","Ok","NEON.DOC.014050vH","Wa0+TesS3tZvPzjzoVGIv39gzAPKBmSf",
"f9875ea7-7c5f-4003-bb93-a2cffe419661","STEI_009.basePlot.bet","D05","STEI","STEI_009","N","distributed","deciduousForest",45.822040,-90.089055,"WGS84",20.2,506.0,0.3,"2016-08-17","2016-08-31","STEI.2016.35",14,"Y","STEI_009.N.20160831","Ok","Ok","Ok","NEON.DOC.014050vH","Wa0+TesS3tZvPzjzoVGIv39gzAPKBmSf",
"35129a4e-343a-4e9e-b6a7-078811f8304d","STEI_006.basePlot.bet","D05","STEI","STEI_006","N","distributed","deciduousForest",45.817469,-90.078389,"WGS84",20.3,504.7,0.4,"2016-08-17","2016-08-31","STEI.2016.35",14,"Y","STEI_006.N.20160831","Ok","Ok","Ok","NEON.DOC.014050vH","Wa0+TesS3tZvPzjzoVGIv39gzAPKBmSf",
"5170bad3-1e0e-47db-881c-e538c3dbbd91","STEI_003.basePlot.bet","D05","STEI","STEI_003","N","distributed","deciduousForest",45.824937,-90.072611,"WGS84",20.2,503.3,0.3,"2016-08-17","2016-08-31","STEI.2016.35",14,"Y","STEI_003.N.20160831","Ok","Ok","Ok","NEON.DOC.014050vH","Wa0+TesS3tZvPzjzoVGIv39gzAPKBmSf",
"96a99468-2b1b-4443-89e8-333af5d84189","STEI_022.basePlot.bet","D05","STEI","STEI_022","S","distributed","woodyWetlands",45.804414,-90.052165,"WGS84",20.1,489.1,0.1,"2016-08-17","2016-08-31","STEI.2016.35",14,"Y","STEI_022.S.20160831","Ok","Ok","Ok","NEON.DOC.014050vH","Wa0+TesS3tZvPzjzoVGIv39gzAPKBmSf",
"a5c10958-a30a-46b3-8a97-ef940189aef6","STEI_004.basePlot.bet","D05","STEI","STEI_004","S","distributed","deciduousForest",45.797893,-90.064147,"WGS84",20.2,510.2,0.3,"2016-08-17","2016-08-31","STEI.2016.35",14,"Y","STEI_004.S.20160831","Ok","Ok","Low","NEON.DOC.014050vH","ZLiBrmvqlLBFOFHAJeJ5SGepn/fS4c88","Cup was not reset during last collection, sample was still collected."
"8588ed8a-e98d-4384-a67b-ed18dbc4ea47","STEI_002.basePlot.bet","D05","STEI","STEI_002","S","distributed","deciduousForest",45.797373,-90.092311,"WGS84",20.3,522.3,0.4,"2016-08-17","2016-08-31","STEI.2016.35",14,"Y","STEI_002.S.20160831","Ok","Ok","Ok","NEON.DOC.014050vH","Wa0+TesS3tZvPzjzoVGIv39gzAPKBmSf",
"46aacc96-bf9b-4ce1-a43b-e86edbb2a6fd","STEI_007.basePlot.bet","D05","STEI","STEI_007","S","distributed","deciduousForest",45.793823,-90.053930,"WGS84",20.2,517.4,0.3,"2016-08-17","2016-08-31","STEI.2016.35",14,"Y","STEI_007.S.20160831","Ok","Disturbed","Ok","NEON.DOC.014050vH","Wa0+TesS3tZvPzjzoVGIv39gzAPKBmSf",
"bb5a4d3d-fe4f-43e9-af6a-17d02ce391b5","STEI_001.basePlot.bet","D05","STEI","STEI_001","S","distributed","deciduousForest",45.812246,-90.092743,"WGS84",20.2,505.9,0.4,"2016-08-17","2016-08-31","STEI.2016.35",14,"Y","STEI_001.S.20160831","Ok","Ok","Ok","NEON.DOC.014050vH","Wa0+TesS3tZvPzjzoVGIv39gzAPKBmSf",
"148d8256-edf8-4354-be8f-d1fb7832097a","STEI_008.basePlot.bet","D05","STEI","STEI_008","S","distributed","mixedForest",45.802507,-90.062110,"WGS84",20.2,499.7,0.5,"2016-08-17","2016-08-31","STEI.2016.35",14,"Y","STEI_008.S.20160831","Ok","Ok","Ok","NEON.DOC.014050vH","Wa0+TesS3tZvPzjzoVGIv39gzAPKBmSf",
"65b30cc8-1606-481c-bec7-9b188aebcbcf","STEI_005.basePlot.bet","D05","STEI","STEI_005","S","distributed","deciduousForest",45.826444,-90.086211,"WGS84",20.2,500.0,0.4,"2016-08-17","2016-08-31","STEI.2016.35",14,"Y","STEI_005.S.20160831","Ok","Ok","Ok","NEON.DOC.014050vH","Wa0+TesS3tZvPzjzoVGIv39gzAPKBmSf",
"720b33cc-f755-4c2e-aa5e-41816fafd56f","STEI_009.basePlot.bet","D05","STEI","STEI_009","S","distributed","deciduousForest",45.822040,-90.089055,"WGS84",20.2,506.0,0.3,"2016-08-17","2016-08-31","STEI.2016.35",14,"Y","STEI_009.S.20160831","Ok","Ok","Ok","NEON.DOC.014050vH","Wa0+TesS3tZvPzjzoVGIv39gzAPKBmSf",
"4b456ce4-3a74-47c3-ac67-815b4654f3a7","STEI_006.basePlot.bet","D05","STEI","STEI_006","S","distributed","deciduousForest",45.817469,-90.078389,"WGS84",20.3,504.7,0.4,"2016-08-17","2016-08-31","STEI.2016.35",14,"Y","STEI_006.S.20160831","Ok","Ok","Ok","NEON.DOC.014050vH","Wa0+TesS3tZvPzjzoVGIv39gzAPKBmSf",
"169b052a-c679-4ab1-a93a-377cb7b2497c","STEI_003.basePlot.bet","D05","STEI","STEI_003","S","distributed","deciduousForest",45.824937,-90.072611,"WGS84",20.2,503.3,0.3,"2016-08-17","2016-08-31","STEI.2016.35",14,"Y","STEI_003.S.20160831","Ok","Ok","Ok","NEON.DOC.014050vH","Wa0+TesS3tZvPzjzoVGIv39gzAPKBmSf",
"798bb855-b79d-4d15-81aa-d4b38547ebe8","STEI_008.basePlot.bet","D05","STEI","STEI_008","W","distributed","mixedForest",45.802507,-90.062110,"WGS84",20.2,499.7,0.5,"2016-08-17","2016-08-31","STEI.2016.35",14,"Y","STEI_008.W.20160831","Ok","Ok","Ok","NEON.DOC.014050vH","Wa0+TesS3tZvPzjzoVGIv39gzAPKBmSf",
"d5808741-69d9-4c75-87a9-fc7484f2d535","STEI_005.basePlot.bet","D05","STEI","STEI_005","W","distributed","deciduousForest",45.826444,-90.086211,"WGS84",20.2,500.0,0.4,"2016-08-17","2016-08-31","STEI.2016.35",14,"Y","STEI_005.W.20160831","Ok","Ok","Ok","NEON.DOC.014050vH","Wa0+TesS3tZvPzjzoVGIv39gzAPKBmSf",
"c378a4eb-e04f-4b1b-810c-f4cbb58653a4","STEI_006.basePlot.bet","D05","STEI","STEI_006","W","distributed","deciduousForest",45.817469,-90.078389,"WGS84",20.3,504.7,0.4,"2016-08-17","2016-08-31","STEI.2016.35",14,"Y","STEI_006.W.20160831","Ok","Ok","Ok","NEON.DOC.014050vH","Wa0+TesS3tZvPzjzoVGIv39gzAPKBmSf",
"c354b19c-ab83-42a3-ac20-498b65b56a10","STEI_009.basePlot.bet","D05","STEI","STEI_009","W","distributed","deciduousForest",45.822040,-90.089055,"WGS84",20.2,506.0,0.3,"2016-08-17","2016-08-31","STEI.2016.35",14,"Y","STEI_009.W.20160831","Ok","Ok","Ok","NEON.DOC.014050vH","Wa0+TesS3tZvPzjzoVGIv39gzAPKBmSf",
"5cb953b7-861b-44eb-a5ef-c71f4505dc82","STEI_003.basePlot.bet","D05","STEI","STEI_003","W","distributed","deciduousForest",45.824937,-90.072611,"WGS84",20.2,503.3,0.3,"2016-08-17","2016-08-31","STEI.2016.35",14,"Y","STEI_003.W.20160831","Ok","Ok","Ok","NEON.DOC.014050vH","Wa0+TesS3tZvPzjzoVGIv39gzAPKBmSf",
"3377a6fd-6376-4da0-ad79-141c9cd4679f","STEI_004.basePlot.bet","D05","STEI","STEI_004","W","distributed","deciduousForest",45.797893,-90.064147,"WGS84",20.2,510.2,0.3,"2016-08-17","2016-08-31","STEI.2016.35",14,"Y","STEI_004.W.20160831","Ok","Ok","Ok","NEON.DOC.014050vH","ZLiBrmvqlLBFOFHAJeJ5SGepn/fS4c88",
"a6fe80dc-f048-42c0-a21e-01848e0f9b70","STEI_022.basePlot.bet","D05","STEI","STEI_022","W","distributed","woodyWetlands",45.804414,-90.052165,"WGS84",20.1,489.1,0.1,"2016-08-17","2016-08-31","STEI.2016.35",14,"Y","STEI_022.W.20160831","Ok","Ok","Ok","NEON.DOC.014050vH","Wa0+TesS3tZvPzjzoVGIv39gzAPKBmSf",
"74653c33-0656-4df9-b650-7c159a094b7e","STEI_002.basePlot.bet","D05","STEI","STEI_002","W","distributed","deciduousForest",45.797373,-90.092311,"WGS84",20.3,522.3,0.4,"2016-08-17","2016-08-31","STEI.2016.35",14,"Y","STEI_002.W.20160831","Ok","Ok","Ok","NEON.DOC.014050vH","Wa0+TesS3tZvPzjzoVGIv39gzAPKBmSf",
"cfb25376-0204-4778-9710-a5d34d7bb84e","STEI_007.basePlot.bet","D05","STEI","STEI_007","W","distributed","deciduousForest",45.793823,-90.053930,"WGS84",20.2,517.4,0.3,"2016-08-17","2016-08-31","STEI.2016.35",14,"Y","STEI_007.W.20160831","Ok","Disturbed","Ok","NEON.DOC.014050vH","Wa0+TesS3tZvPzjzoVGIv39gzAPKBmSf",
"24e972c3-cb3d-4af8-9340-b685a553ee04","STEI_022.basePlot.bet","D05","STEI","STEI_022","E","distributed","woodyWetlands",45.804414,-90.052165,"WGS84",20.1,489.1,0.1,"2016-08-17","2016-08-31","STEI.2016.35",14,"Y","STEI_022.E.20160831","Ok","Ok","Ok","NEON.DOC.014050vH","Wa0+TesS3tZvPzjzoVGIv39gzAPKBmSf",
