uid,namedLocation,domainID,siteID,plotID,trapID,setDate,collectDate,processingDate,etOHChangeDate,identifiedDate,sampleID,subsampleID,sampleType,taxonID,scientificName,taxonRank,identificationQualifier,scientificNameAuthorship,morphospeciesID,individualCount,identificationReferences,identifiedBy,recordedBy,remarks
"4707f486-e138-427c-a0a9-b25cb997385c","DELA_001.basePlot.bet","D08","DELA","DELA_001","W","2015-05-27","2015-06-10","2015-06-11","2015-06-12","2015-11-17","DELA_001.W.20150610","O/AjyhGAxzAthpSiIw8Ws0fsn82osfqIhMmOL1z7QjY=","carabid","CHLAES","Chlaenius aestivus","species",,"Say",,5,"Ciegler, J. C. 2000. Ground beetles and wrinkled bark beetles of South Carolina (Coleoptera: Geadephaga: Carabidae and Rhysodidae). Biota of South Carolina. Vol. 1. Clemson, S. Clemson University.","zAuTdQ8TLTOCAVE+XhtWnklq56XAz8bt","zAuTdQ8TLTOCAVE+XhtWnklq56XAz8bt",
"042df4a4-c0db-4660-8d87-654a9fa23ef6","DELA_001.basePlot.bet","D08","DELA","DELA_001","W","2015-05-27","2015-06-10","2015-06-11","2015-06-12","2015-11-17","DELA_001.W.20150610","O/AjyhGAxzAthpSiIw8Ws9rWTWnrk/UU1XawAtfKszk=","carabid","CYCCON2","Cyclotrachelus convivus","species",,"LeConte",,1,"Ciegler, J. C. 2000. Ground beetles and wrinkled bark beetles of South Carolina (Coleoptera: Geadephaga: Carabidae and Rhysodidae). Biota of South Carolina. Vol. 1. Clemson, S. Clemson University.","zAuTdQ8TLTOCAVE+XhtWnklq56XAz8bt","zAuTdQ8TLTOCAVE+XhtWnklq56XAz8bt","A very similar species, C. sigillatus is known to occur in East Alabama. Upon dissection of a male aedeagus, it was apparent that it was C. convivus. This assumption is assumed for all subsequent specimens."
"2c04f21c-acc5-49d5-987d-93ba33ccb8e1","DELA_006.basePlot.bet","D08","DELA","DELA_006","W","2015-05-27","2015-06-10","2015-06-11","2015-06-12","2015-11-17","DELA_006.W.20150610","TJ0QPMK4AIwK7ytcnTZjlaENpQDInOz+Wt1Nm2ViPUg=","carabid","CHLAES","Chlaenius aestivus","species",,"Say",,2,"Ciegler, J. C. 2000. Ground beetles and wrinkled bark beetles of South Carolina (Coleoptera: Geadephaga: Carabidae and Rhysodidae). Biota of South Carolina. Vol. 1. Clemson, S. Clemson University.","zAuTdQ8TLTOCAVE+XhtWnklq56XAz8bt","zAuTdQ8TLTOCAVE+XhtWnklq56XAz8bt",
"019a496e-883b-48a3-b2ce-8d713ef773a8","DELA_004.basePlot.bet","D08","DELA","DELA_004","W","2015-05-27","2015-06-10","2015-06-11","2015-06-12","2015-11-17","DELA_004.W.20150610","kLBVbtba3oCtSl5LVryuB98ZNIoyFzDdboysvuXKO9o=","carabid","PTEATR","Pterostichus atratus","species",,"Newman",,1,"Lindroth, C. H. 1969. The ground-beetles (Carabidae, excl. Cicindelinae) of Canada and Alaska, parts 1-6. Opuscula E. Entomoligiska Sallskapet.","zAuTdQ8TLTOCAVE+XhtWnklq56XAz8bt","zAuTdQ8TLTOCAVE+XhtWnklq56XAz8bt","Two male specimens depicted the distinct process on the aedeagus charactersitc of P. atratus. Subsequent specimens treated the same."
"7a47cafb-2c76-4961-9bcd-acd14bd859af","DELA_001.basePlot.bet","D08","DELA","DELA_001","S","2015-05-27","2015-06-10","2015-06-11","2015-06-12","2015-11-17","DELA_001.S.20150610","O/AjyhGAxzDZNRZmpzsVDJ2jpCH3yvrrxjWfqa+9ujo=","carabid","CARSP14","Carabidae sp.","family",,"Latreille","D08.2015.MorphX",2,"Lindroth, C. H. 1969. The ground-beetles (Carabidae, excl. Cicindelinae) of Canada and Alaska, parts 1-6. Opuscula E. Entomoligiska Sallskapet.","zAuTdQ8TLTOCAVE+XhtWnklq56XAz8bt","zAuTdQ8TLTOCAVE+XhtWnklq56XAz8bt","Most likely Amara impuncticollis. A similar species, A. littoralis, has similar features. The pronounced front angles, the partially testaceous maxillary palpomere 3, and posterolateral setae situated more basally than laterally indicate this species. The"
"ada6ba47-2247-47cf-acb6-90591e79c89c","DELA_006.basePlot.bet","D08","DELA","DELA_006","S","2015-05-27","2015-06-10","2015-06-11","2015-06-12","2015-11-17","DELA_006.S.20150610","TJ0QPMK4AIwrUtoWXDQ+w95tD4BGYv8A/xkaAvsraMA=","carabid","CHLAES","Chlaenius aestivus","species",,"Say",,4,"Ciegler, J. C. 2000. Ground beetles and wrinkled bark beetles of South Carolina (Coleoptera: Geadephaga: Carabidae and Rhysodidae). Biota of South Carolina. Vol. 1. Clemson, S. Clemson University.","zAuTdQ8TLTOCAVE+XhtWnklq56XAz8bt","zAuTdQ8TLTOCAVE+XhtWnklq56XAz8bt",
"a63ecefd-ba51-438a-9c3c-aa18330f4015","DELA_001.basePlot.bet","D08","DELA","DELA_001","S","2015-05-27","2015-06-10","2015-06-11","2015-06-12","2015-11-17","DELA_001.S.20150610","O/AjyhGAxzDZNRZmpzsVDDqCoLOiSj3NWKFz0t46cUk=","carabid","CHLEMA","Chlaenius emarginatus","species",,"Say",,1,"Ciegler, J. C. 2000. Ground beetles and wrinkled bark beetles of South Carolina (Coleoptera: Geadephaga: Carabidae and Rhysodidae). Biota of South Carolina. Vol. 1. Clemson, S. Clemson University.","zAuTdQ8TLTOCAVE+XhtWnklq56XAz8bt","zAuTdQ8TLTOCAVE+XhtWnklq56XAz8bt",
"5d39609f-f5d1-4e0d-b788-ec409953ce03","DELA_001.basePlot.bet","D08","DELA","DELA_001","S","2015-05-27","2015-06-10","2015-06-11","2015-06-12","2015-11-17","DELA_001.S.20150610","O/AjyhGAxzDZNRZmpzsVDCFO9oasxXl4qRJlykLlnJQ=","carabid","CHLAES","Chlaenius aestivus","species",,"Say",,6,"Ciegler, J. C. 2000. Ground beetles and wrinkled bark beetles of South Carolina (Coleoptera: Geadephaga: Carabidae and Rhysodidae). Biota of South Carolina. Vol. 1. Clemson, S. Clemson University.","zAuTdQ8TLTOCAVE+XhtWnklq56XAz8bt","zAuTdQ8TLTOCAVE+XhtWnklq56XAz8bt",
"e0ae2d9a-dfca-4413-aeb2-616e400b6772","DELA_006.basePlot.bet","D08","DELA","DELA_006","S","2015-05-27","2015-06-10","2015-06-11","2015-06-12","2015-11-17","DELA_006.S.20150610","TJ0QPMK4AIwrUtoWXDQ+w5DKA/GFUH4MUv72dxIEdbk=","carabid","CARSP14","Carabidae sp.","family",,"Latreille","D08.2015.MorphX",2,"Lindroth, C. H. 1969. The ground-beetles (Carabidae, excl. Cicindelinae) of Canada and Alaska, parts 1-6. Opuscula E. Entomoligiska Sallskapet.","zAuTdQ8TLTOCAVE+XhtWnklq56XAz8bt","zAuTdQ8TLTOCAVE+XhtWnklq56XAz8bt","Most likely Amara impuncticollis. A similar species, A. littoralis, has similar features. The pronounced front angles, the partially testaceous maxillary palpomere 3, and posterolateral setae situated more basally than laterally indicate this species."
"368d8f5a-d12e-470b-b723-e13e9248e72c","DELA_006.basePlot.bet","D08","DELA","DELA_006","S","2015-05-27","2015-06-10","2015-06-11","2015-06-12","2015-11-17","DELA_006.S.20150610","TJ0QPMK4AIwrUtoWXDQ+w/72a8icr1tnW8/r8yrSYvg=","carabid","PTEATR","Pterostichus atratus","species",,"Newman",,1,"Lindroth, C. H. 1969. The ground-beetles (Carabidae, excl. Cicindelinae) of Canada and Alaska, parts 1-6. Opuscula E. Entomoligiska Sallskapet.","zAuTdQ8TLTOCAVE+XhtWnklq56XAz8bt","zAuTdQ8TLTOCAVE+XhtWnklq56XAz8bt","Two male specimens depicted the distinct process on the aedeagus charactersitc of P. atratus. Subsequent specimens treated the same."
"8bbb4a29-a654-4331-9794-8dc3722dc792","DELA_001.basePlot.bet","D08","DELA","DELA_001","S","2015-05-27","2015-06-10","2015-06-11","2015-06-12","2015-11-17","DELA_001.S.20150610","O/AjyhGAxzDZNRZmpzsVDGRXRH2QbIVVy7hk/MBroms=","carabid","CYCCON2","Cyclotrachelus convivus","species",,"LeConte",,1,"Ciegler, J. C. 2000. Ground beetles and wrinkled bark beetles of South Carolina (Coleoptera: Geadephaga: Carabidae and Rhysodidae). Biota of South Carolina. Vol. 1. Clemson, S. Clemson University.","zAuTdQ8TLTOCAVE+XhtWnklq56XAz8bt","zAuTdQ8TLTOCAVE+XhtWnklq56XAz8bt","A very similar species, C. sigillatus is known to occur in East Alabama. Upon dissection of a male aedeagus, it was apparent that it was C. convivus. This assumption is assumed for all subsequent specimens."
"cf961f8b-dfb7-4c5c-8ee8-2ef3cd585f9c","DELA_001.basePlot.bet","D08","DELA","DELA_001","S","2015-05-27","2015-06-10","2015-06-11","2015-06-12","2015-11-17","DELA_001.S.20150610","O/AjyhGAxzDZNRZmpzsVDAnF0q1Lm5LFKxOl2dbwJe0=","carabid","PTEATR","Pterostichus atratus","species",,"Newman",,1,"Lindroth, C. H. 1969. The ground-beetles (Carabidae, excl. Cicindelinae) of Canada and Alaska, parts 1-6. Opuscula E. Entomoligiska Sallskapet.","zAuTdQ8TLTOCAVE+XhtWnklq56XAz8bt","zAuTdQ8TLTOCAVE+XhtWnklq56XAz8bt","Two male specimens depicted the distinct process on the aedeagus charactersitc of P. atratus. Subsequent specimens treated the same."
"86cfcca8-7cde-471f-91dc-7e05b93596f1","DELA_006.basePlot.bet","D08","DELA","DELA_006","N","2015-05-27","2015-06-10","2015-06-11","2015-06-12",,"DELA_006.N.20150610","TJ0QPMK4AIwmvcmY6Y9QFgKYCsLUPNxAkeUW3gyenZY=","invert bycatch",,,,,,,,,,"zAuTdQ8TLTOCAVE+XhtWnklq56XAz8bt",
"7e15851b-25c3-4cb3-8104-100be06e80b5","DELA_004.basePlot.bet","D08","DELA","DELA_004","N","2015-05-27","2015-06-10","2015-06-11","2015-06-12",,"DELA_004.N.20150610","kLBVbtba3oCpWhWGkB7vLTBGSFTIulmfxMdsJxNzzdA=","invert bycatch",,,,,,,,,,"zAuTdQ8TLTOCAVE+XhtWnklq56XAz8bt",
"cf8aadde-1844-45f5-b1be-8b1f5781c924","DELA_001.basePlot.bet","D08","DELA","DELA_001","N","2015-05-27","2015-06-10","2015-06-11","2015-06-12",,"DELA_001.N.20150610","O/AjyhGAxzDkJR6VXTYPElOmPqz9Mh/b29hQxqt3Lo0=","invert bycatch",,,,,,,,,,"zAuTdQ8TLTOCAVE+XhtWnklq56XAz8bt",
"c0773fd1-d16b-4160-8bd7-770b16724643","DELA_001.basePlot.bet","D08","DELA","DELA_001","N","2015-05-27","2015-06-10","2015-06-11","2015-06-12","2015-11-17","DELA_001.N.20150610","O/AjyhGAxzDkJR6VXTYPElAgUAdJmb+ThvonjiG9Gu8=","carabid","CHLAES","Chlaenius aestivus","species",,"Say",,2,"Ciegler, J. C. 2000. Ground beetles and wrinkled bark beetles of South Carolina (Coleoptera: Geadephaga: Carabidae and Rhysodidae). Biota of South Carolina. Vol. 1. Clemson, S. Clemson University.","zAuTdQ8TLTOCAVE+XhtWnklq56XAz8bt","zAuTdQ8TLTOCAVE+XhtWnklq56XAz8bt",
"05185e3b-c78e-4daf-8ab8-3cfae42f9a42","DELA_009.basePlot.bet","D08","DELA","DELA_009","N","2015-05-27","2015-06-10","2015-06-11","2015-06-12","2015-11-17","DELA_009.N.20150610","eBGatXMaS/dWGAZaSd/ZNYt1A9kY1VDUXrH9VsfmzMo=","carabid","CARSP14","Carabidae sp.","family",,"Latreille","D08.2015.MorphAL",1,"Ball, G. E., and J. N. Anderson. 1962. The taxonomy and speciation of Pseudophonus (a subgenus of Harpalus: Haralini: Carabidae, known to occur in North America). The Catholic University of America Press, Washington 17, D. C.","zAuTdQ8TLTOCAVE+XhtWnklq56XAz8bt","zAuTdQ8TLTOCAVE+XhtWnklq56XAz8bt","Likley Harpalus protractus. A noninterrupted posterior groove of pronotum. Intervals 1-8 all dense with micropuntures in female, sides broadly rounded in pronotum, and an elytral length of ~9mm indicate H. protractus over others in Pseudophonus"
"5fc07861-0bdc-4760-bcdb-cee51d2e8000","DELA_009.basePlot.bet","D08","DELA","DELA_009","N","2015-05-27","2015-06-10","2015-06-11","2015-06-12",,"DELA_009.N.20150610","eBGatXMaS/dWGAZaSd/ZNWQAzrDMnjBQorrGmWj7etQ=","invert bycatch",,,,,,,,,,"zAuTdQ8TLTOCAVE+XhtWnklq56XAz8bt",
"a658bf04-5a5f-4bfb-944c-2a2d8b6d7110","DELA_009.basePlot.bet","D08","DELA","DELA_009","N","2015-05-27","2015-06-10","2015-06-11","2015-06-12","2015-11-17","DELA_009.N.20150610","eBGatXMaS/dWGAZaSd/ZNazf1Qs1D8qt7MZftJrgDJc=","carabid","CHLTRI1","Chlaenius tricolor tricolor","subspecies",,"Dejean",,1,"Bell, R. T. 1960. A Revision of the Genus Chlaenius Bonelli (Coleoptera, Carabidae) in North America. Miscellaneous Publications of the Entomological Society of America 1:98-166.","zAuTdQ8TLTOCAVE+XhtWnklq56XAz8bt","zAuTdQ8TLTOCAVE+XhtWnklq56XAz8bt",
"98ef39a2-6e45-493e-ad60-8f74ffd0e8df","DELA_014.basePlot.bet","D08","DELA","DELA_014","N","2015-05-27","2015-06-10","2015-06-11","2015-06-12",,"DELA_014.N.20150610","KHTO3U6H8srym5kAIKIqsytn/yn6hWRhAs/bkej0bLo=","invert bycatch",,,,,,,,,,"zAuTdQ8TLTOCAVE+XhtWnklq56XAz8bt",
"bc8a7eb2-6d11-458b-b36a-c89b6620583b","DELA_002.basePlot.bet","D08","DELA","DELA_002","N","2015-05-27","2015-06-10","2015-06-11","2015-06-12",,"DELA_002.N.20150610","6LcBYkvTypSLsfsdCnjvSrFL589mWwKvLPZbPy6Tfzk=","invert bycatch",,,,,,,,,,"zAuTdQ8TLTOCAVE+XhtWnklq56XAz8bt",
"bb69baae-378a-4f0d-9d75-34dae88542d8","DELA_005.basePlot.bet","D08","DELA","DELA_005","N","2015-05-27","2015-06-10","2015-06-11","2015-06-12",,"DELA_005.N.20150610","2SnNEOw2TDIy5jXwvvlPFhYF/ZA015vp/Wav4SjmiK8=","invert bycatch",,,,,,,,,,"zAuTdQ8TLTOCAVE+XhtWnklq56XAz8bt",
"d57edc8b-1d96-455e-87c4-107cc460ee40","DELA_007.basePlot.bet","D08","DELA","DELA_007","N","2015-05-27","2015-06-10","2015-06-11","2015-06-12",,"DELA_007.N.20150610","GZ/vvgwSrsD4AhdtPU/Hf0VuEdoHWKlL3vDP5cXX080=","invert bycatch",,,,,,,,,,"zAuTdQ8TLTOCAVE+XhtWnklq56XAz8bt",
"a9d0d608-46f8-474e-b028-86201c0a81e8","DELA_006.basePlot.bet","D08","DELA","DELA_006","E","2015-05-27","2015-06-10","2015-06-11","2015-06-12","2015-11-17","DELA_006.E.20150610","TJ0QPMK4AIwOKQ1KvebTPTMDUtyNUGPT6TIONXPq8YE=","carabid","CARSP14","Carabidae sp.","family","cf. species","Latreille","D08.2015.MorphX",1,"Lindroth, C. H. 1969. The ground-beetles (Carabidae, excl. Cicindelinae) of Canada and Alaska, parts 1-6. Opuscula E. Entomoligiska Sallskapet.","zAuTdQ8TLTOCAVE+XhtWnklq56XAz8bt","zAuTdQ8TLTOCAVE+XhtWnklq56XAz8bt","Most likely Amara impuncticollis. A similar species, A. littoralis, has similar features. The pronounced front angles, the partially testaceous maxillary palpomere 3, and posterolateral setae situated more basally than laterally indicate this species."
"674d2c3e-9329-4361-9965-038957386a19","DELA_006.basePlot.bet","D08","DELA","DELA_006","E","2015-05-27","2015-06-10","2015-06-11","2015-06-12","2015-11-17","DELA_006.E.20150610","TJ0QPMK4AIwOKQ1KvebTPVai6DzoyNp9qwB5B2reYKU=","carabid","CHLAES","Chlaenius aestivus","species",,"Say",,1,"Ciegler, J. C. 2000. Ground beetles and wrinkled bark beetles of South Carolina (Coleoptera: Geadephaga: Carabidae and Rhysodidae). Biota of South Carolina. Vol. 1. Clemson, S. Clemson University.","zAuTdQ8TLTOCAVE+XhtWnklq56XAz8bt","zAuTdQ8TLTOCAVE+XhtWnklq56XAz8bt",
"69233f15-7841-4231-a8c4-7f3e53c02355","DELA_008.basePlot.bet","D08","DELA","DELA_008","E","2015-05-27","2015-06-10","2015-06-11","2015-06-12",,"DELA_008.E.20150610","0pivLSjA/d5FokEKJV3u7yVQGDmMOXKjCTKifM2lJRc=","invert bycatch",,,,,,,,,,"zAuTdQ8TLTOCAVE+XhtWnklq56XAz8bt",
"cfbb0399-8255-45de-ab22-e976d6b7ddc0","DELA_006.basePlot.bet","D08","DELA","DELA_006","E","2015-05-27","2015-06-10","2015-06-11","2015-06-12","2015-11-17","DELA_006.E.20150610","TJ0QPMK4AIwOKQ1KvebTPfaZALdzRGAISMILmrD7m1s=","carabid","SCASUB2","Scarites subterraneus","species",,"Fabricius",,1,"Bousquet, Y. and P. E. Skelley. 2010. Description of a New Species of Scarites Fabricius (Coleoptera: Carabidae) from Florida. The Coleopterists Bulletin 64(1): 45-49.","zAuTdQ8TLTOCAVE+XhtWnklq56XAz8bt","zAuTdQ8TLTOCAVE+XhtWnklq56XAz8bt",
"f640fd35-9e2d-4942-acd2-bc938c6d3679","DELA_005.basePlot.bet","D08","DELA","DELA_005","E","2015-05-27","2015-06-10","2015-06-11","2015-06-12","2015-11-17","DELA_005.E.20150610","2SnNEOw2TDLur3xBleuIb7xbtw1Yv2wFCOeOQ31coUI=","carabid","DYSPIL","Dyschirius pilosus","species",,"LeConte",,1,"Bousquet, Y. 1988. Dyschirius of America North of Mexico - Descriptions of New Species with Keys to Species Groups and Species (Coleoptera, Carabidae). Canadian Entomologist 120:361-387.","zAuTdQ8TLTOCAVE+XhtWnklq56XAz8bt","zAuTdQ8TLTOCAVE+XhtWnklq56XAz8bt","The hairs on the elytra, and the size of the first tarsomere segment relative to the distal claw of the tibia indicate D. pilosus. Due to the small size of this genera, speciation is difficult."
"6d5c2801-b68f-4c30-8120-857c01b4c315","DELA_005.basePlot.bet","D08","DELA","DELA_005","W","2015-05-27","2015-06-10","2015-06-11","2015-06-12","2015-11-17","DELA_005.W.20150610","2SnNEOw2TDKd9E3k3YMEKCQPtozokAPsiFIk+MOa2ZU=","carabid","CHLAES","Chlaenius aestivus","species",,"Say",,1,"Ciegler, J. C. 2000. Ground beetles and wrinkled bark beetles of South Carolina (Coleoptera: Geadephaga: Carabidae and Rhysodidae). Biota of South Carolina. Vol. 1. Clemson, S. Clemson University.","zAuTdQ8TLTOCAVE+XhtWnklq56XAz8bt","zAuTdQ8TLTOCAVE+XhtWnklq56XAz8bt",
"de5d4378-44e0-4fae-a76d-0ef7934a0918","DELA_001.basePlot.bet","D08","DELA","DELA_001","W","2015-06-10","2015-06-24","2015-06-25","2015-08-24","2015-11-17","DELA_001.W.20150624","O/AjyhGAxzAthpSiIw8Ws+7N85bGhyQU/9MAaDhy2VQ=","carabid","CYCCON2","Cyclotrachelus convivus","species",,"LeConte",,1,"Ciegler, J. C. 2000. Ground beetles and wrinkled bark beetles of South Carolina (Coleoptera: Geadephaga: Carabidae and Rhysodidae). Biota of South Carolina. Vol. 1. Clemson, S. Clemson University.","zAuTdQ8TLTOCAVE+XhtWnklq56XAz8bt","zAuTdQ8TLTOCAVE+XhtWnklq56XAz8bt","pinned specimen. A very similar species, C. sigillatus is known to occur in East Alabama. Upon dissection of a male aedeagus, it was apparent that it was C. convivus. This assumption is assumed for all subsequent specimens."
"3a85849c-3646-4b25-8335-9e6072024cc7","DELA_006.basePlot.bet","D08","DELA","DELA_006","W","2015-06-10","2015-06-24","2015-06-25","2015-08-24","2015-11-17","DELA_006.W.20150624","TJ0QPMK4AIwK7ytcnTZjlXvFlJWBA1390zVMSUJ10eQ=","carabid","PTEATR","Pterostichus atratus","species",,"Newman",,1,"Lindroth, C. H. 1969. The ground-beetles (Carabidae, excl. Cicindelinae) of Canada and Alaska, parts 1-6. Opuscula E. Entomoligiska Sallskapet.","zAuTdQ8TLTOCAVE+XhtWnklq56XAz8bt","zAuTdQ8TLTOCAVE+XhtWnklq56XAz8bt","pinned specimen. Two male specimens depicted the distinct process on the aedeagus charactersitc of P. atratus. Subsequent specimens treated the same."
"b9f99fde-419e-47d4-927f-ea10432384de","DELA_006.basePlot.bet","D08","DELA","DELA_006","W","2015-06-10","2015-06-24","2015-06-25","2015-08-24","2015-11-17","DELA_006.W.20150624","TJ0QPMK4AIwK7ytcnTZjlVAQ6Hc7m3UWn6qOcmtJ+Js=","carabid","CARSP14","Carabidae sp.","family","cf. species","Latreille","D08.2015.MorphX",1,"Lindroth, C. H. 1969. The ground-beetles (Carabidae, excl. Cicindelinae) of Canada and Alaska, parts 1-6. Opuscula E. Entomoligiska Sallskapet.","zAuTdQ8TLTOCAVE+XhtWnklq56XAz8bt","zAuTdQ8TLTOCAVE+XhtWnklq56XAz8bt","Pinned. Most likely Amara impuncticollis. A similar species, A. littoralis, has similar features. The pronounced front angles, the partially testaceous maxillary palpomere 3, and posterolateral setae situated more basally than laterally indicate this spec"
"5f188c4d-3322-4d36-8eaa-1aef9cf386ff","DELA_006.basePlot.bet","D08","DELA","DELA_006","W","2015-06-10","2015-06-24","2015-06-25","2015-08-24","2015-11-17","DELA_006.W.20150624","TJ0QPMK4AIwK7ytcnTZjlVYcte8Z0r5/WoBE20iJ1gk=","carabid","CHLAES","Chlaenius aestivus","species",,"Say",,1,"Ciegler, J. C. 2000. Ground beetles and wrinkled bark beetles of South Carolina (Coleoptera: Geadephaga: Carabidae and Rhysodidae). Biota of South Carolina. Vol. 1. Clemson, S. Clemson University.","zAuTdQ8TLTOCAVE+XhtWnklq56XAz8bt","zAuTdQ8TLTOCAVE+XhtWnklq56XAz8bt","1 pinned specimen."
"15b4a87d-e6c2-417a-831f-d5c900e07d9a","DELA_006.basePlot.bet","D08","DELA","DELA_006","W","2015-06-10","2015-06-24","2015-06-25","2015-08-24","2015-11-17","DELA_006.W.20150624","TJ0QPMK4AIwK7ytcnTZjlUjY9KB9hl7MsWILgQn7QvI=","carabid","CYCCON2","Cyclotrachelus convivus","species",,"LeConte",,2,"Ciegler, J. C. 2000. Ground beetles and wrinkled bark beetles of South Carolina (Coleoptera: Geadephaga: Carabidae and Rhysodidae). Biota of South Carolina. Vol. 1. Clemson, S. Clemson University.","zAuTdQ8TLTOCAVE+XhtWnklq56XAz8bt","zAuTdQ8TLTOCAVE+XhtWnklq56XAz8bt","2 pinned specimens. A very similar species, C. sigillatus is known to occur in East Alabama. Upon dissection of a male aedeagus, it was apparent that it was C. convivus. This assumption is assumed for all subsequent specimens."
"8b0fa6fd-5290-4bdc-a516-8612ffb5a816","DELA_004.basePlot.bet","D08","DELA","DELA_004","W","2015-06-10","2015-06-24","2015-06-25","2015-08-24","2015-11-17","DELA_004.W.20150624","kLBVbtba3oCtSl5LVryuB/pvExmUsWfWyORxdjp1mT8=","carabid","DICFUR1","Dicaelus furvus carinatus","subspecies",,"Dejean",,1,"Ciegler, J. C. 2000. Ground beetles and wrinkled bark beetles of South Carolina (Coleoptera: Geadephaga: Carabidae and Rhysodidae). Biota of South Carolina. Vol. 1. Clemson, S. Clemson University.","zAuTdQ8TLTOCAVE+XhtWnklq56XAz8bt","zAuTdQ8TLTOCAVE+XhtWnklq56XAz8bt","Pinned specimen."
"22969b4d-1f63-44d2-a8a7-43cdce098e57","DELA_005.basePlot.bet","D08","DELA","DELA_005","W","2015-06-10","2015-06-24","2015-06-25","2015-08-24","2015-11-17","DELA_005.W.20150624","2SnNEOw2TDKd9E3k3YMEKBfzXWe6v2/9+F5ppW9Ie60=","carabid","CHLAES","Chlaenius aestivus","species",,"Say",,3,"Ciegler, J. C. 2000. Ground beetles and wrinkled bark beetles of South Carolina (Coleoptera: Geadephaga: Carabidae and Rhysodidae). Biota of South Carolina. Vol. 1. Clemson, S. Clemson University.","zAuTdQ8TLTOCAVE+XhtWnklq56XAz8bt","zAuTdQ8TLTOCAVE+XhtWnklq56XAz8bt","3 pinned specimens."
"cc044e0f-9d87-4085-a751-a42b797f1ca1","DELA_005.basePlot.bet","D08","DELA","DELA_005","W","2015-06-10","2015-06-24","2015-06-25","2015-08-24","2015-11-17","DELA_005.W.20150624","2SnNEOw2TDKd9E3k3YMEKN+S770ab/K92m8v94y35u4=","carabid","SCASUB2","Scarites subterraneus","species",,"Fabricius",,1,"Bousquet, Y. and P. E. Skelley. 2010. Description of a New Species of Scarites Fabricius (Coleoptera: Carabidae) from Florida. The Coleopterists Bulletin 64(1): 45-49.","zAuTdQ8TLTOCAVE+XhtWnklq56XAz8bt","zAuTdQ8TLTOCAVE+XhtWnklq56XAz8bt","Pinned specimen."
"06b74194-1d60-4c01-821a-9f93c2362f1a","DELA_001.basePlot.bet","D08","DELA","DELA_001","S","2015-06-10","2015-06-24","2015-06-25","2015-08-24","2015-11-17","DELA_001.S.20150624","O/AjyhGAxzDZNRZmpzsVDJbuPdSG/IRKm8DDXyru5+o=","carabid","CHLAES","Chlaenius aestivus","species",,"Say",,1,"Ciegler, J. C. 2000. Ground beetles and wrinkled bark beetles of South Carolina (Coleoptera: Geadephaga: Carabidae and Rhysodidae). Biota of South Carolina. Vol. 1. Clemson, S. Clemson University.","zAuTdQ8TLTOCAVE+XhtWnklq56XAz8bt","zAuTdQ8TLTOCAVE+XhtWnklq56XAz8bt","pinned specimen."
"2e1a1f0c-db88-402d-afc0-9aba35b45997","DELA_001.basePlot.bet","D08","DELA","DELA_001","S","2015-06-10","2015-06-24","2015-06-25","2015-08-24","2015-11-17","DELA_001.S.20150624","O/AjyhGAxzDZNRZmpzsVDG7eFUslAJFNsshcR4Tfi9c=","carabid","GALBIC","Galerita bicolor","species",,"Drury",,1,"Ciegler, J. C. 2000. Ground beetles and wrinkled bark beetles of South Carolina (Coleoptera: Geadephaga: Carabidae and Rhysodidae). Biota of South Carolina. Vol. 1. Clemson, S. Clemson University.","zAuTdQ8TLTOCAVE+XhtWnklq56XAz8bt","zAuTdQ8TLTOCAVE+XhtWnklq56XAz8bt",
"a6c3d189-4ab1-46b2-8174-315278c4dc7a","DELA_005.basePlot.bet","D08","DELA","DELA_005","S","2015-06-10","2015-06-24","2015-06-25","2015-08-24","2015-11-17","DELA_005.S.20150624","2SnNEOw2TDLJJMhRTeHY5jsujEiOJuosh3bvmb/iT0Y=","carabid","CYCCON2","Cyclotrachelus convivus","species",,"LeConte",,1,"Ciegler, J. C. 2000. Ground beetles and wrinkled bark beetles of South Carolina (Coleoptera: Geadephaga: Carabidae and Rhysodidae). Biota of South Carolina. Vol. 1. Clemson, S. Clemson University.","zAuTdQ8TLTOCAVE+XhtWnklq56XAz8bt","zAuTdQ8TLTOCAVE+XhtWnklq56XAz8bt","pinned specimen. A very similar species, C. sigillatus is known to occur in East Alabama. Upon dissection of a male aedeagus, it was apparent that it was C. convivus. This assumption is assumed for all subsequent specimens."
"f709eca5-94fb-4083-8928-1c063a1bacf8","DELA_005.basePlot.bet","D08","DELA","DELA_005","N","2015-06-10","2015-06-24","2015-06-25","2015-08-24",,"DELA_005.N.20150624","2SnNEOw2TDIy5jXwvvlPFhtIoVbo7jQ4Uv7670CRo48=","invert bycatch",,,,,,,,,,"zAuTdQ8TLTOCAVE+XhtWnklq56XAz8bt",
"b9951c20-63ed-4310-95fc-66b78ad06325","DELA_001.basePlot.bet","D08","DELA","DELA_001","N","2015-06-10","2015-06-24","2015-06-25","2015-08-24",,"DELA_001.N.20150624","O/AjyhGAxzDkJR6VXTYPElkTpMP/McdlCGUt5XdJmcA=","invert bycatch",,,,,,,,,,"zAuTdQ8TLTOCAVE+XhtWnklq56XAz8bt",
"d4897c0b-99c8-4c64-883a-cc7f6e45e255","DELA_004.basePlot.bet","D08","DELA","DELA_004","N","2015-06-10","2015-06-24","2015-06-25","2015-08-24",,"DELA_004.N.20150624","kLBVbtba3oCpWhWGkB7vLbe/lPMnQcZz1KGVbDzn6Oc=","invert bycatch",,,,,,,,,,"zAuTdQ8TLTOCAVE+XhtWnklq56XAz8bt",
"d35b0c64-792d-485f-8f20-69d83620a2c0","DELA_014.basePlot.bet","D08","DELA","DELA_014","N","2015-06-10","2015-06-24","2015-06-25","2015-06-25",,"DELA_014.N.20150624","KHTO3U6H8srym5kAIKIqs8mCBOP09X+NQ7/XhwjxkUI=","invert bycatch",,,,,,,,,,"zAuTdQ8TLTOCAVE+XhtWnklq56XAz8bt",
"fd1a7bd9-85fe-4fb4-a016-32bea2715354","DELA_006.basePlot.bet","D08","DELA","DELA_006","N","2015-06-10","2015-06-24","2015-06-25","2015-08-24",,"DELA_006.N.20150624","TJ0QPMK4AIwmvcmY6Y9QFr7GyaKN80L5IRsYmjVcR3M=","invert bycatch",,,,,,,,,,"zAuTdQ8TLTOCAVE+XhtWnklq56XAz8bt",
"6ff4d60c-284c-438a-9530-b1b123ef4315","DELA_009.basePlot.bet","D08","DELA","DELA_009","N","2015-06-10","2015-06-24","2015-06-25","2015-06-25",,"DELA_009.N.20150624","eBGatXMaS/dWGAZaSd/ZNSNj+HZm74/+A3bc6/F54cY=","invert bycatch",,,,,,,,,,"zAuTdQ8TLTOCAVE+XhtWnklq56XAz8bt",
"7d48d46f-7bf2-4dc4-9006-1fb9970248a8","DELA_004.basePlot.bet","D08","DELA","DELA_004","N","2015-06-10","2015-06-24","2015-06-25","2015-08-24","2015-11-17","DELA_004.N.20150624","kLBVbtba3oCpWhWGkB7vLbsCc916F04A1mC+w3aZ8Zc=","carabid","CHLERY","Chlaenius erythropus","species",,"Germar",,2,"Ciegler, J. C. 2000. Ground beetles and wrinkled bark beetles of South Carolina (Coleoptera: Geadephaga: Carabidae and Rhysodidae). Biota of South Carolina. Vol. 1. Clemson, S. Clemson University.","zAuTdQ8TLTOCAVE+XhtWnklq56XAz8bt","zAuTdQ8TLTOCAVE+XhtWnklq56XAz8bt","bothpinned. Similar species, C. fuscicornis exists in this region and is known to be sympatric with C. erythropus. The lighter colored antenna and tarsi, as well as the aedeagus indicated C. erythropus. All specimens exhibited a highly sinuate pronotum."
"f47916d9-ca81-47d0-aa96-0ed78e56014c","DELA_002.basePlot.bet","D08","DELA","DELA_002","N","2015-06-10","2015-06-24","2015-06-25","2015-08-24",,"DELA_002.N.20150624","6LcBYkvTypSLsfsdCnjvSqxQ9vuVQwhHyxbqlYobI28=","invert bycatch",,,,,,,,,,"zAuTdQ8TLTOCAVE+XhtWnklq56XAz8bt",
"12fd7da4-3433-4f3e-99ed-10727d040b7b","DELA_001.basePlot.bet","D08","DELA","DELA_001","E","2015-06-10","2015-06-24","2015-06-25","2015-08-24","2015-11-17","DELA_001.E.20150624","O/AjyhGAxzBi5gzV30GcnrCi+RM0cDNmA4Oo1YSpAt8=","carabid","PTEATR","Pterostichus atratus","species",,"Newman",,1,"Lindroth, C. H. 1969. The ground-beetles (Carabidae, excl. Cicindelinae) of Canada and Alaska, parts 1-6. Opuscula E. Entomoligiska Sallskapet.","zAuTdQ8TLTOCAVE+XhtWnklq56XAz8bt","zAuTdQ8TLTOCAVE+XhtWnklq56XAz8bt","individualCount not recorded. Value of 1 entered|Two male specimens depicted the distinct process on the aedeagus charactersitc of P. atratus. Subsequent specimens treated the same. pinned specimen"
"5dbf0755-7f00-4c9e-b7c2-1d73a1f1a0e5","DELA_005.basePlot.bet","D08","DELA","DELA_005","E","2015-06-10","2015-06-24","2015-06-25","2015-08-24","2015-11-17","DELA_005.E.20150624","2SnNEOw2TDLur3xBleuIb53xrJrCnMa6I6ETJjNrMkQ=","carabid","CHLAMO","Chlaenius amoenus","species",,"Dejean",,1,"Ciegler, J. C. 2000. Ground beetles and wrinkled bark beetles of South Carolina (Coleoptera: Geadephaga: Carabidae and Rhysodidae). Biota of South Carolina. Vol. 1. Clemson, S. Clemson University.","zAuTdQ8TLTOCAVE+XhtWnklq56XAz8bt","zAuTdQ8TLTOCAVE+XhtWnklq56XAz8bt","Pinned specimen."
"a34c8c80-be7a-4c9c-bda5-271250e7733a","DELA_001.basePlot.bet","D08","DELA","DELA_001","E","2015-06-10","2015-06-24","2015-06-25","2015-08-24","2015-11-17","DELA_001.E.20150624","O/AjyhGAxzBi5gzV30GcnhI2a45inkZMFc7VPfwy1ys=","carabid","CHLAES","Chlaenius aestivus","species",,"Say",,2,"Ciegler, J. C. 2000. Ground beetles and wrinkled bark beetles of South Carolina (Coleoptera: Geadephaga: Carabidae and Rhysodidae). Biota of South Carolina. Vol. 1. Clemson, S. Clemson University.","zAuTdQ8TLTOCAVE+XhtWnklq56XAz8bt","zAuTdQ8TLTOCAVE+XhtWnklq56XAz8bt","2 Pinned specimens"
"5b510470-8a13-4a4e-b9b9-c89062cce86f","DELA_001.basePlot.bet","D08","DELA","DELA_001","E","2015-06-10","2015-06-24","2015-06-25","2015-08-24","2015-11-17","DELA_001.E.20150624","O/AjyhGAxzBi5gzV30Gcnl6XtYbYzxuI53hRbBEhGJg=","carabid","CARSP14","Carabidae sp.","family","cf. species","Latreille","D08.2015.MorphX",1,"Lindroth, C. H. 1969. The ground-beetles (Carabidae, excl. Cicindelinae) of Canada and Alaska, parts 1-6. Opuscula E. Entomoligiska Sallskapet.","zAuTdQ8TLTOCAVE+XhtWnklq56XAz8bt","zAuTdQ8TLTOCAVE+XhtWnklq56XAz8bt","Most likely Amara impuncticollis. A similar species, A. littoralis, has similar features. The pronounced front angles, the partially testaceous maxillary palpomere 3, and posterolateral setae situated more basally than laterally indicate this species."
"d321719f-ba18-418c-b9b3-9dab9387fc63","DELA_001.basePlot.bet","D08","DELA","DELA_001","E","2015-06-10","2015-06-24","2015-06-25","2015-08-24","2015-11-17","DELA_001.E.20150624","O/AjyhGAxzBi5gzV30GcnmKAlJ/e5CbRZsMYwu7mE0M=","carabid","DICFUR1","Dicaelus furvus carinatus","subspecies",,"Dejean",,1,"Ciegler, J. C. 2000. Ground beetles and wrinkled bark beetles of South Carolina (Coleoptera: Geadephaga: Carabidae and Rhysodidae). Biota of South Carolina. Vol. 1. Clemson, S. Clemson University.","zAuTdQ8TLTOCAVE+XhtWnklq56XAz8bt","zAuTdQ8TLTOCAVE+XhtWnklq56XAz8bt","Pinned specimen."
"eb1a3991-074b-465f-9dfd-39eb1628b56d","DELA_008.basePlot.bet","D08","DELA","DELA_008","E","2015-06-10","2015-06-24","2015-06-25","2015-08-24","2015-11-17","DELA_008.E.20150624","0pivLSjA/d5FokEKJV3u73cHdUZfxAcBeF62z9QOS8I=","carabid","CHLERY","Chlaenius erythropus","species",,"Germar",,1,"Ciegler, J. C. 2000. Ground beetles and wrinkled bark beetles of South Carolina (Coleoptera: Geadephaga: Carabidae and Rhysodidae). Biota of South Carolina. Vol. 1. Clemson, S. Clemson University.","zAuTdQ8TLTOCAVE+XhtWnklq56XAz8bt","zAuTdQ8TLTOCAVE+XhtWnklq56XAz8bt","pinned. A similar species, C. fuscicornis exists in this region and is known to be sympatric with C. erythropus. The lighter colored antenna and tarsi, as well as the aedeagus indicated C. erythropus. All specimens exhibited a highly sinuate pronotum."
"55efe534-373a-4f56-9d60-9fc11ad3af96","DELA_007.basePlot.bet","D08","DELA","DELA_007","E","2015-06-10","2015-06-24","2015-06-25","2015-08-24","2015-11-17","DELA_007.E.20150624","GZ/vvgwSrsCNJvQZCyWLqhd2igYKBU1et5pswBGZ3D4=","carabid","CHLAES","Chlaenius aestivus","species",,"Say",,2,"Ciegler, J. C. 2000. Ground beetles and wrinkled bark beetles of South Carolina (Coleoptera: Geadephaga: Carabidae and Rhysodidae). Biota of South Carolina. Vol. 1. Clemson, S. Clemson University.","zAuTdQ8TLTOCAVE+XhtWnklq56XAz8bt","zAuTdQ8TLTOCAVE+XhtWnklq56XAz8bt","2 pinned specimens."
"aa826602-0a2a-4a14-86e3-94e49a9f8458","DELA_007.basePlot.bet","D08","DELA","DELA_007","E","2015-06-10","2015-06-24","2015-06-25","2015-08-24","2015-11-17","DELA_007.E.20150624","GZ/vvgwSrsCNJvQZCyWLqkE2AfCCxLyissnN4KnbOe0=","carabid","CHLERY","Chlaenius erythropus","species",,"Germar",,1,"Ciegler, J. C. 2000. Ground beetles and wrinkled bark beetles of South Carolina (Coleoptera: Geadephaga: Carabidae and Rhysodidae). Biota of South Carolina. Vol. 1. Clemson, S. Clemson University.","zAuTdQ8TLTOCAVE+XhtWnklq56XAz8bt","zAuTdQ8TLTOCAVE+XhtWnklq56XAz8bt","pinned. A similar species, C. fuscicornis exists in this region and is known to be sympatric with C. erythropus. The lighter colored antenna and tarsi, as well as the aedeagus indicated C. erythropus. All specimens exhibited a highly sinuate pronotum"
"7428abb3-1d12-46e1-a456-9caa8dc7d82e","DELA_006.basePlot.bet","D08","DELA","DELA_006","E","2015-06-10","2015-06-24","2015-06-25","2015-08-24","2015-11-17","DELA_006.E.20150624","TJ0QPMK4AIwOKQ1KvebTPSPzXW773KqWDxXyKoPL228=","carabid","CHLAES","Chlaenius aestivus","species",,"Say",,2,"Ciegler, J. C. 2000. Ground beetles and wrinkled bark beetles of South Carolina (Coleoptera: Geadephaga: Carabidae and Rhysodidae). Biota of South Carolina. Vol. 1. Clemson, S. Clemson University.","zAuTdQ8TLTOCAVE+XhtWnklq56XAz8bt","zAuTdQ8TLTOCAVE+XhtWnklq56XAz8bt","2 pinned specimens."
"a8921afe-bdad-4b0c-95c5-9cc3d1bdda5d","DELA_008.basePlot.bet","D08","DELA","DELA_008","E","2015-06-10","2015-06-24","2015-06-25","2015-08-24",,"DELA_008.E.20150624","0pivLSjA/d5FokEKJV3u7zL9ZEmp62quC/rFWDvY0uA=","invert bycatch",,,,,,,,,,"zAuTdQ8TLTOCAVE+XhtWnklq56XAz8bt",
