uid,namedLocation,domainID,siteID,plotID,trapID,setDate,collectDate,processingDate,identifiedDate,subsampleID,individualID,taxonID,scientificName,taxonRank,identificationQualifier,scientificNameAuthorship,morphospeciesID,identificationReferences,totalLength,identifiedBy,recordedBy,remarks
"28296dab-5ff0-4d1d-be7d-349c5b96b6de","DELA_006.basePlot.bet","D08","DELA","DELA_006","E","2015-05-27","2015-06-10","2015-06-12","2015-11-17","TJ0QPMK4AIwOKQ1KvebTPfaZALdzRGAISMILmrD7m1s=","NEON.BET.D08.000281","SCASUB2","Scarites subterraneus","species",,"Fabricius",,"Bousquet, Y. and P. E. Skelley. 2010. Description of a New Species of Scarites Fabricius (Coleoptera: Carabidae) from Florida. The Coleopterists Bulletin 64(1): 45-49.",,"zAuTdQ8TLTOCAVE+XhtWnklq56XAz8bt","zAuTdQ8TLTOCAVE+XhtWnklq56XAz8bt","Male specimen. The aedeagus was exposed to determine sex."
"ad54edd3-d09a-4838-b722-406a452c65b7","DELA_006.basePlot.bet","D08","DELA","DELA_006","E","2015-05-27","2015-06-10","2015-06-12","2015-11-17","TJ0QPMK4AIwOKQ1KvebTPVai6DzoyNp9qwB5B2reYKU=","NEON.BET.D08.000295","CHLAES","Chlaenius aestivus","species",,"Say",,"Ciegler, J. C. 2000. Ground beetles and wrinkled bark beetles of South Carolina (Coleoptera: Geadephaga: Carabidae and Rhysodidae). Biota of South Carolina. Vol. 1. Clemson, S. Clemson University.",,"zAuTdQ8TLTOCAVE+XhtWnklq56XAz8bt","zAuTdQ8TLTOCAVE+XhtWnklq56XAz8bt","Male specimen."
"f9f1a1fd-ce31-4c54-aa73-d308fb72ff78","DELA_005.basePlot.bet","D08","DELA","DELA_005","E","2015-05-27","2015-06-10","2015-06-12","2015-11-17","2SnNEOw2TDLur3xBleuIb7xbtw1Yv2wFCOeOQ31coUI=","NEON.BET.D08.000279","DYSPIL","Dyschirius pilosus","species","cf. species","LeConte",,"Bousquet, Y. 1988. Dyschirius of America North of Mexico - Descriptions of New Species with Keys to Species Groups and Species (Coleoptera, Carabidae). Canadian Entomologist 120:361-387.",,"zAuTdQ8TLTOCAVE+XhtWnklq56XAz8bt","zAuTdQ8TLTOCAVE+XhtWnklq56XAz8bt","Female specimen. The hairs on the elytra, and the size of the first tarsomere segment relative to the distal claw of the tibia indicate D. pilosus. Due to the small size of this genera, speciation is difficult."
"2420518d-25dd-4e17-bbfb-7e913c807eb1","DELA_006.basePlot.bet","D08","DELA","DELA_006","E","2015-05-27","2015-06-10","2015-06-12","2015-11-17","TJ0QPMK4AIwOKQ1KvebTPTMDUtyNUGPT6TIONXPq8YE=","NEON.BET.D08.000282","CARSP14","Carabidae sp.","family","cf. species","Latreille","D08.2015.MorphX","Lindroth, C. H. 1969. The ground-beetles (Carabidae, excl. Cicindelinae) of Canada and Alaska, parts 1-6. Opuscula E. Entomoligiska Sallskapet.",,"zAuTdQ8TLTOCAVE+XhtWnklq56XAz8bt","zAuTdQ8TLTOCAVE+XhtWnklq56XAz8bt","Female. Likely Amara impuncticollis. A similar species, A. littoralis, has similar features. The pronounced front angles, the partially testaceous maxillary palpomere 3, and posterolateral setae situated more basally than laterally indicate this species."
"7dae78bd-0a51-45ee-9555-f26782458eda","DELA_001.basePlot.bet","D08","DELA","DELA_001","N","2015-05-27","2015-06-10","2015-06-12","2015-11-17","O/AjyhGAxzDkJR6VXTYPElAgUAdJmb+ThvonjiG9Gu8=","NEON.BET.D08.000259","CHLAES","Chlaenius aestivus","species",,"Say",,"Ciegler, J. C. 2000. Ground beetles and wrinkled bark beetles of South Carolina (Coleoptera: Geadephaga: Carabidae and Rhysodidae). Biota of South Carolina. Vol. 1. Clemson, S. Clemson University.",,"zAuTdQ8TLTOCAVE+XhtWnklq56XAz8bt","zAuTdQ8TLTOCAVE+XhtWnklq56XAz8bt","Female specimen"
"92a82ac7-de17-46cb-a1e2-b7077c76557d","DELA_009.basePlot.bet","D08","DELA","DELA_009","N","2015-05-27","2015-06-10","2015-06-12","2015-11-17","eBGatXMaS/dWGAZaSd/ZNazf1Qs1D8qt7MZftJrgDJc=","NEON.BET.D08.000293","CHLTRI1","Chlaenius tricolor tricolor","subspecies",,"Dejean",,"Bell, R. T. 1960. A Revision of the Genus Chlaenius Bonelli (Coleoptera, Carabidae) in North America. Miscellaneous Publications of the Entomological Society of America 1:98-166.",,"zAuTdQ8TLTOCAVE+XhtWnklq56XAz8bt","zAuTdQ8TLTOCAVE+XhtWnklq56XAz8bt","Female specimen."
"91c10fd8-c3e8-4ffc-9d42-249321c38e27","DELA_009.basePlot.bet","D08","DELA","DELA_009","N","2015-05-27","2015-06-10","2015-06-12","2015-11-17","eBGatXMaS/dWGAZaSd/ZNYt1A9kY1VDUXrH9VsfmzMo=","NEON.BET.D08.000294","CARSP14","Carabidae sp.","family","cf. species","Latreille","D08.2015.MorphAL","Ball, G. E., and J. N. Anderson. 1962. The taxonomy and speciation of Pseudophonus (a subgenus of Harpalus: Haralini: Carabidae, known to occur in North America). The Catholic University of America Press, Washington 17, D. C.",,"zAuTdQ8TLTOCAVE+XhtWnklq56XAz8bt","zAuTdQ8TLTOCAVE+XhtWnklq56XAz8bt","Likely Harpalus protractus. A noninterrupted posterior groove of pronotum. Intervals 1-8 all dense with micropunctures in female, sides broadly rounded in pronotum, and an elytral length of ~9mm indicate H. protractus over others in Pseudophonus."
"38417324-bb28-4b55-ba90-642a0ccc704b","DELA_001.basePlot.bet","D08","DELA","DELA_001","N","2015-05-27","2015-06-10","2015-06-12","2015-11-17","O/AjyhGAxzDkJR6VXTYPElAgUAdJmb+ThvonjiG9Gu8=","NEON.BET.D08.000260","CHLAES","Chlaenius aestivus","species",,"Say",,"Ciegler, J. C. 2000. Ground beetles and wrinkled bark beetles of South Carolina (Coleoptera: Geadephaga: Carabidae and Rhysodidae). Biota of South Carolina. Vol. 1. Clemson, S. Clemson University.",,"zAuTdQ8TLTOCAVE+XhtWnklq56XAz8bt","zAuTdQ8TLTOCAVE+XhtWnklq56XAz8bt","Female specimen"
"f2b09e70-a1e4-4a58-8894-4f0ac7dcbaba","DELA_006.basePlot.bet","D08","DELA","DELA_006","S","2015-05-27","2015-06-10","2015-06-12","2015-11-17","TJ0QPMK4AIwrUtoWXDQ+w95tD4BGYv8A/xkaAvsraMA=","NEON.BET.D08.000287","CHLAES","Chlaenius aestivus","species",,"Say",,"Ciegler, J. C. 2000. Ground beetles and wrinkled bark beetles of South Carolina (Coleoptera: Geadephaga: Carabidae and Rhysodidae). Biota of South Carolina. Vol. 1. Clemson, S. Clemson University.",,"zAuTdQ8TLTOCAVE+XhtWnklq56XAz8bt","zAuTdQ8TLTOCAVE+XhtWnklq56XAz8bt","Male specimen."
"cb0f1c6f-6ab6-4c15-82a5-361ff4a50d3a","DELA_006.basePlot.bet","D08","DELA","DELA_006","S","2015-05-27","2015-06-10","2015-06-12","2015-11-17","TJ0QPMK4AIwrUtoWXDQ+w95tD4BGYv8A/xkaAvsraMA=","NEON.BET.D08.000285","CHLAES","Chlaenius aestivus","species",,"Say",,"Ciegler, J. C. 2000. Ground beetles and wrinkled bark beetles of South Carolina (Coleoptera: Geadephaga: Carabidae and Rhysodidae). Biota of South Carolina. Vol. 1. Clemson, S. Clemson University.",,"zAuTdQ8TLTOCAVE+XhtWnklq56XAz8bt","zAuTdQ8TLTOCAVE+XhtWnklq56XAz8bt","Male specimen."
"ae67b203-8fae-44c4-b61b-59addebde22f","DELA_006.basePlot.bet","D08","DELA","DELA_006","S","2015-05-27","2015-06-10","2015-06-12","2015-11-17","TJ0QPMK4AIwrUtoWXDQ+w95tD4BGYv8A/xkaAvsraMA=","NEON.BET.D08.000286","CHLAES","Chlaenius aestivus","species",,"Say",,"Ciegler, J. C. 2000. Ground beetles and wrinkled bark beetles of South Carolina (Coleoptera: Geadephaga: Carabidae and Rhysodidae). Biota of South Carolina. Vol. 1. Clemson, S. Clemson University.",,"zAuTdQ8TLTOCAVE+XhtWnklq56XAz8bt","zAuTdQ8TLTOCAVE+XhtWnklq56XAz8bt","Male specimen."
"104a0bfa-1495-4eca-8e53-d1e61f24635d","DELA_006.basePlot.bet","D08","DELA","DELA_006","S","2015-05-27","2015-06-10","2015-06-12","2015-11-17","TJ0QPMK4AIwrUtoWXDQ+w/72a8icr1tnW8/r8yrSYvg=","NEON.BET.D08.000290","PTEATR","Pterostichus atratus","species",,"Newman",,"Lindroth, C. H. 1969. The ground-beetles (Carabidae, excl. Cicindelinae) of Canada and Alaska, parts 1-6. Opuscula E. Entomoligiska Sallskapet.",,"zAuTdQ8TLTOCAVE+XhtWnklq56XAz8bt","zAuTdQ8TLTOCAVE+XhtWnklq56XAz8bt","Male. Aedeagus dissected and carded. Two male specimens depicted the distinct process on the aedeagus charactersitc of P. atratus. Subsequent specimens treated the same."
"349876d3-5a4d-43ec-ac6f-fe2f725db309","DELA_006.basePlot.bet","D08","DELA","DELA_006","S","2015-05-27","2015-06-10","2015-06-12","2015-11-17","TJ0QPMK4AIwrUtoWXDQ+w5DKA/GFUH4MUv72dxIEdbk=","NEON.BET.D08.000289","CARSP14","Carabidae sp.","family","cf. species","Latreille","D08.2015.MorphX","Lindroth, C. H. 1969. The ground-beetles (Carabidae, excl. Cicindelinae) of Canada and Alaska, parts 1-6. Opuscula E. Entomoligiska Sallskapet.",,"zAuTdQ8TLTOCAVE+XhtWnklq56XAz8bt","zAuTdQ8TLTOCAVE+XhtWnklq56XAz8bt","Female. Likely Amara impuncticollis. A similar species, A. littoralis, has similar features. The pronounced front angles, the partially testaceous maxillary palpomere 3, and posterolateral setae situated more basally than laterally indicate this species."
"b5788f43-d373-430c-9b8b-8ab234f168bf","DELA_006.basePlot.bet","D08","DELA","DELA_006","S","2015-05-27","2015-06-10","2015-06-12","2015-11-17","TJ0QPMK4AIwrUtoWXDQ+w5DKA/GFUH4MUv72dxIEdbk=","NEON.BET.D08.000288","CARSP14","Carabidae sp.","family","cf. species","Latreille","D08.2015.MorphX","Lindroth, C. H. 1969. The ground-beetles (Carabidae, excl. Cicindelinae) of Canada and Alaska, parts 1-6. Opuscula E. Entomoligiska Sallskapet.",,"zAuTdQ8TLTOCAVE+XhtWnklq56XAz8bt","zAuTdQ8TLTOCAVE+XhtWnklq56XAz8bt","Male. Likely Amara impuncticollis. A similar species, A. littoralis, has similar features. The pronounced front angles, the partially testaceous maxillary palpomere 3, and posterolateral setae situated more basally than laterally indicate this species."
"e3bf3fd7-db32-4cd4-9dd6-34016c5cf86b","DELA_006.basePlot.bet","D08","DELA","DELA_006","S","2015-05-27","2015-06-10","2015-06-12","2015-11-17","TJ0QPMK4AIwrUtoWXDQ+w95tD4BGYv8A/xkaAvsraMA=","NEON.BET.D08.000296","CHLAES","Chlaenius aestivus","species",,"Say",,"Ciegler, J. C. 2000. Ground beetles and wrinkled bark beetles of South Carolina (Coleoptera: Geadephaga: Carabidae and Rhysodidae). Biota of South Carolina. Vol. 1. Clemson, S. Clemson University.",,"zAuTdQ8TLTOCAVE+XhtWnklq56XAz8bt","zAuTdQ8TLTOCAVE+XhtWnklq56XAz8bt","Male specimen."
"2cda6248-797a-4212-ba6a-f81c8d6d2f9a","DELA_001.basePlot.bet","D08","DELA","DELA_001","S","2015-05-27","2015-06-10","2015-06-12","2015-11-17","O/AjyhGAxzDZNRZmpzsVDCFO9oasxXl4qRJlykLlnJQ=","NEON.BET.D08.000272","CHLAES","Chlaenius aestivus","species",,"Say",,"Ciegler, J. C. 2000. Ground beetles and wrinkled bark beetles of South Carolina (Coleoptera: Geadephaga: Carabidae and Rhysodidae). Biota of South Carolina. Vol. 1. Clemson, S. Clemson University.",,"zAuTdQ8TLTOCAVE+XhtWnklq56XAz8bt","zAuTdQ8TLTOCAVE+XhtWnklq56XAz8bt","Male specimen"
"73ddd36f-bb1a-4913-ae31-328cfe491778","DELA_001.basePlot.bet","D08","DELA","DELA_001","S","2015-05-27","2015-06-10","2015-06-12","2015-11-17","O/AjyhGAxzDZNRZmpzsVDDqCoLOiSj3NWKFz0t46cUk=","NEON.BET.D08.000267","CHLEMA","Chlaenius emarginatus","species",,"Say",,"Ciegler, J. C. 2000. Ground beetles and wrinkled bark beetles of South Carolina (Coleoptera: Geadephaga: Carabidae and Rhysodidae). Biota of South Carolina. Vol. 1. Clemson, S. Clemson University.",,"zAuTdQ8TLTOCAVE+XhtWnklq56XAz8bt","zAuTdQ8TLTOCAVE+XhtWnklq56XAz8bt","Male specimen"
"1c69a859-da0f-443d-bffd-934b3ead4a59","DELA_001.basePlot.bet","D08","DELA","DELA_001","S","2015-05-27","2015-06-10","2015-06-12","2015-11-17","O/AjyhGAxzDZNRZmpzsVDJ2jpCH3yvrrxjWfqa+9ujo=","NEON.BET.D08.000276","CARSP14","Carabidae sp.","family",,"Latreille","D08.2015.MorphX","Lindroth, C. H. 1969. The ground-beetles (Carabidae, excl. Cicindelinae) of Canada and Alaska, parts 1-6. Opuscula E. Entomoligiska Sallskapet.",,"zAuTdQ8TLTOCAVE+XhtWnklq56XAz8bt","zAuTdQ8TLTOCAVE+XhtWnklq56XAz8bt","Female. Likely Amara impuncticollis. A similar species, A. littoralis, has similar features. The pronounced front angles, the partially testaceous maxillary palpomere 3, and posterolateral setae situated more basally than laterally indicate this species."
"9665c5af-b368-4fd1-9673-1f97b115870c","DELA_001.basePlot.bet","D08","DELA","DELA_001","S","2015-05-27","2015-06-10","2015-06-12","2015-11-17","O/AjyhGAxzDZNRZmpzsVDCFO9oasxXl4qRJlykLlnJQ=","NEON.BET.D08.000270","CHLAES","Chlaenius aestivus","species",,"Say",,"Ciegler, J. C. 2000. Ground beetles and wrinkled bark beetles of South Carolina (Coleoptera: Geadephaga: Carabidae and Rhysodidae). Biota of South Carolina. Vol. 1. Clemson, S. Clemson University.",,"zAuTdQ8TLTOCAVE+XhtWnklq56XAz8bt","zAuTdQ8TLTOCAVE+XhtWnklq56XAz8bt","Male specimen"
"c36eea90-8835-42c5-9d30-bdc4c1149b6a","DELA_001.basePlot.bet","D08","DELA","DELA_001","S","2015-05-27","2015-06-10","2015-06-12","2015-11-17","O/AjyhGAxzDZNRZmpzsVDGRXRH2QbIVVy7hk/MBroms=","NEON.BET.D08.000274","CYCCON2","Cyclotrachelus convivus","species",,"LeConte",,"Ciegler, J. C. 2000. Ground beetles and wrinkled bark beetles of South Carolina (Coleoptera: Geadephaga: Carabidae and Rhysodidae). Biota of South Carolina. Vol. 1. Clemson, S. Clemson University.",,"zAuTdQ8TLTOCAVE+XhtWnklq56XAz8bt","zAuTdQ8TLTOCAVE+XhtWnklq56XAz8bt","Male specimen. A very similar species, C. sigillatus is known to occur in East Alabama. Upon dissection of a male aedeagus, it was apparent that it was C. convivus. This assumption is assumed for all subsequent specimens."
"bdbfb9f8-fb24-4687-8e8c-941d9d3e5a01","DELA_001.basePlot.bet","D08","DELA","DELA_001","S","2015-05-27","2015-06-10","2015-06-12","2015-11-17","O/AjyhGAxzDZNRZmpzsVDJ2jpCH3yvrrxjWfqa+9ujo=","NEON.BET.D08.000277","CARSP14","Carabidae sp.","family",,"Latreille","D08.2015.MorphX","Lindroth, C. H. 1969. The ground-beetles (Carabidae, excl. Cicindelinae) of Canada and Alaska, parts 1-6. Opuscula E. Entomoligiska Sallskapet.",,"zAuTdQ8TLTOCAVE+XhtWnklq56XAz8bt","zAuTdQ8TLTOCAVE+XhtWnklq56XAz8bt","Female. Likely Amara impuncticollis. A similar species, A. littoralis, has similar features. The pronounced front angles, the partially testaceous maxillary palpomere 3, and posterolateral setae situated more basally than laterally indicate this species."
"3598e72d-5a1b-4797-8a8f-216ea2ee805b","DELA_001.basePlot.bet","D08","DELA","DELA_001","S","2015-05-27","2015-06-10","2015-06-12","2015-11-17","O/AjyhGAxzDZNRZmpzsVDCFO9oasxXl4qRJlykLlnJQ=","NEON.BET.D08.000268","CHLAES","Chlaenius aestivus","species",,"Say",,"Ciegler, J. C. 2000. Ground beetles and wrinkled bark beetles of South Carolina (Coleoptera: Geadephaga: Carabidae and Rhysodidae). Biota of South Carolina. Vol. 1. Clemson, S. Clemson University.",,"zAuTdQ8TLTOCAVE+XhtWnklq56XAz8bt","zAuTdQ8TLTOCAVE+XhtWnklq56XAz8bt","Female specimen"
"47cb6b1f-9dbc-436c-9067-04c4d971fc7b","DELA_001.basePlot.bet","D08","DELA","DELA_001","S","2015-05-27","2015-06-10","2015-06-12","2015-11-17","O/AjyhGAxzDZNRZmpzsVDCFO9oasxXl4qRJlykLlnJQ=","NEON.BET.D08.000271","CHLAES","Chlaenius aestivus","species",,"Say",,"Ciegler, J. C. 2000. Ground beetles and wrinkled bark beetles of South Carolina (Coleoptera: Geadephaga: Carabidae and Rhysodidae). Biota of South Carolina. Vol. 1. Clemson, S. Clemson University.",,"zAuTdQ8TLTOCAVE+XhtWnklq56XAz8bt","zAuTdQ8TLTOCAVE+XhtWnklq56XAz8bt","Male specimen"
"1df55eeb-9cd4-4acc-8416-ac50d4d9a2a4","DELA_001.basePlot.bet","D08","DELA","DELA_001","S","2015-05-27","2015-06-10","2015-06-12","2015-11-17","O/AjyhGAxzDZNRZmpzsVDCFO9oasxXl4qRJlykLlnJQ=","NEON.BET.D08.000269","CHLAES","Chlaenius aestivus","species",,"Say",,"Ciegler, J. C. 2000. Ground beetles and wrinkled bark beetles of South Carolina (Coleoptera: Geadephaga: Carabidae and Rhysodidae). Biota of South Carolina. Vol. 1. Clemson, S. Clemson University.",,"zAuTdQ8TLTOCAVE+XhtWnklq56XAz8bt","zAuTdQ8TLTOCAVE+XhtWnklq56XAz8bt","Male specimen"
"afff82bd-0231-41d2-b561-8363344d6117","DELA_001.basePlot.bet","D08","DELA","DELA_001","S","2015-05-27","2015-06-10","2015-06-12","2015-11-17","O/AjyhGAxzDZNRZmpzsVDCFO9oasxXl4qRJlykLlnJQ=","NEON.BET.D08.000273","CHLAES","Chlaenius aestivus","species",,"Say",,"Ciegler, J. C. 2000. Ground beetles and wrinkled bark beetles of South Carolina (Coleoptera: Geadephaga: Carabidae and Rhysodidae). Biota of South Carolina. Vol. 1. Clemson, S. Clemson University.",,"zAuTdQ8TLTOCAVE+XhtWnklq56XAz8bt","zAuTdQ8TLTOCAVE+XhtWnklq56XAz8bt","Female specimen"
"64ae5f94-b02a-424a-8c6e-5810f2ec488e","DELA_001.basePlot.bet","D08","DELA","DELA_001","S","2015-05-27","2015-06-10","2015-06-12","2015-11-17","O/AjyhGAxzDZNRZmpzsVDAnF0q1Lm5LFKxOl2dbwJe0=","NEON.BET.D08.000275","PTEATR","Pterostichus atratus","species",,"Newman",,"Lindroth, C. H. 1969. The ground-beetles (Carabidae, excl. Cicindelinae) of Canada and Alaska, parts 1-6. Opuscula E. Entomoligiska Sallskapet.",,"zAuTdQ8TLTOCAVE+XhtWnklq56XAz8bt","zAuTdQ8TLTOCAVE+XhtWnklq56XAz8bt","Male specimen. Two male specimens depicted the distinct process on the aedeagus characteristic of P. atratus. Subsequent specimens treated the same."
"f6c04247-e670-4757-b93f-acefcfc43826","DELA_001.basePlot.bet","D08","DELA","DELA_001","W","2015-05-27","2015-06-10","2015-06-12","2015-11-17","O/AjyhGAxzAthpSiIw8Ws0fsn82osfqIhMmOL1z7QjY=","NEON.BET.D08.000261","CHLAES","Chlaenius aestivus","species",,"Say",,"Ciegler, J. C. 2000. Ground beetles and wrinkled bark beetles of South Carolina (Coleoptera: Geadephaga: Carabidae and Rhysodidae). Biota of South Carolina. Vol. 1. Clemson, S. Clemson University.",,"zAuTdQ8TLTOCAVE+XhtWnklq56XAz8bt","zAuTdQ8TLTOCAVE+XhtWnklq56XAz8bt","Female specimen"
"eab24fba-3b42-4eba-bf06-9be9ff2316b5","DELA_001.basePlot.bet","D08","DELA","DELA_001","W","2015-05-27","2015-06-10","2015-06-12","2015-11-17","O/AjyhGAxzAthpSiIw8Ws0fsn82osfqIhMmOL1z7QjY=","NEON.BET.D08.000264","CHLAES","Chlaenius aestivus","species",,"Say",,"Ciegler, J. C. 2000. Ground beetles and wrinkled bark beetles of South Carolina (Coleoptera: Geadephaga: Carabidae and Rhysodidae). Biota of South Carolina. Vol. 1. Clemson, S. Clemson University.",,"zAuTdQ8TLTOCAVE+XhtWnklq56XAz8bt","zAuTdQ8TLTOCAVE+XhtWnklq56XAz8bt","Male specimen"
"e04d1a0c-d4c2-4566-8d3c-1a67a36ecbbe","DELA_001.basePlot.bet","D08","DELA","DELA_001","W","2015-05-27","2015-06-10","2015-06-12","2015-11-17","O/AjyhGAxzAthpSiIw8Ws0fsn82osfqIhMmOL1z7QjY=","NEON.BET.D08.000263","CHLAES","Chlaenius aestivus","species",,"Say",,"Ciegler, J. C. 2000. Ground beetles and wrinkled bark beetles of South Carolina (Coleoptera: Geadephaga: Carabidae and Rhysodidae). Biota of South Carolina. Vol. 1. Clemson, S. Clemson University.",,"zAuTdQ8TLTOCAVE+XhtWnklq56XAz8bt","zAuTdQ8TLTOCAVE+XhtWnklq56XAz8bt","Male specimen"
"c13f707f-9fb3-4d29-83e4-878c0017bd56","DELA_001.basePlot.bet","D08","DELA","DELA_001","W","2015-05-27","2015-06-10","2015-06-12","2015-11-17","O/AjyhGAxzAthpSiIw8Ws0fsn82osfqIhMmOL1z7QjY=","NEON.BET.D08.000265","CHLAES","Chlaenius aestivus","species",,"Say",,"Ciegler, J. C. 2000. Ground beetles and wrinkled bark beetles of South Carolina (Coleoptera: Geadephaga: Carabidae and Rhysodidae). Biota of South Carolina. Vol. 1. Clemson, S. Clemson University.",,"zAuTdQ8TLTOCAVE+XhtWnklq56XAz8bt","zAuTdQ8TLTOCAVE+XhtWnklq56XAz8bt","Female specimen"
"0b16260f-5916-43bc-b367-58493a3ab368","DELA_001.basePlot.bet","D08","DELA","DELA_001","W","2015-05-27","2015-06-10","2015-06-12","2015-11-17","O/AjyhGAxzAthpSiIw8Ws9rWTWnrk/UU1XawAtfKszk=","NEON.BET.D08.000266","CYCCON2","Cyclotrachelus convivus","species",,"LeConte",,"Ciegler, J. C. 2000. Ground beetles and wrinkled bark beetles of South Carolina (Coleoptera: Geadephaga: Carabidae and Rhysodidae). Biota of South Carolina. Vol. 1. Clemson, S. Clemson University.",,"zAuTdQ8TLTOCAVE+XhtWnklq56XAz8bt","zAuTdQ8TLTOCAVE+XhtWnklq56XAz8bt","Freshly molted, brown and translucent. Male. A very similar species, C. sigillatus is known to occur in East Alabama. Upon dissection of a male aedeagus, it was apparent that it was C. convivus. This assumption is assumed for all subsequent specimens."
"83d58150-72fc-49fe-a13d-b4ef044df7fc","DELA_001.basePlot.bet","D08","DELA","DELA_001","W","2015-05-27","2015-06-10","2015-06-12","2015-11-17","O/AjyhGAxzAthpSiIw8Ws0fsn82osfqIhMmOL1z7QjY=","NEON.BET.D08.000262","CHLAES","Chlaenius aestivus","species",,"Say",,"Ciegler, J. C. 2000. Ground beetles and wrinkled bark beetles of South Carolina (Coleoptera: Geadephaga: Carabidae and Rhysodidae). Biota of South Carolina. Vol. 1. Clemson, S. Clemson University.",,"zAuTdQ8TLTOCAVE+XhtWnklq56XAz8bt","zAuTdQ8TLTOCAVE+XhtWnklq56XAz8bt","Male specimen"
"ab7aa3de-2ea3-42b8-a063-15ce9536375c","DELA_005.basePlot.bet","D08","DELA","DELA_005","W","2015-05-27","2015-06-10","2015-06-12","2015-11-17","2SnNEOw2TDKd9E3k3YMEKCQPtozokAPsiFIk+MOa2ZU=","NEON.BET.D08.000280","CHLAES","Chlaenius aestivus","species",,"Say",,"Ciegler, J. C. 2000. Ground beetles and wrinkled bark beetles of South Carolina (Coleoptera: Geadephaga: Carabidae and Rhysodidae). Biota of South Carolina. Vol. 1. Clemson, S. Clemson University.",,"zAuTdQ8TLTOCAVE+XhtWnklq56XAz8bt","zAuTdQ8TLTOCAVE+XhtWnklq56XAz8bt","Female specimen"
"f94fb9de-d7c4-4016-89d4-8c15b2a73070","DELA_004.basePlot.bet","D08","DELA","DELA_004","W","2015-05-27","2015-06-10","2015-06-12","2015-11-17","kLBVbtba3oCtSl5LVryuB98ZNIoyFzDdboysvuXKO9o=","NEON.BET.D08.000278","PTEATR","Pterostichus atratus","species",,"Newman",,"Lindroth, C. H. 1969. The ground-beetles (Carabidae, excl. Cicindelinae) of Canada and Alaska, parts 1-6. Opuscula E. Entomoligiska Sallskapet.",,"zAuTdQ8TLTOCAVE+XhtWnklq56XAz8bt","zAuTdQ8TLTOCAVE+XhtWnklq56XAz8bt","Male specimen. Two male specimens depicted the distinct process on the aedeagus charactersitc of P. atratus. Subsequent specimens treated the same."
"13f3b594-227e-406c-897b-7b02160af25f","DELA_006.basePlot.bet","D08","DELA","DELA_006","W","2015-05-27","2015-06-10","2015-06-12","2015-11-17","TJ0QPMK4AIwK7ytcnTZjlaENpQDInOz+Wt1Nm2ViPUg=","NEON.BET.D08.000292","CHLAES","Chlaenius aestivus","species",,"Say",,"Ciegler, J. C. 2000. Ground beetles and wrinkled bark beetles of South Carolina (Coleoptera: Geadephaga: Carabidae and Rhysodidae). Biota of South Carolina. Vol. 1. Clemson, S. Clemson University.",,"zAuTdQ8TLTOCAVE+XhtWnklq56XAz8bt","zAuTdQ8TLTOCAVE+XhtWnklq56XAz8bt","Female specimen."
"4c194e60-dd81-4105-a598-2e1644a3828c","DELA_006.basePlot.bet","D08","DELA","DELA_006","W","2015-05-27","2015-06-10","2015-06-12","2015-11-17","TJ0QPMK4AIwK7ytcnTZjlaENpQDInOz+Wt1Nm2ViPUg=","NEON.BET.D08.000291","CHLAES","Chlaenius aestivus","species",,"Say",,"Ciegler, J. C. 2000. Ground beetles and wrinkled bark beetles of South Carolina (Coleoptera: Geadephaga: Carabidae and Rhysodidae). Biota of South Carolina. Vol. 1. Clemson, S. Clemson University.",,"zAuTdQ8TLTOCAVE+XhtWnklq56XAz8bt","zAuTdQ8TLTOCAVE+XhtWnklq56XAz8bt","Male specimen."
"bf909bd5-6603-470f-874b-566ec67a7c11","DELA_006.basePlot.bet","D08","DELA","DELA_006","E","2015-06-10","2015-06-24","2015-08-24","2015-11-17","TJ0QPMK4AIwOKQ1KvebTPSPzXW773KqWDxXyKoPL228=","NEON.BET.D08.000314","CHLAES","Chlaenius aestivus","species",,"Say",,"Ciegler, J. C. 2000. Ground beetles and wrinkled bark beetles of South Carolina (Coleoptera: Geadephaga: Carabidae and Rhysodidae). Biota of South Carolina. Vol. 1. Clemson, S. Clemson University.",,"zAuTdQ8TLTOCAVE+XhtWnklq56XAz8bt","zAuTdQ8TLTOCAVE+XhtWnklq56XAz8bt","Sex undetermined."
"1409ef7e-3402-4910-b637-4a1c68d6e64d","DELA_006.basePlot.bet","D08","DELA","DELA_006","W","2015-06-10","2015-06-24","2015-08-24","2015-11-17","TJ0QPMK4AIwK7ytcnTZjlVAQ6Hc7m3UWn6qOcmtJ+Js=","NEON.BET.D08.000319","CYCCON2","Cyclotrachelus convivus","species",,"LeConte",,"Ciegler, J. C. 2000. Ground beetles and wrinkled bark beetles of South Carolina (Coleoptera: Geadephaga: Carabidae and Rhysodidae). Biota of South Carolina. Vol. 1. Clemson, S. Clemson University.",,"zAuTdQ8TLTOCAVE+XhtWnklq56XAz8bt","zAuTdQ8TLTOCAVE+XhtWnklq56XAz8bt","Male specimen. A very similar species, C. sigillatus is known to occur in East Alabama. Upon dissection of a male aedeagus, it was apparent that it was C. convivus. This assumption is assumed for all subsequent specimens. Ciegler 2000| Freitag 1969"
"a4d3082b-ebd3-434c-ba4d-36e1289728f2","DELA_005.basePlot.bet","D08","DELA","DELA_005","E","2015-06-10","2015-06-24","2015-08-24","2015-11-17","2SnNEOw2TDLur3xBleuIb53xrJrCnMa6I6ETJjNrMkQ=","NEON.BET.D08.000308","CHLAMO","Chlaenius amoenus","species",,"Dejean",,"Ciegler, J. C. 2000. Ground beetles and wrinkled bark beetles of South Carolina (Coleoptera: Geadephaga: Carabidae and Rhysodidae). Biota of South Carolina. Vol. 1. Clemson, S. Clemson University.",,"zAuTdQ8TLTOCAVE+XhtWnklq56XAz8bt","zAuTdQ8TLTOCAVE+XhtWnklq56XAz8bt","Female specimen."
"5fa59541-5eb5-4519-8ca0-9ebc175d3f29","DELA_007.basePlot.bet","D08","DELA","DELA_007","E","2015-06-10","2015-06-24","2015-08-24","2015-11-17","GZ/vvgwSrsCNJvQZCyWLqhd2igYKBU1et5pswBGZ3D4=","NEON.BET.D08.000322","CHLAES","Chlaenius aestivus","species",,"Say",,"Ciegler, J. C. 2000. Ground beetles and wrinkled bark beetles of South Carolina (Coleoptera: Geadephaga: Carabidae and Rhysodidae). Biota of South Carolina. Vol. 1. Clemson, S. Clemson University.",,"zAuTdQ8TLTOCAVE+XhtWnklq56XAz8bt","zAuTdQ8TLTOCAVE+XhtWnklq56XAz8bt","Male specimen."
"9c169c61-50d7-44a7-81e2-c128a1389eea","DELA_008.basePlot.bet","D08","DELA","DELA_008","E","2015-06-10","2015-06-24","2015-08-24","2015-11-17","0pivLSjA/d5FokEKJV3u73cHdUZfxAcBeF62z9QOS8I=","NEON.BET.D08.000324","CHLERY","Chlaenius erythropus","species",,"Germar",,"Ciegler, J. C. 2000. Ground beetles and wrinkled bark beetles of South Carolina (Coleoptera: Geadephaga: Carabidae and Rhysodidae). Biota of South Carolina. Vol. 1. Clemson, S. Clemson University.",,"zAuTdQ8TLTOCAVE+XhtWnklq56XAz8bt","zAuTdQ8TLTOCAVE+XhtWnklq56XAz8bt","Female. A similar species, C. fuscicornis exists in this region and is known to be sympatric with C. erythropus. The lighter colored antenna and tarsi, as well as the aedeagus indicated C. erythropus. All specimens exhibited a highly sinuate pronotum"
"ed9f7d82-6a83-44a8-857e-313bd2a7fd88","DELA_007.basePlot.bet","D08","DELA","DELA_007","E","2015-06-10","2015-06-24","2015-08-24","2015-11-17","GZ/vvgwSrsCNJvQZCyWLqhd2igYKBU1et5pswBGZ3D4=","NEON.BET.D08.000321","CHLAES","Chlaenius aestivus","species",,"Say",,"Ciegler, J. C. 2000. Ground beetles and wrinkled bark beetles of South Carolina (Coleoptera: Geadephaga: Carabidae and Rhysodidae). Biota of South Carolina. Vol. 1. Clemson, S. Clemson University.",,"zAuTdQ8TLTOCAVE+XhtWnklq56XAz8bt","zAuTdQ8TLTOCAVE+XhtWnklq56XAz8bt","Female Specimen."
"584fb7ba-7399-4548-af72-cbe5b44429df","DELA_007.basePlot.bet","D08","DELA","DELA_007","E","2015-06-10","2015-06-24","2015-08-24","2015-11-17","GZ/vvgwSrsCNJvQZCyWLqkE2AfCCxLyissnN4KnbOe0=","NEON.BET.D08.000323","CHLERY","Chlaenius erythropus","species",,"Germar",,"Ciegler, J. C. 2000. Ground beetles and wrinkled bark beetles of South Carolina (Coleoptera: Geadephaga: Carabidae and Rhysodidae). Biota of South Carolina. Vol. 1. Clemson, S. Clemson University.",,"zAuTdQ8TLTOCAVE+XhtWnklq56XAz8bt","zAuTdQ8TLTOCAVE+XhtWnklq56XAz8bt","female. A similar species, C. fuscicornis exists in this region and is known to be sympatric with C. erythropus. The lighter colored antenna and tarsi, as well as the aedeagus indicated C. erythropus. All specimens exhibited a highly sinuate pronotum."
"b04792d0-2455-4463-a45d-27a963560f16","DELA_001.basePlot.bet","D08","DELA","DELA_001","E","2015-06-10","2015-06-24","2015-08-24","2015-11-17","O/AjyhGAxzBi5gzV30Gcnl6XtYbYzxuI53hRbBEhGJg=","NEON.BET.D08.000299","DICFUR1","Dicaelus furvus carinatus","subspecies",,"Dejean",,"Ciegler, J. C. 2000. Ground beetles and wrinkled bark beetles of South Carolina (Coleoptera: Geadephaga: Carabidae and Rhysodidae). Biota of South Carolina. Vol. 1. Clemson, S. Clemson University.",,"zAuTdQ8TLTOCAVE+XhtWnklq56XAz8bt","zAuTdQ8TLTOCAVE+XhtWnklq56XAz8bt","Male specimen."
"f2af7a57-b3e0-4c8c-8664-a82cca658a13","DELA_001.basePlot.bet","D08","DELA","DELA_001","E","2015-06-10","2015-06-24","2015-08-24","2015-11-17","O/AjyhGAxzBi5gzV30Gcnl6XtYbYzxuI53hRbBEhGJg=","NEON.BET.D08.000300","CARSP14","Carabidae sp.","family","cf. species","Latreille","D08.2015.MorphX","Lindroth, C. H. 1969. The ground-beetles (Carabidae, excl. Cicindelinae) of Canada and Alaska, parts 1-6. Opuscula E. Entomoligiska Sallskapet.",,"zAuTdQ8TLTOCAVE+XhtWnklq56XAz8bt","zAuTdQ8TLTOCAVE+XhtWnklq56XAz8bt","male Most likely Amara impuncticollis. A similar species, A. littoralis, has similar features. The pronounced front angles, the partially testaceous maxillary palpomere 3, and posterolateral setae situated more basally than laterally indicate this species"
"d6757ec4-8f33-4bf9-a1fa-2f0c94205442","DELA_001.basePlot.bet","D08","DELA","DELA_001","E","2015-06-10","2015-06-24","2015-08-24","2015-11-17","O/AjyhGAxzBi5gzV30Gcnl6XtYbYzxuI53hRbBEhGJg=","NEON.BET.D08.000298","CHLAES","Chlaenius aestivus","species",,"Say",,"Ciegler, J. C. 2000. Ground beetles and wrinkled bark beetles of South Carolina (Coleoptera: Geadephaga: Carabidae and Rhysodidae). Biota of South Carolina. Vol. 1. Clemson, S. Clemson University.",,"zAuTdQ8TLTOCAVE+XhtWnklq56XAz8bt","zAuTdQ8TLTOCAVE+XhtWnklq56XAz8bt","male specimen."
"d08e9688-7a32-4a31-9d2e-529790464c00","DELA_001.basePlot.bet","D08","DELA","DELA_001","E","2015-06-10","2015-06-24","2015-08-24","2015-11-17","O/AjyhGAxzBi5gzV30Gcnl6XtYbYzxuI53hRbBEhGJg=","NEON.BET.D08.000301","PTEATR","Pterostichus atratus","species",,"Newman",,"Lindroth, C. H. 1969. The ground-beetles (Carabidae, excl. Cicindelinae) of Canada and Alaska, parts 1-6. Opuscula E. Entomoligiska Sallskapet.",,"zAuTdQ8TLTOCAVE+XhtWnklq56XAz8bt","zAuTdQ8TLTOCAVE+XhtWnklq56XAz8bt","female specimen. Two male specimens depicted the distinct process on the aedeagus charactersitc of P. atratus. Subsequent specimens treated the same."
"7aaee6c3-5dc4-4722-874e-f05dc77f1033","DELA_001.basePlot.bet","D08","DELA","DELA_001","E","2015-06-10","2015-06-24","2015-08-24","2015-11-17","O/AjyhGAxzBi5gzV30Gcnl6XtYbYzxuI53hRbBEhGJg=","NEON.BET.D08.000297","CHLAES","Chlaenius aestivus","species",,"Say",,"Ciegler, J. C. 2000. Ground beetles and wrinkled bark beetles of South Carolina (Coleoptera: Geadephaga: Carabidae and Rhysodidae). Biota of South Carolina. Vol. 1. Clemson, S. Clemson University.",,"zAuTdQ8TLTOCAVE+XhtWnklq56XAz8bt","zAuTdQ8TLTOCAVE+XhtWnklq56XAz8bt","Female specimen."
"7765816b-8901-4ffe-be03-e63a480d673a","DELA_004.basePlot.bet","D08","DELA","DELA_004","N","2015-06-10","2015-06-24","2015-08-24","2015-11-17","kLBVbtba3oCpWhWGkB7vLbsCc916F04A1mC+w3aZ8Zc=","NEON.BET.D08.000305","CHLERY","Chlaenius erythropus","species",,"Germar",,"Ciegler, J. C. 2000. Ground beetles and wrinkled bark beetles of South Carolina (Coleoptera: Geadephaga: Carabidae and Rhysodidae). Biota of South Carolina. Vol. 1. Clemson, S. Clemson University.",,"zAuTdQ8TLTOCAVE+XhtWnklq56XAz8bt","zAuTdQ8TLTOCAVE+XhtWnklq56XAz8bt","female. A similar species, C. fuscicornis exists in this region and is known to be sympatric with C. erythropus. The lighter colored antenna and tarsi, as well as the aedeagus indicated C. erythropus. All specimens exhibited a highly sinuate pronotum"
"50173724-1eed-4320-8633-ad2a7bfd760b","DELA_004.basePlot.bet","D08","DELA","DELA_004","N","2015-06-10","2015-06-24","2015-08-24","2015-11-17","kLBVbtba3oCpWhWGkB7vLbsCc916F04A1mC+w3aZ8Zc=","NEON.BET.D08.000306","CHLERY","Chlaenius erythropus","species",,"Germar",,"Ciegler, J. C. 2000. Ground beetles and wrinkled bark beetles of South Carolina (Coleoptera: Geadephaga: Carabidae and Rhysodidae). Biota of South Carolina. Vol. 1. Clemson, S. Clemson University.",,"zAuTdQ8TLTOCAVE+XhtWnklq56XAz8bt","zAuTdQ8TLTOCAVE+XhtWnklq56XAz8bt","female. A similar species, C. fuscicornis exists in this region and is known to be sympatric with C. erythropus. The lighter colored antenna and tarsi, as well as the aedeagus indicated C. erythropus. All specimens exhibited a highly sinuate pronotum."
"ad8d51e8-2f27-4149-9535-ae4980924108","DELA_001.basePlot.bet","D08","DELA","DELA_001","S","2015-06-10","2015-06-24","2015-08-24","2015-11-17","O/AjyhGAxzDZNRZmpzsVDG7eFUslAJFNsshcR4Tfi9c=","NEON.BET.D08.000304","GALBIC","Galerita bicolor","species",,"Drury",,"Ciegler, J. C. 2000. Ground beetles and wrinkled bark beetles of South Carolina (Coleoptera: Geadephaga: Carabidae and Rhysodidae). Biota of South Carolina. Vol. 1. Clemson, S. Clemson University.",,"zAuTdQ8TLTOCAVE+XhtWnklq56XAz8bt","zAuTdQ8TLTOCAVE+XhtWnklq56XAz8bt","Female specimen."
"9c0cfdc2-7531-4450-ab4f-fc1455a9738b","DELA_005.basePlot.bet","D08","DELA","DELA_005","S","2015-06-10","2015-06-24","2015-08-24","2015-11-17","2SnNEOw2TDLJJMhRTeHY5jsujEiOJuosh3bvmb/iT0Y=","NEON.BET.D08.000309","CYCCON2","Cyclotrachelus convivus","species",,"LeConte",,"Ciegler, J. C. 2000. Ground beetles and wrinkled bark beetles of South Carolina (Coleoptera: Geadephaga: Carabidae and Rhysodidae). Biota of South Carolina. Vol. 1. Clemson, S. Clemson University.",,"zAuTdQ8TLTOCAVE+XhtWnklq56XAz8bt","zAuTdQ8TLTOCAVE+XhtWnklq56XAz8bt","A very similar species, C. sigillatus is known to occur in East Alabama. Upon dissection of a male aedeagus, it was apparent that it was C. convivus. This assumption is assumed for all subsequent specimens."
"61225625-8c4a-4774-b069-57974bcdf2a9","DELA_001.basePlot.bet","D08","DELA","DELA_001","S","2015-06-10","2015-06-24","2015-08-24","2015-11-17","O/AjyhGAxzDZNRZmpzsVDJbuPdSG/IRKm8DDXyru5+o=","NEON.BET.D08.000303","CHLAES","Chlaenius aestivus","species",,"Say",,"Ciegler, J. C. 2000. Ground beetles and wrinkled bark beetles of South Carolina (Coleoptera: Geadephaga: Carabidae and Rhysodidae). Biota of South Carolina. Vol. 1. Clemson, S. Clemson University.",,"zAuTdQ8TLTOCAVE+XhtWnklq56XAz8bt","zAuTdQ8TLTOCAVE+XhtWnklq56XAz8bt","Female specimen."
"eda8ea5f-b59d-47f0-a618-0484054bb77d","DELA_005.basePlot.bet","D08","DELA","DELA_005","W","2015-06-10","2015-06-24","2015-08-24","2015-11-17","2SnNEOw2TDKd9E3k3YMEKN+S770ab/K92m8v94y35u4=","NEON.BET.D08.000313","SCASUB2","Scarites subterraneus","species",,"Fabricius",,"Bousquet, Y. and P. E. Skelley. 2010. Description of a New Species of Scarites Fabricius (Coleoptera: Carabidae) from Florida. The Coleopterists Bulletin 64(1): 45-49.",,"zAuTdQ8TLTOCAVE+XhtWnklq56XAz8bt","zAuTdQ8TLTOCAVE+XhtWnklq56XAz8bt","Sex cannot be determined."
"5009667e-cea1-4506-bc5c-fc252204147b","DELA_005.basePlot.bet","D08","DELA","DELA_005","W","2015-06-10","2015-06-24","2015-08-24","2015-11-17","2SnNEOw2TDKd9E3k3YMEKBfzXWe6v2/9+F5ppW9Ie60=","NEON.BET.D08.000312","CHLAES","Chlaenius aestivus","species",,"Say",,"Ciegler, J. C. 2000. Ground beetles and wrinkled bark beetles of South Carolina (Coleoptera: Geadephaga: Carabidae and Rhysodidae). Biota of South Carolina. Vol. 1. Clemson, S. Clemson University.",,"zAuTdQ8TLTOCAVE+XhtWnklq56XAz8bt","zAuTdQ8TLTOCAVE+XhtWnklq56XAz8bt","All legs missing, sex cannot be determined."
"4d056c9b-d92c-438d-a7ae-fcc7a6bb17b4","DELA_001.basePlot.bet","D08","DELA","DELA_001","W","2015-06-10","2015-06-24","2015-08-24","2015-11-17","O/AjyhGAxzAthpSiIw8Ws+7N85bGhyQU/9MAaDhy2VQ=","NEON.BET.D08.000302","CYCCON2","Cyclotrachelus convivus","species",,"LeConte",,"Ciegler, J. C. 2000. Ground beetles and wrinkled bark beetles of South Carolina (Coleoptera: Geadephaga: Carabidae and Rhysodidae). Biota of South Carolina. Vol. 1. Clemson, S. Clemson University.",,"zAuTdQ8TLTOCAVE+XhtWnklq56XAz8bt","zAuTdQ8TLTOCAVE+XhtWnklq56XAz8bt","Male specimen. A very similar species, C. sigillatus is known to occur in East Alabama. Upon dissection of a male aedeagus, it was apparent that it was C. convivus. This assumption is assumed for all subsequent specimens."
"eb316b13-4d97-4340-a203-9a36f1b97ed1","DELA_004.basePlot.bet","D08","DELA","DELA_004","W","2015-06-10","2015-06-24","2015-08-24","2015-11-17","kLBVbtba3oCtSl5LVryuB/pvExmUsWfWyORxdjp1mT8=","NEON.BET.D08.000307","DICFUR1","Dicaelus furvus carinatus","subspecies",,"Dejean",,"Ciegler, J. C. 2000. Ground beetles and wrinkled bark beetles of South Carolina (Coleoptera: Geadephaga: Carabidae and Rhysodidae). Biota of South Carolina. Vol. 1. Clemson, S. Clemson University.",,"zAuTdQ8TLTOCAVE+XhtWnklq56XAz8bt","zAuTdQ8TLTOCAVE+XhtWnklq56XAz8bt","Female specimen."
"44929a51-eba6-44cb-b664-187255ca07de","DELA_005.basePlot.bet","D08","DELA","DELA_005","W","2015-06-10","2015-06-24","2015-08-24","2015-11-17","2SnNEOw2TDKd9E3k3YMEKBfzXWe6v2/9+F5ppW9Ie60=","NEON.BET.D08.000310","CHLAES","Chlaenius aestivus","species",,"Say",,"Ciegler, J. C. 2000. Ground beetles and wrinkled bark beetles of South Carolina (Coleoptera: Geadephaga: Carabidae and Rhysodidae). Biota of South Carolina. Vol. 1. Clemson, S. Clemson University.",,"zAuTdQ8TLTOCAVE+XhtWnklq56XAz8bt","zAuTdQ8TLTOCAVE+XhtWnklq56XAz8bt","Male specimen."
"83bb2517-406b-44a7-9166-5064036f226f","DELA_005.basePlot.bet","D08","DELA","DELA_005","W","2015-06-10","2015-06-24","2015-08-24","2015-11-17","2SnNEOw2TDKd9E3k3YMEKBfzXWe6v2/9+F5ppW9Ie60=","NEON.BET.D08.000311","CHLAES","Chlaenius aestivus","species",,"Say",,"Ciegler, J. C. 2000. Ground beetles and wrinkled bark beetles of South Carolina (Coleoptera: Geadephaga: Carabidae and Rhysodidae). Biota of South Carolina. Vol. 1. Clemson, S. Clemson University.",,"zAuTdQ8TLTOCAVE+XhtWnklq56XAz8bt","zAuTdQ8TLTOCAVE+XhtWnklq56XAz8bt","Female specimen."
"a820c1e7-78fd-4855-8465-8cf7e82a41be","DELA_006.basePlot.bet","D08","DELA","DELA_006","W","2015-06-10","2015-06-24","2015-08-24","2015-11-17","TJ0QPMK4AIwK7ytcnTZjlVAQ6Hc7m3UWn6qOcmtJ+Js=","NEON.BET.D08.000320","CARSP14","Carabidae sp.","family","cf. species","Latreille","D08.2015.MorphX","Lindroth, C. H. 1969. The ground-beetles (Carabidae, excl. Cicindelinae) of Canada and Alaska, parts 1-6. Opuscula E. Entomoligiska Sallskapet.",,"zAuTdQ8TLTOCAVE+XhtWnklq56XAz8bt","zAuTdQ8TLTOCAVE+XhtWnklq56XAz8bt","Male.Most likely Amara impuncticollis. A similar species, A. littoralis, has similar features. The pronounced front angles, the partially testaceous maxillary palpomere 3, and posterolateral setae situated more basally than laterally indicate this species"
"bd0f58fa-42e9-4066-89d7-b15e24099522","DELA_006.basePlot.bet","D08","DELA","DELA_006","W","2015-06-10","2015-06-24","2015-08-24","2015-11-17","TJ0QPMK4AIwK7ytcnTZjlVAQ6Hc7m3UWn6qOcmtJ+Js=","NEON.BET.D08.000317","PTEATR","Pterostichus atratus","species",,"Newman",,"Lindroth, C. H. 1969. The ground-beetles (Carabidae, excl. Cicindelinae) of Canada and Alaska, parts 1-6. Opuscula E. Entomoligiska Sallskapet.",,"zAuTdQ8TLTOCAVE+XhtWnklq56XAz8bt","zAuTdQ8TLTOCAVE+XhtWnklq56XAz8bt","Female Specimen. Two male specimens depicted the distinct process on the aedeagus charactersitc of P. atratus. Subsequent specimens treated the same."
"2524dbef-5463-4f92-ab87-f89c5d5b041a","DELA_006.basePlot.bet","D08","DELA","DELA_006","W","2015-06-10","2015-06-24","2015-08-24","2015-11-17","TJ0QPMK4AIwK7ytcnTZjlVAQ6Hc7m3UWn6qOcmtJ+Js=","NEON.BET.D08.000316","CHLAES","Chlaenius aestivus","species",,"Say",,"Ciegler, J. C. 2000. Ground beetles and wrinkled bark beetles of South Carolina (Coleoptera: Geadephaga: Carabidae and Rhysodidae). Biota of South Carolina. Vol. 1. Clemson, S. Clemson University.",,"zAuTdQ8TLTOCAVE+XhtWnklq56XAz8bt","zAuTdQ8TLTOCAVE+XhtWnklq56XAz8bt","female specimen"
"1efdc08f-c87e-46bd-9f1a-7645dffdedf7","DELA_006.basePlot.bet","D08","DELA","DELA_006","W","2015-06-10","2015-06-24","2015-08-24","2015-11-17","TJ0QPMK4AIwK7ytcnTZjlVAQ6Hc7m3UWn6qOcmtJ+Js=","NEON.BET.D08.000318","CYCCON2","Cyclotrachelus convivus","species",,"LeConte",,"Ciegler, J. C. 2000. Ground beetles and wrinkled bark beetles of South Carolina (Coleoptera: Geadephaga: Carabidae and Rhysodidae). Biota of South Carolina. Vol. 1. Clemson, S. Clemson University.",,"zAuTdQ8TLTOCAVE+XhtWnklq56XAz8bt","zAuTdQ8TLTOCAVE+XhtWnklq56XAz8bt","Female. A very similar species, C. sigillatus is known to occur in East Alabama. Upon dissection of a male aedeagus, it was apparent that it was C. convivus. This assumption is assumed for all subsequent specimens."
"6f42964e-3a45-4c87-83b6-3ff2d9ea4a66","DELA_006.basePlot.bet","D08","DELA","DELA_006","E","2015-06-10","2015-06-24","2015-08-24","2015-11-17","TJ0QPMK4AIwOKQ1KvebTPSPzXW773KqWDxXyKoPL228=","NEON.BET.D08.000315","CHLAES","Chlaenius aestivus","species",,"Say",,"Ciegler, J. C. 2000. Ground beetles and wrinkled bark beetles of South Carolina (Coleoptera: Geadephaga: Carabidae and Rhysodidae). Biota of South Carolina. Vol. 1. Clemson, S. Clemson University.",,"zAuTdQ8TLTOCAVE+XhtWnklq56XAz8bt","zAuTdQ8TLTOCAVE+XhtWnklq56XAz8bt","sex undetermined."
