uid,namedLocation,domainID,siteID,plotID,setDate,collectDate,identifiedDate,individualID,taxonID,kingdom,phylum,class,order,family,subfamily,tribe,genus,subgenus,specificEpithet,infraspecificEpithet,scientificName,scientificNameAuthorship,taxonRank,identificationQualifier,sex,morphospeciesID,identificationReferences,identifiedBy,laboratoryName,identificationRemarks,sampleCondition,dnaBarcoded,geneticSampleID,remarks
"70f46223-5d74-4fc7-ba41-3ad3fb1487a0","JERC_007.basePlot.bet","D03","JERC","JERC_007","2015-05-21","2015-06-04","2016-10-12","NEON.BET.D03.000587","AGOCON","Animalia","Arthropoda","Insecta","Coleoptera","Carabidae","Harpalinae","Harpalini","Agonoleptus",,"conjunctus",,"Agonoleptus conjunctus","Say","species",,"M",,"Bousquet, Y., and P. W. Messer. 2010. Redescription of Stenolophus thoracicus Casey (Coleoptera, Carabidae, Harpalini), a valid species. ZooKeys 53:25-31.","Robert L. Davidson","Carnegie Museum of Invertebrate Zoology",,"No known compromise","N",,
"14737d30-be24-4613-9306-3888ed80fdfa","JERC_002.basePlot.bet","D03","JERC","JERC_002","2015-05-21","2015-06-04","2016-10-12","NEON.BET.D03.000609","ANIMER2","Animalia","Arthropoda","Insecta","Coleoptera","Carabidae","Harpalinae","Harpalini","Anisodactylus","Gynandrotarsus","merula",,"Anisodactylus merula","Germar","species",,"F",,"Noonan, G. R. 1973. The Anisodactylines (Insecta: Coleoptera: Carabidae: Harpalini): classification, evolution and zoogeography. Quaestiones Entomologicae 9:266-480.","Robert L. Davidson","Carnegie Museum of Invertebrate Zoology",,"No known compromise","N",,
"bba5041e-1411-44b8-91cb-32a9b9714c89","JERC_007.basePlot.bet","D03","JERC","JERC_007","2015-05-21","2015-06-04","2016-10-12","NEON.BET.D03.000596","ANIDUL","Animalia","Arthropoda","Insecta","Coleoptera","Carabidae","Harpalinae","Harpalini","Anisodactylus","Gynandrotarsus","dulcicollis",,"Anisodactylus dulcicollis","LaFerte-Senectere","species",,"F",,"Noonan, G. R. 1973. The Anisodactylines (Insecta: Coleoptera: Carabidae: Harpalini): classification, evolution and zoogeography. Quaestiones Entomologicae 9:266-480.","Robert L. Davidson","Carnegie Museum of Invertebrate Zoology",,"No known compromise","N",,
"c46a0dba-1089-4fd1-8050-008b3cee9cd1","JERC_008.basePlot.bet","D03","JERC","JERC_008","2015-05-21","2015-06-04","2016-10-21","NEON.BET.D03.000588","SELFAT","Animalia","Arthropoda","Insecta","Coleoptera","Carabidae","Harpalinae","Harpalini","Selenophorus","Selenophorus","fatuus",,"Selenophorus fatuus","LeConte","species",,"F",,"Lindroth, C. H. 1969. The ground-beetles (Carabidae, excl. Cicindelinae) of Canada and Alaska, parts 1-6. Opuscula E. Entomoligiska Sallskapet.","Robert L. Davidson","Carnegie Museum of Invertebrate Zoology",,"No known compromise","N",,
"a36bd0d2-7355-4b0c-8186-94238984349f","JERC_001.basePlot.bet","D03","JERC","JERC_001","2015-06-04","2015-06-18","2016-10-03","NEON.BET.D03.000615","CYCSIG","Animalia","Arthropoda","Insecta","Coleoptera","Carabidae","Harpalinae","Pterostichini","Cyclotrachelus","Evarthrus","sigillatus",,"Cyclotrachelus sigillatus","Say","species",,"F",,"Bousquet, Y. 2012. Catalogue of Geadephaga (Coleoptera, Adephaga) of America, north of Mexico. ZooKeys 245:1-1722.","Robert L. Davidson","Carnegie Museum of Invertebrate Zoology",,"No known compromise","N",,
"9a187baa-f4e0-43a8-9c01-2dfdf89e9baf","JERC_001.basePlot.bet","D03","JERC","JERC_001","2015-06-04","2015-06-18","2016-10-03","NEON.BET.D03.000614","CYCSIG","Animalia","Arthropoda","Insecta","Coleoptera","Carabidae","Harpalinae","Pterostichini","Cyclotrachelus","Evarthrus","sigillatus",,"Cyclotrachelus sigillatus","Say","species",,"M",,"Bousquet, Y. 2012. Catalogue of Geadephaga (Coleoptera, Adephaga) of America, north of Mexico. ZooKeys 245:1-1722.","Robert L. Davidson","Carnegie Museum of Invertebrate Zoology",,"No known compromise","N",,
"d2a34fd8-2138-4aec-9834-6808aa85df17","JERC_001.basePlot.bet","D03","JERC","JERC_001","2015-06-04","2015-06-18","2016-09-13","NEON.BET.D03.000595","PASSUB2","Animalia","Arthropoda","Insecta","Coleoptera","Carabidae","Scaritinae","Pasimachini","Pasimachus","Pasimachus","subsulcatus",,"Pasimachus subsulcatus","Say","species",,"U",,"Banninger, M. 1950. The subtribe Pasimachina (Coleoptera, Carabidae, Scaritini). Revista de Entomologica 21:481-511.","Robert L. Davidson","Carnegie Museum of Invertebrate Zoology",,"No known compromise","N",,
"ec6b5fca-a526-4e05-b791-87e694d91aad","JERC_010.basePlot.bet","D03","JERC","JERC_010","2015-06-04","2015-06-18","2016-09-13","NEON.BET.D03.000611","PASSUB2","Animalia","Arthropoda","Insecta","Coleoptera","Carabidae","Scaritinae","Pasimachini","Pasimachus","Pasimachus","subsulcatus",,"Pasimachus subsulcatus","Say","species",,"U",,"Banninger, M. 1950. The subtribe Pasimachina (Coleoptera, Carabidae, Scaritini). Revista de Entomologica 21:481-511.","Robert L. Davidson","Carnegie Museum of Invertebrate Zoology",,"No known compromise","N",,
"faf1e226-bdc6-4ba3-83af-17a8f3c36ef0","JERC_001.basePlot.bet","D03","JERC","JERC_001","2015-06-04","2015-06-18","2016-09-13","NEON.BET.D03.000606","PASSUB2","Animalia","Arthropoda","Insecta","Coleoptera","Carabidae","Scaritinae","Pasimachini","Pasimachus","Pasimachus","subsulcatus",,"Pasimachus subsulcatus","Say","species",,"U",,"Banninger, M. 1950. The subtribe Pasimachina (Coleoptera, Carabidae, Scaritini). Revista de Entomologica 21:481-511.","Robert L. Davidson","Carnegie Museum of Invertebrate Zoology",,"No known compromise","N",,
"60bd59cf-d982-4a12-8009-c29f84f71751","JERC_007.basePlot.bet","D03","JERC","JERC_007","2015-06-04","2015-06-18","2016-10-03","NEON.BET.D03.000598","CYCSIG","Animalia","Arthropoda","Insecta","Coleoptera","Carabidae","Harpalinae","Pterostichini","Cyclotrachelus","Evarthrus","sigillatus",,"Cyclotrachelus sigillatus","Say","species",,"F",,"Bousquet, Y. 2012. Catalogue of Geadephaga (Coleoptera, Adephaga) of America, north of Mexico. ZooKeys 245:1-1722.","Robert L. Davidson","Carnegie Museum of Invertebrate Zoology",,"No known compromise","N",,
"447d9d91-2ea2-48e2-a6f2-0ffd15cca44b","JERC_010.basePlot.bet","D03","JERC","JERC_010","2015-06-04","2015-06-18","2016-09-13","NEON.BET.D03.000613","PASSUB2","Animalia","Arthropoda","Insecta","Coleoptera","Carabidae","Scaritinae","Pasimachini","Pasimachus","Pasimachus","subsulcatus",,"Pasimachus subsulcatus","Say","species",,"U",,"Banninger, M. 1950. The subtribe Pasimachina (Coleoptera, Carabidae, Scaritini). Revista de Entomologica 21:481-511.","Robert L. Davidson","Carnegie Museum of Invertebrate Zoology",,"No known compromise","N",,
"0f61a442-cda1-41d9-98f6-737139635fc6","JERC_007.basePlot.bet","D03","JERC","JERC_007","2015-06-04","2015-06-18","2016-10-03","NEON.BET.D03.000597","CYCSIG","Animalia","Arthropoda","Insecta","Coleoptera","Carabidae","Harpalinae","Pterostichini","Cyclotrachelus","Evarthrus","sigillatus",,"Cyclotrachelus sigillatus","Say","species",,"F",,"Bousquet, Y. 2012. Catalogue of Geadephaga (Coleoptera, Adephaga) of America, north of Mexico. ZooKeys 245:1-1722.","Robert L. Davidson","Carnegie Museum of Invertebrate Zoology",,"No known compromise","N",,
"ba1691dd-6a0f-494e-8104-6ddcdaf16ec1","JERC_007.basePlot.bet","D03","JERC","JERC_007","2015-06-04","2015-06-18","2016-10-03","NEON.BET.D03.000601","CYCLAE","Animalia","Arthropoda","Insecta","Coleoptera","Carabidae","Harpalinae","Pterostichini","Cyclotrachelus","Cyclotrachelus","laevipennis",,"Cyclotrachelus laevipennis","LeConte","species",,"M",,"Bousquet, Y. 2012. Catalogue of Geadephaga (Coleoptera, Adephaga) of America, north of Mexico. ZooKeys 245:1-1722.","Robert L. Davidson","Carnegie Museum of Invertebrate Zoology",,"No known compromise","N",,
"69f99f0c-4d11-4c9f-8ca0-15aac97a98b2","JERC_007.basePlot.bet","D03","JERC","JERC_007","2015-06-04","2015-06-18","2016-10-03","NEON.BET.D03.000600","CYCLAE","Animalia","Arthropoda","Insecta","Coleoptera","Carabidae","Harpalinae","Pterostichini","Cyclotrachelus","Cyclotrachelus","laevipennis",,"Cyclotrachelus laevipennis","LeConte","species",,"F",,"Bousquet, Y. 2012. Catalogue of Geadephaga (Coleoptera, Adephaga) of America, north of Mexico. ZooKeys 245:1-1722.","Robert L. Davidson","Carnegie Museum of Invertebrate Zoology",,"No known compromise","N",,
"06075f42-83b9-4b4c-ae98-b7da36d2824e","JERC_007.basePlot.bet","D03","JERC","JERC_007","2015-06-04","2015-06-18","2016-10-03","NEON.BET.D03.000599","CYCLAE","Animalia","Arthropoda","Insecta","Coleoptera","Carabidae","Harpalinae","Pterostichini","Cyclotrachelus","Cyclotrachelus","laevipennis",,"Cyclotrachelus laevipennis","LeConte","species",,"M",,"Bousquet, Y. 2012. Catalogue of Geadephaga (Coleoptera, Adephaga) of America, north of Mexico. ZooKeys 245:1-1722.","Robert L. Davidson","Carnegie Museum of Invertebrate Zoology",,"No known compromise","N",,
"a99e609f-fea5-40ba-9564-40d42d475921","JERC_003.basePlot.bet","D03","JERC","JERC_003","2015-06-04","2015-06-18","2016-10-03","NEON.BET.D03.000604","CYCLAE","Animalia","Arthropoda","Insecta","Coleoptera","Carabidae","Harpalinae","Pterostichini","Cyclotrachelus","Cyclotrachelus","laevipennis",,"Cyclotrachelus laevipennis","LeConte","species",,"M",,"Bousquet, Y. 2012. Catalogue of Geadephaga (Coleoptera, Adephaga) of America, north of Mexico. ZooKeys 245:1-1722.","Robert L. Davidson","Carnegie Museum of Invertebrate Zoology",,"No known compromise","N",,
"77722854-aaaa-4f0c-8f32-ca4381721ea5","JERC_001.basePlot.bet","D03","JERC","JERC_001","2015-06-04","2015-06-18","2016-09-13","NEON.BET.D03.000594","PASSUB2","Animalia","Arthropoda","Insecta","Coleoptera","Carabidae","Scaritinae","Pasimachini","Pasimachus","Pasimachus","subsulcatus",,"Pasimachus subsulcatus","Say","species",,"U",,"Banninger, M. 1950. The subtribe Pasimachina (Coleoptera, Carabidae, Scaritini). Revista de Entomologica 21:481-511.","Robert L. Davidson","Carnegie Museum of Invertebrate Zoology",,"No known compromise","N",,
"3017ace1-23a2-4e71-a7fe-4d527bffeaa5","JERC_001.basePlot.bet","D03","JERC","JERC_001","2015-06-04","2015-06-18","2016-09-13","NEON.BET.D03.000610","PASSUB2","Animalia","Arthropoda","Insecta","Coleoptera","Carabidae","Scaritinae","Pasimachini","Pasimachus","Pasimachus","subsulcatus",,"Pasimachus subsulcatus","Say","species",,"U",,"Banninger, M. 1950. The subtribe Pasimachina (Coleoptera, Carabidae, Scaritini). Revista de Entomologica 21:481-511.","Robert L. Davidson","Carnegie Museum of Invertebrate Zoology",,"No known compromise","N",,
"318f5f46-fd0e-46b8-9c7b-5e46ca490bb6","JERC_001.basePlot.bet","D03","JERC","JERC_001","2015-06-04","2015-06-18","2016-09-13","NEON.BET.D03.000605","PASSUB2","Animalia","Arthropoda","Insecta","Coleoptera","Carabidae","Scaritinae","Pasimachini","Pasimachus","Pasimachus","subsulcatus",,"Pasimachus subsulcatus","Say","species",,"U",,"Banninger, M. 1950. The subtribe Pasimachina (Coleoptera, Carabidae, Scaritini). Revista de Entomologica 21:481-511.","Robert L. Davidson","Carnegie Museum of Invertebrate Zoology",,"No known compromise","N",,
"139c6070-0113-45a1-a333-573c862de8b3","JERC_030.basePlot.bet","D03","JERC","JERC_030","2015-06-04","2015-06-18","2016-10-03","NEON.BET.D03.000608","CYCSIG","Animalia","Arthropoda","Insecta","Coleoptera","Carabidae","Harpalinae","Pterostichini","Cyclotrachelus","Evarthrus","sigillatus",,"Cyclotrachelus sigillatus","Say","species",,"F",,"Bousquet, Y. 2012. Catalogue of Geadephaga (Coleoptera, Adephaga) of America, north of Mexico. ZooKeys 245:1-1722.","Robert L. Davidson","Carnegie Museum of Invertebrate Zoology",,"No known compromise","N",,
"e123af3d-6e33-4087-8543-6a164197b980","JERC_030.basePlot.bet","D03","JERC","JERC_030","2015-06-04","2015-06-18","2016-10-03","NEON.BET.D03.000607","CYCSIG","Animalia","Arthropoda","Insecta","Coleoptera","Carabidae","Harpalinae","Pterostichini","Cyclotrachelus","Evarthrus","sigillatus",,"Cyclotrachelus sigillatus","Say","species",,"F",,"Bousquet, Y. 2012. Catalogue of Geadephaga (Coleoptera, Adephaga) of America, north of Mexico. ZooKeys 245:1-1722.","Robert L. Davidson","Carnegie Museum of Invertebrate Zoology",,"No known compromise","N",,
