uid,namedLocation,domainID,siteID,plotID,trapID,setDate,collectDate,processingDate,etOHChangeDate,identifiedDate,sampleID,subsampleID,sampleType,taxonID,scientificName,taxonRank,identificationQualifier,scientificNameAuthorship,morphospeciesID,individualCount,identificationReferences,identifiedBy,recordedBy,remarks
"709e8fbe-e3b3-4826-888c-4e9c687f9eea","ORNL_004.basePlot.bet","D07","ORNL","ORNL_004","E","2015-04-28","2015-05-12","2015-05-13","2015-05-18",,"ORNL_004.E.20150512","qnVzy9oXbL0C/rzwCPMQsFl8Xnnf5XZKByRiZk4y5C4=","invert bycatch",,,,,,,,,,"zz7Fq03y1evXuyDRzi+X++MxKQW7GU2yWXd6fijLtYQ=","used NEON.DOC.014050vJ"
"7668a6e9-cba8-4eee-bc19-9742f5109725","ORNL_006.basePlot.bet","D07","ORNL","ORNL_006","W","2015-04-28","2015-05-12","2015-05-13","2015-05-13",,"ORNL_006.W.20150512","XUOG9+A5sIMTh2evIq8XOJUY1bVRxl7+zPbqcOkPQos=","invert bycatch",,,,,,,,,,"xvXXx2YfvliZ3zsHMcdXOaIt4dnvXIe8wSogS8jrnDA=","used NEON.DOC.014050vJ"
"4fcf84e8-5cdd-4593-acef-4fa2b542853d","ORNL_006.basePlot.bet","D07","ORNL","ORNL_006","E","2015-04-28","2015-05-12","2015-05-13","2015-05-13",,"ORNL_006.E.20150512","XUOG9+A5sINoJKEYMg8kZ403Kxc6s0zxI8g8Swmz3Vw=","invert bycatch",,,,,,,,,,"xvXXx2YfvliZ3zsHMcdXOaIt4dnvXIe8wSogS8jrnDA=","used NEON.DOC.014050vJ"
"5714eb7c-7566-4cf0-be81-126cd7cad932","ORNL_027.basePlot.bet","D07","ORNL","ORNL_027","E","2015-04-28","2015-05-12","2015-05-12","2015-05-13",,"ORNL_027.E.20150512","di/gYcSB3uCH6HDnbGh9ZhceRsC3IdIEPd6xPYwsja0=","invert bycatch",,,,,,,,,,"vEvVLxmZ4KgjcDZj0PuqDb8k7/+li+6G","used NEON.DOC.014050vJ"
"ec89b7cb-b3a6-4e2d-8585-52bb8192c2fb","ORNL_001.basePlot.bet","D07","ORNL","ORNL_001","E","2015-04-28","2015-05-12","2015-05-13","2015-09-21","2015-12-01","ORNL_001.E.20150512","1iGudFvILgm0UcmM/Z77Uauh8J39aj2H0iJo9Bp1b4M=","carabid","PASPUN","Pasimachus punctulatus","species",,"Haldeman",,1,"Purrington, F., and C. J. Drake. 2005. A key to adult Nearctic Pasimachus (Pasimachus) Bonelli (Coleoptera: Carabidae: Scaritini), with comments on their functional mouthpart morphology. Entomological News 116:253-262.","nAKPQvGWPz3w50pS9SF/Wg/TlEjgxRE8","nAKPQvGWPz3w50pS9SF/Wg/TlEjgxRE8","used NEON.DOC.014050vJ"
"9edbc643-929c-40a9-9708-4940d662cf1b","ORNL_001.basePlot.bet","D07","ORNL","ORNL_001","E","2015-04-28","2015-05-12","2015-05-13","2015-05-13",,"ORNL_001.E.20150512","1iGudFvILgm0UcmM/Z77UWVo5IEzlLJvLakK7kK0Bns=","invert bycatch",,,,,,,,,,"xvXXx2YfvliZ3zsHMcdXOaIt4dnvXIe8wSogS8jrnDA=","used NEON.DOC.014050vJ"
"03de4515-61e7-429d-927c-84b63bcd2760","ORNL_031.basePlot.bet","D07","ORNL","ORNL_031","E","2015-04-28","2015-05-12","2015-05-12","2015-05-18",,"ORNL_031.E.20150512","G1V5MttZ4JKiz4rd8C+YpDYIFopgadalj1ZKxPDwP4I=","invert bycatch",,,,,,,,,,"vEvVLxmZ4KgjcDZj0PuqDb8k7/+li+6G","used NEON.DOC.014050vJ"
"e92c516f-273b-4f23-95bc-2b2b49f60d00","ORNL_002.basePlot.bet","D07","ORNL","ORNL_002","E","2015-04-28","2015-05-12","2015-05-12","2015-05-13",,"ORNL_002.E.20150512","FcwZvbWDjdh2nEV81XXsFMq9DdpY3QuYzl7p7gdRY8o=","invert bycatch",,,,,,,,,,"vEvVLxmZ4KgjcDZj0PuqDb8k7/+li+6G","used NEON.DOC.014050vJ"
"22131519-6067-47ec-80cb-0fee45eecb32","ORNL_029.basePlot.bet","D07","ORNL","ORNL_029","E","2015-04-28","2015-05-12","2015-05-12","2015-05-18",,"ORNL_029.E.20150512","7LdWMHVTMyTdaBnXK/xnvGbKmbftyfMVYWYegYEtUco=","invert bycatch",,,,,,,,,,"zz7Fq03y1evXuyDRzi+X++MxKQW7GU2yWXd6fijLtYQ=","used NEON.DOC.014050vJ"
"1094e414-af94-4237-9785-ee235a65213b","ORNL_032.basePlot.bet","D07","ORNL","ORNL_032","E","2015-04-28","2015-05-12","2015-05-13","2015-05-18",,"ORNL_032.E.20150512","DcTblkLRhld2mqbXQCIxpZSOiIG+F7OWO+xNnbLHU+o=","invert bycatch",,,,,,,,,,"zz7Fq03y1evXuyDRzi+X++MxKQW7GU2yWXd6fijLtYQ=","used NEON.DOC.014050vJ"
"796e6607-119f-4fa1-9335-b7a01a9f3382","ORNL_006.basePlot.bet","D07","ORNL","ORNL_006","E","2015-04-28","2015-05-12","2015-05-13","2016-01-22","2016-01-22","ORNL_006.E.20150512","XUOG9+A5sINoJKEYMg8kZ5f3r4/3eLsZyRh+sPcBPQI=","carabid","CYCFUC","Cyclotrachelus fucatus","species","cf. species","Freitag",,2,"Freitag, R. 1969. A revision of the species of the genus Evarthrus LeConte. Quaestiones Entomologicae 5:89-212.","nAKPQvGWPz3w50pS9SF/Wg/TlEjgxRE8","nAKPQvGWPz3w50pS9SF/Wg/TlEjgxRE8","used NEON.DOC.014050vJ"
"c6283069-3fa3-4fd1-bde2-8eef710a9acf","ORNL_021.basePlot.bet","D07","ORNL","ORNL_021","E","2015-04-28","2015-05-12","2015-05-12","2015-05-18",,"ORNL_021.E.20150512","LlqcsvOjN4AKh2eXWBoiF3K2y7yXhXyD3phIBOThHW0=","invert bycatch",,,,,,,,,,"zz7Fq03y1evXuyDRzi+X++MxKQW7GU2yWXd6fijLtYQ=","used NEON.DOC.014050vJ"
"2af48e03-00e8-43c7-94fc-3ae75d64d9bd","ORNL_031.basePlot.bet","D07","ORNL","ORNL_031","E","2015-04-28","2015-05-12","2015-05-12","2015-05-18",,"ORNL_031.E.20150512","G1V5MttZ4JKiz4rd8C+YpDYIFopgadalsn1YAKav3Os=","invert bycatch",,,,,,,,,,"vEvVLxmZ4KgjcDZj0PuqDb8k7/+li+6G","used NEON.DOC.014050vJ"
"5b7febba-0612-48f8-89ec-0cf7558b86c4","ORNL_027.basePlot.bet","D07","ORNL","ORNL_027","E","2015-04-28","2015-05-12","2015-05-13","2016-01-22","2016-01-22","ORNL_027.E.20150512","di/gYcSB3uCH6HDnbGh9Zn5ANIlBQj7v6qhdSEbNN2M=","carabid","CYCFUC","Cyclotrachelus fucatus","species","cf. species","Freitag",,1,"Freitag, R. 1969. A revision of the species of the genus Evarthrus LeConte. Quaestiones Entomologicae 5:89-212.","nAKPQvGWPz3w50pS9SF/Wg/TlEjgxRE8","nAKPQvGWPz3w50pS9SF/Wg/TlEjgxRE8","used NEON.DOC.014050vJ"
"e9709a89-2801-4c47-ac0d-68bee825f032","ORNL_029.basePlot.bet","D07","ORNL","ORNL_029","N","2015-04-28","2015-05-12","2015-05-12","2015-05-18",,"ORNL_029.N.20150512","7LdWMHVTMyT+o9aAhmfQiI6xzYYQgg8zbtQ2aUDNr00=","invert bycatch",,,,,,,,,,"zz7Fq03y1evXuyDRzi+X++MxKQW7GU2yWXd6fijLtYQ=","used NEON.DOC.014050vJ"
"77240209-3800-4630-828b-401664a67e48","ORNL_027.basePlot.bet","D07","ORNL","ORNL_027","N","2015-04-28","2015-05-12","2015-05-12","2015-05-13",,"ORNL_027.N.20150512","di/gYcSB3uApmotaciILpuU00DKxQ+XPcsGXjNCildY=","invert bycatch",,,,,,,,,,"vEvVLxmZ4KgjcDZj0PuqDb8k7/+li+6G","used NEON.DOC.014050vJ"
"301f3e66-e45c-460b-a1ae-4a36b6644fc2","ORNL_003.basePlot.bet","D07","ORNL","ORNL_003","N","2015-04-28","2015-05-12","2015-05-13","2015-09-21","2015-12-01","ORNL_003.N.20150512","952sL8sB3/g8knEIKlIICLpXSVFScHegiz/fsCMb954=","carabid","PASPUN","Pasimachus punctulatus","species",,"Haldeman",,1,"Purrington, F., and C. J. Drake. 2005. A key to adult Nearctic Pasimachus (Pasimachus) Bonelli (Coleoptera: Carabidae: Scaritini), with comments on their functional mouthpart morphology. Entomological News 116:253-262.","nAKPQvGWPz3w50pS9SF/Wg/TlEjgxRE8","nAKPQvGWPz3w50pS9SF/Wg/TlEjgxRE8","used NEON.DOC.014050vJ"
"d50e1318-b1ad-4be3-81c9-c3a5ccef2613","ORNL_006.basePlot.bet","D07","ORNL","ORNL_006","N","2015-04-28","2015-05-12","2015-05-13","2015-05-13",,"ORNL_006.N.20150512","XUOG9+A5sINkxfsCut298TDXolAETAvog/8OS5pK/sg=","invert bycatch",,,,,,,,,,"xvXXx2YfvliZ3zsHMcdXOaIt4dnvXIe8wSogS8jrnDA=","used NEON.DOC.014050vJ"
"707dc9f9-6640-42f4-a4fd-0a066bcf5788","ORNL_001.basePlot.bet","D07","ORNL","ORNL_001","N","2015-04-28","2015-05-12","2015-05-13","2015-05-13",,"ORNL_001.N.20150512","1iGudFvILglgeKbZLQg1h+74/0dKiYkbLCmoo5Uly2g=","invert bycatch",,,,,,,,,,"xvXXx2YfvliZ3zsHMcdXOaIt4dnvXIe8wSogS8jrnDA=","used NEON.DOC.014050vJ"
"800d588e-8a2a-4ea3-bc0f-e47e8c406e4b","ORNL_003.basePlot.bet","D07","ORNL","ORNL_003","N","2015-04-28","2015-05-12","2015-05-12","2015-05-13",,"ORNL_003.N.20150512","952sL8sB3/g8knEIKlIICGodKaou9SixCkKe5QYEcYE=","invert bycatch",,,,,,,,,,"xvXXx2YfvliZ3zsHMcdXOaIt4dnvXIe8wSogS8jrnDA=","used NEON.DOC.014050vJ"
"4e458349-d52f-4e75-98b8-bcb8f6de7018","ORNL_031.basePlot.bet","D07","ORNL","ORNL_031","N","2015-04-28","2015-05-12","2015-05-12","2015-05-18",,"ORNL_031.N.20150512","G1V5MttZ4JKdrYPIow3YI3vYn3gbUzuMMuiXWf9kNCo=","invert bycatch",,,,,,,,,,"vEvVLxmZ4KgjcDZj0PuqDb8k7/+li+6G","used NEON.DOC.014050vJ"
"00dc56f9-0958-435b-82ff-d5cc0b6846f3","ORNL_031.basePlot.bet","D07","ORNL","ORNL_031","N","2015-04-28","2015-05-12","2015-05-13","2015-09-22","2015-12-01","ORNL_031.N.20150512","G1V5MttZ4JKdrYPIow3YI45d3jByhxeGcUgdWRcG7u0=","carabid","AMAIMP","Amara impuncticollis","species",,"Say",,1,"Ciegler, J. C. 2000. Ground beetles and wrinkled bark beetles of South Carolina (Coleoptera: Geadephaga: Carabidae and Rhysodidae). Biota of South Carolina. Vol. 1. Clemson, S. Clemson University.","nAKPQvGWPz3w50pS9SF/Wg/TlEjgxRE8","nAKPQvGWPz3w50pS9SF/Wg/TlEjgxRE8","used NEON.DOC.014050vJ"
"b206de05-4bba-41c7-a228-44d493a4dded","ORNL_021.basePlot.bet","D07","ORNL","ORNL_021","N","2015-04-28","2015-05-12","2015-05-12","2015-05-18",,"ORNL_021.N.20150512","LlqcsvOjN4CmMo1s5MYzmeW44MC5i946vJLpfmGFaT0=","invert bycatch",,,,,,,,,,"zz7Fq03y1evXuyDRzi+X++MxKQW7GU2yWXd6fijLtYQ=","used NEON.DOC.014050vJ"
"bf471ecb-affe-4074-b85f-f9e99c237639","ORNL_004.basePlot.bet","D07","ORNL","ORNL_004","N","2015-04-28","2015-05-12","2015-05-13","2015-05-18",,"ORNL_004.N.20150512","qnVzy9oXbL1fq/bG33F4NPRKOGQiirsSIq9e0ASRkNs=","invert bycatch",,,,,,,,,,"zz7Fq03y1evXuyDRzi+X++MxKQW7GU2yWXd6fijLtYQ=","used NEON.DOC.014050vJ"
"f22f78b5-9018-432e-ae60-b6474afeea25","ORNL_032.basePlot.bet","D07","ORNL","ORNL_032","N","2015-04-28","2015-05-12","2015-05-13","2015-05-18",,"ORNL_032.N.20150512","DcTblkLRhleTJXUw9utJ+os9CHubg1vapn7yZbeOasU=","invert bycatch",,,,,,,,,,"zz7Fq03y1evXuyDRzi+X++MxKQW7GU2yWXd6fijLtYQ=","used NEON.DOC.014050vJ"
"e82e1f18-9f2c-43a3-ac3b-1c7cfc7b6684","ORNL_021.basePlot.bet","D07","ORNL","ORNL_021","S","2015-04-28","2015-05-12","2015-05-12","2015-05-18",,"ORNL_021.S.20150512","LlqcsvOjN4DVJW2wc9HXZ7tOpSqeCqgjHXz4F9x64u8=","invert bycatch",,,,,,,,,,"zz7Fq03y1evXuyDRzi+X++MxKQW7GU2yWXd6fijLtYQ=","used NEON.DOC.014050vJ"
"59070e5f-eb84-4822-bee5-608bbf813f86","ORNL_004.basePlot.bet","D07","ORNL","ORNL_004","S","2015-04-28","2015-05-12","2015-05-13","2015-05-18",,"ORNL_004.S.20150512","qnVzy9oXbL2D+hwQ/H+gH8PMSctFsjJavckZ9y+EhVY=","invert bycatch",,,,,,,,,,"zz7Fq03y1evXuyDRzi+X++MxKQW7GU2yWXd6fijLtYQ=","used NEON.DOC.014050vJ"
"794e2894-6312-41cc-a004-5490a2de4985","ORNL_002.basePlot.bet","D07","ORNL","ORNL_002","S","2015-04-28","2015-05-12","2015-05-12","2015-05-13",,"ORNL_002.S.20150512","FcwZvbWDjdiBGB4cwukFnZ9CvTe8K16zzvNi8Y27e0Y=","invert bycatch",,,,,,,,,,"vEvVLxmZ4KgjcDZj0PuqDb8k7/+li+6G","used NEON.DOC.014050vJ"
"a4f041d5-379e-43de-aac9-7859facdf000","ORNL_029.basePlot.bet","D07","ORNL","ORNL_029","S","2015-04-28","2015-05-12","2015-05-12","2015-05-18",,"ORNL_029.S.20150512","7LdWMHVTMyTSn9kHqJy/YLx/RzntlZaA6mkmEQM+zH4=","invert bycatch",,,,,,,,,,"zz7Fq03y1evXuyDRzi+X++MxKQW7GU2yWXd6fijLtYQ=","used NEON.DOC.014050vJ"
"a41f7426-7311-43df-b8be-e3a288a7cc5f","ORNL_001.basePlot.bet","D07","ORNL","ORNL_001","S","2015-04-28","2015-05-12","2015-05-13","2015-05-13",,"ORNL_001.S.20150512","1iGudFvILgngJuxHDJ5BONMXMDq2g5ULh/YMrXGvzXc=","invert bycatch",,,,,,,,,,"xvXXx2YfvliZ3zsHMcdXOaIt4dnvXIe8wSogS8jrnDA=","used NEON.DOC.014050vJ"
"b6aa814e-bc7f-4636-9c3b-db670f4535a9","ORNL_032.basePlot.bet","D07","ORNL","ORNL_032","S","2015-04-28","2015-05-12","2015-05-13","2015-05-18",,"ORNL_032.S.20150512","DcTblkLRhldYsz9PzbD5PMYpKHFRc/mHOGOw77QLTAQ=","invert bycatch",,,,,,,,,,"zz7Fq03y1evXuyDRzi+X++MxKQW7GU2yWXd6fijLtYQ=","used NEON.DOC.014050vJ"
"4827e3dc-336b-4f63-8ebd-972d2e42bb3e","ORNL_027.basePlot.bet","D07","ORNL","ORNL_027","S","2015-04-28","2015-05-12","2015-05-12","2015-05-13",,"ORNL_027.S.20150512","di/gYcSB3uC0rnNXI86D80UEFrf6S6bwMV56IUlAUu4=","invert bycatch",,,,,,,,,,"vEvVLxmZ4KgjcDZj0PuqDb8k7/+li+6G","used NEON.DOC.014050vJ"
"d0051a69-1ee3-478c-bfae-caf056b2309e","ORNL_003.basePlot.bet","D07","ORNL","ORNL_003","S","2015-04-28","2015-05-12","2015-05-12","2015-05-13",,"ORNL_003.S.20150512","952sL8sB3/gUsTX8RzkXgbVf0KkblhBkNVUVzvYh7EU=","invert bycatch",,,,,,,,,,"xvXXx2YfvliZ3zsHMcdXOaIt4dnvXIe8wSogS8jrnDA=","used NEON.DOC.014050vJ"
"1e47d4e4-96c8-4544-afbc-55d012ed37db","ORNL_032.basePlot.bet","D07","ORNL","ORNL_032","S","2015-04-28","2015-05-12","2015-05-13","2015-09-22","2015-12-01","ORNL_032.S.20150512","DcTblkLRhldYsz9PzbD5PPd1m7cEy3FPBeP9awVQHYI=","carabid","CYCFUC","Cyclotrachelus fucatus","species",,"Freitag",,1,"Freitag, R. 1969. A revision of the species of the genus Evarthrus LeConte. Quaestiones Entomologicae 5:89-212.","nAKPQvGWPz3w50pS9SF/Wg/TlEjgxRE8","nAKPQvGWPz3w50pS9SF/Wg/TlEjgxRE8","used NEON.DOC.014050vJ"
"3ac66a0c-ac7b-40a2-9214-58ff5c3607e2","ORNL_006.basePlot.bet","D07","ORNL","ORNL_006","S","2015-04-28","2015-05-12","2015-05-13","2015-05-13",,"ORNL_006.S.20150512","XUOG9+A5sIPMjfV0P55IMkvsUVXDSa9D7I4rtxNPLUI=","invert bycatch",,,,,,,,,,"xvXXx2YfvliZ3zsHMcdXOaIt4dnvXIe8wSogS8jrnDA=","used NEON.DOC.014050vJ"
"8fd1e02a-d780-4674-bc1a-780cab703041","ORNL_031.basePlot.bet","D07","ORNL","ORNL_031","S","2015-04-28","2015-05-12","2015-05-12","2015-05-18",,"ORNL_031.S.20150512","G1V5MttZ4JKmO1iG0DeUHY0pM3UIa8csGsDPVN6yX0s=","invert bycatch",,,,,,,,,,"vEvVLxmZ4KgjcDZj0PuqDb8k7/+li+6G","used NEON.DOC.014050vJ"
"36e0c697-751f-4041-bca1-589e03129f62","ORNL_004.basePlot.bet","D07","ORNL","ORNL_004","W","2015-04-28","2015-05-12","2015-05-13","2015-05-18",,"ORNL_004.W.20150512","qnVzy9oXbL323S6aNCEDm1lBeKyFzhNqPrkV1Wlgcqs=","invert bycatch",,,,,,,,,,"zz7Fq03y1evXuyDRzi+X++MxKQW7GU2yWXd6fijLtYQ=","used NEON.DOC.014050vJ"
"55c52f0b-2f47-448f-95a8-33e20c3b2c24","ORNL_032.basePlot.bet","D07","ORNL","ORNL_032","W","2015-04-28","2015-05-12","2015-05-13","2015-05-18",,"ORNL_032.W.20150512","DcTblkLRhlfJN+zoutMQxap1qTw6unX66yK/XM5Vs8U=","invert bycatch",,,,,,,,,,"zz7Fq03y1evXuyDRzi+X++MxKQW7GU2yWXd6fijLtYQ=","used NEON.DOC.014050vJ"
"85cd4d03-ad35-48c2-943b-d761017145e0","ORNL_001.basePlot.bet","D07","ORNL","ORNL_001","W","2015-04-28","2015-05-12","2015-05-13","2015-05-13",,"ORNL_001.W.20150512","1iGudFvILgkoVjAGMEE7x9vZWhXtYkgTpGpoTFXADhw=","invert bycatch",,,,,,,,,,"xvXXx2YfvliZ3zsHMcdXOaIt4dnvXIe8wSogS8jrnDA=","used NEON.DOC.014050vJ"
"060e9714-b08d-4be9-9c51-180cbb1cd1b6","ORNL_021.basePlot.bet","D07","ORNL","ORNL_021","W","2015-04-28","2015-05-12","2015-05-12","2015-05-18",,"ORNL_021.W.20150512","LlqcsvOjN4Cc/5J6hIcxZN5JbtlaxiT9rMkmWBpZFOo=","invert bycatch",,,,,,,,,,"zz7Fq03y1evXuyDRzi+X++MxKQW7GU2yWXd6fijLtYQ=","used NEON.DOC.014050vJ"
"5dd42297-3ec6-444b-8bab-72428089a6e0","ORNL_027.basePlot.bet","D07","ORNL","ORNL_027","W","2015-04-28","2015-05-12","2015-05-13","2015-09-23","2015-12-01","ORNL_027.W.20150512","di/gYcSB3uAZjZtXyGfB75hxEHe+hyTOkIrufg95B2s=","carabid","PTESTY","Pterostichus stygicus","species",,"Say",,2,"Ciegler, J. C. 2000. Ground beetles and wrinkled bark beetles of South Carolina (Coleoptera: Geadephaga: Carabidae and Rhysodidae). Biota of South Carolina. Vol. 1. Clemson, S. Clemson University.","nAKPQvGWPz3w50pS9SF/Wg/TlEjgxRE8","nAKPQvGWPz3w50pS9SF/Wg/TlEjgxRE8","used NEON.DOC.014050vJ"
"04562e04-15fc-4dc6-8d5b-4cb7720aa844","ORNL_027.basePlot.bet","D07","ORNL","ORNL_027","W","2015-04-28","2015-05-12","2015-05-12","2015-05-13",,"ORNL_027.W.20150512","di/gYcSB3uAZjZtXyGfB7wyyJQdMNXX0czcumuQRmbs=","invert bycatch",,,,,,,,,,"vEvVLxmZ4KgjcDZj0PuqDb8k7/+li+6G","used NEON.DOC.014050vJ"
"734b0087-4679-41cf-9872-87b2049e4a10","ORNL_029.basePlot.bet","D07","ORNL","ORNL_029","W","2015-04-28","2015-05-12","2015-05-12","2015-05-18",,"ORNL_029.W.20150512","7LdWMHVTMyRBOv5F1sgxP2rjOt8ULPVhxBob1y3mrRo=","invert bycatch",,,,,,,,,,"zz7Fq03y1evXuyDRzi+X++MxKQW7GU2yWXd6fijLtYQ=","used NEON.DOC.014050vJ"
"7ce05cd6-91de-4998-9221-e56c4f469704","ORNL_031.basePlot.bet","D07","ORNL","ORNL_031","W","2015-04-28","2015-05-12","2015-05-13","2015-09-21","2015-12-01","ORNL_031.W.20150512","G1V5MttZ4JI18bMFJvz7ZmAH3tlFtrGcA9k3BdjSDdY=","carabid","SCASUB2","Scarites subterraneus","species",,"Fabricius",,1,"Ciegler, J. C. 2000. Ground beetles and wrinkled bark beetles of South Carolina (Coleoptera: Geadephaga: Carabidae and Rhysodidae). Biota of South Carolina. Vol. 1. Clemson, S. Clemson University.","nAKPQvGWPz3w50pS9SF/Wg/TlEjgxRE8","nAKPQvGWPz3w50pS9SF/Wg/TlEjgxRE8","used NEON.DOC.014050vJ"
"8126d11c-0b52-46ce-a32f-33551624f73a","ORNL_002.basePlot.bet","D07","ORNL","ORNL_002","W","2015-04-28","2015-05-12","2015-05-12","2015-05-13",,"ORNL_002.W.20150512","FcwZvbWDjdih/5iSDxFerabuICT8SkxTuszvDQOWNNA=","invert bycatch",,,,,,,,,,"vEvVLxmZ4KgjcDZj0PuqDb8k7/+li+6G","used NEON.DOC.014050vJ"
"69410dfa-c923-49ea-97eb-c63adce5a228","ORNL_003.basePlot.bet","D07","ORNL","ORNL_003","W","2015-04-28","2015-05-12","2015-05-12","2015-05-13",,"ORNL_003.W.20150512","952sL8sB3/gZLj4ChF4mhnboGpVhEJQIyRBSV91U7YI=","invert bycatch",,,,,,,,,,"xvXXx2YfvliZ3zsHMcdXOaIt4dnvXIe8wSogS8jrnDA=","used NEON.DOC.014050vJ"
"d353f8f8-8351-44fc-9c60-9a4276c896db","ORNL_003.basePlot.bet","D07","ORNL","ORNL_003","E","2015-04-28","2015-05-12","2015-05-12","2015-05-13",,"ORNL_003.E.20150512","952sL8sB3/h2TT0K/Ylt77XgLTTchxybNUsRxsYTFQQ=","invert bycatch",,,,,,,,,,"xvXXx2YfvliZ3zsHMcdXOaIt4dnvXIe8wSogS8jrnDA=","used NEON.DOC.014050vJ"
"8051cf11-f2a9-4525-a0c1-1a49dfe90d69","ORNL_032.basePlot.bet","D07","ORNL","ORNL_032","E","2015-05-12","2015-05-26","2015-05-26","2015-09-21","2015-12-01","ORNL_032.E.20150526","DcTblkLRhld2mqbXQCIxpV/eF9nGVDt6oPfnuk496F8=","carabid","CYLUNI","Cylindera unipunctata","species",,"Fabricius",,1,"Willis, H. L. 1968. Artificial key to the species of Cicindela of North America North of Mexico (Coleoptera: Cicindelidae). Journal of the Kansas Entomological Society 41:303-317.","nAKPQvGWPz3w50pS9SF/Wg/TlEjgxRE8","nAKPQvGWPz3w50pS9SF/Wg/TlEjgxRE8","used NEON.DOC.014050vJ"
"fb729d16-ef1b-4f34-9c30-340d4d19413a","ORNL_032.basePlot.bet","D07","ORNL","ORNL_032","E","2015-05-12","2015-05-26","2015-05-26","2015-09-21","2015-12-01","ORNL_032.E.20150526","DcTblkLRhld2mqbXQCIxpW56uRF0Xx/NcctcnUOiGkY=","carabid","SPHSTE1","Sphaeroderus stenostomus lecontei","subspecies","cf. species","Dejean",,1,"Barr Jr., T. C. 1974a. Key to species and subspecies of Sphaeroderus Dejean.","nAKPQvGWPz3w50pS9SF/Wg/TlEjgxRE8","nAKPQvGWPz3w50pS9SF/Wg/TlEjgxRE8","used NEON.DOC.014050vJ"
"c49e88a8-ed9e-48e6-ab13-a2b59f361741","ORNL_003.basePlot.bet","D07","ORNL","ORNL_003","E","2015-05-12","2015-05-26","2015-05-27","2015-05-28",,"ORNL_003.E.20150526","952sL8sB3/h2TT0K/Ylt7y5KnrSF9W8rAwok3ji+e1o=","invert bycatch",,,,,,,,,,"nAKPQvGWPz3w50pS9SF/Wg/TlEjgxRE8","used NEON.DOC.014050vJ"
"0f7315ff-6e2d-4aa0-96eb-4fb6c918d5c9","ORNL_004.basePlot.bet","D07","ORNL","ORNL_004","E","2015-05-12","2015-05-26","2015-05-27","2015-05-27",,"ORNL_004.E.20150526","qnVzy9oXbL0C/rzwCPMQsGXAcsBoWgeCd4UUqiKHRJE=","invert bycatch",,,,,,,,,,"FII5NHkrIeQI4f+soqpivO/xVBSahwuJ","used NEON.DOC.014050vJ"
"5f999bbe-ce7b-48ec-8725-8c2b84ee3eaf","ORNL_006.basePlot.bet","D07","ORNL","ORNL_006","E","2015-05-12","2015-05-26","2015-05-26","2015-05-27",,"ORNL_006.E.20150526","XUOG9+A5sINoJKEYMg8kZ+fbry1Pq/IsvceDeIyuxGU=","invert bycatch",,,,,,,,,,"FII5NHkrIeQI4f+soqpivO/xVBSahwuJ","used NEON.DOC.014050vJ"
"da087daa-d7eb-4c9a-9b5f-5a7699fccfa7","ORNL_031.basePlot.bet","D07","ORNL","ORNL_031","E","2015-05-12","2015-05-26","2015-05-27","2015-05-28",,"ORNL_031.E.20150526","G1V5MttZ4JKiz4rd8C+YpEQfMd1aS2vEk4JCaOt8+4o=","invert bycatch",,,,,,,,,,"nAKPQvGWPz3w50pS9SF/Wg/TlEjgxRE8","used NEON.DOC.014050vJ"
"bc1ceaff-6cd8-413a-85a0-13d46887accc","ORNL_002.basePlot.bet","D07","ORNL","ORNL_002","E","2015-05-12","2015-05-26","2015-05-27","2015-05-28",,"ORNL_002.E.20150526","FcwZvbWDjdh2nEV81XXsFPvxzG7xvgv34BNeoQa3Ol4=","invert bycatch",,,,,,,,,,"49LI6M3+jMtxRtYmbfgyO+9Rpwup30X0","used NEON.DOC.014050vJ"
"a28ed4b8-20bb-4381-b0ce-4c6226662809","ORNL_027.basePlot.bet","D07","ORNL","ORNL_027","E","2015-05-12","2015-05-26","2015-05-27","2015-05-28",,"ORNL_027.E.20150526","di/gYcSB3uCH6HDnbGh9ZndIH6g8yN4SCH5XEP3SVwY=","invert bycatch",,,,,,,,,,"49LI6M3+jMtxRtYmbfgyO+9Rpwup30X0","used NEON.DOC.014050vJ"
"6ec875ef-169e-4baf-a38a-3c6d2aad293a","ORNL_006.basePlot.bet","D07","ORNL","ORNL_006","E","2015-05-12","2015-05-26","2015-05-26","2015-09-22","2015-12-01","ORNL_006.E.20150526","XUOG9+A5sINoJKEYMg8kZyHc/0ss3v4El10zG6vzIf0=","carabid","CYCSOD2","Cyclotrachelus sodalis sodalis","subspecies",,"LeConte",,1,"Freitag, R. 1969. A revision of the species of the genus Evarthrus LeConte. Quaestiones Entomologicae 5:89-212.","nAKPQvGWPz3w50pS9SF/Wg/TlEjgxRE8","nAKPQvGWPz3w50pS9SF/Wg/TlEjgxRE8","used NEON.DOC.014050vJ"
"530e924b-b94d-40fc-8e33-f6ebb3de89fc","ORNL_032.basePlot.bet","D07","ORNL","ORNL_032","N","2015-05-12","2015-05-26","2015-05-27","2015-05-28",,"ORNL_032.N.20150526","DcTblkLRhleTJXUw9utJ+hqteZCQUT30NqEZ9vZ0UqI=","invert bycatch",,,,,,,,,,"49LI6M3+jMtxRtYmbfgyO+9Rpwup30X0","used NEON.DOC.014050vJ|used NEON.DOC.014050vJ"
"68b60082-2ed4-4dfd-b121-98cd52116a12","ORNL_029.basePlot.bet","D07","ORNL","ORNL_029","E","2015-05-12","2015-05-26","2015-05-26","2015-05-27",,"ORNL_029.E.20150526","7LdWMHVTMyTdaBnXK/xnvCzWG2F5XVf5cs6IBcDQGAc=","invert bycatch",,,,,,,,,,"FII5NHkrIeQI4f+soqpivO/xVBSahwuJ","used NEON.DOC.014050vJ. Due to seasonal technician error the bycatch was included with plot 003. final sample ID is actually: ORNL_003.20150526.ib.02"
"412937b5-7d16-4c4e-902a-bd30475354b1","ORNL_002.basePlot.bet","D07","ORNL","ORNL_002","N","2015-05-12","2015-05-26","2015-05-27","2015-05-28",,"ORNL_002.N.20150526","FcwZvbWDjdhVJ2nKBeEZ8VWuCzqkZ6JjXoMnbDTZJlU=","invert bycatch",,,,,,,,,,"49LI6M3+jMtxRtYmbfgyO+9Rpwup30X0","used NEON.DOC.014050vJ"
"762cee41-b1e9-4995-860f-1e2b211eea4b","ORNL_021.basePlot.bet","D07","ORNL","ORNL_021","N","2015-05-12","2015-05-26","2015-05-26","2015-05-28",,"ORNL_021.N.20150526","LlqcsvOjN4CmMo1s5MYzmX/wiT132rnuJymYgkg06Fg=","invert bycatch",,,,,,,,,,"49LI6M3+jMtxRtYmbfgyO+9Rpwup30X0","used NEON.DOC.014050vJ"
"73bd870f-fec2-4a4b-a23c-40ffce06adb8","ORNL_027.basePlot.bet","D07","ORNL","ORNL_027","N","2015-05-12","2015-05-26","2015-05-26","2015-09-21","2015-12-01","ORNL_027.N.20150526","di/gYcSB3uApmotaciILpthyEk8o1Azt7aD8E7E8EfE=","carabid","SCAUNI1","Scaphinotus unicolor","species",,"Fabricius",,1,"Evans, A. V. 2014. Beetles of Eastern North America. 1st Ed. Princeton University Press, Princeton, NJ.","nAKPQvGWPz3w50pS9SF/Wg/TlEjgxRE8","nAKPQvGWPz3w50pS9SF/Wg/TlEjgxRE8","used NEON.DOC.014050vJ"
"86b964f8-742a-4ea9-850d-e093b1bda369","ORNL_001.basePlot.bet","D07","ORNL","ORNL_001","N","2015-05-12","2015-05-26","2015-05-27","2015-05-28",,"ORNL_001.N.20150526","1iGudFvILglgeKbZLQg1h/yrp5njhHFIWQz9/Fc62kM=","invert bycatch",,,,,,,,,,"49LI6M3+jMtxRtYmbfgyO+9Rpwup30X0","used NEON.DOC.014050vJ"
"e15177ca-4975-4354-882a-ff8a6a96e2af","ORNL_004.basePlot.bet","D07","ORNL","ORNL_004","N","2015-05-12","2015-05-26","2015-05-27","2015-05-27",,"ORNL_004.N.20150526","qnVzy9oXbL1fq/bG33F4NPHeCDGkDPQIRUpDoCTstg4=","invert bycatch",,,,,,,,,,"FII5NHkrIeQI4f+soqpivO/xVBSahwuJ","used NEON.DOC.014050vJ"
"1d9f4fbe-082a-4a40-a3c9-94852b93e5fe","ORNL_031.basePlot.bet","D07","ORNL","ORNL_031","N","2015-05-12","2015-05-26","2015-05-27","2015-05-28",,"ORNL_031.N.20150526","G1V5MttZ4JKdrYPIow3YIy+jeUPQBXZEYB8IAhyVaNI=","invert bycatch",,,,,,,,,,"nAKPQvGWPz3w50pS9SF/Wg/TlEjgxRE8","used NEON.DOC.014050vJ"
"2cde5354-ca19-4346-9dbb-490d0eb9635b","ORNL_003.basePlot.bet","D07","ORNL","ORNL_003","N","2015-05-12","2015-05-26","2015-05-26","2015-09-21","2015-12-01","ORNL_003.N.20150526","952sL8sB3/g8knEIKlIICE7PnCuLdj8xv1sB71PMzyo=","carabid","GALBIC","Galerita bicolor","species",,"Drury",,1,"Ciegler, J. C. 2000. Ground beetles and wrinkled bark beetles of South Carolina (Coleoptera: Geadephaga: Carabidae and Rhysodidae). Biota of South Carolina. Vol. 1. Clemson, S. Clemson University.","nAKPQvGWPz3w50pS9SF/Wg/TlEjgxRE8","nAKPQvGWPz3w50pS9SF/Wg/TlEjgxRE8","used NEON.DOC.014050vJ"
"d5f08596-307b-4e7d-bb47-080584bbd41e","ORNL_001.basePlot.bet","D07","ORNL","ORNL_001","N","2015-05-12","2015-05-26","2015-05-26","2015-09-22","2015-12-01","ORNL_001.N.20150526","1iGudFvILglgeKbZLQg1hw4g93DOvO+rzf4OQKPrWNI=","carabid","CYCFUC","Cyclotrachelus fucatus","species",,"Freitag",,2,"Freitag, R. 1969. A revision of the species of the genus Evarthrus LeConte. Quaestiones Entomologicae 5:89-212.","nAKPQvGWPz3w50pS9SF/Wg/TlEjgxRE8","nAKPQvGWPz3w50pS9SF/Wg/TlEjgxRE8","used NEON.DOC.014050vJ"
"f35f1949-732f-44ca-8472-5466c843d6d3","ORNL_031.basePlot.bet","D07","ORNL","ORNL_031","N","2015-05-12","2015-05-26","2015-05-26","2015-09-21","2015-12-01","ORNL_031.N.20150526","G1V5MttZ4JKdrYPIow3YIwyup+n7vBhELEGPVsyUi5k=","carabid","SCASUB2","Scarites subterraneus","species",,"Fabricius",,1,"Ciegler, J. C. 2000. Ground beetles and wrinkled bark beetles of South Carolina (Coleoptera: Geadephaga: Carabidae and Rhysodidae). Biota of South Carolina. Vol. 1. Clemson, S. Clemson University.","nAKPQvGWPz3w50pS9SF/Wg/TlEjgxRE8","nAKPQvGWPz3w50pS9SF/Wg/TlEjgxRE8","used NEON.DOC.014050vJ"
"5ae32fb3-5582-48b4-89a1-5b872597418a","ORNL_021.basePlot.bet","D07","ORNL","ORNL_021","N","2015-05-12","2015-05-26","2015-05-26","2015-09-21","2015-12-01","ORNL_021.N.20150526","LlqcsvOjN4CmMo1s5MYzmbtz6rQVO+evIoXr9O9Cidc=","carabid","SCASUB2","Scarites subterraneus","species",,"Fabricius",,1,"Ciegler, J. C. 2000. Ground beetles and wrinkled bark beetles of South Carolina (Coleoptera: Geadephaga: Carabidae and Rhysodidae). Biota of South Carolina. Vol. 1. Clemson, S. Clemson University.","nAKPQvGWPz3w50pS9SF/Wg/TlEjgxRE8","nAKPQvGWPz3w50pS9SF/Wg/TlEjgxRE8","used NEON.DOC.014050vJ"
"2b1b96d9-d695-4d88-87c4-2f0351a9ab1f","ORNL_003.basePlot.bet","D07","ORNL","ORNL_003","N","2015-05-12","2015-05-26","2015-05-26","2015-05-27",,"ORNL_003.N.20150526","952sL8sB3/g8knEIKlIICHegvXXvOc2fgTENJmO9JiY=","invert bycatch",,,,,,,,,,"FII5NHkrIeQI4f+soqpivO/xVBSahwuJ","used NEON.DOC.014050vJ"
"347bf764-8c17-4775-ac53-5ae6921b5079","ORNL_029.basePlot.bet","D07","ORNL","ORNL_029","N","2015-05-12","2015-05-26","2015-05-27","2015-05-28",,"ORNL_029.N.20150526","7LdWMHVTMyT+o9aAhmfQiJIU4r96L+Opaw+0kJUb4/c=","invert bycatch",,,,,,,,,,"49LI6M3+jMtxRtYmbfgyO+9Rpwup30X0","used NEON.DOC.014050vJ"
"4ce287a2-e566-4b1d-aee7-e10897692819","ORNL_006.basePlot.bet","D07","ORNL","ORNL_006","N","2015-05-12","2015-05-26","2015-05-26","2015-09-22","2015-12-01","ORNL_006.N.20150526","XUOG9+A5sINkxfsCut298Tbi1aJnEAyRguyf54i/zQc=","carabid","DICAMB","Dicaelus ambiguus","species",,"LaFerte-Senectere",,1,"Lindroth, C. H. 1969. The ground-beetles (Carabidae, excl. Cicindelinae) of Canada and Alaska, parts 1-6. Opuscula E. Entomoligiska Sallskapet.","nAKPQvGWPz3w50pS9SF/Wg/TlEjgxRE8","nAKPQvGWPz3w50pS9SF/Wg/TlEjgxRE8","used NEON.DOC.014050vJ"
"f71a1f2b-7033-4dd4-96e8-59f98e891213","ORNL_006.basePlot.bet","D07","ORNL","ORNL_006","N","2015-05-12","2015-05-26","2015-05-26","2015-05-27",,"ORNL_006.N.20150526","XUOG9+A5sINkxfsCut298RCDd8PZhROurwItXE8ELsY=","invert bycatch",,,,,,,,,,"FII5NHkrIeQI4f+soqpivO/xVBSahwuJ","used NEON.DOC.014050vJ"
"adca0fc0-ef4c-4095-b1df-68f5b4d5214c","ORNL_021.basePlot.bet","D07","ORNL","ORNL_021","N","2015-05-12","2015-05-26","2015-05-27","2015-09-23","2015-12-01","ORNL_021.N.20150526","LlqcsvOjN4CmMo1s5MYzmV37SOcga0f1K9p0KOZFC04=","carabid","CARSP14","Carabidae sp.","family",,"Latreille","D07.2015.MorphA",2,"Other","nAKPQvGWPz3w50pS9SF/Wg/TlEjgxRE8","nAKPQvGWPz3w50pS9SF/Wg/TlEjgxRE8","used NEON.DOC.014050vJ. Maybe Anisodactylus (Gynandrotarsus) sp."
"fe95026b-dff8-46f5-8885-70c23f7f5d88","ORNL_032.basePlot.bet","D07","ORNL","ORNL_032","S","2015-05-12","2015-05-26","2015-05-27","2015-05-28",,"ORNL_032.S.20150526","DcTblkLRhldYsz9PzbD5PP5+RQGGcgJB51+zV9DxucY=","invert bycatch",,,,,,,,,,"49LI6M3+jMtxRtYmbfgyO+9Rpwup30X0","used NEON.DOC.014050vJ|used NEON.DOC.014050vJ"
"8dd33cc7-fa61-4d73-82f4-e1b8c5fcf488","ORNL_027.basePlot.bet","D07","ORNL","ORNL_027","N","2015-05-12","2015-05-26","2015-05-27","2015-05-28",,"ORNL_027.N.20150526","di/gYcSB3uApmotaciILpoP7+EYoAUKIuPQDzO9vymo=","invert bycatch",,,,,,,,,,"FII5NHkrIeQI4f+soqpivO/xVBSahwuJ","used NEON.DOC.014050vJ"
"8825917a-ed04-4192-ba90-d859b0c14384","ORNL_003.basePlot.bet","D07","ORNL","ORNL_003","S","2015-05-12","2015-05-26","2015-05-27","2015-05-28",,"ORNL_003.S.20150526","952sL8sB3/gUsTX8RzkXgbH8/S2i1P7XuOMk9mdl9Kc=","invert bycatch",,,,,,,,,,"nAKPQvGWPz3w50pS9SF/Wg/TlEjgxRE8","used NEON.DOC.014050vJ"
"63991083-3d27-4490-8c82-248c7dbe30b4","ORNL_002.basePlot.bet","D07","ORNL","ORNL_002","S","2015-05-12","2015-05-26","2015-05-27","2015-05-28",,"ORNL_002.S.20150526","FcwZvbWDjdiBGB4cwukFnQcM1pPJgYncyv7nPCSKDqE=","invert bycatch",,,,,,,,,,"49LI6M3+jMtxRtYmbfgyO+9Rpwup30X0","used NEON.DOC.014050vJ"
"7ff62b86-f271-44f7-a037-3d89fa35c4c7","ORNL_001.basePlot.bet","D07","ORNL","ORNL_001","S","2015-05-12","2015-05-26","2015-05-27","2015-05-28",,"ORNL_001.S.20150526","1iGudFvILgngJuxHDJ5BOIoRKwRvuu8B/qMUcW6KXUk=","invert bycatch",,,,,,,,,,"49LI6M3+jMtxRtYmbfgyO+9Rpwup30X0","used NEON.DOC.014050vJ"
"76ff3281-9ca0-4bd8-a63d-37ce7060eff1","ORNL_006.basePlot.bet","D07","ORNL","ORNL_006","S","2015-05-12","2015-05-26","2015-05-26","2015-09-21","2015-12-01","ORNL_006.S.20150526","XUOG9+A5sIPMjfV0P55IMlBrz6trcZTfzWLU7nAbJhs=","carabid","CHLEMA","Chlaenius emarginatus","species",,"Say",,1,"Bell, R. T. 1960. A Revision of the Genus Chlaenius Bonelli (Coleoptera, Carabidae) in North America. Miscellaneous Publications of the Entomological Society of America 1:98-166.","nAKPQvGWPz3w50pS9SF/Wg/TlEjgxRE8","nAKPQvGWPz3w50pS9SF/Wg/TlEjgxRE8","used NEON.DOC.014050vJ"
"fb6819b3-f691-41b4-b910-9421bee3bc02","ORNL_027.basePlot.bet","D07","ORNL","ORNL_027","S","2015-05-12","2015-05-26","2015-05-27","2015-05-28",,"ORNL_027.S.20150526","di/gYcSB3uC0rnNXI86D84XGj/MalMHa2CtITgON/zU=","invert bycatch",,,,,,,,,,"49LI6M3+jMtxRtYmbfgyO+9Rpwup30X0","used NEON.DOC.014050vJ"
"c2fe406a-dcda-4a15-84ae-7d38bf0b8202","ORNL_004.basePlot.bet","D07","ORNL","ORNL_004","S","2015-05-12","2015-05-26","2015-05-26","2015-09-21","2015-12-01","ORNL_004.S.20150526","qnVzy9oXbL2D+hwQ/H+gH09kqVdLGBs2SP5VFAYePzE=","carabid","PASPUN","Pasimachus punctulatus","species",,"Haldeman",,1,"Purrington, F., and C. J. Drake. 2005. A key to adult Nearctic Pasimachus (Pasimachus) Bonelli (Coleoptera: Carabidae: Scaritini), with comments on their functional mouthpart morphology. Entomological News 116:253-262.","nAKPQvGWPz3w50pS9SF/Wg/TlEjgxRE8","nAKPQvGWPz3w50pS9SF/Wg/TlEjgxRE8","used NEON.DOC.014050vJ"
"950d9f82-e52e-4231-92bc-2b888c7ed94a","ORNL_021.basePlot.bet","D07","ORNL","ORNL_021","S","2015-05-12","2015-05-26","2015-05-27","2015-09-23","2015-12-01","ORNL_021.S.20150526","LlqcsvOjN4DVJW2wc9HXZ6JDhS3TJr0CeWy+qZDv1SI=","carabid","CARSP14","Carabidae sp.","family",,"Latreille","D07.2015.MorphB",2,"Other","nAKPQvGWPz3w50pS9SF/Wg/TlEjgxRE8","nAKPQvGWPz3w50pS9SF/Wg/TlEjgxRE8","used NEON.DOC.014050vJ. Maybe Anisodactylus (Anisodactylus) sp."
"c7d8455e-dfb7-420b-94b8-442e9980c0e5","ORNL_021.basePlot.bet","D07","ORNL","ORNL_021","S","2015-05-12","2015-05-26","2015-05-27","2016-01-22","2016-01-22","ORNL_021.S.20150526","LlqcsvOjN4DVJW2wc9HXZ6JDhS3TJr0C4k/KASj/Vxg=","carabid","CARSP14","Carabidae sp.","family",,"Latreille","D07.2015.MorphA",2,"Noonan, G. R. 1996. Classification, cladistics and natural history of species of the subgenus Anisodactylus Dejean (Insecta: Coleoptera: Carabidae: Harpalini: Anysoldactylus).","nAKPQvGWPz3w50pS9SF/Wg/TlEjgxRE8","nAKPQvGWPz3w50pS9SF/Wg/TlEjgxRE8","used NEON.DOC.014050vJ. Maybe Anisodactylus (Gynandrotarsus) sp."
"e36efdfa-ac5a-43d5-88f0-a62fb7847ec0","ORNL_006.basePlot.bet","D07","ORNL","ORNL_006","S","2015-05-12","2015-05-26","2015-05-26","2015-09-22","2015-12-01","ORNL_006.S.20150526","XUOG9+A5sIPMjfV0P55IMqPGiCt8UbnG5zE3Cbx79Lw=","carabid","CYCFUC","Cyclotrachelus fucatus","species",,"Freitag",,1,"Freitag, R. 1969. A revision of the species of the genus Evarthrus LeConte. Quaestiones Entomologicae 5:89-212.","nAKPQvGWPz3w50pS9SF/Wg/TlEjgxRE8","nAKPQvGWPz3w50pS9SF/Wg/TlEjgxRE8","used NEON.DOC.014050vJ"
"7b70e86f-ad9c-4f13-8b40-ea7485e5128e","ORNL_029.basePlot.bet","D07","ORNL","ORNL_029","S","2015-05-12","2015-05-26","2015-05-27","2015-05-28",,"ORNL_029.S.20150526","7LdWMHVTMyTSn9kHqJy/YDVYsQ2xJXt2NsqOmh5/HYA=","invert bycatch",,,,,,,,,,"49LI6M3+jMtxRtYmbfgyO+9Rpwup30X0","used NEON.DOC.014050vJ"
"13db621b-4974-4b85-8ac9-a69cf1c6bc7b","ORNL_004.basePlot.bet","D07","ORNL","ORNL_004","S","2015-05-12","2015-05-26","2015-05-27","2015-05-27",,"ORNL_004.S.20150526","qnVzy9oXbL2D+hwQ/H+gH00A7QZ56u0VE0aKqaoRICs=","invert bycatch",,,,,,,,,,"FII5NHkrIeQI4f+soqpivO/xVBSahwuJ","used NEON.DOC.014050vJ"
"014c118c-98c2-4eec-9e1d-afac4180eb65","ORNL_006.basePlot.bet","D07","ORNL","ORNL_006","S","2015-05-12","2015-05-26","2015-05-26","2015-05-27",,"ORNL_006.S.20150526","XUOG9+A5sIPMjfV0P55IMnmLz3Anq1P6cphkXcHHRH8=","invert bycatch",,,,,,,,,,"FII5NHkrIeQI4f+soqpivO/xVBSahwuJ","used NEON.DOC.014050vJ"
"1aa6896f-3331-4e4e-a5a5-55c1245b10fd","ORNL_032.basePlot.bet","D07","ORNL","ORNL_032","W","2015-05-12","2015-05-26","2015-05-27","2015-05-28",,"ORNL_032.W.20150526","DcTblkLRhlfJN+zoutMQxTij4otDqpQpT++jSRDi+/c=","invert bycatch",,,,,,,,,,"49LI6M3+jMtxRtYmbfgyO+9Rpwup30X0","used NEON.DOC.014050vJ|used NEON.DOC.014050vJ"
"f2c3d4c0-4a66-4837-a19b-d42c802d46bb","ORNL_002.basePlot.bet","D07","ORNL","ORNL_002","W","2015-05-12","2015-05-26","2015-05-27","2015-05-28",,"ORNL_002.W.20150526","FcwZvbWDjdih/5iSDxFerZrKyU+DI3heJ1B2VuKAHwU=","invert bycatch",,,,,,,,,,"49LI6M3+jMtxRtYmbfgyO+9Rpwup30X0","used NEON.DOC.014050vJ|used NEON.DOC.014050vJ. Due to seasonal technician error the bycatch was included with plot 003. final sample ID is actually: ORNL_003.20150526.ib.02"
"55f14631-1911-47b1-84d5-4748bd5e1852","ORNL_031.basePlot.bet","D07","ORNL","ORNL_031","S","2015-05-12","2015-05-26","2015-05-27","2015-05-28",,"ORNL_031.S.20150526","G1V5MttZ4JKmO1iG0DeUHcErKf1rAWc9pVKoazHegko=","invert bycatch",,,,,,,,,,"nAKPQvGWPz3w50pS9SF/Wg/TlEjgxRE8","used NEON.DOC.014050vJ"
"98e9eb32-f3d8-4eb3-9055-ab1a31457762","ORNL_021.basePlot.bet","D07","ORNL","ORNL_021","S","2015-05-12","2015-05-26","2015-05-26","2015-05-28",,"ORNL_021.S.20150526","LlqcsvOjN4DVJW2wc9HXZw9BFyAHNCIf5xt4NHXkABM=","invert bycatch",,,,,,,,,,"49LI6M3+jMtxRtYmbfgyO+9Rpwup30X0","used NEON.DOC.014050vJ"
"95d26a9a-63d0-4057-83c0-c923b9acaeb7","ORNL_027.basePlot.bet","D07","ORNL","ORNL_027","W","2015-05-12","2015-05-26","2015-05-26","2015-09-21","2015-12-01","ORNL_027.W.20150526","di/gYcSB3uAZjZtXyGfB73FS+0iXTBo8crCxXivte8o=","carabid","CHLEMA","Chlaenius emarginatus","species",,"Say",,1,"Bell, R. T. 1960. A Revision of the Genus Chlaenius Bonelli (Coleoptera, Carabidae) in North America. Miscellaneous Publications of the Entomological Society of America 1:98-166.","nAKPQvGWPz3w50pS9SF/Wg/TlEjgxRE8","nAKPQvGWPz3w50pS9SF/Wg/TlEjgxRE8","used NEON.DOC.014050vJ"
"737270fb-61c3-4506-a937-68640485745b","ORNL_006.basePlot.bet","D07","ORNL","ORNL_006","W","2015-05-12","2015-05-26","2015-05-26","2015-05-27",,"ORNL_006.W.20150526","XUOG9+A5sIMTh2evIq8XOPF0leuY5lE6TwwikMAYxPY=","invert bycatch",,,,,,,,,,"FII5NHkrIeQI4f+soqpivO/xVBSahwuJ","used NEON.DOC.014050vJ"
"434eaef3-3677-448b-8773-420ed18a11ee","ORNL_001.basePlot.bet","D07","ORNL","ORNL_001","W","2015-05-12","2015-05-26","2015-05-27","2015-05-28",,"ORNL_001.W.20150526","1iGudFvILgkoVjAGMEE7xyNieK2DAoMQFTXAHqjJoL4=","invert bycatch",,,,,,,,,,"49LI6M3+jMtxRtYmbfgyO+9Rpwup30X0","used NEON.DOC.014050vJ"
"ad9b16fc-7b4e-4a56-a62b-6d8d35a08816","ORNL_031.basePlot.bet","D07","ORNL","ORNL_031","W","2015-05-12","2015-05-26","2015-05-27","2015-05-28",,"ORNL_031.W.20150526","G1V5MttZ4JI18bMFJvz7ZmXym23Cr4fe3ZAIzNKKzpY=","invert bycatch",,,,,,,,,,"nAKPQvGWPz3w50pS9SF/Wg/TlEjgxRE8","used NEON.DOC.014050vJ"
"05d10ea8-fd27-4f8b-a0f4-8d9a5e7aff14","ORNL_027.basePlot.bet","D07","ORNL","ORNL_027","W","2015-05-12","2015-05-26","2015-05-27","2015-05-28",,"ORNL_027.W.20150526","di/gYcSB3uAZjZtXyGfB7zXAY2JZiD+RNKYM3RKv2ok=","invert bycatch",,,,,,,,,,"49LI6M3+jMtxRtYmbfgyO+9Rpwup30X0","used NEON.DOC.014050vJ"
"ec8cb725-8027-402d-ba2f-3f62d6d5effd","ORNL_029.basePlot.bet","D07","ORNL","ORNL_029","W","2015-05-12","2015-05-26","2015-05-27","2015-05-28",,"ORNL_029.W.20150526","7LdWMHVTMyRBOv5F1sgxP34ohroq8Qa7NVqersUYmHw=","invert bycatch",,,,,,,,,,"49LI6M3+jMtxRtYmbfgyO+9Rpwup30X0","used NEON.DOC.014050vJ"
"27b83417-a0b7-4f63-9957-47036c3c502f","ORNL_004.basePlot.bet","D07","ORNL","ORNL_004","W","2015-05-12","2015-05-26","2015-05-27","2015-05-27",,"ORNL_004.W.20150526","qnVzy9oXbL323S6aNCEDmwXF5tDa1LmrmEle4OKp35E=","invert bycatch",,,,,,,,,,"FII5NHkrIeQI4f+soqpivO/xVBSahwuJ","used NEON.DOC.014050vJ"
"ae5db16d-3929-4c4a-b57c-dc708e804e17","ORNL_003.basePlot.bet","D07","ORNL","ORNL_003","W","2015-05-12","2015-05-26","2015-05-27","2015-05-28",,"ORNL_003.W.20150526","952sL8sB3/gZLj4ChF4mhpCR4SxPE1AdwFwXbKZXZnU=","invert bycatch",,,,,,,,,,"nAKPQvGWPz3w50pS9SF/Wg/TlEjgxRE8","used NEON.DOC.014050vJ"
"9ba42c2f-37f5-4eb0-a763-6b0d78ce9b0d","ORNL_001.basePlot.bet","D07","ORNL","ORNL_001","W","2015-05-12","2015-05-26","2015-05-26","2016-01-22","2016-01-22","ORNL_001.W.20150526","1iGudFvILgkoVjAGMEE7x/C9rx3xvfnorZg+YrQkwIo=","carabid","CYCFUC","Cyclotrachelus fucatus","species","cf. species","Freitag",,1,"Freitag, R. 1969. A revision of the species of the genus Evarthrus LeConte. Quaestiones Entomologicae 5:89-212.","nAKPQvGWPz3w50pS9SF/Wg/TlEjgxRE8","nAKPQvGWPz3w50pS9SF/Wg/TlEjgxRE8","used NEON.DOC.014050vJ"
"7f912d2e-113a-4646-b231-5bb3294539bf","ORNL_021.basePlot.bet","D07","ORNL","ORNL_021","W","2015-05-12","2015-05-26","2015-05-26","2015-05-28",,"ORNL_021.W.20150526","LlqcsvOjN4Cc/5J6hIcxZA1PHKZigH179Fa3E1mqsoo=","invert bycatch",,,,,,,,,,"49LI6M3+jMtxRtYmbfgyO+9Rpwup30X0","used NEON.DOC.014050vJ"
"98c65e80-332a-46bc-a9eb-0286cc6b4208","ORNL_027.basePlot.bet","D07","ORNL","ORNL_027","W","2015-05-12","2015-05-26","2015-05-26","2015-09-23","2015-12-01","ORNL_027.W.20150526","di/gYcSB3uAZjZtXyGfB70cvVzUm+RY1vY0BBj6TA60=","carabid","PTESTY","Pterostichus stygicus","species",,"Say",,1,"Ciegler, J. C. 2000. Ground beetles and wrinkled bark beetles of South Carolina (Coleoptera: Geadephaga: Carabidae and Rhysodidae). Biota of South Carolina. Vol. 1. Clemson, S. Clemson University.","nAKPQvGWPz3w50pS9SF/Wg/TlEjgxRE8","nAKPQvGWPz3w50pS9SF/Wg/TlEjgxRE8","used NEON.DOC.014050vJ"
"3c1451ba-aa99-4035-aa3e-cd4c397181df","ORNL_032.basePlot.bet","D07","ORNL","ORNL_032","E","2015-05-12","2015-05-26","2015-05-27","2015-05-28",,"ORNL_032.E.20150526","DcTblkLRhld2mqbXQCIxpcX+wMHSOCDVcK6/RTiFu/E=","invert bycatch",,,,,,,,,,"49LI6M3+jMtxRtYmbfgyO+9Rpwup30X0","used NEON.DOC.014050vJ|used NEON.DOC.014050vJ"
"08ec1bf5-0697-40a2-b01f-46791af5cbd6","ORNL_021.basePlot.bet","D07","ORNL","ORNL_021","E","2015-05-12","2015-05-26","2015-05-26","2015-05-28",,"ORNL_021.E.20150526","LlqcsvOjN4AKh2eXWBoiF7lrM/lrTvkhXRwR6lG7Nkc=","invert bycatch",,,,,,,,,,"49LI6M3+jMtxRtYmbfgyO+9Rpwup30X0","used NEON.DOC.014050vJ|used NEON.DOC.014050vJ. Due to seasonal technician error the bycatch was included with plot 003. final sample ID is actually: ORNL_003.20150526.ib.02"
"f280e128-9f30-4ab9-be84-a9060218be4a","ORNL_001.basePlot.bet","D07","ORNL","ORNL_001","E","2015-05-12","2015-05-26","2015-05-27","2015-05-28",,"ORNL_001.E.20150526","1iGudFvILgm0UcmM/Z77USrZMgaG23C/eNbk0+mtttE=","invert bycatch",,,,,,,,,,"49LI6M3+jMtxRtYmbfgyO+9Rpwup30X0","used NEON.DOC.014050vJ"
"e170bb2c-e353-43e0-a56e-af3e980debf7","ORNL_027.basePlot.bet","D07","ORNL","ORNL_027","E","2015-05-12","2015-05-26","2015-05-26","2015-09-21","2015-12-01","ORNL_027.E.20150526","di/gYcSB3uCH6HDnbGh9ZnVeHQqljA3CPDmNOQEGrgo=","carabid","CHLEMA","Chlaenius emarginatus","species",,"Say",,1,"Bell, R. T. 1960. A Revision of the Genus Chlaenius Bonelli (Coleoptera, Carabidae) in North America. Miscellaneous Publications of the Entomological Society of America 1:98-166.","nAKPQvGWPz3w50pS9SF/Wg/TlEjgxRE8","nAKPQvGWPz3w50pS9SF/Wg/TlEjgxRE8","used NEON.DOC.014050vJ"
"81cb1f85-c406-4da3-b1af-69b82fce0e90","ORNL_027.basePlot.bet","D07","ORNL","ORNL_027","E","2015-05-12","2015-05-26","2015-05-26","2015-09-23","2015-12-01","ORNL_027.E.20150526","di/gYcSB3uCH6HDnbGh9ZgOYsdKmyfto/8BrbjsMQw8=","carabid","PTESTY","Pterostichus stygicus","species",,"Say",,1,"Ciegler, J. C. 2000. Ground beetles and wrinkled bark beetles of South Carolina (Coleoptera: Geadephaga: Carabidae and Rhysodidae). Biota of South Carolina. Vol. 1. Clemson, S. Clemson University.","nAKPQvGWPz3w50pS9SF/Wg/TlEjgxRE8","nAKPQvGWPz3w50pS9SF/Wg/TlEjgxRE8","used NEON.DOC.014050vJ"
"e5401f29-4229-4df5-8f0d-ba7f9d7e1985","ORNL_031.basePlot.bet","D07","ORNL","ORNL_031","E","2015-05-12","2015-05-26","2015-05-26","2015-09-23","2015-12-01","ORNL_031.E.20150526","G1V5MttZ4JKiz4rd8C+YpD+pzchjHEEbopWj1DExDwE=","carabid","CALOPA","Calathus opaculus","species",,"LeConte",,1,"Ciegler, J. C. 2000. Ground beetles and wrinkled bark beetles of South Carolina (Coleoptera: Geadephaga: Carabidae and Rhysodidae). Biota of South Carolina. Vol. 1. Clemson, S. Clemson University.","nAKPQvGWPz3w50pS9SF/Wg/TlEjgxRE8","nAKPQvGWPz3w50pS9SF/Wg/TlEjgxRE8","used NEON.DOC.014050vJ"
"e3cc4418-4ff9-4881-ad95-2f306a6ac187","ORNL_021.basePlot.bet","D07","ORNL","ORNL_021","E","2015-05-12","2015-05-26","2015-05-27","2015-09-23","2015-12-01","ORNL_021.E.20150526","LlqcsvOjN4AKh2eXWBoiF+3BXO1y/eVOCBmbUJsQNP0=","carabid","CARSP14","Carabidae sp.","family",,"Latreille","D07.2015.MorphA",1,"Other","nAKPQvGWPz3w50pS9SF/Wg/TlEjgxRE8","nAKPQvGWPz3w50pS9SF/Wg/TlEjgxRE8","used NEON.DOC.014050vJ. Maybe Anisodactylus (Gynandrotarsus) sp."
"c310ad0b-ba86-49d4-afee-6342c1f71357","ORNL_021.basePlot.bet","D07","ORNL","ORNL_021","E","2015-05-12","2015-05-26","2015-05-26","2015-09-22","2015-12-01","ORNL_021.E.20150526","LlqcsvOjN4AKh2eXWBoiF/rxkh6RXg1A/IpwM6UplCA=","carabid","AMAIMP","Amara impuncticollis","species",,"Say",,1,"Ciegler, J. C. 2000. Ground beetles and wrinkled bark beetles of South Carolina (Coleoptera: Geadephaga: Carabidae and Rhysodidae). Biota of South Carolina. Vol. 1. Clemson, S. Clemson University.","nAKPQvGWPz3w50pS9SF/Wg/TlEjgxRE8","nAKPQvGWPz3w50pS9SF/Wg/TlEjgxRE8","used NEON.DOC.014050vJ"
