uid,namedLocation,domainID,siteID,plotID,trapID,plotType,nlcdClass,decimalLatitude,decimalLongitude,geodeticDatum,coordinateUncertainty,elevation,elevationUncertainty,setDate,collectDate,eventID,daysOfTrapping,sampleCollected,sampleID,cupStatus,lidStatus,fluidLevel,samplingProtocolVersion,recordedBy,remarks
"28c91d71-c473-4a11-af5a-65a152913f40","ORNL_032.basePlot.bet","D07","ORNL","ORNL_032","S","distributed","evergreenForest",35.944516,-84.326492,"WGS84",20.2,263.1,0.2,"2015-04-28","2015-05-12","ORNL.2015.20",14,"Y","ORNL_032.S.20150512","Ok","Ok","Ok","NEON.DOC.014050vF","vEvVLxmZ4KgjcDZj0PuqDb8k7/+li+6G","used NEON.DOC.014050vF"
"30484a09-dc9e-473c-85bc-9b17ac3ebf9a","ORNL_003.basePlot.bet","D07","ORNL","ORNL_003","S","distributed","deciduousForest",35.965869,-84.230640,"WGS84",20.2,262.0,0.3,"2015-04-28","2015-05-12","ORNL.2015.20",14,"Y","ORNL_003.S.20150512","Ok","Ok","Ok","NEON.DOC.014050vF","EY6DvO8NpI5lJHYW3QnRiw31VQzGQ6ke","used NEON.DOC.014050vF"
"c7b2bc29-328a-4fee-a00b-150b9f8432f4","ORNL_029.basePlot.bet","D07","ORNL","ORNL_029","S","distributed","evergreenForest",35.957646,-84.261838,"WGS84",20.1,272.5,0.2,"2015-04-28","2015-05-12","ORNL.2015.20",14,"Y","ORNL_029.S.20150512","Ok","Ok","Ok","NEON.DOC.014050vF","EY6DvO8NpI5lJHYW3QnRiw31VQzGQ6ke","used NEON.DOC.014050vF"
"4e835dea-17cd-443e-980c-c52624578971","ORNL_001.basePlot.bet","D07","ORNL","ORNL_001","S","distributed","deciduousForest",35.930250,-84.270110,"WGS84",20.2,244.6,0.3,"2015-04-28","2015-05-12","ORNL.2015.20",14,"Y","ORNL_001.S.20150512","Ok","Ok","Ok","NEON.DOC.014050vF","vEvVLxmZ4KgjcDZj0PuqDb8k7/+li+6G","used NEON.DOC.014050vF"
"38a0034c-b68d-4b3b-b2a0-cc2e09dc84ac","ORNL_002.basePlot.bet","D07","ORNL","ORNL_002","S","distributed","deciduousForest",35.982205,-84.212754,"WGS84",20.2,306.9,0.4,"2015-04-28","2015-05-12","ORNL.2015.20",14,"Y","ORNL_002.S.20150512","Ok","Ok","Ok","NEON.DOC.014050vF","EY6DvO8NpI5lJHYW3QnRiw31VQzGQ6ke","used NEON.DOC.014050vF"
"b931956b-6347-47a4-a16d-6958e2783229","ORNL_027.basePlot.bet","D07","ORNL","ORNL_027","S","distributed","evergreenForest",35.916311,-84.263280,"WGS84",20.3,245.6,0.3,"2015-04-28","2015-05-12","ORNL.2015.20",14,"Y","ORNL_027.S.20150512","Ok","Ok","Ok","NEON.DOC.014050vF","vEvVLxmZ4KgjcDZj0PuqDb8k7/+li+6G","used NEON.DOC.014050vF"
"f09f978b-c577-46f9-ae7c-fc0b6e82d3e5","ORNL_006.basePlot.bet","D07","ORNL","ORNL_006","W","distributed","deciduousForest",35.938232,-84.323686,"WGS84",20.2,283.6,0.2,"2015-04-28","2015-05-12","ORNL.2015.20",14,"Y","ORNL_006.W.20150512","Ok","Ok","Ok","NEON.DOC.014050vF","vEvVLxmZ4KgjcDZj0PuqDb8k7/+li+6G","used NEON.DOC.014050vF"
"ae40b1fa-e996-4765-ac87-7a77ed91fd43","ORNL_004.basePlot.bet","D07","ORNL","ORNL_004","W","distributed","deciduousForest",35.907947,-84.275213,"WGS84",20.2,296.1,0.2,"2015-04-28","2015-05-12","ORNL.2015.20",14,"Y","ORNL_004.W.20150512","Ok","Ok","Ok","NEON.DOC.014050vF","vEvVLxmZ4KgjcDZj0PuqDb8k7/+li+6G","used NEON.DOC.014050vF"
"230ca38f-34b8-46ee-bd9e-d5ed867b4ffc","ORNL_002.basePlot.bet","D07","ORNL","ORNL_002","W","distributed","deciduousForest",35.982205,-84.212754,"WGS84",20.2,306.9,0.4,"2015-04-28","2015-05-12","ORNL.2015.20",14,"Y","ORNL_002.W.20150512","Ok","Ok","Ok","NEON.DOC.014050vF","EY6DvO8NpI5lJHYW3QnRiw31VQzGQ6ke","used NEON.DOC.014050vF"
"8e7f4533-08bc-4171-a91a-45f25557c17e","ORNL_031.basePlot.bet","D07","ORNL","ORNL_031","W","distributed","pastureHay",35.948607,-84.221913,"WGS84",20.1,266.7,0.1,"2015-04-28","2015-05-12","ORNL.2015.20",14,"Y","ORNL_031.W.20150512","Ok","Ok","Ok","NEON.DOC.014050vF","EY6DvO8NpI5lJHYW3QnRiw31VQzGQ6ke","used NEON.DOC.014050vF"
"8aca2155-ef88-4962-85cb-a22d484cfd5c","ORNL_021.basePlot.bet","D07","ORNL","ORNL_021","W","distributed","pastureHay",35.955641,-84.221347,"WGS84",20.1,277.6,0.1,"2015-04-28","2015-05-12","ORNL.2015.20",14,"Y","ORNL_021.W.20150512","Ok","Ok","Ok","NEON.DOC.014050vF","EY6DvO8NpI5lJHYW3QnRiw31VQzGQ6ke","used NEON.DOC.014050vF"
"14b7beda-a9cd-40d8-80b2-81f6eef5c91a","ORNL_027.basePlot.bet","D07","ORNL","ORNL_027","W","distributed","evergreenForest",35.916311,-84.263280,"WGS84",20.3,245.6,0.3,"2015-04-28","2015-05-12","ORNL.2015.20",14,"Y","ORNL_027.W.20150512","Ok","Ok","Ok","NEON.DOC.014050vF","vEvVLxmZ4KgjcDZj0PuqDb8k7/+li+6G","used NEON.DOC.014050vF"
"31849bca-548f-4055-a2b6-d704619c5f13","ORNL_032.basePlot.bet","D07","ORNL","ORNL_032","W","distributed","evergreenForest",35.944516,-84.326492,"WGS84",20.2,263.1,0.2,"2015-04-28","2015-05-12","ORNL.2015.20",14,"Y","ORNL_032.W.20150512","Ok","Ok","Ok","NEON.DOC.014050vF","vEvVLxmZ4KgjcDZj0PuqDb8k7/+li+6G","used NEON.DOC.014050vF"
"15be4bea-51b2-41a6-839d-805dc6061dea","ORNL_003.basePlot.bet","D07","ORNL","ORNL_003","W","distributed","deciduousForest",35.965869,-84.230640,"WGS84",20.2,262.0,0.3,"2015-04-28","2015-05-12","ORNL.2015.20",14,"Y","ORNL_003.W.20150512","Ok","Ok","Ok","NEON.DOC.014050vF","EY6DvO8NpI5lJHYW3QnRiw31VQzGQ6ke","used NEON.DOC.014050vF"
"35e50235-0a78-48c6-a37c-6df6712d3a05","ORNL_029.basePlot.bet","D07","ORNL","ORNL_029","W","distributed","evergreenForest",35.957646,-84.261838,"WGS84",20.1,272.5,0.2,"2015-04-28","2015-05-12","ORNL.2015.20",14,"Y","ORNL_029.W.20150512","Ok","Ok","Ok","NEON.DOC.014050vF","EY6DvO8NpI5lJHYW3QnRiw31VQzGQ6ke","used NEON.DOC.014050vF"
"2aa18adf-bd57-4fae-9e48-0e1f20fe0ca0","ORNL_001.basePlot.bet","D07","ORNL","ORNL_001","W","distributed","deciduousForest",35.930250,-84.270110,"WGS84",20.2,244.6,0.3,"2015-04-28","2015-05-12","ORNL.2015.20",14,"Y","ORNL_001.W.20150512","Ok","Ok","Ok","NEON.DOC.014050vF","vEvVLxmZ4KgjcDZj0PuqDb8k7/+li+6G","used NEON.DOC.014050vF"
"5ae825af-12e6-4608-ad6b-1d2755751c36","ORNL_032.basePlot.bet","D07","ORNL","ORNL_032","E","distributed","evergreenForest",35.944516,-84.326492,"WGS84",20.2,263.1,0.2,"2015-04-28","2015-05-12","ORNL.2015.20",14,"Y","ORNL_032.E.20150512","Ok","Ok","Ok","NEON.DOC.014050vF","vEvVLxmZ4KgjcDZj0PuqDb8k7/+li+6G","used NEON.DOC.014050vF"
"07c6b138-df48-401b-87d7-52724f4bab02","ORNL_003.basePlot.bet","D07","ORNL","ORNL_003","E","distributed","deciduousForest",35.965869,-84.230640,"WGS84",20.2,262.0,0.3,"2015-04-28","2015-05-12","ORNL.2015.20",14,"Y","ORNL_003.E.20150512","Ok","Ok","Ok","NEON.DOC.014050vF","EY6DvO8NpI5lJHYW3QnRiw31VQzGQ6ke","used NEON.DOC.014050vF. east lid was very low <2cm"
"fd51145c-acac-491f-9ef4-3ca9638c9301","ORNL_029.basePlot.bet","D07","ORNL","ORNL_029","E","distributed","evergreenForest",35.957646,-84.261838,"WGS84",20.1,272.5,0.2,"2015-04-28","2015-05-12","ORNL.2015.20",14,"Y","ORNL_029.E.20150512","Ok","Ok","Ok","NEON.DOC.014050vF","EY6DvO8NpI5lJHYW3QnRiw31VQzGQ6ke","used NEON.DOC.014050vF"
"a77d027f-3167-4efd-b3d3-d51bd821d769","ORNL_004.basePlot.bet","D07","ORNL","ORNL_004","E","distributed","deciduousForest",35.907947,-84.275213,"WGS84",20.2,296.1,0.2,"2015-04-28","2015-05-12","ORNL.2015.20",14,"Y","ORNL_004.E.20150512","Ok","Ok","Ok","NEON.DOC.014050vF","vEvVLxmZ4KgjcDZj0PuqDb8k7/+li+6G","used NEON.DOC.014050vF"
"e6a24acf-c626-4592-9122-733069dfa935","ORNL_001.basePlot.bet","D07","ORNL","ORNL_001","E","distributed","deciduousForest",35.930250,-84.270110,"WGS84",20.2,244.6,0.3,"2015-04-28","2015-05-12","ORNL.2015.20",14,"Y","ORNL_001.E.20150512","Ok","Ok","Ok","NEON.DOC.014050vF","vEvVLxmZ4KgjcDZj0PuqDb8k7/+li+6G","used NEON.DOC.014050vF"
"0324e6aa-9958-4a83-9c40-3e09c202eeaf","ORNL_002.basePlot.bet","D07","ORNL","ORNL_002","E","distributed","deciduousForest",35.982205,-84.212754,"WGS84",20.2,306.9,0.4,"2015-04-28","2015-05-12","ORNL.2015.20",14,"Y","ORNL_002.E.20150512","Ok","Ok","High","NEON.DOC.014050vF","EY6DvO8NpI5lJHYW3QnRiw31VQzGQ6ke","used NEON.DOC.014050vF"
"6314222d-c8e4-465f-9f92-58df278ac938","ORNL_031.basePlot.bet","D07","ORNL","ORNL_031","E","distributed","pastureHay",35.948607,-84.221913,"WGS84",20.1,266.7,0.1,"2015-04-28","2015-05-12","ORNL.2015.20",14,"Y","ORNL_031.E.20150512","Ok","Ok","Ok","NEON.DOC.014050vF","EY6DvO8NpI5lJHYW3QnRiw31VQzGQ6ke","used NEON.DOC.014050vF"
"1d647c7b-2510-46f8-9277-8a70dfe3ef78","ORNL_021.basePlot.bet","D07","ORNL","ORNL_021","E","distributed","pastureHay",35.955641,-84.221347,"WGS84",20.1,277.6,0.1,"2015-04-28","2015-05-12","ORNL.2015.20",14,"Y","ORNL_021.E.20150512","Ok","Ok","Ok","NEON.DOC.014050vF","EY6DvO8NpI5lJHYW3QnRiw31VQzGQ6ke","used NEON.DOC.014050vF"
"f4089f3b-986c-4d47-8c4d-6dfd6a530643","ORNL_006.basePlot.bet","D07","ORNL","ORNL_006","E","distributed","deciduousForest",35.938232,-84.323686,"WGS84",20.2,283.6,0.2,"2015-04-28","2015-05-12","ORNL.2015.20",14,"Y","ORNL_006.E.20150512","Ok","Ok","Ok","NEON.DOC.014050vF","vEvVLxmZ4KgjcDZj0PuqDb8k7/+li+6G","used NEON.DOC.014050vF"
"773d1c62-7ba7-4f84-b2b6-cc79a036b8a8","ORNL_027.basePlot.bet","D07","ORNL","ORNL_027","E","distributed","evergreenForest",35.916311,-84.263280,"WGS84",20.3,245.6,0.3,"2015-04-28","2015-05-12","ORNL.2015.20",14,"Y","ORNL_027.E.20150512","Ok","Ok","Ok","NEON.DOC.014050vF","vEvVLxmZ4KgjcDZj0PuqDb8k7/+li+6G","used NEON.DOC.014050vF"
"78017f33-a4fb-4d6c-bccf-6e5cd24e91ae","ORNL_006.basePlot.bet","D07","ORNL","ORNL_006","N","distributed","deciduousForest",35.938232,-84.323686,"WGS84",20.2,283.6,0.2,"2015-04-28","2015-05-12","ORNL.2015.20",14,"Y","ORNL_006.N.20150512","Ok","Ok","Ok","NEON.DOC.014050vF","vEvVLxmZ4KgjcDZj0PuqDb8k7/+li+6G","used NEON.DOC.014050vF"
"2e5f00c2-daf6-441a-baed-9f8e39438965","ORNL_004.basePlot.bet","D07","ORNL","ORNL_004","N","distributed","deciduousForest",35.907947,-84.275213,"WGS84",20.2,296.1,0.2,"2015-04-28","2015-05-12","ORNL.2015.20",14,"Y","ORNL_004.N.20150512","Ok","Ok","Ok","NEON.DOC.014050vF","vEvVLxmZ4KgjcDZj0PuqDb8k7/+li+6G","used NEON.DOC.014050vF"
"68cc7145-f79b-4f4e-8c51-057d7a491c82","ORNL_002.basePlot.bet","D07","ORNL","ORNL_002","N","distributed","deciduousForest",35.982205,-84.212754,"WGS84",20.2,306.9,0.4,"2015-04-28","2015-05-12","ORNL.2015.20",14,"Y","ORNL_002.N.20150512","Ok","Ok","Ok","NEON.DOC.014050vF","EY6DvO8NpI5lJHYW3QnRiw31VQzGQ6ke","used NEON.DOC.014050vF"
"cec195ce-6513-4567-bb00-2f17c75b5394","ORNL_031.basePlot.bet","D07","ORNL","ORNL_031","N","distributed","pastureHay",35.948607,-84.221913,"WGS84",20.1,266.7,0.1,"2015-04-28","2015-05-12","ORNL.2015.20",14,"Y","ORNL_031.N.20150512","Ok","Ok","Ok","NEON.DOC.014050vF","EY6DvO8NpI5lJHYW3QnRiw31VQzGQ6ke","used NEON.DOC.014050vF"
"ddf33649-410e-42b1-8b4c-efa87ee2311f","ORNL_021.basePlot.bet","D07","ORNL","ORNL_021","N","distributed","pastureHay",35.955641,-84.221347,"WGS84",20.1,277.6,0.1,"2015-04-28","2015-05-12","ORNL.2015.20",14,"Y","ORNL_021.N.20150512","Ok","Ok","Ok","NEON.DOC.014050vF","EY6DvO8NpI5lJHYW3QnRiw31VQzGQ6ke","used NEON.DOC.014050vF"
"d5c3e094-2487-4e9d-87f7-78b1d32bdd55","ORNL_027.basePlot.bet","D07","ORNL","ORNL_027","N","distributed","evergreenForest",35.916311,-84.263280,"WGS84",20.3,245.6,0.3,"2015-04-28","2015-05-12","ORNL.2015.20",14,"Y","ORNL_027.N.20150512","Ok","Ok","Ok","NEON.DOC.014050vF","vEvVLxmZ4KgjcDZj0PuqDb8k7/+li+6G","used NEON.DOC.014050vF"
"ccd49943-7e7a-44ee-8a84-c3ec541c7909","ORNL_032.basePlot.bet","D07","ORNL","ORNL_032","N","distributed","evergreenForest",35.944516,-84.326492,"WGS84",20.2,263.1,0.2,"2015-04-28","2015-05-12","ORNL.2015.20",14,"Y","ORNL_032.N.20150512","Ok","Ok","Ok","NEON.DOC.014050vF","vEvVLxmZ4KgjcDZj0PuqDb8k7/+li+6G","used NEON.DOC.014050vF"
"8a7e5ae2-17eb-46d9-a952-e34ac316cc4f","ORNL_003.basePlot.bet","D07","ORNL","ORNL_003","N","distributed","deciduousForest",35.965869,-84.230640,"WGS84",20.2,262.0,0.3,"2015-04-28","2015-05-12","ORNL.2015.20",14,"Y","ORNL_003.N.20150512","Ok","Ok","Ok","NEON.DOC.014050vF","EY6DvO8NpI5lJHYW3QnRiw31VQzGQ6ke","used NEON.DOC.014050vF"
"0ae8d2ba-0da0-4e7b-9764-02d9eae4581f","ORNL_029.basePlot.bet","D07","ORNL","ORNL_029","N","distributed","evergreenForest",35.957646,-84.261838,"WGS84",20.1,272.5,0.2,"2015-04-28","2015-05-12","ORNL.2015.20",14,"Y","ORNL_029.N.20150512","Ok","Ok","Ok","NEON.DOC.014050vF","EY6DvO8NpI5lJHYW3QnRiw31VQzGQ6ke","used NEON.DOC.014050vF"
"2c101865-39a6-45d1-ba5f-3529bf9def97","ORNL_001.basePlot.bet","D07","ORNL","ORNL_001","N","distributed","deciduousForest",35.930250,-84.270110,"WGS84",20.2,244.6,0.3,"2015-04-28","2015-05-12","ORNL.2015.20",14,"Y","ORNL_001.N.20150512","Ok","Ok","Ok","NEON.DOC.014050vF","vEvVLxmZ4KgjcDZj0PuqDb8k7/+li+6G","used NEON.DOC.014050vF"
"51a44714-116e-49a9-a37f-e869b2dfd8e5","ORNL_004.basePlot.bet","D07","ORNL","ORNL_004","S","distributed","deciduousForest",35.907947,-84.275213,"WGS84",20.2,296.1,0.2,"2015-04-28","2015-05-12","ORNL.2015.20",14,"Y","ORNL_004.S.20150512","Ok","Ok","Ok","NEON.DOC.014050vF","vEvVLxmZ4KgjcDZj0PuqDb8k7/+li+6G","used NEON.DOC.014050vF"
"9edf6c5a-b6d6-4f34-8f8f-15d1e60c86e4","ORNL_031.basePlot.bet","D07","ORNL","ORNL_031","S","distributed","pastureHay",35.948607,-84.221913,"WGS84",20.1,266.7,0.1,"2015-04-28","2015-05-12","ORNL.2015.20",14,"Y","ORNL_031.S.20150512","Ok","Ok","Ok","NEON.DOC.014050vF","EY6DvO8NpI5lJHYW3QnRiw31VQzGQ6ke","used NEON.DOC.014050vF"
"336cd762-4450-4b25-a802-ffcb016c0679","ORNL_021.basePlot.bet","D07","ORNL","ORNL_021","S","distributed","pastureHay",35.955641,-84.221347,"WGS84",20.1,277.6,0.1,"2015-04-28","2015-05-12","ORNL.2015.20",14,"Y","ORNL_021.S.20150512","Ok","Ok","Ok","NEON.DOC.014050vF","EY6DvO8NpI5lJHYW3QnRiw31VQzGQ6ke","used NEON.DOC.014050vF"
"cb7c95f1-229c-4bc2-a0fd-1d1a6a7615ed","ORNL_006.basePlot.bet","D07","ORNL","ORNL_006","S","distributed","deciduousForest",35.938232,-84.323686,"WGS84",20.2,283.6,0.2,"2015-04-28","2015-05-12","ORNL.2015.20",14,"Y","ORNL_006.S.20150512","Ok","Ok","Ok","NEON.DOC.014050vF","vEvVLxmZ4KgjcDZj0PuqDb8k7/+li+6G","used NEON.DOC.014050vF"
"73b3f598-9c48-40fc-a1ab-c8728fc9d40d","ORNL_032.basePlot.bet","D07","ORNL","ORNL_032","E","distributed","evergreenForest",35.944516,-84.326492,"WGS84",20.2,263.1,0.2,"2015-05-12","2015-05-26","ORNL.2015.22",14,"Y","ORNL_032.E.20150526","Ok","Ok","Ok","NEON.DOC.014050vG","49LI6M3+jMtxRtYmbfgyO+9Rpwup30X0","used NEON. DOC.014050vF"
"4505acd1-f473-406b-a55c-aa9b6aa8d153","ORNL_021.basePlot.bet","D07","ORNL","ORNL_021","W","distributed","pastureHay",35.955641,-84.221347,"WGS84",20.1,277.6,0.1,"2015-05-12","2015-05-26","ORNL.2015.22",14,"Y","ORNL_021.W.20150526","Ok","Ok","Ok","NEON.DOC.014050vG","FII5NHkrIeQI4f+soqpivO/xVBSahwuJ","used NEON. DOC.014050vF"
"b37ef17a-34ac-4a3e-ac3c-74a86b170e2c","ORNL_003.basePlot.bet","D07","ORNL","ORNL_003","E","distributed","deciduousForest",35.965869,-84.230640,"WGS84",20.2,262.0,0.3,"2015-05-12","2015-05-26","ORNL.2015.22",14,"Y","ORNL_003.E.20150526","Ok","Ok","Ok","NEON.DOC.014050vG","FII5NHkrIeQI4f+soqpivO/xVBSahwuJ","used NEON. DOC.014050vF"
"e23f2df1-1745-4b41-a742-09cee393572c","ORNL_006.basePlot.bet","D07","ORNL","ORNL_006","E","distributed","deciduousForest",35.938232,-84.323686,"WGS84",20.2,283.6,0.2,"2015-05-12","2015-05-26","ORNL.2015.22",14,"Y","ORNL_006.E.20150526","Ok","Ok","Ok","NEON.DOC.014050vG","49LI6M3+jMtxRtYmbfgyO+9Rpwup30X0","used NEON. DOC.014050vF"
"a91b1c19-d3e9-4cce-9e7d-c0b3c11407de","ORNL_027.basePlot.bet","D07","ORNL","ORNL_027","E","distributed","evergreenForest",35.916311,-84.263280,"WGS84",20.3,245.6,0.3,"2015-05-12","2015-05-26","ORNL.2015.22",14,"Y","ORNL_027.E.20150526","Ok","Ok","Ok","NEON.DOC.014050vG","49LI6M3+jMtxRtYmbfgyO+9Rpwup30X0","used NEON. DOC.014050vF"
"43570139-7345-471e-ae3d-8258e6f05155","ORNL_031.basePlot.bet","D07","ORNL","ORNL_031","E","distributed","pastureHay",35.948607,-84.221913,"WGS84",20.1,266.7,0.1,"2015-05-12","2015-05-26","ORNL.2015.22",14,"Y","ORNL_031.E.20150526","Ok","Ok","Ok","NEON.DOC.014050vG","FII5NHkrIeQI4f+soqpivO/xVBSahwuJ","used NEON. DOC.014050vF"
"7f715e4f-c243-4df4-b8d8-d1df37000aa4","ORNL_002.basePlot.bet","D07","ORNL","ORNL_002","E","distributed","deciduousForest",35.982205,-84.212754,"WGS84",20.2,306.9,0.4,"2015-05-12","2015-05-26","ORNL.2015.22",14,"Y","ORNL_002.E.20150526","Ok","Ok","Ok","NEON.DOC.014050vG","FII5NHkrIeQI4f+soqpivO/xVBSahwuJ","used NEON. DOC.014050vF"
"0a77df05-bf60-436b-b3d0-229c023c006b","ORNL_004.basePlot.bet","D07","ORNL","ORNL_004","E","distributed","deciduousForest",35.907947,-84.275213,"WGS84",20.2,296.1,0.2,"2015-05-12","2015-05-26","ORNL.2015.22",14,"Y","ORNL_004.E.20150526","Ok","Ok","Ok","NEON.DOC.014050vG","49LI6M3+jMtxRtYmbfgyO+9Rpwup30X0","used NEON. DOC.014050vF"
"19550a9d-04bc-4413-a1b6-359e6b36ad27","ORNL_029.basePlot.bet","D07","ORNL","ORNL_029","E","distributed","evergreenForest",35.957646,-84.261838,"WGS84",20.1,272.5,0.2,"2015-05-12","2015-05-26","ORNL.2015.22",14,"Y","ORNL_029.E.20150526","Ok","Ok","Ok","NEON.DOC.014050vG","FII5NHkrIeQI4f+soqpivO/xVBSahwuJ","used NEON. DOC.014050vF"
"523c6ca8-342a-4423-9acb-f109eb876637","ORNL_021.basePlot.bet","D07","ORNL","ORNL_021","E","distributed","pastureHay",35.955641,-84.221347,"WGS84",20.1,277.6,0.1,"2015-05-12","2015-05-26","ORNL.2015.22",14,"Y","ORNL_021.E.20150526","Ok","Ok","Ok","NEON.DOC.014050vG","FII5NHkrIeQI4f+soqpivO/xVBSahwuJ","used NEON. DOC.014050vF"
"985cd86c-4383-46f9-91e4-7e25854d11a7","ORNL_031.basePlot.bet","D07","ORNL","ORNL_031","N","distributed","pastureHay",35.948607,-84.221913,"WGS84",20.1,266.7,0.1,"2015-05-12","2015-05-26","ORNL.2015.22",14,"Y","ORNL_031.N.20150526","Ok","Ok","Ok","NEON.DOC.014050vG","FII5NHkrIeQI4f+soqpivO/xVBSahwuJ","used NEON. DOC.014050vF"
"8e7c138f-13a5-4cf2-972e-3b217c968780","ORNL_002.basePlot.bet","D07","ORNL","ORNL_002","N","distributed","deciduousForest",35.982205,-84.212754,"WGS84",20.2,306.9,0.4,"2015-05-12","2015-05-26","ORNL.2015.22",14,"Y","ORNL_002.N.20150526","Ok","Ok","Ok","NEON.DOC.014050vG","FII5NHkrIeQI4f+soqpivO/xVBSahwuJ","used NEON. DOC.014050vF"
"a894a89b-173c-4a52-a0ed-26882a9027fc","ORNL_032.basePlot.bet","D07","ORNL","ORNL_032","N","distributed","evergreenForest",35.944516,-84.326492,"WGS84",20.2,263.1,0.2,"2015-05-12","2015-05-26","ORNL.2015.22",14,"Y","ORNL_032.N.20150526","Ok","Ok","Ok","NEON.DOC.014050vG","49LI6M3+jMtxRtYmbfgyO+9Rpwup30X0","used NEON. DOC.014050vF"
"2167852b-f262-4244-a25b-8d7f081dde6e","ORNL_001.basePlot.bet","D07","ORNL","ORNL_001","N","distributed","deciduousForest",35.930250,-84.270110,"WGS84",20.2,244.6,0.3,"2015-05-12","2015-05-26","ORNL.2015.22",14,"Y","ORNL_001.N.20150526","Ok","Ok","Ok","NEON.DOC.014050vG","49LI6M3+jMtxRtYmbfgyO+9Rpwup30X0","used NEON. DOC.014050vF"
"ef3b2ec6-ee37-4308-8b58-163d8e36b410","ORNL_003.basePlot.bet","D07","ORNL","ORNL_003","N","distributed","deciduousForest",35.965869,-84.230640,"WGS84",20.2,262.0,0.3,"2015-05-12","2015-05-26","ORNL.2015.22",14,"Y","ORNL_003.N.20150526","Ok","Ok","Ok","NEON.DOC.014050vG","FII5NHkrIeQI4f+soqpivO/xVBSahwuJ","used NEON. DOC.014050vF"
"a8aa5e6a-2e1f-4948-8445-a55e68a101b9","ORNL_029.basePlot.bet","D07","ORNL","ORNL_029","N","distributed","evergreenForest",35.957646,-84.261838,"WGS84",20.1,272.5,0.2,"2015-05-12","2015-05-26","ORNL.2015.22",14,"Y","ORNL_029.N.20150526","Ok","Ok","Ok","NEON.DOC.014050vG","FII5NHkrIeQI4f+soqpivO/xVBSahwuJ","used NEON. DOC.014050vF"
"419ddc49-c4e3-4cb0-aa77-82d581754e95","ORNL_027.basePlot.bet","D07","ORNL","ORNL_027","N","distributed","evergreenForest",35.916311,-84.263280,"WGS84",20.3,245.6,0.3,"2015-05-12","2015-05-26","ORNL.2015.22",14,"Y","ORNL_027.N.20150526","Ok","Ok","Ok","NEON.DOC.014050vG","49LI6M3+jMtxRtYmbfgyO+9Rpwup30X0","used NEON. DOC.014050vF"
"61fcd2b8-5f0c-4e08-9ff9-48e7c1e7743a","ORNL_006.basePlot.bet","D07","ORNL","ORNL_006","N","distributed","deciduousForest",35.938232,-84.323686,"WGS84",20.2,283.6,0.2,"2015-05-12","2015-05-26","ORNL.2015.22",14,"Y","ORNL_006.N.20150526","Ok","Ok","Ok","NEON.DOC.014050vG","49LI6M3+jMtxRtYmbfgyO+9Rpwup30X0","used NEON. DOC.014050vF"
"9de709e1-bb24-4dc7-8dab-c35413557f6b","ORNL_021.basePlot.bet","D07","ORNL","ORNL_021","N","distributed","pastureHay",35.955641,-84.221347,"WGS84",20.1,277.6,0.1,"2015-05-12","2015-05-26","ORNL.2015.22",14,"Y","ORNL_021.N.20150526","Ok","Ok","Ok","NEON.DOC.014050vG","FII5NHkrIeQI4f+soqpivO/xVBSahwuJ","used NEON. DOC.014050vF"
"49eae313-819a-4b09-bb13-5ee6f6606d51","ORNL_004.basePlot.bet","D07","ORNL","ORNL_004","N","distributed","deciduousForest",35.907947,-84.275213,"WGS84",20.2,296.1,0.2,"2015-05-12","2015-05-26","ORNL.2015.22",14,"Y","ORNL_004.N.20150526","Ok","Ok","Ok","NEON.DOC.014050vG","49LI6M3+jMtxRtYmbfgyO+9Rpwup30X0","used NEON. DOC.014050vF"
"87d881cf-72f7-49cf-b784-939b6681eaaa","ORNL_032.basePlot.bet","D07","ORNL","ORNL_032","S","distributed","evergreenForest",35.944516,-84.326492,"WGS84",20.2,263.1,0.2,"2015-05-12","2015-05-26","ORNL.2015.22",14,"Y","ORNL_032.S.20150526","Ok","Ok","Ok","NEON.DOC.014050vG","49LI6M3+jMtxRtYmbfgyO+9Rpwup30X0","used NEON. DOC.014050vF"
"d633b33b-42fd-4169-82db-6e5756d6310a","ORNL_031.basePlot.bet","D07","ORNL","ORNL_031","S","distributed","pastureHay",35.948607,-84.221913,"WGS84",20.1,266.7,0.1,"2015-05-12","2015-05-26","ORNL.2015.22",14,"Y","ORNL_031.S.20150526","Ok","Ok","Ok","NEON.DOC.014050vG","FII5NHkrIeQI4f+soqpivO/xVBSahwuJ","used NEON. DOC.014050vF"
"9b6b5668-cd74-472a-89d7-311bcf959c65","ORNL_001.basePlot.bet","D07","ORNL","ORNL_001","S","distributed","deciduousForest",35.930250,-84.270110,"WGS84",20.2,244.6,0.3,"2015-05-12","2015-05-26","ORNL.2015.22",14,"Y","ORNL_001.S.20150526","Ok","Ok","Ok","NEON.DOC.014050vG","49LI6M3+jMtxRtYmbfgyO+9Rpwup30X0","used NEON. DOC.014050vF"
"bce427a4-3fa7-496d-bd1f-723bb31be9f1","ORNL_004.basePlot.bet","D07","ORNL","ORNL_004","S","distributed","deciduousForest",35.907947,-84.275213,"WGS84",20.2,296.1,0.2,"2015-05-12","2015-05-26","ORNL.2015.22",14,"Y","ORNL_004.S.20150526","Ok","Ok","Ok","NEON.DOC.014050vG","49LI6M3+jMtxRtYmbfgyO+9Rpwup30X0","used NEON. DOC.014050vF"
"7b429f88-7f03-43b7-92be-a84f54ec9334","ORNL_029.basePlot.bet","D07","ORNL","ORNL_029","S","distributed","evergreenForest",35.957646,-84.261838,"WGS84",20.1,272.5,0.2,"2015-05-12","2015-05-26","ORNL.2015.22",14,"Y","ORNL_029.S.20150526","Ok","Ok","Ok","NEON.DOC.014050vG","FII5NHkrIeQI4f+soqpivO/xVBSahwuJ","used NEON. DOC.014050vF"
"1931ba19-79a7-4377-8e08-8ed7c10ccfd6","ORNL_003.basePlot.bet","D07","ORNL","ORNL_003","S","distributed","deciduousForest",35.965869,-84.230640,"WGS84",20.2,262.0,0.3,"2015-05-12","2015-05-26","ORNL.2015.22",14,"Y","ORNL_003.S.20150526","Ok","Ok","Ok","NEON.DOC.014050vG","FII5NHkrIeQI4f+soqpivO/xVBSahwuJ","used NEON. DOC.014050vF"
"c23b6115-314a-4c08-9ca6-fbefd61e0dac","ORNL_006.basePlot.bet","D07","ORNL","ORNL_006","S","distributed","deciduousForest",35.938232,-84.323686,"WGS84",20.2,283.6,0.2,"2015-05-12","2015-05-26","ORNL.2015.22",14,"Y","ORNL_006.S.20150526","Ok","Ok","Ok","NEON.DOC.014050vG","49LI6M3+jMtxRtYmbfgyO+9Rpwup30X0","used NEON. DOC.014050vF"
"babf15b9-e8f7-4f3d-9499-a9ab94451f68","ORNL_021.basePlot.bet","D07","ORNL","ORNL_021","S","distributed","pastureHay",35.955641,-84.221347,"WGS84",20.1,277.6,0.1,"2015-05-12","2015-05-26","ORNL.2015.22",14,"Y","ORNL_021.S.20150526","Ok","Ok","Ok","NEON.DOC.014050vG","FII5NHkrIeQI4f+soqpivO/xVBSahwuJ","used NEON. DOC.014050vF"
"aff52b10-050d-4680-ae5f-8435fd48610c","ORNL_027.basePlot.bet","D07","ORNL","ORNL_027","S","distributed","evergreenForest",35.916311,-84.263280,"WGS84",20.3,245.6,0.3,"2015-05-12","2015-05-26","ORNL.2015.22",14,"Y","ORNL_027.S.20150526","Ok","Ok","Ok","NEON.DOC.014050vG","49LI6M3+jMtxRtYmbfgyO+9Rpwup30X0","used NEON. DOC.014050vF"
"80b8aa72-9b93-43e7-a44e-15cadefbd95a","ORNL_002.basePlot.bet","D07","ORNL","ORNL_002","S","distributed","deciduousForest",35.982205,-84.212754,"WGS84",20.2,306.9,0.4,"2015-05-12","2015-05-26","ORNL.2015.22",14,"Y","ORNL_002.S.20150526","Ok","Ok","Ok","NEON.DOC.014050vG","FII5NHkrIeQI4f+soqpivO/xVBSahwuJ","used NEON. DOC.014050vF"
"7af79028-556b-4076-bd64-eec380204538","ORNL_029.basePlot.bet","D07","ORNL","ORNL_029","W","distributed","evergreenForest",35.957646,-84.261838,"WGS84",20.1,272.5,0.2,"2015-05-12","2015-05-26","ORNL.2015.22",14,"Y","ORNL_029.W.20150526","Ok","Ok","Ok","NEON.DOC.014050vG","FII5NHkrIeQI4f+soqpivO/xVBSahwuJ","used NEON. DOC.014050vF"
"a4b33b71-2701-4f75-b9c8-77656515d660","ORNL_032.basePlot.bet","D07","ORNL","ORNL_032","W","distributed","evergreenForest",35.944516,-84.326492,"WGS84",20.2,263.1,0.2,"2015-05-12","2015-05-26","ORNL.2015.22",14,"Y","ORNL_032.W.20150526","Ok","Ok","Ok","NEON.DOC.014050vG","49LI6M3+jMtxRtYmbfgyO+9Rpwup30X0","used NEON. DOC.014050vF"
"b4c976c5-4a6e-4c2a-84cd-f99acbee9fc8","ORNL_002.basePlot.bet","D07","ORNL","ORNL_002","W","distributed","deciduousForest",35.982205,-84.212754,"WGS84",20.2,306.9,0.4,"2015-05-12","2015-05-26","ORNL.2015.22",14,"Y","ORNL_002.W.20150526","Ok","Ok","Ok","NEON.DOC.014050vG","FII5NHkrIeQI4f+soqpivO/xVBSahwuJ","used NEON. DOC.014050vF"
"5c9f02f9-5104-4ac2-bc26-82f47278f6be","ORNL_001.basePlot.bet","D07","ORNL","ORNL_001","W","distributed","deciduousForest",35.930250,-84.270110,"WGS84",20.2,244.6,0.3,"2015-05-12","2015-05-26","ORNL.2015.22",14,"Y","ORNL_001.W.20150526","Ok","Ok","Ok","NEON.DOC.014050vG","49LI6M3+jMtxRtYmbfgyO+9Rpwup30X0","used NEON. DOC.014050vF"
"a3d5d0b8-dff4-400a-a906-6ce5629be88d","ORNL_004.basePlot.bet","D07","ORNL","ORNL_004","W","distributed","deciduousForest",35.907947,-84.275213,"WGS84",20.2,296.1,0.2,"2015-05-12","2015-05-26","ORNL.2015.22",14,"Y","ORNL_004.W.20150526","Ok","Ok","Ok","NEON.DOC.014050vG","49LI6M3+jMtxRtYmbfgyO+9Rpwup30X0","used NEON. DOC.014050vF"
"7f27d633-31b3-4ae6-b954-725b481c20d2","ORNL_003.basePlot.bet","D07","ORNL","ORNL_003","W","distributed","deciduousForest",35.965869,-84.230640,"WGS84",20.2,262.0,0.3,"2015-05-12","2015-05-26","ORNL.2015.22",14,"Y","ORNL_003.W.20150526","Ok","Ok","Ok","NEON.DOC.014050vG","FII5NHkrIeQI4f+soqpivO/xVBSahwuJ","used NEON. DOC.014050vF"
"0fab7ec4-ce2a-421c-8202-0684b59c67a0","ORNL_027.basePlot.bet","D07","ORNL","ORNL_027","W","distributed","evergreenForest",35.916311,-84.263280,"WGS84",20.3,245.6,0.3,"2015-05-12","2015-05-26","ORNL.2015.22",14,"Y","ORNL_027.W.20150526","Ok","Ok","Ok","NEON.DOC.014050vG","49LI6M3+jMtxRtYmbfgyO+9Rpwup30X0","used NEON. DOC.014050vF"
"f308d46c-0f43-488f-8857-cc269ca78393","ORNL_006.basePlot.bet","D07","ORNL","ORNL_006","W","distributed","deciduousForest",35.938232,-84.323686,"WGS84",20.2,283.6,0.2,"2015-05-12","2015-05-26","ORNL.2015.22",14,"Y","ORNL_006.W.20150526","Ok","Ok","Ok","NEON.DOC.014050vG","49LI6M3+jMtxRtYmbfgyO+9Rpwup30X0","used NEON. DOC.014050vF"
"4d06b10a-a6b9-4e4f-9a53-2d8e8b1144be","ORNL_031.basePlot.bet","D07","ORNL","ORNL_031","W","distributed","pastureHay",35.948607,-84.221913,"WGS84",20.1,266.7,0.1,"2015-05-12","2015-05-26","ORNL.2015.22",14,"Y","ORNL_031.W.20150526","Ok","Ok","Ok","NEON.DOC.014050vG","FII5NHkrIeQI4f+soqpivO/xVBSahwuJ","used NEON. DOC.014050vF"
"a7dd1301-eaa6-4057-8756-e7b26b23fafb","ORNL_001.basePlot.bet","D07","ORNL","ORNL_001","E","distributed","deciduousForest",35.930250,-84.270110,"WGS84",20.2,244.6,0.3,"2015-05-12","2015-05-26","ORNL.2015.22",14,"Y","ORNL_001.E.20150526","Ok","Ok","Ok","NEON.DOC.014050vG","49LI6M3+jMtxRtYmbfgyO+9Rpwup30X0","used NEON. DOC.014050vF"
