uid,namedLocation,domainID,siteID,plotID,setDate,collectDate,processingDate,subsampleIDList,archiveVialID,scientificName,recordedBy,remarks
"c76a3f23-284c-41a9-b849-4652b30adbb1","WOOD_005.basePlot.bet","D09","WOOD","WOOD_005","2016-04-19","2016-05-03","2016-06-07","Q/pjwyhQ09ywR1kDd5yT8IIv8wW6fwSJxK4xSp/Jnw3h0e1Ob4Pe3llhCS8TSLyEPSEgZPV51uqSjEKQ0EKKHswP+ZoMvbC2o2osO0rnoQqVanCp9TMjohvi02nQY8cle3HdNyvzygU=","Q/pjwyhQ09zR8pBDt1leY0D2XGAWQvcA",,,
"a93bedf1-5969-4964-b21f-b7115104c267","WOOD_004.basePlot.bet","D09","WOOD","WOOD_004","2016-04-19","2016-05-03","2016-06-08","tVkCk1nh7tFFooaM7zk0txbZ96czigpYFs4Day23kH54z1Q4NfTzBe1FsI90JhqFPLOxFtzIjcqfC2wkhLkIrZMoPp6mN0DDQTZtZWkZ7nXI0XHVVv3/mRWZF+zxFW7gg0Bp8mdb7lY=","tVkCk1nh7tGW8xeG+YhRWZuNhMBOofG2",,,
"2fe61307-954e-4da6-955b-dc700d6a30d0","WOOD_003.basePlot.bet","D09","WOOD","WOOD_003","2016-04-19","2016-05-03","2016-06-08","gVhx7bcr2vP0GQmOLekH05YV8pESG8bwY1i62wBvkvX8vF4vwqYuR0GMdx4aAXaqhgfvQYb8oo/Q24Yrv+1H6VOGZD2oWuXijt9suH9iGtXwoNsVmSdKYvWJdxphnZkgr1CHsnISE5s=","gVhx7bcr2vMXQFMoE29fgmJAqKdwT89h",,,
"186f8112-48b0-4675-8ad9-a4c308e4012b","WOOD_001.basePlot.bet","D09","WOOD","WOOD_001","2016-04-19","2016-05-03","2016-06-08","vZVALStcGzdz4y2IznoRs6s86BgY2x+G0E3WxTcPP07cXsLy7k/yx24pnH2pNWeaAqplf4eWy00=","vZVALStcGzeLSytvuoib5vScvdp42c3V",,,
"399a74bc-ffc4-4790-9faa-017425333b72","WOOD_002.basePlot.bet","D09","WOOD","WOOD_002","2016-04-19","2016-05-03","2016-06-08","V7nyjIgYGmOkgAfbnP+oLXMzgY2ms3wkJdKWQA0jpRTSo/BpprlbFBDSvPhzPdpWMNd7jFcsc4FcXdfUP+LMq73pUwgptc34rNuNB/Y/F+0=","V7nyjIgYGmMe3LkjcZ6mr6q0BZbWFXCX",,,
"8402aa3e-4fb5-4d4f-8091-30fc2e8f54e5","WOOD_006.basePlot.bet","D09","WOOD","WOOD_006","2016-04-19","2016-05-03","2016-06-07","WY3Zl9EyMif/IJGDxuNnwx91Vzq4hZNx/OW04a7se9kFa3Q7FwteXf2N9AAMMzYihgDiZvWS2oKt6dz18IJaeVvUcXOkP8su3KAWYbPZQMGeeu298IHAmAl3ti6LjsrQgsMm+76IkSQ=","WY3Zl9EyMidvy/gjKWgBxx/JmbHRJ5eD",,,
"4bb6046c-2e2b-4a01-8554-4b964cb00daa","WOOD_007.basePlot.bet","D09","WOOD","WOOD_007","2016-04-19","2016-05-03","2016-06-08","5mkFtj0S+gglM0eGZKZQmns5u/srLTlepQ4SLfIZY4TQixcncoIwJUETcZQn3XK32JGTPcUr7/QXF4Ke4cZ4MId+YwnmE8Dxvf6pdWRWZgI=","5mkFtj0S+ggvG2w9vLtiJm+3F8mJjTTS",,,
"3e4a0d49-74d9-4a77-a8c4-ab58337705bb","WOOD_023.basePlot.bet","D09","WOOD","WOOD_023","2016-04-19","2016-05-03","2016-06-08","HkhQBNKo1QA6G0xE9fWjzp/iaSkGs5Ik4faO5qoyYODTekVc/KyWoLG9v+/W8aPsaPOAT4Sh1EbT1fUhl8Rp1CkD2+VEogryyUWy6i8L8X5D39O0gvbz+uZxeuuSCFmvrf7fDDrZVj0=","HkhQBNKo1QD/MroFLvNXoQSDRzLmVHN2",,,
"de32cc33-6334-40a8-ab58-29c262fd87a1","WOOD_024.basePlot.bet","D09","WOOD","WOOD_024","2016-04-19","2016-05-03","2016-06-07","rKE54NR9lxTdvfcS9G2kIy5l7FppHPLgK5jCa8C5TMXbpptmKIVRljYUwSvX7JddVj4e0qWiRfw=","rKE54NR9lxSvUPKyguKJWoY/wRHAsrpL",,,
"fc90430b-0282-4f5e-9d46-a484f674ff23","WOOD_001.basePlot.bet","D09","WOOD","WOOD_001","2016-04-19","2016-05-03","2016-06-08","vZVALStcGzds516ih4nnJx/zhd10Mv7sCkkc+hJm3Qxtrdp4XJdylSHWfx4//4GsXWRBtuySTc0=","vZVALStcGzeLSytvuoib5upQx1zCyIN6",,,
"92a1bbf2-a0cc-4fb6-8b33-8b4a5ad66fd6","WOOD_006.basePlot.bet","D09","WOOD","WOOD_006","2016-05-03","2016-05-17","2016-06-13","WY3Zl9EyMieoj4khHhECd5hFGwWcKYtkNSz02XOfBZDAlVzvaw5LOp2jj3wMTy17oBiiHEEPGXp5LYmnrAg8scm6EcXg8ATaHWQaYiVZ/rliF01WsKWd+zSGFsoz+R3Swxg4Ymk+9As=","WY3Zl9EyMifZ3IPZ3F3V0D7IPTt6/Oln",,,
"c2b98c6e-a50c-4688-b870-9da9889a283c","WOOD_023.basePlot.bet","D09","WOOD","WOOD_023","2016-05-03","2016-05-17","2016-06-09","HkhQBNKo1QA6G0xE9fWjzkjYTHS/5HvetEm4AQQkdbkEFvlTWj79s5uZ7E/KcizbuzK2eB57vFzwZQljFc54hFAIfIe3LUyArlXCLFm3tx4=","HkhQBNKo1QA6UXnOnnnvSKT15gfMCsfF",,,
"80968253-ad96-40ab-90de-8dae3d677772","WOOD_021.basePlot.bet","D09","WOOD","WOOD_021","2016-05-03","2016-05-17","2016-06-09","WrmnCoit36553sCGVHNVrSLk3o2eCOhEXYhP09JbQdDHFDeafOGH4cbUqH7cgKAwA93OVmNSba0=","WrmnCoit366ls6LkYDcuxbpPgoKYnqFU",,,
"85eb121b-90ed-4590-a431-2000129cb51b","WOOD_024.basePlot.bet","D09","WOOD","WOOD_024","2016-05-03","2016-05-17","2016-06-09","rKE54NR9lxTdvfcS9G2kIzu0z5OaiWsaGXD4vAjYHzsNI1mP13NrjTJp+JleWLmkamg0zOhoOwk=","rKE54NR9lxRdCIzaes4ozh7I7D8cBSz+",,,
"3da51533-0ef5-4cbf-a972-8a9be58ee838","WOOD_007.basePlot.bet","D09","WOOD","WOOD_007","2016-05-03","2016-05-17","2016-06-13","5mkFtj0S+gjgMilXB8Ym8+lI6gDDQ5o9ZWsmvsQUJFgZn4HJVr7/8PYm72j+DAtrjNAd2761v/15x++uXI0Aa0q4iBcKPp5x5nmdJ9TuW6GT5DXlKDofwe+FKlI/mSojY6Wqq5ecYTc=","5mkFtj0S+giA0RxfqsbDhYkwpImv22Jo",,,
"bfa3beef-970c-44ac-8630-d4ac46e3baaf","WOOD_005.basePlot.bet","D09","WOOD","WOOD_005","2016-05-03","2016-05-17","2016-06-09","Q/pjwyhQ09ywR1kDd5yT8IrkBaL5+TfxMoRYPWgAiw60MmLuM315hoj9OGw/MXAela79+meVcOsFYSlfX/FGuv9BD9o75qOyKuDMXZwgYYvsvKJqKC4g+mLdACXfxAY4WQCo6uDL/7I=","Q/pjwyhQ09zZAkJ1p/zGwxLTA+JY0g04",,,
"d34124db-f945-4573-9090-5aa64d1d3f8a","WOOD_002.basePlot.bet","D09","WOOD","WOOD_002","2016-05-03","2016-05-17","2016-06-09","V7nyjIgYGmP5B9p04JjKhRIyzSPvKGozTgAcWmoqR6glRTb6Wzu6Tf6zaRD2CVYUnSbSRKe7fMI=","V7nyjIgYGmNrjWc1Y+7ylB3Znxz5z3Lv",,,
"82a0fad1-311f-4eca-ab81-4f4cc7a8c72f","WOOD_002.basePlot.bet","D09","WOOD","WOOD_002","2016-05-03","2016-05-17","2016-06-09","V7nyjIgYGmO29f/koDQ0GMTItF4RSNqkqYCppb0Gb49Y/BVgGy9Sqh3PoJhw6fkXbibjNmQzm8I=","V7nyjIgYGmNrjWc1Y+7ylPNHYm3PLmH5",,,
"d5c6da65-d782-4240-97c8-b9f56e8342c2","WOOD_001.basePlot.bet","D09","WOOD","WOOD_001","2016-05-03","2016-05-17","2016-06-13","vZVALStcGzdz4y2IznoRs2xAh2dw+ZIzngCxrqZmaZIzHkf2LHhf7sYKMGZtt/JdJVI5QW3k4XI=","vZVALStcGzePaDmFXlWB7iI8Du4SmirM",,,
"379cddb4-61e8-4485-906e-fa82884b6d05","WOOD_001.basePlot.bet","D09","WOOD","WOOD_001","2016-05-03","2016-05-17","2016-06-13","vZVALStcGzd1xVsXXKqXnvzXDS3u9y06giLx9zsKadMv5J85tTlNfLLFEwIek9Vp1umaKcLBgXA=","vZVALStcGzePaDmFXlWB7uUtpMSSRvzG",,,
"8da4d253-301f-45b9-b8b7-bafd5970f1a0","WOOD_003.basePlot.bet","D09","WOOD","WOOD_003","2016-05-03","2016-05-17","2016-06-09","gVhx7bcr2vNcGoSx/vPfHr2SONtYaIU1f6VRmCjAllARFOxend1gIAtU0eLCBoeH9vQXI3udULWJ4Q/asPMJQWFGGDfSwXK5WVuuTZ1/Wf6unHcPDtbzqAhhFYtOYOrQ/txrTv1Q3kQ=","gVhx7bcr2vMMhCB3clWOW2od1WDRGiGi",,,
"57e64f4c-7446-4d44-bba1-f1943ca80fc0","WOOD_004.basePlot.bet","D09","WOOD","WOOD_004","2016-05-03","2016-05-17","2016-06-09","tVkCk1nh7tF8ARaTAoYjzF3aBGoAhFdC392JHVxPz72XmanMsNlChdTkM9jTCiK4ufGKtUW+e36r5hdoYjlakKZTeQ6FQpIdUDIvwNsUNBs=","tVkCk1nh7tEU9zSeJ962BmW+GiB038jK",,,
"4e75ce97-8bbe-4b58-949f-80b501e6add8","WOOD_002.basePlot.bet","D09","WOOD","WOOD_002","2016-05-17","2016-05-31","2016-06-14","V7nyjIgYGmO29f/koDQ0GANxtNIn6gAPXFEawOoJ9EsMvSndzTAWVzXl5xpzfrEX3Uy4uUrShQ0xzSAzsTTIheKD8f0Miy42v2ysbl1QDGAipyDkeFA4V2Bvi7ELjY1yaWak7Xlv6JY=","V7nyjIgYGmPb2mDrf3gPBQW0NjC7eXS2",,,
"b05c753d-05dd-4bd9-b1e8-2dc29cb406ed","WOOD_003.basePlot.bet","D09","WOOD","WOOD_003","2016-05-17","2016-05-31","2016-06-14","gVhx7bcr2vMLwCvpG04krLaeEtugXcVftZs13eSFZ+wCJYN8bj4v2jpjJB7QALvcPYRpP7UXTMv93o3uIgRXQ/5/CPWeavIgptgWRLKfxpLjS8O+bADu1/bmOVY5Loxtlx/afjSQqQ0=","gVhx7bcr2vMKdJNsX6FLG0GdaL4Uv/RJ",,,
"feae7664-c3be-4e2b-8681-a393efdcb5e5","WOOD_004.basePlot.bet","D09","WOOD","WOOD_004","2016-05-17","2016-05-31","2016-06-15","tVkCk1nh7tFeiuKeCyWa1bB4GyFqfsrPqLE23AW5oqldsCIaFISOeCkFhS9ByrtJUkb46IRtffLimf5gfPQmfFlCgWvrPnyMCK8Rzk6XEbtulAD3JxSqra0Z96ABHNqLaYD0Ny/v+bA=","tVkCk1nh7tEmTAwKgYUMTFB/DfshMfY0",,,
"de46df29-1944-40fe-a1fe-264c999aece9","WOOD_021.basePlot.bet","D09","WOOD","WOOD_021","2016-05-17","2016-05-31","2016-06-14","WrmnCoit367f1YNlC6ocU7YAvbWJQ43vRYEX7MKCtZiCDkLgiP4CB7UQ4HADS/RCwO5mWyE1QPY=","WrmnCoit366FFjsWF4uQGdrZJeMtLXic",,,
"3653f2ed-d89a-4481-834f-e7b40a76b893","WOOD_001.basePlot.bet","D09","WOOD","WOOD_001","2016-05-17","2016-05-31","2016-06-15","vZVALStcGzdz4y2IznoRs8g+cI++Th4f1WopZ+ol61faZXE/KyuDJF1JfBKpC/IOANTIcDhZGqWDl1aklAI1GzGLD2FGkltaJFHtjYUYOGDsG5pWP3G74Opwbxhk2IcIabcDoOO7nZg=","vZVALStcGzeuxoc25r2kZK4L2507WLEB",,,
"c7264fa6-eb51-464a-83bd-a4cc7d860a63","WOOD_007.basePlot.bet","D09","WOOD","WOOD_007","2016-05-17","2016-05-31","2016-06-14","5mkFtj0S+gjgMilXB8Ym8zy1YooL6Y2dzTD1nvV4k7qgnKrNuWMz01Os8GbKVZnHqILwHj3xP+o02XNIZE52YDWB2pqEvqkt//deLzcVs31cZND79Ty2x44Qfsvly6eZhQQwP0bBOIU=","5mkFtj0S+gi3QdvpF31qmr29f7OZp9xq",,,
"c9d7d121-c491-4be1-9d51-42e0525c15a7","WOOD_024.basePlot.bet","D09","WOOD","WOOD_024","2016-05-17","2016-05-31","2016-06-14","rKE54NR9lxT73oKNfqFsDsH1FZxxktlo+CIIBlwUyfhUZLUljuD3U0YeRRCgNL/oVAXH/2IVLmo=","rKE54NR9lxQ/MAcEu0lVE5khnbZL8Wnh",,,
"c8f49092-f759-45a0-86d6-d63ff5c8b4c1","WOOD_006.basePlot.bet","D09","WOOD","WOOD_006","2016-05-17","2016-05-31","2016-06-13","WY3Zl9EyMif/IJGDxuNnwxX3sOpkDLUUO6K69dI1zpNGw3hxw2fNSLU3CevT1yH23x5SeVEMEz4CKL/KoWaki7Z2Ti7BelXBmiVmNJSsAmoKFD3uxg66mvW1kuedj29oywG4HTi5T0s=","WY3Zl9EyMicfP0Y1q9GFk8xP2BY+6q7n",,,
"739d5b75-0d46-4708-a1fe-25ebf2b0902f","WOOD_005.basePlot.bet","D09","WOOD","WOOD_005","2016-05-17","2016-05-31","2016-06-15","Q/pjwyhQ09xczQLzwK++6dMgEbyM+rejBvJDtUNWwi13GAYqjyjSEfUwINBLz9S4i243dytWR2TelDb4Hv8FCIXQhDVYr8UX/tH3eiGWobM=","Q/pjwyhQ09wFxYcpBTPpnb102Tv6zKpQ",,,
"3124352f-5eec-4c0f-b90d-5611b3e01bcf","WOOD_023.basePlot.bet","D09","WOOD","WOOD_023","2016-05-17","2016-05-31","2016-06-15","HkhQBNKo1QAHr+vKmzMBkjkyC/XQNLWeY56/7EAmKniYU87b3mDFNMD1hqVCFWyXWIKBZYm84ursJ0fxZF+QZLI/IZuDDNJbaunC4i29e+I=","HkhQBNKo1QDlG2B5dkDpVfZWyPuCqt7Q",,,
