uid,namedLocation,domainID,siteID,plotID,trapID,plotType,nlcdClass,decimalLatitude,decimalLongitude,geodeticDatum,coordinateUncertainty,elevation,elevationUncertainty,setDate,collectDate,eventID,daysOfTrapping,sampleCollected,sampleID,cupStatus,lidStatus,fluidLevel,samplingProtocolVersion,recordedBy,remarks
"85431f53-3b65-48c5-bea8-5bb3bcd721aa","WOOD_006.basePlot.bet","D09","WOOD","WOOD_006","E","distributed","grasslandHerbaceous",47.142318,-99.247173,"WGS84",20.1,590.3,0.2,"2016-04-19","2016-05-03","WOOD.2016.18",14,"Y","WOOD_006.E.20160503","Ok","Ok","Ok","NEON.DOC.014050vH","49AT3csB7SNH9c2JnAOTHYMNXNZpKUYr",
"7a549199-bb37-427c-ba0b-3ea715904f01","WOOD_002.basePlot.bet","D09","WOOD","WOOD_002","W","distributed","grasslandHerbaceous",47.136134,-99.232896,"WGS84",20.1,573.6,0.2,"2016-04-19","2016-05-03","WOOD.2016.18",14,"Y","WOOD_002.W.20160503","Ok","Ok","Ok","NEON.DOC.014050vH","49AT3csB7SNH9c2JnAOTHYMNXNZpKUYr",
"f5f24dc4-f0cf-4be6-adad-089999aed8ea","WOOD_003.basePlot.bet","D09","WOOD","WOOD_003","E","distributed","grasslandHerbaceous",47.118581,-99.239944,"WGS84",20.1,585.7,0.2,"2016-04-19","2016-05-03","WOOD.2016.18",14,"Y","WOOD_003.E.20160503","Ok","Ok","Ok","NEON.DOC.014050vH","49AT3csB7SNH9c2JnAOTHYMNXNZpKUYr",
"f5f80e9f-d583-4723-8380-42e6fd5ec74a","WOOD_021.basePlot.bet","D09","WOOD","WOOD_021","E","distributed","emergentHerbaceousWetlands",47.146637,-99.247579,"WGS84",20.1,585.3,0.2,"2016-04-19","2016-05-03","WOOD.2016.18",14,"Y","WOOD_021.E.20160503","Ok","Ok","Ok","NEON.DOC.014050vH","49AT3csB7SNH9c2JnAOTHYMNXNZpKUYr","North cup installed. South and west cups were not set."
"5e06c519-3926-4641-abf8-3dcbeb035b23","WOOD_002.basePlot.bet","D09","WOOD","WOOD_002","E","distributed","grasslandHerbaceous",47.136134,-99.232896,"WGS84",20.1,573.6,0.2,"2016-04-19","2016-05-03","WOOD.2016.18",14,"Y","WOOD_002.E.20160503","Ok","Ok","Ok","NEON.DOC.014050vH","49AT3csB7SNH9c2JnAOTHYMNXNZpKUYr",
"7acd491e-236f-42f7-bfea-67fb186f4c87","WOOD_023.basePlot.bet","D09","WOOD","WOOD_023","E","distributed","emergentHerbaceousWetlands",47.130118,-99.267270,"WGS84",20.1,604.1,0.1,"2016-04-19","2016-05-03","WOOD.2016.18",14,"Y","WOOD_023.E.20160503","Ok","Ok","Ok","NEON.DOC.014050vH","49AT3csB7SNH9c2JnAOTHYMNXNZpKUYr",
"015fe192-b381-401f-8dc0-bf76eb64f5d6","WOOD_001.basePlot.bet","D09","WOOD","WOOD_001","E","distributed","grasslandHerbaceous",47.128258,-99.257768,"WGS84",20.2,596.3,0.2,"2016-04-19","2016-05-03","WOOD.2016.18",14,"Y","WOOD_001.E.20160503","Ok","Ok","Ok","NEON.DOC.014050vH","49AT3csB7SNH9c2JnAOTHYMNXNZpKUYr",
"1d6a13d4-2bb1-4ad5-9836-0a19bd2c7e81","WOOD_005.basePlot.bet","D09","WOOD","WOOD_005","E","distributed","grasslandHerbaceous",47.149339,-99.251928,"WGS84",20.1,590.3,0.2,"2016-04-19","2016-05-03","WOOD.2016.18",14,"Y","WOOD_005.E.20160503","Ok","Ok","Ok","NEON.DOC.014050vH","49AT3csB7SNH9c2JnAOTHYMNXNZpKUYr",
"ebffd680-82dd-4d01-a07a-c01f5f8b6c63","WOOD_007.basePlot.bet","D09","WOOD","WOOD_007","E","distributed","grasslandHerbaceous",47.134755,-99.249895,"WGS84",20.1,594.7,0.1,"2016-04-19","2016-05-03","WOOD.2016.18",14,"Y","WOOD_007.E.20160503","Ok","Ok","Ok","NEON.DOC.014050vH","49AT3csB7SNH9c2JnAOTHYMNXNZpKUYr",
"5747f1d0-cf99-4b2d-81ef-bbf84f1237d4","WOOD_002.basePlot.bet","D09","WOOD","WOOD_002","N","distributed","grasslandHerbaceous",47.136134,-99.232896,"WGS84",20.1,573.6,0.2,"2016-04-19","2016-05-03","WOOD.2016.18",14,"Y","WOOD_002.N.20160503","Ok","Ok","Ok","NEON.DOC.014050vH","49AT3csB7SNH9c2JnAOTHYMNXNZpKUYr",
"8c2b6c6d-cb69-4b1d-bcb4-06287dfcbae4","WOOD_006.basePlot.bet","D09","WOOD","WOOD_006","N","distributed","grasslandHerbaceous",47.142318,-99.247173,"WGS84",20.1,590.3,0.2,"2016-04-19","2016-05-03","WOOD.2016.18",14,"Y","WOOD_006.N.20160503","Ok","Ok","Ok","NEON.DOC.014050vH","49AT3csB7SNH9c2JnAOTHYMNXNZpKUYr",
"02c2a10b-1858-46fa-80b1-bc988f96d307","WOOD_004.basePlot.bet","D09","WOOD","WOOD_004","N","distributed","grasslandHerbaceous",47.125840,-99.253801,"WGS84",20.1,594.1,0.2,"2016-04-19","2016-05-03","WOOD.2016.18",14,"Y","WOOD_004.N.20160503","Ok","Ok","Ok","NEON.DOC.014050vH","49AT3csB7SNH9c2JnAOTHYMNXNZpKUYr",
"ff8eabcd-341d-4ed4-a623-253a84faf777","WOOD_023.basePlot.bet","D09","WOOD","WOOD_023","N","distributed","emergentHerbaceousWetlands",47.130118,-99.267270,"WGS84",20.1,604.1,0.1,"2016-04-19","2016-05-03","WOOD.2016.18",14,"Y","WOOD_023.N.20160503","Ok","Ok","Ok","NEON.DOC.014050vH","49AT3csB7SNH9c2JnAOTHYMNXNZpKUYr",
"4b5286dd-21e4-4753-84bd-acf6c9564ca1","WOOD_003.basePlot.bet","D09","WOOD","WOOD_003","N","distributed","grasslandHerbaceous",47.118581,-99.239944,"WGS84",20.1,585.7,0.2,"2016-04-19","2016-05-03","WOOD.2016.18",14,"Y","WOOD_003.N.20160503","Ok","Ok","Ok","NEON.DOC.014050vH","49AT3csB7SNH9c2JnAOTHYMNXNZpKUYr",
"d2501bae-c999-4eb0-811c-3c1c88d8d691","WOOD_007.basePlot.bet","D09","WOOD","WOOD_007","N","distributed","grasslandHerbaceous",47.134755,-99.249895,"WGS84",20.1,594.7,0.1,"2016-04-19","2016-05-03","WOOD.2016.18",14,"Y","WOOD_007.N.20160503","Ok","Ok","Ok","NEON.DOC.014050vH","49AT3csB7SNH9c2JnAOTHYMNXNZpKUYr",
"d383b692-63a4-4f9e-bb84-c239d3098147","WOOD_024.basePlot.bet","D09","WOOD","WOOD_024","N","distributed","emergentHerbaceousWetlands",47.151171,-99.262648,"WGS84",20.1,586.6,0.2,"2016-04-19","2016-05-03","WOOD.2016.18",14,"Y","WOOD_024.N.20160503","Ok","Ok","Ok","NEON.DOC.014050vH","49AT3csB7SNH9c2JnAOTHYMNXNZpKUYr","South and East traps were not set."
"96e12b5e-4005-496c-9706-0e3c8cf7c6c2","WOOD_005.basePlot.bet","D09","WOOD","WOOD_005","N","distributed","grasslandHerbaceous",47.149339,-99.251928,"WGS84",20.1,590.3,0.2,"2016-04-19","2016-05-03","WOOD.2016.18",14,"Y","WOOD_005.N.20160503","Ok","Ok","Ok","NEON.DOC.014050vH","49AT3csB7SNH9c2JnAOTHYMNXNZpKUYr",
"79e190b9-a592-4d31-b1b1-fe7767bad2d3","WOOD_001.basePlot.bet","D09","WOOD","WOOD_001","N","distributed","grasslandHerbaceous",47.128258,-99.257768,"WGS84",20.2,596.3,0.2,"2016-04-19","2016-05-03","WOOD.2016.18",14,"Y","WOOD_001.N.20160503","Ok","Ok","Ok","NEON.DOC.014050vH","49AT3csB7SNH9c2JnAOTHYMNXNZpKUYr",
"2bd63302-9d93-4c13-801e-3ff08e67e5f4","WOOD_004.basePlot.bet","D09","WOOD","WOOD_004","S","distributed","grasslandHerbaceous",47.125840,-99.253801,"WGS84",20.1,594.1,0.2,"2016-04-19","2016-05-03","WOOD.2016.18",14,"Y","WOOD_004.S.20160503","Ok","Ok","Ok","NEON.DOC.014050vH","49AT3csB7SNH9c2JnAOTHYMNXNZpKUYr",
"d641d76e-6d7c-42d6-9954-42cf82786726","WOOD_023.basePlot.bet","D09","WOOD","WOOD_023","S","distributed","emergentHerbaceousWetlands",47.130118,-99.267270,"WGS84",20.1,604.1,0.1,"2016-04-19","2016-05-03","WOOD.2016.18",14,"Y","WOOD_023.S.20160503","Ok","Ok","Ok","NEON.DOC.014050vH","49AT3csB7SNH9c2JnAOTHYMNXNZpKUYr",
"b745d73c-9485-4f4d-912f-a236729367cd","WOOD_003.basePlot.bet","D09","WOOD","WOOD_003","S","distributed","grasslandHerbaceous",47.118581,-99.239944,"WGS84",20.1,585.7,0.2,"2016-04-19","2016-05-03","WOOD.2016.18",14,"Y","WOOD_003.S.20160503","Ok","Ok","Ok","NEON.DOC.014050vH","49AT3csB7SNH9c2JnAOTHYMNXNZpKUYr",
"05807009-0e7f-4ae5-8fc8-b6e486a7226a","WOOD_005.basePlot.bet","D09","WOOD","WOOD_005","S","distributed","grasslandHerbaceous",47.149339,-99.251928,"WGS84",20.1,590.3,0.2,"2016-04-19","2016-05-03","WOOD.2016.18",14,"Y","WOOD_005.S.20160503","Ok","Ok","Ok","NEON.DOC.014050vH","49AT3csB7SNH9c2JnAOTHYMNXNZpKUYr",
"59e97811-8ee4-4986-89c2-107fa421d22b","WOOD_007.basePlot.bet","D09","WOOD","WOOD_007","S","distributed","grasslandHerbaceous",47.134755,-99.249895,"WGS84",20.1,594.7,0.1,"2016-04-19","2016-05-03","WOOD.2016.18",14,"Y","WOOD_007.S.20160503","Ok","Ok","Ok","NEON.DOC.014050vH","49AT3csB7SNH9c2JnAOTHYMNXNZpKUYr",
"62bfd9ff-b1ef-44fc-a903-9b371b9605fa","WOOD_002.basePlot.bet","D09","WOOD","WOOD_002","S","distributed","grasslandHerbaceous",47.136134,-99.232896,"WGS84",20.1,573.6,0.2,"2016-04-19","2016-05-03","WOOD.2016.18",14,"Y","WOOD_002.S.20160503","Ok","Ok","Ok","NEON.DOC.014050vH","49AT3csB7SNH9c2JnAOTHYMNXNZpKUYr",
"e6175f46-17a2-4da0-8b06-e50acc70137c","WOOD_001.basePlot.bet","D09","WOOD","WOOD_001","S","distributed","grasslandHerbaceous",47.128258,-99.257768,"WGS84",20.2,596.3,0.2,"2016-04-19","2016-05-03","WOOD.2016.18",14,"Y","WOOD_001.S.20160503","Ok","Ok","Ok","NEON.DOC.014050vH","49AT3csB7SNH9c2JnAOTHYMNXNZpKUYr",
"a4640e34-e30c-428a-b741-23452d03a859","WOOD_006.basePlot.bet","D09","WOOD","WOOD_006","S","distributed","grasslandHerbaceous",47.142318,-99.247173,"WGS84",20.1,590.3,0.2,"2016-04-19","2016-05-03","WOOD.2016.18",14,"Y","WOOD_006.S.20160503","Ok","Ok","Ok","NEON.DOC.014050vH","49AT3csB7SNH9c2JnAOTHYMNXNZpKUYr",
"24e0ffb6-2cc5-4868-bf0e-9657c1f12875","WOOD_004.basePlot.bet","D09","WOOD","WOOD_004","W","distributed","grasslandHerbaceous",47.125840,-99.253801,"WGS84",20.1,594.1,0.2,"2016-04-19","2016-05-03","WOOD.2016.18",14,"Y","WOOD_004.W.20160503","Ok","Ok","Ok","NEON.DOC.014050vH","49AT3csB7SNH9c2JnAOTHYMNXNZpKUYr",
"feba8db8-1622-4af3-ad22-98d6997f487e","WOOD_006.basePlot.bet","D09","WOOD","WOOD_006","W","distributed","grasslandHerbaceous",47.142318,-99.247173,"WGS84",20.1,590.3,0.2,"2016-04-19","2016-05-03","WOOD.2016.18",14,"Y","WOOD_006.W.20160503","Ok","Ok","Ok","NEON.DOC.014050vH","49AT3csB7SNH9c2JnAOTHYMNXNZpKUYr",
"c61d4cd4-bd51-4260-b2bc-ba0ff2f18b86","WOOD_023.basePlot.bet","D09","WOOD","WOOD_023","W","distributed","emergentHerbaceousWetlands",47.130118,-99.267270,"WGS84",20.1,604.1,0.1,"2016-04-19","2016-05-03","WOOD.2016.18",14,"Y","WOOD_023.W.20160503","Ok","Ok","Ok","NEON.DOC.014050vH","49AT3csB7SNH9c2JnAOTHYMNXNZpKUYr",
"2d36346e-6cf3-4e91-bb03-c6bfbb6a1ba2","WOOD_003.basePlot.bet","D09","WOOD","WOOD_003","W","distributed","grasslandHerbaceous",47.118581,-99.239944,"WGS84",20.1,585.7,0.2,"2016-04-19","2016-05-03","WOOD.2016.18",14,"Y","WOOD_003.W.20160503","Ok","Ok","Ok","NEON.DOC.014050vH","49AT3csB7SNH9c2JnAOTHYMNXNZpKUYr",
"315916a0-7fd4-417a-bb11-64f0359eabcc","WOOD_005.basePlot.bet","D09","WOOD","WOOD_005","W","distributed","grasslandHerbaceous",47.149339,-99.251928,"WGS84",20.1,590.3,0.2,"2016-04-19","2016-05-03","WOOD.2016.18",14,"Y","WOOD_005.W.20160503","Ok","Ok","Ok","NEON.DOC.014050vH","49AT3csB7SNH9c2JnAOTHYMNXNZpKUYr",
"a321212c-86d9-4d65-9901-73bd8419cb62","WOOD_007.basePlot.bet","D09","WOOD","WOOD_007","W","distributed","grasslandHerbaceous",47.134755,-99.249895,"WGS84",20.1,594.7,0.1,"2016-04-19","2016-05-03","WOOD.2016.18",14,"Y","WOOD_007.W.20160503","Ok","Ok","Ok","NEON.DOC.014050vH","49AT3csB7SNH9c2JnAOTHYMNXNZpKUYr",
"d9af8aba-5e2f-4ea6-8464-651aee81ea0b","WOOD_001.basePlot.bet","D09","WOOD","WOOD_001","W","distributed","grasslandHerbaceous",47.128258,-99.257768,"WGS84",20.2,596.3,0.2,"2016-04-19","2016-05-03","WOOD.2016.18",14,"Y","WOOD_001.W.20160503","Ok","Ok","Ok","NEON.DOC.014050vH","49AT3csB7SNH9c2JnAOTHYMNXNZpKUYr",
"b8df57fe-e6d1-49db-bae0-a4f235f78ffc","WOOD_024.basePlot.bet","D09","WOOD","WOOD_024","W","distributed","emergentHerbaceousWetlands",47.151171,-99.262648,"WGS84",20.1,586.6,0.2,"2016-04-19","2016-05-03","WOOD.2016.18",14,"Y","WOOD_024.W.20160503","Ok","Ok","Ok","NEON.DOC.014050vH","49AT3csB7SNH9c2JnAOTHYMNXNZpKUYr",
"933778b4-699f-4d49-9e2b-f169327b78e7","WOOD_004.basePlot.bet","D09","WOOD","WOOD_004","E","distributed","grasslandHerbaceous",47.125840,-99.253801,"WGS84",20.1,594.1,0.2,"2016-04-19","2016-05-03","WOOD.2016.18",14,"Y","WOOD_004.E.20160503","Ok","Ok","Ok","NEON.DOC.014050vH","49AT3csB7SNH9c2JnAOTHYMNXNZpKUYr",
"b1aa081b-f65a-4cbb-9183-d37a1902aa02","WOOD_003.basePlot.bet","D09","WOOD","WOOD_003","W","distributed","grasslandHerbaceous",47.118581,-99.239944,"WGS84",20.1,585.7,0.2,"2016-05-03","2016-05-17","WOOD.2016.20",14,"Y","WOOD_003.W.20160517","Ok","Ok","Ok","NEON.DOC.014050vH","49AT3csB7SNH9c2JnAOTHYMNXNZpKUYr",
"1e1dd297-8a8a-4b9c-bcda-53b7d7d609b2","WOOD_023.basePlot.bet","D09","WOOD","WOOD_023","W","distributed","emergentHerbaceousWetlands",47.130118,-99.267270,"WGS84",20.1,604.1,0.1,"2016-05-03","2016-05-17","WOOD.2016.20",14,"Y","WOOD_023.W.20160517","Ok","Ok","Ok","NEON.DOC.014050vH","49AT3csB7SNH9c2JnAOTHYMNXNZpKUYr",
"eb719fab-49b2-4e5f-93e0-252f248a8efa","WOOD_004.basePlot.bet","D09","WOOD","WOOD_004","W","distributed","grasslandHerbaceous",47.125840,-99.253801,"WGS84",20.1,594.1,0.2,"2016-05-03","2016-05-17","WOOD.2016.20",14,"Y","WOOD_004.W.20160517","Ok","Ok","Ok","NEON.DOC.014050vH","49AT3csB7SNH9c2JnAOTHYMNXNZpKUYr",
"0e2c839e-39c6-4f9f-badd-d9a10b550e8e","WOOD_007.basePlot.bet","D09","WOOD","WOOD_007","W","distributed","grasslandHerbaceous",47.134755,-99.249895,"WGS84",20.1,594.7,0.1,"2016-05-03","2016-05-17","WOOD.2016.20",14,"Y","WOOD_007.W.20160517","Ok","Ok","Ok","NEON.DOC.014050vH","49AT3csB7SNH9c2JnAOTHYMNXNZpKUYr",
"fff092d8-3178-4686-b9c3-61f09902ba00","WOOD_024.basePlot.bet","D09","WOOD","WOOD_024","W","distributed","emergentHerbaceousWetlands",47.151171,-99.262648,"WGS84",20.1,586.6,0.2,"2016-05-03","2016-05-17","WOOD.2016.20",14,"Y","WOOD_024.W.20160517","Ok","Ok","Ok","NEON.DOC.014050vH","Y5z6Fmrws3jA1BVsC0w+H9mBsn34g2gg",
"e6d8f789-1e36-4e32-832b-81fbd986ab32","WOOD_002.basePlot.bet","D09","WOOD","WOOD_002","W","distributed","grasslandHerbaceous",47.136134,-99.232896,"WGS84",20.1,573.6,0.2,"2016-05-03","2016-05-17","WOOD.2016.20",14,"Y","WOOD_002.W.20160517","Ok","Ok","Ok","NEON.DOC.014050vH","Y5z6Fmrws3jA1BVsC0w+H9mBsn34g2gg",
"18416203-e95b-4509-9a10-92f81837884a","WOOD_005.basePlot.bet","D09","WOOD","WOOD_005","W","distributed","grasslandHerbaceous",47.149339,-99.251928,"WGS84",20.1,590.3,0.2,"2016-05-03","2016-05-17","WOOD.2016.20",14,"Y","WOOD_005.W.20160517","Ok","Ok","Ok","NEON.DOC.014050vH","Y5z6Fmrws3jA1BVsC0w+H9mBsn34g2gg",
"16a72ad7-99ce-4f93-ae2a-3239caff9768","WOOD_001.basePlot.bet","D09","WOOD","WOOD_001","W","distributed","grasslandHerbaceous",47.128258,-99.257768,"WGS84",20.2,596.3,0.2,"2016-05-03","2016-05-17","WOOD.2016.20",14,"Y","WOOD_001.W.20160517","Ok","Ok","Ok","NEON.DOC.014050vH","49AT3csB7SNH9c2JnAOTHYMNXNZpKUYr",
"ae44500c-f950-40ab-ad29-6fb95df7be29","WOOD_006.basePlot.bet","D09","WOOD","WOOD_006","E","distributed","grasslandHerbaceous",47.142318,-99.247173,"WGS84",20.1,590.3,0.2,"2016-05-03","2016-05-17","WOOD.2016.20",14,"Y","WOOD_006.E.20160517","Ok","Ok","Ok","NEON.DOC.014050vH","49AT3csB7SNH9c2JnAOTHYMNXNZpKUYr",
"21167c3f-9b61-4b72-9041-96a3d3133ae5","WOOD_005.basePlot.bet","D09","WOOD","WOOD_005","E","distributed","grasslandHerbaceous",47.149339,-99.251928,"WGS84",20.1,590.3,0.2,"2016-05-03","2016-05-17","WOOD.2016.20",14,"Y","WOOD_005.E.20160517","Ok","Ok","Ok","NEON.DOC.014050vH","Y5z6Fmrws3jA1BVsC0w+H9mBsn34g2gg",
"ed0dec31-56ac-40ca-a1af-abc91e68b8f3","WOOD_001.basePlot.bet","D09","WOOD","WOOD_001","E","distributed","grasslandHerbaceous",47.128258,-99.257768,"WGS84",20.2,596.3,0.2,"2016-05-03","2016-05-17","WOOD.2016.20",14,"Y","WOOD_001.E.20160517","Ok","Ok","Ok","NEON.DOC.014050vH","49AT3csB7SNH9c2JnAOTHYMNXNZpKUYr",
"cf05b476-5c26-423e-8672-8deb1c4cc663","WOOD_002.basePlot.bet","D09","WOOD","WOOD_002","E","distributed","grasslandHerbaceous",47.136134,-99.232896,"WGS84",20.1,573.6,0.2,"2016-05-03","2016-05-17","WOOD.2016.20",14,"Y","WOOD_002.E.20160517","Ok","Ok","Ok","NEON.DOC.014050vH","Y5z6Fmrws3jA1BVsC0w+H9mBsn34g2gg",
"6eb9afb8-1ad2-4218-9cad-e7d164a57165","WOOD_004.basePlot.bet","D09","WOOD","WOOD_004","E","distributed","grasslandHerbaceous",47.125840,-99.253801,"WGS84",20.1,594.1,0.2,"2016-05-03","2016-05-17","WOOD.2016.20",14,"Y","WOOD_004.E.20160517","Ok","Ok","Ok","NEON.DOC.014050vH","49AT3csB7SNH9c2JnAOTHYMNXNZpKUYr",
"f3a46ba6-e07a-46d4-94b8-0fe9fed73655","WOOD_023.basePlot.bet","D09","WOOD","WOOD_023","E","distributed","emergentHerbaceousWetlands",47.130118,-99.267270,"WGS84",20.1,604.1,0.1,"2016-05-03","2016-05-17","WOOD.2016.20",14,"Y","WOOD_023.E.20160517","Ok","Ok","Ok","NEON.DOC.014050vH","49AT3csB7SNH9c2JnAOTHYMNXNZpKUYr",
"9bb56ee2-fa4e-4a0a-911f-12f491e7963a","WOOD_003.basePlot.bet","D09","WOOD","WOOD_003","E","distributed","grasslandHerbaceous",47.118581,-99.239944,"WGS84",20.1,585.7,0.2,"2016-05-03","2016-05-17","WOOD.2016.20",14,"Y","WOOD_003.E.20160517","Ok","Ok","Ok","NEON.DOC.014050vH","49AT3csB7SNH9c2JnAOTHYMNXNZpKUYr",
"55639ece-c870-4eca-b90a-e8f7575c542e","WOOD_021.basePlot.bet","D09","WOOD","WOOD_021","E","distributed","emergentHerbaceousWetlands",47.146637,-99.247579,"WGS84",20.1,585.3,0.2,"2016-05-03","2016-05-17","WOOD.2016.20",14,"Y","WOOD_021.E.20160517","Ok","Ok","Ok","NEON.DOC.014050vH","Y5z6Fmrws3jA1BVsC0w+H9mBsn34g2gg","E cup had mud in bottom cup cleaned out and reset. South and West cups were not installed| no data collected."
"5c4e9516-58e6-4cac-8c0f-b5b772baa215","WOOD_007.basePlot.bet","D09","WOOD","WOOD_007","E","distributed","grasslandHerbaceous",47.134755,-99.249895,"WGS84",20.1,594.7,0.1,"2016-05-03","2016-05-17","WOOD.2016.20",14,"Y","WOOD_007.E.20160517","Ok","Ok","Ok","NEON.DOC.014050vH","49AT3csB7SNH9c2JnAOTHYMNXNZpKUYr",
"247544e7-1433-4298-99dd-affd1e493fb8","WOOD_004.basePlot.bet","D09","WOOD","WOOD_004","N","distributed","grasslandHerbaceous",47.125840,-99.253801,"WGS84",20.1,594.1,0.2,"2016-05-03","2016-05-17","WOOD.2016.20",14,"Y","WOOD_004.N.20160517","Ok","Ok","Ok","NEON.DOC.014050vH","49AT3csB7SNH9c2JnAOTHYMNXNZpKUYr",
"80b964f9-3e87-4770-88ca-b4abf310694b","WOOD_001.basePlot.bet","D09","WOOD","WOOD_001","N","distributed","grasslandHerbaceous",47.128258,-99.257768,"WGS84",20.2,596.3,0.2,"2016-05-03","2016-05-17","WOOD.2016.20",14,"Y","WOOD_001.N.20160517","Ok","Ok","Ok","NEON.DOC.014050vH","49AT3csB7SNH9c2JnAOTHYMNXNZpKUYr",
"b1fdc22a-e22b-4cac-baeb-fd263e9d59ad","WOOD_002.basePlot.bet","D09","WOOD","WOOD_002","N","distributed","grasslandHerbaceous",47.136134,-99.232896,"WGS84",20.1,573.6,0.2,"2016-05-03","2016-05-17","WOOD.2016.20",14,"Y","WOOD_002.N.20160517","Ok","Ok","Ok","NEON.DOC.014050vH","Y5z6Fmrws3jA1BVsC0w+H9mBsn34g2gg",
"c050c843-4ae7-457e-81ce-ebfb3835c3bd","WOOD_005.basePlot.bet","D09","WOOD","WOOD_005","N","distributed","grasslandHerbaceous",47.149339,-99.251928,"WGS84",20.1,590.3,0.2,"2016-05-03","2016-05-17","WOOD.2016.20",14,"Y","WOOD_005.N.20160517","Ok","Ok","Ok","NEON.DOC.014050vH","Y5z6Fmrws3jA1BVsC0w+H9mBsn34g2gg",
"4b187db5-1fca-4fc2-9c02-c4d49c6d9330","WOOD_021.basePlot.bet","D09","WOOD","WOOD_021","N","distributed","emergentHerbaceousWetlands",47.146637,-99.247579,"WGS84",20.1,585.3,0.2,"2016-05-03","2016-05-17","WOOD.2016.20",14,"Y","WOOD_021.N.20160517","Ok","Ok","Ok","NEON.DOC.014050vH","Y5z6Fmrws3jA1BVsC0w+H9mBsn34g2gg",
"d45964ef-6e5f-416e-9ba3-96da2e36b185","WOOD_007.basePlot.bet","D09","WOOD","WOOD_007","N","distributed","grasslandHerbaceous",47.134755,-99.249895,"WGS84",20.1,594.7,0.1,"2016-05-03","2016-05-17","WOOD.2016.20",14,"Y","WOOD_007.N.20160517","Ok","Ok","Ok","NEON.DOC.014050vH","49AT3csB7SNH9c2JnAOTHYMNXNZpKUYr",
"9dbe258a-aaa2-4db9-a669-ed7887074492","WOOD_023.basePlot.bet","D09","WOOD","WOOD_023","N","distributed","emergentHerbaceousWetlands",47.130118,-99.267270,"WGS84",20.1,604.1,0.1,"2016-05-03","2016-05-17","WOOD.2016.20",14,"Y","WOOD_023.N.20160517","Ok","Ok","Ok","NEON.DOC.014050vH","49AT3csB7SNH9c2JnAOTHYMNXNZpKUYr",
"bee45fe4-bf73-4889-b638-ddbeed5b7653","WOOD_003.basePlot.bet","D09","WOOD","WOOD_003","N","distributed","grasslandHerbaceous",47.118581,-99.239944,"WGS84",20.1,585.7,0.2,"2016-05-03","2016-05-17","WOOD.2016.20",14,"Y","WOOD_003.N.20160517","Ok","Ok","Ok","NEON.DOC.014050vH","49AT3csB7SNH9c2JnAOTHYMNXNZpKUYr",
"eaac08bd-c718-4d81-ad22-ff7a8c1f145c","WOOD_024.basePlot.bet","D09","WOOD","WOOD_024","N","distributed","emergentHerbaceousWetlands",47.151171,-99.262648,"WGS84",20.1,586.6,0.2,"2016-05-03","2016-05-17","WOOD.2016.20",14,"Y","WOOD_024.N.20160517","Ok","Ok","Ok","NEON.DOC.014050vH","Y5z6Fmrws3jA1BVsC0w+H9mBsn34g2gg","South and East cups not installed| no data collected."
"874902a2-77e9-42be-898e-2920031a6f68","WOOD_006.basePlot.bet","D09","WOOD","WOOD_006","N","distributed","grasslandHerbaceous",47.142318,-99.247173,"WGS84",20.1,590.3,0.2,"2016-05-03","2016-05-17","WOOD.2016.20",14,"Y","WOOD_006.N.20160517","Ok","Ok","Ok","NEON.DOC.014050vH","49AT3csB7SNH9c2JnAOTHYMNXNZpKUYr",
"1fa60e8f-147f-4a56-bc86-10369785912f","WOOD_003.basePlot.bet","D09","WOOD","WOOD_003","S","distributed","grasslandHerbaceous",47.118581,-99.239944,"WGS84",20.1,585.7,0.2,"2016-05-03","2016-05-17","WOOD.2016.20",14,"Y","WOOD_003.S.20160517","Ok","Ok","Ok","NEON.DOC.014050vH","49AT3csB7SNH9c2JnAOTHYMNXNZpKUYr",
"740ce968-4a81-4f4e-aa05-b71b373a96ea","WOOD_023.basePlot.bet","D09","WOOD","WOOD_023","S","distributed","emergentHerbaceousWetlands",47.130118,-99.267270,"WGS84",20.1,604.1,0.1,"2016-05-03","2016-05-17","WOOD.2016.20",14,"Y","WOOD_023.S.20160517","Ok","Ok","Ok","NEON.DOC.014050vH","49AT3csB7SNH9c2JnAOTHYMNXNZpKUYr",
"55b1f729-3e44-4c69-8d43-31f678d31fcf","WOOD_006.basePlot.bet","D09","WOOD","WOOD_006","S","distributed","grasslandHerbaceous",47.142318,-99.247173,"WGS84",20.1,590.3,0.2,"2016-05-03","2016-05-17","WOOD.2016.20",14,"Y","WOOD_006.S.20160517","Ok","Ok","Ok","NEON.DOC.014050vH","49AT3csB7SNH9c2JnAOTHYMNXNZpKUYr",
"7428efcf-c69b-418d-ae49-6af447c7cb7d","WOOD_004.basePlot.bet","D09","WOOD","WOOD_004","S","distributed","grasslandHerbaceous",47.125840,-99.253801,"WGS84",20.1,594.1,0.2,"2016-05-03","2016-05-17","WOOD.2016.20",14,"Y","WOOD_004.S.20160517","Ok","Ok","Ok","NEON.DOC.014050vH","49AT3csB7SNH9c2JnAOTHYMNXNZpKUYr",
"88eb40d7-5768-4baf-86f5-e707b5765301","WOOD_002.basePlot.bet","D09","WOOD","WOOD_002","S","distributed","grasslandHerbaceous",47.136134,-99.232896,"WGS84",20.1,573.6,0.2,"2016-05-03","2016-05-17","WOOD.2016.20",14,"Y","WOOD_002.S.20160517","Ok","Ok","Ok","NEON.DOC.014050vH","Y5z6Fmrws3jA1BVsC0w+H9mBsn34g2gg",
"dd962979-b864-45b3-876f-d735295459e0","WOOD_001.basePlot.bet","D09","WOOD","WOOD_001","S","distributed","grasslandHerbaceous",47.128258,-99.257768,"WGS84",20.2,596.3,0.2,"2016-05-03","2016-05-17","WOOD.2016.20",14,"Y","WOOD_001.S.20160517","Ok","Ok","Ok","NEON.DOC.014050vH","49AT3csB7SNH9c2JnAOTHYMNXNZpKUYr",
"a2aaeddb-77f0-4103-a493-72a4430803b5","WOOD_005.basePlot.bet","D09","WOOD","WOOD_005","S","distributed","grasslandHerbaceous",47.149339,-99.251928,"WGS84",20.1,590.3,0.2,"2016-05-03","2016-05-17","WOOD.2016.20",14,"Y","WOOD_005.S.20160517","Ok","Ok","Ok","NEON.DOC.014050vH","Y5z6Fmrws3jA1BVsC0w+H9mBsn34g2gg",
"e61bcb55-971e-4683-a239-f6d6f529bafb","WOOD_007.basePlot.bet","D09","WOOD","WOOD_007","S","distributed","grasslandHerbaceous",47.134755,-99.249895,"WGS84",20.1,594.7,0.1,"2016-05-03","2016-05-17","WOOD.2016.20",14,"Y","WOOD_007.S.20160517","Ok","Ok","Ok","NEON.DOC.014050vH","49AT3csB7SNH9c2JnAOTHYMNXNZpKUYr",
"9d0eddcb-a025-4418-a7ce-fd3f64f1bc99","WOOD_006.basePlot.bet","D09","WOOD","WOOD_006","W","distributed","grasslandHerbaceous",47.142318,-99.247173,"WGS84",20.1,590.3,0.2,"2016-05-03","2016-05-17","WOOD.2016.20",14,"Y","WOOD_006.W.20160517","Ok","Ok","Ok","NEON.DOC.014050vH","49AT3csB7SNH9c2JnAOTHYMNXNZpKUYr",
"c95887d0-cfc4-416f-8d1c-2df9e9d9078f","WOOD_006.basePlot.bet","D09","WOOD","WOOD_006","E","distributed","grasslandHerbaceous",47.142318,-99.247173,"WGS84",20.1,590.3,0.2,"2016-05-17","2016-05-31","WOOD.2016.22",14,"Y","WOOD_006.E.20160531","Ok","Ok","Ok","NEON.DOC.014050vH","4oCBvlQIQ4DhSH30J22+0bs0GAacIQwk",
"e0a1b9a6-7741-472a-afc0-3c6b60686522","WOOD_003.basePlot.bet","D09","WOOD","WOOD_003","W","distributed","grasslandHerbaceous",47.118581,-99.239944,"WGS84",20.1,585.7,0.2,"2016-05-17","2016-05-31","WOOD.2016.22",14,"Y","WOOD_003.W.20160531","Ok","Ok","Ok","NEON.DOC.014050vH","4oCBvlQIQ4DhSH30J22+0bs0GAacIQwk",
"867af736-ec91-40e2-a16e-3490ea030591","WOOD_023.basePlot.bet","D09","WOOD","WOOD_023","E","distributed","emergentHerbaceousWetlands",47.130118,-99.267270,"WGS84",20.1,604.1,0.1,"2016-05-17","2016-05-31","WOOD.2016.22",14,"Y","WOOD_023.E.20160531","Ok","Ok","Ok","NEON.DOC.014050vH","4oCBvlQIQ4DhSH30J22+0bs0GAacIQwk",
"e7883bf1-5979-471a-8924-2df5e8dea4df","WOOD_003.basePlot.bet","D09","WOOD","WOOD_003","E","distributed","grasslandHerbaceous",47.118581,-99.239944,"WGS84",20.1,585.7,0.2,"2016-05-17","2016-05-31","WOOD.2016.22",14,"Y","WOOD_003.E.20160531","Ok","Ok","Ok","NEON.DOC.014050vH","4oCBvlQIQ4DhSH30J22+0bs0GAacIQwk",
"6e2d8812-a899-4d97-9f02-17e1c8dac322","WOOD_021.basePlot.bet","D09","WOOD","WOOD_021","E","distributed","emergentHerbaceousWetlands",47.146637,-99.247579,"WGS84",20.1,585.3,0.2,"2016-05-17","2016-05-31","WOOD.2016.22",14,"Y","WOOD_021.E.20160531","Ok","Ok","Ok","NEON.DOC.014050vH","sKroq8nxQ2GZh2WRjUYxk4dd8Bk9pNka",
"db2c1b6c-2de8-44b7-8ee1-a8888246c47d","WOOD_005.basePlot.bet","D09","WOOD","WOOD_005","E","distributed","grasslandHerbaceous",47.149339,-99.251928,"WGS84",20.1,590.3,0.2,"2016-05-17","2016-05-31","WOOD.2016.22",14,"Y","WOOD_005.E.20160531","Ok","Ok","Ok","NEON.DOC.014050vH","sKroq8nxQ2GZh2WRjUYxk4dd8Bk9pNka",
"f74ce5e9-ad76-4c4e-b12d-722db8635487","WOOD_007.basePlot.bet","D09","WOOD","WOOD_007","E","distributed","grasslandHerbaceous",47.134755,-99.249895,"WGS84",20.1,594.7,0.1,"2016-05-17","2016-05-31","WOOD.2016.22",14,"Y","WOOD_007.E.20160531","Ok","Ok","Ok","NEON.DOC.014050vH","4oCBvlQIQ4DhSH30J22+0bs0GAacIQwk",
"3a80c1e7-56ff-4c02-9436-000102e075c6","WOOD_002.basePlot.bet","D09","WOOD","WOOD_002","E","distributed","grasslandHerbaceous",47.136134,-99.232896,"WGS84",20.1,573.6,0.2,"2016-05-17","2016-05-31","WOOD.2016.22",14,"Y","WOOD_002.E.20160531","Ok","Ok","Ok","NEON.DOC.014050vH","4oCBvlQIQ4DhSH30J22+0bs0GAacIQwk",
"bce47f16-b6b4-46dd-a248-e586dec796a7","WOOD_001.basePlot.bet","D09","WOOD","WOOD_001","E","distributed","grasslandHerbaceous",47.128258,-99.257768,"WGS84",20.2,596.3,0.2,"2016-05-17","2016-05-31","WOOD.2016.22",14,"Y","WOOD_001.E.20160531","Ok","Ok","Ok","NEON.DOC.014050vH","4oCBvlQIQ4DhSH30J22+0bs0GAacIQwk",
"0de21f45-3ed7-459c-a1d4-80e7ebeecec5","WOOD_001.basePlot.bet","D09","WOOD","WOOD_001","N","distributed","grasslandHerbaceous",47.128258,-99.257768,"WGS84",20.2,596.3,0.2,"2016-05-17","2016-05-31","WOOD.2016.22",14,"Y","WOOD_001.N.20160531","Ok","Ok","Ok","NEON.DOC.014050vH","4oCBvlQIQ4DhSH30J22+0bs0GAacIQwk","North and East lids with portions setting on ground"
"61ecd446-9af0-4572-a906-72f483d14801","WOOD_006.basePlot.bet","D09","WOOD","WOOD_006","N","distributed","grasslandHerbaceous",47.142318,-99.247173,"WGS84",20.1,590.3,0.2,"2016-05-17","2016-05-31","WOOD.2016.22",14,"Y","WOOD_006.N.20160531","Ok","Ok","Ok","NEON.DOC.014050vH","4oCBvlQIQ4DhSH30J22+0bs0GAacIQwk",
"01ceaec1-964c-45e6-aa8e-5f9d1e03b036","WOOD_024.basePlot.bet","D09","WOOD","WOOD_024","N","distributed","emergentHerbaceousWetlands",47.151171,-99.262648,"WGS84",20.1,586.6,0.2,"2016-05-17","2016-05-31","WOOD.2016.22",14,"Y","WOOD_024.N.20160531","Ok","Ok","Ok","NEON.DOC.014050vH","sKroq8nxQ2GZh2WRjUYxk4dd8Bk9pNka",
"b626510e-5dc1-4661-9a8e-d64eac5a232a","WOOD_004.basePlot.bet","D09","WOOD","WOOD_004","N","distributed","grasslandHerbaceous",47.125840,-99.253801,"WGS84",20.1,594.1,0.2,"2016-05-17","2016-05-31","WOOD.2016.22",14,"Y","WOOD_004.N.20160531","Ok","Ok","Ok","NEON.DOC.014050vH","4oCBvlQIQ4DhSH30J22+0bs0GAacIQwk",
"e029e5d7-28a7-4bd4-83f5-d49bd0fddd03","WOOD_023.basePlot.bet","D09","WOOD","WOOD_023","N","distributed","emergentHerbaceousWetlands",47.130118,-99.267270,"WGS84",20.1,604.1,0.1,"2016-05-17","2016-05-31","WOOD.2016.22",14,"Y","WOOD_023.N.20160531","Ok","Ok","Ok","NEON.DOC.014050vH","4oCBvlQIQ4DhSH30J22+0bs0GAacIQwk",
"46df407f-5f29-46bd-9374-c4da2abd6757","WOOD_003.basePlot.bet","D09","WOOD","WOOD_003","N","distributed","grasslandHerbaceous",47.118581,-99.239944,"WGS84",20.1,585.7,0.2,"2016-05-17","2016-05-31","WOOD.2016.22",14,"Y","WOOD_003.N.20160531","Ok","Ok","Ok","NEON.DOC.014050vH","4oCBvlQIQ4DhSH30J22+0bs0GAacIQwk",
"19534a59-79f4-4caa-8222-c270570bc120","WOOD_021.basePlot.bet","D09","WOOD","WOOD_021","N","distributed","emergentHerbaceousWetlands",47.146637,-99.247579,"WGS84",20.1,585.3,0.2,"2016-05-17","2016-05-31","WOOD.2016.22",14,"Y","WOOD_021.N.20160531","Ok","Ok","Ok","NEON.DOC.014050vH","sKroq8nxQ2GZh2WRjUYxk4dd8Bk9pNka",
"a47b6d41-eef3-4c43-9f15-cbfee8d7355e","WOOD_005.basePlot.bet","D09","WOOD","WOOD_005","N","distributed","grasslandHerbaceous",47.149339,-99.251928,"WGS84",20.1,590.3,0.2,"2016-05-17","2016-05-31","WOOD.2016.22",14,"Y","WOOD_005.N.20160531","Ok","Ok","Low","NEON.DOC.014050vH","sKroq8nxQ2GZh2WRjUYxk4dd8Bk9pNka",
"606fde00-69d2-4917-aa13-9097eeb32fc2","WOOD_007.basePlot.bet","D09","WOOD","WOOD_007","N","distributed","grasslandHerbaceous",47.134755,-99.249895,"WGS84",20.1,594.7,0.1,"2016-05-17","2016-05-31","WOOD.2016.22",14,"Y","WOOD_007.N.20160531","Ok","Ok","Ok","NEON.DOC.014050vH","4oCBvlQIQ4DhSH30J22+0bs0GAacIQwk",
"c709a4b7-be9f-4547-b439-c36ad449ce31","WOOD_002.basePlot.bet","D09","WOOD","WOOD_002","N","distributed","grasslandHerbaceous",47.136134,-99.232896,"WGS84",20.1,573.6,0.2,"2016-05-17","2016-05-31","WOOD.2016.22",14,"Y","WOOD_002.N.20160531","Ok","Ok","Ok","NEON.DOC.014050vH","4oCBvlQIQ4DhSH30J22+0bs0GAacIQwk",
"56dd7b9d-cf16-4489-8f91-fad543b72647","WOOD_005.basePlot.bet","D09","WOOD","WOOD_005","S","distributed","grasslandHerbaceous",47.149339,-99.251928,"WGS84",20.1,590.3,0.2,"2016-05-17","2016-05-31","WOOD.2016.22",14,"Y","WOOD_005.S.20160531","Ok","Ok","Ok","NEON.DOC.014050vH","sKroq8nxQ2GZh2WRjUYxk4dd8Bk9pNka",
"2e54ae2e-cc66-43c5-9c92-597f6f8056fa","WOOD_001.basePlot.bet","D09","WOOD","WOOD_001","S","distributed","grasslandHerbaceous",47.128258,-99.257768,"WGS84",20.2,596.3,0.2,"2016-05-17","2016-05-31","WOOD.2016.22",14,"Y","WOOD_001.S.20160531","Ok","Ok","Ok","NEON.DOC.014050vH","4oCBvlQIQ4DhSH30J22+0bs0GAacIQwk",
"4f0d7daf-54f0-44c7-b438-df00b38cf8cd","WOOD_002.basePlot.bet","D09","WOOD","WOOD_002","S","distributed","grasslandHerbaceous",47.136134,-99.232896,"WGS84",20.1,573.6,0.2,"2016-05-17","2016-05-31","WOOD.2016.22",14,"Y","WOOD_002.S.20160531","Ok","Ok","Ok","NEON.DOC.014050vH","4oCBvlQIQ4DhSH30J22+0bs0GAacIQwk",
"fbb6d394-709a-4d27-9839-1729db9aa236","WOOD_007.basePlot.bet","D09","WOOD","WOOD_007","S","distributed","grasslandHerbaceous",47.134755,-99.249895,"WGS84",20.1,594.7,0.1,"2016-05-17","2016-05-31","WOOD.2016.22",14,"Y","WOOD_007.S.20160531","Ok","Ok","Ok","NEON.DOC.014050vH","4oCBvlQIQ4DhSH30J22+0bs0GAacIQwk",
"95dda3af-5e5d-4efc-84ff-c60bab07ddba","WOOD_023.basePlot.bet","D09","WOOD","WOOD_023","S","distributed","emergentHerbaceousWetlands",47.130118,-99.267270,"WGS84",20.1,604.1,0.1,"2016-05-17","2016-05-31","WOOD.2016.22",14,"Y","WOOD_023.S.20160531","Ok","Ok","Ok","NEON.DOC.014050vH","4oCBvlQIQ4DhSH30J22+0bs0GAacIQwk",
"f0a30c61-3a79-40b4-9f4f-b0f608af5a97","WOOD_006.basePlot.bet","D09","WOOD","WOOD_006","S","distributed","grasslandHerbaceous",47.142318,-99.247173,"WGS84",20.1,590.3,0.2,"2016-05-17","2016-05-31","WOOD.2016.22",14,"Y","WOOD_006.S.20160531","Ok","Ok","Ok","NEON.DOC.014050vH","4oCBvlQIQ4DhSH30J22+0bs0GAacIQwk","South trap with four sides nearly flush to ground."
"b3b8f044-e92d-4ebb-8b3a-5c6ad51be979","WOOD_004.basePlot.bet","D09","WOOD","WOOD_004","S","distributed","grasslandHerbaceous",47.125840,-99.253801,"WGS84",20.1,594.1,0.2,"2016-05-17","2016-05-31","WOOD.2016.22",14,"Y","WOOD_004.S.20160531","Ok","Ok","Ok","NEON.DOC.014050vH","4oCBvlQIQ4DhSH30J22+0bs0GAacIQwk",
"239302e0-2481-44d7-9a0f-6124515d0d51","WOOD_003.basePlot.bet","D09","WOOD","WOOD_003","S","distributed","grasslandHerbaceous",47.118581,-99.239944,"WGS84",20.1,585.7,0.2,"2016-05-17","2016-05-31","WOOD.2016.22",14,"Y","WOOD_003.S.20160531","Ok","Ok","Ok","NEON.DOC.014050vH","4oCBvlQIQ4DhSH30J22+0bs0GAacIQwk",
"3b630997-65ff-490b-8296-58b76e2952bd","WOOD_005.basePlot.bet","D09","WOOD","WOOD_005","W","distributed","grasslandHerbaceous",47.149339,-99.251928,"WGS84",20.1,590.3,0.2,"2016-05-17","2016-05-31","WOOD.2016.22",14,"Y","WOOD_005.W.20160531","Ok","Ok","Ok","NEON.DOC.014050vH","sKroq8nxQ2GZh2WRjUYxk4dd8Bk9pNka",
"8e4dc553-4e21-4c45-88c0-9056e2368759","WOOD_007.basePlot.bet","D09","WOOD","WOOD_007","W","distributed","grasslandHerbaceous",47.134755,-99.249895,"WGS84",20.1,594.7,0.1,"2016-05-17","2016-05-31","WOOD.2016.22",14,"Y","WOOD_007.W.20160531","Ok","Ok","Ok","NEON.DOC.014050vH","4oCBvlQIQ4DhSH30J22+0bs0GAacIQwk",
"65b94b9c-7f1f-45d2-98eb-1c26444066cb","WOOD_002.basePlot.bet","D09","WOOD","WOOD_002","W","distributed","grasslandHerbaceous",47.136134,-99.232896,"WGS84",20.1,573.6,0.2,"2016-05-17","2016-05-31","WOOD.2016.22",14,"Y","WOOD_002.W.20160531","Ok","Ok","Ok","NEON.DOC.014050vH","4oCBvlQIQ4DhSH30J22+0bs0GAacIQwk",
"9f037625-312e-49ba-87d4-0fee6a88b126","WOOD_001.basePlot.bet","D09","WOOD","WOOD_001","W","distributed","grasslandHerbaceous",47.128258,-99.257768,"WGS84",20.2,596.3,0.2,"2016-05-17","2016-05-31","WOOD.2016.22",14,"Y","WOOD_001.W.20160531","Ok","Ok","Ok","NEON.DOC.014050vH","4oCBvlQIQ4DhSH30J22+0bs0GAacIQwk",
"d0b823fb-d709-4fb2-8355-2446ca82d9bd","WOOD_006.basePlot.bet","D09","WOOD","WOOD_006","W","distributed","grasslandHerbaceous",47.142318,-99.247173,"WGS84",20.1,590.3,0.2,"2016-05-17","2016-05-31","WOOD.2016.22",14,"Y","WOOD_006.W.20160531","Ok","Ok","Ok","NEON.DOC.014050vH","4oCBvlQIQ4DhSH30J22+0bs0GAacIQwk",
"249815e7-a06f-49bb-822e-6a179f9a2289","WOOD_024.basePlot.bet","D09","WOOD","WOOD_024","W","distributed","emergentHerbaceousWetlands",47.151171,-99.262648,"WGS84",20.1,586.6,0.2,"2016-05-17","2016-05-31","WOOD.2016.22",14,"Y","WOOD_024.W.20160531","Ok","Ok","Ok","NEON.DOC.014050vH","sKroq8nxQ2GZh2WRjUYxk4dd8Bk9pNka",
"6c6fa7f2-5148-48b3-9750-28de8b3cd0bc","WOOD_004.basePlot.bet","D09","WOOD","WOOD_004","W","distributed","grasslandHerbaceous",47.125840,-99.253801,"WGS84",20.1,594.1,0.2,"2016-05-17","2016-05-31","WOOD.2016.22",14,"Y","WOOD_004.W.20160531","Ok","Ok","Ok","NEON.DOC.014050vH","4oCBvlQIQ4DhSH30J22+0bs0GAacIQwk",
"77447fa7-5df6-4350-a24b-dd4a97ae35d0","WOOD_023.basePlot.bet","D09","WOOD","WOOD_023","W","distributed","emergentHerbaceousWetlands",47.130118,-99.267270,"WGS84",20.1,604.1,0.1,"2016-05-17","2016-05-31","WOOD.2016.22",14,"Y","WOOD_023.W.20160531","Ok","Ok","Ok","NEON.DOC.014050vH","4oCBvlQIQ4DhSH30J22+0bs0GAacIQwk","North and West traps with sections of the lid flush to the ground."
"281ecd18-6457-4ba9-a4a0-7eb3441a4628","WOOD_004.basePlot.bet","D09","WOOD","WOOD_004","E","distributed","grasslandHerbaceous",47.125840,-99.253801,"WGS84",20.1,594.1,0.2,"2016-05-17","2016-05-31","WOOD.2016.22",14,"Y","WOOD_004.E.20160531","Ok","Ok","Ok","NEON.DOC.014050vH","4oCBvlQIQ4DhSH30J22+0bs0GAacIQwk",
