uid,namedLocation,domainID,siteID,plotID,setDate,collectDate,identifiedDate,individualID,taxonID,kingdom,phylum,class,order,family,subfamily,tribe,genus,subgenus,specificEpithet,infraspecificEpithet,scientificName,scientificNameAuthorship,taxonRank,identificationQualifier,sex,morphospeciesID,identificationReferences,identifiedBy,laboratoryName,identificationRemarks,sampleCondition,dnaBarcoded,geneticSampleID,remarks
"c39642e6-12cb-4fb7-9b4f-ff4d8a49686e","BLAN_005.basePlot.bet","D02","BLAN","BLAN_005","2015-06-25","2015-07-09","2016-12-01","NEON.BET.D02.002289","CYCFUR","Animalia","Arthropoda","Insecta","Coleoptera","Carabidae","Harpalinae","Pterostichini","Cyclotrachelus","Evarthrus","furtivus",,"Cyclotrachelus furtivus","LeConte","species",,"M",,"Freitag, R. 1969. A revision of the species of the genus Evarthrus LeConte. Quaestiones Entomologicae 5:89-212.","Robert L. Davidson","Carnegie Museum of Invertebrate Zoology",,"No known compromise","N",,
"ec8218b5-e811-4409-9ed8-599a3fa98f4a","BLAN_005.basePlot.bet","D02","BLAN","BLAN_005","2015-06-25","2015-07-09","2016-12-01","NEON.BET.D02.002286","CYCFUR","Animalia","Arthropoda","Insecta","Coleoptera","Carabidae","Harpalinae","Pterostichini","Cyclotrachelus","Evarthrus","furtivus",,"Cyclotrachelus furtivus","LeConte","species",,"F",,"Freitag, R. 1969. A revision of the species of the genus Evarthrus LeConte. Quaestiones Entomologicae 5:89-212.","Robert L. Davidson","Carnegie Museum of Invertebrate Zoology",,"No known compromise","N",,
"8506a1fc-0e18-4b29-91d4-20ee06215a99","BLAN_005.basePlot.bet","D02","BLAN","BLAN_005","2015-06-25","2015-07-09","2016-12-01","NEON.BET.D02.002288","CYCFUR","Animalia","Arthropoda","Insecta","Coleoptera","Carabidae","Harpalinae","Pterostichini","Cyclotrachelus","Evarthrus","furtivus",,"Cyclotrachelus furtivus","LeConte","species",,"M",,"Freitag, R. 1969. A revision of the species of the genus Evarthrus LeConte. Quaestiones Entomologicae 5:89-212.","Robert L. Davidson","Carnegie Museum of Invertebrate Zoology",,"No known compromise","N",,
"969aacc9-9682-42cd-bd64-573393e6f7e9","BLAN_005.basePlot.bet","D02","BLAN","BLAN_005","2015-06-25","2015-07-09","2016-12-01","NEON.BET.D02.002281","CYCFUR","Animalia","Arthropoda","Insecta","Coleoptera","Carabidae","Harpalinae","Pterostichini","Cyclotrachelus","Evarthrus","furtivus",,"Cyclotrachelus furtivus","LeConte","species",,"M",,"Freitag, R. 1969. A revision of the species of the genus Evarthrus LeConte. Quaestiones Entomologicae 5:89-212.","Robert L. Davidson","Carnegie Museum of Invertebrate Zoology",,"No known compromise","N",,
"5dc74657-b999-46dc-9dc5-2c7657ff00a1","BLAN_005.basePlot.bet","D02","BLAN","BLAN_005","2015-06-25","2015-07-09","2016-12-01","NEON.BET.D02.002282","CYCFUR","Animalia","Arthropoda","Insecta","Coleoptera","Carabidae","Harpalinae","Pterostichini","Cyclotrachelus","Evarthrus","furtivus",,"Cyclotrachelus furtivus","LeConte","species",,"F",,"Freitag, R. 1969. A revision of the species of the genus Evarthrus LeConte. Quaestiones Entomologicae 5:89-212.","Robert L. Davidson","Carnegie Museum of Invertebrate Zoology",,"No known compromise","N",,
"b3cf1900-ec52-4e8c-871c-fd528ae7c8dd","BLAN_005.basePlot.bet","D02","BLAN","BLAN_005","2015-06-25","2015-07-09","2016-12-01","NEON.BET.D02.002287","CYCFUR","Animalia","Arthropoda","Insecta","Coleoptera","Carabidae","Harpalinae","Pterostichini","Cyclotrachelus","Evarthrus","furtivus",,"Cyclotrachelus furtivus","LeConte","species",,"M",,"Freitag, R. 1969. A revision of the species of the genus Evarthrus LeConte. Quaestiones Entomologicae 5:89-212.","Robert L. Davidson","Carnegie Museum of Invertebrate Zoology",,"No known compromise","N",,
"e10326fb-693d-4438-9add-d91f369d96ae","BLAN_005.basePlot.bet","D02","BLAN","BLAN_005","2015-06-25","2015-07-09","2016-12-01","NEON.BET.D02.002284","CYCFUR","Animalia","Arthropoda","Insecta","Coleoptera","Carabidae","Harpalinae","Pterostichini","Cyclotrachelus","Evarthrus","furtivus",,"Cyclotrachelus furtivus","LeConte","species",,"M",,"Freitag, R. 1969. A revision of the species of the genus Evarthrus LeConte. Quaestiones Entomologicae 5:89-212.","Robert L. Davidson","Carnegie Museum of Invertebrate Zoology",,"No known compromise","N",,
"1f7f96a6-58e5-4541-b15e-c857dbf0a2ca","BLAN_005.basePlot.bet","D02","BLAN","BLAN_005","2015-06-25","2015-07-09","2016-12-01","NEON.BET.D02.002283","CYCFUR","Animalia","Arthropoda","Insecta","Coleoptera","Carabidae","Harpalinae","Pterostichini","Cyclotrachelus","Evarthrus","furtivus",,"Cyclotrachelus furtivus","LeConte","species",,"F",,"Freitag, R. 1969. A revision of the species of the genus Evarthrus LeConte. Quaestiones Entomologicae 5:89-212.","Robert L. Davidson","Carnegie Museum of Invertebrate Zoology",,"No known compromise","N",,
"ecaa073b-e9d9-45f0-9daf-1f40102f84e0","BLAN_005.basePlot.bet","D02","BLAN","BLAN_005","2015-06-25","2015-07-09","2016-12-01","NEON.BET.D02.002285","CYCFUR","Animalia","Arthropoda","Insecta","Coleoptera","Carabidae","Harpalinae","Pterostichini","Cyclotrachelus","Evarthrus","furtivus",,"Cyclotrachelus furtivus","LeConte","species",,"M",,"Freitag, R. 1969. A revision of the species of the genus Evarthrus LeConte. Quaestiones Entomologicae 5:89-212.","Robert L. Davidson","Carnegie Museum of Invertebrate Zoology",,"No known compromise","N",,
"02a02f39-2026-47ff-812e-77f7274a89aa","BLAN_001.basePlot.bet","D02","BLAN","BLAN_001","2015-06-25","2015-07-09","2016-12-01","NEON.BET.D02.002274","CYCFUR","Animalia","Arthropoda","Insecta","Coleoptera","Carabidae","Harpalinae","Pterostichini","Cyclotrachelus","Evarthrus","furtivus",,"Cyclotrachelus furtivus","LeConte","species",,"M",,"Freitag, R. 1969. A revision of the species of the genus Evarthrus LeConte. Quaestiones Entomologicae 5:89-212.","Robert L. Davidson","Carnegie Museum of Invertebrate Zoology",,"No known compromise","N",,
"5a65b7f6-3de7-4b1d-b97e-6d3353a70998","BLAN_001.basePlot.bet","D02","BLAN","BLAN_001","2015-06-25","2015-07-09","2016-12-01","NEON.BET.D02.002276","CYCFUR","Animalia","Arthropoda","Insecta","Coleoptera","Carabidae","Harpalinae","Pterostichini","Cyclotrachelus","Evarthrus","furtivus",,"Cyclotrachelus furtivus","LeConte","species",,"M",,"Freitag, R. 1969. A revision of the species of the genus Evarthrus LeConte. Quaestiones Entomologicae 5:89-212.","Robert L. Davidson","Carnegie Museum of Invertebrate Zoology",,"No known compromise","N",,
"f85d8ed5-7d44-4ec5-af85-a350b4d1aad9","BLAN_001.basePlot.bet","D02","BLAN","BLAN_001","2015-06-25","2015-07-09","2016-12-01","NEON.BET.D02.002271","CYCFUR","Animalia","Arthropoda","Insecta","Coleoptera","Carabidae","Harpalinae","Pterostichini","Cyclotrachelus","Evarthrus","furtivus",,"Cyclotrachelus furtivus","LeConte","species",,"F",,"Freitag, R. 1969. A revision of the species of the genus Evarthrus LeConte. Quaestiones Entomologicae 5:89-212.","Robert L. Davidson","Carnegie Museum of Invertebrate Zoology",,"No known compromise","N",,
"e9055587-32d1-48e2-ab86-fc18dcdb8303","BLAN_001.basePlot.bet","D02","BLAN","BLAN_001","2015-06-25","2015-07-09","2016-12-01","NEON.BET.D02.002273","CYCFUR","Animalia","Arthropoda","Insecta","Coleoptera","Carabidae","Harpalinae","Pterostichini","Cyclotrachelus","Evarthrus","furtivus",,"Cyclotrachelus furtivus","LeConte","species",,"M",,"Freitag, R. 1969. A revision of the species of the genus Evarthrus LeConte. Quaestiones Entomologicae 5:89-212.","Robert L. Davidson","Carnegie Museum of Invertebrate Zoology",,"No known compromise","N",,
"94d584d7-d10a-412d-ab01-6006d4b3d3a8","BLAN_001.basePlot.bet","D02","BLAN","BLAN_001","2015-06-25","2015-07-09","2016-12-01","NEON.BET.D02.002279","CYCFUR","Animalia","Arthropoda","Insecta","Coleoptera","Carabidae","Harpalinae","Pterostichini","Cyclotrachelus","Evarthrus","furtivus",,"Cyclotrachelus furtivus","LeConte","species",,"F",,"Freitag, R. 1969. A revision of the species of the genus Evarthrus LeConte. Quaestiones Entomologicae 5:89-212.","Robert L. Davidson","Carnegie Museum of Invertebrate Zoology",,"No known compromise","N",,
"7f1aeedc-90de-4245-bd66-170109dabc23","BLAN_012.basePlot.bet","D02","BLAN","BLAN_012","2015-06-25","2015-07-09","2016-12-17","NEON.BET.D02.001981","SPHSTE2","Animalia","Arthropoda","Insecta","Coleoptera","Carabidae","Carabinae","Cychrini","Sphaeroderus",,"stenostomus","stenostomus","Sphaeroderus stenostomus stenostomus","Weber","subspecies",,"F",,"Bousquet, Y. 2012. Catalogue of Geadephaga (Coleoptera, Adephaga) of America, north of Mexico. ZooKeys 245:1-1722.","Robert L. Davidson","Carnegie Museum of Invertebrate Zoology",,"No known compromise","N",,"Genus unrevised; species status according to unpublished notes of Tom Barr"
"97c97232-f212-4a9d-947f-d4b020b882e3","BLAN_006.basePlot.bet","D02","BLAN","BLAN_006","2015-06-25","2015-07-09","2016-12-17","NEON.BET.D02.002032","ELAGRA","Animalia","Arthropoda","Insecta","Coleoptera","Carabidae","Trechinae","Bembidiini","Elaphropus","Barytachys","granarius",,"Elaphropus granarius","Dejean","species",,"F",,"Bousquet, Y. 2010b. Illustrated Identification Guide to Adults and Larvae of Northeastern North American Ground Beetles (Coleoptera: Carabidae). 1st Ed. Pensoft Publishers, Sofia, Bulgaria.","Robert L. Davidson","Carnegie Museum of Invertebrate Zoology",,"No known compromise","N",,
"c0cc692c-de11-4b84-8996-4999ac78508e","BLAN_004.basePlot.bet","D02","BLAN","BLAN_004","2015-06-25","2015-07-09","2016-12-01","NEON.BET.D02.002054","POELUC","Animalia","Arthropoda","Insecta","Coleoptera","Carabidae","Harpalinae","Pterostichini","Poecilus","Poecilus","lucublandus",,"Poecilus lucublandus","Say","species",,"F",,"Lindroth, C. H. 1969. The ground-beetles (Carabidae, excl. Cicindelinae) of Canada and Alaska, parts 1-6. Opuscula E. Entomoligiska Sallskapet.","Robert L. Davidson","Carnegie Museum of Invertebrate Zoology",,"No known compromise","N",,
"c4b48ab4-8a5a-42ea-8254-3372bffe351b","BLAN_005.basePlot.bet","D02","BLAN","BLAN_005","2015-06-25","2015-07-09","2016-12-01","NEON.BET.D02.002055","POELUC","Animalia","Arthropoda","Insecta","Coleoptera","Carabidae","Harpalinae","Pterostichini","Poecilus","Poecilus","lucublandus",,"Poecilus lucublandus","Say","species",,"M",,"Lindroth, C. H. 1969. The ground-beetles (Carabidae, excl. Cicindelinae) of Canada and Alaska, parts 1-6. Opuscula E. Entomoligiska Sallskapet.","Robert L. Davidson","Carnegie Museum of Invertebrate Zoology",,"No known compromise","N",,
"9a82c759-e32d-48b5-aea8-8026cd75c641","BLAN_011.basePlot.bet","D02","BLAN","BLAN_011","2015-06-25","2015-07-09","2016-12-01","NEON.BET.D02.002056","POELUC","Animalia","Arthropoda","Insecta","Coleoptera","Carabidae","Harpalinae","Pterostichini","Poecilus","Poecilus","lucublandus",,"Poecilus lucublandus","Say","species",,"F",,"Lindroth, C. H. 1969. The ground-beetles (Carabidae, excl. Cicindelinae) of Canada and Alaska, parts 1-6. Opuscula E. Entomoligiska Sallskapet.","Robert L. Davidson","Carnegie Museum of Invertebrate Zoology",,"No known compromise","N",,
"5db52c2f-dfbd-4457-8633-0368de08da11","BLAN_011.basePlot.bet","D02","BLAN","BLAN_011","2015-06-25","2015-07-09","2016-12-01","NEON.BET.D02.002057","POELUC","Animalia","Arthropoda","Insecta","Coleoptera","Carabidae","Harpalinae","Pterostichini","Poecilus","Poecilus","lucublandus",,"Poecilus lucublandus","Say","species",,"M",,"Lindroth, C. H. 1969. The ground-beetles (Carabidae, excl. Cicindelinae) of Canada and Alaska, parts 1-6. Opuscula E. Entomoligiska Sallskapet.","Robert L. Davidson","Carnegie Museum of Invertebrate Zoology",,"No known compromise","N",,
"214c9933-90d7-4164-a893-9d5011ace2c5","BLAN_007.basePlot.bet","D02","BLAN","BLAN_007","2015-06-25","2015-07-09","2016-12-01","NEON.BET.D02.002126","PTETRI1","Animalia","Arthropoda","Insecta","Coleoptera","Carabidae","Harpalinae","Pterostichini","Pterostichus","Bothriopterus","trinarius",,"Pterostichus trinarius","Casey","species",,"F",,"Lindroth, C. H. 1969. The ground-beetles (Carabidae, excl. Cicindelinae) of Canada and Alaska, parts 1-6. Opuscula E. Entomoligiska Sallskapet.","Robert L. Davidson","Carnegie Museum of Invertebrate Zoology",,"No known compromise","N",,
"6204873d-bdfb-47fd-8714-86672e2cbd0b","BLAN_012.basePlot.bet","D02","BLAN","BLAN_012","2015-06-25","2015-07-09","2016-11-18","NEON.BET.D02.002191","PTESTY","Animalia","Arthropoda","Insecta","Coleoptera","Carabidae","Harpalinae","Pterostichini","Pterostichus","Euferonia","stygicus",,"Pterostichus stygicus","Say","species",,"F",,"Lindroth, C. H. 1969. The ground-beetles (Carabidae, excl. Cicindelinae) of Canada and Alaska, parts 1-6. Opuscula E. Entomoligiska Sallskapet.","Robert L. Davidson","Carnegie Museum of Invertebrate Zoology",,"No known compromise","N",,
"17ae7b96-75ac-4997-82c8-f13c1c1d4ec6","BLAN_005.basePlot.bet","D02","BLAN","BLAN_005","2015-06-25","2015-07-09","2016-11-18","NEON.BET.D02.002190","PTESTY","Animalia","Arthropoda","Insecta","Coleoptera","Carabidae","Harpalinae","Pterostichini","Pterostichus","Euferonia","stygicus",,"Pterostichus stygicus","Say","species",,"M",,"Lindroth, C. H. 1969. The ground-beetles (Carabidae, excl. Cicindelinae) of Canada and Alaska, parts 1-6. Opuscula E. Entomoligiska Sallskapet.","Robert L. Davidson","Carnegie Museum of Invertebrate Zoology",,"No known compromise","N",,
"f4d5554a-31e6-4446-b4f4-0d6d443d394e","BLAN_007.basePlot.bet","D02","BLAN","BLAN_007","2015-06-25","2015-07-09","2016-12-02","NEON.BET.D02.002204","CYCSIG","Animalia","Arthropoda","Insecta","Coleoptera","Carabidae","Harpalinae","Pterostichini","Cyclotrachelus","Evarthrus","sigillatus",,"Cyclotrachelus sigillatus","Say","species",,"M",,"Freitag, R. 1969. A revision of the species of the genus Evarthrus LeConte. Quaestiones Entomologicae 5:89-212.","Robert L. Davidson","Carnegie Museum of Invertebrate Zoology",,"No known compromise","N",,
"1fdfca13-2e1c-4d0d-8782-97ffe942d8c4","BLAN_005.basePlot.bet","D02","BLAN","BLAN_005","2015-06-25","2015-07-09","2016-11-18","NEON.BET.D02.002189","PTESTY","Animalia","Arthropoda","Insecta","Coleoptera","Carabidae","Harpalinae","Pterostichini","Pterostichus","Euferonia","stygicus",,"Pterostichus stygicus","Say","species",,"M",,"Lindroth, C. H. 1969. The ground-beetles (Carabidae, excl. Cicindelinae) of Canada and Alaska, parts 1-6. Opuscula E. Entomoligiska Sallskapet.","Robert L. Davidson","Carnegie Museum of Invertebrate Zoology",,"No known compromise","N",,
"256dcda0-4d5e-43b8-8911-2a927ce1b7ee","BLAN_005.basePlot.bet","D02","BLAN","BLAN_005","2015-06-25","2015-07-09","2016-12-02","NEON.BET.D02.002222","CYCSIG","Animalia","Arthropoda","Insecta","Coleoptera","Carabidae","Harpalinae","Pterostichini","Cyclotrachelus","Evarthrus","sigillatus",,"Cyclotrachelus sigillatus","Say","species",,"M",,"Freitag, R. 1969. A revision of the species of the genus Evarthrus LeConte. Quaestiones Entomologicae 5:89-212.","Robert L. Davidson","Carnegie Museum of Invertebrate Zoology",,"No known compromise","N",,
"ace08e34-29df-471a-a68e-792fd0d8a695","BLAN_005.basePlot.bet","D02","BLAN","BLAN_005","2015-06-25","2015-07-09","2016-12-02","NEON.BET.D02.002223","CYCSIG","Animalia","Arthropoda","Insecta","Coleoptera","Carabidae","Harpalinae","Pterostichini","Cyclotrachelus","Evarthrus","sigillatus",,"Cyclotrachelus sigillatus","Say","species",,"M",,"Freitag, R. 1969. A revision of the species of the genus Evarthrus LeConte. Quaestiones Entomologicae 5:89-212.","Robert L. Davidson","Carnegie Museum of Invertebrate Zoology",,"No known compromise","N",,
"3dc4431f-ef9a-4936-944d-dac47682e9d9","BLAN_006.basePlot.bet","D02","BLAN","BLAN_006","2015-06-25","2015-07-09","2016-12-01","NEON.BET.D02.002290","CYCFUR","Animalia","Arthropoda","Insecta","Coleoptera","Carabidae","Harpalinae","Pterostichini","Cyclotrachelus","Evarthrus","furtivus",,"Cyclotrachelus furtivus","LeConte","species",,"M",,"Freitag, R. 1969. A revision of the species of the genus Evarthrus LeConte. Quaestiones Entomologicae 5:89-212.","Robert L. Davidson","Carnegie Museum of Invertebrate Zoology",,"No known compromise","N",,
"3df8cb3e-4dd5-4a76-a7c7-8df4c968159f","BLAN_006.basePlot.bet","D02","BLAN","BLAN_006","2015-06-25","2015-07-09","2016-12-01","NEON.BET.D02.002293","CYCFUR","Animalia","Arthropoda","Insecta","Coleoptera","Carabidae","Harpalinae","Pterostichini","Cyclotrachelus","Evarthrus","furtivus",,"Cyclotrachelus furtivus","LeConte","species",,"F",,"Freitag, R. 1969. A revision of the species of the genus Evarthrus LeConte. Quaestiones Entomologicae 5:89-212.","Robert L. Davidson","Carnegie Museum of Invertebrate Zoology",,"No known compromise","N",,
"22252a3a-7fda-4398-aab7-7520bef83671","BLAN_006.basePlot.bet","D02","BLAN","BLAN_006","2015-06-25","2015-07-09","2016-12-01","NEON.BET.D02.002291","CYCFUR","Animalia","Arthropoda","Insecta","Coleoptera","Carabidae","Harpalinae","Pterostichini","Cyclotrachelus","Evarthrus","furtivus",,"Cyclotrachelus furtivus","LeConte","species",,"M",,"Freitag, R. 1969. A revision of the species of the genus Evarthrus LeConte. Quaestiones Entomologicae 5:89-212.","Robert L. Davidson","Carnegie Museum of Invertebrate Zoology",,"No known compromise","N",,
"257f377c-bf14-45ce-871f-c8236c170ce8","BLAN_006.basePlot.bet","D02","BLAN","BLAN_006","2015-06-25","2015-07-09","2016-12-01","NEON.BET.D02.002295","CYCFUR","Animalia","Arthropoda","Insecta","Coleoptera","Carabidae","Harpalinae","Pterostichini","Cyclotrachelus","Evarthrus","furtivus",,"Cyclotrachelus furtivus","LeConte","species",,"M",,"Freitag, R. 1969. A revision of the species of the genus Evarthrus LeConte. Quaestiones Entomologicae 5:89-212.","Robert L. Davidson","Carnegie Museum of Invertebrate Zoology",,"No known compromise","N",,
"14a4493a-e789-4240-855e-4260fc3ad235","BLAN_006.basePlot.bet","D02","BLAN","BLAN_006","2015-06-25","2015-07-09","2016-12-01","NEON.BET.D02.002294","CYCFUR","Animalia","Arthropoda","Insecta","Coleoptera","Carabidae","Harpalinae","Pterostichini","Cyclotrachelus","Evarthrus","furtivus",,"Cyclotrachelus furtivus","LeConte","species",,"M",,"Freitag, R. 1969. A revision of the species of the genus Evarthrus LeConte. Quaestiones Entomologicae 5:89-212.","Robert L. Davidson","Carnegie Museum of Invertebrate Zoology",,"No known compromise","N",,
"0895b719-3d5c-4e30-a528-e53e91866772","BLAN_006.basePlot.bet","D02","BLAN","BLAN_006","2015-06-25","2015-07-09","2016-12-01","NEON.BET.D02.002292","CYCFUR","Animalia","Arthropoda","Insecta","Coleoptera","Carabidae","Harpalinae","Pterostichini","Cyclotrachelus","Evarthrus","furtivus",,"Cyclotrachelus furtivus","LeConte","species",,"M",,"Freitag, R. 1969. A revision of the species of the genus Evarthrus LeConte. Quaestiones Entomologicae 5:89-212.","Robert L. Davidson","Carnegie Museum of Invertebrate Zoology",,"No known compromise","N",,
"91e26836-3432-41ba-a3fe-81edf72e42bd","BLAN_001.basePlot.bet","D02","BLAN","BLAN_001","2015-06-25","2015-07-09","2016-12-01","NEON.BET.D02.002275","CYCFUR","Animalia","Arthropoda","Insecta","Coleoptera","Carabidae","Harpalinae","Pterostichini","Cyclotrachelus","Evarthrus","furtivus",,"Cyclotrachelus furtivus","LeConte","species",,"M",,"Freitag, R. 1969. A revision of the species of the genus Evarthrus LeConte. Quaestiones Entomologicae 5:89-212.","Robert L. Davidson","Carnegie Museum of Invertebrate Zoology",,"No known compromise","N",,
"e9a16005-8c8f-4576-927d-8900a84aa604","BLAN_001.basePlot.bet","D02","BLAN","BLAN_001","2015-06-25","2015-07-09","2016-12-01","NEON.BET.D02.002272","CYCFUR","Animalia","Arthropoda","Insecta","Coleoptera","Carabidae","Harpalinae","Pterostichini","Cyclotrachelus","Evarthrus","furtivus",,"Cyclotrachelus furtivus","LeConte","species",,"M",,"Freitag, R. 1969. A revision of the species of the genus Evarthrus LeConte. Quaestiones Entomologicae 5:89-212.","Robert L. Davidson","Carnegie Museum of Invertebrate Zoology",,"No known compromise","N",,
"03f207f8-78a2-4f5e-bb4d-f33da99910a3","BLAN_001.basePlot.bet","D02","BLAN","BLAN_001","2015-06-25","2015-07-09","2016-12-01","NEON.BET.D02.002277","CYCFUR","Animalia","Arthropoda","Insecta","Coleoptera","Carabidae","Harpalinae","Pterostichini","Cyclotrachelus","Evarthrus","furtivus",,"Cyclotrachelus furtivus","LeConte","species",,"F",,"Freitag, R. 1969. A revision of the species of the genus Evarthrus LeConte. Quaestiones Entomologicae 5:89-212.","Robert L. Davidson","Carnegie Museum of Invertebrate Zoology",,"No known compromise","N",,
"209d1264-ef3c-4d56-ac34-a19df2bbffa1","BLAN_001.basePlot.bet","D02","BLAN","BLAN_001","2015-06-25","2015-07-09","2016-12-01","NEON.BET.D02.002278","CYCFUR","Animalia","Arthropoda","Insecta","Coleoptera","Carabidae","Harpalinae","Pterostichini","Cyclotrachelus","Evarthrus","furtivus",,"Cyclotrachelus furtivus","LeConte","species",,"M",,"Freitag, R. 1969. A revision of the species of the genus Evarthrus LeConte. Quaestiones Entomologicae 5:89-212.","Robert L. Davidson","Carnegie Museum of Invertebrate Zoology",,"No known compromise","N",,
"b16e8c2f-5474-4ff1-a55f-376b2ce87187","BLAN_004.basePlot.bet","D02","BLAN","BLAN_004","2015-06-25","2015-07-09","2016-12-01","NEON.BET.D02.002280","CYCFUR","Animalia","Arthropoda","Insecta","Coleoptera","Carabidae","Harpalinae","Pterostichini","Cyclotrachelus","Evarthrus","furtivus",,"Cyclotrachelus furtivus","LeConte","species",,"F",,"Freitag, R. 1969. A revision of the species of the genus Evarthrus LeConte. Quaestiones Entomologicae 5:89-212.","Robert L. Davidson","Carnegie Museum of Invertebrate Zoology",,"No known compromise","N",,
"2022634d-09cd-4221-b134-e49e75040626","BLAN_007.basePlot.bet","D02","BLAN","BLAN_007","2015-06-25","2015-07-09","2016-12-01","NEON.BET.D02.002298","CYCFUR","Animalia","Arthropoda","Insecta","Coleoptera","Carabidae","Harpalinae","Pterostichini","Cyclotrachelus","Evarthrus","furtivus",,"Cyclotrachelus furtivus","LeConte","species",,"M",,"Freitag, R. 1969. A revision of the species of the genus Evarthrus LeConte. Quaestiones Entomologicae 5:89-212.","Robert L. Davidson","Carnegie Museum of Invertebrate Zoology",,"No known compromise","N",,
"0beea96e-b936-40a6-b944-861a936b7af1","BLAN_007.basePlot.bet","D02","BLAN","BLAN_007","2015-06-25","2015-07-09","2016-12-01","NEON.BET.D02.002300","CYCFUR","Animalia","Arthropoda","Insecta","Coleoptera","Carabidae","Harpalinae","Pterostichini","Cyclotrachelus","Evarthrus","furtivus",,"Cyclotrachelus furtivus","LeConte","species",,"M",,"Freitag, R. 1969. A revision of the species of the genus Evarthrus LeConte. Quaestiones Entomologicae 5:89-212.","Robert L. Davidson","Carnegie Museum of Invertebrate Zoology",,"No known compromise","N",,
"1ec95f12-9dc6-4d79-a212-b44d8f6c9f81","BLAN_007.basePlot.bet","D02","BLAN","BLAN_007","2015-06-25","2015-07-09","2016-12-01","NEON.BET.D02.002303","CYCFUR","Animalia","Arthropoda","Insecta","Coleoptera","Carabidae","Harpalinae","Pterostichini","Cyclotrachelus","Evarthrus","furtivus",,"Cyclotrachelus furtivus","LeConte","species",,"M",,"Freitag, R. 1969. A revision of the species of the genus Evarthrus LeConte. Quaestiones Entomologicae 5:89-212.","Robert L. Davidson","Carnegie Museum of Invertebrate Zoology",,"No known compromise","N",,
"b982b28e-0183-4408-b946-2320e9c96152","BLAN_007.basePlot.bet","D02","BLAN","BLAN_007","2015-06-25","2015-07-09","2016-12-01","NEON.BET.D02.002302","CYCFUR","Animalia","Arthropoda","Insecta","Coleoptera","Carabidae","Harpalinae","Pterostichini","Cyclotrachelus","Evarthrus","furtivus",,"Cyclotrachelus furtivus","LeConte","species",,"M",,"Freitag, R. 1969. A revision of the species of the genus Evarthrus LeConte. Quaestiones Entomologicae 5:89-212.","Robert L. Davidson","Carnegie Museum of Invertebrate Zoology",,"No known compromise","N",,
"3725c6b8-7080-49fa-9731-5470d9a221dd","BLAN_007.basePlot.bet","D02","BLAN","BLAN_007","2015-06-25","2015-07-09","2016-12-01","NEON.BET.D02.002297","CYCFUR","Animalia","Arthropoda","Insecta","Coleoptera","Carabidae","Harpalinae","Pterostichini","Cyclotrachelus","Evarthrus","furtivus",,"Cyclotrachelus furtivus","LeConte","species",,"F",,"Freitag, R. 1969. A revision of the species of the genus Evarthrus LeConte. Quaestiones Entomologicae 5:89-212.","Robert L. Davidson","Carnegie Museum of Invertebrate Zoology",,"No known compromise","N",,
"64e939c3-bf6d-49e4-a6a6-1beff9e6963b","BLAN_007.basePlot.bet","D02","BLAN","BLAN_007","2015-06-25","2015-07-09","2016-12-01","NEON.BET.D02.002304","CYCFUR","Animalia","Arthropoda","Insecta","Coleoptera","Carabidae","Harpalinae","Pterostichini","Cyclotrachelus","Evarthrus","furtivus",,"Cyclotrachelus furtivus","LeConte","species",,"M",,"Freitag, R. 1969. A revision of the species of the genus Evarthrus LeConte. Quaestiones Entomologicae 5:89-212.","Robert L. Davidson","Carnegie Museum of Invertebrate Zoology",,"No known compromise","N",,
"ff9c491a-8d5a-44ba-9386-ec0c7270e5f5","BLAN_007.basePlot.bet","D02","BLAN","BLAN_007","2015-06-25","2015-07-09","2016-12-01","NEON.BET.D02.002296","CYCFUR","Animalia","Arthropoda","Insecta","Coleoptera","Carabidae","Harpalinae","Pterostichini","Cyclotrachelus","Evarthrus","furtivus",,"Cyclotrachelus furtivus","LeConte","species",,"M",,"Freitag, R. 1969. A revision of the species of the genus Evarthrus LeConte. Quaestiones Entomologicae 5:89-212.","Robert L. Davidson","Carnegie Museum of Invertebrate Zoology",,"No known compromise","N",,
"ca52f60c-d64a-4f4c-9309-fba36fdc166c","BLAN_007.basePlot.bet","D02","BLAN","BLAN_007","2015-06-25","2015-07-09","2016-12-01","NEON.BET.D02.002299","CYCFUR","Animalia","Arthropoda","Insecta","Coleoptera","Carabidae","Harpalinae","Pterostichini","Cyclotrachelus","Evarthrus","furtivus",,"Cyclotrachelus furtivus","LeConte","species",,"M",,"Freitag, R. 1969. A revision of the species of the genus Evarthrus LeConte. Quaestiones Entomologicae 5:89-212.","Robert L. Davidson","Carnegie Museum of Invertebrate Zoology",,"No known compromise","N",,
"9da08dd9-7d7e-4671-878e-9654d4fa67ad","BLAN_007.basePlot.bet","D02","BLAN","BLAN_007","2015-06-25","2015-07-09","2016-12-01","NEON.BET.D02.002301","CYCFUR","Animalia","Arthropoda","Insecta","Coleoptera","Carabidae","Harpalinae","Pterostichini","Cyclotrachelus","Evarthrus","furtivus",,"Cyclotrachelus furtivus","LeConte","species",,"M",,"Freitag, R. 1969. A revision of the species of the genus Evarthrus LeConte. Quaestiones Entomologicae 5:89-212.","Robert L. Davidson","Carnegie Museum of Invertebrate Zoology",,"No known compromise","N",,
"cad4dfc7-707c-4f53-8779-131822a395b7","BLAN_007.basePlot.bet","D02","BLAN","BLAN_007","2015-06-25","2015-07-09","2016-12-01","NEON.BET.D02.002305","CYCFUR","Animalia","Arthropoda","Insecta","Coleoptera","Carabidae","Harpalinae","Pterostichini","Cyclotrachelus","Evarthrus","furtivus",,"Cyclotrachelus furtivus","LeConte","species",,"M",,"Freitag, R. 1969. A revision of the species of the genus Evarthrus LeConte. Quaestiones Entomologicae 5:89-212.","Robert L. Davidson","Carnegie Museum of Invertebrate Zoology",,"No known compromise","N",,
"755d90cf-345a-4311-a70e-2d3110277bd5","BLAN_012.basePlot.bet","D02","BLAN","BLAN_012","2015-06-25","2015-07-09","2016-12-01","NEON.BET.D02.002327","CYCFUR","Animalia","Arthropoda","Insecta","Coleoptera","Carabidae","Harpalinae","Pterostichini","Cyclotrachelus","Evarthrus","furtivus",,"Cyclotrachelus furtivus","LeConte","species",,"M",,"Freitag, R. 1969. A revision of the species of the genus Evarthrus LeConte. Quaestiones Entomologicae 5:89-212.","Robert L. Davidson","Carnegie Museum of Invertebrate Zoology",,"No known compromise","N",,
"9df61423-f70f-4e65-9d28-6698c4a78b9b","BLAN_012.basePlot.bet","D02","BLAN","BLAN_012","2015-06-25","2015-07-09","2016-12-01","NEON.BET.D02.002322","CYCFUR","Animalia","Arthropoda","Insecta","Coleoptera","Carabidae","Harpalinae","Pterostichini","Cyclotrachelus","Evarthrus","furtivus",,"Cyclotrachelus furtivus","LeConte","species",,"M",,"Freitag, R. 1969. A revision of the species of the genus Evarthrus LeConte. Quaestiones Entomologicae 5:89-212.","Robert L. Davidson","Carnegie Museum of Invertebrate Zoology",,"No known compromise","N",,
"fbd8b8c9-6eb1-468b-bc94-fb683cdfe6f5","BLAN_005.basePlot.bet","D02","BLAN","BLAN_005","2015-06-25","2015-07-09","2016-12-01","NEON.BET.D02.002330","CYCFUR","Animalia","Arthropoda","Insecta","Coleoptera","Carabidae","Harpalinae","Pterostichini","Cyclotrachelus","Evarthrus","furtivus",,"Cyclotrachelus furtivus","LeConte","species",,"M",,"Freitag, R. 1969. A revision of the species of the genus Evarthrus LeConte. Quaestiones Entomologicae 5:89-212.","Robert L. Davidson","Carnegie Museum of Invertebrate Zoology",,"No known compromise","N",,
"4d0376d3-6438-4bba-b929-59262a17cb5e","BLAN_012.basePlot.bet","D02","BLAN","BLAN_012","2015-06-25","2015-07-09","2016-12-01","NEON.BET.D02.002324","CYCFUR","Animalia","Arthropoda","Insecta","Coleoptera","Carabidae","Harpalinae","Pterostichini","Cyclotrachelus","Evarthrus","furtivus",,"Cyclotrachelus furtivus","LeConte","species",,"M",,"Freitag, R. 1969. A revision of the species of the genus Evarthrus LeConte. Quaestiones Entomologicae 5:89-212.","Robert L. Davidson","Carnegie Museum of Invertebrate Zoology",,"No known compromise","N",,
"7ea4ffb8-1958-4b5b-bcb0-49b42448fd4c","BLAN_012.basePlot.bet","D02","BLAN","BLAN_012","2015-06-25","2015-07-09","2016-12-01","NEON.BET.D02.002328","CYCFUR","Animalia","Arthropoda","Insecta","Coleoptera","Carabidae","Harpalinae","Pterostichini","Cyclotrachelus","Evarthrus","furtivus",,"Cyclotrachelus furtivus","LeConte","species",,"F",,"Freitag, R. 1969. A revision of the species of the genus Evarthrus LeConte. Quaestiones Entomologicae 5:89-212.","Robert L. Davidson","Carnegie Museum of Invertebrate Zoology",,"No known compromise","N",,
"598ca0c8-9a69-45c6-a891-e631b61f761e","BLAN_012.basePlot.bet","D02","BLAN","BLAN_012","2015-06-25","2015-07-09","2016-12-01","NEON.BET.D02.002325","CYCFUR","Animalia","Arthropoda","Insecta","Coleoptera","Carabidae","Harpalinae","Pterostichini","Cyclotrachelus","Evarthrus","furtivus",,"Cyclotrachelus furtivus","LeConte","species",,"M",,"Freitag, R. 1969. A revision of the species of the genus Evarthrus LeConte. Quaestiones Entomologicae 5:89-212.","Robert L. Davidson","Carnegie Museum of Invertebrate Zoology",,"No known compromise","N",,
"a4519071-5943-4e40-8f3a-53b0e95fb474","BLAN_012.basePlot.bet","D02","BLAN","BLAN_012","2015-06-25","2015-07-09","2016-12-01","NEON.BET.D02.002323","CYCFUR","Animalia","Arthropoda","Insecta","Coleoptera","Carabidae","Harpalinae","Pterostichini","Cyclotrachelus","Evarthrus","furtivus",,"Cyclotrachelus furtivus","LeConte","species",,"M",,"Freitag, R. 1969. A revision of the species of the genus Evarthrus LeConte. Quaestiones Entomologicae 5:89-212.","Robert L. Davidson","Carnegie Museum of Invertebrate Zoology",,"No known compromise","N",,
"75ddb272-6c64-48ca-9699-3419bec6e857","BLAN_012.basePlot.bet","D02","BLAN","BLAN_012","2015-06-25","2015-07-09","2016-12-01","NEON.BET.D02.002326","CYCFUR","Animalia","Arthropoda","Insecta","Coleoptera","Carabidae","Harpalinae","Pterostichini","Cyclotrachelus","Evarthrus","furtivus",,"Cyclotrachelus furtivus","LeConte","species",,"M",,"Freitag, R. 1969. A revision of the species of the genus Evarthrus LeConte. Quaestiones Entomologicae 5:89-212.","Robert L. Davidson","Carnegie Museum of Invertebrate Zoology",,"No known compromise","N",,
"40ae4e2e-adee-4cba-b67a-23bf4c4cb282","BLAN_009.basePlot.bet","D02","BLAN","BLAN_009","2015-06-25","2015-07-09","2016-12-01","NEON.BET.D02.002307","CYCFUR","Animalia","Arthropoda","Insecta","Coleoptera","Carabidae","Harpalinae","Pterostichini","Cyclotrachelus","Evarthrus","furtivus",,"Cyclotrachelus furtivus","LeConte","species",,"M",,"Freitag, R. 1969. A revision of the species of the genus Evarthrus LeConte. Quaestiones Entomologicae 5:89-212.","Robert L. Davidson","Carnegie Museum of Invertebrate Zoology",,"No known compromise","N",,
"9e63d3c4-678c-4033-a2af-91fb2886842b","BLAN_009.basePlot.bet","D02","BLAN","BLAN_009","2015-06-25","2015-07-09","2016-12-01","NEON.BET.D02.002308","CYCFUR","Animalia","Arthropoda","Insecta","Coleoptera","Carabidae","Harpalinae","Pterostichini","Cyclotrachelus","Evarthrus","furtivus",,"Cyclotrachelus furtivus","LeConte","species",,"M",,"Freitag, R. 1969. A revision of the species of the genus Evarthrus LeConte. Quaestiones Entomologicae 5:89-212.","Robert L. Davidson","Carnegie Museum of Invertebrate Zoology",,"No known compromise","N",,
"9eaf00f7-ccbb-42c8-9193-8918de4e8121","BLAN_009.basePlot.bet","D02","BLAN","BLAN_009","2015-06-25","2015-07-09","2016-12-01","NEON.BET.D02.002314","CYCFUR","Animalia","Arthropoda","Insecta","Coleoptera","Carabidae","Harpalinae","Pterostichini","Cyclotrachelus","Evarthrus","furtivus",,"Cyclotrachelus furtivus","LeConte","species",,"F",,"Freitag, R. 1969. A revision of the species of the genus Evarthrus LeConte. Quaestiones Entomologicae 5:89-212.","Robert L. Davidson","Carnegie Museum of Invertebrate Zoology",,"No known compromise","N",,
"4b1da92d-1433-4192-a99b-79f6075764c8","BLAN_012.basePlot.bet","D02","BLAN","BLAN_012","2015-06-25","2015-07-09","2016-12-01","NEON.BET.D02.002329","CYCFUR","Animalia","Arthropoda","Insecta","Coleoptera","Carabidae","Harpalinae","Pterostichini","Cyclotrachelus","Evarthrus","furtivus",,"Cyclotrachelus furtivus","LeConte","species",,"F",,"Freitag, R. 1969. A revision of the species of the genus Evarthrus LeConte. Quaestiones Entomologicae 5:89-212.","Robert L. Davidson","Carnegie Museum of Invertebrate Zoology",,"No known compromise","N",,
"b6b6d254-52f9-423a-9dc4-ae7c566df0e1","BLAN_009.basePlot.bet","D02","BLAN","BLAN_009","2015-06-25","2015-07-09","2016-12-01","NEON.BET.D02.002319","CYCFUR","Animalia","Arthropoda","Insecta","Coleoptera","Carabidae","Harpalinae","Pterostichini","Cyclotrachelus","Evarthrus","furtivus",,"Cyclotrachelus furtivus","LeConte","species",,"M",,"Freitag, R. 1969. A revision of the species of the genus Evarthrus LeConte. Quaestiones Entomologicae 5:89-212.","Robert L. Davidson","Carnegie Museum of Invertebrate Zoology",,"No known compromise","N",,
"7863335f-7256-411d-bb71-7f9b72d1e71d","BLAN_009.basePlot.bet","D02","BLAN","BLAN_009","2015-06-25","2015-07-09","2016-12-01","NEON.BET.D02.002312","CYCFUR","Animalia","Arthropoda","Insecta","Coleoptera","Carabidae","Harpalinae","Pterostichini","Cyclotrachelus","Evarthrus","furtivus",,"Cyclotrachelus furtivus","LeConte","species",,"M",,"Freitag, R. 1969. A revision of the species of the genus Evarthrus LeConte. Quaestiones Entomologicae 5:89-212.","Robert L. Davidson","Carnegie Museum of Invertebrate Zoology",,"No known compromise","N",,
"4da3a816-bddb-469d-b239-d52e261dd569","BLAN_009.basePlot.bet","D02","BLAN","BLAN_009","2015-06-25","2015-07-09","2016-12-01","NEON.BET.D02.002313","CYCFUR","Animalia","Arthropoda","Insecta","Coleoptera","Carabidae","Harpalinae","Pterostichini","Cyclotrachelus","Evarthrus","furtivus",,"Cyclotrachelus furtivus","LeConte","species",,"M",,"Freitag, R. 1969. A revision of the species of the genus Evarthrus LeConte. Quaestiones Entomologicae 5:89-212.","Robert L. Davidson","Carnegie Museum of Invertebrate Zoology",,"No known compromise","N",,
"61aafb7b-d27b-48f2-8387-ddffbe7009b7","BLAN_009.basePlot.bet","D02","BLAN","BLAN_009","2015-06-25","2015-07-09","2016-12-01","NEON.BET.D02.002318","CYCFUR","Animalia","Arthropoda","Insecta","Coleoptera","Carabidae","Harpalinae","Pterostichini","Cyclotrachelus","Evarthrus","furtivus",,"Cyclotrachelus furtivus","LeConte","species",,"F",,"Freitag, R. 1969. A revision of the species of the genus Evarthrus LeConte. Quaestiones Entomologicae 5:89-212.","Robert L. Davidson","Carnegie Museum of Invertebrate Zoology",,"No known compromise","N",,
"edb15f22-27ce-4616-b905-4ab83ad8e8cc","BLAN_009.basePlot.bet","D02","BLAN","BLAN_009","2015-06-25","2015-07-09","2016-12-01","NEON.BET.D02.002317","CYCFUR","Animalia","Arthropoda","Insecta","Coleoptera","Carabidae","Harpalinae","Pterostichini","Cyclotrachelus","Evarthrus","furtivus",,"Cyclotrachelus furtivus","LeConte","species",,"M",,"Freitag, R. 1969. A revision of the species of the genus Evarthrus LeConte. Quaestiones Entomologicae 5:89-212.","Robert L. Davidson","Carnegie Museum of Invertebrate Zoology",,"No known compromise","N",,
"78dc9bca-7d12-4ffe-8428-9ee4826052fc","BLAN_009.basePlot.bet","D02","BLAN","BLAN_009","2015-06-25","2015-07-09","2016-12-01","NEON.BET.D02.002310","CYCFUR","Animalia","Arthropoda","Insecta","Coleoptera","Carabidae","Harpalinae","Pterostichini","Cyclotrachelus","Evarthrus","furtivus",,"Cyclotrachelus furtivus","LeConte","species",,"M",,"Freitag, R. 1969. A revision of the species of the genus Evarthrus LeConte. Quaestiones Entomologicae 5:89-212.","Robert L. Davidson","Carnegie Museum of Invertebrate Zoology",,"No known compromise","N",,
"7c34244a-4647-4b19-ad67-c864d666c55e","BLAN_009.basePlot.bet","D02","BLAN","BLAN_009","2015-06-25","2015-07-09","2016-12-01","NEON.BET.D02.002316","CYCFUR","Animalia","Arthropoda","Insecta","Coleoptera","Carabidae","Harpalinae","Pterostichini","Cyclotrachelus","Evarthrus","furtivus",,"Cyclotrachelus furtivus","LeConte","species",,"M",,"Freitag, R. 1969. A revision of the species of the genus Evarthrus LeConte. Quaestiones Entomologicae 5:89-212.","Robert L. Davidson","Carnegie Museum of Invertebrate Zoology",,"No known compromise","N",,
"f2cfbd95-c1ea-4678-9779-46c52ef8308d","BLAN_009.basePlot.bet","D02","BLAN","BLAN_009","2015-06-25","2015-07-09","2016-12-01","NEON.BET.D02.002309","CYCFUR","Animalia","Arthropoda","Insecta","Coleoptera","Carabidae","Harpalinae","Pterostichini","Cyclotrachelus","Evarthrus","furtivus",,"Cyclotrachelus furtivus","LeConte","species",,"F",,"Freitag, R. 1969. A revision of the species of the genus Evarthrus LeConte. Quaestiones Entomologicae 5:89-212.","Robert L. Davidson","Carnegie Museum of Invertebrate Zoology",,"No known compromise","N",,
"f2bc49c5-6112-40f8-9433-8325c597cfd7","BLAN_009.basePlot.bet","D02","BLAN","BLAN_009","2015-06-25","2015-07-09","2016-12-01","NEON.BET.D02.002331","CYCFUR","Animalia","Arthropoda","Insecta","Coleoptera","Carabidae","Harpalinae","Pterostichini","Cyclotrachelus","Evarthrus","furtivus",,"Cyclotrachelus furtivus","LeConte","species",,"F",,"Freitag, R. 1969. A revision of the species of the genus Evarthrus LeConte. Quaestiones Entomologicae 5:89-212.","Robert L. Davidson","Carnegie Museum of Invertebrate Zoology",,"No known compromise","N",,
"10def6fd-d4dc-48e2-aa84-7be500315dbc","BLAN_009.basePlot.bet","D02","BLAN","BLAN_009","2015-06-25","2015-07-09","2016-12-01","NEON.BET.D02.002311","CYCFUR","Animalia","Arthropoda","Insecta","Coleoptera","Carabidae","Harpalinae","Pterostichini","Cyclotrachelus","Evarthrus","furtivus",,"Cyclotrachelus furtivus","LeConte","species",,"F",,"Freitag, R. 1969. A revision of the species of the genus Evarthrus LeConte. Quaestiones Entomologicae 5:89-212.","Robert L. Davidson","Carnegie Museum of Invertebrate Zoology",,"No known compromise","N",,
"da8da16e-35c5-40de-a633-fe430be6628c","BLAN_009.basePlot.bet","D02","BLAN","BLAN_009","2015-06-25","2015-07-09","2016-12-01","NEON.BET.D02.002306","CYCFUR","Animalia","Arthropoda","Insecta","Coleoptera","Carabidae","Harpalinae","Pterostichini","Cyclotrachelus","Evarthrus","furtivus",,"Cyclotrachelus furtivus","LeConte","species",,"M",,"Freitag, R. 1969. A revision of the species of the genus Evarthrus LeConte. Quaestiones Entomologicae 5:89-212.","Robert L. Davidson","Carnegie Museum of Invertebrate Zoology",,"No known compromise","N",,
"eff41228-adf8-4b52-a12c-24abacc8abd2","BLAN_009.basePlot.bet","D02","BLAN","BLAN_009","2015-06-25","2015-07-09","2016-12-01","NEON.BET.D02.002315","CYCFUR","Animalia","Arthropoda","Insecta","Coleoptera","Carabidae","Harpalinae","Pterostichini","Cyclotrachelus","Evarthrus","furtivus",,"Cyclotrachelus furtivus","LeConte","species",,"M",,"Freitag, R. 1969. A revision of the species of the genus Evarthrus LeConte. Quaestiones Entomologicae 5:89-212.","Robert L. Davidson","Carnegie Museum of Invertebrate Zoology",,"No known compromise","N",,
"50bff70c-eb1c-4814-8962-20b49042c5a9","BLAN_006.basePlot.bet","D02","BLAN","BLAN_006","2015-06-25","2015-07-09","2016-11-16","NEON.BET.D02.002343","CHLTOM","Animalia","Arthropoda","Insecta","Coleoptera","Carabidae","Harpalinae","Chlaeniini","Chlaenius","Eurydactylus","tomentosus",,"Chlaenius tomentosus","Say","species",,"F",,"Bell, R. T. 1960. A Revision of the Genus Chlaenius Bonelli (Coleoptera, Carabidae) in North America. Miscellaneous Publications of the Entomological Society of America 1:98-166.","Robert L. Davidson","Carnegie Museum of Invertebrate Zoology",,"No known compromise","N",,
"c507a355-81c5-4f95-8ddc-c043803eae76","BLAN_006.basePlot.bet","D02","BLAN","BLAN_006","2015-06-25","2015-07-09","2016-11-16","NEON.BET.D02.002344","CHLTOM","Animalia","Arthropoda","Insecta","Coleoptera","Carabidae","Harpalinae","Chlaeniini","Chlaenius","Eurydactylus","tomentosus",,"Chlaenius tomentosus","Say","species",,"M",,"Bell, R. T. 1960. A Revision of the Genus Chlaenius Bonelli (Coleoptera, Carabidae) in North America. Miscellaneous Publications of the Entomological Society of America 1:98-166.","Robert L. Davidson","Carnegie Museum of Invertebrate Zoology",,"No known compromise","N",,
"db9e50f2-4ff9-4801-889d-8ee4530e939c","BLAN_011.basePlot.bet","D02","BLAN","BLAN_011","2015-06-25","2015-07-09","2016-12-01","NEON.BET.D02.002320","CYCFUR","Animalia","Arthropoda","Insecta","Coleoptera","Carabidae","Harpalinae","Pterostichini","Cyclotrachelus","Evarthrus","furtivus",,"Cyclotrachelus furtivus","LeConte","species",,"F",,"Freitag, R. 1969. A revision of the species of the genus Evarthrus LeConte. Quaestiones Entomologicae 5:89-212.","Robert L. Davidson","Carnegie Museum of Invertebrate Zoology",,"No known compromise","N",,
"83866257-6b26-4d6e-9074-32060b007677","BLAN_011.basePlot.bet","D02","BLAN","BLAN_011","2015-06-25","2015-07-09","2016-12-01","NEON.BET.D02.002321","CYCFUR","Animalia","Arthropoda","Insecta","Coleoptera","Carabidae","Harpalinae","Pterostichini","Cyclotrachelus","Evarthrus","furtivus",,"Cyclotrachelus furtivus","LeConte","species",,"M",,"Freitag, R. 1969. A revision of the species of the genus Evarthrus LeConte. Quaestiones Entomologicae 5:89-212.","Robert L. Davidson","Carnegie Museum of Invertebrate Zoology",,"No known compromise","N",,
"9c141b09-ef7e-4003-93f9-54f46fbc1a35","BLAN_001.basePlot.bet","D02","BLAN","BLAN_001","2015-06-25","2015-07-09","2016-11-16","NEON.BET.D02.002361","CHLAES","Animalia","Arthropoda","Insecta","Coleoptera","Carabidae","Harpalinae","Chlaeniini","Chlaenius","Chlaenius","aestivus",,"Chlaenius aestivus","Say","species",,"M",,"Bell, R. T. 1960. A Revision of the Genus Chlaenius Bonelli (Coleoptera, Carabidae) in North America. Miscellaneous Publications of the Entomological Society of America 1:98-166.","Robert L. Davidson","Carnegie Museum of Invertebrate Zoology",,"No known compromise","N",,
"2957a8e3-0a86-4278-ac6d-c6376acc4142","BLAN_001.basePlot.bet","D02","BLAN","BLAN_001","2015-06-25","2015-07-09","2016-11-17","NEON.BET.D02.002380","DICDIL1","Animalia","Arthropoda","Insecta","Coleoptera","Carabidae","Harpalinae","Licinini","Dicaelus","Paradicaelus","dilatatus","dilatatus","Dicaelus dilatatus dilatatus","Say","subspecies",,"M",,"Ball, G. E. 1959. A taxonomic study of the North American Licinini with notes on the Old World species of the genus Diplocheila BrullÃ© (Coleoptera). Memoirs of the American Entomological Society No. 16.","Robert L. Davidson","Carnegie Museum of Invertebrate Zoology",,"No known compromise","N",,
"74324af0-e6f4-43f7-95e5-8b7a35fc8567","BLAN_005.basePlot.bet","D02","BLAN","BLAN_005","2015-06-25","2015-07-09","2016-11-16","NEON.BET.D02.002362","CHLAES","Animalia","Arthropoda","Insecta","Coleoptera","Carabidae","Harpalinae","Chlaeniini","Chlaenius","Chlaenius","aestivus",,"Chlaenius aestivus","Say","species",,"M",,"Bell, R. T. 1960. A Revision of the Genus Chlaenius Bonelli (Coleoptera, Carabidae) in North America. Miscellaneous Publications of the Entomological Society of America 1:98-166.","Robert L. Davidson","Carnegie Museum of Invertebrate Zoology",,"No known compromise","N",,
"3f601362-7304-40e7-a668-3b7182d3285d","BLAN_005.basePlot.bet","D02","BLAN","BLAN_005","2015-06-25","2015-07-09","2016-11-17","NEON.BET.D02.002381","DICDIL1","Animalia","Arthropoda","Insecta","Coleoptera","Carabidae","Harpalinae","Licinini","Dicaelus","Paradicaelus","dilatatus","dilatatus","Dicaelus dilatatus dilatatus","Say","subspecies",,"F",,"Ball, G. E. 1959. A taxonomic study of the North American Licinini with notes on the Old World species of the genus Diplocheila BrullÃ© (Coleoptera). Memoirs of the American Entomological Society No. 16.","Robert L. Davidson","Carnegie Museum of Invertebrate Zoology",,"No known compromise","N",,
"d869ebdb-e8f9-4b5f-85bf-a0db72504a71","BLAN_004.basePlot.bet","D02","BLAN","BLAN_004","2015-06-25","2015-07-09","2016-12-12","NEON.BET.D02.002425","ANIRUS","Animalia","Arthropoda","Insecta","Coleoptera","Carabidae","Harpalinae","Harpalini","Anisodactylus","Gynandrotarsus","rusticus",,"Anisodactylus rusticus","Say","species",,"M",,"Noonan, G. R. 1973. The Anisodactylines (Insecta: Coleoptera: Carabidae: Harpalini): classification, evolution and zoogeography. Quaestiones Entomologicae 9:266-480.","Robert L. Davidson","Carnegie Museum of Invertebrate Zoology","genitalia examined","No known compromise","N",,
"b4820507-2a34-400d-b9a6-4ffe7652e756","BLAN_004.basePlot.bet","D02","BLAN","BLAN_004","2015-06-25","2015-07-09","2016-12-12","NEON.BET.D02.002426","ANIRUS","Animalia","Arthropoda","Insecta","Coleoptera","Carabidae","Harpalinae","Harpalini","Anisodactylus","Gynandrotarsus","rusticus",,"Anisodactylus rusticus","Say","species",,"M",,"Noonan, G. R. 1973. The Anisodactylines (Insecta: Coleoptera: Carabidae: Harpalini): classification, evolution and zoogeography. Quaestiones Entomologicae 9:266-480.","Robert L. Davidson","Carnegie Museum of Invertebrate Zoology","genitalia examined","No known compromise","N",,
"51ad3ceb-a467-420a-a93d-50d76c204b67","BLAN_006.basePlot.bet","D02","BLAN","BLAN_006","2015-06-25","2015-07-09","2016-12-12","NEON.BET.D02.002427","ANIRUS","Animalia","Arthropoda","Insecta","Coleoptera","Carabidae","Harpalinae","Harpalini","Anisodactylus","Gynandrotarsus","rusticus",,"Anisodactylus rusticus","Say","species",,"M",,"Noonan, G. R. 1973. The Anisodactylines (Insecta: Coleoptera: Carabidae: Harpalini): classification, evolution and zoogeography. Quaestiones Entomologicae 9:266-480.","Robert L. Davidson","Carnegie Museum of Invertebrate Zoology",,"No known compromise","N",,
"654a4514-8266-4371-a37e-4b31223ce5c8","BLAN_002.basePlot.bet","D02","BLAN","BLAN_002","2015-06-25","2015-07-09","2016-12-12","NEON.BET.D02.002447","ANIDUL","Animalia","Arthropoda","Insecta","Coleoptera","Carabidae","Harpalinae","Harpalini","Anisodactylus","Gynandrotarsus","dulcicollis",,"Anisodactylus dulcicollis","LaFerte-Senectere","species",,"M",,"Noonan, G. R. 1973. The Anisodactylines (Insecta: Coleoptera: Carabidae: Harpalini): classification, evolution and zoogeography. Quaestiones Entomologicae 9:266-480.","Robert L. Davidson","Carnegie Museum of Invertebrate Zoology",,"No known compromise","N",,
"0276aed7-d250-43f4-92af-f8a540b9460e","BLAN_006.basePlot.bet","D02","BLAN","BLAN_006","2015-06-25","2015-07-09","2016-12-12","NEON.BET.D02.002428","ANIRUS","Animalia","Arthropoda","Insecta","Coleoptera","Carabidae","Harpalinae","Harpalini","Anisodactylus","Gynandrotarsus","rusticus",,"Anisodactylus rusticus","Say","species",,"F",,"Noonan, G. R. 1973. The Anisodactylines (Insecta: Coleoptera: Carabidae: Harpalini): classification, evolution and zoogeography. Quaestiones Entomologicae 9:266-480.","Robert L. Davidson","Carnegie Museum of Invertebrate Zoology",,"No known compromise","N",,
"2d05849b-fe5b-43d4-81ef-04a2b4099e35","BLAN_006.basePlot.bet","D02","BLAN","BLAN_006","2015-06-25","2015-07-09","2016-12-12","NEON.BET.D02.002429","ANIRUS","Animalia","Arthropoda","Insecta","Coleoptera","Carabidae","Harpalinae","Harpalini","Anisodactylus","Gynandrotarsus","rusticus",,"Anisodactylus rusticus","Say","species",,"F",,"Noonan, G. R. 1973. The Anisodactylines (Insecta: Coleoptera: Carabidae: Harpalini): classification, evolution and zoogeography. Quaestiones Entomologicae 9:266-480.","Robert L. Davidson","Carnegie Museum of Invertebrate Zoology",,"No known compromise","N",,
"3e91d6c7-bd25-487c-9606-519de576575b","BLAN_006.basePlot.bet","D02","BLAN","BLAN_006","2015-06-25","2015-07-09","2016-12-16","NEON.BET.D02.002471","HARPEN","Animalia","Arthropoda","Insecta","Coleoptera","Carabidae","Harpalinae","Harpalini","Harpalus","Pseudoophonus","pensylvanicus",,"Harpalus pensylvanicus","DeGeer","species",,"M",,"Ball, G. E., and J. N. Anderson. 1962. The taxonomy and speciation of Pseudophonus (a subgenus of Harpalus: Haralini: Carabidae, known to occur in North America). The Catholic University of America Press, Washington 17, D. C.","Robert L. Davidson","Carnegie Museum of Invertebrate Zoology",,"No known compromise","N",,
"c3918331-384d-43d4-bde2-7be7209fd714","BLAN_012.basePlot.bet","D02","BLAN","BLAN_012","2015-06-25","2015-07-09","2016-12-16","NEON.BET.D02.002498","HARSP7","Animalia","Arthropoda","Insecta","Coleoptera","Carabidae","Harpalinae","Harpalini","Harpalus",,"sp.",,"Harpalus sp.","Latreille","genus",,"F",,"Ball, G. E., and J. N. Anderson. 1962. The taxonomy and speciation of Pseudophonus (a subgenus of Harpalus: Haralini: Carabidae, known to occur in North America). The Catholic University of America Press, Washington 17, D. C.","Robert L. Davidson","Carnegie Museum of Invertebrate Zoology","H. vagans or H. protractus","No known compromise","N",,
"d23be90b-6f03-4cb5-adc1-50e1f39bbf1b","BLAN_006.basePlot.bet","D02","BLAN","BLAN_006","2015-06-25","2015-07-09","2016-12-16","NEON.BET.D02.002472","HARPEN","Animalia","Arthropoda","Insecta","Coleoptera","Carabidae","Harpalinae","Harpalini","Harpalus","Pseudoophonus","pensylvanicus",,"Harpalus pensylvanicus","DeGeer","species",,"F",,"Ball, G. E., and J. N. Anderson. 1962. The taxonomy and speciation of Pseudophonus (a subgenus of Harpalus: Haralini: Carabidae, known to occur in North America). The Catholic University of America Press, Washington 17, D. C.","Robert L. Davidson","Carnegie Museum of Invertebrate Zoology",,"No known compromise","N",,
"dda46ecb-90f7-4d0c-9e3d-8ac16076428c","BLAN_006.basePlot.bet","D02","BLAN","BLAN_006","2015-06-25","2015-07-09","2016-12-16","NEON.BET.D02.002461","HARFAU","Animalia","Arthropoda","Insecta","Coleoptera","Carabidae","Harpalinae","Harpalini","Harpalus","Pseudoophonus","faunus",,"Harpalus faunus","Say","species",,"M",,"Ball, G. E., and J. N. Anderson. 1962. The taxonomy and speciation of Pseudophonus (a subgenus of Harpalus: Haralini: Carabidae, known to occur in North America). The Catholic University of America Press, Washington 17, D. C.","Robert L. Davidson","Carnegie Museum of Invertebrate Zoology",,"No known compromise","N",,
"bbcfb6e5-f294-4c94-b0e2-d2020e18f3b1","BLAN_005.basePlot.bet","D02","BLAN","BLAN_005","2015-07-09","2015-07-23","2016-12-16","NEON.BET.D02.001999","BEMPED","Animalia","Arthropoda","Insecta","Coleoptera","Carabidae","Trechinae","Bembidiini","Bembidion","Bembidion","pedicellatum",,"Bembidion pedicellatum","LeConte","species",,"M",,"Lindroth, C. H. 1969. The ground-beetles (Carabidae, excl. Cicindelinae) of Canada and Alaska, parts 1-6. Opuscula E. Entomoligiska Sallskapet.","Robert L. Davidson","Carnegie Museum of Invertebrate Zoology",,"No known compromise","N",,
"69c7d7b0-309e-4d84-9005-51ba2093ab7a","BLAN_003.basePlot.bet","D02","BLAN","BLAN_003","2015-07-09","2015-07-23","2016-12-17","NEON.BET.D02.001987","CICPUN1","Animalia","Arthropoda","Insecta","Coleoptera","Carabidae","Cicindelinae","Cicindelini","Cicindela","Cicindelidia","punctulata","punctulata","Cicindela punctulata punctulata","Olivier","subspecies",,"M",,"Pearson, D., C. B. Knisley, and C. J. Kazilek. 2006. A Field Guide to the Tiger Beetles of the United States and Canada: Identification, Natural History, and Distribution of the Cicindelidae. Oxford University Press, New York.","Robert L. Davidson","Carnegie Museum of Invertebrate Zoology",,"No known compromise","N",,
"e2fc3bfb-0ee0-4319-a373-a16f742ba827","BLAN_004.basePlot.bet","D02","BLAN","BLAN_004","2015-07-09","2015-07-23","2016-12-01","NEON.BET.D02.002058","POELUC","Animalia","Arthropoda","Insecta","Coleoptera","Carabidae","Harpalinae","Pterostichini","Poecilus","Poecilus","lucublandus",,"Poecilus lucublandus","Say","species",,"F",,"Lindroth, C. H. 1969. The ground-beetles (Carabidae, excl. Cicindelinae) of Canada and Alaska, parts 1-6. Opuscula E. Entomoligiska Sallskapet.","Robert L. Davidson","Carnegie Museum of Invertebrate Zoology",,"No known compromise","N",,
"391338ce-8f8d-4d04-af2c-c8880bf6b9e7","BLAN_005.basePlot.bet","D02","BLAN","BLAN_005","2015-07-09","2015-07-23","2016-12-01","NEON.BET.D02.002059","POELUC","Animalia","Arthropoda","Insecta","Coleoptera","Carabidae","Harpalinae","Pterostichini","Poecilus","Poecilus","lucublandus",,"Poecilus lucublandus","Say","species",,"F",,"Lindroth, C. H. 1969. The ground-beetles (Carabidae, excl. Cicindelinae) of Canada and Alaska, parts 1-6. Opuscula E. Entomoligiska Sallskapet.","Robert L. Davidson","Carnegie Museum of Invertebrate Zoology",,"No known compromise","N",,
"5374469d-d1ff-4aae-96b1-1d00b8949c9a","BLAN_011.basePlot.bet","D02","BLAN","BLAN_011","2015-07-09","2015-07-23","2016-12-01","NEON.BET.D02.002124","PTETRI1","Animalia","Arthropoda","Insecta","Coleoptera","Carabidae","Harpalinae","Pterostichini","Pterostichus","Bothriopterus","trinarius",,"Pterostichus trinarius","Casey","species",,"F",,"Lindroth, C. H. 1969. The ground-beetles (Carabidae, excl. Cicindelinae) of Canada and Alaska, parts 1-6. Opuscula E. Entomoligiska Sallskapet.","Robert L. Davidson","Carnegie Museum of Invertebrate Zoology",,"No known compromise","N",,
"c3305def-3b54-4ad4-be4c-32dffe18d351","BLAN_011.basePlot.bet","D02","BLAN","BLAN_011","2015-07-09","2015-07-23","2016-12-01","NEON.BET.D02.002123","PTETRI1","Animalia","Arthropoda","Insecta","Coleoptera","Carabidae","Harpalinae","Pterostichini","Pterostichus","Bothriopterus","trinarius",,"Pterostichus trinarius","Casey","species",,"F",,"Lindroth, C. H. 1969. The ground-beetles (Carabidae, excl. Cicindelinae) of Canada and Alaska, parts 1-6. Opuscula E. Entomoligiska Sallskapet.","Robert L. Davidson","Carnegie Museum of Invertebrate Zoology",,"No known compromise","N",,
"e7d54fcd-6bf8-447c-8e0a-ddd4cb91e144","BLAN_009.basePlot.bet","D02","BLAN","BLAN_009","2015-07-09","2015-07-23","2016-12-01","NEON.BET.D02.002121","PTETRI1","Animalia","Arthropoda","Insecta","Coleoptera","Carabidae","Harpalinae","Pterostichini","Pterostichus","Bothriopterus","trinarius",,"Pterostichus trinarius","Casey","species",,"M",,"Lindroth, C. H. 1969. The ground-beetles (Carabidae, excl. Cicindelinae) of Canada and Alaska, parts 1-6. Opuscula E. Entomoligiska Sallskapet.","Robert L. Davidson","Carnegie Museum of Invertebrate Zoology",,"No known compromise","N",,
"3ef0e773-a77e-4215-8768-ee32800871a1","BLAN_009.basePlot.bet","D02","BLAN","BLAN_009","2015-07-09","2015-07-23","2016-12-01","NEON.BET.D02.002120","PTETRI1","Animalia","Arthropoda","Insecta","Coleoptera","Carabidae","Harpalinae","Pterostichini","Pterostichus","Bothriopterus","trinarius",,"Pterostichus trinarius","Casey","species",,"M",,"Lindroth, C. H. 1969. The ground-beetles (Carabidae, excl. Cicindelinae) of Canada and Alaska, parts 1-6. Opuscula E. Entomoligiska Sallskapet.","Robert L. Davidson","Carnegie Museum of Invertebrate Zoology",,"No known compromise","N",,
"a81c977c-f394-41c1-aef8-e49a47147847","BLAN_007.basePlot.bet","D02","BLAN","BLAN_007","2015-07-09","2015-07-23","2016-12-01","NEON.BET.D02.002119","PTETRI1","Animalia","Arthropoda","Insecta","Coleoptera","Carabidae","Harpalinae","Pterostichini","Pterostichus","Bothriopterus","trinarius",,"Pterostichus trinarius","Casey","species",,"F",,"Lindroth, C. H. 1969. The ground-beetles (Carabidae, excl. Cicindelinae) of Canada and Alaska, parts 1-6. Opuscula E. Entomoligiska Sallskapet.","Robert L. Davidson","Carnegie Museum of Invertebrate Zoology",,"No known compromise","N",,
"104c4f39-21df-4e74-91ee-8dd97cf42130","BLAN_009.basePlot.bet","D02","BLAN","BLAN_009","2015-07-09","2015-07-23","2016-12-01","NEON.BET.D02.002122","PTETRI1","Animalia","Arthropoda","Insecta","Coleoptera","Carabidae","Harpalinae","Pterostichini","Pterostichus","Bothriopterus","trinarius",,"Pterostichus trinarius","Casey","species",,"M",,"Lindroth, C. H. 1969. The ground-beetles (Carabidae, excl. Cicindelinae) of Canada and Alaska, parts 1-6. Opuscula E. Entomoligiska Sallskapet.","Robert L. Davidson","Carnegie Museum of Invertebrate Zoology",,"No known compromise","N",,
"33e2bfc6-de2c-4802-8787-aacba2708b7b","BLAN_012.basePlot.bet","D02","BLAN","BLAN_012","2015-07-09","2015-07-23","2016-11-18","NEON.BET.D02.002192","PTESTY","Animalia","Arthropoda","Insecta","Coleoptera","Carabidae","Harpalinae","Pterostichini","Pterostichus","Euferonia","stygicus",,"Pterostichus stygicus","Say","species",,"F",,"Lindroth, C. H. 1969. The ground-beetles (Carabidae, excl. Cicindelinae) of Canada and Alaska, parts 1-6. Opuscula E. Entomoligiska Sallskapet.","Robert L. Davidson","Carnegie Museum of Invertebrate Zoology",,"No known compromise","N",,
"82ed3cc7-82fa-4e02-b11a-4e28ee34a108","BLAN_012.basePlot.bet","D02","BLAN","BLAN_012","2015-07-09","2015-07-23","2016-11-18","NEON.BET.D02.002193","PTESTY","Animalia","Arthropoda","Insecta","Coleoptera","Carabidae","Harpalinae","Pterostichini","Pterostichus","Euferonia","stygicus",,"Pterostichus stygicus","Say","species",,"F",,"Lindroth, C. H. 1969. The ground-beetles (Carabidae, excl. Cicindelinae) of Canada and Alaska, parts 1-6. Opuscula E. Entomoligiska Sallskapet.","Robert L. Davidson","Carnegie Museum of Invertebrate Zoology",,"No known compromise","N",,
"23d7737a-cab7-42a7-a7e0-ab2c8241ed25","BLAN_009.basePlot.bet","D02","BLAN","BLAN_009","2015-07-09","2015-07-23","2016-12-02","NEON.BET.D02.002206","CYCSIG","Animalia","Arthropoda","Insecta","Coleoptera","Carabidae","Harpalinae","Pterostichini","Cyclotrachelus","Evarthrus","sigillatus",,"Cyclotrachelus sigillatus","Say","species",,"M",,"Freitag, R. 1969. A revision of the species of the genus Evarthrus LeConte. Quaestiones Entomologicae 5:89-212.","Robert L. Davidson","Carnegie Museum of Invertebrate Zoology",,"No known compromise","N",,
"8e2e8caa-6e23-4d10-8898-be8e1f7d2f2f","BLAN_009.basePlot.bet","D02","BLAN","BLAN_009","2015-07-09","2015-07-23","2016-12-02","NEON.BET.D02.002205","CYCSIG","Animalia","Arthropoda","Insecta","Coleoptera","Carabidae","Harpalinae","Pterostichini","Cyclotrachelus","Evarthrus","sigillatus",,"Cyclotrachelus sigillatus","Say","species",,"M",,"Freitag, R. 1969. A revision of the species of the genus Evarthrus LeConte. Quaestiones Entomologicae 5:89-212.","Robert L. Davidson","Carnegie Museum of Invertebrate Zoology",,"No known compromise","N",,
"eef2cb0f-c468-4ee2-b293-9e791a4ece41","BLAN_002.basePlot.bet","D02","BLAN","BLAN_002","2015-07-09","2015-07-23","2016-11-16","NEON.BET.D02.002352","CHLTOM","Animalia","Arthropoda","Insecta","Coleoptera","Carabidae","Harpalinae","Chlaeniini","Chlaenius","Eurydactylus","tomentosus",,"Chlaenius tomentosus","Say","species",,"M",,"Bell, R. T. 1960. A Revision of the Genus Chlaenius Bonelli (Coleoptera, Carabidae) in North America. Miscellaneous Publications of the Entomological Society of America 1:98-166.","Robert L. Davidson","Carnegie Museum of Invertebrate Zoology",,"No known compromise","N",,
"3f264bdb-0ca7-4975-94e9-c502178c3875","BLAN_002.basePlot.bet","D02","BLAN","BLAN_002","2015-07-09","2015-07-23","2016-11-16","NEON.BET.D02.002347","CHLTOM","Animalia","Arthropoda","Insecta","Coleoptera","Carabidae","Harpalinae","Chlaeniini","Chlaenius","Eurydactylus","tomentosus",,"Chlaenius tomentosus","Say","species",,"M",,"Bell, R. T. 1960. A Revision of the Genus Chlaenius Bonelli (Coleoptera, Carabidae) in North America. Miscellaneous Publications of the Entomological Society of America 1:98-166.","Robert L. Davidson","Carnegie Museum of Invertebrate Zoology",,"No known compromise","N",,
"2f78507d-e9d6-475b-a58a-91891ae550cf","BLAN_002.basePlot.bet","D02","BLAN","BLAN_002","2015-07-09","2015-07-23","2016-11-16","NEON.BET.D02.002351","CHLTOM","Animalia","Arthropoda","Insecta","Coleoptera","Carabidae","Harpalinae","Chlaeniini","Chlaenius","Eurydactylus","tomentosus",,"Chlaenius tomentosus","Say","species",,"F",,"Bell, R. T. 1960. A Revision of the Genus Chlaenius Bonelli (Coleoptera, Carabidae) in North America. Miscellaneous Publications of the Entomological Society of America 1:98-166.","Robert L. Davidson","Carnegie Museum of Invertebrate Zoology",,"No known compromise","N",,
"f0b45c8c-f281-4239-9213-6fd6a2a8391c","BLAN_002.basePlot.bet","D02","BLAN","BLAN_002","2015-07-09","2015-07-23","2016-11-16","NEON.BET.D02.002348","CHLTOM","Animalia","Arthropoda","Insecta","Coleoptera","Carabidae","Harpalinae","Chlaeniini","Chlaenius","Eurydactylus","tomentosus",,"Chlaenius tomentosus","Say","species",,"M",,"Bell, R. T. 1960. A Revision of the Genus Chlaenius Bonelli (Coleoptera, Carabidae) in North America. Miscellaneous Publications of the Entomological Society of America 1:98-166.","Robert L. Davidson","Carnegie Museum of Invertebrate Zoology",,"No known compromise","N",,
"71952e46-6bf2-4a1c-ba27-4e80d12618bf","BLAN_002.basePlot.bet","D02","BLAN","BLAN_002","2015-07-09","2015-07-23","2016-11-16","NEON.BET.D02.002345","CHLTOM","Animalia","Arthropoda","Insecta","Coleoptera","Carabidae","Harpalinae","Chlaeniini","Chlaenius","Eurydactylus","tomentosus",,"Chlaenius tomentosus","Say","species",,"M",,"Bell, R. T. 1960. A Revision of the Genus Chlaenius Bonelli (Coleoptera, Carabidae) in North America. Miscellaneous Publications of the Entomological Society of America 1:98-166.","Robert L. Davidson","Carnegie Museum of Invertebrate Zoology",,"No known compromise","N",,
"e9cb140a-fcee-4f01-8974-60721a17fd92","BLAN_002.basePlot.bet","D02","BLAN","BLAN_002","2015-07-09","2015-07-23","2016-11-16","NEON.BET.D02.002350","CHLTOM","Animalia","Arthropoda","Insecta","Coleoptera","Carabidae","Harpalinae","Chlaeniini","Chlaenius","Eurydactylus","tomentosus",,"Chlaenius tomentosus","Say","species",,"F",,"Bell, R. T. 1960. A Revision of the Genus Chlaenius Bonelli (Coleoptera, Carabidae) in North America. Miscellaneous Publications of the Entomological Society of America 1:98-166.","Robert L. Davidson","Carnegie Museum of Invertebrate Zoology",,"No known compromise","N",,
"cc80a2b2-71a7-49e2-b50b-1f0a3cef6479","BLAN_002.basePlot.bet","D02","BLAN","BLAN_002","2015-07-09","2015-07-23","2016-11-16","NEON.BET.D02.002346","CHLTOM","Animalia","Arthropoda","Insecta","Coleoptera","Carabidae","Harpalinae","Chlaeniini","Chlaenius","Eurydactylus","tomentosus",,"Chlaenius tomentosus","Say","species",,"F",,"Bell, R. T. 1960. A Revision of the Genus Chlaenius Bonelli (Coleoptera, Carabidae) in North America. Miscellaneous Publications of the Entomological Society of America 1:98-166.","Robert L. Davidson","Carnegie Museum of Invertebrate Zoology",,"No known compromise","N",,
"4109b87e-6d95-4cee-ae2b-6848650a5d41","BLAN_002.basePlot.bet","D02","BLAN","BLAN_002","2015-07-09","2015-07-23","2016-11-16","NEON.BET.D02.002349","CHLTOM","Animalia","Arthropoda","Insecta","Coleoptera","Carabidae","Harpalinae","Chlaeniini","Chlaenius","Eurydactylus","tomentosus",,"Chlaenius tomentosus","Say","species",,"F",,"Bell, R. T. 1960. A Revision of the Genus Chlaenius Bonelli (Coleoptera, Carabidae) in North America. Miscellaneous Publications of the Entomological Society of America 1:98-166.","Robert L. Davidson","Carnegie Museum of Invertebrate Zoology",,"No known compromise","N",,
"814fcb80-088f-42e3-95fd-c65a2c1df62a","BLAN_009.basePlot.bet","D02","BLAN","BLAN_009","2015-07-09","2015-07-23","2016-11-16","NEON.BET.D02.002363","CHLAES","Animalia","Arthropoda","Insecta","Coleoptera","Carabidae","Harpalinae","Chlaeniini","Chlaenius","Chlaenius","aestivus",,"Chlaenius aestivus","Say","species",,"F",,"Bell, R. T. 1960. A Revision of the Genus Chlaenius Bonelli (Coleoptera, Carabidae) in North America. Miscellaneous Publications of the Entomological Society of America 1:98-166.","Robert L. Davidson","Carnegie Museum of Invertebrate Zoology",,"No known compromise","N",,
"38ac7757-9eae-47ca-80d9-9d715d57cce8","BLAN_011.basePlot.bet","D02","BLAN","BLAN_011","2015-07-09","2015-07-23","2016-11-16","NEON.BET.D02.002364","CHLAES","Animalia","Arthropoda","Insecta","Coleoptera","Carabidae","Harpalinae","Chlaeniini","Chlaenius","Chlaenius","aestivus",,"Chlaenius aestivus","Say","species",,"M",,"Bell, R. T. 1960. A Revision of the Genus Chlaenius Bonelli (Coleoptera, Carabidae) in North America. Miscellaneous Publications of the Entomological Society of America 1:98-166.","Robert L. Davidson","Carnegie Museum of Invertebrate Zoology",,"No known compromise","N",,
"e7fbf781-135f-41a3-ba03-926e972a3a23","BLAN_005.basePlot.bet","D02","BLAN","BLAN_005","2015-07-09","2015-07-23","2016-11-17","NEON.BET.D02.002382","DICDIL1","Animalia","Arthropoda","Insecta","Coleoptera","Carabidae","Harpalinae","Licinini","Dicaelus","Paradicaelus","dilatatus","dilatatus","Dicaelus dilatatus dilatatus","Say","subspecies",,"M",,"Ball, G. E. 1959. A taxonomic study of the North American Licinini with notes on the Old World species of the genus Diplocheila BrullÃ© (Coleoptera). Memoirs of the American Entomological Society No. 16.","Robert L. Davidson","Carnegie Museum of Invertebrate Zoology",,"No known compromise","N",,
"7bdbdf75-adde-4b2e-8a04-b065d0fae102","BLAN_006.basePlot.bet","D02","BLAN","BLAN_006","2015-07-09","2015-07-23","2016-12-12","NEON.BET.D02.002437","ANIRUS","Animalia","Arthropoda","Insecta","Coleoptera","Carabidae","Harpalinae","Harpalini","Anisodactylus","Gynandrotarsus","rusticus",,"Anisodactylus rusticus","Say","species",,"F",,"Noonan, G. R. 1973. The Anisodactylines (Insecta: Coleoptera: Carabidae: Harpalini): classification, evolution and zoogeography. Quaestiones Entomologicae 9:266-480.","Robert L. Davidson","Carnegie Museum of Invertebrate Zoology",,"No known compromise","N",,
"8c547da0-27c9-4a5b-8590-27b6339d197f","BLAN_006.basePlot.bet","D02","BLAN","BLAN_006","2015-07-09","2015-07-23","2016-12-12","NEON.BET.D02.002438","ANIRUS","Animalia","Arthropoda","Insecta","Coleoptera","Carabidae","Harpalinae","Harpalini","Anisodactylus","Gynandrotarsus","rusticus",,"Anisodactylus rusticus","Say","species",,"M",,"Noonan, G. R. 1973. The Anisodactylines (Insecta: Coleoptera: Carabidae: Harpalini): classification, evolution and zoogeography. Quaestiones Entomologicae 9:266-480.","Robert L. Davidson","Carnegie Museum of Invertebrate Zoology","genitalia examined","No known compromise","N",,
"9ed8a6aa-23e9-4ddf-b1b7-353b190718a1","BLAN_002.basePlot.bet","D02","BLAN","BLAN_002","2015-07-09","2015-07-23","2016-12-12","NEON.BET.D02.002432","ANIRUS","Animalia","Arthropoda","Insecta","Coleoptera","Carabidae","Harpalinae","Harpalini","Anisodactylus","Gynandrotarsus","rusticus",,"Anisodactylus rusticus","Say","species",,"F",,"Noonan, G. R. 1973. The Anisodactylines (Insecta: Coleoptera: Carabidae: Harpalini): classification, evolution and zoogeography. Quaestiones Entomologicae 9:266-480.","Robert L. Davidson","Carnegie Museum of Invertebrate Zoology",,"No known compromise","N",,
"0ccaca3d-799d-47d8-8837-ad2079811d7e","BLAN_006.basePlot.bet","D02","BLAN","BLAN_006","2015-07-09","2015-07-23","2016-12-12","NEON.BET.D02.002436","ANIRUS","Animalia","Arthropoda","Insecta","Coleoptera","Carabidae","Harpalinae","Harpalini","Anisodactylus","Gynandrotarsus","rusticus",,"Anisodactylus rusticus","Say","species",,"F",,"Noonan, G. R. 1973. The Anisodactylines (Insecta: Coleoptera: Carabidae: Harpalini): classification, evolution and zoogeography. Quaestiones Entomologicae 9:266-480.","Robert L. Davidson","Carnegie Museum of Invertebrate Zoology",,"No known compromise","N",,
"16d417ef-5e35-4e17-b0d4-d2acc383c539","BLAN_002.basePlot.bet","D02","BLAN","BLAN_002","2015-07-09","2015-07-23","2016-12-12","NEON.BET.D02.002419","ANIOVU","Animalia","Arthropoda","Insecta","Coleoptera","Carabidae","Harpalinae","Harpalini","Anisodactylus","Gynandrotarsus","ovularis",,"Anisodactylus ovularis","Casey","species",,"F",,"Noonan, G. R. 1973. The Anisodactylines (Insecta: Coleoptera: Carabidae: Harpalini): classification, evolution and zoogeography. Quaestiones Entomologicae 9:266-480.","Robert L. Davidson","Carnegie Museum of Invertebrate Zoology",,"No known compromise","N",,
"59156052-3dca-4662-a298-53cfa62dc61a","BLAN_002.basePlot.bet","D02","BLAN","BLAN_002","2015-07-09","2015-07-23","2016-12-12","NEON.BET.D02.002420","ANIOVU","Animalia","Arthropoda","Insecta","Coleoptera","Carabidae","Harpalinae","Harpalini","Anisodactylus","Gynandrotarsus","ovularis",,"Anisodactylus ovularis","Casey","species",,"F",,"Noonan, G. R. 1973. The Anisodactylines (Insecta: Coleoptera: Carabidae: Harpalini): classification, evolution and zoogeography. Quaestiones Entomologicae 9:266-480.","Robert L. Davidson","Carnegie Museum of Invertebrate Zoology",,"No known compromise","N",,
"dca1a6fd-272d-4258-a3dd-1f28cc9f99f7","BLAN_002.basePlot.bet","D02","BLAN","BLAN_002","2015-07-09","2015-07-23","2016-12-12","NEON.BET.D02.002430","ANIRUS","Animalia","Arthropoda","Insecta","Coleoptera","Carabidae","Harpalinae","Harpalini","Anisodactylus","Gynandrotarsus","rusticus",,"Anisodactylus rusticus","Say","species",,"F",,"Noonan, G. R. 1973. The Anisodactylines (Insecta: Coleoptera: Carabidae: Harpalini): classification, evolution and zoogeography. Quaestiones Entomologicae 9:266-480.","Robert L. Davidson","Carnegie Museum of Invertebrate Zoology",,"No known compromise","N",,
"b8850a69-657f-4f83-830c-40c0918ce1a5","BLAN_002.basePlot.bet","D02","BLAN","BLAN_002","2015-07-09","2015-07-23","2016-12-12","NEON.BET.D02.002421","ANIOVU","Animalia","Arthropoda","Insecta","Coleoptera","Carabidae","Harpalinae","Harpalini","Anisodactylus","Gynandrotarsus","ovularis",,"Anisodactylus ovularis","Casey","species",,"M",,"Noonan, G. R. 1973. The Anisodactylines (Insecta: Coleoptera: Carabidae: Harpalini): classification, evolution and zoogeography. Quaestiones Entomologicae 9:266-480.","Robert L. Davidson","Carnegie Museum of Invertebrate Zoology",,"No known compromise","N",,
"a0bd55bc-78af-4064-bba2-9327b4efd6a5","BLAN_003.basePlot.bet","D02","BLAN","BLAN_003","2015-07-09","2015-07-23","2016-12-12","NEON.BET.D02.002448","ANIDUL","Animalia","Arthropoda","Insecta","Coleoptera","Carabidae","Harpalinae","Harpalini","Anisodactylus","Gynandrotarsus","dulcicollis",,"Anisodactylus dulcicollis","LaFerte-Senectere","species",,"F",,"Noonan, G. R. 1973. The Anisodactylines (Insecta: Coleoptera: Carabidae: Harpalini): classification, evolution and zoogeography. Quaestiones Entomologicae 9:266-480.","Robert L. Davidson","Carnegie Museum of Invertebrate Zoology",,"No known compromise","N",,
"f4bfea37-57ff-4da5-bb87-10d1407d3644","BLAN_002.basePlot.bet","D02","BLAN","BLAN_002","2015-07-09","2015-07-23","2016-12-12","NEON.BET.D02.002431","ANIRUS","Animalia","Arthropoda","Insecta","Coleoptera","Carabidae","Harpalinae","Harpalini","Anisodactylus","Gynandrotarsus","rusticus",,"Anisodactylus rusticus","Say","species",,"F",,"Noonan, G. R. 1973. The Anisodactylines (Insecta: Coleoptera: Carabidae: Harpalini): classification, evolution and zoogeography. Quaestiones Entomologicae 9:266-480.","Robert L. Davidson","Carnegie Museum of Invertebrate Zoology",,"No known compromise","N",,
"f5e2e877-ee6c-4b32-98bc-3d547f7257e6","BLAN_004.basePlot.bet","D02","BLAN","BLAN_004","2015-07-09","2015-07-23","2016-12-12","NEON.BET.D02.002434","ANIRUS","Animalia","Arthropoda","Insecta","Coleoptera","Carabidae","Harpalinae","Harpalini","Anisodactylus","Gynandrotarsus","rusticus",,"Anisodactylus rusticus","Say","species",,"M",,"Noonan, G. R. 1973. The Anisodactylines (Insecta: Coleoptera: Carabidae: Harpalini): classification, evolution and zoogeography. Quaestiones Entomologicae 9:266-480.","Robert L. Davidson","Carnegie Museum of Invertebrate Zoology","genitalia examined","No known compromise","N",,
"f58f2ea0-6ef7-4325-bcd0-d01c125a1851","BLAN_004.basePlot.bet","D02","BLAN","BLAN_004","2015-07-09","2015-07-23","2016-12-12","NEON.BET.D02.002435","ANIRUS","Animalia","Arthropoda","Insecta","Coleoptera","Carabidae","Harpalinae","Harpalini","Anisodactylus","Gynandrotarsus","rusticus",,"Anisodactylus rusticus","Say","species",,"M",,"Noonan, G. R. 1973. The Anisodactylines (Insecta: Coleoptera: Carabidae: Harpalini): classification, evolution and zoogeography. Quaestiones Entomologicae 9:266-480.","Robert L. Davidson","Carnegie Museum of Invertebrate Zoology","genitalia examined","No known compromise","N",,
"02cd98c9-0365-4bc4-9bfe-9505289922cc","BLAN_004.basePlot.bet","D02","BLAN","BLAN_004","2015-07-09","2015-07-23","2016-12-12","NEON.BET.D02.002433","ANIRUS","Animalia","Arthropoda","Insecta","Coleoptera","Carabidae","Harpalinae","Harpalini","Anisodactylus","Gynandrotarsus","rusticus",,"Anisodactylus rusticus","Say","species",,"M",,"Noonan, G. R. 1973. The Anisodactylines (Insecta: Coleoptera: Carabidae: Harpalini): classification, evolution and zoogeography. Quaestiones Entomologicae 9:266-480.","Robert L. Davidson","Carnegie Museum of Invertebrate Zoology","genitalia examined","No known compromise","N",,
"146f7a53-bb5f-4b00-bb62-171bfee8965e","BLAN_006.basePlot.bet","D02","BLAN","BLAN_006","2015-07-09","2015-07-23","2016-12-16","NEON.BET.D02.002462","HARFAU","Animalia","Arthropoda","Insecta","Coleoptera","Carabidae","Harpalinae","Harpalini","Harpalus","Pseudoophonus","faunus",,"Harpalus faunus","Say","species",,"F",,"Ball, G. E., and J. N. Anderson. 1962. The taxonomy and speciation of Pseudophonus (a subgenus of Harpalus: Haralini: Carabidae, known to occur in North America). The Catholic University of America Press, Washington 17, D. C.","Robert L. Davidson","Carnegie Museum of Invertebrate Zoology",,"No known compromise","N",,
"f76d6011-0ad0-4a60-84d9-a8dee0614ae5","BLAN_006.basePlot.bet","D02","BLAN","BLAN_006","2015-07-09","2015-07-23","2016-12-16","NEON.BET.D02.002474","HARPEN","Animalia","Arthropoda","Insecta","Coleoptera","Carabidae","Harpalinae","Harpalini","Harpalus","Pseudoophonus","pensylvanicus",,"Harpalus pensylvanicus","DeGeer","species",,"F",,"Ball, G. E., and J. N. Anderson. 1962. The taxonomy and speciation of Pseudophonus (a subgenus of Harpalus: Haralini: Carabidae, known to occur in North America). The Catholic University of America Press, Washington 17, D. C.","Robert L. Davidson","Carnegie Museum of Invertebrate Zoology",,"No known compromise","N",,
"85a6310d-d2b9-45dd-b964-9c9bcd688752","BLAN_006.basePlot.bet","D02","BLAN","BLAN_006","2015-07-09","2015-07-23","2016-12-16","NEON.BET.D02.002500","HARSP7","Animalia","Arthropoda","Insecta","Coleoptera","Carabidae","Harpalinae","Harpalini","Harpalus",,"sp.",,"Harpalus sp.","Latreille","genus",,"M",,"Ball, G. E., and J. N. Anderson. 1962. The taxonomy and speciation of Pseudophonus (a subgenus of Harpalus: Haralini: Carabidae, known to occur in North America). The Catholic University of America Press, Washington 17, D. C.","Robert L. Davidson","Carnegie Museum of Invertebrate Zoology","H. vagans or H. protractus","No known compromise","N",,
"e12ef9cc-b1bf-4638-ae01-74dae5ec26e6","BLAN_001.basePlot.bet","D02","BLAN","BLAN_001","2015-07-09","2015-07-23","2016-12-16","NEON.BET.D02.002499","HARSP7","Animalia","Arthropoda","Insecta","Coleoptera","Carabidae","Harpalinae","Harpalini","Harpalus",,"sp.",,"Harpalus sp.","Latreille","genus",,"F",,"Ball, G. E., and J. N. Anderson. 1962. The taxonomy and speciation of Pseudophonus (a subgenus of Harpalus: Haralini: Carabidae, known to occur in North America). The Catholic University of America Press, Washington 17, D. C.","Robert L. Davidson","Carnegie Museum of Invertebrate Zoology","H. vagans or H. protractus","No known compromise","N",,
"7893a9ec-75fb-4606-bc52-c114030f89db","BLAN_009.basePlot.bet","D02","BLAN","BLAN_009","2015-07-09","2015-07-23","2016-12-14","NEON.BET.D02.002508","TRIAUT","Animalia","Arthropoda","Insecta","Coleoptera","Carabidae","Harpalinae","Harpalini","Trichotichnus","Iridessus","autumnalis",,"Trichotichnus autumnalis","Say","species",,"F",,"Lindroth, C. H. 1969. The ground-beetles (Carabidae, excl. Cicindelinae) of Canada and Alaska, parts 1-6. Opuscula E. Entomoligiska Sallskapet.","Robert L. Davidson","Carnegie Museum of Invertebrate Zoology",,"No known compromise","N",,
"4c445e17-77f7-40a0-8fb7-53f83804aceb","BLAN_004.basePlot.bet","D02","BLAN","BLAN_004","2015-07-09","2015-07-23","2016-12-16","NEON.BET.D02.002473","HARPEN","Animalia","Arthropoda","Insecta","Coleoptera","Carabidae","Harpalinae","Harpalini","Harpalus","Pseudoophonus","pensylvanicus",,"Harpalus pensylvanicus","DeGeer","species",,"F",,"Ball, G. E., and J. N. Anderson. 1962. The taxonomy and speciation of Pseudophonus (a subgenus of Harpalus: Haralini: Carabidae, known to occur in North America). The Catholic University of America Press, Washington 17, D. C.","Robert L. Davidson","Carnegie Museum of Invertebrate Zoology",,"No known compromise","N",,
"796a5f61-3c76-4424-846c-41e2906a33d1","BLAN_012.basePlot.bet","D02","BLAN","BLAN_012","2015-07-09","2015-07-23","2016-12-15","NEON.BET.D02.002512","CALGRE","Animalia","Arthropoda","Insecta","Coleoptera","Carabidae","Harpalinae","Sphodrini","Calathus","Neocalathus","gregarius",,"Calathus gregarius","Say","species",,"F",,"Ball, G. E., and J. Negre. 1972. The taxonomy of the Nearctic species of the genus Calathus Bonelli (Coleoptera: Carabidae: Agonini). Transactions of the American Entomological Society 98:413-533.","Robert L. Davidson","Carnegie Museum of Invertebrate Zoology",,"No known compromise","N",,
"9748aa28-daf9-42f1-8d09-8958ae71b302","BLAN_011.basePlot.bet","D02","BLAN","BLAN_011","2015-07-09","2015-07-23","2016-12-16","NEON.BET.D02.002001","BEMPED","Animalia","Arthropoda","Insecta","Coleoptera","Carabidae","Trechinae","Bembidiini","Bembidion","Bembidion","pedicellatum",,"Bembidion pedicellatum","LeConte","species",,"F",,"Lindroth, C. H. 1969. The ground-beetles (Carabidae, excl. Cicindelinae) of Canada and Alaska, parts 1-6. Opuscula E. Entomoligiska Sallskapet.","Robert L. Davidson","Carnegie Museum of Invertebrate Zoology",,"No known compromise","N",,
"163fcb62-88e2-497e-8839-6f9a5b5997ab","BLAN_011.basePlot.bet","D02","BLAN","BLAN_011","2015-07-09","2015-07-23","2016-12-16","NEON.BET.D02.002000","BEMPED","Animalia","Arthropoda","Insecta","Coleoptera","Carabidae","Trechinae","Bembidiini","Bembidion","Bembidion","pedicellatum",,"Bembidion pedicellatum","LeConte","species",,"F",,"Lindroth, C. H. 1969. The ground-beetles (Carabidae, excl. Cicindelinae) of Canada and Alaska, parts 1-6. Opuscula E. Entomoligiska Sallskapet.","Robert L. Davidson","Carnegie Museum of Invertebrate Zoology",,"No known compromise","N",,
"e155b1fc-ae52-4e76-89d0-6464b1159e69","BLAN_002.basePlot.bet","D02","BLAN","BLAN_002","2015-07-09","2015-07-23","2016-12-17","NEON.BET.D02.001985","TETVIR","Animalia","Arthropoda","Insecta","Coleoptera","Carabidae","Cicindelinae","Megacephalini","Tetracha","Tetracha","virginica",,"Tetracha virginica","Linnaeus","species",,"F",,"Pearson, D., C. B. Knisley, and C. J. Kazilek. 2006. A Field Guide to the Tiger Beetles of the United States and Canada: Identification, Natural History, and Distribution of the Cicindelidae. Oxford University Press, New York.","Robert L. Davidson","Carnegie Museum of Invertebrate Zoology",,"No known compromise","N",,
"96a1a12d-49dd-4b98-b95a-894b849c5901","BLAN_002.basePlot.bet","D02","BLAN","BLAN_002","2015-07-09","2015-07-23","2016-12-17","NEON.BET.D02.001982","TETVIR","Animalia","Arthropoda","Insecta","Coleoptera","Carabidae","Cicindelinae","Megacephalini","Tetracha","Tetracha","virginica",,"Tetracha virginica","Linnaeus","species",,"F",,"Pearson, D., C. B. Knisley, and C. J. Kazilek. 2006. A Field Guide to the Tiger Beetles of the United States and Canada: Identification, Natural History, and Distribution of the Cicindelidae. Oxford University Press, New York.","Robert L. Davidson","Carnegie Museum of Invertebrate Zoology",,"No known compromise","N",,
"c1180716-5c7b-4657-b7f6-7679a3d32953","BLAN_002.basePlot.bet","D02","BLAN","BLAN_002","2015-07-09","2015-07-23","2016-12-17","NEON.BET.D02.001984","TETVIR","Animalia","Arthropoda","Insecta","Coleoptera","Carabidae","Cicindelinae","Megacephalini","Tetracha","Tetracha","virginica",,"Tetracha virginica","Linnaeus","species",,"M",,"Pearson, D., C. B. Knisley, and C. J. Kazilek. 2006. A Field Guide to the Tiger Beetles of the United States and Canada: Identification, Natural History, and Distribution of the Cicindelidae. Oxford University Press, New York.","Robert L. Davidson","Carnegie Museum of Invertebrate Zoology",,"No known compromise","N",,
"34d51c6a-f3fe-4290-9a85-4918e3176f63","BLAN_002.basePlot.bet","D02","BLAN","BLAN_002","2015-07-09","2015-07-23","2016-12-17","NEON.BET.D02.001983","TETVIR","Animalia","Arthropoda","Insecta","Coleoptera","Carabidae","Cicindelinae","Megacephalini","Tetracha","Tetracha","virginica",,"Tetracha virginica","Linnaeus","species",,"M",,"Pearson, D., C. B. Knisley, and C. J. Kazilek. 2006. A Field Guide to the Tiger Beetles of the United States and Canada: Identification, Natural History, and Distribution of the Cicindelidae. Oxford University Press, New York.","Robert L. Davidson","Carnegie Museum of Invertebrate Zoology",,"No known compromise","N",,
"924a7335-75c8-49d2-9141-e3fe3d78cf52","BLAN_005.basePlot.bet","D02","BLAN","BLAN_005","2015-07-09","2015-07-23","2016-12-17","NEON.BET.D02.001988","CICPUN1","Animalia","Arthropoda","Insecta","Coleoptera","Carabidae","Cicindelinae","Cicindelini","Cicindela","Cicindelidia","punctulata","punctulata","Cicindela punctulata punctulata","Olivier","subspecies",,"F",,"Pearson, D., C. B. Knisley, and C. J. Kazilek. 2006. A Field Guide to the Tiger Beetles of the United States and Canada: Identification, Natural History, and Distribution of the Cicindelidae. Oxford University Press, New York.","Robert L. Davidson","Carnegie Museum of Invertebrate Zoology",,"No known compromise","N",,
