uid,namedLocation,domainID,siteID,plotID,trapID,setDate,collectDate,processingDate,identifiedDate,subsampleID,individualID,taxonID,scientificName,taxonRank,identificationQualifier,scientificNameAuthorship,morphospeciesID,identificationReferences,totalLength,identifiedBy,recordedBy,remarks
"39521d0c-298e-4747-a6cc-4d765b027404","GRSM_013.basePlot.bet","D07","GRSM","GRSM_013","E","2015-10-08","2015-10-22","2015-12-03","2015-12-03","OHmA+Hh/KK6CF1jmiYAZC9yubcKfjo1+/442zI4bqmM=","NEON.BET.D07.000860","SPHBIC","Sphaeroderus bicarinatus","species",,"LeConte",,"Barr Jr., T. C. 1974a. Key to species and subspecies of Sphaeroderus Dejean.",,"nAKPQvGWPz3w50pS9SF/Wg/TlEjgxRE8","nAKPQvGWPz3w50pS9SF/Wg/TlEjgxRE8","used NEON.DOC.014050vJ"
"146f4b61-3699-41aa-a03a-1edfbaf16b8a","GRSM_001.basePlot.bet","D07","GRSM","GRSM_001","N","2015-10-08","2015-10-22","2015-12-03","2015-12-03","yjfOzrdw4Kq/dix9iyEYO5RFFiUC8f2w9533DSzfEAI=","NEON.BET.D07.000845","SPHSTE1","Sphaeroderus stenostomus lecontei","subspecies",,"Dejean",,"Barr Jr., T. C. 1974a. Key to species and subspecies of Sphaeroderus Dejean.",,"nAKPQvGWPz3w50pS9SF/Wg/TlEjgxRE8","nAKPQvGWPz3w50pS9SF/Wg/TlEjgxRE8","used NEON.DOC.014050vJ"
"9b82d20b-cef1-4a3b-a67e-96ba7d55bdff","GRSM_006.basePlot.bet","D07","GRSM","GRSM_006","N","2015-10-08","2015-10-22","2015-12-03","2015-12-03","lkd2xjHtfy4wkYt2deZQKU3rH7ryswsW30BTHUhiM5s=","NEON.BET.D07.000862","SPHBIC","Sphaeroderus bicarinatus","species",,"LeConte",,"Barr Jr., T. C. 1974a. Key to species and subspecies of Sphaeroderus Dejean.",,"nAKPQvGWPz3w50pS9SF/Wg/TlEjgxRE8","nAKPQvGWPz3w50pS9SF/Wg/TlEjgxRE8","used NEON.DOC.014050vJ"
"5d0c12ce-4b3b-405a-9d06-ffcddc202fce","GRSM_001.basePlot.bet","D07","GRSM","GRSM_001","N","2015-10-08","2015-10-22","2015-12-03","2015-12-03","yjfOzrdw4Kq/dix9iyEYO5RFFiUC8f2w9533DSzfEAI=","NEON.BET.D07.000853","SPHSTE1","Sphaeroderus stenostomus lecontei","subspecies",,"Dejean",,"Barr Jr., T. C. 1974a. Key to species and subspecies of Sphaeroderus Dejean.",,"nAKPQvGWPz3w50pS9SF/Wg/TlEjgxRE8","nAKPQvGWPz3w50pS9SF/Wg/TlEjgxRE8","used NEON.DOC.014050vJ"
"39b1bc65-d92e-4c77-b5f8-4f960956941a","GRSM_001.basePlot.bet","D07","GRSM","GRSM_001","S","2015-10-08","2015-10-22","2015-12-03","2015-12-03","yjfOzrdw4Kodd7xiaojby9NsHFiYBN5XsGVDHx9kfhg=","NEON.BET.D07.000779","PTEACU","Pterostichus acutipes","species",,"Barr",,"Ciegler, J. C. 2000. Ground beetles and wrinkled bark beetles of South Carolina (Coleoptera: Geadephaga: Carabidae and Rhysodidae). Biota of South Carolina. Vol. 1. Clemson, S. Clemson University.",,"nAKPQvGWPz3w50pS9SF/Wg/TlEjgxRE8","nAKPQvGWPz3w50pS9SF/Wg/TlEjgxRE8","used NEON.DOC.014050vJ"
"dc400cba-44f3-408a-a84e-dc87e18701af","GRSM_013.basePlot.bet","D07","GRSM","GRSM_013","W","2015-10-08","2015-10-22","2015-12-03","2015-12-03","OHmA+Hh/KK64Z5EXm3++UYtXimXgzgE8t5omqBJHb4E=","NEON.BET.D07.000826","CARGOR","Carabus goryi","species",,"Dejean",,"Ciegler, J. C. 2000. Ground beetles and wrinkled bark beetles of South Carolina (Coleoptera: Geadephaga: Carabidae and Rhysodidae). Biota of South Carolina. Vol. 1. Clemson, S. Clemson University.",,"nAKPQvGWPz3w50pS9SF/Wg/TlEjgxRE8","nAKPQvGWPz3w50pS9SF/Wg/TlEjgxRE8","used NEON.DOC.014050vJ"
"577a2c44-7b0d-4801-9efc-5df0f06f109a","GRSM_013.basePlot.bet","D07","GRSM","GRSM_013","S","2015-10-08","2015-10-22","2015-12-03","2015-12-03","OHmA+Hh/KK4/A/cTTeolQ685k5/pEnJgkUgzWXTG990=","NEON.BET.D07.000787","PTEACU","Pterostichus acutipes","species",,"Barr",,"Ciegler, J. C. 2000. Ground beetles and wrinkled bark beetles of South Carolina (Coleoptera: Geadephaga: Carabidae and Rhysodidae). Biota of South Carolina. Vol. 1. Clemson, S. Clemson University.",,"nAKPQvGWPz3w50pS9SF/Wg/TlEjgxRE8","nAKPQvGWPz3w50pS9SF/Wg/TlEjgxRE8","used NEON.DOC.014050vJ"
