uid,namedLocation,domainID,siteID,plotID,trapID,plotType,nlcdClass,decimalLatitude,decimalLongitude,geodeticDatum,coordinateUncertainty,elevation,elevationUncertainty,setDate,collectDate,eventID,daysOfTrapping,sampleCollected,sampleID,cupStatus,lidStatus,fluidLevel,samplingProtocolVersion,recordedBy,remarks
"e2d76c92-b5e5-4102-91d3-95e48c9f14e3","TALL_002.basePlot.bet","D08","TALL","TALL_002","S","distributed","mixedForest",32.922158,-87.428893,"WGS84",20.2,118.3,0.4,"2017-04-19","2017-05-03","TALL.2017.19",14,"Y","TALL_002.S.20170503","Ok","Ok","Ok","NEON.DOC.014050vK","VlGS9knfep4oIPmMdzrYPvhmhmcAnEWcmbTWayWKGyM=",
"d09bd306-2020-4a0b-acc3-bc7a96a2e9b4","TALL_003.basePlot.bet","D08","TALL","TALL_003","W","distributed","mixedForest",32.893530,-87.415341,"WGS84",20.2,122.8,0.2,"2017-04-19","2017-05-03","TALL.2017.19",14,"Y","TALL_003.W.20170503","Ok","Ok","Ok","NEON.DOC.014050vK","VlGS9knfep4oIPmMdzrYPvhmhmcAnEWcmbTWayWKGyM=",
"0401565d-b7c0-49f8-8f27-da2a4d70d405","TALL_002.basePlot.bet","D08","TALL","TALL_002","E","distributed","mixedForest",32.922158,-87.428893,"WGS84",20.2,118.3,0.4,"2017-04-19","2017-05-03","TALL.2017.19",14,"Y","TALL_002.E.20170503","Ok","Ok","Ok","NEON.DOC.014050vK","VlGS9knfep4oIPmMdzrYPvhmhmcAnEWcmbTWayWKGyM=",
"266cf723-2fef-424d-a69b-5c4fec5dca84","TALL_007.basePlot.bet","D08","TALL","TALL_007","W","distributed","deciduousForest",32.974429,-87.426940,"WGS84",20.3,82.5,0.3,"2017-04-19","2017-05-03","TALL.2017.19",14,"N",,"Disturbed","Disturbed","None","NEON.DOC.014050vK","71MfCy+FRstpZer5T0iw8M+PBSzABHAbojUJO96sh64=",
"2403273f-a94a-435b-918a-e782e548f162","TALL_007.basePlot.bet","D08","TALL","TALL_007","N","distributed","deciduousForest",32.974429,-87.426940,"WGS84",20.3,82.5,0.3,"2017-04-19","2017-05-03","TALL.2017.19",14,"Y","TALL_007.N.20170503","Ok","Ok","Ok","NEON.DOC.014050vK","71MfCy+FRstpZer5T0iw8M+PBSzABHAbojUJO96sh64=",
"736df31b-226f-498d-bf69-e93b8ce080bc","TALL_007.basePlot.bet","D08","TALL","TALL_007","E","distributed","deciduousForest",32.974429,-87.426940,"WGS84",20.3,82.5,0.3,"2017-04-19","2017-05-03","TALL.2017.19",14,"Y","TALL_007.E.20170503","Ok","Ok","Ok","NEON.DOC.014050vK","71MfCy+FRstpZer5T0iw8M+PBSzABHAbojUJO96sh64=",
"99e3b395-b9b4-4aab-9da2-fe7f0073177f","TALL_002.basePlot.bet","D08","TALL","TALL_002","N","distributed","mixedForest",32.922158,-87.428893,"WGS84",20.2,118.3,0.4,"2017-04-19","2017-05-03","TALL.2017.19",14,"Y","TALL_002.N.20170503","Ok","Ok","Ok","NEON.DOC.014050vK","VlGS9knfep4oIPmMdzrYPvhmhmcAnEWcmbTWayWKGyM=",
"5ed71c20-619b-46c4-b79c-352062a63af2","TALL_004.basePlot.bet","D08","TALL","TALL_004","W","distributed","evergreenForest",32.957884,-87.432613,"WGS84",20.1,132.0,0.1,"2017-04-19","2017-05-03","TALL.2017.19",14,"Y","TALL_004.W.20170503","Ok","Ok","Ok","NEON.DOC.014050vK","71MfCy+FRstpZer5T0iw8M+PBSzABHAbojUJO96sh64=",
"ea0b5a28-79ad-419c-ba2b-8a8268d717e0","TALL_007.basePlot.bet","D08","TALL","TALL_007","S","distributed","deciduousForest",32.974429,-87.426940,"WGS84",20.3,82.5,0.3,"2017-04-19","2017-05-03","TALL.2017.19",14,"N",,"Disturbed","Disturbed","None","NEON.DOC.014050vK","71MfCy+FRstpZer5T0iw8M+PBSzABHAbojUJO96sh64=",
"97b84875-ef77-4f43-b675-453c83b5c725","TALL_004.basePlot.bet","D08","TALL","TALL_004","N","distributed","evergreenForest",32.957884,-87.432613,"WGS84",20.1,132.0,0.1,"2017-04-19","2017-05-03","TALL.2017.19",14,"N",,"Missing","Disturbed","None","NEON.DOC.014050vK","71MfCy+FRstpZer5T0iw8M+PBSzABHAbojUJO96sh64=",
"b8f73520-bcc5-404d-99f6-8a39aff9a3d2","TALL_004.basePlot.bet","D08","TALL","TALL_004","S","distributed","evergreenForest",32.957884,-87.432613,"WGS84",20.1,132.0,0.1,"2017-04-19","2017-05-03","TALL.2017.19",14,"Y","TALL_004.S.20170503","Ok","Ok","Ok","NEON.DOC.014050vK","71MfCy+FRstpZer5T0iw8M+PBSzABHAbojUJO96sh64=",
"b33f8d45-6b01-482f-b5ef-2676c4618e1e","TALL_004.basePlot.bet","D08","TALL","TALL_004","E","distributed","evergreenForest",32.957884,-87.432613,"WGS84",20.1,132.0,0.1,"2017-04-19","2017-05-03","TALL.2017.19",14,"Y","TALL_004.E.20170503","Ok","Ok","Ok","NEON.DOC.014050vK","71MfCy+FRstpZer5T0iw8M+PBSzABHAbojUJO96sh64=",
"81504de8-d104-471e-b68c-364cc53b4bcc","TALL_008.basePlot.bet","D08","TALL","TALL_008","N","distributed","deciduousForest",32.921617,-87.433388,"WGS84",20.3,113.0,0.3,"2017-04-19","2017-05-03","TALL.2017.19",14,"Y","TALL_008.N.20170503","Ok","Ok","Ok","NEON.DOC.014050vK","VlGS9knfep4oIPmMdzrYPvhmhmcAnEWcmbTWayWKGyM=",
"6dcf6cd2-3b11-4420-ae43-81c477d26754","TALL_008.basePlot.bet","D08","TALL","TALL_008","S","distributed","deciduousForest",32.921617,-87.433388,"WGS84",20.3,113.0,0.3,"2017-04-19","2017-05-03","TALL.2017.19",14,"Y","TALL_008.S.20170503","Ok","Ok","High","NEON.DOC.014050vK","VlGS9knfep4oIPmMdzrYPvhmhmcAnEWcmbTWayWKGyM=",
"333c81c1-66ed-4c4a-bf9e-b760ffe61ec4","TALL_008.basePlot.bet","D08","TALL","TALL_008","E","distributed","deciduousForest",32.921617,-87.433388,"WGS84",20.3,113.0,0.3,"2017-04-19","2017-05-03","TALL.2017.19",14,"Y","TALL_008.E.20170503","Ok","Ok","Ok","NEON.DOC.014050vK","VlGS9knfep4oIPmMdzrYPvhmhmcAnEWcmbTWayWKGyM=",
"0306d210-ac5e-4940-99da-30b919114749","TALL_008.basePlot.bet","D08","TALL","TALL_008","W","distributed","deciduousForest",32.921617,-87.433388,"WGS84",20.3,113.0,0.3,"2017-04-19","2017-05-03","TALL.2017.19",14,"Y","TALL_008.W.20170503","Ok","Ok","Ok","NEON.DOC.014050vK","VlGS9knfep4oIPmMdzrYPvhmhmcAnEWcmbTWayWKGyM=",
"c74d486e-5a5c-4dff-87d4-7a1f168d6061","TALL_005.basePlot.bet","D08","TALL","TALL_005","S","distributed","mixedForest",32.897128,-87.397349,"WGS84",20.2,119.9,0.2,"2017-04-19","2017-05-03","TALL.2017.19",14,"Y","TALL_005.S.20170503","Ok","Ok","Ok","NEON.DOC.014050vK","VlGS9knfep4oIPmMdzrYPvhmhmcAnEWcmbTWayWKGyM=",
"d20f8744-fa6e-4566-a419-454852e11c19","TALL_005.basePlot.bet","D08","TALL","TALL_005","N","distributed","mixedForest",32.897128,-87.397349,"WGS84",20.2,119.9,0.2,"2017-04-19","2017-05-03","TALL.2017.19",14,"Y","TALL_005.N.20170503","Ok","Ok","Ok","NEON.DOC.014050vK","VlGS9knfep4oIPmMdzrYPvhmhmcAnEWcmbTWayWKGyM=",
"442c698b-2d09-415f-926d-7f7164a7b9fc","TALL_005.basePlot.bet","D08","TALL","TALL_005","E","distributed","mixedForest",32.897128,-87.397349,"WGS84",20.2,119.9,0.2,"2017-04-19","2017-05-03","TALL.2017.19",14,"Y","TALL_005.E.20170503","Ok","Ok","Ok","NEON.DOC.014050vK","VlGS9knfep4oIPmMdzrYPvhmhmcAnEWcmbTWayWKGyM=",
"0624f565-806e-4d1c-a057-5d4e03a4daac","TALL_005.basePlot.bet","D08","TALL","TALL_005","W","distributed","mixedForest",32.897128,-87.397349,"WGS84",20.2,119.9,0.2,"2017-04-19","2017-05-03","TALL.2017.19",14,"Y","TALL_005.W.20170503","Ok","Ok","Ok","NEON.DOC.014050vK","VlGS9knfep4oIPmMdzrYPvhmhmcAnEWcmbTWayWKGyM=",
"85f365f0-1878-4b73-a99b-46910a457380","TALL_006.basePlot.bet","D08","TALL","TALL_006","S","distributed","evergreenForest",32.898843,-87.446128,"WGS84",20.3,97.8,0.4,"2017-04-19","2017-05-03","TALL.2017.19",14,"Y","TALL_006.S.20170503","Ok","Ok","Ok","NEON.DOC.014050vK","71MfCy+FRstpZer5T0iw8M+PBSzABHAbojUJO96sh64=",
"d3d45b34-be53-40d2-a12a-b0437419a914","TALL_006.basePlot.bet","D08","TALL","TALL_006","W","distributed","evergreenForest",32.898843,-87.446128,"WGS84",20.3,97.8,0.4,"2017-04-19","2017-05-03","TALL.2017.19",14,"Y","TALL_006.W.20170503","Ok","Ok","Ok","NEON.DOC.014050vK","71MfCy+FRstpZer5T0iw8M+PBSzABHAbojUJO96sh64=",
"18fd6341-a890-4b40-a573-676408dc3c2c","TALL_006.basePlot.bet","D08","TALL","TALL_006","N","distributed","evergreenForest",32.898843,-87.446128,"WGS84",20.3,97.8,0.4,"2017-04-19","2017-05-03","TALL.2017.19",14,"Y","TALL_006.N.20170503","Ok","Ok","Ok","NEON.DOC.014050vK","71MfCy+FRstpZer5T0iw8M+PBSzABHAbojUJO96sh64=",
"34d489d3-f8f5-4bed-ad57-52795bd3dad6","TALL_006.basePlot.bet","D08","TALL","TALL_006","E","distributed","evergreenForest",32.898843,-87.446128,"WGS84",20.3,97.8,0.4,"2017-04-19","2017-05-03","TALL.2017.19",14,"Y","TALL_006.E.20170503","Ok","Ok","Ok","NEON.DOC.014050vK","71MfCy+FRstpZer5T0iw8M+PBSzABHAbojUJO96sh64=",
"c730a1f7-7869-436c-b1f0-52eba5f6a9a3","TALL_001.basePlot.bet","D08","TALL","TALL_001","S","distributed","deciduousForest",32.977667,-87.432716,"WGS84",20.3,98.6,0.4,"2017-04-19","2017-05-03","TALL.2017.19",14,"Y","TALL_001.S.20170503","Ok","Ok","Ok","NEON.DOC.014050vK","71MfCy+FRstpZer5T0iw8M+PBSzABHAbojUJO96sh64=",
"d8009565-550a-4800-8c48-c09279a4229c","TALL_001.basePlot.bet","D08","TALL","TALL_001","E","distributed","deciduousForest",32.977667,-87.432716,"WGS84",20.3,98.6,0.4,"2017-04-19","2017-05-03","TALL.2017.19",14,"Y","TALL_001.E.20170503","Ok","Ok","Ok","NEON.DOC.014050vK","71MfCy+FRstpZer5T0iw8M+PBSzABHAbojUJO96sh64=",
"1ff0d996-d85c-4f83-b7df-c76b35c8dfdb","TALL_001.basePlot.bet","D08","TALL","TALL_001","W","distributed","deciduousForest",32.977667,-87.432716,"WGS84",20.3,98.6,0.4,"2017-04-19","2017-05-03","TALL.2017.19",14,"Y","TALL_001.W.20170503","Ok","Ok","Ok","NEON.DOC.014050vK","71MfCy+FRstpZer5T0iw8M+PBSzABHAbojUJO96sh64=",
"8dc9f886-a266-4119-8a92-cca8c9a88662","TALL_001.basePlot.bet","D08","TALL","TALL_001","N","distributed","deciduousForest",32.977667,-87.432716,"WGS84",20.3,98.6,0.4,"2017-04-19","2017-05-03","TALL.2017.19",14,"Y","TALL_001.N.20170503","Ok","Ok","Ok","NEON.DOC.014050vK","71MfCy+FRstpZer5T0iw8M+PBSzABHAbojUJO96sh64=",
"538e327e-b90d-4b50-b13e-8ddb6fd9a633","TALL_013.basePlot.bet","D08","TALL","TALL_013","W","distributed","evergreenForest",32.884749,-87.454396,"WGS84",20.1,117.6,0.2,"2017-04-19","2017-05-03","TALL.2017.19",14,"Y","TALL_013.W.20170503","Ok","Ok","Ok","NEON.DOC.014050vK","71MfCy+FRstpZer5T0iw8M+PBSzABHAbojUJO96sh64=",
"2480a1b2-10c4-4f11-8205-79097b419a7a","TALL_013.basePlot.bet","D08","TALL","TALL_013","S","distributed","evergreenForest",32.884749,-87.454396,"WGS84",20.1,117.6,0.2,"2017-04-19","2017-05-03","TALL.2017.19",14,"Y","TALL_013.S.20170503","Ok","Ok","Ok","NEON.DOC.014050vK","71MfCy+FRstpZer5T0iw8M+PBSzABHAbojUJO96sh64=",
"8297d1d3-e43a-46f0-aa54-a58bacce964c","TALL_013.basePlot.bet","D08","TALL","TALL_013","N","distributed","evergreenForest",32.884749,-87.454396,"WGS84",20.1,117.6,0.2,"2017-04-19","2017-05-03","TALL.2017.19",14,"Y","TALL_013.N.20170503","Ok","Ok","Ok","NEON.DOC.014050vK","71MfCy+FRstpZer5T0iw8M+PBSzABHAbojUJO96sh64=",
"e2c9cbbc-eb4c-4f16-b1d4-8bc096289e57","TALL_013.basePlot.bet","D08","TALL","TALL_013","E","distributed","evergreenForest",32.884749,-87.454396,"WGS84",20.1,117.6,0.2,"2017-04-19","2017-05-03","TALL.2017.19",14,"Y","TALL_013.E.20170503","Ok","Ok","High","NEON.DOC.014050vK","71MfCy+FRstpZer5T0iw8M+PBSzABHAbojUJO96sh64=",
"287d0a2e-6484-44a7-a6a3-01134148060e","TALL_009.basePlot.bet","D08","TALL","TALL_009","E","distributed","evergreenForest",32.899796,-87.406679,"WGS84",20.2,105.1,0.4,"2017-04-19","2017-05-03","TALL.2017.19",14,"Y","TALL_009.E.20170503","Ok","Ok","Ok","NEON.DOC.014050vK","VlGS9knfep4oIPmMdzrYPvhmhmcAnEWcmbTWayWKGyM=",
"4b59cbc2-d810-430c-ab46-544141208c50","TALL_009.basePlot.bet","D08","TALL","TALL_009","N","distributed","evergreenForest",32.899796,-87.406679,"WGS84",20.2,105.1,0.4,"2017-04-19","2017-05-03","TALL.2017.19",14,"Y","TALL_009.N.20170503","Ok","Ok","Ok","NEON.DOC.014050vK","VlGS9knfep4oIPmMdzrYPvhmhmcAnEWcmbTWayWKGyM=",
"64bef686-c478-4e18-91fd-f6dbda7f5d4b","TALL_009.basePlot.bet","D08","TALL","TALL_009","S","distributed","evergreenForest",32.899796,-87.406679,"WGS84",20.2,105.1,0.4,"2017-04-19","2017-05-03","TALL.2017.19",14,"Y","TALL_009.S.20170503","Ok","Ok","High","NEON.DOC.014050vK","VlGS9knfep4oIPmMdzrYPvhmhmcAnEWcmbTWayWKGyM=",
"9ceeadee-7af0-46b0-a033-30359ce833d8","TALL_009.basePlot.bet","D08","TALL","TALL_009","W","distributed","evergreenForest",32.899796,-87.406679,"WGS84",20.2,105.1,0.4,"2017-04-19","2017-05-03","TALL.2017.19",14,"Y","TALL_009.W.20170503","Ok","Ok","Ok","NEON.DOC.014050vK","VlGS9knfep4oIPmMdzrYPvhmhmcAnEWcmbTWayWKGyM=",
"75af39bb-b64e-4764-a552-bd486a9a4daf","TALL_003.basePlot.bet","D08","TALL","TALL_003","S","distributed","mixedForest",32.893530,-87.415341,"WGS84",20.2,122.8,0.2,"2017-04-19","2017-05-03","TALL.2017.19",14,"Y","TALL_003.S.20170503","Ok","Ok","Ok","NEON.DOC.014050vK","VlGS9knfep4oIPmMdzrYPvhmhmcAnEWcmbTWayWKGyM=",
"a8cf5f9d-e077-469b-9018-49098a2ebd34","TALL_003.basePlot.bet","D08","TALL","TALL_003","N","distributed","mixedForest",32.893530,-87.415341,"WGS84",20.2,122.8,0.2,"2017-04-19","2017-05-03","TALL.2017.19",14,"Y","TALL_003.N.20170503","Ok","Ok","Ok","NEON.DOC.014050vK","VlGS9knfep4oIPmMdzrYPvhmhmcAnEWcmbTWayWKGyM=",
"4630f790-94ea-4297-ba5e-aff423e0751d","TALL_003.basePlot.bet","D08","TALL","TALL_003","E","distributed","mixedForest",32.893530,-87.415341,"WGS84",20.2,122.8,0.2,"2017-04-19","2017-05-03","TALL.2017.19",14,"Y","TALL_003.E.20170503","Ok","Ok","Ok","NEON.DOC.014050vK","VlGS9knfep4oIPmMdzrYPvhmhmcAnEWcmbTWayWKGyM=",
"47a8b897-c351-481e-9003-6e971fc76fff","TALL_002.basePlot.bet","D08","TALL","TALL_002","W","distributed","mixedForest",32.922158,-87.428893,"WGS84",20.2,118.3,0.4,"2017-04-19","2017-05-03","TALL.2017.19",14,"Y","TALL_002.W.20170503","Ok","Ok","Ok","NEON.DOC.014050vK","VlGS9knfep4oIPmMdzrYPvhmhmcAnEWcmbTWayWKGyM=",
"c457fab3-cd20-4486-b6c1-5909b14f1468","TALL_006.basePlot.bet","D08","TALL","TALL_006","W","distributed","evergreenForest",32.898843,-87.446128,"WGS84",20.3,97.8,0.4,"2017-05-03","2017-05-17","TALL.2017.21",14,"Y","TALL_006.W.20170517","Ok","Ok","Ok","NEON.DOC.014050vK","Ty5ktdGiRSqkqUWm9Npw4JAlXmlUMfF/XyCnO5fUs8Q=",
"786df1ca-af34-4bd0-adc9-a9756f04ff17","TALL_006.basePlot.bet","D08","TALL","TALL_006","E","distributed","evergreenForest",32.898843,-87.446128,"WGS84",20.3,97.8,0.4,"2017-05-03","2017-05-17","TALL.2017.21",14,"Y","TALL_006.E.20170517","Ok","Ok","Ok","NEON.DOC.014050vK","Ty5ktdGiRSqkqUWm9Npw4JAlXmlUMfF/XyCnO5fUs8Q=",
"b565a9de-69cd-47a0-80da-c2e4270beb53","TALL_006.basePlot.bet","D08","TALL","TALL_006","S","distributed","evergreenForest",32.898843,-87.446128,"WGS84",20.3,97.8,0.4,"2017-05-03","2017-05-17","TALL.2017.21",14,"N",,"Disturbed","Disturbed","None","NEON.DOC.014050vK","Ty5ktdGiRSqkqUWm9Npw4JAlXmlUMfF/XyCnO5fUs8Q=",
"5c920f4c-aeaf-432f-bcbe-1660bfb5e365","TALL_006.basePlot.bet","D08","TALL","TALL_006","N","distributed","evergreenForest",32.898843,-87.446128,"WGS84",20.3,97.8,0.4,"2017-05-03","2017-05-17","TALL.2017.21",14,"Y","TALL_006.N.20170517","Ok","Ok","Ok","NEON.DOC.014050vK","Ty5ktdGiRSqkqUWm9Npw4JAlXmlUMfF/XyCnO5fUs8Q=",
"45536833-b6aa-4d67-bd55-ba635a985bef","TALL_007.basePlot.bet","D08","TALL","TALL_007","E","distributed","deciduousForest",32.974429,-87.426940,"WGS84",20.3,82.5,0.3,"2017-05-03","2017-05-17","TALL.2017.21",14,"Y","TALL_007.E.20170517","Ok","Ok","Ok","NEON.DOC.014050vK","Ty5ktdGiRSqkqUWm9Npw4JAlXmlUMfF/XyCnO5fUs8Q=",
"0e102b2f-44f2-452e-a0d0-136f52c04b7d","TALL_007.basePlot.bet","D08","TALL","TALL_007","W","distributed","deciduousForest",32.974429,-87.426940,"WGS84",20.3,82.5,0.3,"2017-05-03","2017-05-17","TALL.2017.21",14,"N",,"Disturbed","Disturbed","None","NEON.DOC.014050vK","Ty5ktdGiRSqkqUWm9Npw4JAlXmlUMfF/XyCnO5fUs8Q=",
"c1b84b8f-db31-4d1d-8724-ff8484e64f2a","TALL_007.basePlot.bet","D08","TALL","TALL_007","S","distributed","deciduousForest",32.974429,-87.426940,"WGS84",20.3,82.5,0.3,"2017-05-03","2017-05-17","TALL.2017.21",14,"N",,"Missing","Disturbed","None","NEON.DOC.014050vK","Ty5ktdGiRSqkqUWm9Npw4JAlXmlUMfF/XyCnO5fUs8Q=",
"bb43c7ec-5f7b-4e78-9ac4-6a920acec8af","TALL_004.basePlot.bet","D08","TALL","TALL_004","W","distributed","evergreenForest",32.957884,-87.432613,"WGS84",20.1,132.0,0.1,"2017-05-03","2017-05-17","TALL.2017.21",14,"Y","TALL_004.W.20170517","Ok","Ok","Ok","NEON.DOC.014050vK","Ty5ktdGiRSqkqUWm9Npw4JAlXmlUMfF/XyCnO5fUs8Q=",
"dbe43f8c-74d5-4022-821c-4741dfb832b1","TALL_004.basePlot.bet","D08","TALL","TALL_004","S","distributed","evergreenForest",32.957884,-87.432613,"WGS84",20.1,132.0,0.1,"2017-05-03","2017-05-17","TALL.2017.21",14,"Y","TALL_004.S.20170517","Ok","Ok","Ok","NEON.DOC.014050vK","Ty5ktdGiRSqkqUWm9Npw4JAlXmlUMfF/XyCnO5fUs8Q=",
"97b359aa-812e-47a1-8450-c739de4b6e56","TALL_004.basePlot.bet","D08","TALL","TALL_004","N","distributed","evergreenForest",32.957884,-87.432613,"WGS84",20.1,132.0,0.1,"2017-05-03","2017-05-17","TALL.2017.21",14,"Y","TALL_004.N.20170517","Ok","Ok","Ok","NEON.DOC.014050vK","Ty5ktdGiRSqkqUWm9Npw4JAlXmlUMfF/XyCnO5fUs8Q=",
"65f4bedd-0f2a-40e7-beef-db95afc287eb","TALL_004.basePlot.bet","D08","TALL","TALL_004","E","distributed","evergreenForest",32.957884,-87.432613,"WGS84",20.1,132.0,0.1,"2017-05-03","2017-05-17","TALL.2017.21",14,"Y","TALL_004.E.20170517","Ok","Ok","Ok","NEON.DOC.014050vK","Ty5ktdGiRSqkqUWm9Npw4JAlXmlUMfF/XyCnO5fUs8Q=",
"278f0d1f-40f8-4db9-b7be-30ed5ed75c1d","TALL_001.basePlot.bet","D08","TALL","TALL_001","N","distributed","deciduousForest",32.977667,-87.432716,"WGS84",20.3,98.6,0.4,"2017-05-03","2017-05-17","TALL.2017.21",14,"Y","TALL_001.N.20170517","Ok","Ok","Ok","NEON.DOC.014050vK","1oa2xj2qJQv1pKrpD/skqP7oYbsNfTnS+U+/HNtkLpw=",
"37d94edf-97ea-4c7f-aae1-1090021d82eb","TALL_001.basePlot.bet","D08","TALL","TALL_001","W","distributed","deciduousForest",32.977667,-87.432716,"WGS84",20.3,98.6,0.4,"2017-05-03","2017-05-17","TALL.2017.21",14,"Y","TALL_001.W.20170517","Ok","Ok","Ok","NEON.DOC.014050vK","1oa2xj2qJQv1pKrpD/skqP7oYbsNfTnS+U+/HNtkLpw=",
"e6e223ca-8229-4607-8142-a7e67315c05e","TALL_001.basePlot.bet","D08","TALL","TALL_001","S","distributed","deciduousForest",32.977667,-87.432716,"WGS84",20.3,98.6,0.4,"2017-05-03","2017-05-17","TALL.2017.21",14,"Y","TALL_001.S.20170517","Ok","Ok","Ok","NEON.DOC.014050vK","1oa2xj2qJQv1pKrpD/skqP7oYbsNfTnS+U+/HNtkLpw=",
"81575629-7c94-424f-bc00-1c770dcb1d6c","TALL_001.basePlot.bet","D08","TALL","TALL_001","E","distributed","deciduousForest",32.977667,-87.432716,"WGS84",20.3,98.6,0.4,"2017-05-03","2017-05-17","TALL.2017.21",14,"Y","TALL_001.E.20170517","Ok","Ok","Ok","NEON.DOC.014050vK","1oa2xj2qJQv1pKrpD/skqP7oYbsNfTnS+U+/HNtkLpw=",
"290d0759-7d26-442c-99df-70becc946063","TALL_013.basePlot.bet","D08","TALL","TALL_013","W","distributed","evergreenForest",32.884749,-87.454396,"WGS84",20.1,117.6,0.2,"2017-05-03","2017-05-17","TALL.2017.21",14,"Y","TALL_013.W.20170517","Ok","Ok","Ok","NEON.DOC.014050vK","Ty5ktdGiRSqkqUWm9Npw4JAlXmlUMfF/XyCnO5fUs8Q=",
"d0b7488e-4f3f-4d7d-a3fe-26fdc15f5bd7","TALL_013.basePlot.bet","D08","TALL","TALL_013","S","distributed","evergreenForest",32.884749,-87.454396,"WGS84",20.1,117.6,0.2,"2017-05-03","2017-05-17","TALL.2017.21",14,"Y","TALL_013.S.20170517","Ok","Ok","Ok","NEON.DOC.014050vK","Ty5ktdGiRSqkqUWm9Npw4JAlXmlUMfF/XyCnO5fUs8Q=",
"a8a57600-6869-4bcf-bf72-17938e6feab9","TALL_007.basePlot.bet","D08","TALL","TALL_007","N","distributed","deciduousForest",32.974429,-87.426940,"WGS84",20.3,82.5,0.3,"2017-05-03","2017-05-17","TALL.2017.21",14,"Y","TALL_007.N.20170517","Ok","Ok","Ok","NEON.DOC.014050vK","Ty5ktdGiRSqkqUWm9Npw4JAlXmlUMfF/XyCnO5fUs8Q=",
"63c439c6-a2d5-4c5b-b0d1-44fb3772c6ae","TALL_013.basePlot.bet","D08","TALL","TALL_013","N","distributed","evergreenForest",32.884749,-87.454396,"WGS84",20.1,117.6,0.2,"2017-05-03","2017-05-17","TALL.2017.21",14,"Y","TALL_013.N.20170517","Ok","Ok","Ok","NEON.DOC.014050vK","Ty5ktdGiRSqkqUWm9Npw4JAlXmlUMfF/XyCnO5fUs8Q=",
"59d4c045-676a-42ee-95f1-616bc414be3d","TALL_013.basePlot.bet","D08","TALL","TALL_013","E","distributed","evergreenForest",32.884749,-87.454396,"WGS84",20.1,117.6,0.2,"2017-05-03","2017-05-17","TALL.2017.21",14,"Y","TALL_013.E.20170517","Ok","Ok","Ok","NEON.DOC.014050vK","Ty5ktdGiRSqkqUWm9Npw4JAlXmlUMfF/XyCnO5fUs8Q=",
"52aa813d-0d10-4af2-ad2c-483bf51520b9","TALL_003.basePlot.bet","D08","TALL","TALL_003","N","distributed","mixedForest",32.893530,-87.415341,"WGS84",20.2,122.8,0.2,"2017-05-03","2017-05-17","TALL.2017.21",14,"Y","TALL_003.N.20170517","Ok","Ok","Ok","NEON.DOC.014050vK","v7wRdnV1gD6DA7NUoRhtXNeAYtN2k0WN",
"1ec2b66f-43ca-47ac-909e-19ac8e3fe6b6","TALL_003.basePlot.bet","D08","TALL","TALL_003","S","distributed","mixedForest",32.893530,-87.415341,"WGS84",20.2,122.8,0.2,"2017-05-03","2017-05-17","TALL.2017.21",14,"Y","TALL_003.S.20170517","Ok","Ok","Ok","NEON.DOC.014050vK","v7wRdnV1gD6DA7NUoRhtXNeAYtN2k0WN",
"1939884f-54c3-45df-91e2-910b7fea7820","TALL_003.basePlot.bet","D08","TALL","TALL_003","E","distributed","mixedForest",32.893530,-87.415341,"WGS84",20.2,122.8,0.2,"2017-05-03","2017-05-17","TALL.2017.21",14,"Y","TALL_003.E.20170517","Ok","Ok","Ok","NEON.DOC.014050vK","v7wRdnV1gD6DA7NUoRhtXNeAYtN2k0WN",
"048f8632-078a-4eb2-8a45-1fd18ecfb505","TALL_009.basePlot.bet","D08","TALL","TALL_009","W","distributed","evergreenForest",32.899796,-87.406679,"WGS84",20.2,105.1,0.4,"2017-05-03","2017-05-17","TALL.2017.21",14,"Y","TALL_009.W.20170517","Ok","Ok","Ok","NEON.DOC.014050vK","v7wRdnV1gD6DA7NUoRhtXNeAYtN2k0WN",
"1ed5b32f-2e3b-4377-8f14-3797c94259ae","TALL_009.basePlot.bet","D08","TALL","TALL_009","E","distributed","evergreenForest",32.899796,-87.406679,"WGS84",20.2,105.1,0.4,"2017-05-03","2017-05-17","TALL.2017.21",14,"Y","TALL_009.E.20170517","Ok","Ok","Ok","NEON.DOC.014050vK","v7wRdnV1gD6DA7NUoRhtXNeAYtN2k0WN",
"250ec909-e637-4177-8189-8cf0c2783b6f","TALL_003.basePlot.bet","D08","TALL","TALL_003","W","distributed","mixedForest",32.893530,-87.415341,"WGS84",20.2,122.8,0.2,"2017-05-03","2017-05-17","TALL.2017.21",14,"Y","TALL_003.W.20170517","Ok","Ok","Ok","NEON.DOC.014050vK","v7wRdnV1gD6DA7NUoRhtXNeAYtN2k0WN",
"d526a008-5da8-498a-bb1d-40216770ba0a","TALL_009.basePlot.bet","D08","TALL","TALL_009","N","distributed","evergreenForest",32.899796,-87.406679,"WGS84",20.2,105.1,0.4,"2017-05-03","2017-05-17","TALL.2017.21",14,"Y","TALL_009.N.20170517","Ok","Ok","Ok","NEON.DOC.014050vK","v7wRdnV1gD6DA7NUoRhtXNeAYtN2k0WN",
"20d814f7-61e4-4ab1-b169-b945419e5099","TALL_009.basePlot.bet","D08","TALL","TALL_009","S","distributed","evergreenForest",32.899796,-87.406679,"WGS84",20.2,105.1,0.4,"2017-05-03","2017-05-17","TALL.2017.21",14,"Y","TALL_009.S.20170517","Ok","Ok","High","NEON.DOC.014050vK","v7wRdnV1gD6DA7NUoRhtXNeAYtN2k0WN",
"39499967-0ce1-4b9d-a1aa-5158f4f735a1","TALL_002.basePlot.bet","D08","TALL","TALL_002","S","distributed","mixedForest",32.922158,-87.428893,"WGS84",20.2,118.3,0.4,"2017-05-03","2017-05-17","TALL.2017.21",14,"Y","TALL_002.S.20170517","Ok","Ok","Ok","NEON.DOC.014050vK","v7wRdnV1gD6DA7NUoRhtXNeAYtN2k0WN",
"d1ac30d7-5d40-4250-963b-66efab6e8a0c","TALL_002.basePlot.bet","D08","TALL","TALL_002","W","distributed","mixedForest",32.922158,-87.428893,"WGS84",20.2,118.3,0.4,"2017-05-03","2017-05-17","TALL.2017.21",14,"Y","TALL_002.W.20170517","Ok","Ok","Ok","NEON.DOC.014050vK","v7wRdnV1gD6DA7NUoRhtXNeAYtN2k0WN",
"bd2819b3-0203-4ceb-89ff-8195db9b7f20","TALL_002.basePlot.bet","D08","TALL","TALL_002","E","distributed","mixedForest",32.922158,-87.428893,"WGS84",20.2,118.3,0.4,"2017-05-03","2017-05-17","TALL.2017.21",14,"Y","TALL_002.E.20170517","Ok","Ok","Ok","NEON.DOC.014050vK","v7wRdnV1gD6DA7NUoRhtXNeAYtN2k0WN",
"769b47cc-6c69-40f3-a84c-41b22713a0c1","TALL_002.basePlot.bet","D08","TALL","TALL_002","N","distributed","mixedForest",32.922158,-87.428893,"WGS84",20.2,118.3,0.4,"2017-05-03","2017-05-17","TALL.2017.21",14,"Y","TALL_002.N.20170517","Ok","Ok","Ok","NEON.DOC.014050vK","v7wRdnV1gD6DA7NUoRhtXNeAYtN2k0WN",
"b50efe97-67b6-4e2e-97ee-0945ad003fbf","TALL_005.basePlot.bet","D08","TALL","TALL_005","N","distributed","mixedForest",32.897128,-87.397349,"WGS84",20.2,119.9,0.2,"2017-05-03","2017-05-17","TALL.2017.21",14,"Y","TALL_005.N.20170517","Ok","Ok","Ok","NEON.DOC.014050vK","v7wRdnV1gD6DA7NUoRhtXNeAYtN2k0WN",
"ca83f904-5eae-48aa-a0ee-a348ebbd1d5b","TALL_005.basePlot.bet","D08","TALL","TALL_005","S","distributed","mixedForest",32.897128,-87.397349,"WGS84",20.2,119.9,0.2,"2017-05-03","2017-05-17","TALL.2017.21",14,"Y","TALL_005.S.20170517","Ok","Ok","Ok","NEON.DOC.014050vK","v7wRdnV1gD6DA7NUoRhtXNeAYtN2k0WN",
"748fc749-f84b-4fb4-995c-bcc2796d1d36","TALL_005.basePlot.bet","D08","TALL","TALL_005","E","distributed","mixedForest",32.897128,-87.397349,"WGS84",20.2,119.9,0.2,"2017-05-03","2017-05-17","TALL.2017.21",14,"Y","TALL_005.E.20170517","Ok","Ok","Ok","NEON.DOC.014050vK","v7wRdnV1gD6DA7NUoRhtXNeAYtN2k0WN",
"c70c2fc5-2a61-44cb-ab0f-30624439e2f5","TALL_005.basePlot.bet","D08","TALL","TALL_005","W","distributed","mixedForest",32.897128,-87.397349,"WGS84",20.2,119.9,0.2,"2017-05-03","2017-05-17","TALL.2017.21",14,"Y","TALL_005.W.20170517","Ok","Ok","Ok","NEON.DOC.014050vK","v7wRdnV1gD6DA7NUoRhtXNeAYtN2k0WN",
"2e6351d2-6849-4aae-a491-b0c0048c5413","TALL_008.basePlot.bet","D08","TALL","TALL_008","N","distributed","deciduousForest",32.921617,-87.433388,"WGS84",20.3,113.0,0.3,"2017-05-03","2017-05-17","TALL.2017.21",14,"Y","TALL_008.N.20170517","Ok","Ok","Ok","NEON.DOC.014050vK","v7wRdnV1gD6DA7NUoRhtXNeAYtN2k0WN",
"7634f4fd-8cb7-4b12-a3f3-5cd2d963ca6f","TALL_008.basePlot.bet","D08","TALL","TALL_008","E","distributed","deciduousForest",32.921617,-87.433388,"WGS84",20.3,113.0,0.3,"2017-05-03","2017-05-17","TALL.2017.21",14,"Y","TALL_008.E.20170517","Ok","Ok","Ok","NEON.DOC.014050vK","v7wRdnV1gD6DA7NUoRhtXNeAYtN2k0WN",
"ecd2fa86-8d47-408d-88e1-759c1749a0b9","TALL_008.basePlot.bet","D08","TALL","TALL_008","S","distributed","deciduousForest",32.921617,-87.433388,"WGS84",20.3,113.0,0.3,"2017-05-03","2017-05-17","TALL.2017.21",14,"Y","TALL_008.S.20170517","Ok","Ok","Ok","NEON.DOC.014050vK","v7wRdnV1gD6DA7NUoRhtXNeAYtN2k0WN",
"6b682c20-e338-42e9-93f3-437bf412c64a","TALL_008.basePlot.bet","D08","TALL","TALL_008","W","distributed","deciduousForest",32.921617,-87.433388,"WGS84",20.3,113.0,0.3,"2017-05-03","2017-05-17","TALL.2017.21",14,"Y","TALL_008.W.20170517","Ok","Ok","Ok","NEON.DOC.014050vK","v7wRdnV1gD6DA7NUoRhtXNeAYtN2k0WN",
"5d240515-59ec-4763-86f9-01c4d37eb045","TALL_003.basePlot.bet","D08","TALL","TALL_003","S","distributed","mixedForest",32.893530,-87.415341,"WGS84",20.2,122.8,0.2,"2017-05-17","2017-05-31","TALL.2017.23",14,"Y","TALL_003.S.20170531","Ok","Ok","Ok","NEON.DOC.014050vK","1oa2xj2qJQv1pKrpD/skqP7oYbsNfTnS+U+/HNtkLpw=",
"24e81be6-3217-49b5-ab2a-e443c9163962","TALL_008.basePlot.bet","D08","TALL","TALL_008","S","distributed","deciduousForest",32.921617,-87.433388,"WGS84",20.3,113.0,0.3,"2017-05-17","2017-05-31","TALL.2017.23",14,"Y","TALL_008.S.20170531","Ok","Ok","Ok","NEON.DOC.014050vK","3Ym5ij87kyNZ4+qETTWy80Tg5jhJ+xJ+fnz5mJeZhbk=",
"9386d8ca-fb5c-4c0a-b753-3d875a76f129","TALL_003.basePlot.bet","D08","TALL","TALL_003","N","distributed","mixedForest",32.893530,-87.415341,"WGS84",20.2,122.8,0.2,"2017-05-17","2017-05-31","TALL.2017.23",14,"Y","TALL_003.N.20170531","Ok","Ok","Ok","NEON.DOC.014050vK","1oa2xj2qJQv1pKrpD/skqP7oYbsNfTnS+U+/HNtkLpw=",
"34feb1eb-bab4-4d27-a373-9173f1cf433b","TALL_003.basePlot.bet","D08","TALL","TALL_003","E","distributed","mixedForest",32.893530,-87.415341,"WGS84",20.2,122.8,0.2,"2017-05-17","2017-05-31","TALL.2017.23",14,"Y","TALL_003.E.20170531","Ok","Ok","Low","NEON.DOC.014050vK","1oa2xj2qJQv1pKrpD/skqP7oYbsNfTnS+U+/HNtkLpw=",
"b0c2fb83-2789-4df7-854c-b50174293525","TALL_009.basePlot.bet","D08","TALL","TALL_009","E","distributed","evergreenForest",32.899796,-87.406679,"WGS84",20.2,105.1,0.4,"2017-05-17","2017-05-31","TALL.2017.23",14,"Y","TALL_009.E.20170531","Ok","Ok","Ok","NEON.DOC.014050vK","1oa2xj2qJQv1pKrpD/skqP7oYbsNfTnS+U+/HNtkLpw=",
"3c0fd0a8-4959-4cce-814c-a020f40b30dc","TALL_009.basePlot.bet","D08","TALL","TALL_009","S","distributed","evergreenForest",32.899796,-87.406679,"WGS84",20.2,105.1,0.4,"2017-05-17","2017-05-31","TALL.2017.23",14,"Y","TALL_009.S.20170531","Ok","Ok","High","NEON.DOC.014050vK","1oa2xj2qJQv1pKrpD/skqP7oYbsNfTnS+U+/HNtkLpw=",
"73b1a382-24c8-46f1-a76e-d1ce5839e1fd","TALL_009.basePlot.bet","D08","TALL","TALL_009","N","distributed","evergreenForest",32.899796,-87.406679,"WGS84",20.2,105.1,0.4,"2017-05-17","2017-05-31","TALL.2017.23",14,"Y","TALL_009.N.20170531","Ok","Ok","Ok","NEON.DOC.014050vK","1oa2xj2qJQv1pKrpD/skqP7oYbsNfTnS+U+/HNtkLpw=",
"37907de0-5b67-4749-996c-da8c4dac895f","TALL_013.basePlot.bet","D08","TALL","TALL_013","N","distributed","evergreenForest",32.884749,-87.454396,"WGS84",20.1,117.6,0.2,"2017-05-17","2017-05-31","TALL.2017.23",14,"Y","TALL_013.N.20170531","Ok","Ok","Ok","NEON.DOC.014050vK","1oa2xj2qJQv1pKrpD/skqP7oYbsNfTnS+U+/HNtkLpw=",
"8c42182d-3aa8-4f16-97b7-04f3dca2c993","TALL_013.basePlot.bet","D08","TALL","TALL_013","S","distributed","evergreenForest",32.884749,-87.454396,"WGS84",20.1,117.6,0.2,"2017-05-17","2017-05-31","TALL.2017.23",14,"Y","TALL_013.S.20170531","Ok","Ok","High","NEON.DOC.014050vK","1oa2xj2qJQv1pKrpD/skqP7oYbsNfTnS+U+/HNtkLpw=",
"88cb18c4-8cf7-4d25-8e8d-fb18f4d33a97","TALL_009.basePlot.bet","D08","TALL","TALL_009","W","distributed","evergreenForest",32.899796,-87.406679,"WGS84",20.2,105.1,0.4,"2017-05-17","2017-05-31","TALL.2017.23",14,"Y","TALL_009.W.20170531","Ok","Ok","Ok","NEON.DOC.014050vK","1oa2xj2qJQv1pKrpD/skqP7oYbsNfTnS+U+/HNtkLpw=",
"2b2ee2ee-431e-4b03-af9c-0bf035c27768","TALL_002.basePlot.bet","D08","TALL","TALL_002","E","distributed","mixedForest",32.922158,-87.428893,"WGS84",20.2,118.3,0.4,"2017-05-17","2017-05-31","TALL.2017.23",14,"Y","TALL_002.E.20170531","Ok","Ok","Ok","NEON.DOC.014050vK","3Ym5ij87kyNZ4+qETTWy80Tg5jhJ+xJ+fnz5mJeZhbk=",
"9c27347e-2e0e-4bac-83c0-ab60e2d1a8cd","TALL_002.basePlot.bet","D08","TALL","TALL_002","S","distributed","mixedForest",32.922158,-87.428893,"WGS84",20.2,118.3,0.4,"2017-05-17","2017-05-31","TALL.2017.23",14,"Y","TALL_002.S.20170531","Ok","Ok","Ok","NEON.DOC.014050vK","3Ym5ij87kyNZ4+qETTWy80Tg5jhJ+xJ+fnz5mJeZhbk=",
"e1ca8cd8-7647-446e-a782-cccb5ac36390","TALL_013.basePlot.bet","D08","TALL","TALL_013","E","distributed","evergreenForest",32.884749,-87.454396,"WGS84",20.1,117.6,0.2,"2017-05-17","2017-05-31","TALL.2017.23",14,"Y","TALL_013.E.20170531","Ok","Ok","Ok","NEON.DOC.014050vK","1oa2xj2qJQv1pKrpD/skqP7oYbsNfTnS+U+/HNtkLpw=",
"f4e877f4-68bf-46d7-b627-93c4581e9557","TALL_013.basePlot.bet","D08","TALL","TALL_013","W","distributed","evergreenForest",32.884749,-87.454396,"WGS84",20.1,117.6,0.2,"2017-05-17","2017-05-31","TALL.2017.23",14,"Y","TALL_013.W.20170531","Ok","Ok","Ok","NEON.DOC.014050vK","1oa2xj2qJQv1pKrpD/skqP7oYbsNfTnS+U+/HNtkLpw=",
"093bc9a9-beb7-4d43-9986-244fae2aa2f1","TALL_002.basePlot.bet","D08","TALL","TALL_002","N","distributed","mixedForest",32.922158,-87.428893,"WGS84",20.2,118.3,0.4,"2017-05-17","2017-05-31","TALL.2017.23",14,"Y","TALL_002.N.20170531","Ok","Ok","Ok","NEON.DOC.014050vK","3Ym5ij87kyNZ4+qETTWy80Tg5jhJ+xJ+fnz5mJeZhbk=",
"6948f9af-91d0-4165-94eb-4f0ace368ddc","TALL_002.basePlot.bet","D08","TALL","TALL_002","W","distributed","mixedForest",32.922158,-87.428893,"WGS84",20.2,118.3,0.4,"2017-05-17","2017-05-31","TALL.2017.23",14,"Y","TALL_002.W.20170531","Ok","Ok","Ok","NEON.DOC.014050vK","3Ym5ij87kyNZ4+qETTWy80Tg5jhJ+xJ+fnz5mJeZhbk=",
"9a8d705e-9e60-443b-a02d-b67303525230","TALL_007.basePlot.bet","D08","TALL","TALL_007","N","distributed","deciduousForest",32.974429,-87.426940,"WGS84",20.3,82.5,0.3,"2017-05-17","2017-05-31","TALL.2017.23",14,"Y","TALL_007.N.20170531","Ok","Disturbed","Ok","NEON.DOC.014050vK","3Ym5ij87kyNZ4+qETTWy80Tg5jhJ+xJ+fnz5mJeZhbk=","Lid tilted"
"d1edbf62-35b9-4fbe-9cdb-321be9bbb2da","TALL_007.basePlot.bet","D08","TALL","TALL_007","W","distributed","deciduousForest",32.974429,-87.426940,"WGS84",20.3,82.5,0.3,"2017-05-17","2017-05-31","TALL.2017.23",14,"Y","TALL_007.W.20170531","Ok","Ok","Ok","NEON.DOC.014050vK","3Ym5ij87kyNZ4+qETTWy80Tg5jhJ+xJ+fnz5mJeZhbk=",
"6dc67663-0a12-4c14-a9cc-ed45ad7a0755","TALL_007.basePlot.bet","D08","TALL","TALL_007","E","distributed","deciduousForest",32.974429,-87.426940,"WGS84",20.3,82.5,0.3,"2017-05-17","2017-05-31","TALL.2017.23",14,"Y","TALL_007.E.20170531","Ok","Ok","Ok","NEON.DOC.014050vK","3Ym5ij87kyNZ4+qETTWy80Tg5jhJ+xJ+fnz5mJeZhbk=",
"8b30715f-73d6-4735-9c0c-32065e963995","TALL_001.basePlot.bet","D08","TALL","TALL_001","S","distributed","deciduousForest",32.977667,-87.432716,"WGS84",20.3,98.6,0.4,"2017-05-17","2017-05-31","TALL.2017.23",14,"Y","TALL_001.S.20170531","Ok","Ok","Ok","NEON.DOC.014050vK","3Ym5ij87kyNZ4+qETTWy80Tg5jhJ+xJ+fnz5mJeZhbk=",
"07005290-045d-42c5-84ee-2e5ad0e61bbb","TALL_001.basePlot.bet","D08","TALL","TALL_001","W","distributed","deciduousForest",32.977667,-87.432716,"WGS84",20.3,98.6,0.4,"2017-05-17","2017-05-31","TALL.2017.23",14,"Y","TALL_001.W.20170531","Ok","Ok","Ok","NEON.DOC.014050vK","3Ym5ij87kyNZ4+qETTWy80Tg5jhJ+xJ+fnz5mJeZhbk=",
"72904298-1870-4fc5-93fd-832bdcaa0972","TALL_007.basePlot.bet","D08","TALL","TALL_007","S","distributed","deciduousForest",32.974429,-87.426940,"WGS84",20.3,82.5,0.3,"2017-05-17","2017-05-31","TALL.2017.23",14,"Y","TALL_007.S.20170531","Ok","Ok","Ok","NEON.DOC.014050vK","3Ym5ij87kyNZ4+qETTWy80Tg5jhJ+xJ+fnz5mJeZhbk=",
"356cd982-3764-4a2a-bdf5-9383e3de8296","TALL_006.basePlot.bet","D08","TALL","TALL_006","S","distributed","evergreenForest",32.898843,-87.446128,"WGS84",20.3,97.8,0.4,"2017-05-17","2017-05-31","TALL.2017.23",14,"Y","TALL_006.S.20170531","Ok","Ok","High","NEON.DOC.014050vK","1oa2xj2qJQv1pKrpD/skqP7oYbsNfTnS+U+/HNtkLpw=",
"648a4654-160c-420e-9f9e-18000c5f20bb","TALL_006.basePlot.bet","D08","TALL","TALL_006","E","distributed","evergreenForest",32.898843,-87.446128,"WGS84",20.3,97.8,0.4,"2017-05-17","2017-05-31","TALL.2017.23",14,"Y","TALL_006.E.20170531","Ok","Ok","Ok","NEON.DOC.014050vK","1oa2xj2qJQv1pKrpD/skqP7oYbsNfTnS+U+/HNtkLpw=",
"b6740c12-6b48-47a0-80d7-249dd320a0fa","TALL_001.basePlot.bet","D08","TALL","TALL_001","E","distributed","deciduousForest",32.977667,-87.432716,"WGS84",20.3,98.6,0.4,"2017-05-17","2017-05-31","TALL.2017.23",14,"Y","TALL_001.E.20170531","Ok","Ok","Ok","NEON.DOC.014050vK","3Ym5ij87kyNZ4+qETTWy80Tg5jhJ+xJ+fnz5mJeZhbk=",
"8fe62212-ed80-4794-bc5d-476eae88e260","TALL_001.basePlot.bet","D08","TALL","TALL_001","N","distributed","deciduousForest",32.977667,-87.432716,"WGS84",20.3,98.6,0.4,"2017-05-17","2017-05-31","TALL.2017.23",14,"Y","TALL_001.N.20170531","Ok","Ok","Ok","NEON.DOC.014050vK","3Ym5ij87kyNZ4+qETTWy80Tg5jhJ+xJ+fnz5mJeZhbk=",
"491333ac-4566-4b4d-b52c-07bf41947358","TALL_006.basePlot.bet","D08","TALL","TALL_006","N","distributed","evergreenForest",32.898843,-87.446128,"WGS84",20.3,97.8,0.4,"2017-05-17","2017-05-31","TALL.2017.23",14,"Y","TALL_006.N.20170531","Ok","Ok","Ok","NEON.DOC.014050vK","1oa2xj2qJQv1pKrpD/skqP7oYbsNfTnS+U+/HNtkLpw=",
"b24cd6c7-5c86-4210-9f4b-1524d4e7c1bd","TALL_006.basePlot.bet","D08","TALL","TALL_006","W","distributed","evergreenForest",32.898843,-87.446128,"WGS84",20.3,97.8,0.4,"2017-05-17","2017-05-31","TALL.2017.23",14,"Y","TALL_006.W.20170531","Ok","Ok","Ok","NEON.DOC.014050vK","1oa2xj2qJQv1pKrpD/skqP7oYbsNfTnS+U+/HNtkLpw=",
"8059a37f-42b3-4f42-92c0-d77f59696923","TALL_004.basePlot.bet","D08","TALL","TALL_004","E","distributed","evergreenForest",32.957884,-87.432613,"WGS84",20.1,132.0,0.1,"2017-05-17","2017-05-31","TALL.2017.23",14,"Y","TALL_004.E.20170531","Ok","Ok","Ok","NEON.DOC.014050vK","3Ym5ij87kyNZ4+qETTWy80Tg5jhJ+xJ+fnz5mJeZhbk=",
"7c445ba1-5532-49dd-a698-836e2fcec195","TALL_005.basePlot.bet","D08","TALL","TALL_005","N","distributed","mixedForest",32.897128,-87.397349,"WGS84",20.2,119.9,0.2,"2017-05-17","2017-05-31","TALL.2017.23",14,"Y","TALL_005.N.20170531","Ok","Ok","Ok","NEON.DOC.014050vK","1oa2xj2qJQv1pKrpD/skqP7oYbsNfTnS+U+/HNtkLpw=",
"5a31beb9-8faf-4ff6-b536-b1635f54c8fb","TALL_005.basePlot.bet","D08","TALL","TALL_005","W","distributed","mixedForest",32.897128,-87.397349,"WGS84",20.2,119.9,0.2,"2017-05-17","2017-05-31","TALL.2017.23",14,"Y","TALL_005.W.20170531","Ok","Ok","Ok","NEON.DOC.014050vK","1oa2xj2qJQv1pKrpD/skqP7oYbsNfTnS+U+/HNtkLpw=",
"60d8fbb1-fbda-4b12-afc1-fb038fbd7f23","TALL_005.basePlot.bet","D08","TALL","TALL_005","S","distributed","mixedForest",32.897128,-87.397349,"WGS84",20.2,119.9,0.2,"2017-05-17","2017-05-31","TALL.2017.23",14,"Y","TALL_005.S.20170531","Ok","Ok","Ok","NEON.DOC.014050vK","1oa2xj2qJQv1pKrpD/skqP7oYbsNfTnS+U+/HNtkLpw=",
"f6bcd188-1b4e-41e2-b0bb-a8171e7b3fac","TALL_004.basePlot.bet","D08","TALL","TALL_004","S","distributed","evergreenForest",32.957884,-87.432613,"WGS84",20.1,132.0,0.1,"2017-05-17","2017-05-31","TALL.2017.23",14,"Y","TALL_004.S.20170531","Ok","Ok","Ok","NEON.DOC.014050vK","3Ym5ij87kyNZ4+qETTWy80Tg5jhJ+xJ+fnz5mJeZhbk=",
"b337f80e-7cf4-4ebd-83b8-371538308ed8","TALL_005.basePlot.bet","D08","TALL","TALL_005","E","distributed","mixedForest",32.897128,-87.397349,"WGS84",20.2,119.9,0.2,"2017-05-17","2017-05-31","TALL.2017.23",14,"Y","TALL_005.E.20170531","Ok","Ok","Ok","NEON.DOC.014050vK","1oa2xj2qJQv1pKrpD/skqP7oYbsNfTnS+U+/HNtkLpw=",
"c98263f3-e5f2-4466-8f3d-2aa79b450c97","TALL_008.basePlot.bet","D08","TALL","TALL_008","N","distributed","deciduousForest",32.921617,-87.433388,"WGS84",20.3,113.0,0.3,"2017-05-17","2017-05-31","TALL.2017.23",14,"Y","TALL_008.N.20170531","Ok","Ok","Ok","NEON.DOC.014050vK","3Ym5ij87kyNZ4+qETTWy80Tg5jhJ+xJ+fnz5mJeZhbk=",
"37d5727a-be91-4c41-841c-b849fb31a2f4","TALL_008.basePlot.bet","D08","TALL","TALL_008","E","distributed","deciduousForest",32.921617,-87.433388,"WGS84",20.3,113.0,0.3,"2017-05-17","2017-05-31","TALL.2017.23",14,"Y","TALL_008.E.20170531","Ok","Ok","Ok","NEON.DOC.014050vK","3Ym5ij87kyNZ4+qETTWy80Tg5jhJ+xJ+fnz5mJeZhbk=",
"8767370d-5630-40ee-bc24-d637fde0db86","TALL_004.basePlot.bet","D08","TALL","TALL_004","W","distributed","evergreenForest",32.957884,-87.432613,"WGS84",20.1,132.0,0.1,"2017-05-17","2017-05-31","TALL.2017.23",14,"Y","TALL_004.W.20170531","Ok","Ok","Ok","NEON.DOC.014050vK","3Ym5ij87kyNZ4+qETTWy80Tg5jhJ+xJ+fnz5mJeZhbk=",
"130330a6-e17d-4399-b541-6a9d9804f9f1","TALL_004.basePlot.bet","D08","TALL","TALL_004","N","distributed","evergreenForest",32.957884,-87.432613,"WGS84",20.1,132.0,0.1,"2017-05-17","2017-05-31","TALL.2017.23",14,"Y","TALL_004.N.20170531","Ok","Ok","Ok","NEON.DOC.014050vK","3Ym5ij87kyNZ4+qETTWy80Tg5jhJ+xJ+fnz5mJeZhbk=",
"c3f0a9dc-d4c5-4a3c-bca9-c758912d8ad7","TALL_008.basePlot.bet","D08","TALL","TALL_008","W","distributed","deciduousForest",32.921617,-87.433388,"WGS84",20.3,113.0,0.3,"2017-05-17","2017-05-31","TALL.2017.23",14,"Y","TALL_008.W.20170531","Ok","Ok","Ok","NEON.DOC.014050vK","3Ym5ij87kyNZ4+qETTWy80Tg5jhJ+xJ+fnz5mJeZhbk=",
"aa86bf5b-9a20-4c9e-b0e9-07cac4de644a","TALL_003.basePlot.bet","D08","TALL","TALL_003","W","distributed","mixedForest",32.893530,-87.415341,"WGS84",20.2,122.8,0.2,"2017-05-17","2017-05-31","TALL.2017.23",14,"Y","TALL_003.W.20170531","Ok","Ok","Ok","NEON.DOC.014050vK","1oa2xj2qJQv1pKrpD/skqP7oYbsNfTnS+U+/HNtkLpw=",
