uid,namedLocation,domainID,siteID,plotID,trapID,setDate,collectDate,processingDate,etOHChangeDate,identifiedDate,sampleID,subsampleID,sampleType,taxonID,scientificName,taxonRank,identificationQualifier,scientificNameAuthorship,morphospeciesID,individualCount,identificationReferences,identifiedBy,recordedBy,remarks
"f21394ab-0fb2-4363-94f7-53404821d9b6","OSBS_004.basePlot.bet","D03","OSBS","OSBS_004","W","2014-04-14","2014-05-12","2014-05-12","2014-05-12",,"OSBS_004.W.20140512","X148jY8iothT9L8j7UHi/VoUFTFhkFK1Eo60l9inAn8=","other carabid","CARSP14","Carabidae sp.","family",,"Latreille",,1,"Other",,"iiDgbhaUgfPlmO3sDuElTmkNgYTXyxbk","individualCount estimated based on number of pinning records|"
"9fb83858-5193-4033-8ebf-adbdc752b345","OSBS_004.basePlot.bet","D03","OSBS","OSBS_004","N","2014-04-14","2014-05-12","2014-05-12","2014-05-12","2014-09-19","OSBS_004.N.20140512","X148jY8iotgCfyzJ9X9z3oM0IMF4evHKggydNG7/tMI=","carabid","PASSUB2","Pasimachus subsulcatus","species",,"Say",,1,"Other","w/KL6MXJXvQ9p4XzhV28GG2D83wW5unkeKKvBIBIGMI=","iiDgbhaUgfPlmO3sDuElTmkNgYTXyxbk","individualCount not recorded. Value of 1 entered|"
"86269f03-1241-4dd1-947a-8765e61a40ad","OSBS_004.basePlot.bet","D03","OSBS","OSBS_004","N","2014-04-14","2014-05-12","2014-05-12","2014-05-12",,"OSBS_004.N.20140512","X148jY8iotgCfyzJ9X9z3mpvYcn+W/BweIUkfPa4WSE=","invert bycatch",,,,,,,,,,"iiDgbhaUgfPlmO3sDuElTmkNgYTXyxbk",
"7df4adad-300c-4210-b1b1-2e640e1b7915","OSBS_022.basePlot.bet","D03","OSBS","OSBS_022","N","2014-04-14","2014-05-12","2014-05-12","2014-05-12",,"OSBS_022.N.20140512","M5jd5p7S+pinQh79dFfh2MLfRCAEcmdBFcAf7x86esE=","invert bycatch",,,,,,,,,,"iiDgbhaUgfPlmO3sDuElTmkNgYTXyxbk",
"298aa595-b027-419b-9809-c8c776db670a","OSBS_004.basePlot.bet","D03","OSBS","OSBS_004","W","2014-04-14","2014-05-12","2014-05-12","2014-05-12","2014-09-19","OSBS_004.W.20140512","X148jY8iothT9L8j7UHi/bQWVkiADsHVMQMe7/ACUFI=","carabid","PASSUB2","Pasimachus subsulcatus","species",,"Say",,1,"Other","YK5ulgcjQA5M6hxjAkVbmv4a8AjznrKv","iiDgbhaUgfPlmO3sDuElTmkNgYTXyxbk",
"e0a62233-69cc-43ca-aafd-1c78eb9b5ed8","OSBS_005.basePlot.bet","D03","OSBS","OSBS_005","N","2014-04-28","2014-05-12","2014-05-12","2014-05-12",,"OSBS_005.N.20140512","Ic3+d2cIO5OHSNIkQdrfU8j6PztNeEhqkFgJTnwoRkM=","invert bycatch",,,,,,,,,,"iiDgbhaUgfPlmO3sDuElTmkNgYTXyxbk",
"49bbaab7-d625-42be-9a4f-41aa38772d04","OSBS_003.basePlot.bet","D03","OSBS","OSBS_003","S","2014-04-28","2014-05-12","2014-05-12","2014-05-12",,"OSBS_003.S.20140512","6IhldZNozXMmg4CKZqkT9EzYuvRuH4DReCG7JedZGZI=","other carabid","CARSP14","Carabidae sp.","family",,"Latreille",,1,"Other",,"iiDgbhaUgfPlmO3sDuElTmkNgYTXyxbk","individualCount estimated based on number of pinning records|"
"543ccd26-6181-4360-94f3-16abf1f5e11d","OSBS_003.basePlot.bet","D03","OSBS","OSBS_003","W","2014-04-28","2014-05-12","2014-05-12","2014-05-12","2014-09-19","OSBS_003.W.20140512","6IhldZNozXPlZn7/rgbhFZHO0KS/ZT+X44qdyOiu5/E=","carabid","PASSUB2","Pasimachus subsulcatus","species",,"Say",,1,"Other","w/KL6MXJXvQ9p4XzhV28GG2D83wW5unkeKKvBIBIGMI=","iiDgbhaUgfPlmO3sDuElTmkNgYTXyxbk",
"0d49eebd-8348-4cbc-b8f3-cc6708d5d07a","OSBS_003.basePlot.bet","D03","OSBS","OSBS_003","W","2014-04-28","2014-05-12","2014-05-12","2014-05-12",,"OSBS_003.W.20140512","6IhldZNozXPlZn7/rgbhFW9LQMyDJgfGJz9XM8id/zg=","other carabid","CARSP14","Carabidae sp.","family",,"Latreille",,3,"Other",,"iiDgbhaUgfPlmO3sDuElTmkNgYTXyxbk","individualCount estimated based on number of pinning records|"
"5e00e034-9e37-4068-9935-d4493ca9399c","OSBS_001.basePlot.bet","D03","OSBS","OSBS_001","W","2014-04-28","2014-05-12","2014-05-12","2014-05-12",,"OSBS_001.W.20140512","tAZPllg5btTy1SbpBAd7l2WpOnMjKEQ6XOBcJDt407w=","other carabid","CARSP14","Carabidae sp.","family",,"Latreille",,1,"Other",,"iiDgbhaUgfPlmO3sDuElTmkNgYTXyxbk","individualCount estimated based on number of pinning records|"
"822f5ffd-b77f-49db-9c2a-b69497d8af29","OSBS_003.basePlot.bet","D03","OSBS","OSBS_003","N","2014-04-28","2014-05-12","2014-05-12","2014-05-12",,"OSBS_003.N.20140512","6IhldZNozXNhws+3dVHAdYTsqSyxU1nuhMSmJjXG3KQ=","invert bycatch",,,,,,,,,,"iiDgbhaUgfPlmO3sDuElTmkNgYTXyxbk",
"e49edb04-374b-40f5-beec-0cf8391098a0","OSBS_007.basePlot.bet","D03","OSBS","OSBS_007","N","2014-04-28","2014-05-12","2014-05-12","2014-05-12",,"OSBS_007.N.20140512","GG9Q6Sepi5n9ChzV2TMYVTaduiHfy0olNazlhu2L92k=","invert bycatch",,,,,,,,,,"iiDgbhaUgfPlmO3sDuElTmkNgYTXyxbk",
"7c11c5ec-eed1-4bf8-973c-130f2c7ac537","OSBS_001.basePlot.bet","D03","OSBS","OSBS_001","N","2014-04-28","2014-05-12","2014-05-12","2014-05-12",,"OSBS_001.N.20140512","tAZPllg5btT+Ua43tS5+JG+IBXXL+cuq6fTUOtjinlE=","invert bycatch",,,,,,,,,,"iiDgbhaUgfPlmO3sDuElTmkNgYTXyxbk",
"6ae9092b-cc5c-4d60-bbbc-2486a947208b","OSBS_008.basePlot.bet","D03","OSBS","OSBS_008","N","2014-04-28","2014-05-12","2014-05-12","2014-05-12",,"OSBS_008.N.20140512","kDyjQwK8kfoJ6By9NLGFLyb2aOaIU6sABi4res16DqU=","invert bycatch",,,,,,,,,,"iiDgbhaUgfPlmO3sDuElTmkNgYTXyxbk",
"e7c889e1-9db2-44dc-919b-a7676a34decf","OSBS_008.basePlot.bet","D03","OSBS","OSBS_008","E","2014-04-28","2014-05-12","2014-05-27","2014-05-27",,"OSBS_008.E.20140512","kDyjQwK8kfpSkXKKYvKMKxdb38NCL1PBGvQ6NIMU9+g=","invert bycatch",,,,,,,,,,"iiDgbhaUgfPlmO3sDuElTmkNgYTXyxbk",
"0454c5c3-8c22-4a87-afff-fed63b7d299c","OSBS_006.basePlot.bet","D03","OSBS","OSBS_006","N","2014-04-28","2014-05-12","2014-05-12","2014-05-12",,"OSBS_006.N.20140512","s+mA6/5XhU7pjyq1xMJBk7eEL51jeGSdg+5VFBt5kr0=","invert bycatch",,,,,,,,,,"iiDgbhaUgfPlmO3sDuElTmkNgYTXyxbk",
"e500e43c-478d-48d2-ad81-3a6cc4109879","OSBS_004.basePlot.bet","D03","OSBS","OSBS_004","E","2014-05-12","2014-05-27","2014-05-27","2014-05-27","2014-07-28","OSBS_004.E.20140527","X148jY8iotiROkVMv1gEzyfmfhYYCyIA1WPhF9Zch+U=","carabid","PASSTR","Pasimachus strenuus","species",,"LeConte",,1,"Other","7ZsG8s1cQijU1p7CX6b9FNrZuRO+/rX6","7ZsG8s1cQijU1p7CX6b9FNrZuRO+/rX6",
"b779c43c-2a80-470c-8223-b2abfee8ea25","OSBS_002.basePlot.bet","D03","OSBS","OSBS_002","N","2014-05-12","2014-05-27","2014-05-27","2014-05-27",,"OSBS_002.N.20140527","eBaJt3JMmOOnaOCC//opPp4/b1Fyb1N5G5TtmVVCr84=","invert bycatch",,,,,,,,,,"iiDgbhaUgfPlmO3sDuElTmkNgYTXyxbk",
"af60ffab-ecd5-4433-8bf7-601fc09019db","OSBS_004.basePlot.bet","D03","OSBS","OSBS_004","N","2014-05-12","2014-05-27","2014-05-27","2014-05-27",,"OSBS_004.N.20140527","X148jY8iotgCfyzJ9X9z3shPa8JcGT03xszM+LlAcx0=","invert bycatch",,,,,,,,,,"7ZsG8s1cQijU1p7CX6b9FNrZuRO+/rX6",
"1329e760-c725-4be4-9c15-bf6bcd2d2cf5","OSBS_004.basePlot.bet","D03","OSBS","OSBS_004","N","2014-05-12","2014-05-27","2014-05-27","2014-05-27","2014-07-28","OSBS_004.N.20140527","X148jY8iotgCfyzJ9X9z3scXHlYAt/gn201L2H47mx8=","carabid","PASSTR","Pasimachus strenuus","species",,"LeConte",,1,"Other","7ZsG8s1cQijU1p7CX6b9FNrZuRO+/rX6","7ZsG8s1cQijU1p7CX6b9FNrZuRO+/rX6",
"d92ace9e-8ed7-490c-8cab-5d21aab7aa4b","OSBS_003.basePlot.bet","D03","OSBS","OSBS_003","N","2014-05-12","2014-05-27","2014-05-27","2014-05-27","2014-07-28","OSBS_003.N.20140527","6IhldZNozXNhws+3dVHAdZEY04TTapDxZIryzqU1qeA=","carabid","PASSUB2","Pasimachus subsulcatus","species",,"Say",,1,"Other","7ZsG8s1cQijU1p7CX6b9FNrZuRO+/rX6","7ZsG8s1cQijU1p7CX6b9FNrZuRO+/rX6",
"11ff9bd8-4e7a-4bfd-a373-f4ca03523a4b","OSBS_003.basePlot.bet","D03","OSBS","OSBS_003","N","2014-05-12","2014-05-27","2014-05-27","2014-05-27",,"OSBS_003.N.20140527","6IhldZNozXNhws+3dVHAdTZ/lq8j+8MSqdukMURsFWI=","other carabid","CARSP14","Carabidae sp.","family",,"Latreille",,1,"Other",,"iiDgbhaUgfPlmO3sDuElTmkNgYTXyxbk","individualCount estimated based on number of pinning records|Cyclotrachelus faber"
"ed1cd409-d800-447f-9720-2a047157312c","OSBS_003.basePlot.bet","D03","OSBS","OSBS_003","N","2014-05-12","2014-05-27","2014-05-27","2014-05-27",,"OSBS_003.N.20140527","6IhldZNozXNhws+3dVHAdQEU1EwCJCdMEnRUgKtIiTI=","invert bycatch",,,,,,,,,,"iiDgbhaUgfPlmO3sDuElTmkNgYTXyxbk",
"40e04a8d-f087-463d-bf83-60f8eb42f069","OSBS_001.basePlot.bet","D03","OSBS","OSBS_001","N","2014-05-12","2014-05-27","2014-05-27","2014-05-27",,"OSBS_001.N.20140527","tAZPllg5btT+Ua43tS5+JIwgAMZ0AWkKcfEnbP1rQGg=","invert bycatch",,,,,,,,,,"iiDgbhaUgfPlmO3sDuElTmkNgYTXyxbk",
"a0247629-c346-47f5-8a83-addaf2a9d219","OSBS_005.basePlot.bet","D03","OSBS","OSBS_005","N","2014-05-12","2014-05-27","2014-05-27","2014-05-27",,"OSBS_005.N.20140527","Ic3+d2cIO5OHSNIkQdrfUwA2eOo5Y90c2Sd0b6Z94Kk=","invert bycatch",,,,,,,,,,"iiDgbhaUgfPlmO3sDuElTmkNgYTXyxbk",
"e354fc9e-04d9-419c-b41a-482ca4ea471c","OSBS_022.basePlot.bet","D03","OSBS","OSBS_022","N","2014-05-12","2014-05-27","2014-05-27","2014-05-27",,"OSBS_022.N.20140527","M5jd5p7S+pinQh79dFfh2JuJXJVbIfj6XWOFS6LvnGc=","invert bycatch",,,,,,,,,,"iiDgbhaUgfPlmO3sDuElTmkNgYTXyxbk",
"8485711b-09e6-4512-845b-386196710567","OSBS_007.basePlot.bet","D03","OSBS","OSBS_007","N","2014-05-12","2014-05-27","2014-05-27","2014-05-27",,"OSBS_007.N.20140527","GG9Q6Sepi5n9ChzV2TMYVQYMupqp3NtT5fyumksye/I=","invert bycatch",,,,,,,,,,"iiDgbhaUgfPlmO3sDuElTmkNgYTXyxbk",
"62255b8e-4ff8-4f82-a6b8-699be828f9a0","OSBS_006.basePlot.bet","D03","OSBS","OSBS_006","N","2014-05-12","2014-05-27","2014-05-27","2014-05-27",,"OSBS_006.N.20140527","s+mA6/5XhU7pjyq1xMJBk+OiaAXPHoIVa9TcHU5uYVQ=","invert bycatch",,,,,,,,,,"iiDgbhaUgfPlmO3sDuElTmkNgYTXyxbk",
"a3a59ed6-43ea-4782-ac63-4d96349d911c","OSBS_008.basePlot.bet","D03","OSBS","OSBS_008","S","2014-05-12","2014-05-27","2014-05-27","2014-05-27",,"OSBS_008.S.20140527","kDyjQwK8kfp1M+pPzfTh73u/BZrkTj3nO6+AbRhjk9w=","other carabid","CARSP14","Carabidae sp.","family",,"Latreille",,1,"Other",,"iiDgbhaUgfPlmO3sDuElTmkNgYTXyxbk","individualCount estimated based on number of pinning records|Dicaelus alterans"
"78caf7a6-d95a-4a8a-9071-14095ba05c13","OSBS_004.basePlot.bet","D03","OSBS","OSBS_004","W","2014-05-12","2014-05-27","2014-05-27","2014-05-27","2014-07-28","OSBS_004.W.20140527","X148jY8iothT9L8j7UHi/XrM1QC59fTLbZRP6l4jtos=","carabid","PASSTR","Pasimachus strenuus","species",,"LeConte",,1,"Other","7ZsG8s1cQijU1p7CX6b9FNrZuRO+/rX6","7ZsG8s1cQijU1p7CX6b9FNrZuRO+/rX6",
"5cafe2c8-9dae-4f0f-af1f-ae0bbb9f9533","OSBS_003.basePlot.bet","D03","OSBS","OSBS_003","W","2014-05-12","2014-05-27","2014-05-27","2014-05-27","2014-07-28","OSBS_003.W.20140527","6IhldZNozXPlZn7/rgbhFQOYpGdOHpHifjFkJ45x8ng=","carabid","PASSTR","Pasimachus strenuus","species",,"LeConte",,1,"Other","7ZsG8s1cQijU1p7CX6b9FNrZuRO+/rX6","7ZsG8s1cQijU1p7CX6b9FNrZuRO+/rX6",
"dad44e58-129e-4d0c-9c43-5594ccb11971","OSBS_003.basePlot.bet","D03","OSBS","OSBS_003","W","2014-05-12","2014-05-27","2014-05-27","2014-05-27",,"OSBS_003.W.20140527","6IhldZNozXPlZn7/rgbhFcRYbmtStXXWwnVuO8M6k+0=","other carabid","CARSP14","Carabidae sp.","family",,"Latreille",,1,"Other",,"iiDgbhaUgfPlmO3sDuElTmkNgYTXyxbk","individualCount estimated based on number of pinning records|Harpalus erythropus"
"7e770cf4-3ecf-4e82-8e20-860ce655c8c0","OSBS_005.basePlot.bet","D03","OSBS","OSBS_005","W","2014-05-12","2014-05-27","2014-05-27","2014-05-27","2014-07-28","OSBS_005.W.20140527","Ic3+d2cIO5Or+fCtZeNYfNLnG76weB4VTVwsAzfS09M=","carabid","PASSUB1","Pasimachus sublaevis","species",,"Palisot de Beauvois",,1,"Other","7ZsG8s1cQijU1p7CX6b9FNrZuRO+/rX6","iiDgbhaUgfPlmO3sDuElTmkNgYTXyxbk",
