uid,namedLocation,domainID,siteID,plotID,trapID,setDate,collectDate,processingDate,identifiedDate,subsampleID,individualID,taxonID,scientificName,taxonRank,identificationQualifier,scientificNameAuthorship,morphospeciesID,identificationReferences,totalLength,identifiedBy,recordedBy,remarks
"befd7f9f-5e3c-40d5-be4b-ba4c77d9329c","JERC_030.basePlot.bet","D03","JERC","JERC_030","E","2014-07-30","2014-08-13","2014-09-29","2014-09-29","AuAZEkdfggJPm4yvQtktPkaV2A2/XArwJr9bbO44BrI=","NEON.BET.D03.000300","DICDIL5","Dicaelus dilatatus","species",,"Say",,"Other",,"7ZsG8s1cQijU1p7CX6b9FNrZuRO+/rX6","iiDgbhaUgfPlmO3sDuElTmkNgYTXyxbk",
"1462ce5b-1a88-442a-be3f-53ef67c36d25","JERC_001.basePlot.bet","D03","JERC","JERC_001","N","2014-07-30","2014-08-13","2014-08-15","2014-08-15","ArvEgVyhbJfj4MsKctBti2dPUs2N6vQfj/ZfJlaiTjk=","NEON.BET.D03.000139","PASSUB2","Pasimachus subsulcatus","species",,"Say",,"Other",,"7ZsG8s1cQijU1p7CX6b9FNrZuRO+/rX6","iiDgbhaUgfPlmO3sDuElTmkNgYTXyxbk",
"2d4985a2-d4a1-4361-a67b-67c018763e42","JERC_007.basePlot.bet","D03","JERC","JERC_007","W","2014-07-30","2014-08-13","2014-08-15","2014-08-15","a/HTBHkllcN0ANMxXB39ugBNY4kwKgcB7WLpWWpHVak=","NEON.BET.D03.000212","SELOPA","Selenophorus opalinus","species",,"LeConte",,"Other",,"7ZsG8s1cQijU1p7CX6b9FNrZuRO+/rX6","iiDgbhaUgfPlmO3sDuElTmkNgYTXyxbk",
"d5d472c1-c82d-4233-a4fe-dc7318508d6e","JERC_008.basePlot.bet","D03","JERC","JERC_008","E","2014-08-13","2014-08-27","2014-09-25","2014-09-25","S3j2Rzo+HUky2xR2ZWTAdqMIqu6SN12Gv1DECEDBrn4=","NEON.BET.D03.000168","TETCAR2","Tetracha carolina","species",,"Linnaeus",,"Other",,"Y2v6GhTwVkDJUeaxDC3aaKPn58rqYyJG","Y2v6GhTwVkDJUeaxDC3aaKPn58rqYyJG",
