uid,namedLocation,domainID,siteID,plotID,trapID,plotType,nlcdClass,decimalLatitude,decimalLongitude,geodeticDatum,coordinateUncertainty,elevation,elevationUncertainty,setDate,collectDate,eventID,daysOfTrapping,sampleCollected,sampleID,cupStatus,lidStatus,fluidLevel,samplingProtocolVersion,recordedBy,remarks
"ea767768-e82b-4c33-ba39-a478ebeb5be6","GRSM_024.basePlot.bet","D07","GRSM","GRSM_024","S","distributed","deciduousForest",35.707281,-83.387956,"WGS84",20.2,624.2,0.2,"2016-08-23","2016-09-06","GRSM.2016.36",14,"Y","GRSM_024.S.20160906","Ok","Ok","Ok","NEON.DOC.014050vH","B89Z/IeBZxVUVqkZavcPJo3avqhPk8Rn",
"3b15d02c-a8ac-4eef-bc86-8cabd9e790e6","GRSM_006.basePlot.bet","D07","GRSM","GRSM_006","S","distributed","deciduousForest",35.678899,-83.645322,"WGS84",20.2,527.1,0.2,"2016-08-23","2016-09-06","GRSM.2016.36",14,"Y","GRSM_006.S.20160906","Ok","Ok","Ok","NEON.DOC.014050vH","B89Z/IeBZxVUVqkZavcPJo3avqhPk8Rn",
"f69dc5fc-ce50-42fd-be6b-62a0ba271738","GRSM_001.basePlot.bet","D07","GRSM","GRSM_001","S","distributed","deciduousForest",35.684584,-83.532113,"WGS84",20.2,467.0,0.2,"2016-08-23","2016-09-06","GRSM.2016.36",14,"Y","GRSM_001.S.20160906","Ok","Ok","Ok","NEON.DOC.014050vH","B89Z/IeBZxVUVqkZavcPJo3avqhPk8Rn",
"a1cbea7b-e20b-4bcd-8084-f38638fb4de5","GRSM_008.basePlot.bet","D07","GRSM","GRSM_008","S","distributed","deciduousForest",35.679123,-83.482267,"WGS84",20.2,784.4,0.4,"2016-08-23","2016-09-06","GRSM.2016.36",14,"Y","GRSM_008.S.20160906","Ok","Ok","Ok","NEON.DOC.014050vH","B89Z/IeBZxVUVqkZavcPJo3avqhPk8Rn",
"8452faf5-bd70-49bd-ac97-3d6194ef2798","GRSM_022.basePlot.bet","D07","GRSM","GRSM_022","S","distributed","deciduousForest",35.685732,-83.397952,"WGS84",20.2,694.4,0.2,"2016-08-23","2016-09-06","GRSM.2016.36",14,"Y","GRSM_022.S.20160906","Ok","Ok","Ok","NEON.DOC.014050vH","B89Z/IeBZxVUVqkZavcPJo3avqhPk8Rn",
"3b1917d4-5110-45c8-bab4-0ce094496eed","GRSM_013.basePlot.bet","D07","GRSM","GRSM_013","S","distributed","deciduousForest",35.683381,-83.638146,"WGS84",20.2,561.3,0.3,"2016-08-23","2016-09-06","GRSM.2016.36",14,"Y","GRSM_013.S.20160906","Ok","Disturbed","Ok","NEON.DOC.014050vH","B89Z/IeBZxVUVqkZavcPJo3avqhPk8Rn","The trap lid was pulled up but the catch cup was undisturbed."
"33b624ae-ddfa-49a3-a74b-30f0cbf8ca0d","GRSM_014.basePlot.bet","D07","GRSM","GRSM_014","W","distributed","deciduousForest",35.664489,-83.524234,"WGS84",20.3,545.3,0.4,"2016-08-23","2016-09-06","GRSM.2016.36",14,"Y","GRSM_014.W.20160906","Ok","Ok","Ok","NEON.DOC.014050vH","B89Z/IeBZxVUVqkZavcPJo3avqhPk8Rn",
"cc0ccaf8-30a4-43e1-aa6a-fd17b4f13373","GRSM_020.basePlot.bet","D07","GRSM","GRSM_020","W","distributed","deciduousForest",35.703464,-83.361009,"WGS84",20.3,608.4,0.4,"2016-08-23","2016-09-06","GRSM.2016.36",14,"Y","GRSM_020.W.20160906","Ok","Ok","Low","NEON.DOC.014050vH","B89Z/IeBZxVUVqkZavcPJo3avqhPk8Rn",
"0054b165-5cd8-4376-857e-1470c4e907c5","GRSM_012.basePlot.bet","D07","GRSM","GRSM_012","W","distributed","deciduousForest",35.670776,-83.481656,"WGS84",20.2,894.2,0.2,"2016-08-23","2016-09-06","GRSM.2016.36",14,"Y","GRSM_012.W.20160906","Ok","Ok","Ok","NEON.DOC.014050vH","B89Z/IeBZxVUVqkZavcPJo3avqhPk8Rn",
"adb709de-f98a-4358-81f4-4f7984265e9f","GRSM_024.basePlot.bet","D07","GRSM","GRSM_024","W","distributed","deciduousForest",35.707281,-83.387956,"WGS84",20.2,624.2,0.2,"2016-08-23","2016-09-06","GRSM.2016.36",14,"Y","GRSM_024.W.20160906","Ok","Ok","Ok","NEON.DOC.014050vH","B89Z/IeBZxVUVqkZavcPJo3avqhPk8Rn","Fence between North and West trap was broken."
"79f41076-e1e0-457f-96ce-af6c66d67d83","GRSM_021.basePlot.bet","D07","GRSM","GRSM_021","W","distributed","deciduousForest",35.719694,-83.403281,"WGS84",20.2,587.9,0.3,"2016-08-23","2016-09-06","GRSM.2016.36",14,"Y","GRSM_021.W.20160906","Ok","Ok","Ok","NEON.DOC.014050vH","B89Z/IeBZxVUVqkZavcPJo3avqhPk8Rn",
"c5abd833-0638-4e0c-bfa8-b44a68cfe273","GRSM_001.basePlot.bet","D07","GRSM","GRSM_001","W","distributed","deciduousForest",35.684584,-83.532113,"WGS84",20.2,467.0,0.2,"2016-08-23","2016-09-06","GRSM.2016.36",14,"Y","GRSM_001.W.20160906","Ok","Ok","Ok","NEON.DOC.014050vH","B89Z/IeBZxVUVqkZavcPJo3avqhPk8Rn",
"f3123ca7-184f-4960-9a8d-6c7d4a086742","GRSM_008.basePlot.bet","D07","GRSM","GRSM_008","W","distributed","deciduousForest",35.679123,-83.482267,"WGS84",20.2,784.4,0.4,"2016-08-23","2016-09-06","GRSM.2016.36",14,"Y","GRSM_008.W.20160906","Ok","Ok","Ok","NEON.DOC.014050vH","B89Z/IeBZxVUVqkZavcPJo3avqhPk8Rn",
"f5c4ad26-be76-4830-b6bb-24bff27b8f8e","GRSM_006.basePlot.bet","D07","GRSM","GRSM_006","W","distributed","deciduousForest",35.678899,-83.645322,"WGS84",20.2,527.1,0.2,"2016-08-23","2016-09-06","GRSM.2016.36",14,"Y","GRSM_006.W.20160906","Ok","Disturbed","Ok","NEON.DOC.014050vH","B89Z/IeBZxVUVqkZavcPJo3avqhPk8Rn","The west trap lid was partially closed due to large piece of wood falling onto it."
"c1d64df4-7367-4c49-aaa2-526474290184","GRSM_022.basePlot.bet","D07","GRSM","GRSM_022","W","distributed","deciduousForest",35.685732,-83.397952,"WGS84",20.2,694.4,0.2,"2016-08-23","2016-09-06","GRSM.2016.36",14,"Y","GRSM_022.W.20160906","Ok","Ok","Ok","NEON.DOC.014050vH","B89Z/IeBZxVUVqkZavcPJo3avqhPk8Rn",
"9828fb30-9ba7-427a-b325-8ddcb0d04c6f","GRSM_013.basePlot.bet","D07","GRSM","GRSM_013","W","distributed","deciduousForest",35.683381,-83.638146,"WGS84",20.2,561.3,0.3,"2016-08-23","2016-09-06","GRSM.2016.36",14,"Y","GRSM_013.W.20160906","Ok","Ok","Ok","NEON.DOC.014050vH","B89Z/IeBZxVUVqkZavcPJo3avqhPk8Rn",
"8c472c1c-fd93-4ada-b0b9-f6bf91ad3f3d","GRSM_001.basePlot.bet","D07","GRSM","GRSM_001","E","distributed","deciduousForest",35.684584,-83.532113,"WGS84",20.2,467.0,0.2,"2016-08-23","2016-09-06","GRSM.2016.36",14,"Y","GRSM_001.E.20160906","Ok","Ok","Ok","NEON.DOC.014050vH","B89Z/IeBZxVUVqkZavcPJo3avqhPk8Rn",
"60909828-f92e-47c5-895f-a2e6df95094d","GRSM_006.basePlot.bet","D07","GRSM","GRSM_006","E","distributed","deciduousForest",35.678899,-83.645322,"WGS84",20.2,527.1,0.2,"2016-08-23","2016-09-06","GRSM.2016.36",14,"Y","GRSM_006.E.20160906","Ok","Ok","Ok","NEON.DOC.014050vH","B89Z/IeBZxVUVqkZavcPJo3avqhPk8Rn",
"13e5952f-3731-4f9a-9553-ab65d9ac549c","GRSM_008.basePlot.bet","D07","GRSM","GRSM_008","E","distributed","deciduousForest",35.679123,-83.482267,"WGS84",20.2,784.4,0.4,"2016-08-23","2016-09-06","GRSM.2016.36",14,"Y","GRSM_008.E.20160906","Ok","Ok","Ok","NEON.DOC.014050vH","B89Z/IeBZxVUVqkZavcPJo3avqhPk8Rn",
"658dd7db-5d50-495a-bf85-c556bf142eb2","GRSM_022.basePlot.bet","D07","GRSM","GRSM_022","E","distributed","deciduousForest",35.685732,-83.397952,"WGS84",20.2,694.4,0.2,"2016-08-23","2016-09-06","GRSM.2016.36",14,"Y","GRSM_022.E.20160906","Ok","Ok","Ok","NEON.DOC.014050vH","B89Z/IeBZxVUVqkZavcPJo3avqhPk8Rn",
"68fe1d0f-22ee-435e-b0ac-cd591ba88b31","GRSM_013.basePlot.bet","D07","GRSM","GRSM_013","E","distributed","deciduousForest",35.683381,-83.638146,"WGS84",20.2,561.3,0.3,"2016-08-23","2016-09-06","GRSM.2016.36",14,"Y","GRSM_013.E.20160906","Ok","Disturbed","Ok","NEON.DOC.014050vH","B89Z/IeBZxVUVqkZavcPJo3avqhPk8Rn","Trap lid was pulled up but the catch cup was undisturbed."
"d4a63148-5534-40bb-8aa6-2200e62d2708","GRSM_014.basePlot.bet","D07","GRSM","GRSM_014","E","distributed","deciduousForest",35.664489,-83.524234,"WGS84",20.3,545.3,0.4,"2016-08-23","2016-09-06","GRSM.2016.36",14,"Y","GRSM_014.E.20160906","Ok","Ok","Ok","NEON.DOC.014050vH","B89Z/IeBZxVUVqkZavcPJo3avqhPk8Rn",
"febf4666-d381-4ecb-ba92-79967f469f6e","GRSM_020.basePlot.bet","D07","GRSM","GRSM_020","E","distributed","deciduousForest",35.703464,-83.361009,"WGS84",20.3,608.4,0.4,"2016-08-23","2016-09-06","GRSM.2016.36",14,"Y","GRSM_020.E.20160906","Ok","Ok","Ok","NEON.DOC.014050vH","B89Z/IeBZxVUVqkZavcPJo3avqhPk8Rn",
"cad9d490-c293-4e48-83a6-7ca9c8420818","GRSM_012.basePlot.bet","D07","GRSM","GRSM_012","E","distributed","deciduousForest",35.670776,-83.481656,"WGS84",20.2,894.2,0.2,"2016-08-23","2016-09-06","GRSM.2016.36",14,"Y","GRSM_012.E.20160906","Ok","Ok","Ok","NEON.DOC.014050vH","B89Z/IeBZxVUVqkZavcPJo3avqhPk8Rn",
"f516366d-bd09-40fe-9919-7e1b969e6783","GRSM_024.basePlot.bet","D07","GRSM","GRSM_024","E","distributed","deciduousForest",35.707281,-83.387956,"WGS84",20.2,624.2,0.2,"2016-08-23","2016-09-06","GRSM.2016.36",14,"Y","GRSM_024.E.20160906","Ok","Ok","Ok","NEON.DOC.014050vH","B89Z/IeBZxVUVqkZavcPJo3avqhPk8Rn",
"6faf8259-d54b-4820-b1f7-6ba5759fa763","GRSM_021.basePlot.bet","D07","GRSM","GRSM_021","E","distributed","deciduousForest",35.719694,-83.403281,"WGS84",20.2,587.9,0.3,"2016-08-23","2016-09-06","GRSM.2016.36",14,"Y","GRSM_021.E.20160906","Ok","Ok","High","NEON.DOC.014050vH","B89Z/IeBZxVUVqkZavcPJo3avqhPk8Rn",
"6f1b9353-1275-424c-b88d-16a6a237bbc8","GRSM_021.basePlot.bet","D07","GRSM","GRSM_021","N","distributed","deciduousForest",35.719694,-83.403281,"WGS84",20.2,587.9,0.3,"2016-08-23","2016-09-06","GRSM.2016.36",14,"Y","GRSM_021.N.20160906","Ok","Ok","High","NEON.DOC.014050vH","B89Z/IeBZxVUVqkZavcPJo3avqhPk8Rn",
"ed019f87-dbe4-4dcd-8d64-6e6a2b8198d7","GRSM_001.basePlot.bet","D07","GRSM","GRSM_001","N","distributed","deciduousForest",35.684584,-83.532113,"WGS84",20.2,467.0,0.2,"2016-08-23","2016-09-06","GRSM.2016.36",14,"Y","GRSM_001.N.20160906","Ok","Ok","Ok","NEON.DOC.014050vH","B89Z/IeBZxVUVqkZavcPJo3avqhPk8Rn",
"d8a239d2-7891-4655-9dbf-8b87f8a3ff31","GRSM_006.basePlot.bet","D07","GRSM","GRSM_006","N","distributed","deciduousForest",35.678899,-83.645322,"WGS84",20.2,527.1,0.2,"2016-08-23","2016-09-06","GRSM.2016.36",14,"Y","GRSM_006.N.20160906","Ok","Ok","Ok","NEON.DOC.014050vH","B89Z/IeBZxVUVqkZavcPJo3avqhPk8Rn",
"b1dfacf1-e7f8-4e44-9343-3767c215d6a1","GRSM_013.basePlot.bet","D07","GRSM","GRSM_013","N","distributed","deciduousForest",35.683381,-83.638146,"WGS84",20.2,561.3,0.3,"2016-08-23","2016-09-06","GRSM.2016.36",14,"Y","GRSM_013.N.20160906","Ok","Ok","Ok","NEON.DOC.014050vH","B89Z/IeBZxVUVqkZavcPJo3avqhPk8Rn",
"48a09fa4-72ac-4ef9-bda9-48e5ca4e4380","GRSM_014.basePlot.bet","D07","GRSM","GRSM_014","N","distributed","deciduousForest",35.664489,-83.524234,"WGS84",20.3,545.3,0.4,"2016-08-23","2016-09-06","GRSM.2016.36",14,"Y","GRSM_014.N.20160906","Ok","Ok","Ok","NEON.DOC.014050vH","B89Z/IeBZxVUVqkZavcPJo3avqhPk8Rn",
"131897a5-a3bc-455f-9dd3-5fc98af633a8","GRSM_012.basePlot.bet","D07","GRSM","GRSM_012","N","distributed","deciduousForest",35.670776,-83.481656,"WGS84",20.2,894.2,0.2,"2016-08-23","2016-09-06","GRSM.2016.36",14,"Y","GRSM_012.N.20160906","Ok","Ok","Ok","NEON.DOC.014050vH","B89Z/IeBZxVUVqkZavcPJo3avqhPk8Rn",
"01018888-996b-408b-b92a-346a39a8efad","GRSM_008.basePlot.bet","D07","GRSM","GRSM_008","N","distributed","deciduousForest",35.679123,-83.482267,"WGS84",20.2,784.4,0.4,"2016-08-23","2016-09-06","GRSM.2016.36",14,"Y","GRSM_008.N.20160906","Ok","Ok","Ok","NEON.DOC.014050vH","B89Z/IeBZxVUVqkZavcPJo3avqhPk8Rn",
"d721f2b8-9a4c-4fa8-9287-45cb05ebcd9d","GRSM_024.basePlot.bet","D07","GRSM","GRSM_024","N","distributed","deciduousForest",35.707281,-83.387956,"WGS84",20.2,624.2,0.2,"2016-08-23","2016-09-06","GRSM.2016.36",14,"Y","GRSM_024.N.20160906","Ok","Disturbed","Ok","NEON.DOC.014050vH","B89Z/IeBZxVUVqkZavcPJo3avqhPk8Rn",
"55f080db-a1d5-492c-baaa-95fdeea49c8f","GRSM_022.basePlot.bet","D07","GRSM","GRSM_022","N","distributed","deciduousForest",35.685732,-83.397952,"WGS84",20.2,694.4,0.2,"2016-08-23","2016-09-06","GRSM.2016.36",14,"Y","GRSM_022.N.20160906","Ok","Ok","Ok","NEON.DOC.014050vH","B89Z/IeBZxVUVqkZavcPJo3avqhPk8Rn",
"f51287ca-c3b7-4960-bb28-dc796786ea19","GRSM_020.basePlot.bet","D07","GRSM","GRSM_020","N","distributed","deciduousForest",35.703464,-83.361009,"WGS84",20.3,608.4,0.4,"2016-08-23","2016-09-06","GRSM.2016.36",14,"Y","GRSM_020.N.20160906","Ok","Ok","Ok","NEON.DOC.014050vH","B89Z/IeBZxVUVqkZavcPJo3avqhPk8Rn",
"14b7c0de-70e7-4f5e-b5b6-c4aef8d04fb7","GRSM_020.basePlot.bet","D07","GRSM","GRSM_020","S","distributed","deciduousForest",35.703464,-83.361009,"WGS84",20.3,608.4,0.4,"2016-08-23","2016-09-06","GRSM.2016.36",14,"Y","GRSM_020.S.20160906","Ok","Ok","Ok","NEON.DOC.014050vH","B89Z/IeBZxVUVqkZavcPJo3avqhPk8Rn",
"94af4806-3091-460a-a891-36e16d69a8a1","GRSM_021.basePlot.bet","D07","GRSM","GRSM_021","S","distributed","deciduousForest",35.719694,-83.403281,"WGS84",20.2,587.9,0.3,"2016-08-23","2016-09-06","GRSM.2016.36",14,"Y","GRSM_021.S.20160906","Ok","Ok","High","NEON.DOC.014050vH","B89Z/IeBZxVUVqkZavcPJo3avqhPk8Rn",
"e9b7d1c6-cf08-4305-bdc2-4cb936c04d5e","GRSM_014.basePlot.bet","D07","GRSM","GRSM_014","S","distributed","deciduousForest",35.664489,-83.524234,"WGS84",20.3,545.3,0.4,"2016-08-23","2016-09-06","GRSM.2016.36",14,"Y","GRSM_014.S.20160906","Ok","Ok","Ok","NEON.DOC.014050vH","B89Z/IeBZxVUVqkZavcPJo3avqhPk8Rn",
"51465404-26bc-4be9-b089-820042871e98","GRSM_012.basePlot.bet","D07","GRSM","GRSM_012","S","distributed","deciduousForest",35.670776,-83.481656,"WGS84",20.2,894.2,0.2,"2016-08-23","2016-09-06","GRSM.2016.36",14,"Y","GRSM_012.S.20160906","Ok","Ok","High","NEON.DOC.014050vH","B89Z/IeBZxVUVqkZavcPJo3avqhPk8Rn",
"fab2c3a5-c38e-4b77-ab80-0dec0b877da8","GRSM_013.basePlot.bet","D07","GRSM","GRSM_013","E","distributed","deciduousForest",35.683381,-83.638146,"WGS84",20.2,561.3,0.3,"2016-09-06","2016-09-20","GRSM.2016.38",14,"Y","GRSM_013.E.20160920","Ok","Ok","Ok","NEON.DOC.014050vJ","o8zDrSGfNREfY7eUxha3x2psXnRhKRxa","used NEON.DOC.014050vJ"
"26d843be-7cfa-4456-a5c2-63f924f8f567","GRSM_020.basePlot.bet","D07","GRSM","GRSM_020","W","distributed","deciduousForest",35.703464,-83.361009,"WGS84",20.3,608.4,0.4,"2016-09-06","2016-09-20","GRSM.2016.38",14,"Y","GRSM_020.W.20160920","Ok","Ok","Ok","NEON.DOC.014050vJ","B89Z/IeBZxVUVqkZavcPJo3avqhPk8Rn","used NEON.DOC.014050vJ"
"f3836d84-4c80-437f-bfd9-9edfa54d02e6","GRSM_014.basePlot.bet","D07","GRSM","GRSM_014","E","distributed","deciduousForest",35.664489,-83.524234,"WGS84",20.3,545.3,0.4,"2016-09-06","2016-09-20","GRSM.2016.38",14,"Y","GRSM_014.E.20160920","Ok","Ok","Ok","NEON.DOC.014050vJ","o8zDrSGfNREfY7eUxha3x2psXnRhKRxa","used NEON.DOC.014050vJ"
"50ffafba-c25a-4da9-93ef-0df12359edbc","GRSM_008.basePlot.bet","D07","GRSM","GRSM_008","E","distributed","deciduousForest",35.679123,-83.482267,"WGS84",20.2,784.4,0.4,"2016-09-06","2016-09-20","GRSM.2016.38",14,"Y","GRSM_008.E.20160920","Ok","Ok","High","NEON.DOC.014050vJ","o8zDrSGfNREfY7eUxha3x2psXnRhKRxa","used NEON.DOC.014050vJ"
"bb838f07-3745-42c7-b634-1cecee847c02","GRSM_006.basePlot.bet","D07","GRSM","GRSM_006","E","distributed","deciduousForest",35.678899,-83.645322,"WGS84",20.2,527.1,0.2,"2016-09-06","2016-09-20","GRSM.2016.38",14,"Y","GRSM_006.E.20160920","Ok","Ok","High","NEON.DOC.014050vJ","o8zDrSGfNREfY7eUxha3x2psXnRhKRxa","used NEON.DOC.014050vJ"
"70882ec1-c5c5-49aa-9d48-c75c052aa120","GRSM_001.basePlot.bet","D07","GRSM","GRSM_001","E","distributed","deciduousForest",35.684584,-83.532113,"WGS84",20.2,467.0,0.2,"2016-09-06","2016-09-20","GRSM.2016.38",14,"Y","GRSM_001.E.20160920","Ok","Ok","Ok","NEON.DOC.014050vJ","o8zDrSGfNREfY7eUxha3x2psXnRhKRxa","used NEON.DOC.014050vJ"
"f51df438-05c1-406b-932c-1efebf9b64cf","GRSM_021.basePlot.bet","D07","GRSM","GRSM_021","E","distributed","deciduousForest",35.719694,-83.403281,"WGS84",20.2,587.9,0.3,"2016-09-06","2016-09-20","GRSM.2016.38",14,"Y","GRSM_021.E.20160920","Ok","Ok","Ok","NEON.DOC.014050vJ","B89Z/IeBZxVUVqkZavcPJo3avqhPk8Rn","used NEON.DOC.014050vJ"
"98567713-db10-48aa-8bad-43db9537bd7e","GRSM_012.basePlot.bet","D07","GRSM","GRSM_012","E","distributed","deciduousForest",35.670776,-83.481656,"WGS84",20.2,894.2,0.2,"2016-09-06","2016-09-20","GRSM.2016.38",14,"Y","GRSM_012.E.20160920","Ok","Ok","High","NEON.DOC.014050vJ","o8zDrSGfNREfY7eUxha3x2psXnRhKRxa","used NEON.DOC.014050vJ"
"e73d61df-a4a1-4112-b5de-9112d9f596c4","GRSM_024.basePlot.bet","D07","GRSM","GRSM_024","E","distributed","deciduousForest",35.707281,-83.387956,"WGS84",20.2,624.2,0.2,"2016-09-06","2016-09-20","GRSM.2016.38",14,"Y","GRSM_024.E.20160920","Ok","Ok","Ok","NEON.DOC.014050vJ","B89Z/IeBZxVUVqkZavcPJo3avqhPk8Rn","used NEON.DOC.014050vJ"
"dfe953d3-bfb5-45b7-b260-15f093dfeab5","GRSM_020.basePlot.bet","D07","GRSM","GRSM_020","E","distributed","deciduousForest",35.703464,-83.361009,"WGS84",20.3,608.4,0.4,"2016-09-06","2016-09-20","GRSM.2016.38",14,"Y","GRSM_020.E.20160920","Ok","Ok","Ok","NEON.DOC.014050vJ","B89Z/IeBZxVUVqkZavcPJo3avqhPk8Rn","used NEON.DOC.014050vJ"
"5115819c-93e6-4332-baf8-c3b65317a6b6","GRSM_001.basePlot.bet","D07","GRSM","GRSM_001","N","distributed","deciduousForest",35.684584,-83.532113,"WGS84",20.2,467.0,0.2,"2016-09-06","2016-09-20","GRSM.2016.38",14,"Y","GRSM_001.N.20160920","Ok","Ok","Ok","NEON.DOC.014050vJ","o8zDrSGfNREfY7eUxha3x2psXnRhKRxa","used NEON.DOC.014050vJ"
"6fcce9ce-5474-4c5c-91cb-6f24ff3b27e2","GRSM_020.basePlot.bet","D07","GRSM","GRSM_020","N","distributed","deciduousForest",35.703464,-83.361009,"WGS84",20.3,608.4,0.4,"2016-09-06","2016-09-20","GRSM.2016.38",14,"Y","GRSM_020.N.20160920","Ok","Ok","Ok","NEON.DOC.014050vJ","B89Z/IeBZxVUVqkZavcPJo3avqhPk8Rn","used NEON.DOC.014050vJ"
"129e8468-da32-4794-9550-66e3387f979b","GRSM_022.basePlot.bet","D07","GRSM","GRSM_022","N","distributed","deciduousForest",35.685732,-83.397952,"WGS84",20.2,694.4,0.2,"2016-09-06","2016-09-20","GRSM.2016.38",14,"Y","GRSM_022.N.20160920","Ok","Ok","Ok","NEON.DOC.014050vJ","B89Z/IeBZxVUVqkZavcPJo3avqhPk8Rn","used NEON.DOC.014050vJ"
"6b9ac6a6-a8ee-4e24-aa0b-32602e86be02","GRSM_013.basePlot.bet","D07","GRSM","GRSM_013","N","distributed","deciduousForest",35.683381,-83.638146,"WGS84",20.2,561.3,0.3,"2016-09-06","2016-09-20","GRSM.2016.38",14,"Y","GRSM_013.N.20160920","Ok","Ok","High","NEON.DOC.014050vJ","o8zDrSGfNREfY7eUxha3x2psXnRhKRxa","used NEON.DOC.014050vJ"
"6d3c7b20-45f0-46da-aafb-8c018a32afe6","GRSM_006.basePlot.bet","D07","GRSM","GRSM_006","N","distributed","deciduousForest",35.678899,-83.645322,"WGS84",20.2,527.1,0.2,"2016-09-06","2016-09-20","GRSM.2016.38",14,"Y","GRSM_006.N.20160920","Ok","Ok","Ok","NEON.DOC.014050vJ","o8zDrSGfNREfY7eUxha3x2psXnRhKRxa","used NEON.DOC.014050vJ"
"d778864b-9e90-45f9-a64a-4663f5c0509d","GRSM_008.basePlot.bet","D07","GRSM","GRSM_008","N","distributed","deciduousForest",35.679123,-83.482267,"WGS84",20.2,784.4,0.4,"2016-09-06","2016-09-20","GRSM.2016.38",14,"Y","GRSM_008.N.20160920","Ok","Ok","High","NEON.DOC.014050vJ","o8zDrSGfNREfY7eUxha3x2psXnRhKRxa","used NEON.DOC.014050vJ"
"4a182bf4-a867-48a6-921a-44af0c9b98f7","GRSM_024.basePlot.bet","D07","GRSM","GRSM_024","N","distributed","deciduousForest",35.707281,-83.387956,"WGS84",20.2,624.2,0.2,"2016-09-06","2016-09-20","GRSM.2016.38",14,"Y","GRSM_024.N.20160920","Ok","Ok","Ok","NEON.DOC.014050vJ","B89Z/IeBZxVUVqkZavcPJo3avqhPk8Rn","used NEON.DOC.014050vJ"
"70219f38-a7f0-417c-9a9c-5b2fe9e857f5","GRSM_021.basePlot.bet","D07","GRSM","GRSM_021","N","distributed","deciduousForest",35.719694,-83.403281,"WGS84",20.2,587.9,0.3,"2016-09-06","2016-09-20","GRSM.2016.38",14,"Y","GRSM_021.N.20160920","Ok","Ok","Ok","NEON.DOC.014050vJ","B89Z/IeBZxVUVqkZavcPJo3avqhPk8Rn","used NEON.DOC.014050vJ"
"bb3ae7a7-05f0-4e79-9c2a-8f855f0a54da","GRSM_012.basePlot.bet","D07","GRSM","GRSM_012","N","distributed","deciduousForest",35.670776,-83.481656,"WGS84",20.2,894.2,0.2,"2016-09-06","2016-09-20","GRSM.2016.38",14,"Y","GRSM_012.N.20160920","Ok","Ok","Ok","NEON.DOC.014050vJ","o8zDrSGfNREfY7eUxha3x2psXnRhKRxa","used NEON.DOC.014050vJ"
"83ecd120-6d80-47d3-83ab-8bfd012006f7","GRSM_014.basePlot.bet","D07","GRSM","GRSM_014","N","distributed","deciduousForest",35.664489,-83.524234,"WGS84",20.3,545.3,0.4,"2016-09-06","2016-09-20","GRSM.2016.38",14,"Y","GRSM_014.N.20160920","Ok","Ok","Ok","NEON.DOC.014050vJ","o8zDrSGfNREfY7eUxha3x2psXnRhKRxa","used NEON.DOC.014050vJ"
"ccd69ca4-6e5f-4f70-9e70-ab73fe6d0c47","GRSM_021.basePlot.bet","D07","GRSM","GRSM_021","S","distributed","deciduousForest",35.719694,-83.403281,"WGS84",20.2,587.9,0.3,"2016-09-06","2016-09-20","GRSM.2016.38",14,"Y","GRSM_021.S.20160920","Ok","Ok","Ok","NEON.DOC.014050vJ","B89Z/IeBZxVUVqkZavcPJo3avqhPk8Rn","used NEON.DOC.014050vJ"
"4e016db5-c912-4b55-bbe5-4465c631eb1f","GRSM_024.basePlot.bet","D07","GRSM","GRSM_024","S","distributed","deciduousForest",35.707281,-83.387956,"WGS84",20.2,624.2,0.2,"2016-09-06","2016-09-20","GRSM.2016.38",14,"Y","GRSM_024.S.20160920","Ok","Ok","Ok","NEON.DOC.014050vJ","B89Z/IeBZxVUVqkZavcPJo3avqhPk8Rn","used NEON.DOC.014050vJ"
"aaa560cb-fd0c-42c3-9ceb-315d911906a1","GRSM_012.basePlot.bet","D07","GRSM","GRSM_012","S","distributed","deciduousForest",35.670776,-83.481656,"WGS84",20.2,894.2,0.2,"2016-09-06","2016-09-20","GRSM.2016.38",14,"Y","GRSM_012.S.20160920","Ok","Ok","High","NEON.DOC.014050vJ","o8zDrSGfNREfY7eUxha3x2psXnRhKRxa","used NEON.DOC.014050vJ"
"e7652a9a-8a0e-4e7a-8950-3033748f4ecf","GRSM_020.basePlot.bet","D07","GRSM","GRSM_020","S","distributed","deciduousForest",35.703464,-83.361009,"WGS84",20.3,608.4,0.4,"2016-09-06","2016-09-20","GRSM.2016.38",14,"Y","GRSM_020.S.20160920","Ok","Ok","Ok","NEON.DOC.014050vJ","B89Z/IeBZxVUVqkZavcPJo3avqhPk8Rn","used NEON.DOC.014050vJ"
"840e56f0-07db-403b-b72e-7b4797f569dc","GRSM_014.basePlot.bet","D07","GRSM","GRSM_014","S","distributed","deciduousForest",35.664489,-83.524234,"WGS84",20.3,545.3,0.4,"2016-09-06","2016-09-20","GRSM.2016.38",14,"Y","GRSM_014.S.20160920","Ok","Ok","Ok","NEON.DOC.014050vJ","o8zDrSGfNREfY7eUxha3x2psXnRhKRxa","used NEON.DOC.014050vJ"
"43e4d38b-8e9c-4f76-b778-c64cfa7a1728","GRSM_013.basePlot.bet","D07","GRSM","GRSM_013","S","distributed","deciduousForest",35.683381,-83.638146,"WGS84",20.2,561.3,0.3,"2016-09-06","2016-09-20","GRSM.2016.38",14,"Y","GRSM_013.S.20160920","Ok","Ok","Ok","NEON.DOC.014050vJ","o8zDrSGfNREfY7eUxha3x2psXnRhKRxa","used NEON.DOC.014050vJ"
"7e8587a0-9783-4c82-b1d7-3871908ef827","GRSM_008.basePlot.bet","D07","GRSM","GRSM_008","S","distributed","deciduousForest",35.679123,-83.482267,"WGS84",20.2,784.4,0.4,"2016-09-06","2016-09-20","GRSM.2016.38",14,"Y","GRSM_008.S.20160920","Ok","Ok","Ok","NEON.DOC.014050vJ","o8zDrSGfNREfY7eUxha3x2psXnRhKRxa","used NEON.DOC.014050vJ"
"b2cf182c-0f4c-493a-8b7e-95f50cf9a35c","GRSM_022.basePlot.bet","D07","GRSM","GRSM_022","S","distributed","deciduousForest",35.685732,-83.397952,"WGS84",20.2,694.4,0.2,"2016-09-06","2016-09-20","GRSM.2016.38",14,"Y","GRSM_022.S.20160920","Ok","Ok","Ok","NEON.DOC.014050vJ","B89Z/IeBZxVUVqkZavcPJo3avqhPk8Rn","used NEON.DOC.014050vJ"
"29e8997b-3adc-4c7c-888b-129eeea92b40","GRSM_006.basePlot.bet","D07","GRSM","GRSM_006","S","distributed","deciduousForest",35.678899,-83.645322,"WGS84",20.2,527.1,0.2,"2016-09-06","2016-09-20","GRSM.2016.38",14,"Y","GRSM_006.S.20160920","Ok","Ok","Ok","NEON.DOC.014050vJ","o8zDrSGfNREfY7eUxha3x2psXnRhKRxa","used NEON.DOC.014050vJ"
"143c8cd3-43b6-40d6-8063-072d6a55621f","GRSM_001.basePlot.bet","D07","GRSM","GRSM_001","S","distributed","deciduousForest",35.684584,-83.532113,"WGS84",20.2,467.0,0.2,"2016-09-06","2016-09-20","GRSM.2016.38",14,"Y","GRSM_001.S.20160920","Ok","Ok","Ok","NEON.DOC.014050vJ","o8zDrSGfNREfY7eUxha3x2psXnRhKRxa","used NEON.DOC.014050vJ"
"353808c3-6685-4000-b0a8-d512249a7ffe","GRSM_006.basePlot.bet","D07","GRSM","GRSM_006","W","distributed","deciduousForest",35.678899,-83.645322,"WGS84",20.2,527.1,0.2,"2016-09-06","2016-09-20","GRSM.2016.38",14,"Y","GRSM_006.W.20160920","Ok","Ok","Ok","NEON.DOC.014050vJ","o8zDrSGfNREfY7eUxha3x2psXnRhKRxa","used NEON.DOC.014050vJ"
"a9c84f6d-9e38-45da-a223-39665c4267f9","GRSM_013.basePlot.bet","D07","GRSM","GRSM_013","W","distributed","deciduousForest",35.683381,-83.638146,"WGS84",20.2,561.3,0.3,"2016-09-06","2016-09-20","GRSM.2016.38",14,"Y","GRSM_013.W.20160920","Ok","Ok","Ok","NEON.DOC.014050vJ","o8zDrSGfNREfY7eUxha3x2psXnRhKRxa","used NEON.DOC.014050vJ"
"0386c433-ff60-42b4-8573-ac32c2190f02","GRSM_014.basePlot.bet","D07","GRSM","GRSM_014","W","distributed","deciduousForest",35.664489,-83.524234,"WGS84",20.3,545.3,0.4,"2016-09-06","2016-09-20","GRSM.2016.38",14,"Y","GRSM_014.W.20160920","Ok","Ok","Ok","NEON.DOC.014050vJ","o8zDrSGfNREfY7eUxha3x2psXnRhKRxa","used NEON.DOC.014050vJ"
"94e81331-f11d-4fd3-929e-66c1f4171cdb","GRSM_008.basePlot.bet","D07","GRSM","GRSM_008","W","distributed","deciduousForest",35.679123,-83.482267,"WGS84",20.2,784.4,0.4,"2016-09-06","2016-09-20","GRSM.2016.38",14,"Y","GRSM_008.W.20160920","Ok","Ok","Ok","NEON.DOC.014050vJ","o8zDrSGfNREfY7eUxha3x2psXnRhKRxa","used NEON.DOC.014050vJ"
"1db32c97-1424-4de9-82b4-6ea75dc151db","GRSM_022.basePlot.bet","D07","GRSM","GRSM_022","W","distributed","deciduousForest",35.685732,-83.397952,"WGS84",20.2,694.4,0.2,"2016-09-06","2016-09-20","GRSM.2016.38",14,"Y","GRSM_022.W.20160920","Ok","Ok","Ok","NEON.DOC.014050vJ","B89Z/IeBZxVUVqkZavcPJo3avqhPk8Rn","used NEON.DOC.014050vJ"
"9fa9cb67-171c-4aa4-afd5-c3f85b2bc0c3","GRSM_001.basePlot.bet","D07","GRSM","GRSM_001","W","distributed","deciduousForest",35.684584,-83.532113,"WGS84",20.2,467.0,0.2,"2016-09-06","2016-09-20","GRSM.2016.38",14,"Y","GRSM_001.W.20160920","Ok","Ok","High","NEON.DOC.014050vJ","o8zDrSGfNREfY7eUxha3x2psXnRhKRxa","used NEON.DOC.014050vJ"
"a1ff9578-c88b-4f31-b293-c49edcd3098a","GRSM_024.basePlot.bet","D07","GRSM","GRSM_024","W","distributed","deciduousForest",35.707281,-83.387956,"WGS84",20.2,624.2,0.2,"2016-09-06","2016-09-20","GRSM.2016.38",14,"Y","GRSM_024.W.20160920","Ok","Ok","Ok","NEON.DOC.014050vJ","B89Z/IeBZxVUVqkZavcPJo3avqhPk8Rn","used NEON.DOC.014050vJ"
"25458b0c-a9d6-4807-a858-e567db560ba4","GRSM_021.basePlot.bet","D07","GRSM","GRSM_021","W","distributed","deciduousForest",35.719694,-83.403281,"WGS84",20.2,587.9,0.3,"2016-09-06","2016-09-20","GRSM.2016.38",14,"Y","GRSM_021.W.20160920","Ok","Ok","Ok","NEON.DOC.014050vJ","B89Z/IeBZxVUVqkZavcPJo3avqhPk8Rn","used NEON.DOC.014050vJ"
"929b4e76-27d8-4951-87f4-c8ca087b1354","GRSM_012.basePlot.bet","D07","GRSM","GRSM_012","W","distributed","deciduousForest",35.670776,-83.481656,"WGS84",20.2,894.2,0.2,"2016-09-06","2016-09-20","GRSM.2016.38",14,"Y","GRSM_012.W.20160920","Ok","Ok","Ok","NEON.DOC.014050vJ","o8zDrSGfNREfY7eUxha3x2psXnRhKRxa","used NEON.DOC.014050vJ"
"403c8517-1cf9-4af1-a46a-0834ff204d0e","GRSM_022.basePlot.bet","D07","GRSM","GRSM_022","E","distributed","deciduousForest",35.685732,-83.397952,"WGS84",20.2,694.4,0.2,"2016-09-06","2016-09-20","GRSM.2016.38",14,"Y","GRSM_022.E.20160920","Ok","Ok","Ok","NEON.DOC.014050vJ","B89Z/IeBZxVUVqkZavcPJo3avqhPk8Rn","used NEON.DOC.014050vJ"
