uid,namedLocation,domainID,siteID,plotID,trapID,setDate,collectDate,processingDate,etOHChangeDate,identifiedDate,sampleID,subsampleID,sampleType,taxonID,scientificName,taxonRank,identificationQualifier,scientificNameAuthorship,morphospeciesID,individualCount,identificationReferences,identifiedBy,recordedBy,remarks
"5143a6ed-e443-483d-bf00-5b502094129d","ORNL_027.basePlot.bet","D07","ORNL","ORNL_027","S","2016-03-29","2016-04-12","2016-04-12","2016-04-14",,"ORNL_027.S.20160412","di/gYcSB3uCX/QMG51POLvmFsQpSUYb0R2a8dPtvaMM=","invert bycatch",,,,,,,,,,"ntMKYxYUttgTR6u/j2bBWe+VSVcHK8QG",
"7f4f9958-3887-47c3-9aad-2856f8adf6ee","ORNL_027.basePlot.bet","D07","ORNL","ORNL_027","W","2016-03-29","2016-04-12","2016-04-12","2016-04-14",,"ORNL_027.W.20160412","di/gYcSB3uB3ooLgTxX6zi7Tp/SIJYhCABz9Gn5QPrE=","invert bycatch",,,,,,,,,,"ntMKYxYUttgTR6u/j2bBWe+VSVcHK8QG",
"bc589dbc-0c31-4dd5-a611-5cfdc8d3e1b9","ORNL_029.basePlot.bet","D07","ORNL","ORNL_029","S","2016-03-29","2016-04-12","2016-04-12","2016-04-13",,"ORNL_029.S.20160412","7LdWMHVTMySQS3tmhusc994M2prp0+vmFREdY4HZDr8=","invert bycatch",,,,,,,,,,"ntMKYxYUttgTR6u/j2bBWe+VSVcHK8QG",
"9eda9da6-ca82-483e-b52c-d2e9100bcd4a","ORNL_031.basePlot.bet","D07","ORNL","ORNL_031","E","2016-03-29","2016-04-12","2016-04-12","2016-04-14",,"ORNL_031.E.20160412","G1V5MttZ4JIU2oox9sYkKAMlqd4Sut+kjzQ7szA/Ssg=","invert bycatch",,,,,,,,,,"ntMKYxYUttgTR6u/j2bBWe+VSVcHK8QG",
"e31c4aa2-fb57-4b43-84d5-8144446ae65e","ORNL_031.basePlot.bet","D07","ORNL","ORNL_031","S","2016-03-29","2016-04-12","2016-04-12","2016-04-14",,"ORNL_031.S.20160412","G1V5MttZ4JJO/csRKXZrzjCY9G3aPtG6C2W6QLu6Oj8=","invert bycatch",,,,,,,,,,"ntMKYxYUttgTR6u/j2bBWe+VSVcHK8QG",
"a3be379a-cfd4-489c-b790-6c2913c6fc9a","ORNL_031.basePlot.bet","D07","ORNL","ORNL_031","N","2016-03-29","2016-04-12","2016-04-12","2016-04-14",,"ORNL_031.N.20160412","G1V5MttZ4JJKwRamf9RFhKjSPClWfUyboL7YkqrayfA=","invert bycatch",,,,,,,,,,"ntMKYxYUttgTR6u/j2bBWe+VSVcHK8QG",
"f36b702c-a7b5-443e-bc9f-93660c271023","ORNL_031.basePlot.bet","D07","ORNL","ORNL_031","S","2016-03-29","2016-04-12","2016-04-12","2016-09-07","2016-09-07","ORNL_031.S.20160412","G1V5MttZ4JJO/csRKXZrzvoWwlKdskcNm5gk+jckqqw=","carabid","ANIMER2","Anisodactylus merula","species",,"Germar",,1,"Noonan, G. R. 1973. The Anisodactylines (Insecta: Coleoptera: Carabidae: Harpalini): classification, evolution and zoogeography. Quaestiones Entomologicae 9:266-480.","nAKPQvGWPz3w50pS9SF/Wg/TlEjgxRE8","ntMKYxYUttgTR6u/j2bBWe+VSVcHK8QG","1 male"
"d7597bc8-1d7b-4bc3-af82-6856c9b5e97a","ORNL_021.basePlot.bet","D07","ORNL","ORNL_021","E","2016-03-29","2016-04-12","2016-04-12","2016-09-07","2016-09-07","ORNL_021.E.20160412","LlqcsvOjN4DzLTipACF9/5Z+j1LW0PqoajLag89bv7o=","carabid","AMAIMP","Amara impuncticollis","species",,"Say",,1,"Hieke, F. 1999. The Amara of the subgenus Reductocelia Lafer, 1989 (Coleoptera Carabidae Zabrini). Pages 333-362 in A. Zamotajlov and R. Sciaky, editors. Advances in Carabidology. MUISO Publishers.","nAKPQvGWPz3w50pS9SF/Wg/TlEjgxRE8","smm+Uhzztacb51a6qJKTzFqTA0R6hggt","1 female"
"056b7c81-12e3-4529-adc4-8d201678f88b","ORNL_031.basePlot.bet","D07","ORNL","ORNL_031","W","2016-03-29","2016-04-12","2016-04-12","2016-04-14",,"ORNL_031.W.20160412","G1V5MttZ4JKLKv8XF1sjzQchICE3XPY135vuJFxJbfY=","invert bycatch",,,,,,,,,,"ntMKYxYUttgTR6u/j2bBWe+VSVcHK8QG",
"fe52f99f-c98f-4de7-abb8-f7ece0b38102","ORNL_021.basePlot.bet","D07","ORNL","ORNL_021","N","2016-03-29","2016-04-12","2016-04-12","2016-04-13",,"ORNL_021.N.20160412","LlqcsvOjN4B87mQnyD0NvBUAPK1WtQKd2RG7dp9GTUc=","invert bycatch",,,,,,,,,,"smm+Uhzztacb51a6qJKTzFqTA0R6hggt",
"c54612fb-4a4c-40b2-88fb-85e300d41102","ORNL_021.basePlot.bet","D07","ORNL","ORNL_021","W","2016-03-29","2016-04-12","2016-04-12","2016-04-14",,"ORNL_021.W.20160412","LlqcsvOjN4CikGAtT+4ywW1/JqbGbyfu/+MOXQVXWTU=","invert bycatch",,,,,,,,,,"zAuTdQ8TLTOCAVE+XhtWnklq56XAz8bt",
"6de75ab8-fa02-40d4-8fc7-10192090ed5d","ORNL_027.basePlot.bet","D07","ORNL","ORNL_027","N","2016-03-29","2016-04-12","2016-04-12","2016-09-07","2016-09-07","ORNL_027.N.20160412","di/gYcSB3uA5TgFl4hm8Pz4KybEHv7vUTO0fz22qlYM=","carabid","SPHSTE1","Sphaeroderus stenostomus lecontei","subspecies",,"Dejean",,1,"Barr Jr., T. C. 1974a. Key to species and subspecies of Sphaeroderus Dejean.","nAKPQvGWPz3w50pS9SF/Wg/TlEjgxRE8","ntMKYxYUttgTR6u/j2bBWe+VSVcHK8QG","1 female"
"3cba4701-1192-457c-bb4a-298afad18c0e","ORNL_027.basePlot.bet","D07","ORNL","ORNL_027","N","2016-03-29","2016-04-12","2016-04-12","2016-04-14",,"ORNL_027.N.20160412","di/gYcSB3uA5TgFl4hm8P9Ry/Zr1d8jUpSaeRgWDP+g=","invert bycatch",,,,,,,,,,"ntMKYxYUttgTR6u/j2bBWe+VSVcHK8QG",
"fc217633-5f62-4cfd-bf3f-51fb7a35744c","ORNL_021.basePlot.bet","D07","ORNL","ORNL_021","E","2016-03-29","2016-04-12","2016-04-12","2016-04-14",,"ORNL_021.E.20160412","LlqcsvOjN4DzLTipACF9/3Yval4PeWUeuZQX32dNPgE=","invert bycatch",,,,,,,,,,"smm+Uhzztacb51a6qJKTzFqTA0R6hggt",
"e498d3d1-96af-4d8d-bb0c-b9c54619ba7f","ORNL_006.basePlot.bet","D07","ORNL","ORNL_006","W","2016-03-29","2016-04-12","2016-04-12","2016-04-14",,"ORNL_006.W.20160412","XUOG9+A5sIMU6k9TI/vF0Pnp5BH3ggt2zaNKSRUYDi4=","invert bycatch",,,,,,,,,,"ntMKYxYUttgTR6u/j2bBWe+VSVcHK8QG",
"e1147049-7314-4cb4-a5ee-b38bd73ec09f","ORNL_006.basePlot.bet","D07","ORNL","ORNL_006","S","2016-03-29","2016-04-12","2016-04-12","2016-04-14",,"ORNL_006.S.20160412","XUOG9+A5sINy1SL42hEWvU/kli/ZtZiK2MuhxCYpMww=","invert bycatch",,,,,,,,,,"ntMKYxYUttgTR6u/j2bBWe+VSVcHK8QG",
"8491d1bf-c708-43af-bb07-53ba7dda3daf","ORNL_021.basePlot.bet","D07","ORNL","ORNL_021","S","2016-03-29","2016-04-12","2016-04-12","2016-04-13",,"ORNL_021.S.20160412","LlqcsvOjN4BjD4VOCJJVGHC5Ir0dfGH9Bq0V81ZxG3Y=","invert bycatch",,,,,,,,,,"smm+Uhzztacb51a6qJKTzFqTA0R6hggt",
"20546d4b-7d77-4eb6-9d7b-f904a32fd9b9","ORNL_006.basePlot.bet","D07","ORNL","ORNL_006","W","2016-03-29","2016-04-12","2016-04-12","2016-09-07","2016-09-07","ORNL_006.W.20160412","XUOG9+A5sIMU6k9TI/vF0FOqdSl+eQxqTrpvo6lmE7I=","carabid","CYCFUC","Cyclotrachelus fucatus","species",,"Freitag",,3,"Freitag, R. 1969. A revision of the species of the genus Evarthrus LeConte. Quaestiones Entomologicae 5:89-212.","nAKPQvGWPz3w50pS9SF/Wg/TlEjgxRE8","ntMKYxYUttgTR6u/j2bBWe+VSVcHK8QG","2 female 1 male"
"fd6a812e-f064-40bd-83a9-3e967ce3ee30","ORNL_006.basePlot.bet","D07","ORNL","ORNL_006","E","2016-03-29","2016-04-12","2016-04-12","2016-09-07","2016-09-07","ORNL_006.E.20160412","XUOG9+A5sIM3c8KMfvLyxEYcoeTfsTm8Yce8QhI/5gw=","carabid","CYCFUC","Cyclotrachelus fucatus","species",,"Freitag",,2,"Freitag, R. 1969. A revision of the species of the genus Evarthrus LeConte. Quaestiones Entomologicae 5:89-212.","nAKPQvGWPz3w50pS9SF/Wg/TlEjgxRE8","ntMKYxYUttgTR6u/j2bBWe+VSVcHK8QG","1 male 1 female"
"fd62ee68-85c2-4a52-bced-89026a4e7658","ORNL_006.basePlot.bet","D07","ORNL","ORNL_006","N","2016-03-29","2016-04-12","2016-04-12","2016-09-07","2016-09-07","ORNL_006.N.20160412","XUOG9+A5sIMZLZu3KzmtUocbc5iLwQPWEUCPR+GRS28=","carabid","CYCFUC","Cyclotrachelus fucatus","species",,"Freitag",,2,"Freitag, R. 1969. A revision of the species of the genus Evarthrus LeConte. Quaestiones Entomologicae 5:89-212.","nAKPQvGWPz3w50pS9SF/Wg/TlEjgxRE8","ntMKYxYUttgTR6u/j2bBWe+VSVcHK8QG","1 male 1 female"
"e14ccace-b1c4-4f4a-b18b-cf5e5ef1e083","ORNL_006.basePlot.bet","D07","ORNL","ORNL_006","E","2016-03-29","2016-04-12","2016-04-12","2016-04-14",,"ORNL_006.E.20160412","XUOG9+A5sIM3c8KMfvLyxFZLrNpKcx04Q/fJP2B+cRM=","invert bycatch",,,,,,,,,,"ntMKYxYUttgTR6u/j2bBWe+VSVcHK8QG",
"b24ab635-491d-4036-91b9-79d32b72b540","ORNL_006.basePlot.bet","D07","ORNL","ORNL_006","N","2016-03-29","2016-04-12","2016-04-12","2016-04-14",,"ORNL_006.N.20160412","XUOG9+A5sIMZLZu3KzmtUkqiiqfvAcICr441DtRV3Sw=","invert bycatch",,,,,,,,,,"ntMKYxYUttgTR6u/j2bBWe+VSVcHK8QG",
"fcb2e28a-4470-44e0-b5ee-ece12eac3066","ORNL_002.basePlot.bet","D07","ORNL","ORNL_002","N","2016-03-29","2016-04-12","2016-04-12","2016-04-13",,"ORNL_002.N.20160412","FcwZvbWDjdh4gaIydInsZlIuNQcepsegBA2EyC1Kh9Y=","invert bycatch",,,,,,,,,,"smm+Uhzztacb51a6qJKTzFqTA0R6hggt",
"e9c7dbb7-8edf-4c73-961f-c04292dd271c","ORNL_002.basePlot.bet","D07","ORNL","ORNL_002","E","2016-03-29","2016-04-12","2016-04-12","2016-04-13",,"ORNL_002.E.20160412","FcwZvbWDjdjrf4UNa2zrT/gCynNNlBVSfU2S95/agH8=","invert bycatch",,,,,,,,,,"smm+Uhzztacb51a6qJKTzFqTA0R6hggt",
"6c70b1e3-f867-4b99-b8a3-32af50af0179","ORNL_002.basePlot.bet","D07","ORNL","ORNL_002","W","2016-03-29","2016-04-12","2016-04-12","2016-09-07","2016-09-07","ORNL_002.W.20160412","FcwZvbWDjdgPnznj/VRiJxqVd1tAWFny8+kRcculOA4=","carabid","TRIAUT","Trichotichnus autumnalis","species",,"Say",,1,"Ciegler, J. C. 2000. Ground beetles and wrinkled bark beetles of South Carolina (Coleoptera: Geadephaga: Carabidae and Rhysodidae). Biota of South Carolina. Vol. 1. Clemson, S. Clemson University.","nAKPQvGWPz3w50pS9SF/Wg/TlEjgxRE8","smm+Uhzztacb51a6qJKTzFqTA0R6hggt","1 male"
"c482f5a2-5fd7-4005-a013-24b21b303d3f","ORNL_004.basePlot.bet","D07","ORNL","ORNL_004","N","2016-03-29","2016-04-12","2016-04-12","2016-04-14",,"ORNL_004.N.20160412","qnVzy9oXbL16fqio1xoDpGYB6hBoRf2lQXgZth+0Gw4=","invert bycatch",,,,,,,,,,"zAuTdQ8TLTOCAVE+XhtWnklq56XAz8bt",
"12dc2fff-cd4f-4d73-8af9-26a77f75a164","ORNL_002.basePlot.bet","D07","ORNL","ORNL_002","S","2016-03-29","2016-04-12","2016-04-12","2016-04-13",,"ORNL_002.S.20160412","FcwZvbWDjdiZOENX8biTkfyKsYUEg7KBEYMN5A6g0Lw=","invert bycatch",,,,,,,,,,"smm+Uhzztacb51a6qJKTzFqTA0R6hggt",
"8a85dcf9-9fc4-4c70-a0ba-88e4ecdb46cc","ORNL_004.basePlot.bet","D07","ORNL","ORNL_004","W","2016-03-29","2016-04-12","2016-04-12","2016-04-14",,"ORNL_004.W.20160412","qnVzy9oXbL0qUS2wZooi3WB80mlZ44SLwJeF7Ek+Q68=","invert bycatch",,,,,,,,,,"zAuTdQ8TLTOCAVE+XhtWnklq56XAz8bt",
"fcdb5a5f-d3af-4a3b-b501-1a59c5375575","ORNL_004.basePlot.bet","D07","ORNL","ORNL_004","E","2016-03-29","2016-04-12","2016-04-12","2016-04-14",,"ORNL_004.E.20160412","qnVzy9oXbL0rpOlbS3ysIF8q+uQG0YN1RpqYKsJe304=","invert bycatch",,,,,,,,,,"zAuTdQ8TLTOCAVE+XhtWnklq56XAz8bt",
"08db50bc-d060-4be5-a844-07fafd35cd58","ORNL_002.basePlot.bet","D07","ORNL","ORNL_002","W","2016-03-29","2016-04-12","2016-04-12","2016-04-13",,"ORNL_002.W.20160412","FcwZvbWDjdgPnznj/VRiJ6/wL53HMd1LSoQXTWDqMng=","invert bycatch",,,,,,,,,,"smm+Uhzztacb51a6qJKTzFqTA0R6hggt",
"3a5180fb-ea85-4240-bb37-2fd0a1be8c68","ORNL_004.basePlot.bet","D07","ORNL","ORNL_004","E","2016-03-29","2016-04-12","2016-04-12","2016-09-07","2016-09-07","ORNL_004.E.20160412","qnVzy9oXbL0rpOlbS3ysIM6S2tbRjJVbQa2Rb/cVAhc=","carabid","TRIAUT","Trichotichnus autumnalis","species",,"Say",,1,"Ciegler, J. C. 2000. Ground beetles and wrinkled bark beetles of South Carolina (Coleoptera: Geadephaga: Carabidae and Rhysodidae). Biota of South Carolina. Vol. 1. Clemson, S. Clemson University.","nAKPQvGWPz3w50pS9SF/Wg/TlEjgxRE8","zAuTdQ8TLTOCAVE+XhtWnklq56XAz8bt","1 male"
"b282dd0a-52d9-4c44-861d-316404bf9403","ORNL_004.basePlot.bet","D07","ORNL","ORNL_004","S","2016-03-29","2016-04-12","2016-04-12","2016-04-14",,"ORNL_004.S.20160412","qnVzy9oXbL2HRCLLBW6XeA288gRyQvMmyNnFKnvl3qI=","invert bycatch",,,,,,,,,,"zAuTdQ8TLTOCAVE+XhtWnklq56XAz8bt",
"a47bd66b-47f0-423f-bbc1-4099aab20341","ORNL_001.basePlot.bet","D07","ORNL","ORNL_001","W","2016-03-29","2016-04-12","2016-04-12","2016-04-13",,"ORNL_001.W.20160412","1iGudFvILglesTwChAua4PW0OZzvmHNkaxBOFh+aK+0=","invert bycatch",,,,,,,,,,"smm+Uhzztacb51a6qJKTzFqTA0R6hggt",
"1b069728-72bf-45d0-a6a7-62c62188f9a7","ORNL_001.basePlot.bet","D07","ORNL","ORNL_001","N","2016-03-29","2016-04-12","2016-04-12","2016-04-13",,"ORNL_001.N.20160412","1iGudFvILglFolq0mlYwNd9zvKSkK+vA/UicSjzHzFs=","invert bycatch",,,,,,,,,,"smm+Uhzztacb51a6qJKTzFqTA0R6hggt",
"04d01c6c-60d8-45dd-9b8a-0831ac8516d6","ORNL_001.basePlot.bet","D07","ORNL","ORNL_001","E","2016-03-29","2016-04-12","2016-04-12","2016-04-13",,"ORNL_001.E.20160412","1iGudFvILgl0uo8jjPg8Xoxy425TR56P76Yuez+1SUE=","invert bycatch",,,,,,,,,,"smm+Uhzztacb51a6qJKTzFqTA0R6hggt",
"037b29be-58fc-4fe6-9d88-76d8ba0c287f","ORNL_029.basePlot.bet","D07","ORNL","ORNL_029","E","2016-03-29","2016-04-12","2016-04-12","2016-04-14",,"ORNL_029.E.20160412","7LdWMHVTMySbituYSS2qzesebdDfc3VOrsVdhjUc/lM=","invert bycatch",,,,,,,,,,"ntMKYxYUttgTR6u/j2bBWe+VSVcHK8QG",
"43daa355-fc90-4f74-854a-b7c4a6452fde","ORNL_029.basePlot.bet","D07","ORNL","ORNL_029","N","2016-03-29","2016-04-12","2016-04-12","2016-04-14",,"ORNL_029.N.20160412","7LdWMHVTMyQRYRk3VzlIAz51RubPuLJ9aJ9/zrrpdq4=","invert bycatch",,,,,,,,,,"smm+Uhzztacb51a6qJKTzFqTA0R6hggt",
"80bff408-aea2-4155-916a-63cdcc6b363d","ORNL_001.basePlot.bet","D07","ORNL","ORNL_001","N","2016-03-29","2016-04-12","2016-04-12","2016-09-07","2016-11-16","ORNL_001.N.20160412","1iGudFvILglFolq0mlYwNUbEpSyHKs+Dc1ROJjTzqrU=","carabid","CYCFUC","Cyclotrachelus fucatus","species",,"Freitag",,1,"Freitag, R. 1969. A revision of the species of the genus Evarthrus LeConte. Quaestiones Entomologicae 5:89-212.","zAuTdQ8TLTOCAVE+XhtWnklq56XAz8bt","smm+Uhzztacb51a6qJKTzFqTA0R6hggt","1 female"
"9ab71b17-683a-4fba-9788-169c7204d3f1","ORNL_029.basePlot.bet","D07","ORNL","ORNL_029","N","2016-03-29","2016-04-12","2016-04-12","2016-04-13","2017-01-18","ORNL_029.N.20160412","7LdWMHVTMyQRYRk3VzlIAwbV5rB2ox/NkFab835GEnI=","vert bycatch herp","PLEDOR","Plethodon dorsalis","species",,"Cope",,1,"Other","nAKPQvGWPz3w50pS9SF/Wg/TlEjgxRE8","smm+Uhzztacb51a6qJKTzFqTA0R6hggt","Niemiller 2015. Amphibians of Tennessee"
"4ddd2db5-8709-40a3-9da4-921cd567c359","ORNL_029.basePlot.bet","D07","ORNL","ORNL_029","W","2016-03-29","2016-04-12","2016-04-12","2017-01-18",,"ORNL_029.W.20160412","7LdWMHVTMyTqHlRVBlQDX1a1lb8F3BT8JWp3V2H9Lcw=","invert bycatch",,,,,,,,,,"ntMKYxYUttgTR6u/j2bBWe+VSVcHK8QG",
"8802e27c-c82d-4f4f-8027-2c7636514a05","ORNL_003.basePlot.bet","D07","ORNL","ORNL_003","E","2016-03-29","2016-04-12","2016-04-12","2016-09-07","2016-09-07","ORNL_003.E.20160412","952sL8sB3/gL8NoxjyEpjET7zsf0+G68nv8GbzpsR4w=","carabid","CYCFUC","Cyclotrachelus fucatus","species",,"Freitag",,1,"Freitag, R. 1969. A revision of the species of the genus Evarthrus LeConte. Quaestiones Entomologicae 5:89-212.","nAKPQvGWPz3w50pS9SF/Wg/TlEjgxRE8","zAuTdQ8TLTOCAVE+XhtWnklq56XAz8bt","1 female"
"d269e114-c953-4921-86c6-65da2a5e62a4","ORNL_003.basePlot.bet","D07","ORNL","ORNL_003","N","2016-03-29","2016-04-12","2016-04-12","2016-04-14",,"ORNL_003.N.20160412","952sL8sB3/gDwOwaqyWUuHhB5JLvMFAIgL+TtPRXcws=","invert bycatch",,,,,,,,,,"zAuTdQ8TLTOCAVE+XhtWnklq56XAz8bt",
"a820cc28-04a0-4edd-b430-8e2bee0896ff","ORNL_003.basePlot.bet","D07","ORNL","ORNL_003","N","2016-03-29","2016-04-12","2016-04-12","2016-09-07","2016-09-07","ORNL_003.N.20160412","952sL8sB3/gDwOwaqyWUuElxrBclh0960fuoS11SpdI=","carabid","DICDIL2","Dicaelus dilatatus sinuatus","subspecies",,"Ball",,1,"Ciegler, J. C. 2000. Ground beetles and wrinkled bark beetles of South Carolina (Coleoptera: Geadephaga: Carabidae and Rhysodidae). Biota of South Carolina. Vol. 1. Clemson, S. Clemson University.","nAKPQvGWPz3w50pS9SF/Wg/TlEjgxRE8","zAuTdQ8TLTOCAVE+XhtWnklq56XAz8bt","1 female"
"988320a2-01f2-424b-bee8-1bbb39c87003","ORNL_032.basePlot.bet","D07","ORNL","ORNL_032","E","2016-03-29","2016-04-12","2016-04-12","2016-04-13",,"ORNL_032.E.20160412","DcTblkLRhld365l7uBXeaceGMzOazfoIfPZejGBThxM=","invert bycatch",,,,,,,,,,"smm+Uhzztacb51a6qJKTzFqTA0R6hggt",
"ed064bd1-5746-4514-8463-a43fa6cfd4e9","ORNL_003.basePlot.bet","D07","ORNL","ORNL_003","W","2016-03-29","2016-04-12","2016-04-12","2016-04-14",,"ORNL_003.W.20160412","952sL8sB3/gTFn9DMXctOCxjKVxqklNWUJ5Oqtv0Y80=","invert bycatch",,,,,,,,,,"zAuTdQ8TLTOCAVE+XhtWnklq56XAz8bt",
"d7f11d29-295e-424d-8cfa-3edcfa6d01f4","ORNL_003.basePlot.bet","D07","ORNL","ORNL_003","E","2016-03-29","2016-04-12","2016-04-12","2016-04-14",,"ORNL_003.E.20160412","952sL8sB3/gL8NoxjyEpjLXZ3c78VBcOlS6wCMvtE+M=","invert bycatch",,,,,,,,,,"zAuTdQ8TLTOCAVE+XhtWnklq56XAz8bt",
"68558078-48a5-4df7-9988-2b4825bf3b92","ORNL_032.basePlot.bet","D07","ORNL","ORNL_032","N","2016-03-29","2016-04-12","2016-04-12","2016-04-13",,"ORNL_032.N.20160412","DcTblkLRhldkfEFR5ElpHBIhvtwMSBQoBbc94x3R7vQ=","invert bycatch",,,,,,,,,,"smm+Uhzztacb51a6qJKTzFqTA0R6hggt",
"b649c671-f88b-4b7b-bf26-480ce970be4f","ORNL_032.basePlot.bet","D07","ORNL","ORNL_032","W","2016-03-29","2016-04-12","2016-04-12","2016-04-13",,"ORNL_032.W.20160412","DcTblkLRhlcMHYnGBtTNzFdkSkI25ewDIXeFvAwPYfY=","invert bycatch",,,,,,,,,,"smm+Uhzztacb51a6qJKTzFqTA0R6hggt",
"3e243277-2889-491d-a4a4-f67c8976ceec","ORNL_003.basePlot.bet","D07","ORNL","ORNL_003","S","2016-03-29","2016-04-12","2016-04-12","2016-04-14",,"ORNL_003.S.20160412","952sL8sB3/i/BuvpX5+pAbwDZVZ+f4pdUbPLN9tEjEc=","invert bycatch",,,,,,,,,,"zAuTdQ8TLTOCAVE+XhtWnklq56XAz8bt",
"d98c8069-7364-413d-a582-2cbd7f6aa6d0","ORNL_032.basePlot.bet","D07","ORNL","ORNL_032","E","2016-03-29","2016-04-12","2016-04-12","2016-09-07","2016-09-07","ORNL_032.E.20160412","DcTblkLRhld365l7uBXeacd8eSd4Celww0rri4jAG/0=","carabid","CYCFUC","Cyclotrachelus fucatus","species",,"Freitag",,3,"Freitag, R. 1969. A revision of the species of the genus Evarthrus LeConte. Quaestiones Entomologicae 5:89-212.","nAKPQvGWPz3w50pS9SF/Wg/TlEjgxRE8","smm+Uhzztacb51a6qJKTzFqTA0R6hggt","3 males"
"141fd7b8-3a52-4d23-a36f-e24199441ad6","ORNL_032.basePlot.bet","D07","ORNL","ORNL_032","S","2016-03-29","2016-04-12","2016-04-12","2016-04-13",,"ORNL_032.S.20160412","DcTblkLRhleXh9yrX2N7YERKuoA83NRwJDbBmDyFKKo=","invert bycatch",,,,,,,,,,"smm+Uhzztacb51a6qJKTzFqTA0R6hggt",
"74c20d9e-ed61-41ef-ad0a-bfaa6b6223fd","ORNL_021.basePlot.bet","D07","ORNL","ORNL_021","N","2016-04-12","2016-04-26","2016-04-27","2016-09-08","2016-09-08","ORNL_021.N.20160426","LlqcsvOjN4B87mQnyD0NvPpR4Lklz9nvPMn0Yvxtmf0=","carabid","DICAMB","Dicaelus ambiguus","species",,"LaFerte-Senectere",,1,"Ball, G. E. 1992. The Tribe Licinini (Coleoptera: Carabidae): A Review of the Genus-Groups and of the Species of Selected Genera. Journal of the New York Entomological Society 100:325-380.","C/RpfPKb8HTaiQJE7Yod+06R2cjuJOBA","hMeIr0r1D+O0r0KddsZuUbKn5xsaChU1",
"90326ee0-3c59-4f45-beae-be5fa825935a","ORNL_001.basePlot.bet","D07","ORNL","ORNL_001","E","2016-04-12","2016-04-26","2016-04-27","2016-05-18",,"ORNL_001.E.20160426","1iGudFvILgl0uo8jjPg8Xkbn0k/OFd1WhJk0fykUOLE=","invert bycatch",,,,,,,,,,"hMeIr0r1D+O0r0KddsZuUbKn5xsaChU1",
"21a06fff-b660-4007-82ba-eb57db757687","ORNL_021.basePlot.bet","D07","ORNL","ORNL_021","S","2016-04-12","2016-04-26","2016-04-27","2016-05-19",,"ORNL_021.S.20160426","LlqcsvOjN4BjD4VOCJJVGK36ismquPiQ37NtUPiT9yc=","invert bycatch",,,,,,,,,,"hMeIr0r1D+O0r0KddsZuUbKn5xsaChU1",
"c8699227-673c-4fd1-9c07-4f05d9dbd8e0","ORNL_021.basePlot.bet","D07","ORNL","ORNL_021","E","2016-04-12","2016-04-26","2016-04-27","2016-09-08","2016-09-08","ORNL_021.E.20160426","LlqcsvOjN4DzLTipACF9/15gs7LMZaa5pVJ3RnuAOYU=","carabid","ANIOVU","Anisodactylus ovularis","species",,"Casey",,1,"Noonan, G. R. 1973. The Anisodactylines (Insecta: Coleoptera: Carabidae: Harpalini): classification, evolution and zoogeography. Quaestiones Entomologicae 9:266-480.","C/RpfPKb8HTaiQJE7Yod+06R2cjuJOBA","hMeIr0r1D+O0r0KddsZuUbKn5xsaChU1",
"a858e007-b223-4cf4-ac6e-206d40a5c088","ORNL_021.basePlot.bet","D07","ORNL","ORNL_021","E","2016-04-12","2016-04-26","2016-04-27","2016-05-19",,"ORNL_021.E.20160426","LlqcsvOjN4DzLTipACF9/71tKzSc8JfTa9bIhC/Nr00=","invert bycatch",,,,,,,,,,"hMeIr0r1D+O0r0KddsZuUbKn5xsaChU1",
"ac392bad-6174-4905-8f9d-086589ef26f2","ORNL_021.basePlot.bet","D07","ORNL","ORNL_021","N","2016-04-12","2016-04-26","2016-04-27","2016-05-19",,"ORNL_021.N.20160426","LlqcsvOjN4B87mQnyD0NvOPxtif3YniIH6SeyRgVpas=","invert bycatch",,,,,,,,,,"hMeIr0r1D+O0r0KddsZuUbKn5xsaChU1",
"0f8dd62c-768b-4366-9cfa-08bdf1fe355a","ORNL_021.basePlot.bet","D07","ORNL","ORNL_021","W","2016-04-12","2016-04-26","2016-04-27","2016-05-19",,"ORNL_021.W.20160426","LlqcsvOjN4CikGAtT+4ywWaLSNHj4L5CjBz0xUmYvBI=","invert bycatch",,,,,,,,,,"hMeIr0r1D+O0r0KddsZuUbKn5xsaChU1",
"04c0dc1d-ab4d-4366-9ddb-3900565d0a71","ORNL_021.basePlot.bet","D07","ORNL","ORNL_021","N","2016-04-12","2016-04-26","2016-04-27","2016-09-08","2016-09-08","ORNL_021.N.20160426","LlqcsvOjN4B87mQnyD0NvGh8LhChiIbG1rxDbc7/c04=","carabid","ANIMER2","Anisodactylus merula","species","cf. species","Germar",,1,"Noonan, G. R. 1973. The Anisodactylines (Insecta: Coleoptera: Carabidae: Harpalini): classification, evolution and zoogeography. Quaestiones Entomologicae 9:266-480.","C/RpfPKb8HTaiQJE7Yod+06R2cjuJOBA","hMeIr0r1D+O0r0KddsZuUbKn5xsaChU1",
"79cc5706-e8e5-45b8-809b-745b99cbdec0","ORNL_032.basePlot.bet","D07","ORNL","ORNL_032","S","2016-04-12","2016-04-26","2016-04-27","2016-09-08","2016-09-08","ORNL_032.S.20160426","DcTblkLRhleXh9yrX2N7YFS7SZuupNqaJYSUdGt8BWs=","carabid","POLLAE","Polyderis laeva","species",,"Say",,1,"Arnett Jr., R. H., and M. C. Thomas. 2001. American Beetles Archosemata, Myxophaga, Adephaga, Polyphaga: Staphyliniformia. 1st Vol. (C. Press, Ed.). 1st Ed. Boca Raton, FL.","zAuTdQ8TLTOCAVE+XhtWnklq56XAz8bt","NckVeUTSUP6LXotw5DdWvfxzK/VJHqS5","Bousquet 2010 Guide to Geadaphaga used to determine species within our region"
"51123e6e-62fa-46ee-999e-c3993a6d639a","ORNL_006.basePlot.bet","D07","ORNL","ORNL_006","N","2016-04-12","2016-04-26","2016-04-27","2016-05-24",,"ORNL_006.N.20160426","XUOG9+A5sIMZLZu3KzmtUkhceCSsBCa8KlqyMc2eHpw=","invert bycatch",,,,,,,,,,"NckVeUTSUP6LXotw5DdWvfxzK/VJHqS5",
"028572b7-6d68-44f4-816c-eab69a327136","ORNL_006.basePlot.bet","D07","ORNL","ORNL_006","W","2016-04-12","2016-04-26","2016-04-27","2016-05-24",,"ORNL_006.W.20160426","XUOG9+A5sIMU6k9TI/vF0HFz7Ne/M1mdAdXGfYV4Vcw=","invert bycatch",,,,,,,,,,"NckVeUTSUP6LXotw5DdWvfxzK/VJHqS5",
"f28ad4a4-18a0-4377-9e05-f46197e68427","ORNL_006.basePlot.bet","D07","ORNL","ORNL_006","N","2016-04-12","2016-04-26","2016-04-27","2016-09-08","2016-09-08","ORNL_006.N.20160426","XUOG9+A5sIMZLZu3KzmtUnyYkal4N9ZJimPSi4S48wM=","carabid","CYCSOD2","Cyclotrachelus sodalis sodalis","subspecies",,"LeConte",,1,"Freitag, R. 1969. A revision of the species of the genus Evarthrus LeConte. Quaestiones Entomologicae 5:89-212.","C/RpfPKb8HTaiQJE7Yod+06R2cjuJOBA","NckVeUTSUP6LXotw5DdWvfxzK/VJHqS5",
"ca7e9f49-98b4-4832-968a-8287f5bc3e35","ORNL_006.basePlot.bet","D07","ORNL","ORNL_006","S","2016-04-12","2016-04-26","2016-04-27","2016-09-08","2016-09-08","ORNL_006.S.20160426","XUOG9+A5sINy1SL42hEWvdS80IX1LAUaTqKbj8TpYl8=","carabid","CYCFUC","Cyclotrachelus fucatus","species",,"Freitag",,2,"Freitag, R. 1969. A revision of the species of the genus Evarthrus LeConte. Quaestiones Entomologicae 5:89-212.","C/RpfPKb8HTaiQJE7Yod+06R2cjuJOBA","NckVeUTSUP6LXotw5DdWvfxzK/VJHqS5",
"ed53dad8-e699-4a73-adbe-259de08eb8b6","ORNL_006.basePlot.bet","D07","ORNL","ORNL_006","S","2016-04-12","2016-04-26","2016-04-27","2016-05-24",,"ORNL_006.S.20160426","XUOG9+A5sINy1SL42hEWvbhVCJZtdoADMyw8YouQh/4=","invert bycatch",,,,,,,,,,"NckVeUTSUP6LXotw5DdWvfxzK/VJHqS5",
"c3b5ef24-54a3-47f9-9ce3-f3ae150c98bd","ORNL_031.basePlot.bet","D07","ORNL","ORNL_031","S","2016-04-12","2016-04-26","2016-04-27","2016-09-08","2016-09-08","ORNL_031.S.20160426","G1V5MttZ4JJO/csRKXZrzp+yzTAP2hq4+DW6mUjZtOA=","carabid","SCASUB2","Scarites subterraneus","species",,"Fabricius",,1,"Ciegler, J. C. 2000. Ground beetles and wrinkled bark beetles of South Carolina (Coleoptera: Geadephaga: Carabidae and Rhysodidae). Biota of South Carolina. Vol. 1. Clemson, S. Clemson University.","C/RpfPKb8HTaiQJE7Yod+06R2cjuJOBA","NckVeUTSUP6LXotw5DdWvfxzK/VJHqS5",
"0b175e85-957f-4c40-93c8-9a0f8c677ab0","ORNL_006.basePlot.bet","D07","ORNL","ORNL_006","W","2016-04-12","2016-04-26","2016-04-27","2016-09-08","2016-09-08","ORNL_006.W.20160426","XUOG9+A5sIMU6k9TI/vF0NuyeKtHHf4EXkYGU6eKpJU=","carabid","CYCFUC","Cyclotrachelus fucatus","species",,"Freitag",,6,"Freitag, R. 1969. A revision of the species of the genus Evarthrus LeConte. Quaestiones Entomologicae 5:89-212.","C/RpfPKb8HTaiQJE7Yod+06R2cjuJOBA","NckVeUTSUP6LXotw5DdWvfxzK/VJHqS5",
"89d32a40-779e-472b-b57d-1e7e7daf64ca","ORNL_031.basePlot.bet","D07","ORNL","ORNL_031","S","2016-04-12","2016-04-26","2016-04-27","2016-05-24",,"ORNL_031.S.20160426","G1V5MttZ4JJO/csRKXZrzksJ7Ls9gDk94ZXIm+vs75A=","invert bycatch",,,,,,,,,,"NckVeUTSUP6LXotw5DdWvfxzK/VJHqS5",
"e5ec2287-ea75-4da5-859f-a39d4ca86097","ORNL_031.basePlot.bet","D07","ORNL","ORNL_031","N","2016-04-12","2016-04-26","2016-04-27","2016-09-08","2016-09-08","ORNL_031.N.20160426","G1V5MttZ4JJKwRamf9RFhPznJEkgsq/Q37DwNuSffy8=","carabid","DICELO","Dicaelus elongatus","species",,"Bonelli",,2,"Ball, G. E. 1992. The Tribe Licinini (Coleoptera: Carabidae): A Review of the Genus-Groups and of the Species of Selected Genera. Journal of the New York Entomological Society 100:325-380.","C/RpfPKb8HTaiQJE7Yod+06R2cjuJOBA","NckVeUTSUP6LXotw5DdWvfxzK/VJHqS5",
"76a5acd7-2ee6-42ed-b118-9ce1ac01955f","ORNL_031.basePlot.bet","D07","ORNL","ORNL_031","S","2016-04-12","2016-04-26","2016-04-27","2016-09-08","2016-09-08","ORNL_031.S.20160426","G1V5MttZ4JJO/csRKXZrzoQ47l2/J+sS21mIrKqxVB8=","carabid","DICELO","Dicaelus elongatus","species",,"Bonelli",,1,"Ball, G. E. 1992. The Tribe Licinini (Coleoptera: Carabidae): A Review of the Genus-Groups and of the Species of Selected Genera. Journal of the New York Entomological Society 100:325-380.","C/RpfPKb8HTaiQJE7Yod+06R2cjuJOBA","NckVeUTSUP6LXotw5DdWvfxzK/VJHqS5",
"e1f6dec8-8214-4ed6-9598-0faa17e2cf3d","ORNL_032.basePlot.bet","D07","ORNL","ORNL_032","E","2016-04-12","2016-04-26","2016-04-27","2016-09-08","2016-09-08","ORNL_032.E.20160426","DcTblkLRhld365l7uBXeacd8SzFRkCWv1jc9RXktxQE=","carabid","SPHSTE1","Sphaeroderus stenostomus lecontei","subspecies",,"Dejean",,1,"Barr Jr., T. C. 1974a. Key to species and subspecies of Sphaeroderus Dejean.","C/RpfPKb8HTaiQJE7Yod+06R2cjuJOBA","NckVeUTSUP6LXotw5DdWvfxzK/VJHqS5",
"b149c901-aac0-411b-9306-9053db6becf7","ORNL_032.basePlot.bet","D07","ORNL","ORNL_032","E","2016-04-12","2016-04-26","2016-04-27","2016-09-08","2016-09-08","ORNL_032.E.20160426","DcTblkLRhld365l7uBXeaVGA89vJPqLs0OaMsNP17xs=","carabid","CYCFUC","Cyclotrachelus fucatus","species",,"Freitag",,4,"Freitag, R. 1969. A revision of the species of the genus Evarthrus LeConte. Quaestiones Entomologicae 5:89-212.","C/RpfPKb8HTaiQJE7Yod+06R2cjuJOBA","NckVeUTSUP6LXotw5DdWvfxzK/VJHqS5",
"9d4681bb-3315-4c7a-a962-f6ffb31c311f","ORNL_031.basePlot.bet","D07","ORNL","ORNL_031","N","2016-04-12","2016-04-26","2016-04-27","2016-05-24",,"ORNL_031.N.20160426","G1V5MttZ4JJKwRamf9RFhJSaLaU0fS8ueN3tbUOtcwQ=","invert bycatch",,,,,,,,,,"NckVeUTSUP6LXotw5DdWvfxzK/VJHqS5",
"c9164dd9-6ce5-42a9-837f-dc0c9db90b3e","ORNL_032.basePlot.bet","D07","ORNL","ORNL_032","E","2016-04-12","2016-04-26","2016-04-27","2016-05-24",,"ORNL_032.E.20160426","DcTblkLRhld365l7uBXeaU7qdzfo0UiXDkapLf+N7+I=","invert bycatch",,,,,,,,,,"NckVeUTSUP6LXotw5DdWvfxzK/VJHqS5",
"591e391b-2eeb-40fd-a257-b6878647f1cf","ORNL_032.basePlot.bet","D07","ORNL","ORNL_032","S","2016-04-12","2016-04-26","2016-04-27","2016-05-24",,"ORNL_032.S.20160426","DcTblkLRhleXh9yrX2N7YEk4OxTYVbOA3obWlTMPjuo=","invert bycatch",,,,,,,,,,"NckVeUTSUP6LXotw5DdWvfxzK/VJHqS5",
"ad1559b7-c5fa-4c3a-b606-47eb31a604c2","ORNL_032.basePlot.bet","D07","ORNL","ORNL_032","W","2016-04-12","2016-04-26","2016-04-27","2016-05-24",,"ORNL_032.W.20160426","DcTblkLRhlcMHYnGBtTNzEhEsVPrajv7NcDFwEzvkKM=","invert bycatch",,,,,,,,,,"NckVeUTSUP6LXotw5DdWvfxzK/VJHqS5",
"a8c655e9-dfd4-4c53-9415-1e9f017def5a","ORNL_032.basePlot.bet","D07","ORNL","ORNL_032","N","2016-04-12","2016-04-26","2016-04-27","2016-05-24",,"ORNL_032.N.20160426","DcTblkLRhldkfEFR5ElpHDTaTGOvaz8FLpR5KqKvZFw=","invert bycatch",,,,,,,,,,"NckVeUTSUP6LXotw5DdWvfxzK/VJHqS5",
"a69e8e47-a9d2-4e79-b6fc-4dc11ce4d3f0","ORNL_003.basePlot.bet","D07","ORNL","ORNL_003","W","2016-04-12","2016-04-26","2016-04-27","2016-05-18",,"ORNL_003.W.20160426","952sL8sB3/gTFn9DMXctOF1La2FdmBU0e64nDQm/9nU=","invert bycatch",,,,,,,,,,"hMeIr0r1D+O0r0KddsZuUbKn5xsaChU1",
"35727ecc-318c-4027-9efd-539f546cd562","ORNL_003.basePlot.bet","D07","ORNL","ORNL_003","E","2016-04-12","2016-04-26","2016-04-27","2016-05-18",,"ORNL_003.E.20160426","952sL8sB3/gL8NoxjyEpjJZ+NbEXXhzNrtJ1W/iCP9E=","invert bycatch",,,,,,,,,,"hMeIr0r1D+O0r0KddsZuUbKn5xsaChU1",
"f3e0a3fd-4d9e-4fa0-9ea0-4692ce38f978","ORNL_003.basePlot.bet","D07","ORNL","ORNL_003","N","2016-04-12","2016-04-26","2016-04-27","2016-05-18",,"ORNL_003.N.20160426","952sL8sB3/gDwOwaqyWUuGfcaZiDztjkQC/BeP/cczo=","invert bycatch",,,,,,,,,,"hMeIr0r1D+O0r0KddsZuUbKn5xsaChU1",
"b1468613-7aff-4d1d-8be7-17039aeee5fd","ORNL_029.basePlot.bet","D07","ORNL","ORNL_029","N","2016-04-12","2016-04-26","2016-04-27","2016-05-19",,"ORNL_029.N.20160426","7LdWMHVTMyQRYRk3VzlIAxPl0ta/2PwJ0D+Q3P2NICs=","invert bycatch",,,,,,,,,,"hMeIr0r1D+O0r0KddsZuUbKn5xsaChU1",
"62ca8056-1fb1-4061-8a94-7c73ebbe3dd8","ORNL_029.basePlot.bet","D07","ORNL","ORNL_029","E","2016-04-12","2016-04-26","2016-04-27","2016-05-19",,"ORNL_029.E.20160426","7LdWMHVTMySbituYSS2qzVGJqhz09EHST/Aa7Oe6K34=","invert bycatch",,,,,,,,,,"hMeIr0r1D+O0r0KddsZuUbKn5xsaChU1",
"752956ef-b61b-48a3-845a-c8023ff08b6b","ORNL_003.basePlot.bet","D07","ORNL","ORNL_003","S","2016-04-12","2016-04-26","2016-04-27","2016-05-18",,"ORNL_003.S.20160426","952sL8sB3/i/BuvpX5+pAdI+O2HkzAzMOz77K7meOxo=","invert bycatch",,,,,,,,,,"hMeIr0r1D+O0r0KddsZuUbKn5xsaChU1",
"b207f8e9-5b47-48ae-bb11-5532976bed61","ORNL_029.basePlot.bet","D07","ORNL","ORNL_029","W","2016-04-12","2016-04-26","2016-04-27","2016-05-19",,"ORNL_029.W.20160426","7LdWMHVTMyTqHlRVBlQDX8X+s5KqCcXuZz6LMGQlbWs=","invert bycatch",,,,,,,,,,"hMeIr0r1D+O0r0KddsZuUbKn5xsaChU1",
"f9d4eb2c-2d6c-4f39-b4da-bf0303426def","ORNL_029.basePlot.bet","D07","ORNL","ORNL_029","S","2016-04-12","2016-04-26","2016-04-27","2016-05-19",,"ORNL_029.S.20160426","7LdWMHVTMySQS3tmhusc9wV9hBXQvX5sc7FEHMw3mOQ=","invert bycatch",,,,,,,,,,"hMeIr0r1D+O0r0KddsZuUbKn5xsaChU1",
"a831739d-f2c4-4a57-ae7d-5b5a5b7e5650","ORNL_004.basePlot.bet","D07","ORNL","ORNL_004","W","2016-04-12","2016-04-26","2016-04-27","2016-05-18",,"ORNL_004.W.20160426","qnVzy9oXbL0qUS2wZooi3awleQSiM9hfmgaBHgE8DdM=","invert bycatch",,,,,,,,,,"hMeIr0r1D+O0r0KddsZuUbKn5xsaChU1",
"4d767fc5-b651-45d6-8bd8-280adc1f9a13","ORNL_002.basePlot.bet","D07","ORNL","ORNL_002","W","2016-04-12","2016-04-26","2016-04-27","2016-09-08","2016-09-08","ORNL_002.W.20160426","FcwZvbWDjdgPnznj/VRiJ10ccGVaZklrAKi5L7XhAJY=","carabid","TRIAUT","Trichotichnus autumnalis","species",,"Say",,1,"Ciegler, J. C. 2000. Ground beetles and wrinkled bark beetles of South Carolina (Coleoptera: Geadephaga: Carabidae and Rhysodidae). Biota of South Carolina. Vol. 1. Clemson, S. Clemson University.","C/RpfPKb8HTaiQJE7Yod+06R2cjuJOBA","qUVO/nUAMfdJop3kv4Cvwz9twxCm+mTQqC6nCO2BLeA=",
"038c432f-1795-4453-ad51-4962b00fa151","ORNL_002.basePlot.bet","D07","ORNL","ORNL_002","W","2016-04-12","2016-04-26","2016-04-27","2016-05-24",,"ORNL_002.W.20160426","FcwZvbWDjdgPnznj/VRiJyBi2hwJgDdwWM5FhGWebVU=","invert bycatch",,,,,,,,,,"qUVO/nUAMfdJop3kv4Cvwz9twxCm+mTQqC6nCO2BLeA=",
"819b560a-d248-4822-8358-8153f9c42681","ORNL_002.basePlot.bet","D07","ORNL","ORNL_002","N","2016-04-12","2016-04-26","2016-04-27","2016-05-24",,"ORNL_002.N.20160426","FcwZvbWDjdh4gaIydInsZtdYsMzv+kzKJgT7IY54A8U=","invert bycatch",,,,,,,,,,"qUVO/nUAMfdJop3kv4Cvwz9twxCm+mTQqC6nCO2BLeA=",
"46f77dce-7160-46af-880b-29b5c46c09d7","ORNL_002.basePlot.bet","D07","ORNL","ORNL_002","E","2016-04-12","2016-04-26","2016-04-27","2016-05-24",,"ORNL_002.E.20160426","FcwZvbWDjdjrf4UNa2zrT0lP+P8zbOf8D16anjCCbqg=","invert bycatch",,,,,,,,,,"qUVO/nUAMfdJop3kv4Cvwz9twxCm+mTQqC6nCO2BLeA=",
"28cf9f2e-c716-4f65-bd99-c0e96db6ae4c","ORNL_002.basePlot.bet","D07","ORNL","ORNL_002","S","2016-04-12","2016-04-26","2016-04-27","2016-05-24",,"ORNL_002.S.20160426","FcwZvbWDjdiZOENX8biTkZbowBFDeZDphPliVJbTaVg=","invert bycatch",,,,,,,,,,"qUVO/nUAMfdJop3kv4Cvwz9twxCm+mTQqC6nCO2BLeA=",
"5c641929-7648-4b21-851c-b6afa153e0df","ORNL_031.basePlot.bet","D07","ORNL","ORNL_031","E","2016-04-12","2016-04-26","2016-04-27","2016-05-24",,"ORNL_031.E.20160426","G1V5MttZ4JIU2oox9sYkKEVXtAKgq4w9jHb2YLlbxVA=","invert bycatch",,,,,,,,,,"NckVeUTSUP6LXotw5DdWvfxzK/VJHqS5",
"0a2698a8-dd48-409f-988c-a290ed04c113","ORNL_027.basePlot.bet","D07","ORNL","ORNL_027","W","2016-04-12","2016-04-26","2016-04-27","2016-05-24",,"ORNL_027.W.20160426","di/gYcSB3uB3ooLgTxX6zqrjD7OkN8cyQWOlx8Lvp8s=","invert bycatch",,,,,,,,,,"NckVeUTSUP6LXotw5DdWvfxzK/VJHqS5",
"cfa56056-a762-4dfe-80c4-ff2206c5b241","ORNL_027.basePlot.bet","D07","ORNL","ORNL_027","N","2016-04-12","2016-04-26","2016-04-27","2016-05-24",,"ORNL_027.N.20160426","di/gYcSB3uA5TgFl4hm8P1Os/eOSAr0G96RdGtzdvlk=","invert bycatch",,,,,,,,,,"NckVeUTSUP6LXotw5DdWvfxzK/VJHqS5",
"ac1bf9df-16b1-4b38-829d-19bbecf0e93b","ORNL_027.basePlot.bet","D07","ORNL","ORNL_027","E","2016-04-12","2016-04-26","2016-04-27","2016-05-24",,"ORNL_027.E.20160426","di/gYcSB3uAv3mQDAiZcrQN2SNC7FVYk2t6a79mRFz4=","invert bycatch",,,,,,,,,,"NckVeUTSUP6LXotw5DdWvfxzK/VJHqS5",
"90551159-b99d-48e5-a617-7210015a90c6","ORNL_027.basePlot.bet","D07","ORNL","ORNL_027","S","2016-04-12","2016-04-26","2016-04-27","2016-05-24",,"ORNL_027.S.20160426","di/gYcSB3uCX/QMG51POLu7xHe1X6oxf5r5aXAEUQvM=","invert bycatch",,,,,,,,,,"NckVeUTSUP6LXotw5DdWvfxzK/VJHqS5",
"6d649056-cf9e-4b06-a9fd-0be04a06af12","ORNL_031.basePlot.bet","D07","ORNL","ORNL_031","W","2016-04-12","2016-04-26","2016-04-27","2016-05-24",,"ORNL_031.W.20160426","G1V5MttZ4JKLKv8XF1sjzRsc3U+O7LQYUbxlRIVP82s=","invert bycatch",,,,,,,,,,"NckVeUTSUP6LXotw5DdWvfxzK/VJHqS5",
"2ddd63bd-383a-44c3-9ce5-7cedc9862e09","ORNL_031.basePlot.bet","D07","ORNL","ORNL_031","W","2016-04-12","2016-04-26","2016-04-27","2016-05-24",,"ORNL_031.W.20160426","G1V5MttZ4JKLKv8XF1sjzRsc3U+O7LQY1J/PeDY2qS8=","invert bycatch",,,,,,,,,,"NckVeUTSUP6LXotw5DdWvfxzK/VJHqS5",
"1c0fe360-2ef4-442e-bf1e-89f7687cf7ba","ORNL_004.basePlot.bet","D07","ORNL","ORNL_004","N","2016-04-12","2016-04-26","2016-04-27","2016-05-18",,"ORNL_004.N.20160426","qnVzy9oXbL16fqio1xoDpF7jCkv7GjkPxmvFqeRjONo=","invert bycatch",,,,,,,,,,"hMeIr0r1D+O0r0KddsZuUbKn5xsaChU1",
"84e7bf18-82e9-453a-ad2c-3455ab15a5f2","ORNL_004.basePlot.bet","D07","ORNL","ORNL_004","S","2016-04-12","2016-04-26","2016-04-27","2016-05-18",,"ORNL_004.S.20160426","qnVzy9oXbL2HRCLLBW6XeMX0ARLD4G4bnJq53SJ0mnw=","invert bycatch",,,,,,,,,,"hMeIr0r1D+O0r0KddsZuUbKn5xsaChU1",
"b90e2a7d-5d88-4f03-9026-189287eea91a","ORNL_004.basePlot.bet","D07","ORNL","ORNL_004","E","2016-04-12","2016-04-26","2016-04-27","2016-05-18",,"ORNL_004.E.20160426","qnVzy9oXbL0rpOlbS3ysIF8mSMfyGAh+g9THhN1tZ00=","invert bycatch",,,,,,,,,,"hMeIr0r1D+O0r0KddsZuUbKn5xsaChU1",
"75f0cb4d-3df5-4e74-9e6a-15de356574eb","ORNL_001.basePlot.bet","D07","ORNL","ORNL_001","N","2016-04-12","2016-04-26","2016-04-27","2016-05-18",,"ORNL_001.N.20160426","1iGudFvILglFolq0mlYwNbgDlvobCV7uFnb90BHv15s=","invert bycatch",,,,,,,,,,"hMeIr0r1D+O0r0KddsZuUbKn5xsaChU1",
"703e8bd3-666e-4b2e-a43a-73d3df552d1b","ORNL_001.basePlot.bet","D07","ORNL","ORNL_001","W","2016-04-12","2016-04-26","2016-04-27","2016-05-18",,"ORNL_001.W.20160426","1iGudFvILglesTwChAua4MxThUDck4aRqSkTNTyjx7o=","invert bycatch",,,,,,,,,,"hMeIr0r1D+O0r0KddsZuUbKn5xsaChU1",
"c5b20d4c-4cb8-44a1-9caa-e77a7a514864","ORNL_021.basePlot.bet","D07","ORNL","ORNL_021","E","2016-04-12","2016-04-26","2016-04-27","2016-09-08","2016-09-08","ORNL_021.E.20160426","LlqcsvOjN4DzLTipACF9/5+7wiCbliWj6/D0kUhRrE0=","carabid","AMAIMP","Amara impuncticollis","species","cf. species","Say",,1,"Hieke, F. 1999. The Amara of the subgenus Reductocelia Lafer, 1989 (Coleoptera Carabidae Zabrini). Pages 333-362 in A. Zamotajlov and R. Sciaky, editors. Advances in Carabidology. MUISO Publishers.","C/RpfPKb8HTaiQJE7Yod+06R2cjuJOBA","hMeIr0r1D+O0r0KddsZuUbKn5xsaChU1",
