uid,namedLocation,domainID,siteID,plotID,trapID,setDate,collectDate,processingDate,etOHChangeDate,identifiedDate,sampleID,subsampleID,sampleType,taxonID,scientificName,taxonRank,identificationQualifier,scientificNameAuthorship,morphospeciesID,individualCount,identificationReferences,identifiedBy,recordedBy,remarks
"db83780f-3852-48ce-8cd1-ecf96404958c","KONZ_007.basePlot.bet","D06","KONZ","KONZ_007","E","2016-06-28","2016-07-12","2016-07-12","2016-07-13",,"KONZ_007.E.20160712","f11juJKcl7K2rjWX9na1O2VCgNX34eLpwsjBRON6UGw=","invert bycatch",,,,,,,,,,"UiQJ6NC02X5uZEcYqJAeU1eiGY+Ji5h+",
"f9f51c48-6c99-44f9-9317-5d4d2e59ce9c","KONZ_008.basePlot.bet","D06","KONZ","KONZ_008","E","2016-06-28","2016-07-12","2016-07-12","2016-07-13",,"KONZ_008.E.20160712","R/i9Sy8Frosif/ugitlydoFmBK2YvS/MlekG/ifBI4Q=","invert bycatch",,,,,,,,,,"BzXmPCNcOOHl9ws4JG7MP7BkkCvctwH+",
"8185a641-c109-4fdb-ac47-f33c6c20ac42","KONZ_001.basePlot.bet","D06","KONZ","KONZ_001","E","2016-06-28","2016-07-12","2016-07-12","2016-07-14",,"KONZ_001.E.20160712","HFNPNHS/o8WElxkLoZTBDnt0boWeHnyFQhtm3wkQXt8=","invert bycatch",,,,,,,,,,"lX3vzM5VjEiL5o0+CewjLCbxe6oT8o7B",
"24d9c216-8b3b-4ad3-865c-f5268571f1b3","KONZ_004.basePlot.bet","D06","KONZ","KONZ_004","E","2016-06-28","2016-07-12","2016-07-12","2016-07-13",,"KONZ_004.E.20160712","7tcdU9lcb1jAGZSb0tCo6jGVPcCtUKvS3ETQM3+pU2Q=","invert bycatch",,,,,,,,,,"BzXmPCNcOOHl9ws4JG7MP7BkkCvctwH+",
"316b9ed6-ac59-437b-871e-fde90dcf0d40","KONZ_025.basePlot.bet","D06","KONZ","KONZ_025","E","2016-06-28","2016-07-12","2016-07-12","2016-07-14",,"KONZ_025.E.20160712","dZsQaO9YC66NIg/Jy0UbcCcktoT+YoFDgAF44O1bkNM=","invert bycatch",,,,,,,,,,"BzXmPCNcOOHl9ws4JG7MP7BkkCvctwH+",
"40d93a68-fe45-4d7f-b6b5-5fb4a055f26c","KONZ_003.basePlot.bet","D06","KONZ","KONZ_003","E","2016-06-28","2016-07-12","2016-07-12","2016-07-13",,"KONZ_003.E.20160712","KsyoFpuhSbJP6E9i258fGDiPPDKVHBIXAwAbEmZsdT0=","invert bycatch",,,,,,,,,,"BzXmPCNcOOHl9ws4JG7MP7BkkCvctwH+",
"48a17fad-5f73-4878-b230-b5a5310a03d4","KONZ_009.basePlot.bet","D06","KONZ","KONZ_009","E","2016-06-28","2016-07-12","2016-07-12","2016-07-14",,"KONZ_009.E.20160712","80BkEGzwD8ZShCBUyfyr5bo17Y+3xGJVjGT0zTVzwx8=","invert bycatch",,,,,,,,,,"BzXmPCNcOOHl9ws4JG7MP7BkkCvctwH+",
"5868caa8-48ee-4bc4-80ed-26fa16535cf4","KONZ_005.basePlot.bet","D06","KONZ","KONZ_005","E","2016-06-28","2016-07-12","2016-07-12","2016-07-14",,"KONZ_005.E.20160712","sLTlFxIy7/jLbTGbAvjkGXxtawFXZgy0CNaxr6m8PWA=","invert bycatch",,,,,,,,,,"6pgJy9jRv9PHSDcoyJBm0rFfP22LwuLl",
"3ed64663-177b-4384-8e78-9b39de74f9c7","KONZ_002.basePlot.bet","D06","KONZ","KONZ_002","E","2016-06-28","2016-07-12","2016-07-12","2016-07-12",,"KONZ_002.E.20160712","hd4HYDqAwpLAqFrNmTvwrZWdA6IReEKlXJCo1Y9aILQ=","invert bycatch",,,,,,,,,,"29ijMy9MQrajCm2JLZzgC4i1O6XKx/yF",
"4a8b4e94-c7e4-4793-bbbf-c12279051100","KONZ_006.basePlot.bet","D06","KONZ","KONZ_006","E","2016-06-28","2016-07-12","2016-07-12","2016-07-13",,"KONZ_006.E.20160712","eO41eOee7ng0EfrC2t/zEht0t4Kv5910sWCP7qi7SLs=","invert bycatch",,,,,,,,,,"UiQJ6NC02X5uZEcYqJAeU1eiGY+Ji5h+",
"d2a38b83-d805-40a7-ba71-52a0307800ba","KONZ_007.basePlot.bet","D06","KONZ","KONZ_007","N","2016-06-28","2016-07-12","2016-07-12","2016-07-13",,"KONZ_007.N.20160712","f11juJKcl7K36KgbTWWIf7rgTliCSmbhN63CWZ0sUEc=","invert bycatch",,,,,,,,,,"UiQJ6NC02X5uZEcYqJAeU1eiGY+Ji5h+",
"4e5a60c7-1b59-4bbe-8e50-c8aab441b046","KONZ_008.basePlot.bet","D06","KONZ","KONZ_008","N","2016-06-28","2016-07-12","2016-07-12","2016-07-13",,"KONZ_008.N.20160712","R/i9Sy8FrotkJIl/Rb7+d1/7fzcawCn40Dy482BkFN8=","invert bycatch",,,,,,,,,,"BzXmPCNcOOHl9ws4JG7MP7BkkCvctwH+",
"8099f3f2-49d0-4375-ab9c-01e6afb572f4","KONZ_004.basePlot.bet","D06","KONZ","KONZ_004","N","2016-06-28","2016-07-12","2016-07-12","2016-07-13",,"KONZ_004.N.20160712","7tcdU9lcb1jWE2Q+/p6cJ3d9fWBvAnIEromGTzd1d3o=","invert bycatch",,,,,,,,,,"BzXmPCNcOOHl9ws4JG7MP7BkkCvctwH+",
"4d5abee2-a6ea-434b-b630-df2d7bc764fb","KONZ_001.basePlot.bet","D06","KONZ","KONZ_001","N","2016-06-28","2016-07-12","2016-07-12","2016-07-14",,"KONZ_001.N.20160712","HFNPNHS/o8VRvr50X8hpoZgtyufmBlxoXRvmH3Sn7ho=","invert bycatch",,,,,,,,,,"lX3vzM5VjEiL5o0+CewjLCbxe6oT8o7B",
"8462043d-a2d9-4143-b04d-8eaf82fd82ea","KONZ_025.basePlot.bet","D06","KONZ","KONZ_025","N","2016-06-28","2016-07-12","2016-07-12","2016-07-14",,"KONZ_025.N.20160712","dZsQaO9YC65q/Gpjlidq4Oh0AMGNXbPJlIkxtHibYdI=","invert bycatch",,,,,,,,,,"BzXmPCNcOOHl9ws4JG7MP7BkkCvctwH+",
"bad1ffc9-05f6-4b46-9817-bdb0d185a0f5","KONZ_003.basePlot.bet","D06","KONZ","KONZ_003","N","2016-06-28","2016-07-12","2016-07-12","2016-07-13",,"KONZ_003.N.20160712","KsyoFpuhSbKtrj4BRiKE+9RZ92+GgAU57nhWYvwLCTw=","invert bycatch",,,,,,,,,,"BzXmPCNcOOHl9ws4JG7MP7BkkCvctwH+",
"6164d52a-ff82-43c6-951c-224d8eef6037","KONZ_009.basePlot.bet","D06","KONZ","KONZ_009","N","2016-06-28","2016-07-12","2016-07-12","2016-07-14",,"KONZ_009.N.20160712","80BkEGzwD8bHR4sBHOE9ZMl3dHKF99X06GlHCA97wcU=","invert bycatch",,,,,,,,,,"BzXmPCNcOOHl9ws4JG7MP7BkkCvctwH+",
"001f15fe-1413-4f73-b161-aa9645fd9baa","KONZ_006.basePlot.bet","D06","KONZ","KONZ_006","N","2016-06-28","2016-07-12","2016-07-12","2016-07-13",,"KONZ_006.N.20160712","eO41eOee7niD58Hf/JmFEB049sLxdKV+Bx00vO2QMeI=","invert bycatch",,,,,,,,,,"UiQJ6NC02X5uZEcYqJAeU1eiGY+Ji5h+",
"8731adbe-39c8-4f0a-a74c-ca09bd002dcb","KONZ_005.basePlot.bet","D06","KONZ","KONZ_005","N","2016-06-28","2016-07-12","2016-07-12","2016-07-14",,"KONZ_005.N.20160712","sLTlFxIy7/gmdg2Ymg/YOSnS9u1EvZZ+6Rj9VsLuMsk=","invert bycatch",,,,,,,,,,"6pgJy9jRv9PHSDcoyJBm0rFfP22LwuLl",
"c6a11466-e2f9-4d4e-b4cf-0ba0d3a010bd","KONZ_002.basePlot.bet","D06","KONZ","KONZ_002","N","2016-06-28","2016-07-12","2016-07-12","2016-07-12",,"KONZ_002.N.20160712","hd4HYDqAwpJ6mfwmxi7cwjDozY2nL6Tt/ojbRyoR0PA=","invert bycatch",,,,,,,,,,"29ijMy9MQrajCm2JLZzgC4i1O6XKx/yF",
"14ceeaa7-9352-401f-8c6b-5f728fd03bb2","KONZ_009.basePlot.bet","D06","KONZ","KONZ_009","S","2016-06-28","2016-07-12","2016-07-12","2016-07-14",,"KONZ_009.S.20160712","80BkEGzwD8ZF9r/ZKWPKVJZfbEHppRWkZja6oMYwmHc=","invert bycatch",,,,,,,,,,"BzXmPCNcOOHl9ws4JG7MP7BkkCvctwH+",
"23401be1-1a5c-4510-a677-867402348a5f","KONZ_003.basePlot.bet","D06","KONZ","KONZ_003","S","2016-06-28","2016-07-12","2016-07-12","2016-07-13",,"KONZ_003.S.20160712","KsyoFpuhSbKj5TQ5oBLoGD0w+wxTCWyj9NCDqbVdikw=","invert bycatch",,,,,,,,,,"BzXmPCNcOOHl9ws4JG7MP7BkkCvctwH+",
"a3ed11ec-97ce-4280-a255-56447b9b812c","KONZ_005.basePlot.bet","D06","KONZ","KONZ_005","S","2016-06-28","2016-07-12","2016-07-12","2016-07-14",,"KONZ_005.S.20160712","sLTlFxIy7/hXnbwcUgfVTQoCqlb130BcZUGMyg0R+jg=","invert bycatch",,,,,,,,,,"6pgJy9jRv9PHSDcoyJBm0rFfP22LwuLl",
"2bb1930e-e026-421a-9aea-1cb60d3d2681","KONZ_007.basePlot.bet","D06","KONZ","KONZ_007","S","2016-06-28","2016-07-12","2016-07-12","2016-07-13",,"KONZ_007.S.20160712","f11juJKcl7KHNB1gO4IrncsjCjuJvB6BChFKtKijmu0=","invert bycatch",,,,,,,,,,"UiQJ6NC02X5uZEcYqJAeU1eiGY+Ji5h+",
"e90da757-d41f-4687-af68-f408da6f2bfb","KONZ_006.basePlot.bet","D06","KONZ","KONZ_006","S","2016-06-28","2016-07-12","2016-07-12","2016-07-13",,"KONZ_006.S.20160712","eO41eOee7ngmREzRW9dLnvCrSN9jqwv3suSn7SiDo74=","invert bycatch",,,,,,,,,,"UiQJ6NC02X5uZEcYqJAeU1eiGY+Ji5h+",
"6603ccca-40a1-444c-bb67-865d19a63e60","KONZ_002.basePlot.bet","D06","KONZ","KONZ_002","S","2016-06-28","2016-07-12","2016-07-12","2016-07-12",,"KONZ_002.S.20160712","hd4HYDqAwpLj6GAthBnf8d69PqSL/PMXskpPDBPRXww=","invert bycatch",,,,,,,,,,"29ijMy9MQrajCm2JLZzgC4i1O6XKx/yF",
"c7b1ff6d-b8ac-4217-b5a5-dd8c6f6ec0ee","KONZ_001.basePlot.bet","D06","KONZ","KONZ_001","S","2016-06-28","2016-07-12","2016-07-12","2016-07-14",,"KONZ_001.S.20160712","HFNPNHS/o8WyWC7ISgvbUBLRq6jLL4g+UdaTvmUAMrc=","invert bycatch",,,,,,,,,,"lX3vzM5VjEiL5o0+CewjLCbxe6oT8o7B",
"318ee7b6-4dd3-4f4a-97bb-7bfcaa71e27a","KONZ_008.basePlot.bet","D06","KONZ","KONZ_008","S","2016-06-28","2016-07-12","2016-07-12","2016-07-13",,"KONZ_008.S.20160712","R/i9Sy8FrosgkmaSpKB9HvSiMA8BrPVmE0VGj1wTkVk=","invert bycatch",,,,,,,,,,"BzXmPCNcOOHl9ws4JG7MP7BkkCvctwH+",
"7c591d1d-aba6-4018-b322-d5c832a5173e","KONZ_025.basePlot.bet","D06","KONZ","KONZ_025","S","2016-06-28","2016-07-12","2016-07-12","2016-07-14",,"KONZ_025.S.20160712","dZsQaO9YC65xNibcRgKj3EdtzlhtrnFDOfjLkAgMC7w=","invert bycatch",,,,,,,,,,"BzXmPCNcOOHl9ws4JG7MP7BkkCvctwH+",
"d4c81ad5-1b29-48e4-8815-9e638418542f","KONZ_004.basePlot.bet","D06","KONZ","KONZ_004","S","2016-06-28","2016-07-12","2016-07-12","2016-07-13",,"KONZ_004.S.20160712","7tcdU9lcb1ga545+lMWrBJT9C9qeV4ZYAu/Nf37B96A=","invert bycatch",,,,,,,,,,"BzXmPCNcOOHl9ws4JG7MP7BkkCvctwH+",
"a637d524-2684-480b-b26f-17a0825537bd","KONZ_002.basePlot.bet","D06","KONZ","KONZ_002","W","2016-06-28","2016-07-12","2016-07-12","2016-07-12",,"KONZ_002.W.20160712","hd4HYDqAwpJfhruSsLVnx7Ehifl3zjh1SE0NCYVZxmM=","invert bycatch",,,,,,,,,,"29ijMy9MQrajCm2JLZzgC4i1O6XKx/yF",
"5e55f89e-d52f-4f4d-9649-b0e834cfb423","KONZ_008.basePlot.bet","D06","KONZ","KONZ_008","W","2016-06-28","2016-07-12","2016-07-12","2016-07-13",,"KONZ_008.W.20160712","R/i9Sy8FrotzR8PtwxEv9nZJVjP0+e+IWc9DCq+gjm4=","invert bycatch",,,,,,,,,,"BzXmPCNcOOHl9ws4JG7MP7BkkCvctwH+",
"fee1388a-6f3f-4b9a-a41e-dddcc80b89d0","KONZ_004.basePlot.bet","D06","KONZ","KONZ_004","W","2016-06-28","2016-07-12","2016-07-12","2016-07-13",,"KONZ_004.W.20160712","7tcdU9lcb1gK9Zp2D4Uv5aE5Gxz58L3rDsSzsJ1aWQc=","invert bycatch",,,,,,,,,,"BzXmPCNcOOHl9ws4JG7MP7BkkCvctwH+",
"01b956d5-148a-403d-bad2-013693a82d3d","KONZ_001.basePlot.bet","D06","KONZ","KONZ_001","W","2016-06-28","2016-07-12","2016-07-12","2016-07-14",,"KONZ_001.W.20160712","HFNPNHS/o8VjXi+ctU1JJiOvZE+xiJkevQEghyWPyGQ=","invert bycatch",,,,,,,,,,"lX3vzM5VjEiL5o0+CewjLCbxe6oT8o7B",
"e2b46af5-5305-4df2-8c9c-8b35622a5b80","KONZ_025.basePlot.bet","D06","KONZ","KONZ_025","W","2016-06-28","2016-07-12","2016-07-12","2016-07-14",,"KONZ_025.W.20160712","dZsQaO9YC673CtL6nir5luf63fpKe4zbXx47CAaoEw4=","invert bycatch",,,,,,,,,,"BzXmPCNcOOHl9ws4JG7MP7BkkCvctwH+",
"dcdf353b-59f8-477f-81d4-ff53cf8213be","KONZ_003.basePlot.bet","D06","KONZ","KONZ_003","W","2016-06-28","2016-07-12","2016-07-12","2016-07-13",,"KONZ_003.W.20160712","KsyoFpuhSbJfIfEuDQ5fSYtqp46MJZM2ZioAZKEuLdI=","invert bycatch",,,,,,,,,,"BzXmPCNcOOHl9ws4JG7MP7BkkCvctwH+",
"67ca3e82-30c7-4f65-b613-ec9113654bd0","KONZ_009.basePlot.bet","D06","KONZ","KONZ_009","W","2016-06-28","2016-07-12","2016-07-12","2016-07-14",,"KONZ_009.W.20160712","80BkEGzwD8Z39vROhufPE5Gwp8pgLoW5HwciUXVrb+0=","invert bycatch",,,,,,,,,,"BzXmPCNcOOHl9ws4JG7MP7BkkCvctwH+",
"05bc76fd-ea1a-4c7f-b280-3f54ccdca419","KONZ_005.basePlot.bet","D06","KONZ","KONZ_005","W","2016-06-28","2016-07-12","2016-07-12","2016-07-14",,"KONZ_005.W.20160712","sLTlFxIy7/iT/88L1mf0W3CIMiobJs5vcQZbzTdSMYE=","invert bycatch",,,,,,,,,,"6pgJy9jRv9PHSDcoyJBm0rFfP22LwuLl",
"aba97a3e-d887-4de2-ab73-d5b4447c41c3","KONZ_006.basePlot.bet","D06","KONZ","KONZ_006","W","2016-06-28","2016-07-12","2016-07-12","2016-07-13",,"KONZ_006.W.20160712","eO41eOee7niQFWa+TVkkUJ4hEu8eb5L581edq4KgzfQ=","invert bycatch",,,,,,,,,,"UiQJ6NC02X5uZEcYqJAeU1eiGY+Ji5h+",
"6b690ec1-7187-4a16-81b4-56512c4cd5de","KONZ_007.basePlot.bet","D06","KONZ","KONZ_007","W","2016-06-28","2016-07-12","2016-07-12","2016-07-13",,"KONZ_007.W.20160712","f11juJKcl7Izs9UIU+LRShxkK9s7+1fvKA/SXzW/Vts=","invert bycatch",,,,,,,,,,"UiQJ6NC02X5uZEcYqJAeU1eiGY+Ji5h+",
"7b543b73-4d6a-4deb-8322-7c61b86c7789","KONZ_002.basePlot.bet","D06","KONZ","KONZ_002","E","2016-07-12","2016-07-26","2016-07-26","2016-07-26",,"KONZ_002.E.20160726","hd4HYDqAwpLAqFrNmTvwrQ798EV9vC8XSRhPZPTeqUU=","invert bycatch",,,,,,,,,,"CeevIf8NfrIuKdd8yks9CF2MxsBMId06",
"e61faafb-c174-44c8-9300-7597b64414a3","KONZ_006.basePlot.bet","D06","KONZ","KONZ_006","E","2016-07-12","2016-07-26","2016-07-26","2016-07-27",,"KONZ_006.E.20160726","eO41eOee7ng0EfrC2t/zEnVP7Kqb9yQvOkD12wedkjA=","invert bycatch",,,,,,,,,,"sYrV+BI+v9kHEwoFL57IDVz9AwQUWLqs",
"e8c855b0-b885-4d60-b311-f5253e22144b","KONZ_007.basePlot.bet","D06","KONZ","KONZ_007","W","2016-07-12","2016-07-26","2016-07-26","2016-07-27",,"KONZ_007.W.20160726","f11juJKcl7Izs9UIU+LRSkNK140bhsn7Oj8KYWjg+cI=","invert bycatch",,,,,,,,,,"CeevIf8NfrIuKdd8yks9CF2MxsBMId06",
"7f90877f-df08-4817-8be1-392f2a222efe","KONZ_008.basePlot.bet","D06","KONZ","KONZ_008","W","2016-07-12","2016-07-26","2016-07-26","2016-07-28",,"KONZ_008.W.20160726","R/i9Sy8FrotzR8PtwxEv9sy95CwFRlecAsZGZ6qmtEI=","invert bycatch",,,,,,,,,,"6pgJy9jRv9PHSDcoyJBm0rFfP22LwuLl",
"220a8702-5cb7-42f3-975c-08afcf8cd5f4","KONZ_001.basePlot.bet","D06","KONZ","KONZ_001","W","2016-07-12","2016-07-26","2016-07-26","2016-07-27",,"KONZ_001.W.20160726","HFNPNHS/o8VjXi+ctU1JJkOG94+iRg51i3E9NSMAzbU=","invert bycatch",,,,,,,,,,"29ijMy9MQrajCm2JLZzgC4i1O6XKx/yF",
"719562b9-ef07-46fe-845d-ecfc87f08f27","KONZ_004.basePlot.bet","D06","KONZ","KONZ_004","W","2016-07-12","2016-07-26","2016-07-26","2016-07-28",,"KONZ_004.W.20160726","7tcdU9lcb1gK9Zp2D4Uv5ZNyNAmPb02aWMF3zZJu5l8=","invert bycatch",,,,,,,,,,"vs1UuG9kapH8J0otLL0MR0IS/fjVsDuh",
"3b0b7d01-a4d0-443a-85ef-164c20671e1e","KONZ_025.basePlot.bet","D06","KONZ","KONZ_025","W","2016-07-12","2016-07-26","2016-07-26","2016-07-28",,"KONZ_025.W.20160726","dZsQaO9YC673CtL6nir5liFqsjzo9NKsA4Tp3ehS/oI=","invert bycatch",,,,,,,,,,"vs1UuG9kapH8J0otLL0MR0IS/fjVsDuh",
"f0df0af3-754a-4ce4-a723-2667e97ca442","KONZ_009.basePlot.bet","D06","KONZ","KONZ_009","W","2016-07-12","2016-07-26","2016-07-26","2016-07-28",,"KONZ_009.W.20160726","80BkEGzwD8Z39vROhufPE21SxOtdIazQweusKgVlj5o=","invert bycatch",,,,,,,,,,"6pgJy9jRv9PHSDcoyJBm0rFfP22LwuLl",
"ebebdef6-d9dd-4441-8c16-411820235291","KONZ_003.basePlot.bet","D06","KONZ","KONZ_003","W","2016-07-12","2016-07-26","2016-07-26","2016-07-28",,"KONZ_003.W.20160726","KsyoFpuhSbJfIfEuDQ5fSX4iYd2GdAFp56V/SIagijM=","invert bycatch",,,,,,,,,,"vs1UuG9kapH8J0otLL0MR0IS/fjVsDuh",
"ab06ec3d-9fc1-4fcd-b4ea-fd3eff6811ef","KONZ_005.basePlot.bet","D06","KONZ","KONZ_005","W","2016-07-12","2016-07-26","2016-07-26","2016-07-28",,"KONZ_005.W.20160726","sLTlFxIy7/iT/88L1mf0W4UZ1qyhEaDKFau8Zm0+qvU=","invert bycatch",,,,,,,,,,"6pgJy9jRv9PHSDcoyJBm0rFfP22LwuLl",
"12db5501-f523-44f4-a6ce-48677b6aba37","KONZ_006.basePlot.bet","D06","KONZ","KONZ_006","W","2016-07-12","2016-07-26","2016-07-26","2016-07-27",,"KONZ_006.W.20160726","eO41eOee7niQFWa+TVkkUAEdrFoM4OwgICG/Tmrgw5w=","invert bycatch",,,,,,,,,,"sYrV+BI+v9kHEwoFL57IDVz9AwQUWLqs",
"c974e260-8cd4-4956-b805-734b82c20e31","KONZ_002.basePlot.bet","D06","KONZ","KONZ_002","W","2016-07-12","2016-07-26","2016-07-26","2016-07-26",,"KONZ_002.W.20160726","hd4HYDqAwpJfhruSsLVnxybGYZuZo6wtMp9BDRObrGY=","invert bycatch",,,,,,,,,,"CeevIf8NfrIuKdd8yks9CF2MxsBMId06",
"ec3f25b9-0e6d-45f9-a7f9-6f8c83e5cc0e","KONZ_003.basePlot.bet","D06","KONZ","KONZ_003","S","2016-07-12","2016-07-26","2016-07-26","2016-07-28",,"KONZ_003.S.20160726","KsyoFpuhSbKj5TQ5oBLoGJ+ZwoMNfZPh+U1iRh6yj2U=","invert bycatch",,,,,,,,,,"vs1UuG9kapH8J0otLL0MR0IS/fjVsDuh",
"412040e4-cd9b-45e8-be8a-02582b0352d4","KONZ_005.basePlot.bet","D06","KONZ","KONZ_005","S","2016-07-12","2016-07-26","2016-07-26","2016-07-28",,"KONZ_005.S.20160726","sLTlFxIy7/hXnbwcUgfVTXNygX6D+/ZWySbjbflgwuw=","invert bycatch",,,,,,,,,,"6pgJy9jRv9PHSDcoyJBm0rFfP22LwuLl",
"8dc750e2-00ae-4f37-9058-f00fd1a93236","KONZ_006.basePlot.bet","D06","KONZ","KONZ_006","S","2016-07-12","2016-07-26","2016-07-26","2016-07-27",,"KONZ_006.S.20160726","eO41eOee7ngmREzRW9dLngAIWPISYhz+EAdJVUM3vBA=","invert bycatch",,,,,,,,,,"sYrV+BI+v9kHEwoFL57IDVz9AwQUWLqs",
"b069b43c-8f31-4628-9fd8-d96af3bf6941","KONZ_002.basePlot.bet","D06","KONZ","KONZ_002","S","2016-07-12","2016-07-26","2016-07-26","2016-07-26",,"KONZ_002.S.20160726","hd4HYDqAwpLj6GAthBnf8VPeecMmpz5IUjIpnSQ9n+A=","invert bycatch",,,,,,,,,,"CeevIf8NfrIuKdd8yks9CF2MxsBMId06",
"f72dd15f-39c9-44c3-9b8a-438f4c919934","KONZ_007.basePlot.bet","D06","KONZ","KONZ_007","S","2016-07-12","2016-07-26","2016-07-26","2016-07-27",,"KONZ_007.S.20160726","f11juJKcl7KHNB1gO4IrnfnKz0lZVOkOLPGRGZeUc50=","invert bycatch",,,,,,,,,,"CeevIf8NfrIuKdd8yks9CF2MxsBMId06",
"31eec1c0-6290-49c5-ba03-783d348bd023","KONZ_008.basePlot.bet","D06","KONZ","KONZ_008","S","2016-07-12","2016-07-26","2016-07-26","2016-07-28",,"KONZ_008.S.20160726","R/i9Sy8FrosgkmaSpKB9Huhgr1otNikc7J9RHKhb/LM=","invert bycatch",,,,,,,,,,"6pgJy9jRv9PHSDcoyJBm0rFfP22LwuLl",
"963c477f-049a-459a-a263-5a02d3a6fe23","KONZ_004.basePlot.bet","D06","KONZ","KONZ_004","S","2016-07-12","2016-07-26","2016-07-26","2016-07-28",,"KONZ_004.S.20160726","7tcdU9lcb1ga545+lMWrBPc6hER/5wDrDvBneloX3B0=","invert bycatch",,,,,,,,,,"vs1UuG9kapH8J0otLL0MR0IS/fjVsDuh",
"35c6138f-2b68-4c27-b8c4-8c90669af878","KONZ_001.basePlot.bet","D06","KONZ","KONZ_001","S","2016-07-12","2016-07-26","2016-07-26","2016-07-27",,"KONZ_001.S.20160726","HFNPNHS/o8WyWC7ISgvbUIVJr/C1LfVQ4QyAti7ZqKQ=","invert bycatch",,,,,,,,,,"29ijMy9MQrajCm2JLZzgC4i1O6XKx/yF",
"5fc8c9db-e68d-447d-9f23-e80e389f7e5a","KONZ_009.basePlot.bet","D06","KONZ","KONZ_009","S","2016-07-12","2016-07-26","2016-07-26","2016-07-28",,"KONZ_009.S.20160726","80BkEGzwD8ZF9r/ZKWPKVEz5uE9/F0X90/R4HFgoVrg=","invert bycatch",,,,,,,,,,"6pgJy9jRv9PHSDcoyJBm0rFfP22LwuLl",
"b1cf3eec-b9a4-43e2-9687-0825ebaf133b","KONZ_025.basePlot.bet","D06","KONZ","KONZ_025","S","2016-07-12","2016-07-26","2016-07-26","2016-07-28",,"KONZ_025.S.20160726","dZsQaO9YC65xNibcRgKj3JmjMa7md6T6GTW9UY6lldY=","invert bycatch",,,,,,,,,,"vs1UuG9kapH8J0otLL0MR0IS/fjVsDuh",
"710fba62-93b0-4737-a8e8-b1005e57c9b9","KONZ_005.basePlot.bet","D06","KONZ","KONZ_005","E","2016-07-12","2016-07-26","2016-07-26","2016-07-28",,"KONZ_005.E.20160726","sLTlFxIy7/jLbTGbAvjkGVClgNFJDYPoOO3ikuVcyPQ=","invert bycatch",,,,,,,,,,"6pgJy9jRv9PHSDcoyJBm0rFfP22LwuLl",
"6d391226-720f-4beb-a870-58c8a4cbaf54","KONZ_003.basePlot.bet","D06","KONZ","KONZ_003","E","2016-07-12","2016-07-26","2016-07-26","2016-07-28",,"KONZ_003.E.20160726","KsyoFpuhSbJP6E9i258fGHRYE49qoJfc3uyqIW624xg=","invert bycatch",,,,,,,,,,"vs1UuG9kapH8J0otLL0MR0IS/fjVsDuh",
"64d491f6-d281-435d-90d2-e7388c3adcb8","KONZ_009.basePlot.bet","D06","KONZ","KONZ_009","E","2016-07-12","2016-07-26","2016-07-26","2016-07-28",,"KONZ_009.E.20160726","80BkEGzwD8ZShCBUyfyr5TUth5R3TpUwyNemLc1Upx4=","invert bycatch",,,,,,,,,,"6pgJy9jRv9PHSDcoyJBm0rFfP22LwuLl",
"64c5e24b-5a2d-47bb-a6c2-e60cb42099a6","KONZ_025.basePlot.bet","D06","KONZ","KONZ_025","E","2016-07-12","2016-07-26","2016-07-26","2016-07-28",,"KONZ_025.E.20160726","dZsQaO9YC66NIg/Jy0UbcBFt11l1r6AWfMGsKB3GL7E=","invert bycatch",,,,,,,,,,"vs1UuG9kapH8J0otLL0MR0IS/fjVsDuh",
"d4631493-4587-43f9-9bad-ed0f7e68e345","KONZ_004.basePlot.bet","D06","KONZ","KONZ_004","E","2016-07-12","2016-07-26","2016-07-26","2016-07-28",,"KONZ_004.E.20160726","7tcdU9lcb1jAGZSb0tCo6j78L4If43mt91tpZyGe2A0=","invert bycatch",,,,,,,,,,"vs1UuG9kapH8J0otLL0MR0IS/fjVsDuh",
"0cbcba8b-4066-498a-a114-a11332cee9fc","KONZ_001.basePlot.bet","D06","KONZ","KONZ_001","E","2016-07-12","2016-07-26","2016-07-26","2016-07-27",,"KONZ_001.E.20160726","HFNPNHS/o8WElxkLoZTBDuiT88es1xVeLysMTadYjiI=","invert bycatch",,,,,,,,,,"29ijMy9MQrajCm2JLZzgC4i1O6XKx/yF",
"10098152-725a-4e1e-a323-fe1bbd66dc4b","KONZ_008.basePlot.bet","D06","KONZ","KONZ_008","E","2016-07-12","2016-07-26","2016-07-26","2016-07-28",,"KONZ_008.E.20160726","R/i9Sy8Frosif/ugitlydqyf2MpLqoEPfhNI28S18xk=","invert bycatch",,,,,,,,,,"6pgJy9jRv9PHSDcoyJBm0rFfP22LwuLl",
"fbb6953d-64b6-4ea3-84b0-db5e6bb3bed6","KONZ_007.basePlot.bet","D06","KONZ","KONZ_007","E","2016-07-12","2016-07-26","2016-07-26","2016-07-27",,"KONZ_007.E.20160726","f11juJKcl7K2rjWX9na1O3b1pLbXG6VFJNNanxV9L1c=","invert bycatch",,,,,,,,,,"CeevIf8NfrIuKdd8yks9CF2MxsBMId06",
"143d8c5a-0f29-41da-87ce-7109f747dd7c","KONZ_008.basePlot.bet","D06","KONZ","KONZ_008","N","2016-07-12","2016-07-26","2016-07-26","2016-07-28",,"KONZ_008.N.20160726","R/i9Sy8FrotkJIl/Rb7+d74n8wwry45AZLiB0scjOPE=","invert bycatch",,,,,,,,,,"6pgJy9jRv9PHSDcoyJBm0rFfP22LwuLl",
"1fb6a4a1-e03f-40ec-b859-cf4ad4e72e1e","KONZ_002.basePlot.bet","D06","KONZ","KONZ_002","N","2016-07-12","2016-07-26","2016-07-26","2016-07-26",,"KONZ_002.N.20160726","hd4HYDqAwpJ6mfwmxi7cwldT0fBL0pXRUx4U7rYDpBI=","invert bycatch",,,,,,,,,,"CeevIf8NfrIuKdd8yks9CF2MxsBMId06",
"9379a569-3031-49e6-859a-1f4ca1c730fe","KONZ_006.basePlot.bet","D06","KONZ","KONZ_006","N","2016-07-12","2016-07-26","2016-07-26","2016-07-27",,"KONZ_006.N.20160726","eO41eOee7niD58Hf/JmFEHaebQe7OehgMEh2RuISGZI=","invert bycatch",,,,,,,,,,"sYrV+BI+v9kHEwoFL57IDVz9AwQUWLqs",
"708c2ca1-b7eb-4639-a06f-e319ae0bb29c","KONZ_005.basePlot.bet","D06","KONZ","KONZ_005","N","2016-07-12","2016-07-26","2016-07-26","2016-07-28",,"KONZ_005.N.20160726","sLTlFxIy7/gmdg2Ymg/YOVSVqEclx1nZqDkeaSMFskY=","invert bycatch",,,,,,,,,,"6pgJy9jRv9PHSDcoyJBm0rFfP22LwuLl",
"dc85b6b9-4dbd-4711-8503-98bdc03aa7ce","KONZ_003.basePlot.bet","D06","KONZ","KONZ_003","N","2016-07-12","2016-07-26","2016-07-26","2016-07-28",,"KONZ_003.N.20160726","KsyoFpuhSbKtrj4BRiKE+1wz6/i2Kth2sSvZL2LF3LI=","invert bycatch",,,,,,,,,,"vs1UuG9kapH8J0otLL0MR0IS/fjVsDuh",
"449e394a-be73-4545-a076-4dcce9ddcbc1","KONZ_009.basePlot.bet","D06","KONZ","KONZ_009","N","2016-07-12","2016-07-26","2016-07-26","2016-07-28",,"KONZ_009.N.20160726","80BkEGzwD8bHR4sBHOE9ZKaM8S+prqug9sU+s5hkp7M=","invert bycatch",,,,,,,,,,"6pgJy9jRv9PHSDcoyJBm0rFfP22LwuLl",
"46bedec1-9581-4cca-a0c2-ac15ec0ea57a","KONZ_025.basePlot.bet","D06","KONZ","KONZ_025","N","2016-07-12","2016-07-26","2016-07-26","2016-07-28",,"KONZ_025.N.20160726","dZsQaO9YC65q/Gpjlidq4GPCCc7CfgLKGUU/PfUwHLs=","invert bycatch",,,,,,,,,,"vs1UuG9kapH8J0otLL0MR0IS/fjVsDuh",
"99bc3c42-e082-4b48-9b06-6fe4a2d7869e","KONZ_004.basePlot.bet","D06","KONZ","KONZ_004","N","2016-07-12","2016-07-26","2016-07-26","2016-07-28",,"KONZ_004.N.20160726","7tcdU9lcb1jWE2Q+/p6cJzsoYGvyXiXTayQPDdTa2Jc=","invert bycatch",,,,,,,,,,"vs1UuG9kapH8J0otLL0MR0IS/fjVsDuh",
"b7d14b19-b254-4bdd-83eb-2e3d85b45560","KONZ_001.basePlot.bet","D06","KONZ","KONZ_001","N","2016-07-12","2016-07-26","2016-07-26","2016-07-27",,"KONZ_001.N.20160726","HFNPNHS/o8VRvr50X8hpoQVfcY52MUUQ3Cmzqm5zvo8=","invert bycatch",,,,,,,,,,"29ijMy9MQrajCm2JLZzgC4i1O6XKx/yF",
"ca272453-ab56-4ae0-ae76-5305bb1bdd2f","KONZ_007.basePlot.bet","D06","KONZ","KONZ_007","N","2016-07-12","2016-07-26","2016-07-26","2016-07-27",,"KONZ_007.N.20160726","f11juJKcl7K36KgbTWWIf/5rc3G2Dx4I5DeiMjqZEQ4=","invert bycatch",,,,,,,,,,"CeevIf8NfrIuKdd8yks9CF2MxsBMId06",
