uid,namedLocation,domainID,siteID,plotID,setDate,collectDate,processingDate,subsampleIDList,archiveVialID,scientificName,recordedBy,remarks
"c00fed49-5853-4aa4-b469-f3fd91123126","KONZ_008.basePlot.bet","D06","KONZ","KONZ_008","2016-06-28","2016-07-12","2016-07-13","R/i9Sy8FrotkJIl/Rb7+d1/7fzcawCn4M910ze++uzH+rNQThLhGeJS/6Tdu3KIEURcd43jsb58HCzJHVGivBnZrePslsvDSgsIlfrGgOIZEmfDKtxkRKFcyvVAV573X6QwyvtPVL6k=","R/i9Sy8FrouAvFP5S08epcDjAGvDM3dt",,,
"813b0b32-97cf-403e-99df-49cdb201b3f7","KONZ_009.basePlot.bet","D06","KONZ","KONZ_009","2016-06-28","2016-07-12","2016-07-14","80BkEGzwD8ZShCBUyfyr5bo17Y+3xGJV4jGLO7cBOS53pwj5kSbA62O8qhV2LJ8XP/AD4GftyCaZTtmmBdAVBvoawkPLzA0XLhbYj3wMaYRDx0LPaWCyZxXSPpIMNpMyXtcJe1e+0qU=","80BkEGzwD8ZY5iXf1KaizVwZe/hd8ryp",,,
"b08f4cf3-8b14-44fb-84d7-a80006241ff3","KONZ_007.basePlot.bet","D06","KONZ","KONZ_007","2016-06-28","2016-07-12","2016-07-13","f11juJKcl7K36KgbTWWIf7rgTliCSmbhDl+4QtVAplNjrzuAJuYqnGD1HK9MB15j/ThT+Pny8AcAXFwtPM4/o0djgN3L5SZfV+xxfe7KG1Ler5iaPyUz9MWcr+A5RyO43Eu/KWRY1Xc=","f11juJKcl7JsrbTLzENqRoiGT1FPjXvF",,,
"b4b34e30-f9cf-4e8d-a7c3-d27fdb4f604e","KONZ_004.basePlot.bet","D06","KONZ","KONZ_004","2016-06-28","2016-07-12","2016-07-13","7tcdU9lcb1jWE2Q+/p6cJ3d9fWBvAnIEHIWg+GZvjjoa2vsOEMsdwoSUxXuUpkC6PCDw1EIUFsB2V19jtPICfNO/LRzdALVTIgxHxkuYmqL0VtLSk5wUqMiU6Gim4NoBeC1D3lf5d68=","7tcdU9lcb1itpfXLpukMl7z5z0u4+7s5",,,
"65109a6c-1d4c-40d3-a172-c9ef788c2545","KONZ_025.basePlot.bet","D06","KONZ","KONZ_025","2016-06-28","2016-07-12","2016-07-14","dZsQaO9YC65q/Gpjlidq4Oh0AMGNXbPJ29T3/MbrmdbMmclMV+guWB5bysgj+LC7zHkHuFpfJl/q1mk8LUR9X8KP61wgmQIcWSqD9u1mKfg/yx4oJ7oFrxd0wqHPMioEyc/mz8Z1Xpg=","dZsQaO9YC64wZh3d1swjOIPJXbuUQt1v",,,
"f785dc4f-54da-4a06-94b5-291c599e2c45","KONZ_006.basePlot.bet","D06","KONZ","KONZ_006","2016-06-28","2016-07-12","2016-07-13","eO41eOee7niD58Hf/JmFEB049sLxdKV+H8PVXFdFwM0wkxxj95PN4St9S+llZQ1I1qQrln1vKMNUZSM7enJcbqVr2lyJqgdp6sgr7aMKBJClUb49yREtrsemLqPdTMyM/7M0rO+yLnU=","eO41eOee7nhR2bq+WrbSzk7Ga+Br+vej",,,
"7399fef7-fff4-4b6c-92e2-e0345a60add1","KONZ_002.basePlot.bet","D06","KONZ","KONZ_002","2016-06-28","2016-07-12","2016-07-12","hd4HYDqAwpLj6GAthBnf8d69PqSL/PMXD+/0U1KKf8Feb0jkdFow3XHRdoCbvVtXQSoyLi23CJjacAoVAufjE4uwNrDr0zE9tPWFIrKr1hAwn7BwrhJMq+NJ7gugBbsOxGBgCcdQkZo=","hd4HYDqAwpJ+d/S9mNpaCtlAYl2xvqx3",,,
"5a3b564f-db37-49e1-bc60-931baee21a19","KONZ_001.basePlot.bet","D06","KONZ","KONZ_001","2016-06-28","2016-07-12","2016-07-14","HFNPNHS/o8VRvr50X8hpoZgtyufmBlxo81QDm/2962mr5vvSpqsY5+Ud8vCr78tmMF/OCWrYg1E1Soh0X6xS01Be73IBLmeJsE2vdi3YzwE=","HFNPNHS/o8X+haWFthSXGxTjYIrgeWe4",,,
"87d35a01-9c46-4333-8f8a-277c1d50c589","KONZ_003.basePlot.bet","D06","KONZ","KONZ_003","2016-06-28","2016-07-12","2016-07-13","KsyoFpuhSbKj5TQ5oBLoGD0w+wxTCWyjgs7fVJN9bwtSNSIaUntfdeVZSruugqf/YzFDRO6jSpKd7YdDLzjVks/aUnb1nkKf6DA5hk8I8LLf+wvzy12v2aoKQFbWFJm6KgpMzSDvJVo=","KsyoFpuhSbIS0ENZbfSHSsmbkh2g3NXT",,,
"a9a7d657-f7bb-4517-b10c-20d3cb603126","KONZ_005.basePlot.bet","D06","KONZ","KONZ_005","2016-06-28","2016-07-12","2016-07-14","sLTlFxIy7/gmdg2Ymg/YOSnS9u1EvZZ+hGjFvgMw9K2AMLTPUWoWBKjOYgXzDj3LQPXx76sT6PnkZI0614QL/3Cg707ceN2HaY00p157Aa8EyXuJEoZ6IMX8VoCUlj0sjnep8vr5jIQ=","sLTlFxIy7/gyM5zjiq7Tl0nU4vLPUEdL",,,
"8a8ac7c1-2733-4028-a586-ed428dfc16d0","KONZ_008.basePlot.bet","D06","KONZ","KONZ_008","2016-07-12","2016-07-26","2016-07-28","R/i9Sy8FrotzR8PtwxEv9sy95CwFRlecsvXejrnWpYbwfVVrv5dW4XYgDRE5wmG8/G6IlugdNHzZYDcD75qcUvPwOV7vrpZHfbZ+IDc9ZaCdBZkJwo0D914sDQsHwSbOQzlZl97jfH8=","R/i9Sy8Frov/Ctjf/t2fDZpK/zs0Dw6B",,,
"fc8a4f9a-c1bb-468f-949e-73e7c0f16408","KONZ_007.basePlot.bet","D06","KONZ","KONZ_007","2016-07-12","2016-07-26","2016-07-27","f11juJKcl7K2rjWX9na1O3b1pLbXG6VFyY5pQXgNNlH69G2dxmJzaQyuqMeYeTkNtxTFOZJYjjd2bcCEzE2Ga8Vn7J64+8yAgFVW/u8e+zyU7QofKoQ8cq3Rx5yISwh0XDEsMjsDZLw=","f11juJKcl7J9Atdh5Qo3oBRhZKiN/cpQ",,,
"c470c119-44ee-42e1-972e-0cfc6fb98037","KONZ_005.basePlot.bet","D06","KONZ","KONZ_005","2016-07-12","2016-07-26","2016-07-28","sLTlFxIy7/hXnbwcUgfVTXNygX6D+/ZWlD70blFcujR9rCCbcUoK1L+tcR/T2cF9rXDxkd5NdCc=","sLTlFxIy7/hzUSVbQfX5buygI6CAd/uj",,,
"5e5ef2df-08ec-493e-b862-8caa87a071da","KONZ_006.basePlot.bet","D06","KONZ","KONZ_006","2016-07-12","2016-07-26","2016-07-27","eO41eOee7ng0EfrC2t/zEnVP7Kqb9yQvEBL+JB5yaJz+9KaUSEtpxKrSLm2Fts6z2Mb+YPOyr1QVHixZuu2eDjV5bbkC/mx+tAsBFv73DYYk2msNhi9G+3fs500O2t/gpD9ln0iKtbc=","eO41eOee7niFn1QS/7GG9c5usgBFxuWJ",,,
"2d18e2e0-8c3a-40d8-93ec-35c31578bc6b","KONZ_004.basePlot.bet","D06","KONZ","KONZ_004","2016-07-12","2016-07-26","2016-07-28","7tcdU9lcb1jWE2Q+/p6cJzsoYGvyXiXTh4j97RukShl+C7ZcBrlVrQqBLnypHmeN13rr1UcqHqICvC+fgkWSLkkG+HP5kFazTofnxz3hsohojYvy1KR2epY67HNFxXYafTRcaz1VkJ8=","7tcdU9lcb1haxuoQ6Sdu3eq1C7vieLZN",,,
"36eb9ccc-856c-47bb-8485-5cd21a34131b","KONZ_005.basePlot.bet","D06","KONZ","KONZ_005","2016-07-12","2016-07-26","2016-07-28","sLTlFxIy7/iT/88L1mf0W4UZ1qyhEaDK2KlyQj2ND16myur0rCgitryC33myUL0RDoX+9dCsMFA=","sLTlFxIy7/hzUSVbQfX5brqbcct1g8ID",,,
"20b15142-bbb6-4762-88f5-cdbb5e0531b8","KONZ_002.basePlot.bet","D06","KONZ","KONZ_002","2016-07-12","2016-07-26","2016-07-26","hd4HYDqAwpLj6GAthBnf8VPeecMmpz5IjM0aSRBNbHCbNFjqhyQUBWxC+3jUjkEZ26axLmIshn1vX35K7ySHsqh2jaUhHDAXarEwp9TqyjIFFnY+2CmROC5pHitl7j9yMSdza0g7Ob4=","hd4HYDqAwpKvanodcsycp7f+eGdIeBsX",,,
"0cc63444-f08d-464b-b409-c0d144bec537","KONZ_003.basePlot.bet","D06","KONZ","KONZ_003","2016-07-12","2016-07-26","2016-07-28","KsyoFpuhSbJfIfEuDQ5fSX4iYd2GdAFpLwarGyc+75YdUWvjShmqrorZASS5xSmueJkRKVDoN98jDQ3rP0Q/QGaG7wg8XQkCKpcCagq/sJgoCiYnL6cUGUi8nNrrf4yFjpNpZJvzLII=","KsyoFpuhSbKb8PGu29cVWNUHWQhRTDkE",,,
"34753664-51d4-47d8-b406-b5722e344ac4","KONZ_001.basePlot.bet","D06","KONZ","KONZ_001","2016-07-12","2016-07-26","2016-07-27","HFNPNHS/o8VRvr50X8hpoQVfcY52MUUQxU5C1Gcs9B5FV3z7m5xq8NBMlF8xKl173eTzSJwC/8zXiOaTc1zC5zgQe4PVRPkg+EQ1x6Q1wDjd8AVNndjgb34O6B0+p67LHYfBGTKAhZI=","HFNPNHS/o8VCAH8D3rGTDKSc7dJH/Ajz",,,
"ca22c3b8-5959-4b6e-87ef-f4e7ce653899","KONZ_009.basePlot.bet","D06","KONZ","KONZ_009","2016-07-12","2016-07-26","2016-07-28","80BkEGzwD8Z39vROhufPE21SxOtdIazQR33Fgi3hwHdHoRmfob4nBd7nPGTquHNjyMDBIJJvUDnZfksfzEuFtXeXMb0Fngj4b7PGVkWhenXhgg8RJimCjoN5Jx9LC1puwCms+6e0yxk=","80BkEGzwD8bHUegbJd5IJeqjBOLSfsIg",,,
"049c4514-4e6c-4d5f-89e8-2196522b177e","KONZ_025.basePlot.bet","D06","KONZ","KONZ_025","2016-07-12","2016-07-26","2016-07-28","dZsQaO9YC673CtL6nir5liFqsjzo9NKscAAT+YvlmuqTOSKvzTg98LrjyhMmUwZriUbt/G7VnPy3JWEtC5cclxJYk8VUY4+PrXXdArS7b5eUoshnbpvlRFCli8DuNiDjJzPCIWoDmVI=","dZsQaO9YC67GdqohAxGuTt9kIE7lcKlP",,,
