uid,namedLocation,domainID,siteID,plotID,setDate,collectDate,identifiedDate,individualID,taxonID,kingdom,phylum,class,order,family,subfamily,tribe,genus,subgenus,specificEpithet,infraspecificEpithet,scientificName,scientificNameAuthorship,taxonRank,identificationQualifier,sex,morphospeciesID,identificationReferences,identifiedBy,laboratoryName,identificationRemarks,sampleCondition,dnaBarcoded,geneticSampleID,remarks
"7fb99c21-a4f5-4cd7-bf9c-de059558cef0","CPER_005.basePlot.bet","D10","CPER","CPER_005","2014-05-22","2014-06-05","2017-01-15","NEON.BET.D10.001108","DYSTEN","Animalia","Arthropoda","Insecta","Coleoptera","Carabidae","Scaritinae","Dyschiriini","Dyschirius","Eudyschirius","tenuispinus",,"Dyschirius tenuispinus","Lindroth","species",,"F",,"Bousquet, Y. 1988. Dyschirius of America North of Mexico - Descriptions of New Species with Keys to Species Groups and Species (Coleoptera, Carabidae). Canadian Entomologist 120:361-387.","Kipling Will","Essig Museum of Entomology",,"No known compromise","N",,
"6773559b-440f-4f04-af2c-a98a15e08951","CPER_010.basePlot.bet","D10","CPER","CPER_010","2014-05-22","2014-06-05","2017-01-15","NEON.BET.D10.001107","PIOSET","Animalia","Arthropoda","Insecta","Coleoptera","Carabidae","Harpalinae","Harpalini","Piosoma",,"setosum",,"Piosoma setosum","LeConte","species",,"F",,"Lindroth, C. H. 1969. The ground-beetles (Carabidae, excl. Cicindelinae) of Canada and Alaska, parts 1-6. Opuscula E. Entomoligiska Sallskapet.","Kipling Will","Essig Museum of Entomology",,"No known compromise","N",,
"4f8ef4d8-4b5d-4019-929d-320dd28b9530","CPER_004.basePlot.bet","D10","CPER","CPER_004","2014-05-22","2014-06-05","2017-01-15","NEON.BET.D10.001102","HARDES","Animalia","Arthropoda","Insecta","Coleoptera","Carabidae","Harpalinae","Harpalini","Harpalus","Opadius","desertus",,"Harpalus desertus","LeConte","species",,"F",,"Noonan, G. R. 1991. Classification, Cladistics, and Natural History of Native North American Harpalus Latreille (Insecta: Coleoptera: Carabidae: Harpalini), excluding subgenera Glanodes and Pseudophonus.","Kipling Will","Essig Museum of Entomology",,"No known compromise","N",,
"0005f862-3f13-4817-8e98-493fd126bbae","CPER_004.basePlot.bet","D10","CPER","CPER_004","2014-05-22","2014-06-05","2017-01-15","NEON.BET.D10.001098","SELPLA","Animalia","Arthropoda","Insecta","Coleoptera","Carabidae","Harpalinae","Harpalini","Selenophorus","Selenophorus","planipennis",,"Selenophorus planipennis","LeConte","species",,"M",,"Lindroth, C. H. 1969. The ground-beetles (Carabidae, excl. Cicindelinae) of Canada and Alaska, parts 1-6. Opuscula E. Entomoligiska Sallskapet.","Kipling Will","Essig Museum of Entomology",,"No known compromise","N",,
"323eb130-e9a7-4672-90ee-b2a2ca617edb","CPER_004.basePlot.bet","D10","CPER","CPER_004","2014-05-22","2014-06-05","2017-01-15","NEON.BET.D10.001097","SELPLA","Animalia","Arthropoda","Insecta","Coleoptera","Carabidae","Harpalinae","Harpalini","Selenophorus","Selenophorus","planipennis",,"Selenophorus planipennis","LeConte","species",,"M",,"Lindroth, C. H. 1969. The ground-beetles (Carabidae, excl. Cicindelinae) of Canada and Alaska, parts 1-6. Opuscula E. Entomoligiska Sallskapet.","Kipling Will","Essig Museum of Entomology",,"No known compromise","N",,
"813a09db-670d-4340-8cc1-77a40d59a10f","CPER_004.basePlot.bet","D10","CPER","CPER_004","2014-05-22","2014-06-05","2017-01-15","NEON.BET.D10.001100","DISPAR1","Animalia","Arthropoda","Insecta","Coleoptera","Carabidae","Harpalinae","Harpalini","Discoderus",,"parallelus",,"Discoderus parallelus","Haldeman","species",,"F",,"Lindroth, C. H. 1969. The ground-beetles (Carabidae, excl. Cicindelinae) of Canada and Alaska, parts 1-6. Opuscula E. Entomoligiska Sallskapet.","Kipling Will","Essig Museum of Entomology",,"No known compromise","N",,
"bfcbf730-b4e8-453e-bebb-6a649753afde","CPER_004.basePlot.bet","D10","CPER","CPER_004","2014-05-22","2014-06-05","2017-01-15","NEON.BET.D10.001103","AMASP11","Animalia","Arthropoda","Insecta","Coleoptera","Carabidae","Harpalinae","Zabrini","Amara",,"sp.",,"Amara sp.","Bonelli","genus",,"F","TKW.2017.MorphC",,"Kipling Will","Essig Museum of Entomology",,"No known compromise","N",,
"39a8d14e-5d97-45f2-9902-ad71e25fc230","CPER_004.basePlot.bet","D10","CPER","CPER_004","2014-05-22","2014-06-05","2017-01-15","NEON.BET.D10.001105","HARDES","Animalia","Arthropoda","Insecta","Coleoptera","Carabidae","Harpalinae","Harpalini","Harpalus","Opadius","desertus",,"Harpalus desertus","LeConte","species",,"M",,"Noonan, G. R. 1991. Classification, Cladistics, and Natural History of Native North American Harpalus Latreille (Insecta: Coleoptera: Carabidae: Harpalini), excluding subgenera Glanodes and Pseudophonus.","Kipling Will","Essig Museum of Entomology",,"No known compromise","N",,
"c3e007b6-1bd0-4b29-b556-c34745345dd2","CPER_004.basePlot.bet","D10","CPER","CPER_004","2014-05-22","2014-06-05","2017-01-15","NEON.BET.D10.001099","PASELO","Animalia","Arthropoda","Insecta","Coleoptera","Carabidae","Scaritinae","Pasimachini","Pasimachus","Pasimachus","elongatus",,"Pasimachus elongatus","LeConte","species",,"M",,"Banninger, M. 1950. The subtribe Pasimachina (Coleoptera, Carabidae, Scaritini). Revista de Entomologica 21:481-511.","Kipling Will","Essig Museum of Entomology",,"No known compromise","N",,
"f6bc1ec7-0457-4942-887d-11dd18f2821c","CPER_004.basePlot.bet","D10","CPER","CPER_004","2014-05-22","2014-06-05","2017-01-15","NEON.BET.D10.001104","SELPLA","Animalia","Arthropoda","Insecta","Coleoptera","Carabidae","Harpalinae","Harpalini","Selenophorus","Selenophorus","planipennis",,"Selenophorus planipennis","LeConte","species",,"F",,"Lindroth, C. H. 1969. The ground-beetles (Carabidae, excl. Cicindelinae) of Canada and Alaska, parts 1-6. Opuscula E. Entomoligiska Sallskapet.","Kipling Will","Essig Museum of Entomology",,"No known compromise","N",,
"0502fdfd-60cf-43b7-9f8f-554bd131b67a","CPER_004.basePlot.bet","D10","CPER","CPER_004","2014-05-22","2014-06-05","2017-01-15","NEON.BET.D10.001101","HARELL","Animalia","Arthropoda","Insecta","Coleoptera","Carabidae","Harpalinae","Harpalini","Harpalus","Harpalus","ellipsis",,"Harpalus ellipsis","LeConte","species",,"M",,"Noonan, G. R. 1991. Classification, Cladistics, and Natural History of Native North American Harpalus Latreille (Insecta: Coleoptera: Carabidae: Harpalini), excluding subgenera Glanodes and Pseudophonus.","Kipling Will","Essig Museum of Entomology",,"No known compromise","N",,
"3444a0eb-288a-4df7-8da8-39a83e9368dd","CPER_004.basePlot.bet","D10","CPER","CPER_004","2014-05-22","2014-06-05","2017-01-15","NEON.BET.D10.001095","AMACON3","Animalia","Arthropoda","Insecta","Coleoptera","Carabidae","Harpalinae","Zabrini","Amara","Amara","convexa",,"Amara convexa","LeConte","species",,"M",,"Lindroth, C. H. 1969. The ground-beetles (Carabidae, excl. Cicindelinae) of Canada and Alaska, parts 1-6. Opuscula E. Entomoligiska Sallskapet.","Kipling Will","Essig Museum of Entomology",,"No known compromise","N",,
"72ff1a10-c92a-4c90-9c79-1fa8b139a342","CPER_003.basePlot.bet","D10","CPER","CPER_003","2014-05-22","2014-06-05","2017-01-15","NEON.BET.D10.001119","HARDES","Animalia","Arthropoda","Insecta","Coleoptera","Carabidae","Harpalinae","Harpalini","Harpalus","Opadius","desertus",,"Harpalus desertus","LeConte","species",,"F",,"Noonan, G. R. 1991. Classification, Cladistics, and Natural History of Native North American Harpalus Latreille (Insecta: Coleoptera: Carabidae: Harpalini), excluding subgenera Glanodes and Pseudophonus.","Kipling Will","Essig Museum of Entomology",,"No known compromise","N",,
"3ba26d6c-1b51-4bf8-8e52-960acce9855b","CPER_004.basePlot.bet","D10","CPER","CPER_004","2014-05-22","2014-06-05","2017-01-15","NEON.BET.D10.001096","SELPLA","Animalia","Arthropoda","Insecta","Coleoptera","Carabidae","Harpalinae","Harpalini","Selenophorus","Selenophorus","planipennis",,"Selenophorus planipennis","LeConte","species",,"M",,"Lindroth, C. H. 1969. The ground-beetles (Carabidae, excl. Cicindelinae) of Canada and Alaska, parts 1-6. Opuscula E. Entomoligiska Sallskapet.","Kipling Will","Essig Museum of Entomology",,"No known compromise","N",,
"fd525d41-fa5f-4e09-8f44-c91aff048523","CPER_003.basePlot.bet","D10","CPER","CPER_003","2014-05-22","2014-06-05","2017-01-15","NEON.BET.D10.001117","SELPLA","Animalia","Arthropoda","Insecta","Coleoptera","Carabidae","Harpalinae","Harpalini","Selenophorus","Selenophorus","planipennis",,"Selenophorus planipennis","LeConte","species",,"F",,"Lindroth, C. H. 1969. The ground-beetles (Carabidae, excl. Cicindelinae) of Canada and Alaska, parts 1-6. Opuscula E. Entomoligiska Sallskapet.","Kipling Will","Essig Museum of Entomology",,"No known compromise","N",,
"bc73f83a-2950-4020-a202-daad2c9d34f5","CPER_003.basePlot.bet","D10","CPER","CPER_003","2014-05-22","2014-06-05","2017-01-15","NEON.BET.D10.001110","AMAQUE","Animalia","Arthropoda","Insecta","Coleoptera","Carabidae","Harpalinae","Zabrini","Amara","Paracelia","quenseli","quenseli","Amara quenseli quenseli","Schonherr","subspecies",,"M",,"Lindroth, C. H. 1969. The ground-beetles (Carabidae, excl. Cicindelinae) of Canada and Alaska, parts 1-6. Opuscula E. Entomoligiska Sallskapet.","Kipling Will","Essig Museum of Entomology",,"No known compromise","N",,
"ed1e7bcc-7dc6-405c-a33d-f2c157b9da5b","CPER_003.basePlot.bet","D10","CPER","CPER_003","2014-05-22","2014-06-05","2017-01-15","NEON.BET.D10.001112","AMACON3","Animalia","Arthropoda","Insecta","Coleoptera","Carabidae","Harpalinae","Zabrini","Amara","Amara","convexa",,"Amara convexa","LeConte","species",,"F",,"Lindroth, C. H. 1969. The ground-beetles (Carabidae, excl. Cicindelinae) of Canada and Alaska, parts 1-6. Opuscula E. Entomoligiska Sallskapet.","Kipling Will","Essig Museum of Entomology",,"No known compromise","N",,
"38ef5cd4-2929-42d1-9817-65fbf3a0f00b","CPER_003.basePlot.bet","D10","CPER","CPER_003","2014-05-22","2014-06-05","2017-01-15","NEON.BET.D10.001113","HARDES","Animalia","Arthropoda","Insecta","Coleoptera","Carabidae","Harpalinae","Harpalini","Harpalus","Opadius","desertus",,"Harpalus desertus","LeConte","species",,"F",,"Noonan, G. R. 1991. Classification, Cladistics, and Natural History of Native North American Harpalus Latreille (Insecta: Coleoptera: Carabidae: Harpalini), excluding subgenera Glanodes and Pseudophonus.","Kipling Will","Essig Museum of Entomology",,"No known compromise","N",,
"3ff491ee-bc4e-4240-858d-da0fcefd7d79","CPER_003.basePlot.bet","D10","CPER","CPER_003","2014-05-22","2014-06-05","2017-01-15","NEON.BET.D10.001116","SELPLA","Animalia","Arthropoda","Insecta","Coleoptera","Carabidae","Harpalinae","Harpalini","Selenophorus","Selenophorus","planipennis",,"Selenophorus planipennis","LeConte","species",,"M",,"Lindroth, C. H. 1969. The ground-beetles (Carabidae, excl. Cicindelinae) of Canada and Alaska, parts 1-6. Opuscula E. Entomoligiska Sallskapet.","Kipling Will","Essig Museum of Entomology",,"No known compromise","N",,
"b98803da-a18b-450e-a090-bc1293964087","CPER_003.basePlot.bet","D10","CPER","CPER_003","2014-05-22","2014-06-05","2017-01-15","NEON.BET.D10.001111","AMACON3","Animalia","Arthropoda","Insecta","Coleoptera","Carabidae","Harpalinae","Zabrini","Amara","Amara","convexa",,"Amara convexa","LeConte","species",,"M",,"Lindroth, C. H. 1969. The ground-beetles (Carabidae, excl. Cicindelinae) of Canada and Alaska, parts 1-6. Opuscula E. Entomoligiska Sallskapet.","Kipling Will","Essig Museum of Entomology",,"No known compromise","N",,
"b66e6f0f-37b2-40ac-a90b-dd5eb9d35686","CPER_003.basePlot.bet","D10","CPER","CPER_003","2014-05-22","2014-06-05","2017-01-15","NEON.BET.D10.001118","SELPLA","Animalia","Arthropoda","Insecta","Coleoptera","Carabidae","Harpalinae","Harpalini","Selenophorus","Selenophorus","planipennis",,"Selenophorus planipennis","LeConte","species",,"F",,"Lindroth, C. H. 1969. The ground-beetles (Carabidae, excl. Cicindelinae) of Canada and Alaska, parts 1-6. Opuscula E. Entomoligiska Sallskapet.","Kipling Will","Essig Museum of Entomology",,"No known compromise","N",,
"edcc3ddb-ab97-4d55-9a4c-4f783ffad578","CPER_005.basePlot.bet","D10","CPER","CPER_005","2014-05-22","2014-06-05","2017-01-15","NEON.BET.D10.001121","AMACON3","Animalia","Arthropoda","Insecta","Coleoptera","Carabidae","Harpalinae","Zabrini","Amara","Amara","convexa",,"Amara convexa","LeConte","species",,"F",,"Lindroth, C. H. 1969. The ground-beetles (Carabidae, excl. Cicindelinae) of Canada and Alaska, parts 1-6. Opuscula E. Entomoligiska Sallskapet.","Kipling Will","Essig Museum of Entomology",,"No known compromise","N",,
"4b5dafd9-cfe3-4f36-a3fd-016e8b3f63b2","CPER_005.basePlot.bet","D10","CPER","CPER_005","2014-05-22","2014-06-05","2017-01-15","NEON.BET.D10.001120","AMACON3","Animalia","Arthropoda","Insecta","Coleoptera","Carabidae","Harpalinae","Zabrini","Amara","Amara","convexa",,"Amara convexa","LeConte","species",,"F",,"Lindroth, C. H. 1969. The ground-beetles (Carabidae, excl. Cicindelinae) of Canada and Alaska, parts 1-6. Opuscula E. Entomoligiska Sallskapet.","Kipling Will","Essig Museum of Entomology",,"No known compromise","N",,
"508cfce0-1cb5-4e28-9694-aa68589670f7","CPER_002.basePlot.bet","D10","CPER","CPER_002","2014-05-22","2014-06-05","2017-01-15","NEON.BET.D10.001114","SELPLA","Animalia","Arthropoda","Insecta","Coleoptera","Carabidae","Harpalinae","Harpalini","Selenophorus","Selenophorus","planipennis",,"Selenophorus planipennis","LeConte","species",,"F",,"Lindroth, C. H. 1969. The ground-beetles (Carabidae, excl. Cicindelinae) of Canada and Alaska, parts 1-6. Opuscula E. Entomoligiska Sallskapet.","Kipling Will","Essig Museum of Entomology",,"No known compromise","N",,
"fcaeb27a-e71a-467a-80ad-62d805cf5649","CPER_005.basePlot.bet","D10","CPER","CPER_005","2014-05-22","2014-06-05","2017-01-15","NEON.BET.D10.001122","AMACON3","Animalia","Arthropoda","Insecta","Coleoptera","Carabidae","Harpalinae","Zabrini","Amara","Amara","convexa",,"Amara convexa","LeConte","species",,"M",,"Lindroth, C. H. 1969. The ground-beetles (Carabidae, excl. Cicindelinae) of Canada and Alaska, parts 1-6. Opuscula E. Entomoligiska Sallskapet.","Kipling Will","Essig Museum of Entomology",,"No known compromise","N",,
"03281649-4e5d-4566-ad3e-2248e780965a","CPER_003.basePlot.bet","D10","CPER","CPER_003","2014-05-22","2014-06-05","2017-01-15","NEON.BET.D10.001109","PASELO","Animalia","Arthropoda","Insecta","Coleoptera","Carabidae","Scaritinae","Pasimachini","Pasimachus","Pasimachus","elongatus",,"Pasimachus elongatus","LeConte","species",,"M",,"Banninger, M. 1950. The subtribe Pasimachina (Coleoptera, Carabidae, Scaritini). Revista de Entomologica 21:481-511.","Kipling Will","Essig Museum of Entomology",,"No known compromise","N",,
"984f85fb-22de-4a41-9ada-e8197d09c8f9","CPER_005.basePlot.bet","D10","CPER","CPER_005","2014-06-05","2014-06-19","2017-01-15","NEON.BET.D10.001244","SELPLA","Animalia","Arthropoda","Insecta","Coleoptera","Carabidae","Harpalinae","Harpalini","Selenophorus","Selenophorus","planipennis",,"Selenophorus planipennis","LeConte","species",,"F",,"Lindroth, C. H. 1969. The ground-beetles (Carabidae, excl. Cicindelinae) of Canada and Alaska, parts 1-6. Opuscula E. Entomoligiska Sallskapet.","Kipling Will","Essig Museum of Entomology",,"No known compromise","N",,
"715a8bf8-4e74-439a-812a-8643246cbbc9","CPER_002.basePlot.bet","D10","CPER","CPER_002","2014-06-05","2014-06-19","2017-01-15","NEON.BET.D10.001240","SELPLA","Animalia","Arthropoda","Insecta","Coleoptera","Carabidae","Harpalinae","Harpalini","Selenophorus","Selenophorus","planipennis",,"Selenophorus planipennis","LeConte","species",,"F",,"Lindroth, C. H. 1969. The ground-beetles (Carabidae, excl. Cicindelinae) of Canada and Alaska, parts 1-6. Opuscula E. Entomoligiska Sallskapet.","Kipling Will","Essig Museum of Entomology",,"No known compromise","N",,
"c332baf2-ccb8-4bcf-ad19-0db3ab0cfbbf","CPER_005.basePlot.bet","D10","CPER","CPER_005","2014-06-05","2014-06-19","2017-01-15","NEON.BET.D10.001245","AMACON3","Animalia","Arthropoda","Insecta","Coleoptera","Carabidae","Harpalinae","Zabrini","Amara","Amara","convexa",,"Amara convexa","LeConte","species",,"M",,"Lindroth, C. H. 1969. The ground-beetles (Carabidae, excl. Cicindelinae) of Canada and Alaska, parts 1-6. Opuscula E. Entomoligiska Sallskapet.","Kipling Will","Essig Museum of Entomology",,"No known compromise","N",,
"c05459e4-d33d-4029-96d3-bcd6445ffb32","CPER_005.basePlot.bet","D10","CPER","CPER_005","2014-06-05","2014-06-19","2017-01-15","NEON.BET.D10.001248","AMACON3","Animalia","Arthropoda","Insecta","Coleoptera","Carabidae","Harpalinae","Zabrini","Amara","Amara","convexa",,"Amara convexa","LeConte","species",,"F",,"Lindroth, C. H. 1969. The ground-beetles (Carabidae, excl. Cicindelinae) of Canada and Alaska, parts 1-6. Opuscula E. Entomoligiska Sallskapet.","Kipling Will","Essig Museum of Entomology",,"No known compromise","N",,
"c35cb2c5-c39d-4bb5-ae8c-0e3ca85eec7d","CPER_005.basePlot.bet","D10","CPER","CPER_005","2014-06-05","2014-06-19","2017-01-15","NEON.BET.D10.001243","AMAQUE","Animalia","Arthropoda","Insecta","Coleoptera","Carabidae","Harpalinae","Zabrini","Amara","Paracelia","quenseli","quenseli","Amara quenseli quenseli","Schonherr","subspecies",,"F",,"Lindroth, C. H. 1969. The ground-beetles (Carabidae, excl. Cicindelinae) of Canada and Alaska, parts 1-6. Opuscula E. Entomoligiska Sallskapet.","Kipling Will","Essig Museum of Entomology",,"No known compromise","N",,
"600a0a15-040f-456d-a3ab-c3bb48dfec08","CPER_005.basePlot.bet","D10","CPER","CPER_005","2014-06-05","2014-06-19","2017-01-15","NEON.BET.D10.001246","AMACON3","Animalia","Arthropoda","Insecta","Coleoptera","Carabidae","Harpalinae","Zabrini","Amara","Amara","convexa",,"Amara convexa","LeConte","species",,"M",,"Lindroth, C. H. 1969. The ground-beetles (Carabidae, excl. Cicindelinae) of Canada and Alaska, parts 1-6. Opuscula E. Entomoligiska Sallskapet.","Kipling Will","Essig Museum of Entomology",,"No known compromise","N",,
"565e9bba-6a6f-4d42-afec-ba5c445c8278","CPER_003.basePlot.bet","D10","CPER","CPER_003","2014-06-05","2014-06-19","2017-01-15","NEON.BET.D10.001252","SELPLA","Animalia","Arthropoda","Insecta","Coleoptera","Carabidae","Harpalinae","Harpalini","Selenophorus","Selenophorus","planipennis",,"Selenophorus planipennis","LeConte","species",,"F",,"Lindroth, C. H. 1969. The ground-beetles (Carabidae, excl. Cicindelinae) of Canada and Alaska, parts 1-6. Opuscula E. Entomoligiska Sallskapet.","Kipling Will","Essig Museum of Entomology",,"No known compromise","N",,
"bd759fdf-2e43-4257-bc0a-dfc88aa87010","CPER_007.basePlot.bet","D10","CPER","CPER_007","2014-06-05","2014-06-19","2017-01-15","NEON.BET.D10.001238","PASELO","Animalia","Arthropoda","Insecta","Coleoptera","Carabidae","Scaritinae","Pasimachini","Pasimachus","Pasimachus","elongatus",,"Pasimachus elongatus","LeConte","species",,"F",,"Banninger, M. 1950. The subtribe Pasimachina (Coleoptera, Carabidae, Scaritini). Revista de Entomologica 21:481-511.","Kipling Will","Essig Museum of Entomology",,"No known compromise","N",,
"e64be62e-e154-4423-be10-89e69f758161","CPER_004.basePlot.bet","D10","CPER","CPER_004","2014-06-05","2014-06-19","2017-01-15","NEON.BET.D10.001239","EURGRO","Animalia","Arthropoda","Insecta","Coleoptera","Carabidae","Harpalinae","Harpalini","Euryderus",,"grossus",,"Euryderus grossus","Say","species",,"U",,"Lindroth, C. H. 1969. The ground-beetles (Carabidae, excl. Cicindelinae) of Canada and Alaska, parts 1-6. Opuscula E. Entomoligiska Sallskapet.","Kipling Will","Essig Museum of Entomology",,"No known compromise","N",,
"f5bc19cc-4e49-47ac-955d-0b5c5fe11371","CPER_006.basePlot.bet","D10","CPER","CPER_006","2014-06-05","2014-06-19","2017-01-15","NEON.BET.D10.001234","PASELO","Animalia","Arthropoda","Insecta","Coleoptera","Carabidae","Scaritinae","Pasimachini","Pasimachus","Pasimachus","elongatus",,"Pasimachus elongatus","LeConte","species",,"F",,"Banninger, M. 1950. The subtribe Pasimachina (Coleoptera, Carabidae, Scaritini). Revista de Entomologica 21:481-511.","Kipling Will","Essig Museum of Entomology",,"No known compromise","N",,
"c0512d99-5d7e-4465-9c15-d9aca04157b7","CPER_007.basePlot.bet","D10","CPER","CPER_007","2014-06-05","2014-06-19","2017-01-15","NEON.BET.D10.001237","EURGRO","Animalia","Arthropoda","Insecta","Coleoptera","Carabidae","Harpalinae","Harpalini","Euryderus",,"grossus",,"Euryderus grossus","Say","species",,"U",,"Lindroth, C. H. 1969. The ground-beetles (Carabidae, excl. Cicindelinae) of Canada and Alaska, parts 1-6. Opuscula E. Entomoligiska Sallskapet.","Kipling Will","Essig Museum of Entomology",,"No known compromise","N",,
"70cd1ffb-3a3c-42c6-974e-531bacadad59","CPER_009.basePlot.bet","D10","CPER","CPER_009","2014-06-05","2014-06-19","2017-01-15","NEON.BET.D10.001251","HARDES","Animalia","Arthropoda","Insecta","Coleoptera","Carabidae","Harpalinae","Harpalini","Harpalus","Opadius","desertus",,"Harpalus desertus","LeConte","species",,"F",,"Noonan, G. R. 1991. Classification, Cladistics, and Natural History of Native North American Harpalus Latreille (Insecta: Coleoptera: Carabidae: Harpalini), excluding subgenera Glanodes and Pseudophonus.","Kipling Will","Essig Museum of Entomology",,"No known compromise","N",,
"9c2bb91a-393d-4851-a83b-d71a278bbb3d","CPER_007.basePlot.bet","D10","CPER","CPER_007","2014-06-05","2014-06-19","2017-01-15","NEON.BET.D10.001236","PASELO","Animalia","Arthropoda","Insecta","Coleoptera","Carabidae","Scaritinae","Pasimachini","Pasimachus","Pasimachus","elongatus",,"Pasimachus elongatus","LeConte","species",,"M",,"Banninger, M. 1950. The subtribe Pasimachina (Coleoptera, Carabidae, Scaritini). Revista de Entomologica 21:481-511.","Kipling Will","Essig Museum of Entomology",,"No known compromise","N",,
"27b732d3-69bf-46a9-bb6e-5245d54b3927","CPER_009.basePlot.bet","D10","CPER","CPER_009","2014-06-05","2014-06-19","2017-01-15","NEON.BET.D10.001250","SELPLA","Animalia","Arthropoda","Insecta","Coleoptera","Carabidae","Harpalinae","Harpalini","Selenophorus","Selenophorus","planipennis",,"Selenophorus planipennis","LeConte","species",,"F",,"Lindroth, C. H. 1969. The ground-beetles (Carabidae, excl. Cicindelinae) of Canada and Alaska, parts 1-6. Opuscula E. Entomoligiska Sallskapet.","Kipling Will","Essig Museum of Entomology",,"No known compromise","N",,
"56f00fdf-d58d-4347-8f67-a58924d8d224","CPER_008.basePlot.bet","D10","CPER","CPER_008","2014-06-05","2014-06-19","2017-01-15","NEON.BET.D10.001249","DISPAR1","Animalia","Arthropoda","Insecta","Coleoptera","Carabidae","Harpalinae","Harpalini","Discoderus",,"parallelus",,"Discoderus parallelus","Haldeman","species",,"M",,"Lindroth, C. H. 1969. The ground-beetles (Carabidae, excl. Cicindelinae) of Canada and Alaska, parts 1-6. Opuscula E. Entomoligiska Sallskapet.","Kipling Will","Essig Museum of Entomology",,"No known compromise","N",,
"e613fe6f-a612-4775-a1b5-149a33ecbf63","CPER_006.basePlot.bet","D10","CPER","CPER_006","2014-06-05","2014-06-19","2017-01-15","NEON.BET.D10.001235","SELPLA","Animalia","Arthropoda","Insecta","Coleoptera","Carabidae","Harpalinae","Harpalini","Selenophorus","Selenophorus","planipennis",,"Selenophorus planipennis","LeConte","species",,"F",,"Lindroth, C. H. 1969. The ground-beetles (Carabidae, excl. Cicindelinae) of Canada and Alaska, parts 1-6. Opuscula E. Entomoligiska Sallskapet.","Kipling Will","Essig Museum of Entomology",,"No known compromise","N",,
"5e141d4b-59a9-400f-b7b3-46b5ebb64351","CPER_010.basePlot.bet","D10","CPER","CPER_010","2014-06-05","2014-06-19","2017-01-15","NEON.BET.D10.001254","MICLIN2","Animalia","Arthropoda","Insecta","Coleoptera","Carabidae","Harpalinae","Lebiini","Microlestes",,"linearis",,"Microlestes linearis","LeConte","species",,"F",,"Lindroth, C. H. 1969. The ground-beetles (Carabidae, excl. Cicindelinae) of Canada and Alaska, parts 1-6. Opuscula E. Entomoligiska Sallskapet.","Kipling Will","Essig Museum of Entomology",,"No known compromise","N",,
"8f1f284a-5e83-4f48-b95a-66e52cba05fe","CPER_010.basePlot.bet","D10","CPER","CPER_010","2014-06-05","2014-06-19","2017-01-15","NEON.BET.D10.001253","HARDES","Animalia","Arthropoda","Insecta","Coleoptera","Carabidae","Harpalinae","Harpalini","Harpalus","Opadius","desertus",,"Harpalus desertus","LeConte","species",,"M",,"Noonan, G. R. 1991. Classification, Cladistics, and Natural History of Native North American Harpalus Latreille (Insecta: Coleoptera: Carabidae: Harpalini), excluding subgenera Glanodes and Pseudophonus.","Kipling Will","Essig Museum of Entomology",,"No known compromise","N",,
"cb447196-c414-44a6-a093-b3f86cb79ec1","CPER_002.basePlot.bet","D10","CPER","CPER_002","2014-06-05","2014-06-19","2017-01-15","NEON.BET.D10.001242","SELPLA","Animalia","Arthropoda","Insecta","Coleoptera","Carabidae","Harpalinae","Harpalini","Selenophorus","Selenophorus","planipennis",,"Selenophorus planipennis","LeConte","species",,"F",,"Lindroth, C. H. 1969. The ground-beetles (Carabidae, excl. Cicindelinae) of Canada and Alaska, parts 1-6. Opuscula E. Entomoligiska Sallskapet.","Kipling Will","Essig Museum of Entomology",,"No known compromise","N",,
"1bcfec29-6f1d-40ab-9f4d-933f44df4a8e","CPER_002.basePlot.bet","D10","CPER","CPER_002","2014-06-05","2014-06-19","2017-01-15","NEON.BET.D10.001241","SELPLA","Animalia","Arthropoda","Insecta","Coleoptera","Carabidae","Harpalinae","Harpalini","Selenophorus","Selenophorus","planipennis",,"Selenophorus planipennis","LeConte","species",,"F",,"Lindroth, C. H. 1969. The ground-beetles (Carabidae, excl. Cicindelinae) of Canada and Alaska, parts 1-6. Opuscula E. Entomoligiska Sallskapet.","Kipling Will","Essig Museum of Entomology",,"No known compromise","N",,
"5fd56d2c-ef4d-47ed-a341-bca7c810ab53","CPER_005.basePlot.bet","D10","CPER","CPER_005","2014-06-05","2014-06-19","2017-01-15","NEON.BET.D10.001247","AMACON3","Animalia","Arthropoda","Insecta","Coleoptera","Carabidae","Harpalinae","Zabrini","Amara","Amara","convexa",,"Amara convexa","LeConte","species",,"F",,"Lindroth, C. H. 1969. The ground-beetles (Carabidae, excl. Cicindelinae) of Canada and Alaska, parts 1-6. Opuscula E. Entomoligiska Sallskapet.","Kipling Will","Essig Museum of Entomology",,"No known compromise","N",,
