uid,namedLocation,domainID,siteID,plotID,trapID,setDate,collectDate,processingDate,identifiedDate,subsampleID,individualID,taxonID,scientificName,taxonRank,identificationQualifier,scientificNameAuthorship,morphospeciesID,identificationReferences,totalLength,identifiedBy,recordedBy,remarks
"71da7b11-39a3-412d-9911-6dc8c246de88","UKFS_008.basePlot.bet","D06","UKFS","UKFS_008","E","2015-07-28","2015-08-11","2015-09-30","2015-09-30","5GU/wTV57IUADZuiX4ZHqcUuAExMMAdZlCBVqHVQFO8=","NEON.BET.D06.000483","CARSP14","Carabidae sp.","family",,"Latreille","D06.2015.MorphA","Other",,"77todYjt/jkEGWUHO3SI0BRlGpUHn9Xh","77todYjt/jkEGWUHO3SI0BRlGpUHn9Xh","Dicaelus with wavy elytra pattern. All black."
"eaf5f56d-5899-4b44-973e-97794685f826","UKFS_005.basePlot.bet","D06","UKFS","UKFS_005","E","2015-07-28","2015-08-11","2015-09-30","2015-09-30","U/hiAoS2t8wcH1I0HKSVBUNivmeXrupf3EJdKtEI5Qo=","NEON.BET.D06.000466","CARSP14","Carabidae sp.","family",,"Latreille","D06.2015.MorphB","Other",,"77todYjt/jkEGWUHO3SI0BRlGpUHn9Xh","77todYjt/jkEGWUHO3SI0BRlGpUHn9Xh","Cyclotrachelus sp. Black oval pronotum. Notches on the posterolateral angles."
"0f55b93d-468d-43ad-8bd8-1d182de5e9e3","UKFS_009.basePlot.bet","D06","UKFS","UKFS_009","E","2015-07-28","2015-08-11","2015-09-30","2015-09-30","MMz820nXMkl9BrpXOPF+VFZdtJ2WivYSM9jArMAKCA8=","NEON.BET.D06.000488","CARSP14","Carabidae sp.","family",,"Latreille","D06.2015.MorphG","Other",,"77todYjt/jkEGWUHO3SI0BRlGpUHn9Xh","77todYjt/jkEGWUHO3SI0BRlGpUHn9Xh","Metallic green big headed tiger beetle. Megacephala sp."
"bdaedadc-6fd6-4cda-9dfa-4751526b7a42","UKFS_010.basePlot.bet","D06","UKFS","UKFS_010","E","2015-07-28","2015-08-11","2015-09-30","2015-09-30","26ylXNgyPLyROz6pS2nu9cCHPc4kHGrPuliK5x3eHEE=","NEON.BET.D06.000473","BRAALT","Brachinus alternans","species",,"Dejean",,"Other",,"/sVzRO01Fu+91IQNMsKeUEFazyktd0rY","77todYjt/jkEGWUHO3SI0BRlGpUHn9Xh",
"1be4b67f-2d11-46c8-b2df-d230817229f1","UKFS_006.basePlot.bet","D06","UKFS","UKFS_006","E","2015-07-28","2015-08-11","2015-09-30","2015-09-28","B2YMmw2rf0dJ+PFjWSEvBU8A7LExrAN9kHIlzRzgrak=","NEON.BET.D06.000334","GALATR","Galerita atripes","species",,"LeConte",,"Other",,"77todYjt/jkEGWUHO3SI0BRlGpUHn9Xh","77todYjt/jkEGWUHO3SI0BRlGpUHn9Xh",
"5b2991d9-0c34-4ef2-ac18-deaaa3e2b934","UKFS_006.basePlot.bet","D06","UKFS","UKFS_006","E","2015-07-28","2015-08-11","2015-09-30","2015-09-29","B2YMmw2rf0dJ+PFjWSEvBU8A7LExrAN9kHIlzRzgrak=","NEON.BET.D06.000333","GALATR","Galerita atripes","species",,"LeConte",,"Other",,"77todYjt/jkEGWUHO3SI0BRlGpUHn9Xh","77todYjt/jkEGWUHO3SI0BRlGpUHn9Xh",
"63c91630-9f5e-4f39-a6ab-11dc81e5d679","UKFS_001.basePlot.bet","D06","UKFS","UKFS_001","E","2015-07-28","2015-08-11","2015-09-30","2015-09-30","W8lw52JMhqCf3upy0dCzjTAS+5ve6fy4D0IDwCqNh/k=","NEON.BET.D06.000135","CARSP14","Carabidae sp.","family",,"Latreille","D06.2015.MorphB","Other",,"77todYjt/jkEGWUHO3SI0BRlGpUHn9Xh","77todYjt/jkEGWUHO3SI0BRlGpUHn9Xh","Cyclotrachelus sp. Black oval pronotum. Notches on the posterolateral angles."
"e22daca1-7bd7-47fb-9f12-d0377c949e64","UKFS_001.basePlot.bet","D06","UKFS","UKFS_001","E","2015-07-28","2015-08-11","2015-09-30","2015-09-30","W8lw52JMhqCf3upy0dCzjTAS+5ve6fy4D0IDwCqNh/k=","NEON.BET.D06.000136","CARSP14","Carabidae sp.","family",,"Latreille","D06.2015.MorphA","Other",,"77todYjt/jkEGWUHO3SI0BRlGpUHn9Xh","77todYjt/jkEGWUHO3SI0BRlGpUHn9Xh","Dicaelus with wavy elytra pattern. All black."
"f0651524-233f-4cc3-a24f-8d3d24e107b5","UKFS_001.basePlot.bet","D06","UKFS","UKFS_001","E","2015-07-28","2015-08-11","2015-09-30","2015-09-30","W8lw52JMhqCf3upy0dCzjTJrJRKACbudTSVC8B0Vo5I=","NEON.BET.D06.000137","DICFUR","Dicaelus furvus","species",,"Dejean",,"Other",,"77todYjt/jkEGWUHO3SI0BRlGpUHn9Xh","77todYjt/jkEGWUHO3SI0BRlGpUHn9Xh",
"9f839942-18c2-497c-8330-ee0a4f44a414","UKFS_001.basePlot.bet","D06","UKFS","UKFS_001","N","2015-07-28","2015-08-11","2015-09-30","2015-09-30","W8lw52JMhqCv0mgp+Tx3Kd9HBYE9luevMfF+yEK09Rs=","NEON.BET.D06.000487","CARSP14","Carabidae sp.","family",,"Latreille","D06.2015.MorphB","Other",,"77todYjt/jkEGWUHO3SI0BRlGpUHn9Xh","77todYjt/jkEGWUHO3SI0BRlGpUHn9Xh","Cyclotrachelus sp. Black oval pronotum. Notches on the posterolateral angles."
"1753a0bf-eb4e-4e14-b6f9-829a0c1f547e","UKFS_003.basePlot.bet","D06","UKFS","UKFS_003","N","2015-07-28","2015-08-11","2015-09-30","2015-09-30","Vl3mTlloYQRW5CGpwBn0g8YVehcakSIcATQI+V6Uk1w=","NEON.BET.D06.000465","CARSP14","Carabidae sp.","family",,"Latreille","D06.2015.MorphC","Other",,"77todYjt/jkEGWUHO3SI0BRlGpUHn9Xh","77todYjt/jkEGWUHO3SI0BRlGpUHn9Xh","Lime green and bronze, metallic, medium size."
"03b270a6-136c-4d72-a3eb-dac9f97d56d3","UKFS_006.basePlot.bet","D06","UKFS","UKFS_006","N","2015-07-28","2015-08-11","2015-09-30","2015-09-29","B2YMmw2rf0fo8U6L7B9sNIFlxLBAQIW1/iumHyl/eKk=","NEON.BET.D06.000347","BRAALT","Brachinus alternans","species",,"Dejean",,"Other",,"77todYjt/jkEGWUHO3SI0BRlGpUHn9Xh","77todYjt/jkEGWUHO3SI0BRlGpUHn9Xh",
"9c8db47f-6576-485f-aee3-850ba4756e68","UKFS_008.basePlot.bet","D06","UKFS","UKFS_008","N","2015-07-28","2015-08-11","2015-09-30","2015-09-29","5GU/wTV57IXAqJ6T3+RdvT+/4JDFOrUqu1TVBNZxXgc=","NEON.BET.D06.000352","GALATR","Galerita atripes","species",,"LeConte",,"Other",,"77todYjt/jkEGWUHO3SI0BRlGpUHn9Xh","77todYjt/jkEGWUHO3SI0BRlGpUHn9Xh",
"6a061935-f3d9-4044-beec-a8857cacaefa","UKFS_006.basePlot.bet","D06","UKFS","UKFS_006","N","2015-07-28","2015-08-11","2015-09-30","2015-08-27","B2YMmw2rf0fo8U6L7B9sNBMeVkJiambybhwMdYrTQ4Q=","NEON.BET.D06.000346","CARSP14","Carabidae sp.","family",,"Latreille","D06.2015.MorphB","Other",,"77todYjt/jkEGWUHO3SI0BRlGpUHn9Xh","77todYjt/jkEGWUHO3SI0BRlGpUHn9Xh","Cyclotrachelus sp. Black oval pronotum. Notches on the posterolateral angles."
"65799e6b-5b46-462c-bddc-22d92ef8bbe1","UKFS_008.basePlot.bet","D06","UKFS","UKFS_008","N","2015-07-28","2015-08-11","2015-09-30","2015-09-29","5GU/wTV57IXAqJ6T3+RdvUqqbJ67drGn05zWUQjjzuQ=","NEON.BET.D06.000353","BRAALT","Brachinus alternans","species",,"Dejean",,"Other",,"77todYjt/jkEGWUHO3SI0BRlGpUHn9Xh","77todYjt/jkEGWUHO3SI0BRlGpUHn9Xh",
"355c636c-cdae-46c8-8788-501aac4bd4d1","UKFS_005.basePlot.bet","D06","UKFS","UKFS_005","N","2015-07-28","2015-08-11","2015-09-30","2015-09-30","U/hiAoS2t8ykNrO53nVw+4SF4T/8xVZ3acJGNsXSiVc=","NEON.BET.D06.000467","SCASUB2","Scarites subterraneus","species",,"Fabricius",,"Other",,"77todYjt/jkEGWUHO3SI0BRlGpUHn9Xh","77todYjt/jkEGWUHO3SI0BRlGpUHn9Xh",
"d78ca39c-ad71-4f0a-a36b-e42e8460a284","UKFS_008.basePlot.bet","D06","UKFS","UKFS_008","N","2015-07-28","2015-08-11","2015-09-30","2015-09-29","5GU/wTV57IXAqJ6T3+RdvaG2OPn222RFM4L6Regftqs=","NEON.BET.D06.000351","CARSP14","Carabidae sp.","family",,"Latreille","D06.2015.MorphB","Other",,"77todYjt/jkEGWUHO3SI0BRlGpUHn9Xh","77todYjt/jkEGWUHO3SI0BRlGpUHn9Xh","Cyclotrachelus sp. Black oval pronotum. Notches on the posterolateral angles."
"b55ceb39-8470-47f4-8ff7-7ee8efebc655","UKFS_008.basePlot.bet","D06","UKFS","UKFS_008","N","2015-07-28","2015-08-11","2015-09-30","2015-09-29","5GU/wTV57IXAqJ6T3+RdvUqqbJ67drGn05zWUQjjzuQ=","NEON.BET.D06.000354","BRAALT","Brachinus alternans","species",,"Dejean",,"Other",,"77todYjt/jkEGWUHO3SI0BRlGpUHn9Xh","77todYjt/jkEGWUHO3SI0BRlGpUHn9Xh",
"06c0d39e-aba8-4362-95b7-5d5395bf0be5","UKFS_008.basePlot.bet","D06","UKFS","UKFS_008","N","2015-07-28","2015-08-11","2015-09-30","2015-09-29","5GU/wTV57IXAqJ6T3+RdvaG2OPn222RFM4L6Regftqs=","NEON.BET.D06.000349","CARSP14","Carabidae sp.","family",,"Latreille","D06.2015.MorphA","Other",,"77todYjt/jkEGWUHO3SI0BRlGpUHn9Xh","77todYjt/jkEGWUHO3SI0BRlGpUHn9Xh","Dicaelus with wavy elytra pattern. All black."
"30a50874-2ee1-439d-847e-275f31bc4626","UKFS_008.basePlot.bet","D06","UKFS","UKFS_008","N","2015-07-28","2015-08-11","2015-09-30","2015-09-29","5GU/wTV57IXAqJ6T3+RdvaG2OPn222RFM4L6Regftqs=","NEON.BET.D06.000348","CARSP14","Carabidae sp.","family",,"Latreille","D06.2015.MorphA","Other",,"77todYjt/jkEGWUHO3SI0BRlGpUHn9Xh","77todYjt/jkEGWUHO3SI0BRlGpUHn9Xh","Dicaelus with wavy elytra pattern. All black."
"8b1a31af-a79a-4a53-beae-c301142600ed","UKFS_008.basePlot.bet","D06","UKFS","UKFS_008","N","2015-07-28","2015-08-11","2015-09-30","2015-09-29","5GU/wTV57IXAqJ6T3+RdvUqqbJ67drGn05zWUQjjzuQ=","NEON.BET.D06.000355","BRAALT","Brachinus alternans","species",,"Dejean",,"Other",,"77todYjt/jkEGWUHO3SI0BRlGpUHn9Xh","77todYjt/jkEGWUHO3SI0BRlGpUHn9Xh",
"6739e537-371c-4b85-8198-6c6bb06badfa","UKFS_008.basePlot.bet","D06","UKFS","UKFS_008","N","2015-07-28","2015-08-11","2015-09-30","2015-09-29","5GU/wTV57IXAqJ6T3+RdvaG2OPn222RFM4L6Regftqs=","NEON.BET.D06.000350","CARSP14","Carabidae sp.","family",,"Latreille","D06.2015.MorphA","Other",,"77todYjt/jkEGWUHO3SI0BRlGpUHn9Xh","77todYjt/jkEGWUHO3SI0BRlGpUHn9Xh","Dicaelus with wavy elytra pattern. All black."
"d249ab74-c979-4d47-9ff2-381d508643f3","UKFS_006.basePlot.bet","D06","UKFS","UKFS_006","N","2015-07-28","2015-08-11","2015-09-30","2015-08-27","B2YMmw2rf0fo8U6L7B9sNLr/KGt3rW1bWrOFI+3AMbM=","NEON.BET.D06.000345","DICPUR4","Dicaelus purpuratus","species",,"Bonelli",,"Other",,"77todYjt/jkEGWUHO3SI0BRlGpUHn9Xh","77todYjt/jkEGWUHO3SI0BRlGpUHn9Xh",
"b39e556c-bb65-480e-9098-3ec255d7aa70","UKFS_010.basePlot.bet","D06","UKFS","UKFS_010","N","2015-07-28","2015-08-11","2015-09-30","2015-09-30","26ylXNgyPLzDn0LVl9IGVJyeiy3o76TW1v6rtB9U5PY=","NEON.BET.D06.000188","CHLNEM","Chlaenius nemoralis","species",,"Say",,"Other",,"77todYjt/jkEGWUHO3SI0BRlGpUHn9Xh","77todYjt/jkEGWUHO3SI0BRlGpUHn9Xh",
"771d6228-7000-4cf8-88ee-2fef7b92854e","UKFS_010.basePlot.bet","D06","UKFS","UKFS_010","N","2015-07-28","2015-08-11","2015-09-30","2015-09-30","26ylXNgyPLzDn0LVl9IGVEa4cubuQV0oGnd+Yapu7/s=","NEON.BET.D06.000182","BRAALT","Brachinus alternans","species",,"Dejean",,"Other",,"77todYjt/jkEGWUHO3SI0BRlGpUHn9Xh","77todYjt/jkEGWUHO3SI0BRlGpUHn9Xh",
"2454e6c6-0c87-4fa6-980d-f635b053d412","UKFS_010.basePlot.bet","D06","UKFS","UKFS_010","N","2015-07-28","2015-08-11","2015-09-30","2015-09-30","26ylXNgyPLzDn0LVl9IGVEa4cubuQV0oGnd+Yapu7/s=","NEON.BET.D06.000186","BRAALT","Brachinus alternans","species",,"Dejean",,"Other",,"77todYjt/jkEGWUHO3SI0BRlGpUHn9Xh","77todYjt/jkEGWUHO3SI0BRlGpUHn9Xh",
"7ce02dc5-ba99-4c49-b1ae-ee0b6176c992","UKFS_010.basePlot.bet","D06","UKFS","UKFS_010","N","2015-07-28","2015-08-11","2015-09-30","2015-09-30","26ylXNgyPLzDn0LVl9IGVEa4cubuQV0oGnd+Yapu7/s=","NEON.BET.D06.000181","BRAALT","Brachinus alternans","species",,"Dejean",,"Other",,"77todYjt/jkEGWUHO3SI0BRlGpUHn9Xh","77todYjt/jkEGWUHO3SI0BRlGpUHn9Xh",
"a11a4c94-15a2-468b-a721-07ad356e73bd","UKFS_010.basePlot.bet","D06","UKFS","UKFS_010","N","2015-07-28","2015-08-11","2015-09-30","2015-09-30","26ylXNgyPLzDn0LVl9IGVEa4cubuQV0oGnd+Yapu7/s=","NEON.BET.D06.000183","BRAALT","Brachinus alternans","species",,"Dejean",,"Other",,"77todYjt/jkEGWUHO3SI0BRlGpUHn9Xh","77todYjt/jkEGWUHO3SI0BRlGpUHn9Xh",
"06fcc94d-64f1-4aab-8ab5-d0974f4170b3","UKFS_010.basePlot.bet","D06","UKFS","UKFS_010","N","2015-07-28","2015-08-11","2015-09-30","2015-09-30","26ylXNgyPLzDn0LVl9IGVEa4cubuQV0oGnd+Yapu7/s=","NEON.BET.D06.000185","BRAALT","Brachinus alternans","species",,"Dejean",,"Other",,"77todYjt/jkEGWUHO3SI0BRlGpUHn9Xh","77todYjt/jkEGWUHO3SI0BRlGpUHn9Xh",
"b688fb02-5b8e-4484-b95f-4c486024c1de","UKFS_010.basePlot.bet","D06","UKFS","UKFS_010","N","2015-07-28","2015-08-11","2015-09-30","2015-09-11","26ylXNgyPLzDn0LVl9IGVEa4cubuQV0oGnd+Yapu7/s=","NEON.BET.D06.000180","BRAALT","Brachinus alternans","species",,"Dejean",,"Other",,"77todYjt/jkEGWUHO3SI0BRlGpUHn9Xh","77todYjt/jkEGWUHO3SI0BRlGpUHn9Xh",
"64f2e818-82db-4552-8463-198ce5dec35a","UKFS_010.basePlot.bet","D06","UKFS","UKFS_010","N","2015-07-28","2015-08-11","2015-09-30","2015-09-30","26ylXNgyPLzDn0LVl9IGVEa4cubuQV0oGnd+Yapu7/s=","NEON.BET.D06.000187","BRAALT","Brachinus alternans","species",,"Dejean",,"Other",,"77todYjt/jkEGWUHO3SI0BRlGpUHn9Xh","77todYjt/jkEGWUHO3SI0BRlGpUHn9Xh",
"a32d3550-085d-44d7-81cd-7285c9d8ec8c","UKFS_010.basePlot.bet","D06","UKFS","UKFS_010","N","2015-07-28","2015-08-11","2015-09-30","2015-09-30","26ylXNgyPLzDn0LVl9IGVEa4cubuQV0oGnd+Yapu7/s=","NEON.BET.D06.000184","BRAALT","Brachinus alternans","species",,"Dejean",,"Other",,"77todYjt/jkEGWUHO3SI0BRlGpUHn9Xh","77todYjt/jkEGWUHO3SI0BRlGpUHn9Xh",
"2a4ef83e-a9aa-4b8a-b059-3a3e0285af8c","UKFS_010.basePlot.bet","D06","UKFS","UKFS_010","S","2015-07-28","2015-08-11","2015-09-30","2015-09-30","26ylXNgyPLzHrGLlAmMPzKcJbLici60foCq8faTBs54=","NEON.BET.D06.000472","BRAALT","Brachinus alternans","species",,"Dejean",,"Other",,"77todYjt/jkEGWUHO3SI0BRlGpUHn9Xh","77todYjt/jkEGWUHO3SI0BRlGpUHn9Xh",
"295c8b70-365f-4379-abab-228f0ef6ba48","UKFS_006.basePlot.bet","D06","UKFS","UKFS_006","S","2015-07-28","2015-08-11","2015-09-30","2015-09-30","B2YMmw2rf0fnt5F1w8Doz/BDHcCkHrj48/oBy3/bhF8=","NEON.BET.D06.000475","BRAALT","Brachinus alternans","species",,"Dejean",,"Other",,"77todYjt/jkEGWUHO3SI0BRlGpUHn9Xh","77todYjt/jkEGWUHO3SI0BRlGpUHn9Xh",
"693fce3f-8324-4bd1-9be4-52c6ce2c1e75","UKFS_003.basePlot.bet","D06","UKFS","UKFS_003","S","2015-07-28","2015-08-11","2015-09-30","2015-09-30","Vl3mTlloYQQKrLsC1l93W6y1v/nlTJUw4K57yPvXSPk=","NEON.BET.D06.000312","DICFUR","Dicaelus furvus","species",,"Dejean",,"Other",,"77todYjt/jkEGWUHO3SI0BRlGpUHn9Xh","77todYjt/jkEGWUHO3SI0BRlGpUHn9Xh",
"f466d3e4-4259-4e45-a903-a121c7af7801","UKFS_007.basePlot.bet","D06","UKFS","UKFS_007","S","2015-07-28","2015-08-11","2015-09-30","2015-09-30","PlyNduRc44RUoq0pcfo96nyu74wc+c1cAnV5ky8U28s=","NEON.BET.D06.000167","CARSP14","Carabidae sp.","family",,"Latreille","D06.2015.MorphA","Other",,"77todYjt/jkEGWUHO3SI0BRlGpUHn9Xh","77todYjt/jkEGWUHO3SI0BRlGpUHn9Xh","Dicaelus with wavy elytra pattern. All black."
"c35fad1f-4f6c-4d20-b2ed-25f24c6e870d","UKFS_003.basePlot.bet","D06","UKFS","UKFS_003","S","2015-07-28","2015-08-11","2015-09-30","2015-09-30","Vl3mTlloYQQKrLsC1l93W1BWsCORze7S6T8J4dJ63/4=","NEON.BET.D06.000310","BRAALT","Brachinus alternans","species",,"Dejean",,"Other",,"77todYjt/jkEGWUHO3SI0BRlGpUHn9Xh","77todYjt/jkEGWUHO3SI0BRlGpUHn9Xh",
"d2f0fa39-21cb-44ba-b5e8-6d8dfb53fb8c","UKFS_003.basePlot.bet","D06","UKFS","UKFS_003","S","2015-07-28","2015-08-11","2015-09-30","2015-09-30","Vl3mTlloYQQKrLsC1l93W1BWsCORze7S6T8J4dJ63/4=","NEON.BET.D06.000311","BRAALT","Brachinus alternans","species",,"Dejean",,"Other",,"77todYjt/jkEGWUHO3SI0BRlGpUHn9Xh","77todYjt/jkEGWUHO3SI0BRlGpUHn9Xh",
"8e7f722c-75c2-466b-9d51-9bed2ab10b3b","UKFS_009.basePlot.bet","D06","UKFS","UKFS_009","S","2015-07-28","2015-08-11","2015-09-30","2015-09-30","MMz820nXMklIuibWjob24GRm0zfVjYl/VdxxvEwLuG8=","NEON.BET.D06.000191","CARSP14","Carabidae sp.","family",,"Latreille","D06.2015.MorphG","Other",,"77todYjt/jkEGWUHO3SI0BRlGpUHn9Xh","77todYjt/jkEGWUHO3SI0BRlGpUHn9Xh","Metallic green big headed tiger beetle. Megacephala sp."
"ef35498f-f02c-4588-bf0a-14449d99ff51","UKFS_004.basePlot.bet","D06","UKFS","UKFS_004","S","2015-07-28","2015-08-11","2015-09-30","2015-09-30","luQoN84IPtE+nCttLa7FCZJKQHIv2urL0Cgo2Upw9o8=","NEON.BET.D06.000138","CARSP14","Carabidae sp.","family",,"Latreille","D06.2015.MorphA","Other",,"77todYjt/jkEGWUHO3SI0BRlGpUHn9Xh","77todYjt/jkEGWUHO3SI0BRlGpUHn9Xh","Dicaelus with wavy elytra pattern. All black."
"aa4bf18d-018a-468e-979f-6d95041645e4","UKFS_009.basePlot.bet","D06","UKFS","UKFS_009","S","2015-07-28","2015-08-11","2015-09-30","2015-09-30","MMz820nXMklIuibWjob24GRm0zfVjYl/VdxxvEwLuG8=","NEON.BET.D06.000192","CARSP14","Carabidae sp.","family",,"Latreille","D06.2015.MorphG","Other",,"77todYjt/jkEGWUHO3SI0BRlGpUHn9Xh","77todYjt/jkEGWUHO3SI0BRlGpUHn9Xh","Metallic green big headed tiger beetle. Megacephala sp."
"287079f2-7af0-4584-b7db-d1068ea540f3","UKFS_007.basePlot.bet","D06","UKFS","UKFS_007","S","2015-07-28","2015-08-11","2015-09-30","2015-09-30","PlyNduRc44RUoq0pcfo96nyu74wc+c1cAnV5ky8U28s=","NEON.BET.D06.000168","CARSP14","Carabidae sp.","family",,"Latreille","D06.2015.MorphD","Other",,"77todYjt/jkEGWUHO3SI0BRlGpUHn9Xh","77todYjt/jkEGWUHO3SI0BRlGpUHn9Xh","Dark brown with light brown around the edge of the pronotum. Loxandrus sp."
"26e48eff-bc1f-4e93-8921-8edd55ff2fd5","UKFS_002.basePlot.bet","D06","UKFS","UKFS_002","S","2015-07-28","2015-08-11","2015-09-30","2015-09-30","ThLXd3W736+K1+DiZEI5+C3tFogRb2gQKdmYZTnLDLs=","NEON.BET.D06.000152","CARSP14","Carabidae sp.","family",,"Latreille","D06.2015.MorphC","Other",,"77todYjt/jkEGWUHO3SI0BRlGpUHn9Xh","77todYjt/jkEGWUHO3SI0BRlGpUHn9Xh","Lime green and bronze, metallic, medium size."
"2da7df83-8a4b-413e-a331-cc11aa755f6e","UKFS_002.basePlot.bet","D06","UKFS","UKFS_002","S","2015-07-28","2015-08-11","2015-09-30","2015-09-30","ThLXd3W736+K1+DiZEI5+C3tFogRb2gQKdmYZTnLDLs=","NEON.BET.D06.000151","CARSP14","Carabidae sp.","family",,"Latreille","D06.2015.MorphA","Other",,"77todYjt/jkEGWUHO3SI0BRlGpUHn9Xh","77todYjt/jkEGWUHO3SI0BRlGpUHn9Xh","Dicaelus with wavy elytra pattern. All black."
"15194f11-36d4-45a6-a1e0-cc2667761a86","UKFS_004.basePlot.bet","D06","UKFS","UKFS_004","S","2015-07-28","2015-08-11","2015-09-30","2015-09-30","luQoN84IPtE+nCttLa7FCZJKQHIv2urL0Cgo2Upw9o8=","NEON.BET.D06.000139","CARSP14","Carabidae sp.","family",,"Latreille","D06.2015.MorphA","Other",,"77todYjt/jkEGWUHO3SI0BRlGpUHn9Xh","77todYjt/jkEGWUHO3SI0BRlGpUHn9Xh","Dicaelus with wavy elytra pattern. All black."
"78fcf19e-969c-4bc6-b526-df2ec2548daf","UKFS_004.basePlot.bet","D06","UKFS","UKFS_004","S","2015-07-28","2015-08-11","2015-09-30","2015-09-30","luQoN84IPtE+nCttLa7FCZ/RhANwa7g5hHVAmuY6zp0=","NEON.BET.D06.000140","BRAALT","Brachinus alternans","species",,"Dejean",,"Other",,"77todYjt/jkEGWUHO3SI0BRlGpUHn9Xh","77todYjt/jkEGWUHO3SI0BRlGpUHn9Xh",
"29f40a5d-3def-4e4c-9663-bc5136be0070","UKFS_003.basePlot.bet","D06","UKFS","UKFS_003","W","2015-07-28","2015-08-11","2015-09-30","2015-09-30","Vl3mTlloYQShkwfefQDNqaMfMLiYNiPQyPWaQN1Y9N4=","NEON.BET.D06.000557","BRAALT","Brachinus alternans","species",,"Dejean",,"Other",,"77todYjt/jkEGWUHO3SI0BRlGpUHn9Xh","77todYjt/jkEGWUHO3SI0BRlGpUHn9Xh",
"ee9227ff-2022-40ce-95f9-aa04e0dc872a","UKFS_003.basePlot.bet","D06","UKFS","UKFS_003","W","2015-07-28","2015-08-11","2015-09-30","2015-09-30","Vl3mTlloYQShkwfefQDNqaMfMLiYNiPQyPWaQN1Y9N4=","NEON.BET.D06.000556","BRAALT","Brachinus alternans","species",,"Dejean",,"Other",,"77todYjt/jkEGWUHO3SI0BRlGpUHn9Xh","77todYjt/jkEGWUHO3SI0BRlGpUHn9Xh",
"e31b77e2-a3c3-4f54-bede-0241638c976f","UKFS_009.basePlot.bet","D06","UKFS","UKFS_009","W","2015-07-28","2015-08-11","2015-09-30","2015-09-30","MMz820nXMknlpp7hDs47Bdui0c7q+JDo+mDjo3JuFM0=","NEON.BET.D06.000193","HARCAL","Harpalus caliginosus","species",,"Fabricius",,"Other",,"77todYjt/jkEGWUHO3SI0BRlGpUHn9Xh","77todYjt/jkEGWUHO3SI0BRlGpUHn9Xh",
"48582b63-7bd6-4012-b55c-82cbd5e78912","UKFS_004.basePlot.bet","D06","UKFS","UKFS_004","W","2015-07-28","2015-08-11","2015-09-30","2015-09-29","luQoN84IPtEnb6sGg4J5krBWRDLx3PZnlso+h57+POE=","NEON.BET.D06.000370","BRAALT","Brachinus alternans","species",,"Dejean",,"Other",,"77todYjt/jkEGWUHO3SI0BRlGpUHn9Xh","77todYjt/jkEGWUHO3SI0BRlGpUHn9Xh",
"81ff81b6-b2b9-41d9-aa1b-826380ca714c","UKFS_007.basePlot.bet","D06","UKFS","UKFS_007","W","2015-07-28","2015-08-11","2015-09-30","2015-09-30","PlyNduRc44S/3N+/1RkSoYtZj9gTaVTNJyFLTpNS3cY=","NEON.BET.D06.000471","BRAALT","Brachinus alternans","species",,"Dejean",,"Other",,"77todYjt/jkEGWUHO3SI0BRlGpUHn9Xh","77todYjt/jkEGWUHO3SI0BRlGpUHn9Xh",
"aecf9398-b7f7-4f4c-a18d-9b414c1fa793","UKFS_004.basePlot.bet","D06","UKFS","UKFS_004","W","2015-07-28","2015-08-11","2015-09-30","2015-09-29","luQoN84IPtEnb6sGg4J5krBWRDLx3PZnlso+h57+POE=","NEON.BET.D06.000368","BRAALT","Brachinus alternans","species",,"Dejean",,"Other",,"77todYjt/jkEGWUHO3SI0BRlGpUHn9Xh","77todYjt/jkEGWUHO3SI0BRlGpUHn9Xh",
"46e0d24b-37ea-4db8-a6c9-d6981b9f3db0","UKFS_004.basePlot.bet","D06","UKFS","UKFS_004","W","2015-07-28","2015-08-11","2015-09-30","2015-09-29","luQoN84IPtEnb6sGg4J5krBWRDLx3PZnlso+h57+POE=","NEON.BET.D06.000372","BRAALT","Brachinus alternans","species",,"Dejean",,"Other",,"77todYjt/jkEGWUHO3SI0BRlGpUHn9Xh","77todYjt/jkEGWUHO3SI0BRlGpUHn9Xh",
"a812ba6d-2ea1-4310-9cc1-975fc39de96f","UKFS_002.basePlot.bet","D06","UKFS","UKFS_002","W","2015-07-28","2015-08-11","2015-09-30","2015-09-30","ThLXd3W7368zCKg0KTot33RF/JCMWnuahwDMN9+cIfw=","NEON.BET.D06.000148","BRAALT","Brachinus alternans","species",,"Dejean",,"Other",,"77todYjt/jkEGWUHO3SI0BRlGpUHn9Xh","77todYjt/jkEGWUHO3SI0BRlGpUHn9Xh",
"52ebe9df-2d42-43a8-9823-88b29349573a","UKFS_004.basePlot.bet","D06","UKFS","UKFS_004","W","2015-07-28","2015-08-11","2015-09-30","2015-09-29","luQoN84IPtEnb6sGg4J5klkqWnEgrgumbrqyiQiUT8Q=","NEON.BET.D06.000367","CARSP14","Carabidae sp.","family",,"Latreille","D06.2015.MorphC","Other",,"77todYjt/jkEGWUHO3SI0BRlGpUHn9Xh","77todYjt/jkEGWUHO3SI0BRlGpUHn9Xh","Lime green and bronze, metallic, medium size."
"cb60863a-16cc-4034-afab-5b2bb555f4a5","UKFS_004.basePlot.bet","D06","UKFS","UKFS_004","W","2015-07-28","2015-08-11","2015-09-30","2015-09-29","luQoN84IPtEnb6sGg4J5ktPg+BEWcAL1nRoaf7BzwtU=","NEON.BET.D06.000371","DICPUR4","Dicaelus purpuratus","species",,"Bonelli",,"Other",,"77todYjt/jkEGWUHO3SI0BRlGpUHn9Xh","77todYjt/jkEGWUHO3SI0BRlGpUHn9Xh",
"bde7c22f-39cd-465c-bce9-4d9eafb399ba","UKFS_004.basePlot.bet","D06","UKFS","UKFS_004","W","2015-07-28","2015-08-11","2015-09-30","2015-09-29","luQoN84IPtEnb6sGg4J5krBWRDLx3PZnlso+h57+POE=","NEON.BET.D06.000369","BRAALT","Brachinus alternans","species",,"Dejean",,"Other",,"77todYjt/jkEGWUHO3SI0BRlGpUHn9Xh","77todYjt/jkEGWUHO3SI0BRlGpUHn9Xh",
"2728562e-e982-4ee4-b5e9-8940668a8e92","UKFS_005.basePlot.bet","D06","UKFS","UKFS_005","W","2015-07-28","2015-08-11","2015-09-30","2015-09-30","U/hiAoS2t8z2TlFIZ0xoJHOpzEjS2Rkem1x5PH8UgIo=","NEON.BET.D06.000468","CARSP14","Carabidae sp.","family",,"Latreille","D06.2015.MorphB","Other",,"77todYjt/jkEGWUHO3SI0BRlGpUHn9Xh","77todYjt/jkEGWUHO3SI0BRlGpUHn9Xh","Cyclotrachelus sp. Black oval pronotum. Notches on the posterolateral angles."
"751af232-ad33-441a-b2e2-f8888d2610d1","UKFS_002.basePlot.bet","D06","UKFS","UKFS_002","W","2015-07-28","2015-08-11","2015-09-30","2015-09-30","ThLXd3W7368zCKg0KTot33RF/JCMWnuahwDMN9+cIfw=","NEON.BET.D06.000150","BRAALT","Brachinus alternans","species",,"Dejean",,"Other",,"77todYjt/jkEGWUHO3SI0BRlGpUHn9Xh","77todYjt/jkEGWUHO3SI0BRlGpUHn9Xh",
"f4af5035-5423-4f69-a8b4-b87c57c6aa6c","UKFS_004.basePlot.bet","D06","UKFS","UKFS_004","W","2015-07-28","2015-08-11","2015-09-30","2015-09-29","luQoN84IPtEnb6sGg4J5krBWRDLx3PZnlso+h57+POE=","NEON.BET.D06.000373","BRAALT","Brachinus alternans","species",,"Dejean",,"Other",,"77todYjt/jkEGWUHO3SI0BRlGpUHn9Xh","77todYjt/jkEGWUHO3SI0BRlGpUHn9Xh",
"7a27d1e4-2da1-45d7-b748-4fb17e3cd499","UKFS_008.basePlot.bet","D06","UKFS","UKFS_008","W","2015-07-28","2015-08-11","2015-09-30","2015-09-30","5GU/wTV57IWBL4I7YrasmxfQV9H/VWRdHXdsOi5BfTE=","NEON.BET.D06.000170","CARSP14","Carabidae sp.","family",,"Latreille","D06.2015.MorphB","Other",,"77todYjt/jkEGWUHO3SI0BRlGpUHn9Xh","77todYjt/jkEGWUHO3SI0BRlGpUHn9Xh","Cyclotrachelus sp. Black oval pronotum. Notches on the posterolateral angles."
"85dcaad9-447e-4e1e-8b99-9376f165a44b","UKFS_008.basePlot.bet","D06","UKFS","UKFS_008","W","2015-07-28","2015-08-11","2015-09-30","2015-09-11","5GU/wTV57IWBL4I7Yrasm7kSMXAiGiImdwwK8Ux1+3Q=","NEON.BET.D06.000178","BRAALT","Brachinus alternans","species",,"Dejean",,"Other",,"77todYjt/jkEGWUHO3SI0BRlGpUHn9Xh","77todYjt/jkEGWUHO3SI0BRlGpUHn9Xh",
"6cc6b301-4f9b-44a1-a744-5026c43f163b","UKFS_008.basePlot.bet","D06","UKFS","UKFS_008","W","2015-07-28","2015-08-11","2015-09-30","2015-09-30","5GU/wTV57IWBL4I7Yrasm7kSMXAiGiImdwwK8Ux1+3Q=","NEON.BET.D06.000172","BRAALT","Brachinus alternans","species",,"Dejean",,"Other",,"77todYjt/jkEGWUHO3SI0BRlGpUHn9Xh","77todYjt/jkEGWUHO3SI0BRlGpUHn9Xh",
"edc7412b-3ad3-42eb-a729-2b27271b3aba","UKFS_008.basePlot.bet","D06","UKFS","UKFS_008","W","2015-07-28","2015-08-11","2015-09-30","2015-09-11","5GU/wTV57IWBL4I7Yrasm7kSMXAiGiImdwwK8Ux1+3Q=","NEON.BET.D06.000179","BRAALT","Brachinus alternans","species",,"Dejean",,"Other",,"77todYjt/jkEGWUHO3SI0BRlGpUHn9Xh","77todYjt/jkEGWUHO3SI0BRlGpUHn9Xh",
"d979dbcb-4237-4a53-bf5e-793ad377187f","UKFS_008.basePlot.bet","D06","UKFS","UKFS_008","W","2015-07-28","2015-08-11","2015-09-30","2015-09-30","5GU/wTV57IWBL4I7YrasmxfQV9H/VWRdHXdsOi5BfTE=","NEON.BET.D06.000175","CARSP14","Carabidae sp.","family",,"Latreille","D06.2015.MorphK","Other",,"77todYjt/jkEGWUHO3SI0BRlGpUHn9Xh","77todYjt/jkEGWUHO3SI0BRlGpUHn9Xh","Dark brown overall, light brown edge of pronotum. Pronotum basally punctate. Harpalus sp."
"68b8062e-3238-468c-83fa-61c3a93486a4","UKFS_008.basePlot.bet","D06","UKFS","UKFS_008","W","2015-07-28","2015-08-11","2015-09-30","2015-09-11","5GU/wTV57IWBL4I7Yrasm7kSMXAiGiImdwwK8Ux1+3Q=","NEON.BET.D06.000174","BRAALT","Brachinus alternans","species",,"Dejean",,"Other",,"77todYjt/jkEGWUHO3SI0BRlGpUHn9Xh","77todYjt/jkEGWUHO3SI0BRlGpUHn9Xh",
"26fe2710-d488-4a17-9f37-00a08ab08f92","UKFS_008.basePlot.bet","D06","UKFS","UKFS_008","W","2015-07-28","2015-08-11","2015-09-30","2015-09-30","5GU/wTV57IWBL4I7Yrasm7kSMXAiGiImdwwK8Ux1+3Q=","NEON.BET.D06.000173","BRAALT","Brachinus alternans","species",,"Dejean",,"Other",,"77todYjt/jkEGWUHO3SI0BRlGpUHn9Xh","77todYjt/jkEGWUHO3SI0BRlGpUHn9Xh",
"d515e0a0-e45f-42c4-a042-34b654151217","UKFS_008.basePlot.bet","D06","UKFS","UKFS_008","W","2015-07-28","2015-08-11","2015-09-30","2015-09-11","5GU/wTV57IWBL4I7Yrasm7kSMXAiGiImdwwK8Ux1+3Q=","NEON.BET.D06.000177","BRAALT","Brachinus alternans","species",,"Dejean",,"Other",,"77todYjt/jkEGWUHO3SI0BRlGpUHn9Xh","77todYjt/jkEGWUHO3SI0BRlGpUHn9Xh",
"05ea47e3-73c2-4bd6-8774-dcb202050bd9","UKFS_008.basePlot.bet","D06","UKFS","UKFS_008","W","2015-07-28","2015-08-11","2015-09-30","2015-09-30","5GU/wTV57IWBL4I7YrasmxfQV9H/VWRdHXdsOi5BfTE=","NEON.BET.D06.000171","CARSP14","Carabidae sp.","family",,"Latreille","D06.2015.MorphB","Other",,"77todYjt/jkEGWUHO3SI0BRlGpUHn9Xh","77todYjt/jkEGWUHO3SI0BRlGpUHn9Xh","Cyclotrachelus sp. Black oval pronotum. Notches on the posterolateral angles."
"83ded0b9-b34c-4a74-82c4-848bfa6ccbb6","UKFS_008.basePlot.bet","D06","UKFS","UKFS_008","W","2015-07-28","2015-08-11","2015-09-30","2015-09-11","5GU/wTV57IWBL4I7YrasmxfQV9H/VWRdHXdsOi5BfTE=","NEON.BET.D06.000176","CARSP14","Carabidae sp.","family",,"Latreille","D06.2015.MorphK","Other",,"77todYjt/jkEGWUHO3SI0BRlGpUHn9Xh","77todYjt/jkEGWUHO3SI0BRlGpUHn9Xh","Dark brown overall, light brown edge of pronotum. Pronotum basally punctate. Harpalus sp."
"04a960e5-cf0e-4ba1-a071-cf33589b1f81","UKFS_002.basePlot.bet","D06","UKFS","UKFS_002","W","2015-07-28","2015-08-11","2015-09-30","2015-09-30","ThLXd3W7368zCKg0KTot33RF/JCMWnuahwDMN9+cIfw=","NEON.BET.D06.000149","BRAALT","Brachinus alternans","species",,"Dejean",,"Other",,"77todYjt/jkEGWUHO3SI0BRlGpUHn9Xh","77todYjt/jkEGWUHO3SI0BRlGpUHn9Xh",
"6b37d2d1-1263-4183-9aa0-db63975c1b19","UKFS_010.basePlot.bet","D06","UKFS","UKFS_010","W","2015-07-28","2015-08-11","2015-09-30","2015-09-11","26ylXNgyPLyzBCQxUJaQs3iaOQCN/Bvwo3Ba/5XhO6k=","NEON.BET.D06.000190","BRAALT","Brachinus alternans","species",,"Dejean",,"Other",,"77todYjt/jkEGWUHO3SI0BRlGpUHn9Xh","77todYjt/jkEGWUHO3SI0BRlGpUHn9Xh",
"6a025c37-02c4-4ca7-9973-e2b1391473f9","UKFS_010.basePlot.bet","D06","UKFS","UKFS_010","W","2015-07-28","2015-08-11","2015-09-30","2015-09-30","26ylXNgyPLyzBCQxUJaQs3iaOQCN/Bvwo3Ba/5XhO6k=","NEON.BET.D06.000189","BRAALT","Brachinus alternans","species",,"Dejean",,"Other",,"77todYjt/jkEGWUHO3SI0BRlGpUHn9Xh","77todYjt/jkEGWUHO3SI0BRlGpUHn9Xh",
"ccca540b-1624-4be4-8b1c-e1d3feff01e6","UKFS_008.basePlot.bet","D06","UKFS","UKFS_008","W","2015-07-28","2015-08-11","2015-09-30","2015-09-30","5GU/wTV57IWBL4I7YrasmxfQV9H/VWRdHXdsOi5BfTE=","NEON.BET.D06.000169","CARSP14","Carabidae sp.","family",,"Latreille","D06.2015.MorphA","Other",,"77todYjt/jkEGWUHO3SI0BRlGpUHn9Xh","77todYjt/jkEGWUHO3SI0BRlGpUHn9Xh","Dicaelus with wavy elytra pattern. All black."
"931454e6-a150-4410-b044-1b3bd4c66338","UKFS_002.basePlot.bet","D06","UKFS","UKFS_002","W","2015-07-28","2015-08-11","2015-09-30","2015-09-30","ThLXd3W7368zCKg0KTot33Ajsqx3sWW5fVdU/QcmMJE=","NEON.BET.D06.000147","CARSP14","Carabidae sp.","family",,"Latreille","D06.2015.MorphA","Other",,"77todYjt/jkEGWUHO3SI0BRlGpUHn9Xh","77todYjt/jkEGWUHO3SI0BRlGpUHn9Xh","Dicaelus with wavy elytra pattern. All black."
"e993f984-2294-4ad3-bcff-7c98fdd402f2","UKFS_009.basePlot.bet","D06","UKFS","UKFS_009","W","2015-07-28","2015-08-11","2015-09-30","2015-09-30","MMz820nXMknlpp7hDs47BeqWL6yzhtsTkqtUp2pNp44=","NEON.BET.D06.000194","SCASUB2","Scarites subterraneus","species",,"Fabricius",,"Other",,"77todYjt/jkEGWUHO3SI0BRlGpUHn9Xh","77todYjt/jkEGWUHO3SI0BRlGpUHn9Xh",
"1395b8e6-4e39-492c-8afd-cba83844e092","UKFS_009.basePlot.bet","D06","UKFS","UKFS_009","W","2015-07-28","2015-08-11","2015-09-30","2015-09-30","MMz820nXMknlpp7hDs47BeG/pRNq/S9Z3DCBORV/seA=","NEON.BET.D06.000195","BRAALT","Brachinus alternans","species",,"Dejean",,"Other",,"77todYjt/jkEGWUHO3SI0BRlGpUHn9Xh","77todYjt/jkEGWUHO3SI0BRlGpUHn9Xh",
"68fd2b01-3618-4498-bdea-b7e9b1ea2328","UKFS_009.basePlot.bet","D06","UKFS","UKFS_009","W","2015-07-28","2015-08-11","2015-09-30","2015-09-30","MMz820nXMknlpp7hDs47BeG/pRNq/S9Z3DCBORV/seA=","NEON.BET.D06.000196","BRAALT","Brachinus alternans","species",,"Dejean",,"Other",,"77todYjt/jkEGWUHO3SI0BRlGpUHn9Xh","77todYjt/jkEGWUHO3SI0BRlGpUHn9Xh",
"a6b39067-f0ad-4202-a97e-8284d18edc0e","UKFS_007.basePlot.bet","D06","UKFS","UKFS_007","E","2015-08-11","2015-08-25","2015-09-30","2015-09-30","PlyNduRc44Qcdojg0RaG62i3BDFj6cgZMGTyY/J2nhw=","NEON.BET.D06.000486","BRAALT","Brachinus alternans","species",,"Dejean",,"Other",,"77todYjt/jkEGWUHO3SI0BRlGpUHn9Xh","77todYjt/jkEGWUHO3SI0BRlGpUHn9Xh",
"0b6d9460-2729-41f8-98ca-f993d5d83173","UKFS_004.basePlot.bet","D06","UKFS","UKFS_004","W","2015-08-11","2015-08-25","2015-09-30","2015-09-30","luQoN84IPtEnb6sGg4J5klvYazyixgpUGLecKmOnlDQ=","NEON.BET.D06.000205","DICPUR4","Dicaelus purpuratus","species",,"Bonelli",,"Other",,"77todYjt/jkEGWUHO3SI0BRlGpUHn9Xh","77todYjt/jkEGWUHO3SI0BRlGpUHn9Xh",
"90080bdd-545f-40d8-8ff9-199773d3fd55","UKFS_008.basePlot.bet","D06","UKFS","UKFS_008","E","2015-08-11","2015-08-25","2015-09-30","2015-09-30","5GU/wTV57IUADZuiX4ZHqc0LocrpgYeX9JEAiDGUxBk=","NEON.BET.D06.000508","CARSP14","Carabidae sp.","family",,"Latreille","D06.2015.MorphB","Other",,"77todYjt/jkEGWUHO3SI0BRlGpUHn9Xh","77todYjt/jkEGWUHO3SI0BRlGpUHn9Xh","Cyclotrachelus sp. Black oval pronotum. Notches on the posterolateral angles."
"ef859457-bcd4-4728-aa59-7a0f8d915d68","UKFS_006.basePlot.bet","D06","UKFS","UKFS_006","E","2015-08-11","2015-08-25","2015-09-30","2015-09-30","B2YMmw2rf0dJ+PFjWSEvBV3BduYdH/Jqsj5mQYLfUI4=","NEON.BET.D06.000451","CARSP14","Carabidae sp.","family",,"Latreille","D06.2015.MorphB","Other",,"77todYjt/jkEGWUHO3SI0BRlGpUHn9Xh","77todYjt/jkEGWUHO3SI0BRlGpUHn9Xh","Cyclotrachelus sp. Black oval pronotum. Notches on the posterolateral angles."
"79b4c01c-c918-450f-ab29-1c3716049f37","UKFS_004.basePlot.bet","D06","UKFS","UKFS_004","E","2015-08-11","2015-08-25","2015-09-30","2015-09-30","luQoN84IPtGyMW6k1P1bZafZ4jOGIpF8Q5oQUzX1TU8=","NEON.BET.D06.000453","CARSP14","Carabidae sp.","family",,"Latreille","D06.2015.MorphC","Other",,"77todYjt/jkEGWUHO3SI0BRlGpUHn9Xh","77todYjt/jkEGWUHO3SI0BRlGpUHn9Xh","Lime green and bronze, metallic, medium size."
"3dbc4799-1ee4-4c5c-bf41-c3b98b53aa85","UKFS_001.basePlot.bet","D06","UKFS","UKFS_001","E","2015-08-11","2015-08-25","2015-09-30","2015-09-30","W8lw52JMhqCf3upy0dCzjfMN0j+3xD7ffGgMFku2N54=","NEON.BET.D06.000491","CARSP14","Carabidae sp.","family",,"Latreille","D06.2015.MorphA","Other",,"77todYjt/jkEGWUHO3SI0BRlGpUHn9Xh","77todYjt/jkEGWUHO3SI0BRlGpUHn9Xh","Dicaelus with wavy elytra pattern. All black."
"9027d9bf-a2a8-4b04-99d2-258b0737e3f0","UKFS_006.basePlot.bet","D06","UKFS","UKFS_006","E","2015-08-11","2015-08-25","2015-09-30","2015-09-30","B2YMmw2rf0dJ+PFjWSEvBRpc8y5jXgGsIDE5qH12K14=","NEON.BET.D06.000450","BRAALT","Brachinus alternans","species",,"Dejean",,"Other",,"77todYjt/jkEGWUHO3SI0BRlGpUHn9Xh","77todYjt/jkEGWUHO3SI0BRlGpUHn9Xh",
"21f3515e-f649-4ee3-a306-cb103df6744f","UKFS_002.basePlot.bet","D06","UKFS","UKFS_002","E","2015-08-11","2015-08-25","2015-09-30","2015-09-29","ThLXd3W736+v3QEZHc9CpNGAwvdCiVsVVo8N0GSR2LA=","NEON.BET.D06.000340","CARSP14","Carabidae sp.","family",,"Latreille","D06.2015.MorphA","Other",,"77todYjt/jkEGWUHO3SI0BRlGpUHn9Xh","77todYjt/jkEGWUHO3SI0BRlGpUHn9Xh","Dicaelus with wavy elytra pattern. All black."
"f4b8e722-0ec6-4ed2-9a3f-6aeba503af67","UKFS_002.basePlot.bet","D06","UKFS","UKFS_002","E","2015-08-11","2015-08-25","2015-09-30","2015-09-29","ThLXd3W736+v3QEZHc9CpNGAwvdCiVsVVo8N0GSR2LA=","NEON.BET.D06.000339","CARSP14","Carabidae sp.","family",,"Latreille","D06.2015.MorphA","Other",,"77todYjt/jkEGWUHO3SI0BRlGpUHn9Xh","77todYjt/jkEGWUHO3SI0BRlGpUHn9Xh","Dicaelus with wavy elytra pattern. All black."
"e4ce33d3-174a-42b1-8ddb-4a04c076306f","UKFS_003.basePlot.bet","D06","UKFS","UKFS_003","E","2015-08-11","2015-08-25","2015-09-30","2015-09-30","Vl3mTlloYQT2VnzwvbmzbcoAFJ7gIw++/dt0wQzL2q8=","NEON.BET.D06.000469","CARSP14","Carabidae sp.","family",,"Latreille","D06.2015.MorphB","Other",,"77todYjt/jkEGWUHO3SI0BRlGpUHn9Xh","77todYjt/jkEGWUHO3SI0BRlGpUHn9Xh","Cyclotrachelus sp. Black oval pronotum. Notches on the posterolateral angles."
"6295b97a-3e13-4cca-8933-ef2f677bf5cd","UKFS_001.basePlot.bet","D06","UKFS","UKFS_001","E","2015-08-11","2015-08-25","2015-09-30","2015-09-30","W8lw52JMhqCf3upy0dCzjbmwrdCnUUXCO2+cM0G2PWU=","NEON.BET.D06.000198","BRAALT","Brachinus alternans","species",,"Dejean",,"Other",,"77todYjt/jkEGWUHO3SI0BRlGpUHn9Xh","77todYjt/jkEGWUHO3SI0BRlGpUHn9Xh",
"25845940-f9a0-433e-84bf-0d0b459cce93","UKFS_001.basePlot.bet","D06","UKFS","UKFS_001","E","2015-08-11","2015-08-25","2015-09-30","2015-09-30","W8lw52JMhqCf3upy0dCzjbmwrdCnUUXCO2+cM0G2PWU=","NEON.BET.D06.000199","BRAALT","Brachinus alternans","species",,"Dejean",,"Other",,"77todYjt/jkEGWUHO3SI0BRlGpUHn9Xh","77todYjt/jkEGWUHO3SI0BRlGpUHn9Xh",
"a7c125eb-3ce1-4221-985e-1e90422cb7c5","UKFS_001.basePlot.bet","D06","UKFS","UKFS_001","E","2015-08-11","2015-08-25","2015-09-30","2015-09-30","W8lw52JMhqCf3upy0dCzjbmwrdCnUUXCO2+cM0G2PWU=","NEON.BET.D06.000197","BRAALT","Brachinus alternans","species",,"Dejean",,"Other",,"77todYjt/jkEGWUHO3SI0BRlGpUHn9Xh","77todYjt/jkEGWUHO3SI0BRlGpUHn9Xh",
"76e6d046-5f80-4abf-b33e-5eb48393e5e9","UKFS_004.basePlot.bet","D06","UKFS","UKFS_004","E","2015-08-11","2015-08-25","2015-09-30","2015-09-30","luQoN84IPtGyMW6k1P1bZc6Bt9xW/kOhyxUwXJfbjW8=","NEON.BET.D06.000208","BRAALT","Brachinus alternans","species",,"Dejean",,"Other",,"77todYjt/jkEGWUHO3SI0BRlGpUHn9Xh","77todYjt/jkEGWUHO3SI0BRlGpUHn9Xh",
"cb99c198-7e4b-48ca-9aa7-44bb06c4b283","UKFS_004.basePlot.bet","D06","UKFS","UKFS_004","E","2015-08-11","2015-08-25","2015-09-30","2015-09-30","luQoN84IPtGyMW6k1P1bZafZ4jOGIpF8Q5oQUzX1TU8=","NEON.BET.D06.000207","CARSP14","Carabidae sp.","family",,"Latreille","D06.2015.MorphA","Other",,"77todYjt/jkEGWUHO3SI0BRlGpUHn9Xh","77todYjt/jkEGWUHO3SI0BRlGpUHn9Xh","Dicaelus with wavy elytra pattern. All black."
"ce523729-2522-4656-b2a4-8798bb00f937","UKFS_003.basePlot.bet","D06","UKFS","UKFS_003","E","2015-08-11","2015-08-25","2015-09-30","2015-09-30","Vl3mTlloYQT2VnzwvbmzbfTKVSx0uYGBzRFR1ocRlVA=","NEON.BET.D06.000202","BRAALT","Brachinus alternans","species",,"Dejean",,"Other",,"77todYjt/jkEGWUHO3SI0BRlGpUHn9Xh","77todYjt/jkEGWUHO3SI0BRlGpUHn9Xh",
"f93a6f4b-4394-45ae-a7a0-c5a83a4e7917","UKFS_001.basePlot.bet","D06","UKFS","UKFS_001","E","2015-08-11","2015-08-25","2015-09-30","2015-09-30","W8lw52JMhqCf3upy0dCzjbBr5EHnk7E8nTVF72T4PYk=","NEON.BET.D06.000200","DICPUR4","Dicaelus purpuratus","species",,"Bonelli",,"Other",,"77todYjt/jkEGWUHO3SI0BRlGpUHn9Xh","77todYjt/jkEGWUHO3SI0BRlGpUHn9Xh",
"a9fd308a-ba8c-405e-b5d1-d8db74fcc249","UKFS_006.basePlot.bet","D06","UKFS","UKFS_006","N","2015-08-11","2015-08-25","2015-09-30","2015-09-30","B2YMmw2rf0fo8U6L7B9sNObQ1O6tWuOMEZAOHD/ZK3M=","NEON.BET.D06.000449","CHLNEM","Chlaenius nemoralis","species",,"Say",,"Other",,"77todYjt/jkEGWUHO3SI0BRlGpUHn9Xh","77todYjt/jkEGWUHO3SI0BRlGpUHn9Xh",
"0cb16bbd-2e1a-4b48-aae5-f9b28a2064dd","UKFS_010.basePlot.bet","D06","UKFS","UKFS_010","N","2015-08-11","2015-08-25","2015-09-30","2015-09-30","26ylXNgyPLzDn0LVl9IGVJcI/bylmvI7LQqc6uXO2Nw=","NEON.BET.D06.000485","DICFUR","Dicaelus furvus","species",,"Dejean",,"Other",,"77todYjt/jkEGWUHO3SI0BRlGpUHn9Xh","77todYjt/jkEGWUHO3SI0BRlGpUHn9Xh",
"68e0c5cb-e578-4aeb-aaff-2dc597bf8cc7","UKFS_001.basePlot.bet","D06","UKFS","UKFS_001","N","2015-08-11","2015-08-25","2015-09-30","2015-09-30","W8lw52JMhqCv0mgp+Tx3KYaUuBazxlovGwX/hjg9EZ0=","NEON.BET.D06.000492","BRAALT","Brachinus alternans","species",,"Dejean",,"Other",,"77todYjt/jkEGWUHO3SI0BRlGpUHn9Xh","77todYjt/jkEGWUHO3SI0BRlGpUHn9Xh",
"1765aab0-d0fb-4d19-9cd5-928c8011c6a3","UKFS_008.basePlot.bet","D06","UKFS","UKFS_008","N","2015-08-11","2015-08-25","2015-09-30","2015-09-30","5GU/wTV57IXAqJ6T3+RdvXvuTSsYFmcicy1J/TiiVMQ=","NEON.BET.D06.000506","CARSP14","Carabidae sp.","family",,"Latreille","D06.2015.MorphA","Other",,"77todYjt/jkEGWUHO3SI0BRlGpUHn9Xh","77todYjt/jkEGWUHO3SI0BRlGpUHn9Xh","Dicaelus with wavy elytra pattern. All black."
"415a9d47-d6b5-4bb3-a2ae-9a9d78d8d87f","UKFS_008.basePlot.bet","D06","UKFS","UKFS_008","N","2015-08-11","2015-08-25","2015-09-30","2015-09-30","5GU/wTV57IXAqJ6T3+RdvXvuTSsYFmcicy1J/TiiVMQ=","NEON.BET.D06.000504","CARSP14","Carabidae sp.","family",,"Latreille","D06.2015.MorphA","Other",,"77todYjt/jkEGWUHO3SI0BRlGpUHn9Xh","77todYjt/jkEGWUHO3SI0BRlGpUHn9Xh","Dicaelus with wavy elytra pattern. All black."
"9582508e-1394-4c3f-b4f4-ae48ee38096b","UKFS_008.basePlot.bet","D06","UKFS","UKFS_008","N","2015-08-11","2015-08-25","2015-09-30","2015-09-30","5GU/wTV57IXAqJ6T3+RdvXvuTSsYFmcicy1J/TiiVMQ=","NEON.BET.D06.000505","CARSP14","Carabidae sp.","family",,"Latreille","D06.2015.MorphA","Other",,"77todYjt/jkEGWUHO3SI0BRlGpUHn9Xh","77todYjt/jkEGWUHO3SI0BRlGpUHn9Xh","Dicaelus with wavy elytra pattern. All black."
"b9143e7b-0c84-443f-a0bb-3245ab5448a1","UKFS_008.basePlot.bet","D06","UKFS","UKFS_008","N","2015-08-11","2015-08-25","2015-09-30","2015-09-30","5GU/wTV57IXAqJ6T3+RdvXvuTSsYFmcicy1J/TiiVMQ=","NEON.BET.D06.000503","CARSP14","Carabidae sp.","family",,"Latreille","D06.2015.MorphA","Other",,"77todYjt/jkEGWUHO3SI0BRlGpUHn9Xh","77todYjt/jkEGWUHO3SI0BRlGpUHn9Xh","Dicaelus with wavy elytra pattern. All black."
"fed95d7d-4fab-41d8-9358-88ec699d2c2b","UKFS_004.basePlot.bet","D06","UKFS","UKFS_004","N","2015-08-11","2015-08-25","2015-09-30","2015-09-30","luQoN84IPtFCEbD/M+6Lb83aOK8sL9A4vUoJhf1SpNk=","NEON.BET.D06.000212","CARSP14","Carabidae sp.","family",,"Latreille","D06.2015.MorphA","Other",,"77todYjt/jkEGWUHO3SI0BRlGpUHn9Xh","77todYjt/jkEGWUHO3SI0BRlGpUHn9Xh","Dicaelus with wavy elytra pattern. All black."
"6144093d-9b40-48a7-b782-4f19b3e49b31","UKFS_004.basePlot.bet","D06","UKFS","UKFS_004","N","2015-08-11","2015-08-25","2015-09-30","2015-09-30","luQoN84IPtFCEbD/M+6Lb83aOK8sL9A4vUoJhf1SpNk=","NEON.BET.D06.000210","CARSP14","Carabidae sp.","family",,"Latreille","D06.2015.MorphC","Other",,"77todYjt/jkEGWUHO3SI0BRlGpUHn9Xh","77todYjt/jkEGWUHO3SI0BRlGpUHn9Xh","Lime green and bronze, metallic, medium size."
"4290bbd7-5961-4aa3-be95-a226aa776636","UKFS_003.basePlot.bet","D06","UKFS","UKFS_003","N","2015-08-11","2015-08-25","2015-09-30","2015-09-11","Vl3mTlloYQRW5CGpwBn0g3HEdkqeXxCBkcFwfdmm8yQ=","NEON.BET.D06.000204","CARSP14","Carabidae sp.","family",,"Latreille","D06.2015.MorphC","Other",,"77todYjt/jkEGWUHO3SI0BRlGpUHn9Xh","77todYjt/jkEGWUHO3SI0BRlGpUHn9Xh","Lime green and bronze, metallic, medium size."
"17bbec38-bc52-4c79-bcd4-e83104caa4d5","UKFS_003.basePlot.bet","D06","UKFS","UKFS_003","N","2015-08-11","2015-08-25","2015-09-30","2015-09-11","Vl3mTlloYQRW5CGpwBn0g3HEdkqeXxCBkcFwfdmm8yQ=","NEON.BET.D06.000203","CARSP14","Carabidae sp.","family",,"Latreille","D06.2015.MorphC","Other",,"77todYjt/jkEGWUHO3SI0BRlGpUHn9Xh","77todYjt/jkEGWUHO3SI0BRlGpUHn9Xh","Lime green and bronze, metallic, medium size."
"8c903ccc-585e-4f43-abba-b751882ac958","UKFS_006.basePlot.bet","D06","UKFS","UKFS_006","N","2015-08-11","2015-08-25","2015-09-30","2015-09-11","B2YMmw2rf0fo8U6L7B9sNKFO6kMFRjFqE7/cZcEiTJ4=","NEON.BET.D06.000214","BRAALT","Brachinus alternans","species",,"Dejean",,"Other",,"77todYjt/jkEGWUHO3SI0BRlGpUHn9Xh","77todYjt/jkEGWUHO3SI0BRlGpUHn9Xh",
"b51bafe8-3e2e-4954-9622-df527bbb27d8","UKFS_006.basePlot.bet","D06","UKFS","UKFS_006","N","2015-08-11","2015-08-25","2015-09-30","2015-09-30","B2YMmw2rf0fo8U6L7B9sNKFO6kMFRjFqE7/cZcEiTJ4=","NEON.BET.D06.000215","BRAALT","Brachinus alternans","species",,"Dejean",,"Other",,"77todYjt/jkEGWUHO3SI0BRlGpUHn9Xh","77todYjt/jkEGWUHO3SI0BRlGpUHn9Xh",
"4a904952-4ccf-4dad-90b9-49b65630f206","UKFS_006.basePlot.bet","D06","UKFS","UKFS_006","N","2015-08-11","2015-08-25","2015-09-30","2015-09-30","B2YMmw2rf0fo8U6L7B9sNKFO6kMFRjFqE7/cZcEiTJ4=","NEON.BET.D06.000213","BRAALT","Brachinus alternans","species",,"Dejean",,"Other",,"77todYjt/jkEGWUHO3SI0BRlGpUHn9Xh","77todYjt/jkEGWUHO3SI0BRlGpUHn9Xh",
"b934ffa9-83df-493a-bb59-873a66c5e3cd","UKFS_004.basePlot.bet","D06","UKFS","UKFS_004","N","2015-08-11","2015-08-25","2015-09-30","2015-09-30","luQoN84IPtFCEbD/M+6Lb83aOK8sL9A4vUoJhf1SpNk=","NEON.BET.D06.000211","CARSP14","Carabidae sp.","family",,"Latreille","D06.2015.MorphA","Other",,"77todYjt/jkEGWUHO3SI0BRlGpUHn9Xh","77todYjt/jkEGWUHO3SI0BRlGpUHn9Xh","Dicaelus with wavy elytra pattern. All black."
"999f11ae-48f0-403c-88d5-bb44ce8ac4a7","UKFS_004.basePlot.bet","D06","UKFS","UKFS_004","N","2015-08-11","2015-08-25","2015-09-30","2015-09-30","luQoN84IPtFCEbD/M+6Lb83aOK8sL9A4vUoJhf1SpNk=","NEON.BET.D06.000209","CARSP14","Carabidae sp.","family",,"Latreille","D06.2015.MorphC","Other",,"77todYjt/jkEGWUHO3SI0BRlGpUHn9Xh","77todYjt/jkEGWUHO3SI0BRlGpUHn9Xh","Lime green and bronze, metallic, medium size."
"92170314-4c3a-412a-8591-d809332793b3","UKFS_003.basePlot.bet","D06","UKFS","UKFS_003","S","2015-08-11","2015-08-25","2015-09-30","2015-09-30","Vl3mTlloYQQKrLsC1l93W+pz5ZmQSBfkOZVPI9xdwmI=","NEON.BET.D06.000470","CARSP14","Carabidae sp.","family",,"Latreille","D06.2015.MorphC","Other",,"77todYjt/jkEGWUHO3SI0BRlGpUHn9Xh","77todYjt/jkEGWUHO3SI0BRlGpUHn9Xh","Lime green and bronze, metallic, medium size."
"3990a286-599b-42e1-b3bf-8b4c486b3269","UKFS_008.basePlot.bet","D06","UKFS","UKFS_008","S","2015-08-11","2015-08-25","2015-09-30","2015-09-30","5GU/wTV57IXnpLXUjN/eACh/7OD8WndKODduYgRfFgg=","NEON.BET.D06.000457","CARSP14","Carabidae sp.","family",,"Latreille","D06.2015.MorphK","Other",,"77todYjt/jkEGWUHO3SI0BRlGpUHn9Xh","77todYjt/jkEGWUHO3SI0BRlGpUHn9Xh","Dark brown overall, light brown edge of pronotum. Pronotum basally punctate. Harpalus sp."
"9ddabb53-04d1-4814-813a-60df88401acd","UKFS_005.basePlot.bet","D06","UKFS","UKFS_005","S","2015-08-11","2015-08-25","2015-09-30","2015-09-30","U/hiAoS2t8wHr9hCVZ7Q/Ewm3WTD07zsxnPyhc55qIE=","NEON.BET.D06.000500","BRAALT","Brachinus alternans","species",,"Dejean",,"Other",,"77todYjt/jkEGWUHO3SI0BRlGpUHn9Xh","77todYjt/jkEGWUHO3SI0BRlGpUHn9Xh",
"f71e473b-ce1c-4130-9361-c3db396c6478","UKFS_002.basePlot.bet","D06","UKFS","UKFS_002","S","2015-08-11","2015-08-25","2015-09-30","2015-09-30","ThLXd3W736+K1+DiZEI5+BFvPvhyO7fYJcsqSbzotrM=","NEON.BET.D06.000478","CARSP14","Carabidae sp.","family",,"Latreille","D06.2015.MorphA","Other",,"77todYjt/jkEGWUHO3SI0BRlGpUHn9Xh","77todYjt/jkEGWUHO3SI0BRlGpUHn9Xh","Dicaelus with wavy elytra pattern. All black."
"9a7aa8d8-615a-4f21-8151-72e08e63b25e","UKFS_010.basePlot.bet","D06","UKFS","UKFS_010","S","2015-08-11","2015-08-25","2015-09-30","2015-09-30","26ylXNgyPLzHrGLlAmMPzBDh7rC5djPNuFs8lgK231A=","NEON.BET.D06.000484","DICPUR4","Dicaelus purpuratus","species",,"Bonelli",,"Other",,"77todYjt/jkEGWUHO3SI0BRlGpUHn9Xh","77todYjt/jkEGWUHO3SI0BRlGpUHn9Xh",
"ba3f9a0a-6711-4d57-a6e1-b3677f938f57","UKFS_006.basePlot.bet","D06","UKFS","UKFS_006","S","2015-08-11","2015-08-25","2015-09-30","2015-08-27","B2YMmw2rf0fnt5F1w8DozyVlWhwjdAhRZb+XISEQnLE=","NEON.BET.D06.000377","BRAALT","Brachinus alternans","species",,"Dejean",,"Other",,"77todYjt/jkEGWUHO3SI0BRlGpUHn9Xh","77todYjt/jkEGWUHO3SI0BRlGpUHn9Xh",
"f139ae4c-0386-4a48-b500-d973b1094138","UKFS_001.basePlot.bet","D06","UKFS","UKFS_001","S","2015-08-11","2015-08-25","2015-09-30","2015-09-30","W8lw52JMhqAmSsyHNCbL6Zyu/Yf0lB4UXuxGTZCA+l0=","NEON.BET.D06.000489","CARSP14","Carabidae sp.","family",,"Latreille","D06.2015.MorphA","Other",,"77todYjt/jkEGWUHO3SI0BRlGpUHn9Xh","77todYjt/jkEGWUHO3SI0BRlGpUHn9Xh","Dicaelus with wavy elytra pattern. All black."
"2618c47b-c0cd-4b55-a338-4d0ecaef3455","UKFS_006.basePlot.bet","D06","UKFS","UKFS_006","S","2015-08-11","2015-08-25","2015-09-30","2015-09-28","B2YMmw2rf0fnt5F1w8Doz4/IkbF2xI5pkJWzmt9jtYg=","NEON.BET.D06.000374","CHLNEM","Chlaenius nemoralis","species",,"Say",,"Other",,"77todYjt/jkEGWUHO3SI0BRlGpUHn9Xh","77todYjt/jkEGWUHO3SI0BRlGpUHn9Xh",
"a599a82b-3f51-4f35-966e-13e63616db2c","UKFS_006.basePlot.bet","D06","UKFS","UKFS_006","S","2015-08-11","2015-08-25","2015-09-30","2015-09-28","B2YMmw2rf0fnt5F1w8DozyVlWhwjdAhRZb+XISEQnLE=","NEON.BET.D06.000376","BRAALT","Brachinus alternans","species",,"Dejean",,"Arnett Jr., R. H., and M. C. Thomas. 2001. American Beetles Archosemata, Myxophaga, Adephaga, Polyphaga: Staphyliniformia. 1st Vol. (C. Press, Ed.). 1st Ed. Boca Raton, FL.",,"77todYjt/jkEGWUHO3SI0BRlGpUHn9Xh","77todYjt/jkEGWUHO3SI0BRlGpUHn9Xh",
"1ef625e3-0a8b-4841-b943-226e10170c26","UKFS_006.basePlot.bet","D06","UKFS","UKFS_006","S","2015-08-11","2015-08-25","2015-09-30","2015-09-28","B2YMmw2rf0fnt5F1w8Doz2jP34Seef+KrL+aMhkN5bg=","NEON.BET.D06.000375","DICPUR4","Dicaelus purpuratus","species",,"Bonelli",,"Other",,"77todYjt/jkEGWUHO3SI0BRlGpUHn9Xh","77todYjt/jkEGWUHO3SI0BRlGpUHn9Xh",
"92a60bb3-5741-4451-b819-acc1a89c14f1","UKFS_002.basePlot.bet","D06","UKFS","UKFS_002","W","2015-08-11","2015-08-25","2015-09-30","2015-09-30","ThLXd3W7368zCKg0KTot3ywb6edg9RtS+ryHgXoCA+M=","NEON.BET.D06.000563","CARSP14","Carabidae sp.","family",,"Latreille","D06.2015.MorphA","Other",,"77todYjt/jkEGWUHO3SI0BRlGpUHn9Xh","77todYjt/jkEGWUHO3SI0BRlGpUHn9Xh","Dicaelus with wavy elytra pattern. All black."
"c57d40d5-bfb5-4ef0-b91c-f768d873f4f5","UKFS_008.basePlot.bet","D06","UKFS","UKFS_008","W","2015-08-11","2015-08-25","2015-09-30","2015-09-30","5GU/wTV57IWBL4I7Yrasm/nAeoOPxFz4ebMTGG/anwM=","NEON.BET.D06.000509","CARSP14","Carabidae sp.","family",,"Latreille","D06.2015.MorphK","Other",,"77todYjt/jkEGWUHO3SI0BRlGpUHn9Xh","77todYjt/jkEGWUHO3SI0BRlGpUHn9Xh","Dark brown overall, light brown edge of pronotum. Pronotum basally punctate. Harpalus sp."
"6fdbe245-e1d6-4f93-a748-ab76d24edb88","UKFS_008.basePlot.bet","D06","UKFS","UKFS_008","W","2015-08-11","2015-08-25","2015-09-30","2015-09-30","5GU/wTV57IWBL4I7Yrasm4nNYyKl5jfqBVVHvGnZMvs=","NEON.BET.D06.000456","BRAALT","Brachinus alternans","species",,"Dejean",,"Other",,"77todYjt/jkEGWUHO3SI0BRlGpUHn9Xh","77todYjt/jkEGWUHO3SI0BRlGpUHn9Xh",
"928d565f-8f54-4fdb-94af-984caa65dba6","UKFS_005.basePlot.bet","D06","UKFS","UKFS_005","W","2015-08-11","2015-08-25","2015-09-30","2015-09-30","U/hiAoS2t8z2TlFIZ0xoJLkjGa7D5H7gPb5NzJP8pRA=","NEON.BET.D06.000501","CARSP14","Carabidae sp.","family",,"Latreille","D06.2015.MorphB","Other",,"77todYjt/jkEGWUHO3SI0BRlGpUHn9Xh","77todYjt/jkEGWUHO3SI0BRlGpUHn9Xh","Cyclotrachelus sp. Black oval pronotum. Notches on the posterolateral angles."
"19705bd4-38f6-40a4-b57e-c4ad688349ff","UKFS_003.basePlot.bet","D06","UKFS","UKFS_003","W","2015-08-11","2015-08-25","2015-09-30","2015-09-30","Vl3mTlloYQShkwfefQDNqaF8KYwAZwpQYy9s9Ffktg8=","NEON.BET.D06.000499","CARSP14","Carabidae sp.","family",,"Latreille","D06.2015.MorphF","Other",,"77todYjt/jkEGWUHO3SI0BRlGpUHn9Xh","77todYjt/jkEGWUHO3SI0BRlGpUHn9Xh","Black, iridescent when shown in the light. Rainbow reflection. Loxandrus sp."
"c51d28d5-2448-4920-b20c-f985d18eeee6","UKFS_003.basePlot.bet","D06","UKFS","UKFS_003","W","2015-08-11","2015-08-25","2015-09-30","2015-09-30","Vl3mTlloYQShkwfefQDNqWLOHbc8TbF81oA0xS7H35A=","NEON.BET.D06.000497","DICPUR4","Dicaelus purpuratus","species",,"Bonelli",,"Other",,"77todYjt/jkEGWUHO3SI0BRlGpUHn9Xh","77todYjt/jkEGWUHO3SI0BRlGpUHn9Xh",
"7006960e-df77-4af9-b6de-2b240e579ef6","UKFS_004.basePlot.bet","D06","UKFS","UKFS_004","W","2015-08-11","2015-08-25","2015-09-30","2015-09-30","luQoN84IPtEnb6sGg4J5kqx6odRJbJKB4Gu6fYX0h1A=","NEON.BET.D06.000454","CARSP14","Carabidae sp.","family",,"Latreille","D06.2015.MorphB","Other",,"77todYjt/jkEGWUHO3SI0BRlGpUHn9Xh","77todYjt/jkEGWUHO3SI0BRlGpUHn9Xh","Cyclotrachelus sp. Black oval pronotum. Notches on the posterolateral angles."
"50ffc92d-20eb-4c44-9c01-6494df34b797","UKFS_002.basePlot.bet","D06","UKFS","UKFS_002","W","2015-08-11","2015-08-25","2015-09-30","2015-09-30","ThLXd3W7368zCKg0KTot3ywb6edg9RtS+ryHgXoCA+M=","NEON.BET.D06.000562","CARSP14","Carabidae sp.","family",,"Latreille","D06.2015.MorphB","Other",,"77todYjt/jkEGWUHO3SI0BRlGpUHn9Xh","77todYjt/jkEGWUHO3SI0BRlGpUHn9Xh","Cyclotrachelus sp. Black oval pronotum. Notches on the posterolateral angles."
"458f803e-2632-44e6-849f-3878afcca8dd","UKFS_003.basePlot.bet","D06","UKFS","UKFS_003","W","2015-08-11","2015-08-25","2015-09-30","2015-09-30","Vl3mTlloYQShkwfefQDNqaF8KYwAZwpQYy9s9Ffktg8=","NEON.BET.D06.000498","CARSP14","Carabidae sp.","family",,"Latreille","D06.2015.MorphB","Other",,"77todYjt/jkEGWUHO3SI0BRlGpUHn9Xh","77todYjt/jkEGWUHO3SI0BRlGpUHn9Xh","Cyclotrachelus sp. Black oval pronotum. Notches on the posterolateral angles."
"47fc6186-f1c2-416f-b342-3de16bfd3f56","UKFS_001.basePlot.bet","D06","UKFS","UKFS_001","W","2015-08-11","2015-08-25","2015-09-30","2015-09-30","W8lw52JMhqDu0Lle5bL3/bjTS2qRcR9yhzxheqZiLQE=","NEON.BET.D06.000490","CARSP14","Carabidae sp.","family",,"Latreille","D06.2015.MorphC","Other",,"77todYjt/jkEGWUHO3SI0BRlGpUHn9Xh","77todYjt/jkEGWUHO3SI0BRlGpUHn9Xh","Lime green and bronze, metallic, medium size."
"0eb07496-503a-49ce-8834-8998f3a885d4","UKFS_009.basePlot.bet","D06","UKFS","UKFS_009","W","2015-08-11","2015-08-25","2015-09-30","2015-09-29","MMz820nXMknlpp7hDs47BbLT+JrfdFKHy5wo0uBlOWc=","NEON.BET.D06.000379","HARCAL","Harpalus caliginosus","species",,"Fabricius",,"Other",,"77todYjt/jkEGWUHO3SI0BRlGpUHn9Xh","77todYjt/jkEGWUHO3SI0BRlGpUHn9Xh",
"cde11530-b95e-41a2-987a-831e67f99c85","UKFS_009.basePlot.bet","D06","UKFS","UKFS_009","W","2015-08-11","2015-08-25","2015-09-30","2015-09-29","MMz820nXMknlpp7hDs47BQrfshORFIdCs17ZoGMujZo=","NEON.BET.D06.000378","BRAALT","Brachinus alternans","species",,"Dejean",,"Other",,"77todYjt/jkEGWUHO3SI0BRlGpUHn9Xh","77todYjt/jkEGWUHO3SI0BRlGpUHn9Xh",
"abb64582-ea9e-44bb-8cf5-780ba12274ba","UKFS_009.basePlot.bet","D06","UKFS","UKFS_009","W","2015-08-11","2015-08-25","2015-09-30","2015-09-30","MMz820nXMknlpp7hDs47BbLT+JrfdFKHy5wo0uBlOWc=","NEON.BET.D06.000380","HARCAL","Harpalus caliginosus","species",,"Fabricius",,"Other",,"77todYjt/jkEGWUHO3SI0BRlGpUHn9Xh","77todYjt/jkEGWUHO3SI0BRlGpUHn9Xh",
"6a071d5f-89dc-48a2-b723-daafb9b8cffb","UKFS_008.basePlot.bet","D06","UKFS","UKFS_008","W","2015-08-11","2015-08-25","2015-09-30","2015-09-30","5GU/wTV57IWBL4I7Yrasm3V4KlZVjTWU8nApTvEcPmY=","NEON.BET.D06.000455","DICPUR4","Dicaelus purpuratus","species",,"Bonelli",,"Other",,"77todYjt/jkEGWUHO3SI0BRlGpUHn9Xh","77todYjt/jkEGWUHO3SI0BRlGpUHn9Xh",
"30f323ef-6ca7-4759-bbcb-03f55ad4b3d8","UKFS_005.basePlot.bet","D06","UKFS","UKFS_005","W","2015-08-11","2015-08-25","2015-09-30","2015-09-30","U/hiAoS2t8z2TlFIZ0xoJJmiwjvhgSnGg5rTzpUG/Xw=","NEON.BET.D06.000502","DICFUR","Dicaelus furvus","species",,"Dejean",,"Other",,"77todYjt/jkEGWUHO3SI0BRlGpUHn9Xh","77todYjt/jkEGWUHO3SI0BRlGpUHn9Xh",
"ded6872b-74b5-49c8-aed9-8002196de58d","UKFS_006.basePlot.bet","D06","UKFS","UKFS_006","W","2015-08-11","2015-08-25","2015-09-30","2015-09-30","B2YMmw2rf0fYWbPYzxQo9qxrPcRbC94vEIkBj/myvp0=","NEON.BET.D06.000452","BRAALT","Brachinus alternans","species",,"Dejean",,"Other",,"77todYjt/jkEGWUHO3SI0BRlGpUHn9Xh","77todYjt/jkEGWUHO3SI0BRlGpUHn9Xh",
"86d626de-2c70-4e69-b0c6-8f6162841d12","UKFS_004.basePlot.bet","D06","UKFS","UKFS_004","W","2015-08-11","2015-08-25","2015-09-30","2015-09-30","luQoN84IPtEnb6sGg4J5klvYazyixgpUGLecKmOnlDQ=","NEON.BET.D06.000206","DICPUR4","Dicaelus purpuratus","species",,"Bonelli",,"Other",,"77todYjt/jkEGWUHO3SI0BRlGpUHn9Xh","77todYjt/jkEGWUHO3SI0BRlGpUHn9Xh",
"dbd125a2-0dae-4f6f-9190-13b3934acdac","UKFS_008.basePlot.bet","D06","UKFS","UKFS_008","E","2015-08-11","2015-08-25","2015-09-30","2015-09-30","5GU/wTV57IUADZuiX4ZHqc0LocrpgYeX9JEAiDGUxBk=","NEON.BET.D06.000507","CARSP14","Carabidae sp.","family",,"Latreille","D06.2015.MorphK","Other",,"77todYjt/jkEGWUHO3SI0BRlGpUHn9Xh","77todYjt/jkEGWUHO3SI0BRlGpUHn9Xh","Dark brown overall, light brown edge of pronotum. Pronotum basally punctate. Harpalus sp."
