uid,namedLocation,domainID,siteID,plotID,trapID,setDate,collectDate,processingDate,etOHChangeDate,identifiedDate,sampleID,subsampleID,sampleType,taxonID,scientificName,taxonRank,identificationQualifier,scientificNameAuthorship,morphospeciesID,individualCount,identificationReferences,identifiedBy,recordedBy,remarks
"71a7d780-cf9e-4938-8209-6f17f638529d","UKFS_002.basePlot.bet","D06","UKFS","UKFS_002","S","2015-07-28","2015-08-11","2015-08-12","2015-08-13",,"UKFS_002.S.20150811","ThLXd3W736+K1+DiZEI5+IL+JlNNi2crVgX8SV/KkX0=","invert bycatch",,,,,,,,,,"77todYjt/jkEGWUHO3SI0BRlGpUHn9Xh",
"82527b2f-9223-45bf-8565-d21cd1c5e9cd","UKFS_010.basePlot.bet","D06","UKFS","UKFS_010","S","2015-07-28","2015-08-11","2015-08-12","2015-08-17","2015-09-28","UKFS_010.S.20150811","26ylXNgyPLzHrGLlAmMPzKcJbLici60foCq8faTBs54=","carabid","BRAALT","Brachinus alternans","species",,"Dejean",,1,"Other","77todYjt/jkEGWUHO3SI0BRlGpUHn9Xh","77todYjt/jkEGWUHO3SI0BRlGpUHn9Xh",
"18fc7e52-e693-49b2-bac2-3ead778f1938","UKFS_006.basePlot.bet","D06","UKFS","UKFS_006","S","2015-07-28","2015-08-11","2015-08-12","2015-08-13",,"UKFS_006.S.20150811","B2YMmw2rf0fnt5F1w8Doz1wo4lhP55kSB8JZlYXx6aQ=","invert bycatch",,,,,,,,,,"wQI+SYME+gr3nKVXMbMGzlxt6VcoOetL",
"a2529271-463c-4890-aca0-6d753610783a","UKFS_006.basePlot.bet","D06","UKFS","UKFS_006","S","2015-07-28","2015-08-11","2015-08-12","2015-08-13","2015-09-28","UKFS_006.S.20150811","B2YMmw2rf0fnt5F1w8Doz/BDHcCkHrj48/oBy3/bhF8=","carabid","BRAALT","Brachinus alternans","species",,"Dejean",,1,"Other","77todYjt/jkEGWUHO3SI0BRlGpUHn9Xh","wQI+SYME+gr3nKVXMbMGzlxt6VcoOetL",
"3d2ef3c8-c6b5-423a-8f8a-f82cc9c982ee","UKFS_004.basePlot.bet","D06","UKFS","UKFS_004","S","2015-07-28","2015-08-11","2015-08-12","2015-08-13","2015-09-28","UKFS_004.S.20150811","luQoN84IPtE+nCttLa7FCZ/RhANwa7g5hHVAmuY6zp0=","carabid","BRAALT","Brachinus alternans","species",,"Dejean",,1,"Other","77todYjt/jkEGWUHO3SI0BRlGpUHn9Xh","77todYjt/jkEGWUHO3SI0BRlGpUHn9Xh",
"d56e2de2-d5fd-4c43-8fd7-8803743b8468","UKFS_004.basePlot.bet","D06","UKFS","UKFS_004","S","2015-07-28","2015-08-11","2015-08-12","2015-08-13",,"UKFS_004.S.20150811","luQoN84IPtE+nCttLa7FCcRbzxZPuxR85UJIF2xr/wY=","invert bycatch",,,,,,,,,,"77todYjt/jkEGWUHO3SI0BRlGpUHn9Xh",
"880b1722-cadf-4ff2-9ed0-2fac2b6165fb","UKFS_004.basePlot.bet","D06","UKFS","UKFS_004","S","2015-07-28","2015-08-11","2015-08-12","2015-08-13","2015-09-28","UKFS_004.S.20150811","luQoN84IPtE+nCttLa7FCZJKQHIv2urL0Cgo2Upw9o8=","carabid","CARSP14","Carabidae sp.","family",,"Latreille","D06.2015.MorphA",2,"Other","77todYjt/jkEGWUHO3SI0BRlGpUHn9Xh","77todYjt/jkEGWUHO3SI0BRlGpUHn9Xh","Dicaelus with wavy elytra pattern. All black"
"ce038660-a77c-4af3-b388-a0bdcbe266df","UKFS_002.basePlot.bet","D06","UKFS","UKFS_002","S","2015-07-28","2015-08-11","2015-08-12","2015-08-13","2015-09-28","UKFS_002.S.20150811","ThLXd3W736+K1+DiZEI5+C3tFogRb2gQKdmYZTnLDLs=","carabid","CARSP14","Carabidae sp.","family",,"Latreille","D06.2015.MorphC",1,"Other","77todYjt/jkEGWUHO3SI0BRlGpUHn9Xh","77todYjt/jkEGWUHO3SI0BRlGpUHn9Xh","Lime green and bronze, metallic, medium size|Dicaelus with wavy elytra pattern, all black"
"6cbded73-bd28-48c6-8812-9162ae1e19e6","UKFS_003.basePlot.bet","D06","UKFS","UKFS_003","S","2015-07-28","2015-08-11","2015-08-12","2015-08-13","2015-09-28","UKFS_003.S.20150811","Vl3mTlloYQQKrLsC1l93W1BWsCORze7S6T8J4dJ63/4=","carabid","BRAALT","Brachinus alternans","species",,"Dejean",,2,"Other","77todYjt/jkEGWUHO3SI0BRlGpUHn9Xh","wQI+SYME+gr3nKVXMbMGzlxt6VcoOetL",
"9a35af18-e289-45e9-98dc-d32fe97052b9","UKFS_003.basePlot.bet","D06","UKFS","UKFS_003","S","2015-07-28","2015-08-11","2015-08-12","2015-08-13",,"UKFS_003.S.20150811","Vl3mTlloYQQKrLsC1l93W4qpUnfxKty6s2yMPM5yrTU=","invert bycatch",,,,,,,,,,"wQI+SYME+gr3nKVXMbMGzlxt6VcoOetL",
"1ac3f6f0-3339-47ac-ab2c-d7a210963032","UKFS_009.basePlot.bet","D06","UKFS","UKFS_009","S","2015-07-28","2015-08-11","2015-08-12","2015-08-17","2015-09-28","UKFS_009.S.20150811","MMz820nXMklIuibWjob24GRm0zfVjYl/VdxxvEwLuG8=","carabid","CARSP14","Carabidae sp.","family",,"Latreille","D06.2015.MorphG",2,"Other","77todYjt/jkEGWUHO3SI0BRlGpUHn9Xh","77todYjt/jkEGWUHO3SI0BRlGpUHn9Xh","Metallic green, big headed tiger beetle. Megacephala sp."
"67604cf8-f5cd-49bb-a828-9e77cd1f6652","UKFS_009.basePlot.bet","D06","UKFS","UKFS_009","S","2015-07-28","2015-08-11","2015-08-12","2015-08-17",,"UKFS_009.S.20150811","MMz820nXMklIuibWjob24Egl9lPL9ZRrpf0mc3FWO0A=","invert bycatch",,,,,,,,,,"77todYjt/jkEGWUHO3SI0BRlGpUHn9Xh",
"2e3be589-5caf-43fa-a462-c986d8a2f887","UKFS_007.basePlot.bet","D06","UKFS","UKFS_007","S","2015-07-28","2015-08-11","2015-08-12","2015-08-13",,"UKFS_007.S.20150811","PlyNduRc44RUoq0pcfo96v/yLQfnb7wSX7y+e3SCQyg=","invert bycatch",,,,,,,,,,"wQI+SYME+gr3nKVXMbMGzlxt6VcoOetL",
"9ad4c976-07c2-46ad-8c7e-c89b5c7885a2","UKFS_007.basePlot.bet","D06","UKFS","UKFS_007","S","2015-07-28","2015-08-11","2015-08-12","2015-08-13","2015-09-28","UKFS_007.S.20150811","PlyNduRc44RUoq0pcfo96nyu74wc+c1cAnV5ky8U28s=","carabid","CARSP14","Carabidae sp.","family",,"Latreille","D06.2015.MorphD",1,"Other","77todYjt/jkEGWUHO3SI0BRlGpUHn9Xh","wQI+SYME+gr3nKVXMbMGzlxt6VcoOetL","Dark brown with light brown around the edge of the pronotum. Loxandrus sp.|Dicaelus with wavy elytra pattern. All black"
"17227b19-850e-4722-adbb-6d29ecedd518","UKFS_001.basePlot.bet","D06","UKFS","UKFS_001","S","2015-07-28","2015-08-11","2015-08-12","2015-08-12",,"UKFS_001.S.20150811","W8lw52JMhqAmSsyHNCbL6QnCQe1ZHa0Jfg9D4PmuQek=","invert bycatch",,,,,,,,,,"77todYjt/jkEGWUHO3SI0BRlGpUHn9Xh",
"58c98789-ded1-4644-b429-a4e86e52016d","UKFS_003.basePlot.bet","D06","UKFS","UKFS_003","S","2015-07-28","2015-08-11","2015-08-12","2015-08-13","2015-09-28","UKFS_003.S.20150811","Vl3mTlloYQQKrLsC1l93W6y1v/nlTJUw4K57yPvXSPk=","carabid","DICFUR","Dicaelus furvus","species",,"Dejean",,1,"Other","77todYjt/jkEGWUHO3SI0BRlGpUHn9Xh","wQI+SYME+gr3nKVXMbMGzlxt6VcoOetL",
"ada9b01c-58b4-4cbb-a27a-63baf564c329","UKFS_008.basePlot.bet","D06","UKFS","UKFS_008","W","2015-07-28","2015-08-11","2015-08-12","2015-08-13","2015-09-28","UKFS_008.W.20150811","5GU/wTV57IWBL4I7Yrasm7kSMXAiGiImdwwK8Ux1+3Q=","carabid","BRAALT","Brachinus alternans","species",,"Dejean",,6,"Other","77todYjt/jkEGWUHO3SI0BRlGpUHn9Xh","77todYjt/jkEGWUHO3SI0BRlGpUHn9Xh",
"34024430-3807-4fdd-97d5-1bb6560ffd67","UKFS_008.basePlot.bet","D06","UKFS","UKFS_008","W","2015-07-28","2015-08-11","2015-08-12","2015-08-13",,"UKFS_008.W.20150811","5GU/wTV57IWBL4I7YrasmzC4WK3PeZ811Fj2lWDgoDo=","invert bycatch",,,,,,,,,,"77todYjt/jkEGWUHO3SI0BRlGpUHn9Xh",
"1441f281-5b81-4d42-b9ed-21c2122f88c3","UKFS_008.basePlot.bet","D06","UKFS","UKFS_008","W","2015-07-28","2015-08-11","2015-08-12","2015-08-13","2015-09-28","UKFS_008.W.20150811","5GU/wTV57IWBL4I7YrasmxfQV9H/VWRdHXdsOi5BfTE=","carabid","CARSP14","Carabidae sp.","family",,"Latreille","D06.2015.MorphB",2,"Other","77todYjt/jkEGWUHO3SI0BRlGpUHn9Xh","77todYjt/jkEGWUHO3SI0BRlGpUHn9Xh","Dicaelus with wavy elytra pattern. All black|Cyclotrachelus sp. Black oval pronotum. Notches on the posterolateral angles|Dark brown overall, light brown edge of pronotum. Pronotum basally punctate. Harpalus sp."
"688c4393-f290-480f-9c4d-eeabd6bc4e94","UKFS_002.basePlot.bet","D06","UKFS","UKFS_002","W","2015-07-28","2015-08-11","2015-08-12","2015-08-13","2015-09-28","UKFS_002.W.20150811","ThLXd3W7368zCKg0KTot33Ajsqx3sWW5fVdU/QcmMJE=","carabid","CARSP14","Carabidae sp.","family",,"Latreille","D06.2015.MorphA",1,"Other","77todYjt/jkEGWUHO3SI0BRlGpUHn9Xh","77todYjt/jkEGWUHO3SI0BRlGpUHn9Xh","Dicaelus with wavy elytra pattern. All black"
"36eee04e-975a-493c-885b-582e4bd75817","UKFS_010.basePlot.bet","D06","UKFS","UKFS_010","W","2015-07-28","2015-08-11","2015-08-12","2015-08-17","2015-09-28","UKFS_010.W.20150811","26ylXNgyPLyzBCQxUJaQs3iaOQCN/Bvwo3Ba/5XhO6k=","carabid","BRAALT","Brachinus alternans","species",,"Dejean",,2,"Other","77todYjt/jkEGWUHO3SI0BRlGpUHn9Xh","77todYjt/jkEGWUHO3SI0BRlGpUHn9Xh",
"0760deb0-4044-4210-9dfc-b4e9dca1f5fc","UKFS_006.basePlot.bet","D06","UKFS","UKFS_006","W","2015-07-28","2015-08-11","2015-08-12","2015-08-13",,"UKFS_006.W.20150811","B2YMmw2rf0fYWbPYzxQo9ouKrTLU9Y6tUPNax6h+RYk=","invert bycatch",,,,,,,,,,"wQI+SYME+gr3nKVXMbMGzlxt6VcoOetL",
"7a03e30a-c40b-4280-8e6a-b986d2e37250","UKFS_005.basePlot.bet","D06","UKFS","UKFS_005","W","2015-07-28","2015-08-11","2015-08-12","2015-08-17","2015-09-28","UKFS_005.W.20150811","U/hiAoS2t8z2TlFIZ0xoJHOpzEjS2Rkem1x5PH8UgIo=","carabid","CARSP14","Carabidae sp.","family",,"Latreille","D06.2015.MorphB",1,"Other","77todYjt/jkEGWUHO3SI0BRlGpUHn9Xh","77todYjt/jkEGWUHO3SI0BRlGpUHn9Xh","Cyclotrachelus sp. Black oval pronotum. Notches on the posterolateral angles"
"0be9d91d-7f4e-4b2d-8167-a38e31e8cddf","UKFS_005.basePlot.bet","D06","UKFS","UKFS_005","W","2015-07-28","2015-08-11","2015-08-12","2015-08-17",,"UKFS_005.W.20150811","U/hiAoS2t8z2TlFIZ0xoJGKti1CQ02CwXizrSq8r0J8=","invert bycatch",,,,,,,,,,"77todYjt/jkEGWUHO3SI0BRlGpUHn9Xh",
"b1f654df-5f0b-4c4b-9a49-6d9bcbfc8537","UKFS_004.basePlot.bet","D06","UKFS","UKFS_004","W","2015-07-28","2015-08-11","2015-08-12","2015-08-13","2015-09-28","UKFS_004.W.20150811","luQoN84IPtEnb6sGg4J5ktPg+BEWcAL1nRoaf7BzwtU=","carabid","DICPUR4","Dicaelus purpuratus","species",,"Bonelli",,1,"Other","77todYjt/jkEGWUHO3SI0BRlGpUHn9Xh","77todYjt/jkEGWUHO3SI0BRlGpUHn9Xh",
"859149bc-9ad5-470c-a869-97e3bf2d724f","UKFS_004.basePlot.bet","D06","UKFS","UKFS_004","W","2015-07-28","2015-08-11","2015-08-12","2015-08-13","2015-09-28","UKFS_004.W.20150811","luQoN84IPtEnb6sGg4J5krBWRDLx3PZnlso+h57+POE=","carabid","BRAALT","Brachinus alternans","species",,"Dejean",,5,"Other","77todYjt/jkEGWUHO3SI0BRlGpUHn9Xh","77todYjt/jkEGWUHO3SI0BRlGpUHn9Xh",
"9bd94692-a228-4ee8-be9b-0b31f1bba218","UKFS_002.basePlot.bet","D06","UKFS","UKFS_002","W","2015-07-28","2015-08-11","2015-08-12","2015-08-13",,"UKFS_002.W.20150811","ThLXd3W7368zCKg0KTot3+LpZ3fNJcaCylHR7V/Hm0w=","invert bycatch",,,,,,,,,,"77todYjt/jkEGWUHO3SI0BRlGpUHn9Xh",
"2ecbe4c9-a96f-4497-b6d6-64a7725b3672","UKFS_003.basePlot.bet","D06","UKFS","UKFS_003","W","2015-07-28","2015-08-11","2015-08-12","2015-08-13","2015-09-28","UKFS_003.W.20150811","Vl3mTlloYQShkwfefQDNqaMfMLiYNiPQyPWaQN1Y9N4=","carabid","BRAALT","Brachinus alternans","species",,"Dejean",,2,"Other","77todYjt/jkEGWUHO3SI0BRlGpUHn9Xh","wQI+SYME+gr3nKVXMbMGzlxt6VcoOetL",
"b3f7d704-8aa5-4612-9cdf-165d8002454a","UKFS_009.basePlot.bet","D06","UKFS","UKFS_009","W","2015-07-28","2015-08-11","2015-08-12","2015-08-17","2015-09-28","UKFS_009.W.20150811","MMz820nXMknlpp7hDs47BeG/pRNq/S9Z3DCBORV/seA=","carabid","BRAALT","Brachinus alternans","species",,"Dejean",,2,"Other","77todYjt/jkEGWUHO3SI0BRlGpUHn9Xh","77todYjt/jkEGWUHO3SI0BRlGpUHn9Xh",
"42318f74-5622-42fe-875f-8fe4a380899d","UKFS_009.basePlot.bet","D06","UKFS","UKFS_009","W","2015-07-28","2015-08-11","2015-08-12","2015-08-17",,"UKFS_009.W.20150811","MMz820nXMknlpp7hDs47BRtj9GWjAcnXxxSTmWC8BFM=","invert bycatch",,,,,,,,,,"77todYjt/jkEGWUHO3SI0BRlGpUHn9Xh",
"5e32139f-efdc-4047-9753-cfc46b9fa2fc","UKFS_009.basePlot.bet","D06","UKFS","UKFS_009","W","2015-07-28","2015-08-11","2015-08-12","2015-08-17","2015-09-28","UKFS_009.W.20150811","MMz820nXMknlpp7hDs47BeqWL6yzhtsTkqtUp2pNp44=","carabid","SCASUB2","Scarites subterraneus","species",,"Fabricius",,1,"Other","77todYjt/jkEGWUHO3SI0BRlGpUHn9Xh","77todYjt/jkEGWUHO3SI0BRlGpUHn9Xh",
"3d035e09-36f0-451d-8731-57de08255b99","UKFS_004.basePlot.bet","D06","UKFS","UKFS_004","W","2015-07-28","2015-08-11","2015-08-12","2015-08-13",,"UKFS_004.W.20150811","luQoN84IPtEnb6sGg4J5kvk8UE0ePdIUOEQrYZ1OSbQ=","invert bycatch",,,,,,,,,,"77todYjt/jkEGWUHO3SI0BRlGpUHn9Xh",
"70d99f87-de9d-4b04-bfb8-17d7c806195e","UKFS_007.basePlot.bet","D06","UKFS","UKFS_007","W","2015-07-28","2015-08-11","2015-08-12","2015-08-13","2015-09-28","UKFS_007.W.20150811","PlyNduRc44S/3N+/1RkSoYtZj9gTaVTNJyFLTpNS3cY=","carabid","BRAALT","Brachinus alternans","species",,"Dejean",,1,"Other","77todYjt/jkEGWUHO3SI0BRlGpUHn9Xh","wQI+SYME+gr3nKVXMbMGzlxt6VcoOetL",
"4a3c111c-3aa6-4ed1-a2d8-44ec809dba2a","UKFS_007.basePlot.bet","D06","UKFS","UKFS_007","W","2015-07-28","2015-08-11","2015-08-12","2015-08-13",,"UKFS_007.W.20150811","PlyNduRc44S/3N+/1RkSoQnej64nJZ9SrKJVHUckbUs=","invert bycatch",,,,,,,,,,"wQI+SYME+gr3nKVXMbMGzlxt6VcoOetL",
"82b2bc0e-7216-4151-bd0e-063bbbd10914","UKFS_001.basePlot.bet","D06","UKFS","UKFS_001","W","2015-07-28","2015-08-11","2015-08-12","2015-08-12",,"UKFS_001.W.20150811","W8lw52JMhqDu0Lle5bL3/X+5mCkBJR1DJqLu4o1nmAA=","invert bycatch",,,,,,,,,,"77todYjt/jkEGWUHO3SI0BRlGpUHn9Xh",
"029baac8-89f3-4bb1-ab67-bfc0e0cba26d","UKFS_003.basePlot.bet","D06","UKFS","UKFS_003","W","2015-07-28","2015-08-11","2015-08-12","2015-08-13",,"UKFS_003.W.20150811","Vl3mTlloYQShkwfefQDNqZp9v88xm5MDpY/jqAvSy9w=","invert bycatch",,,,,,,,,,"wQI+SYME+gr3nKVXMbMGzlxt6VcoOetL",
"a28cf1dc-c2aa-4fb4-a7c7-ce8f361321dc","UKFS_009.basePlot.bet","D06","UKFS","UKFS_009","W","2015-07-28","2015-08-11","2015-08-12","2015-08-17","2015-09-28","UKFS_009.W.20150811","MMz820nXMknlpp7hDs47Bdui0c7q+JDo+mDjo3JuFM0=","carabid","HARCAL","Harpalus caliginosus","species",,"Fabricius",,1,"Other","77todYjt/jkEGWUHO3SI0BRlGpUHn9Xh","77todYjt/jkEGWUHO3SI0BRlGpUHn9Xh",
"3138f799-7edf-4b0f-9014-176991cbf2c1","UKFS_002.basePlot.bet","D06","UKFS","UKFS_002","W","2015-07-28","2015-08-11","2015-08-12","2015-08-13","2015-09-28","UKFS_002.W.20150811","ThLXd3W7368zCKg0KTot33RF/JCMWnuahwDMN9+cIfw=","carabid","BRAALT","Brachinus alternans","species",,"Dejean",,3,"Other","77todYjt/jkEGWUHO3SI0BRlGpUHn9Xh","77todYjt/jkEGWUHO3SI0BRlGpUHn9Xh",
"2b2f1a45-4fca-4429-b219-9e0cf264a1ad","UKFS_004.basePlot.bet","D06","UKFS","UKFS_004","W","2015-07-28","2015-08-11","2015-08-12","2015-08-13","2015-09-28","UKFS_004.W.20150811","luQoN84IPtEnb6sGg4J5klkqWnEgrgumbrqyiQiUT8Q=","carabid","CARSP14","Carabidae sp.","family",,"Latreille","D06.2015.MorphC",1,"Other","77todYjt/jkEGWUHO3SI0BRlGpUHn9Xh","77todYjt/jkEGWUHO3SI0BRlGpUHn9Xh","Lime green and bronze, metallic, medium size"
"5f07260f-82cc-4303-a472-cdbbad785889","UKFS_005.basePlot.bet","D06","UKFS","UKFS_005","E","2015-07-28","2015-08-11","2015-08-12","2015-08-17","2015-09-28","UKFS_005.E.20150811","U/hiAoS2t8wcH1I0HKSVBUNivmeXrupf3EJdKtEI5Qo=","carabid","CARSP14","Carabidae sp.","family",,"Latreille","D06.2015.MorphB",1,"Other","77todYjt/jkEGWUHO3SI0BRlGpUHn9Xh","77todYjt/jkEGWUHO3SI0BRlGpUHn9Xh","Cyclotrachelus sp. Black oval pronotum. Notches on the posterolateral angles"
"741f8fe9-a746-4523-adf1-3cf727d42ce4","UKFS_008.basePlot.bet","D06","UKFS","UKFS_008","E","2015-07-28","2015-08-11","2015-08-12","2015-08-13","2015-09-28","UKFS_008.E.20150811","5GU/wTV57IUADZuiX4ZHqcUuAExMMAdZlCBVqHVQFO8=","carabid","CARSP14","Carabidae sp.","family",,"Latreille","D06.2015.MorphA",1,"Other","77todYjt/jkEGWUHO3SI0BRlGpUHn9Xh","77todYjt/jkEGWUHO3SI0BRlGpUHn9Xh","Dicaelus with wavy elytra pattern. All black"
"cdef5f48-a6ac-47a5-94e2-f67b2064af7a","UKFS_008.basePlot.bet","D06","UKFS","UKFS_008","E","2015-07-28","2015-08-11","2015-08-12","2015-08-13",,"UKFS_008.E.20150811","5GU/wTV57IUADZuiX4ZHqTcEAKfsUNboGdVhYVVQD98=","invert bycatch",,,,,,,,,,"77todYjt/jkEGWUHO3SI0BRlGpUHn9Xh",
"aef38bfe-7c4b-4ef2-ba9b-9a859427ea1b","UKFS_010.basePlot.bet","D06","UKFS","UKFS_010","E","2015-07-28","2015-08-11","2015-08-12","2015-08-17","2015-09-28","UKFS_010.E.20150811","26ylXNgyPLyROz6pS2nu9cCHPc4kHGrPuliK5x3eHEE=","carabid","BRAALT","Brachinus alternans","species",,"Dejean",,1,"Other","77todYjt/jkEGWUHO3SI0BRlGpUHn9Xh","77todYjt/jkEGWUHO3SI0BRlGpUHn9Xh",
"7d0c6726-cb24-448b-876b-e7832cfdcd87","UKFS_006.basePlot.bet","D06","UKFS","UKFS_006","E","2015-07-28","2015-08-11","2015-08-12","2015-08-13","2015-09-28","UKFS_006.E.20150811","B2YMmw2rf0dJ+PFjWSEvBU8A7LExrAN9kHIlzRzgrak=","carabid","GALATR","Galerita atripes","species",,"LeConte",,2,"Other","77todYjt/jkEGWUHO3SI0BRlGpUHn9Xh","wQI+SYME+gr3nKVXMbMGzlxt6VcoOetL",
"5d1efc5b-5afe-4b51-87c0-ec865939385b","UKFS_006.basePlot.bet","D06","UKFS","UKFS_006","E","2015-07-28","2015-08-11","2015-08-12","2015-08-13",,"UKFS_006.E.20150811","B2YMmw2rf0dJ+PFjWSEvBddsVS6eAlvbQHsF4dd2k+o=","invert bycatch",,,,,,,,,,"wQI+SYME+gr3nKVXMbMGzlxt6VcoOetL",
"a4911d8d-abf3-42b5-9bba-7dcdb6021418","UKFS_005.basePlot.bet","D06","UKFS","UKFS_005","E","2015-07-28","2015-08-11","2015-08-12","2015-08-17",,"UKFS_005.E.20150811","U/hiAoS2t8wcH1I0HKSVBXMAgXdhnWrDSEZlhJeakgw=","invert bycatch",,,,,,,,,,"77todYjt/jkEGWUHO3SI0BRlGpUHn9Xh",
"670e70b9-a68b-4d23-bf68-f516b8728439","UKFS_003.basePlot.bet","D06","UKFS","UKFS_003","E","2015-07-28","2015-08-11","2015-08-12","2015-08-13",,"UKFS_003.E.20150811","Vl3mTlloYQT2VnzwvbmzbZqLTCYB+GC5LQJp+euxjK8=","invert bycatch",,,,,,,,,,"wQI+SYME+gr3nKVXMbMGzlxt6VcoOetL",
"dd2dcfb6-2cf3-4d1f-81cf-4a6b55359c35","UKFS_009.basePlot.bet","D06","UKFS","UKFS_009","E","2015-07-28","2015-08-11","2015-08-12","2015-08-17","2015-09-28","UKFS_009.E.20150811","MMz820nXMkl9BrpXOPF+VFZdtJ2WivYSM9jArMAKCA8=","carabid","CARSP14","Carabidae sp.","family",,"Latreille","D06.2015.MorphG",1,"Other","77todYjt/jkEGWUHO3SI0BRlGpUHn9Xh","77todYjt/jkEGWUHO3SI0BRlGpUHn9Xh","Metallic green, big headed tiger beetle. Megacephala sp."
"e78d2a70-30bc-480a-a921-e72c2fd22785","UKFS_009.basePlot.bet","D06","UKFS","UKFS_009","E","2015-07-28","2015-08-11","2015-08-12","2015-08-17",,"UKFS_009.E.20150811","MMz820nXMkl9BrpXOPF+VLFUSlVamcjsS34pQoc8rt4=","invert bycatch",,,,,,,,,,"77todYjt/jkEGWUHO3SI0BRlGpUHn9Xh",
"3d9ae674-73d2-4119-a45f-525b76faa297","UKFS_004.basePlot.bet","D06","UKFS","UKFS_004","E","2015-07-28","2015-08-11","2015-08-12","2015-08-13",,"UKFS_004.E.20150811","luQoN84IPtGyMW6k1P1bZadZ1ccXJBX7uiDuu4wYDsg=","invert bycatch",,,,,,,,,,"77todYjt/jkEGWUHO3SI0BRlGpUHn9Xh",
"681f7c7c-e2d9-49d9-b3e7-633acd142a05","UKFS_002.basePlot.bet","D06","UKFS","UKFS_002","E","2015-07-28","2015-08-11","2015-08-12","2015-08-13",,"UKFS_002.E.20150811","ThLXd3W736+v3QEZHc9CpNwZAjVu2ke9SlkNtuwQJ/g=","invert bycatch",,,,,,,,,,"77todYjt/jkEGWUHO3SI0BRlGpUHn9Xh",
"3a1299a6-e3e5-46d6-85eb-355eec9ae746","UKFS_007.basePlot.bet","D06","UKFS","UKFS_007","E","2015-07-28","2015-08-11","2015-08-12","2015-08-13",,"UKFS_007.E.20150811","PlyNduRc44Qcdojg0RaG6x/U5AxwWjjBeuWjXwGebOI=","invert bycatch",,,,,,,,,,"wQI+SYME+gr3nKVXMbMGzlxt6VcoOetL",
"f5a1a85d-0eac-4aaf-8b79-604b42375edf","UKFS_001.basePlot.bet","D06","UKFS","UKFS_001","E","2015-07-28","2015-08-11","2015-08-12","2015-08-12","2015-09-28","UKFS_001.E.20150811","W8lw52JMhqCf3upy0dCzjTJrJRKACbudTSVC8B0Vo5I=","carabid","DICFUR","Dicaelus furvus","species",,"Dejean",,1,"Other","77todYjt/jkEGWUHO3SI0BRlGpUHn9Xh","77todYjt/jkEGWUHO3SI0BRlGpUHn9Xh",
"bd424bc2-7cf9-4ab7-b404-aebaf44123aa","UKFS_001.basePlot.bet","D06","UKFS","UKFS_001","E","2015-07-28","2015-08-11","2015-08-12","2015-08-12","2015-09-28","UKFS_001.E.20150811","W8lw52JMhqCf3upy0dCzjTAS+5ve6fy4D0IDwCqNh/k=","carabid","CARSP14","Carabidae sp.","family",,"Latreille","D06.2015.MorphB",1,"Other","77todYjt/jkEGWUHO3SI0BRlGpUHn9Xh","77todYjt/jkEGWUHO3SI0BRlGpUHn9Xh","Cyclotrachelus sp.| Black oval pronotum, notches on the posterolateral angles|Dicaelus with wavy elytra pattern. all black"
"7608b5fb-6fec-48bf-b6f2-42c4a71c4875","UKFS_001.basePlot.bet","D06","UKFS","UKFS_001","E","2015-07-28","2015-08-11","2015-08-12","2015-08-12",,"UKFS_001.E.20150811","W8lw52JMhqCf3upy0dCzjc29PDun/vc1PpHfK5DDWrI=","invert bycatch",,,,,,,,,,"77todYjt/jkEGWUHO3SI0BRlGpUHn9Xh",
"ab60c334-dda5-4498-b6e8-db8d2f73a954","UKFS_007.basePlot.bet","D06","UKFS","UKFS_007","N","2015-07-28","2015-08-11","2015-08-12","2015-08-13",,"UKFS_007.N.20150811","PlyNduRc44SsZadZ+D6NMGCBCuvLw/6VByu+MslIBNI=","invert bycatch",,,,,,,,,,"wQI+SYME+gr3nKVXMbMGzlxt6VcoOetL",
"b4529452-da3e-4d8a-97d5-dfaec28c2418","UKFS_003.basePlot.bet","D06","UKFS","UKFS_003","N","2015-07-28","2015-08-11","2015-08-12","2015-08-13","2015-09-28","UKFS_003.N.20150811","Vl3mTlloYQRW5CGpwBn0g8YVehcakSIcATQI+V6Uk1w=","carabid","CARSP14","Carabidae sp.","family",,"Latreille","D06.2015.MorphC",1,"Other","77todYjt/jkEGWUHO3SI0BRlGpUHn9Xh","wQI+SYME+gr3nKVXMbMGzlxt6VcoOetL","Lime green and bronze, metallic, medium size"
"1d7d2791-707f-449b-97c8-542e8d378a5c","UKFS_003.basePlot.bet","D06","UKFS","UKFS_003","N","2015-07-28","2015-08-11","2015-08-12","2015-08-13",,"UKFS_003.N.20150811","Vl3mTlloYQRW5CGpwBn0g80cu1I4xlr8hTVOT9uEDNM=","invert bycatch",,,,,,,,,,"wQI+SYME+gr3nKVXMbMGzlxt6VcoOetL",
"0a698301-5dbf-4243-8537-31c9d76cd1dd","UKFS_009.basePlot.bet","D06","UKFS","UKFS_009","N","2015-07-28","2015-08-11","2015-08-12","2015-08-17",,"UKFS_009.N.20150811","MMz820nXMkkaBm8agXb1+/IPI0zZfnjEu372etJqRuE=","invert bycatch",,,,,,,,,,"77todYjt/jkEGWUHO3SI0BRlGpUHn9Xh",
"92346e57-74b1-44b8-a6b8-73ff96bc2fec","UKFS_010.basePlot.bet","D06","UKFS","UKFS_010","N","2015-07-28","2015-08-11","2015-08-12","2015-08-13","2015-09-28","UKFS_010.N.20150811","26ylXNgyPLzDn0LVl9IGVEa4cubuQV0oGnd+Yapu7/s=","carabid","BRAALT","Brachinus alternans","species",,"Dejean",,9,"Other","77todYjt/jkEGWUHO3SI0BRlGpUHn9Xh","77todYjt/jkEGWUHO3SI0BRlGpUHn9Xh",
"7f87fcd4-c584-4665-a484-057798d5a798","UKFS_010.basePlot.bet","D06","UKFS","UKFS_010","N","2015-07-28","2015-08-11","2015-08-12","2015-08-17",,"UKFS_010.N.20150811","26ylXNgyPLzDn0LVl9IGVGIIsfvv4ZtBenCEOArUrPQ=","invert bycatch",,,,,,,,,,"77todYjt/jkEGWUHO3SI0BRlGpUHn9Xh","All traps in this plot contained carabids. All bycatch was pooled into one vial."
"79f1b5a6-261f-4fb3-be84-07b24abbce88","UKFS_006.basePlot.bet","D06","UKFS","UKFS_006","N","2015-07-28","2015-08-11","2015-08-12","2015-08-13","2015-09-28","UKFS_006.N.20150811","B2YMmw2rf0fo8U6L7B9sNIFlxLBAQIW1/iumHyl/eKk=","carabid","BRAALT","Brachinus alternans","species",,"Dejean",,1,"Other","77todYjt/jkEGWUHO3SI0BRlGpUHn9Xh","wQI+SYME+gr3nKVXMbMGzlxt6VcoOetL",
"2b9e5456-e31b-43c4-8d46-9b34de70fdb2","UKFS_008.basePlot.bet","D06","UKFS","UKFS_008","N","2015-07-28","2015-08-11","2015-08-12","2015-08-13","2015-09-28","UKFS_008.N.20150811","5GU/wTV57IXAqJ6T3+RdvaG2OPn222RFM4L6Regftqs=","carabid","CARSP14","Carabidae sp.","family",,"Latreille","D06.2015.MorphA",3,"Other","77todYjt/jkEGWUHO3SI0BRlGpUHn9Xh","77todYjt/jkEGWUHO3SI0BRlGpUHn9Xh","Cyclotrachelus sp. Black oval pronotum. Notches on the posterolateral angles|Dicaelus with wavy elytra pattern. All black"
"65630514-d417-4b84-8681-743ae09d104b","UKFS_008.basePlot.bet","D06","UKFS","UKFS_008","N","2015-07-28","2015-08-11","2015-08-12","2015-08-13",,"UKFS_008.N.20150811","5GU/wTV57IXAqJ6T3+RdvXSbecCUVFW4NbxcKjo9tF4=","invert bycatch",,,,,,,,,,"77todYjt/jkEGWUHO3SI0BRlGpUHn9Xh",
"b47b942a-aaa7-43ec-87d0-d7ec758cc880","UKFS_005.basePlot.bet","D06","UKFS","UKFS_005","N","2015-07-28","2015-08-11","2015-08-12","2015-08-17","2015-09-28","UKFS_005.N.20150811","U/hiAoS2t8ykNrO53nVw+4SF4T/8xVZ3acJGNsXSiVc=","carabid","SCASUB2","Scarites subterraneus","species",,"Fabricius",,1,"Other","77todYjt/jkEGWUHO3SI0BRlGpUHn9Xh","77todYjt/jkEGWUHO3SI0BRlGpUHn9Xh",
"abb2c0eb-f331-4e93-9f92-7aef95ef6235","UKFS_008.basePlot.bet","D06","UKFS","UKFS_008","N","2015-07-28","2015-08-11","2015-08-12","2015-08-13","2015-09-28","UKFS_008.N.20150811","5GU/wTV57IXAqJ6T3+RdvUqqbJ67drGn05zWUQjjzuQ=","carabid","BRAALT","Brachinus alternans","species",,"Dejean",,3,"Other","77todYjt/jkEGWUHO3SI0BRlGpUHn9Xh","77todYjt/jkEGWUHO3SI0BRlGpUHn9Xh",
"4b2852e1-1048-4fde-86f5-1c555ee9269f","UKFS_006.basePlot.bet","D06","UKFS","UKFS_006","N","2015-07-28","2015-08-11","2015-08-12","2015-08-13","2015-09-28","UKFS_006.N.20150811","B2YMmw2rf0fo8U6L7B9sNBMeVkJiambybhwMdYrTQ4Q=","carabid","CARSP14","Carabidae sp.","family",,"Latreille","D06.2015.MorphB",1,"Other","77todYjt/jkEGWUHO3SI0BRlGpUHn9Xh","wQI+SYME+gr3nKVXMbMGzlxt6VcoOetL","Cyclotrachelus sp. Black oval pronotum. Notches on the posterolateral angles."
"22030544-bad4-4e4d-80db-209b60126af0","UKFS_006.basePlot.bet","D06","UKFS","UKFS_006","N","2015-07-28","2015-08-11","2015-08-12","2015-08-13","2015-09-28","UKFS_006.N.20150811","B2YMmw2rf0fo8U6L7B9sNLr/KGt3rW1bWrOFI+3AMbM=","carabid","DICPUR4","Dicaelus purpuratus","species",,"Bonelli",,1,"Other","77todYjt/jkEGWUHO3SI0BRlGpUHn9Xh","wQI+SYME+gr3nKVXMbMGzlxt6VcoOetL",
"e83ff33e-01dd-469e-b939-69c768a47ee4","UKFS_005.basePlot.bet","D06","UKFS","UKFS_005","N","2015-07-28","2015-08-11","2015-08-12","2015-08-17",,"UKFS_005.N.20150811","U/hiAoS2t8ykNrO53nVw+30OYzdQGNwKHRVmKN81wmQ=","invert bycatch",,,,,,,,,,"77todYjt/jkEGWUHO3SI0BRlGpUHn9Xh",
"91248882-0e8c-44c3-8da7-adf1b14a9070","UKFS_008.basePlot.bet","D06","UKFS","UKFS_008","N","2015-07-28","2015-08-11","2015-08-12","2015-08-13","2015-09-28","UKFS_008.N.20150811","5GU/wTV57IXAqJ6T3+RdvT+/4JDFOrUqu1TVBNZxXgc=","carabid","GALATR","Galerita atripes","species",,"LeConte",,1,"Other","77todYjt/jkEGWUHO3SI0BRlGpUHn9Xh","77todYjt/jkEGWUHO3SI0BRlGpUHn9Xh",
"16897a6e-b7a1-479b-b32d-74128ed75b5f","UKFS_001.basePlot.bet","D06","UKFS","UKFS_001","N","2015-07-28","2015-08-11","2015-08-12","2015-08-12",,"UKFS_001.N.20150811","W8lw52JMhqCv0mgp+Tx3KVUS2dcL7tVP9RHR0sHCEO8=","invert bycatch",,,,,,,,,,"77todYjt/jkEGWUHO3SI0BRlGpUHn9Xh",
"3aa64168-28b5-44e7-941c-a61af2727f2f","UKFS_001.basePlot.bet","D06","UKFS","UKFS_001","N","2015-07-28","2015-08-11","2015-08-12","2015-08-12","2015-09-28","UKFS_001.N.20150811","W8lw52JMhqCv0mgp+Tx3Kd9HBYE9luevMfF+yEK09Rs=","carabid","CARSP14","Carabidae sp.","family",,"Latreille","D06.2015.MorphB",1,"Other","77todYjt/jkEGWUHO3SI0BRlGpUHn9Xh","77todYjt/jkEGWUHO3SI0BRlGpUHn9Xh","cyclotrachelus sp.| black oval pronotum, notches on the posterolateral angles"
"fb7bc88a-098e-435a-ae3f-a7eadec79bf8","UKFS_004.basePlot.bet","D06","UKFS","UKFS_004","N","2015-07-28","2015-08-11","2015-08-12","2015-08-13",,"UKFS_004.N.20150811","luQoN84IPtFCEbD/M+6Lb78vYPodGy0S4TVYyfpPpiE=","invert bycatch",,,,,,,,,,"77todYjt/jkEGWUHO3SI0BRlGpUHn9Xh",
"1c8d2bfd-4e25-41df-a822-90394a97c34e","UKFS_006.basePlot.bet","D06","UKFS","UKFS_006","N","2015-07-28","2015-08-11","2015-08-12","2015-08-13",,"UKFS_006.N.20150811","B2YMmw2rf0fo8U6L7B9sNAcCOfFAOhzjTmu1Qe0YI5c=","invert bycatch",,,,,,,,,,"wQI+SYME+gr3nKVXMbMGzlxt6VcoOetL",
"412058ca-2b65-4c1d-b27b-12d97c204e1f","UKFS_010.basePlot.bet","D06","UKFS","UKFS_010","N","2015-07-28","2015-08-11","2015-08-12","2015-08-13","2015-09-28","UKFS_010.N.20150811","26ylXNgyPLzDn0LVl9IGVJyeiy3o76TW1v6rtB9U5PY=","carabid","CHLNEM","Chlaenius nemoralis","species",,"Say",,1,"Other","77todYjt/jkEGWUHO3SI0BRlGpUHn9Xh","77todYjt/jkEGWUHO3SI0BRlGpUHn9Xh",
"377dcdc7-80fe-4673-8cf2-c9aa208ee143","UKFS_005.basePlot.bet","D06","UKFS","UKFS_005","S","2015-07-28","2015-08-11","2015-08-12","2015-08-17",,"UKFS_005.S.20150811","U/hiAoS2t8wHr9hCVZ7Q/APTzzgs2gQh52GyjoeJQc4=","invert bycatch",,,,,,,,,,"77todYjt/jkEGWUHO3SI0BRlGpUHn9Xh",
"199a4fe0-46c0-4c22-a066-db6ce3348746","UKFS_008.basePlot.bet","D06","UKFS","UKFS_008","S","2015-07-28","2015-08-11","2015-08-12","2015-08-13",,"UKFS_008.S.20150811","5GU/wTV57IXnpLXUjN/eAA+Xru7zeFzZaxXiYb0dW9A=","invert bycatch",,,,,,,,,,"77todYjt/jkEGWUHO3SI0BRlGpUHn9Xh",
"69c5ab92-9b69-4522-8bf8-7b23d45157a5","UKFS_010.basePlot.bet","D06","UKFS","UKFS_010","W","2015-08-11","2015-08-25","2015-08-26","2015-09-01",,"UKFS_010.W.20150825","26ylXNgyPLyzBCQxUJaQsytpG+qpyrRvmmC7AA6CsrU=","invert bycatch",,,,,,,,,,"77todYjt/jkEGWUHO3SI0BRlGpUHn9Xh",
"45cf2594-efc6-4e2d-9c35-22f12f02cebc","UKFS_006.basePlot.bet","D06","UKFS","UKFS_006","W","2015-08-11","2015-08-25","2015-08-26","2015-08-27","2015-08-27","UKFS_006.W.20150825","B2YMmw2rf0fYWbPYzxQo9qxrPcRbC94vEIkBj/myvp0=","carabid","BRAALT","Brachinus alternans","species",,"Dejean",,1,"Other","77todYjt/jkEGWUHO3SI0BRlGpUHn9Xh","77todYjt/jkEGWUHO3SI0BRlGpUHn9Xh",
"73d23927-607b-49d1-96af-aee1c944e7b1","UKFS_006.basePlot.bet","D06","UKFS","UKFS_006","W","2015-08-11","2015-08-25","2015-08-26","2015-08-27",,"UKFS_006.W.20150825","B2YMmw2rf0fYWbPYzxQo9hVhgA4hZveyHykGAZpq8yM=","invert bycatch",,,,,,,,,,"77todYjt/jkEGWUHO3SI0BRlGpUHn9Xh",
"7bfbf987-9250-4d7f-9a13-46e760928398","UKFS_004.basePlot.bet","D06","UKFS","UKFS_004","W","2015-08-11","2015-08-25","2015-08-26","2015-08-27","2015-08-27","UKFS_004.W.20150825","luQoN84IPtEnb6sGg4J5klvYazyixgpUGLecKmOnlDQ=","carabid","DICPUR4","Dicaelus purpuratus","species",,"Bonelli",,2,"Other","77todYjt/jkEGWUHO3SI0BRlGpUHn9Xh","77todYjt/jkEGWUHO3SI0BRlGpUHn9Xh",
"19fd66a3-64a2-41a6-9264-cad1ae870437","UKFS_004.basePlot.bet","D06","UKFS","UKFS_004","W","2015-08-11","2015-08-25","2015-08-26","2015-08-27",,"UKFS_004.W.20150825","luQoN84IPtEnb6sGg4J5kk7yssiT5fi1QfyrtnYP7RU=","invert bycatch",,,,,,,,,,"77todYjt/jkEGWUHO3SI0BRlGpUHn9Xh",
"c39e9f88-9508-427b-b81d-0ae38a540c93","UKFS_004.basePlot.bet","D06","UKFS","UKFS_004","W","2015-08-11","2015-08-25","2015-08-26","2015-08-27","2015-08-27","UKFS_004.W.20150825","luQoN84IPtEnb6sGg4J5kqx6odRJbJKB4Gu6fYX0h1A=","carabid","CARSP14","Carabidae sp.","family",,"Latreille","D06.2015.MorphB",1,"Arnett Jr., R. H., and M. C. Thomas. 2001. American Beetles Archosemata, Myxophaga, Adephaga, Polyphaga: Staphyliniformia. 1st Vol. (C. Press, Ed.). 1st Ed. Boca Raton, FL.","77todYjt/jkEGWUHO3SI0BRlGpUHn9Xh","77todYjt/jkEGWUHO3SI0BRlGpUHn9Xh","Cyclotrachelus sp. Black oval pronotum. Notches on the posterolateral angles."
"188acf84-b30d-4501-a6c2-a528ae46cfe2","UKFS_002.basePlot.bet","D06","UKFS","UKFS_002","W","2015-08-11","2015-08-25","2015-08-26","2015-09-04",,"UKFS_002.W.20150825","ThLXd3W7368zCKg0KTot37qCLbH9uq43MYZJX4Upd2I=","invert bycatch",,,,,,,,,,"77todYjt/jkEGWUHO3SI0BRlGpUHn9Xh",
"890fd1ef-8537-4665-863c-42de3f2ecb91","UKFS_009.basePlot.bet","D06","UKFS","UKFS_009","W","2015-08-11","2015-08-25","2015-08-26","2015-09-01",,"UKFS_009.W.20150825","MMz820nXMknlpp7hDs47Be2+DP965Onfo5OHEqaIPkk=","invert bycatch",,,,,,,,,,"77todYjt/jkEGWUHO3SI0BRlGpUHn9Xh",
"cfdeffeb-6323-4fd6-a0a2-20b0c2a0c2aa","UKFS_009.basePlot.bet","D06","UKFS","UKFS_009","W","2015-08-11","2015-08-25","2015-08-26","2015-09-01","2015-09-01","UKFS_009.W.20150825","MMz820nXMknlpp7hDs47BQrfshORFIdCs17ZoGMujZo=","carabid","BRAALT","Brachinus alternans","species",,"Dejean",,1,"Other","77todYjt/jkEGWUHO3SI0BRlGpUHn9Xh","77todYjt/jkEGWUHO3SI0BRlGpUHn9Xh",
"003b711a-902c-4541-bce5-613cc62ea419","UKFS_009.basePlot.bet","D06","UKFS","UKFS_009","W","2015-08-11","2015-08-25","2015-08-26","2015-09-01","2015-09-01","UKFS_009.W.20150825","MMz820nXMknlpp7hDs47BbLT+JrfdFKHy5wo0uBlOWc=","carabid","HARCAL","Harpalus caliginosus","species",,"Fabricius",,2,"Other","77todYjt/jkEGWUHO3SI0BRlGpUHn9Xh","77todYjt/jkEGWUHO3SI0BRlGpUHn9Xh",
"9d9195cc-1f78-4bef-8d0b-b8d39061198d","UKFS_007.basePlot.bet","D06","UKFS","UKFS_007","W","2015-08-11","2015-08-25","2015-08-26","2015-08-27",,"UKFS_007.W.20150825","PlyNduRc44S/3N+/1RkSod6Q6KxMvCQcTYaLYGKh84I=","invert bycatch",,,,,,,,,,"/sVzRO01Fu+91IQNMsKeUEFazyktd0rY",
"5ad15005-4181-450c-8de6-5747e5ee22fb","UKFS_001.basePlot.bet","D06","UKFS","UKFS_001","W","2015-08-11","2015-08-25","2015-08-26","2015-08-27","2015-08-28","UKFS_001.W.20150825","W8lw52JMhqDu0Lle5bL3/bjTS2qRcR9yhzxheqZiLQE=","carabid","CARSP14","Carabidae sp.","family",,"Latreille","D06.2015.MorphC",1,"Other","77todYjt/jkEGWUHO3SI0BRlGpUHn9Xh","/sVzRO01Fu+91IQNMsKeUEFazyktd0rY","Lime green and bronze, metallic, medium size"
"6bca5526-12f7-4245-a299-daae5cfeeabb","UKFS_003.basePlot.bet","D06","UKFS","UKFS_003","W","2015-08-11","2015-08-25","2015-08-26","2015-09-01","2015-09-01","UKFS_003.W.20150825","Vl3mTlloYQShkwfefQDNqWLOHbc8TbF81oA0xS7H35A=","carabid","DICPUR4","Dicaelus purpuratus","species",,"Bonelli",,1,"Other","77todYjt/jkEGWUHO3SI0BRlGpUHn9Xh","qwYRJUJUUn1NQYSSsfG9DieoOsSI/sT2",
"64d3df1b-d493-44d6-a6b0-109051be8d41","UKFS_006.basePlot.bet","D06","UKFS","UKFS_006","E","2015-08-11","2015-08-25","2015-08-26","2015-08-27",,"UKFS_006.E.20150825","B2YMmw2rf0dJ+PFjWSEvBRErMr/lr7+09WNWKy/Lr9o=","invert bycatch",,,,,,,,,,"77todYjt/jkEGWUHO3SI0BRlGpUHn9Xh",
"db98d962-d82c-4175-8d0e-71cc4104afbc","UKFS_006.basePlot.bet","D06","UKFS","UKFS_006","E","2015-08-11","2015-08-25","2015-08-26","2015-08-27","2015-08-27","UKFS_006.E.20150825","B2YMmw2rf0dJ+PFjWSEvBV3BduYdH/Jqsj5mQYLfUI4=","carabid","CARSP14","Carabidae sp.","family",,"Latreille","D06.2015.MorphB",1,"Other","77todYjt/jkEGWUHO3SI0BRlGpUHn9Xh","77todYjt/jkEGWUHO3SI0BRlGpUHn9Xh","Cyclotrachelus sp. Black oval pronotum. Notches on the posterolateral angles"
"5b194153-e5d4-44c6-9401-6e96e4c85ab9","UKFS_006.basePlot.bet","D06","UKFS","UKFS_006","E","2015-08-11","2015-08-25","2015-08-26","2015-08-27","2015-08-27","UKFS_006.E.20150825","B2YMmw2rf0dJ+PFjWSEvBRpc8y5jXgGsIDE5qH12K14=","carabid","BRAALT","Brachinus alternans","species",,"Dejean",,1,"Other","77todYjt/jkEGWUHO3SI0BRlGpUHn9Xh","77todYjt/jkEGWUHO3SI0BRlGpUHn9Xh",
"5c73cec7-dec4-48a9-812d-a2a15ea7997a","UKFS_008.basePlot.bet","D06","UKFS","UKFS_008","E","2015-08-11","2015-08-25","2015-08-26","2015-08-27","2015-09-28","UKFS_008.E.20150825","5GU/wTV57IUADZuiX4ZHqc0LocrpgYeX9JEAiDGUxBk=","carabid","CARSP14","Carabidae sp.","family",,"Latreille","D06.2015.MorphB",1,"Other","77todYjt/jkEGWUHO3SI0BRlGpUHn9Xh","77todYjt/jkEGWUHO3SI0BRlGpUHn9Xh","Cyclotrachelus sp. Black oval pronotum. Notches on the posterolateral angles|Dark brown overall, light brown edge of pronotum. Pronotum basally punctate. Harpalus sp."
"3dbcba67-b206-4026-b2df-187959889c81","UKFS_004.basePlot.bet","D06","UKFS","UKFS_004","E","2015-08-11","2015-08-25","2015-08-26","2015-08-27","2015-08-27","UKFS_004.E.20150825","luQoN84IPtGyMW6k1P1bZafZ4jOGIpF8Q5oQUzX1TU8=","carabid","CARSP14","Carabidae sp.","family",,"Latreille","D06.2015.MorphC",1,"Other","77todYjt/jkEGWUHO3SI0BRlGpUHn9Xh","77todYjt/jkEGWUHO3SI0BRlGpUHn9Xh","Lime green and bronze, metallic, medium size|Dicaelus with wavy elytra pattern. All black"
"8655242b-37e3-44f8-b8e8-ecd844729380","UKFS_004.basePlot.bet","D06","UKFS","UKFS_004","E","2015-08-11","2015-08-25","2015-08-26","2015-08-27","2015-08-27","UKFS_004.E.20150825","luQoN84IPtGyMW6k1P1bZc6Bt9xW/kOhyxUwXJfbjW8=","carabid","BRAALT","Brachinus alternans","species",,"Dejean",,1,"Other","77todYjt/jkEGWUHO3SI0BRlGpUHn9Xh","77todYjt/jkEGWUHO3SI0BRlGpUHn9Xh",
"3435fb98-192c-4126-92ad-456747f2c3d9","UKFS_010.basePlot.bet","D06","UKFS","UKFS_010","E","2015-08-11","2015-08-25","2015-08-26","2015-09-01",,"UKFS_010.E.20150825","26ylXNgyPLyROz6pS2nu9TE/toLu9rwKXzyltE+Pi78=","invert bycatch",,,,,,,,,,"77todYjt/jkEGWUHO3SI0BRlGpUHn9Xh",
"6c6faa01-7021-4304-9ab7-4c3d5630c60b","UKFS_002.basePlot.bet","D06","UKFS","UKFS_002","E","2015-08-11","2015-08-25","2015-08-26","2015-09-04","2015-09-04","UKFS_002.E.20150825","ThLXd3W736+v3QEZHc9CpNGAwvdCiVsVVo8N0GSR2LA=","carabid","CARSP14","Carabidae sp.","family",,"Latreille","D06.2015.MorphA",2,"Other","77todYjt/jkEGWUHO3SI0BRlGpUHn9Xh","77todYjt/jkEGWUHO3SI0BRlGpUHn9Xh","Dicaelus with wavy elytra pattern. All black"
"5a788862-1fdd-4e4b-aac0-09cdba65a6b9","UKFS_002.basePlot.bet","D06","UKFS","UKFS_002","E","2015-08-11","2015-08-25","2015-08-26","2015-09-04",,"UKFS_002.E.20150825","ThLXd3W736+v3QEZHc9CpN5o24Vq+rFY36qHuG/WkVY=","invert bycatch",,,,,,,,,,"77todYjt/jkEGWUHO3SI0BRlGpUHn9Xh",
"ceec4453-e74a-413f-9923-d5c3be9e9ac6","UKFS_003.basePlot.bet","D06","UKFS","UKFS_003","E","2015-08-11","2015-08-25","2015-08-26","2015-09-01","2015-09-01","UKFS_003.E.20150825","Vl3mTlloYQT2VnzwvbmzbcoAFJ7gIw++/dt0wQzL2q8=","carabid","CARSP14","Carabidae sp.","family",,"Latreille","D06.2015.MorphB",1,"Other","77todYjt/jkEGWUHO3SI0BRlGpUHn9Xh","qwYRJUJUUn1NQYSSsfG9DieoOsSI/sT2","Cyclotrachelus sp. Black oval pronotum. Notches on the posterolateral angles"
"a9846103-0aca-4d4c-ba72-253b24c908eb","UKFS_003.basePlot.bet","D06","UKFS","UKFS_003","E","2015-08-11","2015-08-25","2015-08-26","2015-09-01","2015-09-01","UKFS_003.E.20150825","Vl3mTlloYQT2VnzwvbmzbfTKVSx0uYGBzRFR1ocRlVA=","carabid","BRAALT","Brachinus alternans","species",,"Dejean",,2,"Other","77todYjt/jkEGWUHO3SI0BRlGpUHn9Xh","qwYRJUJUUn1NQYSSsfG9DieoOsSI/sT2",
"e42d5162-0a72-41e8-8705-d73d0f65dd7c","UKFS_009.basePlot.bet","D06","UKFS","UKFS_009","E","2015-08-11","2015-08-25","2015-08-26","2015-09-01",,"UKFS_009.E.20150825","MMz820nXMkl9BrpXOPF+VMtEopn/eeo1CrGCJGCsfZk=","invert bycatch",,,,,,,,,,"77todYjt/jkEGWUHO3SI0BRlGpUHn9Xh",
"c7764a78-47d4-4e68-a0dd-ac92dfa9bdd6","UKFS_007.basePlot.bet","D06","UKFS","UKFS_007","E","2015-08-11","2015-08-25","2015-08-26","2015-08-27","2015-08-27","UKFS_007.E.20150825","PlyNduRc44Qcdojg0RaG62i3BDFj6cgZMGTyY/J2nhw=","carabid","BRAALT","Brachinus alternans","species",,"Dejean",,1,"Other","/sVzRO01Fu+91IQNMsKeUEFazyktd0rY","/sVzRO01Fu+91IQNMsKeUEFazyktd0rY",
"ad43764c-2fe7-4531-addf-7ae363884cd5","UKFS_001.basePlot.bet","D06","UKFS","UKFS_001","E","2015-08-11","2015-08-25","2015-08-26","2015-08-27","2015-08-27","UKFS_001.E.20150825","W8lw52JMhqCf3upy0dCzjfMN0j+3xD7ffGgMFku2N54=","carabid","CARSP14","Carabidae sp.","family",,"Latreille","D06.2015.MorphA",1,"Other","/sVzRO01Fu+91IQNMsKeUEFazyktd0rY","/sVzRO01Fu+91IQNMsKeUEFazyktd0rY","Dicaelus with wavy elytra pattern. All black"
"1aa7fd39-aa2d-41d3-a783-c90b225e82d9","UKFS_001.basePlot.bet","D06","UKFS","UKFS_001","E","2015-08-11","2015-08-25","2015-08-26","2015-08-27","2015-08-27","UKFS_001.E.20150825","W8lw52JMhqCf3upy0dCzjbBr5EHnk7E8nTVF72T4PYk=","carabid","DICPUR4","Dicaelus purpuratus","species",,"Bonelli",,1,"Other","/sVzRO01Fu+91IQNMsKeUEFazyktd0rY","/sVzRO01Fu+91IQNMsKeUEFazyktd0rY",
"85ed9164-9116-4126-9fce-f3fda5d36612","UKFS_008.basePlot.bet","D06","UKFS","UKFS_008","E","2015-08-11","2015-08-25","2015-08-26","2015-08-27",,"UKFS_008.E.20150825","5GU/wTV57IUADZuiX4ZHqb6cZe80NjvFCk+aZEvIaw8=","invert bycatch",,,,,,,,,,"77todYjt/jkEGWUHO3SI0BRlGpUHn9Xh",
"06a542bb-1de3-408b-a183-c5fd72d2b017","UKFS_007.basePlot.bet","D06","UKFS","UKFS_007","E","2015-08-11","2015-08-25","2015-08-26","2015-08-27",,"UKFS_007.E.20150825","PlyNduRc44Qcdojg0RaG68zljp0F26fE9AHND6QrBiI=","invert bycatch",,,,,,,,,,"/sVzRO01Fu+91IQNMsKeUEFazyktd0rY",
"a4b63d3f-eb4e-48bf-99b4-da9d166e227e","UKFS_001.basePlot.bet","D06","UKFS","UKFS_001","E","2015-08-11","2015-08-25","2015-08-26","2015-08-27","2015-08-27","UKFS_001.E.20150825","W8lw52JMhqCf3upy0dCzjbmwrdCnUUXCO2+cM0G2PWU=","carabid","BRAALT","Brachinus alternans","species",,"Dejean",,3,"Other","/sVzRO01Fu+91IQNMsKeUEFazyktd0rY","/sVzRO01Fu+91IQNMsKeUEFazyktd0rY",
"faf64355-5fea-462b-83e1-4fc03332ec3f","UKFS_004.basePlot.bet","D06","UKFS","UKFS_004","E","2015-08-11","2015-08-25","2015-08-26","2015-08-27",,"UKFS_004.E.20150825","luQoN84IPtGyMW6k1P1bZbp2MA0P/g9/JODRafJpV6w=","invert bycatch",,,,,,,,,,"77todYjt/jkEGWUHO3SI0BRlGpUHn9Xh",
"7f4054a4-4ff0-4d93-bb9a-d95c385c26b8","UKFS_005.basePlot.bet","D06","UKFS","UKFS_005","E","2015-08-11","2015-08-25","2015-08-26","2015-09-01",,"UKFS_005.E.20150825","U/hiAoS2t8wcH1I0HKSVBY17bVTAhglWnJBKbIcbaek=","invert bycatch",,,,,,,,,,"77todYjt/jkEGWUHO3SI0BRlGpUHn9Xh",
"fd16e256-f42b-48a2-967e-6a8ddcaacb5c","UKFS_004.basePlot.bet","D06","UKFS","UKFS_004","N","2015-08-11","2015-08-25","2015-08-26","2015-08-27","2015-08-27","UKFS_004.N.20150825","luQoN84IPtFCEbD/M+6Lb83aOK8sL9A4vUoJhf1SpNk=","carabid","CARSP14","Carabidae sp.","family",,"Latreille","D06.2015.MorphA",2,"Other","77todYjt/jkEGWUHO3SI0BRlGpUHn9Xh","77todYjt/jkEGWUHO3SI0BRlGpUHn9Xh","Dicaelus with wavy elytra pattern. all black|Lime green and bronze, metallic, medium size"
"52063f5d-314b-441d-9248-c6f231f2dd9e","UKFS_001.basePlot.bet","D06","UKFS","UKFS_001","N","2015-08-11","2015-08-25","2015-08-26","2015-08-27",,"UKFS_001.N.20150825","W8lw52JMhqCv0mgp+Tx3Kd2Doqt3nohYssBXZJtnzVk=","invert bycatch",,,,,,,,,,"/sVzRO01Fu+91IQNMsKeUEFazyktd0rY","Carabids found in all traps at this plot. All bycatch is pooled into one vial"
"109b7a08-e4b5-4edd-bd36-03f4c6f3ec8b","UKFS_007.basePlot.bet","D06","UKFS","UKFS_007","N","2015-08-11","2015-08-25","2015-08-26","2015-08-27",,"UKFS_007.N.20150825","PlyNduRc44SsZadZ+D6NML1C1PxvxpI6BUn/at3M1yg=","invert bycatch",,,,,,,,,,"/sVzRO01Fu+91IQNMsKeUEFazyktd0rY",
"b2806401-c971-4cd3-825e-4a70d0924285","UKFS_001.basePlot.bet","D06","UKFS","UKFS_001","N","2015-08-11","2015-08-25","2015-08-26","2015-08-27","2015-08-27","UKFS_001.N.20150825","W8lw52JMhqCv0mgp+Tx3KYaUuBazxlovGwX/hjg9EZ0=","carabid","BRAALT","Brachinus alternans","species",,"Dejean",,1,"Other","/sVzRO01Fu+91IQNMsKeUEFazyktd0rY","/sVzRO01Fu+91IQNMsKeUEFazyktd0rY",
"0424a60d-ad82-44d0-ac48-ba43cc2e13f8","UKFS_003.basePlot.bet","D06","UKFS","UKFS_003","N","2015-08-11","2015-08-25","2015-08-26","2015-09-01","2015-09-28","UKFS_003.N.20150825","Vl3mTlloYQRW5CGpwBn0g3HEdkqeXxCBkcFwfdmm8yQ=","carabid","CARSP14","Carabidae sp.","family",,"Latreille","D06.2015.MorphC",2,"Other","77todYjt/jkEGWUHO3SI0BRlGpUHn9Xh","qwYRJUJUUn1NQYSSsfG9DieoOsSI/sT2","Lime green and bronze, metallic, medium size"
"cafbe68f-8e66-4521-bc21-a6626d4823ee","UKFS_003.basePlot.bet","D06","UKFS","UKFS_003","N","2015-08-11","2015-08-25","2015-08-26","2015-09-01",,"UKFS_003.N.20150825","Vl3mTlloYQRW5CGpwBn0g5v2PpJ0Hk0BaCS8UI+KEh8=","invert bycatch",,,,,,,,,,"qwYRJUJUUn1NQYSSsfG9DieoOsSI/sT2","All traps at the plot contained carabids. All bycatch stored in 1 vial."
"2603eed3-7936-4f87-a504-47174655540e","UKFS_004.basePlot.bet","D06","UKFS","UKFS_004","N","2015-08-11","2015-08-25","2015-08-26","2015-08-27",,"UKFS_004.N.20150825","luQoN84IPtFCEbD/M+6Lb/dNM5EtgjrnaTt8fUY+GGo=","invert bycatch",,,,,,,,,,"77todYjt/jkEGWUHO3SI0BRlGpUHn9Xh",
"b59bdb54-b6e2-4fa1-ba44-b6497c5dfd60","UKFS_009.basePlot.bet","D06","UKFS","UKFS_009","N","2015-08-11","2015-08-25","2015-08-26","2015-09-01",,"UKFS_009.N.20150825","MMz820nXMkkaBm8agXb1+/RbiXRXqcAtoYAdFHumnHk=","invert bycatch",,,,,,,,,,"77todYjt/jkEGWUHO3SI0BRlGpUHn9Xh",
"2976f9d4-3172-434d-adc2-8b66ee3010f3","UKFS_010.basePlot.bet","D06","UKFS","UKFS_010","N","2015-08-11","2015-08-25","2015-08-26","2015-09-01","2015-09-01","UKFS_010.N.20150825","26ylXNgyPLzDn0LVl9IGVJcI/bylmvI7LQqc6uXO2Nw=","carabid","DICFUR","Dicaelus furvus","species",,"Dejean",,1,"Other","77todYjt/jkEGWUHO3SI0BRlGpUHn9Xh","77todYjt/jkEGWUHO3SI0BRlGpUHn9Xh",
"3f893b3f-ac51-4af8-9c43-c8875bd71e00","UKFS_002.basePlot.bet","D06","UKFS","UKFS_002","N","2015-08-11","2015-08-25","2015-08-26","2015-09-04",,"UKFS_002.N.20150825","ThLXd3W7368x81PZ9eOjJcTGFdRKQMRdglWDw3hEZS8=","invert bycatch",,,,,,,,,,"77todYjt/jkEGWUHO3SI0BRlGpUHn9Xh",
"df3948fe-f38b-4cb6-8aad-5a3bc5048b80","UKFS_006.basePlot.bet","D06","UKFS","UKFS_006","N","2015-08-11","2015-08-25","2015-08-26","2015-08-27","2015-08-27","UKFS_006.N.20150825","B2YMmw2rf0fo8U6L7B9sNObQ1O6tWuOMEZAOHD/ZK3M=","carabid","CHLNEM","Chlaenius nemoralis","species",,"Say",,1,"Other","77todYjt/jkEGWUHO3SI0BRlGpUHn9Xh","77todYjt/jkEGWUHO3SI0BRlGpUHn9Xh",
"e0e10266-067f-468f-98b1-2409b5d8b2cc","UKFS_010.basePlot.bet","D06","UKFS","UKFS_010","N","2015-08-11","2015-08-25","2015-08-26","2015-09-01",,"UKFS_010.N.20150825","26ylXNgyPLzDn0LVl9IGVCpTiPl2FItR0JogsJK8g38=","invert bycatch",,,,,,,,,,"77todYjt/jkEGWUHO3SI0BRlGpUHn9Xh",
"3525c5db-84d0-4396-949c-7239f9b272e3","UKFS_005.basePlot.bet","D06","UKFS","UKFS_005","N","2015-08-11","2015-08-25","2015-08-26","2015-09-01",,"UKFS_005.N.20150825","U/hiAoS2t8ykNrO53nVw+9GNs5qi2j+koW8fCxt1Ruc=","invert bycatch",,,,,,,,,,"77todYjt/jkEGWUHO3SI0BRlGpUHn9Xh",
"581375ac-623e-49f8-a46b-6b4436c4e508","UKFS_006.basePlot.bet","D06","UKFS","UKFS_006","N","2015-08-11","2015-08-25","2015-08-26","2015-08-27","2015-08-27","UKFS_006.N.20150825","B2YMmw2rf0fo8U6L7B9sNKFO6kMFRjFqE7/cZcEiTJ4=","carabid","BRAALT","Brachinus alternans","species",,"Dejean",,1,"Other","77todYjt/jkEGWUHO3SI0BRlGpUHn9Xh","77todYjt/jkEGWUHO3SI0BRlGpUHn9Xh",
"9be183d1-8c04-45f5-a2da-c1b0cdf2d8d1","UKFS_006.basePlot.bet","D06","UKFS","UKFS_006","N","2015-08-11","2015-08-25","2015-08-26","2015-08-27",,"UKFS_006.N.20150825","B2YMmw2rf0fo8U6L7B9sNOLrYR8nsSmthdk2aLZZD6I=","invert bycatch",,,,,,,,,,"77todYjt/jkEGWUHO3SI0BRlGpUHn9Xh",
"908ca0ba-f317-4215-9d06-7e69607e6bae","UKFS_008.basePlot.bet","D06","UKFS","UKFS_008","N","2015-08-11","2015-08-25","2015-08-26","2015-08-27","2015-08-27","UKFS_008.N.20150825","5GU/wTV57IXAqJ6T3+RdvXvuTSsYFmcicy1J/TiiVMQ=","carabid","CARSP14","Carabidae sp.","family",,"Latreille","D06.2015.MorphA",4,"Other","77todYjt/jkEGWUHO3SI0BRlGpUHn9Xh","77todYjt/jkEGWUHO3SI0BRlGpUHn9Xh","Dicaelus with wavy elytra pattern. All black"
"4adadfe6-e7b6-4894-a6a6-ae0b51bed59d","UKFS_008.basePlot.bet","D06","UKFS","UKFS_008","N","2015-08-11","2015-08-25","2015-08-26","2015-08-27",,"UKFS_008.N.20150825","5GU/wTV57IXAqJ6T3+RdvXP9owKC7gAgkIvT1/tbOX8=","invert bycatch",,,,,,,,,,"77todYjt/jkEGWUHO3SI0BRlGpUHn9Xh",
"07232ec3-e80d-4354-9782-674fb0b827f8","UKFS_008.basePlot.bet","D06","UKFS","UKFS_008","S","2015-08-11","2015-08-25","2015-08-26","2015-08-27","2015-09-28","UKFS_008.S.20150825","5GU/wTV57IXnpLXUjN/eACh/7OD8WndKODduYgRfFgg=","carabid","CARSP14","Carabidae sp.","family",,"Latreille","D06.2015.MorphK",1,"Other","77todYjt/jkEGWUHO3SI0BRlGpUHn9Xh","77todYjt/jkEGWUHO3SI0BRlGpUHn9Xh","Dark brown overall, light brown edge of pronotum. Pronotum basally punctate. Harpalus sp."
"0a29d021-6a45-4774-8210-3f5a22218fce","UKFS_008.basePlot.bet","D06","UKFS","UKFS_008","S","2015-08-11","2015-08-25","2015-08-26","2015-08-27",,"UKFS_008.S.20150825","5GU/wTV57IXnpLXUjN/eAKExYLf5kkFmQr8ZI571Gpg=","invert bycatch",,,,,,,,,,"77todYjt/jkEGWUHO3SI0BRlGpUHn9Xh",
"90845bff-f590-4ab8-8909-8096accc54d7","UKFS_005.basePlot.bet","D06","UKFS","UKFS_005","S","2015-08-11","2015-08-25","2015-08-26","2015-09-01","2015-09-01","UKFS_005.S.20150825","U/hiAoS2t8wHr9hCVZ7Q/Ewm3WTD07zsxnPyhc55qIE=","carabid","BRAALT","Brachinus alternans","species",,"Dejean",,1,"Other","77todYjt/jkEGWUHO3SI0BRlGpUHn9Xh","77todYjt/jkEGWUHO3SI0BRlGpUHn9Xh",
"7cd64193-822f-4e09-8759-c095b62e182c","UKFS_005.basePlot.bet","D06","UKFS","UKFS_005","S","2015-08-11","2015-08-25","2015-08-26","2015-09-01",,"UKFS_005.S.20150825","U/hiAoS2t8wHr9hCVZ7Q/LBNV59eloHXqbxWvZSM2l0=","invert bycatch",,,,,,,,,,"77todYjt/jkEGWUHO3SI0BRlGpUHn9Xh",
"f9ce0d96-d966-48a2-8a26-752974d719db","UKFS_006.basePlot.bet","D06","UKFS","UKFS_006","S","2015-08-11","2015-08-25","2015-08-26","2015-08-27","2015-08-27","UKFS_006.S.20150825","B2YMmw2rf0fnt5F1w8Doz4/IkbF2xI5pkJWzmt9jtYg=","carabid","CHLNEM","Chlaenius nemoralis","species",,"Say",,1,"Other","77todYjt/jkEGWUHO3SI0BRlGpUHn9Xh","77todYjt/jkEGWUHO3SI0BRlGpUHn9Xh",
"14350535-4029-4d45-8b61-c3a95c5a9c03","UKFS_006.basePlot.bet","D06","UKFS","UKFS_006","S","2015-08-11","2015-08-25","2015-08-26","2015-08-27",,"UKFS_006.S.20150825","B2YMmw2rf0fnt5F1w8Doz8cgHqthhCrVFbbsB3/lswA=","invert bycatch",,,,,,,,,,"77todYjt/jkEGWUHO3SI0BRlGpUHn9Xh",
"16a6b949-81d4-4161-904d-035a02c7a2e8","UKFS_006.basePlot.bet","D06","UKFS","UKFS_006","S","2015-08-11","2015-08-25","2015-08-26","2015-08-27","2015-08-26","UKFS_006.S.20150825","B2YMmw2rf0fnt5F1w8Doz+09Ug34P+/8n2nwKKnfABM=","vert bycatch herp","PSEMAC","Pseudacris maculata","species",,"Agassiz",,1,"Other","wQI+SYME+gr3nKVXMbMGzlxt6VcoOetL","77todYjt/jkEGWUHO3SI0BRlGpUHn9Xh",
"08580d83-4645-4d63-a329-1b27860cf17d","UKFS_006.basePlot.bet","D06","UKFS","UKFS_006","S","2015-08-11","2015-08-25","2015-08-26","2015-08-27","2015-08-27","UKFS_006.S.20150825","B2YMmw2rf0fnt5F1w8Doz2jP34Seef+KrL+aMhkN5bg=","carabid","DICPUR4","Dicaelus purpuratus","species",,"Bonelli",,2,"Other","77todYjt/jkEGWUHO3SI0BRlGpUHn9Xh","77todYjt/jkEGWUHO3SI0BRlGpUHn9Xh","One specimen damaged badly during dinning, still in tube."
"64f852e3-fcdd-444e-878b-06f9c069b535","UKFS_006.basePlot.bet","D06","UKFS","UKFS_006","S","2015-08-11","2015-08-25","2015-08-26","2015-08-27",,"UKFS_006.S.20150825","B2YMmw2rf0fnt5F1w8DozyVlWhwjdAhRZb+XISEQnLE=","carabid","BRAALT","Brachinus alternans","species",,"Dejean",,2,"Other",,"77todYjt/jkEGWUHO3SI0BRlGpUHn9Xh",
"1017d338-0370-4dd8-9357-3c1d06bd912d","UKFS_010.basePlot.bet","D06","UKFS","UKFS_010","S","2015-08-11","2015-08-25","2015-08-26","2015-09-01",,"UKFS_010.S.20150825","26ylXNgyPLzHrGLlAmMPzLSSd6ZfxE7JsbyglMN8K4c=","invert bycatch",,,,,,,,,,"77todYjt/jkEGWUHO3SI0BRlGpUHn9Xh",
"52f33e6c-a2d8-4172-a588-c09d24b5446c","UKFS_010.basePlot.bet","D06","UKFS","UKFS_010","S","2015-08-11","2015-08-25","2015-08-26","2015-09-01","2015-09-01","UKFS_010.S.20150825","26ylXNgyPLzHrGLlAmMPzBDh7rC5djPNuFs8lgK231A=","carabid","DICPUR4","Dicaelus purpuratus","species",,"Bonelli",,1,"Other","77todYjt/jkEGWUHO3SI0BRlGpUHn9Xh","77todYjt/jkEGWUHO3SI0BRlGpUHn9Xh",
"2c44bc2e-8a2f-4964-932d-5708aed97c84","UKFS_002.basePlot.bet","D06","UKFS","UKFS_002","S","2015-08-11","2015-08-25","2015-08-26","2015-09-04","2015-09-04","UKFS_002.S.20150825","ThLXd3W736+K1+DiZEI5+BFvPvhyO7fYJcsqSbzotrM=","carabid","CARSP14","Carabidae sp.","family",,"Latreille","D06.2015.MorphA",1,"Other","77todYjt/jkEGWUHO3SI0BRlGpUHn9Xh","77todYjt/jkEGWUHO3SI0BRlGpUHn9Xh","Dicaelus with wavy elytra pattern. All black"
"fcf02caa-b6ee-4075-b65b-69f0c88c2565","UKFS_002.basePlot.bet","D06","UKFS","UKFS_002","S","2015-08-11","2015-08-25","2015-08-26","2015-09-04",,"UKFS_002.S.20150825","ThLXd3W736+K1+DiZEI5+O31ubdgcUqyMR+Y0FAnUMA=","invert bycatch",,,,,,,,,,"77todYjt/jkEGWUHO3SI0BRlGpUHn9Xh",
"2e961df3-f821-450e-8feb-0ab9f3033af5","UKFS_004.basePlot.bet","D06","UKFS","UKFS_004","S","2015-08-11","2015-08-25","2015-08-26","2015-08-27",,"UKFS_004.S.20150825","luQoN84IPtE+nCttLa7FCV28I2r3Cbwmmy6Y8SaCnmk=","invert bycatch",,,,,,,,,,"77todYjt/jkEGWUHO3SI0BRlGpUHn9Xh",
"ea0f7430-62aa-4d4a-aa1b-eada86dd73b9","UKFS_009.basePlot.bet","D06","UKFS","UKFS_009","S","2015-08-11","2015-08-25","2015-08-26","2015-09-01",,"UKFS_009.S.20150825","MMz820nXMklIuibWjob24P4yOBWJ7i9fwzvvucHR0KU=","invert bycatch",,,,,,,,,,"77todYjt/jkEGWUHO3SI0BRlGpUHn9Xh",
"baade346-c583-4e50-9af5-967976c65b45","UKFS_003.basePlot.bet","D06","UKFS","UKFS_003","S","2015-08-11","2015-08-25","2015-08-26","2015-09-01","2015-09-28","UKFS_003.S.20150825","Vl3mTlloYQQKrLsC1l93W+pz5ZmQSBfkOZVPI9xdwmI=","carabid","CARSP14","Carabidae sp.","family",,"Latreille","D06.2015.MorphC",1,"Other","77todYjt/jkEGWUHO3SI0BRlGpUHn9Xh","qwYRJUJUUn1NQYSSsfG9DieoOsSI/sT2","Lime green and bronze, metallic, medium size"
"43840a3b-03f9-465a-bfbd-68190967c5de","UKFS_001.basePlot.bet","D06","UKFS","UKFS_001","S","2015-08-11","2015-08-25","2015-08-26","2015-08-27","2015-08-27","UKFS_001.S.20150825","W8lw52JMhqAmSsyHNCbL6Zyu/Yf0lB4UXuxGTZCA+l0=","carabid","CARSP14","Carabidae sp.","family",,"Latreille","D06.2015.MorphA",1,"Other","/sVzRO01Fu+91IQNMsKeUEFazyktd0rY","/sVzRO01Fu+91IQNMsKeUEFazyktd0rY","Dicaelus with wavy elytra pattern. All black"
"74641747-934b-4131-aed3-109528803be5","UKFS_007.basePlot.bet","D06","UKFS","UKFS_007","S","2015-08-11","2015-08-25","2015-08-26","2015-08-27",,"UKFS_007.S.20150825","PlyNduRc44RUoq0pcfo96le1uraSM6FIMPA4CyMa5dY=","invert bycatch",,,,,,,,,,"/sVzRO01Fu+91IQNMsKeUEFazyktd0rY",
"593ed06b-5d7b-49a9-9c69-b9ee924de78e","UKFS_002.basePlot.bet","D06","UKFS","UKFS_002","W","2015-08-11","2015-08-25","2015-08-26","2015-09-04","2015-09-04","UKFS_002.W.20150825","ThLXd3W7368zCKg0KTot3ywb6edg9RtS+ryHgXoCA+M=","carabid","CARSP14","Carabidae sp.","family",,"Latreille","D06.2015.MorphA",1,"Other","77todYjt/jkEGWUHO3SI0BRlGpUHn9Xh","77todYjt/jkEGWUHO3SI0BRlGpUHn9Xh","Dicaelus with wavy elytra pattern. All black|Cyclotrachelus sp. Black oval pronotum. Notches on the posterolateral angles"
"f743bed5-31c0-4d78-be31-5f9740dc16e6","UKFS_003.basePlot.bet","D06","UKFS","UKFS_003","W","2015-08-11","2015-08-25","2015-08-26","2015-09-01","2015-09-28","UKFS_003.W.20150825","Vl3mTlloYQShkwfefQDNqaF8KYwAZwpQYy9s9Ffktg8=","carabid","CARSP14","Carabidae sp.","family",,"Latreille","D06.2015.MorphF",1,"Other","77todYjt/jkEGWUHO3SI0BRlGpUHn9Xh","qwYRJUJUUn1NQYSSsfG9DieoOsSI/sT2","Black, iridescent when shown in light. Rainbow reflection. Loxandrus sp.|Cyclotrachelus sp. Black oval pronotum. Notches on the posterolateral angles"
"3cf1edc0-d0b6-44aa-a5cc-9783a9561929","UKFS_008.basePlot.bet","D06","UKFS","UKFS_008","W","2015-08-11","2015-08-25","2015-08-26","2015-08-27",,"UKFS_008.W.20150825","5GU/wTV57IWBL4I7Yrasmwz5CaNvsXzBW7Bl4c6kTaU=","invert bycatch",,,,,,,,,,"77todYjt/jkEGWUHO3SI0BRlGpUHn9Xh",
"64245462-310d-41e9-b272-b971843cd292","UKFS_008.basePlot.bet","D06","UKFS","UKFS_008","W","2015-08-11","2015-08-25","2015-08-26","2015-08-27","2015-08-27","UKFS_008.W.20150825","5GU/wTV57IWBL4I7Yrasm3V4KlZVjTWU8nApTvEcPmY=","carabid","DICPUR4","Dicaelus purpuratus","species",,"Bonelli",,1,"Other","77todYjt/jkEGWUHO3SI0BRlGpUHn9Xh","77todYjt/jkEGWUHO3SI0BRlGpUHn9Xh",
"14e0b109-9d4e-4c85-aa9a-95acb5596ab0","UKFS_005.basePlot.bet","D06","UKFS","UKFS_005","W","2015-08-11","2015-08-25","2015-08-26","2015-09-01","2015-09-01","UKFS_005.W.20150825","U/hiAoS2t8z2TlFIZ0xoJJmiwjvhgSnGg5rTzpUG/Xw=","carabid","DICFUR","Dicaelus furvus","species",,"Dejean",,1,"Other","77todYjt/jkEGWUHO3SI0BRlGpUHn9Xh","77todYjt/jkEGWUHO3SI0BRlGpUHn9Xh",
"6d8022c9-84c7-4050-adfa-757c0d703b7b","UKFS_005.basePlot.bet","D06","UKFS","UKFS_005","W","2015-08-11","2015-08-25","2015-08-26","2015-09-01",,"UKFS_005.W.20150825","U/hiAoS2t8z2TlFIZ0xoJLP/J2ZIAzjEUfxfVhOgMz0=","invert bycatch",,,,,,,,,,"77todYjt/jkEGWUHO3SI0BRlGpUHn9Xh",
"b4cc66a8-7acc-432a-a3d5-4b8e42082836","UKFS_008.basePlot.bet","D06","UKFS","UKFS_008","W","2015-08-11","2015-08-25","2015-08-26","2015-08-27","2015-09-28","UKFS_008.W.20150825","5GU/wTV57IWBL4I7Yrasm/nAeoOPxFz4ebMTGG/anwM=","carabid","CARSP14","Carabidae sp.","family",,"Latreille","D06.2015.MorphK",1,"Other","77todYjt/jkEGWUHO3SI0BRlGpUHn9Xh","77todYjt/jkEGWUHO3SI0BRlGpUHn9Xh","Dark brown overall, light brown edge of pronotum. Pronotum basally punctate. Harpalus sp."
"b7122d5a-7a63-4e7b-800c-ae87f1249ad3","UKFS_005.basePlot.bet","D06","UKFS","UKFS_005","W","2015-08-11","2015-08-25","2015-08-26","2015-09-01","2015-09-01","UKFS_005.W.20150825","U/hiAoS2t8z2TlFIZ0xoJLkjGa7D5H7gPb5NzJP8pRA=","carabid","CARSP14","Carabidae sp.","family",,"Latreille","D06.2015.MorphB",1,"Other","77todYjt/jkEGWUHO3SI0BRlGpUHn9Xh","77todYjt/jkEGWUHO3SI0BRlGpUHn9Xh","Cyclotrachelus sp. Black oval pronotum. Notches on the posterolateral angles"
"32405482-a503-473b-9f87-e71c58642744","UKFS_008.basePlot.bet","D06","UKFS","UKFS_008","W","2015-08-11","2015-08-25","2015-08-26","2015-08-27","2015-08-27","UKFS_008.W.20150825","5GU/wTV57IWBL4I7Yrasm4nNYyKl5jfqBVVHvGnZMvs=","carabid","BRAALT","Brachinus alternans","species",,"Dejean",,1,"Other","77todYjt/jkEGWUHO3SI0BRlGpUHn9Xh","77todYjt/jkEGWUHO3SI0BRlGpUHn9Xh",
