uid,namedLocation,domainID,siteID,plotID,setDate,collectDate,identifiedDate,individualID,taxonID,kingdom,phylum,class,order,family,subfamily,tribe,genus,subgenus,specificEpithet,infraspecificEpithet,scientificName,scientificNameAuthorship,taxonRank,identificationQualifier,sex,morphospeciesID,identificationReferences,identifiedBy,laboratoryName,identificationRemarks,sampleCondition,dnaBarcoded,geneticSampleID,remarks
"c0ab50da-e624-4c75-bd24-970506e84022","UKFS_001.basePlot.bet","D06","UKFS","UKFS_001","2015-07-28","2015-08-11","2017-01-15","NEON.BET.D06.000137","DICELO","Animalia","Arthropoda","Insecta","Coleoptera","Carabidae","Harpalinae","Licinini","Dicaelus","Paradicaelus","elongatus",,"Dicaelus elongatus","Bonelli","species",,"F",,"Ball, G. E. 1992. The Tribe Licinini (Coleoptera: Carabidae): A Review of the Genus-Groups and of the Species of Selected Genera. Journal of the New York Entomological Society 100:325-380.","Kipling Will","Essig Museum of Entomology",,"No known compromise","N",,
"5418a3e3-99e5-4aff-b272-544598477d67","UKFS_004.basePlot.bet","D06","UKFS","UKFS_004","2015-07-28","2015-08-11","2017-01-15","NEON.BET.D06.000371","DICPUR2","Animalia","Arthropoda","Insecta","Coleoptera","Carabidae","Harpalinae","Licinini","Dicaelus","Dicaelus","purpuratus","splendidus","Dicaelus purpuratus splendidus","Say","subspecies",,"F",,"Ball, G. E. 1992. The Tribe Licinini (Coleoptera: Carabidae): A Review of the Genus-Groups and of the Species of Selected Genera. Journal of the New York Entomological Society 100:325-380.","Kipling Will","Essig Museum of Entomology",,"No known compromise","N",,
"9cdf27c9-8a65-42a6-a1c2-5a8419b60086","UKFS_008.basePlot.bet","D06","UKFS","UKFS_008","2015-07-28","2015-08-11","2017-01-15","NEON.BET.D06.000352","GALATR","Animalia","Arthropoda","Insecta","Coleoptera","Carabidae","Harpalinae","Galeritini","Galerita","Progaleritina","atripes",,"Galerita atripes","LeConte","species",,"F",,"Lindroth, C. H. 1969. The ground-beetles (Carabidae, excl. Cicindelinae) of Canada and Alaska, parts 1-6. Opuscula E. Entomoligiska Sallskapet.","Kipling Will","Essig Museum of Entomology",,"No known compromise","N",,
"7c1273fc-8290-4a91-bd59-d032c5d395ba","UKFS_005.basePlot.bet","D06","UKFS","UKFS_005","2015-07-28","2015-08-11","2017-01-15","NEON.BET.D06.000467","SCASUB2","Animalia","Arthropoda","Insecta","Coleoptera","Carabidae","Scaritinae","Scaritini","Scarites","Scarites","subterraneus",,"Scarites subterraneus","Fabricius","species",,"U",,"Bousquet, Y. and P. E. Skelley. 2010. Description of a New Species of Scarites Fabricius (Coleoptera: Carabidae) from Florida. The Coleopterists Bulletin 64(1): 45-49.","Kipling Will","Essig Museum of Entomology",,"No known compromise","N",,
"8e62db3c-a032-498a-b488-2be48201e1ae","UKFS_008.basePlot.bet","D06","UKFS","UKFS_008","2015-07-28","2015-08-11","2017-01-15","NEON.BET.D06.000354","BRAALT","Animalia","Arthropoda","Insecta","Coleoptera","Carabidae","Brachininae","Brachinini","Brachinus","Neobrachinus","alternans",,"Brachinus alternans","Dejean","species",,"M",,"Erwin, T. L. 1970a. A Reclassification of Bombardier Beetles and a Taxonomic Revision of the North and Middle American Species (Carabidae: Brachinida). Quaestiones Entomologicae 6:4-215.","Kipling Will","Essig Museum of Entomology",,"No known compromise","N",,
"0d8d4558-be63-4c3a-9ca4-d99771f95094","UKFS_008.basePlot.bet","D06","UKFS","UKFS_008","2015-07-28","2015-08-11","2017-01-15","NEON.BET.D06.000350","DICSCU2","Animalia","Arthropoda","Insecta","Coleoptera","Carabidae","Harpalinae","Licinini","Dicaelus","Paradicaelus","sculptilis","sculptilis","Dicaelus sculptilis sculptilis","Say","subspecies",,"F",,"Ball, G. E. 1992. The Tribe Licinini (Coleoptera: Carabidae): A Review of the Genus-Groups and of the Species of Selected Genera. Journal of the New York Entomological Society 100:325-380.","Kipling Will","Essig Museum of Entomology",,"No known compromise","N",,
"0e96a526-f2f1-4411-9490-6ba484a00385","UKFS_006.basePlot.bet","D06","UKFS","UKFS_006","2015-07-28","2015-08-11","2017-01-15","NEON.BET.D06.000334","GALATR","Animalia","Arthropoda","Insecta","Coleoptera","Carabidae","Harpalinae","Galeritini","Galerita","Progaleritina","atripes",,"Galerita atripes","LeConte","species",,"F",,"Lindroth, C. H. 1969. The ground-beetles (Carabidae, excl. Cicindelinae) of Canada and Alaska, parts 1-6. Opuscula E. Entomoligiska Sallskapet.","Kipling Will","Essig Museum of Entomology",,"No known compromise","N",,
"ca0168dc-00d3-4022-8e9c-a4bc7465206d","UKFS_008.basePlot.bet","D06","UKFS","UKFS_008","2015-07-28","2015-08-11","2017-01-15","NEON.BET.D06.000171","CYCSOD2","Animalia","Arthropoda","Insecta","Coleoptera","Carabidae","Harpalinae","Pterostichini","Cyclotrachelus","Evarthrus","sodalis","sodalis","Cyclotrachelus sodalis sodalis","LeConte","subspecies",,"M",,"Freitag, R. 1969. A revision of the species of the genus Evarthrus LeConte. Quaestiones Entomologicae 5:89-212.","Kipling Will","Essig Museum of Entomology",,"No known compromise","N",,
"7ba42dc5-fedc-4b62-9c82-90c0001e1120","UKFS_008.basePlot.bet","D06","UKFS","UKFS_008","2015-07-28","2015-08-11","2017-01-15","NEON.BET.D06.000175","HARVAG","Animalia","Arthropoda","Insecta","Coleoptera","Carabidae","Harpalinae","Harpalini","Harpalus","Pseudoophonus","vagans",,"Harpalus vagans","LeConte","species",,"F",,"Ball, G. E., and J. N. Anderson. 1962. The taxonomy and speciation of Pseudophonus (a subgenus of Harpalus: Haralini: Carabidae, known to occur in North America). The Catholic University of America Press, Washington 17, D. C.","Kipling Will","Essig Museum of Entomology",,"No known compromise","N",,
"3eaa19c1-b9db-4020-be6c-859b3fa7d5b2","UKFS_010.basePlot.bet","D06","UKFS","UKFS_010","2015-07-28","2015-08-11","2017-01-15","NEON.BET.D06.000188","CHLNEM","Animalia","Arthropoda","Insecta","Coleoptera","Carabidae","Harpalinae","Chlaeniini","Chlaenius","Chlaeniellus","nemoralis",,"Chlaenius nemoralis","Say","species",,"F",,"Bell, R. T. 1960. A Revision of the Genus Chlaenius Bonelli (Coleoptera, Carabidae) in North America. Miscellaneous Publications of the Entomological Society of America 1:98-166.","Kipling Will","Essig Museum of Entomology",,"No known compromise","N",,
"573a658b-574a-4336-afaf-7bd998abde88","UKFS_010.basePlot.bet","D06","UKFS","UKFS_010","2015-07-28","2015-08-11","2017-01-15","NEON.BET.D06.000181","BRAALT","Animalia","Arthropoda","Insecta","Coleoptera","Carabidae","Brachininae","Brachinini","Brachinus","Neobrachinus","alternans",,"Brachinus alternans","Dejean","species",,"M",,"Erwin, T. L. 1970a. A Reclassification of Bombardier Beetles and a Taxonomic Revision of the North and Middle American Species (Carabidae: Brachinida). Quaestiones Entomologicae 6:4-215.","Kipling Will","Essig Museum of Entomology",,"No known compromise","N",,
"2c3263ec-94f3-426d-9328-6d5757d22732","UKFS_002.basePlot.bet","D06","UKFS","UKFS_002","2015-07-28","2015-08-11","2017-01-15","NEON.BET.D06.000147","DICSCU2","Animalia","Arthropoda","Insecta","Coleoptera","Carabidae","Harpalinae","Licinini","Dicaelus","Paradicaelus","sculptilis","sculptilis","Dicaelus sculptilis sculptilis","Say","subspecies",,"F",,"Ball, G. E. 1992. The Tribe Licinini (Coleoptera: Carabidae): A Review of the Genus-Groups and of the Species of Selected Genera. Journal of the New York Entomological Society 100:325-380.","Kipling Will","Essig Museum of Entomology",,"No known compromise","N",,
"d83afecc-22cb-469e-8727-ecae7db55372","UKFS_002.basePlot.bet","D06","UKFS","UKFS_002","2015-07-28","2015-08-11","2017-01-15","NEON.BET.D06.000149","BRAALT","Animalia","Arthropoda","Insecta","Coleoptera","Carabidae","Brachininae","Brachinini","Brachinus","Neobrachinus","alternans",,"Brachinus alternans","Dejean","species",,"M",,"Erwin, T. L. 1970a. A Reclassification of Bombardier Beetles and a Taxonomic Revision of the North and Middle American Species (Carabidae: Brachinida). Quaestiones Entomologicae 6:4-215.","Kipling Will","Essig Museum of Entomology",,"No known compromise","N",,
"992a4d35-0e56-4bf8-8429-8f8b27422812","UKFS_002.basePlot.bet","D06","UKFS","UKFS_002","2015-07-28","2015-08-11","2017-01-15","NEON.BET.D06.000152","POELUC","Animalia","Arthropoda","Insecta","Coleoptera","Carabidae","Harpalinae","Pterostichini","Poecilus","Poecilus","lucublandus",,"Poecilus lucublandus","Say","species",,"F",,"Lindroth, C. H. 1969. The ground-beetles (Carabidae, excl. Cicindelinae) of Canada and Alaska, parts 1-6. Opuscula E. Entomoligiska Sallskapet.","Kipling Will","Essig Museum of Entomology",,"No known compromise","N",,
"f35592a8-e92e-457c-b818-194628c67acc","UKFS_009.basePlot.bet","D06","UKFS","UKFS_009","2015-07-28","2015-08-11","2017-01-15","NEON.BET.D06.000193","HARCAL","Animalia","Arthropoda","Insecta","Coleoptera","Carabidae","Harpalinae","Harpalini","Harpalus","Megapangus","caliginosus",,"Harpalus caliginosus","Fabricius","species",,"F",,"Will, K. W. 1997. Review of the species of the subgenus Megapangus Casey (Coeloptera: Carabidae, Harpalini, Harpalus Latreille). The Coleopterists Bulletin 51:43-51.","Kipling Will","Essig Museum of Entomology",,"No known compromise","N",,
"c78ba3d7-b149-4c71-aa75-3eee38c53e8b","UKFS_009.basePlot.bet","D06","UKFS","UKFS_009","2015-07-28","2015-08-11","2017-01-15","NEON.BET.D06.000192","TETVIR","Animalia","Arthropoda","Insecta","Coleoptera","Carabidae","Cicindelinae","Megacephalini","Tetracha","Tetracha","virginica",,"Tetracha virginica","Linnaeus","species",,"M",,"Pearson, D., C. B. Knisley, and C. J. Kazilek. 2006. A Field Guide to the Tiger Beetles of the United States and Canada: Identification, Natural History, and Distribution of the Cicindelidae. Oxford University Press, New York.","Kipling Will","Essig Museum of Entomology",,"No known compromise","N",,
"761a253e-238a-4299-9214-718a62ad5be2","UKFS_009.basePlot.bet","D06","UKFS","UKFS_009","2015-07-28","2015-08-11","2017-01-15","NEON.BET.D06.000194","SCAVIC","Animalia","Arthropoda","Insecta","Coleoptera","Carabidae","Scaritinae","Scaritini","Scarites","Scarites","vicinus",,"Scarites vicinus","Chaudoir","species",,"U",,"Bousquet, Y. and P. E. Skelley. 2010. Description of a New Species of Scarites Fabricius (Coleoptera: Carabidae) from Florida. The Coleopterists Bulletin 64(1): 45-49.","Kipling Will","Essig Museum of Entomology",,"No known compromise","N",,
"050fbd6c-ceaa-479f-9221-e62978232b2a","UKFS_003.basePlot.bet","D06","UKFS","UKFS_003","2015-07-28","2015-08-11","2017-01-15","NEON.BET.D06.000312","DICELO","Animalia","Arthropoda","Insecta","Coleoptera","Carabidae","Harpalinae","Licinini","Dicaelus","Paradicaelus","elongatus",,"Dicaelus elongatus","Bonelli","species",,"F",,"Ball, G. E. 1992. The Tribe Licinini (Coleoptera: Carabidae): A Review of the Genus-Groups and of the Species of Selected Genera. Journal of the New York Entomological Society 100:325-380.","Kipling Will","Essig Museum of Entomology",,"No known compromise","N",,
"73f03e45-6176-49e4-a374-410d782374fd","UKFS_007.basePlot.bet","D06","UKFS","UKFS_007","2015-07-28","2015-08-11","2017-01-15","NEON.BET.D06.000168","CALGRE","Animalia","Arthropoda","Insecta","Coleoptera","Carabidae","Harpalinae","Sphodrini","Calathus","Neocalathus","gregarius",,"Calathus gregarius","Say","species",,"M",,"Lindroth, C. H. 1969. The ground-beetles (Carabidae, excl. Cicindelinae) of Canada and Alaska, parts 1-6. Opuscula E. Entomoligiska Sallskapet.","Kipling Will","Essig Museum of Entomology",,"No known compromise","N",,
"d69cd3ac-2c6f-4598-be1c-bb72fc18b096","UKFS_003.basePlot.bet","D06","UKFS","UKFS_003","2015-07-28","2015-08-11","2017-01-15","NEON.BET.D06.000465","POELUC","Animalia","Arthropoda","Insecta","Coleoptera","Carabidae","Harpalinae","Pterostichini","Poecilus","Poecilus","lucublandus",,"Poecilus lucublandus","Say","species",,"F",,"Lindroth, C. H. 1969. The ground-beetles (Carabidae, excl. Cicindelinae) of Canada and Alaska, parts 1-6. Opuscula E. Entomoligiska Sallskapet.","Kipling Will","Essig Museum of Entomology",,"No known compromise","N",,
"d1c3e473-7d3b-4e14-9b6d-c560a2fc616b","UKFS_005.basePlot.bet","D06","UKFS","UKFS_005","2015-08-11","2015-08-25","2017-01-15","NEON.BET.D06.000500","BRAALT","Animalia","Arthropoda","Insecta","Coleoptera","Carabidae","Brachininae","Brachinini","Brachinus","Neobrachinus","alternans",,"Brachinus alternans","Dejean","species",,"F",,"Erwin, T. L. 1970a. A Reclassification of Bombardier Beetles and a Taxonomic Revision of the North and Middle American Species (Carabidae: Brachinida). Quaestiones Entomologicae 6:4-215.","Kipling Will","Essig Museum of Entomology",,"No known compromise","N",,
"873902c6-eb63-409c-9a8e-32b37402d522","UKFS_004.basePlot.bet","D06","UKFS","UKFS_004","2015-08-11","2015-08-25","2017-01-15","NEON.BET.D06.000212","DICSCU2","Animalia","Arthropoda","Insecta","Coleoptera","Carabidae","Harpalinae","Licinini","Dicaelus","Paradicaelus","sculptilis","sculptilis","Dicaelus sculptilis sculptilis","Say","subspecies",,"M",,"Ball, G. E. 1992. The Tribe Licinini (Coleoptera: Carabidae): A Review of the Genus-Groups and of the Species of Selected Genera. Journal of the New York Entomological Society 100:325-380.","Kipling Will","Essig Museum of Entomology",,"No known compromise","N",,
"68a6d329-a0bc-4c5e-894e-38c05215e3b6","UKFS_002.basePlot.bet","D06","UKFS","UKFS_002","2015-08-11","2015-08-25","2017-01-15","NEON.BET.D06.000563","DICSCU2","Animalia","Arthropoda","Insecta","Coleoptera","Carabidae","Harpalinae","Licinini","Dicaelus","Paradicaelus","sculptilis","sculptilis","Dicaelus sculptilis sculptilis","Say","subspecies",,"F",,"Ball, G. E. 1992. The Tribe Licinini (Coleoptera: Carabidae): A Review of the Genus-Groups and of the Species of Selected Genera. Journal of the New York Entomological Society 100:325-380.","Kipling Will","Essig Museum of Entomology",,"No known compromise","N",,
"ce4026cf-06bd-4693-9da2-d15197c2acc4","UKFS_003.basePlot.bet","D06","UKFS","UKFS_003","2015-08-11","2015-08-25","2017-01-15","NEON.BET.D06.000499","PTEPER2","Animalia","Arthropoda","Insecta","Coleoptera","Carabidae","Harpalinae","Pterostichini","Pterostichus","Abacidus","permundus",,"Pterostichus permundus","Say","species",,"M",,"Lindroth, C. H. 1969. The ground-beetles (Carabidae, excl. Cicindelinae) of Canada and Alaska, parts 1-6. Opuscula E. Entomoligiska Sallskapet.","Kipling Will","Essig Museum of Entomology",,"No known compromise","N",,
"8da151d7-6937-43c9-b0ff-d9056970dc91","UKFS_003.basePlot.bet","D06","UKFS","UKFS_003","2015-08-11","2015-08-25","2017-01-15","NEON.BET.D06.000498","CYCALT","Animalia","Arthropoda","Insecta","Coleoptera","Carabidae","Harpalinae","Pterostichini","Cyclotrachelus","Evarthrus","alternans",,"Cyclotrachelus alternans","Casey","species",,"M",,"Freitag, R. 1969. A revision of the species of the genus Evarthrus LeConte. Quaestiones Entomologicae 5:89-212.","Kipling Will","Essig Museum of Entomology",,"No known compromise","N",,
"b376d44c-52fa-4e38-8d01-55f8302fdef0","UKFS_001.basePlot.bet","D06","UKFS","UKFS_001","2015-08-11","2015-08-25","2017-01-15","NEON.BET.D06.000489","DICSCU2","Animalia","Arthropoda","Insecta","Coleoptera","Carabidae","Harpalinae","Licinini","Dicaelus","Paradicaelus","sculptilis","sculptilis","Dicaelus sculptilis sculptilis","Say","subspecies",,"M",,"Ball, G. E. 1992. The Tribe Licinini (Coleoptera: Carabidae): A Review of the Genus-Groups and of the Species of Selected Genera. Journal of the New York Entomological Society 100:325-380.","Kipling Will","Essig Museum of Entomology",,"No known compromise","N",,
"b0a186cf-86a2-4162-8a49-525221dd0040","UKFS_003.basePlot.bet","D06","UKFS","UKFS_003","2015-08-11","2015-08-25","2017-01-15","NEON.BET.D06.000497","DICPUR2","Animalia","Arthropoda","Insecta","Coleoptera","Carabidae","Harpalinae","Licinini","Dicaelus","Dicaelus","purpuratus","splendidus","Dicaelus purpuratus splendidus","Say","subspecies",,"F",,"Ball, G. E. 1992. The Tribe Licinini (Coleoptera: Carabidae): A Review of the Genus-Groups and of the Species of Selected Genera. Journal of the New York Entomological Society 100:325-380.","Kipling Will","Essig Museum of Entomology",,"No known compromise","N",,
"074d066d-c39a-4703-a3c0-8b7b0aa54ee5","UKFS_001.basePlot.bet","D06","UKFS","UKFS_001","2015-08-11","2015-08-25","2017-01-15","NEON.BET.D06.000490","POELUC","Animalia","Arthropoda","Insecta","Coleoptera","Carabidae","Harpalinae","Pterostichini","Poecilus","Poecilus","lucublandus",,"Poecilus lucublandus","Say","species",,"F",,"Lindroth, C. H. 1969. The ground-beetles (Carabidae, excl. Cicindelinae) of Canada and Alaska, parts 1-6. Opuscula E. Entomoligiska Sallskapet.","Kipling Will","Essig Museum of Entomology",,"No known compromise","N",,
"0b7e37f1-60bb-4e25-8c2c-707ece3ff03c","UKFS_009.basePlot.bet","D06","UKFS","UKFS_009","2015-08-11","2015-08-25","2017-01-15","NEON.BET.D06.000380","HARCAL","Animalia","Arthropoda","Insecta","Coleoptera","Carabidae","Harpalinae","Harpalini","Harpalus","Megapangus","caliginosus",,"Harpalus caliginosus","Fabricius","species",,"F",,"Will, K. W. 1997. Review of the species of the subgenus Megapangus Casey (Coeloptera: Carabidae, Harpalini, Harpalus Latreille). The Coleopterists Bulletin 51:43-51.","Kipling Will","Essig Museum of Entomology",,"No known compromise","N",,
"75be05ee-93ab-47a2-9d03-2c012eb11f41","UKFS_009.basePlot.bet","D06","UKFS","UKFS_009","2015-08-11","2015-08-25","2017-01-15","NEON.BET.D06.000379","HARCAL","Animalia","Arthropoda","Insecta","Coleoptera","Carabidae","Harpalinae","Harpalini","Harpalus","Megapangus","caliginosus",,"Harpalus caliginosus","Fabricius","species",,"M",,"Will, K. W. 1997. Review of the species of the subgenus Megapangus Casey (Coeloptera: Carabidae, Harpalini, Harpalus Latreille). The Coleopterists Bulletin 51:43-51.","Kipling Will","Essig Museum of Entomology",,"No known compromise","N",,
"a77a79c0-5d8e-4007-880e-a6375f0e252f","UKFS_010.basePlot.bet","D06","UKFS","UKFS_010","2015-08-11","2015-08-25","2017-01-15","NEON.BET.D06.000485","DICFUR2","Animalia","Arthropoda","Insecta","Coleoptera","Carabidae","Harpalinae","Licinini","Dicaelus","Paradicaelus","furvus","furvus","Dicaelus furvus furvus","Dejean","subspecies",,"F",,"Ball, G. E. 1992. The Tribe Licinini (Coleoptera: Carabidae): A Review of the Genus-Groups and of the Species of Selected Genera. Journal of the New York Entomological Society 100:325-380.","Kipling Will","Essig Museum of Entomology",,"No known compromise","N",,
"8b93e353-337b-4e03-8237-15bc20277195","UKFS_006.basePlot.bet","D06","UKFS","UKFS_006","2015-08-11","2015-08-25","2017-01-15","NEON.BET.D06.000375","DICPUR2","Animalia","Arthropoda","Insecta","Coleoptera","Carabidae","Harpalinae","Licinini","Dicaelus","Dicaelus","purpuratus","splendidus","Dicaelus purpuratus splendidus","Say","subspecies",,"M",,"Ball, G. E. 1992. The Tribe Licinini (Coleoptera: Carabidae): A Review of the Genus-Groups and of the Species of Selected Genera. Journal of the New York Entomological Society 100:325-380.","Kipling Will","Essig Museum of Entomology",,"No known compromise","N",,
"c2e75830-5faa-41ce-8219-c7b8e41b9d46","UKFS_010.basePlot.bet","D06","UKFS","UKFS_010","2015-08-11","2015-08-25","2017-01-15","NEON.BET.D06.000484","DICPUR2","Animalia","Arthropoda","Insecta","Coleoptera","Carabidae","Harpalinae","Licinini","Dicaelus","Dicaelus","purpuratus","splendidus","Dicaelus purpuratus splendidus","Say","subspecies",,"F",,"Ball, G. E. 1992. The Tribe Licinini (Coleoptera: Carabidae): A Review of the Genus-Groups and of the Species of Selected Genera. Journal of the New York Entomological Society 100:325-380.","Kipling Will","Essig Museum of Entomology",,"No known compromise","N",,
"ce0dfd5b-9982-4f9f-abb7-4d7128da4621","UKFS_006.basePlot.bet","D06","UKFS","UKFS_006","2015-08-11","2015-08-25","2017-01-15","NEON.BET.D06.000374","CHLNEM","Animalia","Arthropoda","Insecta","Coleoptera","Carabidae","Harpalinae","Chlaeniini","Chlaenius","Chlaeniellus","nemoralis",,"Chlaenius nemoralis","Say","species",,"M",,"Bell, R. T. 1960. A Revision of the Genus Chlaenius Bonelli (Coleoptera, Carabidae) in North America. Miscellaneous Publications of the Entomological Society of America 1:98-166.","Kipling Will","Essig Museum of Entomology",,"No known compromise","N",,
"420d7e94-0d3b-4263-a837-5d428ab0d937","UKFS_006.basePlot.bet","D06","UKFS","UKFS_006","2015-08-11","2015-08-25","2017-01-15","NEON.BET.D06.000449","CHLNEM","Animalia","Arthropoda","Insecta","Coleoptera","Carabidae","Harpalinae","Chlaeniini","Chlaenius","Chlaeniellus","nemoralis",,"Chlaenius nemoralis","Say","species",,"F",,"Bell, R. T. 1960. A Revision of the Genus Chlaenius Bonelli (Coleoptera, Carabidae) in North America. Miscellaneous Publications of the Entomological Society of America 1:98-166.","Kipling Will","Essig Museum of Entomology",,"No known compromise","N",,
"e56481df-8062-4f64-8154-1ab86977c39e","UKFS_008.basePlot.bet","D06","UKFS","UKFS_008","2015-08-11","2015-08-25","2017-01-15","NEON.BET.D06.000457","HARPEN","Animalia","Arthropoda","Insecta","Coleoptera","Carabidae","Harpalinae","Harpalini","Harpalus","Pseudoophonus","pensylvanicus",,"Harpalus pensylvanicus","DeGeer","species",,"F",,"Ball, G. E., and J. N. Anderson. 1962. The taxonomy and speciation of Pseudophonus (a subgenus of Harpalus: Haralini: Carabidae, known to occur in North America). The Catholic University of America Press, Washington 17, D. C.","Kipling Will","Essig Museum of Entomology",,"No known compromise","N",,
"f0ae6012-2d66-4bfe-a883-bd96652806d0","UKFS_004.basePlot.bet","D06","UKFS","UKFS_004","2015-08-11","2015-08-25","2017-01-15","NEON.BET.D06.000205","DICPUR2","Animalia","Arthropoda","Insecta","Coleoptera","Carabidae","Harpalinae","Licinini","Dicaelus","Dicaelus","purpuratus","splendidus","Dicaelus purpuratus splendidus","Say","subspecies",,"M",,"Ball, G. E. 1992. The Tribe Licinini (Coleoptera: Carabidae): A Review of the Genus-Groups and of the Species of Selected Genera. Journal of the New York Entomological Society 100:325-380.","Kipling Will","Essig Museum of Entomology",,"No known compromise","N",,
"8ec1c838-18a1-4bc8-bc41-0fa4202d0ca0","UKFS_001.basePlot.bet","D06","UKFS","UKFS_001","2015-08-11","2015-08-25","2017-01-15","NEON.BET.D06.000200","DICPUR2","Animalia","Arthropoda","Insecta","Coleoptera","Carabidae","Harpalinae","Licinini","Dicaelus","Dicaelus","purpuratus","splendidus","Dicaelus purpuratus splendidus","Say","subspecies",,"F",,"Ball, G. E. 1992. The Tribe Licinini (Coleoptera: Carabidae): A Review of the Genus-Groups and of the Species of Selected Genera. Journal of the New York Entomological Society 100:325-380.","Kipling Will","Essig Museum of Entomology",,"No known compromise","N",,
"5070d823-e99f-42e1-b0ae-6129cb8c862c","UKFS_005.basePlot.bet","D06","UKFS","UKFS_005","2015-08-11","2015-08-25","2017-01-15","NEON.BET.D06.000502","DICELO","Animalia","Arthropoda","Insecta","Coleoptera","Carabidae","Harpalinae","Licinini","Dicaelus","Paradicaelus","elongatus",,"Dicaelus elongatus","Bonelli","species",,"F",,"Ball, G. E. 1992. The Tribe Licinini (Coleoptera: Carabidae): A Review of the Genus-Groups and of the Species of Selected Genera. Journal of the New York Entomological Society 100:325-380.","Kipling Will","Essig Museum of Entomology",,"No known compromise","N",,
