uid,namedLocation,domainID,siteID,plotID,trapID,setDate,collectDate,processingDate,etOHChangeDate,identifiedDate,sampleID,subsampleID,sampleType,taxonID,scientificName,taxonRank,identificationQualifier,scientificNameAuthorship,morphospeciesID,individualCount,identificationReferences,identifiedBy,recordedBy,remarks
"deb9f5e3-6cc0-487b-99a4-2c0151905be2","WOOD_004.basePlot.bet","D09","WOOD","WOOD_004","N","2014-06-18","2014-07-02","2014-07-03","2015-03-01",,"WOOD_004.N.20140702","tVkCk1nh7tE28lJL7FyXHbS3Xbt/bAbfauaa6I7+BRI=","invert bycatch",,,,,,,,,,"4oCBvlQIQ4DhSH30J22+0bs0GAacIQwk",
"4baad907-1ec6-40c6-ac8d-b902aeadfa9d","WOOD_024.basePlot.bet","D09","WOOD","WOOD_024","N","2014-06-18","2014-07-02","2014-07-03","2015-03-01",,"WOOD_024.N.20140702","rKE54NR9lxRoHL5bZ5f5IX8AeSpmOEtEPoxg8B/aRro=","invert bycatch",,,,,,,,,,"4oCBvlQIQ4DhSH30J22+0bs0GAacIQwk",
"3e41a0da-33a0-4c0c-ac4d-1edef6b87bb5","WOOD_024.basePlot.bet","D09","WOOD","WOOD_024","N","2014-06-18","2014-07-02","2014-07-03","2015-03-01",,"WOOD_024.N.20140702","rKE54NR9lxRoHL5bZ5f5IbnR2i7OzkcZardWZk2VU1w=","other carabid","CARSP14","Carabidae sp.","family",,"Latreille",,6,"Other",,"4oCBvlQIQ4DhSH30J22+0bs0GAacIQwk","individualCount estimated based on number of pinning records|"
"8556922e-b72e-4a24-85a9-edcf6fcbc0cd","WOOD_021.basePlot.bet","D09","WOOD","WOOD_021","N","2014-06-18","2014-07-02","2014-07-03","2015-03-01",,"WOOD_021.N.20140702","WrmnCoit367AF+m/aEGHbFjpdQ3S3kUxlthkYuT39r0=","invert bycatch",,,,,,,,,,"4oCBvlQIQ4DhSH30J22+0bs0GAacIQwk",
"6e2272cb-7677-4210-bc80-37411a3964fc","WOOD_003.basePlot.bet","D09","WOOD","WOOD_003","N","2014-06-18","2014-07-02","2014-07-03","2015-03-01",,"WOOD_003.N.20140702","gVhx7bcr2vMTLe1H6MP3kczVaYqKhCywBw+zmVDmL6s=","other carabid","CARSP14","Carabidae sp.","family",,"Latreille",,5,"Other",,"4oCBvlQIQ4DhSH30J22+0bs0GAacIQwk","individualCount estimated based on number of pinning records|"
"b2648a9a-f489-4517-931b-e7b2bb74e5ab","WOOD_003.basePlot.bet","D09","WOOD","WOOD_003","N","2014-06-18","2014-07-02","2014-07-03","2015-03-01",,"WOOD_003.N.20140702","gVhx7bcr2vMTLe1H6MP3kctaXkZhV5q7XcXPuRBeBiQ=","invert bycatch",,,,,,,,,,"4oCBvlQIQ4DhSH30J22+0bs0GAacIQwk",
"be84ff5d-d77d-4218-b54a-c3a36a7add1b","WOOD_006.basePlot.bet","D09","WOOD","WOOD_006","N","2014-06-18","2014-07-02","2014-07-03","2015-03-01",,"WOOD_006.N.20140702","WY3Zl9EyMifynNEAFRb+YclnnwfeO/6lRHKxv1ZOpKY=","invert bycatch",,,,,,,,,,"4oCBvlQIQ4DhSH30J22+0bs0GAacIQwk",
"644a20cb-30a9-4c39-967e-dd1f6f03d69f","WOOD_001.basePlot.bet","D09","WOOD","WOOD_001","N","2014-06-18","2014-07-02","2014-07-03","2015-03-01",,"WOOD_001.N.20140702","vZVALStcGzdyoE+yF+iVjJMfbCmaB4j9txfMgrkjSlE=","invert bycatch",,,,,,,,,,"4oCBvlQIQ4DhSH30J22+0bs0GAacIQwk",
"4e07dcbe-1c30-4210-a7ee-0ea9a2683c2d","WOOD_007.basePlot.bet","D09","WOOD","WOOD_007","N","2014-06-18","2014-07-02","2014-07-03","2015-03-01",,"WOOD_007.N.20140702","5mkFtj0S+gi+5cuZpstDP9DgPukR2Wyzp6kBbFYPjX4=","other carabid","CARSP14","Carabidae sp.","family",,"Latreille",,1,"Other",,"4oCBvlQIQ4DhSH30J22+0bs0GAacIQwk","individualCount estimated based on number of pinning records|"
"a5f04916-6dfb-4a51-a7d2-f408f077f89f","WOOD_002.basePlot.bet","D09","WOOD","WOOD_002","N","2014-06-18","2014-07-02","2014-07-03","2015-03-01",,"WOOD_002.N.20140702","V7nyjIgYGmM14b83AbvrZQc1YqdJnvknm0X+S+VL14o=","invert bycatch",,,,,,,,,,"4oCBvlQIQ4DhSH30J22+0bs0GAacIQwk",
"3efc03a3-0538-44bd-b385-8b73dbebb6f3","WOOD_007.basePlot.bet","D09","WOOD","WOOD_007","S","2014-06-18","2014-07-02","2014-07-03","2015-03-01",,"WOOD_007.S.20140702","5mkFtj0S+gg0a2xCp7wQfJtP+M6e3cqGUBxXnuafjgE=","other carabid","CARSP14","Carabidae sp.","family",,"Latreille",,1,"Other",,"4oCBvlQIQ4DhSH30J22+0bs0GAacIQwk","individualCount estimated based on number of pinning records|"
"97f6bf5f-9be3-4d4c-922b-c26b7e0bdbff","WOOD_003.basePlot.bet","D09","WOOD","WOOD_003","S","2014-06-18","2014-07-02","2014-07-03","2015-03-01",,"WOOD_003.S.20140702","gVhx7bcr2vNO9BM+IMQoSdIQRfzMBua2hW4gTvhZ7QI=","other carabid","CARSP14","Carabidae sp.","family",,"Latreille",,2,"Other",,"4oCBvlQIQ4DhSH30J22+0bs0GAacIQwk","individualCount estimated based on number of pinning records|"
"c6221f6a-3b60-476d-815b-c80b2a82bb9b","WOOD_006.basePlot.bet","D09","WOOD","WOOD_006","S","2014-06-18","2014-07-02","2014-07-03","2015-03-01",,"WOOD_006.S.20140702","WY3Zl9EyMidI05w9/bH7Khw0xiRKDx5/6dex+I69zl0=","invert bycatch",,,,,,,,,,"4oCBvlQIQ4DhSH30J22+0bs0GAacIQwk",
"4d77dcf6-2473-4ea4-966f-9e58c4e282a6","WOOD_007.basePlot.bet","D09","WOOD","WOOD_007","S","2014-06-18","2014-07-02","2014-07-03","2015-03-01",,"WOOD_007.S.20140702","5mkFtj0S+gg0a2xCp7wQfIuCjgXxeLzfQ+eFgJjsHwI=","invert bycatch",,,,,,,,,,"4oCBvlQIQ4DhSH30J22+0bs0GAacIQwk",
"f98f4c91-056d-41df-90ca-e169b2d959be","WOOD_005.basePlot.bet","D09","WOOD","WOOD_005","S","2014-06-18","2014-07-02","2014-07-03","2015-03-01",,"WOOD_005.S.20140702","Q/pjwyhQ09wKA+kCZ0yp6Nvk0HOIbRC/l4gsuxkyclY=","invert bycatch",,,,,,,,,,"4oCBvlQIQ4DhSH30J22+0bs0GAacIQwk",
"91491cb7-c7f0-4929-9704-99813efa5b80","WOOD_004.basePlot.bet","D09","WOOD","WOOD_004","S","2014-06-18","2014-07-02","2014-07-03","2015-03-01",,"WOOD_004.S.20140702","tVkCk1nh7tFXJarjS3K7dnNExyTHkUps1XbENPg6izY=","invert bycatch",,,,,,,,,,"4oCBvlQIQ4DhSH30J22+0bs0GAacIQwk",
"0f766602-bc8b-49e3-9396-dd4a9b43817b","WOOD_001.basePlot.bet","D09","WOOD","WOOD_001","S","2014-06-18","2014-07-02","2014-07-03","2015-03-01",,"WOOD_001.S.20140702","vZVALStcGzcsjDNtnU4ax+hnuDREoRFTzWoSiYOcfuo=","invert bycatch",,,,,,,,,,"4oCBvlQIQ4DhSH30J22+0bs0GAacIQwk",
"ab65100e-156d-4727-a2d9-a640f0a1e3d4","WOOD_002.basePlot.bet","D09","WOOD","WOOD_002","S","2014-06-18","2014-07-02","2014-07-03","2015-03-01",,"WOOD_002.S.20140702","V7nyjIgYGmPeVUxGodh0zMoIXsJNAlEvZ92yhutYXXI=","invert bycatch",,,,,,,,,,"4oCBvlQIQ4DhSH30J22+0bs0GAacIQwk",
"37bbbe6a-4879-4d02-9def-74d6d723ce2f","WOOD_023.basePlot.bet","D09","WOOD","WOOD_023","S","2014-06-18","2014-07-02","2014-07-03","2015-03-01",,"WOOD_023.S.20140702","HkhQBNKo1QBcW+aqjFtpiOZqUzYmXdgyB3nD/w17/ew=","invert bycatch",,,,,,,,,,"4oCBvlQIQ4DhSH30J22+0bs0GAacIQwk",
"4ac62c69-645b-4097-a244-fe2d51334d34","WOOD_002.basePlot.bet","D09","WOOD","WOOD_002","S","2014-06-18","2014-07-02","2014-07-03","2015-03-01",,"WOOD_002.S.20140702","V7nyjIgYGmPeVUxGodh0zOq4ukYbnr4foLdP3LRxoCg=","other carabid","CARSP14","Carabidae sp.","family",,"Latreille",,2,"Other",,"4oCBvlQIQ4DhSH30J22+0bs0GAacIQwk","individualCount estimated based on number of pinning records|"
"485648c5-cb31-4126-9043-e6b40aa7250d","WOOD_023.basePlot.bet","D09","WOOD","WOOD_023","S","2014-06-18","2014-07-02","2014-07-03","2015-03-01",,"WOOD_023.S.20140702","HkhQBNKo1QBcW+aqjFtpiIJW0gaSS9WFyckf+D8+FUQ=","other carabid","CARSP14","Carabidae sp.","family",,"Latreille",,1,"Other",,"4oCBvlQIQ4DhSH30J22+0bs0GAacIQwk","individualCount estimated based on number of pinning records|"
"c778c1f9-1ad7-4828-b12c-5d8277b46705","WOOD_003.basePlot.bet","D09","WOOD","WOOD_003","S","2014-06-18","2014-07-02","2014-07-03","2015-03-01",,"WOOD_003.S.20140702","gVhx7bcr2vNO9BM+IMQoScOOODwEaX1JzaIWa2HAnL4=","invert bycatch",,,,,,,,,,"4oCBvlQIQ4DhSH30J22+0bs0GAacIQwk",
"e3d925c8-2ad0-424b-8866-86b1d5b5258e","WOOD_024.basePlot.bet","D09","WOOD","WOOD_024","W","2014-06-18","2014-07-02","2014-07-03","2015-03-01",,"WOOD_024.W.20140702","rKE54NR9lxQPVfPE4D7ShnG08Ycsmxqk0CO51+pIL04=","invert bycatch",,,,,,,,,,"4oCBvlQIQ4DhSH30J22+0bs0GAacIQwk",
"ce294608-fe10-4499-956d-2b6fc13ee70a","WOOD_001.basePlot.bet","D09","WOOD","WOOD_001","W","2014-06-18","2014-07-02","2014-07-03","2015-03-01",,"WOOD_001.W.20140702","vZVALStcGzcpQ/3vYIf0cgFnQYQmQlOpaRokDbIIW8k=","other carabid","CARSP14","Carabidae sp.","family",,"Latreille",,1,"Other",,"4oCBvlQIQ4DhSH30J22+0bs0GAacIQwk","individualCount estimated based on number of pinning records|"
"49f031c1-a6d0-48c2-a1d5-1ce3e04d10b0","WOOD_003.basePlot.bet","D09","WOOD","WOOD_003","W","2014-06-18","2014-07-02","2014-07-03","2015-03-01",,"WOOD_003.W.20140702","gVhx7bcr2vPCjGhM8IKI/TT/aMcwY2bqKW2TUNTd5vQ=","invert bycatch",,,,,,,,,,"4oCBvlQIQ4DhSH30J22+0bs0GAacIQwk",
"868e0733-2242-4ddf-bed6-f714ba513f9b","WOOD_007.basePlot.bet","D09","WOOD","WOOD_007","W","2014-06-18","2014-07-02","2014-07-03","2015-03-01",,"WOOD_007.W.20140702","5mkFtj0S+giWqxhoJMUcdZTriPLl/n7vPEn5YoRX4mo=","invert bycatch",,,,,,,,,,"4oCBvlQIQ4DhSH30J22+0bs0GAacIQwk",
"2ac0c2bb-542f-4970-aa7f-1e31a18bab3a","WOOD_005.basePlot.bet","D09","WOOD","WOOD_005","W","2014-06-18","2014-07-02","2014-07-03","2015-03-01",,"WOOD_005.W.20140702","Q/pjwyhQ09xv/uhEMFw1+Uwh3xMqBJxCbBhOmBSfsw0=","invert bycatch",,,,,,,,,,"4oCBvlQIQ4DhSH30J22+0bs0GAacIQwk",
"42537408-0f68-401e-8416-726cac3f293d","WOOD_007.basePlot.bet","D09","WOOD","WOOD_007","W","2014-06-18","2014-07-02","2014-07-03","2015-03-01",,"WOOD_007.W.20140702","5mkFtj0S+giWqxhoJMUcdQ/bf4ONFrrFHKJu2jUQWkQ=","other carabid","CARSP14","Carabidae sp.","family",,"Latreille",,1,"Other",,"4oCBvlQIQ4DhSH30J22+0bs0GAacIQwk","individualCount estimated based on number of pinning records|"
"67f6bbd7-a5b8-4449-a93b-a9664bb66e9b","WOOD_024.basePlot.bet","D09","WOOD","WOOD_024","W","2014-06-18","2014-07-02","2014-07-03","2015-03-01",,"WOOD_024.W.20140702","rKE54NR9lxQPVfPE4D7ShgxStzOJzD+UIoT/GpemcIo=","other carabid","CARSP14","Carabidae sp.","family",,"Latreille",,12,"Other",,"4oCBvlQIQ4DhSH30J22+0bs0GAacIQwk","individualCount estimated based on number of pinning records|"
"3ec4f4b7-32b0-4e36-88d8-9912d9c458cd","WOOD_003.basePlot.bet","D09","WOOD","WOOD_003","W","2014-06-18","2014-07-02","2014-07-03","2015-03-01",,"WOOD_003.W.20140702","gVhx7bcr2vPCjGhM8IKI/X37RMAnukYYtlAlP1KEDuo=","other carabid","CARSP14","Carabidae sp.","family",,"Latreille",,3,"Other",,"4oCBvlQIQ4DhSH30J22+0bs0GAacIQwk","individualCount estimated based on number of pinning records|"
"e6deb703-36c2-437b-8d3c-e3cafbdbe9f4","WOOD_002.basePlot.bet","D09","WOOD","WOOD_002","W","2014-06-18","2014-07-02","2014-07-03","2015-03-01",,"WOOD_002.W.20140702","V7nyjIgYGmPQAknOuB/BJzxbDwXMsBT1WYJ79q5griw=","invert bycatch",,,,,,,,,,"4oCBvlQIQ4DhSH30J22+0bs0GAacIQwk",
"dfb6e9c3-247b-45c0-9484-d919080d2208","WOOD_001.basePlot.bet","D09","WOOD","WOOD_001","W","2014-06-18","2014-07-02","2014-07-03","2015-03-01",,"WOOD_001.W.20140702","vZVALStcGzcpQ/3vYIf0cs+gC1WH9YxEc/GK+0lu17U=","invert bycatch",,,,,,,,,,"4oCBvlQIQ4DhSH30J22+0bs0GAacIQwk",
"f57e4a3d-17d9-4d25-be60-c8f0dd0de33f","WOOD_006.basePlot.bet","D09","WOOD","WOOD_006","W","2014-06-18","2014-07-02","2014-07-03","2015-03-01",,"WOOD_006.W.20140702","WY3Zl9EyMidz0UP/klcwZu6Gozot7Dyjf3OmQBcane4=","invert bycatch",,,,,,,,,,"4oCBvlQIQ4DhSH30J22+0bs0GAacIQwk",
"a76a7e77-eae4-48bd-bd0d-63fad3fec92c","WOOD_006.basePlot.bet","D09","WOOD","WOOD_006","W","2014-06-18","2014-07-02","2014-07-03","2015-03-01",,"WOOD_006.W.20140702","WY3Zl9EyMidz0UP/klcwZpeqRcZZuWDtk4S99jncgik=","other carabid","CARSP14","Carabidae sp.","family",,"Latreille",,2,"Other",,"4oCBvlQIQ4DhSH30J22+0bs0GAacIQwk","individualCount estimated based on number of pinning records|"
"fd2d57bb-59b5-4456-8e22-a24b2c6d0e73","WOOD_004.basePlot.bet","D09","WOOD","WOOD_004","W","2014-06-18","2014-07-02","2014-07-03","2015-03-01",,"WOOD_004.W.20140702","tVkCk1nh7tHbEEWbRq16SGyI1lfnOumLSVa7DbpAIO0=","invert bycatch",,,,,,,,,,"4oCBvlQIQ4DhSH30J22+0bs0GAacIQwk",
"8cebdff0-7b62-44b9-91e0-c8674f907c2b","WOOD_003.basePlot.bet","D09","WOOD","WOOD_003","E","2014-06-18","2014-07-02","2014-07-03","2015-03-01",,"WOOD_003.E.20140702","gVhx7bcr2vONNgusx786u0l9ja6xM1EHVk4sX4SofQQ=","invert bycatch",,,,,,,,,,"4oCBvlQIQ4DhSH30J22+0bs0GAacIQwk",
"3124a6b2-5862-43d8-99a4-1974c8c95962","WOOD_021.basePlot.bet","D09","WOOD","WOOD_021","E","2014-06-18","2014-07-02","2014-07-03","2015-03-01",,"WOOD_021.E.20140702","WrmnCoit367WZNJvLCmj/yHjb/Q9AB43AYO/0T84IPM=","invert bycatch",,,,,,,,,,"4oCBvlQIQ4DhSH30J22+0bs0GAacIQwk",
"6199887a-0821-48f7-83b3-b2aafbc64337","WOOD_004.basePlot.bet","D09","WOOD","WOOD_004","E","2014-06-18","2014-07-02","2014-07-03","2015-03-01",,"WOOD_004.E.20140702","tVkCk1nh7tHfYtQvIQQUDQJVXHBHXFSvVUO+H2iBnGk=","invert bycatch",,,,,,,,,,"4oCBvlQIQ4DhSH30J22+0bs0GAacIQwk",
"a5c9884d-ede2-4362-afac-72af1c28ad6a","WOOD_005.basePlot.bet","D09","WOOD","WOOD_005","E","2014-06-18","2014-07-02","2014-07-03","2015-03-01",,"WOOD_005.E.20140702","Q/pjwyhQ09zZgUA2EryrLjLd766vaMMDv1hpeS+l4t4=","invert bycatch",,,,,,,,,,"4oCBvlQIQ4DhSH30J22+0bs0GAacIQwk",
"d6057519-bda8-47d9-9444-4c41b91ca3ab","WOOD_023.basePlot.bet","D09","WOOD","WOOD_023","E","2014-06-18","2014-07-02","2014-07-03","2015-03-01","2014-07-03","WOOD_023.E.20140702","HkhQBNKo1QBBdlVR94zQ4cs748r41/W8NwzMddUkDPY=","vert bycatch herp","LITSYL","Lithobates sylvaticus","species",,"LeConte",,1,"Other","GOvgZIvQ0qQHj/ySC0OOMgunX2ZttPpr","4oCBvlQIQ4DhSH30J22+0bs0GAacIQwk",
"61bf8739-de75-487e-b408-2a37ddb87bd2","WOOD_004.basePlot.bet","D09","WOOD","WOOD_004","E","2014-06-18","2014-07-02","2014-07-03","2015-03-01",,"WOOD_004.E.20140702","tVkCk1nh7tHfYtQvIQQUDc2SrGXsvtaU4kn0VOLr0iM=","other carabid","CARSP14","Carabidae sp.","family",,"Latreille",,1,"Other",,"4oCBvlQIQ4DhSH30J22+0bs0GAacIQwk","individualCount estimated based on number of pinning records|"
"1f198d69-3cef-4a9e-aa0c-785c721210d5","WOOD_023.basePlot.bet","D09","WOOD","WOOD_023","E","2014-06-18","2014-07-02","2014-07-03","2015-03-01",,"WOOD_023.E.20140702","HkhQBNKo1QBBdlVR94zQ4b0nYkSZzCgvhGSjkB6rXxg=","invert bycatch",,,,,,,,,,"4oCBvlQIQ4DhSH30J22+0bs0GAacIQwk",
"a9716888-62e5-4645-b011-469ce509a07f","WOOD_002.basePlot.bet","D09","WOOD","WOOD_002","E","2014-06-18","2014-07-02","2014-07-03","2015-03-01",,"WOOD_002.E.20140702","V7nyjIgYGmNgmt8YvrzpaTWT7rtMOi0k+H1p5QkwfNg=","invert bycatch",,,,,,,,,,"4oCBvlQIQ4DhSH30J22+0bs0GAacIQwk",
"5983d74b-3520-485c-ad26-5e653ead0c62","WOOD_007.basePlot.bet","D09","WOOD","WOOD_007","E","2014-06-18","2014-07-02","2014-07-03","2015-03-01",,"WOOD_007.E.20140702","5mkFtj0S+gj7pO/JrMpZhnhlErXI4twU10/d9Z2Y1iM=","other carabid","CARSP14","Carabidae sp.","family",,"Latreille",,3,"Other",,"4oCBvlQIQ4DhSH30J22+0bs0GAacIQwk","individualCount estimated based on number of pinning records|"
"5a7c53a3-7c99-4f6f-aee4-a6773c87f4be","WOOD_023.basePlot.bet","D09","WOOD","WOOD_023","E","2014-06-18","2014-07-02","2014-07-03","2015-03-01",,"WOOD_023.E.20140702","HkhQBNKo1QBBdlVR94zQ4Xs1U4u30twpRM4V3bUIsN4=","other carabid","CARSP14","Carabidae sp.","family",,"Latreille",,3,"Other",,"4oCBvlQIQ4DhSH30J22+0bs0GAacIQwk","individualCount estimated based on number of pinning records|"
"504fe1fb-6f4a-494c-805c-605a58780e69","WOOD_006.basePlot.bet","D09","WOOD","WOOD_006","E","2014-06-18","2014-07-02","2014-07-03","2015-03-01",,"WOOD_006.E.20140702","WY3Zl9EyMicUzBdezdEqOiWSX7b4y8H24lyYluqXgXQ=","invert bycatch",,,,,,,,,,"4oCBvlQIQ4DhSH30J22+0bs0GAacIQwk",
"df8ff11e-8af5-45f6-a99c-d1de85b5de83","WOOD_003.basePlot.bet","D09","WOOD","WOOD_003","E","2014-06-18","2014-07-02","2014-07-03","2015-03-01",,"WOOD_003.E.20140702","gVhx7bcr2vONNgusx786uy4WIM9If1Deqv4OkcNlLlY=","other carabid","CARSP14","Carabidae sp.","family",,"Latreille",,5,"Other",,"4oCBvlQIQ4DhSH30J22+0bs0GAacIQwk","individualCount estimated based on number of pinning records|"
"f2e190bd-351a-48e5-97dd-012af92427d0","WOOD_001.basePlot.bet","D09","WOOD","WOOD_001","E","2014-06-18","2014-07-02","2014-07-03","2015-03-01",,"WOOD_001.E.20140702","vZVALStcGzff9yprho6tBKLUxrQdmhGt/239U9Th8jk=","invert bycatch",,,,,,,,,,"4oCBvlQIQ4DhSH30J22+0bs0GAacIQwk",
"d3a90ec2-e637-45d8-a126-95e2a198c32b","WOOD_007.basePlot.bet","D09","WOOD","WOOD_007","N","2014-06-18","2014-07-02","2014-07-03","2015-03-01",,"WOOD_007.N.20140702","5mkFtj0S+gi+5cuZpstDP5vk0bPi2uT4bzILn3MBPq8=","invert bycatch",,,,,,,,,,"4oCBvlQIQ4DhSH30J22+0bs0GAacIQwk",
"a94771e8-1034-4b8c-a92f-acd41a2f07a3","WOOD_023.basePlot.bet","D09","WOOD","WOOD_023","N","2014-06-18","2014-07-02","2014-07-03","2015-03-01",,"WOOD_023.N.20140702","HkhQBNKo1QBqCKqKUXV6P/y5kYJPL/Rb8Y/IiD14wVo=","invert bycatch",,,,,,,,,,"4oCBvlQIQ4DhSH30J22+0bs0GAacIQwk",
"29ddf051-f6dc-4c9e-a0d9-a3fed0ce0b6b","WOOD_023.basePlot.bet","D09","WOOD","WOOD_023","E","2014-07-02","2014-07-16","2014-07-17","2015-03-01",,"WOOD_023.E.20140716","HkhQBNKo1QBBdlVR94zQ4erVCVfBLXqvcRZFO3z9qmA=","other carabid","CARSP14","Carabidae sp.","family",,"Latreille",,9,"Other",,"4oCBvlQIQ4DhSH30J22+0bs0GAacIQwk","individualCount estimated based on number of pinning records|"
"c2242fab-a6d6-4809-9ec9-1ac7df1d4a39","WOOD_006.basePlot.bet","D09","WOOD","WOOD_006","E","2014-07-02","2014-07-16","2014-07-17","2015-03-01",,"WOOD_006.E.20140716","WY3Zl9EyMicUzBdezdEqOnDa62dRfPSm+WjVAnUYhiw=","other carabid","CARSP14","Carabidae sp.","family",,"Latreille",,4,"Other",,"4oCBvlQIQ4DhSH30J22+0bs0GAacIQwk","individualCount estimated based on number of pinning records|"
"09672fde-db3e-49e7-aea6-47ae16782ce4","WOOD_006.basePlot.bet","D09","WOOD","WOOD_006","E","2014-07-02","2014-07-16","2014-07-17","2015-03-01",,"WOOD_006.E.20140716","WY3Zl9EyMicUzBdezdEqOoqrJDUc+1hmGw5fuOwqipc=","invert bycatch",,,,,,,,,,"4oCBvlQIQ4DhSH30J22+0bs0GAacIQwk",
"78d4f812-d4d4-4ab6-b96a-b3640bc4f7e1","WOOD_001.basePlot.bet","D09","WOOD","WOOD_001","E","2014-07-02","2014-07-16","2014-07-17","2015-03-01",,"WOOD_001.E.20140716","vZVALStcGzff9yprho6tBIvJmmgoIAnRQCCWxrYSVIE=","invert bycatch",,,,,,,,,,"4oCBvlQIQ4DhSH30J22+0bs0GAacIQwk",
"126eff06-f539-41af-80ef-05c692645243","WOOD_002.basePlot.bet","D09","WOOD","WOOD_002","E","2014-07-02","2014-07-16","2014-07-17","2015-03-01",,"WOOD_002.E.20140716","V7nyjIgYGmNgmt8YvrzpaUF6PX0ls3KikPp3rfj8r3s=","invert bycatch",,,,,,,,,,"4oCBvlQIQ4DhSH30J22+0bs0GAacIQwk",
"4a55d5c2-fe44-4b75-860d-d5579479dabd","WOOD_021.basePlot.bet","D09","WOOD","WOOD_021","E","2014-07-02","2014-07-16","2014-07-17","2015-03-01",,"WOOD_021.E.20140716","WrmnCoit367WZNJvLCmj/1c77Vt3pYKeWffn33SHkN4=","invert bycatch",,,,,,,,,,"4oCBvlQIQ4DhSH30J22+0bs0GAacIQwk",
"46530890-038a-4a90-ad06-a478411aafd5","WOOD_004.basePlot.bet","D09","WOOD","WOOD_004","E","2014-07-02","2014-07-16","2014-07-17","2015-03-01",,"WOOD_004.E.20140716","tVkCk1nh7tHfYtQvIQQUDWA1iK3xlQzV6dt/4Wa7DFw=","invert bycatch",,,,,,,,,,"4oCBvlQIQ4DhSH30J22+0bs0GAacIQwk",
"0774f4b3-9483-462a-8576-9e5b8a5af35c","WOOD_003.basePlot.bet","D09","WOOD","WOOD_003","E","2014-07-02","2014-07-16","2014-07-17","2015-03-01",,"WOOD_003.E.20140716","gVhx7bcr2vONNgusx786u36SPe51ZRtuKxQcYEUrRs8=","other carabid","CARSP14","Carabidae sp.","family",,"Latreille",,1,"Other",,"4oCBvlQIQ4DhSH30J22+0bs0GAacIQwk","individualCount estimated based on number of pinning records|"
"05959ccf-d0bb-4daf-9efa-acf3c464f611","WOOD_003.basePlot.bet","D09","WOOD","WOOD_003","N","2014-07-02","2014-07-16","2014-07-17","2015-03-01",,"WOOD_003.N.20140716","gVhx7bcr2vMTLe1H6MP3kSJR7GZMQgIjANGUD5MDAY4=","invert bycatch",,,,,,,,,,"4oCBvlQIQ4DhSH30J22+0bs0GAacIQwk",
"684dc9d1-555e-4a00-bae4-38b353bc1ffa","WOOD_023.basePlot.bet","D09","WOOD","WOOD_023","N","2014-07-02","2014-07-16","2014-07-17","2015-03-01",,"WOOD_023.N.20140716","HkhQBNKo1QBqCKqKUXV6PzIsD6qnH7xqwsn4d643Dqc=","other carabid","CARSP14","Carabidae sp.","family",,"Latreille",,24,"Other",,"4oCBvlQIQ4DhSH30J22+0bs0GAacIQwk","individualCount estimated based on number of pinning records|"
"54341785-5e81-450b-97a3-0c2ae13d5850","WOOD_002.basePlot.bet","D09","WOOD","WOOD_002","N","2014-07-02","2014-07-16","2014-07-17","2015-03-01",,"WOOD_002.N.20140716","V7nyjIgYGmM14b83AbvrZUHnyR2sTxOKykjKHYSGueQ=","invert bycatch",,,,,,,,,,"4oCBvlQIQ4DhSH30J22+0bs0GAacIQwk",
"c75ac2e5-2bd2-4c0d-add8-5ea5ec4714cc","WOOD_005.basePlot.bet","D09","WOOD","WOOD_005","N","2014-07-02","2014-07-16","2014-07-17","2015-03-01",,"WOOD_005.N.20140716","Q/pjwyhQ09w3gbpA5THbKDmYHHkKUgdcsmPd/OHiyTE=","invert bycatch",,,,,,,,,,"4oCBvlQIQ4DhSH30J22+0bs0GAacIQwk",
"9fd8862c-becb-43ef-8ec7-501a11a11065","WOOD_021.basePlot.bet","D09","WOOD","WOOD_021","N","2014-07-02","2014-07-16","2014-07-17","2015-03-01",,"WOOD_021.N.20140716","WrmnCoit367AF+m/aEGHbPPubLys7iz4wgu2HkQjIlE=","invert bycatch",,,,,,,,,,"4oCBvlQIQ4DhSH30J22+0bs0GAacIQwk",
"acee0093-7fb1-48de-bd35-7de09c3a3dfb","WOOD_005.basePlot.bet","D09","WOOD","WOOD_005","N","2014-07-02","2014-07-16","2014-07-17","2015-03-01",,"WOOD_005.N.20140716","Q/pjwyhQ09w3gbpA5THbKGvxNgWTzcPbs/rIvIdAJeo=","other carabid","CARSP14","Carabidae sp.","family",,"Latreille",,4,"Other",,"4oCBvlQIQ4DhSH30J22+0bs0GAacIQwk","individualCount estimated based on number of pinning records|"
"bd43b165-1cd5-4447-bc7d-77b0790cc3bf","WOOD_001.basePlot.bet","D09","WOOD","WOOD_001","N","2014-07-02","2014-07-16","2014-07-17","2015-03-01",,"WOOD_001.N.20140716","vZVALStcGzdyoE+yF+iVjAJcrWMpY0QsR18AGCxgfsU=","invert bycatch",,,,,,,,,,"4oCBvlQIQ4DhSH30J22+0bs0GAacIQwk",
"d801c674-6b8b-48fa-924a-782cd63121ab","WOOD_002.basePlot.bet","D09","WOOD","WOOD_002","N","2014-07-02","2014-07-16","2014-07-17","2015-03-01",,"WOOD_002.N.20140716","V7nyjIgYGmM14b83AbvrZXQz6AywTBMKY07H0kO1xgM=","other carabid","CARSP14","Carabidae sp.","family",,"Latreille",,2,"Other",,"4oCBvlQIQ4DhSH30J22+0bs0GAacIQwk","individualCount estimated based on number of pinning records|"
"7d08b7b6-f1b1-4a28-b5dd-c4092390a0b8","WOOD_007.basePlot.bet","D09","WOOD","WOOD_007","N","2014-07-02","2014-07-16","2014-07-17","2015-03-01",,"WOOD_007.N.20140716","5mkFtj0S+gi+5cuZpstDPzc5sNFGurOB4khMbalZ3es=","other carabid","CARSP14","Carabidae sp.","family",,"Latreille",,1,"Other",,"4oCBvlQIQ4DhSH30J22+0bs0GAacIQwk","individualCount estimated based on number of pinning records|"
"f65ceb1a-6c06-4a77-aaaa-01279c6ab38c","WOOD_007.basePlot.bet","D09","WOOD","WOOD_007","N","2014-07-02","2014-07-16","2014-07-17","2015-03-01",,"WOOD_007.N.20140716","5mkFtj0S+gi+5cuZpstDP1ctQEsGpymIqCEIaySJmKw=","invert bycatch",,,,,,,,,,"4oCBvlQIQ4DhSH30J22+0bs0GAacIQwk",
"2067d708-44ec-448c-985b-4083320119da","WOOD_003.basePlot.bet","D09","WOOD","WOOD_003","N","2014-07-02","2014-07-16","2014-07-17","2015-03-01",,"WOOD_003.N.20140716","gVhx7bcr2vMTLe1H6MP3kfjqFrrv/mOkOeV1Bh2s/R8=","other carabid","CARSP14","Carabidae sp.","family",,"Latreille",,2,"Other",,"4oCBvlQIQ4DhSH30J22+0bs0GAacIQwk","individualCount estimated based on number of pinning records|"
"6352f903-78b3-4048-ba83-b580d5b91474","WOOD_004.basePlot.bet","D09","WOOD","WOOD_004","N","2014-07-02","2014-07-16","2014-07-17","2015-03-01",,"WOOD_004.N.20140716","tVkCk1nh7tE28lJL7FyXHeIDQD7hMJgg8NMabRryZTc=","invert bycatch",,,,,,,,,,"4oCBvlQIQ4DhSH30J22+0bs0GAacIQwk",
"49b3b553-4ac4-4e73-90db-a0fc70a3abe4","WOOD_006.basePlot.bet","D09","WOOD","WOOD_006","N","2014-07-02","2014-07-16","2014-07-17","2015-03-01",,"WOOD_006.N.20140716","WY3Zl9EyMifynNEAFRb+YReeLUFQzuKD6uV+ngg3IOg=","other carabid","CARSP14","Carabidae sp.","family",,"Latreille",,1,"Other",,"4oCBvlQIQ4DhSH30J22+0bs0GAacIQwk","individualCount estimated based on number of pinning records|"
"f9c90e8b-2df6-4ab8-bba0-46694e5971c2","WOOD_006.basePlot.bet","D09","WOOD","WOOD_006","N","2014-07-02","2014-07-16","2014-07-17","2015-03-01",,"WOOD_006.N.20140716","WY3Zl9EyMifynNEAFRb+YefooJqt8kudqcSU3G+/k5s=","invert bycatch",,,,,,,,,,"4oCBvlQIQ4DhSH30J22+0bs0GAacIQwk",
"45576a07-8c82-49f4-a973-b87fb6093428","WOOD_001.basePlot.bet","D09","WOOD","WOOD_001","N","2014-07-02","2014-07-16","2014-07-17","2015-03-01",,"WOOD_001.N.20140716","vZVALStcGzdyoE+yF+iVjAYCkkQieEDTAhbj1wrkSSo=","other carabid","CARSP14","Carabidae sp.","family",,"Latreille",,2,"Other",,"4oCBvlQIQ4DhSH30J22+0bs0GAacIQwk","individualCount estimated based on number of pinning records|"
"fd7a91d5-9662-424f-b34f-7ec37f9f3b84","WOOD_001.basePlot.bet","D09","WOOD","WOOD_001","S","2014-07-02","2014-07-16","2014-07-17","2015-03-01",,"WOOD_001.S.20140716","vZVALStcGzcsjDNtnU4ax7O31eYKFNIcJoVhL9D+1MI=","invert bycatch",,,,,,,,,,"4oCBvlQIQ4DhSH30J22+0bs0GAacIQwk",
"910cb122-3c59-47d1-b86c-f15c1d3c482d","WOOD_002.basePlot.bet","D09","WOOD","WOOD_002","S","2014-07-02","2014-07-16","2014-07-17","2015-03-01",,"WOOD_002.S.20140716","V7nyjIgYGmPeVUxGodh0zELrgR98LZf1UIv/DKK3+yw=","other carabid","CARSP14","Carabidae sp.","family",,"Latreille",,4,"Other",,"4oCBvlQIQ4DhSH30J22+0bs0GAacIQwk","individualCount estimated based on number of pinning records|"
"e2efde6e-7ef6-4711-829a-04b0943ae26d","WOOD_004.basePlot.bet","D09","WOOD","WOOD_004","S","2014-07-02","2014-07-16","2014-07-17","2015-03-01",,"WOOD_004.S.20140716","tVkCk1nh7tFXJarjS3K7dqN/ge2E8bSfCeH8D5Oryd8=","invert bycatch",,,,,,,,,,"4oCBvlQIQ4DhSH30J22+0bs0GAacIQwk",
"055c4017-78bb-4aa1-beb6-05d03552c915","WOOD_005.basePlot.bet","D09","WOOD","WOOD_005","S","2014-07-02","2014-07-16","2014-07-17","2015-03-01",,"WOOD_005.S.20140716","Q/pjwyhQ09wKA+kCZ0yp6M7ZNeSszl7IahNffR5Z30w=","invert bycatch",,,,,,,,,,"4oCBvlQIQ4DhSH30J22+0bs0GAacIQwk",
"d88aea6f-a8de-4895-941b-b5b1884f9af2","WOOD_006.basePlot.bet","D09","WOOD","WOOD_006","S","2014-07-02","2014-07-16","2014-07-17","2015-03-01",,"WOOD_006.S.20140716","WY3Zl9EyMidI05w9/bH7KuRPCtXiuOWv6CtcHuJDZas=","invert bycatch",,,,,,,,,,"4oCBvlQIQ4DhSH30J22+0bs0GAacIQwk",
"c7653420-1ec7-42b9-9ef1-898d05ba7389","WOOD_002.basePlot.bet","D09","WOOD","WOOD_002","S","2014-07-02","2014-07-16","2014-07-17","2015-03-01",,"WOOD_002.S.20140716","V7nyjIgYGmPeVUxGodh0zAtq9eJTKTDaANu9gSSPEe0=","invert bycatch",,,,,,,,,,"4oCBvlQIQ4DhSH30J22+0bs0GAacIQwk",
"4c188a26-36b0-4fda-8213-984366a6b258","WOOD_007.basePlot.bet","D09","WOOD","WOOD_007","S","2014-07-02","2014-07-16","2014-07-17","2015-03-01",,"WOOD_007.S.20140716","5mkFtj0S+gg0a2xCp7wQfPft0hAGsjaAFp3OaVz0L3g=","invert bycatch",,,,,,,,,,"4oCBvlQIQ4DhSH30J22+0bs0GAacIQwk",
"62ede91d-ee7a-407e-bcb8-d54878b0cfb2","WOOD_007.basePlot.bet","D09","WOOD","WOOD_007","S","2014-07-02","2014-07-16","2014-07-17","2015-03-01",,"WOOD_007.S.20140716","5mkFtj0S+gg0a2xCp7wQfA7dcgeI0/sGffdakOX3Aew=","other carabid","CARSP14","Carabidae sp.","family",,"Latreille",,2,"Other",,"4oCBvlQIQ4DhSH30J22+0bs0GAacIQwk","individualCount estimated based on number of pinning records|"
"85d0e3bc-d93b-4bd0-b9af-801e226ca37e","WOOD_003.basePlot.bet","D09","WOOD","WOOD_003","S","2014-07-02","2014-07-16","2014-07-17","2015-03-01",,"WOOD_003.S.20140716","gVhx7bcr2vNO9BM+IMQoSUihHc67bi2HwBe2LBiXM5E=","other carabid","CARSP14","Carabidae sp.","family",,"Latreille",,4,"Other",,"4oCBvlQIQ4DhSH30J22+0bs0GAacIQwk","individualCount estimated based on number of pinning records|"
"20f74a91-f4f3-4e39-8b77-422f01e3e0ee","WOOD_023.basePlot.bet","D09","WOOD","WOOD_023","S","2014-07-02","2014-07-16","2014-07-17","2015-03-01",,"WOOD_023.S.20140716","HkhQBNKo1QBcW+aqjFtpiDmuQj7tOFqD3esZ2RmxNwY=","other carabid","CARSP14","Carabidae sp.","family",,"Latreille",,12,"Other",,"4oCBvlQIQ4DhSH30J22+0bs0GAacIQwk","individualCount estimated based on number of pinning records|"
"ec2c0e4d-454e-4fa2-a01f-33747a2cff4a","WOOD_003.basePlot.bet","D09","WOOD","WOOD_003","S","2014-07-02","2014-07-16","2014-07-17","2015-03-01",,"WOOD_003.S.20140716","gVhx7bcr2vNO9BM+IMQoSWYWZbJi9h4QdpnXo9b0kus=","invert bycatch",,,,,,,,,,"4oCBvlQIQ4DhSH30J22+0bs0GAacIQwk",
"6c4ce4df-bd14-477d-949e-41d34f558069","WOOD_023.basePlot.bet","D09","WOOD","WOOD_023","S","2014-07-02","2014-07-16","2014-07-17","2015-03-01",,"WOOD_023.S.20140716","HkhQBNKo1QBcW+aqjFtpiJmmPX6I39fHJiAHdMio3lk=","invert bycatch",,,,,,,,,,"4oCBvlQIQ4DhSH30J22+0bs0GAacIQwk",
"47f59b19-3016-4d07-bf08-2cb42ba3cd10","WOOD_001.basePlot.bet","D09","WOOD","WOOD_001","S","2014-07-02","2014-07-16","2014-07-17","2015-03-01",,"WOOD_001.S.20140716","vZVALStcGzcsjDNtnU4ax1XHhpnPKGQPNJBBb2wrC4w=","other carabid","CARSP14","Carabidae sp.","family",,"Latreille",,1,"Other",,"4oCBvlQIQ4DhSH30J22+0bs0GAacIQwk","individualCount estimated based on number of pinning records|"
"8cf13142-642c-4bf0-ba89-906346fd6a88","WOOD_007.basePlot.bet","D09","WOOD","WOOD_007","W","2014-07-02","2014-07-16","2014-07-17","2015-03-01",,"WOOD_007.W.20140716","5mkFtj0S+giWqxhoJMUcdZ6JWzXHZmxWzVkMg8cW9o4=","other carabid","CARSP14","Carabidae sp.","family",,"Latreille",,1,"Other",,"4oCBvlQIQ4DhSH30J22+0bs0GAacIQwk","individualCount estimated based on number of pinning records|"
"2d28f173-c4d1-4e0b-aca2-665f70106b67","WOOD_005.basePlot.bet","D09","WOOD","WOOD_005","W","2014-07-02","2014-07-16","2014-07-17","2015-03-01",,"WOOD_005.W.20140716","Q/pjwyhQ09xv/uhEMFw1+dljVb0db7+HwhI479Bbv4M=","invert bycatch",,,,,,,,,,"4oCBvlQIQ4DhSH30J22+0bs0GAacIQwk",
"34d2be95-547a-4616-9deb-8dba6336e806","WOOD_006.basePlot.bet","D09","WOOD","WOOD_006","W","2014-07-02","2014-07-16","2014-07-17","2015-03-01",,"WOOD_006.W.20140716","WY3Zl9EyMidz0UP/klcwZtz9OwN4ofkxx2ovEyrbfzg=","invert bycatch",,,,,,,,,,"4oCBvlQIQ4DhSH30J22+0bs0GAacIQwk",
"4d2a93ea-8c1c-49e1-8482-a06aeddb4130","WOOD_004.basePlot.bet","D09","WOOD","WOOD_004","W","2014-07-02","2014-07-16","2014-07-17","2015-03-01",,"WOOD_004.W.20140716","tVkCk1nh7tHbEEWbRq16SDOp732uGjDlyqDSmi5j82w=","invert bycatch",,,,,,,,,,"4oCBvlQIQ4DhSH30J22+0bs0GAacIQwk",
"73c85f78-9b69-42b0-b6ef-b6c0de00cf81","WOOD_001.basePlot.bet","D09","WOOD","WOOD_001","W","2014-07-02","2014-07-16","2014-07-17","2015-03-01",,"WOOD_001.W.20140716","vZVALStcGzcpQ/3vYIf0cm3K0wLGQ1g/SvW+YBKEW/w=","other carabid","CARSP14","Carabidae sp.","family",,"Latreille",,2,"Other",,"4oCBvlQIQ4DhSH30J22+0bs0GAacIQwk","individualCount estimated based on number of pinning records|"
"1f83bc1f-06d4-4b81-a481-2d6d9c49af5a","WOOD_002.basePlot.bet","D09","WOOD","WOOD_002","W","2014-07-02","2014-07-16","2014-07-17","2015-03-01",,"WOOD_002.W.20140716","V7nyjIgYGmPQAknOuB/BJ2lj9yIfDvToy23LFVpIL3w=","other carabid","CARSP14","Carabidae sp.","family",,"Latreille",,2,"Other",,"4oCBvlQIQ4DhSH30J22+0bs0GAacIQwk","individualCount estimated based on number of pinning records|"
"6658712e-6d42-448c-a6ec-4c9a87b73965","WOOD_002.basePlot.bet","D09","WOOD","WOOD_002","W","2014-07-02","2014-07-16","2014-07-17","2015-03-01",,"WOOD_002.W.20140716","V7nyjIgYGmPQAknOuB/BJ8tv5BQPmwbNrPycKgzJwj4=","invert bycatch",,,,,,,,,,"4oCBvlQIQ4DhSH30J22+0bs0GAacIQwk",
"3fbcb096-fac9-4618-a0f1-dd811325fec0","WOOD_001.basePlot.bet","D09","WOOD","WOOD_001","W","2014-07-02","2014-07-16","2014-07-17","2015-03-01",,"WOOD_001.W.20140716","vZVALStcGzcpQ/3vYIf0cjWme4HEMfcczQgAON/k82c=","invert bycatch",,,,,,,,,,"4oCBvlQIQ4DhSH30J22+0bs0GAacIQwk",
"d168ee4a-9072-4e1c-867d-bb6b24f2c073","WOOD_003.basePlot.bet","D09","WOOD","WOOD_003","W","2014-07-02","2014-07-16","2014-07-17","2015-03-01",,"WOOD_003.W.20140716","gVhx7bcr2vPCjGhM8IKI/Z7rHo5gghE/4CefZHzeuyI=","invert bycatch",,,,,,,,,,"4oCBvlQIQ4DhSH30J22+0bs0GAacIQwk",
"ffabb4e7-33a9-4af0-ba1d-3ade89584914","WOOD_004.basePlot.bet","D09","WOOD","WOOD_004","W","2014-07-02","2014-07-16","2014-07-17","2015-03-01",,"WOOD_004.W.20140716","tVkCk1nh7tHbEEWbRq16SNM3MhC41sZblTo8g3kTYcQ=","other carabid","CARSP14","Carabidae sp.","family",,"Latreille",,1,"Other",,"4oCBvlQIQ4DhSH30J22+0bs0GAacIQwk","individualCount estimated based on number of pinning records|"
"52cf486e-bf91-450f-984d-bcbca7fe21c3","WOOD_006.basePlot.bet","D09","WOOD","WOOD_006","W","2014-07-02","2014-07-16","2014-07-17","2015-03-01",,"WOOD_006.W.20140716","WY3Zl9EyMidz0UP/klcwZstgNIlcZXn/h8zJD43cuDA=","other carabid","CARSP14","Carabidae sp.","family",,"Latreille",,2,"Other",,"4oCBvlQIQ4DhSH30J22+0bs0GAacIQwk","individualCount estimated based on number of pinning records|"
"771f43f7-65dd-4d24-be45-2b6653db2a74","WOOD_003.basePlot.bet","D09","WOOD","WOOD_003","W","2014-07-02","2014-07-16","2014-07-17","2015-03-01",,"WOOD_003.W.20140716","gVhx7bcr2vPCjGhM8IKI/euuAK2c7DWhyK7ZcsXR6Xs=","other carabid","CARSP14","Carabidae sp.","family",,"Latreille",,6,"Other",,"4oCBvlQIQ4DhSH30J22+0bs0GAacIQwk","individualCount estimated based on number of pinning records|"
"a1fe7dce-9fa5-487c-9245-1ff87d8e5b36","WOOD_007.basePlot.bet","D09","WOOD","WOOD_007","W","2014-07-02","2014-07-16","2014-07-17","2015-03-01",,"WOOD_007.W.20140716","5mkFtj0S+giWqxhoJMUcdflah0P74kh3JrHYQAPJQqI=","invert bycatch",,,,,,,,,,"4oCBvlQIQ4DhSH30J22+0bs0GAacIQwk",
"2aa2d2ad-75dd-4a1c-a409-9a254c725991","WOOD_005.basePlot.bet","D09","WOOD","WOOD_005","E","2014-07-02","2014-07-16","2014-07-17","2015-03-01",,"WOOD_005.E.20140716","Q/pjwyhQ09zZgUA2EryrLgxMDDlWZX+mGRduYkfDl8M=","invert bycatch",,,,,,,,,,"4oCBvlQIQ4DhSH30J22+0bs0GAacIQwk",
"e891a8ad-c7d9-45dd-b08e-edbac4a1f6e7","WOOD_023.basePlot.bet","D09","WOOD","WOOD_023","E","2014-07-02","2014-07-16","2014-07-17","2015-03-01",,"WOOD_023.E.20140716","HkhQBNKo1QBBdlVR94zQ4Y7vVUcJN4Z+DgLVYiIJmmE=","invert bycatch",,,,,,,,,,"4oCBvlQIQ4DhSH30J22+0bs0GAacIQwk",
"9a581036-3f5e-4ec2-a612-efe96caf9d91","WOOD_007.basePlot.bet","D09","WOOD","WOOD_007","E","2014-07-02","2014-07-16","2014-07-17","2015-03-01",,"WOOD_007.E.20140716","5mkFtj0S+gj7pO/JrMpZhvYIyA/I7S4V6choamy7wUA=","invert bycatch",,,,,,,,,,"4oCBvlQIQ4DhSH30J22+0bs0GAacIQwk",
"0063ff74-7841-4959-a8a6-727313c10a7b","WOOD_003.basePlot.bet","D09","WOOD","WOOD_003","E","2014-07-02","2014-07-16","2014-07-17","2015-03-01",,"WOOD_003.E.20140716","gVhx7bcr2vONNgusx786u2ZmBeggv3ZMYBEZyvHCyqU=","invert bycatch",,,,,,,,,,"4oCBvlQIQ4DhSH30J22+0bs0GAacIQwk",
"4a8e2dee-6618-47ed-8dc1-ecbd3c5cbfcb","WOOD_002.basePlot.bet","D09","WOOD","WOOD_002","E","2014-07-02","2014-07-16","2014-07-17","2015-03-01",,"WOOD_002.E.20140716","V7nyjIgYGmNgmt8YvrzpafEV7lOfI7CoEhlUa/qpbq8=","other carabid","CARSP14","Carabidae sp.","family",,"Latreille",,3,"Other",,"4oCBvlQIQ4DhSH30J22+0bs0GAacIQwk","individualCount estimated based on number of pinning records|"
"c1253fe1-37b3-4de0-b166-b669b7c45f9b","WOOD_007.basePlot.bet","D09","WOOD","WOOD_007","E","2014-07-02","2014-07-16","2014-07-17","2015-03-01",,"WOOD_007.E.20140716","5mkFtj0S+gj7pO/JrMpZhscOARfs/6YTmWruU4ESd+I=","other carabid","CARSP14","Carabidae sp.","family",,"Latreille",,2,"Other",,"4oCBvlQIQ4DhSH30J22+0bs0GAacIQwk","individualCount estimated based on number of pinning records|"
"04a23b87-263f-484c-8d16-54e8c9654d44","WOOD_021.basePlot.bet","D09","WOOD","WOOD_021","E","2014-07-02","2014-07-16","2014-07-17","2015-03-01",,"WOOD_021.E.20140716","WrmnCoit367WZNJvLCmj/yxXI4AVunDpvZ7EE4pxUMY=","other carabid","CARSP14","Carabidae sp.","family",,"Latreille",,10,"Other",,"4oCBvlQIQ4DhSH30J22+0bs0GAacIQwk","individualCount estimated based on number of pinning records|"
"cb5952f5-2a05-4eee-95a5-2ed52a35edcf","WOOD_023.basePlot.bet","D09","WOOD","WOOD_023","E","2014-07-16","2014-07-30","2014-07-31","2015-03-01",,"WOOD_023.E.20140730","HkhQBNKo1QBBdlVR94zQ4X4kNxAvwgWOwRbrnDce3QY=","other carabid","CARSP14","Carabidae sp.","family",,"Latreille",,13,"Other",,"4oCBvlQIQ4DhSH30J22+0bs0GAacIQwk","individualCount estimated based on number of pinning records|"
"8d8ba0bd-e4a5-414f-8bd5-bb9a0a87ed0f","WOOD_005.basePlot.bet","D09","WOOD","WOOD_005","W","2014-07-16","2014-07-30","2014-07-31","2015-03-01",,"WOOD_005.W.20140730","Q/pjwyhQ09xv/uhEMFw1+a5/EohtK0eAJVEbR2K4OYk=","invert bycatch",,,,,,,,,,"4oCBvlQIQ4DhSH30J22+0bs0GAacIQwk",
"aa5374e7-5ac4-427a-b092-3c60b23b2ea0","WOOD_007.basePlot.bet","D09","WOOD","WOOD_007","E","2014-07-16","2014-07-30","2014-07-31","2015-03-01",,"WOOD_007.E.20140730","5mkFtj0S+gj7pO/JrMpZhpJqnPvr5e6XD+t4Q2fvUbg=","invert bycatch",,,,,,,,,,"4oCBvlQIQ4DhSH30J22+0bs0GAacIQwk",
"2276c1e3-8bd4-4ab0-9a0b-790123dcdc83","WOOD_002.basePlot.bet","D09","WOOD","WOOD_002","E","2014-07-16","2014-07-30","2014-07-31","2015-03-01",,"WOOD_002.E.20140730","V7nyjIgYGmNgmt8YvrzpaXkvj6tqJ1xQp8caAXYrbvc=","invert bycatch",,,,,,,,,,"4oCBvlQIQ4DhSH30J22+0bs0GAacIQwk",
"8c13588a-8c45-4763-81f8-aa14cf2d121a","WOOD_001.basePlot.bet","D09","WOOD","WOOD_001","E","2014-07-16","2014-07-30","2014-07-31","2015-03-01",,"WOOD_001.E.20140730","vZVALStcGzff9yprho6tBJx5qioVzZaboFAwYxx95bg=","invert bycatch",,,,,,,,,,"4oCBvlQIQ4DhSH30J22+0bs0GAacIQwk",
"1cc21658-e4b9-474a-8098-7b0988811c78","WOOD_021.basePlot.bet","D09","WOOD","WOOD_021","E","2014-07-16","2014-07-30","2014-07-31","2015-03-01",,"WOOD_021.E.20140730","WrmnCoit367WZNJvLCmj/9cV7WeNvwZg9uqcQ8otu/g=","other carabid","CARSP14","Carabidae sp.","family",,"Latreille",,2,"Other",,"4oCBvlQIQ4DhSH30J22+0bs0GAacIQwk","individualCount estimated based on number of pinning records|"
"657f099a-3338-429f-8235-86b2829a501d","WOOD_021.basePlot.bet","D09","WOOD","WOOD_021","E","2014-07-16","2014-07-30","2014-07-31","2015-03-01",,"WOOD_021.E.20140730","WrmnCoit367WZNJvLCmj/z4jpxdMQD3fyuxOlrr7M+Q=","invert bycatch",,,,,,,,,,"4oCBvlQIQ4DhSH30J22+0bs0GAacIQwk",
"c87798b1-056d-4ab6-9a47-5ad5546f5c65","WOOD_005.basePlot.bet","D09","WOOD","WOOD_005","E","2014-07-16","2014-07-30","2014-07-31","2015-03-01",,"WOOD_005.E.20140730","Q/pjwyhQ09zZgUA2EryrLsD9SzyIuJ3PJKSFXSwqmyw=","other carabid","CARSP14","Carabidae sp.","family",,"Latreille",,1,"Other",,"4oCBvlQIQ4DhSH30J22+0bs0GAacIQwk","individualCount estimated based on number of pinning records|"
"8c16c78a-0fb7-40ef-b93c-5e42b164bc93","WOOD_002.basePlot.bet","D09","WOOD","WOOD_002","E","2014-07-16","2014-07-30","2014-07-31","2015-03-01",,"WOOD_002.E.20140730","V7nyjIgYGmNgmt8YvrzpaR5wbtQrP7Kb3UYTI5N68aQ=","other carabid","CARSP14","Carabidae sp.","family",,"Latreille",,8,"Other",,"4oCBvlQIQ4DhSH30J22+0bs0GAacIQwk","individualCount estimated based on number of pinning records|"
"409c600c-c432-459c-aa38-22d0ab21c556","WOOD_006.basePlot.bet","D09","WOOD","WOOD_006","E","2014-07-16","2014-07-30","2014-07-31","2015-03-01",,"WOOD_006.E.20140730","WY3Zl9EyMicUzBdezdEqOvhGYvyO2ojyM6NdVN2WdiU=","other carabid","CARSP14","Carabidae sp.","family",,"Latreille",,1,"Other",,"4oCBvlQIQ4DhSH30J22+0bs0GAacIQwk","individualCount estimated based on number of pinning records|"
"3e51a217-3e8f-48e9-b586-1fd98b014667","WOOD_003.basePlot.bet","D09","WOOD","WOOD_003","E","2014-07-16","2014-07-30","2014-07-31","2015-03-01",,"WOOD_003.E.20140730","gVhx7bcr2vONNgusx786uygkKDgr1o0P9sBS+PLNCLg=","invert bycatch",,,,,,,,,,"4oCBvlQIQ4DhSH30J22+0bs0GAacIQwk",
"7a0b90d0-d7c5-40b2-bf3c-b866159995f3","WOOD_006.basePlot.bet","D09","WOOD","WOOD_006","E","2014-07-16","2014-07-30","2014-07-31","2015-03-01",,"WOOD_006.E.20140730","WY3Zl9EyMicUzBdezdEqOpvHEsmePvD30dFtz7SqdRY=","invert bycatch",,,,,,,,,,"4oCBvlQIQ4DhSH30J22+0bs0GAacIQwk",
"a32615fc-d162-4c4f-be64-db321bdc8d4e","WOOD_004.basePlot.bet","D09","WOOD","WOOD_004","E","2014-07-16","2014-07-30","2014-07-31","2015-03-01",,"WOOD_004.E.20140730","tVkCk1nh7tHfYtQvIQQUDWCEq+eMglnw1eChv+w52FQ=","invert bycatch",,,,,,,,,,"4oCBvlQIQ4DhSH30J22+0bs0GAacIQwk",
"d35c9a33-688c-440c-a344-d6058103a333","WOOD_005.basePlot.bet","D09","WOOD","WOOD_005","E","2014-07-16","2014-07-30","2014-07-31","2015-03-01",,"WOOD_005.E.20140730","Q/pjwyhQ09zZgUA2EryrLjz7xvf1liwYvMkHMOsDKwo=","invert bycatch",,,,,,,,,,"4oCBvlQIQ4DhSH30J22+0bs0GAacIQwk",
"dc6bb400-e813-439d-b535-abb1383953c5","WOOD_007.basePlot.bet","D09","WOOD","WOOD_007","E","2014-07-16","2014-07-30","2014-07-31","2015-03-01",,"WOOD_007.E.20140730","5mkFtj0S+gj7pO/JrMpZhm3O15NCkky1kkDrIG9loLU=","other carabid","CARSP14","Carabidae sp.","family",,"Latreille",,2,"Other",,"4oCBvlQIQ4DhSH30J22+0bs0GAacIQwk","individualCount estimated based on number of pinning records|"
"1a22d51a-3164-4596-8f07-77701adc79af","WOOD_003.basePlot.bet","D09","WOOD","WOOD_003","N","2014-07-16","2014-07-30","2014-07-31","2015-03-01",,"WOOD_003.N.20140730","gVhx7bcr2vMTLe1H6MP3kYcE1XEaQ5Gmh6Ra9WsnnPw=","invert bycatch",,,,,,,,,,"4oCBvlQIQ4DhSH30J22+0bs0GAacIQwk",
"194f6dc4-9d26-44a2-b248-9ca7eac6c8d8","WOOD_005.basePlot.bet","D09","WOOD","WOOD_005","N","2014-07-16","2014-07-30","2014-07-31","2015-03-01",,"WOOD_005.N.20140730","Q/pjwyhQ09w3gbpA5THbKFnGdL2kpWv8njBmYo4hGnw=","other carabid","CARSP14","Carabidae sp.","family",,"Latreille",,1,"Other",,"4oCBvlQIQ4DhSH30J22+0bs0GAacIQwk","individualCount estimated based on number of pinning records|"
"42560657-88c1-4086-9d2b-163207d3f6e8","WOOD_001.basePlot.bet","D09","WOOD","WOOD_001","N","2014-07-16","2014-07-30","2014-07-31","2015-03-01",,"WOOD_001.N.20140730","vZVALStcGzdyoE+yF+iVjA6XC6bssUV5gFHjhD4Pd+g=","invert bycatch",,,,,,,,,,"4oCBvlQIQ4DhSH30J22+0bs0GAacIQwk",
"14c2dc7f-1856-4f9e-89de-8c82994a80f0","WOOD_002.basePlot.bet","D09","WOOD","WOOD_002","N","2014-07-16","2014-07-30","2014-07-31","2015-03-01",,"WOOD_002.N.20140730","V7nyjIgYGmM14b83AbvrZYIFMJNhhGlrnNEyaRTUFs0=","invert bycatch",,,,,,,,,,"4oCBvlQIQ4DhSH30J22+0bs0GAacIQwk",
"d9692dc9-4962-4f38-af0f-a3385a6f53d6","WOOD_006.basePlot.bet","D09","WOOD","WOOD_006","N","2014-07-16","2014-07-30","2014-07-31","2015-03-01",,"WOOD_006.N.20140730","WY3Zl9EyMifynNEAFRb+YTcwwO57XadZYXcbtqRO4eA=","invert bycatch",,,,,,,,,,"4oCBvlQIQ4DhSH30J22+0bs0GAacIQwk",
"4b767df6-295e-4941-8a0f-ebbe63def200","WOOD_006.basePlot.bet","D09","WOOD","WOOD_006","N","2014-07-16","2014-07-30","2014-07-31","2015-03-01",,"WOOD_006.N.20140730","WY3Zl9EyMifynNEAFRb+YSZ3ReaoDfI2fSJ9ja2UtKg=","other carabid","CARSP14","Carabidae sp.","family",,"Latreille",,1,"Other",,"4oCBvlQIQ4DhSH30J22+0bs0GAacIQwk","individualCount estimated based on number of pinning records|"
"30cb11d4-f3cf-4808-be4a-e85c81d15d46","WOOD_004.basePlot.bet","D09","WOOD","WOOD_004","N","2014-07-16","2014-07-30","2014-07-31","2015-03-01",,"WOOD_004.N.20140730","tVkCk1nh7tE28lJL7FyXHfEaS8h+zdwBfG0gAmROzrs=","invert bycatch",,,,,,,,,,"4oCBvlQIQ4DhSH30J22+0bs0GAacIQwk",
"a78d7e56-b5d8-4eb4-8eed-fcb088ebde0e","WOOD_023.basePlot.bet","D09","WOOD","WOOD_023","N","2014-07-16","2014-07-30","2014-07-31","2015-03-01",,"WOOD_023.N.20140730","HkhQBNKo1QBqCKqKUXV6P/U9srqA5cHhnI4QBy0Tl7M=","invert bycatch",,,,,,,,,,"4oCBvlQIQ4DhSH30J22+0bs0GAacIQwk",
"c4552c10-562d-468a-a8b6-99872d331aff","WOOD_023.basePlot.bet","D09","WOOD","WOOD_023","N","2014-07-16","2014-07-30","2014-07-31","2015-03-01",,"WOOD_023.N.20140730","HkhQBNKo1QBqCKqKUXV6P746PeEZ7OQk1LIikwDE69o=","other carabid","CARSP14","Carabidae sp.","family",,"Latreille",,13,"Other",,"4oCBvlQIQ4DhSH30J22+0bs0GAacIQwk","individualCount estimated based on number of pinning records|"
"1513a74a-2e9c-485c-867d-23cdeb52a5bc","WOOD_024.basePlot.bet","D09","WOOD","WOOD_024","N","2014-07-16","2014-07-30","2014-07-31","2015-03-01",,"WOOD_024.N.20140730","rKE54NR9lxRoHL5bZ5f5IWqa+8HZkcWp5HyAoOR7nfY=","invert bycatch",,,,,,,,,,"4oCBvlQIQ4DhSH30J22+0bs0GAacIQwk",
"02b28d27-3e70-45ec-9813-6f31441ab309","WOOD_024.basePlot.bet","D09","WOOD","WOOD_024","N","2014-07-16","2014-07-30","2014-07-31","2015-03-01",,"WOOD_024.N.20140730","rKE54NR9lxRoHL5bZ5f5ITPvrcz2xFPOqvsjsM4D+tI=","other carabid","CARSP14","Carabidae sp.","family",,"Latreille",,6,"Other",,"4oCBvlQIQ4DhSH30J22+0bs0GAacIQwk","individualCount estimated based on number of pinning records|"
"b9c7ec04-65ea-4376-a115-7d257386bfd3","WOOD_002.basePlot.bet","D09","WOOD","WOOD_002","N","2014-07-16","2014-07-30","2014-07-31","2015-03-01",,"WOOD_002.N.20140730","V7nyjIgYGmM14b83AbvrZfxF09piscMUanOKy1/Jqk8=","other carabid","CARSP14","Carabidae sp.","family",,"Latreille",,2,"Other",,"4oCBvlQIQ4DhSH30J22+0bs0GAacIQwk","individualCount estimated based on number of pinning records|"
"86d01d96-3832-4fc1-bda0-2996a1488730","WOOD_005.basePlot.bet","D09","WOOD","WOOD_005","N","2014-07-16","2014-07-30","2014-07-31","2015-03-01",,"WOOD_005.N.20140730","Q/pjwyhQ09w3gbpA5THbKIH/Y/NVxSXghR0nUF505eM=","invert bycatch",,,,,,,,,,"4oCBvlQIQ4DhSH30J22+0bs0GAacIQwk",
"7f7203ff-ce96-4000-bf7e-622835b6397c","WOOD_003.basePlot.bet","D09","WOOD","WOOD_003","N","2014-07-16","2014-07-30","2014-07-31","2015-03-01",,"WOOD_003.N.20140730","gVhx7bcr2vMTLe1H6MP3kUPU6AJrzmo9wBUNXUi27qU=","other carabid","CARSP14","Carabidae sp.","family",,"Latreille",,1,"Other",,"4oCBvlQIQ4DhSH30J22+0bs0GAacIQwk","individualCount estimated based on number of pinning records|"
"f81ae522-bee3-4286-93da-5f9951ca1d65","WOOD_007.basePlot.bet","D09","WOOD","WOOD_007","N","2014-07-16","2014-07-30","2014-07-31","2015-03-01",,"WOOD_007.N.20140730","5mkFtj0S+gi+5cuZpstDP7Dyp4Jy8Fq626qdVsMS3Ck=","other carabid","CARSP14","Carabidae sp.","family",,"Latreille",,1,"Other",,"4oCBvlQIQ4DhSH30J22+0bs0GAacIQwk","individualCount estimated based on number of pinning records|"
"20e1e33d-93ce-49c2-a782-b824a6a93d89","WOOD_001.basePlot.bet","D09","WOOD","WOOD_001","N","2014-07-16","2014-07-30","2014-07-31","2015-03-01",,"WOOD_001.N.20140730","vZVALStcGzdyoE+yF+iVjBFwGB9Y3rLiJsf5ORf6L+o=","other carabid","CARSP14","Carabidae sp.","family",,"Latreille",,2,"Other",,"4oCBvlQIQ4DhSH30J22+0bs0GAacIQwk","individualCount estimated based on number of pinning records|"
"ab505405-74d3-4fa2-977e-77fd0dd76f3d","WOOD_007.basePlot.bet","D09","WOOD","WOOD_007","N","2014-07-16","2014-07-30","2014-07-31","2015-03-01",,"WOOD_007.N.20140730","5mkFtj0S+gi+5cuZpstDP0MpT6VcNwRf6TcW+TRgt6E=","invert bycatch",,,,,,,,,,"4oCBvlQIQ4DhSH30J22+0bs0GAacIQwk",
"2cb1f4e2-66e2-49ba-8809-32ea66cb856f","WOOD_023.basePlot.bet","D09","WOOD","WOOD_023","S","2014-07-16","2014-07-30","2014-07-31","2015-03-01",,"WOOD_023.S.20140730","HkhQBNKo1QBcW+aqjFtpiPtUAbg1Pz4eq91JIlBbm9w=","invert bycatch",,,,,,,,,,"4oCBvlQIQ4DhSH30J22+0bs0GAacIQwk",
"3a13b562-dc5b-4a21-915a-18e401568028","WOOD_005.basePlot.bet","D09","WOOD","WOOD_005","S","2014-07-16","2014-07-30","2014-07-31","2015-03-01",,"WOOD_005.S.20140730","Q/pjwyhQ09wKA+kCZ0yp6Jz7YJXhFetycgNtfFjNpB8=","invert bycatch",,,,,,,,,,"4oCBvlQIQ4DhSH30J22+0bs0GAacIQwk",
"2b8f73e3-5998-48de-9231-47e6490d6781","WOOD_007.basePlot.bet","D09","WOOD","WOOD_007","S","2014-07-16","2014-07-30","2014-07-31","2015-03-01",,"WOOD_007.S.20140730","5mkFtj0S+gg0a2xCp7wQfHb9/JYWjN8HyMr37qIf/zk=","invert bycatch",,,,,,,,,,"4oCBvlQIQ4DhSH30J22+0bs0GAacIQwk",
"aa0f1233-8e0d-4ea4-b6ee-c0e286f9cb23","WOOD_002.basePlot.bet","D09","WOOD","WOOD_002","S","2014-07-16","2014-07-30","2014-07-31","2015-03-01",,"WOOD_002.S.20140730","V7nyjIgYGmPeVUxGodh0zHRpBMV3lRMpAfSMEL/0vqw=","invert bycatch",,,,,,,,,,"4oCBvlQIQ4DhSH30J22+0bs0GAacIQwk",
"139190ac-08ed-4850-94b0-f0149d36cb2b","WOOD_007.basePlot.bet","D09","WOOD","WOOD_007","S","2014-07-16","2014-07-30","2014-07-31","2015-03-01",,"WOOD_007.S.20140730","5mkFtj0S+gg0a2xCp7wQfB8dDdLrWYHbQ0CK6PjZOi0=","other carabid","CARSP14","Carabidae sp.","family",,"Latreille",,3,"Other",,"4oCBvlQIQ4DhSH30J22+0bs0GAacIQwk","individualCount estimated based on number of pinning records|"
"ac4771a2-1d26-47cf-a403-9dae4b368e5a","WOOD_002.basePlot.bet","D09","WOOD","WOOD_002","S","2014-07-16","2014-07-30","2014-07-31","2015-03-01",,"WOOD_002.S.20140730","V7nyjIgYGmPeVUxGodh0zCGW5rODTAZNGFwy1tiB77M=","other carabid","CARSP14","Carabidae sp.","family",,"Latreille",,9,"Other",,"4oCBvlQIQ4DhSH30J22+0bs0GAacIQwk","individualCount estimated based on number of pinning records|"
"0b95ce47-4b5d-451c-80ec-818bec6cf1ea","WOOD_001.basePlot.bet","D09","WOOD","WOOD_001","S","2014-07-16","2014-07-30","2014-07-31","2015-03-01",,"WOOD_001.S.20140730","vZVALStcGzcsjDNtnU4ax2eK6d1xjPmAFZZpTP7c4Cs=","invert bycatch",,,,,,,,,,"4oCBvlQIQ4DhSH30J22+0bs0GAacIQwk",
"728d9e24-3b07-4704-8d2f-e8e3e8362824","WOOD_001.basePlot.bet","D09","WOOD","WOOD_001","S","2014-07-16","2014-07-30","2014-07-31","2015-03-01",,"WOOD_001.S.20140730","vZVALStcGzcsjDNtnU4ax7FU0T1V8FnSJnKE/g/cLvw=","other carabid","CARSP14","Carabidae sp.","family",,"Latreille",,1,"Other",,"4oCBvlQIQ4DhSH30J22+0bs0GAacIQwk","individualCount estimated based on number of pinning records|"
"414b2143-4790-489e-923d-9252562f39f5","WOOD_006.basePlot.bet","D09","WOOD","WOOD_006","S","2014-07-16","2014-07-30","2014-07-31","2015-03-01",,"WOOD_006.S.20140730","WY3Zl9EyMidI05w9/bH7KnQfj5oxkfC6eZZwwvPquP4=","invert bycatch",,,,,,,,,,"4oCBvlQIQ4DhSH30J22+0bs0GAacIQwk",
"10d5b837-5505-4b5b-baaf-a124b3589f87","WOOD_023.basePlot.bet","D09","WOOD","WOOD_023","S","2014-07-16","2014-07-30","2014-07-31","2015-03-01",,"WOOD_023.S.20140730","HkhQBNKo1QBcW+aqjFtpiFwQQzEfJH4oxtMVUEof69I=","other carabid","CARSP14","Carabidae sp.","family",,"Latreille",,12,"Other",,"4oCBvlQIQ4DhSH30J22+0bs0GAacIQwk","individualCount estimated based on number of pinning records|"
"3158c4e7-678e-4451-86b2-f818fb3ed133","WOOD_003.basePlot.bet","D09","WOOD","WOOD_003","S","2014-07-16","2014-07-30","2014-07-31","2015-03-01",,"WOOD_003.S.20140730","gVhx7bcr2vNO9BM+IMQoSTPGGQOVS0z4q9Uoku8HFio=","other carabid","CARSP14","Carabidae sp.","family",,"Latreille",,4,"Other",,"4oCBvlQIQ4DhSH30J22+0bs0GAacIQwk","individualCount estimated based on number of pinning records|"
"b4f0ce87-e5b2-4ee9-acc6-c32e4f5fbb44","WOOD_003.basePlot.bet","D09","WOOD","WOOD_003","S","2014-07-16","2014-07-30","2014-07-31","2015-03-01",,"WOOD_003.S.20140730","gVhx7bcr2vNO9BM+IMQoSXoZdaqGtTtw4brss4y6cpU=","invert bycatch",,,,,,,,,,"4oCBvlQIQ4DhSH30J22+0bs0GAacIQwk",
"3d6838ac-3178-43d6-86f6-2047c59240b3","WOOD_004.basePlot.bet","D09","WOOD","WOOD_004","S","2014-07-16","2014-07-30","2014-07-31","2015-03-01",,"WOOD_004.S.20140730","tVkCk1nh7tFXJarjS3K7dmVY90FGEOcWMbFj3IxxiMM=","invert bycatch",,,,,,,,,,"4oCBvlQIQ4DhSH30J22+0bs0GAacIQwk",
"a9f3c62b-1654-4127-8160-79c32e66ad9f","WOOD_006.basePlot.bet","D09","WOOD","WOOD_006","S","2014-07-16","2014-07-30","2014-07-31","2015-03-01",,"WOOD_006.S.20140730","WY3Zl9EyMidI05w9/bH7KhnLeUQ9fG5a66gWrPTBMKk=","other carabid","CARSP14","Carabidae sp.","family",,"Latreille",,1,"Other",,"4oCBvlQIQ4DhSH30J22+0bs0GAacIQwk","individualCount estimated based on number of pinning records|"
"49c73556-73f6-45f2-8250-80b0810d372f","WOOD_004.basePlot.bet","D09","WOOD","WOOD_004","W","2014-07-16","2014-07-30","2014-07-31","2015-03-01",,"WOOD_004.W.20140730","tVkCk1nh7tHbEEWbRq16SN4We+Y+VAQqMnOnrOqBnjY=","invert bycatch",,,,,,,,,,"4oCBvlQIQ4DhSH30J22+0bs0GAacIQwk",
"63d8daae-01f7-4a5a-a2c3-440be5710da6","WOOD_003.basePlot.bet","D09","WOOD","WOOD_003","W","2014-07-16","2014-07-30","2014-07-31","2015-03-01",,"WOOD_003.W.20140730","gVhx7bcr2vPCjGhM8IKI/SaSfYwCZcYh+LdHopl/HTI=","other carabid","CARSP14","Carabidae sp.","family",,"Latreille",,1,"Other",,"4oCBvlQIQ4DhSH30J22+0bs0GAacIQwk","individualCount estimated based on number of pinning records|"
"e4dd436f-4555-402a-9636-bc9ce4037358","WOOD_001.basePlot.bet","D09","WOOD","WOOD_001","W","2014-07-16","2014-07-30","2014-07-31","2015-03-01",,"WOOD_001.W.20140730","vZVALStcGzcpQ/3vYIf0crYytNB1c3wUPAviLl+IxQc=","other carabid","CARSP14","Carabidae sp.","family",,"Latreille",,2,"Other",,"4oCBvlQIQ4DhSH30J22+0bs0GAacIQwk","individualCount estimated based on number of pinning records|"
"80d814c5-054b-485a-a57d-c47a49931604","WOOD_006.basePlot.bet","D09","WOOD","WOOD_006","W","2014-07-16","2014-07-30","2014-07-31","2015-03-01",,"WOOD_006.W.20140730","WY3Zl9EyMidz0UP/klcwZjhrZ2P+mkdknbQhvjfbEVE=","other carabid","CARSP14","Carabidae sp.","family",,"Latreille",,7,"Other",,"4oCBvlQIQ4DhSH30J22+0bs0GAacIQwk","individualCount estimated based on number of pinning records|"
"ed251eef-7030-4680-bfaa-a0f6cc0459ca","WOOD_005.basePlot.bet","D09","WOOD","WOOD_005","W","2014-07-16","2014-07-30","2014-07-31","2015-03-01",,"WOOD_005.W.20140730","Q/pjwyhQ09xv/uhEMFw1+eYiWma09I67/gNQzgtVbqk=","other carabid","CARSP14","Carabidae sp.","family",,"Latreille",,1,"Other",,"4oCBvlQIQ4DhSH30J22+0bs0GAacIQwk","individualCount estimated based on number of pinning records|"
"968daa33-46b3-47cd-8d9a-6cc154d4b2f5","WOOD_007.basePlot.bet","D09","WOOD","WOOD_007","W","2014-07-16","2014-07-30","2014-07-31","2015-03-01",,"WOOD_007.W.20140730","5mkFtj0S+giWqxhoJMUcde3Ko2bklvVhUZVkX3sVccE=","invert bycatch",,,,,,,,,,"4oCBvlQIQ4DhSH30J22+0bs0GAacIQwk",
"0358b980-d6b6-413c-ae98-11da293e743b","WOOD_001.basePlot.bet","D09","WOOD","WOOD_001","W","2014-07-16","2014-07-30","2014-07-31","2015-03-01",,"WOOD_001.W.20140730","vZVALStcGzcpQ/3vYIf0ci4o+J5g1NmShbkhaKchT7U=","invert bycatch",,,,,,,,,,"4oCBvlQIQ4DhSH30J22+0bs0GAacIQwk",
"703fcff1-9a6b-4576-ac95-6db64d852986","WOOD_003.basePlot.bet","D09","WOOD","WOOD_003","W","2014-07-16","2014-07-30","2014-07-31","2015-03-01",,"WOOD_003.W.20140730","gVhx7bcr2vPCjGhM8IKI/R0zrqyAwBTi4A8jc6aPr0Y=","invert bycatch",,,,,,,,,,"4oCBvlQIQ4DhSH30J22+0bs0GAacIQwk",
"acb3ecb0-7f45-4eaf-8563-3d8f319d9cd4","WOOD_002.basePlot.bet","D09","WOOD","WOOD_002","W","2014-07-16","2014-07-30","2014-07-31","2015-03-01",,"WOOD_002.W.20140730","V7nyjIgYGmPQAknOuB/BJ0vS8bYxImBCK8dDbdQZOS0=","invert bycatch",,,,,,,,,,"4oCBvlQIQ4DhSH30J22+0bs0GAacIQwk",
"487710d9-73ff-469c-8e96-134644ee47cb","WOOD_006.basePlot.bet","D09","WOOD","WOOD_006","W","2014-07-16","2014-07-30","2014-07-31","2015-03-01",,"WOOD_006.W.20140730","WY3Zl9EyMidz0UP/klcwZjyvIKb6K1CcYlqbrYEFqLo=","invert bycatch",,,,,,,,,,"4oCBvlQIQ4DhSH30J22+0bs0GAacIQwk",
"d726cbda-8154-424d-8e7b-1800b957b689","WOOD_023.basePlot.bet","D09","WOOD","WOOD_023","E","2014-07-16","2014-07-30","2014-07-31","2015-03-01",,"WOOD_023.E.20140730","HkhQBNKo1QBBdlVR94zQ4QSkUBuHgLiXiNz7V00JpDM=","invert bycatch",,,,,,,,,,"4oCBvlQIQ4DhSH30J22+0bs0GAacIQwk",
