uid,namedLocation,domainID,siteID,plotID,trapID,setDate,collectDate,processingDate,etOHChangeDate,identifiedDate,sampleID,subsampleID,sampleType,taxonID,scientificName,taxonRank,identificationQualifier,scientificNameAuthorship,morphospeciesID,individualCount,identificationReferences,identifiedBy,recordedBy,remarks
"ea1cc5cd-1889-4df5-94d4-7099abf6fd8a","STER_033.basePlot.bet","D10","STER","STER_033","N","2014-06-10","2014-06-24","2014-06-25","2016-09-19",,"STER_033.N.20140624","Yx5jJOWNohJp6dqmDJpDStAoLkdWoLofsZ7KZOJNMVs=","invert bycatch",,,,,,,,,,"7+R+tlx7vf358Ca0KfCVsIeYb4W2nsW1","Vial found after processing, data entered prior to shipping"
"2272e7e1-368d-4bdc-b412-3f3fbc1d9976","STER_029.basePlot.bet","D10","STER","STER_029","N","2014-06-10","2014-06-24","2014-06-25","2016-09-19",,"STER_029.N.20140624","KK2q9nxeS91GbdWqecI4hUxSs6OmZfCSJEaSn1PWQhg=","invert bycatch",,,,,,,,,,"7+R+tlx7vf358Ca0KfCVsIeYb4W2nsW1","Vial found after processing, data entered prior to shipping"
"ef7d6cd5-e556-40e0-ab2d-bb81f0154fb0","STER_029.basePlot.bet","D10","STER","STER_029","N","2014-06-10","2014-06-24","2014-06-25","2016-09-19",,"STER_029.N.20140624","KK2q9nxeS91GbdWqecI4hUxSs6OmZfCSTvBLRw7YKAE=","invert bycatch",,,,,,,,,,"7+R+tlx7vf358Ca0KfCVsIeYb4W2nsW1","Vial found after processing, data entered prior to shipping"
"fa6101f4-6830-4d0b-bc45-418cf22f5d9e","STER_029.basePlot.bet","D10","STER","STER_029","N","2014-06-10","2014-06-24","2014-06-25","2016-09-19",,"STER_029.N.20140624","KK2q9nxeS91GbdWqecI4hUxSs6OmZfCS8QGc4fxxXMA=","invert bycatch",,,,,,,,,,"7+R+tlx7vf358Ca0KfCVsIeYb4W2nsW1","Vial found after processing, data entered prior to shipping"
"7f2deb07-e37a-4881-a696-df7ad2e5ab97","STER_029.basePlot.bet","D10","STER","STER_029","N","2014-06-10","2014-06-24","2014-06-25","2016-09-19",,"STER_029.N.20140624","KK2q9nxeS91GbdWqecI4hUxSs6OmZfCS+wod+9dxXpU=","invert bycatch",,,,,,,,,,"7+R+tlx7vf358Ca0KfCVsIeYb4W2nsW1","Vial found after processing, data entered prior to shipping"
"7ee89af5-7c6d-4769-b617-98688c1b4db1","STER_031.basePlot.bet","D10","STER","STER_031","N","2014-06-10","2014-06-24","2014-06-25","2016-09-19","2014-06-25","STER_031.N.20140624","1mQK2LOpYfsiZhIMO/VVjXHCR+wx6aDYA5PE1ig5caI=","carabid","CRADUB","Cratacanthus dubius","species",,"Palisot de Beauvois",,1,"Other","Ji4OKY0Opajnq0SAWKqACItMAkkkfnH7","7+R+tlx7vf358Ca0KfCVsIeYb4W2nsW1","individualCount not recorded. Value of 1 entered|Vial found after processing, data entered prior to shipping"
"f3e4ae3b-f101-4db2-a613-0b068579e86b","STER_032.basePlot.bet","D10","STER","STER_032","N","2014-06-10","2014-06-24","2014-06-25","2016-09-19",,"STER_032.N.20140624","fEa5yf30aQwvj3g+ODeZAxm0DWVXoBsCGxaOBX5pwyE=","invert bycatch",,,,,,,,,,"7+R+tlx7vf358Ca0KfCVsIeYb4W2nsW1","Vial found after processing, data entered prior to shipping"
"60b39efa-e1b9-4ed4-9b45-7a7c220248e3","STER_032.basePlot.bet","D10","STER","STER_032","N","2014-06-10","2014-06-24","2014-06-25","2016-09-19",,"STER_032.N.20140624","fEa5yf30aQwvj3g+ODeZAxm0DWVXoBsCfPm8LfA7fZk=","invert bycatch",,,,,,,,,,"7+R+tlx7vf358Ca0KfCVsIeYb4W2nsW1","Vial found after processing, data entered prior to shipping"
"bd91ab7d-e5dc-4c2b-97b9-ec8620179102","STER_032.basePlot.bet","D10","STER","STER_032","N","2014-06-10","2014-06-24","2014-06-25","2016-09-19",,"STER_032.N.20140624","fEa5yf30aQwvj3g+ODeZAxm0DWVXoBsCVx/2i1i6FAo=","invert bycatch",,,,,,,,,,"7+R+tlx7vf358Ca0KfCVsIeYb4W2nsW1","Vial found after processing, data entered prior to shipping"
"09a138fa-cfd1-4ef0-bc64-39d500d22a84","STER_027.basePlot.bet","D10","STER","STER_027","N","2014-06-10","2014-06-24","2014-06-25","2016-09-19",,"STER_027.N.20140624","FuEDHNSxWAnQlwXeH1K2nMS3LaAPCmjb3gbazwdI+lo=","invert bycatch",,,,,,,,,,"7+R+tlx7vf358Ca0KfCVsIeYb4W2nsW1","Vial found after processing, data entered prior to shipping"
"eeafffc7-eb2e-4ab3-9348-6f04113fd327","STER_027.basePlot.bet","D10","STER","STER_027","N","2014-06-10","2014-06-24","2014-06-25","2016-09-19",,"STER_027.N.20140624","FuEDHNSxWAnQlwXeH1K2nMS3LaAPCmjbMrWb8NkWaaw=","invert bycatch",,,,,,,,,,"7+R+tlx7vf358Ca0KfCVsIeYb4W2nsW1","Vial found after processing, data entered prior to shipping"
"8619f941-1127-4e6f-9e54-ba9b906e5d6d","STER_029.basePlot.bet","D10","STER","STER_029","N","2014-06-10","2014-06-24","2014-06-25","2016-09-19",,"STER_029.N.20140624","KK2q9nxeS91GbdWqecI4hUxSs6OmZfCSTC6EInPt8g0=","invert bycatch",,,,,,,,,,"7+R+tlx7vf358Ca0KfCVsIeYb4W2nsW1","Vial found after processing, data entered prior to shipping"
"e50494f4-484a-417d-b175-159dffec8b37","STER_027.basePlot.bet","D10","STER","STER_027","N","2014-06-10","2014-06-24","2014-06-25","2016-09-19",,"STER_027.N.20140624","FuEDHNSxWAnQlwXeH1K2nMS3LaAPCmjbcTbs/xTxhu4=","invert bycatch",,,,,,,,,,"7+R+tlx7vf358Ca0KfCVsIeYb4W2nsW1","Vial found after processing, data entered prior to shipping"
"27d863fa-acac-49dc-bd3b-c1319a0f5d49","STER_031.basePlot.bet","D10","STER","STER_031","N","2014-06-10","2014-06-24","2014-06-25","2016-09-19",,"STER_031.N.20140624","1mQK2LOpYfsiZhIMO/VVjbnhbbAIzdsj2MzHbKEIUZM=","invert bycatch",,,,,,,,,,"7+R+tlx7vf358Ca0KfCVsIeYb4W2nsW1","Vial found after processing, data entered prior to shipping"
"7cd9f41e-e74a-49ae-a4d5-3880cbcee7f9","STER_035.basePlot.bet","D10","STER","STER_035","N","2014-06-10","2014-06-24","2014-06-25","2016-09-19",,"STER_035.N.20140624","xZ4ZeMJQZ4JWwqKs5m9HZr13mScKO7ejOR8v7diYNUU=","invert bycatch",,,,,,,,,,"7+R+tlx7vf358Ca0KfCVsIeYb4W2nsW1","Vial found after processing, data entered prior to shipping"
"8ba1628f-20e4-49fc-a037-2d9d9dbe23cd","STER_033.basePlot.bet","D10","STER","STER_033","S","2014-06-10","2014-06-24","2014-06-25","2014-11-17","2014-11-17","STER_033.S.20140624","Yx5jJOWNohLt0qDALt67y+Ki0h0bNwO9W2sMdydarCc=","carabid","PASELO","Pasimachus elongatus","species",,"LeConte",,6,"Other","Rjv/PyMx3k4oygLKYkCbuIDsccqDw9So","XXW8BqPXtz8Ncjf8bOi7gc6Hj7+NVXsl",
"fbeb5e17-86e3-4912-ae4c-56c228856061","STER_033.basePlot.bet","D10","STER","STER_033","S","2014-06-10","2014-06-24","2014-06-25","2014-10-10","2014-10-10","STER_033.S.20140624","Yx5jJOWNohLt0qDALt67y9BbVlB/Too12bgdhcFbUE0=","carabid","CHLTOM","Chlaenius tomentosus","species",,"Say",,1,"Other","P+EeY8owwbjzXaiaPoIJpc6mcpR6iWBh","XXW8BqPXtz8Ncjf8bOi7gc6Hj7+NVXsl",
"4ee2e8d8-742f-4648-a479-928bfb335011","STER_035.basePlot.bet","D10","STER","STER_035","S","2014-06-10","2014-06-24","2014-06-25","2014-07-25","2014-11-25","STER_035.S.20140624","xZ4ZeMJQZ4K7mO3fvHXJBS+D6R4U4Gzxf2l612H4EEg=","carabid","AMACAR","Amara carinata","species",,"LeConte",,1,"Other","P+EeY8owwbjzXaiaPoIJpc6mcpR6iWBh","XXW8BqPXtz8Ncjf8bOi7gc6Hj7+NVXsl",
"a101ed53-9a36-4b05-801b-8fc470a7a413","STER_028.basePlot.bet","D10","STER","STER_028","S","2014-06-10","2014-06-24","2014-06-25","2014-10-10",,"STER_028.S.20140624","bW2EsnYmokVQpJJnurqSXDM+QgxadATiTdcjykHf9NY=","invert bycatch",,,,,,,,,,"XXW8BqPXtz8Ncjf8bOi7gc6Hj7+NVXsl",
"0cdd6222-a089-4378-9806-ac01896513e3","STER_028.basePlot.bet","D10","STER","STER_028","S","2014-06-10","2014-06-24","2014-06-25","2014-10-10","2014-11-24","STER_028.S.20140624","bW2EsnYmokVQpJJnurqSXPt+5ONTRZMrGD/CAYBxmhQ=","carabid","AMACAR","Amara carinata","species",,"LeConte",,1,"Other","P+EeY8owwbjzXaiaPoIJpc6mcpR6iWBh","XXW8BqPXtz8Ncjf8bOi7gc6Hj7+NVXsl",
"99c794bd-8d80-443b-8635-061e50c0be11","STER_026.basePlot.bet","D10","STER","STER_026","S","2014-06-10","2014-06-24","2014-06-25","2014-11-24",,"STER_026.S.20140624","B74IC5C471onqNMgufCM3sM7d76oL7ZibR9CoP0P9UI=","invert bycatch",,,,,,,,,,"XXW8BqPXtz8Ncjf8bOi7gc6Hj7+NVXsl",
"31bdea3d-e173-42e2-8476-30e00ce870c3","STER_028.basePlot.bet","D10","STER","STER_028","S","2014-06-10","2014-06-24","2014-06-25","2014-10-10",,"STER_028.S.20140624","bW2EsnYmokVQpJJnurqSXMQQ1v5EPnGzBpieqWfikDw=","other carabid","CARSP14","Carabidae sp.","family",,"Latreille",,1,"Other",,"XXW8BqPXtz8Ncjf8bOi7gc6Hj7+NVXsl","individualCount estimated based on number of pinning records|"
"8bbf2bac-3899-4e51-af0d-26d1595da620","STER_027.basePlot.bet","D10","STER","STER_027","S","2014-06-10","2014-06-24","2014-06-25","2014-07-25","2014-11-25","STER_027.S.20140624","FuEDHNSxWAmQmPde4WiVaer2QLudk9hmSPCJ958Xcjw=","carabid","POESCI","Poecilus scitulus","species",,"LeConte",,1,"Other","P+EeY8owwbjzXaiaPoIJpc6mcpR6iWBh","XXW8BqPXtz8Ncjf8bOi7gc6Hj7+NVXsl",
"7f8925ab-b925-4bd5-b997-39fbf80294c1","STER_032.basePlot.bet","D10","STER","STER_032","S","2014-06-10","2014-06-24","2014-06-25","2014-10-09","2014-10-09","STER_032.S.20140624","fEa5yf30aQwCJ08QSZSv4rLZjPMUi+DWKK1HeUlIW0A=","carabid","AMACAR","Amara carinata","species",,"LeConte",,4,"Other","P+EeY8owwbjzXaiaPoIJpc6mcpR6iWBh","XXW8BqPXtz8Ncjf8bOi7gc6Hj7+NVXsl",
"8cf86f5b-1288-4c3f-bcc1-cc4cc80dd59f","STER_034.basePlot.bet","D10","STER","STER_034","S","2014-06-10","2014-06-24","2014-06-25","2014-10-09","2014-10-09","STER_034.S.20140624","v+COazD1kvxOxqFf5ztIrO/rVZaJXzEkaGKQbavQa3I=","carabid","PASELO","Pasimachus elongatus","species",,"LeConte",,2,"Other","P+EeY8owwbjzXaiaPoIJpc6mcpR6iWBh","XXW8BqPXtz8Ncjf8bOi7gc6Hj7+NVXsl",
"0eee405f-bafd-41fb-8c43-00ec00877d35","STER_006.basePlot.bet","D10","STER","STER_006","S","2014-06-10","2014-06-24","2014-06-25","2014-07-28",,"STER_006.S.20140624","LZ9IDatJ8HE+OOV3AMnyNRxM39FnaPu+DfwNK179RdM=","invert bycatch",,,,,,,,,,"XXW8BqPXtz8Ncjf8bOi7gc6Hj7+NVXsl",
"12b006a2-2739-4c5e-8119-d71c1b71f519","STER_029.basePlot.bet","D10","STER","STER_029","S","2014-06-10","2014-06-24","2014-06-25","2014-07-28",,"STER_029.S.20140624","KK2q9nxeS92MnnDFxwDsOxjYZjWzOxbOrnWWgHOUzOo=","invert bycatch",,,,,,,,,,"XXW8BqPXtz8Ncjf8bOi7gc6Hj7+NVXsl",
"8e489aa0-3fde-472f-bc24-99e25162615d","STER_029.basePlot.bet","D10","STER","STER_029","S","2014-06-10","2014-06-24","2014-06-25","2014-07-28","2014-11-26","STER_029.S.20140624","KK2q9nxeS92MnnDFxwDsO0iex3kwpXHtzR09nUtCwKE=","carabid","ANIRUS","Anisodactylus rusticus","species",,"Say",,6,"Other","XXW8BqPXtz8Ncjf8bOi7gc6Hj7+NVXsl","XXW8BqPXtz8Ncjf8bOi7gc6Hj7+NVXsl",
"bafb040f-28c6-4937-aff5-6d9a775c7194","STER_029.basePlot.bet","D10","STER","STER_029","S","2014-06-10","2014-06-24","2014-06-25","2014-07-28","2014-11-26","STER_029.S.20140624","KK2q9nxeS92MnnDFxwDsO1We1sjj9rLE5kiqY9odhf0=","carabid","AMAOBE","Amara obesa","species","cf. species","Say",,1,"Other","XXW8BqPXtz8Ncjf8bOi7gc6Hj7+NVXsl","XXW8BqPXtz8Ncjf8bOi7gc6Hj7+NVXsl",
"9b712e9a-c447-427b-88ed-458b86d0264f","STER_029.basePlot.bet","D10","STER","STER_029","S","2014-06-10","2014-06-24","2014-06-25","2014-07-28","2014-11-26","STER_029.S.20140624","KK2q9nxeS92MnnDFxwDsO1oyLKt8ePueQpk4FTzVZQw=","carabid","AMACAR","Amara carinata","species",,"LeConte",,5,"Other","XXW8BqPXtz8Ncjf8bOi7gc6Hj7+NVXsl","XXW8BqPXtz8Ncjf8bOi7gc6Hj7+NVXsl",
"e2e90601-5d7b-4735-8db3-f4260e74ccc0","STER_034.basePlot.bet","D10","STER","STER_034","S","2014-06-10","2014-06-24","2014-06-25","2014-10-09",,"STER_034.S.20140624","v+COazD1kvxOxqFf5ztIrM7JOyzPvidRoBx24s/CHfs=","invert bycatch",,,,,,,,,,"XXW8BqPXtz8Ncjf8bOi7gc6Hj7+NVXsl",
"ca6e4278-071e-42a9-b626-7bcd4685ffde","STER_031.basePlot.bet","D10","STER","STER_031","S","2014-06-10","2014-06-24","2014-06-25","2014-10-09",,"STER_031.S.20140624","1mQK2LOpYfuWnIBkG65ol+4SUQWrcWFdNgINY6FB4KQ=","other carabid","CARSP14","Carabidae sp.","family",,"Latreille",,5,"Other",,"XXW8BqPXtz8Ncjf8bOi7gc6Hj7+NVXsl","individualCount estimated based on number of pinning records|"
"a30574b7-335a-4d63-ae03-bdeda4773859","STER_035.basePlot.bet","D10","STER","STER_035","S","2014-06-10","2014-06-24","2014-06-25","2014-07-25",,"STER_035.S.20140624","xZ4ZeMJQZ4K7mO3fvHXJBXVzbP9tbXmfz7K+efYPNNs=","other carabid","CARSP14","Carabidae sp.","family",,"Latreille",,1,"Other",,"XXW8BqPXtz8Ncjf8bOi7gc6Hj7+NVXsl","individualCount estimated based on number of pinning records|"
"692e832c-1214-4aa4-8cc0-e95eff7e932a","STER_029.basePlot.bet","D10","STER","STER_029","S","2014-06-10","2014-06-24","2014-06-25","2014-07-28",,"STER_029.S.20140624","KK2q9nxeS92MnnDFxwDsO+QsrHHbD6QgUw3YYnGulOc=","other carabid","CARSP14","Carabidae sp.","family",,"Latreille",,4,"Other",,"XXW8BqPXtz8Ncjf8bOi7gc6Hj7+NVXsl","individualCount estimated based on number of pinning records|"
"33085d9f-9d09-4d1c-976e-8211e8d8cf8e","STER_029.basePlot.bet","D10","STER","STER_029","S","2014-06-10","2014-06-24","2014-06-25","2014-07-28","2014-11-26","STER_029.S.20140624","KK2q9nxeS92MnnDFxwDsO7bP+04eaUvx4JYBP8SNuTg=","carabid","HARAMP","Harpalus amputatus amputatus","subspecies",,"Say",,1,"Other","XXW8BqPXtz8Ncjf8bOi7gc6Hj7+NVXsl","XXW8BqPXtz8Ncjf8bOi7gc6Hj7+NVXsl",
"bb71e9ee-6b91-4b85-84e2-57d4a5d6cf5f","STER_033.basePlot.bet","D10","STER","STER_033","S","2014-06-10","2014-06-24","2014-06-25","2014-10-10",,"STER_033.S.20140624","Yx5jJOWNohLt0qDALt67y5mbXIbUhyrDJrRNnSNVT2A=","other carabid","CARSP14","Carabidae sp.","family",,"Latreille",,16,"Other",,"XXW8BqPXtz8Ncjf8bOi7gc6Hj7+NVXsl","individualCount estimated based on number of pinning records|"
"4d9877a2-8cc9-4bf5-aa99-b1d9c7d4d05c","STER_033.basePlot.bet","D10","STER","STER_033","S","2014-06-10","2014-06-24","2014-06-25","2014-10-10","2014-11-13","STER_033.S.20140624","Yx5jJOWNohLt0qDALt67y166n7nCDSVdLjlXm7jNpts=","carabid","AMACAR","Amara carinata","species",,"LeConte",,35,"Other","P+EeY8owwbjzXaiaPoIJpc6mcpR6iWBh","XXW8BqPXtz8Ncjf8bOi7gc6Hj7+NVXsl",
"fb5015aa-630b-4f60-bf2e-7ca9298d8190","STER_035.basePlot.bet","D10","STER","STER_035","S","2014-06-10","2014-06-24","2014-06-25","2014-07-25","2014-11-25","STER_035.S.20140624","xZ4ZeMJQZ4K7mO3fvHXJBbItKkr1lH4RbsiDRGLUPFo=","carabid","PASELO","Pasimachus elongatus","species",,"LeConte",,1,"Other","P+EeY8owwbjzXaiaPoIJpc6mcpR6iWBh","XXW8BqPXtz8Ncjf8bOi7gc6Hj7+NVXsl",
"ee0c1d4b-7abf-4be4-9f55-fe47e022df2e","STER_026.basePlot.bet","D10","STER","STER_026","W","2014-06-10","2014-06-24","2014-06-25","2014-11-24",,"STER_026.W.20140624","B74IC5C471q65WAnY8r9A9dZIiRAZvd31RvfXtPQWT0=","invert bycatch",,,,,,,,,,"XXW8BqPXtz8Ncjf8bOi7gc6Hj7+NVXsl",
"f3a68587-5862-48de-8e47-adb3cb9a85cd","STER_026.basePlot.bet","D10","STER","STER_026","W","2014-06-10","2014-06-24","2014-06-25","2014-11-24","2014-11-24","STER_026.W.20140624","B74IC5C471q65WAnY8r9A6oRqjpCVxAXav82JCMR7LU=","carabid","AMACAR","Amara carinata","species",,"LeConte",,1,"Other","P+EeY8owwbjzXaiaPoIJpc6mcpR6iWBh","XXW8BqPXtz8Ncjf8bOi7gc6Hj7+NVXsl",
"b90ccf67-1bae-4755-83c8-65bac3ad180e","STER_034.basePlot.bet","D10","STER","STER_034","W","2014-06-10","2014-06-24","2014-06-25","2014-10-09","2014-10-09","STER_034.W.20140624","v+COazD1kvyn/XtHWaK1AT9bt/TkwdYOkVK5IRtt65Q=","carabid","AMACAR","Amara carinata","species",,"LeConte",,1,"Other","P+EeY8owwbjzXaiaPoIJpc6mcpR6iWBh","XXW8BqPXtz8Ncjf8bOi7gc6Hj7+NVXsl",
"a49be564-32ca-49a0-8d41-ed7ba4a0264a","STER_034.basePlot.bet","D10","STER","STER_034","W","2014-06-10","2014-06-24","2014-06-25","2014-10-09",,"STER_034.W.20140624","v+COazD1kvyn/XtHWaK1AaIfFH34dzuRpkrHHtDt/c8=","invert bycatch",,,,,,,,,,"XXW8BqPXtz8Ncjf8bOi7gc6Hj7+NVXsl",
"c6718f48-b076-4159-8610-382985b2b5f0","STER_032.basePlot.bet","D10","STER","STER_032","W","2014-06-10","2014-06-24","2014-06-25","2014-10-09","2014-10-09","STER_032.W.20140624","fEa5yf30aQwLrou1WnSFoSMe4/EHM94aBRvH4ghoRgQ=","carabid","CRADUB","Cratacanthus dubius","species",,"Palisot de Beauvois",,4,"Other","P+EeY8owwbjzXaiaPoIJpc6mcpR6iWBh","XXW8BqPXtz8Ncjf8bOi7gc6Hj7+NVXsl",
"df0da776-8d94-48a6-b5b0-ad7be6e11aca","STER_035.basePlot.bet","D10","STER","STER_035","W","2014-06-10","2014-06-24","2014-06-25","2014-07-25","2014-11-25","STER_035.W.20140624","xZ4ZeMJQZ4LajES5yhRAJ3gZGxtgZyfV9Q2xTlQSJr0=","carabid","POESCI","Poecilus scitulus","species",,"LeConte",,1,"Other","P+EeY8owwbjzXaiaPoIJpc6mcpR6iWBh","XXW8BqPXtz8Ncjf8bOi7gc6Hj7+NVXsl",
"ae31c91b-79d5-4fde-aed3-f3edfa5c8cf4","STER_028.basePlot.bet","D10","STER","STER_028","W","2014-06-10","2014-06-24","2014-06-25","2014-10-10",,"STER_028.W.20140624","bW2EsnYmokW/AO8CH3yZtRXgbc8pavwJLGpJwlfiXKo=","invert bycatch",,,,,,,,,,"XXW8BqPXtz8Ncjf8bOi7gc6Hj7+NVXsl",
"0aa5679a-48e5-48a2-be47-d8ba48ed4887","STER_028.basePlot.bet","D10","STER","STER_028","W","2014-06-10","2014-06-24","2014-06-25","2014-10-10","2014-11-24","STER_028.W.20140624","bW2EsnYmokW/AO8CH3yZtWlkPAQFgUlfs6J7+0Fddvw=","carabid","CRADUB","Cratacanthus dubius","species",,"Palisot de Beauvois",,7,"Other","P+EeY8owwbjzXaiaPoIJpc6mcpR6iWBh","XXW8BqPXtz8Ncjf8bOi7gc6Hj7+NVXsl",
"041f53de-09ee-49b9-9814-231846b6f84f","STER_033.basePlot.bet","D10","STER","STER_033","W","2014-06-10","2014-06-24","2014-06-25","2014-10-10","2014-11-13","STER_033.W.20140624","Yx5jJOWNohLDsVw75MbO8D4f21zWDNv1QwWTMpjH2Vg=","carabid","AMACAR","Amara carinata","species","cf. species","LeConte",,26,"Other","Rjv/PyMx3k4oygLKYkCbuIDsccqDw9So","XXW8BqPXtz8Ncjf8bOi7gc6Hj7+NVXsl",
"eae2c762-67f4-4b2b-9627-7f882673b174","STER_033.basePlot.bet","D10","STER","STER_033","W","2014-06-10","2014-06-24","2014-06-25","2014-10-10","2014-11-13","STER_033.W.20140624","Yx5jJOWNohLDsVw75MbO8OpHl8qwrAlyhCI4y69wC3g=","carabid","HARAMP","Harpalus amputatus amputatus","subspecies",,"Say",,3,"Other","Rjv/PyMx3k4oygLKYkCbuIDsccqDw9So","XXW8BqPXtz8Ncjf8bOi7gc6Hj7+NVXsl",
"af6b6e66-1042-48f4-8500-e0477d619cb2","STER_033.basePlot.bet","D10","STER","STER_033","W","2014-06-10","2014-06-24","2014-06-25","2014-10-10",,"STER_033.W.20140624","Yx5jJOWNohLDsVw75MbO8G2k8YSAILVlJvKMT6puob4=","other carabid","CARSP14","Carabidae sp.","family",,"Latreille",,11,"Other",,"XXW8BqPXtz8Ncjf8bOi7gc6Hj7+NVXsl","individualCount estimated based on number of pinning records|"
"34e3a946-c78d-449b-beee-664f55f3fefc","STER_031.basePlot.bet","D10","STER","STER_031","W","2014-06-10","2014-06-24","2014-06-25","2014-10-09",,"STER_031.W.20140624","1mQK2LOpYfsuxya6+0KcpytPdgYWlmpU9JWxjfQISb8=","other carabid","CARSP14","Carabidae sp.","family",,"Latreille",,7,"Other",,"XXW8BqPXtz8Ncjf8bOi7gc6Hj7+NVXsl","individualCount estimated based on number of pinning records|"
"faf233a0-159b-46d0-87e9-f874ff10d199","STER_035.basePlot.bet","D10","STER","STER_035","W","2014-06-10","2014-06-24","2014-06-25","2014-07-25",,"STER_035.W.20140624","xZ4ZeMJQZ4LajES5yhRAJ1s/VbPOcYKE9IYjMvFxrBw=","other carabid","CARSP14","Carabidae sp.","family",,"Latreille",,1,"Other",,"XXW8BqPXtz8Ncjf8bOi7gc6Hj7+NVXsl","individualCount estimated based on number of pinning records|"
"1ae416cf-74a5-4baf-8a8c-d4febd75d275","STER_033.basePlot.bet","D10","STER","STER_033","W","2014-06-10","2014-06-24","2014-06-25","2014-10-10","2014-11-13","STER_033.W.20140624","Yx5jJOWNohLDsVw75MbO8ADSH0IS+umzGucK93FGp/4=","carabid","CRADUB","Cratacanthus dubius","species",,"Palisot de Beauvois",,1,"Other","Rjv/PyMx3k4oygLKYkCbuIDsccqDw9So","XXW8BqPXtz8Ncjf8bOi7gc6Hj7+NVXsl",
"d50fbca5-dd48-43ef-a83a-7f9689eec99e","STER_031.basePlot.bet","D10","STER","STER_031","W","2014-06-10","2014-06-24","2014-06-25","2014-10-09","2014-11-24","STER_031.W.20140624","1mQK2LOpYfsuxya6+0Kcp4TAneCmoX3CxCBb/gGiDfI=","carabid","AMACAR","Amara carinata","species",,"LeConte",,5,"Other","P+EeY8owwbjzXaiaPoIJpc6mcpR6iWBh","XXW8BqPXtz8Ncjf8bOi7gc6Hj7+NVXsl",
"2bac472d-ff81-4627-88f4-2ac795059a79","STER_031.basePlot.bet","D10","STER","STER_031","W","2014-06-10","2014-06-24","2014-06-25","2014-10-09","2014-11-24","STER_031.W.20140624","1mQK2LOpYfsuxya6+0Kcp1PBeLd0C8/akJ2JYjY03xw=","carabid","POESCI","Poecilus scitulus","species",,"LeConte",,1,"Other","P+EeY8owwbjzXaiaPoIJpc6mcpR6iWBh","XXW8BqPXtz8Ncjf8bOi7gc6Hj7+NVXsl",
"a55b5bfc-3d4f-4459-97ea-7b2c6c71d37d","STER_029.basePlot.bet","D10","STER","STER_029","W","2014-06-10","2014-06-24","2014-06-25","2014-07-28","2014-11-26","STER_029.W.20140624","KK2q9nxeS91klkZAAvOHCPu55gLVC+tr+FIq5lrDyQ0=","carabid","AMACAR","Amara carinata","species",,"LeConte",,5,"Other","XXW8BqPXtz8Ncjf8bOi7gc6Hj7+NVXsl","XXW8BqPXtz8Ncjf8bOi7gc6Hj7+NVXsl",
"7c2a9090-ee5d-449a-ac36-8740c31140f8","STER_006.basePlot.bet","D10","STER","STER_006","W","2014-06-10","2014-06-24","2014-06-25","2014-07-28",,"STER_006.W.20140624","LZ9IDatJ8HESxDP8kphD/byOw7KlCmvfBUYm8nlVBuE=","other carabid","CARSP14","Carabidae sp.","family",,"Latreille",,3,"Other",,"XXW8BqPXtz8Ncjf8bOi7gc6Hj7+NVXsl","individualCount estimated based on number of pinning records|"
"4924950a-b3b2-454c-858d-d4e9926c01d7","STER_027.basePlot.bet","D10","STER","STER_027","W","2014-06-10","2014-06-24","2014-06-25","2014-07-28","2014-11-26","STER_027.W.20140624","FuEDHNSxWAndhNsZfGrSlyay6/506SrXFxoEW65X1kE=","carabid","HARAMP","Harpalus amputatus amputatus","subspecies",,"Say",,1,"Other","XXW8BqPXtz8Ncjf8bOi7gc6Hj7+NVXsl","XXW8BqPXtz8Ncjf8bOi7gc6Hj7+NVXsl",
"b8b1c26e-9815-4a31-9399-f9a305bb8166","STER_029.basePlot.bet","D10","STER","STER_029","W","2014-06-10","2014-06-24","2014-06-25","2014-07-28",,"STER_029.W.20140624","KK2q9nxeS91klkZAAvOHCM8HNF1bYos9olYp7xu5rAM=","other carabid","CARSP14","Carabidae sp.","family",,"Latreille",,3,"Other",,"XXW8BqPXtz8Ncjf8bOi7gc6Hj7+NVXsl","individualCount estimated based on number of pinning records|"
"d03a87b7-d33b-447a-acbd-1a49b7fffdb0","STER_029.basePlot.bet","D10","STER","STER_029","W","2014-06-10","2014-06-24","2014-06-25","2014-07-28","2014-11-26","STER_029.W.20140624","KK2q9nxeS91klkZAAvOHCKVJD3nDc0yG+CssVk4i9no=","carabid","HARAMP","Harpalus amputatus amputatus","subspecies",,"Say",,1,"Other","XXW8BqPXtz8Ncjf8bOi7gc6Hj7+NVXsl","XXW8BqPXtz8Ncjf8bOi7gc6Hj7+NVXsl",
"409a46b4-e4bc-40fe-bbc0-870f68e0f5b6","STER_032.basePlot.bet","D10","STER","STER_032","W","2014-06-10","2014-06-24","2014-06-25","2014-10-09","2014-11-25","STER_032.W.20140624","fEa5yf30aQwLrou1WnSFoX0bWNvidDn6JINpMvgRY+g=","carabid","ANIRUS","Anisodactylus rusticus","species",,"Say",,1,"Other","P+EeY8owwbjzXaiaPoIJpc6mcpR6iWBh","XXW8BqPXtz8Ncjf8bOi7gc6Hj7+NVXsl",
"bed0a374-7600-424e-a8c2-191196370c22","STER_032.basePlot.bet","D10","STER","STER_032","W","2014-06-10","2014-06-24","2014-06-25","2014-10-09","2014-11-25","STER_032.W.20140624","fEa5yf30aQwLrou1WnSFoY9LZJngxxCeMIn1YKOKEcI=","carabid","PASELO","Pasimachus elongatus","species",,"LeConte",,5,"Other","P+EeY8owwbjzXaiaPoIJpc6mcpR6iWBh","XXW8BqPXtz8Ncjf8bOi7gc6Hj7+NVXsl",
"84db6aa8-cffe-4c12-a87b-3ebf708ed47b","STER_032.basePlot.bet","D10","STER","STER_032","W","2014-06-10","2014-06-24","2014-06-25","2014-10-09","2014-11-25","STER_032.W.20140624","fEa5yf30aQwLrou1WnSFoZFC58BxGrrcVEGw1l8wn4k=","carabid","HARAMP","Harpalus amputatus amputatus","subspecies",,"Say",,1,"Other","P+EeY8owwbjzXaiaPoIJpc6mcpR6iWBh","XXW8BqPXtz8Ncjf8bOi7gc6Hj7+NVXsl",
"a827dd69-2823-457f-a918-e8793b9735c9","STER_006.basePlot.bet","D10","STER","STER_006","W","2014-06-10","2014-06-24","2014-06-25","2014-07-28",,"STER_006.W.20140624","LZ9IDatJ8HESxDP8kphD/XVMOnKVJbALvHDp6Ag+Yss=","invert bycatch",,,,,,,,,,"XXW8BqPXtz8Ncjf8bOi7gc6Hj7+NVXsl",
"f1802a91-9ed0-45de-a80c-4c5b39ba390d","STER_032.basePlot.bet","D10","STER","STER_032","W","2014-06-10","2014-06-24","2014-06-25","2014-10-09","2014-11-25","STER_032.W.20140624","fEa5yf30aQwLrou1WnSFofD9Xf2OJaTdfv/swoXZMgQ=","carabid","AMACAR","Amara carinata","species",,"LeConte",,8,"Other","P+EeY8owwbjzXaiaPoIJpc6mcpR6iWBh","XXW8BqPXtz8Ncjf8bOi7gc6Hj7+NVXsl",
"4c8ecb54-1731-43d9-96cd-aceeb059990b","STER_034.basePlot.bet","D10","STER","STER_034","E","2014-06-10","2014-06-24","2014-06-25","2014-10-10",,"STER_034.E.20140624","v+COazD1kvwkHo3S4bdJ/otklm44R+rRUnw4IEVoYAk=","other carabid","CARSP14","Carabidae sp.","family",,"Latreille",,1,"Other",,"XXW8BqPXtz8Ncjf8bOi7gc6Hj7+NVXsl","individualCount estimated based on number of pinning records|"
"31bd27ae-f10d-414b-9bec-b811b0aecc18","STER_029.basePlot.bet","D10","STER","STER_029","E","2014-06-10","2014-06-24","2014-06-25","2014-07-28","2014-11-26","STER_029.E.20140624","KK2q9nxeS909qea31nTmnql/uS3LTYpRDRcMn1xVzcg=","carabid","CALAFF1","Calosoma affine","species",,"Chaudoir",,1,"Other","XXW8BqPXtz8Ncjf8bOi7gc6Hj7+NVXsl","XXW8BqPXtz8Ncjf8bOi7gc6Hj7+NVXsl",
"4f3016d0-721b-42c0-b2ab-29152b7327ee","STER_034.basePlot.bet","D10","STER","STER_034","E","2014-06-10","2014-06-24","2014-06-25","2014-10-10","2014-11-17","STER_034.E.20140624","v+COazD1kvwkHo3S4bdJ/r/nlxvF9+XH3w2bef2QRko=","carabid","HARAMP","Harpalus amputatus amputatus","subspecies",,"Say",,1,"Other","P+EeY8owwbjzXaiaPoIJpc6mcpR6iWBh","XXW8BqPXtz8Ncjf8bOi7gc6Hj7+NVXsl",
"93272b9a-bae6-4b1a-9ff6-e77a0c7e8721","STER_034.basePlot.bet","D10","STER","STER_034","E","2014-06-10","2014-06-24","2014-06-25","2014-10-09",,"STER_034.E.20140624","v+COazD1kvwkHo3S4bdJ/jcHH6tkxLEqlGIIg5WMgGk=","invert bycatch",,,,,,,,,,"XXW8BqPXtz8Ncjf8bOi7gc6Hj7+NVXsl",
"c3b78097-b047-454c-ae82-8e6f23e0da95","STER_032.basePlot.bet","D10","STER","STER_032","E","2014-06-10","2014-06-24","2014-06-25","2014-10-09","2014-10-09","STER_032.E.20140624","fEa5yf30aQzckOvtMoeH/9J/Ba1mQWkFbcLGLz4bSoY=","carabid","CYCTOR","Cyclotrachelus torvus","species",,"LeConte",,1,"Other","P+EeY8owwbjzXaiaPoIJpc6mcpR6iWBh","XXW8BqPXtz8Ncjf8bOi7gc6Hj7+NVXsl",
"ee0f7c52-9b11-4383-a809-02924dd4e64e","STER_035.basePlot.bet","D10","STER","STER_035","E","2014-06-10","2014-06-24","2014-06-25","2014-07-25","2014-11-25","STER_035.E.20140624","xZ4ZeMJQZ4KfGZrDICs1TABUqSWu099Y3KGNSaXuDOE=","carabid","AMACAR","Amara carinata","species",,"LeConte",,2,"Other","P+EeY8owwbjzXaiaPoIJpc6mcpR6iWBh","XXW8BqPXtz8Ncjf8bOi7gc6Hj7+NVXsl",
"0f238bc2-9caf-4ee7-b8d7-406cfc619266","STER_028.basePlot.bet","D10","STER","STER_028","E","2014-06-10","2014-06-24","2014-06-25","2014-10-10",,"STER_028.E.20140624","bW2EsnYmokVWPqfSzuJ6n6earbY6de9tMtEVx+TaFaM=","invert bycatch",,,,,,,,,,"XXW8BqPXtz8Ncjf8bOi7gc6Hj7+NVXsl",
"2f77baa6-e887-41ae-95f4-edbb5c8614d3","STER_026.basePlot.bet","D10","STER","STER_026","E","2014-06-10","2014-06-24","2014-06-25","2014-11-24",,"STER_026.E.20140624","B74IC5C471qkd52M+0cNLGwid6vZPQ6c5ueJSo1SWNI=","invert bycatch",,,,,,,,,,"XXW8BqPXtz8Ncjf8bOi7gc6Hj7+NVXsl",
"4f8bc240-67a9-47c3-ad7b-f218ea7dc4c7","STER_028.basePlot.bet","D10","STER","STER_028","E","2014-06-10","2014-06-24","2014-06-25","2014-10-10",,"STER_028.E.20140624","bW2EsnYmokVWPqfSzuJ6n0yd9woJr2KUlahkFw21l10=","other carabid","CARSP14","Carabidae sp.","family",,"Latreille",,1,"Other",,"XXW8BqPXtz8Ncjf8bOi7gc6Hj7+NVXsl","individualCount estimated based on number of pinning records|"
"3ad63f2a-e2de-49e3-a8c8-646fd5f5ec84","STER_033.basePlot.bet","D10","STER","STER_033","E","2014-06-10","2014-06-24","2014-06-25","2014-10-10","2014-11-13","STER_033.E.20140624","Yx5jJOWNohJFQXiJJJCINzAjbgty9X6CgOwtgrncBBo=","carabid","HARCAL","Harpalus caliginosus","species",,"Fabricius",,2,"Other","P+EeY8owwbjzXaiaPoIJpc6mcpR6iWBh","XXW8BqPXtz8Ncjf8bOi7gc6Hj7+NVXsl",
"c906bd63-7f36-4701-89c3-9dd8ffa74f70","STER_033.basePlot.bet","D10","STER","STER_033","E","2014-06-10","2014-06-24","2014-06-25","2014-10-10","2014-11-13","STER_033.E.20140624","Yx5jJOWNohJFQXiJJJCIN6RNFJs+W1WXoPA5Vd/HWYU=","carabid","PASELO","Pasimachus elongatus","species",,"LeConte",,1,"Other","P+EeY8owwbjzXaiaPoIJpc6mcpR6iWBh","XXW8BqPXtz8Ncjf8bOi7gc6Hj7+NVXsl",
"e8f1fabf-eedd-497c-886e-64720e3d683c","STER_033.basePlot.bet","D10","STER","STER_033","E","2014-06-10","2014-06-24","2014-06-25","2014-10-10",,"STER_033.E.20140624","Yx5jJOWNohJFQXiJJJCIN0n9k0GmTxY/sfKC3/80aGo=","other carabid","CARSP14","Carabidae sp.","family",,"Latreille",,5,"Other",,"XXW8BqPXtz8Ncjf8bOi7gc6Hj7+NVXsl","individualCount estimated based on number of pinning records|"
"b8a23ff3-16bc-4f73-abdd-5e1837bcae28","STER_033.basePlot.bet","D10","STER","STER_033","E","2014-06-10","2014-06-24","2014-06-25","2014-10-10","2014-11-13","STER_033.E.20140624","Yx5jJOWNohJFQXiJJJCINzZatzW3d+S5/SFeb4F4KJ8=","carabid","AMACAR","Amara carinata","species",,"LeConte",,24,"Other","Rjv/PyMx3k4oygLKYkCbuIDsccqDw9So","XXW8BqPXtz8Ncjf8bOi7gc6Hj7+NVXsl",
"2d13bd51-8800-4225-a59f-73e8d0887a19","STER_031.basePlot.bet","D10","STER","STER_031","E","2014-06-10","2014-06-24","2014-06-25","2014-10-09",,"STER_031.E.20140624","1mQK2LOpYft7qGVIqUfGwJS+CTs9jI86Z8Z1wAHcQ2k=","other carabid","CARSP14","Carabidae sp.","family",,"Latreille",,2,"Other",,"XXW8BqPXtz8Ncjf8bOi7gc6Hj7+NVXsl","individualCount estimated based on number of pinning records|"
"62255ce9-a5f7-40e0-8cf6-c332c73371cd","STER_035.basePlot.bet","D10","STER","STER_035","E","2014-06-10","2014-06-24","2014-06-25","2014-07-25",,"STER_035.E.20140624","xZ4ZeMJQZ4KfGZrDICs1TLHtJZh/op7T48/va4+I7Xk=","other carabid","CARSP14","Carabidae sp.","family",,"Latreille",,5,"Other",,"XXW8BqPXtz8Ncjf8bOi7gc6Hj7+NVXsl","individualCount estimated based on number of pinning records|"
"97f5dc4e-8a9b-44bf-8ef1-36948196f766","STER_033.basePlot.bet","D10","STER","STER_033","E","2014-06-10","2014-06-24","2014-06-25","2014-10-10","2014-11-13","STER_033.E.20140624","Yx5jJOWNohJFQXiJJJCIN4rS7lMQvq741k5Trw8Dx7E=","carabid","ANIRUS","Anisodactylus rusticus","species",,"Say",,5,"Other","Rjv/PyMx3k4oygLKYkCbuIDsccqDw9So","XXW8BqPXtz8Ncjf8bOi7gc6Hj7+NVXsl",
"09ab71ed-261e-4e35-bdb0-7528208afa0c","STER_029.basePlot.bet","D10","STER","STER_029","E","2014-06-10","2014-06-24","2014-06-25","2014-07-28","2014-11-26","STER_029.E.20140624","KK2q9nxeS909qea31nTmniCnFenAjhgIMf5sp8lmWxs=","carabid","ANIRUS","Anisodactylus rusticus","species",,"Say",,2,"Other","XXW8BqPXtz8Ncjf8bOi7gc6Hj7+NVXsl","XXW8BqPXtz8Ncjf8bOi7gc6Hj7+NVXsl",
"fd52d70c-c0b9-4616-86e7-2d48f272c795","STER_029.basePlot.bet","D10","STER","STER_029","E","2014-06-10","2014-06-24","2014-06-25","2014-07-28",,"STER_029.E.20140624","KK2q9nxeS909qea31nTmnl8QNhkMBqs8NsHm+xLY0lA=","other carabid","CARSP14","Carabidae sp.","family",,"Latreille",,4,"Other",,"XXW8BqPXtz8Ncjf8bOi7gc6Hj7+NVXsl","individualCount estimated based on number of pinning records|"
"ca1772d8-62e6-46e6-88c9-a50bd9b7fd17","STER_029.basePlot.bet","D10","STER","STER_029","E","2014-06-10","2014-06-24","2014-06-25","2014-07-28","2014-11-26","STER_029.E.20140624","KK2q9nxeS909qea31nTmnkAlcmQwzSE4+S/nVpr41So=","carabid","HARAMP","Harpalus amputatus amputatus","subspecies",,"Say",,1,"Other","XXW8BqPXtz8Ncjf8bOi7gc6Hj7+NVXsl","XXW8BqPXtz8Ncjf8bOi7gc6Hj7+NVXsl",
"407e8ec4-46ec-4d85-b5c7-d08133ba9117","STER_029.basePlot.bet","D10","STER","STER_029","E","2014-06-10","2014-06-24","2014-06-25","2014-07-28","2014-11-26","STER_029.E.20140624","KK2q9nxeS909qea31nTmnssb+n8qVr6/T5if/S01zZI=","carabid","AMACAR","Amara carinata","species",,"LeConte",,2,"Other","XXW8BqPXtz8Ncjf8bOi7gc6Hj7+NVXsl","XXW8BqPXtz8Ncjf8bOi7gc6Hj7+NVXsl",
"82822da9-06ec-4d61-a94c-31d3215919e2","STER_006.basePlot.bet","D10","STER","STER_006","E","2014-06-10","2014-06-24","2014-06-25","2014-07-28",,"STER_006.E.20140624","LZ9IDatJ8HEz8jJfyVqbpJ63Wx4KrHOP0CKaKxe03Bw=","invert bycatch",,,,,,,,,,"XXW8BqPXtz8Ncjf8bOi7gc6Hj7+NVXsl",
"8be6f3a2-2b2f-4df6-8c4c-de8dd53dcc0f","STER_027.basePlot.bet","D10","STER","STER_027","E","2014-06-10","2014-06-24","2014-06-25","2014-07-28",,"STER_027.E.20140624","FuEDHNSxWAnC6N5I7J0UsrJTXYXBqaBJzIcw/R5kQ1s=","other carabid","CARSP14","Carabidae sp.","family",,"Latreille",,1,"Other",,"XXW8BqPXtz8Ncjf8bOi7gc6Hj7+NVXsl","individualCount estimated based on number of pinning records|"
"fa658879-be46-4796-a993-1a970750acc3","STER_027.basePlot.bet","D10","STER","STER_027","E","2014-06-10","2014-06-24","2014-06-25","2014-07-28","2014-11-26","STER_027.E.20140624","FuEDHNSxWAnC6N5I7J0UsjRh3vsnAxHmYQjJJ3EdjX8=","carabid","HARAMP","Harpalus amputatus amputatus","subspecies",,"Say",,1,"Other","XXW8BqPXtz8Ncjf8bOi7gc6Hj7+NVXsl","XXW8BqPXtz8Ncjf8bOi7gc6Hj7+NVXsl",
"635069f8-9711-4f82-8c42-06d6dfeed982","STER_032.basePlot.bet","D10","STER","STER_032","E","2014-06-10","2014-06-24","2014-06-25","2014-10-09","2014-11-25","STER_032.E.20140624","fEa5yf30aQzckOvtMoeH/zBkndpPmSiD457cxCMxiLU=","carabid","HARAMP","Harpalus amputatus amputatus","subspecies","cf. species","Say",,1,"Other","P+EeY8owwbjzXaiaPoIJpc6mcpR6iWBh","XXW8BqPXtz8Ncjf8bOi7gc6Hj7+NVXsl",
"9ae16aa4-1543-41ac-b96a-b137c4791b7a","STER_027.basePlot.bet","D10","STER","STER_027","N","2014-06-10","2014-06-24","2014-06-25","2014-10-09","2014-11-25","STER_027.N.20140624","FuEDHNSxWAnQlwXeH1K2nD2Z2ZOQ7p7nikGp8tTfrp0=","carabid","CRADUB","Cratacanthus dubius","species",,"Palisot de Beauvois",,1,"Other","P+EeY8owwbjzXaiaPoIJpc6mcpR6iWBh","XXW8BqPXtz8Ncjf8bOi7gc6Hj7+NVXsl",
"fe3af884-8290-49c0-873d-c75f8795a8c5","STER_034.basePlot.bet","D10","STER","STER_034","N","2014-06-10","2014-06-24","2014-06-25","2014-10-09",,"STER_034.N.20140624","v+COazD1kvxSkLBCFXDApbjg2IeoZasXbCKsm/NT9Fc=","invert bycatch",,,,,,,,,,"XXW8BqPXtz8Ncjf8bOi7gc6Hj7+NVXsl",
"c929a830-3d7d-474b-8e13-f03c8303923f","STER_034.basePlot.bet","D10","STER","STER_034","N","2014-06-10","2014-06-24","2014-06-25","2014-10-09","2014-10-09","STER_034.N.20140624","v+COazD1kvxSkLBCFXDApWEFBpYF1WT30IKoBl8gNu4=","carabid","AMACAR","Amara carinata","species",,"LeConte",,1,"Other","P+EeY8owwbjzXaiaPoIJpc6mcpR6iWBh","XXW8BqPXtz8Ncjf8bOi7gc6Hj7+NVXsl",
"69142a38-332c-4e09-ba0e-0a4d0ddbdd8a","STER_028.basePlot.bet","D10","STER","STER_028","N","2014-06-10","2014-06-24","2014-06-25","2014-10-10","2014-11-24","STER_028.N.20140624","bW2EsnYmokWyVquFpJyOPV2c8DU4fitL8hH0eU+eNBw=","carabid","PASELO","Pasimachus elongatus","species",,"LeConte",,1,"Other","P+EeY8owwbjzXaiaPoIJpc6mcpR6iWBh","XXW8BqPXtz8Ncjf8bOi7gc6Hj7+NVXsl",
"4efd0710-f5d1-4f09-9031-d38a204699d8","STER_028.basePlot.bet","D10","STER","STER_028","N","2014-06-10","2014-06-24","2014-06-25","2014-10-10",,"STER_028.N.20140624","bW2EsnYmokWyVquFpJyOPe+qW92m+ITek4UDA7TNLjQ=","other carabid","CARSP14","Carabidae sp.","family",,"Latreille",,2,"Other",,"XXW8BqPXtz8Ncjf8bOi7gc6Hj7+NVXsl","individualCount estimated based on number of pinning records|"
"b8950ee9-5413-49e9-ab9a-3d2feb3db497","STER_028.basePlot.bet","D10","STER","STER_028","N","2014-06-10","2014-06-24","2014-06-25","2014-10-10",,"STER_028.N.20140624","bW2EsnYmokWyVquFpJyOPXoWQIQt86ejChn7dOJXu54=","invert bycatch",,,,,,,,,,"XXW8BqPXtz8Ncjf8bOi7gc6Hj7+NVXsl",
"8b658d32-7245-45e2-9c9d-e040f5b9c4ef","STER_026.basePlot.bet","D10","STER","STER_026","N","2014-06-10","2014-06-24","2014-06-25","2014-11-24",,"STER_026.N.20140624","B74IC5C471paZL2Rabor69O9CMPO9m1J0NivaviMh/s=","invert bycatch",,,,,,,,,,"XXW8BqPXtz8Ncjf8bOi7gc6Hj7+NVXsl",
"2804fa78-bb9c-4084-9d25-d564d7827f20","STER_033.basePlot.bet","D10","STER","STER_033","N","2014-06-10","2014-06-24","2014-06-25","2014-10-10","2014-11-13","STER_033.N.20140624","Yx5jJOWNohJp6dqmDJpDSrzNWV5n2NaT1TXs0yqQnzg=","carabid","HARAMP","Harpalus amputatus amputatus","subspecies",,"Say",,3,"Other","Rjv/PyMx3k4oygLKYkCbuIDsccqDw9So","XXW8BqPXtz8Ncjf8bOi7gc6Hj7+NVXsl",
"0bf67b21-90b4-4e9e-9b6d-fc46887e7e27","STER_033.basePlot.bet","D10","STER","STER_033","N","2014-06-10","2014-06-24","2014-06-25","2014-10-10","2014-11-13","STER_033.N.20140624","Yx5jJOWNohJp6dqmDJpDSp8c/uDzfNuUeg0cwk0iQBo=","carabid","AMACAR","Amara carinata","species",,"LeConte",,1,"Other","Rjv/PyMx3k4oygLKYkCbuIDsccqDw9So","XXW8BqPXtz8Ncjf8bOi7gc6Hj7+NVXsl",
"d66382d2-324d-4766-b52b-d8392414e107","STER_033.basePlot.bet","D10","STER","STER_033","N","2014-06-10","2014-06-24","2014-06-25","2014-10-10",,"STER_033.N.20140624","Yx5jJOWNohJp6dqmDJpDSn1o6kElQ/NBXKKs6R/deQg=","other carabid","CARSP14","Carabidae sp.","family",,"Latreille",,3,"Other",,"XXW8BqPXtz8Ncjf8bOi7gc6Hj7+NVXsl","individualCount estimated based on number of pinning records|"
"3632ece5-1acb-42b3-959e-d5bd6cc0a20c","STER_033.basePlot.bet","D10","STER","STER_033","N","2014-06-10","2014-06-24","2014-06-25","2014-10-10","2014-11-13","STER_033.N.20140624","Yx5jJOWNohJp6dqmDJpDSl0gJKF6M6fZZTvUkPbPPXk=","carabid","CALAFF1","Calosoma affine","species",,"Chaudoir",,1,"Other","Rjv/PyMx3k4oygLKYkCbuIDsccqDw9So","XXW8BqPXtz8Ncjf8bOi7gc6Hj7+NVXsl",
"49b11505-ea49-4dfb-ba86-2a1111a607e7","STER_033.basePlot.bet","D10","STER","STER_033","N","2014-06-10","2014-06-24","2014-06-25","2014-10-10",,"STER_033.N.20140624","Yx5jJOWNohJp6dqmDJpDStAoLkdWoLofdYNKTpQOgnw=","invert bycatch",,,,,,,,,,"XXW8BqPXtz8Ncjf8bOi7gc6Hj7+NVXsl",
"98af1aa7-aac1-4e3b-936a-da1f2aa24e24","STER_031.basePlot.bet","D10","STER","STER_031","N","2014-06-10","2014-06-24","2014-06-25","2014-10-09","2014-11-24","STER_031.N.20140624","1mQK2LOpYfsiZhIMO/VVjRS2JibK38gKyNHuDsitK2w=","carabid","HARCAL","Harpalus caliginosus","species",,"Fabricius",,1,"Other","Rjv/PyMx3k4oygLKYkCbuIDsccqDw9So","XXW8BqPXtz8Ncjf8bOi7gc6Hj7+NVXsl",
"690ac2a0-246b-47f6-9b53-6ebb9e150014","STER_031.basePlot.bet","D10","STER","STER_031","N","2014-06-10","2014-06-24","2014-06-25","2014-10-09",,"STER_031.N.20140624","1mQK2LOpYfsiZhIMO/VVjbnhbbAIzdsjlA6198WQ2CM=","invert bycatch",,,,,,,,,,"XXW8BqPXtz8Ncjf8bOi7gc6Hj7+NVXsl",
"59915cf7-cb1a-421f-ae9b-ca83ceaeafcc","STER_031.basePlot.bet","D10","STER","STER_031","N","2014-06-10","2014-06-24","2014-06-25","2014-10-09",,"STER_031.N.20140624","1mQK2LOpYfsiZhIMO/VVjUus200LXqD2Io8TCB5p0KE=","other carabid","CARSP14","Carabidae sp.","family",,"Latreille",,3,"Other",,"XXW8BqPXtz8Ncjf8bOi7gc6Hj7+NVXsl","individualCount estimated based on number of pinning records|"
"6af326f4-b305-47e1-b657-f2b98d1c784e","STER_035.basePlot.bet","D10","STER","STER_035","N","2014-06-10","2014-06-24","2014-06-25","2014-07-25",,"STER_035.N.20140624","xZ4ZeMJQZ4JWwqKs5m9HZr13mScKO7ej3NgfIL8R8Xk=","invert bycatch",,,,,,,,,,"XXW8BqPXtz8Ncjf8bOi7gc6Hj7+NVXsl",
"5a707545-7dba-4f60-a73d-2c66c86a2b19","STER_029.basePlot.bet","D10","STER","STER_029","N","2014-06-10","2014-06-24","2014-06-25","2014-07-28","2014-11-26","STER_029.N.20140624","KK2q9nxeS91GbdWqecI4heLBqQ6aJY8Qu/6KmqtpyYM=","carabid","PASELO","Pasimachus elongatus","species",,"LeConte",,1,"Other","XXW8BqPXtz8Ncjf8bOi7gc6Hj7+NVXsl","XXW8BqPXtz8Ncjf8bOi7gc6Hj7+NVXsl",
"72cbf6ad-3f5e-4466-9592-f8832e124d50","STER_029.basePlot.bet","D10","STER","STER_029","N","2014-06-10","2014-06-24","2014-06-25","2014-07-28",,"STER_029.N.20140624","KK2q9nxeS91GbdWqecI4hdrmOUXq2viOjRqhvHpo2HM=","other carabid","CARSP14","Carabidae sp.","family",,"Latreille",,2,"Other",,"XXW8BqPXtz8Ncjf8bOi7gc6Hj7+NVXsl","individualCount estimated based on number of pinning records|"
"37fa799f-3529-43fd-b7b2-e1825deb919b","STER_027.basePlot.bet","D10","STER","STER_027","N","2014-06-10","2014-06-24","2014-06-25","2014-07-28",,"STER_027.N.20140624","FuEDHNSxWAnQlwXeH1K2nMS3LaAPCmjbIQATdKVZ4zE=","invert bycatch",,,,,,,,,,"XXW8BqPXtz8Ncjf8bOi7gc6Hj7+NVXsl",
"815189bb-e0d8-41c1-9828-ff0c8c621586","STER_027.basePlot.bet","D10","STER","STER_027","N","2014-06-10","2014-06-24","2014-06-25","2014-07-28",,"STER_027.N.20140624","FuEDHNSxWAnQlwXeH1K2nGwQydjM8Ig2FGYsRmok15s=","other carabid","CARSP14","Carabidae sp.","family",,"Latreille",,2,"Other",,"XXW8BqPXtz8Ncjf8bOi7gc6Hj7+NVXsl","individualCount estimated based on number of pinning records|"
"ffa2c052-ddeb-49cb-8a8f-2316c8647423","STER_029.basePlot.bet","D10","STER","STER_029","N","2014-06-10","2014-06-24","2014-06-25","2014-07-28","2014-11-26","STER_029.N.20140624","KK2q9nxeS91GbdWqecI4hQZVCpSwxQ1vvYcFVVk21Tw=","carabid","CRADUB","Cratacanthus dubius","species",,"Palisot de Beauvois",,1,"Other","P+EeY8owwbjzXaiaPoIJpc6mcpR6iWBh","XXW8BqPXtz8Ncjf8bOi7gc6Hj7+NVXsl",
"ae6f70eb-c4f3-417d-bb9b-fbdb4187a8aa","STER_006.basePlot.bet","D10","STER","STER_006","N","2014-06-10","2014-06-24","2014-06-25","2014-07-28",,"STER_006.N.20140624","LZ9IDatJ8HHnQun5ScVKQQwXQglhgGqrignHRUcG2nE=","invert bycatch",,,,,,,,,,"XXW8BqPXtz8Ncjf8bOi7gc6Hj7+NVXsl",
"ce6bc930-1d23-4f43-96d4-2a69f6460359","STER_027.basePlot.bet","D10","STER","STER_027","N","2014-06-10","2014-06-24","2014-06-25","2014-07-28","2014-11-26","STER_027.N.20140624","FuEDHNSxWAnQlwXeH1K2nLBTO3of/Y5ZIxxslvzD6J0=","carabid","POESCI","Poecilus scitulus","species",,"LeConte",,2,"Other","XXW8BqPXtz8Ncjf8bOi7gc6Hj7+NVXsl","XXW8BqPXtz8Ncjf8bOi7gc6Hj7+NVXsl",
"2d68ae0d-2992-4604-9a92-77160cfde06e","STER_032.basePlot.bet","D10","STER","STER_032","N","2014-06-10","2014-06-24","2014-06-25","2014-10-09","2014-11-25","STER_032.N.20140624","fEa5yf30aQwvj3g+ODeZA9drbSIZ6vS/YNAf8kFdQcU=","carabid","AMACAR","Amara carinata","species",,"LeConte",,3,"Other","P+EeY8owwbjzXaiaPoIJpc6mcpR6iWBh","XXW8BqPXtz8Ncjf8bOi7gc6Hj7+NVXsl",
"7591a8c2-e913-4d1c-bb3b-ee2fdfcd1848","STER_032.basePlot.bet","D10","STER","STER_032","N","2014-06-10","2014-06-24","2014-06-25","2014-10-09","2014-11-25","STER_032.N.20140624","fEa5yf30aQwvj3g+ODeZA6W9zEpb4taPf4Pl9ZUCsL8=","carabid","AMAOBE","Amara obesa","species","cf. species","Say",,1,"Other","P+EeY8owwbjzXaiaPoIJpc6mcpR6iWBh","XXW8BqPXtz8Ncjf8bOi7gc6Hj7+NVXsl",
"afe32ecd-8ea7-49ee-ad30-b20c2fe3e64c","STER_006.basePlot.bet","D10","STER","STER_006","N","2014-06-10","2014-06-24","2014-06-25","2014-07-28","2014-11-26","STER_006.N.20140624","LZ9IDatJ8HHnQun5ScVKQUEPy3cNGbJGkfnFrUdALXA=","carabid","CYCTOR","Cyclotrachelus torvus","species",,"LeConte",,2,"Other","XXW8BqPXtz8Ncjf8bOi7gc6Hj7+NVXsl","XXW8BqPXtz8Ncjf8bOi7gc6Hj7+NVXsl",
"26580ed5-f18c-425b-85a9-08a611e132f9","STER_032.basePlot.bet","D10","STER","STER_032","N","2014-06-10","2014-06-24","2014-06-25","2014-07-28","2014-11-25","STER_032.N.20140624","fEa5yf30aQwvj3g+ODeZA5FNwJVz5xrl6D40SG6JFIQ=","carabid","CICPUN1","Cicindela punctulata punctulata","subspecies",,"Olivier",,1,"Other","P+EeY8owwbjzXaiaPoIJpc6mcpR6iWBh","XXW8BqPXtz8Ncjf8bOi7gc6Hj7+NVXsl",
"ac6bf937-6e9d-49fb-b5f0-b66706811328","STER_032.basePlot.bet","D10","STER","STER_032","N","2014-06-10","2014-06-24","2014-06-25","2014-07-28",,"STER_032.N.20140624","fEa5yf30aQwvj3g+ODeZAxm0DWVXoBsC/LKBZCaS/Ys=","invert bycatch",,,,,,,,,,"XXW8BqPXtz8Ncjf8bOi7gc6Hj7+NVXsl",
"1cbc942f-320b-4525-9904-9d581d8d9674","STER_032.basePlot.bet","D10","STER","STER_032","N","2014-06-10","2014-06-24","2014-06-25","2014-10-09","2014-11-25","STER_032.N.20140624","fEa5yf30aQwvj3g+ODeZA5GFWl6CazhQLlsyWaR/gqA=","carabid","PASELO","Pasimachus elongatus","species",,"LeConte",,4,"Other","P+EeY8owwbjzXaiaPoIJpc6mcpR6iWBh","XXW8BqPXtz8Ncjf8bOi7gc6Hj7+NVXsl",
"9d9af3c8-9156-4618-8d32-a441e59cc5b1","STER_029.basePlot.bet","D10","STER","STER_029","N","2014-06-10","2014-06-24","2014-06-25","2014-07-28","2014-11-26","STER_029.N.20140624","KK2q9nxeS91GbdWqecI4hRAhvZY3GO12zngcsvqFR+M=","carabid","AMACAR","Amara carinata","species",,"LeConte",,1,"Other","XXW8BqPXtz8Ncjf8bOi7gc6Hj7+NVXsl","XXW8BqPXtz8Ncjf8bOi7gc6Hj7+NVXsl",
"e8f33aa2-c074-4e3d-9f43-c66fc79eddc5","STER_027.basePlot.bet","D10","STER","STER_027","N","2014-06-10","2014-06-24","2014-06-25","2014-07-28","2014-11-26","STER_027.N.20140624","FuEDHNSxWAnQlwXeH1K2nOgyUVRK0vsbGSuAwCHIMzE=","carabid","HARAMP","Harpalus amputatus amputatus","subspecies",,"Say",,6,"Other","XXW8BqPXtz8Ncjf8bOi7gc6Hj7+NVXsl","XXW8BqPXtz8Ncjf8bOi7gc6Hj7+NVXsl",
"87a71adf-52a4-4480-8045-4a0e3c97537b","STER_033.basePlot.bet","D10","STER","STER_033","N","2014-06-10","2014-06-24","2014-06-25","2014-10-10","2014-11-13","STER_033.N.20140624","Yx5jJOWNohJp6dqmDJpDSv19FagJ/UjgWSKSS2liXTo=","carabid","PASELO","Pasimachus elongatus","species",,"LeConte",,2,"Other","Rjv/PyMx3k4oygLKYkCbuIDsccqDw9So","XXW8BqPXtz8Ncjf8bOi7gc6Hj7+NVXsl",
"607d8972-2658-4597-9c88-11789b6c0d4d","STER_029.basePlot.bet","D10","STER","STER_029","N","2014-06-10","2014-06-24","2014-06-25","2014-07-28","2014-11-26","STER_029.N.20140624","KK2q9nxeS91GbdWqecI4hRCDspxKux6gUwvuxPtZAb4=","carabid","ANIRUS","Anisodactylus rusticus","species",,"Say",,3,"Other","XXW8BqPXtz8Ncjf8bOi7gc6Hj7+NVXsl","XXW8BqPXtz8Ncjf8bOi7gc6Hj7+NVXsl",
"66233f0b-c2b3-4ea6-b0d7-fa3e3d7a9bfb","STER_029.basePlot.bet","D10","STER","STER_029","N","2014-06-10","2014-06-24","2014-06-25","2014-07-28","2014-11-26","STER_029.N.20140624","KK2q9nxeS91GbdWqecI4hWCk6YkVRoF2s7fRM9KfOE8=","carabid","HARAMP","Harpalus amputatus amputatus","subspecies",,"Say",,1,"Other","XXW8BqPXtz8Ncjf8bOi7gc6Hj7+NVXsl","XXW8BqPXtz8Ncjf8bOi7gc6Hj7+NVXsl",
"3d30d333-0097-4cfa-8e01-9545276a4626","STER_033.basePlot.bet","D10","STER","STER_033","N","2014-06-10","2014-06-24","2014-06-25","2016-09-19",,"STER_033.N.20140624","Yx5jJOWNohJp6dqmDJpDStAoLkdWoLof+uv0+u6dNUo=","invert bycatch",,,,,,,,,,"7+R+tlx7vf358Ca0KfCVsIeYb4W2nsW1","Vial found after processing, data entered prior to shipping"
"ad03f30e-94f8-4755-9026-8321fded5925","STER_033.basePlot.bet","D10","STER","STER_033","N","2014-06-10","2014-06-24","2014-06-25","2016-09-19",,"STER_033.N.20140624","Yx5jJOWNohJp6dqmDJpDStAoLkdWoLofdlpIhLbyoHY=","invert bycatch",,,,,,,,,,"7+R+tlx7vf358Ca0KfCVsIeYb4W2nsW1","Vial found after processing, data entered prior to shipping"
"f550ce75-a0f2-445b-8463-09eec2489b1b","STER_031.basePlot.bet","D10","STER","STER_031","N","2014-06-10","2014-06-24","2014-06-25","2016-09-19",,"STER_031.N.20140624","1mQK2LOpYfsiZhIMO/VVjbnhbbAIzdsj06mE2njl9fk=","invert bycatch",,,,,,,,,,"7+R+tlx7vf358Ca0KfCVsIeYb4W2nsW1","Vial found after processing, data entered prior to shipping"
"7b619da4-bf5a-465c-94ec-c8957f63c6a1","STER_035.basePlot.bet","D10","STER","STER_035","N","2014-06-10","2014-06-24","2014-06-25","2016-09-19",,"STER_035.N.20140624","xZ4ZeMJQZ4JWwqKs5m9HZr13mScKO7ej/3Oc/cscvbc=","invert bycatch",,,,,,,,,,"7+R+tlx7vf358Ca0KfCVsIeYb4W2nsW1","Vial found after processing, data entered prior to shipping"
"de5dcda9-579d-4585-a26f-f66a10a21cec","STER_033.basePlot.bet","D10","STER","STER_033","N","2014-06-10","2014-06-24","2014-06-25","2016-09-19",,"STER_033.N.20140624","Yx5jJOWNohJp6dqmDJpDStAoLkdWoLofFlVcHWgaP04=","invert bycatch",,,,,,,,,,"7+R+tlx7vf358Ca0KfCVsIeYb4W2nsW1","Vial found after processing, data entered prior to shipping"
"7ef9008e-d958-4052-8e0b-841da276a6ef","STER_033.basePlot.bet","D10","STER","STER_033","N","2014-06-10","2014-06-24","2014-06-25","2016-09-19",,"STER_033.N.20140624","Yx5jJOWNohJp6dqmDJpDStAoLkdWoLofgcj0Tk37D1I=","invert bycatch",,,,,,,,,,"7+R+tlx7vf358Ca0KfCVsIeYb4W2nsW1","Vial found after processing, data entered prior to shipping"
