uid,namedLocation,domainID,siteID,plotID,trapID,plotType,nlcdClass,decimalLatitude,decimalLongitude,geodeticDatum,coordinateUncertainty,elevation,elevationUncertainty,setDate,collectDate,eventID,daysOfTrapping,sampleCollected,sampleID,cupStatus,lidStatus,fluidLevel,samplingProtocolVersion,recordedBy,remarks
"f01f8d30-4f27-4265-a65e-79c29c2da205","ONAQ_009.basePlot.bet","D15","ONAQ","ONAQ_009","E","distributed","shrubScrub",40.160803,-112.471250,"WGS84",20.1,1671.6,0.1,"2016-04-26","2016-05-10","ONAQ.2016.19",14,"Y","ONAQ_009.E.20160510","Ok","Ok","Ok","NEON.DOC.014050vH","dtNip7vnPIQ+7U7YtWNp+WFTyGNrpIZM",
"10c2df9c-be47-46f1-956a-4f64ff216a87","ONAQ_030.basePlot.bet","D15","ONAQ","ONAQ_030","E","distributed","evergreenForest",40.201643,-112.513698,"WGS84",20.1,1957.1,0.1,"2016-04-26","2016-05-10","ONAQ.2016.19",14,"Y","ONAQ_030.E.20160510","Ok","Ok","Ok","NEON.DOC.014050vH","dtNip7vnPIQ+7U7YtWNp+WFTyGNrpIZM",
"66ac2ed5-4cf0-4a28-b994-e4e6af700e6e","ONAQ_016.basePlot.bet","D15","ONAQ","ONAQ_016","E","distributed","shrubScrub",40.175178,-112.446181,"WGS84",20.1,1638.0,0.1,"2016-04-26","2016-05-10","ONAQ.2016.19",14,"Y","ONAQ_016.E.20160510","Ok","Ok","Ok","NEON.DOC.014050vH","dtNip7vnPIQ+7U7YtWNp+WFTyGNrpIZM",
"2091971b-90b0-4129-a571-bd032d93ba82","ONAQ_011.basePlot.bet","D15","ONAQ","ONAQ_011","E","distributed","shrubScrub",40.150746,-112.456227,"WGS84",20.1,1618.7,0.2,"2016-04-26","2016-05-10","ONAQ.2016.19",14,"Y","ONAQ_011.E.20160510","Ok","Ok","Ok","NEON.DOC.014050vH","dtNip7vnPIQ+7U7YtWNp+WFTyGNrpIZM",
"77837476-023f-411e-a19f-efbee8555265","ONAQ_073.basePlot.bet","D15","ONAQ","ONAQ_073","E","distributed","evergreenForest",40.181100,-112.512554,"WGS84",20.1,1848.5,0.1,"2016-04-26","2016-05-10","ONAQ.2016.19",14,"Y","ONAQ_073.E.20160510","Ok","Ok","Ok","NEON.DOC.014050vH","dtNip7vnPIQ+7U7YtWNp+WFTyGNrpIZM",
"9d909ed4-5190-422a-8d0c-9a15ea386164","ONAQ_023.basePlot.bet","D15","ONAQ","ONAQ_023","E","distributed","evergreenForest",40.193889,-112.505432,"WGS84",20.1,1862.8,0.1,"2016-04-26","2016-05-10","ONAQ.2016.19",14,"Y","ONAQ_023.E.20160510","Ok","Ok","Ok","NEON.DOC.014050vH","dtNip7vnPIQ+7U7YtWNp+WFTyGNrpIZM",
"a06005b1-e290-4a52-9954-db9d7c897e22","ONAQ_005.basePlot.bet","D15","ONAQ","ONAQ_005","E","distributed","shrubScrub",40.180774,-112.431855,"WGS84",20.1,1614.7,0.1,"2016-04-26","2016-05-10","ONAQ.2016.19",14,"Y","ONAQ_005.E.20160510","Missing","Ok","Ok","NEON.DOC.014050vH","dtNip7vnPIQ+7U7YtWNp+WFTyGNrpIZM","East trap was missing the cup that is between the soil and PG cup. We replaced the cup."
"ae3875bf-a437-443c-b755-c641379c817b","ONAQ_002.basePlot.bet","D15","ONAQ","ONAQ_002","E","distributed","shrubScrub",40.193323,-112.464547,"WGS84",20.1,1688.4,0.2,"2016-04-26","2016-05-10","ONAQ.2016.19",14,"Y","ONAQ_002.E.20160510","Ok","Ok","Ok","NEON.DOC.014050vH","dtNip7vnPIQ+7U7YtWNp+WFTyGNrpIZM",
"9ffd42fa-57b8-40c4-9adc-c14b5215e73d","ONAQ_018.basePlot.bet","D15","ONAQ","ONAQ_018","E","distributed","shrubScrub",40.197201,-112.437822,"WGS84",20.1,1629.0,0.1,"2016-04-26","2016-05-10","ONAQ.2016.19",14,"Y","ONAQ_018.E.20160510","Ok","Ok","Ok","NEON.DOC.014050vH","dtNip7vnPIQ+7U7YtWNp+WFTyGNrpIZM",
"b3874d54-7509-4606-affc-ccdececdd2e0","ONAQ_004.basePlot.bet","D15","ONAQ","ONAQ_004","E","distributed","shrubScrub",40.185937,-112.472482,"WGS84",20.1,1714.1,0.1,"2016-04-26","2016-05-10","ONAQ.2016.19",14,"Y","ONAQ_004.E.20160510","Ok","Ok","Ok","NEON.DOC.014050vH","dtNip7vnPIQ+7U7YtWNp+WFTyGNrpIZM",
"dd928b22-8438-4404-b6c5-9050e243e2d4","ONAQ_005.basePlot.bet","D15","ONAQ","ONAQ_005","N","distributed","shrubScrub",40.180774,-112.431855,"WGS84",20.1,1614.7,0.1,"2016-04-26","2016-05-10","ONAQ.2016.19",14,"Y","ONAQ_005.N.20160510","Ok","Ok","Ok","NEON.DOC.014050vH","dtNip7vnPIQ+7U7YtWNp+WFTyGNrpIZM",
"5a74e664-1bcc-43c2-bdf7-66b53cd85ba6","ONAQ_002.basePlot.bet","D15","ONAQ","ONAQ_002","N","distributed","shrubScrub",40.193323,-112.464547,"WGS84",20.1,1688.4,0.2,"2016-04-26","2016-05-10","ONAQ.2016.19",14,"Y","ONAQ_002.N.20160510","Ok","Ok","Ok","NEON.DOC.014050vH","dtNip7vnPIQ+7U7YtWNp+WFTyGNrpIZM",
"0a0c974b-4b84-4923-924a-54ce1fd14586","ONAQ_018.basePlot.bet","D15","ONAQ","ONAQ_018","N","distributed","shrubScrub",40.197201,-112.437822,"WGS84",20.1,1629.0,0.1,"2016-04-26","2016-05-10","ONAQ.2016.19",14,"Y","ONAQ_018.N.20160510","Ok","Ok","Ok","NEON.DOC.014050vH","dtNip7vnPIQ+7U7YtWNp+WFTyGNrpIZM",
"ec9bb44f-a420-44cd-8ae5-1a28fe5d4942","ONAQ_016.basePlot.bet","D15","ONAQ","ONAQ_016","N","distributed","shrubScrub",40.175178,-112.446181,"WGS84",20.1,1638.0,0.1,"2016-04-26","2016-05-10","ONAQ.2016.19",14,"Y","ONAQ_016.N.20160510","Ok","Ok","Ok","NEON.DOC.014050vH","dtNip7vnPIQ+7U7YtWNp+WFTyGNrpIZM",
"15435a9f-ae61-4d55-b309-4849d047a38b","ONAQ_011.basePlot.bet","D15","ONAQ","ONAQ_011","N","distributed","shrubScrub",40.150746,-112.456227,"WGS84",20.1,1618.7,0.2,"2016-04-26","2016-05-10","ONAQ.2016.19",14,"Y","ONAQ_011.N.20160510","Ok","Ok","Ok","NEON.DOC.014050vH","dtNip7vnPIQ+7U7YtWNp+WFTyGNrpIZM",
"47a8a6fb-16b5-4a99-a008-edc1adc3084d","ONAQ_030.basePlot.bet","D15","ONAQ","ONAQ_030","N","distributed","evergreenForest",40.201643,-112.513698,"WGS84",20.1,1957.1,0.1,"2016-04-26","2016-05-10","ONAQ.2016.19",14,"Y","ONAQ_030.N.20160510","Ok","Ok","Ok","NEON.DOC.014050vH","dtNip7vnPIQ+7U7YtWNp+WFTyGNrpIZM",
"d45c4308-9792-4e83-b1e1-5bfbdb462c94","ONAQ_073.basePlot.bet","D15","ONAQ","ONAQ_073","N","distributed","evergreenForest",40.181100,-112.512554,"WGS84",20.1,1848.5,0.1,"2016-04-26","2016-05-10","ONAQ.2016.19",14,"Y","ONAQ_073.N.20160510","Ok","Ok","Ok","NEON.DOC.014050vH","dtNip7vnPIQ+7U7YtWNp+WFTyGNrpIZM",
"5c5f5e8a-5d8e-4c25-9de7-49c878d133b9","ONAQ_023.basePlot.bet","D15","ONAQ","ONAQ_023","N","distributed","evergreenForest",40.193889,-112.505432,"WGS84",20.1,1862.8,0.1,"2016-04-26","2016-05-10","ONAQ.2016.19",14,"Y","ONAQ_023.N.20160510","Ok","Ok","Ok","NEON.DOC.014050vH","dtNip7vnPIQ+7U7YtWNp+WFTyGNrpIZM",
"7612a510-ce7b-43b9-982d-c15211e2e0c5","ONAQ_009.basePlot.bet","D15","ONAQ","ONAQ_009","N","distributed","shrubScrub",40.160803,-112.471250,"WGS84",20.1,1671.6,0.1,"2016-04-26","2016-05-10","ONAQ.2016.19",14,"Y","ONAQ_009.N.20160510","Ok","Ok","Ok","NEON.DOC.014050vH","dtNip7vnPIQ+7U7YtWNp+WFTyGNrpIZM",
"219f376a-cc85-4256-85c5-3b0bd886dd9c","ONAQ_004.basePlot.bet","D15","ONAQ","ONAQ_004","N","distributed","shrubScrub",40.185937,-112.472482,"WGS84",20.1,1714.1,0.1,"2016-04-26","2016-05-10","ONAQ.2016.19",14,"Y","ONAQ_004.N.20160510","Ok","Ok","Ok","NEON.DOC.014050vH","dtNip7vnPIQ+7U7YtWNp+WFTyGNrpIZM",
"82f227aa-99fd-44c9-b3af-55b96477bb1f","ONAQ_009.basePlot.bet","D15","ONAQ","ONAQ_009","S","distributed","shrubScrub",40.160803,-112.471250,"WGS84",20.1,1671.6,0.1,"2016-04-26","2016-05-10","ONAQ.2016.19",14,"Y","ONAQ_009.S.20160510","Ok","Ok","Low","NEON.DOC.014050vH","dtNip7vnPIQ+7U7YtWNp+WFTyGNrpIZM","There was no PG in south trap."
"b08b4f35-c1ae-461e-ada1-dd12333f9c45","ONAQ_004.basePlot.bet","D15","ONAQ","ONAQ_004","S","distributed","shrubScrub",40.185937,-112.472482,"WGS84",20.1,1714.1,0.1,"2016-04-26","2016-05-10","ONAQ.2016.19",14,"Y","ONAQ_004.S.20160510","Ok","Ok","Ok","NEON.DOC.014050vH","dtNip7vnPIQ+7U7YtWNp+WFTyGNrpIZM",
"187f6c05-1d94-4c25-8024-3933a4aa867d","ONAQ_016.basePlot.bet","D15","ONAQ","ONAQ_016","S","distributed","shrubScrub",40.175178,-112.446181,"WGS84",20.1,1638.0,0.1,"2016-04-26","2016-05-10","ONAQ.2016.19",14,"Y","ONAQ_016.S.20160510","Ok","Ok","Ok","NEON.DOC.014050vH","dtNip7vnPIQ+7U7YtWNp+WFTyGNrpIZM",
"2522b94c-3c0c-4a08-97ad-7b9a2239e116","ONAQ_030.basePlot.bet","D15","ONAQ","ONAQ_030","S","distributed","evergreenForest",40.201643,-112.513698,"WGS84",20.1,1957.1,0.1,"2016-04-26","2016-05-10","ONAQ.2016.19",14,"Y","ONAQ_030.S.20160510","Ok","Ok","Ok","NEON.DOC.014050vH","dtNip7vnPIQ+7U7YtWNp+WFTyGNrpIZM",
"2bccb81c-79d4-40c6-a3d8-7bed81ad63bc","ONAQ_011.basePlot.bet","D15","ONAQ","ONAQ_011","S","distributed","shrubScrub",40.150746,-112.456227,"WGS84",20.1,1618.7,0.2,"2016-04-26","2016-05-10","ONAQ.2016.19",14,"Y","ONAQ_011.S.20160510","Ok","Ok","Ok","NEON.DOC.014050vH","dtNip7vnPIQ+7U7YtWNp+WFTyGNrpIZM",
"282e41fa-eb69-43ce-b4f2-702fba3e46e7","ONAQ_073.basePlot.bet","D15","ONAQ","ONAQ_073","S","distributed","evergreenForest",40.181100,-112.512554,"WGS84",20.1,1848.5,0.1,"2016-04-26","2016-05-10","ONAQ.2016.19",14,"Y","ONAQ_073.S.20160510","Ok","Ok","Ok","NEON.DOC.014050vH","dtNip7vnPIQ+7U7YtWNp+WFTyGNrpIZM",
"3cc4ddf1-f89e-49ec-8458-a238380661b0","ONAQ_023.basePlot.bet","D15","ONAQ","ONAQ_023","S","distributed","evergreenForest",40.193889,-112.505432,"WGS84",20.1,1862.8,0.1,"2016-04-26","2016-05-10","ONAQ.2016.19",14,"Y","ONAQ_023.S.20160510","Ok","Ok","Ok","NEON.DOC.014050vH","dtNip7vnPIQ+7U7YtWNp+WFTyGNrpIZM",
"7c5ca15c-b7e7-4b65-b8f4-2021f41679d9","ONAQ_005.basePlot.bet","D15","ONAQ","ONAQ_005","S","distributed","shrubScrub",40.180774,-112.431855,"WGS84",20.1,1614.7,0.1,"2016-04-26","2016-05-10","ONAQ.2016.19",14,"Y","ONAQ_005.S.20160510","Ok","Ok","Ok","NEON.DOC.014050vH","dtNip7vnPIQ+7U7YtWNp+WFTyGNrpIZM",
"a841ab10-00f0-4494-9f3f-2af638bfd6a4","ONAQ_002.basePlot.bet","D15","ONAQ","ONAQ_002","S","distributed","shrubScrub",40.193323,-112.464547,"WGS84",20.1,1688.4,0.2,"2016-04-26","2016-05-10","ONAQ.2016.19",14,"Y","ONAQ_002.S.20160510","Ok","Ok","Ok","NEON.DOC.014050vH","dtNip7vnPIQ+7U7YtWNp+WFTyGNrpIZM",
"1f9319ae-4da3-45c3-9c1d-f9c84cbf37b3","ONAQ_018.basePlot.bet","D15","ONAQ","ONAQ_018","S","distributed","shrubScrub",40.197201,-112.437822,"WGS84",20.1,1629.0,0.1,"2016-04-26","2016-05-10","ONAQ.2016.19",14,"Y","ONAQ_018.S.20160510","Ok","Ok","Ok","NEON.DOC.014050vH","dtNip7vnPIQ+7U7YtWNp+WFTyGNrpIZM",
"850264bb-f80f-4170-a3d1-75a1fbb64180","ONAQ_009.basePlot.bet","D15","ONAQ","ONAQ_009","W","distributed","shrubScrub",40.160803,-112.471250,"WGS84",20.1,1671.6,0.1,"2016-04-26","2016-05-10","ONAQ.2016.19",14,"Y","ONAQ_009.W.20160510","Ok","Ok","Ok","NEON.DOC.014050vH","dtNip7vnPIQ+7U7YtWNp+WFTyGNrpIZM",
"023cc598-0bae-4a7a-b8d9-d048084d21ca","ONAQ_016.basePlot.bet","D15","ONAQ","ONAQ_016","W","distributed","shrubScrub",40.175178,-112.446181,"WGS84",20.1,1638.0,0.1,"2016-04-26","2016-05-10","ONAQ.2016.19",14,"Y","ONAQ_016.W.20160510","Ok","Ok","Ok","NEON.DOC.014050vH","dtNip7vnPIQ+7U7YtWNp+WFTyGNrpIZM",
"0071b0ce-b5ad-4064-9585-18b6978a98ff","ONAQ_030.basePlot.bet","D15","ONAQ","ONAQ_030","W","distributed","evergreenForest",40.201643,-112.513698,"WGS84",20.1,1957.1,0.1,"2016-04-26","2016-05-10","ONAQ.2016.19",14,"Y","ONAQ_030.W.20160510","Ok","Ok","Ok","NEON.DOC.014050vH","dtNip7vnPIQ+7U7YtWNp+WFTyGNrpIZM",
"c84044af-70d3-4fd6-8c4a-23382339ecf1","ONAQ_011.basePlot.bet","D15","ONAQ","ONAQ_011","W","distributed","shrubScrub",40.150746,-112.456227,"WGS84",20.1,1618.7,0.2,"2016-04-26","2016-05-10","ONAQ.2016.19",14,"Y","ONAQ_011.W.20160510","Ok","Ok","Ok","NEON.DOC.014050vH","dtNip7vnPIQ+7U7YtWNp+WFTyGNrpIZM",
"137e0cac-6dcf-467c-8d89-99ae4329c8c2","ONAQ_073.basePlot.bet","D15","ONAQ","ONAQ_073","W","distributed","evergreenForest",40.181100,-112.512554,"WGS84",20.1,1848.5,0.1,"2016-04-26","2016-05-10","ONAQ.2016.19",14,"Y","ONAQ_073.W.20160510","Ok","Ok","Ok","NEON.DOC.014050vH","dtNip7vnPIQ+7U7YtWNp+WFTyGNrpIZM",
"12b64af8-9244-4663-84e0-31423e1d50c0","ONAQ_023.basePlot.bet","D15","ONAQ","ONAQ_023","W","distributed","evergreenForest",40.193889,-112.505432,"WGS84",20.1,1862.8,0.1,"2016-04-26","2016-05-10","ONAQ.2016.19",14,"Y","ONAQ_023.W.20160510","Ok","Ok","Ok","NEON.DOC.014050vH","dtNip7vnPIQ+7U7YtWNp+WFTyGNrpIZM",
"42a58f0b-5731-46e3-ab31-4f3a4e254cb5","ONAQ_005.basePlot.bet","D15","ONAQ","ONAQ_005","W","distributed","shrubScrub",40.180774,-112.431855,"WGS84",20.1,1614.7,0.1,"2016-04-26","2016-05-10","ONAQ.2016.19",14,"Y","ONAQ_005.W.20160510","Ok","Ok","Ok","NEON.DOC.014050vH","dtNip7vnPIQ+7U7YtWNp+WFTyGNrpIZM",
"c425e173-9cad-4b37-aa50-6e66a90bc8bc","ONAQ_002.basePlot.bet","D15","ONAQ","ONAQ_002","W","distributed","shrubScrub",40.193323,-112.464547,"WGS84",20.1,1688.4,0.2,"2016-04-26","2016-05-10","ONAQ.2016.19",14,"Y","ONAQ_002.W.20160510","Ok","Ok","Ok","NEON.DOC.014050vH","dtNip7vnPIQ+7U7YtWNp+WFTyGNrpIZM",
"3c08027a-2890-4bbb-aa63-946368ae941f","ONAQ_018.basePlot.bet","D15","ONAQ","ONAQ_018","W","distributed","shrubScrub",40.197201,-112.437822,"WGS84",20.1,1629.0,0.1,"2016-04-26","2016-05-10","ONAQ.2016.19",14,"Y","ONAQ_018.W.20160510","Ok","Ok","Ok","NEON.DOC.014050vH","dtNip7vnPIQ+7U7YtWNp+WFTyGNrpIZM",
"74259ac6-088b-4937-9819-0bb6f5ccd3be","ONAQ_004.basePlot.bet","D15","ONAQ","ONAQ_004","W","distributed","shrubScrub",40.185937,-112.472482,"WGS84",20.1,1714.1,0.1,"2016-04-26","2016-05-10","ONAQ.2016.19",14,"Y","ONAQ_004.W.20160510","Ok","Ok","Ok","NEON.DOC.014050vH","dtNip7vnPIQ+7U7YtWNp+WFTyGNrpIZM",
"e1f0850a-aeeb-46fe-ba9f-77410ace5fed","ONAQ_004.basePlot.bet","D15","ONAQ","ONAQ_004","E","distributed","shrubScrub",40.185937,-112.472482,"WGS84",20.1,1714.1,0.1,"2016-05-10","2016-05-24","ONAQ.2016.21",14,"Y","ONAQ_004.E.20160524","Ok","Ok","Ok","NEON.DOC.014050vH","A/RRczOckiFbJrdMEJZwjJHC/MRxlxtigTsfvXI6kYE=",
"615730c8-fd8a-43a2-8a03-4c64514851e7","ONAQ_005.basePlot.bet","D15","ONAQ","ONAQ_005","W","distributed","shrubScrub",40.180774,-112.431855,"WGS84",20.1,1614.7,0.1,"2016-05-10","2016-05-24","ONAQ.2016.21",14,"Y","ONAQ_005.W.20160524","Ok","Ok","Ok","NEON.DOC.014050vH","A/RRczOckiFbJrdMEJZwjJHC/MRxlxtigTsfvXI6kYE=",
"29b782dd-7078-407d-a207-dfe56d608c2c","ONAQ_002.basePlot.bet","D15","ONAQ","ONAQ_002","E","distributed","shrubScrub",40.193323,-112.464547,"WGS84",20.1,1688.4,0.2,"2016-05-10","2016-05-24","ONAQ.2016.21",14,"Y","ONAQ_002.E.20160524","Ok","Ok","Ok","NEON.DOC.014050vH","A/RRczOckiFbJrdMEJZwjJHC/MRxlxtigTsfvXI6kYE=",
"75c2ef29-eb6e-4546-ac2e-67a30ade8a38","ONAQ_005.basePlot.bet","D15","ONAQ","ONAQ_005","E","distributed","shrubScrub",40.180774,-112.431855,"WGS84",20.1,1614.7,0.1,"2016-05-10","2016-05-24","ONAQ.2016.21",14,"Y","ONAQ_005.E.20160524","Ok","Ok","Ok","NEON.DOC.014050vH","A/RRczOckiFbJrdMEJZwjJHC/MRxlxtigTsfvXI6kYE=",
"f3a8e966-4e14-46ba-a3e0-4c6aafa460b8","ONAQ_023.basePlot.bet","D15","ONAQ","ONAQ_023","E","distributed","evergreenForest",40.193889,-112.505432,"WGS84",20.1,1862.8,0.1,"2016-05-10","2016-05-24","ONAQ.2016.21",14,"Y","ONAQ_023.E.20160524","Ok","Ok","Ok","NEON.DOC.014050vH","A/RRczOckiFbJrdMEJZwjJHC/MRxlxtigTsfvXI6kYE=",
"3773e6f2-16a9-46ef-8a8c-dbf60d4e7c0e","ONAQ_073.basePlot.bet","D15","ONAQ","ONAQ_073","E","distributed","evergreenForest",40.181100,-112.512554,"WGS84",20.1,1848.5,0.1,"2016-05-10","2016-05-24","ONAQ.2016.21",14,"Y","ONAQ_073.E.20160524","Ok","Ok","Ok","NEON.DOC.014050vH","A/RRczOckiFbJrdMEJZwjJHC/MRxlxtigTsfvXI6kYE=",
"fa2a7d5b-0b18-4935-ba61-b412c2cc8018","ONAQ_011.basePlot.bet","D15","ONAQ","ONAQ_011","E","distributed","shrubScrub",40.150746,-112.456227,"WGS84",20.1,1618.7,0.2,"2016-05-10","2016-05-24","ONAQ.2016.21",14,"Y","ONAQ_011.E.20160524","Ok","Ok","Ok","NEON.DOC.014050vH","A/RRczOckiFbJrdMEJZwjJHC/MRxlxtigTsfvXI6kYE=",
"88053b37-4d41-4bfd-be84-0230751ff35a","ONAQ_030.basePlot.bet","D15","ONAQ","ONAQ_030","E","distributed","evergreenForest",40.201643,-112.513698,"WGS84",20.1,1957.1,0.1,"2016-05-10","2016-05-24","ONAQ.2016.21",14,"Y","ONAQ_030.E.20160524","Ok","Ok","Ok","NEON.DOC.014050vH","A/RRczOckiFbJrdMEJZwjJHC/MRxlxtigTsfvXI6kYE=",
"076599bb-4137-4af5-a725-df03b54df2cd","ONAQ_016.basePlot.bet","D15","ONAQ","ONAQ_016","E","distributed","shrubScrub",40.175178,-112.446181,"WGS84",20.1,1638.0,0.1,"2016-05-10","2016-05-24","ONAQ.2016.21",14,"Y","ONAQ_016.E.20160524","Ok","Ok","Ok","NEON.DOC.014050vH","A/RRczOckiFbJrdMEJZwjJHC/MRxlxtigTsfvXI6kYE=",
"6d8c63b4-3763-4d2b-a350-83d5c32551ee","ONAQ_009.basePlot.bet","D15","ONAQ","ONAQ_009","E","distributed","shrubScrub",40.160803,-112.471250,"WGS84",20.1,1671.6,0.1,"2016-05-10","2016-05-24","ONAQ.2016.21",14,"Y","ONAQ_009.E.20160524","Ok","Ok","Ok","NEON.DOC.014050vH","A/RRczOckiFbJrdMEJZwjJHC/MRxlxtigTsfvXI6kYE=",
"b9810ae4-f9c6-4e17-9cc1-54e7360b1ff4","ONAQ_073.basePlot.bet","D15","ONAQ","ONAQ_073","N","distributed","evergreenForest",40.181100,-112.512554,"WGS84",20.1,1848.5,0.1,"2016-05-10","2016-05-24","ONAQ.2016.21",14,"Y","ONAQ_073.N.20160524","Ok","Ok","Ok","NEON.DOC.014050vH","A/RRczOckiFbJrdMEJZwjJHC/MRxlxtigTsfvXI6kYE=",
"60809373-1942-4bd3-a290-1d3f8ed99042","ONAQ_011.basePlot.bet","D15","ONAQ","ONAQ_011","N","distributed","shrubScrub",40.150746,-112.456227,"WGS84",20.1,1618.7,0.2,"2016-05-10","2016-05-24","ONAQ.2016.21",14,"Y","ONAQ_011.N.20160524","Ok","Ok","Ok","NEON.DOC.014050vH","A/RRczOckiFbJrdMEJZwjJHC/MRxlxtigTsfvXI6kYE=",
"30dddc13-a247-4f58-a4ba-1e41b52f2338","ONAQ_030.basePlot.bet","D15","ONAQ","ONAQ_030","N","distributed","evergreenForest",40.201643,-112.513698,"WGS84",20.1,1957.1,0.1,"2016-05-10","2016-05-24","ONAQ.2016.21",14,"Y","ONAQ_030.N.20160524","Ok","Ok","Ok","NEON.DOC.014050vH","A/RRczOckiFbJrdMEJZwjJHC/MRxlxtigTsfvXI6kYE=",
"a3ade4f5-f594-4cff-967d-be590f992c81","ONAQ_016.basePlot.bet","D15","ONAQ","ONAQ_016","N","distributed","shrubScrub",40.175178,-112.446181,"WGS84",20.1,1638.0,0.1,"2016-05-10","2016-05-24","ONAQ.2016.21",14,"Y","ONAQ_016.N.20160524","Ok","Ok","Ok","NEON.DOC.014050vH","A/RRczOckiFbJrdMEJZwjJHC/MRxlxtigTsfvXI6kYE=",
"38d3e79c-b453-4a37-ad2d-e4d14d8a066b","ONAQ_009.basePlot.bet","D15","ONAQ","ONAQ_009","N","distributed","shrubScrub",40.160803,-112.471250,"WGS84",20.1,1671.6,0.1,"2016-05-10","2016-05-24","ONAQ.2016.21",14,"Y","ONAQ_009.N.20160524","Ok","Ok","Ok","NEON.DOC.014050vH","A/RRczOckiFbJrdMEJZwjJHC/MRxlxtigTsfvXI6kYE=",
"56f76412-931a-4063-a9fb-7943fe8db615","ONAQ_004.basePlot.bet","D15","ONAQ","ONAQ_004","N","distributed","shrubScrub",40.185937,-112.472482,"WGS84",20.1,1714.1,0.1,"2016-05-10","2016-05-24","ONAQ.2016.21",14,"Y","ONAQ_004.N.20160524","Ok","Ok","Ok","NEON.DOC.014050vH","A/RRczOckiFbJrdMEJZwjJHC/MRxlxtigTsfvXI6kYE=",
"aaef598f-6acd-4f2d-ab84-9794e3412f75","ONAQ_018.basePlot.bet","D15","ONAQ","ONAQ_018","N","distributed","shrubScrub",40.197201,-112.437822,"WGS84",20.1,1629.0,0.1,"2016-05-10","2016-05-24","ONAQ.2016.21",14,"Y","ONAQ_018.N.20160524","Ok","Ok","Ok","NEON.DOC.014050vH","A/RRczOckiFbJrdMEJZwjJHC/MRxlxtigTsfvXI6kYE=",
"ae63c788-da5f-4899-b905-f527e1617611","ONAQ_002.basePlot.bet","D15","ONAQ","ONAQ_002","N","distributed","shrubScrub",40.193323,-112.464547,"WGS84",20.1,1688.4,0.2,"2016-05-10","2016-05-24","ONAQ.2016.21",14,"Y","ONAQ_002.N.20160524","Ok","Ok","Ok","NEON.DOC.014050vH","A/RRczOckiFbJrdMEJZwjJHC/MRxlxtigTsfvXI6kYE=",
"b1720145-dccf-4630-9071-65b2a1a2573b","ONAQ_005.basePlot.bet","D15","ONAQ","ONAQ_005","N","distributed","shrubScrub",40.180774,-112.431855,"WGS84",20.1,1614.7,0.1,"2016-05-10","2016-05-24","ONAQ.2016.21",14,"Y","ONAQ_005.N.20160524","Ok","Ok","Ok","NEON.DOC.014050vH","A/RRczOckiFbJrdMEJZwjJHC/MRxlxtigTsfvXI6kYE=",
"0176f1f4-72c3-496e-8bf4-1cbd1da69585","ONAQ_023.basePlot.bet","D15","ONAQ","ONAQ_023","N","distributed","evergreenForest",40.193889,-112.505432,"WGS84",20.1,1862.8,0.1,"2016-05-10","2016-05-24","ONAQ.2016.21",14,"Y","ONAQ_023.N.20160524","Ok","Ok","Ok","NEON.DOC.014050vH","A/RRczOckiFbJrdMEJZwjJHC/MRxlxtigTsfvXI6kYE=",
"b83f4386-d3c4-4594-8b14-b7428f98c8df","ONAQ_009.basePlot.bet","D15","ONAQ","ONAQ_009","S","distributed","shrubScrub",40.160803,-112.471250,"WGS84",20.1,1671.6,0.1,"2016-05-10","2016-05-24","ONAQ.2016.21",14,"Y","ONAQ_009.S.20160524","Ok","Ok","Ok","NEON.DOC.014050vH","A/RRczOckiFbJrdMEJZwjJHC/MRxlxtigTsfvXI6kYE=",
"26b015ef-f5dc-41bb-8604-2b2dae65ba25","ONAQ_004.basePlot.bet","D15","ONAQ","ONAQ_004","S","distributed","shrubScrub",40.185937,-112.472482,"WGS84",20.1,1714.1,0.1,"2016-05-10","2016-05-24","ONAQ.2016.21",14,"Y","ONAQ_004.S.20160524","Ok","Ok","Ok","NEON.DOC.014050vH","A/RRczOckiFbJrdMEJZwjJHC/MRxlxtigTsfvXI6kYE=",
"82f14db3-41a2-465f-9f2d-bb00ee5a2556","ONAQ_005.basePlot.bet","D15","ONAQ","ONAQ_005","S","distributed","shrubScrub",40.180774,-112.431855,"WGS84",20.1,1614.7,0.1,"2016-05-10","2016-05-24","ONAQ.2016.21",14,"Y","ONAQ_005.S.20160524","Ok","Ok","Ok","NEON.DOC.014050vH","A/RRczOckiFbJrdMEJZwjJHC/MRxlxtigTsfvXI6kYE=",
"01ab18ae-7e99-4f0c-a831-9d565faef4a4","ONAQ_023.basePlot.bet","D15","ONAQ","ONAQ_023","S","distributed","evergreenForest",40.193889,-112.505432,"WGS84",20.1,1862.8,0.1,"2016-05-10","2016-05-24","ONAQ.2016.21",14,"Y","ONAQ_023.S.20160524","Ok","Ok","Ok","NEON.DOC.014050vH","A/RRczOckiFbJrdMEJZwjJHC/MRxlxtigTsfvXI6kYE=",
"71b3ad26-14d1-4e7d-864f-fbd9468fac78","ONAQ_002.basePlot.bet","D15","ONAQ","ONAQ_002","S","distributed","shrubScrub",40.193323,-112.464547,"WGS84",20.1,1688.4,0.2,"2016-05-10","2016-05-24","ONAQ.2016.21",14,"Y","ONAQ_002.S.20160524","Ok","Ok","Ok","NEON.DOC.014050vH","A/RRczOckiFbJrdMEJZwjJHC/MRxlxtigTsfvXI6kYE=",
"9cd7f92c-053f-4017-9e90-d2cc0cfc6cf8","ONAQ_073.basePlot.bet","D15","ONAQ","ONAQ_073","S","distributed","evergreenForest",40.181100,-112.512554,"WGS84",20.1,1848.5,0.1,"2016-05-10","2016-05-24","ONAQ.2016.21",14,"Y","ONAQ_073.S.20160524","Ok","Ok","Ok","NEON.DOC.014050vH","A/RRczOckiFbJrdMEJZwjJHC/MRxlxtigTsfvXI6kYE=",
"98ec4836-f6e2-4cf1-bcf7-bc502d83f733","ONAQ_011.basePlot.bet","D15","ONAQ","ONAQ_011","S","distributed","shrubScrub",40.150746,-112.456227,"WGS84",20.1,1618.7,0.2,"2016-05-10","2016-05-24","ONAQ.2016.21",14,"Y","ONAQ_011.S.20160524","Ok","Ok","Ok","NEON.DOC.014050vH","A/RRczOckiFbJrdMEJZwjJHC/MRxlxtigTsfvXI6kYE=",
"1f9bf58d-70de-444f-a01b-a08e6ba1f294","ONAQ_016.basePlot.bet","D15","ONAQ","ONAQ_016","S","distributed","shrubScrub",40.175178,-112.446181,"WGS84",20.1,1638.0,0.1,"2016-05-10","2016-05-24","ONAQ.2016.21",14,"Y","ONAQ_016.S.20160524","Ok","Ok","Ok","NEON.DOC.014050vH","A/RRczOckiFbJrdMEJZwjJHC/MRxlxtigTsfvXI6kYE=",
"e86d2e14-d512-4c71-91a3-47b9defc9596","ONAQ_030.basePlot.bet","D15","ONAQ","ONAQ_030","S","distributed","evergreenForest",40.201643,-112.513698,"WGS84",20.1,1957.1,0.1,"2016-05-10","2016-05-24","ONAQ.2016.21",14,"N",,"Ok","Ok","Low","NEON.DOC.014050vH","A/RRczOckiFbJrdMEJZwjJHC/MRxlxtigTsfvXI6kYE=","Filled to 250mL. Looks like all PG was gone so no sample collected."
"4d102506-60c7-4a91-b798-1de13a9591fc","ONAQ_018.basePlot.bet","D15","ONAQ","ONAQ_018","S","distributed","shrubScrub",40.197201,-112.437822,"WGS84",20.1,1629.0,0.1,"2016-05-10","2016-05-24","ONAQ.2016.21",14,"Y","ONAQ_018.S.20160524","Ok","Ok","Ok","NEON.DOC.014050vH","A/RRczOckiFbJrdMEJZwjJHC/MRxlxtigTsfvXI6kYE=",
"4c013454-2dff-492a-827a-fb131e295088","ONAQ_011.basePlot.bet","D15","ONAQ","ONAQ_011","W","distributed","shrubScrub",40.150746,-112.456227,"WGS84",20.1,1618.7,0.2,"2016-05-10","2016-05-24","ONAQ.2016.21",14,"Y","ONAQ_011.W.20160524","Ok","Ok","Ok","NEON.DOC.014050vH","A/RRczOckiFbJrdMEJZwjJHC/MRxlxtigTsfvXI6kYE=",
"fe849b30-7a21-401e-9ed1-2753700e255b","ONAQ_073.basePlot.bet","D15","ONAQ","ONAQ_073","W","distributed","evergreenForest",40.181100,-112.512554,"WGS84",20.1,1848.5,0.1,"2016-05-10","2016-05-24","ONAQ.2016.21",14,"Y","ONAQ_073.W.20160524","Ok","Ok","Ok","NEON.DOC.014050vH","A/RRczOckiFbJrdMEJZwjJHC/MRxlxtigTsfvXI6kYE=",
"1c9f0c28-9a47-4089-9874-860c3544ec20","ONAQ_004.basePlot.bet","D15","ONAQ","ONAQ_004","W","distributed","shrubScrub",40.185937,-112.472482,"WGS84",20.1,1714.1,0.1,"2016-05-10","2016-05-24","ONAQ.2016.21",14,"Y","ONAQ_004.W.20160524","Ok","Ok","Ok","NEON.DOC.014050vH","A/RRczOckiFbJrdMEJZwjJHC/MRxlxtigTsfvXI6kYE=",
"c000e9f8-5f50-4b56-b25c-6a96352a0dcd","ONAQ_016.basePlot.bet","D15","ONAQ","ONAQ_016","W","distributed","shrubScrub",40.175178,-112.446181,"WGS84",20.1,1638.0,0.1,"2016-05-10","2016-05-24","ONAQ.2016.21",14,"Y","ONAQ_016.W.20160524","Ok","Ok","Ok","NEON.DOC.014050vH","A/RRczOckiFbJrdMEJZwjJHC/MRxlxtigTsfvXI6kYE=",
"16065ea4-1224-4b00-b44d-b47d250311ce","ONAQ_009.basePlot.bet","D15","ONAQ","ONAQ_009","W","distributed","shrubScrub",40.160803,-112.471250,"WGS84",20.1,1671.6,0.1,"2016-05-10","2016-05-24","ONAQ.2016.21",14,"Y","ONAQ_009.W.20160524","Ok","Ok","Ok","NEON.DOC.014050vH","A/RRczOckiFbJrdMEJZwjJHC/MRxlxtigTsfvXI6kYE=",
"2bbd2a39-ffba-44f9-88b5-36efd8601311","ONAQ_030.basePlot.bet","D15","ONAQ","ONAQ_030","W","distributed","evergreenForest",40.201643,-112.513698,"WGS84",20.1,1957.1,0.1,"2016-05-10","2016-05-24","ONAQ.2016.21",14,"Y","ONAQ_030.W.20160524","Ok","Ok","Ok","NEON.DOC.014050vH","A/RRczOckiFbJrdMEJZwjJHC/MRxlxtigTsfvXI6kYE=",
"4b069234-4a7f-44f6-92fd-66a6224e75b1","ONAQ_002.basePlot.bet","D15","ONAQ","ONAQ_002","W","distributed","shrubScrub",40.193323,-112.464547,"WGS84",20.1,1688.4,0.2,"2016-05-10","2016-05-24","ONAQ.2016.21",14,"Y","ONAQ_002.W.20160524","Ok","Ok","Ok","NEON.DOC.014050vH","A/RRczOckiFbJrdMEJZwjJHC/MRxlxtigTsfvXI6kYE=",
"fc873f56-87c5-4d50-8e5d-7895da2913b6","ONAQ_018.basePlot.bet","D15","ONAQ","ONAQ_018","W","distributed","shrubScrub",40.197201,-112.437822,"WGS84",20.1,1629.0,0.1,"2016-05-10","2016-05-24","ONAQ.2016.21",14,"Y","ONAQ_018.W.20160524","Ok","Ok","Ok","NEON.DOC.014050vH","A/RRczOckiFbJrdMEJZwjJHC/MRxlxtigTsfvXI6kYE=",
"3a2a45c9-9108-4e02-81cd-d7e8251f7a89","ONAQ_023.basePlot.bet","D15","ONAQ","ONAQ_023","W","distributed","evergreenForest",40.193889,-112.505432,"WGS84",20.1,1862.8,0.1,"2016-05-10","2016-05-24","ONAQ.2016.21",14,"Y","ONAQ_023.W.20160524","Ok","Ok","Ok","NEON.DOC.014050vH","A/RRczOckiFbJrdMEJZwjJHC/MRxlxtigTsfvXI6kYE=",
"1c3e8b98-d212-420b-8ecd-fe60e2631fb8","ONAQ_018.basePlot.bet","D15","ONAQ","ONAQ_018","E","distributed","shrubScrub",40.197201,-112.437822,"WGS84",20.1,1629.0,0.1,"2016-05-10","2016-05-24","ONAQ.2016.21",14,"Y","ONAQ_018.E.20160524","Ok","Ok","Ok","NEON.DOC.014050vH","A/RRczOckiFbJrdMEJZwjJHC/MRxlxtigTsfvXI6kYE=",
