uid,namedLocation,domainID,siteID,plotID,trapID,setDate,collectDate,processingDate,etOHChangeDate,identifiedDate,sampleID,subsampleID,sampleType,taxonID,scientificName,taxonRank,identificationQualifier,scientificNameAuthorship,morphospeciesID,individualCount,identificationReferences,identifiedBy,recordedBy,remarks
"23e11393-2644-44dc-8e3c-64b613b7feea","JERC_001.basePlot.bet","D03","JERC","JERC_001","E","2015-08-27","2015-09-10","2015-09-10","2015-09-29","2015-10-26","JERC_001.E.20150910","ArvEgVyhbJclGce9BJeiSLhRGb78U8Iz3hYO/VXuCeM=","carabid","SELELL","Selenophorus ellipticus","species",,"Dejean",,1,"Teaching collection","7ZsG8s1cQijU1p7CX6b9FNrZuRO+/rX6","SZd6jJU+PWukgvziuyetpzviWNuM2FzT",
"02e5a6c3-0be7-46ce-8dc3-cf51a5655f07","JERC_001.basePlot.bet","D03","JERC","JERC_001","E","2015-08-27","2015-09-10","2015-09-10","2015-09-29",,"JERC_001.E.20150910","ArvEgVyhbJclGce9BJeiSFg9frFt5H0/Q+4j0McwbCA=","invert bycatch",,,,,,,,,,"SZd6jJU+PWukgvziuyetpzviWNuM2FzT",
"c0f9e0e9-68b4-4fa9-b54e-94c8882cf460","JERC_007.basePlot.bet","D03","JERC","JERC_007","E","2015-08-27","2015-09-10","2015-09-10","2015-09-28",,"JERC_007.E.20150910","a/HTBHkllcPf4Sb5h9vAJAFbmTQC3PO3g9D3Q0G8aAc=","invert bycatch",,,,,,,,,,"PbNu4t/t/O1BAZriMiaA3VbsZD9KatgX",
"2436fd69-0ffa-47b6-bc84-663113cd81f4","JERC_010.basePlot.bet","D03","JERC","JERC_010","E","2015-08-27","2015-09-10","2015-09-10","2015-10-21",,"JERC_010.E.20150910","qRTVq00V1UlAJMKGTyUxAvSdMNEWs4hJGWld/0rt+SE=","invert bycatch",,,,,,,,,,"F0OBrKFXXmZ8aUzIQU1wSVTXyT0KDtd2",
"d47973b0-9453-4215-a3a3-513b0c67ea15","JERC_003.basePlot.bet","D03","JERC","JERC_003","E","2015-08-27","2015-09-10","2015-09-10","2015-09-17",,"JERC_003.E.20150910","9IO0159G1yjG5d6KA3En5AP1kgqRcFRGqr+Ton1p9ho=","invert bycatch",,,,,,,,,,"wotzsmcGfDFGz7NWBrAUn7dLZE1v2DNq",
"11557b17-ff1a-41ff-a8e5-400624a02da6","JERC_006.basePlot.bet","D03","JERC","JERC_006","E","2015-08-27","2015-09-10","2015-09-10","2015-09-29",,"JERC_006.E.20150910","zWSiOx/FgAW+lIgXcTXBhY4L4x6MMhssdca8iTeBcdY=","invert bycatch",,,,,,,,,,"SZd6jJU+PWukgvziuyetpzviWNuM2FzT",
"ce9f78f7-98f3-451f-b540-fd9a8048e6c4","JERC_030.basePlot.bet","D03","JERC","JERC_030","E","2015-08-27","2015-09-10","2015-09-10","2015-09-17",,"JERC_030.E.20150910","AuAZEkdfggIM8aarx7D71uJWlJuMQaizG8nYYAcwPBo=","invert bycatch",,,,,,,,,,"tuy26TKnYHd+FtkfhB+9QYm9M1+Ym6+P",
"b9bddd7c-090f-452e-b404-9131454455be","JERC_002.basePlot.bet","D03","JERC","JERC_002","E","2015-08-27","2015-09-10","2015-09-10","2015-09-17",,"JERC_002.E.20150910","CV0ws5Gtbhk3C+SN8PKRtiD7xDRZ1yXiYYkw6KeWgXo=","invert bycatch",,,,,,,,,,"tuy26TKnYHd+FtkfhB+9QYm9M1+Ym6+P",
"80b9ff86-b4c3-4540-aee2-60e0cafc4970","JERC_001.basePlot.bet","D03","JERC","JERC_001","E","2015-08-27","2015-09-10","2015-09-10","2015-09-29","2015-10-26","JERC_001.E.20150910","ArvEgVyhbJclGce9BJeiSKQ1mO+IlF4e5K9PMk0bsHo=","carabid","ANIHAP","Anisodactylus haplomus","species",,"Chaudoir",,1,"Teaching collection","JdN6ZmAx7oWFIyzymv+BnRh9VwthDgp6K22EnIME4dI=","SZd6jJU+PWukgvziuyetpzviWNuM2FzT",
"1c44aa1a-d5fd-4ed1-b5de-b68e8fc2fed3","JERC_008.basePlot.bet","D03","JERC","JERC_008","E","2015-08-27","2015-09-10","2015-09-10","2015-09-17",,"JERC_008.E.20150910","S3j2Rzo+HUkvHR+V6bBjSwaQjdA4fM5xNadhyyEgM04=","invert bycatch",,,,,,,,,,"tuy26TKnYHd+FtkfhB+9QYm9M1+Ym6+P",
"4548c940-0d54-4b07-8a48-23c0cdf328c3","JERC_005.basePlot.bet","D03","JERC","JERC_005","E","2015-08-27","2015-09-10","2015-09-10","2015-09-28",,"JERC_005.E.20150910","Va9a3mr00GudoPkQBeYkdXOHedDC+hGmqgD7MHnFyw8=","invert bycatch",,,,,,,,,,"PbNu4t/t/O1BAZriMiaA3VbsZD9KatgX",
"669c52ed-df7b-4841-ad65-3379e096fbee","JERC_008.basePlot.bet","D03","JERC","JERC_008","E","2015-08-27","2015-09-10","2015-09-10","2015-09-17","2015-11-06","JERC_008.E.20150910","S3j2Rzo+HUkvHR+V6bBjS9bBFzl+fWl4L7CEcPdWHj8=","vert bycatch herp","GASCAR","Gastrophryne carolinensis","species",,"Holbrook",,2,"Conant, R., and J. T. Collins. 1998. A Field Guide to Reptiles and Amphibians: Eastern and Central North America. 3rd Ed. Houghton Mifflin Company, New York, NY.","SZd6jJU+PWukgvziuyetpzviWNuM2FzT","tuy26TKnYHd+FtkfhB+9QYm9M1+Ym6+P","east and south traps pooled"
"7dfebbc8-d266-4207-920d-0a57356ebf46","JERC_009.basePlot.bet","D03","JERC","JERC_009","E","2015-08-27","2015-09-10","2015-09-10","2015-10-13",,"JERC_009.E.20150910","21ilO4RJ2p8k46J5BfLk8lAj6hWtE6I2aNElomXqJ4M=","invert bycatch",,,,,,,,,,"F0OBrKFXXmZ8aUzIQU1wSVTXyT0KDtd2",
"74ef0d92-0875-429c-9956-d934b25f21da","JERC_008.basePlot.bet","D03","JERC","JERC_008","N","2015-08-27","2015-09-10","2015-09-10","2015-09-17",,"JERC_008.N.20150910","S3j2Rzo+HUm4qiMG//HAliz++xPGr0cOY7xreVLQuAA=","invert bycatch",,,,,,,,,,"tuy26TKnYHd+FtkfhB+9QYm9M1+Ym6+P",
"7ce660c1-db7d-47b7-a152-96ad99f865b4","JERC_006.basePlot.bet","D03","JERC","JERC_006","N","2015-08-27","2015-09-10","2015-09-10","2015-09-29",,"JERC_006.N.20150910","zWSiOx/FgAVL9xJt6L6qZ3pDeuP4UFOU5/7QaXACmR8=","invert bycatch",,,,,,,,,,"SZd6jJU+PWukgvziuyetpzviWNuM2FzT",
"67356610-83d9-46df-afee-482b867db236","JERC_005.basePlot.bet","D03","JERC","JERC_005","N","2015-08-27","2015-09-10","2015-09-10","2015-09-28",,"JERC_005.N.20150910","Va9a3mr00GuK0vUFkbkpyW1MYuJEyNIWQVISCiGHWac=","invert bycatch",,,,,,,,,,"PbNu4t/t/O1BAZriMiaA3VbsZD9KatgX",
"ca055711-e1d4-4833-a3c9-bbb67beb4fa6","JERC_001.basePlot.bet","D03","JERC","JERC_001","N","2015-08-27","2015-09-10","2015-09-10","2015-09-29",,"JERC_001.N.20150910","ArvEgVyhbJdjFIFRDoBpvjL2s8QnIYR+43+6LUNNQrI=","invert bycatch",,,,,,,,,,"SZd6jJU+PWukgvziuyetpzviWNuM2FzT",
"7fa81038-51c4-4b22-8e79-36272358a95c","JERC_010.basePlot.bet","D03","JERC","JERC_010","N","2015-08-27","2015-09-10","2015-09-10","2015-10-21",,"JERC_010.N.20150910","qRTVq00V1UnS5M6xgnKncPNENnTVLuLK6Aze5qlcin8=","invert bycatch",,,,,,,,,,"F0OBrKFXXmZ8aUzIQU1wSVTXyT0KDtd2",
"811db616-89ab-48f5-8ef1-bd4c6417d247","JERC_001.basePlot.bet","D03","JERC","JERC_001","N","2015-08-27","2015-09-10","2015-09-10","2015-09-29","2015-09-29","JERC_001.N.20150910","ArvEgVyhbJdjFIFRDoBpvnvqZPOyZpwxP3FojKpSWrI=","carabid","PASSUB2","Pasimachus subsulcatus","species",,"Say",,2,"Teaching collection","SZd6jJU+PWukgvziuyetpzviWNuM2FzT","SZd6jJU+PWukgvziuyetpzviWNuM2FzT",
"9f5c3bea-7507-4f57-9336-64f17a823659","JERC_007.basePlot.bet","D03","JERC","JERC_007","N","2015-08-27","2015-09-10","2015-09-10","2015-09-28",,"JERC_007.N.20150910","a/HTBHkllcNat4Nm3Eg/3HQ5jWBWGnhqPoiaDGgGWns=","invert bycatch",,,,,,,,,,"PbNu4t/t/O1BAZriMiaA3VbsZD9KatgX",
"512c7a5b-f6ab-4ad0-97ee-f3f9761661f6","JERC_003.basePlot.bet","D03","JERC","JERC_003","N","2015-08-27","2015-09-10","2015-09-10","2015-09-17",,"JERC_003.N.20150910","9IO0159G1yhJSXKQdALFrVejPdAj1lC+gbh7OvPeAxI=","invert bycatch",,,,,,,,,,"wotzsmcGfDFGz7NWBrAUn7dLZE1v2DNq",
"f53398b5-f7dc-4391-baf2-cfcc27f129bc","JERC_002.basePlot.bet","D03","JERC","JERC_002","N","2015-08-27","2015-09-10","2015-09-10","2015-09-17",,"JERC_002.N.20150910","CV0ws5Gtbhm0QNZcWk0fWN6/oEybAUheoVdYg+bttPM=","invert bycatch",,,,,,,,,,"tuy26TKnYHd+FtkfhB+9QYm9M1+Ym6+P",
"08ef6317-dcf7-40f9-9ef1-1c0da54f8b33","JERC_030.basePlot.bet","D03","JERC","JERC_030","N","2015-08-27","2015-09-10","2015-09-10","2015-09-17",,"JERC_030.N.20150910","AuAZEkdfggL7JggkmwIjPHKc7MkEG/35bWzM1eUwrCg=","invert bycatch",,,,,,,,,,"tuy26TKnYHd+FtkfhB+9QYm9M1+Ym6+P",
"f14b52c5-17d3-4863-9d7e-e0887b5ef30c","JERC_009.basePlot.bet","D03","JERC","JERC_009","N","2015-08-27","2015-09-10","2015-09-10","2015-10-13",,"JERC_009.N.20150910","21ilO4RJ2p8rX0gZc073gAy1DTRiFBza6Bxkg3njnzY=","invert bycatch",,,,,,,,,,"F0OBrKFXXmZ8aUzIQU1wSVTXyT0KDtd2",
"0a1a5fe4-36fb-4b1d-8cee-9f7bc967dc4c","JERC_007.basePlot.bet","D03","JERC","JERC_007","S","2015-08-27","2015-09-10","2015-09-10","2015-09-28",,"JERC_007.S.20150910","a/HTBHkllcNjXMPdsfZ3H7Wd75xPiZiYoXnD4oHdOmQ=","invert bycatch",,,,,,,,,,"PbNu4t/t/O1BAZriMiaA3VbsZD9KatgX",
"31aaaadb-8824-4d15-ab0d-66ef3ed850d3","JERC_010.basePlot.bet","D03","JERC","JERC_010","S","2015-08-27","2015-09-10","2015-09-10","2015-10-21",,"JERC_010.S.20150910","qRTVq00V1UnEhMYuD1YPF5Xca0kjDdCTdCdy/ZhCf7g=","invert bycatch",,,,,,,,,,"F0OBrKFXXmZ8aUzIQU1wSVTXyT0KDtd2",
"faa3143d-11c4-4547-8375-70c62aee1cfe","JERC_003.basePlot.bet","D03","JERC","JERC_003","S","2015-08-27","2015-09-10","2015-09-10","2015-09-17",,"JERC_003.S.20150910","9IO0159G1yiRONniI3Zqatrt1zXL5fp0koo7jps+M3M=","invert bycatch",,,,,,,,,,"wotzsmcGfDFGz7NWBrAUn7dLZE1v2DNq",
"ac531522-bda1-4edf-985f-a91221e82ec8","JERC_006.basePlot.bet","D03","JERC","JERC_006","S","2015-08-27","2015-09-10","2015-09-10","2015-09-29",,"JERC_006.S.20150910","zWSiOx/FgAWegXr8RI0bX96vWmoKCYBzVNtoYn3xzqg=","invert bycatch",,,,,,,,,,"SZd6jJU+PWukgvziuyetpzviWNuM2FzT",
"69bae68f-2bd3-4dfa-af22-90c2907313fb","JERC_030.basePlot.bet","D03","JERC","JERC_030","S","2015-08-27","2015-09-10","2015-09-10","2015-09-17",,"JERC_030.S.20150910","AuAZEkdfggLCA6G7KksGALdRiQGtl9UAubH/wf1rOg8=","invert bycatch",,,,,,,,,,"tuy26TKnYHd+FtkfhB+9QYm9M1+Ym6+P",
"1e1de0a7-c207-489b-92d6-d993d10aa5e3","JERC_002.basePlot.bet","D03","JERC","JERC_002","S","2015-08-27","2015-09-10","2015-09-10","2015-09-17",,"JERC_002.S.20150910","CV0ws5Gtbhmhpg2d5MQcyLlB9JbcpDtD8d11aqn07W4=","invert bycatch",,,,,,,,,,"tuy26TKnYHd+FtkfhB+9QYm9M1+Ym6+P",
"42653166-e06c-44be-a004-cddd5f6b8ff8","JERC_001.basePlot.bet","D03","JERC","JERC_001","S","2015-08-27","2015-09-10","2015-09-10","2015-09-29",,"JERC_001.S.20150910","ArvEgVyhbJcqAVL2xX/XhcDPUOeD+ccJ2jmRnr3sFXU=","invert bycatch",,,,,,,,,,"SZd6jJU+PWukgvziuyetpzviWNuM2FzT",
"82a4ffd9-bb30-46f9-9737-2b6d6dfe2dae","JERC_009.basePlot.bet","D03","JERC","JERC_009","S","2015-08-27","2015-09-10","2015-09-10","2015-10-13",,"JERC_009.S.20150910","21ilO4RJ2p/At7QPyQQslKoB6jrQkjx7VqPQ4Bq0bcQ=","invert bycatch",,,,,,,,,,"F0OBrKFXXmZ8aUzIQU1wSVTXyT0KDtd2",
"56ff1911-6cdc-4991-abd9-3aba102667a8","JERC_008.basePlot.bet","D03","JERC","JERC_008","S","2015-08-27","2015-09-10","2015-09-10","2015-09-17",,"JERC_008.S.20150910","S3j2Rzo+HUk+/Pd7koutRvZKTPXSgdlFpxd7GqzG4eo=","invert bycatch",,,,,,,,,,"tuy26TKnYHd+FtkfhB+9QYm9M1+Ym6+P",
"84a51d40-c13f-4237-9ec8-ff963aade833","JERC_005.basePlot.bet","D03","JERC","JERC_005","S","2015-08-27","2015-09-10","2015-09-10","2015-09-28",,"JERC_005.S.20150910","Va9a3mr00Gtp+0VLuJ6hseTi9+Sd8Xrpm+BQcDmpjSU=","invert bycatch",,,,,,,,,,"PbNu4t/t/O1BAZriMiaA3VbsZD9KatgX",
"44446d70-0d5a-461a-8cb1-45d5697a39c7","JERC_003.basePlot.bet","D03","JERC","JERC_003","W","2015-08-27","2015-09-10","2015-09-10","2015-09-17",,"JERC_003.W.20150910","9IO0159G1yjQuBZLIFcKLHZUxsdxMze2/ENJusqdECI=","invert bycatch",,,,,,,,,,"wotzsmcGfDFGz7NWBrAUn7dLZE1v2DNq",
"c3a08f01-05dc-4ae7-aa65-244f0389d9fc","JERC_030.basePlot.bet","D03","JERC","JERC_030","W","2015-08-27","2015-09-10","2015-09-10","2015-09-17",,"JERC_030.W.20150910","AuAZEkdfggJMM7XIzsfntekyqf6j4QXZKiqm4m0+YiU=","invert bycatch",,,,,,,,,,"tuy26TKnYHd+FtkfhB+9QYm9M1+Ym6+P",
"fafcf1c6-a8ab-4ead-be8b-560f0b5a42be","JERC_010.basePlot.bet","D03","JERC","JERC_010","W","2015-08-27","2015-09-10","2015-09-10","2015-10-21",,"JERC_010.W.20150910","qRTVq00V1Unnvsp+PdFfqjWODbA0ZTUY6iTka2olmwg=","invert bycatch",,,,,,,,,,"F0OBrKFXXmZ8aUzIQU1wSVTXyT0KDtd2",
"6cf987fe-5225-4e51-9e6b-b6486ec0f8f0","JERC_008.basePlot.bet","D03","JERC","JERC_008","W","2015-08-27","2015-09-10","2015-09-10","2015-09-17",,"JERC_008.W.20150910","S3j2Rzo+HUmE19qpryw5jxEdbITPyRRiaBOYyfuaiqg=","invert bycatch",,,,,,,,,,"tuy26TKnYHd+FtkfhB+9QYm9M1+Ym6+P",
"0d842645-a6c8-462c-95f1-bdb3a5fe7816","JERC_005.basePlot.bet","D03","JERC","JERC_005","W","2015-08-27","2015-09-10","2015-09-10","2015-09-28",,"JERC_005.W.20150910","Va9a3mr00GtaBEtEeXeWdUwuzlE6zJAsYjblYRY33n4=","invert bycatch",,,,,,,,,,"PbNu4t/t/O1BAZriMiaA3VbsZD9KatgX",
"3a0c7028-d8eb-45de-9b8a-cec12e4d2d10","JERC_006.basePlot.bet","D03","JERC","JERC_006","W","2015-08-27","2015-09-10","2015-09-10","2015-09-29",,"JERC_006.W.20150910","zWSiOx/FgAUethwDNDBiHRwMay+1rIRowxJyfmCjGP0=","invert bycatch",,,,,,,,,,"SZd6jJU+PWukgvziuyetpzviWNuM2FzT",
"2c78b8f9-cc38-4396-b22b-01198aee80f8","JERC_002.basePlot.bet","D03","JERC","JERC_002","W","2015-08-27","2015-09-10","2015-09-10","2015-09-17",,"JERC_002.W.20150910","CV0ws5Gtbhmnmc7sX6YvZCnTSe94r423Iun24MhzkjU=","invert bycatch",,,,,,,,,,"tuy26TKnYHd+FtkfhB+9QYm9M1+Ym6+P",
"8c960112-0d86-44c7-9b85-19cc2b7545ca","JERC_007.basePlot.bet","D03","JERC","JERC_007","W","2015-08-27","2015-09-10","2015-09-10","2015-09-28",,"JERC_007.W.20150910","a/HTBHkllcOQVC1IljayT/J8gY4L4KTieRHvyR0otP8=","invert bycatch",,,,,,,,,,"PbNu4t/t/O1BAZriMiaA3VbsZD9KatgX",
"f93387d9-c800-4268-880f-4a0057f66a4a","JERC_030.basePlot.bet","D03","JERC","JERC_030","W","2015-08-27","2015-09-10","2015-09-10","2015-09-17","2015-11-06","JERC_030.W.20150910","AuAZEkdfggJMM7XIzsfntQ4jG0VrRSUSF4DKuNOnWuY=","vert bycatch herp","GASCAR","Gastrophryne carolinensis","species",,"Holbrook",,1,"Conant, R., and J. T. Collins. 1998. A Field Guide to Reptiles and Amphibians: Eastern and Central North America. 3rd Ed. Houghton Mifflin Company, New York, NY.","SZd6jJU+PWukgvziuyetpzviWNuM2FzT","tuy26TKnYHd+FtkfhB+9QYm9M1+Ym6+P",
"1b7fa8e3-666e-4a28-a873-86d319665036","JERC_001.basePlot.bet","D03","JERC","JERC_001","W","2015-08-27","2015-09-10","2015-09-10","2015-09-29",,"JERC_001.W.20150910","ArvEgVyhbJe/enzg66XkhHeWVfEAztG04/a3LXAw2SM=","invert bycatch",,,,,,,,,,"SZd6jJU+PWukgvziuyetpzviWNuM2FzT",
"75e41184-fa18-4e1e-8c0e-2fab2279b13d","JERC_009.basePlot.bet","D03","JERC","JERC_009","W","2015-08-27","2015-09-10","2015-09-10","2015-10-13",,"JERC_009.W.20150910","21ilO4RJ2p/pbypftbv5gtaRnfxlZQ2gxZ+t0LCbc6c=","invert bycatch",,,,,,,,,,"F0OBrKFXXmZ8aUzIQU1wSVTXyT0KDtd2",
"c482b5d5-edda-4d50-9a1f-4749c809db0e","JERC_008.basePlot.bet","D03","JERC","JERC_008","E","2015-09-10","2015-09-24","2015-09-24","2015-09-29","2015-09-29","JERC_008.E.20150924","S3j2Rzo+HUkvHR+V6bBjS8V+tFpea2Xi+X2jAu4o8sg=","carabid","HARPEN","Harpalus pensylvanicus","species","cf. species","DeGeer",,1,"Teaching collection","PbNu4t/t/O1BAZriMiaA3VbsZD9KatgX","PbNu4t/t/O1BAZriMiaA3VbsZD9KatgX",
"8e110196-17aa-42b9-a7e1-e92618cf2e69","JERC_009.basePlot.bet","D03","JERC","JERC_009","E","2015-09-10","2015-09-24","2015-09-24","2015-09-29",,"JERC_009.E.20150924","21ilO4RJ2p8k46J5BfLk8iMK11pmOk514BTjCDX1Cgw=","invert bycatch",,,,,,,,,,"PbNu4t/t/O1BAZriMiaA3VbsZD9KatgX",
"2f51cb49-d777-425b-ad8f-2c89731f8a62","JERC_006.basePlot.bet","D03","JERC","JERC_006","E","2015-09-10","2015-09-24","2015-09-24","2015-09-24",,"JERC_006.E.20150924","zWSiOx/FgAW+lIgXcTXBhTpnyFCfbzZTOS5kTm0HZUs=","invert bycatch",,,,,,,,,,"PbNu4t/t/O1BAZriMiaA3VbsZD9KatgX",
"e6fff905-a5eb-4923-b0ae-5b0bfa55b683","JERC_001.basePlot.bet","D03","JERC","JERC_001","E","2015-09-10","2015-09-24","2015-09-24","2015-09-29","2015-09-29","JERC_001.E.20150924","ArvEgVyhbJclGce9BJeiSJPkKkUrZkFyt+zWH4q7aVw=","carabid","ANIRUS","Anisodactylus rusticus","species",,"Say",,1,"Teaching collection","PbNu4t/t/O1BAZriMiaA3VbsZD9KatgX","PbNu4t/t/O1BAZriMiaA3VbsZD9KatgX",
"0b5e04bc-5b59-4814-b190-3893d5bfd185","JERC_002.basePlot.bet","D03","JERC","JERC_002","E","2015-09-10","2015-09-24","2015-09-24","2015-09-28",,"JERC_002.E.20150924","CV0ws5Gtbhk3C+SN8PKRtmC72MMMOuFADXrBmyD/ptI=","invert bycatch",,,,,,,,,,"SZd6jJU+PWukgvziuyetpzviWNuM2FzT",
"5373c444-1df6-475a-98f9-e6d58e6f686a","JERC_010.basePlot.bet","D03","JERC","JERC_010","E","2015-09-10","2015-09-24","2015-09-24","2015-09-29",,"JERC_010.E.20150924","qRTVq00V1UlAJMKGTyUxAmC3XOcjqRZghoKXJJXgShI=","invert bycatch",,,,,,,,,,"PbNu4t/t/O1BAZriMiaA3VbsZD9KatgX",
"60f586f8-1bd8-4c7e-870e-6f3ca2db22db","JERC_003.basePlot.bet","D03","JERC","JERC_003","E","2015-09-10","2015-09-24","2015-09-24","2015-09-29",,"JERC_003.E.20150924","9IO0159G1yjG5d6KA3En5LASwWPLKM77H0In+aUreBA=","invert bycatch",,,,,,,,,,"PbNu4t/t/O1BAZriMiaA3VbsZD9KatgX",
"06ace860-2e6a-4a73-a8df-7757ae35987c","JERC_007.basePlot.bet","D03","JERC","JERC_007","E","2015-09-10","2015-09-24","2015-09-24","2015-09-29",,"JERC_007.E.20150924","a/HTBHkllcPf4Sb5h9vAJArUsncFpsRVk8Jq6JN29rg=","invert bycatch",,,,,,,,,,"PbNu4t/t/O1BAZriMiaA3VbsZD9KatgX",
"96bd60ab-9c89-44fe-b0ce-a74b447d2656","JERC_005.basePlot.bet","D03","JERC","JERC_005","E","2015-09-10","2015-09-24","2015-09-24","2015-09-28",,"JERC_005.E.20150924","Va9a3mr00GudoPkQBeYkdd3SN42/cWD8sj2+hTfrv+0=","invert bycatch",,,,,,,,,,"SZd6jJU+PWukgvziuyetpzviWNuM2FzT",
"af096271-0f43-41e6-ae41-0fea50cd4d6d","JERC_001.basePlot.bet","D03","JERC","JERC_001","E","2015-09-10","2015-09-24","2015-09-24","2015-09-29",,"JERC_001.E.20150924","ArvEgVyhbJclGce9BJeiSInuwl4dNFxU+G0rhvdZrbs=","invert bycatch",,,,,,,,,,"PbNu4t/t/O1BAZriMiaA3VbsZD9KatgX",
"eb881763-cba2-435f-8448-8101165abf25","JERC_030.basePlot.bet","D03","JERC","JERC_030","E","2015-09-10","2015-09-24","2015-09-24","2015-09-28",,"JERC_030.E.20150924","AuAZEkdfggIM8aarx7D71ggLCPiHx08IDwKMIQJac2Y=","invert bycatch",,,,,,,,,,"SZd6jJU+PWukgvziuyetpzviWNuM2FzT",
"34780cff-f29f-46ce-9d1e-79eb9451c924","JERC_003.basePlot.bet","D03","JERC","JERC_003","N","2015-09-10","2015-09-24","2015-09-24","2015-09-29",,"JERC_003.N.20150924","9IO0159G1yhJSXKQdALFrRY1sqJ3SCziHY8ikmQ5TNY=","invert bycatch",,,,,,,,,,"PbNu4t/t/O1BAZriMiaA3VbsZD9KatgX",
"7fb6c5fc-c9b6-43b5-b77c-14824e1afe3d","JERC_007.basePlot.bet","D03","JERC","JERC_007","N","2015-09-10","2015-09-24","2015-09-24","2015-09-29","2015-11-06","JERC_007.N.20150924","a/HTBHkllcNat4Nm3Eg/3KO4njz6WX0KLiKhrdXLjJk=","vert bycatch mam","BLCA","Blarina carolinensis","species",,"Bachman",,1,"Kaufman, K., R. Bowers, and N. Bowers. 2007. Kaufman Field Guide to Mammals of North America. 12th Ed. Houghton Mifflin Company, New York, NY.","SZd6jJU+PWukgvziuyetpzviWNuM2FzT","PbNu4t/t/O1BAZriMiaA3VbsZD9KatgX",
"ea83ca34-6399-449e-b64b-b4e30efaf677","JERC_007.basePlot.bet","D03","JERC","JERC_007","N","2015-09-10","2015-09-24","2015-09-24","2015-09-29","2015-09-29","JERC_007.N.20150924","a/HTBHkllcNat4Nm3Eg/3EPBvjSDNc0fzEppXabxMOw=","carabid","CYCSP3","Cyclotrachelus sp.","genus","cf. species","Chaudoir",,1,"Teaching collection","PbNu4t/t/O1BAZriMiaA3VbsZD9KatgX","PbNu4t/t/O1BAZriMiaA3VbsZD9KatgX",
"45ddbd14-d9d7-4a85-9deb-4b287698eb8e","JERC_007.basePlot.bet","D03","JERC","JERC_007","N","2015-09-10","2015-09-24","2015-09-24","2015-09-29",,"JERC_007.N.20150924","a/HTBHkllcNat4Nm3Eg/3Kdu62n7AmweEA3gjbUbkso=","invert bycatch",,,,,,,,,,"PbNu4t/t/O1BAZriMiaA3VbsZD9KatgX",
"5fef2e31-c23b-4c57-a3f4-f5c760737903","JERC_001.basePlot.bet","D03","JERC","JERC_001","N","2015-09-10","2015-09-24","2015-09-24","2015-09-24","2015-09-24","JERC_001.N.20150924","ArvEgVyhbJdjFIFRDoBpvro31cCIMw3Q8s/7qLgamrc=","vert bycatch herp","GASCAR","Gastrophryne carolinensis","species",,"Holbrook",,1,"Conant, R., and J. T. Collins. 1998. A Field Guide to Reptiles and Amphibians: Eastern and Central North America. 3rd Ed. Houghton Mifflin Company, New York, NY.","SZd6jJU+PWukgvziuyetpzviWNuM2FzT","PbNu4t/t/O1BAZriMiaA3VbsZD9KatgX",
"40f17c00-8a0c-4a05-8881-85bdc41a9f06","JERC_001.basePlot.bet","D03","JERC","JERC_001","N","2015-09-10","2015-09-24","2015-09-24","2015-09-29","2015-09-29","JERC_001.N.20150924","ArvEgVyhbJdjFIFRDoBpvjs6HxzLgvYOa8KGx6YfkC0=","carabid","PASSUB2","Pasimachus subsulcatus","species",,"Say",,1,"Teaching collection","PbNu4t/t/O1BAZriMiaA3VbsZD9KatgX","PbNu4t/t/O1BAZriMiaA3VbsZD9KatgX",
"2b00b882-9e8a-4c00-92f1-3dabb175f6c4","JERC_010.basePlot.bet","D03","JERC","JERC_010","N","2015-09-10","2015-09-24","2015-09-24","2015-09-29",,"JERC_010.N.20150924","qRTVq00V1UnS5M6xgnKncD1sRCufMTNRFKD9i8KJ0uM=","invert bycatch",,,,,,,,,,"PbNu4t/t/O1BAZriMiaA3VbsZD9KatgX",
"f91c0a2f-311b-4e49-a6bd-df114c5fa80c","JERC_001.basePlot.bet","D03","JERC","JERC_001","N","2015-09-10","2015-09-24","2015-09-24","2015-09-29",,"JERC_001.N.20150924","ArvEgVyhbJdjFIFRDoBpvq2Z6AgrHLsZsyClui5nm+I=","invert bycatch",,,,,,,,,,"PbNu4t/t/O1BAZriMiaA3VbsZD9KatgX",
"d5bdc10e-6d2a-4d69-b3fb-e47883310502","JERC_005.basePlot.bet","D03","JERC","JERC_005","N","2015-09-10","2015-09-24","2015-09-24","2015-09-28",,"JERC_005.N.20150924","Va9a3mr00GuK0vUFkbkpyQxHeg0pJhkgv9FkXJRwui0=","invert bycatch",,,,,,,,,,"SZd6jJU+PWukgvziuyetpzviWNuM2FzT",
"d687665f-3ef2-407d-a160-1ed8d8faddaa","JERC_008.basePlot.bet","D03","JERC","JERC_008","N","2015-09-10","2015-09-24","2015-09-24","2015-09-29",,"JERC_008.N.20150924","S3j2Rzo+HUm4qiMG//HAlgOxpD6qj4C/VKKbkPSHiys=","invert bycatch",,,,,,,,,,"PbNu4t/t/O1BAZriMiaA3VbsZD9KatgX",
"99c34edc-c83f-48ac-beda-2f9d25843398","JERC_002.basePlot.bet","D03","JERC","JERC_002","N","2015-09-10","2015-09-24","2015-09-24","2015-09-28",,"JERC_002.N.20150924","CV0ws5Gtbhm0QNZcWk0fWD+stjYlBOZOdfSYJZN+NH8=","invert bycatch",,,,,,,,,,"SZd6jJU+PWukgvziuyetpzviWNuM2FzT",
"5d0f9503-e54b-43cb-a5ea-8f381affbc9c","JERC_006.basePlot.bet","D03","JERC","JERC_006","N","2015-09-10","2015-09-24","2015-09-24","2015-09-24",,"JERC_006.N.20150924","zWSiOx/FgAVL9xJt6L6qZ7giXGFYNQWhJkMmK7f/7TY=","invert bycatch",,,,,,,,,,"PbNu4t/t/O1BAZriMiaA3VbsZD9KatgX",
"5c106460-2d19-4b23-b83b-747b43ae06ad","JERC_030.basePlot.bet","D03","JERC","JERC_030","N","2015-09-10","2015-09-24","2015-09-24","2015-09-28",,"JERC_030.N.20150924","AuAZEkdfggL7JggkmwIjPF5KTMqdwySQBWpxdbVhgKA=","invert bycatch",,,,,,,,,,"SZd6jJU+PWukgvziuyetpzviWNuM2FzT",
"77628576-88cd-4d46-bbd3-2deedbdd5407","JERC_007.basePlot.bet","D03","JERC","JERC_007","S","2015-09-10","2015-09-24","2015-09-24","2015-09-29","2015-09-29","JERC_007.S.20150924","a/HTBHkllcNjXMPdsfZ3H/Sr/q/q26fMLybH5HWv4OM=","carabid","CYCSP3","Cyclotrachelus sp.","genus","cf. species","Chaudoir",,2,"Teaching collection","PbNu4t/t/O1BAZriMiaA3VbsZD9KatgX","PbNu4t/t/O1BAZriMiaA3VbsZD9KatgX",
"448e3837-abe2-4422-bc0a-1dd5a2d82526","JERC_001.basePlot.bet","D03","JERC","JERC_001","S","2015-09-10","2015-09-24","2015-09-24","2015-09-29",,"JERC_001.S.20150924","ArvEgVyhbJcqAVL2xX/XhUEA25fMy3ykhmikCrRD1Kw=","invert bycatch",,,,,,,,,,"PbNu4t/t/O1BAZriMiaA3VbsZD9KatgX",
"ed8c2209-8d16-47a9-b6c7-f734c0868699","JERC_030.basePlot.bet","D03","JERC","JERC_030","S","2015-09-10","2015-09-24","2015-09-24","2015-09-28",,"JERC_030.S.20150924","AuAZEkdfggLCA6G7KksGAD3598dfOWRnx63J7PTID9Q=","invert bycatch",,,,,,,,,,"SZd6jJU+PWukgvziuyetpzviWNuM2FzT",
"e23aa0e1-0124-4b74-b719-b8eee56a998e","JERC_010.basePlot.bet","D03","JERC","JERC_010","S","2015-09-10","2015-09-24","2015-09-24","2015-09-29",,"JERC_010.S.20150924","qRTVq00V1UnEhMYuD1YPF0u+eUkIFn/lM3d/tAMQB/0=","invert bycatch",,,,,,,,,,"PbNu4t/t/O1BAZriMiaA3VbsZD9KatgX",
"87a69f62-412d-4abb-a30a-c24f0d0a0764","JERC_003.basePlot.bet","D03","JERC","JERC_003","S","2015-09-10","2015-09-24","2015-09-24","2015-09-29",,"JERC_003.S.20150924","9IO0159G1yiRONniI3Zqal+cGkrXo7uGlSvVFW+rC/4=","invert bycatch",,,,,,,,,,"PbNu4t/t/O1BAZriMiaA3VbsZD9KatgX",
"6e66710a-e890-4461-9560-6eb49c2d389f","JERC_007.basePlot.bet","D03","JERC","JERC_007","S","2015-09-10","2015-09-24","2015-09-24","2015-09-29",,"JERC_007.S.20150924","a/HTBHkllcNjXMPdsfZ3HzBylEb0rqARfw+Z4ewzBDk=","invert bycatch",,,,,,,,,,"PbNu4t/t/O1BAZriMiaA3VbsZD9KatgX",
"a3ed8c0f-3351-45d0-9d76-fe158d296d39","JERC_009.basePlot.bet","D03","JERC","JERC_009","S","2015-09-10","2015-09-24","2015-09-24","2015-09-29",,"JERC_009.S.20150924","21ilO4RJ2p/At7QPyQQslLipJgYmZ5yUFsm7aV/K5tc=","invert bycatch",,,,,,,,,,"PbNu4t/t/O1BAZriMiaA3VbsZD9KatgX",
"70b54983-23a4-4db1-b6b2-30e8ea338529","JERC_005.basePlot.bet","D03","JERC","JERC_005","S","2015-09-10","2015-09-24","2015-09-24","2015-09-28",,"JERC_005.S.20150924","Va9a3mr00Gtp+0VLuJ6hsdW8djyV47WN/8Kf6iBktaM=","invert bycatch",,,,,,,,,,"SZd6jJU+PWukgvziuyetpzviWNuM2FzT",
"2936a867-5088-4e8e-8aca-5e6f73c7229b","JERC_008.basePlot.bet","D03","JERC","JERC_008","S","2015-09-10","2015-09-24","2015-09-24","2015-09-29",,"JERC_008.S.20150924","S3j2Rzo+HUk+/Pd7koutRmpnb8DrSO+bPOAZVGNeSn4=","invert bycatch",,,,,,,,,,"PbNu4t/t/O1BAZriMiaA3VbsZD9KatgX",
"639a5084-348c-49e2-92c5-7aed5db1f1ac","JERC_006.basePlot.bet","D03","JERC","JERC_006","S","2015-09-10","2015-09-24","2015-09-24","2015-09-24",,"JERC_006.S.20150924","zWSiOx/FgAWegXr8RI0bX6GTFVTJPHyvEX3ua8vPVe8=","invert bycatch",,,,,,,,,,"PbNu4t/t/O1BAZriMiaA3VbsZD9KatgX",
"8bd3bb78-c6af-461c-91bb-64bfb098f0b2","JERC_002.basePlot.bet","D03","JERC","JERC_002","S","2015-09-10","2015-09-24","2015-09-24","2015-09-28",,"JERC_002.S.20150924","CV0ws5Gtbhmhpg2d5MQcyNYSuaYyA7RpYrmHLyXp3Ow=","invert bycatch",,,,,,,,,,"SZd6jJU+PWukgvziuyetpzviWNuM2FzT",
"863415cb-1c68-4d2e-9c2d-a403afe76fb4","JERC_003.basePlot.bet","D03","JERC","JERC_003","W","2015-09-10","2015-09-24","2015-09-24","2015-09-29",,"JERC_003.W.20150924","9IO0159G1yjQuBZLIFcKLLeFE2pD/Yw1ityICXGu9ww=","invert bycatch",,,,,,,,,,"PbNu4t/t/O1BAZriMiaA3VbsZD9KatgX",
"5146f888-e7a9-446e-ba49-7727838430c2","JERC_007.basePlot.bet","D03","JERC","JERC_007","W","2015-09-10","2015-09-24","2015-09-24","2015-09-29",,"JERC_007.W.20150924","a/HTBHkllcOQVC1IljayT4h08sLfMZ8pv2M956UOy+g=","invert bycatch",,,,,,,,,,"PbNu4t/t/O1BAZriMiaA3VbsZD9KatgX",
"dc063f2f-2853-467d-9588-efa00c93a892","JERC_010.basePlot.bet","D03","JERC","JERC_010","W","2015-09-10","2015-09-24","2015-09-24","2015-09-29",,"JERC_010.W.20150924","qRTVq00V1Unnvsp+PdFfqkEa++8nXj6Sm9sGxcPNXBs=","invert bycatch",,,,,,,,,,"PbNu4t/t/O1BAZriMiaA3VbsZD9KatgX",
"3fe54b96-50b2-4e26-80a2-349b55752c24","JERC_001.basePlot.bet","D03","JERC","JERC_001","W","2015-09-10","2015-09-24","2015-09-24","2015-09-29",,"JERC_001.W.20150924","ArvEgVyhbJe/enzg66XkhDHe3WMS1Fje2CnS8gu+jW0=","invert bycatch",,,,,,,,,,"PbNu4t/t/O1BAZriMiaA3VbsZD9KatgX",
"483c5dcb-7975-4934-9e88-f79eeadaefa8","JERC_030.basePlot.bet","D03","JERC","JERC_030","W","2015-09-10","2015-09-24","2015-09-24","2015-09-28",,"JERC_030.W.20150924","AuAZEkdfggJMM7XIzsfntbol/mZfk0rAfjE4DFadPyE=","invert bycatch",,,,,,,,,,"SZd6jJU+PWukgvziuyetpzviWNuM2FzT",
"09461fab-6c80-4a06-8b31-6c788c2792a2","JERC_002.basePlot.bet","D03","JERC","JERC_002","W","2015-09-10","2015-09-24","2015-09-24","2015-09-28",,"JERC_002.W.20150924","CV0ws5Gtbhmnmc7sX6YvZGwFuEGMkZMc4EJz1hg7K04=","invert bycatch",,,,,,,,,,"SZd6jJU+PWukgvziuyetpzviWNuM2FzT",
"bf308375-fa4c-4a1e-993a-c85f448a3297","JERC_006.basePlot.bet","D03","JERC","JERC_006","W","2015-09-10","2015-09-24","2015-09-24","2015-09-24",,"JERC_006.W.20150924","zWSiOx/FgAUethwDNDBiHbp6iGWTBcgpw4UVYdio5Zk=","invert bycatch",,,,,,,,,,"PbNu4t/t/O1BAZriMiaA3VbsZD9KatgX",
"9bde4a0b-7e8d-4c88-8f98-188fec389bc6","JERC_008.basePlot.bet","D03","JERC","JERC_008","W","2015-09-10","2015-09-24","2015-09-24","2015-09-29",,"JERC_008.W.20150924","S3j2Rzo+HUmE19qpryw5jwCsTFza9uE9R9fJz7HjjDY=","invert bycatch",,,,,,,,,,"PbNu4t/t/O1BAZriMiaA3VbsZD9KatgX",
"dbf5ac9a-d58e-400a-ae9d-e95cb0233c80","JERC_005.basePlot.bet","D03","JERC","JERC_005","W","2015-09-10","2015-09-24","2015-09-24","2015-09-28",,"JERC_005.W.20150924","Va9a3mr00GtaBEtEeXeWdZ2U8S6hA9YPOaZ8lpCnntE=","invert bycatch",,,,,,,,,,"SZd6jJU+PWukgvziuyetpzviWNuM2FzT",
"75678421-2728-4e4d-9e1b-687880ff4ff2","JERC_009.basePlot.bet","D03","JERC","JERC_009","W","2015-09-10","2015-09-24","2015-09-24","2015-09-29",,"JERC_009.W.20150924","21ilO4RJ2p/pbypftbv5grKlF73zKnIR3Zpj+CY4aBE=","invert bycatch",,,,,,,,,,"PbNu4t/t/O1BAZriMiaA3VbsZD9KatgX",
"b31576a7-cd23-4791-b2b1-f60b6a5d83a1","JERC_008.basePlot.bet","D03","JERC","JERC_008","E","2015-09-10","2015-09-24","2015-09-24","2015-09-29",,"JERC_008.E.20150924","S3j2Rzo+HUkvHR+V6bBjSwCSu5+Jz4RLm6JaRNkGURM=","invert bycatch",,,,,,,,,,"PbNu4t/t/O1BAZriMiaA3VbsZD9KatgX",
