uid,namedLocation,domainID,siteID,plotID,trapID,plotType,nlcdClass,decimalLatitude,decimalLongitude,geodeticDatum,coordinateUncertainty,elevation,elevationUncertainty,setDate,collectDate,eventID,daysOfTrapping,sampleCollected,sampleID,cupStatus,lidStatus,fluidLevel,samplingProtocolVersion,recordedBy,remarks
"a9abb6b2-6c5d-441a-8130-ce052191d50e","CPER_007.basePlot.bet","D10","CPER","CPER_007","N","distributed","grasslandHerbaceous",40.861915,-104.683832,"WGS84",20.1,1646.7,0.1,"2014-07-31","2014-08-14","CPER.2014.33",14,"Y","CPER_007.N.20140814","Ok","Ok","Ok","NEON.DOC.014050vE","XXW8BqPXtz8Ncjf8bOi7gc6Hj7+NVXsl",
"46b01e89-e439-4b1b-b4ef-d4ec2c27728e","CPER_006.basePlot.bet","D10","CPER","CPER_006","N","distributed","grasslandHerbaceous",40.814769,-104.748078,"WGS84",20.1,1650.0,0.1,"2014-07-31","2014-08-14","CPER.2014.33",14,"Y","CPER_006.N.20140814","Ok","Ok","Ok","NEON.DOC.014050vE","XXW8BqPXtz8Ncjf8bOi7gc6Hj7+NVXsl",
"6c39dfe8-8056-430c-a92c-843aa76f9ae0","CPER_005.basePlot.bet","D10","CPER","CPER_005","N","distributed","grasslandHerbaceous",40.853093,-104.728006,"WGS84",20.1,1664.4,0.1,"2014-07-31","2014-08-14","CPER.2014.33",14,"Y","CPER_005.N.20140814","Ok","Ok","Ok","NEON.DOC.014050vE","XXW8BqPXtz8Ncjf8bOi7gc6Hj7+NVXsl",
"d472727b-8da7-4a8c-be7a-9c4b31201863","CPER_002.basePlot.bet","D10","CPER","CPER_002","N","distributed","grasslandHerbaceous",40.810934,-104.729248,"WGS84",20.1,1651.1,0.1,"2014-07-31","2014-08-14","CPER.2014.33",14,"Y","CPER_002.N.20140814","Ok","Ok","Ok","NEON.DOC.014050vE","XXW8BqPXtz8Ncjf8bOi7gc6Hj7+NVXsl",
"91f3f56c-d515-472d-82ad-c4b791f8f028","CPER_003.basePlot.bet","D10","CPER","CPER_003","N","distributed","grasslandHerbaceous",40.818451,-104.707164,"WGS84",20.1,1623.8,0.1,"2014-07-31","2014-08-14","CPER.2014.33",14,"Y","CPER_003.N.20140814","Ok","Ok","Ok","NEON.DOC.014050vE","XXW8BqPXtz8Ncjf8bOi7gc6Hj7+NVXsl",
"758110d8-9cbd-4a65-8818-20bc86e32cec","CPER_008.basePlot.bet","D10","CPER","CPER_008","N","distributed","grasslandHerbaceous",40.798822,-104.749212,"WGS84",20.1,1644.8,0.1,"2014-07-31","2014-08-14","CPER.2014.33",14,"Y","CPER_008.N.20140814","Ok","Ok","Low","NEON.DOC.014050vE","XXW8BqPXtz8Ncjf8bOi7gc6Hj7+NVXsl",
"8ddd9734-b390-48df-80bb-8ba8c6ff1545","CPER_004.basePlot.bet","D10","CPER","CPER_004","N","distributed","grasslandHerbaceous",40.812750,-104.696873,"WGS84",20.1,1622.7,0.1,"2014-07-31","2014-08-14","CPER.2014.33",14,"Y","CPER_004.N.20140814","Ok","Ok","Ok","NEON.DOC.014050vE","XXW8BqPXtz8Ncjf8bOi7gc6Hj7+NVXsl",
"d4ed53ea-3aa7-4800-82d1-2342c970fb6f","CPER_010.basePlot.bet","D10","CPER","CPER_010","N","distributed","grasslandHerbaceous",40.850010,-104.681398,"WGS84",20.1,1646.2,0.1,"2014-07-31","2014-08-14","CPER.2014.33",14,"Y","CPER_010.N.20140814","Ok","Ok","Ok","NEON.DOC.014050vE","XXW8BqPXtz8Ncjf8bOi7gc6Hj7+NVXsl",
"c1832edc-48ae-41bf-8a01-e92bff962d16","CPER_001.basePlot.bet","D10","CPER","CPER_001","N","distributed","grasslandHerbaceous",40.850866,-104.699535,"WGS84",20.1,1637.9,0.1,"2014-07-31","2014-08-14","CPER.2014.33",14,"Y","CPER_001.N.20140814","Ok","Ok","Ok","NEON.DOC.014050vE","XXW8BqPXtz8Ncjf8bOi7gc6Hj7+NVXsl",
"a1e9f14d-e564-493e-afb7-577da681ad99","CPER_009.basePlot.bet","D10","CPER","CPER_009","N","distributed","grasslandHerbaceous",40.826120,-104.745903,"WGS84",20.1,1656.6,0.1,"2014-07-31","2014-08-14","CPER.2014.33",14,"Y","CPER_009.N.20140814","Ok","Ok","Low","NEON.DOC.014050vE","XXW8BqPXtz8Ncjf8bOi7gc6Hj7+NVXsl",
"dd4295fe-d539-4479-b188-ef63530f4351","CPER_010.basePlot.bet","D10","CPER","CPER_010","S","distributed","grasslandHerbaceous",40.850010,-104.681398,"WGS84",20.1,1646.2,0.1,"2014-07-31","2014-08-14","CPER.2014.33",14,"Y","CPER_010.S.20140814","Ok","Ok","Ok","NEON.DOC.014050vE","XXW8BqPXtz8Ncjf8bOi7gc6Hj7+NVXsl",
"1438d9fd-0d8a-4336-9685-1e2486556a67","CPER_007.basePlot.bet","D10","CPER","CPER_007","S","distributed","grasslandHerbaceous",40.861915,-104.683832,"WGS84",20.1,1646.7,0.1,"2014-07-31","2014-08-14","CPER.2014.33",14,"Y","CPER_007.S.20140814","Ok","Ok","Ok","NEON.DOC.014050vE","XXW8BqPXtz8Ncjf8bOi7gc6Hj7+NVXsl",
"7a568ce3-0066-4398-949c-9e5ee0a45088","CPER_004.basePlot.bet","D10","CPER","CPER_004","S","distributed","grasslandHerbaceous",40.812750,-104.696873,"WGS84",20.1,1622.7,0.1,"2014-07-31","2014-08-14","CPER.2014.33",14,"Y","CPER_004.S.20140814","Ok","Ok","Low","NEON.DOC.014050vE","XXW8BqPXtz8Ncjf8bOi7gc6Hj7+NVXsl",
"e712ad9a-04d8-4152-ada9-81d72ac6d2e4","CPER_003.basePlot.bet","D10","CPER","CPER_003","S","distributed","grasslandHerbaceous",40.818451,-104.707164,"WGS84",20.1,1623.8,0.1,"2014-07-31","2014-08-14","CPER.2014.33",14,"Y","CPER_003.S.20140814","Ok","Ok","Ok","NEON.DOC.014050vE","XXW8BqPXtz8Ncjf8bOi7gc6Hj7+NVXsl",
"cda9c3a5-c9a7-4a63-a7ad-45c5db1fba31","CPER_006.basePlot.bet","D10","CPER","CPER_006","S","distributed","grasslandHerbaceous",40.814769,-104.748078,"WGS84",20.1,1650.0,0.1,"2014-07-31","2014-08-14","CPER.2014.33",14,"Y","CPER_006.S.20140814","Ok","Ok","Ok","NEON.DOC.014050vE","XXW8BqPXtz8Ncjf8bOi7gc6Hj7+NVXsl",
"6ff09de1-a833-44c8-a29c-b78dd6c966fa","CPER_002.basePlot.bet","D10","CPER","CPER_002","S","distributed","grasslandHerbaceous",40.810934,-104.729248,"WGS84",20.1,1651.1,0.1,"2014-07-31","2014-08-14","CPER.2014.33",14,"Y","CPER_002.S.20140814","Ok","Ok","Ok","NEON.DOC.014050vE","XXW8BqPXtz8Ncjf8bOi7gc6Hj7+NVXsl",
"bbe55eb0-b6e4-4f1e-947f-960c7afc0577","CPER_001.basePlot.bet","D10","CPER","CPER_001","S","distributed","grasslandHerbaceous",40.850866,-104.699535,"WGS84",20.1,1637.9,0.1,"2014-07-31","2014-08-14","CPER.2014.33",14,"Y","CPER_001.S.20140814","Ok","Ok","Ok","NEON.DOC.014050vE","XXW8BqPXtz8Ncjf8bOi7gc6Hj7+NVXsl",
"713db730-a37e-4b75-a7ab-a4ffd71cf9f9","CPER_008.basePlot.bet","D10","CPER","CPER_008","S","distributed","grasslandHerbaceous",40.798822,-104.749212,"WGS84",20.1,1644.8,0.1,"2014-07-31","2014-08-14","CPER.2014.33",14,"Y","CPER_008.S.20140814","Ok","Ok","Low","NEON.DOC.014050vE","XXW8BqPXtz8Ncjf8bOi7gc6Hj7+NVXsl",
"c639e675-d863-4108-a754-13c0d4e6f33d","CPER_005.basePlot.bet","D10","CPER","CPER_005","S","distributed","grasslandHerbaceous",40.853093,-104.728006,"WGS84",20.1,1664.4,0.1,"2014-07-31","2014-08-14","CPER.2014.33",14,"Y","CPER_005.S.20140814","Ok","Ok","Ok","NEON.DOC.014050vE","XXW8BqPXtz8Ncjf8bOi7gc6Hj7+NVXsl",
"65730017-ff74-4a8c-bc49-fda6e8660a4e","CPER_009.basePlot.bet","D10","CPER","CPER_009","S","distributed","grasslandHerbaceous",40.826120,-104.745903,"WGS84",20.1,1656.6,0.1,"2014-07-31","2014-08-14","CPER.2014.33",14,"Y","CPER_009.S.20140814","Ok","Ok","Ok","NEON.DOC.014050vE","XXW8BqPXtz8Ncjf8bOi7gc6Hj7+NVXsl",
"b5e01092-4087-4353-ad96-ad2747854e01","CPER_010.basePlot.bet","D10","CPER","CPER_010","W","distributed","grasslandHerbaceous",40.850010,-104.681398,"WGS84",20.1,1646.2,0.1,"2014-07-31","2014-08-14","CPER.2014.33",14,"Y","CPER_010.W.20140814","Ok","Ok","Ok","NEON.DOC.014050vE","XXW8BqPXtz8Ncjf8bOi7gc6Hj7+NVXsl",
"133111ee-1fd9-41fc-b8ae-f1826b9c9a41","CPER_006.basePlot.bet","D10","CPER","CPER_006","W","distributed","grasslandHerbaceous",40.814769,-104.748078,"WGS84",20.1,1650.0,0.1,"2014-07-31","2014-08-14","CPER.2014.33",14,"Y","CPER_006.W.20140814","Ok","Ok","Ok","NEON.DOC.014050vE","XXW8BqPXtz8Ncjf8bOi7gc6Hj7+NVXsl",
"b4a2cb2c-8256-4c4d-b22f-3cfec3bf9363","CPER_008.basePlot.bet","D10","CPER","CPER_008","W","distributed","grasslandHerbaceous",40.798822,-104.749212,"WGS84",20.1,1644.8,0.1,"2014-07-31","2014-08-14","CPER.2014.33",14,"Y","CPER_008.W.20140814","Ok","Ok","Ok","NEON.DOC.014050vE","XXW8BqPXtz8Ncjf8bOi7gc6Hj7+NVXsl",
"c50f5b2b-6082-406c-adc8-c61cb9ab6d95","CPER_007.basePlot.bet","D10","CPER","CPER_007","W","distributed","grasslandHerbaceous",40.861915,-104.683832,"WGS84",20.1,1646.7,0.1,"2014-07-31","2014-08-14","CPER.2014.33",14,"Y","CPER_007.W.20140814","Ok","Ok","Ok","NEON.DOC.014050vE","XXW8BqPXtz8Ncjf8bOi7gc6Hj7+NVXsl",
"e25edf59-6bd8-4b78-ba0d-aa909a8fd681","CPER_004.basePlot.bet","D10","CPER","CPER_004","W","distributed","grasslandHerbaceous",40.812750,-104.696873,"WGS84",20.1,1622.7,0.1,"2014-07-31","2014-08-14","CPER.2014.33",14,"Y","CPER_004.W.20140814","Ok","Ok","Low","NEON.DOC.014050vE","XXW8BqPXtz8Ncjf8bOi7gc6Hj7+NVXsl",
"d4a1f17d-adc0-4eec-9378-beb22d89e202","CPER_003.basePlot.bet","D10","CPER","CPER_003","W","distributed","grasslandHerbaceous",40.818451,-104.707164,"WGS84",20.1,1623.8,0.1,"2014-07-31","2014-08-14","CPER.2014.33",14,"Y","CPER_003.W.20140814","Ok","Ok","High","NEON.DOC.014050vE","XXW8BqPXtz8Ncjf8bOi7gc6Hj7+NVXsl",
"3534a7d0-8a32-4ba7-81ac-70dabf64bd61","CPER_001.basePlot.bet","D10","CPER","CPER_001","W","distributed","grasslandHerbaceous",40.850866,-104.699535,"WGS84",20.1,1637.9,0.1,"2014-07-31","2014-08-14","CPER.2014.33",14,"Y","CPER_001.W.20140814","Ok","Ok","Ok","NEON.DOC.014050vE","XXW8BqPXtz8Ncjf8bOi7gc6Hj7+NVXsl",
"ab91198f-f9a9-41ec-8816-e1c4be95e654","CPER_002.basePlot.bet","D10","CPER","CPER_002","W","distributed","grasslandHerbaceous",40.810934,-104.729248,"WGS84",20.1,1651.1,0.1,"2014-07-31","2014-08-14","CPER.2014.33",14,"Y","CPER_002.W.20140814","Ok","Ok","High","NEON.DOC.014050vE","XXW8BqPXtz8Ncjf8bOi7gc6Hj7+NVXsl",
"a5c48399-cf99-4892-be81-ddf533cf4968","CPER_005.basePlot.bet","D10","CPER","CPER_005","W","distributed","grasslandHerbaceous",40.853093,-104.728006,"WGS84",20.1,1664.4,0.1,"2014-07-31","2014-08-14","CPER.2014.33",14,"Y","CPER_005.W.20140814","Ok","Ok","Ok","NEON.DOC.014050vE","XXW8BqPXtz8Ncjf8bOi7gc6Hj7+NVXsl",
"0036f33a-d91f-419d-b95d-fc78fb4736c5","CPER_009.basePlot.bet","D10","CPER","CPER_009","W","distributed","grasslandHerbaceous",40.826120,-104.745903,"WGS84",20.1,1656.6,0.1,"2014-07-31","2014-08-14","CPER.2014.33",14,"Y","CPER_009.W.20140814","Ok","Ok","Ok","NEON.DOC.014050vE","XXW8BqPXtz8Ncjf8bOi7gc6Hj7+NVXsl",
"86084d84-3553-4d4a-999c-e627ec9adfc5","CPER_007.basePlot.bet","D10","CPER","CPER_007","E","distributed","grasslandHerbaceous",40.861915,-104.683832,"WGS84",20.1,1646.7,0.1,"2014-07-31","2014-08-14","CPER.2014.33",14,"Y","CPER_007.E.20140814","Ok","Ok","Ok","NEON.DOC.014050vE","XXW8BqPXtz8Ncjf8bOi7gc6Hj7+NVXsl",
"8da32ab2-d426-427b-9151-7a5fba1ba412","CPER_001.basePlot.bet","D10","CPER","CPER_001","E","distributed","grasslandHerbaceous",40.850866,-104.699535,"WGS84",20.1,1637.9,0.1,"2014-07-31","2014-08-14","CPER.2014.33",14,"Y","CPER_001.E.20140814","Ok","Ok","Ok","NEON.DOC.014050vE","XXW8BqPXtz8Ncjf8bOi7gc6Hj7+NVXsl",
"12a2a881-472b-42b9-944c-44ddd6a06d06","CPER_009.basePlot.bet","D10","CPER","CPER_009","E","distributed","grasslandHerbaceous",40.826120,-104.745903,"WGS84",20.1,1656.6,0.1,"2014-07-31","2014-08-14","CPER.2014.33",14,"Y","CPER_009.E.20140814","Ok","Ok","Ok","NEON.DOC.014050vE","XXW8BqPXtz8Ncjf8bOi7gc6Hj7+NVXsl",
"d6e9a82a-c76b-439b-b74e-50757342a780","CPER_008.basePlot.bet","D10","CPER","CPER_008","E","distributed","grasslandHerbaceous",40.798822,-104.749212,"WGS84",20.1,1644.8,0.1,"2014-07-31","2014-08-14","CPER.2014.33",14,"Y","CPER_008.E.20140814","Ok","Ok","Low","NEON.DOC.014050vE","XXW8BqPXtz8Ncjf8bOi7gc6Hj7+NVXsl",
"17fe07cf-a3cc-446b-989a-3e93b4ca0c20","CPER_004.basePlot.bet","D10","CPER","CPER_004","E","distributed","grasslandHerbaceous",40.812750,-104.696873,"WGS84",20.1,1622.7,0.1,"2014-07-31","2014-08-14","CPER.2014.33",14,"Y","CPER_004.E.20140814","Ok","Ok","Ok","NEON.DOC.014050vE","XXW8BqPXtz8Ncjf8bOi7gc6Hj7+NVXsl",
"a1eebb9e-4cbc-45b7-abe8-4449122f7697","CPER_006.basePlot.bet","D10","CPER","CPER_006","E","distributed","grasslandHerbaceous",40.814769,-104.748078,"WGS84",20.1,1650.0,0.1,"2014-07-31","2014-08-14","CPER.2014.33",14,"Y","CPER_006.E.20140814","Ok","Ok","Ok","NEON.DOC.014050vE","XXW8BqPXtz8Ncjf8bOi7gc6Hj7+NVXsl",
"a395d88a-9215-4158-9e94-46a1f0b081e4","CPER_010.basePlot.bet","D10","CPER","CPER_010","E","distributed","grasslandHerbaceous",40.850010,-104.681398,"WGS84",20.1,1646.2,0.1,"2014-07-31","2014-08-14","CPER.2014.33",14,"Y","CPER_010.E.20140814","Ok","Ok","Ok","NEON.DOC.014050vE","XXW8BqPXtz8Ncjf8bOi7gc6Hj7+NVXsl",
"57fe9d7c-6204-46d3-9138-80f37b100b82","CPER_003.basePlot.bet","D10","CPER","CPER_003","E","distributed","grasslandHerbaceous",40.818451,-104.707164,"WGS84",20.1,1623.8,0.1,"2014-07-31","2014-08-14","CPER.2014.33",14,"Y","CPER_003.E.20140814","Ok","Ok","Ok","NEON.DOC.014050vE","XXW8BqPXtz8Ncjf8bOi7gc6Hj7+NVXsl",
"96206e07-8df9-449d-872e-939c46f4bfe3","CPER_002.basePlot.bet","D10","CPER","CPER_002","E","distributed","grasslandHerbaceous",40.810934,-104.729248,"WGS84",20.1,1651.1,0.1,"2014-07-31","2014-08-14","CPER.2014.33",14,"Y","CPER_002.E.20140814","Ok","Ok","Ok","NEON.DOC.014050vE","XXW8BqPXtz8Ncjf8bOi7gc6Hj7+NVXsl",
"48c62ccc-2815-47f4-8800-5a2f24c2a48f","CPER_005.basePlot.bet","D10","CPER","CPER_005","E","distributed","grasslandHerbaceous",40.853093,-104.728006,"WGS84",20.1,1664.4,0.1,"2014-07-31","2014-08-14","CPER.2014.33",14,"Y","CPER_005.E.20140814","Ok","Ok","Ok","NEON.DOC.014050vE","XXW8BqPXtz8Ncjf8bOi7gc6Hj7+NVXsl",
"7c7276cb-cd54-440b-9479-f16459c92e86","CPER_005.basePlot.bet","D10","CPER","CPER_005","E","distributed","grasslandHerbaceous",40.853093,-104.728006,"WGS84",20.1,1664.4,0.1,"2014-08-14","2014-08-28","CPER.2014.35",14,"Y","CPER_005.E.20140828","Ok","Ok","Ok","NEON.DOC.014050vE","XXW8BqPXtz8Ncjf8bOi7gc6Hj7+NVXsl",
"8669a739-5859-4c5b-a0c6-33d15c81fa86","CPER_006.basePlot.bet","D10","CPER","CPER_006","W","distributed","grasslandHerbaceous",40.814769,-104.748078,"WGS84",20.1,1650.0,0.1,"2014-08-14","2014-08-28","CPER.2014.35",14,"Y","CPER_006.W.20140828","Ok","Ok","Ok","NEON.DOC.014050vE","XXW8BqPXtz8Ncjf8bOi7gc6Hj7+NVXsl",
"2478b378-0caf-474d-abe4-74d56c023259","CPER_001.basePlot.bet","D10","CPER","CPER_001","E","distributed","grasslandHerbaceous",40.850866,-104.699535,"WGS84",20.1,1637.9,0.1,"2014-08-14","2014-08-28","CPER.2014.35",14,"Y","CPER_001.E.20140828",,,,"NEON.DOC.014050vE","XXW8BqPXtz8Ncjf8bOi7gc6Hj7+NVXsl",
"29a3b36f-52ca-4258-a1c8-eae2bf7d55ae","CPER_003.basePlot.bet","D10","CPER","CPER_003","E","distributed","grasslandHerbaceous",40.818451,-104.707164,"WGS84",20.1,1623.8,0.1,"2014-08-14","2014-08-28","CPER.2014.35",14,"Y","CPER_003.E.20140828","Ok","Disturbed",,"NEON.DOC.014050vE","XXW8BqPXtz8Ncjf8bOi7gc6Hj7+NVXsl","Lid completely off and ~1m away from trap"
"07c4e617-a026-4eb1-8f20-110270342767","CPER_004.basePlot.bet","D10","CPER","CPER_004","E","distributed","grasslandHerbaceous",40.812750,-104.696873,"WGS84",20.1,1622.7,0.1,"2014-08-14","2014-08-28","CPER.2014.35",14,"Y","CPER_004.E.20140828","Ok","Ok","Ok","NEON.DOC.014050vE","XXW8BqPXtz8Ncjf8bOi7gc6Hj7+NVXsl",
"d2c5e37d-4513-4521-b656-c68a7b2d3f30","CPER_010.basePlot.bet","D10","CPER","CPER_010","E","distributed","grasslandHerbaceous",40.850010,-104.681398,"WGS84",20.1,1646.2,0.1,"2014-08-14","2014-08-28","CPER.2014.35",14,"Y","CPER_010.E.20140828","Ok","Ok","Ok","NEON.DOC.014050vE","XXW8BqPXtz8Ncjf8bOi7gc6Hj7+NVXsl",
"0a7f55c4-5866-4b6b-923e-0a6e00c8d3fd","CPER_006.basePlot.bet","D10","CPER","CPER_006","E","distributed","grasslandHerbaceous",40.814769,-104.748078,"WGS84",20.1,1650.0,0.1,"2014-08-14","2014-08-28","CPER.2014.35",14,"Y","CPER_006.E.20140828","Ok","Ok","Ok","NEON.DOC.014050vE","XXW8BqPXtz8Ncjf8bOi7gc6Hj7+NVXsl",
"9887188f-2c4b-4047-a51b-d3f52f218d90","CPER_008.basePlot.bet","D10","CPER","CPER_008","E","distributed","grasslandHerbaceous",40.798822,-104.749212,"WGS84",20.1,1644.8,0.1,"2014-08-14","2014-08-28","CPER.2014.35",14,"Y","CPER_008.E.20140828","Ok","Ok","Ok","NEON.DOC.014050vE","XXW8BqPXtz8Ncjf8bOi7gc6Hj7+NVXsl",
"55287548-dc0c-4ad5-be47-b3d7236f9c1b","CPER_007.basePlot.bet","D10","CPER","CPER_007","E","distributed","grasslandHerbaceous",40.861915,-104.683832,"WGS84",20.1,1646.7,0.1,"2014-08-14","2014-08-28","CPER.2014.35",14,"Y","CPER_007.E.20140828","Ok","Ok","Low","NEON.DOC.014050vE","XXW8BqPXtz8Ncjf8bOi7gc6Hj7+NVXsl",
"e1d775d1-f1b3-4481-8336-964fca56f91f","CPER_009.basePlot.bet","D10","CPER","CPER_009","E","distributed","grasslandHerbaceous",40.826120,-104.745903,"WGS84",20.1,1656.6,0.1,"2014-08-14","2014-08-28","CPER.2014.35",14,"Y","CPER_009.E.20140828","Ok","Ok","Ok","NEON.DOC.014050vE","XXW8BqPXtz8Ncjf8bOi7gc6Hj7+NVXsl",
"ee71eab2-9cc3-4023-b064-783981da6d48","CPER_001.basePlot.bet","D10","CPER","CPER_001","N","distributed","grasslandHerbaceous",40.850866,-104.699535,"WGS84",20.1,1637.9,0.1,"2014-08-14","2014-08-28","CPER.2014.35",14,"Y","CPER_001.N.20140828",,,,"NEON.DOC.014050vE","XXW8BqPXtz8Ncjf8bOi7gc6Hj7+NVXsl",
"1da7c627-b64d-44a0-bd32-7b084ecff484","CPER_002.basePlot.bet","D10","CPER","CPER_002","N","distributed","grasslandHerbaceous",40.810934,-104.729248,"WGS84",20.1,1651.1,0.1,"2014-08-14","2014-08-28","CPER.2014.35",14,"Y","CPER_002.N.20140828","Ok","Disturbed","Ok","NEON.DOC.014050vE","XXW8BqPXtz8Ncjf8bOi7gc6Hj7+NVXsl","One plastic spike missing on corner of lid"
"affd981d-f170-44f1-8808-0a89be61d0a9","CPER_003.basePlot.bet","D10","CPER","CPER_003","N","distributed","grasslandHerbaceous",40.818451,-104.707164,"WGS84",20.1,1623.8,0.1,"2014-08-14","2014-08-28","CPER.2014.35",14,"Y","CPER_003.N.20140828","Ok","Ok","Ok","NEON.DOC.014050vE","XXW8BqPXtz8Ncjf8bOi7gc6Hj7+NVXsl",
"1c7adde2-7b7c-4b01-b494-cbbb52a0f8d5","CPER_009.basePlot.bet","D10","CPER","CPER_009","N","distributed","grasslandHerbaceous",40.826120,-104.745903,"WGS84",20.1,1656.6,0.1,"2014-08-14","2014-08-28","CPER.2014.35",14,"Y","CPER_009.N.20140828","Ok","Ok","Ok","NEON.DOC.014050vE","XXW8BqPXtz8Ncjf8bOi7gc6Hj7+NVXsl",
"81c91fdc-2779-4f30-a2a3-079958f8992d","CPER_010.basePlot.bet","D10","CPER","CPER_010","N","distributed","grasslandHerbaceous",40.850010,-104.681398,"WGS84",20.1,1646.2,0.1,"2014-08-14","2014-08-28","CPER.2014.35",14,"Y","CPER_010.N.20140828","Ok","Ok","Ok","NEON.DOC.014050vE","XXW8BqPXtz8Ncjf8bOi7gc6Hj7+NVXsl",
"571a7b68-6735-499b-9fe5-3db1fae5b877","CPER_005.basePlot.bet","D10","CPER","CPER_005","N","distributed","grasslandHerbaceous",40.853093,-104.728006,"WGS84",20.1,1664.4,0.1,"2014-08-14","2014-08-28","CPER.2014.35",14,"Y","CPER_005.N.20140828","Ok","Ok","Low","NEON.DOC.014050vE","XXW8BqPXtz8Ncjf8bOi7gc6Hj7+NVXsl",
"b09988bd-9a0c-49e4-a79b-59c6061d73da","CPER_007.basePlot.bet","D10","CPER","CPER_007","N","distributed","grasslandHerbaceous",40.861915,-104.683832,"WGS84",20.1,1646.7,0.1,"2014-08-14","2014-08-28","CPER.2014.35",14,"Y","CPER_007.N.20140828","Ok","Ok","High","NEON.DOC.014050vE","XXW8BqPXtz8Ncjf8bOi7gc6Hj7+NVXsl",
"2fa7dc99-4276-4613-892e-ad79281c48a0","CPER_004.basePlot.bet","D10","CPER","CPER_004","N","distributed","grasslandHerbaceous",40.812750,-104.696873,"WGS84",20.1,1622.7,0.1,"2014-08-14","2014-08-28","CPER.2014.35",14,"Y","CPER_004.N.20140828","Ok","Ok","Low","NEON.DOC.014050vE","XXW8BqPXtz8Ncjf8bOi7gc6Hj7+NVXsl",
"9f76159b-0727-4a23-a272-6e6ab3c4d8de","CPER_006.basePlot.bet","D10","CPER","CPER_006","N","distributed","grasslandHerbaceous",40.814769,-104.748078,"WGS84",20.1,1650.0,0.1,"2014-08-14","2014-08-28","CPER.2014.35",14,"Y","CPER_006.N.20140828","Ok","Ok","Ok","NEON.DOC.014050vE","XXW8BqPXtz8Ncjf8bOi7gc6Hj7+NVXsl",
"0e31f617-7a2f-40dc-aa15-0f397a41fa94","CPER_008.basePlot.bet","D10","CPER","CPER_008","N","distributed","grasslandHerbaceous",40.798822,-104.749212,"WGS84",20.1,1644.8,0.1,"2014-08-14","2014-08-28","CPER.2014.35",14,"Y","CPER_008.N.20140828","Ok","Ok","High","NEON.DOC.014050vE","XXW8BqPXtz8Ncjf8bOi7gc6Hj7+NVXsl",
"7158e505-d623-428b-a5ae-a4d061db1037","CPER_010.basePlot.bet","D10","CPER","CPER_010","S","distributed","grasslandHerbaceous",40.850010,-104.681398,"WGS84",20.1,1646.2,0.1,"2014-08-14","2014-08-28","CPER.2014.35",14,"Y","CPER_010.S.20140828","Ok","Ok","Ok","NEON.DOC.014050vE","XXW8BqPXtz8Ncjf8bOi7gc6Hj7+NVXsl",
"d08d3554-eb1f-409a-b54f-a9217ea92eb1","CPER_005.basePlot.bet","D10","CPER","CPER_005","S","distributed","grasslandHerbaceous",40.853093,-104.728006,"WGS84",20.1,1664.4,0.1,"2014-08-14","2014-08-28","CPER.2014.35",14,"Y","CPER_005.S.20140828","Ok","Ok","Ok","NEON.DOC.014050vE","XXW8BqPXtz8Ncjf8bOi7gc6Hj7+NVXsl",
"2892ebc8-12a4-4917-93ea-a95bbf315700","CPER_003.basePlot.bet","D10","CPER","CPER_003","S","distributed","grasslandHerbaceous",40.818451,-104.707164,"WGS84",20.1,1623.8,0.1,"2014-08-14","2014-08-28","CPER.2014.35",14,"Y","CPER_003.S.20140828","Ok","Disturbed","Ok","NEON.DOC.014050vE","XXW8BqPXtz8Ncjf8bOi7gc6Hj7+NVXsl","Plastic spikes missing on three corners of lid, lid still in place"
"92e0fbbd-b0f6-40c2-aa95-e0ec52cbc3f8","CPER_004.basePlot.bet","D10","CPER","CPER_004","S","distributed","grasslandHerbaceous",40.812750,-104.696873,"WGS84",20.1,1622.7,0.1,"2014-08-14","2014-08-28","CPER.2014.35",14,"Y","CPER_004.S.20140828","Ok","Ok","Ok","NEON.DOC.014050vE","XXW8BqPXtz8Ncjf8bOi7gc6Hj7+NVXsl",
"2f326c06-7086-433f-ac6a-888e822f29c1","CPER_007.basePlot.bet","D10","CPER","CPER_007","S","distributed","grasslandHerbaceous",40.861915,-104.683832,"WGS84",20.1,1646.7,0.1,"2014-08-14","2014-08-28","CPER.2014.35",14,"Y","CPER_007.S.20140828","Ok","Ok","Ok","NEON.DOC.014050vE","XXW8BqPXtz8Ncjf8bOi7gc6Hj7+NVXsl",
"3bb47b09-b158-4bbd-96f8-14a87307fe28","CPER_009.basePlot.bet","D10","CPER","CPER_009","S","distributed","grasslandHerbaceous",40.826120,-104.745903,"WGS84",20.1,1656.6,0.1,"2014-08-14","2014-08-28","CPER.2014.35",14,"Y","CPER_009.S.20140828","Ok","Ok","Ok","NEON.DOC.014050vE","XXW8BqPXtz8Ncjf8bOi7gc6Hj7+NVXsl",
"74fd341f-6fe9-4292-b417-61cb9ea0f8cd","CPER_001.basePlot.bet","D10","CPER","CPER_001","S","distributed","grasslandHerbaceous",40.850866,-104.699535,"WGS84",20.1,1637.9,0.1,"2014-08-14","2014-08-28","CPER.2014.35",14,"Y","CPER_001.S.20140828","Ok","Ok","Ok","NEON.DOC.014050vE","XXW8BqPXtz8Ncjf8bOi7gc6Hj7+NVXsl",
"de02b0c7-2b54-477a-87b9-73d44dbcd491","CPER_008.basePlot.bet","D10","CPER","CPER_008","S","distributed","grasslandHerbaceous",40.798822,-104.749212,"WGS84",20.1,1644.8,0.1,"2014-08-14","2014-08-28","CPER.2014.35",14,"Y","CPER_008.S.20140828","Ok","Ok","Ok","NEON.DOC.014050vE","XXW8BqPXtz8Ncjf8bOi7gc6Hj7+NVXsl",
"f9febd21-ef61-4a6c-a2bc-49b181f60cf9","CPER_006.basePlot.bet","D10","CPER","CPER_006","S","distributed","grasslandHerbaceous",40.814769,-104.748078,"WGS84",20.1,1650.0,0.1,"2014-08-14","2014-08-28","CPER.2014.35",14,"Y","CPER_006.S.20140828","Ok","Ok","Ok","NEON.DOC.014050vE","XXW8BqPXtz8Ncjf8bOi7gc6Hj7+NVXsl",
"1d38247b-5adb-4d3f-b213-16e73e86499a","CPER_002.basePlot.bet","D10","CPER","CPER_002","S","distributed","grasslandHerbaceous",40.810934,-104.729248,"WGS84",20.1,1651.1,0.1,"2014-08-14","2014-08-28","CPER.2014.35",14,"Y","CPER_002.S.20140828","Ok","Ok","High","NEON.DOC.014050vE","XXW8BqPXtz8Ncjf8bOi7gc6Hj7+NVXsl",
"8997f38f-7d5e-4740-8792-77c52bc01c8e","CPER_007.basePlot.bet","D10","CPER","CPER_007","W","distributed","grasslandHerbaceous",40.861915,-104.683832,"WGS84",20.1,1646.7,0.1,"2014-08-14","2014-08-28","CPER.2014.35",14,"Y","CPER_007.W.20140828","Ok","Ok","Ok","NEON.DOC.014050vE","XXW8BqPXtz8Ncjf8bOi7gc6Hj7+NVXsl",
"3c4464ec-4baf-4bab-9446-3b46d18b2aff","CPER_008.basePlot.bet","D10","CPER","CPER_008","W","distributed","grasslandHerbaceous",40.798822,-104.749212,"WGS84",20.1,1644.8,0.1,"2014-08-14","2014-08-28","CPER.2014.35",14,"Y","CPER_008.W.20140828","Ok","Ok","Ok","NEON.DOC.014050vE","XXW8BqPXtz8Ncjf8bOi7gc6Hj7+NVXsl",
"5ad5feab-9c6b-441d-a32d-d971a37bae58","CPER_009.basePlot.bet","D10","CPER","CPER_009","W","distributed","grasslandHerbaceous",40.826120,-104.745903,"WGS84",20.1,1656.6,0.1,"2014-08-14","2014-08-28","CPER.2014.35",14,"Y","CPER_009.W.20140828","Ok","Ok","Ok","NEON.DOC.014050vE","XXW8BqPXtz8Ncjf8bOi7gc6Hj7+NVXsl",
"849e7048-fe25-49fd-ab59-ef62a2b8127b","CPER_002.basePlot.bet","D10","CPER","CPER_002","W","distributed","grasslandHerbaceous",40.810934,-104.729248,"WGS84",20.1,1651.1,0.1,"2014-08-14","2014-08-28","CPER.2014.35",14,"Y","CPER_002.W.20140828","Ok","Ok","Ok","NEON.DOC.014050vE","XXW8BqPXtz8Ncjf8bOi7gc6Hj7+NVXsl",
"44f75765-45af-4692-b9c8-e8ed1c98278a","CPER_004.basePlot.bet","D10","CPER","CPER_004","W","distributed","grasslandHerbaceous",40.812750,-104.696873,"WGS84",20.1,1622.7,0.1,"2014-08-14","2014-08-28","CPER.2014.35",14,"Y","CPER_004.W.20140828","Ok","Ok","Ok","NEON.DOC.014050vE","XXW8BqPXtz8Ncjf8bOi7gc6Hj7+NVXsl",
"7d36f11e-1802-41c7-9490-6beba128b065","CPER_010.basePlot.bet","D10","CPER","CPER_010","W","distributed","grasslandHerbaceous",40.850010,-104.681398,"WGS84",20.1,1646.2,0.1,"2014-08-14","2014-08-28","CPER.2014.35",14,"Y","CPER_010.W.20140828","Ok","Ok","Ok","NEON.DOC.014050vE","XXW8BqPXtz8Ncjf8bOi7gc6Hj7+NVXsl",
"5260dd24-b81f-4a8c-8d9d-ea03b0ac1c64","CPER_005.basePlot.bet","D10","CPER","CPER_005","W","distributed","grasslandHerbaceous",40.853093,-104.728006,"WGS84",20.1,1664.4,0.1,"2014-08-14","2014-08-28","CPER.2014.35",14,"Y","CPER_005.W.20140828","Ok","Ok","Ok","NEON.DOC.014050vE","XXW8BqPXtz8Ncjf8bOi7gc6Hj7+NVXsl",
"3d04f4f0-9056-4f69-894e-53aea0932e9b","CPER_001.basePlot.bet","D10","CPER","CPER_001","W","distributed","grasslandHerbaceous",40.850866,-104.699535,"WGS84",20.1,1637.9,0.1,"2014-08-14","2014-08-28","CPER.2014.35",14,"Y","CPER_001.W.20140828","Ok","Ok","Ok","NEON.DOC.014050vE","XXW8BqPXtz8Ncjf8bOi7gc6Hj7+NVXsl",
"f258dbd6-8a80-4f54-86c0-a93888a05c00","CPER_003.basePlot.bet","D10","CPER","CPER_003","W","distributed","grasslandHerbaceous",40.818451,-104.707164,"WGS84",20.1,1623.8,0.1,"2014-08-14","2014-08-28","CPER.2014.35",14,"Y","CPER_003.W.20140828","Ok","Ok","Ok","NEON.DOC.014050vE","XXW8BqPXtz8Ncjf8bOi7gc6Hj7+NVXsl",
"5ac76bca-b574-46c3-be32-cc215e0ab2e7","CPER_002.basePlot.bet","D10","CPER","CPER_002","E","distributed","grasslandHerbaceous",40.810934,-104.729248,"WGS84",20.1,1651.1,0.1,"2014-08-14","2014-08-28","CPER.2014.35",14,"Y","CPER_002.E.20140828","Ok","Ok","Ok","NEON.DOC.014050vE","XXW8BqPXtz8Ncjf8bOi7gc6Hj7+NVXsl",
