uid,namedLocation,domainID,siteID,plotID,trapID,setDate,collectDate,processingDate,identifiedDate,subsampleID,individualID,taxonID,scientificName,taxonRank,identificationQualifier,scientificNameAuthorship,morphospeciesID,identificationReferences,totalLength,identifiedBy,recordedBy,remarks
"33288460-5cc3-4626-908d-d0e8556a1981","CPER_003.basePlot.bet","D10","CPER","CPER_003","E","2014-07-31","2014-08-14","2015-01-22","2015-01-27","omCPNZnkoGTaKCLsNHgAu81oBuA8gnAKMMNtR79DwzM=","NEON.BET.D10.001435","CICPUN","Cicindela punctulata","species",,"Olivier",,"Other",,"XXW8BqPXtz8Ncjf8bOi7gc6Hj7+NVXsl","XXW8BqPXtz8Ncjf8bOi7gc6Hj7+NVXsl",
"2e2bd8f6-dc55-481c-a28a-e2665a54dfc8","CPER_003.basePlot.bet","D10","CPER","CPER_003","E","2014-07-31","2014-08-14","2015-01-22","2015-01-27","omCPNZnkoGTaKCLsNHgAu4A4X4YBaab2ksvelqSaFqQ=","NEON.BET.D10.001436","CARSP14","Carabidae sp.","family",,"Latreille","D10.2014.MorphB","Other",,"XXW8BqPXtz8Ncjf8bOi7gc6Hj7+NVXsl","XXW8BqPXtz8Ncjf8bOi7gc6Hj7+NVXsl","~5 mm in length. Amara sp? 2 orbital setae, pronotum with somewhat parallel sides, brassy iridescence overall. Amara cupreolata or A. convexa?"
"61060db3-435c-4977-a3ef-702b64e8a52c","CPER_006.basePlot.bet","D10","CPER","CPER_006","E","2014-07-31","2014-08-14","2015-01-22","2015-01-26","NHMCrMp+/ZXgClmQYSH5qcfbJnwZpZk4av1re86M5K8=","NEON.BET.D10.001487","CICPUN","Cicindela punctulata","species",,"Olivier",,"Other",,"P+EeY8owwbjzXaiaPoIJpc6mcpR6iWBh","P+EeY8owwbjzXaiaPoIJpc6mcpR6iWBh",
"1fd39e59-f7fc-4c9b-a28d-663a53616bbf","CPER_009.basePlot.bet","D10","CPER","CPER_009","E","2014-07-31","2014-08-14","2015-01-23","2015-01-23","KY+Aed9dLRv1CQurw/uxZHi++Y88JWefxiGpm2KW4nA=","NEON.BET.D10.001409","PASELO","Pasimachus elongatus","species",,"LeConte",,"Other",,"XXW8BqPXtz8Ncjf8bOi7gc6Hj7+NVXsl","XXW8BqPXtz8Ncjf8bOi7gc6Hj7+NVXsl",
"788c049c-ed57-4a13-afad-1d78d0e6d4d9","CPER_002.basePlot.bet","D10","CPER","CPER_002","E","2014-07-31","2014-08-14","2015-01-22","2015-01-26","OMNGlFKVPvT/Qv6kdTf/EZ3g5K57G9b+eKUeZETJmQA=","NEON.BET.D10.001431","SELSP2","Selenophorus sp.","genus",,"Dejean",,"Other",,"XXW8BqPXtz8Ncjf8bOi7gc6Hj7+NVXsl","XXW8BqPXtz8Ncjf8bOi7gc6Hj7+NVXsl",
"494d20cf-6b90-4352-a9cf-7e009e49f524","CPER_005.basePlot.bet","D10","CPER","CPER_005","E","2014-07-31","2014-08-14","2015-01-23","2015-01-26","e1AKewEwvnEdOmnM/0EiBAEXsM0UXa/v8puG0Mc8bFQ=","NEON.BET.D10.001424","CARSP14","Carabidae sp.","family",,"Latreille","D10.2014.MorphB","Other",,"XXW8BqPXtz8Ncjf8bOi7gc6Hj7+NVXsl","XXW8BqPXtz8Ncjf8bOi7gc6Hj7+NVXsl","~5 mm in length. Amara sp? 2 orbital setae, pronotum with somewhat parallel sides, brassy iridescence overall. Amara cupreolata or A. convexa?"
"4dfc7cd3-abcf-48a3-813d-814e999786b9","CPER_003.basePlot.bet","D10","CPER","CPER_003","E","2014-07-31","2014-08-14","2015-01-22","2015-01-27","omCPNZnkoGTaKCLsNHgAu81oBuA8gnAKMMNtR79DwzM=","NEON.BET.D10.001434","CICPUN","Cicindela punctulata","species",,"Olivier",,"Other",,"XXW8BqPXtz8Ncjf8bOi7gc6Hj7+NVXsl","XXW8BqPXtz8Ncjf8bOi7gc6Hj7+NVXsl",
"69c07419-b7c9-4cd2-b11e-9a448b26ffdd","CPER_003.basePlot.bet","D10","CPER","CPER_003","E","2014-07-31","2014-08-14","2015-01-22","2015-01-27","omCPNZnkoGTaKCLsNHgAu4A4X4YBaab2ksvelqSaFqQ=","NEON.BET.D10.001437","CARSP14","Carabidae sp.","family",,"Latreille","D10.2014.MorphAB","Other",,"XXW8BqPXtz8Ncjf8bOi7gc6Hj7+NVXsl","XXW8BqPXtz8Ncjf8bOi7gc6Hj7+NVXsl","similar to, or is, either Harpalus fuscipalpus or Harpalus carbonatus. ~10 mm long. Basal fovea more convex. Sparsely punctate. Posterior pronotal corners rounded but defined with small overlap onto elytra."
"7d62f47c-273b-4ac4-9c24-acac697368ae","CPER_007.basePlot.bet","D10","CPER","CPER_007","E","2014-07-31","2014-08-14","2015-01-22","2015-01-22","SOIi55Lib0JQ2YET7dhBOUWudmkkw7IXQp/keeH8RBk=","NEON.BET.D10.001405","CICPUN","Cicindela punctulata","species",,"Olivier",,"Other",,"XXW8BqPXtz8Ncjf8bOi7gc6Hj7+NVXsl","XXW8BqPXtz8Ncjf8bOi7gc6Hj7+NVXsl",
"683843d2-64f5-4559-94b0-e1b1670b2a90","CPER_010.basePlot.bet","D10","CPER","CPER_010","N","2014-07-31","2014-08-14","2015-01-23","2015-04-22","DW9ihRbrMtmvPobIO2M1gX/6ailDXfhWnU89MLdDJn0=","NEON.BET.D10.001404","HARNIG","Harpalus nigritarsis","species",,"Sahlberg",,"Other",,"XXW8BqPXtz8Ncjf8bOi7gc6Hj7+NVXsl","XXW8BqPXtz8Ncjf8bOi7gc6Hj7+NVXsl",
"e4506aed-923f-400c-b9ab-80930869bbb0","CPER_009.basePlot.bet","D10","CPER","CPER_009","N","2014-07-31","2014-08-14","2015-01-23","2015-01-23","KY+Aed9dLRtCtcuOrBDKdGR2bAMPuBGwxp7Q4G5kXTU=","NEON.BET.D10.001410","CICPUN","Cicindela punctulata","species",,"Olivier",,"Other",,"XXW8BqPXtz8Ncjf8bOi7gc6Hj7+NVXsl","XXW8BqPXtz8Ncjf8bOi7gc6Hj7+NVXsl",
"3721808c-3c17-400e-8a84-f9b0d277099c","CPER_002.basePlot.bet","D10","CPER","CPER_002","N","2014-07-31","2014-08-14","2015-01-22","2015-01-26","OMNGlFKVPvR1+h5T+crsoKEtrHc36we3rm2RShUJ1mg=","NEON.BET.D10.001430","DISPAR1","Discoderus parallelus","species",,"Haldeman",,"Other",,"XXW8BqPXtz8Ncjf8bOi7gc6Hj7+NVXsl","XXW8BqPXtz8Ncjf8bOi7gc6Hj7+NVXsl",
"556a3489-cf56-48cf-8eef-0f49189f8dd3","CPER_002.basePlot.bet","D10","CPER","CPER_002","N","2014-07-31","2014-08-14","2015-01-22","2015-01-26","OMNGlFKVPvR1+h5T+crsoKEtrHc36we3rm2RShUJ1mg=","NEON.BET.D10.001429","DISPAR1","Discoderus parallelus","species",,"Haldeman",,"Other",,"XXW8BqPXtz8Ncjf8bOi7gc6Hj7+NVXsl","XXW8BqPXtz8Ncjf8bOi7gc6Hj7+NVXsl",
"f462f91f-6bef-44cc-83a7-1e67ce10802c","CPER_006.basePlot.bet","D10","CPER","CPER_006","N","2014-07-31","2014-08-14","2015-01-22","2015-01-26","NHMCrMp+/ZWP5DIVL5LEXuHBV/YWzOPpzq31Sufs8Ys=","NEON.BET.D10.001488","CARSP14","Carabidae sp.","family",,"Latreille","D10.2014.MorphB","Other",,"P+EeY8owwbjzXaiaPoIJpc6mcpR6iWBh","P+EeY8owwbjzXaiaPoIJpc6mcpR6iWBh","~5 mm in length. Amara sp? 2 orbital setae, pronotum with somewhat parallel sides, brassy iridescence overall. Amara cupreolata or A. convexa?"
"f8698e01-588e-4f68-b149-5936cc5fce32","CPER_006.basePlot.bet","D10","CPER","CPER_006","N","2014-07-31","2014-08-14","2015-01-22","2015-01-26","NHMCrMp+/ZWP5DIVL5LEXuHBV/YWzOPpzq31Sufs8Ys=","NEON.BET.D10.001490","CARSP14","Carabidae sp.","family",,"Latreille","D10.2014.MorphAB","Other",,"P+EeY8owwbjzXaiaPoIJpc6mcpR6iWBh","P+EeY8owwbjzXaiaPoIJpc6mcpR6iWBh","similar to, or is, either Harpalus fuscipalpus or Harpalus carbonatus. ~10 mm long. Basal fovea more convex. Sparsely punctate. Posterior pronotal corners rounded but defined with small overlap onto elytra."
"7af36e6e-6a3b-40ac-913f-8ac114a26102","CPER_007.basePlot.bet","D10","CPER","CPER_007","N","2014-07-31","2014-08-14","2015-01-23","2015-01-23","SOIi55Lib0Lgf8+qL4KYgTby3G1i8MPKKi8pAPKQ8bQ=","NEON.BET.D10.001407","CRADUB","Cratacanthus dubius","species",,"Palisot de Beauvois",,"Other",,"XXW8BqPXtz8Ncjf8bOi7gc6Hj7+NVXsl","XXW8BqPXtz8Ncjf8bOi7gc6Hj7+NVXsl",
"0ceb3480-b4a5-4bf4-8bf1-ab9ee8a3f01f","CPER_006.basePlot.bet","D10","CPER","CPER_006","N","2014-07-31","2014-08-14","2015-01-22","2015-01-26","NHMCrMp+/ZWP5DIVL5LEXuHBV/YWzOPpzq31Sufs8Ys=","NEON.BET.D10.001489","CARSP14","Carabidae sp.","family",,"Latreille","D10.2014.MorphB","Other",,"P+EeY8owwbjzXaiaPoIJpc6mcpR6iWBh","P+EeY8owwbjzXaiaPoIJpc6mcpR6iWBh","~5 mm in length. Amara sp? 2 orbital setae, pronotum with somewhat parallel sides, brassy iridescence overall. Amara cupreolata or A. convexa?"
"80ba85a4-6d79-44d6-b1e3-dd1f2219ff7e","CPER_003.basePlot.bet","D10","CPER","CPER_003","N","2014-07-31","2014-08-14","2015-01-22","2015-01-27","omCPNZnkoGTjQ8CJytgwHNbssKvi0GN8c7ELPFPkg6g=","NEON.BET.D10.001439","CRADUB","Cratacanthus dubius","species",,"Palisot de Beauvois",,"Other",,"XXW8BqPXtz8Ncjf8bOi7gc6Hj7+NVXsl","XXW8BqPXtz8Ncjf8bOi7gc6Hj7+NVXsl",
"2dc19e5a-ecfc-404c-ae37-f096910b3fa5","CPER_003.basePlot.bet","D10","CPER","CPER_003","N","2014-07-31","2014-08-14","2015-01-22","2015-01-26","omCPNZnkoGTjQ8CJytgwHMi5OlS/y1O1KTlXHMHjwrQ=","NEON.BET.D10.001507","DISPAR1","Discoderus parallelus","species",,"Haldeman",,"Other",,"P+EeY8owwbjzXaiaPoIJpc6mcpR6iWBh","P+EeY8owwbjzXaiaPoIJpc6mcpR6iWBh",
"78f0dac6-c25f-4557-a5df-89eae0f37530","CPER_003.basePlot.bet","D10","CPER","CPER_003","N","2014-07-31","2014-08-14","2015-01-22","2015-01-26","omCPNZnkoGTjQ8CJytgwHMi5OlS/y1O1KTlXHMHjwrQ=","NEON.BET.D10.001505","CARSP14","Carabidae sp.","family",,"Latreille","D10.2014.MorphAB","Other",,"P+EeY8owwbjzXaiaPoIJpc6mcpR6iWBh","P+EeY8owwbjzXaiaPoIJpc6mcpR6iWBh","similar to, or is, either Harpalus fuscipalpus or Harpalus carbonatus. ~10 mm long. Basal fovea more convex. Sparsely punctate. Posterior pronotal corners rounded but defined with small overlap onto elytra."
"439d5ad7-be2e-4c95-8110-fe765cba6dec","CPER_003.basePlot.bet","D10","CPER","CPER_003","N","2014-07-31","2014-08-14","2015-01-22","2015-01-27","omCPNZnkoGTjQ8CJytgwHAE6PGo4S5auD15P9csFSqQ=","NEON.BET.D10.001438","CICPUN","Cicindela punctulata","species",,"Olivier",,"Other",,"XXW8BqPXtz8Ncjf8bOi7gc6Hj7+NVXsl","XXW8BqPXtz8Ncjf8bOi7gc6Hj7+NVXsl",
"9df17ce3-0b47-49fc-91b3-44056ff2349e","CPER_003.basePlot.bet","D10","CPER","CPER_003","N","2014-07-31","2014-08-14","2015-01-22","2015-01-27","omCPNZnkoGTjQ8CJytgwHNbssKvi0GN8c7ELPFPkg6g=","NEON.BET.D10.001440","CRADUB","Cratacanthus dubius","species",,"Palisot de Beauvois",,"Other",,"XXW8BqPXtz8Ncjf8bOi7gc6Hj7+NVXsl","XXW8BqPXtz8Ncjf8bOi7gc6Hj7+NVXsl",
"52640b07-e1d3-4219-9f7d-425f6005c593","CPER_005.basePlot.bet","D10","CPER","CPER_005","N","2014-07-31","2014-08-14","2015-01-23","2015-01-26","e1AKewEwvnF4Ya5Ai7V+yvAIrH3/uiCPALh1eTeisvk=","NEON.BET.D10.001423","SELSP2","Selenophorus sp.","genus",,"Dejean",,"Other",,"XXW8BqPXtz8Ncjf8bOi7gc6Hj7+NVXsl","XXW8BqPXtz8Ncjf8bOi7gc6Hj7+NVXsl",
"c9647b0b-14c5-4403-b56a-eefe6a696fdd","CPER_003.basePlot.bet","D10","CPER","CPER_003","N","2014-07-31","2014-08-14","2015-01-22","2015-01-26","omCPNZnkoGTjQ8CJytgwHMi5OlS/y1O1KTlXHMHjwrQ=","NEON.BET.D10.001503","CARSP14","Carabidae sp.","family",,"Latreille","D10.2014.MorphAB","Other",,"P+EeY8owwbjzXaiaPoIJpc6mcpR6iWBh","P+EeY8owwbjzXaiaPoIJpc6mcpR6iWBh","similar to, or is, either Harpalus fuscipalpus or Harpalus carbonatus. ~10 mm long. Basal fovea more convex. Sparsely punctate. Posterior pronotal corners rounded but defined with small overlap onto elytra."
"f7a21553-1f3c-4c92-880b-7aad3fe47fd8","CPER_003.basePlot.bet","D10","CPER","CPER_003","N","2014-07-31","2014-08-14","2015-01-22","2015-01-26","omCPNZnkoGTjQ8CJytgwHMi5OlS/y1O1KTlXHMHjwrQ=","NEON.BET.D10.001506","BEMRAP","Bembidion rapidum","species",,"LeConte",,"Other",,"P+EeY8owwbjzXaiaPoIJpc6mcpR6iWBh","P+EeY8owwbjzXaiaPoIJpc6mcpR6iWBh",
"ca11aedd-e0e1-40c0-8a8a-12f222ac6206","CPER_003.basePlot.bet","D10","CPER","CPER_003","N","2014-07-31","2014-08-14","2015-01-22","2015-01-26","omCPNZnkoGTjQ8CJytgwHMi5OlS/y1O1KTlXHMHjwrQ=","NEON.BET.D10.001502","CARSP14","Carabidae sp.","family",,"Latreille","D10.2014.MorphAB","Other",,"P+EeY8owwbjzXaiaPoIJpc6mcpR6iWBh","P+EeY8owwbjzXaiaPoIJpc6mcpR6iWBh","similar to, or is, either Harpalus fuscipalpus or Harpalus carbonatus. ~10 mm long. Basal fovea more convex. Sparsely punctate. Posterior pronotal corners rounded but defined with small overlap onto elytra."
"4eff9267-c7fc-4079-bf54-3b8245ec6687","CPER_005.basePlot.bet","D10","CPER","CPER_005","S","2014-07-31","2014-08-14","2015-01-23","2015-01-26","e1AKewEwvnFmp1+7PS16/T41ASFIBdtobN/I0v6IG4I=","NEON.BET.D10.001422","HARDES","Harpalus desertus","species",,"LeConte",,"Other",,"XXW8BqPXtz8Ncjf8bOi7gc6Hj7+NVXsl","XXW8BqPXtz8Ncjf8bOi7gc6Hj7+NVXsl",
"e5e70116-b9e4-430a-a43d-d6d12eaf6332","CPER_005.basePlot.bet","D10","CPER","CPER_005","S","2014-07-31","2014-08-14","2015-01-23","2015-01-23","e1AKewEwvnFmp1+7PS16/dXXK4VhQqOVl2UpKni4fW0=","NEON.BET.D10.001419","CICPUN","Cicindela punctulata","species",,"Olivier",,"Other",,"XXW8BqPXtz8Ncjf8bOi7gc6Hj7+NVXsl","XXW8BqPXtz8Ncjf8bOi7gc6Hj7+NVXsl",
"de493031-3ecb-4a23-b56d-a5e41bec9931","CPER_001.basePlot.bet","D10","CPER","CPER_001","S","2014-07-31","2014-08-14","2015-01-22","2015-01-26","BEtTVHT1LvExjDBDBgkgjPJG0nTkuA/usljYGk4yP5o=","NEON.BET.D10.001498","RHASP","Rhadine sp.","genus","cf. species","LeConte",,"Other",,"P+EeY8owwbjzXaiaPoIJpc6mcpR6iWBh","P+EeY8owwbjzXaiaPoIJpc6mcpR6iWBh",
"dad30766-89e1-428b-af3c-4de4779e0951","CPER_005.basePlot.bet","D10","CPER","CPER_005","S","2014-07-31","2014-08-14","2015-01-23","2015-01-26","e1AKewEwvnFmp1+7PS16/T41ASFIBdtobN/I0v6IG4I=","NEON.BET.D10.001421","CARSP14","Carabidae sp.","family",,"Latreille","D10.2014.MorphB","Other",,"XXW8BqPXtz8Ncjf8bOi7gc6Hj7+NVXsl","XXW8BqPXtz8Ncjf8bOi7gc6Hj7+NVXsl","~5 mm in length. Amara sp? 2 orbital setae, pronotum with somewhat parallel sides, brassy iridescence overall. Amara cupreolata or A. convexa?"
"21227782-b3da-4ff4-af8d-42396545a03d","CPER_005.basePlot.bet","D10","CPER","CPER_005","S","2014-07-31","2014-08-14","2015-01-23","2015-01-23","e1AKewEwvnFmp1+7PS16/bY7kIBCw1pRJLV0irY1JX4=","NEON.BET.D10.001420","EURGRO","Euryderus grossus","species",,"Say",,"Other",,"XXW8BqPXtz8Ncjf8bOi7gc6Hj7+NVXsl","XXW8BqPXtz8Ncjf8bOi7gc6Hj7+NVXsl",
"4b7bff1c-960f-41e7-afc7-f9f1a618a8b6","CPER_001.basePlot.bet","D10","CPER","CPER_001","S","2014-07-31","2014-08-14","2015-01-22","2015-01-26","BEtTVHT1LvExjDBDBgkgjPJG0nTkuA/usljYGk4yP5o=","NEON.BET.D10.001497","CARSP14","Carabidae sp.","family",,"Latreille","D10.2014.MorphB","Other",,"P+EeY8owwbjzXaiaPoIJpc6mcpR6iWBh","P+EeY8owwbjzXaiaPoIJpc6mcpR6iWBh","~5 mm in length. Amara sp? 2 orbital setae, pronotum with somewhat parallel sides, brassy iridescence overall. Amara cupreolata or A. convexa?"
"64b06e8f-62b8-405b-b776-66b2f98f79c4","CPER_003.basePlot.bet","D10","CPER","CPER_003","S","2014-07-31","2014-08-14","2015-01-22","2015-01-27","omCPNZnkoGQ6KONHArvbUc2Cn3jLNtnITAbGrcAgSu0=","NEON.BET.D10.001441","CICPUN","Cicindela punctulata","species",,"Olivier",,"Other",,"XXW8BqPXtz8Ncjf8bOi7gc6Hj7+NVXsl","XXW8BqPXtz8Ncjf8bOi7gc6Hj7+NVXsl",
"a9be0efd-3c19-41ba-bc53-69299b8c8c43","CPER_006.basePlot.bet","D10","CPER","CPER_006","S","2014-07-31","2014-08-14","2015-01-22","2015-01-26","NHMCrMp+/ZUObB+6kNurxisxu9CCJimEbuk511Xk4Og=","NEON.BET.D10.001496","DISPAR1","Discoderus parallelus","species",,"Haldeman",,"Other",,"P+EeY8owwbjzXaiaPoIJpc6mcpR6iWBh","P+EeY8owwbjzXaiaPoIJpc6mcpR6iWBh",
"3b7202b4-8aa7-44a2-8afc-1dae7b27f1dc","CPER_009.basePlot.bet","D10","CPER","CPER_009","S","2014-07-31","2014-08-14","2015-01-23","2015-01-23","KY+Aed9dLRtbt1LqtEPM3JdSKs8mCPl3OJrUGisAQLU=","NEON.BET.D10.001416","DISPAR1","Discoderus parallelus","species",,"Haldeman",,"Other",,"XXW8BqPXtz8Ncjf8bOi7gc6Hj7+NVXsl","XXW8BqPXtz8Ncjf8bOi7gc6Hj7+NVXsl",
"dbc65b67-32fc-48c1-a778-01129451f600","CPER_009.basePlot.bet","D10","CPER","CPER_009","S","2014-07-31","2014-08-14","2015-01-23","2015-01-23","KY+Aed9dLRtbt1LqtEPM3JdSKs8mCPl3OJrUGisAQLU=","NEON.BET.D10.001417","DISPAR1","Discoderus parallelus","species",,"Haldeman",,"Other",,"XXW8BqPXtz8Ncjf8bOi7gc6Hj7+NVXsl","XXW8BqPXtz8Ncjf8bOi7gc6Hj7+NVXsl",
"4af25cc2-b58e-4477-9a8c-cd5e58994437","CPER_006.basePlot.bet","D10","CPER","CPER_006","S","2014-07-31","2014-08-14","2015-01-22","2015-01-26","NHMCrMp+/ZUObB+6kNurxisxu9CCJimEbuk511Xk4Og=","NEON.BET.D10.001495","HARDES","Harpalus desertus","species",,"LeConte",,"Other",,"P+EeY8owwbjzXaiaPoIJpc6mcpR6iWBh","P+EeY8owwbjzXaiaPoIJpc6mcpR6iWBh",
"db9d28a2-30b7-4e52-ae4e-a09ccafe7548","CPER_008.basePlot.bet","D10","CPER","CPER_008","S","2014-07-31","2014-08-14","2015-01-23","2015-01-26","kqngcYlCVJ5/yy0K5RwrlmiR4fOnXL91SW1hOt6VH3I=","NEON.BET.D10.001425","CRADUB","Cratacanthus dubius","species",,"Palisot de Beauvois",,"Other",,"XXW8BqPXtz8Ncjf8bOi7gc6Hj7+NVXsl","XXW8BqPXtz8Ncjf8bOi7gc6Hj7+NVXsl",
"bb5dfad5-d591-47e3-bbf3-7b19dd779a99","CPER_009.basePlot.bet","D10","CPER","CPER_009","S","2014-07-31","2014-08-14","2015-01-23","2015-01-23","KY+Aed9dLRtbt1LqtEPM3JdSKs8mCPl3OJrUGisAQLU=","NEON.BET.D10.001418","DISPAR1","Discoderus parallelus","species",,"Haldeman",,"Other",,"XXW8BqPXtz8Ncjf8bOi7gc6Hj7+NVXsl","XXW8BqPXtz8Ncjf8bOi7gc6Hj7+NVXsl",
"7ecec2e6-992f-4494-aa93-b1486098c33c","CPER_002.basePlot.bet","D10","CPER","CPER_002","S","2014-07-31","2014-08-14","2015-01-22","2015-01-27","OMNGlFKVPvQd5cuG1wLFDpe6en+MefCKZ3TemDG/8fg=","NEON.BET.D10.001433","DISPAR1","Discoderus parallelus","species",,"Haldeman",,"Other",,"XXW8BqPXtz8Ncjf8bOi7gc6Hj7+NVXsl","XXW8BqPXtz8Ncjf8bOi7gc6Hj7+NVXsl",
"8abb4c8d-5d7b-4e0a-a164-0a0f58752c87","CPER_002.basePlot.bet","D10","CPER","CPER_002","S","2014-07-31","2014-08-14","2015-01-22","2015-01-27","OMNGlFKVPvQd5cuG1wLFDpe6en+MefCKZ3TemDG/8fg=","NEON.BET.D10.001432","CRADUB","Cratacanthus dubius","species",,"Palisot de Beauvois",,"Other",,"XXW8BqPXtz8Ncjf8bOi7gc6Hj7+NVXsl","XXW8BqPXtz8Ncjf8bOi7gc6Hj7+NVXsl",
"1c07ffc2-e7b4-4e6c-ad92-f8acb11cfc1a","CPER_002.basePlot.bet","D10","CPER","CPER_002","W","2014-07-31","2014-08-14","2015-01-23","2015-01-26","OMNGlFKVPvR4ZspAolMvMdmrQxHHQgZsH7LV3RTS/t8=","NEON.BET.D10.001427","CICPUN","Cicindela punctulata","species",,"Olivier",,"Other",,"XXW8BqPXtz8Ncjf8bOi7gc6Hj7+NVXsl","XXW8BqPXtz8Ncjf8bOi7gc6Hj7+NVXsl",
"d8c45abd-e4ca-451c-b1a7-630911d96927","CPER_002.basePlot.bet","D10","CPER","CPER_002","W","2014-07-31","2014-08-14","2015-01-22","2015-01-26","OMNGlFKVPvR4ZspAolMvMdmrQxHHQgZsH7LV3RTS/t8=","NEON.BET.D10.001428","CICPUN","Cicindela punctulata","species",,"Olivier",,"Other",,"P+EeY8owwbjzXaiaPoIJpc6mcpR6iWBh","P+EeY8owwbjzXaiaPoIJpc6mcpR6iWBh",
"be633070-8fd3-4b5f-9f47-de91a673f493","CPER_010.basePlot.bet","D10","CPER","CPER_010","W","2014-07-31","2014-08-14","2015-01-22","2015-01-22","DW9ihRbrMtnDmYbewGTSlL9zokhRwg95LwS8IxK+0EY=","NEON.BET.D10.001403","CRADUB","Cratacanthus dubius","species",,"Palisot de Beauvois",,"Other",,"XXW8BqPXtz8Ncjf8bOi7gc6Hj7+NVXsl","XXW8BqPXtz8Ncjf8bOi7gc6Hj7+NVXsl",
"4a8713d7-65ec-4b89-b13c-2a037cc3f4ad","CPER_010.basePlot.bet","D10","CPER","CPER_010","W","2014-07-31","2014-08-14","2015-01-22","2015-01-22","DW9ihRbrMtnDmYbewGTSlL9zokhRwg95LwS8IxK+0EY=","NEON.BET.D10.001402","CRADUB","Cratacanthus dubius","species",,"Palisot de Beauvois",,"Other",,"XXW8BqPXtz8Ncjf8bOi7gc6Hj7+NVXsl","XXW8BqPXtz8Ncjf8bOi7gc6Hj7+NVXsl",
"65924856-34d4-458a-927f-02275647d0a4","CPER_007.basePlot.bet","D10","CPER","CPER_007","W","2014-07-31","2014-08-14","2015-01-23","2015-01-23","SOIi55Lib0LYzsUGlzN+Ua24pZ979alGAwCmWqNPjj8=","NEON.BET.D10.001406","EURGRO","Euryderus grossus","species",,"Say",,"Other",,"XXW8BqPXtz8Ncjf8bOi7gc6Hj7+NVXsl","XXW8BqPXtz8Ncjf8bOi7gc6Hj7+NVXsl",
"f92fcbca-cebd-4b48-a900-05803a15af49","CPER_006.basePlot.bet","D10","CPER","CPER_006","W","2014-07-31","2014-08-14","2015-01-22","2015-01-26","NHMCrMp+/ZX1oof0ym+3iv6uGs5luYZb52U4DbdY+tU=","NEON.BET.D10.001494","CARSP14","Carabidae sp.","family",,"Latreille","D10.2014.MorphB","Other",,"P+EeY8owwbjzXaiaPoIJpc6mcpR6iWBh","P+EeY8owwbjzXaiaPoIJpc6mcpR6iWBh","~5 mm in length. Amara sp? 2 orbital setae, pronotum with somewhat parallel sides, brassy iridescence overall. Amara cupreolata or A. convexa?"
"edbee6b1-0b71-44c1-b70c-1249ff9b91d2","CPER_006.basePlot.bet","D10","CPER","CPER_006","W","2014-07-31","2014-08-14","2015-01-22","2015-01-26","NHMCrMp+/ZX1oof0ym+3iv6uGs5luYZb52U4DbdY+tU=","NEON.BET.D10.001492","PIOSET","Piosoma setosum","species","cf. genus","LeConte",,"Other",,"P+EeY8owwbjzXaiaPoIJpc6mcpR6iWBh","P+EeY8owwbjzXaiaPoIJpc6mcpR6iWBh","Looks like a PIOSET given the punctation throughout the body, but punctates do not have setae"
"4674e337-c5c4-4eef-ba9a-33ed4c12d605","CPER_006.basePlot.bet","D10","CPER","CPER_006","W","2014-07-31","2014-08-14","2015-01-22","2015-01-26","NHMCrMp+/ZX1oof0ym+3iv6uGs5luYZb52U4DbdY+tU=","NEON.BET.D10.001491","PIOSET","Piosoma setosum","species",,"LeConte",,"Other",,"P+EeY8owwbjzXaiaPoIJpc6mcpR6iWBh","P+EeY8owwbjzXaiaPoIJpc6mcpR6iWBh",
"3575d20c-5866-45e6-9a08-453c96e50667","CPER_009.basePlot.bet","D10","CPER","CPER_009","W","2014-07-31","2014-08-14","2015-01-23","2015-01-23","KY+Aed9dLRuUZrZebwM5HJaBNm095v7SNQkjX83OIL4=","NEON.BET.D10.001408","PASELO","Pasimachus elongatus","species",,"LeConte",,"Other",,"XXW8BqPXtz8Ncjf8bOi7gc6Hj7+NVXsl","XXW8BqPXtz8Ncjf8bOi7gc6Hj7+NVXsl",
"36e72642-6af6-46f8-9112-5dca80248b78","CPER_001.basePlot.bet","D10","CPER","CPER_001","W","2014-07-31","2014-08-14","2015-01-22","2015-01-26","BEtTVHT1LvHYbBt/99b0ty1SPkgGz1wfuSzlk71x5t0=","NEON.BET.D10.001500","CARSP14","Carabidae sp.","family",,"Latreille","D10.2014.MorphB","Other",,"P+EeY8owwbjzXaiaPoIJpc6mcpR6iWBh","P+EeY8owwbjzXaiaPoIJpc6mcpR6iWBh","~5 mm in length. Amara sp? 2 orbital setae, pronotum with somewhat parallel sides, brassy iridescence overall. Amara cupreolata or A. convexa?"
"4bdfba1a-88c5-4c5c-85e9-78b3e5011e8a","CPER_001.basePlot.bet","D10","CPER","CPER_001","W","2014-07-31","2014-08-14","2015-01-22","2015-01-26","BEtTVHT1LvHYbBt/99b0ty1SPkgGz1wfuSzlk71x5t0=","NEON.BET.D10.001501","CARSP14","Carabidae sp.","family",,"Latreille","D10.2014.MorphB","Other",,"P+EeY8owwbjzXaiaPoIJpc6mcpR6iWBh","P+EeY8owwbjzXaiaPoIJpc6mcpR6iWBh","~5 mm in length. Amara sp? 2 orbital setae, pronotum with somewhat parallel sides, brassy iridescence overall. Amara cupreolata or A. convexa?"
"03d109f9-c8d0-4135-9b25-eb993defb716","CPER_001.basePlot.bet","D10","CPER","CPER_001","W","2014-07-31","2014-08-14","2015-01-22","2015-01-26","BEtTVHT1LvHYbBt/99b0ty1SPkgGz1wfuSzlk71x5t0=","NEON.BET.D10.001499","CARSP14","Carabidae sp.","family",,"Latreille","D10.2014.MorphAB","Other",,"P+EeY8owwbjzXaiaPoIJpc6mcpR6iWBh","P+EeY8owwbjzXaiaPoIJpc6mcpR6iWBh","similar to, or is, either Harpalus fuscipalpus or Harpalus carbonatus. ~10 mm long. Basal fovea more convex. Sparsely punctate. Posterior pronotal corners rounded but defined with small overlap onto elytra."
"a7b3b81b-ac2a-4f5f-8e9e-3b1c7caf014b","CPER_006.basePlot.bet","D10","CPER","CPER_006","W","2014-07-31","2014-08-14","2015-01-22","2015-01-26","NHMCrMp+/ZX1oof0ym+3iv6uGs5luYZb52U4DbdY+tU=","NEON.BET.D10.001493","PIOSET","Piosoma setosum","species",,"LeConte",,"Other",,"P+EeY8owwbjzXaiaPoIJpc6mcpR6iWBh","P+EeY8owwbjzXaiaPoIJpc6mcpR6iWBh",
"a2a40236-152e-4be9-ba0d-19c86a8ad5e7","CPER_004.basePlot.bet","D10","CPER","CPER_004","E","2014-08-14","2014-08-28","2015-01-22","2015-01-27","eSCyThC0ZO62uGgw7h9LjwEXPzQCqHEeHejuUZeHqGk=","NEON.BET.D10.001696","EURGRO","Euryderus grossus","species",,"Say",,"Other",,"Rjv/PyMx3k4oygLKYkCbuIDsccqDw9So","Rjv/PyMx3k4oygLKYkCbuIDsccqDw9So",
"dad8fdfb-9f58-4e6d-b245-1997d9a6b35d","CPER_002.basePlot.bet","D10","CPER","CPER_002","E","2014-08-14","2014-08-28","2015-01-27","2015-01-27","OMNGlFKVPvT/Qv6kdTf/EUJei25AHv5QBQU3a4n9hj4=","NEON.BET.D10.001513","SELSP2","Selenophorus sp.","genus",,"Dejean",,"Other",,"P+EeY8owwbjzXaiaPoIJpc6mcpR6iWBh","P+EeY8owwbjzXaiaPoIJpc6mcpR6iWBh",
"8582e827-b526-4bac-b843-bf8aca9dca74","CPER_009.basePlot.bet","D10","CPER","CPER_009","E","2014-08-14","2014-08-28","2015-01-22","2015-01-22","KY+Aed9dLRv1CQurw/uxZCTihLb/4ftxmo14Cf24T1M=","NEON.BET.D10.001693","CRADUB","Cratacanthus dubius","species",,"Palisot de Beauvois",,"Other",,"Rjv/PyMx3k4oygLKYkCbuIDsccqDw9So","Rjv/PyMx3k4oygLKYkCbuIDsccqDw9So",
"6d6d5530-ed15-4e6a-a819-91a8093e8e5a","CPER_001.basePlot.bet","D10","CPER","CPER_001","E","2014-08-14","2014-08-28","2015-01-27","2015-01-27","BEtTVHT1LvFkg1c1Z4/4qqKj//jFzeSOPaqHZvDrL5g=","NEON.BET.D10.001444","CARSP14","Carabidae sp.","family",,"Latreille","D10.2014.MorphAB","Other",,"XXW8BqPXtz8Ncjf8bOi7gc6Hj7+NVXsl","XXW8BqPXtz8Ncjf8bOi7gc6Hj7+NVXsl","similar to, or is, either Harpalus fuscipalpus or Harpalus carbonatus. ~10 mm long. Basal fovea more convex. Sparsely punctate. Posterior pronotal corners rounded but defined with small overlap onto elytra."
"7337042b-6acd-44aa-957e-de35fd013598","CPER_001.basePlot.bet","D10","CPER","CPER_001","E","2014-08-14","2014-08-28","2015-01-27","2015-01-27","BEtTVHT1LvFkg1c1Z4/4qqKj//jFzeSOPaqHZvDrL5g=","NEON.BET.D10.001445","CARSP14","Carabidae sp.","family",,"Latreille","D10.2014.MorphAB","Other",,"XXW8BqPXtz8Ncjf8bOi7gc6Hj7+NVXsl","XXW8BqPXtz8Ncjf8bOi7gc6Hj7+NVXsl","similar to, or is, either Harpalus fuscipalpus or Harpalus carbonatus. ~10 mm long. Basal fovea more convex. Sparsely punctate. Posterior pronotal corners rounded but defined with small overlap onto elytra."
"3398c2df-90b3-473d-ae17-566930ac8b37","CPER_005.basePlot.bet","D10","CPER","CPER_005","N","2014-08-14","2014-08-28","2015-01-27","2015-01-27","e1AKewEwvnF4Ya5Ai7V+yiXj4WAYAnGcF9C2Xt3OgK4=","NEON.BET.D10.001448","CICPUN","Cicindela punctulata","species",,"Olivier",,"Other",,"XXW8BqPXtz8Ncjf8bOi7gc6Hj7+NVXsl","XXW8BqPXtz8Ncjf8bOi7gc6Hj7+NVXsl",
"a7560872-8031-4d7c-b411-f5b80b467f86","CPER_003.basePlot.bet","D10","CPER","CPER_003","N","2014-08-14","2014-08-28","2015-01-22","2015-01-27","omCPNZnkoGTjQ8CJytgwHDvx/9eYWZ7oJKvJFFMOxpE=","NEON.BET.D10.001699","EURGRO","Euryderus grossus","species",,"Say",,"Other",,"Rjv/PyMx3k4oygLKYkCbuIDsccqDw9So","Rjv/PyMx3k4oygLKYkCbuIDsccqDw9So",
"9c0a026f-b447-426c-907b-bc890a14390e","CPER_005.basePlot.bet","D10","CPER","CPER_005","N","2014-08-14","2014-08-28","2015-01-27","2015-01-27","e1AKewEwvnF4Ya5Ai7V+ys6Rp5I8iTvJV8b76N+O9TI=","NEON.BET.D10.001447","CRADUB","Cratacanthus dubius","species",,"Palisot de Beauvois",,"Other",,"XXW8BqPXtz8Ncjf8bOi7gc6Hj7+NVXsl","XXW8BqPXtz8Ncjf8bOi7gc6Hj7+NVXsl",
"570eba1f-1ae3-4039-b47e-01bb6495b565","CPER_002.basePlot.bet","D10","CPER","CPER_002","N","2014-08-14","2014-08-28","2015-01-27","2015-01-27","OMNGlFKVPvR1+h5T+crsoAivlUsiELSGYdo0F3ffP7g=","NEON.BET.D10.001518","SELSP2","Selenophorus sp.","genus",,"Dejean",,"Other",,"P+EeY8owwbjzXaiaPoIJpc6mcpR6iWBh","P+EeY8owwbjzXaiaPoIJpc6mcpR6iWBh",
"7aa89a4c-a562-4392-b189-f6741e6ddf47","CPER_008.basePlot.bet","D10","CPER","CPER_008","N","2014-08-14","2014-08-28","2015-01-27","2015-01-27","kqngcYlCVJ7UQJ0eZpRfA00/8r4RVXXq7Vdbrt7hi2M=","NEON.BET.D10.001508","CRADUB","Cratacanthus dubius","species",,"Palisot de Beauvois",,"Other",,"P+EeY8owwbjzXaiaPoIJpc6mcpR6iWBh","P+EeY8owwbjzXaiaPoIJpc6mcpR6iWBh",
"e6ffa00e-1202-4b47-9c08-afde4ab9e0d0","CPER_010.basePlot.bet","D10","CPER","CPER_010","N","2014-08-14","2014-08-28","2015-01-27","2015-01-27","DW9ihRbrMtmvPobIO2M1gYY9yWYI7l/+TzAHbbdIQRw=","NEON.BET.D10.001523","CYCCON1","Cyclotrachelus constrictus","species","cf. species","Say",,"Other",,"P+EeY8owwbjzXaiaPoIJpc6mcpR6iWBh","P+EeY8owwbjzXaiaPoIJpc6mcpR6iWBh",
"82493fcf-4f19-4b12-933d-4a3b6755b6e6","CPER_002.basePlot.bet","D10","CPER","CPER_002","N","2014-08-14","2014-08-28","2015-01-27","2015-01-27","OMNGlFKVPvR1+h5T+crsoBsli8UEesz0+gWgYSQvqYs=","NEON.BET.D10.001514","PASELO","Pasimachus elongatus","species",,"LeConte",,"Other",,"P+EeY8owwbjzXaiaPoIJpc6mcpR6iWBh","P+EeY8owwbjzXaiaPoIJpc6mcpR6iWBh",
"7da1cd9f-3cec-4cbe-a2c4-4a0b79491440","CPER_002.basePlot.bet","D10","CPER","CPER_002","N","2014-08-14","2014-08-28","2015-01-27","2015-01-27","OMNGlFKVPvR1+h5T+crsoAivlUsiELSGYdo0F3ffP7g=","NEON.BET.D10.001517","CARSP14","Carabidae sp.","family",,"Latreille","D10.2014.MorphE","Other",,"P+EeY8owwbjzXaiaPoIJpc6mcpR6iWBh","P+EeY8owwbjzXaiaPoIJpc6mcpR6iWBh","~8 mm in lenth. Very rounded pronotal posterior angles with more severe curvature near head, narrow head. Legs rufous."
"60e7b69a-610e-41b0-bb02-3621cf1b16aa","CPER_002.basePlot.bet","D10","CPER","CPER_002","N","2014-08-14","2014-08-28","2015-01-27","2015-01-27","OMNGlFKVPvR1+h5T+crsoBsli8UEesz0+gWgYSQvqYs=","NEON.BET.D10.001515","PASELO","Pasimachus elongatus","species",,"LeConte",,"Other",,"P+EeY8owwbjzXaiaPoIJpc6mcpR6iWBh","P+EeY8owwbjzXaiaPoIJpc6mcpR6iWBh",
"1bc545cd-6877-40b5-971a-f2659d07ae27","CPER_006.basePlot.bet","D10","CPER","CPER_006","S","2014-08-14","2014-08-28","2015-01-27","2015-01-27","NHMCrMp+/ZUObB+6kNurxvAXelSz3J+kTp4Os7pRxt8=","NEON.BET.D10.001524","PIOSET","Piosoma setosum","species",,"LeConte",,"Other",,"P+EeY8owwbjzXaiaPoIJpc6mcpR6iWBh","P+EeY8owwbjzXaiaPoIJpc6mcpR6iWBh",
"7ddce5a1-ea8d-4d72-9ef1-647f9dfea096","CPER_002.basePlot.bet","D10","CPER","CPER_002","S","2014-08-14","2014-08-28","2015-01-27","2015-01-27","OMNGlFKVPvQd5cuG1wLFDiLOXkQw0qdd6oB14xj7OfU=","NEON.BET.D10.001516","SELSP2","Selenophorus sp.","genus",,"Dejean",,"Other",,"P+EeY8owwbjzXaiaPoIJpc6mcpR6iWBh","P+EeY8owwbjzXaiaPoIJpc6mcpR6iWBh",
"d729753f-db3f-48e6-bf57-963572984b4f","CPER_005.basePlot.bet","D10","CPER","CPER_005","S","2014-08-14","2014-08-28","2015-01-22","2015-01-27","e1AKewEwvnFmp1+7PS16/VUTv6818fQC/zLMJaIPL4s=","NEON.BET.D10.001700","EURGRO","Euryderus grossus","species",,"Say",,"Other",,"Rjv/PyMx3k4oygLKYkCbuIDsccqDw9So","Rjv/PyMx3k4oygLKYkCbuIDsccqDw9So",
"bbf5819f-fb82-4017-93bf-b9b169078a98","CPER_006.basePlot.bet","D10","CPER","CPER_006","S","2014-08-14","2014-08-28","2015-01-22","2015-01-27","NHMCrMp+/ZUObB+6kNurxvAXelSz3J+kTp4Os7pRxt8=","NEON.BET.D10.001697","PASELO","Pasimachus elongatus","species",,"LeConte",,"Other",,"Rjv/PyMx3k4oygLKYkCbuIDsccqDw9So","Rjv/PyMx3k4oygLKYkCbuIDsccqDw9So",
"c9acdc7c-54a6-41d9-9758-fc0354f742f3","CPER_003.basePlot.bet","D10","CPER","CPER_003","S","2014-08-14","2014-08-28","2015-01-27","2015-01-27","omCPNZnkoGQ6KONHArvbUXA0uAIdCrLdgm9LiIY1aSU=","NEON.BET.D10.001526","PIOSET","Piosoma setosum","species",,"LeConte",,"Other",,"P+EeY8owwbjzXaiaPoIJpc6mcpR6iWBh","P+EeY8owwbjzXaiaPoIJpc6mcpR6iWBh",
"786422c8-0f7b-4de3-88a0-02c5f79e8ebc","CPER_009.basePlot.bet","D10","CPER","CPER_009","S","2014-08-14","2014-08-28","2015-01-22","2015-01-27","KY+Aed9dLRtbt1LqtEPM3FAk3eHKFy1BsrsQUwhkw6Y=","NEON.BET.D10.001695","CRADUB","Cratacanthus dubius","species",,"Palisot de Beauvois",,"Other",,"Rjv/PyMx3k4oygLKYkCbuIDsccqDw9So","Rjv/PyMx3k4oygLKYkCbuIDsccqDw9So",
"a9bcded6-27c2-4bf6-bf6b-f4467b78a4ba","CPER_005.basePlot.bet","D10","CPER","CPER_005","S","2014-08-14","2014-08-28","2015-01-27","2015-01-27","e1AKewEwvnFmp1+7PS16/YDIQvUS2ui1J7TrjcO1JCk=","NEON.BET.D10.001450","CARSP14","Carabidae sp.","family",,"Latreille","D10.2014.MorphB","Other",,"XXW8BqPXtz8Ncjf8bOi7gc6Hj7+NVXsl","XXW8BqPXtz8Ncjf8bOi7gc6Hj7+NVXsl","~5 mm in length. Amara sp? 2 orbital setae, pronotum with somewhat parallel sides, brassy iridescence overall. Amara cupreolata or A. convexa?"
"b53e9441-3788-495b-ad75-fa64919a1c41","CPER_001.basePlot.bet","D10","CPER","CPER_001","W","2014-08-14","2014-08-28","2015-01-27","2015-01-27","BEtTVHT1LvHYbBt/99b0t4F68Gtc3jGNhJQS5XOucKQ=","NEON.BET.D10.001446","CARSP14","Carabidae sp.","family",,"Latreille","D10.2014.MorphAB","Other",,"XXW8BqPXtz8Ncjf8bOi7gc6Hj7+NVXsl","XXW8BqPXtz8Ncjf8bOi7gc6Hj7+NVXsl","similar to, or is, either Harpalus fuscipalpus or Harpalus carbonatus. ~10 mm long. Basal fovea more convex. Sparsely punctate. Posterior pronotal corners rounded but defined with small overlap onto elytra."
"9053c2b5-b716-493f-890d-a3d8f2daa485","CPER_003.basePlot.bet","D10","CPER","CPER_003","W","2014-08-14","2014-08-28","2015-01-22","2015-01-27","omCPNZnkoGRjIRHnk2PzR598vBQ6QOjtSdH23QeCQE0=","NEON.BET.D10.001698","EURGRO","Euryderus grossus","species",,"Say",,"Other",,"Rjv/PyMx3k4oygLKYkCbuIDsccqDw9So","Rjv/PyMx3k4oygLKYkCbuIDsccqDw9So",
"58707a71-4839-43ed-8894-9e49aaf6cf1b","CPER_003.basePlot.bet","D10","CPER","CPER_003","W","2014-08-14","2014-08-28","2015-01-27","2015-01-27","omCPNZnkoGRjIRHnk2PzR2hFjXWO0BIcrg+i0x05oDs=","NEON.BET.D10.001525","CARSP14","Carabidae sp.","family",,"Latreille","D10.2014.MorphB","Other",,"P+EeY8owwbjzXaiaPoIJpc6mcpR6iWBh","P+EeY8owwbjzXaiaPoIJpc6mcpR6iWBh","~5 mm in length. Amara sp? 2 orbital setae, pronotum with somewhat parallel sides, brassy iridescence overall. Amara cupreolata or A. convexa?"
"4593e260-65af-4ef4-bf86-f538efb1e7d1","CPER_004.basePlot.bet","D10","CPER","CPER_004","W","2014-08-14","2014-08-28","2015-01-27","2015-01-27","eSCyThC0ZO4z7OMcZYLqLZgBmOV14kS9NuxxoUzuIbo=","NEON.BET.D10.001443","CYCCON1","Cyclotrachelus constrictus","species","cf. species","Say",,"Other",,"XXW8BqPXtz8Ncjf8bOi7gc6Hj7+NVXsl","XXW8BqPXtz8Ncjf8bOi7gc6Hj7+NVXsl",
"e79c8b69-7d43-46ae-844b-89ce1fb6bfe4","CPER_007.basePlot.bet","D10","CPER","CPER_007","W","2014-08-14","2014-08-28","2015-01-27","2015-01-27","SOIi55Lib0LYzsUGlzN+Ud+3JsqjLuv5bRU6O8K8M/A=","NEON.BET.D10.001442","CYCCON1","Cyclotrachelus constrictus","species","cf. species","Say",,"Other",,"XXW8BqPXtz8Ncjf8bOi7gc6Hj7+NVXsl","XXW8BqPXtz8Ncjf8bOi7gc6Hj7+NVXsl",
"fa018d9c-dd2e-45de-9984-64b008c5a829","CPER_006.basePlot.bet","D10","CPER","CPER_006","W","2014-08-14","2014-08-28","2015-01-27","2015-01-27","NHMCrMp+/ZX1oof0ym+3iod5wTBJO7ZNg9oDprBrbLU=","NEON.BET.D10.001521","DISPAR1","Discoderus parallelus","species",,"Haldeman",,"Other",,"P+EeY8owwbjzXaiaPoIJpc6mcpR6iWBh","P+EeY8owwbjzXaiaPoIJpc6mcpR6iWBh",
"0a439f10-027f-4ec8-af1c-c52fffc70cfa","CPER_006.basePlot.bet","D10","CPER","CPER_006","W","2014-08-14","2014-08-28","2015-01-27","2015-01-27","NHMCrMp+/ZX1oof0ym+3iod5wTBJO7ZNg9oDprBrbLU=","NEON.BET.D10.001520","PIOSET","Piosoma setosum","species",,"LeConte",,"Other",,"P+EeY8owwbjzXaiaPoIJpc6mcpR6iWBh","P+EeY8owwbjzXaiaPoIJpc6mcpR6iWBh",
"409aab83-3a5a-4ce2-b976-0829f1f8ee1f","CPER_006.basePlot.bet","D10","CPER","CPER_006","W","2014-08-14","2014-08-28","2015-01-27","2015-01-27","NHMCrMp+/ZX1oof0ym+3iod5wTBJO7ZNg9oDprBrbLU=","NEON.BET.D10.001519","PIOSET","Piosoma setosum","species",,"LeConte",,"Other",,"P+EeY8owwbjzXaiaPoIJpc6mcpR6iWBh","P+EeY8owwbjzXaiaPoIJpc6mcpR6iWBh",
"11758194-ebc5-4f5a-ae2c-80f9db566b83","CPER_009.basePlot.bet","D10","CPER","CPER_009","W","2014-08-14","2014-08-28","2015-01-22","2015-01-27","KY+Aed9dLRuUZrZebwM5HLB0s/mB8NwmcoOr7n8e7ok=","NEON.BET.D10.001694","CRADUB","Cratacanthus dubius","species",,"Palisot de Beauvois",,"Other",,"Rjv/PyMx3k4oygLKYkCbuIDsccqDw9So","Rjv/PyMx3k4oygLKYkCbuIDsccqDw9So",
"c58282a6-6cb7-4229-8558-d2666e2440c5","CPER_002.basePlot.bet","D10","CPER","CPER_002","W","2014-08-14","2014-08-28","2015-01-27","2015-01-27","OMNGlFKVPvR4ZspAolMvMekvPRsZzdhzxY5L5Vw6GBc=","NEON.BET.D10.001510","CICPUN","Cicindela punctulata","species",,"Olivier",,"Other",,"P+EeY8owwbjzXaiaPoIJpc6mcpR6iWBh","P+EeY8owwbjzXaiaPoIJpc6mcpR6iWBh",
"d0f8ddbe-acca-4f88-a5ef-f61430df17f5","CPER_002.basePlot.bet","D10","CPER","CPER_002","W","2014-08-14","2014-08-28","2015-01-27","2015-01-27","OMNGlFKVPvR4ZspAolMvMekvPRsZzdhzxY5L5Vw6GBc=","NEON.BET.D10.001509","CICPUN","Cicindela punctulata","species",,"Olivier",,"Other",,"P+EeY8owwbjzXaiaPoIJpc6mcpR6iWBh","P+EeY8owwbjzXaiaPoIJpc6mcpR6iWBh",
"b87dd0ea-8998-4502-84d6-9bfb7cd88427","CPER_002.basePlot.bet","D10","CPER","CPER_002","E","2014-08-14","2014-08-28","2015-01-27","2015-01-27","OMNGlFKVPvT/Qv6kdTf/EUJei25AHv5QBQU3a4n9hj4=","NEON.BET.D10.001512","SELSP2","Selenophorus sp.","genus",,"Dejean",,"Other",,"P+EeY8owwbjzXaiaPoIJpc6mcpR6iWBh","P+EeY8owwbjzXaiaPoIJpc6mcpR6iWBh",
"1fe95002-40ed-44d3-8a2e-6f3c5e6b94b5","CPER_002.basePlot.bet","D10","CPER","CPER_002","E","2014-08-14","2014-08-28","2015-01-27","2015-01-27","OMNGlFKVPvT/Qv6kdTf/EUJei25AHv5QBQU3a4n9hj4=","NEON.BET.D10.001511","DISPAR1","Discoderus parallelus","species",,"Haldeman",,"Other",,"P+EeY8owwbjzXaiaPoIJpc6mcpR6iWBh","P+EeY8owwbjzXaiaPoIJpc6mcpR6iWBh",
"c6b772cc-d6a4-460f-8978-8a7328021ecb","CPER_005.basePlot.bet","D10","CPER","CPER_005","E","2014-08-14","2014-08-28","2015-01-27","2015-01-27","e1AKewEwvnEdOmnM/0EiBCtZPJabm1x3OBaZsTho170=","NEON.BET.D10.001449","CARSP14","Carabidae sp.","family",,"Latreille","D10.2014.MorphB","Other",,"XXW8BqPXtz8Ncjf8bOi7gc6Hj7+NVXsl","XXW8BqPXtz8Ncjf8bOi7gc6Hj7+NVXsl","~5 mm in length. Amara sp? 2 orbital setae, pronotum with somewhat parallel sides, brassy iridescence overall. Amara cupreolata or A. convexa?"
