uid,namedLocation,domainID,siteID,plotID,trapID,setDate,collectDate,processingDate,etOHChangeDate,identifiedDate,sampleID,subsampleID,sampleType,taxonID,scientificName,taxonRank,identificationQualifier,scientificNameAuthorship,morphospeciesID,individualCount,identificationReferences,identifiedBy,recordedBy,remarks
"6d3e07c9-7fb4-4ede-8949-e1291bd470f0","CPER_005.basePlot.bet","D10","CPER","CPER_005","W","2016-07-28","2016-08-11","2016-08-12","2017-01-05","2017-01-05","CPER_005.W.20160811","e1AKewEwvnHrFZfyRqKUqMbBOo5RE7nVlKlECEQ6Ua0=","carabid","CYMINT","Cymindis interior","species",,"Lindroth",,1,"Lindroth, C. H. 1969. The ground-beetles (Carabidae, excl. Cicindelinae) of Canada and Alaska, parts 1-6. Opuscula E. Entomoligiska Sallskapet.","jzmKcF+03gcUo1n16tfkmq5o6x6WOPUL","FHSuRnDDEXch2F1N4+O9mztJ2ojXSkEF",
"f4880790-d5fe-4383-ac05-d8acfbb8ddae","CPER_005.basePlot.bet","D10","CPER","CPER_005","S","2016-07-28","2016-08-11","2016-08-12","2017-01-05","2017-01-05","CPER_005.S.20160811","e1AKewEwvnG3+ccxepFdVwnr6MWqvSdDUV3+z7wf74I=","carabid","CRADUB","Cratacanthus dubius","species",,"Palisot de Beauvois",,2,"Lindroth, C. H. 1969. The ground-beetles (Carabidae, excl. Cicindelinae) of Canada and Alaska, parts 1-6. Opuscula E. Entomoligiska Sallskapet.","FHSuRnDDEXch2F1N4+O9mztJ2ojXSkEF","FHSuRnDDEXch2F1N4+O9mztJ2ojXSkEF",
"de96d601-410e-444e-9ee1-56e62d3fb2a5","CPER_005.basePlot.bet","D10","CPER","CPER_005","S","2016-07-28","2016-08-11","2016-08-12","2017-01-05","2017-01-05","CPER_005.S.20160811","e1AKewEwvnG3+ccxepFdV+r0DNa+IHIWwjkdnkAulPc=","carabid","PASELO","Pasimachus elongatus","species",,"LeConte",,1,"Lindroth, C. H. 1969. The ground-beetles (Carabidae, excl. Cicindelinae) of Canada and Alaska, parts 1-6. Opuscula E. Entomoligiska Sallskapet.","FHSuRnDDEXch2F1N4+O9mztJ2ojXSkEF","FHSuRnDDEXch2F1N4+O9mztJ2ojXSkEF",
"0e81ffc1-a4a5-433b-9213-1cd42e6bd3da","CPER_005.basePlot.bet","D10","CPER","CPER_005","N","2016-07-28","2016-08-11","2016-08-12","2017-01-05","2017-01-05","CPER_005.N.20160811","e1AKewEwvnETE+QzWR0w6ewTaTZuRYWi8a4qawJ4wfc=","carabid","CRADUB","Cratacanthus dubius","species",,"Palisot de Beauvois",,2,"Lindroth, C. H. 1969. The ground-beetles (Carabidae, excl. Cicindelinae) of Canada and Alaska, parts 1-6. Opuscula E. Entomoligiska Sallskapet.","jzmKcF+03gcUo1n16tfkmq5o6x6WOPUL","jzmKcF+03gcUo1n16tfkmq5o6x6WOPUL",
"8f34bd06-ec5a-4c06-be6b-be4538d8d950","CPER_005.basePlot.bet","D10","CPER","CPER_005","E","2016-07-28","2016-08-11","2016-08-12","2017-01-05","2017-01-05","CPER_005.E.20160811","e1AKewEwvnHvaJKKtfNGWZyIcAFUVDgxzIfh20LIQJM=","carabid","PASELO","Pasimachus elongatus","species",,"LeConte",,1,"Lindroth, C. H. 1969. The ground-beetles (Carabidae, excl. Cicindelinae) of Canada and Alaska, parts 1-6. Opuscula E. Entomoligiska Sallskapet.","FHSuRnDDEXch2F1N4+O9mztJ2ojXSkEF","FHSuRnDDEXch2F1N4+O9mztJ2ojXSkEF",
"b3d49566-6420-40d1-9cb7-59b1e8d2ea28","CPER_005.basePlot.bet","D10","CPER","CPER_005","N","2016-07-28","2016-08-11","2016-08-12","2017-01-05","2017-01-05","CPER_005.N.20160811","e1AKewEwvnETE+QzWR0w6cs/jf0hKinFF4cXe/sLi4Q=","carabid","CHLTOM","Chlaenius tomentosus","species",,"Say",,1,"Lindroth, C. H. 1969. The ground-beetles (Carabidae, excl. Cicindelinae) of Canada and Alaska, parts 1-6. Opuscula E. Entomoligiska Sallskapet.","FHSuRnDDEXch2F1N4+O9mztJ2ojXSkEF","jzmKcF+03gcUo1n16tfkmq5o6x6WOPUL",
"a0f8d2f9-18cb-4b90-8fb7-5e1b9d20f4b3","CPER_004.basePlot.bet","D10","CPER","CPER_004","E","2016-07-28","2016-08-11","2016-08-12","2017-01-05","2017-01-05","CPER_004.E.20160811","eSCyThC0ZO4IX+FtgKgxoJIsfQzJ2K0bIsYzJ49eMgw=","carabid","EURGRO","Euryderus grossus","species",,"Say",,2,"Lindroth, C. H. 1969. The ground-beetles (Carabidae, excl. Cicindelinae) of Canada and Alaska, parts 1-6. Opuscula E. Entomoligiska Sallskapet.","jzmKcF+03gcUo1n16tfkmq5o6x6WOPUL","jzmKcF+03gcUo1n16tfkmq5o6x6WOPUL",
"25f3790d-0162-4c72-b3ac-8a571049ef68","CPER_004.basePlot.bet","D10","CPER","CPER_004","S","2016-07-28","2016-08-11","2016-08-12","2017-01-05","2017-01-05","CPER_004.S.20160811","eSCyThC0ZO6976WKL+FapBJrHPBvQTFzNTz63ZKcyAQ=","carabid","CICPUN","Cicindela punctulata","species",,"Olivier",,2,"Lindroth, C. H. 1969. The ground-beetles (Carabidae, excl. Cicindelinae) of Canada and Alaska, parts 1-6. Opuscula E. Entomoligiska Sallskapet.","jzmKcF+03gcUo1n16tfkmq5o6x6WOPUL","jzmKcF+03gcUo1n16tfkmq5o6x6WOPUL",
"f3f253bc-71ae-4f10-b086-e436309e0878","CPER_004.basePlot.bet","D10","CPER","CPER_004","E","2016-07-28","2016-08-11","2016-08-12","2017-01-05","2017-01-05","CPER_004.E.20160811","eSCyThC0ZO4IX+FtgKgxoDYbtPsCMbU3zHqB4hzAoj8=","carabid","PASELO","Pasimachus elongatus","species",,"LeConte",,2,"Lindroth, C. H. 1969. The ground-beetles (Carabidae, excl. Cicindelinae) of Canada and Alaska, parts 1-6. Opuscula E. Entomoligiska Sallskapet.","jzmKcF+03gcUo1n16tfkmq5o6x6WOPUL","jzmKcF+03gcUo1n16tfkmq5o6x6WOPUL",
"9755cb58-9f75-4cb4-a10f-f0d74e194b5c","CPER_004.basePlot.bet","D10","CPER","CPER_004","E","2016-07-28","2016-08-11","2016-08-12","2017-01-05","2017-01-05","CPER_004.E.20160811","eSCyThC0ZO4IX+FtgKgxoErYTT+a3jPc3fm66nORUYE=","carabid","CHLTOM","Chlaenius tomentosus","species",,"Say",,2,"Lindroth, C. H. 1969. The ground-beetles (Carabidae, excl. Cicindelinae) of Canada and Alaska, parts 1-6. Opuscula E. Entomoligiska Sallskapet.","jzmKcF+03gcUo1n16tfkmq5o6x6WOPUL","jzmKcF+03gcUo1n16tfkmq5o6x6WOPUL",
"131305da-16e8-456e-bc35-566a1b4d12f1","CPER_004.basePlot.bet","D10","CPER","CPER_004","E","2016-07-28","2016-08-11","2016-08-12","2017-01-05","2017-01-05","CPER_004.E.20160811","eSCyThC0ZO4IX+FtgKgxoLEr1tu8iNtBZMQD36Ywtww=","carabid","HARSP7","Harpalus sp.","genus",,"Latreille","D10.2016.MorphI",2,"Lindroth, C. H. 1969. The ground-beetles (Carabidae, excl. Cicindelinae) of Canada and Alaska, parts 1-6. Opuscula E. Entomoligiska Sallskapet.","jzmKcF+03gcUo1n16tfkmq5o6x6WOPUL","jzmKcF+03gcUo1n16tfkmq5o6x6WOPUL",
"d3cb9b69-9ff5-4ae7-adcb-4e8a1e93c40e","CPER_004.basePlot.bet","D10","CPER","CPER_004","E","2016-07-28","2016-08-11","2016-08-12","2017-01-05","2017-01-05","CPER_004.E.20160811","eSCyThC0ZO4IX+FtgKgxoGga53eH2x4GBjPTsMpI0r8=","carabid","DISPAR1","Discoderus parallelus","species",,"Haldeman",,3,"Lindroth, C. H. 1969. The ground-beetles (Carabidae, excl. Cicindelinae) of Canada and Alaska, parts 1-6. Opuscula E. Entomoligiska Sallskapet.","jzmKcF+03gcUo1n16tfkmq5o6x6WOPUL","jzmKcF+03gcUo1n16tfkmq5o6x6WOPUL",
"005bd38f-80d5-4ea3-898c-db099eea3c8b","CPER_007.basePlot.bet","D10","CPER","CPER_007","S","2016-07-28","2016-08-11","2016-08-12","2017-01-05","2017-01-05","CPER_007.S.20160811","SOIi55Lib0I/4NahKE3RsdXJ+MIVYEqOL+DWPRqklJA=","carabid","CHLTOM","Chlaenius tomentosus","species",,"Say",,1,"Lindroth, C. H. 1969. The ground-beetles (Carabidae, excl. Cicindelinae) of Canada and Alaska, parts 1-6. Opuscula E. Entomoligiska Sallskapet.","FHSuRnDDEXch2F1N4+O9mztJ2ojXSkEF","FHSuRnDDEXch2F1N4+O9mztJ2ojXSkEF",
"6e4d4b47-2c07-410b-8e3a-f5418e54460d","CPER_007.basePlot.bet","D10","CPER","CPER_007","N","2016-07-28","2016-08-11","2016-08-12","2017-01-05","2017-01-05","CPER_007.N.20160811","SOIi55Lib0IaN/2wEY8s2RRVhlVpuCNySbP9O4TeOqI=","carabid","PASELO","Pasimachus elongatus","species",,"LeConte",,1,"Lindroth, C. H. 1969. The ground-beetles (Carabidae, excl. Cicindelinae) of Canada and Alaska, parts 1-6. Opuscula E. Entomoligiska Sallskapet.","FHSuRnDDEXch2F1N4+O9mztJ2ojXSkEF","FHSuRnDDEXch2F1N4+O9mztJ2ojXSkEF",
"aeea9b87-577c-4147-a039-120585c23be6","CPER_006.basePlot.bet","D10","CPER","CPER_006","S","2016-07-28","2016-08-11","2016-08-12","2017-01-05","2017-01-05","CPER_006.S.20160811","NHMCrMp+/ZWmMl7HlSTkXx9bY+xDxD+fasy9v12ulPw=","carabid","PIOSET","Piosoma setosum","species",,"LeConte",,1,"Lindroth, C. H. 1969. The ground-beetles (Carabidae, excl. Cicindelinae) of Canada and Alaska, parts 1-6. Opuscula E. Entomoligiska Sallskapet.","FHSuRnDDEXch2F1N4+O9mztJ2ojXSkEF","FHSuRnDDEXch2F1N4+O9mztJ2ojXSkEF",
"4fa1d250-1a0b-47ed-a62e-020394c8429b","CPER_006.basePlot.bet","D10","CPER","CPER_006","E","2016-07-28","2016-08-11","2016-08-12","2017-01-05","2017-01-05","CPER_006.E.20160811","NHMCrMp+/ZW+otjcGhsCucKwtEfgNR8IAKj0pryLV54=","carabid","CHLTOM","Chlaenius tomentosus","species",,"Say",,1,"Lindroth, C. H. 1969. The ground-beetles (Carabidae, excl. Cicindelinae) of Canada and Alaska, parts 1-6. Opuscula E. Entomoligiska Sallskapet.","FHSuRnDDEXch2F1N4+O9mztJ2ojXSkEF","FHSuRnDDEXch2F1N4+O9mztJ2ojXSkEF",
"c5b8583b-cf53-4e41-aefc-fbfc596e86ba","CPER_006.basePlot.bet","D10","CPER","CPER_006","E","2016-07-28","2016-08-11","2016-08-12","2017-01-05","2017-01-05","CPER_006.E.20160811","NHMCrMp+/ZW+otjcGhsCuTeFgIEs5k6/XiOpdb2nkQo=","carabid","DISPAR1","Discoderus parallelus","species",,"Haldeman",,7,"Lindroth, C. H. 1969. The ground-beetles (Carabidae, excl. Cicindelinae) of Canada and Alaska, parts 1-6. Opuscula E. Entomoligiska Sallskapet.","FHSuRnDDEXch2F1N4+O9mztJ2ojXSkEF","FHSuRnDDEXch2F1N4+O9mztJ2ojXSkEF",
"1c640f7b-28ed-40f5-9a71-8555d841a455","CPER_006.basePlot.bet","D10","CPER","CPER_006","N","2016-07-28","2016-08-11","2016-08-12","2017-01-05","2017-01-05","CPER_006.N.20160811","NHMCrMp+/ZVnmC5LXFDPuskSytD5bw3GV2wZtxFN+Sk=","carabid","CRADUB","Cratacanthus dubius","species",,"Palisot de Beauvois",,1,"Lindroth, C. H. 1969. The ground-beetles (Carabidae, excl. Cicindelinae) of Canada and Alaska, parts 1-6. Opuscula E. Entomoligiska Sallskapet.","FHSuRnDDEXch2F1N4+O9mztJ2ojXSkEF","FHSuRnDDEXch2F1N4+O9mztJ2ojXSkEF",
"c9894063-b6f8-467b-8ef3-7a6718037ba3","CPER_006.basePlot.bet","D10","CPER","CPER_006","W","2016-07-28","2016-08-11","2016-08-12","2017-01-05","2017-01-05","CPER_006.W.20160811","NHMCrMp+/ZU42xsb7uhkh05vX2p/WIGvnGjmLH81J0Y=","carabid","DISPAR1","Discoderus parallelus","species",,"Haldeman",,4,"Lindroth, C. H. 1969. The ground-beetles (Carabidae, excl. Cicindelinae) of Canada and Alaska, parts 1-6. Opuscula E. Entomoligiska Sallskapet.","FHSuRnDDEXch2F1N4+O9mztJ2ojXSkEF","FHSuRnDDEXch2F1N4+O9mztJ2ojXSkEF",
"3ba1fb47-f4bf-4d0d-9b31-27410a054155","CPER_006.basePlot.bet","D10","CPER","CPER_006","S","2016-07-28","2016-08-11","2016-08-12","2017-01-05","2017-01-05","CPER_006.S.20160811","NHMCrMp+/ZWmMl7HlSTkX+8sAkoPhKTLV++fkNcv3bo=","carabid","DISPAR1","Discoderus parallelus","species",,"Haldeman",,15,"Lindroth, C. H. 1969. The ground-beetles (Carabidae, excl. Cicindelinae) of Canada and Alaska, parts 1-6. Opuscula E. Entomoligiska Sallskapet.","FHSuRnDDEXch2F1N4+O9mztJ2ojXSkEF","FHSuRnDDEXch2F1N4+O9mztJ2ojXSkEF",
"582c8f92-d263-40d4-96b2-9593e2e6fe7c","CPER_006.basePlot.bet","D10","CPER","CPER_006","W","2016-07-28","2016-08-11","2016-08-12","2017-01-05","2017-01-05","CPER_006.W.20160811","NHMCrMp+/ZU42xsb7uhkh0vm8W8XTMTGg8MJ0Y1Tewg=","carabid","PIOSET","Piosoma setosum","species",,"LeConte",,8,"Lindroth, C. H. 1969. The ground-beetles (Carabidae, excl. Cicindelinae) of Canada and Alaska, parts 1-6. Opuscula E. Entomoligiska Sallskapet.","FHSuRnDDEXch2F1N4+O9mztJ2ojXSkEF","FHSuRnDDEXch2F1N4+O9mztJ2ojXSkEF",
"fc178952-c7e7-42e0-ad5c-db47b0f80207","CPER_006.basePlot.bet","D10","CPER","CPER_006","N","2016-07-28","2016-08-11","2016-08-12","2017-01-05","2017-01-05","CPER_006.N.20160811","NHMCrMp+/ZVnmC5LXFDPuvKt+LlJx0+ThDnNtaCl1TA=","carabid","PIOSET","Piosoma setosum","species",,"LeConte",,1,"Lindroth, C. H. 1969. The ground-beetles (Carabidae, excl. Cicindelinae) of Canada and Alaska, parts 1-6. Opuscula E. Entomoligiska Sallskapet.","FHSuRnDDEXch2F1N4+O9mztJ2ojXSkEF","FHSuRnDDEXch2F1N4+O9mztJ2ojXSkEF",
"241c9d97-27df-49b7-964f-6bcc2383be4d","CPER_006.basePlot.bet","D10","CPER","CPER_006","N","2016-07-28","2016-08-11","2016-08-12","2017-01-05","2017-01-05","CPER_006.N.20160811","NHMCrMp+/ZVnmC5LXFDPupoSL1adaQQzK7BXUteYEOw=","carabid","DISPAR1","Discoderus parallelus","species",,"Haldeman",,10,"Lindroth, C. H. 1969. The ground-beetles (Carabidae, excl. Cicindelinae) of Canada and Alaska, parts 1-6. Opuscula E. Entomoligiska Sallskapet.","FHSuRnDDEXch2F1N4+O9mztJ2ojXSkEF","FHSuRnDDEXch2F1N4+O9mztJ2ojXSkEF",
"85ec1396-345c-44ef-b490-bd965c4a8b45","CPER_006.basePlot.bet","D10","CPER","CPER_006","W","2016-07-28","2016-08-11","2016-08-12","2017-01-05","2017-01-05","CPER_006.W.20160811","NHMCrMp+/ZU42xsb7uhkh02lPHminOQ+EkMXvijc9Do=","carabid","CHLTOM","Chlaenius tomentosus","species",,"Say",,1,"Lindroth, C. H. 1969. The ground-beetles (Carabidae, excl. Cicindelinae) of Canada and Alaska, parts 1-6. Opuscula E. Entomoligiska Sallskapet.","FHSuRnDDEXch2F1N4+O9mztJ2ojXSkEF","FHSuRnDDEXch2F1N4+O9mztJ2ojXSkEF",
"ac7d36bf-9f50-4ae3-860c-260809477466","CPER_006.basePlot.bet","D10","CPER","CPER_006","W","2016-07-28","2016-08-11","2016-08-12","2017-01-05","2017-01-05","CPER_006.W.20160811","NHMCrMp+/ZU42xsb7uhkhzazTs38a9cdAwXCOuL16q0=","carabid","CRADUB","Cratacanthus dubius","species",,"Palisot de Beauvois",,1,"Lindroth, C. H. 1969. The ground-beetles (Carabidae, excl. Cicindelinae) of Canada and Alaska, parts 1-6. Opuscula E. Entomoligiska Sallskapet.","FHSuRnDDEXch2F1N4+O9mztJ2ojXSkEF","FHSuRnDDEXch2F1N4+O9mztJ2ojXSkEF",
"2178ab21-4c52-4562-93e6-fc04e7dc824a","CPER_009.basePlot.bet","D10","CPER","CPER_009","N","2016-07-28","2016-08-11","2016-08-12","2017-01-06","2017-01-06","CPER_009.N.20160811","KY+Aed9dLRsu5N4Vk9Z6VOp0vJDaWQJjjjR4z+JurPU=","carabid","DISPAR1","Discoderus parallelus","species",,"Haldeman",,1,"Lindroth, C. H. 1969. The ground-beetles (Carabidae, excl. Cicindelinae) of Canada and Alaska, parts 1-6. Opuscula E. Entomoligiska Sallskapet.","jzmKcF+03gcUo1n16tfkmq5o6x6WOPUL","jzmKcF+03gcUo1n16tfkmq5o6x6WOPUL",
"8f40794d-3403-407c-a9cf-c7cb8d79ac31","CPER_006.basePlot.bet","D10","CPER","CPER_006","E","2016-07-28","2016-08-11","2016-08-12","2017-01-05","2017-01-05","CPER_006.E.20160811","NHMCrMp+/ZW+otjcGhsCuegLsR0KbCYVIAwCq86MUGY=","carabid","PASELO","Pasimachus elongatus","species",,"LeConte",,1,"Lindroth, C. H. 1969. The ground-beetles (Carabidae, excl. Cicindelinae) of Canada and Alaska, parts 1-6. Opuscula E. Entomoligiska Sallskapet.","FHSuRnDDEXch2F1N4+O9mztJ2ojXSkEF","FHSuRnDDEXch2F1N4+O9mztJ2ojXSkEF",
"1d6aca45-b567-45a2-b5f0-6d2909cbabdb","CPER_009.basePlot.bet","D10","CPER","CPER_009","W","2016-07-28","2016-08-11","2016-08-12","2017-01-06","2017-01-06","CPER_009.W.20160811","KY+Aed9dLRsHPw2TWjhstsOdXd+xPI28PKJp2XNrzSY=","carabid","CICPUN","Cicindela punctulata","species",,"Olivier",,4,"Lindroth, C. H. 1969. The ground-beetles (Carabidae, excl. Cicindelinae) of Canada and Alaska, parts 1-6. Opuscula E. Entomoligiska Sallskapet.","jzmKcF+03gcUo1n16tfkmq5o6x6WOPUL","jzmKcF+03gcUo1n16tfkmq5o6x6WOPUL",
"cc728a07-c75a-410d-998c-9bc73a894d50","CPER_009.basePlot.bet","D10","CPER","CPER_009","N","2016-07-28","2016-08-11","2016-08-12","2017-01-06","2017-01-06","CPER_009.N.20160811","KY+Aed9dLRsu5N4Vk9Z6VO27mSJlWwhJycbxl/eHJuM=","carabid","CICPUN","Cicindela punctulata","species",,"Olivier",,2,"Lindroth, C. H. 1969. The ground-beetles (Carabidae, excl. Cicindelinae) of Canada and Alaska, parts 1-6. Opuscula E. Entomoligiska Sallskapet.","jzmKcF+03gcUo1n16tfkmq5o6x6WOPUL","jzmKcF+03gcUo1n16tfkmq5o6x6WOPUL",
"671714a4-968b-455c-94fe-f71e60ee9016","CPER_009.basePlot.bet","D10","CPER","CPER_009","E","2016-07-28","2016-08-11","2016-08-12","2017-01-06","2017-01-06","CPER_009.E.20160811","KY+Aed9dLRtMfeumMywSKeScckMugSMctU4FFhNJBgw=","carabid","DISPAR1","Discoderus parallelus","species",,"Haldeman",,22,"Lindroth, C. H. 1969. The ground-beetles (Carabidae, excl. Cicindelinae) of Canada and Alaska, parts 1-6. Opuscula E. Entomoligiska Sallskapet.","jzmKcF+03gcUo1n16tfkmq5o6x6WOPUL","jzmKcF+03gcUo1n16tfkmq5o6x6WOPUL",
"824ff3ab-b062-46f8-a18d-0f5749a10fce","CPER_009.basePlot.bet","D10","CPER","CPER_009","S","2016-07-28","2016-08-11","2016-08-12","2017-01-05","2017-01-05","CPER_009.S.20160811","KY+Aed9dLRt8INgROh+aTSSi4V0O4kvE78CgX71DtBQ=","carabid","PASELO","Pasimachus elongatus","species",,"LeConte",,1,"Lindroth, C. H. 1969. The ground-beetles (Carabidae, excl. Cicindelinae) of Canada and Alaska, parts 1-6. Opuscula E. Entomoligiska Sallskapet.","jzmKcF+03gcUo1n16tfkmq5o6x6WOPUL","jzmKcF+03gcUo1n16tfkmq5o6x6WOPUL",
"99fd4528-b294-4336-8ad1-538dce579282","CPER_009.basePlot.bet","D10","CPER","CPER_009","N","2016-07-28","2016-08-11","2016-08-12","2017-01-05","2017-01-05","CPER_009.N.20160811","KY+Aed9dLRsu5N4Vk9Z6VKk/4M3W8GlsD8ctAjCLNQI=","carabid","PASELO","Pasimachus elongatus","species",,"LeConte",,1,"Lindroth, C. H. 1969. The ground-beetles (Carabidae, excl. Cicindelinae) of Canada and Alaska, parts 1-6. Opuscula E. Entomoligiska Sallskapet.","jzmKcF+03gcUo1n16tfkmq5o6x6WOPUL","jzmKcF+03gcUo1n16tfkmq5o6x6WOPUL",
"9eec85b6-64b8-4f98-be70-bca27a322346","CPER_009.basePlot.bet","D10","CPER","CPER_009","W","2016-07-28","2016-08-11","2016-08-12","2017-01-06","2017-01-06","CPER_009.W.20160811","KY+Aed9dLRsHPw2TWjhstrQ5ECnJImdYL/GIqdUUxzU=","carabid","DISPAR1","Discoderus parallelus","species",,"Haldeman",,17,"Lindroth, C. H. 1969. The ground-beetles (Carabidae, excl. Cicindelinae) of Canada and Alaska, parts 1-6. Opuscula E. Entomoligiska Sallskapet.","jzmKcF+03gcUo1n16tfkmq5o6x6WOPUL","jzmKcF+03gcUo1n16tfkmq5o6x6WOPUL",
"2288a5f7-2b39-42c9-8839-50d24a3f14b0","CPER_009.basePlot.bet","D10","CPER","CPER_009","S","2016-07-28","2016-08-11","2016-08-12","2017-01-06","2017-01-06","CPER_009.S.20160811","KY+Aed9dLRt8INgROh+aTWiOspeqfY/C+IiSlw7TZ1g=","carabid","DISPAR1","Discoderus parallelus","species",,"Haldeman",,49,"Lindroth, C. H. 1969. The ground-beetles (Carabidae, excl. Cicindelinae) of Canada and Alaska, parts 1-6. Opuscula E. Entomoligiska Sallskapet.","FHSuRnDDEXch2F1N4+O9mztJ2ojXSkEF","jzmKcF+03gcUo1n16tfkmq5o6x6WOPUL",
"2423990c-01a9-4444-a323-3a02f59c46e9","CPER_009.basePlot.bet","D10","CPER","CPER_009","W","2016-07-28","2016-08-11","2016-08-12","2017-01-06","2017-01-06","CPER_009.W.20160811","KY+Aed9dLRsHPw2TWjhstgHc+ebgnZ5Xs6wsODeyu3A=","carabid","PIOSET","Piosoma setosum","species",,"LeConte",,1,"Lindroth, C. H. 1969. The ground-beetles (Carabidae, excl. Cicindelinae) of Canada and Alaska, parts 1-6. Opuscula E. Entomoligiska Sallskapet.","jzmKcF+03gcUo1n16tfkmq5o6x6WOPUL","jzmKcF+03gcUo1n16tfkmq5o6x6WOPUL",
"efebc2b1-e52c-4757-9ae8-2741d302a843","CPER_009.basePlot.bet","D10","CPER","CPER_009","S","2016-07-28","2016-08-11","2016-08-12","2017-01-05","2017-01-05","CPER_009.S.20160811","KY+Aed9dLRt8INgROh+aTQT/sWsOzluxdjIg0MOWQaE=","carabid","CRADUB","Cratacanthus dubius","species",,"Palisot de Beauvois",,1,"Lindroth, C. H. 1969. The ground-beetles (Carabidae, excl. Cicindelinae) of Canada and Alaska, parts 1-6. Opuscula E. Entomoligiska Sallskapet.","jzmKcF+03gcUo1n16tfkmq5o6x6WOPUL","jzmKcF+03gcUo1n16tfkmq5o6x6WOPUL",
"f596d31e-e67b-4869-bc06-59eb04d8c11e","CPER_009.basePlot.bet","D10","CPER","CPER_009","E","2016-07-28","2016-08-11","2016-08-12","2017-01-06","2017-01-06","CPER_009.E.20160811","KY+Aed9dLRtMfeumMywSKb70Vp+rrgoT0lZwY4DbxjU=","carabid","CRADUB","Cratacanthus dubius","species",,"Palisot de Beauvois",,2,"Lindroth, C. H. 1969. The ground-beetles (Carabidae, excl. Cicindelinae) of Canada and Alaska, parts 1-6. Opuscula E. Entomoligiska Sallskapet.","jzmKcF+03gcUo1n16tfkmq5o6x6WOPUL","jzmKcF+03gcUo1n16tfkmq5o6x6WOPUL",
"28adfa41-0e55-4b0e-9d51-0a8fe41311a6","CPER_008.basePlot.bet","D10","CPER","CPER_008","W","2016-07-28","2016-08-11","2016-08-12","2017-01-06","2017-01-06","CPER_008.W.20160811","kqngcYlCVJ4K7eH14S2IPROkXpwedMosUOoOcbRQzas=","carabid","PASELO","Pasimachus elongatus","species",,"LeConte",,1,"Lindroth, C. H. 1969. The ground-beetles (Carabidae, excl. Cicindelinae) of Canada and Alaska, parts 1-6. Opuscula E. Entomoligiska Sallskapet.","FHSuRnDDEXch2F1N4+O9mztJ2ojXSkEF","FHSuRnDDEXch2F1N4+O9mztJ2ojXSkEF",
"5111f534-8dc2-48c4-97b3-6cac77da8b45","CPER_008.basePlot.bet","D10","CPER","CPER_008","S","2016-07-28","2016-08-11","2016-08-12","2017-01-05","2017-01-05","CPER_008.S.20160811","kqngcYlCVJ6RTpAUD89Xb2JabqyxGlpRe9geveq52TA=","carabid","CYCCON1","Cyclotrachelus constrictus","species",,"Say",,1,"Lindroth, C. H. 1969. The ground-beetles (Carabidae, excl. Cicindelinae) of Canada and Alaska, parts 1-6. Opuscula E. Entomoligiska Sallskapet.","FHSuRnDDEXch2F1N4+O9mztJ2ojXSkEF","FHSuRnDDEXch2F1N4+O9mztJ2ojXSkEF",
"2e728856-b81b-4369-a978-6d421dea4b8f","CPER_008.basePlot.bet","D10","CPER","CPER_008","N","2016-07-28","2016-08-11","2016-08-12","2017-01-05","2017-01-05","CPER_008.N.20160811","kqngcYlCVJ4WypzPT4tdpBwrw67rWkK2QWWCIEky6sk=","carabid","CRADUB","Cratacanthus dubius","species",,"Palisot de Beauvois",,1,"Lindroth, C. H. 1969. The ground-beetles (Carabidae, excl. Cicindelinae) of Canada and Alaska, parts 1-6. Opuscula E. Entomoligiska Sallskapet.","FHSuRnDDEXch2F1N4+O9mztJ2ojXSkEF","FHSuRnDDEXch2F1N4+O9mztJ2ojXSkEF",
"4fbfb7eb-1751-4c9a-8851-727995af04bb","CPER_008.basePlot.bet","D10","CPER","CPER_008","N","2016-07-28","2016-08-11","2016-08-12","2017-01-06","2017-01-06","CPER_008.N.20160811","kqngcYlCVJ4WypzPT4tdpNSedKWltu9scwIAPtei/g4=","carabid","DISPAR1","Discoderus parallelus","species",,"Haldeman",,8,"Lindroth, C. H. 1969. The ground-beetles (Carabidae, excl. Cicindelinae) of Canada and Alaska, parts 1-6. Opuscula E. Entomoligiska Sallskapet.","FHSuRnDDEXch2F1N4+O9mztJ2ojXSkEF","FHSuRnDDEXch2F1N4+O9mztJ2ojXSkEF",
"bbc80c9a-6d6b-4b56-be13-87be53248d21","CPER_008.basePlot.bet","D10","CPER","CPER_008","S","2016-07-28","2016-08-11","2016-08-12","2017-01-05","2017-01-05","CPER_008.S.20160811","kqngcYlCVJ6RTpAUD89Xb0PizRhXihKJphwxH5vnBUE=","carabid","PASELO","Pasimachus elongatus","species",,"LeConte",,1,"Lindroth, C. H. 1969. The ground-beetles (Carabidae, excl. Cicindelinae) of Canada and Alaska, parts 1-6. Opuscula E. Entomoligiska Sallskapet.","FHSuRnDDEXch2F1N4+O9mztJ2ojXSkEF","FHSuRnDDEXch2F1N4+O9mztJ2ojXSkEF",
"9d4da3ff-c856-4dfe-9d16-8694f4604b74","CPER_010.basePlot.bet","D10","CPER","CPER_010","N","2016-07-28","2016-08-11","2016-08-12","2017-01-06","2017-01-06","CPER_010.N.20160811","DW9ihRbrMtmCpKWaSPJZkzItpeKXF4fONFM7X+AbUeg=","carabid","CHLTOM","Chlaenius tomentosus","species",,"Say",,1,"Lindroth, C. H. 1969. The ground-beetles (Carabidae, excl. Cicindelinae) of Canada and Alaska, parts 1-6. Opuscula E. Entomoligiska Sallskapet.","FHSuRnDDEXch2F1N4+O9mztJ2ojXSkEF","FHSuRnDDEXch2F1N4+O9mztJ2ojXSkEF",
"747b87ff-8d7b-4f8b-ac11-1b3ce178772b","CPER_010.basePlot.bet","D10","CPER","CPER_010","W","2016-07-28","2016-08-11","2016-08-12","2017-01-06","2017-01-06","CPER_010.W.20160811","DW9ihRbrMtmLSgZRplyqa3pLuw4OltmIkyLdcRfuuos=","carabid","CRADUB","Cratacanthus dubius","species",,"Palisot de Beauvois",,2,"Lindroth, C. H. 1969. The ground-beetles (Carabidae, excl. Cicindelinae) of Canada and Alaska, parts 1-6. Opuscula E. Entomoligiska Sallskapet.","FHSuRnDDEXch2F1N4+O9mztJ2ojXSkEF","FHSuRnDDEXch2F1N4+O9mztJ2ojXSkEF",
"301f5acf-6e5a-4e01-8575-06c807afca1d","CPER_010.basePlot.bet","D10","CPER","CPER_010","N","2016-07-28","2016-08-11","2016-08-12","2017-01-06","2017-01-06","CPER_010.N.20160811","DW9ihRbrMtmCpKWaSPJZkwD0wn2hK9Cm2m/mnsiriLU=","carabid","PASELO","Pasimachus elongatus","species",,"LeConte",,1,"Lindroth, C. H. 1969. The ground-beetles (Carabidae, excl. Cicindelinae) of Canada and Alaska, parts 1-6. Opuscula E. Entomoligiska Sallskapet.","FHSuRnDDEXch2F1N4+O9mztJ2ojXSkEF","FHSuRnDDEXch2F1N4+O9mztJ2ojXSkEF",
"aace0532-7bc0-4b8d-95cf-f6156d47707d","CPER_010.basePlot.bet","D10","CPER","CPER_010","S","2016-07-28","2016-08-11","2016-08-12","2017-01-06","2017-01-06","CPER_010.S.20160811","DW9ihRbrMtmOiADTfsKRGNWielrga20/Gq8C2qqpnKE=","carabid","CRADUB","Cratacanthus dubius","species",,"Palisot de Beauvois",,1,"Lindroth, C. H. 1969. The ground-beetles (Carabidae, excl. Cicindelinae) of Canada and Alaska, parts 1-6. Opuscula E. Entomoligiska Sallskapet.","FHSuRnDDEXch2F1N4+O9mztJ2ojXSkEF","FHSuRnDDEXch2F1N4+O9mztJ2ojXSkEF",
"a15ca6e9-e745-4a4e-9d20-4c02b1e6c1e2","CPER_010.basePlot.bet","D10","CPER","CPER_010","N","2016-07-28","2016-08-11","2016-08-12","2017-01-06","2017-01-06","CPER_010.N.20160811","DW9ihRbrMtmCpKWaSPJZkxQQicfLQTj5oVMY0+9vYcM=","carabid","CRADUB","Cratacanthus dubius","species",,"Palisot de Beauvois",,2,"Lindroth, C. H. 1969. The ground-beetles (Carabidae, excl. Cicindelinae) of Canada and Alaska, parts 1-6. Opuscula E. Entomoligiska Sallskapet.","FHSuRnDDEXch2F1N4+O9mztJ2ojXSkEF","FHSuRnDDEXch2F1N4+O9mztJ2ojXSkEF",
"1b977908-69b0-46bb-8181-13a489d6b895","CPER_002.basePlot.bet","D10","CPER","CPER_002","E","2016-07-28","2016-08-11","2016-08-12","2017-01-05","2017-01-05","CPER_002.E.20160811","OMNGlFKVPvQJJObmwEsyrAes0D/s8HpOP4YGUqBWRzo=","carabid","DISPAR1","Discoderus parallelus","species",,"Haldeman",,11,"Lindroth, C. H. 1969. The ground-beetles (Carabidae, excl. Cicindelinae) of Canada and Alaska, parts 1-6. Opuscula E. Entomoligiska Sallskapet.","jzmKcF+03gcUo1n16tfkmq5o6x6WOPUL","jzmKcF+03gcUo1n16tfkmq5o6x6WOPUL",
"b260f087-158c-4e9f-9b63-c4b4cd473d2a","CPER_002.basePlot.bet","D10","CPER","CPER_002","E","2016-07-28","2016-08-11","2016-08-12","2017-01-05","2017-01-05","CPER_002.E.20160811","OMNGlFKVPvQJJObmwEsyrBpTFUwGsxR8jw4SF1cBhKo=","carabid","PASELO","Pasimachus elongatus","species",,"LeConte",,2,"Lindroth, C. H. 1969. The ground-beetles (Carabidae, excl. Cicindelinae) of Canada and Alaska, parts 1-6. Opuscula E. Entomoligiska Sallskapet.","jzmKcF+03gcUo1n16tfkmq5o6x6WOPUL","jzmKcF+03gcUo1n16tfkmq5o6x6WOPUL",
"82526636-1d3c-4c91-81d6-377e71ec8d3c","CPER_002.basePlot.bet","D10","CPER","CPER_002","N","2016-07-28","2016-08-11","2016-08-12","2017-01-05","2017-01-05","CPER_002.N.20160811","OMNGlFKVPvQa04Fp0UBa9a9f4U2MjoLdATpr4hYJs+U=","carabid","PASELO","Pasimachus elongatus","species",,"LeConte",,1,"Lindroth, C. H. 1969. The ground-beetles (Carabidae, excl. Cicindelinae) of Canada and Alaska, parts 1-6. Opuscula E. Entomoligiska Sallskapet.","jzmKcF+03gcUo1n16tfkmq5o6x6WOPUL","jzmKcF+03gcUo1n16tfkmq5o6x6WOPUL",
"f91de31a-c784-4144-8728-dc8216a17f25","CPER_002.basePlot.bet","D10","CPER","CPER_002","N","2016-07-28","2016-08-11","2016-08-12","2017-01-05","2017-01-05","CPER_002.N.20160811","OMNGlFKVPvQa04Fp0UBa9f/H9eparyZBc7I4q3VYr7A=","carabid","CHLTOM","Chlaenius tomentosus","species",,"Say",,1,"Lindroth, C. H. 1969. The ground-beetles (Carabidae, excl. Cicindelinae) of Canada and Alaska, parts 1-6. Opuscula E. Entomoligiska Sallskapet.","jzmKcF+03gcUo1n16tfkmq5o6x6WOPUL","jzmKcF+03gcUo1n16tfkmq5o6x6WOPUL",
"76fc4f80-d146-4c11-b6ca-9be5e0de1e14","CPER_002.basePlot.bet","D10","CPER","CPER_002","S","2016-07-28","2016-08-11","2016-08-12","2017-01-05","2017-01-05","CPER_002.S.20160811","OMNGlFKVPvSiNB//mkcmFIIagXernS61OlJM96IworI=","carabid","CHLTOM","Chlaenius tomentosus","species",,"Say",,1,"Lindroth, C. H. 1969. The ground-beetles (Carabidae, excl. Cicindelinae) of Canada and Alaska, parts 1-6. Opuscula E. Entomoligiska Sallskapet.","jzmKcF+03gcUo1n16tfkmq5o6x6WOPUL","jzmKcF+03gcUo1n16tfkmq5o6x6WOPUL",
"bcd52132-2918-4c40-9bea-ef69cd900b74","CPER_002.basePlot.bet","D10","CPER","CPER_002","S","2016-07-28","2016-08-11","2016-08-12","2017-01-05","2017-01-05","CPER_002.S.20160811","OMNGlFKVPvSiNB//mkcmFJZetVIY5TCuDqTvQ/0oevE=","carabid","PASELO","Pasimachus elongatus","species",,"LeConte",,1,"Lindroth, C. H. 1969. The ground-beetles (Carabidae, excl. Cicindelinae) of Canada and Alaska, parts 1-6. Opuscula E. Entomoligiska Sallskapet.","jzmKcF+03gcUo1n16tfkmq5o6x6WOPUL","jzmKcF+03gcUo1n16tfkmq5o6x6WOPUL",
"a1667c42-db50-4580-94ef-7adc20de649a","CPER_002.basePlot.bet","D10","CPER","CPER_002","S","2016-07-28","2016-08-11","2016-08-12","2017-01-05","2017-01-05","CPER_002.S.20160811","OMNGlFKVPvSiNB//mkcmFLbxj2s+mhu1kW6Mfxij5/w=","carabid","DISPAR1","Discoderus parallelus","species",,"Haldeman",,17,"Lindroth, C. H. 1969. The ground-beetles (Carabidae, excl. Cicindelinae) of Canada and Alaska, parts 1-6. Opuscula E. Entomoligiska Sallskapet.","jzmKcF+03gcUo1n16tfkmq5o6x6WOPUL","jzmKcF+03gcUo1n16tfkmq5o6x6WOPUL",
"b519933a-c80a-4ffb-ac5d-c027cc7dd223","CPER_002.basePlot.bet","D10","CPER","CPER_002","W","2016-07-28","2016-08-11","2016-08-12","2017-01-05","2017-01-05","CPER_002.W.20160811","OMNGlFKVPvROFlwUjzTlLn1WfgnB34sePb+rwHq3Yj4=","carabid","DISPAR1","Discoderus parallelus","species",,"Haldeman",,6,"Lindroth, C. H. 1969. The ground-beetles (Carabidae, excl. Cicindelinae) of Canada and Alaska, parts 1-6. Opuscula E. Entomoligiska Sallskapet.","jzmKcF+03gcUo1n16tfkmq5o6x6WOPUL","jzmKcF+03gcUo1n16tfkmq5o6x6WOPUL",
"a66ca8d6-e558-4601-8890-1399b9496035","CPER_002.basePlot.bet","D10","CPER","CPER_002","N","2016-07-28","2016-08-11","2016-08-12","2017-01-05","2017-01-05","CPER_002.N.20160811","OMNGlFKVPvQa04Fp0UBa9RvRQDMiN3XalcnsZOM0FOM=","carabid","DISPAR1","Discoderus parallelus","species",,"Haldeman",,7,"Lindroth, C. H. 1969. The ground-beetles (Carabidae, excl. Cicindelinae) of Canada and Alaska, parts 1-6. Opuscula E. Entomoligiska Sallskapet.","jzmKcF+03gcUo1n16tfkmq5o6x6WOPUL","jzmKcF+03gcUo1n16tfkmq5o6x6WOPUL",
"33407c4a-b7a8-47a2-9ffb-956030dc2d6d","CPER_002.basePlot.bet","D10","CPER","CPER_002","W","2016-07-28","2016-08-11","2016-08-12","2017-01-05","2017-01-15","CPER_002.W.20160811","OMNGlFKVPvROFlwUjzTlLpEVNeNcAbio8ujaHsy8dFU=","carabid","PASELO","Pasimachus elongatus","species",,"LeConte",,1,"Lindroth, C. H. 1969. The ground-beetles (Carabidae, excl. Cicindelinae) of Canada and Alaska, parts 1-6. Opuscula E. Entomoligiska Sallskapet.","jzmKcF+03gcUo1n16tfkmq5o6x6WOPUL","jzmKcF+03gcUo1n16tfkmq5o6x6WOPUL",
"cba2524a-3bb3-4fde-b734-bfe36951f7d0","CPER_004.basePlot.bet","D10","CPER","CPER_004","N","2016-07-28","2016-08-11","2016-08-12","2017-01-05","2017-01-05","CPER_004.N.20160811","eSCyThC0ZO7Z8HwXncMQ820FhyIQj1YbAVV1Ml9NZMo=","carabid","PASELO","Pasimachus elongatus","species",,"LeConte",,1,"Lindroth, C. H. 1969. The ground-beetles (Carabidae, excl. Cicindelinae) of Canada and Alaska, parts 1-6. Opuscula E. Entomoligiska Sallskapet.","jzmKcF+03gcUo1n16tfkmq5o6x6WOPUL","jzmKcF+03gcUo1n16tfkmq5o6x6WOPUL",
"06b54ca3-dbd1-4d73-a725-2a0a706cd5e3","CPER_004.basePlot.bet","D10","CPER","CPER_004","N","2016-07-28","2016-08-11","2016-08-12","2017-01-05","2017-01-05","CPER_004.N.20160811","eSCyThC0ZO7Z8HwXncMQ81rs/Y6bAVtU7dTBUNUN+TQ=","carabid","CRADUB","Cratacanthus dubius","species",,"Palisot de Beauvois",,2,"Lindroth, C. H. 1969. The ground-beetles (Carabidae, excl. Cicindelinae) of Canada and Alaska, parts 1-6. Opuscula E. Entomoligiska Sallskapet.","jzmKcF+03gcUo1n16tfkmq5o6x6WOPUL","jzmKcF+03gcUo1n16tfkmq5o6x6WOPUL",
"ae8276e9-e16a-4ca7-aefd-61a2e2312529","CPER_004.basePlot.bet","D10","CPER","CPER_004","W","2016-07-28","2016-08-11","2016-08-12","2017-01-05","2017-01-05","CPER_004.W.20160811","eSCyThC0ZO4EZcnN0emnI5UjHjf1gK9OBQIP+9ux09Q=","carabid","EURGRO","Euryderus grossus","species",,"Say",,1,"Lindroth, C. H. 1969. The ground-beetles (Carabidae, excl. Cicindelinae) of Canada and Alaska, parts 1-6. Opuscula E. Entomoligiska Sallskapet.","jzmKcF+03gcUo1n16tfkmq5o6x6WOPUL","jzmKcF+03gcUo1n16tfkmq5o6x6WOPUL",
"87b184c5-b7b0-47fe-a29e-b57f849159f9","CPER_004.basePlot.bet","D10","CPER","CPER_004","W","2016-07-28","2016-08-11","2016-08-12","2017-01-05","2017-01-05","CPER_004.W.20160811","eSCyThC0ZO4EZcnN0emnI+X86dxPGM7XDwTjeqLuG4c=","carabid","DISPAR1","Discoderus parallelus","species",,"Haldeman",,6,"Lindroth, C. H. 1969. The ground-beetles (Carabidae, excl. Cicindelinae) of Canada and Alaska, parts 1-6. Opuscula E. Entomoligiska Sallskapet.","jzmKcF+03gcUo1n16tfkmq5o6x6WOPUL","jzmKcF+03gcUo1n16tfkmq5o6x6WOPUL",
"6b1e3d7e-27a9-4ad9-bedb-36b77ff9290e","CPER_003.basePlot.bet","D10","CPER","CPER_003","N","2016-07-28","2016-08-11","2016-08-12","2017-01-05","2017-01-05","CPER_003.N.20160811","omCPNZnkoGR1hbO4uBHFrMwb/Myi0vHQmCZhzRItOt4=","carabid","CRADUB","Cratacanthus dubius","species",,"Palisot de Beauvois",,1,"Lindroth, C. H. 1969. The ground-beetles (Carabidae, excl. Cicindelinae) of Canada and Alaska, parts 1-6. Opuscula E. Entomoligiska Sallskapet.","FHSuRnDDEXch2F1N4+O9mztJ2ojXSkEF","FHSuRnDDEXch2F1N4+O9mztJ2ojXSkEF",
"d8263e03-a02a-4f27-a6df-9e78e010f9de","CPER_003.basePlot.bet","D10","CPER","CPER_003","N","2016-07-28","2016-08-11","2016-08-12","2017-01-05","2017-01-05","CPER_003.N.20160811","omCPNZnkoGR1hbO4uBHFrOa6zwxnpteUsyeS1k1dt9E=","carabid","DISPAR1","Discoderus parallelus","species",,"Haldeman",,21,"Lindroth, C. H. 1969. The ground-beetles (Carabidae, excl. Cicindelinae) of Canada and Alaska, parts 1-6. Opuscula E. Entomoligiska Sallskapet.","FHSuRnDDEXch2F1N4+O9mztJ2ojXSkEF","FHSuRnDDEXch2F1N4+O9mztJ2ojXSkEF",
"cbd75549-0857-456b-a2d2-5e1a7df48687","CPER_003.basePlot.bet","D10","CPER","CPER_003","S","2016-07-28","2016-08-11","2016-08-12","2017-01-05","2017-01-05","CPER_003.S.20160811","omCPNZnkoGRYgy0NJmkzYi2o+txx1zRCJcgX4Lkmsgs=","carabid","CRADUB","Cratacanthus dubius","species",,"Palisot de Beauvois",,1,"Lindroth, C. H. 1969. The ground-beetles (Carabidae, excl. Cicindelinae) of Canada and Alaska, parts 1-6. Opuscula E. Entomoligiska Sallskapet.","FHSuRnDDEXch2F1N4+O9mztJ2ojXSkEF","FHSuRnDDEXch2F1N4+O9mztJ2ojXSkEF",
"5d689608-c1a3-459a-aeaf-de17fe0e1861","CPER_004.basePlot.bet","D10","CPER","CPER_004","N","2016-07-28","2016-08-11","2016-08-12","2017-01-05","2017-01-05","CPER_004.N.20160811","eSCyThC0ZO7Z8HwXncMQ81gZ6OSY8qcO+0Va4mi9GFw=","carabid","DISPAR1","Discoderus parallelus","species",,"Haldeman",,7,"Lindroth, C. H. 1969. The ground-beetles (Carabidae, excl. Cicindelinae) of Canada and Alaska, parts 1-6. Opuscula E. Entomoligiska Sallskapet.","jzmKcF+03gcUo1n16tfkmq5o6x6WOPUL","jzmKcF+03gcUo1n16tfkmq5o6x6WOPUL",
"79780412-7328-44ac-a24e-26dd7781558d","CPER_003.basePlot.bet","D10","CPER","CPER_003","E","2016-07-28","2016-08-11","2016-08-12","2017-01-05","2017-01-05","CPER_003.E.20160811","omCPNZnkoGQP9lmlKNURW/6QW9x31La/Uf8B96lMeIo=","carabid","CHLTOM","Chlaenius tomentosus","species",,"Say",,1,"Lindroth, C. H. 1969. The ground-beetles (Carabidae, excl. Cicindelinae) of Canada and Alaska, parts 1-6. Opuscula E. Entomoligiska Sallskapet.","FHSuRnDDEXch2F1N4+O9mztJ2ojXSkEF","FHSuRnDDEXch2F1N4+O9mztJ2ojXSkEF",
"18f3574b-e301-43f9-adfa-2276aef5138c","CPER_003.basePlot.bet","D10","CPER","CPER_003","W","2016-07-28","2016-08-11","2016-08-12","2017-01-05","2017-01-05","CPER_003.W.20160811","omCPNZnkoGTUdh0Dl6mzK8IDGaCMipYSdYbomkYhUU0=","carabid","PASELO","Pasimachus elongatus","species",,"LeConte",,1,"Lindroth, C. H. 1969. The ground-beetles (Carabidae, excl. Cicindelinae) of Canada and Alaska, parts 1-6. Opuscula E. Entomoligiska Sallskapet.","FHSuRnDDEXch2F1N4+O9mztJ2ojXSkEF","FHSuRnDDEXch2F1N4+O9mztJ2ojXSkEF",
"468febef-39b8-47a4-afac-be200e330ae9","CPER_003.basePlot.bet","D10","CPER","CPER_003","S","2016-07-28","2016-08-11","2016-08-12","2017-01-05","2017-01-05","CPER_003.S.20160811","omCPNZnkoGRYgy0NJmkzYq0HJ1w7Y2WWdLlcJjGQoZI=","carabid","PASELO","Pasimachus elongatus","species",,"LeConte",,1,"Lindroth, C. H. 1969. The ground-beetles (Carabidae, excl. Cicindelinae) of Canada and Alaska, parts 1-6. Opuscula E. Entomoligiska Sallskapet.","FHSuRnDDEXch2F1N4+O9mztJ2ojXSkEF","FHSuRnDDEXch2F1N4+O9mztJ2ojXSkEF",
"ac25aec4-ff85-40e4-82f5-a42174dfde9a","CPER_003.basePlot.bet","D10","CPER","CPER_003","W","2016-07-28","2016-08-11","2016-08-12","2017-01-05","2017-01-05","CPER_003.W.20160811","omCPNZnkoGTUdh0Dl6mzKxibdgkiDjyhE0pjWje0Tc8=","carabid","CHLTOM","Chlaenius tomentosus","species",,"Say",,3,"Lindroth, C. H. 1969. The ground-beetles (Carabidae, excl. Cicindelinae) of Canada and Alaska, parts 1-6. Opuscula E. Entomoligiska Sallskapet.","FHSuRnDDEXch2F1N4+O9mztJ2ojXSkEF","FHSuRnDDEXch2F1N4+O9mztJ2ojXSkEF",
"f9385fda-4fb9-4ee0-b235-f0f820e7f73b","CPER_003.basePlot.bet","D10","CPER","CPER_003","W","2016-07-28","2016-08-11","2016-08-12","2017-01-05","2017-01-05","CPER_003.W.20160811","omCPNZnkoGTUdh0Dl6mzK4cO1ETG8th4F4v4usFFfd8=","carabid","DISPAR1","Discoderus parallelus","species",,"Haldeman",,9,"Lindroth, C. H. 1969. The ground-beetles (Carabidae, excl. Cicindelinae) of Canada and Alaska, parts 1-6. Opuscula E. Entomoligiska Sallskapet.","FHSuRnDDEXch2F1N4+O9mztJ2ojXSkEF","FHSuRnDDEXch2F1N4+O9mztJ2ojXSkEF",
"03494ac8-ad21-4dde-8773-4030e0199282","CPER_003.basePlot.bet","D10","CPER","CPER_003","W","2016-07-28","2016-08-11","2016-08-12","2017-01-05","2017-01-05","CPER_003.W.20160811","omCPNZnkoGTUdh0Dl6mzKzbJZvXibwvR7DJLPypG+/c=","carabid","CICPUN","Cicindela punctulata","species",,"Olivier",,1,"Lindroth, C. H. 1969. The ground-beetles (Carabidae, excl. Cicindelinae) of Canada and Alaska, parts 1-6. Opuscula E. Entomoligiska Sallskapet.","FHSuRnDDEXch2F1N4+O9mztJ2ojXSkEF","FHSuRnDDEXch2F1N4+O9mztJ2ojXSkEF",
"5b92a6a0-36d1-447e-b472-0012e3c71a48","CPER_003.basePlot.bet","D10","CPER","CPER_003","E","2016-07-28","2016-08-11","2016-08-12","2017-01-05","2017-01-05","CPER_003.E.20160811","omCPNZnkoGQP9lmlKNURW3OhwzieINIb6M67QWm/li0=","carabid","HARSP7","Harpalus sp.","genus",,"Latreille",,1,"Lindroth, C. H. 1969. The ground-beetles (Carabidae, excl. Cicindelinae) of Canada and Alaska, parts 1-6. Opuscula E. Entomoligiska Sallskapet.","FHSuRnDDEXch2F1N4+O9mztJ2ojXSkEF","FHSuRnDDEXch2F1N4+O9mztJ2ojXSkEF",
"31ac9a3b-0edc-4b35-af1f-2ce1cba7df28","CPER_003.basePlot.bet","D10","CPER","CPER_003","E","2016-07-28","2016-08-11","2016-08-12","2017-01-05","2017-01-05","CPER_003.E.20160811","omCPNZnkoGQP9lmlKNURW0XvmZ4zXKSqxjya/Ex5qos=","carabid","DISPAR1","Discoderus parallelus","species",,"Haldeman",,4,"Lindroth, C. H. 1969. The ground-beetles (Carabidae, excl. Cicindelinae) of Canada and Alaska, parts 1-6. Opuscula E. Entomoligiska Sallskapet.","FHSuRnDDEXch2F1N4+O9mztJ2ojXSkEF","FHSuRnDDEXch2F1N4+O9mztJ2ojXSkEF",
"cd71df23-12a0-41c7-9949-858b581dcba5","CPER_003.basePlot.bet","D10","CPER","CPER_003","S","2016-07-28","2016-08-11","2016-08-12","2017-01-05","2017-01-05","CPER_003.S.20160811","omCPNZnkoGRYgy0NJmkzYjXr0jONvxbpnuyblf1PSd0=","carabid","DISPAR1","Discoderus parallelus","species",,"Haldeman",,4,"Lindroth, C. H. 1969. The ground-beetles (Carabidae, excl. Cicindelinae) of Canada and Alaska, parts 1-6. Opuscula E. Entomoligiska Sallskapet.","FHSuRnDDEXch2F1N4+O9mztJ2ojXSkEF","FHSuRnDDEXch2F1N4+O9mztJ2ojXSkEF",
"bf5a397b-2425-449d-acab-9bb83a6c6c87","CPER_001.basePlot.bet","D10","CPER","CPER_001","S","2016-07-28","2016-08-11","2016-08-12","2017-01-05","2017-01-05","CPER_001.S.20160811","BEtTVHT1LvExbFJS54y7UGE48V7Du6s/dKUPd2jQHog=","carabid","CHLTOM","Chlaenius tomentosus","species",,"Say",,1,"Lindroth, C. H. 1969. The ground-beetles (Carabidae, excl. Cicindelinae) of Canada and Alaska, parts 1-6. Opuscula E. Entomoligiska Sallskapet.","FHSuRnDDEXch2F1N4+O9mztJ2ojXSkEF","FHSuRnDDEXch2F1N4+O9mztJ2ojXSkEF",
"10b5e885-266b-4992-9047-d39f627b6251","CPER_001.basePlot.bet","D10","CPER","CPER_001","W","2016-07-28","2016-08-11","2016-08-12","2017-01-05","2017-01-05","CPER_001.W.20160811","BEtTVHT1LvHssZlqN3Ym26UJUEO1u8A7F8gksL/0Dng=","carabid","HARSP7","Harpalus sp.","genus",,"Latreille","D10.2016.MorphI",1,"Lindroth, C. H. 1969. The ground-beetles (Carabidae, excl. Cicindelinae) of Canada and Alaska, parts 1-6. Opuscula E. Entomoligiska Sallskapet.","FHSuRnDDEXch2F1N4+O9mztJ2ojXSkEF","FHSuRnDDEXch2F1N4+O9mztJ2ojXSkEF",
"adc7e0aa-dba5-416d-a01b-cf6dd06822fc","CPER_010.basePlot.bet","D10","CPER","CPER_010","E","2016-07-28","2016-08-11","2016-08-12","2017-01-06","2017-01-06","CPER_010.E.20160811","DW9ihRbrMtlU+DgkMtW21E9qmwQbE6tMckkkie6a1gA=","carabid","RHASP","Rhadine sp.","genus",,"LeConte","D10.2016.MorphE",2,"Lindroth, C. H. 1969. The ground-beetles (Carabidae, excl. Cicindelinae) of Canada and Alaska, parts 1-6. Opuscula E. Entomoligiska Sallskapet.","FHSuRnDDEXch2F1N4+O9mztJ2ojXSkEF","jzmKcF+03gcUo1n16tfkmq5o6x6WOPUL",
"e2232886-80e1-4b13-8186-904103152853","CPER_010.basePlot.bet","D10","CPER","CPER_010","E","2016-07-28","2016-08-11","2016-08-12","2017-01-06","2017-01-06","CPER_010.E.20160811","DW9ihRbrMtlU+DgkMtW21IpKOPA/H2yXMQ2X8Wr1uVw=","carabid","CHLTOM","Chlaenius tomentosus","species",,"Say",,2,"Lindroth, C. H. 1969. The ground-beetles (Carabidae, excl. Cicindelinae) of Canada and Alaska, parts 1-6. Opuscula E. Entomoligiska Sallskapet.","FHSuRnDDEXch2F1N4+O9mztJ2ojXSkEF","jzmKcF+03gcUo1n16tfkmq5o6x6WOPUL",
"5c807a7b-1ee5-4137-b265-145bac7d5151","CPER_007.basePlot.bet","D10","CPER","CPER_007","E","2016-07-28","2016-08-11","2016-08-12","2016-08-22",,"CPER_007.E.20160811","SOIi55Lib0IFQ1eb9PLopMSioXGzzVpxM3fl2lvCG3I=","invert bycatch",,,,,,,,,,"EWrRKg8wzIMaNrWK6a7MhpXyyIIOA6PNDE6EHntJeoM=",
"a07f3704-f7b7-4c4a-9460-512af77604ad","CPER_006.basePlot.bet","D10","CPER","CPER_006","E","2016-07-28","2016-08-11","2016-08-12","2016-08-22",,"CPER_006.E.20160811","NHMCrMp+/ZW+otjcGhsCuaG634zLYtWiPyLenBbx9IQ=","invert bycatch",,,,,,,,,,"b5Bt2/WAcobZn6HG5BJ0XugSCqR8u1Uj4+iyEzptoVg=",
"23732a39-9acb-4dd9-95e4-adcdcbc6496e","CPER_003.basePlot.bet","D10","CPER","CPER_003","E","2016-07-28","2016-08-11","2016-08-12","2016-08-22",,"CPER_003.E.20160811","omCPNZnkoGQP9lmlKNURW7MxjEDLMlxxBgP/G9lDz10=","invert bycatch",,,,,,,,,,"b5Bt2/WAcobZn6HG5BJ0XugSCqR8u1Uj4+iyEzptoVg=",
"2835614b-9c20-409e-bbfc-3af7a7e91ccb","CPER_004.basePlot.bet","D10","CPER","CPER_004","E","2016-07-28","2016-08-11","2016-08-12","2016-08-22",,"CPER_004.E.20160811","eSCyThC0ZO4IX+FtgKgxoJ2O2EvQsjrbZ+QvSqyox0M=","invert bycatch",,,,,,,,,,"JrWiSIB6vVmygUMacMEd2N8TGWWOkJRhBpFeIcHEel4=",
"1071728e-24f6-49e1-a1f6-6a85afd0c23d","CPER_001.basePlot.bet","D10","CPER","CPER_001","E","2016-07-28","2016-08-11","2016-08-12","2016-08-22",,"CPER_001.E.20160811","BEtTVHT1LvErFJ0fxOdJaSYVT3EZCBDWxHMcfdh0u0k=","invert bycatch",,,,,,,,,,"b5Bt2/WAcobZn6HG5BJ0XugSCqR8u1Uj4+iyEzptoVg=",
"e41158d8-a352-448c-8763-8286b3698ad7","CPER_005.basePlot.bet","D10","CPER","CPER_005","E","2016-07-28","2016-08-11","2016-08-12","2016-08-22",,"CPER_005.E.20160811","e1AKewEwvnHvaJKKtfNGWVQqMUJND6b7V8cTYQh2d8A=","invert bycatch",,,,,,,,,,"1dFEKNySUBNuq4xEVAo4quQhHklgSxBG",
"6b4f7d07-5022-42eb-90bc-c3a65dc66da2","CPER_002.basePlot.bet","D10","CPER","CPER_002","E","2016-07-28","2016-08-11","2016-08-12","2016-08-22",,"CPER_002.E.20160811","OMNGlFKVPvQJJObmwEsyrCosMgz926w0c9g4vRO4l6s=","invert bycatch",,,,,,,,,,"b5Bt2/WAcobZn6HG5BJ0XugSCqR8u1Uj4+iyEzptoVg=",
"9d077900-6855-41ed-83f7-c585a1324ac8","CPER_010.basePlot.bet","D10","CPER","CPER_010","E","2016-07-28","2016-08-11","2016-08-12","2016-08-22",,"CPER_010.E.20160811","DW9ihRbrMtlU+DgkMtW21NfX/9d4u9VJprI2cJd/T7w=","invert bycatch",,,,,,,,,,"1dFEKNySUBNuq4xEVAo4quQhHklgSxBG",
"15065866-0b70-41e3-a47e-4ffb6a17db7f","CPER_009.basePlot.bet","D10","CPER","CPER_009","E","2016-07-28","2016-08-11","2016-08-12","2016-08-22",,"CPER_009.E.20160811","KY+Aed9dLRtMfeumMywSKc/owH2slLBpE8z/gDwb+2I=","invert bycatch",,,,,,,,,,"EWrRKg8wzIMaNrWK6a7MhpXyyIIOA6PNDE6EHntJeoM=",
"2620abe9-eba9-433e-9f72-9c54da463693","CPER_008.basePlot.bet","D10","CPER","CPER_008","E","2016-07-28","2016-08-11","2016-08-12","2016-08-22",,"CPER_008.E.20160811","kqngcYlCVJ5Ki03/qc9YSY/ipMDOj6umwDt8xsokfbI=","invert bycatch",,,,,,,,,,"EWrRKg8wzIMaNrWK6a7MhpXyyIIOA6PNDE6EHntJeoM=",
"5120ce36-2798-432d-b8cf-87118d634ae2","CPER_010.basePlot.bet","D10","CPER","CPER_010","N","2016-07-28","2016-08-11","2016-08-12","2016-08-22",,"CPER_010.N.20160811","DW9ihRbrMtmCpKWaSPJZk93Pb9q6kFCO7nTh5cZWFzk=","invert bycatch",,,,,,,,,,"1dFEKNySUBNuq4xEVAo4quQhHklgSxBG",
"c94975bf-7e33-45c9-b44e-2d31304b58c1","CPER_002.basePlot.bet","D10","CPER","CPER_002","N","2016-07-28","2016-08-11","2016-08-12","2016-08-22",,"CPER_002.N.20160811","OMNGlFKVPvQa04Fp0UBa9Xn244EuGt7BuY+794yfH4I=","invert bycatch",,,,,,,,,,"b5Bt2/WAcobZn6HG5BJ0XugSCqR8u1Uj4+iyEzptoVg=",
"0d058649-f8e9-4d0e-9653-2851a043de47","CPER_010.basePlot.bet","D10","CPER","CPER_010","N","2016-07-28","2016-08-11","2016-08-12","2016-08-22",,"CPER_010.N.20160811","DW9ihRbrMtmCpKWaSPJZk93Pb9q6kFCOrAdJ+nZ/s4E=","invert bycatch",,,,,,,,,,"1dFEKNySUBNuq4xEVAo4quQhHklgSxBG",
"16614cd4-7437-4f9b-914d-7f8bb5632747","CPER_010.basePlot.bet","D10","CPER","CPER_010","N","2016-07-28","2016-08-11","2016-08-12","2016-08-22",,"CPER_010.N.20160811","DW9ihRbrMtmCpKWaSPJZk93Pb9q6kFCOYtWdqYl1M8w=","invert bycatch",,,,,,,,,,"1dFEKNySUBNuq4xEVAo4quQhHklgSxBG",
"d57262cb-cbea-47aa-9da1-ef3ea655ba77","CPER_010.basePlot.bet","D10","CPER","CPER_010","N","2016-07-28","2016-08-11","2016-08-12","2016-08-12","2016-08-12","CPER_010.N.20160811","DW9ihRbrMtmCpKWaSPJZk0QvF9zNFRt/tNgKVVLHDQs=","vert bycatch herp","HOLMAC","Holbrookia maculata","species",,"Girard",,1,"Other","2lRMQQ1w1tjxtWhGz93Yd/OOt4CTCGT1","2lRMQQ1w1tjxtWhGz93Yd/OOt4CTCGT1",
"a79d60ce-8eb0-42bc-b04a-4c26909146eb","CPER_008.basePlot.bet","D10","CPER","CPER_008","N","2016-07-28","2016-08-11","2016-08-12","2016-08-22",,"CPER_008.N.20160811","kqngcYlCVJ4WypzPT4tdpAWxFRgaZgxV9uTvvK+jUcg=","invert bycatch",,,,,,,,,,"EWrRKg8wzIMaNrWK6a7MhpXyyIIOA6PNDE6EHntJeoM=",
"b3df6ea9-6dbd-4a0f-883a-88003b2d93cc","CPER_010.basePlot.bet","D10","CPER","CPER_010","N","2016-07-28","2016-08-11","2016-08-12","2016-08-22",,"CPER_010.N.20160811","DW9ihRbrMtmCpKWaSPJZk93Pb9q6kFCOT6Fl+FFU2tU=","invert bycatch",,,,,,,,,,"1dFEKNySUBNuq4xEVAo4quQhHklgSxBG",
"5781c310-95bc-4221-96a2-1838e1ffd94d","CPER_010.basePlot.bet","D10","CPER","CPER_010","N","2016-07-28","2016-08-11","2016-08-12","2016-08-22",,"CPER_010.N.20160811","DW9ihRbrMtmCpKWaSPJZk93Pb9q6kFCO+/9kLd0K8JU=","invert bycatch",,,,,,,,,,"1dFEKNySUBNuq4xEVAo4quQhHklgSxBG",
"c97bcf37-0f0a-48ad-b353-3370afcf4c85","CPER_009.basePlot.bet","D10","CPER","CPER_009","N","2016-07-28","2016-08-11","2016-08-12","2016-08-22",,"CPER_009.N.20160811","KY+Aed9dLRsu5N4Vk9Z6VDdX31sl/vAzsXaNn0OF/wY=","invert bycatch",,,,,,,,,,"EWrRKg8wzIMaNrWK6a7MhpXyyIIOA6PNDE6EHntJeoM=",
"51ba1fb4-306b-408e-b99a-ed8cba987b21","CPER_006.basePlot.bet","D10","CPER","CPER_006","N","2016-07-28","2016-08-11","2016-08-12","2016-08-22",,"CPER_006.N.20160811","NHMCrMp+/ZVnmC5LXFDPuokzAnbFDWTCBwIJYYR4Gk8=","invert bycatch",,,,,,,,,,"b5Bt2/WAcobZn6HG5BJ0XugSCqR8u1Uj4+iyEzptoVg=",
"720bd432-87ae-4fe0-ba2d-9f32cf1c8efc","CPER_007.basePlot.bet","D10","CPER","CPER_007","N","2016-07-28","2016-08-11","2016-08-12","2016-08-22",,"CPER_007.N.20160811","SOIi55Lib0IaN/2wEY8s2TRwZE3hQnxBX5FQtyMyd0k=","invert bycatch",,,,,,,,,,"EWrRKg8wzIMaNrWK6a7MhpXyyIIOA6PNDE6EHntJeoM=",
"bf13301c-8b3d-4aa5-b64c-ea74353da1f6","CPER_004.basePlot.bet","D10","CPER","CPER_004","N","2016-07-28","2016-08-11","2016-08-12","2016-08-22",,"CPER_004.N.20160811","eSCyThC0ZO7Z8HwXncMQ82yyOsdT/N1jpeEZ8O0MAOY=","invert bycatch",,,,,,,,,,"JrWiSIB6vVmygUMacMEd2N8TGWWOkJRhBpFeIcHEel4=",
"a0ebcd49-7928-411c-b4bb-88c3781f1c29","CPER_001.basePlot.bet","D10","CPER","CPER_001","N","2016-07-28","2016-08-11","2016-08-12","2016-08-22",,"CPER_001.N.20160811","BEtTVHT1LvEZU/sAlJAcdMp2e81G8MRc55I5dh9eGMw=","invert bycatch",,,,,,,,,,"b5Bt2/WAcobZn6HG5BJ0XugSCqR8u1Uj4+iyEzptoVg=",
"32fcaaca-71e0-424b-b5f5-ca4c3960d878","CPER_003.basePlot.bet","D10","CPER","CPER_003","N","2016-07-28","2016-08-11","2016-08-12","2016-08-22",,"CPER_003.N.20160811","omCPNZnkoGR1hbO4uBHFrADCb6d5E2tMOpVGJo5Riu0=","invert bycatch",,,,,,,,,,"b5Bt2/WAcobZn6HG5BJ0XugSCqR8u1Uj4+iyEzptoVg=",
"38c661b6-bb91-415a-854b-1cba1b2740f5","CPER_005.basePlot.bet","D10","CPER","CPER_005","N","2016-07-28","2016-08-11","2016-08-12","2016-08-22",,"CPER_005.N.20160811","e1AKewEwvnETE+QzWR0w6czRvyBt9OjZT6+RvLzd9qE=","invert bycatch",,,,,,,,,,"1dFEKNySUBNuq4xEVAo4quQhHklgSxBG",
"dac86f83-bec1-4274-a786-499d983349d9","CPER_007.basePlot.bet","D10","CPER","CPER_007","S","2016-07-28","2016-08-11","2016-08-12","2016-08-22",,"CPER_007.S.20160811","SOIi55Lib0I/4NahKE3RsUlIApduG8IfARYXEblU/3I=","invert bycatch",,,,,,,,,,"EWrRKg8wzIMaNrWK6a7MhpXyyIIOA6PNDE6EHntJeoM=",
"5c5a8db6-ba62-4a84-bc30-35c70f2ea80f","CPER_004.basePlot.bet","D10","CPER","CPER_004","S","2016-07-28","2016-08-11","2016-08-12","2016-08-22",,"CPER_004.S.20160811","eSCyThC0ZO6976WKL+FapM6auie+KeCuj+5rn+0F1rU=","invert bycatch",,,,,,,,,,"/H9GLxVsm6WFraZjcy6LCqsNDzKzoqIN9mmXI2mgQR4=",
"085f9d32-c75a-4fcc-b5c9-c7fbb077aa62","CPER_001.basePlot.bet","D10","CPER","CPER_001","S","2016-07-28","2016-08-11","2016-08-12","2016-08-22",,"CPER_001.S.20160811","BEtTVHT1LvExbFJS54y7UIJXloiBXRsIOj02Ur7kywo=","invert bycatch",,,,,,,,,,"b5Bt2/WAcobZn6HG5BJ0XugSCqR8u1Uj4+iyEzptoVg=",
"399fab8e-c0dc-4411-8205-28bc71e7390e","CPER_001.basePlot.bet","D10","CPER","CPER_001","S","2016-07-28","2016-08-11","2016-08-12","2016-08-22",,"CPER_001.S.20160811","BEtTVHT1LvExbFJS54y7UIJXloiBXRsIoOwEG7ihv8E=","invert bycatch",,,,,,,,,,"b5Bt2/WAcobZn6HG5BJ0XugSCqR8u1Uj4+iyEzptoVg=",
"ebb34cfa-f896-4002-9638-767463873dd7","CPER_003.basePlot.bet","D10","CPER","CPER_003","S","2016-07-28","2016-08-11","2016-08-12","2016-08-22",,"CPER_003.S.20160811","omCPNZnkoGRYgy0NJmkzYkKkuzXtCjHN5/t93ZerNjc=","invert bycatch",,,,,,,,,,"b5Bt2/WAcobZn6HG5BJ0XugSCqR8u1Uj4+iyEzptoVg=",
"b9ce772f-1cb2-4213-9615-6e4e2fd5c7f5","CPER_002.basePlot.bet","D10","CPER","CPER_002","S","2016-07-28","2016-08-11","2016-08-12","2016-08-22",,"CPER_002.S.20160811","OMNGlFKVPvSiNB//mkcmFDzLi2yKUilWukFc/dO1+MU=","invert bycatch",,,,,,,,,,"b5Bt2/WAcobZn6HG5BJ0XugSCqR8u1Uj4+iyEzptoVg=",
"24c9d6d8-324e-4763-ae22-c07fd5ec71ae","CPER_010.basePlot.bet","D10","CPER","CPER_010","S","2016-07-28","2016-08-11","2016-08-12","2016-08-22",,"CPER_010.S.20160811","DW9ihRbrMtmOiADTfsKRGFh4sbtRqD4ZbvH+RPL1RyA=","invert bycatch",,,,,,,,,,"1dFEKNySUBNuq4xEVAo4quQhHklgSxBG",
"d7ae084f-e4a2-4491-a9d1-0907dcc460b9","CPER_008.basePlot.bet","D10","CPER","CPER_008","S","2016-07-28","2016-08-11","2016-08-12","2016-08-22",,"CPER_008.S.20160811","kqngcYlCVJ6RTpAUD89Xb1J+TTDAsPDQIe1cm9gH5c8=","invert bycatch",,,,,,,,,,"EWrRKg8wzIMaNrWK6a7MhpXyyIIOA6PNDE6EHntJeoM=",
"4a613288-5769-4528-b4a2-6008d0f285fa","CPER_006.basePlot.bet","D10","CPER","CPER_006","S","2016-07-28","2016-08-11","2016-08-12","2016-08-22",,"CPER_006.S.20160811","NHMCrMp+/ZWmMl7HlSTkX4GGyVa26H4ENpbNW8/paqI=","invert bycatch",,,,,,,,,,"b5Bt2/WAcobZn6HG5BJ0XugSCqR8u1Uj4+iyEzptoVg=",
"dfa28133-4326-4a6b-a8d5-4246b4a1dd9d","CPER_009.basePlot.bet","D10","CPER","CPER_009","S","2016-07-28","2016-08-11","2016-08-12","2016-08-22",,"CPER_009.S.20160811","KY+Aed9dLRt8INgROh+aTSTERXJxo77awTqMi7ZAcBY=","invert bycatch",,,,,,,,,,"EWrRKg8wzIMaNrWK6a7MhpXyyIIOA6PNDE6EHntJeoM=",
"365d45db-0cf7-4b2f-9f2f-92e5cab8281a","CPER_001.basePlot.bet","D10","CPER","CPER_001","W","2016-07-28","2016-08-11","2016-08-12","2016-08-22",,"CPER_001.W.20160811","BEtTVHT1LvHssZlqN3Ym227n0zlUroFJAIdOAEhaGKc=","invert bycatch",,,,,,,,,,"b5Bt2/WAcobZn6HG5BJ0XugSCqR8u1Uj4+iyEzptoVg=",
"f49d1e84-fc7f-42b5-a363-68981b49e959","CPER_009.basePlot.bet","D10","CPER","CPER_009","W","2016-07-28","2016-08-11","2016-08-12","2016-08-22",,"CPER_009.W.20160811","KY+Aed9dLRsHPw2TWjhstjHTSdwHSRD63v8VdJwmEvw=","invert bycatch",,,,,,,,,,"EWrRKg8wzIMaNrWK6a7MhpXyyIIOA6PNDE6EHntJeoM=",
"841c5cb2-faa7-49a9-8c40-b07a805705f1","CPER_007.basePlot.bet","D10","CPER","CPER_007","W","2016-07-28","2016-08-11","2016-08-12","2016-08-22",,"CPER_007.W.20160811","SOIi55Lib0LjVkyBxP4/dmgTf/QmQxS02x2wGojUV0U=","invert bycatch",,,,,,,,,,"EWrRKg8wzIMaNrWK6a7MhpXyyIIOA6PNDE6EHntJeoM=",
"bba7f326-3a21-4653-9c73-19902eac7927","CPER_006.basePlot.bet","D10","CPER","CPER_006","W","2016-07-28","2016-08-11","2016-08-12","2016-08-22",,"CPER_006.W.20160811","NHMCrMp+/ZU42xsb7uhkh7KX4UqOsny4RsZx+ysWvh8=","invert bycatch",,,,,,,,,,"b5Bt2/WAcobZn6HG5BJ0XugSCqR8u1Uj4+iyEzptoVg=",
"362adce9-7171-48c2-be9b-356e85054f81","CPER_003.basePlot.bet","D10","CPER","CPER_003","W","2016-07-28","2016-08-11","2016-08-12","2016-08-22",,"CPER_003.W.20160811","omCPNZnkoGTUdh0Dl6mzK1fF34XxWMFnERj+MmlULYY=","invert bycatch",,,,,,,,,,"b5Bt2/WAcobZn6HG5BJ0XugSCqR8u1Uj4+iyEzptoVg=",
"5c452a39-b623-41e7-aa5c-415d3f802fae","CPER_004.basePlot.bet","D10","CPER","CPER_004","W","2016-07-28","2016-08-11","2016-08-12","2016-08-22",,"CPER_004.W.20160811","eSCyThC0ZO4EZcnN0emnI9FEnMjq2MX0YKar9+HSEyo=","invert bycatch",,,,,,,,,,"JrWiSIB6vVmygUMacMEd2N8TGWWOkJRhBpFeIcHEel4=",
"35bf870f-a2df-41cf-a176-e5dcd512d152","CPER_005.basePlot.bet","D10","CPER","CPER_005","W","2016-07-28","2016-08-11","2016-08-12","2016-08-22",,"CPER_005.W.20160811","e1AKewEwvnHrFZfyRqKUqJBRikyndMr3tuqhzD24AAs=","invert bycatch",,,,,,,,,,"1dFEKNySUBNuq4xEVAo4quQhHklgSxBG",
"66461411-d87b-47e5-a9bc-fc7f2e38f687","CPER_002.basePlot.bet","D10","CPER","CPER_002","W","2016-07-28","2016-08-11","2016-08-12","2016-08-22",,"CPER_002.W.20160811","OMNGlFKVPvROFlwUjzTlLk7QCI4O0URhu0QfMQGidyA=","invert bycatch",,,,,,,,,,"b5Bt2/WAcobZn6HG5BJ0XugSCqR8u1Uj4+iyEzptoVg=",
"81d59a96-4736-445b-909f-18e2a7c6d03e","CPER_010.basePlot.bet","D10","CPER","CPER_010","W","2016-07-28","2016-08-11","2016-08-12","2016-08-22",,"CPER_010.W.20160811","DW9ihRbrMtmLSgZRplyqa/EeJiBYz6PZeOGvMiUbbOk=","invert bycatch",,,,,,,,,,"1dFEKNySUBNuq4xEVAo4quQhHklgSxBG",
"ac485260-4d74-4e06-9ba3-27b9901c16b2","CPER_008.basePlot.bet","D10","CPER","CPER_008","W","2016-07-28","2016-08-11","2016-08-12","2016-08-22",,"CPER_008.W.20160811","kqngcYlCVJ4K7eH14S2IPVUIXBQ25fxMQwPRSzQtNH8=","invert bycatch",,,,,,,,,,"EWrRKg8wzIMaNrWK6a7MhpXyyIIOA6PNDE6EHntJeoM=",
"1ac56615-b497-4e39-b6ca-8284162a7652","CPER_009.basePlot.bet","D10","CPER","CPER_009","W","2016-07-28","2016-08-11","2016-08-12","2016-08-22","2016-08-12","CPER_009.W.20160811","KY+Aed9dLRsHPw2TWjhstnpasblGPAOkAyY/k9Bhvbw=","vert bycatch herp","PHRYSP","Phrynosomatidae sp.","family",,"TRUE",,1,"Other","2lRMQQ1w1tjxtWhGz93Yd/OOt4CTCGT1","EWrRKg8wzIMaNrWK6a7MhpXyyIIOA6PNDE6EHntJeoM=",
"dfd0ffb9-7903-4b1d-b1f6-24ed4c323fc6","CPER_002.basePlot.bet","D10","CPER","CPER_002","E","2016-08-11","2016-08-25","2016-08-26","2016-09-01","2016-08-26","CPER_002.E.20160825","OMNGlFKVPvQJJObmwEsyrGoQ4uTYVR+xPEBmOohsmSc=","vert bycatch herp","HOLMAC","Holbrookia maculata","species",,"Girard",,2,"Other","2lRMQQ1w1tjxtWhGz93Yd/OOt4CTCGT1","b5Bt2/WAcobZn6HG5BJ0XugSCqR8u1Uj4+iyEzptoVg=",
"420abe54-129d-4aff-aed5-1ea3c1dbfd8c","CPER_009.basePlot.bet","D10","CPER","CPER_009","E","2016-08-11","2016-08-25","2016-08-26","2016-09-02",,"CPER_009.E.20160825","KY+Aed9dLRtMfeumMywSKfU1uEPOefy1WFsKUdLb/6U=","invert bycatch",,,,,,,,,,"b5Bt2/WAcobZn6HG5BJ0XugSCqR8u1Uj4+iyEzptoVg=",
"4bb7d17c-2492-47fa-aa5d-a4acbcd7bbaf","CPER_006.basePlot.bet","D10","CPER","CPER_006","E","2016-08-11","2016-08-25","2016-08-26","2016-09-01",,"CPER_006.E.20160825","NHMCrMp+/ZW+otjcGhsCuXVnfsTJn/wdEy3fv4/mvLE=","invert bycatch",,,,,,,,,,"b5Bt2/WAcobZn6HG5BJ0XugSCqR8u1Uj4+iyEzptoVg=",
"24690f14-a561-4d39-9a27-49a821818822","CPER_008.basePlot.bet","D10","CPER","CPER_008","E","2016-08-11","2016-08-25","2016-08-26","2016-09-01",,"CPER_008.E.20160825","kqngcYlCVJ5Ki03/qc9YSRGAlvB6fg3LGSncEj9qQbc=","invert bycatch",,,,,,,,,,"b5Bt2/WAcobZn6HG5BJ0XugSCqR8u1Uj4+iyEzptoVg=",
"b8eaa2e5-4f2c-49a1-9324-2bd1b857a8bc","CPER_010.basePlot.bet","D10","CPER","CPER_010","E","2016-08-11","2016-08-25","2016-08-26","2016-09-01",,"CPER_010.E.20160825","DW9ihRbrMtlU+DgkMtW21JaBy27tmlhPFNVJAhU84hU=","invert bycatch",,,,,,,,,,"b5Bt2/WAcobZn6HG5BJ0XugSCqR8u1Uj4+iyEzptoVg=",
"6db1c8cd-cb0f-43f5-a77d-73d27fe8ac87","CPER_002.basePlot.bet","D10","CPER","CPER_002","E","2016-08-11","2016-08-25","2016-08-26","2016-09-01",,"CPER_002.E.20160825","OMNGlFKVPvQJJObmwEsyrCdw3PQu12Gz5QHwtki/k+E=","invert bycatch",,,,,,,,,,"b5Bt2/WAcobZn6HG5BJ0XugSCqR8u1Uj4+iyEzptoVg=",
"8229b224-0c0b-4c8d-a9e1-505f3feac8cb","CPER_005.basePlot.bet","D10","CPER","CPER_005","E","2016-08-11","2016-08-25","2016-08-26","2016-09-01",,"CPER_005.E.20160825","e1AKewEwvnHvaJKKtfNGWcRjJEN4/J768GCVGGTRB6g=","invert bycatch",,,,,,,,,,"b5Bt2/WAcobZn6HG5BJ0XugSCqR8u1Uj4+iyEzptoVg=",
"bd9c0aa8-27fc-4777-8e39-a0101cf98eb6","CPER_001.basePlot.bet","D10","CPER","CPER_001","E","2016-08-11","2016-08-25","2016-08-26","2016-09-01",,"CPER_001.E.20160825","BEtTVHT1LvErFJ0fxOdJaRWhlDi1SOuO7AX5Aq/tZWE=","invert bycatch",,,,,,,,,,"b5Bt2/WAcobZn6HG5BJ0XugSCqR8u1Uj4+iyEzptoVg=",
"d7e33112-e24f-4261-bcec-01f32da445a0","CPER_003.basePlot.bet","D10","CPER","CPER_003","E","2016-08-11","2016-08-25","2016-08-26","2016-09-01",,"CPER_003.E.20160825","omCPNZnkoGQP9lmlKNURW89KcvkuAMLvTFKMBiKmRLM=","invert bycatch",,,,,,,,,,"b5Bt2/WAcobZn6HG5BJ0XugSCqR8u1Uj4+iyEzptoVg=",
"8a45abda-01e6-4ff4-a0af-60fc0c51826a","CPER_004.basePlot.bet","D10","CPER","CPER_004","E","2016-08-11","2016-08-25","2016-08-26","2016-09-01",,"CPER_004.E.20160825","eSCyThC0ZO4IX+FtgKgxoHIDVGFOVyaer0U3+m/VGYQ=","invert bycatch",,,,,,,,,,"b5Bt2/WAcobZn6HG5BJ0XugSCqR8u1Uj4+iyEzptoVg=",
"4276a1fc-0004-4f96-982e-3eb396ed1aee","CPER_007.basePlot.bet","D10","CPER","CPER_007","E","2016-08-11","2016-08-25","2016-08-26","2016-09-02",,"CPER_007.E.20160825","SOIi55Lib0IFQ1eb9PLopAgIk7K+wI1F8RoPbkVzoFE=","invert bycatch",,,,,,,,,,"b5Bt2/WAcobZn6HG5BJ0XugSCqR8u1Uj4+iyEzptoVg=",
"ae2c7686-89dd-4f1c-9a03-6e354b1a0a25","CPER_005.basePlot.bet","D10","CPER","CPER_005","N","2016-08-11","2016-08-25","2016-08-26","2016-09-01",,"CPER_005.N.20160825","e1AKewEwvnETE+QzWR0w6RbAEqUayWgdEOO2c2ACzZ4=","invert bycatch",,,,,,,,,,"b5Bt2/WAcobZn6HG5BJ0XugSCqR8u1Uj4+iyEzptoVg=",
"4db7e07a-7303-4920-adee-3bbff13bd676","CPER_001.basePlot.bet","D10","CPER","CPER_001","N","2016-08-11","2016-08-25","2016-08-26","2016-09-01",,"CPER_001.N.20160825","BEtTVHT1LvEZU/sAlJAcdNyVPO9ze1rXQ0x/P3hvO40=","invert bycatch",,,,,,,,,,"b5Bt2/WAcobZn6HG5BJ0XugSCqR8u1Uj4+iyEzptoVg=",
"f5f10d0c-5fc0-4136-aca4-b58f7fd505e5","CPER_003.basePlot.bet","D10","CPER","CPER_003","N","2016-08-11","2016-08-25","2016-08-26","2016-09-01",,"CPER_003.N.20160825","omCPNZnkoGR1hbO4uBHFrIM/iHrpt7G9XJlUXMwTfsw=","invert bycatch",,,,,,,,,,"b5Bt2/WAcobZn6HG5BJ0XugSCqR8u1Uj4+iyEzptoVg=",
"65e72099-1af5-4280-8268-a25bc2ab6070","CPER_007.basePlot.bet","D10","CPER","CPER_007","N","2016-08-11","2016-08-25","2016-08-26","2016-09-02",,"CPER_007.N.20160825","SOIi55Lib0IaN/2wEY8s2dtytELRP0eIMQcRw6FApmk=","invert bycatch",,,,,,,,,,"b5Bt2/WAcobZn6HG5BJ0XugSCqR8u1Uj4+iyEzptoVg=",
"acdcabf5-492f-4bd7-bd79-d876e8012664","CPER_004.basePlot.bet","D10","CPER","CPER_004","N","2016-08-11","2016-08-25","2016-08-26","2016-09-01",,"CPER_004.N.20160825","eSCyThC0ZO7Z8HwXncMQ85aoWQ9po6AXjGJI18fNLiw=","invert bycatch",,,,,,,,,,"b5Bt2/WAcobZn6HG5BJ0XugSCqR8u1Uj4+iyEzptoVg=",
"91d7ca25-1776-4db6-870e-88d910bdb78a","CPER_006.basePlot.bet","D10","CPER","CPER_006","N","2016-08-11","2016-08-25","2016-08-26","2016-09-01",,"CPER_006.N.20160825","NHMCrMp+/ZVnmC5LXFDPukYRTdY7dUWKu8lr0xLaStA=","invert bycatch",,,,,,,,,,"b5Bt2/WAcobZn6HG5BJ0XugSCqR8u1Uj4+iyEzptoVg=",
"c59533f1-5bc9-4116-a137-68dd6bc77f28","CPER_008.basePlot.bet","D10","CPER","CPER_008","N","2016-08-11","2016-08-25","2016-08-26","2016-09-01",,"CPER_008.N.20160825","kqngcYlCVJ4WypzPT4tdpMs2pmSBwNRZP0xU4S9QaVc=","invert bycatch",,,,,,,,,,"b5Bt2/WAcobZn6HG5BJ0XugSCqR8u1Uj4+iyEzptoVg=",
"178b3325-e05e-462f-b270-a122031b7ec6","CPER_009.basePlot.bet","D10","CPER","CPER_009","N","2016-08-11","2016-08-25","2016-08-26","2016-09-02",,"CPER_009.N.20160825","KY+Aed9dLRsu5N4Vk9Z6VLDIGY4sdAEqZ684+d49g+g=","invert bycatch",,,,,,,,,,"b5Bt2/WAcobZn6HG5BJ0XugSCqR8u1Uj4+iyEzptoVg=",
"66a1b184-e52e-4126-ab22-a07af994ab54","CPER_010.basePlot.bet","D10","CPER","CPER_010","N","2016-08-11","2016-08-25","2016-08-26","2016-09-01",,"CPER_010.N.20160825","DW9ihRbrMtmCpKWaSPJZk/S95SHxPhyzQ/Sa0eBVzCg=","invert bycatch",,,,,,,,,,"b5Bt2/WAcobZn6HG5BJ0XugSCqR8u1Uj4+iyEzptoVg=",
"aea921c3-4248-4d62-983e-6713915fa299","CPER_002.basePlot.bet","D10","CPER","CPER_002","N","2016-08-11","2016-08-25","2016-08-26","2016-09-01",,"CPER_002.N.20160825","OMNGlFKVPvQa04Fp0UBa9fC/u9z64HgECEAe/gq1UU8=","invert bycatch",,,,,,,,,,"b5Bt2/WAcobZn6HG5BJ0XugSCqR8u1Uj4+iyEzptoVg=",
"249f6354-9988-487f-8d10-fe469519ffd0","CPER_009.basePlot.bet","D10","CPER","CPER_009","S","2016-08-11","2016-08-25","2016-08-26","2016-09-02",,"CPER_009.S.20160825","KY+Aed9dLRt8INgROh+aTYgXYJc5Poi70VkkpZx4/7Y=","invert bycatch",,,,,,,,,,"b5Bt2/WAcobZn6HG5BJ0XugSCqR8u1Uj4+iyEzptoVg=",
"8c683964-6565-4db9-a49a-0e4fb53d577b","CPER_002.basePlot.bet","D10","CPER","CPER_002","S","2016-08-11","2016-08-25","2016-08-26","2016-09-01",,"CPER_002.S.20160825","OMNGlFKVPvSiNB//mkcmFK/YIwqJcdGeCsF/pJ98V9E=","invert bycatch",,,,,,,,,,"b5Bt2/WAcobZn6HG5BJ0XugSCqR8u1Uj4+iyEzptoVg=",
"95d6f667-a84b-4c9f-9ae0-861e035844aa","CPER_010.basePlot.bet","D10","CPER","CPER_010","S","2016-08-11","2016-08-25","2016-08-26","2016-09-01",,"CPER_010.S.20160825","DW9ihRbrMtmOiADTfsKRGI3QkM+0FXjHUMSfrqblu3A=","invert bycatch",,,,,,,,,,"b5Bt2/WAcobZn6HG5BJ0XugSCqR8u1Uj4+iyEzptoVg=",
"6d101e7a-80c9-4ae5-8cfd-11a7e2283b2f","CPER_008.basePlot.bet","D10","CPER","CPER_008","S","2016-08-11","2016-08-25","2016-08-26","2016-09-01",,"CPER_008.S.20160825","kqngcYlCVJ6RTpAUD89Xb8FqS+5f6VGSFzC8CKB1ZIU=","invert bycatch",,,,,,,,,,"b5Bt2/WAcobZn6HG5BJ0XugSCqR8u1Uj4+iyEzptoVg=",
"a42b017d-1905-4631-b713-d071ad04848a","CPER_004.basePlot.bet","D10","CPER","CPER_004","S","2016-08-11","2016-08-25","2016-08-26","2016-09-01",,"CPER_004.S.20160825","eSCyThC0ZO6976WKL+FapDh21jJXvQ5Fl0ShMpIObZI=","invert bycatch",,,,,,,,,,"b5Bt2/WAcobZn6HG5BJ0XugSCqR8u1Uj4+iyEzptoVg=",
"ecab51e4-0982-4369-9f44-cc1f5fad259b","CPER_006.basePlot.bet","D10","CPER","CPER_006","S","2016-08-11","2016-08-25","2016-08-26","2016-09-01",,"CPER_006.S.20160825","NHMCrMp+/ZWmMl7HlSTkXxBjCPqFcWUTlRe1p68TBhc=","invert bycatch",,,,,,,,,,"b5Bt2/WAcobZn6HG5BJ0XugSCqR8u1Uj4+iyEzptoVg=",
"607afad7-28c0-47fc-b99d-54e18984d4d0","CPER_007.basePlot.bet","D10","CPER","CPER_007","S","2016-08-11","2016-08-25","2016-08-26","2016-09-02",,"CPER_007.S.20160825","SOIi55Lib0I/4NahKE3RsQ5LcF8lpo+ztJEm8kn/XT0=","invert bycatch",,,,,,,,,,"b5Bt2/WAcobZn6HG5BJ0XugSCqR8u1Uj4+iyEzptoVg=",
"3241d312-ac4c-4eb3-9ba5-b74c7e432682","CPER_007.basePlot.bet","D10","CPER","CPER_007","S","2016-08-11","2016-08-25","2016-08-26","2016-09-02",,"CPER_007.S.20160825","SOIi55Lib0I/4NahKE3RsQ5LcF8lpo+zIzBeLkDQvRI=","invert bycatch",,,,,,,,,,"b5Bt2/WAcobZn6HG5BJ0XugSCqR8u1Uj4+iyEzptoVg=",
"308f0e14-66d4-4db6-9d15-b4c2cd98e985","CPER_001.basePlot.bet","D10","CPER","CPER_001","S","2016-08-11","2016-08-25","2016-08-26","2016-09-01",,"CPER_001.S.20160825","BEtTVHT1LvExbFJS54y7UDn9JAwWuFNLC58Wc9lu254=","invert bycatch",,,,,,,,,,"b5Bt2/WAcobZn6HG5BJ0XugSCqR8u1Uj4+iyEzptoVg=",
"6a344842-c0b3-48d8-a2b6-d2f7ab9416a9","CPER_007.basePlot.bet","D10","CPER","CPER_007","S","2016-08-11","2016-08-25","2016-08-26","2016-09-02","2016-08-26","CPER_007.S.20160825","SOIi55Lib0I/4NahKE3RsaQjujqY/Jxujhpzie/9S9k=","vert bycatch herp","HOLMAC","Holbrookia maculata","species",,"Girard",,1,"Other","2lRMQQ1w1tjxtWhGz93Yd/OOt4CTCGT1","b5Bt2/WAcobZn6HG5BJ0XugSCqR8u1Uj4+iyEzptoVg=",
"cf75d37a-d919-4b04-adf1-c197b103e333","CPER_003.basePlot.bet","D10","CPER","CPER_003","S","2016-08-11","2016-08-25","2016-08-26","2016-09-01",,"CPER_003.S.20160825","omCPNZnkoGRYgy0NJmkzYur+earckGk0oPIt9PJOI2s=","invert bycatch",,,,,,,,,,"b5Bt2/WAcobZn6HG5BJ0XugSCqR8u1Uj4+iyEzptoVg=",
"97223faf-e993-4a9f-85db-cafbe9a93899","CPER_005.basePlot.bet","D10","CPER","CPER_005","S","2016-08-11","2016-08-25","2016-08-26","2016-09-01",,"CPER_005.S.20160825","e1AKewEwvnG3+ccxepFdV5YBUCEWMAagcE7PDu9V7do=","invert bycatch",,,,,,,,,,"b5Bt2/WAcobZn6HG5BJ0XugSCqR8u1Uj4+iyEzptoVg=",
"dd91c845-d19f-4b06-9096-7e4f6ce6faef","CPER_005.basePlot.bet","D10","CPER","CPER_005","S","2016-08-11","2016-08-25","2016-08-26","2016-09-01","2016-08-26","CPER_005.S.20160825","e1AKewEwvnG3+ccxepFdV3MFJW2JS5pEliNUfJrDpsw=","vert bycatch herp","PLEMUL","Plestiodon multivirgatus","species",,"Hallowell",,1,"Other","2lRMQQ1w1tjxtWhGz93Yd/OOt4CTCGT1","b5Bt2/WAcobZn6HG5BJ0XugSCqR8u1Uj4+iyEzptoVg=",
"6b2d98a4-302c-4e1d-b6d0-21a4bb53ff0d","CPER_006.basePlot.bet","D10","CPER","CPER_006","W","2016-08-11","2016-08-25","2016-08-26","2016-09-01",,"CPER_006.W.20160825","NHMCrMp+/ZU42xsb7uhkhwFP0ruwd1FOJj6BBPS9pcc=","invert bycatch",,,,,,,,,,"b5Bt2/WAcobZn6HG5BJ0XugSCqR8u1Uj4+iyEzptoVg=",
"ebb4d5ff-a629-4b1b-8f99-8b4e960f8ca0","CPER_008.basePlot.bet","D10","CPER","CPER_008","W","2016-08-11","2016-08-25","2016-08-26","2016-09-01",,"CPER_008.W.20160825","kqngcYlCVJ4K7eH14S2IPRskNWk0xkxlRnNj3Hngh98=","invert bycatch",,,,,,,,,,"b5Bt2/WAcobZn6HG5BJ0XugSCqR8u1Uj4+iyEzptoVg=",
"7904560b-50b6-4e3f-a769-28ff4213a9fb","CPER_009.basePlot.bet","D10","CPER","CPER_009","W","2016-08-11","2016-08-25","2016-08-26","2016-09-02",,"CPER_009.W.20160825","KY+Aed9dLRsHPw2TWjhstmJkstvG8nPjRQ3i7D83jGE=","invert bycatch",,,,,,,,,,"b5Bt2/WAcobZn6HG5BJ0XugSCqR8u1Uj4+iyEzptoVg=",
"7a02e3bf-1e65-4052-803d-0c6c57bf7e02","CPER_002.basePlot.bet","D10","CPER","CPER_002","W","2016-08-11","2016-08-25","2016-08-26","2016-09-01",,"CPER_002.W.20160825","OMNGlFKVPvROFlwUjzTlLpnPUdLHmn5R42fWFUGOqzw=","invert bycatch",,,,,,,,,,"b5Bt2/WAcobZn6HG5BJ0XugSCqR8u1Uj4+iyEzptoVg=",
"23f1f778-1e51-4b34-84fb-34569babe870","CPER_010.basePlot.bet","D10","CPER","CPER_010","W","2016-08-11","2016-08-25","2016-08-26","2016-09-01",,"CPER_010.W.20160825","DW9ihRbrMtmLSgZRplyqa74X1CSifcv+gqIGRXRObuI=","invert bycatch",,,,,,,,,,"b5Bt2/WAcobZn6HG5BJ0XugSCqR8u1Uj4+iyEzptoVg=",
"470d28a8-275e-4511-be69-b6275a4a3d64","CPER_001.basePlot.bet","D10","CPER","CPER_001","W","2016-08-11","2016-08-25","2016-08-26","2016-09-01",,"CPER_001.W.20160825","BEtTVHT1LvHssZlqN3Ym28zQg7hH5h1XX7eyjbVR+ug=","invert bycatch",,,,,,,,,,"b5Bt2/WAcobZn6HG5BJ0XugSCqR8u1Uj4+iyEzptoVg=",
"4569ad26-9a8f-464b-aca1-426537b60f72","CPER_005.basePlot.bet","D10","CPER","CPER_005","W","2016-08-11","2016-08-25","2016-08-26","2016-09-01",,"CPER_005.W.20160825","e1AKewEwvnHrFZfyRqKUqBjupRViQr4kQYQOnAefJHw=","invert bycatch",,,,,,,,,,"b5Bt2/WAcobZn6HG5BJ0XugSCqR8u1Uj4+iyEzptoVg=",
"4436183b-6c44-4ac0-92df-1f9beca2db6e","CPER_003.basePlot.bet","D10","CPER","CPER_003","W","2016-08-11","2016-08-25","2016-08-26","2016-09-01",,"CPER_003.W.20160825","omCPNZnkoGTUdh0Dl6mzKwoo9hkw3MXJ9pTWnizdBtA=","invert bycatch",,,,,,,,,,"b5Bt2/WAcobZn6HG5BJ0XugSCqR8u1Uj4+iyEzptoVg=",
"2cc5cf0f-432d-4670-a7ea-f11bae5fd876","CPER_007.basePlot.bet","D10","CPER","CPER_007","W","2016-08-11","2016-08-25","2016-08-26","2016-09-02",,"CPER_007.W.20160825","SOIi55Lib0LjVkyBxP4/dupqqpzEIe7CGlk/6FWy2TQ=","invert bycatch",,,,,,,,,,"b5Bt2/WAcobZn6HG5BJ0XugSCqR8u1Uj4+iyEzptoVg=",
"8f66e020-5866-4b48-89f8-76b306013575","CPER_004.basePlot.bet","D10","CPER","CPER_004","W","2016-08-11","2016-08-25","2016-08-26","2016-09-01",,"CPER_004.W.20160825","eSCyThC0ZO4EZcnN0emnIwCvOeNtv4kc5wIIkdR0PCI=","invert bycatch",,,,,,,,,,"b5Bt2/WAcobZn6HG5BJ0XugSCqR8u1Uj4+iyEzptoVg=",
"572cff62-e63d-4af9-802b-e15c2af50990","CPER_010.basePlot.bet","D10","CPER","CPER_010","N","2016-08-11","2016-08-25","2016-08-26","2017-01-06","2017-01-06","CPER_010.N.20160825","DW9ihRbrMtmCpKWaSPJZky0XsnxW0f5BplyLcMRl4W4=","carabid","PASELO","Pasimachus elongatus","species",,"LeConte",,2,"Lindroth, C. H. 1969. The ground-beetles (Carabidae, excl. Cicindelinae) of Canada and Alaska, parts 1-6. Opuscula E. Entomoligiska Sallskapet.","Xlq171H9ZZZ5J3ckp1BdAB0lm0ecD5Q+","Xlq171H9ZZZ5J3ckp1BdAB0lm0ecD5Q+",
"cc38294b-27bb-417d-a5ad-0a016ba577b0","CPER_010.basePlot.bet","D10","CPER","CPER_010","S","2016-08-11","2016-08-25","2016-08-26","2017-01-06","2017-01-06","CPER_010.S.20160825","DW9ihRbrMtmOiADTfsKRGO09l8hQRJRw/yNUuZgEpFU=","carabid","PASELO","Pasimachus elongatus","species",,"LeConte",,1,"Lindroth, C. H. 1969. The ground-beetles (Carabidae, excl. Cicindelinae) of Canada and Alaska, parts 1-6. Opuscula E. Entomoligiska Sallskapet.","Xlq171H9ZZZ5J3ckp1BdAB0lm0ecD5Q+","Xlq171H9ZZZ5J3ckp1BdAB0lm0ecD5Q+",
"7c9f8dfc-ecbb-469c-a6d4-79eabd09c60e","CPER_010.basePlot.bet","D10","CPER","CPER_010","E","2016-08-11","2016-08-25","2016-08-26","2017-01-06","2017-01-06","CPER_010.E.20160825","DW9ihRbrMtlU+DgkMtW21I5tp7/XvYk9Ad2+D8AxLPw=","carabid","CYMSP3","Cymindis sp.","genus",,"Latreille","D10.2016.MorphBS",2,"Lindroth, C. H. 1969. The ground-beetles (Carabidae, excl. Cicindelinae) of Canada and Alaska, parts 1-6. Opuscula E. Entomoligiska Sallskapet.","Xlq171H9ZZZ5J3ckp1BdAB0lm0ecD5Q+","Xlq171H9ZZZ5J3ckp1BdAB0lm0ecD5Q+",
"db641e08-331e-47a9-8bd6-ebc84155b4c2","CPER_009.basePlot.bet","D10","CPER","CPER_009","S","2016-08-11","2016-08-25","2016-08-26","2017-01-06","2017-01-06","CPER_009.S.20160825","KY+Aed9dLRt8INgROh+aTSJKmLXl8KeHvDklvQAQDo0=","carabid","DISPAR1","Discoderus parallelus","species",,"Haldeman",,1,"Lindroth, C. H. 1969. The ground-beetles (Carabidae, excl. Cicindelinae) of Canada and Alaska, parts 1-6. Opuscula E. Entomoligiska Sallskapet.","Xlq171H9ZZZ5J3ckp1BdAB0lm0ecD5Q+","Xlq171H9ZZZ5J3ckp1BdAB0lm0ecD5Q+",
"66ec65ce-c815-42f9-9f78-a27f701b7a2c","CPER_010.basePlot.bet","D10","CPER","CPER_010","W","2016-08-11","2016-08-25","2016-08-26","2017-01-06","2017-01-06","CPER_010.W.20160825","DW9ihRbrMtmLSgZRplyqayb0SaSpe3wP/1r3LhT+/9A=","carabid","PASELO","Pasimachus elongatus","species",,"LeConte",,1,"Lindroth, C. H. 1969. The ground-beetles (Carabidae, excl. Cicindelinae) of Canada and Alaska, parts 1-6. Opuscula E. Entomoligiska Sallskapet.","Xlq171H9ZZZ5J3ckp1BdAB0lm0ecD5Q+","Xlq171H9ZZZ5J3ckp1BdAB0lm0ecD5Q+",
"de31e53e-48e0-405d-ad14-cdb88e8b1f68","CPER_002.basePlot.bet","D10","CPER","CPER_002","N","2016-08-11","2016-08-25","2016-08-26","2017-01-06","2017-01-06","CPER_002.N.20160825","OMNGlFKVPvQa04Fp0UBa9QT1tHpBrKHfh4q3C7nqL5I=","carabid","PASELO","Pasimachus elongatus","species",,"LeConte",,1,"Lindroth, C. H. 1969. The ground-beetles (Carabidae, excl. Cicindelinae) of Canada and Alaska, parts 1-6. Opuscula E. Entomoligiska Sallskapet.","FHSuRnDDEXch2F1N4+O9mztJ2ojXSkEF","FHSuRnDDEXch2F1N4+O9mztJ2ojXSkEF",
"4ea18dde-e421-42a9-a623-efec323c0f24","CPER_002.basePlot.bet","D10","CPER","CPER_002","E","2016-08-11","2016-08-25","2016-08-26","2017-01-06","2017-01-06","CPER_002.E.20160825","OMNGlFKVPvQJJObmwEsyrEUtZKcEVMKy6j1VxX61e+U=","carabid","PASELO","Pasimachus elongatus","species",,"LeConte",,2,"Lindroth, C. H. 1969. The ground-beetles (Carabidae, excl. Cicindelinae) of Canada and Alaska, parts 1-6. Opuscula E. Entomoligiska Sallskapet.","FHSuRnDDEXch2F1N4+O9mztJ2ojXSkEF","FHSuRnDDEXch2F1N4+O9mztJ2ojXSkEF",
"9d9e64f5-2def-4643-b7f6-7424c59e5e87","CPER_002.basePlot.bet","D10","CPER","CPER_002","S","2016-08-11","2016-08-25","2016-08-26","2017-01-06","2017-01-06","CPER_002.S.20160825","OMNGlFKVPvSiNB//mkcmFGT3o/REm7WePmgjGRjQkgc=","carabid","CRADUB","Cratacanthus dubius","species",,"Palisot de Beauvois",,4,"Lindroth, C. H. 1969. The ground-beetles (Carabidae, excl. Cicindelinae) of Canada and Alaska, parts 1-6. Opuscula E. Entomoligiska Sallskapet.","FHSuRnDDEXch2F1N4+O9mztJ2ojXSkEF","FHSuRnDDEXch2F1N4+O9mztJ2ojXSkEF",
"9ba159a7-e88c-47f6-9cbd-e5c9042fb7b1","CPER_002.basePlot.bet","D10","CPER","CPER_002","E","2016-08-11","2016-08-25","2016-08-26","2017-01-06","2017-01-06","CPER_002.E.20160825","OMNGlFKVPvQJJObmwEsyrBoa32MY6gy2vMrZ52jrxCE=","carabid","DISPAR1","Discoderus parallelus","species",,"Haldeman",,2,"Lindroth, C. H. 1969. The ground-beetles (Carabidae, excl. Cicindelinae) of Canada and Alaska, parts 1-6. Opuscula E. Entomoligiska Sallskapet.","FHSuRnDDEXch2F1N4+O9mztJ2ojXSkEF","FHSuRnDDEXch2F1N4+O9mztJ2ojXSkEF",
"f78eeb3a-b29a-4269-98ef-301c3b23398b","CPER_002.basePlot.bet","D10","CPER","CPER_002","S","2016-08-11","2016-08-25","2016-08-26","2017-01-06","2017-01-06","CPER_002.S.20160825","OMNGlFKVPvSiNB//mkcmFNQ74eI13pPwGhij25YEK5I=","carabid","DISPAR1","Discoderus parallelus","species",,"Haldeman",,1,"Lindroth, C. H. 1969. The ground-beetles (Carabidae, excl. Cicindelinae) of Canada and Alaska, parts 1-6. Opuscula E. Entomoligiska Sallskapet.","FHSuRnDDEXch2F1N4+O9mztJ2ojXSkEF","FHSuRnDDEXch2F1N4+O9mztJ2ojXSkEF",
"1c9745f3-a331-4e4c-bae5-659617867150","CPER_008.basePlot.bet","D10","CPER","CPER_008","S","2016-08-11","2016-08-25","2016-08-26","2017-01-06","2017-01-06","CPER_008.S.20160825","kqngcYlCVJ6RTpAUD89XbwB4GiNWXSoqj4Gg3GW545A=","carabid","CYMSP3","Cymindis sp.","genus",,"Latreille","D10.2016.MorphBS",9,"Lindroth, C. H. 1969. The ground-beetles (Carabidae, excl. Cicindelinae) of Canada and Alaska, parts 1-6. Opuscula E. Entomoligiska Sallskapet.","FHSuRnDDEXch2F1N4+O9mztJ2ojXSkEF","FHSuRnDDEXch2F1N4+O9mztJ2ojXSkEF",
"07f3cffc-a353-4c5d-968b-bb41a5e74b5d","CPER_009.basePlot.bet","D10","CPER","CPER_009","S","2016-08-11","2016-08-25","2016-08-26","2017-01-06","2017-01-06","CPER_009.S.20160825","KY+Aed9dLRt8INgROh+aTWYFM2XVEz5g07EOfHY2DEs=","carabid","CRADUB","Cratacanthus dubius","species",,"Palisot de Beauvois",,1,"Lindroth, C. H. 1969. The ground-beetles (Carabidae, excl. Cicindelinae) of Canada and Alaska, parts 1-6. Opuscula E. Entomoligiska Sallskapet.","Xlq171H9ZZZ5J3ckp1BdAB0lm0ecD5Q+","Xlq171H9ZZZ5J3ckp1BdAB0lm0ecD5Q+",
"c064aeea-281d-445b-bb78-1a3d3f8322c4","CPER_009.basePlot.bet","D10","CPER","CPER_009","E","2016-08-11","2016-08-25","2016-08-26","2017-01-06","2017-01-06","CPER_009.E.20160825","KY+Aed9dLRtMfeumMywSKchaOFDmddc7efmrz+5/TRo=","carabid","SELPLA","Selenophorus planipennis","species",,"LeConte",,1,"Lindroth, C. H. 1969. The ground-beetles (Carabidae, excl. Cicindelinae) of Canada and Alaska, parts 1-6. Opuscula E. Entomoligiska Sallskapet.","Xlq171H9ZZZ5J3ckp1BdAB0lm0ecD5Q+","Xlq171H9ZZZ5J3ckp1BdAB0lm0ecD5Q+",
"c82dc9ad-457d-492b-80c4-0666e17f3ee7","CPER_008.basePlot.bet","D10","CPER","CPER_008","S","2016-08-11","2016-08-25","2016-08-26","2017-01-06","2017-01-06","CPER_008.S.20160825","kqngcYlCVJ6RTpAUD89Xb4E4ZO84JqszKVfMSk85ivc=","carabid","AMAOBE","Amara obesa","species",,"Say",,1,"Lindroth, C. H. 1969. The ground-beetles (Carabidae, excl. Cicindelinae) of Canada and Alaska, parts 1-6. Opuscula E. Entomoligiska Sallskapet.","FHSuRnDDEXch2F1N4+O9mztJ2ojXSkEF","FHSuRnDDEXch2F1N4+O9mztJ2ojXSkEF",
"b750b9c9-a6f9-4c23-83a5-3518e67c7d20","CPER_009.basePlot.bet","D10","CPER","CPER_009","E","2016-08-11","2016-08-25","2016-08-26","2017-01-06","2017-01-06","CPER_009.E.20160825","KY+Aed9dLRtMfeumMywSKXBWmPNDhl6MKS5/9Otb9P4=","carabid","PASELO","Pasimachus elongatus","species",,"LeConte",,2,"Lindroth, C. H. 1969. The ground-beetles (Carabidae, excl. Cicindelinae) of Canada and Alaska, parts 1-6. Opuscula E. Entomoligiska Sallskapet.","Xlq171H9ZZZ5J3ckp1BdAB0lm0ecD5Q+","Xlq171H9ZZZ5J3ckp1BdAB0lm0ecD5Q+",
"609adffb-41ba-4140-9945-424eb382df08","CPER_009.basePlot.bet","D10","CPER","CPER_009","W","2016-08-11","2016-08-25","2016-08-26","2017-01-06","2017-01-06","CPER_009.W.20160825","KY+Aed9dLRsHPw2TWjhstirk2TephzGbQZ/0i9igcz0=","carabid","PASELO","Pasimachus elongatus","species",,"LeConte",,1,"Lindroth, C. H. 1969. The ground-beetles (Carabidae, excl. Cicindelinae) of Canada and Alaska, parts 1-6. Opuscula E. Entomoligiska Sallskapet.","Xlq171H9ZZZ5J3ckp1BdAB0lm0ecD5Q+","Xlq171H9ZZZ5J3ckp1BdAB0lm0ecD5Q+",
"b7d9af3f-0db1-47fc-b6ec-74f9955d87d6","CPER_009.basePlot.bet","D10","CPER","CPER_009","E","2016-08-11","2016-08-25","2016-08-26","2017-01-06","2017-01-06","CPER_009.E.20160825","KY+Aed9dLRtMfeumMywSKcQmwEvPNj0T2HB6/+YEONM=","carabid","CRADUB","Cratacanthus dubius","species",,"Palisot de Beauvois",,3,"Lindroth, C. H. 1969. The ground-beetles (Carabidae, excl. Cicindelinae) of Canada and Alaska, parts 1-6. Opuscula E. Entomoligiska Sallskapet.","Xlq171H9ZZZ5J3ckp1BdAB0lm0ecD5Q+","Xlq171H9ZZZ5J3ckp1BdAB0lm0ecD5Q+",
"0a7fa595-778e-4f29-921f-2d96ca5d7121","CPER_009.basePlot.bet","D10","CPER","CPER_009","E","2016-08-11","2016-08-25","2016-08-26","2017-01-06","2017-01-06","CPER_009.E.20160825","KY+Aed9dLRtMfeumMywSKcy1RURLN49tctuA+jwCrJ4=","carabid","PIOSET","Piosoma setosum","species",,"LeConte",,1,"Lindroth, C. H. 1969. The ground-beetles (Carabidae, excl. Cicindelinae) of Canada and Alaska, parts 1-6. Opuscula E. Entomoligiska Sallskapet.","Xlq171H9ZZZ5J3ckp1BdAB0lm0ecD5Q+","Xlq171H9ZZZ5J3ckp1BdAB0lm0ecD5Q+",
"77e4a577-114c-49bc-9c7f-881135e9d196","CPER_006.basePlot.bet","D10","CPER","CPER_006","N","2016-08-11","2016-08-25","2016-08-26","2017-01-06","2017-01-06","CPER_006.N.20160825","NHMCrMp+/ZVnmC5LXFDPuqe+Z7nLbxixTKjfx5skqnM=","carabid","PASELO","Pasimachus elongatus","species",,"LeConte",,1,"Lindroth, C. H. 1969. The ground-beetles (Carabidae, excl. Cicindelinae) of Canada and Alaska, parts 1-6. Opuscula E. Entomoligiska Sallskapet.","FHSuRnDDEXch2F1N4+O9mztJ2ojXSkEF","FHSuRnDDEXch2F1N4+O9mztJ2ojXSkEF",
"ccd7eee8-419e-49a6-82dc-3b456407bfdb","CPER_006.basePlot.bet","D10","CPER","CPER_006","S","2016-08-11","2016-08-25","2016-08-26","2017-01-06","2017-01-06","CPER_006.S.20160825","NHMCrMp+/ZWmMl7HlSTkX/TPxDz3JLptVvPJoJ5PSDs=","carabid","DISPAR1","Discoderus parallelus","species",,"Haldeman",,2,"Lindroth, C. H. 1969. The ground-beetles (Carabidae, excl. Cicindelinae) of Canada and Alaska, parts 1-6. Opuscula E. Entomoligiska Sallskapet.","FHSuRnDDEXch2F1N4+O9mztJ2ojXSkEF","FHSuRnDDEXch2F1N4+O9mztJ2ojXSkEF",
"2fed70de-f7eb-46bb-9025-01e737bcc9ac","CPER_006.basePlot.bet","D10","CPER","CPER_006","N","2016-08-11","2016-08-25","2016-08-26","2017-01-06","2017-01-06","CPER_006.N.20160825","NHMCrMp+/ZVnmC5LXFDPurxZtiPmcbyHJn5aFQYfDCM=","carabid","PIOSET","Piosoma setosum","species",,"LeConte",,1,"Lindroth, C. H. 1969. The ground-beetles (Carabidae, excl. Cicindelinae) of Canada and Alaska, parts 1-6. Opuscula E. Entomoligiska Sallskapet.","FHSuRnDDEXch2F1N4+O9mztJ2ojXSkEF","FHSuRnDDEXch2F1N4+O9mztJ2ojXSkEF",
"b3140c04-3897-4dcf-92c0-0302744c54ab","CPER_006.basePlot.bet","D10","CPER","CPER_006","S","2016-08-11","2016-08-25","2016-08-26","2017-01-06","2017-01-06","CPER_006.S.20160825","NHMCrMp+/ZWmMl7HlSTkXyxV1jXSNq2BmmZCS9l0qr0=","carabid","PIOSET","Piosoma setosum","species",,"LeConte",,1,"Lindroth, C. H. 1969. The ground-beetles (Carabidae, excl. Cicindelinae) of Canada and Alaska, parts 1-6. Opuscula E. Entomoligiska Sallskapet.","FHSuRnDDEXch2F1N4+O9mztJ2ojXSkEF","FHSuRnDDEXch2F1N4+O9mztJ2ojXSkEF",
"78abffc4-cdd4-464a-88dd-bd351c03d3f6","CPER_006.basePlot.bet","D10","CPER","CPER_006","E","2016-08-11","2016-08-25","2016-08-26","2017-01-06","2017-01-06","CPER_006.E.20160825","NHMCrMp+/ZW+otjcGhsCuaUhs6/XVAMmQOZ5YBVAOgc=","carabid","DISPAR1","Discoderus parallelus","species",,"Haldeman",,1,"Lindroth, C. H. 1969. The ground-beetles (Carabidae, excl. Cicindelinae) of Canada and Alaska, parts 1-6. Opuscula E. Entomoligiska Sallskapet.","FHSuRnDDEXch2F1N4+O9mztJ2ojXSkEF","FHSuRnDDEXch2F1N4+O9mztJ2ojXSkEF",
"b31ef360-53ff-4162-b9b3-007678bc8edd","CPER_006.basePlot.bet","D10","CPER","CPER_006","W","2016-08-11","2016-08-25","2016-08-26","2017-01-06","2017-01-06","CPER_006.W.20160825","NHMCrMp+/ZU42xsb7uhkhzZyE0mi/E/7whV3/pPKoYw=","carabid","PASELO","Pasimachus elongatus","species",,"LeConte",,1,"Lindroth, C. H. 1969. The ground-beetles (Carabidae, excl. Cicindelinae) of Canada and Alaska, parts 1-6. Opuscula E. Entomoligiska Sallskapet.","FHSuRnDDEXch2F1N4+O9mztJ2ojXSkEF","FHSuRnDDEXch2F1N4+O9mztJ2ojXSkEF",
"c1bbb17b-45a7-4d5b-a6be-b8bad05691ad","CPER_006.basePlot.bet","D10","CPER","CPER_006","W","2016-08-11","2016-08-25","2016-08-26","2017-01-06","2017-01-06","CPER_006.W.20160825","NHMCrMp+/ZU42xsb7uhkh++Up0mdy0wlT9oVh+M/icw=","carabid","PIOSET","Piosoma setosum","species",,"LeConte",,4,"Lindroth, C. H. 1969. The ground-beetles (Carabidae, excl. Cicindelinae) of Canada and Alaska, parts 1-6. Opuscula E. Entomoligiska Sallskapet.","FHSuRnDDEXch2F1N4+O9mztJ2ojXSkEF","FHSuRnDDEXch2F1N4+O9mztJ2ojXSkEF",
"780f262d-adfd-4cca-88f2-6bd7aec97e13","CPER_006.basePlot.bet","D10","CPER","CPER_006","N","2016-08-11","2016-08-25","2016-08-26","2017-01-06","2017-01-06","CPER_006.N.20160825","NHMCrMp+/ZVnmC5LXFDPurPgR/cyiXodfM/OfLS2dWg=","carabid","CRADUB","Cratacanthus dubius","species",,"Palisot de Beauvois",,2,"Lindroth, C. H. 1969. The ground-beetles (Carabidae, excl. Cicindelinae) of Canada and Alaska, parts 1-6. Opuscula E. Entomoligiska Sallskapet.","FHSuRnDDEXch2F1N4+O9mztJ2ojXSkEF","FHSuRnDDEXch2F1N4+O9mztJ2ojXSkEF",
"3bb1368d-8fec-40b0-a228-8fc8ae45cbbf","CPER_006.basePlot.bet","D10","CPER","CPER_006","N","2016-08-11","2016-08-25","2016-08-26","2017-01-06","2017-01-06","CPER_006.N.20160825","NHMCrMp+/ZVnmC5LXFDPuh5bgfPGOcOKFX0ma86X/h0=","carabid","CHLTOM","Chlaenius tomentosus","species",,"Say",,1,"Lindroth, C. H. 1969. The ground-beetles (Carabidae, excl. Cicindelinae) of Canada and Alaska, parts 1-6. Opuscula E. Entomoligiska Sallskapet.","FHSuRnDDEXch2F1N4+O9mztJ2ojXSkEF","FHSuRnDDEXch2F1N4+O9mztJ2ojXSkEF",
"3482974e-323e-4b9a-a70d-58f494f43e1b","CPER_006.basePlot.bet","D10","CPER","CPER_006","E","2016-08-11","2016-08-25","2016-08-26","2017-01-06","2017-01-06","CPER_006.E.20160825","NHMCrMp+/ZW+otjcGhsCuXk8FW7rByLLr1XDj1+Ea9A=","carabid","CRADUB","Cratacanthus dubius","species",,"Palisot de Beauvois",,3,"Lindroth, C. H. 1969. The ground-beetles (Carabidae, excl. Cicindelinae) of Canada and Alaska, parts 1-6. Opuscula E. Entomoligiska Sallskapet.","FHSuRnDDEXch2F1N4+O9mztJ2ojXSkEF","FHSuRnDDEXch2F1N4+O9mztJ2ojXSkEF",
"3fa82130-e0b9-4502-b7eb-6c11d4b961d2","CPER_006.basePlot.bet","D10","CPER","CPER_006","E","2016-08-11","2016-08-25","2016-08-26","2017-01-06","2017-01-06","CPER_006.E.20160825","NHMCrMp+/ZW+otjcGhsCuTMy9/3gh4WitYMD/0rQ0Sk=","carabid","PASELO","Pasimachus elongatus","species",,"LeConte",,4,"Lindroth, C. H. 1969. The ground-beetles (Carabidae, excl. Cicindelinae) of Canada and Alaska, parts 1-6. Opuscula E. Entomoligiska Sallskapet.","FHSuRnDDEXch2F1N4+O9mztJ2ojXSkEF","FHSuRnDDEXch2F1N4+O9mztJ2ojXSkEF",
"fd56f8b4-b052-48e9-99aa-dbe5d1adc608","CPER_006.basePlot.bet","D10","CPER","CPER_006","E","2016-08-11","2016-08-25","2016-08-26","2017-01-06","2017-01-06","CPER_006.E.20160825","NHMCrMp+/ZW+otjcGhsCuZ86l6x1ryXusHSmrt5EhTI=","carabid","PIOSET","Piosoma setosum","species",,"LeConte",,3,"Lindroth, C. H. 1969. The ground-beetles (Carabidae, excl. Cicindelinae) of Canada and Alaska, parts 1-6. Opuscula E. Entomoligiska Sallskapet.","FHSuRnDDEXch2F1N4+O9mztJ2ojXSkEF","FHSuRnDDEXch2F1N4+O9mztJ2ojXSkEF",
"81fa528b-009f-4e03-a99e-930647474b50","CPER_006.basePlot.bet","D10","CPER","CPER_006","W","2016-08-11","2016-08-25","2016-08-26","2017-01-06","2017-01-06","CPER_006.W.20160825","NHMCrMp+/ZU42xsb7uhkh16k/o1xkZJCEzzEA5OiQYA=","carabid","CRADUB","Cratacanthus dubius","species",,"Palisot de Beauvois",,5,"Lindroth, C. H. 1969. The ground-beetles (Carabidae, excl. Cicindelinae) of Canada and Alaska, parts 1-6. Opuscula E. Entomoligiska Sallskapet.","FHSuRnDDEXch2F1N4+O9mztJ2ojXSkEF","FHSuRnDDEXch2F1N4+O9mztJ2ojXSkEF",
"3c49902d-7851-4d91-88aa-c210385c91b3","CPER_007.basePlot.bet","D10","CPER","CPER_007","E","2016-08-11","2016-08-25","2016-08-26","2017-01-06","2017-01-06","CPER_007.E.20160825","SOIi55Lib0IFQ1eb9PLopNi1VqwjhaSDnkVYBnkRbdI=","carabid","PASELO","Pasimachus elongatus","species",,"LeConte",,1,"Lindroth, C. H. 1969. The ground-beetles (Carabidae, excl. Cicindelinae) of Canada and Alaska, parts 1-6. Opuscula E. Entomoligiska Sallskapet.","FHSuRnDDEXch2F1N4+O9mztJ2ojXSkEF","FHSuRnDDEXch2F1N4+O9mztJ2ojXSkEF",
"c760eebd-2b6a-4985-bdc2-516701fbadc1","CPER_007.basePlot.bet","D10","CPER","CPER_007","N","2016-08-11","2016-08-25","2016-08-26","2017-01-06","2017-01-06","CPER_007.N.20160825","SOIi55Lib0IaN/2wEY8s2ZUZTylcuM+WHh70e9YsEfA=","carabid","CYCCON1","Cyclotrachelus constrictus","species",,"Say",,1,"Lindroth, C. H. 1969. The ground-beetles (Carabidae, excl. Cicindelinae) of Canada and Alaska, parts 1-6. Opuscula E. Entomoligiska Sallskapet.","FHSuRnDDEXch2F1N4+O9mztJ2ojXSkEF","FHSuRnDDEXch2F1N4+O9mztJ2ojXSkEF",
"b4723787-c157-4843-99f8-7e6b5705e0a8","CPER_007.basePlot.bet","D10","CPER","CPER_007","N","2016-08-11","2016-08-25","2016-08-26","2017-01-06","2017-01-06","CPER_007.N.20160825","SOIi55Lib0IaN/2wEY8s2dr2SRvRfYpz8OvFcAZbgk4=","carabid","HARSP7","Harpalus sp.","genus",,"Latreille","D10.2016.MorphI",1,"Lindroth, C. H. 1969. The ground-beetles (Carabidae, excl. Cicindelinae) of Canada and Alaska, parts 1-6. Opuscula E. Entomoligiska Sallskapet.","FHSuRnDDEXch2F1N4+O9mztJ2ojXSkEF","FHSuRnDDEXch2F1N4+O9mztJ2ojXSkEF",
"72f60eec-3204-43a9-94ab-d29f9112412f","CPER_007.basePlot.bet","D10","CPER","CPER_007","W","2016-08-11","2016-08-25","2016-08-26","2017-01-06","2017-01-06","CPER_007.W.20160825","SOIi55Lib0LjVkyBxP4/dq7VTeA60zoxSiSUiwlNcHI=","carabid","CHLTOM","Chlaenius tomentosus","species",,"Say",,1,"Lindroth, C. H. 1969. The ground-beetles (Carabidae, excl. Cicindelinae) of Canada and Alaska, parts 1-6. Opuscula E. Entomoligiska Sallskapet.","FHSuRnDDEXch2F1N4+O9mztJ2ojXSkEF","FHSuRnDDEXch2F1N4+O9mztJ2ojXSkEF",
"33cc4405-3b2b-4655-ae29-333f5c670794","CPER_007.basePlot.bet","D10","CPER","CPER_007","S","2016-08-11","2016-08-25","2016-08-26","2017-01-06","2017-01-06","CPER_007.S.20160825","SOIi55Lib0I/4NahKE3RsevwFulc2SwkwGLSk9HWbPo=","carabid","PASELO","Pasimachus elongatus","species",,"LeConte",,3,"Lindroth, C. H. 1969. The ground-beetles (Carabidae, excl. Cicindelinae) of Canada and Alaska, parts 1-6. Opuscula E. Entomoligiska Sallskapet.","FHSuRnDDEXch2F1N4+O9mztJ2ojXSkEF","FHSuRnDDEXch2F1N4+O9mztJ2ojXSkEF",
"f1676844-34e3-4c0e-8572-4488e463733b","CPER_004.basePlot.bet","D10","CPER","CPER_004","S","2016-08-11","2016-08-25","2016-08-26","2017-01-06","2017-01-06","CPER_004.S.20160825","eSCyThC0ZO6976WKL+FapEh0GbvB7mlLoO1uMoeNmqw=","carabid","CICPUN","Cicindela punctulata","species",,"Olivier",,1,"Lindroth, C. H. 1969. The ground-beetles (Carabidae, excl. Cicindelinae) of Canada and Alaska, parts 1-6. Opuscula E. Entomoligiska Sallskapet.","FHSuRnDDEXch2F1N4+O9mztJ2ojXSkEF","FHSuRnDDEXch2F1N4+O9mztJ2ojXSkEF",
"e63dbfd3-ce55-4d01-9ec3-1d9dba027af4","CPER_004.basePlot.bet","D10","CPER","CPER_004","S","2016-08-11","2016-08-25","2016-08-26","2017-01-06","2017-01-06","CPER_004.S.20160825","eSCyThC0ZO6976WKL+FapLhCmEmzRf4PWT26hIa/BKE=","carabid","CYCCON1","Cyclotrachelus constrictus","species",,"Say",,1,"Lindroth, C. H. 1969. The ground-beetles (Carabidae, excl. Cicindelinae) of Canada and Alaska, parts 1-6. Opuscula E. Entomoligiska Sallskapet.","FHSuRnDDEXch2F1N4+O9mztJ2ojXSkEF","FHSuRnDDEXch2F1N4+O9mztJ2ojXSkEF",
"c84aeff4-8c2b-43a7-a760-9f2452c30677","CPER_003.basePlot.bet","D10","CPER","CPER_003","E","2016-08-11","2016-08-25","2016-08-26","2017-01-06","2017-01-06","CPER_003.E.20160825","omCPNZnkoGQP9lmlKNURW5JYTbOxhCEeoBLBDcfEPso=","carabid","HARSP7","Harpalus sp.","genus",,"Latreille","D10.2016.MorphI",1,"Lindroth, C. H. 1969. The ground-beetles (Carabidae, excl. Cicindelinae) of Canada and Alaska, parts 1-6. Opuscula E. Entomoligiska Sallskapet.","jzmKcF+03gcUo1n16tfkmq5o6x6WOPUL","jzmKcF+03gcUo1n16tfkmq5o6x6WOPUL",
"fbf0c16f-127c-4a70-83dd-d391e9725480","CPER_003.basePlot.bet","D10","CPER","CPER_003","N","2016-08-11","2016-08-25","2016-08-26","2017-01-06","2017-01-06","CPER_003.N.20160825","omCPNZnkoGR1hbO4uBHFrKE5RxXUQXNvLW4HmCMVthA=","carabid","SELPLA","Selenophorus planipennis","species",,"LeConte",,2,"Lindroth, C. H. 1969. The ground-beetles (Carabidae, excl. Cicindelinae) of Canada and Alaska, parts 1-6. Opuscula E. Entomoligiska Sallskapet.","jzmKcF+03gcUo1n16tfkmq5o6x6WOPUL","jzmKcF+03gcUo1n16tfkmq5o6x6WOPUL",
"a69576ae-54a3-4635-8d52-e480b2836ff1","CPER_003.basePlot.bet","D10","CPER","CPER_003","S","2016-08-11","2016-08-25","2016-08-26","2017-01-06","2017-01-06","CPER_003.S.20160825","omCPNZnkoGRYgy0NJmkzYhE75xWUFjXFpiHELOaePyA=","carabid","PASELO","Pasimachus elongatus","species",,"LeConte",,2,"Lindroth, C. H. 1969. The ground-beetles (Carabidae, excl. Cicindelinae) of Canada and Alaska, parts 1-6. Opuscula E. Entomoligiska Sallskapet.","jzmKcF+03gcUo1n16tfkmq5o6x6WOPUL","jzmKcF+03gcUo1n16tfkmq5o6x6WOPUL",
"752c29a4-13ad-415e-9bb0-be0da2b32905","CPER_003.basePlot.bet","D10","CPER","CPER_003","W","2016-08-11","2016-08-25","2016-08-26","2017-01-06","2017-01-06","CPER_003.W.20160825","omCPNZnkoGTUdh0Dl6mzK3xicF7UgMqilDDrUIm6NVI=","carabid","PASELO","Pasimachus elongatus","species",,"LeConte",,2,"Lindroth, C. H. 1969. The ground-beetles (Carabidae, excl. Cicindelinae) of Canada and Alaska, parts 1-6. Opuscula E. Entomoligiska Sallskapet.","jzmKcF+03gcUo1n16tfkmq5o6x6WOPUL","jzmKcF+03gcUo1n16tfkmq5o6x6WOPUL",
"e202b72a-b4ab-4edd-acc2-d39ec1962ba8","CPER_003.basePlot.bet","D10","CPER","CPER_003","N","2016-08-11","2016-08-25","2016-08-26","2017-01-06","2017-01-06","CPER_003.N.20160825","omCPNZnkoGR1hbO4uBHFrGzFEVWB5X4gTgDWIEdmdFc=","carabid","DISPAR1","Discoderus parallelus","species",,"Haldeman",,2,"Lindroth, C. H. 1969. The ground-beetles (Carabidae, excl. Cicindelinae) of Canada and Alaska, parts 1-6. Opuscula E. Entomoligiska Sallskapet.","jzmKcF+03gcUo1n16tfkmq5o6x6WOPUL","jzmKcF+03gcUo1n16tfkmq5o6x6WOPUL",
"2e7b9cd1-11a3-4316-a38c-f1a86de3bb17","CPER_003.basePlot.bet","D10","CPER","CPER_003","W","2016-08-11","2016-08-25","2016-08-26","2017-01-06","2017-01-06","CPER_003.W.20160825","omCPNZnkoGTUdh0Dl6mzK7bRQqAp8MpfClHgryBPQUo=","carabid","CRADUB","Cratacanthus dubius","species",,"Palisot de Beauvois",,1,"Lindroth, C. H. 1969. The ground-beetles (Carabidae, excl. Cicindelinae) of Canada and Alaska, parts 1-6. Opuscula E. Entomoligiska Sallskapet.","jzmKcF+03gcUo1n16tfkmq5o6x6WOPUL","jzmKcF+03gcUo1n16tfkmq5o6x6WOPUL",
"485f2385-d334-4986-99b6-960734cac8d9","CPER_003.basePlot.bet","D10","CPER","CPER_003","E","2016-08-11","2016-08-25","2016-08-26","2017-01-06","2017-01-06","CPER_003.E.20160825","omCPNZnkoGQP9lmlKNURW/Y+iI6ysBz/Qiyu3tWxJFQ=","carabid","CRADUB","Cratacanthus dubius","species",,"Palisot de Beauvois",,1,"Lindroth, C. H. 1969. The ground-beetles (Carabidae, excl. Cicindelinae) of Canada and Alaska, parts 1-6. Opuscula E. Entomoligiska Sallskapet.","jzmKcF+03gcUo1n16tfkmq5o6x6WOPUL","jzmKcF+03gcUo1n16tfkmq5o6x6WOPUL",
"a802a018-3595-4105-adaa-cc129449ac6f","CPER_001.basePlot.bet","D10","CPER","CPER_001","S","2016-08-11","2016-08-25","2017-01-06","2017-01-06","2017-01-06","CPER_001.S.20160825","BEtTVHT1LvExbFJS54y7UBFMbiGSolT6Vk+FyEFueBE=","carabid","PASELO","Pasimachus elongatus","species",,"LeConte",,2,"Lindroth, C. H. 1969. The ground-beetles (Carabidae, excl. Cicindelinae) of Canada and Alaska, parts 1-6. Opuscula E. Entomoligiska Sallskapet.","FHSuRnDDEXch2F1N4+O9mztJ2ojXSkEF","FHSuRnDDEXch2F1N4+O9mztJ2ojXSkEF",
"1f9d09ce-b2e6-447e-b4b0-1c0d3b883bd2","CPER_005.basePlot.bet","D10","CPER","CPER_005","S","2016-08-11","2016-08-25","2016-08-26","2017-01-06","2017-01-06","CPER_005.S.20160825","e1AKewEwvnG3+ccxepFdV+iOhEm3Xe20mN3VToNjy6E=","carabid","CYMINT","Cymindis interior","species",,"Lindroth",,1,"Lindroth, C. H. 1969. The ground-beetles (Carabidae, excl. Cicindelinae) of Canada and Alaska, parts 1-6. Opuscula E. Entomoligiska Sallskapet.","FHSuRnDDEXch2F1N4+O9mztJ2ojXSkEF","FHSuRnDDEXch2F1N4+O9mztJ2ojXSkEF",
"ff00072e-d593-437c-acd2-f49f666e6d82","CPER_005.basePlot.bet","D10","CPER","CPER_005","W","2016-08-11","2016-08-25","2016-08-26","2017-01-06","2017-01-06","CPER_005.W.20160825","e1AKewEwvnHrFZfyRqKUqNufab71YaFxOX3V8iQtHjs=","carabid","CHLTOM","Chlaenius tomentosus","species",,"Say",,1,"Lindroth, C. H. 1969. The ground-beetles (Carabidae, excl. Cicindelinae) of Canada and Alaska, parts 1-6. Opuscula E. Entomoligiska Sallskapet.","FHSuRnDDEXch2F1N4+O9mztJ2ojXSkEF","FHSuRnDDEXch2F1N4+O9mztJ2ojXSkEF",
"564e3d44-84d5-4799-9931-2c3a463e0e71","CPER_005.basePlot.bet","D10","CPER","CPER_005","W","2016-08-11","2016-08-25","2016-08-26","2017-01-06","2017-01-06","CPER_005.W.20160825","e1AKewEwvnHrFZfyRqKUqN1dDkxJtxDgUa1c31i1JKE=","carabid","CRADUB","Cratacanthus dubius","species",,"Palisot de Beauvois",,1,"Lindroth, C. H. 1969. The ground-beetles (Carabidae, excl. Cicindelinae) of Canada and Alaska, parts 1-6. Opuscula E. Entomoligiska Sallskapet.","FHSuRnDDEXch2F1N4+O9mztJ2ojXSkEF","FHSuRnDDEXch2F1N4+O9mztJ2ojXSkEF",
"4af60478-6b73-4045-b91d-ff798ea88ba3","CPER_005.basePlot.bet","D10","CPER","CPER_005","S","2016-08-11","2016-08-25","2016-08-26","2017-01-06","2017-01-06","CPER_005.S.20160825","e1AKewEwvnG3+ccxepFdV53yKtg5UK9orCa7Rt3/XVE=","carabid","HARSP7","Harpalus sp.","genus",,"Latreille","D10.2016.MorphI",1,"Lindroth, C. H. 1969. The ground-beetles (Carabidae, excl. Cicindelinae) of Canada and Alaska, parts 1-6. Opuscula E. Entomoligiska Sallskapet.","FHSuRnDDEXch2F1N4+O9mztJ2ojXSkEF","FHSuRnDDEXch2F1N4+O9mztJ2ojXSkEF",
"2da1b993-c231-4dc9-b9a7-b02f3fa87a0e","CPER_005.basePlot.bet","D10","CPER","CPER_005","W","2016-08-11","2016-08-25","2016-08-26","2017-01-06","2017-01-06","CPER_005.W.20160825","e1AKewEwvnHrFZfyRqKUqFV1lKYD0srSflutzRBbKdE=","carabid","PASELO","Pasimachus elongatus","species",,"LeConte",,1,"Lindroth, C. H. 1969. The ground-beetles (Carabidae, excl. Cicindelinae) of Canada and Alaska, parts 1-6. Opuscula E. Entomoligiska Sallskapet.","FHSuRnDDEXch2F1N4+O9mztJ2ojXSkEF","FHSuRnDDEXch2F1N4+O9mztJ2ojXSkEF",
"471a62e0-1a86-47c3-972b-7609484d7994","CPER_005.basePlot.bet","D10","CPER","CPER_005","S","2016-08-11","2016-08-25","2016-08-26","2017-01-06","2017-01-06","CPER_005.S.20160825","e1AKewEwvnG3+ccxepFdVwtxgPN2Uv91TmKpHqZxTDs=","carabid","PASELO","Pasimachus elongatus","species",,"LeConte",,1,"Lindroth, C. H. 1969. The ground-beetles (Carabidae, excl. Cicindelinae) of Canada and Alaska, parts 1-6. Opuscula E. Entomoligiska Sallskapet.","FHSuRnDDEXch2F1N4+O9mztJ2ojXSkEF","FHSuRnDDEXch2F1N4+O9mztJ2ojXSkEF",
"f47c6f63-68e3-42a8-ba73-3c764d631e1f","CPER_004.basePlot.bet","D10","CPER","CPER_004","N","2016-08-11","2016-08-25","2016-08-26","2017-01-06","2017-01-06","CPER_004.N.20160825","eSCyThC0ZO7Z8HwXncMQ8/AGoIXat+RcQbS7NJ6UCZw=","carabid","PASELO","Pasimachus elongatus","species",,"LeConte",,2,"Lindroth, C. H. 1969. The ground-beetles (Carabidae, excl. Cicindelinae) of Canada and Alaska, parts 1-6. Opuscula E. Entomoligiska Sallskapet.","FHSuRnDDEXch2F1N4+O9mztJ2ojXSkEF","FHSuRnDDEXch2F1N4+O9mztJ2ojXSkEF",
"137025e8-6ae7-42be-bae4-469f1ee156d6","CPER_004.basePlot.bet","D10","CPER","CPER_004","N","2016-08-11","2016-08-25","2016-08-26","2017-01-06","2017-01-06","CPER_004.N.20160825","eSCyThC0ZO7Z8HwXncMQ8/GPXJpMcwplSfRdxC4Uf/Q=","carabid","AMASP11","Amara sp.","genus",,"Bonelli","D10.2016.MorphJ",1,"Lindroth, C. H. 1969. The ground-beetles (Carabidae, excl. Cicindelinae) of Canada and Alaska, parts 1-6. Opuscula E. Entomoligiska Sallskapet.","FHSuRnDDEXch2F1N4+O9mztJ2ojXSkEF","FHSuRnDDEXch2F1N4+O9mztJ2ojXSkEF",
"674e7eb7-4bc3-4378-9994-c3c255b8266d","CPER_004.basePlot.bet","D10","CPER","CPER_004","N","2016-08-11","2016-08-25","2016-08-26","2017-01-06","2017-01-06","CPER_004.N.20160825","eSCyThC0ZO7Z8HwXncMQ830AYWZr2oXwrRrM+yKswfo=","carabid","CRADUB","Cratacanthus dubius","species",,"Palisot de Beauvois",,1,"Lindroth, C. H. 1969. The ground-beetles (Carabidae, excl. Cicindelinae) of Canada and Alaska, parts 1-6. Opuscula E. Entomoligiska Sallskapet.","FHSuRnDDEXch2F1N4+O9mztJ2ojXSkEF","FHSuRnDDEXch2F1N4+O9mztJ2ojXSkEF",
"8abb2f02-105e-4d23-a9b7-73ad59f3a47d","CPER_001.basePlot.bet","D10","CPER","CPER_001","E","2016-08-11","2016-08-25","2016-08-26","2017-01-06","2017-01-06","CPER_001.E.20160825","BEtTVHT1LvErFJ0fxOdJaTCcO7ZwTARaXjZ7HFf73e0=","carabid","PASELO","Pasimachus elongatus","species",,"LeConte",,1,"Lindroth, C. H. 1969. The ground-beetles (Carabidae, excl. Cicindelinae) of Canada and Alaska, parts 1-6. Opuscula E. Entomoligiska Sallskapet.","FHSuRnDDEXch2F1N4+O9mztJ2ojXSkEF","FHSuRnDDEXch2F1N4+O9mztJ2ojXSkEF",
"1c44380d-bc45-4f6b-afc9-b1ed118143b4","CPER_001.basePlot.bet","D10","CPER","CPER_001","E","2016-08-11","2016-08-25","2016-08-26","2017-01-06","2017-01-06","CPER_001.E.20160825","BEtTVHT1LvErFJ0fxOdJadTlg73zDBkHajZ0HdPrfKc=","carabid","CYMSP3","Cymindis sp.","genus",,"Latreille","D10.2016.MorphBS",2,"Lindroth, C. H. 1969. The ground-beetles (Carabidae, excl. Cicindelinae) of Canada and Alaska, parts 1-6. Opuscula E. Entomoligiska Sallskapet.","FHSuRnDDEXch2F1N4+O9mztJ2ojXSkEF","FHSuRnDDEXch2F1N4+O9mztJ2ojXSkEF",
"690ce0b4-1a26-44c7-9c2b-0d1701ac6e3f","CPER_001.basePlot.bet","D10","CPER","CPER_001","E","2016-08-11","2016-08-25","2016-08-26","2017-01-06","2017-01-06","CPER_001.E.20160825","BEtTVHT1LvErFJ0fxOdJaXgvhRJ0dPNxeiM2wLReSeE=","carabid","CYCTOR","Cyclotrachelus torvus","species",,"LeConte",,1,"Lindroth, C. H. 1969. The ground-beetles (Carabidae, excl. Cicindelinae) of Canada and Alaska, parts 1-6. Opuscula E. Entomoligiska Sallskapet.","FHSuRnDDEXch2F1N4+O9mztJ2ojXSkEF","FHSuRnDDEXch2F1N4+O9mztJ2ojXSkEF",
"80715f7c-0929-49a3-a775-6c5ffd9282bd","CPER_004.basePlot.bet","D10","CPER","CPER_004","E","2016-08-11","2016-08-25","2016-08-26","2017-01-06","2017-01-06","CPER_004.E.20160825","eSCyThC0ZO4IX+FtgKgxoAt9WEYumh0gwF4Pud0d4vw=","carabid","PASELO","Pasimachus elongatus","species",,"LeConte",,2,"Lindroth, C. H. 1969. The ground-beetles (Carabidae, excl. Cicindelinae) of Canada and Alaska, parts 1-6. Opuscula E. Entomoligiska Sallskapet.","FHSuRnDDEXch2F1N4+O9mztJ2ojXSkEF","FHSuRnDDEXch2F1N4+O9mztJ2ojXSkEF",
"c37202ab-1ed9-41dd-9649-1289ca0e822e","CPER_004.basePlot.bet","D10","CPER","CPER_004","E","2016-08-11","2016-08-25","2016-08-26","2017-01-06","2017-01-06","CPER_004.E.20160825","eSCyThC0ZO4IX+FtgKgxoEHpvY3mdEbyLlZ5D1cyK4s=","carabid","CYMSP3","Cymindis sp.","genus",,"Latreille","D10.2016.MorphBS",1,"Lindroth, C. H. 1969. The ground-beetles (Carabidae, excl. Cicindelinae) of Canada and Alaska, parts 1-6. Opuscula E. Entomoligiska Sallskapet.","FHSuRnDDEXch2F1N4+O9mztJ2ojXSkEF","FHSuRnDDEXch2F1N4+O9mztJ2ojXSkEF",
"79faf0ce-3a47-46c1-a884-9108480f298f","CPER_008.basePlot.bet","D10","CPER","CPER_008","E","2016-08-11","2016-08-25","2016-08-26","2017-01-06","2017-01-06","CPER_008.E.20160825","kqngcYlCVJ5Ki03/qc9YSaNlG/mgNDoSrZCBLXqqNsM=","carabid","AMASP11","Amara sp.","genus",,"Bonelli","D10.2016.MorphC",1,"Lindroth, C. H. 1969. The ground-beetles (Carabidae, excl. Cicindelinae) of Canada and Alaska, parts 1-6. Opuscula E. Entomoligiska Sallskapet.","Xlq171H9ZZZ5J3ckp1BdAB0lm0ecD5Q+","FHSuRnDDEXch2F1N4+O9mztJ2ojXSkEF",
"fdb09dc6-6690-4a57-ade5-b0985719a086","CPER_008.basePlot.bet","D10","CPER","CPER_008","E","2016-08-11","2016-08-25","2016-08-26","2017-01-06","2017-01-06","CPER_008.E.20160825","kqngcYlCVJ5Ki03/qc9YSWSIFo7uIUsaTlr0hSPgfBE=","carabid","PIOSET","Piosoma setosum","species",,"LeConte",,1,"Lindroth, C. H. 1969. The ground-beetles (Carabidae, excl. Cicindelinae) of Canada and Alaska, parts 1-6. Opuscula E. Entomoligiska Sallskapet.","Xlq171H9ZZZ5J3ckp1BdAB0lm0ecD5Q+","FHSuRnDDEXch2F1N4+O9mztJ2ojXSkEF",
"e0885997-e2d8-464b-a9c4-da2c31ed624b","CPER_008.basePlot.bet","D10","CPER","CPER_008","E","2016-08-11","2016-08-25","2016-08-26","2017-01-06","2017-01-06","CPER_008.E.20160825","kqngcYlCVJ5Ki03/qc9YSaAO8A+BSRWGfoGcUHdYmt4=","carabid","AMAOBE","Amara obesa","species",,"Say",,1,"Lindroth, C. H. 1969. The ground-beetles (Carabidae, excl. Cicindelinae) of Canada and Alaska, parts 1-6. Opuscula E. Entomoligiska Sallskapet.","Xlq171H9ZZZ5J3ckp1BdAB0lm0ecD5Q+","FHSuRnDDEXch2F1N4+O9mztJ2ojXSkEF",
"2d468149-e37e-4afa-9f0e-faae49e221e4","CPER_008.basePlot.bet","D10","CPER","CPER_008","E","2016-08-11","2016-08-25","2016-08-26","2017-01-06","2017-01-06","CPER_008.E.20160825","kqngcYlCVJ5Ki03/qc9YSSB8rO0n9v1FLWB3OcnmA9E=","carabid","CYMSP3","Cymindis sp.","genus",,"Latreille","D10.2016.MorphBS",2,"Lindroth, C. H. 1969. The ground-beetles (Carabidae, excl. Cicindelinae) of Canada and Alaska, parts 1-6. Opuscula E. Entomoligiska Sallskapet.","Xlq171H9ZZZ5J3ckp1BdAB0lm0ecD5Q+","FHSuRnDDEXch2F1N4+O9mztJ2ojXSkEF",
