uid,namedLocation,domainID,siteID,plotID,setDate,collectDate,processingDate,subsampleIDList,archiveVialID,scientificName,recordedBy,remarks
"9b8b543d-653a-424a-bb57-8aff7efb4690","JORN_009.basePlot.bet","D14","JORN","JORN_009","2016-04-05","2016-04-19","2016-05-02","y6i9xP3scmOKxYIMqmrCwxO6PeV84acpAzOU5nwRfZ5ZT2BhhO8hXgrQOUbEfI3BKEZNkMJRnUht+PY/7idPfbWyQejL1MQGDmDX3Wi0y5o5fRX7NF/M1iKTPh1d82330qsjfJM6YOc=","y6i9xP3scmO8yLncPJTfUSO+OVp3oqs7",,,
"ca4b26c8-deb8-4c3d-b305-d8f6155eea14","JORN_008.basePlot.bet","D14","JORN","JORN_008","2016-04-05","2016-04-19","2016-05-02","eTKs083kZ6Fwn9JWKzkhLfX/3WhkrchcQLc5txqoVgVpGkK8KkRs6/KVv76oKLe8SffByQTpZGvWhAqK9wE/UKRkD5qQ9od0LGBGYXGkepBhFOHIu2lVV3bx4wvPrYdfwQHWeOsLwSQ=","eTKs083kZ6HMFu+Zv4RJV5wRVhMqEjo2",,,
"0d90f329-a3f1-4a1c-85b0-482a302c5b8e","JORN_005.basePlot.bet","D14","JORN","JORN_005","2016-04-05","2016-04-19","2016-04-29","aOplpjduR3Q2BPxM3lidqVW0Tm45/NjY6rvqwDrxyRAP1Jrrwt9m5ACWwlijHuJWJ9QxKNokonYFuDtXt8njRNrQT9mJFfFqKOB7+YU5HVZoZK9FznvcfiUfmvgXT8esHxoMjDZn7Js=","aOplpjduR3QxSsQA60TJjOm52221ygpv",,,
"82f6304d-f4c3-4509-988e-349efeb9d45a","JORN_004.basePlot.bet","D14","JORN","JORN_004","2016-04-05","2016-04-19","2016-05-04","uZCwT0U74cf8DDfIT8ELtNdPkzSzpuxZ7zEqT81X2GaBJSZg1mu2KPUEOYbnMEkdmUsCmeoaOS3kSE3KP9966eQhsVp7fBz9yZkLWV6ykK06ojtgBmp7RZqSKSbVqEdfq2U4XS8PyXc=","uZCwT0U74cdV0a0rt1ipQKACmDP1gNhm",,,
"1b5e7650-466a-4c06-b0ab-78e147b30394","JORN_001.basePlot.bet","D14","JORN","JORN_001","2016-04-05","2016-04-19","2016-04-28","3v6e8eJloSrGFhCEiTSFDDRd5JvC9Gj1XCNKDF64p+sm0JpuioNKrcEkat7AhD3BkiZG/kV4/LH2MZqIbt5DMq8kW8oBqzf4DiQfOmlNSYFMzOkf4XW5ZunFd1wJ066hRzpnFUELcYE=","3v6e8eJloSpWLh3eySiBclJo9PqcdQ/p",,,
"d767a66e-6c33-4a8f-9f88-466278c3cc21","JORN_007.basePlot.bet","D14","JORN","JORN_007","2016-04-05","2016-04-19","2016-05-03","VAvCuiXwPEQrkiTjdyBmwMrtYl8c36Ff5Cq76N/mKGvBm/XDaJ3j7XN7i32Vr/lHQwhGbvtvnjyW3Q/NVSqPi+cjUgB0srOlUVET1HJfrSyo0hNNPxiQxLCAP1o/W7q6L31U+NOHAHY=","VAvCuiXwPEQe0dQMEVrDiHsOBEwr3F/F",,,
"523241da-b48f-4cfe-b6eb-6a9f2fad1c5b","JORN_003.basePlot.bet","D14","JORN","JORN_003","2016-04-05","2016-04-19","2016-04-29","vMYzv3M3ch2/rPiNf+SpLxt6kb14HQ2iJ+iCopGQd5aFwMSjat1TQnOheZWQMxrI6lFxwstZgI04uXclhlfL+umcKMY2vhKlTJvhlxWJCQf51etyRb1kutELX7z7zmhxtZSO5lXyQUI=","vMYzv3M3ch2iTxynYHZ2fA8/gRecpWwj",,,
"7be0c346-ff26-474a-b34a-0999bfc63625","JORN_002.basePlot.bet","D14","JORN","JORN_002","2016-04-05","2016-04-19","2016-04-29","2j1n+GhCoGaIhFgFb3OfWd2l2woplkULskYJTLhj/uGW9mD/jr8Gee/xLb46OTuPP1FUFYkvGH0LK9bWTbT/M3CvN+Ba7Blheki4nL3DomsjZ2xqujUTDdSpofwkvWvU7CTfxCY5SRk=","2j1n+GhCoGYNicgbOacGLPN+h2fauZTb",,,
"f280512d-56f7-480e-9b26-6abc167ce2e9","JORN_006.basePlot.bet","D14","JORN","JORN_006","2016-04-05","2016-04-19","2016-05-03","Z5DETg5NA9BbMYhob9bXPwFqD0Of9L9bCcXKwf2GfqSTGXsNZ0UlgVAT5P4D9df9k3f/yece/5Tlw9+YI97JrIRhNsyW7PqNmqJRkLUS3nVT1hVEJiudMaChVljhYCMgkIE5AXlbzUc=","Z5DETg5NA9Dzv9ghWTxeJW13s1CaxGpx",,,
