uid,namedLocation,domainID,siteID,plotID,trapID,setDate,collectDate,processingDate,etOHChangeDate,identifiedDate,sampleID,subsampleID,sampleType,taxonID,scientificName,taxonRank,identificationQualifier,scientificNameAuthorship,morphospeciesID,individualCount,identificationReferences,identifiedBy,recordedBy,remarks
"367953bc-ffa0-4ed5-9a07-1a6bc9c310fb","ORNL_003.basePlot.bet","D07","ORNL","ORNL_003","E","2015-04-14","2015-04-28","2015-04-29","2015-04-29",,"ORNL_003.E.20150428","952sL8sB3/h2TT0K/Ylt7/J/wo6r2UhVpBO5WOpNE3M=","invert bycatch",,,,,,,,,,"nAKPQvGWPz3w50pS9SF/Wg/TlEjgxRE8","used NEON.DOC.014050vJ"
"4fb5aa39-c9d6-4955-9209-679719b6d0db","ORNL_006.basePlot.bet","D07","ORNL","ORNL_006","E","2015-04-14","2015-04-28","2015-04-29","2015-09-22","2015-12-01","ORNL_006.E.20150428","XUOG9+A5sINoJKEYMg8kZyQ5bmxL8rJAPQooRCtFxAo=","carabid","CYCFUC","Cyclotrachelus fucatus","species",,"Freitag",,2,"Freitag, R. 1969. A revision of the species of the genus Evarthrus LeConte. Quaestiones Entomologicae 5:89-212.","nAKPQvGWPz3w50pS9SF/Wg/TlEjgxRE8","nAKPQvGWPz3w50pS9SF/Wg/TlEjgxRE8","used NEON.DOC.014050vJ"
"f83d52c7-c4e2-4c9f-a088-0f12110499a8","ORNL_001.basePlot.bet","D07","ORNL","ORNL_001","E","2015-04-14","2015-04-28","2015-04-29","2015-04-30",,"ORNL_001.E.20150428","1iGudFvILgm0UcmM/Z77UavlAtgom5K66Wbr1BvpQVk=","invert bycatch",,,,,,,,,,"nAKPQvGWPz3w50pS9SF/Wg/TlEjgxRE8","used NEON.DOC.014050vJ"
"d4af3576-bb88-4ed4-b547-6edbf048c031","ORNL_006.basePlot.bet","D07","ORNL","ORNL_006","E","2015-04-14","2015-04-28","2015-04-29","2015-05-04",,"ORNL_006.E.20150428","XUOG9+A5sINoJKEYMg8kZxg0XPn0ZEZAHmHu8Nto/Bg=","invert bycatch",,,,,,,,,,"nAKPQvGWPz3w50pS9SF/Wg/TlEjgxRE8","used NEON.DOC.014050vJ"
"ca98911a-b165-4826-b53b-67d64ce01238","ORNL_002.basePlot.bet","D07","ORNL","ORNL_002","E","2015-04-14","2015-04-28","2015-04-29","2015-05-04",,"ORNL_002.E.20150428","FcwZvbWDjdh2nEV81XXsFPwCKbalXCZfuCFJk04usTc=","invert bycatch",,,,,,,,,,"nAKPQvGWPz3w50pS9SF/Wg/TlEjgxRE8","used NEON.DOC.014050vJ"
"985a8f18-a78c-4642-8494-e0de8a185b6c","ORNL_021.basePlot.bet","D07","ORNL","ORNL_021","E","2015-04-14","2015-04-28","2015-04-29","2015-04-29",,"ORNL_021.E.20150428","LlqcsvOjN4AKh2eXWBoiFx5JPDf8q5V9Jw+EFd6uk5c=","invert bycatch",,,,,,,,,,"nAKPQvGWPz3w50pS9SF/Wg/TlEjgxRE8","used NEON.DOC.014050vJ"
"171c6509-163f-4dca-8e9f-3581002c8763","ORNL_031.basePlot.bet","D07","ORNL","ORNL_031","E","2015-04-14","2015-04-28","2015-04-29","2015-04-29",,"ORNL_031.E.20150428","G1V5MttZ4JKiz4rd8C+YpJrFqimVaYaAKg/S65YpbrY=","invert bycatch",,,,,,,,,,"nAKPQvGWPz3w50pS9SF/Wg/TlEjgxRE8","used NEON.DOC.014050vJ"
"9b9fbb47-5187-4b5d-8b33-9ae51dc8f19a","ORNL_031.basePlot.bet","D07","ORNL","ORNL_031","E","2015-04-14","2015-04-28","2015-04-29","2015-09-23","2015-12-01","ORNL_031.E.20150428","G1V5MttZ4JKiz4rd8C+YpJ93Cekiqp+kXQs2yexuRhA=","carabid","AGOCON","Agonoleptus conjunctus","species","cf. species","Say",,1,"Bousquet, Y., and P. W. Messer. 2010. Redescription of Stenolophus thoracicus Casey (Coleoptera, Carabidae, Harpalini), a valid species. ZooKeys 53:25-31.","nAKPQvGWPz3w50pS9SF/Wg/TlEjgxRE8","nAKPQvGWPz3w50pS9SF/Wg/TlEjgxRE8","used NEON.DOC.014050vJ"
"877ea243-fe06-4b60-9b1a-1a679e278272","ORNL_032.basePlot.bet","D07","ORNL","ORNL_032","N","2015-04-14","2015-04-28","2015-04-29","2015-05-01",,"ORNL_032.N.20150428","DcTblkLRhleTJXUw9utJ+j5ajY0CahMFHFkzgKU61LU=","invert bycatch",,,,,,,,,,"nAKPQvGWPz3w50pS9SF/Wg/TlEjgxRE8","used NEON.DOC.014050vJ"
"4e9b27cc-0c67-404c-b039-00595b505f1c","ORNL_006.basePlot.bet","D07","ORNL","ORNL_006","N","2015-04-14","2015-04-28","2015-04-29","2015-05-04",,"ORNL_006.N.20150428","XUOG9+A5sINkxfsCut298bTMJnRdkc46ndWNdj2sU54=","invert bycatch",,,,,,,,,,"nAKPQvGWPz3w50pS9SF/Wg/TlEjgxRE8","used NEON.DOC.014050vJ"
"95d12ea8-e34f-4825-8a45-e4f4b717e0df","ORNL_031.basePlot.bet","D07","ORNL","ORNL_031","N","2015-04-14","2015-04-28","2015-04-29","2015-04-29",,"ORNL_031.N.20150428","G1V5MttZ4JKdrYPIow3YI4FPXc2kCOXlNB0NH1vI+UI=","invert bycatch",,,,,,,,,,"nAKPQvGWPz3w50pS9SF/Wg/TlEjgxRE8","used NEON.DOC.014050vJ"
"07291f1d-c716-4491-ac18-a371abfa0c0b","ORNL_001.basePlot.bet","D07","ORNL","ORNL_001","N","2015-04-14","2015-04-28","2015-04-29","2015-04-30",,"ORNL_001.N.20150428","1iGudFvILglgeKbZLQg1hzp3e6U0LYD8t6UBU8ukkxQ=","invert bycatch",,,,,,,,,,"nAKPQvGWPz3w50pS9SF/Wg/TlEjgxRE8","used NEON.DOC.014050vJ"
"38e70e07-c625-49a5-abc7-c345d2f09b35","ORNL_027.basePlot.bet","D07","ORNL","ORNL_027","N","2015-04-14","2015-04-28","2015-04-29","2015-05-04",,"ORNL_027.N.20150428","di/gYcSB3uApmotaciILpidE9AqUp6YOxS44yPKPSZY=","invert bycatch",,,,,,,,,,"nAKPQvGWPz3w50pS9SF/Wg/TlEjgxRE8","used NEON.DOC.014050vJ"
"7e2619e1-5e08-4bdf-aad1-46cefa98f8c9","ORNL_006.basePlot.bet","D07","ORNL","ORNL_006","N","2015-04-14","2015-04-28","2015-04-29","2016-01-22","2016-01-22","ORNL_006.N.20150428","XUOG9+A5sINkxfsCut298T3c628hlAq+k7uiQ/+luuI=","carabid","CYCFUC","Cyclotrachelus fucatus","species","cf. species","Freitag",,4,"Freitag, R. 1969. A revision of the species of the genus Evarthrus LeConte. Quaestiones Entomologicae 5:89-212.","nAKPQvGWPz3w50pS9SF/Wg/TlEjgxRE8","nAKPQvGWPz3w50pS9SF/Wg/TlEjgxRE8","used NEON.DOC.014050vJ"
"56eb1ab8-e9d1-4b5c-b4d9-8c284e233007","ORNL_003.basePlot.bet","D07","ORNL","ORNL_003","N","2015-04-14","2015-04-28","2015-04-29","2015-04-29",,"ORNL_003.N.20150428","952sL8sB3/g8knEIKlIICMuaHYx7Jnh/EQEjf+1yITg=","invert bycatch",,,,,,,,,,"nAKPQvGWPz3w50pS9SF/Wg/TlEjgxRE8","used NEON.DOC.014050vJ"
"45fb3a40-7192-4615-bdc8-08f668b714a3","ORNL_001.basePlot.bet","D07","ORNL","ORNL_001","N","2015-04-14","2015-04-28","2015-04-29","2016-01-22","2016-01-22","ORNL_001.N.20150428","1iGudFvILglgeKbZLQg1h61B5dTPcOMGf6E0l/vf2Mc=","carabid","CYCFUC","Cyclotrachelus fucatus","species","cf. species","Freitag",,2,"Freitag, R. 1969. A revision of the species of the genus Evarthrus LeConte. Quaestiones Entomologicae 5:89-212.","nAKPQvGWPz3w50pS9SF/Wg/TlEjgxRE8","nAKPQvGWPz3w50pS9SF/Wg/TlEjgxRE8","used NEON.DOC.014050vJ"
"96ab71a6-7b51-4bf4-9931-1a9b3ffa649b","ORNL_003.basePlot.bet","D07","ORNL","ORNL_003","N","2015-04-14","2015-04-28","2015-04-29","2015-09-22","2015-12-01","ORNL_003.N.20150428","952sL8sB3/g8knEIKlIICE3xVATAy5sm6Xdbav8f+iQ=","carabid","CYCFUC","Cyclotrachelus fucatus","species",,"Freitag",,1,"Freitag, R. 1969. A revision of the species of the genus Evarthrus LeConte. Quaestiones Entomologicae 5:89-212.","nAKPQvGWPz3w50pS9SF/Wg/TlEjgxRE8","nAKPQvGWPz3w50pS9SF/Wg/TlEjgxRE8","used NEON.DOC.014050vJ"
"eac4bd4d-9218-47fd-b4b5-b782c83d6fd7","ORNL_021.basePlot.bet","D07","ORNL","ORNL_021","N","2015-04-14","2015-04-28","2015-04-29","2015-04-29",,"ORNL_021.N.20150428","LlqcsvOjN4CmMo1s5MYzmTwqKdwpQgnSFnPJP11vXyA=","invert bycatch",,,,,,,,,,"nAKPQvGWPz3w50pS9SF/Wg/TlEjgxRE8","used NEON.DOC.014050vJ"
"f44983dc-4640-4c81-9a2e-02783154cbe4","ORNL_002.basePlot.bet","D07","ORNL","ORNL_002","N","2015-04-14","2015-04-28","2015-04-29","2015-05-04",,"ORNL_002.N.20150428","FcwZvbWDjdhVJ2nKBeEZ8abj3EMokVP8AtNsP1lIX2I=","invert bycatch",,,,,,,,,,"nAKPQvGWPz3w50pS9SF/Wg/TlEjgxRE8","used NEON.DOC.014050vJ"
"0647b977-e4b4-447a-8949-76739b1fc170","ORNL_029.basePlot.bet","D07","ORNL","ORNL_029","S","2015-04-14","2015-04-28","2015-04-29","2015-05-04",,"ORNL_029.S.20150428","7LdWMHVTMyTSn9kHqJy/YJclpINSB9v6i+/vNNKFR+k=","invert bycatch",,,,,,,,,,"nAKPQvGWPz3w50pS9SF/Wg/TlEjgxRE8","used NEON.DOC.014050vJ"
"117ca56b-0b05-4add-b954-f222c9cff2e9","ORNL_006.basePlot.bet","D07","ORNL","ORNL_006","S","2015-04-14","2015-04-28","2015-04-29","2016-01-22","2016-01-22","ORNL_006.S.20150428","XUOG9+A5sIPMjfV0P55IMr8vYvZkGW/B19542D9rP98=","carabid","CYCFUC","Cyclotrachelus fucatus","species","cf. species","Freitag",,4,"Freitag, R. 1969. A revision of the species of the genus Evarthrus LeConte. Quaestiones Entomologicae 5:89-212.","nAKPQvGWPz3w50pS9SF/Wg/TlEjgxRE8","nAKPQvGWPz3w50pS9SF/Wg/TlEjgxRE8","used NEON.DOC.014050vJ"
"a92c50f6-d77a-4302-8431-8326e4586530","ORNL_002.basePlot.bet","D07","ORNL","ORNL_002","S","2015-04-14","2015-04-28","2015-04-29","2015-05-04",,"ORNL_002.S.20150428","FcwZvbWDjdiBGB4cwukFnXVwKXaCWFuDmjZcz8RT3m0=","invert bycatch",,,,,,,,,,"nAKPQvGWPz3w50pS9SF/Wg/TlEjgxRE8","used NEON.DOC.014050vJ"
"29a0b0d0-8d41-4508-a9fe-6d3965666cc9","ORNL_031.basePlot.bet","D07","ORNL","ORNL_031","S","2015-04-14","2015-04-28","2015-04-29","2015-09-21","2015-12-01","ORNL_031.S.20150428","G1V5MttZ4JKmO1iG0DeUHd/s/6M82z5/R84+nmpR1f4=","carabid","CHLEMA","Chlaenius emarginatus","species",,"Say",,1,"Bell, R. T. 1960. A Revision of the Genus Chlaenius Bonelli (Coleoptera, Carabidae) in North America. Miscellaneous Publications of the Entomological Society of America 1:98-166.","nAKPQvGWPz3w50pS9SF/Wg/TlEjgxRE8","nAKPQvGWPz3w50pS9SF/Wg/TlEjgxRE8","used NEON.DOC.014050vJ"
"bf6cd888-e70d-4026-9822-6652df00c9c1","ORNL_003.basePlot.bet","D07","ORNL","ORNL_003","S","2015-04-14","2015-04-28","2015-04-29","2015-09-22","2015-12-01","ORNL_003.S.20150428","952sL8sB3/gUsTX8RzkXgfA6IKRQXVHPDbXeLCaFEzc=","carabid","CYCFUC","Cyclotrachelus fucatus","species",,"Freitag",,2,"Freitag, R. 1969. A revision of the species of the genus Evarthrus LeConte. Quaestiones Entomologicae 5:89-212.","nAKPQvGWPz3w50pS9SF/Wg/TlEjgxRE8","nAKPQvGWPz3w50pS9SF/Wg/TlEjgxRE8","used NEON.DOC.014050vJ"
"ea3d2929-d16c-409f-b6c8-eefceb88cdfb","ORNL_003.basePlot.bet","D07","ORNL","ORNL_003","S","2015-04-14","2015-04-28","2015-04-29","2015-04-29",,"ORNL_003.S.20150428","952sL8sB3/gUsTX8RzkXgbF0NMaICO/wnEQZZDBmr/4=","invert bycatch",,,,,,,,,,"nAKPQvGWPz3w50pS9SF/Wg/TlEjgxRE8","used NEON.DOC.014050vJ"
"f1817648-ab3f-4f10-884d-140cf069e253","ORNL_006.basePlot.bet","D07","ORNL","ORNL_006","S","2015-04-14","2015-04-28","2015-04-29","2015-05-04",,"ORNL_006.S.20150428","XUOG9+A5sIPMjfV0P55IMj1EEBdTP8UborhJjT1FoLM=","invert bycatch",,,,,,,,,,"nAKPQvGWPz3w50pS9SF/Wg/TlEjgxRE8","used NEON.DOC.014050vJ"
"fda4d127-0834-45a2-ae4a-32d478c4a2c5","ORNL_027.basePlot.bet","D07","ORNL","ORNL_027","S","2015-04-14","2015-04-28","2015-04-29","2015-05-04",,"ORNL_027.S.20150428","di/gYcSB3uC0rnNXI86D896vXzG/LH7mbxbgJcR5IGg=","invert bycatch",,,,,,,,,,"nAKPQvGWPz3w50pS9SF/Wg/TlEjgxRE8","used NEON.DOC.014050vJ"
"4b6a77d6-2e86-4521-b6da-32796a5c8585","ORNL_032.basePlot.bet","D07","ORNL","ORNL_032","S","2015-04-14","2015-04-28","2015-04-29","2015-05-01",,"ORNL_032.S.20150428","DcTblkLRhldYsz9PzbD5PAyoj1dZwkcDSTesgD2Nybg=","invert bycatch",,,,,,,,,,"nAKPQvGWPz3w50pS9SF/Wg/TlEjgxRE8","used NEON.DOC.014050vJ"
"0004dc0d-b5e1-49ae-af2d-2959ed4d945c","ORNL_004.basePlot.bet","D07","ORNL","ORNL_004","S","2015-04-14","2015-04-28","2015-04-29","2015-04-30",,"ORNL_004.S.20150428","qnVzy9oXbL2D+hwQ/H+gH5gTJccTYXMmoo3lYcu3M7w=","invert bycatch",,,,,,,,,,"nAKPQvGWPz3w50pS9SF/Wg/TlEjgxRE8","used NEON.DOC.014050vJ"
"ab45483f-08b3-4465-ae02-b7430a32cf0e","ORNL_021.basePlot.bet","D07","ORNL","ORNL_021","S","2015-04-14","2015-04-28","2015-04-29","2015-04-29",,"ORNL_021.S.20150428","LlqcsvOjN4DVJW2wc9HXZ7lp5unaLW+Lf7/lAzkNK7M=","invert bycatch",,,,,,,,,,"nAKPQvGWPz3w50pS9SF/Wg/TlEjgxRE8","used NEON.DOC.014050vJ"
"ba869c5f-fc2b-4ea3-a669-362f5c042068","ORNL_031.basePlot.bet","D07","ORNL","ORNL_031","S","2015-04-14","2015-04-28","2015-04-29","2015-04-29",,"ORNL_031.S.20150428","G1V5MttZ4JKmO1iG0DeUHXphH5/hXiuNRrt5RpO7sCw=","invert bycatch",,,,,,,,,,"nAKPQvGWPz3w50pS9SF/Wg/TlEjgxRE8","used NEON.DOC.014050vJ"
"c2da3c38-a786-44f6-9b2e-c6c6787c0957","ORNL_032.basePlot.bet","D07","ORNL","ORNL_032","W","2015-04-14","2015-04-28","2015-04-29","2015-09-21","2015-12-01","ORNL_032.W.20150428","DcTblkLRhlfJN+zoutMQxbuO38vKpvQjaJASleIq1eQ=","carabid","SPHSTE1","Sphaeroderus stenostomus lecontei","subspecies","cf. species","Dejean",,1,"Barr Jr., T. C. 1974a. Key to species and subspecies of Sphaeroderus Dejean.","nAKPQvGWPz3w50pS9SF/Wg/TlEjgxRE8","nAKPQvGWPz3w50pS9SF/Wg/TlEjgxRE8","used NEON.DOC.014050vJ"
"4eef4b34-64fd-4455-b8cb-e8e0ae117922","ORNL_021.basePlot.bet","D07","ORNL","ORNL_021","W","2015-04-14","2015-04-28","2015-04-29","2015-04-29",,"ORNL_021.W.20150428","LlqcsvOjN4Cc/5J6hIcxZB5mmyPJppm4gR3LnxERvQg=","invert bycatch",,,,,,,,,,"nAKPQvGWPz3w50pS9SF/Wg/TlEjgxRE8","used NEON.DOC.014050vJ"
"17c23d15-a94a-4989-ba37-ec8959bd6928","ORNL_003.basePlot.bet","D07","ORNL","ORNL_003","W","2015-04-14","2015-04-28","2015-04-29","2015-04-29",,"ORNL_003.W.20150428","952sL8sB3/gZLj4ChF4mhhcOwWARvLL1e/JtyO+ts7g=","invert bycatch",,,,,,,,,,"nAKPQvGWPz3w50pS9SF/Wg/TlEjgxRE8","used NEON.DOC.014050vJ"
"03d813f5-672e-42c5-b11a-a22af93b5ab7","ORNL_031.basePlot.bet","D07","ORNL","ORNL_031","W","2015-04-14","2015-04-28","2015-04-29","2015-04-29",,"ORNL_031.W.20150428","G1V5MttZ4JI18bMFJvz7ZhL7regiwMNKFpE+NGN3waM=","invert bycatch",,,,,,,,,,"nAKPQvGWPz3w50pS9SF/Wg/TlEjgxRE8","used NEON.DOC.014050vJ"
"c88f6eb3-f343-4586-bcc1-129f3eb6f515","ORNL_032.basePlot.bet","D07","ORNL","ORNL_032","W","2015-04-14","2015-04-28","2015-04-29","2015-05-01",,"ORNL_032.W.20150428","DcTblkLRhlfJN+zoutMQxZ2GuF7+XPz93+AuojH4hlk=","invert bycatch",,,,,,,,,,"nAKPQvGWPz3w50pS9SF/Wg/TlEjgxRE8","used NEON.DOC.014050vJ"
