uid,namedLocation,domainID,siteID,plotID,setDate,collectDate,identifiedDate,individualID,taxonID,kingdom,phylum,class,order,family,subfamily,tribe,genus,subgenus,specificEpithet,infraspecificEpithet,scientificName,scientificNameAuthorship,taxonRank,identificationQualifier,sex,morphospeciesID,identificationReferences,identifiedBy,laboratoryName,identificationRemarks,sampleCondition,dnaBarcoded,geneticSampleID,remarks
"0c91135b-9f47-44f4-a750-b3cfd4728f2b","ORNL_032.basePlot.bet","D07","ORNL","ORNL_032","2015-04-14","2015-04-28","2017-01-15","NEON.BET.D07.000519","SPHSTE1","Animalia","Arthropoda","Insecta","Coleoptera","Carabidae","Carabinae","Cychrini","Sphaeroderus",,"stenostomus","lecontei","Sphaeroderus stenostomus lecontei","Dejean","subspecies",,"M",,"Lindroth, C. H. 1969. The ground-beetles (Carabidae, excl. Cicindelinae) of Canada and Alaska, parts 1-6. Opuscula E. Entomoligiska Sallskapet.","Kipling Will","Essig Museum of Entomology",,"No known compromise","N",,
"dbc9d1cb-272b-4168-b838-12fbd58f3967","ORNL_031.basePlot.bet","D07","ORNL","ORNL_031","2015-04-14","2015-04-28","2017-01-15","NEON.BET.D07.000561","CHLEMA","Animalia","Arthropoda","Insecta","Coleoptera","Carabidae","Harpalinae","Chlaeniini","Chlaenius","Anomoglossus","emarginatus",,"Chlaenius emarginatus","Say","species",,"F",,"Bell, R. T. 1960. A Revision of the Genus Chlaenius Bonelli (Coleoptera, Carabidae) in North America. Miscellaneous Publications of the Entomological Society of America 1:98-166.","Kipling Will","Essig Museum of Entomology",,"No known compromise","N",,
"b1c9ff48-f656-4442-a094-3f47901637e1","ORNL_031.basePlot.bet","D07","ORNL","ORNL_031","2015-04-14","2015-04-28","2017-01-15","NEON.BET.D07.000724","AGOTHO1","Animalia","Arthropoda","Insecta","Coleoptera","Carabidae","Harpalinae","Harpalini","Agonoleptus",,"thoracicus",,"Agonoleptus thoracicus","Casey","species",,"F",,"Lindroth, C. H. 1969. The ground-beetles (Carabidae, excl. Cicindelinae) of Canada and Alaska, parts 1-6. Opuscula E. Entomoligiska Sallskapet.","Kipling Will","Essig Museum of Entomology",,"No known compromise","N",,
"e8d4c180-01ba-4d14-add4-d0963d4d2964","ORNL_006.basePlot.bet","D07","ORNL","ORNL_006","2015-04-14","2015-04-28","2017-01-15","NEON.BET.D07.000614","CYCFUC","Animalia","Arthropoda","Insecta","Coleoptera","Carabidae","Harpalinae","Pterostichini","Cyclotrachelus","Cyclotrachelus","fucatus",,"Cyclotrachelus fucatus","Freitag","species",,"M",,"Freitag, R. 1969. A revision of the species of the genus Evarthrus LeConte. Quaestiones Entomologicae 5:89-212.","Kipling Will","Essig Museum of Entomology",,"No known compromise","N",,
"ff2a7a5a-41fc-46c2-ba97-29ec0ea9e6f6","ORNL_006.basePlot.bet","D07","ORNL","ORNL_006","2015-04-14","2015-04-28","2017-01-15","NEON.BET.D07.000615","CYCFUC","Animalia","Arthropoda","Insecta","Coleoptera","Carabidae","Harpalinae","Pterostichini","Cyclotrachelus","Cyclotrachelus","fucatus",,"Cyclotrachelus fucatus","Freitag","species",,"M",,"Freitag, R. 1969. A revision of the species of the genus Evarthrus LeConte. Quaestiones Entomologicae 5:89-212.","Kipling Will","Essig Museum of Entomology",,"No known compromise","N",,
"5921de60-d164-4528-b88f-06a03623f1bd","ORNL_003.basePlot.bet","D07","ORNL","ORNL_003","2015-04-14","2015-04-28","2017-01-15","NEON.BET.D07.000611","CYCFUC","Animalia","Arthropoda","Insecta","Coleoptera","Carabidae","Harpalinae","Pterostichini","Cyclotrachelus","Cyclotrachelus","fucatus",,"Cyclotrachelus fucatus","Freitag","species",,"M",,"Freitag, R. 1969. A revision of the species of the genus Evarthrus LeConte. Quaestiones Entomologicae 5:89-212.","Kipling Will","Essig Museum of Entomology",,"No known compromise","N",,
"bff96c9e-b531-43c9-9376-800e4078115f","ORNL_003.basePlot.bet","D07","ORNL","ORNL_003","2015-04-14","2015-04-28","2017-01-15","NEON.BET.D07.000622","CYCFUC","Animalia","Arthropoda","Insecta","Coleoptera","Carabidae","Harpalinae","Pterostichini","Cyclotrachelus","Cyclotrachelus","fucatus",,"Cyclotrachelus fucatus","Freitag","species",,"M",,"Freitag, R. 1969. A revision of the species of the genus Evarthrus LeConte. Quaestiones Entomologicae 5:89-212.","Kipling Will","Essig Museum of Entomology",,"No known compromise","N",,
"87220541-1a13-4437-ab0c-ea7a896596d5","ORNL_003.basePlot.bet","D07","ORNL","ORNL_003","2015-04-14","2015-04-28","2017-01-15","NEON.BET.D07.000610","CYCFUC","Animalia","Arthropoda","Insecta","Coleoptera","Carabidae","Harpalinae","Pterostichini","Cyclotrachelus","Cyclotrachelus","fucatus",,"Cyclotrachelus fucatus","Freitag","species",,"M",,"Freitag, R. 1969. A revision of the species of the genus Evarthrus LeConte. Quaestiones Entomologicae 5:89-212.","Kipling Will","Essig Museum of Entomology",,"No known compromise","N",,
