uid,namedLocation,domainID,siteID,plotID,trapID,plotType,nlcdClass,decimalLatitude,decimalLongitude,geodeticDatum,coordinateUncertainty,elevation,elevationUncertainty,setDate,collectDate,eventID,daysOfTrapping,sampleCollected,sampleID,cupStatus,lidStatus,fluidLevel,samplingProtocolVersion,recordedBy,remarks
"b1392494-55f3-4840-a85e-624bf4d4d009","SRER_001.basePlot.bet","D14","SRER","SRER_001","S","distributed","shrubScrub",31.862142,-110.818853,"WGS84",20.1,1172.1,0.1,"2017-05-03","2017-05-17","SRER.2017.21",14,"Y","SRER_001.S.20170517","Ok","Ok","Ok","NEON.DOC.014050vK","5P9rmOp1P9qsXQarJJnM4rTn6gaFs3TLl2ehsbMRLi8=",
"48ab8258-0516-43a6-8431-b570d14f8279","SRER_006.basePlot.bet","D14","SRER","SRER_006","W","distributed","shrubScrub",31.795656,-110.910239,"WGS84",20.1,1048.6,0.1,"2017-05-03","2017-05-17","SRER.2017.21",14,"Y","SRER_006.W.20170517","Ok","Ok","Ok","NEON.DOC.014050vK","xhUh41HrIcfEaWpdXLRKlm3mcsT1p3YLWaStB1UQVQE=",
"16d7fb6e-9077-4019-bbc0-d015a420fd2b","SRER_001.basePlot.bet","D14","SRER","SRER_001","W","distributed","shrubScrub",31.862142,-110.818853,"WGS84",20.1,1172.1,0.1,"2017-05-03","2017-05-17","SRER.2017.21",14,"N",,"Disturbed","Ok","Low","NEON.DOC.014050vK","5P9rmOp1P9qsXQarJJnM4rTn6gaFs3TLl2ehsbMRLi8=","Cup filled with gravel"
"22e7c2b5-65d4-424c-aee7-93be65cb77bb","SRER_001.basePlot.bet","D14","SRER","SRER_001","E","distributed","shrubScrub",31.862142,-110.818853,"WGS84",20.1,1172.1,0.1,"2017-05-03","2017-05-17","SRER.2017.21",14,"Y","SRER_001.E.20170517","Ok","Ok","Ok","NEON.DOC.014050vK","5P9rmOp1P9qsXQarJJnM4rTn6gaFs3TLl2ehsbMRLi8=",
"554c3d77-06ee-465a-b9d0-464b2d08577b","SRER_009.basePlot.bet","D14","SRER","SRER_009","E","distributed","shrubScrub",31.844582,-110.834730,"WGS84",20.1,1145.2,0.1,"2017-05-03","2017-05-17","SRER.2017.21",14,"Y","SRER_009.E.20170517","Ok","Ok","Ok","NEON.DOC.014050vK","xhUh41HrIcfEaWpdXLRKlm3mcsT1p3YLWaStB1UQVQE=",
"85c0d1bd-7a4a-431a-8566-e40ef009ea74","SRER_009.basePlot.bet","D14","SRER","SRER_009","N","distributed","shrubScrub",31.844582,-110.834730,"WGS84",20.1,1145.2,0.1,"2017-05-03","2017-05-17","SRER.2017.21",14,"Y","SRER_009.N.20170517","Ok","Ok","Ok","NEON.DOC.014050vK","xhUh41HrIcfEaWpdXLRKlm3mcsT1p3YLWaStB1UQVQE=",
"acc75c08-0303-418f-8a16-c7eb941d2941","SRER_009.basePlot.bet","D14","SRER","SRER_009","W","distributed","shrubScrub",31.844582,-110.834730,"WGS84",20.1,1145.2,0.1,"2017-05-03","2017-05-17","SRER.2017.21",14,"Y","SRER_009.W.20170517","Ok","Ok","Ok","NEON.DOC.014050vK","xhUh41HrIcfEaWpdXLRKlm3mcsT1p3YLWaStB1UQVQE=",
"30dc9d1b-a8b5-47ef-beb2-d669cb3918fa","SRER_004.basePlot.bet","D14","SRER","SRER_004","S","distributed","shrubScrub",31.906778,-110.815262,"WGS84",20.0,1044.5,0.0,"2017-05-03","2017-05-17","SRER.2017.21",14,"Y","SRER_004.S.20170517","Ok","Ok","Ok","NEON.DOC.014050vK","5P9rmOp1P9qsXQarJJnM4rTn6gaFs3TLl2ehsbMRLi8=",
"4cd1525a-23c5-48f7-8dd1-406f297b2ec1","SRER_009.basePlot.bet","D14","SRER","SRER_009","S","distributed","shrubScrub",31.844582,-110.834730,"WGS84",20.1,1145.2,0.1,"2017-05-03","2017-05-17","SRER.2017.21",14,"Y","SRER_009.S.20170517","Ok","Ok","Low","NEON.DOC.014050vK","xhUh41HrIcfEaWpdXLRKlm3mcsT1p3YLWaStB1UQVQE=",
"9fac1927-4008-4f81-ac55-b63b148e176e","SRER_004.basePlot.bet","D14","SRER","SRER_004","W","distributed","shrubScrub",31.906778,-110.815262,"WGS84",20.0,1044.5,0.0,"2017-05-03","2017-05-17","SRER.2017.21",14,"Y","SRER_004.W.20170517","Ok","Ok","Ok","NEON.DOC.014050vK","5P9rmOp1P9qsXQarJJnM4rTn6gaFs3TLl2ehsbMRLi8=",
"76558f19-1eff-46a6-b19d-ff00620984fb","SRER_004.basePlot.bet","D14","SRER","SRER_004","E","distributed","shrubScrub",31.906778,-110.815262,"WGS84",20.0,1044.5,0.0,"2017-05-03","2017-05-17","SRER.2017.21",14,"Y","SRER_004.E.20170517","Ok","Ok","Ok","NEON.DOC.014050vK","5P9rmOp1P9qsXQarJJnM4rTn6gaFs3TLl2ehsbMRLi8=",
"280e9831-7de3-463b-9410-e264be17f9ce","SRER_004.basePlot.bet","D14","SRER","SRER_004","N","distributed","shrubScrub",31.906778,-110.815262,"WGS84",20.0,1044.5,0.0,"2017-05-03","2017-05-17","SRER.2017.21",14,"Y","SRER_004.N.20170517","Ok","Ok","Ok","NEON.DOC.014050vK","5P9rmOp1P9qsXQarJJnM4rTn6gaFs3TLl2ehsbMRLi8=",
"f08f1c7d-6b2d-43d6-aaa7-aec0c26d7cb6","SRER_002.basePlot.bet","D14","SRER","SRER_002","E","distributed","shrubScrub",31.870334,-110.856598,"WGS84",20.1,1032.0,0.1,"2017-05-03","2017-05-17","SRER.2017.21",14,"Y","SRER_002.E.20170517","Ok","Ok","Ok","NEON.DOC.014050vK","5P9rmOp1P9qsXQarJJnM4rTn6gaFs3TLl2ehsbMRLi8=",
"f7da30e9-103b-49ad-8e1e-18b73b469eda","SRER_005.basePlot.bet","D14","SRER","SRER_005","S","distributed","shrubScrub",31.828844,-110.823985,"WGS84",20.1,1261.1,0.1,"2017-05-03","2017-05-17","SRER.2017.21",14,"Y","SRER_005.S.20170517","Ok","Ok","Ok","NEON.DOC.014050vK","xhUh41HrIcfEaWpdXLRKlm3mcsT1p3YLWaStB1UQVQE=",
"08bf7d21-0a87-47f7-b1c1-af8530472b4b","SRER_002.basePlot.bet","D14","SRER","SRER_002","S","distributed","shrubScrub",31.870334,-110.856598,"WGS84",20.1,1032.0,0.1,"2017-05-03","2017-05-17","SRER.2017.21",14,"Y","SRER_002.S.20170517","Ok","Ok","Ok","NEON.DOC.014050vK","5P9rmOp1P9qsXQarJJnM4rTn6gaFs3TLl2ehsbMRLi8=",
"fb0e2ccd-1bfe-40c3-b41b-5515c3b4f7d4","SRER_002.basePlot.bet","D14","SRER","SRER_002","W","distributed","shrubScrub",31.870334,-110.856598,"WGS84",20.1,1032.0,0.1,"2017-05-03","2017-05-17","SRER.2017.21",14,"Y","SRER_002.W.20170517","Ok","Ok","Ok","NEON.DOC.014050vK","5P9rmOp1P9qsXQarJJnM4rTn6gaFs3TLl2ehsbMRLi8=",
"94084f4e-5462-4860-8f11-e9ac4d4b0053","SRER_002.basePlot.bet","D14","SRER","SRER_002","N","distributed","shrubScrub",31.870334,-110.856598,"WGS84",20.1,1032.0,0.1,"2017-05-03","2017-05-17","SRER.2017.21",14,"Y","SRER_002.N.20170517","Ok","Ok","Ok","NEON.DOC.014050vK","5P9rmOp1P9qsXQarJJnM4rTn6gaFs3TLl2ehsbMRLi8=",
"224d35f2-6769-48b9-957f-89e8b80bd6bc","SRER_005.basePlot.bet","D14","SRER","SRER_005","E","distributed","shrubScrub",31.828844,-110.823985,"WGS84",20.1,1261.1,0.1,"2017-05-03","2017-05-17","SRER.2017.21",14,"Y","SRER_005.E.20170517","Ok","Ok","Ok","NEON.DOC.014050vK","xhUh41HrIcfEaWpdXLRKlm3mcsT1p3YLWaStB1UQVQE=",
"9bb073b8-271c-45ce-9127-7ae8a157e740","SRER_008.basePlot.bet","D14","SRER","SRER_008","S","distributed","shrubScrub",31.867013,-110.814720,"WGS84",20.1,1177.2,0.1,"2017-05-03","2017-05-17","SRER.2017.21",14,"Y","SRER_008.S.20170517","Ok","Ok","Ok","NEON.DOC.014050vK","5P9rmOp1P9qsXQarJJnM4rTn6gaFs3TLl2ehsbMRLi8=",
"7961bfd9-dfc1-4f3c-95b5-cb145d78ef50","SRER_008.basePlot.bet","D14","SRER","SRER_008","W","distributed","shrubScrub",31.867013,-110.814720,"WGS84",20.1,1177.2,0.1,"2017-05-03","2017-05-17","SRER.2017.21",14,"Y","SRER_008.W.20170517","Ok","Ok","Ok","NEON.DOC.014050vK","5P9rmOp1P9qsXQarJJnM4rTn6gaFs3TLl2ehsbMRLi8=",
"b95ca5df-f6bc-497e-9005-7a82f8cb4c13","SRER_008.basePlot.bet","D14","SRER","SRER_008","N","distributed","shrubScrub",31.867013,-110.814720,"WGS84",20.1,1177.2,0.1,"2017-05-03","2017-05-17","SRER.2017.21",14,"Y","SRER_008.N.20170517","Ok","Ok","Ok","NEON.DOC.014050vK","5P9rmOp1P9qsXQarJJnM4rTn6gaFs3TLl2ehsbMRLi8=",
"8aaf18ee-a36f-4bb7-889a-5888c6d1c256","SRER_008.basePlot.bet","D14","SRER","SRER_008","E","distributed","shrubScrub",31.867013,-110.814720,"WGS84",20.1,1177.2,0.1,"2017-05-03","2017-05-17","SRER.2017.21",14,"Y","SRER_008.E.20170517","Ok","Ok","Ok","NEON.DOC.014050vK","5P9rmOp1P9qsXQarJJnM4rTn6gaFs3TLl2ehsbMRLi8=",
"c21bd635-26b5-4451-b6ec-a6f5db8a293a","SRER_007.basePlot.bet","D14","SRER","SRER_007","S","distributed","shrubScrub",31.897668,-110.874932,"WGS84",20.1,938.1,0.1,"2017-05-03","2017-05-17","SRER.2017.21",14,"Y","SRER_007.S.20170517","Ok","Ok","Ok","NEON.DOC.014050vK","5P9rmOp1P9qsXQarJJnM4rTn6gaFs3TLl2ehsbMRLi8=",
"d0ca2ad1-0bf6-4dad-9325-3d848ac6cd2d","SRER_007.basePlot.bet","D14","SRER","SRER_007","E","distributed","shrubScrub",31.897668,-110.874932,"WGS84",20.1,938.1,0.1,"2017-05-03","2017-05-17","SRER.2017.21",14,"Y","SRER_007.E.20170517","Ok","Ok","Ok","NEON.DOC.014050vK","5P9rmOp1P9qsXQarJJnM4rTn6gaFs3TLl2ehsbMRLi8=",
"70cb6d0a-e162-421f-a455-15fcc7dc40cb","SRER_007.basePlot.bet","D14","SRER","SRER_007","W","distributed","shrubScrub",31.897668,-110.874932,"WGS84",20.1,938.1,0.1,"2017-05-03","2017-05-17","SRER.2017.21",14,"Y","SRER_007.W.20170517","Ok","Ok","Ok","NEON.DOC.014050vK","5P9rmOp1P9qsXQarJJnM4rTn6gaFs3TLl2ehsbMRLi8=",
"beb33760-32fe-44ed-b57d-866f7cf34f2d","SRER_007.basePlot.bet","D14","SRER","SRER_007","N","distributed","shrubScrub",31.897668,-110.874932,"WGS84",20.1,938.1,0.1,"2017-05-03","2017-05-17","SRER.2017.21",14,"Y","SRER_007.N.20170517","Ok","Ok","Ok","NEON.DOC.014050vK","5P9rmOp1P9qsXQarJJnM4rTn6gaFs3TLl2ehsbMRLi8=",
"b11d318c-66c4-4972-a7b6-898229ca975d","SRER_003.basePlot.bet","D14","SRER","SRER_003","N","distributed","shrubScrub",31.840609,-110.917189,"WGS84",20.1,974.5,0.1,"2017-05-03","2017-05-17","SRER.2017.21",14,"Y","SRER_003.N.20170517","Ok","Ok","Ok","NEON.DOC.014050vK","xhUh41HrIcfEaWpdXLRKlm3mcsT1p3YLWaStB1UQVQE=",
"b340e322-0d3a-4a41-9c70-9eb7eec38244","SRER_003.basePlot.bet","D14","SRER","SRER_003","S","distributed","shrubScrub",31.840609,-110.917189,"WGS84",20.1,974.5,0.1,"2017-05-03","2017-05-17","SRER.2017.21",14,"Y","SRER_003.S.20170517","Ok","Ok","Ok","NEON.DOC.014050vK","xhUh41HrIcfEaWpdXLRKlm3mcsT1p3YLWaStB1UQVQE=",
"ea4b5490-ea4f-4968-9ed3-ba85dfd85e1d","SRER_003.basePlot.bet","D14","SRER","SRER_003","W","distributed","shrubScrub",31.840609,-110.917189,"WGS84",20.1,974.5,0.1,"2017-05-03","2017-05-17","SRER.2017.21",14,"Y","SRER_003.W.20170517","Ok","Ok","Ok","NEON.DOC.014050vK","xhUh41HrIcfEaWpdXLRKlm3mcsT1p3YLWaStB1UQVQE=",
"2aa0d0e5-f9f3-40ef-8c16-06f6dc659dd9","SRER_003.basePlot.bet","D14","SRER","SRER_003","E","distributed","shrubScrub",31.840609,-110.917189,"WGS84",20.1,974.5,0.1,"2017-05-03","2017-05-17","SRER.2017.21",14,"Y","SRER_003.E.20170517","Ok","Ok","Ok","NEON.DOC.014050vK","xhUh41HrIcfEaWpdXLRKlm3mcsT1p3YLWaStB1UQVQE=",
"9a64ee7e-24c5-4922-af64-95854da10d85","SRER_010.basePlot.bet","D14","SRER","SRER_010","S","distributed","shrubScrub",31.800537,-110.909297,"WGS84",20.1,1042.7,0.1,"2017-05-03","2017-05-17","SRER.2017.21",14,"Y","SRER_010.S.20170517","Ok","Ok","Ok","NEON.DOC.014050vK","xhUh41HrIcfEaWpdXLRKlm3mcsT1p3YLWaStB1UQVQE=",
"59b8d622-6a2c-4edf-b6de-482678fe038a","SRER_010.basePlot.bet","D14","SRER","SRER_010","N","distributed","shrubScrub",31.800537,-110.909297,"WGS84",20.1,1042.7,0.1,"2017-05-03","2017-05-17","SRER.2017.21",14,"Y","SRER_010.N.20170517","Ok","Ok","Ok","NEON.DOC.014050vK","xhUh41HrIcfEaWpdXLRKlm3mcsT1p3YLWaStB1UQVQE=",
"ea64265e-360d-4903-b1f7-3741be72ec0b","SRER_005.basePlot.bet","D14","SRER","SRER_005","N","distributed","shrubScrub",31.828844,-110.823985,"WGS84",20.1,1261.1,0.1,"2017-05-03","2017-05-17","SRER.2017.21",14,"Y","SRER_005.N.20170517","Ok","Ok","Ok","NEON.DOC.014050vK","xhUh41HrIcfEaWpdXLRKlm3mcsT1p3YLWaStB1UQVQE=",
"44db4dd0-63ef-47e3-af43-ee5350180708","SRER_005.basePlot.bet","D14","SRER","SRER_005","W","distributed","shrubScrub",31.828844,-110.823985,"WGS84",20.1,1261.1,0.1,"2017-05-03","2017-05-17","SRER.2017.21",14,"Y","SRER_005.W.20170517","Ok","Ok","Ok","NEON.DOC.014050vK","xhUh41HrIcfEaWpdXLRKlm3mcsT1p3YLWaStB1UQVQE=",
"b168d0a9-8f2b-4245-9632-09b6c3047417","SRER_010.basePlot.bet","D14","SRER","SRER_010","W","distributed","shrubScrub",31.800537,-110.909297,"WGS84",20.1,1042.7,0.1,"2017-05-03","2017-05-17","SRER.2017.21",14,"Y","SRER_010.W.20170517","Ok","Ok","Ok","NEON.DOC.014050vK","xhUh41HrIcfEaWpdXLRKlm3mcsT1p3YLWaStB1UQVQE=",
"8538f1af-cf43-4a3b-aba9-eb47ddbe667d","SRER_006.basePlot.bet","D14","SRER","SRER_006","E","distributed","shrubScrub",31.795656,-110.910239,"WGS84",20.1,1048.6,0.1,"2017-05-03","2017-05-17","SRER.2017.21",14,"Y","SRER_006.E.20170517","Ok","Ok","Ok","NEON.DOC.014050vK","xhUh41HrIcfEaWpdXLRKlm3mcsT1p3YLWaStB1UQVQE=",
"77e24c1c-638c-4f29-be27-bf475aa4fbc4","SRER_010.basePlot.bet","D14","SRER","SRER_010","E","distributed","shrubScrub",31.800537,-110.909297,"WGS84",20.1,1042.7,0.1,"2017-05-03","2017-05-17","SRER.2017.21",14,"Y","SRER_010.E.20170517","Ok","Ok","Ok","NEON.DOC.014050vK","xhUh41HrIcfEaWpdXLRKlm3mcsT1p3YLWaStB1UQVQE=",
"804efa0b-87c0-4eac-83fb-1b658d019594","SRER_006.basePlot.bet","D14","SRER","SRER_006","S","distributed","shrubScrub",31.795656,-110.910239,"WGS84",20.1,1048.6,0.1,"2017-05-03","2017-05-17","SRER.2017.21",14,"Y","SRER_006.S.20170517","Ok","Ok","Low","NEON.DOC.014050vK","xhUh41HrIcfEaWpdXLRKlm3mcsT1p3YLWaStB1UQVQE=",
"f978d3c3-2b97-4b2b-b9b7-67d332ee0e0e","SRER_006.basePlot.bet","D14","SRER","SRER_006","N","distributed","shrubScrub",31.795656,-110.910239,"WGS84",20.1,1048.6,0.1,"2017-05-03","2017-05-17","SRER.2017.21",14,"Y","SRER_006.N.20170517","Ok","Ok","Ok","NEON.DOC.014050vK","xhUh41HrIcfEaWpdXLRKlm3mcsT1p3YLWaStB1UQVQE=",
"7babaf7a-1bf1-422a-9059-dd7fb508ad76","SRER_001.basePlot.bet","D14","SRER","SRER_001","N","distributed","shrubScrub",31.862142,-110.818853,"WGS84",20.1,1172.1,0.1,"2017-05-03","2017-05-17","SRER.2017.21",14,"Y","SRER_001.N.20170517","Ok","Ok","Ok","NEON.DOC.014050vK","5P9rmOp1P9qsXQarJJnM4rTn6gaFs3TLl2ehsbMRLi8=",
"f472cf1f-8c29-467c-ba93-8be536d32ed6","SRER_007.basePlot.bet","D14","SRER","SRER_007","N","distributed","shrubScrub",31.897668,-110.874932,"WGS84",20.1,938.1,0.1,"2017-05-17","2017-05-31","SRER.2017.23",14,"Y","SRER_007.N.20170531","Ok","Ok","Ok","NEON.DOC.014050vK","HSLHxoHyU+OUsiFMGmLLQtrjXj9jFn9P",
"71f0d9d8-fc57-4657-9b82-6c6f174a626a","SRER_007.basePlot.bet","D14","SRER","SRER_007","S","distributed","shrubScrub",31.897668,-110.874932,"WGS84",20.1,938.1,0.1,"2017-05-17","2017-05-31","SRER.2017.23",14,"Y","SRER_007.S.20170531","Ok","Ok","Ok","NEON.DOC.014050vK","HSLHxoHyU+OUsiFMGmLLQtrjXj9jFn9P",
"cd0d0b65-d549-4685-b2cc-4130ddfcaa38","SRER_003.basePlot.bet","D14","SRER","SRER_003","S","distributed","shrubScrub",31.840609,-110.917189,"WGS84",20.1,974.5,0.1,"2017-05-17","2017-05-31","SRER.2017.23",14,"Y","SRER_003.S.20170531","Ok","Ok","Ok","NEON.DOC.014050vK","Sf6Yo6UV2y4IqBxH2CIvxtTGM+hWRbt0qlTMKiAoDAg=",
"9a0662ad-dbff-4205-8fae-5e03012cefd7","SRER_003.basePlot.bet","D14","SRER","SRER_003","E","distributed","shrubScrub",31.840609,-110.917189,"WGS84",20.1,974.5,0.1,"2017-05-17","2017-05-31","SRER.2017.23",14,"Y","SRER_003.E.20170531","Ok","Ok","Ok","NEON.DOC.014050vK","Sf6Yo6UV2y4IqBxH2CIvxtTGM+hWRbt0qlTMKiAoDAg=",
"a8473c1b-123f-4a75-a30a-2eedee3accb5","SRER_003.basePlot.bet","D14","SRER","SRER_003","N","distributed","shrubScrub",31.840609,-110.917189,"WGS84",20.1,974.5,0.1,"2017-05-17","2017-05-31","SRER.2017.23",14,"Y","SRER_003.N.20170531","Ok","Ok","Ok","NEON.DOC.014050vK","Sf6Yo6UV2y4IqBxH2CIvxtTGM+hWRbt0qlTMKiAoDAg=",
"a026e23b-699d-4977-bb2f-a43b8a9dd8ef","SRER_003.basePlot.bet","D14","SRER","SRER_003","W","distributed","shrubScrub",31.840609,-110.917189,"WGS84",20.1,974.5,0.1,"2017-05-17","2017-05-31","SRER.2017.23",14,"Y","SRER_003.W.20170531","Ok","Ok","Ok","NEON.DOC.014050vK","Sf6Yo6UV2y4IqBxH2CIvxtTGM+hWRbt0qlTMKiAoDAg=",
"185976ed-87f7-446f-9915-05fcf9ddf3db","SRER_005.basePlot.bet","D14","SRER","SRER_005","S","distributed","shrubScrub",31.828844,-110.823985,"WGS84",20.1,1261.1,0.1,"2017-05-17","2017-05-31","SRER.2017.23",14,"Y","SRER_005.S.20170531","Ok","Ok","Ok","NEON.DOC.014050vK","Sf6Yo6UV2y4IqBxH2CIvxtTGM+hWRbt0qlTMKiAoDAg=",
"020b2a26-6778-4ea5-8c27-f2a5f5696bda","SRER_005.basePlot.bet","D14","SRER","SRER_005","E","distributed","shrubScrub",31.828844,-110.823985,"WGS84",20.1,1261.1,0.1,"2017-05-17","2017-05-31","SRER.2017.23",14,"Y","SRER_005.E.20170531","Ok","Ok","Ok","NEON.DOC.014050vK","Sf6Yo6UV2y4IqBxH2CIvxtTGM+hWRbt0qlTMKiAoDAg=",
"2b9b1a22-5ba8-49c1-8266-23e6e2974cb7","SRER_010.basePlot.bet","D14","SRER","SRER_010","E","distributed","shrubScrub",31.800537,-110.909297,"WGS84",20.1,1042.7,0.1,"2017-05-17","2017-05-31","SRER.2017.23",14,"Y","SRER_010.E.20170531","Ok","Ok","Ok","NEON.DOC.014050vK","5P9rmOp1P9qsXQarJJnM4rTn6gaFs3TLl2ehsbMRLi8=",
"4e4af72b-d8e7-41b1-bec1-77e8965e083a","SRER_010.basePlot.bet","D14","SRER","SRER_010","S","distributed","shrubScrub",31.800537,-110.909297,"WGS84",20.1,1042.7,0.1,"2017-05-17","2017-05-31","SRER.2017.23",14,"Y","SRER_010.S.20170531","Ok","Ok","Ok","NEON.DOC.014050vK","5P9rmOp1P9qsXQarJJnM4rTn6gaFs3TLl2ehsbMRLi8=",
"7e2c6d2e-4053-401a-9a2d-c42357b848a4","SRER_010.basePlot.bet","D14","SRER","SRER_010","W","distributed","shrubScrub",31.800537,-110.909297,"WGS84",20.1,1042.7,0.1,"2017-05-17","2017-05-31","SRER.2017.23",14,"Y","SRER_010.W.20170531","Ok","Ok","Ok","NEON.DOC.014050vK","5P9rmOp1P9qsXQarJJnM4rTn6gaFs3TLl2ehsbMRLi8=",
"dca3b2a7-ecaf-4898-abca-e45c645aa411","SRER_010.basePlot.bet","D14","SRER","SRER_010","N","distributed","shrubScrub",31.800537,-110.909297,"WGS84",20.1,1042.7,0.1,"2017-05-17","2017-05-31","SRER.2017.23",14,"Y","SRER_010.N.20170531","Ok","Ok","Ok","NEON.DOC.014050vK","5P9rmOp1P9qsXQarJJnM4rTn6gaFs3TLl2ehsbMRLi8=",
"f8427c87-070b-445f-ac94-fe0a62c22f97","SRER_006.basePlot.bet","D14","SRER","SRER_006","W","distributed","shrubScrub",31.795656,-110.910239,"WGS84",20.1,1048.6,0.1,"2017-05-17","2017-05-31","SRER.2017.23",14,"Y","SRER_006.W.20170531","Ok","Ok","Ok","NEON.DOC.014050vK","Sf6Yo6UV2y4IqBxH2CIvxtTGM+hWRbt0qlTMKiAoDAg=",
"d53e4603-cb61-4666-ba21-851036619a49","SRER_006.basePlot.bet","D14","SRER","SRER_006","E","distributed","shrubScrub",31.795656,-110.910239,"WGS84",20.1,1048.6,0.1,"2017-05-17","2017-05-31","SRER.2017.23",14,"Y","SRER_006.E.20170531","Ok","Ok","Ok","NEON.DOC.014050vK","Sf6Yo6UV2y4IqBxH2CIvxtTGM+hWRbt0qlTMKiAoDAg=",
"dccf2fd6-287a-4c7c-96dd-b47a7749a2cb","SRER_006.basePlot.bet","D14","SRER","SRER_006","S","distributed","shrubScrub",31.795656,-110.910239,"WGS84",20.1,1048.6,0.1,"2017-05-17","2017-05-31","SRER.2017.23",14,"Y","SRER_006.S.20170531","Ok","Ok","Ok","NEON.DOC.014050vK","Sf6Yo6UV2y4IqBxH2CIvxtTGM+hWRbt0qlTMKiAoDAg=",
"be37691c-10be-479e-bbeb-e9b0b70db7ff","SRER_006.basePlot.bet","D14","SRER","SRER_006","N","distributed","shrubScrub",31.795656,-110.910239,"WGS84",20.1,1048.6,0.1,"2017-05-17","2017-05-31","SRER.2017.23",14,"Y","SRER_006.N.20170531","Ok","Ok","Ok","NEON.DOC.014050vK","Sf6Yo6UV2y4IqBxH2CIvxtTGM+hWRbt0qlTMKiAoDAg=",
"2bb804ed-6d0e-4030-8616-a08e34f15a60","SRER_009.basePlot.bet","D14","SRER","SRER_009","S","distributed","shrubScrub",31.844582,-110.834730,"WGS84",20.1,1145.2,0.1,"2017-05-17","2017-05-31","SRER.2017.23",14,"Y","SRER_009.S.20170531","Ok","Ok","Ok","NEON.DOC.014050vK","5P9rmOp1P9qsXQarJJnM4rTn6gaFs3TLl2ehsbMRLi8=",
"89f26d96-ec57-46ff-b16f-5e2796c91aad","SRER_009.basePlot.bet","D14","SRER","SRER_009","W","distributed","shrubScrub",31.844582,-110.834730,"WGS84",20.1,1145.2,0.1,"2017-05-17","2017-05-31","SRER.2017.23",14,"Y","SRER_009.W.20170531","Ok","Ok","Ok","NEON.DOC.014050vK","5P9rmOp1P9qsXQarJJnM4rTn6gaFs3TLl2ehsbMRLi8=",
"5a20ebef-00b7-4b96-a4c1-b863b0e1cd20","SRER_009.basePlot.bet","D14","SRER","SRER_009","N","distributed","shrubScrub",31.844582,-110.834730,"WGS84",20.1,1145.2,0.1,"2017-05-17","2017-05-31","SRER.2017.23",14,"Y","SRER_009.N.20170531","Ok","Ok","Ok","NEON.DOC.014050vK","5P9rmOp1P9qsXQarJJnM4rTn6gaFs3TLl2ehsbMRLi8=",
"e3c5a90f-c40c-4405-8d26-1d140c05135b","SRER_009.basePlot.bet","D14","SRER","SRER_009","E","distributed","shrubScrub",31.844582,-110.834730,"WGS84",20.1,1145.2,0.1,"2017-05-17","2017-05-31","SRER.2017.23",14,"Y","SRER_009.E.20170531","Ok","Ok","Ok","NEON.DOC.014050vK","5P9rmOp1P9qsXQarJJnM4rTn6gaFs3TLl2ehsbMRLi8=",
"5bdda608-3455-4f7d-bec9-e9f24602543e","SRER_004.basePlot.bet","D14","SRER","SRER_004","N","distributed","shrubScrub",31.906778,-110.815262,"WGS84",20.0,1044.5,0.0,"2017-05-17","2017-05-31","SRER.2017.23",14,"Y","SRER_004.N.20170531","Ok","Ok","Ok","NEON.DOC.014050vK","HSLHxoHyU+OUsiFMGmLLQtrjXj9jFn9P",
"571234a8-0b3a-418e-93f8-d75af8927c2c","SRER_004.basePlot.bet","D14","SRER","SRER_004","W","distributed","shrubScrub",31.906778,-110.815262,"WGS84",20.0,1044.5,0.0,"2017-05-17","2017-05-31","SRER.2017.23",14,"Y","SRER_004.W.20170531","Ok","Ok","Ok","NEON.DOC.014050vK","HSLHxoHyU+OUsiFMGmLLQtrjXj9jFn9P",
"1997f416-d323-43f8-80bb-6fe269452ea3","SRER_002.basePlot.bet","D14","SRER","SRER_002","W","distributed","shrubScrub",31.870334,-110.856598,"WGS84",20.1,1032.0,0.1,"2017-05-17","2017-05-31","SRER.2017.23",14,"Y","SRER_002.W.20170531","Ok","Ok","Ok","NEON.DOC.014050vK","HSLHxoHyU+OUsiFMGmLLQtrjXj9jFn9P",
"92f2c5d8-29a0-4b84-a1af-b377e13837cd","SRER_004.basePlot.bet","D14","SRER","SRER_004","E","distributed","shrubScrub",31.906778,-110.815262,"WGS84",20.0,1044.5,0.0,"2017-05-17","2017-05-31","SRER.2017.23",14,"Y","SRER_004.E.20170531","Ok","Ok","Ok","NEON.DOC.014050vK","HSLHxoHyU+OUsiFMGmLLQtrjXj9jFn9P",
"eaa0ab13-888d-4a1a-93fe-728813a2620b","SRER_004.basePlot.bet","D14","SRER","SRER_004","S","distributed","shrubScrub",31.906778,-110.815262,"WGS84",20.0,1044.5,0.0,"2017-05-17","2017-05-31","SRER.2017.23",14,"Y","SRER_004.S.20170531","Ok","Ok","Ok","NEON.DOC.014050vK","HSLHxoHyU+OUsiFMGmLLQtrjXj9jFn9P",
"33c97c10-7e81-4984-ba00-b4c593c3b9c1","SRER_002.basePlot.bet","D14","SRER","SRER_002","E","distributed","shrubScrub",31.870334,-110.856598,"WGS84",20.1,1032.0,0.1,"2017-05-17","2017-05-31","SRER.2017.23",14,"Y","SRER_002.E.20170531","Ok","Ok","Ok","NEON.DOC.014050vK","HSLHxoHyU+OUsiFMGmLLQtrjXj9jFn9P",
"8763cd95-5cd9-4175-a99e-0d4ddfee3694","SRER_002.basePlot.bet","D14","SRER","SRER_002","N","distributed","shrubScrub",31.870334,-110.856598,"WGS84",20.1,1032.0,0.1,"2017-05-17","2017-05-31","SRER.2017.23",14,"Y","SRER_002.N.20170531","Ok","Ok","Ok","NEON.DOC.014050vK","HSLHxoHyU+OUsiFMGmLLQtrjXj9jFn9P",
"7f3103a0-e51a-4758-ada6-dff2ef4be55d","SRER_005.basePlot.bet","D14","SRER","SRER_005","W","distributed","shrubScrub",31.828844,-110.823985,"WGS84",20.1,1261.1,0.1,"2017-05-17","2017-05-31","SRER.2017.23",14,"Y","SRER_005.W.20170531","Ok","Ok","Ok","NEON.DOC.014050vK","Sf6Yo6UV2y4IqBxH2CIvxtTGM+hWRbt0qlTMKiAoDAg=",
"9a5ddcf0-a558-424c-b976-38b8a01f8a1d","SRER_005.basePlot.bet","D14","SRER","SRER_005","N","distributed","shrubScrub",31.828844,-110.823985,"WGS84",20.1,1261.1,0.1,"2017-05-17","2017-05-31","SRER.2017.23",14,"Y","SRER_005.N.20170531","Ok","Ok","Ok","NEON.DOC.014050vK","Sf6Yo6UV2y4IqBxH2CIvxtTGM+hWRbt0qlTMKiAoDAg=",
"296dd497-3b0d-42e4-928e-1b57390bca9b","SRER_002.basePlot.bet","D14","SRER","SRER_002","S","distributed","shrubScrub",31.870334,-110.856598,"WGS84",20.1,1032.0,0.1,"2017-05-17","2017-05-31","SRER.2017.23",14,"Y","SRER_002.S.20170531","Ok","Ok","Ok","NEON.DOC.014050vK","HSLHxoHyU+OUsiFMGmLLQtrjXj9jFn9P",
"3d9b98a5-7b2e-406a-98ed-98ed55227143","SRER_008.basePlot.bet","D14","SRER","SRER_008","W","distributed","shrubScrub",31.867013,-110.814720,"WGS84",20.1,1177.2,0.1,"2017-05-17","2017-05-31","SRER.2017.23",14,"Y","SRER_008.W.20170531","Ok","Ok","Ok","NEON.DOC.014050vK","HSLHxoHyU+OUsiFMGmLLQtrjXj9jFn9P",
"58e972a7-5741-4567-ab8d-54f0a2ad273c","SRER_008.basePlot.bet","D14","SRER","SRER_008","N","distributed","shrubScrub",31.867013,-110.814720,"WGS84",20.1,1177.2,0.1,"2017-05-17","2017-05-31","SRER.2017.23",14,"Y","SRER_008.N.20170531","Ok","Ok","Ok","NEON.DOC.014050vK","HSLHxoHyU+OUsiFMGmLLQtrjXj9jFn9P",
"dbaa5959-8c87-45c5-bf6d-9481285801a6","SRER_008.basePlot.bet","D14","SRER","SRER_008","S","distributed","shrubScrub",31.867013,-110.814720,"WGS84",20.1,1177.2,0.1,"2017-05-17","2017-05-31","SRER.2017.23",14,"Y","SRER_008.S.20170531","Ok","Ok","Ok","NEON.DOC.014050vK","HSLHxoHyU+OUsiFMGmLLQtrjXj9jFn9P",
"8db96e93-2002-4a32-9f19-6c82585b5421","SRER_001.basePlot.bet","D14","SRER","SRER_001","E","distributed","shrubScrub",31.862142,-110.818853,"WGS84",20.1,1172.1,0.1,"2017-05-17","2017-05-31","SRER.2017.23",14,"Y","SRER_001.E.20170531","Ok","Ok","Ok","NEON.DOC.014050vK","HSLHxoHyU+OUsiFMGmLLQtrjXj9jFn9P",
"e41fb016-37dd-4087-85a5-01b9b5693aec","SRER_008.basePlot.bet","D14","SRER","SRER_008","E","distributed","shrubScrub",31.867013,-110.814720,"WGS84",20.1,1177.2,0.1,"2017-05-17","2017-05-31","SRER.2017.23",14,"Y","SRER_008.E.20170531","Ok","Ok","Ok","NEON.DOC.014050vK","HSLHxoHyU+OUsiFMGmLLQtrjXj9jFn9P",
"08f001ab-342b-4f74-b392-360acc17c6ab","SRER_001.basePlot.bet","D14","SRER","SRER_001","N","distributed","shrubScrub",31.862142,-110.818853,"WGS84",20.1,1172.1,0.1,"2017-05-17","2017-05-31","SRER.2017.23",14,"Y","SRER_001.N.20170531","Ok","Ok","Ok","NEON.DOC.014050vK","HSLHxoHyU+OUsiFMGmLLQtrjXj9jFn9P",
"a754a46e-a035-428a-9f60-c849fe2ff3ec","SRER_001.basePlot.bet","D14","SRER","SRER_001","W","distributed","shrubScrub",31.862142,-110.818853,"WGS84",20.1,1172.1,0.1,"2017-05-17","2017-05-31","SRER.2017.23",14,"Y","SRER_001.W.20170531","Ok","Ok","Ok","NEON.DOC.014050vK","HSLHxoHyU+OUsiFMGmLLQtrjXj9jFn9P",
"0c24da37-2c9d-4a6c-bba4-7b1b02bf44e4","SRER_001.basePlot.bet","D14","SRER","SRER_001","S","distributed","shrubScrub",31.862142,-110.818853,"WGS84",20.1,1172.1,0.1,"2017-05-17","2017-05-31","SRER.2017.23",14,"Y","SRER_001.S.20170531","Ok","Ok","Ok","NEON.DOC.014050vK","HSLHxoHyU+OUsiFMGmLLQtrjXj9jFn9P",
"cb866da6-f908-4760-a16d-4897cb8b2060","SRER_007.basePlot.bet","D14","SRER","SRER_007","W","distributed","shrubScrub",31.897668,-110.874932,"WGS84",20.1,938.1,0.1,"2017-05-17","2017-05-31","SRER.2017.23",14,"Y","SRER_007.W.20170531","Ok","Ok","Ok","NEON.DOC.014050vK","HSLHxoHyU+OUsiFMGmLLQtrjXj9jFn9P",
"a75fd323-59b9-4e74-8b8f-e1f58cd136c5","SRER_007.basePlot.bet","D14","SRER","SRER_007","E","distributed","shrubScrub",31.897668,-110.874932,"WGS84",20.1,938.1,0.1,"2017-05-17","2017-05-31","SRER.2017.23",14,"Y","SRER_007.E.20170531","Ok","Ok","Ok","NEON.DOC.014050vK","HSLHxoHyU+OUsiFMGmLLQtrjXj9jFn9P",
