uid,namedLocation,domainID,siteID,plotID,trapID,setDate,collectDate,processingDate,etOHChangeDate,identifiedDate,sampleID,subsampleID,sampleType,taxonID,scientificName,taxonRank,identificationQualifier,scientificNameAuthorship,morphospeciesID,individualCount,identificationReferences,identifiedBy,recordedBy,remarks
"92b7bf19-03e1-4cad-9581-1962af8f27d7","ORNL_006.basePlot.bet","D07","ORNL","ORNL_006","N","2016-05-24","2016-06-07","2016-06-08","2016-09-16","2016-09-16","ORNL_006.N.20160607","XUOG9+A5sIMZLZu3KzmtUo+0hJs3tyoF18TjhIkMLRM=","carabid","CYLUNI","Cylindera unipunctata","species",,"Fabricius",,1,"Pearson, D., C. B. Knisley, and C. J. Kazilek. 2006. A Field Guide to the Tiger Beetles of the United States and Canada: Identification, Natural History, and Distribution of the Cicindelidae. Oxford University Press, New York.","C/RpfPKb8HTaiQJE7Yod+06R2cjuJOBA","hMeIr0r1D+O0r0KddsZuUbKn5xsaChU1","1 female"
"1f69256e-851e-4eb9-ba6c-d8e0042b8b64","ORNL_006.basePlot.bet","D07","ORNL","ORNL_006","E","2016-05-24","2016-06-07","2016-06-08","2016-09-16","2016-09-16","ORNL_006.E.20160607","XUOG9+A5sIM3c8KMfvLyxKXDnWny4GbU8oqYY66T2KQ=","carabid","CYCFUC","Cyclotrachelus fucatus","species",,"Freitag",,4,"Freitag, R. 1969. A revision of the species of the genus Evarthrus LeConte. Quaestiones Entomologicae 5:89-212.","C/RpfPKb8HTaiQJE7Yod+06R2cjuJOBA","hMeIr0r1D+O0r0KddsZuUbKn5xsaChU1","3 female 1 male"
"479bbd94-8945-469e-8c41-58247c769874","ORNL_006.basePlot.bet","D07","ORNL","ORNL_006","N","2016-05-24","2016-06-07","2016-06-08","2016-09-16","2016-09-16","ORNL_006.N.20160607","XUOG9+A5sIMZLZu3KzmtUnGZLti1XC0SzLSQanHBSRk=","carabid","CYCFUC","Cyclotrachelus fucatus","species",,"Freitag",,7,"Freitag, R. 1969. A revision of the species of the genus Evarthrus LeConte. Quaestiones Entomologicae 5:89-212.","C/RpfPKb8HTaiQJE7Yod+06R2cjuJOBA","hMeIr0r1D+O0r0KddsZuUbKn5xsaChU1","6 female 1 male"
"81d1e135-9023-4fea-9671-f5d041d9ab9c","ORNL_021.basePlot.bet","D07","ORNL","ORNL_021","S","2016-05-24","2016-06-07","2016-06-08","2016-09-16","2016-09-16","ORNL_021.S.20160607","LlqcsvOjN4BjD4VOCJJVGKdmfO6yKFMAnv7ovMLqswY=","carabid","ANIMER2","Anisodactylus merula","species","cf. species","Germar",,1,"Noonan, G. R. 1973. The Anisodactylines (Insecta: Coleoptera: Carabidae: Harpalini): classification, evolution and zoogeography. Quaestiones Entomologicae 9:266-480.","C/RpfPKb8HTaiQJE7Yod+06R2cjuJOBA","NckVeUTSUP6LXotw5DdWvfxzK/VJHqS5","1 female?"
"dea3e95f-7ef2-4563-966b-76a765f3bbec","ORNL_021.basePlot.bet","D07","ORNL","ORNL_021","S","2016-05-24","2016-06-07","2016-06-08","2016-09-16","2016-11-28","ORNL_021.S.20160607","LlqcsvOjN4BjD4VOCJJVGJud3j1/efapKA9x5AojZn4=","carabid","ANIFUR","Anisodactylus furvus","species",,"LeConte",,1,"Noonan, G. R. 1973. The Anisodactylines (Insecta: Coleoptera: Carabidae: Harpalini): classification, evolution and zoogeography. Quaestiones Entomologicae 9:266-480.","zAuTdQ8TLTOCAVE+XhtWnklq56XAz8bt","NckVeUTSUP6LXotw5DdWvfxzK/VJHqS5",
"80ca745c-39c4-4d45-adb8-d7ff89c556c6","ORNL_021.basePlot.bet","D07","ORNL","ORNL_021","S","2016-05-24","2016-06-07","2016-06-08","2016-06-08",,"ORNL_021.S.20160607","LlqcsvOjN4BjD4VOCJJVGF7gVQsixXn1sIDkTr7dolQ=","invert bycatch",,,,,,,,,,"NckVeUTSUP6LXotw5DdWvfxzK/VJHqS5",
"eaf56036-1224-4057-9e01-f0413e35fd21","ORNL_021.basePlot.bet","D07","ORNL","ORNL_021","S","2016-05-24","2016-06-07","2016-06-08","2016-09-16","2016-11-04","ORNL_021.S.20160607","LlqcsvOjN4BjD4VOCJJVGBbcgj4fRrODJq2TiTl4DVA=","carabid","ANIOVU","Anisodactylus ovularis","species",,"Casey",,1,"Noonan, G. R. 1973. The Anisodactylines (Insecta: Coleoptera: Carabidae: Harpalini): classification, evolution and zoogeography. Quaestiones Entomologicae 9:266-480.","zAuTdQ8TLTOCAVE+XhtWnklq56XAz8bt","NckVeUTSUP6LXotw5DdWvfxzK/VJHqS5","1 male"
"103d7bff-27ca-481d-a2f2-fb4b32a95e13","ORNL_006.basePlot.bet","D07","ORNL","ORNL_006","W","2016-05-24","2016-06-07","2016-06-08","2016-07-01",,"ORNL_006.W.20160607","XUOG9+A5sIMU6k9TI/vF0C0Ge2VZ3eMOgzqLeqnoyDs=","invert bycatch",,,,,,,,,,"hMeIr0r1D+O0r0KddsZuUbKn5xsaChU1",
"217210d2-0fc9-4e32-b8da-ae6f551bf1df","ORNL_006.basePlot.bet","D07","ORNL","ORNL_006","W","2016-05-24","2016-06-07","2016-06-08","2016-09-16","2016-09-16","ORNL_006.W.20160607","XUOG9+A5sIMU6k9TI/vF0C63a74Xc+rtyRjACnzbBU0=","carabid","CYCFUC","Cyclotrachelus fucatus","species",,"Freitag",,2,"Freitag, R. 1969. A revision of the species of the genus Evarthrus LeConte. Quaestiones Entomologicae 5:89-212.","C/RpfPKb8HTaiQJE7Yod+06R2cjuJOBA","hMeIr0r1D+O0r0KddsZuUbKn5xsaChU1","1 male 1 female"
"16d2ea4e-9c52-44db-803f-bae5188523f3","ORNL_027.basePlot.bet","D07","ORNL","ORNL_027","N","2016-05-24","2016-06-07","2016-06-08","2016-09-16","2016-09-16","ORNL_027.N.20160607","di/gYcSB3uA5TgFl4hm8P6eaDZ3A+Ck8pm6Kpmv9jhs=","carabid","PTESTY","Pterostichus stygicus","species",,"Say",,1,"Ciegler, J. C. 2000. Ground beetles and wrinkled bark beetles of South Carolina (Coleoptera: Geadephaga: Carabidae and Rhysodidae). Biota of South Carolina. Vol. 1. Clemson, S. Clemson University.","C/RpfPKb8HTaiQJE7Yod+06R2cjuJOBA","C/RpfPKb8HTaiQJE7Yod+06R2cjuJOBA","1 male"
"3962a8e8-9533-4d94-a963-6a2246616d3c","ORNL_027.basePlot.bet","D07","ORNL","ORNL_027","N","2016-05-24","2016-06-07","2016-06-08","2016-09-16","2016-09-16","ORNL_027.N.20160607","di/gYcSB3uA5TgFl4hm8P3AJ83rn0V9+Zf52VlFkCko=","carabid","PASPUN","Pasimachus punctulatus","species",,"Haldeman",,2,"Purrington, F., and C. J. Drake. 2005. A key to adult Nearctic Pasimachus (Pasimachus) Bonelli (Coleoptera: Carabidae: Scaritini), with comments on their functional mouthpart morphology. Entomological News 116:253-262.","C/RpfPKb8HTaiQJE7Yod+06R2cjuJOBA","C/RpfPKb8HTaiQJE7Yod+06R2cjuJOBA","2 male"
"1eb225f4-ee06-4d04-82ff-8238f248d79f","ORNL_027.basePlot.bet","D07","ORNL","ORNL_027","N","2016-05-24","2016-06-07","2016-06-08","2016-06-08",,"ORNL_027.N.20160607","di/gYcSB3uA5TgFl4hm8P6RiOngp8BTHC9H8mXQdzik=","invert bycatch",,,,,,,,,,"C/RpfPKb8HTaiQJE7Yod+06R2cjuJOBA",
"90417a3d-d081-4dea-b00e-ad2025f844e6","ORNL_031.basePlot.bet","D07","ORNL","ORNL_031","E","2016-05-24","2016-06-07","2016-06-08","2016-06-08",,"ORNL_031.E.20160607","G1V5MttZ4JIU2oox9sYkKOLf8+i2h76AR/15N522PSQ=","invert bycatch",,,,,,,,,,"NckVeUTSUP6LXotw5DdWvfxzK/VJHqS5",
"27891646-7573-49eb-9700-00a0bc78a3a2","ORNL_031.basePlot.bet","D07","ORNL","ORNL_031","S","2016-05-24","2016-06-07","2016-06-08","2016-09-16","2016-09-16","ORNL_031.S.20160607","G1V5MttZ4JJO/csRKXZrzvLkyMWwrKDuP0X52clZHic=","carabid","ANIMER2","Anisodactylus merula","species",,"Germar",,1,"Noonan, G. R. 1973. The Anisodactylines (Insecta: Coleoptera: Carabidae: Harpalini): classification, evolution and zoogeography. Quaestiones Entomologicae 9:266-480.","C/RpfPKb8HTaiQJE7Yod+06R2cjuJOBA","NckVeUTSUP6LXotw5DdWvfxzK/VJHqS5","1 male"
"2b613e03-b916-46af-be36-a9c09fd29219","ORNL_031.basePlot.bet","D07","ORNL","ORNL_031","S","2016-05-24","2016-06-07","2016-06-08","2016-06-08",,"ORNL_031.S.20160607","G1V5MttZ4JJO/csRKXZrzvhd3mADDd4VbaEKqc6Yuco=","invert bycatch",,,,,,,,,,"NckVeUTSUP6LXotw5DdWvfxzK/VJHqS5",
"de7dff99-9ad8-4908-83e5-a33651104697","ORNL_002.basePlot.bet","D07","ORNL","ORNL_002","S","2016-05-24","2016-06-07","2016-06-08","2016-09-16","2016-09-16","ORNL_002.S.20160607","FcwZvbWDjdiZOENX8biTkVv0A7dBGK6121uwFcZd2vQ=","carabid","CYCFUC","Cyclotrachelus fucatus","species",,"Freitag",,1,"Freitag, R. 1969. A revision of the species of the genus Evarthrus LeConte. Quaestiones Entomologicae 5:89-212.","C/RpfPKb8HTaiQJE7Yod+06R2cjuJOBA","NckVeUTSUP6LXotw5DdWvfxzK/VJHqS5","1 female"
"98b3e323-d89c-4c81-8fe7-947d2d7bbd01","ORNL_002.basePlot.bet","D07","ORNL","ORNL_002","S","2016-05-24","2016-06-07","2016-06-08","2016-06-08",,"ORNL_002.S.20160607","FcwZvbWDjdiZOENX8biTkYVLuzEtmxE38pNWUR5e9bo=","invert bycatch",,,,,,,,,,"NckVeUTSUP6LXotw5DdWvfxzK/VJHqS5",
"324d87db-fe34-46c0-ae0f-e406200125fc","ORNL_031.basePlot.bet","D07","ORNL","ORNL_031","E","2016-05-24","2016-06-07","2016-06-08","2016-09-16","2016-09-16","ORNL_031.E.20160607","G1V5MttZ4JIU2oox9sYkKO3B2Fanb6xAGJlM76gnLZk=","carabid","SCASUB2","Scarites subterraneus","species",,"Fabricius",,1,"Ciegler, J. C. 2000. Ground beetles and wrinkled bark beetles of South Carolina (Coleoptera: Geadephaga: Carabidae and Rhysodidae). Biota of South Carolina. Vol. 1. Clemson, S. Clemson University.","C/RpfPKb8HTaiQJE7Yod+06R2cjuJOBA","NckVeUTSUP6LXotw5DdWvfxzK/VJHqS5",
"8f625cf4-cb92-41fc-885a-9035a73572e7","ORNL_003.basePlot.bet","D07","ORNL","ORNL_003","E","2016-05-24","2016-06-07","2016-06-08","2016-06-08",,"ORNL_003.E.20160607","952sL8sB3/gL8NoxjyEpjHM6gYSCmF3kQqpB6lf2KTs=","invert bycatch",,,,,,,,,,"C/RpfPKb8HTaiQJE7Yod+06R2cjuJOBA",
"b6347b9e-1ece-4ee5-9af1-2282524e85f3","ORNL_003.basePlot.bet","D07","ORNL","ORNL_003","E","2016-05-24","2016-06-07","2016-06-08","2016-09-16","2016-09-16","ORNL_003.E.20160607","952sL8sB3/gL8NoxjyEpjI79AVNd4buXvoiEFRgljIU=","carabid","PLADEC","Platynus decentis","species",,"Say",,1,"Lindroth, C. H. 1969. The ground-beetles (Carabidae, excl. Cicindelinae) of Canada and Alaska, parts 1-6. Opuscula E. Entomoligiska Sallskapet.","zAuTdQ8TLTOCAVE+XhtWnklq56XAz8bt","C/RpfPKb8HTaiQJE7Yod+06R2cjuJOBA","1 male; for species Liebherr and Will. 1996. New N. American Platynus Bonelli: A Key to Species North of Mexico and Notes on Species from the Southwestern U.S."
"9db99ba7-733e-46ea-8ad5-ef555c661b21","ORNL_003.basePlot.bet","D07","ORNL","ORNL_003","S","2016-05-24","2016-06-07","2016-06-08","2016-06-08",,"ORNL_003.S.20160607","952sL8sB3/i/BuvpX5+pAbKQ4fpOrkyTxZAT5eU5B3c=","invert bycatch",,,,,,,,,,"C/RpfPKb8HTaiQJE7Yod+06R2cjuJOBA",
"fe78ee78-f26a-4bba-b617-105addaec515","ORNL_032.basePlot.bet","D07","ORNL","ORNL_032","W","2016-05-24","2016-06-07","2016-06-08","2016-09-16","2016-09-16","ORNL_032.W.20160607","DcTblkLRhlcMHYnGBtTNzBHbmvIf2cFGG0U+XYFuMwQ=","carabid","CYCFUC","Cyclotrachelus fucatus","species",,"Freitag",,1,"Freitag, R. 1969. A revision of the species of the genus Evarthrus LeConte. Quaestiones Entomologicae 5:89-212.","C/RpfPKb8HTaiQJE7Yod+06R2cjuJOBA","NckVeUTSUP6LXotw5DdWvfxzK/VJHqS5","1 female"
"3cbb2558-13a9-4139-a582-d566f8273d1f","ORNL_003.basePlot.bet","D07","ORNL","ORNL_003","S","2016-05-24","2016-06-07","2016-06-08","2016-09-16","2016-09-16","ORNL_003.S.20160607","952sL8sB3/i/BuvpX5+pAe9cBj86xxTTnnsFJyMwwuk=","carabid","CYCFUC","Cyclotrachelus fucatus","species",,"Freitag",,1,"Freitag, R. 1969. A revision of the species of the genus Evarthrus LeConte. Quaestiones Entomologicae 5:89-212.","C/RpfPKb8HTaiQJE7Yod+06R2cjuJOBA","C/RpfPKb8HTaiQJE7Yod+06R2cjuJOBA","1 male"
"3fa0d672-188a-46a8-8d3d-5396e7a353fd","ORNL_032.basePlot.bet","D07","ORNL","ORNL_032","N","2016-05-24","2016-06-07","2016-06-08","2016-06-08",,"ORNL_032.N.20160607","DcTblkLRhldkfEFR5ElpHIdMDoRQZUWYv3fG7zb7NsE=","invert bycatch",,,,,,,,,,"NckVeUTSUP6LXotw5DdWvfxzK/VJHqS5",
"f077bf10-107e-4065-b7d4-f86f488965d4","ORNL_032.basePlot.bet","D07","ORNL","ORNL_032","N","2016-05-24","2016-06-07","2016-06-08","2016-09-16","2016-09-16","ORNL_032.N.20160607","DcTblkLRhldkfEFR5ElpHG54jceN02euXZu03f3H3zg=","carabid","CYCFUC","Cyclotrachelus fucatus","species",,"Freitag",,2,"Freitag, R. 1969. A revision of the species of the genus Evarthrus LeConte. Quaestiones Entomologicae 5:89-212.","C/RpfPKb8HTaiQJE7Yod+06R2cjuJOBA","NckVeUTSUP6LXotw5DdWvfxzK/VJHqS5","2 female"
"5f3fdcac-2e67-4fb5-b481-38e92bee4250","ORNL_032.basePlot.bet","D07","ORNL","ORNL_032","W","2016-05-24","2016-06-07","2016-06-08","2016-06-08",,"ORNL_032.W.20160607","DcTblkLRhlcMHYnGBtTNzIrblsOyqTJl/5OhSfL4Zcg=","invert bycatch",,,,,,,,,,"NckVeUTSUP6LXotw5DdWvfxzK/VJHqS5",
"cc9061fa-0905-40b0-997d-ab7593084d64","ORNL_032.basePlot.bet","D07","ORNL","ORNL_032","S","2016-05-24","2016-06-07","2016-06-08","2016-06-08",,"ORNL_032.S.20160607","DcTblkLRhleXh9yrX2N7YJYV8WrgR25uzn0ZJOtyDgc=","invert bycatch",,,,,,,,,,"NckVeUTSUP6LXotw5DdWvfxzK/VJHqS5",
"7e7b3b80-0133-4e46-8d6a-d0f920c3351b","ORNL_032.basePlot.bet","D07","ORNL","ORNL_032","E","2016-05-24","2016-06-07","2016-06-08","2016-06-08",,"ORNL_032.E.20160607","DcTblkLRhld365l7uBXeaXvF16CxnhNUAZvP1XMt3SQ=","invert bycatch",,,,,,,,,,"NckVeUTSUP6LXotw5DdWvfxzK/VJHqS5",
"e856281d-6ad3-4287-8175-c5207a196186","ORNL_003.basePlot.bet","D07","ORNL","ORNL_003","N","2016-05-24","2016-06-07","2016-06-08","2016-06-08",,"ORNL_003.N.20160607","952sL8sB3/gDwOwaqyWUuBjBzBOsAtgXZw4NeiOAyR0=","invert bycatch",,,,,,,,,,"C/RpfPKb8HTaiQJE7Yod+06R2cjuJOBA",
"616e541d-5b54-4596-a674-e130fc1a1170","ORNL_003.basePlot.bet","D07","ORNL","ORNL_003","W","2016-05-24","2016-06-07","2016-06-08","2016-06-08",,"ORNL_003.W.20160607","952sL8sB3/gTFn9DMXctOE0Ojyy7+IZesaZrhZcAGrA=","invert bycatch",,,,,,,,,,"C/RpfPKb8HTaiQJE7Yod+06R2cjuJOBA",
"807b50e5-4591-4ca5-b68c-73edb95c2032","ORNL_029.basePlot.bet","D07","ORNL","ORNL_029","S","2016-05-24","2016-06-07","2016-06-08","2016-07-01",,"ORNL_029.S.20160607","7LdWMHVTMySQS3tmhusc93VkDJfsSq1WdWiPedbXQ3o=","invert bycatch",,,,,,,,,,"NckVeUTSUP6LXotw5DdWvfxzK/VJHqS5",
"72fee253-f129-4a9c-875d-1f5aad5b260f","ORNL_029.basePlot.bet","D07","ORNL","ORNL_029","E","2016-05-24","2016-06-07","2016-06-08","2016-07-01",,"ORNL_029.E.20160607","7LdWMHVTMySbituYSS2qzc0D6rc4k/3w/JRwv5KyA+w=","invert bycatch",,,,,,,,,,"NckVeUTSUP6LXotw5DdWvfxzK/VJHqS5",
"65921762-b148-468b-adf7-2ec24cd29223","ORNL_029.basePlot.bet","D07","ORNL","ORNL_029","W","2016-05-24","2016-06-07","2016-06-08","2016-07-01",,"ORNL_029.W.20160607","7LdWMHVTMyTqHlRVBlQDX0qfki9UBQ7dBMqTnP71JWY=","invert bycatch",,,,,,,,,,"NckVeUTSUP6LXotw5DdWvfxzK/VJHqS5",
"33432e01-458b-492c-ae40-8bc33a81bb8e","ORNL_029.basePlot.bet","D07","ORNL","ORNL_029","N","2016-05-24","2016-06-07","2016-06-08","2016-07-01",,"ORNL_029.N.20160607","7LdWMHVTMyQRYRk3VzlIA/jb6BRong5KDcq/Pw5EY6w=","invert bycatch",,,,,,,,,,"NckVeUTSUP6LXotw5DdWvfxzK/VJHqS5",
"cbbe71f9-d080-49cd-b827-fdc90411f0c4","ORNL_001.basePlot.bet","D07","ORNL","ORNL_001","S","2016-05-24","2016-06-07","2016-06-08","2016-06-08",,"ORNL_001.S.20160607","1iGudFvILgkltEJD0ESwhYENai6BsiIQCWLJRHVwFW8=","invert bycatch",,,,,,,,,,"C/RpfPKb8HTaiQJE7Yod+06R2cjuJOBA",
"c28a56f0-2ec5-478f-a9f3-f677dc8bdbfe","ORNL_001.basePlot.bet","D07","ORNL","ORNL_001","E","2016-05-24","2016-06-07","2016-06-08","2016-06-08",,"ORNL_001.E.20160607","1iGudFvILgl0uo8jjPg8XnUI2Rm0+W1SIusUqA/tGhk=","invert bycatch",,,,,,,,,,"C/RpfPKb8HTaiQJE7Yod+06R2cjuJOBA",
"47916be6-0d2a-4266-9f9b-70249a745591","ORNL_001.basePlot.bet","D07","ORNL","ORNL_001","W","2016-05-24","2016-06-07","2016-06-08","2016-06-08",,"ORNL_001.W.20160607","1iGudFvILglesTwChAua4Dymmqy5fm3ExPudczDxsYY=","invert bycatch",,,,,,,,,,"C/RpfPKb8HTaiQJE7Yod+06R2cjuJOBA",
"c3c07e4a-ca94-49ea-85c3-62d1af689e11","ORNL_001.basePlot.bet","D07","ORNL","ORNL_001","N","2016-05-24","2016-06-07","2016-06-08","2016-06-08",,"ORNL_001.N.20160607","1iGudFvILglFolq0mlYwNacZy6cLvdssYcw3xEv6NIE=","invert bycatch",,,,,,,,,,"NckVeUTSUP6LXotw5DdWvfxzK/VJHqS5",
"c37a44d3-27cf-4efd-901c-dbb3a9fd7fe4","ORNL_004.basePlot.bet","D07","ORNL","ORNL_004","E","2016-05-24","2016-06-07","2016-06-08","2016-06-08",,"ORNL_004.E.20160607","qnVzy9oXbL0rpOlbS3ysIKFv/B3hwDq6hloM+0liDt0=","invert bycatch",,,,,,,,,,"C/RpfPKb8HTaiQJE7Yod+06R2cjuJOBA",
"a32a9056-19d9-4fcc-8b0a-77f09625c7ca","ORNL_004.basePlot.bet","D07","ORNL","ORNL_004","W","2016-05-24","2016-06-07","2016-06-08","2016-06-08",,"ORNL_004.W.20160607","qnVzy9oXbL0qUS2wZooi3XF1WnC5Ti7ryslEzSa3kRw=","invert bycatch",,,,,,,,,,"C/RpfPKb8HTaiQJE7Yod+06R2cjuJOBA",
"b66d8dea-8493-4ddc-ad68-f22e6120fbb3","ORNL_004.basePlot.bet","D07","ORNL","ORNL_004","S","2016-05-24","2016-06-07","2016-06-08","2016-06-08",,"ORNL_004.S.20160607","qnVzy9oXbL2HRCLLBW6XeHxAt6d6iVrA5BPJRfkqr9w=","invert bycatch",,,,,,,,,,"NckVeUTSUP6LXotw5DdWvfxzK/VJHqS5",
"9965d279-8d2d-4920-9f49-cd85b7c4ff98","ORNL_004.basePlot.bet","D07","ORNL","ORNL_004","N","2016-05-24","2016-06-07","2016-06-08","2016-06-08",,"ORNL_004.N.20160607","qnVzy9oXbL16fqio1xoDpIF11IBasQ+yKn1WjogXBaQ=","invert bycatch",,,,,,,,,,"C/RpfPKb8HTaiQJE7Yod+06R2cjuJOBA",
"4fbc681d-752e-4904-ae4d-cb1265f03425","ORNL_002.basePlot.bet","D07","ORNL","ORNL_002","W","2016-05-24","2016-06-07","2016-06-08","2016-06-08",,"ORNL_002.W.20160607","FcwZvbWDjdgPnznj/VRiJ+2xNywLzj/eHTATn6zERT0=","invert bycatch",,,,,,,,,,"NckVeUTSUP6LXotw5DdWvfxzK/VJHqS5",
"e175d8a9-117b-44ac-abd7-0554b31d2bab","ORNL_002.basePlot.bet","D07","ORNL","ORNL_002","E","2016-05-24","2016-06-07","2016-06-08","2016-06-08",,"ORNL_002.E.20160607","FcwZvbWDjdjrf4UNa2zrT32WWSFZE08RZ8qSnE8ARCQ=","invert bycatch",,,,,,,,,,"NckVeUTSUP6LXotw5DdWvfxzK/VJHqS5",
"93ff1034-e04b-44d2-acbb-853987e10dd0","ORNL_031.basePlot.bet","D07","ORNL","ORNL_031","N","2016-05-24","2016-06-07","2016-06-08","2016-07-01",,"ORNL_031.N.20160607","G1V5MttZ4JJKwRamf9RFhBPidirbSwkb3jDQ5Lnu3uE=","invert bycatch",,,,,,,,,,"hMeIr0r1D+O0r0KddsZuUbKn5xsaChU1",
"a203f304-62fd-4fa8-9644-f0e291577178","ORNL_031.basePlot.bet","D07","ORNL","ORNL_031","W","2016-05-24","2016-06-07","2016-06-08","2016-09-16","2016-09-16","ORNL_031.W.20160607","G1V5MttZ4JKLKv8XF1sjzbopvIph4NQi+u2IISF8hDY=","carabid","ANIMER2","Anisodactylus merula","species",,"Germar",,1,"Noonan, G. R. 1973. The Anisodactylines (Insecta: Coleoptera: Carabidae: Harpalini): classification, evolution and zoogeography. Quaestiones Entomologicae 9:266-480.","C/RpfPKb8HTaiQJE7Yod+06R2cjuJOBA","NckVeUTSUP6LXotw5DdWvfxzK/VJHqS5","1 male"
"b8663482-ea1e-4c37-be79-f35eb730cba4","ORNL_031.basePlot.bet","D07","ORNL","ORNL_031","W","2016-05-24","2016-06-07","2016-06-08","2016-06-08",,"ORNL_031.W.20160607","G1V5MttZ4JKLKv8XF1sjzeakoIKrkRIZg/vl9hEoXTs=","invert bycatch",,,,,,,,,,"NckVeUTSUP6LXotw5DdWvfxzK/VJHqS5",
"5ba52193-a469-47f9-9ae4-bd8936e84d70","ORNL_021.basePlot.bet","D07","ORNL","ORNL_021","E","2016-05-24","2016-06-07","2016-06-08","2016-06-08",,"ORNL_021.E.20160607","LlqcsvOjN4DzLTipACF9/1h/WGPvJfwipyLqgsRP9n0=","invert bycatch",,,,,,,,,,"NckVeUTSUP6LXotw5DdWvfxzK/VJHqS5",
"cdacc687-1212-47cb-88a3-f46ef4c746ff","ORNL_021.basePlot.bet","D07","ORNL","ORNL_021","N","2016-05-24","2016-06-07","2016-06-08","2016-06-08",,"ORNL_021.N.20160607","LlqcsvOjN4B87mQnyD0NvFfwvcAgWWhOnouUjRk4CFY=","invert bycatch",,,,,,,,,,"NckVeUTSUP6LXotw5DdWvfxzK/VJHqS5",
"a6203193-9f49-4167-85a4-0ba060549c28","ORNL_021.basePlot.bet","D07","ORNL","ORNL_021","W","2016-05-24","2016-06-07","2016-06-08","2016-06-08",,"ORNL_021.W.20160607","LlqcsvOjN4CikGAtT+4ywbaV2ibyfbWUpqFDA9/gJ/s=","invert bycatch",,,,,,,,,,"NckVeUTSUP6LXotw5DdWvfxzK/VJHqS5",
"e68e0005-200c-48db-bc98-a0f452d40bc7","ORNL_027.basePlot.bet","D07","ORNL","ORNL_027","W","2016-05-24","2016-06-07","2016-06-08","2016-06-08",,"ORNL_027.W.20160607","di/gYcSB3uB3ooLgTxX6zt19c9yswQRbh8LyBAdTEk4=","invert bycatch",,,,,,,,,,"C/RpfPKb8HTaiQJE7Yod+06R2cjuJOBA",
"db9160ef-5f0d-47d3-a0e2-7ad14b898c2b","ORNL_027.basePlot.bet","D07","ORNL","ORNL_027","S","2016-05-24","2016-06-07","2016-06-08","2016-06-08",,"ORNL_027.S.20160607","di/gYcSB3uCX/QMG51POLtcfCPo7nwMsQU19L/W+5mU=","invert bycatch",,,,,,,,,,"C/RpfPKb8HTaiQJE7Yod+06R2cjuJOBA",
"40e0aa71-a614-42a3-a2d3-6c9172186c35","ORNL_006.basePlot.bet","D07","ORNL","ORNL_006","E","2016-05-24","2016-06-07","2016-06-08","2016-07-01",,"ORNL_006.E.20160607","XUOG9+A5sIM3c8KMfvLyxKw61EA5HkOTGkkjCLQDn+4=","invert bycatch",,,,,,,,,,"hMeIr0r1D+O0r0KddsZuUbKn5xsaChU1",
"863d411f-60b6-427b-9c2a-3544f9cc712e","ORNL_027.basePlot.bet","D07","ORNL","ORNL_027","E","2016-05-24","2016-06-07","2016-06-08","2016-06-08",,"ORNL_027.E.20160607","di/gYcSB3uAv3mQDAiZcrQCzKZ8c3Hr6moZv3Cb/RBY=","invert bycatch",,,,,,,,,,"C/RpfPKb8HTaiQJE7Yod+06R2cjuJOBA",
"a2afac3a-9350-4864-a1bb-15b6e46584f7","ORNL_006.basePlot.bet","D07","ORNL","ORNL_006","S","2016-05-24","2016-06-07","2016-06-08","2016-07-01",,"ORNL_006.S.20160607","XUOG9+A5sINy1SL42hEWvaek729Eif1mmeyq7p0+LbE=","invert bycatch",,,,,,,,,,"hMeIr0r1D+O0r0KddsZuUbKn5xsaChU1",
"51a16457-0385-4c4d-8999-955390ce538d","ORNL_006.basePlot.bet","D07","ORNL","ORNL_006","N","2016-05-24","2016-06-07","2016-06-08","2016-07-01",,"ORNL_006.N.20160607","XUOG9+A5sIMZLZu3KzmtUgaLHsSmL47OZ5AkGWx7MV0=","invert bycatch",,,,,,,,,,"hMeIr0r1D+O0r0KddsZuUbKn5xsaChU1",
"de7a252d-fcb7-40eb-b53a-b73680aedadc","ORNL_027.basePlot.bet","D07","ORNL","ORNL_027","N","2016-06-07","2016-06-21","2016-06-22","2016-07-20",,"ORNL_027.N.20160621","di/gYcSB3uA5TgFl4hm8P0iJGH7mNhPVdlTw4o9K3SM=","invert bycatch",,,,,,,,,,"hMeIr0r1D+O0r0KddsZuUbKn5xsaChU1",
"ae119912-84cb-44bd-8514-a95681c0ced4","ORNL_027.basePlot.bet","D07","ORNL","ORNL_027","N","2016-06-07","2016-06-21","2016-06-22","2016-09-15","2016-09-15","ORNL_027.N.20160621","di/gYcSB3uA5TgFl4hm8P5JzVPUKLmwtE+2uULHCFEs=","carabid","CHLEMA","Chlaenius emarginatus","species",,"Say",,1,"Bell, R. T. 1960. A Revision of the Genus Chlaenius Bonelli (Coleoptera, Carabidae) in North America. Miscellaneous Publications of the Entomological Society of America 1:98-166.","zAuTdQ8TLTOCAVE+XhtWnklq56XAz8bt","hMeIr0r1D+O0r0KddsZuUbKn5xsaChU1","1 female"
"bb8434c5-1a7d-4eb3-bde9-c0dbaf4b0560","ORNL_027.basePlot.bet","D07","ORNL","ORNL_027","N","2016-06-07","2016-06-21","2016-06-22","2016-09-15","2016-09-15","ORNL_027.N.20160621","di/gYcSB3uA5TgFl4hm8P2LCrF/5IHzcj9e1oKosKtE=","carabid","CYCSIG","Cyclotrachelus sigillatus","species",,"Say",,1,"Freitag, R. 1969. A revision of the species of the genus Evarthrus LeConte. Quaestiones Entomologicae 5:89-212.","zAuTdQ8TLTOCAVE+XhtWnklq56XAz8bt","hMeIr0r1D+O0r0KddsZuUbKn5xsaChU1","1 male"
"03e90471-7f17-4f84-bbd8-c4a0f4136560","ORNL_027.basePlot.bet","D07","ORNL","ORNL_027","N","2016-06-07","2016-06-21","2016-06-22","2016-09-15","2016-09-15","ORNL_027.N.20160621","di/gYcSB3uA5TgFl4hm8P/DUdq69c6fe5pqoWnRFd7E=","carabid","CYLUNI","Cylindera unipunctata","species",,"Fabricius",,1,"Pearson, D., C. B. Knisley, and C. J. Kazilek. 2006. A Field Guide to the Tiger Beetles of the United States and Canada: Identification, Natural History, and Distribution of the Cicindelidae. Oxford University Press, New York.","zAuTdQ8TLTOCAVE+XhtWnklq56XAz8bt","hMeIr0r1D+O0r0KddsZuUbKn5xsaChU1","1 male"
"f63c53b9-ffb8-437d-a38c-6e66a8fa555c","ORNL_021.basePlot.bet","D07","ORNL","ORNL_021","W","2016-06-07","2016-06-21","2016-06-22","2016-07-14",,"ORNL_021.W.20160621","LlqcsvOjN4CikGAtT+4ywaM5s90moVccjcz26BL3hQ0=","invert bycatch",,,,,,,,,,"B89Z/IeBZxVUVqkZavcPJo3avqhPk8Rn",
"8e548f6b-7dab-4477-89d3-34ab65f9d1a8","ORNL_021.basePlot.bet","D07","ORNL","ORNL_021","S","2016-06-07","2016-06-21","2016-06-22","2016-09-15","2016-09-15","ORNL_021.S.20160621","LlqcsvOjN4BjD4VOCJJVGEt3t6PsavcxFkfzL/dwZ5U=","carabid","HARPEN","Harpalus pensylvanicus","species",,"DeGeer",,1,"Ball, G. E., and J. N. Anderson. 1962. The taxonomy and speciation of Pseudophonus (a subgenus of Harpalus: Haralini: Carabidae, known to occur in North America). The Catholic University of America Press, Washington 17, D. C.","zAuTdQ8TLTOCAVE+XhtWnklq56XAz8bt","B89Z/IeBZxVUVqkZavcPJo3avqhPk8Rn","1 male"
"e3c6ff19-2d19-4f1a-b212-d83d424d97ed","ORNL_021.basePlot.bet","D07","ORNL","ORNL_021","S","2016-06-07","2016-06-21","2016-06-22","2016-07-14",,"ORNL_021.S.20160621","LlqcsvOjN4BjD4VOCJJVGHensioGKMEJfFVuwqjbn70=","invert bycatch",,,,,,,,,,"B89Z/IeBZxVUVqkZavcPJo3avqhPk8Rn",
"bc9f86be-d77f-4e42-a2a7-8f6fb2d336de","ORNL_021.basePlot.bet","D07","ORNL","ORNL_021","S","2016-06-07","2016-06-21","2016-06-22","2016-09-15","2016-09-15","ORNL_021.S.20160621","LlqcsvOjN4BjD4VOCJJVGFEbiO2wECTDNhAGqDktJxU=","carabid","CYCSOD2","Cyclotrachelus sodalis sodalis","subspecies",,"LeConte",,1,"Freitag, R. 1969. A revision of the species of the genus Evarthrus LeConte. Quaestiones Entomologicae 5:89-212.","zAuTdQ8TLTOCAVE+XhtWnklq56XAz8bt","B89Z/IeBZxVUVqkZavcPJo3avqhPk8Rn","1 male"
"d4e573c3-c530-498f-b0df-5a333dc5ee18","ORNL_021.basePlot.bet","D07","ORNL","ORNL_021","W","2016-06-07","2016-06-21","2016-06-22","2016-09-15","2016-09-15","ORNL_021.W.20160621","LlqcsvOjN4CikGAtT+4ywaoYFcAnykIV7DIEMiUFnys=","carabid","CHLEMA","Chlaenius emarginatus","species",,"Say",,2,"Bell, R. T. 1960. A Revision of the Genus Chlaenius Bonelli (Coleoptera, Carabidae) in North America. Miscellaneous Publications of the Entomological Society of America 1:98-166.","zAuTdQ8TLTOCAVE+XhtWnklq56XAz8bt","B89Z/IeBZxVUVqkZavcPJo3avqhPk8Rn","2 female"
"ce41687a-2b2c-4f16-b755-ab002394beaf","ORNL_032.basePlot.bet","D07","ORNL","ORNL_032","W","2016-06-07","2016-06-21","2016-06-22","2016-09-15","2016-09-15","ORNL_032.W.20160621","DcTblkLRhlcMHYnGBtTNzEMeuXfcgbEmvI3ESNZJzjE=","carabid","CYCFUC","Cyclotrachelus fucatus","species",,"Freitag",,2,"Freitag, R. 1969. A revision of the species of the genus Evarthrus LeConte. Quaestiones Entomologicae 5:89-212.","zAuTdQ8TLTOCAVE+XhtWnklq56XAz8bt","NckVeUTSUP6LXotw5DdWvfxzK/VJHqS5","1 male 1 female"
"ffb95c12-0a65-486b-a078-04cd982119ed","ORNL_032.basePlot.bet","D07","ORNL","ORNL_032","S","2016-06-07","2016-06-21","2016-06-22","2016-09-15","2016-09-15","ORNL_032.S.20160621","DcTblkLRhleXh9yrX2N7YPoWKuQS1n9s3HzOPZ7lUA8=","carabid","CYCFUC","Cyclotrachelus fucatus","species",,"Freitag",,1,"Freitag, R. 1969. A revision of the species of the genus Evarthrus LeConte. Quaestiones Entomologicae 5:89-212.","zAuTdQ8TLTOCAVE+XhtWnklq56XAz8bt","NckVeUTSUP6LXotw5DdWvfxzK/VJHqS5","1 female"
"731e50fb-f505-4dde-958f-e5a02f7d955b","ORNL_032.basePlot.bet","D07","ORNL","ORNL_032","E","2016-06-07","2016-06-21","2016-06-22","2016-09-15","2016-09-15","ORNL_032.E.20160621","DcTblkLRhld365l7uBXeaSIx+QaR1F+6cN0U2zJbmKY=","carabid","CYCFUC","Cyclotrachelus fucatus","species",,"Freitag",,1,"Freitag, R. 1969. A revision of the species of the genus Evarthrus LeConte. Quaestiones Entomologicae 5:89-212.","zAuTdQ8TLTOCAVE+XhtWnklq56XAz8bt","NckVeUTSUP6LXotw5DdWvfxzK/VJHqS5","1 male"
"e2d996e1-6064-4a9a-944b-3a5aee51dbf2","ORNL_032.basePlot.bet","D07","ORNL","ORNL_032","E","2016-06-07","2016-06-21","2016-06-22","2016-07-20",,"ORNL_032.E.20160621","DcTblkLRhld365l7uBXeaZplJStYIjydtyl2qNKTPbw=","invert bycatch",,,,,,,,,,"NckVeUTSUP6LXotw5DdWvfxzK/VJHqS5",
"ac7283ea-83f4-492a-a1a1-37381e6e20eb","ORNL_032.basePlot.bet","D07","ORNL","ORNL_032","W","2016-06-07","2016-06-21","2016-06-22","2016-07-20",,"ORNL_032.W.20160621","DcTblkLRhlcMHYnGBtTNzHom0V20utQcFV++30K5kCk=","invert bycatch",,,,,,,,,,"NckVeUTSUP6LXotw5DdWvfxzK/VJHqS5",
"0777fa10-547e-4bc6-adc0-733e144f36ad","ORNL_032.basePlot.bet","D07","ORNL","ORNL_032","W","2016-06-07","2016-06-21","2016-06-22","2016-09-15","2016-09-15","ORNL_032.W.20160621","DcTblkLRhlcMHYnGBtTNzIMrNGyMvj35z//Umb+8zuo=","carabid","CYCSIG","Cyclotrachelus sigillatus","species",,"Say",,1,"Freitag, R. 1969. A revision of the species of the genus Evarthrus LeConte. Quaestiones Entomologicae 5:89-212.","zAuTdQ8TLTOCAVE+XhtWnklq56XAz8bt","NckVeUTSUP6LXotw5DdWvfxzK/VJHqS5","1 female"
"e7e07588-4972-4bbb-a909-332fa51825fe","ORNL_032.basePlot.bet","D07","ORNL","ORNL_032","S","2016-06-07","2016-06-21","2016-06-22","2016-07-20",,"ORNL_032.S.20160621","DcTblkLRhleXh9yrX2N7YA6OdaBluyBBNZAF+RDerT0=","invert bycatch",,,,,,,,,,"NckVeUTSUP6LXotw5DdWvfxzK/VJHqS5",
"162201ce-75bf-4662-beaf-38514e5f1150","ORNL_029.basePlot.bet","D07","ORNL","ORNL_029","S","2016-06-07","2016-06-21","2016-06-22","2016-09-15","2016-09-15","ORNL_029.S.20160621","7LdWMHVTMySQS3tmhusc93Gpb6lle2nj2lYHJrrN7HE=","carabid","CYCSOD2","Cyclotrachelus sodalis sodalis","subspecies",,"LeConte",,2,"Freitag, R. 1969. A revision of the species of the genus Evarthrus LeConte. Quaestiones Entomologicae 5:89-212.","zAuTdQ8TLTOCAVE+XhtWnklq56XAz8bt","ntMKYxYUttgTR6u/j2bBWe+VSVcHK8QG","2 male"
"2a45bc33-bfa6-4cc8-815d-6777aac45aef","ORNL_029.basePlot.bet","D07","ORNL","ORNL_029","S","2016-06-07","2016-06-21","2016-06-22","2016-07-18",,"ORNL_029.S.20160621","7LdWMHVTMySQS3tmhusc9/hioRIVRpcdB7YuOqzSBxE=","invert bycatch",,,,,,,,,,"ntMKYxYUttgTR6u/j2bBWe+VSVcHK8QG",
"7673617a-f84c-48ac-8329-5ea931d381da","ORNL_029.basePlot.bet","D07","ORNL","ORNL_029","E","2016-06-07","2016-06-21","2016-06-22","2016-07-18",,"ORNL_029.E.20160621","7LdWMHVTMySbituYSS2qzf0rcXWuaVfKyc3B1wO1fw0=","invert bycatch",,,,,,,,,,"ntMKYxYUttgTR6u/j2bBWe+VSVcHK8QG",
"25e41fac-82b5-440f-a67d-81e65af00b89","ORNL_029.basePlot.bet","D07","ORNL","ORNL_029","E","2016-06-07","2016-06-21","2016-06-22","2016-09-15","2016-09-15","ORNL_029.E.20160621","7LdWMHVTMySbituYSS2qzVgxQYOK+o234MgfSkLWpM8=","carabid","CYCSOD2","Cyclotrachelus sodalis sodalis","subspecies",,"LeConte",,2,"Freitag, R. 1969. A revision of the species of the genus Evarthrus LeConte. Quaestiones Entomologicae 5:89-212.","zAuTdQ8TLTOCAVE+XhtWnklq56XAz8bt","ntMKYxYUttgTR6u/j2bBWe+VSVcHK8QG","2 female"
"554fe177-e756-4513-a2de-ecc4414d6e45","ORNL_001.basePlot.bet","D07","ORNL","ORNL_001","W","2016-06-07","2016-06-21","2016-06-22","2016-09-15","2016-09-15","ORNL_001.W.20160621","1iGudFvILglesTwChAua4Em3F1E6Cx79Cl46MSVuUZc=","carabid","PASPUN","Pasimachus punctulatus","species",,"Haldeman",,1,"Purrington, F., and C. J. Drake. 2005. A key to adult Nearctic Pasimachus (Pasimachus) Bonelli (Coleoptera: Carabidae: Scaritini), with comments on their functional mouthpart morphology. Entomological News 116:253-262.","zAuTdQ8TLTOCAVE+XhtWnklq56XAz8bt","NckVeUTSUP6LXotw5DdWvfxzK/VJHqS5","1 female"
"e5b16550-e26b-4aa5-8095-71209df778e7","ORNL_031.basePlot.bet","D07","ORNL","ORNL_031","W","2016-06-07","2016-06-21","2016-06-22","2016-09-15","2016-09-15","ORNL_031.W.20160621","G1V5MttZ4JKLKv8XF1sjzalzZKOdUrpFltu7zYu/IQg=","carabid","HARPEN","Harpalus pensylvanicus","species",,"DeGeer",,1,"Ball, G. E., and J. N. Anderson. 1962. The taxonomy and speciation of Pseudophonus (a subgenus of Harpalus: Haralini: Carabidae, known to occur in North America). The Catholic University of America Press, Washington 17, D. C.","zAuTdQ8TLTOCAVE+XhtWnklq56XAz8bt","NckVeUTSUP6LXotw5DdWvfxzK/VJHqS5","1 female"
"60e625c5-7688-487b-97f7-59ccda6e20f9","ORNL_004.basePlot.bet","D07","ORNL","ORNL_004","W","2016-06-07","2016-06-21","2016-06-22","2016-09-15","2016-09-15","ORNL_004.W.20160621","qnVzy9oXbL0qUS2wZooi3c8bZwLa6/IsRU4K2k99fLk=","carabid","DICPOL","Dicaelus politus","species",,"Dejean",,1,"Ball, G. E. 1992. The Tribe Licinini (Coleoptera: Carabidae): A Review of the Genus-Groups and of the Species of Selected Genera. Journal of the New York Entomological Society 100:325-380.","zAuTdQ8TLTOCAVE+XhtWnklq56XAz8bt","B89Z/IeBZxVUVqkZavcPJo3avqhPk8Rn","1 male"
"b0e21914-149e-4cb1-8150-938fea72f190","ORNL_001.basePlot.bet","D07","ORNL","ORNL_001","W","2016-06-07","2016-06-21","2016-06-22","2016-07-20",,"ORNL_001.W.20160621","1iGudFvILglesTwChAua4Ek3w9zEhpuxUP7TyiBGvcM=","invert bycatch",,,,,,,,,,"NckVeUTSUP6LXotw5DdWvfxzK/VJHqS5",
"7e4d2152-baae-4c32-abda-889e75ae4cac","ORNL_031.basePlot.bet","D07","ORNL","ORNL_031","W","2016-06-07","2016-06-21","2016-06-22","2016-09-15","2016-09-15","ORNL_031.W.20160621","G1V5MttZ4JKLKv8XF1sjzRDBa2GORXZbTYHbWaAqzcM=","carabid","ANIMER2","Anisodactylus merula","species","cf. species","Germar",,1,"Noonan, G. R. 1973. The Anisodactylines (Insecta: Coleoptera: Carabidae: Harpalini): classification, evolution and zoogeography. Quaestiones Entomologicae 9:266-480.","zAuTdQ8TLTOCAVE+XhtWnklq56XAz8bt","NckVeUTSUP6LXotw5DdWvfxzK/VJHqS5","1 female"
"e5584983-6203-44da-80ad-607c9e541539","ORNL_031.basePlot.bet","D07","ORNL","ORNL_031","S","2016-06-07","2016-06-21","2016-06-22","2016-09-15","2016-09-15","ORNL_031.S.20160621","G1V5MttZ4JJO/csRKXZrzjJC9/5U/cb2euLhQ1pvbg8=","carabid","HARPEN","Harpalus pensylvanicus","species",,"DeGeer",,1,"Ball, G. E., and J. N. Anderson. 1962. The taxonomy and speciation of Pseudophonus (a subgenus of Harpalus: Haralini: Carabidae, known to occur in North America). The Catholic University of America Press, Washington 17, D. C.","zAuTdQ8TLTOCAVE+XhtWnklq56XAz8bt","NckVeUTSUP6LXotw5DdWvfxzK/VJHqS5","1 male"
"6589b67e-5018-4daa-99ca-599699a6d9d6","ORNL_031.basePlot.bet","D07","ORNL","ORNL_031","N","2016-06-07","2016-06-21","2016-06-22","2016-07-18",,"ORNL_031.N.20160621","G1V5MttZ4JJKwRamf9RFhLFS/ES+GRXjI+5O1tF5WGU=","invert bycatch",,,,,,,,,,"NckVeUTSUP6LXotw5DdWvfxzK/VJHqS5",
"82996935-dbe1-4af0-8717-8a8fcd88a1b0","ORNL_031.basePlot.bet","D07","ORNL","ORNL_031","S","2016-06-07","2016-06-21","2016-06-22","2016-09-15","2016-09-15","ORNL_031.S.20160621","G1V5MttZ4JJO/csRKXZrzvHTd6ZPRTTYSGcqJ6he0tc=","carabid","ANIMER2","Anisodactylus merula","species",,"Germar",,1,"Noonan, G. R. 1973. The Anisodactylines (Insecta: Coleoptera: Carabidae: Harpalini): classification, evolution and zoogeography. Quaestiones Entomologicae 9:266-480.","zAuTdQ8TLTOCAVE+XhtWnklq56XAz8bt","NckVeUTSUP6LXotw5DdWvfxzK/VJHqS5","1 female"
"eb32d008-1e83-4950-8935-5a7537780ebc","ORNL_031.basePlot.bet","D07","ORNL","ORNL_031","W","2016-06-07","2016-06-21","2016-06-22","2016-07-18",,"ORNL_031.W.20160621","G1V5MttZ4JKLKv8XF1sjzdGTrvEtJ8Bi91kC2CzrTTg=","invert bycatch",,,,,,,,,,"NckVeUTSUP6LXotw5DdWvfxzK/VJHqS5",
"66c72de2-c0e6-4bab-a3e4-4e0ba523bf30","ORNL_031.basePlot.bet","D07","ORNL","ORNL_031","S","2016-06-07","2016-06-21","2016-06-22","2016-07-18",,"ORNL_031.S.20160621","G1V5MttZ4JJO/csRKXZrzp2z5xtkxtx3xOVEl+z/JgE=","invert bycatch",,,,,,,,,,"NckVeUTSUP6LXotw5DdWvfxzK/VJHqS5",
"5a5543d2-0777-4d67-9190-6403b4cf6c6f","ORNL_031.basePlot.bet","D07","ORNL","ORNL_031","N","2016-06-07","2016-06-21","2016-06-22","2016-09-15","2016-09-15","ORNL_031.N.20160621","G1V5MttZ4JJKwRamf9RFhGxM7dNNzc/TvwcJgu5yiOc=","carabid","ANIMER2","Anisodactylus merula","species",,"Germar",,5,"Noonan, G. R. 1973. The Anisodactylines (Insecta: Coleoptera: Carabidae: Harpalini): classification, evolution and zoogeography. Quaestiones Entomologicae 9:266-480.","zAuTdQ8TLTOCAVE+XhtWnklq56XAz8bt","NckVeUTSUP6LXotw5DdWvfxzK/VJHqS5","3 female 2 male"
"17ad0682-e7e4-4484-be97-affdc908dfdc","ORNL_031.basePlot.bet","D07","ORNL","ORNL_031","W","2016-06-07","2016-06-21","2016-06-22","2016-09-15","2016-09-15","ORNL_031.W.20160621","G1V5MttZ4JKLKv8XF1sjzR+S38q3Ce8lA+rThcrV62o=","carabid","CYCSIG","Cyclotrachelus sigillatus","species",,"Say",,1,"Freitag, R. 1969. A revision of the species of the genus Evarthrus LeConte. Quaestiones Entomologicae 5:89-212.","zAuTdQ8TLTOCAVE+XhtWnklq56XAz8bt","NckVeUTSUP6LXotw5DdWvfxzK/VJHqS5","1 male"
"06e248e8-99af-4711-860b-dcf391f9eec4","ORNL_021.basePlot.bet","D07","ORNL","ORNL_021","E","2016-06-07","2016-06-21","2016-06-22","2016-09-15","2016-09-15","ORNL_021.E.20160621","LlqcsvOjN4DzLTipACF9/5jedHAXPnNR80wjJdoIAPw=","carabid","ANIDUL","Anisodactylus dulcicollis","species",,"LaFerte-Senectere",,1,"Noonan, G. R. 1973. The Anisodactylines (Insecta: Coleoptera: Carabidae: Harpalini): classification, evolution and zoogeography. Quaestiones Entomologicae 9:266-480.","zAuTdQ8TLTOCAVE+XhtWnklq56XAz8bt","B89Z/IeBZxVUVqkZavcPJo3avqhPk8Rn","1 female"
"a843bdec-a1e7-46ad-823c-f85cfe21cb04","ORNL_021.basePlot.bet","D07","ORNL","ORNL_021","E","2016-06-07","2016-06-21","2016-06-22","2016-09-15","2016-09-15","ORNL_021.E.20160621","LlqcsvOjN4DzLTipACF9/8Mi4qipfmwgfKLgjGWyrik=","carabid","ANIFUR","Anisodactylus furvus","species",,"LeConte",,1,"Noonan, G. R. 1973. The Anisodactylines (Insecta: Coleoptera: Carabidae: Harpalini): classification, evolution and zoogeography. Quaestiones Entomologicae 9:266-480.","zAuTdQ8TLTOCAVE+XhtWnklq56XAz8bt","B89Z/IeBZxVUVqkZavcPJo3avqhPk8Rn","1 male"
"4a4a8d64-aeef-4b52-844d-ec70b7c92de3","ORNL_021.basePlot.bet","D07","ORNL","ORNL_021","E","2016-06-07","2016-06-21","2016-06-22","2016-07-14",,"ORNL_021.E.20160621","LlqcsvOjN4DzLTipACF9/xfYmCFmlQxkeRzkcGYTNzE=","invert bycatch",,,,,,,,,,"B89Z/IeBZxVUVqkZavcPJo3avqhPk8Rn",
"634c5545-840c-4847-a1fe-97fa6c51410e","ORNL_021.basePlot.bet","D07","ORNL","ORNL_021","E","2016-06-07","2016-06-21","2016-06-22","2016-09-15","2016-09-15","ORNL_021.E.20160621","LlqcsvOjN4DzLTipACF9/4PDpkGA8pPAjvNbcgSAFGI=","carabid","ANIMER2","Anisodactylus merula","species",,"Germar",,3,"Noonan, G. R. 1973. The Anisodactylines (Insecta: Coleoptera: Carabidae: Harpalini): classification, evolution and zoogeography. Quaestiones Entomologicae 9:266-480.","zAuTdQ8TLTOCAVE+XhtWnklq56XAz8bt","B89Z/IeBZxVUVqkZavcPJo3avqhPk8Rn","1 male 2 female"
"6ccf7532-e86c-4726-afba-33baf8df7bef","ORNL_021.basePlot.bet","D07","ORNL","ORNL_021","E","2016-06-07","2016-06-21","2016-06-22","2016-09-15","2016-09-15","ORNL_021.E.20160621","LlqcsvOjN4DzLTipACF9/0cJh2SNuXavGrGdJ5kyoE4=","carabid","CYCSOD2","Cyclotrachelus sodalis sodalis","subspecies",,"LeConte",,1,"Freitag, R. 1969. A revision of the species of the genus Evarthrus LeConte. Quaestiones Entomologicae 5:89-212.","zAuTdQ8TLTOCAVE+XhtWnklq56XAz8bt","B89Z/IeBZxVUVqkZavcPJo3avqhPk8Rn","1 male"
"7376338c-01a8-4a0a-9b2f-b9677ab5f3b2","ORNL_006.basePlot.bet","D07","ORNL","ORNL_006","E","2016-06-07","2016-06-21","2016-06-22","2016-09-15","2016-09-15","ORNL_006.E.20160621","XUOG9+A5sIM3c8KMfvLyxGe3I0eJFPhCkmqQu4KnZxw=","carabid","HARPEN","Harpalus pensylvanicus","species",,"DeGeer",,1,"Ball, G. E., and J. N. Anderson. 1962. The taxonomy and speciation of Pseudophonus (a subgenus of Harpalus: Haralini: Carabidae, known to occur in North America). The Catholic University of America Press, Washington 17, D. C.","zAuTdQ8TLTOCAVE+XhtWnklq56XAz8bt","NckVeUTSUP6LXotw5DdWvfxzK/VJHqS5","1 female"
"a14859f5-93de-49c1-b6f3-01d98a8f03a7","ORNL_006.basePlot.bet","D07","ORNL","ORNL_006","W","2016-06-07","2016-06-21","2016-06-22","2016-09-15","2016-09-15","ORNL_006.W.20160621","XUOG9+A5sIMU6k9TI/vF0DPgl/8JBDwFhVELjsvhFaw=","carabid","CYCFUC","Cyclotrachelus fucatus","species",,"Freitag",,1,"Freitag, R. 1969. A revision of the species of the genus Evarthrus LeConte. Quaestiones Entomologicae 5:89-212.","zAuTdQ8TLTOCAVE+XhtWnklq56XAz8bt","B89Z/IeBZxVUVqkZavcPJo3avqhPk8Rn","1 female"
"42f0095f-b10a-4aac-882c-9bfafde74f67","ORNL_006.basePlot.bet","D07","ORNL","ORNL_006","E","2016-06-07","2016-06-21","2016-06-22","2016-09-15","2016-09-15","ORNL_006.E.20160621","XUOG9+A5sIM3c8KMfvLyxE2Dgfxun/ZoWIjbSrfZoQQ=","carabid","CYCFUC","Cyclotrachelus fucatus","species",,"Freitag",,2,"Freitag, R. 1969. A revision of the species of the genus Evarthrus LeConte. Quaestiones Entomologicae 5:89-212.","zAuTdQ8TLTOCAVE+XhtWnklq56XAz8bt","NckVeUTSUP6LXotw5DdWvfxzK/VJHqS5","2 male"
"f8f92fbd-9991-47b8-a7bf-0112f0191321","ORNL_006.basePlot.bet","D07","ORNL","ORNL_006","E","2016-06-07","2016-06-21","2016-06-22","2016-07-18",,"ORNL_006.E.20160621","XUOG9+A5sIM3c8KMfvLyxH7DtjfYft8WwgOExf1l+x8=","invert bycatch",,,,,,,,,,"NckVeUTSUP6LXotw5DdWvfxzK/VJHqS5",
"993967db-d4c4-4b37-b93d-8d4e6890af77","ORNL_006.basePlot.bet","D07","ORNL","ORNL_006","W","2016-06-07","2016-06-21","2016-06-22","2016-07-18",,"ORNL_006.W.20160621","XUOG9+A5sIMU6k9TI/vF0Hm1bt8j0cAwgW1VkRpELqo=","invert bycatch",,,,,,,,,,"B89Z/IeBZxVUVqkZavcPJo3avqhPk8Rn",
"ab7a39b3-abc1-4319-9e16-ab8a3a381e91","ORNL_027.basePlot.bet","D07","ORNL","ORNL_027","W","2016-06-07","2016-06-21","2016-06-22","2016-09-15","2016-09-15","ORNL_027.W.20160621","di/gYcSB3uB3ooLgTxX6zhn1lz2dqvBNbVTebb+PPcM=","carabid","CHLEMA","Chlaenius emarginatus","species",,"Say",,8,"Bell, R. T. 1960. A Revision of the Genus Chlaenius Bonelli (Coleoptera, Carabidae) in North America. Miscellaneous Publications of the Entomological Society of America 1:98-166.","zAuTdQ8TLTOCAVE+XhtWnklq56XAz8bt","hMeIr0r1D+O0r0KddsZuUbKn5xsaChU1","4 female 4 male"
"33fb15d5-ddb4-477c-83a7-7bd3a0fde854","ORNL_027.basePlot.bet","D07","ORNL","ORNL_027","W","2016-06-07","2016-06-21","2016-06-22","2016-09-15","2016-09-15","ORNL_027.W.20160621","di/gYcSB3uB3ooLgTxX6zpVb9XfE4SaEKge+kH4qWfA=","carabid","DICPOL","Dicaelus politus","species",,"Dejean",,1,"Ball, G. E. 1992. The Tribe Licinini (Coleoptera: Carabidae): A Review of the Genus-Groups and of the Species of Selected Genera. Journal of the New York Entomological Society 100:325-380.","zAuTdQ8TLTOCAVE+XhtWnklq56XAz8bt","hMeIr0r1D+O0r0KddsZuUbKn5xsaChU1","1 male"
"70cb2cd2-718a-4d02-9de4-e82afc4c8041","ORNL_027.basePlot.bet","D07","ORNL","ORNL_027","E","2016-06-07","2016-06-21","2016-06-22","2016-07-20",,"ORNL_027.E.20160621","di/gYcSB3uAv3mQDAiZcrYnHyKv/E+suiCKlImbGW2M=","invert bycatch",,,,,,,,,,"hMeIr0r1D+O0r0KddsZuUbKn5xsaChU1",
"4290b50c-f1fa-44d8-b100-146d019cc26f","ORNL_027.basePlot.bet","D07","ORNL","ORNL_027","S","2016-06-07","2016-06-21","2016-06-22","2016-09-15","2016-09-15","ORNL_027.S.20160621","di/gYcSB3uCX/QMG51POLpgoPwbFlribX3HUgQdP8o4=","carabid","PTESTY","Pterostichus stygicus","species",,"Say",,1,"Ciegler, J. C. 2000. Ground beetles and wrinkled bark beetles of South Carolina (Coleoptera: Geadephaga: Carabidae and Rhysodidae). Biota of South Carolina. Vol. 1. Clemson, S. Clemson University.","zAuTdQ8TLTOCAVE+XhtWnklq56XAz8bt","hMeIr0r1D+O0r0KddsZuUbKn5xsaChU1","1 female"
"4ccd6ecf-57bd-4b8b-832b-f4cbed26037c","ORNL_027.basePlot.bet","D07","ORNL","ORNL_027","W","2016-06-07","2016-06-21","2016-06-22","2016-09-15","2016-09-15","ORNL_027.W.20160621","di/gYcSB3uB3ooLgTxX6zoNxpTifwzKvIVQ/j4y4tzY=","carabid","PASPUN","Pasimachus punctulatus","species",,"Haldeman",,1,"Purrington, F., and C. J. Drake. 2005. A key to adult Nearctic Pasimachus (Pasimachus) Bonelli (Coleoptera: Carabidae: Scaritini), with comments on their functional mouthpart morphology. Entomological News 116:253-262.","zAuTdQ8TLTOCAVE+XhtWnklq56XAz8bt","hMeIr0r1D+O0r0KddsZuUbKn5xsaChU1","1 female"
"db292afc-dab3-4968-a92a-3de52100bc52","ORNL_027.basePlot.bet","D07","ORNL","ORNL_027","S","2016-06-07","2016-06-21","2016-06-22","2016-07-20",,"ORNL_027.S.20160621","di/gYcSB3uCX/QMG51POLtpE0RvDe3vQS/ytqDuD3ss=","invert bycatch",,,,,,,,,,"hMeIr0r1D+O0r0KddsZuUbKn5xsaChU1",
"206770a9-8c6f-43e1-a0f8-6084cbd903ff","ORNL_027.basePlot.bet","D07","ORNL","ORNL_027","E","2016-06-07","2016-06-21","2016-06-22","2016-09-15","2016-09-15","ORNL_027.E.20160621","di/gYcSB3uAv3mQDAiZcrSPIJPqCrc06HNZ3RRTVJRg=","carabid","PTESTY","Pterostichus stygicus","species",,"Say",,2,"Ciegler, J. C. 2000. Ground beetles and wrinkled bark beetles of South Carolina (Coleoptera: Geadephaga: Carabidae and Rhysodidae). Biota of South Carolina. Vol. 1. Clemson, S. Clemson University.","zAuTdQ8TLTOCAVE+XhtWnklq56XAz8bt","hMeIr0r1D+O0r0KddsZuUbKn5xsaChU1","2 female"
"e518fccf-9654-4332-9810-37c5006b6315","ORNL_027.basePlot.bet","D07","ORNL","ORNL_027","W","2016-06-07","2016-06-21","2016-06-22","2016-07-20",,"ORNL_027.W.20160621","di/gYcSB3uB3ooLgTxX6zhB74TJKkzxxx9GIvKRfvDs=","invert bycatch",,,,,,,,,,"hMeIr0r1D+O0r0KddsZuUbKn5xsaChU1",
"f1f5bca3-9483-4b5a-96d4-9f24c86aed82","ORNL_021.basePlot.bet","D07","ORNL","ORNL_021","N","2016-06-07","2016-06-21","2016-06-22","2016-09-15","2016-09-15","ORNL_021.N.20160621","LlqcsvOjN4B87mQnyD0NvA4diXvvYXs8niujMEl5VNQ=","carabid","MYACOR","Myas coracinus","species",,"Say",,1,"Ciegler, J. C. 2000. Ground beetles and wrinkled bark beetles of South Carolina (Coleoptera: Geadephaga: Carabidae and Rhysodidae). Biota of South Carolina. Vol. 1. Clemson, S. Clemson University.","zAuTdQ8TLTOCAVE+XhtWnklq56XAz8bt","B89Z/IeBZxVUVqkZavcPJo3avqhPk8Rn","1 female"
"988842b9-1206-407c-acc2-6ab32bce4b45","ORNL_021.basePlot.bet","D07","ORNL","ORNL_021","N","2016-06-07","2016-06-21","2016-06-22","2016-07-14",,"ORNL_021.N.20160621","LlqcsvOjN4B87mQnyD0NvFPRy+m3RcC/3376EUnkIss=","invert bycatch",,,,,,,,,,"B89Z/IeBZxVUVqkZavcPJo3avqhPk8Rn",
"07c753f0-5dac-4b4d-a9c5-725da3fcccf9","ORNL_021.basePlot.bet","D07","ORNL","ORNL_021","N","2016-06-07","2016-06-21","2016-06-22","2016-09-15","2016-09-15","ORNL_021.N.20160621","LlqcsvOjN4B87mQnyD0NvEsQ+9gfWSbkTEHsrgt/QZs=","carabid","ANIMER2","Anisodactylus merula","species","cf. species","Germar",,4,"Noonan, G. R. 1973. The Anisodactylines (Insecta: Coleoptera: Carabidae: Harpalini): classification, evolution and zoogeography. Quaestiones Entomologicae 9:266-480.","zAuTdQ8TLTOCAVE+XhtWnklq56XAz8bt","B89Z/IeBZxVUVqkZavcPJo3avqhPk8Rn","4 female"
"b725133b-04a8-457d-9fde-918ec3d817bd","ORNL_021.basePlot.bet","D07","ORNL","ORNL_021","N","2016-06-07","2016-06-21","2016-06-22","2016-09-15","2016-09-15","ORNL_021.N.20160621","LlqcsvOjN4B87mQnyD0NvJL8zabaW4/VCOOgoXms3Ds=","carabid","HARPEN","Harpalus pensylvanicus","species",,"DeGeer",,1,"Ball, G. E., and J. N. Anderson. 1962. The taxonomy and speciation of Pseudophonus (a subgenus of Harpalus: Haralini: Carabidae, known to occur in North America). The Catholic University of America Press, Washington 17, D. C.","zAuTdQ8TLTOCAVE+XhtWnklq56XAz8bt","B89Z/IeBZxVUVqkZavcPJo3avqhPk8Rn","1 female"
"14bc9722-7259-463f-911f-cbe81ddd6a7a","ORNL_002.basePlot.bet","D07","ORNL","ORNL_002","E","2016-06-07","2016-06-21","2016-06-22","2016-09-15","2016-09-15","ORNL_002.E.20160621","FcwZvbWDjdjrf4UNa2zrT4wdV4KLi7quB7AbkcoWxYI=","carabid","DICPOL","Dicaelus politus","species",,"Dejean",,1,"Ball, G. E. 1992. The Tribe Licinini (Coleoptera: Carabidae): A Review of the Genus-Groups and of the Species of Selected Genera. Journal of the New York Entomological Society 100:325-380.","zAuTdQ8TLTOCAVE+XhtWnklq56XAz8bt","B89Z/IeBZxVUVqkZavcPJo3avqhPk8Rn","1 female"
"ba6defb4-8e8e-4f82-aff1-c3d5631879e5","ORNL_002.basePlot.bet","D07","ORNL","ORNL_002","E","2016-06-07","2016-06-21","2016-06-22","2016-07-14",,"ORNL_002.E.20160621","FcwZvbWDjdjrf4UNa2zrT8iNL9lUUsqlo/x7gOpUdAs=","invert bycatch",,,,,,,,,,"B89Z/IeBZxVUVqkZavcPJo3avqhPk8Rn",
"2d7411bf-d295-40e3-a0b2-7b5baad7a787","ORNL_004.basePlot.bet","D07","ORNL","ORNL_004","S","2016-06-07","2016-06-21","2016-06-22","2016-07-20",,"ORNL_004.S.20160621","qnVzy9oXbL2HRCLLBW6XePwRM0GvSC4XMMqfz8rihZw=","invert bycatch",,,,,,,,,,"B89Z/IeBZxVUVqkZavcPJo3avqhPk8Rn",
"dbd27118-94f6-4f74-a5ee-bc9eb35ab43b","ORNL_004.basePlot.bet","D07","ORNL","ORNL_004","E","2016-06-07","2016-06-21","2016-06-22","2016-07-20",,"ORNL_004.E.20160621","qnVzy9oXbL0rpOlbS3ysIL9+AHWzlq2EMz+uB9kgkhc=","invert bycatch",,,,,,,,,,"B89Z/IeBZxVUVqkZavcPJo3avqhPk8Rn",
"3ec848e2-894e-4572-a28c-0b596a99a947","ORNL_004.basePlot.bet","D07","ORNL","ORNL_004","W","2016-06-07","2016-06-21","2016-06-22","2016-07-20",,"ORNL_004.W.20160621","qnVzy9oXbL0qUS2wZooi3awP2a+5pcoC7NLuVnubMFM=","invert bycatch",,,,,,,,,,"B89Z/IeBZxVUVqkZavcPJo3avqhPk8Rn",
"9427fb82-9380-4158-8b0b-93f5684ed5c9","ORNL_001.basePlot.bet","D07","ORNL","ORNL_001","E","2016-06-07","2016-06-21","2016-06-22","2016-07-20",,"ORNL_001.E.20160621","1iGudFvILgl0uo8jjPg8XqbbMBL1DyBKVgm6QlHS7Cw=","invert bycatch",,,,,,,,,,"NckVeUTSUP6LXotw5DdWvfxzK/VJHqS5",
"a9b82a45-3a3c-4c3b-8030-ac07decb825f","ORNL_004.basePlot.bet","D07","ORNL","ORNL_004","N","2016-06-07","2016-06-21","2016-06-22","2016-07-20",,"ORNL_004.N.20160621","qnVzy9oXbL16fqio1xoDpGNtxewUPsrmTmAC4nyowOM=","invert bycatch",,,,,,,,,,"B89Z/IeBZxVUVqkZavcPJo3avqhPk8Rn",
"f5646718-3f06-48b7-b245-02b660fd0484","ORNL_001.basePlot.bet","D07","ORNL","ORNL_001","S","2016-06-07","2016-06-21","2016-06-22","2016-07-20",,"ORNL_001.S.20160621","1iGudFvILgkltEJD0ESwhdukLpONZn1ahL6QJ8nxSYI=","invert bycatch",,,,,,,,,,"NckVeUTSUP6LXotw5DdWvfxzK/VJHqS5",
"c73d329a-8a9c-4ce7-9a89-fc5eb21130d8","ORNL_001.basePlot.bet","D07","ORNL","ORNL_001","N","2016-06-07","2016-06-21","2016-06-22","2016-07-20",,"ORNL_001.N.20160621","1iGudFvILglFolq0mlYwNd3mFr1/gw4DbDXE0iRmzbU=","invert bycatch",,,,,,,,,,"NckVeUTSUP6LXotw5DdWvfxzK/VJHqS5",
"07a7a819-1657-4164-9531-5b0c22830700","ORNL_003.basePlot.bet","D07","ORNL","ORNL_003","N","2016-06-07","2016-06-21","2016-06-22","2016-07-14",,"ORNL_003.N.20160621","952sL8sB3/gDwOwaqyWUuPioA3Ej6Hgcutg5kkcT0HE=","invert bycatch",,,,,,,,,,"B89Z/IeBZxVUVqkZavcPJo3avqhPk8Rn",
"4d79fa76-719a-4597-a0d5-0a14b33b56e9","ORNL_003.basePlot.bet","D07","ORNL","ORNL_003","N","2016-06-07","2016-06-21","2016-06-22","2016-09-15","2016-09-15","ORNL_003.N.20160621","952sL8sB3/gDwOwaqyWUuDPlBkp8JJ9sqaKQdkaF5qU=","carabid","GALBIC","Galerita bicolor","species",,"Drury",,1,"Ciegler, J. C. 2000. Ground beetles and wrinkled bark beetles of South Carolina (Coleoptera: Geadephaga: Carabidae and Rhysodidae). Biota of South Carolina. Vol. 1. Clemson, S. Clemson University.","zAuTdQ8TLTOCAVE+XhtWnklq56XAz8bt","B89Z/IeBZxVUVqkZavcPJo3avqhPk8Rn","1 male"
"9b731f06-5a8b-49eb-a510-1cb4161ffe5c","ORNL_003.basePlot.bet","D07","ORNL","ORNL_003","E","2016-06-07","2016-06-21","2016-06-22","2016-07-14",,"ORNL_003.E.20160621","952sL8sB3/gL8NoxjyEpjMfeV77wlajlpuYbsmWiHW4=","invert bycatch",,,,,,,,,,"B89Z/IeBZxVUVqkZavcPJo3avqhPk8Rn",
"f3e8ae7f-a03d-4bc1-8731-3330ad7656ea","ORNL_003.basePlot.bet","D07","ORNL","ORNL_003","E","2016-06-07","2016-06-21","2016-06-22","2016-09-15","2016-09-15","ORNL_003.E.20160621","952sL8sB3/gL8NoxjyEpjI2RoAWmNvbDZ50Snw15M9s=","carabid","GALBIC","Galerita bicolor","species",,"Drury",,1,"Ciegler, J. C. 2000. Ground beetles and wrinkled bark beetles of South Carolina (Coleoptera: Geadephaga: Carabidae and Rhysodidae). Biota of South Carolina. Vol. 1. Clemson, S. Clemson University.","zAuTdQ8TLTOCAVE+XhtWnklq56XAz8bt","B89Z/IeBZxVUVqkZavcPJo3avqhPk8Rn","1 female"
"e326eb8c-cea5-46ec-b07e-ab510e40c921","ORNL_003.basePlot.bet","D07","ORNL","ORNL_003","E","2016-06-07","2016-06-21","2016-06-22","2016-09-15","2016-09-15","ORNL_003.E.20160621","952sL8sB3/gL8NoxjyEpjAqnKDIcPjPCrrRyVHnICLU=","carabid","SPHSTE1","Sphaeroderus stenostomus lecontei","subspecies",,"Dejean",,1,"Barr Jr., T. C. 1974a. Key to species and subspecies of Sphaeroderus Dejean.","zAuTdQ8TLTOCAVE+XhtWnklq56XAz8bt","B89Z/IeBZxVUVqkZavcPJo3avqhPk8Rn","1 male"
"0ad786e1-13f0-4318-9164-bcb50dd464a8","ORNL_032.basePlot.bet","D07","ORNL","ORNL_032","N","2016-06-07","2016-06-21","2016-06-22","2016-07-20",,"ORNL_032.N.20160621","DcTblkLRhldkfEFR5ElpHO67+c9dVVSMmhBYUV2G4fE=","invert bycatch",,,,,,,,,,"NckVeUTSUP6LXotw5DdWvfxzK/VJHqS5",
"33165352-b1dc-455e-b925-d86519bed751","ORNL_029.basePlot.bet","D07","ORNL","ORNL_029","W","2016-06-07","2016-06-21","2016-06-22","2016-07-18",,"ORNL_029.W.20160621","7LdWMHVTMyTqHlRVBlQDX0oNsLXbPuV3/w2RM+0pA/E=","invert bycatch",,,,,,,,,,"ntMKYxYUttgTR6u/j2bBWe+VSVcHK8QG",
"2dda7d2d-f1b2-4181-a118-2e11c672037e","ORNL_029.basePlot.bet","D07","ORNL","ORNL_029","N","2016-06-07","2016-06-21","2016-06-22","2016-07-18",,"ORNL_029.N.20160621","7LdWMHVTMyQRYRk3VzlIA//iaCm9x37/vPnI1kjQL3k=","invert bycatch",,,,,,,,,,"ntMKYxYUttgTR6u/j2bBWe+VSVcHK8QG",
"e0a6c0c0-138a-430c-ba7d-4646cb60d617","ORNL_006.basePlot.bet","D07","ORNL","ORNL_006","S","2016-06-07","2016-06-21","2016-06-22","2016-07-18",,"ORNL_006.S.20160621","XUOG9+A5sINy1SL42hEWvfZT3pHgRSYkT/oUSEyoMHE=","invert bycatch",,,,,,,,,,"NckVeUTSUP6LXotw5DdWvfxzK/VJHqS5",
"b633fc6e-1d46-42f4-9d9d-4c08ec742804","ORNL_006.basePlot.bet","D07","ORNL","ORNL_006","N","2016-06-07","2016-06-21","2016-06-22","2016-07-18",,"ORNL_006.N.20160621","XUOG9+A5sIMZLZu3KzmtUqWDSwKC8GJJTGy0ZmVu7qE=","invert bycatch",,,,,,,,,,"B89Z/IeBZxVUVqkZavcPJo3avqhPk8Rn",
"70c719b2-6b5d-4701-b929-7ad0b6634c11","ORNL_031.basePlot.bet","D07","ORNL","ORNL_031","E","2016-06-07","2016-06-21","2016-06-22","2016-07-18",,"ORNL_031.E.20160621","G1V5MttZ4JIU2oox9sYkKHmFPCazpYJl9x4zBB6cyoo=","invert bycatch",,,,,,,,,,"NckVeUTSUP6LXotw5DdWvfxzK/VJHqS5",
"b12d3563-fd18-4f2c-8ea7-8d94e82588b6","ORNL_003.basePlot.bet","D07","ORNL","ORNL_003","S","2016-06-07","2016-06-21","2016-06-22","2016-07-14",,"ORNL_003.S.20160621","952sL8sB3/i/BuvpX5+pAXXDvS8xLKOdEj5OQpOL8AE=","invert bycatch",,,,,,,,,,"B89Z/IeBZxVUVqkZavcPJo3avqhPk8Rn",
"cbdbe4e4-f8fd-4c66-bb82-04e7ad0970ed","ORNL_003.basePlot.bet","D07","ORNL","ORNL_003","W","2016-06-07","2016-06-21","2016-06-22","2016-07-14",,"ORNL_003.W.20160621","952sL8sB3/gTFn9DMXctOH/45ZcNEjKqtY+0JR/wG3w=","invert bycatch",,,,,,,,,,"B89Z/IeBZxVUVqkZavcPJo3avqhPk8Rn",
"1f9b328d-a8b1-4ec6-b6b8-b1a768983096","ORNL_002.basePlot.bet","D07","ORNL","ORNL_002","W","2016-06-07","2016-06-21","2016-06-22","2016-07-14",,"ORNL_002.W.20160621","FcwZvbWDjdgPnznj/VRiJ4Scd7c3UU7/PaL6/Ynw/s8=","invert bycatch",,,,,,,,,,"B89Z/IeBZxVUVqkZavcPJo3avqhPk8Rn",
"8fe5e6ce-8463-43dd-8a3c-e68c5cc62076","ORNL_002.basePlot.bet","D07","ORNL","ORNL_002","S","2016-06-07","2016-06-21","2016-06-22","2016-07-14",,"ORNL_002.S.20160621","FcwZvbWDjdiZOENX8biTkYXKUGgZdOvoZ28G7d+281Y=","invert bycatch",,,,,,,,,,"B89Z/IeBZxVUVqkZavcPJo3avqhPk8Rn",
"b8144909-c003-4177-8999-b27ad251e5e3","ORNL_002.basePlot.bet","D07","ORNL","ORNL_002","N","2016-06-07","2016-06-21","2016-06-22","2016-07-14",,"ORNL_002.N.20160621","FcwZvbWDjdh4gaIydInsZiTt3yG6sOUq+IgFKAbvmcc=","invert bycatch",,,,,,,,,,"B89Z/IeBZxVUVqkZavcPJo3avqhPk8Rn",
