uid,namedLocation,domainID,siteID,plotID,setDate,collectDate,processingDate,subsampleIDList,archiveVialID,scientificName,recordedBy,remarks
"1e09e510-bbaf-4351-9da1-bf13e51d3bfe","ORNL_003.basePlot.bet","D07","ORNL","ORNL_003","2016-05-24","2016-06-07","2016-07-01","952sL8sB3/gL8NoxjyEpjHM6gYSCmF3kdjpXyfNNgX6AVKhsjZImJbsfjjrusT6ra71G/Fk1XaxwYj/OFkmvyN0ZpQwv9DoiEbRMA86ZV8JN6s1DCQkfUOF/JEeUo1mahyM0KoKUc9g=","952sL8sB3/iow7/7v75oXCxyE410P5Xm",,"C/RpfPKb8HTaiQJE7Yod+06R2cjuJOBA",
"c2861680-895d-4afb-a9c5-9e35444555e1","ORNL_006.basePlot.bet","D07","ORNL","ORNL_006","2016-05-24","2016-06-07","2016-07-01","XUOG9+A5sIMZLZu3KzmtUgaLHsSmL47OUxf8/9duou2i4+LSJYu77sZ1+8JcNV55KsdRIR7Kwn5fWPNhMHQzMHxKH4BHg9v6lAAQKCjuPzrtx62HLDRlcsy4Nt4AmgodklxRSSEo3rY=","XUOG9+A5sIOkEvp7IEOH++ECxxesHmFB",,"hMeIr0r1D+O0r0KddsZuUbKn5xsaChU1",
"dd6fdd06-fd28-48a0-8b77-75be237d2741","ORNL_004.basePlot.bet","D07","ORNL","ORNL_004","2016-05-24","2016-06-07","2016-07-01","qnVzy9oXbL0qUS2wZooi3XF1WnC5Ti7r4BvGlsYaVBbL8py3GND6CYqIQ3BJyeUaOX+UgCTHnepw3JYtglIWCSrCd7KPf4RZ3jq2h+6G48yPM3P/LGKICnklt/Av4RlO45L7h17IBsM=","qnVzy9oXbL2Ilgc2BTJVQgOG9aRfZoB2",,"C/RpfPKb8HTaiQJE7Yod+06R2cjuJOBA",
"ffad6bcd-cbf9-4a98-9535-ac09725114b0","ORNL_021.basePlot.bet","D07","ORNL","ORNL_021","2016-05-24","2016-06-07","2016-07-01","LlqcsvOjN4DzLTipACF9/1h/WGPvJfwiav5hJ06ShJRqI1UeZCic4s92vL36ls1a68mbUwVjHdeMhSkuORm6s5ya3u1hc/tglXu8/ELhSFCRS6sxtoQEhHpz+LPMHFPmdaw9gIxMnYk=","LlqcsvOjN4CKHDaOr+5KtvucGx8v8RZy",,"NckVeUTSUP6LXotw5DdWvfxzK/VJHqS5",
"092a3467-b523-4d9a-ab54-4537bec4005f","ORNL_031.basePlot.bet","D07","ORNL","ORNL_031","2016-05-24","2016-06-07","2016-07-01","G1V5MttZ4JJO/csRKXZrzvhd3mADDd4V/wwaqAa8v9fePKcmqGR9NL+rPE4C5r7K8gOhNwbQ4+5wMes1DLBgaW6virQxXJ9NjitzSd9bx0Mj/+9rdBNfsKwRe+nXICiQNIpr/yEDf90=","G1V5MttZ4JLo0bUSc1t757id7qdzost/",,"hMeIr0r1D+O0r0KddsZuUbKn5xsaChU1",
"ac079eec-426e-4be6-a5ef-017c92258973","ORNL_002.basePlot.bet","D07","ORNL","ORNL_002","2016-05-24","2016-06-07","2016-07-01","FcwZvbWDjdgPnznj/VRiJ+2xNywLzj/eEGqqaOMGasNaLcIDb4qODgRlObU3Mnu0jDB/GjFEO3RUz4msAlkVD3vUo0QEXUlrYpOH0GfudCE=","FcwZvbWDjdhS3qB1v4i66O+MmU5XC+aD",,"hMeIr0r1D+O0r0KddsZuUbKn5xsaChU1",
"35e5a61e-1203-4b67-bbf6-8030e7d28b07","ORNL_027.basePlot.bet","D07","ORNL","ORNL_027","2016-05-24","2016-06-07","2016-07-01","di/gYcSB3uAv3mQDAiZcrQCzKZ8c3Hr6NBoVdrze5SnlQnqKju+3dVxuw805XAbjrbOUyAgWsh5LY9Jjs2Dm3T9B+mlEp59hd3Uu0WOS8Wq8G7zEdsOrEhcU7uohq0wnjXRcJU9fvQE=","di/gYcSB3uBIw6frq1nCd0oPXXYqO7ws",,"C/RpfPKb8HTaiQJE7Yod+06R2cjuJOBA",
"735b3f8c-5b44-4523-9fd4-c25c8c32515f","ORNL_032.basePlot.bet","D07","ORNL","ORNL_032","2016-05-24","2016-06-07","2016-07-01","DcTblkLRhld365l7uBXeaXvF16CxnhNUGuDAVLkkY9rfw6HxQ011CvBpvV1UrZ4Q8va3v0q9hwOAMlunNETqFVzhRttGVl2iQ7eVSgaX2CZJbp+ULN4Va4SDExq81XoNgi26EHMIfq0=","DcTblkLRhlc8Ktcr4EAx3ojeBAPCyKzC",,"NckVeUTSUP6LXotw5DdWvfxzK/VJHqS5",
"2c551717-a70e-4007-ae2f-cc79f8acb924","ORNL_001.basePlot.bet","D07","ORNL","ORNL_001","2016-05-24","2016-06-07","2016-07-01","1iGudFvILglFolq0mlYwNacZy6cLvdssZzFgTm/xd38zYefRA6ar8p7vMoQiF7Fbhipje95J76gwuwRIIyskSOKdxuAmQryWkchgFUyUTNwSBv8q6LL/GhKGTz+DIP6hLKaddfzZh1E=","1iGudFvILgn9/Wn/qrFDEQQj3UihyvE6",,"C/RpfPKb8HTaiQJE7Yod+06R2cjuJOBA",
"f8684016-54b7-4b99-b3ed-2bb4004de32f","ORNL_029.basePlot.bet","D07","ORNL","ORNL_029","2016-05-24","2016-06-07","2016-07-01","7LdWMHVTMySQS3tmhusc93VkDJfsSq1WNRHIOw9NQECHIeAb+r2XuFHmKaubU91oS6KseBr09bJ+UvRSwfnwTyhOBm7wVirNahp3304hWtDG/nLW9VnqaFCI9vJWAxyQMeE9bSCEdE4=","7LdWMHVTMyTC/LCltzGVeQtN2a+0EpyQ",,"NckVeUTSUP6LXotw5DdWvfxzK/VJHqS5",
"80dd819e-3192-4856-8bcf-b68203f704c1","ORNL_006.basePlot.bet","D07","ORNL","ORNL_006","2016-05-24","2016-06-07","2016-09-16","XUOG9+A5sIMZLZu3KzmtUnGZLti1XC0SZ2il3j5Fphsr/KIT8vAKSDLYdQIy/XXksms9n1NXK/yDdNhxQb36wBDOTr7KUSt6xajY4LHmHqXtWbNHfzfgjrnvPWHjc0TU","XUOG9+A5sIOkEvp7IEOH+4sb4ErsUcbYfWSHReGXUyE=","Cyclotrachelus fucatus","C/RpfPKb8HTaiQJE7Yod+06R2cjuJOBA",
"813b6347-f45e-4279-9637-2cb677bf164b","ORNL_003.basePlot.bet","D07","ORNL","ORNL_003","2016-06-07","2016-06-21","2016-07-14","952sL8sB3/gTFn9DMXctOH/45ZcNEjKq5M3Fq2v8CeIRIvBQsUsRaP6hdkWsxPvsF3SYMUT1QQpWLQ2MA6XbCSVkurTuV4n1tN0ihldfzIiWlo+fan+zknN+zapLBNHoffrAb9Bl3lA=","952sL8sB3/hhQSbTR8IKv0lVNpu+4JcP",,"B89Z/IeBZxVUVqkZavcPJo3avqhPk8Rn",
"dbf4a00c-a649-4ddf-9bdc-4e734897fd18","ORNL_032.basePlot.bet","D07","ORNL","ORNL_032","2016-06-07","2016-06-21","2016-07-20","DcTblkLRhld365l7uBXeaZplJStYIjydC4UdThRmb9WVheU2Ls0H89zJANqbw2JT643W037XpAlGGKwesJ61KtBSk9TnviXl2FK3PAjMaKgo64nUsSjFMloaaHFWqaiZ4wOeSZG8WzI=","DcTblkLRhld8vU1hIhM2d5g+G8LCGYVx",,"NckVeUTSUP6LXotw5DdWvfxzK/VJHqS5",
"3dba4bb6-74f0-4abe-89e0-c50be8bfe06e","ORNL_029.basePlot.bet","D07","ORNL","ORNL_029","2016-06-07","2016-06-21","2016-07-18","7LdWMHVTMyTqHlRVBlQDX0oNsLXbPuV3xrZVBt+9x+aMmesmUYyBZzVLrS42FlhxzjVpVsLIJXnbUbi6wd4wryXghbo2VSIVOKqUlxRMORPwzG6pk6v5bd8Pl3tTJgcpH+4ulaLCdTE=","7LdWMHVTMyTi0uhp+5F+BgK6cvWLG2TN",,"ntMKYxYUttgTR6u/j2bBWe+VSVcHK8QG",
"121efc36-0a2c-4ae8-ae69-bb421776336e","ORNL_004.basePlot.bet","D07","ORNL","ORNL_004","2016-06-07","2016-06-21","2016-07-20","qnVzy9oXbL0rpOlbS3ysIL9+AHWzlq2EYv0jpI8a61i2znJDs90TE53p6qe3PaNlMYfR1wWPpMiLJMfPC+QptCNzT4G1SsFoY3ozhy2zveKAL8fW+GFhVklGlkNHQyLcJ1Bvv8NULm4=","qnVzy9oXbL01e2IcSi+aCHoaXoBS3A3o",,"B89Z/IeBZxVUVqkZavcPJo3avqhPk8Rn",
"ae8f1a6a-97c5-4f0e-b9a3-95a2ae18981f","ORNL_006.basePlot.bet","D07","ORNL","ORNL_006","2016-06-07","2016-06-21","2016-07-18","XUOG9+A5sINy1SL42hEWvfZT3pHgRSYkF3Q30HBfGCzmRKhAQpmGz+EhVZHCkBt5wkDxKdwBNU5SlI4156Sq2yrLt4dRxaxDSW4MCZ8bufMZ2yoeseXntPCxFhTZOjw5skLCd2cZiOk=","XUOG9+A5sIPKPu7hnaoSmiXy3NTEc0gZ",,"NckVeUTSUP6LXotw5DdWvfxzK/VJHqS5",
"1fc1c3ee-238e-47c3-a367-f532d352bcb8","ORNL_031.basePlot.bet","D07","ORNL","ORNL_031","2016-06-07","2016-06-21","2016-07-18","G1V5MttZ4JKLKv8XF1sjzdGTrvEtJ8BiBe8XEGSpwi0QS/QaVIjeAKFqKNyPt0lfSgRjEmux/realXkB8JK87V+OBis5RfodtGxS5z9HH4z4cVqblrez5FmJ2xu2QQiO8RsRha116w0=","G1V5MttZ4JK6fNTRtWT1DEmNqX8TmhHB",,"NckVeUTSUP6LXotw5DdWvfxzK/VJHqS5",
"ee3df068-9496-43c0-aa3c-13fd870d3f60","ORNL_002.basePlot.bet","D07","ORNL","ORNL_002","2016-06-07","2016-06-21","2016-07-14","FcwZvbWDjdh4gaIydInsZiTt3yG6sOUqi4utCUotO5ITUDsbrFCof04ge2OX9Eq65bJX+rxqYLx+chjTi3mjbwa6wqjrLGL8bNnbI3tnrCWZ+gOu3Pg1lrPsHg4/y88IrBqdtPSOcIk=","FcwZvbWDjdhfbSUrNIy6TvV7Ex+7S+nJ",,"B89Z/IeBZxVUVqkZavcPJo3avqhPk8Rn",
"d50ebe44-8a44-4e4a-8f9d-daa241adbd1e","ORNL_027.basePlot.bet","D07","ORNL","ORNL_027","2016-06-07","2016-06-21","2016-07-20","di/gYcSB3uCX/QMG51POLtpE0RvDe3vQ+ngUe2jf3wgXUDF0haOP86J7tj01YytwhNmjmt4GOBSinuueOyxWO49BnF69+8lMHStgKlH5nNs2PqfDWPjkBTEWEoYc9Xk7vXnvCL6qWxY=","di/gYcSB3uBZ20mUOCMEyZlNevOOXcX5",,"hMeIr0r1D+O0r0KddsZuUbKn5xsaChU1",
"b70ef27c-88f7-4a10-a468-e35b82ab3afe","ORNL_021.basePlot.bet","D07","ORNL","ORNL_021","2016-06-07","2016-06-21","2016-07-14","LlqcsvOjN4CikGAtT+4ywaM5s90moVccZCbg5696fAgilv0e59Nw5icFiNWX/+1FNS+Wqx/QaPXwThiQ3X+6NOVprJsGg9EiQ3Dv83SfgR+Sl66L2bicY2YdEXVfsE6HolwopSIixdM=","LlqcsvOjN4DvN2fu0sg2CHGj61E+znCk",,"B89Z/IeBZxVUVqkZavcPJo3avqhPk8Rn",
"f896941a-5181-46d1-8c9a-ae6800bfe99a","ORNL_001.basePlot.bet","D07","ORNL","ORNL_001","2016-06-07","2016-06-21","2016-07-20","1iGudFvILglFolq0mlYwNd3mFr1/gw4DjzykZFsxIFa213caItaNu75bIHBGjSxeHy94dAFJetFbvP1mhbWLHSB5mJQXxBmpCBF2SPLz6QAeQ0Kpqe7X0uU8SMHT44cP0THqYgvAI5w=","1iGudFvILgnoDoWhuj5H2bBc1iy/IECd",,"NckVeUTSUP6LXotw5DdWvfxzK/VJHqS5",
