uid,namedLocation,domainID,siteID,plotID,trapID,plotType,nlcdClass,decimalLatitude,decimalLongitude,geodeticDatum,coordinateUncertainty,elevation,elevationUncertainty,setDate,collectDate,eventID,daysOfTrapping,sampleCollected,sampleID,cupStatus,lidStatus,fluidLevel,samplingProtocolVersion,recordedBy,remarks
"6cd5c1cb-752a-4c95-9873-fc12db92d4d7","OAES_005.basePlot.bet","D11","OAES","OAES_005","W","distributed","grasslandHerbaceous",35.404299,-99.080041,"WGS84",20.1,511.9,0.1,"2016-05-18","2016-06-01","OAES.2016.22",14,"Y","OAES_005.W.20160601","Ok","Ok","Ok","NEON.DOC.014050vH","DDYELCAMXhPc95sI0XQ1McC1ECMy6YbI",
"7b90b6ba-b157-484a-a097-c0f9710b74ec","OAES_002.basePlot.bet","D11","OAES","OAES_002","W","distributed","grasslandHerbaceous",35.419716,-99.052304,"WGS84",20.1,521.6,0.1,"2016-05-18","2016-06-01","OAES.2016.22",14,"Y","OAES_002.W.20160601","Ok","Ok","Ok","NEON.DOC.014050vH","E0QNXD+K2b5q2XkN9RjHNBArNVWYmvwc",
"335dbd55-95d2-4cba-a5ec-1e2d20f6ad26","OAES_009.basePlot.bet","D11","OAES","OAES_009","E","distributed","shrubScrub",35.420795,-99.050317,"WGS84",20.1,515.5,0.1,"2016-05-18","2016-06-01","OAES.2016.22",14,"Y","OAES_009.E.20160601","Ok","Ok","Ok","NEON.DOC.014050vH","E0QNXD+K2b5q2XkN9RjHNBArNVWYmvwc",
"a7a7c409-a175-4b1a-ad33-5cae2c5d3b8a","OAES_021.basePlot.bet","D11","OAES","OAES_021","E","distributed","shrubScrub",35.411869,-99.074095,"WGS84",20.1,503.7,0.1,"2016-05-18","2016-06-01","OAES.2016.22",14,"Y","OAES_021.E.20160601","Ok","Ok","Low","NEON.DOC.014050vH","DDYELCAMXhPc95sI0XQ1McC1ECMy6YbI",
"5a46a9a9-d5e5-45a2-8c1a-e677495b576b","OAES_006.basePlot.bet","D11","OAES","OAES_006","E","distributed","grasslandHerbaceous",35.420259,-99.048669,"WGS84",20.1,516.4,0.2,"2016-05-18","2016-06-01","OAES.2016.22",14,"Y","OAES_006.E.20160601","Ok","Ok","Ok","NEON.DOC.014050vH","E0QNXD+K2b5q2XkN9RjHNBArNVWYmvwc",
"8197a069-8fa4-4d45-81fd-53a4bcfd552f","OAES_007.basePlot.bet","D11","OAES","OAES_007","E","distributed","shrubScrub",35.419991,-99.057264,"WGS84",20.2,519.4,0.5,"2016-05-18","2016-06-01","OAES.2016.22",14,"Y","OAES_007.E.20160601","Ok","Ok","Ok","NEON.DOC.014050vH","E0QNXD+K2b5q2XkN9RjHNBArNVWYmvwc",
"9dbec024-470c-4a47-8172-4c1d31344062","OAES_008.basePlot.bet","D11","OAES","OAES_008","E","distributed","grasslandHerbaceous",35.395379,-99.063188,"WGS84",20.1,493.6,0.1,"2016-05-18","2016-06-01","OAES.2016.22",14,"Y","OAES_008.E.20160601","Ok","Ok","Ok","NEON.DOC.014050vH","DDYELCAMXhPc95sI0XQ1McC1ECMy6YbI",
"3d169eea-4e8a-4c22-a0e3-d877f82aa66d","OAES_004.basePlot.bet","D11","OAES","OAES_004","E","distributed","grasslandHerbaceous",35.412130,-99.085338,"WGS84",20.1,507.5,0.1,"2016-05-18","2016-06-01","OAES.2016.22",14,"Y","OAES_004.E.20160601","Ok","Ok","Ok","NEON.DOC.014050vH","DDYELCAMXhPc95sI0XQ1McC1ECMy6YbI",
"1670c78a-194d-4847-ae9e-3d49958b33b4","OAES_003.basePlot.bet","D11","OAES","OAES_003","E","distributed","grasslandHerbaceous",35.412139,-99.069792,"WGS84",20.1,510.5,0.1,"2016-05-18","2016-06-01","OAES.2016.22",14,"Y","OAES_003.E.20160601","Ok","Ok","Ok","NEON.DOC.014050vH","DDYELCAMXhPc95sI0XQ1McC1ECMy6YbI",
"7da2123e-1feb-4537-829f-fb619edf2fbb","OAES_005.basePlot.bet","D11","OAES","OAES_005","E","distributed","grasslandHerbaceous",35.404299,-99.080041,"WGS84",20.1,511.9,0.1,"2016-05-18","2016-06-01","OAES.2016.22",14,"Y","OAES_005.E.20160601","Ok","Ok","Ok","NEON.DOC.014050vH","DDYELCAMXhPc95sI0XQ1McC1ECMy6YbI",
"67b581ba-bce0-42be-b844-db6f97fda38d","OAES_002.basePlot.bet","D11","OAES","OAES_002","E","distributed","grasslandHerbaceous",35.419716,-99.052304,"WGS84",20.1,521.6,0.1,"2016-05-18","2016-06-01","OAES.2016.22",14,"Y","OAES_002.E.20160601","Ok","Ok","Ok","NEON.DOC.014050vH","E0QNXD+K2b5q2XkN9RjHNBArNVWYmvwc",
"a56181f0-181f-4583-9dcc-4d1352dbc4d8","OAES_008.basePlot.bet","D11","OAES","OAES_008","N","distributed","grasslandHerbaceous",35.395379,-99.063188,"WGS84",20.1,493.6,0.1,"2016-05-18","2016-06-01","OAES.2016.22",14,"Y","OAES_008.N.20160601","Ok","Ok","Ok","NEON.DOC.014050vH","DDYELCAMXhPc95sI0XQ1McC1ECMy6YbI",
"5971c89f-8aed-48a4-881a-962032d1967a","OAES_004.basePlot.bet","D11","OAES","OAES_004","N","distributed","grasslandHerbaceous",35.412130,-99.085338,"WGS84",20.1,507.5,0.1,"2016-05-18","2016-06-01","OAES.2016.22",14,"Y","OAES_004.N.20160601","Ok","Ok","Ok","NEON.DOC.014050vH","DDYELCAMXhPc95sI0XQ1McC1ECMy6YbI",
"5b808ac0-0d24-4e27-9064-7c71ec5427d4","OAES_003.basePlot.bet","D11","OAES","OAES_003","N","distributed","grasslandHerbaceous",35.412139,-99.069792,"WGS84",20.1,510.5,0.1,"2016-05-18","2016-06-01","OAES.2016.22",14,"Y","OAES_003.N.20160601","Ok","Ok","Ok","NEON.DOC.014050vH","DDYELCAMXhPc95sI0XQ1McC1ECMy6YbI",
"f44e18ae-02f3-475c-866b-ed19143b43ad","OAES_005.basePlot.bet","D11","OAES","OAES_005","N","distributed","grasslandHerbaceous",35.404299,-99.080041,"WGS84",20.1,511.9,0.1,"2016-05-18","2016-06-01","OAES.2016.22",14,"Y","OAES_005.N.20160601","Ok","Ok","Ok","NEON.DOC.014050vH","DDYELCAMXhPc95sI0XQ1McC1ECMy6YbI",
"7f7bb86b-4716-4518-b7b1-5c22f93f7175","OAES_002.basePlot.bet","D11","OAES","OAES_002","N","distributed","grasslandHerbaceous",35.419716,-99.052304,"WGS84",20.1,521.6,0.1,"2016-05-18","2016-06-01","OAES.2016.22",14,"Y","OAES_002.N.20160601","Ok","Ok","Ok","NEON.DOC.014050vH","E0QNXD+K2b5q2XkN9RjHNBArNVWYmvwc",
"f4985cb3-9732-405c-896e-77ea2154f89b","OAES_001.basePlot.bet","D11","OAES","OAES_001","N","distributed","grasslandHerbaceous",35.412699,-99.058259,"WGS84",20.1,515.1,0.1,"2016-05-18","2016-06-01","OAES.2016.22",14,"Y","OAES_001.N.20160601","Ok","Ok","Ok","NEON.DOC.014050vH","E0QNXD+K2b5q2XkN9RjHNBArNVWYmvwc",
"a7b102bb-adc5-4b7c-b72b-1088da9b8b7d","OAES_021.basePlot.bet","D11","OAES","OAES_021","N","distributed","shrubScrub",35.411869,-99.074095,"WGS84",20.1,503.7,0.1,"2016-05-18","2016-06-01","OAES.2016.22",14,"Y","OAES_021.N.20160601","Ok","Ok","Ok","NEON.DOC.014050vH","DDYELCAMXhPc95sI0XQ1McC1ECMy6YbI",
"a012c064-6a3d-4244-bb25-e69e77879bd9","OAES_009.basePlot.bet","D11","OAES","OAES_009","N","distributed","shrubScrub",35.420795,-99.050317,"WGS84",20.1,515.5,0.1,"2016-05-18","2016-06-01","OAES.2016.22",14,"Y","OAES_009.N.20160601","Ok","Ok","Ok","NEON.DOC.014050vH","E0QNXD+K2b5q2XkN9RjHNBArNVWYmvwc","|~25 mL of PG/H2O solution spilled next to trap @ North"
"d875b5b5-11fd-4f95-beb3-7252d34e8cd5","OAES_006.basePlot.bet","D11","OAES","OAES_006","N","distributed","grasslandHerbaceous",35.420259,-99.048669,"WGS84",20.1,516.4,0.2,"2016-05-18","2016-06-01","OAES.2016.22",14,"Y","OAES_006.N.20160601","Ok","Ok","Ok","NEON.DOC.014050vH","E0QNXD+K2b5q2XkN9RjHNBArNVWYmvwc","Vertebrate bycatch| frog in trap"
"0666fca8-1e80-4a69-bb33-e477b8c2d0c2","OAES_007.basePlot.bet","D11","OAES","OAES_007","N","distributed","shrubScrub",35.419991,-99.057264,"WGS84",20.2,519.4,0.5,"2016-05-18","2016-06-01","OAES.2016.22",14,"Y","OAES_007.N.20160601","Ok","Ok","Ok","NEON.DOC.014050vH","E0QNXD+K2b5q2XkN9RjHNBArNVWYmvwc",
"2cce8577-07a6-45c8-bce4-3bfba8f5a071","OAES_007.basePlot.bet","D11","OAES","OAES_007","S","distributed","shrubScrub",35.419991,-99.057264,"WGS84",20.2,519.4,0.5,"2016-05-18","2016-06-01","OAES.2016.22",14,"Y","OAES_007.S.20160601","Ok","Ok","Ok","NEON.DOC.014050vH","E0QNXD+K2b5q2XkN9RjHNBArNVWYmvwc",
"1dd86705-6b2b-4b01-9c6b-b25637f7a84c","OAES_004.basePlot.bet","D11","OAES","OAES_004","S","distributed","grasslandHerbaceous",35.412130,-99.085338,"WGS84",20.1,507.5,0.1,"2016-05-18","2016-06-01","OAES.2016.22",14,"Y","OAES_004.S.20160601","Ok","Ok","Ok","NEON.DOC.014050vH","DDYELCAMXhPc95sI0XQ1McC1ECMy6YbI",
"978f6d33-d4f6-49f1-badf-1ebfba22d45b","OAES_001.basePlot.bet","D11","OAES","OAES_001","S","distributed","grasslandHerbaceous",35.412699,-99.058259,"WGS84",20.1,515.1,0.1,"2016-05-18","2016-06-01","OAES.2016.22",14,"Y","OAES_001.S.20160601","Ok","Ok","Ok","NEON.DOC.014050vH","E0QNXD+K2b5q2XkN9RjHNBArNVWYmvwc",
"7a263882-7327-4d68-872c-8c81104fbcbe","OAES_009.basePlot.bet","D11","OAES","OAES_009","S","distributed","shrubScrub",35.420795,-99.050317,"WGS84",20.1,515.5,0.1,"2016-05-18","2016-06-01","OAES.2016.22",14,"Y","OAES_009.S.20160601","Ok","Ok","Ok","NEON.DOC.014050vH","E0QNXD+K2b5q2XkN9RjHNBArNVWYmvwc",
"a09ad0bb-4ac3-40fb-9e21-56d742019830","OAES_021.basePlot.bet","D11","OAES","OAES_021","S","distributed","shrubScrub",35.411869,-99.074095,"WGS84",20.1,503.7,0.1,"2016-05-18","2016-06-01","OAES.2016.22",14,"Y","OAES_021.S.20160601","Ok","Ok","Ok","NEON.DOC.014050vH","DDYELCAMXhPc95sI0XQ1McC1ECMy6YbI",
"f1ccb2e7-fca4-447e-8330-a32aebc68973","OAES_006.basePlot.bet","D11","OAES","OAES_006","S","distributed","grasslandHerbaceous",35.420259,-99.048669,"WGS84",20.1,516.4,0.2,"2016-05-18","2016-06-01","OAES.2016.22",14,"Y","OAES_006.S.20160601","Ok","Ok","Ok","NEON.DOC.014050vH","E0QNXD+K2b5q2XkN9RjHNBArNVWYmvwc",
"57de96ac-9f4b-4cd8-844c-7576546e0b9e","OAES_008.basePlot.bet","D11","OAES","OAES_008","S","distributed","grasslandHerbaceous",35.395379,-99.063188,"WGS84",20.1,493.6,0.1,"2016-05-18","2016-06-01","OAES.2016.22",14,"Y","OAES_008.S.20160601","Ok","Ok","Ok","NEON.DOC.014050vH","DDYELCAMXhPc95sI0XQ1McC1ECMy6YbI",
"a07cfaa3-979b-4224-86b0-e264f73b2002","OAES_002.basePlot.bet","D11","OAES","OAES_002","S","distributed","grasslandHerbaceous",35.419716,-99.052304,"WGS84",20.1,521.6,0.1,"2016-05-18","2016-06-01","OAES.2016.22",14,"Y","OAES_002.S.20160601","Ok","Ok","Ok","NEON.DOC.014050vH","E0QNXD+K2b5q2XkN9RjHNBArNVWYmvwc",
"362795eb-3c2a-4443-b9fb-2c25c294992f","OAES_003.basePlot.bet","D11","OAES","OAES_003","S","distributed","grasslandHerbaceous",35.412139,-99.069792,"WGS84",20.1,510.5,0.1,"2016-05-18","2016-06-01","OAES.2016.22",14,"Y","OAES_003.S.20160601","Ok","Ok","Ok","NEON.DOC.014050vH","DDYELCAMXhPc95sI0XQ1McC1ECMy6YbI",
"8a092f1e-dc6b-4c97-a568-69c27cfcaf3b","OAES_005.basePlot.bet","D11","OAES","OAES_005","S","distributed","grasslandHerbaceous",35.404299,-99.080041,"WGS84",20.1,511.9,0.1,"2016-05-18","2016-06-01","OAES.2016.22",14,"Y","OAES_005.S.20160601","Ok","Ok","Ok","NEON.DOC.014050vH","DDYELCAMXhPc95sI0XQ1McC1ECMy6YbI",
"0c9de462-be81-49e7-a416-ec411e9431be","OAES_021.basePlot.bet","D11","OAES","OAES_021","W","distributed","shrubScrub",35.411869,-99.074095,"WGS84",20.1,503.7,0.1,"2016-05-18","2016-06-01","OAES.2016.22",14,"Y","OAES_021.W.20160601","Ok","Ok","Ok","NEON.DOC.014050vH","DDYELCAMXhPc95sI0XQ1McC1ECMy6YbI",
"0f396531-97c3-4294-9d59-d523d6525291","OAES_001.basePlot.bet","D11","OAES","OAES_001","W","distributed","grasslandHerbaceous",35.412699,-99.058259,"WGS84",20.1,515.1,0.1,"2016-05-18","2016-06-01","OAES.2016.22",14,"Y","OAES_001.W.20160601","Ok","Ok","Ok","NEON.DOC.014050vH","E0QNXD+K2b5q2XkN9RjHNBArNVWYmvwc",
"68d32ad5-4962-41e7-bff1-175f19c69edd","OAES_006.basePlot.bet","D11","OAES","OAES_006","W","distributed","grasslandHerbaceous",35.420259,-99.048669,"WGS84",20.1,516.4,0.2,"2016-05-18","2016-06-01","OAES.2016.22",14,"Y","OAES_006.W.20160601","Ok","Ok","High","NEON.DOC.014050vH","E0QNXD+K2b5q2XkN9RjHNBArNVWYmvwc",
"8c4506e8-f9d4-4d18-8593-188bc00939bd","OAES_009.basePlot.bet","D11","OAES","OAES_009","W","distributed","shrubScrub",35.420795,-99.050317,"WGS84",20.1,515.5,0.1,"2016-05-18","2016-06-01","OAES.2016.22",14,"Y","OAES_009.W.20160601","Ok","Ok","Ok","NEON.DOC.014050vH","E0QNXD+K2b5q2XkN9RjHNBArNVWYmvwc",
"e0061ac4-47c0-4187-8ba8-45092f63830f","OAES_007.basePlot.bet","D11","OAES","OAES_007","W","distributed","shrubScrub",35.419991,-99.057264,"WGS84",20.2,519.4,0.5,"2016-05-18","2016-06-01","OAES.2016.22",14,"Y","OAES_007.W.20160601","Ok","Ok","Ok","NEON.DOC.014050vH","E0QNXD+K2b5q2XkN9RjHNBArNVWYmvwc",
"93c17425-66b6-44cb-ab90-a8b190f90737","OAES_008.basePlot.bet","D11","OAES","OAES_008","W","distributed","grasslandHerbaceous",35.395379,-99.063188,"WGS84",20.1,493.6,0.1,"2016-05-18","2016-06-01","OAES.2016.22",14,"Y","OAES_008.W.20160601","Ok","Ok","Ok","NEON.DOC.014050vH","DDYELCAMXhPc95sI0XQ1McC1ECMy6YbI",
"29876a9b-6839-40d7-94cc-ab769dd54800","OAES_004.basePlot.bet","D11","OAES","OAES_004","W","distributed","grasslandHerbaceous",35.412130,-99.085338,"WGS84",20.1,507.5,0.1,"2016-05-18","2016-06-01","OAES.2016.22",14,"Y","OAES_004.W.20160601","Ok","Ok","Ok","NEON.DOC.014050vH","DDYELCAMXhPc95sI0XQ1McC1ECMy6YbI",
"558f715b-22e0-4c06-9f2f-567cc530c182","OAES_003.basePlot.bet","D11","OAES","OAES_003","W","distributed","grasslandHerbaceous",35.412139,-99.069792,"WGS84",20.1,510.5,0.1,"2016-05-18","2016-06-01","OAES.2016.22",14,"Y","OAES_003.W.20160601","Ok","Ok","Ok","NEON.DOC.014050vH","DDYELCAMXhPc95sI0XQ1McC1ECMy6YbI",
"c6891aeb-33ea-44b6-8508-31f2e3e9406c","OAES_001.basePlot.bet","D11","OAES","OAES_001","E","distributed","grasslandHerbaceous",35.412699,-99.058259,"WGS84",20.1,515.1,0.1,"2016-05-18","2016-06-01","OAES.2016.22",14,"Y","OAES_001.E.20160601","Ok","Ok","Ok","NEON.DOC.014050vH","E0QNXD+K2b5q2XkN9RjHNBArNVWYmvwc",
"e6381499-4733-499c-9bf2-77d8266c1d39","OAES_001.basePlot.bet","D11","OAES","OAES_001","E","distributed","grasslandHerbaceous",35.412699,-99.058259,"WGS84",20.1,515.1,0.1,"2016-06-01","2016-06-15","OAES.2016.24",14,"Y","OAES_001.E.20160615","Ok","Ok","Ok","NEON.DOC.014050vH","won/tyUsFjCjTGqHBmGD3e54PFu+l8CW",
"ecadfed3-e323-4f94-a9a1-7f71cefae36f","OAES_004.basePlot.bet","D11","OAES","OAES_004","W","distributed","grasslandHerbaceous",35.412130,-99.085338,"WGS84",20.1,507.5,0.1,"2016-06-01","2016-06-15","OAES.2016.24",14,"Y","OAES_004.W.20160615","Ok","Ok","Ok","NEON.DOC.014050vH","won/tyUsFjCjTGqHBmGD3e54PFu+l8CW",
"a1f1ce05-64d8-429f-8838-d19f0aa4fc98","OAES_003.basePlot.bet","D11","OAES","OAES_003","E","distributed","grasslandHerbaceous",35.412139,-99.069792,"WGS84",20.1,510.5,0.1,"2016-06-01","2016-06-15","OAES.2016.24",14,"Y","OAES_003.E.20160615","Ok","Ok","Low","NEON.DOC.014050vH","won/tyUsFjCjTGqHBmGD3e54PFu+l8CW","East trap set to 250ml"
"faa8fd1c-7860-49c2-b31e-91f4af965ecb","OAES_005.basePlot.bet","D11","OAES","OAES_005","E","distributed","grasslandHerbaceous",35.404299,-99.080041,"WGS84",20.1,511.9,0.1,"2016-06-01","2016-06-15","OAES.2016.24",14,"Y","OAES_005.E.20160615","Ok","Ok","Ok","NEON.DOC.014050vH","won/tyUsFjCjTGqHBmGD3e54PFu+l8CW",
"074cfa11-aff1-4533-b653-f1a17ec1bb51","OAES_021.basePlot.bet","D11","OAES","OAES_021","E","distributed","shrubScrub",35.411869,-99.074095,"WGS84",20.1,503.7,0.1,"2016-06-01","2016-06-15","OAES.2016.24",14,"Y","OAES_021.E.20160615","Ok","Ok","Low","NEON.DOC.014050vH","won/tyUsFjCjTGqHBmGD3e54PFu+l8CW",
"cee66337-924f-4f3f-a755-4b35a150d5d7","OAES_009.basePlot.bet","D11","OAES","OAES_009","E","distributed","shrubScrub",35.420795,-99.050317,"WGS84",20.1,515.5,0.1,"2016-06-01","2016-06-15","OAES.2016.24",14,"Y","OAES_009.E.20160615","Ok","Ok","Ok","NEON.DOC.014050vH","won/tyUsFjCjTGqHBmGD3e54PFu+l8CW",
"f7a97f41-f6a8-4cae-82eb-349b102d26c5","OAES_007.basePlot.bet","D11","OAES","OAES_007","E","distributed","shrubScrub",35.419991,-99.057264,"WGS84",20.2,519.4,0.5,"2016-06-01","2016-06-15","OAES.2016.24",14,"Y","OAES_007.E.20160615","Ok","Ok","Low","NEON.DOC.014050vH","won/tyUsFjCjTGqHBmGD3e54PFu+l8CW",
"3af04475-38c4-4f93-9ac9-c50e90ee80cf","OAES_006.basePlot.bet","D11","OAES","OAES_006","E","distributed","grasslandHerbaceous",35.420259,-99.048669,"WGS84",20.1,516.4,0.2,"2016-06-01","2016-06-15","OAES.2016.24",14,"Y","OAES_006.E.20160615","Ok","Ok","Ok","NEON.DOC.014050vH","won/tyUsFjCjTGqHBmGD3e54PFu+l8CW",
"f555088d-1807-4900-874c-064db061adb6","OAES_004.basePlot.bet","D11","OAES","OAES_004","E","distributed","grasslandHerbaceous",35.412130,-99.085338,"WGS84",20.1,507.5,0.1,"2016-06-01","2016-06-15","OAES.2016.24",14,"Y","OAES_004.E.20160615","Ok","Ok","Ok","NEON.DOC.014050vH","won/tyUsFjCjTGqHBmGD3e54PFu+l8CW",
"4a09a602-8991-456f-96cf-6cfa890fd897","OAES_008.basePlot.bet","D11","OAES","OAES_008","N","distributed","grasslandHerbaceous",35.395379,-99.063188,"WGS84",20.1,493.6,0.1,"2016-06-01","2016-06-15","OAES.2016.24",14,"Y","OAES_008.N.20160615","Ok","Ok","Ok","NEON.DOC.014050vH","won/tyUsFjCjTGqHBmGD3e54PFu+l8CW",
"bb77542f-fd1b-4d6f-8ed9-8c14735478b0","OAES_004.basePlot.bet","D11","OAES","OAES_004","N","distributed","grasslandHerbaceous",35.412130,-99.085338,"WGS84",20.1,507.5,0.1,"2016-06-01","2016-06-15","OAES.2016.24",14,"Y","OAES_004.N.20160615","Ok","Ok","Ok","NEON.DOC.014050vH","won/tyUsFjCjTGqHBmGD3e54PFu+l8CW",
"b9a47aa9-ca38-48a1-a7be-06d566585f51","OAES_003.basePlot.bet","D11","OAES","OAES_003","N","distributed","grasslandHerbaceous",35.412139,-99.069792,"WGS84",20.1,510.5,0.1,"2016-06-01","2016-06-15","OAES.2016.24",14,"Y","OAES_003.N.20160615","Ok","Ok","Ok","NEON.DOC.014050vH","won/tyUsFjCjTGqHBmGD3e54PFu+l8CW",
"af39fad0-4898-42b0-8b4f-2a2289513956","OAES_005.basePlot.bet","D11","OAES","OAES_005","N","distributed","grasslandHerbaceous",35.404299,-99.080041,"WGS84",20.1,511.9,0.1,"2016-06-01","2016-06-15","OAES.2016.24",14,"Y","OAES_005.N.20160615","Ok","Ok","Ok","NEON.DOC.014050vH","won/tyUsFjCjTGqHBmGD3e54PFu+l8CW",
"988f65e2-4def-400c-92ec-146a3ed909af","OAES_002.basePlot.bet","D11","OAES","OAES_002","N","distributed","grasslandHerbaceous",35.419716,-99.052304,"WGS84",20.1,521.6,0.1,"2016-06-01","2016-06-15","OAES.2016.24",14,"Y","OAES_002.N.20160615","Ok","Ok","Ok","NEON.DOC.014050vH","won/tyUsFjCjTGqHBmGD3e54PFu+l8CW",
"105ed278-a3b1-4957-a7ca-e452967934ad","OAES_001.basePlot.bet","D11","OAES","OAES_001","N","distributed","grasslandHerbaceous",35.412699,-99.058259,"WGS84",20.1,515.1,0.1,"2016-06-01","2016-06-15","OAES.2016.24",14,"Y","OAES_001.N.20160615","Ok","Ok","Ok","NEON.DOC.014050vH","won/tyUsFjCjTGqHBmGD3e54PFu+l8CW",
"6527cf9e-f707-4448-9108-c71f210938e1","OAES_021.basePlot.bet","D11","OAES","OAES_021","N","distributed","shrubScrub",35.411869,-99.074095,"WGS84",20.1,503.7,0.1,"2016-06-01","2016-06-15","OAES.2016.24",14,"Y","OAES_021.N.20160615","Ok","Ok","Ok","NEON.DOC.014050vH","won/tyUsFjCjTGqHBmGD3e54PFu+l8CW","North trap set to 250ml"
"9a227e37-3229-4e5f-89f6-c3fe6b5a3bf4","OAES_009.basePlot.bet","D11","OAES","OAES_009","N","distributed","shrubScrub",35.420795,-99.050317,"WGS84",20.1,515.5,0.1,"2016-06-01","2016-06-15","OAES.2016.24",14,"Y","OAES_009.N.20160615","Ok","Ok","Ok","NEON.DOC.014050vH","won/tyUsFjCjTGqHBmGD3e54PFu+l8CW",
"9326d182-7963-4731-82b8-f289c6fcb773","OAES_006.basePlot.bet","D11","OAES","OAES_006","N","distributed","grasslandHerbaceous",35.420259,-99.048669,"WGS84",20.1,516.4,0.2,"2016-06-01","2016-06-15","OAES.2016.24",14,"Y","OAES_006.N.20160615","Ok","Ok","Ok","NEON.DOC.014050vH","won/tyUsFjCjTGqHBmGD3e54PFu+l8CW",
"0213a244-eff1-4038-84cf-f330464b98ba","OAES_007.basePlot.bet","D11","OAES","OAES_007","N","distributed","shrubScrub",35.419991,-99.057264,"WGS84",20.2,519.4,0.5,"2016-06-01","2016-06-15","OAES.2016.24",14,"Y","OAES_007.N.20160615","Ok","Ok","Ok","NEON.DOC.014050vH","won/tyUsFjCjTGqHBmGD3e54PFu+l8CW",
"2769f447-0a87-4b2c-aad3-c94e1e62ddfd","OAES_005.basePlot.bet","D11","OAES","OAES_005","S","distributed","grasslandHerbaceous",35.404299,-99.080041,"WGS84",20.1,511.9,0.1,"2016-06-01","2016-06-15","OAES.2016.24",14,"Y","OAES_005.S.20160615","Ok","Ok","Low","NEON.DOC.014050vH","won/tyUsFjCjTGqHBmGD3e54PFu+l8CW",
"1e1ef8ab-c2b9-4d07-9c50-6ddfc0bdb2e4","OAES_002.basePlot.bet","D11","OAES","OAES_002","S","distributed","grasslandHerbaceous",35.419716,-99.052304,"WGS84",20.1,521.6,0.1,"2016-06-01","2016-06-15","OAES.2016.24",14,"Y","OAES_002.S.20160615","Ok","Ok","Ok","NEON.DOC.014050vH","won/tyUsFjCjTGqHBmGD3e54PFu+l8CW",
"ecb7aac1-2b5c-459e-bc81-60b247e6543e","OAES_004.basePlot.bet","D11","OAES","OAES_004","S","distributed","grasslandHerbaceous",35.412130,-99.085338,"WGS84",20.1,507.5,0.1,"2016-06-01","2016-06-15","OAES.2016.24",14,"Y","OAES_004.S.20160615","Ok","Ok","Low","NEON.DOC.014050vH","won/tyUsFjCjTGqHBmGD3e54PFu+l8CW","South trap reset to 250ml"
"78e18347-e934-46c7-999d-eb2cca1ed29e","OAES_008.basePlot.bet","D11","OAES","OAES_008","S","distributed","grasslandHerbaceous",35.395379,-99.063188,"WGS84",20.1,493.6,0.1,"2016-06-01","2016-06-15","OAES.2016.24",14,"Y","OAES_008.S.20160615","Ok","Ok","Ok","NEON.DOC.014050vH","won/tyUsFjCjTGqHBmGD3e54PFu+l8CW",
"fa72d614-17e8-42a0-825a-78d95e589c78","OAES_003.basePlot.bet","D11","OAES","OAES_003","S","distributed","grasslandHerbaceous",35.412139,-99.069792,"WGS84",20.1,510.5,0.1,"2016-06-01","2016-06-15","OAES.2016.24",14,"Y","OAES_003.S.20160615","Ok","Ok","Ok","NEON.DOC.014050vH","won/tyUsFjCjTGqHBmGD3e54PFu+l8CW",
"3be01282-0a6b-45bc-8c84-693a79f968bf","OAES_009.basePlot.bet","D11","OAES","OAES_009","S","distributed","shrubScrub",35.420795,-99.050317,"WGS84",20.1,515.5,0.1,"2016-06-01","2016-06-15","OAES.2016.24",14,"Y","OAES_009.S.20160615","Ok","Ok","Ok","NEON.DOC.014050vH","won/tyUsFjCjTGqHBmGD3e54PFu+l8CW",
"22947d32-1242-4681-a87e-2e3e63d1da1d","OAES_006.basePlot.bet","D11","OAES","OAES_006","S","distributed","grasslandHerbaceous",35.420259,-99.048669,"WGS84",20.1,516.4,0.2,"2016-06-01","2016-06-15","OAES.2016.24",14,"Y","OAES_006.S.20160615","Ok","Ok","Ok","NEON.DOC.014050vH","won/tyUsFjCjTGqHBmGD3e54PFu+l8CW",
"596bb928-db3a-41c2-bdd0-d246872e30b9","OAES_002.basePlot.bet","D11","OAES","OAES_002","E","distributed","grasslandHerbaceous",35.419716,-99.052304,"WGS84",20.1,521.6,0.1,"2016-06-01","2016-06-15","OAES.2016.24",14,"Y","OAES_002.E.20160615","Ok","Ok","Ok","NEON.DOC.014050vH","won/tyUsFjCjTGqHBmGD3e54PFu+l8CW",
"a2320d41-a333-4dfc-aac8-7d5f90ba9750","OAES_007.basePlot.bet","D11","OAES","OAES_007","S","distributed","shrubScrub",35.419991,-99.057264,"WGS84",20.2,519.4,0.5,"2016-06-01","2016-06-15","OAES.2016.24",14,"Y","OAES_007.S.20160615","Ok","Ok","Ok","NEON.DOC.014050vH","won/tyUsFjCjTGqHBmGD3e54PFu+l8CW",
"80a202dd-e389-4afd-9a4f-65c20624a18c","OAES_021.basePlot.bet","D11","OAES","OAES_021","S","distributed","shrubScrub",35.411869,-99.074095,"WGS84",20.1,503.7,0.1,"2016-06-01","2016-06-15","OAES.2016.24",14,"Y","OAES_021.S.20160615","Ok","Ok","Ok","NEON.DOC.014050vH","won/tyUsFjCjTGqHBmGD3e54PFu+l8CW",
"2f19ba76-d07d-4ad4-96f5-0f2c2ac1fa65","OAES_001.basePlot.bet","D11","OAES","OAES_001","S","distributed","grasslandHerbaceous",35.412699,-99.058259,"WGS84",20.1,515.1,0.1,"2016-06-01","2016-06-15","OAES.2016.24",14,"Y","OAES_001.S.20160615","Ok","Ok","Ok","NEON.DOC.014050vH","won/tyUsFjCjTGqHBmGD3e54PFu+l8CW",
"f421e775-07e8-4e8d-bbbc-c873243a6f4b","OAES_009.basePlot.bet","D11","OAES","OAES_009","W","distributed","shrubScrub",35.420795,-99.050317,"WGS84",20.1,515.5,0.1,"2016-06-01","2016-06-15","OAES.2016.24",14,"Y","OAES_009.W.20160615","Ok","Ok","Low","NEON.DOC.014050vH","won/tyUsFjCjTGqHBmGD3e54PFu+l8CW","West trap filled to 250ml"
"af8e3757-0849-448b-998f-a8ea8aef839b","OAES_006.basePlot.bet","D11","OAES","OAES_006","W","distributed","grasslandHerbaceous",35.420259,-99.048669,"WGS84",20.1,516.4,0.2,"2016-06-01","2016-06-15","OAES.2016.24",14,"Y","OAES_006.W.20160615","Ok","Ok","Ok","NEON.DOC.014050vH","won/tyUsFjCjTGqHBmGD3e54PFu+l8CW",
"7e4b885f-57b0-497e-8add-60b4721b7888","OAES_007.basePlot.bet","D11","OAES","OAES_007","W","distributed","shrubScrub",35.419991,-99.057264,"WGS84",20.2,519.4,0.5,"2016-06-01","2016-06-15","OAES.2016.24",14,"Y","OAES_007.W.20160615","Ok","Ok","Ok","NEON.DOC.014050vH","won/tyUsFjCjTGqHBmGD3e54PFu+l8CW",
"215b42c5-22b2-4a1a-aef2-0549f721f059","OAES_021.basePlot.bet","D11","OAES","OAES_021","W","distributed","shrubScrub",35.411869,-99.074095,"WGS84",20.1,503.7,0.1,"2016-06-01","2016-06-15","OAES.2016.24",14,"Y","OAES_021.W.20160615","Ok","Ok","Ok","NEON.DOC.014050vH","won/tyUsFjCjTGqHBmGD3e54PFu+l8CW",
"1a560a91-b3fb-4e96-817e-b362db506efe","OAES_001.basePlot.bet","D11","OAES","OAES_001","W","distributed","grasslandHerbaceous",35.412699,-99.058259,"WGS84",20.1,515.1,0.1,"2016-06-01","2016-06-15","OAES.2016.24",14,"Y","OAES_001.W.20160615","Ok","Ok","Ok","NEON.DOC.014050vH","won/tyUsFjCjTGqHBmGD3e54PFu+l8CW",
"70988aee-fb78-4d1e-95f5-f0ed50604ab9","OAES_003.basePlot.bet","D11","OAES","OAES_003","W","distributed","grasslandHerbaceous",35.412139,-99.069792,"WGS84",20.1,510.5,0.1,"2016-06-01","2016-06-15","OAES.2016.24",14,"Y","OAES_003.W.20160615","Ok","Ok","Ok","NEON.DOC.014050vH","won/tyUsFjCjTGqHBmGD3e54PFu+l8CW",
"02721b5d-18af-49ed-8114-36e916228a3f","OAES_005.basePlot.bet","D11","OAES","OAES_005","W","distributed","grasslandHerbaceous",35.404299,-99.080041,"WGS84",20.1,511.9,0.1,"2016-06-01","2016-06-15","OAES.2016.24",14,"Y","OAES_005.W.20160615","Ok","Ok","Ok","NEON.DOC.014050vH","won/tyUsFjCjTGqHBmGD3e54PFu+l8CW",
"e35cd73c-3330-4eff-b220-4e9642f65173","OAES_002.basePlot.bet","D11","OAES","OAES_002","W","distributed","grasslandHerbaceous",35.419716,-99.052304,"WGS84",20.1,521.6,0.1,"2016-06-01","2016-06-15","OAES.2016.24",14,"Y","OAES_002.W.20160615","Ok","Ok","Ok","NEON.DOC.014050vH","won/tyUsFjCjTGqHBmGD3e54PFu+l8CW",
"3588518d-530e-45a7-ad32-211a969c8f7d","OAES_008.basePlot.bet","D11","OAES","OAES_008","W","distributed","grasslandHerbaceous",35.395379,-99.063188,"WGS84",20.1,493.6,0.1,"2016-06-01","2016-06-15","OAES.2016.24",14,"Y","OAES_008.W.20160615","Ok","Ok","Ok","NEON.DOC.014050vH","won/tyUsFjCjTGqHBmGD3e54PFu+l8CW",
"436df1fd-c587-4be6-ba61-1cfc5b3dd5dd","OAES_008.basePlot.bet","D11","OAES","OAES_008","E","distributed","grasslandHerbaceous",35.395379,-99.063188,"WGS84",20.1,493.6,0.1,"2016-06-01","2016-06-15","OAES.2016.24",14,"Y","OAES_008.E.20160615","Ok","Ok","Ok","NEON.DOC.014050vH","won/tyUsFjCjTGqHBmGD3e54PFu+l8CW",
"ffc280f2-f891-46e6-a259-b9b7402bab42","OAES_003.basePlot.bet","D11","OAES","OAES_003","N","distributed","grasslandHerbaceous",35.412139,-99.069792,"WGS84",20.1,510.5,0.1,"2016-06-15","2016-06-29","OAES.2016.26",14,"Y","OAES_003.N.20160629","Ok","Ok","Ok","NEON.DOC.014050vH","aXs/ZRwW+FWhGXenomdsT5DtktFsPUur",
"222358b6-1a35-48c9-8b1c-f1d51094435a","OAES_008.basePlot.bet","D11","OAES","OAES_008","N","distributed","grasslandHerbaceous",35.395379,-99.063188,"WGS84",20.1,493.6,0.1,"2016-06-15","2016-06-29","OAES.2016.26",14,"Y","OAES_008.N.20160629","Ok","Ok","Ok","NEON.DOC.014050vH","aXs/ZRwW+FWhGXenomdsT5DtktFsPUur",
"97ff60ce-d1d0-4b5f-9dac-7aec778f6a27","OAES_004.basePlot.bet","D11","OAES","OAES_004","N","distributed","grasslandHerbaceous",35.412130,-99.085338,"WGS84",20.1,507.5,0.1,"2016-06-15","2016-06-29","OAES.2016.26",14,"Y","OAES_004.N.20160629","Ok","Ok","Ok","NEON.DOC.014050vH","aXs/ZRwW+FWhGXenomdsT5DtktFsPUur",
"c130651f-4f25-4055-b0fb-80842f652cd1","OAES_007.basePlot.bet","D11","OAES","OAES_007","N","distributed","shrubScrub",35.419991,-99.057264,"WGS84",20.2,519.4,0.5,"2016-06-15","2016-06-29","OAES.2016.26",14,"Y","OAES_007.N.20160629","Ok","Ok","Ok","NEON.DOC.014050vH","aXs/ZRwW+FWhGXenomdsT5DtktFsPUur",
"a43978c4-3c56-45a7-956c-8cfd60004c54","OAES_009.basePlot.bet","D11","OAES","OAES_009","N","distributed","shrubScrub",35.420795,-99.050317,"WGS84",20.1,515.5,0.1,"2016-06-15","2016-06-29","OAES.2016.26",14,"Y","OAES_009.N.20160629","Ok","Ok","Low","NEON.DOC.014050vH","aXs/ZRwW+FWhGXenomdsT5DtktFsPUur",
"3c21ea47-5c55-44bb-82c2-4b44904f3373","OAES_006.basePlot.bet","D11","OAES","OAES_006","N","distributed","grasslandHerbaceous",35.420259,-99.048669,"WGS84",20.1,516.4,0.2,"2016-06-15","2016-06-29","OAES.2016.26",14,"Y","OAES_006.N.20160629","Ok","Ok","Ok","NEON.DOC.014050vH","aXs/ZRwW+FWhGXenomdsT5DtktFsPUur",
"7635aa4e-ca1c-45be-9139-fae95aeeb294","OAES_021.basePlot.bet","D11","OAES","OAES_021","N","distributed","shrubScrub",35.411869,-99.074095,"WGS84",20.1,503.7,0.1,"2016-06-15","2016-06-29","OAES.2016.26",14,"Y","OAES_021.N.20160629","Ok","Ok","Ok","NEON.DOC.014050vH","aXs/ZRwW+FWhGXenomdsT5DtktFsPUur",
"99f189bb-ced2-486f-9748-3d3f62e30149","OAES_001.basePlot.bet","D11","OAES","OAES_001","N","distributed","grasslandHerbaceous",35.412699,-99.058259,"WGS84",20.1,515.1,0.1,"2016-06-15","2016-06-29","OAES.2016.26",14,"Y","OAES_001.N.20160629","Ok","Ok","Low","NEON.DOC.014050vH","aXs/ZRwW+FWhGXenomdsT5DtktFsPUur",
"9cd82cbf-6f0c-49c9-a5d8-a61dc5006af3","OAES_001.basePlot.bet","D11","OAES","OAES_001","S","distributed","grasslandHerbaceous",35.412699,-99.058259,"WGS84",20.1,515.1,0.1,"2016-06-15","2016-06-29","OAES.2016.26",14,"Y","OAES_001.S.20160629","Ok","Ok","Ok","NEON.DOC.014050vH","aXs/ZRwW+FWhGXenomdsT5DtktFsPUur",
"87120b6d-c32a-4de3-b989-ea3a470215c8","OAES_004.basePlot.bet","D11","OAES","OAES_004","S","distributed","grasslandHerbaceous",35.412130,-99.085338,"WGS84",20.1,507.5,0.1,"2016-06-15","2016-06-29","OAES.2016.26",14,"Y","OAES_004.S.20160629","Ok","Ok","Ok","NEON.DOC.014050vH","aXs/ZRwW+FWhGXenomdsT5DtktFsPUur",
"9e920228-42b7-4aff-aee6-0c2a8619a32c","OAES_005.basePlot.bet","D11","OAES","OAES_005","S","distributed","grasslandHerbaceous",35.404299,-99.080041,"WGS84",20.1,511.9,0.1,"2016-06-15","2016-06-29","OAES.2016.26",14,"Y","OAES_005.S.20160629","Ok","Ok","Ok","NEON.DOC.014050vH","aXs/ZRwW+FWhGXenomdsT5DtktFsPUur",
"a16168fc-ebfc-4beb-8f98-65feb7e641d5","OAES_003.basePlot.bet","D11","OAES","OAES_003","S","distributed","grasslandHerbaceous",35.412139,-99.069792,"WGS84",20.1,510.5,0.1,"2016-06-15","2016-06-29","OAES.2016.26",14,"Y","OAES_003.S.20160629","Ok","Ok","Low","NEON.DOC.014050vH","aXs/ZRwW+FWhGXenomdsT5DtktFsPUur",
"689a90e0-2337-483f-a30f-463249d0142b","OAES_008.basePlot.bet","D11","OAES","OAES_008","S","distributed","grasslandHerbaceous",35.395379,-99.063188,"WGS84",20.1,493.6,0.1,"2016-06-15","2016-06-29","OAES.2016.26",14,"Y","OAES_008.S.20160629","Ok","Ok","Ok","NEON.DOC.014050vH","aXs/ZRwW+FWhGXenomdsT5DtktFsPUur",
"d33c0fb5-59ad-4d22-82b9-9ada5c5144a8","OAES_007.basePlot.bet","D11","OAES","OAES_007","S","distributed","shrubScrub",35.419991,-99.057264,"WGS84",20.2,519.4,0.5,"2016-06-15","2016-06-29","OAES.2016.26",14,"Y","OAES_007.S.20160629","Ok","Ok","Low","NEON.DOC.014050vH","aXs/ZRwW+FWhGXenomdsT5DtktFsPUur",
"742f6911-dbb3-452e-9583-8f730417a53a","OAES_009.basePlot.bet","D11","OAES","OAES_009","S","distributed","shrubScrub",35.420795,-99.050317,"WGS84",20.1,515.5,0.1,"2016-06-15","2016-06-29","OAES.2016.26",14,"Y","OAES_009.S.20160629","Ok","Ok","Ok","NEON.DOC.014050vH","aXs/ZRwW+FWhGXenomdsT5DtktFsPUur",
"bd522f93-28d9-438d-900c-36d247ff50f8","OAES_021.basePlot.bet","D11","OAES","OAES_021","S","distributed","shrubScrub",35.411869,-99.074095,"WGS84",20.1,503.7,0.1,"2016-06-15","2016-06-29","OAES.2016.26",14,"Y","OAES_021.S.20160629","Ok","Ok","Ok","NEON.DOC.014050vH","aXs/ZRwW+FWhGXenomdsT5DtktFsPUur",
"10041a02-13e8-44ee-b0fd-82c38a344bbf","OAES_006.basePlot.bet","D11","OAES","OAES_006","S","distributed","grasslandHerbaceous",35.420259,-99.048669,"WGS84",20.1,516.4,0.2,"2016-06-15","2016-06-29","OAES.2016.26",14,"Y","OAES_006.S.20160629","Ok","Ok","Ok","NEON.DOC.014050vH","aXs/ZRwW+FWhGXenomdsT5DtktFsPUur",
"6d5dd763-ea38-4e5c-94d5-95509bfc1bb0","OAES_002.basePlot.bet","D11","OAES","OAES_002","S","distributed","grasslandHerbaceous",35.419716,-99.052304,"WGS84",20.1,521.6,0.1,"2016-06-15","2016-06-29","OAES.2016.26",14,"Y","OAES_002.S.20160629","Ok","Ok","Ok","NEON.DOC.014050vH","aXs/ZRwW+FWhGXenomdsT5DtktFsPUur",
"a82414b7-cada-4c85-bddd-60c7be03c89e","OAES_006.basePlot.bet","D11","OAES","OAES_006","W","distributed","grasslandHerbaceous",35.420259,-99.048669,"WGS84",20.1,516.4,0.2,"2016-06-15","2016-06-29","OAES.2016.26",14,"Y","OAES_006.W.20160629","Ok","Ok","Low","NEON.DOC.014050vH","aXs/ZRwW+FWhGXenomdsT5DtktFsPUur",
"bc889b86-0d31-4f29-9d3e-3d1d054a0f10","OAES_009.basePlot.bet","D11","OAES","OAES_009","W","distributed","shrubScrub",35.420795,-99.050317,"WGS84",20.1,515.5,0.1,"2016-06-15","2016-06-29","OAES.2016.26",14,"Y","OAES_009.W.20160629","Ok","Ok","Ok","NEON.DOC.014050vH","aXs/ZRwW+FWhGXenomdsT5DtktFsPUur",
"682c2283-7dcb-4ab6-92e3-9f996ce477a3","OAES_007.basePlot.bet","D11","OAES","OAES_007","W","distributed","shrubScrub",35.419991,-99.057264,"WGS84",20.2,519.4,0.5,"2016-06-15","2016-06-29","OAES.2016.26",14,"Y","OAES_007.W.20160629","Ok","Ok","Ok","NEON.DOC.014050vH","aXs/ZRwW+FWhGXenomdsT5DtktFsPUur",
"26f67bd5-e5f6-4b11-bc29-0628343542ca","OAES_002.basePlot.bet","D11","OAES","OAES_002","W","distributed","grasslandHerbaceous",35.419716,-99.052304,"WGS84",20.1,521.6,0.1,"2016-06-15","2016-06-29","OAES.2016.26",14,"Y","OAES_002.W.20160629","Ok","Ok","Ok","NEON.DOC.014050vH","aXs/ZRwW+FWhGXenomdsT5DtktFsPUur",
"ee5f2bfa-6f5b-46a2-8cad-7ca2a7f980ad","OAES_021.basePlot.bet","D11","OAES","OAES_021","W","distributed","shrubScrub",35.411869,-99.074095,"WGS84",20.1,503.7,0.1,"2016-06-15","2016-06-29","OAES.2016.26",14,"Y","OAES_021.W.20160629","Ok","Ok","Ok","NEON.DOC.014050vH","aXs/ZRwW+FWhGXenomdsT5DtktFsPUur",
"930b473f-aaa2-4136-a1bf-4a62ea50982e","OAES_001.basePlot.bet","D11","OAES","OAES_001","W","distributed","grasslandHerbaceous",35.412699,-99.058259,"WGS84",20.1,515.1,0.1,"2016-06-15","2016-06-29","OAES.2016.26",14,"Y","OAES_001.W.20160629","Ok","Ok","Ok","NEON.DOC.014050vH","aXs/ZRwW+FWhGXenomdsT5DtktFsPUur",
"baa0f770-5ba6-4406-9f6e-b33c135aa250","OAES_004.basePlot.bet","D11","OAES","OAES_004","W","distributed","grasslandHerbaceous",35.412130,-99.085338,"WGS84",20.1,507.5,0.1,"2016-06-15","2016-06-29","OAES.2016.26",14,"Y","OAES_004.W.20160629","Ok","Ok","Ok","NEON.DOC.014050vH","aXs/ZRwW+FWhGXenomdsT5DtktFsPUur",
"7bf910ef-f9f4-40c4-bb75-202ee0c331be","OAES_005.basePlot.bet","D11","OAES","OAES_005","W","distributed","grasslandHerbaceous",35.404299,-99.080041,"WGS84",20.1,511.9,0.1,"2016-06-15","2016-06-29","OAES.2016.26",14,"Y","OAES_005.W.20160629","Ok","Ok","Ok","NEON.DOC.014050vH","aXs/ZRwW+FWhGXenomdsT5DtktFsPUur",
"92112f70-3871-44de-bc9d-1430c0613306","OAES_003.basePlot.bet","D11","OAES","OAES_003","W","distributed","grasslandHerbaceous",35.412139,-99.069792,"WGS84",20.1,510.5,0.1,"2016-06-15","2016-06-29","OAES.2016.26",14,"Y","OAES_003.W.20160629","Ok","Ok","Ok","NEON.DOC.014050vH","aXs/ZRwW+FWhGXenomdsT5DtktFsPUur",
"aec44e2f-64b2-43f0-a255-3232aa979a4d","OAES_008.basePlot.bet","D11","OAES","OAES_008","W","distributed","grasslandHerbaceous",35.395379,-99.063188,"WGS84",20.1,493.6,0.1,"2016-06-15","2016-06-29","OAES.2016.26",14,"Y","OAES_008.W.20160629","Ok","Ok","Ok","NEON.DOC.014050vH","aXs/ZRwW+FWhGXenomdsT5DtktFsPUur",
"9eb635c8-6459-40a5-82ec-731dec650bbf","OAES_003.basePlot.bet","D11","OAES","OAES_003","E","distributed","grasslandHerbaceous",35.412139,-99.069792,"WGS84",20.1,510.5,0.1,"2016-06-15","2016-06-29","OAES.2016.26",14,"Y","OAES_003.E.20160629","Ok","Ok","Ok","NEON.DOC.014050vH","aXs/ZRwW+FWhGXenomdsT5DtktFsPUur",
"bc6cb3bf-1b7e-46af-ac7f-f84fbeb0e684","OAES_006.basePlot.bet","D11","OAES","OAES_006","E","distributed","grasslandHerbaceous",35.420259,-99.048669,"WGS84",20.1,516.4,0.2,"2016-06-15","2016-06-29","OAES.2016.26",14,"Y","OAES_006.E.20160629","Ok","Ok","Low","NEON.DOC.014050vH","aXs/ZRwW+FWhGXenomdsT5DtktFsPUur","East trap filled to 250ml"
"df90bb04-3cbc-4e31-a1eb-b2e27e6568b1","OAES_008.basePlot.bet","D11","OAES","OAES_008","E","distributed","grasslandHerbaceous",35.395379,-99.063188,"WGS84",20.1,493.6,0.1,"2016-06-15","2016-06-29","OAES.2016.26",14,"Y","OAES_008.E.20160629","Ok","Ok","Ok","NEON.DOC.014050vH","aXs/ZRwW+FWhGXenomdsT5DtktFsPUur",
"37c64b22-2230-4f5e-815a-725e43d56539","OAES_004.basePlot.bet","D11","OAES","OAES_004","E","distributed","grasslandHerbaceous",35.412130,-99.085338,"WGS84",20.1,507.5,0.1,"2016-06-15","2016-06-29","OAES.2016.26",14,"Y","OAES_004.E.20160629","Ok","Ok","Ok","NEON.DOC.014050vH","aXs/ZRwW+FWhGXenomdsT5DtktFsPUur",
"5a8b1c91-dc04-4510-8ec1-9588956058a6","OAES_005.basePlot.bet","D11","OAES","OAES_005","E","distributed","grasslandHerbaceous",35.404299,-99.080041,"WGS84",20.1,511.9,0.1,"2016-06-15","2016-06-29","OAES.2016.26",14,"Y","OAES_005.E.20160629","Ok","Ok","Ok","NEON.DOC.014050vH","aXs/ZRwW+FWhGXenomdsT5DtktFsPUur",
"6c3a0cc0-8a7b-4f95-ae7b-0858310e170f","OAES_002.basePlot.bet","D11","OAES","OAES_002","E","distributed","grasslandHerbaceous",35.419716,-99.052304,"WGS84",20.1,521.6,0.1,"2016-06-15","2016-06-29","OAES.2016.26",14,"Y","OAES_002.E.20160629","Ok","Ok","Ok","NEON.DOC.014050vH","aXs/ZRwW+FWhGXenomdsT5DtktFsPUur",
"ca39eb9d-a56e-4528-abb1-bbc23af0c24e","OAES_001.basePlot.bet","D11","OAES","OAES_001","E","distributed","grasslandHerbaceous",35.412699,-99.058259,"WGS84",20.1,515.1,0.1,"2016-06-15","2016-06-29","OAES.2016.26",14,"Y","OAES_001.E.20160629","Ok","Ok","Ok","NEON.DOC.014050vH","aXs/ZRwW+FWhGXenomdsT5DtktFsPUur",
"ca815457-3f85-4609-91f7-f440adf829e9","OAES_021.basePlot.bet","D11","OAES","OAES_021","E","distributed","shrubScrub",35.411869,-99.074095,"WGS84",20.1,503.7,0.1,"2016-06-15","2016-06-29","OAES.2016.26",14,"Y","OAES_021.E.20160629","Ok","Ok","Ok","NEON.DOC.014050vH","aXs/ZRwW+FWhGXenomdsT5DtktFsPUur",
"776ba266-e7d3-4e53-9f90-53f17ccbed34","OAES_009.basePlot.bet","D11","OAES","OAES_009","E","distributed","shrubScrub",35.420795,-99.050317,"WGS84",20.1,515.5,0.1,"2016-06-15","2016-06-29","OAES.2016.26",14,"Y","OAES_009.E.20160629","Ok","Ok","Ok","NEON.DOC.014050vH","aXs/ZRwW+FWhGXenomdsT5DtktFsPUur",
"54c3ea10-36c8-42b2-ade3-a0f259e4755d","OAES_007.basePlot.bet","D11","OAES","OAES_007","E","distributed","shrubScrub",35.419991,-99.057264,"WGS84",20.2,519.4,0.5,"2016-06-15","2016-06-29","OAES.2016.26",14,"Y","OAES_007.E.20160629","Ok","Ok","Low","NEON.DOC.014050vH","aXs/ZRwW+FWhGXenomdsT5DtktFsPUur",
"4e4a38c1-b76a-49d1-9e8c-0ce16517a470","OAES_002.basePlot.bet","D11","OAES","OAES_002","N","distributed","grasslandHerbaceous",35.419716,-99.052304,"WGS84",20.1,521.6,0.1,"2016-06-15","2016-06-29","OAES.2016.26",14,"Y","OAES_002.N.20160629","Ok","Ok","Low","NEON.DOC.014050vH","aXs/ZRwW+FWhGXenomdsT5DtktFsPUur",
"feade576-35b6-42cf-82c4-2ec3e63e8d9a","OAES_005.basePlot.bet","D11","OAES","OAES_005","N","distributed","grasslandHerbaceous",35.404299,-99.080041,"WGS84",20.1,511.9,0.1,"2016-06-15","2016-06-29","OAES.2016.26",14,"Y","OAES_005.N.20160629","Ok","Ok","Ok","NEON.DOC.014050vH","aXs/ZRwW+FWhGXenomdsT5DtktFsPUur",
