uid,namedLocation,domainID,siteID,plotID,trapID,setDate,collectDate,processingDate,etOHChangeDate,identifiedDate,sampleID,subsampleID,sampleType,taxonID,scientificName,taxonRank,identificationQualifier,scientificNameAuthorship,morphospeciesID,individualCount,identificationReferences,identifiedBy,recordedBy,remarks
"7175e86e-04a6-4654-8d13-21a2c92994a2","UNDE_008.basePlot.bet","D05","UNDE","UNDE_008","E","2015-07-20","2015-08-03","2015-08-04","2015-08-18","2015-10-28","UNDE_008.E.20150803","MjA7sUqH2Ca0m+Es0SGwORArqb80u1NSsdZoDav7w2k=","carabid","PTECOR1","Pterostichus coracinus","species","cf. species","Newman",,1,"Lindroth, C. H. 1969. The ground-beetles (Carabidae, excl. Cicindelinae) of Canada and Alaska, parts 1-6. Opuscula E. Entomoligiska Sallskapet.","Syw2LXB/pj+fmGCuwdgBGVryVUmYhw3g","gv1RuG2ijYOiQdbqqg4qu+pKtrSPX1oD","pinned. Could be PTENOV"
"162b11a8-ef98-44e0-ba0a-c4beea2e0e47","UNDE_011.basePlot.bet","D05","UNDE","UNDE_011","E","2015-07-20","2015-08-03","2015-08-04","2015-08-17","2015-09-30","UNDE_011.E.20150803","0Ya1AWR2lPiVqJfHQh+4u0rER3gKf5PKrdyFXEq3zsQ=","carabid","PTECOR1","Pterostichus coracinus","species","cf. species","Newman",,5,"Lindroth, C. H. 1969. The ground-beetles (Carabidae, excl. Cicindelinae) of Canada and Alaska, parts 1-6. Opuscula E. Entomoligiska Sallskapet.","Syw2LXB/pj+fmGCuwdgBGVryVUmYhw3g","gv1RuG2ijYOiQdbqqg4qu+pKtrSPX1oD","all pinned. Could be PTENOV"
"71e2e93b-a6b6-439e-9b75-30354ee536c3","UNDE_001.basePlot.bet","D05","UNDE","UNDE_001","E","2015-07-20","2015-08-03","2015-08-04","2015-08-18","2015-09-29","UNDE_001.E.20150803","kh3xmoTmJnCUw/P0Ua+hOadOqqzIm7Ha8orphS1ZlYk=","carabid","PTECOR1","Pterostichus coracinus","species","cf. species","Newman",,2,"Lindroth, C. H. 1969. The ground-beetles (Carabidae, excl. Cicindelinae) of Canada and Alaska, parts 1-6. Opuscula E. Entomoligiska Sallskapet.","Syw2LXB/pj+fmGCuwdgBGVryVUmYhw3g","jl5ueYXmA2S8wOJE6I37zW0D24VQO1U4","Could be PTENOV. Both pinned."
"2378b26f-af1c-489d-895e-a54b758df607","UNDE_012.basePlot.bet","D05","UNDE","UNDE_012","E","2015-07-20","2015-08-03","2015-08-04","2015-08-17",,"UNDE_012.E.20150803","+v0vuVmyR4Af2uvP6M5Ld1cN3dnE+17LOwKPTQY3E0o=","invert bycatch",,,,,,,,,,"gv1RuG2ijYOiQdbqqg4qu+pKtrSPX1oD",
"cada83ac-304b-488b-950e-e3f2f0ea5b30","UNDE_006.basePlot.bet","D05","UNDE","UNDE_006","E","2015-07-20","2015-08-03","2015-08-04","2015-08-17","2015-10-28","UNDE_006.E.20150803","izIYmtFoQUjYvdCG/eJV1xvVZwr4kjHNP1NspFE82UA=","carabid","PTEMEL","Pterostichus melanarius melanarius","subspecies",,"Illiger",,1,"Lindroth, C. H. 1969. The ground-beetles (Carabidae, excl. Cicindelinae) of Canada and Alaska, parts 1-6. Opuscula E. Entomoligiska Sallskapet.","Syw2LXB/pj+fmGCuwdgBGVryVUmYhw3g","sNWmFOzJI5k0heJ/hgLOpehrR5IinP1+","pinned"
"5acfa460-6e6b-4b3f-bc8a-8845ba86c304","UNDE_006.basePlot.bet","D05","UNDE","UNDE_006","E","2015-07-20","2015-08-03","2015-08-04","2015-08-17",,"UNDE_006.E.20150803","izIYmtFoQUjYvdCG/eJV1wpox1gQsL5MY21Ncjq3GE8=","invert bycatch",,,,,,,,,,"sNWmFOzJI5k0heJ/hgLOpehrR5IinP1+",
"3cda7a3f-04a4-40cc-828a-8eb17a7bc131","UNDE_002.basePlot.bet","D05","UNDE","UNDE_002","E","2015-07-20","2015-08-03","2015-08-04","2015-08-17",,"UNDE_002.E.20150803","JrVNSI+TG1Jd4e6ZdTANOekczJDC6E5/LZvuEPyolOU=","invert bycatch",,,,,,,,,,"gv1RuG2ijYOiQdbqqg4qu+pKtrSPX1oD",
"c2998a50-b8f8-4a16-be04-71726361913d","UNDE_008.basePlot.bet","D05","UNDE","UNDE_008","E","2015-07-20","2015-08-03","2015-08-04","2015-08-18",,"UNDE_008.E.20150803","MjA7sUqH2Ca0m+Es0SGwOTxHsnZu+tMZSIGVT7809YE=","invert bycatch",,,,,,,,,,"gv1RuG2ijYOiQdbqqg4qu+pKtrSPX1oD",
"1acf33f4-8c03-4104-ad5c-ad6514626022","UNDE_011.basePlot.bet","D05","UNDE","UNDE_011","E","2015-07-20","2015-08-03","2015-08-04","2015-08-17","2015-09-30","UNDE_011.E.20150803","0Ya1AWR2lPiVqJfHQh+4u6A/OitR/CAtXn6REW5nR14=","carabid","SYNIMP","Synuchus impunctatus","species",,"Say",,5,"Lindroth, C. H. 1969. The ground-beetles (Carabidae, excl. Cicindelinae) of Canada and Alaska, parts 1-6. Opuscula E. Entomoligiska Sallskapet.","Syw2LXB/pj+fmGCuwdgBGVryVUmYhw3g","gv1RuG2ijYOiQdbqqg4qu+pKtrSPX1oD","all pinned"
"329037bd-3c67-442d-ad33-cae0395eecc4","UNDE_011.basePlot.bet","D05","UNDE","UNDE_011","E","2015-07-20","2015-08-03","2015-08-04","2015-08-17",,"UNDE_011.E.20150803","0Ya1AWR2lPiVqJfHQh+4u0k1HgJkkTjtYdPLN/QuWJI=","invert bycatch",,,,,,,,,,"gv1RuG2ijYOiQdbqqg4qu+pKtrSPX1oD",
"ffb12e70-d294-4198-818d-72c783f11ba7","UNDE_001.basePlot.bet","D05","UNDE","UNDE_001","E","2015-07-20","2015-08-03","2015-08-04","2015-08-18","2015-09-29","UNDE_001.E.20150803","kh3xmoTmJnCUw/P0Ua+hOStOHnLltwChE4yb+UezR6k=","carabid","SYNIMP","Synuchus impunctatus","species",,"Say",,1,"Lindroth, C. H. 1969. The ground-beetles (Carabidae, excl. Cicindelinae) of Canada and Alaska, parts 1-6. Opuscula E. Entomoligiska Sallskapet.","Syw2LXB/pj+fmGCuwdgBGVryVUmYhw3g","jl5ueYXmA2S8wOJE6I37zW0D24VQO1U4","pinned"
"5e350ddc-cecc-45b6-b89d-dd52a7fe634a","UNDE_017.basePlot.bet","D05","UNDE","UNDE_017","E","2015-07-20","2015-08-03","2015-08-04","2015-08-17",,"UNDE_017.E.20150803","xHY1KmNCr21DrRJn5PYxf3jceNxh9DTVwGqpRfnhytM=","invert bycatch",,,,,,,,,,"gv1RuG2ijYOiQdbqqg4qu+pKtrSPX1oD",
"c5cfeac6-3784-417e-9eea-051e6590616e","UNDE_003.basePlot.bet","D05","UNDE","UNDE_003","E","2015-07-20","2015-08-03","2015-08-04","2015-08-18",,"UNDE_003.E.20150803","UKgrtiGQYSCWfxHTjKN1/EBSssQ9lTPf2fzt7eEYieA=","invert bycatch",,,,,,,,,,"sNWmFOzJI5k0heJ/hgLOpehrR5IinP1+",
"a1037635-6772-4942-8f5d-75b7f04ecd24","UNDE_007.basePlot.bet","D05","UNDE","UNDE_007","E","2015-07-20","2015-08-03","2015-08-04","2015-08-18","2015-10-28","UNDE_007.E.20150803","sj+sxzQpSGBowuXeQO717Bk9xaEbRZHC/Uec3NrZ+cw=","carabid","PTEMEL","Pterostichus melanarius melanarius","subspecies",,"Illiger",,1,"Lindroth, C. H. 1969. The ground-beetles (Carabidae, excl. Cicindelinae) of Canada and Alaska, parts 1-6. Opuscula E. Entomoligiska Sallskapet.","Syw2LXB/pj+fmGCuwdgBGVryVUmYhw3g","gv1RuG2ijYOiQdbqqg4qu+pKtrSPX1oD","pooled with PTEMEL from south trap."
"e6defeb1-e1f7-4b74-bdd1-14056582727f","UNDE_007.basePlot.bet","D05","UNDE","UNDE_007","E","2015-07-20","2015-08-03","2015-08-04","2015-08-18","2015-10-28","UNDE_007.E.20150803","sj+sxzQpSGBowuXeQO717BJRgBszPF9nVA7cL8f+ic0=","carabid","SYNIMP","Synuchus impunctatus","species",,"Say",,3,"Lindroth, C. H. 1969. The ground-beetles (Carabidae, excl. Cicindelinae) of Canada and Alaska, parts 1-6. Opuscula E. Entomoligiska Sallskapet.","Syw2LXB/pj+fmGCuwdgBGVryVUmYhw3g","gv1RuG2ijYOiQdbqqg4qu+pKtrSPX1oD","pooled with SYNIMP from north and south traps"
"696d3de5-06ac-409f-bb1a-4ff8df1b70de","UNDE_007.basePlot.bet","D05","UNDE","UNDE_007","N","2015-07-20","2015-08-03","2015-08-04","2015-08-18",,"UNDE_007.N.20150803","sj+sxzQpSGChK6h/mW6WHnFlx9XElM3wem6qJdxpz6s=","invert bycatch",,,,,,,,,,"gv1RuG2ijYOiQdbqqg4qu+pKtrSPX1oD",
"d49a67db-894e-43dc-ad8a-a152dab0a873","UNDE_007.basePlot.bet","D05","UNDE","UNDE_007","N","2015-07-20","2015-08-03","2015-08-04","2015-08-18","2015-10-28","UNDE_007.N.20150803","sj+sxzQpSGChK6h/mW6WHpEDO02qS+z7Y+3MLOhdYIc=","carabid","SYNIMP","Synuchus impunctatus","species",,"Say",,3,"Lindroth, C. H. 1969. The ground-beetles (Carabidae, excl. Cicindelinae) of Canada and Alaska, parts 1-6. Opuscula E. Entomoligiska Sallskapet.","Syw2LXB/pj+fmGCuwdgBGVryVUmYhw3g","gv1RuG2ijYOiQdbqqg4qu+pKtrSPX1oD","Pooled with SYNIMP from south and east traps."
"9270acf9-557f-4286-80b2-71761d39a7cb","UNDE_003.basePlot.bet","D05","UNDE","UNDE_003","N","2015-07-20","2015-08-03","2015-08-04","2015-08-18","2015-10-01","UNDE_003.N.20150803","UKgrtiGQYSDE7Wv8PWCVB4HEF00kC0fRTbEy5Wdwbm0=","carabid","AGOGRA","Agonum gratiosum","species","cf. species","Mannerheim",,1,"Lindroth, C. H. 1969. The ground-beetles (Carabidae, excl. Cicindelinae) of Canada and Alaska, parts 1-6. Opuscula E. Entomoligiska Sallskapet.","Syw2LXB/pj+fmGCuwdgBGVryVUmYhw3g","sNWmFOzJI5k0heJ/hgLOpehrR5IinP1+","has strange protrusions from punctures on antennae, pronotum, and elytra. Fungus? pinned."
"100f2c58-498b-462a-a185-84115b86391d","UNDE_017.basePlot.bet","D05","UNDE","UNDE_017","N","2015-07-20","2015-08-03","2015-08-04","2015-08-17",,"UNDE_017.N.20150803","xHY1KmNCr23nhIQ3WiWhMODuEKGf1IvV+j8qLbVrnxQ=","invert bycatch",,,,,,,,,,"gv1RuG2ijYOiQdbqqg4qu+pKtrSPX1oD",
"5e2402a9-8ff1-4482-9548-d4f6e85cb342","UNDE_017.basePlot.bet","D05","UNDE","UNDE_017","N","2015-07-20","2015-08-03","2015-08-04","2015-08-17","2015-09-30","UNDE_017.N.20150803","xHY1KmNCr23nhIQ3WiWhMBg3owbAjM8TjlaURWHWQTs=","carabid","PTECOR1","Pterostichus coracinus","species","cf. species","Newman",,3,"Lindroth, C. H. 1969. The ground-beetles (Carabidae, excl. Cicindelinae) of Canada and Alaska, parts 1-6. Opuscula E. Entomoligiska Sallskapet.","Syw2LXB/pj+fmGCuwdgBGVryVUmYhw3g","gv1RuG2ijYOiQdbqqg4qu+pKtrSPX1oD","all pinned. Could be PTENOV"
"62a651a2-b084-4b27-bac1-b383fbd3dad2","UNDE_017.basePlot.bet","D05","UNDE","UNDE_017","N","2015-07-20","2015-08-03","2015-08-04","2015-08-17","2015-09-30","UNDE_017.N.20150803","xHY1KmNCr23nhIQ3WiWhMP16Ns5j9Szg7Tnuc2R+Lt8=","carabid","CARNEM","Carabus nemoralis nemoralis","subspecies",,"Mueller",,1,"Lindroth, C. H. 1969. The ground-beetles (Carabidae, excl. Cicindelinae) of Canada and Alaska, parts 1-6. Opuscula E. Entomoligiska Sallskapet.","Syw2LXB/pj+fmGCuwdgBGVryVUmYhw3g","gv1RuG2ijYOiQdbqqg4qu+pKtrSPX1oD",
"a7c28270-fc7c-4406-913e-3a1275fdf897","UNDE_011.basePlot.bet","D05","UNDE","UNDE_011","N","2015-07-20","2015-08-03","2015-08-04","2015-08-17",,"UNDE_011.N.20150803","0Ya1AWR2lPjLjN29ViQVJvYiG0ItuxGpG+dK3+Sok8I=","invert bycatch",,,,,,,,,,"gv1RuG2ijYOiQdbqqg4qu+pKtrSPX1oD",
"9684ccee-bc81-4c5d-a9b1-c217fba59b62","UNDE_001.basePlot.bet","D05","UNDE","UNDE_001","N","2015-07-20","2015-08-03","2015-08-04","2015-08-18","2015-09-29","UNDE_001.N.20150803","kh3xmoTmJnDEdDDgC6O3Vk9Wielg4QhbpzgSsrm9v9w=","carabid","CYMCRI","Cymindis cribricollis","species",,"Dejean",,3,"Lindroth, C. H. 1969. The ground-beetles (Carabidae, excl. Cicindelinae) of Canada and Alaska, parts 1-6. Opuscula E. Entomoligiska Sallskapet.","Syw2LXB/pj+fmGCuwdgBGVryVUmYhw3g","jl5ueYXmA2S8wOJE6I37zW0D24VQO1U4","all pinned"
"80e9bb74-69a0-4b63-9c1d-8577fb7e6a34","UNDE_001.basePlot.bet","D05","UNDE","UNDE_001","N","2015-07-20","2015-08-03","2015-08-04","2015-08-18","2015-09-29","UNDE_001.N.20150803","kh3xmoTmJnDEdDDgC6O3VtdOQ3pONAYVPyV7dEVyG7k=","carabid","PTEPEN","Pterostichus pensylvanicus","species","cf. species","LeConte",,1,"Lindroth, C. H. 1969. The ground-beetles (Carabidae, excl. Cicindelinae) of Canada and Alaska, parts 1-6. Opuscula E. Entomoligiska Sallskapet.","Syw2LXB/pj+fmGCuwdgBGVryVUmYhw3g","jl5ueYXmA2S8wOJE6I37zW0D24VQO1U4","pinned"
"f0a7e8c6-16fe-44a7-a61f-3133378760b4","UNDE_006.basePlot.bet","D05","UNDE","UNDE_006","N","2015-07-20","2015-08-03","2015-08-04","2015-08-17","2015-10-28","UNDE_006.N.20150803","izIYmtFoQUjEi58UfW/1UarSsEJrjTC8dfewOvuI7Iw=","carabid","PTEMEL","Pterostichus melanarius melanarius","subspecies",,"Illiger",,7,"Lindroth, C. H. 1969. The ground-beetles (Carabidae, excl. Cicindelinae) of Canada and Alaska, parts 1-6. Opuscula E. Entomoligiska Sallskapet.","Syw2LXB/pj+fmGCuwdgBGVryVUmYhw3g","sNWmFOzJI5k0heJ/hgLOpehrR5IinP1+",
"b7e87d6a-da58-47e0-a795-0fe91ce6e3b7","UNDE_002.basePlot.bet","D05","UNDE","UNDE_002","N","2015-07-20","2015-08-03","2015-08-04","2015-08-17",,"UNDE_002.N.20150803","JrVNSI+TG1I7C2NLoJZz+RNXSHPvwnHFfyxhULubNUc=","invert bycatch",,,,,,,,,,"gv1RuG2ijYOiQdbqqg4qu+pKtrSPX1oD",
"7968b104-8765-4c33-b64d-ce0b6f8cc568","UNDE_008.basePlot.bet","D05","UNDE","UNDE_008","N","2015-07-20","2015-08-03","2015-08-04","2015-08-18","2015-10-28","UNDE_008.N.20150803","MjA7sUqH2CaY31Dt12fKCDiVGB+0Dis5J+PyjosOd8I=","carabid","SYNIMP","Synuchus impunctatus","species",,"Say",,4,"Lindroth, C. H. 1969. The ground-beetles (Carabidae, excl. Cicindelinae) of Canada and Alaska, parts 1-6. Opuscula E. Entomoligiska Sallskapet.","Syw2LXB/pj+fmGCuwdgBGVryVUmYhw3g","gv1RuG2ijYOiQdbqqg4qu+pKtrSPX1oD","all pinned"
"83bb2922-b8cd-410a-914b-9ef855047262","UNDE_008.basePlot.bet","D05","UNDE","UNDE_008","N","2015-07-20","2015-08-03","2015-08-04","2015-08-18","2015-10-28","UNDE_008.N.20150803","MjA7sUqH2CaY31Dt12fKCNUCpSO1TCUzRmE4pZiQMtw=","carabid","PTECOR1","Pterostichus coracinus","species","cf. species","Newman",,1,"Lindroth, C. H. 1969. The ground-beetles (Carabidae, excl. Cicindelinae) of Canada and Alaska, parts 1-6. Opuscula E. Entomoligiska Sallskapet.","Syw2LXB/pj+fmGCuwdgBGVryVUmYhw3g","gv1RuG2ijYOiQdbqqg4qu+pKtrSPX1oD","pinned. Could be PTENOV"
"09d5c55f-cbb0-47b6-8556-5e7066bf67d9","UNDE_008.basePlot.bet","D05","UNDE","UNDE_008","N","2015-07-20","2015-08-03","2015-08-04","2015-08-18",,"UNDE_008.N.20150803","MjA7sUqH2CaY31Dt12fKCLlL5MEJiSoIm1r4DN5mHKQ=","invert bycatch",,,,,,,,,,"gv1RuG2ijYOiQdbqqg4qu+pKtrSPX1oD",
"70f9c944-094d-4cdc-9a6b-8e8a7d9a6013","UNDE_012.basePlot.bet","D05","UNDE","UNDE_012","N","2015-07-20","2015-08-03","2015-08-04","2015-08-17",,"UNDE_012.N.20150803","+v0vuVmyR4CM34zYFTT88Pr8gTFsCg7nog6t/28bp3M=","invert bycatch",,,,,,,,,,"gv1RuG2ijYOiQdbqqg4qu+pKtrSPX1oD",
"4cc49889-b45e-4ccf-8c39-38490ffc22dd","UNDE_006.basePlot.bet","D05","UNDE","UNDE_006","N","2015-07-20","2015-08-03","2015-08-04","2015-08-17","2015-10-28","UNDE_006.N.20150803","izIYmtFoQUjEi58UfW/1UZiYgtYK1A8Ocp3HvuQ+GS0=","carabid","SYNIMP","Synuchus impunctatus","species",,"Say",,1,"Lindroth, C. H. 1969. The ground-beetles (Carabidae, excl. Cicindelinae) of Canada and Alaska, parts 1-6. Opuscula E. Entomoligiska Sallskapet.","Syw2LXB/pj+fmGCuwdgBGVryVUmYhw3g","sNWmFOzJI5k0heJ/hgLOpehrR5IinP1+","pinned"
"9f9f0094-1d48-482f-a6e3-3b4e66ef410e","UNDE_006.basePlot.bet","D05","UNDE","UNDE_006","N","2015-07-20","2015-08-03","2015-08-04","2015-08-17",,"UNDE_006.N.20150803","izIYmtFoQUjEi58UfW/1UXwNrXSS2DygW5zxPsMctA4=","invert bycatch",,,,,,,,,,"sNWmFOzJI5k0heJ/hgLOpehrR5IinP1+",
"2e0dcc60-29f3-45d5-9fef-a54f61dcbf06","UNDE_010.basePlot.bet","D05","UNDE","UNDE_010","N","2015-07-20","2015-08-03","2015-08-04","2015-08-19","2015-09-28","UNDE_010.N.20150803","hQDJ3TYDfoxCoxtjFHMyZ5oA0rJJIs5GXqAWCOFbBAk=","carabid","PTEPEN","Pterostichus pensylvanicus","species","cf. species","LeConte",,1,"Lindroth, C. H. 1969. The ground-beetles (Carabidae, excl. Cicindelinae) of Canada and Alaska, parts 1-6. Opuscula E. Entomoligiska Sallskapet.","XZoPj1u9UmznO7Lakic/e+h3MMLMvbQt","gv1RuG2ijYOiQdbqqg4qu+pKtrSPX1oD","pinned"
"625cd757-8068-43a4-8347-9b51ca2b16cb","UNDE_007.basePlot.bet","D05","UNDE","UNDE_007","N","2015-07-20","2015-08-03","2015-08-04","2015-08-18","2015-10-28","UNDE_007.N.20150803","sj+sxzQpSGChK6h/mW6WHgUN2+iqMmnwcq1UWAWOmKY=","carabid","PTEMEL","Pterostichus melanarius melanarius","subspecies",,"Illiger",,1,"Lindroth, C. H. 1969. The ground-beetles (Carabidae, excl. Cicindelinae) of Canada and Alaska, parts 1-6. Opuscula E. Entomoligiska Sallskapet.","Syw2LXB/pj+fmGCuwdgBGVryVUmYhw3g","gv1RuG2ijYOiQdbqqg4qu+pKtrSPX1oD","pinned"
"dfdc3b49-c2a5-4515-9974-ed384b5d3d85","UNDE_017.basePlot.bet","D05","UNDE","UNDE_017","N","2015-07-20","2015-08-03","2015-08-04","2015-08-17","2015-09-30","UNDE_017.N.20150803","xHY1KmNCr23nhIQ3WiWhMCGeUw4GjTPHV0Q7VxMwALs=","carabid","PTEMEL","Pterostichus melanarius melanarius","subspecies",,"Illiger",,1,"Lindroth, C. H. 1969. The ground-beetles (Carabidae, excl. Cicindelinae) of Canada and Alaska, parts 1-6. Opuscula E. Entomoligiska Sallskapet.","Syw2LXB/pj+fmGCuwdgBGVryVUmYhw3g","gv1RuG2ijYOiQdbqqg4qu+pKtrSPX1oD","pinned"
"e871070d-ca77-4771-9568-85fe1276d7d6","UNDE_010.basePlot.bet","D05","UNDE","UNDE_010","N","2015-07-20","2015-08-03","2015-08-04","2015-08-19",,"UNDE_010.N.20150803","hQDJ3TYDfoxCoxtjFHMyZ5n/DT7Mxxi9w4mjY4zKZHs=","invert bycatch",,,,,,,,,,"gv1RuG2ijYOiQdbqqg4qu+pKtrSPX1oD",
"f1d2a440-1edf-4169-babd-a58cdee2a035","UNDE_001.basePlot.bet","D05","UNDE","UNDE_001","N","2015-07-20","2015-08-03","2015-08-04","2015-08-18","2015-09-29","UNDE_001.N.20150803","kh3xmoTmJnDEdDDgC6O3VrgwwjFVIS8FcbuxYRODgkM=","carabid","SYNIMP","Synuchus impunctatus","species",,"Say",,6,"Lindroth, C. H. 1969. The ground-beetles (Carabidae, excl. Cicindelinae) of Canada and Alaska, parts 1-6. Opuscula E. Entomoligiska Sallskapet.","Syw2LXB/pj+fmGCuwdgBGVryVUmYhw3g","jl5ueYXmA2S8wOJE6I37zW0D24VQO1U4","all pinned"
"84daad63-d6f9-4eac-b160-a1642b172561","UNDE_003.basePlot.bet","D05","UNDE","UNDE_003","N","2015-07-20","2015-08-03","2015-08-04","2015-08-18",,"UNDE_003.N.20150803","UKgrtiGQYSDE7Wv8PWCVBxTvDtn7pP7M7uLQ3/SGzYE=","invert bycatch",,,,,,,,,,"sNWmFOzJI5k0heJ/hgLOpehrR5IinP1+",
"1e5542f4-5efc-41d2-8297-ee4aea003ba2","UNDE_010.basePlot.bet","D05","UNDE","UNDE_010","S","2015-07-20","2015-08-03","2015-08-04","2015-08-19",,"UNDE_010.S.20150803","hQDJ3TYDfowchf80HEbqrMyK3Ov5IBI8onEZmJFfnw0=","invert bycatch",,,,,,,,,,"gv1RuG2ijYOiQdbqqg4qu+pKtrSPX1oD",
"a18db2d2-05df-4e11-9797-254aefc73705","UNDE_010.basePlot.bet","D05","UNDE","UNDE_010","S","2015-07-20","2015-08-03","2015-08-04","2015-08-19","2015-09-25","UNDE_010.S.20150803","hQDJ3TYDfowchf80HEbqrJAyydGlzzlA83WefSA8XII=","carabid","PTEMEL","Pterostichus melanarius melanarius","subspecies",,"Illiger",,1,"Lindroth, C. H. 1969. The ground-beetles (Carabidae, excl. Cicindelinae) of Canada and Alaska, parts 1-6. Opuscula E. Entomoligiska Sallskapet.","XZoPj1u9UmznO7Lakic/e+h3MMLMvbQt","gv1RuG2ijYOiQdbqqg4qu+pKtrSPX1oD","pinned"
"d97289fc-d697-46c6-b915-963371625a01","UNDE_010.basePlot.bet","D05","UNDE","UNDE_010","S","2015-07-20","2015-08-03","2015-08-04","2015-08-19","2015-09-25","UNDE_010.S.20150803","hQDJ3TYDfowchf80HEbqrGfcEShalPep7Un54uExoKo=","carabid","SYNIMP","Synuchus impunctatus","species",,"Say",,1,"Lindroth, C. H. 1969. The ground-beetles (Carabidae, excl. Cicindelinae) of Canada and Alaska, parts 1-6. Opuscula E. Entomoligiska Sallskapet.","Syw2LXB/pj+fmGCuwdgBGVryVUmYhw3g","gv1RuG2ijYOiQdbqqg4qu+pKtrSPX1oD","pinned"
"74a37ed0-2bed-4699-96d3-f225b3652479","UNDE_007.basePlot.bet","D05","UNDE","UNDE_007","S","2015-07-20","2015-08-03","2015-08-04","2015-08-18","2015-10-28","UNDE_007.S.20150803","sj+sxzQpSGAJvREnLoEniiHgtAYTS/p9TXk8ZL9a7no=","carabid","PTEMEL","Pterostichus melanarius melanarius","subspecies",,"Illiger",,13,"Lindroth, C. H. 1969. The ground-beetles (Carabidae, excl. Cicindelinae) of Canada and Alaska, parts 1-6. Opuscula E. Entomoligiska Sallskapet.","Syw2LXB/pj+fmGCuwdgBGVryVUmYhw3g","gv1RuG2ijYOiQdbqqg4qu+pKtrSPX1oD","pooled with PTEMEL from east trap"
"c409b9eb-d02e-411f-b224-847a06d19893","UNDE_007.basePlot.bet","D05","UNDE","UNDE_007","S","2015-07-20","2015-08-03","2015-08-04","2015-08-18",,"UNDE_007.S.20150803","sj+sxzQpSGAJvREnLoEnikWO9YekKsrodur9KT1tGCA=","invert bycatch",,,,,,,,,,"gv1RuG2ijYOiQdbqqg4qu+pKtrSPX1oD",
"b064e13e-93c2-44e7-8a10-040f140822dd","UNDE_010.basePlot.bet","D05","UNDE","UNDE_010","S","2015-07-20","2015-08-03","2015-08-04","2015-08-19","2015-09-25","UNDE_010.S.20150803","hQDJ3TYDfowchf80HEbqrBWFlfEJWq6LAl+2uH0vIho=","carabid","CYMCRI","Cymindis cribricollis","species",,"Dejean",,1,"Lindroth, C. H. 1969. The ground-beetles (Carabidae, excl. Cicindelinae) of Canada and Alaska, parts 1-6. Opuscula E. Entomoligiska Sallskapet.","Syw2LXB/pj+fmGCuwdgBGVryVUmYhw3g","gv1RuG2ijYOiQdbqqg4qu+pKtrSPX1oD","pinned"
"d4376922-1989-47e4-a9da-b8f158c9ead3","UNDE_007.basePlot.bet","D05","UNDE","UNDE_007","S","2015-07-20","2015-08-03","2015-08-04","2015-08-18","2015-10-28","UNDE_007.S.20150803","sj+sxzQpSGAJvREnLoEnisnCSjlwm+uDfmR9F/u/E/U=","carabid","SYNIMP","Synuchus impunctatus","species",,"Say",,4,"Lindroth, C. H. 1969. The ground-beetles (Carabidae, excl. Cicindelinae) of Canada and Alaska, parts 1-6. Opuscula E. Entomoligiska Sallskapet.","Syw2LXB/pj+fmGCuwdgBGVryVUmYhw3g","gv1RuG2ijYOiQdbqqg4qu+pKtrSPX1oD","pooled with SYNIMP from North and East traps."
"96ee8ea8-3871-4199-9bc0-1fd11723cc04","UNDE_007.basePlot.bet","D05","UNDE","UNDE_007","S","2015-07-20","2015-08-03","2015-08-04","2015-08-18","2015-10-28","UNDE_007.S.20150803","sj+sxzQpSGAJvREnLoEniq1GkWBbLr9m5MnzI6wDYjE=","carabid","PTECOR1","Pterostichus coracinus","species","cf. species","Newman",,1,"Lindroth, C. H. 1969. The ground-beetles (Carabidae, excl. Cicindelinae) of Canada and Alaska, parts 1-6. Opuscula E. Entomoligiska Sallskapet.","Syw2LXB/pj+fmGCuwdgBGVryVUmYhw3g","gv1RuG2ijYOiQdbqqg4qu+pKtrSPX1oD","pinned. Prothorax widest above middle but only 1 stiff setae on each terminal segment, could be PTEREL"
"b667af31-67ca-4e37-8b9a-733c4ee08bf1","UNDE_003.basePlot.bet","D05","UNDE","UNDE_003","S","2015-07-20","2015-08-03","2015-08-04","2015-08-18",,"UNDE_003.S.20150803","UKgrtiGQYSD93KL4taUQ/9jAgLWP8xutGTEUdv8hnDI=","invert bycatch",,,,,,,,,,"sNWmFOzJI5k0heJ/hgLOpehrR5IinP1+",
"7478a313-0d32-4106-b2ac-6cbc47fb9fe8","UNDE_017.basePlot.bet","D05","UNDE","UNDE_017","S","2015-07-20","2015-08-03","2015-08-04","2015-08-17","2015-09-30","UNDE_017.S.20150803","xHY1KmNCr2390iLeCQFtjhvkctumyNfKerz09V8PaqE=","carabid","PTEMEL","Pterostichus melanarius melanarius","subspecies",,"Illiger",,2,"Lindroth, C. H. 1969. The ground-beetles (Carabidae, excl. Cicindelinae) of Canada and Alaska, parts 1-6. Opuscula E. Entomoligiska Sallskapet.","Syw2LXB/pj+fmGCuwdgBGVryVUmYhw3g","gv1RuG2ijYOiQdbqqg4qu+pKtrSPX1oD",
"97922925-7366-4204-a7ea-899718e8dbd4","UNDE_017.basePlot.bet","D05","UNDE","UNDE_017","S","2015-07-20","2015-08-03","2015-08-04","2015-08-17","2015-09-30","UNDE_017.S.20150803","xHY1KmNCr2390iLeCQFtjqU4er1EnsHWE0SwpzbohOA=","carabid","SYNIMP","Synuchus impunctatus","species",,"Say",,2,"Lindroth, C. H. 1969. The ground-beetles (Carabidae, excl. Cicindelinae) of Canada and Alaska, parts 1-6. Opuscula E. Entomoligiska Sallskapet.","Syw2LXB/pj+fmGCuwdgBGVryVUmYhw3g","gv1RuG2ijYOiQdbqqg4qu+pKtrSPX1oD","both pinned"
"67345452-4d78-4867-be14-c3251ba24b33","UNDE_017.basePlot.bet","D05","UNDE","UNDE_017","S","2015-07-20","2015-08-03","2015-08-04","2015-08-17","2015-09-30","UNDE_017.S.20150803","xHY1KmNCr2390iLeCQFtjgx5YARkQIMkWsVJkOmTJ5k=","carabid","PTECOR1","Pterostichus coracinus","species","cf. species","Newman",,1,"Lindroth, C. H. 1969. The ground-beetles (Carabidae, excl. Cicindelinae) of Canada and Alaska, parts 1-6. Opuscula E. Entomoligiska Sallskapet.","Syw2LXB/pj+fmGCuwdgBGVryVUmYhw3g","gv1RuG2ijYOiQdbqqg4qu+pKtrSPX1oD","pinned. Could be PTENOV"
"7f1f136e-8847-4047-8db5-7a9991dd3029","UNDE_001.basePlot.bet","D05","UNDE","UNDE_001","S","2015-07-20","2015-08-03","2015-08-04","2015-08-18","2015-09-29","UNDE_001.S.20150803","kh3xmoTmJnBOmO2jgFxxyYwdLf00T0O+vNcuOn3kEI4=","carabid","PTECOR1","Pterostichus coracinus","species","cf. species","Newman",,1,"Lindroth, C. H. 1969. The ground-beetles (Carabidae, excl. Cicindelinae) of Canada and Alaska, parts 1-6. Opuscula E. Entomoligiska Sallskapet.","Syw2LXB/pj+fmGCuwdgBGVryVUmYhw3g","jl5ueYXmA2S8wOJE6I37zW0D24VQO1U4","could be PTENOV. pinned"
"716ae5fa-dc0c-49d1-ba77-1827f106d09e","UNDE_017.basePlot.bet","D05","UNDE","UNDE_017","S","2015-07-20","2015-08-03","2015-08-04","2015-08-17",,"UNDE_017.S.20150803","xHY1KmNCr2390iLeCQFtjjFC5Tpk9f47sPs58u65ElI=","invert bycatch",,,,,,,,,,"gv1RuG2ijYOiQdbqqg4qu+pKtrSPX1oD",
"33f2a38c-8515-4ee2-8263-2f203342aa7a","UNDE_006.basePlot.bet","D05","UNDE","UNDE_006","S","2015-07-20","2015-08-03","2015-08-04","2015-08-17",,"UNDE_006.S.20150803","izIYmtFoQUincgda/qaeEkXsxmodHyE1Vxhm3MfYMoQ=","invert bycatch",,,,,,,,,,"sNWmFOzJI5k0heJ/hgLOpehrR5IinP1+",
"a05d7b2b-0072-42da-8427-a062a9f73cc0","UNDE_002.basePlot.bet","D05","UNDE","UNDE_002","S","2015-07-20","2015-08-03","2015-08-04","2015-08-17",,"UNDE_002.S.20150803","JrVNSI+TG1KjDnRGwybwsJzb12kcS+9K8T7Vfo9OTl8=","invert bycatch",,,,,,,,,,"gv1RuG2ijYOiQdbqqg4qu+pKtrSPX1oD",
"acaa9e27-40ae-40e8-b9ce-6975b6de7ae5","UNDE_008.basePlot.bet","D05","UNDE","UNDE_008","S","2015-07-20","2015-08-03","2015-08-04","2015-08-18",,"UNDE_008.S.20150803","MjA7sUqH2CbTzc7rq9n5rqFEouX7AVFMDbOZo00r/DE=","invert bycatch",,,,,,,,,,"gv1RuG2ijYOiQdbqqg4qu+pKtrSPX1oD",
"bb7c12f6-cf49-4fc2-ba94-abeea74968c9","UNDE_006.basePlot.bet","D05","UNDE","UNDE_006","S","2015-07-20","2015-08-03","2015-08-04","2015-08-17","2015-10-28","UNDE_006.S.20150803","izIYmtFoQUincgda/qaeEk5ueazZlG7aMye7lYhS+Qo=","carabid","PTEMEL","Pterostichus melanarius melanarius","subspecies",,"Illiger",,7,"Lindroth, C. H. 1969. The ground-beetles (Carabidae, excl. Cicindelinae) of Canada and Alaska, parts 1-6. Opuscula E. Entomoligiska Sallskapet.","Syw2LXB/pj+fmGCuwdgBGVryVUmYhw3g","sNWmFOzJI5k0heJ/hgLOpehrR5IinP1+","all pinned"
"8799a867-f8c2-4e0f-a58d-7da30d364c35","UNDE_012.basePlot.bet","D05","UNDE","UNDE_012","S","2015-07-20","2015-08-03","2015-08-04","2015-08-17","2015-10-28","UNDE_012.S.20150803","+v0vuVmyR4CIkd7rDYGbTx+HAJFpObYkEXNjXqqBdaQ=","carabid","PTEMEL","Pterostichus melanarius melanarius","subspecies",,"Illiger",,3,"Lindroth, C. H. 1969. The ground-beetles (Carabidae, excl. Cicindelinae) of Canada and Alaska, parts 1-6. Opuscula E. Entomoligiska Sallskapet.","Syw2LXB/pj+fmGCuwdgBGVryVUmYhw3g","gv1RuG2ijYOiQdbqqg4qu+pKtrSPX1oD",
"1e5514ac-f356-4679-a9f0-4f29b8803a1f","UNDE_012.basePlot.bet","D05","UNDE","UNDE_012","S","2015-07-20","2015-08-03","2015-08-04","2015-08-17",,"UNDE_012.S.20150803","+v0vuVmyR4CIkd7rDYGbT141W1cRY0BBcLpf8wlqfqs=","invert bycatch",,,,,,,,,,"gv1RuG2ijYOiQdbqqg4qu+pKtrSPX1oD",
"6bbdc5c9-e65a-40c7-96af-48a5d6e6d0dd","UNDE_011.basePlot.bet","D05","UNDE","UNDE_011","S","2015-07-20","2015-08-03","2015-08-04","2015-08-17",,"UNDE_011.S.20150803","0Ya1AWR2lPjOH9slevD5lCw9msXOerg4nL2EyQlvGhU=","invert bycatch",,,,,,,,,,"gv1RuG2ijYOiQdbqqg4qu+pKtrSPX1oD",
"fc8cd271-aa8e-42c3-85c8-91039dfe9106","UNDE_006.basePlot.bet","D05","UNDE","UNDE_006","S","2015-07-20","2015-08-03","2015-08-04","2015-08-17","2015-10-28","UNDE_006.S.20150803","izIYmtFoQUincgda/qaeEr2UbCyfVcZUH8ycdQ3JI6A=","carabid","SYNIMP","Synuchus impunctatus","species",,"Say",,1,"Lindroth, C. H. 1969. The ground-beetles (Carabidae, excl. Cicindelinae) of Canada and Alaska, parts 1-6. Opuscula E. Entomoligiska Sallskapet.","Syw2LXB/pj+fmGCuwdgBGVryVUmYhw3g","sNWmFOzJI5k0heJ/hgLOpehrR5IinP1+","pinned"
"b8a86f95-511f-426d-8cc6-514120716127","UNDE_008.basePlot.bet","D05","UNDE","UNDE_008","S","2015-07-20","2015-08-03","2015-08-04","2015-08-18","2015-10-28","UNDE_008.S.20150803","MjA7sUqH2CbTzc7rq9n5rva8ikBp7VZQCMOS8ERfE/8=","carabid","PTECOR1","Pterostichus coracinus","species","cf. species","Newman",,1,"Lindroth, C. H. 1969. The ground-beetles (Carabidae, excl. Cicindelinae) of Canada and Alaska, parts 1-6. Opuscula E. Entomoligiska Sallskapet.","Syw2LXB/pj+fmGCuwdgBGVryVUmYhw3g","gv1RuG2ijYOiQdbqqg4qu+pKtrSPX1oD","pinned. Could be PTENOV"
"3b53dbae-d722-477f-b4be-f1f4ce51287e","UNDE_011.basePlot.bet","D05","UNDE","UNDE_011","W","2015-07-20","2015-08-03","2015-08-04","2015-08-17","2015-10-01","UNDE_011.W.20150803","0Ya1AWR2lPhXpWIOgzgwG5vnkXuG2SovOEtWAWAC+Js=","carabid","PTECOR1","Pterostichus coracinus","species","cf. species","Newman",,1,"Lindroth, C. H. 1969. The ground-beetles (Carabidae, excl. Cicindelinae) of Canada and Alaska, parts 1-6. Opuscula E. Entomoligiska Sallskapet.","Syw2LXB/pj+fmGCuwdgBGVryVUmYhw3g","gv1RuG2ijYOiQdbqqg4qu+pKtrSPX1oD","pinned. Could be PTENOV"
"a01a2dcd-c1d9-4817-818d-dbe625b245c6","UNDE_011.basePlot.bet","D05","UNDE","UNDE_011","W","2015-07-20","2015-08-03","2015-08-04","2015-08-17","2015-10-01","UNDE_011.W.20150803","0Ya1AWR2lPhXpWIOgzgwG8dgIw9YlH7P6SKvjUPZ+5g=","carabid","SYNIMP","Synuchus impunctatus","species",,"Say",,1,"Lindroth, C. H. 1969. The ground-beetles (Carabidae, excl. Cicindelinae) of Canada and Alaska, parts 1-6. Opuscula E. Entomoligiska Sallskapet.","Syw2LXB/pj+fmGCuwdgBGVryVUmYhw3g","gv1RuG2ijYOiQdbqqg4qu+pKtrSPX1oD","pinned"
"492abe1f-a4ad-40cb-94d0-ad71618c6c25","UNDE_006.basePlot.bet","D05","UNDE","UNDE_006","W","2015-07-20","2015-08-03","2015-08-04","2015-08-17",,"UNDE_006.W.20150803","izIYmtFoQUiVOEIRqtIFZBxzp66PPShtdqJjub8g6Q0=","invert bycatch",,,,,,,,,,"sNWmFOzJI5k0heJ/hgLOpehrR5IinP1+",
"180e5d13-924c-469c-b59e-254cff8ca982","UNDE_012.basePlot.bet","D05","UNDE","UNDE_012","W","2015-07-20","2015-08-03","2015-08-04","2015-08-17",,"UNDE_012.W.20150803","+v0vuVmyR4D8BUMGCb9TBshhqc/uvoSwz6glyXBND9M=","invert bycatch",,,,,,,,,,"gv1RuG2ijYOiQdbqqg4qu+pKtrSPX1oD",
"32e35e87-1c98-4d8d-8d82-397740216a5e","UNDE_012.basePlot.bet","D05","UNDE","UNDE_012","W","2015-07-20","2015-08-03","2015-08-04","2015-08-17","2015-10-28","UNDE_012.W.20150803","+v0vuVmyR4D8BUMGCb9TBjKSxxn8MRUYMeckeE0DBUA=","carabid","SYNIMP","Synuchus impunctatus","species",,"Say",,1,"Lindroth, C. H. 1969. The ground-beetles (Carabidae, excl. Cicindelinae) of Canada and Alaska, parts 1-6. Opuscula E. Entomoligiska Sallskapet.","Syw2LXB/pj+fmGCuwdgBGVryVUmYhw3g","gv1RuG2ijYOiQdbqqg4qu+pKtrSPX1oD","pinned"
"c6aa7a59-cd04-42f0-96ef-fdc332e1b064","UNDE_007.basePlot.bet","D05","UNDE","UNDE_007","W","2015-07-20","2015-08-03","2015-08-04","2015-08-18","2015-10-28","UNDE_007.W.20150803","sj+sxzQpSGD1HzFiTYVmCqoYINtWcWHYiAcKRLzTcTY=","carabid","SYNIMP","Synuchus impunctatus","species",,"Say",,1,"Lindroth, C. H. 1969. The ground-beetles (Carabidae, excl. Cicindelinae) of Canada and Alaska, parts 1-6. Opuscula E. Entomoligiska Sallskapet.","Syw2LXB/pj+fmGCuwdgBGVryVUmYhw3g","gv1RuG2ijYOiQdbqqg4qu+pKtrSPX1oD","pinned"
"f0c522f7-8796-42d9-840e-2bc03ec29c6a","UNDE_003.basePlot.bet","D05","UNDE","UNDE_003","W","2015-07-20","2015-08-03","2015-08-04","2015-08-17",,"UNDE_003.W.20150803","UKgrtiGQYSCMMKqzs+IsfUxfM8QQjpsg9/y5qg1A3A4=","invert bycatch",,,,,,,,,,"sNWmFOzJI5k0heJ/hgLOpehrR5IinP1+",
"0d3bcc8c-257e-4157-b514-79f1ed776e1a","UNDE_017.basePlot.bet","D05","UNDE","UNDE_017","W","2015-07-20","2015-08-03","2015-08-04","2015-08-17",,"UNDE_017.W.20150803","xHY1KmNCr21/vfHrmPsO/RT+0aOEhMd6yttRh462yJw=","invert bycatch",,,,,,,,,,"gv1RuG2ijYOiQdbqqg4qu+pKtrSPX1oD",
"4568ed9a-1a4c-4bbc-8c94-df2fac4c2bae","UNDE_001.basePlot.bet","D05","UNDE","UNDE_001","W","2015-07-20","2015-08-03","2015-08-04","2015-08-18","2015-09-29","UNDE_001.W.20150803","kh3xmoTmJnDe9rFmDlBXbcB2nqbV3EhUUq5jWniLpEU=","carabid","SYNIMP","Synuchus impunctatus","species",,"Say",,1,"Lindroth, C. H. 1969. The ground-beetles (Carabidae, excl. Cicindelinae) of Canada and Alaska, parts 1-6. Opuscula E. Entomoligiska Sallskapet.","Syw2LXB/pj+fmGCuwdgBGVryVUmYhw3g","jl5ueYXmA2S8wOJE6I37zW0D24VQO1U4","pinned"
"59b60c90-0dd5-4c9a-bde3-9d97b325b545","UNDE_007.basePlot.bet","D05","UNDE","UNDE_007","W","2015-07-20","2015-08-03","2015-08-04","2015-08-18",,"UNDE_007.W.20150803","sj+sxzQpSGD1HzFiTYVmCrefqT3P32EDkY4pK81JhWI=","invert bycatch",,,,,,,,,,"gv1RuG2ijYOiQdbqqg4qu+pKtrSPX1oD",
"3fb41089-43f8-4508-b757-8f11fbc5993d","UNDE_007.basePlot.bet","D05","UNDE","UNDE_007","W","2015-07-20","2015-08-03","2015-08-04","2015-08-18","2015-10-28","UNDE_007.W.20150803","sj+sxzQpSGD1HzFiTYVmCn2i4rkMZva9KhysvH0w0ls=","carabid","PTEMEL","Pterostichus melanarius melanarius","subspecies",,"Illiger",,3,"Lindroth, C. H. 1969. The ground-beetles (Carabidae, excl. Cicindelinae) of Canada and Alaska, parts 1-6. Opuscula E. Entomoligiska Sallskapet.","Syw2LXB/pj+fmGCuwdgBGVryVUmYhw3g","gv1RuG2ijYOiQdbqqg4qu+pKtrSPX1oD","all pinned"
"b5fc6f73-91a5-48a8-a32c-8aaab547e4b1","UNDE_007.basePlot.bet","D05","UNDE","UNDE_007","W","2015-07-20","2015-08-03","2015-08-04","2015-08-18","2015-10-28","UNDE_007.W.20150803","sj+sxzQpSGD1HzFiTYVmCk5YqMFhrNzSjhIEbFO+Hhk=","carabid","PTECOR1","Pterostichus coracinus","species","cf. species","Newman",,1,"Lindroth, C. H. 1969. The ground-beetles (Carabidae, excl. Cicindelinae) of Canada and Alaska, parts 1-6. Opuscula E. Entomoligiska Sallskapet.","Syw2LXB/pj+fmGCuwdgBGVryVUmYhw3g","gv1RuG2ijYOiQdbqqg4qu+pKtrSPX1oD","could be PTENOV. pinned"
"c8f7a0b1-94e6-4a55-975b-603df76188e8","UNDE_006.basePlot.bet","D05","UNDE","UNDE_006","W","2015-07-20","2015-08-03","2015-08-04","2015-08-17","2015-10-28","UNDE_006.W.20150803","izIYmtFoQUiVOEIRqtIFZGdLvXgD1bvcMsu6wa4DVNA=","carabid","SYNIMP","Synuchus impunctatus","species",,"Say",,1,"Lindroth, C. H. 1969. The ground-beetles (Carabidae, excl. Cicindelinae) of Canada and Alaska, parts 1-6. Opuscula E. Entomoligiska Sallskapet.","Syw2LXB/pj+fmGCuwdgBGVryVUmYhw3g","sNWmFOzJI5k0heJ/hgLOpehrR5IinP1+",
"acd4bb39-628d-4a14-b58f-04dcdd6061b7","UNDE_003.basePlot.bet","D05","UNDE","UNDE_003","W","2015-07-20","2015-08-03","2015-08-04","2015-08-18","2015-10-01","UNDE_003.W.20150803","UKgrtiGQYSCMMKqzs+IsfcK5ix/t0vjmfGXLpWNKfFQ=","carabid","SYNIMP","Synuchus impunctatus","species",,"Say",,1,"Lindroth, C. H. 1969. The ground-beetles (Carabidae, excl. Cicindelinae) of Canada and Alaska, parts 1-6. Opuscula E. Entomoligiska Sallskapet.","Syw2LXB/pj+fmGCuwdgBGVryVUmYhw3g","sNWmFOzJI5k0heJ/hgLOpehrR5IinP1+","pinned"
"d93f6d56-580c-4db6-be38-1ab29ac4746d","UNDE_008.basePlot.bet","D05","UNDE","UNDE_008","W","2015-07-20","2015-08-03","2015-08-04","2015-08-18",,"UNDE_008.W.20150803","MjA7sUqH2Cau71Ud/qCQ7Bgqy018ks1AiRbscZ/hb7Y=","invert bycatch",,,,,,,,,,"gv1RuG2ijYOiQdbqqg4qu+pKtrSPX1oD",
"76bf19f7-6d88-44af-9a64-344a54298b64","UNDE_011.basePlot.bet","D05","UNDE","UNDE_011","W","2015-07-20","2015-08-03","2015-08-04","2015-08-17",,"UNDE_011.W.20150803","0Ya1AWR2lPhXpWIOgzgwG5fjtBX7S6ewbp+7CAzPHLA=","invert bycatch",,,,,,,,,,"gv1RuG2ijYOiQdbqqg4qu+pKtrSPX1oD",
"35cee24b-05e1-4c01-8ca7-41385441322d","UNDE_002.basePlot.bet","D05","UNDE","UNDE_002","W","2015-07-20","2015-08-03","2015-08-04","2015-08-17",,"UNDE_002.W.20150803","JrVNSI+TG1IR5eAVg3TRTeg9uOh7XPqYoNisIfS8qSU=","invert bycatch",,,,,,,,,,"gv1RuG2ijYOiQdbqqg4qu+pKtrSPX1oD",
"20de966a-02ac-4dce-b1c6-553c24cf4f5d","UNDE_010.basePlot.bet","D05","UNDE","UNDE_010","E","2015-07-20","2015-08-03","2015-08-04","2015-08-19",,"UNDE_010.E.20150803","hQDJ3TYDfoyUj4OsEBOXm5ZYfusDTj2svBiOAv6lXHg=","invert bycatch",,,,,,,,,,"gv1RuG2ijYOiQdbqqg4qu+pKtrSPX1oD",
"70037c96-4242-482c-8408-3325d2e28465","UNDE_010.basePlot.bet","D05","UNDE","UNDE_010","E","2015-07-20","2015-08-03","2015-08-04","2015-08-19","2015-09-25","UNDE_010.E.20150803","hQDJ3TYDfoyUj4OsEBOXmzitZZ0wwDCy3UOUwNefs5Q=","carabid","PTEMEL","Pterostichus melanarius melanarius","subspecies",,"Illiger",,2,"Lindroth, C. H. 1969. The ground-beetles (Carabidae, excl. Cicindelinae) of Canada and Alaska, parts 1-6. Opuscula E. Entomoligiska Sallskapet.","XZoPj1u9UmznO7Lakic/e+h3MMLMvbQt","gv1RuG2ijYOiQdbqqg4qu+pKtrSPX1oD","both pinned"
"fd530623-443e-4605-a7f5-087efb2d1abc","UNDE_010.basePlot.bet","D05","UNDE","UNDE_010","E","2015-07-20","2015-08-03","2015-08-04","2015-08-19","2015-09-25","UNDE_010.E.20150803","hQDJ3TYDfoyUj4OsEBOXm+6QPgh6S/ISFYjI9ICQxGI=","carabid","SYNIMP","Synuchus impunctatus","species",,"Say",,3,"Lindroth, C. H. 1969. The ground-beetles (Carabidae, excl. Cicindelinae) of Canada and Alaska, parts 1-6. Opuscula E. Entomoligiska Sallskapet.","Syw2LXB/pj+fmGCuwdgBGVryVUmYhw3g","gv1RuG2ijYOiQdbqqg4qu+pKtrSPX1oD","all pinned."
"13017ff0-3896-4f49-9fa0-6994d19e3cb1","UNDE_001.basePlot.bet","D05","UNDE","UNDE_001","E","2015-07-20","2015-08-03","2015-08-04","2015-08-18",,"UNDE_001.E.20150803","kh3xmoTmJnCUw/P0Ua+hOQEX4R0MQLodRZyvwu6VIaY=","invert bycatch",,,,,,,,,,"jl5ueYXmA2S8wOJE6I37zW0D24VQO1U4",
"5780159c-6579-4beb-82a8-38da3cdc138e","UNDE_017.basePlot.bet","D05","UNDE","UNDE_017","E","2015-07-20","2015-08-03","2015-08-04","2015-08-17","2015-10-01","UNDE_017.E.20150803","xHY1KmNCr21DrRJn5PYxfzXBKPepvTe24RgpLaW9lc8=","carabid","PTECOR1","Pterostichus coracinus","species","cf. species","Newman",,1,"Lindroth, C. H. 1969. The ground-beetles (Carabidae, excl. Cicindelinae) of Canada and Alaska, parts 1-6. Opuscula E. Entomoligiska Sallskapet.","Syw2LXB/pj+fmGCuwdgBGVryVUmYhw3g","gv1RuG2ijYOiQdbqqg4qu+pKtrSPX1oD","pinned. Could be PTENOV"
"237db9e0-9154-4e6c-bc2e-c451bfe4a3f3","UNDE_017.basePlot.bet","D05","UNDE","UNDE_017","E","2015-07-20","2015-08-03","2015-08-04","2015-08-17","2015-10-01","UNDE_017.E.20150803","xHY1KmNCr21DrRJn5PYxf0sM/00BLjWWh/zYn/WDocY=","carabid","SYNIMP","Synuchus impunctatus","species",,"Say",,2,"Lindroth, C. H. 1969. The ground-beetles (Carabidae, excl. Cicindelinae) of Canada and Alaska, parts 1-6. Opuscula E. Entomoligiska Sallskapet.","Syw2LXB/pj+fmGCuwdgBGVryVUmYhw3g","gv1RuG2ijYOiQdbqqg4qu+pKtrSPX1oD","both pinned."
"f8e9b3c0-3048-403a-9ab1-325a4b6d37c4","UNDE_007.basePlot.bet","D05","UNDE","UNDE_007","E","2015-07-20","2015-08-03","2015-08-04","2015-08-18",,"UNDE_007.E.20150803","sj+sxzQpSGBowuXeQO717CCA34qZ/tnzFS4laAk8vj0=","invert bycatch",,,,,,,,,,"gv1RuG2ijYOiQdbqqg4qu+pKtrSPX1oD",
"4747cf55-5ad5-49ed-8adb-aae5ced48479","UNDE_012.basePlot.bet","D05","UNDE","UNDE_012","S","2015-08-03","2015-08-17","2015-08-18","2015-08-19","2015-10-01","UNDE_012.S.20150817","+v0vuVmyR4CIkd7rDYGbT4ljAcpbTRtVWRSsxNn+rI4=","carabid","PTEMEL","Pterostichus melanarius melanarius","subspecies",,"Illiger",,2,"Lindroth, C. H. 1969. The ground-beetles (Carabidae, excl. Cicindelinae) of Canada and Alaska, parts 1-6. Opuscula E. Entomoligiska Sallskapet.","Syw2LXB/pj+fmGCuwdgBGVryVUmYhw3g","gv1RuG2ijYOiQdbqqg4qu+pKtrSPX1oD","pinned."
"ac14ab0e-154e-4c27-8e69-39dba63b300b","UNDE_006.basePlot.bet","D05","UNDE","UNDE_006","S","2015-08-03","2015-08-17","2015-08-18","2015-08-19","2015-09-25","UNDE_006.S.20150817","izIYmtFoQUincgda/qaeEmupQFLWlh6hV6y7kP2pW0Q=","carabid","SYNIMP","Synuchus impunctatus","species",,"Say",,1,"Lindroth, C. H. 1969. The ground-beetles (Carabidae, excl. Cicindelinae) of Canada and Alaska, parts 1-6. Opuscula E. Entomoligiska Sallskapet.","Syw2LXB/pj+fmGCuwdgBGVryVUmYhw3g","gv1RuG2ijYOiQdbqqg4qu+pKtrSPX1oD","pinned"
"d0b4baf1-1c72-4843-98ae-db0f06cca8cc","UNDE_006.basePlot.bet","D05","UNDE","UNDE_006","S","2015-08-03","2015-08-17","2015-08-18","2015-08-19",,"UNDE_006.S.20150817","izIYmtFoQUincgda/qaeEunfqbfpxtzLAIGZHaQoenk=","invert bycatch",,,,,,,,,,"gv1RuG2ijYOiQdbqqg4qu+pKtrSPX1oD",
"46114d78-9d24-4be8-a9af-4583ea5bd4a3","UNDE_012.basePlot.bet","D05","UNDE","UNDE_012","S","2015-08-03","2015-08-17","2015-08-18","2015-08-19",,"UNDE_012.S.20150817","+v0vuVmyR4CIkd7rDYGbT+ATwHOtPh+9psD2/fI81A4=","invert bycatch",,,,,,,,,,"gv1RuG2ijYOiQdbqqg4qu+pKtrSPX1oD",
"efd4cc8a-24e5-47f4-b819-fbb35741301e","UNDE_008.basePlot.bet","D05","UNDE","UNDE_008","S","2015-08-03","2015-08-17","2015-08-18","2015-08-19",,"UNDE_008.S.20150817","MjA7sUqH2CbTzc7rq9n5rmMhJ2dnNieVqgsxMo69Ya8=","invert bycatch",,,,,,,,,,"gv1RuG2ijYOiQdbqqg4qu+pKtrSPX1oD",
"4b65133f-69d4-4a22-9e5e-6d962eaf413e","UNDE_002.basePlot.bet","D05","UNDE","UNDE_002","S","2015-08-03","2015-08-17","2015-08-18","2015-08-19",,"UNDE_002.S.20150817","JrVNSI+TG1KjDnRGwybwsN/HoTgTICoDiCvX0kYtrEc=","invert bycatch",,,,,,,,,,"sNWmFOzJI5k0heJ/hgLOpehrR5IinP1+",
"ee6448e1-a260-405d-8db5-f91baa80ba59","UNDE_011.basePlot.bet","D05","UNDE","UNDE_011","S","2015-08-03","2015-08-17","2015-08-18","2015-08-19",,"UNDE_011.S.20150817","0Ya1AWR2lPjOH9slevD5lI+MvP02JVJGj7AEZnSdRhw=","invert bycatch",,,,,,,,,,"gv1RuG2ijYOiQdbqqg4qu+pKtrSPX1oD",
"5872e847-3327-437f-9607-9c29a2486a17","UNDE_001.basePlot.bet","D05","UNDE","UNDE_001","S","2015-08-03","2015-08-17","2015-08-18","2015-08-18","2015-08-18","UNDE_001.S.20150817","kh3xmoTmJnBOmO2jgFxxyVTdza9hFsqr/ysaAkvy09c=","vert bycatch herp","LITSYL","Lithobates sylvaticus","species",,"LeConte",,1,"Harding, J.H. 1997. Amphibians and reptiles of the Great Lakes Region. University of Michigan Press, Ann Arbor, MI.","sNWmFOzJI5k0heJ/hgLOpehrR5IinP1+","sNWmFOzJI5k0heJ/hgLOpehrR5IinP1+",
"2214c1b8-879e-43ed-b031-904548653988","UNDE_001.basePlot.bet","D05","UNDE","UNDE_001","S","2015-08-03","2015-08-17","2015-08-18","2015-08-19",,"UNDE_001.S.20150817","kh3xmoTmJnBOmO2jgFxxyTn1m6o3z8ArZeuQ+ib5dcM=","invert bycatch",,,,,,,,,,"sNWmFOzJI5k0heJ/hgLOpehrR5IinP1+",
"1d25919e-9552-4fe9-b028-31d78241190a","UNDE_001.basePlot.bet","D05","UNDE","UNDE_001","S","2015-08-03","2015-08-17","2015-08-18","2015-08-19","2015-10-28","UNDE_001.S.20150817","kh3xmoTmJnBOmO2jgFxxyYLDoyDuXfbt4plbPKbSIcc=","carabid","PTECOR1","Pterostichus coracinus","species","cf. species","Newman",,2,"Lindroth, C. H. 1969. The ground-beetles (Carabidae, excl. Cicindelinae) of Canada and Alaska, parts 1-6. Opuscula E. Entomoligiska Sallskapet.","Syw2LXB/pj+fmGCuwdgBGVryVUmYhw3g","sNWmFOzJI5k0heJ/hgLOpehrR5IinP1+","both pinned. Species ID uncertain| one has a last tarsal segment with only one hair which is a characteristic of PTEREL but prothorax is widest above middle. Other looks like a PTECOR1 but could be PTENOV."
"af3875a9-1d43-49c0-8cb9-80a5f2064df5","UNDE_017.basePlot.bet","D05","UNDE","UNDE_017","S","2015-08-03","2015-08-17","2015-08-18","2015-08-19","2015-09-30","UNDE_017.S.20150817","xHY1KmNCr2390iLeCQFtjjI42bQ/B5FQuuPYu9tfebs=","carabid","PTECOR1","Pterostichus coracinus","species","cf. species","Newman",,2,"Lindroth, C. H. 1969. The ground-beetles (Carabidae, excl. Cicindelinae) of Canada and Alaska, parts 1-6. Opuscula E. Entomoligiska Sallskapet.","Syw2LXB/pj+fmGCuwdgBGVryVUmYhw3g","sNWmFOzJI5k0heJ/hgLOpehrR5IinP1+","pinned. Species ID uncertain| could be PTENOV"
"c3b81e64-72af-4203-8b9d-655c7322a887","UNDE_017.basePlot.bet","D05","UNDE","UNDE_017","S","2015-08-03","2015-08-17","2015-08-18","2015-08-19",,"UNDE_017.S.20150817","xHY1KmNCr2390iLeCQFtjvOFvfPRLxlT2cyyyoNdlu8=","invert bycatch",,,,,,,,,,"sNWmFOzJI5k0heJ/hgLOpehrR5IinP1+",
"9eb94545-9dfb-4029-8a43-25ab8d94c15b","UNDE_017.basePlot.bet","D05","UNDE","UNDE_017","S","2015-08-03","2015-08-17","2015-08-18","2015-08-19","2015-09-30","UNDE_017.S.20150817","xHY1KmNCr2390iLeCQFtjtaF3qLuPQLoNGdlxHi49E8=","carabid","CARNEM","Carabus nemoralis nemoralis","subspecies",,"Mueller",,1,"Evans, A. V. 2014. Beetles of Eastern North America. 1st Ed. Princeton University Press, Princeton, NJ.","Syw2LXB/pj+fmGCuwdgBGVryVUmYhw3g","sNWmFOzJI5k0heJ/hgLOpehrR5IinP1+","pinned"
"890ff47e-6c9a-419c-ac8b-e6a33d9ed60e","UNDE_007.basePlot.bet","D05","UNDE","UNDE_007","S","2015-08-03","2015-08-17","2015-08-18","2015-08-19",,"UNDE_007.S.20150817","sj+sxzQpSGAJvREnLoEnitMH/DAGHzhZTQ2nBKOCldI=","invert bycatch",,,,,,,,,,"gv1RuG2ijYOiQdbqqg4qu+pKtrSPX1oD",
"10337a77-d673-4f97-842f-dc00b02b314a","UNDE_007.basePlot.bet","D05","UNDE","UNDE_007","S","2015-08-03","2015-08-17","2015-08-18","2015-08-19","2015-10-28","UNDE_007.S.20150817","sj+sxzQpSGAJvREnLoEnipmiZ4DRBXM4NWIPMEDU490=","carabid","SYNIMP","Synuchus impunctatus","species",,"Say",,3,"Lindroth, C. H. 1969. The ground-beetles (Carabidae, excl. Cicindelinae) of Canada and Alaska, parts 1-6. Opuscula E. Entomoligiska Sallskapet.","Syw2LXB/pj+fmGCuwdgBGVryVUmYhw3g","gv1RuG2ijYOiQdbqqg4qu+pKtrSPX1oD","pooled with SYNIMP from E trap"
"75737dea-8113-4116-bec3-558541983032","UNDE_007.basePlot.bet","D05","UNDE","UNDE_007","S","2015-08-03","2015-08-17","2015-08-18","2015-08-19","2015-10-28","UNDE_007.S.20150817","sj+sxzQpSGAJvREnLoEnitfsca9vWagL/8DquF+Id1s=","carabid","CARNEM","Carabus nemoralis nemoralis","subspecies",,"Mueller",,1,"Lindroth, C. H. 1969. The ground-beetles (Carabidae, excl. Cicindelinae) of Canada and Alaska, parts 1-6. Opuscula E. Entomoligiska Sallskapet.","Syw2LXB/pj+fmGCuwdgBGVryVUmYhw3g","gv1RuG2ijYOiQdbqqg4qu+pKtrSPX1oD",
"d9d5427d-104f-4364-a4c6-792fe04b4c59","UNDE_007.basePlot.bet","D05","UNDE","UNDE_007","S","2015-08-03","2015-08-17","2015-08-18","2015-08-19","2015-10-28","UNDE_007.S.20150817","sj+sxzQpSGAJvREnLoEnilrksj5/1fA6NmOVzoN6EZY=","carabid","PTEMEL","Pterostichus melanarius melanarius","subspecies",,"Illiger",,2,"Lindroth, C. H. 1969. The ground-beetles (Carabidae, excl. Cicindelinae) of Canada and Alaska, parts 1-6. Opuscula E. Entomoligiska Sallskapet.","Syw2LXB/pj+fmGCuwdgBGVryVUmYhw3g","gv1RuG2ijYOiQdbqqg4qu+pKtrSPX1oD","pinned"
"777b7af3-15f9-4593-ad03-f08164a0a1c2","UNDE_003.basePlot.bet","D05","UNDE","UNDE_003","S","2015-08-03","2015-08-17","2015-08-18","2015-08-19",,"UNDE_003.S.20150817","UKgrtiGQYSD93KL4taUQ/yNnbnnmK1HntbjXgP21uA0=","invert bycatch",,,,,,,,,,"gv1RuG2ijYOiQdbqqg4qu+pKtrSPX1oD",
"91feb751-0663-40b1-b429-0bd457c3b914","UNDE_010.basePlot.bet","D05","UNDE","UNDE_010","S","2015-08-03","2015-08-17","2015-08-18","2015-08-19","2015-08-19","UNDE_010.S.20150817","hQDJ3TYDfowchf80HEbqrCcDrFu7rhMWERsi9irzxR0=","vert bycatch herp","LITSYL","Lithobates sylvaticus","species",,"LeConte",,1,"Harding, J.H. 1997. Amphibians and reptiles of the Great Lakes Region. University of Michigan Press, Ann Arbor, MI.","gv1RuG2ijYOiQdbqqg4qu+pKtrSPX1oD","gv1RuG2ijYOiQdbqqg4qu+pKtrSPX1oD",
"a177c1a5-e60f-4c63-9eb1-95c543587f4e","UNDE_010.basePlot.bet","D05","UNDE","UNDE_010","S","2015-08-03","2015-08-17","2015-08-18","2015-08-19",,"UNDE_010.S.20150817","hQDJ3TYDfowchf80HEbqrBjKJe74tqHoCEeGiqz1SG0=","invert bycatch",,,,,,,,,,"gv1RuG2ijYOiQdbqqg4qu+pKtrSPX1oD",
"8b7140be-d67f-4926-b57e-8253813417c5","UNDE_007.basePlot.bet","D05","UNDE","UNDE_007","W","2015-08-03","2015-08-17","2015-08-18","2015-08-19","2015-09-29","UNDE_007.W.20150817","sj+sxzQpSGD1HzFiTYVmCstJgOq7pgRQjwXAiNXaYVw=","carabid","PTEMEL","Pterostichus melanarius melanarius","subspecies",,"Illiger",,3,"Lindroth, C. H. 1969. The ground-beetles (Carabidae, excl. Cicindelinae) of Canada and Alaska, parts 1-6. Opuscula E. Entomoligiska Sallskapet.","Syw2LXB/pj+fmGCuwdgBGVryVUmYhw3g","gv1RuG2ijYOiQdbqqg4qu+pKtrSPX1oD","all pinned"
"7e85a84f-99bf-4ed5-ac74-2a595cabaaab","UNDE_017.basePlot.bet","D05","UNDE","UNDE_017","W","2015-08-03","2015-08-17","2015-08-18","2015-08-19",,"UNDE_017.W.20150817","xHY1KmNCr21/vfHrmPsO/R6Mu8grCUvHZsOgNnPGFLI=","invert bycatch",,,,,,,,,,"sNWmFOzJI5k0heJ/hgLOpehrR5IinP1+",
"61e50366-13c7-49a7-9161-b8ae6ff417ac","UNDE_007.basePlot.bet","D05","UNDE","UNDE_007","W","2015-08-03","2015-08-17","2015-08-18","2015-08-19",,"UNDE_007.W.20150817","sj+sxzQpSGD1HzFiTYVmCuB9UcHg7TdU7/t/D56W4c4=","invert bycatch",,,,,,,,,,"gv1RuG2ijYOiQdbqqg4qu+pKtrSPX1oD",
"e241fa47-4850-4a9e-8a80-6eaedcf834ea","UNDE_008.basePlot.bet","D05","UNDE","UNDE_008","W","2015-08-03","2015-08-17","2015-08-18","2015-08-19","2015-10-01","UNDE_008.W.20150817","MjA7sUqH2Cau71Ud/qCQ7J00WEF7XDsw2hrxNtrrqWU=","carabid","PTEMEL","Pterostichus melanarius melanarius","subspecies",,"Illiger",,3,"Lindroth, C. H. 1969. The ground-beetles (Carabidae, excl. Cicindelinae) of Canada and Alaska, parts 1-6. Opuscula E. Entomoligiska Sallskapet.","Syw2LXB/pj+fmGCuwdgBGVryVUmYhw3g","gv1RuG2ijYOiQdbqqg4qu+pKtrSPX1oD","1 pinned| 2 pooled with PTEMEL from north trap"
"2d2a0c5c-959d-409d-85df-c826439bc6d8","UNDE_008.basePlot.bet","D05","UNDE","UNDE_008","W","2015-08-03","2015-08-17","2015-08-18","2015-08-19","2015-10-01","UNDE_008.W.20150817","MjA7sUqH2Cau71Ud/qCQ7DfaeHIZq5+yysV26M1lcO0=","carabid","SYNIMP","Synuchus impunctatus","species",,"Say",,1,"Lindroth, C. H. 1969. The ground-beetles (Carabidae, excl. Cicindelinae) of Canada and Alaska, parts 1-6. Opuscula E. Entomoligiska Sallskapet.","Syw2LXB/pj+fmGCuwdgBGVryVUmYhw3g","gv1RuG2ijYOiQdbqqg4qu+pKtrSPX1oD","pinned"
"5a3606e7-105d-4794-8cd7-174cd804d8aa","UNDE_001.basePlot.bet","D05","UNDE","UNDE_001","W","2015-08-03","2015-08-17","2015-08-18","2015-08-18","2015-08-18","UNDE_001.W.20150817","kh3xmoTmJnDe9rFmDlBXbcD/Lke3ugn41vz0rl/adhA=","vert bycatch herp","AMBLAT","Ambystoma laterale","species",,"Hallowell",,1,"Harding, J.H. 1997. Amphibians and reptiles of the Great Lakes Region. University of Michigan Press, Ann Arbor, MI.","sNWmFOzJI5k0heJ/hgLOpehrR5IinP1+","sNWmFOzJI5k0heJ/hgLOpehrR5IinP1+",
"905726a2-bdd3-4ea0-a17e-06f41caa7807","UNDE_001.basePlot.bet","D05","UNDE","UNDE_001","W","2015-08-03","2015-08-17","2015-08-18","2015-08-19",,"UNDE_001.W.20150817","kh3xmoTmJnDe9rFmDlBXbWO8AwsFJwYMMw8PJ0gi9og=","invert bycatch",,,,,,,,,,"sNWmFOzJI5k0heJ/hgLOpehrR5IinP1+",
"f3bf887a-d621-46ce-80c6-bd82155070d0","UNDE_008.basePlot.bet","D05","UNDE","UNDE_008","W","2015-08-03","2015-08-17","2015-08-18","2015-08-19",,"UNDE_008.W.20150817","MjA7sUqH2Cau71Ud/qCQ7LS35lXxQ2DYYkLSGOXjgsc=","invert bycatch",,,,,,,,,,"gv1RuG2ijYOiQdbqqg4qu+pKtrSPX1oD",
"b0efa021-0755-40af-a790-808940a6213a","UNDE_012.basePlot.bet","D05","UNDE","UNDE_012","W","2015-08-03","2015-08-17","2015-08-18","2015-08-19","2015-10-01","UNDE_012.W.20150817","+v0vuVmyR4D8BUMGCb9TBqqswXcuUnPlrEse4TMA9VA=","carabid","PTEMEL","Pterostichus melanarius melanarius","subspecies",,"Illiger",,1,"Lindroth, C. H. 1969. The ground-beetles (Carabidae, excl. Cicindelinae) of Canada and Alaska, parts 1-6. Opuscula E. Entomoligiska Sallskapet.","Syw2LXB/pj+fmGCuwdgBGVryVUmYhw3g","gv1RuG2ijYOiQdbqqg4qu+pKtrSPX1oD","pinned"
"d5d8086c-7357-4e55-9e08-eadc995e665b","UNDE_012.basePlot.bet","D05","UNDE","UNDE_012","W","2015-08-03","2015-08-17","2015-08-18","2015-08-19",,"UNDE_012.W.20150817","+v0vuVmyR4D8BUMGCb9TBgCmoHfGav3Ihq6NecLNf9Y=","invert bycatch",,,,,,,,,,"gv1RuG2ijYOiQdbqqg4qu+pKtrSPX1oD",
"25fa78f3-17c1-4a46-987e-8eaba4d4ddfc","UNDE_002.basePlot.bet","D05","UNDE","UNDE_002","W","2015-08-03","2015-08-17","2015-08-18","2015-08-19",,"UNDE_002.W.20150817","JrVNSI+TG1IR5eAVg3TRTUOmUEeGiOoSNoiNgNLW13w=","invert bycatch",,,,,,,,,,"sNWmFOzJI5k0heJ/hgLOpehrR5IinP1+",
"951adbee-b54d-47d1-ab15-53c486e7cbc1","UNDE_017.basePlot.bet","D05","UNDE","UNDE_017","W","2015-08-03","2015-08-17","2015-08-18","2015-08-19","2015-10-01","UNDE_017.W.20150817","xHY1KmNCr21/vfHrmPsO/ZKReWSSwZPMnmGIB9xpavc=","carabid","SYNIMP","Synuchus impunctatus","species",,"Say",,1,"Lindroth, C. H. 1969. The ground-beetles (Carabidae, excl. Cicindelinae) of Canada and Alaska, parts 1-6. Opuscula E. Entomoligiska Sallskapet.","Syw2LXB/pj+fmGCuwdgBGVryVUmYhw3g","sNWmFOzJI5k0heJ/hgLOpehrR5IinP1+","pinned"
"817b0a67-859f-4473-bed0-7fc348eae484","UNDE_003.basePlot.bet","D05","UNDE","UNDE_003","W","2015-08-03","2015-08-17","2015-08-18","2015-08-19",,"UNDE_003.W.20150817","UKgrtiGQYSCMMKqzs+IsfQq4leZmpSCpyIGvkDsHqdQ=","invert bycatch",,,,,,,,,,"gv1RuG2ijYOiQdbqqg4qu+pKtrSPX1oD",
"9c4c6478-686d-48c6-9c7e-82a5819fbbe7","UNDE_011.basePlot.bet","D05","UNDE","UNDE_011","W","2015-08-03","2015-08-17","2015-08-18","2015-08-19",,"UNDE_011.W.20150817","0Ya1AWR2lPhXpWIOgzgwG/Sc65C2W3kFoeqrY9lmS9c=","invert bycatch",,,,,,,,,,"gv1RuG2ijYOiQdbqqg4qu+pKtrSPX1oD",
"881d3177-1630-4d4d-a82f-fd5de45bf785","UNDE_017.basePlot.bet","D05","UNDE","UNDE_017","W","2015-08-03","2015-08-17","2015-08-18","2015-08-19","2015-10-01","UNDE_017.W.20150817","xHY1KmNCr21/vfHrmPsO/SYpqEMWTSYN6TvoUTLERPk=","carabid","PTEMEL","Pterostichus melanarius melanarius","subspecies",,"Illiger",,2,"Lindroth, C. H. 1969. The ground-beetles (Carabidae, excl. Cicindelinae) of Canada and Alaska, parts 1-6. Opuscula E. Entomoligiska Sallskapet.","Syw2LXB/pj+fmGCuwdgBGVryVUmYhw3g","sNWmFOzJI5k0heJ/hgLOpehrR5IinP1+",
"c7c35e86-9d7c-41b2-a299-8ebdfdbff516","UNDE_001.basePlot.bet","D05","UNDE","UNDE_001","W","2015-08-03","2015-08-17","2015-08-18","2015-08-19","2015-10-28","UNDE_001.W.20150817","kh3xmoTmJnDe9rFmDlBXbXlnS3aKOer89Ddkg+DFPz0=","carabid","PTECOR1","Pterostichus coracinus","species","cf. species","Newman",,1,"Lindroth, C. H. 1969. The ground-beetles (Carabidae, excl. Cicindelinae) of Canada and Alaska, parts 1-6. Opuscula E. Entomoligiska Sallskapet.","Syw2LXB/pj+fmGCuwdgBGVryVUmYhw3g","sNWmFOzJI5k0heJ/hgLOpehrR5IinP1+","pinned. Could be PTENOV."
"87919dd4-944f-4760-8c6b-a0da46c5fac2","UNDE_008.basePlot.bet","D05","UNDE","UNDE_008","E","2015-08-03","2015-08-17","2015-08-18","2015-08-19","2015-10-01","UNDE_008.E.20150817","MjA7sUqH2Ca0m+Es0SGwOeYwoktjgZk3fwDKYlPL1XM=","carabid","CYMCRI","Cymindis cribricollis","species",,"Dejean",,1,"Lindroth, C. H. 1969. The ground-beetles (Carabidae, excl. Cicindelinae) of Canada and Alaska, parts 1-6. Opuscula E. Entomoligiska Sallskapet.","Syw2LXB/pj+fmGCuwdgBGVryVUmYhw3g","gv1RuG2ijYOiQdbqqg4qu+pKtrSPX1oD","pinned"
"b6cdd0bb-36f8-4f86-a957-f0e7939a3ab3","UNDE_008.basePlot.bet","D05","UNDE","UNDE_008","E","2015-08-03","2015-08-17","2015-08-18","2015-08-19","2015-10-01","UNDE_008.E.20150817","MjA7sUqH2Ca0m+Es0SGwOTbOhu28prAwmOho0Futc9s=","carabid","PTECOR1","Pterostichus coracinus","species","cf. species","Newman",,2,"Lindroth, C. H. 1969. The ground-beetles (Carabidae, excl. Cicindelinae) of Canada and Alaska, parts 1-6. Opuscula E. Entomoligiska Sallskapet.","Syw2LXB/pj+fmGCuwdgBGVryVUmYhw3g","gv1RuG2ijYOiQdbqqg4qu+pKtrSPX1oD","pinned. Could be PTENOV"
"f8cae354-eed0-4e95-8fe3-8853981c520f","UNDE_002.basePlot.bet","D05","UNDE","UNDE_002","E","2015-08-03","2015-08-17","2015-08-18","2015-08-19",,"UNDE_002.E.20150817","JrVNSI+TG1Jd4e6ZdTANOUHsNiLTV8uufZ3Uq3AsSkU=","invert bycatch",,,,,,,,,,"sNWmFOzJI5k0heJ/hgLOpehrR5IinP1+",
"8f5e1499-da03-47b7-86ee-f210dacc205e","UNDE_006.basePlot.bet","D05","UNDE","UNDE_006","E","2015-08-03","2015-08-17","2015-08-18","2015-08-19","2015-09-25","UNDE_006.E.20150817","izIYmtFoQUjYvdCG/eJV17IfPxZnAo7P+xmBah7V/UU=","carabid","HARPEN","Harpalus pensylvanicus","species",,"DeGeer",,1,"Lindroth, C. H. 1969. The ground-beetles (Carabidae, excl. Cicindelinae) of Canada and Alaska, parts 1-6. Opuscula E. Entomoligiska Sallskapet.","Syw2LXB/pj+fmGCuwdgBGVryVUmYhw3g","gv1RuG2ijYOiQdbqqg4qu+pKtrSPX1oD","pinned."
"b9c8f82a-f35e-419f-8f50-4fb6555f96a2","UNDE_012.basePlot.bet","D05","UNDE","UNDE_012","E","2015-08-03","2015-08-17","2015-08-18","2015-08-19",,"UNDE_012.E.20150817","+v0vuVmyR4Af2uvP6M5Ld36CAqeQyCW/dA/0cFH8Vwg=","invert bycatch",,,,,,,,,,"gv1RuG2ijYOiQdbqqg4qu+pKtrSPX1oD",
"739b42f7-cc15-48bd-a749-dfbf0defe103","UNDE_011.basePlot.bet","D05","UNDE","UNDE_011","E","2015-08-03","2015-08-17","2015-08-18","2015-08-19","2015-10-01","UNDE_011.E.20150817","0Ya1AWR2lPiVqJfHQh+4u7rwvGe3Wp83rimSfNSLtYI=","carabid","PTECOR1","Pterostichus coracinus","species","cf. species","Newman",,2,"Lindroth, C. H. 1969. The ground-beetles (Carabidae, excl. Cicindelinae) of Canada and Alaska, parts 1-6. Opuscula E. Entomoligiska Sallskapet.","Syw2LXB/pj+fmGCuwdgBGVryVUmYhw3g","gv1RuG2ijYOiQdbqqg4qu+pKtrSPX1oD","pinned. Species ID uncertain| could be PTENOV"
"6cb33c91-b1f5-4fa2-8869-9202f5d366a2","UNDE_008.basePlot.bet","D05","UNDE","UNDE_008","E","2015-08-03","2015-08-17","2015-08-18","2015-08-19",,"UNDE_008.E.20150817","MjA7sUqH2Ca0m+Es0SGwOcTunp2BZvJjuboXZBhZndc=","invert bycatch",,,,,,,,,,"gv1RuG2ijYOiQdbqqg4qu+pKtrSPX1oD",
"a747f24c-426f-47f1-97d1-21dc81a4c008","UNDE_008.basePlot.bet","D05","UNDE","UNDE_008","E","2015-08-03","2015-08-17","2015-08-18","2015-08-19","2015-10-01","UNDE_008.E.20150817","MjA7sUqH2Ca0m+Es0SGwOYQlBe2Z/jX3+j3WnBDyCA4=","carabid","SYNIMP","Synuchus impunctatus","species",,"Say",,1,"Lindroth, C. H. 1969. The ground-beetles (Carabidae, excl. Cicindelinae) of Canada and Alaska, parts 1-6. Opuscula E. Entomoligiska Sallskapet.","Syw2LXB/pj+fmGCuwdgBGVryVUmYhw3g","gv1RuG2ijYOiQdbqqg4qu+pKtrSPX1oD","pinned"
"00f6e063-2981-4894-86f8-43f84aa4d26d","UNDE_017.basePlot.bet","D05","UNDE","UNDE_017","E","2015-08-03","2015-08-17","2015-08-18","2015-08-19","2015-09-30","UNDE_017.E.20150817","xHY1KmNCr21DrRJn5PYxf5Lssb+fEP+APDE1LC1cgE4=","carabid","CARNEM","Carabus nemoralis nemoralis","subspecies",,"Mueller",,4,"Evans, A. V. 2014. Beetles of Eastern North America. 1st Ed. Princeton University Press, Princeton, NJ.","Syw2LXB/pj+fmGCuwdgBGVryVUmYhw3g","sNWmFOzJI5k0heJ/hgLOpehrR5IinP1+",
"30c0c5cc-b932-42f5-bd83-afffa2fbb586","UNDE_001.basePlot.bet","D05","UNDE","UNDE_001","E","2015-08-03","2015-08-17","2015-08-18","2015-08-19",,"UNDE_001.E.20150817","kh3xmoTmJnCUw/P0Ua+hOaA3lZrS2WBgdXTRnjkQxCs=","invert bycatch",,,,,,,,,,"sNWmFOzJI5k0heJ/hgLOpehrR5IinP1+",
"adc7cf10-8c1b-485a-a172-fd08d6051834","UNDE_011.basePlot.bet","D05","UNDE","UNDE_011","E","2015-08-03","2015-08-17","2015-08-18","2015-08-19",,"UNDE_011.E.20150817","0Ya1AWR2lPiVqJfHQh+4uwDrBhQllo4ftWBZs6TVLvY=","invert bycatch",,,,,,,,,,"gv1RuG2ijYOiQdbqqg4qu+pKtrSPX1oD",
"b379604e-38a3-4a55-8888-a72a1637d3be","UNDE_001.basePlot.bet","D05","UNDE","UNDE_001","E","2015-08-03","2015-08-17","2015-08-18","2015-08-19","2015-10-28","UNDE_001.E.20150817","kh3xmoTmJnCUw/P0Ua+hOfC/jgWKtgXBEjnrLDGJfzY=","carabid","PTECOR1","Pterostichus coracinus","species","cf. species","Newman",,1,"Lindroth, C. H. 1969. The ground-beetles (Carabidae, excl. Cicindelinae) of Canada and Alaska, parts 1-6. Opuscula E. Entomoligiska Sallskapet.","Syw2LXB/pj+fmGCuwdgBGVryVUmYhw3g","sNWmFOzJI5k0heJ/hgLOpehrR5IinP1+","pinned. Could be PTENOV."
"ac0b9cec-b479-4dec-b169-e604ed63d162","UNDE_010.basePlot.bet","D05","UNDE","UNDE_010","E","2015-08-03","2015-08-17","2015-08-18","2015-08-19",,"UNDE_010.E.20150817","hQDJ3TYDfoyUj4OsEBOXm2FdsSWeKs7z+U5h6siaP60=","invert bycatch",,,,,,,,,,"gv1RuG2ijYOiQdbqqg4qu+pKtrSPX1oD",
"4a8376db-47c9-4553-b909-5d03c852e0d5","UNDE_007.basePlot.bet","D05","UNDE","UNDE_007","E","2015-08-03","2015-08-17","2015-08-18","2015-08-19","2015-10-28","UNDE_007.E.20150817","sj+sxzQpSGBowuXeQO717P5JTR/3WS0cWre1flEA7bQ=","carabid","SYNIMP","Synuchus impunctatus","species",,"Say",,1,"Lindroth, C. H. 1969. The ground-beetles (Carabidae, excl. Cicindelinae) of Canada and Alaska, parts 1-6. Opuscula E. Entomoligiska Sallskapet.","Syw2LXB/pj+fmGCuwdgBGVryVUmYhw3g","gv1RuG2ijYOiQdbqqg4qu+pKtrSPX1oD","pooled with SYNIMP from S trap"
"af790d4b-0d67-4224-86e4-a06a044db3d4","UNDE_007.basePlot.bet","D05","UNDE","UNDE_007","E","2015-08-03","2015-08-17","2015-08-18","2015-08-19",,"UNDE_007.E.20150817","sj+sxzQpSGBowuXeQO717LyilPB/fqvwZQ326t7ADws=","invert bycatch",,,,,,,,,,"gv1RuG2ijYOiQdbqqg4qu+pKtrSPX1oD",
"1b3c0d40-722c-4297-82ad-126b09a490c1","UNDE_017.basePlot.bet","D05","UNDE","UNDE_017","E","2015-08-03","2015-08-17","2015-08-18","2015-08-19",,"UNDE_017.E.20150817","xHY1KmNCr21DrRJn5PYxf2GMGMPExVewCcfnw31/wgY=","invert bycatch",,,,,,,,,,"sNWmFOzJI5k0heJ/hgLOpehrR5IinP1+",
"42d89478-a779-4679-9de6-b046ce1ba3c9","UNDE_010.basePlot.bet","D05","UNDE","UNDE_010","N","2015-08-03","2015-08-17","2015-08-18","2015-08-19",,"UNDE_010.N.20150817","hQDJ3TYDfoxCoxtjFHMyZ2vGK14UK+56iC/xQ1DgHmw=","invert bycatch",,,,,,,,,,"gv1RuG2ijYOiQdbqqg4qu+pKtrSPX1oD",
"a808a779-2b5c-4a4f-b9da-746560da0302","UNDE_003.basePlot.bet","D05","UNDE","UNDE_003","N","2015-08-03","2015-08-17","2015-08-18","2015-08-19",,"UNDE_003.N.20150817","UKgrtiGQYSDE7Wv8PWCVB49jJPSEBthhH+hURbpT2K4=","invert bycatch",,,,,,,,,,"gv1RuG2ijYOiQdbqqg4qu+pKtrSPX1oD",
"65a12975-92c9-4ff4-96be-5b072bae170b","UNDE_007.basePlot.bet","D05","UNDE","UNDE_007","N","2015-08-03","2015-08-17","2015-08-18","2015-08-19",,"UNDE_007.N.20150817","sj+sxzQpSGChK6h/mW6WHpsT0R5hcZUQCdGaHqGr/vE=","invert bycatch",,,,,,,,,,"gv1RuG2ijYOiQdbqqg4qu+pKtrSPX1oD",
"a31da323-e521-4a30-9406-ea84ee6b9ff9","UNDE_017.basePlot.bet","D05","UNDE","UNDE_017","N","2015-08-03","2015-08-17","2015-08-18","2015-08-19",,"UNDE_017.N.20150817","xHY1KmNCr23nhIQ3WiWhMNY6ikf9GzhH2YHPACdk0ho=","invert bycatch",,,,,,,,,,"sNWmFOzJI5k0heJ/hgLOpehrR5IinP1+",
"6969d1c2-f838-4546-8aa9-640bbc5ab261","UNDE_017.basePlot.bet","D05","UNDE","UNDE_017","N","2015-08-03","2015-08-17","2015-08-18","2015-08-19","2015-10-01","UNDE_017.N.20150817","xHY1KmNCr23nhIQ3WiWhMONO8vBGJfy6+537632UPIE=","carabid","PTEMEL","Pterostichus melanarius melanarius","subspecies",,"Illiger",,1,"Lindroth, C. H. 1969. The ground-beetles (Carabidae, excl. Cicindelinae) of Canada and Alaska, parts 1-6. Opuscula E. Entomoligiska Sallskapet.","Syw2LXB/pj+fmGCuwdgBGVryVUmYhw3g","sNWmFOzJI5k0heJ/hgLOpehrR5IinP1+","pinned."
"80e4587b-8eb9-40e7-85aa-9c756173a7e1","UNDE_001.basePlot.bet","D05","UNDE","UNDE_001","N","2015-08-03","2015-08-17","2015-08-18","2015-08-18","2015-08-18","UNDE_001.N.20150817","kh3xmoTmJnDEdDDgC6O3Vn94ZWDF4D14IG8uaPV0LrA=","vert bycatch herp","PLECIN","Plethodon cinereus","species",,"Green",,1,"Harding, J.H. 1997. Amphibians and reptiles of the Great Lakes Region. University of Michigan Press, Ann Arbor, MI.","sNWmFOzJI5k0heJ/hgLOpehrR5IinP1+","sNWmFOzJI5k0heJ/hgLOpehrR5IinP1+",
"4845af45-9372-4828-ad15-39ded91e8df7","UNDE_001.basePlot.bet","D05","UNDE","UNDE_001","N","2015-08-03","2015-08-17","2015-08-18","2015-08-19","2015-10-28","UNDE_001.N.20150817","kh3xmoTmJnDEdDDgC6O3VjMoBVZKWiEk2dSNn/94oS0=","carabid","SYNIMP","Synuchus impunctatus","species",,"Say",,1,"Lindroth, C. H. 1969. The ground-beetles (Carabidae, excl. Cicindelinae) of Canada and Alaska, parts 1-6. Opuscula E. Entomoligiska Sallskapet.","Syw2LXB/pj+fmGCuwdgBGVryVUmYhw3g","sNWmFOzJI5k0heJ/hgLOpehrR5IinP1+","pinned."
"b71285af-2dc7-4c36-abe4-d8314f9f0a58","UNDE_011.basePlot.bet","D05","UNDE","UNDE_011","N","2015-08-03","2015-08-17","2015-08-18","2015-08-19",,"UNDE_011.N.20150817","0Ya1AWR2lPjLjN29ViQVJu+1/l7PEsaJWiZqJrDHa5A=","invert bycatch",,,,,,,,,,"gv1RuG2ijYOiQdbqqg4qu+pKtrSPX1oD",
"f0ad023b-6e48-4cc2-89a8-4a05564b97ec","UNDE_008.basePlot.bet","D05","UNDE","UNDE_008","N","2015-08-03","2015-08-17","2015-08-18","2015-08-19","2015-10-01","UNDE_008.N.20150817","MjA7sUqH2CaY31Dt12fKCKyU+EqFaaoMT6kABLE5YAU=","carabid","PTEMEL","Pterostichus melanarius melanarius","subspecies",,"Illiger",,1,"Lindroth, C. H. 1969. The ground-beetles (Carabidae, excl. Cicindelinae) of Canada and Alaska, parts 1-6. Opuscula E. Entomoligiska Sallskapet.","Syw2LXB/pj+fmGCuwdgBGVryVUmYhw3g","gv1RuG2ijYOiQdbqqg4qu+pKtrSPX1oD","pooled with PTEMEL from west trap"
"2cca9c34-f4f2-4e56-9f44-447d2043a0ff","UNDE_008.basePlot.bet","D05","UNDE","UNDE_008","N","2015-08-03","2015-08-17","2015-08-18","2015-08-19",,"UNDE_008.N.20150817","MjA7sUqH2CaY31Dt12fKCNc3dtl6HjKnVtMU/c7xhp8=","invert bycatch",,,,,,,,,,"gv1RuG2ijYOiQdbqqg4qu+pKtrSPX1oD",
"d87d5777-c789-46c9-93aa-eb851469b81e","UNDE_006.basePlot.bet","D05","UNDE","UNDE_006","N","2015-08-03","2015-08-17","2015-08-18","2015-08-19","2015-09-25","UNDE_006.N.20150817","izIYmtFoQUjEi58UfW/1Ubgte6Am0DsTGu3DPA5T+DU=","carabid","PTEMEL","Pterostichus melanarius melanarius","subspecies",,"Illiger",,1,"Lindroth, C. H. 1969. The ground-beetles (Carabidae, excl. Cicindelinae) of Canada and Alaska, parts 1-6. Opuscula E. Entomoligiska Sallskapet.","XZoPj1u9UmznO7Lakic/e+h3MMLMvbQt","gv1RuG2ijYOiQdbqqg4qu+pKtrSPX1oD","pinned."
"299aaef5-80ff-4beb-b1de-21bca4f480cc","UNDE_006.basePlot.bet","D05","UNDE","UNDE_006","N","2015-08-03","2015-08-17","2015-08-18","2015-08-19",,"UNDE_006.N.20150817","izIYmtFoQUjEi58UfW/1Ua6PxY3kUFg5WdLV0fLr3HY=","invert bycatch",,,,,,,,,,"gv1RuG2ijYOiQdbqqg4qu+pKtrSPX1oD",
"fd17d051-3db4-480b-9f40-51e582d576f3","UNDE_012.basePlot.bet","D05","UNDE","UNDE_012","N","2015-08-03","2015-08-17","2015-08-18","2015-08-19",,"UNDE_012.N.20150817","+v0vuVmyR4CM34zYFTT88L5DbiLn65ZNSXoBMWk/6nc=","invert bycatch",,,,,,,,,,"gv1RuG2ijYOiQdbqqg4qu+pKtrSPX1oD",
"ca454ac6-f7cf-4668-847b-df9d107d0cce","UNDE_006.basePlot.bet","D05","UNDE","UNDE_006","S","2015-08-03","2015-08-17","2015-08-18","2015-08-19","2015-09-25","UNDE_006.S.20150817","izIYmtFoQUincgda/qaeEnQjX29peLu4Y2T0U/U29ms=","carabid","PTEMEL","Pterostichus melanarius melanarius","subspecies","cf. species","Illiger",,4,"Lindroth, C. H. 1969. The ground-beetles (Carabidae, excl. Cicindelinae) of Canada and Alaska, parts 1-6. Opuscula E. Entomoligiska Sallskapet.","XZoPj1u9UmznO7Lakic/e+h3MMLMvbQt","gv1RuG2ijYOiQdbqqg4qu+pKtrSPX1oD","all pinned|pinned. elytral dorsal puncture on 5th stria"
"f0b5b5e6-7424-4b4b-bf0d-841655d016c6","UNDE_012.basePlot.bet","D05","UNDE","UNDE_012","S","2015-08-03","2015-08-17","2015-08-18","2015-08-19","2015-09-30","UNDE_012.S.20150817","+v0vuVmyR4CIkd7rDYGbT2+gOvGvju2TJNPUjeeorFg=","carabid","CARNEM","Carabus nemoralis nemoralis","subspecies",,"Mueller",,1,"Evans, A. V. 2014. Beetles of Eastern North America. 1st Ed. Princeton University Press, Princeton, NJ.","Syw2LXB/pj+fmGCuwdgBGVryVUmYhw3g","gv1RuG2ijYOiQdbqqg4qu+pKtrSPX1oD",
"b1e8d8b0-8fc9-4000-b856-58b2515b5754","UNDE_007.basePlot.bet","D05","UNDE","UNDE_007","E","2015-08-17","2015-08-31","2015-09-01","2015-09-02","2015-09-29","UNDE_007.E.20150831","sj+sxzQpSGBowuXeQO717OlucmYlkWRg0pi8W/7cE7E=","carabid","PTEMEL","Pterostichus melanarius melanarius","subspecies",,"Illiger",,2,"Lindroth, C. H. 1969. The ground-beetles (Carabidae, excl. Cicindelinae) of Canada and Alaska, parts 1-6. Opuscula E. Entomoligiska Sallskapet.","Syw2LXB/pj+fmGCuwdgBGVryVUmYhw3g","jl5ueYXmA2S8wOJE6I37zW0D24VQO1U4","pinned"
"4ffa429c-7702-4dbe-8669-edb8c92f8591","UNDE_002.basePlot.bet","D05","UNDE","UNDE_002","W","2015-08-17","2015-08-31","2015-09-01","2015-09-02",,"UNDE_002.W.20150831","JrVNSI+TG1IR5eAVg3TRTfBRFl+O8cmGFEUgyqYj6KI=","invert bycatch",,,,,,,,,,"jl5ueYXmA2S8wOJE6I37zW0D24VQO1U4",
"fb389fce-0925-4ee9-ba21-4d0b684161ef","UNDE_010.basePlot.bet","D05","UNDE","UNDE_010","E","2015-08-17","2015-08-31","2015-09-01","2015-09-02","2015-10-01","UNDE_010.E.20150831","hQDJ3TYDfoyUj4OsEBOXm93ziVNrSVy7h/7fbVvDEOs=","carabid","CARNEM","Carabus nemoralis nemoralis","subspecies",,"Mueller",,1,"Lindroth, C. H. 1969. The ground-beetles (Carabidae, excl. Cicindelinae) of Canada and Alaska, parts 1-6. Opuscula E. Entomoligiska Sallskapet.","Syw2LXB/pj+fmGCuwdgBGVryVUmYhw3g","jl5ueYXmA2S8wOJE6I37zW0D24VQO1U4",
"8358c599-aa93-4565-8fd5-6a74374bf411","UNDE_011.basePlot.bet","D05","UNDE","UNDE_011","E","2015-08-17","2015-08-31","2015-09-01","2015-09-02",,"UNDE_011.E.20150831","0Ya1AWR2lPiVqJfHQh+4u5JL2wLUN1YC7zmaAGg/Zes=","invert bycatch",,,,,,,,,,"jl5ueYXmA2S8wOJE6I37zW0D24VQO1U4",
"a5002337-cd14-4664-92f1-1fd459f125d5","UNDE_001.basePlot.bet","D05","UNDE","UNDE_001","E","2015-08-17","2015-08-31","2015-09-01","2015-09-02","2015-10-28","UNDE_001.E.20150831","kh3xmoTmJnCUw/P0Ua+hOfIFw9oKKTkcC2XlHt/oDoY=","carabid","PTECOR1","Pterostichus coracinus","species","cf. species","Newman",,2,"Lindroth, C. H. 1969. The ground-beetles (Carabidae, excl. Cicindelinae) of Canada and Alaska, parts 1-6. Opuscula E. Entomoligiska Sallskapet.","Syw2LXB/pj+fmGCuwdgBGVryVUmYhw3g","jl5ueYXmA2S8wOJE6I37zW0D24VQO1U4","pinned. Species ID uncertain| could be PTENOV"
"533e5e84-6607-4a3b-91ea-d684d06392cb","UNDE_008.basePlot.bet","D05","UNDE","UNDE_008","E","2015-08-17","2015-08-31","2015-09-01","2015-09-02","2015-09-25","UNDE_008.E.20150831","MjA7sUqH2Ca0m+Es0SGwOQm8+ipXbKiUchqt3GyRc7k=","carabid","PTECOR1","Pterostichus coracinus","species","cf. species","Newman",,1,"Lindroth, C. H. 1969. The ground-beetles (Carabidae, excl. Cicindelinae) of Canada and Alaska, parts 1-6. Opuscula E. Entomoligiska Sallskapet.","Syw2LXB/pj+fmGCuwdgBGVryVUmYhw3g","jl5ueYXmA2S8wOJE6I37zW0D24VQO1U4","pinned. Species ID is uncertain| could be PTENOV"
"67cb4636-c0d5-4b6e-b3cc-62fa4516c59e","UNDE_008.basePlot.bet","D05","UNDE","UNDE_008","E","2015-08-17","2015-08-31","2015-09-01","2015-09-02","2015-09-25","UNDE_008.E.20150831","MjA7sUqH2Ca0m+Es0SGwOcMPTzmEeJfx6k0m/siJt1g=","carabid","SYNIMP","Synuchus impunctatus","species",,"Say",,1,"Lindroth, C. H. 1969. The ground-beetles (Carabidae, excl. Cicindelinae) of Canada and Alaska, parts 1-6. Opuscula E. Entomoligiska Sallskapet.","Syw2LXB/pj+fmGCuwdgBGVryVUmYhw3g","jl5ueYXmA2S8wOJE6I37zW0D24VQO1U4","pinned"
"4aefff5f-e22a-429d-93fb-75e75a001175","UNDE_017.basePlot.bet","D05","UNDE","UNDE_017","E","2015-08-17","2015-08-31","2015-09-01","2015-09-02","2015-10-28","UNDE_017.E.20150831","xHY1KmNCr21DrRJn5PYxf1+AdJA2Ud+/Zc207q5J9J4=","carabid","CARNEM","Carabus nemoralis nemoralis","subspecies",,"Mueller",,3,"Lindroth, C. H. 1969. The ground-beetles (Carabidae, excl. Cicindelinae) of Canada and Alaska, parts 1-6. Opuscula E. Entomoligiska Sallskapet.","Syw2LXB/pj+fmGCuwdgBGVryVUmYhw3g","jl5ueYXmA2S8wOJE6I37zW0D24VQO1U4","Pooled with CARNEM from north south and west traps"
"8876d682-cf69-42a8-b6d2-50acbf1b7594","UNDE_007.basePlot.bet","D05","UNDE","UNDE_007","E","2015-08-17","2015-08-31","2015-09-01","2015-09-02",,"UNDE_007.E.20150831","sj+sxzQpSGBowuXeQO717M8P8MW/MWQF5Jy5dAqttiQ=","invert bycatch",,,,,,,,,,"jl5ueYXmA2S8wOJE6I37zW0D24VQO1U4",
"1593e9e3-3097-4045-9b06-5588d0ec04f9","UNDE_017.basePlot.bet","D05","UNDE","UNDE_017","E","2015-08-17","2015-08-31","2015-09-01","2015-09-02","2015-10-28","UNDE_017.E.20150831","xHY1KmNCr21DrRJn5PYxf1w3qYJdgwkoQEp+2tpb1RY=","carabid","PTEPEN","Pterostichus pensylvanicus","species","cf. species","LeConte",,2,"Lindroth, C. H. 1969. The ground-beetles (Carabidae, excl. Cicindelinae) of Canada and Alaska, parts 1-6. Opuscula E. Entomoligiska Sallskapet.","Syw2LXB/pj+fmGCuwdgBGVryVUmYhw3g","jl5ueYXmA2S8wOJE6I37zW0D24VQO1U4","pinned"
"f7aa955d-c65f-43f7-93a4-82c7d97ced3a","UNDE_003.basePlot.bet","D05","UNDE","UNDE_003","E","2015-08-17","2015-08-31","2015-09-01","2015-09-02",,"UNDE_003.E.20150831","UKgrtiGQYSCWfxHTjKN1/Nu0yZjWQDGDjc+8XqCF1jQ=","invert bycatch",,,,,,,,,,"jl5ueYXmA2S8wOJE6I37zW0D24VQO1U4",
"3cf8454a-e3cb-410e-aedd-b0653d97658f","UNDE_017.basePlot.bet","D05","UNDE","UNDE_017","E","2015-08-17","2015-08-31","2015-09-01","2015-09-02",,"UNDE_017.E.20150831","xHY1KmNCr21DrRJn5PYxf1TAPSWM42cozCPU9MxdEmQ=","invert bycatch",,,,,,,,,,"jl5ueYXmA2S8wOJE6I37zW0D24VQO1U4",
"a037c71d-1cd6-4dbe-b8d8-c063405e343b","UNDE_003.basePlot.bet","D05","UNDE","UNDE_003","N","2015-08-17","2015-08-31","2015-09-01","2015-09-02","2015-10-28","UNDE_003.N.20150831","UKgrtiGQYSDE7Wv8PWCVBzqVt22FLWHCy9f9TR1gEGw=","carabid","LORPIL2","Loricera pilicornis pilicornis","subspecies",,"Fabricius",,1,"Bousquet, Y. 2010b. Illustrated Identification Guide to Adults and Larvae of Northeastern North American Ground Beetles (Coleoptera: Carabidae). 1st Ed. Pensoft Publishers, Sofia, Bulgaria.","Syw2LXB/pj+fmGCuwdgBGVryVUmYhw3g","jl5ueYXmA2S8wOJE6I37zW0D24VQO1U4","pinned"
"5c2f392b-52e9-4dcf-8f88-fe768641dcb2","UNDE_017.basePlot.bet","D05","UNDE","UNDE_017","N","2015-08-17","2015-08-31","2015-09-01","2015-09-02","2015-10-28","UNDE_017.N.20150831","xHY1KmNCr23nhIQ3WiWhMI51OFXib8foUiv+eYR6KoQ=","carabid","CARNEM","Carabus nemoralis nemoralis","subspecies",,"Mueller",,1,"Lindroth, C. H. 1969. The ground-beetles (Carabidae, excl. Cicindelinae) of Canada and Alaska, parts 1-6. Opuscula E. Entomoligiska Sallskapet.","Syw2LXB/pj+fmGCuwdgBGVryVUmYhw3g","jl5ueYXmA2S8wOJE6I37zW0D24VQO1U4","pooled with CARNEM from south east and west traps"
"204bd839-23cf-4901-88a4-44026328207e","UNDE_008.basePlot.bet","D05","UNDE","UNDE_008","N","2015-08-17","2015-08-31","2015-09-01","2015-09-02","2015-09-25","UNDE_008.N.20150831","MjA7sUqH2CaY31Dt12fKCIZWof4uDedGBUftV/iOhc0=","carabid","PTEMEL","Pterostichus melanarius melanarius","subspecies","cf. species","Illiger",,1,"Lindroth, C. H. 1969. The ground-beetles (Carabidae, excl. Cicindelinae) of Canada and Alaska, parts 1-6. Opuscula E. Entomoligiska Sallskapet.","Syw2LXB/pj+fmGCuwdgBGVryVUmYhw3g","jl5ueYXmA2S8wOJE6I37zW0D24VQO1U4","pinned"
"a09d4d7c-cbe8-4329-8408-f2322e9dc765","UNDE_008.basePlot.bet","D05","UNDE","UNDE_008","N","2015-08-17","2015-08-31","2015-09-01","2015-09-02",,"UNDE_008.N.20150831","MjA7sUqH2CaY31Dt12fKCMByEdXpyyMeWX6rgVCcX5k=","invert bycatch",,,,,,,,,,"jl5ueYXmA2S8wOJE6I37zW0D24VQO1U4",
"1d9f41a6-7fe6-4b8c-a519-e78bdbe785c2","UNDE_008.basePlot.bet","D05","UNDE","UNDE_008","N","2015-08-17","2015-08-31","2015-09-01","2015-09-02","2015-09-25","UNDE_008.N.20150831","MjA7sUqH2CaY31Dt12fKCJkoVcXYBr0pZMKXTw70YiA=","carabid","SYNIMP","Synuchus impunctatus","species",,"Say",,1,"Lindroth, C. H. 1969. The ground-beetles (Carabidae, excl. Cicindelinae) of Canada and Alaska, parts 1-6. Opuscula E. Entomoligiska Sallskapet.","Syw2LXB/pj+fmGCuwdgBGVryVUmYhw3g","jl5ueYXmA2S8wOJE6I37zW0D24VQO1U4","pinned"
"51f0bf82-f286-4bf4-a22f-a5527a4f374e","UNDE_006.basePlot.bet","D05","UNDE","UNDE_006","N","2015-08-17","2015-08-31","2015-09-01","2015-09-02","2015-10-28","UNDE_006.N.20150831","izIYmtFoQUjEi58UfW/1URsgcdDWB7/qT4OOPU169Sk=","carabid","PTEMEL","Pterostichus melanarius melanarius","subspecies",,"Illiger",,2,"Lindroth, C. H. 1969. The ground-beetles (Carabidae, excl. Cicindelinae) of Canada and Alaska, parts 1-6. Opuscula E. Entomoligiska Sallskapet.","Syw2LXB/pj+fmGCuwdgBGVryVUmYhw3g","jl5ueYXmA2S8wOJE6I37zW0D24VQO1U4","pinned"
"0b1bcca3-d04e-4acb-9afb-6ac556338216","UNDE_006.basePlot.bet","D05","UNDE","UNDE_006","N","2015-08-17","2015-08-31","2015-09-01","2015-09-02",,"UNDE_006.N.20150831","izIYmtFoQUjEi58UfW/1UV8dq0lcBVLMERBPNoauY/8=","invert bycatch",,,,,,,,,,"jl5ueYXmA2S8wOJE6I37zW0D24VQO1U4",
"4072b7d1-2b4c-45c8-9a34-5eb4f8cdaffc","UNDE_012.basePlot.bet","D05","UNDE","UNDE_012","S","2015-08-17","2015-08-31","2015-09-01","2015-09-02",,"UNDE_012.S.20150831","+v0vuVmyR4CIkd7rDYGbTxGegoxCl5EkwDw4oLLCnBw=","invert bycatch",,,,,,,,,,"jl5ueYXmA2S8wOJE6I37zW0D24VQO1U4",
"5487fc92-b2c4-49e7-89b8-7121457109f3","UNDE_012.basePlot.bet","D05","UNDE","UNDE_012","S","2015-08-17","2015-08-31","2015-09-01","2015-09-02","2015-09-30","UNDE_012.S.20150831","+v0vuVmyR4CIkd7rDYGbT9d+kXC4tquk4SNBZ74Iyss=","carabid","CARNEM","Carabus nemoralis nemoralis","subspecies",,"Mueller",,2,"Lindroth, C. H. 1969. The ground-beetles (Carabidae, excl. Cicindelinae) of Canada and Alaska, parts 1-6. Opuscula E. Entomoligiska Sallskapet.","Syw2LXB/pj+fmGCuwdgBGVryVUmYhw3g","jl5ueYXmA2S8wOJE6I37zW0D24VQO1U4","one pinned| one left in vial"
"fd089495-b076-43bd-9b6f-1db6dce01ab3","UNDE_012.basePlot.bet","D05","UNDE","UNDE_012","S","2015-08-17","2015-08-31","2015-09-01","2015-09-02","2015-09-30","UNDE_012.S.20150831","+v0vuVmyR4CIkd7rDYGbT1DGTcPjQimHfXCjaM/urHU=","carabid","PTEMEL","Pterostichus melanarius melanarius","subspecies",,"Illiger",,6,"Lindroth, C. H. 1969. The ground-beetles (Carabidae, excl. Cicindelinae) of Canada and Alaska, parts 1-6. Opuscula E. Entomoligiska Sallskapet.","Syw2LXB/pj+fmGCuwdgBGVryVUmYhw3g","jl5ueYXmA2S8wOJE6I37zW0D24VQO1U4","two pinned| 4 left in vial"
"83208134-cccf-4834-853d-4c6bf5ed5c3e","UNDE_006.basePlot.bet","D05","UNDE","UNDE_006","S","2015-08-17","2015-08-31","2015-09-01","2015-09-02","2015-10-28","UNDE_006.S.20150831","izIYmtFoQUincgda/qaeEpJ8fFu1EoCAb0Rz+6bhHOk=","carabid","SYNIMP","Synuchus impunctatus","species",,"Say",,2,"Lindroth, C. H. 1969. The ground-beetles (Carabidae, excl. Cicindelinae) of Canada and Alaska, parts 1-6. Opuscula E. Entomoligiska Sallskapet.","Syw2LXB/pj+fmGCuwdgBGVryVUmYhw3g","jl5ueYXmA2S8wOJE6I37zW0D24VQO1U4","pinned"
"98aa43df-9721-45ef-bd02-4f9df6f2421b","UNDE_007.basePlot.bet","D05","UNDE","UNDE_007","S","2015-08-17","2015-08-31","2015-09-01","2015-09-02","2015-09-29","UNDE_007.S.20150831","sj+sxzQpSGAJvREnLoEnilOQl2vapQRaYEzUpbzQ8hg=","carabid","SYNIMP","Synuchus impunctatus","species",,"Say",,1,"Lindroth, C. H. 1969. The ground-beetles (Carabidae, excl. Cicindelinae) of Canada and Alaska, parts 1-6. Opuscula E. Entomoligiska Sallskapet.","Syw2LXB/pj+fmGCuwdgBGVryVUmYhw3g","jl5ueYXmA2S8wOJE6I37zW0D24VQO1U4","pinned"
"bc21b35a-6341-45d7-b0f4-6814a709f9db","UNDE_017.basePlot.bet","D05","UNDE","UNDE_017","S","2015-08-17","2015-08-31","2015-09-01","2015-09-02","2015-10-28","UNDE_017.S.20150831","xHY1KmNCr2390iLeCQFtjgybF7okL547XkVv7bmowuU=","carabid","CARNEM","Carabus nemoralis nemoralis","subspecies",,"Mueller",,1,"Lindroth, C. H. 1969. The ground-beetles (Carabidae, excl. Cicindelinae) of Canada and Alaska, parts 1-6. Opuscula E. Entomoligiska Sallskapet.","Syw2LXB/pj+fmGCuwdgBGVryVUmYhw3g","jl5ueYXmA2S8wOJE6I37zW0D24VQO1U4","pooled with CARNEM from north east and west traps."
"51a2058c-564e-44a3-896c-bf9308babce1","UNDE_010.basePlot.bet","D05","UNDE","UNDE_010","S","2015-08-17","2015-08-31","2015-09-01","2015-09-02","2015-10-01","UNDE_010.S.20150831","hQDJ3TYDfowchf80HEbqrPl7wD+ShYHf5HHVSONrWKg=","carabid","SYNIMP","Synuchus impunctatus","species",,"Say",,1,"Lindroth, C. H. 1969. The ground-beetles (Carabidae, excl. Cicindelinae) of Canada and Alaska, parts 1-6. Opuscula E. Entomoligiska Sallskapet.","Syw2LXB/pj+fmGCuwdgBGVryVUmYhw3g","jl5ueYXmA2S8wOJE6I37zW0D24VQO1U4","pinned"
"e75a8a54-ba47-4a09-9170-92659d8a4707","UNDE_001.basePlot.bet","D05","UNDE","UNDE_001","S","2015-08-17","2015-08-31","2015-09-01","2015-09-02",,"UNDE_001.S.20150831","kh3xmoTmJnBOmO2jgFxxye8GSRadwHtV6/kcU+IMkhY=","invert bycatch",,,,,,,,,,"jl5ueYXmA2S8wOJE6I37zW0D24VQO1U4","etOH change date listed as Sept 2 on datasheet but there was a remark stating that the ethanol rinse did not occur within 24 hour of collection. No carabids in sample"
"dcee47de-460a-400d-93ad-60ed3be556f7","UNDE_007.basePlot.bet","D05","UNDE","UNDE_007","S","2015-08-17","2015-08-31","2015-09-01","2015-09-02","2015-09-29","UNDE_007.S.20150831","sj+sxzQpSGAJvREnLoEnio7NxlACVC8i0Yhb2mlDrzU=","carabid","CARNEM","Carabus nemoralis nemoralis","subspecies",,"Mueller",,4,"Lindroth, C. H. 1969. The ground-beetles (Carabidae, excl. Cicindelinae) of Canada and Alaska, parts 1-6. Opuscula E. Entomoligiska Sallskapet.","Syw2LXB/pj+fmGCuwdgBGVryVUmYhw3g","jl5ueYXmA2S8wOJE6I37zW0D24VQO1U4","one pinned| three left in vial"
"e5eb123d-5779-4c24-a4af-2983eb71295b","UNDE_001.basePlot.bet","D05","UNDE","UNDE_001","S","2015-08-17","2015-08-31","2015-09-01","2015-09-02","2015-10-28","UNDE_001.S.20150831","kh3xmoTmJnBOmO2jgFxxyUFfgYJImnEa1fIx0LHFbUw=","carabid","PTECOR1","Pterostichus coracinus","species","cf. species","Newman",,1,"Lindroth, C. H. 1969. The ground-beetles (Carabidae, excl. Cicindelinae) of Canada and Alaska, parts 1-6. Opuscula E. Entomoligiska Sallskapet.","Syw2LXB/pj+fmGCuwdgBGVryVUmYhw3g","jl5ueYXmA2S8wOJE6I37zW0D24VQO1U4","pinned. Species ID uncertain| could be PTENOV."
"47ef34a0-756d-4090-9e37-6a375cb894a7","UNDE_010.basePlot.bet","D05","UNDE","UNDE_010","S","2015-08-17","2015-08-31","2015-09-01","2015-09-02",,"UNDE_010.S.20150831","hQDJ3TYDfowchf80HEbqrO7axQkcYbD8PkTnm9J2xdg=","invert bycatch",,,,,,,,,,"jl5ueYXmA2S8wOJE6I37zW0D24VQO1U4",
"4846c2b1-18fb-4fac-86e1-41c63ee2bd0a","UNDE_008.basePlot.bet","D05","UNDE","UNDE_008","W","2015-08-17","2015-08-31","2015-09-01","2015-09-02","2015-09-25","UNDE_008.W.20150831","MjA7sUqH2Cau71Ud/qCQ7FiFUB+r6pbnaSBdMgwya9Y=","carabid","SYNIMP","Synuchus impunctatus","species",,"Say",,1,"Lindroth, C. H. 1969. The ground-beetles (Carabidae, excl. Cicindelinae) of Canada and Alaska, parts 1-6. Opuscula E. Entomoligiska Sallskapet.","Syw2LXB/pj+fmGCuwdgBGVryVUmYhw3g","jl5ueYXmA2S8wOJE6I37zW0D24VQO1U4","pinned"
"9cb7d970-f6e5-4cbc-a726-2cd789f03038","UNDE_017.basePlot.bet","D05","UNDE","UNDE_017","W","2015-08-17","2015-08-31","2015-09-01","2015-09-02","2015-10-28","UNDE_017.W.20150831","xHY1KmNCr21/vfHrmPsO/epfCLhxXXEnpWQUOmRbs/c=","carabid","CARNEM","Carabus nemoralis nemoralis","subspecies",,"Mueller",,1,"Lindroth, C. H. 1969. The ground-beetles (Carabidae, excl. Cicindelinae) of Canada and Alaska, parts 1-6. Opuscula E. Entomoligiska Sallskapet.","Syw2LXB/pj+fmGCuwdgBGVryVUmYhw3g","jl5ueYXmA2S8wOJE6I37zW0D24VQO1U4","Pooled with CARNEM from north south and east traps"
"390305e7-30bc-4496-b331-2bdede7c4ead","UNDE_006.basePlot.bet","D05","UNDE","UNDE_006","E","2015-08-17","2015-08-31","2015-09-01","2015-09-02",,"UNDE_006.E.20150831","izIYmtFoQUjYvdCG/eJV1+qKpP3QTJUsLO2xYTgGUS4=","invert bycatch",,,,,,,,,,"jl5ueYXmA2S8wOJE6I37zW0D24VQO1U4",
