uid,namedLocation,domainID,siteID,plotID,trapID,setDate,collectDate,processingDate,identifiedDate,subsampleID,individualID,taxonID,scientificName,taxonRank,identificationQualifier,scientificNameAuthorship,morphospeciesID,identificationReferences,totalLength,identifiedBy,recordedBy,remarks
"9f7b1712-86fe-4840-9a31-d2f6139228da","UNDE_006.basePlot.bet","D05","UNDE","UNDE_006","E","2015-07-20","2015-08-03","2015-11-04","2015-10-28","izIYmtFoQUjYvdCG/eJV1xvVZwr4kjHNP1NspFE82UA=","NEON.BET.D05.000520","PTEMEL","Pterostichus melanarius melanarius","subspecies",,"Illiger",,"Lindroth, C. H. 1969. The ground-beetles (Carabidae, excl. Cicindelinae) of Canada and Alaska, parts 1-6. Opuscula E. Entomoligiska Sallskapet.",,"Syw2LXB/pj+fmGCuwdgBGVryVUmYhw3g","Syw2LXB/pj+fmGCuwdgBGVryVUmYhw3g",
"20506908-9e32-4b18-be25-2ae5d489a840","UNDE_010.basePlot.bet","D05","UNDE","UNDE_010","E","2015-07-20","2015-08-03","2015-11-03","2015-09-25","hQDJ3TYDfoyUj4OsEBOXmzitZZ0wwDCy3UOUwNefs5Q=","NEON.BET.D05.000467","PTEMEL","Pterostichus melanarius melanarius","subspecies",,"Illiger",,"Lindroth, C. H. 1969. The ground-beetles (Carabidae, excl. Cicindelinae) of Canada and Alaska, parts 1-6. Opuscula E. Entomoligiska Sallskapet.",,"XZoPj1u9UmznO7Lakic/e+h3MMLMvbQt","Syw2LXB/pj+fmGCuwdgBGVryVUmYhw3g",
"85b79e18-d56c-4cfe-a133-942ee984b617","UNDE_010.basePlot.bet","D05","UNDE","UNDE_010","E","2015-07-20","2015-08-03","2015-11-03","2015-09-25","hQDJ3TYDfoyUj4OsEBOXmzitZZ0wwDCy3UOUwNefs5Q=","NEON.BET.D05.000466","PTEMEL","Pterostichus melanarius melanarius","subspecies",,"Illiger",,"Lindroth, C. H. 1969. The ground-beetles (Carabidae, excl. Cicindelinae) of Canada and Alaska, parts 1-6. Opuscula E. Entomoligiska Sallskapet.",,"XZoPj1u9UmznO7Lakic/e+h3MMLMvbQt","Syw2LXB/pj+fmGCuwdgBGVryVUmYhw3g",
"5d6b6f3f-9345-4a08-a71a-cf8c8b303d7e","UNDE_011.basePlot.bet","D05","UNDE","UNDE_011","E","2015-07-20","2015-08-03","2015-10-29","2015-09-30","0Ya1AWR2lPiVqJfHQh+4u6A/OitR/CAtXn6REW5nR14=","NEON.BET.D05.000319","SYNIMP","Synuchus impunctatus","species",,"Say",,"Lindroth, C. H. 1969. The ground-beetles (Carabidae, excl. Cicindelinae) of Canada and Alaska, parts 1-6. Opuscula E. Entomoligiska Sallskapet.",,"Syw2LXB/pj+fmGCuwdgBGVryVUmYhw3g","lLQBQVfayhr3D1tZaVTYCAmpRMui4lXg/r98CgvafXs=",
"24d6a28e-e311-43c0-bb29-d6c1a635e7ab","UNDE_017.basePlot.bet","D05","UNDE","UNDE_017","E","2015-07-20","2015-08-03","2015-10-29","2015-10-01","xHY1KmNCr21DrRJn5PYxf0sM/00BLjWWh/zYn/WDocY=","NEON.BET.D05.000313","SYNIMP","Synuchus impunctatus","species",,"Say",,"Lindroth, C. H. 1969. The ground-beetles (Carabidae, excl. Cicindelinae) of Canada and Alaska, parts 1-6. Opuscula E. Entomoligiska Sallskapet.",,"Syw2LXB/pj+fmGCuwdgBGVryVUmYhw3g","lLQBQVfayhr3D1tZaVTYCAmpRMui4lXg/r98CgvafXs=",
"3591ea53-c77c-4ab9-8d83-63d7ffa35e7b","UNDE_008.basePlot.bet","D05","UNDE","UNDE_008","E","2015-07-20","2015-08-03","2015-11-02","2015-10-28","MjA7sUqH2Ca0m+Es0SGwORArqb80u1NSsdZoDav7w2k=","NEON.BET.D05.000416","PTECOR1","Pterostichus coracinus","species","cf. species","Newman",,"Lindroth, C. H. 1969. The ground-beetles (Carabidae, excl. Cicindelinae) of Canada and Alaska, parts 1-6. Opuscula E. Entomoligiska Sallskapet.",,"Syw2LXB/pj+fmGCuwdgBGVryVUmYhw3g","Syw2LXB/pj+fmGCuwdgBGVryVUmYhw3g",
"d88dd9a7-a089-49b6-b218-9f6865f03f3f","UNDE_011.basePlot.bet","D05","UNDE","UNDE_011","E","2015-07-20","2015-08-03","2015-11-02","2015-09-30","0Ya1AWR2lPiVqJfHQh+4u0rER3gKf5PKrdyFXEq3zsQ=","NEON.BET.D05.000377","PTECOR1","Pterostichus coracinus","species","cf. species","Newman",,"Lindroth, C. H. 1969. The ground-beetles (Carabidae, excl. Cicindelinae) of Canada and Alaska, parts 1-6. Opuscula E. Entomoligiska Sallskapet.",,"Syw2LXB/pj+fmGCuwdgBGVryVUmYhw3g","Syw2LXB/pj+fmGCuwdgBGVryVUmYhw3g",
"1cb576bd-14c5-4368-b796-5ce734b7c95d","UNDE_011.basePlot.bet","D05","UNDE","UNDE_011","E","2015-07-20","2015-08-03","2015-10-29","2015-09-30","0Ya1AWR2lPiVqJfHQh+4u6A/OitR/CAtXn6REW5nR14=","NEON.BET.D05.000317","SYNIMP","Synuchus impunctatus","species",,"Say",,"Lindroth, C. H. 1969. The ground-beetles (Carabidae, excl. Cicindelinae) of Canada and Alaska, parts 1-6. Opuscula E. Entomoligiska Sallskapet.",,"Syw2LXB/pj+fmGCuwdgBGVryVUmYhw3g","lLQBQVfayhr3D1tZaVTYCAmpRMui4lXg/r98CgvafXs=",
"b5f024d3-7c7d-4747-905b-2b9350af742a","UNDE_011.basePlot.bet","D05","UNDE","UNDE_011","E","2015-07-20","2015-08-03","2015-11-02","2015-09-30","0Ya1AWR2lPiVqJfHQh+4u0rER3gKf5PKrdyFXEq3zsQ=","NEON.BET.D05.000380","PTECOR1","Pterostichus coracinus","species","cf. species","Newman",,"Lindroth, C. H. 1969. The ground-beetles (Carabidae, excl. Cicindelinae) of Canada and Alaska, parts 1-6. Opuscula E. Entomoligiska Sallskapet.",,"Syw2LXB/pj+fmGCuwdgBGVryVUmYhw3g","Syw2LXB/pj+fmGCuwdgBGVryVUmYhw3g",
"f4f1da6f-767e-49cb-b90c-df8b2346f293","UNDE_011.basePlot.bet","D05","UNDE","UNDE_011","E","2015-07-20","2015-08-03","2015-10-29","2015-09-30","0Ya1AWR2lPiVqJfHQh+4u6A/OitR/CAtXn6REW5nR14=","NEON.BET.D05.000318","SYNIMP","Synuchus impunctatus","species",,"Say",,"Lindroth, C. H. 1969. The ground-beetles (Carabidae, excl. Cicindelinae) of Canada and Alaska, parts 1-6. Opuscula E. Entomoligiska Sallskapet.",,"Syw2LXB/pj+fmGCuwdgBGVryVUmYhw3g","lLQBQVfayhr3D1tZaVTYCAmpRMui4lXg/r98CgvafXs=",
"dd022534-3a6e-4489-a6e7-61b1c1f9ca5e","UNDE_011.basePlot.bet","D05","UNDE","UNDE_011","E","2015-07-20","2015-08-03","2015-10-29","2015-09-30","0Ya1AWR2lPiVqJfHQh+4u6A/OitR/CAtXn6REW5nR14=","NEON.BET.D05.000327","SYNIMP","Synuchus impunctatus","species",,"Say",,"Lindroth, C. H. 1969. The ground-beetles (Carabidae, excl. Cicindelinae) of Canada and Alaska, parts 1-6. Opuscula E. Entomoligiska Sallskapet.",,"Syw2LXB/pj+fmGCuwdgBGVryVUmYhw3g","lLQBQVfayhr3D1tZaVTYCAmpRMui4lXg/r98CgvafXs=",
"2c35bd35-69a8-4083-9367-2cf49e76dd9f","UNDE_011.basePlot.bet","D05","UNDE","UNDE_011","E","2015-07-20","2015-08-03","2015-11-02","2015-09-30","0Ya1AWR2lPiVqJfHQh+4u0rER3gKf5PKrdyFXEq3zsQ=","NEON.BET.D05.000375","PTECOR1","Pterostichus coracinus","species","cf. species","Newman",,"Lindroth, C. H. 1969. The ground-beetles (Carabidae, excl. Cicindelinae) of Canada and Alaska, parts 1-6. Opuscula E. Entomoligiska Sallskapet.",,"Syw2LXB/pj+fmGCuwdgBGVryVUmYhw3g","Syw2LXB/pj+fmGCuwdgBGVryVUmYhw3g",
"8298e44c-d9da-4261-93e6-86121883dc2d","UNDE_011.basePlot.bet","D05","UNDE","UNDE_011","E","2015-07-20","2015-08-03","2015-10-29","2015-09-30","0Ya1AWR2lPiVqJfHQh+4u6A/OitR/CAtXn6REW5nR14=","NEON.BET.D05.000322","SYNIMP","Synuchus impunctatus","species",,"Say",,"Lindroth, C. H. 1969. The ground-beetles (Carabidae, excl. Cicindelinae) of Canada and Alaska, parts 1-6. Opuscula E. Entomoligiska Sallskapet.",,"Syw2LXB/pj+fmGCuwdgBGVryVUmYhw3g","lLQBQVfayhr3D1tZaVTYCAmpRMui4lXg/r98CgvafXs=",
"6793e9d7-7fbc-4c40-86fa-d1dee7b96e7e","UNDE_011.basePlot.bet","D05","UNDE","UNDE_011","E","2015-07-20","2015-08-03","2015-11-02","2015-09-30","0Ya1AWR2lPiVqJfHQh+4u0rER3gKf5PKrdyFXEq3zsQ=","NEON.BET.D05.000376","PTECOR1","Pterostichus coracinus","species","cf. species","Newman",,"Lindroth, C. H. 1969. The ground-beetles (Carabidae, excl. Cicindelinae) of Canada and Alaska, parts 1-6. Opuscula E. Entomoligiska Sallskapet.",,"Syw2LXB/pj+fmGCuwdgBGVryVUmYhw3g","Syw2LXB/pj+fmGCuwdgBGVryVUmYhw3g",
"836ef5dd-2434-4d70-b3c3-7b9b2857f29e","UNDE_001.basePlot.bet","D05","UNDE","UNDE_001","E","2015-07-20","2015-08-03","2015-11-02","2015-09-29","kh3xmoTmJnCUw/P0Ua+hOadOqqzIm7Ha8orphS1ZlYk=","NEON.BET.D05.000384","PTECOR1","Pterostichus coracinus","species","cf. species","Newman",,"Lindroth, C. H. 1969. The ground-beetles (Carabidae, excl. Cicindelinae) of Canada and Alaska, parts 1-6. Opuscula E. Entomoligiska Sallskapet.",,"Syw2LXB/pj+fmGCuwdgBGVryVUmYhw3g","Syw2LXB/pj+fmGCuwdgBGVryVUmYhw3g",
"c6044634-1e25-42c7-bcf4-e4a91efeafb9","UNDE_001.basePlot.bet","D05","UNDE","UNDE_001","E","2015-07-20","2015-08-03","2015-10-29","2015-09-25","kh3xmoTmJnCUw/P0Ua+hOStOHnLltwChE4yb+UezR6k=","NEON.BET.D05.000347","SYNIMP","Synuchus impunctatus","species",,"Say",,"Lindroth, C. H. 1969. The ground-beetles (Carabidae, excl. Cicindelinae) of Canada and Alaska, parts 1-6. Opuscula E. Entomoligiska Sallskapet.",,"Syw2LXB/pj+fmGCuwdgBGVryVUmYhw3g","XZoPj1u9UmznO7Lakic/e+h3MMLMvbQt",
"0fdfc44a-a026-432a-81a6-d5888fb806ed","UNDE_001.basePlot.bet","D05","UNDE","UNDE_001","E","2015-07-20","2015-08-03","2015-11-02","2015-09-29","kh3xmoTmJnCUw/P0Ua+hOadOqqzIm7Ha8orphS1ZlYk=","NEON.BET.D05.000385","PTECOR1","Pterostichus coracinus","species","cf. species","Newman",,"Lindroth, C. H. 1969. The ground-beetles (Carabidae, excl. Cicindelinae) of Canada and Alaska, parts 1-6. Opuscula E. Entomoligiska Sallskapet.",,"Syw2LXB/pj+fmGCuwdgBGVryVUmYhw3g","Syw2LXB/pj+fmGCuwdgBGVryVUmYhw3g",
"341f8181-7c56-4d43-9c02-41cb616b6e91","UNDE_011.basePlot.bet","D05","UNDE","UNDE_011","E","2015-07-20","2015-08-03","2015-11-02","2015-09-30","0Ya1AWR2lPiVqJfHQh+4u0rER3gKf5PKrdyFXEq3zsQ=","NEON.BET.D05.000374","PTECOR1","Pterostichus coracinus","species","cf. species","Newman",,"Lindroth, C. H. 1969. The ground-beetles (Carabidae, excl. Cicindelinae) of Canada and Alaska, parts 1-6. Opuscula E. Entomoligiska Sallskapet.",,"Syw2LXB/pj+fmGCuwdgBGVryVUmYhw3g","Syw2LXB/pj+fmGCuwdgBGVryVUmYhw3g",
"31323d97-afdf-4b9b-ab9f-aa00ae561482","UNDE_010.basePlot.bet","D05","UNDE","UNDE_010","E","2015-07-20","2015-08-03","2015-10-29","2015-09-25","hQDJ3TYDfoyUj4OsEBOXm+6QPgh6S/ISFYjI9ICQxGI=","NEON.BET.D05.000350","SYNIMP","Synuchus impunctatus","species",,"Say",,"Lindroth, C. H. 1969. The ground-beetles (Carabidae, excl. Cicindelinae) of Canada and Alaska, parts 1-6. Opuscula E. Entomoligiska Sallskapet.",,"Syw2LXB/pj+fmGCuwdgBGVryVUmYhw3g","XZoPj1u9UmznO7Lakic/e+h3MMLMvbQt",
"31eee6db-673b-4613-9352-9a5203dc1850","UNDE_017.basePlot.bet","D05","UNDE","UNDE_017","E","2015-07-20","2015-08-03","2015-11-02","2015-10-01","xHY1KmNCr21DrRJn5PYxfzXBKPepvTe24RgpLaW9lc8=","NEON.BET.D05.000369","PTECOR1","Pterostichus coracinus","species","cf. species","Newman",,"Lindroth, C. H. 1969. The ground-beetles (Carabidae, excl. Cicindelinae) of Canada and Alaska, parts 1-6. Opuscula E. Entomoligiska Sallskapet.",,"Syw2LXB/pj+fmGCuwdgBGVryVUmYhw3g","Syw2LXB/pj+fmGCuwdgBGVryVUmYhw3g",
"68e1c2ad-e9d2-44e7-8c6f-46aa60146a0d","UNDE_017.basePlot.bet","D05","UNDE","UNDE_017","E","2015-07-20","2015-08-03","2015-10-29","2015-10-01","xHY1KmNCr21DrRJn5PYxf0sM/00BLjWWh/zYn/WDocY=","NEON.BET.D05.000312","SYNIMP","Synuchus impunctatus","species",,"Say",,"Lindroth, C. H. 1969. The ground-beetles (Carabidae, excl. Cicindelinae) of Canada and Alaska, parts 1-6. Opuscula E. Entomoligiska Sallskapet.",,"Syw2LXB/pj+fmGCuwdgBGVryVUmYhw3g","lLQBQVfayhr3D1tZaVTYCAmpRMui4lXg/r98CgvafXs=",
"e4875d90-c5a5-4ba9-8f71-9758a652e058","UNDE_010.basePlot.bet","D05","UNDE","UNDE_010","E","2015-07-20","2015-08-03","2015-10-29","2015-09-25","hQDJ3TYDfoyUj4OsEBOXm+6QPgh6S/ISFYjI9ICQxGI=","NEON.BET.D05.000349","SYNIMP","Synuchus impunctatus","species",,"Say",,"Lindroth, C. H. 1969. The ground-beetles (Carabidae, excl. Cicindelinae) of Canada and Alaska, parts 1-6. Opuscula E. Entomoligiska Sallskapet.",,"Syw2LXB/pj+fmGCuwdgBGVryVUmYhw3g","XZoPj1u9UmznO7Lakic/e+h3MMLMvbQt",
"99d81404-4b2e-4ba2-ae7a-111d3d7054f2","UNDE_010.basePlot.bet","D05","UNDE","UNDE_010","E","2015-07-20","2015-08-03","2015-10-29","2015-09-25","hQDJ3TYDfoyUj4OsEBOXm+6QPgh6S/ISFYjI9ICQxGI=","NEON.BET.D05.000348","SYNIMP","Synuchus impunctatus","species",,"Say",,"Lindroth, C. H. 1969. The ground-beetles (Carabidae, excl. Cicindelinae) of Canada and Alaska, parts 1-6. Opuscula E. Entomoligiska Sallskapet.",,"Syw2LXB/pj+fmGCuwdgBGVryVUmYhw3g","XZoPj1u9UmznO7Lakic/e+h3MMLMvbQt",
"d545b0c2-2082-4c86-b219-96366888b830","UNDE_017.basePlot.bet","D05","UNDE","UNDE_017","N","2015-07-20","2015-08-03","2015-11-03","2015-09-30","xHY1KmNCr23nhIQ3WiWhMCGeUw4GjTPHV0Q7VxMwALs=","NEON.BET.D05.000445","PTEMEL","Pterostichus melanarius melanarius","subspecies",,"Illiger",,"Lindroth, C. H. 1969. The ground-beetles (Carabidae, excl. Cicindelinae) of Canada and Alaska, parts 1-6. Opuscula E. Entomoligiska Sallskapet.",,"Syw2LXB/pj+fmGCuwdgBGVryVUmYhw3g","Syw2LXB/pj+fmGCuwdgBGVryVUmYhw3g",
"71b8e662-fd31-41c6-b15b-f4b8f613a45e","UNDE_007.basePlot.bet","D05","UNDE","UNDE_007","N","2015-07-20","2015-08-03","2015-11-04","2015-10-28","sj+sxzQpSGChK6h/mW6WHgUN2+iqMmnwcq1UWAWOmKY=","NEON.BET.D05.000534","PTEMEL","Pterostichus melanarius melanarius","subspecies",,"Illiger",,"Lindroth, C. H. 1969. The ground-beetles (Carabidae, excl. Cicindelinae) of Canada and Alaska, parts 1-6. Opuscula E. Entomoligiska Sallskapet.",,"Syw2LXB/pj+fmGCuwdgBGVryVUmYhw3g","Syw2LXB/pj+fmGCuwdgBGVryVUmYhw3g",
"f152dd02-a881-42b0-94f1-09ed1aa9bcb1","UNDE_001.basePlot.bet","D05","UNDE","UNDE_001","N","2015-07-20","2015-08-03","2015-10-29","2015-09-29","kh3xmoTmJnDEdDDgC6O3VrgwwjFVIS8FcbuxYRODgkM=","NEON.BET.D05.000323","SYNIMP","Synuchus impunctatus","species",,"Say",,"Lindroth, C. H. 1969. The ground-beetles (Carabidae, excl. Cicindelinae) of Canada and Alaska, parts 1-6. Opuscula E. Entomoligiska Sallskapet.",,"Syw2LXB/pj+fmGCuwdgBGVryVUmYhw3g","lLQBQVfayhr3D1tZaVTYCAmpRMui4lXg/r98CgvafXs=",
"c71081ea-0796-48f8-9055-9fd180fe2cef","UNDE_001.basePlot.bet","D05","UNDE","UNDE_001","N","2015-07-20","2015-08-03","2015-10-29","2015-09-29","kh3xmoTmJnDEdDDgC6O3Vk9Wielg4QhbpzgSsrm9v9w=","NEON.BET.D05.000303","CYMCRI","Cymindis cribricollis","species",,"Dejean",,"Lindroth, C. H. 1969. The ground-beetles (Carabidae, excl. Cicindelinae) of Canada and Alaska, parts 1-6. Opuscula E. Entomoligiska Sallskapet.",,"Syw2LXB/pj+fmGCuwdgBGVryVUmYhw3g","lLQBQVfayhr3D1tZaVTYCAmpRMui4lXg/r98CgvafXs=",
"b776a39f-d8aa-44a9-9865-e0e4d936f60a","UNDE_001.basePlot.bet","D05","UNDE","UNDE_001","N","2015-07-20","2015-08-03","2015-10-29","2015-09-29","kh3xmoTmJnDEdDDgC6O3VrgwwjFVIS8FcbuxYRODgkM=","NEON.BET.D05.000324","SYNIMP","Synuchus impunctatus","species",,"Say",,"Lindroth, C. H. 1969. The ground-beetles (Carabidae, excl. Cicindelinae) of Canada and Alaska, parts 1-6. Opuscula E. Entomoligiska Sallskapet.",,"Syw2LXB/pj+fmGCuwdgBGVryVUmYhw3g","lLQBQVfayhr3D1tZaVTYCAmpRMui4lXg/r98CgvafXs=",
"b5d59804-16a3-495e-9e41-ff6da183a053","UNDE_001.basePlot.bet","D05","UNDE","UNDE_001","N","2015-07-20","2015-08-03","2015-10-29","2015-09-29","kh3xmoTmJnDEdDDgC6O3VrgwwjFVIS8FcbuxYRODgkM=","NEON.BET.D05.000316","SYNIMP","Synuchus impunctatus","species",,"Say",,"Lindroth, C. H. 1969. The ground-beetles (Carabidae, excl. Cicindelinae) of Canada and Alaska, parts 1-6. Opuscula E. Entomoligiska Sallskapet.",,"Syw2LXB/pj+fmGCuwdgBGVryVUmYhw3g","lLQBQVfayhr3D1tZaVTYCAmpRMui4lXg/r98CgvafXs=",
"58058e6d-11e8-4e55-83f8-a6db002200d4","UNDE_001.basePlot.bet","D05","UNDE","UNDE_001","N","2015-07-20","2015-08-03","2015-10-29","2015-09-29","kh3xmoTmJnDEdDDgC6O3Vk9Wielg4QhbpzgSsrm9v9w=","NEON.BET.D05.000302","CYMCRI","Cymindis cribricollis","species",,"Dejean",,"Lindroth, C. H. 1969. The ground-beetles (Carabidae, excl. Cicindelinae) of Canada and Alaska, parts 1-6. Opuscula E. Entomoligiska Sallskapet.",,"Syw2LXB/pj+fmGCuwdgBGVryVUmYhw3g","lLQBQVfayhr3D1tZaVTYCAmpRMui4lXg/r98CgvafXs=",
"b569534a-1c9a-47f6-8ca2-7a760131a460","UNDE_001.basePlot.bet","D05","UNDE","UNDE_001","N","2015-07-20","2015-08-03","2015-10-29","2015-09-29","kh3xmoTmJnDEdDDgC6O3VtdOQ3pONAYVPyV7dEVyG7k=","NEON.BET.D05.000293","PTEPEN","Pterostichus pensylvanicus","species","cf. species","LeConte",,"Lindroth, C. H. 1969. The ground-beetles (Carabidae, excl. Cicindelinae) of Canada and Alaska, parts 1-6. Opuscula E. Entomoligiska Sallskapet.",,"Syw2LXB/pj+fmGCuwdgBGVryVUmYhw3g","lLQBQVfayhr3D1tZaVTYCAmpRMui4lXg/r98CgvafXs=",
"786c6bbb-7a51-45ca-b21b-e5113f90c7ab","UNDE_008.basePlot.bet","D05","UNDE","UNDE_008","N","2015-07-20","2015-08-03","2015-11-04","2015-10-28","MjA7sUqH2CaY31Dt12fKCDiVGB+0Dis5J+PyjosOd8I=","NEON.BET.D05.000564","SYNIMP","Synuchus impunctatus","species",,"Say",,"Lindroth, C. H. 1969. The ground-beetles (Carabidae, excl. Cicindelinae) of Canada and Alaska, parts 1-6. Opuscula E. Entomoligiska Sallskapet.",,"Syw2LXB/pj+fmGCuwdgBGVryVUmYhw3g","Syw2LXB/pj+fmGCuwdgBGVryVUmYhw3g",
"e6b35f5d-23ba-4800-bdf1-a7658af6ef70","UNDE_008.basePlot.bet","D05","UNDE","UNDE_008","N","2015-07-20","2015-08-03","2015-11-04","2015-10-28","MjA7sUqH2CaY31Dt12fKCDiVGB+0Dis5J+PyjosOd8I=","NEON.BET.D05.000567","SYNIMP","Synuchus impunctatus","species",,"Say",,"Lindroth, C. H. 1969. The ground-beetles (Carabidae, excl. Cicindelinae) of Canada and Alaska, parts 1-6. Opuscula E. Entomoligiska Sallskapet.",,"Syw2LXB/pj+fmGCuwdgBGVryVUmYhw3g","Syw2LXB/pj+fmGCuwdgBGVryVUmYhw3g",
"3a1da8b0-fbd8-4b53-8a67-c5cac72bd48b","UNDE_008.basePlot.bet","D05","UNDE","UNDE_008","N","2015-07-20","2015-08-03","2015-11-04","2015-10-28","MjA7sUqH2CaY31Dt12fKCDiVGB+0Dis5J+PyjosOd8I=","NEON.BET.D05.000565","SYNIMP","Synuchus impunctatus","species",,"Say",,"Lindroth, C. H. 1969. The ground-beetles (Carabidae, excl. Cicindelinae) of Canada and Alaska, parts 1-6. Opuscula E. Entomoligiska Sallskapet.",,"Syw2LXB/pj+fmGCuwdgBGVryVUmYhw3g","Syw2LXB/pj+fmGCuwdgBGVryVUmYhw3g",
"39da6db9-2d57-4adf-9baa-b189dd4ab3dd","UNDE_008.basePlot.bet","D05","UNDE","UNDE_008","N","2015-07-20","2015-08-03","2015-11-02","2015-10-28","MjA7sUqH2CaY31Dt12fKCNUCpSO1TCUzRmE4pZiQMtw=","NEON.BET.D05.000401","PTECOR1","Pterostichus coracinus","species","cf. species","Newman",,"Lindroth, C. H. 1969. The ground-beetles (Carabidae, excl. Cicindelinae) of Canada and Alaska, parts 1-6. Opuscula E. Entomoligiska Sallskapet.",,"Syw2LXB/pj+fmGCuwdgBGVryVUmYhw3g","Syw2LXB/pj+fmGCuwdgBGVryVUmYhw3g",
"a3184784-17af-4cdb-97f2-440b00a89d49","UNDE_008.basePlot.bet","D05","UNDE","UNDE_008","N","2015-07-20","2015-08-03","2015-11-04","2015-10-28","MjA7sUqH2CaY31Dt12fKCDiVGB+0Dis5J+PyjosOd8I=","NEON.BET.D05.000566","SYNIMP","Synuchus impunctatus","species",,"Say",,"Lindroth, C. H. 1969. The ground-beetles (Carabidae, excl. Cicindelinae) of Canada and Alaska, parts 1-6. Opuscula E. Entomoligiska Sallskapet.",,"Syw2LXB/pj+fmGCuwdgBGVryVUmYhw3g","Syw2LXB/pj+fmGCuwdgBGVryVUmYhw3g",
"16547cf4-9356-461f-a98c-19aa07706428","UNDE_006.basePlot.bet","D05","UNDE","UNDE_006","N","2015-07-20","2015-08-03","2015-11-04","2015-10-28","izIYmtFoQUjEi58UfW/1UZiYgtYK1A8Ocp3HvuQ+GS0=","NEON.BET.D05.000540","SYNIMP","Synuchus impunctatus","species",,"Say",,"Lindroth, C. H. 1969. The ground-beetles (Carabidae, excl. Cicindelinae) of Canada and Alaska, parts 1-6. Opuscula E. Entomoligiska Sallskapet.",,"Syw2LXB/pj+fmGCuwdgBGVryVUmYhw3g","Syw2LXB/pj+fmGCuwdgBGVryVUmYhw3g",
"7544cd8d-b842-42d6-9fb1-3db1855e4155","UNDE_017.basePlot.bet","D05","UNDE","UNDE_017","N","2015-07-20","2015-08-03","2015-11-02","2015-09-30","xHY1KmNCr23nhIQ3WiWhMBg3owbAjM8TjlaURWHWQTs=","NEON.BET.D05.000379","PTECOR1","Pterostichus coracinus","species","cf. species","Newman",,"Lindroth, C. H. 1969. The ground-beetles (Carabidae, excl. Cicindelinae) of Canada and Alaska, parts 1-6. Opuscula E. Entomoligiska Sallskapet.",,"Syw2LXB/pj+fmGCuwdgBGVryVUmYhw3g","Syw2LXB/pj+fmGCuwdgBGVryVUmYhw3g",
"c227e8b5-7dc7-43ac-b704-467557489209","UNDE_001.basePlot.bet","D05","UNDE","UNDE_001","N","2015-07-20","2015-08-03","2015-10-29","2015-09-29","kh3xmoTmJnDEdDDgC6O3Vk9Wielg4QhbpzgSsrm9v9w=","NEON.BET.D05.000301","CYMCRI","Cymindis cribricollis","species",,"Dejean",,"Lindroth, C. H. 1969. The ground-beetles (Carabidae, excl. Cicindelinae) of Canada and Alaska, parts 1-6. Opuscula E. Entomoligiska Sallskapet.",,"Syw2LXB/pj+fmGCuwdgBGVryVUmYhw3g","lLQBQVfayhr3D1tZaVTYCAmpRMui4lXg/r98CgvafXs=",
"102b2cc3-6dc1-4471-9c18-f72b31ca3e78","UNDE_001.basePlot.bet","D05","UNDE","UNDE_001","N","2015-07-20","2015-08-03","2015-10-29","2015-09-29","kh3xmoTmJnDEdDDgC6O3VrgwwjFVIS8FcbuxYRODgkM=","NEON.BET.D05.000345","SYNIMP","Synuchus impunctatus","species",,"Say",,"Lindroth, C. H. 1969. The ground-beetles (Carabidae, excl. Cicindelinae) of Canada and Alaska, parts 1-6. Opuscula E. Entomoligiska Sallskapet.",,"Syw2LXB/pj+fmGCuwdgBGVryVUmYhw3g","XZoPj1u9UmznO7Lakic/e+h3MMLMvbQt",
"a008cb1e-c5c0-4950-aec4-538acf2c5037","UNDE_001.basePlot.bet","D05","UNDE","UNDE_001","N","2015-07-20","2015-08-03","2015-10-29","2015-09-29","kh3xmoTmJnDEdDDgC6O3VrgwwjFVIS8FcbuxYRODgkM=","NEON.BET.D05.000344","SYNIMP","Synuchus impunctatus","species",,"Say",,"Lindroth, C. H. 1969. The ground-beetles (Carabidae, excl. Cicindelinae) of Canada and Alaska, parts 1-6. Opuscula E. Entomoligiska Sallskapet.",,"Syw2LXB/pj+fmGCuwdgBGVryVUmYhw3g","lLQBQVfayhr3D1tZaVTYCAmpRMui4lXg/r98CgvafXs=",
"f4b7732a-3060-46e5-aab8-1b47113b4095","UNDE_001.basePlot.bet","D05","UNDE","UNDE_001","N","2015-07-20","2015-08-03","2015-10-29","2015-09-29","kh3xmoTmJnDEdDDgC6O3VrgwwjFVIS8FcbuxYRODgkM=","NEON.BET.D05.000343","SYNIMP","Synuchus impunctatus","species",,"Say",,"Lindroth, C. H. 1969. The ground-beetles (Carabidae, excl. Cicindelinae) of Canada and Alaska, parts 1-6. Opuscula E. Entomoligiska Sallskapet.",,"Syw2LXB/pj+fmGCuwdgBGVryVUmYhw3g","lLQBQVfayhr3D1tZaVTYCAmpRMui4lXg/r98CgvafXs=",
"971f9831-502a-4d8d-b587-95637b36979a","UNDE_010.basePlot.bet","D05","UNDE","UNDE_010","N","2015-07-20","2015-08-03","2015-10-29","2015-09-28","hQDJ3TYDfoxCoxtjFHMyZ5oA0rJJIs5GXqAWCOFbBAk=","NEON.BET.D05.000292","PTEPEN","Pterostichus pensylvanicus","species","cf. species","LeConte",,"Lindroth, C. H. 1969. The ground-beetles (Carabidae, excl. Cicindelinae) of Canada and Alaska, parts 1-6. Opuscula E. Entomoligiska Sallskapet.",,"XZoPj1u9UmznO7Lakic/e+h3MMLMvbQt","lLQBQVfayhr3D1tZaVTYCAmpRMui4lXg/r98CgvafXs=",
"abc1455b-6082-4407-a8d2-dd84ccc9b617","UNDE_003.basePlot.bet","D05","UNDE","UNDE_003","N","2015-07-20","2015-08-03","2015-10-29","2015-10-01","UKgrtiGQYSDE7Wv8PWCVB4HEF00kC0fRTbEy5Wdwbm0=","NEON.BET.D05.000334","AGOGRA","Agonum gratiosum","species",,"Mannerheim",,"Lindroth, C. H. 1969. The ground-beetles (Carabidae, excl. Cicindelinae) of Canada and Alaska, parts 1-6. Opuscula E. Entomoligiska Sallskapet.",,"Syw2LXB/pj+fmGCuwdgBGVryVUmYhw3g","XZoPj1u9UmznO7Lakic/e+h3MMLMvbQt",
"2d6c5e47-2847-4184-854d-44e6fe1f7a96","UNDE_017.basePlot.bet","D05","UNDE","UNDE_017","N","2015-07-20","2015-08-03","2015-11-02","2015-09-30","xHY1KmNCr23nhIQ3WiWhMBg3owbAjM8TjlaURWHWQTs=","NEON.BET.D05.000378","PTECOR1","Pterostichus coracinus","species","cf. species","Newman",,"Lindroth, C. H. 1969. The ground-beetles (Carabidae, excl. Cicindelinae) of Canada and Alaska, parts 1-6. Opuscula E. Entomoligiska Sallskapet.",,"Syw2LXB/pj+fmGCuwdgBGVryVUmYhw3g","Syw2LXB/pj+fmGCuwdgBGVryVUmYhw3g",
"80451bb0-5690-4eaf-ba19-a7b50b4aa649","UNDE_017.basePlot.bet","D05","UNDE","UNDE_017","N","2015-07-20","2015-08-03","2015-11-02","2015-09-30","xHY1KmNCr23nhIQ3WiWhMBg3owbAjM8TjlaURWHWQTs=","NEON.BET.D05.000373","PTECOR1","Pterostichus coracinus","species","cf. species","Newman",,"Lindroth, C. H. 1969. The ground-beetles (Carabidae, excl. Cicindelinae) of Canada and Alaska, parts 1-6. Opuscula E. Entomoligiska Sallskapet.",,"Syw2LXB/pj+fmGCuwdgBGVryVUmYhw3g","Syw2LXB/pj+fmGCuwdgBGVryVUmYhw3g",
"af01a4a9-6322-4580-a3bd-415d3f64231e","UNDE_006.basePlot.bet","D05","UNDE","UNDE_006","S","2015-07-20","2015-08-03","2015-11-03","2015-10-28","izIYmtFoQUincgda/qaeEk5ueazZlG7aMye7lYhS+Qo=","NEON.BET.D05.000500","PTEMEL","Pterostichus melanarius melanarius","subspecies",,"Illiger",,"Lindroth, C. H. 1969. The ground-beetles (Carabidae, excl. Cicindelinae) of Canada and Alaska, parts 1-6. Opuscula E. Entomoligiska Sallskapet.",,"Syw2LXB/pj+fmGCuwdgBGVryVUmYhw3g","Syw2LXB/pj+fmGCuwdgBGVryVUmYhw3g",
"ac1d38fc-24e7-4145-80a2-bf8c7b9e04e4","UNDE_010.basePlot.bet","D05","UNDE","UNDE_010","S","2015-07-20","2015-08-03","2015-11-03","2015-09-25","hQDJ3TYDfowchf80HEbqrJAyydGlzzlA83WefSA8XII=","NEON.BET.D05.000468","PTEMEL","Pterostichus melanarius melanarius","subspecies",,"Illiger",,"Lindroth, C. H. 1969. The ground-beetles (Carabidae, excl. Cicindelinae) of Canada and Alaska, parts 1-6. Opuscula E. Entomoligiska Sallskapet.",,"XZoPj1u9UmznO7Lakic/e+h3MMLMvbQt","Syw2LXB/pj+fmGCuwdgBGVryVUmYhw3g",
"2fa60705-5812-4dad-be1d-486d8f0ce927","UNDE_006.basePlot.bet","D05","UNDE","UNDE_006","S","2015-07-20","2015-08-03","2015-11-03","2015-10-28","izIYmtFoQUincgda/qaeEk5ueazZlG7aMye7lYhS+Qo=","NEON.BET.D05.000497","PTEMEL","Pterostichus melanarius melanarius","subspecies",,"Illiger",,"Lindroth, C. H. 1969. The ground-beetles (Carabidae, excl. Cicindelinae) of Canada and Alaska, parts 1-6. Opuscula E. Entomoligiska Sallskapet.",,"Syw2LXB/pj+fmGCuwdgBGVryVUmYhw3g","Syw2LXB/pj+fmGCuwdgBGVryVUmYhw3g",
"0748ddf4-80e8-4690-928e-58dfa0352afe","UNDE_006.basePlot.bet","D05","UNDE","UNDE_006","S","2015-07-20","2015-08-03","2015-11-03","2015-10-28","izIYmtFoQUincgda/qaeEk5ueazZlG7aMye7lYhS+Qo=","NEON.BET.D05.000494","PTEMEL","Pterostichus melanarius melanarius","subspecies",,"Illiger",,"Lindroth, C. H. 1969. The ground-beetles (Carabidae, excl. Cicindelinae) of Canada and Alaska, parts 1-6. Opuscula E. Entomoligiska Sallskapet.",,"Syw2LXB/pj+fmGCuwdgBGVryVUmYhw3g","Syw2LXB/pj+fmGCuwdgBGVryVUmYhw3g",
"b9403c0c-9ef5-487c-86a7-4406ed502b15","UNDE_006.basePlot.bet","D05","UNDE","UNDE_006","S","2015-07-20","2015-08-03","2015-11-03","2015-10-28","izIYmtFoQUincgda/qaeEk5ueazZlG7aMye7lYhS+Qo=","NEON.BET.D05.000499","PTEMEL","Pterostichus melanarius melanarius","subspecies",,"Illiger",,"Lindroth, C. H. 1969. The ground-beetles (Carabidae, excl. Cicindelinae) of Canada and Alaska, parts 1-6. Opuscula E. Entomoligiska Sallskapet.",,"Syw2LXB/pj+fmGCuwdgBGVryVUmYhw3g","Syw2LXB/pj+fmGCuwdgBGVryVUmYhw3g",
"3ca31c35-8352-4208-9268-2f2722b5ff09","UNDE_006.basePlot.bet","D05","UNDE","UNDE_006","S","2015-07-20","2015-08-03","2015-11-03","2015-10-28","izIYmtFoQUincgda/qaeEk5ueazZlG7aMye7lYhS+Qo=","NEON.BET.D05.000496","PTEMEL","Pterostichus melanarius melanarius","subspecies",,"Illiger",,"Lindroth, C. H. 1969. The ground-beetles (Carabidae, excl. Cicindelinae) of Canada and Alaska, parts 1-6. Opuscula E. Entomoligiska Sallskapet.",,"Syw2LXB/pj+fmGCuwdgBGVryVUmYhw3g","Syw2LXB/pj+fmGCuwdgBGVryVUmYhw3g",
"0886a772-6138-471f-9e6e-955a0d0a5f78","UNDE_006.basePlot.bet","D05","UNDE","UNDE_006","S","2015-07-20","2015-08-03","2015-11-03","2015-10-28","izIYmtFoQUincgda/qaeEk5ueazZlG7aMye7lYhS+Qo=","NEON.BET.D05.000495","PTEMEL","Pterostichus melanarius melanarius","subspecies",,"Illiger",,"Lindroth, C. H. 1969. The ground-beetles (Carabidae, excl. Cicindelinae) of Canada and Alaska, parts 1-6. Opuscula E. Entomoligiska Sallskapet.",,"Syw2LXB/pj+fmGCuwdgBGVryVUmYhw3g","Syw2LXB/pj+fmGCuwdgBGVryVUmYhw3g",
"756cc59c-29ca-4861-9d03-a69d78815201","UNDE_006.basePlot.bet","D05","UNDE","UNDE_006","S","2015-07-20","2015-08-03","2015-11-03","2015-10-28","izIYmtFoQUincgda/qaeEk5ueazZlG7aMye7lYhS+Qo=","NEON.BET.D05.000498","PTEMEL","Pterostichus melanarius melanarius","subspecies",,"Illiger",,"Lindroth, C. H. 1969. The ground-beetles (Carabidae, excl. Cicindelinae) of Canada and Alaska, parts 1-6. Opuscula E. Entomoligiska Sallskapet.",,"Syw2LXB/pj+fmGCuwdgBGVryVUmYhw3g","Syw2LXB/pj+fmGCuwdgBGVryVUmYhw3g",
"ae1d0329-afac-4e2a-87dd-5f2c16da97ea","UNDE_006.basePlot.bet","D05","UNDE","UNDE_006","S","2015-07-20","2015-08-03","2015-11-04","2015-10-28","izIYmtFoQUincgda/qaeEr2UbCyfVcZUH8ycdQ3JI6A=","NEON.BET.D05.000545","SYNIMP","Synuchus impunctatus","species",,"Say",,"Lindroth, C. H. 1969. The ground-beetles (Carabidae, excl. Cicindelinae) of Canada and Alaska, parts 1-6. Opuscula E. Entomoligiska Sallskapet.",,"Syw2LXB/pj+fmGCuwdgBGVryVUmYhw3g","Syw2LXB/pj+fmGCuwdgBGVryVUmYhw3g",
"8c2a9f3d-ed07-4dac-8438-26246c3ad047","UNDE_010.basePlot.bet","D05","UNDE","UNDE_010","S","2015-07-20","2015-08-03","2015-10-29","2015-09-25","hQDJ3TYDfowchf80HEbqrGfcEShalPep7Un54uExoKo=","NEON.BET.D05.000351","SYNIMP","Synuchus impunctatus","species",,"Say",,"Lindroth, C. H. 1969. The ground-beetles (Carabidae, excl. Cicindelinae) of Canada and Alaska, parts 1-6. Opuscula E. Entomoligiska Sallskapet.",,"Syw2LXB/pj+fmGCuwdgBGVryVUmYhw3g","XZoPj1u9UmznO7Lakic/e+h3MMLMvbQt",
"720843e3-5aee-4e07-95aa-5ba2a6e02b26","UNDE_010.basePlot.bet","D05","UNDE","UNDE_010","S","2015-07-20","2015-08-03","2015-10-29","2015-09-25","hQDJ3TYDfowchf80HEbqrBWFlfEJWq6LAl+2uH0vIho=","NEON.BET.D05.000295","CYMCRI","Cymindis cribricollis","species",,"Dejean",,"Lindroth, C. H. 1969. The ground-beetles (Carabidae, excl. Cicindelinae) of Canada and Alaska, parts 1-6. Opuscula E. Entomoligiska Sallskapet.",,"Syw2LXB/pj+fmGCuwdgBGVryVUmYhw3g","lLQBQVfayhr3D1tZaVTYCAmpRMui4lXg/r98CgvafXs=",
"7561ae77-222d-4081-a4f7-e94e8c959fc3","UNDE_017.basePlot.bet","D05","UNDE","UNDE_017","S","2015-07-20","2015-08-03","2015-10-29","2015-09-30","xHY1KmNCr2390iLeCQFtjqU4er1EnsHWE0SwpzbohOA=","NEON.BET.D05.000314","SYNIMP","Synuchus impunctatus","species",,"Say",,"Lindroth, C. H. 1969. The ground-beetles (Carabidae, excl. Cicindelinae) of Canada and Alaska, parts 1-6. Opuscula E. Entomoligiska Sallskapet.",,"Syw2LXB/pj+fmGCuwdgBGVryVUmYhw3g","lLQBQVfayhr3D1tZaVTYCAmpRMui4lXg/r98CgvafXs=",
"cb1c933c-d04e-47fd-a714-b1a9b56ea857","UNDE_017.basePlot.bet","D05","UNDE","UNDE_017","S","2015-07-20","2015-08-03","2015-10-29","2015-09-30","xHY1KmNCr2390iLeCQFtjqU4er1EnsHWE0SwpzbohOA=","NEON.BET.D05.000315","SYNIMP","Synuchus impunctatus","species",,"Say",,"Lindroth, C. H. 1969. The ground-beetles (Carabidae, excl. Cicindelinae) of Canada and Alaska, parts 1-6. Opuscula E. Entomoligiska Sallskapet.",,"Syw2LXB/pj+fmGCuwdgBGVryVUmYhw3g","lLQBQVfayhr3D1tZaVTYCAmpRMui4lXg/r98CgvafXs=",
"f9b78a8f-9cd3-4cc9-97a2-0bc22480f2e2","UNDE_001.basePlot.bet","D05","UNDE","UNDE_001","S","2015-07-20","2015-08-03","2015-11-02","2015-09-29","kh3xmoTmJnBOmO2jgFxxyYwdLf00T0O+vNcuOn3kEI4=","NEON.BET.D05.000386","PTECOR1","Pterostichus coracinus","species","cf. species","Newman",,"Lindroth, C. H. 1969. The ground-beetles (Carabidae, excl. Cicindelinae) of Canada and Alaska, parts 1-6. Opuscula E. Entomoligiska Sallskapet.",,"Syw2LXB/pj+fmGCuwdgBGVryVUmYhw3g","Syw2LXB/pj+fmGCuwdgBGVryVUmYhw3g",
"b330c55d-318f-4b8f-9209-6bbfe05d360a","UNDE_008.basePlot.bet","D05","UNDE","UNDE_008","S","2015-07-20","2015-08-03","2015-11-02","2015-10-28","MjA7sUqH2CbTzc7rq9n5rva8ikBp7VZQCMOS8ERfE/8=","NEON.BET.D05.000398","PTECOR1","Pterostichus coracinus","species","cf. species","Newman",,"Lindroth, C. H. 1969. The ground-beetles (Carabidae, excl. Cicindelinae) of Canada and Alaska, parts 1-6. Opuscula E. Entomoligiska Sallskapet.",,"Syw2LXB/pj+fmGCuwdgBGVryVUmYhw3g","Syw2LXB/pj+fmGCuwdgBGVryVUmYhw3g",
"f6971462-a78b-4922-9fd1-ecc827cf5dc3","UNDE_007.basePlot.bet","D05","UNDE","UNDE_007","S","2015-07-20","2015-08-03","2015-11-02","2015-10-28","sj+sxzQpSGAJvREnLoEniq1GkWBbLr9m5MnzI6wDYjE=","NEON.BET.D05.000396","PTECOR1","Pterostichus coracinus","species","cf. species","Newman",,"Lindroth, C. H. 1969. The ground-beetles (Carabidae, excl. Cicindelinae) of Canada and Alaska, parts 1-6. Opuscula E. Entomoligiska Sallskapet.",,"Syw2LXB/pj+fmGCuwdgBGVryVUmYhw3g","Syw2LXB/pj+fmGCuwdgBGVryVUmYhw3g",
"7a4ddd64-f6d0-41e7-a2a0-9f6051112e82","UNDE_017.basePlot.bet","D05","UNDE","UNDE_017","S","2015-07-20","2015-08-03","2015-11-02","2015-09-30","xHY1KmNCr2390iLeCQFtjgx5YARkQIMkWsVJkOmTJ5k=","NEON.BET.D05.000372","PTECOR1","Pterostichus coracinus","species","cf. species","Newman",,"Lindroth, C. H. 1969. The ground-beetles (Carabidae, excl. Cicindelinae) of Canada and Alaska, parts 1-6. Opuscula E. Entomoligiska Sallskapet.",,"Syw2LXB/pj+fmGCuwdgBGVryVUmYhw3g","Syw2LXB/pj+fmGCuwdgBGVryVUmYhw3g",
"9586a337-89a3-42c9-aac2-13009f935183","UNDE_007.basePlot.bet","D05","UNDE","UNDE_007","W","2015-07-20","2015-08-03","2015-11-04","2015-10-28","sj+sxzQpSGD1HzFiTYVmCn2i4rkMZva9KhysvH0w0ls=","NEON.BET.D05.000531","PTEMEL","Pterostichus melanarius melanarius","subspecies",,"Illiger",,"Lindroth, C. H. 1969. The ground-beetles (Carabidae, excl. Cicindelinae) of Canada and Alaska, parts 1-6. Opuscula E. Entomoligiska Sallskapet.",,"Syw2LXB/pj+fmGCuwdgBGVryVUmYhw3g","Syw2LXB/pj+fmGCuwdgBGVryVUmYhw3g",
"f923b0f0-1797-42b0-866f-e73e29f0141e","UNDE_007.basePlot.bet","D05","UNDE","UNDE_007","W","2015-07-20","2015-08-03","2015-11-04","2015-10-28","sj+sxzQpSGD1HzFiTYVmCn2i4rkMZva9KhysvH0w0ls=","NEON.BET.D05.000533","PTEMEL","Pterostichus melanarius melanarius","subspecies",,"Illiger",,"Lindroth, C. H. 1969. The ground-beetles (Carabidae, excl. Cicindelinae) of Canada and Alaska, parts 1-6. Opuscula E. Entomoligiska Sallskapet.",,"Syw2LXB/pj+fmGCuwdgBGVryVUmYhw3g","Syw2LXB/pj+fmGCuwdgBGVryVUmYhw3g",
"f4870efd-599c-4854-8660-7e42d0e7e519","UNDE_007.basePlot.bet","D05","UNDE","UNDE_007","W","2015-07-20","2015-08-03","2015-11-04","2015-10-28","sj+sxzQpSGD1HzFiTYVmCn2i4rkMZva9KhysvH0w0ls=","NEON.BET.D05.000532","PTEMEL","Pterostichus melanarius melanarius","subspecies",,"Illiger",,"Lindroth, C. H. 1969. The ground-beetles (Carabidae, excl. Cicindelinae) of Canada and Alaska, parts 1-6. Opuscula E. Entomoligiska Sallskapet.",,"Syw2LXB/pj+fmGCuwdgBGVryVUmYhw3g","Syw2LXB/pj+fmGCuwdgBGVryVUmYhw3g",
"13b0b888-6bae-4dfa-900a-f360eb46b528","UNDE_001.basePlot.bet","D05","UNDE","UNDE_001","W","2015-07-20","2015-08-03","2015-10-29","2015-09-29","kh3xmoTmJnDe9rFmDlBXbcB2nqbV3EhUUq5jWniLpEU=","NEON.BET.D05.000346","SYNIMP","Synuchus impunctatus","species",,"Say",,"Lindroth, C. H. 1969. The ground-beetles (Carabidae, excl. Cicindelinae) of Canada and Alaska, parts 1-6. Opuscula E. Entomoligiska Sallskapet.",,"Syw2LXB/pj+fmGCuwdgBGVryVUmYhw3g","XZoPj1u9UmznO7Lakic/e+h3MMLMvbQt",
"2e36a636-c302-4d53-b1a4-3e8857388ec0","UNDE_011.basePlot.bet","D05","UNDE","UNDE_011","W","2015-07-20","2015-08-03","2015-10-29","2015-10-01","0Ya1AWR2lPhXpWIOgzgwG8dgIw9YlH7P6SKvjUPZ+5g=","NEON.BET.D05.000321","SYNIMP","Synuchus impunctatus","species",,"Say",,"Lindroth, C. H. 1969. The ground-beetles (Carabidae, excl. Cicindelinae) of Canada and Alaska, parts 1-6. Opuscula E. Entomoligiska Sallskapet.",,"Syw2LXB/pj+fmGCuwdgBGVryVUmYhw3g","lLQBQVfayhr3D1tZaVTYCAmpRMui4lXg/r98CgvafXs=",
"f8f727f2-ab5e-4a3f-bf7f-69ecbc499302","UNDE_003.basePlot.bet","D05","UNDE","UNDE_003","W","2015-07-20","2015-08-03","2015-10-29","2015-10-01","UKgrtiGQYSCMMKqzs+IsfcK5ix/t0vjmfGXLpWNKfFQ=","NEON.BET.D05.000310","SYNIMP","Synuchus impunctatus","species",,"Say",,"Lindroth, C. H. 1969. The ground-beetles (Carabidae, excl. Cicindelinae) of Canada and Alaska, parts 1-6. Opuscula E. Entomoligiska Sallskapet.",,"Syw2LXB/pj+fmGCuwdgBGVryVUmYhw3g","lLQBQVfayhr3D1tZaVTYCAmpRMui4lXg/r98CgvafXs=",
"e1b1a55f-39eb-460e-a7e1-cdd7d2fc7a41","UNDE_012.basePlot.bet","D05","UNDE","UNDE_012","W","2015-07-20","2015-08-03","2015-11-04","2015-10-28","+v0vuVmyR4D8BUMGCb9TBjKSxxn8MRUYMeckeE0DBUA=","NEON.BET.D05.000568","SYNIMP","Synuchus impunctatus","species",,"Say",,"Lindroth, C. H. 1969. The ground-beetles (Carabidae, excl. Cicindelinae) of Canada and Alaska, parts 1-6. Opuscula E. Entomoligiska Sallskapet.",,"Syw2LXB/pj+fmGCuwdgBGVryVUmYhw3g","Syw2LXB/pj+fmGCuwdgBGVryVUmYhw3g",
"2931d679-94db-40fd-9e82-81de22ed4109","UNDE_007.basePlot.bet","D05","UNDE","UNDE_007","W","2015-07-20","2015-08-03","2015-11-04","2015-10-28","sj+sxzQpSGD1HzFiTYVmCqoYINtWcWHYiAcKRLzTcTY=","NEON.BET.D05.000544","SYNIMP","Synuchus impunctatus","species",,"Say",,"Lindroth, C. H. 1969. The ground-beetles (Carabidae, excl. Cicindelinae) of Canada and Alaska, parts 1-6. Opuscula E. Entomoligiska Sallskapet.",,"Syw2LXB/pj+fmGCuwdgBGVryVUmYhw3g","Syw2LXB/pj+fmGCuwdgBGVryVUmYhw3g",
"f38d2786-d5ee-473f-a012-9ebc564f8752","UNDE_011.basePlot.bet","D05","UNDE","UNDE_011","W","2015-07-20","2015-08-03","2015-11-02","2015-10-01","0Ya1AWR2lPhXpWIOgzgwG5vnkXuG2SovOEtWAWAC+Js=","NEON.BET.D05.000370","PTECOR1","Pterostichus coracinus","species","cf. species","Newman",,"Lindroth, C. H. 1969. The ground-beetles (Carabidae, excl. Cicindelinae) of Canada and Alaska, parts 1-6. Opuscula E. Entomoligiska Sallskapet.",,"Syw2LXB/pj+fmGCuwdgBGVryVUmYhw3g","Syw2LXB/pj+fmGCuwdgBGVryVUmYhw3g",
"b9577c3a-d775-4b07-a579-e8ba2ca3a2c2","UNDE_007.basePlot.bet","D05","UNDE","UNDE_007","W","2015-07-20","2015-08-03","2015-11-02","2015-10-28","sj+sxzQpSGD1HzFiTYVmCk5YqMFhrNzSjhIEbFO+Hhk=","NEON.BET.D05.000405","PTECOR1","Pterostichus coracinus","species","cf. species","Newman",,"Lindroth, C. H. 1969. The ground-beetles (Carabidae, excl. Cicindelinae) of Canada and Alaska, parts 1-6. Opuscula E. Entomoligiska Sallskapet.",,"Syw2LXB/pj+fmGCuwdgBGVryVUmYhw3g","Syw2LXB/pj+fmGCuwdgBGVryVUmYhw3g",
"581a307c-0981-4b4f-b68f-92e99f8d2a4a","UNDE_011.basePlot.bet","D05","UNDE","UNDE_011","E","2015-08-03","2015-08-17","2015-11-02","2015-10-01","0Ya1AWR2lPiVqJfHQh+4u7rwvGe3Wp83rimSfNSLtYI=","NEON.BET.D05.000366","PTECOR1","Pterostichus coracinus","species","cf. species","Newman",,"Lindroth, C. H. 1969. The ground-beetles (Carabidae, excl. Cicindelinae) of Canada and Alaska, parts 1-6. Opuscula E. Entomoligiska Sallskapet.",,"Syw2LXB/pj+fmGCuwdgBGVryVUmYhw3g","Syw2LXB/pj+fmGCuwdgBGVryVUmYhw3g",
"d13e7da4-b8fd-4b47-8f65-7f2d598a3442","UNDE_008.basePlot.bet","D05","UNDE","UNDE_008","W","2015-08-03","2015-08-17","2015-10-29","2015-10-01","MjA7sUqH2Cau71Ud/qCQ7DfaeHIZq5+yysV26M1lcO0=","NEON.BET.D05.000309","SYNIMP","Synuchus impunctatus","species",,"Say",,"Lindroth, C. H. 1969. The ground-beetles (Carabidae, excl. Cicindelinae) of Canada and Alaska, parts 1-6. Opuscula E. Entomoligiska Sallskapet.",,"Syw2LXB/pj+fmGCuwdgBGVryVUmYhw3g","lLQBQVfayhr3D1tZaVTYCAmpRMui4lXg/r98CgvafXs=",
"0c8cadb4-506d-47a5-a29b-3c3de5057106","UNDE_007.basePlot.bet","D05","UNDE","UNDE_007","W","2015-08-03","2015-08-17","2015-11-03","2015-09-29","sj+sxzQpSGD1HzFiTYVmCstJgOq7pgRQjwXAiNXaYVw=","NEON.BET.D05.000461","PTEMEL","Pterostichus melanarius melanarius","subspecies",,"Illiger",,"Lindroth, C. H. 1969. The ground-beetles (Carabidae, excl. Cicindelinae) of Canada and Alaska, parts 1-6. Opuscula E. Entomoligiska Sallskapet.",,"Syw2LXB/pj+fmGCuwdgBGVryVUmYhw3g","Syw2LXB/pj+fmGCuwdgBGVryVUmYhw3g",
"bfcb49ae-13cf-4a7d-b6fb-f1d86bb21438","UNDE_008.basePlot.bet","D05","UNDE","UNDE_008","W","2015-08-03","2015-08-17","2015-11-02","2015-10-01","MjA7sUqH2Cau71Ud/qCQ7J00WEF7XDsw2hrxNtrrqWU=","NEON.BET.D05.000438","PTEMEL","Pterostichus melanarius melanarius","subspecies",,"Illiger",,"Lindroth, C. H. 1969. The ground-beetles (Carabidae, excl. Cicindelinae) of Canada and Alaska, parts 1-6. Opuscula E. Entomoligiska Sallskapet.",,"Syw2LXB/pj+fmGCuwdgBGVryVUmYhw3g","Syw2LXB/pj+fmGCuwdgBGVryVUmYhw3g",
"b148a1f1-2e5a-4c99-a2e5-3c4866b4de73","UNDE_012.basePlot.bet","D05","UNDE","UNDE_012","W","2015-08-03","2015-08-17","2015-11-02","2015-10-01","+v0vuVmyR4D8BUMGCb9TBqqswXcuUnPlrEse4TMA9VA=","NEON.BET.D05.000440","PTEMEL","Pterostichus melanarius melanarius","subspecies",,"Illiger",,"Lindroth, C. H. 1969. The ground-beetles (Carabidae, excl. Cicindelinae) of Canada and Alaska, parts 1-6. Opuscula E. Entomoligiska Sallskapet.",,"Syw2LXB/pj+fmGCuwdgBGVryVUmYhw3g","Syw2LXB/pj+fmGCuwdgBGVryVUmYhw3g",
"11079204-5e1f-4791-a7d0-5132e704450e","UNDE_007.basePlot.bet","D05","UNDE","UNDE_007","W","2015-08-03","2015-08-17","2015-11-03","2015-09-29","sj+sxzQpSGD1HzFiTYVmCstJgOq7pgRQjwXAiNXaYVw=","NEON.BET.D05.000459","PTEMEL","Pterostichus melanarius melanarius","subspecies",,"Illiger",,"Lindroth, C. H. 1969. The ground-beetles (Carabidae, excl. Cicindelinae) of Canada and Alaska, parts 1-6. Opuscula E. Entomoligiska Sallskapet.",,"Syw2LXB/pj+fmGCuwdgBGVryVUmYhw3g","Syw2LXB/pj+fmGCuwdgBGVryVUmYhw3g",
"79b0f766-6a17-465b-9529-b148844a7c90","UNDE_007.basePlot.bet","D05","UNDE","UNDE_007","W","2015-08-03","2015-08-17","2015-11-03","2015-09-29","sj+sxzQpSGD1HzFiTYVmCstJgOq7pgRQjwXAiNXaYVw=","NEON.BET.D05.000460","PTEMEL","Pterostichus melanarius melanarius","subspecies",,"Illiger",,"Lindroth, C. H. 1969. The ground-beetles (Carabidae, excl. Cicindelinae) of Canada and Alaska, parts 1-6. Opuscula E. Entomoligiska Sallskapet.",,"Syw2LXB/pj+fmGCuwdgBGVryVUmYhw3g","Syw2LXB/pj+fmGCuwdgBGVryVUmYhw3g",
"40fc8ea6-809c-4806-bc79-cf4c19506ea9","UNDE_017.basePlot.bet","D05","UNDE","UNDE_017","S","2015-08-03","2015-08-17","2015-11-02","2015-09-30","xHY1KmNCr2390iLeCQFtjjI42bQ/B5FQuuPYu9tfebs=","NEON.BET.D05.000368","PTECOR1","Pterostichus coracinus","species","cf. species","Newman",,"Lindroth, C. H. 1969. The ground-beetles (Carabidae, excl. Cicindelinae) of Canada and Alaska, parts 1-6. Opuscula E. Entomoligiska Sallskapet.",,"Syw2LXB/pj+fmGCuwdgBGVryVUmYhw3g","Syw2LXB/pj+fmGCuwdgBGVryVUmYhw3g",
"2056678c-3586-4693-b0f6-a6077ca75d0f","UNDE_001.basePlot.bet","D05","UNDE","UNDE_001","S","2015-08-03","2015-08-17","2015-11-02","2015-10-28","kh3xmoTmJnBOmO2jgFxxyYLDoyDuXfbt4plbPKbSIcc=","NEON.BET.D05.000406","PTECOR1","Pterostichus coracinus","species","cf. species","Newman",,"Lindroth, C. H. 1969. The ground-beetles (Carabidae, excl. Cicindelinae) of Canada and Alaska, parts 1-6. Opuscula E. Entomoligiska Sallskapet.",,"Syw2LXB/pj+fmGCuwdgBGVryVUmYhw3g","Syw2LXB/pj+fmGCuwdgBGVryVUmYhw3g",
"9314dc70-d0ac-4e33-8a27-c88d0267f751","UNDE_001.basePlot.bet","D05","UNDE","UNDE_001","S","2015-08-03","2015-08-17","2015-11-02","2015-10-28","kh3xmoTmJnBOmO2jgFxxyYLDoyDuXfbt4plbPKbSIcc=","NEON.BET.D05.000407","PTECOR1","Pterostichus coracinus","species","cf. species","Newman",,"Lindroth, C. H. 1969. The ground-beetles (Carabidae, excl. Cicindelinae) of Canada and Alaska, parts 1-6. Opuscula E. Entomoligiska Sallskapet.",,"Syw2LXB/pj+fmGCuwdgBGVryVUmYhw3g","Syw2LXB/pj+fmGCuwdgBGVryVUmYhw3g",
"2c369406-632f-42b2-acaa-4420e266b5f3","UNDE_017.basePlot.bet","D05","UNDE","UNDE_017","S","2015-08-03","2015-08-17","2015-11-02","2015-09-30","xHY1KmNCr2390iLeCQFtjjI42bQ/B5FQuuPYu9tfebs=","NEON.BET.D05.000364","PTECOR1","Pterostichus coracinus","species","cf. species","Newman",,"Lindroth, C. H. 1969. The ground-beetles (Carabidae, excl. Cicindelinae) of Canada and Alaska, parts 1-6. Opuscula E. Entomoligiska Sallskapet.",,"Syw2LXB/pj+fmGCuwdgBGVryVUmYhw3g","Syw2LXB/pj+fmGCuwdgBGVryVUmYhw3g",
"691fa925-70dc-4e5d-b899-149992c46a66","UNDE_006.basePlot.bet","D05","UNDE","UNDE_006","S","2015-08-03","2015-08-17","2015-10-29","2015-09-25","izIYmtFoQUincgda/qaeEmupQFLWlh6hV6y7kP2pW0Q=","NEON.BET.D05.000355","SYNIMP","Synuchus impunctatus","species",,"Say",,"Lindroth, C. H. 1969. The ground-beetles (Carabidae, excl. Cicindelinae) of Canada and Alaska, parts 1-6. Opuscula E. Entomoligiska Sallskapet.",,"Syw2LXB/pj+fmGCuwdgBGVryVUmYhw3g","XZoPj1u9UmznO7Lakic/e+h3MMLMvbQt",
"308c8666-863b-4f6a-8fce-b4a7f391ea40","UNDE_007.basePlot.bet","D05","UNDE","UNDE_007","S","2015-08-03","2015-08-17","2015-11-03","2015-10-28","sj+sxzQpSGAJvREnLoEnilrksj5/1fA6NmOVzoN6EZY=","NEON.BET.D05.000492","PTEMEL","Pterostichus melanarius melanarius","subspecies",,"Illiger",,"Lindroth, C. H. 1969. The ground-beetles (Carabidae, excl. Cicindelinae) of Canada and Alaska, parts 1-6. Opuscula E. Entomoligiska Sallskapet.",,"Syw2LXB/pj+fmGCuwdgBGVryVUmYhw3g","Syw2LXB/pj+fmGCuwdgBGVryVUmYhw3g",
"d8785052-d31a-4a0a-b08d-85c43e5ccea3","UNDE_017.basePlot.bet","D05","UNDE","UNDE_017","S","2015-08-03","2015-08-17","2015-11-04","2015-09-30","xHY1KmNCr2390iLeCQFtjtaF3qLuPQLoNGdlxHi49E8=","NEON.BET.D05.000581","CARNEM","Carabus nemoralis nemoralis","subspecies",,"Mueller",,"Evans, A. V. 2014. Beetles of Eastern North America. 1st Ed. Princeton University Press, Princeton, NJ.",,"Syw2LXB/pj+fmGCuwdgBGVryVUmYhw3g","Syw2LXB/pj+fmGCuwdgBGVryVUmYhw3g",
"46a9a645-81f4-42ad-915e-f247dfba8f39","UNDE_006.basePlot.bet","D05","UNDE","UNDE_006","S","2015-08-03","2015-08-17","2015-11-03","2015-09-25","izIYmtFoQUincgda/qaeEnQjX29peLu4Y2T0U/U29ms=","NEON.BET.D05.000482","PTEMEL","Pterostichus melanarius melanarius","subspecies",,"Illiger",,"Lindroth, C. H. 1969. The ground-beetles (Carabidae, excl. Cicindelinae) of Canada and Alaska, parts 1-6. Opuscula E. Entomoligiska Sallskapet.",,"XZoPj1u9UmznO7Lakic/e+h3MMLMvbQt","Syw2LXB/pj+fmGCuwdgBGVryVUmYhw3g",
"f2d00f33-2689-488a-a6b1-4cb419e6f6bb","UNDE_012.basePlot.bet","D05","UNDE","UNDE_012","S","2015-08-03","2015-08-17","2015-11-03","2015-10-01","+v0vuVmyR4CIkd7rDYGbT4ljAcpbTRtVWRSsxNn+rI4=","NEON.BET.D05.000441","PTEMEL","Pterostichus melanarius melanarius","subspecies","cf. species","Illiger",,"Lindroth, C. H. 1969. The ground-beetles (Carabidae, excl. Cicindelinae) of Canada and Alaska, parts 1-6. Opuscula E. Entomoligiska Sallskapet.",,"Syw2LXB/pj+fmGCuwdgBGVryVUmYhw3g","Syw2LXB/pj+fmGCuwdgBGVryVUmYhw3g",
"c1f5e20f-ad61-4b2f-9216-8ef91e2bd096","UNDE_006.basePlot.bet","D05","UNDE","UNDE_006","S","2015-08-03","2015-08-17","2015-11-03","2015-09-25","izIYmtFoQUincgda/qaeEnQjX29peLu4Y2T0U/U29ms=","NEON.BET.D05.000473","PTEMEL","Pterostichus melanarius melanarius","subspecies",,"Illiger",,"Lindroth, C. H. 1969. The ground-beetles (Carabidae, excl. Cicindelinae) of Canada and Alaska, parts 1-6. Opuscula E. Entomoligiska Sallskapet.",,"XZoPj1u9UmznO7Lakic/e+h3MMLMvbQt","Syw2LXB/pj+fmGCuwdgBGVryVUmYhw3g",
"685c5510-ee0f-440f-8368-c9f314c5e334","UNDE_006.basePlot.bet","D05","UNDE","UNDE_006","S","2015-08-03","2015-08-17","2015-11-03","2015-09-25","izIYmtFoQUincgda/qaeEnQjX29peLu4Y2T0U/U29ms=","NEON.BET.D05.000481","PTEMEL","Pterostichus melanarius melanarius","subspecies",,"Illiger",,"Lindroth, C. H. 1969. The ground-beetles (Carabidae, excl. Cicindelinae) of Canada and Alaska, parts 1-6. Opuscula E. Entomoligiska Sallskapet.",,"XZoPj1u9UmznO7Lakic/e+h3MMLMvbQt","Syw2LXB/pj+fmGCuwdgBGVryVUmYhw3g",
"4a634570-cd0d-4565-b341-bfdbc4479f2d","UNDE_006.basePlot.bet","D05","UNDE","UNDE_006","S","2015-08-03","2015-08-17","2015-11-03","2015-09-25","izIYmtFoQUincgda/qaeEnQjX29peLu4Y2T0U/U29ms=","NEON.BET.D05.000465","PTEMEL","Pterostichus melanarius melanarius","subspecies","cf. species","Illiger",,"Lindroth, C. H. 1969. The ground-beetles (Carabidae, excl. Cicindelinae) of Canada and Alaska, parts 1-6. Opuscula E. Entomoligiska Sallskapet.",,"XZoPj1u9UmznO7Lakic/e+h3MMLMvbQt","Syw2LXB/pj+fmGCuwdgBGVryVUmYhw3g",
"a2fae089-5b9a-40aa-a6af-a6894128ebfc","UNDE_006.basePlot.bet","D05","UNDE","UNDE_006","S","2015-08-03","2015-08-17","2015-11-03","2015-09-25","izIYmtFoQUincgda/qaeEnQjX29peLu4Y2T0U/U29ms=","NEON.BET.D05.000474","PTEMEL","Pterostichus melanarius melanarius","subspecies",,"Illiger",,"Lindroth, C. H. 1969. The ground-beetles (Carabidae, excl. Cicindelinae) of Canada and Alaska, parts 1-6. Opuscula E. Entomoligiska Sallskapet.",,"XZoPj1u9UmznO7Lakic/e+h3MMLMvbQt","Syw2LXB/pj+fmGCuwdgBGVryVUmYhw3g",
"013d760b-5c6c-4cde-bb93-1b98d90d49f5","UNDE_012.basePlot.bet","D05","UNDE","UNDE_012","S","2015-08-03","2015-08-17","2015-11-03","2015-10-01","+v0vuVmyR4CIkd7rDYGbT4ljAcpbTRtVWRSsxNn+rI4=","NEON.BET.D05.000442","PTEMEL","Pterostichus melanarius melanarius","subspecies","cf. species","Illiger",,"Lindroth, C. H. 1969. The ground-beetles (Carabidae, excl. Cicindelinae) of Canada and Alaska, parts 1-6. Opuscula E. Entomoligiska Sallskapet.",,"Syw2LXB/pj+fmGCuwdgBGVryVUmYhw3g","Syw2LXB/pj+fmGCuwdgBGVryVUmYhw3g",
"15c3189d-1917-4a29-9ecc-4be8f018b799","UNDE_007.basePlot.bet","D05","UNDE","UNDE_007","S","2015-08-03","2015-08-17","2015-11-03","2015-10-28","sj+sxzQpSGAJvREnLoEnilrksj5/1fA6NmOVzoN6EZY=","NEON.BET.D05.000493","PTEMEL","Pterostichus melanarius melanarius","subspecies",,"Illiger",,"Lindroth, C. H. 1969. The ground-beetles (Carabidae, excl. Cicindelinae) of Canada and Alaska, parts 1-6. Opuscula E. Entomoligiska Sallskapet.",,"Syw2LXB/pj+fmGCuwdgBGVryVUmYhw3g","Syw2LXB/pj+fmGCuwdgBGVryVUmYhw3g",
"1f9ea9e7-cd6c-4b35-8482-8329bc147107","UNDE_001.basePlot.bet","D05","UNDE","UNDE_001","N","2015-08-03","2015-08-17","2015-11-04","2015-10-28","kh3xmoTmJnDEdDDgC6O3VjMoBVZKWiEk2dSNn/94oS0=","NEON.BET.D05.000546","SYNIMP","Synuchus impunctatus","species",,"Say",,"Lindroth, C. H. 1969. The ground-beetles (Carabidae, excl. Cicindelinae) of Canada and Alaska, parts 1-6. Opuscula E. Entomoligiska Sallskapet.",,"Syw2LXB/pj+fmGCuwdgBGVryVUmYhw3g","Syw2LXB/pj+fmGCuwdgBGVryVUmYhw3g",
"a9f70596-d126-47c3-ae06-63fdd6c8e11b","UNDE_006.basePlot.bet","D05","UNDE","UNDE_006","E","2015-08-03","2015-08-17","2015-11-05","2015-09-25","izIYmtFoQUjYvdCG/eJV17IfPxZnAo7P+xmBah7V/UU=","NEON.BET.D05.000668","HARPEN","Harpalus pensylvanicus","species",,"DeGeer",,"Lindroth, C. H. 1969. The ground-beetles (Carabidae, excl. Cicindelinae) of Canada and Alaska, parts 1-6. Opuscula E. Entomoligiska Sallskapet.",,"Syw2LXB/pj+fmGCuwdgBGVryVUmYhw3g","Syw2LXB/pj+fmGCuwdgBGVryVUmYhw3g",
"2f71f388-13ef-43b9-a909-c66c0fe1c604","UNDE_008.basePlot.bet","D05","UNDE","UNDE_008","E","2015-08-03","2015-08-17","2015-11-02","2015-10-01","MjA7sUqH2Ca0m+Es0SGwOTbOhu28prAwmOho0Futc9s=","NEON.BET.D05.000371","PTECOR1","Pterostichus coracinus","species","cf. species","Newman",,"Lindroth, C. H. 1969. The ground-beetles (Carabidae, excl. Cicindelinae) of Canada and Alaska, parts 1-6. Opuscula E. Entomoligiska Sallskapet.",,"Syw2LXB/pj+fmGCuwdgBGVryVUmYhw3g","Syw2LXB/pj+fmGCuwdgBGVryVUmYhw3g",
"6120b002-9b7c-4161-b15e-f04edc5c791a","UNDE_008.basePlot.bet","D05","UNDE","UNDE_008","E","2015-08-03","2015-08-17","2015-11-02","2015-10-01","MjA7sUqH2Ca0m+Es0SGwOTbOhu28prAwmOho0Futc9s=","NEON.BET.D05.000363","PTECOR1","Pterostichus coracinus","species","cf. species","Newman",,"Lindroth, C. H. 1969. The ground-beetles (Carabidae, excl. Cicindelinae) of Canada and Alaska, parts 1-6. Opuscula E. Entomoligiska Sallskapet.",,"Syw2LXB/pj+fmGCuwdgBGVryVUmYhw3g","Syw2LXB/pj+fmGCuwdgBGVryVUmYhw3g",
"3807b31a-63bf-46cd-bd5e-1088bb759053","UNDE_001.basePlot.bet","D05","UNDE","UNDE_001","E","2015-08-03","2015-08-17","2015-11-02","2015-10-28","kh3xmoTmJnCUw/P0Ua+hOfC/jgWKtgXBEjnrLDGJfzY=","NEON.BET.D05.000414","PTECOR1","Pterostichus coracinus","species","cf. species","Newman",,"Lindroth, C. H. 1969. The ground-beetles (Carabidae, excl. Cicindelinae) of Canada and Alaska, parts 1-6. Opuscula E. Entomoligiska Sallskapet.",,"Syw2LXB/pj+fmGCuwdgBGVryVUmYhw3g","Syw2LXB/pj+fmGCuwdgBGVryVUmYhw3g",
"b2ad0176-0073-44e3-abd1-d08602c8bfde","UNDE_001.basePlot.bet","D05","UNDE","UNDE_001","W","2015-08-03","2015-08-17","2015-11-02","2015-10-28","kh3xmoTmJnDe9rFmDlBXbXlnS3aKOer89Ddkg+DFPz0=","NEON.BET.D05.000400","PTECOR1","Pterostichus coracinus","species","cf. species","Newman",,"Lindroth, C. H. 1969. The ground-beetles (Carabidae, excl. Cicindelinae) of Canada and Alaska, parts 1-6. Opuscula E. Entomoligiska Sallskapet.",,"Syw2LXB/pj+fmGCuwdgBGVryVUmYhw3g","Syw2LXB/pj+fmGCuwdgBGVryVUmYhw3g",
"52200b10-2e76-4b79-932c-a6ea45d161b6","UNDE_008.basePlot.bet","D05","UNDE","UNDE_008","E","2015-08-03","2015-08-17","2015-10-29","2015-10-01","MjA7sUqH2Ca0m+Es0SGwOeYwoktjgZk3fwDKYlPL1XM=","NEON.BET.D05.000304","CYMCRI","Cymindis cribricollis","species",,"Dejean",,"Lindroth, C. H. 1969. The ground-beetles (Carabidae, excl. Cicindelinae) of Canada and Alaska, parts 1-6. Opuscula E. Entomoligiska Sallskapet.",,"Syw2LXB/pj+fmGCuwdgBGVryVUmYhw3g","lLQBQVfayhr3D1tZaVTYCAmpRMui4lXg/r98CgvafXs=",
"79c8998e-de54-4bd8-94eb-acb1cb4ec153","UNDE_008.basePlot.bet","D05","UNDE","UNDE_008","E","2015-08-03","2015-08-17","2015-10-29","2015-10-01","MjA7sUqH2Ca0m+Es0SGwOYQlBe2Z/jX3+j3WnBDyCA4=","NEON.BET.D05.000308","SYNIMP","Synuchus impunctatus","species",,"Say",,"Lindroth, C. H. 1969. The ground-beetles (Carabidae, excl. Cicindelinae) of Canada and Alaska, parts 1-6. Opuscula E. Entomoligiska Sallskapet.",,"Syw2LXB/pj+fmGCuwdgBGVryVUmYhw3g","lLQBQVfayhr3D1tZaVTYCAmpRMui4lXg/r98CgvafXs=",
"cc5cce67-81f0-49a9-91ee-fd2fc989b442","UNDE_011.basePlot.bet","D05","UNDE","UNDE_011","E","2015-08-03","2015-08-17","2015-11-02","2015-10-01","0Ya1AWR2lPiVqJfHQh+4u7rwvGe3Wp83rimSfNSLtYI=","NEON.BET.D05.000367","PTECOR1","Pterostichus coracinus","species","cf. species","Newman",,"Lindroth, C. H. 1969. The ground-beetles (Carabidae, excl. Cicindelinae) of Canada and Alaska, parts 1-6. Opuscula E. Entomoligiska Sallskapet.",,"Syw2LXB/pj+fmGCuwdgBGVryVUmYhw3g","Syw2LXB/pj+fmGCuwdgBGVryVUmYhw3g",
"ef889643-64f9-43e3-b46d-50c607fb0a67","UNDE_006.basePlot.bet","D05","UNDE","UNDE_006","N","2015-08-03","2015-08-17","2015-11-03","2015-09-25","izIYmtFoQUjEi58UfW/1Ubgte6Am0DsTGu3DPA5T+DU=","NEON.BET.D05.000483","PTEMEL","Pterostichus melanarius melanarius","subspecies",,"Illiger",,"Lindroth, C. H. 1969. The ground-beetles (Carabidae, excl. Cicindelinae) of Canada and Alaska, parts 1-6. Opuscula E. Entomoligiska Sallskapet.",,"XZoPj1u9UmznO7Lakic/e+h3MMLMvbQt","Syw2LXB/pj+fmGCuwdgBGVryVUmYhw3g",
"94dfe669-c9d8-4553-a3b1-bb48af2ea645","UNDE_017.basePlot.bet","D05","UNDE","UNDE_017","N","2015-08-03","2015-08-17","2015-11-02","2015-10-01","xHY1KmNCr23nhIQ3WiWhMONO8vBGJfy6+537632UPIE=","NEON.BET.D05.000439","PTEMEL","Pterostichus melanarius melanarius","subspecies",,"Illiger",,"Lindroth, C. H. 1969. The ground-beetles (Carabidae, excl. Cicindelinae) of Canada and Alaska, parts 1-6. Opuscula E. Entomoligiska Sallskapet.",,"Syw2LXB/pj+fmGCuwdgBGVryVUmYhw3g","Syw2LXB/pj+fmGCuwdgBGVryVUmYhw3g",
"2e7da311-b89f-48f3-9844-6b4988eca550","UNDE_008.basePlot.bet","D05","UNDE","UNDE_008","W","2015-08-17","2015-08-31","2015-10-29","2015-09-25","MjA7sUqH2Cau71Ud/qCQ7FiFUB+r6pbnaSBdMgwya9Y=","NEON.BET.D05.000354","SYNIMP","Synuchus impunctatus","species",,"Say",,"Lindroth, C. H. 1969. The ground-beetles (Carabidae, excl. Cicindelinae) of Canada and Alaska, parts 1-6. Opuscula E. Entomoligiska Sallskapet.",,"Syw2LXB/pj+fmGCuwdgBGVryVUmYhw3g","XZoPj1u9UmznO7Lakic/e+h3MMLMvbQt",
"6cf62e20-1e06-4f00-bb16-36f95ec59e5f","UNDE_007.basePlot.bet","D05","UNDE","UNDE_007","E","2015-08-17","2015-08-31","2015-11-03","2015-09-29","sj+sxzQpSGBowuXeQO717OlucmYlkWRg0pi8W/7cE7E=","NEON.BET.D05.000455","PTEMEL","Pterostichus melanarius melanarius","subspecies",,"Illiger",,"Lindroth, C. H. 1969. The ground-beetles (Carabidae, excl. Cicindelinae) of Canada and Alaska, parts 1-6. Opuscula E. Entomoligiska Sallskapet.",,"Syw2LXB/pj+fmGCuwdgBGVryVUmYhw3g","Syw2LXB/pj+fmGCuwdgBGVryVUmYhw3g",
"f249fbec-bb83-4f5e-a030-cde0544fac59","UNDE_010.basePlot.bet","D05","UNDE","UNDE_010","S","2015-08-17","2015-08-31","2015-10-29","2015-10-01","hQDJ3TYDfowchf80HEbqrPl7wD+ShYHf5HHVSONrWKg=","NEON.BET.D05.000307","SYNIMP","Synuchus impunctatus","species",,"Say",,"Lindroth, C. H. 1969. The ground-beetles (Carabidae, excl. Cicindelinae) of Canada and Alaska, parts 1-6. Opuscula E. Entomoligiska Sallskapet.",,"Syw2LXB/pj+fmGCuwdgBGVryVUmYhw3g","lLQBQVfayhr3D1tZaVTYCAmpRMui4lXg/r98CgvafXs=",
"adae0dd0-9d9a-44a9-bc38-9e60503581c4","UNDE_006.basePlot.bet","D05","UNDE","UNDE_006","S","2015-08-17","2015-08-31","2015-11-04","2015-10-28","izIYmtFoQUincgda/qaeEpJ8fFu1EoCAb0Rz+6bhHOk=","NEON.BET.D05.000550","SYNIMP","Synuchus impunctatus","species",,"Say",,"Lindroth, C. H. 1969. The ground-beetles (Carabidae, excl. Cicindelinae) of Canada and Alaska, parts 1-6. Opuscula E. Entomoligiska Sallskapet.",,"Syw2LXB/pj+fmGCuwdgBGVryVUmYhw3g","Syw2LXB/pj+fmGCuwdgBGVryVUmYhw3g",
"e1e1b851-66b8-4bd9-8435-4f0b180372b1","UNDE_007.basePlot.bet","D05","UNDE","UNDE_007","S","2015-08-17","2015-08-31","2015-10-29","2015-09-29","sj+sxzQpSGAJvREnLoEnilOQl2vapQRaYEzUpbzQ8hg=","NEON.BET.D05.000329","SYNIMP","Synuchus impunctatus","species",,"Say",,"Lindroth, C. H. 1969. The ground-beetles (Carabidae, excl. Cicindelinae) of Canada and Alaska, parts 1-6. Opuscula E. Entomoligiska Sallskapet.",,"Syw2LXB/pj+fmGCuwdgBGVryVUmYhw3g","lLQBQVfayhr3D1tZaVTYCAmpRMui4lXg/r98CgvafXs=",
"7c8f9b39-f5b3-4aae-bee2-0468b4c5b9fd","UNDE_006.basePlot.bet","D05","UNDE","UNDE_006","S","2015-08-17","2015-08-31","2015-11-04","2015-10-28","izIYmtFoQUincgda/qaeEpJ8fFu1EoCAb0Rz+6bhHOk=","NEON.BET.D05.000549","SYNIMP","Synuchus impunctatus","species",,"Say",,"Lindroth, C. H. 1969. The ground-beetles (Carabidae, excl. Cicindelinae) of Canada and Alaska, parts 1-6. Opuscula E. Entomoligiska Sallskapet.",,"Syw2LXB/pj+fmGCuwdgBGVryVUmYhw3g","Syw2LXB/pj+fmGCuwdgBGVryVUmYhw3g",
"24c2a912-f361-4d6b-b755-d51360a6d59f","UNDE_012.basePlot.bet","D05","UNDE","UNDE_012","S","2015-08-17","2015-08-31","2015-11-03","2015-09-30","+v0vuVmyR4CIkd7rDYGbT1DGTcPjQimHfXCjaM/urHU=","NEON.BET.D05.000446","PTEMEL","Pterostichus melanarius melanarius","subspecies",,"Illiger",,"Lindroth, C. H. 1969. The ground-beetles (Carabidae, excl. Cicindelinae) of Canada and Alaska, parts 1-6. Opuscula E. Entomoligiska Sallskapet.",,"Syw2LXB/pj+fmGCuwdgBGVryVUmYhw3g","Syw2LXB/pj+fmGCuwdgBGVryVUmYhw3g",
"9ca5d3cb-31b1-4c10-821e-b4c46f3b5b16","UNDE_007.basePlot.bet","D05","UNDE","UNDE_007","S","2015-08-17","2015-08-31","2015-11-04","2015-09-29","sj+sxzQpSGAJvREnLoEnio7NxlACVC8i0Yhb2mlDrzU=","NEON.BET.D05.000573","CARNEM","Carabus nemoralis nemoralis","subspecies",,"Mueller",,"Lindroth, C. H. 1969. The ground-beetles (Carabidae, excl. Cicindelinae) of Canada and Alaska, parts 1-6. Opuscula E. Entomoligiska Sallskapet.",,"Syw2LXB/pj+fmGCuwdgBGVryVUmYhw3g","Syw2LXB/pj+fmGCuwdgBGVryVUmYhw3g",
"0cb3a651-38de-409e-981c-b8350fc3c89f","UNDE_012.basePlot.bet","D05","UNDE","UNDE_012","S","2015-08-17","2015-08-31","2015-11-04","2015-09-30","+v0vuVmyR4CIkd7rDYGbT9d+kXC4tquk4SNBZ74Iyss=","NEON.BET.D05.000575","CARNEM","Carabus nemoralis nemoralis","subspecies",,"Mueller",,"Lindroth, C. H. 1969. The ground-beetles (Carabidae, excl. Cicindelinae) of Canada and Alaska, parts 1-6. Opuscula E. Entomoligiska Sallskapet.",,"Syw2LXB/pj+fmGCuwdgBGVryVUmYhw3g","Syw2LXB/pj+fmGCuwdgBGVryVUmYhw3g",
"6a774bb2-4fbc-4a0c-b7e4-8aa815e89d48","UNDE_012.basePlot.bet","D05","UNDE","UNDE_012","S","2015-08-17","2015-08-31","2015-11-03","2015-09-30","+v0vuVmyR4CIkd7rDYGbT1DGTcPjQimHfXCjaM/urHU=","NEON.BET.D05.000447","PTEMEL","Pterostichus melanarius melanarius","subspecies",,"Illiger",,"Lindroth, C. H. 1969. The ground-beetles (Carabidae, excl. Cicindelinae) of Canada and Alaska, parts 1-6. Opuscula E. Entomoligiska Sallskapet.",,"Syw2LXB/pj+fmGCuwdgBGVryVUmYhw3g","Syw2LXB/pj+fmGCuwdgBGVryVUmYhw3g",
"55bd64b6-90ad-49ea-b429-8f8a91548809","UNDE_008.basePlot.bet","D05","UNDE","UNDE_008","N","2015-08-17","2015-08-31","2015-10-29","2015-09-25","MjA7sUqH2CaY31Dt12fKCJkoVcXYBr0pZMKXTw70YiA=","NEON.BET.D05.000353","SYNIMP","Synuchus impunctatus","species",,"Say",,"Lindroth, C. H. 1969. The ground-beetles (Carabidae, excl. Cicindelinae) of Canada and Alaska, parts 1-6. Opuscula E. Entomoligiska Sallskapet.",,"Syw2LXB/pj+fmGCuwdgBGVryVUmYhw3g","XZoPj1u9UmznO7Lakic/e+h3MMLMvbQt",
"069649aa-1b3d-4d61-bef9-a41b901fb4a0","UNDE_006.basePlot.bet","D05","UNDE","UNDE_006","N","2015-08-17","2015-08-31","2015-11-04","2015-10-28","izIYmtFoQUjEi58UfW/1URsgcdDWB7/qT4OOPU169Sk=","NEON.BET.D05.000535","PTEMEL","Pterostichus melanarius melanarius","subspecies",,"Illiger",,"Lindroth, C. H. 1969. The ground-beetles (Carabidae, excl. Cicindelinae) of Canada and Alaska, parts 1-6. Opuscula E. Entomoligiska Sallskapet.",,"Syw2LXB/pj+fmGCuwdgBGVryVUmYhw3g","Syw2LXB/pj+fmGCuwdgBGVryVUmYhw3g",
"3ae51625-4b6a-4430-9dc5-9d0cde9ce2d3","UNDE_003.basePlot.bet","D05","UNDE","UNDE_003","N","2015-08-17","2015-08-31","2015-11-05","2015-10-28","UKgrtiGQYSDE7Wv8PWCVBzqVt22FLWHCy9f9TR1gEGw=","NEON.BET.D05.000698","LORPIL2","Loricera pilicornis pilicornis","subspecies",,"Fabricius",,"Bousquet, Y. 2010b. Illustrated Identification Guide to Adults and Larvae of Northeastern North American Ground Beetles (Coleoptera: Carabidae). 1st Ed. Pensoft Publishers, Sofia, Bulgaria.",,"Syw2LXB/pj+fmGCuwdgBGVryVUmYhw3g","Syw2LXB/pj+fmGCuwdgBGVryVUmYhw3g",
"e566701c-435e-463f-bf23-91a806ce465e","UNDE_006.basePlot.bet","D05","UNDE","UNDE_006","N","2015-08-17","2015-08-31","2015-11-04","2015-10-28","izIYmtFoQUjEi58UfW/1URsgcdDWB7/qT4OOPU169Sk=","NEON.BET.D05.000536","PTEMEL","Pterostichus melanarius melanarius","subspecies",,"Illiger",,"Lindroth, C. H. 1969. The ground-beetles (Carabidae, excl. Cicindelinae) of Canada and Alaska, parts 1-6. Opuscula E. Entomoligiska Sallskapet.",,"Syw2LXB/pj+fmGCuwdgBGVryVUmYhw3g","Syw2LXB/pj+fmGCuwdgBGVryVUmYhw3g",
"74600065-ce35-4ca2-b8b3-14c407369ae8","UNDE_008.basePlot.bet","D05","UNDE","UNDE_008","N","2015-08-17","2015-08-31","2015-11-03","2015-09-25","MjA7sUqH2CaY31Dt12fKCIZWof4uDedGBUftV/iOhc0=","NEON.BET.D05.000463","PTEMEL","Pterostichus melanarius melanarius","subspecies","cf. species","Illiger",,"Lindroth, C. H. 1969. The ground-beetles (Carabidae, excl. Cicindelinae) of Canada and Alaska, parts 1-6. Opuscula E. Entomoligiska Sallskapet.",,"Syw2LXB/pj+fmGCuwdgBGVryVUmYhw3g","Syw2LXB/pj+fmGCuwdgBGVryVUmYhw3g",
"074a0a2f-14cd-4814-ada6-b68908c793c8","UNDE_017.basePlot.bet","D05","UNDE","UNDE_017","E","2015-08-17","2015-08-31","2015-10-29","2015-10-28","xHY1KmNCr21DrRJn5PYxf1w3qYJdgwkoQEp+2tpb1RY=","NEON.BET.D05.000261","PTEPEN","Pterostichus pensylvanicus","species","cf. species","LeConte",,"Lindroth, C. H. 1969. The ground-beetles (Carabidae, excl. Cicindelinae) of Canada and Alaska, parts 1-6. Opuscula E. Entomoligiska Sallskapet.",,"Syw2LXB/pj+fmGCuwdgBGVryVUmYhw3g","XZoPj1u9UmznO7Lakic/e+h3MMLMvbQt",
"156740b3-504c-4e3b-b739-239472a8c22e","UNDE_017.basePlot.bet","D05","UNDE","UNDE_017","E","2015-08-17","2015-08-31","2015-10-29","2015-10-28","xHY1KmNCr21DrRJn5PYxf1w3qYJdgwkoQEp+2tpb1RY=","NEON.BET.D05.000262","PTEPEN","Pterostichus pensylvanicus","species","cf. species","LeConte",,"Lindroth, C. H. 1969. The ground-beetles (Carabidae, excl. Cicindelinae) of Canada and Alaska, parts 1-6. Opuscula E. Entomoligiska Sallskapet.",,"Syw2LXB/pj+fmGCuwdgBGVryVUmYhw3g","XZoPj1u9UmznO7Lakic/e+h3MMLMvbQt",
"0c1590bd-f698-4e3c-a267-5858db3d5765","UNDE_008.basePlot.bet","D05","UNDE","UNDE_008","E","2015-08-17","2015-08-31","2015-11-02","2015-09-25","MjA7sUqH2Ca0m+Es0SGwOQm8+ipXbKiUchqt3GyRc7k=","NEON.BET.D05.000392","PTECOR1","Pterostichus coracinus","species","cf. species","Newman",,"Lindroth, C. H. 1969. The ground-beetles (Carabidae, excl. Cicindelinae) of Canada and Alaska, parts 1-6. Opuscula E. Entomoligiska Sallskapet.",,"Syw2LXB/pj+fmGCuwdgBGVryVUmYhw3g","Syw2LXB/pj+fmGCuwdgBGVryVUmYhw3g",
"b399de07-adc5-41b6-9103-279242e185d2","UNDE_008.basePlot.bet","D05","UNDE","UNDE_008","E","2015-08-17","2015-08-31","2015-10-29","2015-09-25","MjA7sUqH2Ca0m+Es0SGwOcMPTzmEeJfx6k0m/siJt1g=","NEON.BET.D05.000352","SYNIMP","Synuchus impunctatus","species",,"Say",,"Lindroth, C. H. 1969. The ground-beetles (Carabidae, excl. Cicindelinae) of Canada and Alaska, parts 1-6. Opuscula E. Entomoligiska Sallskapet.",,"Syw2LXB/pj+fmGCuwdgBGVryVUmYhw3g","XZoPj1u9UmznO7Lakic/e+h3MMLMvbQt",
"69f6b094-78a3-419a-ba5f-226129cad812","UNDE_001.basePlot.bet","D05","UNDE","UNDE_001","E","2015-08-17","2015-08-31","2015-11-02","2015-10-28","kh3xmoTmJnCUw/P0Ua+hOfIFw9oKKTkcC2XlHt/oDoY=","NEON.BET.D05.000409","PTECOR1","Pterostichus coracinus","species","cf. species","Newman",,"Lindroth, C. H. 1969. The ground-beetles (Carabidae, excl. Cicindelinae) of Canada and Alaska, parts 1-6. Opuscula E. Entomoligiska Sallskapet.",,"Syw2LXB/pj+fmGCuwdgBGVryVUmYhw3g","Syw2LXB/pj+fmGCuwdgBGVryVUmYhw3g",
"681dbbc2-0b14-4174-a971-8d5f9d5555b8","UNDE_001.basePlot.bet","D05","UNDE","UNDE_001","E","2015-08-17","2015-08-31","2015-11-02","2015-10-28","kh3xmoTmJnCUw/P0Ua+hOfIFw9oKKTkcC2XlHt/oDoY=","NEON.BET.D05.000410","PTECOR1","Pterostichus coracinus","species","cf. species","Newman",,"Lindroth, C. H. 1969. The ground-beetles (Carabidae, excl. Cicindelinae) of Canada and Alaska, parts 1-6. Opuscula E. Entomoligiska Sallskapet.",,"Syw2LXB/pj+fmGCuwdgBGVryVUmYhw3g","Syw2LXB/pj+fmGCuwdgBGVryVUmYhw3g",
"43ac37fc-7aeb-4040-93f6-f74e546d3e78","UNDE_007.basePlot.bet","D05","UNDE","UNDE_007","E","2015-08-17","2015-08-31","2015-11-03","2015-09-29","sj+sxzQpSGBowuXeQO717OlucmYlkWRg0pi8W/7cE7E=","NEON.BET.D05.000456","PTEMEL","Pterostichus melanarius melanarius","subspecies",,"Illiger",,"Lindroth, C. H. 1969. The ground-beetles (Carabidae, excl. Cicindelinae) of Canada and Alaska, parts 1-6. Opuscula E. Entomoligiska Sallskapet.",,"Syw2LXB/pj+fmGCuwdgBGVryVUmYhw3g","Syw2LXB/pj+fmGCuwdgBGVryVUmYhw3g",
"7db39e6e-395a-439f-b11f-5c66e4b47c15","UNDE_001.basePlot.bet","D05","UNDE","UNDE_001","S","2015-08-17","2015-08-31","2015-11-02","2015-10-28","kh3xmoTmJnBOmO2jgFxxyUFfgYJImnEa1fIx0LHFbUw=","NEON.BET.D05.000397","PTECOR1","Pterostichus coracinus","species","cf. species","Newman",,"Lindroth, C. H. 1969. The ground-beetles (Carabidae, excl. Cicindelinae) of Canada and Alaska, parts 1-6. Opuscula E. Entomoligiska Sallskapet.",,"Syw2LXB/pj+fmGCuwdgBGVryVUmYhw3g","Syw2LXB/pj+fmGCuwdgBGVryVUmYhw3g",
