uid,namedLocation,domainID,siteID,plotID,setDate,collectDate,identifiedDate,individualID,taxonID,kingdom,phylum,class,order,family,subfamily,tribe,genus,subgenus,specificEpithet,infraspecificEpithet,scientificName,scientificNameAuthorship,taxonRank,identificationQualifier,sex,morphospeciesID,identificationReferences,identifiedBy,laboratoryName,identificationRemarks,sampleCondition,dnaBarcoded,geneticSampleID,remarks
"7204894d-b6bb-49ad-93af-e690ff63d063","UNDE_017.basePlot.bet","D05","UNDE","UNDE_017","2015-07-20","2015-08-03","2017-01-15","NEON.BET.D05.000315","SYNIMP","Animalia","Arthropoda","Insecta","Coleoptera","Carabidae","Harpalinae","Sphodrini","Synuchus",,"impunctatus",,"Synuchus impunctatus","Say","species",,"F",,"Lindroth, C. H. 1969. The ground-beetles (Carabidae, excl. Cicindelinae) of Canada and Alaska, parts 1-6. Opuscula E. Entomoligiska Sallskapet.","Kipling Will","Essig Museum of Entomology",,"No known compromise","N",,
"fba79dc3-7ae5-4737-958e-15b7e69f8cb6","UNDE_003.basePlot.bet","D05","UNDE","UNDE_003","2015-07-20","2015-08-03","2017-01-15","NEON.BET.D05.000310","SYNIMP","Animalia","Arthropoda","Insecta","Coleoptera","Carabidae","Harpalinae","Sphodrini","Synuchus",,"impunctatus",,"Synuchus impunctatus","Say","species",,"F",,"Lindroth, C. H. 1969. The ground-beetles (Carabidae, excl. Cicindelinae) of Canada and Alaska, parts 1-6. Opuscula E. Entomoligiska Sallskapet.","Kipling Will","Essig Museum of Entomology",,"No known compromise","N",,
"9c855da8-4b07-4507-98c4-c6145f25adb7","UNDE_010.basePlot.bet","D05","UNDE","UNDE_010","2015-07-20","2015-08-03","2017-01-15","NEON.BET.D05.000292","PTEPEN","Animalia","Arthropoda","Insecta","Coleoptera","Carabidae","Harpalinae","Pterostichini","Pterostichus","Bothriopterus","pensylvanicus",,"Pterostichus pensylvanicus","LeConte","species",,"M",,"Lindroth, C. H. 1969. The ground-beetles (Carabidae, excl. Cicindelinae) of Canada and Alaska, parts 1-6. Opuscula E. Entomoligiska Sallskapet.","Kipling Will","Essig Museum of Entomology",,"No known compromise","N",,
"19008216-ca39-49f6-9198-786ac88532c5","UNDE_010.basePlot.bet","D05","UNDE","UNDE_010","2015-07-20","2015-08-03","2017-01-15","NEON.BET.D05.000295","CYMCRI","Animalia","Arthropoda","Insecta","Coleoptera","Carabidae","Harpalinae","Lebiini","Cymindis","Tarulus","cribricollis",,"Cymindis cribricollis","Dejean","species",,"F",,"Lindroth, C. H. 1969. The ground-beetles (Carabidae, excl. Cicindelinae) of Canada and Alaska, parts 1-6. Opuscula E. Entomoligiska Sallskapet.","Kipling Will","Essig Museum of Entomology",,"No known compromise","N",,
"2ef6c385-9b75-4ab5-ba40-ac5004989f1f","UNDE_010.basePlot.bet","D05","UNDE","UNDE_010","2015-07-20","2015-08-03","2017-01-15","NEON.BET.D05.000351","SYNIMP","Animalia","Arthropoda","Insecta","Coleoptera","Carabidae","Harpalinae","Sphodrini","Synuchus",,"impunctatus",,"Synuchus impunctatus","Say","species",,"F",,"Lindroth, C. H. 1969. The ground-beetles (Carabidae, excl. Cicindelinae) of Canada and Alaska, parts 1-6. Opuscula E. Entomoligiska Sallskapet.","Kipling Will","Essig Museum of Entomology",,"No known compromise","N",,
"2c274c40-3ba5-47d2-8ea1-dd13205c48da","UNDE_010.basePlot.bet","D05","UNDE","UNDE_010","2015-07-20","2015-08-03","2017-01-15","NEON.BET.D05.000350","SYNIMP","Animalia","Arthropoda","Insecta","Coleoptera","Carabidae","Harpalinae","Sphodrini","Synuchus",,"impunctatus",,"Synuchus impunctatus","Say","species",,"F",,"Lindroth, C. H. 1969. The ground-beetles (Carabidae, excl. Cicindelinae) of Canada and Alaska, parts 1-6. Opuscula E. Entomoligiska Sallskapet.","Kipling Will","Essig Museum of Entomology",,"No known compromise","N",,
"0137e836-7e13-4a9a-9226-5cfa83c8774c","UNDE_010.basePlot.bet","D05","UNDE","UNDE_010","2015-07-20","2015-08-03","2017-01-15","NEON.BET.D05.000348","SYNIMP","Animalia","Arthropoda","Insecta","Coleoptera","Carabidae","Harpalinae","Sphodrini","Synuchus",,"impunctatus",,"Synuchus impunctatus","Say","species",,"F",,"Lindroth, C. H. 1969. The ground-beetles (Carabidae, excl. Cicindelinae) of Canada and Alaska, parts 1-6. Opuscula E. Entomoligiska Sallskapet.","Kipling Will","Essig Museum of Entomology",,"No known compromise","N",,
"4ef8aeec-8d21-4e2a-a4aa-0074a6c7fc6a","UNDE_010.basePlot.bet","D05","UNDE","UNDE_010","2015-07-20","2015-08-03","2017-01-15","NEON.BET.D05.000349","SYNIMP","Animalia","Arthropoda","Insecta","Coleoptera","Carabidae","Harpalinae","Sphodrini","Synuchus",,"impunctatus",,"Synuchus impunctatus","Say","species",,"F",,"Lindroth, C. H. 1969. The ground-beetles (Carabidae, excl. Cicindelinae) of Canada and Alaska, parts 1-6. Opuscula E. Entomoligiska Sallskapet.","Kipling Will","Essig Museum of Entomology",,"No known compromise","N",,
"10aa26cb-5ee9-4fcd-9c50-5591a71a1d41","UNDE_017.basePlot.bet","D05","UNDE","UNDE_017","2015-07-20","2015-08-03","2017-01-15","NEON.BET.D05.000373","PTECOR1","Animalia","Arthropoda","Insecta","Coleoptera","Carabidae","Harpalinae","Pterostichini","Pterostichus","Euferonia","coracinus",,"Pterostichus coracinus","Newman","species",,"F",,"Lindroth, C. H. 1969. The ground-beetles (Carabidae, excl. Cicindelinae) of Canada and Alaska, parts 1-6. Opuscula E. Entomoligiska Sallskapet.","Kipling Will","Essig Museum of Entomology",,"No known compromise","N",,
"dd1458a1-f034-4e16-8158-d66abdf2cded","UNDE_017.basePlot.bet","D05","UNDE","UNDE_017","2015-07-20","2015-08-03","2017-01-15","NEON.BET.D05.000379","PTECOR1","Animalia","Arthropoda","Insecta","Coleoptera","Carabidae","Harpalinae","Pterostichini","Pterostichus","Euferonia","coracinus",,"Pterostichus coracinus","Newman","species",,"M",,"Lindroth, C. H. 1969. The ground-beetles (Carabidae, excl. Cicindelinae) of Canada and Alaska, parts 1-6. Opuscula E. Entomoligiska Sallskapet.","Kipling Will","Essig Museum of Entomology",,"No known compromise","N",,
"40f13b2f-6c96-4687-92e0-6d9996ae12d3","UNDE_017.basePlot.bet","D05","UNDE","UNDE_017","2015-07-20","2015-08-03","2017-01-15","NEON.BET.D05.000369","PTECOR1","Animalia","Arthropoda","Insecta","Coleoptera","Carabidae","Harpalinae","Pterostichini","Pterostichus","Euferonia","coracinus",,"Pterostichus coracinus","Newman","species",,"M",,"Lindroth, C. H. 1969. The ground-beetles (Carabidae, excl. Cicindelinae) of Canada and Alaska, parts 1-6. Opuscula E. Entomoligiska Sallskapet.","Kipling Will","Essig Museum of Entomology",,"No known compromise","N",,
"35053173-99c0-41a8-9ed1-d0a9552c6577","UNDE_017.basePlot.bet","D05","UNDE","UNDE_017","2015-07-20","2015-08-03","2017-01-15","NEON.BET.D05.000372","PTECOR1","Animalia","Arthropoda","Insecta","Coleoptera","Carabidae","Harpalinae","Pterostichini","Pterostichus","Euferonia","coracinus",,"Pterostichus coracinus","Newman","species",,"F",,"Lindroth, C. H. 1969. The ground-beetles (Carabidae, excl. Cicindelinae) of Canada and Alaska, parts 1-6. Opuscula E. Entomoligiska Sallskapet.","Kipling Will","Essig Museum of Entomology",,"No known compromise","N",,
"ba653864-82a9-4f8c-9c6d-41cb8598cb94","UNDE_017.basePlot.bet","D05","UNDE","UNDE_017","2015-07-20","2015-08-03","2017-01-15","NEON.BET.D05.000378","PTECOR1","Animalia","Arthropoda","Insecta","Coleoptera","Carabidae","Harpalinae","Pterostichini","Pterostichus","Euferonia","coracinus",,"Pterostichus coracinus","Newman","species",,"F",,"Lindroth, C. H. 1969. The ground-beetles (Carabidae, excl. Cicindelinae) of Canada and Alaska, parts 1-6. Opuscula E. Entomoligiska Sallskapet.","Kipling Will","Essig Museum of Entomology",,"No known compromise","N",,
"0363cad4-353d-4c24-82a6-a3d1e93d2cfb","UNDE_001.basePlot.bet","D05","UNDE","UNDE_001","2015-07-20","2015-08-03","2017-01-15","NEON.BET.D05.000344","SYNIMP","Animalia","Arthropoda","Insecta","Coleoptera","Carabidae","Harpalinae","Sphodrini","Synuchus",,"impunctatus",,"Synuchus impunctatus","Say","species",,"F",,"Lindroth, C. H. 1969. The ground-beetles (Carabidae, excl. Cicindelinae) of Canada and Alaska, parts 1-6. Opuscula E. Entomoligiska Sallskapet.","Kipling Will","Essig Museum of Entomology",,"No known compromise","N",,
"1156e979-a085-4c3f-b585-eae8073b8de3","UNDE_001.basePlot.bet","D05","UNDE","UNDE_001","2015-07-20","2015-08-03","2017-01-15","NEON.BET.D05.000346","SYNIMP","Animalia","Arthropoda","Insecta","Coleoptera","Carabidae","Harpalinae","Sphodrini","Synuchus",,"impunctatus",,"Synuchus impunctatus","Say","species",,"M",,"Lindroth, C. H. 1969. The ground-beetles (Carabidae, excl. Cicindelinae) of Canada and Alaska, parts 1-6. Opuscula E. Entomoligiska Sallskapet.","Kipling Will","Essig Museum of Entomology",,"No known compromise","N",,
"d693aaae-e37d-4f92-a150-0b10434f7bf2","UNDE_001.basePlot.bet","D05","UNDE","UNDE_001","2015-07-20","2015-08-03","2017-01-15","NEON.BET.D05.000385","PTECOR1","Animalia","Arthropoda","Insecta","Coleoptera","Carabidae","Harpalinae","Pterostichini","Pterostichus","Euferonia","coracinus",,"Pterostichus coracinus","Newman","species",,"F",,"Lindroth, C. H. 1969. The ground-beetles (Carabidae, excl. Cicindelinae) of Canada and Alaska, parts 1-6. Opuscula E. Entomoligiska Sallskapet.","Kipling Will","Essig Museum of Entomology",,"No known compromise","N",,
"92179ce0-6a8e-44b9-a168-bf5ef59a2a71","UNDE_001.basePlot.bet","D05","UNDE","UNDE_001","2015-07-20","2015-08-03","2017-01-15","NEON.BET.D05.000347","SYNIMP","Animalia","Arthropoda","Insecta","Coleoptera","Carabidae","Harpalinae","Sphodrini","Synuchus",,"impunctatus",,"Synuchus impunctatus","Say","species",,"M",,"Lindroth, C. H. 1969. The ground-beetles (Carabidae, excl. Cicindelinae) of Canada and Alaska, parts 1-6. Opuscula E. Entomoligiska Sallskapet.","Kipling Will","Essig Museum of Entomology",,"No known compromise","N",,
"c65ec564-45da-4e62-a4fb-3467ed238c0e","UNDE_001.basePlot.bet","D05","UNDE","UNDE_001","2015-07-20","2015-08-03","2017-01-15","NEON.BET.D05.000343","SYNIMP","Animalia","Arthropoda","Insecta","Coleoptera","Carabidae","Harpalinae","Sphodrini","Synuchus",,"impunctatus",,"Synuchus impunctatus","Say","species",,"F",,"Lindroth, C. H. 1969. The ground-beetles (Carabidae, excl. Cicindelinae) of Canada and Alaska, parts 1-6. Opuscula E. Entomoligiska Sallskapet.","Kipling Will","Essig Museum of Entomology",,"No known compromise","N",,
"deea28c6-7338-471e-b902-bff8fd647379","UNDE_001.basePlot.bet","D05","UNDE","UNDE_001","2015-07-20","2015-08-03","2017-01-15","NEON.BET.D05.000386","PTECOR1","Animalia","Arthropoda","Insecta","Coleoptera","Carabidae","Harpalinae","Pterostichini","Pterostichus","Euferonia","coracinus",,"Pterostichus coracinus","Newman","species",,"M",,"Lindroth, C. H. 1969. The ground-beetles (Carabidae, excl. Cicindelinae) of Canada and Alaska, parts 1-6. Opuscula E. Entomoligiska Sallskapet.","Kipling Will","Essig Museum of Entomology",,"No known compromise","N",,
"ba00feb4-3940-4b19-a8c8-6785c79bfb18","UNDE_001.basePlot.bet","D05","UNDE","UNDE_001","2015-07-20","2015-08-03","2017-01-15","NEON.BET.D05.000384","PTECOR1","Animalia","Arthropoda","Insecta","Coleoptera","Carabidae","Harpalinae","Pterostichini","Pterostichus","Euferonia","coracinus",,"Pterostichus coracinus","Newman","species",,"F",,"Lindroth, C. H. 1969. The ground-beetles (Carabidae, excl. Cicindelinae) of Canada and Alaska, parts 1-6. Opuscula E. Entomoligiska Sallskapet.","Kipling Will","Essig Museum of Entomology",,"No known compromise","N",,
"817d5ea5-1d8f-4550-8cbb-596b0a3367f8","UNDE_001.basePlot.bet","D05","UNDE","UNDE_001","2015-07-20","2015-08-03","2017-01-15","NEON.BET.D05.000345","SYNIMP","Animalia","Arthropoda","Insecta","Coleoptera","Carabidae","Harpalinae","Sphodrini","Synuchus",,"impunctatus",,"Synuchus impunctatus","Say","species",,"F",,"Lindroth, C. H. 1969. The ground-beetles (Carabidae, excl. Cicindelinae) of Canada and Alaska, parts 1-6. Opuscula E. Entomoligiska Sallskapet.","Kipling Will","Essig Museum of Entomology",,"No known compromise","N",,
"91d22ecb-9a06-42c5-a091-10c408726321","UNDE_011.basePlot.bet","D05","UNDE","UNDE_011","2015-07-20","2015-08-03","2017-01-15","NEON.BET.D05.000377","PTECOR1","Animalia","Arthropoda","Insecta","Coleoptera","Carabidae","Harpalinae","Pterostichini","Pterostichus","Euferonia","coracinus",,"Pterostichus coracinus","Newman","species",,"M",,"Lindroth, C. H. 1969. The ground-beetles (Carabidae, excl. Cicindelinae) of Canada and Alaska, parts 1-6. Opuscula E. Entomoligiska Sallskapet.","Kipling Will","Essig Museum of Entomology",,"No known compromise","N",,
"a545eb09-0106-4687-aa25-3bd6fe0f6ab2","UNDE_011.basePlot.bet","D05","UNDE","UNDE_011","2015-07-20","2015-08-03","2017-01-15","NEON.BET.D05.000375","PTECOR1","Animalia","Arthropoda","Insecta","Coleoptera","Carabidae","Harpalinae","Pterostichini","Pterostichus","Euferonia","coracinus",,"Pterostichus coracinus","Newman","species",,"M",,"Lindroth, C. H. 1969. The ground-beetles (Carabidae, excl. Cicindelinae) of Canada and Alaska, parts 1-6. Opuscula E. Entomoligiska Sallskapet.","Kipling Will","Essig Museum of Entomology",,"No known compromise","N",,
"ab667786-491d-4bdf-80c4-ed90ee21af51","UNDE_011.basePlot.bet","D05","UNDE","UNDE_011","2015-07-20","2015-08-03","2017-01-15","NEON.BET.D05.000380","PTECOR1","Animalia","Arthropoda","Insecta","Coleoptera","Carabidae","Harpalinae","Pterostichini","Pterostichus","Euferonia","coracinus",,"Pterostichus coracinus","Newman","species",,"F",,"Lindroth, C. H. 1969. The ground-beetles (Carabidae, excl. Cicindelinae) of Canada and Alaska, parts 1-6. Opuscula E. Entomoligiska Sallskapet.","Kipling Will","Essig Museum of Entomology",,"No known compromise","N",,
"1c7d1a06-d427-41f8-8d2f-6a92ce7fe01a","UNDE_011.basePlot.bet","D05","UNDE","UNDE_011","2015-07-20","2015-08-03","2017-01-15","NEON.BET.D05.000376","PTECOR1","Animalia","Arthropoda","Insecta","Coleoptera","Carabidae","Harpalinae","Pterostichini","Pterostichus","Euferonia","coracinus",,"Pterostichus coracinus","Newman","species",,"M",,"Lindroth, C. H. 1969. The ground-beetles (Carabidae, excl. Cicindelinae) of Canada and Alaska, parts 1-6. Opuscula E. Entomoligiska Sallskapet.","Kipling Will","Essig Museum of Entomology",,"No known compromise","N",,
"275bfeda-f95b-4394-b236-04bce8bf0472","UNDE_011.basePlot.bet","D05","UNDE","UNDE_011","2015-07-20","2015-08-03","2017-01-15","NEON.BET.D05.000374","PTECOR1","Animalia","Arthropoda","Insecta","Coleoptera","Carabidae","Harpalinae","Pterostichini","Pterostichus","Euferonia","coracinus",,"Pterostichus coracinus","Newman","species",,"M",,"Lindroth, C. H. 1969. The ground-beetles (Carabidae, excl. Cicindelinae) of Canada and Alaska, parts 1-6. Opuscula E. Entomoligiska Sallskapet.","Kipling Will","Essig Museum of Entomology",,"No known compromise","N",,
"c80a21c9-c622-4549-ac18-85250d465b9a","UNDE_011.basePlot.bet","D05","UNDE","UNDE_011","2015-07-20","2015-08-03","2017-01-15","NEON.BET.D05.000370","PTECOR1","Animalia","Arthropoda","Insecta","Coleoptera","Carabidae","Harpalinae","Pterostichini","Pterostichus","Euferonia","coracinus",,"Pterostichus coracinus","Newman","species",,"F",,"Lindroth, C. H. 1969. The ground-beetles (Carabidae, excl. Cicindelinae) of Canada and Alaska, parts 1-6. Opuscula E. Entomoligiska Sallskapet.","Kipling Will","Essig Museum of Entomology",,"No known compromise","N",,
"20a8bb30-3a93-4e13-9a34-d4b710c4c8c5","UNDE_008.basePlot.bet","D05","UNDE","UNDE_008","2015-07-20","2015-08-03","2017-01-15","NEON.BET.D05.000398","PTECOR1","Animalia","Arthropoda","Insecta","Coleoptera","Carabidae","Harpalinae","Pterostichini","Pterostichus","Euferonia","coracinus",,"Pterostichus coracinus","Newman","species",,"F",,"Lindroth, C. H. 1969. The ground-beetles (Carabidae, excl. Cicindelinae) of Canada and Alaska, parts 1-6. Opuscula E. Entomoligiska Sallskapet.","Kipling Will","Essig Museum of Entomology",,"No known compromise","N",,
"9c3f98c9-a08e-496f-844d-f2f695f21a62","UNDE_008.basePlot.bet","D05","UNDE","UNDE_008","2015-07-20","2015-08-03","2017-01-15","NEON.BET.D05.000401","PTECOR1","Animalia","Arthropoda","Insecta","Coleoptera","Carabidae","Harpalinae","Pterostichini","Pterostichus","Euferonia","coracinus",,"Pterostichus coracinus","Newman","species",,"F",,"Lindroth, C. H. 1969. The ground-beetles (Carabidae, excl. Cicindelinae) of Canada and Alaska, parts 1-6. Opuscula E. Entomoligiska Sallskapet.","Kipling Will","Essig Museum of Entomology",,"No known compromise","N",,
"947c2f28-88e7-4f5d-b22c-1e3887abd7af","UNDE_007.basePlot.bet","D05","UNDE","UNDE_007","2015-07-20","2015-08-03","2017-01-15","NEON.BET.D05.000405","PTECOR1","Animalia","Arthropoda","Insecta","Coleoptera","Carabidae","Harpalinae","Pterostichini","Pterostichus","Euferonia","coracinus",,"Pterostichus coracinus","Newman","species",,"F",,"Lindroth, C. H. 1969. The ground-beetles (Carabidae, excl. Cicindelinae) of Canada and Alaska, parts 1-6. Opuscula E. Entomoligiska Sallskapet.","Kipling Will","Essig Museum of Entomology",,"No known compromise","N",,
"f6ed25f0-528f-4b88-8dfc-28e32cfed536","UNDE_007.basePlot.bet","D05","UNDE","UNDE_007","2015-07-20","2015-08-03","2017-01-15","NEON.BET.D05.000396","PTECOR1","Animalia","Arthropoda","Insecta","Coleoptera","Carabidae","Harpalinae","Pterostichini","Pterostichus","Euferonia","coracinus",,"Pterostichus coracinus","Newman","species",,"F",,"Lindroth, C. H. 1969. The ground-beetles (Carabidae, excl. Cicindelinae) of Canada and Alaska, parts 1-6. Opuscula E. Entomoligiska Sallskapet.","Kipling Will","Essig Museum of Entomology",,"No known compromise","N",,
"ba5ba10b-8944-4aa1-b8b0-e01d57d8363c","UNDE_008.basePlot.bet","D05","UNDE","UNDE_008","2015-07-20","2015-08-03","2017-01-15","NEON.BET.D05.000416","PTECOR1","Animalia","Arthropoda","Insecta","Coleoptera","Carabidae","Harpalinae","Pterostichini","Pterostichus","Euferonia","coracinus",,"Pterostichus coracinus","Newman","species",,"F",,"Lindroth, C. H. 1969. The ground-beetles (Carabidae, excl. Cicindelinae) of Canada and Alaska, parts 1-6. Opuscula E. Entomoligiska Sallskapet.","Kipling Will","Essig Museum of Entomology",,"No known compromise","N",,
"fb334792-1d21-4bdb-bf28-1ed5c57226a2","UNDE_006.basePlot.bet","D05","UNDE","UNDE_006","2015-07-20","2015-08-03","2017-01-15","NEON.BET.D05.000495","PTEMEL","Animalia","Arthropoda","Insecta","Coleoptera","Carabidae","Harpalinae","Pterostichini","Pterostichus","Morphnosoma","melanarius","melanarius","Pterostichus melanarius melanarius","Illiger","subspecies",,"F",,"Lindroth, C. H. 1969. The ground-beetles (Carabidae, excl. Cicindelinae) of Canada and Alaska, parts 1-6. Opuscula E. Entomoligiska Sallskapet.","Kipling Will","Essig Museum of Entomology",,"No known compromise","N",,
"72ff3d8f-fa76-41d3-98fc-dd22e3e5ef6d","UNDE_006.basePlot.bet","D05","UNDE","UNDE_006","2015-07-20","2015-08-03","2017-01-15","NEON.BET.D05.000494","PTEMEL","Animalia","Arthropoda","Insecta","Coleoptera","Carabidae","Harpalinae","Pterostichini","Pterostichus","Morphnosoma","melanarius","melanarius","Pterostichus melanarius melanarius","Illiger","subspecies",,"F",,"Lindroth, C. H. 1969. The ground-beetles (Carabidae, excl. Cicindelinae) of Canada and Alaska, parts 1-6. Opuscula E. Entomoligiska Sallskapet.","Kipling Will","Essig Museum of Entomology",,"No known compromise","N",,
"14382b17-3d07-4035-ab7c-5f15eb1218eb","UNDE_010.basePlot.bet","D05","UNDE","UNDE_010","2015-07-20","2015-08-03","2017-01-15","NEON.BET.D05.000467","PTEMEL","Animalia","Arthropoda","Insecta","Coleoptera","Carabidae","Harpalinae","Pterostichini","Pterostichus","Morphnosoma","melanarius","melanarius","Pterostichus melanarius melanarius","Illiger","subspecies",,"F",,"Lindroth, C. H. 1969. The ground-beetles (Carabidae, excl. Cicindelinae) of Canada and Alaska, parts 1-6. Opuscula E. Entomoligiska Sallskapet.","Kipling Will","Essig Museum of Entomology",,"No known compromise","N",,
"98a21a2e-0038-49ba-8230-4cfaf61bf42d","UNDE_017.basePlot.bet","D05","UNDE","UNDE_017","2015-07-20","2015-08-03","2017-01-15","NEON.BET.D05.000445","PTEMEL","Animalia","Arthropoda","Insecta","Coleoptera","Carabidae","Harpalinae","Pterostichini","Pterostichus","Morphnosoma","melanarius","melanarius","Pterostichus melanarius melanarius","Illiger","subspecies",,"M",,"Lindroth, C. H. 1969. The ground-beetles (Carabidae, excl. Cicindelinae) of Canada and Alaska, parts 1-6. Opuscula E. Entomoligiska Sallskapet.","Kipling Will","Essig Museum of Entomology",,"No known compromise","N",,
"09010486-898a-4e34-aeaf-9906a2a9c6d6","UNDE_010.basePlot.bet","D05","UNDE","UNDE_010","2015-07-20","2015-08-03","2017-01-15","NEON.BET.D05.000466","PTEMEL","Animalia","Arthropoda","Insecta","Coleoptera","Carabidae","Harpalinae","Pterostichini","Pterostichus","Morphnosoma","melanarius","melanarius","Pterostichus melanarius melanarius","Illiger","subspecies",,"M",,"Lindroth, C. H. 1969. The ground-beetles (Carabidae, excl. Cicindelinae) of Canada and Alaska, parts 1-6. Opuscula E. Entomoligiska Sallskapet.","Kipling Will","Essig Museum of Entomology",,"No known compromise","N",,
"495dc3c2-40b8-4a7b-a338-a03701794404","UNDE_010.basePlot.bet","D05","UNDE","UNDE_010","2015-07-20","2015-08-03","2017-01-15","NEON.BET.D05.000468","PTEMEL","Animalia","Arthropoda","Insecta","Coleoptera","Carabidae","Harpalinae","Pterostichini","Pterostichus","Morphnosoma","melanarius","melanarius","Pterostichus melanarius melanarius","Illiger","subspecies",,"F",,"Lindroth, C. H. 1969. The ground-beetles (Carabidae, excl. Cicindelinae) of Canada and Alaska, parts 1-6. Opuscula E. Entomoligiska Sallskapet.","Kipling Will","Essig Museum of Entomology",,"No known compromise","N",,
"0da8b02b-9d6c-4c83-8c06-0d063d643f29","UNDE_006.basePlot.bet","D05","UNDE","UNDE_006","2015-07-20","2015-08-03","2017-01-15","NEON.BET.D05.000540","SYNIMP","Animalia","Arthropoda","Insecta","Coleoptera","Carabidae","Harpalinae","Sphodrini","Synuchus",,"impunctatus",,"Synuchus impunctatus","Say","species",,"M",,"Lindroth, C. H. 1969. The ground-beetles (Carabidae, excl. Cicindelinae) of Canada and Alaska, parts 1-6. Opuscula E. Entomoligiska Sallskapet.","Kipling Will","Essig Museum of Entomology",,"No known compromise","N",,
"b837de56-e917-40f1-a8e7-98aa4a90e26e","UNDE_006.basePlot.bet","D05","UNDE","UNDE_006","2015-07-20","2015-08-03","2017-01-15","NEON.BET.D05.000497","PTEMEL","Animalia","Arthropoda","Insecta","Coleoptera","Carabidae","Harpalinae","Pterostichini","Pterostichus","Morphnosoma","melanarius","melanarius","Pterostichus melanarius melanarius","Illiger","subspecies",,"F",,"Lindroth, C. H. 1969. The ground-beetles (Carabidae, excl. Cicindelinae) of Canada and Alaska, parts 1-6. Opuscula E. Entomoligiska Sallskapet.","Kipling Will","Essig Museum of Entomology",,"No known compromise","N",,
"cbdb7c61-a53e-47ba-b96e-a2d76aade337","UNDE_006.basePlot.bet","D05","UNDE","UNDE_006","2015-07-20","2015-08-03","2017-01-15","NEON.BET.D05.000545","SYNIMP","Animalia","Arthropoda","Insecta","Coleoptera","Carabidae","Harpalinae","Sphodrini","Synuchus",,"impunctatus",,"Synuchus impunctatus","Say","species",,"M",,"Lindroth, C. H. 1969. The ground-beetles (Carabidae, excl. Cicindelinae) of Canada and Alaska, parts 1-6. Opuscula E. Entomoligiska Sallskapet.","Kipling Will","Essig Museum of Entomology",,"No known compromise","N",,
"5b52c0ee-6663-4105-9e35-d00624d7664c","UNDE_006.basePlot.bet","D05","UNDE","UNDE_006","2015-07-20","2015-08-03","2017-01-15","NEON.BET.D05.000496","PTEMEL","Animalia","Arthropoda","Insecta","Coleoptera","Carabidae","Harpalinae","Pterostichini","Pterostichus","Morphnosoma","melanarius","melanarius","Pterostichus melanarius melanarius","Illiger","subspecies",,"F",,"Lindroth, C. H. 1969. The ground-beetles (Carabidae, excl. Cicindelinae) of Canada and Alaska, parts 1-6. Opuscula E. Entomoligiska Sallskapet.","Kipling Will","Essig Museum of Entomology",,"No known compromise","N",,
"7876efe3-fb3b-4bea-9c6a-8d5139c18fd2","UNDE_006.basePlot.bet","D05","UNDE","UNDE_006","2015-07-20","2015-08-03","2017-01-15","NEON.BET.D05.000498","PTEMEL","Animalia","Arthropoda","Insecta","Coleoptera","Carabidae","Harpalinae","Pterostichini","Pterostichus","Morphnosoma","melanarius","melanarius","Pterostichus melanarius melanarius","Illiger","subspecies",,"F",,"Lindroth, C. H. 1969. The ground-beetles (Carabidae, excl. Cicindelinae) of Canada and Alaska, parts 1-6. Opuscula E. Entomoligiska Sallskapet.","Kipling Will","Essig Museum of Entomology",,"No known compromise","N",,
"e673c895-96ae-469a-ac47-0c6f0be285b0","UNDE_006.basePlot.bet","D05","UNDE","UNDE_006","2015-07-20","2015-08-03","2017-01-15","NEON.BET.D05.000500","PTEMEL","Animalia","Arthropoda","Insecta","Coleoptera","Carabidae","Harpalinae","Pterostichini","Pterostichus","Morphnosoma","melanarius","melanarius","Pterostichus melanarius melanarius","Illiger","subspecies",,"M",,"Lindroth, C. H. 1969. The ground-beetles (Carabidae, excl. Cicindelinae) of Canada and Alaska, parts 1-6. Opuscula E. Entomoligiska Sallskapet.","Kipling Will","Essig Museum of Entomology",,"No known compromise","N",,
"3c43fd3e-392c-4bc3-87db-fd33d23a4ea0","UNDE_006.basePlot.bet","D05","UNDE","UNDE_006","2015-07-20","2015-08-03","2017-01-15","NEON.BET.D05.000499","PTEMEL","Animalia","Arthropoda","Insecta","Coleoptera","Carabidae","Harpalinae","Pterostichini","Pterostichus","Morphnosoma","melanarius","melanarius","Pterostichus melanarius melanarius","Illiger","subspecies",,"M",,"Lindroth, C. H. 1969. The ground-beetles (Carabidae, excl. Cicindelinae) of Canada and Alaska, parts 1-6. Opuscula E. Entomoligiska Sallskapet.","Kipling Will","Essig Museum of Entomology",,"No known compromise","N",,
"927ac8d0-5a5a-4343-964c-356e177c6e48","UNDE_006.basePlot.bet","D05","UNDE","UNDE_006","2015-07-20","2015-08-03","2017-01-15","NEON.BET.D05.000520","PTEMEL","Animalia","Arthropoda","Insecta","Coleoptera","Carabidae","Harpalinae","Pterostichini","Pterostichus","Morphnosoma","melanarius","melanarius","Pterostichus melanarius melanarius","Illiger","subspecies",,"F",,"Lindroth, C. H. 1969. The ground-beetles (Carabidae, excl. Cicindelinae) of Canada and Alaska, parts 1-6. Opuscula E. Entomoligiska Sallskapet.","Kipling Will","Essig Museum of Entomology",,"No known compromise","N",,
"dd276607-efbf-48b5-855a-ae98e13359e7","UNDE_007.basePlot.bet","D05","UNDE","UNDE_007","2015-07-20","2015-08-03","2017-01-15","NEON.BET.D05.000531","PTEMEL","Animalia","Arthropoda","Insecta","Coleoptera","Carabidae","Harpalinae","Pterostichini","Pterostichus","Morphnosoma","melanarius","melanarius","Pterostichus melanarius melanarius","Illiger","subspecies",,"F",,"Lindroth, C. H. 1969. The ground-beetles (Carabidae, excl. Cicindelinae) of Canada and Alaska, parts 1-6. Opuscula E. Entomoligiska Sallskapet.","Kipling Will","Essig Museum of Entomology",,"No known compromise","N",,
"6b2f9173-549e-411d-92fd-ae2824b781a1","UNDE_007.basePlot.bet","D05","UNDE","UNDE_007","2015-07-20","2015-08-03","2017-01-15","NEON.BET.D05.000534","PTEMEL","Animalia","Arthropoda","Insecta","Coleoptera","Carabidae","Harpalinae","Pterostichini","Pterostichus","Morphnosoma","melanarius","melanarius","Pterostichus melanarius melanarius","Illiger","subspecies",,"F",,"Lindroth, C. H. 1969. The ground-beetles (Carabidae, excl. Cicindelinae) of Canada and Alaska, parts 1-6. Opuscula E. Entomoligiska Sallskapet.","Kipling Will","Essig Museum of Entomology",,"No known compromise","N",,
"f813cc74-b48c-4a70-97d2-fbd411f5cb0e","UNDE_007.basePlot.bet","D05","UNDE","UNDE_007","2015-07-20","2015-08-03","2017-01-15","NEON.BET.D05.000532","PTEMEL","Animalia","Arthropoda","Insecta","Coleoptera","Carabidae","Harpalinae","Pterostichini","Pterostichus","Morphnosoma","melanarius","melanarius","Pterostichus melanarius melanarius","Illiger","subspecies",,"F",,"Lindroth, C. H. 1969. The ground-beetles (Carabidae, excl. Cicindelinae) of Canada and Alaska, parts 1-6. Opuscula E. Entomoligiska Sallskapet.","Kipling Will","Essig Museum of Entomology",,"No known compromise","N",,
"b0e6c5a9-3b3b-407b-baad-bc74663df7d3","UNDE_007.basePlot.bet","D05","UNDE","UNDE_007","2015-07-20","2015-08-03","2017-01-15","NEON.BET.D05.000544","SYNIMP","Animalia","Arthropoda","Insecta","Coleoptera","Carabidae","Harpalinae","Sphodrini","Synuchus",,"impunctatus",,"Synuchus impunctatus","Say","species",,"M",,"Lindroth, C. H. 1969. The ground-beetles (Carabidae, excl. Cicindelinae) of Canada and Alaska, parts 1-6. Opuscula E. Entomoligiska Sallskapet.","Kipling Will","Essig Museum of Entomology",,"No known compromise","N",,
"084993ee-11ed-413f-82dd-7a4fc1bef86f","UNDE_007.basePlot.bet","D05","UNDE","UNDE_007","2015-07-20","2015-08-03","2017-01-15","NEON.BET.D05.000533","PTEMEL","Animalia","Arthropoda","Insecta","Coleoptera","Carabidae","Harpalinae","Pterostichini","Pterostichus","Morphnosoma","melanarius","melanarius","Pterostichus melanarius melanarius","Illiger","subspecies",,"F",,"Lindroth, C. H. 1969. The ground-beetles (Carabidae, excl. Cicindelinae) of Canada and Alaska, parts 1-6. Opuscula E. Entomoligiska Sallskapet.","Kipling Will","Essig Museum of Entomology",,"No known compromise","N",,
"c180b768-5062-424d-b6a2-c37dd0965e82","UNDE_012.basePlot.bet","D05","UNDE","UNDE_012","2015-07-20","2015-08-03","2017-01-15","NEON.BET.D05.000568","SYNIMP","Animalia","Arthropoda","Insecta","Coleoptera","Carabidae","Harpalinae","Sphodrini","Synuchus",,"impunctatus",,"Synuchus impunctatus","Say","species",,"F",,"Lindroth, C. H. 1969. The ground-beetles (Carabidae, excl. Cicindelinae) of Canada and Alaska, parts 1-6. Opuscula E. Entomoligiska Sallskapet.","Kipling Will","Essig Museum of Entomology",,"No known compromise","N",,
"2b487c5e-42d6-49d2-9da9-2acb1de24a47","UNDE_008.basePlot.bet","D05","UNDE","UNDE_008","2015-07-20","2015-08-03","2017-01-15","NEON.BET.D05.000565","SYNIMP","Animalia","Arthropoda","Insecta","Coleoptera","Carabidae","Harpalinae","Sphodrini","Synuchus",,"impunctatus",,"Synuchus impunctatus","Say","species",,"F",,"Lindroth, C. H. 1969. The ground-beetles (Carabidae, excl. Cicindelinae) of Canada and Alaska, parts 1-6. Opuscula E. Entomoligiska Sallskapet.","Kipling Will","Essig Museum of Entomology",,"No known compromise","N",,
"fdb24b9b-9d8c-43fa-a118-575cc8fa1f4c","UNDE_008.basePlot.bet","D05","UNDE","UNDE_008","2015-07-20","2015-08-03","2017-01-15","NEON.BET.D05.000564","SYNIMP","Animalia","Arthropoda","Insecta","Coleoptera","Carabidae","Harpalinae","Sphodrini","Synuchus",,"impunctatus",,"Synuchus impunctatus","Say","species",,"F",,"Lindroth, C. H. 1969. The ground-beetles (Carabidae, excl. Cicindelinae) of Canada and Alaska, parts 1-6. Opuscula E. Entomoligiska Sallskapet.","Kipling Will","Essig Museum of Entomology",,"No known compromise","N",,
"6bd07f5e-ed5d-4009-8fd1-62c1063ecd56","UNDE_008.basePlot.bet","D05","UNDE","UNDE_008","2015-07-20","2015-08-03","2017-01-15","NEON.BET.D05.000567","SYNIMP","Animalia","Arthropoda","Insecta","Coleoptera","Carabidae","Harpalinae","Sphodrini","Synuchus",,"impunctatus",,"Synuchus impunctatus","Say","species",,"F",,"Lindroth, C. H. 1969. The ground-beetles (Carabidae, excl. Cicindelinae) of Canada and Alaska, parts 1-6. Opuscula E. Entomoligiska Sallskapet.","Kipling Will","Essig Museum of Entomology",,"No known compromise","N",,
"aa977a54-931f-40a2-97ee-2cfffe3316ed","UNDE_008.basePlot.bet","D05","UNDE","UNDE_008","2015-07-20","2015-08-03","2017-01-15","NEON.BET.D05.000566","SYNIMP","Animalia","Arthropoda","Insecta","Coleoptera","Carabidae","Harpalinae","Sphodrini","Synuchus",,"impunctatus",,"Synuchus impunctatus","Say","species",,"F",,"Lindroth, C. H. 1969. The ground-beetles (Carabidae, excl. Cicindelinae) of Canada and Alaska, parts 1-6. Opuscula E. Entomoligiska Sallskapet.","Kipling Will","Essig Museum of Entomology",,"No known compromise","N",,
"2b336138-df78-439a-b403-cfa138a60d50","UNDE_011.basePlot.bet","D05","UNDE","UNDE_011","2015-07-20","2015-08-03","2017-01-15","NEON.BET.D05.000321","SYNIMP","Animalia","Arthropoda","Insecta","Coleoptera","Carabidae","Harpalinae","Sphodrini","Synuchus",,"impunctatus",,"Synuchus impunctatus","Say","species",,"F",,"Lindroth, C. H. 1969. The ground-beetles (Carabidae, excl. Cicindelinae) of Canada and Alaska, parts 1-6. Opuscula E. Entomoligiska Sallskapet.","Kipling Will","Essig Museum of Entomology",,"No known compromise","N",,
"a054cbb5-82ca-41cc-a51d-5af2296c471a","UNDE_011.basePlot.bet","D05","UNDE","UNDE_011","2015-07-20","2015-08-03","2017-01-15","NEON.BET.D05.000322","SYNIMP","Animalia","Arthropoda","Insecta","Coleoptera","Carabidae","Harpalinae","Sphodrini","Synuchus",,"impunctatus",,"Synuchus impunctatus","Say","species",,"M",,"Lindroth, C. H. 1969. The ground-beetles (Carabidae, excl. Cicindelinae) of Canada and Alaska, parts 1-6. Opuscula E. Entomoligiska Sallskapet.","Kipling Will","Essig Museum of Entomology",,"No known compromise","N",,
"c54f800c-c0cb-45c5-adae-1fc4a9ea35e5","UNDE_011.basePlot.bet","D05","UNDE","UNDE_011","2015-07-20","2015-08-03","2017-01-15","NEON.BET.D05.000317","SYNIMP","Animalia","Arthropoda","Insecta","Coleoptera","Carabidae","Harpalinae","Sphodrini","Synuchus",,"impunctatus",,"Synuchus impunctatus","Say","species",,"F",,"Lindroth, C. H. 1969. The ground-beetles (Carabidae, excl. Cicindelinae) of Canada and Alaska, parts 1-6. Opuscula E. Entomoligiska Sallskapet.","Kipling Will","Essig Museum of Entomology",,"No known compromise","N",,
"d017050d-2ddb-4305-89e1-109991357311","UNDE_011.basePlot.bet","D05","UNDE","UNDE_011","2015-07-20","2015-08-03","2017-01-15","NEON.BET.D05.000327","SYNIMP","Animalia","Arthropoda","Insecta","Coleoptera","Carabidae","Harpalinae","Sphodrini","Synuchus",,"impunctatus",,"Synuchus impunctatus","Say","species",,"M",,"Lindroth, C. H. 1969. The ground-beetles (Carabidae, excl. Cicindelinae) of Canada and Alaska, parts 1-6. Opuscula E. Entomoligiska Sallskapet.","Kipling Will","Essig Museum of Entomology",,"No known compromise","N",,
"75c0efb9-9a54-4d9d-90e0-a583552f79bf","UNDE_011.basePlot.bet","D05","UNDE","UNDE_011","2015-07-20","2015-08-03","2017-01-15","NEON.BET.D05.000318","SYNIMP","Animalia","Arthropoda","Insecta","Coleoptera","Carabidae","Harpalinae","Sphodrini","Synuchus",,"impunctatus",,"Synuchus impunctatus","Say","species",,"F",,"Lindroth, C. H. 1969. The ground-beetles (Carabidae, excl. Cicindelinae) of Canada and Alaska, parts 1-6. Opuscula E. Entomoligiska Sallskapet.","Kipling Will","Essig Museum of Entomology",,"No known compromise","N",,
"622ddf50-9529-499b-8b33-7ea9a762082a","UNDE_001.basePlot.bet","D05","UNDE","UNDE_001","2015-07-20","2015-08-03","2017-01-15","NEON.BET.D05.000301","CYMCRI","Animalia","Arthropoda","Insecta","Coleoptera","Carabidae","Harpalinae","Lebiini","Cymindis","Tarulus","cribricollis",,"Cymindis cribricollis","Dejean","species",,"F",,"Lindroth, C. H. 1969. The ground-beetles (Carabidae, excl. Cicindelinae) of Canada and Alaska, parts 1-6. Opuscula E. Entomoligiska Sallskapet.","Kipling Will","Essig Museum of Entomology",,"No known compromise","N",,
"5ea51e5f-0f6b-416d-8da6-5092607bb5a5","UNDE_011.basePlot.bet","D05","UNDE","UNDE_011","2015-07-20","2015-08-03","2017-01-15","NEON.BET.D05.000319","SYNIMP","Animalia","Arthropoda","Insecta","Coleoptera","Carabidae","Harpalinae","Sphodrini","Synuchus",,"impunctatus",,"Synuchus impunctatus","Say","species",,"F",,"Lindroth, C. H. 1969. The ground-beetles (Carabidae, excl. Cicindelinae) of Canada and Alaska, parts 1-6. Opuscula E. Entomoligiska Sallskapet.","Kipling Will","Essig Museum of Entomology",,"No known compromise","N",,
"b6c541ed-6646-4b13-b131-756403cce353","UNDE_001.basePlot.bet","D05","UNDE","UNDE_001","2015-07-20","2015-08-03","2017-01-15","NEON.BET.D05.000323","SYNIMP","Animalia","Arthropoda","Insecta","Coleoptera","Carabidae","Harpalinae","Sphodrini","Synuchus",,"impunctatus",,"Synuchus impunctatus","Say","species",,"M",,"Lindroth, C. H. 1969. The ground-beetles (Carabidae, excl. Cicindelinae) of Canada and Alaska, parts 1-6. Opuscula E. Entomoligiska Sallskapet.","Kipling Will","Essig Museum of Entomology",,"No known compromise","N",,
"a753035a-f229-4c5c-bab2-bf07e3e7c19e","UNDE_001.basePlot.bet","D05","UNDE","UNDE_001","2015-07-20","2015-08-03","2017-01-15","NEON.BET.D05.000302","CYMCRI","Animalia","Arthropoda","Insecta","Coleoptera","Carabidae","Harpalinae","Lebiini","Cymindis","Tarulus","cribricollis",,"Cymindis cribricollis","Dejean","species",,"M",,"Lindroth, C. H. 1969. The ground-beetles (Carabidae, excl. Cicindelinae) of Canada and Alaska, parts 1-6. Opuscula E. Entomoligiska Sallskapet.","Kipling Will","Essig Museum of Entomology",,"No known compromise","N",,
"9bc88ea9-f69c-41c1-a467-337afffd08ae","UNDE_001.basePlot.bet","D05","UNDE","UNDE_001","2015-07-20","2015-08-03","2017-01-15","NEON.BET.D05.000293","PTEPEN","Animalia","Arthropoda","Insecta","Coleoptera","Carabidae","Harpalinae","Pterostichini","Pterostichus","Bothriopterus","pensylvanicus",,"Pterostichus pensylvanicus","LeConte","species",,"M",,"Lindroth, C. H. 1969. The ground-beetles (Carabidae, excl. Cicindelinae) of Canada and Alaska, parts 1-6. Opuscula E. Entomoligiska Sallskapet.","Kipling Will","Essig Museum of Entomology",,"No known compromise","N",,
"b55dfc6c-c5b9-4818-8351-5f7d277367e7","UNDE_001.basePlot.bet","D05","UNDE","UNDE_001","2015-07-20","2015-08-03","2017-01-15","NEON.BET.D05.000324","SYNIMP","Animalia","Arthropoda","Insecta","Coleoptera","Carabidae","Harpalinae","Sphodrini","Synuchus",,"impunctatus",,"Synuchus impunctatus","Say","species",,"F",,"Lindroth, C. H. 1969. The ground-beetles (Carabidae, excl. Cicindelinae) of Canada and Alaska, parts 1-6. Opuscula E. Entomoligiska Sallskapet.","Kipling Will","Essig Museum of Entomology",,"No known compromise","N",,
"5fbea520-5921-437f-85fb-c49f7bebb025","UNDE_001.basePlot.bet","D05","UNDE","UNDE_001","2015-07-20","2015-08-03","2017-01-15","NEON.BET.D05.000316","SYNIMP","Animalia","Arthropoda","Insecta","Coleoptera","Carabidae","Harpalinae","Sphodrini","Synuchus",,"impunctatus",,"Synuchus impunctatus","Say","species",,"F",,"Lindroth, C. H. 1969. The ground-beetles (Carabidae, excl. Cicindelinae) of Canada and Alaska, parts 1-6. Opuscula E. Entomoligiska Sallskapet.","Kipling Will","Essig Museum of Entomology",,"No known compromise","N",,
"af5a19ba-52a5-413a-b796-a00cb0ecfc19","UNDE_017.basePlot.bet","D05","UNDE","UNDE_017","2015-07-20","2015-08-03","2017-01-15","NEON.BET.D05.000312","SYNIMP","Animalia","Arthropoda","Insecta","Coleoptera","Carabidae","Harpalinae","Sphodrini","Synuchus",,"impunctatus",,"Synuchus impunctatus","Say","species",,"F",,"Lindroth, C. H. 1969. The ground-beetles (Carabidae, excl. Cicindelinae) of Canada and Alaska, parts 1-6. Opuscula E. Entomoligiska Sallskapet.","Kipling Will","Essig Museum of Entomology",,"No known compromise","N",,
"75c2fee9-fda9-4f5e-8b83-f7f816bf597a","UNDE_001.basePlot.bet","D05","UNDE","UNDE_001","2015-07-20","2015-08-03","2017-01-15","NEON.BET.D05.000303","CYMCRI","Animalia","Arthropoda","Insecta","Coleoptera","Carabidae","Harpalinae","Lebiini","Cymindis","Tarulus","cribricollis",,"Cymindis cribricollis","Dejean","species",,"F",,"Lindroth, C. H. 1969. The ground-beetles (Carabidae, excl. Cicindelinae) of Canada and Alaska, parts 1-6. Opuscula E. Entomoligiska Sallskapet.","Kipling Will","Essig Museum of Entomology",,"No known compromise","N",,
"78adf5d1-3c1c-479c-8c13-f7fedaedf0f4","UNDE_017.basePlot.bet","D05","UNDE","UNDE_017","2015-07-20","2015-08-03","2017-01-15","NEON.BET.D05.000313","SYNIMP","Animalia","Arthropoda","Insecta","Coleoptera","Carabidae","Harpalinae","Sphodrini","Synuchus",,"impunctatus",,"Synuchus impunctatus","Say","species",,"F",,"Lindroth, C. H. 1969. The ground-beetles (Carabidae, excl. Cicindelinae) of Canada and Alaska, parts 1-6. Opuscula E. Entomoligiska Sallskapet.","Kipling Will","Essig Museum of Entomology",,"No known compromise","N",,
"ffcd7473-72c7-4e76-b3d3-03c3304c1866","UNDE_003.basePlot.bet","D05","UNDE","UNDE_003","2015-07-20","2015-08-03","2017-01-15","NEON.BET.D05.000334","AGOGRA","Animalia","Arthropoda","Insecta","Coleoptera","Carabidae","Harpalinae","Platynini","Agonum","Europhilus","gratiosum",,"Agonum gratiosum","Mannerheim","species",,"M",,"Liebherr, J. K. 1994. Identification of new world Agonum , review of the mexican fauna , and description of Incagonum , new genus , from South America (Coleoptera: Carabidae: Platynini). Journal of The New York Entomological Society 102:1-55.","Kipling Will","Essig Museum of Entomology",,"No known compromise","N",,
"e9d09a49-0919-47de-be87-cad16f53c7ab","UNDE_017.basePlot.bet","D05","UNDE","UNDE_017","2015-07-20","2015-08-03","2017-01-15","NEON.BET.D05.000314","SYNIMP","Animalia","Arthropoda","Insecta","Coleoptera","Carabidae","Harpalinae","Sphodrini","Synuchus",,"impunctatus",,"Synuchus impunctatus","Say","species",,"F",,"Lindroth, C. H. 1969. The ground-beetles (Carabidae, excl. Cicindelinae) of Canada and Alaska, parts 1-6. Opuscula E. Entomoligiska Sallskapet.","Kipling Will","Essig Museum of Entomology",,"No known compromise","N",,
"9d7df7c0-250d-4b43-b332-5d37a04b219d","UNDE_008.basePlot.bet","D05","UNDE","UNDE_008","2015-08-03","2015-08-17","2017-01-15","NEON.BET.D05.000309","SYNIMP","Animalia","Arthropoda","Insecta","Coleoptera","Carabidae","Harpalinae","Sphodrini","Synuchus",,"impunctatus",,"Synuchus impunctatus","Say","species",,"F",,"Lindroth, C. H. 1969. The ground-beetles (Carabidae, excl. Cicindelinae) of Canada and Alaska, parts 1-6. Opuscula E. Entomoligiska Sallskapet.","Kipling Will","Essig Museum of Entomology",,"No known compromise","N",,
"cc4c4e11-78fc-4b1c-953d-d85b58de6ab1","UNDE_008.basePlot.bet","D05","UNDE","UNDE_008","2015-08-03","2015-08-17","2017-01-15","NEON.BET.D05.000304","CYMCRI","Animalia","Arthropoda","Insecta","Coleoptera","Carabidae","Harpalinae","Lebiini","Cymindis","Tarulus","cribricollis",,"Cymindis cribricollis","Dejean","species",,"F",,"Lindroth, C. H. 1969. The ground-beetles (Carabidae, excl. Cicindelinae) of Canada and Alaska, parts 1-6. Opuscula E. Entomoligiska Sallskapet.","Kipling Will","Essig Museum of Entomology",,"No known compromise","N",,
"f3ea33c2-84bb-43ee-a983-92f685482fb6","UNDE_008.basePlot.bet","D05","UNDE","UNDE_008","2015-08-03","2015-08-17","2017-01-15","NEON.BET.D05.000308","SYNIMP","Animalia","Arthropoda","Insecta","Coleoptera","Carabidae","Harpalinae","Sphodrini","Synuchus",,"impunctatus",,"Synuchus impunctatus","Say","species",,"F",,"Lindroth, C. H. 1969. The ground-beetles (Carabidae, excl. Cicindelinae) of Canada and Alaska, parts 1-6. Opuscula E. Entomoligiska Sallskapet.","Kipling Will","Essig Museum of Entomology",,"No known compromise","N",,
"0637bc61-7fbd-4102-a522-eee5e3e82ec4","UNDE_017.basePlot.bet","D05","UNDE","UNDE_017","2015-08-03","2015-08-17","2017-01-15","NEON.BET.D05.000364","PTECOR1","Animalia","Arthropoda","Insecta","Coleoptera","Carabidae","Harpalinae","Pterostichini","Pterostichus","Euferonia","coracinus",,"Pterostichus coracinus","Newman","species",,"F",,"Lindroth, C. H. 1969. The ground-beetles (Carabidae, excl. Cicindelinae) of Canada and Alaska, parts 1-6. Opuscula E. Entomoligiska Sallskapet.","Kipling Will","Essig Museum of Entomology",,"No known compromise","N",,
"12aed823-b4ae-4c83-a70d-4c31a074067a","UNDE_017.basePlot.bet","D05","UNDE","UNDE_017","2015-08-03","2015-08-17","2017-01-15","NEON.BET.D05.000368","PTECOR1","Animalia","Arthropoda","Insecta","Coleoptera","Carabidae","Harpalinae","Pterostichini","Pterostichus","Euferonia","coracinus",,"Pterostichus coracinus","Newman","species",,"M",,"Lindroth, C. H. 1969. The ground-beetles (Carabidae, excl. Cicindelinae) of Canada and Alaska, parts 1-6. Opuscula E. Entomoligiska Sallskapet.","Kipling Will","Essig Museum of Entomology",,"No known compromise","N",,
"fddb1a1f-34c6-4fe1-b30e-1d5caf73e4db","UNDE_011.basePlot.bet","D05","UNDE","UNDE_011","2015-08-03","2015-08-17","2017-01-15","NEON.BET.D05.000366","PTECOR1","Animalia","Arthropoda","Insecta","Coleoptera","Carabidae","Harpalinae","Pterostichini","Pterostichus","Euferonia","coracinus",,"Pterostichus coracinus","Newman","species",,"F",,"Lindroth, C. H. 1969. The ground-beetles (Carabidae, excl. Cicindelinae) of Canada and Alaska, parts 1-6. Opuscula E. Entomoligiska Sallskapet.","Kipling Will","Essig Museum of Entomology",,"No known compromise","N",,
"d9c10b5e-ecd9-4c80-bb4c-674a802b1615","UNDE_011.basePlot.bet","D05","UNDE","UNDE_011","2015-08-03","2015-08-17","2017-01-15","NEON.BET.D05.000367","PTECOR1","Animalia","Arthropoda","Insecta","Coleoptera","Carabidae","Harpalinae","Pterostichini","Pterostichus","Euferonia","coracinus",,"Pterostichus coracinus","Newman","species",,"M",,"Lindroth, C. H. 1969. The ground-beetles (Carabidae, excl. Cicindelinae) of Canada and Alaska, parts 1-6. Opuscula E. Entomoligiska Sallskapet.","Kipling Will","Essig Museum of Entomology",,"No known compromise","N",,
"674ebfcd-6f5d-45a8-92f6-87c863a9b93c","UNDE_008.basePlot.bet","D05","UNDE","UNDE_008","2015-08-03","2015-08-17","2017-01-15","NEON.BET.D05.000371","PTECOR1","Animalia","Arthropoda","Insecta","Coleoptera","Carabidae","Harpalinae","Pterostichini","Pterostichus","Euferonia","coracinus",,"Pterostichus coracinus","Newman","species",,"F",,"Lindroth, C. H. 1969. The ground-beetles (Carabidae, excl. Cicindelinae) of Canada and Alaska, parts 1-6. Opuscula E. Entomoligiska Sallskapet.","Kipling Will","Essig Museum of Entomology",,"No known compromise","N",,
"bf07a5f6-f265-4d54-b239-a5ee20c17e0f","UNDE_006.basePlot.bet","D05","UNDE","UNDE_006","2015-08-03","2015-08-17","2017-01-15","NEON.BET.D05.000355","SYNIMP","Animalia","Arthropoda","Insecta","Coleoptera","Carabidae","Harpalinae","Sphodrini","Synuchus",,"impunctatus",,"Synuchus impunctatus","Say","species",,"M",,"Lindroth, C. H. 1969. The ground-beetles (Carabidae, excl. Cicindelinae) of Canada and Alaska, parts 1-6. Opuscula E. Entomoligiska Sallskapet.","Kipling Will","Essig Museum of Entomology",,"No known compromise","N",,
"4ebf62c8-62e8-45df-854e-6d13531ae39a","UNDE_008.basePlot.bet","D05","UNDE","UNDE_008","2015-08-03","2015-08-17","2017-01-15","NEON.BET.D05.000363","PTECOR1","Animalia","Arthropoda","Insecta","Coleoptera","Carabidae","Harpalinae","Pterostichini","Pterostichus","Euferonia","coracinus",,"Pterostichus coracinus","Newman","species",,"F",,"Lindroth, C. H. 1969. The ground-beetles (Carabidae, excl. Cicindelinae) of Canada and Alaska, parts 1-6. Opuscula E. Entomoligiska Sallskapet.","Kipling Will","Essig Museum of Entomology",,"No known compromise","N",,
"7277cb05-1671-43e4-9edb-8bfeaf45cec0","UNDE_001.basePlot.bet","D05","UNDE","UNDE_001","2015-08-03","2015-08-17","2017-01-15","NEON.BET.D05.000407","PTECOR1","Animalia","Arthropoda","Insecta","Coleoptera","Carabidae","Harpalinae","Pterostichini","Pterostichus","Euferonia","coracinus",,"Pterostichus coracinus","Newman","species",,"M",,"Lindroth, C. H. 1969. The ground-beetles (Carabidae, excl. Cicindelinae) of Canada and Alaska, parts 1-6. Opuscula E. Entomoligiska Sallskapet.","Kipling Will","Essig Museum of Entomology",,"No known compromise","N",,
"b94415c1-d9f2-4ddc-8da9-ba37c925f5c1","UNDE_001.basePlot.bet","D05","UNDE","UNDE_001","2015-08-03","2015-08-17","2017-01-15","NEON.BET.D05.000406","PTECOR1","Animalia","Arthropoda","Insecta","Coleoptera","Carabidae","Harpalinae","Pterostichini","Pterostichus","Euferonia","coracinus",,"Pterostichus coracinus","Newman","species",,"M",,"Lindroth, C. H. 1969. The ground-beetles (Carabidae, excl. Cicindelinae) of Canada and Alaska, parts 1-6. Opuscula E. Entomoligiska Sallskapet.","Kipling Will","Essig Museum of Entomology",,"No known compromise","N",,
"2bf8e21f-9de4-48d0-ac09-2b359160e8dc","UNDE_001.basePlot.bet","D05","UNDE","UNDE_001","2015-08-03","2015-08-17","2017-01-15","NEON.BET.D05.000400","PTECOR1","Animalia","Arthropoda","Insecta","Coleoptera","Carabidae","Harpalinae","Pterostichini","Pterostichus","Euferonia","coracinus",,"Pterostichus coracinus","Newman","species",,"M",,"Lindroth, C. H. 1969. The ground-beetles (Carabidae, excl. Cicindelinae) of Canada and Alaska, parts 1-6. Opuscula E. Entomoligiska Sallskapet.","Kipling Will","Essig Museum of Entomology",,"No known compromise","N",,
"28982a11-0989-457a-9198-d03eee1e746f","UNDE_012.basePlot.bet","D05","UNDE","UNDE_012","2015-08-03","2015-08-17","2017-01-15","NEON.BET.D05.000440","PTEMEL","Animalia","Arthropoda","Insecta","Coleoptera","Carabidae","Harpalinae","Pterostichini","Pterostichus","Morphnosoma","melanarius","melanarius","Pterostichus melanarius melanarius","Illiger","subspecies",,"F",,"Lindroth, C. H. 1969. The ground-beetles (Carabidae, excl. Cicindelinae) of Canada and Alaska, parts 1-6. Opuscula E. Entomoligiska Sallskapet.","Kipling Will","Essig Museum of Entomology",,"No known compromise","N",,
"f0907ccd-8bbe-4c53-b668-52547c67d0fa","UNDE_012.basePlot.bet","D05","UNDE","UNDE_012","2015-08-03","2015-08-17","2017-01-15","NEON.BET.D05.000441","PTEMEL","Animalia","Arthropoda","Insecta","Coleoptera","Carabidae","Harpalinae","Pterostichini","Pterostichus","Morphnosoma","melanarius","melanarius","Pterostichus melanarius melanarius","Illiger","subspecies",,"F",,"Lindroth, C. H. 1969. The ground-beetles (Carabidae, excl. Cicindelinae) of Canada and Alaska, parts 1-6. Opuscula E. Entomoligiska Sallskapet.","Kipling Will","Essig Museum of Entomology",,"No known compromise","N",,
"b6da99a2-f94d-44cd-b177-1192c9c155bd","UNDE_012.basePlot.bet","D05","UNDE","UNDE_012","2015-08-03","2015-08-17","2017-01-15","NEON.BET.D05.000442","PTEMEL","Animalia","Arthropoda","Insecta","Coleoptera","Carabidae","Harpalinae","Pterostichini","Pterostichus","Morphnosoma","melanarius","melanarius","Pterostichus melanarius melanarius","Illiger","subspecies",,"F",,"Lindroth, C. H. 1969. The ground-beetles (Carabidae, excl. Cicindelinae) of Canada and Alaska, parts 1-6. Opuscula E. Entomoligiska Sallskapet.","Kipling Will","Essig Museum of Entomology",,"No known compromise","N",,
"d9f51450-3a83-475d-864c-714a747e2345","UNDE_008.basePlot.bet","D05","UNDE","UNDE_008","2015-08-03","2015-08-17","2017-01-15","NEON.BET.D05.000438","PTEMEL","Animalia","Arthropoda","Insecta","Coleoptera","Carabidae","Harpalinae","Pterostichini","Pterostichus","Morphnosoma","melanarius","melanarius","Pterostichus melanarius melanarius","Illiger","subspecies",,"F",,"Lindroth, C. H. 1969. The ground-beetles (Carabidae, excl. Cicindelinae) of Canada and Alaska, parts 1-6. Opuscula E. Entomoligiska Sallskapet.","Kipling Will","Essig Museum of Entomology",,"No known compromise","N",,
"47de51b5-bdfb-4695-887a-9ff74652a841","UNDE_001.basePlot.bet","D05","UNDE","UNDE_001","2015-08-03","2015-08-17","2017-01-15","NEON.BET.D05.000414","PTECOR1","Animalia","Arthropoda","Insecta","Coleoptera","Carabidae","Harpalinae","Pterostichini","Pterostichus","Euferonia","coracinus",,"Pterostichus coracinus","Newman","species",,"F",,"Lindroth, C. H. 1969. The ground-beetles (Carabidae, excl. Cicindelinae) of Canada and Alaska, parts 1-6. Opuscula E. Entomoligiska Sallskapet.","Kipling Will","Essig Museum of Entomology",,"No known compromise","N",,
"1a87e0ed-a713-4ced-a170-dc06c21f787e","UNDE_017.basePlot.bet","D05","UNDE","UNDE_017","2015-08-03","2015-08-17","2017-01-15","NEON.BET.D05.000439","PTEMEL","Animalia","Arthropoda","Insecta","Coleoptera","Carabidae","Harpalinae","Pterostichini","Pterostichus","Morphnosoma","melanarius","melanarius","Pterostichus melanarius melanarius","Illiger","subspecies",,"F",,"Lindroth, C. H. 1969. The ground-beetles (Carabidae, excl. Cicindelinae) of Canada and Alaska, parts 1-6. Opuscula E. Entomoligiska Sallskapet.","Kipling Will","Essig Museum of Entomology",,"No known compromise","N",,
"dfaf17e3-74f2-4c56-a81c-554d9caa4f23","UNDE_007.basePlot.bet","D05","UNDE","UNDE_007","2015-08-03","2015-08-17","2017-01-15","NEON.BET.D05.000492","PTEMEL","Animalia","Arthropoda","Insecta","Coleoptera","Carabidae","Harpalinae","Pterostichini","Pterostichus","Morphnosoma","melanarius","melanarius","Pterostichus melanarius melanarius","Illiger","subspecies",,"F",,"Lindroth, C. H. 1969. The ground-beetles (Carabidae, excl. Cicindelinae) of Canada and Alaska, parts 1-6. Opuscula E. Entomoligiska Sallskapet.","Kipling Will","Essig Museum of Entomology",,"No known compromise","N",,
"3cb6e31a-9662-4482-bb74-200f737c76b1","UNDE_007.basePlot.bet","D05","UNDE","UNDE_007","2015-08-03","2015-08-17","2017-01-15","NEON.BET.D05.000461","PTEMEL","Animalia","Arthropoda","Insecta","Coleoptera","Carabidae","Harpalinae","Pterostichini","Pterostichus","Morphnosoma","melanarius","melanarius","Pterostichus melanarius melanarius","Illiger","subspecies",,"F",,"Lindroth, C. H. 1969. The ground-beetles (Carabidae, excl. Cicindelinae) of Canada and Alaska, parts 1-6. Opuscula E. Entomoligiska Sallskapet.","Kipling Will","Essig Museum of Entomology",,"No known compromise","N",,
"48438f4d-01f2-4ed2-aea6-efa72555bf31","UNDE_007.basePlot.bet","D05","UNDE","UNDE_007","2015-08-03","2015-08-17","2017-01-15","NEON.BET.D05.000459","PTEMEL","Animalia","Arthropoda","Insecta","Coleoptera","Carabidae","Harpalinae","Pterostichini","Pterostichus","Morphnosoma","melanarius","melanarius","Pterostichus melanarius melanarius","Illiger","subspecies",,"M",,"Lindroth, C. H. 1969. The ground-beetles (Carabidae, excl. Cicindelinae) of Canada and Alaska, parts 1-6. Opuscula E. Entomoligiska Sallskapet.","Kipling Will","Essig Museum of Entomology",,"No known compromise","N",,
"051265aa-d122-4794-bf89-1469bbd28e00","UNDE_007.basePlot.bet","D05","UNDE","UNDE_007","2015-08-03","2015-08-17","2017-01-15","NEON.BET.D05.000493","PTEMEL","Animalia","Arthropoda","Insecta","Coleoptera","Carabidae","Harpalinae","Pterostichini","Pterostichus","Morphnosoma","melanarius","melanarius","Pterostichus melanarius melanarius","Illiger","subspecies",,"F",,"Lindroth, C. H. 1969. The ground-beetles (Carabidae, excl. Cicindelinae) of Canada and Alaska, parts 1-6. Opuscula E. Entomoligiska Sallskapet.","Kipling Will","Essig Museum of Entomology",,"No known compromise","N",,
"75e2681a-2b9f-47c9-a26f-a89a11ea57a2","UNDE_007.basePlot.bet","D05","UNDE","UNDE_007","2015-08-03","2015-08-17","2017-01-15","NEON.BET.D05.000460","PTEMEL","Animalia","Arthropoda","Insecta","Coleoptera","Carabidae","Harpalinae","Pterostichini","Pterostichus","Morphnosoma","melanarius","melanarius","Pterostichus melanarius melanarius","Illiger","subspecies",,"F",,"Lindroth, C. H. 1969. The ground-beetles (Carabidae, excl. Cicindelinae) of Canada and Alaska, parts 1-6. Opuscula E. Entomoligiska Sallskapet.","Kipling Will","Essig Museum of Entomology",,"No known compromise","N",,
"b532b1e8-d7af-42a5-8156-f7da8b09ffae","UNDE_006.basePlot.bet","D05","UNDE","UNDE_006","2015-08-03","2015-08-17","2017-01-15","NEON.BET.D05.000483","PTEMEL","Animalia","Arthropoda","Insecta","Coleoptera","Carabidae","Harpalinae","Pterostichini","Pterostichus","Morphnosoma","melanarius","melanarius","Pterostichus melanarius melanarius","Illiger","subspecies",,"F",,"Lindroth, C. H. 1969. The ground-beetles (Carabidae, excl. Cicindelinae) of Canada and Alaska, parts 1-6. Opuscula E. Entomoligiska Sallskapet.","Kipling Will","Essig Museum of Entomology",,"No known compromise","N",,
"7b193325-007a-4f9a-aafb-11620c0ee625","UNDE_006.basePlot.bet","D05","UNDE","UNDE_006","2015-08-03","2015-08-17","2017-01-15","NEON.BET.D05.000481","PTEMEL","Animalia","Arthropoda","Insecta","Coleoptera","Carabidae","Harpalinae","Pterostichini","Pterostichus","Morphnosoma","melanarius","melanarius","Pterostichus melanarius melanarius","Illiger","subspecies",,"F",,"Lindroth, C. H. 1969. The ground-beetles (Carabidae, excl. Cicindelinae) of Canada and Alaska, parts 1-6. Opuscula E. Entomoligiska Sallskapet.","Kipling Will","Essig Museum of Entomology",,"No known compromise","N",,
"59f7f428-0417-4a99-81a5-ee79fae97f2a","UNDE_006.basePlot.bet","D05","UNDE","UNDE_006","2015-08-03","2015-08-17","2017-01-15","NEON.BET.D05.000474","PTEMEL","Animalia","Arthropoda","Insecta","Coleoptera","Carabidae","Harpalinae","Pterostichini","Pterostichus","Morphnosoma","melanarius","melanarius","Pterostichus melanarius melanarius","Illiger","subspecies",,"M",,"Lindroth, C. H. 1969. The ground-beetles (Carabidae, excl. Cicindelinae) of Canada and Alaska, parts 1-6. Opuscula E. Entomoligiska Sallskapet.","Kipling Will","Essig Museum of Entomology",,"No known compromise","N",,
"bfe12cba-de08-470a-be5b-ccf025982ca6","UNDE_006.basePlot.bet","D05","UNDE","UNDE_006","2015-08-03","2015-08-17","2017-01-15","NEON.BET.D05.000465","PTEMEL","Animalia","Arthropoda","Insecta","Coleoptera","Carabidae","Harpalinae","Pterostichini","Pterostichus","Morphnosoma","melanarius","melanarius","Pterostichus melanarius melanarius","Illiger","subspecies",,"M",,"Lindroth, C. H. 1969. The ground-beetles (Carabidae, excl. Cicindelinae) of Canada and Alaska, parts 1-6. Opuscula E. Entomoligiska Sallskapet.","Kipling Will","Essig Museum of Entomology",,"No known compromise","N",,
"66d4fad3-b3f7-4eae-a392-60209eebe514","UNDE_006.basePlot.bet","D05","UNDE","UNDE_006","2015-08-03","2015-08-17","2017-01-15","NEON.BET.D05.000482","PTEMEL","Animalia","Arthropoda","Insecta","Coleoptera","Carabidae","Harpalinae","Pterostichini","Pterostichus","Morphnosoma","melanarius","melanarius","Pterostichus melanarius melanarius","Illiger","subspecies",,"F",,"Lindroth, C. H. 1969. The ground-beetles (Carabidae, excl. Cicindelinae) of Canada and Alaska, parts 1-6. Opuscula E. Entomoligiska Sallskapet.","Kipling Will","Essig Museum of Entomology",,"No known compromise","N",,
"b2e7d713-d265-406f-a3de-b7621340a17d","UNDE_006.basePlot.bet","D05","UNDE","UNDE_006","2015-08-03","2015-08-17","2017-01-15","NEON.BET.D05.000473","PTEMEL","Animalia","Arthropoda","Insecta","Coleoptera","Carabidae","Harpalinae","Pterostichini","Pterostichus","Morphnosoma","melanarius","melanarius","Pterostichus melanarius melanarius","Illiger","subspecies",,"F",,"Lindroth, C. H. 1969. The ground-beetles (Carabidae, excl. Cicindelinae) of Canada and Alaska, parts 1-6. Opuscula E. Entomoligiska Sallskapet.","Kipling Will","Essig Museum of Entomology",,"No known compromise","N",,
"3bb1235d-9c43-4a04-a4ab-396147ca7ad9","UNDE_001.basePlot.bet","D05","UNDE","UNDE_001","2015-08-03","2015-08-17","2017-01-15","NEON.BET.D05.000546","SYNIMP","Animalia","Arthropoda","Insecta","Coleoptera","Carabidae","Harpalinae","Sphodrini","Synuchus",,"impunctatus",,"Synuchus impunctatus","Say","species",,"M",,"Lindroth, C. H. 1969. The ground-beetles (Carabidae, excl. Cicindelinae) of Canada and Alaska, parts 1-6. Opuscula E. Entomoligiska Sallskapet.","Kipling Will","Essig Museum of Entomology",,"No known compromise","N",,
"692f7843-75fc-478e-bbd3-4f8f14f27a8f","UNDE_017.basePlot.bet","D05","UNDE","UNDE_017","2015-08-03","2015-08-17","2017-01-15","NEON.BET.D05.000581","CARNEM","Animalia","Arthropoda","Insecta","Coleoptera","Carabidae","Carabinae","Carabini","Carabus","Archicarabus","nemoralis","nemoralis","Carabus nemoralis nemoralis","Mueller","subspecies",,"F",,"Lindroth, C. H. 1969. The ground-beetles (Carabidae, excl. Cicindelinae) of Canada and Alaska, parts 1-6. Opuscula E. Entomoligiska Sallskapet.","Kipling Will","Essig Museum of Entomology",,"No known compromise","N",,
"30552259-e3eb-46cf-9f5d-b1aaa7da1cc3","UNDE_006.basePlot.bet","D05","UNDE","UNDE_006","2015-08-03","2015-08-17","2017-01-15","NEON.BET.D05.000668","HARSOM","Animalia","Arthropoda","Insecta","Coleoptera","Carabidae","Harpalinae","Harpalini","Harpalus","Harpalus","somnulentus",,"Harpalus somnulentus","Dejean","species",,"M",,"Noonan, G. R. 1991. Classification, Cladistics, and Natural History of Native North American Harpalus Latreille (Insecta: Coleoptera: Carabidae: Harpalini), excluding subgenera Glanodes and Pseudophonus.","Kipling Will","Essig Museum of Entomology",,"No known compromise","N",,
"637bf898-821c-468d-a80e-4ae1aa961c3d","UNDE_006.basePlot.bet","D05","UNDE","UNDE_006","2015-08-17","2015-08-31","2017-01-15","NEON.BET.D05.000536","PTEMEL","Animalia","Arthropoda","Insecta","Coleoptera","Carabidae","Harpalinae","Pterostichini","Pterostichus","Morphnosoma","melanarius","melanarius","Pterostichus melanarius melanarius","Illiger","subspecies",,"F",,"Lindroth, C. H. 1969. The ground-beetles (Carabidae, excl. Cicindelinae) of Canada and Alaska, parts 1-6. Opuscula E. Entomoligiska Sallskapet.","Kipling Will","Essig Museum of Entomology",,"No known compromise","N",,
"c3e6a5b8-ef45-48e7-ba72-85d5234c53a8","UNDE_003.basePlot.bet","D05","UNDE","UNDE_003","2015-08-17","2015-08-31","2017-01-15","NEON.BET.D05.000698","LORPIL2","Animalia","Arthropoda","Insecta","Coleoptera","Carabidae","Loricerinae","Loricerini","Loricera","Loricera","pilicornis","pilicornis","Loricera pilicornis pilicornis","Fabricius","subspecies",,"F",,"Ball, G. E., and T. L. Erwin. 1969. A taxonomic synopsis of the tribe Loricerini (Coleoptera: Carabidae). Canadian Journal of Zoology 47:877-907.","Kipling Will","Essig Museum of Entomology",,"No known compromise","N",,
"87db2a6a-0e4e-4120-ab3a-ac60e218930c","UNDE_017.basePlot.bet","D05","UNDE","UNDE_017","2015-08-17","2015-08-31","2017-01-15","NEON.BET.D05.000262","PTEPEN","Animalia","Arthropoda","Insecta","Coleoptera","Carabidae","Harpalinae","Pterostichini","Pterostichus","Bothriopterus","pensylvanicus",,"Pterostichus pensylvanicus","LeConte","species",,"M",,"Lindroth, C. H. 1969. The ground-beetles (Carabidae, excl. Cicindelinae) of Canada and Alaska, parts 1-6. Opuscula E. Entomoligiska Sallskapet.","Kipling Will","Essig Museum of Entomology",,"No known compromise","N",,
"5c27587b-6ad9-4bf0-a4a7-4113d3420ca3","UNDE_010.basePlot.bet","D05","UNDE","UNDE_010","2015-08-17","2015-08-31","2017-01-15","NEON.BET.D05.000307","SYNIMP","Animalia","Arthropoda","Insecta","Coleoptera","Carabidae","Harpalinae","Sphodrini","Synuchus",,"impunctatus",,"Synuchus impunctatus","Say","species",,"F",,"Lindroth, C. H. 1969. The ground-beetles (Carabidae, excl. Cicindelinae) of Canada and Alaska, parts 1-6. Opuscula E. Entomoligiska Sallskapet.","Kipling Will","Essig Museum of Entomology",,"No known compromise","N",,
"d2104230-2532-4b28-b8c8-06fa9e74b65e","UNDE_007.basePlot.bet","D05","UNDE","UNDE_007","2015-08-17","2015-08-31","2017-01-15","NEON.BET.D05.000329","SYNIMP","Animalia","Arthropoda","Insecta","Coleoptera","Carabidae","Harpalinae","Sphodrini","Synuchus",,"impunctatus",,"Synuchus impunctatus","Say","species",,"F",,"Lindroth, C. H. 1969. The ground-beetles (Carabidae, excl. Cicindelinae) of Canada and Alaska, parts 1-6. Opuscula E. Entomoligiska Sallskapet.","Kipling Will","Essig Museum of Entomology",,"No known compromise","N",,
"920c23cf-d3ee-4be3-abf7-9487d13d9812","UNDE_008.basePlot.bet","D05","UNDE","UNDE_008","2015-08-17","2015-08-31","2017-01-15","NEON.BET.D05.000352","SYNIMP","Animalia","Arthropoda","Insecta","Coleoptera","Carabidae","Harpalinae","Sphodrini","Synuchus",,"impunctatus",,"Synuchus impunctatus","Say","species",,"M",,"Lindroth, C. H. 1969. The ground-beetles (Carabidae, excl. Cicindelinae) of Canada and Alaska, parts 1-6. Opuscula E. Entomoligiska Sallskapet.","Kipling Will","Essig Museum of Entomology",,"No known compromise","N",,
"f0ea54b8-8f0c-4966-a138-15d53e3e7b0e","UNDE_008.basePlot.bet","D05","UNDE","UNDE_008","2015-08-17","2015-08-31","2017-01-15","NEON.BET.D05.000354","SYNIMP","Animalia","Arthropoda","Insecta","Coleoptera","Carabidae","Harpalinae","Sphodrini","Synuchus",,"impunctatus",,"Synuchus impunctatus","Say","species",,"M",,"Lindroth, C. H. 1969. The ground-beetles (Carabidae, excl. Cicindelinae) of Canada and Alaska, parts 1-6. Opuscula E. Entomoligiska Sallskapet.","Kipling Will","Essig Museum of Entomology",,"No known compromise","N",,
"8a2e8f38-d029-4f3d-b3a4-7761f2179ab2","UNDE_008.basePlot.bet","D05","UNDE","UNDE_008","2015-08-17","2015-08-31","2017-01-15","NEON.BET.D05.000353","SYNIMP","Animalia","Arthropoda","Insecta","Coleoptera","Carabidae","Harpalinae","Sphodrini","Synuchus",,"impunctatus",,"Synuchus impunctatus","Say","species",,"M",,"Lindroth, C. H. 1969. The ground-beetles (Carabidae, excl. Cicindelinae) of Canada and Alaska, parts 1-6. Opuscula E. Entomoligiska Sallskapet.","Kipling Will","Essig Museum of Entomology",,"No known compromise","N",,
"1f7b0609-a88a-458b-979b-a1dc98fed77b","UNDE_008.basePlot.bet","D05","UNDE","UNDE_008","2015-08-17","2015-08-31","2017-01-15","NEON.BET.D05.000392","PTECOR1","Animalia","Arthropoda","Insecta","Coleoptera","Carabidae","Harpalinae","Pterostichini","Pterostichus","Euferonia","coracinus",,"Pterostichus coracinus","Newman","species",,"F",,"Lindroth, C. H. 1969. The ground-beetles (Carabidae, excl. Cicindelinae) of Canada and Alaska, parts 1-6. Opuscula E. Entomoligiska Sallskapet.","Kipling Will","Essig Museum of Entomology",,"No known compromise","N",,
"cbe52d8a-337b-4f05-8e48-b93976841651","UNDE_001.basePlot.bet","D05","UNDE","UNDE_001","2015-08-17","2015-08-31","2017-01-15","NEON.BET.D05.000397","PTECOR1","Animalia","Arthropoda","Insecta","Coleoptera","Carabidae","Harpalinae","Pterostichini","Pterostichus","Euferonia","coracinus",,"Pterostichus coracinus","Newman","species",,"F",,"Lindroth, C. H. 1969. The ground-beetles (Carabidae, excl. Cicindelinae) of Canada and Alaska, parts 1-6. Opuscula E. Entomoligiska Sallskapet.","Kipling Will","Essig Museum of Entomology",,"No known compromise","N",,
"635eff27-a809-4c59-8105-4cebbd883b1e","UNDE_001.basePlot.bet","D05","UNDE","UNDE_001","2015-08-17","2015-08-31","2017-01-15","NEON.BET.D05.000409","PTECOR1","Animalia","Arthropoda","Insecta","Coleoptera","Carabidae","Harpalinae","Pterostichini","Pterostichus","Euferonia","coracinus",,"Pterostichus coracinus","Newman","species",,"M",,"Lindroth, C. H. 1969. The ground-beetles (Carabidae, excl. Cicindelinae) of Canada and Alaska, parts 1-6. Opuscula E. Entomoligiska Sallskapet.","Kipling Will","Essig Museum of Entomology",,"No known compromise","N",,
"fc8beedf-807a-4227-b984-0bff2d07568c","UNDE_001.basePlot.bet","D05","UNDE","UNDE_001","2015-08-17","2015-08-31","2017-01-15","NEON.BET.D05.000410","PTECOR1","Animalia","Arthropoda","Insecta","Coleoptera","Carabidae","Harpalinae","Pterostichini","Pterostichus","Euferonia","coracinus",,"Pterostichus coracinus","Newman","species",,"M",,"Lindroth, C. H. 1969. The ground-beetles (Carabidae, excl. Cicindelinae) of Canada and Alaska, parts 1-6. Opuscula E. Entomoligiska Sallskapet.","Kipling Will","Essig Museum of Entomology",,"No known compromise","N",,
"e07e5337-98aa-4973-bc8d-792752fe2653","UNDE_012.basePlot.bet","D05","UNDE","UNDE_012","2015-08-17","2015-08-31","2017-01-15","NEON.BET.D05.000447","PTEMEL","Animalia","Arthropoda","Insecta","Coleoptera","Carabidae","Harpalinae","Pterostichini","Pterostichus","Morphnosoma","melanarius","melanarius","Pterostichus melanarius melanarius","Illiger","subspecies",,"M",,"Lindroth, C. H. 1969. The ground-beetles (Carabidae, excl. Cicindelinae) of Canada and Alaska, parts 1-6. Opuscula E. Entomoligiska Sallskapet.","Kipling Will","Essig Museum of Entomology",,"No known compromise","N",,
"f579e810-1658-47d1-aa09-83c1ec07fdad","UNDE_012.basePlot.bet","D05","UNDE","UNDE_012","2015-08-17","2015-08-31","2017-01-15","NEON.BET.D05.000446","PTEMEL","Animalia","Arthropoda","Insecta","Coleoptera","Carabidae","Harpalinae","Pterostichini","Pterostichus","Morphnosoma","melanarius","melanarius","Pterostichus melanarius melanarius","Illiger","subspecies",,"M",,"Lindroth, C. H. 1969. The ground-beetles (Carabidae, excl. Cicindelinae) of Canada and Alaska, parts 1-6. Opuscula E. Entomoligiska Sallskapet.","Kipling Will","Essig Museum of Entomology",,"No known compromise","N",,
"429e0da6-df30-42de-b197-58c88405fd74","UNDE_008.basePlot.bet","D05","UNDE","UNDE_008","2015-08-17","2015-08-31","2017-01-15","NEON.BET.D05.000463","PTEMEL","Animalia","Arthropoda","Insecta","Coleoptera","Carabidae","Harpalinae","Pterostichini","Pterostichus","Morphnosoma","melanarius","melanarius","Pterostichus melanarius melanarius","Illiger","subspecies",,"M",,"Lindroth, C. H. 1969. The ground-beetles (Carabidae, excl. Cicindelinae) of Canada and Alaska, parts 1-6. Opuscula E. Entomoligiska Sallskapet.","Kipling Will","Essig Museum of Entomology",,"No known compromise","N",,
"b5e05269-7a1d-4177-b8d8-027366685234","UNDE_007.basePlot.bet","D05","UNDE","UNDE_007","2015-08-17","2015-08-31","2017-01-15","NEON.BET.D05.000456","PTEMEL","Animalia","Arthropoda","Insecta","Coleoptera","Carabidae","Harpalinae","Pterostichini","Pterostichus","Morphnosoma","melanarius","melanarius","Pterostichus melanarius melanarius","Illiger","subspecies",,"M",,"Lindroth, C. H. 1969. The ground-beetles (Carabidae, excl. Cicindelinae) of Canada and Alaska, parts 1-6. Opuscula E. Entomoligiska Sallskapet.","Kipling Will","Essig Museum of Entomology",,"No known compromise","N",,
"cb5a5576-4f2d-4fbc-be87-acdf84a5d069","UNDE_007.basePlot.bet","D05","UNDE","UNDE_007","2015-08-17","2015-08-31","2017-01-15","NEON.BET.D05.000455","PTEMEL","Animalia","Arthropoda","Insecta","Coleoptera","Carabidae","Harpalinae","Pterostichini","Pterostichus","Morphnosoma","melanarius","melanarius","Pterostichus melanarius melanarius","Illiger","subspecies",,"F",,"Lindroth, C. H. 1969. The ground-beetles (Carabidae, excl. Cicindelinae) of Canada and Alaska, parts 1-6. Opuscula E. Entomoligiska Sallskapet.","Kipling Will","Essig Museum of Entomology",,"No known compromise","N",,
"5e083fe6-17c2-4c4a-92d1-69c86f39f4b1","UNDE_006.basePlot.bet","D05","UNDE","UNDE_006","2015-08-17","2015-08-31","2017-01-15","NEON.BET.D05.000535","PTEMEL","Animalia","Arthropoda","Insecta","Coleoptera","Carabidae","Harpalinae","Pterostichini","Pterostichus","Morphnosoma","melanarius","melanarius","Pterostichus melanarius melanarius","Illiger","subspecies",,"M",,"Lindroth, C. H. 1969. The ground-beetles (Carabidae, excl. Cicindelinae) of Canada and Alaska, parts 1-6. Opuscula E. Entomoligiska Sallskapet.","Kipling Will","Essig Museum of Entomology",,"No known compromise","N",,
"3e22c235-0f22-46c8-98f8-6b1c4f6f83aa","UNDE_006.basePlot.bet","D05","UNDE","UNDE_006","2015-08-17","2015-08-31","2017-01-15","NEON.BET.D05.000549","SYNIMP","Animalia","Arthropoda","Insecta","Coleoptera","Carabidae","Harpalinae","Sphodrini","Synuchus",,"impunctatus",,"Synuchus impunctatus","Say","species",,"F",,"Lindroth, C. H. 1969. The ground-beetles (Carabidae, excl. Cicindelinae) of Canada and Alaska, parts 1-6. Opuscula E. Entomoligiska Sallskapet.","Kipling Will","Essig Museum of Entomology",,"No known compromise","N",,
"b0d5b43b-0c73-4800-a1c1-3b38f64dfccc","UNDE_006.basePlot.bet","D05","UNDE","UNDE_006","2015-08-17","2015-08-31","2017-01-15","NEON.BET.D05.000550","SYNIMP","Animalia","Arthropoda","Insecta","Coleoptera","Carabidae","Harpalinae","Sphodrini","Synuchus",,"impunctatus",,"Synuchus impunctatus","Say","species",,"M",,"Lindroth, C. H. 1969. The ground-beetles (Carabidae, excl. Cicindelinae) of Canada and Alaska, parts 1-6. Opuscula E. Entomoligiska Sallskapet.","Kipling Will","Essig Museum of Entomology",,"No known compromise","N",,
"c10a36e3-c875-416b-8998-9da6c721ef20","UNDE_007.basePlot.bet","D05","UNDE","UNDE_007","2015-08-17","2015-08-31","2017-01-15","NEON.BET.D05.000573","CARNEM","Animalia","Arthropoda","Insecta","Coleoptera","Carabidae","Carabinae","Carabini","Carabus","Archicarabus","nemoralis","nemoralis","Carabus nemoralis nemoralis","Mueller","subspecies",,"F",,"Lindroth, C. H. 1969. The ground-beetles (Carabidae, excl. Cicindelinae) of Canada and Alaska, parts 1-6. Opuscula E. Entomoligiska Sallskapet.","Kipling Will","Essig Museum of Entomology",,"No known compromise","N",,
"ca7374ba-6f47-45ea-bd68-00f470b6fc35","UNDE_012.basePlot.bet","D05","UNDE","UNDE_012","2015-08-17","2015-08-31","2017-01-15","NEON.BET.D05.000575","CARNEM","Animalia","Arthropoda","Insecta","Coleoptera","Carabidae","Carabinae","Carabini","Carabus","Archicarabus","nemoralis","nemoralis","Carabus nemoralis nemoralis","Mueller","subspecies",,"F",,"Lindroth, C. H. 1969. The ground-beetles (Carabidae, excl. Cicindelinae) of Canada and Alaska, parts 1-6. Opuscula E. Entomoligiska Sallskapet.","Kipling Will","Essig Museum of Entomology",,"No known compromise","N",,
"209bbb85-851a-42a4-aa6a-c381eb70c9b0","UNDE_017.basePlot.bet","D05","UNDE","UNDE_017","2015-08-17","2015-08-31","2017-01-15","NEON.BET.D05.000261","PTEPEN","Animalia","Arthropoda","Insecta","Coleoptera","Carabidae","Harpalinae","Pterostichini","Pterostichus","Bothriopterus","pensylvanicus",,"Pterostichus pensylvanicus","LeConte","species",,"F",,"Lindroth, C. H. 1969. The ground-beetles (Carabidae, excl. Cicindelinae) of Canada and Alaska, parts 1-6. Opuscula E. Entomoligiska Sallskapet.","Kipling Will","Essig Museum of Entomology",,"No known compromise","N",,
