uid,namedLocation,domainID,siteID,plotID,trapID,plotType,nlcdClass,decimalLatitude,decimalLongitude,geodeticDatum,coordinateUncertainty,elevation,elevationUncertainty,setDate,collectDate,eventID,daysOfTrapping,sampleCollected,sampleID,cupStatus,lidStatus,fluidLevel,samplingProtocolVersion,recordedBy,remarks
"293c18f9-6aba-4655-b891-e4b22d3937e6","DELA_003.basePlot.bet","D08","DELA","DELA_003","E","distributed","woodyWetlands",32.534935,-87.815030,"WGS84",20.2,25.0,0.2,"2016-07-19","2016-08-02","DELA.2016.31",14,"Y","DELA_003.E.20160802","Ok","Ok","Ok","NEON.DOC.014050vH","tZXjR/3x7TO0Uyi0fwy5LLTXGoWUPyDf",
"7c90f3a9-9d24-40d3-9365-30def4a013b6","DELA_001.basePlot.bet","D08","DELA","DELA_001","W","distributed","woodyWetlands",32.532061,-87.805436,"WGS84",20.2,35.8,0.4,"2016-07-19","2016-08-02","DELA.2016.31",14,"Y","DELA_001.W.20160802","Ok","Ok","Ok","NEON.DOC.014050vH","LnIDmrEQmAUtwQFMbC1CIKUZraB/NwPgV6cB6TW941k=",
"3da25f37-4b1e-4ba9-89bb-b8b0dee56c0b","DELA_005.basePlot.bet","D08","DELA","DELA_005","E","distributed","woodyWetlands",32.523344,-87.814623,"WGS84",20.2,29.7,0.2,"2016-07-19","2016-08-02","DELA.2016.31",14,"Y","DELA_005.E.20160802","Ok","Ok","Ok","NEON.DOC.014050vH","LnIDmrEQmAUtwQFMbC1CIKUZraB/NwPgV6cB6TW941k=",
"993ce961-96e0-495b-a09e-3905b901a745","DELA_004.basePlot.bet","D08","DELA","DELA_004","E","distributed","woodyWetlands",32.531985,-87.814345,"WGS84",20.2,26.1,0.3,"2016-07-19","2016-08-02","DELA.2016.31",14,"Y","DELA_004.E.20160802","Ok","Ok","Ok","NEON.DOC.014050vH","tZXjR/3x7TO0Uyi0fwy5LLTXGoWUPyDf",
"9a22ec85-1452-4b3c-b857-4bb1719f6742","DELA_014.basePlot.bet","D08","DELA","DELA_014","E","distributed","evergreenForest",32.529787,-87.818196,"WGS84",20.2,27.5,0.3,"2016-07-19","2016-08-02","DELA.2016.31",14,"Y","DELA_014.E.20160802","Ok","Ok","Ok","NEON.DOC.014050vH","tZXjR/3x7TO0Uyi0fwy5LLTXGoWUPyDf",
"97671bd3-0462-48f5-b2ba-eec67b3554fa","DELA_008.basePlot.bet","D08","DELA","DELA_008","E","distributed","woodyWetlands",32.540079,-87.814097,"WGS84",20.1,21.5,0.1,"2016-07-19","2016-08-02","DELA.2016.31",14,"Y","DELA_008.E.20160802","Disturbed","Disturbed","Ok","NEON.DOC.014050vH","LnIDmrEQmAUtwQFMbC1CIKUZraB/NwPgV6cB6TW941k=","raccoons appeared to have disturbed traps, lifting lids and removing cups"
"e382a672-296b-44f9-b0f5-6fa282dcf553","DELA_007.basePlot.bet","D08","DELA","DELA_007","E","distributed","woodyWetlands",32.538023,-87.801000,"WGS84",20.2,29.5,0.3,"2016-07-19","2016-08-02","DELA.2016.31",14,"Y","DELA_007.E.20160802","Ok","Ok","High","NEON.DOC.014050vH","LnIDmrEQmAUtwQFMbC1CIKUZraB/NwPgV6cB6TW941k=",
"cbbf080a-c044-4427-9834-92c1e2598c4e","DELA_001.basePlot.bet","D08","DELA","DELA_001","E","distributed","woodyWetlands",32.532061,-87.805436,"WGS84",20.2,35.8,0.4,"2016-07-19","2016-08-02","DELA.2016.31",14,"Y","DELA_001.E.20160802","Ok","Ok","Ok","NEON.DOC.014050vH","LnIDmrEQmAUtwQFMbC1CIKUZraB/NwPgV6cB6TW941k=",
"201a280a-b8fe-4d46-bea0-28325d15ffe6","DELA_002.basePlot.bet","D08","DELA","DELA_002","E","distributed","woodyWetlands",32.532488,-87.818528,"WGS84",20.2,28.5,0.3,"2016-07-19","2016-08-02","DELA.2016.31",14,"Y","DELA_002.E.20160802","Ok","Ok","Ok","NEON.DOC.014050vH","tZXjR/3x7TO0Uyi0fwy5LLTXGoWUPyDf",
"26f0dd61-2a24-46a8-8f9b-39ab30113c40","DELA_009.basePlot.bet","D08","DELA","DELA_009","E","distributed","woodyWetlands",32.534097,-87.816944,"WGS84",20.2,26.7,0.2,"2016-07-19","2016-08-02","DELA.2016.31",14,"Y","DELA_009.E.20160802","Ok","Ok","Ok","NEON.DOC.014050vH","tZXjR/3x7TO0Uyi0fwy5LLTXGoWUPyDf",
"53b89e08-5b7e-416e-aedc-76920fd36016","DELA_002.basePlot.bet","D08","DELA","DELA_002","N","distributed","woodyWetlands",32.532488,-87.818528,"WGS84",20.2,28.5,0.3,"2016-07-19","2016-08-02","DELA.2016.31",14,"Y","DELA_002.N.20160802","Ok","Ok","Ok","NEON.DOC.014050vH","tZXjR/3x7TO0Uyi0fwy5LLTXGoWUPyDf",
"21a74999-2098-48ae-a429-28d4dce0019e","DELA_009.basePlot.bet","D08","DELA","DELA_009","N","distributed","woodyWetlands",32.534097,-87.816944,"WGS84",20.2,26.7,0.2,"2016-07-19","2016-08-02","DELA.2016.31",14,"Y","DELA_009.N.20160802","Ok","Ok","Ok","NEON.DOC.014050vH","tZXjR/3x7TO0Uyi0fwy5LLTXGoWUPyDf",
"bc1c22cc-f5e9-4397-98db-87075d9bc355","DELA_003.basePlot.bet","D08","DELA","DELA_003","N","distributed","woodyWetlands",32.534935,-87.815030,"WGS84",20.2,25.0,0.2,"2016-07-19","2016-08-02","DELA.2016.31",14,"Y","DELA_003.N.20160802","Ok","Ok","Ok","NEON.DOC.014050vH","tZXjR/3x7TO0Uyi0fwy5LLTXGoWUPyDf",
"551ca17d-c60f-4f88-9472-163dc3af392b","DELA_008.basePlot.bet","D08","DELA","DELA_008","N","distributed","woodyWetlands",32.540079,-87.814097,"WGS84",20.1,21.5,0.1,"2016-07-19","2016-08-02","DELA.2016.31",14,"Y","DELA_008.N.20160802","Disturbed","Disturbed","High","NEON.DOC.014050vH","LnIDmrEQmAUtwQFMbC1CIKUZraB/NwPgV6cB6TW941k=","raccoons appeared to have disturbed traps, lifting lids and removing cups"
"afe7edd6-250c-423a-9d25-e558614ecdbf","DELA_007.basePlot.bet","D08","DELA","DELA_007","N","distributed","woodyWetlands",32.538023,-87.801000,"WGS84",20.2,29.5,0.3,"2016-07-19","2016-08-02","DELA.2016.31",14,"Y","DELA_007.N.20160802","Ok","Ok","Ok","NEON.DOC.014050vH","LnIDmrEQmAUtwQFMbC1CIKUZraB/NwPgV6cB6TW941k=",
"4824b9f0-b79a-4e7f-92b7-380da15fb936","DELA_001.basePlot.bet","D08","DELA","DELA_001","N","distributed","woodyWetlands",32.532061,-87.805436,"WGS84",20.2,35.8,0.4,"2016-07-19","2016-08-02","DELA.2016.31",14,"Y","DELA_001.N.20160802","Ok","Ok","Ok","NEON.DOC.014050vH","LnIDmrEQmAUtwQFMbC1CIKUZraB/NwPgV6cB6TW941k=",
"0eb84675-7a6a-47f9-a952-9c144c833157","DELA_006.basePlot.bet","D08","DELA","DELA_006","N","distributed","woodyWetlands",32.533914,-87.803841,"WGS84",20.1,26.9,0.1,"2016-07-19","2016-08-02","DELA.2016.31",14,"Y","DELA_006.N.20160802","Ok","Ok","Ok","NEON.DOC.014050vH","LnIDmrEQmAUtwQFMbC1CIKUZraB/NwPgV6cB6TW941k=",
"776e7c61-5804-472d-b341-c0d8907c0b75","DELA_004.basePlot.bet","D08","DELA","DELA_004","N","distributed","woodyWetlands",32.531985,-87.814345,"WGS84",20.2,26.1,0.3,"2016-07-19","2016-08-02","DELA.2016.31",14,"Y","DELA_004.N.20160802","Ok","Ok","Ok","NEON.DOC.014050vH","tZXjR/3x7TO0Uyi0fwy5LLTXGoWUPyDf",
"b0fe7851-6017-4d93-9f16-066018eef41a","DELA_014.basePlot.bet","D08","DELA","DELA_014","N","distributed","evergreenForest",32.529787,-87.818196,"WGS84",20.2,27.5,0.3,"2016-07-19","2016-08-02","DELA.2016.31",14,"Y","DELA_014.N.20160802","Ok","Ok","Ok","NEON.DOC.014050vH","tZXjR/3x7TO0Uyi0fwy5LLTXGoWUPyDf",
"3b36df18-3feb-4ed9-85c4-2f852cbefcf0","DELA_005.basePlot.bet","D08","DELA","DELA_005","N","distributed","woodyWetlands",32.523344,-87.814623,"WGS84",20.2,29.7,0.2,"2016-07-19","2016-08-02","DELA.2016.31",14,"Y","DELA_005.N.20160802","Ok","Ok","Ok","NEON.DOC.014050vH","LnIDmrEQmAUtwQFMbC1CIKUZraB/NwPgV6cB6TW941k=",
"3c142421-c5ff-436e-8785-7c9b1d70e17f","DELA_009.basePlot.bet","D08","DELA","DELA_009","S","distributed","woodyWetlands",32.534097,-87.816944,"WGS84",20.2,26.7,0.2,"2016-07-19","2016-08-02","DELA.2016.31",14,"Y","DELA_009.S.20160802","Ok","Ok","Ok","NEON.DOC.014050vH","tZXjR/3x7TO0Uyi0fwy5LLTXGoWUPyDf",
"75916d82-0f52-4ccd-a9af-f875fee75bb7","DELA_002.basePlot.bet","D08","DELA","DELA_002","S","distributed","woodyWetlands",32.532488,-87.818528,"WGS84",20.2,28.5,0.3,"2016-07-19","2016-08-02","DELA.2016.31",14,"Y","DELA_002.S.20160802","Ok","Ok","Ok","NEON.DOC.014050vH","tZXjR/3x7TO0Uyi0fwy5LLTXGoWUPyDf",
"74d4d0be-f73d-4a01-bdc9-367b0dba0562","DELA_008.basePlot.bet","D08","DELA","DELA_008","S","distributed","woodyWetlands",32.540079,-87.814097,"WGS84",20.1,21.5,0.1,"2016-07-19","2016-08-02","DELA.2016.31",14,"Y","DELA_008.S.20160802","Ok","Ok","Ok","NEON.DOC.014050vH","LnIDmrEQmAUtwQFMbC1CIKUZraB/NwPgV6cB6TW941k=",
"8216e00f-1b0d-4015-abaf-033b90ad8249","DELA_001.basePlot.bet","D08","DELA","DELA_001","S","distributed","woodyWetlands",32.532061,-87.805436,"WGS84",20.2,35.8,0.4,"2016-07-19","2016-08-02","DELA.2016.31",14,"Y","DELA_001.S.20160802","Ok","Ok","Ok","NEON.DOC.014050vH","LnIDmrEQmAUtwQFMbC1CIKUZraB/NwPgV6cB6TW941k=",
"f4a087b8-c780-4084-a5e0-81932bdd632b","DELA_003.basePlot.bet","D08","DELA","DELA_003","S","distributed","woodyWetlands",32.534935,-87.815030,"WGS84",20.2,25.0,0.2,"2016-07-19","2016-08-02","DELA.2016.31",14,"Y","DELA_003.S.20160802","Ok","Ok","Ok","NEON.DOC.014050vH","tZXjR/3x7TO0Uyi0fwy5LLTXGoWUPyDf",
"24b90d79-1ea8-4a40-889f-6dddbc3a4462","DELA_004.basePlot.bet","D08","DELA","DELA_004","S","distributed","woodyWetlands",32.531985,-87.814345,"WGS84",20.2,26.1,0.3,"2016-07-19","2016-08-02","DELA.2016.31",14,"Y","DELA_004.S.20160802","Ok","Ok","Ok","NEON.DOC.014050vH","tZXjR/3x7TO0Uyi0fwy5LLTXGoWUPyDf",
"6b017691-17e7-44a0-ad5d-69ff0c1e42e3","DELA_006.basePlot.bet","D08","DELA","DELA_006","S","distributed","woodyWetlands",32.533914,-87.803841,"WGS84",20.1,26.9,0.1,"2016-07-19","2016-08-02","DELA.2016.31",14,"Y","DELA_006.S.20160802","Ok","Ok","Ok","NEON.DOC.014050vH","LnIDmrEQmAUtwQFMbC1CIKUZraB/NwPgV6cB6TW941k=",
"c0077891-bb6b-43ef-9eab-f02b94f46abd","DELA_005.basePlot.bet","D08","DELA","DELA_005","S","distributed","woodyWetlands",32.523344,-87.814623,"WGS84",20.2,29.7,0.2,"2016-07-19","2016-08-02","DELA.2016.31",14,"Y","DELA_005.S.20160802","Ok","Ok","Ok","NEON.DOC.014050vH","LnIDmrEQmAUtwQFMbC1CIKUZraB/NwPgV6cB6TW941k=",
"4dfc9d23-61c4-4d9a-9f6d-fc890b5fc4fd","DELA_014.basePlot.bet","D08","DELA","DELA_014","S","distributed","evergreenForest",32.529787,-87.818196,"WGS84",20.2,27.5,0.3,"2016-07-19","2016-08-02","DELA.2016.31",14,"Y","DELA_014.S.20160802","Ok","Ok","Ok","NEON.DOC.014050vH","tZXjR/3x7TO0Uyi0fwy5LLTXGoWUPyDf",
"82d431a5-a468-4bb9-85d2-12f8c3982198","DELA_007.basePlot.bet","D08","DELA","DELA_007","S","distributed","woodyWetlands",32.538023,-87.801000,"WGS84",20.2,29.5,0.3,"2016-07-19","2016-08-02","DELA.2016.31",14,"Y","DELA_007.S.20160802","Disturbed","Ok","Ok","NEON.DOC.014050vH","LnIDmrEQmAUtwQFMbC1CIKUZraB/NwPgV6cB6TW941k=","S cup disturbed by erosion."
"db45c3f3-163c-45de-94f0-05b2704de901","DELA_002.basePlot.bet","D08","DELA","DELA_002","W","distributed","woodyWetlands",32.532488,-87.818528,"WGS84",20.2,28.5,0.3,"2016-07-19","2016-08-02","DELA.2016.31",14,"Y","DELA_002.W.20160802","Ok","Ok","Ok","NEON.DOC.014050vH","tZXjR/3x7TO0Uyi0fwy5LLTXGoWUPyDf",
"862efc55-d460-49ba-9338-e300dc10171c","DELA_009.basePlot.bet","D08","DELA","DELA_009","W","distributed","woodyWetlands",32.534097,-87.816944,"WGS84",20.2,26.7,0.2,"2016-07-19","2016-08-02","DELA.2016.31",14,"Y","DELA_009.W.20160802","Ok","Ok","Ok","NEON.DOC.014050vH","tZXjR/3x7TO0Uyi0fwy5LLTXGoWUPyDf",
"a031cda4-a2bb-4f70-bca5-31bb6629b6ef","DELA_003.basePlot.bet","D08","DELA","DELA_003","W","distributed","woodyWetlands",32.534935,-87.815030,"WGS84",20.2,25.0,0.2,"2016-07-19","2016-08-02","DELA.2016.31",14,"Y","DELA_003.W.20160802","Ok","Ok","Ok","NEON.DOC.014050vH","tZXjR/3x7TO0Uyi0fwy5LLTXGoWUPyDf",
"a6748638-79f1-488a-b801-1105a6139e00","DELA_006.basePlot.bet","D08","DELA","DELA_006","W","distributed","woodyWetlands",32.533914,-87.803841,"WGS84",20.1,26.9,0.1,"2016-07-19","2016-08-02","DELA.2016.31",14,"Y","DELA_006.W.20160802","Ok","Ok","Ok","NEON.DOC.014050vH","LnIDmrEQmAUtwQFMbC1CIKUZraB/NwPgV6cB6TW941k=",
"7c4d0711-0ad1-4d2c-ac0d-43321d7b95b7","DELA_005.basePlot.bet","D08","DELA","DELA_005","W","distributed","woodyWetlands",32.523344,-87.814623,"WGS84",20.2,29.7,0.2,"2016-07-19","2016-08-02","DELA.2016.31",14,"Y","DELA_005.W.20160802","Ok","Ok","Ok","NEON.DOC.014050vH","LnIDmrEQmAUtwQFMbC1CIKUZraB/NwPgV6cB6TW941k=",
"38e0faf8-0922-4cf2-bdb7-d265cb8b1b7f","DELA_004.basePlot.bet","D08","DELA","DELA_004","W","distributed","woodyWetlands",32.531985,-87.814345,"WGS84",20.2,26.1,0.3,"2016-07-19","2016-08-02","DELA.2016.31",14,"Y","DELA_004.W.20160802","Ok","Ok","Ok","NEON.DOC.014050vH","tZXjR/3x7TO0Uyi0fwy5LLTXGoWUPyDf",
"8d92c77a-c8f0-4ff7-89dd-d7fac8ead53f","DELA_014.basePlot.bet","D08","DELA","DELA_014","W","distributed","evergreenForest",32.529787,-87.818196,"WGS84",20.2,27.5,0.3,"2016-07-19","2016-08-02","DELA.2016.31",14,"Y","DELA_014.W.20160802","Ok","Ok","Ok","NEON.DOC.014050vH","tZXjR/3x7TO0Uyi0fwy5LLTXGoWUPyDf",
"15c29e44-f95a-4def-8cc6-23c7da3cff03","DELA_008.basePlot.bet","D08","DELA","DELA_008","W","distributed","woodyWetlands",32.540079,-87.814097,"WGS84",20.1,21.5,0.1,"2016-07-19","2016-08-02","DELA.2016.31",14,"N",,"Disturbed","Disturbed","Low","NEON.DOC.014050vH","LnIDmrEQmAUtwQFMbC1CIKUZraB/NwPgV6cB6TW941k=","raccoons appeared to have disturbed traps, lifting lids and removing cups"
"4a110c48-22a3-43b2-9235-3640eecaf625","DELA_006.basePlot.bet","D08","DELA","DELA_006","E","distributed","woodyWetlands",32.533914,-87.803841,"WGS84",20.1,26.9,0.1,"2016-07-19","2016-08-02","DELA.2016.31",14,"Y","DELA_006.E.20160802","Ok","Ok","Ok","NEON.DOC.014050vH","LnIDmrEQmAUtwQFMbC1CIKUZraB/NwPgV6cB6TW941k=",
"912a61c8-406b-434c-9cc0-fb8db8832869","DELA_003.basePlot.bet","D08","DELA","DELA_003","E","distributed","woodyWetlands",32.534935,-87.815030,"WGS84",20.2,25.0,0.2,"2016-08-02","2016-08-16","DELA.2016.33",14,"Y","DELA_003.E.20160816","Ok","Ok","Ok","NEON.DOC.014050vH","71MfCy+FRstpZer5T0iw8M+PBSzABHAbojUJO96sh64=",
"b10ce7bf-2103-4ef7-a782-3777802b749d","DELA_009.basePlot.bet","D08","DELA","DELA_009","E","distributed","woodyWetlands",32.534097,-87.816944,"WGS84",20.2,26.7,0.2,"2016-08-02","2016-08-16","DELA.2016.33",14,"Y","DELA_009.E.20160816","Ok","Ok","Ok","NEON.DOC.014050vH","71MfCy+FRstpZer5T0iw8M+PBSzABHAbojUJO96sh64=",
"99e75bc3-9118-4338-9442-0a97779ab57b","DELA_005.basePlot.bet","D08","DELA","DELA_005","E","distributed","woodyWetlands",32.523344,-87.814623,"WGS84",20.2,29.7,0.2,"2016-08-02","2016-08-16","DELA.2016.33",14,"Y","DELA_005.E.20160816","Ok","Ok","Ok","NEON.DOC.014050vH","3Ym5ij87kyMMuyqIXmaPBvb9Isj5hcH8",
"fb6388ca-355c-4c72-a431-3487fef248d1","DELA_004.basePlot.bet","D08","DELA","DELA_004","E","distributed","woodyWetlands",32.531985,-87.814345,"WGS84",20.2,26.1,0.3,"2016-08-02","2016-08-16","DELA.2016.33",14,"Y","DELA_004.E.20160816","Ok","Ok","Ok","NEON.DOC.014050vH","71MfCy+FRstpZer5T0iw8M+PBSzABHAbojUJO96sh64=",
"b74f8d08-17b5-417d-bd5b-b98ef4155f02","DELA_014.basePlot.bet","D08","DELA","DELA_014","E","distributed","evergreenForest",32.529787,-87.818196,"WGS84",20.2,27.5,0.3,"2016-08-02","2016-08-16","DELA.2016.33",14,"Y","DELA_014.E.20160816","Ok","Ok","Ok","NEON.DOC.014050vH","71MfCy+FRstpZer5T0iw8M+PBSzABHAbojUJO96sh64=",
"11f5c0b0-730f-40f4-a548-98afcaa58020","DELA_007.basePlot.bet","D08","DELA","DELA_007","E","distributed","woodyWetlands",32.538023,-87.801000,"WGS84",20.2,29.5,0.3,"2016-08-02","2016-08-16","DELA.2016.33",14,"Y","DELA_007.E.20160816","Ok","Ok","Ok","NEON.DOC.014050vH","LnIDmrEQmAUtwQFMbC1CIKUZraB/NwPgV6cB6TW941k=",
"db2091d2-71ef-4cd0-90ef-2f531fc8f6f7","DELA_008.basePlot.bet","D08","DELA","DELA_008","E","distributed","woodyWetlands",32.540079,-87.814097,"WGS84",20.1,21.5,0.1,"2016-08-02","2016-08-16","DELA.2016.33",14,"Y","DELA_008.E.20160816","Ok","Ok","Ok","NEON.DOC.014050vH","3Ym5ij87kyMMuyqIXmaPBvb9Isj5hcH8",
"3ccc6e17-c239-4d90-826c-1616fb12cb4b","DELA_002.basePlot.bet","D08","DELA","DELA_002","E","distributed","woodyWetlands",32.532488,-87.818528,"WGS84",20.2,28.5,0.3,"2016-08-02","2016-08-16","DELA.2016.33",14,"Y","DELA_002.E.20160816","Ok","Ok","Ok","NEON.DOC.014050vH","71MfCy+FRstpZer5T0iw8M+PBSzABHAbojUJO96sh64=",
"7dd834a6-d6b9-4310-9c71-3117082e0b3e","DELA_001.basePlot.bet","D08","DELA","DELA_001","E","distributed","woodyWetlands",32.532061,-87.805436,"WGS84",20.2,35.8,0.4,"2016-08-02","2016-08-16","DELA.2016.33",14,"Y","DELA_001.E.20160816","Ok","Ok","Ok","NEON.DOC.014050vH","3Ym5ij87kyMMuyqIXmaPBvb9Isj5hcH8",
"33cc506c-2d12-4400-b742-45f1c5041d81","DELA_006.basePlot.bet","D08","DELA","DELA_006","E","distributed","woodyWetlands",32.533914,-87.803841,"WGS84",20.1,26.9,0.1,"2016-08-02","2016-08-16","DELA.2016.33",14,"Y","DELA_006.E.20160816","Ok","Ok","Ok","NEON.DOC.014050vH","LnIDmrEQmAUtwQFMbC1CIKUZraB/NwPgV6cB6TW941k=",
"97ad467c-2e9c-4aec-9786-40f484d638a3","DELA_003.basePlot.bet","D08","DELA","DELA_003","N","distributed","woodyWetlands",32.534935,-87.815030,"WGS84",20.2,25.0,0.2,"2016-08-02","2016-08-16","DELA.2016.33",14,"Y","DELA_003.N.20160816","Ok","Ok","Ok","NEON.DOC.014050vH","71MfCy+FRstpZer5T0iw8M+PBSzABHAbojUJO96sh64=",
"ccfe0908-2ce1-4fc5-8b5c-d50385153b55","DELA_009.basePlot.bet","D08","DELA","DELA_009","N","distributed","woodyWetlands",32.534097,-87.816944,"WGS84",20.2,26.7,0.2,"2016-08-02","2016-08-16","DELA.2016.33",14,"Y","DELA_009.N.20160816","Ok","Ok","Ok","NEON.DOC.014050vH","71MfCy+FRstpZer5T0iw8M+PBSzABHAbojUJO96sh64=",
"85d661e4-87e5-49f3-8475-0df1cf6f2b56","DELA_006.basePlot.bet","D08","DELA","DELA_006","N","distributed","woodyWetlands",32.533914,-87.803841,"WGS84",20.1,26.9,0.1,"2016-08-02","2016-08-16","DELA.2016.33",14,"Y","DELA_006.N.20160816","Ok","Ok","Ok","NEON.DOC.014050vH","LnIDmrEQmAUtwQFMbC1CIKUZraB/NwPgV6cB6TW941k=",
"da203c21-b1b2-4728-b33f-dcd3b9d5379d","DELA_004.basePlot.bet","D08","DELA","DELA_004","N","distributed","woodyWetlands",32.531985,-87.814345,"WGS84",20.2,26.1,0.3,"2016-08-02","2016-08-16","DELA.2016.33",14,"Y","DELA_004.N.20160816","Ok","Ok","Ok","NEON.DOC.014050vH","71MfCy+FRstpZer5T0iw8M+PBSzABHAbojUJO96sh64=","there were gaps in the dirt surrounding the N cup"
"c0833f0d-3faf-4673-bc26-f32f56257117","DELA_014.basePlot.bet","D08","DELA","DELA_014","N","distributed","evergreenForest",32.529787,-87.818196,"WGS84",20.2,27.5,0.3,"2016-08-02","2016-08-16","DELA.2016.33",14,"Y","DELA_014.N.20160816","Ok","Ok","Ok","NEON.DOC.014050vH","71MfCy+FRstpZer5T0iw8M+PBSzABHAbojUJO96sh64=",
"d09252c9-a6ae-4ced-8ce1-7269bd50f709","DELA_005.basePlot.bet","D08","DELA","DELA_005","N","distributed","woodyWetlands",32.523344,-87.814623,"WGS84",20.2,29.7,0.2,"2016-08-02","2016-08-16","DELA.2016.33",14,"Y","DELA_005.N.20160816","Ok","Disturbed","Low","NEON.DOC.014050vH","3Ym5ij87kyMMuyqIXmaPBvb9Isj5hcH8","North lid was disturbed and fluid was low"
"ca2e041c-c55c-48aa-8714-912ad5ab895c","DELA_007.basePlot.bet","D08","DELA","DELA_007","N","distributed","woodyWetlands",32.538023,-87.801000,"WGS84",20.2,29.5,0.3,"2016-08-02","2016-08-16","DELA.2016.33",14,"Y","DELA_007.N.20160816","Ok","Ok","Ok","NEON.DOC.014050vH","LnIDmrEQmAUtwQFMbC1CIKUZraB/NwPgV6cB6TW941k=",
"05de030b-5a10-4117-8ff4-7386c366aec7","DELA_008.basePlot.bet","D08","DELA","DELA_008","N","distributed","woodyWetlands",32.540079,-87.814097,"WGS84",20.1,21.5,0.1,"2016-08-02","2016-08-16","DELA.2016.33",14,"Y","DELA_008.N.20160816","Ok","Ok","Ok","NEON.DOC.014050vH","3Ym5ij87kyMMuyqIXmaPBvb9Isj5hcH8",
"6f3a0f35-d13f-40ac-9117-5813b0cd19e3","DELA_002.basePlot.bet","D08","DELA","DELA_002","N","distributed","woodyWetlands",32.532488,-87.818528,"WGS84",20.2,28.5,0.3,"2016-08-02","2016-08-16","DELA.2016.33",14,"Y","DELA_002.N.20160816","Ok","Ok","Ok","NEON.DOC.014050vH","71MfCy+FRstpZer5T0iw8M+PBSzABHAbojUJO96sh64=",
"c0eb6b4c-071a-49b8-be2b-c0c6c11dea77","DELA_001.basePlot.bet","D08","DELA","DELA_001","N","distributed","woodyWetlands",32.532061,-87.805436,"WGS84",20.2,35.8,0.4,"2016-08-02","2016-08-16","DELA.2016.33",14,"Y","DELA_001.N.20160816","Ok","Ok","Ok","NEON.DOC.014050vH","3Ym5ij87kyMMuyqIXmaPBvb9Isj5hcH8",
"18f286e5-34dd-4e57-947b-338ca8f1f425","DELA_009.basePlot.bet","D08","DELA","DELA_009","S","distributed","woodyWetlands",32.534097,-87.816944,"WGS84",20.2,26.7,0.2,"2016-08-02","2016-08-16","DELA.2016.33",14,"Y","DELA_009.S.20160816","Ok","Ok","Ok","NEON.DOC.014050vH","71MfCy+FRstpZer5T0iw8M+PBSzABHAbojUJO96sh64=",
"5a66e524-db62-411b-a6b0-dfc2eede9459","DELA_003.basePlot.bet","D08","DELA","DELA_003","S","distributed","woodyWetlands",32.534935,-87.815030,"WGS84",20.2,25.0,0.2,"2016-08-02","2016-08-16","DELA.2016.33",14,"Y","DELA_003.S.20160816","Ok","Disturbed","Ok","NEON.DOC.014050vH","71MfCy+FRstpZer5T0iw8M+PBSzABHAbojUJO96sh64=",
"95e29c99-6be5-4194-b13b-9cb2806ab5d8","DELA_008.basePlot.bet","D08","DELA","DELA_008","S","distributed","woodyWetlands",32.540079,-87.814097,"WGS84",20.1,21.5,0.1,"2016-08-02","2016-08-16","DELA.2016.33",14,"Y","DELA_008.S.20160816","Ok","Disturbed","Ok","NEON.DOC.014050vH","3Ym5ij87kyMMuyqIXmaPBvb9Isj5hcH8","South lid was lifted - sample was ok, though"
"59ebd0dc-d0ec-46de-b0ad-c32e8e1f779b","DELA_002.basePlot.bet","D08","DELA","DELA_002","S","distributed","woodyWetlands",32.532488,-87.818528,"WGS84",20.2,28.5,0.3,"2016-08-02","2016-08-16","DELA.2016.33",14,"Y","DELA_002.S.20160816","Ok","Ok","Ok","NEON.DOC.014050vH","71MfCy+FRstpZer5T0iw8M+PBSzABHAbojUJO96sh64=",
"b94139c6-5e3b-4491-8a4e-b1da2ad629b4","DELA_007.basePlot.bet","D08","DELA","DELA_007","S","distributed","woodyWetlands",32.538023,-87.801000,"WGS84",20.2,29.5,0.3,"2016-08-02","2016-08-16","DELA.2016.33",14,"Y","DELA_007.S.20160816","Ok","Ok","Ok","NEON.DOC.014050vH","LnIDmrEQmAUtwQFMbC1CIKUZraB/NwPgV6cB6TW941k=",
"b4e7bad3-0a94-466d-9869-3641338b4d4c","DELA_001.basePlot.bet","D08","DELA","DELA_001","S","distributed","woodyWetlands",32.532061,-87.805436,"WGS84",20.2,35.8,0.4,"2016-08-02","2016-08-16","DELA.2016.33",14,"Y","DELA_001.S.20160816","Ok","Ok","Ok","NEON.DOC.014050vH","3Ym5ij87kyMMuyqIXmaPBvb9Isj5hcH8",
"c40c1d52-26e8-4914-a69c-f5af7dc7e82e","DELA_004.basePlot.bet","D08","DELA","DELA_004","S","distributed","woodyWetlands",32.531985,-87.814345,"WGS84",20.2,26.1,0.3,"2016-08-02","2016-08-16","DELA.2016.33",14,"Y","DELA_004.S.20160816","Ok","Ok","Ok","NEON.DOC.014050vH","71MfCy+FRstpZer5T0iw8M+PBSzABHAbojUJO96sh64=",
"bc554869-06c0-4c38-b72c-af07e64622c1","DELA_006.basePlot.bet","D08","DELA","DELA_006","S","distributed","woodyWetlands",32.533914,-87.803841,"WGS84",20.1,26.9,0.1,"2016-08-02","2016-08-16","DELA.2016.33",14,"Y","DELA_006.S.20160816","Ok","Ok","Ok","NEON.DOC.014050vH","LnIDmrEQmAUtwQFMbC1CIKUZraB/NwPgV6cB6TW941k=",
"5d8209a1-d8fc-4145-89f7-384fb995bc02","DELA_014.basePlot.bet","D08","DELA","DELA_014","S","distributed","evergreenForest",32.529787,-87.818196,"WGS84",20.2,27.5,0.3,"2016-08-02","2016-08-16","DELA.2016.33",14,"Y","DELA_014.S.20160816","Ok","Ok","Ok","NEON.DOC.014050vH","71MfCy+FRstpZer5T0iw8M+PBSzABHAbojUJO96sh64=",
"e4bb9389-c768-4930-b32b-65f79efa85de","DELA_005.basePlot.bet","D08","DELA","DELA_005","S","distributed","woodyWetlands",32.523344,-87.814623,"WGS84",20.2,29.7,0.2,"2016-08-02","2016-08-16","DELA.2016.33",14,"Y","DELA_005.S.20160816","Ok","Ok","Ok","NEON.DOC.014050vH","3Ym5ij87kyMMuyqIXmaPBvb9Isj5hcH8",
"b4ea4ccc-8391-47a0-8016-acaedc3868fe","DELA_006.basePlot.bet","D08","DELA","DELA_006","W","distributed","woodyWetlands",32.533914,-87.803841,"WGS84",20.1,26.9,0.1,"2016-08-02","2016-08-16","DELA.2016.33",14,"Y","DELA_006.W.20160816","Ok","Ok","Ok","NEON.DOC.014050vH","LnIDmrEQmAUtwQFMbC1CIKUZraB/NwPgV6cB6TW941k=",
"d61cfba8-cd40-4b19-99f2-9283bdf02278","DELA_004.basePlot.bet","D08","DELA","DELA_004","W","distributed","woodyWetlands",32.531985,-87.814345,"WGS84",20.2,26.1,0.3,"2016-08-02","2016-08-16","DELA.2016.33",14,"Y","DELA_004.W.20160816","Ok","Ok","Ok","NEON.DOC.014050vH","71MfCy+FRstpZer5T0iw8M+PBSzABHAbojUJO96sh64=",
"6339c453-f66c-4cfc-9953-7bf497371a8e","DELA_014.basePlot.bet","D08","DELA","DELA_014","W","distributed","evergreenForest",32.529787,-87.818196,"WGS84",20.2,27.5,0.3,"2016-08-02","2016-08-16","DELA.2016.33",14,"Y","DELA_014.W.20160816","Ok","Ok","Ok","NEON.DOC.014050vH","71MfCy+FRstpZer5T0iw8M+PBSzABHAbojUJO96sh64=",
"92c091d0-db5b-4fb0-a3fd-69cf78162255","DELA_005.basePlot.bet","D08","DELA","DELA_005","W","distributed","woodyWetlands",32.523344,-87.814623,"WGS84",20.2,29.7,0.2,"2016-08-02","2016-08-16","DELA.2016.33",14,"Y","DELA_005.W.20160816","Ok","Ok","Ok","NEON.DOC.014050vH","3Ym5ij87kyMMuyqIXmaPBvb9Isj5hcH8",
"d6f1a8dd-3873-4959-8c06-30fffbca579a","DELA_008.basePlot.bet","D08","DELA","DELA_008","W","distributed","woodyWetlands",32.540079,-87.814097,"WGS84",20.1,21.5,0.1,"2016-08-02","2016-08-16","DELA.2016.33",14,"Y","DELA_008.W.20160816","Ok","Ok","Ok","NEON.DOC.014050vH","3Ym5ij87kyMMuyqIXmaPBvb9Isj5hcH8",
"9831734d-d4da-4ac4-9f09-aed415d8ac58","DELA_002.basePlot.bet","D08","DELA","DELA_002","W","distributed","woodyWetlands",32.532488,-87.818528,"WGS84",20.2,28.5,0.3,"2016-08-02","2016-08-16","DELA.2016.33",14,"Y","DELA_002.W.20160816","Ok","Ok","Ok","NEON.DOC.014050vH","71MfCy+FRstpZer5T0iw8M+PBSzABHAbojUJO96sh64=",
"f3355ca9-c21e-4878-bc4e-fb1d71d9cd7c","DELA_001.basePlot.bet","D08","DELA","DELA_001","W","distributed","woodyWetlands",32.532061,-87.805436,"WGS84",20.2,35.8,0.4,"2016-08-02","2016-08-16","DELA.2016.33",14,"Y","DELA_001.W.20160816","Ok","Ok","Ok","NEON.DOC.014050vH","3Ym5ij87kyMMuyqIXmaPBvb9Isj5hcH8",
"224c26ac-6c9b-4d2c-b01f-2ee33f95f47c","DELA_003.basePlot.bet","D08","DELA","DELA_003","W","distributed","woodyWetlands",32.534935,-87.815030,"WGS84",20.2,25.0,0.2,"2016-08-02","2016-08-16","DELA.2016.33",14,"Y","DELA_003.W.20160816","Ok","Ok","Ok","NEON.DOC.014050vH","71MfCy+FRstpZer5T0iw8M+PBSzABHAbojUJO96sh64=",
"0d6fdf26-7c06-4dc2-9be3-38c402d98c70","DELA_009.basePlot.bet","D08","DELA","DELA_009","W","distributed","woodyWetlands",32.534097,-87.816944,"WGS84",20.2,26.7,0.2,"2016-08-02","2016-08-16","DELA.2016.33",14,"Y","DELA_009.W.20160816","Ok","Ok","Ok","NEON.DOC.014050vH","71MfCy+FRstpZer5T0iw8M+PBSzABHAbojUJO96sh64=",
"725ef7d9-6434-485f-920e-fe33990ce06a","DELA_003.basePlot.bet","D08","DELA","DELA_003","E","distributed","woodyWetlands",32.534935,-87.815030,"WGS84",20.2,25.0,0.2,"2016-08-16","2016-08-30","DELA.2016.35",14,"Y","DELA_003.E.20160830","Ok","Ok","Ok","NEON.DOC.014050vH","ADzqoWOfwevQ2rrllzoCJTnDjie0NTbT",
"67d27d08-9e27-4212-823f-a5e631a22e72","DELA_006.basePlot.bet","D08","DELA","DELA_006","W","distributed","woodyWetlands",32.533914,-87.803841,"WGS84",20.1,26.9,0.1,"2016-08-16","2016-08-30","DELA.2016.35",14,"Y","DELA_006.W.20160830","Ok","Ok","Ok","NEON.DOC.014050vH","Ty5ktdGiRSp05LT6y3oRIJX9t8YK1JGMhptSFXGHZWc=",
"3f1e63a0-3c82-4d95-90e8-0c7f4849a855","DELA_005.basePlot.bet","D08","DELA","DELA_005","E","distributed","woodyWetlands",32.523344,-87.814623,"WGS84",20.2,29.7,0.2,"2016-08-16","2016-08-30","DELA.2016.35",14,"Y","DELA_005.E.20160830","Ok","Ok","Ok","NEON.DOC.014050vH","Ty5ktdGiRSp05LT6y3oRIJX9t8YK1JGMhptSFXGHZWc=",
"7238e7b0-35d3-44ba-b36c-bc7e84ab13fe","DELA_004.basePlot.bet","D08","DELA","DELA_004","E","distributed","woodyWetlands",32.531985,-87.814345,"WGS84",20.2,26.1,0.3,"2016-08-16","2016-08-30","DELA.2016.35",14,"Y","DELA_004.E.20160830","Ok","Ok","Ok","NEON.DOC.014050vH","Ty5ktdGiRSp05LT6y3oRIJX9t8YK1JGMhptSFXGHZWc=",
"1fd434c5-c361-4323-a1f2-4d63420c0517","DELA_014.basePlot.bet","D08","DELA","DELA_014","E","distributed","evergreenForest",32.529787,-87.818196,"WGS84",20.2,27.5,0.3,"2016-08-16","2016-08-30","DELA.2016.35",14,"Y","DELA_014.E.20160830","Ok","Ok","Ok","NEON.DOC.014050vH","Ty5ktdGiRSp05LT6y3oRIJX9t8YK1JGMhptSFXGHZWc=",
"00edc181-b5f8-47dc-8384-1dbef277d2f2","DELA_007.basePlot.bet","D08","DELA","DELA_007","E","distributed","woodyWetlands",32.538023,-87.801000,"WGS84",20.2,29.5,0.3,"2016-08-16","2016-08-30","DELA.2016.35",14,"Y","DELA_007.E.20160830","Ok","Ok","Ok","NEON.DOC.014050vH","Ty5ktdGiRSp05LT6y3oRIJX9t8YK1JGMhptSFXGHZWc=",
"21b96ed1-d64d-421e-98cb-466b67728d2c","DELA_008.basePlot.bet","D08","DELA","DELA_008","E","distributed","woodyWetlands",32.540079,-87.814097,"WGS84",20.1,21.5,0.1,"2016-08-16","2016-08-30","DELA.2016.35",14,"Y","DELA_008.E.20160830","Ok","Ok","Ok","NEON.DOC.014050vH","ADzqoWOfwevQ2rrllzoCJTnDjie0NTbT",
"ba4f26d1-2456-45e5-bc02-e140a6f6542c","DELA_001.basePlot.bet","D08","DELA","DELA_001","E","distributed","woodyWetlands",32.532061,-87.805436,"WGS84",20.2,35.8,0.4,"2016-08-16","2016-08-30","DELA.2016.35",14,"Y","DELA_001.E.20160830","Ok","Ok","Ok","NEON.DOC.014050vH","Ty5ktdGiRSp05LT6y3oRIJX9t8YK1JGMhptSFXGHZWc=","part of sample got spilled/lost"
"f2871ed8-150c-4aa1-88ec-e38e4b5f1c7b","DELA_002.basePlot.bet","D08","DELA","DELA_002","E","distributed","woodyWetlands",32.532488,-87.818528,"WGS84",20.2,28.5,0.3,"2016-08-16","2016-08-30","DELA.2016.35",14,"Y","DELA_002.E.20160830","Ok","Ok","Ok","NEON.DOC.014050vH","Ty5ktdGiRSp05LT6y3oRIJX9t8YK1JGMhptSFXGHZWc=",
"34532a6e-5fcc-438e-8ff7-d354ac7d8da3","DELA_009.basePlot.bet","D08","DELA","DELA_009","E","distributed","woodyWetlands",32.534097,-87.816944,"WGS84",20.2,26.7,0.2,"2016-08-16","2016-08-30","DELA.2016.35",14,"Y","DELA_009.E.20160830","Ok","Ok","Ok","NEON.DOC.014050vH","Ty5ktdGiRSp05LT6y3oRIJX9t8YK1JGMhptSFXGHZWc=",
"0466e878-93a6-4b6c-a3ef-2f77d1e33181","DELA_002.basePlot.bet","D08","DELA","DELA_002","N","distributed","woodyWetlands",32.532488,-87.818528,"WGS84",20.2,28.5,0.3,"2016-08-16","2016-08-30","DELA.2016.35",14,"Y","DELA_002.N.20160830","Ok","Ok","Ok","NEON.DOC.014050vH","Ty5ktdGiRSp05LT6y3oRIJX9t8YK1JGMhptSFXGHZWc=",
"0b30ab13-eab2-46ce-a741-b7e3e08b4e5e","DELA_007.basePlot.bet","D08","DELA","DELA_007","N","distributed","woodyWetlands",32.538023,-87.801000,"WGS84",20.2,29.5,0.3,"2016-08-16","2016-08-30","DELA.2016.35",14,"Y","DELA_007.N.20160830","Ok","Ok","Ok","NEON.DOC.014050vH","Ty5ktdGiRSp05LT6y3oRIJX9t8YK1JGMhptSFXGHZWc=",
"53cbcf27-8105-4482-8f11-d61157a2a20a","DELA_008.basePlot.bet","D08","DELA","DELA_008","N","distributed","woodyWetlands",32.540079,-87.814097,"WGS84",20.1,21.5,0.1,"2016-08-16","2016-08-30","DELA.2016.35",14,"Y","DELA_008.N.20160830","Ok","Ok","Ok","NEON.DOC.014050vH","ADzqoWOfwevQ2rrllzoCJTnDjie0NTbT",
"ea7853c9-bd58-4a70-9b22-f820cb1064a5","DELA_009.basePlot.bet","D08","DELA","DELA_009","N","distributed","woodyWetlands",32.534097,-87.816944,"WGS84",20.2,26.7,0.2,"2016-08-16","2016-08-30","DELA.2016.35",14,"Y","DELA_009.N.20160830","Ok","Ok","Ok","NEON.DOC.014050vH","Ty5ktdGiRSp05LT6y3oRIJX9t8YK1JGMhptSFXGHZWc=",
"5f3566e9-baa2-4526-9b9f-049c08ea31aa","DELA_001.basePlot.bet","D08","DELA","DELA_001","N","distributed","woodyWetlands",32.532061,-87.805436,"WGS84",20.2,35.8,0.4,"2016-08-16","2016-08-30","DELA.2016.35",14,"Y","DELA_001.N.20160830","Ok","Ok","Ok","NEON.DOC.014050vH","Ty5ktdGiRSp05LT6y3oRIJX9t8YK1JGMhptSFXGHZWc=",
"920d4857-b58b-47c2-8765-8293e9cf6ab7","DELA_003.basePlot.bet","D08","DELA","DELA_003","N","distributed","woodyWetlands",32.534935,-87.815030,"WGS84",20.2,25.0,0.2,"2016-08-16","2016-08-30","DELA.2016.35",14,"Y","DELA_003.N.20160830","Ok","Ok","Ok","NEON.DOC.014050vH","ADzqoWOfwevQ2rrllzoCJTnDjie0NTbT",
"0d6a25a0-8645-4710-aed3-8a230e44e7b5","DELA_006.basePlot.bet","D08","DELA","DELA_006","N","distributed","woodyWetlands",32.533914,-87.803841,"WGS84",20.1,26.9,0.1,"2016-08-16","2016-08-30","DELA.2016.35",14,"Y","DELA_006.N.20160830","Ok","Ok","Ok","NEON.DOC.014050vH","Ty5ktdGiRSp05LT6y3oRIJX9t8YK1JGMhptSFXGHZWc=",
"fe681bb7-469b-4eee-ba61-6a000f0a8333","DELA_004.basePlot.bet","D08","DELA","DELA_004","N","distributed","woodyWetlands",32.531985,-87.814345,"WGS84",20.2,26.1,0.3,"2016-08-16","2016-08-30","DELA.2016.35",14,"Y","DELA_004.N.20160830","Ok","Ok","Ok","NEON.DOC.014050vH","Ty5ktdGiRSp05LT6y3oRIJX9t8YK1JGMhptSFXGHZWc=",
"4d5203f8-a4dd-421e-ba18-4759d8017de6","DELA_014.basePlot.bet","D08","DELA","DELA_014","N","distributed","evergreenForest",32.529787,-87.818196,"WGS84",20.2,27.5,0.3,"2016-08-16","2016-08-30","DELA.2016.35",14,"Y","DELA_014.N.20160830","Ok","Ok","Ok","NEON.DOC.014050vH","Ty5ktdGiRSp05LT6y3oRIJX9t8YK1JGMhptSFXGHZWc=",
"67df2b9e-4093-4756-bbe5-a18a377bb05c","DELA_005.basePlot.bet","D08","DELA","DELA_005","N","distributed","woodyWetlands",32.523344,-87.814623,"WGS84",20.2,29.7,0.2,"2016-08-16","2016-08-30","DELA.2016.35",14,"Y","DELA_005.N.20160830","Ok","Ok","Ok","NEON.DOC.014050vH","Ty5ktdGiRSp05LT6y3oRIJX9t8YK1JGMhptSFXGHZWc=",
"bf86618c-c467-4389-97df-41b3bf320662","DELA_014.basePlot.bet","D08","DELA","DELA_014","S","distributed","evergreenForest",32.529787,-87.818196,"WGS84",20.2,27.5,0.3,"2016-08-16","2016-08-30","DELA.2016.35",14,"Y","DELA_014.S.20160830","Ok","Ok","Ok","NEON.DOC.014050vH","Ty5ktdGiRSp05LT6y3oRIJX9t8YK1JGMhptSFXGHZWc=",
"de3f17ca-d88f-44e3-8b00-a47a12879a0d","DELA_005.basePlot.bet","D08","DELA","DELA_005","S","distributed","woodyWetlands",32.523344,-87.814623,"WGS84",20.2,29.7,0.2,"2016-08-16","2016-08-30","DELA.2016.35",14,"Y","DELA_005.S.20160830","Ok","Ok","Ok","NEON.DOC.014050vH","Ty5ktdGiRSp05LT6y3oRIJX9t8YK1JGMhptSFXGHZWc=",
"c46dbfbd-c501-4463-b70a-89643f0da793","DELA_004.basePlot.bet","D08","DELA","DELA_004","S","distributed","woodyWetlands",32.531985,-87.814345,"WGS84",20.2,26.1,0.3,"2016-08-16","2016-08-30","DELA.2016.35",14,"Y","DELA_004.S.20160830","Ok","Ok","Ok","NEON.DOC.014050vH","Ty5ktdGiRSp05LT6y3oRIJX9t8YK1JGMhptSFXGHZWc=",
"32f37c84-1c44-4649-a895-168e712477bb","DELA_002.basePlot.bet","D08","DELA","DELA_002","S","distributed","woodyWetlands",32.532488,-87.818528,"WGS84",20.2,28.5,0.3,"2016-08-16","2016-08-30","DELA.2016.35",14,"Y","DELA_002.S.20160830","Ok","Ok","Ok","NEON.DOC.014050vH","Ty5ktdGiRSp05LT6y3oRIJX9t8YK1JGMhptSFXGHZWc=",
"0443a4ef-0bb4-447c-a628-707112d36e07","DELA_009.basePlot.bet","D08","DELA","DELA_009","S","distributed","woodyWetlands",32.534097,-87.816944,"WGS84",20.2,26.7,0.2,"2016-08-16","2016-08-30","DELA.2016.35",14,"Y","DELA_009.S.20160830","Ok","Ok","Ok","NEON.DOC.014050vH","Ty5ktdGiRSp05LT6y3oRIJX9t8YK1JGMhptSFXGHZWc=",
"3ef8f1a6-ed3c-4523-83cd-31394d9e4c79","DELA_003.basePlot.bet","D08","DELA","DELA_003","S","distributed","woodyWetlands",32.534935,-87.815030,"WGS84",20.2,25.0,0.2,"2016-08-16","2016-08-30","DELA.2016.35",14,"Y","DELA_003.S.20160830","Ok","Ok","Ok","NEON.DOC.014050vH","ADzqoWOfwevQ2rrllzoCJTnDjie0NTbT",
"10707fef-1ee6-4908-a2db-70de90bd3da2","DELA_008.basePlot.bet","D08","DELA","DELA_008","S","distributed","woodyWetlands",32.540079,-87.814097,"WGS84",20.1,21.5,0.1,"2016-08-16","2016-08-30","DELA.2016.35",14,"Y","DELA_008.S.20160830","Ok","Ok","Ok","NEON.DOC.014050vH","ADzqoWOfwevQ2rrllzoCJTnDjie0NTbT",
"f9b62158-0834-43cb-a69b-653d2ca66a0c","DELA_006.basePlot.bet","D08","DELA","DELA_006","S","distributed","woodyWetlands",32.533914,-87.803841,"WGS84",20.1,26.9,0.1,"2016-08-16","2016-08-30","DELA.2016.35",14,"Y","DELA_006.S.20160830","Ok","Ok","Ok","NEON.DOC.014050vH","Ty5ktdGiRSp05LT6y3oRIJX9t8YK1JGMhptSFXGHZWc=",
"d489f85d-8bce-4b79-8a27-c1c6f36a257c","DELA_001.basePlot.bet","D08","DELA","DELA_001","S","distributed","woodyWetlands",32.532061,-87.805436,"WGS84",20.2,35.8,0.4,"2016-08-16","2016-08-30","DELA.2016.35",14,"Y","DELA_001.S.20160830","Ok","Ok","Ok","NEON.DOC.014050vH","Ty5ktdGiRSp05LT6y3oRIJX9t8YK1JGMhptSFXGHZWc=",
"0459911a-ff30-454f-87fb-21982a2c3483","DELA_007.basePlot.bet","D08","DELA","DELA_007","S","distributed","woodyWetlands",32.538023,-87.801000,"WGS84",20.2,29.5,0.3,"2016-08-16","2016-08-30","DELA.2016.35",14,"Y","DELA_007.S.20160830","Ok","Ok","Ok","NEON.DOC.014050vH","Ty5ktdGiRSp05LT6y3oRIJX9t8YK1JGMhptSFXGHZWc=",
"b92fe932-aba9-4ecb-be3d-d36da2a9fab6","DELA_008.basePlot.bet","D08","DELA","DELA_008","W","distributed","woodyWetlands",32.540079,-87.814097,"WGS84",20.1,21.5,0.1,"2016-08-16","2016-08-30","DELA.2016.35",14,"Y","DELA_008.W.20160830","Ok","Ok","Ok","NEON.DOC.014050vH","ADzqoWOfwevQ2rrllzoCJTnDjie0NTbT",
"7ea1bf16-7357-41db-a192-4a205693b528","DELA_002.basePlot.bet","D08","DELA","DELA_002","W","distributed","woodyWetlands",32.532488,-87.818528,"WGS84",20.2,28.5,0.3,"2016-08-16","2016-08-30","DELA.2016.35",14,"Y","DELA_002.W.20160830","Disturbed","Ok","Ok","NEON.DOC.014050vH","Ty5ktdGiRSp05LT6y3oRIJX9t8YK1JGMhptSFXGHZWc=",
"debf0446-e0e7-4070-8b87-918e1de54c06","DELA_014.basePlot.bet","D08","DELA","DELA_014","W","distributed","evergreenForest",32.529787,-87.818196,"WGS84",20.2,27.5,0.3,"2016-08-16","2016-08-30","DELA.2016.35",14,"Y","DELA_014.W.20160830","Ok","Ok","Ok","NEON.DOC.014050vH","Ty5ktdGiRSp05LT6y3oRIJX9t8YK1JGMhptSFXGHZWc=",
"c5229cf3-d2e5-4ead-ac92-f820b5ba27b6","DELA_005.basePlot.bet","D08","DELA","DELA_005","W","distributed","woodyWetlands",32.523344,-87.814623,"WGS84",20.2,29.7,0.2,"2016-08-16","2016-08-30","DELA.2016.35",14,"Y","DELA_005.W.20160830","Ok","Ok","Ok","NEON.DOC.014050vH","Ty5ktdGiRSp05LT6y3oRIJX9t8YK1JGMhptSFXGHZWc=",
"4fc6c285-3da8-4c09-b09f-1f04f3b699cc","DELA_004.basePlot.bet","D08","DELA","DELA_004","W","distributed","woodyWetlands",32.531985,-87.814345,"WGS84",20.2,26.1,0.3,"2016-08-16","2016-08-30","DELA.2016.35",14,"Y","DELA_004.W.20160830","Ok","Ok","Ok","NEON.DOC.014050vH","Ty5ktdGiRSp05LT6y3oRIJX9t8YK1JGMhptSFXGHZWc=",
"dd447c58-0d65-49dd-836a-01825477cdb2","DELA_009.basePlot.bet","D08","DELA","DELA_009","W","distributed","woodyWetlands",32.534097,-87.816944,"WGS84",20.2,26.7,0.2,"2016-08-16","2016-08-30","DELA.2016.35",14,"Y","DELA_009.W.20160830","Ok","Ok","Ok","NEON.DOC.014050vH","Ty5ktdGiRSp05LT6y3oRIJX9t8YK1JGMhptSFXGHZWc=",
"7c229d23-7e9f-4a59-bff0-9c60abc67deb","DELA_003.basePlot.bet","D08","DELA","DELA_003","W","distributed","woodyWetlands",32.534935,-87.815030,"WGS84",20.2,25.0,0.2,"2016-08-16","2016-08-30","DELA.2016.35",14,"Y","DELA_003.W.20160830","Ok","Ok","Ok","NEON.DOC.014050vH","ADzqoWOfwevQ2rrllzoCJTnDjie0NTbT",
"5b0f7828-e023-4b30-bab3-5418a15dac37","DELA_001.basePlot.bet","D08","DELA","DELA_001","W","distributed","woodyWetlands",32.532061,-87.805436,"WGS84",20.2,35.8,0.4,"2016-08-16","2016-08-30","DELA.2016.35",14,"Y","DELA_001.W.20160830","Ok","Ok","Ok","NEON.DOC.014050vH","Ty5ktdGiRSp05LT6y3oRIJX9t8YK1JGMhptSFXGHZWc=",
"76cc296b-12b9-4589-a6a4-88f29bf7c8d9","DELA_006.basePlot.bet","D08","DELA","DELA_006","E","distributed","woodyWetlands",32.533914,-87.803841,"WGS84",20.1,26.9,0.1,"2016-08-16","2016-08-30","DELA.2016.35",14,"Y","DELA_006.E.20160830","Ok","Ok","Ok","NEON.DOC.014050vH","Ty5ktdGiRSp05LT6y3oRIJX9t8YK1JGMhptSFXGHZWc=",
