uid,namedLocation,domainID,siteID,plotID,trapID,setDate,collectDate,processingDate,etOHChangeDate,identifiedDate,sampleID,subsampleID,sampleType,taxonID,scientificName,taxonRank,identificationQualifier,scientificNameAuthorship,morphospeciesID,individualCount,identificationReferences,identifiedBy,recordedBy,remarks
"4d1aeb7d-bde7-49bd-adf5-56c352d58657","DSNY_021.basePlot.bet","D03","DSNY","DSNY_021","E","2014-04-16","2014-05-01","2014-05-02","2014-05-02",,"DSNY_021.E.20140501","Erg6c3/ITQuY8YQBcJUCqCR0bci9TQLvczgiZlQ28kA=","other carabid","CARSP14","Carabidae sp.","family",,"Latreille",,2,"Other",,"iiDgbhaUgfPlmO3sDuElTmkNgYTXyxbk","individualCount estimated based on number of pinning records|"
"170257e1-4cd1-4e4b-83df-6add9741f4e4","DSNY_003.basePlot.bet","D03","DSNY","DSNY_003","E","2014-04-16","2014-05-01","2014-05-02","2014-05-02","2014-05-02","DSNY_003.E.20140501","BMkXqiEDyELefeYOxem/gklpVgLge6IO1j9SJqe70X8=","vert bycatch herp","GASCAR","Gastrophryne carolinensis","species",,"Holbrook",,1,"Other","7ZsG8s1cQijU1p7CX6b9FNrZuRO+/rX6","EdHmhwKXqxyRw3LeFHC4BvFsm6jXDT8C",
"3a73c17f-24da-49c6-b182-f21fe13bfa2f","DSNY_001.basePlot.bet","D03","DSNY","DSNY_001","E","2014-04-16","2014-05-01","2014-05-02","2014-05-02","2014-05-02","DSNY_001.E.20140501","bfz4aAWYKWV6pMosl2FttOJobp6Zwe5PlozvsR+pgU0=","carabid","PASSP1","Pasimachus sp.","genus",,"Bonelli",,1,"Other",,"SZd6jJU+PWukgvziuyetpzviWNuM2FzT","1 beetle is indicated to be in this vial on the sorting datasheet, and was not pinned. So either it wasn't actually a beetle(novice sorter) or it was a common beetle, and it was not recorded anywhere (no place on datasheet to record that distinction)."
"9719ad33-d4ef-4686-8e1a-9c48dce05e7a","DSNY_021.basePlot.bet","D03","DSNY","DSNY_021","N","2014-04-16","2014-05-01","2014-05-02","2014-05-02",,"DSNY_021.N.20140501","Erg6c3/ITQv44S9kC0lXlY8k0pWaL2TKTUDE69hB/f4=","invert bycatch",,,,,,,,,,"iiDgbhaUgfPlmO3sDuElTmkNgYTXyxbk",
"99649700-7e3c-472f-9bd9-2fff9f1fa7c6","DSNY_003.basePlot.bet","D03","DSNY","DSNY_003","N","2014-04-16","2014-05-01","2014-05-02","2014-05-02",,"DSNY_003.N.20140501","BMkXqiEDyEJqQcyx5D3t8u7HxkF3VjGBXeX1KhOvkcQ=","invert bycatch",,,,,,,,,,"EdHmhwKXqxyRw3LeFHC4BvFsm6jXDT8C",
"8f87250d-0060-4294-be68-875c255e2bf6","DSNY_004.basePlot.bet","D03","DSNY","DSNY_004","N","2014-04-16","2014-05-01","2014-05-02","2014-05-02",,"DSNY_004.N.20140501","x1o6KrZYU4fArPH9GvNod/iVxyx7HB8xGxseFZqYpJk=","invert bycatch",,,,,,,,,,"7ZsG8s1cQijU1p7CX6b9FNrZuRO+/rX6",
"0bebfe18-c687-408c-a2f7-89409887b75d","DSNY_003.basePlot.bet","D03","DSNY","DSNY_003","N","2014-04-16","2014-05-01","2014-05-02","2014-05-02",,"DSNY_003.N.20140501","BMkXqiEDyEJqQcyx5D3t8hOAEcHhRWchDV7WIVJm+co=","other carabid","CARSP14","Carabidae sp.","family",,"Latreille",,2,"Other",,"EdHmhwKXqxyRw3LeFHC4BvFsm6jXDT8C","individualCount estimated based on number of pinning records|"
"aecf31a0-c5c8-41e8-bf29-420e6b11b0f6","DSNY_001.basePlot.bet","D03","DSNY","DSNY_001","N","2014-04-16","2014-05-01","2014-05-02","2014-05-02",,"DSNY_001.N.20140501","bfz4aAWYKWU/ocD9ZTOcIpj7WrVwJsiypgELJ8ujCYY=","invert bycatch",,,,,,,,,,"Og6WBnpVjODUH13MWbFaL/CkHIfmSZ72",
"74c84ca2-0daf-46bd-9287-53295490b315","DSNY_005.basePlot.bet","D03","DSNY","DSNY_005","N","2014-04-16","2014-05-01","2014-05-02","2014-05-02","2014-05-02","DSNY_005.N.20140501","y7J40q9OwqJj2Vrn4OMG5H1V/0YophkS6LMyMfUC6hQ=","carabid","PASSUB1","Pasimachus sublaevis","species",,"Palisot de Beauvois",,1,"Other","scdXeiOYH+xCXiXscoerBg8nVMTM/1lP","scdXeiOYH+xCXiXscoerBg8nVMTM/1lP",
"c678de14-379f-4e88-80e1-bcfb83cf38e7","DSNY_006.basePlot.bet","D03","DSNY","DSNY_006","N","2014-04-16","2014-05-01","2014-05-02","2014-05-02",,"DSNY_006.N.20140501","cXYD/hAdAd+4yGpLNMkj7NZCakesQtt4d8Pir6tpA2E=","invert bycatch",,,,,,,,,,"Og6WBnpVjODUH13MWbFaL/CkHIfmSZ72",
"93b40851-cea6-4259-96e2-0b8e511e7f5f","DSNY_009.basePlot.bet","D03","DSNY","DSNY_009","N","2014-04-16","2014-05-01","2014-05-02","2014-05-02",,"DSNY_009.N.20140501","1vKvBMnuhLtGeVLhAFID4zjeC3K09AkWaKeK/vkoNJI=","invert bycatch",,,,,,,,,,"7ZsG8s1cQijU1p7CX6b9FNrZuRO+/rX6",
"d12c82fc-1851-4cbc-8b4b-510edfbfe414","DSNY_009.basePlot.bet","D03","DSNY","DSNY_009","N","2014-04-16","2014-05-01","2014-05-02","2014-05-02",,"DSNY_009.N.20140501","1vKvBMnuhLtGeVLhAFID47A1U4cnoWGBgQc++gcx+Wg=","other carabid","CARSP14","Carabidae sp.","family",,"Latreille",,1,"Other",,"7ZsG8s1cQijU1p7CX6b9FNrZuRO+/rX6","individualCount estimated based on number of pinning records|Sorting data indicates that 2 carabids were collected from this trap, but only one pinned. However the number of beetles captured at this plot suggests that one of the beetles pinned came from this trap but was mislabeled."
"18aa431a-64b4-42c2-852e-b09ab1f4f54f","DSNY_005.basePlot.bet","D03","DSNY","DSNY_005","N","2014-04-16","2014-05-01","2014-05-02","2014-05-02",,"DSNY_005.N.20140501","y7J40q9OwqJj2Vrn4OMG5CdwVlhBAbkVeEoIaC48eW0=","invert bycatch",,,,,,,,,,"iiDgbhaUgfPlmO3sDuElTmkNgYTXyxbk",
"ee3e8b0a-5425-447a-a5da-2723cbd8f480","DSNY_002.basePlot.bet","D03","DSNY","DSNY_002","N","2014-04-16","2014-05-01","2014-05-02","2014-05-02",,"DSNY_002.N.20140501","3SJfMOHR8yj4KGEgZygr2uaaTeSeIilyfqQbU+6kNDk=","invert bycatch",,,,,,,,,,"7ZsG8s1cQijU1p7CX6b9FNrZuRO+/rX6",
"2b0b2342-8eed-4fcc-a00c-a56c7617ad42","DSNY_007.basePlot.bet","D03","DSNY","DSNY_007","N","2014-04-16","2014-05-01","2014-05-02","2014-05-02",,"DSNY_007.N.20140501","DHLBW1gsF9FpTprkCtAIJVRMtRaYToJOHLRKHSUGYhU=","invert bycatch",,,,,,,,,,"Og6WBnpVjODUH13MWbFaL/CkHIfmSZ72",
"75fd2375-425d-4326-9249-c7b261a75520","DSNY_003.basePlot.bet","D03","DSNY","DSNY_003","S","2014-04-16","2014-05-01","2014-05-02","2014-05-02",,"DSNY_003.S.20140501","BMkXqiEDyEIyCtPyvASehiPMML5rsJJdjJ2vsQlDs8Y=","other carabid","CARSP14","Carabidae sp.","family",,"Latreille",,1,"Other",,"EdHmhwKXqxyRw3LeFHC4BvFsm6jXDT8C","individualCount estimated based on number of pinning records|"
"6aa7cc1f-4186-4cf5-b02e-7130149b82dd","DSNY_001.basePlot.bet","D03","DSNY","DSNY_001","S","2014-04-16","2014-05-01","2014-05-02","2014-05-02",,"DSNY_001.S.20140501","bfz4aAWYKWUdqtHZ2ayPTHVo0q0qb9DULI6vmTrtGsg=","other carabid","CARSP14","Carabidae sp.","family",,"Latreille",,1,"Other",,"Og6WBnpVjODUH13MWbFaL/CkHIfmSZ72","individualCount estimated based on number of pinning records|2 beetles are indicated to be in this vial on the sorting datasheet, however, only 1 was pinned. So either one of the beetles wasn't actually a beetle or it was a common beetle, and it was not recorded anywhere (no datasheet for common beetles)."
"3561fb2b-0eb6-4198-b961-2c9797a1ec11","DSNY_006.basePlot.bet","D03","DSNY","DSNY_006","S","2014-04-16","2014-05-01","2014-05-02","2014-05-02","2014-05-02","DSNY_006.S.20140501","cXYD/hAdAd/enMJwvaXaLkfyxLt4SKP1WfZYhw2klmM=","carabid","PASSUB1","Pasimachus sublaevis","species",,"Palisot de Beauvois",,1,"Other","scdXeiOYH+xCXiXscoerBg8nVMTM/1lP","Og6WBnpVjODUH13MWbFaL/CkHIfmSZ72",
"3dea4bf9-1ac2-4bb5-b9cf-bb06e76e6fbf","DSNY_009.basePlot.bet","D03","DSNY","DSNY_009","S","2014-04-16","2014-05-01","2014-05-02","2014-05-02",,"DSNY_009.S.20140501","1vKvBMnuhLuZzWi6bUlu5fgaWa9BremyJnpAT4Aisl0=","other carabid","CARSP14","Carabidae sp.","family",,"Latreille",,1,"Other",,"7ZsG8s1cQijU1p7CX6b9FNrZuRO+/rX6","individualCount estimated based on number of pinning records|"
"1517487d-acc8-45ea-8716-824fa9cea2e2","DSNY_009.basePlot.bet","D03","DSNY","DSNY_009","W","2014-04-16","2014-05-01","2014-05-02","2014-05-02",,"DSNY_009.W.20140501","1vKvBMnuhLuRgiJ5/v4bYK+xrsSxgDQlyeZTs+qBUzg=","other carabid","CARSP14","Carabidae sp.","family",,"Latreille",,1,"Other",,"7ZsG8s1cQijU1p7CX6b9FNrZuRO+/rX6","individualCount estimated based on number of pinning records|Sorting data does not indicate that an other carabid was collected at the W trap, however pinning data indicates that one was collected at the W trap."
"b4f3ac0b-efa9-483f-a39b-efccc4b6e8a6","DSNY_021.basePlot.bet","D03","DSNY","DSNY_021","W","2014-04-16","2014-05-01","2014-05-02","2014-05-02",,"DSNY_021.W.20140501","Erg6c3/ITQuucAXRa8cYERat2b+lIVT8Of3nTzMt5iY=","other carabid","CARSP14","Carabidae sp.","family",,"Latreille",,1,"Other",,"iiDgbhaUgfPlmO3sDuElTmkNgYTXyxbk","individualCount estimated based on number of pinning records|"
"62c43fbe-7b81-4655-9f4a-6009c3f4f994","DSNY_021.basePlot.bet","D03","DSNY","DSNY_021","W","2014-04-16","2014-05-01","2014-05-02","2014-05-02","2014-05-02","DSNY_021.W.20140501","Erg6c3/ITQuucAXRa8cYEfOOFIx4yQV6oJUzLwFeGho=","carabid","PASSUB1","Pasimachus sublaevis","species",,"Palisot de Beauvois",,1,"Other","EdHmhwKXqxyRw3LeFHC4BvFsm6jXDT8C","iiDgbhaUgfPlmO3sDuElTmkNgYTXyxbk",
"7520343f-5903-43c2-9692-8499735f1e6a","DSNY_004.basePlot.bet","D03","DSNY","DSNY_004","W","2014-04-16","2014-05-01","2014-05-02","2014-05-02","2014-05-02","DSNY_004.W.20140501","x1o6KrZYU4cLiaARFrLsctaBoPNFjNtgFxfcjccQVPg=","vert bycatch herp","GASCAR","Gastrophryne carolinensis","species",,"Holbrook",,1,"Other","7ZsG8s1cQijU1p7CX6b9FNrZuRO+/rX6","7ZsG8s1cQijU1p7CX6b9FNrZuRO+/rX6",
"212f5ce8-d5a5-4b39-b6f5-0bc8645c2d24","DSNY_001.basePlot.bet","D03","DSNY","DSNY_001","W","2014-05-01","2014-05-14","2014-05-15","2014-05-15",,"DSNY_001.W.20140514","bfz4aAWYKWUNqyS23JJcKknobQMJJhn4o+908X70qx8=","other carabid","CARSP14","Carabidae sp.","family",,"Latreille",,2,"Other",,"scdXeiOYH+xCXiXscoerBg8nVMTM/1lP","individualCount estimated based on number of pinning records|"
"6ba327f6-dff3-4e8e-ada2-c60d39006a48","DSNY_016.basePlot.bet","D03","DSNY","DSNY_016","W","2014-05-01","2014-05-14","2014-05-15","2014-05-15",,"DSNY_016.W.20140514","d/dxr9yOJlOqfXTnSAiNbCCn8BNipxfTc1zXHTo/rkI=","other carabid","CARSP14","Carabidae sp.","family",,"Latreille",,3,"Other",,"scdXeiOYH+xCXiXscoerBg8nVMTM/1lP","individualCount estimated based on number of pinning records|"
"4df080b6-f7b4-424d-8750-ada4a66c75a8","DSNY_001.basePlot.bet","D03","DSNY","DSNY_001","S","2014-05-01","2014-05-14","2014-05-15","2014-05-15",,"DSNY_001.S.20140514","bfz4aAWYKWUdqtHZ2ayPTDTHlGuNUrQiLg55XMbvJOo=","other carabid","CARSP14","Carabidae sp.","family",,"Latreille",,3,"Other",,"scdXeiOYH+xCXiXscoerBg8nVMTM/1lP","individualCount estimated based on number of pinning records|"
"60566c67-f4c8-4b45-8fd2-d00553786e77","DSNY_016.basePlot.bet","D03","DSNY","DSNY_016","S","2014-05-01","2014-05-14","2014-05-15","2014-05-15",,"DSNY_016.S.20140514","d/dxr9yOJlPuzoEph/oSTqMvztZcniXz2bzaKWdfZX4=","other carabid","CARSP14","Carabidae sp.","family",,"Latreille",,1,"Other",,"scdXeiOYH+xCXiXscoerBg8nVMTM/1lP","individualCount estimated based on number of pinning records|"
"0979b274-5476-4dbe-9231-a563ef5acb2c","DSNY_003.basePlot.bet","D03","DSNY","DSNY_003","S","2014-05-01","2014-05-14","2014-05-15","2014-05-15",,"DSNY_003.S.20140514","BMkXqiEDyEIyCtPyvASehjOjjChlRH56A3Q0dDAtn5A=","other carabid","CARSP14","Carabidae sp.","family",,"Latreille",,1,"Other",,"iiDgbhaUgfPlmO3sDuElTmkNgYTXyxbk","individualCount estimated based on number of pinning records|"
"35c95ff9-08ff-45b0-911a-cba471a2620a","DSNY_004.basePlot.bet","D03","DSNY","DSNY_004","S","2014-05-01","2014-05-14","2014-05-15","2014-05-15",,"DSNY_004.S.20140514","x1o6KrZYU4diy3vkviwi2coh02Hs8ZlSYYL1nfnbG0E=","other carabid","CARSP14","Carabidae sp.","family",,"Latreille",,1,"Other",,"iiDgbhaUgfPlmO3sDuElTmkNgYTXyxbk","individualCount estimated based on number of pinning records|"
"956f51d4-4354-497d-80f9-8838bccb865a","DSNY_001.basePlot.bet","D03","DSNY","DSNY_001","N","2014-05-01","2014-05-14","2014-05-15","2014-05-15",,"DSNY_001.N.20140514","bfz4aAWYKWU/ocD9ZTOcIpVRsEmRWD2OAkjTTwVHZpQ=","other carabid","CARSP14","Carabidae sp.","family",,"Latreille",,1,"Other",,"scdXeiOYH+xCXiXscoerBg8nVMTM/1lP","individualCount estimated based on number of pinning records|"
"5dbbed54-e91a-45b6-9702-13cc683c2bfa","DSNY_001.basePlot.bet","D03","DSNY","DSNY_001","N","2014-05-01","2014-05-14","2014-05-15","2014-05-15",,"DSNY_001.N.20140514","bfz4aAWYKWU/ocD9ZTOcIk94hFrwt3MGhGq3HHJ9qFw=","invert bycatch",,,,,,,,,,"scdXeiOYH+xCXiXscoerBg8nVMTM/1lP",
"061b23d2-04d0-4922-a125-e8b72b2e0946","DSNY_016.basePlot.bet","D03","DSNY","DSNY_016","N","2014-05-01","2014-05-14","2014-05-15","2014-05-15",,"DSNY_016.N.20140514","d/dxr9yOJlNvnLu4p5rNZRxXVJgsxtla04WRX2Wv9Os=","invert bycatch",,,,,,,,,,"scdXeiOYH+xCXiXscoerBg8nVMTM/1lP",
"41fae64a-9a44-4ffb-b32c-08911a739d2f","DSNY_016.basePlot.bet","D03","DSNY","DSNY_016","N","2014-05-01","2014-05-14","2014-05-15","2014-05-15",,"DSNY_016.N.20140514","d/dxr9yOJlNvnLu4p5rNZY33EvKFV8BYl4s1M58B/O4=","other carabid","CARSP14","Carabidae sp.","family",,"Latreille",,2,"Other",,"scdXeiOYH+xCXiXscoerBg8nVMTM/1lP","individualCount estimated based on number of pinning records|"
"d346f6dd-a5b2-4c93-9d4d-d0156745707c","DSNY_006.basePlot.bet","D03","DSNY","DSNY_006","N","2014-05-01","2014-05-14","2014-05-15","2014-05-15",,"DSNY_006.N.20140514","cXYD/hAdAd+4yGpLNMkj7BaffR2iX3J3lBjXbG7JJ+E=","invert bycatch",,,,,,,,,,"iiDgbhaUgfPlmO3sDuElTmkNgYTXyxbk",
"728dfee5-7b0f-4ae7-a048-f687643a1108","DSNY_006.basePlot.bet","D03","DSNY","DSNY_006","N","2014-05-01","2014-05-14","2014-05-15","2014-05-15",,"DSNY_006.N.20140514","cXYD/hAdAd+4yGpLNMkj7P/TaPU/XrNkvjelGpZUDzU=","other carabid","CARSP14","Carabidae sp.","family",,"Latreille",,2,"Other",,"iiDgbhaUgfPlmO3sDuElTmkNgYTXyxbk","individualCount estimated based on number of pinning records|"
"35437493-b461-4a12-9d94-b41725bc92a7","DSNY_005.basePlot.bet","D03","DSNY","DSNY_005","N","2014-05-01","2014-05-14","2014-05-15","2014-05-15",,"DSNY_005.N.20140514","y7J40q9OwqJj2Vrn4OMG5BpVwr1JYBG4rKZtlkOdXM4=","invert bycatch",,,,,,,,,,"iiDgbhaUgfPlmO3sDuElTmkNgYTXyxbk",
"14cedd5f-f10b-4963-a70b-bff025f7cf67","DSNY_009.basePlot.bet","D03","DSNY","DSNY_009","N","2014-05-01","2014-05-14","2014-05-15","2014-05-15",,"DSNY_009.N.20140514","1vKvBMnuhLtGeVLhAFID49aiBIRbN11iH93CV+XvK50=","other carabid","CARSP14","Carabidae sp.","family",,"Latreille",,3,"Other",,"iiDgbhaUgfPlmO3sDuElTmkNgYTXyxbk","individualCount estimated based on number of pinning records|"
"821f0e05-a846-4bcf-b897-86b660d94f7e","DSNY_009.basePlot.bet","D03","DSNY","DSNY_009","N","2014-05-01","2014-05-14","2014-05-15","2014-05-15",,"DSNY_009.N.20140514","1vKvBMnuhLtGeVLhAFID4y3G2SvA2e+xIwT5S/3K274=","invert bycatch",,,,,,,,,,"iiDgbhaUgfPlmO3sDuElTmkNgYTXyxbk",
"759f50a4-8a94-41b4-b30e-aa69e67e805f","DSNY_007.basePlot.bet","D03","DSNY","DSNY_007","N","2014-05-01","2014-05-14","2014-05-15","2014-05-15",,"DSNY_007.N.20140514","DHLBW1gsF9FpTprkCtAIJRaCVhJG9tnrsTNazSaAEXQ=","other carabid","CARSP14","Carabidae sp.","family",,"Latreille",,1,"Other",,"iiDgbhaUgfPlmO3sDuElTmkNgYTXyxbk","individualCount estimated based on number of pinning records|"
"20230b9a-f66b-4fbf-9174-e6ecb0cefa45","DSNY_007.basePlot.bet","D03","DSNY","DSNY_007","N","2014-05-01","2014-05-14","2014-05-15","2014-05-15",,"DSNY_007.N.20140514","DHLBW1gsF9FpTprkCtAIJWGYy+By6nEpbYqlafvtty4=","invert bycatch",,,,,,,,,,"iiDgbhaUgfPlmO3sDuElTmkNgYTXyxbk",
"e78add37-67ba-4a3c-b0a4-48bdb54e6733","DSNY_004.basePlot.bet","D03","DSNY","DSNY_004","N","2014-05-01","2014-05-14","2014-05-15","2014-05-15",,"DSNY_004.N.20140514","x1o6KrZYU4fArPH9GvNod4R3+V3oltq7+fv2LqXjF8M=","invert bycatch",,,,,,,,,,"iiDgbhaUgfPlmO3sDuElTmkNgYTXyxbk",
"e36f4b6f-2022-45c6-9b34-b5757b3d4df2","DSNY_002.basePlot.bet","D03","DSNY","DSNY_002","N","2014-05-01","2014-05-14","2014-05-15","2014-05-15",,"DSNY_002.N.20140514","3SJfMOHR8yj4KGEgZygr2ktea58b/YwBOCd33jhcMI4=","invert bycatch",,,,,,,,,,"iiDgbhaUgfPlmO3sDuElTmkNgYTXyxbk",
"cb8fd2d2-3b0d-4b3a-8f5b-94413fae6321","DSNY_003.basePlot.bet","D03","DSNY","DSNY_003","N","2014-05-01","2014-05-14","2014-05-15","2014-05-15",,"DSNY_003.N.20140514","BMkXqiEDyEJqQcyx5D3t8nXj3immzwo1v3YUejru5Pw=","invert bycatch",,,,,,,,,,"iiDgbhaUgfPlmO3sDuElTmkNgYTXyxbk",
"bbecc81f-6871-4299-ba47-c798c3471aca","DSNY_016.basePlot.bet","D03","DSNY","DSNY_016","E","2014-05-01","2014-05-14","2014-05-15","2014-05-15",,"DSNY_016.E.20140514","d/dxr9yOJlPxf9qpe2TuPmLoOV3moO96FZDxeOckuzM=","other carabid","CARSP14","Carabidae sp.","family",,"Latreille",,1,"Other",,"scdXeiOYH+xCXiXscoerBg8nVMTM/1lP","individualCount estimated based on number of pinning records|"
"9290d516-f8d0-4fb7-bace-96c7db0921d3","DSNY_005.basePlot.bet","D03","DSNY","DSNY_005","E","2014-05-01","2014-05-14","2014-05-15","2014-05-15","2014-05-15","DSNY_005.E.20140514","y7J40q9OwqKjq89kiQ1rnWjXtIBSOUnSX0jZZwHcwog=","vert bycatch herp","GASCAR","Gastrophryne carolinensis","species",,"Holbrook",,1,"Other","37IbqHc1IqPCEC1Jv+steJgZhiwnxLmf","iiDgbhaUgfPlmO3sDuElTmkNgYTXyxbk",
"8328b9ad-d1ad-452a-ad3f-69a34fdc4cda","DSNY_021.basePlot.bet","D03","DSNY","DSNY_021","S","2014-05-01","2014-05-14","2014-05-15","2014-05-15",,"DSNY_021.S.20140514","Erg6c3/ITQs/eTqK3AzseXTzMqAX8ztI2NfFdddAQgg=","other carabid","CARSP14","Carabidae sp.","family",,"Latreille",,1,"Other",,"scdXeiOYH+xCXiXscoerBg8nVMTM/1lP","individualCount estimated based on number of pinning records|"
"d3ebd2a9-e935-4737-a820-783ca3b4b71b","DSNY_009.basePlot.bet","D03","DSNY","DSNY_009","W","2014-05-14","2014-05-29","2014-05-30","2014-05-30",,"DSNY_009.W.20140529","1vKvBMnuhLuRgiJ5/v4bYGA+ZMJI+46wboqIp281HXY=","other carabid","CARSP14","Carabidae sp.","family",,"Latreille",,3,"Other",,"7ZsG8s1cQijU1p7CX6b9FNrZuRO+/rX6","individualCount estimated based on number of pinning records|"
"0c531aa6-4fdb-44b4-9483-3d6be121b7de","DSNY_002.basePlot.bet","D03","DSNY","DSNY_002","W","2014-05-14","2014-05-29","2014-05-30","2014-05-30","2014-05-30","DSNY_002.W.20140529","3SJfMOHR8yisGDZvxmwK7j2sVORD5bFn4gcRrmXAoMQ=","vert bycatch herp","ANAQUE","Anaxyrus quercicus","species",,"Holbrook",,1,"Other","iiDgbhaUgfPlmO3sDuElTmkNgYTXyxbk","7ZsG8s1cQijU1p7CX6b9FNrZuRO+/rX6",
"548c5980-43bb-4212-8ddd-881b9e2715bd","DSNY_005.basePlot.bet","D03","DSNY","DSNY_005","W","2014-05-14","2014-05-29","2014-05-30","2014-05-30",,"DSNY_005.W.20140529","y7J40q9OwqLnmqac95I0uMTqBBus8cN2v/b8JaxOJdQ=","other carabid","CARSP14","Carabidae sp.","family",,"Latreille",,1,"Other",,"7ZsG8s1cQijU1p7CX6b9FNrZuRO+/rX6","individualCount estimated based on number of pinning records|"
"91b68a8e-cdd5-45e5-ae88-c63ea65c41b7","DSNY_009.basePlot.bet","D03","DSNY","DSNY_009","S","2014-05-14","2014-05-29","2014-05-30","2014-05-30",,"DSNY_009.S.20140529","1vKvBMnuhLuZzWi6bUlu5aFIG3XW/YvsEdGvvuE7lJM=","other carabid","CARSP14","Carabidae sp.","family",,"Latreille",,1,"Other",,"7ZsG8s1cQijU1p7CX6b9FNrZuRO+/rX6","individualCount estimated based on number of pinning records|"
"ce93e254-ba02-45e4-877a-628b818eb6d5","DSNY_016.basePlot.bet","D03","DSNY","DSNY_016","S","2014-05-14","2014-05-29","2014-05-30","2014-05-30",,"DSNY_016.S.20140529","d/dxr9yOJlPuzoEph/oSTj8/Su106pUzESJwk8UoSMY=","other carabid","CARSP14","Carabidae sp.","family",,"Latreille",,1,"Other",,"7ZsG8s1cQijU1p7CX6b9FNrZuRO+/rX6","individualCount estimated based on number of pinning records|"
"5b6f0df4-ed46-413d-8007-83fa3af6f512","DSNY_007.basePlot.bet","D03","DSNY","DSNY_007","S","2014-05-14","2014-05-29","2014-05-30","2014-05-30",,"DSNY_007.S.20140529","DHLBW1gsF9EdfseLGtQzkHBfBSvzNLiaYcP3Mfvro6c=","other carabid","CARSP14","Carabidae sp.","family",,"Latreille",,4,"Other",,"7ZsG8s1cQijU1p7CX6b9FNrZuRO+/rX6","individualCount estimated based on number of pinning records|"
"9d923f62-fb88-41cb-9a86-380c0f1a2515","DSNY_004.basePlot.bet","D03","DSNY","DSNY_004","S","2014-05-14","2014-05-29","2014-05-30","2014-05-30",,"DSNY_004.S.20140529","x1o6KrZYU4diy3vkviwi2bwmv4/oLB6PQD5xhXQhD3w=","other carabid","CARSP14","Carabidae sp.","family",,"Latreille",,1,"Other",,"7ZsG8s1cQijU1p7CX6b9FNrZuRO+/rX6","individualCount estimated based on number of pinning records|"
"e7da4131-ea30-4428-8ad9-5a1b0518a7be","DSNY_007.basePlot.bet","D03","DSNY","DSNY_007","S","2014-05-14","2014-05-29","2014-05-30","2014-05-30","2014-05-30","DSNY_007.S.20140529","DHLBW1gsF9EdfseLGtQzkPU6lbcahKHmqsjHPrxB7FY=","carabid","PASSUB1","Pasimachus sublaevis","species",,"Palisot de Beauvois",,2,"Other","KnvsV1XN/fcT6FYSWd8OReDfV3Qsyj6N","7ZsG8s1cQijU1p7CX6b9FNrZuRO+/rX6",
"2ca550d1-3319-4a8d-bc58-11edf6f8bd1c","DSNY_002.basePlot.bet","D03","DSNY","DSNY_002","N","2014-05-14","2014-05-29","2014-05-30","2014-05-30",,"DSNY_002.N.20140529","3SJfMOHR8yj4KGEgZygr2n9bCvVyosIxng+LlpdFbyY=","invert bycatch",,,,,,,,,,"7ZsG8s1cQijU1p7CX6b9FNrZuRO+/rX6",
"536859c1-e39a-47fb-9879-754c9d71e892","DSNY_005.basePlot.bet","D03","DSNY","DSNY_005","N","2014-05-14","2014-05-29","2014-05-30","2014-05-30",,"DSNY_005.N.20140529","y7J40q9OwqJj2Vrn4OMG5LXuipqUU7Bk1lvHe483TI8=","other carabid","CARSP14","Carabidae sp.","family",,"Latreille",,1,"Other",,"7ZsG8s1cQijU1p7CX6b9FNrZuRO+/rX6","individualCount estimated based on number of pinning records|"
"ed048cf6-d7a7-4209-9b69-ad752c05c874","DSNY_003.basePlot.bet","D03","DSNY","DSNY_003","N","2014-05-14","2014-05-29","2014-05-30","2014-05-30",,"DSNY_003.N.20140529","BMkXqiEDyEJqQcyx5D3t8gi57FvOiZ8+Um4Wcp+HMWQ=","other carabid","CARSP14","Carabidae sp.","family",,"Latreille",,1,"Other",,"7ZsG8s1cQijU1p7CX6b9FNrZuRO+/rX6","individualCount estimated based on number of pinning records|"
"c7fc0d74-fb41-43f6-a190-ec4f361a2975","DSNY_002.basePlot.bet","D03","DSNY","DSNY_002","N","2014-05-14","2014-05-29","2014-05-30","2014-05-30","2014-05-30","DSNY_002.N.20140529","3SJfMOHR8yj4KGEgZygr2r93Yd5yj1tAa32WrnVr1+s=","vert bycatch herp","ANAQUE","Anaxyrus quercicus","species",,"Holbrook",,1,"Other","iiDgbhaUgfPlmO3sDuElTmkNgYTXyxbk","7ZsG8s1cQijU1p7CX6b9FNrZuRO+/rX6",
"70660cae-5382-4200-acb2-f30426cabf34","DSNY_003.basePlot.bet","D03","DSNY","DSNY_003","N","2014-05-14","2014-05-29","2014-05-30","2014-05-30",,"DSNY_003.N.20140529","BMkXqiEDyEJqQcyx5D3t8g7vLH0b6nd7jLI1ZusFNCk=","invert bycatch",,,,,,,,,,"7ZsG8s1cQijU1p7CX6b9FNrZuRO+/rX6",
"f608db2f-7207-49e8-929d-a257d0b74296","DSNY_004.basePlot.bet","D03","DSNY","DSNY_004","N","2014-05-14","2014-05-29","2014-05-30","2014-05-30",,"DSNY_004.N.20140529","x1o6KrZYU4fArPH9GvNod/ZqUR7YkXJLAsUSNwSFQvg=","invert bycatch",,,,,,,,,,"7ZsG8s1cQijU1p7CX6b9FNrZuRO+/rX6",
"4f8327b3-05e0-452c-9daa-05025fe0f10c","DSNY_007.basePlot.bet","D03","DSNY","DSNY_007","N","2014-05-14","2014-05-29","2014-05-30","2014-05-30",,"DSNY_007.N.20140529","DHLBW1gsF9FpTprkCtAIJR9mP9Coert/O4uKjf7IiEM=","invert bycatch",,,,,,,,,,"7ZsG8s1cQijU1p7CX6b9FNrZuRO+/rX6",
"e2f05b6f-48c0-40da-ad8d-01137e1bad05","DSNY_007.basePlot.bet","D03","DSNY","DSNY_007","N","2014-05-14","2014-05-29","2014-05-30","2014-05-30","2014-07-09","DSNY_007.N.20140529","DHLBW1gsF9FpTprkCtAIJQCJY6VEaYYhZsN3J9DRExw=","carabid","PASSUB1","Pasimachus sublaevis","species",,"Palisot de Beauvois",,1,"Other","7ZsG8s1cQijU1p7CX6b9FNrZuRO+/rX6","7ZsG8s1cQijU1p7CX6b9FNrZuRO+/rX6",
"ff6f174e-44c6-465c-910b-c1d2d347d3c1","DSNY_016.basePlot.bet","D03","DSNY","DSNY_016","N","2014-05-14","2014-05-29","2014-05-30","2014-05-30",,"DSNY_016.N.20140529","d/dxr9yOJlNvnLu4p5rNZSxoaw1EtVm6T/IWIQE9Si8=","invert bycatch",,,,,,,,,,"7ZsG8s1cQijU1p7CX6b9FNrZuRO+/rX6",
"b7562a1e-1851-4ba5-9e81-430ae0ec747a","DSNY_007.basePlot.bet","D03","DSNY","DSNY_007","N","2014-05-14","2014-05-29","2014-05-30","2014-05-30",,"DSNY_007.N.20140529","DHLBW1gsF9FpTprkCtAIJeMKrhJ15S/Ta/dL5cLemMM=","other carabid","CARSP14","Carabidae sp.","family",,"Latreille",,1,"Other",,"7ZsG8s1cQijU1p7CX6b9FNrZuRO+/rX6","individualCount estimated based on number of pinning records|"
"dd673c1a-2918-48b0-a032-46eb59a1fa1c","DSNY_016.basePlot.bet","D03","DSNY","DSNY_016","N","2014-05-14","2014-05-29","2014-05-30","2014-05-30","2014-09-29","DSNY_016.N.20140529","d/dxr9yOJlNvnLu4p5rNZXi8o+D8thou0/PHz8VRkKQ=","carabid","PASSUB1","Pasimachus sublaevis","species",,"Palisot de Beauvois",,1,"Other","Gwvsbtz2ICcmBMhonr6l8CGNAUvLk8DE","7ZsG8s1cQijU1p7CX6b9FNrZuRO+/rX6","individualCount not recorded. Value of 1 entered|"
"aed6659f-b8b7-4a22-b26d-eb456701de80","DSNY_009.basePlot.bet","D03","DSNY","DSNY_009","N","2014-05-14","2014-05-29","2014-05-30","2014-05-30",,"DSNY_009.N.20140529","1vKvBMnuhLtGeVLhAFID4/s93cwDimCovUr/wRubRSA=","invert bycatch",,,,,,,,,,"7ZsG8s1cQijU1p7CX6b9FNrZuRO+/rX6",
"524366d4-5102-4b96-90ce-6423e62204eb","DSNY_016.basePlot.bet","D03","DSNY","DSNY_016","N","2014-05-14","2014-05-29","2014-05-30","2014-05-30",,"DSNY_016.N.20140529","d/dxr9yOJlNvnLu4p5rNZc/xOAan1Xm/3HRZErX4gIE=","other carabid","CARSP14","Carabidae sp.","family",,"Latreille",,3,"Other",,"7ZsG8s1cQijU1p7CX6b9FNrZuRO+/rX6","individualCount estimated based on number of pinning records|"
"aa0e87e1-86ca-42f5-b009-1128d41755cf","DSNY_005.basePlot.bet","D03","DSNY","DSNY_005","N","2014-05-14","2014-05-29","2014-05-30","2014-05-30",,"DSNY_005.N.20140529","y7J40q9OwqJj2Vrn4OMG5Fvu3pNMCSXO6LEsPQ344cM=","invert bycatch",,,,,,,,,,"7ZsG8s1cQijU1p7CX6b9FNrZuRO+/rX6",
"91034a23-b69b-486c-8956-738db5c382da","DSNY_001.basePlot.bet","D03","DSNY","DSNY_001","N","2014-05-14","2014-05-29","2014-05-30","2014-05-30",,"DSNY_001.N.20140529","bfz4aAWYKWU/ocD9ZTOcInneY/j4Sc1K9G0UktXW+fg=","invert bycatch",,,,,,,,,,"7ZsG8s1cQijU1p7CX6b9FNrZuRO+/rX6",
"9b61cc98-2d5b-4bb1-b7b5-60df51b03d5a","DSNY_006.basePlot.bet","D03","DSNY","DSNY_006","N","2014-05-14","2014-05-29","2014-05-30","2014-05-30",,"DSNY_006.N.20140529","cXYD/hAdAd+4yGpLNMkj7JTBiNRysT9j/VcgIHivrfU=","invert bycatch",,,,,,,,,,"7ZsG8s1cQijU1p7CX6b9FNrZuRO+/rX6",
"c1f89679-2a96-4d20-970c-98d41ce641b0","DSNY_016.basePlot.bet","D03","DSNY","DSNY_016","E","2014-05-14","2014-05-29","2014-05-30","2014-05-30","2014-05-30","DSNY_016.E.20140529","d/dxr9yOJlPxf9qpe2TuPuBpU2BhPL0hZgxVxIH89Pg=","carabid","PASSUB1","Pasimachus sublaevis","species",,"Palisot de Beauvois",,1,"Other","zlagoNCeUUGLNrXoFxy+Hj5lwDL2TbeY","7ZsG8s1cQijU1p7CX6b9FNrZuRO+/rX6","individualCount not recorded. Value of 1 entered|Individual count was not recorded, but a least one PASSUB1 was collected. The trap location is assumed from the limited records."
"389f13a6-bae9-48c6-bfc0-d08c612b2094","DSNY_005.basePlot.bet","D03","DSNY","DSNY_005","E","2014-05-14","2014-05-29","2014-05-30","2014-05-30",,"DSNY_005.E.20140529","y7J40q9OwqKjq89kiQ1rnfLkxW6BwbSGl8tPqoT1j+c=","other carabid","CARSP14","Carabidae sp.","family",,"Latreille",,2,"Other",,"7ZsG8s1cQijU1p7CX6b9FNrZuRO+/rX6","individualCount estimated based on number of pinning records|"
"42b28dab-76fe-4944-905c-f247a11601d9","DSNY_016.basePlot.bet","D03","DSNY","DSNY_016","E","2014-05-14","2014-05-29","2014-05-30","2014-05-30",,"DSNY_016.E.20140529","d/dxr9yOJlPxf9qpe2TuPnIJyUIUH7YFirwFQIZtRd8=","other carabid","CARSP14","Carabidae sp.","family",,"Latreille",,2,"Other",,"7ZsG8s1cQijU1p7CX6b9FNrZuRO+/rX6","individualCount estimated based on number of pinning records|"
