uid,namedLocation,domainID,siteID,plotID,trapID,setDate,collectDate,processingDate,etOHChangeDate,identifiedDate,sampleID,subsampleID,sampleType,taxonID,scientificName,taxonRank,identificationQualifier,scientificNameAuthorship,morphospeciesID,individualCount,identificationReferences,identifiedBy,recordedBy,remarks
"e89c10cb-523a-40b4-99c6-d656abb60cdc","ONAQ_011.basePlot.bet","D15","ONAQ","ONAQ_011","E","2016-04-12","2016-04-26","2016-04-27","2016-05-06",,"ONAQ_011.E.20160426","ilvJi7uUt52ONJLfQ5zCSG/QFXAciypei/Q4WIgRL4U=","invert bycatch",,,,,,,,,,"A/RRczOckiFbJrdMEJZwjJHC/MRxlxtigTsfvXI6kYE=",
"2749a600-e602-45e7-8632-586492b2fa05","ONAQ_011.basePlot.bet","D15","ONAQ","ONAQ_011","S","2016-04-12","2016-04-26","2016-04-27","2016-05-06",,"ONAQ_011.S.20160426","ilvJi7uUt50OjsnlOVUByaaR9xsoA8VB1GxMhrevZRE=","invert bycatch",,,,,,,,,,"A/RRczOckiFbJrdMEJZwjJHC/MRxlxtigTsfvXI6kYE=",
"2a5b11bd-a047-474e-a8be-24797f8c46cf","ONAQ_011.basePlot.bet","D15","ONAQ","ONAQ_011","W","2016-04-12","2016-04-26","2016-04-27","2016-05-06",,"ONAQ_011.W.20160426","ilvJi7uUt501QLNgEhCwkqoLZrw0cUR+fnMPMXhWIw4=","invert bycatch",,,,,,,,,,"A/RRczOckiFbJrdMEJZwjJHC/MRxlxtigTsfvXI6kYE=",
"4d2cbf99-1050-4308-a29b-5a13f78f4919","ONAQ_011.basePlot.bet","D15","ONAQ","ONAQ_011","N","2016-04-12","2016-04-26","2016-04-27","2016-05-06",,"ONAQ_011.N.20160426","ilvJi7uUt501hABP9t/3bim0Wwlwz9EUMRwV/MpdLhE=","invert bycatch",,,,,,,,,,"A/RRczOckiFbJrdMEJZwjJHC/MRxlxtigTsfvXI6kYE=",
