uid,namedLocation,domainID,siteID,plotID,trapID,setDate,collectDate,processingDate,identifiedDate,subsampleID,individualID,taxonID,scientificName,taxonRank,identificationQualifier,scientificNameAuthorship,morphospeciesID,identificationReferences,totalLength,identifiedBy,recordedBy,remarks
"873414e8-92d0-4f5b-a273-bab28056da40","ORNL_006.basePlot.bet","D07","ORNL","ORNL_006","E","2016-09-27","2016-10-11","2016-11-08","2016-10-13","XUOG9+A5sIOkaePYLa5+aoTyxsJCkHUAdXy1Lad+Feo=","NEON.BET.D07.001114","CYCSIG","Cyclotrachelus sigillatus","species",,"Say",,,,"zAuTdQ8TLTOCAVE+XhtWnklq56XAz8bt","nAKPQvGWPz3w50pS9SF/Wg/TlEjgxRE8",
"0695313a-2995-4037-8697-8093d37fb76c","ORNL_021.basePlot.bet","D07","ORNL","ORNL_021","S","2016-09-27","2016-10-11","2016-11-08","2016-10-13","LlqcsvOjN4DBee5AoNobSzwmREgyuGxHqqQHrxEtDts=","NEON.BET.D07.000866","AGOPAL2","Agonum palustre","species",,"Goulet",,,,"zAuTdQ8TLTOCAVE+XhtWnklq56XAz8bt","nAKPQvGWPz3w50pS9SF/Wg/TlEjgxRE8",
"1edff460-a6d4-4963-827d-15a88fef5b3f","ORNL_004.basePlot.bet","D07","ORNL","ORNL_004","S","2016-09-27","2016-10-11","2016-11-08","2016-10-13","qnVzy9oXbL2ra98Gn2c6jrfZ8f/T0aOxaMKPQD5jveE=","NEON.BET.D07.001113","CYCSIG","Cyclotrachelus sigillatus","species",,"Say",,,,"zAuTdQ8TLTOCAVE+XhtWnklq56XAz8bt","nAKPQvGWPz3w50pS9SF/Wg/TlEjgxRE8",
"1628911c-68ef-47da-82e2-e0bc18aba3c6","ORNL_031.basePlot.bet","D07","ORNL","ORNL_031","N","2016-09-27","2016-10-11","2016-11-08","2016-10-12","G1V5MttZ4JKmYhK/etlaMwkorQsH7lUZek+m+Fo8lzM=","NEON.BET.D07.000974","CALOPA","Calathus opaculus","species",,"LeConte",,,,"C/RpfPKb8HTaiQJE7Yod+06R2cjuJOBA","nAKPQvGWPz3w50pS9SF/Wg/TlEjgxRE8",
"679e1c79-80e5-4d87-9213-a8416f37802d","ORNL_021.basePlot.bet","D07","ORNL","ORNL_021","S","2016-09-27","2016-10-11","2016-11-08","2016-10-12","LlqcsvOjN4DBee5AoNobS59OWBrSAH9ICDXu/Vv+loU=","NEON.BET.D07.001129","POELUC","Poecilus lucublandus","species",,"Say",,,,"C/RpfPKb8HTaiQJE7Yod+06R2cjuJOBA","nAKPQvGWPz3w50pS9SF/Wg/TlEjgxRE8",
"f63a408d-03f1-40f3-8776-92389addd884","ORNL_031.basePlot.bet","D07","ORNL","ORNL_031","E","2016-09-27","2016-10-11","2016-11-08","2016-10-12","G1V5MttZ4JKzQjDA4NXZWR0wcK+o0Yi9fSPuhXEaI7c=","NEON.BET.D07.000975","CALOPA","Calathus opaculus","species",,"LeConte",,,,"C/RpfPKb8HTaiQJE7Yod+06R2cjuJOBA","nAKPQvGWPz3w50pS9SF/Wg/TlEjgxRE8",
"3cd3c2b6-8850-4546-9f08-c4f7cc1f941b","ORNL_021.basePlot.bet","D07","ORNL","ORNL_021","N","2016-09-27","2016-10-11","2016-11-08","2016-10-12","LlqcsvOjN4BdQKXTwwKHEqpjqVOpZfcBmebCQuCYZ6A=","NEON.BET.D07.000973","CALOPA","Calathus opaculus","species",,"LeConte",,,,"C/RpfPKb8HTaiQJE7Yod+06R2cjuJOBA","nAKPQvGWPz3w50pS9SF/Wg/TlEjgxRE8",
"d10e82f2-582c-439d-be02-11572c425f73","ORNL_027.basePlot.bet","D07","ORNL","ORNL_027","S","2016-09-27","2016-10-11","2016-11-08","2016-10-12","di/gYcSB3uAH/ggfkICV/Rch9GwDIPi0N/2PBcJwPDI=","NEON.BET.D07.001143","PTESTY","Pterostichus stygicus","species",,"Say",,,,"C/RpfPKb8HTaiQJE7Yod+06R2cjuJOBA","nAKPQvGWPz3w50pS9SF/Wg/TlEjgxRE8",
