uid,namedLocation,domainID,siteID,plotID,trapID,setDate,collectDate,processingDate,etOHChangeDate,identifiedDate,sampleID,subsampleID,sampleType,taxonID,scientificName,taxonRank,identificationQualifier,scientificNameAuthorship,morphospeciesID,individualCount,identificationReferences,identifiedBy,recordedBy,remarks
"f30174d6-fc79-4b11-92ad-75322ebb85a1","NIWO_003.basePlot.bet","D13","NIWO","NIWO_003","S","2015-07-28","2015-08-11","2015-08-12","2016-11-09","2016-11-09","NIWO_003.S.20150811","ZRQ9gNwmgykmJ0A4JTWHpDx0/715nDchO1dhZkxHDNo=","carabid","CARTAE","Carabus taedatus","species",,"Fabricius",,1,"Lindroth, C. H. 1969. The ground-beetles (Carabidae, excl. Cicindelinae) of Canada and Alaska, parts 1-6. Opuscula E. Entomoligiska Sallskapet.","s/lmw0PcTzR4Bmy/yhclYeu7XYLZW004","XZoPj1u9UmznO7Lakic/e+h3MMLMvbQt",
"ff6a4535-31a3-47a2-ab24-88752098ceb9","NIWO_004.basePlot.bet","D13","NIWO","NIWO_004","E","2015-07-28","2015-08-11","2015-08-12","2016-11-14","2016-11-15","NIWO_004.E.20150811","aRw+8bWvW/wOIENap0etmepAVmgUeBEEaRT96PDfj/M=","carabid","HARNIG","Harpalus nigritarsis","species","cf. species","Sahlberg",,1,"Lindroth, C. H. 1969. The ground-beetles (Carabidae, excl. Cicindelinae) of Canada and Alaska, parts 1-6. Opuscula E. Entomoligiska Sallskapet.","s/lmw0PcTzR4Bmy/yhclYeu7XYLZW004","XZoPj1u9UmznO7Lakic/e+h3MMLMvbQt","Harpalus solitarus has paler appendages that might be more representative of this specimen but it is not recorded in Rockies. This could also by H. secluses if we are treating this and H. nigritarsis as separate species and not morphs of same species."
"e7d3d8d6-9123-4b75-bd2b-93931d3a14da","NIWO_003.basePlot.bet","D13","NIWO","NIWO_003","E","2015-07-28","2015-08-11","2015-08-12","2016-08-08",,"NIWO_003.E.20150811","ZRQ9gNwmgynu1ZgrUyHHaoI+p52ukNIFMnwgmwWFzB4=","invert bycatch",,,,,,,,,,"XZoPj1u9UmznO7Lakic/e+h3MMLMvbQt",
"04b7e36f-7d12-4a9f-af78-7b7127cbe666","NIWO_003.basePlot.bet","D13","NIWO","NIWO_003","N","2015-07-28","2015-08-11","2015-08-12","2016-11-09","2016-11-09","NIWO_003.N.20150811","ZRQ9gNwmgymIPtZS12an+8+mZyARtKNeWTKhiPLoo5c=","carabid","AMAQUE","Amara quenseli quenseli","subspecies",,"Schonherr",,4,"Lindroth, C. H. 1969. The ground-beetles (Carabidae, excl. Cicindelinae) of Canada and Alaska, parts 1-6. Opuscula E. Entomoligiska Sallskapet.","s/lmw0PcTzR4Bmy/yhclYeu7XYLZW004","XZoPj1u9UmznO7Lakic/e+h3MMLMvbQt",
"e3c2a23e-0a25-44dc-b780-39b9eb89b844","NIWO_003.basePlot.bet","D13","NIWO","NIWO_003","S","2015-07-28","2015-08-11","2015-08-12","2016-11-07","2016-11-09","NIWO_003.S.20150811","ZRQ9gNwmgykmJ0A4JTWHpAXIWuChDGnqnXnTe27hIL8=","carabid","AMAQUE","Amara quenseli quenseli","subspecies",,"Schonherr",,7,"Lindroth, C. H. 1969. The ground-beetles (Carabidae, excl. Cicindelinae) of Canada and Alaska, parts 1-6. Opuscula E. Entomoligiska Sallskapet.","s/lmw0PcTzR4Bmy/yhclYeu7XYLZW004","XZoPj1u9UmznO7Lakic/e+h3MMLMvbQt",
"52012daf-b9e0-488e-8313-5e3260efee7b","NIWO_003.basePlot.bet","D13","NIWO","NIWO_003","W","2015-07-28","2015-08-11","2015-08-12","2016-11-10","2016-11-10","NIWO_003.W.20150811","ZRQ9gNwmgylLFtb2kQGvQyxcSfVdipry2iTYh6GYRZg=","carabid","CARTAE","Carabus taedatus","species",,"Fabricius",,2,"Lindroth, C. H. 1969. The ground-beetles (Carabidae, excl. Cicindelinae) of Canada and Alaska, parts 1-6. Opuscula E. Entomoligiska Sallskapet.","s/lmw0PcTzR4Bmy/yhclYeu7XYLZW004","XZoPj1u9UmznO7Lakic/e+h3MMLMvbQt",
"940afa60-7116-4491-a818-6a1812ff73a9","NIWO_003.basePlot.bet","D13","NIWO","NIWO_003","W","2015-07-28","2015-08-11","2015-08-12","2016-08-08",,"NIWO_003.W.20150811","ZRQ9gNwmgylLFtb2kQGvQ57Z28Iws1At6tHSfRiAVvs=","invert bycatch",,,,,,,,,,"XZoPj1u9UmznO7Lakic/e+h3MMLMvbQt",
"35573bc5-5bc8-4c8f-b469-e7889c9ccf73","NIWO_005.basePlot.bet","D13","NIWO","NIWO_005","S","2015-07-28","2015-08-11","2015-08-12","2016-11-10","2016-11-10","NIWO_005.S.20150811","06Y8b7qnWrvNpkaT/gWkNhvbCxhghkThTG2/OYzDhLs=","carabid","CYMUNI1","Cymindis unicolor","species",,"Kirby",,7,"Lindroth, C. H. 1969. The ground-beetles (Carabidae, excl. Cicindelinae) of Canada and Alaska, parts 1-6. Opuscula E. Entomoligiska Sallskapet.","s/lmw0PcTzR4Bmy/yhclYeu7XYLZW004","XZoPj1u9UmznO7Lakic/e+h3MMLMvbQt",
"8a83cdb0-defe-462e-aeee-fecab061cb73","NIWO_005.basePlot.bet","D13","NIWO","NIWO_005","S","2015-07-28","2015-08-11","2015-08-12","2016-08-09",,"NIWO_005.S.20150811","06Y8b7qnWrvNpkaT/gWkNpjkLMv0Wi5lWGR1LCbcsnQ=","invert bycatch",,,,,,,,,,"XZoPj1u9UmznO7Lakic/e+h3MMLMvbQt",
"7386aa2d-5cc0-420a-93ae-b589d51aa348","NIWO_008.basePlot.bet","D13","NIWO","NIWO_008","S","2015-07-28","2015-08-11","2015-08-12","2016-11-14","2016-11-14","NIWO_008.S.20150811","5+aRVO2c2a4fZXmRIIT3KRkrbaf86gl2+5rM1QBy5hI=","carabid","CYMCRI","Cymindis cribricollis","species",,"Dejean",,3,"Lindroth, C. H. 1969. The ground-beetles (Carabidae, excl. Cicindelinae) of Canada and Alaska, parts 1-6. Opuscula E. Entomoligiska Sallskapet.","s/lmw0PcTzR4Bmy/yhclYeu7XYLZW004","9LLQP2zAGBxvuMR8VfqNBDkoxuflTlB1mTYNJb/lQSw=",
"e90c0695-3c57-4d6b-bf16-625ab287f93c","NIWO_008.basePlot.bet","D13","NIWO","NIWO_008","S","2015-07-28","2015-08-11","2015-08-12","2016-11-14","2016-11-14","NIWO_008.S.20150811","5+aRVO2c2a4fZXmRIIT3KQcT/NywCnEVmOOhqd6tQzA=","carabid","CYMUNI1","Cymindis unicolor","species",,"Kirby",,3,"Lindroth, C. H. 1969. The ground-beetles (Carabidae, excl. Cicindelinae) of Canada and Alaska, parts 1-6. Opuscula E. Entomoligiska Sallskapet.","s/lmw0PcTzR4Bmy/yhclYeu7XYLZW004","9LLQP2zAGBxvuMR8VfqNBDkoxuflTlB1mTYNJb/lQSw=",
"a3e8b181-e0ab-4624-bfd1-b6ffb6f20cd5","NIWO_008.basePlot.bet","D13","NIWO","NIWO_008","S","2015-07-28","2015-08-11","2015-08-12","2016-08-11",,"NIWO_008.S.20150811","5+aRVO2c2a4fZXmRIIT3KaXpOln3Og643CSIt5Cq/w4=","invert bycatch",,,,,,,,,,"9LLQP2zAGBxvuMR8VfqNBDkoxuflTlB1mTYNJb/lQSw=",
"53626858-1aba-4911-a38c-d5282011bfb1","NIWO_008.basePlot.bet","D13","NIWO","NIWO_008","W","2015-07-28","2015-08-11","2015-08-12","2016-11-14","2016-11-14","NIWO_008.W.20150811","5+aRVO2c2a7tyUr5BvACjNrEdGOLLgRDRe5ks/dfq0Y=","carabid","AMAQUE","Amara quenseli quenseli","subspecies",,"Schonherr",,5,"Lindroth, C. H. 1969. The ground-beetles (Carabidae, excl. Cicindelinae) of Canada and Alaska, parts 1-6. Opuscula E. Entomoligiska Sallskapet.","XZoPj1u9UmznO7Lakic/e+h3MMLMvbQt","9LLQP2zAGBxvuMR8VfqNBDkoxuflTlB1mTYNJb/lQSw=",
"f3b84349-fd40-4024-80d1-38fe52fad31d","NIWO_008.basePlot.bet","D13","NIWO","NIWO_008","W","2015-07-28","2015-08-11","2015-08-12","2016-11-11","2016-11-14","NIWO_008.W.20150811","5+aRVO2c2a7tyUr5BvACjHKebgxHzwp68SNiZ/tXXDI=","carabid","CARTAE","Carabus taedatus","species",,"Fabricius",,2,"Lindroth, C. H. 1969. The ground-beetles (Carabidae, excl. Cicindelinae) of Canada and Alaska, parts 1-6. Opuscula E. Entomoligiska Sallskapet.","XZoPj1u9UmznO7Lakic/e+h3MMLMvbQt","9LLQP2zAGBxvuMR8VfqNBDkoxuflTlB1mTYNJb/lQSw=",
"d132b2f6-72e0-43b7-94db-8d783f221f99","NIWO_008.basePlot.bet","D13","NIWO","NIWO_008","N","2015-07-28","2015-08-11","2015-08-12","2016-11-10","2016-11-10","NIWO_008.N.20150811","5+aRVO2c2a6I5g93LOKgRsGhWmH8/k2bIzV2h6nvSV0=","carabid","CARTAE","Carabus taedatus","species",,"Fabricius",,6,"Lindroth, C. H. 1969. The ground-beetles (Carabidae, excl. Cicindelinae) of Canada and Alaska, parts 1-6. Opuscula E. Entomoligiska Sallskapet.","s/lmw0PcTzR4Bmy/yhclYeu7XYLZW004","9LLQP2zAGBxvuMR8VfqNBDkoxuflTlB1mTYNJb/lQSw=",
"fc31fbda-723a-47fa-834e-0a2d2436d356","NIWO_008.basePlot.bet","D13","NIWO","NIWO_008","N","2015-07-28","2015-08-11","2015-08-12","2016-11-10","2016-11-10","NIWO_008.N.20150811","5+aRVO2c2a6I5g93LOKgRqdIO3jlyyKcQhmndZ51GVs=","carabid","AMAALP","Amara alpina","species",,"Paykull",,1,"Lindroth, C. H. 1969. The ground-beetles (Carabidae, excl. Cicindelinae) of Canada and Alaska, parts 1-6. Opuscula E. Entomoligiska Sallskapet.","s/lmw0PcTzR4Bmy/yhclYeu7XYLZW004","9LLQP2zAGBxvuMR8VfqNBDkoxuflTlB1mTYNJb/lQSw=",
"e56c0018-0aff-4dd4-9697-72883f781cd9","NIWO_008.basePlot.bet","D13","NIWO","NIWO_008","W","2015-07-28","2015-08-11","2015-08-12","2016-11-11","2016-11-14","NIWO_008.W.20150811","5+aRVO2c2a7tyUr5BvACjGpDUaR6+6IJIhuk5n9eQuE=","carabid","DISPAR1","Discoderus parallelus","species",,"Haldeman",,1,"Lindroth, C. H. 1969. The ground-beetles (Carabidae, excl. Cicindelinae) of Canada and Alaska, parts 1-6. Opuscula E. Entomoligiska Sallskapet.","XZoPj1u9UmznO7Lakic/e+h3MMLMvbQt","9LLQP2zAGBxvuMR8VfqNBDkoxuflTlB1mTYNJb/lQSw=",
"c2adf85e-8098-45cc-84a3-f4d6f3e6db8f","NIWO_008.basePlot.bet","D13","NIWO","NIWO_008","N","2015-07-28","2015-08-11","2015-08-12","2016-08-11",,"NIWO_008.N.20150811","5+aRVO2c2a6I5g93LOKgRoCI1FSwlLT77VcrrTzF3z4=","invert bycatch",,,,,,,,,,"9LLQP2zAGBxvuMR8VfqNBDkoxuflTlB1mTYNJb/lQSw=",
"65c4120c-6797-451e-9ea7-fd268629b27d","NIWO_008.basePlot.bet","D13","NIWO","NIWO_008","S","2015-07-28","2015-08-11","2015-08-12","2016-11-10","2016-11-14","NIWO_008.S.20150811","5+aRVO2c2a4fZXmRIIT3KW5urvkhVtSAFtO//a0u9cg=","carabid","CARTAE","Carabus taedatus","species",,"Fabricius",,6,"Lindroth, C. H. 1969. The ground-beetles (Carabidae, excl. Cicindelinae) of Canada and Alaska, parts 1-6. Opuscula E. Entomoligiska Sallskapet.","s/lmw0PcTzR4Bmy/yhclYeu7XYLZW004","9LLQP2zAGBxvuMR8VfqNBDkoxuflTlB1mTYNJb/lQSw=",
"285d8674-f421-47d9-9547-fd165482aa53","NIWO_008.basePlot.bet","D13","NIWO","NIWO_008","S","2015-07-28","2015-08-11","2015-08-12","2016-11-14","2016-11-14","NIWO_008.S.20150811","5+aRVO2c2a4fZXmRIIT3Ka7sIpKwE4wheWSHr+RUbZI=","carabid","AMAQUE","Amara quenseli quenseli","subspecies",,"Schonherr",,1,"Lindroth, C. H. 1969. The ground-beetles (Carabidae, excl. Cicindelinae) of Canada and Alaska, parts 1-6. Opuscula E. Entomoligiska Sallskapet.","s/lmw0PcTzR4Bmy/yhclYeu7XYLZW004","9LLQP2zAGBxvuMR8VfqNBDkoxuflTlB1mTYNJb/lQSw=",
"44ed90fe-4a12-4d6a-b780-5ce5fce4220f","NIWO_009.basePlot.bet","D13","NIWO","NIWO_009","W","2015-07-28","2015-08-11","2015-08-12","2016-08-11",,"NIWO_009.W.20150811","ta53RQUlpj50LdnQTRdA6CS60tECfUXeuCtpXx8EWf4=","invert bycatch",,,,,,,,,,"XZoPj1u9UmznO7Lakic/e+h3MMLMvbQt",
"811ded86-2cb2-4604-9638-f2d7dbe35595","NIWO_008.basePlot.bet","D13","NIWO","NIWO_008","W","2015-07-28","2015-08-11","2015-08-12","2016-08-09",,"NIWO_008.W.20150811","5+aRVO2c2a7tyUr5BvACjHpwn/OD24CPesVpif0KPVk=","invert bycatch",,,,,,,,,,"9LLQP2zAGBxvuMR8VfqNBDkoxuflTlB1mTYNJb/lQSw=",
"0d1621fd-9543-4c73-b4d0-4fa6a5dd6520","NIWO_007.basePlot.bet","D13","NIWO","NIWO_007","S","2015-07-28","2015-08-11","2015-08-12","2016-08-09",,"NIWO_007.S.20150811","S04lt30Ahx9lCmMDYRy7y2zJOupilDGDmVValD3ngKg=","invert bycatch",,,,,,,,,,"9LLQP2zAGBxvuMR8VfqNBDkoxuflTlB1mTYNJb/lQSw=",
"4c2c68dc-06f3-4e66-a8c7-5d767b0c1585","NIWO_007.basePlot.bet","D13","NIWO","NIWO_007","S","2015-07-28","2015-08-11","2015-08-12","2016-11-07","2016-11-11","NIWO_007.S.20150811","S04lt30Ahx9lCmMDYRy7ywwA6b9Z8T1nD2m3G6gdrMY=","carabid","CALADV","Calathus advena","species",,"LeConte",,4,"Lindroth, C. H. 1969. The ground-beetles (Carabidae, excl. Cicindelinae) of Canada and Alaska, parts 1-6. Opuscula E. Entomoligiska Sallskapet.","XZoPj1u9UmznO7Lakic/e+h3MMLMvbQt","9LLQP2zAGBxvuMR8VfqNBDkoxuflTlB1mTYNJb/lQSw=",
"b31f9afe-8973-49bf-882c-0d187903f1ea","NIWO_007.basePlot.bet","D13","NIWO","NIWO_007","S","2015-07-28","2015-08-11","2015-08-12","2016-11-11","2016-11-11","NIWO_007.S.20150811","S04lt30Ahx9lCmMDYRy7y/pmVYM5Y9Opf1+aelv6f3c=","carabid","OTHE","Carabidae sp.","family",,"Latreille","D13.2015.MorphO",1,"Lindroth, C. H. 1969. The ground-beetles (Carabidae, excl. Cicindelinae) of Canada and Alaska, parts 1-6. Opuscula E. Entomoligiska Sallskapet.","XZoPj1u9UmznO7Lakic/e+h3MMLMvbQt","9LLQP2zAGBxvuMR8VfqNBDkoxuflTlB1mTYNJb/lQSw=",
"8e1ab8de-443c-4a0d-a133-1764bc09a614","NIWO_007.basePlot.bet","D13","NIWO","NIWO_007","E","2015-07-28","2015-08-11","2015-08-12","2016-11-11","2016-11-11","NIWO_007.E.20150811","S04lt30Ahx8lo/Eol1ieZZOj7pGn+rYRaC8gS9QBUeY=","carabid","OTHE","Carabidae sp.","family",,"Latreille","D13.2015.MorphO",1,"Lindroth, C. H. 1969. The ground-beetles (Carabidae, excl. Cicindelinae) of Canada and Alaska, parts 1-6. Opuscula E. Entomoligiska Sallskapet.","XZoPj1u9UmznO7Lakic/e+h3MMLMvbQt","9LLQP2zAGBxvuMR8VfqNBDkoxuflTlB1mTYNJb/lQSw=",
"f047a790-8dc7-4549-bfa5-63df8c4e3fac","NIWO_007.basePlot.bet","D13","NIWO","NIWO_007","E","2015-07-28","2015-08-11","2015-08-12","2016-11-07","2016-11-11","NIWO_007.E.20150811","S04lt30Ahx8lo/Eol1ieZcbgX1K/ZuGtceQ3IWpjU1M=","carabid","CALADV","Calathus advena","species",,"LeConte",,1,"Lindroth, C. H. 1969. The ground-beetles (Carabidae, excl. Cicindelinae) of Canada and Alaska, parts 1-6. Opuscula E. Entomoligiska Sallskapet.","XZoPj1u9UmznO7Lakic/e+h3MMLMvbQt","9LLQP2zAGBxvuMR8VfqNBDkoxuflTlB1mTYNJb/lQSw=",
"f119a818-3fc5-4f58-bf51-58cfcd53d156","NIWO_007.basePlot.bet","D13","NIWO","NIWO_007","E","2015-07-28","2015-08-11","2015-08-12","2016-08-09",,"NIWO_007.E.20150811","S04lt30Ahx8lo/Eol1ieZTIQgDML0NrbPeroKJILOug=","invert bycatch",,,,,,,,,,"9LLQP2zAGBxvuMR8VfqNBDkoxuflTlB1mTYNJb/lQSw=",
"eadf518a-6126-4681-bd1e-b4d31de004cc","NIWO_010.basePlot.bet","D13","NIWO","NIWO_010","E","2015-07-28","2015-08-11","2015-08-12","2016-08-11",,"NIWO_010.E.20150811","SpCPEqaS8lQwXJB9DO/O4+WY7ZsoO6FqjWJqvlkbdqI=","invert bycatch",,,,,,,,,,"XZoPj1u9UmznO7Lakic/e+h3MMLMvbQt",
"d351bde4-f8a0-42f8-b68f-596b9d67883b","NIWO_010.basePlot.bet","D13","NIWO","NIWO_010","E","2015-07-28","2015-08-11","2015-08-12","2016-11-14","2016-11-14","NIWO_010.E.20150811","SpCPEqaS8lQwXJB9DO/O492jo0YbuVjQSuxMkSHzXnc=","carabid","OTHE","Carabidae sp.","family",,"Latreille","D13.2015.MorphO",1,"Lindroth, C. H. 1969. The ground-beetles (Carabidae, excl. Cicindelinae) of Canada and Alaska, parts 1-6. Opuscula E. Entomoligiska Sallskapet.","XZoPj1u9UmznO7Lakic/e+h3MMLMvbQt","XZoPj1u9UmznO7Lakic/e+h3MMLMvbQt",
"57f761dc-554c-4ec4-88c1-8362a1917401","NIWO_002.basePlot.bet","D13","NIWO","NIWO_002","N","2015-07-28","2015-08-11","2015-08-12","2016-11-09","2016-11-09","NIWO_002.N.20150811","Yxxla30BRilk/hATSF9YpuD2z9dxT5dzfNycFSLd6SM=","carabid","OTHE","Carabidae sp.","family",,"Latreille","D13.2015.MorphO",11,"Lindroth, C. H. 1969. The ground-beetles (Carabidae, excl. Cicindelinae) of Canada and Alaska, parts 1-6. Opuscula E. Entomoligiska Sallskapet.","s/lmw0PcTzR4Bmy/yhclYeu7XYLZW004","XZoPj1u9UmznO7Lakic/e+h3MMLMvbQt",
"fdcd9dae-14b8-47ae-bbce-6dbfff298a22","NIWO_002.basePlot.bet","D13","NIWO","NIWO_002","N","2015-07-28","2015-08-11","2015-08-12","2016-08-08",,"NIWO_002.N.20150811","Yxxla30BRilk/hATSF9YpphoGi8mpfj4Zw3W1PHdsX4=","invert bycatch",,,,,,,,,,"XZoPj1u9UmznO7Lakic/e+h3MMLMvbQt",
"e8aac49c-08ce-4517-b390-8ec69183abf6","NIWO_007.basePlot.bet","D13","NIWO","NIWO_007","N","2015-07-28","2015-08-11","2015-08-12","2016-08-09",,"NIWO_007.N.20150811","S04lt30Ahx+hs4bQv521KEnDefrEfRNSKctw7dnoqhk=","invert bycatch",,,,,,,,,,"9LLQP2zAGBxvuMR8VfqNBDkoxuflTlB1mTYNJb/lQSw=",
"ce109c45-df13-4b0d-8b99-5096880a6a1f","NIWO_007.basePlot.bet","D13","NIWO","NIWO_007","N","2015-07-28","2015-08-11","2015-08-12","2016-11-10","2016-11-10","NIWO_007.N.20150811","S04lt30Ahx+hs4bQv521KOxJ/OzGv57BdMMiZxpkct4=","carabid","CALADV","Calathus advena","species",,"LeConte",,4,"Lindroth, C. H. 1969. The ground-beetles (Carabidae, excl. Cicindelinae) of Canada and Alaska, parts 1-6. Opuscula E. Entomoligiska Sallskapet.","s/lmw0PcTzR4Bmy/yhclYeu7XYLZW004","9LLQP2zAGBxvuMR8VfqNBDkoxuflTlB1mTYNJb/lQSw=",
"2e3b3c10-2f27-460c-beef-4f69f9f1dbe5","NIWO_007.basePlot.bet","D13","NIWO","NIWO_007","W","2015-07-28","2015-08-11","2015-08-12","2016-11-11","2016-11-11","NIWO_007.W.20150811","S04lt30Ahx8VQr1krxvtUJBDG6ivkxUoUznMmXLlTas=","carabid","OTHE","Carabidae sp.","family",,"Latreille","D13.2015.MorphO",1,"Lindroth, C. H. 1969. The ground-beetles (Carabidae, excl. Cicindelinae) of Canada and Alaska, parts 1-6. Opuscula E. Entomoligiska Sallskapet.","XZoPj1u9UmznO7Lakic/e+h3MMLMvbQt","9LLQP2zAGBxvuMR8VfqNBDkoxuflTlB1mTYNJb/lQSw=",
"fdf48a47-3a26-4811-b165-87bc1065a074","NIWO_003.basePlot.bet","D13","NIWO","NIWO_003","E","2015-07-28","2015-08-11","2015-08-12","2016-11-14","2016-11-14","NIWO_003.E.20150811","ZRQ9gNwmgynu1ZgrUyHHakTPFO4L6mGqYISAc/e7D/c=","carabid","AMAQUE","Amara quenseli quenseli","subspecies",,"Schonherr",,4,"Lindroth, C. H. 1969. The ground-beetles (Carabidae, excl. Cicindelinae) of Canada and Alaska, parts 1-6. Opuscula E. Entomoligiska Sallskapet.","s/lmw0PcTzR4Bmy/yhclYeu7XYLZW004","XZoPj1u9UmznO7Lakic/e+h3MMLMvbQt",
"bab37857-0496-4cb5-a8b1-2dd435e9abfd","NIWO_003.basePlot.bet","D13","NIWO","NIWO_003","W","2015-07-28","2015-08-11","2015-08-12","2016-11-10","2016-11-10","NIWO_003.W.20150811","ZRQ9gNwmgylLFtb2kQGvQx/d2syMzruT0E1sZNpsxnI=","carabid","AMAQUE","Amara quenseli quenseli","subspecies",,"Schonherr",,7,"Lindroth, C. H. 1969. The ground-beetles (Carabidae, excl. Cicindelinae) of Canada and Alaska, parts 1-6. Opuscula E. Entomoligiska Sallskapet.","s/lmw0PcTzR4Bmy/yhclYeu7XYLZW004","XZoPj1u9UmznO7Lakic/e+h3MMLMvbQt",
"48e40ab9-f26c-4485-94dc-89403194f7b1","NIWO_003.basePlot.bet","D13","NIWO","NIWO_003","N","2015-07-28","2015-08-11","2015-08-12","2016-08-08",,"NIWO_003.N.20150811","ZRQ9gNwmgymIPtZS12an+4q7rpF5d8QCLACq7awPzpI=","invert bycatch",,,,,,,,,,"XZoPj1u9UmznO7Lakic/e+h3MMLMvbQt",
"e4fdf566-386d-46b9-80ff-58da912b51de","NIWO_003.basePlot.bet","D13","NIWO","NIWO_003","S","2015-07-28","2015-08-11","2015-08-12","2016-08-08",,"NIWO_003.S.20150811","ZRQ9gNwmgykmJ0A4JTWHpIHYZK5Dr0GbkXE6Se5RM0c=","invert bycatch",,,,,,,,,,"XZoPj1u9UmznO7Lakic/e+h3MMLMvbQt",
"9baedd77-1d98-4855-9545-a29d2d92740f","NIWO_006.basePlot.bet","D13","NIWO","NIWO_006","S","2015-07-28","2015-08-11","2015-08-12","2016-08-09",,"NIWO_006.S.20150811","/HCA//l5a79xspR2rESkgAkjP/1Zi7ubwXG9L93BRX0=","invert bycatch",,,,,,,,,,"9LLQP2zAGBxvuMR8VfqNBDkoxuflTlB1mTYNJb/lQSw=",
"9b58bf18-308f-4cfe-b553-af2d4e3f1dde","NIWO_010.basePlot.bet","D13","NIWO","NIWO_010","N","2015-07-28","2015-08-11","2015-08-12","2016-08-11",,"NIWO_010.N.20150811","SpCPEqaS8lRPG9/1jERgKWORRdRxy5km7L3kAPNMpJo=","invert bycatch",,,,,,,,,,"XZoPj1u9UmznO7Lakic/e+h3MMLMvbQt",
"3a99c16d-4af8-42d6-8a42-5c711905e9cd","NIWO_007.basePlot.bet","D13","NIWO","NIWO_007","S","2015-07-28","2015-08-11","2015-09-09","2015-09-09","2016-09-28","NIWO_007.S.20150811","S04lt30Ahx9lCmMDYRy7y8UbiZ8QPVxk6DRySie0CR8=","vert bycatch mam","SOHO","Sorex hoyi","species",,"Baird",,1,"Other","Ji4OKY0Opajnq0SAWKqACItMAkkkfnH7","Ji4OKY0Opajnq0SAWKqACItMAkkkfnH7",
"63552c54-9977-427f-bca5-9d7f81c11b2b","NIWO_007.basePlot.bet","D13","NIWO","NIWO_007","N","2015-07-28","2015-08-11","2015-08-12","2016-11-10","2016-11-10","NIWO_007.N.20150811","S04lt30Ahx+hs4bQv521KNnaWMcx9hN5dKZ+pS139vc=","carabid","OTHE","Carabidae sp.","family",,"Latreille","D13.2015.MorphO",1,"Lindroth, C. H. 1969. The ground-beetles (Carabidae, excl. Cicindelinae) of Canada and Alaska, parts 1-6. Opuscula E. Entomoligiska Sallskapet.","s/lmw0PcTzR4Bmy/yhclYeu7XYLZW004","9LLQP2zAGBxvuMR8VfqNBDkoxuflTlB1mTYNJb/lQSw=",
"4b5eb443-ee0f-47f0-8f02-96bb723810b0","NIWO_007.basePlot.bet","D13","NIWO","NIWO_007","W","2015-07-28","2015-08-11","2015-08-12","2016-08-09",,"NIWO_007.W.20150811","S04lt30Ahx8VQr1krxvtUOjOh+Z/DGMj9VSYlT14LD8=","invert bycatch",,,,,,,,,,"9LLQP2zAGBxvuMR8VfqNBDkoxuflTlB1mTYNJb/lQSw=",
"c39f2f11-d95f-4505-ae67-1422efb8c1e2","NIWO_001.basePlot.bet","D13","NIWO","NIWO_001","W","2015-07-28","2015-08-11","2015-08-12","2016-11-07","2016-11-07","NIWO_001.W.20150811","fp9n17d9YyEhoHxM9Q6c8kQD2KUmTvAz8UzgYVVfVkc=","carabid","OTHE","Carabidae sp.","family",,"Latreille","D13.2015.MorphO",6,"Lindroth, C. H. 1969. The ground-beetles (Carabidae, excl. Cicindelinae) of Canada and Alaska, parts 1-6. Opuscula E. Entomoligiska Sallskapet.","s/lmw0PcTzR4Bmy/yhclYeu7XYLZW004","XZoPj1u9UmznO7Lakic/e+h3MMLMvbQt",
"c3a3cce5-c24a-4224-9247-bc1f9ce2c90e","NIWO_001.basePlot.bet","D13","NIWO","NIWO_001","W","2015-07-28","2015-08-11","2015-08-12","2016-11-07","2016-11-07","NIWO_001.W.20150811","fp9n17d9YyEhoHxM9Q6c8hIf7eyxx0XJmqkzwmIJLY8=","carabid","CYMUNI1","Cymindis unicolor","species",,"Kirby",,1,"Lindroth, C. H. 1969. The ground-beetles (Carabidae, excl. Cicindelinae) of Canada and Alaska, parts 1-6. Opuscula E. Entomoligiska Sallskapet.","s/lmw0PcTzR4Bmy/yhclYeu7XYLZW004","XZoPj1u9UmznO7Lakic/e+h3MMLMvbQt",
"86a7b873-9ad7-4e7e-b1bf-8c9adbd0107b","NIWO_010.basePlot.bet","D13","NIWO","NIWO_010","W","2015-07-28","2015-08-11","2015-08-12","2016-11-14","2016-11-14","NIWO_010.W.20150811","SpCPEqaS8lRCWHMNC5CpgMNrObSaYp/5v1EX/9w7fO4=","carabid","CYMUNI1","Cymindis unicolor","species",,"Kirby",,1,"Lindroth, C. H. 1969. The ground-beetles (Carabidae, excl. Cicindelinae) of Canada and Alaska, parts 1-6. Opuscula E. Entomoligiska Sallskapet.","XZoPj1u9UmznO7Lakic/e+h3MMLMvbQt","XZoPj1u9UmznO7Lakic/e+h3MMLMvbQt",
"c2279ed0-ec5e-431e-9b82-6e196fd2927f","NIWO_010.basePlot.bet","D13","NIWO","NIWO_010","S","2015-07-28","2015-08-11","2015-08-12","2016-08-11",,"NIWO_010.S.20150811","SpCPEqaS8lSDVwpWIb8p3k4+f8PnM2c1wzcXytk84tc=","invert bycatch",,,,,,,,,,"XZoPj1u9UmznO7Lakic/e+h3MMLMvbQt",
"6b8b0f9d-06da-4219-b11e-c270da5caf3f","NIWO_010.basePlot.bet","D13","NIWO","NIWO_010","S","2015-07-28","2015-08-11","2015-08-12","2016-11-10","2016-11-10","NIWO_010.S.20150811","SpCPEqaS8lSDVwpWIb8p3nJbMAqDeCtRFF1An8WHxyc=","carabid","CARTAE","Carabus taedatus","species",,"Fabricius",,2,"Lindroth, C. H. 1969. The ground-beetles (Carabidae, excl. Cicindelinae) of Canada and Alaska, parts 1-6. Opuscula E. Entomoligiska Sallskapet.","s/lmw0PcTzR4Bmy/yhclYeu7XYLZW004","XZoPj1u9UmznO7Lakic/e+h3MMLMvbQt",
"7c3fb2c3-4755-46d1-a240-44bec694973c","NIWO_010.basePlot.bet","D13","NIWO","NIWO_010","W","2015-07-28","2015-08-11","2015-08-12","2016-11-14","2016-11-14","NIWO_010.W.20150811","SpCPEqaS8lRCWHMNC5CpgNvf/6igeb0rvSStLN73CEM=","carabid","OTHE","Carabidae sp.","family",,"Latreille","D13.2015.MorphO",4,"Lindroth, C. H. 1969. The ground-beetles (Carabidae, excl. Cicindelinae) of Canada and Alaska, parts 1-6. Opuscula E. Entomoligiska Sallskapet.","XZoPj1u9UmznO7Lakic/e+h3MMLMvbQt","XZoPj1u9UmznO7Lakic/e+h3MMLMvbQt",
"2e686c2d-0332-47cd-9aee-2a9ac8aaa7c2","NIWO_010.basePlot.bet","D13","NIWO","NIWO_010","S","2015-07-28","2015-08-11","2015-08-12","2016-11-10","2016-11-10","NIWO_010.S.20150811","SpCPEqaS8lSDVwpWIb8p3hLM+zFWMcjKfq5iRicpzhI=","carabid","OTHE","Carabidae sp.","family",,"Latreille","D13.2015.MorphO",3,"Lindroth, C. H. 1969. The ground-beetles (Carabidae, excl. Cicindelinae) of Canada and Alaska, parts 1-6. Opuscula E. Entomoligiska Sallskapet.","s/lmw0PcTzR4Bmy/yhclYeu7XYLZW004","XZoPj1u9UmznO7Lakic/e+h3MMLMvbQt",
"ac22fa09-3d19-4940-9269-fdd926401a85","NIWO_010.basePlot.bet","D13","NIWO","NIWO_010","W","2015-07-28","2015-08-11","2015-08-12","2016-08-11",,"NIWO_010.W.20150811","SpCPEqaS8lRCWHMNC5CpgKEr6GIZtwLVarqRMk8nzsI=","invert bycatch",,,,,,,,,,"XZoPj1u9UmznO7Lakic/e+h3MMLMvbQt",
"dc648e1b-aa6f-47f4-bde2-5f50ad912e14","NIWO_009.basePlot.bet","D13","NIWO","NIWO_009","S","2015-07-28","2015-08-11","2015-08-12","2016-08-11",,"NIWO_009.S.20150811","ta53RQUlpj5UBMvJyahkRabeYKaPSEuxeu2nmLVVF/c=","invert bycatch",,,,,,,,,,"XZoPj1u9UmznO7Lakic/e+h3MMLMvbQt",
"0a278878-f6a1-49fe-86bc-ecb7c01cab13","NIWO_009.basePlot.bet","D13","NIWO","NIWO_009","N","2015-07-28","2015-08-11","2015-08-12","2016-11-14","2016-11-14","NIWO_009.N.20150811","ta53RQUlpj4uM1+qziUhamcaHA7/tJRW3aslOuZ3TZA=","carabid","CALADV","Calathus advena","species",,"LeConte",,2,"Lindroth, C. H. 1969. The ground-beetles (Carabidae, excl. Cicindelinae) of Canada and Alaska, parts 1-6. Opuscula E. Entomoligiska Sallskapet.","s/lmw0PcTzR4Bmy/yhclYeu7XYLZW004","XZoPj1u9UmznO7Lakic/e+h3MMLMvbQt",
"44e28bf8-f519-4912-a643-541fa4f14bcf","NIWO_009.basePlot.bet","D13","NIWO","NIWO_009","S","2015-07-28","2015-08-11","2015-08-12","2016-11-14","2016-11-14","NIWO_009.S.20150811","ta53RQUlpj5UBMvJyahkRXCdNjXDFwrIThDE92Gywr4=","carabid","CALADV","Calathus advena","species",,"LeConte",,18,"Lindroth, C. H. 1969. The ground-beetles (Carabidae, excl. Cicindelinae) of Canada and Alaska, parts 1-6. Opuscula E. Entomoligiska Sallskapet.","s/lmw0PcTzR4Bmy/yhclYeu7XYLZW004","XZoPj1u9UmznO7Lakic/e+h3MMLMvbQt",
"175a0d92-94b9-4221-8658-602119e58760","NIWO_009.basePlot.bet","D13","NIWO","NIWO_009","N","2015-07-28","2015-08-11","2015-08-12","2016-11-14","2016-11-14","NIWO_009.N.20150811","ta53RQUlpj4uM1+qziUhagtiJl4Ka7G0aJBD4nmzVXc=","carabid","OTHE","Carabidae sp.","family",,"Latreille","D13.2015.MorphO",3,"Lindroth, C. H. 1969. The ground-beetles (Carabidae, excl. Cicindelinae) of Canada and Alaska, parts 1-6. Opuscula E. Entomoligiska Sallskapet.","s/lmw0PcTzR4Bmy/yhclYeu7XYLZW004","XZoPj1u9UmznO7Lakic/e+h3MMLMvbQt",
"848b4d2b-22dd-40b7-a645-3071f812f5ae","NIWO_009.basePlot.bet","D13","NIWO","NIWO_009","S","2015-07-28","2015-08-11","2015-08-12","2016-11-14","2016-11-14","NIWO_009.S.20150811","ta53RQUlpj5UBMvJyahkRfZJu0dxahu3djGtvE8UK00=","carabid","OTHE","Carabidae sp.","family",,"Latreille","D13.2015.MorphO",2,"Lindroth, C. H. 1969. The ground-beetles (Carabidae, excl. Cicindelinae) of Canada and Alaska, parts 1-6. Opuscula E. Entomoligiska Sallskapet.","s/lmw0PcTzR4Bmy/yhclYeu7XYLZW004","XZoPj1u9UmznO7Lakic/e+h3MMLMvbQt",
"64f038d2-dd8f-421c-9537-142db51a5373","NIWO_009.basePlot.bet","D13","NIWO","NIWO_009","N","2015-07-28","2015-08-11","2015-08-12","2016-08-11",,"NIWO_009.N.20150811","ta53RQUlpj4uM1+qziUhaubKxgRLs+k5vPkyno7NxmE=","invert bycatch",,,,,,,,,,"XZoPj1u9UmznO7Lakic/e+h3MMLMvbQt",
"331241c2-615a-4767-ac3b-21827b4e9aea","NIWO_005.basePlot.bet","D13","NIWO","NIWO_005","E","2015-07-28","2015-08-11","2015-08-12","2016-08-08",,"NIWO_005.E.20150811","06Y8b7qnWrtrUXq6Cek0DAoV+uafKmiXgHqEuGbzf80=","invert bycatch",,,,,,,,,,"XZoPj1u9UmznO7Lakic/e+h3MMLMvbQt",
"e6e03b9c-f84a-46c4-b989-7203a1f5b7bc","NIWO_005.basePlot.bet","D13","NIWO","NIWO_005","E","2015-07-28","2015-08-11","2015-08-12","2016-11-10","2016-11-10","NIWO_005.E.20150811","06Y8b7qnWrtrUXq6Cek0DJFDOzvrMErvo/9m5HsaCXk=","carabid","OTHE","Carabidae sp.","family",,"Latreille","D13.2015.MorphO",1,"Lindroth, C. H. 1969. The ground-beetles (Carabidae, excl. Cicindelinae) of Canada and Alaska, parts 1-6. Opuscula E. Entomoligiska Sallskapet.","s/lmw0PcTzR4Bmy/yhclYeu7XYLZW004","XZoPj1u9UmznO7Lakic/e+h3MMLMvbQt",
"6a0abf48-04cf-4db4-a41b-9d174c97065f","NIWO_002.basePlot.bet","D13","NIWO","NIWO_002","S","2015-07-28","2015-08-11","2015-08-12","2016-11-09","2016-11-09","NIWO_002.S.20150811","Yxxla30BRinFv45w6Vr3F2GF2Fq/SHH2RaxG/0rYPE4=","carabid","OTHE","Carabidae sp.","family",,"Latreille","D13.2015.MorphO",8,"Lindroth, C. H. 1969. The ground-beetles (Carabidae, excl. Cicindelinae) of Canada and Alaska, parts 1-6. Opuscula E. Entomoligiska Sallskapet.","s/lmw0PcTzR4Bmy/yhclYeu7XYLZW004","XZoPj1u9UmznO7Lakic/e+h3MMLMvbQt",
"6b9a4f91-8dd8-4423-8d91-9a12b3801e7d","NIWO_002.basePlot.bet","D13","NIWO","NIWO_002","E","2015-07-28","2015-08-11","2015-08-12","2016-08-08",,"NIWO_002.E.20150811","Yxxla30BRilqBoOx9xPoXwntrgALV0P7gME7dVh++tc=","invert bycatch",,,,,,,,,,"XZoPj1u9UmznO7Lakic/e+h3MMLMvbQt",
"7677029a-3be0-45f0-8571-4dae4f978fb3","NIWO_002.basePlot.bet","D13","NIWO","NIWO_002","S","2015-07-28","2015-08-11","2015-08-12","2016-11-09","2016-11-09","NIWO_002.S.20150811","Yxxla30BRinFv45w6Vr3F+FtxkpbvnxCB0cfZ6P5pho=","carabid","CALADV","Calathus advena","species",,"LeConte",,1,"Lindroth, C. H. 1969. The ground-beetles (Carabidae, excl. Cicindelinae) of Canada and Alaska, parts 1-6. Opuscula E. Entomoligiska Sallskapet.","s/lmw0PcTzR4Bmy/yhclYeu7XYLZW004","XZoPj1u9UmznO7Lakic/e+h3MMLMvbQt",
"7b6f3b2d-d74f-49f9-83aa-bd9e0fbf5545","NIWO_002.basePlot.bet","D13","NIWO","NIWO_002","E","2015-07-28","2015-08-11","2015-08-12","2016-11-07","2016-11-07","NIWO_002.E.20150811","Yxxla30BRilqBoOx9xPoXx2toHmo/2W4+93dYfZLC5w=","carabid","OTHE","Carabidae sp.","family",,"Latreille","D13.2015.MorphO",5,"Lindroth, C. H. 1969. The ground-beetles (Carabidae, excl. Cicindelinae) of Canada and Alaska, parts 1-6. Opuscula E. Entomoligiska Sallskapet.","s/lmw0PcTzR4Bmy/yhclYeu7XYLZW004","XZoPj1u9UmznO7Lakic/e+h3MMLMvbQt",
"bf67600f-1ade-4fde-a448-a296cc40a346","NIWO_002.basePlot.bet","D13","NIWO","NIWO_002","S","2015-07-28","2015-08-11","2015-08-12","2016-11-09","2016-11-09","NIWO_002.S.20150811","Yxxla30BRinFv45w6Vr3F2wvXNs/TMLGDkWDAs/c+uY=","carabid","CARTAE","Carabus taedatus","species",,"Fabricius",,1,"Lindroth, C. H. 1969. The ground-beetles (Carabidae, excl. Cicindelinae) of Canada and Alaska, parts 1-6. Opuscula E. Entomoligiska Sallskapet.","s/lmw0PcTzR4Bmy/yhclYeu7XYLZW004","XZoPj1u9UmznO7Lakic/e+h3MMLMvbQt",
"709b4fd6-e6c3-4035-b8e0-bebca3438df0","NIWO_002.basePlot.bet","D13","NIWO","NIWO_002","S","2015-07-28","2015-08-11","2015-08-12","2016-08-08",,"NIWO_002.S.20150811","Yxxla30BRinFv45w6Vr3F2AlWG+BWNqQ9W+nvux+Vok=","invert bycatch",,,,,,,,,,"XZoPj1u9UmznO7Lakic/e+h3MMLMvbQt",
"1c4ff709-89d4-4439-8f1b-a513a589f0ff","NIWO_001.basePlot.bet","D13","NIWO","NIWO_001","W","2015-07-28","2015-08-11","2015-08-12","2016-08-05",,"NIWO_001.W.20150811","fp9n17d9YyEhoHxM9Q6c8hoEVMoEAfvkJRmptn3aD7o=","invert bycatch",,,,,,,,,,"XZoPj1u9UmznO7Lakic/e+h3MMLMvbQt",
"7e4c020a-7e6f-4aa3-8c8a-7466793fe7d9","NIWO_001.basePlot.bet","D13","NIWO","NIWO_001","S","2015-07-28","2015-08-11","2015-08-12","2016-11-07","2016-11-07","NIWO_001.S.20150811","fp9n17d9YyHDV4GhMX9L5BLeakNMsYDx51zOjkQcUM0=","carabid","OTHE","Carabidae sp.","family",,"Latreille","D13.2015.MorphO",1,"Lindroth, C. H. 1969. The ground-beetles (Carabidae, excl. Cicindelinae) of Canada and Alaska, parts 1-6. Opuscula E. Entomoligiska Sallskapet.","s/lmw0PcTzR4Bmy/yhclYeu7XYLZW004","XZoPj1u9UmznO7Lakic/e+h3MMLMvbQt",
"f2026142-f826-4bad-9b83-37e52e1e1b11","NIWO_001.basePlot.bet","D13","NIWO","NIWO_001","E","2015-07-28","2015-08-11","2015-08-12","2016-11-07","2016-11-07","NIWO_001.E.20150811","fp9n17d9YyFql4/PPIwcasBlgDnWyu3rGWe/Z3mXqHI=","carabid","OTHE","Carabidae sp.","family",,"Latreille","D13.2015.MorphO",20,"Lindroth, C. H. 1969. The ground-beetles (Carabidae, excl. Cicindelinae) of Canada and Alaska, parts 1-6. Opuscula E. Entomoligiska Sallskapet.","XZoPj1u9UmznO7Lakic/e+h3MMLMvbQt","XZoPj1u9UmznO7Lakic/e+h3MMLMvbQt",
"c76a62fc-6e2e-4f5a-9dcb-b8432b5a61b2","NIWO_001.basePlot.bet","D13","NIWO","NIWO_001","E","2015-07-28","2015-08-11","2015-08-12","2016-11-07","2016-11-07","NIWO_001.E.20150811","fp9n17d9YyFql4/PPIwcatzRmsQ7TCy0n0GefiqBzK8=","carabid","CYMUNI1","Cymindis unicolor","species",,"Kirby",,1,"Lindroth, C. H. 1969. The ground-beetles (Carabidae, excl. Cicindelinae) of Canada and Alaska, parts 1-6. Opuscula E. Entomoligiska Sallskapet.","XZoPj1u9UmznO7Lakic/e+h3MMLMvbQt","XZoPj1u9UmznO7Lakic/e+h3MMLMvbQt",
"c01998d1-aee8-4578-bdae-b061e0bced7d","NIWO_001.basePlot.bet","D13","NIWO","NIWO_001","N","2015-07-28","2015-08-11","2015-08-12","2016-11-07","2016-11-07","NIWO_001.N.20150811","fp9n17d9YyG54himxS8ErT0BRCVZPqGV/6EVjWJC3H0=","carabid","OTHE","Carabidae sp.","family",,"Latreille","D13.2015.MorphO",4,"Lindroth, C. H. 1969. The ground-beetles (Carabidae, excl. Cicindelinae) of Canada and Alaska, parts 1-6. Opuscula E. Entomoligiska Sallskapet.","s/lmw0PcTzR4Bmy/yhclYeu7XYLZW004","XZoPj1u9UmznO7Lakic/e+h3MMLMvbQt",
"822cc5cd-2784-477a-8122-bf30577e50be","NIWO_001.basePlot.bet","D13","NIWO","NIWO_001","E","2015-07-28","2015-08-11","2015-08-12","2016-11-07","2016-11-10","NIWO_001.E.20150811","fp9n17d9YyFql4/PPIwcaqctXlOqBwWYaq8QkUAj+b8=","carabid","DISPAR1","Discoderus parallelus","species","cf. species","Haldeman",,1,"Lindroth, C. H. 1969. The ground-beetles (Carabidae, excl. Cicindelinae) of Canada and Alaska, parts 1-6. Opuscula E. Entomoligiska Sallskapet.","XZoPj1u9UmznO7Lakic/e+h3MMLMvbQt","XZoPj1u9UmznO7Lakic/e+h3MMLMvbQt","Lindroth only provides description for Discoderus parallelus however Bousquet's Catalogue lists 4 Discoderus species that are in Colorado. Without having adequate information on other species I have called this one is D. parallelus"
"4f50fc43-6866-482a-a605-d66b6d12caf2","NIWO_001.basePlot.bet","D13","NIWO","NIWO_001","N","2015-07-28","2015-08-11","2015-08-12","2016-08-05",,"NIWO_001.N.20150811","fp9n17d9YyG54himxS8Erfiw7wuP0ik/jEbed+BstVI=","invert bycatch",,,,,,,,,,"XZoPj1u9UmznO7Lakic/e+h3MMLMvbQt",
"1f8e0f98-63b8-44c3-a2e3-1746e62aff2d","NIWO_001.basePlot.bet","D13","NIWO","NIWO_001","E","2015-07-28","2015-08-11","2015-08-12","2016-08-05",,"NIWO_001.E.20150811","fp9n17d9YyFql4/PPIwcatuKIF8MhlwjonlqFKRzWyo=","invert bycatch",,,,,,,,,,"XZoPj1u9UmznO7Lakic/e+h3MMLMvbQt",
"9d094e71-f83b-438f-881f-c7bfda1df7f9","NIWO_001.basePlot.bet","D13","NIWO","NIWO_001","S","2015-07-28","2015-08-11","2015-08-12","2016-08-05",,"NIWO_001.S.20150811","fp9n17d9YyHDV4GhMX9L5OYkyd+FjXBaXMVF1/s3NBo=","invert bycatch",,,,,,,,,,"XZoPj1u9UmznO7Lakic/e+h3MMLMvbQt",
"e552e9ac-69e0-42ea-a551-544888728609","NIWO_006.basePlot.bet","D13","NIWO","NIWO_006","N","2015-07-28","2015-08-11","2015-08-12","2016-08-09",,"NIWO_006.N.20150811","/HCA//l5a79y9FQni434g6LfdYljaOIhYhsrHeyXoB8=","invert bycatch",,,,,,,,,,"9LLQP2zAGBxvuMR8VfqNBDkoxuflTlB1mTYNJb/lQSw=",
"9ae92ed5-fae9-4920-8760-8347476eb5b7","NIWO_006.basePlot.bet","D13","NIWO","NIWO_006","N","2015-07-28","2015-08-11","2015-08-12","2016-11-10","2016-11-10","NIWO_006.N.20150811","/HCA//l5a79y9FQni434gzPxXMsjrREysgcF865/ZAA=","carabid","CARTAE","Carabus taedatus","species",,"Fabricius",,1,"Lindroth, C. H. 1969. The ground-beetles (Carabidae, excl. Cicindelinae) of Canada and Alaska, parts 1-6. Opuscula E. Entomoligiska Sallskapet.","s/lmw0PcTzR4Bmy/yhclYeu7XYLZW004","9LLQP2zAGBxvuMR8VfqNBDkoxuflTlB1mTYNJb/lQSw=",
"00fa5cde-080f-4215-af0d-05e7e6cc33fe","NIWO_006.basePlot.bet","D13","NIWO","NIWO_006","E","2015-07-28","2015-08-11","2015-08-12","2016-08-09",,"NIWO_006.E.20150811","/HCA//l5a7/R8eac+Xr29o5Mh9HaDC8DcH4anOqrEIQ=","invert bycatch",,,,,,,,,,"9LLQP2zAGBxvuMR8VfqNBDkoxuflTlB1mTYNJb/lQSw=",
"80c298f1-b477-4273-bfcb-bf76ac4c84cf","NIWO_006.basePlot.bet","D13","NIWO","NIWO_006","W","2015-07-28","2015-08-11","2015-08-12","2016-08-09",,"NIWO_006.W.20150811","/HCA//l5a79/ynE56xJylNiEERPhDiGTKQwd4zxc260=","invert bycatch",,,,,,,,,,"9LLQP2zAGBxvuMR8VfqNBDkoxuflTlB1mTYNJb/lQSw=",
"66134fba-b9b8-4c42-8cbb-5c3db7b4f275","NIWO_006.basePlot.bet","D13","NIWO","NIWO_006","E","2015-07-28","2015-08-11","2015-08-12","2016-11-10","2016-11-10","NIWO_006.E.20150811","/HCA//l5a7/R8eac+Xr29s+/B01jQZMEI+6A6l6oC8Y=","carabid","AMAALP","Amara alpina","species",,"Paykull",,2,"Lindroth, C. H. 1969. The ground-beetles (Carabidae, excl. Cicindelinae) of Canada and Alaska, parts 1-6. Opuscula E. Entomoligiska Sallskapet.","s/lmw0PcTzR4Bmy/yhclYeu7XYLZW004","9LLQP2zAGBxvuMR8VfqNBDkoxuflTlB1mTYNJb/lQSw=",
"3c4e9e0c-4e80-4b72-aad5-5aaceadc9885","NIWO_006.basePlot.bet","D13","NIWO","NIWO_006","E","2015-07-28","2015-08-11","2015-08-12","2016-11-10","2016-11-10","NIWO_006.E.20150811","/HCA//l5a7/R8eac+Xr29qwyxSzp9TvqMuRNvQXaEXA=","carabid","CARTAE","Carabus taedatus","species",,"Fabricius",,1,"Lindroth, C. H. 1969. The ground-beetles (Carabidae, excl. Cicindelinae) of Canada and Alaska, parts 1-6. Opuscula E. Entomoligiska Sallskapet.","s/lmw0PcTzR4Bmy/yhclYeu7XYLZW004","9LLQP2zAGBxvuMR8VfqNBDkoxuflTlB1mTYNJb/lQSw=",
"97c0a5f5-0845-447c-a0b9-862a9380a88d","NIWO_006.basePlot.bet","D13","NIWO","NIWO_006","W","2015-07-28","2015-08-11","2015-08-12","2016-11-10","2016-11-10","NIWO_006.W.20150811","/HCA//l5a79/ynE56xJylCoY8bexDnFGMK0N9gECgfA=","carabid","CARTAE","Carabus taedatus","species",,"Fabricius",,1,"Lindroth, C. H. 1969. The ground-beetles (Carabidae, excl. Cicindelinae) of Canada and Alaska, parts 1-6. Opuscula E. Entomoligiska Sallskapet.","s/lmw0PcTzR4Bmy/yhclYeu7XYLZW004","9LLQP2zAGBxvuMR8VfqNBDkoxuflTlB1mTYNJb/lQSw=",
"a8d45e78-fb58-4d78-9345-5003a075a48d","NIWO_004.basePlot.bet","D13","NIWO","NIWO_004","S","2015-07-28","2015-08-11","2015-08-12","2016-08-08",,"NIWO_004.S.20150811","aRw+8bWvW/xPJ1WUnvg8OksxEZxtGFdhHaDR1qp2B+o=","invert bycatch",,,,,,,,,,"XZoPj1u9UmznO7Lakic/e+h3MMLMvbQt",
"55d5047f-9c41-4325-b931-d3431d0e081e","NIWO_006.basePlot.bet","D13","NIWO","NIWO_006","N","2015-07-28","2015-08-11","2015-08-12","2016-11-10","2016-11-10","NIWO_006.N.20150811","/HCA//l5a79y9FQni434g6VkXoZiqW9mmqjierdbB/g=","carabid","AMAALP","Amara alpina","species",,"Paykull",,1,"Lindroth, C. H. 1969. The ground-beetles (Carabidae, excl. Cicindelinae) of Canada and Alaska, parts 1-6. Opuscula E. Entomoligiska Sallskapet.","s/lmw0PcTzR4Bmy/yhclYeu7XYLZW004","9LLQP2zAGBxvuMR8VfqNBDkoxuflTlB1mTYNJb/lQSw=",
"08f1a390-a7d5-4f70-9a3b-eb3bea51efa5","NIWO_008.basePlot.bet","D13","NIWO","NIWO_008","E","2015-07-28","2015-08-11","2015-08-12","2016-11-11","2016-11-11","NIWO_008.E.20150811","5+aRVO2c2a7Ju/6v8LE/pJvVRPEZ8Wp0jvV0DIEquck=","carabid","CARTAE","Carabus taedatus","species",,"Fabricius",,6,"Lindroth, C. H. 1969. The ground-beetles (Carabidae, excl. Cicindelinae) of Canada and Alaska, parts 1-6. Opuscula E. Entomoligiska Sallskapet.","XZoPj1u9UmznO7Lakic/e+h3MMLMvbQt","9LLQP2zAGBxvuMR8VfqNBDkoxuflTlB1mTYNJb/lQSw=",
"deaa8240-c6ad-4be1-a080-81b78466d857","NIWO_004.basePlot.bet","D13","NIWO","NIWO_004","S","2015-07-28","2015-08-11","2015-08-12","2016-11-14","2016-11-15","NIWO_004.S.20150811","aRw+8bWvW/xPJ1WUnvg8OoBMBSiU5/oB1ad0sSomJwU=","carabid","HARNIG","Harpalus nigritarsis","species","cf. species","Sahlberg",,3,"Noonan, G. R. 1991. Classification, Cladistics, and Natural History of Native North American Harpalus Latreille (Insecta: Coleoptera: Carabidae: Harpalini), excluding subgenera Glanodes and Pseudophonus.","s/lmw0PcTzR4Bmy/yhclYeu7XYLZW004","XZoPj1u9UmznO7Lakic/e+h3MMLMvbQt","CS with Harpalus fulignosus. One specimen is female. approximately 1 mm larger than 2 males. Microsculpture much more evident. pronotum slightly different shape than males."
"15e310ab-8de9-496c-861c-fbf654e29e7f","NIWO_008.basePlot.bet","D13","NIWO","NIWO_008","E","2015-07-28","2015-08-11","2015-08-12","2016-11-14","2016-11-14","NIWO_008.E.20150811","5+aRVO2c2a7Ju/6v8LE/pKk/o66MOEN2FwbYvtxpQRw=","carabid","AMAQUE","Amara quenseli quenseli","subspecies",,"Schonherr",,1,"Lindroth, C. H. 1969. The ground-beetles (Carabidae, excl. Cicindelinae) of Canada and Alaska, parts 1-6. Opuscula E. Entomoligiska Sallskapet.","XZoPj1u9UmznO7Lakic/e+h3MMLMvbQt","9LLQP2zAGBxvuMR8VfqNBDkoxuflTlB1mTYNJb/lQSw=",
"6522c109-c1b8-40a6-a885-008a0ce2629a","NIWO_008.basePlot.bet","D13","NIWO","NIWO_008","E","2015-07-28","2015-08-11","2015-08-12","2016-11-11","2016-11-11","NIWO_008.E.20150811","5+aRVO2c2a7Ju/6v8LE/pJvVRPEZ8Wp0cxkQPOTrMng=","carabid","CARTAE","Carabus taedatus","species",,"Fabricius",,5,"Lindroth, C. H. 1969. The ground-beetles (Carabidae, excl. Cicindelinae) of Canada and Alaska, parts 1-6. Opuscula E. Entomoligiska Sallskapet.","XZoPj1u9UmznO7Lakic/e+h3MMLMvbQt","9LLQP2zAGBxvuMR8VfqNBDkoxuflTlB1mTYNJb/lQSw=",
"580a0b3d-854c-4284-b3db-e56b6ea82e9a","NIWO_008.basePlot.bet","D13","NIWO","NIWO_008","E","2015-07-28","2015-08-11","2015-08-12","2016-08-09",,"NIWO_008.E.20150811","5+aRVO2c2a7Ju/6v8LE/pBm427kTKDOyI04GzoraIa4=","invert bycatch",,,,,,,,,,"9LLQP2zAGBxvuMR8VfqNBDkoxuflTlB1mTYNJb/lQSw=",
"b5b3d1c7-0016-4c7d-8f16-de0c261e0bc8","NIWO_005.basePlot.bet","D13","NIWO","NIWO_005","N","2015-07-28","2015-08-11","2015-08-12","2016-11-10","2016-11-10","NIWO_005.N.20150811","06Y8b7qnWrtKMYVGHYy4+g3CpT9IR69/WWZq26Z4PRI=","carabid","CALADV","Calathus advena","species",,"LeConte",,1,"Lindroth, C. H. 1969. The ground-beetles (Carabidae, excl. Cicindelinae) of Canada and Alaska, parts 1-6. Opuscula E. Entomoligiska Sallskapet.","s/lmw0PcTzR4Bmy/yhclYeu7XYLZW004","XZoPj1u9UmznO7Lakic/e+h3MMLMvbQt",
"e59bdd70-629d-41af-a3df-1a359f8f1793","NIWO_002.basePlot.bet","D13","NIWO","NIWO_002","W","2015-07-28","2015-08-11","2015-08-12","2016-08-08",,"NIWO_002.W.20150811","Yxxla30BRinMShdElcd2E9HBH+IDr8LMMSp7f/xgUCM=","invert bycatch",,,,,,,,,,"XZoPj1u9UmznO7Lakic/e+h3MMLMvbQt",
"184acdcf-5ca6-4e8b-bc8b-066f15ad2015","NIWO_005.basePlot.bet","D13","NIWO","NIWO_005","N","2015-07-28","2015-08-11","2015-08-12","2016-08-08",,"NIWO_005.N.20150811","06Y8b7qnWrtKMYVGHYy4+obQPLqSPxAHyiS62WKsBOM=","invert bycatch",,,,,,,,,,"XZoPj1u9UmznO7Lakic/e+h3MMLMvbQt",
"5134ad69-433c-45c6-94c2-4b461375a87a","NIWO_005.basePlot.bet","D13","NIWO","NIWO_005","W","2015-07-28","2015-08-11","2015-08-12","2016-08-08",,"NIWO_005.W.20150811","06Y8b7qnWrtXKYveLFBULCbUjMC5doaTqSFU+GVC8t0=","invert bycatch",,,,,,,,,,"XZoPj1u9UmznO7Lakic/e+h3MMLMvbQt",
"aa7523b0-f8df-4440-8884-08a2dff02d62","NIWO_005.basePlot.bet","D13","NIWO","NIWO_005","N","2015-07-28","2015-08-11","2015-08-12","2016-11-10","2016-11-10","NIWO_005.N.20150811","06Y8b7qnWrtKMYVGHYy4+k3m328kcC7r+WDrQGCG3a8=","carabid","CYMUNI1","Cymindis unicolor","species",,"Kirby",,1,"Lindroth, C. H. 1969. The ground-beetles (Carabidae, excl. Cicindelinae) of Canada and Alaska, parts 1-6. Opuscula E. Entomoligiska Sallskapet.","s/lmw0PcTzR4Bmy/yhclYeu7XYLZW004","XZoPj1u9UmznO7Lakic/e+h3MMLMvbQt",
"0447f4e4-e1bb-4b71-bcf8-ff481aa11561","NIWO_004.basePlot.bet","D13","NIWO","NIWO_004","N","2015-07-28","2015-08-11","2015-08-12","2016-11-14","2016-11-14","NIWO_004.N.20150811","aRw+8bWvW/xB0g5tp1LHGdUgNVtIS+seoqQ2ZFRkL9E=","carabid","HARNIG","Harpalus nigritarsis","species","cf. species","Sahlberg",,1,"Noonan, G. R. 1991. Classification, Cladistics, and Natural History of Native North American Harpalus Latreille (Insecta: Coleoptera: Carabidae: Harpalini), excluding subgenera Glanodes and Pseudophonus.","XZoPj1u9UmznO7Lakic/e+h3MMLMvbQt","XZoPj1u9UmznO7Lakic/e+h3MMLMvbQt","Working through Noonan 1991 I came to H. nigritarsis but working through Lindroth's key I came to H. fulignosus or H. seclusus . Based on geographic distribution I went with H. nigritarsis."
"8075c3e8-d1a2-4640-8578-18bfe6848643","NIWO_004.basePlot.bet","D13","NIWO","NIWO_004","E","2015-07-28","2015-08-11","2015-08-12","2016-11-14","2016-11-14","NIWO_004.E.20150811","aRw+8bWvW/wOIENap0etmXKeBCYxxK8W/rUFtRWrnlY=","carabid","AMAAPR","Amara apricaria","species","cf. species","Paykull",,1,"Lindroth, C. H. 1969. The ground-beetles (Carabidae, excl. Cicindelinae) of Canada and Alaska, parts 1-6. Opuscula E. Entomoligiska Sallskapet.","s/lmw0PcTzR4Bmy/yhclYeu7XYLZW004","XZoPj1u9UmznO7Lakic/e+h3MMLMvbQt","This Amara subgenus Bradytus has the prothorax of A. schwarzi and not A. apricaria however it has the punctate fovea of prosternum in A. apricaria and not A. schwarzi. It could be A. lindrothi."
"799b1d9d-a668-4083-b4fd-2c6f3d4e1f6d","NIWO_004.basePlot.bet","D13","NIWO","NIWO_004","E","2015-07-28","2015-08-11","2015-08-12","2016-08-08",,"NIWO_004.E.20150811","aRw+8bWvW/wOIENap0etmfYv6QazOq/lcMvaxEUtgOs=","invert bycatch",,,,,,,,,,"XZoPj1u9UmznO7Lakic/e+h3MMLMvbQt",
"c812cc59-7a3d-4555-8039-92234ded7734","NIWO_004.basePlot.bet","D13","NIWO","NIWO_004","N","2015-07-28","2015-08-11","2015-08-12","2016-08-08",,"NIWO_004.N.20150811","aRw+8bWvW/xB0g5tp1LHGbco8f+GWi1suxmb0SF7lJo=","invert bycatch",,,,,,,,,,"XZoPj1u9UmznO7Lakic/e+h3MMLMvbQt",
"cd7fa4e8-b252-4848-a40c-28046b4e5a9c","NIWO_004.basePlot.bet","D13","NIWO","NIWO_004","W","2015-07-28","2015-08-11","2015-08-12","2016-08-08",,"NIWO_004.W.20150811","aRw+8bWvW/yBjQW8FRnBY31WiTmlEwMtz1uOWuq+A9Y=","invert bycatch",,,,,,,,,,"XZoPj1u9UmznO7Lakic/e+h3MMLMvbQt",
"6c2a6345-832f-4e85-b813-cc7f10e2409c","NIWO_009.basePlot.bet","D13","NIWO","NIWO_009","N","2015-08-11","2015-08-25","2015-08-26","2016-08-16",,"NIWO_009.N.20150825","ta53RQUlpj4uM1+qziUhauez2Am+LoS4AAlZPzdkbws=","invert bycatch",,,,,,,,,,"9LLQP2zAGBxvuMR8VfqNBDkoxuflTlB1mTYNJb/lQSw=",
"88553f0f-8ef8-405f-8fcc-8bd745654183","NIWO_009.basePlot.bet","D13","NIWO","NIWO_009","S","2015-08-11","2015-08-25","2015-08-26","2016-11-16","2016-11-17","NIWO_009.S.20150825","ta53RQUlpj5UBMvJyahkRUPztUZPggvee1EYhlM4Eyw=","carabid","CALADV","Calathus advena","species",,"LeConte",,1,"Lindroth, C. H. 1969. The ground-beetles (Carabidae, excl. Cicindelinae) of Canada and Alaska, parts 1-6. Opuscula E. Entomoligiska Sallskapet.","s/lmw0PcTzR4Bmy/yhclYeu7XYLZW004","9LLQP2zAGBxvuMR8VfqNBDkoxuflTlB1mTYNJb/lQSw=",
"b72f5cb1-deb7-49ad-9453-a8dfd9aafa65","NIWO_005.basePlot.bet","D13","NIWO","NIWO_005","E","2015-08-11","2015-08-25","2015-08-26","2016-11-16","2016-11-16","NIWO_005.E.20150825","06Y8b7qnWrtrUXq6Cek0DDlPvOEeG9egy5g1ZxUjUCk=","carabid","OTHE","Carabidae sp.","family",,"Latreille","D13.2015.MorphO",1,"Lindroth, C. H. 1969. The ground-beetles (Carabidae, excl. Cicindelinae) of Canada and Alaska, parts 1-6. Opuscula E. Entomoligiska Sallskapet.","s/lmw0PcTzR4Bmy/yhclYeu7XYLZW004","XZoPj1u9UmznO7Lakic/e+h3MMLMvbQt",
"43d60017-3235-438a-b1ea-77d980ea1fb6","NIWO_005.basePlot.bet","D13","NIWO","NIWO_005","E","2015-08-11","2015-08-25","2015-08-26","2016-08-15",,"NIWO_005.E.20150825","06Y8b7qnWrtrUXq6Cek0DO8nxJKfj4lbOyh/L6I4YOs=","invert bycatch",,,,,,,,,,"XZoPj1u9UmznO7Lakic/e+h3MMLMvbQt",
"ec13ab28-7bdb-4b0e-87b8-379aef491616","NIWO_002.basePlot.bet","D13","NIWO","NIWO_002","N","2015-08-11","2015-08-25","2015-08-26","2016-11-15","2016-11-15","NIWO_002.N.20150825","Yxxla30BRilk/hATSF9Ypmf1dtiUYyRWQR2JvlqiD5Y=","carabid","OTHE","Carabidae sp.","family",,"Latreille","D13.2015.MorphO",6,"Lindroth, C. H. 1969. The ground-beetles (Carabidae, excl. Cicindelinae) of Canada and Alaska, parts 1-6. Opuscula E. Entomoligiska Sallskapet.","XZoPj1u9UmznO7Lakic/e+h3MMLMvbQt","XZoPj1u9UmznO7Lakic/e+h3MMLMvbQt",
"0db8da16-6c67-4d20-af2a-f13b079183f0","NIWO_005.basePlot.bet","D13","NIWO","NIWO_005","W","2015-08-11","2015-08-25","2015-08-26","2016-08-15",,"NIWO_005.W.20150825","06Y8b7qnWrtXKYveLFBULEBIgZXvxp+X80gFnnJeBI0=","invert bycatch",,,,,,,,,,"XZoPj1u9UmznO7Lakic/e+h3MMLMvbQt",
"a53c2e98-d610-40c3-bc42-229846540c36","NIWO_005.basePlot.bet","D13","NIWO","NIWO_005","W","2015-08-11","2015-08-25","2015-08-26","2016-11-16","2016-11-16","NIWO_005.W.20150825","06Y8b7qnWrtXKYveLFBULNYB9R+wzaOEkq87gd+21I4=","carabid","OTHE","Carabidae sp.","family",,"Latreille","D13.2015.MorphO",1,"Lindroth, C. H. 1969. The ground-beetles (Carabidae, excl. Cicindelinae) of Canada and Alaska, parts 1-6. Opuscula E. Entomoligiska Sallskapet.","s/lmw0PcTzR4Bmy/yhclYeu7XYLZW004","XZoPj1u9UmznO7Lakic/e+h3MMLMvbQt",
"5e19fc8b-b2df-41dc-a980-8c565b6c5f1d","NIWO_002.basePlot.bet","D13","NIWO","NIWO_002","N","2015-08-11","2015-08-25","2015-08-26","2016-11-15","2016-11-15","NIWO_002.N.20150825","Yxxla30BRilk/hATSF9Ypmsb776Kf+HQnRDYXhX0UfQ=","carabid","CALADV","Calathus advena","species",,"LeConte",,1,"Lindroth, C. H. 1969. The ground-beetles (Carabidae, excl. Cicindelinae) of Canada and Alaska, parts 1-6. Opuscula E. Entomoligiska Sallskapet.","XZoPj1u9UmznO7Lakic/e+h3MMLMvbQt","XZoPj1u9UmznO7Lakic/e+h3MMLMvbQt",
"0a7f555f-06a7-445d-bd97-8d5dc583d7c5","NIWO_002.basePlot.bet","D13","NIWO","NIWO_002","N","2015-08-11","2015-08-25","2015-08-26","2016-08-11",,"NIWO_002.N.20150825","Yxxla30BRilk/hATSF9YppO4dEPDXXAD/Ko4ps/EsPg=","invert bycatch",,,,,,,,,,"XZoPj1u9UmznO7Lakic/e+h3MMLMvbQt",
"28b9e82d-aa46-47cc-b9e5-d163cbce7260","NIWO_006.basePlot.bet","D13","NIWO","NIWO_006","E","2015-08-11","2015-08-25","2015-08-26","2016-11-15","2016-11-16","NIWO_006.E.20150825","/HCA//l5a7/R8eac+Xr29vF7+y+r+QMaFGcC0XW7rd0=","carabid","CARTAE","Carabus taedatus","species",,"Fabricius",,5,"Lindroth, C. H. 1969. The ground-beetles (Carabidae, excl. Cicindelinae) of Canada and Alaska, parts 1-6. Opuscula E. Entomoligiska Sallskapet.","s/lmw0PcTzR4Bmy/yhclYeu7XYLZW004","XZoPj1u9UmznO7Lakic/e+h3MMLMvbQt",
"791d825b-931a-45d4-a24d-8d48fc895c4c","NIWO_001.basePlot.bet","D13","NIWO","NIWO_001","W","2015-08-11","2015-08-25","2015-08-26","2016-08-11",,"NIWO_001.W.20150825","fp9n17d9YyEhoHxM9Q6c8mewZRLmvAVCDfqnRmsK66A=","invert bycatch",,,,,,,,,,"9LLQP2zAGBxvuMR8VfqNBDkoxuflTlB1mTYNJb/lQSw=",
"ca5fb9de-2a4a-48d9-8590-c98eac9d1216","NIWO_001.basePlot.bet","D13","NIWO","NIWO_001","S","2015-08-11","2015-08-25","2015-08-26","2016-08-11",,"NIWO_001.S.20150825","fp9n17d9YyHDV4GhMX9L5M9PRxUg6Sl6Gksk3Px6Mv8=","invert bycatch",,,,,,,,,,"9LLQP2zAGBxvuMR8VfqNBDkoxuflTlB1mTYNJb/lQSw=",
"3f84cf0e-e354-45fe-8bab-38642a79a0cb","NIWO_007.basePlot.bet","D13","NIWO","NIWO_007","E","2015-08-11","2015-08-25","2015-08-26","2016-08-15",,"NIWO_007.E.20150825","S04lt30Ahx8lo/Eol1ieZUFNeId/5N5dxjYwhVC6UnE=","invert bycatch",,,,,,,,,,"XZoPj1u9UmznO7Lakic/e+h3MMLMvbQt",
"3abf18fa-1fdd-45aa-a8ce-1e3c6d5b5224","NIWO_006.basePlot.bet","D13","NIWO","NIWO_006","S","2015-08-11","2015-08-25","2015-08-26","2016-08-15",,"NIWO_006.S.20150825","/HCA//l5a79xspR2rESkgD+teyslMOCsiLr2Ha4ZybI=","invert bycatch",,,,,,,,,,"XZoPj1u9UmznO7Lakic/e+h3MMLMvbQt",
"638a662f-d49d-48d2-9508-ef53a97d8518","NIWO_006.basePlot.bet","D13","NIWO","NIWO_006","E","2015-08-11","2015-08-25","2015-08-26","2016-08-15",,"NIWO_006.E.20150825","/HCA//l5a7/R8eac+Xr29h0RBN2tLhz9ZcqzNaal4gU=","invert bycatch",,,,,,,,,,"XZoPj1u9UmznO7Lakic/e+h3MMLMvbQt",
"405998f0-8228-4f5a-bf06-2fbc85e1eec6","NIWO_006.basePlot.bet","D13","NIWO","NIWO_006","N","2015-08-11","2015-08-25","2015-08-26","2016-11-15","2016-11-16","NIWO_006.N.20150825","/HCA//l5a79y9FQni434g8VN3z49zMjlFXYbjHEz5i4=","carabid","AMAALP","Amara alpina","species",,"Paykull",,1,"Lindroth, C. H. 1969. The ground-beetles (Carabidae, excl. Cicindelinae) of Canada and Alaska, parts 1-6. Opuscula E. Entomoligiska Sallskapet.","s/lmw0PcTzR4Bmy/yhclYeu7XYLZW004","XZoPj1u9UmznO7Lakic/e+h3MMLMvbQt","This Amara alpina has black elytra"
"e6738f28-f302-4d02-b2d4-3bb159f737c8","NIWO_006.basePlot.bet","D13","NIWO","NIWO_006","N","2015-08-11","2015-08-25","2015-08-26","2016-11-15","2016-11-16","NIWO_006.N.20150825","/HCA//l5a79y9FQni434g+3vg/tOZXcC0L9gvPFKpFI=","carabid","CARTAE","Carabus taedatus","species",,"Fabricius",,3,"Lindroth, C. H. 1969. The ground-beetles (Carabidae, excl. Cicindelinae) of Canada and Alaska, parts 1-6. Opuscula E. Entomoligiska Sallskapet.","s/lmw0PcTzR4Bmy/yhclYeu7XYLZW004","XZoPj1u9UmznO7Lakic/e+h3MMLMvbQt",
"51529715-b9e3-4794-a968-533ee080056e","NIWO_006.basePlot.bet","D13","NIWO","NIWO_006","S","2015-08-11","2015-08-25","2015-08-26","2016-11-16","2016-11-16","NIWO_006.S.20150825","/HCA//l5a79xspR2rESkgDy0zGoUvTZbFcrw5KRjomM=","carabid","CARTAE","Carabus taedatus","species",,"Fabricius",,1,"Lindroth, C. H. 1969. The ground-beetles (Carabidae, excl. Cicindelinae) of Canada and Alaska, parts 1-6. Opuscula E. Entomoligiska Sallskapet.","XZoPj1u9UmznO7Lakic/e+h3MMLMvbQt","XZoPj1u9UmznO7Lakic/e+h3MMLMvbQt",
"63989207-642f-44a2-b73f-73c7c201cf00","NIWO_006.basePlot.bet","D13","NIWO","NIWO_006","N","2015-08-11","2015-08-25","2015-08-26","2016-08-15",,"NIWO_006.N.20150825","/HCA//l5a79y9FQni434gyiKPjIUgGDW/z11jFh6FbI=","invert bycatch",,,,,,,,,,"XZoPj1u9UmznO7Lakic/e+h3MMLMvbQt",
"899a2845-64dd-4ba5-a17f-7ffa35fe995e","NIWO_006.basePlot.bet","D13","NIWO","NIWO_006","W","2015-08-11","2015-08-25","2015-08-26","2016-08-15",,"NIWO_006.W.20150825","/HCA//l5a79/ynE56xJylHA/GUNNiwhOqyl/XrX3tUY=","invert bycatch",,,,,,,,,,"XZoPj1u9UmznO7Lakic/e+h3MMLMvbQt","A small amount of invertebrate bycatch spilled. The bycatch mostly contained springtails"
"3d027e90-8156-42e2-aedc-fb83489c4d86","NIWO_009.basePlot.bet","D13","NIWO","NIWO_009","W","2015-08-11","2015-08-25","2015-08-26","2016-08-16",,"NIWO_009.W.20150825","ta53RQUlpj50LdnQTRdA6EPe5Ux4nRdVimPrp4rd6DI=","invert bycatch",,,,,,,,,,"9LLQP2zAGBxvuMR8VfqNBDkoxuflTlB1mTYNJb/lQSw=",
"a095dbc2-5a5b-468e-b8d2-566fe6865b97","NIWO_003.basePlot.bet","D13","NIWO","NIWO_003","W","2015-08-11","2015-08-25","2015-08-26","2016-08-11",,"NIWO_003.W.20150825","ZRQ9gNwmgylLFtb2kQGvQ0fkMtHKCD/L2swOkDFmOPY=","invert bycatch",,,,,,,,,,"9LLQP2zAGBxvuMR8VfqNBDkoxuflTlB1mTYNJb/lQSw=",
"0451398d-f343-4ceb-aeb1-c0d40e505d55","NIWO_003.basePlot.bet","D13","NIWO","NIWO_003","W","2015-08-11","2015-08-25","2015-08-26","2016-11-15","2016-11-15","NIWO_003.W.20150825","ZRQ9gNwmgylLFtb2kQGvQ0Ae2F3eqSPm8DTQyVNrIrk=","carabid","CARTAE","Carabus taedatus","species",,"Fabricius",,2,"Lindroth, C. H. 1969. The ground-beetles (Carabidae, excl. Cicindelinae) of Canada and Alaska, parts 1-6. Opuscula E. Entomoligiska Sallskapet.","XZoPj1u9UmznO7Lakic/e+h3MMLMvbQt","9LLQP2zAGBxvuMR8VfqNBDkoxuflTlB1mTYNJb/lQSw=",
"4f6eabf7-e38d-4c20-b9d1-4483a66d6798","NIWO_003.basePlot.bet","D13","NIWO","NIWO_003","S","2015-08-11","2015-08-25","2015-08-26","2016-11-15","2016-11-15","NIWO_003.S.20150825","ZRQ9gNwmgykmJ0A4JTWHpMpJsyP1FoZjTU6sLRSKdtQ=","carabid","CARTAE","Carabus taedatus","species",,"Fabricius",,1,"Lindroth, C. H. 1969. The ground-beetles (Carabidae, excl. Cicindelinae) of Canada and Alaska, parts 1-6. Opuscula E. Entomoligiska Sallskapet.","XZoPj1u9UmznO7Lakic/e+h3MMLMvbQt","9LLQP2zAGBxvuMR8VfqNBDkoxuflTlB1mTYNJb/lQSw=",
"da370865-8bda-4c08-917e-f4c4702246ea","NIWO_003.basePlot.bet","D13","NIWO","NIWO_003","W","2015-08-11","2015-08-25","2015-08-26","2015-11-15","2015-11-15","NIWO_003.W.20150825","ZRQ9gNwmgylLFtb2kQGvQ092nlNNS25TuZfPArb3jXA=","carabid","AMAQUE","Amara quenseli quenseli","subspecies",,"Schonherr",,3,"Lindroth, C. H. 1969. The ground-beetles (Carabidae, excl. Cicindelinae) of Canada and Alaska, parts 1-6. Opuscula E. Entomoligiska Sallskapet.","XZoPj1u9UmznO7Lakic/e+h3MMLMvbQt","9LLQP2zAGBxvuMR8VfqNBDkoxuflTlB1mTYNJb/lQSw=",
"fc025ee0-e638-4890-8a29-5a17a109fcf7","NIWO_003.basePlot.bet","D13","NIWO","NIWO_003","S","2015-08-11","2015-08-25","2015-08-26","2016-11-15","2016-11-15","NIWO_003.S.20150825","ZRQ9gNwmgykmJ0A4JTWHpAdsJtcNEjNsMO52ykxn20c=","carabid","AMAQUE","Amara quenseli quenseli","subspecies",,"Schonherr",,1,"Lindroth, C. H. 1969. The ground-beetles (Carabidae, excl. Cicindelinae) of Canada and Alaska, parts 1-6. Opuscula E. Entomoligiska Sallskapet.","XZoPj1u9UmznO7Lakic/e+h3MMLMvbQt","9LLQP2zAGBxvuMR8VfqNBDkoxuflTlB1mTYNJb/lQSw=",
"0c7faad6-c930-432d-b9c6-86be931284d5","NIWO_003.basePlot.bet","D13","NIWO","NIWO_003","S","2015-08-11","2015-08-25","2015-08-26","2016-08-11",,"NIWO_003.S.20150825","ZRQ9gNwmgykmJ0A4JTWHpDXwOqYnftFYb6jtQRGoglY=","invert bycatch",,,,,,,,,,"9LLQP2zAGBxvuMR8VfqNBDkoxuflTlB1mTYNJb/lQSw=",
"6b385ca8-b841-4ad1-82d5-51ab7ef4a60c","NIWO_004.basePlot.bet","D13","NIWO","NIWO_004","E","2015-08-11","2015-08-25","2015-08-26","2016-11-15","2016-11-15","NIWO_004.E.20150825","aRw+8bWvW/wOIENap0etmTN6quaL25wv/wzFKtg1m+s=","carabid","HARNIG","Harpalus nigritarsis","species","cf. species","Sahlberg",,1,"Noonan, G. R. 1991. Classification, Cladistics, and Natural History of Native North American Harpalus Latreille (Insecta: Coleoptera: Carabidae: Harpalini), excluding subgenera Glanodes and Pseudophonus.","XZoPj1u9UmznO7Lakic/e+h3MMLMvbQt","XZoPj1u9UmznO7Lakic/e+h3MMLMvbQt","CS with Harpalus fulignosus"
"c8135d14-7518-4704-80f1-b4f6c92afd17","NIWO_004.basePlot.bet","D13","NIWO","NIWO_004","W","2015-08-11","2015-08-25","2015-08-26","2016-08-11",,"NIWO_004.W.20150825","aRw+8bWvW/yBjQW8FRnBYz4pjg35Hb4sH/v0h6wufdQ=","invert bycatch",,,,,,,,,,"XZoPj1u9UmznO7Lakic/e+h3MMLMvbQt",
"4b1915ae-8d10-4919-8cdc-455e2588b11b","NIWO_004.basePlot.bet","D13","NIWO","NIWO_004","N","2015-08-11","2015-08-25","2015-08-26","2016-08-11",,"NIWO_004.N.20150825","aRw+8bWvW/xB0g5tp1LHGfuVf1XKHK/j6lCcZDoabA0=","invert bycatch",,,,,,,,,,"XZoPj1u9UmznO7Lakic/e+h3MMLMvbQt",
"a13c5c03-e097-4b0b-88fa-d7ff528b6824","NIWO_004.basePlot.bet","D13","NIWO","NIWO_004","E","2015-08-11","2015-08-25","2015-08-26","2016-11-15","2016-11-15","NIWO_004.E.20150825","aRw+8bWvW/wOIENap0etmb6Gltc8ri0iOiSJsQt25tY=","carabid","CYMUNI1","Cymindis unicolor","species",,"Kirby",,1,"Lindroth, C. H. 1969. The ground-beetles (Carabidae, excl. Cicindelinae) of Canada and Alaska, parts 1-6. Opuscula E. Entomoligiska Sallskapet.","XZoPj1u9UmznO7Lakic/e+h3MMLMvbQt","XZoPj1u9UmznO7Lakic/e+h3MMLMvbQt",
"e1f427aa-a5d6-4616-aa57-6566d6bc3ac1","NIWO_008.basePlot.bet","D13","NIWO","NIWO_008","W","2015-08-11","2015-08-25","2015-08-26","2016-08-16",,"NIWO_008.W.20150825","5+aRVO2c2a7tyUr5BvACjFl4hskDG6C6gPFZ2mZIzB8=","invert bycatch",,,,,,,,,,"XZoPj1u9UmznO7Lakic/e+h3MMLMvbQt",
"46f38c44-b5cc-4a54-a5cc-edc8b5cc4f92","NIWO_008.basePlot.bet","D13","NIWO","NIWO_008","W","2015-08-11","2015-08-25","2015-08-26","2016-11-16","2016-11-16","NIWO_008.W.20150825","5+aRVO2c2a7tyUr5BvACjOeqgqoWRrI/E3W6cBO8Jfc=","carabid","AMAQUE","Amara quenseli quenseli","subspecies",,"Schonherr",,3,"Lindroth, C. H. 1969. The ground-beetles (Carabidae, excl. Cicindelinae) of Canada and Alaska, parts 1-6. Opuscula E. Entomoligiska Sallskapet.","s/lmw0PcTzR4Bmy/yhclYeu7XYLZW004","XZoPj1u9UmznO7Lakic/e+h3MMLMvbQt",
"a079ae17-acfa-447b-b7f0-9203eec07a76","NIWO_004.basePlot.bet","D13","NIWO","NIWO_004","E","2015-08-11","2015-08-25","2015-08-26","2016-08-11",,"NIWO_004.E.20150825","aRw+8bWvW/wOIENap0etmQdS/o2unMAE5ZotyNRc7Tk=","invert bycatch",,,,,,,,,,"XZoPj1u9UmznO7Lakic/e+h3MMLMvbQt",
"390de2ad-d5b2-49f3-98ed-5d0802e48ea3","NIWO_002.basePlot.bet","D13","NIWO","NIWO_002","W","2015-08-11","2015-08-25","2015-08-26","2016-08-11",,"NIWO_002.W.20150825","Yxxla30BRinMShdElcd2EzmhLzlhdZssULzQGjfXkYc=","invert bycatch",,,,,,,,,,"XZoPj1u9UmznO7Lakic/e+h3MMLMvbQt",
"9efe17cd-b232-40bd-8349-e966a828096f","NIWO_008.basePlot.bet","D13","NIWO","NIWO_008","W","2015-08-11","2015-08-25","2015-08-26","2016-11-16","2016-11-16","NIWO_008.W.20150825","5+aRVO2c2a7tyUr5BvACjB+qbPDvjaY/0ZUkz6TCFco=","carabid","CARTAE","Carabus taedatus","species",,"Fabricius",,4,"Lindroth, C. H. 1969. The ground-beetles (Carabidae, excl. Cicindelinae) of Canada and Alaska, parts 1-6. Opuscula E. Entomoligiska Sallskapet.","s/lmw0PcTzR4Bmy/yhclYeu7XYLZW004","XZoPj1u9UmznO7Lakic/e+h3MMLMvbQt",
"548398d2-ec7d-4cc3-953d-59370adca837","NIWO_008.basePlot.bet","D13","NIWO","NIWO_008","S","2015-08-11","2015-08-25","2015-08-26","2016-11-16","2016-11-16","NIWO_008.S.20150825","5+aRVO2c2a4fZXmRIIT3KVVu+qRqJRVw6iUnPuggprI=","carabid","CYMUNI1","Cymindis unicolor","species","cf. species","Kirby",,2,"Lindroth, C. H. 1969. The ground-beetles (Carabidae, excl. Cicindelinae) of Canada and Alaska, parts 1-6. Opuscula E. Entomoligiska Sallskapet.","XZoPj1u9UmznO7Lakic/e+h3MMLMvbQt","9LLQP2zAGBxvuMR8VfqNBDkoxuflTlB1mTYNJb/lQSw=","cs with Cymindis borealis"
"e8c5f24a-84dc-4fb2-bca9-815663ed560e","NIWO_008.basePlot.bet","D13","NIWO","NIWO_008","S","2015-08-11","2015-08-25","2015-08-26","2016-08-16",,"NIWO_008.S.20150825","5+aRVO2c2a4fZXmRIIT3Kd4ocMDMNyA0bkquwxNkCZQ=","invert bycatch",,,,,,,,,,"9LLQP2zAGBxvuMR8VfqNBDkoxuflTlB1mTYNJb/lQSw=",
"ba02dbc2-ffef-43a4-a812-83e7c49d49ec","NIWO_008.basePlot.bet","D13","NIWO","NIWO_008","S","2015-08-11","2015-08-25","2015-08-26","2016-11-16","2016-11-17","NIWO_008.S.20150825","5+aRVO2c2a4fZXmRIIT3KVCds6i2ldRfKeINI2ymjYo=","carabid","CICPUN","Cicindela punctulata","species","cf. species","Olivier",,1,"Pearson, D., C. B. Knisley, and C. J. Kazilek. 2006. A Field Guide to the Tiger Beetles of the United States and Canada: Identification, Natural History, and Distribution of the Cicindelidae. Oxford University Press, New York.","XZoPj1u9UmznO7Lakic/e+h3MMLMvbQt","9LLQP2zAGBxvuMR8VfqNBDkoxuflTlB1mTYNJb/lQSw=","cs with Cicindela terricola. Microserrations were difficult to see with lab microscope."
"36b0239b-a812-4631-b13f-d0ad42dafbd0","NIWO_008.basePlot.bet","D13","NIWO","NIWO_008","S","2015-08-11","2015-08-25","2015-08-26","2016-11-16","2016-11-16","NIWO_008.S.20150825","5+aRVO2c2a4fZXmRIIT3KT4Qp+k8JcIQRdROk5Fgoiw=","carabid","CARTAE","Carabus taedatus","species",,"Fabricius",,8,"Lindroth, C. H. 1969. The ground-beetles (Carabidae, excl. Cicindelinae) of Canada and Alaska, parts 1-6. Opuscula E. Entomoligiska Sallskapet.","XZoPj1u9UmznO7Lakic/e+h3MMLMvbQt","9LLQP2zAGBxvuMR8VfqNBDkoxuflTlB1mTYNJb/lQSw=",
"8e00407e-34f8-4501-937d-5c3dda91a863","NIWO_008.basePlot.bet","D13","NIWO","NIWO_008","S","2015-08-11","2015-08-25","2015-08-26","2016-11-16","2016-11-16","NIWO_008.S.20150825","5+aRVO2c2a4fZXmRIIT3KT4Qp+k8JcIQgNNCQ+9uUlI=","carabid","CARTAE","Carabus taedatus","species",,"Fabricius",,9,"Lindroth, C. H. 1969. The ground-beetles (Carabidae, excl. Cicindelinae) of Canada and Alaska, parts 1-6. Opuscula E. Entomoligiska Sallskapet.","XZoPj1u9UmznO7Lakic/e+h3MMLMvbQt","9LLQP2zAGBxvuMR8VfqNBDkoxuflTlB1mTYNJb/lQSw=",
"37b46716-2e59-489e-9c44-6cb8e99dc77e","NIWO_008.basePlot.bet","D13","NIWO","NIWO_008","S","2015-08-11","2015-08-25","2015-08-26","2016-11-16","2016-11-16","NIWO_008.S.20150825","5+aRVO2c2a4fZXmRIIT3KT4Qp+k8JcIQ+Vd7wOoBOAk=","carabid","CARTAE","Carabus taedatus","species",,"Fabricius",,8,"Lindroth, C. H. 1969. The ground-beetles (Carabidae, excl. Cicindelinae) of Canada and Alaska, parts 1-6. Opuscula E. Entomoligiska Sallskapet.","XZoPj1u9UmznO7Lakic/e+h3MMLMvbQt","9LLQP2zAGBxvuMR8VfqNBDkoxuflTlB1mTYNJb/lQSw=",
"14a15457-b740-4c7f-bfc1-5f2c779b9272","NIWO_007.basePlot.bet","D13","NIWO","NIWO_007","W","2015-08-11","2015-08-25","2015-08-26","2016-11-16","2016-11-16","NIWO_007.W.20150825","S04lt30Ahx8VQr1krxvtULtYxB+xWYlwo+t1Il2hRyo=","carabid","CALADV","Calathus advena","species",,"LeConte",,13,"Lindroth, C. H. 1969. The ground-beetles (Carabidae, excl. Cicindelinae) of Canada and Alaska, parts 1-6. Opuscula E. Entomoligiska Sallskapet.","XZoPj1u9UmznO7Lakic/e+h3MMLMvbQt","XZoPj1u9UmznO7Lakic/e+h3MMLMvbQt",
"bd827b48-419d-4cb4-a246-4d66902e367f","NIWO_007.basePlot.bet","D13","NIWO","NIWO_007","S","2015-08-11","2015-08-25","2015-08-26","2016-08-15",,"NIWO_007.S.20150825","S04lt30Ahx9lCmMDYRy7y8ciSm+U6wY+HZyoDg5zXVs=","invert bycatch",,,,,,,,,,"XZoPj1u9UmznO7Lakic/e+h3MMLMvbQt",
"ab9cb71b-6e64-452c-ad1c-2d6990397e3e","NIWO_007.basePlot.bet","D13","NIWO","NIWO_007","S","2015-08-11","2015-08-25","2015-08-26","2016-11-16","2016-11-16","NIWO_007.S.20150825","S04lt30Ahx9lCmMDYRy7y1q/fwLIGk1dzyKfHr0vUAo=","carabid","OTHE","Carabidae sp.","family",,"Latreille","D13.2015.MorphO",1,"Lindroth, C. H. 1969. The ground-beetles (Carabidae, excl. Cicindelinae) of Canada and Alaska, parts 1-6. Opuscula E. Entomoligiska Sallskapet.","s/lmw0PcTzR4Bmy/yhclYeu7XYLZW004","XZoPj1u9UmznO7Lakic/e+h3MMLMvbQt",
"3d765684-56bb-4986-a935-b1daf180a69d","NIWO_007.basePlot.bet","D13","NIWO","NIWO_007","W","2015-08-11","2015-08-25","2015-08-26","2016-08-15",,"NIWO_007.W.20150825","S04lt30Ahx8VQr1krxvtUK8e7/hk3TJOW7LcazOu4Gg=","invert bycatch",,,,,,,,,,"XZoPj1u9UmznO7Lakic/e+h3MMLMvbQt",
"829c278b-d4b8-4012-a884-6ade7c783969","NIWO_007.basePlot.bet","D13","NIWO","NIWO_007","W","2015-08-11","2015-08-25","2015-08-26","2016-11-16","2016-11-16","NIWO_007.W.20150825","S04lt30Ahx8VQr1krxvtUOoBW51Or//xwI37SoTKYcI=","carabid","OTHE","Carabidae sp.","family",,"Latreille","D13.2015.MorphO",1,"Lindroth, C. H. 1969. The ground-beetles (Carabidae, excl. Cicindelinae) of Canada and Alaska, parts 1-6. Opuscula E. Entomoligiska Sallskapet.","XZoPj1u9UmznO7Lakic/e+h3MMLMvbQt","XZoPj1u9UmznO7Lakic/e+h3MMLMvbQt",
"200cb107-41f8-43a5-809f-91d9f22aa123","NIWO_010.basePlot.bet","D13","NIWO","NIWO_010","S","2015-08-11","2015-08-25","2015-08-26","2016-08-16",,"NIWO_010.S.20150825","SpCPEqaS8lSDVwpWIb8p3pWAW0lcJH1OCD1V6ZFp2dM=","invert bycatch",,,,,,,,,,"9LLQP2zAGBxvuMR8VfqNBDkoxuflTlB1mTYNJb/lQSw=",
"32ed6587-e236-4921-bf0f-030f8314f397","NIWO_010.basePlot.bet","D13","NIWO","NIWO_010","S","2015-08-11","2015-08-25","2015-08-26","2016-11-17","2016-11-17","NIWO_010.S.20150825","SpCPEqaS8lSDVwpWIb8p3lVqAeWZErwinxgb7UM5UMc=","carabid","CYMUNI1","Cymindis unicolor","species",,"Kirby",,2,"Lindroth, C. H. 1969. The ground-beetles (Carabidae, excl. Cicindelinae) of Canada and Alaska, parts 1-6. Opuscula E. Entomoligiska Sallskapet.","s/lmw0PcTzR4Bmy/yhclYeu7XYLZW004","9LLQP2zAGBxvuMR8VfqNBDkoxuflTlB1mTYNJb/lQSw=",
"fd7ce89b-e742-4aaa-8e36-c6f2a175d263","NIWO_010.basePlot.bet","D13","NIWO","NIWO_010","S","2015-08-11","2015-08-25","2015-08-26","2016-11-17","2016-11-17","NIWO_010.S.20150825","SpCPEqaS8lSDVwpWIb8p3sguIfBn2YineutX8jUAYQo=","carabid","CALADV","Calathus advena","species",,"LeConte",,1,"Lindroth, C. H. 1969. The ground-beetles (Carabidae, excl. Cicindelinae) of Canada and Alaska, parts 1-6. Opuscula E. Entomoligiska Sallskapet.","s/lmw0PcTzR4Bmy/yhclYeu7XYLZW004","9LLQP2zAGBxvuMR8VfqNBDkoxuflTlB1mTYNJb/lQSw=",
"eacd8d8e-0acb-41f1-bf5a-cccc3a306708","NIWO_010.basePlot.bet","D13","NIWO","NIWO_010","S","2015-08-11","2015-08-25","2015-08-26","2016-11-17","2016-11-17","NIWO_010.S.20150825","SpCPEqaS8lSDVwpWIb8p3oks754/beTFkXiMRLxsczg=","carabid","OTHE","Carabidae sp.","family",,"Latreille","D13.2015.MorphO",3,"Lindroth, C. H. 1969. The ground-beetles (Carabidae, excl. Cicindelinae) of Canada and Alaska, parts 1-6. Opuscula E. Entomoligiska Sallskapet.","s/lmw0PcTzR4Bmy/yhclYeu7XYLZW004","9LLQP2zAGBxvuMR8VfqNBDkoxuflTlB1mTYNJb/lQSw=",
"d37eb0b3-249b-4ca5-87f7-5c3db6b8f521","NIWO_003.basePlot.bet","D13","NIWO","NIWO_003","E","2015-08-11","2015-08-25","2015-08-26","2016-11-15","2016-11-15","NIWO_003.E.20150825","ZRQ9gNwmgynu1ZgrUyHHahjfTqw6Hkpxr0m6bkU1FEk=","carabid","CARTAE","Carabus taedatus","species",,"Fabricius",,2,"Lindroth, C. H. 1969. The ground-beetles (Carabidae, excl. Cicindelinae) of Canada and Alaska, parts 1-6. Opuscula E. Entomoligiska Sallskapet.","XZoPj1u9UmznO7Lakic/e+h3MMLMvbQt","9LLQP2zAGBxvuMR8VfqNBDkoxuflTlB1mTYNJb/lQSw=",
"134374a4-d7a3-4480-8a5f-6ace8f59dfe9","NIWO_003.basePlot.bet","D13","NIWO","NIWO_003","E","2015-08-11","2015-08-25","2015-08-26","2016-11-15","2016-11-15","NIWO_003.E.20150825","ZRQ9gNwmgynu1ZgrUyHHaimSJ8GJMYJH2fs/FlcqTV4=","carabid","AMAALP","Amara alpina","species",,"Paykull",,1,"Lindroth, C. H. 1969. The ground-beetles (Carabidae, excl. Cicindelinae) of Canada and Alaska, parts 1-6. Opuscula E. Entomoligiska Sallskapet.","XZoPj1u9UmznO7Lakic/e+h3MMLMvbQt","9LLQP2zAGBxvuMR8VfqNBDkoxuflTlB1mTYNJb/lQSw=",
"3f8492e0-4eb9-4ea7-819a-d98cc58f2435","NIWO_003.basePlot.bet","D13","NIWO","NIWO_003","E","2015-08-11","2015-08-25","2015-08-26","2016-08-11",,"NIWO_003.E.20150825","ZRQ9gNwmgynu1ZgrUyHHarfM+KNjBVyN2svxwgbItyw=","invert bycatch",,,,,,,,,,"9LLQP2zAGBxvuMR8VfqNBDkoxuflTlB1mTYNJb/lQSw=",
"03ec349e-7865-4750-bd84-612bd1910a29","NIWO_003.basePlot.bet","D13","NIWO","NIWO_003","E","2015-08-11","2015-08-25","2015-08-26","2016-11-15","2016-11-15","NIWO_003.E.20150825","ZRQ9gNwmgynu1ZgrUyHHavcBVsjCA7sfo5rO8QlD7NM=","carabid","AMAQUE","Amara quenseli quenseli","subspecies",,"Schonherr",,1,"Lindroth, C. H. 1969. The ground-beetles (Carabidae, excl. Cicindelinae) of Canada and Alaska, parts 1-6. Opuscula E. Entomoligiska Sallskapet.","XZoPj1u9UmznO7Lakic/e+h3MMLMvbQt","9LLQP2zAGBxvuMR8VfqNBDkoxuflTlB1mTYNJb/lQSw=",
"f4ecb7f4-6d35-43cb-9dcb-0a5c764d1cd4","NIWO_004.basePlot.bet","D13","NIWO","NIWO_004","S","2015-08-11","2015-08-25","2015-08-26","2016-08-11",,"NIWO_004.S.20150825","aRw+8bWvW/xPJ1WUnvg8OpI19Wvy+bWphDK++ZMJXNs=","invert bycatch",,,,,,,,,,"XZoPj1u9UmznO7Lakic/e+h3MMLMvbQt",
"b8b54d91-51f5-4197-9829-173364dc20cc","NIWO_004.basePlot.bet","D13","NIWO","NIWO_004","S","2015-08-11","2015-08-25","2015-08-26","2016-11-17","2016-11-17","NIWO_004.S.20150825","aRw+8bWvW/xPJ1WUnvg8Oi2DGpd3vMyV74i/f7O3FfQ=","carabid","HARNIG","Harpalus nigritarsis","species","cf. species","Sahlberg",,1,"Noonan, G. R. 1991. Classification, Cladistics, and Natural History of Native North American Harpalus Latreille (Insecta: Coleoptera: Carabidae: Harpalini), excluding subgenera Glanodes and Pseudophonus.","XZoPj1u9UmznO7Lakic/e+h3MMLMvbQt","XZoPj1u9UmznO7Lakic/e+h3MMLMvbQt","cs with Harpalus atrichatus"
"55214784-8b65-4937-aa90-f4a9453df589","NIWO_008.basePlot.bet","D13","NIWO","NIWO_008","E","2015-08-11","2015-08-25","2015-08-26","2016-11-16","2016-11-16","NIWO_008.E.20150825","5+aRVO2c2a7Ju/6v8LE/pP9mnHRrevra7YCMihzFLCQ=","carabid","AMAQUE","Amara quenseli quenseli","subspecies",,"Schonherr",,1,"Lindroth, C. H. 1969. The ground-beetles (Carabidae, excl. Cicindelinae) of Canada and Alaska, parts 1-6. Opuscula E. Entomoligiska Sallskapet.","XZoPj1u9UmznO7Lakic/e+h3MMLMvbQt","XZoPj1u9UmznO7Lakic/e+h3MMLMvbQt",
"7e997f1d-40b8-4b3a-805b-ee648152acfc","NIWO_004.basePlot.bet","D13","NIWO","NIWO_004","S","2015-08-11","2015-08-25","2015-08-26","2016-11-17","2016-11-17","NIWO_004.S.20150825","aRw+8bWvW/xPJ1WUnvg8OsaX8zjj3ijwL+7CHncgyI8=","carabid","AMASIN","Amara sinuosa","species","cf. species","Casey",,1,"Lindroth, C. H. 1969. The ground-beetles (Carabidae, excl. Cicindelinae) of Canada and Alaska, parts 1-6. Opuscula E. Entomoligiska Sallskapet.","XZoPj1u9UmznO7Lakic/e+h3MMLMvbQt","XZoPj1u9UmznO7Lakic/e+h3MMLMvbQt","cs with Amara pseudobrunnea. This is a teneral specimen and hard to identify. It is difficult to detect microsculpture and see key features on pronotum"
"e918fd8a-05dd-468d-b204-ada03c46341d","NIWO_008.basePlot.bet","D13","NIWO","NIWO_008","N","2015-08-11","2015-08-25","2015-08-26","2016-11-16","2016-11-16","NIWO_008.N.20150825","5+aRVO2c2a6I5g93LOKgRh1V9KFztfQPCJ9ohjejQKE=","carabid","CARTAE","Carabus taedatus","species",,"Fabricius",,6,"Lindroth, C. H. 1969. The ground-beetles (Carabidae, excl. Cicindelinae) of Canada and Alaska, parts 1-6. Opuscula E. Entomoligiska Sallskapet.","s/lmw0PcTzR4Bmy/yhclYeu7XYLZW004","XZoPj1u9UmznO7Lakic/e+h3MMLMvbQt",
"965c3e90-382d-41fb-91fd-b2e6b30e4861","NIWO_008.basePlot.bet","D13","NIWO","NIWO_008","N","2015-08-11","2015-08-25","2015-08-26","2016-08-15",,"NIWO_008.N.20150825","5+aRVO2c2a6I5g93LOKgRg5L3t7dcukdavjv2IUQv3Q=","invert bycatch",,,,,,,,,,"XZoPj1u9UmznO7Lakic/e+h3MMLMvbQt",
"bfdc92b1-94a8-4f02-b17c-87ede6fdf2dd","NIWO_008.basePlot.bet","D13","NIWO","NIWO_008","N","2015-08-11","2015-08-25","2015-08-26","2016-11-16","2016-11-16","NIWO_008.N.20150825","5+aRVO2c2a6I5g93LOKgRh1V9KFztfQPA2QJx3l0Ewc=","carabid","CARTAE","Carabus taedatus","species",,"Fabricius",,6,"Lindroth, C. H. 1969. The ground-beetles (Carabidae, excl. Cicindelinae) of Canada and Alaska, parts 1-6. Opuscula E. Entomoligiska Sallskapet.","s/lmw0PcTzR4Bmy/yhclYeu7XYLZW004","XZoPj1u9UmznO7Lakic/e+h3MMLMvbQt",
"60896536-7757-44c5-9564-27c4c0e1c441","NIWO_008.basePlot.bet","D13","NIWO","NIWO_008","E","2015-08-11","2015-08-25","2015-08-26","2016-11-16","2016-11-16","NIWO_008.E.20150825","5+aRVO2c2a7Ju/6v8LE/pPNihFYxemUCRXhPla7mUVk=","carabid","CARTAE","Carabus taedatus","species",,"Fabricius",,7,"Lindroth, C. H. 1969. The ground-beetles (Carabidae, excl. Cicindelinae) of Canada and Alaska, parts 1-6. Opuscula E. Entomoligiska Sallskapet.","XZoPj1u9UmznO7Lakic/e+h3MMLMvbQt","XZoPj1u9UmznO7Lakic/e+h3MMLMvbQt",
"86050910-3cd7-40ef-b939-d2950f79c98f","NIWO_008.basePlot.bet","D13","NIWO","NIWO_008","E","2015-08-11","2015-08-25","2015-08-26","2016-08-15",,"NIWO_008.E.20150825","5+aRVO2c2a7Ju/6v8LE/pAi/gW35nplgPZy/l8kXUng=","invert bycatch",,,,,,,,,,"XZoPj1u9UmznO7Lakic/e+h3MMLMvbQt",
"b9a78b6f-7731-4cf9-ad13-2776e553643f","NIWO_008.basePlot.bet","D13","NIWO","NIWO_008","N","2015-08-11","2015-08-25","2015-08-26","2016-11-16","2016-11-16","NIWO_008.N.20150825","5+aRVO2c2a6I5g93LOKgRvsAmERhi5LTOf+SFDeDzIw=","carabid","AMAQUE","Amara quenseli quenseli","subspecies",,"Schonherr",,1,"Lindroth, C. H. 1969. The ground-beetles (Carabidae, excl. Cicindelinae) of Canada and Alaska, parts 1-6. Opuscula E. Entomoligiska Sallskapet.","s/lmw0PcTzR4Bmy/yhclYeu7XYLZW004","XZoPj1u9UmznO7Lakic/e+h3MMLMvbQt",
"d5860fde-d1a9-40e6-9f74-bfc42028a8f7","NIWO_008.basePlot.bet","D13","NIWO","NIWO_008","N","2015-08-11","2015-08-25","2015-08-26","2016-11-16","2016-11-16","NIWO_008.N.20150825","5+aRVO2c2a6I5g93LOKgRh1V9KFztfQP4+OajoHLy3k=","carabid","CARTAE","Carabus taedatus","species",,"Fabricius",,6,"Lindroth, C. H. 1969. The ground-beetles (Carabidae, excl. Cicindelinae) of Canada and Alaska, parts 1-6. Opuscula E. Entomoligiska Sallskapet.","s/lmw0PcTzR4Bmy/yhclYeu7XYLZW004","XZoPj1u9UmznO7Lakic/e+h3MMLMvbQt",
"7b9c7676-cc2f-4ea6-a2cd-afe6e97c9e21","NIWO_005.basePlot.bet","D13","NIWO","NIWO_005","S","2015-08-11","2015-08-25","2015-08-26","2016-11-16","2016-11-16","NIWO_005.S.20150825","06Y8b7qnWrvNpkaT/gWkNvAJl2pMPfLohFxtj2zzqYs=","carabid","DISPAR1","Discoderus parallelus","species",,"Haldeman",,1,"Lindroth, C. H. 1969. The ground-beetles (Carabidae, excl. Cicindelinae) of Canada and Alaska, parts 1-6. Opuscula E. Entomoligiska Sallskapet.","XZoPj1u9UmznO7Lakic/e+h3MMLMvbQt","XZoPj1u9UmznO7Lakic/e+h3MMLMvbQt","This specimen may belong to Selephorus genus. After review I'm fairly confident this is a Discoderus( Ball and Bousquet). It has 6 spines on the outer margin of the front tibia"
"9d124a7e-bfc2-45fa-9047-f9adfadc7a44","NIWO_005.basePlot.bet","D13","NIWO","NIWO_005","S","2015-08-11","2015-08-25","2015-08-26","2016-08-15",,"NIWO_005.S.20150825","06Y8b7qnWrvNpkaT/gWkNkOALpyMdTx/ZZzUyjbOyGI=","invert bycatch",,,,,,,,,,"XZoPj1u9UmznO7Lakic/e+h3MMLMvbQt",
"db74a8c4-c65a-4aa2-92ca-4643a7f697f7","NIWO_005.basePlot.bet","D13","NIWO","NIWO_005","S","2015-08-11","2015-08-25","2015-08-26","2016-11-15","2016-11-16","NIWO_005.S.20150825","06Y8b7qnWrvNpkaT/gWkNiL4w6+OclbM6r02HiDszU4=","carabid","CYMBOR","Cymindis borealis","species","cf. species","LeConte",,2,"Lindroth, C. H. 1969. The ground-beetles (Carabidae, excl. Cicindelinae) of Canada and Alaska, parts 1-6. Opuscula E. Entomoligiska Sallskapet.","XZoPj1u9UmznO7Lakic/e+h3MMLMvbQt","XZoPj1u9UmznO7Lakic/e+h3MMLMvbQt","CS with Cymindis unicolor"
"1c363a29-74c9-42c8-b473-9f7ddcca9541","NIWO_005.basePlot.bet","D13","NIWO","NIWO_005","S","2015-08-11","2015-08-25","2015-08-26","2016-11-16","2016-11-16","NIWO_005.S.20150825","06Y8b7qnWrvNpkaT/gWkNq71WgDFlq3bIprgOYwu9+c=","carabid","OTHE","Carabidae sp.","family",,"Latreille","D13.2015.MorphO",3,"Lindroth, C. H. 1969. The ground-beetles (Carabidae, excl. Cicindelinae) of Canada and Alaska, parts 1-6. Opuscula E. Entomoligiska Sallskapet.","XZoPj1u9UmznO7Lakic/e+h3MMLMvbQt","XZoPj1u9UmznO7Lakic/e+h3MMLMvbQt",
"767a8e4e-36c1-4c92-9620-c84a5a3eec2d","NIWO_005.basePlot.bet","D13","NIWO","NIWO_005","N","2015-08-11","2015-08-25","2015-08-26","2016-11-15","2016-11-16","NIWO_005.N.20150825","06Y8b7qnWrtKMYVGHYy4+n0eCy8rKChOWoEGuE1FAK8=","carabid","CALING","Calathus ingratus","species",,"Dejean","D13.2015.MorphO",1,"Lindroth, C. H. 1969. The ground-beetles (Carabidae, excl. Cicindelinae) of Canada and Alaska, parts 1-6. Opuscula E. Entomoligiska Sallskapet.","XZoPj1u9UmznO7Lakic/e+h3MMLMvbQt","XZoPj1u9UmznO7Lakic/e+h3MMLMvbQt",
"57873d05-8045-4537-b893-adb19e4847e7","NIWO_005.basePlot.bet","D13","NIWO","NIWO_005","N","2015-08-11","2015-08-25","2015-08-26","2016-11-15","2016-11-16","NIWO_005.N.20150825","06Y8b7qnWrtKMYVGHYy4+r115OZ8DO+io7ZHWn1pgH0=","carabid","CYMUNI1","Cymindis unicolor","species","cf. species","Kirby",,3,"Lindroth, C. H. 1969. The ground-beetles (Carabidae, excl. Cicindelinae) of Canada and Alaska, parts 1-6. Opuscula E. Entomoligiska Sallskapet.","XZoPj1u9UmznO7Lakic/e+h3MMLMvbQt","XZoPj1u9UmznO7Lakic/e+h3MMLMvbQt","CS with Cymindis borealis"
"179bfd43-92b2-4ad6-b9d0-cf8e733e0346","NIWO_005.basePlot.bet","D13","NIWO","NIWO_005","N","2015-08-11","2015-08-25","2015-08-26","2016-11-15","2016-11-16","NIWO_005.N.20150825","06Y8b7qnWrtKMYVGHYy4+nrgmBnp9rCdokS4lb1m+Ec=","carabid","CALADV","Calathus advena","species",,"LeConte",,2,"Lindroth, C. H. 1969. The ground-beetles (Carabidae, excl. Cicindelinae) of Canada and Alaska, parts 1-6. Opuscula E. Entomoligiska Sallskapet.","XZoPj1u9UmznO7Lakic/e+h3MMLMvbQt","XZoPj1u9UmznO7Lakic/e+h3MMLMvbQt",
"1b16c1d8-1777-4d9a-9337-59e902329420","NIWO_005.basePlot.bet","D13","NIWO","NIWO_005","N","2015-08-11","2015-08-25","2015-08-26","2016-08-15",,"NIWO_005.N.20150825","06Y8b7qnWrtKMYVGHYy4+gQBWI5Nq+OdJs0kxIMlHok=","invert bycatch",,,,,,,,,,"XZoPj1u9UmznO7Lakic/e+h3MMLMvbQt",
"3a7e6742-c258-4e8f-9dec-8fe8ee9ccc08","NIWO_002.basePlot.bet","D13","NIWO","NIWO_002","E","2015-08-11","2015-08-25","2015-08-26","2016-08-11",,"NIWO_002.E.20150825","Yxxla30BRilqBoOx9xPoX01h2ZhsHUgfv8STWpAXSq4=","invert bycatch",,,,,,,,,,"XZoPj1u9UmznO7Lakic/e+h3MMLMvbQt",
"9e334160-548f-4e3e-8ead-28dad15021fb","NIWO_002.basePlot.bet","D13","NIWO","NIWO_002","E","2015-08-11","2015-08-25","2015-08-26","2016-11-15","2016-11-15","NIWO_002.E.20150825","Yxxla30BRilqBoOx9xPoX9PK60sBJ7AgCnl2DtuLAtg=","carabid","OTHE","Carabidae sp.","family",,"Latreille","D13.2015.MorphO",1,"Lindroth, C. H. 1969. The ground-beetles (Carabidae, excl. Cicindelinae) of Canada and Alaska, parts 1-6. Opuscula E. Entomoligiska Sallskapet.","XZoPj1u9UmznO7Lakic/e+h3MMLMvbQt","XZoPj1u9UmznO7Lakic/e+h3MMLMvbQt",
"3e417456-dc1e-4885-a7f7-357e0f83cd26","NIWO_002.basePlot.bet","D13","NIWO","NIWO_002","S","2015-08-11","2015-08-25","2015-08-26","2016-11-15","2016-11-15","NIWO_002.S.20150825","Yxxla30BRinFv45w6Vr3FwGLBD4NIgQryRBIH8NX6Rg=","carabid","CALADV","Calathus advena","species",,"LeConte",,12,"Lindroth, C. H. 1969. The ground-beetles (Carabidae, excl. Cicindelinae) of Canada and Alaska, parts 1-6. Opuscula E. Entomoligiska Sallskapet.","XZoPj1u9UmznO7Lakic/e+h3MMLMvbQt","XZoPj1u9UmznO7Lakic/e+h3MMLMvbQt",
"59d5c82e-3fc3-45ba-aab7-c07649850ecc","NIWO_002.basePlot.bet","D13","NIWO","NIWO_002","S","2015-08-11","2015-08-25","2015-08-26","2016-11-15","2016-11-15","NIWO_002.S.20150825","Yxxla30BRinFv45w6Vr3FxAgzAPLhvi7jfBpsEiym6k=","carabid","OTHE","Carabidae sp.","family",,"Latreille","D13.2015.MorphO",11,"Lindroth, C. H. 1969. The ground-beetles (Carabidae, excl. Cicindelinae) of Canada and Alaska, parts 1-6. Opuscula E. Entomoligiska Sallskapet.","XZoPj1u9UmznO7Lakic/e+h3MMLMvbQt","XZoPj1u9UmznO7Lakic/e+h3MMLMvbQt",
"d9aa07c8-3726-4bf8-9173-c2fbca920ef8","NIWO_002.basePlot.bet","D13","NIWO","NIWO_002","S","2015-08-11","2015-08-25","2015-08-26","2016-08-11",,"NIWO_002.S.20150825","Yxxla30BRinFv45w6Vr3F9zRhZn+mYUeV9SYl3Fskmo=","invert bycatch",,,,,,,,,,"XZoPj1u9UmznO7Lakic/e+h3MMLMvbQt",
"b228040a-4eb8-414e-9dc4-a3068d021266","NIWO_002.basePlot.bet","D13","NIWO","NIWO_002","S","2015-08-11","2015-08-25","2015-08-26","2016-11-15","2016-11-15","NIWO_002.S.20150825","Yxxla30BRinFv45w6Vr3F4exHARvNnmK4VNcoJybH+Q=","carabid","CARTAE","Carabus taedatus","species",,"Fabricius",,1,"Lindroth, C. H. 1969. The ground-beetles (Carabidae, excl. Cicindelinae) of Canada and Alaska, parts 1-6. Opuscula E. Entomoligiska Sallskapet.","XZoPj1u9UmznO7Lakic/e+h3MMLMvbQt","XZoPj1u9UmznO7Lakic/e+h3MMLMvbQt",
"9c1e8d8b-0f2f-482d-9ef7-f951fc4139d9","NIWO_003.basePlot.bet","D13","NIWO","NIWO_003","N","2015-08-11","2015-08-25","2015-08-26","2016-11-15","2016-11-15","NIWO_003.N.20150825","ZRQ9gNwmgymIPtZS12an++y2V3yChezf4x4gZn2cUs0=","carabid","CARTAE","Carabus taedatus","species",,"Fabricius",,1,"Lindroth, C. H. 1969. The ground-beetles (Carabidae, excl. Cicindelinae) of Canada and Alaska, parts 1-6. Opuscula E. Entomoligiska Sallskapet.","XZoPj1u9UmznO7Lakic/e+h3MMLMvbQt","9LLQP2zAGBxvuMR8VfqNBDkoxuflTlB1mTYNJb/lQSw=",
"796f9b26-bedb-4e4c-905a-c0750d700105","NIWO_003.basePlot.bet","D13","NIWO","NIWO_003","N","2015-08-11","2015-08-25","2015-08-26","2016-08-11",,"NIWO_003.N.20150825","ZRQ9gNwmgymIPtZS12an+3PlMFYmHnhG69i+NP+mFwY=","invert bycatch",,,,,,,,,,"9LLQP2zAGBxvuMR8VfqNBDkoxuflTlB1mTYNJb/lQSw=",
"4e0b6a0f-c3c6-434f-9bec-62d769d478cc","NIWO_003.basePlot.bet","D13","NIWO","NIWO_003","N","2015-08-11","2015-08-25","2015-08-26","2016-11-15","2016-11-15","NIWO_003.N.20150825","ZRQ9gNwmgymIPtZS12an+6qoAGmVJNqkEElWBBTy1TY=","carabid","AMAQUE","Amara quenseli quenseli","subspecies",,"Schonherr",,4,"Lindroth, C. H. 1969. The ground-beetles (Carabidae, excl. Cicindelinae) of Canada and Alaska, parts 1-6. Opuscula E. Entomoligiska Sallskapet.","XZoPj1u9UmznO7Lakic/e+h3MMLMvbQt","9LLQP2zAGBxvuMR8VfqNBDkoxuflTlB1mTYNJb/lQSw=",
"881ca117-6d61-44f6-bbef-c27902e46d24","NIWO_001.basePlot.bet","D13","NIWO","NIWO_001","E","2015-08-11","2015-08-25","2015-08-26","2016-11-15","2017-01-25","NIWO_001.E.20150825","fp9n17d9YyFql4/PPIwcaovtogyW3sK7EQgBlWtkCf0=","carabid","OTHE","Carabidae sp.","family",,"Latreille","D13.2015.MorphO",17,"Lindroth, C. H. 1969. The ground-beetles (Carabidae, excl. Cicindelinae) of Canada and Alaska, parts 1-6. Opuscula E. Entomoligiska Sallskapet.","XZoPj1u9UmznO7Lakic/e+h3MMLMvbQt","9LLQP2zAGBxvuMR8VfqNBDkoxuflTlB1mTYNJb/lQSw=",
"e9765926-88de-4b07-9ec2-d45c7ca1a669","NIWO_001.basePlot.bet","D13","NIWO","NIWO_001","E","2015-08-11","2015-08-25","2015-08-26","2016-08-11",,"NIWO_001.E.20150825","fp9n17d9YyFql4/PPIwcamMuKxpOPV73zwu2INfjgFg=","invert bycatch",,,,,,,,,,"9LLQP2zAGBxvuMR8VfqNBDkoxuflTlB1mTYNJb/lQSw=",
"6e864c40-2e0d-4256-a4ec-08d620e9e655","NIWO_001.basePlot.bet","D13","NIWO","NIWO_001","N","2015-08-11","2015-08-25","2015-08-26","2016-11-15","2016-11-15","NIWO_001.N.20150825","fp9n17d9YyG54himxS8ErQn1GS2ty0TWzaX/BOAdCoU=","carabid","OTHE","Carabidae sp.","family",,"Latreille","D13.2015.MorphO",2,"Lindroth, C. H. 1969. The ground-beetles (Carabidae, excl. Cicindelinae) of Canada and Alaska, parts 1-6. Opuscula E. Entomoligiska Sallskapet.","XZoPj1u9UmznO7Lakic/e+h3MMLMvbQt","9LLQP2zAGBxvuMR8VfqNBDkoxuflTlB1mTYNJb/lQSw=",
"872fc8e3-8a84-44d4-b9ce-cd57d59134c1","NIWO_001.basePlot.bet","D13","NIWO","NIWO_001","N","2015-08-11","2015-08-25","2015-08-26","2016-08-11",,"NIWO_001.N.20150825","fp9n17d9YyG54himxS8ErX0z8PL/jIObR6t2EK+V3i4=","invert bycatch",,,,,,,,,,"9LLQP2zAGBxvuMR8VfqNBDkoxuflTlB1mTYNJb/lQSw=",
"61ce8a6e-a14e-4b38-aff2-da655d8aec67","NIWO_010.basePlot.bet","D13","NIWO","NIWO_010","N","2015-08-11","2015-08-25","2015-08-26","2016-11-16","2016-11-17","NIWO_010.N.20150825","SpCPEqaS8lRPG9/1jERgKROyX+dpylYYAtFRGbUZQKI=","carabid","CALADV","Calathus advena","species",,"LeConte",,1,"Lindroth, C. H. 1969. The ground-beetles (Carabidae, excl. Cicindelinae) of Canada and Alaska, parts 1-6. Opuscula E. Entomoligiska Sallskapet.","s/lmw0PcTzR4Bmy/yhclYeu7XYLZW004","9LLQP2zAGBxvuMR8VfqNBDkoxuflTlB1mTYNJb/lQSw=",
"cd484c2e-d041-4ee1-969f-21a6afc0ab9d","NIWO_010.basePlot.bet","D13","NIWO","NIWO_010","E","2015-08-11","2015-08-25","2015-08-26","2016-08-16",,"NIWO_010.E.20150825","SpCPEqaS8lQwXJB9DO/O4/xnKWkv8+FkhjuD/fpnR5M=","invert bycatch",,,,,,,,,,"9LLQP2zAGBxvuMR8VfqNBDkoxuflTlB1mTYNJb/lQSw=",
"ee84e7b9-974e-403e-bacd-09f923e44794","NIWO_010.basePlot.bet","D13","NIWO","NIWO_010","E","2015-08-11","2015-08-25","2015-08-26","2016-11-17","2016-11-17","NIWO_010.E.20150825","SpCPEqaS8lQwXJB9DO/O4ztauS7/QoD40Q0jLzHUm9I=","carabid","OTHE","Carabidae sp.","family",,"Latreille","D13.2015.MorphO",1,"Lindroth, C. H. 1969. The ground-beetles (Carabidae, excl. Cicindelinae) of Canada and Alaska, parts 1-6. Opuscula E. Entomoligiska Sallskapet.","s/lmw0PcTzR4Bmy/yhclYeu7XYLZW004","9LLQP2zAGBxvuMR8VfqNBDkoxuflTlB1mTYNJb/lQSw=",
"64f88dc7-d079-412e-b36a-01c24372807f","NIWO_010.basePlot.bet","D13","NIWO","NIWO_010","N","2015-08-11","2015-08-25","2015-08-26","2016-11-17","2016-11-17","NIWO_010.N.20150825","SpCPEqaS8lRPG9/1jERgKZfvwkx0N2fKV29ns9yJmFQ=","carabid","OTHE","Carabidae sp.","family",,"Latreille","D13.2015.MorphO",3,"Lindroth, C. H. 1969. The ground-beetles (Carabidae, excl. Cicindelinae) of Canada and Alaska, parts 1-6. Opuscula E. Entomoligiska Sallskapet.","s/lmw0PcTzR4Bmy/yhclYeu7XYLZW004","9LLQP2zAGBxvuMR8VfqNBDkoxuflTlB1mTYNJb/lQSw=",
"8d7fc9b7-feb7-403a-8cea-1ef73a8f3186","NIWO_007.basePlot.bet","D13","NIWO","NIWO_007","N","2015-08-11","2015-08-25","2015-08-26","2016-11-16","2016-11-16","NIWO_007.N.20150825","S04lt30Ahx+hs4bQv521KLDeZuybxKW0Fr42hVa0jI0=","carabid","OTHE","Carabidae sp.","family",,"Latreille","D13.2015.MorphO",2,"Lindroth, C. H. 1969. The ground-beetles (Carabidae, excl. Cicindelinae) of Canada and Alaska, parts 1-6. Opuscula E. Entomoligiska Sallskapet.","XZoPj1u9UmznO7Lakic/e+h3MMLMvbQt","XZoPj1u9UmznO7Lakic/e+h3MMLMvbQt",
"6f991637-96a0-4f7d-b7a9-5a1c08d406c0","NIWO_007.basePlot.bet","D13","NIWO","NIWO_007","N","2015-08-11","2015-08-25","2015-08-26","2016-08-15",,"NIWO_007.N.20150825","S04lt30Ahx+hs4bQv521KIvPQOZ0ZW9fwSlbESXJMGE=","invert bycatch",,,,,,,,,,"XZoPj1u9UmznO7Lakic/e+h3MMLMvbQt",
"4de6dd29-0994-43e9-a30a-93dcf3fbbc0f","NIWO_010.basePlot.bet","D13","NIWO","NIWO_010","W","2015-08-11","2015-08-25","2015-08-26","2016-11-16","2016-11-16","NIWO_010.W.20150825","SpCPEqaS8lRCWHMNC5CpgF52yCwy4+Xe0/oReMJ9DpQ=","carabid","OTHE","Carabidae sp.","family",,"Latreille","D13.2015.MorphO",1,"Lindroth, C. H. 1969. The ground-beetles (Carabidae, excl. Cicindelinae) of Canada and Alaska, parts 1-6. Opuscula E. Entomoligiska Sallskapet.","s/lmw0PcTzR4Bmy/yhclYeu7XYLZW004","9LLQP2zAGBxvuMR8VfqNBDkoxuflTlB1mTYNJb/lQSw=",
"5caea6a4-bb38-4535-b813-2964cac9c76d","NIWO_010.basePlot.bet","D13","NIWO","NIWO_010","N","2015-08-11","2015-08-25","2015-08-26","2016-08-16",,"NIWO_010.N.20150825","SpCPEqaS8lRPG9/1jERgKeTUT+zaf/mh22f5ABMqqxo=","invert bycatch",,,,,,,,,,"9LLQP2zAGBxvuMR8VfqNBDkoxuflTlB1mTYNJb/lQSw=",
"3b61833c-39d1-48f2-9e77-1a6064b9fab7","NIWO_010.basePlot.bet","D13","NIWO","NIWO_010","W","2015-08-11","2015-08-25","2015-08-26","2016-08-16",,"NIWO_010.W.20150825","SpCPEqaS8lRCWHMNC5CpgBxCJ/3Pf2jX8w8hWcLZfEk=","invert bycatch",,,,,,,,,,"9LLQP2zAGBxvuMR8VfqNBDkoxuflTlB1mTYNJb/lQSw=",
"ebf110e1-b748-4cdd-b888-52b9f9a8c066","NIWO_009.basePlot.bet","D13","NIWO","NIWO_009","N","2015-08-11","2015-08-25","2015-08-26","2016-11-16","2016-11-16","NIWO_009.N.20150825","ta53RQUlpj4uM1+qziUhavmjqNq8lLdPEoR1X7ORUMY=","carabid","OTHE","Carabidae sp.","family",,"Latreille","D13.2015.MorphO",1,"Lindroth, C. H. 1969. The ground-beetles (Carabidae, excl. Cicindelinae) of Canada and Alaska, parts 1-6. Opuscula E. Entomoligiska Sallskapet.","s/lmw0PcTzR4Bmy/yhclYeu7XYLZW004","9LLQP2zAGBxvuMR8VfqNBDkoxuflTlB1mTYNJb/lQSw=","This Pterostichus sp is teneral and looks like P. ecarinatus or P. castaneus based on its prothorax"
"c5d6e13a-072a-489d-bc2d-42e2bb59a7b1","NIWO_009.basePlot.bet","D13","NIWO","NIWO_009","S","2015-08-11","2015-08-25","2015-08-26","2016-08-16",,"NIWO_009.S.20150825","ta53RQUlpj5UBMvJyahkRft6FxoJVqwDUSJw9by3xrw=","invert bycatch",,,,,,,,,,"9LLQP2zAGBxvuMR8VfqNBDkoxuflTlB1mTYNJb/lQSw=",
"b3cfe378-d51a-4afd-bad3-60a597f94206","NIWO_009.basePlot.bet","D13","NIWO","NIWO_009","S","2015-08-11","2015-08-25","2015-08-26","2016-11-17","2016-11-17","NIWO_009.S.20150825","ta53RQUlpj5UBMvJyahkRU4lFjPQPtS5oRVcSLWwvdE=","carabid","OTHE","Carabidae sp.","family",,"Latreille","D13.2015.MorphO",1,"Lindroth, C. H. 1969. The ground-beetles (Carabidae, excl. Cicindelinae) of Canada and Alaska, parts 1-6. Opuscula E. Entomoligiska Sallskapet.","s/lmw0PcTzR4Bmy/yhclYeu7XYLZW004","9LLQP2zAGBxvuMR8VfqNBDkoxuflTlB1mTYNJb/lQSw=",
"e9912ced-7472-44b9-a57e-ea1e1efd9fb8","NIWO_009.basePlot.bet","D13","NIWO","NIWO_009","S","2015-08-11","2015-08-25","2015-08-26","2016-11-17","2016-11-17","NIWO_009.S.20150825","ta53RQUlpj5UBMvJyahkRVxo1hSDYA/CHurO/BKe20Q=","carabid","CALING","Calathus ingratus","species",,"Dejean",,1,"Lindroth, C. H. 1969. The ground-beetles (Carabidae, excl. Cicindelinae) of Canada and Alaska, parts 1-6. Opuscula E. Entomoligiska Sallskapet.","s/lmw0PcTzR4Bmy/yhclYeu7XYLZW004","9LLQP2zAGBxvuMR8VfqNBDkoxuflTlB1mTYNJb/lQSw=",
