uid,namedLocation,domainID,siteID,plotID,trapID,setDate,collectDate,processingDate,identifiedDate,subsampleID,individualID,taxonID,scientificName,taxonRank,identificationQualifier,scientificNameAuthorship,morphospeciesID,identificationReferences,totalLength,identifiedBy,recordedBy,remarks
"6f14796d-dac3-4246-94ed-d8479230eb57","NIWO_008.basePlot.bet","D13","NIWO","NIWO_008","N","2015-07-28","2015-08-11","2016-12-07","2016-11-10","5+aRVO2c2a6I5g93LOKgRsGhWmH8/k2bIzV2h6nvSV0=","NEON.BET.D13.000208","CARTAE","Carabus taedatus","species",,"Fabricius",,,,"s/lmw0PcTzR4Bmy/yhclYeu7XYLZW004","s/lmw0PcTzR4Bmy/yhclYeu7XYLZW004",
"232ed4f3-bbea-408c-bbb8-0630116e107f","NIWO_010.basePlot.bet","D13","NIWO","NIWO_010","E","2015-07-28","2015-08-11","2016-12-08","2016-11-14","SpCPEqaS8lQwXJB9DO/O492jo0YbuVjQSuxMkSHzXnc=","NEON.BET.D13.000314","OTHE","Carabidae sp.","family",,"Latreille","D13.2015.MorphO",,,"XZoPj1u9UmznO7Lakic/e+h3MMLMvbQt","s/lmw0PcTzR4Bmy/yhclYeu7XYLZW004",
"94972c68-cb88-4ae3-aabf-f30649c8c554","NIWO_010.basePlot.bet","D13","NIWO","NIWO_010","S","2015-07-28","2015-08-11","2016-12-08","2016-11-10","SpCPEqaS8lSDVwpWIb8p3hLM+zFWMcjKfq5iRicpzhI=","NEON.BET.D13.000286","OTHE","Carabidae sp.","family",,"Latreille","D13.2015.MorphO",,,"s/lmw0PcTzR4Bmy/yhclYeu7XYLZW004","s/lmw0PcTzR4Bmy/yhclYeu7XYLZW004",
"b06bf72e-db06-4e18-a998-216008b14fa6","NIWO_002.basePlot.bet","D13","NIWO","NIWO_002","S","2015-07-28","2015-08-11","2016-12-08","2016-11-09","Yxxla30BRinFv45w6Vr3F2GF2Fq/SHH2RaxG/0rYPE4=","NEON.BET.D13.000305","OTHE","Carabidae sp.","family",,"Latreille","D13.2015.MorphO",,,"s/lmw0PcTzR4Bmy/yhclYeu7XYLZW004","s/lmw0PcTzR4Bmy/yhclYeu7XYLZW004",
"2b94e4b9-742e-49e5-829e-a7a63de270ff","NIWO_006.basePlot.bet","D13","NIWO","NIWO_006","W","2015-07-28","2015-08-11","2016-12-07","2016-11-10","/HCA//l5a79/ynE56xJylCoY8bexDnFGMK0N9gECgfA=","NEON.BET.D13.000207","CARTAE","Carabus taedatus","species",,"Fabricius",,,,"s/lmw0PcTzR4Bmy/yhclYeu7XYLZW004","s/lmw0PcTzR4Bmy/yhclYeu7XYLZW004",
"9e28eab7-516e-49d1-ad9b-9aa4653f355e","NIWO_009.basePlot.bet","D13","NIWO","NIWO_009","S","2015-07-28","2015-08-11","2016-12-10","2016-11-14","ta53RQUlpj5UBMvJyahkRfZJu0dxahu3djGtvE8UK00=","NEON.BET.D13.000315","OTHE","Carabidae sp.","family",,"Latreille","D13.2015.MorphO",,,"s/lmw0PcTzR4Bmy/yhclYeu7XYLZW004","s/lmw0PcTzR4Bmy/yhclYeu7XYLZW004",
"7aaa1c8e-ad3a-4b51-9186-ea4d15238999","NIWO_007.basePlot.bet","D13","NIWO","NIWO_007","E","2015-07-28","2015-08-11","2016-12-06","2016-11-11","S04lt30Ahx8lo/Eol1ieZcbgX1K/ZuGtceQ3IWpjU1M=","NEON.BET.D13.000141","CALADV","Calathus advena","species",,"LeConte",,,,"XZoPj1u9UmznO7Lakic/e+h3MMLMvbQt","s/lmw0PcTzR4Bmy/yhclYeu7XYLZW004",
"537444de-dc53-40d7-b158-ac01d97872a2","NIWO_007.basePlot.bet","D13","NIWO","NIWO_007","S","2015-07-28","2015-08-11","2016-09-08","2016-11-11","S04lt30Ahx9lCmMDYRy7y/pmVYM5Y9Opf1+aelv6f3c=","NEON.BET.D13.000288","OTHE","Carabidae sp.","family",,"Latreille","D13.2015.MorphO",,,"XZoPj1u9UmznO7Lakic/e+h3MMLMvbQt","s/lmw0PcTzR4Bmy/yhclYeu7XYLZW004",
"4f4dea26-ce5a-446f-874f-b2bd4f589989","NIWO_001.basePlot.bet","D13","NIWO","NIWO_001","W","2015-07-28","2015-08-11","2016-12-07","2016-11-07","fp9n17d9YyEhoHxM9Q6c8hIf7eyxx0XJmqkzwmIJLY8=","NEON.BET.D13.000212","CYMUNI1","Cymindis unicolor","species",,"Kirby",,,,"s/lmw0PcTzR4Bmy/yhclYeu7XYLZW004","s/lmw0PcTzR4Bmy/yhclYeu7XYLZW004",
"032e09b4-5cc8-4c33-91b1-0119c2fbcec8","NIWO_007.basePlot.bet","D13","NIWO","NIWO_007","E","2015-07-28","2015-08-11","2016-12-08","2016-11-11","S04lt30Ahx8lo/Eol1ieZZOj7pGn+rYRaC8gS9QBUeY=","NEON.BET.D13.000287","OTHE","Carabidae sp.","family",,"Latreille","D13.2015.MorphO",,,"XZoPj1u9UmznO7Lakic/e+h3MMLMvbQt","s/lmw0PcTzR4Bmy/yhclYeu7XYLZW004",
"201a2f6a-3a11-482c-af70-06d9524c590b","NIWO_007.basePlot.bet","D13","NIWO","NIWO_007","N","2015-07-28","2015-08-11","2016-12-06","2016-11-10","S04lt30Ahx+hs4bQv521KOxJ/OzGv57BdMMiZxpkct4=","NEON.BET.D13.000139","CALADV","Calathus advena","species",,"LeConte",,,,"s/lmw0PcTzR4Bmy/yhclYeu7XYLZW004","s/lmw0PcTzR4Bmy/yhclYeu7XYLZW004",
"25158dfd-ceb4-40eb-9f93-ccd8c9314e7d","NIWO_007.basePlot.bet","D13","NIWO","NIWO_007","N","2015-07-28","2015-08-11","2016-12-06","2016-11-10","S04lt30Ahx+hs4bQv521KOxJ/OzGv57BdMMiZxpkct4=","NEON.BET.D13.000140","CALADV","Calathus advena","species",,"LeConte",,,,"s/lmw0PcTzR4Bmy/yhclYeu7XYLZW004","s/lmw0PcTzR4Bmy/yhclYeu7XYLZW004",
"4eb36222-2e6e-4a1b-9efa-1bb34811e343","NIWO_001.basePlot.bet","D13","NIWO","NIWO_001","E","2015-07-28","2015-08-11","2016-12-07","2016-11-07","fp9n17d9YyFql4/PPIwcatzRmsQ7TCy0n0GefiqBzK8=","NEON.BET.D13.000213","CYMUNI1","Cymindis unicolor","species",,"Kirby",,,,"XZoPj1u9UmznO7Lakic/e+h3MMLMvbQt","s/lmw0PcTzR4Bmy/yhclYeu7XYLZW004",
"90c4c51d-881b-497e-924f-270b094d7e42","NIWO_004.basePlot.bet","D13","NIWO","NIWO_004","E","2015-07-28","2015-08-11","2016-12-12","2016-11-14","aRw+8bWvW/wOIENap0etmXKeBCYxxK8W/rUFtRWrnlY=","NEON.BET.D13.000460","AMAAPR","Amara apricaria","species",,"Paykull",,,,"s/lmw0PcTzR4Bmy/yhclYeu7XYLZW004","s/lmw0PcTzR4Bmy/yhclYeu7XYLZW004",
"6ed5cf69-6528-4595-bcdb-46a276569b2b","NIWO_006.basePlot.bet","D13","NIWO","NIWO_006","N","2015-07-28","2015-08-11","2016-12-09","2016-11-10","/HCA//l5a79y9FQni434g6VkXoZiqW9mmqjierdbB/g=","NEON.BET.D13.000352","AMAALP","Amara alpina","species",,"Paykull",,,,"s/lmw0PcTzR4Bmy/yhclYeu7XYLZW004","a/0SlN26fEuP6UaIdvPv8XTR4wP1QaRoaGwryJzzg3M=",
"ed74f2e4-6788-46b9-a677-74a3f30fc283","NIWO_003.basePlot.bet","D13","NIWO","NIWO_003","W","2015-07-28","2015-08-11","2016-12-12","2016-11-10","ZRQ9gNwmgylLFtb2kQGvQx/d2syMzruT0E1sZNpsxnI=","NEON.BET.D13.000436","AMAQUE","Amara quenseli quenseli","subspecies",,"Schonherr",,,,"s/lmw0PcTzR4Bmy/yhclYeu7XYLZW004","a/0SlN26fEuP6UaIdvPv8XTR4wP1QaRoaGwryJzzg3M=",
"7dd2b478-e139-4d3c-a710-f61a1a77b286","NIWO_003.basePlot.bet","D13","NIWO","NIWO_003","W","2015-07-28","2015-08-11","2016-12-12","2016-11-10","ZRQ9gNwmgylLFtb2kQGvQx/d2syMzruT0E1sZNpsxnI=","NEON.BET.D13.000437","AMAQUE","Amara quenseli quenseli","subspecies",,"Schonherr",,,,"s/lmw0PcTzR4Bmy/yhclYeu7XYLZW004","a/0SlN26fEuP6UaIdvPv8XTR4wP1QaRoaGwryJzzg3M=",
"2d941488-569c-40ea-b07a-108835c1c812","NIWO_005.basePlot.bet","D13","NIWO","NIWO_005","N","2015-07-28","2015-08-11","2016-12-07","2016-11-10","06Y8b7qnWrtKMYVGHYy4+k3m328kcC7r+WDrQGCG3a8=","NEON.BET.D13.000214","CYMUNI1","Cymindis unicolor","species",,"Kirby",,,,"s/lmw0PcTzR4Bmy/yhclYeu7XYLZW004","s/lmw0PcTzR4Bmy/yhclYeu7XYLZW004",
"ea551f9b-8516-4a57-97ef-b4ef1864f271","NIWO_003.basePlot.bet","D13","NIWO","NIWO_003","W","2015-07-28","2015-08-11","2016-12-12","2016-11-10","ZRQ9gNwmgylLFtb2kQGvQx/d2syMzruT0E1sZNpsxnI=","NEON.BET.D13.000438","AMAQUE","Amara quenseli quenseli","subspecies",,"Schonherr",,,,"s/lmw0PcTzR4Bmy/yhclYeu7XYLZW004","a/0SlN26fEuP6UaIdvPv8XTR4wP1QaRoaGwryJzzg3M=",
"146012b6-06b6-4fb8-b99a-99cdde75b024","NIWO_009.basePlot.bet","D13","NIWO","NIWO_009","N","2015-07-28","2015-08-11","2016-12-08","2016-11-14","ta53RQUlpj4uM1+qziUhagtiJl4Ka7G0aJBD4nmzVXc=","NEON.BET.D13.000290","OTHE","Carabidae sp.","family",,"Latreille","D13.2015.MorphO",,,"s/lmw0PcTzR4Bmy/yhclYeu7XYLZW004","s/lmw0PcTzR4Bmy/yhclYeu7XYLZW004",
"ee3e245d-7c8b-46ef-a021-230b526e885f","NIWO_010.basePlot.bet","D13","NIWO","NIWO_010","W","2015-07-28","2015-08-11","2016-12-07","2016-11-14","SpCPEqaS8lRCWHMNC5CpgMNrObSaYp/5v1EX/9w7fO4=","NEON.BET.D13.000241","CYMUNI1","Cymindis unicolor","species",,"Kirby",,,,"XZoPj1u9UmznO7Lakic/e+h3MMLMvbQt","s/lmw0PcTzR4Bmy/yhclYeu7XYLZW004",
"a54cf81c-7342-4f84-aa35-1480843fdc37","NIWO_008.basePlot.bet","D13","NIWO","NIWO_008","S","2015-07-28","2015-08-11","2016-12-12","2016-11-14","5+aRVO2c2a4fZXmRIIT3Ka7sIpKwE4wheWSHr+RUbZI=","NEON.BET.D13.000435","AMAQUE","Amara quenseli quenseli","subspecies",,"Schonherr",,,,"s/lmw0PcTzR4Bmy/yhclYeu7XYLZW004","a/0SlN26fEuP6UaIdvPv8XTR4wP1QaRoaGwryJzzg3M=",
"4fa033d1-c7da-40e0-abbb-ef5ab222a47c","NIWO_008.basePlot.bet","D13","NIWO","NIWO_008","S","2015-07-28","2015-08-11","2016-12-09","2016-11-14","5+aRVO2c2a4fZXmRIIT3KRkrbaf86gl2+5rM1QBy5hI=","NEON.BET.D13.000387","CYMCRI","Cymindis cribricollis","species",,"Dejean",,,,"s/lmw0PcTzR4Bmy/yhclYeu7XYLZW004","s/lmw0PcTzR4Bmy/yhclYeu7XYLZW004",
"6d87fe1a-ab52-45b1-82e5-bc6535b5eac7","NIWO_008.basePlot.bet","D13","NIWO","NIWO_008","S","2015-07-28","2015-08-11","2016-12-09","2016-11-14","5+aRVO2c2a4fZXmRIIT3KRkrbaf86gl2+5rM1QBy5hI=","NEON.BET.D13.000386","CYMCRI","Cymindis cribricollis","species",,"Dejean",,,,"s/lmw0PcTzR4Bmy/yhclYeu7XYLZW004","s/lmw0PcTzR4Bmy/yhclYeu7XYLZW004",
"a0dcd579-5f6c-4189-a367-2ccb21577d42","NIWO_008.basePlot.bet","D13","NIWO","NIWO_008","S","2015-07-28","2015-08-11","2016-12-09","2016-11-14","5+aRVO2c2a4fZXmRIIT3KRkrbaf86gl2+5rM1QBy5hI=","NEON.BET.D13.000385","CYMCRI","Cymindis cribricollis","species",,"Dejean",,,,"s/lmw0PcTzR4Bmy/yhclYeu7XYLZW004","s/lmw0PcTzR4Bmy/yhclYeu7XYLZW004",
"1bacbd04-6a1e-43d5-bb1e-8ea7a3ccf5ee","NIWO_004.basePlot.bet","D13","NIWO","NIWO_004","N","2015-07-28","2015-08-11","2016-12-09","2016-11-14","aRw+8bWvW/xB0g5tp1LHGdUgNVtIS+seoqQ2ZFRkL9E=","NEON.BET.D13.000377","HARNIG","Harpalus nigritarsis","species",,"Sahlberg",,,,"XZoPj1u9UmznO7Lakic/e+h3MMLMvbQt","s/lmw0PcTzR4Bmy/yhclYeu7XYLZW004",
"cd0339f3-b1e9-4a25-a6f3-f9eeb6e5cc20","NIWO_003.basePlot.bet","D13","NIWO","NIWO_003","W","2015-07-28","2015-08-11","2016-12-07","2016-11-10","ZRQ9gNwmgylLFtb2kQGvQyxcSfVdipry2iTYh6GYRZg=","NEON.BET.D13.000204","CARTAE","Carabus taedatus","species",,"Fabricius",,,,"s/lmw0PcTzR4Bmy/yhclYeu7XYLZW004","s/lmw0PcTzR4Bmy/yhclYeu7XYLZW004",
"56796f79-ca1e-4d84-a51e-c4b618b9184f","NIWO_003.basePlot.bet","D13","NIWO","NIWO_003","N","2015-07-28","2015-08-11","2016-12-12","2016-11-09","ZRQ9gNwmgymIPtZS12an+8+mZyARtKNeWTKhiPLoo5c=","NEON.BET.D13.000420","AMAQUE","Amara quenseli quenseli","subspecies",,"Schonherr",,,,"s/lmw0PcTzR4Bmy/yhclYeu7XYLZW004","a/0SlN26fEuP6UaIdvPv8XTR4wP1QaRoaGwryJzzg3M=",
"146c7e85-e01d-4797-8273-f515005b6f0d","NIWO_009.basePlot.bet","D13","NIWO","NIWO_009","N","2015-07-28","2015-08-11","2016-12-06","2016-11-14","ta53RQUlpj4uM1+qziUhamcaHA7/tJRW3aslOuZ3TZA=","NEON.BET.D13.000144","CALADV","Calathus advena","species",,"LeConte",,,,"s/lmw0PcTzR4Bmy/yhclYeu7XYLZW004","s/lmw0PcTzR4Bmy/yhclYeu7XYLZW004",
"d41df1e1-ce48-459c-b253-61394eb202ad","NIWO_009.basePlot.bet","D13","NIWO","NIWO_009","N","2015-07-28","2015-08-11","2016-12-06","2016-11-14","ta53RQUlpj4uM1+qziUhamcaHA7/tJRW3aslOuZ3TZA=","NEON.BET.D13.000143","CALADV","Calathus advena","species",,"LeConte",,,,"s/lmw0PcTzR4Bmy/yhclYeu7XYLZW004","s/lmw0PcTzR4Bmy/yhclYeu7XYLZW004",
"d4390666-9324-4eb7-ae6c-42c0bc5b25cb","NIWO_009.basePlot.bet","D13","NIWO","NIWO_009","S","2015-07-28","2015-08-11","2016-12-06","2016-11-14","ta53RQUlpj5UBMvJyahkRXCdNjXDFwrIThDE92Gywr4=","NEON.BET.D13.000145","CALADV","Calathus advena","species",,"LeConte",,,,"s/lmw0PcTzR4Bmy/yhclYeu7XYLZW004","s/lmw0PcTzR4Bmy/yhclYeu7XYLZW004",
"90a97efa-be74-4795-babe-39a1715b9087","NIWO_001.basePlot.bet","D13","NIWO","NIWO_001","S","2015-07-28","2015-08-11","2016-12-01","2016-11-07","fp9n17d9YyHDV4GhMX9L5BLeakNMsYDx51zOjkQcUM0=","NEON.BET.D13.000023","OTHE","Carabidae sp.","family",,"Latreille","D13.2015.MorphO",,,"s/lmw0PcTzR4Bmy/yhclYeu7XYLZW004","s/lmw0PcTzR4Bmy/yhclYeu7XYLZW004",
"7f0f86ce-a67b-46ba-b1ce-27b065c71e28","NIWO_006.basePlot.bet","D13","NIWO","NIWO_006","E","2015-07-28","2015-08-11","2016-12-07","2016-11-10","/HCA//l5a7/R8eac+Xr29qwyxSzp9TvqMuRNvQXaEXA=","NEON.BET.D13.000205","CARTAE","Carabus taedatus","species",,"Fabricius",,,,"s/lmw0PcTzR4Bmy/yhclYeu7XYLZW004","s/lmw0PcTzR4Bmy/yhclYeu7XYLZW004",
"db916628-08f8-4cb9-a212-3de7bcfe379c","NIWO_010.basePlot.bet","D13","NIWO","NIWO_010","W","2015-07-28","2015-08-11","2016-12-09","2016-11-14","SpCPEqaS8lRCWHMNC5CpgNvf/6igeb0rvSStLN73CEM=","NEON.BET.D13.000316","OTHE","Carabidae sp.","family",,"Latreille","D13.2015.MorphO",,,"XZoPj1u9UmznO7Lakic/e+h3MMLMvbQt","s/lmw0PcTzR4Bmy/yhclYeu7XYLZW004",
"f73c97ac-ee3c-4be1-a670-3b1530b0a579","NIWO_008.basePlot.bet","D13","NIWO","NIWO_008","N","2015-07-28","2015-08-11","2016-12-09","2016-11-10","5+aRVO2c2a6I5g93LOKgRqdIO3jlyyKcQhmndZ51GVs=","NEON.BET.D13.000353","AMAALP","Amara alpina","species",,"Paykull",,,,"s/lmw0PcTzR4Bmy/yhclYeu7XYLZW004","a/0SlN26fEuP6UaIdvPv8XTR4wP1QaRoaGwryJzzg3M=",
"fd05ac71-18d9-4068-a1ea-ea66608c60fc","NIWO_008.basePlot.bet","D13","NIWO","NIWO_008","W","2015-07-28","2015-08-11","2016-12-12","2016-11-14","5+aRVO2c2a7tyUr5BvACjGpDUaR6+6IJIhuk5n9eQuE=","NEON.BET.D13.000465","DISPAR1","Discoderus parallelus","species",,"Haldeman",,,,"XZoPj1u9UmznO7Lakic/e+h3MMLMvbQt","s/lmw0PcTzR4Bmy/yhclYeu7XYLZW004",
"87d10f7f-8551-457b-83af-4c9c16f7265b","NIWO_005.basePlot.bet","D13","NIWO","NIWO_005","N","2015-07-28","2015-08-11","2016-12-06","2016-11-10","06Y8b7qnWrtKMYVGHYy4+g3CpT9IR69/WWZq26Z4PRI=","NEON.BET.D13.000138","CALADV","Calathus advena","species",,"LeConte",,,,"s/lmw0PcTzR4Bmy/yhclYeu7XYLZW004","s/lmw0PcTzR4Bmy/yhclYeu7XYLZW004",
"4a1b748e-09ca-42c7-88ce-0bd346f76510","NIWO_005.basePlot.bet","D13","NIWO","NIWO_005","E","2015-07-28","2015-08-11","2016-12-08","2016-11-10","06Y8b7qnWrtrUXq6Cek0DJFDOzvrMErvo/9m5HsaCXk=","NEON.BET.D13.000306","OTHE","Carabidae sp.","family",,"Latreille","D13.2015.MorphO",,,"s/lmw0PcTzR4Bmy/yhclYeu7XYLZW004","s/lmw0PcTzR4Bmy/yhclYeu7XYLZW004",
"8dc14ed4-3229-4c83-93ad-9157f3208f32","NIWO_003.basePlot.bet","D13","NIWO","NIWO_003","S","2015-07-28","2015-08-11","2016-12-12","2016-11-09","ZRQ9gNwmgykmJ0A4JTWHpAXIWuChDGnqnXnTe27hIL8=","NEON.BET.D13.000421","AMAQUE","Amara quenseli quenseli","subspecies",,"Schonherr",,,,"s/lmw0PcTzR4Bmy/yhclYeu7XYLZW004","a/0SlN26fEuP6UaIdvPv8XTR4wP1QaRoaGwryJzzg3M=",
"160f635f-772c-49cc-bb38-cdf26c9c0818","NIWO_003.basePlot.bet","D13","NIWO","NIWO_003","S","2015-07-28","2015-08-11","2016-12-12","2016-11-09","ZRQ9gNwmgykmJ0A4JTWHpAXIWuChDGnqnXnTe27hIL8=","NEON.BET.D13.000423","AMAQUE","Amara quenseli quenseli","subspecies",,"Schonherr",,,,"s/lmw0PcTzR4Bmy/yhclYeu7XYLZW004","a/0SlN26fEuP6UaIdvPv8XTR4wP1QaRoaGwryJzzg3M=",
"ceba24da-f4ff-4584-8e99-f119272b1aad","NIWO_003.basePlot.bet","D13","NIWO","NIWO_003","S","2015-07-28","2015-08-11","2016-12-12","2016-11-09","ZRQ9gNwmgykmJ0A4JTWHpAXIWuChDGnqnXnTe27hIL8=","NEON.BET.D13.000422","AMAQUE","Amara quenseli quenseli","subspecies",,"Schonherr",,,,"s/lmw0PcTzR4Bmy/yhclYeu7XYLZW004","a/0SlN26fEuP6UaIdvPv8XTR4wP1QaRoaGwryJzzg3M=",
"4dc3a05f-671a-4290-be99-f9da555c30e8","NIWO_010.basePlot.bet","D13","NIWO","NIWO_010","S","2015-07-28","2015-08-11","2016-12-07","2016-11-10","SpCPEqaS8lSDVwpWIb8p3nJbMAqDeCtRFF1An8WHxyc=","NEON.BET.D13.000209","CARTAE","Carabus taedatus","species",,"Fabricius",,,,"s/lmw0PcTzR4Bmy/yhclYeu7XYLZW004","s/lmw0PcTzR4Bmy/yhclYeu7XYLZW004",
"4f60f8c2-e9dc-4d35-a131-6800660dbf1b","NIWO_007.basePlot.bet","D13","NIWO","NIWO_007","S","2015-07-28","2015-08-11","2016-12-06","2016-11-11","S04lt30Ahx9lCmMDYRy7ywwA6b9Z8T1nD2m3G6gdrMY=","NEON.BET.D13.000142","CALADV","Calathus advena","species",,"LeConte",,,,"XZoPj1u9UmznO7Lakic/e+h3MMLMvbQt","s/lmw0PcTzR4Bmy/yhclYeu7XYLZW004",
"1be52890-3f37-4106-b20f-13ff3cee1a5d","NIWO_006.basePlot.bet","D13","NIWO","NIWO_006","E","2015-07-28","2015-08-11","2016-12-09","2016-11-10","/HCA//l5a7/R8eac+Xr29s+/B01jQZMEI+6A6l6oC8Y=","NEON.BET.D13.000351","AMAALP","Amara alpina","species",,"Paykull",,,,"s/lmw0PcTzR4Bmy/yhclYeu7XYLZW004","a/0SlN26fEuP6UaIdvPv8XTR4wP1QaRoaGwryJzzg3M=",
"94760a49-d19f-48e7-88ac-f71814ba2a5d","NIWO_007.basePlot.bet","D13","NIWO","NIWO_007","W","2015-07-28","2015-08-11","2016-12-08","2016-11-11","S04lt30Ahx8VQr1krxvtUJBDG6ivkxUoUznMmXLlTas=","NEON.BET.D13.000289","OTHE","Carabidae sp.","family",,"Latreille","D13.2015.MorphO",,,"XZoPj1u9UmznO7Lakic/e+h3MMLMvbQt","s/lmw0PcTzR4Bmy/yhclYeu7XYLZW004",
"4fb14c45-19f3-41e2-87fc-62aff7e36ad3","NIWO_003.basePlot.bet","D13","NIWO","NIWO_003","S","2015-07-28","2015-08-11","2016-12-07","2016-11-09","ZRQ9gNwmgykmJ0A4JTWHpDx0/715nDchO1dhZkxHDNo=","NEON.BET.D13.000203","CARTAE","Carabus taedatus","species",,"Fabricius",,,,"s/lmw0PcTzR4Bmy/yhclYeu7XYLZW004","s/lmw0PcTzR4Bmy/yhclYeu7XYLZW004",
"1daa998e-4650-446a-ba6d-fa6765491050","NIWO_003.basePlot.bet","D13","NIWO","NIWO_003","E","2015-07-28","2015-08-11","2016-12-12","2016-11-14","ZRQ9gNwmgynu1ZgrUyHHakTPFO4L6mGqYISAc/e7D/c=","NEON.BET.D13.000468","AMAQUE","Amara quenseli quenseli","subspecies",,"Schonherr",,,,"s/lmw0PcTzR4Bmy/yhclYeu7XYLZW004","s/lmw0PcTzR4Bmy/yhclYeu7XYLZW004",
"68ccc1b9-c116-4191-a817-7f798e706fc6","NIWO_008.basePlot.bet","D13","NIWO","NIWO_008","W","2015-07-28","2015-08-11","2016-12-12","2016-11-14","5+aRVO2c2a7tyUr5BvACjNrEdGOLLgRDRe5ks/dfq0Y=","NEON.BET.D13.000439","AMAQUE","Amara quenseli quenseli","subspecies",,"Schonherr",,,,"XZoPj1u9UmznO7Lakic/e+h3MMLMvbQt","a/0SlN26fEuP6UaIdvPv8XTR4wP1QaRoaGwryJzzg3M=",
"1d9c789d-7f09-4f64-b121-c2719f4e133e","NIWO_004.basePlot.bet","D13","NIWO","NIWO_004","E","2015-07-28","2015-08-11","2016-12-09","2016-11-15","aRw+8bWvW/wOIENap0etmepAVmgUeBEEaRT96PDfj/M=","NEON.BET.D13.000378","HARNIG","Harpalus nigritarsis","species",,"Sahlberg",,,,"s/lmw0PcTzR4Bmy/yhclYeu7XYLZW004","s/lmw0PcTzR4Bmy/yhclYeu7XYLZW004",
"a75bcd77-0fde-46b9-b419-899f85addf1e","NIWO_008.basePlot.bet","D13","NIWO","NIWO_008","W","2015-07-28","2015-08-11","2016-12-12","2016-11-14","5+aRVO2c2a7tyUr5BvACjNrEdGOLLgRDRe5ks/dfq0Y=","NEON.BET.D13.000440","AMAQUE","Amara quenseli quenseli","subspecies",,"Schonherr",,,,"XZoPj1u9UmznO7Lakic/e+h3MMLMvbQt","a/0SlN26fEuP6UaIdvPv8XTR4wP1QaRoaGwryJzzg3M=",
"e5a3c069-3050-410f-b8f3-ba92fddf785b","NIWO_002.basePlot.bet","D13","NIWO","NIWO_002","E","2015-07-28","2015-08-11","2016-12-01","2016-11-07","Yxxla30BRilqBoOx9xPoXx2toHmo/2W4+93dYfZLC5w=","NEON.BET.D13.000025","OTHE","Carabidae sp.","family",,"Latreille","D13.2015.MorphO",,,"s/lmw0PcTzR4Bmy/yhclYeu7XYLZW004","s/lmw0PcTzR4Bmy/yhclYeu7XYLZW004",
"ac61977a-0dac-4bfb-8ec4-ac475587b89f","NIWO_001.basePlot.bet","D13","NIWO","NIWO_001","W","2015-07-28","2015-08-11","2016-12-01","2016-11-07","fp9n17d9YyEhoHxM9Q6c8kQD2KUmTvAz8UzgYVVfVkc=","NEON.BET.D13.000024","OTHE","Carabidae sp.","family",,"Latreille","D13.2015.MorphO",,,"s/lmw0PcTzR4Bmy/yhclYeu7XYLZW004","s/lmw0PcTzR4Bmy/yhclYeu7XYLZW004",
"e5c9915d-7f16-4124-bc83-4cf2c266c1d3","NIWO_007.basePlot.bet","D13","NIWO","NIWO_007","N","2015-07-28","2015-08-11","2016-12-08","2016-11-10","S04lt30Ahx+hs4bQv521KNnaWMcx9hN5dKZ+pS139vc=","NEON.BET.D13.000262","OTHE","Carabidae sp.","family",,"Latreille","D13.2015.MorphO",,,"s/lmw0PcTzR4Bmy/yhclYeu7XYLZW004","s/lmw0PcTzR4Bmy/yhclYeu7XYLZW004",
"3c7922d9-d27f-449c-af8c-763178f24195","NIWO_004.basePlot.bet","D13","NIWO","NIWO_004","S","2015-07-28","2015-08-11","2016-12-09","2016-11-15","aRw+8bWvW/xPJ1WUnvg8OoBMBSiU5/oB1ad0sSomJwU=","NEON.BET.D13.000381","HARNIG","Harpalus nigritarsis","species",,"Sahlberg",,,,"s/lmw0PcTzR4Bmy/yhclYeu7XYLZW004","s/lmw0PcTzR4Bmy/yhclYeu7XYLZW004",
"43d11ed1-8892-45bf-8c65-e69380e053c0","NIWO_001.basePlot.bet","D13","NIWO","NIWO_001","E","2015-07-28","2015-08-11","2016-12-12","2016-11-10","fp9n17d9YyFql4/PPIwcaqctXlOqBwWYaq8QkUAj+b8=","NEON.BET.D13.000464","DISPAR1","Discoderus parallelus","species",,"Haldeman",,,,"XZoPj1u9UmznO7Lakic/e+h3MMLMvbQt","s/lmw0PcTzR4Bmy/yhclYeu7XYLZW004",
"0e110160-4ca8-4e84-8a80-9798e54181ed","NIWO_006.basePlot.bet","D13","NIWO","NIWO_006","N","2015-07-28","2015-08-11","2016-12-07","2016-11-10","/HCA//l5a79y9FQni434gzPxXMsjrREysgcF865/ZAA=","NEON.BET.D13.000206","CARTAE","Carabus taedatus","species",,"Fabricius",,,,"s/lmw0PcTzR4Bmy/yhclYeu7XYLZW004","s/lmw0PcTzR4Bmy/yhclYeu7XYLZW004",
"3afb8afc-d830-4bc6-b494-21a7873cc47d","NIWO_004.basePlot.bet","D13","NIWO","NIWO_004","S","2015-07-28","2015-08-11","2016-12-09","2016-11-15","aRw+8bWvW/xPJ1WUnvg8OoBMBSiU5/oB1ad0sSomJwU=","NEON.BET.D13.000380","HARNIG","Harpalus nigritarsis","species",,"Sahlberg",,,,"s/lmw0PcTzR4Bmy/yhclYeu7XYLZW004","s/lmw0PcTzR4Bmy/yhclYeu7XYLZW004",
"b9a36d3c-299b-46de-b640-f574b815cbc8","NIWO_008.basePlot.bet","D13","NIWO","NIWO_008","S","2015-07-28","2015-08-11","2016-12-07","2016-11-14","5+aRVO2c2a4fZXmRIIT3KQcT/NywCnEVmOOhqd6tQzA=","NEON.BET.D13.000216","CYMUNI1","Cymindis unicolor","species",,"Kirby",,,,"s/lmw0PcTzR4Bmy/yhclYeu7XYLZW004","s/lmw0PcTzR4Bmy/yhclYeu7XYLZW004",
"8375334a-38cc-4bd8-821e-921e3ac70564","NIWO_008.basePlot.bet","D13","NIWO","NIWO_008","E","2015-07-28","2015-08-11","2016-12-12","2016-11-14","5+aRVO2c2a7Ju/6v8LE/pKk/o66MOEN2FwbYvtxpQRw=","NEON.BET.D13.000467","AMAQUE","Amara quenseli quenseli","subspecies",,"Schonherr",,,,"XZoPj1u9UmznO7Lakic/e+h3MMLMvbQt","s/lmw0PcTzR4Bmy/yhclYeu7XYLZW004",
"6cbe4486-034e-4afa-b3eb-1f1139117adc","NIWO_004.basePlot.bet","D13","NIWO","NIWO_004","S","2015-07-28","2015-08-11","2016-12-09","2016-11-15","aRw+8bWvW/xPJ1WUnvg8OoBMBSiU5/oB1ad0sSomJwU=","NEON.BET.D13.000379","HARNIG","Harpalus nigritarsis","species",,"Sahlberg",,,,"s/lmw0PcTzR4Bmy/yhclYeu7XYLZW004","s/lmw0PcTzR4Bmy/yhclYeu7XYLZW004",
"cc026581-a4b4-4544-a30f-e7210937effe","NIWO_002.basePlot.bet","D13","NIWO","NIWO_002","S","2015-07-28","2015-08-11","2016-12-06","2016-11-09","Yxxla30BRinFv45w6Vr3F+FtxkpbvnxCB0cfZ6P5pho=","NEON.BET.D13.000137","CALADV","Calathus advena","species",,"LeConte",,,,"s/lmw0PcTzR4Bmy/yhclYeu7XYLZW004","s/lmw0PcTzR4Bmy/yhclYeu7XYLZW004",
"9ea1e90c-1045-4472-b718-43d5f838c4a9","NIWO_005.basePlot.bet","D13","NIWO","NIWO_005","S","2015-07-28","2015-08-11","2016-12-07","2016-11-10","06Y8b7qnWrvNpkaT/gWkNhvbCxhghkThTG2/OYzDhLs=","NEON.BET.D13.000215","CYMUNI1","Cymindis unicolor","species",,"Kirby",,,,"s/lmw0PcTzR4Bmy/yhclYeu7XYLZW004","s/lmw0PcTzR4Bmy/yhclYeu7XYLZW004",
"f448c89c-d949-4b3f-9146-63e3d32dceb1","NIWO_002.basePlot.bet","D13","NIWO","NIWO_002","S","2015-08-11","2015-08-25","2016-12-06","2016-11-15","Yxxla30BRinFv45w6Vr3FwGLBD4NIgQryRBIH8NX6Rg=","NEON.BET.D13.000149","CALADV","Calathus advena","species",,"LeConte",,,,"XZoPj1u9UmznO7Lakic/e+h3MMLMvbQt","s/lmw0PcTzR4Bmy/yhclYeu7XYLZW004",
"8bb40026-8303-46d3-9f88-0672573f414c","NIWO_008.basePlot.bet","D13","NIWO","NIWO_008","E","2015-08-11","2015-08-25","2016-12-06","2016-11-16","5+aRVO2c2a7Ju/6v8LE/pPNihFYxemUCRXhPla7mUVk=","NEON.BET.D13.000183","CARTAE","Carabus taedatus","species",,"Fabricius",,,,"XZoPj1u9UmznO7Lakic/e+h3MMLMvbQt","s/lmw0PcTzR4Bmy/yhclYeu7XYLZW004",
"da8e6b9c-d7d0-4ac4-93b4-266ce1392f6f","NIWO_002.basePlot.bet","D13","NIWO","NIWO_002","S","2015-08-11","2015-08-25","2016-12-06","2016-11-15","Yxxla30BRinFv45w6Vr3FwGLBD4NIgQryRBIH8NX6Rg=","NEON.BET.D13.000148","CALADV","Calathus advena","species",,"LeConte",,,,"XZoPj1u9UmznO7Lakic/e+h3MMLMvbQt","s/lmw0PcTzR4Bmy/yhclYeu7XYLZW004",
"9853db09-9fd0-4812-ad9a-a4fb42047e27","NIWO_008.basePlot.bet","D13","NIWO","NIWO_008","N","2015-08-11","2015-08-25","2016-12-12","2016-11-16","5+aRVO2c2a6I5g93LOKgRvsAmERhi5LTOf+SFDeDzIw=","NEON.BET.D13.000472","AMAQUE","Amara quenseli quenseli","subspecies",,"Schonherr",,,,"s/lmw0PcTzR4Bmy/yhclYeu7XYLZW004","s/lmw0PcTzR4Bmy/yhclYeu7XYLZW004",
"9b47a85c-1233-4db1-9fa1-f2d57fb355a5","NIWO_005.basePlot.bet","D13","NIWO","NIWO_005","W","2015-08-11","2015-08-25","2016-12-09","2016-11-16","06Y8b7qnWrtXKYveLFBULNYB9R+wzaOEkq87gd+21I4=","NEON.BET.D13.000322","OTHE","Carabidae sp.","family",,"Latreille","D13.2015.MorphO",,,"s/lmw0PcTzR4Bmy/yhclYeu7XYLZW004","s/lmw0PcTzR4Bmy/yhclYeu7XYLZW004",
"81c5c273-1b7a-482a-a06e-d1ba0943048e","NIWO_006.basePlot.bet","D13","NIWO","NIWO_006","N","2015-08-11","2015-08-25","2016-12-06","2016-11-16","/HCA//l5a79y9FQni434g+3vg/tOZXcC0L9gvPFKpFI=","NEON.BET.D13.000181","CARTAE","Carabus taedatus","species",,"Fabricius",,,,"s/lmw0PcTzR4Bmy/yhclYeu7XYLZW004","s/lmw0PcTzR4Bmy/yhclYeu7XYLZW004",
"86029972-753b-4f66-9462-22514329387c","NIWO_010.basePlot.bet","D13","NIWO","NIWO_010","S","2015-08-11","2015-08-25","2016-12-09","2016-11-17","SpCPEqaS8lSDVwpWIb8p3oks754/beTFkXiMRLxsczg=","NEON.BET.D13.000332","OTHE","Carabidae sp.","family",,"Latreille","D13.2015.MorphO",,,"s/lmw0PcTzR4Bmy/yhclYeu7XYLZW004","s/lmw0PcTzR4Bmy/yhclYeu7XYLZW004",
"425e008b-52b1-4fe2-918b-f002a4e4d9db","NIWO_003.basePlot.bet","D13","NIWO","NIWO_003","E","2015-08-11","2015-08-25","2016-12-12","2016-11-15","ZRQ9gNwmgynu1ZgrUyHHavcBVsjCA7sfo5rO8QlD7NM=","NEON.BET.D13.000443","AMAQUE","Amara quenseli quenseli","subspecies",,"Schonherr",,,,"XZoPj1u9UmznO7Lakic/e+h3MMLMvbQt","a/0SlN26fEuP6UaIdvPv8XTR4wP1QaRoaGwryJzzg3M=",
"17a263e3-0cde-4217-8988-df898016108b","NIWO_001.basePlot.bet","D13","NIWO","NIWO_001","N","2015-08-11","2015-08-25","2016-12-09","2016-11-15","fp9n17d9YyG54himxS8ErQn1GS2ty0TWzaX/BOAdCoU=","NEON.BET.D13.000318","OTHE","Carabidae sp.","family",,"Latreille","D13.2015.MorphO",,,"XZoPj1u9UmznO7Lakic/e+h3MMLMvbQt","s/lmw0PcTzR4Bmy/yhclYeu7XYLZW004","right leg glued back on"
"a27bc170-b65d-4d67-9895-157937b6e05c","NIWO_001.basePlot.bet","D13","NIWO","NIWO_001","E","2015-08-11","2015-08-25","2016-12-09","2017-01-25","fp9n17d9YyFql4/PPIwcaovtogyW3sK7EQgBlWtkCf0=","NEON.BET.D13.000317","OTHE","Carabidae sp.","family",,"Latreille","D13.2015.MorphO",,,"XZoPj1u9UmznO7Lakic/e+h3MMLMvbQt","s/lmw0PcTzR4Bmy/yhclYeu7XYLZW004",
"6b434ef3-6c33-44b2-ab47-8e18e5b71ce2","NIWO_010.basePlot.bet","D13","NIWO","NIWO_010","S","2015-08-11","2015-08-25","2016-12-06","2016-11-17","SpCPEqaS8lSDVwpWIb8p3sguIfBn2YineutX8jUAYQo=","NEON.BET.D13.000156","CALADV","Calathus advena","species",,"LeConte",,,,"s/lmw0PcTzR4Bmy/yhclYeu7XYLZW004","s/lmw0PcTzR4Bmy/yhclYeu7XYLZW004",
"2c6af031-80ce-44ad-bf08-0d25ac67ca11","NIWO_003.basePlot.bet","D13","NIWO","NIWO_003","E","2015-08-11","2015-08-25","2016-12-06","2016-11-15","ZRQ9gNwmgynu1ZgrUyHHahjfTqw6Hkpxr0m6bkU1FEk=","NEON.BET.D13.000179","CARTAE","Carabus taedatus","species",,"Fabricius",,,,"XZoPj1u9UmznO7Lakic/e+h3MMLMvbQt","s/lmw0PcTzR4Bmy/yhclYeu7XYLZW004",
"ec3854f3-9d90-4fd7-8e99-d7ae6288cbf0","NIWO_003.basePlot.bet","D13","NIWO","NIWO_003","S","2015-08-11","2015-08-25","2016-12-06","2016-11-15","ZRQ9gNwmgykmJ0A4JTWHpMpJsyP1FoZjTU6sLRSKdtQ=","NEON.BET.D13.000180","CARTAE","Carabus taedatus","species",,"Fabricius",,,,"XZoPj1u9UmznO7Lakic/e+h3MMLMvbQt","s/lmw0PcTzR4Bmy/yhclYeu7XYLZW004",
"47db1b34-0309-4a07-bb85-e67b77e756c0","NIWO_009.basePlot.bet","D13","NIWO","NIWO_009","S","2015-08-11","2015-08-25","2016-12-09","2016-11-17","ta53RQUlpj5UBMvJyahkRVxo1hSDYA/CHurO/BKe20Q=","NEON.BET.D13.000345","CALING","Calathus ingratus","species",,"Dejean",,,,"s/lmw0PcTzR4Bmy/yhclYeu7XYLZW004","s/lmw0PcTzR4Bmy/yhclYeu7XYLZW004",
"235b65d2-7b5f-4768-aefc-28fe538193a9","NIWO_008.basePlot.bet","D13","NIWO","NIWO_008","W","2015-08-11","2015-08-25","2016-12-12","2016-11-16","5+aRVO2c2a7tyUr5BvACjOeqgqoWRrI/E3W6cBO8Jfc=","NEON.BET.D13.000473","AMAQUE","Amara quenseli quenseli","subspecies",,"Schonherr",,,,"s/lmw0PcTzR4Bmy/yhclYeu7XYLZW004","s/lmw0PcTzR4Bmy/yhclYeu7XYLZW004",
"b814ff7e-963c-4953-972c-6384cab040ce","NIWO_008.basePlot.bet","D13","NIWO","NIWO_008","S","2015-08-11","2015-08-25","2016-12-06","2016-11-16","5+aRVO2c2a4fZXmRIIT3KT4Qp+k8JcIQRdROk5Fgoiw=","NEON.BET.D13.000185","CARTAE","Carabus taedatus","species",,"Fabricius",,,,"XZoPj1u9UmznO7Lakic/e+h3MMLMvbQt","s/lmw0PcTzR4Bmy/yhclYeu7XYLZW004",
"dc847aa1-2e34-440a-8634-493e11f6c971","NIWO_005.basePlot.bet","D13","NIWO","NIWO_005","S","2015-08-11","2015-08-25","2016-12-09","2016-11-16","06Y8b7qnWrvNpkaT/gWkNq71WgDFlq3bIprgOYwu9+c=","NEON.BET.D13.000323","OTHE","Carabidae sp.","family",,"Latreille","D13.2015.MorphO",,,"XZoPj1u9UmznO7Lakic/e+h3MMLMvbQt","s/lmw0PcTzR4Bmy/yhclYeu7XYLZW004",
"f66f0845-d0fa-437d-985c-20ac44abe799","NIWO_009.basePlot.bet","D13","NIWO","NIWO_009","N","2015-08-11","2015-08-25","2016-12-09","2016-11-16","ta53RQUlpj4uM1+qziUhavmjqNq8lLdPEoR1X7ORUMY=","NEON.BET.D13.000327","OTHE","Carabidae sp.","family",,"Latreille","D13.2015.MorphO",,,"s/lmw0PcTzR4Bmy/yhclYeu7XYLZW004","s/lmw0PcTzR4Bmy/yhclYeu7XYLZW004",
"cc04c5c7-7a4c-442f-9b52-3b0e4adc3d32","NIWO_009.basePlot.bet","D13","NIWO","NIWO_009","S","2015-08-11","2015-08-25","2016-12-09","2016-11-17","ta53RQUlpj5UBMvJyahkRU4lFjPQPtS5oRVcSLWwvdE=","NEON.BET.D13.000329","OTHE","Carabidae sp.","family",,"Latreille","D13.2015.MorphO",,,"s/lmw0PcTzR4Bmy/yhclYeu7XYLZW004","s/lmw0PcTzR4Bmy/yhclYeu7XYLZW004",
"05a58748-823c-4a6f-a5a2-6051d3e27f56","NIWO_006.basePlot.bet","D13","NIWO","NIWO_006","N","2015-08-11","2015-08-25","2016-12-09","2016-11-16","/HCA//l5a79y9FQni434g8VN3z49zMjlFXYbjHEz5i4=","NEON.BET.D13.000355","AMAALP","Amara alpina","species",,"Paykull",,,,"s/lmw0PcTzR4Bmy/yhclYeu7XYLZW004","a/0SlN26fEuP6UaIdvPv8XTR4wP1QaRoaGwryJzzg3M=",
"d29d3eaf-3a47-4992-ac41-a6371d14f992","NIWO_008.basePlot.bet","D13","NIWO","NIWO_008","S","2015-08-11","2015-08-25","2016-12-09","2016-11-17","5+aRVO2c2a4fZXmRIIT3KVCds6i2ldRfKeINI2ymjYo=","NEON.BET.D13.000349","CICPUN","Cicindela punctulata","species",,"Olivier",,,,"XZoPj1u9UmznO7Lakic/e+h3MMLMvbQt","s/lmw0PcTzR4Bmy/yhclYeu7XYLZW004",
"1e9f8b6e-7d46-48e5-a501-ae9a43ffa0dd","NIWO_004.basePlot.bet","D13","NIWO","NIWO_004","S","2015-08-11","2015-08-25","2016-12-09","2016-11-17","aRw+8bWvW/xPJ1WUnvg8Oi2DGpd3vMyV74i/f7O3FfQ=","NEON.BET.D13.000348","HARNIG","Harpalus nigritarsis","species",,"Sahlberg",,,,"XZoPj1u9UmznO7Lakic/e+h3MMLMvbQt","s/lmw0PcTzR4Bmy/yhclYeu7XYLZW004",
"232e910c-3d2d-42af-ad0a-d53094272ce7","NIWO_008.basePlot.bet","D13","NIWO","NIWO_008","N","2015-08-11","2015-08-25","2016-12-06","2016-11-16","5+aRVO2c2a6I5g93LOKgRh1V9KFztfQPCJ9ohjejQKE=","NEON.BET.D13.000184","CARTAE","Carabus taedatus","species",,"Fabricius",,,,"s/lmw0PcTzR4Bmy/yhclYeu7XYLZW004","s/lmw0PcTzR4Bmy/yhclYeu7XYLZW004",
"61276023-53ed-4929-a6cc-29bd2716b4e9","NIWO_002.basePlot.bet","D13","NIWO","NIWO_002","N","2015-08-11","2015-08-25","2016-12-09","2016-11-15","Yxxla30BRilk/hATSF9Ypmf1dtiUYyRWQR2JvlqiD5Y=","NEON.BET.D13.000319","OTHE","Carabidae sp.","family",,"Latreille","D13.2015.MorphO",,,"XZoPj1u9UmznO7Lakic/e+h3MMLMvbQt","s/lmw0PcTzR4Bmy/yhclYeu7XYLZW004","tight leg glued back on"
"bb4b7fe3-d996-458c-84ec-260cfba525b2","NIWO_008.basePlot.bet","D13","NIWO","NIWO_008","W","2015-08-11","2015-08-25","2016-12-06","2016-11-16","5+aRVO2c2a7tyUr5BvACjB+qbPDvjaY/0ZUkz6TCFco=","NEON.BET.D13.000186","CARTAE","Carabus taedatus","species",,"Fabricius",,,,"s/lmw0PcTzR4Bmy/yhclYeu7XYLZW004","s/lmw0PcTzR4Bmy/yhclYeu7XYLZW004",
"88065b12-84df-4056-b3f9-ec25d16c93ad","NIWO_004.basePlot.bet","D13","NIWO","NIWO_004","E","2015-08-11","2015-08-25","2016-12-09","2016-11-15","aRw+8bWvW/wOIENap0etmTN6quaL25wv/wzFKtg1m+s=","NEON.BET.D13.000382","HARNIG","Harpalus nigritarsis","species",,"Sahlberg",,,,"XZoPj1u9UmznO7Lakic/e+h3MMLMvbQt","s/lmw0PcTzR4Bmy/yhclYeu7XYLZW004","right leg glued back on"
"21270a01-f654-4782-9bd8-9f67695194ca","NIWO_003.basePlot.bet","D13","NIWO","NIWO_003","N","2015-08-11","2015-08-25","2016-12-12","2016-11-15","ZRQ9gNwmgymIPtZS12an+6qoAGmVJNqkEElWBBTy1TY=","NEON.BET.D13.000470","AMAQUE","Amara quenseli quenseli","subspecies",,"Schonherr",,,,"XZoPj1u9UmznO7Lakic/e+h3MMLMvbQt","s/lmw0PcTzR4Bmy/yhclYeu7XYLZW004",
"befe73b2-eac3-446f-b549-d5bc41b5fce6","NIWO_003.basePlot.bet","D13","NIWO","NIWO_003","N","2015-08-11","2015-08-25","2016-12-12","2016-11-15","ZRQ9gNwmgymIPtZS12an+6qoAGmVJNqkEElWBBTy1TY=","NEON.BET.D13.000469","AMAQUE","Amara quenseli quenseli","subspecies",,"Schonherr",,,,"XZoPj1u9UmznO7Lakic/e+h3MMLMvbQt","s/lmw0PcTzR4Bmy/yhclYeu7XYLZW004",
"aef53007-85bf-4bf5-9a96-10fdc7ddd369","NIWO_007.basePlot.bet","D13","NIWO","NIWO_007","W","2015-08-11","2015-08-25","2016-12-06","2016-11-16","S04lt30Ahx8VQr1krxvtULtYxB+xWYlwo+t1Il2hRyo=","NEON.BET.D13.000152","CALADV","Calathus advena","species",,"LeConte",,,,"XZoPj1u9UmznO7Lakic/e+h3MMLMvbQt","s/lmw0PcTzR4Bmy/yhclYeu7XYLZW004",
"4d345fe5-1b16-4988-ac46-b3f34aac3963","NIWO_007.basePlot.bet","D13","NIWO","NIWO_007","W","2015-08-11","2015-08-25","2016-12-06","2016-11-16","S04lt30Ahx8VQr1krxvtULtYxB+xWYlwo+t1Il2hRyo=","NEON.BET.D13.000153","CALADV","Calathus advena","species",,"LeConte",,,,"XZoPj1u9UmznO7Lakic/e+h3MMLMvbQt","s/lmw0PcTzR4Bmy/yhclYeu7XYLZW004",
"bb6075af-45b8-4b18-9ecc-50e93724020d","NIWO_010.basePlot.bet","D13","NIWO","NIWO_010","W","2015-08-11","2015-08-25","2016-12-09","2016-11-16","SpCPEqaS8lRCWHMNC5CpgF52yCwy4+Xe0/oReMJ9DpQ=","NEON.BET.D13.000328","OTHE","Carabidae sp.","family",,"Latreille","D13.2015.MorphO",,,"s/lmw0PcTzR4Bmy/yhclYeu7XYLZW004","s/lmw0PcTzR4Bmy/yhclYeu7XYLZW004",
"c1d561c0-f25f-4028-b730-f81e653909d8","NIWO_007.basePlot.bet","D13","NIWO","NIWO_007","S","2015-08-11","2015-08-25","2016-12-09","2016-11-16","S04lt30Ahx9lCmMDYRy7y1q/fwLIGk1dzyKfHr0vUAo=","NEON.BET.D13.000325","OTHE","Carabidae sp.","family",,"Latreille","D13.2015.MorphO",,,"s/lmw0PcTzR4Bmy/yhclYeu7XYLZW004","s/lmw0PcTzR4Bmy/yhclYeu7XYLZW004",
"06d952d1-b178-4a30-9b11-7cafc0b30e96","NIWO_009.basePlot.bet","D13","NIWO","NIWO_009","S","2015-08-11","2015-08-25","2016-12-06","2016-11-17","ta53RQUlpj5UBMvJyahkRUPztUZPggvee1EYhlM4Eyw=","NEON.BET.D13.000154","CALADV","Calathus advena","species",,"LeConte",,,,"s/lmw0PcTzR4Bmy/yhclYeu7XYLZW004","s/lmw0PcTzR4Bmy/yhclYeu7XYLZW004",
"89badd95-2710-4ef3-a4b9-331eb9c3549c","NIWO_010.basePlot.bet","D13","NIWO","NIWO_010","S","2015-08-11","2015-08-25","2016-12-07","2016-11-17","SpCPEqaS8lSDVwpWIb8p3lVqAeWZErwinxgb7UM5UMc=","NEON.BET.D13.000248","CYMUNI1","Cymindis unicolor","species",,"Kirby",,,,"s/lmw0PcTzR4Bmy/yhclYeu7XYLZW004","s/lmw0PcTzR4Bmy/yhclYeu7XYLZW004",
"bd3b432d-4644-4775-a06b-a156da2edb72","NIWO_003.basePlot.bet","D13","NIWO","NIWO_003","E","2015-08-11","2015-08-25","2016-12-09","2016-11-15","ZRQ9gNwmgynu1ZgrUyHHaimSJ8GJMYJH2fs/FlcqTV4=","NEON.BET.D13.000354","AMAALP","Amara alpina","species",,"Paykull",,,,"XZoPj1u9UmznO7Lakic/e+h3MMLMvbQt","a/0SlN26fEuP6UaIdvPv8XTR4wP1QaRoaGwryJzzg3M=",
"8279bf5f-915a-4cab-9f3c-021130c61728","NIWO_003.basePlot.bet","D13","NIWO","NIWO_003","W","2015-08-11","2015-08-25","2016-12-12","2015-11-15","ZRQ9gNwmgylLFtb2kQGvQ092nlNNS25TuZfPArb3jXA=","NEON.BET.D13.000471","AMAQUE","Amara quenseli quenseli","subspecies",,"Schonherr",,,,"XZoPj1u9UmznO7Lakic/e+h3MMLMvbQt","s/lmw0PcTzR4Bmy/yhclYeu7XYLZW004",
"7c41d448-ff1e-468d-bdde-5fa6dfb33994","NIWO_006.basePlot.bet","D13","NIWO","NIWO_006","S","2015-08-11","2015-08-25","2016-12-06","2016-11-16","/HCA//l5a79xspR2rESkgDy0zGoUvTZbFcrw5KRjomM=","NEON.BET.D13.000182","CARTAE","Carabus taedatus","species",,"Fabricius",,,,"XZoPj1u9UmznO7Lakic/e+h3MMLMvbQt","s/lmw0PcTzR4Bmy/yhclYeu7XYLZW004",
"cf626cbb-cdb3-4e0a-b599-19d6b210c88c","NIWO_007.basePlot.bet","D13","NIWO","NIWO_007","N","2015-08-11","2015-08-25","2016-12-09","2016-11-16","S04lt30Ahx+hs4bQv521KLDeZuybxKW0Fr42hVa0jI0=","NEON.BET.D13.000324","OTHE","Carabidae sp.","family",,"Latreille","D13.2015.MorphO",,,"XZoPj1u9UmznO7Lakic/e+h3MMLMvbQt","s/lmw0PcTzR4Bmy/yhclYeu7XYLZW004",
"66fc5e1a-fa6c-47b8-9ca8-713e5572d025","NIWO_005.basePlot.bet","D13","NIWO","NIWO_005","N","2015-08-11","2015-08-25","2016-12-09","2016-11-16","06Y8b7qnWrtKMYVGHYy4+n0eCy8rKChOWoEGuE1FAK8=","NEON.BET.D13.000342","CALING","Calathus ingratus","species",,"Dejean",,,,"XZoPj1u9UmznO7Lakic/e+h3MMLMvbQt","s/lmw0PcTzR4Bmy/yhclYeu7XYLZW004",
"5c9cca8c-8bc1-4415-864f-8145cad3a309","NIWO_003.basePlot.bet","D13","NIWO","NIWO_003","N","2015-08-11","2015-08-25","2016-12-06","2016-11-15","ZRQ9gNwmgymIPtZS12an++y2V3yChezf4x4gZn2cUs0=","NEON.BET.D13.000178","CARTAE","Carabus taedatus","species",,"Fabricius",,,,"XZoPj1u9UmznO7Lakic/e+h3MMLMvbQt","s/lmw0PcTzR4Bmy/yhclYeu7XYLZW004",
"fee890e9-423f-44c9-b58e-eff0ab53daf0","NIWO_010.basePlot.bet","D13","NIWO","NIWO_010","N","2015-08-11","2015-08-25","2016-12-06","2016-11-17","SpCPEqaS8lRPG9/1jERgKROyX+dpylYYAtFRGbUZQKI=","NEON.BET.D13.000155","CALADV","Calathus advena","species",,"LeConte",,,,"s/lmw0PcTzR4Bmy/yhclYeu7XYLZW004","s/lmw0PcTzR4Bmy/yhclYeu7XYLZW004",
"ffc52e0e-1d1c-4039-8f23-886010aad19e","NIWO_002.basePlot.bet","D13","NIWO","NIWO_002","S","2015-08-11","2015-08-25","2016-12-09","2016-11-15","Yxxla30BRinFv45w6Vr3FxAgzAPLhvi7jfBpsEiym6k=","NEON.BET.D13.000320","OTHE","Carabidae sp.","family",,"Latreille","D13.2015.MorphO",,,"XZoPj1u9UmznO7Lakic/e+h3MMLMvbQt","s/lmw0PcTzR4Bmy/yhclYeu7XYLZW004",
"fb9c0ae1-8278-40dc-bcf0-e44e0e0bf892","NIWO_002.basePlot.bet","D13","NIWO","NIWO_002","N","2015-08-11","2015-08-25","2016-12-06","2016-11-15","Yxxla30BRilk/hATSF9Ypmsb776Kf+HQnRDYXhX0UfQ=","NEON.BET.D13.000147","CALADV","Calathus advena","species",,"LeConte",,,,"XZoPj1u9UmznO7Lakic/e+h3MMLMvbQt","s/lmw0PcTzR4Bmy/yhclYeu7XYLZW004",
"e99c18fc-2d17-4769-b167-c3ceff2bf9a0","NIWO_002.basePlot.bet","D13","NIWO","NIWO_002","S","2015-08-11","2015-08-25","2016-12-06","2016-11-15","Yxxla30BRinFv45w6Vr3F4exHARvNnmK4VNcoJybH+Q=","NEON.BET.D13.000177","CARTAE","Carabus taedatus","species",,"Fabricius",,,,"XZoPj1u9UmznO7Lakic/e+h3MMLMvbQt","s/lmw0PcTzR4Bmy/yhclYeu7XYLZW004",
"618f7af3-b25b-4f81-b3d6-2f6facd64e7e","NIWO_005.basePlot.bet","D13","NIWO","NIWO_005","N","2015-08-11","2015-08-25","2016-12-06","2016-11-16","06Y8b7qnWrtKMYVGHYy4+nrgmBnp9rCdokS4lb1m+Ec=","NEON.BET.D13.000150","CALADV","Calathus advena","species",,"LeConte",,,,"XZoPj1u9UmznO7Lakic/e+h3MMLMvbQt","s/lmw0PcTzR4Bmy/yhclYeu7XYLZW004",
"2489b11c-f35e-461d-b2ac-2640f47d343c","NIWO_005.basePlot.bet","D13","NIWO","NIWO_005","E","2015-08-11","2015-08-25","2016-12-09","2016-11-16","06Y8b7qnWrtrUXq6Cek0DDlPvOEeG9egy5g1ZxUjUCk=","NEON.BET.D13.000321","OTHE","Carabidae sp.","family",,"Latreille","D13.2015.MorphO",,,"s/lmw0PcTzR4Bmy/yhclYeu7XYLZW004","s/lmw0PcTzR4Bmy/yhclYeu7XYLZW004",
"6e770a43-6f0f-40a5-8e16-92b4eb2e52f5","NIWO_005.basePlot.bet","D13","NIWO","NIWO_005","N","2015-08-11","2015-08-25","2016-12-06","2016-11-16","06Y8b7qnWrtKMYVGHYy4+nrgmBnp9rCdokS4lb1m+Ec=","NEON.BET.D13.000151","CALADV","Calathus advena","species",,"LeConte",,,,"XZoPj1u9UmznO7Lakic/e+h3MMLMvbQt","s/lmw0PcTzR4Bmy/yhclYeu7XYLZW004",
"0eb05acc-53f8-43c7-9937-8ffb7d1e675c","NIWO_010.basePlot.bet","D13","NIWO","NIWO_010","N","2015-08-11","2015-08-25","2016-12-09","2016-11-17","SpCPEqaS8lRPG9/1jERgKZfvwkx0N2fKV29ns9yJmFQ=","NEON.BET.D13.000330","OTHE","Carabidae sp.","family",,"Latreille","D13.2015.MorphO",,,"s/lmw0PcTzR4Bmy/yhclYeu7XYLZW004","s/lmw0PcTzR4Bmy/yhclYeu7XYLZW004",
"c1c21cff-7526-46cd-8ebf-28f35a446e91","NIWO_003.basePlot.bet","D13","NIWO","NIWO_003","S","2015-08-11","2015-08-25","2016-12-12","2016-11-15","ZRQ9gNwmgykmJ0A4JTWHpAdsJtcNEjNsMO52ykxn20c=","NEON.BET.D13.000444","AMAQUE","Amara quenseli quenseli","subspecies",,"Schonherr",,,,"XZoPj1u9UmznO7Lakic/e+h3MMLMvbQt","a/0SlN26fEuP6UaIdvPv8XTR4wP1QaRoaGwryJzzg3M=",
"c443d726-49e6-4acc-b3dd-f63c3f7de1b4","NIWO_004.basePlot.bet","D13","NIWO","NIWO_004","E","2015-08-11","2015-08-25","2016-12-07","2016-11-15","aRw+8bWvW/wOIENap0etmb6Gltc8ri0iOiSJsQt25tY=","NEON.BET.D13.000242","CYMUNI1","Cymindis unicolor","species",,"Kirby",,,,"XZoPj1u9UmznO7Lakic/e+h3MMLMvbQt","s/lmw0PcTzR4Bmy/yhclYeu7XYLZW004","Left hind leg glued back on"
"6fa9af19-f658-4ff7-92fd-c08c5885903b","NIWO_008.basePlot.bet","D13","NIWO","NIWO_008","S","2015-08-11","2015-08-25","2016-12-07","2016-11-16","5+aRVO2c2a4fZXmRIIT3KVVu+qRqJRVw6iUnPuggprI=","NEON.BET.D13.000246","CYMUNI1","Cymindis unicolor","species",,"Kirby",,,,"XZoPj1u9UmznO7Lakic/e+h3MMLMvbQt","s/lmw0PcTzR4Bmy/yhclYeu7XYLZW004",
"f60547de-0baf-45f3-983c-f18f1313c9f8","NIWO_008.basePlot.bet","D13","NIWO","NIWO_008","S","2015-08-11","2015-08-25","2016-12-07","2016-11-16","5+aRVO2c2a4fZXmRIIT3KVVu+qRqJRVw6iUnPuggprI=","NEON.BET.D13.000247","CYMUNI1","Cymindis unicolor","species",,"Kirby",,,,"XZoPj1u9UmznO7Lakic/e+h3MMLMvbQt","s/lmw0PcTzR4Bmy/yhclYeu7XYLZW004",
"8c57268e-2b9f-4688-93bf-67801bee2afc","NIWO_005.basePlot.bet","D13","NIWO","NIWO_005","S","2015-08-11","2015-08-25","2016-12-12","2016-11-16","06Y8b7qnWrvNpkaT/gWkNvAJl2pMPfLohFxtj2zzqYs=","NEON.BET.D13.000466","DISPAR1","Discoderus parallelus","species",,"Haldeman",,,,"XZoPj1u9UmznO7Lakic/e+h3MMLMvbQt","s/lmw0PcTzR4Bmy/yhclYeu7XYLZW004",
"49a332af-92f9-4bd1-92b0-425f0c7dcac6","NIWO_005.basePlot.bet","D13","NIWO","NIWO_005","N","2015-08-11","2015-08-25","2016-12-07","2016-11-16","06Y8b7qnWrtKMYVGHYy4+r115OZ8DO+io7ZHWn1pgH0=","NEON.BET.D13.000245","CYMUNI1","Cymindis unicolor","species",,"Kirby",,,,"XZoPj1u9UmznO7Lakic/e+h3MMLMvbQt","s/lmw0PcTzR4Bmy/yhclYeu7XYLZW004",
"626d364f-448f-4720-90f8-14d1656b0b18","NIWO_010.basePlot.bet","D13","NIWO","NIWO_010","E","2015-08-11","2015-08-25","2016-12-09","2016-11-17","SpCPEqaS8lQwXJB9DO/O4ztauS7/QoD40Q0jLzHUm9I=","NEON.BET.D13.000331","OTHE","Carabidae sp.","family",,"Latreille","D13.2015.MorphO",,,"s/lmw0PcTzR4Bmy/yhclYeu7XYLZW004","s/lmw0PcTzR4Bmy/yhclYeu7XYLZW004",
"1fc843bc-5fa7-458e-b5aa-547a22d51fd6","NIWO_007.basePlot.bet","D13","NIWO","NIWO_007","W","2015-08-11","2015-08-25","2016-12-09","2016-11-16","S04lt30Ahx8VQr1krxvtUOoBW51Or//xwI37SoTKYcI=","NEON.BET.D13.000326","OTHE","Carabidae sp.","family",,"Latreille","D13.2015.MorphO",,,"XZoPj1u9UmznO7Lakic/e+h3MMLMvbQt","s/lmw0PcTzR4Bmy/yhclYeu7XYLZW004",
"00ffae3d-0535-41a9-84ab-34866ad7cf0f","NIWO_005.basePlot.bet","D13","NIWO","NIWO_005","S","2015-08-11","2015-08-25","2016-12-07","2016-11-16","06Y8b7qnWrvNpkaT/gWkNiL4w6+OclbM6r02HiDszU4=","NEON.BET.D13.000263","CYMBOR","Cymindis borealis","species",,"LeConte",,,,"XZoPj1u9UmznO7Lakic/e+h3MMLMvbQt","a/0SlN26fEuP6UaIdvPv8XTR4wP1QaRoaGwryJzzg3M=",
"9a8bbed5-6f27-4059-ae74-922c8a344c52","NIWO_005.basePlot.bet","D13","NIWO","NIWO_005","S","2015-08-11","2015-08-25","2016-12-07","2016-11-16","06Y8b7qnWrvNpkaT/gWkNiL4w6+OclbM6r02HiDszU4=","NEON.BET.D13.000264","CYMBOR","Cymindis borealis","species",,"LeConte",,,,"XZoPj1u9UmznO7Lakic/e+h3MMLMvbQt","a/0SlN26fEuP6UaIdvPv8XTR4wP1QaRoaGwryJzzg3M=",
"3f5cc830-fd9c-4ec6-942d-1f5807030491","NIWO_005.basePlot.bet","D13","NIWO","NIWO_005","N","2015-08-11","2015-08-25","2016-12-07","2016-11-16","06Y8b7qnWrtKMYVGHYy4+r115OZ8DO+io7ZHWn1pgH0=","NEON.BET.D13.000243","CYMUNI1","Cymindis unicolor","species",,"Kirby",,,,"XZoPj1u9UmznO7Lakic/e+h3MMLMvbQt","s/lmw0PcTzR4Bmy/yhclYeu7XYLZW004",
"c4f7df9b-ed2b-4829-88e9-729ecc3aa425","NIWO_005.basePlot.bet","D13","NIWO","NIWO_005","N","2015-08-11","2015-08-25","2016-12-07","2016-11-16","06Y8b7qnWrtKMYVGHYy4+r115OZ8DO+io7ZHWn1pgH0=","NEON.BET.D13.000244","CYMUNI1","Cymindis unicolor","species",,"Kirby",,,,"XZoPj1u9UmznO7Lakic/e+h3MMLMvbQt","s/lmw0PcTzR4Bmy/yhclYeu7XYLZW004",
"4e365444-8ed7-4a49-8243-53356ee776d3","NIWO_008.basePlot.bet","D13","NIWO","NIWO_008","E","2015-08-11","2015-08-25","2016-12-12","2016-11-16","5+aRVO2c2a7Ju/6v8LE/pP9mnHRrevra7YCMihzFLCQ=","NEON.BET.D13.000445","AMAQUE","Amara quenseli quenseli","subspecies",,"Schonherr",,,,"XZoPj1u9UmznO7Lakic/e+h3MMLMvbQt","a/0SlN26fEuP6UaIdvPv8XTR4wP1QaRoaGwryJzzg3M=",
"6c8a601a-f568-41fb-9998-e880f4bdd624","NIWO_004.basePlot.bet","D13","NIWO","NIWO_004","S","2015-08-11","2015-08-25","2016-12-09","2016-11-17","aRw+8bWvW/xPJ1WUnvg8OsaX8zjj3ijwL+7CHncgyI8=","NEON.BET.D13.000410","AMASIN","Amara sinuosa","species",,"Casey",,,,"XZoPj1u9UmznO7Lakic/e+h3MMLMvbQt","a/0SlN26fEuP6UaIdvPv8XTR4wP1QaRoaGwryJzzg3M=",
