uid,namedLocation,domainID,siteID,plotID,setDate,collectDate,processingDate,subsampleIDList,archiveVialID,scientificName,recordedBy,remarks
"6ae2ca69-ac77-41c4-83f7-15b79e915c9c","DSNY_034.basePlot.bet","D03","DSNY","DSNY_034","2016-04-19","2016-05-03","2016-05-11","hQVJPLsOMicVJEGjRiLfpa72BBWmgIKepIs4dyQooXOObsvi8/ePBtghqERHw0UE+Sax6ldFl+FfWD5TWSFO6kfPwmKOyaXOt3nhcPOWLmkQCHlsgEznwUEdrd8fdZ8UcxICek9ASY4=","hQVJPLsOMidk/0DelALLLW8TZoIgzPY0",,,
"acdef3ca-47c2-4db0-aedb-b9bfd6cdb281","DSNY_005.basePlot.bet","D03","DSNY","DSNY_005","2016-04-19","2016-05-03","2016-05-11","y7J40q9OwqKV3dogmWaBhrTF9e/QVRuCvdnyl41lKu2TJSrJd5FLaeU2r12EkNOiXWqQB56FZZXZJaCcv3E9mAijfUIhCUaWTLT+VokPlbgam7hVbHEsNpnCmpvfC2K6eSsvbRJs1zs=","y7J40q9OwqJZDOHDW5pdOKIJWGyRcTq2",,,
"898c7071-0b0f-4812-8aad-7fab492367c9","DSNY_004.basePlot.bet","D03","DSNY","DSNY_004","2016-04-19","2016-05-03","2016-05-04","x1o6KrZYU4f/rjBvj4E2PvpbumC1uUOhroL82RPTLAfGU7pQQ+PdaGt2V0xBhJRumtE1iOcjkoi9rGMLOlC5UlIZoa5NNZ3Hz9+cqE2vUPlr4va7iOnmc1FZCTa6cWKQLzzIp0JS6K0=","x1o6KrZYU4fLHiIsXnUJsliWjdDjDQEO",,,
"0e08831c-0763-4386-84ed-521716597a02","DSNY_001.basePlot.bet","D03","DSNY","DSNY_001","2016-04-19","2016-05-03","2016-05-17","bfz4aAWYKWXuMVQc4M20m3+31G5+wICMdvzwBBo7nZS+shYQ54UJnjm87EThm8sEEM2Lkgi8jD/NQJc3QZVzzIKRIV0vCXOSJoxHRpdRsy47XswZ5I04d8a51sDZwRCn2CQwAaDTYHQ=","bfz4aAWYKWVDJy/bMK1ssOxgV4/UfXcc",,,
"f16adc59-5c33-41bf-a206-671bdcc3a8aa","DSNY_010.basePlot.bet","D03","DSNY","DSNY_010","2016-04-19","2016-05-03","2016-05-17","oS3vHQLyTHnLIhBSl799xTVnFSzXGGaJrAtF7ime5VfYpWx7oXHmdE81oYGLQv3C89ysTmLjoVHgwb0UNNkrd0UpW5zbrJcZpGqoqnF7IgOjZCUZjicB0L21CzvI4e0vmaXjmvZZymo=","oS3vHQLyTHm2PT0cEFrJpp9wGGprTmKE",,,
"9c62b487-0921-4226-a8c4-97d084c8036e","DSNY_021.basePlot.bet","D03","DSNY","DSNY_021","2016-04-19","2016-05-03","2016-05-12","Erg6c3/ITQvhzszfNrK9vNBRAVqiL8QWwSC90248r0Lo8VaA4n6zEJ0k8madygNR81auoAntdMNomcn+rGMo9hE43cgbpb9ZqJR51LmOJuS5oyoZ9PY48fW9qAb+qplVL1Gu7Lzy1RE=","Erg6c3/ITQuRt25TxKMDfFu0SQdK2DfR",,,
"1f7a1d6d-d830-45b1-ad19-bd9e8734add8","DSNY_008.basePlot.bet","D03","DSNY","DSNY_008","2016-04-19","2016-05-03","2016-05-17","6sH74oxYjH0uvqUfaehiYO/zslK7WQ+ufytmjrUMXiiyAt6SQnLkg7aigaSD72DOPK1T9/bW5zemPxfbfP5K0fbYI4Rv9w3O1Ah63OWAgJArk51aqq9rSRM5p2EDEz1dqYPxYcxfxFA=","6sH74oxYjH2elP7chaOji+OIU4aQto05",,,
"aa7d71d4-81e1-4ceb-b4a8-67b8dada68d5","DSNY_013.basePlot.bet","D03","DSNY","DSNY_013","2016-04-19","2016-05-03","2016-05-17","RZJ4TLOkfTN7/JmquY42Fho/Gd46Hl3syFsm1mnIvNEiuNtouPQmIXPCXuJC3U/vq9hij1p27mw=","RZJ4TLOkfTPZ7CTiqpJOJCez7vkQOPsT",,,
"a75640cd-c1c5-47c9-8b85-a49c72262142","DSNY_016.basePlot.bet","D03","DSNY","DSNY_016","2016-04-19","2016-05-03","2016-05-11","d/dxr9yOJlM4hj4xqLUYOTJa8RUQpeaUxUM2LkY5HJeKljYntcttqTkqBWbpVjnmnUQwwrLTgKkkG8NzIiMTL0CP804ODl0LPN1NOu1o8dpj3nfW+MeCcC41fVqOl3zQ2gvfOC/lgcY=","d/dxr9yOJlNPu4cAlXXudReJ1UUJGIYt",,,
"a0b469d5-3da1-4789-bb49-f2ab995f2f47","DSNY_006.basePlot.bet","D03","DSNY","DSNY_006","2016-04-19","2016-05-03","2016-05-17","cXYD/hAdAd+8hDor/jBivGP6w0qB9LOXiEiBCXeg7qDw4OxAh62FmmsuCV10dp32fvYeCCu6Fc4JJzbH0E7VJzlyiBEb/16i/urjbnUq6zUsNLoBil58XgQSc+jhigMOCO8ZS0QqfJc=","cXYD/hAdAd82FLX/1YfkCD5QwmdKGmMN",,,
"6ef8723a-0938-4866-86a8-dcf6957a3754","DSNY_004.basePlot.bet","D03","DSNY","DSNY_004","2016-05-03","2016-05-17","2016-05-19","x1o6KrZYU4eyPqY1wPlmSlCzKC/wRug+EMaoDGDiMdz1lb6a57eo+/ZGQTz+QB2e0VNIKavzxcYtqKPuatzYTOa/dEMS9bkmsUJMPCzQq20=","x1o6KrZYU4dYNlyOOAEkl/oYbTM6EpQz",,,
"762bafee-b87c-4cc9-b115-80012bed79ab","DSNY_006.basePlot.bet","D03","DSNY","DSNY_006","2016-05-03","2016-05-17","2016-05-19","cXYD/hAdAd9fwSPJEU0ved9MXOLs86+BhCuRw0ER2lrVzqLY3rlFY/G+qNJwgfCliC5y6lvkLp/5IdIXY0X+k7VdTtQXiiUwp6z6FQZXFSQ=","cXYD/hAdAd/hI+ZtbQHYev0pMu1ZdX1R",,,
"c12b6ebb-4c0f-4bf7-bc57-bdab751ebb09","DSNY_005.basePlot.bet","D03","DSNY","DSNY_005","2016-05-03","2016-05-17","2016-05-19","y7J40q9OwqJn/zm81WuRz8KVyqhn4hSzRsv368yLnotjUOLi5Ey7MlUFJvKagqbAoUp8W8nwIb6s3buVbm7FwYev6bJF9mAkrcEvZMtrv5g=","y7J40q9OwqKX/5M6I4JQk6Bc+QuAPb7q",,,
"c4d8e0d4-3007-4b8b-85e6-806edd418ec0","DSNY_001.basePlot.bet","D03","DSNY","DSNY_001","2016-05-03","2016-05-17","2016-05-19","bfz4aAWYKWXhXRKcATkPqBtlt8aFMW4PNA3JqNaD39doXWwiAX0PBgDalD1vmKNhtLZsQfMHc/8K1AKGR2N+M0LqPoqMgKFP8G5G1nIGSx/NWFOrZcn3UwePQtsIh3mp6ToaZ5H7bRo=","bfz4aAWYKWUucgec8BMo2DRyHKSkWZHC",,,
"85e28b82-45ad-4953-82f2-817a9233cf57","DSNY_034.basePlot.bet","D03","DSNY","DSNY_034","2016-05-03","2016-05-17","2016-05-19","hQVJPLsOMicVJEGjRiLfpclqZW8wJVnuU+dxCeFKmJQQ3/n6dVa7E+JTSOQxD0m0km4gFiwfTmsAtQmh3EJ92L9DxWbJyVR/bKD2EWEjIIE=","hQVJPLsOMifw1UzuHy1v6wlAXiWnLeBV",,,
"7903bfc0-2a8d-4d98-8f08-bd680145b092","DSNY_016.basePlot.bet","D03","DSNY","DSNY_016","2016-05-03","2016-05-17","2016-05-18","d/dxr9yOJlOvizPSZYH9bhAR6awyVFh8hDfhZ7naCbMpL6pHZ9OitZHezXInt0aCUXa3ijGHRT/H86GhaCq5kvzFsZN7FhIRE63o+q0a+isBx5cpGoWyCStrRxTPhOhFJWTj/O+rIYE=","d/dxr9yOJlMcSVcdhhOLotIliUwt/AIb",,,
"49c0654a-571c-4704-a775-bc80d5f64ea4","DSNY_008.basePlot.bet","D03","DSNY","DSNY_008","2016-05-03","2016-05-17","2016-05-19","6sH74oxYjH2F5ODMN1R/ZG5RN3p0UOMPJjuupEdJH8sEXgFngLfFKpLxxy7R2dev6FXLT8qHleR4ndwTXXu+Ay8k/7p5wz4qysAkPLjej2hXmM+Ti+AgU+L7a6gBZZOnfW35bGrLeFY=","6sH74oxYjH2nplzEOqBDeV5Nu7ymtK1M",,,
"6f7a1df6-6f20-4f0b-88ff-77fd2c24893d","DSNY_010.basePlot.bet","D03","DSNY","DSNY_010","2016-05-03","2016-05-17","2016-05-19","oS3vHQLyTHnDK/kc386bs/9NvBZUjlsNc55vdOQ/fMNwoI7EEo85rzuy4NL8YWlONQ+soCLLznsOUYkhXRxrjas8DvidVeAYJbD9yPARX/sxVIIIVVEUIkuZcV2X8cD9NxNHyH+LwcM=","oS3vHQLyTHklaq/1A85ZgFI35Xfn/EI7",,,
"d727dd45-9a27-45d3-8a3c-6613d3f7111e","DSNY_021.basePlot.bet","D03","DSNY","DSNY_021","2016-05-03","2016-05-17","2016-05-19","Erg6c3/ITQslhJrzzYyewVDLNCYE+mb9AQ4djHo/eTGWaUELJj27wQ3ws7ginoTsbYBt9qcZAfk=","Erg6c3/ITQsOOShCzkOtaspqjUVHl8OR",,,
